2023-04-06, 00:00:03, 132.5, 52.0, 19.0, 25.75, 9999.0, 1.25, 1.5, 19.75, 9999.0, 9999.0, 9999.0, 121.25, 124.25, 120.25, 104.0, 135.25
2023-04-06, 00:00:07, 132.5, 52.0, 19.0, 25.75, 9999.0, 1.25, 1.5, 19.75, 9999.0, 9999.0, 9999.0, 121.0, 124.25, 120.25, 104.0, 135.25
2023-04-06, 00:00:11, 132.5, 52.0, 19.0, 26.0, 9999.0, 1.25, 1.5, 19.75, 9999.0, 9999.0, 9999.0, 121.0, 124.25, 120.25, 104.0, 135.25
2023-04-06, 00:00:15, 132.5, 52.0, 19.0, 25.75, 9999.0, 1.25, 1.5, 19.75, 9999.0, 9999.0, 9999.0, 121.0, 124.25, 120.25, 104.0, 135.25
2023-04-06, 00:00:19, 132.5, 52.0, 19.0, 25.75, 9999.0, 1.25, 1.5, 19.75, 9999.0, 9999.0, 9999.0, 121.0, 124.5, 120.25, 104.0, 135.25
2023-04-06, 00:00:23, 132.5, 52.0, 19.0, 26.0, 9999.0, 1.25, 1.5, 19.75, 9999.0, 9999.0, 9999.0, 121.0, 124.5, 120.25, 104.0, 135.25
2023-04-06, 00:00:27, 132.5, 52.0, 19.0, 26.0, 9999.0, 1.25, 1.5, 19.5, 9999.0, 9999.0, 9999.0, 121.0, 124.5, 120.25, 104.0, 135.25
2023-04-06, 00:00:48, 132.5, 52.0, 19.0, 26.0, 9999.0, 1.25, 1.5, 19.5, 9999.0, 9999.0, 9999.0, 121.0, 124.5, 120.25, 104.0, 135.25
2023-04-06, 00:00:49, 132.5, 52.0, 19.0, 26.0, 9999.0, 1.25, 1.5, 19.75, 9999.0, 9999.0, 9999.0, 121.0, 124.5, 120.25, 104.0, 135.25
2023-04-06, 00:00:50, 132.75, 52.0, 19.0, 26.0, 9999.0, 1.25, 1.5, 19.75, 9999.0, 9999.0, 9999.0, 120.75, 124.25, 120.25, 104.0, 135.25
2023-04-06, 00:00:51, 132.5, 52.0, 19.0, 26.0, 9999.0, 1.25, 1.5, 19.75, 9999.0, 9999.0, 9999.0, 120.75, 124.5, 120.25, 104.0, 135.25
2023-04-06, 00:00:52, 132.5, 52.0, 19.0, 26.0, 9999.0, 1.0, 1.5, 19.5, 9999.0, 9999.0, 9999.0, 120.75, 124.5, 120.25, 104.0, 135.25
2023-04-06, 00:00:53, 132.5, 52.0, 19.0, 26.0, 9999.0, 1.0, 1.5, 19.5, 9999.0, 9999.0, 9999.0, 120.75, 124.25, 120.25, 104.0, 135.25
2023-04-06, 00:00:56, 132.5, 52.0, 19.0, 26.0, 9999.0, 1.25, 1.5, 19.75, 9999.0, 9999.0, 9999.0, 120.75, 124.25, 120.25, 103.75, 135.25
2023-04-06, 00:00:59, 132.5, 52.0, 19.0, 26.0, 9999.0, 1.25, 1.5, 19.75, 9999.0, 9999.0, 9999.0, 120.5, 124.25, 120.25, 104.0, 135.25
2023-04-06, 00:01:03, 132.5, 52.0, 19.0, 26.0, 9999.0, 1.25, 1.5, 19.75, 9999.0, 9999.0, 9999.0, 120.5, 124.25, 120.25, 104.0, 135.25
2023-04-06, 00:01:07, 132.5, 52.0, 19.25, 26.0, 9999.0, 1.5, 1.5, 19.75, 9999.0, 9999.0, 9999.0, 120.5, 124.25, 120.25, 104.0, 135.25
2023-04-06, 00:01:11, 132.5, 52.0, 19.0, 26.0, 9999.0, 1.5, 1.5, 19.75, 9999.0, 9999.0, 9999.0, 121.25, 124.25, 120.25, 104.0, 135.25
2023-04-06, 00:01:15, 132.5, 52.0, 19.0, 26.0, 9999.0, 1.5, 1.5, 19.75, 9999.0, 9999.0, 9999.0, 121.25, 124.25, 120.25, 104.0, 135.25
2023-04-06, 00:01:19, 132.5, 52.0, 19.0, 26.0, 9999.0, 1.25, 1.5, 19.5, 9999.0, 9999.0, 9999.0, 121.25, 124.25, 120.25, 104.0, 135.25
2023-04-06, 00:01:23, 132.5, 52.0, 19.0, 26.0, 9999.0, 1.25, 1.5, 19.75, 9999.0, 9999.0, 9999.0, 121.0, 124.25, 120.25, 104.0, 135.25
2023-04-06, 00:01:27, 132.5, 52.0, 19.0, 26.0, 9999.0, 1.25, 1.5, 19.75, 9999.0, 9999.0, 9999.0, 121.0, 124.25, 120.25, 104.0, 135.25
2023-04-06, 00:01:31, 132.5, 52.0, 19.0, 26.0, 9999.0, 1.25, 1.5, 19.5, 9999.0, 9999.0, 9999.0, 121.0, 124.25, 120.25, 104.0, 135.25
2023-04-06, 00:01:35, 132.5, 52.0, 19.0, 26.0, 9999.0, 1.25, 1.5, 19.5, 9999.0, 9999.0, 9999.0, 121.0, 124.25, 120.25, 104.0, 135.25
2023-04-06, 00:01:39, 132.5, 52.0, 19.0, 26.0, 9999.0, 1.25, 1.5, 19.5, 9999.0, 9999.0, 9999.0, 121.0, 124.5, 120.25, 104.0, 135.25
2023-04-06, 00:01:43, 132.5, 52.0, 19.0, 26.0, 9999.0, 1.25, 1.5, 19.5, 9999.0, 9999.0, 9999.0, 121.0, 124.5, 120.25, 104.0, 135.25
2023-04-06, 00:01:47, 132.5, 52.0, 19.0, 26.25, 9999.0, 1.25, 1.5, 19.5, 9999.0, 9999.0, 9999.0, 121.0, 124.5, 120.25, 104.0, 135.25
2023-04-06, 00:01:51, 132.5, 52.0, 19.0, 26.25, 9999.0, 1.25, 1.5, 19.5, 9999.0, 9999.0, 9999.0, 120.75, 124.5, 120.25, 104.0, 135.25
2023-04-06, 00:01:55, 132.5, 52.0, 19.0, 26.0, 9999.0, 1.0, 1.5, 19.5, 9999.0, 9999.0, 9999.0, 120.75, 124.5, 120.25, 104.0, 135.25
2023-04-06, 00:01:59, 132.5, 52.0, 19.0, 25.75, 9999.0, 1.25, 1.5, 19.75, 9999.0, 9999.0, 9999.0, 120.75, 124.5, 120.25, 104.0, 135.25
2023-04-06, 00:02:03, 132.5, 52.0, 19.0, 25.75, 9999.0, 1.0, 1.25, 19.5, 9999.0, 9999.0, 9999.0, 120.75, 124.5, 120.25, 104.0, 135.25
2023-04-06, 00:02:07, 132.5, 52.0, 19.0, 26.0, 9999.0, 1.0, 1.5, 19.5, 9999.0, 9999.0, 9999.0, 120.75, 124.25, 120.25, 104.0, 135.25
2023-04-06, 00:02:11, 132.5, 52.0, 19.0, 26.0, 9999.0, 1.0, 1.25, 19.5, 9999.0, 9999.0, 9999.0, 120.75, 124.25, 120.25, 103.75, 135.25
2023-04-06, 00:02:15, 132.5, 52.0, 19.0, 26.0, 9999.0, 1.25, 1.5, 19.75, 9999.0, 9999.0, 9999.0, 120.5, 124.5, 120.25, 104.0, 135.25
2023-04-06, 00:02:19, 132.5, 52.0, 19.0, 26.0, 9999.0, 1.25, 1.25, 19.5, 9999.0, 9999.0, 9999.0, 120.5, 124.25, 120.25, 104.0, 135.25
2023-04-06, 00:02:23, 132.5, 52.0, 19.0, 26.0, 9999.0, 1.5, 1.5, 19.75, 9999.0, 9999.0, 9999.0, 120.5, 124.25, 120.25, 104.0, 135.25
2023-04-06, 00:02:27, 132.5, 52.0, 19.0, 25.75, 9999.0, 1.5, 1.5, 19.5, 9999.0, 9999.0, 9999.0, 120.5, 124.25, 120.25, 104.0, 135.25
2023-04-06, 00:02:31, 132.5, 52.0, 19.0, 26.0, 9999.0, 1.5, 1.5, 19.5, 9999.0, 9999.0, 9999.0, 121.25, 124.25, 120.25, 104.0, 135.25
2023-04-06, 00:02:35, 132.5, 52.0, 19.0, 26.0, 9999.0, 1.25, 1.5, 19.5, 9999.0, 9999.0, 9999.0, 121.25, 124.25, 120.25, 104.0, 135.25
2023-04-06, 00:02:39, 132.5, 52.0, 19.0, 26.0, 9999.0, 1.25, 1.5, 19.5, 9999.0, 9999.0, 9999.0, 121.25, 124.25, 120.25, 104.0, 135.25
2023-04-06, 00:02:43, 132.5, 52.0, 19.0, 26.0, 9999.0, 1.25, 1.5, 19.5, 9999.0, 9999.0, 9999.0, 121.0, 124.25, 120.25, 104.0, 135.25
2023-04-06, 00:02:47, 132.5, 52.0, 19.0, 26.0, 9999.0, 1.25, 1.5, 19.5, 9999.0, 9999.0, 9999.0, 121.0, 124.25, 120.25, 104.0, 135.25
2023-04-06, 00:02:51, 132.5, 52.0, 19.0, 26.0, 9999.0, 1.25, 1.5, 19.5, 9999.0, 9999.0, 9999.0, 121.0, 124.25, 120.25, 103.75, 135.25
2023-04-06, 00:02:56, 132.5, 52.0, 19.0, 26.0, 9999.0, 1.25, 1.5, 19.5, 9999.0, 9999.0, 9999.0, 121.0, 124.25, 120.25, 103.75, 135.25
2023-04-06, 00:03:00, 132.5, 52.0, 19.0, 26.0, 9999.0, 1.25, 1.5, 19.5, 9999.0, 9999.0, 9999.0, 121.0, 124.5, 120.25, 104.0, 135.25
2023-04-06, 00:03:04, 132.5, 52.0, 18.75, 26.0, 9999.0, 1.25, 1.5, 19.5, 9999.0, 9999.0, 9999.0, 121.0, 124.5, 120.25, 103.75, 135.25
2023-04-06, 00:03:08, 132.5, 52.0, 19.0, 26.0, 9999.0, 1.0, 1.5, 19.5, 9999.0, 9999.0, 9999.0, 120.75, 124.5, 120.25, 103.75, 135.25
2023-04-06, 00:03:12, 132.5, 52.0, 19.0, 26.0, 9999.0, 1.0, 1.5, 19.5, 9999.0, 9999.0, 9999.0, 120.75, 124.25, 120.25, 103.75, 135.25
2023-04-06, 00:03:16, 132.5, 52.0, 19.0, 26.0, 9999.0, 1.0, 1.5, 19.5, 9999.0, 9999.0, 9999.0, 120.75, 124.25, 120.25, 103.75, 135.25
2023-04-06, 00:03:20, 132.5, 52.0, 19.0, 25.75, 9999.0, 1.0, 1.5, 19.5, 9999.0, 9999.0, 9999.0, 120.75, 124.25, 120.25, 103.75, 135.25
2023-04-06, 00:03:24, 132.5, 52.0, 19.0, 25.75, 9999.0, 1.0, 1.25, 19.5, 9999.0, 9999.0, 9999.0, 120.75, 124.25, 120.25, 103.75, 135.25
2023-04-06, 00:03:28, 132.5, 52.0, 19.0, 26.0, 9999.0, 1.0, 1.25, 19.5, 9999.0, 9999.0, 9999.0, 120.5, 124.25, 120.25, 103.75, 135.25
2023-04-06, 00:03:32, 132.5, 52.0, 19.0, 26.0, 9999.0, 1.25, 1.25, 19.5, 9999.0, 9999.0, 9999.0, 120.5, 124.25, 120.25, 103.75, 135.25
2023-04-06, 00:03:36, 132.5, 51.75, 19.0, 26.0, 9999.0, 1.25, 1.25, 19.5, 9999.0, 9999.0, 9999.0, 120.5, 124.25, 120.25, 103.75, 135.0
2023-04-06, 00:03:40, 132.5, 51.75, 19.0, 26.0, 9999.0, 1.25, 1.25, 19.5, 9999.0, 9999.0, 9999.0, 120.5, 124.25, 120.25, 103.75, 135.25
2023-04-06, 00:03:44, 132.5, 51.75, 19.0, 26.0, 9999.0, 1.25, 1.5, 19.5, 9999.0, 9999.0, 9999.0, 120.5, 124.25, 120.25, 103.75, 135.25
2023-04-06, 00:03:48, 132.5, 52.0, 19.0, 26.0, 9999.0, 1.25, 1.25, 19.5, 9999.0, 9999.0, 9999.0, 121.25, 124.25, 120.25, 103.75, 135.25
2023-04-06, 00:03:52, 132.5, 52.0, 19.0, 26.0, 9999.0, 1.25, 1.25, 19.5, 9999.0, 9999.0, 9999.0, 121.25, 124.25, 120.25, 103.75, 135.25
2023-04-06, 00:03:56, 132.5, 52.0, 19.0, 26.0, 9999.0, 1.25, 1.25, 19.5, 9999.0, 9999.0, 9999.0, 121.0, 124.25, 120.25, 103.75, 135.25
2023-04-06, 00:04:00, 132.5, 52.0, 19.0, 26.0, 9999.0, 1.25, 1.25, 19.5, 9999.0, 9999.0, 9999.0, 121.0, 124.0, 120.25, 103.75, 135.25
2023-04-06, 00:04:04, 132.5, 52.0, 19.0, 26.0, 9999.0, 1.25, 1.5, 19.5, 9999.0, 9999.0, 9999.0, 121.0, 124.25, 120.25, 103.75, 135.25
2023-04-06, 00:04:08, 132.5, 52.0, 19.0, 26.0, 9999.0, 1.25, 1.5, 19.5, 9999.0, 9999.0, 9999.0, 121.0, 124.0, 120.25, 103.75, 135.25
2023-04-06, 00:04:12, 132.5, 52.0, 19.0, 26.0, 9999.0, 1.25, 1.5, 19.5, 9999.0, 9999.0, 9999.0, 120.75, 124.25, 120.25, 103.75, 135.25
2023-04-06, 00:04:16, 132.5, 52.0, 19.0, 26.0, 9999.0, 1.25, 1.25, 19.5, 9999.0, 9999.0, 9999.0, 120.75, 124.0, 120.25, 103.75, 135.0
2023-04-06, 00:04:20, 132.5, 52.0, 19.0, 26.0, 9999.0, 1.0, 1.25, 19.5, 9999.0, 9999.0, 9999.0, 121.0, 124.25, 120.25, 103.75, 135.25
2023-04-06, 00:04:24, 132.5, 52.0, 18.75, 26.0, 9999.0, 1.0, 1.25, 19.5, 9999.0, 9999.0, 9999.0, 120.75, 124.25, 120.25, 103.75, 135.25
2023-04-06, 00:04:28, 132.5, 52.0, 18.75, 26.25, 9999.0, 1.0, 1.5, 19.5, 9999.0, 9999.0, 9999.0, 120.75, 124.25, 120.25, 103.75, 135.25
2023-04-06, 00:04:32, 132.25, 52.0, 19.0, 26.0, 9999.0, 1.0, 1.25, 19.5, 9999.0, 9999.0, 9999.0, 120.75, 124.25, 120.25, 103.75, 135.0
2023-04-06, 00:04:36, 132.5, 51.75, 19.0, 26.0, 9999.0, 1.0, 1.25, 19.5, 9999.0, 9999.0, 9999.0, 120.75, 124.25, 120.25, 103.75, 135.25
2023-04-06, 00:04:40, 132.5, 52.0, 19.0, 26.0, 9999.0, 1.0, 1.25, 19.5, 9999.0, 9999.0, 9999.0, 120.75, 124.25, 120.25, 103.75, 135.25
2023-04-06, 00:04:44, 132.5, 52.0, 19.0, 25.75, 9999.0, 1.0, 1.25, 19.5, 9999.0, 9999.0, 9999.0, 120.5, 124.25, 120.25, 103.75, 135.25
2023-04-06, 00:04:48, 132.5, 52.0, 19.0, 25.75, 9999.0, 1.0, 1.25, 19.5, 9999.0, 9999.0, 9999.0, 120.5, 124.25, 120.25, 103.75, 135.25
2023-04-06, 00:04:52, 132.25, 51.75, 19.0, 26.0, 9999.0, 1.25, 1.25, 19.5, 9999.0, 9999.0, 9999.0, 120.5, 124.25, 120.25, 103.75, 135.25
2023-04-06, 00:04:56, 132.5, 52.0, 19.0, 26.0, 9999.0, 1.0, 1.25, 19.5, 9999.0, 9999.0, 9999.0, 120.5, 124.25, 120.25, 103.75, 135.25
2023-04-06, 00:05:00, 132.5, 51.75, 19.0, 26.0, 9999.0, 1.25, 1.25, 19.5, 9999.0, 9999.0, 9999.0, 120.5, 124.25, 120.25, 103.75, 135.0
2023-04-06, 00:05:04, 132.25, 51.75, 19.0, 25.75, 9999.0, 1.25, 1.25, 19.5, 9999.0, 9999.0, 9999.0, 120.5, 124.25, 120.25, 103.75, 135.0
2023-04-06, 00:05:08, 132.25, 51.75, 19.0, 25.75, 9999.0, 1.25, 1.25, 19.5, 9999.0, 9999.0, 9999.0, 121.25, 124.25, 120.25, 103.75, 135.25
2023-04-06, 00:05:12, 132.25, 51.75, 19.0, 26.0, 9999.0, 1.25, 1.25, 19.5, 9999.0, 9999.0, 9999.0, 121.0, 124.0, 120.25, 103.5, 135.0
2023-04-06, 00:05:16, 132.5, 51.75, 19.0, 26.0, 9999.0, 1.25, 1.25, 19.5, 9999.0, 9999.0, 9999.0, 121.0, 124.0, 120.25, 103.75, 135.25
2023-04-06, 00:05:20, 132.25, 51.75, 18.75, 26.0, 9999.0, 1.25, 1.25, 19.5, 9999.0, 9999.0, 9999.0, 121.0, 124.0, 120.25, 103.75, 135.0
2023-04-06, 00:05:24, 132.25, 51.75, 19.0, 25.75, 9999.0, 1.25, 1.25, 19.5, 9999.0, 9999.0, 9999.0, 121.0, 124.0, 120.25, 103.75, 135.0
2023-04-06, 00:05:28, 132.25, 51.75, 19.0, 25.75, 9999.0, 1.0, 1.25, 19.5, 9999.0, 9999.0, 9999.0, 120.75, 124.0, 120.25, 103.75, 135.0
2023-04-06, 00:05:32, 132.25, 52.0, 18.75, 26.0, 9999.0, 1.0, 1.25, 19.5, 9999.0, 9999.0, 9999.0, 120.75, 124.0, 120.25, 103.75, 135.0
2023-04-06, 00:05:36, 132.25, 51.75, 19.0, 26.0, 9999.0, 1.0, 1.25, 19.5, 9999.0, 9999.0, 9999.0, 120.75, 124.0, 120.25, 103.75, 135.0
2023-04-06, 00:05:40, 132.25, 51.75, 18.75, 26.0, 9999.0, 1.0, 1.25, 19.5, 9999.0, 9999.0, 9999.0, 120.75, 124.25, 120.25, 103.75, 135.0
2023-04-06, 00:05:44, 132.25, 51.75, 19.0, 26.0, 9999.0, 1.0, 1.25, 19.5, 9999.0, 9999.0, 9999.0, 120.75, 124.25, 120.25, 103.75, 135.0
2023-04-06, 00:05:48, 132.25, 51.75, 19.0, 26.0, 9999.0, 1.0, 1.25, 19.5, 9999.0, 9999.0, 9999.0, 120.75, 124.25, 120.25, 103.75, 135.0
2023-04-06, 00:05:52, 132.25, 51.75, 19.0, 26.0, 9999.0, 1.0, 1.25, 19.5, 9999.0, 9999.0, 9999.0, 120.75, 124.25, 120.25, 103.75, 135.25
2023-04-06, 00:05:56, 132.25, 51.75, 19.0, 26.0, 9999.0, 1.0, 1.25, 19.5, 9999.0, 9999.0, 9999.0, 120.5, 124.25, 120.25, 103.75, 135.0
2023-04-06, 00:06:00, 132.25, 51.75, 19.0, 26.0, 9999.0, 1.0, 1.25, 19.5, 9999.0, 9999.0, 9999.0, 120.5, 124.25, 120.25, 103.75, 135.0
2023-04-06, 00:06:04, 132.25, 51.75, 18.75, 25.75, 9999.0, 1.0, 1.25, 19.5, 9999.0, 9999.0, 9999.0, 120.5, 124.25, 120.25, 103.75, 135.0
2023-04-06, 00:06:08, 132.25, 51.75, 18.75, 25.75, 9999.0, 0.75, 1.25, 19.5, 9999.0, 9999.0, 9999.0, 120.5, 124.25, 120.25, 103.75, 135.0
2023-04-06, 00:06:12, 132.25, 51.75, 18.75, 25.75, 9999.0, 1.0, 1.25, 19.5, 9999.0, 9999.0, 9999.0, 120.5, 124.25, 120.25, 103.75, 135.25
2023-04-06, 00:06:16, 132.25, 51.75, 18.75, 25.75, 9999.0, 1.0, 1.25, 19.5, 9999.0, 9999.0, 9999.0, 120.25, 124.25, 120.25, 103.75, 135.0
2023-04-06, 00:06:20, 132.25, 51.75, 18.75, 25.75, 9999.0, 1.25, 1.25, 19.5, 9999.0, 9999.0, 9999.0, 120.25, 124.25, 120.25, 103.75, 135.0
2023-04-06, 00:06:24, 132.25, 51.75, 18.75, 25.75, 9999.0, 1.25, 1.25, 19.5, 9999.0, 9999.0, 9999.0, 120.25, 124.25, 120.25, 103.75, 135.0
2023-04-06, 00:06:28, 132.25, 51.75, 19.0, 25.75, 9999.0, 1.25, 1.25, 19.5, 9999.0, 9999.0, 9999.0, 121.25, 124.25, 120.25, 103.75, 135.0
2023-04-06, 00:06:32, 132.25, 51.75, 18.75, 26.0, 9999.0, 1.25, 1.25, 19.5, 9999.0, 9999.0, 9999.0, 121.0, 124.25, 120.25, 103.75, 135.0
2023-04-06, 00:06:36, 132.25, 51.75, 19.0, 26.0, 9999.0, 1.25, 1.25, 19.5, 9999.0, 9999.0, 9999.0, 121.0, 124.0, 120.25, 103.75, 135.0
2023-04-06, 00:06:40, 132.25, 51.75, 19.0, 26.0, 9999.0, 1.0, 1.25, 19.5, 9999.0, 9999.0, 9999.0, 121.0, 124.25, 120.25, 103.75, 135.0
2023-04-06, 00:06:44, 132.25, 51.75, 19.0, 26.0, 9999.0, 1.0, 1.25, 19.5, 9999.0, 9999.0, 9999.0, 121.0, 124.25, 120.25, 103.75, 135.0
2023-04-06, 00:06:48, 132.25, 51.75, 19.0, 26.0, 9999.0, 1.0, 1.25, 19.5, 9999.0, 9999.0, 9999.0, 120.75, 124.0, 120.25, 103.75, 135.0
2023-04-06, 00:06:52, 132.25, 51.75, 18.75, 26.0, 9999.0, 1.0, 1.25, 19.5, 9999.0, 9999.0, 9999.0, 120.75, 124.0, 120.25, 103.75, 135.0
2023-04-06, 00:06:56, 132.25, 51.75, 19.0, 26.0, 9999.0, 1.0, 1.25, 19.25, 9999.0, 9999.0, 9999.0, 120.75, 124.25, 120.25, 103.75, 135.0
2023-04-06, 00:07:00, 132.25, 51.75, 18.75, 26.0, 9999.0, 1.0, 1.25, 19.5, 9999.0, 9999.0, 9999.0, 120.75, 124.25, 120.25, 103.75, 135.0
2023-04-06, 00:07:04, 132.25, 51.75, 18.75, 26.0, 9999.0, 1.0, 1.25, 19.5, 9999.0, 9999.0, 9999.0, 120.75, 124.25, 120.25, 103.75, 135.0
2023-04-06, 00:07:08, 132.25, 51.75, 18.75, 26.0, 9999.0, 1.0, 1.25, 19.5, 9999.0, 9999.0, 9999.0, 120.75, 124.25, 120.25, 103.75, 135.0
2023-04-06, 00:07:12, 132.25, 51.75, 18.75, 25.75, 9999.0, 1.0, 1.25, 19.5, 9999.0, 9999.0, 9999.0, 120.75, 124.25, 120.25, 103.75, 135.25
2023-04-06, 00:07:16, 132.25, 51.75, 18.75, 26.0, 9999.0, 1.0, 1.25, 19.5, 9999.0, 9999.0, 9999.0, 120.75, 124.25, 120.25, 103.75, 135.0
2023-04-06, 00:07:21, 132.25, 51.75, 18.75, 26.0, 9999.0, 0.75, 1.25, 19.25, 9999.0, 9999.0, 9999.0, 120.5, 124.25, 120.25, 103.75, 135.0
2023-04-06, 00:07:25, 132.25, 51.75, 18.75, 26.0, 9999.0, 0.75, 1.25, 19.5, 9999.0, 9999.0, 9999.0, 120.5, 124.25, 120.25, 103.75, 135.0
2023-04-06, 00:07:29, 132.25, 51.75, 19.0, 26.0, 9999.0, 0.75, 1.25, 19.5, 9999.0, 9999.0, 9999.0, 120.5, 124.25, 120.25, 103.75, 135.0
2023-04-06, 00:07:33, 132.25, 51.75, 19.0, 26.0, 9999.0, 1.0, 1.25, 19.25, 9999.0, 9999.0, 9999.0, 120.25, 124.25, 120.25, 103.75, 135.0
2023-04-06, 00:07:37, 132.25, 51.75, 19.0, 26.0, 9999.0, 1.0, 1.25, 19.5, 9999.0, 9999.0, 9999.0, 120.25, 124.25, 120.25, 103.75, 135.0
2023-04-06, 00:07:41, 132.25, 51.75, 19.0, 26.0, 9999.0, 1.25, 1.25, 19.25, 9999.0, 9999.0, 9999.0, 120.25, 124.0, 120.25, 103.75, 135.0
2023-04-06, 00:07:45, 132.25, 51.75, 18.75, 26.0, 9999.0, 1.25, 1.25, 19.25, 9999.0, 9999.0, 9999.0, 120.25, 124.25, 120.25, 103.75, 135.0
2023-04-06, 00:07:49, 132.25, 51.75, 19.0, 26.0, 9999.0, 1.25, 1.25, 19.25, 9999.0, 9999.0, 9999.0, 121.0, 124.0, 120.25, 103.75, 135.0
2023-04-06, 00:07:53, 132.25, 51.75, 18.75, 26.0, 9999.0, 1.25, 1.25, 19.5, 9999.0, 9999.0, 9999.0, 121.0, 124.25, 120.25, 103.75, 135.0
2023-04-06, 00:07:57, 132.25, 51.75, 18.75, 26.0, 9999.0, 1.25, 1.25, 19.5, 9999.0, 9999.0, 9999.0, 121.0, 124.0, 120.25, 103.75, 135.0
2023-04-06, 00:08:01, 132.25, 51.75, 19.0, 26.0, 9999.0, 1.25, 1.25, 19.5, 9999.0, 9999.0, 9999.0, 121.0, 124.25, 120.25, 103.75, 135.0
2023-04-06, 00:08:05, 132.25, 51.75, 19.0, 26.0, 9999.0, 1.0, 1.25, 19.25, 9999.0, 9999.0, 9999.0, 120.75, 124.0, 120.25, 103.75, 135.0
2023-04-06, 00:08:09, 132.25, 51.75, 19.0, 26.0, 9999.0, 1.0, 1.25, 19.5, 9999.0, 9999.0, 9999.0, 120.75, 124.0, 120.25, 103.75, 135.0
2023-04-06, 00:08:13, 132.25, 51.75, 19.0, 26.0, 9999.0, 1.0, 1.25, 19.5, 9999.0, 9999.0, 9999.0, 120.75, 124.0, 120.25, 103.75, 135.0
2023-04-06, 00:08:17, 132.25, 51.75, 19.0, 26.0, 9999.0, 1.0, 1.25, 19.5, 9999.0, 9999.0, 9999.0, 120.75, 124.25, 120.25, 103.75, 135.0
2023-04-06, 00:08:21, 132.25, 51.75, 19.0, 26.0, 9999.0, 1.0, 1.25, 19.5, 9999.0, 9999.0, 9999.0, 120.75, 124.25, 120.25, 103.75, 135.0
2023-04-06, 00:08:25, 132.25, 51.75, 19.0, 26.0, 9999.0, 1.0, 1.25, 19.5, 9999.0, 9999.0, 9999.0, 120.75, 124.25, 120.25, 103.75, 135.0
2023-04-06, 00:08:29, 132.25, 51.75, 18.75, 26.0, 9999.0, 1.0, 1.25, 19.5, 9999.0, 9999.0, 9999.0, 120.75, 124.25, 120.25, 103.75, 135.0
2023-04-06, 00:08:33, 132.25, 51.75, 18.75, 26.0, 9999.0, 1.0, 1.25, 19.5, 9999.0, 9999.0, 9999.0, 120.75, 124.25, 120.25, 103.75, 135.0
2023-04-06, 00:08:37, 132.25, 51.75, 19.0, 26.0, 9999.0, 1.0, 1.25, 19.5, 9999.0, 9999.0, 9999.0, 120.5, 124.25, 120.25, 103.75, 135.0
2023-04-06, 00:08:41, 132.25, 51.75, 18.75, 26.0, 9999.0, 1.0, 1.25, 19.5, 9999.0, 9999.0, 9999.0, 120.5, 124.25, 120.25, 103.75, 135.0
2023-04-06, 00:08:45, 132.25, 51.75, 19.0, 26.0, 9999.0, 1.0, 1.25, 19.5, 9999.0, 9999.0, 9999.0, 120.5, 124.25, 120.25, 103.75, 135.0
2023-04-06, 00:08:49, 132.25, 51.75, 18.75, 25.75, 9999.0, 0.75, 1.25, 19.5, 9999.0, 9999.0, 9999.0, 120.5, 124.25, 120.25, 104.0, 135.0
2023-04-06, 00:08:53, 132.25, 51.75, 19.0, 25.75, 9999.0, 1.0, 1.25, 19.5, 9999.0, 9999.0, 9999.0, 120.5, 124.25, 120.25, 103.75, 135.0
2023-04-06, 00:08:57, 132.25, 51.75, 19.0, 26.0, 9999.0, 1.0, 1.25, 19.5, 9999.0, 9999.0, 9999.0, 120.5, 124.25, 120.25, 103.75, 135.0
2023-04-06, 00:09:01, 132.25, 51.75, 19.0, 26.0, 9999.0, 1.0, 1.25, 19.5, 9999.0, 9999.0, 9999.0, 120.25, 124.25, 120.25, 103.75, 135.25
2023-04-06, 00:09:05, 132.25, 51.75, 19.0, 26.0, 9999.0, 1.25, 1.25, 19.5, 9999.0, 9999.0, 9999.0, 120.25, 124.25, 120.25, 104.0, 135.25
2023-04-06, 00:09:09, 132.25, 51.75, 19.0, 26.0, 9999.0, 1.25, 1.25, 19.5, 9999.0, 9999.0, 9999.0, 121.25, 124.25, 120.25, 103.75, 135.0
2023-04-06, 00:09:13, 132.25, 51.75, 19.0, 26.0, 9999.0, 1.25, 1.25, 19.5, 9999.0, 9999.0, 9999.0, 121.0, 124.25, 120.25, 103.75, 135.25
2023-04-06, 00:09:17, 132.25, 51.75, 19.0, 26.25, 9999.0, 1.25, 1.25, 19.5, 9999.0, 9999.0, 9999.0, 121.0, 124.25, 120.25, 103.75, 135.0
2023-04-06, 00:09:21, 132.25, 51.75, 19.0, 26.0, 9999.0, 1.0, 1.25, 19.5, 9999.0, 9999.0, 9999.0, 121.0, 124.25, 120.25, 103.75, 135.0
2023-04-06, 00:09:25, 132.25, 51.75, 19.0, 26.0, 9999.0, 1.0, 1.25, 19.5, 9999.0, 9999.0, 9999.0, 121.0, 124.25, 120.25, 103.75, 135.0
2023-04-06, 00:09:29, 132.25, 51.75, 19.0, 26.0, 9999.0, 1.0, 1.25, 19.5, 9999.0, 9999.0, 9999.0, 121.0, 124.0, 120.25, 103.75, 135.0
2023-04-06, 00:09:33, 132.25, 51.75, 19.0, 26.0, 9999.0, 1.0, 1.25, 19.5, 9999.0, 9999.0, 9999.0, 120.75, 124.0, 120.25, 104.0, 135.0
2023-04-06, 00:09:37, 132.25, 51.75, 19.0, 26.0, 9999.0, 1.0, 1.25, 19.5, 9999.0, 9999.0, 9999.0, 120.75, 124.0, 120.25, 103.75, 135.0
2023-04-06, 00:09:41, 132.25, 51.75, 19.0, 26.0, 9999.0, 1.0, 1.25, 19.5, 9999.0, 9999.0, 9999.0, 121.0, 124.25, 120.25, 104.0, 135.25
2023-04-06, 00:09:45, 132.25, 51.75, 19.0, 25.75, 9999.0, 1.0, 1.25, 19.5, 9999.0, 9999.0, 9999.0, 120.75, 124.25, 120.25, 104.0, 135.25
2023-04-06, 00:09:49, 132.25, 52.0, 18.75, 25.75, 9999.0, 1.0, 1.25, 19.5, 9999.0, 9999.0, 9999.0, 120.75, 124.25, 120.25, 104.0, 135.0
2023-04-06, 00:09:53, 132.25, 51.75, 19.0, 26.0, 9999.0, 1.0, 1.25, 19.5, 9999.0, 9999.0, 9999.0, 120.75, 124.25, 120.25, 104.0, 135.25
2023-04-06, 00:09:57, 132.25, 52.0, 19.0, 26.0, 9999.0, 1.0, 1.25, 19.25, 9999.0, 9999.0, 9999.0, 120.75, 124.25, 120.25, 104.0, 135.0
2023-04-06, 00:10:01, 132.25, 52.0, 18.75, 26.0, 9999.0, 1.0, 1.25, 19.5, 9999.0, 9999.0, 9999.0, 120.5, 124.25, 120.25, 103.75, 135.0
2023-04-06, 00:10:05, 132.25, 52.0, 19.0, 26.0, 9999.0, 0.75, 1.25, 19.5, 9999.0, 9999.0, 9999.0, 120.5, 124.25, 120.25, 103.75, 135.0
2023-04-06, 00:10:09, 132.25, 51.75, 19.0, 26.0, 9999.0, 1.0, 1.25, 19.5, 9999.0, 9999.0, 9999.0, 120.5, 124.25, 120.25, 103.75, 135.0
2023-04-06, 00:10:13, 132.25, 51.75, 19.0, 26.0, 9999.0, 1.25, 1.25, 19.5, 9999.0, 9999.0, 9999.0, 120.5, 124.25, 120.25, 103.75, 135.25
2023-04-06, 00:10:17, 132.25, 51.75, 19.0, 26.0, 9999.0, 1.0, 1.25, 19.5, 9999.0, 9999.0, 9999.0, 120.5, 124.25, 120.25, 104.0, 135.25
2023-04-06, 00:10:21, 132.25, 51.75, 19.0, 26.0, 9999.0, 1.0, 1.25, 19.5, 9999.0, 9999.0, 9999.0, 120.25, 124.25, 120.25, 104.0, 135.0
2023-04-06, 00:10:25, 132.25, 51.75, 19.0, 26.0, 9999.0, 1.25, 1.25, 19.5, 9999.0, 9999.0, 9999.0, 120.5, 124.25, 120.25, 103.75, 135.25
2023-04-06, 00:10:29, 132.25, 51.75, 19.0, 26.0, 9999.0, 1.25, 1.25, 19.5, 9999.0, 9999.0, 9999.0, 121.25, 124.25, 120.25, 104.0, 135.25
2023-04-06, 00:10:33, 132.25, 51.75, 19.0, 26.0, 9999.0, 1.25, 1.25, 19.5, 9999.0, 9999.0, 9999.0, 121.25, 124.25, 120.25, 104.0, 135.0
2023-04-06, 00:10:37, 132.25, 51.75, 19.0, 26.0, 9999.0, 1.25, 1.25, 19.5, 9999.0, 9999.0, 9999.0, 121.0, 124.25, 120.25, 104.0, 135.0
2023-04-06, 00:10:41, 132.25, 52.0, 19.0, 26.0, 9999.0, 1.25, 1.25, 19.5, 9999.0, 9999.0, 9999.0, 121.0, 124.25, 120.25, 104.0, 135.0
2023-04-06, 00:10:45, 132.25, 51.75, 19.0, 26.25, 9999.0, 1.0, 1.25, 19.5, 9999.0, 9999.0, 9999.0, 121.0, 124.25, 120.25, 104.0, 135.25
2023-04-06, 00:10:49, 132.25, 52.0, 19.0, 26.25, 9999.0, 1.25, 1.25, 19.5, 9999.0, 9999.0, 9999.0, 121.0, 124.25, 120.25, 104.0, 135.25
2023-04-06, 00:10:53, 132.25, 51.75, 19.0, 26.0, 9999.0, 1.0, 1.25, 19.5, 9999.0, 9999.0, 9999.0, 120.75, 124.25, 120.25, 104.0, 135.0
2023-04-06, 00:10:57, 132.25, 52.0, 19.0, 26.0, 9999.0, 1.25, 1.25, 19.5, 9999.0, 9999.0, 9999.0, 120.75, 124.25, 120.25, 104.0, 135.0
2023-04-06, 00:11:01, 132.25, 52.0, 19.0, 26.0, 9999.0, 1.0, 1.25, 19.5, 9999.0, 9999.0, 9999.0, 121.0, 124.25, 120.25, 104.0, 135.25
2023-04-06, 00:11:05, 132.25, 52.0, 18.75, 26.25, 9999.0, 1.0, 1.25, 19.5, 9999.0, 9999.0, 9999.0, 120.75, 124.25, 120.25, 104.0, 135.25
2023-04-06, 00:11:09, 132.5, 52.0, 19.0, 26.25, 9999.0, 1.0, 1.25, 19.5, 9999.0, 9999.0, 9999.0, 120.75, 124.25, 120.25, 104.0, 135.0
2023-04-06, 00:11:13, 132.25, 52.0, 19.0, 26.25, 9999.0, 1.0, 1.25, 19.5, 9999.0, 9999.0, 9999.0, 120.75, 124.25, 120.25, 104.0, 135.25
2023-04-06, 00:11:17, 132.25, 52.0, 19.0, 26.0, 9999.0, 1.0, 1.25, 19.5, 9999.0, 9999.0, 9999.0, 120.75, 124.25, 120.25, 103.75, 135.0
2023-04-06, 00:11:21, 132.25, 52.0, 19.0, 26.0, 9999.0, 1.0, 1.25, 19.5, 9999.0, 9999.0, 9999.0, 120.75, 124.25, 120.25, 103.75, 135.25
2023-04-06, 00:11:25, 132.25, 52.0, 19.25, 26.25, 9999.0, 1.0, 1.25, 19.5, 9999.0, 9999.0, 9999.0, 120.5, 124.25, 120.25, 104.0, 135.25
2023-04-06, 00:11:29, 132.25, 52.0, 19.0, 26.0, 9999.0, 1.0, 1.25, 19.5, 9999.0, 9999.0, 9999.0, 120.5, 124.25, 120.5, 104.0, 135.25
2023-04-06, 00:11:33, 132.25, 52.0, 19.0, 26.0, 9999.0, 1.25, 1.25, 19.5, 9999.0, 9999.0, 9999.0, 120.5, 124.25, 120.5, 104.0, 135.25
2023-04-06, 00:11:37, 132.25, 52.0, 19.0, 26.0, 9999.0, 1.25, 1.25, 19.5, 9999.0, 9999.0, 9999.0, 120.5, 124.25, 120.25, 104.0, 135.25
2023-04-06, 00:11:41, 132.25, 52.0, 19.0, 26.0, 9999.0, 1.25, 1.25, 19.5, 9999.0, 9999.0, 9999.0, 120.5, 124.25, 120.25, 104.0, 135.25
2023-04-06, 00:11:45, 132.5, 52.0, 19.0, 26.0, 9999.0, 1.5, 1.5, 19.5, 9999.0, 9999.0, 9999.0, 120.5, 124.25, 120.25, 104.0, 135.25
2023-04-06, 00:11:50, 132.5, 52.0, 19.0, 26.25, 9999.0, 1.25, 1.25, 19.5, 9999.0, 9999.0, 9999.0, 121.25, 124.25, 120.25, 104.0, 135.25
2023-04-06, 00:11:54, 132.5, 52.0, 19.0, 26.25, 9999.0, 1.25, 1.5, 19.5, 9999.0, 9999.0, 9999.0, 121.25, 124.25, 120.25, 104.0, 135.25
2023-04-06, 00:11:58, 132.25, 52.0, 19.0, 26.25, 9999.0, 1.25, 1.25, 19.5, 9999.0, 9999.0, 9999.0, 121.0, 124.25, 120.25, 104.0, 135.25
2023-04-06, 00:12:02, 132.25, 52.0, 19.0, 26.25, 9999.0, 1.25, 1.25, 19.5, 9999.0, 9999.0, 9999.0, 121.0, 124.25, 120.25, 104.0, 135.0
2023-04-06, 00:12:06, 132.5, 52.0, 19.0, 26.25, 9999.0, 1.25, 1.5, 19.5, 9999.0, 9999.0, 9999.0, 121.0, 124.25, 120.25, 104.0, 135.25
2023-04-06, 00:12:10, 132.5, 52.0, 19.0, 26.25, 9999.0, 1.0, 1.25, 19.5, 9999.0, 9999.0, 9999.0, 121.0, 124.25, 120.25, 104.0, 135.25
2023-04-06, 00:12:14, 132.5, 52.0, 19.0, 26.25, 9999.0, 1.25, 1.25, 19.5, 9999.0, 9999.0, 9999.0, 121.0, 124.25, 120.25, 104.0, 135.0
2023-04-06, 00:12:18, 132.5, 52.0, 19.0, 26.25, 9999.0, 1.0, 1.25, 19.5, 9999.0, 9999.0, 9999.0, 120.75, 124.25, 120.25, 104.0, 135.25
2023-04-06, 00:12:22, 132.25, 51.75, 19.0, 26.0, 9999.0, 1.0, 1.25, 19.5, 9999.0, 9999.0, 9999.0, 120.75, 124.5, 120.5, 104.0, 135.25
2023-04-06, 00:12:26, 132.25, 52.0, 19.25, 26.25, 9999.0, 1.0, 1.25, 19.5, 9999.0, 9999.0, 9999.0, 121.0, 124.25, 120.25, 104.0, 135.25
2023-04-06, 00:12:30, 132.25, 52.0, 19.0, 26.0, 9999.0, 1.0, 1.25, 19.5, 9999.0, 9999.0, 9999.0, 121.0, 124.5, 120.25, 104.0, 135.25
2023-04-06, 00:12:34, 132.5, 52.0, 19.0, 26.0, 9999.0, 1.0, 1.25, 19.5, 9999.0, 9999.0, 9999.0, 120.75, 124.25, 120.25, 104.0, 135.25
2023-04-06, 00:12:38, 132.5, 51.75, 19.0, 26.0, 9999.0, 1.0, 1.5, 19.5, 9999.0, 9999.0, 9999.0, 120.75, 124.25, 120.25, 104.0, 135.25
2023-04-06, 00:12:42, 132.5, 52.0, 19.0, 26.0, 9999.0, 1.0, 1.25, 19.5, 9999.0, 9999.0, 9999.0, 120.75, 124.25, 120.25, 104.0, 135.25
2023-04-06, 00:12:46, 132.25, 52.0, 19.0, 26.0, 9999.0, 1.0, 1.25, 19.5, 9999.0, 9999.0, 9999.0, 120.75, 124.25, 120.25, 104.0, 135.25
2023-04-06, 00:12:50, 132.5, 52.0, 19.0, 26.0, 9999.0, 1.0, 1.25, 19.5, 9999.0, 9999.0, 9999.0, 120.75, 124.5, 120.5, 103.75, 135.25
2023-04-06, 00:12:54, 132.5, 52.0, 19.0, 26.25, 9999.0, 1.25, 1.25, 19.5, 9999.0, 9999.0, 9999.0, 120.5, 124.25, 120.5, 103.75, 135.25
2023-04-06, 00:12:58, 132.5, 52.0, 19.0, 26.25, 9999.0, 1.25, 1.25, 19.5, 9999.0, 9999.0, 9999.0, 120.5, 124.25, 120.25, 103.75, 135.25
2023-04-06, 00:13:02, 132.5, 52.0, 19.0, 26.25, 9999.0, 1.25, 1.25, 19.5, 9999.0, 9999.0, 9999.0, 120.5, 124.25, 120.25, 103.75, 135.25
2023-04-06, 00:13:06, 132.5, 52.0, 19.0, 26.25, 9999.0, 1.25, 1.25, 19.5, 9999.0, 9999.0, 9999.0, 120.5, 124.25, 120.25, 104.0, 135.25
2023-04-06, 00:13:10, 132.5, 52.0, 19.0, 26.25, 9999.0, 1.25, 1.25, 19.5, 9999.0, 9999.0, 9999.0, 121.25, 124.25, 120.5, 104.0, 135.25
2023-04-06, 00:13:14, 132.5, 52.0, 19.0, 26.0, 9999.0, 1.25, 1.25, 19.5, 9999.0, 9999.0, 9999.0, 121.25, 124.25, 120.5, 103.75, 135.0
2023-04-06, 00:13:18, 132.5, 52.0, 19.0, 26.25, 9999.0, 1.25, 1.25, 19.5, 9999.0, 9999.0, 9999.0, 121.0, 124.25, 120.25, 103.75, 135.25
2023-04-06, 00:13:22, 132.5, 52.0, 19.25, 26.0, 9999.0, 1.25, 1.5, 19.5, 9999.0, 9999.0, 9999.0, 121.0, 124.25, 120.25, 104.0, 135.25
2023-04-06, 00:13:26, 132.5, 52.0, 19.0, 26.0, 9999.0, 1.25, 1.5, 19.5, 9999.0, 9999.0, 9999.0, 121.0, 124.25, 120.25, 103.75, 135.25
2023-04-06, 00:13:30, 132.5, 52.0, 19.0, 25.75, 9999.0, 1.25, 1.25, 19.5, 9999.0, 9999.0, 9999.0, 121.0, 124.25, 120.25, 104.0, 135.25
2023-04-06, 00:13:34, 132.5, 52.0, 19.0, 26.0, 9999.0, 1.0, 1.25, 19.5, 9999.0, 9999.0, 9999.0, 120.75, 124.25, 120.25, 104.0, 135.25
2023-04-06, 00:13:38, 132.5, 52.0, 19.0, 26.0, 9999.0, 1.0, 1.5, 19.5, 9999.0, 9999.0, 9999.0, 120.75, 124.25, 120.25, 103.75, 135.25
2023-04-06, 00:13:42, 132.5, 52.0, 19.0, 25.75, 9999.0, 1.0, 1.25, 19.5, 9999.0, 9999.0, 9999.0, 121.0, 124.25, 120.25, 104.0, 135.25
2023-04-06, 00:13:46, 132.5, 52.0, 19.0, 25.75, 9999.0, 1.0, 1.25, 19.5, 9999.0, 9999.0, 9999.0, 120.75, 124.25, 120.25, 103.75, 135.25
2023-04-06, 00:13:50, 132.5, 52.0, 19.0, 26.0, 9999.0, 1.0, 1.25, 19.5, 9999.0, 9999.0, 9999.0, 120.75, 124.25, 120.25, 104.0, 135.25
2023-04-06, 00:13:54, 132.5, 52.0, 19.0, 26.0, 9999.0, 1.0, 1.25, 19.5, 9999.0, 9999.0, 9999.0, 120.75, 124.25, 120.25, 103.75, 135.25
2023-04-06, 00:13:58, 132.5, 52.0, 19.0, 26.0, 9999.0, 1.0, 1.25, 19.5, 9999.0, 9999.0, 9999.0, 120.75, 124.5, 120.25, 104.0, 135.25
2023-04-06, 00:14:02, 132.5, 52.0, 19.0, 25.75, 9999.0, 1.0, 1.25, 19.5, 9999.0, 9999.0, 9999.0, 120.75, 124.25, 120.25, 104.0, 135.25
2023-04-06, 00:14:06, 132.5, 52.0, 19.0, 25.75, 9999.0, 1.0, 1.25, 19.5, 9999.0, 9999.0, 9999.0, 120.75, 124.25, 120.25, 104.0, 135.25
2023-04-06, 00:14:10, 132.5, 52.0, 19.0, 26.0, 9999.0, 1.0, 1.25, 19.5, 9999.0, 9999.0, 9999.0, 120.75, 124.25, 120.25, 103.75, 135.25
2023-04-06, 00:14:14, 132.5, 52.0, 19.0, 26.0, 9999.0, 1.25, 1.25, 19.5, 9999.0, 9999.0, 9999.0, 120.5, 124.25, 120.5, 103.75, 135.25
2023-04-06, 00:14:18, 132.5, 52.0, 19.0, 26.0, 9999.0, 1.25, 1.25, 19.5, 9999.0, 9999.0, 9999.0, 120.5, 124.25, 120.25, 103.75, 135.25
2023-04-06, 00:14:22, 132.5, 52.0, 19.0, 26.0, 9999.0, 1.25, 1.25, 19.5, 9999.0, 9999.0, 9999.0, 120.5, 124.25, 120.25, 104.0, 135.25
2023-04-06, 00:14:26, 132.5, 52.0, 19.0, 25.75, 9999.0, 1.25, 1.25, 19.5, 9999.0, 9999.0, 9999.0, 120.5, 124.25, 120.25, 103.75, 135.25
2023-04-06, 00:14:30, 132.5, 52.0, 19.0, 25.75, 9999.0, 1.25, 1.5, 19.5, 9999.0, 9999.0, 9999.0, 121.25, 124.25, 120.25, 103.75, 135.25
2023-04-06, 00:14:34, 132.5, 52.0, 19.0, 25.75, 9999.0, 1.25, 1.25, 19.5, 9999.0, 9999.0, 9999.0, 121.25, 124.25, 120.25, 103.75, 135.25
2023-04-06, 00:14:38, 132.5, 52.0, 19.0, 26.0, 9999.0, 1.25, 1.25, 19.5, 9999.0, 9999.0, 9999.0, 121.25, 124.25, 120.25, 104.0, 135.25
2023-04-06, 00:14:42, 132.5, 52.0, 19.0, 25.75, 9999.0, 1.25, 1.5, 19.5, 9999.0, 9999.0, 9999.0, 121.0, 124.25, 120.25, 104.0, 135.25
2023-04-06, 00:14:46, 132.5, 52.0, 19.0, 25.75, 9999.0, 1.25, 1.5, 19.5, 9999.0, 9999.0, 9999.0, 121.0, 124.25, 120.25, 103.75, 135.25
2023-04-06, 00:14:50, 132.5, 52.0, 19.0, 26.0, 9999.0, 1.25, 1.25, 19.5, 9999.0, 9999.0, 9999.0, 121.0, 124.25, 120.5, 103.75, 135.25
2023-04-06, 00:14:54, 132.5, 52.0, 19.0, 26.0, 9999.0, 1.25, 1.25, 19.5, 9999.0, 9999.0, 9999.0, 121.0, 124.25, 120.25, 103.75, 135.25
2023-04-06, 00:14:58, 132.5, 52.0, 19.0, 26.0, 9999.0, 1.0, 1.25, 19.5, 9999.0, 9999.0, 9999.0, 120.75, 124.25, 120.25, 103.75, 135.25
2023-04-06, 00:15:02, 132.5, 52.0, 19.0, 26.0, 9999.0, 1.0, 1.25, 19.5, 9999.0, 9999.0, 9999.0, 121.0, 124.25, 120.25, 103.75, 135.25
2023-04-06, 00:15:06, 132.5, 52.0, 19.25, 26.25, 9999.0, 1.0, 1.25, 19.5, 9999.0, 9999.0, 9999.0, 121.0, 124.25, 120.25, 103.75, 135.25
2023-04-06, 00:15:10, 132.5, 52.0, 19.0, 26.0, 9999.0, 1.0, 1.25, 19.5, 9999.0, 9999.0, 9999.0, 121.0, 124.25, 120.25, 103.75, 135.25
2023-04-06, 00:15:14, 132.5, 52.0, 19.0, 26.0, 9999.0, 1.0, 1.25, 19.5, 9999.0, 9999.0, 9999.0, 120.75, 124.25, 120.25, 103.75, 135.25
2023-04-06, 00:15:18, 132.5, 52.0, 19.0, 26.0, 9999.0, 1.0, 1.25, 19.5, 9999.0, 9999.0, 9999.0, 120.75, 124.25, 120.25, 103.75, 135.25
2023-04-06, 00:15:22, 132.5, 52.0, 19.0, 26.0, 9999.0, 1.0, 1.25, 19.5, 9999.0, 9999.0, 9999.0, 120.75, 124.25, 120.25, 103.75, 135.25
2023-04-06, 00:15:26, 132.5, 52.0, 19.0, 26.0, 9999.0, 1.0, 1.25, 19.5, 9999.0, 9999.0, 9999.0, 120.75, 124.25, 120.25, 103.75, 135.25
2023-04-06, 00:15:30, 132.5, 52.0, 19.0, 26.0, 9999.0, 1.0, 1.25, 19.5, 9999.0, 9999.0, 9999.0, 120.5, 124.25, 120.25, 103.75, 135.25
2023-04-06, 00:15:34, 132.5, 52.0, 19.0, 25.5, 9999.0, 1.25, 1.25, 19.5, 9999.0, 9999.0, 9999.0, 120.75, 124.25, 120.5, 103.75, 135.25
2023-04-06, 00:15:38, 132.5, 52.0, 19.0, 25.75, 9999.0, 1.25, 1.25, 19.5, 9999.0, 9999.0, 9999.0, 120.75, 124.25, 120.5, 104.0, 135.25
2023-04-06, 00:15:42, 132.5, 52.0, 19.0, 25.5, 9999.0, 1.25, 1.25, 19.5, 9999.0, 9999.0, 9999.0, 120.5, 124.25, 120.25, 103.75, 135.25
2023-04-06, 00:15:46, 132.5, 52.0, 19.0, 25.75, 9999.0, 1.5, 1.5, 19.5, 9999.0, 9999.0, 9999.0, 120.5, 124.25, 120.25, 103.75, 135.25
2023-04-06, 00:15:50, 132.5, 52.0, 19.0, 26.0, 9999.0, 1.25, 1.5, 19.5, 9999.0, 9999.0, 9999.0, 121.25, 124.25, 120.25, 104.0, 135.25
2023-04-06, 00:15:54, 132.5, 52.0, 19.0, 26.25, 9999.0, 1.25, 1.25, 19.5, 9999.0, 9999.0, 9999.0, 121.25, 124.25, 120.25, 103.75, 135.25
2023-04-06, 00:15:58, 132.5, 52.0, 19.0, 26.0, 9999.0, 1.25, 1.5, 19.5, 9999.0, 9999.0, 9999.0, 121.25, 124.25, 120.25, 104.0, 135.25
2023-04-06, 00:16:02, 132.5, 52.0, 19.0, 26.0, 9999.0, 1.25, 1.5, 19.5, 9999.0, 9999.0, 9999.0, 121.0, 124.25, 120.25, 103.75, 135.25
2023-04-06, 00:16:06, 132.5, 52.0, 19.0, 26.0, 9999.0, 1.25, 1.5, 19.5, 9999.0, 9999.0, 9999.0, 121.0, 124.25, 120.25, 104.0, 135.25
2023-04-06, 00:16:10, 132.5, 52.0, 19.0, 25.75, 9999.0, 1.25, 1.5, 19.5, 9999.0, 9999.0, 9999.0, 121.0, 124.25, 120.25, 104.0, 135.25
2023-04-06, 00:16:15, 132.5, 52.0, 19.0, 26.0, 9999.0, 1.0, 1.5, 19.5, 9999.0, 9999.0, 9999.0, 121.0, 124.25, 120.25, 104.0, 135.25
2023-04-06, 00:16:19, 132.5, 52.0, 19.25, 26.0, 9999.0, 1.0, 1.5, 19.5, 9999.0, 9999.0, 9999.0, 120.75, 124.25, 120.25, 104.0, 135.25
2023-04-06, 00:16:23, 132.5, 52.0, 19.0, 26.25, 9999.0, 1.25, 1.25, 19.5, 9999.0, 9999.0, 9999.0, 121.0, 124.5, 120.5, 103.75, 135.25
2023-04-06, 00:16:27, 132.5, 52.0, 19.0, 26.25, 9999.0, 1.0, 1.25, 19.5, 9999.0, 9999.0, 9999.0, 121.0, 124.5, 120.25, 104.0, 135.25
2023-04-06, 00:16:31, 132.5, 52.0, 19.0, 26.25, 9999.0, 1.0, 1.25, 19.5, 9999.0, 9999.0, 9999.0, 120.75, 124.5, 120.5, 104.0, 135.25
2023-04-06, 00:16:35, 132.5, 52.0, 19.0, 26.0, 9999.0, 1.0, 1.25, 19.5, 9999.0, 9999.0, 9999.0, 120.75, 124.5, 120.25, 104.0, 135.25
2023-04-06, 00:16:39, 132.5, 52.0, 19.25, 25.5, 9999.0, 1.0, 1.5, 19.5, 9999.0, 9999.0, 9999.0, 120.75, 124.5, 120.25, 104.0, 135.25
2023-04-06, 00:16:43, 132.5, 52.0, 19.25, 25.5, 9999.0, 1.0, 1.25, 19.5, 9999.0, 9999.0, 9999.0, 120.5, 124.5, 120.25, 104.0, 135.25
2023-04-06, 00:16:47, 132.5, 52.0, 19.0, 26.0, 9999.0, 1.0, 1.25, 19.5, 9999.0, 9999.0, 9999.0, 120.75, 124.5, 120.25, 104.0, 135.25
2023-04-06, 00:16:51, 132.5, 52.0, 19.25, 26.0, 9999.0, 1.0, 1.25, 19.5, 9999.0, 9999.0, 9999.0, 120.75, 124.25, 120.5, 103.75, 135.25
2023-04-06, 00:16:55, 132.5, 52.0, 19.0, 26.0, 9999.0, 1.25, 1.25, 19.5, 9999.0, 9999.0, 9999.0, 120.5, 124.25, 120.5, 104.0, 135.25
2023-04-06, 00:16:59, 132.5, 52.0, 19.0, 26.0, 9999.0, 1.0, 1.25, 19.5, 9999.0, 9999.0, 9999.0, 120.5, 124.25, 120.5, 104.0, 135.25
2023-04-06, 00:17:03, 132.5, 52.0, 19.0, 26.0, 9999.0, 1.25, 1.5, 19.5, 9999.0, 9999.0, 9999.0, 120.5, 124.25, 120.5, 103.75, 135.25
2023-04-06, 00:17:07, 132.5, 52.0, 19.0, 26.0, 9999.0, 1.5, 1.5, 19.5, 9999.0, 9999.0, 9999.0, 120.5, 124.25, 120.25, 104.0, 135.25
2023-04-06, 00:17:11, 132.5, 52.0, 19.0, 26.0, 9999.0, 1.5, 1.25, 19.5, 9999.0, 9999.0, 9999.0, 121.25, 124.25, 120.25, 103.75, 135.25
2023-04-06, 00:17:15, 132.5, 52.0, 19.0, 26.0, 9999.0, 1.25, 1.5, 19.5, 9999.0, 9999.0, 9999.0, 121.25, 124.25, 120.5, 103.75, 135.25
2023-04-06, 00:17:19, 132.5, 52.0, 19.0, 26.0, 9999.0, 1.25, 1.5, 19.5, 9999.0, 9999.0, 9999.0, 121.25, 124.25, 120.5, 104.0, 135.25
2023-04-06, 00:17:23, 132.5, 52.0, 19.0, 26.25, 9999.0, 1.25, 1.5, 19.5, 9999.0, 9999.0, 9999.0, 121.0, 124.25, 120.25, 104.0, 135.25
2023-04-06, 00:17:27, 132.5, 52.0, 19.25, 26.25, 9999.0, 1.25, 1.5, 19.5, 9999.0, 9999.0, 9999.0, 121.0, 124.25, 120.25, 103.75, 135.25
2023-04-06, 00:17:31, 132.5, 52.0, 19.0, 26.0, 9999.0, 1.25, 1.5, 19.5, 9999.0, 9999.0, 9999.0, 121.0, 124.25, 120.5, 104.0, 135.25
2023-04-06, 00:17:35, 132.5, 52.0, 19.0, 26.25, 9999.0, 1.25, 1.25, 19.5, 9999.0, 9999.0, 9999.0, 121.0, 124.25, 120.25, 104.0, 135.25
2023-04-06, 00:17:39, 132.5, 52.0, 19.0, 26.25, 9999.0, 1.25, 1.25, 19.5, 9999.0, 9999.0, 9999.0, 121.0, 124.25, 120.25, 103.75, 135.25
2023-04-06, 00:17:43, 132.5, 52.0, 19.0, 26.25, 9999.0, 1.0, 1.5, 19.5, 9999.0, 9999.0, 9999.0, 121.0, 124.5, 120.25, 104.0, 135.25
2023-04-06, 00:17:47, 132.5, 52.0, 19.0, 26.0, 9999.0, 1.25, 1.5, 19.5, 9999.0, 9999.0, 9999.0, 121.0, 124.25, 120.5, 103.75, 135.25
2023-04-06, 00:17:51, 132.5, 52.0, 19.25, 26.25, 9999.0, 1.0, 1.5, 19.5, 9999.0, 9999.0, 9999.0, 121.0, 124.5, 120.25, 104.0, 135.25
2023-04-06, 00:17:55, 132.5, 52.0, 19.25, 26.0, 9999.0, 1.0, 1.5, 19.5, 9999.0, 9999.0, 9999.0, 120.75, 124.5, 120.25, 103.75, 135.25
2023-04-06, 00:17:59, 132.5, 52.0, 19.0, 26.0, 9999.0, 1.0, 1.25, 19.75, 9999.0, 9999.0, 9999.0, 120.75, 124.5, 120.25, 103.75, 135.25
2023-04-06, 00:18:03, 132.5, 52.0, 19.0, 26.0, 9999.0, 1.0, 1.25, 19.5, 9999.0, 9999.0, 9999.0, 120.75, 124.25, 120.25, 104.0, 135.25
2023-04-06, 00:18:07, 132.5, 52.0, 19.0, 26.0, 9999.0, 1.0, 1.5, 19.5, 9999.0, 9999.0, 9999.0, 120.75, 124.25, 120.25, 103.75, 135.25
2023-04-06, 00:18:11, 132.5, 52.0, 19.25, 26.25, 9999.0, 1.0, 1.25, 19.5, 9999.0, 9999.0, 9999.0, 120.75, 124.25, 120.5, 104.0, 135.25
2023-04-06, 00:18:15, 132.5, 52.0, 19.25, 26.0, 9999.0, 1.25, 1.5, 19.5, 9999.0, 9999.0, 9999.0, 120.5, 124.25, 120.25, 104.0, 135.25
2023-04-06, 00:18:19, 132.5, 52.0, 19.0, 26.0, 9999.0, 1.25, 1.25, 19.5, 9999.0, 9999.0, 9999.0, 120.5, 124.25, 120.5, 104.0, 135.25
2023-04-06, 00:18:23, 132.5, 52.0, 19.0, 25.75, 9999.0, 1.25, 1.25, 19.75, 9999.0, 9999.0, 9999.0, 120.5, 124.25, 120.5, 103.75, 135.25
2023-04-06, 00:18:27, 132.5, 52.0, 19.25, 25.75, 9999.0, 1.5, 1.5, 19.75, 9999.0, 9999.0, 9999.0, 120.5, 124.5, 120.5, 103.75, 135.25
2023-04-06, 00:18:31, 132.5, 52.0, 19.25, 25.75, 9999.0, 1.25, 1.5, 19.75, 9999.0, 9999.0, 9999.0, 121.25, 124.5, 120.5, 103.75, 135.25
2023-04-06, 00:18:35, 132.5, 52.0, 19.0, 26.0, 9999.0, 1.25, 1.25, 19.5, 9999.0, 9999.0, 9999.0, 121.25, 124.25, 120.5, 104.0, 135.25
2023-04-06, 00:18:39, 132.5, 52.0, 19.0, 26.0, 9999.0, 1.25, 1.5, 19.75, 9999.0, 9999.0, 9999.0, 121.25, 124.25, 120.5, 103.75, 135.25
2023-04-06, 00:18:43, 132.5, 52.0, 19.0, 26.25, 9999.0, 1.25, 1.5, 19.5, 9999.0, 9999.0, 9999.0, 121.0, 124.25, 120.5, 104.0, 135.25
2023-04-06, 00:18:47, 132.5, 52.0, 19.0, 26.0, 9999.0, 1.25, 1.5, 19.75, 9999.0, 9999.0, 9999.0, 121.0, 124.25, 120.25, 104.0, 135.25
2023-04-06, 00:18:51, 132.5, 52.0, 19.0, 26.0, 9999.0, 1.25, 1.5, 19.5, 9999.0, 9999.0, 9999.0, 121.0, 124.25, 120.25, 104.0, 135.25
2023-04-06, 00:18:55, 132.5, 52.0, 19.0, 26.0, 9999.0, 1.25, 1.5, 19.5, 9999.0, 9999.0, 9999.0, 121.0, 124.25, 120.25, 104.0, 135.25
2023-04-06, 00:18:59, 132.5, 52.0, 19.0, 26.0, 9999.0, 1.25, 1.5, 19.75, 9999.0, 9999.0, 9999.0, 121.0, 124.25, 120.25, 104.0, 135.25
2023-04-06, 00:19:03, 132.5, 52.0, 19.0, 26.0, 9999.0, 1.0, 1.5, 19.75, 9999.0, 9999.0, 9999.0, 121.0, 124.5, 120.25, 103.75, 135.25
2023-04-06, 00:19:07, 132.5, 52.0, 19.0, 26.0, 9999.0, 1.25, 1.5, 19.5, 9999.0, 9999.0, 9999.0, 121.0, 124.5, 120.5, 103.75, 135.25
2023-04-06, 00:19:11, 132.5, 52.25, 19.0, 26.0, 9999.0, 1.25, 1.5, 19.5, 9999.0, 9999.0, 9999.0, 121.0, 124.5, 120.5, 103.75, 135.25
2023-04-06, 00:19:15, 132.5, 52.0, 19.0, 25.75, 9999.0, 1.25, 1.25, 19.75, 9999.0, 9999.0, 9999.0, 121.0, 124.5, 120.5, 104.0, 135.25
2023-04-06, 00:19:19, 132.5, 52.0, 19.25, 26.0, 9999.0, 1.0, 1.5, 19.5, 9999.0, 9999.0, 9999.0, 121.0, 124.5, 120.25, 103.75, 135.25
2023-04-06, 00:19:23, 132.5, 52.0, 19.0, 26.0, 9999.0, 1.0, 1.25, 19.5, 9999.0, 9999.0, 9999.0, 120.75, 124.5, 120.5, 104.0, 135.25
2023-04-06, 00:19:27, 132.5, 52.0, 19.0, 25.75, 9999.0, 1.0, 1.5, 19.5, 9999.0, 9999.0, 9999.0, 120.75, 124.5, 120.25, 104.0, 135.25
2023-04-06, 00:19:31, 132.5, 52.0, 19.0, 25.75, 9999.0, 1.0, 1.25, 19.5, 9999.0, 9999.0, 9999.0, 120.75, 124.25, 120.5, 104.0, 135.25
2023-04-06, 00:19:35, 132.5, 52.0, 19.0, 25.5, 9999.0, 1.25, 1.5, 19.5, 9999.0, 9999.0, 9999.0, 120.75, 124.25, 120.5, 103.75, 135.25
2023-04-06, 00:19:39, 132.5, 52.0, 19.0, 25.75, 9999.0, 1.25, 1.25, 19.75, 9999.0, 9999.0, 9999.0, 120.5, 124.25, 120.5, 103.75, 135.25
2023-04-06, 00:19:43, 132.5, 52.0, 19.0, 26.0, 9999.0, 1.25, 1.5, 19.5, 9999.0, 9999.0, 9999.0, 120.5, 124.25, 120.5, 103.75, 135.25
2023-04-06, 00:19:47, 132.5, 52.0, 19.25, 26.0, 9999.0, 1.5, 1.5, 19.5, 9999.0, 9999.0, 9999.0, 120.5, 124.25, 120.5, 103.75, 135.25
2023-04-06, 00:19:51, 132.5, 52.0, 19.25, 26.0, 9999.0, 1.5, 1.5, 19.75, 9999.0, 9999.0, 9999.0, 121.25, 124.25, 120.25, 104.0, 135.25
2023-04-06, 00:19:55, 132.5, 52.0, 19.0, 25.75, 9999.0, 1.25, 1.5, 19.75, 9999.0, 9999.0, 9999.0, 121.25, 124.25, 120.25, 104.0, 135.25
2023-04-06, 00:19:59, 132.5, 52.0, 19.0, 26.0, 9999.0, 1.25, 1.25, 19.5, 9999.0, 9999.0, 9999.0, 121.25, 124.25, 120.25, 104.0, 135.25
2023-04-06, 00:20:03, 132.5, 52.0, 19.25, 26.0, 9999.0, 1.25, 1.5, 19.75, 9999.0, 9999.0, 9999.0, 121.25, 124.25, 120.5, 104.0, 135.25
2023-04-06, 00:20:07, 132.5, 52.0, 19.0, 26.0, 9999.0, 1.25, 1.5, 19.5, 9999.0, 9999.0, 9999.0, 121.25, 124.25, 120.25, 104.0, 135.25
2023-04-06, 00:20:11, 132.5, 52.0, 19.0, 26.0, 9999.0, 1.25, 1.5, 19.5, 9999.0, 9999.0, 9999.0, 121.0, 124.25, 120.5, 104.0, 135.25
2023-04-06, 00:20:15, 132.75, 52.0, 19.0, 26.0, 9999.0, 1.25, 1.5, 19.75, 9999.0, 9999.0, 9999.0, 121.0, 124.25, 120.5, 104.0, 135.25
2023-04-06, 00:20:19, 132.5, 52.0, 19.0, 26.0, 9999.0, 1.25, 1.5, 19.75, 9999.0, 9999.0, 9999.0, 121.0, 124.25, 120.25, 104.0, 135.25
2023-04-06, 00:20:23, 132.5, 52.0, 19.0, 26.25, 9999.0, 1.25, 1.5, 19.5, 9999.0, 9999.0, 9999.0, 121.0, 124.5, 120.25, 104.0, 135.25
2023-04-06, 00:20:27, 132.75, 52.25, 19.25, 26.25, 9999.0, 1.25, 1.5, 19.75, 9999.0, 9999.0, 9999.0, 121.0, 124.5, 120.5, 104.0, 135.25
2023-04-06, 00:20:31, 132.5, 52.0, 19.25, 26.0, 9999.0, 1.25, 1.5, 19.75, 9999.0, 9999.0, 9999.0, 121.0, 124.5, 120.5, 104.0, 135.25
2023-04-06, 00:20:35, 132.5, 52.0, 19.25, 26.25, 9999.0, 1.25, 1.5, 19.75, 9999.0, 9999.0, 9999.0, 121.0, 124.5, 120.25, 104.0, 135.25
2023-04-06, 00:20:39, 132.5, 52.25, 19.25, 26.25, 9999.0, 1.25, 1.5, 19.5, 9999.0, 9999.0, 9999.0, 120.75, 124.5, 120.25, 104.0, 135.5
2023-04-06, 00:20:44, 132.75, 52.0, 19.0, 26.25, 9999.0, 1.0, 1.5, 19.5, 9999.0, 9999.0, 9999.0, 120.75, 124.25, 120.5, 104.0, 135.25
2023-04-06, 00:20:48, 132.5, 52.25, 19.0, 26.25, 9999.0, 1.25, 1.5, 19.75, 9999.0, 9999.0, 9999.0, 120.75, 124.5, 120.25, 104.0, 135.25
2023-04-06, 00:20:52, 132.75, 52.0, 19.0, 26.0, 9999.0, 1.0, 1.5, 19.75, 9999.0, 9999.0, 9999.0, 120.75, 124.25, 120.25, 104.0, 135.25
2023-04-06, 00:20:56, 132.5, 52.0, 19.0, 26.25, 9999.0, 1.25, 1.5, 19.5, 9999.0, 9999.0, 9999.0, 120.75, 124.5, 120.5, 104.0, 135.25
2023-04-06, 00:21:00, 132.5, 52.0, 19.0, 26.25, 9999.0, 1.25, 1.5, 19.75, 9999.0, 9999.0, 9999.0, 120.75, 124.5, 120.25, 104.0, 135.25
2023-04-06, 00:21:04, 132.5, 52.0, 19.0, 26.25, 9999.0, 1.25, 1.5, 19.75, 9999.0, 9999.0, 9999.0, 120.5, 124.25, 120.25, 104.0, 135.25
2023-04-06, 00:21:08, 132.5, 52.0, 19.25, 26.0, 9999.0, 1.5, 1.5, 19.75, 9999.0, 9999.0, 9999.0, 120.5, 124.5, 120.5, 104.0, 135.25
2023-04-06, 00:21:12, 132.5, 52.0, 19.0, 26.0, 9999.0, 1.5, 1.5, 19.75, 9999.0, 9999.0, 9999.0, 121.5, 124.25, 120.5, 104.0, 135.25
2023-04-06, 00:21:16, 132.5, 52.0, 19.0, 26.0, 9999.0, 1.5, 1.5, 19.75, 9999.0, 9999.0, 9999.0, 121.25, 124.5, 120.25, 104.0, 135.25
2023-04-06, 00:21:20, 132.5, 52.0, 19.25, 26.0, 9999.0, 1.25, 1.5, 19.75, 9999.0, 9999.0, 9999.0, 121.25, 124.25, 120.25, 104.0, 135.25
2023-04-06, 00:21:24, 132.75, 52.0, 19.0, 26.0, 9999.0, 1.5, 1.5, 19.75, 9999.0, 9999.0, 9999.0, 121.25, 124.25, 120.5, 104.0, 135.25
2023-04-06, 00:21:28, 132.5, 52.0, 19.25, 26.25, 9999.0, 1.5, 1.5, 19.75, 9999.0, 9999.0, 9999.0, 121.0, 124.25, 120.5, 104.0, 135.25
2023-04-06, 00:21:32, 132.5, 52.0, 19.25, 26.25, 9999.0, 1.25, 1.5, 19.75, 9999.0, 9999.0, 9999.0, 121.0, 124.25, 120.25, 104.0, 135.25
2023-04-06, 00:21:36, 132.5, 52.25, 19.25, 26.25, 9999.0, 1.25, 1.5, 19.75, 9999.0, 9999.0, 9999.0, 121.0, 124.25, 120.25, 104.0, 135.25
2023-04-06, 00:21:40, 132.5, 52.0, 19.0, 26.25, 9999.0, 1.25, 1.5, 19.75, 9999.0, 9999.0, 9999.0, 121.0, 124.25, 120.25, 104.0, 135.25
2023-04-06, 00:21:44, 132.5, 52.25, 19.0, 26.25, 9999.0, 1.25, 1.5, 19.75, 9999.0, 9999.0, 9999.0, 121.0, 124.5, 120.25, 104.0, 135.25
2023-04-06, 00:21:48, 132.75, 52.0, 19.25, 26.25, 9999.0, 1.25, 1.5, 19.75, 9999.0, 9999.0, 9999.0, 121.0, 124.5, 120.25, 104.0, 135.25
2023-04-06, 00:21:52, 132.75, 52.0, 19.25, 26.25, 9999.0, 1.25, 1.5, 19.75, 9999.0, 9999.0, 9999.0, 121.0, 124.5, 120.25, 104.0, 135.5
2023-04-06, 00:21:56, 132.75, 52.0, 19.25, 26.0, 9999.0, 1.25, 1.5, 19.75, 9999.0, 9999.0, 9999.0, 121.0, 124.5, 120.25, 104.0, 135.25
2023-04-06, 00:22:00, 132.75, 52.25, 19.25, 26.0, 9999.0, 1.0, 1.5, 19.75, 9999.0, 9999.0, 9999.0, 120.75, 124.5, 120.5, 104.0, 135.25
2023-04-06, 00:22:04, 132.75, 52.25, 19.25, 26.0, 9999.0, 1.25, 1.5, 19.75, 9999.0, 9999.0, 9999.0, 120.75, 124.5, 120.25, 104.0, 135.25
2023-04-06, 00:22:08, 132.75, 52.25, 19.25, 26.0, 9999.0, 1.25, 1.5, 19.75, 9999.0, 9999.0, 9999.0, 120.75, 124.5, 120.25, 104.0, 135.25
2023-04-06, 00:22:12, 132.75, 52.25, 19.25, 26.0, 9999.0, 1.25, 1.5, 19.75, 9999.0, 9999.0, 9999.0, 120.75, 124.5, 120.25, 104.0, 135.5
2023-04-06, 00:22:16, 132.75, 52.0, 19.25, 26.25, 9999.0, 1.25, 1.5, 19.75, 9999.0, 9999.0, 9999.0, 120.75, 124.25, 120.5, 104.0, 135.25
2023-04-06, 00:22:20, 132.75, 52.0, 19.25, 26.0, 9999.0, 1.25, 1.5, 19.75, 9999.0, 9999.0, 9999.0, 120.75, 124.5, 120.5, 104.0, 135.25
2023-04-06, 00:22:24, 132.75, 52.25, 19.25, 26.25, 9999.0, 1.25, 1.5, 19.75, 9999.0, 9999.0, 9999.0, 120.5, 124.5, 120.25, 104.0, 135.25
2023-04-06, 00:22:28, 132.75, 52.25, 19.25, 26.25, 9999.0, 1.5, 1.5, 19.75, 9999.0, 9999.0, 9999.0, 120.5, 124.5, 120.5, 104.0, 135.5
2023-04-06, 00:22:32, 132.75, 52.25, 19.25, 26.25, 9999.0, 1.5, 1.5, 19.75, 9999.0, 9999.0, 9999.0, 121.5, 124.5, 120.5, 104.0, 135.25
2023-04-06, 00:22:36, 132.75, 52.25, 19.25, 26.25, 9999.0, 1.5, 1.5, 19.75, 9999.0, 9999.0, 9999.0, 121.25, 124.5, 120.5, 104.0, 135.5
2023-04-06, 00:22:40, 132.75, 52.25, 19.25, 26.25, 9999.0, 1.5, 1.5, 19.75, 9999.0, 9999.0, 9999.0, 121.25, 124.5, 120.5, 104.0, 135.25
2023-04-06, 00:22:44, 132.75, 52.25, 19.25, 26.0, 9999.0, 1.5, 1.5, 19.75, 9999.0, 9999.0, 9999.0, 121.25, 124.25, 120.25, 104.0, 135.25
2023-04-06, 00:22:48, 132.75, 52.25, 19.25, 26.0, 9999.0, 1.5, 1.5, 19.75, 9999.0, 9999.0, 9999.0, 121.0, 124.5, 120.5, 104.0, 135.5
2023-04-06, 00:22:52, 132.75, 52.25, 19.25, 26.0, 9999.0, 1.25, 1.5, 19.75, 9999.0, 9999.0, 9999.0, 121.0, 124.5, 120.25, 104.0, 135.5
2023-04-06, 00:22:56, 132.75, 52.25, 19.25, 26.0, 9999.0, 1.25, 1.5, 19.75, 9999.0, 9999.0, 9999.0, 121.0, 124.25, 120.25, 104.0, 135.25
2023-04-06, 00:23:00, 132.75, 52.25, 19.25, 26.0, 9999.0, 1.5, 1.5, 19.75, 9999.0, 9999.0, 9999.0, 121.0, 124.25, 120.5, 104.0, 135.5
2023-04-06, 00:23:04, 132.75, 52.25, 19.25, 26.0, 9999.0, 1.25, 1.5, 19.75, 9999.0, 9999.0, 9999.0, 121.0, 124.5, 120.25, 104.0, 135.25
2023-04-06, 00:23:08, 132.75, 52.25, 19.25, 26.0, 9999.0, 1.25, 1.5, 19.75, 9999.0, 9999.0, 9999.0, 121.0, 124.5, 120.5, 104.0, 135.25
2023-04-06, 00:23:12, 132.75, 52.25, 19.25, 26.0, 9999.0, 1.25, 1.5, 19.75, 9999.0, 9999.0, 9999.0, 121.0, 124.5, 120.5, 104.0, 135.5
2023-04-06, 00:23:16, 132.75, 52.25, 19.25, 26.0, 9999.0, 1.25, 1.5, 19.75, 9999.0, 9999.0, 9999.0, 121.0, 124.5, 120.5, 104.0, 135.5
2023-04-06, 00:23:20, 132.75, 52.25, 19.25, 26.0, 9999.0, 1.25, 1.5, 19.75, 9999.0, 9999.0, 9999.0, 120.75, 124.5, 120.25, 104.0, 135.25
2023-04-06, 00:23:24, 132.75, 52.25, 19.25, 26.25, 9999.0, 1.25, 1.5, 19.75, 9999.0, 9999.0, 9999.0, 120.75, 124.5, 120.5, 104.0, 135.5
2023-04-06, 00:23:28, 132.75, 52.25, 19.25, 26.25, 9999.0, 1.25, 1.5, 19.75, 9999.0, 9999.0, 9999.0, 120.75, 124.5, 120.25, 104.25, 135.5
2023-04-06, 00:23:32, 132.75, 52.25, 19.25, 26.25, 9999.0, 1.25, 1.5, 19.75, 9999.0, 9999.0, 9999.0, 120.75, 124.5, 120.5, 104.0, 135.5
2023-04-06, 00:23:36, 132.75, 52.25, 19.25, 26.25, 9999.0, 1.25, 1.5, 19.75, 9999.0, 9999.0, 9999.0, 120.75, 124.5, 120.5, 104.0, 135.5
2023-04-06, 00:23:40, 132.75, 52.25, 19.25, 26.25, 9999.0, 1.25, 1.5, 19.75, 9999.0, 9999.0, 9999.0, 120.75, 124.5, 120.5, 104.0, 135.25
2023-04-06, 00:23:44, 132.75, 52.25, 19.25, 26.25, 9999.0, 1.5, 1.5, 19.75, 9999.0, 9999.0, 9999.0, 120.75, 124.5, 120.5, 104.0, 135.5
2023-04-06, 00:23:48, 132.75, 52.25, 19.25, 26.25, 9999.0, 1.5, 1.5, 19.75, 9999.0, 9999.0, 9999.0, 120.75, 124.25, 120.5, 104.0, 135.5
2023-04-06, 00:23:52, 132.75, 52.25, 19.25, 26.25, 9999.0, 1.5, 1.5, 20.0, 9999.0, 9999.0, 9999.0, 120.5, 124.5, 120.25, 104.0, 135.25
2023-04-06, 00:23:56, 132.75, 52.25, 19.25, 26.25, 9999.0, 1.5, 1.75, 19.75, 9999.0, 9999.0, 9999.0, 121.25, 124.5, 120.25, 104.0, 135.5
2023-04-06, 00:24:00, 132.75, 52.25, 19.0, 26.25, 9999.0, 1.5, 1.5, 19.75, 9999.0, 9999.0, 9999.0, 121.25, 124.25, 120.5, 104.0, 135.5
2023-04-06, 00:24:04, 132.75, 52.25, 19.25, 26.0, 9999.0, 1.5, 1.75, 19.75, 9999.0, 9999.0, 9999.0, 121.25, 124.25, 120.5, 104.0, 135.5
2023-04-06, 00:24:08, 132.75, 52.25, 19.25, 26.25, 9999.0, 1.5, 1.75, 19.75, 9999.0, 9999.0, 9999.0, 121.0, 124.25, 120.25, 104.0, 135.5
2023-04-06, 00:24:12, 132.75, 52.25, 19.25, 26.0, 9999.0, 1.25, 1.5, 19.75, 9999.0, 9999.0, 9999.0, 121.25, 124.25, 120.25, 104.0, 135.5
2023-04-06, 00:24:16, 132.75, 52.25, 19.25, 26.0, 9999.0, 1.5, 1.75, 19.75, 9999.0, 9999.0, 9999.0, 121.0, 124.25, 120.25, 104.0, 135.5
2023-04-06, 00:24:20, 132.75, 52.25, 19.25, 26.0, 9999.0, 1.5, 1.5, 19.75, 9999.0, 9999.0, 9999.0, 121.0, 124.5, 120.5, 104.0, 135.25
2023-04-06, 00:24:24, 132.75, 52.25, 19.5, 26.0, 9999.0, 1.5, 1.75, 19.75, 9999.0, 9999.0, 9999.0, 121.0, 124.5, 120.25, 104.0, 135.25
2023-04-06, 00:24:28, 132.75, 52.25, 19.25, 26.0, 9999.0, 1.25, 1.5, 19.75, 9999.0, 9999.0, 9999.0, 121.0, 124.5, 120.25, 104.0, 135.25
2023-04-06, 00:24:32, 132.75, 52.25, 19.25, 26.0, 9999.0, 1.25, 1.5, 20.0, 9999.0, 9999.0, 9999.0, 121.0, 124.5, 120.5, 104.0, 135.5
2023-04-06, 00:24:36, 132.75, 52.25, 19.25, 26.25, 9999.0, 1.25, 1.75, 19.75, 9999.0, 9999.0, 9999.0, 121.0, 124.5, 120.5, 104.25, 135.5
2023-04-06, 00:24:40, 132.75, 52.25, 19.25, 26.0, 9999.0, 1.25, 1.5, 19.75, 9999.0, 9999.0, 9999.0, 121.0, 124.5, 120.25, 104.0, 135.5
2023-04-06, 00:24:44, 132.75, 52.25, 19.25, 26.25, 9999.0, 1.25, 1.5, 19.75, 9999.0, 9999.0, 9999.0, 121.0, 124.5, 120.5, 104.25, 135.5
2023-04-06, 00:24:48, 132.75, 52.25, 19.25, 26.25, 9999.0, 1.25, 1.5, 19.75, 9999.0, 9999.0, 9999.0, 121.0, 124.5, 120.25, 104.0, 135.5
2023-04-06, 00:24:52, 132.75, 52.25, 19.25, 26.5, 9999.0, 1.25, 1.5, 19.75, 9999.0, 9999.0, 9999.0, 121.0, 124.5, 120.5, 104.25, 135.25
2023-04-06, 00:24:56, 132.75, 52.25, 19.25, 26.5, 9999.0, 1.25, 1.5, 19.75, 9999.0, 9999.0, 9999.0, 120.75, 124.5, 120.5, 104.0, 135.5
2023-04-06, 00:25:00, 132.75, 52.5, 19.5, 26.25, 9999.0, 1.5, 1.5, 19.75, 9999.0, 9999.0, 9999.0, 120.75, 124.5, 120.5, 104.0, 135.5
2023-04-06, 00:25:04, 132.75, 52.25, 19.25, 26.0, 9999.0, 1.5, 1.5, 19.75, 9999.0, 9999.0, 9999.0, 120.75, 124.5, 120.5, 104.0, 135.5
2023-04-06, 00:25:09, 132.75, 52.25, 19.25, 26.0, 9999.0, 1.5, 1.5, 20.0, 9999.0, 9999.0, 9999.0, 120.75, 124.5, 120.5, 104.0, 135.5
2023-04-06, 00:25:13, 132.75, 52.25, 19.25, 26.25, 9999.0, 1.5, 1.75, 19.75, 9999.0, 9999.0, 9999.0, 120.75, 124.25, 120.5, 104.0, 135.5
2023-04-06, 00:25:17, 132.75, 52.25, 19.25, 26.25, 9999.0, 1.75, 1.75, 20.0, 9999.0, 9999.0, 9999.0, 121.5, 124.5, 120.25, 104.0, 135.5
2023-04-06, 00:25:21, 132.75, 52.25, 19.25, 26.25, 9999.0, 1.5, 1.5, 20.0, 9999.0, 9999.0, 9999.0, 121.25, 124.25, 120.5, 104.0, 135.5
2023-04-06, 00:25:25, 132.75, 52.25, 19.25, 26.25, 9999.0, 1.5, 1.5, 20.0, 9999.0, 9999.0, 9999.0, 121.25, 124.25, 120.5, 104.25, 135.5
2023-04-06, 00:25:29, 132.75, 52.25, 19.0, 26.0, 9999.0, 1.5, 1.5, 20.0, 9999.0, 9999.0, 9999.0, 121.25, 124.25, 120.5, 104.0, 135.5
2023-04-06, 00:25:33, 132.75, 52.5, 19.25, 26.25, 9999.0, 1.5, 1.75, 19.75, 9999.0, 9999.0, 9999.0, 121.25, 124.25, 120.5, 104.25, 135.5
2023-04-06, 00:25:37, 132.75, 52.25, 19.25, 26.0, 9999.0, 1.25, 1.75, 19.75, 9999.0, 9999.0, 9999.0, 121.25, 124.25, 120.25, 104.0, 135.25
2023-04-06, 00:25:41, 132.75, 52.25, 19.25, 26.25, 9999.0, 1.5, 1.75, 20.0, 9999.0, 9999.0, 9999.0, 121.0, 124.5, 120.25, 104.0, 135.5
2023-04-06, 00:25:45, 132.75, 52.25, 19.25, 26.25, 9999.0, 1.25, 1.75, 19.75, 9999.0, 9999.0, 9999.0, 121.0, 124.5, 120.5, 104.25, 135.5
2023-04-06, 00:25:49, 132.75, 52.5, 19.25, 26.25, 9999.0, 1.5, 1.5, 19.75, 9999.0, 9999.0, 9999.0, 121.0, 124.5, 120.5, 104.0, 135.5
2023-04-06, 00:25:53, 132.75, 52.25, 19.5, 26.25, 9999.0, 1.25, 1.5, 19.75, 9999.0, 9999.0, 9999.0, 121.0, 124.5, 120.5, 104.25, 135.5
2023-04-06, 00:25:57, 132.75, 52.25, 19.25, 26.0, 9999.0, 1.5, 1.5, 19.75, 9999.0, 9999.0, 9999.0, 121.0, 124.5, 120.5, 104.0, 135.5
2023-04-06, 00:26:01, 132.75, 52.25, 19.25, 26.25, 9999.0, 1.25, 1.75, 19.75, 9999.0, 9999.0, 9999.0, 121.0, 124.5, 120.25, 104.25, 135.5
2023-04-06, 00:26:05, 132.75, 52.5, 19.5, 26.25, 9999.0, 1.25, 1.5, 20.0, 9999.0, 9999.0, 9999.0, 121.0, 124.5, 120.25, 104.0, 135.5
2023-04-06, 00:26:09, 132.75, 52.25, 19.25, 26.25, 9999.0, 1.25, 1.5, 19.75, 9999.0, 9999.0, 9999.0, 121.0, 124.5, 120.25, 104.25, 135.5
2023-04-06, 00:26:13, 132.75, 52.25, 19.25, 26.25, 9999.0, 1.25, 1.5, 19.75, 9999.0, 9999.0, 9999.0, 121.0, 124.5, 120.25, 104.0, 135.5
2023-04-06, 00:26:17, 132.75, 52.5, 19.25, 26.0, 9999.0, 1.25, 1.5, 20.0, 9999.0, 9999.0, 9999.0, 120.75, 124.5, 120.5, 104.0, 135.5
2023-04-06, 00:26:21, 132.75, 52.25, 19.25, 26.0, 9999.0, 1.5, 1.5, 20.0, 9999.0, 9999.0, 9999.0, 120.75, 124.5, 120.5, 104.0, 135.5
2023-04-06, 00:26:25, 132.75, 52.25, 19.25, 26.0, 9999.0, 1.5, 1.5, 19.75, 9999.0, 9999.0, 9999.0, 120.75, 124.5, 120.5, 104.0, 135.5
2023-04-06, 00:26:29, 132.75, 52.25, 19.25, 26.25, 9999.0, 1.5, 1.75, 20.0, 9999.0, 9999.0, 9999.0, 120.75, 124.5, 120.5, 104.0, 135.5
2023-04-06, 00:26:33, 132.75, 52.25, 19.25, 26.25, 9999.0, 1.5, 1.5, 19.75, 9999.0, 9999.0, 9999.0, 120.75, 124.5, 120.25, 104.25, 135.5
2023-04-06, 00:26:37, 132.75, 52.25, 19.25, 26.0, 9999.0, 1.5, 1.75, 19.75, 9999.0, 9999.0, 9999.0, 121.5, 124.5, 120.5, 104.0, 135.5
2023-04-06, 00:26:41, 132.75, 52.5, 19.25, 26.25, 9999.0, 1.5, 1.75, 19.75, 9999.0, 9999.0, 9999.0, 121.5, 124.5, 120.5, 104.0, 135.5
2023-04-06, 00:26:45, 132.75, 52.5, 19.25, 26.25, 9999.0, 1.5, 1.75, 20.0, 9999.0, 9999.0, 9999.0, 121.25, 124.25, 120.5, 104.25, 135.5
2023-04-06, 00:26:49, 132.75, 52.25, 19.25, 26.25, 9999.0, 1.5, 1.75, 20.0, 9999.0, 9999.0, 9999.0, 121.25, 124.25, 120.5, 104.0, 135.5
2023-04-06, 00:26:53, 132.75, 52.25, 19.25, 26.0, 9999.0, 1.5, 1.75, 19.75, 9999.0, 9999.0, 9999.0, 121.25, 124.25, 120.25, 104.0, 135.5
2023-04-06, 00:26:57, 132.75, 52.25, 19.25, 26.25, 9999.0, 1.5, 1.75, 19.75, 9999.0, 9999.0, 9999.0, 121.25, 124.25, 120.25, 104.0, 135.5
2023-04-06, 00:27:01, 132.75, 52.25, 19.25, 26.0, 9999.0, 1.5, 1.75, 19.75, 9999.0, 9999.0, 9999.0, 121.0, 124.25, 120.25, 104.0, 135.5
2023-04-06, 00:27:05, 132.75, 52.25, 19.25, 26.25, 9999.0, 1.5, 1.75, 19.75, 9999.0, 9999.0, 9999.0, 121.0, 124.5, 120.5, 104.25, 135.5
2023-04-06, 00:27:09, 132.75, 52.25, 19.25, 26.25, 9999.0, 1.5, 1.75, 19.75, 9999.0, 9999.0, 9999.0, 121.0, 124.5, 120.5, 104.25, 135.5
2023-04-06, 00:27:13, 132.75, 52.25, 19.25, 26.25, 9999.0, 1.5, 1.75, 20.0, 9999.0, 9999.0, 9999.0, 121.0, 124.5, 120.5, 104.25, 135.5
2023-04-06, 00:27:17, 132.75, 52.25, 19.25, 26.25, 9999.0, 1.25, 1.75, 20.0, 9999.0, 9999.0, 9999.0, 121.0, 124.5, 120.5, 104.25, 135.5
2023-04-06, 00:27:21, 132.75, 52.25, 19.25, 26.25, 9999.0, 1.25, 1.75, 19.75, 9999.0, 9999.0, 9999.0, 121.0, 124.5, 120.5, 104.25, 135.5
2023-04-06, 00:27:25, 132.75, 52.25, 19.25, 26.25, 9999.0, 1.25, 1.5, 19.75, 9999.0, 9999.0, 9999.0, 121.0, 124.5, 120.5, 104.25, 135.5
2023-04-06, 00:27:29, 132.75, 52.25, 19.25, 26.25, 9999.0, 1.25, 1.5, 19.75, 9999.0, 9999.0, 9999.0, 121.0, 124.5, 120.25, 104.25, 135.5
2023-04-06, 00:27:33, 132.75, 52.25, 19.5, 26.25, 9999.0, 1.25, 1.5, 19.75, 9999.0, 9999.0, 9999.0, 121.0, 124.5, 120.25, 104.25, 135.5
2023-04-06, 00:27:37, 132.75, 52.25, 19.25, 26.25, 9999.0, 1.25, 1.5, 19.75, 9999.0, 9999.0, 9999.0, 121.0, 124.5, 120.5, 104.25, 135.5
2023-04-06, 00:27:41, 132.75, 52.25, 19.25, 26.25, 9999.0, 1.5, 1.5, 20.0, 9999.0, 9999.0, 9999.0, 120.75, 124.5, 120.5, 104.25, 135.5
2023-04-06, 00:27:45, 132.75, 52.25, 19.25, 26.25, 9999.0, 1.5, 1.5, 20.0, 9999.0, 9999.0, 9999.0, 120.75, 124.5, 120.5, 104.0, 135.5
2023-04-06, 00:27:49, 132.75, 52.5, 19.25, 26.25, 9999.0, 1.5, 1.75, 19.75, 9999.0, 9999.0, 9999.0, 120.75, 124.5, 120.5, 104.25, 135.5
2023-04-06, 00:27:53, 132.75, 52.25, 19.25, 26.25, 9999.0, 1.75, 1.75, 20.0, 9999.0, 9999.0, 9999.0, 120.75, 124.5, 120.5, 104.0, 135.5
2023-04-06, 00:27:57, 132.75, 52.25, 19.25, 26.0, 9999.0, 1.5, 1.75, 20.0, 9999.0, 9999.0, 9999.0, 121.5, 124.5, 120.5, 104.0, 135.5
2023-04-06, 00:28:01, 132.75, 52.25, 19.25, 26.0, 9999.0, 1.5, 1.75, 20.0, 9999.0, 9999.0, 9999.0, 121.25, 124.5, 120.5, 104.0, 135.5
2023-04-06, 00:28:05, 132.75, 52.5, 19.25, 26.25, 9999.0, 1.5, 1.75, 20.0, 9999.0, 9999.0, 9999.0, 121.25, 124.5, 120.5, 104.25, 135.5
2023-04-06, 00:28:09, 132.75, 52.25, 19.25, 26.25, 9999.0, 1.5, 1.75, 19.75, 9999.0, 9999.0, 9999.0, 121.25, 124.5, 120.25, 104.25, 135.5
2023-04-06, 00:28:13, 132.75, 52.5, 19.25, 26.25, 9999.0, 1.5, 1.75, 20.0, 9999.0, 9999.0, 9999.0, 121.25, 124.25, 120.5, 104.0, 135.5
2023-04-06, 00:28:17, 132.75, 52.25, 19.25, 26.25, 9999.0, 1.5, 1.75, 19.75, 9999.0, 9999.0, 9999.0, 121.25, 124.5, 120.25, 104.25, 135.5
2023-04-06, 00:28:21, 132.75, 52.25, 19.25, 26.25, 9999.0, 1.5, 1.75, 19.75, 9999.0, 9999.0, 9999.0, 121.0, 124.25, 120.5, 104.25, 135.5
2023-04-06, 00:28:25, 132.75, 52.5, 19.25, 26.25, 9999.0, 1.5, 1.75, 19.75, 9999.0, 9999.0, 9999.0, 121.0, 124.5, 120.5, 104.25, 135.5
2023-04-06, 00:28:29, 132.75, 52.25, 19.25, 26.25, 9999.0, 1.5, 1.75, 19.75, 9999.0, 9999.0, 9999.0, 121.25, 124.5, 120.5, 104.25, 135.5
2023-04-06, 00:28:33, 132.75, 52.25, 19.25, 26.5, 9999.0, 1.5, 1.75, 20.0, 9999.0, 9999.0, 9999.0, 121.0, 124.5, 120.5, 104.25, 135.5
2023-04-06, 00:28:37, 132.75, 52.25, 19.25, 26.25, 9999.0, 1.25, 1.75, 19.75, 9999.0, 9999.0, 9999.0, 121.0, 124.5, 120.5, 104.25, 135.5
2023-04-06, 00:28:41, 132.75, 52.5, 19.25, 26.25, 9999.0, 1.5, 1.75, 20.0, 9999.0, 9999.0, 9999.0, 121.0, 124.5, 120.5, 104.25, 135.5
2023-04-06, 00:28:45, 132.75, 52.25, 19.25, 26.25, 9999.0, 1.25, 1.75, 20.0, 9999.0, 9999.0, 9999.0, 121.0, 124.5, 120.5, 104.25, 135.5
2023-04-06, 00:28:49, 133.0, 52.25, 19.25, 26.25, 9999.0, 1.25, 1.75, 20.0, 9999.0, 9999.0, 9999.0, 121.0, 124.5, 120.25, 104.25, 135.5
2023-04-06, 00:28:53, 132.75, 52.25, 19.25, 26.0, 9999.0, 1.25, 1.5, 19.75, 9999.0, 9999.0, 9999.0, 120.75, 124.5, 120.25, 104.25, 135.5
2023-04-06, 00:28:57, 132.75, 52.25, 19.25, 26.25, 9999.0, 1.25, 1.5, 20.0, 9999.0, 9999.0, 9999.0, 120.75, 124.5, 120.5, 104.0, 135.5
2023-04-06, 00:29:01, 132.75, 52.25, 19.25, 26.0, 9999.0, 1.5, 1.5, 20.0, 9999.0, 9999.0, 9999.0, 120.75, 124.5, 120.5, 104.25, 135.5
2023-04-06, 00:29:05, 132.75, 52.25, 19.25, 26.0, 9999.0, 1.5, 1.5, 20.0, 9999.0, 9999.0, 9999.0, 120.75, 124.5, 120.5, 104.25, 135.5
2023-04-06, 00:29:09, 132.75, 52.25, 19.25, 26.0, 9999.0, 1.5, 1.75, 19.75, 9999.0, 9999.0, 9999.0, 120.75, 124.5, 120.5, 104.25, 135.5
2023-04-06, 00:29:13, 132.75, 52.25, 19.25, 26.25, 9999.0, 1.75, 1.75, 19.75, 9999.0, 9999.0, 9999.0, 120.75, 124.5, 120.5, 104.0, 135.5
2023-04-06, 00:29:17, 132.75, 52.25, 19.25, 26.25, 9999.0, 1.5, 1.75, 20.0, 9999.0, 9999.0, 9999.0, 121.5, 124.5, 120.25, 104.0, 135.5
2023-04-06, 00:29:21, 132.75, 52.25, 19.25, 26.25, 9999.0, 1.5, 1.75, 20.0, 9999.0, 9999.0, 9999.0, 121.5, 124.5, 120.5, 104.25, 135.5
2023-04-06, 00:29:25, 132.75, 52.5, 19.25, 26.25, 9999.0, 1.5, 1.75, 19.75, 9999.0, 9999.0, 9999.0, 121.25, 124.25, 120.5, 104.25, 135.5
2023-04-06, 00:29:29, 132.75, 52.25, 19.25, 26.25, 9999.0, 1.5, 1.75, 20.0, 9999.0, 9999.0, 9999.0, 121.25, 124.25, 120.5, 104.25, 135.5
2023-04-06, 00:29:33, 132.75, 52.25, 19.25, 26.25, 9999.0, 1.5, 1.75, 20.0, 9999.0, 9999.0, 9999.0, 121.25, 124.5, 120.5, 104.25, 135.5
2023-04-06, 00:29:38, 132.75, 52.25, 19.25, 26.25, 9999.0, 1.5, 1.75, 20.0, 9999.0, 9999.0, 9999.0, 121.25, 124.5, 120.25, 104.25, 135.5
2023-04-06, 00:29:42, 132.75, 52.25, 19.25, 26.25, 9999.0, 1.5, 1.75, 20.0, 9999.0, 9999.0, 9999.0, 121.25, 124.25, 120.5, 104.25, 135.5
2023-04-06, 00:29:46, 132.75, 52.25, 19.25, 26.25, 9999.0, 1.5, 1.5, 19.75, 9999.0, 9999.0, 9999.0, 121.0, 124.25, 120.25, 104.0, 135.5
2023-04-06, 00:29:50, 132.75, 52.25, 19.25, 26.25, 9999.0, 1.5, 1.75, 20.0, 9999.0, 9999.0, 9999.0, 121.0, 124.5, 120.25, 104.25, 135.5
2023-04-06, 00:29:54, 132.75, 52.25, 19.25, 26.25, 9999.0, 1.5, 1.75, 20.0, 9999.0, 9999.0, 9999.0, 121.0, 124.5, 120.25, 104.25, 135.5
2023-04-06, 00:29:58, 132.75, 52.25, 19.25, 26.25, 9999.0, 1.5, 1.75, 20.0, 9999.0, 9999.0, 9999.0, 121.0, 124.5, 120.5, 104.25, 135.5
2023-04-06, 00:30:02, 132.75, 52.25, 19.25, 26.0, 9999.0, 1.25, 1.75, 19.75, 9999.0, 9999.0, 9999.0, 121.0, 124.5, 120.25, 104.25, 135.5
2023-04-06, 00:30:06, 132.75, 52.25, 19.25, 26.0, 9999.0, 1.25, 1.75, 19.75, 9999.0, 9999.0, 9999.0, 121.0, 124.5, 120.5, 104.25, 135.5
2023-04-06, 00:30:10, 132.75, 52.25, 19.25, 26.0, 9999.0, 1.25, 1.75, 20.0, 9999.0, 9999.0, 9999.0, 120.75, 124.5, 120.25, 104.25, 135.5
2023-04-06, 00:30:14, 132.75, 52.25, 19.5, 26.25, 9999.0, 1.25, 1.5, 19.75, 9999.0, 9999.0, 9999.0, 121.0, 124.5, 120.25, 104.0, 135.5
2023-04-06, 00:30:18, 132.75, 52.25, 19.25, 26.25, 9999.0, 1.25, 1.5, 19.75, 9999.0, 9999.0, 9999.0, 121.0, 124.5, 120.5, 104.0, 135.5
2023-04-06, 00:30:22, 132.75, 52.25, 19.25, 26.25, 9999.0, 1.5, 1.5, 20.0, 9999.0, 9999.0, 9999.0, 120.75, 124.5, 120.5, 104.25, 135.5
2023-04-06, 00:30:26, 132.75, 52.25, 19.25, 26.25, 9999.0, 1.5, 1.5, 19.75, 9999.0, 9999.0, 9999.0, 120.75, 124.5, 120.5, 104.0, 135.5
2023-04-06, 00:30:30, 132.75, 52.25, 19.25, 26.25, 9999.0, 1.5, 1.5, 19.75, 9999.0, 9999.0, 9999.0, 120.75, 124.5, 120.5, 104.0, 135.5
2023-04-06, 00:30:34, 132.75, 52.25, 19.25, 26.5, 9999.0, 1.75, 1.75, 20.0, 9999.0, 9999.0, 9999.0, 120.75, 124.5, 120.5, 104.25, 135.5
2023-04-06, 00:30:38, 132.75, 52.25, 19.25, 26.25, 9999.0, 1.5, 1.75, 20.0, 9999.0, 9999.0, 9999.0, 121.5, 124.5, 120.5, 104.25, 135.5
2023-04-06, 00:30:42, 132.75, 52.25, 19.25, 26.0, 9999.0, 1.5, 1.75, 19.75, 9999.0, 9999.0, 9999.0, 121.5, 124.25, 120.5, 104.0, 135.5
2023-04-06, 00:30:46, 132.75, 52.25, 19.25, 26.0, 9999.0, 1.5, 1.75, 20.0, 9999.0, 9999.0, 9999.0, 121.25, 124.5, 120.5, 104.0, 135.5
2023-04-06, 00:30:50, 132.75, 52.25, 19.25, 26.0, 9999.0, 1.5, 1.75, 19.75, 9999.0, 9999.0, 9999.0, 121.25, 124.5, 120.5, 104.0, 135.5
2023-04-06, 00:30:54, 132.75, 52.25, 19.25, 26.25, 9999.0, 1.5, 1.75, 19.75, 9999.0, 9999.0, 9999.0, 121.25, 124.5, 120.5, 104.0, 135.5
2023-04-06, 00:30:58, 132.75, 52.0, 19.25, 26.25, 9999.0, 1.5, 1.75, 19.75, 9999.0, 9999.0, 9999.0, 121.25, 124.5, 120.5, 104.0, 135.5
2023-04-06, 00:31:02, 132.75, 52.25, 19.25, 26.0, 9999.0, 1.5, 1.75, 19.75, 9999.0, 9999.0, 9999.0, 121.0, 124.25, 120.25, 104.0, 135.5
2023-04-06, 00:31:06, 132.75, 52.25, 19.25, 26.0, 9999.0, 1.5, 1.5, 19.75, 9999.0, 9999.0, 9999.0, 121.0, 124.25, 120.5, 104.0, 135.5
2023-04-06, 00:31:10, 132.75, 52.25, 19.25, 26.0, 9999.0, 1.5, 1.75, 19.75, 9999.0, 9999.0, 9999.0, 121.0, 124.5, 120.5, 104.25, 135.5
2023-04-06, 00:31:14, 132.75, 52.25, 19.25, 26.0, 9999.0, 1.25, 1.5, 19.75, 9999.0, 9999.0, 9999.0, 121.0, 124.5, 120.5, 104.0, 135.5
2023-04-06, 00:31:18, 132.75, 52.25, 19.25, 26.25, 9999.0, 1.25, 1.75, 19.75, 9999.0, 9999.0, 9999.0, 121.0, 124.5, 120.5, 104.0, 135.5
2023-04-06, 00:31:22, 132.75, 52.25, 19.0, 26.25, 9999.0, 1.25, 1.75, 19.75, 9999.0, 9999.0, 9999.0, 121.0, 124.5, 120.5, 104.0, 135.5
2023-04-06, 00:31:26, 132.75, 52.25, 19.25, 26.25, 9999.0, 1.25, 1.75, 19.75, 9999.0, 9999.0, 9999.0, 121.0, 124.5, 120.5, 104.0, 135.5
2023-04-06, 00:31:30, 132.75, 52.0, 19.25, 26.25, 9999.0, 1.25, 1.5, 20.0, 9999.0, 9999.0, 9999.0, 120.75, 124.5, 120.5, 104.0, 135.25
2023-04-06, 00:31:34, 132.75, 52.25, 19.25, 26.25, 9999.0, 1.25, 1.5, 19.75, 9999.0, 9999.0, 9999.0, 120.75, 124.5, 120.25, 104.0, 135.5
2023-04-06, 00:31:38, 132.75, 52.25, 19.25, 26.25, 9999.0, 1.25, 1.5, 19.75, 9999.0, 9999.0, 9999.0, 120.75, 124.5, 120.5, 104.0, 135.5
2023-04-06, 00:31:42, 132.75, 52.25, 19.25, 26.0, 9999.0, 1.5, 1.5, 19.75, 9999.0, 9999.0, 9999.0, 120.75, 124.5, 120.5, 104.0, 135.5
2023-04-06, 00:31:46, 132.75, 52.25, 19.25, 26.0, 9999.0, 1.5, 1.5, 19.75, 9999.0, 9999.0, 9999.0, 120.75, 124.25, 120.5, 104.0, 135.5
2023-04-06, 00:31:50, 132.75, 52.25, 19.25, 26.25, 9999.0, 1.5, 1.5, 19.75, 9999.0, 9999.0, 9999.0, 120.75, 124.5, 120.5, 104.0, 135.25
2023-04-06, 00:31:54, 132.5, 52.25, 19.25, 26.25, 9999.0, 1.5, 1.75, 19.75, 9999.0, 9999.0, 9999.0, 120.75, 124.25, 120.5, 104.0, 135.5
2023-04-06, 00:31:58, 132.75, 52.25, 19.25, 26.0, 9999.0, 1.5, 1.75, 19.75, 9999.0, 9999.0, 9999.0, 121.5, 124.25, 120.25, 104.0, 135.5
2023-04-06, 00:32:02, 132.75, 52.25, 19.25, 26.0, 9999.0, 1.5, 1.5, 19.75, 9999.0, 9999.0, 9999.0, 121.25, 124.25, 120.25, 104.0, 135.25
2023-04-06, 00:32:06, 132.75, 52.25, 19.25, 26.0, 9999.0, 1.5, 1.5, 19.75, 9999.0, 9999.0, 9999.0, 121.25, 124.25, 120.25, 104.0, 135.25
2023-04-06, 00:32:10, 132.75, 52.0, 19.0, 26.0, 9999.0, 1.5, 1.5, 19.75, 9999.0, 9999.0, 9999.0, 121.25, 124.25, 120.25, 104.0, 135.25
2023-04-06, 00:32:14, 132.75, 52.0, 19.25, 26.25, 9999.0, 1.5, 1.5, 19.75, 9999.0, 9999.0, 9999.0, 121.25, 124.25, 120.25, 104.0, 135.5
2023-04-06, 00:32:18, 132.75, 52.25, 19.0, 26.25, 9999.0, 1.25, 1.5, 19.75, 9999.0, 9999.0, 9999.0, 121.0, 124.25, 120.25, 104.0, 135.5
2023-04-06, 00:32:22, 132.75, 52.25, 19.25, 26.25, 9999.0, 1.25, 1.5, 19.75, 9999.0, 9999.0, 9999.0, 121.0, 124.25, 120.25, 104.0, 135.25
2023-04-06, 00:32:26, 132.75, 52.0, 19.0, 26.25, 9999.0, 1.25, 1.5, 19.75, 9999.0, 9999.0, 9999.0, 121.0, 124.25, 120.25, 104.0, 135.25
2023-04-06, 00:32:30, 132.5, 52.0, 19.25, 26.25, 9999.0, 1.25, 1.5, 19.75, 9999.0, 9999.0, 9999.0, 121.0, 124.5, 120.25, 104.0, 135.25
2023-04-06, 00:32:34, 132.5, 52.25, 19.0, 26.25, 9999.0, 1.25, 1.5, 19.75, 9999.0, 9999.0, 9999.0, 121.0, 124.5, 120.25, 104.0, 135.25
2023-04-06, 00:32:38, 132.75, 52.0, 19.25, 26.25, 9999.0, 1.25, 1.5, 19.75, 9999.0, 9999.0, 9999.0, 121.0, 124.5, 120.25, 104.0, 135.25
2023-04-06, 00:32:42, 132.75, 52.0, 19.25, 26.25, 9999.0, 1.25, 1.5, 19.75, 9999.0, 9999.0, 9999.0, 121.0, 124.5, 120.25, 104.0, 135.25
2023-04-06, 00:32:46, 132.5, 52.0, 19.25, 26.25, 9999.0, 1.25, 1.5, 19.75, 9999.0, 9999.0, 9999.0, 121.0, 124.5, 120.25, 104.0, 135.25
2023-04-06, 00:32:50, 132.75, 52.0, 19.0, 26.25, 9999.0, 1.25, 1.5, 19.75, 9999.0, 9999.0, 9999.0, 120.75, 124.5, 120.25, 104.0, 135.5
2023-04-06, 00:32:54, 132.75, 52.25, 19.0, 26.25, 9999.0, 1.25, 1.5, 19.75, 9999.0, 9999.0, 9999.0, 120.75, 124.25, 120.25, 104.0, 135.5
2023-04-06, 00:32:58, 132.75, 52.0, 19.0, 26.25, 9999.0, 1.25, 1.5, 19.75, 9999.0, 9999.0, 9999.0, 120.75, 124.25, 120.25, 104.0, 135.25
2023-04-06, 00:33:02, 132.5, 52.25, 19.0, 26.25, 9999.0, 1.25, 1.5, 19.75, 9999.0, 9999.0, 9999.0, 120.75, 124.25, 120.5, 104.0, 135.25
2023-04-06, 00:33:06, 132.75, 52.0, 19.0, 26.25, 9999.0, 1.25, 1.5, 19.75, 9999.0, 9999.0, 9999.0, 120.5, 124.25, 120.5, 104.0, 135.25
2023-04-06, 00:33:10, 132.5, 52.0, 19.0, 26.25, 9999.0, 1.25, 1.5, 19.75, 9999.0, 9999.0, 9999.0, 120.5, 124.5, 120.5, 104.0, 135.25
2023-04-06, 00:33:14, 132.75, 52.0, 19.25, 26.25, 9999.0, 1.5, 1.5, 19.75, 9999.0, 9999.0, 9999.0, 120.5, 124.25, 120.25, 104.0, 135.25
2023-04-06, 00:33:18, 132.75, 52.0, 19.0, 26.25, 9999.0, 1.5, 1.5, 19.75, 9999.0, 9999.0, 9999.0, 121.5, 124.5, 120.5, 104.0, 135.25
2023-04-06, 00:33:22, 132.75, 52.0, 19.25, 26.25, 9999.0, 1.5, 1.5, 19.75, 9999.0, 9999.0, 9999.0, 121.25, 124.25, 120.5, 104.0, 135.25
2023-04-06, 00:33:26, 132.75, 52.0, 19.0, 26.25, 9999.0, 1.5, 1.5, 19.75, 9999.0, 9999.0, 9999.0, 121.25, 124.25, 120.25, 104.0, 135.25
2023-04-06, 00:33:30, 132.5, 52.0, 19.25, 26.0, 9999.0, 1.5, 1.5, 19.75, 9999.0, 9999.0, 9999.0, 121.25, 124.25, 120.25, 104.0, 135.25
2023-04-06, 00:33:34, 132.75, 52.0, 19.0, 26.25, 9999.0, 1.5, 1.5, 19.75, 9999.0, 9999.0, 9999.0, 121.0, 124.25, 120.25, 104.0, 135.25
2023-04-06, 00:33:38, 132.75, 52.0, 19.0, 26.0, 9999.0, 1.25, 1.5, 19.75, 9999.0, 9999.0, 9999.0, 121.0, 124.25, 120.25, 104.0, 135.25
2023-04-06, 00:33:42, 132.75, 52.0, 19.0, 26.0, 9999.0, 1.25, 1.5, 19.75, 9999.0, 9999.0, 9999.0, 121.0, 124.25, 120.25, 104.0, 135.25
2023-04-06, 00:33:46, 132.5, 52.0, 19.0, 26.0, 9999.0, 1.25, 1.5, 19.75, 9999.0, 9999.0, 9999.0, 121.0, 124.25, 120.25, 104.0, 135.25
2023-04-06, 00:33:50, 132.5, 52.0, 19.0, 26.0, 9999.0, 1.25, 1.5, 19.5, 9999.0, 9999.0, 9999.0, 121.0, 124.5, 120.5, 104.0, 135.25
2023-04-06, 00:33:54, 132.75, 52.0, 19.25, 26.0, 9999.0, 1.25, 1.5, 19.75, 9999.0, 9999.0, 9999.0, 121.0, 124.5, 120.25, 104.0, 135.25
2023-04-06, 00:33:58, 132.5, 52.0, 19.25, 26.0, 9999.0, 1.25, 1.5, 19.5, 9999.0, 9999.0, 9999.0, 121.0, 124.5, 120.25, 104.0, 135.25
2023-04-06, 00:34:03, 132.5, 52.0, 19.0, 26.25, 9999.0, 1.25, 1.5, 19.5, 9999.0, 9999.0, 9999.0, 120.75, 124.5, 120.25, 104.0, 135.25
2023-04-06, 00:34:07, 132.5, 52.0, 19.25, 26.0, 9999.0, 1.25, 1.5, 19.75, 9999.0, 9999.0, 9999.0, 121.0, 124.5, 120.25, 104.0, 135.25
2023-04-06, 00:34:11, 132.5, 52.0, 19.0, 26.0, 9999.0, 1.25, 1.5, 19.75, 9999.0, 9999.0, 9999.0, 120.75, 124.25, 120.25, 104.0, 135.25
2023-04-06, 00:34:15, 132.5, 52.0, 19.0, 26.0, 9999.0, 1.25, 1.5, 19.75, 9999.0, 9999.0, 9999.0, 120.75, 124.25, 120.25, 104.0, 135.25
2023-04-06, 00:34:19, 132.5, 52.0, 19.0, 26.25, 9999.0, 1.0, 1.5, 19.75, 9999.0, 9999.0, 9999.0, 120.75, 124.5, 120.5, 104.0, 135.25
2023-04-06, 00:34:23, 132.5, 52.0, 19.0, 26.0, 9999.0, 1.25, 1.5, 19.75, 9999.0, 9999.0, 9999.0, 120.5, 124.5, 120.5, 104.0, 135.25
2023-04-06, 00:34:27, 132.5, 52.0, 19.25, 26.0, 9999.0, 1.5, 1.5, 19.5, 9999.0, 9999.0, 9999.0, 120.5, 124.25, 120.5, 103.75, 135.25
2023-04-06, 00:34:31, 132.5, 52.0, 19.25, 26.25, 9999.0, 1.25, 1.5, 19.75, 9999.0, 9999.0, 9999.0, 120.75, 124.25, 120.25, 104.0, 135.25
2023-04-06, 00:34:35, 132.5, 52.0, 19.0, 26.25, 9999.0, 1.5, 1.5, 19.75, 9999.0, 9999.0, 9999.0, 120.5, 124.25, 120.25, 104.0, 135.25
2023-04-06, 00:34:39, 132.5, 52.0, 19.0, 26.25, 9999.0, 1.5, 1.5, 19.5, 9999.0, 9999.0, 9999.0, 121.25, 124.25, 120.25, 104.0, 135.25
2023-04-06, 00:34:43, 132.5, 52.0, 19.0, 26.0, 9999.0, 1.25, 1.5, 19.5, 9999.0, 9999.0, 9999.0, 121.25, 124.25, 120.25, 104.0, 135.25
2023-04-06, 00:34:47, 132.5, 52.0, 19.0, 26.0, 9999.0, 1.5, 1.5, 19.5, 9999.0, 9999.0, 9999.0, 121.25, 124.25, 120.5, 104.0, 135.25
2023-04-06, 00:34:51, 132.5, 52.0, 19.0, 26.25, 9999.0, 1.25, 1.5, 19.5, 9999.0, 9999.0, 9999.0, 121.25, 124.25, 120.25, 104.0, 135.25
2023-04-06, 00:34:55, 132.5, 52.0, 19.0, 26.25, 9999.0, 1.25, 1.5, 19.5, 9999.0, 9999.0, 9999.0, 121.0, 124.25, 120.25, 104.0, 135.25
2023-04-06, 00:34:59, 132.5, 52.0, 19.0, 26.25, 9999.0, 1.25, 1.5, 19.5, 9999.0, 9999.0, 9999.0, 121.0, 124.25, 120.25, 104.0, 135.25
2023-04-06, 00:35:03, 132.5, 52.0, 19.0, 26.25, 9999.0, 1.25, 1.5, 19.5, 9999.0, 9999.0, 9999.0, 120.75, 124.25, 120.25, 104.0, 135.25
2023-04-06, 00:35:07, 132.5, 52.0, 19.25, 26.0, 9999.0, 1.25, 1.5, 19.75, 9999.0, 9999.0, 9999.0, 120.75, 124.25, 120.25, 104.0, 135.25
2023-04-06, 00:35:11, 132.5, 52.0, 19.0, 26.0, 9999.0, 1.25, 1.5, 19.5, 9999.0, 9999.0, 9999.0, 121.0, 124.5, 120.25, 104.0, 135.25
2023-04-06, 00:35:15, 132.5, 52.0, 19.0, 26.0, 9999.0, 1.25, 1.5, 19.75, 9999.0, 9999.0, 9999.0, 121.0, 124.5, 120.25, 104.0, 135.25
2023-04-06, 00:35:19, 132.5, 52.0, 19.0, 26.0, 9999.0, 1.0, 1.5, 19.5, 9999.0, 9999.0, 9999.0, 120.75, 124.5, 120.25, 104.0, 135.25
2023-04-06, 00:35:23, 132.5, 52.0, 19.0, 26.25, 9999.0, 1.0, 1.5, 19.75, 9999.0, 9999.0, 9999.0, 120.75, 124.5, 120.25, 104.0, 135.25
2023-04-06, 00:35:27, 132.5, 52.0, 19.0, 26.0, 9999.0, 1.25, 1.5, 19.75, 9999.0, 9999.0, 9999.0, 120.75, 124.25, 120.25, 104.0, 135.25
2023-04-06, 00:35:31, 132.5, 52.0, 19.0, 26.0, 9999.0, 1.0, 1.25, 19.75, 9999.0, 9999.0, 9999.0, 120.75, 124.5, 120.25, 103.75, 135.25
2023-04-06, 00:35:35, 132.5, 52.0, 19.0, 26.0, 9999.0, 1.0, 1.25, 19.5, 9999.0, 9999.0, 9999.0, 120.75, 124.25, 120.25, 104.0, 135.25
2023-04-06, 00:35:39, 132.5, 52.0, 18.75, 26.0, 9999.0, 1.0, 1.5, 19.75, 9999.0, 9999.0, 9999.0, 120.75, 124.5, 120.25, 104.0, 135.25
2023-04-06, 00:35:43, 132.5, 52.0, 18.75, 26.0, 9999.0, 1.25, 1.25, 19.5, 9999.0, 9999.0, 9999.0, 120.5, 124.25, 120.25, 104.0, 135.25
2023-04-06, 00:35:47, 132.5, 52.0, 19.0, 26.25, 9999.0, 1.25, 1.5, 19.5, 9999.0, 9999.0, 9999.0, 120.5, 124.25, 120.25, 104.0, 135.25
2023-04-06, 00:35:51, 132.5, 51.75, 19.0, 26.25, 9999.0, 1.25, 1.5, 19.5, 9999.0, 9999.0, 9999.0, 120.5, 124.5, 120.25, 104.0, 135.25
2023-04-06, 00:35:55, 132.5, 52.0, 19.0, 26.25, 9999.0, 1.5, 1.5, 19.5, 9999.0, 9999.0, 9999.0, 120.5, 124.25, 120.25, 104.0, 135.25
2023-04-06, 00:35:59, 132.5, 52.0, 19.0, 26.25, 9999.0, 1.5, 1.25, 19.75, 9999.0, 9999.0, 9999.0, 121.25, 124.5, 120.25, 104.0, 135.25
2023-04-06, 00:36:03, 132.5, 52.0, 19.0, 26.25, 9999.0, 1.5, 1.5, 19.75, 9999.0, 9999.0, 9999.0, 121.25, 124.25, 120.25, 104.0, 135.25
2023-04-06, 00:36:07, 132.5, 52.0, 19.0, 26.25, 9999.0, 1.25, 1.5, 19.5, 9999.0, 9999.0, 9999.0, 121.25, 124.25, 120.25, 104.0, 135.25
2023-04-06, 00:36:11, 132.5, 52.0, 19.0, 26.25, 9999.0, 1.25, 1.5, 19.75, 9999.0, 9999.0, 9999.0, 121.0, 124.25, 120.25, 104.0, 135.25
2023-04-06, 00:36:15, 132.5, 52.0, 19.0, 26.25, 9999.0, 1.25, 1.5, 19.5, 9999.0, 9999.0, 9999.0, 121.0, 124.25, 120.25, 104.0, 135.25
2023-04-06, 00:36:19, 132.5, 52.0, 19.0, 26.25, 9999.0, 1.25, 1.5, 19.5, 9999.0, 9999.0, 9999.0, 121.0, 124.25, 120.25, 104.0, 135.25
2023-04-06, 00:36:23, 132.5, 52.0, 19.0, 26.25, 9999.0, 1.25, 1.5, 19.5, 9999.0, 9999.0, 9999.0, 121.0, 124.25, 120.25, 103.75, 135.25
2023-04-06, 00:36:27, 132.5, 52.0, 19.0, 26.25, 9999.0, 1.25, 1.5, 19.5, 9999.0, 9999.0, 9999.0, 120.75, 124.25, 120.25, 104.0, 135.25
2023-04-06, 00:36:31, 132.5, 52.0, 19.0, 26.0, 9999.0, 1.25, 1.5, 19.5, 9999.0, 9999.0, 9999.0, 121.0, 124.5, 120.25, 103.75, 135.25
2023-04-06, 00:36:35, 132.5, 52.0, 19.0, 26.0, 9999.0, 1.25, 1.5, 19.5, 9999.0, 9999.0, 9999.0, 121.0, 124.5, 120.25, 104.0, 135.25
2023-04-06, 00:36:39, 132.5, 52.0, 19.0, 26.0, 9999.0, 1.25, 1.25, 19.5, 9999.0, 9999.0, 9999.0, 120.75, 124.5, 120.25, 104.0, 135.25
2023-04-06, 00:36:43, 132.5, 52.0, 19.0, 26.0, 9999.0, 1.0, 1.5, 19.5, 9999.0, 9999.0, 9999.0, 120.75, 124.25, 120.25, 104.0, 135.25
2023-04-06, 00:36:47, 132.5, 52.0, 19.0, 26.0, 9999.0, 1.0, 1.5, 19.5, 9999.0, 9999.0, 9999.0, 120.75, 124.5, 120.25, 104.0, 135.25
2023-04-06, 00:36:51, 132.5, 52.0, 18.75, 26.0, 9999.0, 1.0, 1.25, 19.5, 9999.0, 9999.0, 9999.0, 120.5, 124.25, 120.25, 104.0, 135.25
2023-04-06, 00:36:55, 132.5, 52.0, 19.0, 26.0, 9999.0, 1.0, 1.5, 19.5, 9999.0, 9999.0, 9999.0, 120.75, 124.5, 120.25, 104.0, 135.25
2023-04-06, 00:36:59, 132.5, 52.0, 19.0, 26.0, 9999.0, 1.0, 1.5, 19.5, 9999.0, 9999.0, 9999.0, 120.5, 124.25, 120.25, 104.0, 135.25
2023-04-06, 00:37:03, 132.5, 52.0, 19.0, 26.0, 9999.0, 1.25, 1.25, 19.5, 9999.0, 9999.0, 9999.0, 120.5, 124.25, 120.25, 103.75, 135.25
2023-04-06, 00:37:07, 132.5, 52.0, 19.0, 26.0, 9999.0, 1.25, 1.25, 19.5, 9999.0, 9999.0, 9999.0, 120.5, 124.25, 120.25, 104.0, 135.25
2023-04-06, 00:37:11, 132.5, 51.75, 19.0, 26.0, 9999.0, 1.25, 1.25, 19.5, 9999.0, 9999.0, 9999.0, 120.5, 124.25, 120.25, 104.0, 135.25
2023-04-06, 00:37:15, 132.5, 52.0, 18.75, 26.0, 9999.0, 1.5, 1.5, 19.5, 9999.0, 9999.0, 9999.0, 120.5, 124.25, 120.25, 104.0, 135.25
2023-04-06, 00:37:19, 132.5, 52.0, 19.0, 26.0, 9999.0, 1.25, 1.5, 19.5, 9999.0, 9999.0, 9999.0, 121.25, 124.25, 120.25, 103.75, 135.25
2023-04-06, 00:37:23, 132.5, 51.75, 18.75, 26.0, 9999.0, 1.25, 1.5, 19.5, 9999.0, 9999.0, 9999.0, 121.25, 124.5, 120.25, 103.75, 135.25
2023-04-06, 00:37:27, 132.5, 52.0, 18.75, 26.0, 9999.0, 1.25, 1.25, 19.5, 9999.0, 9999.0, 9999.0, 121.0, 124.25, 120.25, 104.0, 135.25
2023-04-06, 00:37:31, 132.5, 52.0, 19.0, 26.0, 9999.0, 1.25, 1.5, 19.5, 9999.0, 9999.0, 9999.0, 121.0, 124.25, 120.25, 104.0, 135.25
2023-04-06, 00:37:35, 132.5, 52.0, 18.75, 26.25, 9999.0, 1.25, 1.5, 19.5, 9999.0, 9999.0, 9999.0, 121.0, 124.25, 120.25, 104.0, 135.25
2023-04-06, 00:37:39, 132.5, 51.75, 19.0, 26.25, 9999.0, 1.25, 1.5, 19.5, 9999.0, 9999.0, 9999.0, 121.0, 124.25, 120.25, 104.0, 135.25
2023-04-06, 00:37:43, 132.25, 51.75, 19.0, 26.25, 9999.0, 1.25, 1.25, 19.5, 9999.0, 9999.0, 9999.0, 121.0, 124.25, 120.25, 104.0, 135.25
2023-04-06, 00:37:47, 132.5, 51.75, 19.0, 26.0, 9999.0, 1.25, 1.5, 19.5, 9999.0, 9999.0, 9999.0, 120.75, 124.25, 120.25, 104.0, 135.25
2023-04-06, 00:37:51, 132.5, 52.0, 19.0, 25.75, 9999.0, 1.0, 1.5, 19.5, 9999.0, 9999.0, 9999.0, 120.75, 124.5, 120.25, 104.0, 135.25
2023-04-06, 00:37:55, 132.5, 51.75, 19.0, 26.0, 9999.0, 1.25, 1.25, 19.5, 9999.0, 9999.0, 9999.0, 121.0, 124.5, 120.25, 104.0, 135.25
2023-04-06, 00:37:59, 132.5, 52.0, 19.0, 26.0, 9999.0, 1.0, 1.25, 19.5, 9999.0, 9999.0, 9999.0, 120.75, 124.5, 120.25, 104.0, 135.25
2023-04-06, 00:38:03, 132.5, 51.75, 19.0, 26.0, 9999.0, 1.0, 1.25, 19.5, 9999.0, 9999.0, 9999.0, 120.75, 124.5, 120.25, 104.0, 135.25
2023-04-06, 00:38:07, 132.5, 51.75, 19.0, 26.0, 9999.0, 1.25, 1.5, 19.5, 9999.0, 9999.0, 9999.0, 120.75, 124.5, 120.25, 104.0, 135.25
2023-04-06, 00:38:11, 132.5, 51.75, 19.0, 26.0, 9999.0, 1.0, 1.25, 19.5, 9999.0, 9999.0, 9999.0, 120.75, 124.5, 120.25, 104.0, 135.25
2023-04-06, 00:38:15, 132.25, 51.75, 19.0, 26.0, 9999.0, 1.0, 1.25, 19.5, 9999.0, 9999.0, 9999.0, 120.5, 124.25, 120.25, 104.0, 135.25
2023-04-06, 00:38:19, 132.5, 51.75, 18.75, 26.0, 9999.0, 1.0, 1.25, 19.5, 9999.0, 9999.0, 9999.0, 120.5, 124.25, 120.25, 104.0, 135.0
2023-04-06, 00:38:23, 132.5, 52.0, 18.75, 26.0, 9999.0, 1.25, 1.25, 19.5, 9999.0, 9999.0, 9999.0, 120.5, 124.25, 120.25, 104.0, 135.25
2023-04-06, 00:38:27, 132.5, 51.75, 19.0, 26.0, 9999.0, 1.25, 1.5, 19.5, 9999.0, 9999.0, 9999.0, 120.5, 124.25, 120.25, 104.0, 135.25
2023-04-06, 00:38:32, 132.5, 51.75, 19.0, 26.25, 9999.0, 1.25, 1.25, 19.5, 9999.0, 9999.0, 9999.0, 120.5, 124.25, 120.25, 104.0, 135.25
2023-04-06, 00:38:36, 132.25, 52.0, 19.0, 26.0, 9999.0, 1.25, 1.25, 19.5, 9999.0, 9999.0, 9999.0, 120.5, 124.25, 120.25, 103.75, 135.25
2023-04-06, 00:38:40, 132.25, 51.75, 19.0, 26.0, 9999.0, 1.5, 1.25, 19.5, 9999.0, 9999.0, 9999.0, 121.25, 124.25, 120.25, 104.0, 135.25
2023-04-06, 00:38:44, 132.5, 52.0, 19.0, 26.25, 9999.0, 1.25, 1.25, 19.5, 9999.0, 9999.0, 9999.0, 121.25, 124.25, 120.25, 104.0, 135.25
2023-04-06, 00:38:48, 132.5, 51.75, 19.0, 26.0, 9999.0, 1.25, 1.25, 19.5, 9999.0, 9999.0, 9999.0, 121.25, 124.25, 120.25, 104.0, 135.25
2023-04-06, 00:38:52, 132.25, 51.75, 19.0, 26.0, 9999.0, 1.25, 1.25, 19.5, 9999.0, 9999.0, 9999.0, 121.0, 124.25, 120.25, 104.0, 135.25
2023-04-06, 00:38:56, 132.25, 52.0, 19.0, 26.25, 9999.0, 1.25, 1.25, 19.5, 9999.0, 9999.0, 9999.0, 121.0, 124.25, 120.25, 104.0, 135.25
2023-04-06, 00:39:00, 132.25, 51.75, 19.0, 26.25, 9999.0, 1.25, 1.5, 19.5, 9999.0, 9999.0, 9999.0, 121.0, 124.25, 120.25, 104.0, 135.25
2023-04-06, 00:39:04, 132.5, 51.75, 19.0, 26.25, 9999.0, 1.25, 1.25, 19.5, 9999.0, 9999.0, 9999.0, 121.0, 124.25, 120.25, 104.0, 135.25
2023-04-06, 00:39:08, 132.5, 51.75, 19.0, 26.25, 9999.0, 1.0, 1.5, 19.5, 9999.0, 9999.0, 9999.0, 120.75, 124.25, 120.25, 104.0, 135.0
2023-04-06, 00:39:12, 132.25, 52.0, 19.0, 26.0, 9999.0, 1.0, 1.25, 19.5, 9999.0, 9999.0, 9999.0, 121.0, 124.5, 120.25, 104.0, 135.25
2023-04-06, 00:39:16, 132.5, 51.75, 19.0, 26.0, 9999.0, 1.0, 1.25, 19.5, 9999.0, 9999.0, 9999.0, 120.75, 124.5, 120.5, 104.0, 135.0
2023-04-06, 00:39:20, 132.5, 51.75, 19.0, 26.0, 9999.0, 1.0, 1.25, 19.5, 9999.0, 9999.0, 9999.0, 120.75, 124.5, 120.25, 104.0, 135.25
2023-04-06, 00:39:24, 132.5, 52.0, 19.0, 26.25, 9999.0, 1.0, 1.25, 19.5, 9999.0, 9999.0, 9999.0, 120.75, 124.5, 120.25, 104.0, 135.25
2023-04-06, 00:39:28, 132.25, 52.0, 19.0, 26.25, 9999.0, 1.0, 1.25, 19.5, 9999.0, 9999.0, 9999.0, 120.75, 124.5, 120.5, 104.0, 135.25
2023-04-06, 00:39:32, 132.25, 51.75, 19.0, 26.0, 9999.0, 1.0, 1.25, 19.5, 9999.0, 9999.0, 9999.0, 120.75, 124.25, 120.25, 104.0, 135.25
2023-04-06, 00:39:36, 132.5, 51.75, 19.0, 26.0, 9999.0, 1.0, 1.25, 19.5, 9999.0, 9999.0, 9999.0, 120.75, 124.25, 120.25, 104.0, 135.25
2023-04-06, 00:39:40, 132.25, 51.75, 19.0, 26.25, 9999.0, 1.0, 1.25, 19.5, 9999.0, 9999.0, 9999.0, 120.75, 124.25, 120.5, 104.0, 135.25
2023-04-06, 00:39:44, 132.25, 51.75, 19.0, 26.25, 9999.0, 1.25, 1.25, 19.5, 9999.0, 9999.0, 9999.0, 120.5, 124.25, 120.25, 104.0, 135.25
2023-04-06, 00:39:48, 132.25, 51.75, 19.0, 26.25, 9999.0, 1.25, 1.25, 19.5, 9999.0, 9999.0, 9999.0, 120.5, 124.25, 120.25, 104.0, 135.25
2023-04-06, 00:39:52, 132.5, 51.75, 19.0, 26.0, 9999.0, 1.25, 1.25, 19.5, 9999.0, 9999.0, 9999.0, 120.5, 124.25, 120.25, 104.0, 135.25
2023-04-06, 00:39:56, 132.25, 51.75, 19.0, 26.25, 9999.0, 1.5, 1.25, 19.5, 9999.0, 9999.0, 9999.0, 120.5, 124.25, 120.25, 104.0, 135.25
2023-04-06, 00:40:00, 132.25, 51.75, 19.0, 26.25, 9999.0, 1.25, 1.25, 19.5, 9999.0, 9999.0, 9999.0, 121.25, 124.25, 120.25, 104.0, 135.25
2023-04-06, 00:40:04, 132.25, 51.75, 19.0, 26.25, 9999.0, 1.25, 1.25, 19.5, 9999.0, 9999.0, 9999.0, 121.25, 124.25, 120.25, 104.0, 135.25
2023-04-06, 00:40:08, 132.25, 52.0, 19.0, 26.25, 9999.0, 1.25, 1.5, 19.5, 9999.0, 9999.0, 9999.0, 121.25, 124.25, 120.25, 104.0, 135.25
2023-04-06, 00:40:12, 132.25, 51.75, 19.0, 26.25, 9999.0, 1.25, 1.25, 19.5, 9999.0, 9999.0, 9999.0, 121.0, 124.25, 120.25, 104.0, 135.25
2023-04-06, 00:40:16, 132.5, 51.75, 19.0, 26.0, 9999.0, 1.25, 1.25, 19.5, 9999.0, 9999.0, 9999.0, 121.0, 124.25, 120.25, 104.0, 135.25
2023-04-06, 00:40:20, 132.25, 51.75, 18.75, 26.25, 9999.0, 1.25, 1.25, 19.5, 9999.0, 9999.0, 9999.0, 121.0, 124.25, 120.5, 104.0, 135.25
2023-04-06, 00:40:24, 132.25, 51.75, 18.75, 26.25, 9999.0, 1.25, 1.25, 19.5, 9999.0, 9999.0, 9999.0, 120.75, 124.25, 120.25, 104.0, 135.25
2023-04-06, 00:40:28, 132.25, 52.0, 19.0, 26.0, 9999.0, 1.25, 1.25, 19.5, 9999.0, 9999.0, 9999.0, 121.0, 124.25, 120.25, 104.0, 135.25
2023-04-06, 00:40:32, 132.25, 51.75, 19.0, 26.0, 9999.0, 1.0, 1.5, 19.5, 9999.0, 9999.0, 9999.0, 120.75, 124.5, 120.5, 104.0, 135.25
2023-04-06, 00:40:36, 132.25, 51.75, 18.75, 26.25, 9999.0, 1.0, 1.25, 19.5, 9999.0, 9999.0, 9999.0, 120.75, 124.5, 120.5, 104.0, 135.25
2023-04-06, 00:40:40, 132.25, 51.75, 19.0, 26.25, 9999.0, 1.0, 1.25, 19.5, 9999.0, 9999.0, 9999.0, 120.75, 124.5, 120.25, 104.0, 135.25
2023-04-06, 00:40:44, 132.25, 51.75, 18.75, 26.25, 9999.0, 1.0, 1.25, 19.5, 9999.0, 9999.0, 9999.0, 120.75, 124.5, 120.25, 104.0, 135.25
2023-04-06, 00:40:48, 132.25, 51.75, 18.75, 26.25, 9999.0, 1.0, 1.25, 19.5, 9999.0, 9999.0, 9999.0, 120.75, 124.5, 120.25, 104.0, 135.25
2023-04-06, 00:40:52, 132.25, 51.75, 19.0, 26.25, 9999.0, 1.0, 1.25, 19.5, 9999.0, 9999.0, 9999.0, 120.75, 124.5, 120.25, 104.0, 135.25
2023-04-06, 00:40:56, 132.25, 52.0, 19.0, 26.25, 9999.0, 1.0, 1.25, 19.5, 9999.0, 9999.0, 9999.0, 120.75, 124.5, 120.5, 104.0, 135.25
2023-04-06, 00:41:00, 132.5, 51.75, 19.0, 26.25, 9999.0, 1.0, 1.25, 19.5, 9999.0, 9999.0, 9999.0, 120.75, 124.25, 120.5, 104.0, 135.25
2023-04-06, 00:41:04, 132.5, 52.0, 18.75, 26.0, 9999.0, 1.25, 1.25, 19.5, 9999.0, 9999.0, 9999.0, 120.5, 124.5, 120.5, 104.0, 135.25
2023-04-06, 00:41:08, 132.5, 51.75, 19.0, 26.0, 9999.0, 1.25, 1.25, 19.5, 9999.0, 9999.0, 9999.0, 120.5, 124.5, 120.5, 104.0, 135.25
2023-04-06, 00:41:12, 132.25, 51.75, 19.0, 26.25, 9999.0, 1.25, 1.25, 19.5, 9999.0, 9999.0, 9999.0, 120.5, 124.5, 120.25, 104.0, 135.25
2023-04-06, 00:41:16, 132.25, 51.75, 19.0, 26.0, 9999.0, 1.25, 1.25, 19.5, 9999.0, 9999.0, 9999.0, 120.5, 124.25, 120.5, 104.0, 135.25
2023-04-06, 00:41:20, 132.25, 52.0, 19.0, 26.25, 9999.0, 1.25, 1.5, 19.5, 9999.0, 9999.0, 9999.0, 120.5, 124.5, 120.5, 104.0, 135.25
2023-04-06, 00:41:24, 132.25, 51.75, 19.0, 26.0, 9999.0, 1.25, 1.25, 19.5, 9999.0, 9999.0, 9999.0, 121.25, 124.25, 120.5, 104.0, 135.25
2023-04-06, 00:41:28, 132.25, 52.0, 19.0, 26.0, 9999.0, 1.25, 1.25, 19.5, 9999.0, 9999.0, 9999.0, 121.25, 124.25, 120.5, 104.0, 135.25
2023-04-06, 00:41:32, 132.25, 51.75, 19.0, 26.0, 9999.0, 1.25, 1.25, 19.5, 9999.0, 9999.0, 9999.0, 121.25, 124.5, 120.5, 104.0, 135.25
2023-04-06, 00:41:36, 132.25, 52.0, 19.0, 26.25, 9999.0, 1.25, 1.5, 19.5, 9999.0, 9999.0, 9999.0, 121.0, 124.25, 120.25, 104.0, 135.25
2023-04-06, 00:41:40, 132.25, 52.0, 19.0, 26.25, 9999.0, 1.25, 1.5, 19.5, 9999.0, 9999.0, 9999.0, 121.0, 124.25, 120.25, 104.0, 135.25
2023-04-06, 00:41:44, 132.25, 52.0, 19.0, 26.25, 9999.0, 1.25, 1.25, 19.5, 9999.0, 9999.0, 9999.0, 121.0, 124.25, 120.25, 104.0, 135.25
2023-04-06, 00:41:48, 132.25, 52.0, 19.0, 26.25, 9999.0, 1.25, 1.25, 19.5, 9999.0, 9999.0, 9999.0, 121.0, 124.25, 120.25, 104.0, 135.25
2023-04-06, 00:41:52, 132.25, 51.75, 19.0, 26.0, 9999.0, 1.0, 1.25, 19.5, 9999.0, 9999.0, 9999.0, 120.75, 124.5, 120.5, 104.0, 135.25
2023-04-06, 00:41:56, 132.5, 52.0, 19.0, 26.0, 9999.0, 1.0, 1.25, 19.5, 9999.0, 9999.0, 9999.0, 121.0, 124.5, 120.25, 104.0, 135.25
2023-04-06, 00:42:00, 132.25, 51.75, 19.0, 26.25, 9999.0, 1.0, 1.25, 19.5, 9999.0, 9999.0, 9999.0, 120.75, 124.5, 120.5, 104.0, 135.25
2023-04-06, 00:42:04, 132.25, 52.0, 19.0, 26.25, 9999.0, 1.0, 1.25, 19.5, 9999.0, 9999.0, 9999.0, 120.75, 124.5, 120.5, 104.0, 135.25
2023-04-06, 00:42:08, 132.25, 51.75, 19.0, 26.25, 9999.0, 1.0, 1.25, 19.5, 9999.0, 9999.0, 9999.0, 120.75, 124.5, 120.5, 104.0, 135.25
2023-04-06, 00:42:12, 132.25, 52.0, 19.0, 26.25, 9999.0, 1.0, 1.25, 19.5, 9999.0, 9999.0, 9999.0, 120.75, 124.5, 120.25, 104.0, 135.25
2023-04-06, 00:42:16, 132.25, 52.0, 19.0, 26.25, 9999.0, 1.0, 1.25, 19.5, 9999.0, 9999.0, 9999.0, 120.75, 124.5, 120.5, 104.0, 135.25
2023-04-06, 00:42:20, 132.25, 51.75, 19.0, 26.25, 9999.0, 1.0, 1.25, 19.5, 9999.0, 9999.0, 9999.0, 120.75, 124.5, 120.5, 104.0, 135.25
2023-04-06, 00:42:24, 132.25, 52.0, 19.0, 26.25, 9999.0, 1.0, 1.25, 19.5, 9999.0, 9999.0, 9999.0, 120.5, 124.5, 120.5, 104.0, 135.25
2023-04-06, 00:42:28, 132.25, 51.75, 19.0, 26.25, 9999.0, 1.25, 1.25, 19.5, 9999.0, 9999.0, 9999.0, 120.5, 124.5, 120.5, 104.0, 135.25
2023-04-06, 00:42:32, 132.25, 51.75, 19.0, 26.0, 9999.0, 1.25, 1.25, 19.5, 9999.0, 9999.0, 9999.0, 120.5, 124.5, 120.5, 104.0, 135.25
2023-04-06, 00:42:36, 132.25, 52.0, 19.0, 26.0, 9999.0, 1.0, 1.25, 19.5, 9999.0, 9999.0, 9999.0, 120.5, 124.5, 120.5, 104.0, 135.25
2023-04-06, 00:42:40, 132.25, 52.0, 19.0, 26.0, 9999.0, 1.25, 1.25, 19.5, 9999.0, 9999.0, 9999.0, 120.5, 124.5, 120.5, 104.0, 135.25
2023-04-06, 00:42:44, 132.25, 51.75, 19.0, 25.75, 9999.0, 1.25, 1.25, 19.5, 9999.0, 9999.0, 9999.0, 120.5, 124.5, 120.5, 104.0, 135.25
2023-04-06, 00:42:48, 132.25, 51.75, 19.0, 25.75, 9999.0, 1.25, 1.25, 19.5, 9999.0, 9999.0, 9999.0, 121.25, 124.5, 120.5, 104.0, 135.25
2023-04-06, 00:42:52, 132.25, 52.0, 18.75, 25.75, 9999.0, 1.25, 1.25, 19.5, 9999.0, 9999.0, 9999.0, 121.0, 124.5, 120.5, 104.0, 135.25
2023-04-06, 00:42:57, 132.25, 51.75, 19.0, 26.0, 9999.0, 1.25, 1.25, 19.5, 9999.0, 9999.0, 9999.0, 121.0, 124.25, 120.5, 104.0, 135.25
2023-04-06, 00:43:01, 132.25, 51.75, 19.0, 26.0, 9999.0, 1.25, 1.25, 19.5, 9999.0, 9999.0, 9999.0, 121.0, 124.25, 120.25, 104.0, 135.25
2023-04-06, 00:43:05, 132.25, 52.0, 19.0, 26.0, 9999.0, 1.25, 1.25, 19.5, 9999.0, 9999.0, 9999.0, 121.0, 124.25, 120.5, 104.0, 135.25
2023-04-06, 00:43:09, 132.25, 51.75, 19.0, 26.25, 9999.0, 1.0, 1.25, 19.5, 9999.0, 9999.0, 9999.0, 121.0, 124.5, 120.5, 104.0, 135.25
2023-04-06, 00:43:13, 132.25, 51.75, 19.25, 26.25, 9999.0, 1.0, 1.25, 19.5, 9999.0, 9999.0, 9999.0, 121.0, 124.25, 120.5, 104.0, 135.0
2023-04-06, 00:43:17, 132.25, 51.75, 19.0, 26.25, 9999.0, 1.0, 1.25, 19.5, 9999.0, 9999.0, 9999.0, 121.0, 124.5, 120.5, 104.0, 135.25
2023-04-06, 00:43:21, 132.25, 51.75, 19.0, 26.25, 9999.0, 1.0, 1.25, 19.5, 9999.0, 9999.0, 9999.0, 121.0, 124.5, 120.5, 104.0, 135.25
2023-04-06, 00:43:25, 132.25, 51.75, 19.0, 26.25, 9999.0, 1.0, 1.25, 19.5, 9999.0, 9999.0, 9999.0, 120.75, 124.5, 120.5, 104.0, 135.25
2023-04-06, 00:43:29, 132.25, 51.75, 19.0, 26.25, 9999.0, 1.0, 1.25, 19.5, 9999.0, 9999.0, 9999.0, 120.75, 124.5, 120.5, 104.0, 135.25
2023-04-06, 00:43:33, 132.5, 52.0, 19.0, 26.0, 9999.0, 1.0, 1.25, 19.5, 9999.0, 9999.0, 9999.0, 120.75, 124.5, 120.5, 104.0, 135.25
2023-04-06, 00:43:37, 132.25, 52.0, 19.0, 26.25, 9999.0, 1.0, 1.25, 19.5, 9999.0, 9999.0, 9999.0, 120.75, 124.5, 120.5, 104.0, 135.25
2023-04-06, 00:43:41, 132.25, 51.75, 19.0, 26.0, 9999.0, 1.0, 1.25, 19.5, 9999.0, 9999.0, 9999.0, 120.75, 124.5, 120.5, 104.0, 135.25
2023-04-06, 00:43:45, 132.5, 51.75, 19.25, 26.0, 9999.0, 1.0, 1.25, 19.5, 9999.0, 9999.0, 9999.0, 120.5, 124.5, 120.5, 104.25, 135.25
2023-04-06, 00:43:49, 132.25, 52.0, 19.0, 26.0, 9999.0, 1.0, 1.25, 19.5, 9999.0, 9999.0, 9999.0, 120.75, 124.5, 120.5, 104.0, 135.25
2023-04-06, 00:43:53, 132.25, 51.75, 19.0, 26.25, 9999.0, 1.0, 1.25, 19.5, 9999.0, 9999.0, 9999.0, 120.75, 124.5, 120.5, 104.0, 135.25
2023-04-06, 00:43:57, 132.25, 52.0, 19.0, 26.25, 9999.0, 1.25, 1.25, 19.5, 9999.0, 9999.0, 9999.0, 120.5, 124.5, 120.5, 104.0, 135.25
2023-04-06, 00:44:01, 132.25, 51.75, 19.0, 26.25, 9999.0, 1.25, 1.25, 19.5, 9999.0, 9999.0, 9999.0, 120.5, 124.5, 120.5, 104.0, 135.25
2023-04-06, 00:44:05, 132.25, 51.75, 19.0, 26.0, 9999.0, 1.25, 1.5, 19.5, 9999.0, 9999.0, 9999.0, 120.25, 124.5, 120.5, 104.25, 135.25
2023-04-06, 00:44:09, 132.5, 52.0, 19.0, 26.25, 9999.0, 1.25, 1.25, 19.5, 9999.0, 9999.0, 9999.0, 121.25, 124.5, 120.5, 104.25, 135.25
2023-04-06, 00:44:13, 132.5, 52.0, 19.0, 26.25, 9999.0, 1.25, 1.25, 19.5, 9999.0, 9999.0, 9999.0, 121.25, 124.5, 120.5, 104.0, 135.25
2023-04-06, 00:44:17, 132.25, 51.75, 19.0, 26.0, 9999.0, 1.25, 1.5, 19.5, 9999.0, 9999.0, 9999.0, 121.25, 124.5, 120.5, 104.0, 135.25
2023-04-06, 00:44:21, 132.5, 52.0, 18.75, 26.0, 9999.0, 1.25, 1.25, 19.5, 9999.0, 9999.0, 9999.0, 121.0, 124.5, 120.5, 104.25, 135.25
2023-04-06, 00:44:25, 132.5, 51.75, 19.0, 26.25, 9999.0, 1.25, 1.5, 19.5, 9999.0, 9999.0, 9999.0, 121.0, 124.25, 120.5, 104.0, 135.25
2023-04-06, 00:44:29, 132.5, 52.0, 19.0, 26.25, 9999.0, 1.0, 1.5, 19.5, 9999.0, 9999.0, 9999.0, 121.0, 124.25, 120.5, 104.0, 135.25
2023-04-06, 00:44:33, 132.25, 52.0, 19.0, 26.25, 9999.0, 1.0, 1.25, 19.5, 9999.0, 9999.0, 9999.0, 121.0, 124.25, 120.25, 104.0, 135.25
2023-04-06, 00:44:37, 132.25, 52.0, 19.0, 26.25, 9999.0, 1.25, 1.25, 19.5, 9999.0, 9999.0, 9999.0, 121.0, 124.25, 120.5, 104.0, 135.25
2023-04-06, 00:44:41, 132.5, 52.0, 19.0, 26.25, 9999.0, 1.0, 1.5, 19.5, 9999.0, 9999.0, 9999.0, 121.0, 124.5, 120.5, 104.25, 135.25
2023-04-06, 00:44:45, 132.5, 52.0, 19.0, 26.25, 9999.0, 1.0, 1.5, 19.5, 9999.0, 9999.0, 9999.0, 121.0, 124.5, 120.5, 104.25, 135.25
2023-04-06, 00:44:49, 132.5, 52.0, 19.0, 26.0, 9999.0, 1.0, 1.25, 19.5, 9999.0, 9999.0, 9999.0, 121.0, 124.5, 120.5, 104.0, 135.25
2023-04-06, 00:44:53, 132.5, 52.0, 19.0, 26.0, 9999.0, 1.0, 1.25, 19.5, 9999.0, 9999.0, 9999.0, 120.75, 124.5, 120.5, 104.0, 135.25
2023-04-06, 00:44:57, 132.25, 52.0, 19.25, 26.0, 9999.0, 1.0, 1.25, 19.5, 9999.0, 9999.0, 9999.0, 120.75, 124.5, 120.5, 104.0, 135.25
2023-04-06, 00:45:01, 132.25, 52.0, 19.25, 25.75, 9999.0, 1.0, 1.25, 19.5, 9999.0, 9999.0, 9999.0, 120.75, 124.5, 120.5, 104.0, 135.25
2023-04-06, 00:45:05, 132.5, 52.0, 19.25, 26.0, 9999.0, 1.0, 1.5, 19.5, 9999.0, 9999.0, 9999.0, 120.75, 124.5, 120.5, 104.0, 135.25
2023-04-06, 00:45:09, 132.5, 52.0, 19.0, 26.25, 9999.0, 1.0, 1.25, 19.5, 9999.0, 9999.0, 9999.0, 120.75, 124.5, 120.5, 104.25, 135.25
2023-04-06, 00:45:13, 132.5, 52.0, 19.0, 26.25, 9999.0, 1.25, 1.25, 19.5, 9999.0, 9999.0, 9999.0, 120.75, 124.5, 120.5, 104.0, 135.25
2023-04-06, 00:45:17, 132.5, 51.75, 19.0, 26.25, 9999.0, 1.25, 1.25, 19.5, 9999.0, 9999.0, 9999.0, 120.75, 124.5, 120.5, 104.25, 135.25
2023-04-06, 00:45:21, 132.5, 52.0, 19.0, 26.25, 9999.0, 1.25, 1.25, 19.5, 9999.0, 9999.0, 9999.0, 120.75, 124.5, 120.5, 104.25, 135.25
2023-04-06, 00:45:25, 132.5, 52.0, 19.25, 26.25, 9999.0, 1.5, 1.5, 19.5, 9999.0, 9999.0, 9999.0, 120.5, 124.5, 120.5, 104.25, 135.25
2023-04-06, 00:45:29, 132.5, 52.0, 19.25, 26.25, 9999.0, 1.25, 1.25, 19.5, 9999.0, 9999.0, 9999.0, 120.5, 124.5, 120.5, 104.25, 135.25
2023-04-06, 00:45:33, 132.5, 52.0, 19.0, 26.25, 9999.0, 1.5, 1.25, 19.5, 9999.0, 9999.0, 9999.0, 121.25, 124.5, 120.5, 104.25, 135.25
2023-04-06, 00:45:37, 132.5, 52.0, 19.0, 26.0, 9999.0, 1.5, 1.5, 19.5, 9999.0, 9999.0, 9999.0, 121.25, 124.5, 120.5, 104.25, 135.25
2023-04-06, 00:45:41, 132.5, 51.75, 19.0, 26.0, 9999.0, 1.25, 1.5, 19.5, 9999.0, 9999.0, 9999.0, 121.25, 124.5, 120.5, 104.25, 135.25
2023-04-06, 00:45:45, 132.5, 52.0, 19.0, 26.25, 9999.0, 1.25, 1.5, 19.5, 9999.0, 9999.0, 9999.0, 121.0, 124.5, 120.5, 104.25, 135.25
2023-04-06, 00:45:49, 132.5, 52.0, 19.0, 26.25, 9999.0, 1.25, 1.25, 19.5, 9999.0, 9999.0, 9999.0, 121.0, 124.5, 120.5, 104.25, 135.25
2023-04-06, 00:45:53, 132.5, 52.0, 19.25, 26.25, 9999.0, 1.25, 1.5, 19.5, 9999.0, 9999.0, 9999.0, 121.0, 124.5, 120.5, 104.25, 135.25
2023-04-06, 00:45:57, 132.5, 52.0, 19.25, 26.0, 9999.0, 1.0, 1.5, 19.5, 9999.0, 9999.0, 9999.0, 121.0, 124.5, 120.5, 104.25, 135.25
2023-04-06, 00:46:01, 132.5, 52.0, 19.25, 26.0, 9999.0, 1.25, 1.5, 19.5, 9999.0, 9999.0, 9999.0, 121.0, 124.5, 120.5, 104.25, 135.25
2023-04-06, 00:46:05, 132.5, 52.0, 19.25, 26.0, 9999.0, 1.25, 1.5, 19.5, 9999.0, 9999.0, 9999.0, 121.0, 124.5, 120.5, 104.25, 135.25
2023-04-06, 00:46:09, 132.5, 52.0, 19.25, 26.0, 9999.0, 1.25, 1.5, 19.5, 9999.0, 9999.0, 9999.0, 121.0, 124.75, 120.5, 104.25, 135.25
2023-04-06, 00:46:13, 132.5, 52.0, 19.25, 25.75, 9999.0, 1.25, 1.5, 19.5, 9999.0, 9999.0, 9999.0, 121.0, 124.5, 120.5, 104.25, 135.25
2023-04-06, 00:46:17, 132.5, 52.0, 19.25, 26.0, 9999.0, 1.0, 1.5, 19.5, 9999.0, 9999.0, 9999.0, 120.75, 124.5, 120.5, 104.25, 135.25
2023-04-06, 00:46:21, 132.5, 52.0, 19.0, 26.0, 9999.0, 1.0, 1.5, 19.5, 9999.0, 9999.0, 9999.0, 120.75, 124.5, 120.5, 104.0, 135.25
2023-04-06, 00:46:25, 132.5, 52.0, 19.0, 26.25, 9999.0, 1.0, 1.25, 19.5, 9999.0, 9999.0, 9999.0, 120.75, 124.5, 120.5, 104.0, 135.25
2023-04-06, 00:46:29, 132.5, 52.0, 19.0, 26.25, 9999.0, 1.0, 1.5, 19.5, 9999.0, 9999.0, 9999.0, 120.75, 124.5, 120.25, 104.25, 135.25
2023-04-06, 00:46:33, 132.5, 52.0, 19.0, 26.25, 9999.0, 1.0, 1.5, 19.5, 9999.0, 9999.0, 9999.0, 120.75, 124.5, 120.5, 104.25, 135.25
2023-04-06, 00:46:37, 132.5, 52.0, 19.25, 26.25, 9999.0, 1.25, 1.5, 19.75, 9999.0, 9999.0, 9999.0, 120.75, 124.5, 120.5, 104.0, 135.25
2023-04-06, 00:46:41, 132.5, 52.0, 19.25, 26.25, 9999.0, 1.25, 1.5, 19.5, 9999.0, 9999.0, 9999.0, 120.75, 124.5, 120.5, 104.25, 135.25
2023-04-06, 00:46:45, 132.5, 52.0, 19.25, 26.25, 9999.0, 1.25, 1.5, 19.75, 9999.0, 9999.0, 9999.0, 120.5, 124.5, 120.5, 104.25, 135.25
2023-04-06, 00:46:49, 132.5, 52.0, 19.25, 26.25, 9999.0, 1.5, 1.5, 19.5, 9999.0, 9999.0, 9999.0, 120.5, 124.5, 120.5, 104.0, 135.25
2023-04-06, 00:46:53, 132.5, 52.0, 19.25, 26.0, 9999.0, 1.5, 1.5, 19.75, 9999.0, 9999.0, 9999.0, 121.25, 124.5, 120.5, 104.0, 135.25
2023-04-06, 00:46:57, 132.5, 52.0, 19.25, 26.25, 9999.0, 1.5, 1.5, 19.75, 9999.0, 9999.0, 9999.0, 121.5, 124.5, 120.5, 104.0, 135.25
2023-04-06, 00:47:01, 132.5, 52.0, 19.25, 26.0, 9999.0, 1.25, 1.5, 19.75, 9999.0, 9999.0, 9999.0, 121.25, 124.5, 120.5, 104.25, 135.25
2023-04-06, 00:47:05, 132.5, 52.0, 19.25, 25.75, 9999.0, 1.5, 1.5, 19.75, 9999.0, 9999.0, 9999.0, 121.25, 124.5, 120.25, 104.0, 135.25
2023-04-06, 00:47:09, 132.5, 52.0, 19.0, 25.75, 9999.0, 1.25, 1.5, 19.75, 9999.0, 9999.0, 9999.0, 121.25, 124.5, 120.5, 104.25, 135.5
2023-04-06, 00:47:13, 132.5, 52.0, 19.25, 25.75, 9999.0, 1.25, 1.5, 19.5, 9999.0, 9999.0, 9999.0, 121.0, 124.5, 120.5, 104.0, 135.25
2023-04-06, 00:47:17, 132.75, 52.0, 19.25, 26.0, 9999.0, 1.25, 1.5, 19.75, 9999.0, 9999.0, 9999.0, 121.0, 124.5, 120.5, 104.0, 135.25
2023-04-06, 00:47:21, 132.5, 52.0, 19.25, 26.0, 9999.0, 1.25, 1.5, 19.75, 9999.0, 9999.0, 9999.0, 121.0, 124.25, 120.5, 104.0, 135.25
2023-04-06, 00:47:26, 132.5, 52.0, 19.25, 26.0, 9999.0, 1.25, 1.5, 19.75, 9999.0, 9999.0, 9999.0, 121.0, 124.5, 120.5, 104.25, 135.25
2023-04-06, 00:47:30, 132.5, 52.0, 19.0, 26.25, 9999.0, 1.25, 1.5, 19.75, 9999.0, 9999.0, 9999.0, 121.0, 124.5, 120.5, 104.0, 135.25
2023-04-06, 00:47:34, 132.5, 52.0, 19.25, 26.0, 9999.0, 1.25, 1.5, 19.75, 9999.0, 9999.0, 9999.0, 121.0, 124.5, 120.5, 104.25, 135.5
2023-04-06, 00:47:38, 132.5, 52.0, 19.0, 26.25, 9999.0, 1.25, 1.5, 19.75, 9999.0, 9999.0, 9999.0, 121.0, 124.5, 120.5, 104.0, 135.25
2023-04-06, 00:47:42, 132.5, 52.25, 19.25, 26.0, 9999.0, 1.25, 1.5, 19.75, 9999.0, 9999.0, 9999.0, 120.75, 124.5, 120.5, 104.25, 135.25
2023-04-06, 00:47:46, 132.5, 52.0, 19.0, 26.25, 9999.0, 1.25, 1.5, 19.75, 9999.0, 9999.0, 9999.0, 120.75, 124.5, 120.5, 104.25, 135.25
2023-04-06, 00:47:50, 132.75, 52.25, 19.25, 26.25, 9999.0, 1.25, 1.5, 19.75, 9999.0, 9999.0, 9999.0, 120.75, 124.5, 120.5, 104.0, 135.25
2023-04-06, 00:47:54, 132.75, 52.0, 19.25, 26.25, 9999.0, 1.0, 1.5, 19.75, 9999.0, 9999.0, 9999.0, 120.75, 124.5, 120.5, 104.25, 135.5
2023-04-06, 00:47:58, 132.5, 52.0, 19.25, 26.25, 9999.0, 1.25, 1.5, 19.75, 9999.0, 9999.0, 9999.0, 120.75, 124.5, 120.5, 104.25, 135.5
2023-04-06, 00:48:02, 132.5, 52.0, 19.25, 26.25, 9999.0, 1.25, 1.5, 19.75, 9999.0, 9999.0, 9999.0, 120.75, 124.5, 120.5, 104.25, 135.25
2023-04-06, 00:48:06, 132.75, 52.25, 19.25, 26.25, 9999.0, 1.25, 1.5, 19.75, 9999.0, 9999.0, 9999.0, 120.5, 124.5, 120.5, 104.25, 135.25
2023-04-06, 00:48:10, 132.5, 52.25, 19.25, 26.25, 9999.0, 1.5, 1.5, 19.75, 9999.0, 9999.0, 9999.0, 120.5, 124.5, 120.5, 104.25, 135.25
2023-04-06, 00:48:14, 132.75, 52.0, 19.25, 26.25, 9999.0, 1.5, 1.5, 19.75, 9999.0, 9999.0, 9999.0, 120.75, 124.5, 120.5, 104.25, 135.25
2023-04-06, 00:48:18, 132.5, 52.25, 19.25, 26.0, 9999.0, 1.5, 1.5, 19.75, 9999.0, 9999.0, 9999.0, 121.25, 124.5, 120.5, 104.25, 135.5
2023-04-06, 00:48:22, 132.75, 52.25, 19.25, 25.75, 9999.0, 1.5, 1.5, 19.75, 9999.0, 9999.0, 9999.0, 121.25, 124.5, 120.5, 104.25, 135.5
2023-04-06, 00:48:26, 132.5, 52.25, 19.25, 25.75, 9999.0, 1.5, 1.5, 19.75, 9999.0, 9999.0, 9999.0, 121.25, 124.5, 120.25, 104.25, 135.5
2023-04-06, 00:48:30, 132.5, 52.25, 19.25, 26.0, 9999.0, 1.25, 1.5, 19.75, 9999.0, 9999.0, 9999.0, 121.25, 124.5, 120.5, 104.25, 135.25
2023-04-06, 00:48:34, 132.5, 52.25, 19.25, 26.0, 9999.0, 1.25, 1.5, 19.75, 9999.0, 9999.0, 9999.0, 121.25, 124.5, 120.5, 104.25, 135.5
2023-04-06, 00:48:38, 132.75, 52.0, 19.25, 26.25, 9999.0, 1.25, 1.5, 19.75, 9999.0, 9999.0, 9999.0, 121.25, 124.5, 120.5, 104.25, 135.5
2023-04-06, 00:48:42, 132.75, 52.25, 19.25, 26.25, 9999.0, 1.25, 1.5, 19.75, 9999.0, 9999.0, 9999.0, 121.0, 124.5, 120.5, 104.25, 135.5
2023-04-06, 00:48:46, 132.75, 52.25, 19.25, 26.25, 9999.0, 1.25, 1.5, 19.75, 9999.0, 9999.0, 9999.0, 121.0, 124.5, 120.5, 104.25, 135.5
2023-04-06, 00:48:50, 132.75, 52.25, 19.25, 26.25, 9999.0, 1.25, 1.5, 19.75, 9999.0, 9999.0, 9999.0, 121.25, 124.5, 120.5, 104.25, 135.5
2023-04-06, 00:48:54, 132.75, 52.25, 19.25, 26.25, 9999.0, 1.25, 1.5, 19.75, 9999.0, 9999.0, 9999.0, 121.0, 124.5, 120.5, 104.25, 135.5
2023-04-06, 00:48:58, 132.75, 52.25, 19.25, 26.0, 9999.0, 1.25, 1.5, 19.75, 9999.0, 9999.0, 9999.0, 121.0, 124.5, 120.5, 104.25, 135.5
2023-04-06, 00:49:02, 132.75, 52.25, 19.25, 26.0, 9999.0, 1.25, 1.5, 19.75, 9999.0, 9999.0, 9999.0, 121.0, 124.5, 120.5, 104.25, 135.5
2023-04-06, 00:49:06, 132.75, 52.25, 19.25, 25.75, 9999.0, 1.25, 1.5, 19.75, 9999.0, 9999.0, 9999.0, 121.0, 124.5, 120.5, 104.25, 135.25
2023-04-06, 00:49:10, 132.75, 52.25, 19.25, 25.5, 9999.0, 1.0, 1.5, 19.75, 9999.0, 9999.0, 9999.0, 121.0, 124.5, 120.5, 104.25, 135.5
2023-04-06, 00:49:14, 132.75, 52.25, 19.25, 26.0, 9999.0, 1.25, 1.5, 19.75, 9999.0, 9999.0, 9999.0, 120.75, 124.5, 120.5, 104.25, 135.5
2023-04-06, 00:49:18, 132.75, 52.25, 19.25, 26.0, 9999.0, 1.25, 1.5, 19.75, 9999.0, 9999.0, 9999.0, 120.75, 124.5, 120.5, 104.25, 135.5
2023-04-06, 00:49:22, 132.75, 52.25, 19.25, 25.75, 9999.0, 1.25, 1.5, 19.75, 9999.0, 9999.0, 9999.0, 120.75, 124.5, 120.5, 104.25, 135.5
2023-04-06, 00:49:26, 132.75, 52.0, 19.25, 25.5, 9999.0, 1.25, 1.5, 19.75, 9999.0, 9999.0, 9999.0, 120.5, 124.5, 120.5, 104.25, 135.5
2023-04-06, 00:49:30, 132.75, 52.25, 19.25, 25.5, 9999.0, 1.5, 1.5, 19.75, 9999.0, 9999.0, 9999.0, 120.75, 124.5, 120.5, 104.0, 135.5
2023-04-06, 00:49:34, 132.75, 52.25, 19.25, 25.75, 9999.0, 1.5, 1.5, 19.75, 9999.0, 9999.0, 9999.0, 120.5, 124.5, 120.5, 104.25, 135.5
2023-04-06, 00:49:38, 132.75, 52.0, 19.25, 25.75, 9999.0, 1.5, 1.5, 19.75, 9999.0, 9999.0, 9999.0, 121.5, 124.5, 120.5, 104.25, 135.25
2023-04-06, 00:49:42, 132.75, 52.0, 19.25, 26.0, 9999.0, 1.5, 1.5, 19.75, 9999.0, 9999.0, 9999.0, 121.5, 124.5, 120.5, 104.0, 135.25
2023-04-06, 00:49:46, 132.75, 52.25, 19.25, 26.25, 9999.0, 1.5, 1.5, 19.75, 9999.0, 9999.0, 9999.0, 121.25, 124.25, 120.5, 104.25, 135.25
2023-04-06, 00:49:50, 132.5, 52.0, 19.25, 26.25, 9999.0, 1.5, 1.5, 19.75, 9999.0, 9999.0, 9999.0, 121.25, 124.5, 120.5, 104.25, 135.5
2023-04-06, 00:49:54, 132.75, 52.0, 19.25, 26.0, 9999.0, 1.25, 1.5, 19.75, 9999.0, 9999.0, 9999.0, 121.25, 124.5, 120.5, 104.25, 135.5
2023-04-06, 00:49:58, 132.75, 52.25, 19.0, 26.0, 9999.0, 1.25, 1.5, 19.75, 9999.0, 9999.0, 9999.0, 121.25, 124.5, 120.5, 104.25, 135.25
2023-04-06, 00:50:02, 132.75, 52.0, 19.25, 26.0, 9999.0, 1.25, 1.5, 19.75, 9999.0, 9999.0, 9999.0, 121.25, 124.25, 120.5, 104.0, 135.25
2023-04-06, 00:50:06, 132.75, 52.25, 19.25, 26.0, 9999.0, 1.25, 1.5, 19.75, 9999.0, 9999.0, 9999.0, 121.0, 124.5, 120.5, 104.25, 135.5
2023-04-06, 00:50:10, 132.75, 52.25, 19.25, 26.25, 9999.0, 1.25, 1.5, 19.75, 9999.0, 9999.0, 9999.0, 121.0, 124.5, 120.5, 104.0, 135.5
2023-04-06, 00:50:14, 132.75, 52.25, 19.25, 26.0, 9999.0, 1.25, 1.5, 19.75, 9999.0, 9999.0, 9999.0, 121.0, 124.5, 120.5, 104.25, 135.5
2023-04-06, 00:50:18, 132.75, 52.25, 19.25, 26.0, 9999.0, 1.25, 1.5, 19.75, 9999.0, 9999.0, 9999.0, 121.0, 124.5, 120.5, 104.25, 135.5
2023-04-06, 00:50:22, 132.75, 52.25, 19.25, 26.25, 9999.0, 1.25, 1.5, 19.75, 9999.0, 9999.0, 9999.0, 121.0, 124.5, 120.5, 104.25, 135.5
2023-04-06, 00:50:26, 132.75, 52.25, 19.25, 26.0, 9999.0, 1.25, 1.5, 19.75, 9999.0, 9999.0, 9999.0, 121.0, 124.5, 120.5, 104.0, 135.5
2023-04-06, 00:50:30, 132.75, 52.0, 19.25, 26.0, 9999.0, 1.25, 1.5, 19.75, 9999.0, 9999.0, 9999.0, 121.0, 124.5, 120.5, 104.25, 135.5
2023-04-06, 00:50:34, 132.75, 52.25, 19.25, 26.0, 9999.0, 1.25, 1.5, 19.75, 9999.0, 9999.0, 9999.0, 120.75, 124.5, 120.5, 104.25, 135.5
2023-04-06, 00:50:38, 132.75, 52.25, 19.25, 26.0, 9999.0, 1.0, 1.5, 19.75, 9999.0, 9999.0, 9999.0, 120.75, 124.5, 120.5, 104.25, 135.25
2023-04-06, 00:50:42, 132.75, 52.25, 19.25, 26.0, 9999.0, 1.25, 1.5, 19.75, 9999.0, 9999.0, 9999.0, 120.75, 124.5, 120.5, 104.25, 135.5
2023-04-06, 00:50:46, 132.75, 52.0, 19.25, 26.0, 9999.0, 1.25, 1.5, 19.75, 9999.0, 9999.0, 9999.0, 120.75, 124.5, 120.5, 104.0, 135.5
2023-04-06, 00:50:50, 132.75, 52.25, 19.25, 26.25, 9999.0, 1.25, 1.5, 19.75, 9999.0, 9999.0, 9999.0, 120.75, 124.5, 120.5, 104.25, 135.5
2023-04-06, 00:50:54, 132.75, 52.25, 19.25, 26.0, 9999.0, 1.5, 1.5, 19.75, 9999.0, 9999.0, 9999.0, 120.75, 124.5, 120.5, 104.0, 135.5
2023-04-06, 00:50:58, 132.75, 52.25, 19.25, 25.75, 9999.0, 1.5, 1.5, 19.75, 9999.0, 9999.0, 9999.0, 121.5, 124.5, 120.5, 104.0, 135.5
2023-04-06, 00:51:02, 132.75, 52.25, 19.25, 25.5, 9999.0, 1.5, 1.5, 19.75, 9999.0, 9999.0, 9999.0, 121.25, 124.5, 120.5, 104.0, 135.5
2023-04-06, 00:51:06, 132.75, 52.25, 19.25, 25.75, 9999.0, 1.25, 1.5, 19.75, 9999.0, 9999.0, 9999.0, 121.5, 124.5, 120.5, 104.25, 135.5
2023-04-06, 00:51:10, 132.75, 52.25, 19.25, 25.75, 9999.0, 1.5, 1.5, 19.75, 9999.0, 9999.0, 9999.0, 121.25, 124.25, 120.5, 104.0, 135.5
2023-04-06, 00:51:14, 132.75, 52.25, 19.25, 26.0, 9999.0, 1.5, 1.5, 19.75, 9999.0, 9999.0, 9999.0, 121.25, 124.25, 120.5, 104.25, 135.5
2023-04-06, 00:51:18, 132.75, 52.0, 19.25, 26.0, 9999.0, 1.25, 1.75, 19.75, 9999.0, 9999.0, 9999.0, 121.25, 124.25, 120.5, 104.25, 135.5
2023-04-06, 00:51:22, 132.75, 52.25, 19.25, 26.25, 9999.0, 1.5, 1.5, 19.75, 9999.0, 9999.0, 9999.0, 121.25, 124.25, 120.5, 104.25, 135.5
2023-04-06, 00:51:26, 132.75, 52.25, 19.0, 26.25, 9999.0, 1.25, 1.5, 19.75, 9999.0, 9999.0, 9999.0, 121.0, 124.25, 120.5, 104.25, 135.5
2023-04-06, 00:51:30, 132.75, 52.25, 19.0, 26.25, 9999.0, 1.25, 1.5, 19.75, 9999.0, 9999.0, 9999.0, 121.0, 124.5, 120.5, 104.25, 135.5
2023-04-06, 00:51:34, 132.75, 52.25, 19.25, 26.25, 9999.0, 1.25, 1.5, 19.75, 9999.0, 9999.0, 9999.0, 121.0, 124.5, 120.5, 104.25, 135.5
2023-04-06, 00:51:38, 132.75, 52.25, 19.25, 26.25, 9999.0, 1.25, 1.5, 19.75, 9999.0, 9999.0, 9999.0, 121.0, 124.5, 120.5, 104.25, 135.5
2023-04-06, 00:51:42, 132.75, 52.25, 19.25, 26.25, 9999.0, 1.25, 1.5, 19.75, 9999.0, 9999.0, 9999.0, 121.0, 124.5, 120.5, 104.25, 135.5
2023-04-06, 00:51:46, 132.75, 52.25, 19.25, 26.25, 9999.0, 1.25, 1.5, 19.75, 9999.0, 9999.0, 9999.0, 121.0, 124.5, 120.5, 104.25, 135.5
2023-04-06, 00:51:51, 132.75, 52.25, 19.25, 26.25, 9999.0, 1.25, 1.5, 19.75, 9999.0, 9999.0, 9999.0, 121.0, 124.75, 120.5, 104.25, 135.5
2023-04-06, 00:51:55, 132.75, 52.25, 19.25, 26.25, 9999.0, 1.25, 1.5, 19.75, 9999.0, 9999.0, 9999.0, 121.0, 124.5, 120.5, 104.25, 135.5
2023-04-06, 00:51:59, 132.75, 52.25, 19.25, 26.0, 9999.0, 1.25, 1.5, 19.75, 9999.0, 9999.0, 9999.0, 121.0, 124.5, 120.5, 104.25, 135.5
2023-04-06, 00:52:03, 132.75, 52.25, 19.25, 26.0, 9999.0, 1.5, 1.5, 19.75, 9999.0, 9999.0, 9999.0, 120.75, 124.5, 120.5, 104.25, 135.5
2023-04-06, 00:52:07, 132.75, 52.25, 19.25, 25.75, 9999.0, 1.25, 1.5, 19.75, 9999.0, 9999.0, 9999.0, 120.75, 124.5, 120.5, 104.25, 135.5
2023-04-06, 00:52:11, 132.75, 52.25, 19.25, 26.0, 9999.0, 1.5, 1.5, 19.75, 9999.0, 9999.0, 9999.0, 120.75, 124.5, 120.5, 104.25, 135.5
2023-04-06, 00:52:15, 132.75, 52.25, 19.25, 26.0, 9999.0, 1.5, 1.5, 19.75, 9999.0, 9999.0, 9999.0, 120.75, 124.5, 120.5, 104.25, 135.5
2023-04-06, 00:52:19, 132.75, 52.25, 19.25, 26.0, 9999.0, 1.5, 1.5, 19.75, 9999.0, 9999.0, 9999.0, 120.75, 124.5, 120.5, 104.25, 135.5
2023-04-06, 00:52:23, 132.75, 52.25, 19.25, 25.75, 9999.0, 1.5, 1.5, 19.75, 9999.0, 9999.0, 9999.0, 121.5, 124.5, 120.5, 104.25, 135.5
2023-04-06, 00:52:27, 132.75, 52.25, 19.25, 25.75, 9999.0, 1.5, 1.5, 19.75, 9999.0, 9999.0, 9999.0, 121.25, 124.5, 120.5, 104.25, 135.5
2023-04-06, 00:52:31, 132.75, 52.25, 19.25, 26.0, 9999.0, 1.5, 1.5, 19.75, 9999.0, 9999.0, 9999.0, 121.25, 124.25, 120.5, 104.0, 135.5
2023-04-06, 00:52:35, 132.75, 52.25, 19.25, 26.0, 9999.0, 1.5, 1.75, 19.75, 9999.0, 9999.0, 9999.0, 121.25, 124.25, 120.5, 104.25, 135.5
2023-04-06, 00:52:39, 132.75, 52.25, 19.25, 25.75, 9999.0, 1.5, 1.5, 19.75, 9999.0, 9999.0, 9999.0, 121.25, 124.5, 120.5, 104.25, 135.5
2023-04-06, 00:52:43, 132.75, 52.25, 19.25, 26.0, 9999.0, 1.25, 1.5, 19.75, 9999.0, 9999.0, 9999.0, 121.0, 124.5, 120.5, 104.0, 135.5
2023-04-06, 00:52:47, 132.75, 52.25, 19.25, 26.25, 9999.0, 1.25, 1.5, 19.75, 9999.0, 9999.0, 9999.0, 121.25, 124.5, 120.5, 104.25, 135.5
2023-04-06, 00:52:51, 132.75, 52.25, 19.25, 26.25, 9999.0, 1.25, 1.5, 19.75, 9999.0, 9999.0, 9999.0, 121.0, 124.5, 120.5, 104.0, 135.5
2023-04-06, 00:52:55, 132.5, 52.25, 19.25, 26.25, 9999.0, 1.25, 1.5, 19.75, 9999.0, 9999.0, 9999.0, 121.25, 124.5, 120.5, 104.25, 135.5
2023-04-06, 00:52:59, 132.5, 52.25, 19.25, 26.25, 9999.0, 1.25, 1.5, 19.75, 9999.0, 9999.0, 9999.0, 121.0, 124.5, 120.5, 104.25, 135.5
2023-04-06, 00:53:03, 132.75, 52.25, 19.25, 26.25, 9999.0, 1.25, 1.5, 19.75, 9999.0, 9999.0, 9999.0, 121.0, 124.5, 120.5, 104.25, 135.5
2023-04-06, 00:53:07, 132.75, 52.25, 19.0, 25.75, 9999.0, 1.25, 1.5, 19.75, 9999.0, 9999.0, 9999.0, 121.0, 124.5, 120.5, 104.0, 135.25
2023-04-06, 00:53:11, 132.75, 52.25, 19.25, 25.75, 9999.0, 1.25, 1.5, 19.75, 9999.0, 9999.0, 9999.0, 121.0, 124.5, 120.5, 104.25, 135.25
2023-04-06, 00:53:15, 132.75, 52.25, 19.25, 26.0, 9999.0, 1.25, 1.5, 19.75, 9999.0, 9999.0, 9999.0, 121.0, 124.5, 120.5, 104.25, 135.5
2023-04-06, 00:53:19, 132.75, 52.25, 19.25, 26.0, 9999.0, 1.25, 1.5, 19.75, 9999.0, 9999.0, 9999.0, 120.75, 124.5, 120.5, 104.0, 135.25
2023-04-06, 00:53:23, 132.75, 52.25, 19.25, 26.25, 9999.0, 1.25, 1.5, 19.75, 9999.0, 9999.0, 9999.0, 120.75, 124.5, 120.5, 104.0, 135.25
2023-04-06, 00:53:27, 132.75, 52.25, 19.25, 26.25, 9999.0, 1.25, 1.5, 19.75, 9999.0, 9999.0, 9999.0, 120.75, 124.5, 120.5, 104.25, 135.25
2023-04-06, 00:53:31, 132.75, 52.25, 19.25, 26.25, 9999.0, 1.25, 1.5, 19.75, 9999.0, 9999.0, 9999.0, 120.75, 124.5, 120.5, 104.25, 135.25
2023-04-06, 00:53:35, 132.75, 52.25, 19.25, 26.0, 9999.0, 1.5, 1.5, 19.75, 9999.0, 9999.0, 9999.0, 120.75, 124.5, 120.5, 104.25, 135.25
2023-04-06, 00:53:39, 132.75, 52.25, 19.25, 26.0, 9999.0, 1.5, 1.5, 19.75, 9999.0, 9999.0, 9999.0, 120.75, 124.5, 120.5, 104.0, 135.5
2023-04-06, 00:53:43, 132.75, 52.25, 19.25, 26.25, 9999.0, 1.5, 1.5, 19.75, 9999.0, 9999.0, 9999.0, 121.5, 124.5, 120.5, 104.0, 135.25
2023-04-06, 00:53:47, 132.5, 52.25, 19.25, 26.25, 9999.0, 1.5, 1.5, 19.75, 9999.0, 9999.0, 9999.0, 121.25, 124.5, 120.5, 104.25, 135.5
2023-04-06, 00:53:51, 132.75, 52.25, 19.0, 26.25, 9999.0, 1.5, 1.5, 19.75, 9999.0, 9999.0, 9999.0, 121.25, 124.5, 120.5, 104.25, 135.25
2023-04-06, 00:53:55, 132.75, 52.25, 19.25, 26.25, 9999.0, 1.5, 1.5, 19.75, 9999.0, 9999.0, 9999.0, 121.25, 124.5, 120.5, 104.25, 135.25
2023-04-06, 00:53:59, 132.75, 52.25, 19.25, 26.25, 9999.0, 1.25, 1.5, 19.75, 9999.0, 9999.0, 9999.0, 121.25, 124.5, 120.5, 104.25, 135.5
2023-04-06, 00:54:03, 132.75, 52.25, 19.25, 26.25, 9999.0, 1.25, 1.5, 19.75, 9999.0, 9999.0, 9999.0, 121.25, 124.25, 120.5, 104.0, 135.5
2023-04-06, 00:54:07, 132.75, 52.25, 19.0, 26.25, 9999.0, 1.25, 1.5, 19.75, 9999.0, 9999.0, 9999.0, 121.0, 124.5, 120.5, 104.25, 135.25
2023-04-06, 00:54:11, 132.5, 52.25, 19.25, 26.25, 9999.0, 1.25, 1.5, 19.75, 9999.0, 9999.0, 9999.0, 121.0, 124.5, 120.5, 104.25, 135.25
2023-04-06, 00:54:15, 132.75, 52.25, 19.25, 26.0, 9999.0, 1.25, 1.5, 19.75, 9999.0, 9999.0, 9999.0, 121.0, 124.5, 120.5, 104.25, 135.25
2023-04-06, 00:54:19, 132.75, 52.25, 19.25, 26.0, 9999.0, 1.25, 1.5, 19.75, 9999.0, 9999.0, 9999.0, 121.0, 124.5, 120.5, 104.0, 135.25
2023-04-06, 00:54:23, 132.75, 52.25, 19.25, 26.0, 9999.0, 1.25, 1.5, 19.75, 9999.0, 9999.0, 9999.0, 121.0, 124.5, 120.5, 104.25, 135.25
2023-04-06, 00:54:27, 132.5, 52.0, 19.25, 26.0, 9999.0, 1.25, 1.5, 19.75, 9999.0, 9999.0, 9999.0, 121.0, 124.5, 120.5, 104.25, 135.5
2023-04-06, 00:54:31, 132.75, 52.25, 19.25, 25.75, 9999.0, 1.25, 1.5, 19.75, 9999.0, 9999.0, 9999.0, 121.0, 124.5, 120.5, 104.0, 135.25
2023-04-06, 00:54:35, 132.75, 52.25, 19.25, 25.75, 9999.0, 1.0, 1.5, 19.75, 9999.0, 9999.0, 9999.0, 121.0, 124.5, 120.5, 104.0, 135.5
2023-04-06, 00:54:39, 132.75, 52.25, 19.0, 26.0, 9999.0, 1.25, 1.5, 19.75, 9999.0, 9999.0, 9999.0, 120.75, 124.5, 120.5, 104.0, 135.5
2023-04-06, 00:54:43, 132.75, 52.25, 19.25, 26.0, 9999.0, 1.25, 1.5, 19.75, 9999.0, 9999.0, 9999.0, 120.75, 124.5, 120.5, 104.0, 135.25
2023-04-06, 00:54:47, 132.75, 52.25, 19.25, 26.25, 9999.0, 1.25, 1.5, 19.75, 9999.0, 9999.0, 9999.0, 120.75, 124.5, 120.5, 104.25, 135.5
2023-04-06, 00:54:51, 132.75, 52.25, 19.25, 26.25, 9999.0, 1.25, 1.5, 19.75, 9999.0, 9999.0, 9999.0, 120.75, 124.5, 120.5, 104.0, 135.25
2023-04-06, 00:54:55, 132.75, 52.25, 19.25, 26.25, 9999.0, 1.5, 1.5, 19.75, 9999.0, 9999.0, 9999.0, 120.75, 124.5, 120.5, 104.0, 135.25
2023-04-06, 00:54:59, 132.75, 52.0, 19.25, 26.25, 9999.0, 1.5, 1.5, 19.75, 9999.0, 9999.0, 9999.0, 120.75, 124.25, 120.5, 104.0, 135.5
2023-04-06, 00:55:03, 132.75, 52.0, 19.0, 26.25, 9999.0, 1.5, 1.5, 19.75, 9999.0, 9999.0, 9999.0, 121.5, 124.5, 120.5, 104.0, 135.25
2023-04-06, 00:55:07, 132.5, 52.25, 19.25, 26.25, 9999.0, 1.5, 1.5, 19.75, 9999.0, 9999.0, 9999.0, 121.5, 124.5, 120.5, 104.0, 135.25
2023-04-06, 00:55:11, 132.75, 52.25, 19.25, 26.25, 9999.0, 1.5, 1.5, 19.75, 9999.0, 9999.0, 9999.0, 121.25, 124.5, 120.5, 104.0, 135.5
2023-04-06, 00:55:15, 132.5, 52.25, 19.0, 26.0, 9999.0, 1.25, 1.5, 19.75, 9999.0, 9999.0, 9999.0, 121.25, 124.5, 120.5, 104.0, 135.25
2023-04-06, 00:55:19, 132.5, 52.0, 19.0, 25.75, 9999.0, 1.25, 1.5, 19.75, 9999.0, 9999.0, 9999.0, 121.25, 124.25, 120.5, 104.0, 135.25
2023-04-06, 00:55:23, 132.5, 52.0, 19.25, 25.75, 9999.0, 1.25, 1.5, 19.75, 9999.0, 9999.0, 9999.0, 121.25, 124.5, 120.5, 104.0, 135.25
2023-04-06, 00:55:27, 132.75, 52.0, 19.25, 26.0, 9999.0, 1.25, 1.5, 19.75, 9999.0, 9999.0, 9999.0, 121.0, 124.25, 120.5, 104.0, 135.25
2023-04-06, 00:55:31, 132.75, 52.25, 19.25, 26.0, 9999.0, 1.25, 1.5, 19.75, 9999.0, 9999.0, 9999.0, 121.0, 124.25, 120.5, 104.0, 135.25
2023-04-06, 00:55:35, 132.75, 52.0, 19.25, 26.25, 9999.0, 1.25, 1.5, 19.75, 9999.0, 9999.0, 9999.0, 121.0, 124.5, 120.5, 104.0, 135.5
2023-04-06, 00:55:39, 132.5, 52.0, 19.0, 26.25, 9999.0, 1.25, 1.5, 19.75, 9999.0, 9999.0, 9999.0, 121.0, 124.5, 120.5, 104.0, 135.25
2023-04-06, 00:55:43, 132.75, 52.25, 19.25, 26.25, 9999.0, 1.25, 1.5, 19.75, 9999.0, 9999.0, 9999.0, 121.0, 124.5, 120.5, 104.0, 135.5
2023-04-06, 00:55:47, 132.75, 52.0, 19.25, 26.25, 9999.0, 1.25, 1.5, 19.75, 9999.0, 9999.0, 9999.0, 121.0, 124.5, 120.5, 104.0, 135.5
2023-04-06, 00:55:51, 132.75, 52.25, 19.0, 26.25, 9999.0, 1.25, 1.5, 19.75, 9999.0, 9999.0, 9999.0, 121.0, 124.5, 120.5, 104.0, 135.5
2023-04-06, 00:55:55, 132.75, 52.25, 19.0, 26.0, 9999.0, 1.25, 1.5, 19.75, 9999.0, 9999.0, 9999.0, 121.0, 124.5, 120.5, 104.0, 135.25
2023-04-06, 00:55:59, 132.5, 52.0, 19.25, 26.0, 9999.0, 1.25, 1.5, 19.75, 9999.0, 9999.0, 9999.0, 120.75, 124.5, 120.5, 104.0, 135.25
2023-04-06, 00:56:03, 132.75, 52.0, 19.25, 26.25, 9999.0, 1.25, 1.5, 19.75, 9999.0, 9999.0, 9999.0, 120.75, 124.5, 120.5, 104.0, 135.25
2023-04-06, 00:56:07, 132.75, 52.25, 19.25, 26.25, 9999.0, 1.25, 1.5, 19.75, 9999.0, 9999.0, 9999.0, 120.75, 124.5, 120.5, 104.0, 135.25
2023-04-06, 00:56:11, 132.75, 52.0, 19.25, 25.75, 9999.0, 1.25, 1.5, 19.75, 9999.0, 9999.0, 9999.0, 120.75, 124.5, 120.5, 104.0, 135.25
2023-04-06, 00:56:15, 132.5, 52.25, 19.25, 26.0, 9999.0, 1.25, 1.5, 19.75, 9999.0, 9999.0, 9999.0, 120.75, 124.25, 120.5, 104.0, 135.25
2023-04-06, 00:56:20, 132.75, 52.25, 19.0, 26.0, 9999.0, 1.5, 1.5, 19.75, 9999.0, 9999.0, 9999.0, 120.75, 124.5, 120.5, 104.0, 135.25
2023-04-06, 00:56:24, 132.75, 52.0, 19.0, 26.0, 9999.0, 1.5, 1.5, 19.5, 9999.0, 9999.0, 9999.0, 120.75, 124.5, 120.25, 104.0, 135.25
2023-04-06, 00:56:28, 132.5, 52.0, 19.0, 26.0, 9999.0, 1.5, 1.5, 19.75, 9999.0, 9999.0, 9999.0, 121.5, 124.5, 120.5, 104.0, 135.25
2023-04-06, 00:56:32, 132.5, 52.0, 19.0, 26.0, 9999.0, 1.5, 1.5, 19.75, 9999.0, 9999.0, 9999.0, 121.5, 124.5, 120.5, 104.0, 135.25
2023-04-06, 00:56:36, 132.5, 52.25, 19.25, 26.0, 9999.0, 1.25, 1.5, 19.75, 9999.0, 9999.0, 9999.0, 121.25, 124.5, 120.5, 104.0, 135.25
2023-04-06, 00:56:40, 132.75, 52.25, 19.25, 26.0, 9999.0, 1.25, 1.5, 19.75, 9999.0, 9999.0, 9999.0, 121.25, 124.25, 120.5, 104.0, 135.25
2023-04-06, 00:56:44, 132.75, 52.25, 19.25, 26.0, 9999.0, 1.25, 1.5, 19.75, 9999.0, 9999.0, 9999.0, 121.25, 124.25, 120.5, 104.0, 135.25
2023-04-06, 00:56:48, 132.75, 52.0, 19.0, 26.0, 9999.0, 1.25, 1.5, 19.75, 9999.0, 9999.0, 9999.0, 121.25, 124.25, 120.5, 104.0, 135.25
2023-04-06, 00:56:52, 132.75, 52.25, 19.25, 26.0, 9999.0, 1.25, 1.5, 19.75, 9999.0, 9999.0, 9999.0, 121.0, 124.25, 120.5, 104.0, 135.25
2023-04-06, 00:56:56, 132.5, 52.25, 19.0, 26.25, 9999.0, 1.25, 1.5, 19.75, 9999.0, 9999.0, 9999.0, 121.0, 124.5, 120.5, 104.0, 135.25
2023-04-06, 00:57:00, 132.5, 52.25, 19.25, 26.25, 9999.0, 1.25, 1.5, 19.75, 9999.0, 9999.0, 9999.0, 121.0, 124.5, 120.5, 104.0, 135.5
2023-04-06, 00:57:04, 132.75, 52.25, 19.0, 26.25, 9999.0, 1.25, 1.5, 19.75, 9999.0, 9999.0, 9999.0, 121.0, 124.5, 120.5, 104.0, 135.25
2023-04-06, 00:57:08, 132.5, 52.25, 19.0, 26.0, 9999.0, 1.25, 1.5, 19.75, 9999.0, 9999.0, 9999.0, 121.0, 124.5, 120.5, 104.0, 135.25
2023-04-06, 00:57:12, 132.5, 52.0, 19.25, 26.0, 9999.0, 1.0, 1.5, 19.75, 9999.0, 9999.0, 9999.0, 121.0, 124.5, 120.5, 104.0, 135.5
2023-04-06, 00:57:16, 132.5, 52.25, 19.0, 26.0, 9999.0, 1.25, 1.5, 19.75, 9999.0, 9999.0, 9999.0, 121.0, 124.5, 120.5, 104.25, 135.5
2023-04-06, 00:57:20, 132.5, 52.25, 19.25, 26.0, 9999.0, 1.25, 1.5, 19.75, 9999.0, 9999.0, 9999.0, 120.75, 124.5, 120.5, 104.0, 135.5
2023-04-06, 00:57:24, 132.75, 52.0, 19.0, 26.0, 9999.0, 1.0, 1.5, 19.75, 9999.0, 9999.0, 9999.0, 120.75, 124.5, 120.5, 104.0, 135.5
2023-04-06, 00:57:28, 132.5, 52.25, 19.0, 26.0, 9999.0, 1.0, 1.5, 19.75, 9999.0, 9999.0, 9999.0, 120.75, 124.5, 120.5, 104.0, 135.25
2023-04-06, 00:57:32, 132.75, 52.0, 19.25, 26.0, 9999.0, 1.25, 1.5, 19.75, 9999.0, 9999.0, 9999.0, 120.75, 124.5, 120.5, 104.25, 135.25
2023-04-06, 00:57:36, 132.5, 52.0, 19.25, 26.25, 9999.0, 1.25, 1.5, 19.75, 9999.0, 9999.0, 9999.0, 120.75, 124.5, 120.5, 104.25, 135.5
2023-04-06, 00:57:40, 132.5, 52.0, 19.25, 26.0, 9999.0, 1.5, 1.5, 19.75, 9999.0, 9999.0, 9999.0, 120.75, 124.5, 120.5, 104.0, 135.5
2023-04-06, 00:57:44, 132.5, 52.25, 19.0, 26.0, 9999.0, 1.5, 1.5, 19.75, 9999.0, 9999.0, 9999.0, 120.75, 124.25, 120.5, 104.0, 135.5
2023-04-06, 00:57:48, 132.75, 52.0, 19.25, 26.25, 9999.0, 1.5, 1.5, 19.75, 9999.0, 9999.0, 9999.0, 121.5, 124.5, 120.5, 104.0, 135.25
2023-04-06, 00:57:52, 132.75, 52.0, 19.25, 26.0, 9999.0, 1.5, 1.5, 19.75, 9999.0, 9999.0, 9999.0, 121.25, 124.5, 120.5, 104.0, 135.25
2023-04-06, 00:57:56, 132.5, 52.25, 19.0, 26.25, 9999.0, 1.5, 1.5, 19.75, 9999.0, 9999.0, 9999.0, 121.25, 124.25, 120.5, 104.0, 135.25
2023-04-06, 00:58:00, 132.75, 52.0, 19.25, 26.25, 9999.0, 1.25, 1.5, 19.75, 9999.0, 9999.0, 9999.0, 121.25, 124.25, 120.25, 104.25, 135.25
2023-04-06, 00:58:04, 132.75, 52.25, 19.0, 26.25, 9999.0, 1.5, 1.5, 19.75, 9999.0, 9999.0, 9999.0, 121.25, 124.25, 120.5, 104.25, 135.25
2023-04-06, 00:58:08, 132.5, 52.25, 19.25, 26.25, 9999.0, 1.25, 1.5, 19.75, 9999.0, 9999.0, 9999.0, 121.25, 124.25, 120.5, 104.0, 135.25
2023-04-06, 00:58:12, 132.5, 52.25, 19.0, 26.25, 9999.0, 1.25, 1.5, 19.75, 9999.0, 9999.0, 9999.0, 121.0, 124.25, 120.5, 104.0, 135.25
2023-04-06, 00:58:16, 132.75, 52.25, 19.25, 26.0, 9999.0, 1.25, 1.5, 19.75, 9999.0, 9999.0, 9999.0, 121.0, 124.5, 120.25, 104.25, 135.25
2023-04-06, 00:58:20, 132.75, 52.25, 19.25, 26.0, 9999.0, 1.25, 1.25, 19.75, 9999.0, 9999.0, 9999.0, 121.0, 124.5, 120.5, 104.25, 135.5
2023-04-06, 00:58:24, 132.5, 52.0, 19.25, 26.25, 9999.0, 1.25, 1.5, 19.75, 9999.0, 9999.0, 9999.0, 121.0, 124.5, 120.5, 104.25, 135.25
2023-04-06, 00:58:28, 132.75, 52.0, 19.25, 26.0, 9999.0, 1.25, 1.5, 19.75, 9999.0, 9999.0, 9999.0, 121.0, 124.5, 120.5, 104.25, 135.25
2023-04-06, 00:58:32, 132.5, 52.25, 19.0, 26.0, 9999.0, 1.25, 1.5, 19.75, 9999.0, 9999.0, 9999.0, 121.0, 124.5, 120.5, 104.25, 135.5
2023-04-06, 00:58:36, 132.75, 52.0, 19.0, 26.0, 9999.0, 1.25, 1.5, 19.75, 9999.0, 9999.0, 9999.0, 121.0, 124.5, 120.5, 104.25, 135.25
2023-04-06, 00:58:40, 132.5, 52.0, 19.25, 26.25, 9999.0, 1.25, 1.5, 19.75, 9999.0, 9999.0, 9999.0, 120.75, 124.5, 120.25, 104.25, 135.25
2023-04-06, 00:58:44, 132.5, 52.25, 19.0, 26.25, 9999.0, 1.25, 1.5, 19.75, 9999.0, 9999.0, 9999.0, 120.75, 124.5, 120.5, 104.0, 135.25
2023-04-06, 00:58:48, 132.75, 52.0, 19.0, 26.25, 9999.0, 1.0, 1.5, 19.75, 9999.0, 9999.0, 9999.0, 120.75, 124.5, 120.5, 104.25, 135.5
2023-04-06, 00:58:52, 132.5, 52.25, 19.0, 26.25, 9999.0, 1.25, 1.5, 19.75, 9999.0, 9999.0, 9999.0, 120.75, 124.5, 120.5, 104.25, 135.25
2023-04-06, 00:58:56, 132.75, 52.0, 19.0, 26.25, 9999.0, 1.25, 1.5, 19.75, 9999.0, 9999.0, 9999.0, 120.75, 124.5, 120.5, 104.25, 135.5
2023-04-06, 00:59:00, 132.5, 52.25, 19.0, 26.25, 9999.0, 1.5, 1.5, 19.75, 9999.0, 9999.0, 9999.0, 120.75, 124.5, 120.5, 104.25, 135.25
2023-04-06, 00:59:04, 132.5, 52.0, 19.0, 26.5, 9999.0, 1.5, 1.5, 19.75, 9999.0, 9999.0, 9999.0, 120.5, 124.5, 120.5, 104.25, 135.25
2023-04-06, 00:59:08, 132.5, 52.0, 19.0, 26.25, 9999.0, 1.5, 1.5, 19.75, 9999.0, 9999.0, 9999.0, 121.5, 124.5, 120.5, 104.25, 135.5
2023-04-06, 00:59:12, 132.5, 52.0, 19.0, 26.25, 9999.0, 1.5, 1.5, 19.75, 9999.0, 9999.0, 9999.0, 121.5, 124.5, 120.5, 104.25, 135.25
2023-04-06, 00:59:16, 132.75, 52.25, 19.25, 26.25, 9999.0, 1.5, 1.5, 19.75, 9999.0, 9999.0, 9999.0, 121.25, 124.5, 120.5, 104.25, 135.25
2023-04-06, 00:59:20, 132.75, 52.25, 19.0, 26.25, 9999.0, 1.5, 1.5, 19.75, 9999.0, 9999.0, 9999.0, 121.25, 124.25, 120.5, 104.25, 135.25
2023-04-06, 00:59:24, 132.75, 52.25, 19.25, 26.25, 9999.0, 1.25, 1.5, 19.75, 9999.0, 9999.0, 9999.0, 121.25, 124.5, 120.5, 104.25, 135.25
2023-04-06, 00:59:28, 132.75, 52.0, 19.0, 26.0, 9999.0, 1.25, 1.5, 19.75, 9999.0, 9999.0, 9999.0, 121.0, 124.5, 120.5, 104.25, 135.25
2023-04-06, 00:59:32, 132.75, 52.0, 19.0, 26.25, 9999.0, 1.5, 1.5, 19.75, 9999.0, 9999.0, 9999.0, 121.0, 124.25, 120.5, 104.25, 135.25
2023-04-06, 00:59:36, 132.5, 52.25, 19.25, 26.25, 9999.0, 1.25, 1.5, 19.75, 9999.0, 9999.0, 9999.0, 121.0, 124.5, 120.5, 104.0, 135.25
2023-04-06, 00:59:40, 132.5, 52.25, 19.25, 26.25, 9999.0, 1.25, 1.5, 19.75, 9999.0, 9999.0, 9999.0, 121.25, 124.5, 120.5, 104.0, 135.25
2023-04-06, 00:59:44, 132.5, 52.25, 19.25, 26.0, 9999.0, 1.25, 1.5, 19.75, 9999.0, 9999.0, 9999.0, 121.0, 124.5, 120.5, 104.25, 135.5
2023-04-06, 00:59:48, 132.75, 52.0, 19.0, 26.25, 9999.0, 1.25, 1.5, 19.75, 9999.0, 9999.0, 9999.0, 121.0, 124.5, 120.5, 104.25, 135.5
2023-04-06, 00:59:52, 132.5, 52.25, 19.0, 26.0, 9999.0, 1.25, 1.5, 19.75, 9999.0, 9999.0, 9999.0, 121.0, 124.5, 120.5, 104.25, 135.5
2023-04-06, 00:59:56, 132.5, 52.25, 19.25, 26.0, 9999.0, 1.25, 1.5, 19.75, 9999.0, 9999.0, 9999.0, 121.0, 124.5, 120.5, 104.0, 135.25
2023-04-06, 01:00:00, 132.75, 52.25, 19.0, 26.0, 9999.0, 1.0, 1.5, 19.75, 9999.0, 9999.0, 9999.0, 121.0, 124.5, 120.5, 104.0, 135.5
2023-04-06, 01:00:04, 132.75, 52.0, 19.25, 26.0, 9999.0, 1.25, 1.5, 19.75, 9999.0, 9999.0, 9999.0, 120.75, 124.5, 120.5, 104.0, 135.25
2023-04-06, 01:00:08, 132.5, 52.0, 19.25, 26.25, 9999.0, 1.25, 1.5, 19.75, 9999.0, 9999.0, 9999.0, 120.75, 124.5, 120.5, 104.0, 135.25
2023-04-06, 01:00:12, 132.5, 52.0, 19.25, 26.25, 9999.0, 1.25, 1.5, 19.75, 9999.0, 9999.0, 9999.0, 120.75, 124.5, 120.5, 104.25, 135.5
2023-04-06, 01:00:16, 132.75, 52.0, 19.25, 26.25, 9999.0, 1.25, 1.5, 19.75, 9999.0, 9999.0, 9999.0, 120.75, 124.5, 120.5, 104.0, 135.25
2023-04-06, 01:00:20, 132.5, 52.0, 19.0, 26.0, 9999.0, 1.25, 1.5, 19.75, 9999.0, 9999.0, 9999.0, 120.75, 124.5, 120.5, 104.0, 135.25
2023-04-06, 01:00:24, 132.5, 52.25, 19.25, 26.0, 9999.0, 1.5, 1.5, 19.75, 9999.0, 9999.0, 9999.0, 120.75, 124.5, 120.5, 104.25, 135.25
2023-04-06, 01:00:28, 132.75, 52.25, 19.25, 26.0, 9999.0, 1.5, 1.5, 19.75, 9999.0, 9999.0, 9999.0, 121.5, 124.5, 120.5, 104.0, 135.25
2023-04-06, 01:00:32, 132.75, 52.0, 19.25, 26.0, 9999.0, 1.5, 1.5, 19.75, 9999.0, 9999.0, 9999.0, 121.5, 124.5, 120.5, 104.0, 135.25
2023-04-06, 01:00:36, 132.75, 52.0, 19.0, 26.0, 9999.0, 1.5, 1.5, 19.75, 9999.0, 9999.0, 9999.0, 121.25, 124.5, 120.5, 104.25, 135.25
2023-04-06, 01:00:40, 132.5, 52.25, 19.25, 26.0, 9999.0, 1.5, 1.5, 19.75, 9999.0, 9999.0, 9999.0, 121.25, 124.5, 120.5, 104.25, 135.5
2023-04-06, 01:00:45, 132.75, 52.0, 19.0, 26.0, 9999.0, 1.5, 1.5, 19.75, 9999.0, 9999.0, 9999.0, 121.25, 124.25, 120.5, 104.25, 135.25
2023-04-06, 01:00:49, 132.75, 52.0, 19.25, 26.0, 9999.0, 1.25, 1.5, 19.75, 9999.0, 9999.0, 9999.0, 121.0, 124.25, 120.5, 104.25, 135.25
2023-04-06, 01:00:53, 132.75, 52.0, 19.25, 26.0, 9999.0, 1.25, 1.5, 19.75, 9999.0, 9999.0, 9999.0, 121.0, 124.25, 120.5, 104.25, 135.25
2023-04-06, 01:00:57, 132.75, 52.25, 19.25, 26.25, 9999.0, 1.5, 1.5, 19.75, 9999.0, 9999.0, 9999.0, 121.0, 124.25, 120.5, 104.25, 135.25
2023-04-06, 01:01:01, 132.75, 52.0, 19.0, 26.0, 9999.0, 1.25, 1.5, 19.75, 9999.0, 9999.0, 9999.0, 121.25, 124.5, 120.5, 104.25, 135.25
2023-04-06, 01:01:05, 132.75, 52.25, 19.25, 26.0, 9999.0, 1.25, 1.5, 19.75, 9999.0, 9999.0, 9999.0, 121.0, 124.5, 120.5, 104.25, 135.25
2023-04-06, 01:01:09, 132.75, 52.25, 19.0, 26.0, 9999.0, 1.25, 1.5, 19.75, 9999.0, 9999.0, 9999.0, 121.0, 124.5, 120.5, 104.25, 135.5
2023-04-06, 01:01:13, 132.75, 52.25, 19.0, 26.25, 9999.0, 1.25, 1.5, 19.75, 9999.0, 9999.0, 9999.0, 121.0, 124.5, 120.5, 104.25, 135.25
2023-04-06, 01:01:17, 132.75, 52.25, 19.0, 26.0, 9999.0, 1.25, 1.5, 19.75, 9999.0, 9999.0, 9999.0, 121.0, 124.5, 120.5, 104.25, 135.5
2023-04-06, 01:01:21, 132.5, 52.0, 19.0, 26.0, 9999.0, 1.25, 1.5, 19.75, 9999.0, 9999.0, 9999.0, 120.75, 124.5, 120.5, 104.25, 135.5
2023-04-06, 01:01:25, 132.5, 52.25, 19.25, 26.25, 9999.0, 1.25, 1.5, 19.75, 9999.0, 9999.0, 9999.0, 120.75, 124.5, 120.5, 104.25, 135.25
2023-04-06, 01:01:29, 132.75, 52.25, 19.25, 26.25, 9999.0, 1.25, 1.5, 19.75, 9999.0, 9999.0, 9999.0, 121.0, 124.5, 120.25, 104.25, 135.25
2023-04-06, 01:01:33, 132.75, 52.25, 19.25, 26.0, 9999.0, 1.5, 1.5, 19.75, 9999.0, 9999.0, 9999.0, 120.75, 124.5, 120.5, 104.25, 135.25
2023-04-06, 01:01:37, 132.75, 52.0, 19.25, 26.0, 9999.0, 1.5, 1.5, 19.75, 9999.0, 9999.0, 9999.0, 120.75, 124.5, 120.5, 104.25, 135.25
2023-04-06, 01:01:41, 132.5, 52.25, 19.25, 26.25, 9999.0, 1.25, 1.5, 19.75, 9999.0, 9999.0, 9999.0, 120.75, 124.5, 120.5, 104.25, 135.5
2023-04-06, 01:01:45, 132.75, 52.25, 19.0, 26.25, 9999.0, 1.5, 1.5, 19.75, 9999.0, 9999.0, 9999.0, 120.75, 124.5, 120.5, 104.25, 135.25
2023-04-06, 01:01:49, 132.75, 52.25, 19.0, 26.25, 9999.0, 1.5, 1.5, 19.75, 9999.0, 9999.0, 9999.0, 120.75, 124.5, 120.5, 104.25, 135.5
2023-04-06, 01:01:53, 132.75, 52.25, 19.25, 26.25, 9999.0, 1.5, 1.5, 19.75, 9999.0, 9999.0, 9999.0, 121.5, 124.5, 120.5, 104.25, 135.25
2023-04-06, 01:01:57, 132.75, 52.25, 19.25, 26.25, 9999.0, 1.5, 1.5, 19.75, 9999.0, 9999.0, 9999.0, 121.25, 124.25, 120.5, 104.25, 135.25
2023-04-06, 01:02:01, 132.75, 52.25, 19.25, 26.25, 9999.0, 1.5, 1.5, 19.75, 9999.0, 9999.0, 9999.0, 121.25, 124.5, 120.5, 104.25, 135.25
2023-04-06, 01:02:05, 132.5, 52.25, 19.25, 26.0, 9999.0, 1.5, 1.75, 19.75, 9999.0, 9999.0, 9999.0, 121.25, 124.5, 120.5, 104.25, 135.25
2023-04-06, 01:02:09, 132.75, 52.25, 19.25, 26.0, 9999.0, 1.5, 1.5, 19.75, 9999.0, 9999.0, 9999.0, 121.25, 124.5, 120.5, 104.25, 135.25
2023-04-06, 01:02:13, 132.75, 52.25, 19.25, 26.0, 9999.0, 1.25, 1.5, 19.75, 9999.0, 9999.0, 9999.0, 121.25, 124.25, 120.5, 104.25, 135.25
2023-04-06, 01:02:17, 132.75, 52.25, 19.25, 26.0, 9999.0, 1.25, 1.5, 19.75, 9999.0, 9999.0, 9999.0, 121.0, 124.25, 120.25, 104.25, 135.25
2023-04-06, 01:02:21, 132.75, 52.25, 19.0, 26.0, 9999.0, 1.25, 1.5, 19.75, 9999.0, 9999.0, 9999.0, 121.0, 124.5, 120.5, 104.25, 135.25
2023-04-06, 01:02:25, 132.75, 52.25, 19.0, 26.0, 9999.0, 1.25, 1.5, 19.75, 9999.0, 9999.0, 9999.0, 121.0, 124.5, 120.5, 104.0, 135.25
2023-04-06, 01:02:29, 132.75, 52.25, 19.25, 26.0, 9999.0, 1.25, 1.75, 19.75, 9999.0, 9999.0, 9999.0, 121.0, 124.5, 120.5, 104.25, 135.25
2023-04-06, 01:02:33, 132.75, 52.25, 19.0, 26.0, 9999.0, 1.25, 1.5, 19.75, 9999.0, 9999.0, 9999.0, 121.0, 124.5, 120.5, 104.25, 135.25
2023-04-06, 01:02:37, 132.75, 52.25, 19.0, 26.25, 9999.0, 1.25, 1.5, 19.75, 9999.0, 9999.0, 9999.0, 121.0, 124.5, 120.5, 104.0, 135.25
2023-04-06, 01:02:41, 132.75, 52.25, 19.25, 26.0, 9999.0, 1.25, 1.5, 19.75, 9999.0, 9999.0, 9999.0, 121.0, 124.5, 120.5, 104.0, 135.25
2023-04-06, 01:02:45, 132.75, 52.25, 19.0, 26.25, 9999.0, 1.25, 1.5, 19.75, 9999.0, 9999.0, 9999.0, 121.0, 124.5, 120.5, 104.0, 135.25
2023-04-06, 01:02:49, 132.75, 52.25, 19.25, 26.0, 9999.0, 1.25, 1.5, 19.75, 9999.0, 9999.0, 9999.0, 120.75, 124.5, 120.5, 104.25, 135.25
2023-04-06, 01:02:53, 132.75, 52.25, 19.25, 26.25, 9999.0, 1.5, 1.5, 19.75, 9999.0, 9999.0, 9999.0, 120.75, 124.5, 120.5, 104.25, 135.5
2023-04-06, 01:02:57, 132.75, 52.25, 19.25, 26.0, 9999.0, 1.5, 1.5, 19.75, 9999.0, 9999.0, 9999.0, 120.75, 124.25, 120.5, 104.0, 135.25
2023-04-06, 01:03:01, 132.75, 52.25, 19.25, 26.0, 9999.0, 1.25, 1.5, 19.75, 9999.0, 9999.0, 9999.0, 120.75, 124.5, 120.5, 104.0, 135.5
2023-04-06, 01:03:05, 132.75, 52.25, 19.0, 26.0, 9999.0, 1.5, 1.5, 19.75, 9999.0, 9999.0, 9999.0, 120.75, 124.5, 120.5, 104.25, 135.25
2023-04-06, 01:03:09, 132.75, 52.0, 19.25, 26.0, 9999.0, 1.5, 1.5, 19.75, 9999.0, 9999.0, 9999.0, 121.5, 124.25, 120.5, 104.0, 135.25
2023-04-06, 01:03:13, 132.75, 52.25, 19.25, 26.0, 9999.0, 1.5, 1.75, 19.75, 9999.0, 9999.0, 9999.0, 121.25, 124.25, 120.5, 104.0, 135.25
2023-04-06, 01:03:17, 132.75, 52.25, 19.25, 26.0, 9999.0, 1.5, 1.5, 19.75, 9999.0, 9999.0, 9999.0, 121.25, 124.25, 120.5, 104.0, 135.25
2023-04-06, 01:03:21, 132.75, 52.25, 19.0, 26.0, 9999.0, 1.5, 1.5, 19.75, 9999.0, 9999.0, 9999.0, 121.25, 124.25, 120.5, 104.0, 135.25
2023-04-06, 01:03:25, 132.75, 52.25, 19.0, 26.0, 9999.0, 1.5, 1.5, 19.75, 9999.0, 9999.0, 9999.0, 121.25, 124.25, 120.5, 104.0, 135.25
2023-04-06, 01:03:29, 132.75, 52.25, 19.0, 26.0, 9999.0, 1.5, 1.75, 19.75, 9999.0, 9999.0, 9999.0, 121.25, 124.25, 120.5, 104.0, 135.25
2023-04-06, 01:03:33, 132.75, 52.25, 19.25, 26.0, 9999.0, 1.25, 1.5, 19.75, 9999.0, 9999.0, 9999.0, 121.0, 124.25, 120.5, 104.0, 135.25
2023-04-06, 01:03:37, 132.75, 52.25, 19.25, 26.0, 9999.0, 1.25, 1.5, 19.75, 9999.0, 9999.0, 9999.0, 121.0, 124.5, 120.5, 104.0, 135.25
2023-04-06, 01:03:41, 132.75, 52.25, 19.25, 26.0, 9999.0, 1.25, 1.5, 19.75, 9999.0, 9999.0, 9999.0, 121.0, 124.5, 120.5, 104.0, 135.25
2023-04-06, 01:03:45, 132.75, 52.25, 19.0, 26.0, 9999.0, 1.25, 1.5, 19.75, 9999.0, 9999.0, 9999.0, 121.0, 124.5, 120.5, 104.0, 135.25
2023-04-06, 01:03:49, 132.75, 52.25, 19.0, 26.0, 9999.0, 1.25, 1.5, 19.75, 9999.0, 9999.0, 9999.0, 121.0, 124.5, 120.5, 104.0, 135.25
2023-04-06, 01:03:53, 132.75, 52.25, 19.0, 25.5, 9999.0, 1.25, 1.5, 19.75, 9999.0, 9999.0, 9999.0, 121.0, 124.5, 120.5, 104.0, 135.25
2023-04-06, 01:03:57, 132.75, 52.25, 19.0, 25.75, 9999.0, 1.25, 1.5, 19.75, 9999.0, 9999.0, 9999.0, 121.0, 124.25, 120.25, 104.0, 135.25
2023-04-06, 01:04:01, 132.75, 52.25, 19.25, 26.0, 9999.0, 1.25, 1.5, 19.75, 9999.0, 9999.0, 9999.0, 120.75, 124.5, 120.25, 104.0, 135.25
2023-04-06, 01:04:05, 132.75, 52.25, 19.0, 25.75, 9999.0, 1.25, 1.5, 19.75, 9999.0, 9999.0, 9999.0, 120.75, 124.5, 120.5, 104.0, 135.25
2023-04-06, 01:04:09, 132.5, 52.25, 19.0, 25.75, 9999.0, 1.25, 1.5, 19.75, 9999.0, 9999.0, 9999.0, 120.75, 124.25, 120.5, 104.0, 135.25
2023-04-06, 01:04:13, 132.75, 52.25, 19.25, 25.5, 9999.0, 1.5, 1.5, 19.75, 9999.0, 9999.0, 9999.0, 120.75, 124.25, 120.5, 104.0, 135.25
2023-04-06, 01:04:17, 132.75, 52.25, 19.0, 25.5, 9999.0, 1.25, 1.5, 19.75, 9999.0, 9999.0, 9999.0, 120.75, 124.5, 120.5, 104.0, 135.25
2023-04-06, 01:04:21, 132.5, 52.25, 19.25, 25.75, 9999.0, 1.5, 1.5, 19.75, 9999.0, 9999.0, 9999.0, 120.75, 124.25, 120.5, 104.0, 135.25
2023-04-06, 01:04:25, 132.75, 52.0, 19.25, 26.0, 9999.0, 1.5, 1.5, 19.75, 9999.0, 9999.0, 9999.0, 120.5, 124.25, 120.5, 104.0, 135.25
2023-04-06, 01:04:29, 132.75, 52.0, 19.25, 26.0, 9999.0, 1.5, 1.5, 19.75, 9999.0, 9999.0, 9999.0, 121.5, 124.25, 120.5, 104.0, 135.25
2023-04-06, 01:04:33, 132.75, 52.25, 19.25, 26.25, 9999.0, 1.5, 1.5, 19.75, 9999.0, 9999.0, 9999.0, 121.5, 124.25, 120.25, 104.0, 135.25
2023-04-06, 01:04:37, 132.75, 52.25, 19.0, 26.0, 9999.0, 1.5, 1.5, 19.75, 9999.0, 9999.0, 9999.0, 121.25, 124.25, 120.5, 104.0, 135.25
2023-04-06, 01:04:41, 132.75, 52.25, 19.0, 26.0, 9999.0, 1.5, 1.5, 19.75, 9999.0, 9999.0, 9999.0, 121.25, 124.25, 120.5, 104.0, 135.25
2023-04-06, 01:04:45, 132.75, 52.25, 19.0, 25.75, 9999.0, 1.5, 1.5, 19.75, 9999.0, 9999.0, 9999.0, 121.0, 124.25, 120.5, 104.0, 135.25
2023-04-06, 01:04:49, 132.5, 52.25, 19.25, 25.75, 9999.0, 1.25, 1.5, 19.75, 9999.0, 9999.0, 9999.0, 121.0, 124.25, 120.5, 104.0, 135.25
2023-04-06, 01:04:53, 132.5, 52.25, 19.0, 26.0, 9999.0, 1.25, 1.5, 19.75, 9999.0, 9999.0, 9999.0, 121.0, 124.25, 120.25, 104.0, 135.25
2023-04-06, 01:04:57, 132.5, 52.0, 19.0, 26.0, 9999.0, 1.5, 1.5, 19.75, 9999.0, 9999.0, 9999.0, 121.0, 124.25, 120.5, 104.0, 135.25
2023-04-06, 01:05:01, 132.5, 52.25, 19.0, 26.0, 9999.0, 1.25, 1.5, 19.75, 9999.0, 9999.0, 9999.0, 121.0, 124.5, 120.5, 104.0, 135.25
2023-04-06, 01:05:05, 132.75, 52.25, 19.25, 26.25, 9999.0, 1.25, 1.5, 19.75, 9999.0, 9999.0, 9999.0, 121.0, 124.5, 120.5, 104.0, 135.25
2023-04-06, 01:05:09, 132.75, 52.25, 19.0, 25.75, 9999.0, 1.25, 1.5, 19.75, 9999.0, 9999.0, 9999.0, 121.0, 124.25, 120.5, 104.0, 135.25
2023-04-06, 01:05:14, 132.5, 52.25, 19.0, 25.75, 9999.0, 1.25, 1.5, 19.75, 9999.0, 9999.0, 9999.0, 121.0, 124.25, 120.25, 104.0, 135.25
2023-04-06, 01:05:18, 132.75, 52.25, 19.0, 26.0, 9999.0, 1.0, 1.5, 19.75, 9999.0, 9999.0, 9999.0, 120.75, 124.25, 120.25, 104.0, 135.25
2023-04-06, 01:05:22, 132.75, 52.25, 19.0, 25.75, 9999.0, 1.25, 1.5, 19.75, 9999.0, 9999.0, 9999.0, 120.75, 124.25, 120.25, 104.0, 135.25
2023-04-06, 01:05:26, 132.75, 52.25, 19.0, 26.0, 9999.0, 1.25, 1.5, 19.75, 9999.0, 9999.0, 9999.0, 120.75, 124.25, 120.25, 104.0, 135.25
2023-04-06, 01:05:30, 132.75, 52.0, 19.0, 26.0, 9999.0, 1.25, 1.5, 19.75, 9999.0, 9999.0, 9999.0, 120.75, 124.25, 120.5, 104.0, 135.25
2023-04-06, 01:05:34, 132.5, 52.25, 19.0, 26.0, 9999.0, 1.5, 1.5, 19.75, 9999.0, 9999.0, 9999.0, 120.75, 124.25, 120.5, 104.0, 135.25
2023-04-06, 01:05:38, 132.75, 52.0, 19.0, 25.75, 9999.0, 1.25, 1.5, 19.75, 9999.0, 9999.0, 9999.0, 120.75, 124.25, 120.5, 104.0, 135.25
2023-04-06, 01:05:42, 132.5, 52.25, 19.0, 26.0, 9999.0, 1.5, 1.5, 19.75, 9999.0, 9999.0, 9999.0, 120.75, 124.25, 120.5, 104.0, 135.25
2023-04-06, 01:05:46, 132.5, 52.25, 19.0, 26.0, 9999.0, 1.75, 1.5, 19.75, 9999.0, 9999.0, 9999.0, 120.5, 124.25, 120.5, 104.0, 135.25
2023-04-06, 01:05:50, 132.5, 52.0, 19.0, 26.0, 9999.0, 1.5, 1.5, 19.75, 9999.0, 9999.0, 9999.0, 121.5, 124.25, 120.25, 104.0, 135.25
2023-04-06, 01:05:54, 132.75, 52.25, 19.0, 26.0, 9999.0, 1.5, 1.5, 19.75, 9999.0, 9999.0, 9999.0, 121.25, 124.25, 120.5, 104.0, 135.25
2023-04-06, 01:05:58, 132.5, 52.25, 19.0, 26.0, 9999.0, 1.5, 1.5, 19.75, 9999.0, 9999.0, 9999.0, 121.25, 124.25, 120.25, 104.0, 135.25
2023-04-06, 01:06:02, 132.5, 52.0, 19.0, 26.0, 9999.0, 1.25, 1.5, 19.75, 9999.0, 9999.0, 9999.0, 121.25, 124.25, 120.25, 104.0, 135.25
2023-04-06, 01:06:06, 132.5, 52.25, 19.25, 26.0, 9999.0, 1.5, 1.5, 19.75, 9999.0, 9999.0, 9999.0, 121.25, 124.25, 120.25, 104.0, 135.25
2023-04-06, 01:06:10, 132.5, 52.25, 19.0, 26.0, 9999.0, 1.25, 1.5, 19.75, 9999.0, 9999.0, 9999.0, 121.0, 124.25, 120.25, 104.0, 135.25
2023-04-06, 01:06:14, 132.5, 52.0, 19.0, 26.0, 9999.0, 1.25, 1.5, 19.75, 9999.0, 9999.0, 9999.0, 121.0, 124.25, 120.5, 104.0, 135.25
2023-04-06, 01:06:18, 132.5, 52.25, 19.0, 26.0, 9999.0, 1.5, 1.5, 19.75, 9999.0, 9999.0, 9999.0, 121.0, 124.5, 120.25, 104.0, 135.25
2023-04-06, 01:06:22, 132.75, 52.25, 19.0, 26.0, 9999.0, 1.25, 1.5, 19.75, 9999.0, 9999.0, 9999.0, 121.0, 124.5, 120.5, 104.0, 135.25
2023-04-06, 01:06:26, 132.5, 52.0, 19.0, 26.0, 9999.0, 1.25, 1.5, 19.75, 9999.0, 9999.0, 9999.0, 121.0, 124.5, 120.5, 104.0, 135.25
2023-04-06, 01:06:30, 132.5, 52.25, 19.0, 26.0, 9999.0, 1.25, 1.5, 19.75, 9999.0, 9999.0, 9999.0, 121.0, 124.25, 120.25, 104.0, 135.25
2023-04-06, 01:06:34, 132.5, 52.25, 19.0, 26.0, 9999.0, 1.25, 1.5, 19.75, 9999.0, 9999.0, 9999.0, 121.0, 124.5, 120.25, 104.0, 135.25
2023-04-06, 01:06:38, 132.5, 52.25, 19.0, 26.0, 9999.0, 1.25, 1.5, 19.75, 9999.0, 9999.0, 9999.0, 120.75, 124.5, 120.5, 104.0, 135.25
2023-04-06, 01:06:42, 132.5, 52.25, 19.0, 26.0, 9999.0, 1.25, 1.5, 19.75, 9999.0, 9999.0, 9999.0, 120.75, 124.25, 120.5, 104.0, 135.25
2023-04-06, 01:06:46, 132.5, 52.0, 19.0, 26.0, 9999.0, 1.25, 1.5, 19.75, 9999.0, 9999.0, 9999.0, 120.75, 124.25, 120.25, 104.0, 135.25
2023-04-06, 01:06:50, 132.5, 52.25, 19.0, 25.75, 9999.0, 1.25, 1.5, 19.75, 9999.0, 9999.0, 9999.0, 120.75, 124.25, 120.5, 104.0, 135.25
2023-04-06, 01:06:54, 132.5, 52.25, 19.0, 25.75, 9999.0, 1.25, 1.5, 19.75, 9999.0, 9999.0, 9999.0, 120.75, 124.25, 120.5, 104.0, 135.25
2023-04-06, 01:06:58, 132.5, 52.25, 19.25, 25.75, 9999.0, 1.25, 1.5, 19.75, 9999.0, 9999.0, 9999.0, 120.75, 124.25, 120.5, 104.0, 135.25
2023-04-06, 01:07:02, 132.5, 52.25, 19.0, 26.0, 9999.0, 1.5, 1.5, 19.75, 9999.0, 9999.0, 9999.0, 120.75, 124.25, 120.5, 104.0, 135.25
2023-04-06, 01:07:06, 132.5, 52.25, 19.0, 26.0, 9999.0, 1.5, 1.5, 19.75, 9999.0, 9999.0, 9999.0, 120.5, 124.25, 120.5, 104.0, 135.25
2023-04-06, 01:07:10, 132.75, 52.0, 19.25, 26.0, 9999.0, 1.5, 1.5, 19.75, 9999.0, 9999.0, 9999.0, 121.5, 124.25, 120.5, 104.0, 135.25
2023-04-06, 01:07:14, 132.5, 52.25, 19.0, 26.0, 9999.0, 1.5, 1.5, 19.75, 9999.0, 9999.0, 9999.0, 121.25, 124.5, 120.25, 104.0, 135.25
2023-04-06, 01:07:18, 132.5, 52.0, 19.25, 25.75, 9999.0, 1.5, 1.5, 19.75, 9999.0, 9999.0, 9999.0, 121.25, 124.25, 120.5, 104.0, 135.25
2023-04-06, 01:07:22, 132.5, 52.25, 19.0, 26.0, 9999.0, 1.5, 1.5, 19.75, 9999.0, 9999.0, 9999.0, 121.25, 124.25, 120.5, 104.0, 135.25
2023-04-06, 01:07:26, 132.5, 52.0, 19.0, 25.75, 9999.0, 1.25, 1.5, 19.75, 9999.0, 9999.0, 9999.0, 121.25, 124.25, 120.25, 104.0, 135.25
2023-04-06, 01:07:30, 132.5, 52.0, 19.0, 26.0, 9999.0, 1.5, 1.5, 19.75, 9999.0, 9999.0, 9999.0, 121.0, 124.25, 120.25, 104.0, 135.25
2023-04-06, 01:07:34, 132.5, 52.25, 19.0, 26.25, 9999.0, 1.25, 1.5, 19.75, 9999.0, 9999.0, 9999.0, 121.0, 124.25, 120.25, 104.0, 135.25
2023-04-06, 01:07:38, 132.5, 52.0, 19.25, 26.25, 9999.0, 1.25, 1.5, 19.75, 9999.0, 9999.0, 9999.0, 121.0, 124.5, 120.25, 104.0, 135.25
2023-04-06, 01:07:42, 132.5, 52.0, 19.25, 26.25, 9999.0, 1.25, 1.5, 19.75, 9999.0, 9999.0, 9999.0, 121.0, 124.5, 120.25, 104.0, 135.25
2023-04-06, 01:07:46, 132.5, 52.0, 19.0, 26.25, 9999.0, 1.25, 1.5, 19.75, 9999.0, 9999.0, 9999.0, 121.0, 124.5, 120.25, 104.0, 135.25
2023-04-06, 01:07:50, 132.5, 52.25, 19.25, 26.0, 9999.0, 1.25, 1.5, 19.75, 9999.0, 9999.0, 9999.0, 121.0, 124.25, 120.25, 104.0, 135.25
2023-04-06, 01:07:54, 132.5, 52.25, 19.25, 26.0, 9999.0, 1.25, 1.5, 19.75, 9999.0, 9999.0, 9999.0, 121.0, 124.5, 120.25, 104.0, 135.25
2023-04-06, 01:07:58, 132.5, 52.0, 19.0, 26.0, 9999.0, 1.25, 1.5, 19.75, 9999.0, 9999.0, 9999.0, 120.75, 124.25, 120.25, 104.0, 135.25
2023-04-06, 01:08:02, 132.5, 52.0, 19.0, 25.75, 9999.0, 1.25, 1.5, 19.75, 9999.0, 9999.0, 9999.0, 121.0, 124.25, 120.25, 104.0, 135.25
2023-04-06, 01:08:06, 132.5, 52.25, 19.0, 26.0, 9999.0, 1.25, 1.5, 19.75, 9999.0, 9999.0, 9999.0, 120.75, 124.25, 120.25, 104.0, 135.25
2023-04-06, 01:08:10, 132.5, 52.25, 19.0, 26.0, 9999.0, 1.25, 1.5, 19.75, 9999.0, 9999.0, 9999.0, 120.75, 124.25, 120.5, 104.0, 135.25
2023-04-06, 01:08:14, 132.5, 52.0, 19.0, 26.0, 9999.0, 1.5, 1.5, 19.75, 9999.0, 9999.0, 9999.0, 120.75, 124.25, 120.5, 104.0, 135.25
2023-04-06, 01:08:18, 132.5, 52.0, 19.0, 26.0, 9999.0, 1.25, 1.5, 19.75, 9999.0, 9999.0, 9999.0, 120.75, 124.25, 120.25, 104.0, 135.25
2023-04-06, 01:08:22, 132.5, 52.25, 19.0, 26.0, 9999.0, 1.5, 1.5, 19.75, 9999.0, 9999.0, 9999.0, 120.5, 124.25, 120.5, 104.0, 135.25
2023-04-06, 01:08:26, 132.5, 52.25, 19.0, 26.0, 9999.0, 1.5, 1.5, 19.75, 9999.0, 9999.0, 9999.0, 120.5, 124.25, 120.25, 104.0, 135.25
2023-04-06, 01:08:30, 132.5, 52.25, 19.0, 26.0, 9999.0, 1.5, 1.5, 19.75, 9999.0, 9999.0, 9999.0, 121.25, 124.25, 120.25, 104.0, 135.25
2023-04-06, 01:08:34, 132.5, 52.0, 19.0, 26.0, 9999.0, 1.5, 1.5, 19.75, 9999.0, 9999.0, 9999.0, 121.25, 124.25, 120.25, 103.75, 135.25
2023-04-06, 01:08:38, 132.5, 52.0, 19.0, 26.0, 9999.0, 1.5, 1.5, 19.75, 9999.0, 9999.0, 9999.0, 121.25, 124.25, 120.25, 104.0, 135.25
2023-04-06, 01:08:42, 132.5, 52.0, 19.0, 26.0, 9999.0, 1.25, 1.5, 19.75, 9999.0, 9999.0, 9999.0, 121.25, 124.25, 120.25, 103.75, 135.25
2023-04-06, 01:08:46, 132.5, 52.0, 19.0, 26.0, 9999.0, 1.25, 1.5, 19.75, 9999.0, 9999.0, 9999.0, 121.25, 124.25, 120.5, 104.0, 135.25
2023-04-06, 01:08:50, 132.5, 52.0, 19.0, 26.0, 9999.0, 1.25, 1.5, 19.75, 9999.0, 9999.0, 9999.0, 121.0, 124.25, 120.25, 104.0, 135.25
2023-04-06, 01:08:54, 132.5, 52.0, 19.0, 26.25, 9999.0, 1.25, 1.5, 19.75, 9999.0, 9999.0, 9999.0, 121.0, 124.0, 120.25, 104.0, 135.25
2023-04-06, 01:08:58, 132.5, 52.0, 19.0, 26.0, 9999.0, 1.25, 1.5, 19.75, 9999.0, 9999.0, 9999.0, 121.0, 124.25, 120.25, 104.0, 135.25
2023-04-06, 01:09:02, 132.5, 52.0, 19.0, 26.25, 9999.0, 1.25, 1.5, 19.75, 9999.0, 9999.0, 9999.0, 121.0, 124.25, 120.25, 104.0, 135.25
2023-04-06, 01:09:06, 132.5, 52.0, 19.0, 26.25, 9999.0, 1.25, 1.5, 19.75, 9999.0, 9999.0, 9999.0, 121.0, 124.25, 120.25, 104.0, 135.25
2023-04-06, 01:09:10, 132.5, 52.0, 19.0, 26.25, 9999.0, 1.25, 1.5, 19.75, 9999.0, 9999.0, 9999.0, 121.0, 124.25, 120.25, 104.0, 135.25
2023-04-06, 01:09:14, 132.5, 52.0, 19.25, 26.0, 9999.0, 1.25, 1.5, 19.75, 9999.0, 9999.0, 9999.0, 121.0, 124.25, 120.25, 104.0, 135.25
2023-04-06, 01:09:18, 132.5, 52.0, 19.0, 26.0, 9999.0, 1.25, 1.5, 19.75, 9999.0, 9999.0, 9999.0, 120.75, 124.25, 120.25, 104.0, 135.25
2023-04-06, 01:09:22, 132.5, 52.0, 19.0, 26.0, 9999.0, 1.25, 1.5, 19.75, 9999.0, 9999.0, 9999.0, 120.75, 124.25, 120.25, 104.0, 135.25
2023-04-06, 01:09:26, 132.5, 52.0, 19.0, 26.0, 9999.0, 1.25, 1.5, 19.75, 9999.0, 9999.0, 9999.0, 120.75, 124.25, 120.5, 104.0, 135.25
2023-04-06, 01:09:30, 132.5, 52.0, 19.0, 26.25, 9999.0, 1.25, 1.5, 19.75, 9999.0, 9999.0, 9999.0, 120.75, 124.25, 120.25, 103.75, 135.25
2023-04-06, 01:09:34, 132.5, 52.0, 19.0, 26.25, 9999.0, 1.25, 1.5, 19.5, 9999.0, 9999.0, 9999.0, 120.75, 124.25, 120.25, 104.0, 135.25
2023-04-06, 01:09:39, 132.5, 52.0, 19.0, 26.25, 9999.0, 1.25, 1.5, 19.75, 9999.0, 9999.0, 9999.0, 120.75, 124.25, 120.5, 104.0, 135.25
2023-04-06, 01:09:43, 132.5, 52.0, 19.25, 26.0, 9999.0, 1.5, 1.5, 19.75, 9999.0, 9999.0, 9999.0, 120.5, 124.25, 120.25, 104.0, 135.25
2023-04-06, 01:09:47, 132.5, 52.0, 19.0, 26.25, 9999.0, 1.5, 1.5, 19.75, 9999.0, 9999.0, 9999.0, 120.5, 124.25, 120.25, 104.0, 135.25
2023-04-06, 01:09:51, 132.5, 52.0, 19.0, 26.25, 9999.0, 1.5, 1.5, 19.75, 9999.0, 9999.0, 9999.0, 121.25, 124.25, 120.25, 103.75, 135.25
2023-04-06, 01:09:55, 132.5, 52.0, 19.0, 26.0, 9999.0, 1.5, 1.5, 19.75, 9999.0, 9999.0, 9999.0, 121.25, 124.25, 120.25, 103.75, 135.25
2023-04-06, 01:09:59, 132.5, 52.0, 19.0, 26.0, 9999.0, 1.5, 1.5, 19.75, 9999.0, 9999.0, 9999.0, 121.25, 124.25, 120.25, 104.0, 135.25
2023-04-06, 01:10:03, 132.5, 52.0, 19.0, 26.0, 9999.0, 1.25, 1.5, 19.75, 9999.0, 9999.0, 9999.0, 121.0, 124.25, 120.25, 104.0, 135.25
2023-04-06, 01:10:07, 132.5, 52.0, 19.0, 26.0, 9999.0, 1.25, 1.5, 19.75, 9999.0, 9999.0, 9999.0, 121.0, 124.25, 120.25, 104.0, 135.0
2023-04-06, 01:10:11, 132.5, 52.0, 19.0, 26.0, 9999.0, 1.25, 1.5, 19.75, 9999.0, 9999.0, 9999.0, 121.0, 124.25, 120.25, 104.0, 135.25
2023-04-06, 01:10:15, 132.5, 52.0, 19.0, 26.0, 9999.0, 1.25, 1.5, 19.75, 9999.0, 9999.0, 9999.0, 121.0, 124.0, 120.25, 104.0, 135.25
2023-04-06, 01:10:19, 132.5, 52.0, 19.0, 26.0, 9999.0, 1.25, 1.5, 19.75, 9999.0, 9999.0, 9999.0, 121.0, 124.25, 120.25, 104.0, 135.25
2023-04-06, 01:10:23, 132.5, 52.0, 19.0, 26.0, 9999.0, 1.25, 1.5, 19.75, 9999.0, 9999.0, 9999.0, 121.0, 124.25, 120.25, 104.0, 135.25
2023-04-06, 01:10:27, 132.5, 52.0, 19.0, 26.25, 9999.0, 1.25, 1.5, 19.5, 9999.0, 9999.0, 9999.0, 121.0, 124.25, 120.25, 104.0, 135.25
2023-04-06, 01:10:31, 132.5, 52.0, 19.0, 26.25, 9999.0, 1.25, 1.5, 19.75, 9999.0, 9999.0, 9999.0, 120.75, 124.25, 120.25, 104.0, 135.25
2023-04-06, 01:10:35, 132.5, 52.0, 19.0, 26.0, 9999.0, 1.25, 1.5, 19.75, 9999.0, 9999.0, 9999.0, 120.75, 124.25, 120.25, 104.0, 135.25
2023-04-06, 01:10:39, 132.5, 52.0, 19.0, 26.25, 9999.0, 1.25, 1.5, 19.75, 9999.0, 9999.0, 9999.0, 120.75, 124.25, 120.25, 104.0, 135.25
2023-04-06, 01:10:43, 132.5, 52.0, 19.0, 26.25, 9999.0, 1.25, 1.5, 19.75, 9999.0, 9999.0, 9999.0, 120.75, 124.25, 120.25, 104.0, 135.25
2023-04-06, 01:10:47, 132.5, 52.0, 19.0, 26.0, 9999.0, 1.25, 1.5, 19.75, 9999.0, 9999.0, 9999.0, 120.75, 124.25, 120.5, 104.0, 135.25
2023-04-06, 01:10:51, 132.5, 52.0, 19.0, 26.0, 9999.0, 1.25, 1.5, 19.75, 9999.0, 9999.0, 9999.0, 120.75, 124.25, 120.5, 103.75, 135.25
2023-04-06, 01:10:55, 132.5, 52.0, 19.0, 26.0, 9999.0, 1.25, 1.5, 19.75, 9999.0, 9999.0, 9999.0, 120.5, 124.25, 120.5, 104.0, 135.25
2023-04-06, 01:10:59, 132.5, 52.0, 19.0, 26.0, 9999.0, 1.25, 1.5, 19.75, 9999.0, 9999.0, 9999.0, 120.5, 124.25, 120.5, 104.0, 135.25
2023-04-06, 01:11:03, 132.5, 52.0, 19.0, 26.0, 9999.0, 1.5, 1.5, 19.75, 9999.0, 9999.0, 9999.0, 120.5, 124.25, 120.25, 104.0, 135.25
2023-04-06, 01:11:07, 132.5, 52.0, 19.0, 26.0, 9999.0, 1.5, 1.5, 19.75, 9999.0, 9999.0, 9999.0, 120.5, 124.25, 120.25, 104.0, 135.25
2023-04-06, 01:11:11, 132.5, 52.0, 19.0, 26.0, 9999.0, 1.5, 1.5, 19.75, 9999.0, 9999.0, 9999.0, 121.25, 124.25, 120.5, 103.75, 135.25
2023-04-06, 01:11:15, 132.5, 52.0, 19.0, 26.0, 9999.0, 1.5, 1.5, 19.75, 9999.0, 9999.0, 9999.0, 121.25, 124.25, 120.25, 104.0, 135.25
2023-04-06, 01:11:19, 132.5, 51.75, 19.0, 26.0, 9999.0, 1.25, 1.5, 19.5, 9999.0, 9999.0, 9999.0, 121.25, 124.25, 120.25, 104.0, 135.25
2023-04-06, 01:11:23, 132.5, 52.0, 19.0, 26.0, 9999.0, 1.25, 1.5, 19.75, 9999.0, 9999.0, 9999.0, 121.0, 124.25, 120.25, 104.0, 135.25
2023-04-06, 01:11:27, 132.5, 52.0, 19.0, 26.25, 9999.0, 1.25, 1.5, 19.75, 9999.0, 9999.0, 9999.0, 121.0, 124.25, 120.5, 104.0, 135.0
2023-04-06, 01:11:31, 132.5, 52.0, 19.0, 26.25, 9999.0, 1.25, 1.5, 19.5, 9999.0, 9999.0, 9999.0, 121.0, 124.25, 120.25, 104.0, 135.25
2023-04-06, 01:11:35, 132.5, 52.0, 19.0, 26.25, 9999.0, 1.25, 1.5, 19.5, 9999.0, 9999.0, 9999.0, 121.0, 124.25, 120.25, 104.0, 135.25
2023-04-06, 01:11:39, 132.5, 52.0, 19.0, 26.25, 9999.0, 1.25, 1.5, 19.5, 9999.0, 9999.0, 9999.0, 121.0, 124.25, 120.25, 104.0, 135.25
2023-04-06, 01:11:43, 132.5, 52.0, 19.0, 26.25, 9999.0, 1.25, 1.5, 19.75, 9999.0, 9999.0, 9999.0, 121.0, 124.25, 120.25, 104.0, 135.25
2023-04-06, 01:11:47, 132.5, 52.0, 19.0, 26.25, 9999.0, 1.25, 1.5, 19.5, 9999.0, 9999.0, 9999.0, 121.0, 124.25, 120.25, 104.0, 135.25
2023-04-06, 01:11:51, 132.5, 52.0, 19.0, 26.25, 9999.0, 1.25, 1.5, 19.75, 9999.0, 9999.0, 9999.0, 120.75, 124.25, 120.25, 104.0, 135.25
2023-04-06, 01:11:55, 132.5, 52.0, 19.0, 26.25, 9999.0, 1.25, 1.5, 19.5, 9999.0, 9999.0, 9999.0, 120.75, 124.25, 120.25, 104.0, 135.25
2023-04-06, 01:11:59, 132.5, 52.0, 19.0, 26.0, 9999.0, 1.25, 1.5, 19.5, 9999.0, 9999.0, 9999.0, 120.75, 124.25, 120.25, 104.0, 135.25
2023-04-06, 01:12:03, 132.5, 52.0, 19.0, 26.0, 9999.0, 1.0, 1.5, 19.75, 9999.0, 9999.0, 9999.0, 120.75, 124.25, 120.25, 104.0, 135.25
2023-04-06, 01:12:07, 132.5, 52.0, 19.0, 26.0, 9999.0, 1.0, 1.5, 19.5, 9999.0, 9999.0, 9999.0, 120.75, 124.25, 120.25, 104.0, 135.25
2023-04-06, 01:12:11, 132.5, 52.0, 19.0, 26.0, 9999.0, 1.5, 1.5, 19.75, 9999.0, 9999.0, 9999.0, 120.75, 124.25, 120.5, 103.75, 135.25
2023-04-06, 01:12:15, 132.5, 52.0, 19.0, 26.0, 9999.0, 1.25, 1.5, 19.5, 9999.0, 9999.0, 9999.0, 120.5, 124.25, 120.25, 104.0, 135.25
2023-04-06, 01:12:19, 132.5, 52.0, 19.0, 26.0, 9999.0, 1.25, 1.5, 19.5, 9999.0, 9999.0, 9999.0, 120.5, 124.25, 120.25, 104.0, 135.25
2023-04-06, 01:12:23, 132.5, 52.0, 19.0, 26.0, 9999.0, 1.5, 1.5, 19.75, 9999.0, 9999.0, 9999.0, 120.5, 124.0, 120.25, 104.0, 135.25
2023-04-06, 01:12:27, 132.5, 52.0, 19.0, 26.0, 9999.0, 1.5, 1.5, 19.75, 9999.0, 9999.0, 9999.0, 121.25, 124.25, 120.25, 104.0, 135.25
2023-04-06, 01:12:31, 132.5, 52.0, 19.0, 26.25, 9999.0, 1.5, 1.5, 19.75, 9999.0, 9999.0, 9999.0, 121.25, 124.25, 120.25, 104.0, 135.25
2023-04-06, 01:12:35, 132.5, 52.0, 19.0, 26.0, 9999.0, 1.25, 1.5, 19.5, 9999.0, 9999.0, 9999.0, 121.25, 124.25, 120.25, 104.0, 135.25
2023-04-06, 01:12:39, 132.5, 52.0, 19.0, 26.0, 9999.0, 1.25, 1.5, 19.5, 9999.0, 9999.0, 9999.0, 121.0, 124.25, 120.25, 104.0, 135.0
2023-04-06, 01:12:43, 132.5, 52.0, 19.0, 26.25, 9999.0, 1.25, 1.5, 19.5, 9999.0, 9999.0, 9999.0, 121.0, 124.25, 120.25, 104.0, 135.0
2023-04-06, 01:12:47, 132.5, 52.0, 19.0, 26.0, 9999.0, 1.25, 1.5, 19.5, 9999.0, 9999.0, 9999.0, 121.0, 124.0, 120.25, 103.75, 135.25
2023-04-06, 01:12:51, 132.5, 52.0, 19.0, 26.0, 9999.0, 1.25, 1.5, 19.5, 9999.0, 9999.0, 9999.0, 121.0, 124.0, 120.25, 104.0, 135.25
2023-04-06, 01:12:55, 132.5, 52.0, 19.0, 26.0, 9999.0, 1.25, 1.5, 19.5, 9999.0, 9999.0, 9999.0, 120.75, 124.25, 120.25, 103.75, 135.25
2023-04-06, 01:12:59, 132.5, 52.0, 19.0, 26.0, 9999.0, 1.25, 1.5, 19.5, 9999.0, 9999.0, 9999.0, 121.0, 124.25, 120.25, 104.0, 135.25
2023-04-06, 01:13:03, 132.5, 52.0, 19.0, 26.0, 9999.0, 1.25, 1.5, 19.5, 9999.0, 9999.0, 9999.0, 121.0, 124.25, 120.25, 104.0, 135.25
2023-04-06, 01:13:07, 132.5, 52.0, 19.0, 26.25, 9999.0, 1.25, 1.5, 19.5, 9999.0, 9999.0, 9999.0, 120.75, 124.25, 120.25, 104.0, 135.25
2023-04-06, 01:13:11, 132.5, 52.0, 19.0, 26.0, 9999.0, 1.0, 1.5, 19.5, 9999.0, 9999.0, 9999.0, 120.75, 124.25, 120.25, 103.75, 135.25
2023-04-06, 01:13:15, 132.5, 52.0, 19.0, 26.25, 9999.0, 1.0, 1.5, 19.5, 9999.0, 9999.0, 9999.0, 120.75, 124.25, 120.25, 104.0, 135.25
2023-04-06, 01:13:19, 132.5, 51.75, 19.0, 26.25, 9999.0, 1.0, 1.5, 19.5, 9999.0, 9999.0, 9999.0, 120.75, 124.25, 120.25, 104.0, 135.25
2023-04-06, 01:13:23, 132.5, 52.0, 19.0, 26.0, 9999.0, 1.0, 1.5, 19.5, 9999.0, 9999.0, 9999.0, 120.75, 124.25, 120.25, 104.0, 135.25
2023-04-06, 01:13:27, 132.5, 52.0, 19.0, 26.0, 9999.0, 1.0, 1.25, 19.5, 9999.0, 9999.0, 9999.0, 120.75, 124.25, 120.25, 104.0, 135.25
2023-04-06, 01:13:31, 132.5, 52.0, 19.0, 26.0, 9999.0, 1.25, 1.5, 19.5, 9999.0, 9999.0, 9999.0, 120.75, 124.25, 120.25, 104.0, 135.25
2023-04-06, 01:13:35, 132.5, 52.0, 19.0, 26.0, 9999.0, 1.25, 1.25, 19.5, 9999.0, 9999.0, 9999.0, 120.5, 124.25, 120.25, 104.0, 135.25
2023-04-06, 01:13:39, 132.5, 52.0, 19.0, 26.0, 9999.0, 1.5, 1.5, 19.75, 9999.0, 9999.0, 9999.0, 120.5, 124.25, 120.5, 104.0, 135.25
2023-04-06, 01:13:43, 132.25, 51.75, 19.0, 26.0, 9999.0, 1.5, 1.5, 19.75, 9999.0, 9999.0, 9999.0, 120.5, 124.25, 120.25, 103.75, 135.25
2023-04-06, 01:13:47, 132.25, 52.0, 19.0, 26.0, 9999.0, 1.5, 1.5, 19.75, 9999.0, 9999.0, 9999.0, 121.25, 124.25, 120.25, 104.0, 135.25
2023-04-06, 01:13:51, 132.5, 52.0, 19.0, 26.0, 9999.0, 1.25, 1.5, 19.75, 9999.0, 9999.0, 9999.0, 121.25, 124.25, 120.25, 104.0, 135.25
2023-04-06, 01:13:55, 132.5, 51.75, 19.0, 26.0, 9999.0, 1.25, 1.5, 19.5, 9999.0, 9999.0, 9999.0, 121.25, 124.25, 120.25, 104.0, 135.25
2023-04-06, 01:13:59, 132.25, 52.0, 19.0, 26.0, 9999.0, 1.25, 1.5, 19.75, 9999.0, 9999.0, 9999.0, 121.0, 124.25, 120.25, 104.0, 135.0
2023-04-06, 01:14:03, 132.5, 52.0, 19.0, 26.0, 9999.0, 1.25, 1.5, 19.5, 9999.0, 9999.0, 9999.0, 121.0, 124.25, 120.25, 104.0, 135.0
2023-04-06, 01:14:08, 132.5, 52.0, 19.0, 26.25, 9999.0, 1.25, 1.5, 19.5, 9999.0, 9999.0, 9999.0, 121.0, 124.25, 120.25, 104.0, 135.25
2023-04-06, 01:14:12, 132.25, 51.75, 19.0, 26.0, 9999.0, 1.25, 1.5, 19.5, 9999.0, 9999.0, 9999.0, 121.0, 124.25, 120.25, 104.0, 135.25
2023-04-06, 01:14:16, 132.25, 51.75, 19.0, 26.25, 9999.0, 1.25, 1.5, 19.5, 9999.0, 9999.0, 9999.0, 121.0, 124.25, 120.25, 104.0, 135.0
2023-04-06, 01:14:20, 132.5, 52.0, 19.0, 26.0, 9999.0, 1.25, 1.5, 19.5, 9999.0, 9999.0, 9999.0, 121.0, 124.25, 120.25, 104.0, 135.25
2023-04-06, 01:14:24, 132.5, 52.0, 19.0, 26.0, 9999.0, 1.25, 1.5, 19.5, 9999.0, 9999.0, 9999.0, 121.0, 124.5, 120.25, 104.0, 135.25
2023-04-06, 01:14:28, 132.5, 52.0, 19.0, 26.0, 9999.0, 1.25, 1.5, 19.5, 9999.0, 9999.0, 9999.0, 121.0, 124.5, 120.25, 104.0, 135.25
2023-04-06, 01:14:32, 132.5, 52.0, 19.0, 26.25, 9999.0, 1.0, 1.5, 19.5, 9999.0, 9999.0, 9999.0, 120.75, 124.25, 120.25, 104.0, 135.25
2023-04-06, 01:14:36, 132.5, 52.0, 18.75, 26.25, 9999.0, 1.0, 1.5, 19.5, 9999.0, 9999.0, 9999.0, 120.75, 124.25, 120.25, 104.0, 135.0
2023-04-06, 01:14:40, 132.5, 52.0, 19.0, 26.25, 9999.0, 1.0, 1.5, 19.5, 9999.0, 9999.0, 9999.0, 120.75, 124.25, 120.25, 104.0, 135.25
2023-04-06, 01:14:44, 132.25, 52.0, 19.0, 26.0, 9999.0, 1.0, 1.5, 19.5, 9999.0, 9999.0, 9999.0, 120.75, 124.25, 120.25, 104.0, 135.0
2023-04-06, 01:14:48, 132.25, 52.0, 19.0, 26.0, 9999.0, 1.0, 1.5, 19.5, 9999.0, 9999.0, 9999.0, 120.75, 124.25, 120.25, 104.0, 135.25
2023-04-06, 01:14:52, 132.5, 51.75, 19.0, 26.0, 9999.0, 1.25, 1.5, 19.5, 9999.0, 9999.0, 9999.0, 120.5, 124.25, 120.5, 104.0, 135.0
2023-04-06, 01:14:56, 132.25, 52.0, 19.0, 26.0, 9999.0, 1.25, 1.5, 19.5, 9999.0, 9999.0, 9999.0, 120.5, 124.25, 120.25, 104.0, 135.25
2023-04-06, 01:15:00, 132.25, 52.0, 19.0, 26.0, 9999.0, 1.25, 1.5, 19.5, 9999.0, 9999.0, 9999.0, 120.5, 124.25, 120.25, 104.0, 135.25
2023-04-06, 01:15:04, 132.25, 51.75, 19.0, 26.0, 9999.0, 1.5, 1.5, 19.75, 9999.0, 9999.0, 9999.0, 120.5, 124.25, 120.25, 104.0, 135.25
2023-04-06, 01:15:08, 132.25, 51.75, 19.0, 26.0, 9999.0, 1.5, 1.5, 19.5, 9999.0, 9999.0, 9999.0, 121.25, 124.25, 120.25, 104.0, 135.0
2023-04-06, 01:15:12, 132.5, 52.0, 19.0, 26.0, 9999.0, 1.25, 1.25, 19.5, 9999.0, 9999.0, 9999.0, 121.25, 124.25, 120.25, 104.0, 135.25
2023-04-06, 01:15:16, 132.25, 52.0, 19.0, 26.0, 9999.0, 1.25, 1.5, 19.5, 9999.0, 9999.0, 9999.0, 121.0, 124.25, 120.25, 104.0, 135.0
2023-04-06, 01:15:20, 132.25, 51.75, 19.0, 26.0, 9999.0, 1.25, 1.5, 19.75, 9999.0, 9999.0, 9999.0, 121.0, 124.25, 120.25, 104.0, 135.25
2023-04-06, 01:15:24, 132.25, 51.75, 19.0, 26.0, 9999.0, 1.25, 1.5, 19.5, 9999.0, 9999.0, 9999.0, 121.0, 124.25, 120.25, 104.0, 135.25
2023-04-06, 01:15:28, 132.25, 52.0, 19.0, 26.0, 9999.0, 1.25, 1.5, 19.5, 9999.0, 9999.0, 9999.0, 121.0, 124.25, 120.25, 104.0, 135.25
2023-04-06, 01:15:32, 132.25, 52.0, 19.0, 26.0, 9999.0, 1.25, 1.5, 19.5, 9999.0, 9999.0, 9999.0, 121.0, 124.25, 120.25, 104.0, 135.0
2023-04-06, 01:15:36, 132.25, 51.75, 19.0, 26.0, 9999.0, 1.25, 1.5, 19.5, 9999.0, 9999.0, 9999.0, 121.0, 124.25, 120.25, 104.0, 135.25
2023-04-06, 01:15:40, 132.25, 52.0, 19.0, 26.0, 9999.0, 1.25, 1.5, 19.5, 9999.0, 9999.0, 9999.0, 121.0, 124.5, 120.25, 104.0, 135.0
2023-04-06, 01:15:44, 132.25, 52.0, 19.0, 26.25, 9999.0, 1.25, 1.25, 19.5, 9999.0, 9999.0, 9999.0, 120.75, 124.25, 120.5, 104.0, 135.25
2023-04-06, 01:15:48, 132.25, 51.75, 19.0, 26.25, 9999.0, 1.25, 1.5, 19.5, 9999.0, 9999.0, 9999.0, 120.75, 124.25, 120.25, 104.0, 135.25
2023-04-06, 01:15:52, 132.25, 52.0, 19.0, 26.25, 9999.0, 1.0, 1.5, 19.5, 9999.0, 9999.0, 9999.0, 120.75, 124.25, 120.5, 104.0, 135.25
2023-04-06, 01:15:56, 132.25, 51.75, 18.75, 26.25, 9999.0, 1.25, 1.5, 19.75, 9999.0, 9999.0, 9999.0, 120.75, 124.25, 120.25, 104.0, 135.0
2023-04-06, 01:16:00, 132.25, 52.0, 19.0, 26.25, 9999.0, 1.0, 1.25, 19.75, 9999.0, 9999.0, 9999.0, 120.75, 124.25, 120.25, 104.0, 135.25
2023-04-06, 01:16:04, 132.25, 52.0, 19.0, 26.25, 9999.0, 1.0, 1.25, 19.5, 9999.0, 9999.0, 9999.0, 120.5, 124.25, 120.25, 104.0, 135.25
2023-04-06, 01:16:08, 132.5, 52.0, 19.0, 26.25, 9999.0, 1.0, 1.25, 19.5, 9999.0, 9999.0, 9999.0, 120.5, 124.25, 120.25, 104.0, 135.25
2023-04-06, 01:16:12, 132.25, 52.0, 19.0, 26.0, 9999.0, 1.25, 1.5, 19.5, 9999.0, 9999.0, 9999.0, 120.5, 124.25, 120.5, 104.0, 135.25
2023-04-06, 01:16:16, 132.25, 52.0, 19.0, 26.25, 9999.0, 1.25, 1.25, 19.5, 9999.0, 9999.0, 9999.0, 120.5, 124.25, 120.25, 104.0, 135.0
2023-04-06, 01:16:20, 132.25, 52.0, 19.25, 26.25, 9999.0, 1.5, 1.5, 19.5, 9999.0, 9999.0, 9999.0, 120.5, 124.25, 120.25, 104.0, 135.25
2023-04-06, 01:16:24, 132.25, 51.75, 19.0, 26.0, 9999.0, 1.5, 1.5, 19.5, 9999.0, 9999.0, 9999.0, 120.5, 124.25, 120.25, 104.0, 135.25
2023-04-06, 01:16:28, 132.5, 52.0, 19.0, 26.25, 9999.0, 1.5, 1.5, 19.75, 9999.0, 9999.0, 9999.0, 121.25, 124.25, 120.5, 104.0, 135.25
2023-04-06, 01:16:32, 132.25, 52.0, 19.0, 26.25, 9999.0, 1.25, 1.25, 19.75, 9999.0, 9999.0, 9999.0, 121.25, 124.25, 120.25, 104.0, 135.25
2023-04-06, 01:16:36, 132.25, 51.75, 19.0, 26.0, 9999.0, 1.25, 1.5, 19.75, 9999.0, 9999.0, 9999.0, 121.0, 124.25, 120.5, 104.0, 135.25
2023-04-06, 01:16:40, 132.25, 52.0, 19.0, 26.25, 9999.0, 1.25, 1.5, 19.5, 9999.0, 9999.0, 9999.0, 121.0, 124.25, 120.25, 104.0, 135.25
2023-04-06, 01:16:44, 132.5, 51.75, 19.0, 26.25, 9999.0, 1.25, 1.5, 19.5, 9999.0, 9999.0, 9999.0, 121.0, 124.25, 120.25, 104.0, 135.25
2023-04-06, 01:16:48, 132.25, 51.75, 19.0, 26.0, 9999.0, 1.25, 1.5, 19.5, 9999.0, 9999.0, 9999.0, 121.0, 124.25, 120.25, 104.0, 135.25
2023-04-06, 01:16:52, 132.5, 52.0, 19.0, 26.25, 9999.0, 1.25, 1.5, 19.5, 9999.0, 9999.0, 9999.0, 120.75, 124.25, 120.25, 104.0, 135.0
2023-04-06, 01:16:56, 132.25, 51.75, 19.0, 26.0, 9999.0, 1.25, 1.5, 19.5, 9999.0, 9999.0, 9999.0, 121.0, 124.5, 120.25, 104.0, 135.25
2023-04-06, 01:17:00, 132.25, 52.0, 18.75, 26.0, 9999.0, 1.0, 1.5, 19.5, 9999.0, 9999.0, 9999.0, 121.0, 124.5, 120.5, 104.0, 135.0
2023-04-06, 01:17:04, 132.25, 51.75, 18.75, 26.25, 9999.0, 1.0, 1.5, 19.5, 9999.0, 9999.0, 9999.0, 120.75, 124.5, 120.25, 104.0, 135.25
2023-04-06, 01:17:08, 132.25, 51.75, 19.0, 26.0, 9999.0, 1.0, 1.5, 19.5, 9999.0, 9999.0, 9999.0, 120.75, 124.5, 120.25, 104.0, 135.25
2023-04-06, 01:17:12, 132.25, 52.0, 19.0, 26.0, 9999.0, 1.0, 1.5, 19.5, 9999.0, 9999.0, 9999.0, 120.75, 124.25, 120.25, 104.0, 135.25
2023-04-06, 01:17:16, 132.25, 51.75, 19.0, 26.0, 9999.0, 1.0, 1.5, 19.5, 9999.0, 9999.0, 9999.0, 120.75, 124.5, 120.0, 104.0, 135.25
2023-04-06, 01:17:20, 132.25, 51.75, 19.0, 26.25, 9999.0, 1.0, 1.25, 19.5, 9999.0, 9999.0, 9999.0, 120.75, 124.25, 120.25, 104.0, 135.25
2023-04-06, 01:17:24, 132.25, 51.75, 19.0, 26.25, 9999.0, 1.0, 1.25, 19.5, 9999.0, 9999.0, 9999.0, 120.75, 124.25, 120.5, 104.0, 135.25
2023-04-06, 01:17:28, 132.25, 52.0, 19.0, 26.25, 9999.0, 1.0, 1.25, 19.5, 9999.0, 9999.0, 9999.0, 120.5, 124.25, 120.5, 104.0, 135.25
2023-04-06, 01:17:32, 132.25, 51.75, 19.0, 26.25, 9999.0, 1.25, 1.25, 19.5, 9999.0, 9999.0, 9999.0, 120.75, 124.25, 120.25, 104.0, 135.0
2023-04-06, 01:17:36, 132.25, 51.75, 19.0, 26.25, 9999.0, 1.25, 1.25, 19.5, 9999.0, 9999.0, 9999.0, 120.5, 124.25, 120.25, 104.0, 135.25
2023-04-06, 01:17:40, 132.25, 51.75, 19.0, 26.25, 9999.0, 1.25, 1.5, 19.5, 9999.0, 9999.0, 9999.0, 120.5, 124.25, 120.25, 104.0, 135.25
2023-04-06, 01:17:44, 132.25, 52.0, 19.25, 26.25, 9999.0, 1.25, 1.25, 19.5, 9999.0, 9999.0, 9999.0, 120.5, 124.25, 120.25, 104.0, 135.25
2023-04-06, 01:17:48, 132.25, 52.0, 19.0, 26.25, 9999.0, 1.25, 1.25, 19.5, 9999.0, 9999.0, 9999.0, 121.25, 124.25, 120.25, 104.0, 135.0
2023-04-06, 01:17:52, 132.25, 51.75, 19.0, 26.25, 9999.0, 1.25, 1.5, 19.5, 9999.0, 9999.0, 9999.0, 121.25, 124.25, 120.25, 104.0, 135.25
2023-04-06, 01:17:56, 132.25, 51.75, 19.0, 26.25, 9999.0, 1.25, 1.25, 19.5, 9999.0, 9999.0, 9999.0, 121.25, 124.25, 120.25, 104.0, 135.25
2023-04-06, 01:18:00, 132.25, 52.0, 19.0, 26.0, 9999.0, 1.25, 1.5, 19.5, 9999.0, 9999.0, 9999.0, 121.0, 124.25, 120.25, 104.0, 135.25
2023-04-06, 01:18:04, 132.25, 51.75, 18.75, 26.0, 9999.0, 1.25, 1.5, 19.5, 9999.0, 9999.0, 9999.0, 121.0, 124.25, 120.5, 104.0, 135.25
2023-04-06, 01:18:08, 132.25, 51.75, 19.0, 26.0, 9999.0, 1.25, 1.25, 19.5, 9999.0, 9999.0, 9999.0, 121.0, 124.25, 120.25, 104.0, 135.0
2023-04-06, 01:18:12, 132.25, 51.75, 19.0, 26.25, 9999.0, 1.25, 1.5, 19.5, 9999.0, 9999.0, 9999.0, 121.0, 124.25, 120.25, 104.0, 135.25
2023-04-06, 01:18:16, 132.25, 52.0, 19.0, 26.25, 9999.0, 1.0, 1.5, 19.5, 9999.0, 9999.0, 9999.0, 120.75, 124.5, 120.25, 104.0, 135.25
2023-04-06, 01:18:20, 132.25, 51.75, 19.25, 26.25, 9999.0, 1.25, 1.25, 19.5, 9999.0, 9999.0, 9999.0, 121.0, 124.5, 120.25, 104.0, 135.25
2023-04-06, 01:18:24, 132.25, 52.0, 19.25, 26.25, 9999.0, 1.0, 1.25, 19.5, 9999.0, 9999.0, 9999.0, 121.0, 124.5, 120.25, 104.0, 135.25
2023-04-06, 01:18:28, 132.25, 51.75, 19.25, 26.25, 9999.0, 1.0, 1.25, 19.5, 9999.0, 9999.0, 9999.0, 120.75, 124.5, 120.5, 104.0, 135.25
2023-04-06, 01:18:33, 132.25, 51.75, 19.0, 26.25, 9999.0, 1.0, 1.5, 19.5, 9999.0, 9999.0, 9999.0, 120.75, 124.5, 120.25, 104.0, 135.25
2023-04-06, 01:18:37, 132.25, 51.75, 18.75, 26.25, 9999.0, 1.0, 1.25, 19.5, 9999.0, 9999.0, 9999.0, 120.75, 124.25, 120.25, 104.0, 135.25
2023-04-06, 01:18:41, 132.25, 51.75, 19.0, 26.25, 9999.0, 1.0, 1.25, 19.5, 9999.0, 9999.0, 9999.0, 120.75, 124.5, 120.25, 104.0, 135.25
2023-04-06, 01:18:45, 132.25, 52.0, 19.0, 26.25, 9999.0, 1.0, 1.25, 19.5, 9999.0, 9999.0, 9999.0, 120.75, 124.5, 120.5, 104.0, 135.25
2023-04-06, 01:18:49, 132.25, 51.75, 19.0, 26.0, 9999.0, 1.25, 1.25, 19.5, 9999.0, 9999.0, 9999.0, 120.75, 124.5, 120.25, 104.0, 135.0
2023-04-06, 01:18:53, 132.25, 51.75, 19.0, 26.0, 9999.0, 1.25, 1.5, 19.5, 9999.0, 9999.0, 9999.0, 120.5, 124.5, 120.5, 104.0, 135.25
2023-04-06, 01:18:57, 132.25, 52.0, 19.0, 26.25, 9999.0, 1.25, 1.25, 19.5, 9999.0, 9999.0, 9999.0, 120.5, 124.5, 120.5, 104.0, 135.25
2023-04-06, 01:19:01, 132.25, 52.0, 19.0, 26.0, 9999.0, 1.25, 1.5, 19.5, 9999.0, 9999.0, 9999.0, 120.5, 124.25, 120.25, 104.0, 135.25
2023-04-06, 01:19:05, 132.25, 52.0, 19.0, 26.25, 9999.0, 1.5, 1.25, 19.5, 9999.0, 9999.0, 9999.0, 120.5, 124.5, 120.5, 104.0, 135.25
2023-04-06, 01:19:09, 132.25, 51.75, 19.0, 26.25, 9999.0, 1.5, 1.5, 19.5, 9999.0, 9999.0, 9999.0, 121.25, 124.25, 120.5, 104.0, 135.25
2023-04-06, 01:19:13, 132.25, 52.0, 19.0, 26.25, 9999.0, 1.25, 1.25, 19.5, 9999.0, 9999.0, 9999.0, 121.25, 124.25, 120.5, 104.0, 135.25
2023-04-06, 01:19:17, 132.25, 52.0, 19.0, 26.25, 9999.0, 1.25, 1.25, 19.5, 9999.0, 9999.0, 9999.0, 121.0, 124.25, 120.5, 104.0, 135.25
2023-04-06, 01:19:21, 132.25, 51.75, 19.0, 26.25, 9999.0, 1.25, 1.5, 19.5, 9999.0, 9999.0, 9999.0, 121.0, 124.25, 120.5, 104.0, 135.25
2023-04-06, 01:19:25, 132.25, 51.75, 19.0, 26.0, 9999.0, 1.25, 1.5, 19.5, 9999.0, 9999.0, 9999.0, 121.0, 124.25, 120.25, 104.0, 135.25
2023-04-06, 01:19:29, 132.25, 51.75, 19.0, 26.25, 9999.0, 1.25, 1.25, 19.5, 9999.0, 9999.0, 9999.0, 121.0, 124.25, 120.5, 104.0, 135.25
2023-04-06, 01:19:33, 132.25, 52.0, 19.0, 26.0, 9999.0, 1.25, 1.25, 19.5, 9999.0, 9999.0, 9999.0, 121.0, 124.25, 120.5, 104.0, 135.25
2023-04-06, 01:19:37, 132.25, 51.75, 19.0, 26.0, 9999.0, 1.25, 1.5, 19.5, 9999.0, 9999.0, 9999.0, 121.0, 124.5, 120.5, 104.0, 135.25
2023-04-06, 01:19:41, 132.25, 52.0, 19.0, 26.0, 9999.0, 1.0, 1.5, 19.5, 9999.0, 9999.0, 9999.0, 121.0, 124.5, 120.5, 104.0, 135.25
2023-04-06, 01:19:45, 132.25, 51.75, 19.0, 26.0, 9999.0, 1.0, 1.25, 19.5, 9999.0, 9999.0, 9999.0, 121.0, 124.5, 120.5, 104.0, 135.25
2023-04-06, 01:19:49, 132.25, 52.0, 19.0, 26.0, 9999.0, 1.0, 1.25, 19.5, 9999.0, 9999.0, 9999.0, 121.0, 124.5, 120.5, 104.0, 135.25
2023-04-06, 01:19:53, 132.25, 51.75, 19.0, 26.25, 9999.0, 1.0, 1.5, 19.5, 9999.0, 9999.0, 9999.0, 120.75, 124.25, 120.5, 104.0, 135.25
2023-04-06, 01:19:57, 132.25, 52.0, 19.0, 26.0, 9999.0, 1.0, 1.25, 19.5, 9999.0, 9999.0, 9999.0, 120.75, 124.25, 120.5, 104.0, 135.25
2023-04-06, 01:20:01, 132.25, 51.75, 19.0, 26.0, 9999.0, 1.0, 1.25, 19.5, 9999.0, 9999.0, 9999.0, 120.75, 124.5, 120.5, 104.0, 135.25
2023-04-06, 01:20:05, 132.25, 52.0, 19.0, 26.25, 9999.0, 1.0, 1.25, 19.5, 9999.0, 9999.0, 9999.0, 120.75, 124.5, 120.25, 104.0, 135.25
2023-04-06, 01:20:09, 132.25, 51.75, 19.0, 26.25, 9999.0, 1.0, 1.25, 19.5, 9999.0, 9999.0, 9999.0, 120.75, 124.25, 120.5, 104.0, 135.25
2023-04-06, 01:20:13, 132.25, 52.0, 18.75, 26.25, 9999.0, 1.25, 1.25, 19.5, 9999.0, 9999.0, 9999.0, 120.5, 124.25, 120.5, 104.0, 135.25
2023-04-06, 01:20:17, 132.25, 52.0, 19.0, 26.25, 9999.0, 1.0, 1.25, 19.5, 9999.0, 9999.0, 9999.0, 120.5, 124.25, 120.5, 104.0, 135.0
2023-04-06, 01:20:21, 132.25, 51.75, 19.0, 26.25, 9999.0, 1.25, 1.25, 19.5, 9999.0, 9999.0, 9999.0, 120.5, 124.25, 120.5, 104.0, 135.0
2023-04-06, 01:20:25, 132.25, 51.75, 19.25, 26.25, 9999.0, 1.5, 1.5, 19.5, 9999.0, 9999.0, 9999.0, 120.5, 124.25, 120.5, 104.0, 135.25
2023-04-06, 01:20:29, 132.25, 51.75, 19.0, 26.25, 9999.0, 1.25, 1.5, 19.5, 9999.0, 9999.0, 9999.0, 121.25, 124.25, 120.5, 104.0, 135.25
2023-04-06, 01:20:33, 132.25, 52.0, 19.0, 26.25, 9999.0, 1.25, 1.5, 19.5, 9999.0, 9999.0, 9999.0, 121.25, 124.25, 120.5, 104.0, 135.25
2023-04-06, 01:20:37, 132.25, 51.75, 19.0, 26.25, 9999.0, 1.25, 1.25, 19.5, 9999.0, 9999.0, 9999.0, 121.25, 124.25, 120.5, 104.0, 135.25
2023-04-06, 01:20:41, 132.25, 51.75, 19.0, 26.25, 9999.0, 1.25, 1.25, 19.5, 9999.0, 9999.0, 9999.0, 121.0, 124.25, 120.5, 104.0, 135.25
2023-04-06, 01:20:45, 132.25, 51.75, 19.0, 26.25, 9999.0, 1.25, 1.5, 19.5, 9999.0, 9999.0, 9999.0, 121.0, 124.25, 120.5, 104.25, 135.25
2023-04-06, 01:20:49, 132.25, 51.75, 19.0, 26.25, 9999.0, 1.25, 1.25, 19.5, 9999.0, 9999.0, 9999.0, 121.0, 124.5, 120.5, 104.0, 135.25
2023-04-06, 01:20:53, 132.25, 51.75, 19.0, 26.25, 9999.0, 1.0, 1.5, 19.5, 9999.0, 9999.0, 9999.0, 121.0, 124.25, 120.5, 104.0, 135.25
2023-04-06, 01:20:57, 132.25, 52.0, 19.0, 26.0, 9999.0, 1.0, 1.5, 19.5, 9999.0, 9999.0, 9999.0, 121.0, 124.5, 120.5, 104.0, 135.0
2023-04-06, 01:21:01, 132.25, 52.0, 19.0, 26.0, 9999.0, 1.25, 1.5, 19.5, 9999.0, 9999.0, 9999.0, 121.0, 124.5, 120.5, 104.25, 135.25
2023-04-06, 01:21:05, 132.25, 51.75, 19.0, 26.0, 9999.0, 1.25, 1.5, 19.5, 9999.0, 9999.0, 9999.0, 121.0, 124.5, 120.5, 104.25, 135.25
2023-04-06, 01:21:09, 132.25, 51.75, 19.0, 26.25, 9999.0, 1.0, 1.25, 19.5, 9999.0, 9999.0, 9999.0, 120.75, 124.5, 120.5, 104.0, 135.25
2023-04-06, 01:21:13, 132.25, 51.75, 19.0, 26.25, 9999.0, 1.0, 1.25, 19.5, 9999.0, 9999.0, 9999.0, 120.75, 124.5, 120.5, 104.0, 135.25
2023-04-06, 01:21:17, 132.25, 51.75, 19.0, 26.25, 9999.0, 1.0, 1.25, 19.5, 9999.0, 9999.0, 9999.0, 120.75, 124.5, 120.5, 104.25, 135.25
2023-04-06, 01:21:21, 132.25, 52.0, 19.0, 26.25, 9999.0, 1.0, 1.25, 19.5, 9999.0, 9999.0, 9999.0, 120.75, 124.5, 120.5, 104.0, 135.0
2023-04-06, 01:21:25, 132.25, 51.75, 19.0, 26.25, 9999.0, 1.0, 1.25, 19.5, 9999.0, 9999.0, 9999.0, 120.75, 124.5, 120.5, 104.0, 135.25
2023-04-06, 01:21:29, 132.25, 51.75, 19.0, 26.25, 9999.0, 1.0, 1.25, 19.5, 9999.0, 9999.0, 9999.0, 120.75, 124.5, 120.5, 104.25, 135.25
2023-04-06, 01:21:33, 132.25, 51.75, 19.0, 26.25, 9999.0, 1.25, 1.25, 19.5, 9999.0, 9999.0, 9999.0, 120.5, 124.5, 120.5, 104.25, 135.25
2023-04-06, 01:21:37, 132.25, 51.75, 19.0, 26.25, 9999.0, 1.25, 1.25, 19.5, 9999.0, 9999.0, 9999.0, 120.5, 124.5, 120.5, 104.0, 135.25
2023-04-06, 01:21:41, 132.25, 51.75, 18.75, 26.25, 9999.0, 1.25, 1.25, 19.5, 9999.0, 9999.0, 9999.0, 120.5, 124.5, 120.5, 104.25, 135.25
2023-04-06, 01:21:45, 132.25, 51.75, 19.0, 26.25, 9999.0, 1.25, 1.25, 19.5, 9999.0, 9999.0, 9999.0, 120.5, 124.5, 120.5, 104.25, 135.25
2023-04-06, 01:21:49, 132.25, 51.75, 19.0, 26.25, 9999.0, 1.5, 1.25, 19.5, 9999.0, 9999.0, 9999.0, 121.25, 124.5, 120.5, 104.25, 135.25
2023-04-06, 01:21:53, 132.25, 52.0, 19.0, 26.25, 9999.0, 1.25, 1.5, 19.5, 9999.0, 9999.0, 9999.0, 121.25, 124.5, 120.5, 104.0, 135.0
2023-04-06, 01:21:57, 132.25, 51.75, 19.0, 26.0, 9999.0, 1.25, 1.25, 19.5, 9999.0, 9999.0, 9999.0, 121.25, 124.25, 120.5, 104.25, 135.25
2023-04-06, 01:22:01, 132.25, 51.75, 19.0, 26.25, 9999.0, 1.25, 1.5, 19.5, 9999.0, 9999.0, 9999.0, 121.0, 124.5, 120.5, 104.25, 135.25
2023-04-06, 01:22:05, 132.25, 51.75, 19.0, 26.0, 9999.0, 1.25, 1.5, 19.5, 9999.0, 9999.0, 9999.0, 121.0, 124.25, 120.5, 104.25, 135.25
2023-04-06, 01:22:09, 132.25, 51.75, 19.0, 26.0, 9999.0, 1.25, 1.25, 19.5, 9999.0, 9999.0, 9999.0, 121.0, 124.5, 120.5, 104.25, 135.25
2023-04-06, 01:22:13, 132.25, 51.75, 19.0, 26.25, 9999.0, 1.25, 1.25, 19.5, 9999.0, 9999.0, 9999.0, 121.0, 124.5, 120.5, 104.25, 135.25
2023-04-06, 01:22:17, 132.25, 52.0, 19.0, 26.25, 9999.0, 1.25, 1.5, 19.5, 9999.0, 9999.0, 9999.0, 121.0, 124.5, 120.5, 104.25, 135.25
2023-04-06, 01:22:21, 132.25, 51.75, 19.0, 26.25, 9999.0, 1.25, 1.25, 19.5, 9999.0, 9999.0, 9999.0, 121.0, 124.5, 120.5, 104.25, 135.25
2023-04-06, 01:22:25, 132.25, 51.75, 18.75, 26.25, 9999.0, 1.0, 1.25, 19.5, 9999.0, 9999.0, 9999.0, 121.0, 124.5, 120.5, 104.25, 135.25
2023-04-06, 01:22:29, 132.25, 51.75, 18.75, 26.25, 9999.0, 1.0, 1.25, 19.5, 9999.0, 9999.0, 9999.0, 121.0, 124.5, 120.5, 104.25, 135.25
2023-04-06, 01:22:33, 132.25, 51.75, 19.0, 26.25, 9999.0, 1.0, 1.25, 19.5, 9999.0, 9999.0, 9999.0, 120.75, 124.5, 120.5, 104.25, 135.25
2023-04-06, 01:22:37, 132.25, 52.0, 19.0, 26.25, 9999.0, 1.0, 1.25, 19.5, 9999.0, 9999.0, 9999.0, 120.75, 124.5, 120.5, 104.25, 135.25
2023-04-06, 01:22:41, 132.25, 52.0, 18.75, 26.25, 9999.0, 1.0, 1.25, 19.5, 9999.0, 9999.0, 9999.0, 120.75, 124.5, 120.5, 104.25, 135.25
2023-04-06, 01:22:45, 132.25, 51.75, 19.0, 26.25, 9999.0, 1.0, 1.25, 19.5, 9999.0, 9999.0, 9999.0, 120.75, 124.5, 120.5, 104.25, 135.25
2023-04-06, 01:22:49, 132.25, 52.0, 19.0, 26.0, 9999.0, 1.0, 1.25, 19.5, 9999.0, 9999.0, 9999.0, 120.75, 124.5, 120.5, 104.25, 135.25
2023-04-06, 01:22:53, 132.25, 52.0, 19.0, 26.25, 9999.0, 1.25, 1.25, 19.5, 9999.0, 9999.0, 9999.0, 120.75, 124.5, 120.5, 104.25, 135.25
2023-04-06, 01:22:58, 132.25, 52.0, 19.0, 26.0, 9999.0, 1.25, 1.25, 19.5, 9999.0, 9999.0, 9999.0, 120.5, 124.5, 120.5, 104.25, 135.25
2023-04-06, 01:23:02, 132.25, 51.75, 19.0, 26.25, 9999.0, 1.25, 1.5, 19.5, 9999.0, 9999.0, 9999.0, 120.5, 124.5, 120.5, 104.25, 135.25
2023-04-06, 01:23:06, 132.25, 51.75, 19.0, 26.25, 9999.0, 1.5, 1.5, 19.5, 9999.0, 9999.0, 9999.0, 120.5, 124.5, 120.5, 104.25, 135.25
2023-04-06, 01:23:10, 132.25, 51.75, 19.0, 26.25, 9999.0, 1.25, 1.5, 19.5, 9999.0, 9999.0, 9999.0, 121.25, 124.5, 120.5, 104.25, 135.25
2023-04-06, 01:23:14, 132.25, 51.75, 19.0, 26.25, 9999.0, 1.25, 1.5, 19.5, 9999.0, 9999.0, 9999.0, 121.25, 124.5, 120.5, 104.25, 135.25
2023-04-06, 01:23:18, 132.25, 51.75, 19.0, 26.25, 9999.0, 1.25, 1.25, 19.5, 9999.0, 9999.0, 9999.0, 121.25, 124.5, 120.5, 104.25, 135.25
2023-04-06, 01:23:22, 132.25, 51.75, 19.25, 26.25, 9999.0, 1.25, 1.25, 19.5, 9999.0, 9999.0, 9999.0, 121.0, 124.5, 120.5, 104.25, 135.25
2023-04-06, 01:23:26, 132.25, 51.75, 19.0, 26.0, 9999.0, 1.25, 1.5, 19.5, 9999.0, 9999.0, 9999.0, 121.0, 124.5, 120.5, 104.25, 135.25
2023-04-06, 01:23:30, 132.25, 51.75, 19.0, 26.0, 9999.0, 1.25, 1.5, 19.5, 9999.0, 9999.0, 9999.0, 121.0, 124.5, 120.5, 104.25, 135.0
2023-04-06, 01:23:34, 132.25, 52.0, 19.0, 26.25, 9999.0, 1.25, 1.5, 19.5, 9999.0, 9999.0, 9999.0, 121.0, 124.5, 120.5, 104.25, 135.25
2023-04-06, 01:23:38, 132.25, 52.0, 19.0, 26.25, 9999.0, 1.25, 1.5, 19.5, 9999.0, 9999.0, 9999.0, 121.0, 124.5, 120.5, 104.25, 135.25
2023-04-06, 01:23:42, 132.25, 52.0, 19.0, 26.25, 9999.0, 1.25, 1.5, 19.5, 9999.0, 9999.0, 9999.0, 121.0, 124.5, 120.5, 104.25, 135.25
2023-04-06, 01:23:46, 132.25, 52.0, 19.0, 26.0, 9999.0, 1.0, 1.5, 19.5, 9999.0, 9999.0, 9999.0, 121.0, 124.5, 120.5, 104.25, 135.25
2023-04-06, 01:23:50, 132.25, 52.0, 19.0, 26.0, 9999.0, 1.0, 1.5, 19.5, 9999.0, 9999.0, 9999.0, 120.75, 124.5, 120.5, 104.25, 135.25
2023-04-06, 01:23:54, 132.25, 52.0, 19.25, 26.0, 9999.0, 1.0, 1.25, 19.5, 9999.0, 9999.0, 9999.0, 120.75, 124.5, 120.5, 104.25, 135.25
2023-04-06, 01:23:58, 132.25, 52.0, 19.0, 26.0, 9999.0, 1.0, 1.25, 19.5, 9999.0, 9999.0, 9999.0, 120.75, 124.5, 120.5, 104.25, 135.25
2023-04-06, 01:24:02, 132.25, 52.0, 19.0, 26.0, 9999.0, 1.0, 1.5, 19.5, 9999.0, 9999.0, 9999.0, 120.75, 124.5, 120.5, 104.25, 135.25
2023-04-06, 01:24:06, 132.25, 52.0, 19.0, 26.25, 9999.0, 1.0, 1.5, 19.5, 9999.0, 9999.0, 9999.0, 120.75, 124.5, 120.5, 104.25, 135.25
2023-04-06, 01:24:10, 132.25, 51.75, 19.25, 26.25, 9999.0, 1.0, 1.25, 19.5, 9999.0, 9999.0, 9999.0, 120.75, 124.5, 120.5, 104.25, 135.25
2023-04-06, 01:24:14, 132.25, 52.0, 19.25, 26.25, 9999.0, 1.25, 1.25, 19.5, 9999.0, 9999.0, 9999.0, 120.75, 124.5, 120.5, 104.25, 135.25
2023-04-06, 01:24:18, 132.25, 51.75, 19.0, 26.0, 9999.0, 1.25, 1.25, 19.5, 9999.0, 9999.0, 9999.0, 120.5, 124.5, 120.5, 104.25, 135.25
2023-04-06, 01:24:22, 132.25, 52.0, 19.0, 26.25, 9999.0, 1.5, 1.5, 19.5, 9999.0, 9999.0, 9999.0, 120.5, 124.5, 120.5, 104.25, 135.25
2023-04-06, 01:24:26, 132.25, 52.0, 19.0, 26.25, 9999.0, 1.25, 1.5, 19.5, 9999.0, 9999.0, 9999.0, 120.5, 124.5, 120.5, 104.25, 135.25
2023-04-06, 01:24:30, 132.25, 52.0, 19.0, 26.0, 9999.0, 1.25, 1.25, 19.5, 9999.0, 9999.0, 9999.0, 121.25, 124.5, 120.5, 104.25, 135.25
2023-04-06, 01:24:34, 132.25, 52.0, 19.0, 26.0, 9999.0, 1.25, 1.5, 19.5, 9999.0, 9999.0, 9999.0, 121.25, 124.5, 120.5, 104.25, 135.25
2023-04-06, 01:24:38, 132.25, 52.0, 19.0, 26.25, 9999.0, 1.25, 1.5, 19.5, 9999.0, 9999.0, 9999.0, 121.25, 124.5, 120.5, 104.25, 135.25
2023-04-06, 01:24:42, 132.25, 52.0, 19.25, 26.25, 9999.0, 1.25, 1.5, 19.5, 9999.0, 9999.0, 9999.0, 121.25, 124.5, 120.5, 104.25, 135.25
2023-04-06, 01:24:46, 132.25, 52.0, 19.0, 26.25, 9999.0, 1.25, 1.5, 19.5, 9999.0, 9999.0, 9999.0, 121.0, 124.5, 120.5, 104.25, 135.25
2023-04-06, 01:24:50, 132.25, 52.0, 19.0, 26.25, 9999.0, 1.25, 1.5, 19.5, 9999.0, 9999.0, 9999.0, 121.0, 124.25, 120.5, 104.25, 135.25
2023-04-06, 01:24:54, 132.25, 52.0, 19.25, 26.25, 9999.0, 1.25, 1.5, 19.5, 9999.0, 9999.0, 9999.0, 121.0, 124.5, 120.5, 104.25, 135.25
2023-04-06, 01:24:58, 132.5, 52.0, 19.0, 26.0, 9999.0, 1.25, 1.25, 19.5, 9999.0, 9999.0, 9999.0, 121.0, 124.5, 120.5, 104.25, 135.25
2023-04-06, 01:25:02, 132.25, 52.0, 19.0, 26.0, 9999.0, 1.25, 1.5, 19.5, 9999.0, 9999.0, 9999.0, 121.0, 124.75, 120.5, 104.25, 135.25
2023-04-06, 01:25:06, 132.25, 52.0, 19.25, 26.0, 9999.0, 1.25, 1.5, 19.5, 9999.0, 9999.0, 9999.0, 121.0, 124.5, 120.5, 104.25, 135.25
2023-04-06, 01:25:10, 132.5, 52.0, 19.0, 26.25, 9999.0, 1.25, 1.5, 19.5, 9999.0, 9999.0, 9999.0, 121.0, 124.75, 120.5, 104.25, 135.25
2023-04-06, 01:25:14, 132.5, 52.0, 19.25, 26.25, 9999.0, 1.0, 1.25, 19.5, 9999.0, 9999.0, 9999.0, 121.0, 124.5, 120.5, 104.25, 135.25
2023-04-06, 01:25:18, 132.25, 52.0, 19.25, 26.25, 9999.0, 1.0, 1.5, 19.5, 9999.0, 9999.0, 9999.0, 120.75, 124.5, 120.5, 104.25, 135.25
2023-04-06, 01:25:22, 132.25, 52.0, 19.25, 26.0, 9999.0, 1.0, 1.5, 19.75, 9999.0, 9999.0, 9999.0, 120.75, 124.5, 120.5, 104.25, 135.25
2023-04-06, 01:25:26, 132.5, 52.0, 19.0, 26.25, 9999.0, 1.0, 1.5, 19.5, 9999.0, 9999.0, 9999.0, 120.75, 124.5, 120.5, 104.25, 135.25
2023-04-06, 01:25:30, 132.25, 52.0, 19.25, 26.25, 9999.0, 1.25, 1.25, 19.5, 9999.0, 9999.0, 9999.0, 120.75, 124.5, 120.5, 104.25, 135.25
2023-04-06, 01:25:34, 132.5, 52.0, 19.25, 26.0, 9999.0, 1.25, 1.25, 19.5, 9999.0, 9999.0, 9999.0, 120.75, 124.5, 120.5, 104.25, 135.25
2023-04-06, 01:25:38, 132.25, 52.0, 19.0, 26.25, 9999.0, 1.25, 1.25, 19.5, 9999.0, 9999.0, 9999.0, 120.5, 124.5, 120.5, 104.25, 135.25
2023-04-06, 01:25:42, 132.25, 52.0, 19.0, 26.25, 9999.0, 1.5, 1.5, 19.75, 9999.0, 9999.0, 9999.0, 120.5, 124.5, 120.5, 104.25, 135.25
2023-04-06, 01:25:46, 132.5, 52.0, 19.25, 26.0, 9999.0, 1.5, 1.5, 19.75, 9999.0, 9999.0, 9999.0, 120.5, 124.5, 120.5, 104.25, 135.25
2023-04-06, 01:25:50, 132.5, 52.0, 19.0, 26.0, 9999.0, 1.5, 1.5, 19.5, 9999.0, 9999.0, 9999.0, 121.5, 124.5, 120.5, 104.25, 135.25
2023-04-06, 01:25:54, 132.5, 52.0, 19.25, 26.25, 9999.0, 1.25, 1.5, 19.75, 9999.0, 9999.0, 9999.0, 121.25, 124.5, 120.5, 104.25, 135.25
2023-04-06, 01:25:58, 132.5, 52.0, 19.25, 26.25, 9999.0, 1.25, 1.5, 19.5, 9999.0, 9999.0, 9999.0, 121.25, 124.5, 120.5, 104.25, 135.25
2023-04-06, 01:26:02, 132.5, 52.0, 19.25, 26.25, 9999.0, 1.25, 1.5, 19.5, 9999.0, 9999.0, 9999.0, 121.25, 124.5, 120.5, 104.25, 135.25
2023-04-06, 01:26:06, 132.5, 52.0, 19.25, 26.25, 9999.0, 1.25, 1.5, 19.75, 9999.0, 9999.0, 9999.0, 121.0, 124.5, 120.5, 104.25, 135.25
2023-04-06, 01:26:10, 132.25, 52.0, 19.25, 26.0, 9999.0, 1.25, 1.5, 19.5, 9999.0, 9999.0, 9999.0, 121.0, 124.5, 120.5, 104.25, 135.25
2023-04-06, 01:26:14, 132.5, 52.0, 19.25, 26.0, 9999.0, 1.25, 1.5, 19.5, 9999.0, 9999.0, 9999.0, 121.0, 124.5, 120.5, 104.25, 135.25
2023-04-06, 01:26:18, 132.5, 52.0, 19.25, 26.0, 9999.0, 1.25, 1.5, 19.5, 9999.0, 9999.0, 9999.0, 121.0, 124.5, 120.5, 104.25, 135.25
2023-04-06, 01:26:22, 132.5, 52.0, 19.0, 26.0, 9999.0, 1.25, 1.5, 19.75, 9999.0, 9999.0, 9999.0, 121.0, 124.75, 120.5, 104.25, 135.25
2023-04-06, 01:26:26, 132.5, 52.0, 19.25, 26.0, 9999.0, 1.25, 1.5, 19.75, 9999.0, 9999.0, 9999.0, 121.0, 124.5, 120.5, 104.25, 135.25
2023-04-06, 01:26:30, 132.5, 52.0, 19.25, 26.0, 9999.0, 1.25, 1.5, 19.75, 9999.0, 9999.0, 9999.0, 121.0, 124.5, 120.5, 104.25, 135.25
2023-04-06, 01:26:34, 132.5, 52.0, 19.25, 26.0, 9999.0, 1.0, 1.5, 19.75, 9999.0, 9999.0, 9999.0, 121.0, 124.5, 120.5, 104.25, 135.25
2023-04-06, 01:26:38, 132.5, 52.0, 19.25, 26.0, 9999.0, 1.0, 1.5, 19.5, 9999.0, 9999.0, 9999.0, 120.75, 124.5, 120.5, 104.25, 135.25
2023-04-06, 01:26:42, 132.5, 52.0, 19.25, 25.75, 9999.0, 1.25, 1.5, 19.75, 9999.0, 9999.0, 9999.0, 120.75, 124.5, 120.5, 104.25, 135.25
2023-04-06, 01:26:46, 132.5, 52.0, 19.25, 26.0, 9999.0, 1.0, 1.25, 19.75, 9999.0, 9999.0, 9999.0, 120.75, 124.5, 120.5, 104.25, 135.25
2023-04-06, 01:26:50, 132.5, 52.0, 19.0, 26.0, 9999.0, 1.25, 1.5, 19.75, 9999.0, 9999.0, 9999.0, 120.75, 124.5, 120.5, 104.25, 135.25
2023-04-06, 01:26:54, 132.5, 52.0, 19.25, 26.0, 9999.0, 1.25, 1.5, 19.75, 9999.0, 9999.0, 9999.0, 120.75, 124.5, 120.5, 104.25, 135.25
2023-04-06, 01:26:58, 132.5, 52.0, 19.25, 25.75, 9999.0, 1.25, 1.5, 19.75, 9999.0, 9999.0, 9999.0, 120.75, 124.25, 120.5, 104.25, 135.25
2023-04-06, 01:27:02, 132.5, 52.25, 19.25, 25.75, 9999.0, 1.5, 1.5, 19.75, 9999.0, 9999.0, 9999.0, 120.75, 124.5, 120.5, 104.25, 135.25
2023-04-06, 01:27:06, 132.5, 52.0, 19.0, 25.75, 9999.0, 1.25, 1.5, 19.75, 9999.0, 9999.0, 9999.0, 121.5, 124.25, 120.5, 104.25, 135.25
2023-04-06, 01:27:10, 132.5, 52.0, 19.25, 26.0, 9999.0, 1.5, 1.5, 19.75, 9999.0, 9999.0, 9999.0, 121.25, 124.5, 120.5, 104.25, 135.25
2023-04-06, 01:27:14, 132.5, 52.0, 19.25, 26.0, 9999.0, 1.25, 1.5, 19.75, 9999.0, 9999.0, 9999.0, 121.25, 124.5, 120.5, 104.25, 135.25
2023-04-06, 01:27:18, 132.5, 52.0, 19.25, 25.75, 9999.0, 1.25, 1.5, 19.75, 9999.0, 9999.0, 9999.0, 121.25, 124.5, 120.5, 104.25, 135.25
2023-04-06, 01:27:22, 132.5, 52.0, 19.25, 25.75, 9999.0, 1.25, 1.5, 19.75, 9999.0, 9999.0, 9999.0, 121.25, 124.25, 120.5, 104.25, 135.25
2023-04-06, 01:27:27, 132.5, 52.0, 19.25, 25.75, 9999.0, 1.25, 1.5, 19.75, 9999.0, 9999.0, 9999.0, 121.0, 124.25, 120.5, 104.25, 135.25
2023-04-06, 01:27:31, 132.5, 52.0, 19.25, 26.0, 9999.0, 1.25, 1.5, 19.75, 9999.0, 9999.0, 9999.0, 121.0, 124.25, 120.5, 104.25, 135.25
2023-04-06, 01:27:35, 132.5, 52.0, 19.0, 26.0, 9999.0, 1.25, 1.5, 19.75, 9999.0, 9999.0, 9999.0, 121.0, 124.5, 120.5, 104.25, 135.25
2023-04-06, 01:27:39, 132.5, 52.0, 19.25, 26.0, 9999.0, 1.25, 1.5, 19.75, 9999.0, 9999.0, 9999.0, 121.0, 124.5, 120.5, 104.25, 135.25
2023-04-06, 01:27:43, 132.5, 52.0, 19.25, 26.0, 9999.0, 1.25, 1.5, 19.75, 9999.0, 9999.0, 9999.0, 121.0, 124.5, 120.5, 104.25, 135.25
2023-04-06, 01:27:47, 132.5, 52.0, 19.25, 26.25, 9999.0, 1.0, 1.5, 19.75, 9999.0, 9999.0, 9999.0, 121.0, 124.5, 120.5, 104.25, 135.25
2023-04-06, 01:27:51, 132.5, 52.0, 19.25, 26.25, 9999.0, 1.25, 1.5, 19.75, 9999.0, 9999.0, 9999.0, 121.0, 124.5, 120.5, 104.25, 135.25
2023-04-06, 01:27:55, 132.5, 52.0, 19.25, 26.0, 9999.0, 1.25, 1.5, 19.75, 9999.0, 9999.0, 9999.0, 121.0, 124.5, 120.5, 104.25, 135.25
2023-04-06, 01:27:59, 132.5, 52.0, 19.25, 26.0, 9999.0, 1.25, 1.5, 19.75, 9999.0, 9999.0, 9999.0, 120.75, 124.5, 120.5, 104.25, 135.25
2023-04-06, 01:28:03, 132.5, 52.0, 19.25, 26.25, 9999.0, 1.0, 1.5, 19.75, 9999.0, 9999.0, 9999.0, 120.75, 124.5, 120.5, 104.25, 135.25
2023-04-06, 01:28:07, 132.5, 52.0, 19.25, 26.25, 9999.0, 1.25, 1.5, 19.75, 9999.0, 9999.0, 9999.0, 120.75, 124.5, 120.5, 104.25, 135.25
2023-04-06, 01:28:11, 132.5, 52.25, 19.0, 26.25, 9999.0, 1.25, 1.5, 19.75, 9999.0, 9999.0, 9999.0, 120.75, 124.5, 120.5, 104.25, 135.25
2023-04-06, 01:28:15, 132.5, 52.0, 19.25, 26.25, 9999.0, 1.25, 1.5, 19.75, 9999.0, 9999.0, 9999.0, 120.75, 124.5, 120.5, 104.25, 135.25
2023-04-06, 01:28:19, 132.5, 52.0, 19.25, 26.25, 9999.0, 1.25, 1.5, 19.75, 9999.0, 9999.0, 9999.0, 120.75, 124.5, 120.5, 104.25, 135.25
2023-04-06, 01:28:23, 132.5, 52.0, 19.25, 26.25, 9999.0, 1.5, 1.5, 19.75, 9999.0, 9999.0, 9999.0, 121.5, 124.5, 120.5, 104.25, 135.25
2023-04-06, 01:28:27, 132.5, 52.0, 19.25, 26.25, 9999.0, 1.5, 1.5, 19.75, 9999.0, 9999.0, 9999.0, 121.5, 124.5, 120.5, 104.25, 135.25
2023-04-06, 01:28:31, 132.5, 52.25, 19.25, 26.25, 9999.0, 1.5, 1.5, 19.75, 9999.0, 9999.0, 9999.0, 121.25, 124.5, 120.5, 104.25, 135.25
2023-04-06, 01:28:35, 132.5, 52.0, 19.25, 26.25, 9999.0, 1.5, 1.5, 19.75, 9999.0, 9999.0, 9999.0, 121.25, 124.5, 120.5, 104.25, 135.25
2023-04-06, 01:28:39, 132.5, 52.0, 19.25, 26.25, 9999.0, 1.5, 1.5, 19.75, 9999.0, 9999.0, 9999.0, 121.25, 124.5, 120.5, 104.25, 135.25
2023-04-06, 01:28:43, 132.5, 52.25, 19.0, 26.25, 9999.0, 1.25, 1.5, 19.75, 9999.0, 9999.0, 9999.0, 121.25, 124.5, 120.5, 104.25, 135.25
2023-04-06, 01:28:47, 132.5, 52.25, 19.25, 26.25, 9999.0, 1.25, 1.5, 19.75, 9999.0, 9999.0, 9999.0, 121.25, 124.25, 120.5, 104.25, 135.25
2023-04-06, 01:28:51, 132.5, 52.0, 19.25, 26.0, 9999.0, 1.25, 1.5, 19.75, 9999.0, 9999.0, 9999.0, 121.0, 124.25, 120.5, 104.25, 135.25
2023-04-06, 01:28:55, 132.5, 52.25, 19.25, 26.25, 9999.0, 1.25, 1.5, 19.75, 9999.0, 9999.0, 9999.0, 121.0, 124.5, 120.5, 104.25, 135.25
2023-04-06, 01:28:59, 132.5, 52.25, 19.25, 26.0, 9999.0, 1.25, 1.5, 19.75, 9999.0, 9999.0, 9999.0, 121.25, 124.75, 120.5, 104.25, 135.5
2023-04-06, 01:29:03, 132.75, 52.0, 19.25, 26.25, 9999.0, 1.25, 1.5, 19.75, 9999.0, 9999.0, 9999.0, 121.0, 124.5, 120.5, 104.25, 135.25
2023-04-06, 01:29:07, 132.5, 52.25, 19.25, 26.25, 9999.0, 1.25, 1.5, 19.75, 9999.0, 9999.0, 9999.0, 121.0, 124.5, 120.5, 104.25, 135.25
2023-04-06, 01:29:11, 132.5, 52.25, 19.25, 26.0, 9999.0, 1.25, 1.5, 19.75, 9999.0, 9999.0, 9999.0, 120.75, 124.5, 120.5, 104.25, 135.5
2023-04-06, 01:29:15, 132.5, 52.25, 19.25, 26.0, 9999.0, 1.25, 1.5, 19.75, 9999.0, 9999.0, 9999.0, 121.0, 124.5, 120.5, 104.25, 135.25
2023-04-06, 01:29:19, 132.5, 52.0, 19.25, 26.25, 9999.0, 1.0, 1.5, 19.75, 9999.0, 9999.0, 9999.0, 121.0, 124.5, 120.5, 104.25, 135.25
2023-04-06, 01:29:23, 132.5, 52.0, 19.25, 26.25, 9999.0, 1.0, 1.5, 19.75, 9999.0, 9999.0, 9999.0, 121.0, 124.5, 120.5, 104.25, 135.25
2023-04-06, 01:29:27, 132.5, 52.0, 19.25, 26.25, 9999.0, 1.25, 1.5, 19.75, 9999.0, 9999.0, 9999.0, 120.75, 124.5, 120.5, 104.25, 135.5
2023-04-06, 01:29:31, 132.5, 52.25, 19.25, 26.25, 9999.0, 1.25, 1.5, 19.75, 9999.0, 9999.0, 9999.0, 120.75, 124.5, 120.5, 104.25, 135.5
2023-04-06, 01:29:35, 132.5, 52.25, 19.25, 26.25, 9999.0, 1.25, 1.5, 19.75, 9999.0, 9999.0, 9999.0, 120.75, 124.5, 120.5, 104.25, 135.25
2023-04-06, 01:29:39, 132.5, 52.25, 19.25, 26.25, 9999.0, 1.5, 1.5, 19.75, 9999.0, 9999.0, 9999.0, 120.75, 124.5, 120.5, 104.25, 135.25
2023-04-06, 01:29:43, 132.5, 52.25, 19.25, 26.0, 9999.0, 1.5, 1.5, 19.75, 9999.0, 9999.0, 9999.0, 121.5, 124.5, 120.5, 104.25, 135.25
2023-04-06, 01:29:47, 132.5, 52.25, 19.25, 26.0, 9999.0, 1.5, 1.5, 19.75, 9999.0, 9999.0, 9999.0, 121.5, 124.5, 120.5, 104.25, 135.25
2023-04-06, 01:29:51, 132.5, 52.25, 19.25, 26.0, 9999.0, 1.5, 1.5, 19.75, 9999.0, 9999.0, 9999.0, 121.5, 124.5, 120.5, 104.25, 135.25
2023-04-06, 01:29:55, 132.5, 52.25, 19.25, 26.0, 9999.0, 1.5, 1.5, 19.75, 9999.0, 9999.0, 9999.0, 121.25, 124.5, 120.5, 104.25, 135.25
2023-04-06, 01:29:59, 132.75, 52.0, 19.25, 26.0, 9999.0, 1.25, 1.5, 19.75, 9999.0, 9999.0, 9999.0, 121.25, 124.25, 120.5, 104.25, 135.25
2023-04-06, 01:30:03, 132.5, 52.25, 19.25, 25.75, 9999.0, 1.5, 1.5, 19.75, 9999.0, 9999.0, 9999.0, 121.25, 124.25, 120.5, 104.25, 135.5
2023-04-06, 01:30:07, 132.75, 52.0, 19.25, 26.0, 9999.0, 1.25, 1.5, 19.75, 9999.0, 9999.0, 9999.0, 121.25, 124.5, 120.5, 104.25, 135.25
2023-04-06, 01:30:11, 132.5, 52.25, 19.0, 26.25, 9999.0, 1.25, 1.5, 19.75, 9999.0, 9999.0, 9999.0, 121.0, 124.25, 120.5, 104.25, 135.25
2023-04-06, 01:30:15, 132.5, 52.25, 19.25, 26.25, 9999.0, 1.25, 1.5, 19.75, 9999.0, 9999.0, 9999.0, 121.0, 124.5, 120.5, 104.25, 135.25
2023-04-06, 01:30:19, 132.5, 52.25, 19.25, 26.25, 9999.0, 1.25, 1.5, 19.75, 9999.0, 9999.0, 9999.0, 121.0, 124.5, 120.5, 104.25, 135.25
2023-04-06, 01:30:23, 132.5, 52.0, 19.25, 26.25, 9999.0, 1.25, 1.5, 19.75, 9999.0, 9999.0, 9999.0, 121.0, 124.5, 120.5, 104.25, 135.25
2023-04-06, 01:30:27, 132.75, 52.25, 19.25, 26.25, 9999.0, 1.25, 1.5, 19.75, 9999.0, 9999.0, 9999.0, 121.0, 124.5, 120.5, 104.0, 135.25
2023-04-06, 01:30:31, 132.5, 52.25, 19.25, 26.25, 9999.0, 1.0, 1.5, 19.75, 9999.0, 9999.0, 9999.0, 121.0, 124.5, 120.5, 104.25, 135.25
2023-04-06, 01:30:35, 132.75, 52.25, 19.25, 26.25, 9999.0, 1.25, 1.5, 19.75, 9999.0, 9999.0, 9999.0, 121.0, 124.5, 120.5, 104.25, 135.25
2023-04-06, 01:30:39, 132.75, 52.0, 19.25, 26.0, 9999.0, 1.25, 1.5, 19.75, 9999.0, 9999.0, 9999.0, 121.0, 124.5, 120.5, 104.25, 135.25
2023-04-06, 01:30:43, 132.75, 52.25, 19.25, 26.25, 9999.0, 1.0, 1.5, 19.75, 9999.0, 9999.0, 9999.0, 120.75, 124.5, 120.5, 104.0, 135.25
2023-04-06, 01:30:47, 132.5, 52.25, 19.25, 26.0, 9999.0, 1.25, 1.5, 19.75, 9999.0, 9999.0, 9999.0, 120.75, 124.5, 120.5, 104.25, 135.25
2023-04-06, 01:30:51, 132.75, 52.25, 19.25, 26.25, 9999.0, 1.25, 1.5, 19.75, 9999.0, 9999.0, 9999.0, 120.75, 124.5, 120.5, 104.0, 135.25
2023-04-06, 01:30:55, 132.75, 52.25, 19.25, 26.25, 9999.0, 1.5, 1.5, 19.75, 9999.0, 9999.0, 9999.0, 120.75, 124.5, 120.5, 104.25, 135.25
2023-04-06, 01:30:59, 132.5, 52.25, 19.0, 26.0, 9999.0, 1.5, 1.5, 19.75, 9999.0, 9999.0, 9999.0, 120.75, 124.5, 120.5, 104.25, 135.25
2023-04-06, 01:31:03, 132.5, 52.25, 19.25, 26.0, 9999.0, 1.5, 1.5, 19.75, 9999.0, 9999.0, 9999.0, 121.5, 124.5, 120.5, 104.25, 135.25
2023-04-06, 01:31:07, 132.5, 52.25, 19.25, 26.25, 9999.0, 1.5, 1.5, 19.75, 9999.0, 9999.0, 9999.0, 121.5, 124.5, 120.5, 104.25, 135.25
2023-04-06, 01:31:11, 132.5, 52.25, 19.25, 26.0, 9999.0, 1.5, 1.5, 19.75, 9999.0, 9999.0, 9999.0, 121.25, 124.5, 120.5, 104.25, 135.25
2023-04-06, 01:31:15, 132.5, 52.25, 19.25, 26.0, 9999.0, 1.5, 1.5, 19.75, 9999.0, 9999.0, 9999.0, 121.25, 124.5, 120.5, 104.25, 135.25
2023-04-06, 01:31:19, 132.75, 52.25, 19.25, 25.75, 9999.0, 1.25, 1.5, 19.75, 9999.0, 9999.0, 9999.0, 121.25, 124.5, 120.5, 104.25, 135.25
2023-04-06, 01:31:23, 132.5, 52.25, 19.25, 26.0, 9999.0, 1.25, 1.5, 19.75, 9999.0, 9999.0, 9999.0, 121.25, 124.5, 120.5, 104.25, 135.25
2023-04-06, 01:31:27, 132.5, 52.25, 19.25, 26.0, 9999.0, 1.25, 1.5, 19.75, 9999.0, 9999.0, 9999.0, 121.0, 124.5, 120.5, 104.25, 135.25
2023-04-06, 01:31:31, 132.5, 52.25, 19.25, 26.0, 9999.0, 1.25, 1.5, 19.75, 9999.0, 9999.0, 9999.0, 121.0, 124.5, 120.5, 104.25, 135.25
2023-04-06, 01:31:35, 132.5, 52.25, 19.25, 26.25, 9999.0, 1.25, 1.5, 19.75, 9999.0, 9999.0, 9999.0, 121.25, 124.5, 120.5, 104.25, 135.25
2023-04-06, 01:31:39, 132.5, 52.25, 19.25, 25.75, 9999.0, 1.25, 1.5, 19.75, 9999.0, 9999.0, 9999.0, 121.25, 124.5, 120.5, 104.25, 135.25
2023-04-06, 01:31:43, 132.5, 52.25, 19.25, 25.75, 9999.0, 1.25, 1.5, 19.75, 9999.0, 9999.0, 9999.0, 121.0, 124.5, 120.5, 104.25, 135.25
2023-04-06, 01:31:47, 132.5, 52.25, 19.25, 26.25, 9999.0, 1.25, 1.5, 19.75, 9999.0, 9999.0, 9999.0, 121.0, 124.5, 120.5, 104.25, 135.25
2023-04-06, 01:31:52, 132.75, 52.25, 19.25, 26.25, 9999.0, 1.25, 1.5, 19.75, 9999.0, 9999.0, 9999.0, 121.0, 124.5, 120.5, 104.25, 135.25
2023-04-06, 01:31:56, 132.75, 52.25, 19.0, 26.25, 9999.0, 1.25, 1.5, 19.75, 9999.0, 9999.0, 9999.0, 121.0, 124.5, 120.5, 104.25, 135.25
2023-04-06, 01:32:00, 132.5, 52.25, 19.25, 26.0, 9999.0, 1.25, 1.5, 19.75, 9999.0, 9999.0, 9999.0, 120.75, 124.5, 120.5, 104.25, 135.25
2023-04-06, 01:32:04, 132.5, 52.25, 19.25, 26.0, 9999.0, 1.25, 1.5, 19.75, 9999.0, 9999.0, 9999.0, 121.0, 124.5, 120.5, 104.25, 135.25
2023-04-06, 01:32:08, 132.75, 52.25, 19.25, 25.75, 9999.0, 1.25, 1.5, 19.75, 9999.0, 9999.0, 9999.0, 121.0, 124.5, 120.5, 104.25, 135.25
2023-04-06, 01:32:12, 132.5, 52.25, 19.25, 26.0, 9999.0, 1.25, 1.5, 19.75, 9999.0, 9999.0, 9999.0, 120.75, 124.5, 120.5, 104.25, 135.25
2023-04-06, 01:32:16, 132.75, 52.25, 19.25, 25.75, 9999.0, 1.5, 1.5, 19.75, 9999.0, 9999.0, 9999.0, 120.75, 124.5, 120.5, 104.0, 135.25
2023-04-06, 01:32:20, 132.5, 52.25, 19.25, 26.0, 9999.0, 1.5, 1.5, 19.75, 9999.0, 9999.0, 9999.0, 120.75, 124.5, 120.5, 104.25, 135.25
2023-04-06, 01:32:24, 132.5, 52.25, 19.25, 26.25, 9999.0, 1.5, 1.5, 19.75, 9999.0, 9999.0, 9999.0, 121.5, 124.5, 120.5, 104.25, 135.5
2023-04-06, 01:32:28, 132.75, 52.25, 19.25, 26.25, 9999.0, 1.5, 1.5, 19.75, 9999.0, 9999.0, 9999.0, 121.5, 124.5, 120.5, 104.25, 135.5
2023-04-06, 01:32:32, 132.5, 52.25, 19.25, 25.75, 9999.0, 1.5, 1.5, 19.75, 9999.0, 9999.0, 9999.0, 121.25, 124.5, 120.5, 104.25, 135.25
2023-04-06, 01:32:36, 132.5, 52.25, 19.25, 26.0, 9999.0, 1.5, 1.5, 19.75, 9999.0, 9999.0, 9999.0, 121.25, 124.5, 120.5, 104.25, 135.5
2023-04-06, 01:32:40, 132.5, 52.25, 19.25, 25.75, 9999.0, 1.25, 1.5, 19.75, 9999.0, 9999.0, 9999.0, 121.25, 124.25, 120.5, 104.25, 135.25
2023-04-06, 01:32:44, 132.5, 52.25, 19.25, 25.75, 9999.0, 1.5, 1.5, 19.75, 9999.0, 9999.0, 9999.0, 121.25, 124.25, 120.5, 104.0, 135.25
2023-04-06, 01:32:48, 132.5, 52.25, 19.0, 26.0, 9999.0, 1.5, 1.5, 19.75, 9999.0, 9999.0, 9999.0, 121.0, 124.25, 120.5, 104.25, 135.25
2023-04-06, 01:32:52, 132.5, 52.25, 19.25, 26.0, 9999.0, 1.25, 1.5, 19.75, 9999.0, 9999.0, 9999.0, 121.0, 124.5, 120.5, 104.25, 135.25
2023-04-06, 01:32:56, 132.75, 52.25, 19.25, 25.75, 9999.0, 1.25, 1.5, 19.75, 9999.0, 9999.0, 9999.0, 121.0, 124.5, 120.5, 104.25, 135.25
2023-04-06, 01:33:00, 132.5, 52.0, 19.0, 26.0, 9999.0, 1.25, 1.5, 19.75, 9999.0, 9999.0, 9999.0, 121.0, 124.5, 120.5, 104.25, 135.25
2023-04-06, 01:33:04, 132.75, 52.25, 19.0, 25.75, 9999.0, 1.25, 1.5, 19.75, 9999.0, 9999.0, 9999.0, 121.0, 124.5, 120.5, 104.25, 135.25
2023-04-06, 01:33:08, 132.75, 52.25, 19.25, 26.0, 9999.0, 1.25, 1.5, 19.75, 9999.0, 9999.0, 9999.0, 121.0, 124.5, 120.5, 104.25, 135.25
2023-04-06, 01:33:12, 132.75, 52.25, 19.25, 26.0, 9999.0, 1.25, 1.5, 19.75, 9999.0, 9999.0, 9999.0, 121.0, 124.5, 120.5, 104.25, 135.5
2023-04-06, 01:33:16, 132.75, 52.25, 19.25, 26.0, 9999.0, 1.25, 1.5, 19.75, 9999.0, 9999.0, 9999.0, 120.75, 124.5, 120.5, 104.25, 135.5
2023-04-06, 01:33:20, 132.5, 52.25, 19.25, 25.75, 9999.0, 1.25, 1.5, 19.75, 9999.0, 9999.0, 9999.0, 121.0, 124.5, 120.5, 104.25, 135.25
2023-04-06, 01:33:24, 132.75, 52.25, 19.25, 25.75, 9999.0, 1.25, 1.5, 19.75, 9999.0, 9999.0, 9999.0, 120.75, 124.5, 120.5, 104.0, 135.25
2023-04-06, 01:33:28, 132.75, 52.25, 19.25, 25.75, 9999.0, 1.25, 1.5, 19.75, 9999.0, 9999.0, 9999.0, 120.75, 124.5, 120.5, 104.25, 135.25
2023-04-06, 01:33:32, 132.5, 52.25, 19.0, 25.5, 9999.0, 1.25, 1.5, 19.75, 9999.0, 9999.0, 9999.0, 120.75, 124.5, 120.5, 104.0, 135.5
2023-04-06, 01:33:36, 132.5, 52.25, 19.0, 26.0, 9999.0, 1.5, 1.5, 19.75, 9999.0, 9999.0, 9999.0, 120.75, 124.5, 120.5, 104.0, 135.25
2023-04-06, 01:33:40, 132.75, 52.25, 19.25, 26.0, 9999.0, 1.5, 1.5, 19.75, 9999.0, 9999.0, 9999.0, 120.75, 124.5, 120.5, 104.25, 135.25
2023-04-06, 01:33:44, 132.5, 52.25, 19.0, 25.75, 9999.0, 1.5, 1.5, 19.75, 9999.0, 9999.0, 9999.0, 121.5, 124.25, 120.5, 104.25, 135.25
2023-04-06, 01:33:48, 132.75, 52.25, 19.0, 25.75, 9999.0, 1.5, 1.5, 19.75, 9999.0, 9999.0, 9999.0, 121.25, 124.25, 120.5, 104.25, 135.25
2023-04-06, 01:33:52, 132.75, 52.25, 19.25, 25.75, 9999.0, 1.5, 1.5, 19.75, 9999.0, 9999.0, 9999.0, 121.5, 124.5, 120.5, 104.25, 135.5
2023-04-06, 01:33:56, 132.75, 52.25, 19.25, 26.25, 9999.0, 1.5, 1.5, 19.75, 9999.0, 9999.0, 9999.0, 121.25, 124.5, 120.5, 104.25, 135.25
2023-04-06, 01:34:00, 132.75, 52.25, 19.25, 26.25, 9999.0, 1.5, 1.5, 19.75, 9999.0, 9999.0, 9999.0, 121.25, 124.25, 120.5, 104.25, 135.5
2023-04-06, 01:34:04, 132.75, 52.25, 19.25, 26.25, 9999.0, 1.25, 1.5, 19.75, 9999.0, 9999.0, 9999.0, 121.25, 124.25, 120.5, 104.25, 135.25
2023-04-06, 01:34:08, 132.75, 52.25, 19.25, 26.0, 9999.0, 1.25, 1.5, 19.75, 9999.0, 9999.0, 9999.0, 121.0, 124.25, 120.5, 104.25, 135.25
2023-04-06, 01:34:12, 132.75, 52.25, 19.25, 26.0, 9999.0, 1.25, 1.5, 19.75, 9999.0, 9999.0, 9999.0, 121.25, 124.5, 120.5, 104.25, 135.5
2023-04-06, 01:34:16, 132.75, 52.25, 19.25, 26.0, 9999.0, 1.25, 1.5, 19.75, 9999.0, 9999.0, 9999.0, 121.25, 124.5, 120.5, 104.25, 135.5
2023-04-06, 01:34:20, 132.75, 52.25, 19.0, 26.0, 9999.0, 1.25, 1.5, 19.75, 9999.0, 9999.0, 9999.0, 121.0, 124.5, 120.5, 104.25, 135.5
2023-04-06, 01:34:24, 132.75, 52.25, 19.25, 26.0, 9999.0, 1.25, 1.5, 19.75, 9999.0, 9999.0, 9999.0, 121.0, 124.5, 120.5, 104.25, 135.5
2023-04-06, 01:34:28, 132.75, 52.25, 19.25, 26.0, 9999.0, 1.25, 1.5, 19.75, 9999.0, 9999.0, 9999.0, 121.0, 124.5, 120.5, 104.25, 135.5
2023-04-06, 01:34:32, 132.75, 52.25, 19.25, 26.0, 9999.0, 1.25, 1.5, 19.75, 9999.0, 9999.0, 9999.0, 121.0, 124.5, 120.5, 104.25, 135.25
2023-04-06, 01:34:36, 132.75, 52.25, 19.25, 26.25, 9999.0, 1.25, 1.75, 19.75, 9999.0, 9999.0, 9999.0, 121.0, 124.5, 120.5, 104.25, 135.5
2023-04-06, 01:34:40, 132.75, 52.25, 19.25, 26.25, 9999.0, 1.25, 1.5, 19.75, 9999.0, 9999.0, 9999.0, 121.0, 124.5, 120.5, 104.25, 135.5
2023-04-06, 01:34:44, 132.75, 52.25, 19.25, 26.25, 9999.0, 1.5, 1.5, 19.75, 9999.0, 9999.0, 9999.0, 120.75, 124.5, 120.5, 104.25, 135.5
2023-04-06, 01:34:48, 132.75, 52.25, 19.25, 26.25, 9999.0, 1.5, 1.5, 19.75, 9999.0, 9999.0, 9999.0, 120.75, 124.5, 120.5, 104.25, 135.5
2023-04-06, 01:34:52, 132.75, 52.25, 19.25, 26.25, 9999.0, 1.5, 1.5, 19.75, 9999.0, 9999.0, 9999.0, 120.75, 124.25, 120.5, 104.25, 135.25
2023-04-06, 01:34:56, 132.75, 52.25, 19.25, 26.25, 9999.0, 1.75, 1.75, 19.75, 9999.0, 9999.0, 9999.0, 120.75, 124.5, 120.5, 104.25, 135.5
2023-04-06, 01:35:00, 132.75, 52.25, 19.25, 26.25, 9999.0, 1.5, 1.5, 19.75, 9999.0, 9999.0, 9999.0, 121.5, 124.5, 120.5, 104.25, 135.5
2023-04-06, 01:35:04, 132.75, 52.25, 19.25, 26.0, 9999.0, 1.5, 1.5, 19.75, 9999.0, 9999.0, 9999.0, 121.5, 124.5, 120.5, 104.25, 135.25
2023-04-06, 01:35:08, 132.75, 52.25, 19.25, 26.25, 9999.0, 1.5, 1.75, 19.75, 9999.0, 9999.0, 9999.0, 121.5, 124.5, 120.5, 104.25, 135.5
2023-04-06, 01:35:12, 132.75, 52.25, 19.25, 26.25, 9999.0, 1.5, 1.75, 19.75, 9999.0, 9999.0, 9999.0, 121.25, 124.25, 120.5, 104.25, 135.5
2023-04-06, 01:35:16, 132.75, 52.25, 19.25, 26.0, 9999.0, 1.5, 1.75, 19.75, 9999.0, 9999.0, 9999.0, 121.25, 124.5, 120.5, 104.25, 135.5
2023-04-06, 01:35:20, 132.75, 52.25, 19.25, 26.25, 9999.0, 1.5, 1.75, 19.75, 9999.0, 9999.0, 9999.0, 121.25, 124.5, 120.5, 104.25, 135.25
2023-04-06, 01:35:24, 132.75, 52.25, 19.25, 26.25, 9999.0, 1.5, 1.75, 19.75, 9999.0, 9999.0, 9999.0, 121.25, 124.25, 120.5, 104.25, 135.5
2023-04-06, 01:35:28, 132.75, 52.25, 19.25, 26.25, 9999.0, 1.5, 1.75, 19.75, 9999.0, 9999.0, 9999.0, 121.25, 124.25, 120.5, 104.25, 135.5
2023-04-06, 01:35:32, 132.75, 52.25, 19.25, 26.25, 9999.0, 1.5, 1.75, 19.75, 9999.0, 9999.0, 9999.0, 121.25, 124.5, 120.5, 104.25, 135.5
2023-04-06, 01:35:36, 132.75, 52.25, 19.25, 26.25, 9999.0, 1.5, 1.75, 19.75, 9999.0, 9999.0, 9999.0, 121.25, 124.5, 120.5, 104.25, 135.5
2023-04-06, 01:35:40, 132.75, 52.25, 19.25, 26.25, 9999.0, 1.25, 1.5, 19.75, 9999.0, 9999.0, 9999.0, 121.25, 124.5, 120.5, 104.25, 135.5
2023-04-06, 01:35:44, 132.75, 52.25, 19.25, 26.25, 9999.0, 1.25, 1.5, 19.75, 9999.0, 9999.0, 9999.0, 121.0, 124.5, 120.25, 104.25, 135.5
2023-04-06, 01:35:48, 132.75, 52.25, 19.25, 26.25, 9999.0, 1.25, 1.75, 20.0, 9999.0, 9999.0, 9999.0, 121.0, 124.5, 120.5, 104.25, 135.5
2023-04-06, 01:35:52, 132.75, 52.25, 19.25, 26.25, 9999.0, 1.25, 1.5, 20.0, 9999.0, 9999.0, 9999.0, 121.0, 124.5, 120.5, 104.25, 135.5
2023-04-06, 01:35:56, 132.75, 52.25, 19.25, 26.0, 9999.0, 1.25, 1.5, 20.0, 9999.0, 9999.0, 9999.0, 121.0, 124.5, 120.5, 104.25, 135.5
2023-04-06, 01:36:00, 132.75, 52.25, 19.25, 26.0, 9999.0, 1.25, 1.75, 19.75, 9999.0, 9999.0, 9999.0, 121.0, 124.5, 120.5, 104.25, 135.5
2023-04-06, 01:36:04, 132.75, 52.25, 19.25, 26.0, 9999.0, 1.5, 1.75, 19.75, 9999.0, 9999.0, 9999.0, 121.0, 124.5, 120.5, 104.25, 135.25
2023-04-06, 01:36:08, 132.75, 52.25, 19.25, 26.0, 9999.0, 1.5, 1.75, 19.75, 9999.0, 9999.0, 9999.0, 120.75, 124.5, 120.5, 104.25, 135.5
2023-04-06, 01:36:12, 132.75, 52.25, 19.25, 26.0, 9999.0, 1.5, 1.75, 19.75, 9999.0, 9999.0, 9999.0, 120.75, 124.5, 120.5, 104.25, 135.5
2023-04-06, 01:36:16, 132.75, 52.25, 19.25, 26.0, 9999.0, 1.75, 1.75, 19.75, 9999.0, 9999.0, 9999.0, 120.75, 124.5, 120.5, 104.25, 135.5
2023-04-06, 01:36:21, 132.75, 52.25, 19.25, 26.25, 9999.0, 1.5, 1.75, 20.0, 9999.0, 9999.0, 9999.0, 120.75, 124.5, 120.5, 104.25, 135.5
2023-04-06, 01:36:25, 132.75, 52.25, 19.25, 26.25, 9999.0, 1.5, 1.75, 20.0, 9999.0, 9999.0, 9999.0, 121.5, 124.5, 120.5, 104.25, 135.5
2023-04-06, 01:36:29, 132.75, 52.25, 19.25, 26.25, 9999.0, 1.5, 1.5, 20.0, 9999.0, 9999.0, 9999.0, 121.5, 124.5, 120.5, 104.25, 135.5
2023-04-06, 01:36:33, 132.75, 52.25, 19.25, 26.25, 9999.0, 1.5, 1.5, 19.75, 9999.0, 9999.0, 9999.0, 121.25, 124.5, 120.5, 104.25, 135.5
2023-04-06, 01:36:37, 132.75, 52.25, 19.25, 26.25, 9999.0, 1.5, 1.75, 20.0, 9999.0, 9999.0, 9999.0, 121.25, 124.5, 120.5, 104.25, 135.5
2023-04-06, 01:36:41, 132.75, 52.25, 19.25, 26.25, 9999.0, 1.5, 1.75, 20.0, 9999.0, 9999.0, 9999.0, 121.25, 124.25, 120.5, 104.25, 135.5
2023-04-06, 01:36:45, 132.75, 52.25, 19.25, 26.25, 9999.0, 1.5, 1.75, 19.75, 9999.0, 9999.0, 9999.0, 121.25, 124.25, 120.5, 104.25, 135.5
2023-04-06, 01:36:49, 132.75, 52.25, 19.25, 26.25, 9999.0, 1.5, 1.75, 20.0, 9999.0, 9999.0, 9999.0, 121.25, 124.25, 120.5, 104.25, 135.5
2023-04-06, 01:36:53, 132.75, 52.25, 19.5, 26.25, 9999.0, 1.5, 1.75, 20.0, 9999.0, 9999.0, 9999.0, 121.25, 124.5, 120.5, 104.25, 135.5
2023-04-06, 01:36:57, 132.75, 52.25, 19.5, 26.25, 9999.0, 1.5, 1.75, 20.0, 9999.0, 9999.0, 9999.0, 121.25, 124.5, 120.5, 104.25, 135.5
2023-04-06, 01:37:01, 132.75, 52.5, 19.25, 26.25, 9999.0, 1.5, 1.75, 20.0, 9999.0, 9999.0, 9999.0, 121.25, 124.5, 120.5, 104.25, 135.5
2023-04-06, 01:37:05, 132.75, 52.5, 19.25, 26.25, 9999.0, 1.5, 1.5, 19.75, 9999.0, 9999.0, 9999.0, 121.0, 124.5, 120.5, 104.25, 135.5
2023-04-06, 01:37:09, 132.75, 52.25, 19.5, 26.25, 9999.0, 1.25, 1.5, 20.0, 9999.0, 9999.0, 9999.0, 121.0, 124.5, 120.5, 104.25, 135.5
2023-04-06, 01:37:13, 132.75, 52.5, 19.5, 26.25, 9999.0, 1.25, 1.75, 20.0, 9999.0, 9999.0, 9999.0, 121.0, 124.5, 120.5, 104.25, 135.5
2023-04-06, 01:37:17, 132.75, 52.5, 19.25, 26.0, 9999.0, 1.25, 1.75, 20.0, 9999.0, 9999.0, 9999.0, 121.0, 124.5, 120.5, 104.25, 135.5
2023-04-06, 01:37:21, 132.5, 52.5, 19.25, 26.0, 9999.0, 1.25, 1.5, 20.0, 9999.0, 9999.0, 9999.0, 121.0, 124.5, 120.5, 104.25, 135.5
2023-04-06, 01:37:25, 132.75, 52.25, 19.25, 26.25, 9999.0, 1.5, 1.75, 20.0, 9999.0, 9999.0, 9999.0, 121.0, 124.25, 120.5, 104.25, 135.5
2023-04-06, 01:37:29, 132.75, 52.25, 19.25, 26.25, 9999.0, 1.5, 1.75, 20.0, 9999.0, 9999.0, 9999.0, 120.75, 124.5, 120.5, 104.25, 135.5
2023-04-06, 01:37:33, 132.75, 52.5, 19.25, 26.25, 9999.0, 1.5, 1.75, 20.0, 9999.0, 9999.0, 9999.0, 120.75, 124.5, 120.5, 104.25, 135.5
2023-04-06, 01:37:37, 132.75, 52.5, 19.25, 26.25, 9999.0, 1.75, 1.75, 20.0, 9999.0, 9999.0, 9999.0, 120.75, 124.5, 120.5, 104.25, 135.5
2023-04-06, 01:37:41, 132.75, 52.5, 19.25, 26.25, 9999.0, 1.75, 1.75, 20.0, 9999.0, 9999.0, 9999.0, 121.5, 124.5, 120.5, 104.25, 135.5
2023-04-06, 01:37:45, 132.75, 52.5, 19.25, 26.5, 9999.0, 1.75, 1.75, 20.0, 9999.0, 9999.0, 9999.0, 121.5, 124.5, 120.5, 104.25, 135.5
2023-04-06, 01:37:49, 132.75, 52.5, 19.5, 26.25, 9999.0, 1.5, 1.75, 20.0, 9999.0, 9999.0, 9999.0, 121.5, 124.25, 120.5, 104.25, 135.5
2023-04-06, 01:37:53, 132.75, 52.5, 19.25, 26.25, 9999.0, 1.5, 1.75, 20.0, 9999.0, 9999.0, 9999.0, 121.5, 124.25, 120.5, 104.25, 135.5
2023-04-06, 01:37:57, 132.75, 52.5, 19.25, 26.25, 9999.0, 1.5, 1.75, 20.0, 9999.0, 9999.0, 9999.0, 121.25, 124.5, 120.5, 104.25, 135.5
2023-04-06, 01:38:01, 132.75, 52.25, 19.25, 26.5, 9999.0, 1.5, 1.75, 20.0, 9999.0, 9999.0, 9999.0, 121.25, 124.5, 120.5, 104.25, 135.5
2023-04-06, 01:38:05, 132.75, 52.25, 19.25, 26.5, 9999.0, 1.5, 1.75, 20.0, 9999.0, 9999.0, 9999.0, 121.25, 124.5, 120.5, 104.25, 135.5
2023-04-06, 01:38:09, 132.75, 52.5, 19.5, 26.25, 9999.0, 1.5, 1.75, 20.0, 9999.0, 9999.0, 9999.0, 121.25, 124.25, 120.5, 104.25, 135.5
2023-04-06, 01:38:13, 132.75, 52.5, 19.5, 26.25, 9999.0, 1.5, 1.75, 20.0, 9999.0, 9999.0, 9999.0, 121.25, 124.5, 120.5, 104.25, 135.5
2023-04-06, 01:38:17, 132.75, 52.5, 19.5, 26.25, 9999.0, 1.5, 1.75, 20.0, 9999.0, 9999.0, 9999.0, 121.25, 124.75, 120.5, 104.25, 135.5
2023-04-06, 01:38:21, 132.75, 52.5, 19.25, 26.25, 9999.0, 1.5, 1.75, 19.75, 9999.0, 9999.0, 9999.0, 121.25, 124.5, 120.5, 104.25, 135.5
2023-04-06, 01:38:25, 132.75, 52.5, 19.25, 26.25, 9999.0, 1.5, 1.75, 20.0, 9999.0, 9999.0, 9999.0, 121.25, 124.5, 120.5, 104.25, 135.5
2023-04-06, 01:38:29, 132.75, 52.5, 19.25, 26.25, 9999.0, 1.5, 1.75, 20.0, 9999.0, 9999.0, 9999.0, 121.0, 124.5, 120.5, 104.25, 135.5
2023-04-06, 01:38:33, 132.75, 52.25, 19.25, 26.25, 9999.0, 1.5, 1.75, 20.0, 9999.0, 9999.0, 9999.0, 121.0, 124.5, 120.5, 104.25, 135.5
2023-04-06, 01:38:37, 132.75, 52.5, 19.25, 26.0, 9999.0, 1.5, 1.5, 20.0, 9999.0, 9999.0, 9999.0, 121.0, 124.5, 120.5, 104.25, 135.5
2023-04-06, 01:38:41, 132.75, 52.5, 19.25, 26.25, 9999.0, 1.5, 1.75, 20.0, 9999.0, 9999.0, 9999.0, 121.0, 124.5, 120.5, 104.25, 135.5
2023-04-06, 01:38:45, 132.75, 52.5, 19.25, 26.25, 9999.0, 1.5, 1.75, 20.0, 9999.0, 9999.0, 9999.0, 121.0, 124.5, 120.5, 104.25, 135.5
2023-04-06, 01:38:49, 132.75, 52.25, 19.25, 26.25, 9999.0, 1.5, 1.75, 20.0, 9999.0, 9999.0, 9999.0, 121.0, 124.5, 120.5, 104.25, 135.5
2023-04-06, 01:38:53, 132.75, 52.5, 19.25, 26.25, 9999.0, 1.5, 1.75, 20.0, 9999.0, 9999.0, 9999.0, 120.75, 124.5, 120.5, 104.25, 135.5
2023-04-06, 01:38:57, 132.75, 52.25, 19.5, 26.25, 9999.0, 1.75, 1.75, 20.0, 9999.0, 9999.0, 9999.0, 120.75, 124.5, 120.5, 104.25, 135.5
2023-04-06, 01:39:01, 132.75, 52.25, 19.5, 26.25, 9999.0, 1.75, 1.75, 20.0, 9999.0, 9999.0, 9999.0, 120.75, 124.5, 120.5, 104.25, 135.5
2023-04-06, 01:39:05, 132.75, 52.25, 19.25, 26.25, 9999.0, 1.75, 1.75, 20.0, 9999.0, 9999.0, 9999.0, 121.5, 124.5, 120.5, 104.25, 135.5
2023-04-06, 01:39:09, 132.75, 52.25, 19.25, 26.0, 9999.0, 1.75, 1.75, 20.0, 9999.0, 9999.0, 9999.0, 121.5, 124.5, 120.5, 104.25, 135.5
2023-04-06, 01:39:13, 132.75, 52.5, 19.25, 26.0, 9999.0, 1.5, 1.75, 20.0, 9999.0, 9999.0, 9999.0, 121.25, 124.5, 120.5, 104.25, 135.5
2023-04-06, 01:39:17, 132.75, 52.25, 19.25, 26.25, 9999.0, 1.5, 1.75, 20.0, 9999.0, 9999.0, 9999.0, 121.25, 124.5, 120.5, 104.25, 135.5
2023-04-06, 01:39:21, 132.75, 52.5, 19.25, 26.25, 9999.0, 1.5, 1.75, 20.0, 9999.0, 9999.0, 9999.0, 121.25, 124.5, 120.5, 104.25, 135.5
2023-04-06, 01:39:25, 132.75, 52.5, 19.5, 26.25, 9999.0, 1.5, 1.75, 20.0, 9999.0, 9999.0, 9999.0, 121.25, 124.5, 120.5, 104.25, 135.5
2023-04-06, 01:39:29, 132.75, 52.5, 19.5, 26.25, 9999.0, 1.5, 1.75, 20.0, 9999.0, 9999.0, 9999.0, 121.25, 124.5, 120.5, 104.25, 135.5
2023-04-06, 01:39:33, 132.75, 52.5, 19.5, 26.25, 9999.0, 1.5, 1.75, 20.0, 9999.0, 9999.0, 9999.0, 121.25, 124.5, 120.5, 104.25, 135.5
2023-04-06, 01:39:37, 132.75, 52.5, 19.5, 26.0, 9999.0, 1.5, 1.75, 20.0, 9999.0, 9999.0, 9999.0, 121.25, 124.75, 120.5, 104.25, 135.5
2023-04-06, 01:39:41, 132.75, 52.5, 19.5, 26.25, 9999.0, 1.5, 1.75, 20.0, 9999.0, 9999.0, 9999.0, 121.0, 124.5, 120.5, 104.25, 135.5
2023-04-06, 01:39:45, 132.75, 52.25, 19.25, 26.25, 9999.0, 1.5, 1.75, 20.0, 9999.0, 9999.0, 9999.0, 121.25, 124.5, 120.5, 104.25, 135.5
2023-04-06, 01:39:49, 132.75, 52.25, 19.25, 26.5, 9999.0, 1.5, 1.75, 19.75, 9999.0, 9999.0, 9999.0, 121.0, 124.5, 120.5, 104.25, 135.5
2023-04-06, 01:39:53, 132.75, 52.5, 19.25, 26.25, 9999.0, 1.25, 1.75, 20.0, 9999.0, 9999.0, 9999.0, 121.0, 124.5, 120.5, 104.25, 135.5
2023-04-06, 01:39:57, 133.0, 52.25, 19.25, 26.0, 9999.0, 1.25, 1.5, 20.0, 9999.0, 9999.0, 9999.0, 121.0, 124.5, 120.5, 104.25, 135.5
2023-04-06, 01:40:01, 132.75, 52.5, 19.25, 26.25, 9999.0, 1.25, 1.75, 20.0, 9999.0, 9999.0, 9999.0, 121.0, 124.5, 120.5, 104.25, 135.25
2023-04-06, 01:40:05, 132.75, 52.5, 19.25, 26.25, 9999.0, 1.25, 1.75, 20.0, 9999.0, 9999.0, 9999.0, 121.0, 124.5, 120.5, 104.25, 135.5
2023-04-06, 01:40:09, 132.75, 52.25, 19.25, 26.25, 9999.0, 1.5, 1.75, 19.75, 9999.0, 9999.0, 9999.0, 121.0, 124.5, 120.5, 104.25, 135.5
2023-04-06, 01:40:13, 132.75, 52.25, 19.25, 26.25, 9999.0, 1.5, 1.75, 20.0, 9999.0, 9999.0, 9999.0, 120.75, 124.5, 120.5, 104.25, 135.5
2023-04-06, 01:40:17, 132.75, 52.25, 19.25, 26.25, 9999.0, 1.5, 1.75, 20.0, 9999.0, 9999.0, 9999.0, 120.75, 124.5, 120.5, 104.0, 135.5
2023-04-06, 01:40:21, 132.75, 52.25, 19.25, 26.25, 9999.0, 1.75, 1.75, 20.0, 9999.0, 9999.0, 9999.0, 120.75, 124.5, 120.5, 104.25, 135.5
2023-04-06, 01:40:25, 133.0, 52.25, 19.25, 26.25, 9999.0, 1.5, 1.75, 20.0, 9999.0, 9999.0, 9999.0, 121.5, 124.5, 120.5, 104.25, 135.5
2023-04-06, 01:40:29, 132.75, 52.25, 19.25, 26.0, 9999.0, 1.5, 1.75, 20.0, 9999.0, 9999.0, 9999.0, 121.5, 124.5, 120.5, 104.25, 135.5
2023-04-06, 01:40:33, 132.75, 52.25, 19.25, 26.25, 9999.0, 1.5, 1.75, 20.0, 9999.0, 9999.0, 9999.0, 121.25, 124.25, 120.5, 104.25, 135.5
2023-04-06, 01:40:37, 132.75, 52.25, 19.25, 26.25, 9999.0, 1.5, 1.75, 20.0, 9999.0, 9999.0, 9999.0, 121.25, 124.25, 120.5, 104.25, 135.5
2023-04-06, 01:40:41, 132.75, 52.25, 19.25, 26.5, 9999.0, 1.5, 1.75, 20.0, 9999.0, 9999.0, 9999.0, 121.25, 124.25, 120.5, 104.25, 135.5
2023-04-06, 01:40:46, 132.75, 52.25, 19.25, 26.25, 9999.0, 1.5, 1.75, 20.0, 9999.0, 9999.0, 9999.0, 121.25, 124.5, 120.5, 104.25, 135.5
2023-04-06, 01:40:50, 132.75, 52.25, 19.25, 26.0, 9999.0, 1.5, 1.75, 20.0, 9999.0, 9999.0, 9999.0, 121.25, 124.25, 120.5, 104.25, 135.5
2023-04-06, 01:40:54, 132.75, 52.25, 19.25, 26.0, 9999.0, 1.5, 1.75, 20.0, 9999.0, 9999.0, 9999.0, 121.25, 124.5, 120.5, 104.25, 135.5
2023-04-06, 01:40:58, 132.75, 52.25, 19.25, 26.0, 9999.0, 1.5, 1.75, 20.0, 9999.0, 9999.0, 9999.0, 121.25, 124.5, 120.5, 104.25, 135.5
2023-04-06, 01:41:02, 132.75, 52.25, 19.25, 26.0, 9999.0, 1.5, 1.75, 20.0, 9999.0, 9999.0, 9999.0, 121.25, 124.5, 120.5, 104.25, 135.5
2023-04-06, 01:41:06, 132.75, 52.25, 19.25, 26.0, 9999.0, 1.5, 1.75, 20.0, 9999.0, 9999.0, 9999.0, 121.0, 124.5, 120.5, 104.25, 135.5
2023-04-06, 01:41:10, 132.75, 52.25, 19.25, 26.0, 9999.0, 1.5, 1.75, 20.0, 9999.0, 9999.0, 9999.0, 121.0, 124.5, 120.5, 104.25, 135.5
2023-04-06, 01:41:14, 132.75, 52.25, 19.25, 26.25, 9999.0, 1.25, 1.75, 20.0, 9999.0, 9999.0, 9999.0, 121.0, 124.5, 120.5, 104.25, 135.5
2023-04-06, 01:41:18, 132.75, 52.25, 19.25, 26.0, 9999.0, 1.25, 1.75, 20.0, 9999.0, 9999.0, 9999.0, 121.0, 124.5, 120.5, 104.25, 135.5
2023-04-06, 01:41:22, 132.75, 52.25, 19.25, 26.0, 9999.0, 1.25, 1.75, 20.0, 9999.0, 9999.0, 9999.0, 121.0, 124.5, 120.5, 104.25, 135.5
2023-04-06, 01:41:26, 132.75, 52.25, 19.25, 26.25, 9999.0, 1.25, 1.75, 19.75, 9999.0, 9999.0, 9999.0, 121.0, 124.5, 120.5, 104.25, 135.5
2023-04-06, 01:41:30, 132.75, 52.25, 19.25, 26.25, 9999.0, 1.5, 1.75, 20.0, 9999.0, 9999.0, 9999.0, 120.75, 124.5, 120.5, 104.25, 135.5
2023-04-06, 01:41:34, 132.75, 52.25, 19.25, 26.0, 9999.0, 1.5, 1.75, 19.75, 9999.0, 9999.0, 9999.0, 120.75, 124.5, 120.5, 104.25, 135.5
2023-04-06, 01:41:38, 132.75, 52.25, 19.25, 26.25, 9999.0, 1.5, 1.75, 19.75, 9999.0, 9999.0, 9999.0, 120.75, 124.5, 120.5, 104.25, 135.5
2023-04-06, 01:41:42, 132.75, 52.25, 19.25, 26.25, 9999.0, 1.75, 1.75, 19.75, 9999.0, 9999.0, 9999.0, 120.75, 124.5, 120.5, 104.25, 135.5
2023-04-06, 01:41:46, 132.75, 52.25, 19.25, 26.25, 9999.0, 1.5, 1.75, 20.0, 9999.0, 9999.0, 9999.0, 121.5, 124.5, 120.5, 104.25, 135.5
2023-04-06, 01:41:50, 132.75, 52.25, 19.25, 26.0, 9999.0, 1.5, 1.75, 20.0, 9999.0, 9999.0, 9999.0, 121.5, 124.5, 120.5, 104.25, 135.5
2023-04-06, 01:41:54, 132.75, 52.25, 19.25, 26.25, 9999.0, 1.5, 1.75, 20.0, 9999.0, 9999.0, 9999.0, 121.25, 124.5, 120.5, 104.25, 135.5
2023-04-06, 01:41:58, 132.75, 52.25, 19.25, 26.25, 9999.0, 1.5, 1.5, 20.0, 9999.0, 9999.0, 9999.0, 121.25, 124.25, 120.5, 104.25, 135.5
2023-04-06, 01:42:02, 132.75, 52.25, 19.25, 26.25, 9999.0, 1.5, 1.75, 20.0, 9999.0, 9999.0, 9999.0, 121.25, 124.25, 120.5, 104.0, 135.5
2023-04-06, 01:42:06, 132.75, 52.25, 19.25, 26.25, 9999.0, 1.5, 1.75, 20.0, 9999.0, 9999.0, 9999.0, 121.25, 124.25, 120.5, 104.25, 135.5
2023-04-06, 01:42:10, 132.75, 52.25, 19.25, 26.0, 9999.0, 1.25, 1.75, 20.0, 9999.0, 9999.0, 9999.0, 121.25, 124.25, 120.5, 104.25, 135.5
2023-04-06, 01:42:14, 132.75, 52.25, 19.25, 26.0, 9999.0, 1.5, 1.75, 19.75, 9999.0, 9999.0, 9999.0, 121.0, 124.25, 120.5, 104.25, 135.5
2023-04-06, 01:42:18, 132.75, 52.25, 19.25, 26.0, 9999.0, 1.5, 1.75, 19.75, 9999.0, 9999.0, 9999.0, 121.25, 124.25, 120.5, 104.25, 135.5
2023-04-06, 01:42:22, 132.75, 52.25, 19.25, 26.25, 9999.0, 1.5, 1.5, 19.75, 9999.0, 9999.0, 9999.0, 121.0, 124.5, 120.25, 104.0, 135.5
2023-04-06, 01:42:26, 132.75, 52.25, 19.25, 26.0, 9999.0, 1.5, 1.75, 19.75, 9999.0, 9999.0, 9999.0, 121.25, 124.5, 120.25, 104.0, 135.5
2023-04-06, 01:42:30, 132.75, 52.25, 19.25, 26.0, 9999.0, 1.25, 1.75, 19.75, 9999.0, 9999.0, 9999.0, 121.0, 124.5, 120.5, 104.0, 135.5
2023-04-06, 01:42:34, 132.5, 52.25, 19.25, 26.0, 9999.0, 1.25, 1.5, 19.75, 9999.0, 9999.0, 9999.0, 121.0, 124.5, 120.5, 104.0, 135.5
2023-04-06, 01:42:38, 132.75, 52.25, 19.0, 26.25, 9999.0, 1.25, 1.75, 19.75, 9999.0, 9999.0, 9999.0, 121.0, 124.5, 120.5, 104.25, 135.25
2023-04-06, 01:42:42, 132.75, 52.25, 19.0, 26.25, 9999.0, 1.25, 1.5, 19.75, 9999.0, 9999.0, 9999.0, 121.0, 124.5, 120.5, 104.0, 135.5
2023-04-06, 01:42:46, 132.75, 52.25, 19.0, 26.25, 9999.0, 1.25, 1.5, 19.75, 9999.0, 9999.0, 9999.0, 121.0, 124.5, 120.5, 104.25, 135.5
2023-04-06, 01:42:50, 132.5, 52.25, 19.0, 26.25, 9999.0, 1.5, 1.5, 19.75, 9999.0, 9999.0, 9999.0, 120.75, 124.5, 120.5, 104.0, 135.5
2023-04-06, 01:42:54, 132.5, 52.25, 19.25, 26.25, 9999.0, 1.5, 1.5, 19.75, 9999.0, 9999.0, 9999.0, 120.75, 124.25, 120.5, 104.25, 135.25
2023-04-06, 01:42:58, 132.5, 52.25, 19.25, 26.25, 9999.0, 1.5, 1.5, 19.75, 9999.0, 9999.0, 9999.0, 120.75, 124.25, 120.5, 104.0, 135.5
2023-04-06, 01:43:02, 132.75, 52.25, 19.25, 26.0, 9999.0, 1.5, 1.75, 19.75, 9999.0, 9999.0, 9999.0, 120.75, 124.25, 120.5, 104.0, 135.25
2023-04-06, 01:43:06, 132.75, 52.25, 19.0, 26.0, 9999.0, 1.5, 1.75, 19.75, 9999.0, 9999.0, 9999.0, 121.5, 124.25, 120.5, 104.0, 135.5
2023-04-06, 01:43:10, 132.5, 52.25, 19.0, 26.0, 9999.0, 1.5, 1.75, 19.75, 9999.0, 9999.0, 9999.0, 121.25, 124.25, 120.5, 104.0, 135.25
2023-04-06, 01:43:14, 132.75, 52.25, 19.25, 26.25, 9999.0, 1.5, 1.5, 19.75, 9999.0, 9999.0, 9999.0, 121.25, 124.25, 120.5, 104.25, 135.25
2023-04-06, 01:43:18, 132.5, 52.25, 19.0, 26.25, 9999.0, 1.5, 1.5, 19.75, 9999.0, 9999.0, 9999.0, 121.25, 124.25, 120.5, 104.25, 135.25
2023-04-06, 01:43:22, 132.5, 52.25, 19.25, 26.25, 9999.0, 1.5, 1.75, 20.0, 9999.0, 9999.0, 9999.0, 121.25, 124.25, 120.25, 104.25, 135.25
2023-04-06, 01:43:26, 132.5, 52.25, 19.25, 26.25, 9999.0, 1.5, 1.5, 19.75, 9999.0, 9999.0, 9999.0, 121.25, 124.25, 120.5, 104.0, 135.25
2023-04-06, 01:43:30, 132.5, 52.0, 19.0, 26.25, 9999.0, 1.25, 1.5, 19.75, 9999.0, 9999.0, 9999.0, 121.25, 124.25, 120.5, 104.0, 135.25
2023-04-06, 01:43:34, 132.75, 52.0, 19.0, 26.25, 9999.0, 1.25, 1.75, 19.75, 9999.0, 9999.0, 9999.0, 121.0, 124.25, 120.25, 104.0, 135.25
2023-04-06, 01:43:38, 132.75, 52.25, 19.0, 26.25, 9999.0, 1.5, 1.5, 19.75, 9999.0, 9999.0, 9999.0, 121.0, 124.5, 120.25, 104.25, 135.25
2023-04-06, 01:43:42, 132.75, 52.0, 19.25, 26.25, 9999.0, 1.25, 1.5, 19.75, 9999.0, 9999.0, 9999.0, 121.0, 124.5, 120.5, 104.0, 135.25
2023-04-06, 01:43:46, 132.5, 52.25, 19.25, 26.25, 9999.0, 1.25, 1.5, 19.75, 9999.0, 9999.0, 9999.0, 121.0, 124.5, 120.5, 104.0, 135.25
2023-04-06, 01:43:50, 132.75, 52.0, 19.25, 26.25, 9999.0, 1.25, 1.5, 19.75, 9999.0, 9999.0, 9999.0, 121.0, 124.5, 120.5, 104.0, 135.25
2023-04-06, 01:43:54, 132.5, 52.25, 19.0, 26.0, 9999.0, 1.25, 1.5, 19.75, 9999.0, 9999.0, 9999.0, 121.0, 124.5, 120.25, 104.0, 135.25
2023-04-06, 01:43:58, 132.5, 52.25, 19.25, 26.25, 9999.0, 1.25, 1.5, 19.75, 9999.0, 9999.0, 9999.0, 121.0, 124.5, 120.25, 104.0, 135.25
2023-04-06, 01:44:02, 132.5, 52.0, 19.25, 26.25, 9999.0, 1.25, 1.5, 19.75, 9999.0, 9999.0, 9999.0, 121.0, 124.5, 120.25, 104.0, 135.25
2023-04-06, 01:44:06, 132.5, 52.0, 19.0, 26.0, 9999.0, 1.25, 1.5, 19.75, 9999.0, 9999.0, 9999.0, 121.0, 124.5, 120.5, 104.0, 135.25
2023-04-06, 01:44:10, 132.5, 52.25, 19.25, 26.25, 9999.0, 1.25, 1.5, 19.75, 9999.0, 9999.0, 9999.0, 121.0, 124.5, 120.5, 104.25, 135.25
2023-04-06, 01:44:14, 132.5, 52.0, 19.25, 26.0, 9999.0, 1.5, 1.5, 19.75, 9999.0, 9999.0, 9999.0, 120.75, 124.5, 120.5, 104.25, 135.25
2023-04-06, 01:44:18, 132.5, 52.0, 19.25, 26.0, 9999.0, 1.25, 1.5, 19.75, 9999.0, 9999.0, 9999.0, 120.75, 124.25, 120.5, 104.0, 135.25
2023-04-06, 01:44:22, 132.5, 52.25, 19.0, 26.0, 9999.0, 1.5, 1.5, 19.75, 9999.0, 9999.0, 9999.0, 120.75, 124.25, 120.25, 104.0, 135.25
2023-04-06, 01:44:26, 132.5, 52.0, 19.25, 26.0, 9999.0, 1.5, 1.5, 19.75, 9999.0, 9999.0, 9999.0, 120.5, 124.25, 120.5, 104.0, 135.25
2023-04-06, 01:44:30, 132.5, 52.0, 19.25, 26.0, 9999.0, 1.5, 1.5, 19.75, 9999.0, 9999.0, 9999.0, 121.5, 124.25, 120.5, 104.0, 135.25
2023-04-06, 01:44:34, 132.5, 52.25, 19.0, 26.0, 9999.0, 1.5, 1.5, 19.75, 9999.0, 9999.0, 9999.0, 121.5, 124.25, 120.25, 104.0, 135.25
2023-04-06, 01:44:38, 132.5, 52.0, 19.0, 26.0, 9999.0, 1.5, 1.5, 19.75, 9999.0, 9999.0, 9999.0, 121.25, 124.25, 120.25, 104.0, 135.25
2023-04-06, 01:44:42, 132.5, 52.0, 19.0, 26.25, 9999.0, 1.25, 1.5, 19.75, 9999.0, 9999.0, 9999.0, 121.0, 124.25, 120.25, 104.0, 135.25
2023-04-06, 01:44:46, 132.5, 52.0, 19.0, 26.0, 9999.0, 1.25, 1.5, 19.75, 9999.0, 9999.0, 9999.0, 121.25, 124.25, 120.25, 104.0, 135.25
2023-04-06, 01:44:50, 132.5, 52.0, 19.0, 26.0, 9999.0, 1.25, 1.5, 19.75, 9999.0, 9999.0, 9999.0, 121.0, 124.25, 120.25, 104.0, 135.25
2023-04-06, 01:44:54, 132.5, 52.0, 19.0, 26.25, 9999.0, 1.25, 1.5, 19.75, 9999.0, 9999.0, 9999.0, 121.0, 124.25, 120.25, 104.0, 135.25
2023-04-06, 01:44:58, 132.5, 52.0, 19.0, 26.25, 9999.0, 1.25, 1.5, 19.75, 9999.0, 9999.0, 9999.0, 121.0, 124.5, 120.25, 104.25, 135.25
2023-04-06, 01:45:02, 132.5, 52.0, 19.0, 26.25, 9999.0, 1.25, 1.5, 19.75, 9999.0, 9999.0, 9999.0, 121.0, 124.5, 120.5, 104.0, 135.25
2023-04-06, 01:45:06, 132.5, 52.0, 19.25, 26.25, 9999.0, 1.25, 1.5, 19.75, 9999.0, 9999.0, 9999.0, 121.0, 124.5, 120.25, 104.0, 135.25
2023-04-06, 01:45:10, 132.5, 52.0, 19.0, 26.0, 9999.0, 1.25, 1.5, 19.75, 9999.0, 9999.0, 9999.0, 121.0, 124.25, 120.25, 104.0, 135.25
2023-04-06, 01:45:15, 132.5, 52.0, 19.0, 26.0, 9999.0, 1.25, 1.5, 19.75, 9999.0, 9999.0, 9999.0, 120.75, 124.5, 120.25, 104.0, 135.25
2023-04-06, 01:45:19, 132.5, 52.0, 19.0, 26.0, 9999.0, 1.25, 1.5, 19.75, 9999.0, 9999.0, 9999.0, 120.75, 124.25, 120.25, 104.0, 135.25
2023-04-06, 01:45:23, 132.5, 52.0, 19.0, 26.0, 9999.0, 1.25, 1.5, 19.75, 9999.0, 9999.0, 9999.0, 120.75, 124.25, 120.25, 104.0, 135.25
2023-04-06, 01:45:27, 132.5, 52.0, 19.0, 26.25, 9999.0, 1.25, 1.5, 19.75, 9999.0, 9999.0, 9999.0, 120.75, 124.25, 120.25, 104.0, 135.25
2023-04-06, 01:45:31, 132.5, 52.0, 19.0, 26.0, 9999.0, 1.0, 1.5, 19.75, 9999.0, 9999.0, 9999.0, 120.75, 124.25, 120.5, 104.0, 135.25
2023-04-06, 01:45:35, 132.5, 52.0, 19.0, 26.0, 9999.0, 1.25, 1.5, 19.75, 9999.0, 9999.0, 9999.0, 120.75, 124.5, 120.5, 104.0, 135.25
2023-04-06, 01:45:39, 132.5, 52.0, 19.0, 26.0, 9999.0, 1.25, 1.5, 19.75, 9999.0, 9999.0, 9999.0, 120.5, 124.5, 120.5, 104.0, 135.25
2023-04-06, 01:45:43, 132.5, 52.0, 19.0, 26.25, 9999.0, 1.5, 1.5, 19.75, 9999.0, 9999.0, 9999.0, 120.5, 124.25, 120.25, 104.0, 135.25
2023-04-06, 01:45:47, 132.5, 52.0, 19.0, 26.0, 9999.0, 1.5, 1.5, 19.75, 9999.0, 9999.0, 9999.0, 120.5, 124.25, 120.25, 104.0, 135.25
2023-04-06, 01:45:51, 132.5, 52.0, 19.0, 26.0, 9999.0, 1.5, 1.5, 19.5, 9999.0, 9999.0, 9999.0, 121.25, 124.25, 120.25, 104.0, 135.25
2023-04-06, 01:45:55, 132.5, 52.0, 19.0, 26.0, 9999.0, 1.5, 1.5, 19.5, 9999.0, 9999.0, 9999.0, 121.25, 124.25, 120.25, 104.0, 135.25
2023-04-06, 01:45:59, 132.5, 52.0, 19.25, 26.0, 9999.0, 1.25, 1.5, 19.5, 9999.0, 9999.0, 9999.0, 121.0, 124.25, 120.25, 104.0, 135.25
2023-04-06, 01:46:03, 132.5, 52.0, 19.0, 26.0, 9999.0, 1.5, 1.5, 19.75, 9999.0, 9999.0, 9999.0, 121.0, 124.25, 120.25, 104.0, 135.25
2023-04-06, 01:46:07, 132.5, 52.0, 19.0, 26.0, 9999.0, 1.25, 1.5, 19.5, 9999.0, 9999.0, 9999.0, 121.0, 124.0, 120.25, 104.0, 135.25
2023-04-06, 01:46:11, 132.5, 52.0, 19.0, 26.0, 9999.0, 1.25, 1.5, 19.75, 9999.0, 9999.0, 9999.0, 121.0, 124.25, 120.25, 104.0, 135.25
2023-04-06, 01:46:15, 132.5, 52.0, 19.0, 26.25, 9999.0, 1.25, 1.5, 19.5, 9999.0, 9999.0, 9999.0, 121.0, 124.25, 120.25, 104.0, 135.25
2023-04-06, 01:46:19, 132.5, 52.0, 19.0, 26.25, 9999.0, 1.25, 1.5, 19.5, 9999.0, 9999.0, 9999.0, 121.0, 124.25, 120.25, 104.0, 135.25
2023-04-06, 01:46:23, 132.5, 52.0, 19.0, 26.25, 9999.0, 1.25, 1.5, 19.75, 9999.0, 9999.0, 9999.0, 121.0, 124.5, 120.25, 104.0, 135.25
2023-04-06, 01:46:27, 132.5, 52.0, 19.0, 26.25, 9999.0, 1.25, 1.5, 19.75, 9999.0, 9999.0, 9999.0, 121.0, 124.5, 120.25, 104.0, 135.25
2023-04-06, 01:46:31, 132.5, 52.0, 18.75, 26.25, 9999.0, 1.25, 1.5, 19.75, 9999.0, 9999.0, 9999.0, 120.75, 124.5, 120.25, 104.0, 135.25
2023-04-06, 01:46:35, 132.5, 52.0, 19.0, 26.25, 9999.0, 1.25, 1.5, 19.5, 9999.0, 9999.0, 9999.0, 120.75, 124.25, 120.25, 104.0, 135.25
2023-04-06, 01:46:39, 132.5, 52.0, 19.0, 26.25, 9999.0, 1.0, 1.5, 19.75, 9999.0, 9999.0, 9999.0, 120.75, 124.25, 120.25, 104.0, 135.25
2023-04-06, 01:46:43, 132.5, 52.0, 19.0, 26.0, 9999.0, 1.0, 1.5, 19.5, 9999.0, 9999.0, 9999.0, 120.75, 124.25, 120.25, 104.0, 135.25
2023-04-06, 01:46:47, 132.5, 52.0, 19.0, 26.0, 9999.0, 1.0, 1.25, 19.5, 9999.0, 9999.0, 9999.0, 120.75, 124.25, 120.25, 104.0, 135.25
2023-04-06, 01:46:51, 132.5, 52.0, 19.0, 26.0, 9999.0, 1.0, 1.25, 19.5, 9999.0, 9999.0, 9999.0, 120.75, 124.25, 120.5, 104.0, 135.25
2023-04-06, 01:46:55, 132.5, 52.0, 19.0, 26.25, 9999.0, 1.25, 1.5, 19.5, 9999.0, 9999.0, 9999.0, 120.75, 124.25, 120.25, 104.0, 135.25
2023-04-06, 01:46:59, 132.25, 52.0, 19.0, 26.0, 9999.0, 1.25, 1.5, 19.5, 9999.0, 9999.0, 9999.0, 120.5, 124.25, 120.25, 104.0, 135.25
2023-04-06, 01:47:03, 132.25, 52.0, 19.0, 26.25, 9999.0, 1.25, 1.5, 19.75, 9999.0, 9999.0, 9999.0, 120.5, 124.25, 120.25, 104.0, 135.25
2023-04-06, 01:47:07, 132.5, 52.0, 19.0, 26.25, 9999.0, 1.25, 1.5, 19.75, 9999.0, 9999.0, 9999.0, 120.5, 124.25, 120.25, 104.0, 135.25
2023-04-06, 01:47:11, 132.5, 51.75, 19.0, 26.0, 9999.0, 1.5, 1.5, 19.5, 9999.0, 9999.0, 9999.0, 121.25, 124.25, 120.25, 104.0, 135.25
2023-04-06, 01:47:15, 132.5, 52.0, 19.0, 26.0, 9999.0, 1.25, 1.5, 19.5, 9999.0, 9999.0, 9999.0, 121.25, 124.25, 120.25, 104.0, 135.0
2023-04-06, 01:47:19, 132.5, 51.75, 19.0, 26.0, 9999.0, 1.25, 1.25, 19.5, 9999.0, 9999.0, 9999.0, 121.25, 124.25, 120.5, 104.0, 135.25
2023-04-06, 01:47:23, 132.25, 52.0, 19.0, 26.25, 9999.0, 1.25, 1.5, 19.75, 9999.0, 9999.0, 9999.0, 121.0, 124.25, 120.25, 104.0, 135.25
2023-04-06, 01:47:27, 132.25, 52.0, 19.0, 26.0, 9999.0, 1.25, 1.5, 19.75, 9999.0, 9999.0, 9999.0, 121.0, 124.25, 120.25, 104.0, 135.0
2023-04-06, 01:47:31, 132.25, 52.0, 18.75, 26.0, 9999.0, 1.25, 1.5, 19.75, 9999.0, 9999.0, 9999.0, 121.0, 124.25, 120.25, 104.0, 135.25
2023-04-06, 01:47:35, 132.5, 52.0, 19.0, 26.25, 9999.0, 1.25, 1.5, 19.5, 9999.0, 9999.0, 9999.0, 121.0, 124.25, 120.25, 104.0, 135.25
2023-04-06, 01:47:39, 132.25, 52.0, 19.0, 26.0, 9999.0, 1.25, 1.25, 19.5, 9999.0, 9999.0, 9999.0, 121.0, 124.25, 120.25, 104.0, 135.25
2023-04-06, 01:47:43, 132.5, 52.0, 19.0, 26.0, 9999.0, 1.25, 1.5, 19.5, 9999.0, 9999.0, 9999.0, 121.0, 124.25, 120.25, 104.0, 135.25
2023-04-06, 01:47:47, 132.25, 52.0, 19.0, 26.0, 9999.0, 1.25, 1.25, 19.5, 9999.0, 9999.0, 9999.0, 121.0, 124.25, 120.25, 104.0, 135.25
2023-04-06, 01:47:51, 132.5, 51.75, 19.0, 26.0, 9999.0, 1.25, 1.5, 19.5, 9999.0, 9999.0, 9999.0, 120.75, 124.25, 120.25, 104.0, 135.25
2023-04-06, 01:47:55, 132.5, 51.75, 19.0, 26.0, 9999.0, 1.0, 1.5, 19.5, 9999.0, 9999.0, 9999.0, 120.75, 124.25, 120.25, 104.0, 135.25
2023-04-06, 01:47:59, 132.25, 52.0, 19.0, 26.0, 9999.0, 1.0, 1.5, 19.5, 9999.0, 9999.0, 9999.0, 120.75, 124.25, 120.25, 104.0, 135.25
2023-04-06, 01:48:03, 132.25, 52.0, 19.0, 26.25, 9999.0, 1.0, 1.5, 19.5, 9999.0, 9999.0, 9999.0, 120.75, 124.25, 120.25, 104.0, 135.25
2023-04-06, 01:48:07, 132.25, 52.0, 19.0, 26.0, 9999.0, 1.0, 1.5, 19.5, 9999.0, 9999.0, 9999.0, 120.75, 124.25, 120.25, 104.0, 135.25
2023-04-06, 01:48:11, 132.25, 52.0, 19.0, 26.0, 9999.0, 1.0, 1.25, 19.5, 9999.0, 9999.0, 9999.0, 120.5, 124.25, 120.25, 104.0, 135.25
2023-04-06, 01:48:15, 132.25, 52.0, 19.0, 26.0, 9999.0, 1.25, 1.25, 19.5, 9999.0, 9999.0, 9999.0, 120.75, 124.25, 120.5, 104.0, 135.0
2023-04-06, 01:48:19, 132.25, 52.0, 19.0, 26.0, 9999.0, 1.25, 1.5, 19.5, 9999.0, 9999.0, 9999.0, 120.5, 124.25, 120.25, 104.0, 135.25
2023-04-06, 01:48:23, 132.25, 52.0, 19.0, 26.25, 9999.0, 1.25, 1.5, 19.5, 9999.0, 9999.0, 9999.0, 120.5, 124.25, 120.25, 104.0, 135.25
2023-04-06, 01:48:27, 132.25, 52.0, 19.0, 26.25, 9999.0, 1.25, 1.5, 19.5, 9999.0, 9999.0, 9999.0, 120.5, 124.25, 120.25, 104.0, 135.25
2023-04-06, 01:48:31, 132.25, 52.0, 19.0, 26.25, 9999.0, 1.5, 1.5, 19.5, 9999.0, 9999.0, 9999.0, 121.25, 124.25, 120.25, 104.0, 135.0
2023-04-06, 01:48:35, 132.25, 52.0, 19.0, 26.25, 9999.0, 1.25, 1.5, 19.5, 9999.0, 9999.0, 9999.0, 121.25, 124.25, 120.25, 104.0, 135.25
2023-04-06, 01:48:39, 132.25, 52.0, 18.75, 26.25, 9999.0, 1.25, 1.5, 19.5, 9999.0, 9999.0, 9999.0, 121.25, 124.25, 120.25, 104.0, 135.25
2023-04-06, 01:48:43, 132.25, 51.75, 19.0, 26.25, 9999.0, 1.25, 1.5, 19.5, 9999.0, 9999.0, 9999.0, 121.0, 124.25, 120.25, 104.0, 135.25
2023-04-06, 01:48:47, 132.25, 51.75, 19.0, 26.25, 9999.0, 1.25, 1.5, 19.5, 9999.0, 9999.0, 9999.0, 121.0, 124.25, 120.25, 104.0, 135.25
2023-04-06, 01:48:51, 132.25, 52.0, 19.0, 26.25, 9999.0, 1.25, 1.5, 19.5, 9999.0, 9999.0, 9999.0, 121.0, 124.25, 120.25, 104.0, 135.25
2023-04-06, 01:48:55, 132.25, 51.75, 19.0, 26.25, 9999.0, 1.25, 1.25, 19.5, 9999.0, 9999.0, 9999.0, 121.0, 124.25, 120.25, 104.0, 135.25
2023-04-06, 01:48:59, 132.25, 51.75, 19.0, 26.25, 9999.0, 1.25, 1.5, 19.5, 9999.0, 9999.0, 9999.0, 120.75, 124.25, 120.25, 104.0, 135.25
2023-04-06, 01:49:03, 132.25, 51.75, 19.0, 26.25, 9999.0, 1.25, 1.5, 19.5, 9999.0, 9999.0, 9999.0, 121.0, 124.25, 120.25, 104.0, 135.25
2023-04-06, 01:49:07, 132.25, 52.0, 19.0, 26.25, 9999.0, 1.0, 1.25, 19.5, 9999.0, 9999.0, 9999.0, 121.0, 124.5, 120.25, 104.0, 135.25
2023-04-06, 01:49:11, 132.25, 51.75, 18.75, 26.25, 9999.0, 1.0, 1.25, 19.5, 9999.0, 9999.0, 9999.0, 121.0, 124.25, 120.25, 104.0, 135.25
2023-04-06, 01:49:15, 132.25, 51.75, 19.0, 26.0, 9999.0, 1.0, 1.5, 19.5, 9999.0, 9999.0, 9999.0, 120.75, 124.25, 120.5, 104.0, 135.25
2023-04-06, 01:49:19, 132.25, 51.75, 18.75, 26.25, 9999.0, 1.0, 1.5, 19.5, 9999.0, 9999.0, 9999.0, 120.75, 124.25, 120.5, 104.0, 135.25
2023-04-06, 01:49:23, 132.25, 52.0, 19.0, 26.0, 9999.0, 1.0, 1.25, 19.5, 9999.0, 9999.0, 9999.0, 120.75, 124.25, 120.5, 104.0, 135.25
2023-04-06, 01:49:27, 132.25, 52.0, 19.0, 26.0, 9999.0, 1.0, 1.25, 19.5, 9999.0, 9999.0, 9999.0, 120.75, 124.25, 120.5, 104.0, 135.25
2023-04-06, 01:49:31, 132.25, 51.75, 18.75, 26.0, 9999.0, 1.0, 1.5, 19.5, 9999.0, 9999.0, 9999.0, 120.5, 124.25, 120.25, 104.0, 135.25
2023-04-06, 01:49:35, 132.25, 52.0, 18.75, 26.0, 9999.0, 1.25, 1.25, 19.5, 9999.0, 9999.0, 9999.0, 120.5, 124.25, 120.5, 104.0, 135.0
2023-04-06, 01:49:39, 132.25, 52.0, 19.0, 26.0, 9999.0, 1.25, 1.25, 19.5, 9999.0, 9999.0, 9999.0, 120.5, 124.25, 120.25, 104.0, 135.25
2023-04-06, 01:49:44, 132.25, 52.0, 19.0, 26.25, 9999.0, 1.25, 1.25, 19.5, 9999.0, 9999.0, 9999.0, 120.5, 124.25, 120.25, 104.0, 135.25
2023-04-06, 01:49:48, 132.25, 51.75, 19.0, 26.25, 9999.0, 1.5, 1.5, 19.5, 9999.0, 9999.0, 9999.0, 120.5, 124.25, 120.25, 104.0, 135.25
2023-04-06, 01:49:52, 132.25, 51.75, 18.75, 26.25, 9999.0, 1.25, 1.5, 19.5, 9999.0, 9999.0, 9999.0, 121.25, 124.25, 120.5, 104.0, 135.25
2023-04-06, 01:49:56, 132.25, 51.75, 19.0, 26.0, 9999.0, 1.25, 1.25, 19.5, 9999.0, 9999.0, 9999.0, 121.25, 124.25, 120.25, 104.0, 135.25
2023-04-06, 01:50:00, 132.25, 51.75, 19.0, 26.25, 9999.0, 1.25, 1.5, 19.5, 9999.0, 9999.0, 9999.0, 121.25, 124.25, 120.5, 104.0, 135.25
2023-04-06, 01:50:04, 132.25, 51.75, 19.0, 26.0, 9999.0, 1.25, 1.5, 19.5, 9999.0, 9999.0, 9999.0, 121.0, 124.25, 120.25, 104.0, 135.25
2023-04-06, 01:50:08, 132.25, 51.75, 19.0, 26.25, 9999.0, 1.25, 1.5, 19.5, 9999.0, 9999.0, 9999.0, 121.0, 124.25, 120.25, 104.0, 135.25
2023-04-06, 01:50:12, 132.25, 51.75, 19.0, 26.25, 9999.0, 1.25, 1.25, 19.5, 9999.0, 9999.0, 9999.0, 121.0, 124.25, 120.5, 104.0, 135.25
2023-04-06, 01:50:16, 132.25, 51.75, 19.0, 26.25, 9999.0, 1.25, 1.5, 19.5, 9999.0, 9999.0, 9999.0, 121.0, 124.25, 120.5, 104.0, 135.25
2023-04-06, 01:50:20, 132.25, 51.75, 18.75, 26.0, 9999.0, 1.25, 1.25, 19.5, 9999.0, 9999.0, 9999.0, 120.75, 124.0, 120.25, 104.0, 135.25
2023-04-06, 01:50:24, 132.25, 51.75, 19.0, 26.25, 9999.0, 1.0, 1.25, 19.5, 9999.0, 9999.0, 9999.0, 121.0, 124.25, 120.5, 104.0, 135.0
2023-04-06, 01:50:28, 132.25, 52.0, 19.0, 26.25, 9999.0, 1.25, 1.25, 19.5, 9999.0, 9999.0, 9999.0, 120.75, 124.5, 120.25, 104.0, 135.25
2023-04-06, 01:50:32, 132.25, 51.75, 19.0, 26.25, 9999.0, 1.0, 1.25, 19.5, 9999.0, 9999.0, 9999.0, 121.0, 124.5, 120.5, 104.0, 135.0
2023-04-06, 01:50:36, 132.25, 51.75, 19.0, 26.25, 9999.0, 1.0, 1.5, 19.5, 9999.0, 9999.0, 9999.0, 120.75, 124.5, 120.25, 104.0, 135.25
2023-04-06, 01:50:40, 132.25, 51.75, 19.0, 26.25, 9999.0, 1.0, 1.5, 19.5, 9999.0, 9999.0, 9999.0, 120.75, 124.25, 120.25, 104.0, 135.25
2023-04-06, 01:50:44, 132.25, 51.75, 19.0, 26.25, 9999.0, 1.0, 1.25, 19.5, 9999.0, 9999.0, 9999.0, 120.75, 124.25, 120.25, 104.0, 135.25
2023-04-06, 01:50:48, 132.25, 51.75, 19.0, 26.25, 9999.0, 1.0, 1.25, 19.5, 9999.0, 9999.0, 9999.0, 120.75, 124.5, 120.25, 104.0, 135.25
2023-04-06, 01:50:52, 132.25, 51.75, 19.0, 26.25, 9999.0, 1.0, 1.25, 19.5, 9999.0, 9999.0, 9999.0, 120.5, 124.25, 120.5, 104.0, 135.25
2023-04-06, 01:50:56, 132.25, 51.75, 19.0, 26.25, 9999.0, 1.25, 1.25, 19.5, 9999.0, 9999.0, 9999.0, 120.5, 124.25, 120.5, 104.0, 135.25
2023-04-06, 01:51:00, 132.25, 51.75, 19.0, 26.25, 9999.0, 1.0, 1.25, 19.5, 9999.0, 9999.0, 9999.0, 120.5, 124.25, 120.5, 104.0, 135.25
2023-04-06, 01:51:04, 132.25, 51.75, 19.0, 26.25, 9999.0, 1.25, 1.25, 19.5, 9999.0, 9999.0, 9999.0, 120.5, 124.5, 120.5, 104.0, 135.25
2023-04-06, 01:51:08, 132.25, 51.75, 19.0, 26.0, 9999.0, 1.25, 1.25, 19.5, 9999.0, 9999.0, 9999.0, 120.5, 124.5, 120.5, 104.0, 135.25
2023-04-06, 01:51:12, 132.25, 51.75, 19.0, 26.0, 9999.0, 1.25, 1.25, 19.5, 9999.0, 9999.0, 9999.0, 121.25, 124.25, 120.5, 104.0, 135.25
2023-04-06, 01:51:16, 132.25, 51.75, 19.0, 26.25, 9999.0, 1.25, 1.25, 19.5, 9999.0, 9999.0, 9999.0, 121.25, 124.25, 120.5, 104.0, 135.25
2023-04-06, 01:51:20, 132.25, 51.75, 18.75, 26.25, 9999.0, 1.25, 1.25, 19.25, 9999.0, 9999.0, 9999.0, 121.25, 124.25, 120.5, 104.0, 135.25
2023-04-06, 01:51:24, 132.25, 51.75, 19.0, 26.25, 9999.0, 1.25, 1.25, 19.5, 9999.0, 9999.0, 9999.0, 121.0, 124.25, 120.5, 104.0, 135.0
2023-04-06, 01:51:28, 132.25, 51.75, 19.0, 26.25, 9999.0, 1.25, 1.5, 19.5, 9999.0, 9999.0, 9999.0, 121.0, 124.25, 120.5, 104.0, 135.0
2023-04-06, 01:51:32, 132.25, 51.75, 19.0, 26.25, 9999.0, 1.25, 1.5, 19.5, 9999.0, 9999.0, 9999.0, 121.0, 124.25, 120.25, 104.0, 135.25
2023-04-06, 01:51:36, 132.25, 51.75, 19.0, 26.25, 9999.0, 1.25, 1.25, 19.5, 9999.0, 9999.0, 9999.0, 121.0, 124.25, 120.5, 104.0, 135.25
2023-04-06, 01:51:40, 132.25, 51.75, 19.0, 26.25, 9999.0, 1.25, 1.25, 19.5, 9999.0, 9999.0, 9999.0, 120.75, 124.25, 120.5, 104.0, 135.0
2023-04-06, 01:51:44, 132.25, 51.75, 19.0, 26.25, 9999.0, 1.25, 1.25, 19.5, 9999.0, 9999.0, 9999.0, 121.0, 124.5, 120.25, 104.0, 135.25
2023-04-06, 01:51:48, 132.25, 52.0, 19.0, 26.0, 9999.0, 1.0, 1.25, 19.5, 9999.0, 9999.0, 9999.0, 121.0, 124.5, 120.25, 104.0, 135.25
2023-04-06, 01:51:52, 132.25, 51.75, 18.75, 26.0, 9999.0, 1.0, 1.25, 19.5, 9999.0, 9999.0, 9999.0, 120.75, 124.5, 120.5, 104.0, 135.25
2023-04-06, 01:51:56, 132.25, 52.0, 19.0, 26.0, 9999.0, 1.0, 1.25, 19.5, 9999.0, 9999.0, 9999.0, 120.75, 124.5, 120.5, 104.0, 135.25
2023-04-06, 01:52:00, 132.25, 51.75, 18.75, 26.25, 9999.0, 1.0, 1.25, 19.5, 9999.0, 9999.0, 9999.0, 120.75, 124.5, 120.5, 104.0, 135.0
2023-04-06, 01:52:04, 132.25, 51.75, 18.75, 26.0, 9999.0, 1.0, 1.25, 19.5, 9999.0, 9999.0, 9999.0, 120.75, 124.25, 120.5, 104.0, 135.0
2023-04-06, 01:52:08, 132.25, 51.75, 19.0, 26.0, 9999.0, 1.0, 1.25, 19.5, 9999.0, 9999.0, 9999.0, 120.75, 124.25, 120.25, 104.0, 135.25
2023-04-06, 01:52:12, 132.25, 51.75, 19.0, 26.0, 9999.0, 1.0, 1.5, 19.5, 9999.0, 9999.0, 9999.0, 120.5, 124.5, 120.5, 104.0, 135.25
2023-04-06, 01:52:16, 132.25, 51.75, 19.0, 26.0, 9999.0, 1.25, 1.25, 19.5, 9999.0, 9999.0, 9999.0, 120.5, 124.5, 120.5, 104.0, 135.25
2023-04-06, 01:52:20, 132.25, 51.75, 19.0, 26.0, 9999.0, 1.25, 1.25, 19.5, 9999.0, 9999.0, 9999.0, 120.5, 124.5, 120.5, 104.0, 135.25
2023-04-06, 01:52:24, 132.25, 51.75, 19.0, 26.0, 9999.0, 1.25, 1.25, 19.5, 9999.0, 9999.0, 9999.0, 120.5, 124.5, 120.5, 104.0, 135.25
2023-04-06, 01:52:28, 132.25, 51.75, 19.0, 26.0, 9999.0, 1.25, 1.5, 19.5, 9999.0, 9999.0, 9999.0, 120.5, 124.25, 120.5, 104.0, 135.0
2023-04-06, 01:52:32, 132.25, 51.75, 19.0, 26.0, 9999.0, 1.25, 1.25, 19.5, 9999.0, 9999.0, 9999.0, 120.5, 124.5, 120.5, 104.0, 135.25
2023-04-06, 01:52:36, 132.25, 51.75, 19.0, 26.0, 9999.0, 1.25, 1.25, 19.5, 9999.0, 9999.0, 9999.0, 121.25, 124.25, 120.5, 104.0, 135.25
2023-04-06, 01:52:40, 132.25, 51.75, 19.0, 26.25, 9999.0, 1.25, 1.25, 19.5, 9999.0, 9999.0, 9999.0, 121.25, 124.25, 120.5, 104.0, 135.25
2023-04-06, 01:52:44, 132.25, 51.75, 19.0, 26.25, 9999.0, 1.25, 1.25, 19.5, 9999.0, 9999.0, 9999.0, 121.25, 124.25, 120.5, 104.0, 135.25
2023-04-06, 01:52:48, 132.25, 51.75, 19.0, 26.0, 9999.0, 1.25, 1.25, 19.5, 9999.0, 9999.0, 9999.0, 121.0, 124.25, 120.5, 104.0, 135.0
2023-04-06, 01:52:52, 132.25, 51.75, 19.0, 26.0, 9999.0, 1.25, 1.5, 19.5, 9999.0, 9999.0, 9999.0, 121.0, 124.25, 120.5, 104.0, 135.0
2023-04-06, 01:52:56, 132.0, 51.75, 19.0, 26.0, 9999.0, 1.0, 1.25, 19.5, 9999.0, 9999.0, 9999.0, 120.75, 124.25, 120.5, 104.0, 135.25
2023-04-06, 01:53:00, 132.25, 51.75, 18.75, 26.25, 9999.0, 1.25, 1.25, 19.5, 9999.0, 9999.0, 9999.0, 121.0, 124.25, 120.5, 104.0, 135.0
2023-04-06, 01:53:04, 132.25, 52.0, 19.0, 26.0, 9999.0, 1.0, 1.25, 19.5, 9999.0, 9999.0, 9999.0, 121.0, 124.5, 120.5, 104.0, 135.25
2023-04-06, 01:53:08, 132.25, 51.75, 19.0, 26.25, 9999.0, 1.0, 1.25, 19.5, 9999.0, 9999.0, 9999.0, 121.0, 124.5, 120.5, 104.0, 135.0
2023-04-06, 01:53:12, 132.25, 52.0, 18.75, 26.25, 9999.0, 1.0, 1.25, 19.5, 9999.0, 9999.0, 9999.0, 120.75, 124.5, 120.25, 104.0, 135.25
2023-04-06, 01:53:16, 132.25, 51.75, 19.0, 26.25, 9999.0, 1.0, 1.25, 19.5, 9999.0, 9999.0, 9999.0, 120.75, 124.5, 120.5, 104.0, 135.25
2023-04-06, 01:53:20, 132.25, 51.75, 19.0, 26.0, 9999.0, 1.0, 1.25, 19.5, 9999.0, 9999.0, 9999.0, 120.75, 124.5, 120.5, 104.0, 135.25
2023-04-06, 01:53:24, 132.25, 51.75, 19.0, 26.25, 9999.0, 1.0, 1.25, 19.5, 9999.0, 9999.0, 9999.0, 120.75, 124.25, 120.5, 104.0, 135.0
2023-04-06, 01:53:28, 132.25, 52.0, 19.0, 26.0, 9999.0, 1.0, 1.25, 19.5, 9999.0, 9999.0, 9999.0, 120.75, 124.5, 120.5, 104.0, 135.25
2023-04-06, 01:53:32, 132.25, 52.0, 19.0, 26.0, 9999.0, 1.0, 1.25, 19.5, 9999.0, 9999.0, 9999.0, 120.5, 124.25, 120.5, 104.0, 135.0
2023-04-06, 01:53:36, 132.25, 52.0, 18.75, 26.25, 9999.0, 1.0, 1.25, 19.5, 9999.0, 9999.0, 9999.0, 120.75, 124.25, 120.5, 104.0, 135.0
2023-04-06, 01:53:40, 132.25, 51.75, 18.75, 26.25, 9999.0, 1.25, 1.25, 19.5, 9999.0, 9999.0, 9999.0, 120.75, 124.25, 120.5, 104.0, 135.0
2023-04-06, 01:53:44, 132.25, 51.75, 19.0, 26.25, 9999.0, 1.25, 1.25, 19.5, 9999.0, 9999.0, 9999.0, 120.5, 124.25, 120.5, 104.0, 135.0
2023-04-06, 01:53:48, 132.25, 51.75, 19.0, 26.0, 9999.0, 1.25, 1.25, 19.5, 9999.0, 9999.0, 9999.0, 120.5, 124.5, 120.5, 104.0, 135.25
2023-04-06, 01:53:52, 132.25, 51.75, 19.0, 26.0, 9999.0, 1.25, 1.25, 19.5, 9999.0, 9999.0, 9999.0, 120.5, 124.25, 120.5, 104.0, 135.25
2023-04-06, 01:53:56, 132.25, 51.75, 19.0, 26.0, 9999.0, 1.25, 1.25, 19.5, 9999.0, 9999.0, 9999.0, 121.25, 124.25, 120.5, 104.0, 135.0
2023-04-06, 01:54:00, 132.25, 51.75, 19.0, 26.0, 9999.0, 1.25, 1.25, 19.5, 9999.0, 9999.0, 9999.0, 121.25, 124.25, 120.5, 104.0, 135.0
2023-04-06, 01:54:04, 132.25, 51.75, 19.0, 26.0, 9999.0, 1.25, 1.25, 19.5, 9999.0, 9999.0, 9999.0, 121.25, 124.25, 120.5, 104.0, 135.25
2023-04-06, 01:54:09, 132.25, 51.75, 19.0, 26.0, 9999.0, 1.25, 1.25, 19.5, 9999.0, 9999.0, 9999.0, 121.0, 124.25, 120.5, 104.0, 135.0
2023-04-06, 01:54:13, 132.25, 51.75, 19.0, 26.25, 9999.0, 1.25, 1.25, 19.5, 9999.0, 9999.0, 9999.0, 121.0, 124.25, 120.5, 104.0, 135.25
2023-04-06, 01:54:17, 132.25, 51.75, 19.0, 26.25, 9999.0, 1.0, 1.25, 19.5, 9999.0, 9999.0, 9999.0, 121.0, 124.25, 120.5, 104.0, 135.0
2023-04-06, 01:54:21, 132.25, 51.75, 19.0, 26.25, 9999.0, 1.0, 1.25, 19.5, 9999.0, 9999.0, 9999.0, 121.0, 124.25, 120.5, 104.0, 135.0
2023-04-06, 01:54:25, 132.25, 51.75, 19.0, 26.25, 9999.0, 1.0, 1.25, 19.5, 9999.0, 9999.0, 9999.0, 121.0, 124.5, 120.5, 104.0, 135.25
2023-04-06, 01:54:29, 132.25, 51.75, 19.0, 26.25, 9999.0, 1.0, 1.25, 19.5, 9999.0, 9999.0, 9999.0, 121.0, 124.5, 120.5, 104.0, 135.0
2023-04-06, 01:54:33, 132.25, 52.0, 19.0, 26.25, 9999.0, 1.0, 1.25, 19.5, 9999.0, 9999.0, 9999.0, 121.0, 124.5, 120.5, 104.0, 135.25
2023-04-06, 01:54:37, 132.25, 51.75, 19.25, 26.25, 9999.0, 1.0, 1.25, 19.5, 9999.0, 9999.0, 9999.0, 120.75, 124.5, 120.5, 104.25, 135.25
2023-04-06, 01:54:41, 132.25, 51.75, 19.0, 26.25, 9999.0, 1.0, 1.25, 19.5, 9999.0, 9999.0, 9999.0, 120.75, 124.5, 120.5, 104.0, 135.25
2023-04-06, 01:54:45, 132.25, 52.0, 19.0, 26.0, 9999.0, 1.0, 1.25, 19.5, 9999.0, 9999.0, 9999.0, 120.75, 124.25, 120.5, 104.0, 135.25
2023-04-06, 01:54:49, 132.25, 51.75, 19.0, 26.25, 9999.0, 1.0, 1.25, 19.5, 9999.0, 9999.0, 9999.0, 120.75, 124.5, 120.5, 104.0, 135.25
2023-04-06, 01:54:53, 132.25, 52.0, 18.75, 26.25, 9999.0, 1.0, 1.25, 19.5, 9999.0, 9999.0, 9999.0, 120.75, 124.5, 120.5, 104.0, 135.25
2023-04-06, 01:54:57, 132.25, 51.75, 18.75, 26.0, 9999.0, 1.0, 1.25, 19.5, 9999.0, 9999.0, 9999.0, 120.75, 124.5, 120.5, 104.0, 135.25
2023-04-06, 01:55:01, 132.25, 51.75, 19.0, 25.75, 9999.0, 1.25, 1.25, 19.5, 9999.0, 9999.0, 9999.0, 120.5, 124.5, 120.5, 104.0, 135.25
2023-04-06, 01:55:05, 132.25, 52.0, 18.75, 26.0, 9999.0, 1.0, 1.25, 19.5, 9999.0, 9999.0, 9999.0, 120.5, 124.5, 120.5, 104.0, 135.25
2023-04-06, 01:55:09, 132.25, 51.75, 19.0, 26.25, 9999.0, 1.25, 1.25, 19.5, 9999.0, 9999.0, 9999.0, 120.5, 124.5, 120.5, 104.0, 135.25
2023-04-06, 01:55:13, 132.25, 52.0, 19.0, 26.25, 9999.0, 1.5, 1.25, 19.5, 9999.0, 9999.0, 9999.0, 120.5, 124.5, 120.5, 104.0, 135.0
2023-04-06, 01:55:17, 132.25, 51.75, 19.0, 26.25, 9999.0, 1.25, 1.25, 19.5, 9999.0, 9999.0, 9999.0, 121.25, 124.25, 120.5, 104.0, 135.25
2023-04-06, 01:55:21, 132.25, 51.75, 19.0, 26.0, 9999.0, 1.25, 1.25, 19.5, 9999.0, 9999.0, 9999.0, 121.25, 124.5, 120.5, 104.0, 135.25
2023-04-06, 01:55:25, 132.25, 51.75, 19.0, 26.0, 9999.0, 1.25, 1.25, 19.5, 9999.0, 9999.0, 9999.0, 121.25, 124.25, 120.5, 104.25, 135.25
2023-04-06, 01:55:29, 132.25, 51.75, 19.0, 26.0, 9999.0, 1.25, 1.25, 19.5, 9999.0, 9999.0, 9999.0, 121.25, 124.25, 120.5, 104.25, 135.0
2023-04-06, 01:55:33, 132.25, 51.75, 19.0, 26.0, 9999.0, 1.25, 1.5, 19.5, 9999.0, 9999.0, 9999.0, 121.0, 124.25, 120.5, 104.0, 135.25
2023-04-06, 01:55:37, 132.25, 51.75, 19.0, 26.25, 9999.0, 1.25, 1.5, 19.5, 9999.0, 9999.0, 9999.0, 121.0, 124.25, 120.5, 104.0, 135.0
2023-04-06, 01:55:41, 132.25, 51.75, 19.25, 26.0, 9999.0, 1.25, 1.5, 19.5, 9999.0, 9999.0, 9999.0, 121.0, 124.25, 120.5, 104.0, 135.25
2023-04-06, 01:55:45, 132.25, 51.75, 19.0, 26.25, 9999.0, 1.0, 1.5, 19.5, 9999.0, 9999.0, 9999.0, 121.0, 124.25, 120.5, 104.0, 135.25
2023-04-06, 01:55:49, 132.25, 51.75, 19.25, 26.0, 9999.0, 1.25, 1.25, 19.5, 9999.0, 9999.0, 9999.0, 121.0, 124.5, 120.5, 104.0, 135.25
2023-04-06, 01:55:53, 132.25, 52.0, 19.0, 26.0, 9999.0, 1.25, 1.25, 19.5, 9999.0, 9999.0, 9999.0, 121.0, 124.5, 120.5, 104.0, 135.25
2023-04-06, 01:55:57, 132.25, 52.0, 19.0, 26.0, 9999.0, 1.0, 1.25, 19.5, 9999.0, 9999.0, 9999.0, 121.0, 124.5, 120.5, 104.0, 135.25
2023-04-06, 01:56:01, 132.25, 52.0, 19.0, 26.0, 9999.0, 1.0, 1.25, 19.5, 9999.0, 9999.0, 9999.0, 120.75, 124.5, 120.5, 104.0, 135.25
2023-04-06, 01:56:05, 132.25, 52.0, 19.0, 26.0, 9999.0, 1.0, 1.25, 19.5, 9999.0, 9999.0, 9999.0, 120.75, 124.5, 120.5, 104.25, 135.25
2023-04-06, 01:56:09, 132.25, 52.0, 19.25, 26.0, 9999.0, 1.0, 1.25, 19.5, 9999.0, 9999.0, 9999.0, 120.75, 124.5, 120.5, 104.25, 135.25
2023-04-06, 01:56:13, 132.5, 52.0, 19.0, 26.0, 9999.0, 1.0, 1.25, 19.5, 9999.0, 9999.0, 9999.0, 120.75, 124.5, 120.5, 104.25, 135.25
2023-04-06, 01:56:17, 132.25, 52.0, 19.0, 26.0, 9999.0, 1.0, 1.25, 19.5, 9999.0, 9999.0, 9999.0, 120.75, 124.5, 120.5, 104.0, 135.25
2023-04-06, 01:56:21, 132.25, 52.0, 19.0, 26.0, 9999.0, 1.25, 1.25, 19.5, 9999.0, 9999.0, 9999.0, 120.75, 124.5, 120.5, 104.25, 135.25
2023-04-06, 01:56:25, 132.25, 52.0, 19.25, 26.0, 9999.0, 1.25, 1.25, 19.5, 9999.0, 9999.0, 9999.0, 120.75, 124.25, 120.5, 104.0, 135.25
2023-04-06, 01:56:29, 132.25, 52.0, 19.0, 26.0, 9999.0, 1.25, 1.5, 19.5, 9999.0, 9999.0, 9999.0, 120.5, 124.25, 120.5, 104.25, 135.25
2023-04-06, 01:56:33, 132.25, 52.0, 19.0, 26.0, 9999.0, 1.5, 1.25, 19.5, 9999.0, 9999.0, 9999.0, 120.5, 124.25, 120.5, 104.0, 135.25
2023-04-06, 01:56:37, 132.5, 52.0, 19.25, 26.25, 9999.0, 1.5, 1.5, 19.5, 9999.0, 9999.0, 9999.0, 120.5, 124.25, 120.5, 104.0, 135.0
2023-04-06, 01:56:41, 132.5, 52.0, 19.0, 26.25, 9999.0, 1.25, 1.5, 19.5, 9999.0, 9999.0, 9999.0, 121.25, 124.5, 120.5, 104.25, 135.25
2023-04-06, 01:56:45, 132.25, 52.0, 19.25, 26.0, 9999.0, 1.25, 1.5, 19.5, 9999.0, 9999.0, 9999.0, 121.25, 124.25, 120.5, 104.25, 135.25
2023-04-06, 01:56:49, 132.25, 52.0, 19.25, 26.25, 9999.0, 1.25, 1.25, 19.5, 9999.0, 9999.0, 9999.0, 121.25, 124.25, 120.5, 104.25, 135.25
2023-04-06, 01:56:53, 132.25, 52.0, 19.0, 26.25, 9999.0, 1.25, 1.5, 19.5, 9999.0, 9999.0, 9999.0, 121.0, 124.25, 120.5, 104.25, 135.25
2023-04-06, 01:56:57, 132.5, 52.0, 19.25, 26.25, 9999.0, 1.25, 1.5, 19.5, 9999.0, 9999.0, 9999.0, 121.0, 124.25, 120.5, 104.25, 135.25
2023-04-06, 01:57:01, 132.25, 52.0, 19.25, 26.0, 9999.0, 1.25, 1.5, 19.75, 9999.0, 9999.0, 9999.0, 121.0, 124.25, 120.5, 104.25, 135.25
2023-04-06, 01:57:05, 132.5, 52.0, 19.0, 26.25, 9999.0, 1.25, 1.25, 19.5, 9999.0, 9999.0, 9999.0, 121.0, 124.25, 120.5, 104.25, 135.25
2023-04-06, 01:57:09, 132.25, 52.0, 19.25, 26.25, 9999.0, 1.25, 1.5, 19.5, 9999.0, 9999.0, 9999.0, 121.0, 124.5, 120.5, 104.25, 135.25
2023-04-06, 01:57:13, 132.5, 52.0, 19.25, 26.25, 9999.0, 1.25, 1.5, 19.5, 9999.0, 9999.0, 9999.0, 121.0, 124.5, 120.5, 104.25, 135.25
2023-04-06, 01:57:17, 132.5, 52.0, 19.25, 26.0, 9999.0, 1.25, 1.5, 19.5, 9999.0, 9999.0, 9999.0, 121.0, 124.5, 120.5, 104.25, 135.25
2023-04-06, 01:57:21, 132.25, 52.0, 19.0, 25.75, 9999.0, 1.0, 1.5, 19.75, 9999.0, 9999.0, 9999.0, 121.0, 124.5, 120.5, 104.25, 135.25
2023-04-06, 01:57:25, 132.5, 52.0, 19.25, 26.0, 9999.0, 1.0, 1.5, 19.5, 9999.0, 9999.0, 9999.0, 121.0, 124.5, 120.5, 104.25, 135.25
2023-04-06, 01:57:29, 132.25, 52.0, 19.25, 26.0, 9999.0, 1.0, 1.5, 19.5, 9999.0, 9999.0, 9999.0, 120.75, 124.5, 120.5, 104.25, 135.25
2023-04-06, 01:57:33, 132.5, 52.0, 19.0, 26.0, 9999.0, 1.0, 1.5, 19.5, 9999.0, 9999.0, 9999.0, 120.75, 124.5, 120.5, 104.25, 135.25
2023-04-06, 01:57:37, 132.25, 52.0, 19.0, 26.25, 9999.0, 1.0, 1.5, 19.75, 9999.0, 9999.0, 9999.0, 120.75, 124.5, 120.5, 104.25, 135.25
2023-04-06, 01:57:41, 132.5, 52.0, 19.0, 26.25, 9999.0, 1.0, 1.5, 19.5, 9999.0, 9999.0, 9999.0, 120.75, 124.5, 120.5, 104.25, 135.25
2023-04-06, 01:57:45, 132.5, 52.0, 19.25, 26.25, 9999.0, 1.25, 1.5, 19.5, 9999.0, 9999.0, 9999.0, 120.75, 124.5, 120.5, 104.25, 135.25
2023-04-06, 01:57:49, 132.5, 52.0, 19.25, 25.75, 9999.0, 1.25, 1.25, 19.75, 9999.0, 9999.0, 9999.0, 120.75, 124.5, 120.5, 104.25, 135.25
2023-04-06, 01:57:53, 132.5, 52.0, 19.0, 26.0, 9999.0, 1.5, 1.5, 19.75, 9999.0, 9999.0, 9999.0, 120.5, 124.5, 120.5, 104.25, 135.25
2023-04-06, 01:57:57, 132.5, 52.0, 19.25, 26.0, 9999.0, 1.5, 1.5, 19.5, 9999.0, 9999.0, 9999.0, 120.5, 124.25, 120.5, 104.25, 135.25
2023-04-06, 01:58:01, 132.5, 52.0, 19.25, 26.0, 9999.0, 1.25, 1.25, 19.75, 9999.0, 9999.0, 9999.0, 121.25, 124.5, 120.5, 104.25, 135.25
2023-04-06, 01:58:05, 132.5, 52.0, 19.0, 26.0, 9999.0, 1.5, 1.5, 19.5, 9999.0, 9999.0, 9999.0, 121.25, 124.5, 120.5, 104.25, 135.25
2023-04-06, 01:58:09, 132.5, 52.0, 19.0, 26.0, 9999.0, 1.5, 1.5, 19.75, 9999.0, 9999.0, 9999.0, 121.25, 124.25, 120.5, 104.25, 135.25
2023-04-06, 01:58:13, 132.5, 52.0, 19.25, 26.25, 9999.0, 1.25, 1.5, 19.75, 9999.0, 9999.0, 9999.0, 121.25, 124.25, 120.5, 104.25, 135.25
2023-04-06, 01:58:17, 132.5, 52.0, 19.25, 26.0, 9999.0, 1.25, 1.5, 19.75, 9999.0, 9999.0, 9999.0, 121.25, 124.25, 120.5, 104.25, 135.25
2023-04-06, 01:58:21, 132.5, 52.0, 19.25, 26.25, 9999.0, 1.25, 1.5, 19.75, 9999.0, 9999.0, 9999.0, 121.25, 124.25, 120.5, 104.25, 135.25
2023-04-06, 01:58:25, 132.5, 52.0, 19.25, 26.25, 9999.0, 1.25, 1.5, 19.75, 9999.0, 9999.0, 9999.0, 121.0, 124.25, 120.5, 104.25, 135.25
2023-04-06, 01:58:29, 132.5, 52.0, 19.25, 26.25, 9999.0, 1.25, 1.5, 19.75, 9999.0, 9999.0, 9999.0, 121.0, 124.5, 120.5, 104.25, 135.25
2023-04-06, 01:58:34, 132.5, 52.0, 19.25, 26.25, 9999.0, 1.25, 1.5, 19.75, 9999.0, 9999.0, 9999.0, 121.0, 124.5, 120.5, 104.25, 135.25
2023-04-06, 01:58:38, 132.5, 52.0, 19.25, 26.5, 9999.0, 1.25, 1.5, 19.75, 9999.0, 9999.0, 9999.0, 121.0, 124.5, 120.5, 104.25, 135.25
2023-04-06, 01:58:42, 132.5, 52.0, 19.25, 26.25, 9999.0, 1.25, 1.5, 19.75, 9999.0, 9999.0, 9999.0, 121.0, 124.5, 120.5, 104.25, 135.25
2023-04-06, 01:58:46, 132.5, 52.0, 19.25, 26.25, 9999.0, 1.25, 1.5, 19.75, 9999.0, 9999.0, 9999.0, 121.0, 124.5, 120.5, 104.25, 135.25
2023-04-06, 01:58:50, 132.5, 52.0, 19.25, 26.25, 9999.0, 1.25, 1.5, 19.75, 9999.0, 9999.0, 9999.0, 120.75, 124.5, 120.5, 104.25, 135.25
2023-04-06, 01:58:54, 132.5, 52.0, 19.25, 26.25, 9999.0, 1.25, 1.5, 19.75, 9999.0, 9999.0, 9999.0, 120.75, 124.5, 120.5, 104.25, 135.25
2023-04-06, 01:58:58, 132.5, 52.0, 19.25, 26.25, 9999.0, 1.25, 1.5, 19.75, 9999.0, 9999.0, 9999.0, 120.75, 124.5, 120.5, 104.25, 135.25
2023-04-06, 01:59:02, 132.5, 52.0, 19.25, 26.25, 9999.0, 1.0, 1.5, 19.75, 9999.0, 9999.0, 9999.0, 120.75, 124.5, 120.5, 104.25, 135.25
2023-04-06, 01:59:06, 132.5, 52.0, 19.25, 26.25, 9999.0, 1.25, 1.5, 19.75, 9999.0, 9999.0, 9999.0, 120.75, 124.5, 120.5, 104.25, 135.25
2023-04-06, 01:59:10, 132.5, 52.0, 19.25, 26.25, 9999.0, 1.25, 1.5, 19.75, 9999.0, 9999.0, 9999.0, 120.75, 124.5, 120.5, 104.25, 135.25
2023-04-06, 01:59:14, 132.5, 52.25, 19.25, 26.25, 9999.0, 1.5, 1.5, 19.75, 9999.0, 9999.0, 9999.0, 120.75, 124.5, 120.5, 104.25, 135.25
2023-04-06, 01:59:18, 132.5, 52.0, 19.25, 26.0, 9999.0, 1.5, 1.5, 19.75, 9999.0, 9999.0, 9999.0, 120.5, 124.5, 120.5, 104.25, 135.25
2023-04-06, 01:59:22, 132.5, 52.25, 19.0, 26.25, 9999.0, 1.5, 1.5, 19.75, 9999.0, 9999.0, 9999.0, 121.25, 124.25, 120.5, 104.25, 135.25
2023-04-06, 01:59:26, 132.5, 52.0, 19.25, 26.0, 9999.0, 1.5, 1.5, 19.75, 9999.0, 9999.0, 9999.0, 121.25, 124.5, 120.5, 104.25, 135.25
2023-04-06, 01:59:30, 132.5, 52.0, 19.25, 26.0, 9999.0, 1.5, 1.5, 19.75, 9999.0, 9999.0, 9999.0, 121.25, 124.25, 120.5, 104.25, 135.25
2023-04-06, 01:59:34, 132.5, 52.0, 19.25, 25.75, 9999.0, 1.25, 1.5, 19.75, 9999.0, 9999.0, 9999.0, 121.25, 124.25, 120.5, 104.25, 135.25
2023-04-06, 01:59:38, 132.5, 52.0, 19.25, 26.0, 9999.0, 1.25, 1.5, 19.75, 9999.0, 9999.0, 9999.0, 121.25, 124.25, 120.5, 104.25, 135.25
2023-04-06, 01:59:42, 132.5, 52.0, 19.25, 26.0, 9999.0, 1.25, 1.5, 19.75, 9999.0, 9999.0, 9999.0, 121.0, 124.25, 120.5, 104.25, 135.25
2023-04-06, 01:59:46, 132.5, 52.0, 19.25, 25.75, 9999.0, 1.25, 1.5, 19.75, 9999.0, 9999.0, 9999.0, 121.0, 124.25, 120.5, 104.25, 135.25
2023-04-06, 01:59:50, 132.5, 52.0, 19.25, 25.75, 9999.0, 1.25, 1.5, 19.75, 9999.0, 9999.0, 9999.0, 121.0, 124.5, 120.5, 104.25, 135.25
2023-04-06, 01:59:54, 132.5, 52.0, 19.25, 26.0, 9999.0, 1.25, 1.5, 19.75, 9999.0, 9999.0, 9999.0, 121.0, 124.5, 120.5, 104.25, 135.25
2023-04-06, 01:59:58, 132.5, 52.0, 19.25, 26.0, 9999.0, 1.25, 1.5, 19.75, 9999.0, 9999.0, 9999.0, 121.0, 124.5, 120.5, 104.25, 135.25
2023-04-06, 02:00:02, 132.5, 52.0, 19.25, 26.0, 9999.0, 1.25, 1.5, 19.75, 9999.0, 9999.0, 9999.0, 121.0, 124.5, 120.5, 104.25, 135.25
2023-04-06, 02:00:06, 132.5, 52.0, 19.25, 26.0, 9999.0, 1.25, 1.5, 19.75, 9999.0, 9999.0, 9999.0, 121.0, 124.5, 120.5, 104.25, 135.25
2023-04-06, 02:00:10, 132.5, 52.25, 19.25, 26.25, 9999.0, 1.25, 1.5, 19.75, 9999.0, 9999.0, 9999.0, 120.75, 124.5, 120.5, 104.25, 135.25
2023-04-06, 02:00:14, 132.5, 52.0, 19.25, 26.25, 9999.0, 1.0, 1.5, 19.75, 9999.0, 9999.0, 9999.0, 120.75, 124.5, 120.5, 104.25, 135.25
2023-04-06, 02:00:18, 132.5, 52.0, 19.25, 26.25, 9999.0, 1.0, 1.5, 19.75, 9999.0, 9999.0, 9999.0, 120.75, 124.5, 120.5, 104.25, 135.25
2023-04-06, 02:00:22, 132.5, 52.0, 19.25, 26.0, 9999.0, 1.0, 1.5, 19.75, 9999.0, 9999.0, 9999.0, 120.75, 124.5, 120.5, 104.0, 135.25
2023-04-06, 02:00:26, 132.75, 52.0, 19.25, 26.0, 9999.0, 1.25, 1.5, 19.75, 9999.0, 9999.0, 9999.0, 120.75, 124.5, 120.5, 104.0, 135.25
2023-04-06, 02:00:30, 132.5, 52.0, 19.25, 26.0, 9999.0, 1.25, 1.5, 19.75, 9999.0, 9999.0, 9999.0, 120.75, 124.25, 120.5, 104.0, 135.25
2023-04-06, 02:00:34, 132.5, 52.0, 19.25, 26.0, 9999.0, 1.5, 1.5, 19.75, 9999.0, 9999.0, 9999.0, 120.75, 124.25, 120.5, 104.0, 135.25
2023-04-06, 02:00:38, 132.5, 52.0, 19.25, 26.0, 9999.0, 1.5, 1.5, 19.75, 9999.0, 9999.0, 9999.0, 120.75, 124.25, 120.5, 104.25, 135.25
2023-04-06, 02:00:42, 132.5, 52.0, 19.25, 26.0, 9999.0, 1.5, 1.5, 19.75, 9999.0, 9999.0, 9999.0, 121.5, 124.25, 120.5, 104.25, 135.5
2023-04-06, 02:00:46, 132.5, 52.0, 19.25, 26.0, 9999.0, 1.5, 1.5, 19.75, 9999.0, 9999.0, 9999.0, 121.5, 124.25, 120.5, 104.25, 135.25
2023-04-06, 02:00:50, 132.5, 52.0, 19.25, 26.25, 9999.0, 1.5, 1.5, 19.75, 9999.0, 9999.0, 9999.0, 121.25, 124.25, 120.5, 104.25, 135.25
2023-04-06, 02:00:54, 132.5, 52.0, 19.25, 26.25, 9999.0, 1.25, 1.5, 19.75, 9999.0, 9999.0, 9999.0, 121.25, 124.25, 120.5, 104.0, 135.25
2023-04-06, 02:00:58, 132.5, 52.25, 19.25, 26.25, 9999.0, 1.25, 1.5, 19.75, 9999.0, 9999.0, 9999.0, 121.25, 124.25, 120.5, 104.25, 135.25
2023-04-06, 02:01:02, 132.5, 52.0, 19.25, 26.25, 9999.0, 1.25, 1.5, 19.75, 9999.0, 9999.0, 9999.0, 121.0, 124.25, 120.5, 104.25, 135.25
2023-04-06, 02:01:06, 132.5, 52.25, 19.25, 26.25, 9999.0, 1.25, 1.5, 19.75, 9999.0, 9999.0, 9999.0, 121.0, 124.25, 120.5, 104.25, 135.25
2023-04-06, 02:01:10, 132.5, 52.25, 19.0, 26.25, 9999.0, 1.25, 1.5, 19.75, 9999.0, 9999.0, 9999.0, 121.0, 124.25, 120.5, 104.25, 135.25
2023-04-06, 02:01:14, 132.5, 52.0, 19.25, 26.25, 9999.0, 1.25, 1.5, 19.75, 9999.0, 9999.0, 9999.0, 121.0, 124.5, 120.5, 104.25, 135.25
2023-04-06, 02:01:18, 132.5, 52.0, 19.25, 26.0, 9999.0, 1.25, 1.5, 19.75, 9999.0, 9999.0, 9999.0, 121.0, 124.5, 120.5, 104.25, 135.25
2023-04-06, 02:01:22, 132.5, 52.0, 19.25, 26.0, 9999.0, 1.25, 1.5, 19.75, 9999.0, 9999.0, 9999.0, 121.0, 124.5, 120.5, 104.25, 135.25
2023-04-06, 02:01:26, 132.5, 52.25, 19.25, 26.0, 9999.0, 1.25, 1.5, 19.75, 9999.0, 9999.0, 9999.0, 121.0, 124.5, 120.5, 104.25, 135.25
2023-04-06, 02:01:30, 132.5, 52.25, 19.25, 26.0, 9999.0, 1.25, 1.5, 19.75, 9999.0, 9999.0, 9999.0, 121.0, 124.5, 120.5, 104.25, 135.25
2023-04-06, 02:01:34, 132.5, 52.25, 19.25, 26.0, 9999.0, 1.25, 1.5, 19.75, 9999.0, 9999.0, 9999.0, 121.0, 124.5, 120.5, 104.25, 135.25
2023-04-06, 02:01:38, 132.5, 52.25, 19.25, 26.0, 9999.0, 1.25, 1.5, 19.75, 9999.0, 9999.0, 9999.0, 120.75, 124.5, 120.5, 104.25, 135.25
2023-04-06, 02:01:42, 132.5, 52.25, 19.25, 26.25, 9999.0, 1.0, 1.5, 19.75, 9999.0, 9999.0, 9999.0, 120.75, 124.5, 120.5, 104.25, 135.25
2023-04-06, 02:01:46, 132.5, 52.25, 19.25, 26.25, 9999.0, 1.25, 1.5, 19.75, 9999.0, 9999.0, 9999.0, 120.75, 124.5, 120.5, 104.25, 135.25
2023-04-06, 02:01:50, 132.5, 52.25, 19.25, 26.25, 9999.0, 1.25, 1.5, 19.75, 9999.0, 9999.0, 9999.0, 120.75, 124.5, 120.5, 104.25, 135.25
2023-04-06, 02:01:54, 132.5, 52.25, 19.25, 26.0, 9999.0, 1.25, 1.5, 19.75, 9999.0, 9999.0, 9999.0, 120.75, 124.5, 120.5, 104.25, 135.25
2023-04-06, 02:01:58, 132.75, 52.25, 19.25, 26.0, 9999.0, 1.5, 1.5, 19.75, 9999.0, 9999.0, 9999.0, 120.75, 124.25, 120.5, 104.0, 135.25
2023-04-06, 02:02:02, 132.5, 52.25, 19.25, 26.0, 9999.0, 1.5, 1.5, 19.75, 9999.0, 9999.0, 9999.0, 121.5, 124.5, 120.5, 104.0, 135.25
2023-04-06, 02:02:06, 132.5, 52.25, 19.25, 26.25, 9999.0, 1.5, 1.5, 19.75, 9999.0, 9999.0, 9999.0, 121.5, 124.25, 120.5, 104.0, 135.25
2023-04-06, 02:02:10, 132.5, 52.25, 19.25, 26.0, 9999.0, 1.5, 1.5, 19.75, 9999.0, 9999.0, 9999.0, 121.5, 124.5, 120.5, 104.25, 135.25
2023-04-06, 02:02:14, 132.5, 52.25, 19.25, 26.25, 9999.0, 1.5, 1.5, 19.75, 9999.0, 9999.0, 9999.0, 121.25, 124.25, 120.5, 104.25, 135.25
2023-04-06, 02:02:18, 132.5, 52.25, 19.25, 26.25, 9999.0, 1.5, 1.5, 19.75, 9999.0, 9999.0, 9999.0, 121.25, 124.25, 120.5, 104.25, 135.25
2023-04-06, 02:02:22, 132.5, 52.25, 19.25, 26.25, 9999.0, 1.25, 1.5, 19.75, 9999.0, 9999.0, 9999.0, 121.25, 124.25, 120.5, 104.25, 135.25
2023-04-06, 02:02:26, 132.5, 52.25, 19.25, 26.25, 9999.0, 1.25, 1.5, 19.75, 9999.0, 9999.0, 9999.0, 121.0, 124.25, 120.5, 104.0, 135.25
2023-04-06, 02:02:30, 132.5, 52.25, 19.25, 26.25, 9999.0, 1.5, 1.5, 19.75, 9999.0, 9999.0, 9999.0, 121.0, 124.25, 120.5, 104.25, 135.25
2023-04-06, 02:02:34, 132.75, 52.25, 19.25, 26.25, 9999.0, 1.25, 1.5, 19.75, 9999.0, 9999.0, 9999.0, 121.0, 124.5, 120.5, 104.25, 135.25
2023-04-06, 02:02:38, 132.5, 52.0, 19.25, 26.25, 9999.0, 1.25, 1.5, 19.75, 9999.0, 9999.0, 9999.0, 121.0, 124.5, 120.5, 104.25, 135.25
2023-04-06, 02:02:42, 132.5, 52.25, 19.25, 25.75, 9999.0, 1.25, 1.5, 19.75, 9999.0, 9999.0, 9999.0, 121.0, 124.5, 120.5, 104.25, 135.25
2023-04-06, 02:02:46, 132.5, 52.25, 19.25, 25.75, 9999.0, 1.25, 1.5, 19.75, 9999.0, 9999.0, 9999.0, 121.0, 124.5, 120.5, 104.25, 135.25
2023-04-06, 02:02:50, 132.5, 52.25, 19.25, 26.0, 9999.0, 1.25, 1.5, 19.75, 9999.0, 9999.0, 9999.0, 121.0, 124.5, 120.5, 104.25, 135.25
2023-04-06, 02:02:54, 132.5, 52.25, 19.25, 26.25, 9999.0, 1.25, 1.5, 19.75, 9999.0, 9999.0, 9999.0, 121.0, 124.5, 120.5, 104.25, 135.25
2023-04-06, 02:02:58, 132.5, 52.25, 19.25, 26.25, 9999.0, 1.25, 1.5, 19.75, 9999.0, 9999.0, 9999.0, 121.0, 124.5, 120.5, 104.0, 135.25
2023-04-06, 02:03:03, 132.5, 52.25, 19.25, 26.25, 9999.0, 1.25, 1.5, 19.75, 9999.0, 9999.0, 9999.0, 120.75, 124.5, 120.5, 104.0, 135.25
2023-04-06, 02:03:07, 132.5, 52.0, 19.25, 26.25, 9999.0, 1.25, 1.5, 19.75, 9999.0, 9999.0, 9999.0, 120.75, 124.5, 120.5, 104.25, 135.25
2023-04-06, 02:03:11, 132.5, 52.25, 19.25, 26.0, 9999.0, 1.25, 1.5, 19.75, 9999.0, 9999.0, 9999.0, 120.75, 124.5, 120.5, 104.25, 135.25
2023-04-06, 02:03:15, 132.5, 52.25, 19.0, 26.0, 9999.0, 1.5, 1.5, 19.75, 9999.0, 9999.0, 9999.0, 120.75, 124.25, 120.5, 104.0, 135.25
2023-04-06, 02:03:19, 132.5, 52.25, 19.25, 26.25, 9999.0, 1.5, 1.5, 19.75, 9999.0, 9999.0, 9999.0, 120.75, 124.25, 120.5, 104.0, 135.25
2023-04-06, 02:03:23, 132.5, 52.25, 19.25, 26.25, 9999.0, 1.5, 1.5, 19.75, 9999.0, 9999.0, 9999.0, 121.5, 124.5, 120.5, 104.0, 135.25
2023-04-06, 02:03:27, 132.5, 52.25, 19.25, 26.25, 9999.0, 1.5, 1.5, 19.75, 9999.0, 9999.0, 9999.0, 121.5, 124.5, 120.5, 104.0, 135.25
2023-04-06, 02:03:31, 132.5, 52.0, 19.25, 26.0, 9999.0, 1.5, 1.5, 19.75, 9999.0, 9999.0, 9999.0, 121.25, 124.25, 120.5, 104.0, 135.25
2023-04-06, 02:03:35, 132.5, 52.0, 19.25, 26.25, 9999.0, 1.5, 1.5, 19.75, 9999.0, 9999.0, 9999.0, 121.25, 124.25, 120.5, 104.0, 135.25
2023-04-06, 02:03:39, 132.5, 52.0, 19.25, 26.25, 9999.0, 1.25, 1.5, 19.75, 9999.0, 9999.0, 9999.0, 121.25, 124.25, 120.5, 104.0, 135.25
2023-04-06, 02:03:43, 132.5, 52.0, 19.25, 26.0, 9999.0, 1.5, 1.5, 19.75, 9999.0, 9999.0, 9999.0, 121.25, 124.25, 120.5, 104.0, 135.25
2023-04-06, 02:03:47, 132.5, 52.0, 19.0, 25.75, 9999.0, 1.25, 1.5, 19.75, 9999.0, 9999.0, 9999.0, 121.0, 124.25, 120.5, 104.0, 135.25
2023-04-06, 02:03:51, 132.5, 52.25, 19.25, 26.25, 9999.0, 1.25, 1.5, 19.75, 9999.0, 9999.0, 9999.0, 121.25, 124.25, 120.5, 104.25, 135.25
2023-04-06, 02:03:55, 132.5, 52.0, 19.25, 26.25, 9999.0, 1.25, 1.5, 19.75, 9999.0, 9999.0, 9999.0, 121.0, 124.75, 120.5, 104.0, 135.25
2023-04-06, 02:03:59, 132.5, 52.0, 19.25, 26.0, 9999.0, 1.25, 1.5, 19.75, 9999.0, 9999.0, 9999.0, 121.0, 124.5, 120.5, 104.0, 135.25
2023-04-06, 02:04:03, 132.5, 52.0, 19.25, 26.0, 9999.0, 1.25, 1.5, 19.75, 9999.0, 9999.0, 9999.0, 121.0, 124.5, 120.5, 104.0, 135.25
2023-04-06, 02:04:07, 132.5, 52.0, 19.0, 26.0, 9999.0, 1.25, 1.5, 19.75, 9999.0, 9999.0, 9999.0, 121.0, 124.5, 120.5, 104.25, 135.25
2023-04-06, 02:04:11, 132.5, 52.0, 19.25, 26.25, 9999.0, 1.25, 1.5, 19.75, 9999.0, 9999.0, 9999.0, 121.0, 124.5, 120.5, 104.25, 135.25
2023-04-06, 02:04:15, 132.5, 52.25, 19.25, 26.25, 9999.0, 1.25, 1.5, 19.75, 9999.0, 9999.0, 9999.0, 121.0, 124.5, 120.5, 104.0, 135.25
2023-04-06, 02:04:19, 132.5, 52.0, 19.0, 26.25, 9999.0, 1.25, 1.5, 19.75, 9999.0, 9999.0, 9999.0, 120.75, 124.5, 120.5, 104.0, 135.25
2023-04-06, 02:04:23, 132.75, 52.25, 19.0, 26.25, 9999.0, 1.25, 1.5, 19.75, 9999.0, 9999.0, 9999.0, 121.0, 124.5, 120.5, 104.0, 135.25
2023-04-06, 02:04:27, 132.5, 52.0, 19.0, 26.25, 9999.0, 1.5, 1.5, 19.75, 9999.0, 9999.0, 9999.0, 120.75, 124.5, 120.5, 104.0, 135.25
2023-04-06, 02:04:31, 132.5, 52.0, 19.0, 26.25, 9999.0, 1.25, 1.5, 19.75, 9999.0, 9999.0, 9999.0, 120.75, 124.5, 120.5, 104.0, 135.5
2023-04-06, 02:04:35, 132.5, 52.0, 19.0, 26.0, 9999.0, 1.25, 1.5, 19.75, 9999.0, 9999.0, 9999.0, 120.75, 124.5, 120.5, 104.0, 135.25
2023-04-06, 02:04:39, 132.5, 52.25, 19.25, 26.0, 9999.0, 1.5, 1.5, 19.75, 9999.0, 9999.0, 9999.0, 120.75, 124.5, 120.5, 104.0, 135.25
2023-04-06, 02:04:43, 132.5, 52.25, 19.0, 26.0, 9999.0, 1.5, 1.5, 19.75, 9999.0, 9999.0, 9999.0, 121.5, 124.5, 120.5, 104.0, 135.25
2023-04-06, 02:04:47, 132.5, 52.25, 19.0, 26.0, 9999.0, 1.5, 1.5, 19.75, 9999.0, 9999.0, 9999.0, 121.25, 124.25, 120.5, 104.0, 135.25
2023-04-06, 02:04:51, 132.5, 52.25, 19.25, 26.0, 9999.0, 1.5, 1.5, 19.75, 9999.0, 9999.0, 9999.0, 121.25, 124.25, 120.5, 104.0, 135.25
2023-04-06, 02:04:55, 132.5, 52.25, 19.25, 26.0, 9999.0, 1.5, 1.5, 19.75, 9999.0, 9999.0, 9999.0, 121.25, 124.25, 120.5, 104.0, 135.25
2023-04-06, 02:04:59, 132.5, 52.0, 19.25, 26.25, 9999.0, 1.25, 1.5, 19.75, 9999.0, 9999.0, 9999.0, 121.25, 124.25, 120.5, 104.0, 135.25
2023-04-06, 02:05:03, 132.5, 52.25, 19.25, 26.0, 9999.0, 1.25, 1.5, 19.75, 9999.0, 9999.0, 9999.0, 121.25, 124.25, 120.5, 104.0, 135.25
2023-04-06, 02:05:07, 132.5, 52.0, 19.25, 26.25, 9999.0, 1.25, 1.5, 19.75, 9999.0, 9999.0, 9999.0, 121.0, 124.25, 120.5, 104.0, 135.25
2023-04-06, 02:05:11, 132.5, 52.25, 19.25, 26.25, 9999.0, 1.25, 1.5, 19.75, 9999.0, 9999.0, 9999.0, 121.0, 124.25, 120.5, 104.0, 135.25
2023-04-06, 02:05:15, 132.5, 52.25, 19.0, 26.25, 9999.0, 1.25, 1.5, 19.75, 9999.0, 9999.0, 9999.0, 121.0, 124.5, 120.5, 104.0, 135.25
2023-04-06, 02:05:19, 132.5, 52.25, 19.0, 26.25, 9999.0, 1.25, 1.5, 19.75, 9999.0, 9999.0, 9999.0, 121.0, 124.5, 120.5, 104.0, 135.25
2023-04-06, 02:05:23, 132.5, 52.0, 19.25, 26.0, 9999.0, 1.25, 1.5, 19.75, 9999.0, 9999.0, 9999.0, 121.0, 124.5, 120.5, 104.0, 135.25
2023-04-06, 02:05:27, 132.5, 52.25, 19.25, 26.0, 9999.0, 1.25, 1.5, 19.75, 9999.0, 9999.0, 9999.0, 121.0, 124.5, 120.5, 104.0, 135.25
2023-04-06, 02:05:31, 132.5, 52.25, 19.25, 26.25, 9999.0, 1.0, 1.5, 19.75, 9999.0, 9999.0, 9999.0, 121.0, 124.5, 120.5, 104.0, 135.25
2023-04-06, 02:05:35, 132.5, 52.25, 19.25, 26.0, 9999.0, 1.25, 1.5, 19.75, 9999.0, 9999.0, 9999.0, 120.75, 124.5, 120.5, 104.25, 135.25
2023-04-06, 02:05:39, 132.5, 52.25, 19.25, 26.0, 9999.0, 1.25, 1.5, 19.75, 9999.0, 9999.0, 9999.0, 120.75, 124.5, 120.5, 104.25, 135.25
2023-04-06, 02:05:43, 132.5, 52.25, 19.25, 26.0, 9999.0, 1.25, 1.5, 19.75, 9999.0, 9999.0, 9999.0, 120.75, 124.5, 120.5, 104.0, 135.25
2023-04-06, 02:05:47, 132.5, 52.0, 19.25, 26.0, 9999.0, 1.25, 1.5, 19.75, 9999.0, 9999.0, 9999.0, 120.75, 124.25, 120.5, 104.0, 135.25
2023-04-06, 02:05:51, 132.5, 52.0, 19.25, 26.0, 9999.0, 1.25, 1.5, 19.75, 9999.0, 9999.0, 9999.0, 120.75, 124.5, 120.5, 104.0, 135.25
2023-04-06, 02:05:55, 132.5, 52.0, 19.0, 26.0, 9999.0, 1.5, 1.5, 19.75, 9999.0, 9999.0, 9999.0, 120.75, 124.5, 120.5, 104.0, 135.25
2023-04-06, 02:05:59, 132.5, 52.0, 19.25, 26.25, 9999.0, 1.5, 1.5, 19.75, 9999.0, 9999.0, 9999.0, 120.75, 124.25, 120.5, 104.0, 135.25
2023-04-06, 02:06:03, 132.5, 52.0, 19.25, 26.0, 9999.0, 1.5, 1.5, 19.75, 9999.0, 9999.0, 9999.0, 121.5, 124.5, 120.5, 104.0, 135.25
2023-04-06, 02:06:07, 132.5, 52.0, 19.25, 25.75, 9999.0, 1.5, 1.5, 19.75, 9999.0, 9999.0, 9999.0, 121.5, 124.5, 120.5, 104.0, 135.25
2023-04-06, 02:06:11, 132.5, 52.0, 19.25, 26.0, 9999.0, 1.5, 1.5, 19.75, 9999.0, 9999.0, 9999.0, 121.25, 124.25, 120.5, 104.0, 135.25
2023-04-06, 02:06:15, 132.5, 52.25, 19.25, 26.0, 9999.0, 1.25, 1.5, 19.75, 9999.0, 9999.0, 9999.0, 121.25, 124.25, 120.5, 104.0, 135.25
2023-04-06, 02:06:19, 132.5, 52.25, 19.25, 26.0, 9999.0, 1.5, 1.5, 19.75, 9999.0, 9999.0, 9999.0, 121.25, 124.25, 120.5, 104.0, 135.25
2023-04-06, 02:06:23, 132.5, 52.25, 19.25, 26.25, 9999.0, 1.25, 1.5, 19.75, 9999.0, 9999.0, 9999.0, 121.25, 124.25, 120.5, 104.0, 135.25
2023-04-06, 02:06:27, 132.5, 52.25, 19.25, 26.25, 9999.0, 1.25, 1.5, 19.75, 9999.0, 9999.0, 9999.0, 121.25, 124.25, 120.5, 104.25, 135.25
2023-04-06, 02:06:31, 132.5, 52.25, 19.25, 26.25, 9999.0, 1.25, 1.5, 19.75, 9999.0, 9999.0, 9999.0, 121.0, 124.25, 120.5, 104.25, 135.25
2023-04-06, 02:06:35, 132.75, 52.25, 19.25, 26.25, 9999.0, 1.25, 1.5, 19.75, 9999.0, 9999.0, 9999.0, 121.25, 124.5, 120.5, 104.25, 135.25
2023-04-06, 02:06:39, 132.75, 52.0, 19.25, 26.25, 9999.0, 1.25, 1.5, 19.75, 9999.0, 9999.0, 9999.0, 121.0, 124.5, 120.5, 104.25, 135.25
2023-04-06, 02:06:43, 132.5, 52.25, 19.25, 26.25, 9999.0, 1.25, 1.5, 19.75, 9999.0, 9999.0, 9999.0, 121.0, 124.5, 120.5, 104.0, 135.25
2023-04-06, 02:06:47, 132.5, 52.25, 19.25, 26.25, 9999.0, 1.25, 1.5, 19.75, 9999.0, 9999.0, 9999.0, 121.0, 124.5, 120.5, 104.25, 135.25
2023-04-06, 02:06:51, 132.75, 52.25, 19.25, 26.25, 9999.0, 1.25, 1.5, 19.75, 9999.0, 9999.0, 9999.0, 121.0, 124.5, 120.5, 104.25, 135.25
2023-04-06, 02:06:55, 132.5, 52.25, 19.25, 26.0, 9999.0, 1.25, 1.5, 19.75, 9999.0, 9999.0, 9999.0, 121.0, 124.5, 120.5, 104.25, 135.25
2023-04-06, 02:06:59, 132.5, 52.25, 19.25, 26.25, 9999.0, 1.25, 1.5, 19.75, 9999.0, 9999.0, 9999.0, 120.75, 124.5, 120.5, 104.25, 135.25
2023-04-06, 02:07:03, 132.75, 52.0, 19.25, 26.0, 9999.0, 1.25, 1.5, 19.75, 9999.0, 9999.0, 9999.0, 120.75, 124.5, 120.5, 104.25, 135.25
2023-04-06, 02:07:07, 132.75, 52.25, 19.25, 26.25, 9999.0, 1.5, 1.5, 19.75, 9999.0, 9999.0, 9999.0, 120.75, 124.5, 120.5, 104.0, 135.25
2023-04-06, 02:07:11, 132.75, 52.25, 19.25, 26.25, 9999.0, 1.25, 1.5, 19.75, 9999.0, 9999.0, 9999.0, 120.75, 124.25, 120.5, 104.25, 135.25
2023-04-06, 02:07:15, 132.5, 52.25, 19.25, 26.25, 9999.0, 1.5, 1.5, 19.75, 9999.0, 9999.0, 9999.0, 120.75, 124.25, 120.5, 104.25, 135.25
2023-04-06, 02:07:19, 132.5, 52.25, 19.25, 26.25, 9999.0, 1.5, 1.5, 19.75, 9999.0, 9999.0, 9999.0, 120.75, 124.5, 120.5, 104.25, 135.25
2023-04-06, 02:07:23, 132.5, 52.25, 19.25, 26.25, 9999.0, 1.5, 1.5, 19.75, 9999.0, 9999.0, 9999.0, 121.5, 124.25, 120.5, 104.25, 135.25
2023-04-06, 02:07:28, 132.5, 52.25, 19.25, 26.25, 9999.0, 1.5, 1.5, 19.75, 9999.0, 9999.0, 9999.0, 121.5, 124.5, 120.5, 104.25, 135.25
2023-04-06, 02:07:32, 132.5, 52.25, 19.25, 26.25, 9999.0, 1.5, 1.5, 19.75, 9999.0, 9999.0, 9999.0, 121.25, 124.25, 120.5, 104.25, 135.25
2023-04-06, 02:07:36, 132.5, 52.25, 19.25, 26.25, 9999.0, 1.5, 1.5, 19.75, 9999.0, 9999.0, 9999.0, 121.25, 124.25, 120.5, 104.25, 135.25
2023-04-06, 02:07:40, 132.5, 52.25, 19.25, 26.25, 9999.0, 1.5, 1.5, 19.75, 9999.0, 9999.0, 9999.0, 121.25, 124.25, 120.5, 104.25, 135.25
2023-04-06, 02:07:44, 132.5, 52.25, 19.25, 26.25, 9999.0, 1.25, 1.5, 19.75, 9999.0, 9999.0, 9999.0, 121.25, 124.25, 120.5, 104.25, 135.25
2023-04-06, 02:07:48, 132.5, 52.25, 19.25, 26.25, 9999.0, 1.25, 1.5, 19.75, 9999.0, 9999.0, 9999.0, 121.25, 124.25, 120.5, 104.25, 135.25
2023-04-06, 02:07:52, 132.75, 52.25, 19.25, 26.0, 9999.0, 1.25, 1.5, 19.75, 9999.0, 9999.0, 9999.0, 121.0, 124.25, 120.5, 104.25, 135.25
2023-04-06, 02:07:56, 132.5, 52.25, 19.25, 26.0, 9999.0, 1.25, 1.5, 19.75, 9999.0, 9999.0, 9999.0, 121.0, 124.5, 120.5, 104.25, 135.25
2023-04-06, 02:08:00, 132.75, 52.25, 19.0, 26.0, 9999.0, 1.25, 1.5, 19.75, 9999.0, 9999.0, 9999.0, 121.0, 124.5, 120.5, 104.25, 135.25
2023-04-06, 02:08:04, 132.75, 52.25, 19.25, 26.25, 9999.0, 1.25, 1.5, 19.75, 9999.0, 9999.0, 9999.0, 121.0, 124.5, 120.5, 104.25, 135.25
2023-04-06, 02:08:08, 132.75, 52.25, 19.25, 26.0, 9999.0, 1.25, 1.5, 19.75, 9999.0, 9999.0, 9999.0, 121.0, 124.5, 120.5, 104.25, 135.25
2023-04-06, 02:08:12, 132.75, 52.25, 19.25, 26.0, 9999.0, 1.25, 1.5, 19.75, 9999.0, 9999.0, 9999.0, 121.0, 124.5, 120.5, 104.25, 135.5
2023-04-06, 02:08:16, 132.5, 52.25, 19.25, 26.25, 9999.0, 1.25, 1.5, 19.75, 9999.0, 9999.0, 9999.0, 121.0, 124.5, 120.5, 104.25, 135.25
2023-04-06, 02:08:20, 132.5, 52.25, 19.25, 26.25, 9999.0, 1.25, 1.5, 19.75, 9999.0, 9999.0, 9999.0, 120.75, 124.5, 120.5, 104.25, 135.25
2023-04-06, 02:08:24, 132.75, 52.25, 19.25, 26.25, 9999.0, 1.25, 1.5, 19.75, 9999.0, 9999.0, 9999.0, 120.75, 124.5, 120.5, 104.25, 135.25
2023-04-06, 02:08:28, 132.5, 52.25, 19.25, 26.25, 9999.0, 1.25, 1.5, 19.75, 9999.0, 9999.0, 9999.0, 120.75, 124.5, 120.5, 104.25, 135.25
2023-04-06, 02:08:32, 132.5, 52.25, 19.25, 26.25, 9999.0, 1.25, 1.5, 19.75, 9999.0, 9999.0, 9999.0, 120.75, 124.5, 120.5, 104.25, 135.25
2023-04-06, 02:08:36, 132.75, 52.25, 19.25, 26.25, 9999.0, 1.5, 1.5, 19.75, 9999.0, 9999.0, 9999.0, 120.75, 124.5, 120.5, 104.25, 135.5
2023-04-06, 02:08:40, 132.5, 52.25, 19.25, 26.25, 9999.0, 1.5, 1.5, 19.75, 9999.0, 9999.0, 9999.0, 120.75, 124.5, 120.5, 104.25, 135.25
2023-04-06, 02:08:44, 132.75, 52.25, 19.0, 26.25, 9999.0, 1.5, 1.5, 19.75, 9999.0, 9999.0, 9999.0, 121.5, 124.5, 120.5, 104.25, 135.25
2023-04-06, 02:08:48, 132.75, 52.25, 19.25, 26.25, 9999.0, 1.5, 1.5, 19.75, 9999.0, 9999.0, 9999.0, 121.5, 124.5, 120.5, 104.25, 135.25
2023-04-06, 02:08:52, 132.75, 52.25, 19.25, 26.25, 9999.0, 1.5, 1.5, 19.75, 9999.0, 9999.0, 9999.0, 121.25, 124.5, 120.5, 104.25, 135.5
2023-04-06, 02:08:56, 132.75, 52.25, 19.25, 26.25, 9999.0, 1.5, 1.75, 19.75, 9999.0, 9999.0, 9999.0, 121.25, 124.25, 120.5, 104.25, 135.25
2023-04-06, 02:09:00, 132.75, 52.25, 19.25, 26.25, 9999.0, 1.5, 1.5, 19.75, 9999.0, 9999.0, 9999.0, 121.25, 124.25, 120.5, 104.25, 135.25
2023-04-06, 02:09:04, 132.75, 52.25, 19.25, 26.25, 9999.0, 1.5, 1.5, 19.75, 9999.0, 9999.0, 9999.0, 121.25, 124.25, 120.5, 104.25, 135.25
2023-04-06, 02:09:08, 132.75, 52.25, 19.25, 26.25, 9999.0, 1.5, 1.5, 19.75, 9999.0, 9999.0, 9999.0, 121.25, 124.5, 120.5, 104.25, 135.25
2023-04-06, 02:09:12, 132.75, 52.25, 19.0, 26.0, 9999.0, 1.25, 1.5, 19.75, 9999.0, 9999.0, 9999.0, 121.0, 124.25, 120.5, 104.25, 135.25
2023-04-06, 02:09:16, 132.5, 52.25, 19.0, 26.0, 9999.0, 1.25, 1.5, 19.75, 9999.0, 9999.0, 9999.0, 121.25, 124.5, 120.5, 104.25, 135.5
2023-04-06, 02:09:20, 132.75, 52.25, 19.25, 26.25, 9999.0, 1.25, 1.5, 19.75, 9999.0, 9999.0, 9999.0, 121.0, 124.5, 120.5, 104.25, 135.5
2023-04-06, 02:09:24, 132.75, 52.25, 19.25, 26.25, 9999.0, 1.25, 1.5, 19.75, 9999.0, 9999.0, 9999.0, 121.0, 124.5, 120.5, 104.25, 135.25
2023-04-06, 02:09:28, 132.75, 52.25, 19.25, 26.25, 9999.0, 1.25, 1.5, 19.75, 9999.0, 9999.0, 9999.0, 121.0, 124.5, 120.5, 104.25, 135.5
2023-04-06, 02:09:32, 132.75, 52.25, 19.25, 26.25, 9999.0, 1.25, 1.5, 19.75, 9999.0, 9999.0, 9999.0, 121.0, 124.5, 120.5, 104.25, 135.5
2023-04-06, 02:09:36, 132.75, 52.25, 19.25, 26.25, 9999.0, 1.25, 1.5, 19.75, 9999.0, 9999.0, 9999.0, 121.0, 124.5, 120.5, 104.25, 135.25
2023-04-06, 02:09:40, 132.75, 52.25, 19.25, 26.25, 9999.0, 1.25, 1.5, 19.75, 9999.0, 9999.0, 9999.0, 121.0, 124.5, 120.5, 104.25, 135.5
2023-04-06, 02:09:44, 132.75, 52.25, 19.25, 26.25, 9999.0, 1.25, 1.5, 19.75, 9999.0, 9999.0, 9999.0, 121.0, 124.5, 120.5, 104.25, 135.5
2023-04-06, 02:09:48, 132.75, 52.25, 19.25, 26.25, 9999.0, 1.25, 1.5, 19.75, 9999.0, 9999.0, 9999.0, 120.75, 124.5, 120.5, 104.25, 135.5
2023-04-06, 02:09:52, 132.75, 52.25, 19.25, 26.25, 9999.0, 1.5, 1.5, 19.75, 9999.0, 9999.0, 9999.0, 120.75, 124.5, 120.5, 104.25, 135.5
2023-04-06, 02:09:56, 132.75, 52.25, 19.25, 26.25, 9999.0, 1.5, 1.5, 19.75, 9999.0, 9999.0, 9999.0, 120.75, 124.5, 120.5, 104.25, 135.25
2023-04-06, 02:10:00, 132.75, 52.25, 19.25, 26.0, 9999.0, 1.75, 1.75, 20.0, 9999.0, 9999.0, 9999.0, 120.75, 124.5, 120.5, 104.25, 135.5
2023-04-06, 02:10:04, 132.75, 52.25, 19.25, 26.0, 9999.0, 1.5, 1.75, 19.75, 9999.0, 9999.0, 9999.0, 121.5, 124.5, 120.5, 104.25, 135.5
2023-04-06, 02:10:08, 132.75, 52.25, 19.25, 26.25, 9999.0, 1.5, 1.5, 19.75, 9999.0, 9999.0, 9999.0, 121.5, 124.5, 120.5, 104.25, 135.25
2023-04-06, 02:10:12, 132.75, 52.25, 19.25, 26.25, 9999.0, 1.5, 1.5, 19.75, 9999.0, 9999.0, 9999.0, 121.25, 124.5, 120.5, 104.25, 135.5
2023-04-06, 02:10:16, 132.75, 52.25, 19.25, 26.25, 9999.0, 1.5, 1.5, 19.75, 9999.0, 9999.0, 9999.0, 121.25, 124.5, 120.5, 104.25, 135.25
2023-04-06, 02:10:20, 132.75, 52.25, 19.25, 26.25, 9999.0, 1.5, 1.5, 19.75, 9999.0, 9999.0, 9999.0, 121.25, 124.5, 120.5, 104.25, 135.5
2023-04-06, 02:10:24, 132.75, 52.25, 19.25, 26.25, 9999.0, 1.5, 1.75, 20.0, 9999.0, 9999.0, 9999.0, 121.25, 124.5, 120.5, 104.25, 135.5
2023-04-06, 02:10:28, 132.75, 52.25, 19.25, 26.25, 9999.0, 1.5, 1.5, 19.75, 9999.0, 9999.0, 9999.0, 121.25, 124.5, 120.5, 104.25, 135.5
2023-04-06, 02:10:32, 132.75, 52.25, 19.25, 26.25, 9999.0, 1.5, 1.5, 19.75, 9999.0, 9999.0, 9999.0, 121.0, 124.25, 120.5, 104.25, 135.5
2023-04-06, 02:10:36, 132.75, 52.25, 19.25, 26.0, 9999.0, 1.5, 1.75, 19.75, 9999.0, 9999.0, 9999.0, 121.0, 124.5, 120.5, 104.25, 135.25
2023-04-06, 02:10:40, 132.75, 52.25, 19.25, 26.25, 9999.0, 1.25, 1.5, 19.75, 9999.0, 9999.0, 9999.0, 121.0, 124.5, 120.5, 104.25, 135.5
2023-04-06, 02:10:44, 132.75, 52.25, 19.25, 26.25, 9999.0, 1.25, 1.5, 19.75, 9999.0, 9999.0, 9999.0, 121.0, 124.75, 120.5, 104.25, 135.5
2023-04-06, 02:10:48, 132.75, 52.25, 19.25, 26.25, 9999.0, 1.25, 1.5, 20.0, 9999.0, 9999.0, 9999.0, 121.0, 124.5, 120.5, 104.25, 135.5
2023-04-06, 02:10:52, 132.75, 52.25, 19.25, 26.25, 9999.0, 1.25, 1.5, 20.0, 9999.0, 9999.0, 9999.0, 121.0, 124.5, 120.5, 104.25, 135.5
2023-04-06, 02:10:56, 132.75, 52.25, 19.25, 26.25, 9999.0, 1.25, 1.5, 20.0, 9999.0, 9999.0, 9999.0, 121.0, 124.5, 120.5, 104.25, 135.5
2023-04-06, 02:11:00, 132.75, 52.25, 19.25, 26.25, 9999.0, 1.25, 1.5, 20.0, 9999.0, 9999.0, 9999.0, 120.75, 124.5, 120.5, 104.25, 135.5
2023-04-06, 02:11:04, 132.75, 52.25, 19.25, 26.25, 9999.0, 1.25, 1.5, 19.75, 9999.0, 9999.0, 9999.0, 120.75, 124.5, 120.5, 104.25, 135.5
2023-04-06, 02:11:08, 132.75, 52.25, 19.25, 26.25, 9999.0, 1.5, 1.75, 20.0, 9999.0, 9999.0, 9999.0, 121.0, 124.5, 120.5, 104.25, 135.5
2023-04-06, 02:11:12, 132.75, 52.25, 19.25, 26.25, 9999.0, 1.5, 1.5, 19.75, 9999.0, 9999.0, 9999.0, 120.75, 124.5, 120.5, 104.25, 135.5
2023-04-06, 02:11:16, 132.75, 52.25, 19.25, 26.25, 9999.0, 1.5, 1.5, 19.75, 9999.0, 9999.0, 9999.0, 120.75, 124.5, 120.5, 104.25, 135.5
2023-04-06, 02:11:20, 132.75, 52.25, 19.25, 26.25, 9999.0, 1.75, 1.75, 20.0, 9999.0, 9999.0, 9999.0, 120.75, 124.5, 120.5, 104.25, 135.5
2023-04-06, 02:11:24, 132.75, 52.25, 19.25, 26.0, 9999.0, 1.5, 1.75, 20.0, 9999.0, 9999.0, 9999.0, 121.5, 124.5, 120.5, 104.25, 135.5
2023-04-06, 02:11:28, 132.75, 52.25, 19.25, 26.0, 9999.0, 1.5, 1.75, 20.0, 9999.0, 9999.0, 9999.0, 121.5, 124.5, 120.5, 104.25, 135.5
2023-04-06, 02:11:32, 132.75, 52.25, 19.25, 26.25, 9999.0, 1.5, 1.5, 20.0, 9999.0, 9999.0, 9999.0, 121.25, 124.25, 120.5, 104.25, 135.5
2023-04-06, 02:11:36, 132.75, 52.25, 19.25, 26.25, 9999.0, 1.5, 1.75, 20.0, 9999.0, 9999.0, 9999.0, 121.25, 124.25, 120.5, 104.25, 135.5
2023-04-06, 02:11:40, 132.75, 52.25, 19.25, 26.25, 9999.0, 1.5, 1.75, 19.75, 9999.0, 9999.0, 9999.0, 121.25, 124.25, 120.5, 104.25, 135.5
2023-04-06, 02:11:44, 132.75, 52.25, 19.25, 26.5, 9999.0, 1.5, 1.75, 20.0, 9999.0, 9999.0, 9999.0, 121.25, 124.25, 120.5, 104.25, 135.25
2023-04-06, 02:11:48, 132.75, 52.25, 19.25, 26.25, 9999.0, 1.5, 1.75, 19.75, 9999.0, 9999.0, 9999.0, 121.25, 124.25, 120.5, 104.25, 135.5
2023-04-06, 02:11:52, 132.75, 52.25, 19.25, 26.25, 9999.0, 1.5, 1.75, 19.75, 9999.0, 9999.0, 9999.0, 121.0, 124.25, 120.5, 104.25, 135.25
2023-04-06, 02:11:57, 132.75, 52.25, 19.25, 26.25, 9999.0, 1.5, 1.75, 19.75, 9999.0, 9999.0, 9999.0, 121.25, 124.5, 120.5, 104.5, 135.5
2023-04-06, 02:12:01, 132.75, 52.25, 19.25, 26.25, 9999.0, 1.5, 1.5, 19.75, 9999.0, 9999.0, 9999.0, 121.0, 124.5, 120.5, 104.25, 135.5
2023-04-06, 02:12:05, 132.75, 52.25, 19.25, 26.25, 9999.0, 1.5, 1.75, 20.0, 9999.0, 9999.0, 9999.0, 121.0, 124.5, 120.5, 104.25, 135.5
2023-04-06, 02:12:09, 132.75, 52.25, 19.25, 26.25, 9999.0, 1.25, 1.5, 20.0, 9999.0, 9999.0, 9999.0, 121.0, 124.5, 120.5, 104.25, 135.5
2023-04-06, 02:12:13, 132.75, 52.25, 19.25, 26.25, 9999.0, 1.25, 1.75, 19.75, 9999.0, 9999.0, 9999.0, 121.0, 124.5, 120.5, 104.25, 135.5
2023-04-06, 02:12:17, 132.75, 52.25, 19.25, 26.25, 9999.0, 1.25, 1.5, 19.75, 9999.0, 9999.0, 9999.0, 121.0, 124.5, 120.5, 104.25, 135.5
2023-04-06, 02:12:21, 132.75, 52.25, 19.25, 26.5, 9999.0, 1.25, 1.75, 20.0, 9999.0, 9999.0, 9999.0, 121.0, 124.5, 120.5, 104.5, 135.5
2023-04-06, 02:12:25, 132.75, 52.25, 19.25, 26.5, 9999.0, 1.25, 1.5, 19.75, 9999.0, 9999.0, 9999.0, 120.75, 124.5, 120.5, 104.25, 135.5
2023-04-06, 02:12:29, 132.75, 52.25, 19.25, 26.25, 9999.0, 1.5, 1.5, 20.0, 9999.0, 9999.0, 9999.0, 120.75, 124.5, 120.5, 104.25, 135.5
2023-04-06, 02:12:33, 132.75, 52.25, 19.5, 26.25, 9999.0, 1.5, 1.75, 20.0, 9999.0, 9999.0, 9999.0, 120.75, 124.5, 120.5, 104.25, 135.5
2023-04-06, 02:12:37, 132.75, 52.25, 19.5, 26.25, 9999.0, 1.5, 1.75, 19.75, 9999.0, 9999.0, 9999.0, 120.75, 124.5, 120.5, 104.25, 135.5
2023-04-06, 02:12:41, 132.75, 52.25, 19.25, 26.25, 9999.0, 1.5, 1.75, 20.0, 9999.0, 9999.0, 9999.0, 120.75, 124.5, 120.5, 104.25, 135.5
2023-04-06, 02:12:45, 132.75, 52.25, 19.5, 26.25, 9999.0, 1.75, 1.75, 20.0, 9999.0, 9999.0, 9999.0, 120.75, 124.5, 120.5, 104.25, 135.5
2023-04-06, 02:12:49, 132.75, 52.25, 19.25, 26.25, 9999.0, 1.5, 1.75, 20.0, 9999.0, 9999.0, 9999.0, 121.5, 124.5, 120.5, 104.25, 135.5
2023-04-06, 02:12:53, 132.75, 52.25, 19.25, 26.25, 9999.0, 1.5, 1.75, 20.0, 9999.0, 9999.0, 9999.0, 121.5, 124.5, 120.5, 104.25, 135.5
2023-04-06, 02:12:57, 132.75, 52.25, 19.5, 26.25, 9999.0, 1.5, 1.75, 20.0, 9999.0, 9999.0, 9999.0, 121.25, 124.5, 120.5, 104.5, 135.5
2023-04-06, 02:13:01, 132.75, 52.25, 19.25, 26.25, 9999.0, 1.5, 1.75, 20.0, 9999.0, 9999.0, 9999.0, 121.25, 124.5, 120.5, 104.25, 135.5
2023-04-06, 02:13:05, 132.75, 52.25, 19.25, 26.25, 9999.0, 1.5, 1.75, 20.0, 9999.0, 9999.0, 9999.0, 121.25, 124.5, 120.5, 104.25, 135.5
2023-04-06, 02:13:09, 132.75, 52.25, 19.25, 26.25, 9999.0, 1.5, 1.75, 20.0, 9999.0, 9999.0, 9999.0, 121.25, 124.5, 120.5, 104.5, 135.5
2023-04-06, 02:13:13, 132.75, 52.25, 19.25, 26.25, 9999.0, 1.5, 1.5, 19.75, 9999.0, 9999.0, 9999.0, 121.25, 124.5, 120.5, 104.25, 135.5
2023-04-06, 02:13:17, 132.75, 52.25, 19.25, 26.25, 9999.0, 1.5, 1.75, 20.0, 9999.0, 9999.0, 9999.0, 121.25, 124.5, 120.5, 104.25, 135.5
2023-04-06, 02:13:21, 132.75, 52.25, 19.25, 26.25, 9999.0, 1.5, 1.75, 19.75, 9999.0, 9999.0, 9999.0, 121.25, 124.5, 120.5, 104.5, 135.5
2023-04-06, 02:13:25, 132.75, 52.5, 19.25, 26.25, 9999.0, 1.5, 1.75, 19.75, 9999.0, 9999.0, 9999.0, 121.25, 124.5, 120.5, 104.25, 135.5
2023-04-06, 02:13:29, 132.75, 52.5, 19.25, 26.0, 9999.0, 1.5, 1.75, 20.0, 9999.0, 9999.0, 9999.0, 121.0, 124.5, 120.5, 104.25, 135.5
2023-04-06, 02:13:33, 132.75, 52.5, 19.25, 26.0, 9999.0, 1.25, 1.75, 20.0, 9999.0, 9999.0, 9999.0, 121.0, 124.5, 120.5, 104.25, 135.25
2023-04-06, 02:13:37, 132.75, 52.25, 19.25, 26.25, 9999.0, 1.25, 1.75, 19.75, 9999.0, 9999.0, 9999.0, 121.0, 124.5, 120.5, 104.25, 135.5
2023-04-06, 02:13:41, 132.75, 52.5, 19.25, 26.25, 9999.0, 1.25, 1.75, 20.0, 9999.0, 9999.0, 9999.0, 121.0, 124.5, 120.5, 104.25, 135.5
2023-04-06, 02:13:45, 132.75, 52.25, 19.25, 26.0, 9999.0, 1.25, 1.5, 20.0, 9999.0, 9999.0, 9999.0, 121.0, 124.5, 120.5, 104.5, 135.5
2023-04-06, 02:13:49, 132.75, 52.25, 19.25, 25.5, 9999.0, 1.5, 1.75, 20.0, 9999.0, 9999.0, 9999.0, 120.75, 124.5, 120.5, 104.25, 135.5
2023-04-06, 02:13:53, 132.75, 52.5, 19.25, 26.0, 9999.0, 1.5, 1.75, 20.0, 9999.0, 9999.0, 9999.0, 120.75, 124.5, 120.5, 104.25, 135.5
2023-04-06, 02:13:57, 132.75, 52.5, 19.25, 26.25, 9999.0, 1.5, 1.5, 20.0, 9999.0, 9999.0, 9999.0, 120.75, 124.5, 120.5, 104.25, 135.5
2023-04-06, 02:14:01, 132.75, 52.5, 19.25, 26.25, 9999.0, 1.75, 1.75, 19.75, 9999.0, 9999.0, 9999.0, 120.75, 124.5, 120.5, 104.25, 135.5
2023-04-06, 02:14:05, 132.75, 52.25, 19.25, 26.25, 9999.0, 1.75, 1.75, 20.0, 9999.0, 9999.0, 9999.0, 120.75, 124.5, 120.5, 104.25, 135.5
2023-04-06, 02:14:09, 132.75, 52.25, 19.25, 26.25, 9999.0, 1.75, 1.75, 20.0, 9999.0, 9999.0, 9999.0, 121.5, 124.5, 120.5, 104.25, 135.5
2023-04-06, 02:14:13, 132.75, 52.25, 19.25, 26.25, 9999.0, 1.75, 1.75, 20.0, 9999.0, 9999.0, 9999.0, 121.5, 124.5, 120.5, 104.5, 135.5
2023-04-06, 02:14:17, 132.75, 52.5, 19.25, 26.0, 9999.0, 1.5, 1.75, 20.0, 9999.0, 9999.0, 9999.0, 121.25, 124.5, 120.5, 104.25, 135.5
2023-04-06, 02:14:21, 132.75, 52.25, 19.25, 26.0, 9999.0, 1.5, 1.75, 20.0, 9999.0, 9999.0, 9999.0, 121.25, 124.5, 120.5, 104.25, 135.5
2023-04-06, 02:14:25, 132.75, 52.25, 19.25, 26.0, 9999.0, 1.5, 1.75, 20.0, 9999.0, 9999.0, 9999.0, 121.25, 124.5, 120.5, 104.25, 135.5
2023-04-06, 02:14:29, 132.75, 52.25, 19.25, 26.25, 9999.0, 1.5, 1.75, 19.75, 9999.0, 9999.0, 9999.0, 121.25, 124.5, 120.5, 104.25, 135.5
2023-04-06, 02:14:33, 132.75, 52.5, 19.25, 26.0, 9999.0, 1.5, 1.75, 20.0, 9999.0, 9999.0, 9999.0, 121.25, 124.5, 120.5, 104.5, 135.5
2023-04-06, 02:14:37, 132.75, 52.25, 19.25, 26.25, 9999.0, 1.5, 1.75, 20.0, 9999.0, 9999.0, 9999.0, 121.25, 124.75, 120.5, 104.5, 135.5
2023-04-06, 02:14:41, 132.75, 52.5, 19.25, 26.0, 9999.0, 1.5, 1.75, 20.0, 9999.0, 9999.0, 9999.0, 121.25, 124.75, 120.5, 104.25, 135.5
2023-04-06, 02:14:45, 132.75, 52.25, 19.25, 26.0, 9999.0, 1.25, 1.75, 19.75, 9999.0, 9999.0, 9999.0, 121.25, 124.5, 120.5, 104.25, 135.5
2023-04-06, 02:14:49, 132.75, 52.5, 19.25, 25.5, 9999.0, 1.5, 1.75, 20.0, 9999.0, 9999.0, 9999.0, 121.0, 124.5, 120.5, 104.25, 135.25
2023-04-06, 02:14:53, 132.75, 52.5, 19.25, 25.5, 9999.0, 1.5, 1.75, 19.75, 9999.0, 9999.0, 9999.0, 121.0, 124.5, 120.5, 104.25, 135.5
2023-04-06, 02:14:57, 132.75, 52.5, 19.25, 25.75, 9999.0, 1.5, 1.75, 20.0, 9999.0, 9999.0, 9999.0, 121.0, 124.5, 120.5, 104.25, 135.5
2023-04-06, 02:15:01, 132.75, 52.5, 19.25, 26.25, 9999.0, 1.25, 1.75, 20.0, 9999.0, 9999.0, 9999.0, 121.0, 124.5, 120.5, 104.25, 135.5
2023-04-06, 02:15:05, 132.75, 52.25, 19.25, 26.0, 9999.0, 1.25, 1.75, 19.75, 9999.0, 9999.0, 9999.0, 121.0, 124.5, 120.5, 104.25, 135.5
2023-04-06, 02:15:09, 132.75, 52.5, 19.25, 26.0, 9999.0, 1.5, 1.5, 20.0, 9999.0, 9999.0, 9999.0, 121.0, 124.5, 120.5, 104.25, 135.25
2023-04-06, 02:15:13, 132.75, 52.5, 19.25, 26.25, 9999.0, 1.5, 1.75, 19.75, 9999.0, 9999.0, 9999.0, 121.0, 124.5, 120.5, 104.25, 135.5
2023-04-06, 02:15:17, 132.75, 52.5, 19.25, 26.25, 9999.0, 1.5, 1.5, 19.75, 9999.0, 9999.0, 9999.0, 120.75, 124.25, 120.5, 104.25, 135.5
2023-04-06, 02:15:21, 132.75, 52.25, 19.25, 26.25, 9999.0, 1.75, 1.75, 20.0, 9999.0, 9999.0, 9999.0, 120.75, 124.25, 120.5, 104.25, 135.5
2023-04-06, 02:15:25, 132.75, 52.5, 19.25, 26.25, 9999.0, 1.75, 1.75, 20.0, 9999.0, 9999.0, 9999.0, 120.75, 124.25, 120.5, 104.25, 135.5
2023-04-06, 02:15:29, 132.75, 52.25, 19.25, 26.25, 9999.0, 1.5, 1.75, 20.0, 9999.0, 9999.0, 9999.0, 121.5, 124.25, 120.5, 104.0, 135.5
2023-04-06, 02:15:33, 132.75, 52.5, 19.25, 26.0, 9999.0, 1.5, 1.75, 19.75, 9999.0, 9999.0, 9999.0, 121.5, 124.25, 120.5, 104.25, 135.25
2023-04-06, 02:15:37, 132.75, 52.25, 19.25, 26.25, 9999.0, 1.5, 1.75, 19.75, 9999.0, 9999.0, 9999.0, 121.25, 124.25, 120.5, 104.25, 135.25
2023-04-06, 02:15:41, 132.75, 52.25, 19.25, 26.0, 9999.0, 1.5, 1.75, 19.75, 9999.0, 9999.0, 9999.0, 121.25, 124.25, 120.5, 104.25, 135.5
2023-04-06, 02:15:45, 132.75, 52.25, 19.25, 26.0, 9999.0, 1.5, 1.75, 19.75, 9999.0, 9999.0, 9999.0, 121.25, 124.25, 120.5, 104.25, 135.5
2023-04-06, 02:15:49, 132.75, 52.25, 19.25, 26.0, 9999.0, 1.5, 1.75, 19.75, 9999.0, 9999.0, 9999.0, 121.25, 124.25, 120.5, 104.25, 135.25
2023-04-06, 02:15:53, 132.75, 52.25, 19.25, 26.25, 9999.0, 1.5, 1.75, 19.75, 9999.0, 9999.0, 9999.0, 121.25, 124.25, 120.5, 104.25, 135.25
2023-04-06, 02:15:57, 132.75, 52.25, 19.25, 26.0, 9999.0, 1.5, 1.75, 19.75, 9999.0, 9999.0, 9999.0, 121.25, 124.5, 120.5, 104.25, 135.25
2023-04-06, 02:16:01, 132.75, 52.25, 19.25, 26.0, 9999.0, 1.5, 1.75, 19.75, 9999.0, 9999.0, 9999.0, 121.25, 124.5, 120.5, 104.25, 135.5
2023-04-06, 02:16:05, 132.75, 52.25, 19.25, 26.0, 9999.0, 1.25, 1.75, 19.75, 9999.0, 9999.0, 9999.0, 121.0, 124.5, 120.5, 104.25, 135.5
2023-04-06, 02:16:09, 132.75, 52.25, 19.25, 26.0, 9999.0, 1.25, 1.75, 19.75, 9999.0, 9999.0, 9999.0, 121.0, 124.5, 120.5, 104.25, 135.5
2023-04-06, 02:16:13, 132.75, 52.25, 19.0, 26.25, 9999.0, 1.25, 1.75, 19.75, 9999.0, 9999.0, 9999.0, 121.0, 124.5, 120.5, 104.25, 135.5
2023-04-06, 02:16:17, 132.75, 52.25, 19.0, 26.25, 9999.0, 1.25, 1.75, 20.0, 9999.0, 9999.0, 9999.0, 121.0, 124.5, 120.5, 104.25, 135.5
2023-04-06, 02:16:22, 132.75, 52.25, 19.25, 26.25, 9999.0, 1.25, 1.5, 19.75, 9999.0, 9999.0, 9999.0, 121.0, 124.5, 120.5, 104.25, 135.25
2023-04-06, 02:16:26, 132.75, 52.25, 19.25, 26.25, 9999.0, 1.25, 1.5, 19.75, 9999.0, 9999.0, 9999.0, 120.75, 124.5, 120.5, 104.25, 135.25
2023-04-06, 02:16:30, 132.75, 52.25, 19.25, 26.5, 9999.0, 1.5, 1.75, 19.75, 9999.0, 9999.0, 9999.0, 120.75, 124.5, 120.5, 104.0, 135.5
2023-04-06, 02:16:34, 132.75, 52.25, 19.25, 26.25, 9999.0, 1.5, 1.5, 19.75, 9999.0, 9999.0, 9999.0, 120.75, 124.5, 120.5, 104.25, 135.25
2023-04-06, 02:16:38, 132.75, 52.25, 19.25, 26.25, 9999.0, 1.5, 1.5, 19.75, 9999.0, 9999.0, 9999.0, 120.75, 124.5, 120.5, 104.0, 135.5
2023-04-06, 02:16:42, 132.5, 52.25, 19.25, 26.25, 9999.0, 1.75, 1.75, 19.75, 9999.0, 9999.0, 9999.0, 120.75, 124.25, 120.5, 104.25, 135.5
2023-04-06, 02:16:46, 132.75, 52.25, 19.25, 26.0, 9999.0, 1.5, 1.5, 19.75, 9999.0, 9999.0, 9999.0, 120.75, 124.5, 120.5, 104.0, 135.5
2023-04-06, 02:16:50, 132.75, 52.25, 19.0, 26.0, 9999.0, 1.5, 1.5, 20.0, 9999.0, 9999.0, 9999.0, 121.5, 124.25, 120.5, 104.25, 135.25
2023-04-06, 02:16:54, 132.75, 52.25, 19.25, 26.0, 9999.0, 1.5, 1.75, 20.0, 9999.0, 9999.0, 9999.0, 121.5, 124.25, 120.5, 104.25, 135.5
2023-04-06, 02:16:58, 132.75, 52.25, 19.0, 26.0, 9999.0, 1.5, 1.75, 19.75, 9999.0, 9999.0, 9999.0, 121.5, 124.25, 120.5, 104.25, 135.5
2023-04-06, 02:17:02, 132.75, 52.25, 19.25, 26.0, 9999.0, 1.5, 1.5, 19.75, 9999.0, 9999.0, 9999.0, 121.25, 124.25, 120.5, 104.25, 135.25
2023-04-06, 02:17:06, 132.75, 52.25, 19.0, 26.0, 9999.0, 1.5, 1.75, 19.75, 9999.0, 9999.0, 9999.0, 121.25, 124.25, 120.5, 104.0, 135.25
2023-04-06, 02:17:10, 132.75, 52.25, 19.25, 26.0, 9999.0, 1.5, 1.75, 19.75, 9999.0, 9999.0, 9999.0, 121.25, 124.25, 120.5, 104.0, 135.25
2023-04-06, 02:17:14, 132.75, 52.25, 19.0, 26.25, 9999.0, 1.5, 1.75, 19.75, 9999.0, 9999.0, 9999.0, 121.25, 124.25, 120.25, 104.0, 135.25
2023-04-06, 02:17:18, 132.75, 52.25, 19.0, 26.25, 9999.0, 1.25, 1.5, 19.75, 9999.0, 9999.0, 9999.0, 121.25, 124.5, 120.5, 104.0, 135.5
2023-04-06, 02:17:22, 132.75, 52.25, 19.25, 26.25, 9999.0, 1.25, 1.5, 19.75, 9999.0, 9999.0, 9999.0, 121.0, 124.5, 120.5, 104.0, 135.5
2023-04-06, 02:17:26, 132.75, 52.25, 19.25, 26.0, 9999.0, 1.25, 1.75, 19.75, 9999.0, 9999.0, 9999.0, 121.0, 124.5, 120.5, 104.0, 135.25
2023-04-06, 02:17:30, 132.75, 52.25, 19.25, 26.0, 9999.0, 1.25, 1.5, 19.75, 9999.0, 9999.0, 9999.0, 121.0, 124.5, 120.5, 104.0, 135.25
2023-04-06, 02:17:34, 132.75, 52.25, 19.25, 26.25, 9999.0, 1.25, 1.5, 19.75, 9999.0, 9999.0, 9999.0, 121.0, 124.5, 120.5, 104.25, 135.25
2023-04-06, 02:17:38, 132.75, 52.25, 19.0, 26.25, 9999.0, 1.25, 1.5, 19.75, 9999.0, 9999.0, 9999.0, 121.0, 124.5, 120.5, 104.0, 135.25
2023-04-06, 02:17:42, 132.5, 52.25, 19.0, 26.25, 9999.0, 1.25, 1.5, 19.75, 9999.0, 9999.0, 9999.0, 120.75, 124.25, 120.5, 104.0, 135.25
2023-04-06, 02:17:46, 132.5, 52.25, 19.25, 26.25, 9999.0, 1.25, 1.5, 19.75, 9999.0, 9999.0, 9999.0, 121.0, 124.25, 120.5, 104.0, 135.25
2023-04-06, 02:17:50, 132.5, 52.25, 19.25, 26.25, 9999.0, 1.5, 1.5, 19.75, 9999.0, 9999.0, 9999.0, 120.75, 124.25, 120.5, 104.0, 135.25
2023-04-06, 02:17:54, 132.75, 52.25, 19.25, 26.25, 9999.0, 1.25, 1.5, 19.75, 9999.0, 9999.0, 9999.0, 120.75, 124.25, 120.5, 104.0, 135.25
2023-04-06, 02:17:58, 132.5, 52.25, 19.25, 26.25, 9999.0, 1.5, 1.5, 19.75, 9999.0, 9999.0, 9999.0, 120.75, 124.25, 120.5, 104.0, 135.25
2023-04-06, 02:18:02, 132.5, 52.25, 19.0, 26.0, 9999.0, 1.5, 1.5, 19.75, 9999.0, 9999.0, 9999.0, 120.75, 124.25, 120.5, 104.0, 135.25
2023-04-06, 02:18:06, 132.75, 52.25, 19.0, 26.25, 9999.0, 1.75, 1.5, 19.75, 9999.0, 9999.0, 9999.0, 121.5, 124.25, 120.5, 104.0, 135.25
2023-04-06, 02:18:10, 132.5, 52.25, 19.0, 26.25, 9999.0, 1.5, 1.5, 19.75, 9999.0, 9999.0, 9999.0, 121.5, 124.25, 120.5, 104.0, 135.25
2023-04-06, 02:18:14, 132.5, 52.25, 19.25, 26.0, 9999.0, 1.5, 1.5, 19.75, 9999.0, 9999.0, 9999.0, 121.25, 124.25, 120.5, 104.0, 135.25
2023-04-06, 02:18:18, 132.5, 52.25, 19.0, 26.0, 9999.0, 1.5, 1.5, 19.75, 9999.0, 9999.0, 9999.0, 121.25, 124.25, 120.25, 104.0, 135.25
2023-04-06, 02:18:22, 132.5, 52.25, 19.0, 26.0, 9999.0, 1.5, 1.5, 19.75, 9999.0, 9999.0, 9999.0, 121.25, 124.25, 120.25, 104.0, 135.25
2023-04-06, 02:18:26, 132.5, 52.25, 19.0, 26.25, 9999.0, 1.5, 1.5, 19.75, 9999.0, 9999.0, 9999.0, 121.25, 124.25, 120.25, 104.0, 135.25
2023-04-06, 02:18:30, 132.5, 52.25, 19.25, 26.0, 9999.0, 1.25, 1.5, 19.75, 9999.0, 9999.0, 9999.0, 121.0, 124.25, 120.25, 104.0, 135.25
2023-04-06, 02:18:34, 132.5, 52.25, 19.25, 26.0, 9999.0, 1.25, 1.5, 19.75, 9999.0, 9999.0, 9999.0, 121.0, 124.25, 120.25, 104.0, 135.25
2023-04-06, 02:18:38, 132.5, 52.25, 19.25, 26.0, 9999.0, 1.25, 1.75, 19.75, 9999.0, 9999.0, 9999.0, 121.0, 124.5, 120.5, 104.0, 135.25
2023-04-06, 02:18:42, 132.5, 52.25, 19.0, 26.25, 9999.0, 1.25, 1.5, 19.75, 9999.0, 9999.0, 9999.0, 121.0, 124.5, 120.5, 104.0, 135.25
2023-04-06, 02:18:46, 132.5, 52.0, 19.25, 26.25, 9999.0, 1.25, 1.5, 19.75, 9999.0, 9999.0, 9999.0, 121.0, 124.5, 120.5, 104.0, 135.25
2023-04-06, 02:18:50, 132.5, 52.25, 19.25, 26.25, 9999.0, 1.25, 1.5, 19.75, 9999.0, 9999.0, 9999.0, 121.0, 124.25, 120.5, 104.0, 135.25
2023-04-06, 02:18:54, 132.5, 52.25, 19.0, 26.25, 9999.0, 1.25, 1.5, 19.75, 9999.0, 9999.0, 9999.0, 121.0, 124.25, 120.5, 104.0, 135.25
2023-04-06, 02:18:58, 132.5, 52.0, 19.0, 26.25, 9999.0, 1.25, 1.5, 19.75, 9999.0, 9999.0, 9999.0, 121.0, 124.25, 120.5, 104.0, 135.25
2023-04-06, 02:19:02, 132.5, 52.0, 19.0, 26.0, 9999.0, 1.25, 1.5, 19.75, 9999.0, 9999.0, 9999.0, 120.75, 124.5, 120.25, 104.0, 135.25
2023-04-06, 02:19:06, 132.5, 52.25, 19.25, 26.25, 9999.0, 1.25, 1.5, 19.75, 9999.0, 9999.0, 9999.0, 120.75, 124.5, 120.5, 104.0, 135.25
2023-04-06, 02:19:10, 132.5, 52.25, 19.0, 26.25, 9999.0, 1.5, 1.5, 19.75, 9999.0, 9999.0, 9999.0, 120.75, 124.25, 120.5, 104.0, 135.25
2023-04-06, 02:19:14, 132.5, 52.0, 19.0, 26.0, 9999.0, 1.25, 1.5, 19.75, 9999.0, 9999.0, 9999.0, 120.75, 124.25, 120.5, 104.0, 135.25
2023-04-06, 02:19:18, 132.5, 52.0, 19.25, 26.0, 9999.0, 1.5, 1.5, 19.75, 9999.0, 9999.0, 9999.0, 120.75, 124.25, 120.5, 104.0, 135.25
2023-04-06, 02:19:22, 132.5, 52.0, 19.0, 26.0, 9999.0, 1.5, 1.5, 19.75, 9999.0, 9999.0, 9999.0, 120.75, 124.25, 120.5, 104.0, 135.25
2023-04-06, 02:19:26, 132.5, 52.0, 19.0, 26.0, 9999.0, 1.5, 1.5, 19.75, 9999.0, 9999.0, 9999.0, 121.25, 124.25, 120.5, 104.0, 135.25
2023-04-06, 02:19:30, 132.5, 52.0, 19.25, 26.25, 9999.0, 1.5, 1.5, 19.75, 9999.0, 9999.0, 9999.0, 121.25, 124.25, 120.5, 104.0, 135.25
2023-04-06, 02:19:34, 132.5, 52.0, 19.0, 26.25, 9999.0, 1.5, 1.5, 19.75, 9999.0, 9999.0, 9999.0, 121.25, 124.25, 120.25, 104.0, 135.25
2023-04-06, 02:19:38, 132.5, 52.0, 19.0, 26.25, 9999.0, 1.5, 1.5, 19.75, 9999.0, 9999.0, 9999.0, 121.25, 124.25, 120.5, 104.0, 135.25
2023-04-06, 02:19:42, 132.5, 52.0, 19.0, 26.0, 9999.0, 1.25, 1.5, 19.75, 9999.0, 9999.0, 9999.0, 121.25, 124.25, 120.25, 104.0, 135.25
2023-04-06, 02:19:46, 132.5, 52.0, 19.0, 26.0, 9999.0, 1.25, 1.5, 19.75, 9999.0, 9999.0, 9999.0, 121.0, 124.25, 120.25, 104.0, 135.25
2023-04-06, 02:19:50, 132.5, 52.0, 19.0, 26.0, 9999.0, 1.25, 1.5, 19.75, 9999.0, 9999.0, 9999.0, 121.0, 124.25, 120.5, 104.0, 135.25
2023-04-06, 02:19:54, 132.5, 52.0, 19.0, 26.0, 9999.0, 1.25, 1.5, 19.75, 9999.0, 9999.0, 9999.0, 121.0, 124.5, 120.25, 104.0, 135.25
2023-04-06, 02:19:58, 132.5, 52.0, 19.0, 26.0, 9999.0, 1.25, 1.5, 19.75, 9999.0, 9999.0, 9999.0, 121.0, 124.25, 120.5, 104.0, 135.25
2023-04-06, 02:20:02, 132.5, 52.0, 19.0, 26.0, 9999.0, 1.25, 1.5, 19.75, 9999.0, 9999.0, 9999.0, 121.0, 124.25, 120.25, 104.0, 135.25
2023-04-06, 02:20:06, 132.5, 52.0, 19.0, 26.0, 9999.0, 1.25, 1.5, 19.75, 9999.0, 9999.0, 9999.0, 121.0, 124.5, 120.25, 104.0, 135.25
2023-04-06, 02:20:10, 132.5, 52.0, 19.0, 26.25, 9999.0, 1.25, 1.5, 19.75, 9999.0, 9999.0, 9999.0, 121.0, 124.25, 120.5, 104.0, 135.25
2023-04-06, 02:20:14, 132.5, 52.0, 19.0, 26.0, 9999.0, 1.25, 1.5, 19.75, 9999.0, 9999.0, 9999.0, 120.75, 124.25, 120.25, 104.0, 135.25
2023-04-06, 02:20:18, 132.5, 52.0, 19.0, 26.0, 9999.0, 1.0, 1.5, 19.5, 9999.0, 9999.0, 9999.0, 120.75, 124.25, 120.25, 104.0, 135.25
2023-04-06, 02:20:22, 132.5, 52.0, 19.0, 26.0, 9999.0, 1.25, 1.5, 19.75, 9999.0, 9999.0, 9999.0, 120.75, 124.25, 120.25, 104.0, 135.25
2023-04-06, 02:20:26, 132.5, 52.0, 19.0, 26.25, 9999.0, 1.25, 1.5, 19.5, 9999.0, 9999.0, 9999.0, 120.75, 124.25, 120.25, 104.0, 135.25
2023-04-06, 02:20:30, 132.5, 52.0, 19.25, 26.25, 9999.0, 1.25, 1.5, 19.5, 9999.0, 9999.0, 9999.0, 120.75, 124.25, 120.5, 104.0, 135.25
2023-04-06, 02:20:34, 132.5, 52.0, 19.0, 26.25, 9999.0, 1.25, 1.5, 19.75, 9999.0, 9999.0, 9999.0, 120.75, 124.25, 120.5, 104.0, 135.25
2023-04-06, 02:20:38, 132.5, 52.0, 19.0, 26.0, 9999.0, 1.5, 1.5, 19.5, 9999.0, 9999.0, 9999.0, 120.75, 124.25, 120.25, 104.0, 135.25
2023-04-06, 02:20:42, 132.5, 52.0, 19.0, 26.25, 9999.0, 1.5, 1.5, 19.75, 9999.0, 9999.0, 9999.0, 120.5, 124.25, 120.25, 104.0, 135.25
2023-04-06, 02:20:46, 132.5, 52.0, 19.0, 26.0, 9999.0, 1.5, 1.5, 19.75, 9999.0, 9999.0, 9999.0, 121.25, 124.25, 120.25, 104.0, 135.25
2023-04-06, 02:20:51, 132.5, 52.0, 19.0, 26.0, 9999.0, 1.25, 1.5, 19.75, 9999.0, 9999.0, 9999.0, 121.25, 124.25, 120.25, 104.0, 135.25
2023-04-06, 02:20:55, 132.5, 52.0, 19.0, 26.0, 9999.0, 1.5, 1.5, 19.5, 9999.0, 9999.0, 9999.0, 121.25, 124.25, 120.25, 104.0, 135.25
2023-04-06, 02:20:59, 132.5, 52.0, 19.0, 26.0, 9999.0, 1.25, 1.5, 19.75, 9999.0, 9999.0, 9999.0, 121.25, 124.25, 120.25, 104.0, 135.25
2023-04-06, 02:21:03, 132.5, 52.0, 19.0, 26.0, 9999.0, 1.25, 1.5, 19.75, 9999.0, 9999.0, 9999.0, 121.0, 124.25, 120.25, 104.0, 135.25
2023-04-06, 02:21:07, 132.5, 52.0, 19.0, 26.25, 9999.0, 1.25, 1.5, 19.75, 9999.0, 9999.0, 9999.0, 121.0, 124.25, 120.25, 103.75, 135.25
2023-04-06, 02:21:11, 132.5, 52.0, 19.0, 26.0, 9999.0, 1.25, 1.5, 19.5, 9999.0, 9999.0, 9999.0, 121.0, 124.25, 120.25, 104.0, 135.25
2023-04-06, 02:21:15, 132.5, 52.0, 19.0, 26.0, 9999.0, 1.25, 1.5, 19.5, 9999.0, 9999.0, 9999.0, 121.0, 124.25, 120.25, 104.0, 135.25
2023-04-06, 02:21:19, 132.5, 52.0, 19.0, 26.0, 9999.0, 1.25, 1.5, 19.75, 9999.0, 9999.0, 9999.0, 121.0, 124.5, 120.25, 104.0, 135.25
2023-04-06, 02:21:23, 132.5, 52.0, 19.0, 26.0, 9999.0, 1.25, 1.5, 19.5, 9999.0, 9999.0, 9999.0, 121.0, 124.5, 120.5, 104.0, 135.25
2023-04-06, 02:21:27, 132.5, 52.0, 19.0, 26.0, 9999.0, 1.25, 1.5, 19.75, 9999.0, 9999.0, 9999.0, 121.0, 124.25, 120.25, 104.0, 135.25
2023-04-06, 02:21:31, 132.5, 52.0, 19.0, 26.0, 9999.0, 1.25, 1.5, 19.5, 9999.0, 9999.0, 9999.0, 120.75, 124.5, 120.25, 104.0, 135.25
2023-04-06, 02:21:35, 132.5, 52.0, 19.0, 26.0, 9999.0, 1.25, 1.5, 19.75, 9999.0, 9999.0, 9999.0, 120.75, 124.25, 120.25, 103.75, 135.25
2023-04-06, 02:21:39, 132.5, 52.0, 18.75, 26.0, 9999.0, 1.0, 1.5, 19.5, 9999.0, 9999.0, 9999.0, 120.75, 124.25, 120.25, 104.0, 135.25
2023-04-06, 02:21:43, 132.5, 52.0, 19.0, 26.0, 9999.0, 1.0, 1.5, 19.75, 9999.0, 9999.0, 9999.0, 120.75, 124.25, 120.25, 104.0, 135.25
2023-04-06, 02:21:47, 132.5, 52.0, 19.0, 26.0, 9999.0, 1.0, 1.5, 19.5, 9999.0, 9999.0, 9999.0, 120.75, 124.25, 120.25, 104.0, 135.25
2023-04-06, 02:21:51, 132.5, 52.0, 19.0, 26.0, 9999.0, 1.25, 1.5, 19.5, 9999.0, 9999.0, 9999.0, 120.5, 124.25, 120.25, 103.75, 135.25
2023-04-06, 02:21:55, 132.5, 52.0, 19.0, 26.0, 9999.0, 1.25, 1.5, 19.5, 9999.0, 9999.0, 9999.0, 120.5, 124.25, 120.25, 104.0, 135.25
2023-04-06, 02:21:59, 132.5, 52.0, 19.0, 26.25, 9999.0, 1.25, 1.5, 19.5, 9999.0, 9999.0, 9999.0, 120.5, 124.25, 120.5, 104.0, 135.25
2023-04-06, 02:22:03, 132.5, 52.0, 18.75, 26.0, 9999.0, 1.5, 1.5, 19.75, 9999.0, 9999.0, 9999.0, 120.5, 124.25, 120.25, 104.0, 135.25
2023-04-06, 02:22:07, 132.5, 52.0, 19.0, 26.0, 9999.0, 1.5, 1.5, 19.5, 9999.0, 9999.0, 9999.0, 121.25, 124.25, 120.25, 104.0, 135.25
2023-04-06, 02:22:11, 132.5, 52.0, 19.0, 26.0, 9999.0, 1.25, 1.5, 19.75, 9999.0, 9999.0, 9999.0, 121.25, 124.25, 120.25, 104.0, 135.25
2023-04-06, 02:22:15, 132.5, 52.0, 19.0, 26.0, 9999.0, 1.25, 1.5, 19.5, 9999.0, 9999.0, 9999.0, 121.25, 124.25, 120.25, 104.0, 135.25
2023-04-06, 02:22:19, 132.5, 52.0, 19.0, 26.0, 9999.0, 1.25, 1.5, 19.5, 9999.0, 9999.0, 9999.0, 121.25, 124.25, 120.25, 104.0, 135.25
2023-04-06, 02:22:23, 132.5, 52.0, 19.0, 26.0, 9999.0, 1.25, 1.5, 19.5, 9999.0, 9999.0, 9999.0, 121.0, 124.25, 120.25, 104.0, 135.0
2023-04-06, 02:22:27, 132.5, 52.0, 19.0, 26.0, 9999.0, 1.25, 1.5, 19.5, 9999.0, 9999.0, 9999.0, 121.0, 124.25, 120.25, 104.0, 135.25
2023-04-06, 02:22:31, 132.5, 52.0, 19.0, 26.0, 9999.0, 1.25, 1.5, 19.5, 9999.0, 9999.0, 9999.0, 121.0, 124.0, 120.25, 104.0, 135.25
2023-04-06, 02:22:35, 132.5, 52.0, 19.0, 26.0, 9999.0, 1.25, 1.5, 19.5, 9999.0, 9999.0, 9999.0, 121.0, 124.25, 120.25, 104.0, 135.25
2023-04-06, 02:22:39, 132.5, 52.0, 19.0, 26.25, 9999.0, 1.25, 1.5, 19.5, 9999.0, 9999.0, 9999.0, 121.0, 124.25, 120.25, 104.0, 135.25
2023-04-06, 02:22:43, 132.5, 52.0, 19.0, 26.25, 9999.0, 1.25, 1.5, 19.5, 9999.0, 9999.0, 9999.0, 120.75, 124.25, 120.25, 104.0, 135.25
2023-04-06, 02:22:47, 132.5, 52.0, 19.0, 26.0, 9999.0, 1.0, 1.5, 19.5, 9999.0, 9999.0, 9999.0, 120.75, 124.25, 120.5, 104.0, 135.25
2023-04-06, 02:22:51, 132.5, 52.0, 19.0, 26.0, 9999.0, 1.0, 1.5, 19.5, 9999.0, 9999.0, 9999.0, 120.75, 124.25, 120.25, 104.0, 135.25
2023-04-06, 02:22:55, 132.25, 52.0, 19.0, 26.0, 9999.0, 1.0, 1.25, 19.5, 9999.0, 9999.0, 9999.0, 120.75, 124.5, 120.25, 104.0, 135.0
2023-04-06, 02:22:59, 132.5, 52.0, 19.0, 26.0, 9999.0, 1.0, 1.25, 19.5, 9999.0, 9999.0, 9999.0, 120.75, 124.25, 120.25, 104.0, 135.25
2023-04-06, 02:23:03, 132.5, 51.75, 19.0, 26.0, 9999.0, 1.0, 1.25, 19.5, 9999.0, 9999.0, 9999.0, 120.75, 124.25, 120.25, 104.0, 135.25
2023-04-06, 02:23:07, 132.5, 52.0, 19.0, 26.0, 9999.0, 1.25, 1.25, 19.5, 9999.0, 9999.0, 9999.0, 120.75, 124.25, 120.5, 104.0, 135.25
2023-04-06, 02:23:11, 132.5, 51.75, 19.0, 26.25, 9999.0, 1.25, 1.5, 19.5, 9999.0, 9999.0, 9999.0, 120.5, 124.25, 120.25, 104.0, 135.0
2023-04-06, 02:23:15, 132.25, 52.0, 19.0, 26.25, 9999.0, 1.25, 1.25, 19.5, 9999.0, 9999.0, 9999.0, 120.5, 124.5, 120.5, 104.0, 135.25
2023-04-06, 02:23:19, 132.25, 52.0, 19.0, 26.0, 9999.0, 1.5, 1.5, 19.75, 9999.0, 9999.0, 9999.0, 120.5, 124.25, 120.25, 104.0, 135.25
2023-04-06, 02:23:23, 132.25, 51.75, 18.75, 26.0, 9999.0, 1.5, 1.5, 19.5, 9999.0, 9999.0, 9999.0, 120.5, 124.25, 120.5, 104.0, 135.0
2023-04-06, 02:23:27, 132.5, 51.75, 19.0, 26.0, 9999.0, 1.25, 1.5, 19.5, 9999.0, 9999.0, 9999.0, 121.25, 124.25, 120.5, 104.0, 135.25
2023-04-06, 02:23:31, 132.25, 51.75, 19.0, 26.0, 9999.0, 1.25, 1.5, 19.5, 9999.0, 9999.0, 9999.0, 121.25, 124.25, 120.5, 104.0, 135.25
2023-04-06, 02:23:35, 132.5, 51.75, 19.0, 26.0, 9999.0, 1.25, 1.25, 19.5, 9999.0, 9999.0, 9999.0, 121.25, 124.25, 120.25, 104.0, 135.25
2023-04-06, 02:23:39, 132.25, 52.0, 19.0, 26.0, 9999.0, 1.25, 1.5, 19.5, 9999.0, 9999.0, 9999.0, 121.0, 124.25, 120.25, 104.0, 135.25
2023-04-06, 02:23:43, 132.5, 51.75, 19.0, 26.25, 9999.0, 1.25, 1.25, 19.5, 9999.0, 9999.0, 9999.0, 121.0, 124.25, 120.25, 104.0, 135.25
2023-04-06, 02:23:47, 132.5, 52.0, 19.0, 26.25, 9999.0, 1.25, 1.25, 19.5, 9999.0, 9999.0, 9999.0, 121.0, 124.25, 120.5, 104.0, 135.0
2023-04-06, 02:23:51, 132.5, 51.75, 19.0, 26.25, 9999.0, 1.25, 1.5, 19.5, 9999.0, 9999.0, 9999.0, 121.0, 124.25, 120.25, 104.0, 135.25
2023-04-06, 02:23:55, 132.25, 52.0, 19.0, 26.25, 9999.0, 1.25, 1.25, 19.5, 9999.0, 9999.0, 9999.0, 120.75, 124.5, 120.5, 104.0, 135.0
2023-04-06, 02:23:59, 132.5, 51.75, 19.0, 26.25, 9999.0, 1.25, 1.5, 19.5, 9999.0, 9999.0, 9999.0, 121.0, 124.5, 120.25, 104.0, 135.25
2023-04-06, 02:24:03, 132.5, 51.75, 19.0, 26.25, 9999.0, 1.0, 1.5, 19.5, 9999.0, 9999.0, 9999.0, 121.0, 124.5, 120.5, 104.0, 135.25
2023-04-06, 02:24:07, 132.25, 52.0, 19.0, 26.25, 9999.0, 1.25, 1.5, 19.5, 9999.0, 9999.0, 9999.0, 120.75, 124.5, 120.5, 104.0, 135.25
2023-04-06, 02:24:11, 132.5, 51.75, 19.0, 26.25, 9999.0, 1.0, 1.25, 19.5, 9999.0, 9999.0, 9999.0, 120.75, 124.5, 120.25, 104.0, 135.25
2023-04-06, 02:24:15, 132.5, 52.0, 19.0, 26.0, 9999.0, 1.0, 1.5, 19.5, 9999.0, 9999.0, 9999.0, 120.75, 124.25, 120.5, 104.0, 135.25
2023-04-06, 02:24:19, 132.5, 52.0, 19.0, 26.0, 9999.0, 1.0, 1.5, 19.5, 9999.0, 9999.0, 9999.0, 120.75, 124.5, 120.25, 104.0, 135.25
2023-04-06, 02:24:23, 132.25, 52.0, 19.0, 26.0, 9999.0, 1.0, 1.25, 19.5, 9999.0, 9999.0, 9999.0, 120.75, 124.25, 120.5, 104.0, 135.25
2023-04-06, 02:24:27, 132.25, 52.0, 19.0, 26.25, 9999.0, 1.25, 1.5, 19.5, 9999.0, 9999.0, 9999.0, 120.75, 124.25, 120.5, 104.0, 135.25
2023-04-06, 02:24:31, 132.25, 52.0, 19.0, 26.0, 9999.0, 1.25, 1.5, 19.5, 9999.0, 9999.0, 9999.0, 120.5, 124.25, 120.5, 104.0, 135.25
2023-04-06, 02:24:35, 132.25, 52.0, 19.0, 26.25, 9999.0, 1.25, 1.25, 19.5, 9999.0, 9999.0, 9999.0, 120.5, 124.25, 120.5, 104.0, 135.25
2023-04-06, 02:24:39, 132.5, 52.0, 19.0, 26.0, 9999.0, 1.5, 1.5, 19.5, 9999.0, 9999.0, 9999.0, 120.5, 124.25, 120.25, 104.0, 135.25
2023-04-06, 02:24:43, 132.25, 52.0, 19.0, 26.0, 9999.0, 1.5, 1.5, 19.5, 9999.0, 9999.0, 9999.0, 121.25, 124.25, 120.25, 104.0, 135.25
2023-04-06, 02:24:47, 132.25, 52.0, 19.0, 26.0, 9999.0, 1.25, 1.5, 19.5, 9999.0, 9999.0, 9999.0, 121.25, 124.25, 120.5, 104.0, 135.25
2023-04-06, 02:24:51, 132.25, 51.75, 19.0, 26.0, 9999.0, 1.25, 1.5, 19.5, 9999.0, 9999.0, 9999.0, 121.25, 124.25, 120.5, 104.0, 135.25
2023-04-06, 02:24:55, 132.25, 51.75, 19.0, 26.0, 9999.0, 1.25, 1.5, 19.5, 9999.0, 9999.0, 9999.0, 121.25, 124.25, 120.25, 104.0, 135.25
2023-04-06, 02:24:59, 132.5, 51.75, 19.0, 26.0, 9999.0, 1.25, 1.5, 19.5, 9999.0, 9999.0, 9999.0, 121.0, 124.25, 120.5, 104.0, 135.25
2023-04-06, 02:25:03, 132.25, 51.75, 19.0, 26.0, 9999.0, 1.25, 1.5, 19.5, 9999.0, 9999.0, 9999.0, 121.0, 124.25, 120.25, 104.0, 135.25
2023-04-06, 02:25:07, 132.25, 52.0, 19.0, 26.0, 9999.0, 1.25, 1.5, 19.75, 9999.0, 9999.0, 9999.0, 121.0, 124.25, 120.25, 104.0, 135.0
2023-04-06, 02:25:11, 132.25, 52.0, 19.0, 26.0, 9999.0, 1.25, 1.5, 19.5, 9999.0, 9999.0, 9999.0, 121.0, 124.25, 120.25, 104.0, 135.25
2023-04-06, 02:25:15, 132.5, 51.75, 19.0, 26.0, 9999.0, 1.25, 1.25, 19.75, 9999.0, 9999.0, 9999.0, 121.0, 124.25, 120.5, 104.0, 135.25
2023-04-06, 02:25:20, 132.25, 52.0, 19.0, 26.0, 9999.0, 1.0, 1.25, 19.5, 9999.0, 9999.0, 9999.0, 121.0, 124.5, 120.25, 104.0, 135.25
2023-04-06, 02:25:24, 132.25, 51.75, 19.0, 26.25, 9999.0, 1.25, 1.5, 19.5, 9999.0, 9999.0, 9999.0, 121.0, 124.5, 120.5, 104.0, 135.25
2023-04-06, 02:25:28, 132.25, 51.75, 19.0, 26.0, 9999.0, 1.0, 1.5, 19.5, 9999.0, 9999.0, 9999.0, 120.75, 124.25, 120.5, 104.0, 135.25
2023-04-06, 02:25:32, 132.25, 51.75, 19.0, 26.0, 9999.0, 1.25, 1.25, 19.5, 9999.0, 9999.0, 9999.0, 121.0, 124.5, 120.5, 104.0, 135.25
2023-04-06, 02:25:36, 132.25, 51.75, 19.0, 26.0, 9999.0, 1.0, 1.5, 19.75, 9999.0, 9999.0, 9999.0, 120.75, 124.5, 120.25, 104.0, 135.25
2023-04-06, 02:25:40, 132.25, 51.75, 19.0, 26.0, 9999.0, 1.0, 1.5, 19.5, 9999.0, 9999.0, 9999.0, 120.75, 124.25, 120.5, 104.0, 135.25
2023-04-06, 02:25:44, 132.25, 51.75, 19.0, 26.25, 9999.0, 1.0, 1.25, 19.5, 9999.0, 9999.0, 9999.0, 120.75, 124.5, 120.5, 104.0, 135.0
2023-04-06, 02:25:48, 132.25, 51.75, 19.0, 26.25, 9999.0, 1.0, 1.25, 19.5, 9999.0, 9999.0, 9999.0, 120.5, 124.5, 120.5, 104.0, 135.25
2023-04-06, 02:25:52, 132.25, 52.0, 19.0, 26.25, 9999.0, 1.25, 1.5, 19.5, 9999.0, 9999.0, 9999.0, 120.75, 124.25, 120.5, 104.0, 135.0
2023-04-06, 02:25:56, 132.25, 51.75, 19.0, 26.25, 9999.0, 1.25, 1.5, 19.5, 9999.0, 9999.0, 9999.0, 120.5, 124.25, 120.5, 104.0, 135.0
2023-04-06, 02:26:00, 132.25, 52.0, 19.0, 26.25, 9999.0, 1.5, 1.5, 19.5, 9999.0, 9999.0, 9999.0, 120.5, 124.25, 120.5, 104.0, 135.25
2023-04-06, 02:26:04, 132.25, 51.75, 19.0, 26.0, 9999.0, 1.5, 1.5, 19.5, 9999.0, 9999.0, 9999.0, 120.5, 124.25, 120.5, 104.0, 135.0
2023-04-06, 02:26:08, 132.25, 52.0, 19.0, 26.0, 9999.0, 1.5, 1.5, 19.5, 9999.0, 9999.0, 9999.0, 121.25, 124.25, 120.25, 104.0, 135.25
2023-04-06, 02:26:12, 132.25, 51.75, 19.0, 26.0, 9999.0, 1.5, 1.5, 19.75, 9999.0, 9999.0, 9999.0, 121.25, 124.25, 120.25, 104.0, 135.25
2023-04-06, 02:26:16, 132.25, 52.0, 19.0, 26.25, 9999.0, 1.25, 1.25, 19.5, 9999.0, 9999.0, 9999.0, 121.25, 124.25, 120.25, 104.0, 135.25
2023-04-06, 02:26:20, 132.5, 51.75, 19.0, 26.25, 9999.0, 1.25, 1.25, 19.75, 9999.0, 9999.0, 9999.0, 121.0, 124.25, 120.5, 104.0, 135.25
2023-04-06, 02:26:24, 132.25, 52.0, 19.0, 26.0, 9999.0, 1.25, 1.5, 19.5, 9999.0, 9999.0, 9999.0, 121.0, 124.25, 120.5, 104.0, 135.0
2023-04-06, 02:26:28, 132.25, 52.0, 19.0, 26.25, 9999.0, 1.25, 1.5, 19.5, 9999.0, 9999.0, 9999.0, 121.0, 124.25, 120.5, 104.0, 135.0
2023-04-06, 02:26:32, 132.25, 52.0, 19.0, 26.25, 9999.0, 1.25, 1.5, 19.5, 9999.0, 9999.0, 9999.0, 121.0, 124.25, 120.5, 104.0, 135.25
2023-04-06, 02:26:36, 132.25, 51.75, 19.0, 26.0, 9999.0, 1.25, 1.5, 19.5, 9999.0, 9999.0, 9999.0, 121.0, 124.5, 120.25, 104.0, 135.25
2023-04-06, 02:26:40, 132.25, 52.0, 19.0, 26.0, 9999.0, 1.25, 1.5, 19.5, 9999.0, 9999.0, 9999.0, 121.0, 124.5, 120.5, 104.0, 135.0
2023-04-06, 02:26:44, 132.25, 52.0, 19.0, 26.0, 9999.0, 1.25, 1.5, 19.5, 9999.0, 9999.0, 9999.0, 121.0, 124.5, 120.5, 104.0, 135.25
2023-04-06, 02:26:48, 132.25, 52.0, 19.0, 26.25, 9999.0, 1.0, 1.5, 19.5, 9999.0, 9999.0, 9999.0, 121.0, 124.5, 120.5, 104.0, 135.25
2023-04-06, 02:26:52, 132.25, 52.0, 19.0, 26.25, 9999.0, 1.0, 1.5, 19.5, 9999.0, 9999.0, 9999.0, 120.75, 124.5, 120.5, 104.0, 135.25
2023-04-06, 02:26:56, 132.25, 52.0, 19.0, 26.25, 9999.0, 1.0, 1.5, 19.5, 9999.0, 9999.0, 9999.0, 120.75, 124.5, 120.5, 104.0, 135.25
2023-04-06, 02:27:00, 132.25, 52.0, 19.0, 26.25, 9999.0, 1.0, 1.25, 19.5, 9999.0, 9999.0, 9999.0, 120.75, 124.5, 120.5, 104.0, 135.25
2023-04-06, 02:27:04, 132.25, 51.75, 19.0, 26.25, 9999.0, 1.0, 1.25, 19.5, 9999.0, 9999.0, 9999.0, 120.75, 124.25, 120.5, 104.0, 135.25
2023-04-06, 02:27:08, 132.25, 52.0, 18.75, 26.25, 9999.0, 1.0, 1.25, 19.5, 9999.0, 9999.0, 9999.0, 120.75, 124.5, 120.5, 104.0, 135.0
2023-04-06, 02:27:12, 132.5, 52.0, 19.0, 26.25, 9999.0, 1.25, 1.25, 19.5, 9999.0, 9999.0, 9999.0, 120.75, 124.25, 120.5, 104.0, 135.25
2023-04-06, 02:27:16, 132.25, 52.0, 19.0, 26.25, 9999.0, 1.25, 1.25, 19.5, 9999.0, 9999.0, 9999.0, 120.5, 124.25, 120.5, 104.0, 135.25
2023-04-06, 02:27:20, 132.25, 51.75, 19.0, 26.25, 9999.0, 1.25, 1.25, 19.75, 9999.0, 9999.0, 9999.0, 120.5, 124.25, 120.5, 104.0, 135.25
2023-04-06, 02:27:24, 132.25, 51.75, 19.0, 26.25, 9999.0, 1.5, 1.5, 19.75, 9999.0, 9999.0, 9999.0, 120.5, 124.25, 120.5, 104.0, 135.25
2023-04-06, 02:27:28, 132.25, 51.75, 19.0, 26.25, 9999.0, 1.5, 1.5, 19.5, 9999.0, 9999.0, 9999.0, 121.25, 124.25, 120.25, 104.0, 135.25
2023-04-06, 02:27:32, 132.25, 51.75, 19.0, 26.25, 9999.0, 1.25, 1.25, 19.5, 9999.0, 9999.0, 9999.0, 121.25, 124.25, 120.5, 104.0, 135.25
2023-04-06, 02:27:36, 132.25, 51.75, 19.0, 26.0, 9999.0, 1.25, 1.5, 19.5, 9999.0, 9999.0, 9999.0, 121.25, 124.25, 120.5, 104.0, 135.25
2023-04-06, 02:27:40, 132.25, 51.75, 19.0, 26.0, 9999.0, 1.25, 1.5, 19.5, 9999.0, 9999.0, 9999.0, 121.0, 124.25, 120.5, 104.0, 135.25
2023-04-06, 02:27:44, 132.25, 52.0, 19.0, 26.25, 9999.0, 1.25, 1.5, 19.5, 9999.0, 9999.0, 9999.0, 121.0, 124.25, 120.5, 104.0, 135.25
2023-04-06, 02:27:48, 132.25, 51.75, 19.0, 26.25, 9999.0, 1.25, 1.25, 19.5, 9999.0, 9999.0, 9999.0, 121.0, 124.25, 120.5, 104.0, 135.25
2023-04-06, 02:27:52, 132.25, 51.75, 19.25, 26.25, 9999.0, 1.25, 1.25, 19.5, 9999.0, 9999.0, 9999.0, 121.0, 124.25, 120.5, 104.0, 135.25
2023-04-06, 02:27:56, 132.25, 51.75, 19.0, 26.0, 9999.0, 1.25, 1.5, 19.5, 9999.0, 9999.0, 9999.0, 121.0, 124.5, 120.5, 104.0, 135.25
2023-04-06, 02:28:00, 132.25, 52.0, 19.0, 26.0, 9999.0, 1.0, 1.5, 19.5, 9999.0, 9999.0, 9999.0, 121.0, 124.5, 120.5, 104.0, 135.25
2023-04-06, 02:28:04, 132.25, 52.0, 19.0, 26.0, 9999.0, 1.25, 1.5, 19.5, 9999.0, 9999.0, 9999.0, 121.0, 124.5, 120.5, 104.0, 135.25
2023-04-06, 02:28:08, 132.25, 52.0, 19.0, 26.25, 9999.0, 1.25, 1.5, 19.5, 9999.0, 9999.0, 9999.0, 120.75, 124.5, 120.5, 104.25, 135.25
2023-04-06, 02:28:12, 132.25, 52.0, 19.0, 26.25, 9999.0, 1.0, 1.25, 19.5, 9999.0, 9999.0, 9999.0, 121.0, 124.5, 120.5, 104.0, 135.25
2023-04-06, 02:28:16, 132.25, 52.0, 19.0, 26.25, 9999.0, 1.0, 1.5, 19.5, 9999.0, 9999.0, 9999.0, 120.75, 124.5, 120.5, 104.0, 135.25
2023-04-06, 02:28:20, 132.25, 52.0, 19.0, 26.25, 9999.0, 1.0, 1.5, 19.5, 9999.0, 9999.0, 9999.0, 120.75, 124.5, 120.5, 104.0, 135.0
2023-04-06, 02:28:24, 132.25, 51.75, 19.0, 26.25, 9999.0, 1.0, 1.25, 19.5, 9999.0, 9999.0, 9999.0, 120.75, 124.5, 120.5, 104.0, 135.25
2023-04-06, 02:28:28, 132.25, 52.0, 18.75, 26.0, 9999.0, 1.0, 1.5, 19.5, 9999.0, 9999.0, 9999.0, 120.75, 124.5, 120.5, 104.0, 135.0
2023-04-06, 02:28:32, 132.25, 51.75, 19.0, 26.0, 9999.0, 1.25, 1.25, 19.5, 9999.0, 9999.0, 9999.0, 120.75, 124.5, 120.5, 104.0, 135.25
2023-04-06, 02:28:36, 132.25, 52.0, 19.0, 26.25, 9999.0, 1.25, 1.25, 19.5, 9999.0, 9999.0, 9999.0, 120.5, 124.5, 120.5, 104.0, 135.25
2023-04-06, 02:28:40, 132.25, 52.0, 19.0, 26.25, 9999.0, 1.25, 1.5, 19.5, 9999.0, 9999.0, 9999.0, 120.5, 124.5, 120.5, 104.0, 135.25
2023-04-06, 02:28:44, 132.25, 51.75, 19.0, 26.25, 9999.0, 1.5, 1.25, 19.5, 9999.0, 9999.0, 9999.0, 120.5, 124.5, 120.5, 104.0, 135.25
2023-04-06, 02:28:48, 132.25, 51.75, 19.0, 26.25, 9999.0, 1.5, 1.5, 19.5, 9999.0, 9999.0, 9999.0, 121.25, 124.5, 120.5, 104.0, 135.0
2023-04-06, 02:28:52, 132.25, 52.0, 19.0, 26.25, 9999.0, 1.25, 1.5, 19.5, 9999.0, 9999.0, 9999.0, 121.25, 124.25, 120.5, 104.0, 135.25
2023-04-06, 02:28:56, 132.25, 52.0, 19.0, 26.25, 9999.0, 1.25, 1.25, 19.5, 9999.0, 9999.0, 9999.0, 121.25, 124.25, 120.5, 104.25, 135.25
2023-04-06, 02:29:00, 132.25, 52.0, 19.0, 26.25, 9999.0, 1.25, 1.5, 19.5, 9999.0, 9999.0, 9999.0, 121.25, 124.25, 120.5, 104.0, 135.25
2023-04-06, 02:29:04, 132.25, 52.0, 19.0, 26.25, 9999.0, 1.25, 1.5, 19.5, 9999.0, 9999.0, 9999.0, 121.0, 124.25, 120.5, 104.0, 135.25
2023-04-06, 02:29:08, 132.25, 52.0, 19.0, 26.25, 9999.0, 1.25, 1.5, 19.5, 9999.0, 9999.0, 9999.0, 121.0, 124.25, 120.5, 104.25, 135.25
2023-04-06, 02:29:12, 132.25, 52.0, 19.0, 26.25, 9999.0, 1.25, 1.25, 19.5, 9999.0, 9999.0, 9999.0, 121.0, 124.25, 120.5, 104.0, 135.25
2023-04-06, 02:29:16, 132.25, 51.75, 19.25, 26.25, 9999.0, 1.25, 1.25, 19.5, 9999.0, 9999.0, 9999.0, 121.0, 124.25, 120.5, 104.0, 135.25
2023-04-06, 02:29:20, 132.25, 51.75, 19.25, 26.25, 9999.0, 1.25, 1.25, 19.5, 9999.0, 9999.0, 9999.0, 121.0, 124.5, 120.25, 104.25, 135.25
2023-04-06, 02:29:24, 132.25, 52.0, 19.0, 26.25, 9999.0, 1.25, 1.5, 19.5, 9999.0, 9999.0, 9999.0, 121.0, 124.5, 120.5, 104.25, 135.25
2023-04-06, 02:29:28, 132.25, 52.0, 19.0, 26.0, 9999.0, 1.0, 1.25, 19.5, 9999.0, 9999.0, 9999.0, 121.0, 124.5, 120.5, 104.0, 135.25
2023-04-06, 02:29:32, 132.25, 51.75, 19.0, 26.0, 9999.0, 1.0, 1.25, 19.5, 9999.0, 9999.0, 9999.0, 120.75, 124.5, 120.5, 104.25, 135.25
2023-04-06, 02:29:36, 132.25, 51.75, 18.75, 26.25, 9999.0, 1.0, 1.5, 19.5, 9999.0, 9999.0, 9999.0, 120.75, 124.5, 120.25, 104.0, 135.25
2023-04-06, 02:29:40, 132.25, 51.75, 19.0, 26.25, 9999.0, 1.0, 1.5, 19.5, 9999.0, 9999.0, 9999.0, 120.75, 124.5, 120.5, 104.25, 135.25
2023-04-06, 02:29:45, 132.25, 52.0, 19.0, 26.25, 9999.0, 1.0, 1.25, 19.5, 9999.0, 9999.0, 9999.0, 120.75, 124.5, 120.5, 104.0, 135.25
2023-04-06, 02:29:49, 132.25, 51.75, 19.0, 26.25, 9999.0, 1.0, 1.5, 19.5, 9999.0, 9999.0, 9999.0, 120.75, 124.5, 120.5, 104.0, 135.25
2023-04-06, 02:29:53, 132.25, 52.0, 19.0, 26.25, 9999.0, 1.25, 1.25, 19.5, 9999.0, 9999.0, 9999.0, 120.75, 124.5, 120.5, 104.25, 135.25
2023-04-06, 02:29:57, 132.25, 51.75, 19.0, 26.25, 9999.0, 1.25, 1.25, 19.5, 9999.0, 9999.0, 9999.0, 120.5, 124.5, 120.5, 104.0, 135.25
2023-04-06, 02:30:01, 132.25, 51.75, 19.0, 26.25, 9999.0, 1.25, 1.25, 19.5, 9999.0, 9999.0, 9999.0, 120.5, 124.5, 120.5, 104.0, 135.25
2023-04-06, 02:30:05, 132.25, 51.75, 19.0, 26.25, 9999.0, 1.5, 1.5, 19.5, 9999.0, 9999.0, 9999.0, 120.5, 124.5, 120.5, 104.0, 135.25
2023-04-06, 02:30:09, 132.25, 51.75, 19.0, 26.25, 9999.0, 1.5, 1.5, 19.5, 9999.0, 9999.0, 9999.0, 121.5, 124.5, 120.5, 104.0, 135.25
2023-04-06, 02:30:13, 132.25, 51.75, 19.0, 26.0, 9999.0, 1.25, 1.5, 19.5, 9999.0, 9999.0, 9999.0, 121.25, 124.25, 120.5, 104.0, 135.25
2023-04-06, 02:30:17, 132.25, 51.75, 19.0, 26.0, 9999.0, 1.25, 1.25, 19.5, 9999.0, 9999.0, 9999.0, 121.25, 124.25, 120.5, 104.25, 135.25
2023-04-06, 02:30:21, 132.25, 51.75, 19.0, 26.0, 9999.0, 1.5, 1.25, 19.5, 9999.0, 9999.0, 9999.0, 121.25, 124.25, 120.5, 104.25, 135.25
2023-04-06, 02:30:41, 132.25, 52.0, 19.0, 26.0, 9999.0, 1.25, 1.5, 19.5, 9999.0, 9999.0, 9999.0, 121.0, 124.25, 120.5, 104.25, 135.25
2023-04-06, 02:30:42, 132.25, 51.75, 19.25, 26.0, 9999.0, 1.25, 1.25, 19.5, 9999.0, 9999.0, 9999.0, 121.0, 124.25, 120.5, 104.25, 135.25
2023-04-06, 02:30:43, 132.25, 52.0, 19.0, 26.0, 9999.0, 1.25, 1.5, 19.5, 9999.0, 9999.0, 9999.0, 121.0, 124.25, 120.5, 104.0, 135.25
2023-04-06, 02:30:44, 132.25, 51.75, 19.0, 26.0, 9999.0, 1.0, 1.5, 19.5, 9999.0, 9999.0, 9999.0, 121.0, 124.25, 120.5, 104.25, 135.25
2023-04-06, 02:30:45, 132.25, 52.0, 19.0, 26.0, 9999.0, 1.0, 1.25, 19.5, 9999.0, 9999.0, 9999.0, 121.0, 124.5, 120.5, 104.25, 135.25
2023-04-06, 02:30:46, 132.25, 52.0, 19.0, 26.0, 9999.0, 1.0, 1.5, 19.5, 9999.0, 9999.0, 9999.0, 121.0, 124.5, 120.5, 104.25, 135.25
2023-04-06, 02:30:49, 132.5, 51.75, 19.0, 26.0, 9999.0, 1.25, 1.5, 19.5, 9999.0, 9999.0, 9999.0, 121.0, 124.5, 120.5, 104.0, 135.25
2023-04-06, 02:30:53, 132.5, 51.75, 19.0, 26.0, 9999.0, 1.25, 1.5, 19.5, 9999.0, 9999.0, 9999.0, 121.0, 124.5, 120.5, 104.25, 135.25
2023-04-06, 02:30:57, 132.25, 52.0, 19.0, 26.0, 9999.0, 1.25, 1.5, 19.5, 9999.0, 9999.0, 9999.0, 121.0, 124.5, 120.5, 104.25, 135.25
2023-04-06, 02:31:01, 132.25, 51.75, 19.0, 26.0, 9999.0, 1.0, 1.25, 19.5, 9999.0, 9999.0, 9999.0, 120.75, 124.5, 120.5, 104.25, 135.25
2023-04-06, 02:31:05, 132.25, 52.0, 19.0, 26.25, 9999.0, 1.0, 1.5, 19.5, 9999.0, 9999.0, 9999.0, 120.75, 124.5, 120.5, 104.0, 135.25
2023-04-06, 02:31:09, 132.5, 52.0, 19.25, 26.25, 9999.0, 1.0, 1.5, 19.5, 9999.0, 9999.0, 9999.0, 120.75, 124.25, 120.5, 104.25, 135.25
2023-04-06, 02:31:13, 132.5, 52.0, 19.0, 26.0, 9999.0, 1.0, 1.5, 19.5, 9999.0, 9999.0, 9999.0, 120.75, 124.5, 120.5, 104.0, 135.25
2023-04-06, 02:31:17, 132.5, 52.0, 19.0, 26.25, 9999.0, 1.25, 1.5, 19.5, 9999.0, 9999.0, 9999.0, 120.75, 124.25, 120.5, 104.0, 135.25
2023-04-06, 02:31:21, 132.25, 52.0, 19.0, 26.25, 9999.0, 1.25, 1.25, 19.5, 9999.0, 9999.0, 9999.0, 120.75, 124.25, 120.5, 104.25, 135.25
2023-04-06, 02:31:25, 132.25, 52.0, 19.0, 26.25, 9999.0, 1.5, 1.5, 19.5, 9999.0, 9999.0, 9999.0, 120.75, 124.5, 120.5, 104.25, 135.25
2023-04-06, 02:31:29, 132.25, 52.0, 19.0, 26.0, 9999.0, 1.5, 1.25, 19.5, 9999.0, 9999.0, 9999.0, 120.5, 124.25, 120.5, 104.25, 135.25
2023-04-06, 02:31:33, 132.5, 52.0, 19.0, 26.0, 9999.0, 1.5, 1.25, 19.5, 9999.0, 9999.0, 9999.0, 121.5, 124.25, 120.5, 104.25, 135.25
2023-04-06, 02:31:37, 132.25, 52.0, 19.0, 26.25, 9999.0, 1.25, 1.5, 19.5, 9999.0, 9999.0, 9999.0, 121.25, 124.25, 120.5, 104.25, 135.25
2023-04-06, 02:31:41, 132.25, 51.75, 19.0, 26.25, 9999.0, 1.25, 1.5, 19.75, 9999.0, 9999.0, 9999.0, 121.25, 124.25, 120.5, 104.25, 135.25
2023-04-06, 02:31:45, 132.5, 52.0, 19.25, 26.25, 9999.0, 1.25, 1.5, 19.5, 9999.0, 9999.0, 9999.0, 121.25, 124.25, 120.5, 104.25, 135.25
2023-04-06, 02:31:49, 132.25, 52.0, 19.25, 26.0, 9999.0, 1.25, 1.5, 19.5, 9999.0, 9999.0, 9999.0, 121.25, 124.25, 120.5, 104.25, 135.25
2023-04-06, 02:31:53, 132.25, 52.0, 19.0, 26.25, 9999.0, 1.25, 1.5, 19.75, 9999.0, 9999.0, 9999.0, 121.0, 124.25, 120.5, 104.25, 135.25
2023-04-06, 02:31:57, 132.5, 52.0, 19.0, 26.25, 9999.0, 1.25, 1.5, 19.5, 9999.0, 9999.0, 9999.0, 121.0, 124.25, 120.5, 104.25, 135.25
2023-04-06, 02:32:01, 132.25, 52.0, 19.0, 26.25, 9999.0, 1.25, 1.5, 19.5, 9999.0, 9999.0, 9999.0, 121.0, 124.5, 120.5, 104.25, 135.25
2023-04-06, 02:32:05, 132.5, 52.0, 19.0, 26.25, 9999.0, 1.25, 1.5, 19.5, 9999.0, 9999.0, 9999.0, 121.0, 124.5, 120.5, 104.25, 135.25
2023-04-06, 02:32:09, 132.25, 52.0, 19.0, 26.25, 9999.0, 1.25, 1.5, 19.5, 9999.0, 9999.0, 9999.0, 121.0, 124.5, 120.5, 104.25, 135.25
2023-04-06, 02:32:13, 132.25, 52.0, 19.0, 26.25, 9999.0, 1.25, 1.5, 19.75, 9999.0, 9999.0, 9999.0, 121.0, 124.5, 120.5, 104.25, 135.25
2023-04-06, 02:32:17, 132.25, 52.0, 19.0, 26.25, 9999.0, 1.25, 1.5, 19.5, 9999.0, 9999.0, 9999.0, 120.75, 124.5, 120.5, 104.25, 135.25
2023-04-06, 02:32:21, 132.5, 52.0, 19.25, 26.25, 9999.0, 1.0, 1.5, 19.5, 9999.0, 9999.0, 9999.0, 120.75, 124.5, 120.5, 104.25, 135.25
2023-04-06, 02:32:25, 132.25, 52.0, 19.0, 26.0, 9999.0, 1.0, 1.5, 19.5, 9999.0, 9999.0, 9999.0, 120.75, 124.5, 120.5, 104.25, 135.25
2023-04-06, 02:32:29, 132.25, 52.0, 19.25, 26.0, 9999.0, 1.0, 1.5, 19.5, 9999.0, 9999.0, 9999.0, 120.5, 124.5, 120.5, 104.25, 135.25
2023-04-06, 02:32:33, 132.5, 52.0, 19.25, 26.25, 9999.0, 1.0, 1.25, 19.5, 9999.0, 9999.0, 9999.0, 120.75, 124.5, 120.5, 104.25, 135.25
2023-04-06, 02:32:37, 132.25, 52.0, 19.25, 26.0, 9999.0, 1.25, 1.5, 19.5, 9999.0, 9999.0, 9999.0, 120.75, 124.5, 120.5, 104.25, 135.25
2023-04-06, 02:32:41, 132.5, 52.0, 19.0, 26.0, 9999.0, 1.25, 1.5, 19.5, 9999.0, 9999.0, 9999.0, 120.75, 124.5, 120.5, 104.25, 135.25
2023-04-06, 02:32:45, 132.25, 52.0, 19.0, 26.0, 9999.0, 1.25, 1.5, 19.5, 9999.0, 9999.0, 9999.0, 120.75, 124.5, 120.5, 104.25, 135.25
2023-04-06, 02:32:49, 132.5, 52.0, 19.0, 26.25, 9999.0, 1.5, 1.5, 19.5, 9999.0, 9999.0, 9999.0, 120.5, 124.5, 120.5, 104.25, 135.25
2023-04-06, 02:32:53, 132.5, 52.0, 19.0, 26.25, 9999.0, 1.5, 1.5, 19.75, 9999.0, 9999.0, 9999.0, 121.5, 124.5, 120.5, 104.25, 135.25
2023-04-06, 02:32:57, 132.5, 52.0, 19.25, 26.0, 9999.0, 1.5, 1.5, 19.5, 9999.0, 9999.0, 9999.0, 121.25, 124.5, 120.5, 104.25, 135.25
2023-04-06, 02:33:01, 132.25, 52.0, 19.0, 26.0, 9999.0, 1.5, 1.5, 19.5, 9999.0, 9999.0, 9999.0, 121.25, 124.5, 120.5, 104.25, 135.25
2023-04-06, 02:33:05, 132.25, 52.0, 19.0, 26.25, 9999.0, 1.25, 1.5, 19.5, 9999.0, 9999.0, 9999.0, 121.25, 124.25, 120.5, 104.25, 135.25
2023-04-06, 02:33:09, 132.5, 52.0, 19.25, 26.25, 9999.0, 1.25, 1.5, 19.5, 9999.0, 9999.0, 9999.0, 121.25, 124.25, 120.5, 104.25, 135.25
2023-04-06, 02:33:13, 132.5, 52.0, 19.25, 26.0, 9999.0, 1.25, 1.5, 19.75, 9999.0, 9999.0, 9999.0, 121.25, 124.25, 120.5, 104.25, 135.25
2023-04-06, 02:33:17, 132.25, 52.0, 19.25, 26.25, 9999.0, 1.25, 1.5, 19.5, 9999.0, 9999.0, 9999.0, 121.0, 124.5, 120.5, 104.25, 135.25
2023-04-06, 02:33:21, 132.5, 52.0, 19.25, 26.25, 9999.0, 1.25, 1.5, 19.5, 9999.0, 9999.0, 9999.0, 121.0, 124.25, 120.5, 104.25, 135.25
2023-04-06, 02:33:25, 132.25, 52.0, 19.0, 26.0, 9999.0, 1.25, 1.5, 19.75, 9999.0, 9999.0, 9999.0, 121.0, 124.5, 120.5, 104.25, 135.25
2023-04-06, 02:33:29, 132.5, 52.0, 19.0, 26.0, 9999.0, 1.25, 1.5, 19.75, 9999.0, 9999.0, 9999.0, 121.0, 124.5, 120.5, 104.25, 135.25
2023-04-06, 02:33:33, 132.5, 52.0, 19.0, 25.75, 9999.0, 1.25, 1.5, 19.5, 9999.0, 9999.0, 9999.0, 121.0, 124.5, 120.5, 104.25, 135.25
2023-04-06, 02:33:37, 132.5, 52.0, 19.0, 25.75, 9999.0, 1.0, 1.5, 19.75, 9999.0, 9999.0, 9999.0, 121.0, 124.5, 120.5, 104.25, 135.25
2023-04-06, 02:33:41, 132.5, 52.0, 19.25, 25.75, 9999.0, 1.25, 1.5, 19.5, 9999.0, 9999.0, 9999.0, 121.0, 124.5, 120.5, 104.0, 135.25
2023-04-06, 02:33:45, 132.5, 52.0, 19.0, 26.0, 9999.0, 1.25, 1.5, 19.5, 9999.0, 9999.0, 9999.0, 120.75, 124.5, 120.5, 104.25, 135.25
2023-04-06, 02:33:49, 132.25, 52.0, 19.0, 26.0, 9999.0, 1.0, 1.5, 19.5, 9999.0, 9999.0, 9999.0, 120.75, 124.5, 120.5, 104.25, 135.25
2023-04-06, 02:33:53, 132.5, 52.0, 19.0, 26.25, 9999.0, 1.0, 1.25, 19.5, 9999.0, 9999.0, 9999.0, 120.75, 124.5, 120.5, 104.25, 135.25
2023-04-06, 02:33:57, 132.5, 52.0, 19.0, 26.25, 9999.0, 1.25, 1.5, 19.5, 9999.0, 9999.0, 9999.0, 120.75, 124.5, 120.5, 104.0, 135.25
2023-04-06, 02:34:01, 132.25, 52.0, 19.0, 26.0, 9999.0, 1.25, 1.25, 19.5, 9999.0, 9999.0, 9999.0, 120.75, 124.5, 120.5, 104.25, 135.25
2023-04-06, 02:34:05, 132.5, 52.0, 19.0, 25.75, 9999.0, 1.25, 1.5, 19.75, 9999.0, 9999.0, 9999.0, 120.75, 124.5, 120.5, 104.25, 135.25
2023-04-06, 02:34:09, 132.5, 52.0, 19.0, 26.0, 9999.0, 1.5, 1.5, 19.75, 9999.0, 9999.0, 9999.0, 120.5, 124.5, 120.5, 104.25, 135.25
2023-04-06, 02:34:14, 132.5, 52.0, 19.25, 26.0, 9999.0, 1.5, 1.5, 19.75, 9999.0, 9999.0, 9999.0, 121.25, 124.25, 120.5, 104.0, 135.25
2023-04-06, 02:34:18, 132.5, 52.0, 19.0, 26.0, 9999.0, 1.5, 1.5, 19.5, 9999.0, 9999.0, 9999.0, 121.5, 124.25, 120.5, 104.0, 135.25
2023-04-06, 02:34:22, 132.5, 52.0, 19.25, 26.0, 9999.0, 1.5, 1.5, 19.75, 9999.0, 9999.0, 9999.0, 121.25, 124.25, 120.5, 104.0, 135.25
2023-04-06, 02:34:26, 132.5, 52.0, 19.0, 26.0, 9999.0, 1.25, 1.5, 19.5, 9999.0, 9999.0, 9999.0, 121.25, 124.25, 120.5, 104.25, 135.25
2023-04-06, 02:34:30, 132.5, 52.0, 19.25, 26.25, 9999.0, 1.25, 1.5, 19.5, 9999.0, 9999.0, 9999.0, 121.25, 124.25, 120.5, 104.25, 135.25
2023-04-06, 02:34:34, 132.5, 52.0, 19.0, 26.25, 9999.0, 1.25, 1.5, 19.75, 9999.0, 9999.0, 9999.0, 121.25, 124.25, 120.5, 104.25, 135.25
2023-04-06, 02:34:38, 132.5, 52.0, 19.25, 26.25, 9999.0, 1.25, 1.5, 19.5, 9999.0, 9999.0, 9999.0, 121.25, 124.25, 120.5, 104.25, 135.25
2023-04-06, 02:34:42, 132.5, 52.0, 19.25, 26.0, 9999.0, 1.25, 1.5, 19.75, 9999.0, 9999.0, 9999.0, 121.0, 124.25, 120.5, 104.25, 135.25
2023-04-06, 02:34:46, 132.25, 52.0, 19.25, 26.0, 9999.0, 1.25, 1.5, 19.75, 9999.0, 9999.0, 9999.0, 121.0, 124.5, 120.5, 104.25, 135.25
2023-04-06, 02:34:50, 132.5, 52.0, 19.25, 26.0, 9999.0, 1.25, 1.5, 19.5, 9999.0, 9999.0, 9999.0, 121.0, 124.5, 120.5, 104.25, 135.25
2023-04-06, 02:34:54, 132.5, 52.0, 19.0, 26.0, 9999.0, 1.25, 1.5, 19.75, 9999.0, 9999.0, 9999.0, 121.0, 124.5, 120.5, 104.0, 135.25
2023-04-06, 02:34:58, 132.5, 52.0, 19.0, 26.25, 9999.0, 1.25, 1.5, 19.75, 9999.0, 9999.0, 9999.0, 121.0, 124.5, 120.5, 104.25, 135.25
2023-04-06, 02:35:02, 132.5, 52.0, 19.25, 26.0, 9999.0, 1.0, 1.5, 19.75, 9999.0, 9999.0, 9999.0, 121.0, 124.5, 120.5, 104.25, 135.25
2023-04-06, 02:35:06, 132.5, 52.0, 19.25, 26.0, 9999.0, 1.25, 1.25, 19.5, 9999.0, 9999.0, 9999.0, 120.75, 124.5, 120.5, 104.25, 135.25
2023-04-06, 02:35:10, 132.5, 52.0, 19.0, 26.0, 9999.0, 1.0, 1.5, 19.75, 9999.0, 9999.0, 9999.0, 121.0, 124.5, 120.5, 104.25, 135.25
2023-04-06, 02:35:14, 132.5, 52.0, 19.0, 26.0, 9999.0, 1.0, 1.5, 19.75, 9999.0, 9999.0, 9999.0, 120.75, 124.5, 120.5, 104.25, 135.25
2023-04-06, 02:35:18, 132.5, 52.0, 19.0, 26.0, 9999.0, 1.0, 1.5, 19.75, 9999.0, 9999.0, 9999.0, 120.75, 124.5, 120.5, 104.25, 135.25
2023-04-06, 02:35:22, 132.5, 52.0, 19.0, 26.0, 9999.0, 1.25, 1.5, 19.5, 9999.0, 9999.0, 9999.0, 120.75, 124.5, 120.5, 104.25, 135.25
2023-04-06, 02:35:26, 132.5, 52.0, 19.0, 26.0, 9999.0, 1.25, 1.5, 19.75, 9999.0, 9999.0, 9999.0, 120.75, 124.5, 120.5, 104.25, 135.25
2023-04-06, 02:35:30, 132.5, 52.0, 19.25, 26.0, 9999.0, 1.5, 1.5, 19.75, 9999.0, 9999.0, 9999.0, 120.75, 124.25, 120.5, 104.25, 135.25
2023-04-06, 02:35:34, 132.5, 52.0, 19.25, 26.0, 9999.0, 1.5, 1.5, 19.75, 9999.0, 9999.0, 9999.0, 120.75, 124.25, 120.5, 104.0, 135.25
2023-04-06, 02:35:38, 132.5, 52.0, 19.0, 25.75, 9999.0, 1.25, 1.5, 19.75, 9999.0, 9999.0, 9999.0, 121.5, 124.25, 120.5, 104.0, 135.25
2023-04-06, 02:35:42, 132.5, 52.0, 19.0, 25.75, 9999.0, 1.5, 1.5, 19.75, 9999.0, 9999.0, 9999.0, 121.25, 124.25, 120.5, 104.25, 135.25
2023-04-06, 02:35:46, 132.5, 52.0, 19.0, 26.0, 9999.0, 1.25, 1.5, 19.75, 9999.0, 9999.0, 9999.0, 121.25, 124.25, 120.5, 104.25, 135.25
2023-04-06, 02:35:50, 132.5, 52.0, 19.25, 26.0, 9999.0, 1.5, 1.5, 19.5, 9999.0, 9999.0, 9999.0, 121.25, 124.5, 120.5, 104.0, 135.25
2023-04-06, 02:35:54, 132.5, 52.0, 19.25, 26.25, 9999.0, 1.25, 1.5, 19.75, 9999.0, 9999.0, 9999.0, 121.25, 124.5, 120.5, 104.25, 135.25
2023-04-06, 02:35:58, 132.5, 52.0, 19.0, 26.0, 9999.0, 1.25, 1.5, 19.5, 9999.0, 9999.0, 9999.0, 121.25, 124.25, 120.5, 104.0, 135.25
2023-04-06, 02:36:02, 132.5, 52.0, 19.0, 26.0, 9999.0, 1.25, 1.5, 19.5, 9999.0, 9999.0, 9999.0, 121.0, 124.25, 120.5, 104.25, 135.25
2023-04-06, 02:36:06, 132.5, 52.0, 19.0, 26.0, 9999.0, 1.25, 1.5, 19.5, 9999.0, 9999.0, 9999.0, 121.0, 124.5, 120.5, 104.0, 135.25
2023-04-06, 02:36:10, 132.5, 52.0, 19.0, 26.0, 9999.0, 1.25, 1.5, 19.5, 9999.0, 9999.0, 9999.0, 121.0, 124.5, 120.5, 104.25, 135.25
2023-04-06, 02:36:14, 132.5, 52.0, 19.25, 26.25, 9999.0, 1.0, 1.5, 19.75, 9999.0, 9999.0, 9999.0, 121.0, 124.5, 120.5, 104.25, 135.25
2023-04-06, 02:36:18, 132.5, 52.0, 19.0, 26.0, 9999.0, 1.25, 1.5, 19.5, 9999.0, 9999.0, 9999.0, 121.0, 124.5, 120.5, 104.25, 135.25
2023-04-06, 02:36:22, 132.5, 52.0, 19.0, 26.25, 9999.0, 1.0, 1.5, 19.75, 9999.0, 9999.0, 9999.0, 121.0, 124.5, 120.5, 104.25, 135.25
2023-04-06, 02:36:26, 132.5, 52.0, 19.0, 26.25, 9999.0, 1.25, 1.5, 19.75, 9999.0, 9999.0, 9999.0, 121.0, 124.5, 120.5, 104.0, 135.25
2023-04-06, 02:36:30, 132.5, 52.0, 19.0, 26.25, 9999.0, 1.0, 1.5, 19.75, 9999.0, 9999.0, 9999.0, 121.0, 124.5, 120.5, 104.0, 135.25
2023-04-06, 02:36:34, 132.5, 52.0, 19.0, 26.25, 9999.0, 1.0, 1.5, 19.5, 9999.0, 9999.0, 9999.0, 120.75, 124.25, 120.5, 104.0, 135.25
2023-04-06, 02:36:38, 132.5, 52.0, 19.0, 26.25, 9999.0, 1.0, 1.5, 19.5, 9999.0, 9999.0, 9999.0, 120.75, 124.25, 120.5, 104.0, 135.25
2023-04-06, 02:36:42, 132.5, 52.0, 19.25, 26.25, 9999.0, 1.25, 1.5, 19.75, 9999.0, 9999.0, 9999.0, 120.75, 124.5, 120.5, 104.0, 135.25
2023-04-06, 02:36:46, 132.5, 52.0, 19.25, 26.0, 9999.0, 1.25, 1.5, 19.75, 9999.0, 9999.0, 9999.0, 120.75, 124.5, 120.5, 104.0, 135.25
2023-04-06, 02:36:50, 132.5, 52.0, 19.25, 26.0, 9999.0, 1.5, 1.5, 19.75, 9999.0, 9999.0, 9999.0, 120.75, 124.5, 120.5, 104.0, 135.25
2023-04-06, 02:36:54, 132.5, 52.0, 19.25, 26.0, 9999.0, 1.5, 1.5, 19.75, 9999.0, 9999.0, 9999.0, 120.75, 124.5, 120.5, 104.0, 135.25
2023-04-06, 02:36:58, 132.5, 52.0, 19.25, 26.0, 9999.0, 1.5, 1.5, 19.5, 9999.0, 9999.0, 9999.0, 121.5, 124.5, 120.5, 104.0, 135.25
2023-04-06, 02:37:02, 132.5, 52.0, 19.25, 26.0, 9999.0, 1.5, 1.5, 19.75, 9999.0, 9999.0, 9999.0, 121.5, 124.5, 120.5, 104.0, 135.25
2023-04-06, 02:37:06, 132.5, 52.0, 19.25, 26.0, 9999.0, 1.5, 1.5, 19.75, 9999.0, 9999.0, 9999.0, 121.25, 124.25, 120.5, 104.25, 135.25
2023-04-06, 02:37:10, 132.5, 52.0, 19.0, 26.0, 9999.0, 1.25, 1.5, 19.75, 9999.0, 9999.0, 9999.0, 121.25, 124.5, 120.5, 104.0, 135.25
2023-04-06, 02:37:14, 132.5, 52.0, 19.25, 26.0, 9999.0, 1.25, 1.5, 19.75, 9999.0, 9999.0, 9999.0, 121.25, 124.5, 120.5, 104.0, 135.25
2023-04-06, 02:37:18, 132.5, 52.0, 19.25, 26.0, 9999.0, 1.25, 1.5, 19.75, 9999.0, 9999.0, 9999.0, 121.25, 124.25, 120.5, 104.0, 135.25
2023-04-06, 02:37:22, 132.5, 52.0, 19.25, 26.0, 9999.0, 1.25, 1.5, 19.5, 9999.0, 9999.0, 9999.0, 121.0, 124.25, 120.5, 104.0, 135.25
2023-04-06, 02:37:26, 132.5, 52.0, 19.25, 26.0, 9999.0, 1.25, 1.5, 19.75, 9999.0, 9999.0, 9999.0, 121.0, 124.25, 120.5, 104.25, 135.25
2023-04-06, 02:37:30, 132.5, 52.0, 19.25, 26.0, 9999.0, 1.25, 1.5, 19.75, 9999.0, 9999.0, 9999.0, 121.0, 124.5, 120.5, 104.25, 135.25
2023-04-06, 02:37:34, 132.5, 52.0, 19.0, 26.0, 9999.0, 1.25, 1.5, 19.75, 9999.0, 9999.0, 9999.0, 121.25, 124.5, 120.5, 104.0, 135.25
2023-04-06, 02:37:38, 132.5, 52.0, 19.0, 26.0, 9999.0, 1.25, 1.5, 19.75, 9999.0, 9999.0, 9999.0, 121.0, 124.5, 120.5, 104.25, 135.5
2023-04-06, 02:37:42, 132.5, 52.0, 19.25, 26.25, 9999.0, 1.25, 1.5, 19.75, 9999.0, 9999.0, 9999.0, 121.0, 124.5, 120.5, 104.0, 135.25
2023-04-06, 02:37:46, 132.5, 52.0, 19.25, 26.25, 9999.0, 1.0, 1.5, 19.75, 9999.0, 9999.0, 9999.0, 121.0, 124.5, 120.5, 104.25, 135.25
2023-04-06, 02:37:50, 132.5, 52.0, 19.0, 26.25, 9999.0, 1.25, 1.5, 19.75, 9999.0, 9999.0, 9999.0, 121.0, 124.5, 120.5, 104.0, 135.25
2023-04-06, 02:37:54, 132.5, 52.0, 19.25, 26.25, 9999.0, 1.0, 1.5, 19.75, 9999.0, 9999.0, 9999.0, 120.75, 124.5, 120.5, 104.25, 135.25
2023-04-06, 02:37:58, 132.5, 52.0, 19.25, 26.0, 9999.0, 1.0, 1.5, 19.75, 9999.0, 9999.0, 9999.0, 120.75, 124.5, 120.5, 104.25, 135.25
2023-04-06, 02:38:02, 132.5, 52.0, 19.25, 26.0, 9999.0, 1.25, 1.5, 19.75, 9999.0, 9999.0, 9999.0, 120.75, 124.5, 120.5, 104.25, 135.25
2023-04-06, 02:38:06, 132.5, 52.0, 19.25, 26.25, 9999.0, 1.25, 1.5, 19.75, 9999.0, 9999.0, 9999.0, 120.75, 124.5, 120.5, 104.0, 135.25
2023-04-06, 02:38:10, 132.5, 52.0, 19.25, 26.25, 9999.0, 1.25, 1.5, 19.75, 9999.0, 9999.0, 9999.0, 120.75, 124.5, 120.5, 104.25, 135.25
2023-04-06, 02:38:14, 132.5, 52.25, 19.25, 26.25, 9999.0, 1.5, 1.5, 19.75, 9999.0, 9999.0, 9999.0, 120.75, 124.5, 120.5, 104.0, 135.25
2023-04-06, 02:38:18, 132.5, 52.0, 19.25, 26.25, 9999.0, 1.5, 1.5, 19.75, 9999.0, 9999.0, 9999.0, 120.75, 124.5, 120.5, 104.0, 135.25
2023-04-06, 02:38:22, 132.5, 52.0, 19.25, 26.0, 9999.0, 1.5, 1.5, 19.75, 9999.0, 9999.0, 9999.0, 121.5, 124.25, 120.5, 104.0, 135.25
2023-04-06, 02:38:26, 132.5, 52.25, 19.25, 25.75, 9999.0, 1.5, 1.5, 19.75, 9999.0, 9999.0, 9999.0, 121.25, 124.5, 120.5, 104.0, 135.25
2023-04-06, 02:38:30, 132.5, 52.25, 19.25, 25.75, 9999.0, 1.25, 1.5, 19.75, 9999.0, 9999.0, 9999.0, 121.25, 124.5, 120.5, 104.25, 135.25
2023-04-06, 02:38:34, 132.5, 52.0, 19.0, 26.0, 9999.0, 1.5, 1.5, 19.75, 9999.0, 9999.0, 9999.0, 121.25, 124.5, 120.5, 104.0, 135.25
2023-04-06, 02:38:39, 132.5, 52.0, 19.25, 26.0, 9999.0, 1.25, 1.5, 19.75, 9999.0, 9999.0, 9999.0, 121.25, 124.5, 120.5, 104.25, 135.25
2023-04-06, 02:38:43, 132.5, 52.0, 19.25, 25.75, 9999.0, 1.25, 1.5, 19.75, 9999.0, 9999.0, 9999.0, 121.25, 124.25, 120.5, 104.25, 135.25
2023-04-06, 02:38:47, 132.5, 52.0, 19.25, 25.75, 9999.0, 1.25, 1.5, 19.75, 9999.0, 9999.0, 9999.0, 121.0, 124.25, 120.5, 104.25, 135.25
2023-04-06, 02:38:51, 132.5, 52.0, 19.25, 25.5, 9999.0, 1.25, 1.5, 19.75, 9999.0, 9999.0, 9999.0, 121.0, 124.5, 120.5, 104.25, 135.25
2023-04-06, 02:38:55, 132.5, 52.25, 19.25, 25.75, 9999.0, 1.25, 1.5, 19.75, 9999.0, 9999.0, 9999.0, 121.0, 124.5, 120.5, 104.25, 135.5
2023-04-06, 02:38:59, 132.5, 52.25, 19.25, 26.0, 9999.0, 1.25, 1.5, 19.75, 9999.0, 9999.0, 9999.0, 121.0, 124.5, 120.5, 104.0, 135.25
2023-04-06, 02:39:03, 132.5, 52.0, 19.0, 25.75, 9999.0, 1.25, 1.5, 19.75, 9999.0, 9999.0, 9999.0, 121.0, 124.5, 120.5, 104.0, 135.25
2023-04-06, 02:39:07, 132.5, 52.25, 19.0, 26.0, 9999.0, 1.25, 1.5, 19.75, 9999.0, 9999.0, 9999.0, 121.0, 124.5, 120.5, 104.0, 135.25
2023-04-06, 02:39:11, 132.5, 52.0, 19.0, 26.25, 9999.0, 1.25, 1.5, 19.75, 9999.0, 9999.0, 9999.0, 121.0, 124.5, 120.5, 104.0, 135.25
2023-04-06, 02:39:15, 132.5, 52.0, 19.25, 26.25, 9999.0, 1.25, 1.5, 19.75, 9999.0, 9999.0, 9999.0, 121.0, 124.5, 120.5, 104.0, 135.25
2023-04-06, 02:39:19, 132.5, 52.0, 19.25, 26.25, 9999.0, 1.0, 1.5, 19.75, 9999.0, 9999.0, 9999.0, 120.75, 124.5, 120.25, 104.0, 135.25
2023-04-06, 02:39:23, 132.5, 52.0, 19.25, 26.0, 9999.0, 1.25, 1.5, 19.75, 9999.0, 9999.0, 9999.0, 120.75, 124.5, 120.5, 104.0, 135.25
2023-04-06, 02:39:27, 132.5, 52.0, 19.25, 26.0, 9999.0, 1.25, 1.5, 19.75, 9999.0, 9999.0, 9999.0, 120.75, 124.5, 120.5, 104.25, 135.25
2023-04-06, 02:39:31, 132.5, 52.25, 19.25, 26.0, 9999.0, 1.25, 1.5, 19.75, 9999.0, 9999.0, 9999.0, 120.75, 124.25, 120.5, 104.0, 135.25
2023-04-06, 02:39:35, 132.5, 52.25, 19.0, 26.0, 9999.0, 1.5, 1.5, 19.75, 9999.0, 9999.0, 9999.0, 120.75, 124.5, 120.5, 104.0, 135.25
2023-04-06, 02:39:39, 132.5, 52.25, 19.0, 26.25, 9999.0, 1.5, 1.5, 19.75, 9999.0, 9999.0, 9999.0, 120.75, 124.25, 120.5, 104.0, 135.25
2023-04-06, 02:39:43, 132.5, 52.0, 19.25, 26.0, 9999.0, 1.5, 1.5, 19.75, 9999.0, 9999.0, 9999.0, 121.5, 124.25, 120.5, 104.0, 135.25
2023-04-06, 02:39:47, 132.5, 52.0, 19.25, 26.0, 9999.0, 1.25, 1.5, 19.75, 9999.0, 9999.0, 9999.0, 121.25, 124.5, 120.5, 104.25, 135.25
2023-04-06, 02:39:51, 132.5, 52.25, 19.25, 26.0, 9999.0, 1.25, 1.5, 19.75, 9999.0, 9999.0, 9999.0, 121.25, 124.25, 120.5, 104.0, 135.25
2023-04-06, 02:39:55, 132.5, 52.0, 19.25, 26.0, 9999.0, 1.5, 1.5, 19.75, 9999.0, 9999.0, 9999.0, 121.25, 124.25, 120.25, 104.25, 135.25
2023-04-06, 02:39:59, 132.5, 52.25, 19.25, 26.0, 9999.0, 1.25, 1.5, 19.75, 9999.0, 9999.0, 9999.0, 121.25, 124.25, 120.5, 104.0, 135.25
2023-04-06, 02:40:03, 132.5, 52.0, 19.25, 26.0, 9999.0, 1.25, 1.5, 19.75, 9999.0, 9999.0, 9999.0, 121.25, 124.25, 120.5, 104.25, 135.25
2023-04-06, 02:40:07, 132.5, 52.25, 19.25, 26.25, 9999.0, 1.25, 1.5, 19.75, 9999.0, 9999.0, 9999.0, 121.0, 124.25, 120.25, 104.0, 135.25
2023-04-06, 02:40:11, 132.5, 52.25, 19.25, 26.0, 9999.0, 1.25, 1.5, 19.75, 9999.0, 9999.0, 9999.0, 121.0, 124.5, 120.25, 104.25, 135.25
2023-04-06, 02:40:15, 132.75, 52.25, 19.25, 26.0, 9999.0, 1.25, 1.5, 19.75, 9999.0, 9999.0, 9999.0, 121.0, 124.5, 120.5, 104.25, 135.25
2023-04-06, 02:40:19, 132.5, 52.25, 19.0, 25.5, 9999.0, 1.25, 1.5, 19.75, 9999.0, 9999.0, 9999.0, 121.0, 124.5, 120.5, 104.25, 135.25
2023-04-06, 02:40:23, 132.5, 52.25, 19.25, 26.0, 9999.0, 1.25, 1.25, 19.75, 9999.0, 9999.0, 9999.0, 121.0, 124.5, 120.5, 104.0, 135.25
2023-04-06, 02:40:27, 132.5, 52.25, 19.25, 26.25, 9999.0, 1.25, 1.5, 19.75, 9999.0, 9999.0, 9999.0, 121.0, 124.5, 120.5, 104.25, 135.25
2023-04-06, 02:40:31, 132.75, 52.25, 19.0, 26.25, 9999.0, 1.25, 1.5, 19.75, 9999.0, 9999.0, 9999.0, 121.0, 124.5, 120.5, 104.25, 135.25
2023-04-06, 02:40:35, 132.5, 52.25, 19.25, 26.25, 9999.0, 1.25, 1.5, 19.75, 9999.0, 9999.0, 9999.0, 121.0, 124.5, 120.5, 104.25, 135.25
2023-04-06, 02:40:39, 132.5, 52.25, 19.25, 26.25, 9999.0, 1.0, 1.5, 19.75, 9999.0, 9999.0, 9999.0, 121.0, 124.25, 120.5, 104.25, 135.25
2023-04-06, 02:40:43, 132.5, 52.25, 19.25, 26.0, 9999.0, 1.0, 1.5, 19.75, 9999.0, 9999.0, 9999.0, 120.75, 124.5, 120.5, 104.0, 135.25
2023-04-06, 02:40:47, 132.5, 52.25, 19.25, 26.25, 9999.0, 1.25, 1.5, 19.75, 9999.0, 9999.0, 9999.0, 120.75, 124.5, 120.5, 104.25, 135.25
2023-04-06, 02:40:51, 132.5, 52.25, 19.25, 26.25, 9999.0, 1.25, 1.5, 19.75, 9999.0, 9999.0, 9999.0, 120.75, 124.5, 120.5, 104.25, 135.25
2023-04-06, 02:40:55, 132.75, 52.25, 19.25, 26.25, 9999.0, 1.5, 1.5, 19.75, 9999.0, 9999.0, 9999.0, 120.75, 124.5, 120.5, 104.25, 135.25
2023-04-06, 02:40:59, 132.5, 52.25, 19.25, 26.25, 9999.0, 1.5, 1.5, 19.75, 9999.0, 9999.0, 9999.0, 120.75, 124.5, 120.5, 104.0, 135.25
2023-04-06, 02:41:03, 132.5, 52.25, 19.25, 26.25, 9999.0, 1.5, 1.5, 19.75, 9999.0, 9999.0, 9999.0, 121.5, 124.5, 120.5, 104.25, 135.5
2023-04-06, 02:41:07, 132.5, 52.25, 19.25, 26.25, 9999.0, 1.5, 1.5, 19.75, 9999.0, 9999.0, 9999.0, 121.5, 124.5, 120.5, 104.25, 135.25
2023-04-06, 02:41:11, 132.5, 52.25, 19.25, 26.25, 9999.0, 1.5, 1.5, 19.75, 9999.0, 9999.0, 9999.0, 121.25, 124.5, 120.5, 104.25, 135.25
2023-04-06, 02:41:15, 132.5, 52.25, 19.25, 26.0, 9999.0, 1.25, 1.5, 19.75, 9999.0, 9999.0, 9999.0, 121.25, 124.5, 120.5, 104.25, 135.25
2023-04-06, 02:41:19, 132.5, 52.25, 19.25, 26.0, 9999.0, 1.25, 1.5, 19.75, 9999.0, 9999.0, 9999.0, 121.25, 124.5, 120.5, 104.25, 135.25
2023-04-06, 02:41:23, 132.5, 52.25, 19.25, 26.0, 9999.0, 1.25, 1.5, 19.75, 9999.0, 9999.0, 9999.0, 121.25, 124.5, 120.5, 104.25, 135.25
2023-04-06, 02:41:27, 132.5, 52.25, 19.25, 26.0, 9999.0, 1.25, 1.5, 19.75, 9999.0, 9999.0, 9999.0, 121.0, 124.5, 120.25, 104.25, 135.25
2023-04-06, 02:41:31, 132.75, 52.25, 19.25, 26.0, 9999.0, 1.25, 1.5, 19.75, 9999.0, 9999.0, 9999.0, 121.0, 124.5, 120.5, 104.25, 135.25
2023-04-06, 02:41:35, 132.75, 52.25, 19.25, 25.75, 9999.0, 1.25, 1.5, 19.75, 9999.0, 9999.0, 9999.0, 121.0, 124.5, 120.5, 104.25, 135.25
2023-04-06, 02:41:39, 132.75, 52.25, 19.25, 26.0, 9999.0, 1.25, 1.5, 19.75, 9999.0, 9999.0, 9999.0, 121.0, 124.5, 120.5, 104.25, 135.5
2023-04-06, 02:41:43, 132.75, 52.25, 19.25, 26.25, 9999.0, 1.25, 1.5, 19.75, 9999.0, 9999.0, 9999.0, 121.0, 124.5, 120.5, 104.25, 135.5
2023-04-06, 02:41:47, 132.75, 52.25, 19.25, 26.25, 9999.0, 1.25, 1.5, 19.75, 9999.0, 9999.0, 9999.0, 121.0, 124.5, 120.5, 104.25, 135.5
2023-04-06, 02:41:51, 132.75, 52.25, 19.25, 26.25, 9999.0, 1.25, 1.5, 19.75, 9999.0, 9999.0, 9999.0, 121.0, 124.5, 120.5, 104.25, 135.25
2023-04-06, 02:41:55, 132.75, 52.25, 19.25, 26.25, 9999.0, 1.25, 1.5, 19.75, 9999.0, 9999.0, 9999.0, 121.0, 124.5, 120.5, 104.25, 135.25
2023-04-06, 02:41:59, 132.75, 52.25, 19.25, 26.25, 9999.0, 1.25, 1.5, 19.75, 9999.0, 9999.0, 9999.0, 121.0, 124.25, 120.5, 104.25, 135.25
2023-04-06, 02:42:03, 132.5, 52.25, 19.25, 26.25, 9999.0, 1.25, 1.5, 19.75, 9999.0, 9999.0, 9999.0, 120.75, 124.5, 120.5, 104.25, 135.25
2023-04-06, 02:42:07, 132.75, 52.25, 19.25, 26.25, 9999.0, 1.5, 1.5, 19.75, 9999.0, 9999.0, 9999.0, 120.75, 124.5, 120.5, 104.0, 135.5
2023-04-06, 02:42:11, 132.75, 52.25, 19.25, 26.25, 9999.0, 1.5, 1.5, 19.75, 9999.0, 9999.0, 9999.0, 120.75, 124.5, 120.5, 104.25, 135.25
2023-04-06, 02:42:15, 132.75, 52.0, 19.25, 26.25, 9999.0, 1.25, 1.5, 19.75, 9999.0, 9999.0, 9999.0, 120.75, 124.5, 120.5, 104.25, 135.5
2023-04-06, 02:42:19, 132.75, 52.25, 19.25, 25.75, 9999.0, 1.5, 1.5, 19.75, 9999.0, 9999.0, 9999.0, 120.75, 124.5, 120.5, 104.25, 135.25
2023-04-06, 02:42:23, 132.75, 52.25, 19.25, 26.25, 9999.0, 1.5, 1.5, 19.75, 9999.0, 9999.0, 9999.0, 121.5, 124.5, 120.5, 104.25, 135.5
2023-04-06, 02:42:27, 132.75, 52.25, 19.25, 26.0, 9999.0, 1.5, 1.5, 19.75, 9999.0, 9999.0, 9999.0, 121.5, 124.5, 120.5, 104.25, 135.25
2023-04-06, 02:42:31, 132.75, 52.25, 19.25, 26.25, 9999.0, 1.5, 1.5, 19.75, 9999.0, 9999.0, 9999.0, 121.5, 124.25, 120.5, 104.25, 135.5
2023-04-06, 02:42:35, 132.75, 52.25, 19.25, 26.0, 9999.0, 1.5, 1.5, 19.75, 9999.0, 9999.0, 9999.0, 121.25, 124.25, 120.5, 104.25, 135.25
2023-04-06, 02:42:39, 132.5, 52.25, 19.25, 26.25, 9999.0, 1.5, 1.5, 19.75, 9999.0, 9999.0, 9999.0, 121.25, 124.5, 120.5, 104.25, 135.5
2023-04-06, 02:42:43, 132.75, 52.25, 19.25, 26.25, 9999.0, 1.5, 1.75, 19.75, 9999.0, 9999.0, 9999.0, 121.25, 124.25, 120.5, 104.25, 135.25
2023-04-06, 02:42:47, 132.75, 52.25, 19.25, 26.25, 9999.0, 1.5, 1.5, 19.75, 9999.0, 9999.0, 9999.0, 121.25, 124.25, 120.5, 104.25, 135.5
2023-04-06, 02:42:51, 132.75, 52.25, 19.25, 26.25, 9999.0, 1.25, 1.5, 19.75, 9999.0, 9999.0, 9999.0, 121.25, 124.5, 120.25, 104.25, 135.5
2023-04-06, 02:42:55, 132.75, 52.25, 19.25, 26.0, 9999.0, 1.25, 1.5, 19.75, 9999.0, 9999.0, 9999.0, 121.25, 124.5, 120.5, 104.25, 135.5
2023-04-06, 02:42:59, 132.75, 52.25, 19.25, 26.25, 9999.0, 1.25, 1.5, 19.75, 9999.0, 9999.0, 9999.0, 121.25, 124.5, 120.5, 104.25, 135.5
2023-04-06, 02:43:03, 132.75, 52.25, 19.0, 26.25, 9999.0, 1.25, 1.5, 19.75, 9999.0, 9999.0, 9999.0, 121.0, 124.75, 120.5, 104.25, 135.5
2023-04-06, 02:43:08, 132.75, 52.25, 19.25, 26.0, 9999.0, 1.25, 1.5, 19.75, 9999.0, 9999.0, 9999.0, 121.0, 124.75, 120.5, 104.25, 135.5
2023-04-06, 02:43:12, 132.75, 52.25, 19.5, 26.0, 9999.0, 1.25, 1.5, 19.75, 9999.0, 9999.0, 9999.0, 121.0, 124.5, 120.5, 104.25, 135.5
2023-04-06, 02:43:16, 132.75, 52.25, 19.25, 26.0, 9999.0, 1.25, 1.5, 19.75, 9999.0, 9999.0, 9999.0, 121.0, 124.5, 120.5, 104.25, 135.5
2023-04-06, 02:43:20, 132.75, 52.25, 19.25, 26.0, 9999.0, 1.25, 1.5, 19.75, 9999.0, 9999.0, 9999.0, 121.0, 124.5, 120.25, 104.25, 135.25
2023-04-06, 02:43:24, 132.75, 52.25, 19.25, 26.25, 9999.0, 1.25, 1.5, 20.0, 9999.0, 9999.0, 9999.0, 120.75, 124.5, 120.5, 104.25, 135.5
2023-04-06, 02:43:28, 132.75, 52.25, 19.25, 26.0, 9999.0, 1.5, 1.5, 19.75, 9999.0, 9999.0, 9999.0, 121.0, 124.5, 120.5, 104.25, 135.5
2023-04-06, 02:43:32, 132.75, 52.25, 19.25, 26.0, 9999.0, 1.5, 1.5, 19.75, 9999.0, 9999.0, 9999.0, 120.75, 124.5, 120.5, 104.25, 135.5
2023-04-06, 02:43:36, 132.75, 52.25, 19.25, 26.0, 9999.0, 1.5, 1.5, 19.75, 9999.0, 9999.0, 9999.0, 120.75, 124.5, 120.5, 104.25, 135.5
2023-04-06, 02:43:40, 132.75, 52.25, 19.25, 26.0, 9999.0, 1.5, 1.5, 19.75, 9999.0, 9999.0, 9999.0, 120.75, 124.5, 120.5, 104.25, 135.5
2023-04-06, 02:43:44, 132.75, 52.25, 19.25, 26.0, 9999.0, 1.5, 1.5, 20.0, 9999.0, 9999.0, 9999.0, 120.75, 124.25, 120.5, 104.25, 135.25
2023-04-06, 02:43:48, 132.75, 52.25, 19.25, 26.0, 9999.0, 1.5, 1.5, 19.75, 9999.0, 9999.0, 9999.0, 121.5, 124.5, 120.5, 104.25, 135.5
2023-04-06, 02:43:52, 132.75, 52.25, 19.25, 26.25, 9999.0, 1.5, 1.5, 20.0, 9999.0, 9999.0, 9999.0, 121.5, 124.25, 120.5, 104.25, 135.5
2023-04-06, 02:43:56, 132.75, 52.25, 19.25, 26.25, 9999.0, 1.5, 1.5, 19.75, 9999.0, 9999.0, 9999.0, 121.5, 124.5, 120.5, 104.25, 135.5
2023-04-06, 02:44:00, 132.75, 52.25, 19.25, 26.25, 9999.0, 1.5, 1.5, 19.75, 9999.0, 9999.0, 9999.0, 121.25, 124.5, 120.5, 104.25, 135.25
2023-04-06, 02:44:04, 132.75, 52.25, 19.25, 26.5, 9999.0, 1.5, 1.75, 19.75, 9999.0, 9999.0, 9999.0, 121.25, 124.25, 120.5, 104.25, 135.25
2023-04-06, 02:44:08, 132.75, 52.25, 19.25, 26.25, 9999.0, 1.5, 1.5, 19.75, 9999.0, 9999.0, 9999.0, 121.25, 124.25, 120.5, 104.25, 135.25
2023-04-06, 02:44:12, 132.75, 52.25, 19.25, 26.0, 9999.0, 1.5, 1.5, 19.75, 9999.0, 9999.0, 9999.0, 121.25, 124.25, 120.25, 104.25, 135.25
2023-04-06, 02:44:16, 132.75, 52.25, 19.25, 26.25, 9999.0, 1.5, 1.5, 19.75, 9999.0, 9999.0, 9999.0, 121.25, 124.5, 120.5, 104.25, 135.5
2023-04-06, 02:44:20, 132.75, 52.25, 19.25, 26.25, 9999.0, 1.25, 1.75, 19.75, 9999.0, 9999.0, 9999.0, 121.25, 124.5, 120.5, 104.25, 135.25
2023-04-06, 02:44:24, 132.75, 52.25, 19.25, 26.25, 9999.0, 1.25, 1.5, 19.75, 9999.0, 9999.0, 9999.0, 121.25, 124.5, 120.5, 104.25, 135.5
2023-04-06, 02:44:28, 132.75, 52.25, 19.25, 26.25, 9999.0, 1.25, 1.75, 19.75, 9999.0, 9999.0, 9999.0, 121.25, 124.5, 120.25, 104.25, 135.25
2023-04-06, 02:44:32, 132.75, 52.25, 19.0, 26.0, 9999.0, 1.25, 1.5, 19.75, 9999.0, 9999.0, 9999.0, 121.0, 124.5, 120.5, 104.25, 135.25
2023-04-06, 02:44:36, 132.75, 52.25, 19.25, 26.25, 9999.0, 1.25, 1.5, 19.75, 9999.0, 9999.0, 9999.0, 121.0, 124.5, 120.5, 104.0, 135.25
2023-04-06, 02:44:40, 132.75, 52.25, 19.25, 26.0, 9999.0, 1.25, 1.5, 19.75, 9999.0, 9999.0, 9999.0, 121.0, 124.5, 120.5, 104.25, 135.5
2023-04-06, 02:44:44, 132.75, 52.25, 19.25, 26.0, 9999.0, 1.25, 1.5, 19.75, 9999.0, 9999.0, 9999.0, 121.0, 124.5, 120.5, 104.25, 135.5
2023-04-06, 02:44:48, 132.75, 52.25, 19.25, 26.0, 9999.0, 1.25, 1.5, 20.0, 9999.0, 9999.0, 9999.0, 121.0, 124.5, 120.5, 104.25, 135.25
2023-04-06, 02:44:52, 132.75, 52.25, 19.25, 26.0, 9999.0, 1.5, 1.5, 19.75, 9999.0, 9999.0, 9999.0, 120.75, 124.5, 120.5, 104.25, 135.25
2023-04-06, 02:44:56, 132.75, 52.25, 19.25, 26.0, 9999.0, 1.25, 1.5, 19.75, 9999.0, 9999.0, 9999.0, 120.75, 124.5, 120.5, 104.25, 135.25
2023-04-06, 02:45:00, 132.75, 52.25, 19.25, 26.25, 9999.0, 1.5, 1.5, 19.75, 9999.0, 9999.0, 9999.0, 120.75, 124.5, 120.5, 104.25, 135.5
2023-04-06, 02:45:04, 132.75, 52.25, 19.25, 26.0, 9999.0, 1.5, 1.5, 19.75, 9999.0, 9999.0, 9999.0, 120.75, 124.5, 120.5, 104.25, 135.5
2023-04-06, 02:45:08, 132.75, 52.25, 19.25, 26.25, 9999.0, 1.5, 1.5, 19.75, 9999.0, 9999.0, 9999.0, 121.5, 124.5, 120.5, 104.25, 135.5
2023-04-06, 02:45:12, 132.75, 52.25, 19.25, 26.0, 9999.0, 1.5, 1.75, 19.75, 9999.0, 9999.0, 9999.0, 121.5, 124.5, 120.5, 104.25, 135.5
2023-04-06, 02:45:16, 132.75, 52.25, 19.0, 26.0, 9999.0, 1.5, 1.5, 19.75, 9999.0, 9999.0, 9999.0, 121.5, 124.5, 120.5, 104.25, 135.5
2023-04-06, 02:45:20, 132.75, 52.25, 19.25, 26.0, 9999.0, 1.5, 1.75, 19.75, 9999.0, 9999.0, 9999.0, 121.25, 124.25, 120.5, 104.25, 135.25
2023-04-06, 02:45:24, 132.75, 52.25, 19.25, 26.0, 9999.0, 1.5, 1.5, 19.75, 9999.0, 9999.0, 9999.0, 121.25, 124.25, 120.5, 104.25, 135.5
2023-04-06, 02:45:28, 132.75, 52.25, 19.25, 26.0, 9999.0, 1.5, 1.75, 19.75, 9999.0, 9999.0, 9999.0, 121.25, 124.25, 120.5, 104.25, 135.5
2023-04-06, 02:45:32, 132.75, 52.25, 19.25, 26.25, 9999.0, 1.25, 1.75, 19.75, 9999.0, 9999.0, 9999.0, 121.25, 124.25, 120.5, 104.25, 135.5
2023-04-06, 02:45:36, 132.75, 52.25, 19.25, 26.25, 9999.0, 1.5, 1.5, 19.75, 9999.0, 9999.0, 9999.0, 121.25, 124.25, 120.5, 104.25, 135.5
2023-04-06, 02:45:40, 132.75, 52.25, 19.25, 26.0, 9999.0, 1.25, 1.5, 19.75, 9999.0, 9999.0, 9999.0, 121.25, 124.5, 120.5, 104.25, 135.5
2023-04-06, 02:45:44, 132.75, 52.25, 19.25, 26.25, 9999.0, 1.25, 1.75, 19.75, 9999.0, 9999.0, 9999.0, 121.0, 124.5, 120.5, 104.25, 135.5
2023-04-06, 02:45:48, 132.75, 52.25, 19.25, 26.25, 9999.0, 1.25, 1.5, 20.0, 9999.0, 9999.0, 9999.0, 121.25, 124.5, 120.5, 104.25, 135.5
2023-04-06, 02:45:52, 132.75, 52.25, 19.0, 26.0, 9999.0, 1.25, 1.5, 19.75, 9999.0, 9999.0, 9999.0, 121.0, 124.5, 120.5, 104.25, 135.5
2023-04-06, 02:45:56, 132.75, 52.25, 19.25, 26.0, 9999.0, 1.25, 1.5, 19.75, 9999.0, 9999.0, 9999.0, 121.0, 124.5, 120.5, 104.25, 135.5
2023-04-06, 02:46:00, 132.75, 52.25, 19.25, 26.0, 9999.0, 1.25, 1.5, 19.75, 9999.0, 9999.0, 9999.0, 121.0, 124.5, 120.5, 104.25, 135.25
2023-04-06, 02:46:04, 132.75, 52.25, 19.25, 26.0, 9999.0, 1.25, 1.5, 20.0, 9999.0, 9999.0, 9999.0, 121.0, 124.5, 120.5, 104.25, 135.5
2023-04-06, 02:46:08, 132.75, 52.25, 19.25, 26.0, 9999.0, 1.25, 1.5, 19.75, 9999.0, 9999.0, 9999.0, 120.75, 124.5, 120.5, 104.25, 135.25
2023-04-06, 02:46:12, 132.75, 52.25, 19.25, 26.25, 9999.0, 1.5, 1.5, 19.75, 9999.0, 9999.0, 9999.0, 120.75, 124.5, 120.5, 104.25, 135.5
2023-04-06, 02:46:16, 132.75, 52.25, 19.25, 26.25, 9999.0, 1.5, 1.5, 19.75, 9999.0, 9999.0, 9999.0, 120.75, 124.5, 120.5, 104.25, 135.5
2023-04-06, 02:46:20, 132.75, 52.25, 19.25, 26.25, 9999.0, 1.5, 1.5, 19.75, 9999.0, 9999.0, 9999.0, 120.75, 124.5, 120.5, 104.25, 135.5
2023-04-06, 02:46:24, 132.75, 52.25, 19.25, 26.0, 9999.0, 1.5, 1.5, 20.0, 9999.0, 9999.0, 9999.0, 120.75, 124.5, 120.5, 104.25, 135.5
2023-04-06, 02:46:28, 132.75, 52.25, 19.25, 26.25, 9999.0, 1.5, 1.75, 19.75, 9999.0, 9999.0, 9999.0, 120.75, 124.5, 120.5, 104.25, 135.5
2023-04-06, 02:46:32, 132.75, 52.25, 19.5, 26.0, 9999.0, 1.5, 1.5, 19.75, 9999.0, 9999.0, 9999.0, 121.5, 124.5, 120.5, 104.25, 135.5
2023-04-06, 02:46:36, 132.75, 52.25, 19.25, 26.0, 9999.0, 1.5, 1.75, 19.75, 9999.0, 9999.0, 9999.0, 121.5, 124.5, 120.5, 104.25, 135.5
2023-04-06, 02:46:40, 132.75, 52.25, 19.25, 26.0, 9999.0, 1.5, 1.75, 19.75, 9999.0, 9999.0, 9999.0, 121.5, 124.25, 120.5, 104.25, 135.5
2023-04-06, 02:46:44, 132.75, 52.25, 19.25, 26.0, 9999.0, 1.5, 1.75, 19.75, 9999.0, 9999.0, 9999.0, 121.25, 124.25, 120.5, 104.25, 135.25
2023-04-06, 02:46:48, 132.75, 52.25, 19.25, 26.25, 9999.0, 1.5, 1.75, 19.75, 9999.0, 9999.0, 9999.0, 121.25, 124.5, 120.5, 104.25, 135.25
2023-04-06, 02:46:52, 132.75, 52.25, 19.25, 26.25, 9999.0, 1.5, 1.5, 19.75, 9999.0, 9999.0, 9999.0, 121.25, 124.25, 120.5, 104.25, 135.5
2023-04-06, 02:46:56, 132.75, 52.25, 19.25, 26.25, 9999.0, 1.5, 1.75, 19.75, 9999.0, 9999.0, 9999.0, 121.25, 124.25, 120.5, 104.25, 135.5
2023-04-06, 02:47:00, 132.75, 52.25, 19.25, 26.25, 9999.0, 1.5, 1.75, 19.75, 9999.0, 9999.0, 9999.0, 121.25, 124.5, 120.5, 104.25, 135.5
2023-04-06, 02:47:04, 132.75, 52.25, 19.25, 26.0, 9999.0, 1.5, 1.75, 19.75, 9999.0, 9999.0, 9999.0, 121.25, 124.5, 120.5, 104.25, 135.5
2023-04-06, 02:47:08, 132.75, 52.25, 19.25, 26.0, 9999.0, 1.25, 1.5, 19.75, 9999.0, 9999.0, 9999.0, 121.25, 124.5, 120.5, 104.25, 135.5
2023-04-06, 02:47:12, 132.75, 52.25, 19.25, 26.0, 9999.0, 1.25, 1.5, 19.75, 9999.0, 9999.0, 9999.0, 121.0, 124.5, 120.5, 104.25, 135.5
2023-04-06, 02:47:16, 132.75, 52.5, 19.25, 26.0, 9999.0, 1.25, 1.5, 19.75, 9999.0, 9999.0, 9999.0, 121.0, 124.5, 120.5, 104.25, 135.5
2023-04-06, 02:47:20, 132.75, 52.25, 19.25, 26.0, 9999.0, 1.25, 1.5, 19.75, 9999.0, 9999.0, 9999.0, 121.0, 124.5, 120.5, 104.25, 135.5
2023-04-06, 02:47:24, 132.75, 52.25, 19.25, 26.0, 9999.0, 1.25, 1.5, 19.75, 9999.0, 9999.0, 9999.0, 121.0, 124.5, 120.5, 104.25, 135.5
2023-04-06, 02:47:28, 132.75, 52.25, 19.25, 26.0, 9999.0, 1.25, 1.75, 19.75, 9999.0, 9999.0, 9999.0, 121.0, 124.5, 120.25, 104.25, 135.5
2023-04-06, 02:47:33, 132.75, 52.25, 19.25, 26.0, 9999.0, 1.25, 1.5, 19.75, 9999.0, 9999.0, 9999.0, 121.0, 124.5, 120.5, 104.25, 135.5
2023-04-06, 02:47:37, 132.75, 52.25, 19.25, 26.25, 9999.0, 1.5, 1.5, 19.75, 9999.0, 9999.0, 9999.0, 120.75, 124.5, 120.5, 104.25, 135.5
2023-04-06, 02:47:41, 132.75, 52.25, 19.25, 26.25, 9999.0, 1.5, 1.5, 19.75, 9999.0, 9999.0, 9999.0, 120.75, 124.25, 120.5, 104.25, 135.5
2023-04-06, 02:47:45, 132.75, 52.25, 19.25, 26.25, 9999.0, 1.5, 1.5, 19.75, 9999.0, 9999.0, 9999.0, 120.75, 124.25, 120.5, 104.25, 135.5
2023-04-06, 02:47:49, 132.75, 52.25, 19.25, 26.25, 9999.0, 1.5, 1.75, 19.75, 9999.0, 9999.0, 9999.0, 120.75, 124.5, 120.5, 104.25, 135.5
2023-04-06, 02:47:53, 132.75, 52.25, 19.25, 26.25, 9999.0, 1.5, 1.75, 19.75, 9999.0, 9999.0, 9999.0, 121.5, 124.5, 120.5, 104.25, 135.5
2023-04-06, 02:47:57, 132.75, 52.25, 19.25, 26.0, 9999.0, 1.75, 1.75, 19.75, 9999.0, 9999.0, 9999.0, 121.5, 124.5, 120.5, 104.25, 135.5
2023-04-06, 02:48:01, 132.75, 52.25, 19.25, 26.0, 9999.0, 1.5, 1.75, 20.0, 9999.0, 9999.0, 9999.0, 121.5, 124.5, 120.5, 104.25, 135.5
2023-04-06, 02:48:05, 132.75, 52.25, 19.0, 26.0, 9999.0, 1.5, 1.5, 19.75, 9999.0, 9999.0, 9999.0, 121.25, 124.25, 120.5, 104.25, 135.25
2023-04-06, 02:48:09, 132.75, 52.25, 19.25, 26.25, 9999.0, 1.5, 1.75, 19.75, 9999.0, 9999.0, 9999.0, 121.25, 124.25, 120.5, 104.25, 135.5
2023-04-06, 02:48:13, 132.75, 52.25, 19.0, 26.25, 9999.0, 1.5, 1.75, 19.75, 9999.0, 9999.0, 9999.0, 121.25, 124.25, 120.5, 104.25, 135.25
2023-04-06, 02:48:17, 132.75, 52.25, 19.25, 26.25, 9999.0, 1.5, 1.75, 19.75, 9999.0, 9999.0, 9999.0, 121.25, 124.25, 120.5, 104.25, 135.25
2023-04-06, 02:48:21, 132.75, 52.25, 19.25, 26.0, 9999.0, 1.5, 1.75, 19.75, 9999.0, 9999.0, 9999.0, 121.25, 124.25, 120.5, 104.25, 135.5
2023-04-06, 02:48:25, 132.75, 52.25, 19.25, 26.0, 9999.0, 1.5, 1.75, 19.75, 9999.0, 9999.0, 9999.0, 121.25, 124.5, 120.5, 104.25, 135.25
2023-04-06, 02:48:29, 132.75, 52.25, 19.25, 26.0, 9999.0, 1.5, 1.75, 19.75, 9999.0, 9999.0, 9999.0, 121.25, 124.5, 120.25, 104.0, 135.25
2023-04-06, 02:48:33, 132.75, 52.25, 19.25, 26.0, 9999.0, 1.25, 1.5, 19.75, 9999.0, 9999.0, 9999.0, 121.25, 124.5, 120.5, 104.25, 135.5
2023-04-06, 02:48:37, 132.75, 52.25, 19.25, 26.0, 9999.0, 1.25, 1.75, 19.75, 9999.0, 9999.0, 9999.0, 121.0, 124.5, 120.5, 104.25, 135.25
2023-04-06, 02:48:41, 132.75, 52.25, 19.0, 26.25, 9999.0, 1.25, 1.75, 19.75, 9999.0, 9999.0, 9999.0, 121.0, 124.5, 120.5, 104.25, 135.25
2023-04-06, 02:48:45, 132.75, 52.25, 19.25, 26.25, 9999.0, 1.25, 1.5, 19.75, 9999.0, 9999.0, 9999.0, 121.0, 124.5, 120.5, 104.25, 135.25
2023-04-06, 02:48:49, 132.75, 52.25, 19.25, 26.25, 9999.0, 1.25, 1.5, 19.75, 9999.0, 9999.0, 9999.0, 121.0, 124.5, 120.5, 104.25, 135.25
2023-04-06, 02:48:53, 132.75, 52.25, 19.25, 26.25, 9999.0, 1.25, 1.5, 19.75, 9999.0, 9999.0, 9999.0, 121.0, 124.25, 120.5, 104.25, 135.5
2023-04-06, 02:48:57, 132.5, 52.25, 19.25, 26.25, 9999.0, 1.5, 1.5, 19.75, 9999.0, 9999.0, 9999.0, 121.0, 124.5, 120.5, 104.0, 135.25
2023-04-06, 02:49:01, 132.75, 52.25, 19.25, 26.0, 9999.0, 1.5, 1.5, 19.75, 9999.0, 9999.0, 9999.0, 120.75, 124.25, 120.5, 104.0, 135.25
2023-04-06, 02:49:05, 132.75, 52.25, 19.25, 26.0, 9999.0, 1.5, 1.5, 19.75, 9999.0, 9999.0, 9999.0, 120.75, 124.5, 120.5, 104.0, 135.25
2023-04-06, 02:49:09, 132.75, 52.25, 19.25, 26.25, 9999.0, 1.5, 1.5, 19.75, 9999.0, 9999.0, 9999.0, 120.75, 124.25, 120.5, 104.0, 135.25
2023-04-06, 02:49:13, 132.5, 52.25, 19.25, 26.0, 9999.0, 1.5, 1.75, 19.75, 9999.0, 9999.0, 9999.0, 120.75, 124.25, 120.5, 104.0, 135.25
2023-04-06, 02:49:17, 132.5, 52.25, 19.0, 26.0, 9999.0, 1.5, 1.5, 19.75, 9999.0, 9999.0, 9999.0, 121.5, 124.25, 120.25, 104.0, 135.5
2023-04-06, 02:49:21, 132.75, 52.25, 19.0, 26.0, 9999.0, 1.5, 1.5, 19.75, 9999.0, 9999.0, 9999.0, 121.5, 124.25, 120.5, 104.0, 135.25
2023-04-06, 02:49:25, 132.5, 52.0, 19.25, 26.0, 9999.0, 1.5, 1.5, 19.75, 9999.0, 9999.0, 9999.0, 121.25, 124.25, 120.5, 104.0, 135.5
2023-04-06, 02:49:29, 132.75, 52.25, 19.25, 26.0, 9999.0, 1.5, 1.75, 19.75, 9999.0, 9999.0, 9999.0, 121.25, 124.25, 120.5, 104.0, 135.25
2023-04-06, 02:49:33, 132.75, 52.25, 19.0, 26.0, 9999.0, 1.5, 1.75, 19.75, 9999.0, 9999.0, 9999.0, 121.25, 124.25, 120.25, 104.0, 135.5
2023-04-06, 02:49:37, 132.75, 52.25, 19.0, 26.0, 9999.0, 1.5, 1.5, 19.75, 9999.0, 9999.0, 9999.0, 121.25, 124.25, 120.5, 104.0, 135.25
2023-04-06, 02:49:41, 132.5, 52.25, 19.25, 26.25, 9999.0, 1.25, 1.75, 19.75, 9999.0, 9999.0, 9999.0, 121.25, 124.25, 120.25, 104.0, 135.25
2023-04-06, 02:49:45, 132.75, 52.0, 19.25, 26.25, 9999.0, 1.25, 1.5, 19.75, 9999.0, 9999.0, 9999.0, 121.0, 124.25, 120.25, 104.0, 135.25
2023-04-06, 02:49:49, 132.75, 52.25, 19.25, 26.25, 9999.0, 1.25, 1.5, 19.75, 9999.0, 9999.0, 9999.0, 121.0, 124.5, 120.5, 104.0, 135.25
2023-04-06, 02:49:53, 132.5, 52.25, 19.0, 26.25, 9999.0, 1.25, 1.5, 19.75, 9999.0, 9999.0, 9999.0, 121.0, 124.5, 120.25, 104.0, 135.5
2023-04-06, 02:49:57, 132.5, 52.25, 19.0, 26.0, 9999.0, 1.25, 1.5, 19.75, 9999.0, 9999.0, 9999.0, 121.0, 124.5, 120.5, 104.0, 135.25
2023-04-06, 02:50:01, 132.75, 52.0, 19.0, 26.25, 9999.0, 1.25, 1.5, 19.75, 9999.0, 9999.0, 9999.0, 121.0, 124.25, 120.5, 104.0, 135.25
2023-04-06, 02:50:05, 132.75, 52.25, 19.0, 26.0, 9999.0, 1.25, 1.5, 19.75, 9999.0, 9999.0, 9999.0, 120.75, 124.25, 120.5, 104.0, 135.25
2023-04-06, 02:50:09, 132.5, 52.0, 19.25, 26.0, 9999.0, 1.25, 1.5, 19.75, 9999.0, 9999.0, 9999.0, 121.0, 124.25, 120.25, 104.0, 135.25
2023-04-06, 02:50:13, 132.5, 52.0, 19.0, 26.0, 9999.0, 1.25, 1.5, 19.75, 9999.0, 9999.0, 9999.0, 120.75, 124.25, 120.5, 104.0, 135.25
2023-04-06, 02:50:17, 132.75, 52.0, 19.0, 26.0, 9999.0, 1.25, 1.5, 19.75, 9999.0, 9999.0, 9999.0, 120.75, 124.25, 120.5, 104.0, 135.25
2023-04-06, 02:50:21, 132.75, 52.25, 19.0, 26.25, 9999.0, 1.5, 1.5, 19.75, 9999.0, 9999.0, 9999.0, 120.75, 124.25, 120.5, 104.0, 135.25
2023-04-06, 02:50:25, 132.5, 52.0, 19.0, 26.25, 9999.0, 1.25, 1.5, 19.75, 9999.0, 9999.0, 9999.0, 120.75, 124.25, 120.5, 104.0, 135.25
2023-04-06, 02:50:29, 132.5, 52.25, 19.0, 26.0, 9999.0, 1.5, 1.5, 19.75, 9999.0, 9999.0, 9999.0, 120.75, 124.25, 120.25, 104.0, 135.25
2023-04-06, 02:50:33, 132.5, 52.25, 19.0, 26.0, 9999.0, 1.5, 1.5, 19.75, 9999.0, 9999.0, 9999.0, 120.75, 124.25, 120.25, 104.0, 135.25
2023-04-06, 02:50:37, 132.5, 52.0, 19.0, 26.0, 9999.0, 1.5, 1.5, 19.75, 9999.0, 9999.0, 9999.0, 121.5, 124.25, 120.5, 104.0, 135.25
2023-04-06, 02:50:41, 132.5, 52.0, 19.0, 26.0, 9999.0, 1.5, 1.5, 19.75, 9999.0, 9999.0, 9999.0, 121.25, 124.25, 120.5, 104.0, 135.25
2023-04-06, 02:50:45, 132.5, 52.0, 19.25, 26.25, 9999.0, 1.5, 1.5, 19.75, 9999.0, 9999.0, 9999.0, 121.25, 124.25, 120.25, 104.0, 135.25
2023-04-06, 02:50:49, 132.5, 52.0, 19.0, 26.0, 9999.0, 1.5, 1.5, 19.75, 9999.0, 9999.0, 9999.0, 121.25, 124.25, 120.25, 104.0, 135.25
2023-04-06, 02:50:53, 132.5, 52.0, 19.0, 26.25, 9999.0, 1.25, 1.5, 19.75, 9999.0, 9999.0, 9999.0, 121.25, 124.25, 120.25, 104.0, 135.25
2023-04-06, 02:50:57, 132.5, 52.0, 19.0, 26.25, 9999.0, 1.25, 1.5, 19.75, 9999.0, 9999.0, 9999.0, 121.25, 124.25, 120.25, 104.0, 135.25
2023-04-06, 02:51:01, 132.5, 52.0, 19.0, 26.25, 9999.0, 1.25, 1.5, 19.75, 9999.0, 9999.0, 9999.0, 121.0, 124.25, 120.25, 104.0, 135.25
2023-04-06, 02:51:05, 132.5, 52.0, 19.0, 26.25, 9999.0, 1.25, 1.5, 19.5, 9999.0, 9999.0, 9999.0, 121.0, 124.5, 120.25, 104.0, 135.25
2023-04-06, 02:51:09, 132.5, 52.0, 19.25, 26.0, 9999.0, 1.25, 1.5, 19.75, 9999.0, 9999.0, 9999.0, 121.0, 124.5, 120.25, 104.0, 135.25
2023-04-06, 02:51:13, 132.5, 52.0, 19.0, 26.25, 9999.0, 1.25, 1.5, 19.75, 9999.0, 9999.0, 9999.0, 121.0, 124.5, 120.25, 104.0, 135.25
2023-04-06, 02:51:17, 132.5, 52.0, 19.0, 26.0, 9999.0, 1.25, 1.5, 19.75, 9999.0, 9999.0, 9999.0, 121.0, 124.5, 120.25, 104.0, 135.25
2023-04-06, 02:51:21, 132.5, 52.0, 19.0, 26.0, 9999.0, 1.25, 1.5, 19.75, 9999.0, 9999.0, 9999.0, 120.75, 124.5, 120.25, 104.0, 135.25
2023-04-06, 02:51:25, 132.5, 52.0, 19.0, 26.0, 9999.0, 1.25, 1.5, 19.5, 9999.0, 9999.0, 9999.0, 121.0, 124.5, 120.25, 104.0, 135.25
2023-04-06, 02:51:29, 132.5, 52.0, 19.0, 26.0, 9999.0, 1.25, 1.5, 19.75, 9999.0, 9999.0, 9999.0, 120.75, 124.25, 120.25, 104.0, 135.25
2023-04-06, 02:51:33, 132.5, 52.0, 19.0, 26.0, 9999.0, 1.25, 1.5, 19.75, 9999.0, 9999.0, 9999.0, 120.75, 124.25, 120.25, 104.0, 135.25
2023-04-06, 02:51:37, 132.5, 52.0, 19.0, 26.0, 9999.0, 1.25, 1.5, 19.5, 9999.0, 9999.0, 9999.0, 120.75, 124.5, 120.5, 104.0, 135.25
2023-04-06, 02:51:41, 132.5, 52.0, 19.0, 26.25, 9999.0, 1.25, 1.5, 19.5, 9999.0, 9999.0, 9999.0, 120.75, 124.25, 120.5, 104.0, 135.25
2023-04-06, 02:51:45, 132.5, 52.0, 19.0, 26.25, 9999.0, 1.25, 1.5, 19.75, 9999.0, 9999.0, 9999.0, 120.5, 124.25, 120.25, 104.0, 135.25
2023-04-06, 02:51:49, 132.5, 52.0, 19.0, 26.0, 9999.0, 1.5, 1.5, 19.75, 9999.0, 9999.0, 9999.0, 120.75, 124.25, 120.25, 104.0, 135.25
2023-04-06, 02:51:53, 132.5, 52.0, 19.0, 26.0, 9999.0, 1.5, 1.5, 19.75, 9999.0, 9999.0, 9999.0, 121.5, 124.25, 120.25, 104.0, 135.25
2023-04-06, 02:51:57, 132.5, 52.0, 19.0, 26.0, 9999.0, 1.5, 1.5, 19.75, 9999.0, 9999.0, 9999.0, 121.25, 124.25, 120.25, 104.0, 135.25
2023-04-06, 02:52:02, 132.5, 52.0, 19.0, 26.0, 9999.0, 1.25, 1.5, 19.75, 9999.0, 9999.0, 9999.0, 121.25, 124.25, 120.25, 104.0, 135.25
2023-04-06, 02:52:06, 132.5, 52.0, 19.0, 26.0, 9999.0, 1.25, 1.5, 19.75, 9999.0, 9999.0, 9999.0, 121.25, 124.25, 120.25, 104.0, 135.25
2023-04-06, 02:52:10, 132.5, 52.0, 19.0, 26.0, 9999.0, 1.25, 1.5, 19.75, 9999.0, 9999.0, 9999.0, 121.25, 124.25, 120.25, 104.0, 135.25
2023-04-06, 02:52:14, 132.5, 52.0, 19.0, 26.0, 9999.0, 1.25, 1.5, 19.5, 9999.0, 9999.0, 9999.0, 121.0, 124.25, 120.25, 104.0, 135.25
2023-04-06, 02:52:18, 132.5, 52.0, 19.0, 26.0, 9999.0, 1.25, 1.5, 19.5, 9999.0, 9999.0, 9999.0, 121.0, 124.25, 120.25, 104.0, 135.25
2023-04-06, 02:52:22, 132.5, 52.0, 19.0, 26.25, 9999.0, 1.25, 1.5, 19.5, 9999.0, 9999.0, 9999.0, 121.0, 124.0, 120.5, 104.0, 135.0
2023-04-06, 02:52:26, 132.5, 52.0, 19.0, 26.0, 9999.0, 1.25, 1.5, 19.75, 9999.0, 9999.0, 9999.0, 121.0, 124.5, 120.25, 104.0, 135.25
2023-04-06, 02:52:30, 132.5, 52.0, 19.0, 26.0, 9999.0, 1.25, 1.5, 19.75, 9999.0, 9999.0, 9999.0, 121.0, 124.25, 120.25, 104.0, 135.25
2023-04-06, 02:52:34, 132.5, 52.0, 19.0, 26.0, 9999.0, 1.25, 1.5, 19.5, 9999.0, 9999.0, 9999.0, 121.0, 124.5, 120.25, 104.0, 135.25
2023-04-06, 02:52:38, 132.5, 52.0, 19.0, 26.0, 9999.0, 1.25, 1.5, 19.75, 9999.0, 9999.0, 9999.0, 120.75, 124.25, 120.25, 104.0, 135.25
2023-04-06, 02:52:42, 132.5, 52.0, 19.0, 26.0, 9999.0, 1.25, 1.5, 19.5, 9999.0, 9999.0, 9999.0, 120.75, 124.25, 120.25, 104.0, 135.25
2023-04-06, 02:52:46, 132.5, 52.0, 19.0, 26.0, 9999.0, 1.25, 1.5, 19.5, 9999.0, 9999.0, 9999.0, 120.75, 124.25, 120.25, 104.0, 135.25
2023-04-06, 02:52:50, 132.5, 52.0, 19.0, 26.0, 9999.0, 1.0, 1.5, 19.5, 9999.0, 9999.0, 9999.0, 120.75, 124.5, 120.25, 104.0, 135.25
2023-04-06, 02:52:54, 132.5, 52.0, 19.0, 26.0, 9999.0, 1.0, 1.5, 19.5, 9999.0, 9999.0, 9999.0, 120.75, 124.5, 120.25, 104.0, 135.25
2023-04-06, 02:52:58, 132.5, 52.0, 19.0, 26.25, 9999.0, 1.25, 1.5, 19.5, 9999.0, 9999.0, 9999.0, 120.75, 124.25, 120.25, 104.0, 135.25
2023-04-06, 02:53:02, 132.5, 52.0, 19.0, 26.25, 9999.0, 1.25, 1.5, 19.5, 9999.0, 9999.0, 9999.0, 120.75, 124.25, 120.25, 104.0, 135.25
2023-04-06, 02:53:06, 132.5, 52.0, 19.0, 26.25, 9999.0, 1.25, 1.5, 19.5, 9999.0, 9999.0, 9999.0, 120.5, 124.25, 120.25, 104.0, 135.25
2023-04-06, 02:53:10, 132.5, 52.0, 19.0, 26.0, 9999.0, 1.5, 1.5, 19.5, 9999.0, 9999.0, 9999.0, 120.5, 124.25, 120.5, 104.0, 135.25
2023-04-06, 02:53:14, 132.5, 52.0, 19.0, 26.0, 9999.0, 1.5, 1.5, 19.5, 9999.0, 9999.0, 9999.0, 121.5, 124.25, 120.25, 104.0, 135.25
2023-04-06, 02:53:18, 132.5, 51.75, 19.0, 26.0, 9999.0, 1.25, 1.25, 19.5, 9999.0, 9999.0, 9999.0, 121.25, 124.25, 120.25, 104.0, 135.25
2023-04-06, 02:53:22, 132.5, 51.75, 19.0, 26.0, 9999.0, 1.25, 1.5, 19.5, 9999.0, 9999.0, 9999.0, 121.25, 124.25, 120.5, 104.0, 135.25
2023-04-06, 02:53:26, 132.5, 52.0, 19.0, 26.0, 9999.0, 1.25, 1.5, 19.5, 9999.0, 9999.0, 9999.0, 121.25, 124.25, 120.25, 104.0, 135.25
2023-04-06, 02:53:30, 132.5, 52.0, 19.0, 26.25, 9999.0, 1.25, 1.5, 19.5, 9999.0, 9999.0, 9999.0, 121.0, 124.25, 120.25, 104.0, 135.25
2023-04-06, 02:53:34, 132.5, 52.0, 19.0, 26.0, 9999.0, 1.25, 1.5, 19.5, 9999.0, 9999.0, 9999.0, 121.25, 124.25, 120.25, 104.0, 135.25
2023-04-06, 02:53:38, 132.5, 52.0, 19.0, 26.0, 9999.0, 1.25, 1.5, 19.5, 9999.0, 9999.0, 9999.0, 121.0, 124.25, 120.25, 104.0, 135.0
2023-04-06, 02:53:42, 132.5, 52.0, 19.0, 26.0, 9999.0, 1.25, 1.5, 19.5, 9999.0, 9999.0, 9999.0, 121.0, 124.25, 120.25, 104.0, 135.25
2023-04-06, 02:53:46, 132.5, 52.0, 18.75, 26.0, 9999.0, 1.25, 1.5, 19.5, 9999.0, 9999.0, 9999.0, 121.0, 124.5, 120.25, 104.0, 135.25
2023-04-06, 02:53:50, 132.5, 51.75, 19.0, 26.0, 9999.0, 1.25, 1.25, 19.5, 9999.0, 9999.0, 9999.0, 121.0, 124.25, 120.5, 104.0, 135.25
2023-04-06, 02:53:54, 132.25, 52.0, 19.0, 26.0, 9999.0, 1.0, 1.5, 19.5, 9999.0, 9999.0, 9999.0, 121.0, 124.25, 120.5, 104.0, 135.25
2023-04-06, 02:53:58, 132.5, 51.75, 19.0, 26.0, 9999.0, 1.25, 1.25, 19.5, 9999.0, 9999.0, 9999.0, 120.75, 124.5, 120.25, 104.0, 135.25
2023-04-06, 02:54:02, 132.5, 52.0, 19.0, 26.0, 9999.0, 1.0, 1.25, 19.5, 9999.0, 9999.0, 9999.0, 120.75, 124.5, 120.25, 104.0, 135.25
2023-04-06, 02:54:06, 132.25, 51.75, 18.75, 26.0, 9999.0, 1.0, 1.5, 19.5, 9999.0, 9999.0, 9999.0, 120.75, 124.25, 120.25, 104.0, 135.25
2023-04-06, 02:54:10, 132.25, 52.0, 19.0, 26.0, 9999.0, 1.0, 1.5, 19.5, 9999.0, 9999.0, 9999.0, 120.75, 124.25, 120.25, 104.0, 135.0
2023-04-06, 02:54:14, 132.25, 52.0, 19.0, 26.0, 9999.0, 1.0, 1.25, 19.5, 9999.0, 9999.0, 9999.0, 120.75, 124.25, 120.25, 104.0, 135.25
2023-04-06, 02:54:18, 132.25, 52.0, 19.0, 26.0, 9999.0, 1.25, 1.25, 19.5, 9999.0, 9999.0, 9999.0, 120.5, 124.25, 120.25, 104.0, 135.25
2023-04-06, 02:54:22, 132.25, 52.0, 19.0, 26.0, 9999.0, 1.25, 1.25, 19.5, 9999.0, 9999.0, 9999.0, 120.5, 124.25, 120.25, 104.0, 135.0
2023-04-06, 02:54:26, 132.25, 51.75, 19.0, 26.0, 9999.0, 1.25, 1.5, 19.5, 9999.0, 9999.0, 9999.0, 120.5, 124.25, 120.25, 104.0, 135.25
2023-04-06, 02:54:30, 132.5, 51.75, 19.0, 26.0, 9999.0, 1.5, 1.25, 19.5, 9999.0, 9999.0, 9999.0, 120.5, 124.25, 120.5, 104.0, 135.25
2023-04-06, 02:54:34, 132.5, 52.0, 18.75, 26.0, 9999.0, 1.25, 1.5, 19.5, 9999.0, 9999.0, 9999.0, 121.25, 124.25, 120.5, 104.0, 135.0
2023-04-06, 02:54:38, 132.25, 52.0, 19.0, 26.0, 9999.0, 1.25, 1.25, 19.5, 9999.0, 9999.0, 9999.0, 121.25, 124.25, 120.25, 104.0, 135.25
2023-04-06, 02:54:42, 132.25, 52.0, 19.0, 26.0, 9999.0, 1.25, 1.5, 19.5, 9999.0, 9999.0, 9999.0, 121.25, 124.0, 120.25, 104.0, 135.25
2023-04-06, 02:54:46, 132.25, 52.0, 19.0, 26.0, 9999.0, 1.25, 1.5, 19.5, 9999.0, 9999.0, 9999.0, 121.0, 124.0, 120.25, 104.0, 135.25
2023-04-06, 02:54:50, 132.25, 51.75, 19.0, 26.0, 9999.0, 1.25, 1.5, 19.5, 9999.0, 9999.0, 9999.0, 121.0, 124.25, 120.25, 104.0, 135.0
2023-04-06, 02:54:54, 132.25, 51.75, 19.0, 26.0, 9999.0, 1.25, 1.5, 19.5, 9999.0, 9999.0, 9999.0, 121.0, 124.0, 120.25, 104.0, 135.0
2023-04-06, 02:54:58, 132.25, 51.75, 19.0, 26.0, 9999.0, 1.25, 1.5, 19.5, 9999.0, 9999.0, 9999.0, 121.0, 124.25, 120.25, 104.0, 135.25
2023-04-06, 02:55:02, 132.25, 52.0, 19.0, 26.0, 9999.0, 1.25, 1.25, 19.5, 9999.0, 9999.0, 9999.0, 121.0, 124.25, 120.5, 104.0, 135.0
2023-04-06, 02:55:06, 132.25, 51.75, 19.0, 26.0, 9999.0, 1.0, 1.5, 19.5, 9999.0, 9999.0, 9999.0, 121.0, 124.25, 120.25, 104.0, 135.0
2023-04-06, 02:55:10, 132.25, 51.75, 19.0, 26.0, 9999.0, 1.25, 1.5, 19.5, 9999.0, 9999.0, 9999.0, 121.0, 124.25, 120.25, 104.0, 135.25
2023-04-06, 02:55:14, 132.5, 52.0, 19.0, 26.25, 9999.0, 1.0, 1.25, 19.5, 9999.0, 9999.0, 9999.0, 121.0, 124.5, 120.25, 104.0, 135.25
2023-04-06, 02:55:18, 132.25, 51.75, 19.0, 26.25, 9999.0, 1.0, 1.25, 19.5, 9999.0, 9999.0, 9999.0, 120.75, 124.25, 120.25, 104.0, 135.25
2023-04-06, 02:55:22, 132.25, 51.75, 19.0, 26.0, 9999.0, 1.0, 1.25, 19.5, 9999.0, 9999.0, 9999.0, 120.75, 124.25, 120.25, 104.0, 135.0
2023-04-06, 02:55:26, 132.25, 51.75, 18.75, 26.25, 9999.0, 1.0, 1.25, 19.5, 9999.0, 9999.0, 9999.0, 120.75, 124.25, 120.25, 104.0, 135.25
2023-04-06, 02:55:30, 132.25, 52.0, 19.0, 26.25, 9999.0, 1.0, 1.25, 19.5, 9999.0, 9999.0, 9999.0, 120.75, 124.25, 120.25, 104.0, 135.0
2023-04-06, 02:55:34, 132.25, 51.75, 19.0, 26.0, 9999.0, 1.0, 1.25, 19.5, 9999.0, 9999.0, 9999.0, 120.75, 124.25, 120.25, 104.0, 135.25
2023-04-06, 02:55:38, 132.25, 51.75, 19.0, 26.0, 9999.0, 1.25, 1.25, 19.5, 9999.0, 9999.0, 9999.0, 120.5, 124.25, 120.25, 104.0, 135.0
2023-04-06, 02:55:42, 132.25, 51.75, 19.0, 26.0, 9999.0, 1.25, 1.25, 19.5, 9999.0, 9999.0, 9999.0, 120.5, 124.25, 120.25, 104.0, 135.25
2023-04-06, 02:55:46, 132.25, 51.75, 19.0, 26.0, 9999.0, 1.25, 1.25, 19.5, 9999.0, 9999.0, 9999.0, 120.5, 124.25, 120.25, 104.0, 135.0
2023-04-06, 02:55:50, 132.25, 52.0, 18.75, 26.25, 9999.0, 1.25, 1.25, 19.5, 9999.0, 9999.0, 9999.0, 120.5, 124.25, 120.25, 104.0, 135.25
2023-04-06, 02:55:54, 132.25, 51.75, 18.75, 26.0, 9999.0, 1.25, 1.25, 19.5, 9999.0, 9999.0, 9999.0, 121.25, 124.25, 120.25, 104.0, 135.25
2023-04-06, 02:55:58, 132.25, 51.75, 19.0, 26.0, 9999.0, 1.25, 1.25, 19.5, 9999.0, 9999.0, 9999.0, 121.25, 124.25, 120.25, 104.0, 135.25
2023-04-06, 02:56:02, 132.25, 51.75, 19.0, 26.0, 9999.0, 1.25, 1.25, 19.5, 9999.0, 9999.0, 9999.0, 121.25, 124.25, 120.25, 104.0, 135.25
2023-04-06, 02:56:06, 132.25, 51.75, 18.75, 26.0, 9999.0, 1.25, 1.5, 19.5, 9999.0, 9999.0, 9999.0, 121.25, 124.25, 120.25, 104.0, 135.25
2023-04-06, 02:56:10, 132.25, 51.75, 18.75, 26.0, 9999.0, 1.25, 1.25, 19.5, 9999.0, 9999.0, 9999.0, 121.0, 124.25, 120.25, 104.0, 135.0
2023-04-06, 02:56:14, 132.5, 51.75, 19.0, 26.0, 9999.0, 1.25, 1.25, 19.5, 9999.0, 9999.0, 9999.0, 121.0, 124.25, 120.25, 104.0, 135.25
2023-04-06, 02:56:18, 132.25, 51.75, 18.75, 26.0, 9999.0, 1.25, 1.25, 19.5, 9999.0, 9999.0, 9999.0, 121.0, 124.25, 120.25, 104.0, 135.0
2023-04-06, 02:56:22, 132.25, 51.75, 18.75, 26.25, 9999.0, 1.25, 1.25, 19.5, 9999.0, 9999.0, 9999.0, 121.0, 124.5, 120.25, 104.0, 135.25
2023-04-06, 02:56:27, 132.25, 51.75, 19.0, 26.25, 9999.0, 1.0, 1.5, 19.5, 9999.0, 9999.0, 9999.0, 121.0, 124.5, 120.25, 104.0, 135.25
2023-04-06, 02:56:31, 132.25, 52.0, 19.0, 26.0, 9999.0, 1.0, 1.5, 19.25, 9999.0, 9999.0, 9999.0, 121.0, 124.5, 120.5, 104.0, 135.25
2023-04-06, 02:56:35, 132.5, 52.0, 19.0, 26.25, 9999.0, 1.0, 1.25, 19.5, 9999.0, 9999.0, 9999.0, 121.0, 124.25, 120.25, 104.0, 135.25
2023-04-06, 02:56:39, 132.25, 51.75, 18.75, 26.0, 9999.0, 1.0, 1.25, 19.5, 9999.0, 9999.0, 9999.0, 121.0, 124.25, 120.25, 104.0, 135.25
2023-04-06, 02:56:43, 132.25, 51.75, 18.75, 26.25, 9999.0, 1.0, 1.25, 19.5, 9999.0, 9999.0, 9999.0, 120.75, 124.25, 120.5, 104.0, 135.25
2023-04-06, 02:56:47, 132.25, 51.75, 19.0, 26.0, 9999.0, 1.0, 1.25, 19.5, 9999.0, 9999.0, 9999.0, 120.75, 124.5, 120.5, 104.0, 135.25
2023-04-06, 02:56:51, 132.25, 51.75, 19.0, 26.0, 9999.0, 1.0, 1.25, 19.5, 9999.0, 9999.0, 9999.0, 120.5, 124.25, 120.5, 104.0, 135.25
2023-04-06, 02:56:55, 132.25, 51.75, 19.0, 26.0, 9999.0, 1.0, 1.25, 19.5, 9999.0, 9999.0, 9999.0, 120.75, 124.25, 120.5, 104.0, 135.25
2023-04-06, 02:56:59, 132.25, 51.75, 19.0, 26.0, 9999.0, 1.25, 1.25, 19.5, 9999.0, 9999.0, 9999.0, 120.75, 124.25, 120.5, 104.0, 135.25
2023-04-06, 02:57:03, 132.25, 52.0, 19.0, 26.25, 9999.0, 1.0, 1.25, 19.5, 9999.0, 9999.0, 9999.0, 120.5, 124.5, 120.5, 104.0, 135.25
2023-04-06, 02:57:07, 132.25, 51.75, 18.75, 26.25, 9999.0, 1.25, 1.25, 19.5, 9999.0, 9999.0, 9999.0, 120.5, 124.25, 120.5, 104.0, 135.25
2023-04-06, 02:57:11, 132.25, 51.75, 19.0, 26.25, 9999.0, 1.5, 1.5, 19.5, 9999.0, 9999.0, 9999.0, 120.5, 124.25, 120.5, 104.0, 135.25
2023-04-06, 02:57:15, 132.25, 51.75, 18.75, 26.25, 9999.0, 1.25, 1.25, 19.5, 9999.0, 9999.0, 9999.0, 121.25, 124.25, 120.5, 104.0, 135.25
2023-04-06, 02:57:19, 132.25, 51.75, 18.75, 26.25, 9999.0, 1.25, 1.25, 19.5, 9999.0, 9999.0, 9999.0, 121.25, 124.25, 120.5, 104.0, 135.25
2023-04-06, 02:57:23, 132.25, 51.75, 18.75, 26.25, 9999.0, 1.25, 1.25, 19.5, 9999.0, 9999.0, 9999.0, 121.0, 124.25, 120.5, 104.0, 135.25
2023-04-06, 02:57:27, 132.25, 51.75, 19.0, 26.25, 9999.0, 1.25, 1.5, 19.5, 9999.0, 9999.0, 9999.0, 121.25, 124.25, 120.25, 104.0, 135.25
2023-04-06, 02:57:31, 132.25, 51.75, 19.0, 26.25, 9999.0, 1.25, 1.25, 19.5, 9999.0, 9999.0, 9999.0, 121.0, 124.25, 120.25, 104.0, 135.25
2023-04-06, 02:57:35, 132.25, 51.75, 19.0, 26.0, 9999.0, 1.25, 1.25, 19.5, 9999.0, 9999.0, 9999.0, 121.0, 124.25, 120.25, 104.0, 135.25
2023-04-06, 02:57:39, 132.25, 51.75, 19.0, 26.0, 9999.0, 1.0, 1.5, 19.5, 9999.0, 9999.0, 9999.0, 121.0, 124.25, 120.25, 104.0, 135.25
2023-04-06, 02:57:43, 132.25, 51.75, 19.0, 26.0, 9999.0, 1.25, 1.5, 19.5, 9999.0, 9999.0, 9999.0, 121.0, 124.25, 120.25, 104.0, 135.25
2023-04-06, 02:57:47, 132.25, 51.75, 19.0, 26.25, 9999.0, 1.0, 1.25, 19.5, 9999.0, 9999.0, 9999.0, 121.0, 124.5, 120.5, 104.0, 135.25
2023-04-06, 02:57:51, 132.25, 51.75, 19.0, 26.0, 9999.0, 1.0, 1.25, 19.5, 9999.0, 9999.0, 9999.0, 121.0, 124.5, 120.25, 104.0, 135.25
2023-04-06, 02:57:55, 132.25, 52.0, 19.0, 26.25, 9999.0, 1.0, 1.25, 19.5, 9999.0, 9999.0, 9999.0, 121.0, 124.5, 120.25, 104.0, 135.25
2023-04-06, 02:57:59, 132.25, 51.75, 19.0, 26.25, 9999.0, 1.0, 1.25, 19.5, 9999.0, 9999.0, 9999.0, 120.75, 124.25, 120.25, 104.0, 135.25
2023-04-06, 02:58:03, 132.25, 51.75, 19.0, 26.0, 9999.0, 1.0, 1.25, 19.5, 9999.0, 9999.0, 9999.0, 120.75, 124.5, 120.25, 104.0, 135.25
2023-04-06, 02:58:07, 132.25, 51.75, 19.0, 26.0, 9999.0, 1.0, 1.25, 19.5, 9999.0, 9999.0, 9999.0, 120.75, 124.25, 120.25, 104.0, 135.25
2023-04-06, 02:58:11, 132.25, 51.75, 18.75, 26.25, 9999.0, 1.0, 1.25, 19.5, 9999.0, 9999.0, 9999.0, 120.75, 124.5, 120.25, 104.0, 135.25
2023-04-06, 02:58:15, 132.25, 51.75, 18.75, 26.0, 9999.0, 1.0, 1.25, 19.5, 9999.0, 9999.0, 9999.0, 120.75, 124.25, 120.5, 104.0, 135.25
2023-04-06, 02:58:19, 132.25, 51.75, 18.75, 26.0, 9999.0, 1.25, 1.25, 19.5, 9999.0, 9999.0, 9999.0, 120.5, 124.25, 120.5, 104.0, 135.25
2023-04-06, 02:58:23, 132.25, 51.75, 19.0, 26.0, 9999.0, 1.25, 1.25, 19.5, 9999.0, 9999.0, 9999.0, 120.5, 124.5, 120.5, 104.0, 135.25
2023-04-06, 02:58:27, 132.25, 51.75, 19.0, 26.25, 9999.0, 1.25, 1.25, 19.5, 9999.0, 9999.0, 9999.0, 120.5, 124.25, 120.5, 104.0, 135.25
2023-04-06, 02:58:31, 132.25, 51.75, 19.0, 26.25, 9999.0, 1.25, 1.5, 19.5, 9999.0, 9999.0, 9999.0, 120.5, 124.25, 120.5, 104.0, 135.25
2023-04-06, 02:58:35, 132.25, 51.75, 19.0, 26.0, 9999.0, 1.5, 1.5, 19.5, 9999.0, 9999.0, 9999.0, 121.25, 124.25, 120.5, 104.0, 135.25
2023-04-06, 02:58:39, 132.5, 51.75, 19.0, 26.0, 9999.0, 1.25, 1.5, 19.5, 9999.0, 9999.0, 9999.0, 121.25, 124.25, 120.5, 104.0, 135.25
2023-04-06, 02:58:43, 132.25, 51.75, 19.0, 26.25, 9999.0, 1.25, 1.25, 19.5, 9999.0, 9999.0, 9999.0, 121.25, 124.25, 120.5, 104.0, 135.25
2023-04-06, 02:58:47, 132.25, 51.75, 19.0, 26.25, 9999.0, 1.25, 1.25, 19.5, 9999.0, 9999.0, 9999.0, 121.0, 124.25, 120.25, 104.0, 135.25
2023-04-06, 02:58:51, 132.25, 51.75, 19.0, 26.25, 9999.0, 1.25, 1.5, 19.5, 9999.0, 9999.0, 9999.0, 121.0, 124.25, 120.5, 104.0, 135.25
2023-04-06, 02:58:55, 132.25, 51.75, 19.0, 26.25, 9999.0, 1.25, 1.25, 19.5, 9999.0, 9999.0, 9999.0, 121.0, 124.25, 120.5, 104.0, 135.25
2023-04-06, 02:58:59, 132.25, 51.75, 19.0, 26.25, 9999.0, 1.25, 1.25, 19.5, 9999.0, 9999.0, 9999.0, 121.0, 124.25, 120.5, 104.0, 135.25
2023-04-06, 02:59:03, 132.25, 51.75, 19.0, 26.25, 9999.0, 1.0, 1.25, 19.5, 9999.0, 9999.0, 9999.0, 121.0, 124.5, 120.25, 104.0, 135.25
2023-04-06, 02:59:07, 132.25, 51.75, 19.0, 26.25, 9999.0, 1.25, 1.25, 19.5, 9999.0, 9999.0, 9999.0, 121.0, 124.5, 120.5, 104.0, 135.25
2023-04-06, 02:59:11, 132.25, 51.75, 19.0, 26.0, 9999.0, 1.0, 1.25, 19.5, 9999.0, 9999.0, 9999.0, 121.0, 124.5, 120.5, 104.0, 135.25
2023-04-06, 02:59:15, 132.25, 51.75, 19.0, 26.25, 9999.0, 1.0, 1.25, 19.5, 9999.0, 9999.0, 9999.0, 121.0, 124.5, 120.5, 104.0, 135.25
2023-04-06, 02:59:19, 132.25, 51.75, 19.0, 26.0, 9999.0, 1.0, 1.25, 19.5, 9999.0, 9999.0, 9999.0, 120.75, 124.5, 120.5, 104.0, 135.25
2023-04-06, 02:59:23, 132.25, 51.75, 19.0, 26.25, 9999.0, 1.0, 1.25, 19.5, 9999.0, 9999.0, 9999.0, 120.75, 124.5, 120.5, 104.0, 135.25
2023-04-06, 02:59:27, 132.25, 51.75, 19.0, 26.25, 9999.0, 1.0, 1.25, 19.5, 9999.0, 9999.0, 9999.0, 120.75, 124.5, 120.5, 104.0, 135.25
2023-04-06, 02:59:31, 132.25, 51.75, 19.0, 26.25, 9999.0, 1.0, 1.25, 19.5, 9999.0, 9999.0, 9999.0, 120.75, 124.5, 120.5, 104.0, 135.25
2023-04-06, 02:59:35, 132.25, 51.75, 19.0, 26.25, 9999.0, 1.0, 1.25, 19.5, 9999.0, 9999.0, 9999.0, 120.75, 124.5, 120.5, 104.0, 135.25
2023-04-06, 02:59:39, 132.25, 51.75, 19.0, 26.25, 9999.0, 1.25, 1.25, 19.5, 9999.0, 9999.0, 9999.0, 120.5, 124.5, 120.5, 104.0, 135.25
2023-04-06, 02:59:43, 132.25, 51.75, 19.0, 26.25, 9999.0, 1.0, 1.25, 19.5, 9999.0, 9999.0, 9999.0, 120.5, 124.5, 120.5, 104.0, 135.25
2023-04-06, 02:59:47, 132.25, 51.75, 19.0, 26.25, 9999.0, 1.25, 1.25, 19.5, 9999.0, 9999.0, 9999.0, 120.5, 124.5, 120.5, 104.0, 135.25
2023-04-06, 02:59:51, 132.25, 51.75, 19.0, 26.25, 9999.0, 1.5, 1.25, 19.5, 9999.0, 9999.0, 9999.0, 120.5, 124.25, 120.5, 104.0, 135.25
2023-04-06, 02:59:55, 132.25, 51.75, 19.0, 26.0, 9999.0, 1.25, 1.25, 19.5, 9999.0, 9999.0, 9999.0, 121.25, 124.25, 120.5, 104.0, 135.25
2023-04-06, 02:59:59, 132.25, 51.75, 19.0, 26.25, 9999.0, 1.25, 1.25, 19.5, 9999.0, 9999.0, 9999.0, 121.25, 124.25, 120.5, 104.0, 135.25
2023-04-06, 03:00:03, 132.25, 51.75, 19.0, 26.0, 9999.0, 1.25, 1.25, 19.5, 9999.0, 9999.0, 9999.0, 121.25, 124.25, 120.5, 104.0, 135.25
2023-04-06, 03:00:07, 132.25, 51.75, 19.0, 26.0, 9999.0, 1.25, 1.5, 19.5, 9999.0, 9999.0, 9999.0, 121.25, 124.25, 120.25, 104.0, 135.25
2023-04-06, 03:00:11, 132.25, 51.75, 19.0, 26.25, 9999.0, 1.25, 1.5, 19.5, 9999.0, 9999.0, 9999.0, 121.0, 124.25, 120.5, 104.0, 135.25
2023-04-06, 03:00:15, 132.25, 51.75, 19.0, 26.25, 9999.0, 1.25, 1.25, 19.5, 9999.0, 9999.0, 9999.0, 121.0, 124.25, 120.25, 104.0, 135.25
2023-04-06, 03:00:19, 132.25, 51.75, 19.0, 26.25, 9999.0, 1.0, 1.25, 19.5, 9999.0, 9999.0, 9999.0, 121.0, 124.25, 120.25, 104.0, 135.25
2023-04-06, 03:00:23, 132.25, 51.75, 19.0, 26.0, 9999.0, 1.25, 1.25, 19.5, 9999.0, 9999.0, 9999.0, 121.0, 124.25, 120.5, 104.0, 135.25
2023-04-06, 03:00:27, 132.25, 51.75, 19.0, 26.0, 9999.0, 1.0, 1.25, 19.5, 9999.0, 9999.0, 9999.0, 121.0, 124.5, 120.5, 104.0, 135.25
2023-04-06, 03:00:31, 132.25, 51.75, 19.0, 26.0, 9999.0, 1.0, 1.25, 19.5, 9999.0, 9999.0, 9999.0, 121.0, 124.5, 120.5, 104.0, 135.25
2023-04-06, 03:00:35, 132.25, 51.75, 19.0, 26.25, 9999.0, 1.0, 1.25, 19.5, 9999.0, 9999.0, 9999.0, 120.75, 124.5, 120.5, 104.0, 135.25
2023-04-06, 03:00:40, 132.25, 51.75, 19.0, 26.25, 9999.0, 1.0, 1.25, 19.5, 9999.0, 9999.0, 9999.0, 120.75, 124.5, 120.5, 104.0, 135.25
2023-04-06, 03:00:43, 132.25, 52.0, 19.0, 26.25, 9999.0, 1.0, 1.25, 19.5, 9999.0, 9999.0, 9999.0, 120.75, 124.5, 120.25, 104.25, 135.25
2023-04-06, 03:00:47, 132.25, 51.75, 19.0, 26.0, 9999.0, 1.0, 1.25, 19.5, 9999.0, 9999.0, 9999.0, 120.75, 124.5, 120.25, 104.0, 135.25
2023-04-06, 03:00:52, 132.25, 51.75, 19.0, 26.0, 9999.0, 1.0, 1.25, 19.5, 9999.0, 9999.0, 9999.0, 120.75, 124.5, 120.25, 104.0, 135.25
2023-04-06, 03:00:56, 132.25, 51.75, 19.0, 26.0, 9999.0, 1.0, 1.25, 19.5, 9999.0, 9999.0, 9999.0, 120.75, 124.5, 120.5, 104.25, 135.25
2023-04-06, 03:01:00, 132.25, 51.75, 19.0, 26.0, 9999.0, 1.25, 1.25, 19.5, 9999.0, 9999.0, 9999.0, 120.5, 124.5, 120.5, 104.0, 135.25
2023-04-06, 03:01:04, 132.25, 51.75, 19.0, 26.25, 9999.0, 1.25, 1.25, 19.5, 9999.0, 9999.0, 9999.0, 120.5, 124.25, 120.5, 104.25, 135.25
2023-04-06, 03:01:08, 132.25, 52.0, 19.0, 26.25, 9999.0, 1.25, 1.25, 19.5, 9999.0, 9999.0, 9999.0, 120.5, 124.5, 120.5, 104.25, 135.25
2023-04-06, 03:01:12, 132.25, 51.75, 19.0, 26.25, 9999.0, 1.5, 1.25, 19.5, 9999.0, 9999.0, 9999.0, 120.5, 124.5, 120.5, 104.0, 135.25
2023-04-06, 03:01:16, 132.25, 51.75, 19.0, 26.0, 9999.0, 1.25, 1.25, 19.5, 9999.0, 9999.0, 9999.0, 121.5, 124.5, 120.5, 104.25, 135.25
2023-04-06, 03:01:20, 132.25, 51.75, 19.0, 26.0, 9999.0, 1.25, 1.25, 19.5, 9999.0, 9999.0, 9999.0, 121.25, 124.25, 120.5, 104.25, 135.25
2023-04-06, 03:01:24, 132.25, 51.75, 19.0, 26.0, 9999.0, 1.25, 1.25, 19.5, 9999.0, 9999.0, 9999.0, 121.25, 124.5, 120.5, 104.25, 135.25
2023-04-06, 03:01:28, 132.25, 51.75, 19.0, 26.0, 9999.0, 1.25, 1.25, 19.5, 9999.0, 9999.0, 9999.0, 121.25, 124.5, 120.5, 104.25, 135.25
2023-04-06, 03:01:32, 132.25, 51.75, 19.0, 26.0, 9999.0, 1.25, 1.25, 19.5, 9999.0, 9999.0, 9999.0, 121.0, 124.25, 120.5, 104.0, 135.25
2023-04-06, 03:01:36, 132.25, 51.75, 19.0, 26.0, 9999.0, 1.25, 1.25, 19.5, 9999.0, 9999.0, 9999.0, 121.0, 124.5, 120.5, 104.25, 135.25
2023-04-06, 03:01:40, 132.5, 51.75, 19.0, 26.0, 9999.0, 1.0, 1.5, 19.5, 9999.0, 9999.0, 9999.0, 121.0, 124.25, 120.5, 104.25, 135.25
2023-04-06, 03:01:44, 132.25, 51.75, 19.0, 26.25, 9999.0, 1.25, 1.25, 19.5, 9999.0, 9999.0, 9999.0, 121.0, 124.25, 120.5, 104.25, 135.25
2023-04-06, 03:01:48, 132.25, 52.0, 19.0, 26.0, 9999.0, 1.0, 1.25, 19.5, 9999.0, 9999.0, 9999.0, 121.0, 124.5, 120.5, 104.25, 135.25
2023-04-06, 03:01:52, 132.25, 51.75, 19.0, 26.0, 9999.0, 1.0, 1.25, 19.5, 9999.0, 9999.0, 9999.0, 121.0, 124.5, 120.5, 104.0, 135.25
2023-04-06, 03:01:56, 132.25, 52.0, 19.25, 26.0, 9999.0, 1.0, 1.25, 19.5, 9999.0, 9999.0, 9999.0, 121.0, 124.5, 120.5, 104.0, 135.25
2023-04-06, 03:02:00, 132.25, 52.0, 19.0, 26.0, 9999.0, 1.0, 1.25, 19.5, 9999.0, 9999.0, 9999.0, 121.0, 124.5, 120.5, 104.25, 135.25
2023-04-06, 03:02:04, 132.25, 52.0, 19.0, 26.0, 9999.0, 1.0, 1.25, 19.5, 9999.0, 9999.0, 9999.0, 120.75, 124.5, 120.5, 104.25, 135.25
2023-04-06, 03:02:08, 132.25, 51.75, 19.0, 26.0, 9999.0, 1.0, 1.25, 19.5, 9999.0, 9999.0, 9999.0, 120.75, 124.5, 120.5, 104.25, 135.25
2023-04-06, 03:02:12, 132.25, 52.0, 19.0, 26.0, 9999.0, 1.0, 1.25, 19.5, 9999.0, 9999.0, 9999.0, 120.75, 124.5, 120.5, 104.25, 135.25
2023-04-06, 03:02:16, 132.5, 51.75, 19.0, 26.0, 9999.0, 1.0, 1.25, 19.5, 9999.0, 9999.0, 9999.0, 120.75, 124.5, 120.5, 104.25, 135.25
2023-04-06, 03:02:20, 132.25, 51.75, 19.0, 25.75, 9999.0, 1.25, 1.25, 19.5, 9999.0, 9999.0, 9999.0, 120.75, 124.25, 120.5, 104.0, 135.25
2023-04-06, 03:02:24, 132.25, 52.0, 19.25, 25.75, 9999.0, 1.25, 1.25, 19.5, 9999.0, 9999.0, 9999.0, 120.75, 124.5, 120.5, 104.0, 135.25
2023-04-06, 03:02:28, 132.25, 52.0, 19.0, 26.0, 9999.0, 1.25, 1.25, 19.5, 9999.0, 9999.0, 9999.0, 120.5, 124.5, 120.5, 104.25, 135.25
2023-04-06, 03:02:32, 132.5, 51.75, 19.0, 26.0, 9999.0, 1.5, 1.5, 19.5, 9999.0, 9999.0, 9999.0, 120.5, 124.5, 120.5, 104.0, 135.25
2023-04-06, 03:02:36, 132.25, 52.0, 19.0, 26.0, 9999.0, 1.5, 1.5, 19.5, 9999.0, 9999.0, 9999.0, 121.25, 124.5, 120.5, 104.0, 135.25
2023-04-06, 03:02:40, 132.25, 51.75, 19.0, 26.25, 9999.0, 1.25, 1.25, 19.5, 9999.0, 9999.0, 9999.0, 121.25, 124.5, 120.5, 104.25, 135.25
2023-04-06, 03:02:44, 132.25, 51.75, 19.0, 26.25, 9999.0, 1.25, 1.5, 19.5, 9999.0, 9999.0, 9999.0, 121.25, 124.5, 120.5, 104.25, 135.25
2023-04-06, 03:02:48, 132.25, 52.0, 19.0, 26.0, 9999.0, 1.25, 1.5, 19.5, 9999.0, 9999.0, 9999.0, 121.25, 124.25, 120.5, 104.25, 135.25
2023-04-06, 03:02:52, 132.25, 51.75, 19.0, 26.25, 9999.0, 1.25, 1.5, 19.5, 9999.0, 9999.0, 9999.0, 121.25, 124.5, 120.5, 104.25, 135.25
2023-04-06, 03:02:56, 132.25, 52.0, 19.0, 26.0, 9999.0, 1.25, 1.5, 19.5, 9999.0, 9999.0, 9999.0, 121.0, 124.5, 120.5, 104.25, 135.25
2023-04-06, 03:03:00, 132.5, 51.75, 19.25, 26.0, 9999.0, 1.25, 1.5, 19.5, 9999.0, 9999.0, 9999.0, 121.0, 124.25, 120.5, 104.25, 135.25
2023-04-06, 03:03:04, 132.25, 52.0, 19.0, 26.25, 9999.0, 1.25, 1.5, 19.5, 9999.0, 9999.0, 9999.0, 121.0, 124.25, 120.5, 104.0, 135.25
2023-04-06, 03:03:08, 132.5, 52.0, 19.25, 26.0, 9999.0, 1.25, 1.25, 19.5, 9999.0, 9999.0, 9999.0, 121.0, 124.5, 120.5, 104.25, 135.25
2023-04-06, 03:03:12, 132.5, 52.0, 19.0, 26.0, 9999.0, 1.25, 1.5, 19.5, 9999.0, 9999.0, 9999.0, 121.0, 124.5, 120.5, 104.25, 135.25
2023-04-06, 03:03:16, 132.5, 52.0, 19.25, 26.0, 9999.0, 1.0, 1.25, 19.5, 9999.0, 9999.0, 9999.0, 121.0, 124.5, 120.5, 104.25, 135.25
2023-04-06, 03:03:20, 132.5, 52.0, 19.25, 26.0, 9999.0, 1.0, 1.5, 19.5, 9999.0, 9999.0, 9999.0, 121.0, 124.5, 120.5, 104.0, 135.25
2023-04-06, 03:03:24, 132.5, 52.0, 19.0, 26.0, 9999.0, 1.25, 1.5, 19.5, 9999.0, 9999.0, 9999.0, 120.75, 124.5, 120.5, 104.25, 135.25
2023-04-06, 03:03:28, 132.5, 52.0, 19.0, 26.0, 9999.0, 1.0, 1.5, 19.5, 9999.0, 9999.0, 9999.0, 120.75, 124.5, 120.5, 104.0, 135.25
2023-04-06, 03:03:32, 132.5, 52.0, 19.0, 26.0, 9999.0, 1.0, 1.25, 19.5, 9999.0, 9999.0, 9999.0, 120.75, 124.5, 120.5, 104.0, 135.25
2023-04-06, 03:03:36, 132.5, 52.0, 19.0, 26.0, 9999.0, 1.0, 1.5, 19.5, 9999.0, 9999.0, 9999.0, 120.75, 124.5, 120.5, 104.0, 135.25
2023-04-06, 03:03:40, 132.5, 52.0, 19.25, 26.0, 9999.0, 1.25, 1.5, 19.5, 9999.0, 9999.0, 9999.0, 120.75, 124.5, 120.5, 104.25, 135.25
2023-04-06, 03:03:44, 132.5, 52.0, 19.0, 26.25, 9999.0, 1.25, 1.25, 19.5, 9999.0, 9999.0, 9999.0, 120.75, 124.5, 120.5, 104.25, 135.25
2023-04-06, 03:03:48, 132.5, 52.0, 19.25, 26.25, 9999.0, 1.25, 1.5, 19.5, 9999.0, 9999.0, 9999.0, 120.75, 124.5, 120.5, 104.25, 135.25
2023-04-06, 03:03:52, 132.5, 52.0, 19.25, 26.25, 9999.0, 1.5, 1.5, 19.75, 9999.0, 9999.0, 9999.0, 120.75, 124.5, 120.5, 104.25, 135.25
2023-04-06, 03:03:56, 132.5, 52.0, 19.25, 26.25, 9999.0, 1.5, 1.5, 19.5, 9999.0, 9999.0, 9999.0, 121.5, 124.5, 120.5, 104.25, 135.25
2023-04-06, 03:04:00, 132.5, 52.0, 19.0, 26.25, 9999.0, 1.25, 1.5, 19.75, 9999.0, 9999.0, 9999.0, 121.25, 124.5, 120.5, 104.25, 135.25
2023-04-06, 03:04:04, 132.5, 52.0, 19.25, 26.0, 9999.0, 1.25, 1.5, 19.5, 9999.0, 9999.0, 9999.0, 121.25, 124.5, 120.5, 104.25, 135.25
2023-04-06, 03:04:08, 132.5, 52.0, 19.25, 26.0, 9999.0, 1.25, 1.5, 19.75, 9999.0, 9999.0, 9999.0, 121.25, 124.5, 120.5, 104.25, 135.25
2023-04-06, 03:04:12, 132.5, 52.0, 19.0, 26.25, 9999.0, 1.25, 1.5, 19.5, 9999.0, 9999.0, 9999.0, 121.25, 124.25, 120.5, 104.25, 135.25
2023-04-06, 03:04:16, 132.5, 52.0, 19.25, 26.0, 9999.0, 1.25, 1.5, 19.5, 9999.0, 9999.0, 9999.0, 121.0, 124.5, 120.5, 104.25, 135.25
2023-04-06, 03:04:20, 132.5, 52.0, 19.25, 26.25, 9999.0, 1.25, 1.5, 19.5, 9999.0, 9999.0, 9999.0, 121.0, 124.25, 120.5, 104.25, 135.25
2023-04-06, 03:04:24, 132.5, 52.0, 19.25, 26.25, 9999.0, 1.25, 1.5, 19.5, 9999.0, 9999.0, 9999.0, 121.0, 124.25, 120.5, 104.25, 135.25
2023-04-06, 03:04:28, 132.5, 52.0, 19.25, 26.25, 9999.0, 1.25, 1.5, 19.5, 9999.0, 9999.0, 9999.0, 121.0, 124.75, 120.5, 104.25, 135.25
2023-04-06, 03:04:32, 132.5, 52.0, 19.25, 26.25, 9999.0, 1.25, 1.5, 19.5, 9999.0, 9999.0, 9999.0, 121.0, 124.5, 120.5, 104.25, 135.25
2023-04-06, 03:04:36, 132.5, 52.0, 19.25, 26.25, 9999.0, 1.0, 1.5, 19.5, 9999.0, 9999.0, 9999.0, 121.0, 124.5, 120.5, 104.25, 135.25
2023-04-06, 03:04:40, 132.5, 52.0, 19.25, 26.25, 9999.0, 1.0, 1.5, 19.5, 9999.0, 9999.0, 9999.0, 121.0, 124.5, 120.5, 104.25, 135.25
2023-04-06, 03:04:44, 132.5, 52.0, 19.25, 26.25, 9999.0, 1.0, 1.5, 19.75, 9999.0, 9999.0, 9999.0, 121.0, 124.5, 120.5, 104.25, 135.5
2023-04-06, 03:04:48, 132.5, 52.0, 19.25, 26.25, 9999.0, 1.0, 1.5, 19.5, 9999.0, 9999.0, 9999.0, 120.75, 124.5, 120.5, 104.25, 135.25
2023-04-06, 03:04:52, 132.5, 52.0, 19.25, 26.0, 9999.0, 1.0, 1.25, 19.5, 9999.0, 9999.0, 9999.0, 121.0, 124.5, 120.5, 104.25, 135.5
2023-04-06, 03:04:56, 132.5, 52.0, 19.25, 25.5, 9999.0, 1.0, 1.5, 19.5, 9999.0, 9999.0, 9999.0, 120.75, 124.5, 120.5, 104.25, 135.25
2023-04-06, 03:05:00, 132.5, 52.0, 19.25, 26.0, 9999.0, 1.25, 1.5, 19.5, 9999.0, 9999.0, 9999.0, 120.75, 124.5, 120.5, 104.25, 135.25
2023-04-06, 03:05:04, 132.5, 52.0, 19.25, 26.0, 9999.0, 1.25, 1.5, 19.5, 9999.0, 9999.0, 9999.0, 120.75, 124.5, 120.5, 104.25, 135.5
2023-04-06, 03:05:08, 132.5, 52.0, 19.25, 26.0, 9999.0, 1.25, 1.5, 19.75, 9999.0, 9999.0, 9999.0, 120.75, 124.5, 120.5, 104.25, 135.25
2023-04-06, 03:05:12, 132.5, 52.0, 19.25, 26.25, 9999.0, 1.5, 1.5, 19.75, 9999.0, 9999.0, 9999.0, 120.75, 124.5, 120.5, 104.25, 135.25
2023-04-06, 03:05:16, 132.5, 52.0, 19.25, 26.0, 9999.0, 1.5, 1.5, 19.75, 9999.0, 9999.0, 9999.0, 121.5, 124.5, 120.5, 104.25, 135.5
2023-04-06, 03:05:21, 132.5, 52.0, 19.25, 26.25, 9999.0, 1.5, 1.5, 19.75, 9999.0, 9999.0, 9999.0, 121.5, 124.5, 120.5, 104.25, 135.25
2023-04-06, 03:05:25, 132.5, 52.0, 19.0, 26.25, 9999.0, 1.5, 1.5, 19.75, 9999.0, 9999.0, 9999.0, 121.25, 124.5, 120.5, 104.25, 135.5
2023-04-06, 03:05:29, 132.5, 52.0, 19.25, 26.0, 9999.0, 1.5, 1.5, 19.75, 9999.0, 9999.0, 9999.0, 121.25, 124.5, 120.5, 104.5, 135.25
2023-04-06, 03:05:33, 132.5, 52.0, 19.25, 26.0, 9999.0, 1.25, 1.5, 19.75, 9999.0, 9999.0, 9999.0, 121.25, 124.5, 120.5, 104.25, 135.5
2023-04-06, 03:05:37, 132.5, 52.0, 19.25, 26.0, 9999.0, 1.25, 1.5, 19.75, 9999.0, 9999.0, 9999.0, 121.25, 124.5, 120.5, 104.25, 135.5
2023-04-06, 03:05:41, 132.5, 52.0, 19.25, 26.0, 9999.0, 1.25, 1.5, 19.75, 9999.0, 9999.0, 9999.0, 121.0, 124.5, 120.5, 104.25, 135.5
2023-04-06, 03:05:45, 132.5, 52.0, 19.25, 25.75, 9999.0, 1.25, 1.5, 19.75, 9999.0, 9999.0, 9999.0, 121.0, 124.5, 120.5, 104.25, 135.5
2023-04-06, 03:05:49, 132.5, 52.0, 19.25, 26.0, 9999.0, 1.25, 1.5, 19.75, 9999.0, 9999.0, 9999.0, 121.0, 124.75, 120.5, 104.25, 135.5
2023-04-06, 03:05:53, 132.5, 52.25, 19.25, 26.0, 9999.0, 1.25, 1.5, 19.75, 9999.0, 9999.0, 9999.0, 121.0, 124.75, 120.5, 104.5, 135.5
2023-04-06, 03:05:57, 132.5, 52.0, 19.25, 26.25, 9999.0, 1.25, 1.5, 19.75, 9999.0, 9999.0, 9999.0, 121.0, 124.75, 120.5, 104.25, 135.5
2023-04-06, 03:06:01, 132.5, 52.0, 19.25, 26.0, 9999.0, 1.25, 1.5, 19.75, 9999.0, 9999.0, 9999.0, 121.0, 124.5, 120.5, 104.25, 135.5
2023-04-06, 03:06:05, 132.75, 52.25, 19.25, 26.25, 9999.0, 1.25, 1.5, 19.75, 9999.0, 9999.0, 9999.0, 121.0, 124.75, 120.5, 104.25, 135.5
2023-04-06, 03:06:09, 132.75, 52.25, 19.25, 26.25, 9999.0, 1.25, 1.5, 19.75, 9999.0, 9999.0, 9999.0, 121.0, 124.5, 120.5, 104.25, 135.5
2023-04-06, 03:06:13, 132.5, 52.25, 19.25, 26.25, 9999.0, 1.25, 1.5, 19.75, 9999.0, 9999.0, 9999.0, 121.0, 124.75, 120.5, 104.25, 135.5
2023-04-06, 03:06:17, 132.5, 52.25, 19.25, 26.0, 9999.0, 1.25, 1.5, 19.75, 9999.0, 9999.0, 9999.0, 121.0, 124.5, 120.5, 104.25, 135.5
2023-04-06, 03:06:21, 132.5, 52.25, 19.25, 26.25, 9999.0, 1.25, 1.5, 19.75, 9999.0, 9999.0, 9999.0, 120.75, 124.5, 120.5, 104.25, 135.5
2023-04-06, 03:06:25, 132.75, 52.25, 19.25, 26.25, 9999.0, 1.25, 1.25, 19.75, 9999.0, 9999.0, 9999.0, 120.75, 124.5, 120.5, 104.25, 135.5
2023-04-06, 03:06:29, 132.5, 52.25, 19.25, 26.25, 9999.0, 1.25, 1.5, 19.75, 9999.0, 9999.0, 9999.0, 120.75, 124.5, 120.5, 104.25, 135.25
2023-04-06, 03:06:33, 132.75, 52.25, 19.25, 26.25, 9999.0, 1.5, 1.5, 19.75, 9999.0, 9999.0, 9999.0, 120.75, 124.5, 120.5, 104.25, 135.5
2023-04-06, 03:06:37, 132.75, 52.25, 19.5, 26.0, 9999.0, 1.5, 1.5, 19.75, 9999.0, 9999.0, 9999.0, 121.5, 124.5, 120.5, 104.25, 135.5
2023-04-06, 03:06:41, 132.75, 52.25, 19.25, 25.75, 9999.0, 1.5, 1.5, 19.75, 9999.0, 9999.0, 9999.0, 121.5, 124.5, 120.5, 104.25, 135.5
2023-04-06, 03:06:45, 132.5, 52.25, 19.25, 26.0, 9999.0, 1.5, 1.5, 19.75, 9999.0, 9999.0, 9999.0, 121.5, 124.5, 120.5, 104.25, 135.5
2023-04-06, 03:06:49, 132.5, 52.25, 19.25, 26.0, 9999.0, 1.5, 1.5, 19.75, 9999.0, 9999.0, 9999.0, 121.25, 124.5, 120.5, 104.25, 135.5
2023-04-06, 03:06:53, 132.75, 52.25, 19.25, 26.25, 9999.0, 1.25, 1.5, 19.75, 9999.0, 9999.0, 9999.0, 121.25, 124.5, 120.5, 104.25, 135.5
2023-04-06, 03:06:57, 132.75, 52.25, 19.25, 26.25, 9999.0, 1.25, 1.5, 19.75, 9999.0, 9999.0, 9999.0, 121.25, 124.5, 120.5, 104.25, 135.5
2023-04-06, 03:07:01, 132.75, 52.25, 19.25, 26.0, 9999.0, 1.25, 1.5, 19.75, 9999.0, 9999.0, 9999.0, 121.25, 124.5, 120.5, 104.25, 135.5
2023-04-06, 03:07:05, 132.5, 52.25, 19.25, 26.0, 9999.0, 1.25, 1.5, 19.75, 9999.0, 9999.0, 9999.0, 121.0, 124.5, 120.5, 104.25, 135.5
2023-04-06, 03:07:09, 132.75, 52.25, 19.25, 26.25, 9999.0, 1.25, 1.5, 19.75, 9999.0, 9999.0, 9999.0, 121.25, 124.75, 120.5, 104.25, 135.5
2023-04-06, 03:07:13, 132.75, 52.25, 19.25, 26.25, 9999.0, 1.25, 1.5, 19.75, 9999.0, 9999.0, 9999.0, 121.25, 124.75, 120.5, 104.25, 135.5
2023-04-06, 03:07:17, 132.75, 52.25, 19.25, 26.25, 9999.0, 1.25, 1.5, 19.75, 9999.0, 9999.0, 9999.0, 121.0, 124.75, 120.5, 104.25, 135.5
2023-04-06, 03:07:21, 132.75, 52.25, 19.25, 26.25, 9999.0, 1.25, 1.5, 19.75, 9999.0, 9999.0, 9999.0, 121.0, 124.75, 120.5, 104.25, 135.5
2023-04-06, 03:07:25, 132.75, 52.25, 19.25, 26.25, 9999.0, 1.25, 1.5, 19.75, 9999.0, 9999.0, 9999.0, 121.0, 124.75, 120.5, 104.25, 135.25
2023-04-06, 03:07:29, 132.75, 52.25, 19.25, 26.0, 9999.0, 1.25, 1.5, 19.75, 9999.0, 9999.0, 9999.0, 121.0, 124.75, 120.5, 104.25, 135.5
2023-04-06, 03:07:33, 132.75, 52.25, 19.5, 26.25, 9999.0, 1.25, 1.5, 19.75, 9999.0, 9999.0, 9999.0, 121.0, 124.5, 120.5, 104.25, 135.5
2023-04-06, 03:07:37, 132.75, 52.25, 19.25, 26.25, 9999.0, 1.25, 1.5, 19.75, 9999.0, 9999.0, 9999.0, 120.75, 124.5, 120.5, 104.25, 135.5
2023-04-06, 03:07:41, 132.75, 52.25, 19.25, 26.0, 9999.0, 1.5, 1.5, 19.75, 9999.0, 9999.0, 9999.0, 121.0, 124.5, 120.5, 104.25, 135.5
2023-04-06, 03:07:45, 132.75, 52.25, 19.25, 26.25, 9999.0, 1.25, 1.5, 19.75, 9999.0, 9999.0, 9999.0, 120.75, 124.5, 120.5, 104.25, 135.5
2023-04-06, 03:07:49, 132.75, 52.25, 19.25, 26.0, 9999.0, 1.5, 1.5, 19.75, 9999.0, 9999.0, 9999.0, 120.75, 124.5, 120.5, 104.25, 135.5
2023-04-06, 03:07:53, 132.75, 52.25, 19.25, 26.25, 9999.0, 1.5, 1.5, 19.75, 9999.0, 9999.0, 9999.0, 120.75, 124.5, 120.5, 104.25, 135.5
2023-04-06, 03:07:57, 132.75, 52.25, 19.25, 26.25, 9999.0, 1.5, 1.5, 19.75, 9999.0, 9999.0, 9999.0, 121.5, 124.5, 120.5, 104.25, 135.5
2023-04-06, 03:08:01, 132.75, 52.25, 19.25, 26.25, 9999.0, 1.5, 1.5, 19.75, 9999.0, 9999.0, 9999.0, 121.5, 124.5, 120.5, 104.25, 135.5
2023-04-06, 03:08:05, 132.75, 52.25, 19.25, 26.0, 9999.0, 1.5, 1.5, 19.75, 9999.0, 9999.0, 9999.0, 121.5, 124.5, 120.5, 104.25, 135.5
2023-04-06, 03:08:09, 132.75, 52.25, 19.25, 26.0, 9999.0, 1.5, 1.75, 19.75, 9999.0, 9999.0, 9999.0, 121.5, 124.5, 120.5, 104.25, 135.5
2023-04-06, 03:08:13, 132.75, 52.25, 19.25, 26.25, 9999.0, 1.5, 1.5, 19.75, 9999.0, 9999.0, 9999.0, 121.25, 124.5, 120.5, 104.25, 135.5
2023-04-06, 03:08:17, 132.5, 52.25, 19.25, 26.25, 9999.0, 1.25, 1.5, 19.75, 9999.0, 9999.0, 9999.0, 121.25, 124.5, 120.5, 104.25, 135.5
2023-04-06, 03:08:21, 132.75, 52.25, 19.5, 26.25, 9999.0, 1.25, 1.5, 19.75, 9999.0, 9999.0, 9999.0, 121.25, 124.5, 120.5, 104.25, 135.5
2023-04-06, 03:08:25, 132.75, 52.25, 19.25, 26.25, 9999.0, 1.25, 1.75, 19.75, 9999.0, 9999.0, 9999.0, 121.25, 124.25, 120.5, 104.25, 135.5
2023-04-06, 03:08:29, 132.75, 52.25, 19.25, 26.25, 9999.0, 1.25, 1.5, 19.75, 9999.0, 9999.0, 9999.0, 121.25, 124.5, 120.5, 104.25, 135.5
2023-04-06, 03:08:33, 132.75, 52.25, 19.25, 26.25, 9999.0, 1.25, 1.75, 19.75, 9999.0, 9999.0, 9999.0, 121.25, 124.5, 120.5, 104.25, 135.5
2023-04-06, 03:08:37, 132.75, 52.25, 19.25, 26.25, 9999.0, 1.25, 1.5, 19.75, 9999.0, 9999.0, 9999.0, 121.0, 124.75, 120.5, 104.25, 135.5
2023-04-06, 03:08:41, 132.75, 52.25, 19.25, 26.25, 9999.0, 1.25, 1.5, 19.75, 9999.0, 9999.0, 9999.0, 121.0, 124.5, 120.5, 104.25, 135.5
2023-04-06, 03:08:45, 132.75, 52.25, 19.25, 26.0, 9999.0, 1.25, 1.75, 19.75, 9999.0, 9999.0, 9999.0, 121.0, 124.5, 120.5, 104.25, 135.5
2023-04-06, 03:08:49, 132.75, 52.25, 19.25, 26.0, 9999.0, 1.25, 1.5, 19.75, 9999.0, 9999.0, 9999.0, 121.0, 124.5, 120.5, 104.25, 135.5
2023-04-06, 03:08:53, 132.75, 52.25, 19.25, 26.0, 9999.0, 1.25, 1.5, 19.75, 9999.0, 9999.0, 9999.0, 121.0, 124.5, 120.5, 104.25, 135.5
2023-04-06, 03:08:57, 132.75, 52.25, 19.25, 26.25, 9999.0, 1.25, 1.5, 19.75, 9999.0, 9999.0, 9999.0, 121.0, 124.5, 120.5, 104.25, 135.5
2023-04-06, 03:09:01, 132.75, 52.25, 19.25, 25.75, 9999.0, 1.5, 1.5, 19.75, 9999.0, 9999.0, 9999.0, 121.0, 124.5, 120.5, 104.25, 135.5
2023-04-06, 03:09:05, 132.75, 52.25, 19.25, 25.75, 9999.0, 1.25, 1.5, 19.75, 9999.0, 9999.0, 9999.0, 120.75, 124.5, 120.5, 104.25, 135.5
2023-04-06, 03:09:09, 132.75, 52.25, 19.25, 26.0, 9999.0, 1.5, 1.5, 19.75, 9999.0, 9999.0, 9999.0, 120.75, 124.5, 120.5, 104.25, 135.5
2023-04-06, 03:09:13, 132.75, 52.25, 19.25, 26.25, 9999.0, 1.5, 1.5, 19.75, 9999.0, 9999.0, 9999.0, 120.75, 124.5, 120.5, 104.25, 135.5
2023-04-06, 03:09:17, 132.75, 52.25, 19.25, 26.0, 9999.0, 1.5, 1.5, 19.75, 9999.0, 9999.0, 9999.0, 121.75, 124.5, 120.5, 104.25, 135.5
2023-04-06, 03:09:21, 132.75, 52.25, 19.5, 26.25, 9999.0, 1.5, 1.5, 19.75, 9999.0, 9999.0, 9999.0, 121.5, 124.5, 120.5, 104.25, 135.5
2023-04-06, 03:09:25, 132.75, 52.25, 19.5, 26.0, 9999.0, 1.5, 1.5, 19.75, 9999.0, 9999.0, 9999.0, 121.5, 124.5, 120.5, 104.25, 135.5
2023-04-06, 03:09:29, 132.75, 52.25, 19.25, 26.25, 9999.0, 1.5, 1.5, 19.75, 9999.0, 9999.0, 9999.0, 121.25, 124.5, 120.5, 104.25, 135.5
2023-04-06, 03:09:33, 132.75, 52.25, 19.25, 26.25, 9999.0, 1.5, 1.75, 19.75, 9999.0, 9999.0, 9999.0, 121.25, 124.5, 120.5, 104.25, 135.5
2023-04-06, 03:09:37, 132.75, 52.25, 19.25, 26.25, 9999.0, 1.5, 1.5, 19.75, 9999.0, 9999.0, 9999.0, 121.25, 124.5, 120.5, 104.25, 135.5
2023-04-06, 03:09:41, 132.75, 52.25, 19.25, 26.0, 9999.0, 1.5, 1.5, 19.75, 9999.0, 9999.0, 9999.0, 121.25, 124.25, 120.5, 104.25, 135.5
2023-04-06, 03:09:46, 132.75, 52.25, 19.25, 26.0, 9999.0, 1.5, 1.5, 19.75, 9999.0, 9999.0, 9999.0, 121.25, 124.25, 120.5, 104.25, 135.5
2023-04-06, 03:09:50, 132.75, 52.25, 19.25, 26.0, 9999.0, 1.25, 1.5, 19.75, 9999.0, 9999.0, 9999.0, 121.25, 124.75, 120.5, 104.25, 135.5
2023-04-06, 03:09:54, 132.75, 52.25, 19.25, 26.25, 9999.0, 1.25, 1.5, 19.75, 9999.0, 9999.0, 9999.0, 121.25, 124.5, 120.5, 104.25, 135.5
2023-04-06, 03:09:58, 132.75, 52.25, 19.25, 26.0, 9999.0, 1.25, 1.5, 19.75, 9999.0, 9999.0, 9999.0, 121.25, 124.5, 120.5, 104.25, 135.5
2023-04-06, 03:10:02, 132.75, 52.25, 19.25, 26.0, 9999.0, 1.25, 1.5, 19.75, 9999.0, 9999.0, 9999.0, 121.0, 124.5, 120.5, 104.25, 135.5
2023-04-06, 03:10:06, 132.75, 52.25, 19.25, 26.0, 9999.0, 1.25, 1.5, 19.75, 9999.0, 9999.0, 9999.0, 121.0, 124.5, 120.5, 104.25, 135.5
2023-04-06, 03:10:10, 132.75, 52.25, 19.25, 26.0, 9999.0, 1.25, 1.5, 19.75, 9999.0, 9999.0, 9999.0, 121.0, 124.5, 120.5, 104.25, 135.5
2023-04-06, 03:10:14, 132.75, 52.25, 19.5, 26.25, 9999.0, 1.25, 1.5, 19.75, 9999.0, 9999.0, 9999.0, 121.0, 124.5, 120.5, 104.25, 135.5
2023-04-06, 03:10:18, 132.75, 52.25, 19.25, 26.25, 9999.0, 1.25, 1.5, 19.75, 9999.0, 9999.0, 9999.0, 120.75, 124.5, 120.5, 104.25, 135.5
2023-04-06, 03:10:22, 132.75, 52.25, 19.25, 26.25, 9999.0, 1.5, 1.5, 19.75, 9999.0, 9999.0, 9999.0, 120.75, 124.5, 120.5, 104.25, 135.5
2023-04-06, 03:10:26, 132.75, 52.25, 19.25, 26.25, 9999.0, 1.5, 1.5, 19.75, 9999.0, 9999.0, 9999.0, 120.75, 124.5, 120.5, 104.25, 135.5
2023-04-06, 03:10:30, 132.75, 52.25, 19.25, 26.0, 9999.0, 1.25, 1.5, 19.75, 9999.0, 9999.0, 9999.0, 120.75, 124.5, 120.5, 104.25, 135.5
2023-04-06, 03:10:34, 132.75, 52.25, 19.25, 26.0, 9999.0, 1.5, 1.5, 19.75, 9999.0, 9999.0, 9999.0, 120.75, 124.5, 120.5, 104.25, 135.5
2023-04-06, 03:10:38, 132.75, 52.25, 19.25, 26.0, 9999.0, 1.5, 1.5, 19.75, 9999.0, 9999.0, 9999.0, 121.5, 124.5, 120.5, 104.25, 135.5
2023-04-06, 03:10:42, 132.75, 52.25, 19.25, 26.0, 9999.0, 1.5, 1.5, 19.75, 9999.0, 9999.0, 9999.0, 121.5, 124.5, 120.5, 104.25, 135.5
2023-04-06, 03:10:46, 132.75, 52.25, 19.25, 26.25, 9999.0, 1.5, 1.5, 19.75, 9999.0, 9999.0, 9999.0, 121.5, 124.5, 120.5, 104.25, 135.5
2023-04-06, 03:10:50, 132.75, 52.25, 19.25, 26.0, 9999.0, 1.5, 1.5, 19.75, 9999.0, 9999.0, 9999.0, 121.5, 124.5, 120.5, 104.25, 135.5
2023-04-06, 03:10:54, 132.75, 52.25, 19.25, 26.0, 9999.0, 1.5, 1.75, 19.75, 9999.0, 9999.0, 9999.0, 121.25, 124.25, 120.5, 104.25, 135.5
2023-04-06, 03:10:58, 132.75, 52.25, 19.25, 26.0, 9999.0, 1.25, 1.5, 19.75, 9999.0, 9999.0, 9999.0, 121.25, 124.5, 120.5, 104.25, 135.5
2023-04-06, 03:11:02, 132.75, 52.25, 19.25, 26.0, 9999.0, 1.5, 1.5, 19.75, 9999.0, 9999.0, 9999.0, 121.25, 124.5, 120.5, 104.25, 135.5
2023-04-06, 03:11:06, 132.75, 52.25, 19.25, 26.0, 9999.0, 1.25, 1.5, 19.75, 9999.0, 9999.0, 9999.0, 121.25, 124.25, 120.5, 104.25, 135.5
2023-04-06, 03:11:10, 132.5, 52.25, 19.25, 26.25, 9999.0, 1.25, 1.5, 19.75, 9999.0, 9999.0, 9999.0, 121.25, 124.5, 120.5, 104.25, 135.5
2023-04-06, 03:11:14, 132.75, 52.25, 19.5, 26.25, 9999.0, 1.25, 1.75, 19.75, 9999.0, 9999.0, 9999.0, 121.25, 124.5, 120.5, 104.25, 135.5
2023-04-06, 03:11:18, 132.75, 52.25, 19.5, 26.25, 9999.0, 1.25, 1.5, 19.75, 9999.0, 9999.0, 9999.0, 121.0, 124.5, 120.5, 104.25, 135.5
2023-04-06, 03:11:22, 132.75, 52.25, 19.25, 26.25, 9999.0, 1.25, 1.5, 19.75, 9999.0, 9999.0, 9999.0, 121.0, 124.75, 120.5, 104.25, 135.5
2023-04-06, 03:11:26, 132.75, 52.25, 19.25, 26.0, 9999.0, 1.25, 1.5, 19.75, 9999.0, 9999.0, 9999.0, 121.0, 124.5, 120.5, 104.25, 135.5
2023-04-06, 03:11:30, 132.75, 52.25, 19.25, 26.25, 9999.0, 1.25, 1.5, 19.75, 9999.0, 9999.0, 9999.0, 121.0, 124.5, 120.5, 104.25, 135.5
2023-04-06, 03:11:34, 132.75, 52.25, 19.25, 26.25, 9999.0, 1.25, 1.5, 19.75, 9999.0, 9999.0, 9999.0, 121.0, 124.5, 120.5, 104.25, 135.5
2023-04-06, 03:11:38, 132.75, 52.25, 19.25, 26.25, 9999.0, 1.25, 1.5, 19.75, 9999.0, 9999.0, 9999.0, 121.0, 124.5, 120.5, 104.25, 135.5
2023-04-06, 03:11:42, 132.75, 52.25, 19.25, 26.25, 9999.0, 1.5, 1.5, 19.75, 9999.0, 9999.0, 9999.0, 121.0, 124.5, 120.5, 104.25, 135.5
2023-04-06, 03:11:46, 132.75, 52.25, 19.25, 26.25, 9999.0, 1.5, 1.5, 19.75, 9999.0, 9999.0, 9999.0, 120.75, 124.5, 120.5, 104.0, 135.5
2023-04-06, 03:11:50, 132.75, 52.25, 19.25, 26.25, 9999.0, 1.5, 1.5, 19.75, 9999.0, 9999.0, 9999.0, 120.75, 124.5, 120.5, 104.25, 135.5
2023-04-06, 03:11:54, 132.75, 52.25, 19.25, 26.25, 9999.0, 1.5, 1.5, 19.75, 9999.0, 9999.0, 9999.0, 120.75, 124.5, 120.5, 104.25, 135.5
2023-04-06, 03:11:58, 132.75, 52.25, 19.25, 26.25, 9999.0, 1.5, 1.5, 19.75, 9999.0, 9999.0, 9999.0, 121.5, 124.5, 120.5, 104.25, 135.5
2023-04-06, 03:12:02, 132.75, 52.25, 19.25, 26.25, 9999.0, 1.5, 1.5, 19.75, 9999.0, 9999.0, 9999.0, 121.5, 124.5, 120.5, 104.0, 135.5
2023-04-06, 03:12:06, 132.75, 52.25, 19.0, 26.25, 9999.0, 1.5, 1.5, 19.75, 9999.0, 9999.0, 9999.0, 121.5, 124.25, 120.5, 104.25, 135.5
2023-04-06, 03:12:10, 132.75, 52.25, 19.25, 26.25, 9999.0, 1.5, 1.5, 19.75, 9999.0, 9999.0, 9999.0, 121.25, 124.25, 120.5, 104.25, 135.5
2023-04-06, 03:12:14, 132.75, 52.25, 19.25, 26.0, 9999.0, 1.5, 1.5, 19.75, 9999.0, 9999.0, 9999.0, 121.25, 124.5, 120.5, 104.25, 135.25
2023-04-06, 03:12:18, 132.75, 52.25, 19.25, 26.0, 9999.0, 1.5, 1.5, 19.75, 9999.0, 9999.0, 9999.0, 121.25, 124.5, 120.5, 104.0, 135.5
2023-04-06, 03:12:22, 132.75, 52.25, 19.25, 26.25, 9999.0, 1.25, 1.5, 19.75, 9999.0, 9999.0, 9999.0, 121.25, 124.25, 120.5, 104.25, 135.5
2023-04-06, 03:12:26, 132.75, 52.25, 19.25, 26.0, 9999.0, 1.25, 1.5, 19.75, 9999.0, 9999.0, 9999.0, 121.25, 124.25, 120.5, 104.25, 135.25
2023-04-06, 03:12:30, 132.75, 52.25, 19.25, 26.0, 9999.0, 1.25, 1.5, 19.75, 9999.0, 9999.0, 9999.0, 121.25, 124.5, 120.5, 104.25, 135.5
2023-04-06, 03:12:34, 132.75, 52.25, 19.25, 26.0, 9999.0, 1.25, 1.5, 19.75, 9999.0, 9999.0, 9999.0, 121.25, 124.5, 120.5, 104.25, 135.25
2023-04-06, 03:12:38, 132.75, 52.25, 19.25, 26.0, 9999.0, 1.25, 1.5, 19.75, 9999.0, 9999.0, 9999.0, 121.0, 124.5, 120.5, 104.0, 135.5
2023-04-06, 03:12:42, 132.75, 52.25, 19.25, 26.0, 9999.0, 1.25, 1.5, 19.75, 9999.0, 9999.0, 9999.0, 121.0, 124.5, 120.5, 104.25, 135.5
2023-04-06, 03:12:46, 132.75, 52.25, 19.25, 26.0, 9999.0, 1.25, 1.5, 19.75, 9999.0, 9999.0, 9999.0, 121.0, 124.5, 120.5, 104.25, 135.5
2023-04-06, 03:12:50, 132.75, 52.25, 19.25, 26.0, 9999.0, 1.25, 1.5, 19.75, 9999.0, 9999.0, 9999.0, 121.0, 124.5, 120.5, 104.0, 135.25
2023-04-06, 03:12:54, 132.75, 52.25, 19.25, 26.25, 9999.0, 1.25, 1.5, 19.75, 9999.0, 9999.0, 9999.0, 121.0, 124.5, 120.5, 104.25, 135.25
2023-04-06, 03:12:58, 132.75, 52.25, 19.25, 26.25, 9999.0, 1.25, 1.5, 19.75, 9999.0, 9999.0, 9999.0, 121.0, 124.5, 120.5, 104.25, 135.5
2023-04-06, 03:13:02, 132.75, 52.25, 19.25, 26.25, 9999.0, 1.5, 1.5, 19.75, 9999.0, 9999.0, 9999.0, 120.75, 124.5, 120.5, 104.25, 135.5
2023-04-06, 03:13:06, 132.75, 52.25, 19.25, 26.25, 9999.0, 1.25, 1.5, 19.75, 9999.0, 9999.0, 9999.0, 120.75, 124.25, 120.5, 104.25, 135.25
2023-04-06, 03:13:10, 132.75, 52.25, 19.25, 26.25, 9999.0, 1.5, 1.5, 19.75, 9999.0, 9999.0, 9999.0, 120.75, 124.5, 120.5, 104.25, 135.25
2023-04-06, 03:13:14, 132.75, 52.25, 19.25, 26.25, 9999.0, 1.5, 1.75, 19.75, 9999.0, 9999.0, 9999.0, 120.75, 124.25, 120.5, 104.25, 135.5
2023-04-06, 03:13:18, 132.75, 52.25, 19.25, 26.0, 9999.0, 1.5, 1.5, 19.75, 9999.0, 9999.0, 9999.0, 121.5, 124.5, 120.5, 104.25, 135.25
2023-04-06, 03:13:22, 132.75, 52.25, 19.25, 26.25, 9999.0, 1.5, 1.5, 19.75, 9999.0, 9999.0, 9999.0, 121.5, 124.5, 120.5, 104.25, 135.5
2023-04-06, 03:13:26, 132.75, 52.25, 19.25, 26.0, 9999.0, 1.5, 1.5, 19.75, 9999.0, 9999.0, 9999.0, 121.5, 124.5, 120.5, 104.25, 135.25
2023-04-06, 03:13:30, 132.75, 52.25, 19.25, 26.25, 9999.0, 1.5, 1.75, 19.75, 9999.0, 9999.0, 9999.0, 121.25, 124.5, 120.5, 104.25, 135.5
2023-04-06, 03:13:34, 132.75, 52.25, 19.25, 26.25, 9999.0, 1.5, 1.75, 19.75, 9999.0, 9999.0, 9999.0, 121.25, 124.5, 120.5, 104.25, 135.5
2023-04-06, 03:13:38, 132.75, 52.25, 19.25, 26.25, 9999.0, 1.5, 1.5, 19.75, 9999.0, 9999.0, 9999.0, 121.25, 124.25, 120.5, 104.25, 135.25
2023-04-06, 03:13:42, 132.75, 52.25, 19.25, 26.25, 9999.0, 1.5, 1.5, 19.75, 9999.0, 9999.0, 9999.0, 121.25, 124.25, 120.5, 104.25, 135.25
2023-04-06, 03:13:46, 132.75, 52.25, 19.25, 26.0, 9999.0, 1.25, 1.5, 19.75, 9999.0, 9999.0, 9999.0, 121.25, 124.25, 120.5, 104.25, 135.5
2023-04-06, 03:13:50, 132.75, 52.25, 19.25, 26.0, 9999.0, 1.25, 1.5, 19.75, 9999.0, 9999.0, 9999.0, 121.25, 124.5, 120.5, 104.25, 135.5
2023-04-06, 03:13:54, 132.75, 52.25, 19.25, 26.0, 9999.0, 1.25, 1.5, 19.75, 9999.0, 9999.0, 9999.0, 121.25, 124.5, 120.5, 104.25, 135.5
2023-04-06, 03:13:58, 132.75, 52.25, 19.25, 26.0, 9999.0, 1.25, 1.5, 19.75, 9999.0, 9999.0, 9999.0, 121.25, 124.5, 120.5, 104.25, 135.5
2023-04-06, 03:14:02, 132.75, 52.25, 19.25, 26.0, 9999.0, 1.25, 1.5, 19.75, 9999.0, 9999.0, 9999.0, 121.0, 124.5, 120.5, 104.25, 135.5
2023-04-06, 03:14:06, 132.75, 52.25, 19.25, 26.25, 9999.0, 1.25, 1.5, 19.75, 9999.0, 9999.0, 9999.0, 121.0, 124.5, 120.5, 104.25, 135.5
2023-04-06, 03:14:10, 132.75, 52.25, 19.25, 26.0, 9999.0, 1.25, 1.5, 19.75, 9999.0, 9999.0, 9999.0, 121.0, 124.5, 120.5, 104.25, 135.5
2023-04-06, 03:14:15, 132.75, 52.25, 19.25, 26.25, 9999.0, 1.25, 1.5, 19.75, 9999.0, 9999.0, 9999.0, 121.0, 124.5, 120.5, 104.25, 135.5
2023-04-06, 03:14:19, 132.75, 52.25, 19.25, 26.0, 9999.0, 1.25, 1.5, 19.75, 9999.0, 9999.0, 9999.0, 121.0, 124.25, 120.5, 104.25, 135.5
2023-04-06, 03:14:23, 132.75, 52.25, 19.25, 26.0, 9999.0, 1.5, 1.5, 19.75, 9999.0, 9999.0, 9999.0, 121.0, 124.5, 120.5, 104.25, 135.5
2023-04-06, 03:14:27, 132.75, 52.25, 19.25, 26.0, 9999.0, 1.25, 1.5, 19.75, 9999.0, 9999.0, 9999.0, 120.75, 124.5, 120.5, 104.25, 135.5
2023-04-06, 03:14:31, 132.75, 52.25, 19.25, 26.0, 9999.0, 1.5, 1.75, 19.75, 9999.0, 9999.0, 9999.0, 120.75, 124.5, 120.5, 104.25, 135.5
2023-04-06, 03:14:35, 132.75, 52.25, 19.25, 26.25, 9999.0, 1.5, 1.5, 19.75, 9999.0, 9999.0, 9999.0, 120.75, 124.5, 120.5, 104.25, 135.5
2023-04-06, 03:14:39, 132.75, 52.25, 19.25, 26.25, 9999.0, 1.5, 1.5, 19.75, 9999.0, 9999.0, 9999.0, 121.5, 124.5, 120.5, 104.25, 135.5
2023-04-06, 03:14:43, 132.75, 52.25, 19.25, 26.25, 9999.0, 1.5, 1.75, 19.75, 9999.0, 9999.0, 9999.0, 121.5, 124.25, 120.5, 104.25, 135.5
2023-04-06, 03:14:47, 132.75, 52.25, 19.25, 26.25, 9999.0, 1.5, 1.75, 19.75, 9999.0, 9999.0, 9999.0, 121.5, 124.25, 120.5, 104.25, 135.5
2023-04-06, 03:14:51, 132.75, 52.25, 19.25, 26.0, 9999.0, 1.5, 1.5, 19.75, 9999.0, 9999.0, 9999.0, 121.25, 124.5, 120.5, 104.25, 135.5
2023-04-06, 03:14:55, 132.75, 52.25, 19.25, 26.0, 9999.0, 1.5, 1.75, 19.75, 9999.0, 9999.0, 9999.0, 121.25, 124.25, 120.5, 104.25, 135.5
2023-04-06, 03:14:59, 132.75, 52.25, 19.25, 25.75, 9999.0, 1.5, 1.5, 19.75, 9999.0, 9999.0, 9999.0, 121.25, 124.25, 120.5, 104.25, 135.5
2023-04-06, 03:15:03, 132.75, 52.25, 19.25, 26.0, 9999.0, 1.25, 1.5, 19.75, 9999.0, 9999.0, 9999.0, 121.25, 124.25, 120.25, 104.25, 135.5
2023-04-06, 03:15:07, 132.75, 52.25, 19.25, 26.25, 9999.0, 1.25, 1.5, 19.75, 9999.0, 9999.0, 9999.0, 121.25, 124.5, 120.5, 104.25, 135.25
2023-04-06, 03:15:11, 132.75, 52.25, 19.25, 26.25, 9999.0, 1.25, 1.5, 19.75, 9999.0, 9999.0, 9999.0, 121.25, 124.5, 120.5, 104.25, 135.5
2023-04-06, 03:15:15, 132.75, 52.25, 19.25, 26.25, 9999.0, 1.25, 1.5, 19.75, 9999.0, 9999.0, 9999.0, 121.25, 124.75, 120.5, 104.25, 135.5
2023-04-06, 03:15:19, 132.75, 52.25, 19.25, 26.0, 9999.0, 1.25, 1.5, 19.75, 9999.0, 9999.0, 9999.0, 121.0, 124.5, 120.5, 104.25, 135.5
2023-04-06, 03:15:23, 132.75, 52.25, 19.25, 26.0, 9999.0, 1.5, 1.5, 19.75, 9999.0, 9999.0, 9999.0, 121.0, 124.5, 120.5, 104.25, 135.5
2023-04-06, 03:15:27, 132.75, 52.25, 19.25, 26.0, 9999.0, 1.25, 1.5, 19.75, 9999.0, 9999.0, 9999.0, 121.0, 124.5, 120.5, 104.25, 135.5
2023-04-06, 03:15:31, 132.75, 52.25, 19.25, 26.0, 9999.0, 1.25, 1.5, 19.75, 9999.0, 9999.0, 9999.0, 121.0, 124.5, 120.25, 104.25, 135.5
2023-04-06, 03:15:35, 132.75, 52.25, 19.25, 26.25, 9999.0, 1.25, 1.5, 19.75, 9999.0, 9999.0, 9999.0, 121.0, 124.5, 120.25, 104.25, 135.5
2023-04-06, 03:15:39, 132.75, 52.25, 19.25, 26.25, 9999.0, 1.25, 1.5, 19.75, 9999.0, 9999.0, 9999.0, 121.0, 124.5, 120.5, 104.25, 135.5
2023-04-06, 03:15:43, 132.75, 52.25, 19.25, 26.25, 9999.0, 1.5, 1.5, 19.75, 9999.0, 9999.0, 9999.0, 120.75, 124.5, 120.5, 104.25, 135.25
2023-04-06, 03:15:47, 132.75, 52.25, 19.25, 26.25, 9999.0, 1.5, 1.5, 19.75, 9999.0, 9999.0, 9999.0, 120.75, 124.5, 120.5, 104.25, 135.5
2023-04-06, 03:15:51, 132.75, 52.25, 19.25, 26.25, 9999.0, 1.5, 1.5, 19.75, 9999.0, 9999.0, 9999.0, 120.75, 124.5, 120.5, 104.25, 135.5
2023-04-06, 03:15:55, 132.75, 52.25, 19.25, 26.25, 9999.0, 1.75, 1.5, 20.0, 9999.0, 9999.0, 9999.0, 120.75, 124.5, 120.5, 104.25, 135.5
2023-04-06, 03:15:59, 132.75, 52.25, 19.25, 26.25, 9999.0, 1.5, 1.75, 19.75, 9999.0, 9999.0, 9999.0, 121.5, 124.5, 120.5, 104.25, 135.5
2023-04-06, 03:16:03, 132.75, 52.25, 19.25, 26.25, 9999.0, 1.5, 1.5, 20.0, 9999.0, 9999.0, 9999.0, 121.5, 124.5, 120.5, 104.25, 135.5
2023-04-06, 03:16:07, 132.75, 52.25, 19.25, 26.25, 9999.0, 1.5, 1.5, 19.75, 9999.0, 9999.0, 9999.0, 121.5, 124.25, 120.5, 104.25, 135.5
2023-04-06, 03:16:11, 132.75, 52.25, 19.25, 26.0, 9999.0, 1.5, 1.5, 19.75, 9999.0, 9999.0, 9999.0, 121.25, 124.5, 120.5, 104.25, 135.5
2023-04-06, 03:16:15, 132.75, 52.25, 19.25, 26.0, 9999.0, 1.5, 1.75, 19.75, 9999.0, 9999.0, 9999.0, 121.25, 124.5, 120.5, 104.25, 135.5
2023-04-06, 03:16:19, 132.75, 52.25, 19.25, 26.0, 9999.0, 1.5, 1.5, 19.75, 9999.0, 9999.0, 9999.0, 121.25, 124.25, 120.5, 104.25, 135.25
2023-04-06, 03:16:23, 132.75, 52.25, 19.25, 26.25, 9999.0, 1.25, 1.75, 19.75, 9999.0, 9999.0, 9999.0, 121.25, 124.5, 120.5, 104.25, 135.5
2023-04-06, 03:16:27, 132.75, 52.25, 19.25, 26.25, 9999.0, 1.25, 1.5, 19.75, 9999.0, 9999.0, 9999.0, 121.0, 124.5, 120.5, 104.25, 135.5
2023-04-06, 03:16:31, 132.75, 52.25, 19.25, 26.0, 9999.0, 1.25, 1.5, 19.75, 9999.0, 9999.0, 9999.0, 121.25, 124.5, 120.5, 104.25, 135.5
2023-04-06, 03:16:35, 132.75, 52.25, 19.25, 26.25, 9999.0, 1.25, 1.5, 19.75, 9999.0, 9999.0, 9999.0, 121.25, 124.5, 120.5, 104.25, 135.5
2023-04-06, 03:16:39, 132.75, 52.25, 19.25, 26.25, 9999.0, 1.25, 1.5, 19.75, 9999.0, 9999.0, 9999.0, 121.25, 124.5, 120.5, 104.25, 135.25
2023-04-06, 03:16:43, 132.75, 52.25, 19.25, 26.25, 9999.0, 1.5, 1.5, 19.75, 9999.0, 9999.0, 9999.0, 121.0, 124.75, 120.5, 104.25, 135.5
2023-04-06, 03:16:47, 132.75, 52.25, 19.25, 26.25, 9999.0, 1.25, 1.5, 19.75, 9999.0, 9999.0, 9999.0, 121.0, 124.5, 120.5, 104.25, 135.5
2023-04-06, 03:16:51, 132.75, 52.25, 19.25, 26.25, 9999.0, 1.25, 1.5, 19.75, 9999.0, 9999.0, 9999.0, 121.0, 124.5, 120.5, 104.25, 135.5
2023-04-06, 03:16:55, 132.75, 52.25, 19.25, 26.25, 9999.0, 1.25, 1.5, 19.75, 9999.0, 9999.0, 9999.0, 121.0, 124.5, 120.5, 104.25, 135.5
2023-04-06, 03:16:59, 132.75, 52.25, 19.25, 26.0, 9999.0, 1.25, 1.5, 19.75, 9999.0, 9999.0, 9999.0, 121.0, 124.5, 120.5, 104.25, 135.5
2023-04-06, 03:17:03, 132.75, 52.25, 19.25, 26.0, 9999.0, 1.5, 1.5, 19.75, 9999.0, 9999.0, 9999.0, 121.0, 124.5, 120.5, 104.25, 135.5
2023-04-06, 03:17:07, 132.75, 52.25, 19.25, 26.25, 9999.0, 1.5, 1.5, 19.75, 9999.0, 9999.0, 9999.0, 120.75, 124.5, 120.5, 104.25, 135.5
2023-04-06, 03:17:11, 132.75, 52.25, 19.25, 26.25, 9999.0, 1.5, 1.75, 19.75, 9999.0, 9999.0, 9999.0, 120.75, 124.5, 120.5, 104.25, 135.5
2023-04-06, 03:17:15, 132.75, 52.25, 19.25, 26.25, 9999.0, 1.5, 1.5, 19.75, 9999.0, 9999.0, 9999.0, 120.75, 124.5, 120.5, 104.25, 135.5
2023-04-06, 03:17:19, 132.75, 52.25, 19.25, 26.25, 9999.0, 1.75, 1.75, 19.75, 9999.0, 9999.0, 9999.0, 121.5, 124.5, 120.5, 104.25, 135.5
2023-04-06, 03:17:23, 132.75, 52.25, 19.25, 26.0, 9999.0, 1.5, 1.5, 19.75, 9999.0, 9999.0, 9999.0, 121.5, 124.5, 120.5, 104.25, 135.5
2023-04-06, 03:17:27, 132.75, 52.25, 19.25, 26.0, 9999.0, 1.5, 1.5, 19.75, 9999.0, 9999.0, 9999.0, 121.5, 124.5, 120.5, 104.25, 135.5
2023-04-06, 03:17:31, 132.75, 52.25, 19.25, 26.0, 9999.0, 1.5, 1.5, 20.0, 9999.0, 9999.0, 9999.0, 121.5, 124.5, 120.5, 104.25, 135.5
2023-04-06, 03:17:35, 132.75, 52.25, 19.25, 26.0, 9999.0, 1.5, 1.75, 19.75, 9999.0, 9999.0, 9999.0, 121.25, 124.5, 120.5, 104.25, 135.5
2023-04-06, 03:17:39, 132.75, 52.25, 19.0, 26.0, 9999.0, 1.5, 1.75, 19.75, 9999.0, 9999.0, 9999.0, 121.25, 124.5, 120.5, 104.25, 135.5
2023-04-06, 03:17:43, 132.75, 52.25, 19.25, 26.0, 9999.0, 1.5, 1.5, 19.75, 9999.0, 9999.0, 9999.0, 121.25, 124.5, 120.5, 104.25, 135.25
2023-04-06, 03:17:47, 132.75, 52.25, 19.25, 26.0, 9999.0, 1.5, 1.75, 19.75, 9999.0, 9999.0, 9999.0, 121.25, 124.5, 120.5, 104.25, 135.5
2023-04-06, 03:17:51, 132.75, 52.25, 19.0, 26.25, 9999.0, 1.5, 1.5, 19.75, 9999.0, 9999.0, 9999.0, 121.25, 124.5, 120.5, 104.25, 135.5
2023-04-06, 03:17:55, 132.75, 52.25, 19.0, 26.0, 9999.0, 1.5, 1.5, 19.75, 9999.0, 9999.0, 9999.0, 121.0, 124.5, 120.5, 104.25, 135.5
2023-04-06, 03:17:59, 132.75, 52.25, 19.25, 26.0, 9999.0, 1.5, 1.5, 19.75, 9999.0, 9999.0, 9999.0, 121.0, 124.5, 120.5, 104.25, 135.5
2023-04-06, 03:18:03, 132.75, 52.25, 19.25, 26.0, 9999.0, 1.25, 1.5, 19.75, 9999.0, 9999.0, 9999.0, 121.0, 124.5, 120.5, 104.25, 135.5
2023-04-06, 03:18:07, 132.75, 52.25, 19.25, 26.0, 9999.0, 1.25, 1.5, 19.75, 9999.0, 9999.0, 9999.0, 121.0, 124.5, 120.5, 104.25, 135.5
2023-04-06, 03:18:11, 132.75, 52.25, 19.25, 26.0, 9999.0, 1.25, 1.5, 20.0, 9999.0, 9999.0, 9999.0, 121.0, 124.5, 120.5, 104.25, 135.5
2023-04-06, 03:18:15, 132.75, 52.25, 19.25, 26.0, 9999.0, 1.25, 1.5, 19.75, 9999.0, 9999.0, 9999.0, 121.0, 124.5, 120.5, 104.25, 135.5
2023-04-06, 03:18:19, 132.75, 52.25, 19.25, 26.0, 9999.0, 1.25, 1.5, 19.75, 9999.0, 9999.0, 9999.0, 120.75, 124.5, 120.5, 104.25, 135.5
2023-04-06, 03:18:23, 132.75, 52.25, 19.25, 26.25, 9999.0, 1.5, 1.5, 20.0, 9999.0, 9999.0, 9999.0, 121.0, 124.5, 120.5, 104.25, 135.5
2023-04-06, 03:18:27, 132.75, 52.25, 19.25, 26.0, 9999.0, 1.5, 1.75, 19.75, 9999.0, 9999.0, 9999.0, 120.75, 124.5, 120.5, 104.25, 135.5
2023-04-06, 03:18:31, 132.75, 52.25, 19.25, 26.0, 9999.0, 1.5, 1.5, 19.75, 9999.0, 9999.0, 9999.0, 120.75, 124.5, 120.5, 104.25, 135.5
2023-04-06, 03:18:35, 132.75, 52.25, 19.0, 25.75, 9999.0, 1.75, 1.75, 19.75, 9999.0, 9999.0, 9999.0, 120.75, 124.5, 120.5, 104.25, 135.5
2023-04-06, 03:18:40, 132.75, 52.25, 19.25, 26.0, 9999.0, 1.5, 1.75, 19.75, 9999.0, 9999.0, 9999.0, 121.5, 124.5, 120.5, 104.25, 135.5
2023-04-06, 03:18:44, 132.75, 52.25, 19.25, 26.25, 9999.0, 1.75, 1.75, 19.75, 9999.0, 9999.0, 9999.0, 121.5, 124.5, 120.5, 104.25, 135.5
2023-04-06, 03:18:48, 132.75, 52.25, 19.25, 26.0, 9999.0, 1.5, 1.5, 19.75, 9999.0, 9999.0, 9999.0, 121.5, 124.5, 120.5, 104.25, 135.5
2023-04-06, 03:18:52, 132.75, 52.25, 19.25, 26.0, 9999.0, 1.5, 1.75, 19.75, 9999.0, 9999.0, 9999.0, 121.25, 124.25, 120.5, 104.25, 135.5
2023-04-06, 03:18:56, 132.75, 52.25, 19.25, 26.25, 9999.0, 1.5, 1.5, 19.75, 9999.0, 9999.0, 9999.0, 121.25, 124.25, 120.5, 104.25, 135.5
2023-04-06, 03:19:00, 132.75, 52.25, 19.25, 26.25, 9999.0, 1.5, 1.75, 19.75, 9999.0, 9999.0, 9999.0, 121.25, 124.25, 120.5, 104.25, 135.5
2023-04-06, 03:19:04, 132.75, 52.25, 19.25, 26.25, 9999.0, 1.5, 1.75, 19.75, 9999.0, 9999.0, 9999.0, 121.25, 124.25, 120.5, 104.25, 135.5
2023-04-06, 03:19:08, 132.75, 52.25, 19.0, 26.25, 9999.0, 1.5, 1.75, 19.75, 9999.0, 9999.0, 9999.0, 121.0, 124.25, 120.5, 104.25, 135.25
2023-04-06, 03:19:12, 132.75, 52.25, 19.25, 26.0, 9999.0, 1.25, 1.75, 19.75, 9999.0, 9999.0, 9999.0, 121.25, 124.5, 120.5, 104.0, 135.5
2023-04-06, 03:19:16, 132.75, 52.25, 19.25, 25.75, 9999.0, 1.25, 1.75, 19.75, 9999.0, 9999.0, 9999.0, 121.25, 124.5, 120.5, 104.25, 135.5
2023-04-06, 03:19:20, 132.75, 52.25, 19.25, 26.0, 9999.0, 1.25, 1.75, 19.75, 9999.0, 9999.0, 9999.0, 121.0, 124.5, 120.5, 104.25, 135.5
2023-04-06, 03:19:24, 132.75, 52.25, 19.25, 25.75, 9999.0, 1.25, 1.75, 19.75, 9999.0, 9999.0, 9999.0, 121.0, 124.5, 120.5, 104.0, 135.5
2023-04-06, 03:19:28, 132.75, 52.25, 19.25, 26.0, 9999.0, 1.25, 1.5, 19.75, 9999.0, 9999.0, 9999.0, 121.0, 124.5, 120.5, 104.25, 135.5
2023-04-06, 03:19:32, 132.75, 52.25, 19.25, 26.0, 9999.0, 1.25, 1.5, 19.75, 9999.0, 9999.0, 9999.0, 121.0, 124.5, 120.5, 104.25, 135.5
2023-04-06, 03:19:36, 132.75, 52.25, 19.25, 26.0, 9999.0, 1.25, 1.5, 19.75, 9999.0, 9999.0, 9999.0, 121.0, 124.5, 120.5, 104.25, 135.5
2023-04-06, 03:19:40, 132.75, 52.25, 19.0, 26.0, 9999.0, 1.25, 1.5, 19.75, 9999.0, 9999.0, 9999.0, 121.0, 124.5, 120.5, 104.25, 135.5
2023-04-06, 03:19:44, 132.75, 52.25, 19.0, 26.0, 9999.0, 1.5, 1.5, 19.75, 9999.0, 9999.0, 9999.0, 121.0, 124.5, 120.5, 104.25, 135.5
2023-04-06, 03:19:48, 132.75, 52.25, 19.0, 26.0, 9999.0, 1.5, 1.5, 19.75, 9999.0, 9999.0, 9999.0, 120.75, 124.5, 120.5, 104.0, 135.5
2023-04-06, 03:19:52, 132.75, 52.25, 19.25, 26.0, 9999.0, 1.5, 1.5, 19.75, 9999.0, 9999.0, 9999.0, 120.75, 124.5, 120.5, 104.25, 135.5
2023-04-06, 03:19:56, 132.75, 52.25, 19.25, 26.0, 9999.0, 1.5, 1.75, 19.75, 9999.0, 9999.0, 9999.0, 120.75, 124.25, 120.5, 104.25, 135.5
2023-04-06, 03:20:00, 132.75, 52.25, 19.0, 26.25, 9999.0, 1.5, 1.5, 19.75, 9999.0, 9999.0, 9999.0, 121.5, 124.25, 120.5, 104.25, 135.25
2023-04-06, 03:20:04, 132.75, 52.25, 19.0, 26.25, 9999.0, 1.5, 1.5, 19.75, 9999.0, 9999.0, 9999.0, 121.5, 124.5, 120.5, 104.25, 135.25
2023-04-06, 03:20:08, 132.75, 52.25, 19.0, 26.25, 9999.0, 1.5, 1.75, 19.75, 9999.0, 9999.0, 9999.0, 121.5, 124.25, 120.5, 104.25, 135.25
2023-04-06, 03:20:12, 132.5, 52.25, 19.0, 26.25, 9999.0, 1.5, 1.5, 19.75, 9999.0, 9999.0, 9999.0, 121.25, 124.5, 120.25, 104.25, 135.5
2023-04-06, 03:20:16, 132.75, 52.0, 19.25, 26.0, 9999.0, 1.5, 1.5, 19.75, 9999.0, 9999.0, 9999.0, 121.25, 124.25, 120.25, 104.25, 135.25
2023-04-06, 03:20:20, 132.5, 52.25, 19.25, 26.0, 9999.0, 1.5, 1.5, 19.75, 9999.0, 9999.0, 9999.0, 121.25, 124.25, 120.5, 104.25, 135.25
2023-04-06, 03:20:24, 132.75, 52.25, 19.0, 26.0, 9999.0, 1.5, 1.5, 19.75, 9999.0, 9999.0, 9999.0, 121.25, 124.25, 120.25, 104.25, 135.25
2023-04-06, 03:20:28, 132.75, 52.25, 19.0, 26.0, 9999.0, 1.5, 1.5, 19.75, 9999.0, 9999.0, 9999.0, 121.0, 124.25, 120.5, 104.25, 135.25
2023-04-06, 03:20:32, 132.75, 52.25, 19.0, 26.0, 9999.0, 1.5, 1.5, 19.75, 9999.0, 9999.0, 9999.0, 121.0, 124.5, 120.5, 104.25, 135.5
2023-04-06, 03:20:36, 132.75, 52.0, 19.0, 26.0, 9999.0, 1.25, 1.5, 19.75, 9999.0, 9999.0, 9999.0, 121.25, 124.5, 120.5, 104.25, 135.25
2023-04-06, 03:20:40, 132.75, 52.0, 19.25, 26.0, 9999.0, 1.25, 1.5, 19.75, 9999.0, 9999.0, 9999.0, 121.0, 124.5, 120.5, 104.25, 135.25
2023-04-06, 03:20:44, 132.75, 52.0, 19.0, 26.25, 9999.0, 1.25, 1.5, 19.75, 9999.0, 9999.0, 9999.0, 121.0, 124.5, 120.25, 104.25, 135.5
2023-04-06, 03:20:48, 132.75, 52.25, 19.0, 26.25, 9999.0, 1.25, 1.5, 19.75, 9999.0, 9999.0, 9999.0, 121.0, 124.5, 120.5, 104.25, 135.25
2023-04-06, 03:20:52, 132.75, 52.25, 19.25, 26.0, 9999.0, 1.25, 1.5, 19.75, 9999.0, 9999.0, 9999.0, 121.0, 124.5, 120.5, 104.25, 135.25
2023-04-06, 03:20:56, 132.75, 52.25, 19.25, 26.0, 9999.0, 1.25, 1.5, 19.75, 9999.0, 9999.0, 9999.0, 121.0, 124.5, 120.5, 104.0, 135.25
2023-04-06, 03:21:00, 132.75, 52.0, 19.25, 26.0, 9999.0, 1.25, 1.5, 19.75, 9999.0, 9999.0, 9999.0, 121.0, 124.5, 120.5, 104.0, 135.25
2023-04-06, 03:21:04, 132.5, 52.25, 19.25, 26.0, 9999.0, 1.5, 1.5, 19.75, 9999.0, 9999.0, 9999.0, 120.75, 124.5, 120.5, 104.0, 135.5
2023-04-06, 03:21:08, 132.5, 52.25, 19.0, 26.0, 9999.0, 1.25, 1.5, 19.75, 9999.0, 9999.0, 9999.0, 120.75, 124.5, 120.5, 104.0, 135.25
2023-04-06, 03:21:12, 132.75, 52.25, 19.0, 26.0, 9999.0, 1.25, 1.5, 19.75, 9999.0, 9999.0, 9999.0, 120.75, 124.5, 120.5, 104.0, 135.25
2023-04-06, 03:21:16, 132.5, 52.25, 19.25, 26.0, 9999.0, 1.5, 1.5, 19.75, 9999.0, 9999.0, 9999.0, 120.75, 124.5, 120.25, 104.0, 135.25
2023-04-06, 03:21:20, 132.75, 52.25, 19.25, 26.25, 9999.0, 1.5, 1.5, 19.75, 9999.0, 9999.0, 9999.0, 120.75, 124.5, 120.5, 104.25, 135.25
2023-04-06, 03:21:24, 132.75, 52.0, 19.0, 26.25, 9999.0, 1.5, 1.5, 19.75, 9999.0, 9999.0, 9999.0, 121.5, 124.5, 120.5, 104.25, 135.25
2023-04-06, 03:21:28, 132.75, 52.0, 19.0, 26.25, 9999.0, 1.5, 1.5, 19.75, 9999.0, 9999.0, 9999.0, 121.25, 124.5, 120.25, 104.0, 135.25
2023-04-06, 03:21:32, 132.75, 52.0, 19.25, 26.25, 9999.0, 1.5, 1.5, 19.75, 9999.0, 9999.0, 9999.0, 121.25, 124.25, 120.5, 104.25, 135.25
2023-04-06, 03:21:36, 132.75, 52.0, 19.25, 26.25, 9999.0, 1.5, 1.5, 19.75, 9999.0, 9999.0, 9999.0, 121.25, 124.25, 120.25, 104.25, 135.25
2023-04-06, 03:21:40, 132.75, 52.0, 19.25, 26.25, 9999.0, 1.5, 1.5, 19.75, 9999.0, 9999.0, 9999.0, 121.25, 124.25, 120.5, 104.25, 135.5
2023-04-06, 03:21:44, 132.75, 52.0, 19.25, 26.25, 9999.0, 1.25, 1.5, 19.75, 9999.0, 9999.0, 9999.0, 121.25, 124.25, 120.5, 104.25, 135.25
2023-04-06, 03:21:48, 132.75, 52.0, 19.25, 26.25, 9999.0, 1.25, 1.5, 19.75, 9999.0, 9999.0, 9999.0, 121.0, 124.25, 120.5, 104.0, 135.25
2023-04-06, 03:21:52, 132.75, 52.0, 19.25, 26.25, 9999.0, 1.25, 1.5, 19.75, 9999.0, 9999.0, 9999.0, 121.0, 124.5, 120.5, 104.25, 135.25
2023-04-06, 03:21:56, 132.5, 52.25, 19.25, 26.0, 9999.0, 1.25, 1.5, 19.75, 9999.0, 9999.0, 9999.0, 121.0, 124.5, 120.5, 104.25, 135.25
2023-04-06, 03:22:00, 132.75, 52.25, 19.25, 26.25, 9999.0, 1.25, 1.5, 19.75, 9999.0, 9999.0, 9999.0, 121.0, 124.5, 120.5, 104.0, 135.25
2023-04-06, 03:22:04, 132.5, 52.0, 19.25, 26.25, 9999.0, 1.25, 1.5, 19.75, 9999.0, 9999.0, 9999.0, 121.0, 124.5, 120.5, 104.0, 135.25
2023-04-06, 03:22:08, 132.75, 52.0, 19.0, 26.25, 9999.0, 1.25, 1.5, 19.75, 9999.0, 9999.0, 9999.0, 121.0, 124.25, 120.25, 104.0, 135.25
2023-04-06, 03:22:12, 132.5, 52.0, 19.0, 26.25, 9999.0, 1.25, 1.5, 19.75, 9999.0, 9999.0, 9999.0, 121.0, 124.5, 120.25, 104.0, 135.25
2023-04-06, 03:22:16, 132.5, 52.0, 19.0, 26.0, 9999.0, 1.25, 1.5, 19.75, 9999.0, 9999.0, 9999.0, 121.0, 124.5, 120.25, 104.0, 135.25
2023-04-06, 03:22:20, 132.5, 52.0, 19.25, 26.0, 9999.0, 1.0, 1.5, 19.75, 9999.0, 9999.0, 9999.0, 120.75, 124.25, 120.25, 104.0, 135.25
2023-04-06, 03:22:24, 132.5, 52.0, 19.0, 26.0, 9999.0, 1.25, 1.5, 19.75, 9999.0, 9999.0, 9999.0, 120.75, 124.5, 120.5, 104.0, 135.25
2023-04-06, 03:22:28, 132.5, 52.0, 19.25, 26.0, 9999.0, 1.25, 1.5, 19.75, 9999.0, 9999.0, 9999.0, 120.75, 124.25, 120.5, 104.0, 135.25
2023-04-06, 03:22:32, 132.5, 52.0, 19.25, 26.0, 9999.0, 1.25, 1.5, 19.75, 9999.0, 9999.0, 9999.0, 120.75, 124.5, 120.5, 104.0, 135.25
2023-04-06, 03:22:36, 132.5, 52.0, 19.0, 26.0, 9999.0, 1.5, 1.5, 19.75, 9999.0, 9999.0, 9999.0, 120.5, 124.25, 120.5, 104.0, 135.25
2023-04-06, 03:22:40, 132.5, 52.0, 19.0, 26.0, 9999.0, 1.5, 1.5, 19.75, 9999.0, 9999.0, 9999.0, 120.5, 124.25, 120.5, 104.0, 135.25
2023-04-06, 03:22:44, 132.75, 52.0, 19.0, 26.0, 9999.0, 1.5, 1.5, 19.75, 9999.0, 9999.0, 9999.0, 121.25, 124.25, 120.5, 104.0, 135.25
2023-04-06, 03:22:48, 132.5, 52.0, 19.0, 26.0, 9999.0, 1.5, 1.5, 19.75, 9999.0, 9999.0, 9999.0, 121.25, 124.25, 120.5, 104.0, 135.25
2023-04-06, 03:22:52, 132.5, 52.0, 19.0, 26.0, 9999.0, 1.5, 1.5, 19.75, 9999.0, 9999.0, 9999.0, 121.25, 124.25, 120.5, 104.0, 135.25
2023-04-06, 03:22:56, 132.5, 52.0, 19.0, 26.0, 9999.0, 1.5, 1.5, 19.75, 9999.0, 9999.0, 9999.0, 121.25, 124.25, 120.5, 104.0, 135.25
2023-04-06, 03:23:00, 132.5, 52.0, 19.0, 26.0, 9999.0, 1.25, 1.5, 19.75, 9999.0, 9999.0, 9999.0, 121.25, 124.25, 120.25, 104.0, 135.25
2023-04-06, 03:23:04, 132.5, 52.0, 19.0, 26.0, 9999.0, 1.25, 1.5, 19.75, 9999.0, 9999.0, 9999.0, 121.0, 124.25, 120.5, 104.0, 135.25
2023-04-06, 03:23:09, 132.5, 52.0, 19.0, 26.0, 9999.0, 1.25, 1.5, 19.75, 9999.0, 9999.0, 9999.0, 121.0, 124.25, 120.25, 104.0, 135.25
2023-04-06, 03:23:13, 132.5, 52.0, 19.0, 26.0, 9999.0, 1.25, 1.5, 19.75, 9999.0, 9999.0, 9999.0, 121.0, 124.5, 120.5, 104.0, 135.25
2023-04-06, 03:23:17, 132.5, 52.0, 19.0, 26.0, 9999.0, 1.25, 1.5, 19.75, 9999.0, 9999.0, 9999.0, 121.0, 124.5, 120.5, 104.0, 135.25
2023-04-06, 03:23:21, 132.5, 52.0, 19.0, 26.0, 9999.0, 1.25, 1.5, 19.5, 9999.0, 9999.0, 9999.0, 121.0, 124.5, 120.25, 104.0, 135.25
2023-04-06, 03:23:25, 132.75, 52.0, 19.0, 26.0, 9999.0, 1.25, 1.5, 19.75, 9999.0, 9999.0, 9999.0, 121.0, 124.5, 120.25, 104.25, 135.25
2023-04-06, 03:23:29, 132.5, 52.0, 19.25, 26.0, 9999.0, 1.25, 1.5, 19.75, 9999.0, 9999.0, 9999.0, 121.0, 124.5, 120.5, 104.0, 135.25
2023-04-06, 03:23:33, 132.5, 52.0, 19.0, 26.25, 9999.0, 1.25, 1.5, 19.75, 9999.0, 9999.0, 9999.0, 120.75, 124.5, 120.5, 104.0, 135.25
2023-04-06, 03:23:37, 132.5, 52.0, 19.0, 26.25, 9999.0, 1.25, 1.5, 19.5, 9999.0, 9999.0, 9999.0, 120.75, 124.5, 120.5, 104.0, 135.25
2023-04-06, 03:23:41, 132.5, 52.0, 19.0, 26.25, 9999.0, 1.0, 1.5, 19.5, 9999.0, 9999.0, 9999.0, 120.75, 124.5, 120.5, 104.0, 135.25
2023-04-06, 03:23:45, 132.5, 52.0, 19.0, 26.0, 9999.0, 1.25, 1.5, 19.5, 9999.0, 9999.0, 9999.0, 120.75, 124.5, 120.25, 104.0, 135.25
2023-04-06, 03:23:49, 132.5, 52.0, 19.0, 26.0, 9999.0, 1.25, 1.5, 19.75, 9999.0, 9999.0, 9999.0, 120.75, 124.25, 120.25, 104.0, 135.25
2023-04-06, 03:23:53, 132.5, 52.0, 19.0, 26.0, 9999.0, 1.25, 1.5, 19.5, 9999.0, 9999.0, 9999.0, 120.75, 124.5, 120.5, 104.0, 135.25
2023-04-06, 03:23:57, 132.5, 52.0, 19.0, 26.0, 9999.0, 1.5, 1.5, 19.75, 9999.0, 9999.0, 9999.0, 120.75, 124.5, 120.5, 104.0, 135.25
2023-04-06, 03:24:01, 132.5, 52.0, 19.0, 26.0, 9999.0, 1.5, 1.5, 19.5, 9999.0, 9999.0, 9999.0, 120.5, 124.5, 120.5, 104.0, 135.25
2023-04-06, 03:24:05, 132.5, 52.0, 19.0, 26.0, 9999.0, 1.5, 1.5, 19.75, 9999.0, 9999.0, 9999.0, 121.25, 124.25, 120.5, 104.0, 135.25
2023-04-06, 03:24:09, 132.5, 52.0, 19.0, 26.25, 9999.0, 1.5, 1.5, 19.5, 9999.0, 9999.0, 9999.0, 121.25, 124.25, 120.5, 104.0, 135.25
2023-04-06, 03:24:13, 132.5, 52.0, 19.0, 26.0, 9999.0, 1.25, 1.5, 19.75, 9999.0, 9999.0, 9999.0, 121.25, 124.25, 120.5, 104.0, 135.25
2023-04-06, 03:24:17, 132.5, 52.0, 19.0, 26.0, 9999.0, 1.25, 1.5, 19.5, 9999.0, 9999.0, 9999.0, 121.25, 124.25, 120.25, 104.0, 135.25
2023-04-06, 03:24:21, 132.5, 52.0, 19.0, 26.0, 9999.0, 1.25, 1.5, 19.5, 9999.0, 9999.0, 9999.0, 121.0, 124.25, 120.25, 104.0, 135.25
2023-04-06, 03:24:25, 132.5, 52.0, 19.0, 26.0, 9999.0, 1.25, 1.5, 19.5, 9999.0, 9999.0, 9999.0, 121.0, 124.25, 120.25, 104.0, 135.25
2023-04-06, 03:24:29, 132.5, 52.0, 19.0, 26.0, 9999.0, 1.25, 1.5, 19.5, 9999.0, 9999.0, 9999.0, 121.0, 124.25, 120.25, 104.0, 135.25
2023-04-06, 03:24:33, 132.5, 52.0, 19.0, 26.0, 9999.0, 1.25, 1.5, 19.5, 9999.0, 9999.0, 9999.0, 121.0, 124.25, 120.5, 104.0, 135.25
2023-04-06, 03:24:37, 132.5, 52.0, 19.0, 26.0, 9999.0, 1.25, 1.5, 19.5, 9999.0, 9999.0, 9999.0, 121.0, 124.5, 120.25, 104.0, 135.25
2023-04-06, 03:24:41, 132.5, 52.0, 19.0, 26.0, 9999.0, 1.25, 1.5, 19.5, 9999.0, 9999.0, 9999.0, 121.0, 124.5, 120.5, 104.0, 135.25
2023-04-06, 03:24:45, 132.5, 52.0, 18.75, 26.25, 9999.0, 1.25, 1.5, 19.75, 9999.0, 9999.0, 9999.0, 121.0, 124.5, 120.25, 104.0, 135.25
2023-04-06, 03:24:49, 132.5, 52.0, 19.0, 26.0, 9999.0, 1.25, 1.5, 19.5, 9999.0, 9999.0, 9999.0, 121.0, 124.25, 120.25, 104.0, 135.25
2023-04-06, 03:24:53, 132.5, 52.0, 19.0, 26.25, 9999.0, 1.0, 1.5, 19.5, 9999.0, 9999.0, 9999.0, 120.75, 124.25, 120.25, 104.0, 135.25
2023-04-06, 03:24:57, 132.5, 52.0, 19.0, 26.0, 9999.0, 1.0, 1.25, 19.5, 9999.0, 9999.0, 9999.0, 120.75, 124.25, 120.25, 104.0, 135.25
2023-04-06, 03:25:01, 132.5, 52.0, 19.0, 26.0, 9999.0, 1.0, 1.5, 19.5, 9999.0, 9999.0, 9999.0, 120.75, 124.25, 120.5, 104.0, 135.25
2023-04-06, 03:25:05, 132.5, 52.0, 19.0, 26.0, 9999.0, 1.25, 1.5, 19.5, 9999.0, 9999.0, 9999.0, 120.75, 124.25, 120.5, 104.0, 135.25
2023-04-06, 03:25:09, 132.5, 52.0, 19.0, 26.0, 9999.0, 1.25, 1.25, 19.5, 9999.0, 9999.0, 9999.0, 120.5, 124.25, 120.5, 104.0, 135.25
2023-04-06, 03:25:13, 132.5, 51.75, 18.75, 26.0, 9999.0, 1.25, 1.25, 19.75, 9999.0, 9999.0, 9999.0, 120.75, 124.25, 120.25, 104.0, 135.25
2023-04-06, 03:25:17, 132.5, 52.0, 19.0, 26.0, 9999.0, 1.5, 1.5, 19.5, 9999.0, 9999.0, 9999.0, 120.5, 124.25, 120.5, 104.0, 135.25
2023-04-06, 03:25:21, 132.5, 52.0, 19.0, 26.0, 9999.0, 1.5, 1.5, 19.75, 9999.0, 9999.0, 9999.0, 120.5, 124.25, 120.5, 104.0, 135.25
2023-04-06, 03:25:25, 132.5, 52.0, 19.0, 26.25, 9999.0, 1.5, 1.5, 19.75, 9999.0, 9999.0, 9999.0, 121.25, 124.25, 120.25, 104.0, 135.25
2023-04-06, 03:25:29, 132.5, 52.0, 19.0, 26.25, 9999.0, 1.25, 1.5, 19.5, 9999.0, 9999.0, 9999.0, 121.25, 124.25, 120.25, 104.0, 135.25
2023-04-06, 03:25:33, 132.5, 52.0, 19.0, 26.25, 9999.0, 1.25, 1.25, 19.5, 9999.0, 9999.0, 9999.0, 121.25, 124.25, 120.5, 104.0, 135.25
2023-04-06, 03:25:37, 132.25, 52.0, 19.0, 26.0, 9999.0, 1.25, 1.5, 19.5, 9999.0, 9999.0, 9999.0, 121.25, 124.25, 120.5, 104.0, 135.25
2023-04-06, 03:25:41, 132.5, 52.0, 19.0, 26.0, 9999.0, 1.25, 1.5, 19.5, 9999.0, 9999.0, 9999.0, 121.0, 124.0, 120.25, 104.0, 135.25
2023-04-06, 03:25:45, 132.5, 52.0, 19.0, 26.0, 9999.0, 1.25, 1.5, 19.5, 9999.0, 9999.0, 9999.0, 121.0, 124.25, 120.25, 104.0, 135.25
2023-04-06, 03:25:49, 132.5, 52.0, 19.0, 26.0, 9999.0, 1.25, 1.5, 19.5, 9999.0, 9999.0, 9999.0, 121.0, 124.25, 120.5, 104.0, 135.25
2023-04-06, 03:25:53, 132.25, 52.0, 19.0, 26.0, 9999.0, 1.25, 1.5, 19.5, 9999.0, 9999.0, 9999.0, 121.0, 124.25, 120.25, 104.0, 135.25
2023-04-06, 03:25:57, 132.5, 52.0, 19.0, 26.25, 9999.0, 1.25, 1.5, 19.5, 9999.0, 9999.0, 9999.0, 121.0, 124.25, 120.5, 104.0, 135.25
2023-04-06, 03:26:01, 132.5, 52.0, 19.0, 26.25, 9999.0, 1.0, 1.25, 19.5, 9999.0, 9999.0, 9999.0, 121.0, 124.25, 120.25, 104.0, 135.25
2023-04-06, 03:26:05, 132.5, 52.0, 19.0, 26.0, 9999.0, 1.0, 1.5, 19.5, 9999.0, 9999.0, 9999.0, 121.0, 124.25, 120.25, 104.0, 135.25
2023-04-06, 03:26:09, 132.5, 52.0, 19.0, 26.25, 9999.0, 1.0, 1.5, 19.5, 9999.0, 9999.0, 9999.0, 121.0, 124.25, 120.25, 104.0, 135.25
2023-04-06, 03:26:13, 132.5, 52.0, 19.0, 26.0, 9999.0, 1.0, 1.25, 19.5, 9999.0, 9999.0, 9999.0, 120.75, 124.25, 120.25, 104.0, 135.25
2023-04-06, 03:26:17, 132.5, 52.0, 19.0, 26.25, 9999.0, 1.0, 1.5, 19.5, 9999.0, 9999.0, 9999.0, 120.75, 124.25, 120.25, 104.0, 135.25
2023-04-06, 03:26:21, 132.5, 52.0, 19.0, 26.0, 9999.0, 1.0, 1.5, 19.5, 9999.0, 9999.0, 9999.0, 120.75, 124.25, 120.25, 104.0, 135.25
2023-04-06, 03:26:25, 132.5, 52.0, 19.0, 26.25, 9999.0, 1.25, 1.25, 19.5, 9999.0, 9999.0, 9999.0, 120.75, 124.25, 120.5, 104.0, 135.25
2023-04-06, 03:26:29, 132.5, 52.0, 19.0, 26.0, 9999.0, 1.25, 1.25, 19.5, 9999.0, 9999.0, 9999.0, 120.5, 124.25, 120.25, 104.0, 135.25
2023-04-06, 03:26:33, 132.5, 52.0, 19.0, 26.0, 9999.0, 1.25, 1.25, 19.5, 9999.0, 9999.0, 9999.0, 120.5, 124.25, 120.25, 104.0, 135.25
2023-04-06, 03:26:37, 132.5, 52.0, 19.0, 26.0, 9999.0, 1.5, 1.5, 19.5, 9999.0, 9999.0, 9999.0, 120.5, 124.25, 120.5, 104.0, 135.25
2023-04-06, 03:26:41, 132.5, 51.75, 19.0, 26.0, 9999.0, 1.25, 1.5, 19.5, 9999.0, 9999.0, 9999.0, 120.5, 124.25, 120.25, 104.0, 135.25
2023-04-06, 03:26:45, 132.5, 52.0, 19.0, 26.0, 9999.0, 1.5, 1.5, 19.5, 9999.0, 9999.0, 9999.0, 121.25, 124.25, 120.25, 104.0, 135.25
2023-04-06, 03:26:49, 132.25, 52.0, 19.0, 26.25, 9999.0, 1.25, 1.5, 19.5, 9999.0, 9999.0, 9999.0, 121.25, 124.25, 120.25, 104.0, 135.25
2023-04-06, 03:26:53, 132.5, 52.0, 19.0, 26.25, 9999.0, 1.25, 1.5, 19.5, 9999.0, 9999.0, 9999.0, 121.25, 124.25, 120.5, 104.0, 135.25
2023-04-06, 03:26:57, 132.25, 52.0, 19.0, 26.25, 9999.0, 1.25, 1.5, 19.5, 9999.0, 9999.0, 9999.0, 121.25, 124.25, 120.5, 104.0, 135.25
2023-04-06, 03:27:01, 132.5, 51.75, 19.0, 26.25, 9999.0, 1.25, 1.5, 19.5, 9999.0, 9999.0, 9999.0, 121.0, 124.25, 120.5, 104.25, 135.25
2023-04-06, 03:27:05, 132.5, 52.0, 19.0, 26.25, 9999.0, 1.25, 1.5, 19.5, 9999.0, 9999.0, 9999.0, 121.0, 124.25, 120.25, 104.0, 135.25
2023-04-06, 03:27:09, 132.5, 51.75, 19.0, 26.25, 9999.0, 1.25, 1.25, 19.5, 9999.0, 9999.0, 9999.0, 121.0, 124.25, 120.5, 104.0, 135.25
2023-04-06, 03:27:13, 132.5, 51.75, 19.0, 26.25, 9999.0, 1.25, 1.5, 19.5, 9999.0, 9999.0, 9999.0, 121.0, 124.5, 120.25, 104.0, 135.25
2023-04-06, 03:27:17, 132.5, 52.0, 19.0, 26.25, 9999.0, 1.0, 1.25, 19.5, 9999.0, 9999.0, 9999.0, 121.0, 124.5, 120.5, 104.0, 135.25
2023-04-06, 03:27:21, 132.5, 52.0, 19.0, 26.25, 9999.0, 1.25, 1.5, 19.5, 9999.0, 9999.0, 9999.0, 121.0, 124.5, 120.25, 104.0, 135.25
2023-04-06, 03:27:25, 132.5, 52.0, 19.0, 26.25, 9999.0, 1.0, 1.5, 19.75, 9999.0, 9999.0, 9999.0, 120.75, 124.5, 120.5, 104.0, 135.25
2023-04-06, 03:27:29, 132.25, 52.0, 19.0, 26.25, 9999.0, 1.0, 1.5, 19.75, 9999.0, 9999.0, 9999.0, 120.75, 124.5, 120.25, 104.25, 135.25
2023-04-06, 03:27:34, 132.5, 52.0, 19.0, 26.25, 9999.0, 1.0, 1.25, 19.5, 9999.0, 9999.0, 9999.0, 120.75, 124.5, 120.5, 104.0, 135.25
2023-04-06, 03:27:38, 132.5, 52.0, 19.0, 26.25, 9999.0, 1.0, 1.25, 19.5, 9999.0, 9999.0, 9999.0, 120.75, 124.5, 120.5, 104.0, 135.25
2023-04-06, 03:27:42, 132.5, 52.0, 19.0, 26.0, 9999.0, 1.0, 1.25, 19.5, 9999.0, 9999.0, 9999.0, 120.75, 124.5, 120.25, 104.0, 135.25
2023-04-06, 03:27:46, 132.25, 52.0, 19.0, 26.25, 9999.0, 1.0, 1.25, 19.5, 9999.0, 9999.0, 9999.0, 120.5, 124.5, 120.5, 104.25, 135.25
2023-04-06, 03:27:50, 132.5, 52.0, 19.0, 26.25, 9999.0, 1.25, 1.25, 19.5, 9999.0, 9999.0, 9999.0, 120.75, 124.5, 120.5, 104.0, 135.25
2023-04-06, 03:27:54, 132.5, 52.0, 19.0, 26.25, 9999.0, 1.25, 1.5, 19.5, 9999.0, 9999.0, 9999.0, 120.5, 124.25, 120.5, 104.0, 135.25
2023-04-06, 03:27:58, 132.5, 52.0, 19.0, 26.0, 9999.0, 1.5, 1.5, 19.5, 9999.0, 9999.0, 9999.0, 120.5, 124.25, 120.5, 104.0, 135.25
2023-04-06, 03:28:02, 132.5, 52.0, 19.0, 26.0, 9999.0, 1.5, 1.5, 19.5, 9999.0, 9999.0, 9999.0, 120.5, 124.25, 120.5, 104.0, 135.25
2023-04-06, 03:28:06, 132.5, 52.0, 19.0, 26.0, 9999.0, 1.25, 1.5, 19.75, 9999.0, 9999.0, 9999.0, 121.25, 124.25, 120.5, 104.0, 135.25
2023-04-06, 03:28:10, 132.25, 52.0, 19.0, 26.0, 9999.0, 1.25, 1.25, 19.5, 9999.0, 9999.0, 9999.0, 121.25, 124.25, 120.5, 104.0, 135.25
2023-04-06, 03:28:14, 132.5, 52.0, 19.0, 26.0, 9999.0, 1.25, 1.5, 19.5, 9999.0, 9999.0, 9999.0, 121.25, 124.25, 120.25, 104.25, 135.25
2023-04-06, 03:28:18, 132.5, 52.0, 19.0, 26.0, 9999.0, 1.25, 1.5, 19.5, 9999.0, 9999.0, 9999.0, 121.0, 124.25, 120.5, 104.0, 135.25
2023-04-06, 03:28:22, 132.5, 52.0, 19.0, 26.0, 9999.0, 1.25, 1.5, 19.5, 9999.0, 9999.0, 9999.0, 121.0, 124.25, 120.5, 104.25, 135.25
2023-04-06, 03:28:26, 132.5, 52.0, 19.0, 26.0, 9999.0, 1.25, 1.5, 19.5, 9999.0, 9999.0, 9999.0, 121.0, 124.25, 120.25, 104.0, 135.25
2023-04-06, 03:28:30, 132.25, 52.0, 19.0, 26.25, 9999.0, 1.25, 1.5, 19.5, 9999.0, 9999.0, 9999.0, 121.0, 124.25, 120.25, 104.0, 135.25
2023-04-06, 03:28:34, 132.25, 52.0, 19.0, 26.25, 9999.0, 1.25, 1.5, 19.5, 9999.0, 9999.0, 9999.0, 121.0, 124.5, 120.25, 104.0, 135.25
2023-04-06, 03:28:38, 132.5, 52.0, 19.0, 26.25, 9999.0, 1.25, 1.5, 19.5, 9999.0, 9999.0, 9999.0, 121.0, 124.5, 120.5, 104.25, 135.25
2023-04-06, 03:28:42, 132.25, 52.0, 19.0, 26.25, 9999.0, 1.0, 1.5, 19.5, 9999.0, 9999.0, 9999.0, 121.0, 124.5, 120.25, 104.0, 135.25
2023-04-06, 03:28:46, 132.25, 52.0, 19.0, 26.25, 9999.0, 1.0, 1.5, 19.5, 9999.0, 9999.0, 9999.0, 121.0, 124.5, 120.5, 104.25, 135.25
2023-04-06, 03:28:50, 132.5, 52.0, 19.0, 26.0, 9999.0, 1.0, 1.25, 19.5, 9999.0, 9999.0, 9999.0, 120.75, 124.5, 120.5, 104.0, 135.25
2023-04-06, 03:28:54, 132.5, 52.0, 19.0, 26.0, 9999.0, 1.0, 1.25, 19.5, 9999.0, 9999.0, 9999.0, 121.0, 124.5, 120.5, 104.25, 135.25
2023-04-06, 03:28:58, 132.25, 52.0, 19.0, 26.0, 9999.0, 1.0, 1.5, 19.5, 9999.0, 9999.0, 9999.0, 120.75, 124.5, 120.5, 104.0, 135.25
2023-04-06, 03:29:02, 132.5, 52.0, 19.0, 26.25, 9999.0, 1.0, 1.25, 19.5, 9999.0, 9999.0, 9999.0, 120.75, 124.5, 120.25, 104.0, 135.25
2023-04-06, 03:29:06, 132.5, 52.0, 19.0, 26.25, 9999.0, 1.0, 1.25, 19.5, 9999.0, 9999.0, 9999.0, 120.75, 124.25, 120.5, 104.0, 135.25
2023-04-06, 03:29:10, 132.5, 52.0, 19.0, 26.25, 9999.0, 1.25, 1.25, 19.5, 9999.0, 9999.0, 9999.0, 120.75, 124.25, 120.5, 104.0, 135.25
2023-04-06, 03:29:14, 132.5, 52.0, 19.25, 26.25, 9999.0, 1.25, 1.25, 19.5, 9999.0, 9999.0, 9999.0, 120.5, 124.25, 120.5, 104.0, 135.25
2023-04-06, 03:29:18, 132.5, 52.0, 19.25, 26.25, 9999.0, 1.25, 1.25, 19.5, 9999.0, 9999.0, 9999.0, 120.5, 124.25, 120.5, 104.0, 135.25
2023-04-06, 03:29:22, 132.5, 52.0, 19.0, 26.25, 9999.0, 1.5, 1.5, 19.5, 9999.0, 9999.0, 9999.0, 120.5, 124.25, 120.25, 104.0, 135.25
2023-04-06, 03:29:26, 132.5, 52.0, 19.0, 26.0, 9999.0, 1.25, 1.25, 19.5, 9999.0, 9999.0, 9999.0, 121.5, 124.25, 120.5, 104.0, 135.25
2023-04-06, 03:29:30, 132.5, 52.0, 19.0, 26.25, 9999.0, 1.25, 1.5, 19.75, 9999.0, 9999.0, 9999.0, 121.25, 124.25, 120.5, 104.0, 135.25
2023-04-06, 03:29:34, 132.5, 52.0, 19.0, 26.25, 9999.0, 1.25, 1.25, 19.5, 9999.0, 9999.0, 9999.0, 121.25, 124.25, 120.25, 104.0, 135.25
2023-04-06, 03:29:38, 132.5, 52.0, 19.0, 26.25, 9999.0, 1.25, 1.25, 19.5, 9999.0, 9999.0, 9999.0, 121.25, 124.25, 120.5, 104.0, 135.25
2023-04-06, 03:29:42, 132.5, 52.0, 19.0, 26.0, 9999.0, 1.25, 1.5, 19.5, 9999.0, 9999.0, 9999.0, 121.25, 124.25, 120.25, 104.0, 135.25
2023-04-06, 03:29:46, 132.25, 52.0, 19.0, 26.0, 9999.0, 1.25, 1.5, 19.5, 9999.0, 9999.0, 9999.0, 121.0, 124.25, 120.25, 104.0, 135.25
2023-04-06, 03:29:50, 132.5, 52.0, 19.0, 26.0, 9999.0, 1.25, 1.5, 19.5, 9999.0, 9999.0, 9999.0, 121.0, 124.25, 120.5, 104.0, 135.25
2023-04-06, 03:29:54, 132.5, 52.0, 19.0, 26.0, 9999.0, 1.25, 1.5, 19.5, 9999.0, 9999.0, 9999.0, 121.0, 124.25, 120.5, 104.0, 135.25
2023-04-06, 03:29:58, 132.5, 52.0, 19.0, 26.0, 9999.0, 1.0, 1.5, 19.5, 9999.0, 9999.0, 9999.0, 121.0, 124.5, 120.5, 104.0, 135.25
2023-04-06, 03:30:02, 132.25, 52.0, 19.0, 26.25, 9999.0, 1.0, 1.25, 19.5, 9999.0, 9999.0, 9999.0, 121.0, 124.5, 120.25, 104.25, 135.25
2023-04-06, 03:30:06, 132.5, 52.0, 19.0, 26.0, 9999.0, 1.0, 1.25, 19.5, 9999.0, 9999.0, 9999.0, 121.0, 124.5, 120.5, 104.0, 135.25
2023-04-06, 03:30:10, 132.5, 52.0, 19.0, 26.0, 9999.0, 1.0, 1.25, 19.5, 9999.0, 9999.0, 9999.0, 121.0, 124.5, 120.5, 104.0, 135.25
2023-04-06, 03:30:14, 132.5, 52.0, 19.0, 26.25, 9999.0, 1.0, 1.5, 19.5, 9999.0, 9999.0, 9999.0, 121.0, 124.5, 120.25, 104.0, 135.25
2023-04-06, 03:30:18, 132.5, 52.0, 19.0, 26.0, 9999.0, 1.0, 1.25, 19.5, 9999.0, 9999.0, 9999.0, 120.75, 124.25, 120.25, 104.0, 135.25
2023-04-06, 03:30:22, 132.5, 52.0, 19.0, 26.25, 9999.0, 1.0, 1.5, 19.5, 9999.0, 9999.0, 9999.0, 120.75, 124.25, 120.25, 104.0, 135.25
2023-04-06, 03:30:26, 132.5, 52.0, 19.0, 26.0, 9999.0, 1.0, 1.25, 19.5, 9999.0, 9999.0, 9999.0, 120.75, 124.5, 120.5, 104.25, 135.25
2023-04-06, 03:30:30, 132.5, 52.0, 19.0, 26.25, 9999.0, 1.25, 1.25, 19.5, 9999.0, 9999.0, 9999.0, 120.75, 124.25, 120.5, 104.25, 135.25
2023-04-06, 03:30:34, 132.5, 52.0, 19.0, 26.25, 9999.0, 1.25, 1.5, 19.5, 9999.0, 9999.0, 9999.0, 120.75, 124.25, 120.5, 104.25, 135.25
2023-04-06, 03:30:38, 132.25, 52.0, 19.25, 26.25, 9999.0, 1.25, 1.25, 19.5, 9999.0, 9999.0, 9999.0, 120.75, 124.25, 120.5, 104.0, 135.25
2023-04-06, 03:30:42, 132.5, 52.0, 19.25, 26.25, 9999.0, 1.5, 1.25, 19.5, 9999.0, 9999.0, 9999.0, 120.75, 124.25, 120.5, 104.0, 135.25
2023-04-06, 03:30:46, 132.5, 52.0, 19.0, 26.0, 9999.0, 1.5, 1.5, 19.75, 9999.0, 9999.0, 9999.0, 121.25, 124.25, 120.25, 104.25, 135.25
2023-04-06, 03:30:50, 132.5, 52.0, 19.0, 26.0, 9999.0, 1.5, 1.25, 19.5, 9999.0, 9999.0, 9999.0, 121.25, 124.25, 120.5, 104.25, 135.25
2023-04-06, 03:30:54, 132.5, 52.0, 19.0, 26.0, 9999.0, 1.25, 1.5, 19.5, 9999.0, 9999.0, 9999.0, 121.25, 124.25, 120.25, 104.0, 135.25
2023-04-06, 03:30:58, 132.5, 52.0, 19.0, 26.0, 9999.0, 1.25, 1.5, 19.5, 9999.0, 9999.0, 9999.0, 121.25, 124.25, 120.5, 104.25, 135.25
2023-04-06, 03:31:02, 132.5, 52.0, 19.0, 26.25, 9999.0, 1.25, 1.5, 19.5, 9999.0, 9999.0, 9999.0, 121.25, 124.25, 120.25, 104.0, 135.25
2023-04-06, 03:31:06, 132.25, 52.0, 19.0, 25.75, 9999.0, 1.25, 1.25, 19.5, 9999.0, 9999.0, 9999.0, 121.25, 124.25, 120.5, 104.25, 135.25
2023-04-06, 03:31:10, 132.5, 52.0, 19.0, 25.75, 9999.0, 1.25, 1.5, 19.5, 9999.0, 9999.0, 9999.0, 121.0, 124.25, 120.25, 104.0, 135.25
2023-04-06, 03:31:14, 132.25, 52.0, 19.0, 26.0, 9999.0, 1.25, 1.5, 19.5, 9999.0, 9999.0, 9999.0, 121.0, 124.25, 120.25, 104.25, 135.25
2023-04-06, 03:31:18, 132.5, 52.0, 19.0, 26.0, 9999.0, 1.25, 1.5, 19.5, 9999.0, 9999.0, 9999.0, 121.0, 124.5, 120.25, 104.25, 135.25
2023-04-06, 03:31:22, 132.5, 52.0, 19.0, 26.0, 9999.0, 1.0, 1.5, 19.5, 9999.0, 9999.0, 9999.0, 121.0, 124.5, 120.25, 104.25, 135.25
2023-04-06, 03:31:26, 132.5, 52.0, 19.0, 26.0, 9999.0, 1.0, 1.25, 19.75, 9999.0, 9999.0, 9999.0, 121.0, 124.5, 120.5, 104.25, 135.25
2023-04-06, 03:31:30, 132.5, 52.0, 19.0, 26.25, 9999.0, 1.25, 1.5, 19.75, 9999.0, 9999.0, 9999.0, 121.0, 124.5, 120.5, 104.25, 135.25
2023-04-06, 03:31:34, 132.5, 52.0, 19.0, 26.0, 9999.0, 1.25, 1.5, 19.75, 9999.0, 9999.0, 9999.0, 120.75, 124.25, 120.5, 104.25, 135.25
2023-04-06, 03:31:38, 132.5, 52.0, 19.0, 26.0, 9999.0, 1.0, 1.25, 19.5, 9999.0, 9999.0, 9999.0, 120.75, 124.25, 120.25, 104.25, 135.25
2023-04-06, 03:31:42, 132.5, 52.0, 19.0, 26.0, 9999.0, 1.0, 1.25, 19.5, 9999.0, 9999.0, 9999.0, 120.75, 124.25, 120.5, 104.25, 135.25
2023-04-06, 03:31:46, 132.5, 52.0, 19.0, 26.0, 9999.0, 1.0, 1.5, 19.75, 9999.0, 9999.0, 9999.0, 120.75, 124.25, 120.5, 104.25, 135.25
2023-04-06, 03:31:50, 132.5, 52.0, 19.0, 26.0, 9999.0, 1.25, 1.5, 19.75, 9999.0, 9999.0, 9999.0, 120.75, 124.5, 120.5, 104.25, 135.25
2023-04-06, 03:31:54, 132.5, 52.0, 19.0, 26.0, 9999.0, 1.25, 1.25, 19.75, 9999.0, 9999.0, 9999.0, 120.75, 124.5, 120.5, 104.0, 135.25
2023-04-06, 03:31:58, 132.5, 52.0, 19.25, 25.75, 9999.0, 1.25, 1.25, 19.75, 9999.0, 9999.0, 9999.0, 120.75, 124.25, 120.25, 104.25, 135.25
2023-04-06, 03:32:03, 132.5, 52.0, 19.0, 26.0, 9999.0, 1.5, 1.5, 19.75, 9999.0, 9999.0, 9999.0, 120.5, 124.25, 120.5, 104.25, 135.25
2023-04-06, 03:32:07, 132.5, 52.0, 19.0, 25.75, 9999.0, 1.5, 1.5, 19.75, 9999.0, 9999.0, 9999.0, 120.5, 124.25, 120.5, 104.25, 135.25
2023-04-06, 03:32:11, 132.5, 52.0, 19.0, 26.0, 9999.0, 1.5, 1.5, 19.5, 9999.0, 9999.0, 9999.0, 121.5, 124.25, 120.5, 104.0, 135.25
2023-04-06, 03:32:15, 132.5, 52.0, 19.0, 26.0, 9999.0, 1.25, 1.5, 19.5, 9999.0, 9999.0, 9999.0, 121.25, 124.25, 120.5, 104.25, 135.25
2023-04-06, 03:32:19, 132.5, 52.0, 19.0, 26.0, 9999.0, 1.5, 1.5, 19.75, 9999.0, 9999.0, 9999.0, 121.25, 124.25, 120.25, 104.0, 135.25
2023-04-06, 03:32:23, 132.5, 52.0, 19.0, 26.0, 9999.0, 1.25, 1.5, 19.5, 9999.0, 9999.0, 9999.0, 121.25, 124.25, 120.25, 104.25, 135.25
2023-04-06, 03:32:27, 132.5, 52.0, 19.0, 25.75, 9999.0, 1.25, 1.5, 19.75, 9999.0, 9999.0, 9999.0, 121.25, 124.25, 120.25, 104.0, 135.25
2023-04-06, 03:32:31, 132.5, 52.0, 19.0, 25.75, 9999.0, 1.25, 1.5, 19.5, 9999.0, 9999.0, 9999.0, 121.0, 124.25, 120.5, 104.0, 135.25
2023-04-06, 03:32:35, 132.5, 52.0, 18.75, 26.0, 9999.0, 1.25, 1.5, 19.5, 9999.0, 9999.0, 9999.0, 121.0, 124.25, 120.5, 104.0, 135.25
2023-04-06, 03:32:39, 132.5, 52.0, 19.0, 26.0, 9999.0, 1.25, 1.5, 19.5, 9999.0, 9999.0, 9999.0, 121.0, 124.5, 120.5, 104.25, 135.25
2023-04-06, 03:32:43, 132.5, 52.0, 19.0, 26.0, 9999.0, 1.25, 1.5, 19.5, 9999.0, 9999.0, 9999.0, 121.0, 124.5, 120.25, 104.0, 135.25
2023-04-06, 03:32:47, 132.5, 52.0, 19.0, 26.0, 9999.0, 1.25, 1.5, 19.5, 9999.0, 9999.0, 9999.0, 121.0, 124.5, 120.5, 104.25, 135.25
2023-04-06, 03:32:51, 132.5, 52.0, 19.0, 26.25, 9999.0, 1.0, 1.5, 19.5, 9999.0, 9999.0, 9999.0, 121.0, 124.5, 120.25, 104.0, 135.25
2023-04-06, 03:32:55, 132.5, 52.0, 19.0, 26.25, 9999.0, 1.0, 1.5, 19.75, 9999.0, 9999.0, 9999.0, 120.75, 124.5, 120.5, 104.0, 135.25
2023-04-06, 03:32:59, 132.5, 52.0, 19.0, 26.25, 9999.0, 1.25, 1.5, 19.5, 9999.0, 9999.0, 9999.0, 121.0, 124.5, 120.25, 104.0, 135.25
2023-04-06, 03:33:03, 132.5, 52.0, 19.0, 26.0, 9999.0, 1.0, 1.25, 19.5, 9999.0, 9999.0, 9999.0, 121.0, 124.5, 120.5, 104.0, 135.25
2023-04-06, 03:33:07, 132.5, 52.0, 19.0, 26.25, 9999.0, 1.25, 1.5, 19.5, 9999.0, 9999.0, 9999.0, 120.75, 124.25, 120.5, 104.0, 135.25
2023-04-06, 03:33:11, 132.5, 52.0, 19.25, 26.25, 9999.0, 1.0, 1.5, 19.5, 9999.0, 9999.0, 9999.0, 120.75, 124.5, 120.5, 104.0, 135.25
2023-04-06, 03:33:15, 132.5, 52.0, 19.25, 26.0, 9999.0, 1.25, 1.5, 19.5, 9999.0, 9999.0, 9999.0, 120.75, 124.5, 120.5, 104.25, 135.25
2023-04-06, 03:33:19, 132.5, 52.0, 19.0, 26.25, 9999.0, 1.25, 1.5, 19.5, 9999.0, 9999.0, 9999.0, 120.75, 124.25, 120.5, 104.25, 135.25
2023-04-06, 03:33:23, 132.5, 52.0, 19.0, 26.25, 9999.0, 1.5, 1.5, 19.5, 9999.0, 9999.0, 9999.0, 120.5, 124.25, 120.5, 104.0, 135.25
2023-04-06, 03:33:27, 132.5, 52.0, 19.0, 26.0, 9999.0, 1.5, 1.5, 19.75, 9999.0, 9999.0, 9999.0, 120.5, 124.5, 120.5, 104.25, 135.25
2023-04-06, 03:33:31, 132.5, 52.0, 19.0, 26.25, 9999.0, 1.25, 1.5, 19.5, 9999.0, 9999.0, 9999.0, 121.5, 124.5, 120.5, 104.25, 135.25
2023-04-06, 03:33:35, 132.5, 52.0, 19.0, 26.0, 9999.0, 1.5, 1.5, 19.75, 9999.0, 9999.0, 9999.0, 121.5, 124.25, 120.5, 104.0, 135.25
2023-04-06, 03:33:39, 132.5, 52.0, 19.0, 26.0, 9999.0, 1.5, 1.5, 19.75, 9999.0, 9999.0, 9999.0, 121.25, 124.25, 120.5, 104.0, 135.25
2023-04-06, 03:33:43, 132.5, 52.0, 19.0, 25.75, 9999.0, 1.5, 1.5, 19.5, 9999.0, 9999.0, 9999.0, 121.25, 124.25, 120.5, 104.25, 135.25
2023-04-06, 03:33:47, 132.5, 52.0, 19.0, 26.0, 9999.0, 1.25, 1.5, 19.5, 9999.0, 9999.0, 9999.0, 121.25, 124.25, 120.5, 104.25, 135.25
2023-04-06, 03:33:51, 132.5, 52.0, 19.0, 25.75, 9999.0, 1.25, 1.5, 19.75, 9999.0, 9999.0, 9999.0, 121.25, 124.25, 120.25, 104.0, 135.25
2023-04-06, 03:33:55, 132.5, 52.0, 19.0, 26.0, 9999.0, 1.25, 1.5, 19.5, 9999.0, 9999.0, 9999.0, 121.0, 124.25, 120.5, 104.25, 135.25
2023-04-06, 03:33:59, 132.5, 52.0, 19.0, 25.75, 9999.0, 1.25, 1.5, 19.5, 9999.0, 9999.0, 9999.0, 121.0, 124.25, 120.5, 104.0, 135.25
2023-04-06, 03:34:03, 132.5, 52.0, 19.0, 26.0, 9999.0, 1.25, 1.5, 19.5, 9999.0, 9999.0, 9999.0, 121.25, 124.5, 120.5, 104.0, 135.25
2023-04-06, 03:34:07, 132.5, 52.0, 19.0, 26.0, 9999.0, 1.25, 1.5, 19.75, 9999.0, 9999.0, 9999.0, 121.0, 124.5, 120.5, 104.0, 135.25
2023-04-06, 03:34:11, 132.5, 52.0, 19.0, 26.0, 9999.0, 1.25, 1.5, 19.75, 9999.0, 9999.0, 9999.0, 121.0, 124.5, 120.5, 104.0, 135.25
2023-04-06, 03:34:15, 132.5, 52.0, 19.0, 26.0, 9999.0, 1.0, 1.5, 19.75, 9999.0, 9999.0, 9999.0, 121.0, 124.5, 120.5, 104.25, 135.25
2023-04-06, 03:34:19, 132.5, 52.0, 19.0, 26.25, 9999.0, 1.0, 1.5, 19.5, 9999.0, 9999.0, 9999.0, 121.0, 124.5, 120.5, 104.25, 135.25
2023-04-06, 03:34:23, 132.5, 52.0, 19.0, 26.25, 9999.0, 1.0, 1.25, 19.5, 9999.0, 9999.0, 9999.0, 121.0, 124.5, 120.5, 104.0, 135.25
2023-04-06, 03:34:27, 132.5, 52.0, 19.0, 26.0, 9999.0, 1.0, 1.5, 19.5, 9999.0, 9999.0, 9999.0, 120.75, 124.25, 120.25, 104.0, 135.25
2023-04-06, 03:34:31, 132.5, 52.0, 19.0, 25.5, 9999.0, 1.0, 1.5, 19.5, 9999.0, 9999.0, 9999.0, 120.75, 124.25, 120.5, 104.25, 135.25
2023-04-06, 03:34:35, 132.5, 52.0, 19.0, 25.75, 9999.0, 1.25, 1.5, 19.5, 9999.0, 9999.0, 9999.0, 120.75, 124.25, 120.5, 104.0, 135.25
2023-04-06, 03:34:39, 132.5, 52.0, 19.25, 25.75, 9999.0, 1.25, 1.5, 19.5, 9999.0, 9999.0, 9999.0, 120.75, 124.25, 120.5, 104.0, 135.25
2023-04-06, 03:34:43, 132.5, 52.0, 19.0, 26.0, 9999.0, 1.25, 1.5, 19.5, 9999.0, 9999.0, 9999.0, 120.75, 124.25, 120.5, 104.0, 135.25
2023-04-06, 03:34:47, 132.5, 52.0, 19.0, 26.0, 9999.0, 1.5, 1.5, 19.75, 9999.0, 9999.0, 9999.0, 120.75, 124.25, 120.5, 104.0, 135.25
2023-04-06, 03:34:51, 132.5, 52.0, 19.0, 26.0, 9999.0, 1.5, 1.5, 19.5, 9999.0, 9999.0, 9999.0, 121.5, 124.25, 120.5, 104.0, 135.25
2023-04-06, 03:34:55, 132.5, 52.0, 19.0, 26.0, 9999.0, 1.25, 1.5, 19.5, 9999.0, 9999.0, 9999.0, 121.25, 124.25, 120.5, 104.0, 135.25
2023-04-06, 03:34:59, 132.5, 52.0, 19.0, 26.0, 9999.0, 1.25, 1.5, 19.5, 9999.0, 9999.0, 9999.0, 121.25, 124.25, 120.5, 104.0, 135.25
2023-04-06, 03:35:03, 132.5, 52.0, 19.25, 26.25, 9999.0, 1.25, 1.5, 19.75, 9999.0, 9999.0, 9999.0, 121.25, 124.25, 120.5, 104.0, 135.25
2023-04-06, 03:35:07, 132.5, 52.0, 19.0, 26.0, 9999.0, 1.25, 1.5, 19.5, 9999.0, 9999.0, 9999.0, 121.25, 124.25, 120.25, 104.0, 135.25
2023-04-06, 03:35:11, 132.5, 52.0, 19.0, 26.25, 9999.0, 1.25, 1.5, 19.75, 9999.0, 9999.0, 9999.0, 121.0, 124.25, 120.25, 104.0, 135.25
2023-04-06, 03:35:15, 132.75, 52.0, 19.0, 26.0, 9999.0, 1.25, 1.5, 19.5, 9999.0, 9999.0, 9999.0, 121.0, 124.25, 120.5, 104.0, 135.25
2023-04-06, 03:35:19, 132.5, 52.0, 19.0, 26.0, 9999.0, 1.25, 1.5, 19.75, 9999.0, 9999.0, 9999.0, 121.0, 124.25, 120.25, 104.0, 135.25
2023-04-06, 03:35:23, 132.5, 52.0, 19.25, 25.75, 9999.0, 1.25, 1.5, 19.5, 9999.0, 9999.0, 9999.0, 121.0, 124.5, 120.25, 104.0, 135.25
2023-04-06, 03:35:27, 132.5, 52.0, 19.0, 25.75, 9999.0, 1.25, 1.5, 19.75, 9999.0, 9999.0, 9999.0, 121.0, 124.5, 120.5, 104.0, 135.25
2023-04-06, 03:35:31, 132.5, 52.0, 19.0, 25.75, 9999.0, 1.25, 1.5, 19.75, 9999.0, 9999.0, 9999.0, 121.0, 124.25, 120.5, 104.0, 135.25
2023-04-06, 03:35:35, 132.5, 52.0, 19.0, 25.75, 9999.0, 1.0, 1.5, 19.75, 9999.0, 9999.0, 9999.0, 121.0, 124.5, 120.25, 104.0, 135.25
2023-04-06, 03:35:39, 132.5, 52.0, 19.0, 25.75, 9999.0, 1.0, 1.5, 19.75, 9999.0, 9999.0, 9999.0, 121.0, 124.5, 120.5, 104.0, 135.25
2023-04-06, 03:35:43, 132.5, 52.0, 19.0, 26.0, 9999.0, 1.0, 1.5, 19.5, 9999.0, 9999.0, 9999.0, 121.0, 124.25, 120.25, 104.0, 135.25
2023-04-06, 03:35:47, 132.5, 52.0, 19.0, 26.0, 9999.0, 1.0, 1.5, 19.5, 9999.0, 9999.0, 9999.0, 121.0, 124.25, 120.5, 104.0, 135.25
2023-04-06, 03:35:51, 132.5, 52.0, 19.0, 26.0, 9999.0, 1.0, 1.5, 19.75, 9999.0, 9999.0, 9999.0, 120.75, 124.25, 120.5, 104.0, 135.25
2023-04-06, 03:35:55, 132.5, 52.0, 19.0, 25.75, 9999.0, 1.25, 1.5, 19.75, 9999.0, 9999.0, 9999.0, 120.75, 124.5, 120.5, 104.0, 135.25
2023-04-06, 03:35:59, 132.5, 52.0, 19.0, 26.0, 9999.0, 1.25, 1.25, 19.75, 9999.0, 9999.0, 9999.0, 120.75, 124.25, 120.5, 104.0, 135.25
2023-04-06, 03:36:03, 132.5, 52.0, 19.0, 26.0, 9999.0, 1.25, 1.5, 19.5, 9999.0, 9999.0, 9999.0, 120.5, 124.25, 120.5, 104.0, 135.25
2023-04-06, 03:36:07, 132.5, 52.0, 19.0, 26.25, 9999.0, 1.5, 1.5, 19.75, 9999.0, 9999.0, 9999.0, 120.75, 124.25, 120.5, 104.0, 135.25
2023-04-06, 03:36:11, 132.5, 52.0, 19.0, 26.0, 9999.0, 1.5, 1.5, 19.75, 9999.0, 9999.0, 9999.0, 120.75, 124.25, 120.5, 104.0, 135.25
2023-04-06, 03:36:15, 132.5, 52.0, 19.0, 26.0, 9999.0, 1.5, 1.5, 19.75, 9999.0, 9999.0, 9999.0, 121.5, 124.25, 120.5, 104.0, 135.25
2023-04-06, 03:36:19, 132.5, 52.0, 19.0, 26.25, 9999.0, 1.5, 1.5, 19.75, 9999.0, 9999.0, 9999.0, 121.25, 124.25, 120.5, 104.0, 135.25
2023-04-06, 03:36:23, 132.5, 52.0, 19.0, 26.25, 9999.0, 1.25, 1.5, 19.5, 9999.0, 9999.0, 9999.0, 121.25, 124.25, 120.25, 104.0, 135.25
2023-04-06, 03:36:28, 132.5, 52.0, 19.0, 26.0, 9999.0, 1.25, 1.5, 19.75, 9999.0, 9999.0, 9999.0, 121.25, 124.25, 120.5, 104.0, 135.25
2023-04-06, 03:36:32, 132.5, 52.0, 19.0, 25.75, 9999.0, 1.25, 1.5, 19.75, 9999.0, 9999.0, 9999.0, 121.0, 124.25, 120.5, 104.0, 135.25
2023-04-06, 03:36:36, 132.5, 52.0, 19.0, 25.75, 9999.0, 1.25, 1.5, 19.75, 9999.0, 9999.0, 9999.0, 121.0, 124.25, 120.25, 104.0, 135.25
2023-04-06, 03:36:40, 132.5, 52.0, 18.75, 26.0, 9999.0, 1.25, 1.5, 19.75, 9999.0, 9999.0, 9999.0, 121.0, 124.25, 120.25, 104.0, 135.25
2023-04-06, 03:36:44, 132.5, 52.0, 19.0, 26.0, 9999.0, 1.25, 1.5, 19.5, 9999.0, 9999.0, 9999.0, 121.0, 124.5, 120.5, 104.0, 135.25
2023-04-06, 03:36:48, 132.5, 52.0, 19.0, 26.25, 9999.0, 1.25, 1.5, 19.5, 9999.0, 9999.0, 9999.0, 121.0, 124.5, 120.5, 104.0, 135.25
2023-04-06, 03:36:52, 132.5, 52.0, 19.0, 26.0, 9999.0, 1.0, 1.5, 19.5, 9999.0, 9999.0, 9999.0, 121.0, 124.5, 120.5, 104.0, 135.25
2023-04-06, 03:36:56, 132.5, 52.0, 19.0, 25.75, 9999.0, 1.25, 1.5, 19.75, 9999.0, 9999.0, 9999.0, 121.0, 124.5, 120.5, 104.0, 135.25
2023-04-06, 03:37:00, 132.5, 52.0, 19.0, 25.75, 9999.0, 1.25, 1.5, 19.75, 9999.0, 9999.0, 9999.0, 121.0, 124.5, 120.5, 104.0, 135.25
2023-04-06, 03:37:04, 132.5, 52.0, 19.0, 25.75, 9999.0, 1.0, 1.5, 19.5, 9999.0, 9999.0, 9999.0, 121.0, 124.5, 120.25, 104.0, 135.25
2023-04-06, 03:37:08, 132.5, 52.0, 19.0, 25.75, 9999.0, 1.0, 1.5, 19.5, 9999.0, 9999.0, 9999.0, 120.75, 124.5, 120.5, 104.0, 135.25
2023-04-06, 03:37:12, 132.5, 52.0, 19.0, 26.0, 9999.0, 1.0, 1.5, 19.5, 9999.0, 9999.0, 9999.0, 120.75, 124.25, 120.5, 104.0, 135.25
2023-04-06, 03:37:16, 132.5, 52.0, 19.0, 26.0, 9999.0, 1.0, 1.5, 19.5, 9999.0, 9999.0, 9999.0, 120.75, 124.5, 120.5, 104.0, 135.25
2023-04-06, 03:37:20, 132.5, 52.0, 19.0, 26.0, 9999.0, 1.25, 1.5, 19.5, 9999.0, 9999.0, 9999.0, 120.75, 124.25, 120.5, 104.0, 135.25
2023-04-06, 03:37:24, 132.5, 52.0, 19.0, 26.0, 9999.0, 1.25, 1.5, 19.75, 9999.0, 9999.0, 9999.0, 120.75, 124.25, 120.5, 104.0, 135.25
2023-04-06, 03:37:28, 132.5, 52.0, 19.0, 25.75, 9999.0, 1.5, 1.5, 19.75, 9999.0, 9999.0, 9999.0, 120.75, 124.25, 120.25, 104.0, 135.25
2023-04-06, 03:37:32, 132.5, 52.0, 19.0, 25.75, 9999.0, 1.5, 1.5, 19.5, 9999.0, 9999.0, 9999.0, 120.75, 124.25, 120.5, 104.0, 135.25
2023-04-06, 03:37:36, 132.5, 52.0, 19.0, 26.0, 9999.0, 1.5, 1.5, 19.5, 9999.0, 9999.0, 9999.0, 121.25, 124.25, 120.5, 104.0, 135.25
2023-04-06, 03:37:40, 132.5, 52.0, 19.0, 26.0, 9999.0, 1.25, 1.5, 19.75, 9999.0, 9999.0, 9999.0, 121.25, 124.25, 120.25, 104.0, 135.25
2023-04-06, 03:37:44, 132.5, 52.0, 19.0, 26.0, 9999.0, 1.5, 1.5, 19.75, 9999.0, 9999.0, 9999.0, 121.25, 124.25, 120.25, 104.0, 135.25
2023-04-06, 03:37:48, 132.5, 52.0, 19.0, 26.0, 9999.0, 1.25, 1.5, 19.75, 9999.0, 9999.0, 9999.0, 121.25, 124.25, 120.25, 104.0, 135.25
2023-04-06, 03:37:52, 132.5, 52.0, 19.0, 26.0, 9999.0, 1.25, 1.5, 19.5, 9999.0, 9999.0, 9999.0, 121.25, 124.25, 120.5, 104.0, 135.25
2023-04-06, 03:37:56, 132.5, 52.0, 19.0, 25.75, 9999.0, 1.25, 1.5, 19.75, 9999.0, 9999.0, 9999.0, 121.0, 124.25, 120.25, 104.0, 135.25
2023-04-06, 03:38:00, 132.5, 52.0, 19.0, 25.75, 9999.0, 1.25, 1.5, 19.5, 9999.0, 9999.0, 9999.0, 121.0, 124.25, 120.25, 104.0, 135.25
2023-04-06, 03:38:04, 132.5, 52.0, 19.0, 25.75, 9999.0, 1.25, 1.5, 19.5, 9999.0, 9999.0, 9999.0, 121.0, 124.5, 120.25, 104.0, 135.25
2023-04-06, 03:38:08, 132.5, 52.0, 19.0, 25.75, 9999.0, 1.25, 1.5, 19.5, 9999.0, 9999.0, 9999.0, 121.0, 124.5, 120.25, 104.0, 135.25
2023-04-06, 03:38:12, 132.5, 52.0, 19.0, 26.0, 9999.0, 1.25, 1.5, 19.5, 9999.0, 9999.0, 9999.0, 121.0, 124.5, 120.5, 104.0, 135.25
2023-04-06, 03:38:16, 132.5, 52.0, 19.0, 26.0, 9999.0, 1.0, 1.5, 19.75, 9999.0, 9999.0, 9999.0, 121.0, 124.25, 120.5, 104.0, 135.25
2023-04-06, 03:38:20, 132.5, 52.0, 19.0, 25.75, 9999.0, 1.0, 1.5, 19.5, 9999.0, 9999.0, 9999.0, 121.0, 124.25, 120.25, 104.0, 135.25
2023-04-06, 03:38:24, 132.5, 52.0, 19.0, 25.75, 9999.0, 1.0, 1.5, 19.75, 9999.0, 9999.0, 9999.0, 121.0, 124.25, 120.5, 104.0, 135.25
2023-04-06, 03:38:28, 132.5, 52.0, 19.0, 25.75, 9999.0, 1.0, 1.5, 19.5, 9999.0, 9999.0, 9999.0, 120.75, 124.5, 120.25, 104.0, 135.25
2023-04-06, 03:38:32, 132.5, 52.0, 19.0, 25.75, 9999.0, 1.0, 1.25, 19.5, 9999.0, 9999.0, 9999.0, 120.75, 124.25, 120.25, 104.0, 135.25
2023-04-06, 03:38:36, 132.5, 52.0, 19.0, 25.75, 9999.0, 1.0, 1.25, 19.5, 9999.0, 9999.0, 9999.0, 120.75, 124.25, 120.5, 104.0, 135.25
2023-04-06, 03:38:40, 132.5, 52.0, 19.0, 26.0, 9999.0, 1.25, 1.25, 19.5, 9999.0, 9999.0, 9999.0, 120.75, 124.25, 120.5, 104.0, 135.25
2023-04-06, 03:38:44, 132.5, 52.0, 19.0, 26.0, 9999.0, 1.25, 1.25, 19.75, 9999.0, 9999.0, 9999.0, 120.75, 124.25, 120.5, 104.0, 135.25
2023-04-06, 03:38:48, 132.5, 52.0, 19.0, 26.0, 9999.0, 1.25, 1.5, 19.75, 9999.0, 9999.0, 9999.0, 120.75, 124.25, 120.5, 104.0, 135.25
2023-04-06, 03:38:52, 132.5, 52.0, 19.0, 26.0, 9999.0, 1.5, 1.5, 19.75, 9999.0, 9999.0, 9999.0, 120.5, 124.25, 120.5, 104.0, 135.25
2023-04-06, 03:38:56, 132.5, 52.0, 19.0, 26.0, 9999.0, 1.5, 1.5, 19.5, 9999.0, 9999.0, 9999.0, 121.5, 124.25, 120.25, 104.0, 135.25
2023-04-06, 03:39:00, 132.5, 52.0, 19.0, 26.0, 9999.0, 1.5, 1.5, 19.75, 9999.0, 9999.0, 9999.0, 121.25, 124.25, 120.5, 104.0, 135.25
2023-04-06, 03:39:04, 132.5, 52.0, 19.0, 26.0, 9999.0, 1.25, 1.5, 19.5, 9999.0, 9999.0, 9999.0, 121.25, 124.25, 120.25, 104.0, 135.25
2023-04-06, 03:39:08, 132.5, 52.0, 19.0, 26.0, 9999.0, 1.25, 1.5, 19.75, 9999.0, 9999.0, 9999.0, 121.25, 124.25, 120.25, 104.0, 135.25
2023-04-06, 03:39:12, 132.5, 52.0, 19.0, 26.0, 9999.0, 1.25, 1.5, 19.75, 9999.0, 9999.0, 9999.0, 121.25, 124.25, 120.25, 104.0, 135.25
2023-04-06, 03:39:16, 132.5, 52.0, 19.0, 26.0, 9999.0, 1.25, 1.5, 19.75, 9999.0, 9999.0, 9999.0, 121.0, 124.25, 120.25, 104.0, 135.25
2023-04-06, 03:39:20, 132.5, 52.0, 19.0, 26.0, 9999.0, 1.25, 1.5, 19.5, 9999.0, 9999.0, 9999.0, 121.0, 124.25, 120.25, 104.0, 135.25
2023-04-06, 03:39:24, 132.5, 52.0, 19.0, 26.0, 9999.0, 1.25, 1.5, 19.75, 9999.0, 9999.0, 9999.0, 121.0, 124.25, 120.25, 104.0, 135.25
2023-04-06, 03:39:28, 132.5, 52.0, 19.25, 26.0, 9999.0, 1.25, 1.5, 19.5, 9999.0, 9999.0, 9999.0, 121.0, 124.5, 120.5, 104.0, 135.25
2023-04-06, 03:39:32, 132.5, 52.0, 19.25, 26.0, 9999.0, 1.25, 1.5, 19.5, 9999.0, 9999.0, 9999.0, 121.0, 124.5, 120.25, 104.0, 135.25
2023-04-06, 03:39:36, 132.5, 52.0, 19.0, 26.0, 9999.0, 1.25, 1.25, 19.75, 9999.0, 9999.0, 9999.0, 121.0, 124.25, 120.25, 104.0, 135.25
2023-04-06, 03:39:40, 132.5, 52.0, 19.0, 26.0, 9999.0, 1.0, 1.5, 19.75, 9999.0, 9999.0, 9999.0, 121.0, 124.25, 120.25, 104.0, 135.25
2023-04-06, 03:39:44, 132.5, 52.0, 19.0, 26.25, 9999.0, 1.25, 1.5, 19.5, 9999.0, 9999.0, 9999.0, 120.75, 124.25, 120.25, 104.0, 135.25
2023-04-06, 03:39:48, 132.5, 52.0, 19.0, 26.0, 9999.0, 1.0, 1.5, 19.75, 9999.0, 9999.0, 9999.0, 120.75, 124.25, 120.25, 104.0, 135.25
2023-04-06, 03:39:52, 132.5, 52.0, 19.0, 26.0, 9999.0, 1.0, 1.5, 19.75, 9999.0, 9999.0, 9999.0, 120.75, 124.25, 120.25, 104.0, 135.25
2023-04-06, 03:39:56, 132.5, 52.0, 19.0, 26.0, 9999.0, 1.0, 1.5, 19.75, 9999.0, 9999.0, 9999.0, 120.75, 124.5, 120.5, 104.0, 135.25
2023-04-06, 03:40:00, 132.5, 52.0, 19.0, 26.0, 9999.0, 1.25, 1.25, 19.75, 9999.0, 9999.0, 9999.0, 120.75, 124.25, 120.25, 104.0, 135.25
2023-04-06, 03:40:04, 132.5, 52.0, 19.0, 26.0, 9999.0, 1.25, 1.5, 19.75, 9999.0, 9999.0, 9999.0, 120.75, 124.25, 120.25, 104.0, 135.25
2023-04-06, 03:40:08, 132.5, 52.0, 19.0, 26.0, 9999.0, 1.5, 1.5, 19.75, 9999.0, 9999.0, 9999.0, 120.75, 124.25, 120.5, 104.0, 135.25
2023-04-06, 03:40:12, 132.5, 52.0, 19.0, 26.0, 9999.0, 1.5, 1.5, 19.75, 9999.0, 9999.0, 9999.0, 120.5, 124.25, 120.5, 104.0, 135.25
2023-04-06, 03:40:16, 132.5, 52.0, 19.0, 26.0, 9999.0, 1.25, 1.5, 19.75, 9999.0, 9999.0, 9999.0, 121.25, 124.25, 120.25, 104.0, 135.25
2023-04-06, 03:40:20, 132.5, 52.0, 19.0, 26.0, 9999.0, 1.5, 1.5, 19.5, 9999.0, 9999.0, 9999.0, 121.25, 124.25, 120.25, 104.0, 135.25
2023-04-06, 03:40:24, 132.5, 52.0, 19.0, 26.0, 9999.0, 1.5, 1.5, 19.75, 9999.0, 9999.0, 9999.0, 121.25, 124.25, 120.25, 104.0, 135.25
2023-04-06, 03:40:28, 132.5, 52.0, 19.0, 26.0, 9999.0, 1.25, 1.5, 19.75, 9999.0, 9999.0, 9999.0, 121.25, 124.25, 120.5, 104.25, 135.25
2023-04-06, 03:40:32, 132.5, 52.0, 19.0, 26.0, 9999.0, 1.25, 1.5, 19.75, 9999.0, 9999.0, 9999.0, 121.25, 124.25, 120.5, 104.0, 135.25
2023-04-06, 03:40:36, 132.5, 52.0, 19.0, 26.0, 9999.0, 1.25, 1.5, 19.75, 9999.0, 9999.0, 9999.0, 121.0, 124.25, 120.25, 104.0, 135.25
2023-04-06, 03:40:40, 132.5, 52.0, 19.0, 26.0, 9999.0, 1.25, 1.5, 19.75, 9999.0, 9999.0, 9999.0, 121.0, 124.25, 120.25, 104.0, 135.25
2023-04-06, 03:40:44, 132.5, 52.0, 19.0, 26.0, 9999.0, 1.25, 1.5, 19.75, 9999.0, 9999.0, 9999.0, 121.0, 124.5, 120.25, 104.0, 135.25
2023-04-06, 03:40:48, 132.5, 52.0, 19.0, 26.0, 9999.0, 1.25, 1.5, 19.75, 9999.0, 9999.0, 9999.0, 121.0, 124.5, 120.5, 104.0, 135.25
2023-04-06, 03:40:53, 132.5, 52.0, 19.25, 26.25, 9999.0, 1.25, 1.5, 19.5, 9999.0, 9999.0, 9999.0, 121.0, 124.5, 120.5, 104.0, 135.25
2023-04-06, 03:40:57, 132.5, 52.0, 19.0, 26.0, 9999.0, 1.25, 1.5, 19.75, 9999.0, 9999.0, 9999.0, 121.0, 124.5, 120.25, 104.0, 135.25
2023-04-06, 03:41:01, 132.5, 52.0, 19.0, 26.0, 9999.0, 1.25, 1.5, 19.75, 9999.0, 9999.0, 9999.0, 121.0, 124.5, 120.5, 104.0, 135.25
2023-04-06, 03:41:05, 132.5, 52.0, 19.0, 26.0, 9999.0, 1.0, 1.5, 19.75, 9999.0, 9999.0, 9999.0, 121.0, 124.5, 120.25, 104.0, 135.25
2023-04-06, 03:41:09, 132.5, 52.0, 19.0, 26.0, 9999.0, 1.0, 1.5, 19.75, 9999.0, 9999.0, 9999.0, 120.75, 124.5, 120.25, 104.0, 135.25
2023-04-06, 03:41:13, 132.5, 52.0, 19.0, 26.25, 9999.0, 1.0, 1.5, 19.75, 9999.0, 9999.0, 9999.0, 121.0, 124.5, 120.25, 104.0, 135.25
2023-04-06, 03:41:17, 132.5, 52.0, 19.0, 26.0, 9999.0, 1.0, 1.5, 19.75, 9999.0, 9999.0, 9999.0, 120.75, 124.5, 120.5, 104.0, 135.25
2023-04-06, 03:41:21, 132.5, 52.0, 19.25, 26.0, 9999.0, 1.25, 1.5, 19.75, 9999.0, 9999.0, 9999.0, 120.75, 124.5, 120.5, 104.0, 135.25
2023-04-06, 03:41:25, 132.5, 52.0, 19.25, 26.0, 9999.0, 1.25, 1.5, 19.75, 9999.0, 9999.0, 9999.0, 120.75, 124.25, 120.5, 104.0, 135.25
2023-04-06, 03:41:29, 132.5, 52.0, 19.0, 26.0, 9999.0, 1.5, 1.5, 19.75, 9999.0, 9999.0, 9999.0, 120.75, 124.5, 120.5, 104.0, 135.25
2023-04-06, 03:41:33, 132.5, 52.0, 19.0, 26.0, 9999.0, 1.5, 1.5, 19.75, 9999.0, 9999.0, 9999.0, 120.5, 124.5, 120.5, 104.0, 135.25
2023-04-06, 03:41:37, 132.5, 52.0, 19.0, 26.0, 9999.0, 1.5, 1.5, 19.75, 9999.0, 9999.0, 9999.0, 121.5, 124.25, 120.5, 104.0, 135.25
2023-04-06, 03:41:41, 132.5, 52.0, 19.0, 26.25, 9999.0, 1.5, 1.5, 19.75, 9999.0, 9999.0, 9999.0, 121.25, 124.25, 120.25, 104.0, 135.25
2023-04-06, 03:41:45, 132.5, 52.0, 19.25, 26.0, 9999.0, 1.5, 1.5, 19.75, 9999.0, 9999.0, 9999.0, 121.25, 124.25, 120.5, 104.0, 135.25
2023-04-06, 03:41:49, 132.5, 52.0, 19.25, 26.25, 9999.0, 1.25, 1.5, 19.75, 9999.0, 9999.0, 9999.0, 121.25, 124.25, 120.25, 104.0, 135.25
2023-04-06, 03:41:53, 132.5, 52.0, 19.25, 26.0, 9999.0, 1.5, 1.5, 19.75, 9999.0, 9999.0, 9999.0, 121.25, 124.25, 120.5, 104.0, 135.25
2023-04-06, 03:41:57, 132.5, 52.0, 19.25, 26.0, 9999.0, 1.25, 1.5, 19.75, 9999.0, 9999.0, 9999.0, 121.25, 124.25, 120.25, 104.0, 135.25
2023-04-06, 03:42:01, 132.5, 52.0, 19.0, 26.0, 9999.0, 1.25, 1.5, 19.75, 9999.0, 9999.0, 9999.0, 121.0, 124.25, 120.25, 104.25, 135.25
2023-04-06, 03:42:05, 132.5, 52.0, 19.25, 26.25, 9999.0, 1.25, 1.5, 19.75, 9999.0, 9999.0, 9999.0, 121.0, 124.25, 120.25, 104.25, 135.25
2023-04-06, 03:42:09, 132.5, 52.0, 19.0, 26.0, 9999.0, 1.25, 1.5, 19.75, 9999.0, 9999.0, 9999.0, 121.0, 124.5, 120.5, 104.0, 135.25
2023-04-06, 03:42:13, 132.5, 52.0, 19.0, 26.25, 9999.0, 1.25, 1.5, 19.75, 9999.0, 9999.0, 9999.0, 121.0, 124.5, 120.5, 104.25, 135.25
2023-04-06, 03:42:17, 132.5, 52.0, 19.0, 26.25, 9999.0, 1.25, 1.5, 19.75, 9999.0, 9999.0, 9999.0, 121.0, 124.5, 120.5, 104.25, 135.25
2023-04-06, 03:42:21, 132.5, 52.0, 19.0, 26.25, 9999.0, 1.25, 1.5, 19.75, 9999.0, 9999.0, 9999.0, 121.0, 124.5, 120.25, 104.25, 135.25
2023-04-06, 03:42:25, 132.5, 52.0, 19.0, 26.5, 9999.0, 1.25, 1.5, 19.75, 9999.0, 9999.0, 9999.0, 121.0, 124.5, 120.5, 104.25, 135.25
2023-04-06, 03:42:29, 132.5, 52.0, 19.0, 26.25, 9999.0, 1.0, 1.5, 19.75, 9999.0, 9999.0, 9999.0, 120.75, 124.5, 120.5, 104.25, 135.25
2023-04-06, 03:42:33, 132.75, 52.0, 19.25, 26.25, 9999.0, 1.0, 1.5, 19.75, 9999.0, 9999.0, 9999.0, 120.75, 124.5, 120.5, 104.25, 135.25
2023-04-06, 03:42:37, 132.5, 52.0, 19.25, 26.25, 9999.0, 1.0, 1.5, 19.75, 9999.0, 9999.0, 9999.0, 120.75, 124.5, 120.5, 104.0, 135.25
2023-04-06, 03:42:41, 132.75, 52.0, 19.25, 26.25, 9999.0, 1.25, 1.5, 19.75, 9999.0, 9999.0, 9999.0, 120.75, 124.5, 120.5, 104.25, 135.25
2023-04-06, 03:42:45, 132.5, 52.0, 19.25, 26.25, 9999.0, 1.25, 1.5, 19.75, 9999.0, 9999.0, 9999.0, 120.75, 124.5, 120.5, 104.0, 135.25
2023-04-06, 03:42:49, 132.5, 52.0, 19.0, 26.25, 9999.0, 1.25, 1.5, 19.75, 9999.0, 9999.0, 9999.0, 120.75, 124.5, 120.5, 104.25, 135.25
2023-04-06, 03:42:53, 132.5, 52.0, 19.25, 26.0, 9999.0, 1.5, 1.5, 19.75, 9999.0, 9999.0, 9999.0, 120.75, 124.25, 120.5, 104.0, 135.25
2023-04-06, 03:42:57, 132.5, 52.25, 19.25, 25.75, 9999.0, 1.5, 1.5, 19.75, 9999.0, 9999.0, 9999.0, 121.5, 124.25, 120.5, 104.0, 135.25
2023-04-06, 03:43:01, 132.75, 52.0, 19.25, 26.0, 9999.0, 1.5, 1.5, 19.75, 9999.0, 9999.0, 9999.0, 121.5, 124.25, 120.5, 104.0, 135.25
2023-04-06, 03:43:05, 132.75, 52.0, 19.0, 26.0, 9999.0, 1.5, 1.5, 19.75, 9999.0, 9999.0, 9999.0, 121.25, 124.25, 120.5, 104.25, 135.25
2023-04-06, 03:43:09, 132.5, 52.0, 19.0, 26.0, 9999.0, 1.5, 1.5, 19.75, 9999.0, 9999.0, 9999.0, 121.25, 124.5, 120.5, 104.25, 135.25
2023-04-06, 03:43:13, 132.5, 52.0, 19.0, 26.0, 9999.0, 1.5, 1.5, 19.75, 9999.0, 9999.0, 9999.0, 121.25, 124.5, 120.5, 104.0, 135.25
2023-04-06, 03:43:17, 132.5, 52.0, 19.0, 26.25, 9999.0, 1.25, 1.5, 19.75, 9999.0, 9999.0, 9999.0, 121.25, 124.25, 120.5, 104.25, 135.25
2023-04-06, 03:43:21, 132.75, 52.0, 19.25, 26.25, 9999.0, 1.25, 1.5, 19.75, 9999.0, 9999.0, 9999.0, 121.25, 124.25, 120.5, 104.0, 135.25
2023-04-06, 03:43:25, 132.5, 52.0, 19.25, 26.25, 9999.0, 1.25, 1.5, 19.75, 9999.0, 9999.0, 9999.0, 121.0, 124.25, 120.25, 104.0, 135.25
2023-04-06, 03:43:29, 132.5, 52.0, 19.25, 26.25, 9999.0, 1.25, 1.5, 19.75, 9999.0, 9999.0, 9999.0, 121.25, 124.5, 120.5, 104.25, 135.25
2023-04-06, 03:43:33, 132.75, 52.0, 19.25, 26.25, 9999.0, 1.25, 1.5, 19.75, 9999.0, 9999.0, 9999.0, 121.0, 124.5, 120.5, 104.25, 135.25
2023-04-06, 03:43:37, 132.5, 52.25, 19.0, 26.25, 9999.0, 1.25, 1.5, 19.75, 9999.0, 9999.0, 9999.0, 121.0, 124.5, 120.5, 104.25, 135.25
2023-04-06, 03:43:41, 132.75, 52.0, 19.0, 26.25, 9999.0, 1.25, 1.5, 19.75, 9999.0, 9999.0, 9999.0, 121.0, 124.5, 120.5, 104.25, 135.5
2023-04-06, 03:43:45, 132.75, 52.25, 19.0, 26.25, 9999.0, 1.25, 1.5, 19.75, 9999.0, 9999.0, 9999.0, 121.0, 124.5, 120.5, 104.25, 135.25
2023-04-06, 03:43:49, 132.75, 52.0, 19.25, 26.25, 9999.0, 1.25, 1.5, 19.75, 9999.0, 9999.0, 9999.0, 121.0, 124.5, 120.5, 104.25, 135.25
2023-04-06, 03:43:53, 132.5, 52.25, 19.25, 26.0, 9999.0, 1.25, 1.5, 19.75, 9999.0, 9999.0, 9999.0, 120.75, 124.5, 120.5, 104.25, 135.5
2023-04-06, 03:43:57, 132.5, 52.0, 19.25, 26.25, 9999.0, 1.0, 1.5, 19.75, 9999.0, 9999.0, 9999.0, 120.75, 124.5, 120.5, 104.25, 135.5
2023-04-06, 03:44:01, 132.75, 52.0, 19.25, 26.0, 9999.0, 1.5, 1.5, 19.75, 9999.0, 9999.0, 9999.0, 120.75, 124.5, 120.5, 104.25, 135.5
2023-04-06, 03:44:05, 132.75, 52.25, 19.25, 26.25, 9999.0, 1.5, 1.5, 19.75, 9999.0, 9999.0, 9999.0, 120.75, 124.5, 120.5, 104.25, 135.25
2023-04-06, 03:44:09, 132.5, 52.25, 19.0, 26.25, 9999.0, 1.25, 1.5, 19.75, 9999.0, 9999.0, 9999.0, 120.75, 124.5, 120.5, 104.25, 135.25
2023-04-06, 03:44:13, 132.75, 52.25, 19.25, 26.25, 9999.0, 1.5, 1.5, 19.75, 9999.0, 9999.0, 9999.0, 120.75, 124.5, 120.5, 104.25, 135.25
2023-04-06, 03:44:17, 132.75, 52.25, 19.25, 26.25, 9999.0, 1.5, 1.5, 19.75, 9999.0, 9999.0, 9999.0, 120.75, 124.5, 120.5, 104.25, 135.25
2023-04-06, 03:44:21, 132.75, 52.25, 19.0, 26.0, 9999.0, 1.5, 1.5, 19.75, 9999.0, 9999.0, 9999.0, 121.5, 124.5, 120.5, 104.25, 135.5
2023-04-06, 03:44:25, 132.75, 52.25, 19.25, 26.25, 9999.0, 1.5, 1.5, 19.75, 9999.0, 9999.0, 9999.0, 121.25, 124.25, 120.25, 104.25, 135.25
2023-04-06, 03:44:29, 132.5, 52.0, 19.25, 26.25, 9999.0, 1.5, 1.5, 19.75, 9999.0, 9999.0, 9999.0, 121.25, 124.5, 120.5, 104.25, 135.25
2023-04-06, 03:44:33, 132.5, 52.0, 19.25, 26.0, 9999.0, 1.5, 1.5, 19.75, 9999.0, 9999.0, 9999.0, 121.25, 124.25, 120.5, 104.25, 135.25
2023-04-06, 03:44:37, 132.5, 52.0, 19.0, 26.25, 9999.0, 1.5, 1.5, 19.75, 9999.0, 9999.0, 9999.0, 121.25, 124.25, 120.5, 104.25, 135.25
2023-04-06, 03:44:41, 132.5, 52.25, 19.0, 26.0, 9999.0, 1.25, 1.5, 19.75, 9999.0, 9999.0, 9999.0, 121.25, 124.25, 120.5, 104.25, 135.25
2023-04-06, 03:44:45, 132.75, 52.25, 19.0, 26.0, 9999.0, 1.25, 1.5, 19.75, 9999.0, 9999.0, 9999.0, 121.0, 124.25, 120.5, 104.25, 135.25
2023-04-06, 03:44:49, 132.75, 52.0, 19.25, 26.25, 9999.0, 1.25, 1.5, 19.75, 9999.0, 9999.0, 9999.0, 121.25, 124.5, 120.5, 104.25, 135.25
2023-04-06, 03:44:53, 132.75, 52.25, 19.25, 26.25, 9999.0, 1.25, 1.5, 19.75, 9999.0, 9999.0, 9999.0, 121.0, 124.5, 120.5, 104.25, 135.25
2023-04-06, 03:44:57, 132.75, 52.25, 19.25, 26.25, 9999.0, 1.25, 1.5, 19.75, 9999.0, 9999.0, 9999.0, 121.0, 124.5, 120.5, 104.25, 135.5
2023-04-06, 03:45:01, 132.75, 52.25, 19.25, 26.25, 9999.0, 1.25, 1.5, 19.75, 9999.0, 9999.0, 9999.0, 121.0, 124.5, 120.5, 104.25, 135.25
2023-04-06, 03:45:05, 132.75, 52.0, 19.0, 26.0, 9999.0, 1.25, 1.5, 19.75, 9999.0, 9999.0, 9999.0, 121.0, 124.5, 120.25, 104.25, 135.25
2023-04-06, 03:45:09, 132.5, 52.25, 19.25, 26.0, 9999.0, 1.25, 1.5, 19.75, 9999.0, 9999.0, 9999.0, 121.0, 124.5, 120.5, 104.25, 135.25
2023-04-06, 03:45:13, 132.75, 52.0, 19.0, 26.25, 9999.0, 1.25, 1.5, 19.75, 9999.0, 9999.0, 9999.0, 121.0, 124.5, 120.5, 104.25, 135.25
2023-04-06, 03:45:17, 132.5, 52.25, 19.25, 26.0, 9999.0, 1.25, 1.5, 19.75, 9999.0, 9999.0, 9999.0, 120.75, 124.5, 120.5, 104.25, 135.5
2023-04-06, 03:45:22, 132.5, 52.0, 19.25, 26.25, 9999.0, 1.25, 1.5, 19.75, 9999.0, 9999.0, 9999.0, 120.75, 124.5, 120.5, 104.25, 135.25
2023-04-06, 03:45:26, 132.75, 52.0, 19.25, 26.0, 9999.0, 1.5, 1.5, 19.75, 9999.0, 9999.0, 9999.0, 120.75, 124.5, 120.5, 104.25, 135.25
2023-04-06, 03:45:30, 132.75, 52.25, 19.25, 26.0, 9999.0, 1.25, 1.5, 19.75, 9999.0, 9999.0, 9999.0, 120.75, 124.5, 120.5, 104.25, 135.25
2023-04-06, 03:45:34, 132.5, 52.0, 19.0, 26.0, 9999.0, 1.5, 1.5, 19.75, 9999.0, 9999.0, 9999.0, 120.75, 124.5, 120.5, 104.25, 135.25
2023-04-06, 03:45:38, 132.75, 52.25, 19.25, 26.25, 9999.0, 1.5, 1.5, 19.75, 9999.0, 9999.0, 9999.0, 120.75, 124.5, 120.5, 104.0, 135.25
2023-04-06, 03:45:42, 132.75, 52.0, 19.25, 26.0, 9999.0, 1.5, 1.5, 19.75, 9999.0, 9999.0, 9999.0, 121.5, 124.5, 120.5, 104.25, 135.25
2023-04-06, 03:45:46, 132.75, 52.25, 19.25, 26.0, 9999.0, 1.5, 1.5, 19.75, 9999.0, 9999.0, 9999.0, 121.25, 124.5, 120.5, 104.0, 135.5
2023-04-06, 03:45:50, 132.75, 52.25, 19.25, 26.25, 9999.0, 1.5, 1.5, 19.75, 9999.0, 9999.0, 9999.0, 121.25, 124.25, 120.5, 104.25, 135.25
2023-04-06, 03:45:54, 132.75, 52.0, 19.25, 26.25, 9999.0, 1.5, 1.5, 19.75, 9999.0, 9999.0, 9999.0, 121.25, 124.25, 120.5, 104.25, 135.25
2023-04-06, 03:45:58, 132.75, 52.0, 19.25, 26.25, 9999.0, 1.5, 1.5, 19.75, 9999.0, 9999.0, 9999.0, 121.25, 124.5, 120.5, 104.0, 135.25
2023-04-06, 03:46:02, 132.75, 52.0, 19.25, 26.25, 9999.0, 1.5, 1.5, 19.75, 9999.0, 9999.0, 9999.0, 121.25, 124.25, 120.5, 104.25, 135.25
2023-04-06, 03:46:06, 132.5, 52.25, 19.0, 26.25, 9999.0, 1.5, 1.5, 19.75, 9999.0, 9999.0, 9999.0, 121.0, 124.25, 120.5, 104.25, 135.5
2023-04-06, 03:46:10, 132.5, 52.25, 19.25, 26.25, 9999.0, 1.25, 1.5, 19.75, 9999.0, 9999.0, 9999.0, 121.0, 124.5, 120.5, 104.25, 135.5
2023-04-06, 03:46:14, 132.75, 52.0, 19.0, 26.25, 9999.0, 1.25, 1.5, 19.75, 9999.0, 9999.0, 9999.0, 121.25, 124.5, 120.5, 104.25, 135.25
2023-04-06, 03:46:18, 132.75, 52.25, 19.0, 26.25, 9999.0, 1.25, 1.5, 19.75, 9999.0, 9999.0, 9999.0, 121.0, 124.5, 120.25, 104.25, 135.25
2023-04-06, 03:46:22, 132.5, 52.25, 19.0, 26.0, 9999.0, 1.25, 1.5, 19.75, 9999.0, 9999.0, 9999.0, 121.0, 124.5, 120.25, 104.25, 135.5
2023-04-06, 03:46:26, 132.5, 52.0, 19.25, 26.0, 9999.0, 1.25, 1.5, 19.75, 9999.0, 9999.0, 9999.0, 121.0, 124.5, 120.5, 104.25, 135.25
2023-04-06, 03:46:30, 132.75, 52.25, 19.0, 25.75, 9999.0, 1.25, 1.5, 19.75, 9999.0, 9999.0, 9999.0, 121.0, 124.5, 120.5, 104.0, 135.25
2023-04-06, 03:46:34, 132.5, 52.0, 19.0, 26.0, 9999.0, 1.25, 1.5, 19.75, 9999.0, 9999.0, 9999.0, 121.0, 124.5, 120.5, 104.25, 135.25
2023-04-06, 03:46:38, 132.5, 52.0, 19.0, 26.0, 9999.0, 1.25, 1.5, 19.75, 9999.0, 9999.0, 9999.0, 120.75, 124.5, 120.5, 104.0, 135.25
2023-04-06, 03:46:42, 132.5, 52.0, 19.0, 26.0, 9999.0, 1.25, 1.5, 19.75, 9999.0, 9999.0, 9999.0, 120.75, 124.5, 120.5, 104.25, 135.25
2023-04-06, 03:46:46, 132.75, 52.0, 19.25, 26.0, 9999.0, 1.5, 1.5, 19.75, 9999.0, 9999.0, 9999.0, 120.75, 124.25, 120.5, 104.0, 135.25
2023-04-06, 03:46:50, 132.5, 52.25, 19.25, 26.25, 9999.0, 1.25, 1.5, 19.75, 9999.0, 9999.0, 9999.0, 120.75, 124.5, 120.5, 104.25, 135.25
2023-04-06, 03:46:54, 132.5, 52.25, 19.0, 26.25, 9999.0, 1.5, 1.5, 19.75, 9999.0, 9999.0, 9999.0, 120.75, 124.25, 120.5, 104.0, 135.25
2023-04-06, 03:46:58, 132.75, 52.0, 19.25, 26.0, 9999.0, 1.5, 1.5, 19.75, 9999.0, 9999.0, 9999.0, 120.75, 124.5, 120.5, 104.25, 135.25
2023-04-06, 03:47:02, 132.5, 52.0, 19.25, 26.0, 9999.0, 1.5, 1.5, 19.75, 9999.0, 9999.0, 9999.0, 121.25, 124.25, 120.5, 104.25, 135.25
2023-04-06, 03:47:06, 132.75, 52.25, 19.25, 26.0, 9999.0, 1.5, 1.5, 19.75, 9999.0, 9999.0, 9999.0, 121.5, 124.5, 120.5, 104.0, 135.25
2023-04-06, 03:47:10, 132.5, 52.0, 19.25, 26.25, 9999.0, 1.5, 1.5, 19.75, 9999.0, 9999.0, 9999.0, 121.25, 124.5, 120.5, 104.0, 135.25
2023-04-06, 03:47:14, 132.5, 52.0, 19.0, 26.25, 9999.0, 1.5, 1.5, 19.75, 9999.0, 9999.0, 9999.0, 121.25, 124.25, 120.5, 104.25, 135.25
2023-04-06, 03:47:18, 132.5, 52.0, 19.0, 26.0, 9999.0, 1.5, 1.5, 19.75, 9999.0, 9999.0, 9999.0, 121.25, 124.25, 120.5, 104.0, 135.25
2023-04-06, 03:47:22, 132.5, 52.25, 19.0, 26.25, 9999.0, 1.5, 1.5, 19.75, 9999.0, 9999.0, 9999.0, 121.0, 124.25, 120.5, 104.0, 135.25
2023-04-06, 03:47:26, 132.5, 52.25, 19.25, 26.0, 9999.0, 1.25, 1.5, 19.75, 9999.0, 9999.0, 9999.0, 121.0, 124.25, 120.5, 104.0, 135.25
2023-04-06, 03:47:30, 132.75, 52.0, 19.0, 26.0, 9999.0, 1.25, 1.5, 19.75, 9999.0, 9999.0, 9999.0, 121.0, 124.5, 120.5, 104.25, 135.25
2023-04-06, 03:47:34, 132.5, 52.0, 19.25, 26.25, 9999.0, 1.25, 1.5, 19.75, 9999.0, 9999.0, 9999.0, 121.0, 124.5, 120.5, 104.25, 135.25
2023-04-06, 03:47:38, 132.5, 52.0, 19.0, 26.0, 9999.0, 1.25, 1.5, 19.75, 9999.0, 9999.0, 9999.0, 121.0, 124.5, 120.5, 104.25, 135.25
2023-04-06, 03:47:42, 132.5, 52.0, 19.25, 26.0, 9999.0, 1.25, 1.5, 19.75, 9999.0, 9999.0, 9999.0, 121.0, 124.5, 120.25, 104.25, 135.25
2023-04-06, 03:47:46, 132.5, 52.0, 19.25, 26.0, 9999.0, 1.25, 1.5, 19.75, 9999.0, 9999.0, 9999.0, 121.0, 124.5, 120.25, 104.0, 135.25
2023-04-06, 03:47:50, 132.75, 52.0, 19.0, 26.0, 9999.0, 1.25, 1.5, 19.75, 9999.0, 9999.0, 9999.0, 120.75, 124.5, 120.5, 104.0, 135.25
2023-04-06, 03:47:54, 132.5, 52.0, 19.25, 26.0, 9999.0, 1.25, 1.5, 19.75, 9999.0, 9999.0, 9999.0, 121.0, 124.5, 120.25, 104.0, 135.25
2023-04-06, 03:47:58, 132.5, 52.0, 19.0, 26.0, 9999.0, 1.25, 1.5, 19.75, 9999.0, 9999.0, 9999.0, 120.75, 124.5, 120.25, 104.0, 135.25
2023-04-06, 03:48:02, 132.5, 52.0, 19.0, 26.0, 9999.0, 1.0, 1.5, 19.75, 9999.0, 9999.0, 9999.0, 120.75, 124.5, 120.5, 104.0, 135.25
2023-04-06, 03:48:06, 132.5, 52.0, 19.0, 26.25, 9999.0, 1.25, 1.5, 19.5, 9999.0, 9999.0, 9999.0, 120.75, 124.5, 120.5, 104.0, 135.25
2023-04-06, 03:48:10, 132.5, 52.25, 19.0, 26.25, 9999.0, 1.25, 1.5, 19.75, 9999.0, 9999.0, 9999.0, 120.75, 124.5, 120.5, 104.0, 135.25
2023-04-06, 03:48:14, 132.5, 52.0, 19.0, 26.25, 9999.0, 1.5, 1.5, 19.75, 9999.0, 9999.0, 9999.0, 120.75, 124.25, 120.5, 104.0, 135.25
2023-04-06, 03:48:18, 132.5, 52.0, 19.25, 26.0, 9999.0, 1.5, 1.5, 19.75, 9999.0, 9999.0, 9999.0, 120.5, 124.25, 120.5, 104.0, 135.25
2023-04-06, 03:48:22, 132.5, 52.25, 19.0, 26.0, 9999.0, 1.5, 1.5, 19.75, 9999.0, 9999.0, 9999.0, 121.5, 124.5, 120.5, 104.0, 135.25
2023-04-06, 03:48:26, 132.5, 52.0, 19.25, 26.0, 9999.0, 1.5, 1.5, 19.75, 9999.0, 9999.0, 9999.0, 121.25, 124.25, 120.5, 104.0, 135.25
2023-04-06, 03:48:30, 132.5, 52.25, 19.0, 26.0, 9999.0, 1.5, 1.5, 19.75, 9999.0, 9999.0, 9999.0, 121.25, 124.25, 120.5, 104.0, 135.25
2023-04-06, 03:48:34, 132.5, 52.0, 19.0, 26.0, 9999.0, 1.5, 1.5, 19.75, 9999.0, 9999.0, 9999.0, 121.25, 124.25, 120.5, 104.0, 135.25
2023-04-06, 03:48:38, 132.5, 52.0, 19.0, 26.0, 9999.0, 1.25, 1.5, 19.75, 9999.0, 9999.0, 9999.0, 121.25, 124.25, 120.5, 104.0, 135.25
2023-04-06, 03:48:42, 132.5, 52.0, 19.0, 26.0, 9999.0, 1.25, 1.5, 19.75, 9999.0, 9999.0, 9999.0, 121.25, 124.25, 120.25, 104.0, 135.25
2023-04-06, 03:48:46, 132.5, 52.0, 19.25, 26.0, 9999.0, 1.25, 1.5, 19.75, 9999.0, 9999.0, 9999.0, 121.0, 124.25, 120.5, 104.0, 135.25
2023-04-06, 03:48:50, 132.5, 52.0, 19.0, 26.0, 9999.0, 1.25, 1.5, 19.75, 9999.0, 9999.0, 9999.0, 121.0, 124.25, 120.25, 104.0, 135.25
2023-04-06, 03:48:54, 132.5, 52.0, 19.0, 26.0, 9999.0, 1.25, 1.5, 19.5, 9999.0, 9999.0, 9999.0, 121.0, 124.5, 120.5, 104.25, 135.25
2023-04-06, 03:48:58, 132.5, 52.0, 19.0, 26.0, 9999.0, 1.25, 1.5, 19.75, 9999.0, 9999.0, 9999.0, 121.0, 124.5, 120.5, 104.25, 135.25
2023-04-06, 03:49:02, 132.5, 52.0, 19.0, 26.0, 9999.0, 1.25, 1.5, 19.75, 9999.0, 9999.0, 9999.0, 121.0, 124.5, 120.5, 104.25, 135.25
2023-04-06, 03:49:06, 132.5, 52.0, 19.25, 26.25, 9999.0, 1.25, 1.5, 19.75, 9999.0, 9999.0, 9999.0, 121.0, 124.5, 120.5, 104.25, 135.25
2023-04-06, 03:49:10, 132.5, 52.0, 19.25, 26.25, 9999.0, 1.25, 1.5, 19.75, 9999.0, 9999.0, 9999.0, 120.75, 124.5, 120.25, 104.25, 135.25
2023-04-06, 03:49:14, 132.5, 52.0, 19.25, 26.0, 9999.0, 1.0, 1.5, 19.75, 9999.0, 9999.0, 9999.0, 120.75, 124.5, 120.25, 104.0, 135.25
2023-04-06, 03:49:18, 132.5, 52.0, 19.0, 26.0, 9999.0, 1.0, 1.5, 19.5, 9999.0, 9999.0, 9999.0, 120.75, 124.5, 120.25, 104.25, 135.25
2023-04-06, 03:49:22, 132.5, 52.0, 19.0, 26.0, 9999.0, 1.0, 1.5, 19.75, 9999.0, 9999.0, 9999.0, 120.75, 124.5, 120.5, 104.0, 135.25
2023-04-06, 03:49:26, 132.5, 52.0, 19.0, 26.0, 9999.0, 1.25, 1.5, 19.75, 9999.0, 9999.0, 9999.0, 120.75, 124.5, 120.5, 104.0, 135.25
2023-04-06, 03:49:30, 132.5, 52.0, 19.0, 26.0, 9999.0, 1.25, 1.5, 19.5, 9999.0, 9999.0, 9999.0, 120.75, 124.25, 120.5, 104.0, 135.25
2023-04-06, 03:49:34, 132.5, 52.0, 19.0, 26.0, 9999.0, 1.5, 1.5, 19.75, 9999.0, 9999.0, 9999.0, 120.75, 124.25, 120.5, 104.25, 135.25
2023-04-06, 03:49:38, 132.5, 52.0, 19.0, 26.0, 9999.0, 1.5, 1.5, 19.75, 9999.0, 9999.0, 9999.0, 120.5, 124.5, 120.5, 104.0, 135.25
2023-04-06, 03:49:42, 132.5, 52.0, 19.0, 26.0, 9999.0, 1.5, 1.5, 19.75, 9999.0, 9999.0, 9999.0, 121.25, 124.25, 120.5, 104.0, 135.25
2023-04-06, 03:49:47, 132.5, 52.0, 19.0, 26.0, 9999.0, 1.5, 1.5, 19.75, 9999.0, 9999.0, 9999.0, 121.5, 124.25, 120.5, 104.25, 135.25
2023-04-06, 03:49:51, 132.5, 52.0, 19.25, 26.0, 9999.0, 1.5, 1.5, 19.5, 9999.0, 9999.0, 9999.0, 121.25, 124.25, 120.5, 104.25, 135.25
2023-04-06, 03:49:55, 132.5, 52.0, 19.0, 26.0, 9999.0, 1.25, 1.5, 19.75, 9999.0, 9999.0, 9999.0, 121.25, 124.5, 120.25, 104.0, 135.25
2023-04-06, 03:49:59, 132.5, 52.0, 19.25, 26.0, 9999.0, 1.5, 1.5, 19.75, 9999.0, 9999.0, 9999.0, 121.25, 124.25, 120.5, 104.0, 135.25
2023-04-06, 03:50:03, 132.5, 52.0, 19.0, 26.0, 9999.0, 1.25, 1.5, 19.5, 9999.0, 9999.0, 9999.0, 121.0, 124.5, 120.25, 104.25, 135.25
2023-04-06, 03:50:07, 132.5, 52.0, 19.0, 25.75, 9999.0, 1.25, 1.5, 19.75, 9999.0, 9999.0, 9999.0, 121.0, 124.25, 120.5, 104.0, 135.25
2023-04-06, 03:50:11, 132.5, 52.0, 19.0, 25.75, 9999.0, 1.25, 1.5, 19.75, 9999.0, 9999.0, 9999.0, 121.0, 124.5, 120.25, 104.25, 135.25
2023-04-06, 03:50:15, 132.5, 52.0, 19.0, 26.0, 9999.0, 1.25, 1.5, 19.75, 9999.0, 9999.0, 9999.0, 121.0, 124.5, 120.5, 104.0, 135.25
2023-04-06, 03:50:19, 132.5, 52.0, 19.25, 26.0, 9999.0, 1.25, 1.5, 19.5, 9999.0, 9999.0, 9999.0, 121.0, 124.5, 120.5, 104.0, 135.25
2023-04-06, 03:50:23, 132.5, 52.0, 19.0, 26.0, 9999.0, 1.25, 1.5, 19.75, 9999.0, 9999.0, 9999.0, 121.0, 124.5, 120.5, 104.0, 135.25
2023-04-06, 03:50:27, 132.5, 52.0, 19.25, 26.0, 9999.0, 1.25, 1.5, 19.5, 9999.0, 9999.0, 9999.0, 121.0, 124.5, 120.25, 104.0, 135.25
2023-04-06, 03:50:31, 132.5, 52.0, 19.0, 25.75, 9999.0, 1.25, 1.5, 19.5, 9999.0, 9999.0, 9999.0, 120.75, 124.5, 120.25, 104.0, 135.25
2023-04-06, 03:50:35, 132.5, 52.0, 19.0, 26.0, 9999.0, 1.0, 1.5, 19.75, 9999.0, 9999.0, 9999.0, 120.75, 124.5, 120.5, 104.25, 135.25
2023-04-06, 03:50:39, 132.5, 52.0, 19.25, 26.0, 9999.0, 1.0, 1.5, 19.75, 9999.0, 9999.0, 9999.0, 120.75, 124.5, 120.5, 104.0, 135.25
2023-04-06, 03:50:43, 132.5, 52.0, 19.0, 26.25, 9999.0, 1.0, 1.5, 19.5, 9999.0, 9999.0, 9999.0, 120.75, 124.5, 120.5, 104.0, 135.25
2023-04-06, 03:50:47, 132.5, 52.0, 19.0, 26.0, 9999.0, 1.25, 1.5, 19.5, 9999.0, 9999.0, 9999.0, 120.75, 124.5, 120.5, 104.25, 135.25
2023-04-06, 03:50:51, 132.5, 52.0, 19.0, 26.0, 9999.0, 1.25, 1.5, 19.5, 9999.0, 9999.0, 9999.0, 120.5, 124.5, 120.5, 104.0, 135.25
2023-04-06, 03:50:55, 132.5, 52.0, 19.0, 26.0, 9999.0, 1.25, 1.5, 19.75, 9999.0, 9999.0, 9999.0, 120.5, 124.5, 120.5, 104.0, 135.25
2023-04-06, 03:50:59, 132.5, 52.0, 19.0, 26.0, 9999.0, 1.5, 1.5, 19.5, 9999.0, 9999.0, 9999.0, 120.5, 124.25, 120.5, 104.0, 135.25
2023-04-06, 03:51:03, 132.5, 52.0, 19.0, 26.0, 9999.0, 1.5, 1.5, 19.5, 9999.0, 9999.0, 9999.0, 121.25, 124.5, 120.5, 104.0, 135.25
2023-04-06, 03:51:07, 132.5, 52.0, 19.0, 26.25, 9999.0, 1.5, 1.5, 19.75, 9999.0, 9999.0, 9999.0, 121.25, 124.25, 120.25, 104.0, 135.25
2023-04-06, 03:51:11, 132.5, 52.0, 19.0, 26.0, 9999.0, 1.5, 1.5, 19.75, 9999.0, 9999.0, 9999.0, 121.25, 124.25, 120.5, 104.0, 135.25
2023-04-06, 03:51:15, 132.5, 52.0, 19.0, 26.25, 9999.0, 1.25, 1.5, 19.75, 9999.0, 9999.0, 9999.0, 121.25, 124.25, 120.5, 104.0, 135.25
2023-04-06, 03:51:19, 132.5, 52.0, 19.0, 26.25, 9999.0, 1.25, 1.5, 19.5, 9999.0, 9999.0, 9999.0, 121.0, 124.25, 120.5, 104.0, 135.25
2023-04-06, 03:51:23, 132.5, 52.0, 19.0, 26.25, 9999.0, 1.25, 1.5, 19.75, 9999.0, 9999.0, 9999.0, 121.0, 124.25, 120.5, 104.0, 135.25
2023-04-06, 03:51:27, 132.5, 52.0, 19.0, 26.0, 9999.0, 1.25, 1.5, 19.75, 9999.0, 9999.0, 9999.0, 121.0, 124.25, 120.25, 104.0, 135.25
2023-04-06, 03:51:31, 132.5, 52.0, 19.0, 26.25, 9999.0, 1.25, 1.5, 19.5, 9999.0, 9999.0, 9999.0, 121.0, 124.5, 120.25, 104.0, 135.25
2023-04-06, 03:51:35, 132.5, 52.0, 19.0, 26.0, 9999.0, 1.25, 1.5, 19.75, 9999.0, 9999.0, 9999.0, 121.0, 124.5, 120.25, 104.0, 135.25
2023-04-06, 03:51:39, 132.5, 52.0, 19.0, 26.0, 9999.0, 1.0, 1.5, 19.5, 9999.0, 9999.0, 9999.0, 121.0, 124.25, 120.5, 104.0, 135.25
2023-04-06, 03:51:43, 132.5, 52.0, 19.0, 26.0, 9999.0, 1.0, 1.5, 19.5, 9999.0, 9999.0, 9999.0, 120.75, 124.5, 120.5, 104.0, 135.25
2023-04-06, 03:51:47, 132.5, 52.0, 19.0, 26.0, 9999.0, 1.0, 1.5, 19.5, 9999.0, 9999.0, 9999.0, 121.0, 124.25, 120.5, 104.25, 135.25
2023-04-06, 03:51:51, 132.5, 52.0, 19.0, 26.0, 9999.0, 1.0, 1.5, 19.5, 9999.0, 9999.0, 9999.0, 120.75, 124.25, 120.5, 104.0, 135.25
2023-04-06, 03:51:55, 132.5, 52.0, 19.0, 26.0, 9999.0, 1.0, 1.5, 19.5, 9999.0, 9999.0, 9999.0, 120.75, 124.5, 120.5, 104.0, 135.25
2023-04-06, 03:51:59, 132.5, 52.0, 19.0, 26.0, 9999.0, 1.0, 1.25, 19.5, 9999.0, 9999.0, 9999.0, 120.75, 124.25, 120.25, 104.0, 135.25
2023-04-06, 03:52:03, 132.5, 52.0, 19.0, 26.0, 9999.0, 1.0, 1.5, 19.5, 9999.0, 9999.0, 9999.0, 120.75, 124.25, 120.5, 104.0, 135.25
2023-04-06, 03:52:07, 132.5, 52.0, 19.0, 26.0, 9999.0, 1.25, 1.25, 19.75, 9999.0, 9999.0, 9999.0, 120.75, 124.25, 120.25, 104.0, 135.25
2023-04-06, 03:52:11, 132.5, 52.0, 19.0, 26.25, 9999.0, 1.25, 1.25, 19.5, 9999.0, 9999.0, 9999.0, 120.5, 124.25, 120.5, 104.0, 135.25
2023-04-06, 03:52:15, 132.5, 52.0, 18.75, 26.0, 9999.0, 1.25, 1.5, 19.5, 9999.0, 9999.0, 9999.0, 120.75, 124.25, 120.5, 104.0, 135.25
2023-04-06, 03:52:19, 132.5, 52.0, 19.0, 26.0, 9999.0, 1.5, 1.5, 19.5, 9999.0, 9999.0, 9999.0, 120.5, 124.25, 120.5, 104.0, 135.25
2023-04-06, 03:52:23, 132.5, 52.0, 19.0, 26.0, 9999.0, 1.5, 1.5, 19.5, 9999.0, 9999.0, 9999.0, 121.25, 124.25, 120.5, 104.0, 135.25
2023-04-06, 03:52:27, 132.5, 52.0, 19.0, 26.25, 9999.0, 1.5, 1.5, 19.5, 9999.0, 9999.0, 9999.0, 121.25, 124.25, 120.5, 104.0, 135.25
2023-04-06, 03:52:31, 132.5, 52.0, 19.0, 26.0, 9999.0, 1.25, 1.5, 19.5, 9999.0, 9999.0, 9999.0, 121.25, 124.25, 120.25, 104.0, 135.25
2023-04-06, 03:52:35, 132.5, 52.0, 19.0, 26.0, 9999.0, 1.25, 1.5, 19.5, 9999.0, 9999.0, 9999.0, 121.25, 124.25, 120.5, 104.0, 135.25
2023-04-06, 03:52:39, 132.5, 52.0, 19.0, 26.25, 9999.0, 1.25, 1.5, 19.5, 9999.0, 9999.0, 9999.0, 121.0, 124.25, 120.25, 104.0, 135.25
2023-04-06, 03:52:43, 132.5, 52.0, 18.75, 26.0, 9999.0, 1.25, 1.5, 19.5, 9999.0, 9999.0, 9999.0, 121.0, 124.25, 120.25, 104.0, 135.25
2023-04-06, 03:52:47, 132.5, 52.0, 19.0, 26.25, 9999.0, 1.25, 1.5, 19.5, 9999.0, 9999.0, 9999.0, 121.0, 124.25, 120.25, 104.0, 135.25
2023-04-06, 03:52:51, 132.5, 52.0, 19.0, 26.0, 9999.0, 1.25, 1.5, 19.5, 9999.0, 9999.0, 9999.0, 121.0, 124.5, 120.25, 104.0, 135.25
2023-04-06, 03:52:55, 132.25, 52.0, 19.0, 26.0, 9999.0, 1.25, 1.25, 19.5, 9999.0, 9999.0, 9999.0, 121.0, 124.5, 120.25, 104.0, 135.25
2023-04-06, 03:52:59, 132.5, 52.0, 19.0, 26.0, 9999.0, 1.0, 1.5, 19.5, 9999.0, 9999.0, 9999.0, 121.0, 124.5, 120.25, 104.0, 135.25
2023-04-06, 03:53:03, 132.5, 52.0, 19.0, 26.25, 9999.0, 1.25, 1.5, 19.5, 9999.0, 9999.0, 9999.0, 121.0, 124.5, 120.5, 104.0, 135.25
2023-04-06, 03:53:07, 132.5, 52.0, 19.0, 26.25, 9999.0, 1.0, 1.25, 19.5, 9999.0, 9999.0, 9999.0, 120.75, 124.5, 120.5, 104.0, 135.25
2023-04-06, 03:53:11, 132.5, 52.0, 19.0, 26.0, 9999.0, 1.0, 1.5, 19.5, 9999.0, 9999.0, 9999.0, 120.75, 124.5, 120.5, 104.25, 135.25
2023-04-06, 03:53:15, 132.5, 52.0, 19.0, 26.0, 9999.0, 1.0, 1.25, 19.5, 9999.0, 9999.0, 9999.0, 120.75, 124.5, 120.25, 104.0, 135.25
2023-04-06, 03:53:19, 132.5, 52.0, 19.0, 26.0, 9999.0, 1.0, 1.5, 19.5, 9999.0, 9999.0, 9999.0, 120.75, 124.25, 120.25, 104.0, 135.25
2023-04-06, 03:53:23, 132.5, 52.0, 19.0, 26.0, 9999.0, 1.0, 1.25, 19.5, 9999.0, 9999.0, 9999.0, 120.75, 124.25, 120.25, 104.0, 135.25
2023-04-06, 03:53:27, 132.5, 52.0, 19.0, 26.0, 9999.0, 1.25, 1.25, 19.5, 9999.0, 9999.0, 9999.0, 120.75, 124.25, 120.25, 104.0, 135.25
2023-04-06, 03:53:31, 132.5, 51.75, 19.25, 26.0, 9999.0, 1.25, 1.5, 19.5, 9999.0, 9999.0, 9999.0, 120.5, 124.25, 120.25, 104.0, 135.25
2023-04-06, 03:53:35, 132.5, 52.0, 19.0, 26.0, 9999.0, 1.25, 1.5, 19.5, 9999.0, 9999.0, 9999.0, 120.5, 124.25, 120.5, 104.0, 135.25
2023-04-06, 03:53:39, 132.5, 52.0, 19.0, 26.0, 9999.0, 1.5, 1.5, 19.5, 9999.0, 9999.0, 9999.0, 120.5, 124.25, 120.5, 104.0, 135.25
2023-04-06, 03:53:43, 132.5, 52.0, 19.0, 26.0, 9999.0, 1.25, 1.5, 19.5, 9999.0, 9999.0, 9999.0, 121.25, 124.25, 120.25, 104.0, 135.25
2023-04-06, 03:53:47, 132.5, 52.0, 19.25, 26.0, 9999.0, 1.5, 1.5, 19.5, 9999.0, 9999.0, 9999.0, 121.25, 124.25, 120.5, 104.0, 135.25
2023-04-06, 03:53:51, 132.5, 52.0, 19.0, 26.25, 9999.0, 1.25, 1.25, 19.5, 9999.0, 9999.0, 9999.0, 121.25, 124.25, 120.5, 104.0, 135.25
2023-04-06, 03:53:55, 132.5, 52.0, 19.0, 26.0, 9999.0, 1.25, 1.5, 19.5, 9999.0, 9999.0, 9999.0, 121.25, 124.5, 120.5, 104.0, 135.25
2023-04-06, 03:53:59, 132.5, 52.0, 19.0, 26.0, 9999.0, 1.25, 1.5, 19.5, 9999.0, 9999.0, 9999.0, 121.0, 124.25, 120.5, 104.0, 135.25
2023-04-06, 03:54:03, 132.5, 52.0, 19.0, 26.25, 9999.0, 1.25, 1.5, 19.5, 9999.0, 9999.0, 9999.0, 121.0, 124.25, 120.25, 104.0, 135.25
2023-04-06, 03:54:07, 132.25, 52.0, 19.0, 26.0, 9999.0, 1.25, 1.5, 19.5, 9999.0, 9999.0, 9999.0, 121.0, 124.25, 120.25, 104.0, 135.25
2023-04-06, 03:54:11, 132.5, 52.0, 19.0, 26.0, 9999.0, 1.0, 1.5, 19.5, 9999.0, 9999.0, 9999.0, 121.0, 124.5, 120.25, 104.0, 135.25
2023-04-06, 03:54:16, 132.5, 52.0, 19.0, 26.0, 9999.0, 1.0, 1.25, 19.5, 9999.0, 9999.0, 9999.0, 121.0, 124.5, 120.25, 104.0, 135.25
2023-04-06, 03:54:20, 132.5, 52.0, 19.0, 26.0, 9999.0, 1.0, 1.5, 19.75, 9999.0, 9999.0, 9999.0, 121.0, 124.5, 120.25, 104.0, 135.25
2023-04-06, 03:54:24, 132.5, 52.0, 18.75, 26.0, 9999.0, 1.0, 1.5, 19.5, 9999.0, 9999.0, 9999.0, 121.0, 124.5, 120.5, 104.0, 135.25
2023-04-06, 03:54:28, 132.5, 52.0, 19.0, 26.0, 9999.0, 1.0, 1.25, 19.5, 9999.0, 9999.0, 9999.0, 121.0, 124.25, 120.5, 104.0, 135.25
2023-04-06, 03:54:32, 132.5, 52.0, 19.0, 26.0, 9999.0, 1.0, 1.5, 19.5, 9999.0, 9999.0, 9999.0, 120.75, 124.25, 120.5, 104.0, 135.25
2023-04-06, 03:54:36, 132.5, 52.0, 19.0, 26.25, 9999.0, 1.0, 1.25, 19.5, 9999.0, 9999.0, 9999.0, 120.75, 124.5, 120.25, 104.0, 135.25
2023-04-06, 03:54:40, 132.5, 52.0, 19.0, 26.0, 9999.0, 1.0, 1.25, 19.5, 9999.0, 9999.0, 9999.0, 120.75, 124.5, 120.25, 104.0, 135.25
2023-04-06, 03:54:44, 132.5, 52.0, 19.0, 26.0, 9999.0, 1.0, 1.5, 19.5, 9999.0, 9999.0, 9999.0, 120.75, 124.25, 120.25, 104.0, 135.25
2023-04-06, 03:54:48, 132.5, 52.0, 19.0, 26.0, 9999.0, 1.25, 1.5, 19.5, 9999.0, 9999.0, 9999.0, 120.5, 124.25, 120.5, 104.0, 135.25
2023-04-06, 03:54:52, 132.5, 52.0, 19.0, 26.0, 9999.0, 1.25, 1.25, 19.5, 9999.0, 9999.0, 9999.0, 120.5, 124.25, 120.5, 104.0, 135.25
2023-04-06, 03:54:56, 132.5, 52.0, 19.0, 26.0, 9999.0, 1.25, 1.25, 19.5, 9999.0, 9999.0, 9999.0, 120.75, 124.25, 120.5, 104.0, 135.25
2023-04-06, 03:55:00, 132.5, 52.0, 19.0, 26.25, 9999.0, 1.25, 1.5, 19.5, 9999.0, 9999.0, 9999.0, 120.5, 124.25, 120.5, 104.0, 135.25
2023-04-06, 03:55:04, 132.25, 52.0, 19.25, 26.25, 9999.0, 1.25, 1.5, 19.5, 9999.0, 9999.0, 9999.0, 121.25, 124.25, 120.25, 104.0, 135.25
2023-04-06, 03:55:08, 132.5, 52.0, 19.0, 26.25, 9999.0, 1.25, 1.5, 19.5, 9999.0, 9999.0, 9999.0, 121.25, 124.25, 120.5, 104.0, 135.25
2023-04-06, 03:55:12, 132.5, 52.0, 19.0, 26.25, 9999.0, 1.25, 1.25, 19.5, 9999.0, 9999.0, 9999.0, 121.25, 124.25, 120.25, 104.0, 135.25
2023-04-06, 03:55:16, 132.5, 52.0, 19.0, 26.25, 9999.0, 1.25, 1.5, 19.5, 9999.0, 9999.0, 9999.0, 121.25, 124.25, 120.5, 104.0, 135.25
2023-04-06, 03:55:20, 132.5, 52.0, 19.0, 26.25, 9999.0, 1.25, 1.5, 19.5, 9999.0, 9999.0, 9999.0, 121.0, 124.25, 120.25, 104.0, 135.25
2023-04-06, 03:55:24, 132.5, 52.0, 19.0, 26.25, 9999.0, 1.25, 1.5, 19.5, 9999.0, 9999.0, 9999.0, 121.0, 124.25, 120.5, 104.0, 135.25
2023-04-06, 03:55:28, 132.5, 52.0, 19.0, 26.0, 9999.0, 1.25, 1.5, 19.5, 9999.0, 9999.0, 9999.0, 121.0, 124.25, 120.25, 104.0, 135.25
2023-04-06, 03:55:32, 132.5, 52.0, 19.0, 26.0, 9999.0, 1.25, 1.5, 19.5, 9999.0, 9999.0, 9999.0, 121.0, 124.5, 120.5, 104.0, 135.25
2023-04-06, 03:55:36, 132.5, 52.0, 19.0, 26.0, 9999.0, 1.25, 1.5, 19.5, 9999.0, 9999.0, 9999.0, 121.0, 124.5, 120.25, 104.0, 135.25
2023-04-06, 03:55:40, 132.5, 52.0, 19.0, 26.0, 9999.0, 1.25, 1.5, 19.5, 9999.0, 9999.0, 9999.0, 121.0, 124.5, 120.5, 104.0, 135.25
2023-04-06, 03:55:44, 132.5, 52.0, 19.0, 26.25, 9999.0, 1.0, 1.25, 19.75, 9999.0, 9999.0, 9999.0, 121.0, 124.5, 120.5, 104.25, 135.25
2023-04-06, 03:55:48, 132.5, 52.0, 19.0, 26.25, 9999.0, 1.0, 1.25, 19.75, 9999.0, 9999.0, 9999.0, 120.75, 124.5, 120.5, 104.25, 135.25
2023-04-06, 03:55:52, 132.5, 52.0, 19.0, 26.0, 9999.0, 1.25, 1.5, 19.75, 9999.0, 9999.0, 9999.0, 120.75, 124.5, 120.25, 104.25, 135.25
2023-04-06, 03:55:56, 132.5, 52.0, 19.0, 26.25, 9999.0, 1.0, 1.5, 19.5, 9999.0, 9999.0, 9999.0, 120.75, 124.5, 120.25, 104.0, 135.25
2023-04-06, 03:56:00, 132.5, 52.0, 19.0, 26.25, 9999.0, 1.0, 1.25, 19.5, 9999.0, 9999.0, 9999.0, 120.75, 124.5, 120.25, 104.0, 135.25
2023-04-06, 03:56:04, 132.5, 52.0, 19.0, 26.25, 9999.0, 1.0, 1.5, 19.5, 9999.0, 9999.0, 9999.0, 120.75, 124.5, 120.5, 104.25, 135.25
2023-04-06, 03:56:08, 132.5, 52.0, 19.0, 26.0, 9999.0, 1.25, 1.5, 19.5, 9999.0, 9999.0, 9999.0, 120.75, 124.25, 120.5, 104.0, 135.25
2023-04-06, 03:56:12, 132.5, 52.0, 19.0, 26.0, 9999.0, 1.25, 1.5, 19.5, 9999.0, 9999.0, 9999.0, 120.5, 124.25, 120.5, 104.25, 135.25
2023-04-06, 03:56:16, 132.5, 52.0, 19.0, 26.0, 9999.0, 1.5, 1.5, 19.75, 9999.0, 9999.0, 9999.0, 120.5, 124.5, 120.5, 104.25, 135.25
2023-04-06, 03:56:20, 132.5, 52.0, 19.0, 26.25, 9999.0, 1.5, 1.5, 19.75, 9999.0, 9999.0, 9999.0, 120.5, 124.5, 120.5, 104.0, 135.25
2023-04-06, 03:56:24, 132.5, 52.0, 19.0, 26.25, 9999.0, 1.5, 1.5, 19.5, 9999.0, 9999.0, 9999.0, 121.25, 124.25, 120.5, 104.25, 135.25
2023-04-06, 03:56:28, 132.5, 52.0, 19.0, 26.25, 9999.0, 1.5, 1.5, 19.75, 9999.0, 9999.0, 9999.0, 121.25, 124.25, 120.5, 104.25, 135.25
2023-04-06, 03:56:32, 132.5, 52.0, 19.0, 26.25, 9999.0, 1.25, 1.5, 19.75, 9999.0, 9999.0, 9999.0, 121.25, 124.25, 120.5, 104.0, 135.25
2023-04-06, 03:56:36, 132.5, 52.0, 19.25, 26.25, 9999.0, 1.25, 1.5, 19.5, 9999.0, 9999.0, 9999.0, 121.25, 124.25, 120.25, 104.25, 135.25
2023-04-06, 03:56:40, 132.5, 52.0, 19.0, 26.25, 9999.0, 1.25, 1.5, 19.75, 9999.0, 9999.0, 9999.0, 121.25, 124.25, 120.5, 104.25, 135.25
2023-04-06, 03:56:44, 132.5, 52.0, 19.0, 26.25, 9999.0, 1.25, 1.5, 19.75, 9999.0, 9999.0, 9999.0, 121.0, 124.25, 120.25, 104.25, 135.25
2023-04-06, 03:56:48, 132.5, 52.0, 19.0, 26.25, 9999.0, 1.25, 1.5, 19.75, 9999.0, 9999.0, 9999.0, 121.0, 124.25, 120.25, 104.25, 135.25
2023-04-06, 03:56:52, 132.5, 52.0, 19.0, 26.25, 9999.0, 1.25, 1.5, 19.75, 9999.0, 9999.0, 9999.0, 121.0, 124.5, 120.25, 104.25, 135.25
2023-04-06, 03:56:56, 132.5, 52.0, 19.25, 26.25, 9999.0, 1.25, 1.5, 19.75, 9999.0, 9999.0, 9999.0, 121.0, 124.5, 120.5, 104.25, 135.25
2023-04-06, 03:57:00, 132.5, 52.0, 19.25, 26.0, 9999.0, 1.25, 1.5, 19.5, 9999.0, 9999.0, 9999.0, 121.0, 124.25, 120.5, 104.25, 135.25
2023-04-06, 03:57:04, 132.5, 52.0, 19.0, 26.25, 9999.0, 1.25, 1.5, 19.5, 9999.0, 9999.0, 9999.0, 121.0, 124.5, 120.25, 104.25, 135.25
2023-04-06, 03:57:08, 132.5, 52.0, 19.25, 26.25, 9999.0, 1.25, 1.5, 19.75, 9999.0, 9999.0, 9999.0, 121.0, 124.5, 120.25, 104.25, 135.25
2023-04-06, 03:57:12, 132.75, 52.0, 19.25, 26.25, 9999.0, 1.0, 1.5, 19.75, 9999.0, 9999.0, 9999.0, 120.75, 124.5, 120.25, 104.25, 135.25
2023-04-06, 03:57:16, 132.5, 52.0, 19.0, 26.25, 9999.0, 1.0, 1.5, 19.5, 9999.0, 9999.0, 9999.0, 120.75, 124.5, 120.5, 104.25, 135.25
2023-04-06, 03:57:20, 132.5, 52.0, 19.25, 26.0, 9999.0, 1.0, 1.5, 19.75, 9999.0, 9999.0, 9999.0, 120.75, 124.5, 120.5, 104.25, 135.25
2023-04-06, 03:57:24, 132.5, 52.0, 19.25, 26.0, 9999.0, 1.0, 1.5, 19.75, 9999.0, 9999.0, 9999.0, 120.75, 124.5, 120.5, 104.25, 135.25
2023-04-06, 03:57:28, 132.5, 52.0, 19.0, 26.0, 9999.0, 1.25, 1.5, 19.75, 9999.0, 9999.0, 9999.0, 120.75, 124.5, 120.5, 104.25, 135.25
2023-04-06, 03:57:32, 132.5, 52.0, 19.25, 26.0, 9999.0, 1.25, 1.5, 19.5, 9999.0, 9999.0, 9999.0, 120.5, 124.5, 120.5, 104.25, 135.25
2023-04-06, 03:57:36, 132.5, 52.0, 19.0, 26.25, 9999.0, 1.25, 1.5, 19.5, 9999.0, 9999.0, 9999.0, 120.75, 124.25, 120.5, 104.25, 135.25
2023-04-06, 03:57:40, 132.5, 52.0, 19.25, 26.0, 9999.0, 1.5, 1.5, 19.75, 9999.0, 9999.0, 9999.0, 120.75, 124.25, 120.5, 104.25, 135.25
2023-04-06, 03:57:44, 132.5, 52.0, 19.25, 26.0, 9999.0, 1.5, 1.5, 19.75, 9999.0, 9999.0, 9999.0, 121.5, 124.25, 120.5, 104.25, 135.25
2023-04-06, 03:57:48, 132.5, 52.0, 19.25, 26.25, 9999.0, 1.25, 1.5, 19.75, 9999.0, 9999.0, 9999.0, 121.25, 124.25, 120.5, 104.25, 135.25
2023-04-06, 03:57:52, 132.5, 52.0, 19.0, 26.25, 9999.0, 1.5, 1.5, 19.75, 9999.0, 9999.0, 9999.0, 121.25, 124.25, 120.5, 104.25, 135.25
2023-04-06, 03:57:56, 132.5, 52.0, 19.0, 26.25, 9999.0, 1.25, 1.5, 19.75, 9999.0, 9999.0, 9999.0, 121.25, 124.25, 120.5, 104.25, 135.25
2023-04-06, 03:58:00, 132.5, 52.0, 19.0, 26.0, 9999.0, 1.25, 1.5, 19.75, 9999.0, 9999.0, 9999.0, 121.0, 124.25, 120.25, 104.25, 135.25
2023-04-06, 03:58:04, 132.5, 52.0, 19.0, 26.25, 9999.0, 1.25, 1.5, 19.5, 9999.0, 9999.0, 9999.0, 121.0, 124.25, 120.25, 104.25, 135.25
2023-04-06, 03:58:08, 132.5, 52.0, 19.0, 26.25, 9999.0, 1.25, 1.5, 19.75, 9999.0, 9999.0, 9999.0, 121.0, 124.25, 120.5, 104.25, 135.25
2023-04-06, 03:58:12, 132.5, 52.0, 19.25, 26.25, 9999.0, 1.25, 1.5, 19.75, 9999.0, 9999.0, 9999.0, 121.0, 124.25, 120.25, 104.25, 135.25
2023-04-06, 03:58:16, 132.5, 52.0, 19.25, 26.25, 9999.0, 1.25, 1.5, 19.75, 9999.0, 9999.0, 9999.0, 121.0, 124.5, 120.25, 104.25, 135.25
2023-04-06, 03:58:20, 132.5, 52.0, 19.25, 26.25, 9999.0, 1.25, 1.5, 19.75, 9999.0, 9999.0, 9999.0, 121.0, 124.5, 120.5, 104.25, 135.25
2023-04-06, 03:58:24, 132.5, 52.0, 19.0, 26.25, 9999.0, 1.25, 1.5, 19.75, 9999.0, 9999.0, 9999.0, 121.0, 124.5, 120.5, 104.25, 135.25
2023-04-06, 03:58:28, 132.5, 52.0, 19.0, 26.25, 9999.0, 1.25, 1.5, 19.75, 9999.0, 9999.0, 9999.0, 121.0, 124.5, 120.5, 104.25, 135.25
2023-04-06, 03:58:32, 132.5, 52.0, 19.0, 26.25, 9999.0, 1.0, 1.5, 19.75, 9999.0, 9999.0, 9999.0, 121.0, 124.5, 120.5, 104.25, 135.25
2023-04-06, 03:58:36, 132.5, 52.0, 19.0, 26.25, 9999.0, 1.25, 1.5, 19.75, 9999.0, 9999.0, 9999.0, 120.75, 124.5, 120.5, 104.25, 135.25
2023-04-06, 03:58:40, 132.5, 52.0, 19.0, 26.25, 9999.0, 1.25, 1.5, 19.75, 9999.0, 9999.0, 9999.0, 120.75, 124.5, 120.25, 104.25, 135.25
2023-04-06, 03:58:45, 132.5, 52.0, 19.25, 26.25, 9999.0, 1.0, 1.5, 19.75, 9999.0, 9999.0, 9999.0, 120.75, 124.5, 120.5, 104.25, 135.25
2023-04-06, 03:58:49, 132.5, 52.0, 19.25, 26.25, 9999.0, 1.25, 1.5, 19.75, 9999.0, 9999.0, 9999.0, 120.75, 124.5, 120.5, 104.25, 135.25
2023-04-06, 03:58:53, 132.5, 52.0, 19.25, 26.0, 9999.0, 1.25, 1.5, 19.75, 9999.0, 9999.0, 9999.0, 120.75, 124.5, 120.5, 104.25, 135.25
2023-04-06, 03:58:57, 132.5, 52.0, 19.25, 26.25, 9999.0, 1.25, 1.5, 19.75, 9999.0, 9999.0, 9999.0, 120.75, 124.5, 120.5, 104.25, 135.25
2023-04-06, 03:59:01, 132.5, 52.0, 19.0, 26.25, 9999.0, 1.5, 1.5, 19.75, 9999.0, 9999.0, 9999.0, 120.75, 124.5, 120.5, 104.25, 135.25
2023-04-06, 03:59:05, 132.5, 52.0, 19.25, 26.25, 9999.0, 1.5, 1.5, 19.75, 9999.0, 9999.0, 9999.0, 120.75, 124.25, 120.5, 104.25, 135.25
2023-04-06, 03:59:09, 132.5, 52.0, 19.0, 26.0, 9999.0, 1.5, 1.5, 19.75, 9999.0, 9999.0, 9999.0, 121.5, 124.25, 120.5, 104.25, 135.25
2023-04-06, 03:59:13, 132.5, 52.0, 19.0, 26.0, 9999.0, 1.25, 1.5, 19.75, 9999.0, 9999.0, 9999.0, 121.25, 124.25, 120.25, 104.25, 135.25
2023-04-06, 03:59:17, 132.5, 52.0, 19.0, 25.75, 9999.0, 1.25, 1.5, 19.75, 9999.0, 9999.0, 9999.0, 121.25, 124.5, 120.5, 104.25, 135.25
2023-04-06, 03:59:21, 132.5, 52.0, 19.0, 25.75, 9999.0, 1.25, 1.5, 19.75, 9999.0, 9999.0, 9999.0, 121.25, 124.25, 120.5, 104.25, 135.25
2023-04-06, 03:59:25, 132.5, 52.0, 19.0, 25.5, 9999.0, 1.25, 1.5, 19.5, 9999.0, 9999.0, 9999.0, 121.0, 124.25, 120.25, 104.0, 135.25
2023-04-06, 03:59:29, 132.5, 52.0, 19.0, 26.0, 9999.0, 1.25, 1.5, 19.75, 9999.0, 9999.0, 9999.0, 121.0, 124.25, 120.5, 104.25, 135.25
2023-04-06, 03:59:33, 132.5, 52.0, 19.0, 26.0, 9999.0, 1.25, 1.5, 19.75, 9999.0, 9999.0, 9999.0, 121.0, 124.25, 120.5, 104.25, 135.25
2023-04-06, 03:59:37, 132.5, 52.0, 19.0, 26.25, 9999.0, 1.25, 1.5, 19.75, 9999.0, 9999.0, 9999.0, 121.0, 124.5, 120.25, 104.25, 135.25
2023-04-06, 03:59:41, 132.5, 52.0, 19.0, 26.25, 9999.0, 1.25, 1.5, 19.5, 9999.0, 9999.0, 9999.0, 121.0, 124.5, 120.5, 104.0, 135.25
2023-04-06, 03:59:45, 132.5, 52.0, 19.0, 26.25, 9999.0, 1.25, 1.5, 19.5, 9999.0, 9999.0, 9999.0, 121.0, 124.5, 120.5, 104.0, 135.25
2023-04-06, 03:59:49, 132.5, 52.0, 19.0, 26.25, 9999.0, 1.25, 1.5, 19.75, 9999.0, 9999.0, 9999.0, 121.0, 124.5, 120.5, 104.0, 135.25
2023-04-06, 03:59:53, 132.5, 52.0, 19.0, 26.25, 9999.0, 1.25, 1.5, 19.75, 9999.0, 9999.0, 9999.0, 120.75, 124.25, 120.5, 104.0, 135.25
2023-04-06, 03:59:57, 132.5, 52.0, 19.0, 26.25, 9999.0, 1.0, 1.5, 19.75, 9999.0, 9999.0, 9999.0, 120.75, 124.25, 120.25, 104.0, 135.25
2023-04-06, 04:00:01, 132.5, 52.0, 19.25, 26.0, 9999.0, 1.0, 1.5, 19.75, 9999.0, 9999.0, 9999.0, 120.75, 124.5, 120.25, 104.0, 135.25
2023-04-06, 04:00:05, 132.5, 52.0, 19.0, 26.25, 9999.0, 1.0, 1.5, 19.5, 9999.0, 9999.0, 9999.0, 120.75, 124.25, 120.5, 104.0, 135.25
2023-04-06, 04:00:09, 132.5, 52.0, 19.25, 26.0, 9999.0, 1.25, 1.5, 19.75, 9999.0, 9999.0, 9999.0, 120.75, 124.25, 120.5, 104.0, 135.25
2023-04-06, 04:00:13, 132.5, 52.0, 19.0, 26.0, 9999.0, 1.25, 1.5, 19.75, 9999.0, 9999.0, 9999.0, 120.75, 124.25, 120.5, 104.0, 135.25
2023-04-06, 04:00:17, 132.5, 52.0, 19.25, 26.25, 9999.0, 1.25, 1.5, 19.75, 9999.0, 9999.0, 9999.0, 120.75, 124.25, 120.5, 104.0, 135.25
2023-04-06, 04:00:21, 132.5, 52.0, 19.0, 26.0, 9999.0, 1.5, 1.5, 19.75, 9999.0, 9999.0, 9999.0, 120.5, 124.25, 120.25, 104.0, 135.25
2023-04-06, 04:00:25, 132.5, 52.0, 19.0, 25.75, 9999.0, 1.5, 1.5, 19.75, 9999.0, 9999.0, 9999.0, 120.5, 124.25, 120.5, 104.0, 135.25
2023-04-06, 04:00:29, 132.5, 52.0, 19.0, 25.75, 9999.0, 1.5, 1.5, 19.75, 9999.0, 9999.0, 9999.0, 121.25, 124.25, 120.5, 104.0, 135.25
2023-04-06, 04:00:33, 132.5, 52.0, 19.0, 26.0, 9999.0, 1.5, 1.5, 19.5, 9999.0, 9999.0, 9999.0, 121.25, 124.25, 120.5, 104.0, 135.25
2023-04-06, 04:00:37, 132.5, 52.0, 19.0, 26.0, 9999.0, 1.25, 1.5, 19.75, 9999.0, 9999.0, 9999.0, 121.25, 124.25, 120.5, 104.0, 135.25
2023-04-06, 04:00:41, 132.5, 52.0, 19.0, 26.0, 9999.0, 1.5, 1.5, 19.75, 9999.0, 9999.0, 9999.0, 121.25, 124.25, 120.5, 104.0, 135.25
2023-04-06, 04:00:45, 132.5, 52.0, 19.0, 26.25, 9999.0, 1.25, 1.5, 19.75, 9999.0, 9999.0, 9999.0, 121.0, 124.25, 120.25, 104.0, 135.25
2023-04-06, 04:00:49, 132.5, 52.0, 19.25, 26.0, 9999.0, 1.25, 1.5, 19.75, 9999.0, 9999.0, 9999.0, 121.0, 124.25, 120.25, 104.0, 135.25
2023-04-06, 04:00:53, 132.5, 52.0, 19.0, 26.0, 9999.0, 1.25, 1.5, 19.75, 9999.0, 9999.0, 9999.0, 121.0, 124.25, 120.25, 104.25, 135.25
2023-04-06, 04:00:57, 132.5, 52.0, 19.0, 26.25, 9999.0, 1.25, 1.5, 19.75, 9999.0, 9999.0, 9999.0, 121.0, 124.25, 120.5, 104.0, 135.25
2023-04-06, 04:01:01, 132.5, 52.0, 19.0, 26.0, 9999.0, 1.25, 1.5, 19.5, 9999.0, 9999.0, 9999.0, 121.0, 124.25, 120.25, 104.0, 135.25
2023-04-06, 04:01:05, 132.5, 52.0, 19.25, 26.0, 9999.0, 1.25, 1.5, 19.75, 9999.0, 9999.0, 9999.0, 121.0, 124.25, 120.25, 104.0, 135.25
2023-04-06, 04:01:09, 132.5, 52.0, 19.0, 26.0, 9999.0, 1.25, 1.5, 19.75, 9999.0, 9999.0, 9999.0, 121.0, 124.25, 120.25, 104.0, 135.25
2023-04-06, 04:01:13, 132.5, 52.0, 19.25, 26.0, 9999.0, 1.0, 1.5, 19.5, 9999.0, 9999.0, 9999.0, 121.0, 124.25, 120.25, 104.0, 135.25
2023-04-06, 04:01:17, 132.5, 52.0, 19.25, 26.0, 9999.0, 1.0, 1.5, 19.75, 9999.0, 9999.0, 9999.0, 121.0, 124.25, 120.25, 104.0, 135.25
2023-04-06, 04:01:21, 132.5, 52.0, 19.25, 26.0, 9999.0, 1.0, 1.5, 19.75, 9999.0, 9999.0, 9999.0, 120.75, 124.25, 120.25, 104.0, 135.25
2023-04-06, 04:01:25, 132.5, 52.0, 19.0, 26.0, 9999.0, 1.0, 1.5, 19.75, 9999.0, 9999.0, 9999.0, 120.75, 124.25, 120.5, 104.0, 135.25
2023-04-06, 04:01:29, 132.5, 52.0, 19.25, 26.0, 9999.0, 1.25, 1.5, 19.75, 9999.0, 9999.0, 9999.0, 120.75, 124.25, 120.25, 104.0, 135.25
2023-04-06, 04:01:33, 132.5, 52.0, 19.0, 26.0, 9999.0, 1.25, 1.5, 19.5, 9999.0, 9999.0, 9999.0, 120.75, 124.25, 120.5, 104.0, 135.25
2023-04-06, 04:01:37, 132.5, 52.0, 19.0, 26.0, 9999.0, 1.25, 1.5, 19.75, 9999.0, 9999.0, 9999.0, 120.5, 124.25, 120.5, 104.0, 135.25
2023-04-06, 04:01:41, 132.5, 52.0, 19.0, 26.0, 9999.0, 1.5, 1.5, 19.75, 9999.0, 9999.0, 9999.0, 120.5, 124.25, 120.5, 104.0, 135.25
2023-04-06, 04:01:45, 132.5, 52.0, 19.0, 26.25, 9999.0, 1.5, 1.5, 19.5, 9999.0, 9999.0, 9999.0, 120.5, 124.25, 120.5, 104.0, 135.25
2023-04-06, 04:01:49, 132.5, 52.0, 19.0, 26.0, 9999.0, 1.5, 1.5, 19.75, 9999.0, 9999.0, 9999.0, 121.25, 124.25, 120.5, 104.0, 135.25
2023-04-06, 04:01:53, 132.5, 52.0, 19.0, 26.25, 9999.0, 1.25, 1.5, 19.5, 9999.0, 9999.0, 9999.0, 121.25, 124.25, 120.5, 104.0, 135.25
2023-04-06, 04:01:57, 132.5, 52.0, 19.0, 26.25, 9999.0, 1.25, 1.5, 19.75, 9999.0, 9999.0, 9999.0, 121.25, 124.25, 120.25, 104.0, 135.25
2023-04-06, 04:02:01, 132.5, 52.0, 19.0, 26.25, 9999.0, 1.25, 1.5, 19.75, 9999.0, 9999.0, 9999.0, 121.25, 124.25, 120.5, 104.0, 135.25
2023-04-06, 04:02:05, 132.5, 52.0, 19.0, 26.25, 9999.0, 1.25, 1.5, 19.5, 9999.0, 9999.0, 9999.0, 121.0, 124.25, 120.25, 104.0, 135.25
2023-04-06, 04:02:09, 132.5, 52.0, 19.0, 26.25, 9999.0, 1.25, 1.5, 19.75, 9999.0, 9999.0, 9999.0, 121.0, 124.25, 120.25, 104.0, 135.25
2023-04-06, 04:02:13, 132.5, 52.0, 19.0, 26.0, 9999.0, 1.25, 1.5, 19.5, 9999.0, 9999.0, 9999.0, 121.0, 124.25, 120.25, 104.0, 135.25
2023-04-06, 04:02:17, 132.5, 52.0, 19.0, 26.0, 9999.0, 1.25, 1.5, 19.5, 9999.0, 9999.0, 9999.0, 121.0, 124.5, 120.25, 104.0, 135.25
2023-04-06, 04:02:21, 132.5, 52.0, 19.0, 26.0, 9999.0, 1.25, 1.5, 19.75, 9999.0, 9999.0, 9999.0, 121.0, 124.25, 120.25, 104.0, 135.25
2023-04-06, 04:02:25, 132.5, 52.0, 19.0, 26.0, 9999.0, 1.0, 1.5, 19.5, 9999.0, 9999.0, 9999.0, 121.0, 124.25, 120.5, 104.0, 135.25
2023-04-06, 04:02:29, 132.5, 52.0, 19.0, 25.75, 9999.0, 1.25, 1.5, 19.5, 9999.0, 9999.0, 9999.0, 121.0, 124.25, 120.5, 104.0, 135.25
2023-04-06, 04:02:33, 132.5, 52.0, 19.0, 26.0, 9999.0, 1.0, 1.5, 19.75, 9999.0, 9999.0, 9999.0, 121.0, 124.25, 120.5, 104.0, 135.25
2023-04-06, 04:02:37, 132.5, 52.0, 19.0, 26.0, 9999.0, 1.0, 1.5, 19.75, 9999.0, 9999.0, 9999.0, 120.75, 124.5, 120.5, 104.0, 135.25
2023-04-06, 04:02:41, 132.5, 52.0, 19.0, 26.0, 9999.0, 1.25, 1.5, 19.5, 9999.0, 9999.0, 9999.0, 120.75, 124.25, 120.25, 104.25, 135.25
2023-04-06, 04:02:45, 132.5, 52.0, 19.0, 26.25, 9999.0, 1.0, 1.5, 19.5, 9999.0, 9999.0, 9999.0, 120.75, 124.5, 120.5, 104.0, 135.25
2023-04-06, 04:02:49, 132.5, 52.0, 19.0, 26.0, 9999.0, 1.25, 1.25, 19.75, 9999.0, 9999.0, 9999.0, 120.75, 124.5, 120.5, 104.0, 135.25
2023-04-06, 04:02:53, 132.5, 52.0, 19.25, 26.0, 9999.0, 1.25, 1.5, 19.5, 9999.0, 9999.0, 9999.0, 120.75, 124.25, 120.5, 104.0, 135.25
2023-04-06, 04:02:57, 132.5, 52.0, 19.0, 26.0, 9999.0, 1.25, 1.5, 19.75, 9999.0, 9999.0, 9999.0, 120.5, 124.25, 120.5, 104.0, 135.25
2023-04-06, 04:03:01, 132.5, 52.0, 19.0, 25.75, 9999.0, 1.5, 1.5, 19.5, 9999.0, 9999.0, 9999.0, 120.75, 124.25, 120.5, 104.0, 135.25
2023-04-06, 04:03:05, 132.5, 52.0, 19.0, 26.0, 9999.0, 1.5, 1.5, 19.75, 9999.0, 9999.0, 9999.0, 120.5, 124.25, 120.5, 104.0, 135.25
2023-04-06, 04:03:10, 132.5, 52.0, 19.0, 26.0, 9999.0, 1.25, 1.5, 19.5, 9999.0, 9999.0, 9999.0, 121.25, 124.25, 120.25, 104.0, 135.25
2023-04-06, 04:03:14, 132.5, 52.0, 19.0, 25.75, 9999.0, 1.25, 1.5, 19.5, 9999.0, 9999.0, 9999.0, 121.25, 124.25, 120.25, 104.0, 135.25
2023-04-06, 04:03:18, 132.5, 52.0, 19.0, 26.0, 9999.0, 1.25, 1.5, 19.5, 9999.0, 9999.0, 9999.0, 121.25, 124.25, 120.25, 104.0, 135.25
2023-04-06, 04:03:22, 132.5, 52.0, 19.0, 25.75, 9999.0, 1.25, 1.5, 19.5, 9999.0, 9999.0, 9999.0, 121.0, 124.25, 120.25, 104.0, 135.25
2023-04-06, 04:03:26, 132.5, 52.0, 19.0, 26.0, 9999.0, 1.25, 1.5, 19.5, 9999.0, 9999.0, 9999.0, 121.25, 124.25, 120.25, 104.0, 135.25
2023-04-06, 04:03:30, 132.5, 52.0, 19.0, 26.0, 9999.0, 1.25, 1.5, 19.5, 9999.0, 9999.0, 9999.0, 121.0, 124.25, 120.25, 104.0, 135.25
2023-04-06, 04:03:34, 132.5, 52.0, 19.0, 26.0, 9999.0, 1.25, 1.25, 19.5, 9999.0, 9999.0, 9999.0, 121.0, 124.25, 120.25, 104.0, 135.25
2023-04-06, 04:03:38, 132.5, 52.0, 19.0, 26.0, 9999.0, 1.25, 1.5, 19.5, 9999.0, 9999.0, 9999.0, 121.0, 124.5, 120.25, 104.0, 135.25
2023-04-06, 04:03:42, 132.5, 52.0, 19.0, 25.5, 9999.0, 1.25, 1.5, 19.5, 9999.0, 9999.0, 9999.0, 121.0, 124.5, 120.25, 104.0, 135.25
2023-04-06, 04:03:46, 132.5, 52.0, 19.0, 25.5, 9999.0, 1.0, 1.5, 19.75, 9999.0, 9999.0, 9999.0, 121.0, 124.5, 120.5, 104.0, 135.25
2023-04-06, 04:03:50, 132.5, 52.0, 19.0, 25.75, 9999.0, 1.25, 1.25, 19.5, 9999.0, 9999.0, 9999.0, 121.0, 124.25, 120.25, 104.0, 135.25
2023-04-06, 04:03:54, 132.5, 52.0, 19.0, 26.0, 9999.0, 1.0, 1.5, 19.5, 9999.0, 9999.0, 9999.0, 120.75, 124.5, 120.25, 104.25, 135.25
2023-04-06, 04:03:58, 132.5, 52.0, 19.25, 26.0, 9999.0, 1.0, 1.5, 19.75, 9999.0, 9999.0, 9999.0, 120.75, 124.25, 120.5, 104.0, 135.25
2023-04-06, 04:04:02, 132.5, 52.0, 19.0, 26.0, 9999.0, 1.0, 1.25, 19.5, 9999.0, 9999.0, 9999.0, 120.75, 124.5, 120.25, 104.0, 135.25
2023-04-06, 04:04:06, 132.5, 52.0, 19.0, 26.0, 9999.0, 1.0, 1.5, 19.75, 9999.0, 9999.0, 9999.0, 120.75, 124.25, 120.5, 104.0, 135.25
2023-04-06, 04:04:10, 132.5, 52.0, 19.0, 26.0, 9999.0, 1.25, 1.5, 19.75, 9999.0, 9999.0, 9999.0, 120.75, 124.25, 120.5, 104.0, 135.25
2023-04-06, 04:04:14, 132.5, 52.0, 19.0, 26.0, 9999.0, 1.25, 1.25, 19.75, 9999.0, 9999.0, 9999.0, 120.75, 124.25, 120.25, 104.0, 135.25
2023-04-06, 04:04:18, 132.5, 52.0, 19.0, 26.25, 9999.0, 1.25, 1.25, 19.5, 9999.0, 9999.0, 9999.0, 120.5, 124.25, 120.25, 104.0, 135.25
2023-04-06, 04:04:22, 132.5, 52.0, 19.0, 26.25, 9999.0, 1.5, 1.25, 19.5, 9999.0, 9999.0, 9999.0, 120.5, 124.25, 120.5, 104.0, 135.25
2023-04-06, 04:04:26, 132.5, 52.0, 19.0, 26.0, 9999.0, 1.5, 1.5, 19.75, 9999.0, 9999.0, 9999.0, 121.25, 124.25, 120.5, 104.0, 135.25
2023-04-06, 04:04:30, 132.5, 52.0, 19.0, 26.25, 9999.0, 1.5, 1.5, 19.75, 9999.0, 9999.0, 9999.0, 121.25, 124.25, 120.25, 104.0, 135.25
2023-04-06, 04:04:34, 132.5, 52.0, 19.0, 26.25, 9999.0, 1.25, 1.5, 19.75, 9999.0, 9999.0, 9999.0, 121.25, 124.25, 120.25, 104.0, 135.25
2023-04-06, 04:04:38, 132.5, 52.0, 19.0, 26.0, 9999.0, 1.25, 1.5, 19.75, 9999.0, 9999.0, 9999.0, 121.25, 124.25, 120.25, 104.0, 135.25
2023-04-06, 04:04:42, 132.5, 52.0, 19.0, 26.0, 9999.0, 1.25, 1.5, 19.5, 9999.0, 9999.0, 9999.0, 121.0, 124.25, 120.25, 104.0, 135.25
2023-04-06, 04:04:46, 132.5, 52.0, 19.0, 26.0, 9999.0, 1.25, 1.5, 19.5, 9999.0, 9999.0, 9999.0, 121.0, 124.25, 120.25, 104.0, 135.25
2023-04-06, 04:04:50, 132.5, 52.0, 19.0, 26.0, 9999.0, 1.25, 1.5, 19.75, 9999.0, 9999.0, 9999.0, 121.0, 124.25, 120.5, 104.0, 135.25
2023-04-06, 04:04:54, 132.5, 52.0, 19.0, 26.25, 9999.0, 1.25, 1.5, 19.75, 9999.0, 9999.0, 9999.0, 121.0, 124.25, 120.25, 104.0, 135.25
2023-04-06, 04:04:58, 132.5, 52.0, 19.0, 26.0, 9999.0, 1.25, 1.5, 19.5, 9999.0, 9999.0, 9999.0, 121.0, 124.5, 120.5, 104.0, 135.25
2023-04-06, 04:05:02, 132.5, 52.0, 19.0, 25.75, 9999.0, 1.0, 1.5, 19.5, 9999.0, 9999.0, 9999.0, 121.0, 124.5, 120.5, 104.0, 135.25
2023-04-06, 04:05:06, 132.5, 52.0, 19.25, 26.0, 9999.0, 1.25, 1.5, 19.75, 9999.0, 9999.0, 9999.0, 121.0, 124.5, 120.25, 104.25, 135.25
2023-04-06, 04:05:10, 132.5, 52.0, 19.0, 26.0, 9999.0, 1.25, 1.5, 19.5, 9999.0, 9999.0, 9999.0, 120.75, 124.25, 120.25, 104.0, 135.25
2023-04-06, 04:05:14, 132.5, 52.0, 19.0, 26.0, 9999.0, 1.0, 1.5, 19.75, 9999.0, 9999.0, 9999.0, 120.75, 124.25, 120.5, 104.0, 135.25
2023-04-06, 04:05:18, 132.5, 52.0, 19.0, 26.0, 9999.0, 1.0, 1.5, 19.75, 9999.0, 9999.0, 9999.0, 120.75, 124.5, 120.5, 104.0, 135.25
2023-04-06, 04:05:22, 132.5, 52.0, 19.0, 26.0, 9999.0, 1.0, 1.5, 19.75, 9999.0, 9999.0, 9999.0, 120.75, 124.25, 120.25, 104.0, 135.25
2023-04-06, 04:05:26, 132.5, 52.0, 19.0, 26.0, 9999.0, 1.0, 1.5, 19.5, 9999.0, 9999.0, 9999.0, 120.75, 124.25, 120.5, 104.0, 135.25
2023-04-06, 04:05:30, 132.5, 52.0, 19.0, 26.0, 9999.0, 1.25, 1.5, 19.5, 9999.0, 9999.0, 9999.0, 120.75, 124.25, 120.5, 104.25, 135.25
2023-04-06, 04:05:34, 132.5, 52.0, 19.0, 26.25, 9999.0, 1.25, 1.5, 19.75, 9999.0, 9999.0, 9999.0, 120.5, 124.25, 120.5, 104.25, 135.25
2023-04-06, 04:05:38, 132.5, 52.0, 19.0, 26.0, 9999.0, 1.25, 1.5, 19.75, 9999.0, 9999.0, 9999.0, 120.5, 124.25, 120.25, 104.0, 135.25
2023-04-06, 04:05:42, 132.5, 52.0, 19.0, 26.0, 9999.0, 1.5, 1.5, 19.75, 9999.0, 9999.0, 9999.0, 120.5, 124.25, 120.5, 104.0, 135.25
2023-04-06, 04:05:46, 132.5, 52.0, 19.0, 26.25, 9999.0, 1.5, 1.5, 19.75, 9999.0, 9999.0, 9999.0, 121.5, 124.25, 120.25, 104.0, 135.25
2023-04-06, 04:05:50, 132.5, 52.0, 19.0, 26.0, 9999.0, 1.25, 1.5, 19.75, 9999.0, 9999.0, 9999.0, 121.25, 124.25, 120.5, 104.0, 135.25
2023-04-06, 04:05:54, 132.5, 52.0, 19.0, 26.0, 9999.0, 1.25, 1.5, 19.75, 9999.0, 9999.0, 9999.0, 121.25, 124.25, 120.25, 104.0, 135.25
2023-04-06, 04:05:58, 132.5, 52.0, 19.0, 26.0, 9999.0, 1.25, 1.5, 19.5, 9999.0, 9999.0, 9999.0, 121.25, 124.25, 120.25, 104.25, 135.25
2023-04-06, 04:06:02, 132.5, 52.0, 19.0, 26.0, 9999.0, 1.25, 1.5, 19.5, 9999.0, 9999.0, 9999.0, 121.25, 124.25, 120.25, 104.0, 135.25
2023-04-06, 04:06:06, 132.5, 52.0, 19.0, 26.0, 9999.0, 1.25, 1.5, 19.75, 9999.0, 9999.0, 9999.0, 121.0, 124.25, 120.5, 104.0, 135.25
2023-04-06, 04:06:10, 132.5, 52.0, 19.25, 26.0, 9999.0, 1.25, 1.5, 19.75, 9999.0, 9999.0, 9999.0, 121.0, 124.25, 120.25, 104.0, 135.25
2023-04-06, 04:06:14, 132.5, 52.0, 19.25, 26.0, 9999.0, 1.25, 1.5, 19.75, 9999.0, 9999.0, 9999.0, 121.0, 124.25, 120.25, 104.0, 135.25
2023-04-06, 04:06:18, 132.5, 52.0, 19.0, 26.0, 9999.0, 1.25, 1.5, 19.75, 9999.0, 9999.0, 9999.0, 121.0, 124.5, 120.5, 104.0, 135.25
2023-04-06, 04:06:22, 132.5, 52.0, 19.0, 26.0, 9999.0, 1.25, 1.5, 19.75, 9999.0, 9999.0, 9999.0, 121.0, 124.25, 120.25, 104.0, 135.25
2023-04-06, 04:06:26, 132.5, 52.0, 19.0, 26.0, 9999.0, 1.25, 1.5, 19.5, 9999.0, 9999.0, 9999.0, 121.0, 124.25, 120.25, 104.0, 135.25
2023-04-06, 04:06:30, 132.5, 52.0, 19.0, 26.0, 9999.0, 1.25, 1.5, 19.75, 9999.0, 9999.0, 9999.0, 120.75, 124.25, 120.5, 104.0, 135.25
2023-04-06, 04:06:34, 132.5, 52.0, 19.25, 26.0, 9999.0, 1.25, 1.5, 19.75, 9999.0, 9999.0, 9999.0, 121.0, 124.25, 120.25, 104.25, 135.25
2023-04-06, 04:06:38, 132.5, 52.0, 19.25, 26.0, 9999.0, 1.0, 1.5, 19.75, 9999.0, 9999.0, 9999.0, 120.75, 124.25, 120.5, 104.0, 135.25
2023-04-06, 04:06:42, 132.5, 52.0, 19.0, 25.75, 9999.0, 1.0, 1.5, 19.75, 9999.0, 9999.0, 9999.0, 120.75, 124.25, 120.25, 104.0, 135.25
2023-04-06, 04:06:46, 132.5, 52.0, 19.0, 26.0, 9999.0, 1.25, 1.5, 19.75, 9999.0, 9999.0, 9999.0, 120.75, 124.25, 120.5, 104.0, 135.25
2023-04-06, 04:06:50, 132.5, 52.0, 19.0, 26.0, 9999.0, 1.25, 1.5, 19.75, 9999.0, 9999.0, 9999.0, 120.75, 124.25, 120.25, 104.25, 135.25
2023-04-06, 04:06:54, 132.5, 52.0, 19.0, 25.75, 9999.0, 1.25, 1.5, 19.75, 9999.0, 9999.0, 9999.0, 120.75, 124.25, 120.25, 104.25, 135.25
2023-04-06, 04:06:58, 132.5, 52.0, 19.0, 25.75, 9999.0, 1.25, 1.5, 19.75, 9999.0, 9999.0, 9999.0, 120.75, 124.25, 120.5, 104.0, 135.25
2023-04-06, 04:07:02, 132.5, 52.0, 19.0, 26.0, 9999.0, 1.5, 1.5, 19.75, 9999.0, 9999.0, 9999.0, 120.75, 124.25, 120.25, 104.0, 135.25
2023-04-06, 04:07:06, 132.5, 52.0, 19.0, 26.0, 9999.0, 1.5, 1.5, 19.75, 9999.0, 9999.0, 9999.0, 121.5, 124.25, 120.5, 104.0, 135.25
2023-04-06, 04:07:10, 132.5, 52.0, 19.0, 26.0, 9999.0, 1.5, 1.5, 19.75, 9999.0, 9999.0, 9999.0, 121.25, 124.25, 120.25, 104.25, 135.25
2023-04-06, 04:07:14, 132.5, 52.0, 19.0, 26.0, 9999.0, 1.5, 1.5, 19.75, 9999.0, 9999.0, 9999.0, 121.25, 124.25, 120.5, 104.0, 135.25
2023-04-06, 04:07:18, 132.5, 52.0, 19.25, 26.25, 9999.0, 1.25, 1.5, 19.75, 9999.0, 9999.0, 9999.0, 121.25, 124.25, 120.5, 104.25, 135.25
2023-04-06, 04:07:22, 132.5, 52.0, 19.25, 26.0, 9999.0, 1.25, 1.5, 19.75, 9999.0, 9999.0, 9999.0, 121.0, 124.25, 120.25, 104.25, 135.25
2023-04-06, 04:07:26, 132.5, 52.0, 19.0, 26.0, 9999.0, 1.25, 1.5, 19.75, 9999.0, 9999.0, 9999.0, 121.0, 124.25, 120.25, 104.0, 135.25
2023-04-06, 04:07:30, 132.5, 52.0, 19.0, 26.25, 9999.0, 1.25, 1.5, 19.75, 9999.0, 9999.0, 9999.0, 121.0, 124.25, 120.25, 104.25, 135.25
2023-04-06, 04:07:34, 132.5, 52.25, 19.0, 26.25, 9999.0, 1.25, 1.5, 19.75, 9999.0, 9999.0, 9999.0, 121.0, 124.5, 120.25, 104.25, 135.25
2023-04-06, 04:07:39, 132.5, 52.0, 19.0, 26.0, 9999.0, 1.25, 1.5, 19.75, 9999.0, 9999.0, 9999.0, 121.0, 124.5, 120.5, 104.25, 135.25
2023-04-06, 04:07:43, 132.5, 52.0, 19.0, 26.0, 9999.0, 1.25, 1.5, 19.75, 9999.0, 9999.0, 9999.0, 121.0, 124.5, 120.5, 104.25, 135.25
2023-04-06, 04:07:47, 132.5, 52.0, 19.0, 26.0, 9999.0, 1.25, 1.5, 19.75, 9999.0, 9999.0, 9999.0, 120.75, 124.5, 120.5, 104.25, 135.25
2023-04-06, 04:07:51, 132.5, 52.0, 19.0, 26.0, 9999.0, 1.25, 1.5, 19.75, 9999.0, 9999.0, 9999.0, 121.0, 124.5, 120.5, 104.25, 135.25
2023-04-06, 04:07:55, 132.5, 52.0, 19.0, 26.25, 9999.0, 1.25, 1.5, 19.75, 9999.0, 9999.0, 9999.0, 120.75, 124.5, 120.25, 104.0, 135.25
2023-04-06, 04:07:59, 132.5, 52.0, 19.0, 26.0, 9999.0, 1.25, 1.5, 19.75, 9999.0, 9999.0, 9999.0, 120.75, 124.5, 120.25, 104.25, 135.25
2023-04-06, 04:08:03, 132.5, 52.25, 19.25, 26.25, 9999.0, 1.0, 1.5, 19.75, 9999.0, 9999.0, 9999.0, 120.75, 124.5, 120.5, 104.25, 135.25
2023-04-06, 04:08:07, 132.5, 52.0, 19.25, 26.25, 9999.0, 1.0, 1.5, 19.75, 9999.0, 9999.0, 9999.0, 120.75, 124.5, 120.5, 104.25, 135.25
2023-04-06, 04:08:11, 132.5, 52.0, 19.0, 26.0, 9999.0, 1.25, 1.5, 19.75, 9999.0, 9999.0, 9999.0, 120.75, 124.5, 120.5, 104.25, 135.25
2023-04-06, 04:08:15, 132.5, 52.0, 19.0, 26.0, 9999.0, 1.25, 1.5, 19.75, 9999.0, 9999.0, 9999.0, 120.75, 124.5, 120.5, 104.25, 135.25
2023-04-06, 04:08:19, 132.5, 52.0, 19.25, 26.0, 9999.0, 1.5, 1.5, 19.75, 9999.0, 9999.0, 9999.0, 120.5, 124.5, 120.5, 104.25, 135.25
2023-04-06, 04:08:23, 132.75, 52.0, 19.0, 26.0, 9999.0, 1.5, 1.5, 19.75, 9999.0, 9999.0, 9999.0, 120.5, 124.25, 120.25, 104.25, 135.25
2023-04-06, 04:08:27, 132.75, 52.25, 19.0, 26.0, 9999.0, 1.5, 1.5, 19.75, 9999.0, 9999.0, 9999.0, 121.5, 124.5, 120.5, 104.25, 135.25
2023-04-06, 04:08:31, 132.5, 52.0, 19.0, 26.0, 9999.0, 1.5, 1.5, 19.75, 9999.0, 9999.0, 9999.0, 121.25, 124.25, 120.5, 104.0, 135.25
2023-04-06, 04:08:35, 132.5, 52.0, 19.0, 26.0, 9999.0, 1.25, 1.5, 19.75, 9999.0, 9999.0, 9999.0, 121.25, 124.25, 120.25, 104.25, 135.25
2023-04-06, 04:08:39, 132.5, 52.0, 19.0, 25.75, 9999.0, 1.25, 1.5, 19.75, 9999.0, 9999.0, 9999.0, 121.25, 124.25, 120.5, 104.25, 135.25
2023-04-06, 04:08:43, 132.5, 52.25, 19.0, 26.0, 9999.0, 1.25, 1.5, 19.75, 9999.0, 9999.0, 9999.0, 121.0, 124.25, 120.25, 104.25, 135.25
2023-04-06, 04:08:47, 132.5, 52.25, 19.25, 26.0, 9999.0, 1.25, 1.5, 19.75, 9999.0, 9999.0, 9999.0, 121.0, 124.25, 120.25, 104.25, 135.25
2023-04-06, 04:08:51, 132.5, 52.25, 19.25, 26.0, 9999.0, 1.25, 1.5, 19.75, 9999.0, 9999.0, 9999.0, 121.0, 124.25, 120.25, 104.25, 135.25
2023-04-06, 04:08:55, 132.5, 52.25, 19.25, 26.25, 9999.0, 1.25, 1.5, 19.75, 9999.0, 9999.0, 9999.0, 121.0, 124.5, 120.5, 104.25, 135.25
2023-04-06, 04:08:59, 132.5, 52.25, 19.25, 26.25, 9999.0, 1.25, 1.5, 19.75, 9999.0, 9999.0, 9999.0, 121.0, 124.5, 120.25, 104.25, 135.25
2023-04-06, 04:09:03, 132.75, 52.25, 19.25, 26.25, 9999.0, 1.25, 1.5, 19.75, 9999.0, 9999.0, 9999.0, 121.0, 124.5, 120.5, 104.25, 135.25
2023-04-06, 04:09:07, 132.75, 52.0, 19.25, 26.0, 9999.0, 1.25, 1.5, 19.75, 9999.0, 9999.0, 9999.0, 121.0, 124.5, 120.5, 104.25, 135.25
2023-04-06, 04:09:11, 132.75, 52.25, 19.25, 26.0, 9999.0, 1.25, 1.5, 19.75, 9999.0, 9999.0, 9999.0, 121.0, 124.5, 120.25, 104.0, 135.25
2023-04-06, 04:09:15, 132.5, 52.25, 19.25, 26.0, 9999.0, 1.25, 1.5, 19.75, 9999.0, 9999.0, 9999.0, 120.75, 124.25, 120.5, 104.0, 135.25
2023-04-06, 04:09:19, 132.75, 52.25, 19.25, 26.0, 9999.0, 1.25, 1.5, 19.75, 9999.0, 9999.0, 9999.0, 120.75, 124.25, 120.5, 104.25, 135.25
2023-04-06, 04:09:23, 132.75, 52.0, 19.25, 26.0, 9999.0, 1.25, 1.5, 19.75, 9999.0, 9999.0, 9999.0, 120.75, 124.25, 120.5, 104.25, 135.25
2023-04-06, 04:09:27, 132.75, 52.25, 19.25, 26.0, 9999.0, 1.5, 1.5, 19.75, 9999.0, 9999.0, 9999.0, 120.75, 124.25, 120.25, 104.25, 135.25
2023-04-06, 04:09:31, 132.75, 52.25, 19.0, 26.0, 9999.0, 1.25, 1.5, 19.75, 9999.0, 9999.0, 9999.0, 120.75, 124.25, 120.25, 104.0, 135.25
2023-04-06, 04:09:35, 132.75, 52.25, 19.25, 26.0, 9999.0, 1.25, 1.5, 19.75, 9999.0, 9999.0, 9999.0, 120.75, 124.25, 120.5, 104.25, 135.25
2023-04-06, 04:09:39, 132.75, 52.25, 19.0, 26.0, 9999.0, 1.5, 1.5, 19.75, 9999.0, 9999.0, 9999.0, 120.75, 124.25, 120.5, 104.0, 135.25
2023-04-06, 04:09:43, 132.75, 52.25, 19.0, 26.0, 9999.0, 1.5, 1.5, 19.75, 9999.0, 9999.0, 9999.0, 120.75, 124.25, 120.25, 104.25, 135.25
2023-04-06, 04:09:47, 132.75, 52.25, 19.25, 25.5, 9999.0, 1.5, 1.5, 19.75, 9999.0, 9999.0, 9999.0, 121.25, 124.25, 120.5, 104.0, 135.25
2023-04-06, 04:09:51, 132.75, 52.25, 19.25, 25.75, 9999.0, 1.5, 1.5, 19.75, 9999.0, 9999.0, 9999.0, 121.25, 124.25, 120.25, 104.25, 135.25
2023-04-06, 04:09:55, 132.75, 52.25, 19.25, 26.0, 9999.0, 1.5, 1.5, 19.75, 9999.0, 9999.0, 9999.0, 121.25, 124.25, 120.5, 104.25, 135.25
2023-04-06, 04:09:59, 132.75, 52.25, 19.25, 26.0, 9999.0, 1.5, 1.5, 19.75, 9999.0, 9999.0, 9999.0, 121.25, 124.25, 120.5, 104.0, 135.25
2023-04-06, 04:10:03, 132.75, 52.25, 19.25, 26.0, 9999.0, 1.5, 1.5, 19.75, 9999.0, 9999.0, 9999.0, 121.25, 124.25, 120.5, 104.0, 135.25
2023-04-06, 04:10:07, 132.75, 52.25, 19.25, 26.0, 9999.0, 1.25, 1.5, 19.75, 9999.0, 9999.0, 9999.0, 121.0, 124.25, 120.5, 104.25, 135.25
2023-04-06, 04:10:11, 132.75, 52.25, 19.25, 26.0, 9999.0, 1.25, 1.5, 19.75, 9999.0, 9999.0, 9999.0, 121.0, 124.25, 120.25, 104.0, 135.25
2023-04-06, 04:10:15, 132.75, 52.25, 19.25, 26.0, 9999.0, 1.25, 1.5, 19.75, 9999.0, 9999.0, 9999.0, 121.25, 124.25, 120.5, 104.25, 135.25
2023-04-06, 04:10:19, 132.75, 52.25, 19.25, 26.0, 9999.0, 1.25, 1.5, 19.75, 9999.0, 9999.0, 9999.0, 121.0, 124.5, 120.5, 104.25, 135.25
2023-04-06, 04:10:23, 132.75, 52.25, 19.25, 26.0, 9999.0, 1.25, 1.5, 19.75, 9999.0, 9999.0, 9999.0, 121.0, 124.5, 120.5, 104.25, 135.25
2023-04-06, 04:10:27, 132.5, 52.25, 19.25, 26.0, 9999.0, 1.25, 1.5, 19.75, 9999.0, 9999.0, 9999.0, 121.0, 124.5, 120.5, 104.25, 135.25
2023-04-06, 04:10:31, 132.75, 52.25, 19.25, 26.0, 9999.0, 1.25, 1.5, 19.75, 9999.0, 9999.0, 9999.0, 121.0, 124.25, 120.5, 104.25, 135.25
2023-04-06, 04:10:35, 132.5, 52.25, 19.25, 26.0, 9999.0, 1.25, 1.5, 19.75, 9999.0, 9999.0, 9999.0, 121.0, 124.25, 120.5, 104.25, 135.25
2023-04-06, 04:10:39, 132.75, 52.25, 19.25, 26.0, 9999.0, 1.25, 1.5, 19.75, 9999.0, 9999.0, 9999.0, 121.0, 124.25, 120.25, 104.25, 135.25
2023-04-06, 04:10:43, 132.75, 52.25, 19.25, 26.0, 9999.0, 1.25, 1.5, 19.75, 9999.0, 9999.0, 9999.0, 120.75, 124.25, 120.5, 104.25, 135.25
2023-04-06, 04:10:47, 132.75, 52.25, 19.25, 26.25, 9999.0, 1.5, 1.5, 19.75, 9999.0, 9999.0, 9999.0, 120.75, 124.5, 120.5, 104.25, 135.25
2023-04-06, 04:10:51, 132.75, 52.25, 19.25, 26.0, 9999.0, 1.5, 1.5, 19.75, 9999.0, 9999.0, 9999.0, 120.75, 124.25, 120.5, 104.25, 135.25
2023-04-06, 04:10:55, 132.75, 52.25, 19.25, 26.0, 9999.0, 1.5, 1.5, 19.75, 9999.0, 9999.0, 9999.0, 120.75, 124.25, 120.5, 104.0, 135.25
2023-04-06, 04:10:59, 132.75, 52.25, 19.25, 26.25, 9999.0, 1.5, 1.5, 19.75, 9999.0, 9999.0, 9999.0, 120.75, 124.25, 120.5, 104.25, 135.25
2023-04-06, 04:11:03, 132.75, 52.25, 19.25, 26.0, 9999.0, 1.5, 1.5, 19.75, 9999.0, 9999.0, 9999.0, 121.5, 124.25, 120.5, 104.0, 135.25
2023-04-06, 04:11:07, 132.75, 52.25, 19.25, 26.0, 9999.0, 1.5, 1.5, 19.75, 9999.0, 9999.0, 9999.0, 121.5, 124.25, 120.5, 104.0, 135.25
2023-04-06, 04:11:11, 132.75, 52.25, 19.25, 26.0, 9999.0, 1.5, 1.5, 19.75, 9999.0, 9999.0, 9999.0, 121.5, 124.25, 120.5, 104.0, 135.25
2023-04-06, 04:11:15, 132.75, 52.25, 19.0, 26.0, 9999.0, 1.5, 1.5, 19.75, 9999.0, 9999.0, 9999.0, 121.25, 124.25, 120.25, 104.0, 135.25
2023-04-06, 04:11:19, 132.75, 52.25, 19.25, 26.25, 9999.0, 1.5, 1.5, 19.75, 9999.0, 9999.0, 9999.0, 121.25, 124.25, 120.5, 104.0, 135.25
2023-04-06, 04:11:23, 132.75, 52.25, 19.25, 26.25, 9999.0, 1.5, 1.5, 19.75, 9999.0, 9999.0, 9999.0, 121.25, 124.25, 120.5, 104.0, 135.25
2023-04-06, 04:11:27, 132.75, 52.25, 19.25, 26.0, 9999.0, 1.25, 1.5, 19.75, 9999.0, 9999.0, 9999.0, 121.0, 124.25, 120.25, 104.0, 135.25
2023-04-06, 04:11:31, 132.75, 52.25, 19.0, 26.25, 9999.0, 1.25, 1.5, 19.75, 9999.0, 9999.0, 9999.0, 121.0, 124.25, 120.25, 104.0, 135.25
2023-04-06, 04:11:35, 132.75, 52.25, 19.25, 26.25, 9999.0, 1.25, 1.5, 19.75, 9999.0, 9999.0, 9999.0, 121.0, 124.5, 120.5, 104.0, 135.25
2023-04-06, 04:11:39, 132.75, 52.25, 19.25, 26.25, 9999.0, 1.25, 1.5, 19.75, 9999.0, 9999.0, 9999.0, 121.0, 124.5, 120.5, 104.25, 135.25
2023-04-06, 04:11:43, 132.75, 52.25, 19.25, 26.25, 9999.0, 1.25, 1.5, 19.75, 9999.0, 9999.0, 9999.0, 121.0, 124.5, 120.25, 104.0, 135.25
2023-04-06, 04:11:47, 132.75, 52.25, 19.25, 26.0, 9999.0, 1.25, 1.5, 19.75, 9999.0, 9999.0, 9999.0, 121.0, 124.5, 120.5, 104.0, 135.25
2023-04-06, 04:11:51, 132.75, 52.25, 19.0, 26.0, 9999.0, 1.25, 1.5, 19.75, 9999.0, 9999.0, 9999.0, 121.0, 124.25, 120.5, 104.0, 135.25
2023-04-06, 04:11:55, 132.75, 52.25, 19.25, 26.0, 9999.0, 1.25, 1.5, 19.75, 9999.0, 9999.0, 9999.0, 121.0, 124.25, 120.5, 104.0, 135.25
2023-04-06, 04:11:59, 132.75, 52.25, 19.25, 26.0, 9999.0, 1.25, 1.5, 19.75, 9999.0, 9999.0, 9999.0, 121.0, 124.25, 120.5, 104.0, 135.25
2023-04-06, 04:12:04, 132.75, 52.25, 19.25, 26.0, 9999.0, 1.25, 1.5, 19.75, 9999.0, 9999.0, 9999.0, 120.75, 124.5, 120.5, 104.0, 135.25
2023-04-06, 04:12:08, 132.75, 52.25, 19.0, 26.0, 9999.0, 1.5, 1.5, 19.75, 9999.0, 9999.0, 9999.0, 120.75, 124.25, 120.5, 104.0, 135.25
2023-04-06, 04:12:12, 132.75, 52.25, 19.25, 26.0, 9999.0, 1.25, 1.5, 19.75, 9999.0, 9999.0, 9999.0, 120.75, 124.25, 120.5, 104.0, 135.25
2023-04-06, 04:12:16, 132.5, 52.25, 19.0, 26.25, 9999.0, 1.5, 1.5, 19.75, 9999.0, 9999.0, 9999.0, 120.75, 124.25, 120.5, 104.0, 135.25
2023-04-06, 04:12:20, 132.75, 52.25, 19.0, 26.0, 9999.0, 1.5, 1.5, 19.75, 9999.0, 9999.0, 9999.0, 120.75, 124.25, 120.5, 104.0, 135.25
2023-04-06, 04:12:24, 132.75, 52.25, 19.25, 26.25, 9999.0, 1.5, 1.5, 19.75, 9999.0, 9999.0, 9999.0, 121.5, 124.5, 120.5, 104.0, 135.25
2023-04-06, 04:12:28, 132.75, 52.25, 19.0, 26.25, 9999.0, 1.5, 1.5, 19.75, 9999.0, 9999.0, 9999.0, 121.25, 124.5, 120.5, 104.0, 135.25
2023-04-06, 04:12:32, 132.75, 52.0, 19.0, 26.0, 9999.0, 1.5, 1.5, 19.75, 9999.0, 9999.0, 9999.0, 121.25, 124.25, 120.25, 104.0, 135.25
2023-04-06, 04:12:36, 132.75, 52.25, 19.0, 26.0, 9999.0, 1.5, 1.5, 19.75, 9999.0, 9999.0, 9999.0, 121.25, 124.25, 120.5, 104.25, 135.25
2023-04-06, 04:12:40, 132.75, 52.0, 19.25, 26.25, 9999.0, 1.5, 1.5, 19.75, 9999.0, 9999.0, 9999.0, 121.25, 124.25, 120.25, 104.25, 135.25
2023-04-06, 04:12:44, 132.75, 52.0, 19.0, 26.0, 9999.0, 1.5, 1.5, 19.75, 9999.0, 9999.0, 9999.0, 121.25, 124.25, 120.25, 104.25, 135.25
2023-04-06, 04:12:48, 132.5, 52.25, 19.0, 26.0, 9999.0, 1.5, 1.5, 19.75, 9999.0, 9999.0, 9999.0, 121.0, 124.25, 120.25, 104.25, 135.25
2023-04-06, 04:12:52, 132.75, 52.25, 19.0, 26.0, 9999.0, 1.25, 1.5, 19.75, 9999.0, 9999.0, 9999.0, 121.0, 124.25, 120.5, 104.25, 135.25
2023-04-06, 04:12:56, 132.75, 52.25, 19.25, 26.0, 9999.0, 1.5, 1.5, 19.75, 9999.0, 9999.0, 9999.0, 121.0, 124.5, 120.5, 104.25, 135.25
2023-04-06, 04:13:00, 132.75, 52.25, 19.0, 26.0, 9999.0, 1.25, 1.5, 19.75, 9999.0, 9999.0, 9999.0, 121.25, 124.5, 120.5, 104.25, 135.25
2023-04-06, 04:13:04, 132.75, 52.25, 19.25, 26.0, 9999.0, 1.25, 1.5, 19.75, 9999.0, 9999.0, 9999.0, 121.0, 124.5, 120.5, 104.25, 135.25
2023-04-06, 04:13:08, 132.5, 52.25, 19.25, 26.0, 9999.0, 1.25, 1.5, 19.75, 9999.0, 9999.0, 9999.0, 121.0, 124.5, 120.5, 104.25, 135.25
2023-04-06, 04:13:12, 132.75, 52.25, 19.25, 26.25, 9999.0, 1.25, 1.5, 19.75, 9999.0, 9999.0, 9999.0, 121.0, 124.5, 120.5, 104.25, 135.25
2023-04-06, 04:13:16, 132.75, 52.25, 19.25, 26.0, 9999.0, 1.25, 1.5, 19.75, 9999.0, 9999.0, 9999.0, 121.0, 124.5, 120.5, 104.25, 135.25
2023-04-06, 04:13:20, 132.75, 52.0, 19.25, 26.25, 9999.0, 1.25, 1.5, 19.75, 9999.0, 9999.0, 9999.0, 121.0, 124.5, 120.5, 104.25, 135.25
2023-04-06, 04:13:24, 132.5, 52.25, 19.25, 26.0, 9999.0, 1.25, 1.5, 19.75, 9999.0, 9999.0, 9999.0, 120.75, 124.25, 120.5, 104.25, 135.25
2023-04-06, 04:13:28, 132.5, 52.25, 19.25, 26.0, 9999.0, 1.25, 1.5, 19.75, 9999.0, 9999.0, 9999.0, 120.75, 124.5, 120.5, 104.25, 135.25
2023-04-06, 04:13:32, 132.75, 52.25, 19.25, 26.0, 9999.0, 1.5, 1.5, 19.75, 9999.0, 9999.0, 9999.0, 120.75, 124.25, 120.5, 104.25, 135.25
2023-04-06, 04:13:36, 132.5, 52.25, 19.25, 26.0, 9999.0, 1.5, 1.5, 19.75, 9999.0, 9999.0, 9999.0, 120.75, 124.25, 120.5, 104.0, 135.25
2023-04-06, 04:13:40, 132.75, 52.0, 19.25, 26.0, 9999.0, 1.5, 1.5, 19.75, 9999.0, 9999.0, 9999.0, 120.75, 124.5, 120.25, 104.0, 135.25
2023-04-06, 04:13:44, 132.75, 52.25, 19.25, 26.0, 9999.0, 1.5, 1.5, 19.75, 9999.0, 9999.0, 9999.0, 121.5, 124.25, 120.5, 104.0, 135.25
2023-04-06, 04:13:48, 132.5, 52.0, 19.25, 26.25, 9999.0, 1.5, 1.5, 19.75, 9999.0, 9999.0, 9999.0, 121.25, 124.25, 120.5, 104.25, 135.25
2023-04-06, 04:13:52, 132.75, 52.0, 19.25, 26.25, 9999.0, 1.5, 1.5, 19.75, 9999.0, 9999.0, 9999.0, 121.25, 124.25, 120.25, 104.0, 135.25
2023-04-06, 04:13:56, 132.75, 52.0, 19.25, 26.25, 9999.0, 1.5, 1.5, 19.75, 9999.0, 9999.0, 9999.0, 121.25, 124.25, 120.5, 104.25, 135.25
2023-04-06, 04:14:00, 132.5, 52.0, 19.25, 26.25, 9999.0, 1.25, 1.75, 19.75, 9999.0, 9999.0, 9999.0, 121.25, 124.25, 120.25, 104.0, 135.25
2023-04-06, 04:14:04, 132.5, 52.0, 19.0, 26.0, 9999.0, 1.25, 1.5, 19.75, 9999.0, 9999.0, 9999.0, 121.25, 124.25, 120.25, 104.0, 135.25
2023-04-06, 04:14:08, 132.75, 52.0, 19.0, 26.25, 9999.0, 1.5, 1.5, 19.75, 9999.0, 9999.0, 9999.0, 121.0, 124.25, 120.25, 104.0, 135.25
2023-04-06, 04:14:12, 132.75, 52.0, 19.25, 26.0, 9999.0, 1.25, 1.5, 19.75, 9999.0, 9999.0, 9999.0, 121.0, 124.25, 120.25, 104.0, 135.25
2023-04-06, 04:14:16, 132.5, 52.0, 19.0, 26.25, 9999.0, 1.25, 1.5, 19.75, 9999.0, 9999.0, 9999.0, 121.0, 124.5, 120.25, 104.0, 135.25
2023-04-06, 04:14:20, 132.5, 52.25, 19.0, 26.25, 9999.0, 1.25, 1.5, 19.75, 9999.0, 9999.0, 9999.0, 121.0, 124.25, 120.25, 104.0, 135.25
2023-04-06, 04:14:24, 132.75, 52.0, 19.0, 26.25, 9999.0, 1.25, 1.5, 19.75, 9999.0, 9999.0, 9999.0, 121.0, 124.5, 120.25, 104.0, 135.25
2023-04-06, 04:14:28, 132.5, 52.0, 19.25, 26.0, 9999.0, 1.25, 1.5, 19.75, 9999.0, 9999.0, 9999.0, 120.75, 124.5, 120.25, 104.0, 135.25
2023-04-06, 04:14:32, 132.5, 52.0, 19.0, 26.25, 9999.0, 1.25, 1.5, 19.75, 9999.0, 9999.0, 9999.0, 121.0, 124.5, 120.25, 104.0, 135.25
2023-04-06, 04:14:36, 132.5, 52.0, 19.0, 26.25, 9999.0, 1.25, 1.5, 19.75, 9999.0, 9999.0, 9999.0, 120.75, 124.5, 120.25, 104.0, 135.25
2023-04-06, 04:14:40, 132.5, 52.0, 19.25, 26.25, 9999.0, 1.25, 1.5, 19.75, 9999.0, 9999.0, 9999.0, 120.75, 124.25, 120.25, 104.0, 135.25
2023-04-06, 04:14:44, 132.5, 52.0, 19.0, 26.0, 9999.0, 1.25, 1.5, 19.75, 9999.0, 9999.0, 9999.0, 120.75, 124.25, 120.5, 104.0, 135.25
2023-04-06, 04:14:48, 132.5, 52.0, 19.25, 26.0, 9999.0, 1.25, 1.5, 19.75, 9999.0, 9999.0, 9999.0, 120.75, 124.25, 120.25, 104.0, 135.25
2023-04-06, 04:14:52, 132.5, 52.0, 19.25, 26.0, 9999.0, 1.25, 1.5, 19.75, 9999.0, 9999.0, 9999.0, 120.75, 124.25, 120.5, 104.0, 135.25
2023-04-06, 04:14:56, 132.5, 52.0, 19.25, 26.25, 9999.0, 1.5, 1.5, 19.75, 9999.0, 9999.0, 9999.0, 120.75, 124.25, 120.5, 104.0, 135.25
2023-04-06, 04:15:00, 132.5, 52.0, 19.25, 26.25, 9999.0, 1.5, 1.5, 19.75, 9999.0, 9999.0, 9999.0, 120.5, 124.25, 120.25, 104.0, 135.25
2023-04-06, 04:15:04, 132.5, 52.0, 19.0, 26.25, 9999.0, 1.5, 1.5, 19.75, 9999.0, 9999.0, 9999.0, 121.25, 124.25, 120.25, 104.0, 135.25
2023-04-06, 04:15:08, 132.5, 52.0, 19.0, 26.25, 9999.0, 1.5, 1.5, 19.75, 9999.0, 9999.0, 9999.0, 121.25, 124.25, 120.25, 104.0, 135.25
2023-04-06, 04:15:12, 132.75, 52.0, 19.0, 26.25, 9999.0, 1.5, 1.5, 19.75, 9999.0, 9999.0, 9999.0, 121.25, 124.25, 120.25, 104.0, 135.25
2023-04-06, 04:15:16, 132.5, 52.0, 19.0, 26.25, 9999.0, 1.25, 1.5, 19.75, 9999.0, 9999.0, 9999.0, 121.25, 124.25, 120.25, 104.0, 135.25
2023-04-06, 04:15:20, 132.5, 52.0, 19.0, 26.25, 9999.0, 1.25, 1.5, 19.75, 9999.0, 9999.0, 9999.0, 121.25, 124.25, 120.25, 104.0, 135.25
2023-04-06, 04:15:24, 132.5, 52.0, 19.0, 26.25, 9999.0, 1.25, 1.5, 19.75, 9999.0, 9999.0, 9999.0, 121.25, 124.25, 120.25, 104.0, 135.25
2023-04-06, 04:15:28, 132.5, 52.25, 19.0, 26.0, 9999.0, 1.25, 1.5, 19.75, 9999.0, 9999.0, 9999.0, 121.0, 124.25, 120.25, 104.0, 135.25
2023-04-06, 04:15:32, 132.5, 52.0, 19.0, 26.0, 9999.0, 1.25, 1.5, 19.75, 9999.0, 9999.0, 9999.0, 121.0, 124.5, 120.25, 104.0, 135.25
2023-04-06, 04:15:36, 132.5, 52.0, 19.0, 26.0, 9999.0, 1.25, 1.5, 19.75, 9999.0, 9999.0, 9999.0, 121.0, 124.5, 120.25, 104.0, 135.25
2023-04-06, 04:15:40, 132.5, 52.0, 19.0, 26.0, 9999.0, 1.25, 1.5, 19.75, 9999.0, 9999.0, 9999.0, 121.0, 124.5, 120.25, 104.0, 135.25
2023-04-06, 04:15:44, 132.5, 52.0, 19.0, 25.75, 9999.0, 1.25, 1.5, 19.75, 9999.0, 9999.0, 9999.0, 121.0, 124.5, 120.25, 104.0, 135.25
2023-04-06, 04:15:48, 132.5, 52.0, 19.0, 25.75, 9999.0, 1.25, 1.5, 19.75, 9999.0, 9999.0, 9999.0, 121.0, 124.5, 120.25, 104.0, 135.25
2023-04-06, 04:15:52, 132.5, 52.0, 19.0, 25.75, 9999.0, 1.25, 1.5, 19.75, 9999.0, 9999.0, 9999.0, 120.75, 124.25, 120.25, 104.0, 135.25
2023-04-06, 04:15:56, 132.5, 52.0, 19.0, 25.75, 9999.0, 1.25, 1.5, 19.75, 9999.0, 9999.0, 9999.0, 120.75, 124.5, 120.25, 104.0, 135.25
2023-04-06, 04:16:00, 132.5, 52.0, 19.0, 26.0, 9999.0, 1.25, 1.5, 19.75, 9999.0, 9999.0, 9999.0, 120.75, 124.5, 120.5, 104.0, 135.25
2023-04-06, 04:16:04, 132.5, 52.0, 19.0, 26.0, 9999.0, 1.25, 1.5, 19.75, 9999.0, 9999.0, 9999.0, 120.75, 124.25, 120.5, 104.0, 135.25
2023-04-06, 04:16:08, 132.5, 52.0, 19.0, 26.0, 9999.0, 1.25, 1.5, 19.75, 9999.0, 9999.0, 9999.0, 120.75, 124.25, 120.5, 104.0, 135.25
2023-04-06, 04:16:12, 132.5, 52.0, 19.0, 26.0, 9999.0, 1.25, 1.5, 19.75, 9999.0, 9999.0, 9999.0, 120.5, 124.25, 120.25, 104.0, 135.25
2023-04-06, 04:16:16, 132.5, 52.0, 19.0, 25.75, 9999.0, 1.5, 1.5, 19.75, 9999.0, 9999.0, 9999.0, 120.5, 124.25, 120.5, 104.0, 135.25
2023-04-06, 04:16:20, 132.5, 52.0, 19.0, 25.75, 9999.0, 1.5, 1.5, 19.75, 9999.0, 9999.0, 9999.0, 120.5, 124.25, 120.5, 104.0, 135.25
2023-04-06, 04:16:24, 132.5, 52.0, 19.0, 26.0, 9999.0, 1.5, 1.5, 19.75, 9999.0, 9999.0, 9999.0, 121.25, 124.25, 120.25, 104.0, 135.25
2023-04-06, 04:16:28, 132.5, 52.0, 19.0, 26.0, 9999.0, 1.5, 1.5, 19.75, 9999.0, 9999.0, 9999.0, 121.25, 124.25, 120.5, 104.0, 135.25
2023-04-06, 04:16:33, 132.5, 52.0, 19.0, 25.75, 9999.0, 1.5, 1.5, 19.75, 9999.0, 9999.0, 9999.0, 121.25, 124.25, 120.25, 104.0, 135.25
2023-04-06, 04:16:37, 132.5, 52.0, 19.0, 26.0, 9999.0, 1.25, 1.5, 19.5, 9999.0, 9999.0, 9999.0, 121.0, 124.25, 120.25, 104.0, 135.25
2023-04-06, 04:16:41, 132.5, 52.0, 19.0, 26.0, 9999.0, 1.25, 1.5, 19.75, 9999.0, 9999.0, 9999.0, 121.0, 124.25, 120.25, 104.0, 135.25
2023-04-06, 04:16:45, 132.5, 52.0, 19.0, 26.0, 9999.0, 1.25, 1.5, 19.75, 9999.0, 9999.0, 9999.0, 121.0, 124.25, 120.25, 104.0, 135.25
2023-04-06, 04:16:49, 132.5, 52.0, 19.0, 26.0, 9999.0, 1.25, 1.5, 19.75, 9999.0, 9999.0, 9999.0, 121.0, 124.25, 120.25, 104.0, 135.0
2023-04-06, 04:16:53, 132.5, 52.0, 19.0, 26.0, 9999.0, 1.25, 1.5, 19.75, 9999.0, 9999.0, 9999.0, 121.0, 124.5, 120.25, 104.0, 135.25
2023-04-06, 04:16:57, 132.5, 52.0, 19.0, 26.0, 9999.0, 1.25, 1.5, 19.75, 9999.0, 9999.0, 9999.0, 121.0, 124.5, 120.25, 104.0, 135.25
2023-04-06, 04:17:01, 132.5, 52.0, 19.0, 26.0, 9999.0, 1.25, 1.5, 19.75, 9999.0, 9999.0, 9999.0, 121.0, 124.5, 120.25, 104.0, 135.25
2023-04-06, 04:17:05, 132.5, 52.0, 19.0, 26.0, 9999.0, 1.0, 1.5, 19.75, 9999.0, 9999.0, 9999.0, 121.0, 124.25, 120.25, 104.0, 135.25
2023-04-06, 04:17:09, 132.5, 52.0, 19.0, 26.0, 9999.0, 1.25, 1.5, 19.75, 9999.0, 9999.0, 9999.0, 120.75, 124.25, 120.25, 104.0, 135.25
2023-04-06, 04:17:13, 132.5, 52.0, 19.0, 26.0, 9999.0, 1.25, 1.5, 19.75, 9999.0, 9999.0, 9999.0, 120.75, 124.25, 120.25, 103.75, 135.25
2023-04-06, 04:17:17, 132.5, 52.0, 19.0, 26.0, 9999.0, 1.0, 1.5, 19.75, 9999.0, 9999.0, 9999.0, 120.75, 124.25, 120.25, 104.0, 135.25
2023-04-06, 04:17:21, 132.5, 52.0, 19.0, 26.0, 9999.0, 1.0, 1.5, 19.5, 9999.0, 9999.0, 9999.0, 120.75, 124.25, 120.25, 104.0, 135.25
2023-04-06, 04:17:25, 132.5, 52.0, 19.0, 25.75, 9999.0, 1.25, 1.25, 19.75, 9999.0, 9999.0, 9999.0, 120.75, 124.25, 120.5, 104.0, 135.25
2023-04-06, 04:17:29, 132.5, 52.0, 19.0, 25.75, 9999.0, 1.25, 1.5, 19.75, 9999.0, 9999.0, 9999.0, 120.75, 124.25, 120.25, 104.0, 135.25
2023-04-06, 04:17:33, 132.5, 52.0, 19.0, 26.0, 9999.0, 1.25, 1.5, 19.5, 9999.0, 9999.0, 9999.0, 120.5, 124.25, 120.5, 104.0, 135.25
2023-04-06, 04:17:37, 132.5, 52.0, 19.0, 25.75, 9999.0, 1.5, 1.5, 19.75, 9999.0, 9999.0, 9999.0, 120.5, 124.25, 120.25, 104.0, 135.25
2023-04-06, 04:17:41, 132.5, 52.0, 19.0, 26.0, 9999.0, 1.5, 1.5, 19.5, 9999.0, 9999.0, 9999.0, 121.25, 124.25, 120.25, 104.0, 135.25
2023-04-06, 04:17:45, 132.5, 52.0, 19.0, 26.0, 9999.0, 1.5, 1.5, 19.5, 9999.0, 9999.0, 9999.0, 121.25, 124.25, 120.25, 104.0, 135.25
2023-04-06, 04:17:49, 132.5, 52.0, 19.0, 26.0, 9999.0, 1.25, 1.5, 19.5, 9999.0, 9999.0, 9999.0, 121.25, 124.25, 120.25, 104.0, 135.25
2023-04-06, 04:17:53, 132.5, 52.0, 19.0, 26.0, 9999.0, 1.25, 1.5, 19.5, 9999.0, 9999.0, 9999.0, 121.25, 124.25, 120.5, 104.0, 135.25
2023-04-06, 04:17:57, 132.5, 52.0, 19.0, 26.0, 9999.0, 1.25, 1.5, 19.75, 9999.0, 9999.0, 9999.0, 121.25, 124.25, 120.25, 104.0, 135.25
2023-04-06, 04:18:01, 132.5, 52.0, 19.0, 26.0, 9999.0, 1.25, 1.5, 19.75, 9999.0, 9999.0, 9999.0, 121.0, 124.25, 120.25, 104.0, 135.0
2023-04-06, 04:18:05, 132.5, 52.0, 19.0, 26.0, 9999.0, 1.25, 1.5, 19.75, 9999.0, 9999.0, 9999.0, 121.0, 124.25, 120.25, 104.0, 135.25
2023-04-06, 04:18:09, 132.5, 52.0, 19.0, 26.0, 9999.0, 1.25, 1.5, 19.5, 9999.0, 9999.0, 9999.0, 121.0, 124.25, 120.25, 104.0, 135.25
2023-04-06, 04:18:13, 132.5, 52.0, 19.0, 26.0, 9999.0, 1.25, 1.5, 19.5, 9999.0, 9999.0, 9999.0, 121.0, 124.5, 120.25, 104.0, 135.25
2023-04-06, 04:18:17, 132.5, 52.0, 19.0, 26.0, 9999.0, 1.25, 1.5, 19.5, 9999.0, 9999.0, 9999.0, 121.0, 124.5, 120.25, 104.0, 135.25
2023-04-06, 04:18:21, 132.5, 52.0, 19.0, 26.0, 9999.0, 1.0, 1.5, 19.75, 9999.0, 9999.0, 9999.0, 121.0, 124.5, 120.25, 104.0, 135.25
2023-04-06, 04:18:25, 132.5, 52.0, 19.0, 26.0, 9999.0, 1.25, 1.5, 19.75, 9999.0, 9999.0, 9999.0, 120.75, 124.5, 120.25, 104.0, 135.25
2023-04-06, 04:18:29, 132.5, 52.0, 19.0, 26.0, 9999.0, 1.0, 1.25, 19.5, 9999.0, 9999.0, 9999.0, 120.75, 124.25, 120.25, 104.0, 135.25
2023-04-06, 04:18:33, 132.5, 52.0, 19.0, 26.0, 9999.0, 1.0, 1.5, 19.5, 9999.0, 9999.0, 9999.0, 120.75, 124.25, 120.25, 104.0, 135.25
2023-04-06, 04:18:37, 132.5, 52.0, 19.0, 26.0, 9999.0, 1.0, 1.5, 19.5, 9999.0, 9999.0, 9999.0, 120.75, 124.25, 120.25, 104.0, 135.25
2023-04-06, 04:18:41, 132.5, 52.0, 19.0, 26.0, 9999.0, 1.0, 1.25, 19.5, 9999.0, 9999.0, 9999.0, 120.75, 124.25, 120.25, 104.0, 135.25
2023-04-06, 04:18:45, 132.5, 52.0, 19.0, 26.0, 9999.0, 1.25, 1.5, 19.5, 9999.0, 9999.0, 9999.0, 120.75, 124.25, 120.25, 104.0, 135.25
2023-04-06, 04:18:49, 132.5, 52.0, 19.0, 26.0, 9999.0, 1.25, 1.25, 19.5, 9999.0, 9999.0, 9999.0, 120.75, 124.25, 120.25, 104.0, 135.25
2023-04-06, 04:18:53, 132.5, 52.0, 18.75, 26.25, 9999.0, 1.5, 1.5, 19.5, 9999.0, 9999.0, 9999.0, 120.5, 124.25, 120.25, 104.0, 135.25
2023-04-06, 04:18:57, 132.5, 52.0, 19.0, 26.0, 9999.0, 1.5, 1.5, 19.5, 9999.0, 9999.0, 9999.0, 120.5, 124.25, 120.25, 104.0, 135.25
2023-04-06, 04:19:01, 132.5, 52.0, 18.75, 26.0, 9999.0, 1.5, 1.5, 19.5, 9999.0, 9999.0, 9999.0, 121.25, 124.25, 120.25, 104.0, 135.25
2023-04-06, 04:19:05, 132.5, 52.0, 19.0, 26.0, 9999.0, 1.25, 1.5, 19.5, 9999.0, 9999.0, 9999.0, 121.25, 124.25, 120.25, 104.0, 135.25
2023-04-06, 04:19:09, 132.5, 52.0, 19.0, 26.0, 9999.0, 1.5, 1.5, 19.5, 9999.0, 9999.0, 9999.0, 121.25, 124.25, 120.25, 104.0, 135.25
2023-04-06, 04:19:13, 132.5, 52.0, 19.0, 26.0, 9999.0, 1.25, 1.5, 19.5, 9999.0, 9999.0, 9999.0, 121.25, 124.25, 120.25, 104.0, 135.25
2023-04-06, 04:19:17, 132.25, 52.0, 19.0, 26.25, 9999.0, 1.25, 1.5, 19.5, 9999.0, 9999.0, 9999.0, 121.0, 124.25, 120.25, 104.0, 135.25
2023-04-06, 04:19:21, 132.5, 52.0, 19.0, 26.0, 9999.0, 1.25, 1.5, 19.5, 9999.0, 9999.0, 9999.0, 121.0, 124.25, 120.25, 104.0, 135.0
2023-04-06, 04:19:25, 132.5, 52.0, 19.0, 26.0, 9999.0, 1.25, 1.5, 19.5, 9999.0, 9999.0, 9999.0, 121.0, 124.25, 120.25, 104.0, 135.25
2023-04-06, 04:19:29, 132.5, 52.0, 18.75, 26.0, 9999.0, 1.25, 1.5, 19.5, 9999.0, 9999.0, 9999.0, 121.0, 124.25, 120.25, 104.0, 135.25
2023-04-06, 04:19:33, 132.25, 52.0, 19.0, 26.0, 9999.0, 1.25, 1.5, 19.5, 9999.0, 9999.0, 9999.0, 121.0, 124.5, 120.25, 104.0, 135.25
2023-04-06, 04:19:37, 132.5, 52.0, 19.0, 26.0, 9999.0, 1.25, 1.5, 19.5, 9999.0, 9999.0, 9999.0, 121.0, 124.25, 120.25, 104.0, 135.25
2023-04-06, 04:19:41, 132.5, 52.0, 19.0, 26.0, 9999.0, 1.25, 1.5, 19.5, 9999.0, 9999.0, 9999.0, 120.75, 124.25, 120.25, 104.0, 135.25
2023-04-06, 04:19:45, 132.5, 52.0, 19.0, 26.0, 9999.0, 1.0, 1.5, 19.5, 9999.0, 9999.0, 9999.0, 120.75, 124.25, 120.25, 104.0, 135.25
2023-04-06, 04:19:49, 132.5, 52.0, 19.0, 26.0, 9999.0, 1.0, 1.5, 19.5, 9999.0, 9999.0, 9999.0, 120.75, 124.25, 120.5, 104.0, 135.25
2023-04-06, 04:19:53, 132.5, 52.0, 19.0, 26.0, 9999.0, 1.0, 1.25, 19.5, 9999.0, 9999.0, 9999.0, 120.75, 124.5, 120.25, 104.0, 135.25
2023-04-06, 04:19:57, 132.5, 52.0, 19.0, 26.0, 9999.0, 1.0, 1.5, 19.5, 9999.0, 9999.0, 9999.0, 120.75, 124.25, 120.25, 104.0, 135.25
2023-04-06, 04:20:01, 132.5, 52.0, 19.0, 26.0, 9999.0, 1.25, 1.25, 19.5, 9999.0, 9999.0, 9999.0, 120.75, 124.25, 120.25, 104.0, 135.25
2023-04-06, 04:20:05, 132.5, 52.0, 19.0, 26.0, 9999.0, 1.25, 1.5, 19.5, 9999.0, 9999.0, 9999.0, 120.5, 124.25, 120.25, 104.0, 135.25
2023-04-06, 04:20:09, 132.5, 52.0, 19.0, 26.0, 9999.0, 1.25, 1.25, 19.5, 9999.0, 9999.0, 9999.0, 120.75, 124.25, 120.25, 104.0, 135.25
2023-04-06, 04:20:13, 132.5, 52.0, 19.0, 26.25, 9999.0, 1.5, 1.5, 19.75, 9999.0, 9999.0, 9999.0, 120.5, 124.25, 120.25, 104.0, 135.25
2023-04-06, 04:20:17, 132.25, 52.0, 18.75, 26.25, 9999.0, 1.25, 1.5, 19.5, 9999.0, 9999.0, 9999.0, 121.25, 124.25, 120.25, 104.0, 135.25
2023-04-06, 04:20:21, 132.5, 51.75, 18.75, 26.25, 9999.0, 1.25, 1.5, 19.5, 9999.0, 9999.0, 9999.0, 121.25, 124.25, 120.25, 104.0, 135.25
2023-04-06, 04:20:25, 132.5, 52.0, 18.75, 26.25, 9999.0, 1.25, 1.5, 19.75, 9999.0, 9999.0, 9999.0, 121.25, 124.25, 120.25, 104.0, 135.25
2023-04-06, 04:20:29, 132.25, 52.0, 19.0, 26.25, 9999.0, 1.25, 1.5, 19.75, 9999.0, 9999.0, 9999.0, 121.25, 124.25, 120.5, 104.0, 135.25
2023-04-06, 04:20:33, 132.5, 51.75, 19.0, 26.25, 9999.0, 1.25, 1.5, 19.75, 9999.0, 9999.0, 9999.0, 121.0, 124.25, 120.25, 104.0, 135.25
2023-04-06, 04:20:37, 132.5, 52.0, 19.0, 26.25, 9999.0, 1.25, 1.5, 19.75, 9999.0, 9999.0, 9999.0, 121.0, 124.25, 120.25, 104.0, 135.25
2023-04-06, 04:20:41, 132.25, 52.0, 19.0, 26.25, 9999.0, 1.25, 1.5, 19.75, 9999.0, 9999.0, 9999.0, 121.0, 124.25, 120.25, 104.0, 135.25
2023-04-06, 04:20:45, 132.5, 52.0, 19.0, 26.0, 9999.0, 1.25, 1.25, 19.5, 9999.0, 9999.0, 9999.0, 121.0, 124.25, 120.25, 104.0, 135.25
2023-04-06, 04:20:49, 132.5, 52.0, 19.0, 26.0, 9999.0, 1.25, 1.5, 19.5, 9999.0, 9999.0, 9999.0, 121.0, 124.5, 120.25, 104.0, 135.25
2023-04-06, 04:20:53, 132.5, 52.0, 19.0, 26.0, 9999.0, 1.25, 1.5, 19.5, 9999.0, 9999.0, 9999.0, 121.0, 124.5, 120.5, 104.0, 135.25
2023-04-06, 04:20:58, 132.5, 52.0, 19.25, 26.0, 9999.0, 1.25, 1.5, 19.75, 9999.0, 9999.0, 9999.0, 121.0, 124.5, 120.5, 104.0, 135.25
2023-04-06, 04:21:02, 132.5, 52.0, 19.0, 26.0, 9999.0, 1.0, 1.5, 19.5, 9999.0, 9999.0, 9999.0, 120.75, 124.5, 120.5, 104.0, 135.25
2023-04-06, 04:21:06, 132.5, 52.0, 19.0, 26.0, 9999.0, 1.0, 1.5, 19.5, 9999.0, 9999.0, 9999.0, 120.75, 124.25, 120.25, 104.0, 135.25
2023-04-06, 04:21:10, 132.5, 52.0, 19.0, 26.0, 9999.0, 1.0, 1.25, 19.5, 9999.0, 9999.0, 9999.0, 120.75, 124.5, 120.25, 104.0, 135.25
2023-04-06, 04:21:14, 132.5, 52.0, 19.0, 26.0, 9999.0, 1.0, 1.5, 19.5, 9999.0, 9999.0, 9999.0, 120.75, 124.5, 120.25, 104.0, 135.25
2023-04-06, 04:21:18, 132.5, 52.0, 19.0, 26.0, 9999.0, 1.0, 1.5, 19.5, 9999.0, 9999.0, 9999.0, 120.75, 124.25, 120.5, 104.0, 135.25
2023-04-06, 04:21:22, 132.5, 52.0, 19.0, 26.25, 9999.0, 1.25, 1.25, 19.75, 9999.0, 9999.0, 9999.0, 120.75, 124.25, 120.5, 104.0, 135.25
2023-04-06, 04:21:26, 132.5, 52.0, 19.0, 26.25, 9999.0, 1.25, 1.5, 19.5, 9999.0, 9999.0, 9999.0, 120.75, 124.25, 120.5, 104.0, 135.25
2023-04-06, 04:21:30, 132.5, 52.0, 19.0, 26.0, 9999.0, 1.25, 1.25, 19.5, 9999.0, 9999.0, 9999.0, 120.5, 124.25, 120.5, 104.0, 135.0
2023-04-06, 04:21:34, 132.5, 52.0, 19.0, 26.25, 9999.0, 1.5, 1.5, 19.75, 9999.0, 9999.0, 9999.0, 120.5, 124.25, 120.5, 104.0, 135.25
2023-04-06, 04:21:38, 132.5, 52.0, 19.0, 26.25, 9999.0, 1.5, 1.5, 19.5, 9999.0, 9999.0, 9999.0, 121.25, 124.25, 120.25, 104.0, 135.25
2023-04-06, 04:21:42, 132.5, 52.0, 19.0, 26.0, 9999.0, 1.5, 1.5, 19.5, 9999.0, 9999.0, 9999.0, 121.25, 124.25, 120.25, 104.0, 135.25
2023-04-06, 04:21:46, 132.5, 52.0, 19.0, 26.0, 9999.0, 1.25, 1.5, 19.75, 9999.0, 9999.0, 9999.0, 121.25, 124.25, 120.5, 104.0, 135.25
2023-04-06, 04:21:50, 132.5, 52.0, 19.0, 26.0, 9999.0, 1.25, 1.5, 19.75, 9999.0, 9999.0, 9999.0, 121.25, 124.25, 120.25, 104.0, 135.25
2023-04-06, 04:21:54, 132.5, 52.0, 19.0, 26.0, 9999.0, 1.25, 1.5, 19.75, 9999.0, 9999.0, 9999.0, 121.0, 124.25, 120.25, 104.0, 135.25
2023-04-06, 04:21:58, 132.5, 52.0, 19.0, 26.0, 9999.0, 1.25, 1.5, 19.5, 9999.0, 9999.0, 9999.0, 121.0, 124.25, 120.25, 104.0, 135.25
2023-04-06, 04:22:02, 132.5, 52.0, 19.0, 26.0, 9999.0, 1.25, 1.5, 19.75, 9999.0, 9999.0, 9999.0, 121.0, 124.25, 120.25, 104.0, 135.25
2023-04-06, 04:22:06, 132.5, 52.0, 19.0, 26.0, 9999.0, 1.25, 1.5, 19.5, 9999.0, 9999.0, 9999.0, 121.0, 124.5, 120.25, 104.0, 135.25
2023-04-06, 04:22:10, 132.5, 52.0, 19.0, 26.0, 9999.0, 1.25, 1.5, 19.5, 9999.0, 9999.0, 9999.0, 121.0, 124.5, 120.25, 104.0, 135.25
2023-04-06, 04:22:14, 132.5, 52.0, 19.0, 26.0, 9999.0, 1.25, 1.5, 19.5, 9999.0, 9999.0, 9999.0, 121.0, 124.5, 120.5, 104.0, 135.25
2023-04-06, 04:22:18, 132.5, 52.0, 19.0, 26.25, 9999.0, 1.0, 1.5, 19.5, 9999.0, 9999.0, 9999.0, 121.0, 124.5, 120.5, 104.0, 135.25
2023-04-06, 04:22:22, 132.5, 52.0, 19.0, 26.0, 9999.0, 1.0, 1.5, 19.5, 9999.0, 9999.0, 9999.0, 120.75, 124.5, 120.25, 104.0, 135.25
2023-04-06, 04:22:26, 132.5, 52.0, 19.0, 26.0, 9999.0, 1.0, 1.5, 19.75, 9999.0, 9999.0, 9999.0, 120.75, 124.5, 120.25, 104.0, 135.25
2023-04-06, 04:22:30, 132.5, 52.0, 19.0, 26.0, 9999.0, 1.0, 1.5, 19.5, 9999.0, 9999.0, 9999.0, 120.75, 124.5, 120.5, 104.0, 135.25
2023-04-06, 04:22:34, 132.5, 52.0, 19.0, 26.0, 9999.0, 1.0, 1.5, 19.5, 9999.0, 9999.0, 9999.0, 120.75, 124.5, 120.5, 104.0, 135.25
2023-04-06, 04:22:38, 132.5, 52.0, 19.0, 26.25, 9999.0, 1.0, 1.5, 19.5, 9999.0, 9999.0, 9999.0, 120.75, 124.5, 120.5, 104.0, 135.25
2023-04-06, 04:22:42, 132.5, 52.0, 19.0, 26.0, 9999.0, 1.25, 1.5, 19.5, 9999.0, 9999.0, 9999.0, 120.5, 124.25, 120.5, 104.0, 135.25
2023-04-06, 04:22:46, 132.5, 51.75, 19.0, 26.25, 9999.0, 1.25, 1.25, 19.5, 9999.0, 9999.0, 9999.0, 120.5, 124.25, 120.5, 104.0, 135.25
2023-04-06, 04:22:50, 132.5, 52.0, 19.0, 26.25, 9999.0, 1.5, 1.5, 19.5, 9999.0, 9999.0, 9999.0, 120.5, 124.25, 120.25, 104.0, 135.25
2023-04-06, 04:22:54, 132.5, 52.0, 19.0, 26.0, 9999.0, 1.5, 1.5, 19.75, 9999.0, 9999.0, 9999.0, 120.5, 124.25, 120.5, 104.0, 135.25
2023-04-06, 04:22:58, 132.5, 52.0, 19.25, 26.25, 9999.0, 1.25, 1.5, 19.5, 9999.0, 9999.0, 9999.0, 121.25, 124.25, 120.5, 104.0, 135.25
2023-04-06, 04:23:02, 132.5, 52.0, 19.0, 26.25, 9999.0, 1.5, 1.5, 19.5, 9999.0, 9999.0, 9999.0, 121.25, 124.25, 120.5, 104.25, 135.25
2023-04-06, 04:23:06, 132.5, 52.0, 19.0, 26.25, 9999.0, 1.25, 1.5, 19.5, 9999.0, 9999.0, 9999.0, 121.25, 124.25, 120.5, 104.0, 135.25
2023-04-06, 04:23:10, 132.5, 51.75, 19.0, 26.25, 9999.0, 1.25, 1.5, 19.5, 9999.0, 9999.0, 9999.0, 121.0, 124.25, 120.5, 104.0, 135.25
2023-04-06, 04:23:14, 132.5, 52.0, 19.0, 26.25, 9999.0, 1.25, 1.5, 19.5, 9999.0, 9999.0, 9999.0, 121.0, 124.25, 120.25, 104.0, 135.25
2023-04-06, 04:23:18, 132.5, 52.0, 19.0, 26.25, 9999.0, 1.25, 1.5, 19.5, 9999.0, 9999.0, 9999.0, 121.0, 124.25, 120.5, 104.0, 135.25
2023-04-06, 04:23:22, 132.5, 52.0, 19.0, 26.0, 9999.0, 1.25, 1.5, 19.5, 9999.0, 9999.0, 9999.0, 121.0, 124.25, 120.25, 104.0, 135.25
2023-04-06, 04:23:26, 132.5, 52.0, 19.0, 26.25, 9999.0, 1.25, 1.5, 19.5, 9999.0, 9999.0, 9999.0, 121.0, 124.5, 120.5, 104.0, 135.25
2023-04-06, 04:23:30, 132.5, 52.0, 19.0, 26.0, 9999.0, 1.25, 1.5, 19.5, 9999.0, 9999.0, 9999.0, 121.0, 124.5, 120.25, 104.0, 135.25
2023-04-06, 04:23:34, 132.5, 52.0, 19.0, 26.0, 9999.0, 1.25, 1.5, 19.5, 9999.0, 9999.0, 9999.0, 121.0, 124.5, 120.5, 104.0, 135.25
2023-04-06, 04:23:38, 132.5, 52.0, 19.0, 26.25, 9999.0, 1.0, 1.25, 19.5, 9999.0, 9999.0, 9999.0, 120.75, 124.5, 120.25, 104.0, 135.25
2023-04-06, 04:23:42, 132.25, 52.0, 19.0, 26.25, 9999.0, 1.0, 1.5, 19.5, 9999.0, 9999.0, 9999.0, 120.75, 124.25, 120.5, 104.0, 135.25
2023-04-06, 04:23:46, 132.5, 52.0, 19.0, 26.25, 9999.0, 1.0, 1.5, 19.75, 9999.0, 9999.0, 9999.0, 120.75, 124.5, 120.5, 104.0, 135.25
2023-04-06, 04:23:50, 132.25, 52.0, 19.0, 26.25, 9999.0, 1.0, 1.25, 19.5, 9999.0, 9999.0, 9999.0, 120.75, 124.25, 120.5, 104.0, 135.25
2023-04-06, 04:23:54, 132.5, 52.0, 19.0, 26.0, 9999.0, 1.0, 1.5, 19.75, 9999.0, 9999.0, 9999.0, 120.75, 124.5, 120.5, 104.0, 135.25
2023-04-06, 04:23:58, 132.25, 52.0, 19.0, 26.25, 9999.0, 1.0, 1.5, 19.5, 9999.0, 9999.0, 9999.0, 120.75, 124.5, 120.5, 104.0, 135.25
2023-04-06, 04:24:02, 132.5, 52.0, 19.0, 26.25, 9999.0, 1.25, 1.25, 19.5, 9999.0, 9999.0, 9999.0, 120.75, 124.5, 120.5, 104.0, 135.25
2023-04-06, 04:24:06, 132.25, 52.0, 19.0, 26.25, 9999.0, 1.25, 1.25, 19.5, 9999.0, 9999.0, 9999.0, 120.75, 124.5, 120.5, 104.0, 135.25
2023-04-06, 04:24:10, 132.5, 52.0, 19.0, 26.25, 9999.0, 1.25, 1.5, 19.5, 9999.0, 9999.0, 9999.0, 120.5, 124.25, 120.5, 104.0, 135.25
2023-04-06, 04:24:14, 132.25, 52.0, 19.0, 26.25, 9999.0, 1.5, 1.5, 19.5, 9999.0, 9999.0, 9999.0, 120.5, 124.5, 120.25, 104.0, 135.25
2023-04-06, 04:24:18, 132.5, 52.0, 19.0, 26.25, 9999.0, 1.5, 1.5, 19.75, 9999.0, 9999.0, 9999.0, 121.25, 124.25, 120.5, 104.0, 135.25
2023-04-06, 04:24:22, 132.5, 52.0, 19.0, 26.25, 9999.0, 1.5, 1.5, 19.5, 9999.0, 9999.0, 9999.0, 121.25, 124.25, 120.5, 104.0, 135.25
2023-04-06, 04:24:26, 132.5, 52.0, 19.0, 26.25, 9999.0, 1.25, 1.5, 19.5, 9999.0, 9999.0, 9999.0, 121.25, 124.25, 120.5, 104.0, 135.25
2023-04-06, 04:24:30, 132.5, 52.0, 19.0, 26.25, 9999.0, 1.25, 1.5, 19.5, 9999.0, 9999.0, 9999.0, 121.0, 124.25, 120.5, 104.0, 135.25
2023-04-06, 04:24:34, 132.25, 52.0, 19.0, 26.0, 9999.0, 1.25, 1.5, 19.5, 9999.0, 9999.0, 9999.0, 121.0, 124.25, 120.5, 104.0, 135.25
2023-04-06, 04:24:38, 132.25, 51.75, 19.0, 26.0, 9999.0, 1.25, 1.5, 19.5, 9999.0, 9999.0, 9999.0, 121.0, 124.25, 120.5, 104.0, 135.25
2023-04-06, 04:24:42, 132.25, 52.0, 18.75, 26.0, 9999.0, 1.25, 1.5, 19.5, 9999.0, 9999.0, 9999.0, 121.0, 124.25, 120.5, 104.0, 135.25
2023-04-06, 04:24:46, 132.5, 52.0, 19.0, 26.25, 9999.0, 1.25, 1.5, 19.5, 9999.0, 9999.0, 9999.0, 121.0, 124.5, 120.25, 104.0, 135.25
2023-04-06, 04:24:50, 132.25, 51.75, 19.0, 26.25, 9999.0, 1.25, 1.5, 19.5, 9999.0, 9999.0, 9999.0, 121.0, 124.5, 120.5, 104.0, 135.25
2023-04-06, 04:24:54, 132.25, 52.0, 19.0, 26.25, 9999.0, 1.25, 1.5, 19.75, 9999.0, 9999.0, 9999.0, 121.0, 124.5, 120.5, 104.0, 135.25
2023-04-06, 04:24:58, 132.25, 52.0, 19.0, 26.25, 9999.0, 1.0, 1.5, 19.5, 9999.0, 9999.0, 9999.0, 121.0, 124.5, 120.5, 104.0, 135.25
2023-04-06, 04:25:02, 132.25, 52.0, 19.0, 26.25, 9999.0, 1.0, 1.5, 19.5, 9999.0, 9999.0, 9999.0, 120.75, 124.5, 120.5, 104.0, 135.25
2023-04-06, 04:25:06, 132.5, 52.0, 19.0, 26.0, 9999.0, 1.0, 1.25, 19.5, 9999.0, 9999.0, 9999.0, 120.75, 124.5, 120.5, 104.0, 135.25
2023-04-06, 04:25:10, 132.25, 52.0, 19.0, 26.25, 9999.0, 1.0, 1.5, 19.5, 9999.0, 9999.0, 9999.0, 120.75, 124.5, 120.5, 104.0, 135.25
2023-04-06, 04:25:14, 132.25, 52.0, 19.0, 26.25, 9999.0, 1.0, 1.25, 19.5, 9999.0, 9999.0, 9999.0, 120.75, 124.5, 120.5, 104.0, 135.25
2023-04-06, 04:25:18, 132.5, 52.0, 19.0, 26.25, 9999.0, 1.0, 1.25, 19.5, 9999.0, 9999.0, 9999.0, 120.5, 124.5, 120.5, 104.0, 135.25
2023-04-06, 04:25:22, 132.25, 52.0, 19.0, 26.25, 9999.0, 1.25, 1.25, 19.5, 9999.0, 9999.0, 9999.0, 120.75, 124.25, 120.5, 104.0, 135.25
2023-04-06, 04:25:27, 132.25, 52.0, 19.0, 26.25, 9999.0, 1.25, 1.25, 19.5, 9999.0, 9999.0, 9999.0, 120.5, 124.25, 120.5, 104.0, 135.25
2023-04-06, 04:25:31, 132.25, 52.0, 19.0, 26.0, 9999.0, 1.5, 1.5, 19.5, 9999.0, 9999.0, 9999.0, 120.75, 124.5, 120.5, 104.0, 135.25
2023-04-06, 04:25:35, 132.5, 52.0, 19.0, 26.25, 9999.0, 1.5, 1.5, 19.5, 9999.0, 9999.0, 9999.0, 120.5, 124.25, 120.5, 104.0, 135.25
2023-04-06, 04:25:39, 132.5, 52.0, 19.0, 26.25, 9999.0, 1.5, 1.5, 19.5, 9999.0, 9999.0, 9999.0, 121.25, 124.25, 120.5, 104.0, 135.25
2023-04-06, 04:25:43, 132.5, 52.0, 19.0, 26.25, 9999.0, 1.25, 1.5, 19.5, 9999.0, 9999.0, 9999.0, 121.25, 124.25, 120.5, 104.0, 135.25
2023-04-06, 04:25:47, 132.25, 52.0, 19.0, 26.25, 9999.0, 1.5, 1.25, 19.5, 9999.0, 9999.0, 9999.0, 121.25, 124.25, 120.5, 104.0, 135.25
2023-04-06, 04:25:51, 132.25, 52.0, 19.0, 26.25, 9999.0, 1.25, 1.5, 19.5, 9999.0, 9999.0, 9999.0, 121.25, 124.25, 120.5, 104.0, 135.25
2023-04-06, 04:25:55, 132.25, 52.0, 18.75, 26.25, 9999.0, 1.25, 1.5, 19.5, 9999.0, 9999.0, 9999.0, 121.0, 124.25, 120.5, 104.0, 135.25
2023-04-06, 04:25:59, 132.25, 52.0, 19.0, 26.0, 9999.0, 1.25, 1.5, 19.5, 9999.0, 9999.0, 9999.0, 121.0, 124.25, 120.5, 104.0, 135.25
2023-04-06, 04:26:03, 132.25, 52.0, 19.0, 26.25, 9999.0, 1.25, 1.5, 19.5, 9999.0, 9999.0, 9999.0, 121.0, 124.25, 120.5, 104.0, 135.25
2023-04-06, 04:26:07, 132.5, 52.0, 19.0, 26.0, 9999.0, 1.25, 1.25, 19.5, 9999.0, 9999.0, 9999.0, 121.0, 124.5, 120.5, 104.0, 135.25
2023-04-06, 04:26:11, 132.5, 52.0, 19.0, 26.0, 9999.0, 1.25, 1.25, 19.5, 9999.0, 9999.0, 9999.0, 121.0, 124.5, 120.5, 104.25, 135.25
2023-04-06, 04:26:15, 132.25, 52.0, 19.0, 26.25, 9999.0, 1.25, 1.5, 19.5, 9999.0, 9999.0, 9999.0, 121.0, 124.5, 120.5, 104.0, 135.25
2023-04-06, 04:26:19, 132.25, 51.75, 19.0, 26.25, 9999.0, 1.25, 1.25, 19.5, 9999.0, 9999.0, 9999.0, 121.0, 124.5, 120.5, 104.25, 135.25
2023-04-06, 04:26:23, 132.25, 51.75, 19.0, 26.25, 9999.0, 1.0, 1.25, 19.5, 9999.0, 9999.0, 9999.0, 121.0, 124.5, 120.5, 104.0, 135.25
2023-04-06, 04:26:27, 132.5, 52.0, 19.0, 26.25, 9999.0, 1.0, 1.5, 19.5, 9999.0, 9999.0, 9999.0, 120.75, 124.5, 120.5, 104.0, 135.25
2023-04-06, 04:26:31, 132.25, 52.0, 19.0, 26.25, 9999.0, 1.0, 1.5, 19.5, 9999.0, 9999.0, 9999.0, 120.75, 124.5, 120.5, 104.0, 135.25
2023-04-06, 04:26:35, 132.25, 52.0, 19.0, 26.25, 9999.0, 1.0, 1.5, 19.5, 9999.0, 9999.0, 9999.0, 120.75, 124.5, 120.5, 104.25, 135.25
2023-04-06, 04:26:39, 132.25, 52.0, 19.0, 26.25, 9999.0, 1.0, 1.25, 19.5, 9999.0, 9999.0, 9999.0, 120.75, 124.5, 120.5, 104.25, 135.25
2023-04-06, 04:26:43, 132.25, 52.0, 19.0, 26.25, 9999.0, 1.25, 1.5, 19.5, 9999.0, 9999.0, 9999.0, 120.75, 124.5, 120.5, 104.0, 135.25
2023-04-06, 04:26:47, 132.25, 52.0, 19.0, 26.25, 9999.0, 1.25, 1.5, 19.5, 9999.0, 9999.0, 9999.0, 120.5, 124.5, 120.5, 104.0, 135.25
2023-04-06, 04:26:51, 132.25, 52.0, 19.0, 26.0, 9999.0, 1.25, 1.5, 19.5, 9999.0, 9999.0, 9999.0, 120.5, 124.5, 120.5, 104.0, 135.25
2023-04-06, 04:26:55, 132.25, 52.0, 19.0, 26.0, 9999.0, 1.5, 1.5, 19.5, 9999.0, 9999.0, 9999.0, 120.5, 124.5, 120.5, 104.0, 135.25
2023-04-06, 04:26:59, 132.5, 51.75, 19.0, 25.75, 9999.0, 1.5, 1.5, 19.5, 9999.0, 9999.0, 9999.0, 121.25, 124.25, 120.5, 104.0, 135.25
2023-04-06, 04:27:03, 132.25, 51.75, 19.25, 26.0, 9999.0, 1.25, 1.5, 19.5, 9999.0, 9999.0, 9999.0, 121.25, 124.5, 120.5, 104.0, 135.25
2023-04-06, 04:27:07, 132.25, 52.0, 19.0, 26.0, 9999.0, 1.25, 1.25, 19.5, 9999.0, 9999.0, 9999.0, 121.25, 124.5, 120.5, 104.0, 135.25
2023-04-06, 04:27:11, 132.25, 52.0, 19.0, 26.0, 9999.0, 1.25, 1.5, 19.5, 9999.0, 9999.0, 9999.0, 121.25, 124.25, 120.5, 104.25, 135.25
2023-04-06, 04:27:15, 132.25, 52.0, 18.75, 26.25, 9999.0, 1.25, 1.5, 19.5, 9999.0, 9999.0, 9999.0, 121.0, 124.5, 120.5, 104.0, 135.25
2023-04-06, 04:27:19, 132.25, 52.0, 19.0, 26.25, 9999.0, 1.25, 1.5, 19.5, 9999.0, 9999.0, 9999.0, 121.0, 124.5, 120.5, 104.0, 135.25
2023-04-06, 04:27:23, 132.25, 52.0, 19.0, 26.25, 9999.0, 1.25, 1.5, 19.5, 9999.0, 9999.0, 9999.0, 121.0, 124.25, 120.5, 104.0, 135.0
2023-04-06, 04:27:27, 132.25, 52.0, 18.75, 26.25, 9999.0, 1.0, 1.5, 19.5, 9999.0, 9999.0, 9999.0, 121.0, 124.5, 120.5, 104.0, 135.25
2023-04-06, 04:27:31, 132.25, 52.0, 19.0, 26.25, 9999.0, 1.25, 1.5, 19.5, 9999.0, 9999.0, 9999.0, 121.0, 124.5, 120.5, 104.0, 135.25
2023-04-06, 04:27:35, 132.25, 52.0, 19.0, 26.0, 9999.0, 1.25, 1.5, 19.5, 9999.0, 9999.0, 9999.0, 121.0, 124.5, 120.5, 104.0, 135.25
2023-04-06, 04:27:39, 132.25, 52.0, 19.0, 26.0, 9999.0, 1.0, 1.25, 19.5, 9999.0, 9999.0, 9999.0, 121.0, 124.5, 120.5, 104.0, 135.25
2023-04-06, 04:27:43, 132.25, 52.0, 19.0, 26.0, 9999.0, 1.0, 1.25, 19.5, 9999.0, 9999.0, 9999.0, 120.75, 124.5, 120.5, 104.0, 135.25
2023-04-06, 04:27:47, 132.5, 52.0, 19.25, 26.0, 9999.0, 1.0, 1.25, 19.5, 9999.0, 9999.0, 9999.0, 120.75, 124.5, 120.5, 104.0, 135.25
2023-04-06, 04:27:51, 132.25, 52.0, 19.0, 26.0, 9999.0, 1.0, 1.25, 19.5, 9999.0, 9999.0, 9999.0, 120.75, 124.5, 120.5, 104.0, 135.25
2023-04-06, 04:27:55, 132.25, 51.75, 19.25, 26.0, 9999.0, 1.0, 1.25, 19.5, 9999.0, 9999.0, 9999.0, 120.75, 124.5, 120.5, 104.0, 135.25
2023-04-06, 04:27:59, 132.25, 52.0, 19.0, 26.0, 9999.0, 1.0, 1.25, 19.5, 9999.0, 9999.0, 9999.0, 120.75, 124.5, 120.5, 104.0, 135.25
2023-04-06, 04:28:03, 132.25, 51.75, 19.0, 26.0, 9999.0, 1.25, 1.25, 19.5, 9999.0, 9999.0, 9999.0, 120.75, 124.5, 120.5, 104.0, 135.25
2023-04-06, 04:28:07, 132.25, 52.0, 19.0, 26.0, 9999.0, 1.25, 1.25, 19.5, 9999.0, 9999.0, 9999.0, 120.5, 124.5, 120.5, 104.0, 135.25
2023-04-06, 04:28:11, 132.25, 52.0, 19.0, 26.0, 9999.0, 1.25, 1.25, 19.5, 9999.0, 9999.0, 9999.0, 120.5, 124.5, 120.5, 104.25, 135.25
2023-04-06, 04:28:15, 132.5, 52.0, 19.0, 26.0, 9999.0, 1.5, 1.25, 19.5, 9999.0, 9999.0, 9999.0, 120.5, 124.5, 120.5, 104.0, 135.25
2023-04-06, 04:28:19, 132.25, 52.0, 19.0, 26.25, 9999.0, 1.25, 1.5, 19.5, 9999.0, 9999.0, 9999.0, 121.25, 124.5, 120.5, 104.0, 135.25
2023-04-06, 04:28:23, 132.25, 52.0, 19.0, 26.25, 9999.0, 1.25, 1.5, 19.5, 9999.0, 9999.0, 9999.0, 121.25, 124.25, 120.5, 104.25, 135.25
2023-04-06, 04:28:27, 132.25, 52.0, 19.0, 26.25, 9999.0, 1.25, 1.5, 19.5, 9999.0, 9999.0, 9999.0, 121.25, 124.5, 120.5, 104.25, 135.25
2023-04-06, 04:28:31, 132.25, 52.0, 19.0, 26.25, 9999.0, 1.25, 1.5, 19.5, 9999.0, 9999.0, 9999.0, 121.25, 124.25, 120.5, 104.25, 135.25
2023-04-06, 04:28:35, 132.25, 52.0, 19.25, 26.25, 9999.0, 1.25, 1.5, 19.5, 9999.0, 9999.0, 9999.0, 121.0, 124.25, 120.5, 104.25, 135.25
2023-04-06, 04:28:39, 132.25, 52.0, 19.25, 26.25, 9999.0, 1.25, 1.5, 19.5, 9999.0, 9999.0, 9999.0, 121.0, 124.25, 120.5, 104.25, 135.25
2023-04-06, 04:28:43, 132.25, 51.75, 19.25, 26.25, 9999.0, 1.25, 1.25, 19.5, 9999.0, 9999.0, 9999.0, 121.0, 124.25, 120.5, 104.25, 135.25
2023-04-06, 04:28:47, 132.25, 52.0, 19.25, 26.25, 9999.0, 1.25, 1.5, 19.5, 9999.0, 9999.0, 9999.0, 121.0, 124.5, 120.5, 104.25, 135.25
2023-04-06, 04:28:51, 132.25, 52.0, 19.0, 26.0, 9999.0, 1.25, 1.5, 19.5, 9999.0, 9999.0, 9999.0, 121.0, 124.5, 120.5, 104.25, 135.25
2023-04-06, 04:28:55, 132.5, 52.0, 19.0, 26.0, 9999.0, 1.25, 1.25, 19.5, 9999.0, 9999.0, 9999.0, 121.0, 124.5, 120.5, 104.25, 135.25
2023-04-06, 04:28:59, 132.25, 52.0, 19.0, 26.0, 9999.0, 1.0, 1.25, 19.5, 9999.0, 9999.0, 9999.0, 121.0, 124.5, 120.5, 104.25, 135.25
2023-04-06, 04:29:03, 132.5, 52.0, 19.0, 26.25, 9999.0, 1.0, 1.25, 19.5, 9999.0, 9999.0, 9999.0, 121.0, 124.5, 120.5, 104.25, 135.25
2023-04-06, 04:29:07, 132.25, 52.0, 19.0, 26.0, 9999.0, 1.0, 1.5, 19.5, 9999.0, 9999.0, 9999.0, 120.75, 124.5, 120.5, 104.25, 135.25
2023-04-06, 04:29:11, 132.25, 52.0, 19.0, 26.25, 9999.0, 1.0, 1.5, 19.5, 9999.0, 9999.0, 9999.0, 120.75, 124.5, 120.5, 104.25, 135.25
2023-04-06, 04:29:15, 132.25, 52.0, 19.0, 26.25, 9999.0, 1.0, 1.25, 19.5, 9999.0, 9999.0, 9999.0, 120.75, 124.5, 120.5, 104.25, 135.25
2023-04-06, 04:29:19, 132.25, 52.0, 19.0, 26.0, 9999.0, 1.0, 1.5, 19.5, 9999.0, 9999.0, 9999.0, 120.75, 124.5, 120.5, 104.25, 135.25
2023-04-06, 04:29:23, 132.25, 52.0, 19.0, 26.0, 9999.0, 1.25, 1.25, 19.5, 9999.0, 9999.0, 9999.0, 120.75, 124.5, 120.5, 104.0, 135.25
2023-04-06, 04:29:27, 132.25, 51.75, 19.0, 26.0, 9999.0, 1.25, 1.25, 19.5, 9999.0, 9999.0, 9999.0, 120.5, 124.5, 120.5, 104.25, 135.25
2023-04-06, 04:29:31, 132.5, 52.0, 19.0, 26.0, 9999.0, 1.25, 1.5, 19.5, 9999.0, 9999.0, 9999.0, 120.75, 124.5, 120.5, 104.25, 135.25
2023-04-06, 04:29:35, 132.25, 52.0, 19.0, 26.0, 9999.0, 1.25, 1.5, 19.5, 9999.0, 9999.0, 9999.0, 120.5, 124.5, 120.5, 104.25, 135.25
2023-04-06, 04:29:39, 132.25, 52.0, 19.0, 26.0, 9999.0, 1.25, 1.25, 19.5, 9999.0, 9999.0, 9999.0, 121.25, 124.5, 120.5, 104.25, 135.25
2023-04-06, 04:29:43, 132.25, 52.0, 19.0, 26.0, 9999.0, 1.25, 1.5, 19.5, 9999.0, 9999.0, 9999.0, 121.25, 124.5, 120.5, 104.25, 135.25
2023-04-06, 04:29:47, 132.5, 52.0, 19.0, 26.0, 9999.0, 1.25, 1.25, 19.5, 9999.0, 9999.0, 9999.0, 121.25, 124.25, 120.5, 104.25, 135.25
2023-04-06, 04:29:52, 132.25, 52.0, 19.0, 26.0, 9999.0, 1.25, 1.5, 19.5, 9999.0, 9999.0, 9999.0, 121.25, 124.25, 120.5, 104.25, 135.25
2023-04-06, 04:29:56, 132.25, 52.0, 19.0, 26.0, 9999.0, 1.25, 1.5, 19.5, 9999.0, 9999.0, 9999.0, 121.25, 124.25, 120.5, 104.25, 135.25
2023-04-06, 04:30:00, 132.25, 52.0, 19.0, 25.75, 9999.0, 1.25, 1.5, 19.5, 9999.0, 9999.0, 9999.0, 121.0, 124.25, 120.5, 104.0, 135.25
2023-04-06, 04:30:04, 132.25, 52.0, 19.0, 26.0, 9999.0, 1.25, 1.5, 19.5, 9999.0, 9999.0, 9999.0, 121.0, 124.5, 120.5, 104.25, 135.25
2023-04-06, 04:30:08, 132.25, 52.0, 19.0, 26.25, 9999.0, 1.0, 1.5, 19.5, 9999.0, 9999.0, 9999.0, 121.0, 124.25, 120.5, 104.25, 135.25
2023-04-06, 04:30:12, 132.25, 52.0, 19.0, 26.25, 9999.0, 1.0, 1.5, 19.5, 9999.0, 9999.0, 9999.0, 121.0, 124.5, 120.5, 104.25, 135.25
2023-04-06, 04:30:16, 132.5, 52.0, 19.0, 26.25, 9999.0, 1.0, 1.25, 19.5, 9999.0, 9999.0, 9999.0, 121.0, 124.5, 120.5, 104.25, 135.25
2023-04-06, 04:30:20, 132.25, 51.75, 19.0, 26.25, 9999.0, 1.0, 1.25, 19.5, 9999.0, 9999.0, 9999.0, 121.0, 124.5, 120.5, 104.25, 135.25
2023-04-06, 04:30:24, 132.25, 52.0, 19.0, 26.25, 9999.0, 1.0, 1.25, 19.5, 9999.0, 9999.0, 9999.0, 121.0, 124.5, 120.5, 104.0, 135.25
2023-04-06, 04:30:28, 132.25, 52.0, 19.0, 26.25, 9999.0, 1.0, 1.5, 19.5, 9999.0, 9999.0, 9999.0, 121.0, 124.5, 120.5, 104.0, 135.25
2023-04-06, 04:30:32, 132.25, 52.0, 19.0, 26.0, 9999.0, 1.0, 1.25, 19.5, 9999.0, 9999.0, 9999.0, 120.75, 124.25, 120.5, 104.25, 135.25
2023-04-06, 04:30:36, 132.25, 52.0, 19.0, 26.0, 9999.0, 1.0, 1.25, 19.5, 9999.0, 9999.0, 9999.0, 120.75, 124.5, 120.5, 104.25, 135.25
2023-04-06, 04:30:40, 132.25, 52.0, 19.0, 26.0, 9999.0, 1.0, 1.5, 19.5, 9999.0, 9999.0, 9999.0, 120.75, 124.25, 120.5, 104.25, 135.25
2023-04-06, 04:30:44, 132.5, 52.0, 19.25, 26.0, 9999.0, 1.25, 1.25, 19.5, 9999.0, 9999.0, 9999.0, 120.75, 124.25, 120.5, 104.25, 135.25
2023-04-06, 04:30:48, 132.5, 52.0, 19.25, 26.25, 9999.0, 1.25, 1.5, 19.5, 9999.0, 9999.0, 9999.0, 120.75, 124.5, 120.5, 104.0, 135.25
2023-04-06, 04:30:52, 132.25, 52.0, 19.0, 26.25, 9999.0, 1.25, 1.5, 19.5, 9999.0, 9999.0, 9999.0, 120.75, 124.25, 120.5, 104.25, 135.25
2023-04-06, 04:30:56, 132.5, 52.0, 19.0, 26.25, 9999.0, 1.5, 1.5, 19.5, 9999.0, 9999.0, 9999.0, 120.75, 124.25, 120.5, 104.25, 135.25
2023-04-06, 04:31:00, 132.5, 52.0, 19.0, 26.25, 9999.0, 1.5, 1.25, 19.5, 9999.0, 9999.0, 9999.0, 121.5, 124.25, 120.5, 104.25, 135.25
2023-04-06, 04:31:04, 132.5, 52.0, 19.0, 26.25, 9999.0, 1.5, 1.5, 19.5, 9999.0, 9999.0, 9999.0, 121.25, 124.5, 120.5, 104.25, 135.25
2023-04-06, 04:31:08, 132.5, 52.0, 19.0, 26.25, 9999.0, 1.5, 1.25, 19.5, 9999.0, 9999.0, 9999.0, 121.25, 124.5, 120.5, 104.25, 135.25
2023-04-06, 04:31:12, 132.5, 52.0, 19.0, 26.25, 9999.0, 1.25, 1.5, 19.75, 9999.0, 9999.0, 9999.0, 121.25, 124.5, 120.5, 104.25, 135.25
2023-04-06, 04:31:16, 132.5, 52.0, 19.0, 26.25, 9999.0, 1.25, 1.5, 19.75, 9999.0, 9999.0, 9999.0, 121.25, 124.5, 120.5, 104.25, 135.25
2023-04-06, 04:31:20, 132.5, 52.0, 19.0, 26.25, 9999.0, 1.25, 1.5, 19.5, 9999.0, 9999.0, 9999.0, 121.0, 124.5, 120.5, 104.25, 135.25
2023-04-06, 04:31:24, 132.5, 52.0, 19.0, 26.25, 9999.0, 1.25, 1.5, 19.5, 9999.0, 9999.0, 9999.0, 121.0, 124.5, 120.5, 104.25, 135.25
2023-04-06, 04:31:28, 132.5, 52.0, 19.25, 26.25, 9999.0, 1.25, 1.5, 19.5, 9999.0, 9999.0, 9999.0, 121.0, 124.25, 120.5, 104.25, 135.25
2023-04-06, 04:31:32, 132.25, 52.0, 19.0, 26.25, 9999.0, 1.25, 1.5, 19.5, 9999.0, 9999.0, 9999.0, 121.0, 124.5, 120.5, 104.25, 135.25
2023-04-06, 04:31:36, 132.5, 52.0, 19.0, 26.25, 9999.0, 1.25, 1.5, 19.5, 9999.0, 9999.0, 9999.0, 121.0, 124.5, 120.5, 104.25, 135.25
2023-04-06, 04:31:40, 132.5, 52.0, 19.0, 26.25, 9999.0, 1.25, 1.5, 19.5, 9999.0, 9999.0, 9999.0, 121.0, 124.5, 120.5, 104.25, 135.25
2023-04-06, 04:31:44, 132.5, 52.0, 19.0, 26.25, 9999.0, 1.0, 1.5, 19.5, 9999.0, 9999.0, 9999.0, 121.0, 124.5, 120.5, 104.25, 135.25
2023-04-06, 04:31:48, 132.25, 52.0, 19.25, 26.25, 9999.0, 1.25, 1.5, 19.75, 9999.0, 9999.0, 9999.0, 121.0, 124.5, 120.5, 104.25, 135.25
2023-04-06, 04:31:52, 132.5, 52.0, 19.25, 26.25, 9999.0, 1.0, 1.25, 19.75, 9999.0, 9999.0, 9999.0, 121.0, 124.5, 120.5, 104.25, 135.25
2023-04-06, 04:31:56, 132.5, 52.0, 19.25, 26.25, 9999.0, 1.0, 1.25, 19.5, 9999.0, 9999.0, 9999.0, 120.75, 124.5, 120.5, 104.25, 135.25
2023-04-06, 04:32:00, 132.5, 52.0, 19.25, 26.25, 9999.0, 1.0, 1.5, 19.5, 9999.0, 9999.0, 9999.0, 120.75, 124.5, 120.5, 104.25, 135.25
2023-04-06, 04:32:04, 132.5, 52.0, 19.25, 26.25, 9999.0, 1.25, 1.25, 19.5, 9999.0, 9999.0, 9999.0, 120.75, 124.5, 120.5, 104.25, 135.25
2023-04-06, 04:32:08, 132.25, 52.0, 19.25, 26.0, 9999.0, 1.25, 1.25, 19.5, 9999.0, 9999.0, 9999.0, 120.5, 124.5, 120.5, 104.25, 135.25
2023-04-06, 04:32:12, 132.25, 52.0, 19.0, 26.0, 9999.0, 1.25, 1.5, 19.5, 9999.0, 9999.0, 9999.0, 120.75, 124.5, 120.5, 104.25, 135.25
2023-04-06, 04:32:16, 132.5, 52.0, 19.25, 26.25, 9999.0, 1.5, 1.5, 19.75, 9999.0, 9999.0, 9999.0, 120.75, 124.5, 120.5, 104.25, 135.25
2023-04-06, 04:32:20, 132.5, 52.0, 19.25, 26.0, 9999.0, 1.5, 1.5, 19.75, 9999.0, 9999.0, 9999.0, 121.5, 124.25, 120.5, 104.25, 135.25
2023-04-06, 04:32:24, 132.25, 52.0, 19.0, 26.25, 9999.0, 1.5, 1.5, 19.75, 9999.0, 9999.0, 9999.0, 121.5, 124.25, 120.5, 104.25, 135.25
2023-04-06, 04:32:28, 132.5, 52.0, 19.0, 26.25, 9999.0, 1.5, 1.5, 19.75, 9999.0, 9999.0, 9999.0, 121.25, 124.5, 120.5, 104.25, 135.25
2023-04-06, 04:32:32, 132.5, 52.0, 19.0, 26.25, 9999.0, 1.25, 1.5, 19.5, 9999.0, 9999.0, 9999.0, 121.25, 124.5, 120.5, 104.25, 135.25
2023-04-06, 04:32:36, 132.5, 52.0, 19.0, 26.0, 9999.0, 1.25, 1.5, 19.5, 9999.0, 9999.0, 9999.0, 121.25, 124.25, 120.5, 104.25, 135.25
2023-04-06, 04:32:40, 132.5, 52.0, 19.25, 26.25, 9999.0, 1.25, 1.5, 19.5, 9999.0, 9999.0, 9999.0, 121.25, 124.25, 120.5, 104.25, 135.25
2023-04-06, 04:32:44, 132.5, 52.0, 19.25, 26.25, 9999.0, 1.25, 1.5, 19.75, 9999.0, 9999.0, 9999.0, 121.25, 124.25, 120.5, 104.25, 135.25
2023-04-06, 04:32:48, 132.5, 52.0, 19.25, 26.25, 9999.0, 1.25, 1.5, 19.75, 9999.0, 9999.0, 9999.0, 121.0, 124.5, 120.5, 104.25, 135.25
2023-04-06, 04:32:52, 132.5, 52.0, 19.25, 26.25, 9999.0, 1.25, 1.5, 19.75, 9999.0, 9999.0, 9999.0, 121.0, 124.5, 120.5, 104.25, 135.25
2023-04-06, 04:32:56, 132.5, 52.0, 19.25, 26.25, 9999.0, 1.25, 1.5, 19.75, 9999.0, 9999.0, 9999.0, 121.0, 124.5, 120.5, 104.25, 135.25
2023-04-06, 04:33:00, 132.5, 52.0, 19.25, 26.25, 9999.0, 1.25, 1.5, 19.75, 9999.0, 9999.0, 9999.0, 121.0, 124.5, 120.5, 104.25, 135.25
2023-04-06, 04:33:04, 132.5, 52.0, 19.25, 26.25, 9999.0, 1.25, 1.5, 19.75, 9999.0, 9999.0, 9999.0, 121.0, 124.5, 120.5, 104.25, 135.25
2023-04-06, 04:33:08, 132.5, 52.0, 19.25, 26.25, 9999.0, 1.25, 1.5, 19.75, 9999.0, 9999.0, 9999.0, 121.0, 124.5, 120.5, 104.25, 135.25
2023-04-06, 04:33:12, 132.5, 52.0, 19.25, 26.0, 9999.0, 1.0, 1.5, 19.75, 9999.0, 9999.0, 9999.0, 121.0, 124.5, 120.5, 104.25, 135.25
2023-04-06, 04:33:16, 132.5, 52.0, 19.25, 26.25, 9999.0, 1.0, 1.5, 19.75, 9999.0, 9999.0, 9999.0, 120.75, 124.5, 120.5, 104.25, 135.25
2023-04-06, 04:33:20, 132.5, 52.0, 19.25, 26.25, 9999.0, 1.25, 1.5, 19.75, 9999.0, 9999.0, 9999.0, 120.75, 124.5, 120.5, 104.25, 135.25
2023-04-06, 04:33:24, 132.5, 52.25, 19.25, 26.0, 9999.0, 1.25, 1.5, 19.75, 9999.0, 9999.0, 9999.0, 120.75, 124.5, 120.5, 104.25, 135.25
2023-04-06, 04:33:28, 132.5, 52.0, 19.25, 26.0, 9999.0, 1.25, 1.5, 19.75, 9999.0, 9999.0, 9999.0, 120.75, 124.5, 120.5, 104.25, 135.25
2023-04-06, 04:33:32, 132.5, 52.0, 19.25, 26.0, 9999.0, 1.25, 1.5, 19.75, 9999.0, 9999.0, 9999.0, 120.75, 124.5, 120.5, 104.25, 135.25
2023-04-06, 04:33:36, 132.5, 52.0, 19.25, 26.0, 9999.0, 1.5, 1.5, 19.75, 9999.0, 9999.0, 9999.0, 120.75, 124.5, 120.5, 104.25, 135.25
2023-04-06, 04:33:40, 132.5, 52.0, 19.25, 26.25, 9999.0, 1.5, 1.5, 19.75, 9999.0, 9999.0, 9999.0, 121.5, 124.5, 120.5, 104.25, 135.25
2023-04-06, 04:33:44, 132.5, 52.25, 19.25, 26.0, 9999.0, 1.5, 1.5, 19.75, 9999.0, 9999.0, 9999.0, 121.5, 124.5, 120.5, 104.25, 135.25
2023-04-06, 04:33:48, 132.5, 52.25, 19.25, 26.0, 9999.0, 1.5, 1.5, 19.75, 9999.0, 9999.0, 9999.0, 121.25, 124.5, 120.5, 104.25, 135.25
2023-04-06, 04:33:52, 132.5, 52.25, 19.25, 26.0, 9999.0, 1.25, 1.5, 19.5, 9999.0, 9999.0, 9999.0, 121.25, 124.5, 120.5, 104.25, 135.5
2023-04-06, 04:33:56, 132.5, 52.25, 19.25, 26.0, 9999.0, 1.25, 1.5, 19.75, 9999.0, 9999.0, 9999.0, 121.25, 124.5, 120.5, 104.25, 135.25
2023-04-06, 04:34:00, 132.5, 52.25, 19.25, 25.75, 9999.0, 1.25, 1.5, 19.75, 9999.0, 9999.0, 9999.0, 121.25, 124.5, 120.5, 104.25, 135.25
2023-04-06, 04:34:04, 132.5, 52.25, 19.25, 25.5, 9999.0, 1.25, 1.5, 19.75, 9999.0, 9999.0, 9999.0, 121.25, 124.5, 120.5, 104.25, 135.25
2023-04-06, 04:34:08, 132.5, 52.25, 19.25, 25.75, 9999.0, 1.25, 1.5, 19.75, 9999.0, 9999.0, 9999.0, 121.0, 124.5, 120.5, 104.25, 135.25
2023-04-06, 04:34:12, 132.5, 52.25, 19.25, 26.0, 9999.0, 1.25, 1.5, 19.75, 9999.0, 9999.0, 9999.0, 121.0, 124.75, 120.5, 104.25, 135.25
2023-04-06, 04:34:16, 132.5, 52.25, 19.25, 26.0, 9999.0, 1.25, 1.5, 19.75, 9999.0, 9999.0, 9999.0, 121.0, 124.75, 120.5, 104.25, 135.25
2023-04-06, 04:34:21, 132.5, 52.25, 19.25, 26.0, 9999.0, 1.25, 1.5, 19.75, 9999.0, 9999.0, 9999.0, 121.0, 124.5, 120.5, 104.25, 135.25
2023-04-06, 04:34:25, 132.75, 52.25, 19.25, 26.0, 9999.0, 1.25, 1.5, 19.75, 9999.0, 9999.0, 9999.0, 121.0, 124.75, 120.5, 104.25, 135.25
2023-04-06, 04:34:29, 132.75, 52.25, 19.25, 26.25, 9999.0, 1.25, 1.5, 19.75, 9999.0, 9999.0, 9999.0, 121.0, 124.5, 120.5, 104.25, 135.25
2023-04-06, 04:34:33, 132.75, 52.0, 19.25, 26.0, 9999.0, 1.0, 1.5, 19.75, 9999.0, 9999.0, 9999.0, 121.0, 124.5, 120.5, 104.25, 135.25
2023-04-06, 04:34:37, 132.75, 52.25, 19.25, 26.0, 9999.0, 1.0, 1.5, 19.75, 9999.0, 9999.0, 9999.0, 120.75, 124.5, 120.5, 104.25, 135.25
2023-04-06, 04:34:41, 132.5, 52.25, 19.25, 26.0, 9999.0, 1.25, 1.5, 19.75, 9999.0, 9999.0, 9999.0, 120.75, 124.5, 120.5, 104.25, 135.5
2023-04-06, 04:34:45, 132.5, 52.25, 19.25, 26.0, 9999.0, 1.5, 1.5, 19.75, 9999.0, 9999.0, 9999.0, 120.75, 124.5, 120.5, 104.25, 135.25
2023-04-06, 04:34:49, 132.75, 52.25, 19.25, 26.0, 9999.0, 1.25, 1.5, 19.75, 9999.0, 9999.0, 9999.0, 120.75, 124.5, 120.5, 104.25, 135.25
2023-04-06, 04:34:53, 132.5, 52.25, 19.25, 26.25, 9999.0, 1.25, 1.5, 19.75, 9999.0, 9999.0, 9999.0, 120.75, 124.5, 120.75, 104.25, 135.25
2023-04-06, 04:34:57, 132.75, 52.25, 19.25, 26.0, 9999.0, 1.5, 1.5, 19.75, 9999.0, 9999.0, 9999.0, 120.75, 124.5, 120.5, 104.25, 135.25
2023-04-06, 04:35:01, 132.75, 52.25, 19.25, 26.25, 9999.0, 1.5, 1.5, 19.75, 9999.0, 9999.0, 9999.0, 121.5, 124.5, 120.5, 104.25, 135.5
2023-04-06, 04:35:05, 132.75, 52.25, 19.25, 26.25, 9999.0, 1.5, 1.5, 19.75, 9999.0, 9999.0, 9999.0, 121.5, 124.5, 120.5, 104.25, 135.25
2023-04-06, 04:35:09, 132.75, 52.25, 19.25, 26.25, 9999.0, 1.25, 1.5, 19.75, 9999.0, 9999.0, 9999.0, 121.25, 124.5, 120.75, 104.25, 135.5
2023-04-06, 04:35:13, 132.75, 52.25, 19.25, 26.25, 9999.0, 1.5, 1.5, 19.75, 9999.0, 9999.0, 9999.0, 121.25, 124.5, 120.5, 104.25, 135.25
2023-04-06, 04:35:17, 132.5, 52.25, 19.25, 26.0, 9999.0, 1.25, 1.5, 19.75, 9999.0, 9999.0, 9999.0, 121.25, 124.5, 120.5, 104.25, 135.5
2023-04-06, 04:35:21, 132.75, 52.25, 19.25, 26.0, 9999.0, 1.25, 1.5, 19.75, 9999.0, 9999.0, 9999.0, 121.25, 124.5, 120.5, 104.25, 135.5
2023-04-06, 04:35:25, 132.75, 52.0, 19.0, 26.0, 9999.0, 1.25, 1.5, 19.75, 9999.0, 9999.0, 9999.0, 121.25, 124.5, 120.5, 104.25, 135.5
2023-04-06, 04:35:29, 132.5, 52.25, 19.0, 26.25, 9999.0, 1.25, 1.5, 19.75, 9999.0, 9999.0, 9999.0, 121.25, 124.5, 120.5, 104.25, 135.5
2023-04-06, 04:35:33, 132.75, 52.25, 19.25, 26.25, 9999.0, 1.25, 1.5, 19.75, 9999.0, 9999.0, 9999.0, 121.0, 124.75, 120.5, 104.25, 135.5
2023-04-06, 04:35:37, 132.5, 52.25, 19.25, 26.0, 9999.0, 1.25, 1.5, 19.75, 9999.0, 9999.0, 9999.0, 121.25, 124.5, 120.5, 104.25, 135.25
2023-04-06, 04:35:41, 132.75, 52.25, 19.25, 26.0, 9999.0, 1.25, 1.5, 19.75, 9999.0, 9999.0, 9999.0, 121.25, 124.75, 120.5, 104.25, 135.5
2023-04-06, 04:35:45, 132.75, 52.25, 19.25, 26.0, 9999.0, 1.25, 1.5, 19.75, 9999.0, 9999.0, 9999.0, 121.0, 124.75, 120.5, 104.25, 135.5
2023-04-06, 04:35:49, 132.5, 52.25, 19.25, 26.0, 9999.0, 1.25, 1.5, 19.75, 9999.0, 9999.0, 9999.0, 121.0, 124.75, 120.5, 104.25, 135.5
2023-04-06, 04:35:53, 132.5, 52.25, 19.25, 25.75, 9999.0, 1.25, 1.5, 19.75, 9999.0, 9999.0, 9999.0, 121.0, 124.75, 120.5, 104.25, 135.5
2023-04-06, 04:35:57, 132.75, 52.25, 19.25, 25.75, 9999.0, 1.25, 1.5, 19.75, 9999.0, 9999.0, 9999.0, 121.0, 124.5, 120.5, 104.25, 135.5
2023-04-06, 04:36:01, 132.75, 52.25, 19.25, 25.75, 9999.0, 1.25, 1.5, 19.75, 9999.0, 9999.0, 9999.0, 120.75, 124.75, 120.75, 104.25, 135.25
2023-04-06, 04:36:05, 132.5, 52.25, 19.25, 25.75, 9999.0, 1.5, 1.5, 19.75, 9999.0, 9999.0, 9999.0, 120.75, 124.75, 120.75, 104.25, 135.5
2023-04-06, 04:36:09, 132.5, 52.25, 19.25, 26.0, 9999.0, 1.25, 1.5, 19.75, 9999.0, 9999.0, 9999.0, 120.75, 124.5, 120.5, 104.25, 135.25
2023-04-06, 04:36:13, 132.75, 52.25, 19.0, 26.0, 9999.0, 1.25, 1.5, 19.75, 9999.0, 9999.0, 9999.0, 120.75, 124.5, 120.5, 104.25, 135.5
2023-04-06, 04:36:17, 132.75, 52.25, 19.25, 26.25, 9999.0, 1.5, 1.5, 19.75, 9999.0, 9999.0, 9999.0, 120.75, 124.5, 120.5, 104.25, 135.5
2023-04-06, 04:36:21, 132.75, 52.25, 19.25, 26.25, 9999.0, 1.5, 1.5, 19.75, 9999.0, 9999.0, 9999.0, 120.75, 124.5, 120.5, 104.25, 135.25
2023-04-06, 04:36:25, 132.75, 52.25, 19.25, 26.0, 9999.0, 1.5, 1.5, 19.75, 9999.0, 9999.0, 9999.0, 121.5, 124.5, 120.75, 104.25, 135.5
2023-04-06, 04:36:29, 132.75, 52.25, 19.25, 26.0, 9999.0, 1.5, 1.5, 19.75, 9999.0, 9999.0, 9999.0, 121.5, 124.5, 120.5, 104.25, 135.25
2023-04-06, 04:36:33, 132.75, 52.25, 19.25, 26.25, 9999.0, 1.5, 1.5, 19.75, 9999.0, 9999.0, 9999.0, 121.5, 124.5, 120.5, 104.25, 135.25
2023-04-06, 04:36:37, 132.75, 52.25, 19.25, 26.25, 9999.0, 1.5, 1.5, 19.75, 9999.0, 9999.0, 9999.0, 121.25, 124.5, 120.5, 104.25, 135.5
2023-04-06, 04:36:41, 132.75, 52.25, 19.25, 26.25, 9999.0, 1.25, 1.5, 19.75, 9999.0, 9999.0, 9999.0, 121.25, 124.5, 120.5, 104.25, 135.5
2023-04-06, 04:36:45, 132.75, 52.25, 19.25, 26.25, 9999.0, 1.25, 1.5, 19.75, 9999.0, 9999.0, 9999.0, 121.25, 124.5, 120.5, 104.25, 135.5
2023-04-06, 04:36:49, 132.75, 52.25, 19.25, 26.25, 9999.0, 1.25, 1.5, 19.75, 9999.0, 9999.0, 9999.0, 121.25, 124.5, 120.5, 104.25, 135.25
2023-04-06, 04:36:53, 132.75, 52.25, 19.25, 26.0, 9999.0, 1.25, 1.5, 19.75, 9999.0, 9999.0, 9999.0, 121.25, 124.75, 120.5, 104.25, 135.5
2023-04-06, 04:36:57, 132.75, 52.25, 19.25, 26.0, 9999.0, 1.25, 1.5, 19.75, 9999.0, 9999.0, 9999.0, 121.25, 124.75, 120.5, 104.25, 135.5
2023-04-06, 04:37:01, 132.75, 52.25, 19.25, 26.0, 9999.0, 1.25, 1.5, 19.75, 9999.0, 9999.0, 9999.0, 121.25, 124.5, 120.5, 104.25, 135.5
2023-04-06, 04:37:05, 132.75, 52.25, 19.25, 26.0, 9999.0, 1.25, 1.5, 19.75, 9999.0, 9999.0, 9999.0, 121.0, 124.5, 120.5, 104.25, 135.5
2023-04-06, 04:37:09, 132.75, 52.25, 19.25, 25.75, 9999.0, 1.25, 1.5, 19.75, 9999.0, 9999.0, 9999.0, 121.0, 124.5, 120.5, 104.25, 135.5
2023-04-06, 04:37:13, 132.75, 52.25, 19.25, 26.0, 9999.0, 1.25, 1.5, 19.75, 9999.0, 9999.0, 9999.0, 121.0, 124.75, 120.5, 104.25, 135.5
2023-04-06, 04:37:17, 132.75, 52.25, 19.25, 26.0, 9999.0, 1.25, 1.5, 19.75, 9999.0, 9999.0, 9999.0, 121.0, 124.5, 120.5, 104.25, 135.5
2023-04-06, 04:37:21, 132.75, 52.25, 19.25, 26.25, 9999.0, 1.25, 1.5, 19.75, 9999.0, 9999.0, 9999.0, 121.0, 124.5, 120.5, 104.25, 135.25
2023-04-06, 04:37:25, 132.75, 52.25, 19.25, 26.25, 9999.0, 1.25, 1.5, 19.75, 9999.0, 9999.0, 9999.0, 121.0, 124.5, 120.5, 104.25, 135.5
2023-04-06, 04:37:29, 132.75, 52.25, 19.25, 26.25, 9999.0, 1.5, 1.5, 19.75, 9999.0, 9999.0, 9999.0, 120.75, 124.5, 120.5, 104.25, 135.5
2023-04-06, 04:37:33, 132.75, 52.25, 19.25, 26.25, 9999.0, 1.25, 1.5, 19.75, 9999.0, 9999.0, 9999.0, 120.75, 124.5, 120.5, 104.25, 135.5
2023-04-06, 04:37:37, 132.75, 52.25, 19.25, 26.25, 9999.0, 1.5, 1.5, 19.75, 9999.0, 9999.0, 9999.0, 120.75, 124.5, 120.5, 104.25, 135.5
2023-04-06, 04:37:41, 132.75, 52.25, 19.25, 26.25, 9999.0, 1.5, 1.5, 19.75, 9999.0, 9999.0, 9999.0, 120.75, 124.5, 120.5, 104.25, 135.5
2023-04-06, 04:37:45, 132.75, 52.25, 19.25, 26.0, 9999.0, 1.5, 1.5, 19.75, 9999.0, 9999.0, 9999.0, 121.5, 124.5, 120.5, 104.25, 135.5
2023-04-06, 04:37:49, 132.75, 52.25, 19.25, 26.0, 9999.0, 1.5, 1.5, 19.75, 9999.0, 9999.0, 9999.0, 121.5, 124.5, 120.5, 104.25, 135.5
2023-04-06, 04:37:53, 132.75, 52.25, 19.25, 26.0, 9999.0, 1.5, 1.75, 19.75, 9999.0, 9999.0, 9999.0, 121.5, 124.5, 120.5, 104.25, 135.5
2023-04-06, 04:37:57, 132.5, 52.25, 19.25, 26.25, 9999.0, 1.5, 1.5, 19.75, 9999.0, 9999.0, 9999.0, 121.25, 124.5, 120.5, 104.25, 135.5
2023-04-06, 04:38:01, 132.75, 52.25, 19.25, 26.0, 9999.0, 1.5, 1.5, 19.75, 9999.0, 9999.0, 9999.0, 121.25, 124.5, 120.5, 104.25, 135.25
2023-04-06, 04:38:05, 132.75, 52.25, 19.25, 26.25, 9999.0, 1.25, 1.5, 19.75, 9999.0, 9999.0, 9999.0, 121.25, 124.5, 120.5, 104.25, 135.5
2023-04-06, 04:38:09, 132.75, 52.25, 19.25, 26.0, 9999.0, 1.5, 1.5, 19.75, 9999.0, 9999.0, 9999.0, 121.25, 124.25, 120.5, 104.25, 135.5
2023-04-06, 04:38:13, 132.75, 52.25, 19.25, 26.0, 9999.0, 1.25, 1.5, 19.75, 9999.0, 9999.0, 9999.0, 121.25, 124.5, 120.5, 104.25, 135.5
2023-04-06, 04:38:17, 132.75, 52.25, 19.25, 26.0, 9999.0, 1.25, 1.5, 19.75, 9999.0, 9999.0, 9999.0, 121.25, 124.75, 120.5, 104.25, 135.25
2023-04-06, 04:38:21, 132.75, 52.25, 19.25, 25.75, 9999.0, 1.25, 1.5, 19.75, 9999.0, 9999.0, 9999.0, 121.0, 124.5, 120.5, 104.25, 135.25
2023-04-06, 04:38:25, 132.75, 52.25, 19.25, 25.75, 9999.0, 1.25, 1.75, 19.75, 9999.0, 9999.0, 9999.0, 121.0, 124.75, 120.5, 104.25, 135.25
2023-04-06, 04:38:29, 132.75, 52.25, 19.25, 26.0, 9999.0, 1.25, 1.5, 19.75, 9999.0, 9999.0, 9999.0, 121.0, 124.5, 120.5, 104.25, 135.5
2023-04-06, 04:38:33, 132.75, 52.25, 19.25, 25.75, 9999.0, 1.25, 1.5, 19.75, 9999.0, 9999.0, 9999.0, 121.0, 124.5, 120.5, 104.25, 135.5
2023-04-06, 04:38:37, 132.75, 52.25, 19.25, 25.75, 9999.0, 1.25, 1.5, 19.75, 9999.0, 9999.0, 9999.0, 121.0, 124.5, 120.5, 104.25, 135.5
2023-04-06, 04:38:41, 132.75, 52.25, 19.0, 26.0, 9999.0, 1.25, 1.5, 19.75, 9999.0, 9999.0, 9999.0, 121.0, 124.5, 120.5, 104.25, 135.5
2023-04-06, 04:38:46, 132.75, 52.25, 19.25, 26.0, 9999.0, 1.25, 1.5, 19.75, 9999.0, 9999.0, 9999.0, 120.75, 124.5, 120.5, 104.25, 135.5
2023-04-06, 04:38:50, 132.75, 52.25, 19.25, 26.0, 9999.0, 1.5, 1.5, 19.75, 9999.0, 9999.0, 9999.0, 121.0, 124.5, 120.5, 104.25, 135.5
2023-04-06, 04:38:54, 132.5, 52.25, 19.25, 26.0, 9999.0, 1.25, 1.5, 19.75, 9999.0, 9999.0, 9999.0, 120.75, 124.5, 120.5, 104.25, 135.5
2023-04-06, 04:38:58, 132.75, 52.25, 19.25, 26.25, 9999.0, 1.5, 1.5, 19.75, 9999.0, 9999.0, 9999.0, 120.75, 124.5, 120.5, 104.25, 135.5
2023-04-06, 04:39:02, 132.75, 52.25, 19.25, 26.0, 9999.0, 1.5, 1.5, 19.75, 9999.0, 9999.0, 9999.0, 120.75, 124.5, 120.75, 104.25, 135.5
2023-04-06, 04:39:06, 132.75, 52.25, 19.25, 25.75, 9999.0, 1.5, 1.5, 19.75, 9999.0, 9999.0, 9999.0, 121.5, 124.5, 120.5, 104.25, 135.25
2023-04-06, 04:39:10, 132.75, 52.25, 19.25, 26.0, 9999.0, 1.5, 1.5, 19.75, 9999.0, 9999.0, 9999.0, 121.5, 124.5, 120.5, 104.25, 135.5
2023-04-06, 04:39:14, 132.75, 52.25, 19.25, 26.0, 9999.0, 1.5, 1.5, 19.75, 9999.0, 9999.0, 9999.0, 121.5, 124.5, 120.75, 104.25, 135.25
2023-04-06, 04:39:18, 132.75, 52.25, 19.25, 26.0, 9999.0, 1.5, 1.5, 19.75, 9999.0, 9999.0, 9999.0, 121.25, 124.5, 120.5, 104.25, 135.5
2023-04-06, 04:39:22, 132.75, 52.25, 19.25, 26.0, 9999.0, 1.5, 1.5, 19.75, 9999.0, 9999.0, 9999.0, 121.25, 124.25, 120.5, 104.25, 135.25
2023-04-06, 04:39:26, 132.75, 52.25, 19.25, 26.0, 9999.0, 1.5, 1.5, 19.75, 9999.0, 9999.0, 9999.0, 121.25, 124.25, 120.5, 104.25, 135.5
2023-04-06, 04:39:30, 132.75, 52.25, 19.25, 25.75, 9999.0, 1.5, 1.5, 19.75, 9999.0, 9999.0, 9999.0, 121.25, 124.25, 120.5, 104.25, 135.5
2023-04-06, 04:39:34, 132.75, 52.25, 19.0, 26.0, 9999.0, 1.25, 1.5, 19.75, 9999.0, 9999.0, 9999.0, 121.25, 124.25, 120.5, 104.25, 135.5
2023-04-06, 04:39:38, 132.5, 52.25, 19.25, 26.0, 9999.0, 1.25, 1.5, 19.75, 9999.0, 9999.0, 9999.0, 121.25, 124.5, 120.5, 104.25, 135.5
2023-04-06, 04:39:42, 132.75, 52.25, 19.25, 25.75, 9999.0, 1.25, 1.5, 19.75, 9999.0, 9999.0, 9999.0, 121.0, 124.5, 120.5, 104.25, 135.5
2023-04-06, 04:39:46, 132.75, 52.25, 19.25, 25.75, 9999.0, 1.25, 1.5, 19.75, 9999.0, 9999.0, 9999.0, 121.25, 124.5, 120.5, 104.25, 135.5
2023-04-06, 04:39:50, 132.75, 52.25, 19.25, 26.0, 9999.0, 1.25, 1.5, 19.75, 9999.0, 9999.0, 9999.0, 121.0, 124.5, 120.5, 104.25, 135.5
2023-04-06, 04:39:54, 132.75, 52.25, 19.25, 25.75, 9999.0, 1.25, 1.5, 19.75, 9999.0, 9999.0, 9999.0, 121.0, 124.5, 120.5, 104.25, 135.25
2023-04-06, 04:39:58, 132.75, 52.25, 19.25, 25.5, 9999.0, 1.25, 1.5, 19.75, 9999.0, 9999.0, 9999.0, 121.0, 124.5, 120.5, 104.25, 135.5
2023-04-06, 04:40:02, 132.75, 52.25, 19.25, 25.75, 9999.0, 1.25, 1.5, 19.75, 9999.0, 9999.0, 9999.0, 121.0, 124.5, 120.5, 104.25, 135.5
2023-04-06, 04:40:06, 132.75, 52.25, 19.25, 25.75, 9999.0, 1.25, 1.5, 19.75, 9999.0, 9999.0, 9999.0, 120.75, 124.5, 120.5, 104.25, 135.5
2023-04-06, 04:40:10, 132.75, 52.25, 19.0, 26.0, 9999.0, 1.5, 1.5, 19.75, 9999.0, 9999.0, 9999.0, 120.75, 124.5, 120.5, 104.25, 135.5
2023-04-06, 04:40:14, 132.75, 52.25, 19.25, 26.0, 9999.0, 1.5, 1.5, 19.75, 9999.0, 9999.0, 9999.0, 120.75, 124.5, 120.5, 104.25, 135.5
2023-04-06, 04:40:18, 132.75, 52.25, 19.25, 26.0, 9999.0, 1.5, 1.5, 19.75, 9999.0, 9999.0, 9999.0, 120.75, 124.5, 120.5, 104.25, 135.25
2023-04-06, 04:40:22, 132.75, 52.25, 19.25, 26.25, 9999.0, 1.5, 1.5, 19.75, 9999.0, 9999.0, 9999.0, 120.75, 124.5, 120.5, 104.25, 135.25
2023-04-06, 04:40:26, 132.75, 52.25, 19.25, 26.25, 9999.0, 1.5, 1.5, 19.75, 9999.0, 9999.0, 9999.0, 121.5, 124.5, 120.5, 104.25, 135.25
2023-04-06, 04:40:30, 132.75, 52.25, 19.25, 26.25, 9999.0, 1.5, 1.5, 19.75, 9999.0, 9999.0, 9999.0, 121.5, 124.5, 120.5, 104.25, 135.25
2023-04-06, 04:40:34, 132.75, 52.25, 19.0, 26.0, 9999.0, 1.5, 1.5, 19.75, 9999.0, 9999.0, 9999.0, 121.5, 124.5, 120.5, 104.25, 135.25
2023-04-06, 04:40:38, 132.75, 52.25, 19.25, 26.0, 9999.0, 1.5, 1.5, 19.75, 9999.0, 9999.0, 9999.0, 121.25, 124.5, 120.5, 104.25, 135.5
2023-04-06, 04:40:42, 132.75, 52.25, 19.25, 26.0, 9999.0, 1.5, 1.75, 19.75, 9999.0, 9999.0, 9999.0, 121.25, 124.5, 120.5, 104.25, 135.5
2023-04-06, 04:40:46, 132.75, 52.25, 19.25, 26.0, 9999.0, 1.25, 1.5, 19.75, 9999.0, 9999.0, 9999.0, 121.25, 124.5, 120.5, 104.25, 135.5
2023-04-06, 04:40:50, 132.75, 52.25, 19.25, 26.0, 9999.0, 1.5, 1.5, 19.75, 9999.0, 9999.0, 9999.0, 121.25, 124.5, 120.5, 104.25, 135.25
2023-04-06, 04:40:54, 132.75, 52.25, 19.25, 26.0, 9999.0, 1.25, 1.5, 19.75, 9999.0, 9999.0, 9999.0, 121.25, 124.5, 120.5, 104.25, 135.5
2023-04-06, 04:40:58, 132.75, 52.25, 19.25, 26.0, 9999.0, 1.5, 1.5, 19.75, 9999.0, 9999.0, 9999.0, 121.25, 124.5, 120.5, 104.25, 135.5
2023-04-06, 04:41:02, 132.75, 52.25, 19.25, 26.0, 9999.0, 1.25, 1.5, 19.75, 9999.0, 9999.0, 9999.0, 121.25, 124.5, 120.75, 104.25, 135.5
2023-04-06, 04:41:06, 132.75, 52.25, 19.25, 26.0, 9999.0, 1.25, 1.5, 19.75, 9999.0, 9999.0, 9999.0, 121.0, 124.75, 120.5, 104.25, 135.5
2023-04-06, 04:41:10, 132.75, 52.25, 19.0, 26.25, 9999.0, 1.25, 1.5, 19.75, 9999.0, 9999.0, 9999.0, 121.0, 124.5, 120.5, 104.25, 135.5
2023-04-06, 04:41:14, 132.75, 52.25, 19.25, 26.25, 9999.0, 1.25, 1.5, 19.75, 9999.0, 9999.0, 9999.0, 121.0, 124.5, 120.5, 104.25, 135.5
2023-04-06, 04:41:18, 132.75, 52.25, 19.25, 26.0, 9999.0, 1.25, 1.5, 19.75, 9999.0, 9999.0, 9999.0, 121.0, 124.5, 120.5, 104.25, 135.5
2023-04-06, 04:41:22, 132.75, 52.25, 19.25, 26.0, 9999.0, 1.25, 1.5, 19.75, 9999.0, 9999.0, 9999.0, 121.0, 124.5, 120.5, 104.25, 135.5
2023-04-06, 04:41:26, 132.75, 52.25, 19.25, 26.25, 9999.0, 1.25, 1.5, 19.75, 9999.0, 9999.0, 9999.0, 121.0, 124.5, 120.5, 104.25, 135.5
2023-04-06, 04:41:30, 132.75, 52.25, 19.25, 26.0, 9999.0, 1.5, 1.5, 19.75, 9999.0, 9999.0, 9999.0, 121.0, 124.5, 120.5, 104.25, 135.5
2023-04-06, 04:41:34, 132.75, 52.25, 19.25, 26.0, 9999.0, 1.5, 1.5, 19.75, 9999.0, 9999.0, 9999.0, 120.75, 124.5, 120.5, 104.25, 135.5
2023-04-06, 04:41:38, 132.75, 52.25, 19.25, 26.0, 9999.0, 1.5, 1.5, 19.75, 9999.0, 9999.0, 9999.0, 120.75, 124.5, 120.5, 104.25, 135.25
2023-04-06, 04:41:42, 132.75, 52.25, 19.0, 26.0, 9999.0, 1.5, 1.5, 19.75, 9999.0, 9999.0, 9999.0, 120.75, 124.5, 120.5, 104.25, 135.5
2023-04-06, 04:41:46, 132.75, 52.25, 19.25, 26.0, 9999.0, 1.5, 1.5, 19.75, 9999.0, 9999.0, 9999.0, 121.5, 124.5, 120.5, 104.25, 135.25
2023-04-06, 04:41:50, 132.75, 52.25, 19.25, 26.0, 9999.0, 1.5, 1.75, 19.75, 9999.0, 9999.0, 9999.0, 121.5, 124.25, 120.5, 104.25, 135.5
2023-04-06, 04:41:54, 132.75, 52.25, 19.0, 26.0, 9999.0, 1.5, 1.5, 19.75, 9999.0, 9999.0, 9999.0, 121.5, 124.5, 120.5, 104.25, 135.5
2023-04-06, 04:41:58, 132.75, 52.25, 19.25, 26.25, 9999.0, 1.5, 1.5, 19.75, 9999.0, 9999.0, 9999.0, 121.5, 124.25, 120.5, 104.25, 135.5
2023-04-06, 04:42:02, 132.75, 52.25, 19.25, 26.25, 9999.0, 1.5, 1.75, 19.75, 9999.0, 9999.0, 9999.0, 121.25, 124.5, 120.5, 104.25, 135.5
2023-04-06, 04:42:06, 132.75, 52.25, 19.25, 26.0, 9999.0, 1.5, 1.5, 19.75, 9999.0, 9999.0, 9999.0, 121.25, 124.5, 120.5, 104.25, 135.5
2023-04-06, 04:42:10, 132.75, 52.25, 19.25, 26.25, 9999.0, 1.25, 1.5, 19.75, 9999.0, 9999.0, 9999.0, 121.25, 124.25, 120.5, 104.25, 135.5
2023-04-06, 04:42:14, 132.75, 52.25, 19.25, 26.25, 9999.0, 1.5, 1.5, 19.75, 9999.0, 9999.0, 9999.0, 121.25, 124.25, 120.5, 104.25, 135.5
2023-04-06, 04:42:18, 132.75, 52.25, 19.25, 26.25, 9999.0, 1.25, 1.5, 19.75, 9999.0, 9999.0, 9999.0, 121.25, 124.5, 120.5, 104.5, 135.5
2023-04-06, 04:42:22, 132.75, 52.25, 19.25, 26.25, 9999.0, 1.25, 1.5, 19.75, 9999.0, 9999.0, 9999.0, 121.25, 124.5, 120.5, 104.25, 135.5
2023-04-06, 04:42:26, 132.75, 52.25, 19.25, 26.25, 9999.0, 1.25, 1.5, 19.75, 9999.0, 9999.0, 9999.0, 121.25, 124.5, 120.5, 104.25, 135.5
2023-04-06, 04:42:30, 132.75, 52.25, 19.25, 26.25, 9999.0, 1.25, 1.5, 19.75, 9999.0, 9999.0, 9999.0, 121.0, 124.5, 120.5, 104.25, 135.5
2023-04-06, 04:42:34, 132.75, 52.25, 19.25, 26.0, 9999.0, 1.25, 1.5, 19.75, 9999.0, 9999.0, 9999.0, 121.0, 124.5, 120.5, 104.25, 135.5
2023-04-06, 04:42:38, 132.75, 52.25, 19.25, 25.5, 9999.0, 1.25, 1.5, 19.75, 9999.0, 9999.0, 9999.0, 121.0, 124.5, 120.5, 104.25, 135.5
2023-04-06, 04:42:42, 132.75, 52.25, 19.25, 25.75, 9999.0, 1.25, 1.5, 19.75, 9999.0, 9999.0, 9999.0, 121.0, 124.5, 120.5, 104.25, 135.5
2023-04-06, 04:42:46, 132.75, 52.25, 19.25, 26.0, 9999.0, 1.25, 1.5, 19.75, 9999.0, 9999.0, 9999.0, 121.0, 124.5, 120.5, 104.25, 135.5
2023-04-06, 04:42:50, 132.75, 52.25, 19.25, 26.0, 9999.0, 1.5, 1.5, 19.75, 9999.0, 9999.0, 9999.0, 121.0, 124.5, 120.5, 104.25, 135.5
2023-04-06, 04:42:54, 132.75, 52.25, 19.25, 26.0, 9999.0, 1.5, 1.5, 19.75, 9999.0, 9999.0, 9999.0, 121.0, 124.25, 120.5, 104.25, 135.25
2023-04-06, 04:42:58, 132.75, 52.25, 19.0, 26.0, 9999.0, 1.5, 1.5, 19.75, 9999.0, 9999.0, 9999.0, 120.75, 124.5, 120.5, 104.25, 135.5
2023-04-06, 04:43:02, 132.75, 52.25, 19.0, 26.25, 9999.0, 1.5, 1.75, 19.75, 9999.0, 9999.0, 9999.0, 120.75, 124.25, 120.5, 104.25, 135.5
2023-04-06, 04:43:06, 132.75, 52.25, 19.0, 26.25, 9999.0, 1.5, 1.5, 20.0, 9999.0, 9999.0, 9999.0, 121.5, 124.25, 120.5, 104.25, 135.5
2023-04-06, 04:43:11, 132.75, 52.25, 19.25, 26.25, 9999.0, 1.5, 1.5, 19.75, 9999.0, 9999.0, 9999.0, 121.5, 124.25, 120.5, 104.25, 135.5
2023-04-06, 04:43:15, 132.75, 52.25, 19.25, 26.25, 9999.0, 1.5, 1.5, 19.75, 9999.0, 9999.0, 9999.0, 121.5, 124.25, 120.5, 104.25, 135.5
2023-04-06, 04:43:19, 132.75, 52.25, 19.25, 26.25, 9999.0, 1.5, 1.75, 19.75, 9999.0, 9999.0, 9999.0, 121.5, 124.25, 120.5, 104.25, 135.5
2023-04-06, 04:43:23, 132.75, 52.25, 19.25, 26.25, 9999.0, 1.5, 1.5, 19.75, 9999.0, 9999.0, 9999.0, 121.25, 124.5, 120.5, 104.25, 135.5
2023-04-06, 04:43:27, 132.75, 52.25, 19.25, 26.0, 9999.0, 1.5, 1.75, 19.75, 9999.0, 9999.0, 9999.0, 121.25, 124.25, 120.5, 104.25, 135.25
2023-04-06, 04:43:31, 132.75, 52.25, 19.25, 26.0, 9999.0, 1.25, 1.5, 19.75, 9999.0, 9999.0, 9999.0, 121.25, 124.25, 120.5, 104.25, 135.5
2023-04-06, 04:43:35, 132.75, 52.25, 19.25, 26.0, 9999.0, 1.5, 1.75, 19.75, 9999.0, 9999.0, 9999.0, 121.0, 124.25, 120.5, 104.25, 135.5
2023-04-06, 04:43:39, 132.75, 52.25, 19.25, 26.0, 9999.0, 1.5, 1.5, 19.75, 9999.0, 9999.0, 9999.0, 121.25, 124.5, 120.5, 104.25, 135.5
2023-04-06, 04:43:43, 132.75, 52.25, 19.25, 26.25, 9999.0, 1.25, 1.75, 19.75, 9999.0, 9999.0, 9999.0, 121.25, 124.5, 120.5, 104.25, 135.25
2023-04-06, 04:43:47, 132.75, 52.25, 19.25, 26.0, 9999.0, 1.25, 1.5, 20.0, 9999.0, 9999.0, 9999.0, 121.25, 124.5, 120.5, 104.25, 135.5
2023-04-06, 04:43:51, 132.75, 52.25, 19.25, 26.0, 9999.0, 1.25, 1.5, 19.75, 9999.0, 9999.0, 9999.0, 121.0, 124.5, 120.5, 104.25, 135.5
2023-04-06, 04:43:55, 132.75, 52.25, 19.0, 26.0, 9999.0, 1.25, 1.5, 19.75, 9999.0, 9999.0, 9999.0, 121.0, 124.5, 120.5, 104.25, 135.5
2023-04-06, 04:43:59, 132.75, 52.25, 19.25, 26.0, 9999.0, 1.25, 1.75, 19.75, 9999.0, 9999.0, 9999.0, 121.0, 124.5, 120.5, 104.25, 135.5
2023-04-06, 04:44:03, 132.75, 52.25, 19.25, 26.25, 9999.0, 1.25, 1.5, 19.75, 9999.0, 9999.0, 9999.0, 121.0, 124.5, 120.5, 104.25, 135.5
2023-04-06, 04:44:07, 132.75, 52.25, 19.25, 26.25, 9999.0, 1.25, 1.5, 19.75, 9999.0, 9999.0, 9999.0, 121.0, 124.5, 120.5, 104.25, 135.5
2023-04-06, 04:44:11, 132.75, 52.25, 19.25, 26.0, 9999.0, 1.5, 1.5, 19.75, 9999.0, 9999.0, 9999.0, 121.0, 124.5, 120.5, 104.25, 135.5
2023-04-06, 04:44:15, 132.75, 52.25, 19.25, 26.0, 9999.0, 1.5, 1.5, 20.0, 9999.0, 9999.0, 9999.0, 120.75, 124.5, 120.5, 104.25, 135.5
2023-04-06, 04:44:19, 132.75, 52.25, 19.0, 26.25, 9999.0, 1.5, 1.5, 19.75, 9999.0, 9999.0, 9999.0, 120.75, 124.5, 120.5, 104.25, 135.25
2023-04-06, 04:44:23, 132.75, 52.25, 19.25, 26.25, 9999.0, 1.5, 1.75, 20.0, 9999.0, 9999.0, 9999.0, 120.75, 124.5, 120.5, 104.25, 135.5
2023-04-06, 04:44:27, 132.75, 52.25, 19.25, 26.25, 9999.0, 1.5, 1.75, 19.75, 9999.0, 9999.0, 9999.0, 121.5, 124.5, 120.5, 104.25, 135.5
2023-04-06, 04:44:31, 132.75, 52.25, 19.0, 26.25, 9999.0, 1.5, 1.5, 19.75, 9999.0, 9999.0, 9999.0, 121.5, 124.5, 120.5, 104.25, 135.5
2023-04-06, 04:44:35, 132.75, 52.25, 19.25, 26.25, 9999.0, 1.5, 1.75, 19.75, 9999.0, 9999.0, 9999.0, 121.5, 124.25, 120.5, 104.25, 135.5
2023-04-06, 04:44:39, 132.75, 52.25, 19.25, 26.25, 9999.0, 1.5, 1.75, 19.75, 9999.0, 9999.0, 9999.0, 121.25, 124.25, 120.5, 104.25, 135.5
2023-04-06, 04:44:43, 132.75, 52.25, 19.25, 26.0, 9999.0, 1.5, 1.75, 19.75, 9999.0, 9999.0, 9999.0, 121.25, 124.25, 120.5, 104.25, 135.5
2023-04-06, 04:44:47, 132.75, 52.25, 19.25, 26.0, 9999.0, 1.5, 1.75, 19.75, 9999.0, 9999.0, 9999.0, 121.25, 124.25, 120.5, 104.25, 135.5
2023-04-06, 04:44:51, 132.75, 52.25, 19.25, 26.0, 9999.0, 1.5, 1.75, 19.75, 9999.0, 9999.0, 9999.0, 121.25, 124.5, 120.5, 104.25, 135.5
2023-04-06, 04:44:55, 132.75, 52.25, 19.25, 26.25, 9999.0, 1.5, 1.75, 19.75, 9999.0, 9999.0, 9999.0, 121.25, 124.5, 120.5, 104.25, 135.5
2023-04-06, 04:44:59, 132.75, 52.25, 19.25, 26.25, 9999.0, 1.25, 1.5, 19.75, 9999.0, 9999.0, 9999.0, 121.25, 124.5, 120.5, 104.25, 135.25
2023-04-06, 04:45:03, 132.75, 52.25, 19.25, 26.25, 9999.0, 1.25, 1.5, 19.75, 9999.0, 9999.0, 9999.0, 121.25, 124.5, 120.5, 104.25, 135.5
2023-04-06, 04:45:07, 132.75, 52.25, 19.25, 26.25, 9999.0, 1.25, 1.5, 19.75, 9999.0, 9999.0, 9999.0, 121.0, 124.5, 120.5, 104.25, 135.5
2023-04-06, 04:45:11, 132.75, 52.25, 19.25, 26.25, 9999.0, 1.25, 1.5, 19.75, 9999.0, 9999.0, 9999.0, 121.0, 124.5, 120.5, 104.25, 135.5
2023-04-06, 04:45:15, 132.75, 52.25, 19.25, 26.25, 9999.0, 1.25, 1.5, 19.75, 9999.0, 9999.0, 9999.0, 121.0, 124.5, 120.5, 104.25, 135.5
2023-04-06, 04:45:19, 132.75, 52.25, 19.25, 26.25, 9999.0, 1.25, 1.5, 19.75, 9999.0, 9999.0, 9999.0, 121.0, 124.5, 120.5, 104.25, 135.5
2023-04-06, 04:45:23, 132.75, 52.25, 19.25, 26.25, 9999.0, 1.25, 1.5, 19.75, 9999.0, 9999.0, 9999.0, 121.0, 124.5, 120.5, 104.25, 135.5
2023-04-06, 04:45:27, 132.75, 52.25, 19.25, 26.25, 9999.0, 1.25, 1.5, 19.75, 9999.0, 9999.0, 9999.0, 120.75, 124.5, 120.5, 104.25, 135.5
2023-04-06, 04:45:31, 132.75, 52.25, 19.25, 26.25, 9999.0, 1.5, 1.5, 19.75, 9999.0, 9999.0, 9999.0, 120.75, 124.5, 120.5, 104.25, 135.5
2023-04-06, 04:45:35, 132.75, 52.25, 19.25, 26.25, 9999.0, 1.5, 1.75, 19.75, 9999.0, 9999.0, 9999.0, 120.75, 124.5, 120.5, 104.25, 135.5
2023-04-06, 04:45:39, 132.75, 52.25, 19.25, 26.0, 9999.0, 1.5, 1.75, 19.75, 9999.0, 9999.0, 9999.0, 120.75, 124.5, 120.5, 104.25, 135.5
2023-04-06, 04:45:43, 132.75, 52.25, 19.25, 26.25, 9999.0, 1.5, 1.75, 19.75, 9999.0, 9999.0, 9999.0, 120.75, 124.5, 120.5, 104.25, 135.5
2023-04-06, 04:45:47, 132.75, 52.25, 19.25, 26.25, 9999.0, 1.5, 1.5, 19.75, 9999.0, 9999.0, 9999.0, 121.5, 124.5, 120.5, 104.25, 135.5
2023-04-06, 04:45:51, 132.75, 52.25, 19.25, 26.25, 9999.0, 1.5, 1.5, 19.75, 9999.0, 9999.0, 9999.0, 121.5, 124.5, 120.5, 104.25, 135.5
2023-04-06, 04:45:55, 132.75, 52.25, 19.25, 26.25, 9999.0, 1.5, 1.75, 19.75, 9999.0, 9999.0, 9999.0, 121.5, 124.5, 120.5, 104.25, 135.5
2023-04-06, 04:45:59, 132.75, 52.25, 19.0, 26.25, 9999.0, 1.5, 1.75, 19.75, 9999.0, 9999.0, 9999.0, 121.25, 124.5, 120.5, 104.25, 135.5
2023-04-06, 04:46:03, 132.75, 52.25, 19.25, 26.25, 9999.0, 1.5, 1.75, 19.75, 9999.0, 9999.0, 9999.0, 121.25, 124.25, 120.5, 104.25, 135.5
2023-04-06, 04:46:07, 132.75, 52.25, 19.25, 26.25, 9999.0, 1.5, 1.75, 19.75, 9999.0, 9999.0, 9999.0, 121.25, 124.5, 120.5, 104.25, 135.5
2023-04-06, 04:46:11, 132.75, 52.25, 19.25, 26.25, 9999.0, 1.5, 1.75, 19.75, 9999.0, 9999.0, 9999.0, 121.25, 124.25, 120.5, 104.25, 135.5
2023-04-06, 04:46:15, 132.75, 52.25, 19.25, 26.25, 9999.0, 1.25, 1.5, 19.75, 9999.0, 9999.0, 9999.0, 121.25, 124.5, 120.5, 104.25, 135.5
2023-04-06, 04:46:19, 132.75, 52.25, 19.25, 26.25, 9999.0, 1.5, 1.75, 19.75, 9999.0, 9999.0, 9999.0, 121.25, 124.5, 120.5, 104.25, 135.5
2023-04-06, 04:46:23, 132.75, 52.25, 19.25, 26.25, 9999.0, 1.25, 1.75, 20.0, 9999.0, 9999.0, 9999.0, 121.25, 124.5, 120.5, 104.25, 135.5
2023-04-06, 04:46:27, 132.75, 52.25, 19.25, 26.25, 9999.0, 1.5, 1.5, 19.75, 9999.0, 9999.0, 9999.0, 121.0, 124.5, 120.5, 104.25, 135.5
2023-04-06, 04:46:31, 132.75, 52.25, 19.25, 26.25, 9999.0, 1.25, 1.75, 19.75, 9999.0, 9999.0, 9999.0, 121.0, 124.5, 120.5, 104.25, 135.5
2023-04-06, 04:46:35, 132.75, 52.25, 19.0, 26.25, 9999.0, 1.25, 1.5, 19.75, 9999.0, 9999.0, 9999.0, 121.0, 124.5, 120.5, 104.25, 135.5
2023-04-06, 04:46:39, 132.75, 52.25, 19.0, 26.0, 9999.0, 1.25, 1.5, 19.75, 9999.0, 9999.0, 9999.0, 121.0, 124.5, 120.5, 104.25, 135.5
2023-04-06, 04:46:43, 132.75, 52.25, 19.0, 26.0, 9999.0, 1.25, 1.5, 19.75, 9999.0, 9999.0, 9999.0, 121.0, 124.5, 120.5, 104.25, 135.5
2023-04-06, 04:46:47, 132.75, 52.25, 19.25, 26.0, 9999.0, 1.25, 1.5, 19.75, 9999.0, 9999.0, 9999.0, 121.0, 124.5, 120.5, 104.25, 135.5
2023-04-06, 04:46:51, 132.75, 52.25, 19.25, 26.0, 9999.0, 1.5, 1.5, 19.75, 9999.0, 9999.0, 9999.0, 120.75, 124.5, 120.5, 104.25, 135.5
2023-04-06, 04:46:55, 132.75, 52.25, 19.25, 26.25, 9999.0, 1.5, 1.5, 19.75, 9999.0, 9999.0, 9999.0, 120.75, 124.5, 120.5, 104.25, 135.5
2023-04-06, 04:46:59, 132.75, 52.25, 19.25, 26.0, 9999.0, 1.5, 1.75, 19.75, 9999.0, 9999.0, 9999.0, 120.75, 124.5, 120.5, 104.25, 135.5
2023-04-06, 04:47:03, 132.75, 52.25, 19.0, 26.0, 9999.0, 1.5, 1.75, 19.75, 9999.0, 9999.0, 9999.0, 120.75, 124.5, 120.5, 104.25, 135.5
2023-04-06, 04:47:07, 132.75, 52.25, 19.0, 26.0, 9999.0, 1.5, 1.75, 19.75, 9999.0, 9999.0, 9999.0, 121.5, 124.5, 120.5, 104.25, 135.5
2023-04-06, 04:47:11, 132.75, 52.25, 19.25, 26.25, 9999.0, 1.5, 1.5, 19.75, 9999.0, 9999.0, 9999.0, 121.5, 124.5, 120.5, 104.0, 135.5
2023-04-06, 04:47:15, 132.75, 52.25, 19.25, 26.0, 9999.0, 1.5, 1.5, 19.75, 9999.0, 9999.0, 9999.0, 121.5, 124.5, 120.5, 104.25, 135.5
2023-04-06, 04:47:19, 132.75, 52.25, 19.0, 26.0, 9999.0, 1.5, 1.5, 19.75, 9999.0, 9999.0, 9999.0, 121.25, 124.5, 120.5, 104.25, 135.5
2023-04-06, 04:47:23, 132.75, 52.25, 19.25, 26.0, 9999.0, 1.5, 1.75, 19.75, 9999.0, 9999.0, 9999.0, 121.25, 124.5, 120.5, 104.25, 135.5
2023-04-06, 04:47:27, 132.75, 52.25, 19.25, 26.0, 9999.0, 1.5, 1.75, 19.75, 9999.0, 9999.0, 9999.0, 121.25, 124.25, 120.5, 104.25, 135.25
2023-04-06, 04:47:31, 132.75, 52.25, 19.25, 26.0, 9999.0, 1.25, 1.5, 19.75, 9999.0, 9999.0, 9999.0, 121.25, 124.25, 120.5, 104.0, 135.25
2023-04-06, 04:47:35, 132.75, 52.25, 19.25, 26.0, 9999.0, 1.25, 1.5, 19.75, 9999.0, 9999.0, 9999.0, 121.25, 124.5, 120.5, 104.25, 135.25
2023-04-06, 04:47:40, 132.75, 52.25, 19.25, 26.0, 9999.0, 1.25, 1.5, 19.75, 9999.0, 9999.0, 9999.0, 121.25, 124.5, 120.5, 104.25, 135.5
2023-04-06, 04:47:44, 132.75, 52.25, 19.25, 26.0, 9999.0, 1.25, 1.5, 19.75, 9999.0, 9999.0, 9999.0, 121.0, 124.5, 120.5, 104.25, 135.5
2023-04-06, 04:47:48, 132.75, 52.25, 19.0, 26.0, 9999.0, 1.25, 1.5, 19.75, 9999.0, 9999.0, 9999.0, 121.0, 124.5, 120.5, 104.25, 135.5
2023-04-06, 04:47:52, 132.75, 52.25, 19.25, 26.0, 9999.0, 1.25, 1.5, 19.75, 9999.0, 9999.0, 9999.0, 121.0, 124.5, 120.5, 104.25, 135.25
2023-04-06, 04:47:56, 132.5, 52.25, 19.25, 26.25, 9999.0, 1.25, 1.5, 19.75, 9999.0, 9999.0, 9999.0, 121.0, 124.5, 120.5, 104.25, 135.5
2023-04-06, 04:48:00, 132.75, 52.25, 19.25, 26.25, 9999.0, 1.25, 1.5, 19.75, 9999.0, 9999.0, 9999.0, 121.0, 124.5, 120.5, 104.25, 135.25
2023-04-06, 04:48:04, 132.75, 52.25, 19.0, 26.25, 9999.0, 1.25, 1.5, 19.75, 9999.0, 9999.0, 9999.0, 121.0, 124.5, 120.5, 104.25, 135.5
2023-04-06, 04:48:08, 132.75, 52.25, 19.0, 26.25, 9999.0, 1.25, 1.5, 19.75, 9999.0, 9999.0, 9999.0, 121.0, 124.5, 120.5, 104.25, 135.5
2023-04-06, 04:48:12, 132.75, 52.0, 19.0, 26.25, 9999.0, 1.25, 1.5, 19.75, 9999.0, 9999.0, 9999.0, 121.0, 124.5, 120.5, 104.25, 135.5
2023-04-06, 04:48:16, 132.75, 52.25, 19.0, 26.0, 9999.0, 1.25, 1.5, 19.75, 9999.0, 9999.0, 9999.0, 120.75, 124.5, 120.5, 104.25, 135.25
2023-04-06, 04:48:20, 132.5, 52.0, 19.0, 26.0, 9999.0, 1.5, 1.5, 19.75, 9999.0, 9999.0, 9999.0, 120.75, 124.5, 120.5, 104.25, 135.5
2023-04-06, 04:48:24, 132.5, 52.25, 19.0, 26.0, 9999.0, 1.5, 1.5, 19.75, 9999.0, 9999.0, 9999.0, 120.75, 124.25, 120.5, 104.25, 135.25
2023-04-06, 04:48:28, 132.75, 52.25, 19.25, 26.0, 9999.0, 1.5, 1.5, 19.75, 9999.0, 9999.0, 9999.0, 121.5, 124.5, 120.5, 104.0, 135.25
2023-04-06, 04:48:32, 132.5, 52.0, 19.25, 26.0, 9999.0, 1.5, 1.5, 19.75, 9999.0, 9999.0, 9999.0, 121.5, 124.5, 120.5, 104.0, 135.25
2023-04-06, 04:48:36, 132.75, 52.0, 19.0, 26.0, 9999.0, 1.5, 1.5, 19.75, 9999.0, 9999.0, 9999.0, 121.25, 124.5, 120.5, 104.25, 135.25
2023-04-06, 04:48:40, 132.75, 52.0, 19.0, 26.25, 9999.0, 1.5, 1.5, 19.75, 9999.0, 9999.0, 9999.0, 121.25, 124.25, 120.5, 104.25, 135.5
2023-04-06, 04:48:44, 132.5, 52.0, 19.0, 26.0, 9999.0, 1.5, 1.5, 19.75, 9999.0, 9999.0, 9999.0, 121.25, 124.25, 120.5, 104.25, 135.25
2023-04-06, 04:48:48, 132.5, 52.0, 19.25, 26.25, 9999.0, 1.25, 1.5, 19.75, 9999.0, 9999.0, 9999.0, 121.25, 124.25, 120.25, 104.25, 135.5
2023-04-06, 04:48:52, 132.5, 52.0, 19.25, 26.0, 9999.0, 1.25, 1.5, 19.75, 9999.0, 9999.0, 9999.0, 121.25, 124.25, 120.5, 104.0, 135.25
2023-04-06, 04:48:56, 132.5, 52.0, 19.0, 26.25, 9999.0, 1.25, 1.5, 19.75, 9999.0, 9999.0, 9999.0, 121.0, 124.5, 120.5, 104.0, 135.5
2023-04-06, 04:49:00, 132.5, 52.0, 19.0, 26.25, 9999.0, 1.25, 1.5, 19.75, 9999.0, 9999.0, 9999.0, 121.0, 124.5, 120.5, 104.0, 135.5
2023-04-06, 04:49:04, 132.75, 52.0, 19.25, 26.25, 9999.0, 1.25, 1.5, 19.75, 9999.0, 9999.0, 9999.0, 121.0, 124.5, 120.5, 104.25, 135.25
2023-04-06, 04:49:08, 132.5, 52.0, 19.0, 26.0, 9999.0, 1.25, 1.5, 19.75, 9999.0, 9999.0, 9999.0, 121.0, 124.5, 120.5, 104.0, 135.5
2023-04-06, 04:49:12, 132.5, 52.0, 19.0, 26.25, 9999.0, 1.25, 1.5, 19.75, 9999.0, 9999.0, 9999.0, 121.0, 124.5, 120.25, 104.0, 135.25
2023-04-06, 04:49:16, 132.75, 52.0, 19.0, 26.25, 9999.0, 1.25, 1.5, 19.75, 9999.0, 9999.0, 9999.0, 121.0, 124.5, 120.5, 104.25, 135.25
2023-04-06, 04:49:20, 132.5, 52.0, 19.25, 26.0, 9999.0, 1.25, 1.5, 19.75, 9999.0, 9999.0, 9999.0, 120.75, 124.5, 120.5, 104.0, 135.25
2023-04-06, 04:49:24, 132.5, 52.0, 19.0, 26.0, 9999.0, 1.25, 1.5, 19.75, 9999.0, 9999.0, 9999.0, 121.0, 124.5, 120.5, 104.25, 135.25
2023-04-06, 04:49:28, 132.5, 52.0, 19.0, 26.25, 9999.0, 1.0, 1.5, 19.75, 9999.0, 9999.0, 9999.0, 120.75, 124.5, 120.5, 104.0, 135.25
2023-04-06, 04:49:32, 132.5, 52.0, 19.0, 26.25, 9999.0, 1.25, 1.5, 19.75, 9999.0, 9999.0, 9999.0, 120.75, 124.5, 120.5, 104.25, 135.25
2023-04-06, 04:49:36, 132.5, 52.0, 19.0, 26.25, 9999.0, 1.25, 1.5, 19.75, 9999.0, 9999.0, 9999.0, 120.75, 124.5, 120.5, 104.25, 135.25
2023-04-06, 04:49:40, 132.5, 52.0, 19.0, 26.0, 9999.0, 1.5, 1.5, 19.75, 9999.0, 9999.0, 9999.0, 120.75, 124.5, 120.5, 104.25, 135.25
2023-04-06, 04:49:44, 132.5, 52.0, 19.0, 26.0, 9999.0, 1.5, 1.5, 19.75, 9999.0, 9999.0, 9999.0, 120.75, 124.5, 120.5, 104.0, 135.25
2023-04-06, 04:49:48, 132.5, 52.0, 19.25, 26.0, 9999.0, 1.5, 1.5, 19.75, 9999.0, 9999.0, 9999.0, 121.5, 124.25, 120.5, 104.25, 135.25
2023-04-06, 04:49:52, 132.5, 52.0, 19.25, 26.0, 9999.0, 1.5, 1.5, 19.75, 9999.0, 9999.0, 9999.0, 121.25, 124.25, 120.5, 104.0, 135.25
2023-04-06, 04:49:56, 132.5, 52.0, 19.25, 26.0, 9999.0, 1.5, 1.5, 19.75, 9999.0, 9999.0, 9999.0, 121.25, 124.25, 120.5, 104.25, 135.25
2023-04-06, 04:50:00, 132.5, 52.0, 19.0, 26.25, 9999.0, 1.25, 1.5, 19.75, 9999.0, 9999.0, 9999.0, 121.25, 124.25, 120.5, 104.25, 135.25
2023-04-06, 04:50:04, 132.5, 52.0, 19.0, 26.0, 9999.0, 1.25, 1.5, 19.75, 9999.0, 9999.0, 9999.0, 121.25, 124.25, 120.5, 104.0, 135.25
2023-04-06, 04:50:08, 132.5, 52.0, 19.0, 26.0, 9999.0, 1.25, 1.5, 19.75, 9999.0, 9999.0, 9999.0, 121.0, 124.25, 120.25, 104.25, 135.25
2023-04-06, 04:50:12, 132.5, 52.0, 19.0, 26.0, 9999.0, 1.25, 1.5, 19.75, 9999.0, 9999.0, 9999.0, 121.0, 124.25, 120.5, 104.0, 135.25
2023-04-06, 04:50:16, 132.5, 52.0, 19.0, 26.0, 9999.0, 1.25, 1.5, 19.5, 9999.0, 9999.0, 9999.0, 121.0, 124.5, 120.5, 104.0, 135.25
2023-04-06, 04:50:20, 132.5, 52.0, 19.0, 26.25, 9999.0, 1.25, 1.5, 19.5, 9999.0, 9999.0, 9999.0, 121.0, 124.5, 120.5, 104.25, 135.25
2023-04-06, 04:50:24, 132.5, 52.0, 19.0, 26.25, 9999.0, 1.0, 1.5, 19.75, 9999.0, 9999.0, 9999.0, 121.0, 124.5, 120.5, 104.0, 135.25
2023-04-06, 04:50:28, 132.5, 52.0, 19.25, 26.0, 9999.0, 1.25, 1.5, 19.5, 9999.0, 9999.0, 9999.0, 121.0, 124.5, 120.5, 104.0, 135.25
2023-04-06, 04:50:32, 132.5, 52.0, 19.0, 26.0, 9999.0, 1.25, 1.5, 19.75, 9999.0, 9999.0, 9999.0, 121.0, 124.5, 120.5, 104.0, 135.25
2023-04-06, 04:50:36, 132.5, 52.0, 19.0, 26.0, 9999.0, 1.25, 1.5, 19.75, 9999.0, 9999.0, 9999.0, 121.0, 124.5, 120.25, 104.25, 135.25
2023-04-06, 04:50:40, 132.5, 52.0, 19.0, 26.25, 9999.0, 1.0, 1.5, 19.5, 9999.0, 9999.0, 9999.0, 121.0, 124.5, 120.5, 104.0, 135.25
2023-04-06, 04:50:44, 132.5, 52.0, 19.0, 26.0, 9999.0, 1.0, 1.5, 19.5, 9999.0, 9999.0, 9999.0, 120.75, 124.25, 120.5, 104.0, 135.25
2023-04-06, 04:50:48, 132.5, 52.0, 19.25, 26.0, 9999.0, 1.0, 1.25, 19.5, 9999.0, 9999.0, 9999.0, 120.75, 124.25, 120.5, 104.0, 135.25
2023-04-06, 04:50:52, 132.5, 52.0, 19.0, 26.0, 9999.0, 1.25, 1.5, 19.5, 9999.0, 9999.0, 9999.0, 120.75, 124.25, 120.5, 104.0, 135.25
2023-04-06, 04:50:56, 132.5, 52.0, 19.0, 26.0, 9999.0, 1.25, 1.5, 19.5, 9999.0, 9999.0, 9999.0, 120.75, 124.25, 120.5, 104.0, 135.25
2023-04-06, 04:51:00, 132.5, 52.0, 19.0, 26.0, 9999.0, 1.5, 1.5, 19.5, 9999.0, 9999.0, 9999.0, 120.75, 124.25, 120.5, 104.0, 135.25
2023-04-06, 04:51:04, 132.5, 52.0, 19.0, 26.0, 9999.0, 1.5, 1.5, 19.75, 9999.0, 9999.0, 9999.0, 120.5, 124.25, 120.5, 104.0, 135.25
2023-04-06, 04:51:08, 132.5, 52.0, 19.0, 26.0, 9999.0, 1.5, 1.5, 19.75, 9999.0, 9999.0, 9999.0, 121.5, 124.25, 120.5, 104.0, 135.25
2023-04-06, 04:51:12, 132.5, 52.0, 19.0, 26.0, 9999.0, 1.25, 1.5, 19.5, 9999.0, 9999.0, 9999.0, 121.25, 124.25, 120.5, 104.0, 135.25
2023-04-06, 04:51:16, 132.5, 52.0, 18.75, 26.0, 9999.0, 1.25, 1.5, 19.75, 9999.0, 9999.0, 9999.0, 121.25, 124.25, 120.5, 104.0, 135.25
2023-04-06, 04:51:20, 132.5, 52.0, 19.0, 26.25, 9999.0, 1.25, 1.5, 19.5, 9999.0, 9999.0, 9999.0, 121.0, 124.25, 120.25, 104.0, 135.25
2023-04-06, 04:51:24, 132.5, 52.0, 18.75, 26.0, 9999.0, 1.25, 1.5, 19.75, 9999.0, 9999.0, 9999.0, 121.0, 124.25, 120.5, 104.0, 135.25
2023-04-06, 04:51:28, 132.5, 52.0, 19.0, 26.25, 9999.0, 1.25, 1.5, 19.5, 9999.0, 9999.0, 9999.0, 121.0, 124.25, 120.25, 104.0, 135.25
2023-04-06, 04:51:32, 132.5, 52.0, 19.0, 26.0, 9999.0, 1.25, 1.5, 19.5, 9999.0, 9999.0, 9999.0, 121.0, 124.25, 120.25, 104.0, 135.25
2023-04-06, 04:51:36, 132.5, 52.0, 19.0, 26.0, 9999.0, 1.25, 1.5, 19.75, 9999.0, 9999.0, 9999.0, 121.0, 124.5, 120.25, 104.0, 135.25
2023-04-06, 04:51:40, 132.5, 52.0, 19.0, 26.0, 9999.0, 1.25, 1.5, 19.75, 9999.0, 9999.0, 9999.0, 121.0, 124.5, 120.25, 104.0, 135.25
2023-04-06, 04:51:44, 132.5, 52.0, 18.75, 26.0, 9999.0, 1.25, 1.5, 19.5, 9999.0, 9999.0, 9999.0, 121.0, 124.5, 120.5, 104.0, 135.25
2023-04-06, 04:51:48, 132.25, 52.0, 19.0, 26.0, 9999.0, 1.0, 1.5, 19.5, 9999.0, 9999.0, 9999.0, 120.75, 124.5, 120.5, 104.0, 135.25
2023-04-06, 04:51:52, 132.5, 52.0, 18.75, 26.0, 9999.0, 1.25, 1.5, 19.5, 9999.0, 9999.0, 9999.0, 120.75, 124.5, 120.5, 104.0, 135.25
2023-04-06, 04:51:56, 132.5, 52.0, 19.0, 26.0, 9999.0, 1.0, 1.25, 19.5, 9999.0, 9999.0, 9999.0, 120.75, 124.5, 120.25, 104.0, 135.25
2023-04-06, 04:52:00, 132.25, 52.0, 19.0, 26.0, 9999.0, 1.0, 1.5, 19.5, 9999.0, 9999.0, 9999.0, 120.75, 124.5, 120.5, 104.0, 135.25
2023-04-06, 04:52:04, 132.5, 52.0, 19.0, 26.0, 9999.0, 1.0, 1.25, 19.5, 9999.0, 9999.0, 9999.0, 120.75, 124.5, 120.5, 104.0, 135.25
2023-04-06, 04:52:09, 132.5, 52.0, 19.0, 26.0, 9999.0, 1.0, 1.5, 19.5, 9999.0, 9999.0, 9999.0, 120.75, 124.25, 120.5, 104.0, 135.25
2023-04-06, 04:52:13, 132.5, 52.0, 19.0, 26.0, 9999.0, 1.25, 1.5, 19.5, 9999.0, 9999.0, 9999.0, 120.75, 124.25, 120.5, 104.0, 135.25
2023-04-06, 04:52:17, 132.5, 51.75, 19.0, 26.0, 9999.0, 1.25, 1.5, 19.5, 9999.0, 9999.0, 9999.0, 120.5, 124.25, 120.5, 104.0, 135.25
2023-04-06, 04:52:21, 132.25, 52.0, 19.0, 26.0, 9999.0, 1.5, 1.5, 19.75, 9999.0, 9999.0, 9999.0, 120.5, 124.25, 120.5, 104.0, 135.25
2023-04-06, 04:52:25, 132.5, 52.0, 19.0, 26.0, 9999.0, 1.25, 1.25, 19.5, 9999.0, 9999.0, 9999.0, 120.5, 124.25, 120.5, 104.0, 135.25
2023-04-06, 04:52:29, 132.5, 52.0, 19.0, 26.0, 9999.0, 1.25, 1.25, 19.5, 9999.0, 9999.0, 9999.0, 121.25, 124.25, 120.5, 104.0, 135.25
2023-04-06, 04:52:33, 132.5, 52.0, 19.0, 26.0, 9999.0, 1.25, 1.5, 19.5, 9999.0, 9999.0, 9999.0, 121.25, 124.25, 120.25, 104.0, 135.25
2023-04-06, 04:52:37, 132.5, 51.75, 19.0, 26.25, 9999.0, 1.25, 1.25, 19.5, 9999.0, 9999.0, 9999.0, 121.25, 124.25, 120.5, 104.0, 135.25
2023-04-06, 04:52:41, 132.5, 51.75, 19.0, 26.0, 9999.0, 1.25, 1.5, 19.5, 9999.0, 9999.0, 9999.0, 121.25, 124.25, 120.5, 104.0, 135.25
2023-04-06, 04:52:45, 132.5, 51.75, 19.0, 26.0, 9999.0, 1.25, 1.5, 19.5, 9999.0, 9999.0, 9999.0, 121.0, 124.25, 120.25, 104.0, 135.25
2023-04-06, 04:52:49, 132.25, 52.0, 19.0, 26.25, 9999.0, 1.25, 1.5, 19.5, 9999.0, 9999.0, 9999.0, 121.0, 124.25, 120.25, 104.0, 135.25
2023-04-06, 04:52:53, 132.5, 51.75, 19.0, 26.25, 9999.0, 1.25, 1.25, 19.5, 9999.0, 9999.0, 9999.0, 121.0, 124.25, 120.25, 104.0, 135.25
2023-04-06, 04:52:57, 132.5, 52.0, 19.0, 26.0, 9999.0, 1.0, 1.5, 19.5, 9999.0, 9999.0, 9999.0, 121.0, 124.5, 120.5, 104.0, 135.0
2023-04-06, 04:53:01, 132.25, 52.0, 19.0, 26.0, 9999.0, 1.25, 1.25, 19.5, 9999.0, 9999.0, 9999.0, 121.0, 124.5, 120.25, 104.0, 135.25
2023-04-06, 04:53:05, 132.25, 52.0, 19.0, 26.0, 9999.0, 1.0, 1.25, 19.5, 9999.0, 9999.0, 9999.0, 121.0, 124.25, 120.5, 104.0, 135.0
2023-04-06, 04:53:09, 132.25, 51.75, 19.0, 26.0, 9999.0, 1.0, 1.5, 19.5, 9999.0, 9999.0, 9999.0, 121.0, 124.5, 120.25, 104.0, 135.25
2023-04-06, 04:53:13, 132.5, 52.0, 19.0, 26.0, 9999.0, 1.0, 1.5, 19.5, 9999.0, 9999.0, 9999.0, 120.75, 124.25, 120.25, 104.0, 135.25
2023-04-06, 04:53:17, 132.5, 51.75, 19.0, 26.0, 9999.0, 1.0, 1.25, 19.5, 9999.0, 9999.0, 9999.0, 120.75, 124.25, 120.25, 104.0, 135.25
2023-04-06, 04:53:21, 132.5, 52.0, 19.0, 26.0, 9999.0, 1.0, 1.25, 19.5, 9999.0, 9999.0, 9999.0, 120.75, 124.25, 120.25, 104.0, 135.25
2023-04-06, 04:53:25, 132.5, 52.0, 19.0, 26.0, 9999.0, 1.0, 1.25, 19.5, 9999.0, 9999.0, 9999.0, 120.75, 124.25, 120.5, 103.75, 135.25
2023-04-06, 04:53:29, 132.25, 52.0, 19.0, 26.0, 9999.0, 1.0, 1.25, 19.5, 9999.0, 9999.0, 9999.0, 120.75, 124.25, 120.5, 103.75, 135.25
2023-04-06, 04:53:33, 132.25, 51.75, 18.75, 26.0, 9999.0, 1.25, 1.25, 19.5, 9999.0, 9999.0, 9999.0, 120.75, 124.25, 120.25, 104.0, 135.25
2023-04-06, 04:53:37, 132.25, 51.75, 19.0, 26.0, 9999.0, 1.0, 1.25, 19.5, 9999.0, 9999.0, 9999.0, 120.5, 124.25, 120.25, 104.0, 135.25
2023-04-06, 04:53:41, 132.25, 51.75, 19.0, 26.0, 9999.0, 1.25, 1.5, 19.5, 9999.0, 9999.0, 9999.0, 120.5, 124.25, 120.25, 104.0, 135.25
2023-04-06, 04:53:45, 132.25, 51.75, 18.75, 26.0, 9999.0, 1.25, 1.25, 19.5, 9999.0, 9999.0, 9999.0, 120.5, 124.25, 120.25, 104.0, 135.0
2023-04-06, 04:53:49, 132.25, 51.75, 19.0, 26.25, 9999.0, 1.25, 1.25, 19.5, 9999.0, 9999.0, 9999.0, 121.25, 124.25, 120.25, 104.0, 135.25
2023-04-06, 04:53:53, 132.25, 52.0, 19.0, 26.0, 9999.0, 1.25, 1.25, 19.5, 9999.0, 9999.0, 9999.0, 121.25, 124.25, 120.25, 104.0, 135.25
2023-04-06, 04:53:57, 132.5, 52.0, 18.75, 26.0, 9999.0, 1.25, 1.25, 19.5, 9999.0, 9999.0, 9999.0, 121.25, 124.25, 120.25, 104.0, 135.25
2023-04-06, 04:54:01, 132.25, 51.75, 18.75, 26.0, 9999.0, 1.25, 1.5, 19.5, 9999.0, 9999.0, 9999.0, 121.0, 124.25, 120.25, 104.0, 135.25
2023-04-06, 04:54:05, 132.25, 52.0, 19.0, 26.0, 9999.0, 1.25, 1.5, 19.5, 9999.0, 9999.0, 9999.0, 121.0, 124.25, 120.25, 104.0, 135.25
2023-04-06, 04:54:09, 132.25, 52.0, 19.0, 26.0, 9999.0, 1.0, 1.25, 19.5, 9999.0, 9999.0, 9999.0, 121.0, 124.25, 120.25, 104.0, 135.25
2023-04-06, 04:54:13, 132.25, 51.75, 19.0, 26.0, 9999.0, 1.25, 1.25, 19.5, 9999.0, 9999.0, 9999.0, 121.0, 124.25, 120.25, 104.0, 135.25
2023-04-06, 04:54:17, 132.25, 51.75, 19.0, 26.0, 9999.0, 1.0, 1.25, 19.5, 9999.0, 9999.0, 9999.0, 121.0, 124.25, 120.25, 103.75, 135.0
2023-04-06, 04:54:21, 132.25, 52.0, 19.0, 25.75, 9999.0, 1.0, 1.25, 19.5, 9999.0, 9999.0, 9999.0, 121.0, 124.5, 120.25, 104.0, 135.25
2023-04-06, 04:54:25, 132.25, 52.0, 19.0, 26.0, 9999.0, 1.0, 1.25, 19.5, 9999.0, 9999.0, 9999.0, 121.0, 124.5, 120.25, 104.0, 135.25
2023-04-06, 04:54:29, 132.25, 51.75, 18.75, 26.0, 9999.0, 1.0, 1.25, 19.5, 9999.0, 9999.0, 9999.0, 120.75, 124.25, 120.5, 104.0, 135.25
2023-04-06, 04:54:33, 132.25, 51.75, 18.75, 26.0, 9999.0, 1.0, 1.25, 19.5, 9999.0, 9999.0, 9999.0, 120.75, 124.25, 120.25, 104.0, 135.25
2023-04-06, 04:54:37, 132.25, 51.75, 18.75, 26.0, 9999.0, 1.0, 1.25, 19.5, 9999.0, 9999.0, 9999.0, 120.75, 124.25, 120.25, 104.0, 135.25
2023-04-06, 04:54:41, 132.25, 52.0, 18.75, 26.0, 9999.0, 1.0, 1.25, 19.5, 9999.0, 9999.0, 9999.0, 120.75, 124.25, 120.25, 104.0, 135.25
2023-04-06, 04:54:45, 132.25, 51.75, 18.75, 26.0, 9999.0, 1.0, 1.25, 19.5, 9999.0, 9999.0, 9999.0, 120.75, 124.25, 120.25, 104.0, 135.25
2023-04-06, 04:54:49, 132.25, 51.75, 19.0, 26.0, 9999.0, 1.0, 1.25, 19.5, 9999.0, 9999.0, 9999.0, 120.5, 124.25, 120.5, 104.0, 135.0
2023-04-06, 04:54:53, 132.25, 51.75, 19.0, 26.0, 9999.0, 1.0, 1.25, 19.5, 9999.0, 9999.0, 9999.0, 120.5, 124.25, 120.25, 104.0, 135.25
2023-04-06, 04:54:57, 132.25, 51.75, 19.0, 26.0, 9999.0, 1.0, 1.25, 19.5, 9999.0, 9999.0, 9999.0, 120.5, 124.25, 120.25, 104.0, 135.25
2023-04-06, 04:55:01, 132.25, 52.0, 18.75, 26.25, 9999.0, 1.25, 1.25, 19.5, 9999.0, 9999.0, 9999.0, 120.5, 124.25, 120.5, 104.0, 135.25
2023-04-06, 04:55:05, 132.25, 51.75, 18.75, 26.25, 9999.0, 1.25, 1.25, 19.5, 9999.0, 9999.0, 9999.0, 120.5, 124.25, 120.25, 104.0, 135.25
2023-04-06, 04:55:09, 132.25, 51.75, 18.75, 26.0, 9999.0, 1.25, 1.25, 19.5, 9999.0, 9999.0, 9999.0, 121.25, 124.25, 120.25, 104.0, 135.25
2023-04-06, 04:55:13, 132.25, 51.75, 18.75, 26.0, 9999.0, 1.25, 1.5, 19.5, 9999.0, 9999.0, 9999.0, 121.25, 124.25, 120.25, 104.0, 135.25
2023-04-06, 04:55:17, 132.25, 51.75, 19.0, 25.75, 9999.0, 1.25, 1.25, 19.5, 9999.0, 9999.0, 9999.0, 121.0, 124.25, 120.25, 104.0, 135.0
2023-04-06, 04:55:21, 132.25, 51.75, 18.75, 25.75, 9999.0, 1.25, 1.25, 19.5, 9999.0, 9999.0, 9999.0, 121.0, 124.25, 120.25, 104.0, 135.25
2023-04-06, 04:55:25, 132.25, 52.0, 18.75, 26.0, 9999.0, 1.0, 1.25, 19.5, 9999.0, 9999.0, 9999.0, 121.0, 124.25, 120.25, 104.0, 135.0
2023-04-06, 04:55:29, 132.25, 51.75, 19.0, 26.0, 9999.0, 1.0, 1.25, 19.5, 9999.0, 9999.0, 9999.0, 121.0, 124.25, 120.25, 104.0, 135.25
2023-04-06, 04:55:33, 132.25, 51.75, 19.0, 26.0, 9999.0, 1.0, 1.25, 19.5, 9999.0, 9999.0, 9999.0, 121.0, 124.0, 120.25, 104.0, 135.25
2023-04-06, 04:55:37, 132.25, 51.75, 19.0, 26.0, 9999.0, 1.0, 1.25, 19.5, 9999.0, 9999.0, 9999.0, 121.0, 124.25, 120.25, 104.0, 135.25
2023-04-06, 04:55:41, 132.25, 51.75, 19.0, 26.0, 9999.0, 1.0, 1.25, 19.5, 9999.0, 9999.0, 9999.0, 121.0, 124.25, 120.25, 104.0, 135.25
2023-04-06, 04:55:45, 132.25, 51.75, 19.0, 25.75, 9999.0, 1.0, 1.25, 19.5, 9999.0, 9999.0, 9999.0, 120.75, 124.25, 120.5, 104.0, 135.25
2023-04-06, 04:55:49, 132.25, 51.75, 18.75, 26.0, 9999.0, 1.0, 1.25, 19.5, 9999.0, 9999.0, 9999.0, 120.75, 124.25, 120.25, 104.0, 135.25
2023-04-06, 04:55:53, 132.25, 51.75, 19.0, 26.0, 9999.0, 1.0, 1.25, 19.5, 9999.0, 9999.0, 9999.0, 120.75, 124.25, 120.5, 104.0, 135.25
2023-04-06, 04:55:57, 132.25, 51.75, 19.0, 26.0, 9999.0, 1.0, 1.25, 19.5, 9999.0, 9999.0, 9999.0, 120.75, 124.25, 120.25, 104.0, 135.25
2023-04-06, 04:56:01, 132.25, 51.75, 19.0, 26.0, 9999.0, 1.0, 1.25, 19.5, 9999.0, 9999.0, 9999.0, 120.5, 124.25, 120.5, 104.0, 135.25
2023-04-06, 04:56:05, 132.25, 51.75, 19.0, 26.0, 9999.0, 1.0, 1.25, 19.5, 9999.0, 9999.0, 9999.0, 120.75, 124.25, 120.5, 104.0, 135.25
2023-04-06, 04:56:09, 132.25, 52.0, 19.0, 26.0, 9999.0, 1.25, 1.25, 19.5, 9999.0, 9999.0, 9999.0, 120.5, 124.25, 120.5, 104.0, 135.25
2023-04-06, 04:56:13, 132.25, 51.75, 19.0, 26.0, 9999.0, 1.0, 1.25, 19.5, 9999.0, 9999.0, 9999.0, 120.5, 124.5, 120.5, 104.0, 135.25
2023-04-06, 04:56:17, 132.25, 52.0, 19.0, 26.0, 9999.0, 1.25, 1.25, 19.5, 9999.0, 9999.0, 9999.0, 120.5, 124.25, 120.5, 104.0, 135.25
2023-04-06, 04:56:21, 132.25, 52.0, 19.0, 26.0, 9999.0, 1.5, 1.25, 19.5, 9999.0, 9999.0, 9999.0, 120.5, 124.25, 120.25, 104.0, 135.25
2023-04-06, 04:56:25, 132.25, 51.75, 18.75, 26.25, 9999.0, 1.25, 1.25, 19.5, 9999.0, 9999.0, 9999.0, 121.25, 124.25, 120.5, 104.0, 135.25
2023-04-06, 04:56:29, 132.25, 51.75, 19.0, 26.25, 9999.0, 1.25, 1.25, 19.5, 9999.0, 9999.0, 9999.0, 121.25, 124.25, 120.5, 104.0, 135.0
2023-04-06, 04:56:34, 132.25, 51.75, 18.75, 26.25, 9999.0, 1.25, 1.25, 19.5, 9999.0, 9999.0, 9999.0, 121.25, 124.25, 120.5, 104.0, 135.25
2023-04-06, 04:56:38, 132.25, 51.75, 19.0, 26.25, 9999.0, 1.25, 1.25, 19.5, 9999.0, 9999.0, 9999.0, 121.25, 124.25, 120.5, 104.0, 135.25
2023-04-06, 04:56:42, 132.25, 51.75, 19.0, 26.0, 9999.0, 1.25, 1.25, 19.5, 9999.0, 9999.0, 9999.0, 121.0, 124.25, 120.25, 104.0, 135.25
2023-04-06, 04:56:46, 132.25, 51.75, 19.0, 26.25, 9999.0, 1.25, 1.25, 19.5, 9999.0, 9999.0, 9999.0, 121.0, 124.25, 120.25, 104.0, 135.0
2023-04-06, 04:56:50, 132.25, 52.0, 19.0, 26.25, 9999.0, 1.25, 1.25, 19.5, 9999.0, 9999.0, 9999.0, 121.0, 124.25, 120.5, 104.0, 135.25
2023-04-06, 04:56:54, 132.25, 51.75, 19.0, 26.25, 9999.0, 1.0, 1.25, 19.5, 9999.0, 9999.0, 9999.0, 121.0, 124.25, 120.5, 104.0, 135.25
2023-04-06, 04:56:58, 132.25, 51.75, 19.0, 26.0, 9999.0, 1.0, 1.25, 19.5, 9999.0, 9999.0, 9999.0, 121.0, 124.5, 120.5, 104.0, 135.25
2023-04-06, 04:57:02, 132.25, 51.75, 19.0, 26.0, 9999.0, 1.0, 1.25, 19.5, 9999.0, 9999.0, 9999.0, 121.0, 124.5, 120.25, 104.0, 135.0
2023-04-06, 04:57:06, 132.25, 51.75, 18.75, 26.0, 9999.0, 1.0, 1.25, 19.5, 9999.0, 9999.0, 9999.0, 120.75, 124.5, 120.25, 104.0, 135.0
2023-04-06, 04:57:10, 132.25, 51.75, 18.75, 26.0, 9999.0, 1.0, 1.25, 19.5, 9999.0, 9999.0, 9999.0, 120.75, 124.5, 120.5, 104.0, 135.25
2023-04-06, 04:57:14, 132.25, 51.75, 19.0, 26.0, 9999.0, 1.0, 1.25, 19.5, 9999.0, 9999.0, 9999.0, 120.75, 124.5, 120.5, 104.0, 135.0
2023-04-06, 04:57:18, 132.25, 51.75, 19.0, 26.0, 9999.0, 1.0, 1.25, 19.5, 9999.0, 9999.0, 9999.0, 120.75, 124.5, 120.5, 104.0, 135.25
2023-04-06, 04:57:22, 132.25, 52.0, 19.0, 26.0, 9999.0, 1.0, 1.5, 19.5, 9999.0, 9999.0, 9999.0, 120.75, 124.25, 120.5, 104.0, 135.25
2023-04-06, 04:57:26, 132.25, 51.75, 19.0, 26.0, 9999.0, 1.0, 1.25, 19.5, 9999.0, 9999.0, 9999.0, 120.75, 124.25, 120.5, 104.0, 135.25
2023-04-06, 04:57:30, 132.25, 51.75, 19.0, 26.0, 9999.0, 1.25, 1.25, 19.5, 9999.0, 9999.0, 9999.0, 120.75, 124.25, 120.5, 104.0, 135.25
2023-04-06, 04:57:34, 132.25, 51.75, 19.0, 26.25, 9999.0, 1.0, 1.25, 19.5, 9999.0, 9999.0, 9999.0, 120.5, 124.5, 120.5, 104.0, 135.25
2023-04-06, 04:57:38, 132.25, 51.75, 18.75, 26.25, 9999.0, 1.25, 1.25, 19.5, 9999.0, 9999.0, 9999.0, 120.5, 124.25, 120.5, 104.0, 135.25
2023-04-06, 04:57:42, 132.25, 51.75, 19.0, 26.25, 9999.0, 1.25, 1.25, 19.5, 9999.0, 9999.0, 9999.0, 120.5, 124.25, 120.5, 104.0, 135.25
2023-04-06, 04:57:46, 132.25, 51.75, 19.0, 26.25, 9999.0, 1.25, 1.25, 19.5, 9999.0, 9999.0, 9999.0, 121.25, 124.5, 120.5, 104.0, 135.25
2023-04-06, 04:57:50, 132.25, 51.75, 19.0, 26.25, 9999.0, 1.25, 1.25, 19.5, 9999.0, 9999.0, 9999.0, 121.25, 124.25, 120.25, 104.0, 135.25
2023-04-06, 04:57:54, 132.25, 51.75, 18.75, 26.25, 9999.0, 1.25, 1.25, 19.5, 9999.0, 9999.0, 9999.0, 121.25, 124.25, 120.5, 104.0, 135.25
2023-04-06, 04:57:58, 132.25, 52.0, 19.0, 26.0, 9999.0, 1.25, 1.25, 19.5, 9999.0, 9999.0, 9999.0, 121.25, 124.25, 120.5, 104.0, 135.25
2023-04-06, 04:58:02, 132.25, 51.75, 19.0, 26.0, 9999.0, 1.0, 1.25, 19.5, 9999.0, 9999.0, 9999.0, 121.0, 124.25, 120.5, 104.0, 135.25
2023-04-06, 04:58:06, 132.25, 52.0, 19.0, 26.0, 9999.0, 1.0, 1.25, 19.5, 9999.0, 9999.0, 9999.0, 121.0, 124.25, 120.5, 104.0, 135.0
2023-04-06, 04:58:10, 132.25, 51.75, 19.0, 26.0, 9999.0, 1.0, 1.25, 19.5, 9999.0, 9999.0, 9999.0, 121.0, 124.25, 120.5, 104.0, 135.25
2023-04-06, 04:58:14, 132.25, 51.75, 18.75, 26.0, 9999.0, 1.0, 1.25, 19.5, 9999.0, 9999.0, 9999.0, 120.75, 124.25, 120.25, 104.0, 135.25
2023-04-06, 04:58:18, 132.25, 51.75, 18.75, 26.0, 9999.0, 1.0, 1.25, 19.5, 9999.0, 9999.0, 9999.0, 121.0, 124.5, 120.5, 104.0, 135.25
2023-04-06, 04:58:22, 132.25, 52.0, 18.75, 26.25, 9999.0, 1.0, 1.25, 19.5, 9999.0, 9999.0, 9999.0, 121.0, 124.5, 120.5, 104.0, 135.25
2023-04-06, 04:58:26, 132.25, 51.75, 18.75, 26.25, 9999.0, 1.0, 1.25, 19.5, 9999.0, 9999.0, 9999.0, 120.75, 124.5, 120.5, 104.0, 135.25
2023-04-06, 04:58:30, 132.25, 52.0, 18.75, 26.25, 9999.0, 1.0, 1.25, 19.5, 9999.0, 9999.0, 9999.0, 120.75, 124.5, 120.5, 104.0, 135.25
2023-04-06, 04:58:34, 132.25, 51.75, 18.75, 26.25, 9999.0, 1.0, 1.25, 19.5, 9999.0, 9999.0, 9999.0, 120.75, 124.5, 120.5, 104.0, 135.25
2023-04-06, 04:58:38, 132.25, 51.75, 19.0, 26.0, 9999.0, 1.0, 1.25, 19.5, 9999.0, 9999.0, 9999.0, 120.75, 124.5, 120.5, 104.0, 135.25
2023-04-06, 04:58:42, 132.25, 51.75, 19.0, 26.0, 9999.0, 1.0, 1.25, 19.5, 9999.0, 9999.0, 9999.0, 120.75, 124.5, 120.5, 104.0, 135.25
2023-04-06, 04:58:46, 132.25, 51.75, 19.0, 26.25, 9999.0, 1.0, 1.25, 19.5, 9999.0, 9999.0, 9999.0, 120.5, 124.5, 120.5, 104.0, 135.25
2023-04-06, 04:58:50, 132.25, 51.75, 19.0, 26.25, 9999.0, 1.25, 1.25, 19.5, 9999.0, 9999.0, 9999.0, 120.5, 124.5, 120.5, 104.0, 135.0
2023-04-06, 04:58:54, 132.25, 51.75, 18.75, 26.0, 9999.0, 1.0, 1.25, 19.5, 9999.0, 9999.0, 9999.0, 120.5, 124.5, 120.5, 104.0, 135.25
2023-04-06, 04:58:58, 132.25, 52.0, 19.0, 26.0, 9999.0, 1.25, 1.25, 19.5, 9999.0, 9999.0, 9999.0, 120.5, 124.25, 120.5, 104.0, 135.25
2023-04-06, 04:59:02, 132.25, 51.75, 19.0, 26.0, 9999.0, 1.25, 1.25, 19.5, 9999.0, 9999.0, 9999.0, 120.5, 124.5, 120.5, 104.0, 135.25
2023-04-06, 04:59:06, 132.25, 51.75, 19.0, 26.0, 9999.0, 1.25, 1.25, 19.5, 9999.0, 9999.0, 9999.0, 121.25, 124.5, 120.5, 104.0, 135.25
2023-04-06, 04:59:10, 132.25, 51.75, 19.0, 26.0, 9999.0, 1.25, 1.25, 19.5, 9999.0, 9999.0, 9999.0, 121.25, 124.25, 120.5, 104.0, 135.0
2023-04-06, 04:59:14, 132.25, 51.75, 19.0, 26.0, 9999.0, 1.25, 1.25, 19.5, 9999.0, 9999.0, 9999.0, 121.25, 124.25, 120.5, 104.0, 135.0
2023-04-06, 04:59:18, 132.25, 51.75, 19.0, 26.0, 9999.0, 1.25, 1.25, 19.5, 9999.0, 9999.0, 9999.0, 121.0, 124.25, 120.5, 104.0, 135.25
2023-04-06, 04:59:22, 132.25, 51.75, 19.0, 26.0, 9999.0, 1.0, 1.25, 19.5, 9999.0, 9999.0, 9999.0, 121.0, 124.25, 120.5, 104.0, 135.25
2023-04-06, 04:59:26, 132.25, 51.75, 19.0, 26.0, 9999.0, 1.0, 1.25, 19.5, 9999.0, 9999.0, 9999.0, 121.0, 124.25, 120.5, 104.0, 135.25
2023-04-06, 04:59:30, 132.25, 52.0, 19.0, 26.0, 9999.0, 1.0, 1.25, 19.5, 9999.0, 9999.0, 9999.0, 121.0, 124.25, 120.5, 104.0, 135.25
2023-04-06, 04:59:34, 132.25, 52.0, 18.75, 26.0, 9999.0, 1.0, 1.25, 19.5, 9999.0, 9999.0, 9999.0, 121.0, 124.5, 120.5, 104.0, 135.25
2023-04-06, 04:59:38, 132.25, 51.75, 19.0, 26.0, 9999.0, 1.0, 1.25, 19.5, 9999.0, 9999.0, 9999.0, 121.0, 124.5, 120.5, 104.0, 135.25
2023-04-06, 04:59:42, 132.25, 51.75, 19.0, 26.0, 9999.0, 1.0, 1.25, 19.5, 9999.0, 9999.0, 9999.0, 121.0, 124.5, 120.5, 104.0, 135.25
2023-04-06, 04:59:46, 132.25, 52.0, 19.0, 26.0, 9999.0, 1.0, 1.25, 19.5, 9999.0, 9999.0, 9999.0, 121.0, 124.5, 120.5, 104.0, 135.25
2023-04-06, 04:59:50, 132.25, 52.0, 19.0, 26.0, 9999.0, 1.0, 1.25, 19.5, 9999.0, 9999.0, 9999.0, 121.0, 124.5, 120.5, 104.0, 135.25
2023-04-06, 04:59:54, 132.25, 52.0, 18.75, 26.25, 9999.0, 1.0, 1.25, 19.5, 9999.0, 9999.0, 9999.0, 120.75, 124.5, 120.5, 104.0, 135.25
2023-04-06, 04:59:58, 132.25, 51.75, 19.0, 26.0, 9999.0, 1.0, 1.25, 19.5, 9999.0, 9999.0, 9999.0, 120.75, 124.5, 120.5, 104.0, 135.25
2023-04-06, 05:00:02, 132.25, 52.0, 19.0, 26.0, 9999.0, 1.0, 1.25, 19.5, 9999.0, 9999.0, 9999.0, 120.75, 124.5, 120.5, 104.0, 135.25
2023-04-06, 05:00:06, 132.25, 51.75, 19.0, 26.0, 9999.0, 1.0, 1.25, 19.5, 9999.0, 9999.0, 9999.0, 120.5, 124.5, 120.5, 104.0, 135.25
2023-04-06, 05:00:10, 132.25, 52.0, 19.0, 26.0, 9999.0, 1.25, 1.25, 19.5, 9999.0, 9999.0, 9999.0, 120.5, 124.25, 120.5, 104.0, 135.25
2023-04-06, 05:00:14, 132.25, 52.0, 19.0, 26.0, 9999.0, 1.25, 1.25, 19.5, 9999.0, 9999.0, 9999.0, 120.5, 124.25, 120.5, 104.0, 135.25
2023-04-06, 05:00:18, 132.25, 52.0, 19.0, 26.25, 9999.0, 1.25, 1.25, 19.5, 9999.0, 9999.0, 9999.0, 120.5, 124.25, 120.5, 104.0, 135.25
2023-04-06, 05:00:22, 132.25, 52.0, 19.0, 26.0, 9999.0, 1.25, 1.25, 19.5, 9999.0, 9999.0, 9999.0, 120.5, 124.25, 120.5, 104.0, 135.25
2023-04-06, 05:00:26, 132.25, 52.0, 19.0, 26.0, 9999.0, 1.25, 1.25, 19.5, 9999.0, 9999.0, 9999.0, 121.25, 124.25, 120.5, 104.0, 135.25
2023-04-06, 05:00:30, 132.5, 52.0, 19.0, 26.0, 9999.0, 1.25, 1.25, 19.5, 9999.0, 9999.0, 9999.0, 121.25, 124.25, 120.5, 104.0, 135.25
2023-04-06, 05:00:34, 132.25, 52.0, 19.0, 26.0, 9999.0, 1.25, 1.25, 19.5, 9999.0, 9999.0, 9999.0, 121.25, 124.25, 120.5, 104.0, 135.25
2023-04-06, 05:00:38, 132.25, 52.0, 19.0, 25.75, 9999.0, 1.25, 1.25, 19.5, 9999.0, 9999.0, 9999.0, 121.0, 124.25, 120.5, 104.0, 135.25
2023-04-06, 05:00:42, 132.25, 51.75, 18.75, 25.75, 9999.0, 1.0, 1.25, 19.5, 9999.0, 9999.0, 9999.0, 121.0, 124.25, 120.5, 104.0, 135.25
2023-04-06, 05:00:46, 132.25, 52.0, 19.0, 26.0, 9999.0, 1.0, 1.25, 19.5, 9999.0, 9999.0, 9999.0, 121.0, 124.25, 120.5, 104.0, 135.25
2023-04-06, 05:00:50, 132.25, 52.0, 19.0, 26.0, 9999.0, 1.0, 1.25, 19.5, 9999.0, 9999.0, 9999.0, 121.0, 124.25, 120.5, 104.0, 135.25
2023-04-06, 05:00:54, 132.25, 51.75, 19.0, 26.0, 9999.0, 1.0, 1.25, 19.5, 9999.0, 9999.0, 9999.0, 121.0, 124.5, 120.5, 104.0, 135.25
2023-04-06, 05:00:59, 132.25, 52.0, 19.0, 26.0, 9999.0, 1.0, 1.25, 19.5, 9999.0, 9999.0, 9999.0, 121.0, 124.5, 120.5, 104.0, 135.25
2023-04-06, 05:01:03, 132.25, 52.0, 19.0, 25.75, 9999.0, 1.0, 1.25, 19.5, 9999.0, 9999.0, 9999.0, 121.0, 124.5, 120.5, 104.0, 135.25
2023-04-06, 05:01:07, 132.25, 52.0, 19.0, 26.0, 9999.0, 1.0, 1.25, 19.5, 9999.0, 9999.0, 9999.0, 121.0, 124.5, 120.5, 104.0, 135.25
2023-04-06, 05:01:11, 132.25, 52.0, 19.0, 26.0, 9999.0, 1.0, 1.25, 19.5, 9999.0, 9999.0, 9999.0, 121.0, 124.5, 120.5, 104.0, 135.25
2023-04-06, 05:01:15, 132.25, 52.0, 19.0, 26.25, 9999.0, 1.0, 1.25, 19.5, 9999.0, 9999.0, 9999.0, 120.75, 124.5, 120.5, 104.0, 135.25
2023-04-06, 05:01:19, 132.25, 52.0, 19.0, 26.25, 9999.0, 1.0, 1.25, 19.5, 9999.0, 9999.0, 9999.0, 120.75, 124.5, 120.5, 104.0, 135.25
2023-04-06, 05:01:23, 132.25, 52.0, 19.0, 26.25, 9999.0, 1.0, 1.25, 19.5, 9999.0, 9999.0, 9999.0, 120.75, 124.5, 120.5, 104.0, 135.25
2023-04-06, 05:01:27, 132.25, 52.0, 19.25, 26.0, 9999.0, 1.25, 1.25, 19.5, 9999.0, 9999.0, 9999.0, 120.75, 124.5, 120.5, 104.0, 135.25
2023-04-06, 05:01:31, 132.5, 52.0, 19.25, 26.25, 9999.0, 1.25, 1.25, 19.5, 9999.0, 9999.0, 9999.0, 120.75, 124.5, 120.5, 104.0, 135.25
2023-04-06, 05:01:35, 132.5, 52.0, 19.0, 26.0, 9999.0, 1.25, 1.25, 19.5, 9999.0, 9999.0, 9999.0, 120.5, 124.5, 120.5, 104.0, 135.25
2023-04-06, 05:01:39, 132.25, 52.0, 19.0, 26.0, 9999.0, 1.5, 1.5, 19.5, 9999.0, 9999.0, 9999.0, 120.5, 124.25, 120.5, 104.0, 135.25
2023-04-06, 05:01:43, 132.5, 52.0, 19.0, 26.0, 9999.0, 1.25, 1.25, 19.5, 9999.0, 9999.0, 9999.0, 120.5, 124.25, 120.5, 104.0, 135.25
2023-04-06, 05:01:47, 132.25, 52.0, 19.0, 26.0, 9999.0, 1.25, 1.25, 19.5, 9999.0, 9999.0, 9999.0, 121.25, 124.25, 120.5, 104.0, 135.25
2023-04-06, 05:01:51, 132.5, 52.0, 19.0, 26.25, 9999.0, 1.25, 1.25, 19.5, 9999.0, 9999.0, 9999.0, 121.25, 124.25, 120.5, 104.0, 135.25
2023-04-06, 05:01:55, 132.5, 52.0, 19.0, 26.25, 9999.0, 1.25, 1.25, 19.5, 9999.0, 9999.0, 9999.0, 121.25, 124.25, 120.5, 104.0, 135.25
2023-04-06, 05:01:59, 132.5, 52.0, 19.0, 26.25, 9999.0, 1.25, 1.5, 19.5, 9999.0, 9999.0, 9999.0, 121.25, 124.25, 120.5, 104.0, 135.25
2023-04-06, 05:02:03, 132.25, 52.0, 19.0, 26.0, 9999.0, 1.25, 1.5, 19.75, 9999.0, 9999.0, 9999.0, 121.0, 124.25, 120.5, 104.0, 135.25
2023-04-06, 05:02:07, 132.5, 52.0, 19.0, 26.0, 9999.0, 1.25, 1.5, 19.5, 9999.0, 9999.0, 9999.0, 121.0, 124.25, 120.5, 104.0, 135.25
2023-04-06, 05:02:11, 132.5, 52.0, 19.0, 26.0, 9999.0, 1.25, 1.5, 19.5, 9999.0, 9999.0, 9999.0, 121.0, 124.25, 120.5, 104.0, 135.25
2023-04-06, 05:02:15, 132.5, 52.0, 19.0, 26.25, 9999.0, 1.25, 1.25, 19.5, 9999.0, 9999.0, 9999.0, 121.0, 124.5, 120.5, 104.0, 135.25
2023-04-06, 05:02:19, 132.5, 52.0, 19.0, 26.25, 9999.0, 1.25, 1.5, 19.5, 9999.0, 9999.0, 9999.0, 121.0, 124.5, 120.5, 104.0, 135.25
2023-04-06, 05:02:23, 132.5, 52.0, 19.0, 26.25, 9999.0, 1.0, 1.5, 19.5, 9999.0, 9999.0, 9999.0, 121.0, 124.5, 120.5, 104.25, 135.25
2023-04-06, 05:02:27, 132.5, 52.0, 19.0, 26.25, 9999.0, 1.0, 1.25, 19.5, 9999.0, 9999.0, 9999.0, 120.75, 124.5, 120.5, 104.25, 135.25
2023-04-06, 05:02:31, 132.25, 52.0, 19.0, 26.25, 9999.0, 1.0, 1.25, 19.5, 9999.0, 9999.0, 9999.0, 121.0, 124.5, 120.5, 104.25, 135.25
2023-04-06, 05:02:35, 132.5, 52.0, 19.0, 26.0, 9999.0, 1.0, 1.25, 19.5, 9999.0, 9999.0, 9999.0, 120.75, 124.5, 120.5, 104.0, 135.25
2023-04-06, 05:02:39, 132.5, 52.0, 19.0, 26.25, 9999.0, 1.0, 1.5, 19.5, 9999.0, 9999.0, 9999.0, 120.75, 124.5, 120.5, 104.25, 135.25
2023-04-06, 05:02:43, 132.5, 52.0, 19.0, 26.0, 9999.0, 1.0, 1.25, 19.5, 9999.0, 9999.0, 9999.0, 120.75, 124.5, 120.5, 104.0, 135.25
2023-04-06, 05:02:47, 132.5, 52.0, 19.25, 26.25, 9999.0, 1.25, 1.25, 19.5, 9999.0, 9999.0, 9999.0, 120.75, 124.5, 120.5, 104.0, 135.25
2023-04-06, 05:02:51, 132.5, 52.0, 19.0, 26.25, 9999.0, 1.25, 1.5, 19.5, 9999.0, 9999.0, 9999.0, 120.75, 124.5, 120.5, 104.0, 135.25
2023-04-06, 05:02:55, 132.5, 52.0, 19.25, 26.25, 9999.0, 1.25, 1.5, 19.5, 9999.0, 9999.0, 9999.0, 120.5, 124.5, 120.5, 104.0, 135.25
2023-04-06, 05:02:59, 132.5, 52.0, 19.0, 26.25, 9999.0, 1.5, 1.5, 19.75, 9999.0, 9999.0, 9999.0, 120.5, 124.5, 120.5, 104.25, 135.25
2023-04-06, 05:03:03, 132.5, 52.0, 19.25, 26.25, 9999.0, 1.25, 1.5, 19.75, 9999.0, 9999.0, 9999.0, 121.5, 124.25, 120.5, 104.0, 135.25
2023-04-06, 05:03:07, 132.5, 52.0, 19.25, 26.25, 9999.0, 1.5, 1.5, 19.75, 9999.0, 9999.0, 9999.0, 121.5, 124.5, 120.5, 104.0, 135.25
2023-04-06, 05:03:11, 132.5, 52.0, 19.25, 26.25, 9999.0, 1.25, 1.5, 19.5, 9999.0, 9999.0, 9999.0, 121.25, 124.5, 120.5, 104.0, 135.25
2023-04-06, 05:03:15, 132.5, 52.0, 19.25, 26.25, 9999.0, 1.25, 1.5, 19.75, 9999.0, 9999.0, 9999.0, 121.25, 124.25, 120.5, 104.25, 135.25
2023-04-06, 05:03:19, 132.5, 52.0, 19.25, 26.25, 9999.0, 1.25, 1.5, 19.75, 9999.0, 9999.0, 9999.0, 121.25, 124.25, 120.5, 104.0, 135.25
2023-04-06, 05:03:23, 132.5, 52.0, 19.0, 26.25, 9999.0, 1.25, 1.5, 19.75, 9999.0, 9999.0, 9999.0, 121.0, 124.5, 120.5, 104.25, 135.25
2023-04-06, 05:03:27, 132.5, 52.0, 19.0, 26.0, 9999.0, 1.25, 1.5, 19.75, 9999.0, 9999.0, 9999.0, 121.0, 124.25, 120.5, 104.25, 135.25
2023-04-06, 05:03:31, 132.5, 52.0, 19.25, 26.25, 9999.0, 1.25, 1.5, 19.75, 9999.0, 9999.0, 9999.0, 121.0, 124.25, 120.5, 104.25, 135.25
2023-04-06, 05:03:35, 132.5, 52.0, 19.25, 26.0, 9999.0, 1.25, 1.5, 19.75, 9999.0, 9999.0, 9999.0, 121.0, 124.5, 120.5, 104.25, 135.25
2023-04-06, 05:03:39, 132.5, 52.0, 19.25, 26.25, 9999.0, 1.25, 1.5, 19.75, 9999.0, 9999.0, 9999.0, 121.0, 124.5, 120.5, 104.25, 135.25
2023-04-06, 05:03:43, 132.5, 52.0, 19.25, 26.0, 9999.0, 1.0, 1.5, 19.75, 9999.0, 9999.0, 9999.0, 121.0, 124.5, 120.5, 104.25, 135.25
2023-04-06, 05:03:47, 132.5, 52.0, 19.25, 26.0, 9999.0, 1.0, 1.5, 19.75, 9999.0, 9999.0, 9999.0, 121.0, 124.5, 120.5, 104.25, 135.25
2023-04-06, 05:03:51, 132.5, 52.0, 19.25, 26.0, 9999.0, 1.0, 1.5, 19.75, 9999.0, 9999.0, 9999.0, 121.0, 124.5, 120.5, 104.25, 135.25
2023-04-06, 05:03:55, 132.5, 52.0, 19.25, 26.0, 9999.0, 1.0, 1.5, 19.75, 9999.0, 9999.0, 9999.0, 120.75, 124.5, 120.5, 104.25, 135.25
2023-04-06, 05:03:59, 132.5, 52.0, 19.25, 26.0, 9999.0, 1.0, 1.5, 19.75, 9999.0, 9999.0, 9999.0, 120.75, 124.5, 120.5, 104.25, 135.25
2023-04-06, 05:04:03, 132.5, 52.0, 19.25, 26.0, 9999.0, 1.25, 1.5, 19.75, 9999.0, 9999.0, 9999.0, 120.75, 124.5, 120.5, 104.25, 135.25
2023-04-06, 05:04:07, 132.5, 52.0, 19.25, 26.0, 9999.0, 1.25, 1.5, 19.5, 9999.0, 9999.0, 9999.0, 120.75, 124.5, 120.5, 104.25, 135.25
2023-04-06, 05:04:11, 132.5, 52.0, 19.25, 26.0, 9999.0, 1.25, 1.5, 19.75, 9999.0, 9999.0, 9999.0, 120.75, 124.5, 120.5, 104.25, 135.25
2023-04-06, 05:04:15, 132.5, 52.0, 19.0, 26.25, 9999.0, 1.5, 1.5, 19.75, 9999.0, 9999.0, 9999.0, 120.75, 124.5, 120.5, 104.25, 135.25
2023-04-06, 05:04:19, 132.5, 52.0, 19.25, 26.25, 9999.0, 1.5, 1.5, 19.75, 9999.0, 9999.0, 9999.0, 120.75, 124.5, 120.5, 104.0, 135.25
2023-04-06, 05:04:23, 132.5, 52.0, 19.25, 26.25, 9999.0, 1.5, 1.5, 19.75, 9999.0, 9999.0, 9999.0, 121.5, 124.5, 120.5, 104.0, 135.25
2023-04-06, 05:04:27, 132.5, 52.0, 19.25, 26.25, 9999.0, 1.5, 1.5, 19.75, 9999.0, 9999.0, 9999.0, 121.5, 124.5, 120.5, 104.25, 135.5
2023-04-06, 05:04:31, 132.5, 52.25, 19.25, 26.25, 9999.0, 1.5, 1.5, 19.75, 9999.0, 9999.0, 9999.0, 121.25, 124.5, 120.5, 104.25, 135.25
2023-04-06, 05:04:35, 132.5, 52.25, 19.0, 26.25, 9999.0, 1.25, 1.5, 19.75, 9999.0, 9999.0, 9999.0, 121.25, 124.25, 120.5, 104.25, 135.25
2023-04-06, 05:04:39, 132.5, 52.0, 19.0, 26.25, 9999.0, 1.25, 1.5, 19.75, 9999.0, 9999.0, 9999.0, 121.25, 124.5, 120.5, 104.25, 135.25
2023-04-06, 05:04:43, 132.5, 52.0, 19.25, 26.25, 9999.0, 1.25, 1.5, 19.75, 9999.0, 9999.0, 9999.0, 121.25, 124.25, 120.5, 104.25, 135.25
2023-04-06, 05:04:47, 132.5, 52.0, 19.25, 26.25, 9999.0, 1.25, 1.5, 19.75, 9999.0, 9999.0, 9999.0, 121.25, 124.25, 120.5, 104.25, 135.25
2023-04-06, 05:04:51, 132.5, 52.0, 19.25, 26.0, 9999.0, 1.25, 1.5, 19.75, 9999.0, 9999.0, 9999.0, 121.0, 124.5, 120.5, 104.25, 135.25
2023-04-06, 05:04:55, 132.5, 52.0, 19.25, 26.0, 9999.0, 1.25, 1.5, 19.75, 9999.0, 9999.0, 9999.0, 121.25, 124.5, 120.5, 104.25, 135.25
2023-04-06, 05:04:59, 132.5, 52.0, 19.5, 26.0, 9999.0, 1.25, 1.5, 19.75, 9999.0, 9999.0, 9999.0, 121.0, 124.5, 120.5, 104.25, 135.25
2023-04-06, 05:05:03, 132.5, 52.0, 19.25, 26.0, 9999.0, 1.25, 1.5, 19.75, 9999.0, 9999.0, 9999.0, 121.0, 124.5, 120.5, 104.0, 135.25
2023-04-06, 05:05:07, 132.75, 52.0, 19.25, 26.25, 9999.0, 1.25, 1.5, 19.75, 9999.0, 9999.0, 9999.0, 121.0, 124.5, 120.5, 104.25, 135.25
2023-04-06, 05:05:11, 132.5, 52.0, 19.25, 26.0, 9999.0, 1.25, 1.5, 19.75, 9999.0, 9999.0, 9999.0, 121.0, 124.5, 120.5, 104.0, 135.5
2023-04-06, 05:05:15, 132.5, 52.0, 19.25, 26.25, 9999.0, 1.25, 1.5, 19.75, 9999.0, 9999.0, 9999.0, 120.75, 124.5, 120.5, 104.0, 135.25
2023-04-06, 05:05:19, 132.5, 52.25, 19.25, 26.0, 9999.0, 1.0, 1.5, 19.75, 9999.0, 9999.0, 9999.0, 120.75, 124.25, 120.5, 104.0, 135.25
2023-04-06, 05:05:23, 132.5, 52.0, 19.0, 25.75, 9999.0, 1.0, 1.5, 19.75, 9999.0, 9999.0, 9999.0, 120.75, 124.5, 120.5, 104.0, 135.25
2023-04-06, 05:05:28, 132.5, 52.25, 19.0, 26.0, 9999.0, 1.25, 1.5, 19.75, 9999.0, 9999.0, 9999.0, 120.75, 124.5, 120.5, 104.0, 135.25
2023-04-06, 05:05:32, 132.5, 52.25, 19.25, 26.0, 9999.0, 1.25, 1.5, 19.75, 9999.0, 9999.0, 9999.0, 120.75, 124.5, 120.5, 104.0, 135.25
2023-04-06, 05:05:36, 132.5, 52.0, 19.25, 26.0, 9999.0, 1.5, 1.5, 19.75, 9999.0, 9999.0, 9999.0, 120.75, 124.5, 120.5, 104.0, 135.25
2023-04-06, 05:05:40, 132.5, 52.0, 19.25, 26.25, 9999.0, 1.5, 1.5, 19.75, 9999.0, 9999.0, 9999.0, 120.75, 124.5, 120.5, 104.0, 135.25
2023-04-06, 05:05:44, 132.5, 52.0, 19.25, 26.25, 9999.0, 1.5, 1.5, 19.75, 9999.0, 9999.0, 9999.0, 121.5, 124.5, 120.5, 104.0, 135.25
2023-04-06, 05:05:48, 132.5, 52.0, 19.25, 26.0, 9999.0, 1.5, 1.5, 19.75, 9999.0, 9999.0, 9999.0, 121.5, 124.25, 120.5, 104.0, 135.25
2023-04-06, 05:05:52, 132.5, 52.0, 19.25, 26.0, 9999.0, 1.25, 1.5, 19.75, 9999.0, 9999.0, 9999.0, 121.25, 124.25, 120.5, 104.0, 135.25
2023-04-06, 05:05:56, 132.5, 52.0, 19.25, 26.25, 9999.0, 1.5, 1.5, 19.75, 9999.0, 9999.0, 9999.0, 121.25, 124.25, 120.5, 104.0, 135.25
2023-04-06, 05:06:00, 132.5, 52.0, 19.25, 26.0, 9999.0, 1.25, 1.5, 19.75, 9999.0, 9999.0, 9999.0, 121.25, 124.25, 120.5, 104.25, 135.25
2023-04-06, 05:06:04, 132.5, 52.0, 19.0, 26.0, 9999.0, 1.25, 1.5, 19.75, 9999.0, 9999.0, 9999.0, 121.25, 124.25, 120.5, 104.25, 135.25
2023-04-06, 05:06:08, 132.5, 52.25, 19.0, 26.0, 9999.0, 1.25, 1.5, 19.75, 9999.0, 9999.0, 9999.0, 121.0, 124.25, 120.5, 104.25, 135.25
2023-04-06, 05:06:12, 132.5, 52.0, 19.25, 26.25, 9999.0, 1.25, 1.5, 19.75, 9999.0, 9999.0, 9999.0, 121.0, 124.5, 120.5, 104.25, 135.25
2023-04-06, 05:06:16, 132.5, 52.25, 19.25, 26.25, 9999.0, 1.25, 1.5, 19.75, 9999.0, 9999.0, 9999.0, 121.25, 124.5, 120.5, 104.25, 135.25
2023-04-06, 05:06:20, 132.5, 52.25, 19.25, 26.0, 9999.0, 1.25, 1.5, 19.75, 9999.0, 9999.0, 9999.0, 121.25, 124.5, 120.5, 104.25, 135.25
2023-04-06, 05:06:24, 132.5, 52.25, 19.25, 25.75, 9999.0, 1.25, 1.5, 19.75, 9999.0, 9999.0, 9999.0, 121.0, 124.5, 120.5, 104.25, 135.25
2023-04-06, 05:06:28, 132.5, 52.25, 19.25, 26.0, 9999.0, 1.25, 1.5, 19.75, 9999.0, 9999.0, 9999.0, 121.0, 124.5, 120.5, 104.0, 135.5
2023-04-06, 05:06:32, 132.75, 52.25, 19.25, 26.0, 9999.0, 1.25, 1.5, 19.75, 9999.0, 9999.0, 9999.0, 121.0, 124.5, 120.5, 104.25, 135.25
2023-04-06, 05:06:36, 132.5, 52.0, 19.25, 26.25, 9999.0, 1.0, 1.5, 19.75, 9999.0, 9999.0, 9999.0, 121.0, 124.5, 120.5, 104.0, 135.25
2023-04-06, 05:06:40, 132.75, 52.25, 19.25, 26.25, 9999.0, 1.25, 1.5, 19.75, 9999.0, 9999.0, 9999.0, 120.75, 124.5, 120.5, 104.0, 135.5
2023-04-06, 05:06:44, 132.5, 52.25, 19.25, 26.0, 9999.0, 1.0, 1.5, 19.75, 9999.0, 9999.0, 9999.0, 120.75, 124.5, 120.5, 104.25, 135.25
2023-04-06, 05:06:48, 132.5, 52.25, 19.25, 26.0, 9999.0, 1.25, 1.5, 19.75, 9999.0, 9999.0, 9999.0, 120.75, 124.5, 120.5, 104.0, 135.25
2023-04-06, 05:06:52, 132.75, 52.25, 19.25, 26.25, 9999.0, 1.25, 1.5, 19.75, 9999.0, 9999.0, 9999.0, 120.75, 124.25, 120.5, 104.0, 135.5
2023-04-06, 05:06:56, 132.75, 52.25, 19.25, 26.25, 9999.0, 1.25, 1.5, 19.75, 9999.0, 9999.0, 9999.0, 120.75, 124.25, 120.5, 104.0, 135.25
2023-04-06, 05:07:00, 132.5, 52.0, 19.25, 26.0, 9999.0, 1.5, 1.5, 19.75, 9999.0, 9999.0, 9999.0, 120.75, 124.25, 120.5, 104.0, 135.25
2023-04-06, 05:07:04, 132.75, 52.25, 19.25, 26.25, 9999.0, 1.5, 1.5, 19.75, 9999.0, 9999.0, 9999.0, 121.5, 124.25, 120.5, 104.0, 135.25
2023-04-06, 05:07:08, 132.75, 52.25, 19.25, 26.25, 9999.0, 1.5, 1.5, 19.75, 9999.0, 9999.0, 9999.0, 121.5, 124.5, 120.5, 104.0, 135.25
2023-04-06, 05:07:12, 132.5, 52.25, 19.25, 26.25, 9999.0, 1.5, 1.5, 19.75, 9999.0, 9999.0, 9999.0, 121.25, 124.5, 120.5, 104.0, 135.25
2023-04-06, 05:07:16, 132.5, 52.0, 19.25, 26.25, 9999.0, 1.25, 1.5, 19.75, 9999.0, 9999.0, 9999.0, 121.25, 124.25, 120.5, 104.0, 135.5
2023-04-06, 05:07:20, 132.75, 52.25, 19.0, 26.25, 9999.0, 1.25, 1.5, 19.75, 9999.0, 9999.0, 9999.0, 121.25, 124.25, 120.5, 104.25, 135.25
2023-04-06, 05:07:24, 132.5, 52.25, 19.25, 26.25, 9999.0, 1.25, 1.5, 19.75, 9999.0, 9999.0, 9999.0, 121.25, 124.5, 120.5, 104.25, 135.25
2023-04-06, 05:07:28, 132.5, 52.0, 19.25, 26.0, 9999.0, 1.25, 1.5, 19.75, 9999.0, 9999.0, 9999.0, 121.25, 124.25, 120.5, 104.0, 135.25
2023-04-06, 05:07:32, 132.5, 52.25, 19.25, 26.0, 9999.0, 1.25, 1.5, 19.75, 9999.0, 9999.0, 9999.0, 121.25, 124.5, 120.5, 104.0, 135.25
2023-04-06, 05:07:36, 132.75, 52.25, 19.25, 26.0, 9999.0, 1.25, 1.5, 19.75, 9999.0, 9999.0, 9999.0, 121.0, 124.5, 120.5, 104.0, 135.25
2023-04-06, 05:07:40, 132.5, 52.0, 19.25, 26.0, 9999.0, 1.25, 1.5, 19.75, 9999.0, 9999.0, 9999.0, 121.25, 124.5, 120.5, 104.0, 135.25
2023-04-06, 05:07:44, 132.5, 52.25, 19.25, 26.0, 9999.0, 1.25, 1.5, 19.75, 9999.0, 9999.0, 9999.0, 121.0, 124.5, 120.5, 104.0, 135.25
2023-04-06, 05:07:48, 132.75, 52.0, 19.25, 26.25, 9999.0, 1.0, 1.5, 19.75, 9999.0, 9999.0, 9999.0, 121.0, 124.5, 120.5, 104.0, 135.25
2023-04-06, 05:07:52, 132.5, 52.0, 19.25, 26.25, 9999.0, 1.0, 1.5, 19.75, 9999.0, 9999.0, 9999.0, 121.0, 124.5, 120.5, 104.0, 135.5
2023-04-06, 05:07:56, 132.5, 52.0, 19.25, 26.0, 9999.0, 1.0, 1.5, 19.75, 9999.0, 9999.0, 9999.0, 121.0, 124.5, 120.5, 104.0, 135.25
2023-04-06, 05:08:00, 132.5, 52.0, 19.0, 26.0, 9999.0, 1.0, 1.5, 19.75, 9999.0, 9999.0, 9999.0, 120.75, 124.5, 120.5, 104.0, 135.25
2023-04-06, 05:08:04, 132.5, 52.0, 19.0, 26.0, 9999.0, 1.0, 1.5, 19.75, 9999.0, 9999.0, 9999.0, 120.75, 124.5, 120.5, 104.0, 135.5
2023-04-06, 05:08:08, 132.5, 52.25, 19.25, 26.25, 9999.0, 1.25, 1.5, 19.75, 9999.0, 9999.0, 9999.0, 120.75, 124.5, 120.5, 104.0, 135.25
2023-04-06, 05:08:12, 132.5, 52.25, 19.25, 26.25, 9999.0, 1.25, 1.5, 19.75, 9999.0, 9999.0, 9999.0, 120.75, 124.5, 120.5, 104.0, 135.25
2023-04-06, 05:08:16, 132.5, 52.25, 19.25, 26.25, 9999.0, 1.5, 1.5, 19.75, 9999.0, 9999.0, 9999.0, 120.75, 124.5, 120.5, 104.0, 135.25
2023-04-06, 05:08:20, 132.5, 52.25, 19.25, 26.25, 9999.0, 1.5, 1.5, 19.75, 9999.0, 9999.0, 9999.0, 120.75, 124.5, 120.5, 104.0, 135.25
2023-04-06, 05:08:24, 132.75, 52.0, 19.25, 26.0, 9999.0, 1.5, 1.5, 19.75, 9999.0, 9999.0, 9999.0, 121.5, 124.5, 120.5, 104.25, 135.5
2023-04-06, 05:08:28, 132.5, 52.0, 19.25, 26.0, 9999.0, 1.5, 1.5, 19.75, 9999.0, 9999.0, 9999.0, 121.5, 124.5, 120.5, 104.0, 135.5
2023-04-06, 05:08:32, 132.75, 52.25, 19.25, 26.0, 9999.0, 1.5, 1.5, 19.75, 9999.0, 9999.0, 9999.0, 121.25, 124.5, 120.5, 104.0, 135.25
2023-04-06, 05:08:36, 132.5, 52.25, 19.25, 26.0, 9999.0, 1.25, 1.5, 19.75, 9999.0, 9999.0, 9999.0, 121.25, 124.5, 120.5, 104.0, 135.25
2023-04-06, 05:08:40, 132.5, 52.0, 19.25, 26.0, 9999.0, 1.5, 1.5, 19.75, 9999.0, 9999.0, 9999.0, 121.25, 124.25, 120.5, 104.0, 135.25
2023-04-06, 05:08:44, 132.5, 52.25, 19.25, 26.25, 9999.0, 1.25, 1.5, 19.75, 9999.0, 9999.0, 9999.0, 121.25, 124.25, 120.25, 104.0, 135.25
2023-04-06, 05:08:48, 132.5, 52.25, 19.0, 26.25, 9999.0, 1.25, 1.5, 19.75, 9999.0, 9999.0, 9999.0, 121.25, 124.25, 120.5, 104.0, 135.25
2023-04-06, 05:08:52, 132.5, 52.0, 19.0, 26.25, 9999.0, 1.25, 1.5, 19.75, 9999.0, 9999.0, 9999.0, 121.0, 124.5, 120.5, 104.0, 135.25
2023-04-06, 05:08:56, 132.5, 52.0, 19.25, 26.0, 9999.0, 1.25, 1.5, 19.75, 9999.0, 9999.0, 9999.0, 121.25, 124.5, 120.5, 104.0, 135.25
2023-04-06, 05:09:00, 132.5, 52.25, 19.25, 26.0, 9999.0, 1.25, 1.5, 19.75, 9999.0, 9999.0, 9999.0, 121.25, 124.5, 120.5, 104.0, 135.25
2023-04-06, 05:09:04, 132.5, 52.0, 19.25, 26.0, 9999.0, 1.25, 1.5, 19.75, 9999.0, 9999.0, 9999.0, 121.0, 124.5, 120.5, 104.0, 135.5
2023-04-06, 05:09:08, 132.5, 52.0, 19.25, 26.0, 9999.0, 1.25, 1.5, 19.75, 9999.0, 9999.0, 9999.0, 121.0, 124.5, 120.5, 104.0, 135.25
2023-04-06, 05:09:12, 132.5, 52.25, 19.25, 25.75, 9999.0, 1.0, 1.5, 19.75, 9999.0, 9999.0, 9999.0, 121.0, 124.5, 120.5, 104.0, 135.25
2023-04-06, 05:09:16, 132.5, 52.0, 19.25, 26.0, 9999.0, 1.0, 1.5, 19.75, 9999.0, 9999.0, 9999.0, 120.75, 124.5, 120.5, 104.0, 135.25
2023-04-06, 05:09:20, 132.5, 52.0, 19.25, 26.25, 9999.0, 1.25, 1.5, 19.75, 9999.0, 9999.0, 9999.0, 120.75, 124.5, 120.5, 104.0, 135.25
2023-04-06, 05:09:24, 132.5, 52.0, 19.25, 26.0, 9999.0, 1.0, 1.5, 19.75, 9999.0, 9999.0, 9999.0, 120.75, 124.25, 120.5, 104.0, 135.25
2023-04-06, 05:09:28, 132.75, 52.0, 19.25, 26.0, 9999.0, 1.5, 1.5, 19.75, 9999.0, 9999.0, 9999.0, 120.75, 124.5, 120.5, 104.0, 135.25
2023-04-06, 05:09:32, 132.5, 52.0, 19.25, 25.75, 9999.0, 1.25, 1.5, 19.75, 9999.0, 9999.0, 9999.0, 120.75, 124.5, 120.5, 104.0, 135.25
2023-04-06, 05:09:36, 132.5, 52.0, 19.25, 26.0, 9999.0, 1.5, 1.5, 19.75, 9999.0, 9999.0, 9999.0, 120.75, 124.5, 120.5, 104.0, 135.25
2023-04-06, 05:09:40, 132.5, 52.0, 19.25, 25.75, 9999.0, 1.5, 1.5, 19.75, 9999.0, 9999.0, 9999.0, 120.75, 124.5, 120.5, 104.0, 135.25
2023-04-06, 05:09:44, 132.5, 52.0, 19.25, 26.0, 9999.0, 1.5, 1.5, 19.75, 9999.0, 9999.0, 9999.0, 121.5, 124.25, 120.5, 104.0, 135.25
2023-04-06, 05:09:48, 132.5, 52.0, 19.25, 26.0, 9999.0, 1.5, 1.5, 19.75, 9999.0, 9999.0, 9999.0, 121.5, 124.25, 120.5, 104.0, 135.25
2023-04-06, 05:09:53, 132.5, 52.0, 19.25, 26.0, 9999.0, 1.25, 1.5, 19.75, 9999.0, 9999.0, 9999.0, 121.25, 124.25, 120.5, 104.0, 135.25
2023-04-06, 05:09:57, 132.75, 52.0, 19.0, 26.25, 9999.0, 1.5, 1.5, 19.75, 9999.0, 9999.0, 9999.0, 121.25, 124.25, 120.5, 104.25, 135.25
2023-04-06, 05:10:01, 132.75, 52.0, 19.25, 26.0, 9999.0, 1.25, 1.5, 19.75, 9999.0, 9999.0, 9999.0, 121.25, 124.25, 120.5, 104.0, 135.25
2023-04-06, 05:10:05, 132.5, 52.25, 19.25, 26.0, 9999.0, 1.25, 1.5, 19.75, 9999.0, 9999.0, 9999.0, 121.25, 124.25, 120.5, 104.0, 135.25
2023-04-06, 05:10:09, 132.5, 52.25, 19.25, 26.25, 9999.0, 1.25, 1.5, 19.75, 9999.0, 9999.0, 9999.0, 121.0, 124.25, 120.5, 104.0, 135.25
2023-04-06, 05:10:13, 132.5, 52.25, 19.25, 26.25, 9999.0, 1.25, 1.5, 19.75, 9999.0, 9999.0, 9999.0, 121.25, 124.5, 120.5, 104.0, 135.25
2023-04-06, 05:10:17, 132.5, 52.0, 19.25, 26.25, 9999.0, 1.25, 1.5, 19.75, 9999.0, 9999.0, 9999.0, 121.25, 124.5, 120.5, 104.0, 135.25
2023-04-06, 05:10:21, 132.5, 52.25, 19.0, 26.25, 9999.0, 1.25, 1.5, 19.75, 9999.0, 9999.0, 9999.0, 121.0, 124.5, 120.5, 104.0, 135.25
2023-04-06, 05:10:25, 132.5, 52.25, 19.25, 26.25, 9999.0, 1.25, 1.5, 19.75, 9999.0, 9999.0, 9999.0, 121.0, 124.5, 120.5, 104.0, 135.25
2023-04-06, 05:10:29, 132.5, 52.0, 19.0, 26.25, 9999.0, 1.25, 1.5, 19.75, 9999.0, 9999.0, 9999.0, 121.0, 124.5, 120.5, 104.0, 135.25
2023-04-06, 05:10:33, 132.75, 52.25, 19.25, 26.25, 9999.0, 1.25, 1.5, 19.75, 9999.0, 9999.0, 9999.0, 121.0, 124.5, 120.5, 104.0, 135.25
2023-04-06, 05:10:37, 132.75, 52.25, 19.0, 26.0, 9999.0, 1.25, 1.5, 19.75, 9999.0, 9999.0, 9999.0, 120.75, 124.5, 120.5, 104.0, 135.25
2023-04-06, 05:10:41, 132.5, 52.25, 19.25, 26.25, 9999.0, 1.0, 1.5, 19.75, 9999.0, 9999.0, 9999.0, 120.75, 124.5, 120.5, 104.0, 135.25
2023-04-06, 05:10:45, 132.5, 52.0, 19.25, 26.25, 9999.0, 1.0, 1.5, 19.75, 9999.0, 9999.0, 9999.0, 120.75, 124.5, 120.5, 104.0, 135.25
2023-04-06, 05:10:49, 132.75, 52.25, 19.25, 26.25, 9999.0, 1.25, 1.5, 19.75, 9999.0, 9999.0, 9999.0, 120.75, 124.5, 120.5, 104.0, 135.25
2023-04-06, 05:10:53, 132.5, 52.25, 19.25, 26.25, 9999.0, 1.25, 1.5, 19.75, 9999.0, 9999.0, 9999.0, 120.75, 124.5, 120.5, 104.0, 135.25
2023-04-06, 05:10:57, 132.5, 52.0, 19.25, 26.25, 9999.0, 1.5, 1.5, 19.75, 9999.0, 9999.0, 9999.0, 120.75, 124.25, 120.5, 104.0, 135.25
2023-04-06, 05:11:01, 132.5, 52.25, 19.0, 26.25, 9999.0, 1.5, 1.5, 19.75, 9999.0, 9999.0, 9999.0, 120.75, 124.5, 120.5, 104.0, 135.25
2023-04-06, 05:11:05, 132.75, 52.25, 19.0, 26.0, 9999.0, 1.5, 1.5, 19.75, 9999.0, 9999.0, 9999.0, 121.5, 124.5, 120.5, 104.0, 135.5
2023-04-06, 05:11:09, 132.5, 52.0, 19.25, 26.0, 9999.0, 1.5, 1.5, 19.75, 9999.0, 9999.0, 9999.0, 121.25, 124.25, 120.5, 104.0, 135.25
2023-04-06, 05:11:13, 132.5, 52.25, 19.25, 26.25, 9999.0, 1.5, 1.5, 19.75, 9999.0, 9999.0, 9999.0, 121.25, 124.5, 120.5, 104.25, 135.25
2023-04-06, 05:11:17, 132.5, 52.25, 19.25, 26.0, 9999.0, 1.25, 1.5, 19.75, 9999.0, 9999.0, 9999.0, 121.25, 124.25, 120.5, 104.0, 135.25
2023-04-06, 05:11:21, 132.5, 52.25, 19.25, 26.0, 9999.0, 1.5, 1.5, 19.75, 9999.0, 9999.0, 9999.0, 121.25, 124.5, 120.5, 104.0, 135.25
2023-04-06, 05:11:25, 132.75, 52.0, 19.25, 26.0, 9999.0, 1.25, 1.5, 19.75, 9999.0, 9999.0, 9999.0, 121.25, 124.25, 120.5, 104.0, 135.25
2023-04-06, 05:11:29, 132.5, 52.0, 19.25, 26.0, 9999.0, 1.25, 1.5, 19.5, 9999.0, 9999.0, 9999.0, 121.0, 124.25, 120.5, 104.0, 135.25
2023-04-06, 05:11:33, 132.5, 52.0, 19.25, 26.25, 9999.0, 1.25, 1.5, 19.75, 9999.0, 9999.0, 9999.0, 121.0, 124.5, 120.5, 104.0, 135.25
2023-04-06, 05:11:37, 132.5, 52.25, 19.25, 26.0, 9999.0, 1.25, 1.5, 19.75, 9999.0, 9999.0, 9999.0, 121.25, 124.5, 120.5, 104.0, 135.25
2023-04-06, 05:11:41, 132.75, 52.25, 19.25, 26.25, 9999.0, 1.25, 1.5, 19.75, 9999.0, 9999.0, 9999.0, 121.0, 124.5, 120.5, 104.0, 135.25
2023-04-06, 05:11:45, 132.75, 52.0, 19.0, 26.0, 9999.0, 1.25, 1.5, 19.75, 9999.0, 9999.0, 9999.0, 121.0, 124.5, 120.5, 104.0, 135.25
2023-04-06, 05:11:49, 132.75, 52.0, 19.0, 26.0, 9999.0, 1.25, 1.5, 19.75, 9999.0, 9999.0, 9999.0, 121.0, 124.5, 120.5, 104.0, 135.25
2023-04-06, 05:11:53, 132.75, 52.25, 19.25, 26.0, 9999.0, 1.25, 1.5, 19.75, 9999.0, 9999.0, 9999.0, 121.0, 124.5, 120.5, 104.0, 135.25
2023-04-06, 05:11:57, 132.5, 52.25, 19.25, 26.25, 9999.0, 1.25, 1.5, 19.75, 9999.0, 9999.0, 9999.0, 120.75, 124.5, 120.5, 104.0, 135.5
2023-04-06, 05:12:01, 132.5, 52.25, 19.0, 26.25, 9999.0, 1.25, 1.5, 19.75, 9999.0, 9999.0, 9999.0, 120.75, 124.5, 120.5, 104.0, 135.25
2023-04-06, 05:12:05, 132.75, 52.25, 19.0, 26.0, 9999.0, 1.25, 1.5, 19.75, 9999.0, 9999.0, 9999.0, 120.75, 124.5, 120.5, 104.0, 135.5
2023-04-06, 05:12:09, 132.75, 52.25, 19.25, 26.0, 9999.0, 1.25, 1.5, 19.75, 9999.0, 9999.0, 9999.0, 120.75, 124.5, 120.5, 104.0, 135.25
2023-04-06, 05:12:13, 132.5, 52.25, 19.0, 26.0, 9999.0, 1.25, 1.5, 19.75, 9999.0, 9999.0, 9999.0, 120.75, 124.5, 120.5, 104.25, 135.25
2023-04-06, 05:12:17, 132.75, 52.0, 19.25, 26.25, 9999.0, 1.5, 1.5, 19.75, 9999.0, 9999.0, 9999.0, 120.75, 124.5, 120.5, 104.0, 135.25
2023-04-06, 05:12:21, 132.75, 52.25, 19.25, 26.25, 9999.0, 1.5, 1.5, 19.75, 9999.0, 9999.0, 9999.0, 120.75, 124.5, 120.5, 104.25, 135.5
2023-04-06, 05:12:25, 132.75, 52.25, 19.25, 26.25, 9999.0, 1.5, 1.5, 19.75, 9999.0, 9999.0, 9999.0, 121.5, 124.5, 120.5, 104.0, 135.25
2023-04-06, 05:12:29, 132.75, 52.25, 19.25, 26.25, 9999.0, 1.5, 1.5, 19.75, 9999.0, 9999.0, 9999.0, 121.5, 124.5, 120.25, 104.0, 135.25
2023-04-06, 05:12:33, 132.5, 52.0, 19.25, 26.25, 9999.0, 1.5, 1.5, 19.75, 9999.0, 9999.0, 9999.0, 121.25, 124.5, 120.5, 104.25, 135.25
2023-04-06, 05:12:37, 132.5, 52.25, 19.25, 26.25, 9999.0, 1.5, 1.5, 19.75, 9999.0, 9999.0, 9999.0, 121.25, 124.5, 120.5, 104.25, 135.25
2023-04-06, 05:12:41, 132.75, 52.25, 19.25, 26.25, 9999.0, 1.5, 1.5, 19.75, 9999.0, 9999.0, 9999.0, 121.25, 124.5, 120.5, 104.25, 135.25
2023-04-06, 05:12:45, 132.5, 52.25, 19.0, 26.25, 9999.0, 1.25, 1.5, 19.75, 9999.0, 9999.0, 9999.0, 121.25, 124.5, 120.5, 104.25, 135.25
2023-04-06, 05:12:49, 132.75, 52.25, 19.25, 26.25, 9999.0, 1.25, 1.5, 19.75, 9999.0, 9999.0, 9999.0, 121.0, 124.25, 120.5, 104.25, 135.25
2023-04-06, 05:12:53, 132.5, 52.25, 19.25, 26.25, 9999.0, 1.25, 1.5, 19.75, 9999.0, 9999.0, 9999.0, 121.25, 124.5, 120.5, 104.25, 135.5
2023-04-06, 05:12:57, 132.75, 52.0, 19.25, 26.25, 9999.0, 1.25, 1.5, 19.75, 9999.0, 9999.0, 9999.0, 121.25, 124.75, 120.5, 104.25, 135.5
2023-04-06, 05:13:01, 132.75, 52.25, 19.25, 26.0, 9999.0, 1.25, 1.5, 19.75, 9999.0, 9999.0, 9999.0, 121.0, 124.5, 120.5, 104.25, 135.25
2023-04-06, 05:13:05, 132.75, 52.25, 19.25, 26.25, 9999.0, 1.25, 1.5, 19.75, 9999.0, 9999.0, 9999.0, 121.0, 124.5, 120.5, 104.25, 135.25
2023-04-06, 05:13:09, 132.75, 52.25, 19.25, 26.25, 9999.0, 1.25, 1.5, 19.75, 9999.0, 9999.0, 9999.0, 121.0, 124.5, 120.5, 104.25, 135.25
2023-04-06, 05:13:13, 132.75, 52.25, 19.25, 26.0, 9999.0, 1.25, 1.5, 19.75, 9999.0, 9999.0, 9999.0, 121.0, 124.5, 120.5, 104.25, 135.5
2023-04-06, 05:13:17, 132.5, 52.25, 19.25, 26.0, 9999.0, 1.25, 1.5, 19.75, 9999.0, 9999.0, 9999.0, 121.0, 124.5, 120.5, 104.25, 135.25
2023-04-06, 05:13:21, 132.75, 52.25, 19.25, 26.25, 9999.0, 1.25, 1.5, 19.75, 9999.0, 9999.0, 9999.0, 121.0, 124.5, 120.5, 104.25, 135.25
2023-04-06, 05:13:25, 132.75, 52.25, 19.25, 26.25, 9999.0, 1.25, 1.5, 19.75, 9999.0, 9999.0, 9999.0, 120.75, 124.5, 120.5, 104.0, 135.25
2023-04-06, 05:13:29, 132.75, 52.25, 19.25, 26.25, 9999.0, 1.5, 1.5, 19.75, 9999.0, 9999.0, 9999.0, 120.75, 124.5, 120.5, 104.0, 135.25
2023-04-06, 05:13:33, 132.5, 52.25, 19.25, 26.25, 9999.0, 1.25, 1.5, 19.75, 9999.0, 9999.0, 9999.0, 120.75, 124.5, 120.5, 104.25, 135.25
2023-04-06, 05:13:37, 132.75, 52.25, 19.0, 26.25, 9999.0, 1.5, 1.5, 19.75, 9999.0, 9999.0, 9999.0, 120.75, 124.5, 120.5, 104.0, 135.25
2023-04-06, 05:13:41, 132.75, 52.25, 19.25, 26.25, 9999.0, 1.5, 1.5, 19.75, 9999.0, 9999.0, 9999.0, 120.75, 124.5, 120.5, 104.25, 135.25
2023-04-06, 05:13:45, 132.75, 52.25, 19.25, 26.25, 9999.0, 1.5, 1.5, 19.75, 9999.0, 9999.0, 9999.0, 121.25, 124.5, 120.5, 104.25, 135.25
2023-04-06, 05:13:49, 132.75, 52.25, 19.25, 26.25, 9999.0, 1.5, 1.5, 19.75, 9999.0, 9999.0, 9999.0, 121.5, 124.5, 120.5, 104.25, 135.25
2023-04-06, 05:13:53, 132.75, 52.25, 19.25, 26.25, 9999.0, 1.5, 1.5, 19.75, 9999.0, 9999.0, 9999.0, 121.25, 124.5, 120.5, 104.25, 135.25
2023-04-06, 05:13:57, 132.75, 52.25, 19.25, 26.0, 9999.0, 1.5, 1.5, 19.75, 9999.0, 9999.0, 9999.0, 121.25, 124.5, 120.5, 104.25, 135.5
2023-04-06, 05:14:01, 132.75, 52.25, 19.25, 26.25, 9999.0, 1.5, 1.5, 19.75, 9999.0, 9999.0, 9999.0, 121.25, 124.5, 120.5, 104.25, 135.25
2023-04-06, 05:14:05, 132.75, 52.25, 19.25, 26.0, 9999.0, 1.5, 1.5, 19.75, 9999.0, 9999.0, 9999.0, 121.25, 124.25, 120.5, 104.25, 135.5
2023-04-06, 05:14:09, 132.75, 52.25, 19.25, 26.0, 9999.0, 1.25, 1.5, 19.75, 9999.0, 9999.0, 9999.0, 121.25, 124.5, 120.5, 104.25, 135.25
2023-04-06, 05:14:13, 132.5, 52.25, 19.25, 26.25, 9999.0, 1.25, 1.5, 19.75, 9999.0, 9999.0, 9999.0, 121.0, 124.5, 120.25, 104.25, 135.25
2023-04-06, 05:14:17, 132.75, 52.25, 19.25, 26.25, 9999.0, 1.5, 1.5, 19.75, 9999.0, 9999.0, 9999.0, 121.25, 124.5, 120.5, 104.25, 135.25
2023-04-06, 05:14:22, 132.75, 52.25, 19.25, 26.25, 9999.0, 1.25, 1.5, 19.75, 9999.0, 9999.0, 9999.0, 121.0, 124.5, 120.5, 104.25, 135.25
2023-04-06, 05:14:26, 132.5, 52.25, 19.25, 26.25, 9999.0, 1.25, 1.5, 19.75, 9999.0, 9999.0, 9999.0, 121.0, 124.5, 120.5, 104.25, 135.5
2023-04-06, 05:14:30, 132.75, 52.25, 19.25, 26.25, 9999.0, 1.25, 1.5, 20.0, 9999.0, 9999.0, 9999.0, 121.0, 124.5, 120.5, 104.25, 135.5
2023-04-06, 05:14:34, 132.75, 52.25, 19.25, 26.25, 9999.0, 1.25, 1.5, 19.75, 9999.0, 9999.0, 9999.0, 121.0, 124.5, 120.5, 104.25, 135.5
2023-04-06, 05:14:38, 132.75, 52.25, 19.25, 26.25, 9999.0, 1.25, 1.5, 19.75, 9999.0, 9999.0, 9999.0, 121.0, 124.5, 120.5, 104.25, 135.5
2023-04-06, 05:14:42, 132.75, 52.25, 19.25, 26.0, 9999.0, 1.25, 1.5, 19.75, 9999.0, 9999.0, 9999.0, 121.0, 124.5, 120.5, 104.25, 135.5
2023-04-06, 05:14:46, 132.75, 52.25, 19.25, 26.25, 9999.0, 1.25, 1.5, 19.75, 9999.0, 9999.0, 9999.0, 121.0, 124.5, 120.5, 104.25, 135.5
2023-04-06, 05:14:50, 132.75, 52.25, 19.25, 26.0, 9999.0, 1.5, 1.5, 19.75, 9999.0, 9999.0, 9999.0, 120.75, 124.5, 120.5, 104.25, 135.5
2023-04-06, 05:14:54, 132.75, 52.25, 19.25, 26.0, 9999.0, 1.5, 1.5, 19.75, 9999.0, 9999.0, 9999.0, 120.75, 124.5, 120.5, 104.25, 135.5
2023-04-06, 05:14:58, 132.75, 52.25, 19.25, 26.25, 9999.0, 1.5, 1.5, 19.75, 9999.0, 9999.0, 9999.0, 120.75, 124.5, 120.5, 104.25, 135.5
2023-04-06, 05:15:02, 132.75, 52.25, 19.25, 26.25, 9999.0, 1.5, 1.5, 19.75, 9999.0, 9999.0, 9999.0, 120.75, 124.5, 120.5, 104.25, 135.5
2023-04-06, 05:15:06, 132.75, 52.25, 19.25, 26.25, 9999.0, 1.5, 1.75, 19.75, 9999.0, 9999.0, 9999.0, 121.5, 124.5, 120.5, 104.25, 135.5
2023-04-06, 05:15:10, 132.75, 52.25, 19.25, 26.25, 9999.0, 1.5, 1.5, 20.0, 9999.0, 9999.0, 9999.0, 121.5, 124.5, 120.5, 104.25, 135.5
2023-04-06, 05:15:14, 132.75, 52.25, 19.25, 26.25, 9999.0, 1.5, 1.5, 19.75, 9999.0, 9999.0, 9999.0, 121.25, 124.5, 120.5, 104.25, 135.25
2023-04-06, 05:15:18, 132.75, 52.25, 19.25, 26.0, 9999.0, 1.5, 1.75, 20.0, 9999.0, 9999.0, 9999.0, 121.5, 124.5, 120.5, 104.25, 135.5
2023-04-06, 05:15:22, 132.75, 52.25, 19.25, 26.0, 9999.0, 1.5, 1.5, 19.75, 9999.0, 9999.0, 9999.0, 121.25, 124.5, 120.5, 104.25, 135.5
2023-04-06, 05:15:26, 132.75, 52.25, 19.25, 26.0, 9999.0, 1.5, 1.75, 19.75, 9999.0, 9999.0, 9999.0, 121.25, 124.5, 120.5, 104.25, 135.5
2023-04-06, 05:15:30, 132.75, 52.25, 19.25, 26.25, 9999.0, 1.5, 1.75, 19.75, 9999.0, 9999.0, 9999.0, 121.25, 124.5, 120.5, 104.25, 135.5
2023-04-06, 05:15:34, 132.75, 52.25, 19.25, 26.25, 9999.0, 1.25, 1.5, 19.75, 9999.0, 9999.0, 9999.0, 121.0, 124.5, 120.5, 104.25, 135.5
2023-04-06, 05:15:38, 132.75, 52.25, 19.25, 26.25, 9999.0, 1.5, 1.5, 20.0, 9999.0, 9999.0, 9999.0, 121.25, 124.75, 120.5, 104.25, 135.5
2023-04-06, 05:15:42, 132.75, 52.25, 19.25, 26.25, 9999.0, 1.25, 1.5, 19.75, 9999.0, 9999.0, 9999.0, 121.25, 124.75, 120.5, 104.25, 135.5
2023-04-06, 05:15:46, 132.75, 52.25, 19.5, 26.25, 9999.0, 1.25, 1.5, 19.75, 9999.0, 9999.0, 9999.0, 121.0, 124.5, 120.5, 104.25, 135.5
2023-04-06, 05:15:50, 132.75, 52.25, 19.5, 26.25, 9999.0, 1.25, 1.75, 19.75, 9999.0, 9999.0, 9999.0, 121.0, 124.5, 120.5, 104.25, 135.5
2023-04-06, 05:15:54, 132.75, 52.25, 19.25, 26.25, 9999.0, 1.25, 1.5, 19.75, 9999.0, 9999.0, 9999.0, 121.0, 124.5, 120.5, 104.25, 135.5
2023-04-06, 05:15:58, 132.75, 52.25, 19.25, 26.25, 9999.0, 1.25, 1.75, 19.75, 9999.0, 9999.0, 9999.0, 121.0, 124.5, 120.5, 104.25, 135.5
2023-04-06, 05:16:02, 132.75, 52.25, 19.25, 26.25, 9999.0, 1.25, 1.5, 19.75, 9999.0, 9999.0, 9999.0, 121.0, 124.5, 120.5, 104.25, 135.5
2023-04-06, 05:16:06, 132.75, 52.25, 19.25, 26.25, 9999.0, 1.25, 1.75, 20.0, 9999.0, 9999.0, 9999.0, 121.0, 124.5, 120.5, 104.25, 135.25
2023-04-06, 05:16:10, 132.75, 52.25, 19.25, 26.25, 9999.0, 1.5, 1.75, 19.75, 9999.0, 9999.0, 9999.0, 120.75, 124.5, 120.5, 104.25, 135.5
2023-04-06, 05:16:14, 132.75, 52.25, 19.5, 26.25, 9999.0, 1.5, 1.5, 19.75, 9999.0, 9999.0, 9999.0, 121.0, 124.5, 120.5, 104.25, 135.5
2023-04-06, 05:16:18, 132.75, 52.25, 19.25, 26.25, 9999.0, 1.5, 1.5, 19.75, 9999.0, 9999.0, 9999.0, 120.75, 124.5, 120.5, 104.25, 135.5
2023-04-06, 05:16:22, 132.75, 52.25, 19.25, 26.0, 9999.0, 1.75, 1.5, 20.0, 9999.0, 9999.0, 9999.0, 120.75, 124.5, 120.5, 104.25, 135.5
2023-04-06, 05:16:26, 132.75, 52.25, 19.25, 26.25, 9999.0, 1.5, 1.75, 19.75, 9999.0, 9999.0, 9999.0, 121.5, 124.5, 120.5, 104.25, 135.5
2023-04-06, 05:16:30, 132.75, 52.25, 19.25, 26.0, 9999.0, 1.5, 1.5, 20.0, 9999.0, 9999.0, 9999.0, 121.5, 124.5, 120.5, 104.25, 135.5
2023-04-06, 05:16:34, 132.75, 52.25, 19.25, 26.25, 9999.0, 1.5, 1.5, 19.75, 9999.0, 9999.0, 9999.0, 121.5, 124.5, 120.5, 104.25, 135.5
2023-04-06, 05:16:38, 132.75, 52.25, 19.25, 26.25, 9999.0, 1.5, 1.75, 20.0, 9999.0, 9999.0, 9999.0, 121.25, 124.5, 120.5, 104.25, 135.5
2023-04-06, 05:16:42, 132.75, 52.25, 19.25, 26.25, 9999.0, 1.5, 1.75, 20.0, 9999.0, 9999.0, 9999.0, 121.25, 124.5, 120.5, 104.25, 135.5
2023-04-06, 05:16:46, 132.75, 52.25, 19.5, 26.25, 9999.0, 1.5, 1.75, 19.75, 9999.0, 9999.0, 9999.0, 121.25, 124.5, 120.5, 104.25, 135.5
2023-04-06, 05:16:50, 132.75, 52.25, 19.5, 26.25, 9999.0, 1.5, 1.75, 19.75, 9999.0, 9999.0, 9999.0, 121.25, 124.5, 120.5, 104.25, 135.5
2023-04-06, 05:16:54, 132.75, 52.25, 19.5, 26.25, 9999.0, 1.5, 1.75, 19.75, 9999.0, 9999.0, 9999.0, 121.25, 124.75, 120.5, 104.25, 135.5
2023-04-06, 05:16:58, 132.75, 52.5, 19.5, 26.25, 9999.0, 1.5, 1.75, 20.0, 9999.0, 9999.0, 9999.0, 121.25, 124.75, 120.5, 104.25, 135.5
2023-04-06, 05:17:02, 132.75, 52.25, 19.25, 26.0, 9999.0, 1.5, 1.75, 20.0, 9999.0, 9999.0, 9999.0, 121.25, 124.75, 120.5, 104.25, 135.5
2023-04-06, 05:17:06, 132.75, 52.5, 19.5, 26.0, 9999.0, 1.25, 1.75, 19.75, 9999.0, 9999.0, 9999.0, 121.25, 124.75, 120.5, 104.25, 135.5
2023-04-06, 05:17:10, 132.75, 52.25, 19.25, 25.75, 9999.0, 1.25, 1.75, 20.0, 9999.0, 9999.0, 9999.0, 121.0, 124.5, 120.5, 104.25, 135.5
2023-04-06, 05:17:14, 132.75, 52.25, 19.5, 26.0, 9999.0, 1.25, 1.75, 20.0, 9999.0, 9999.0, 9999.0, 121.0, 124.5, 120.5, 104.25, 135.5
2023-04-06, 05:17:18, 132.75, 52.25, 19.25, 26.25, 9999.0, 1.5, 1.75, 20.0, 9999.0, 9999.0, 9999.0, 121.0, 124.5, 120.5, 104.25, 135.5
2023-04-06, 05:17:22, 132.75, 52.5, 19.25, 26.25, 9999.0, 1.25, 1.5, 20.0, 9999.0, 9999.0, 9999.0, 121.0, 124.5, 120.5, 104.25, 135.5
2023-04-06, 05:17:26, 132.75, 52.5, 19.25, 26.25, 9999.0, 1.25, 1.75, 20.0, 9999.0, 9999.0, 9999.0, 121.0, 124.5, 120.5, 104.25, 135.5
2023-04-06, 05:17:30, 132.75, 52.25, 19.5, 26.25, 9999.0, 1.5, 1.5, 19.75, 9999.0, 9999.0, 9999.0, 121.0, 124.5, 120.5, 104.25, 135.5
2023-04-06, 05:17:34, 132.75, 52.25, 19.25, 26.25, 9999.0, 1.5, 1.5, 20.0, 9999.0, 9999.0, 9999.0, 120.75, 124.5, 120.5, 104.25, 135.5
2023-04-06, 05:17:38, 132.75, 52.25, 19.5, 26.25, 9999.0, 1.5, 1.75, 20.0, 9999.0, 9999.0, 9999.0, 120.75, 124.5, 120.5, 104.25, 135.5
2023-04-06, 05:17:42, 132.75, 52.5, 19.25, 26.25, 9999.0, 1.5, 1.75, 19.75, 9999.0, 9999.0, 9999.0, 120.75, 124.5, 120.5, 104.25, 135.5
2023-04-06, 05:17:46, 132.75, 52.25, 19.25, 26.25, 9999.0, 1.5, 1.75, 20.0, 9999.0, 9999.0, 9999.0, 121.5, 124.5, 120.5, 104.25, 135.5
2023-04-06, 05:17:50, 132.75, 52.5, 19.5, 26.25, 9999.0, 1.75, 1.75, 20.0, 9999.0, 9999.0, 9999.0, 121.5, 124.5, 120.5, 104.25, 135.5
2023-04-06, 05:17:54, 132.75, 52.5, 19.25, 26.25, 9999.0, 1.5, 1.5, 20.0, 9999.0, 9999.0, 9999.0, 121.5, 124.5, 120.5, 104.25, 135.5
2023-04-06, 05:17:58, 132.75, 52.5, 19.5, 26.25, 9999.0, 1.5, 1.75, 20.0, 9999.0, 9999.0, 9999.0, 121.25, 124.5, 120.5, 104.25, 135.5
2023-04-06, 05:18:02, 132.75, 52.25, 19.25, 26.25, 9999.0, 1.5, 1.75, 20.0, 9999.0, 9999.0, 9999.0, 121.25, 124.5, 120.5, 104.25, 135.5
2023-04-06, 05:18:06, 132.75, 52.25, 19.25, 26.25, 9999.0, 1.5, 1.75, 20.0, 9999.0, 9999.0, 9999.0, 121.25, 124.5, 120.5, 104.25, 135.5
2023-04-06, 05:18:10, 132.75, 52.25, 19.25, 26.0, 9999.0, 1.5, 1.75, 20.0, 9999.0, 9999.0, 9999.0, 121.25, 124.5, 120.5, 104.25, 135.5
2023-04-06, 05:18:14, 132.75, 52.25, 19.25, 26.0, 9999.0, 1.5, 1.75, 19.75, 9999.0, 9999.0, 9999.0, 121.25, 124.5, 120.5, 104.25, 135.5
2023-04-06, 05:18:18, 132.75, 52.25, 19.25, 26.0, 9999.0, 1.5, 1.75, 19.75, 9999.0, 9999.0, 9999.0, 121.25, 124.75, 120.5, 104.25, 135.5
2023-04-06, 05:18:22, 133.0, 52.25, 19.25, 26.25, 9999.0, 1.25, 1.75, 20.0, 9999.0, 9999.0, 9999.0, 121.25, 124.5, 120.5, 104.25, 135.5
2023-04-06, 05:18:26, 132.75, 52.25, 19.25, 26.0, 9999.0, 1.5, 1.75, 19.75, 9999.0, 9999.0, 9999.0, 121.25, 124.5, 120.5, 104.25, 135.5
2023-04-06, 05:18:30, 132.75, 52.25, 19.25, 26.0, 9999.0, 1.5, 1.5, 19.75, 9999.0, 9999.0, 9999.0, 121.0, 124.5, 120.5, 104.25, 135.5
2023-04-06, 05:18:34, 132.75, 52.25, 19.25, 26.25, 9999.0, 1.5, 1.5, 20.0, 9999.0, 9999.0, 9999.0, 121.0, 124.5, 120.5, 104.25, 135.5
2023-04-06, 05:18:38, 132.75, 52.5, 19.25, 26.25, 9999.0, 1.25, 1.75, 19.75, 9999.0, 9999.0, 9999.0, 121.0, 124.5, 120.5, 104.25, 135.5
2023-04-06, 05:18:42, 132.75, 52.5, 19.5, 26.25, 9999.0, 1.5, 1.75, 20.0, 9999.0, 9999.0, 9999.0, 121.0, 124.5, 120.5, 104.25, 135.5
2023-04-06, 05:18:47, 132.75, 52.25, 19.5, 26.25, 9999.0, 1.25, 1.5, 19.75, 9999.0, 9999.0, 9999.0, 121.0, 124.5, 120.5, 104.25, 135.5
2023-04-06, 05:18:51, 132.75, 52.25, 19.5, 26.25, 9999.0, 1.5, 1.5, 20.0, 9999.0, 9999.0, 9999.0, 120.75, 124.5, 120.5, 104.25, 135.5
2023-04-06, 05:18:55, 132.75, 52.25, 19.5, 26.25, 9999.0, 1.5, 1.5, 19.75, 9999.0, 9999.0, 9999.0, 120.75, 124.5, 120.5, 104.25, 135.5
2023-04-06, 05:18:59, 132.75, 52.5, 19.5, 26.0, 9999.0, 1.5, 1.75, 20.0, 9999.0, 9999.0, 9999.0, 120.75, 124.5, 120.5, 104.25, 135.5
2023-04-06, 05:19:03, 132.75, 52.5, 19.25, 26.0, 9999.0, 1.75, 1.75, 19.75, 9999.0, 9999.0, 9999.0, 120.75, 124.5, 120.5, 104.25, 135.5
2023-04-06, 05:19:07, 132.75, 52.25, 19.25, 26.25, 9999.0, 1.75, 1.75, 20.0, 9999.0, 9999.0, 9999.0, 121.5, 124.5, 120.5, 104.25, 135.5
2023-04-06, 05:19:11, 132.75, 52.25, 19.25, 26.25, 9999.0, 1.5, 1.75, 20.0, 9999.0, 9999.0, 9999.0, 121.5, 124.5, 120.5, 104.25, 135.5
2023-04-06, 05:19:15, 132.75, 52.5, 19.5, 26.25, 9999.0, 1.75, 1.75, 19.75, 9999.0, 9999.0, 9999.0, 121.5, 124.5, 120.5, 104.25, 135.5
2023-04-06, 05:19:19, 132.75, 52.25, 19.25, 26.5, 9999.0, 1.5, 1.75, 20.0, 9999.0, 9999.0, 9999.0, 121.5, 124.5, 120.5, 104.25, 135.5
2023-04-06, 05:19:23, 132.75, 52.5, 19.5, 26.25, 9999.0, 1.5, 1.75, 20.0, 9999.0, 9999.0, 9999.0, 121.25, 124.5, 120.5, 104.25, 135.5
2023-04-06, 05:19:27, 132.75, 52.25, 19.25, 26.25, 9999.0, 1.5, 1.75, 19.75, 9999.0, 9999.0, 9999.0, 121.25, 124.5, 120.5, 104.25, 135.5
2023-04-06, 05:19:31, 132.75, 52.5, 19.25, 26.0, 9999.0, 1.5, 1.75, 19.75, 9999.0, 9999.0, 9999.0, 121.25, 124.5, 120.5, 104.25, 135.5
2023-04-06, 05:19:35, 132.75, 52.25, 19.25, 26.0, 9999.0, 1.5, 1.75, 19.75, 9999.0, 9999.0, 9999.0, 121.0, 124.5, 120.5, 104.25, 135.5
2023-04-06, 05:19:39, 132.75, 52.25, 19.25, 26.0, 9999.0, 1.5, 1.75, 20.0, 9999.0, 9999.0, 9999.0, 121.0, 124.75, 120.5, 104.25, 135.5
2023-04-06, 05:19:43, 132.75, 52.25, 19.25, 26.25, 9999.0, 1.5, 1.75, 19.75, 9999.0, 9999.0, 9999.0, 121.25, 124.75, 120.5, 104.25, 135.5
2023-04-06, 05:19:47, 132.75, 52.5, 19.25, 26.25, 9999.0, 1.5, 1.75, 20.0, 9999.0, 9999.0, 9999.0, 121.0, 124.5, 120.5, 104.25, 135.5
2023-04-06, 05:19:51, 132.75, 52.25, 19.25, 26.25, 9999.0, 1.5, 1.75, 19.75, 9999.0, 9999.0, 9999.0, 121.0, 124.75, 120.5, 104.25, 135.5
2023-04-06, 05:19:55, 132.75, 52.25, 19.5, 26.25, 9999.0, 1.5, 1.75, 20.0, 9999.0, 9999.0, 9999.0, 121.0, 124.75, 120.5, 104.25, 135.5
2023-04-06, 05:19:59, 132.75, 52.5, 19.25, 26.25, 9999.0, 1.25, 1.75, 20.0, 9999.0, 9999.0, 9999.0, 121.0, 124.75, 120.5, 104.25, 135.5
2023-04-06, 05:20:03, 132.75, 52.25, 19.25, 26.25, 9999.0, 1.25, 1.75, 19.75, 9999.0, 9999.0, 9999.0, 121.0, 124.75, 120.5, 104.25, 135.5
2023-04-06, 05:20:07, 132.75, 52.5, 19.25, 26.25, 9999.0, 1.25, 1.5, 20.0, 9999.0, 9999.0, 9999.0, 120.75, 124.5, 120.5, 104.25, 135.5
2023-04-06, 05:20:11, 132.75, 52.25, 19.25, 26.25, 9999.0, 1.5, 1.75, 19.75, 9999.0, 9999.0, 9999.0, 120.75, 124.5, 120.5, 104.25, 135.5
2023-04-06, 05:20:15, 132.75, 52.25, 19.25, 26.25, 9999.0, 1.5, 1.5, 20.0, 9999.0, 9999.0, 9999.0, 120.75, 124.5, 120.5, 104.25, 135.5
2023-04-06, 05:20:19, 132.75, 52.5, 19.25, 26.25, 9999.0, 1.5, 1.75, 20.0, 9999.0, 9999.0, 9999.0, 120.75, 124.5, 120.5, 104.25, 135.5
2023-04-06, 05:20:23, 132.75, 52.25, 19.25, 26.25, 9999.0, 1.75, 1.75, 20.0, 9999.0, 9999.0, 9999.0, 120.75, 124.5, 120.5, 104.25, 135.5
2023-04-06, 05:20:27, 132.75, 52.25, 19.25, 26.0, 9999.0, 1.75, 1.75, 20.0, 9999.0, 9999.0, 9999.0, 121.5, 124.5, 120.75, 104.25, 135.5
2023-04-06, 05:20:31, 132.75, 52.5, 19.25, 26.0, 9999.0, 1.5, 1.75, 20.0, 9999.0, 9999.0, 9999.0, 121.5, 124.5, 120.5, 104.25, 135.5
2023-04-06, 05:20:35, 132.75, 52.5, 19.25, 26.0, 9999.0, 1.5, 1.75, 20.0, 9999.0, 9999.0, 9999.0, 121.5, 124.5, 120.5, 104.25, 135.5
2023-04-06, 05:20:39, 132.75, 52.25, 19.25, 26.0, 9999.0, 1.5, 1.75, 20.0, 9999.0, 9999.0, 9999.0, 121.5, 124.5, 120.5, 104.25, 135.5
2023-04-06, 05:20:43, 132.75, 52.5, 19.25, 26.25, 9999.0, 1.5, 1.75, 20.0, 9999.0, 9999.0, 9999.0, 121.25, 124.5, 120.5, 104.25, 135.5
2023-04-06, 05:20:47, 132.75, 52.25, 19.25, 26.25, 9999.0, 1.5, 1.75, 20.0, 9999.0, 9999.0, 9999.0, 121.25, 124.5, 120.5, 104.25, 135.5
2023-04-06, 05:20:51, 132.75, 52.25, 19.25, 26.25, 9999.0, 1.5, 1.75, 20.0, 9999.0, 9999.0, 9999.0, 121.25, 124.5, 120.5, 104.25, 135.5
2023-04-06, 05:20:55, 132.75, 52.5, 19.25, 26.25, 9999.0, 1.5, 1.75, 19.75, 9999.0, 9999.0, 9999.0, 121.25, 124.5, 120.5, 104.25, 135.5
2023-04-06, 05:20:59, 132.75, 52.25, 19.25, 26.25, 9999.0, 1.5, 1.75, 20.0, 9999.0, 9999.0, 9999.0, 121.25, 124.5, 120.5, 104.25, 135.5
2023-04-06, 05:21:03, 132.75, 52.25, 19.25, 26.25, 9999.0, 1.5, 1.5, 20.0, 9999.0, 9999.0, 9999.0, 121.25, 124.5, 120.5, 104.25, 135.5
2023-04-06, 05:21:07, 132.75, 52.5, 19.25, 26.25, 9999.0, 1.5, 1.75, 20.0, 9999.0, 9999.0, 9999.0, 121.0, 124.5, 120.5, 104.25, 135.5
2023-04-06, 05:21:11, 132.75, 52.25, 19.25, 26.25, 9999.0, 1.5, 1.75, 20.0, 9999.0, 9999.0, 9999.0, 121.0, 124.5, 120.5, 104.25, 135.5
2023-04-06, 05:21:15, 132.75, 52.25, 19.25, 26.25, 9999.0, 1.5, 1.75, 20.0, 9999.0, 9999.0, 9999.0, 121.0, 124.5, 120.5, 104.25, 135.5
2023-04-06, 05:21:19, 132.75, 52.25, 19.25, 26.25, 9999.0, 1.25, 1.75, 20.0, 9999.0, 9999.0, 9999.0, 121.0, 124.5, 120.5, 104.25, 135.5
2023-04-06, 05:21:23, 132.75, 52.25, 19.25, 26.25, 9999.0, 1.25, 1.75, 19.75, 9999.0, 9999.0, 9999.0, 121.0, 124.5, 120.5, 104.25, 135.5
2023-04-06, 05:21:27, 132.75, 52.25, 19.5, 26.25, 9999.0, 1.5, 1.5, 19.75, 9999.0, 9999.0, 9999.0, 121.0, 124.5, 120.5, 104.25, 135.5
2023-04-06, 05:21:31, 132.75, 52.25, 19.25, 26.25, 9999.0, 1.5, 1.5, 19.75, 9999.0, 9999.0, 9999.0, 120.75, 124.5, 120.5, 104.25, 135.5
2023-04-06, 05:21:35, 132.75, 52.25, 19.25, 26.25, 9999.0, 1.5, 1.75, 19.75, 9999.0, 9999.0, 9999.0, 120.75, 124.5, 120.5, 104.25, 135.5
2023-04-06, 05:21:39, 132.75, 52.25, 19.25, 26.25, 9999.0, 1.5, 1.75, 20.0, 9999.0, 9999.0, 9999.0, 120.75, 124.5, 120.5, 104.25, 135.5
2023-04-06, 05:21:43, 132.75, 52.25, 19.25, 26.25, 9999.0, 1.75, 1.75, 20.0, 9999.0, 9999.0, 9999.0, 120.75, 124.5, 120.5, 104.25, 135.5
2023-04-06, 05:21:47, 132.75, 52.25, 19.25, 26.0, 9999.0, 1.5, 1.75, 19.75, 9999.0, 9999.0, 9999.0, 121.5, 124.5, 120.5, 104.25, 135.5
2023-04-06, 05:21:51, 132.75, 52.25, 19.25, 26.25, 9999.0, 1.5, 1.5, 20.0, 9999.0, 9999.0, 9999.0, 121.5, 124.5, 120.5, 104.25, 135.5
2023-04-06, 05:21:55, 132.75, 52.25, 19.25, 26.0, 9999.0, 1.5, 1.75, 20.0, 9999.0, 9999.0, 9999.0, 121.5, 124.5, 120.5, 104.25, 135.5
2023-04-06, 05:21:59, 132.75, 52.25, 19.25, 26.0, 9999.0, 1.5, 1.75, 19.75, 9999.0, 9999.0, 9999.0, 121.25, 124.5, 120.5, 104.25, 135.5
2023-04-06, 05:22:03, 132.75, 52.25, 19.25, 26.25, 9999.0, 1.5, 1.75, 19.75, 9999.0, 9999.0, 9999.0, 121.25, 124.5, 120.5, 104.25, 135.5
2023-04-06, 05:22:07, 132.75, 52.25, 19.25, 26.0, 9999.0, 1.5, 1.75, 19.75, 9999.0, 9999.0, 9999.0, 121.25, 124.5, 120.5, 104.25, 135.5
2023-04-06, 05:22:11, 132.75, 52.25, 19.25, 26.25, 9999.0, 1.5, 1.75, 19.75, 9999.0, 9999.0, 9999.0, 121.25, 124.5, 120.5, 104.25, 135.25
2023-04-06, 05:22:15, 132.75, 52.25, 19.25, 26.25, 9999.0, 1.5, 1.75, 20.0, 9999.0, 9999.0, 9999.0, 121.0, 124.5, 120.5, 104.25, 135.5
2023-04-06, 05:22:19, 132.75, 52.25, 19.25, 26.25, 9999.0, 1.5, 1.75, 19.75, 9999.0, 9999.0, 9999.0, 121.25, 124.5, 120.5, 104.25, 135.5
2023-04-06, 05:22:23, 132.75, 52.25, 19.25, 26.25, 9999.0, 1.5, 1.5, 19.75, 9999.0, 9999.0, 9999.0, 121.25, 124.5, 120.5, 104.25, 135.5
2023-04-06, 05:22:27, 132.75, 52.25, 19.25, 26.25, 9999.0, 1.25, 1.5, 20.0, 9999.0, 9999.0, 9999.0, 121.0, 124.5, 120.5, 104.25, 135.5
2023-04-06, 05:22:31, 132.75, 52.25, 19.25, 26.25, 9999.0, 1.5, 1.5, 19.75, 9999.0, 9999.0, 9999.0, 121.0, 124.5, 120.5, 104.25, 135.5
2023-04-06, 05:22:35, 132.75, 52.25, 19.25, 26.25, 9999.0, 1.25, 1.5, 19.75, 9999.0, 9999.0, 9999.0, 121.0, 124.5, 120.5, 104.25, 135.5
2023-04-06, 05:22:39, 132.75, 52.25, 19.25, 26.25, 9999.0, 1.25, 1.5, 19.75, 9999.0, 9999.0, 9999.0, 121.0, 124.5, 120.5, 104.25, 135.5
2023-04-06, 05:22:43, 132.75, 52.25, 19.25, 26.25, 9999.0, 1.25, 1.5, 19.75, 9999.0, 9999.0, 9999.0, 120.75, 124.5, 120.5, 104.25, 135.5
2023-04-06, 05:22:47, 132.75, 52.25, 19.25, 26.0, 9999.0, 1.25, 1.5, 19.75, 9999.0, 9999.0, 9999.0, 120.75, 124.5, 120.5, 104.25, 135.5
2023-04-06, 05:22:51, 132.75, 52.25, 19.0, 26.0, 9999.0, 1.5, 1.5, 19.75, 9999.0, 9999.0, 9999.0, 120.75, 124.5, 120.5, 104.25, 135.5
2023-04-06, 05:22:55, 132.75, 52.25, 19.0, 26.0, 9999.0, 1.5, 1.75, 19.75, 9999.0, 9999.0, 9999.0, 120.75, 124.5, 120.5, 104.25, 135.5
2023-04-06, 05:22:59, 132.75, 52.25, 19.25, 26.25, 9999.0, 1.5, 1.5, 19.75, 9999.0, 9999.0, 9999.0, 120.75, 124.5, 120.5, 104.25, 135.25
2023-04-06, 05:23:03, 132.5, 52.25, 19.25, 26.25, 9999.0, 1.5, 1.5, 19.75, 9999.0, 9999.0, 9999.0, 120.75, 124.5, 120.5, 104.0, 135.5
2023-04-06, 05:23:07, 132.75, 52.25, 19.25, 26.25, 9999.0, 1.5, 1.75, 19.75, 9999.0, 9999.0, 9999.0, 121.5, 124.5, 120.5, 104.25, 135.25
2023-04-06, 05:23:11, 132.75, 52.25, 19.25, 26.25, 9999.0, 1.5, 1.75, 19.75, 9999.0, 9999.0, 9999.0, 121.5, 124.5, 120.5, 104.0, 135.25
2023-04-06, 05:23:16, 132.75, 52.25, 19.25, 26.25, 9999.0, 1.5, 1.5, 19.75, 9999.0, 9999.0, 9999.0, 121.25, 124.5, 120.5, 104.25, 135.25
2023-04-06, 05:23:20, 132.5, 52.25, 19.0, 26.25, 9999.0, 1.5, 1.5, 19.75, 9999.0, 9999.0, 9999.0, 121.25, 124.25, 120.5, 104.25, 135.5
2023-04-06, 05:23:24, 132.75, 52.25, 19.25, 26.25, 9999.0, 1.5, 1.5, 19.75, 9999.0, 9999.0, 9999.0, 121.25, 124.5, 120.5, 104.25, 135.5
2023-04-06, 05:23:28, 132.5, 52.25, 19.25, 26.25, 9999.0, 1.5, 1.5, 19.75, 9999.0, 9999.0, 9999.0, 121.25, 124.25, 120.5, 104.25, 135.25
2023-04-06, 05:23:32, 132.75, 52.25, 19.25, 26.0, 9999.0, 1.25, 1.5, 19.75, 9999.0, 9999.0, 9999.0, 121.0, 124.25, 120.5, 104.25, 135.25
2023-04-06, 05:23:36, 132.75, 52.25, 19.25, 26.25, 9999.0, 1.5, 1.5, 19.75, 9999.0, 9999.0, 9999.0, 121.25, 124.5, 120.5, 104.0, 135.25
2023-04-06, 05:23:40, 132.5, 52.25, 19.25, 26.0, 9999.0, 1.25, 1.75, 19.75, 9999.0, 9999.0, 9999.0, 121.0, 124.5, 120.5, 104.25, 135.5
2023-04-06, 05:23:44, 132.5, 52.25, 19.25, 26.25, 9999.0, 1.25, 1.5, 19.75, 9999.0, 9999.0, 9999.0, 121.25, 124.5, 120.5, 104.25, 135.25
2023-04-06, 05:23:48, 132.5, 52.25, 19.25, 26.25, 9999.0, 1.25, 1.5, 19.75, 9999.0, 9999.0, 9999.0, 121.0, 124.5, 120.5, 104.25, 135.5
2023-04-06, 05:23:52, 132.5, 52.25, 19.0, 26.0, 9999.0, 1.25, 1.5, 19.75, 9999.0, 9999.0, 9999.0, 121.0, 124.5, 120.5, 104.0, 135.5
2023-04-06, 05:23:56, 132.5, 52.0, 19.0, 26.25, 9999.0, 1.25, 1.5, 19.75, 9999.0, 9999.0, 9999.0, 121.0, 124.5, 120.5, 104.0, 135.5
2023-04-06, 05:24:00, 132.75, 52.0, 19.0, 26.25, 9999.0, 1.25, 1.5, 19.75, 9999.0, 9999.0, 9999.0, 120.75, 124.5, 120.5, 104.25, 135.25
2023-04-06, 05:24:04, 132.5, 52.0, 19.0, 26.25, 9999.0, 1.25, 1.5, 19.75, 9999.0, 9999.0, 9999.0, 121.0, 124.5, 120.5, 104.25, 135.25
2023-04-06, 05:24:08, 132.75, 52.0, 19.0, 26.0, 9999.0, 1.5, 1.5, 19.75, 9999.0, 9999.0, 9999.0, 120.75, 124.5, 120.5, 104.0, 135.25
2023-04-06, 05:24:12, 132.75, 52.0, 19.0, 26.0, 9999.0, 1.25, 1.5, 19.75, 9999.0, 9999.0, 9999.0, 120.75, 124.5, 120.5, 104.0, 135.25
2023-04-06, 05:24:16, 132.5, 52.0, 19.0, 26.25, 9999.0, 1.25, 1.5, 19.75, 9999.0, 9999.0, 9999.0, 120.75, 124.5, 120.5, 104.0, 135.25
2023-04-06, 05:24:20, 132.5, 52.0, 19.25, 26.0, 9999.0, 1.5, 1.5, 19.75, 9999.0, 9999.0, 9999.0, 120.75, 124.5, 120.5, 104.0, 135.25
2023-04-06, 05:24:24, 132.5, 52.0, 19.0, 26.25, 9999.0, 1.5, 1.5, 19.75, 9999.0, 9999.0, 9999.0, 120.5, 124.5, 120.5, 104.25, 135.25
2023-04-06, 05:24:28, 132.5, 52.25, 19.25, 26.25, 9999.0, 1.5, 1.5, 19.75, 9999.0, 9999.0, 9999.0, 121.5, 124.25, 120.5, 104.0, 135.25
2023-04-06, 05:24:32, 132.5, 52.0, 19.25, 26.25, 9999.0, 1.5, 1.5, 19.75, 9999.0, 9999.0, 9999.0, 121.25, 124.25, 120.5, 104.0, 135.25
2023-04-06, 05:24:36, 132.5, 52.0, 19.0, 26.25, 9999.0, 1.5, 1.5, 19.75, 9999.0, 9999.0, 9999.0, 121.25, 124.25, 120.5, 104.0, 135.25
2023-04-06, 05:24:40, 132.5, 52.0, 19.0, 26.0, 9999.0, 1.5, 1.5, 19.75, 9999.0, 9999.0, 9999.0, 121.25, 124.25, 120.5, 104.0, 135.25
2023-04-06, 05:24:44, 132.75, 52.0, 19.0, 26.25, 9999.0, 1.5, 1.5, 19.75, 9999.0, 9999.0, 9999.0, 121.25, 124.25, 120.5, 104.0, 135.25
2023-04-06, 05:24:48, 132.75, 52.0, 19.0, 26.0, 9999.0, 1.25, 1.5, 19.75, 9999.0, 9999.0, 9999.0, 121.0, 124.5, 120.25, 104.0, 135.25
2023-04-06, 05:24:52, 132.5, 52.0, 19.0, 26.25, 9999.0, 1.25, 1.5, 19.75, 9999.0, 9999.0, 9999.0, 121.0, 124.25, 120.5, 104.0, 135.25
2023-04-06, 05:24:56, 132.5, 52.0, 19.0, 26.25, 9999.0, 1.25, 1.5, 19.75, 9999.0, 9999.0, 9999.0, 121.0, 124.5, 120.5, 104.0, 135.25
2023-04-06, 05:25:00, 132.5, 52.0, 19.0, 26.25, 9999.0, 1.25, 1.5, 19.75, 9999.0, 9999.0, 9999.0, 121.0, 124.5, 120.5, 104.0, 135.25
2023-04-06, 05:25:04, 132.5, 52.25, 19.0, 26.0, 9999.0, 1.25, 1.5, 19.75, 9999.0, 9999.0, 9999.0, 121.0, 124.5, 120.5, 104.0, 135.5
2023-04-06, 05:25:08, 132.5, 52.0, 19.0, 26.25, 9999.0, 1.25, 1.5, 19.75, 9999.0, 9999.0, 9999.0, 121.0, 124.5, 120.5, 104.0, 135.5
2023-04-06, 05:25:12, 132.5, 52.0, 19.0, 26.0, 9999.0, 1.25, 1.5, 19.75, 9999.0, 9999.0, 9999.0, 121.0, 124.5, 120.5, 104.0, 135.25
2023-04-06, 05:25:16, 132.5, 52.0, 19.0, 26.0, 9999.0, 1.25, 1.5, 19.75, 9999.0, 9999.0, 9999.0, 121.0, 124.5, 120.5, 104.0, 135.25
2023-04-06, 05:25:20, 132.5, 52.0, 19.25, 26.0, 9999.0, 1.25, 1.5, 19.75, 9999.0, 9999.0, 9999.0, 120.75, 124.5, 120.5, 104.0, 135.25
2023-04-06, 05:25:24, 132.5, 52.0, 19.25, 26.0, 9999.0, 1.25, 1.5, 19.75, 9999.0, 9999.0, 9999.0, 120.75, 124.5, 120.5, 104.0, 135.25
2023-04-06, 05:25:28, 132.5, 52.0, 19.0, 26.0, 9999.0, 1.25, 1.5, 19.75, 9999.0, 9999.0, 9999.0, 120.75, 124.5, 120.5, 104.0, 135.25
2023-04-06, 05:25:32, 132.5, 52.0, 19.0, 26.0, 9999.0, 1.25, 1.5, 19.75, 9999.0, 9999.0, 9999.0, 120.75, 124.5, 120.5, 104.0, 135.5
2023-04-06, 05:25:36, 132.5, 52.0, 19.0, 26.0, 9999.0, 1.5, 1.5, 19.75, 9999.0, 9999.0, 9999.0, 120.75, 124.25, 120.5, 104.0, 135.25
2023-04-06, 05:25:40, 132.5, 52.0, 19.0, 26.25, 9999.0, 1.5, 1.5, 19.75, 9999.0, 9999.0, 9999.0, 120.75, 124.5, 120.5, 104.0, 135.25
2023-04-06, 05:25:44, 132.5, 52.0, 19.0, 26.25, 9999.0, 1.5, 1.5, 19.75, 9999.0, 9999.0, 9999.0, 121.25, 124.5, 120.5, 104.25, 135.25
2023-04-06, 05:25:48, 132.5, 52.0, 19.0, 26.25, 9999.0, 1.5, 1.5, 19.75, 9999.0, 9999.0, 9999.0, 121.25, 124.5, 120.5, 104.0, 135.25
2023-04-06, 05:25:52, 132.5, 52.0, 19.0, 26.25, 9999.0, 1.5, 1.5, 19.75, 9999.0, 9999.0, 9999.0, 121.25, 124.25, 120.5, 104.25, 135.25
2023-04-06, 05:25:56, 132.5, 52.0, 19.0, 26.0, 9999.0, 1.5, 1.5, 19.75, 9999.0, 9999.0, 9999.0, 121.25, 124.25, 120.5, 104.0, 135.25
2023-04-06, 05:26:00, 132.5, 52.0, 19.0, 26.0, 9999.0, 1.5, 1.5, 19.75, 9999.0, 9999.0, 9999.0, 121.25, 124.25, 120.25, 104.0, 135.25
2023-04-06, 05:26:04, 132.5, 52.0, 19.0, 26.25, 9999.0, 1.25, 1.5, 19.75, 9999.0, 9999.0, 9999.0, 121.0, 124.25, 120.5, 104.0, 135.25
2023-04-06, 05:26:08, 132.5, 52.0, 19.0, 26.25, 9999.0, 1.25, 1.5, 19.75, 9999.0, 9999.0, 9999.0, 121.0, 124.25, 120.5, 104.0, 135.25
2023-04-06, 05:26:12, 132.5, 52.0, 19.0, 26.0, 9999.0, 1.25, 1.5, 19.75, 9999.0, 9999.0, 9999.0, 121.0, 124.5, 120.25, 104.0, 135.25
2023-04-06, 05:26:16, 132.5, 52.0, 19.0, 26.0, 9999.0, 1.25, 1.5, 19.75, 9999.0, 9999.0, 9999.0, 121.0, 124.5, 120.5, 104.25, 135.25
2023-04-06, 05:26:20, 132.5, 52.0, 19.0, 26.0, 9999.0, 1.25, 1.5, 19.5, 9999.0, 9999.0, 9999.0, 121.0, 124.5, 120.5, 104.25, 135.25
2023-04-06, 05:26:24, 132.5, 52.0, 19.0, 26.0, 9999.0, 1.25, 1.5, 19.75, 9999.0, 9999.0, 9999.0, 121.0, 124.5, 120.5, 104.0, 135.25
2023-04-06, 05:26:28, 132.5, 52.0, 19.0, 26.0, 9999.0, 1.25, 1.5, 19.75, 9999.0, 9999.0, 9999.0, 120.75, 124.5, 120.5, 104.0, 135.25
2023-04-06, 05:26:32, 132.5, 52.0, 19.0, 26.0, 9999.0, 1.25, 1.5, 19.5, 9999.0, 9999.0, 9999.0, 120.75, 124.5, 120.5, 104.0, 135.25
2023-04-06, 05:26:36, 132.5, 52.0, 19.0, 26.25, 9999.0, 1.25, 1.5, 19.75, 9999.0, 9999.0, 9999.0, 120.75, 124.5, 120.5, 104.0, 135.25
2023-04-06, 05:26:40, 132.5, 52.0, 19.0, 26.25, 9999.0, 1.25, 1.5, 19.75, 9999.0, 9999.0, 9999.0, 120.75, 124.5, 120.5, 104.0, 135.25
2023-04-06, 05:26:44, 132.5, 52.0, 19.0, 26.0, 9999.0, 1.25, 1.5, 19.75, 9999.0, 9999.0, 9999.0, 120.75, 124.5, 120.5, 104.0, 135.25
2023-04-06, 05:26:48, 132.5, 52.0, 19.0, 26.0, 9999.0, 1.25, 1.5, 19.75, 9999.0, 9999.0, 9999.0, 120.75, 124.5, 120.5, 104.0, 135.25
2023-04-06, 05:26:52, 132.5, 52.0, 19.0, 26.25, 9999.0, 1.25, 1.25, 19.75, 9999.0, 9999.0, 9999.0, 120.5, 124.25, 120.5, 104.0, 135.25
2023-04-06, 05:26:56, 132.5, 52.0, 19.0, 26.0, 9999.0, 1.5, 1.5, 19.75, 9999.0, 9999.0, 9999.0, 120.75, 124.25, 120.5, 104.0, 135.25
2023-04-06, 05:27:00, 132.5, 52.0, 19.0, 26.0, 9999.0, 1.5, 1.5, 19.75, 9999.0, 9999.0, 9999.0, 120.5, 124.5, 120.5, 104.0, 135.25
2023-04-06, 05:27:04, 132.5, 52.0, 19.0, 26.0, 9999.0, 1.5, 1.5, 19.75, 9999.0, 9999.0, 9999.0, 121.25, 124.5, 120.5, 104.0, 135.25
2023-04-06, 05:27:08, 132.5, 52.0, 19.0, 26.0, 9999.0, 1.5, 1.5, 19.75, 9999.0, 9999.0, 9999.0, 121.25, 124.25, 120.5, 104.0, 135.25
2023-04-06, 05:27:12, 132.5, 52.0, 19.0, 26.25, 9999.0, 1.25, 1.5, 19.75, 9999.0, 9999.0, 9999.0, 121.25, 124.5, 120.5, 104.0, 135.25
2023-04-06, 05:27:16, 132.5, 52.0, 19.0, 26.25, 9999.0, 1.5, 1.5, 19.5, 9999.0, 9999.0, 9999.0, 121.25, 124.25, 120.5, 104.0, 135.25
2023-04-06, 05:27:20, 132.5, 52.0, 19.0, 26.25, 9999.0, 1.25, 1.5, 19.75, 9999.0, 9999.0, 9999.0, 121.25, 124.25, 120.5, 104.0, 135.25
2023-04-06, 05:27:24, 132.5, 52.0, 19.0, 26.25, 9999.0, 1.25, 1.5, 19.75, 9999.0, 9999.0, 9999.0, 121.0, 124.25, 120.5, 104.0, 135.25
2023-04-06, 05:27:28, 132.5, 52.0, 19.0, 26.25, 9999.0, 1.25, 1.5, 19.75, 9999.0, 9999.0, 9999.0, 121.0, 124.25, 120.5, 104.0, 135.25
2023-04-06, 05:27:32, 132.5, 52.0, 19.0, 26.25, 9999.0, 1.25, 1.5, 19.75, 9999.0, 9999.0, 9999.0, 121.0, 124.5, 120.5, 104.0, 135.25
2023-04-06, 05:27:36, 132.5, 52.0, 19.0, 26.0, 9999.0, 1.25, 1.5, 19.75, 9999.0, 9999.0, 9999.0, 121.0, 124.5, 120.5, 104.25, 135.25
2023-04-06, 05:27:41, 132.5, 52.0, 19.0, 26.25, 9999.0, 1.25, 1.5, 19.5, 9999.0, 9999.0, 9999.0, 121.0, 124.5, 120.5, 104.0, 135.25
2023-04-06, 05:27:45, 132.5, 52.0, 19.0, 26.0, 9999.0, 1.25, 1.5, 19.75, 9999.0, 9999.0, 9999.0, 121.0, 124.5, 120.5, 104.0, 135.25
2023-04-06, 05:27:49, 132.5, 52.0, 19.0, 26.25, 9999.0, 1.25, 1.5, 19.75, 9999.0, 9999.0, 9999.0, 120.75, 124.5, 120.5, 104.0, 135.25
2023-04-06, 05:27:53, 132.5, 52.0, 19.0, 26.25, 9999.0, 1.25, 1.5, 19.75, 9999.0, 9999.0, 9999.0, 120.75, 124.5, 120.5, 104.0, 135.25
2023-04-06, 05:27:57, 132.5, 52.0, 19.25, 26.25, 9999.0, 1.0, 1.5, 19.5, 9999.0, 9999.0, 9999.0, 120.75, 124.5, 120.5, 104.0, 135.25
2023-04-06, 05:28:01, 132.5, 52.0, 19.0, 26.0, 9999.0, 1.0, 1.5, 19.5, 9999.0, 9999.0, 9999.0, 120.75, 124.5, 120.5, 104.0, 135.25
2023-04-06, 05:28:05, 132.5, 52.0, 19.0, 26.25, 9999.0, 1.25, 1.5, 19.5, 9999.0, 9999.0, 9999.0, 120.75, 124.5, 120.5, 104.0, 135.25
2023-04-06, 05:28:09, 132.5, 51.75, 19.0, 26.25, 9999.0, 1.25, 1.5, 19.5, 9999.0, 9999.0, 9999.0, 120.75, 124.5, 120.5, 104.0, 135.25
2023-04-06, 05:28:13, 132.5, 52.0, 19.0, 26.0, 9999.0, 1.25, 1.5, 19.75, 9999.0, 9999.0, 9999.0, 120.5, 124.5, 120.5, 104.0, 135.25
2023-04-06, 05:28:17, 132.5, 52.0, 19.0, 26.25, 9999.0, 1.5, 1.5, 19.75, 9999.0, 9999.0, 9999.0, 120.5, 124.5, 120.5, 104.25, 135.25
2023-04-06, 05:28:21, 132.5, 52.0, 19.0, 26.25, 9999.0, 1.5, 1.5, 19.5, 9999.0, 9999.0, 9999.0, 121.5, 124.5, 120.5, 104.0, 135.25
2023-04-06, 05:28:25, 132.5, 52.0, 19.0, 26.25, 9999.0, 1.5, 1.5, 19.5, 9999.0, 9999.0, 9999.0, 121.25, 124.5, 120.5, 104.0, 135.25
2023-04-06, 05:28:29, 132.5, 52.0, 19.0, 26.25, 9999.0, 1.5, 1.5, 19.5, 9999.0, 9999.0, 9999.0, 121.25, 124.5, 120.5, 104.25, 135.25
2023-04-06, 05:28:33, 132.5, 52.0, 18.75, 26.25, 9999.0, 1.25, 1.5, 19.5, 9999.0, 9999.0, 9999.0, 121.25, 124.25, 120.5, 104.0, 135.25
2023-04-06, 05:28:37, 132.5, 52.0, 19.0, 26.25, 9999.0, 1.25, 1.5, 19.5, 9999.0, 9999.0, 9999.0, 121.0, 124.25, 120.5, 104.0, 135.25
2023-04-06, 05:28:41, 132.5, 52.0, 18.75, 26.0, 9999.0, 1.25, 1.5, 19.5, 9999.0, 9999.0, 9999.0, 121.0, 124.5, 120.5, 104.0, 135.25
2023-04-06, 05:28:45, 132.5, 52.0, 19.0, 26.0, 9999.0, 1.25, 1.5, 19.5, 9999.0, 9999.0, 9999.0, 121.0, 124.25, 120.5, 104.25, 135.25
2023-04-06, 05:28:49, 132.5, 52.0, 19.0, 26.0, 9999.0, 1.25, 1.5, 19.5, 9999.0, 9999.0, 9999.0, 121.0, 124.5, 120.5, 104.25, 135.25
2023-04-06, 05:28:53, 132.5, 51.75, 19.0, 26.0, 9999.0, 1.25, 1.5, 19.5, 9999.0, 9999.0, 9999.0, 121.0, 124.5, 120.5, 104.25, 135.25
2023-04-06, 05:28:57, 132.5, 52.0, 19.0, 26.0, 9999.0, 1.25, 1.5, 19.5, 9999.0, 9999.0, 9999.0, 121.0, 124.5, 120.5, 104.0, 135.25
2023-04-06, 05:29:01, 132.5, 52.0, 19.0, 26.0, 9999.0, 1.25, 1.5, 19.5, 9999.0, 9999.0, 9999.0, 121.0, 124.5, 120.5, 104.0, 135.25
2023-04-06, 05:29:05, 132.5, 52.0, 19.0, 26.25, 9999.0, 1.0, 1.5, 19.5, 9999.0, 9999.0, 9999.0, 121.0, 124.5, 120.5, 104.0, 135.25
2023-04-06, 05:29:09, 132.5, 52.0, 19.0, 26.25, 9999.0, 1.0, 1.5, 19.5, 9999.0, 9999.0, 9999.0, 121.0, 124.5, 120.5, 104.0, 135.25
2023-04-06, 05:29:13, 132.25, 52.0, 19.0, 26.25, 9999.0, 1.25, 1.25, 19.75, 9999.0, 9999.0, 9999.0, 120.75, 124.5, 120.5, 104.25, 135.25
2023-04-06, 05:29:17, 132.5, 52.0, 19.0, 26.25, 9999.0, 1.0, 1.25, 19.5, 9999.0, 9999.0, 9999.0, 120.75, 124.5, 120.5, 104.25, 135.25
2023-04-06, 05:29:21, 132.5, 52.0, 19.0, 26.25, 9999.0, 1.0, 1.5, 19.5, 9999.0, 9999.0, 9999.0, 120.75, 124.5, 120.5, 104.25, 135.25
2023-04-06, 05:29:25, 132.5, 51.75, 19.0, 26.0, 9999.0, 1.25, 1.5, 19.75, 9999.0, 9999.0, 9999.0, 120.75, 124.5, 120.5, 104.0, 135.25
2023-04-06, 05:29:29, 132.25, 52.0, 19.0, 26.25, 9999.0, 1.25, 1.25, 19.5, 9999.0, 9999.0, 9999.0, 120.75, 124.5, 120.5, 104.0, 135.25
2023-04-06, 05:29:33, 132.5, 52.0, 19.0, 26.0, 9999.0, 1.25, 1.5, 19.5, 9999.0, 9999.0, 9999.0, 120.75, 124.5, 120.5, 104.0, 135.25
2023-04-06, 05:29:37, 132.5, 52.0, 18.75, 26.0, 9999.0, 1.5, 1.5, 19.5, 9999.0, 9999.0, 9999.0, 120.5, 124.5, 120.5, 104.0, 135.25
2023-04-06, 05:29:41, 132.25, 52.0, 19.0, 26.25, 9999.0, 1.25, 1.5, 19.5, 9999.0, 9999.0, 9999.0, 121.25, 124.25, 120.5, 104.0, 135.25
2023-04-06, 05:29:45, 132.5, 51.75, 18.75, 26.25, 9999.0, 1.25, 1.5, 19.5, 9999.0, 9999.0, 9999.0, 121.25, 124.5, 120.5, 104.0, 135.25
2023-04-06, 05:29:49, 132.25, 51.75, 19.0, 26.25, 9999.0, 1.25, 1.5, 19.75, 9999.0, 9999.0, 9999.0, 121.25, 124.5, 120.5, 104.0, 135.25
2023-04-06, 05:29:53, 132.5, 52.0, 19.0, 26.25, 9999.0, 1.25, 1.5, 19.5, 9999.0, 9999.0, 9999.0, 121.25, 124.5, 120.5, 104.0, 135.25
2023-04-06, 05:29:57, 132.5, 52.0, 19.0, 26.25, 9999.0, 1.25, 1.5, 19.75, 9999.0, 9999.0, 9999.0, 121.0, 124.5, 120.5, 104.25, 135.25
2023-04-06, 05:30:01, 132.5, 52.0, 19.0, 26.25, 9999.0, 1.25, 1.5, 19.5, 9999.0, 9999.0, 9999.0, 121.0, 124.5, 120.5, 104.25, 135.25
2023-04-06, 05:30:05, 132.5, 51.75, 19.0, 26.25, 9999.0, 1.25, 1.5, 19.5, 9999.0, 9999.0, 9999.0, 121.0, 124.5, 120.5, 104.0, 135.25
2023-04-06, 05:30:09, 132.25, 51.75, 19.0, 26.25, 9999.0, 1.25, 1.5, 19.5, 9999.0, 9999.0, 9999.0, 121.0, 124.25, 120.5, 104.25, 135.25
2023-04-06, 05:30:13, 132.5, 51.75, 19.0, 26.0, 9999.0, 1.25, 1.25, 19.5, 9999.0, 9999.0, 9999.0, 121.0, 124.5, 120.5, 104.0, 135.25
2023-04-06, 05:30:17, 132.5, 52.0, 19.0, 26.25, 9999.0, 1.25, 1.25, 19.5, 9999.0, 9999.0, 9999.0, 121.0, 124.5, 120.5, 104.0, 135.25
2023-04-06, 05:30:21, 132.5, 52.0, 19.0, 26.25, 9999.0, 1.25, 1.25, 19.5, 9999.0, 9999.0, 9999.0, 121.0, 124.5, 120.5, 104.25, 135.25
2023-04-06, 05:30:25, 132.5, 51.75, 19.0, 26.25, 9999.0, 1.0, 1.5, 19.5, 9999.0, 9999.0, 9999.0, 121.0, 124.5, 120.5, 104.25, 135.25
2023-04-06, 05:30:29, 132.5, 51.75, 19.0, 26.25, 9999.0, 1.25, 1.5, 19.5, 9999.0, 9999.0, 9999.0, 120.75, 124.5, 120.5, 104.25, 135.25
2023-04-06, 05:30:33, 132.5, 52.0, 18.75, 26.25, 9999.0, 1.0, 1.25, 19.5, 9999.0, 9999.0, 9999.0, 120.75, 124.5, 120.5, 104.0, 135.25
2023-04-06, 05:30:37, 132.25, 52.0, 19.0, 26.25, 9999.0, 1.0, 1.25, 19.5, 9999.0, 9999.0, 9999.0, 120.75, 124.5, 120.5, 104.0, 135.25
2023-04-06, 05:30:41, 132.5, 52.0, 19.0, 26.25, 9999.0, 1.0, 1.25, 19.5, 9999.0, 9999.0, 9999.0, 120.75, 124.5, 120.5, 104.0, 135.25
2023-04-06, 05:30:45, 132.25, 52.0, 18.75, 26.25, 9999.0, 1.25, 1.25, 19.5, 9999.0, 9999.0, 9999.0, 120.75, 124.5, 120.5, 104.0, 135.25
2023-04-06, 05:30:49, 132.25, 52.0, 19.0, 26.25, 9999.0, 1.25, 1.5, 19.5, 9999.0, 9999.0, 9999.0, 120.5, 124.5, 120.5, 104.0, 135.25
2023-04-06, 05:30:53, 132.25, 52.0, 19.0, 26.25, 9999.0, 1.25, 1.5, 19.5, 9999.0, 9999.0, 9999.0, 120.5, 124.5, 120.5, 104.0, 135.25
2023-04-06, 05:30:57, 132.5, 52.0, 19.0, 26.25, 9999.0, 1.5, 1.5, 19.5, 9999.0, 9999.0, 9999.0, 120.5, 124.5, 120.5, 104.0, 135.25
2023-04-06, 05:31:01, 132.25, 52.0, 19.0, 26.25, 9999.0, 1.5, 1.5, 19.5, 9999.0, 9999.0, 9999.0, 121.25, 124.5, 120.5, 104.25, 135.25
2023-04-06, 05:31:05, 132.25, 52.0, 19.0, 26.5, 9999.0, 1.5, 1.5, 19.5, 9999.0, 9999.0, 9999.0, 121.25, 124.5, 120.5, 104.0, 135.25
2023-04-06, 05:31:09, 132.25, 52.0, 19.0, 26.25, 9999.0, 1.25, 1.5, 19.5, 9999.0, 9999.0, 9999.0, 121.25, 124.5, 120.5, 104.25, 135.25
2023-04-06, 05:31:13, 132.5, 51.75, 19.0, 26.25, 9999.0, 1.25, 1.5, 19.5, 9999.0, 9999.0, 9999.0, 121.25, 124.5, 120.5, 104.25, 135.25
2023-04-06, 05:31:17, 132.25, 51.75, 19.0, 26.25, 9999.0, 1.25, 1.5, 19.5, 9999.0, 9999.0, 9999.0, 121.0, 124.5, 120.5, 104.25, 135.25
2023-04-06, 05:31:21, 132.25, 52.0, 19.0, 26.25, 9999.0, 1.25, 1.5, 19.5, 9999.0, 9999.0, 9999.0, 121.0, 124.25, 120.5, 104.0, 135.25
2023-04-06, 05:31:25, 132.25, 52.0, 19.0, 26.25, 9999.0, 1.25, 1.5, 19.5, 9999.0, 9999.0, 9999.0, 121.0, 124.5, 120.5, 104.25, 135.25
2023-04-06, 05:31:29, 132.25, 51.75, 19.0, 26.25, 9999.0, 1.25, 1.5, 19.5, 9999.0, 9999.0, 9999.0, 121.0, 124.25, 120.5, 104.0, 135.25
2023-04-06, 05:31:33, 132.25, 52.0, 19.0, 26.25, 9999.0, 1.25, 1.5, 19.5, 9999.0, 9999.0, 9999.0, 121.0, 124.5, 120.5, 104.25, 135.25
2023-04-06, 05:31:37, 132.25, 52.0, 19.0, 26.25, 9999.0, 1.25, 1.5, 19.5, 9999.0, 9999.0, 9999.0, 121.0, 124.5, 120.5, 104.25, 135.25
2023-04-06, 05:31:41, 132.25, 52.0, 19.0, 26.25, 9999.0, 1.25, 1.5, 19.5, 9999.0, 9999.0, 9999.0, 121.0, 124.5, 120.5, 104.25, 135.25
2023-04-06, 05:31:45, 132.25, 52.0, 19.0, 26.25, 9999.0, 1.0, 1.5, 19.5, 9999.0, 9999.0, 9999.0, 121.0, 124.5, 120.5, 104.25, 135.25
2023-04-06, 05:31:49, 132.5, 51.75, 19.0, 26.25, 9999.0, 1.25, 1.25, 19.5, 9999.0, 9999.0, 9999.0, 120.75, 124.5, 120.5, 104.25, 135.25
2023-04-06, 05:31:53, 132.5, 52.0, 19.0, 26.25, 9999.0, 1.0, 1.25, 19.5, 9999.0, 9999.0, 9999.0, 120.75, 124.5, 120.5, 104.25, 135.25
2023-04-06, 05:31:57, 132.25, 52.0, 19.0, 26.25, 9999.0, 1.0, 1.5, 19.5, 9999.0, 9999.0, 9999.0, 120.75, 124.5, 120.5, 104.25, 135.25
2023-04-06, 05:32:01, 132.25, 51.75, 19.0, 26.25, 9999.0, 1.0, 1.25, 19.5, 9999.0, 9999.0, 9999.0, 120.75, 124.5, 120.5, 104.25, 135.25
2023-04-06, 05:32:05, 132.25, 51.75, 19.0, 26.25, 9999.0, 1.25, 1.25, 19.5, 9999.0, 9999.0, 9999.0, 120.5, 124.5, 120.5, 104.25, 135.25
2023-04-06, 05:32:10, 132.25, 51.75, 19.0, 26.25, 9999.0, 1.25, 1.25, 19.5, 9999.0, 9999.0, 9999.0, 120.5, 124.5, 120.5, 104.25, 135.25
2023-04-06, 05:32:14, 132.25, 52.0, 19.0, 26.25, 9999.0, 1.25, 1.5, 19.5, 9999.0, 9999.0, 9999.0, 120.75, 124.5, 120.5, 104.25, 135.25
2023-04-06, 05:32:18, 132.25, 52.0, 19.25, 26.25, 9999.0, 1.5, 1.5, 19.5, 9999.0, 9999.0, 9999.0, 120.5, 124.5, 120.5, 104.25, 135.25
2023-04-06, 05:32:22, 132.25, 52.0, 19.0, 26.25, 9999.0, 1.25, 1.5, 19.5, 9999.0, 9999.0, 9999.0, 121.5, 124.5, 120.5, 104.25, 135.25
2023-04-06, 05:32:26, 132.25, 52.0, 18.75, 26.25, 9999.0, 1.5, 1.5, 19.5, 9999.0, 9999.0, 9999.0, 121.25, 124.5, 120.5, 104.25, 135.25
2023-04-06, 05:32:30, 132.5, 52.0, 19.0, 26.25, 9999.0, 1.25, 1.5, 19.5, 9999.0, 9999.0, 9999.0, 121.25, 124.5, 120.5, 104.25, 135.25
2023-04-06, 05:32:34, 132.25, 52.0, 19.0, 26.25, 9999.0, 1.25, 1.5, 19.5, 9999.0, 9999.0, 9999.0, 121.25, 124.5, 120.5, 104.25, 135.25
2023-04-06, 05:32:38, 132.25, 52.0, 19.0, 26.25, 9999.0, 1.25, 1.5, 19.5, 9999.0, 9999.0, 9999.0, 121.25, 124.5, 120.5, 104.25, 135.25
2023-04-06, 05:32:42, 132.25, 52.0, 19.0, 26.25, 9999.0, 1.25, 1.5, 19.5, 9999.0, 9999.0, 9999.0, 121.0, 124.5, 120.5, 104.0, 135.25
2023-04-06, 05:32:46, 132.25, 52.0, 19.0, 26.25, 9999.0, 1.25, 1.5, 19.5, 9999.0, 9999.0, 9999.0, 121.0, 124.5, 120.5, 104.0, 135.25
2023-04-06, 05:32:50, 132.25, 52.0, 19.0, 26.25, 9999.0, 1.25, 1.5, 19.5, 9999.0, 9999.0, 9999.0, 121.0, 124.5, 120.5, 104.0, 135.25
2023-04-06, 05:32:54, 132.25, 52.0, 19.0, 26.25, 9999.0, 1.25, 1.5, 19.5, 9999.0, 9999.0, 9999.0, 121.0, 124.5, 120.5, 104.25, 135.25
2023-04-06, 05:32:58, 132.25, 52.0, 19.0, 26.5, 9999.0, 1.25, 1.5, 19.5, 9999.0, 9999.0, 9999.0, 121.0, 124.5, 120.5, 104.25, 135.25
2023-04-06, 05:33:02, 132.25, 52.0, 19.0, 26.5, 9999.0, 1.0, 1.25, 19.5, 9999.0, 9999.0, 9999.0, 121.0, 124.5, 120.5, 104.25, 135.25
2023-04-06, 05:33:06, 132.25, 52.0, 19.25, 26.25, 9999.0, 1.0, 1.25, 19.5, 9999.0, 9999.0, 9999.0, 121.0, 124.5, 120.5, 104.25, 135.25
2023-04-06, 05:33:10, 132.25, 51.75, 19.0, 26.25, 9999.0, 1.0, 1.25, 19.5, 9999.0, 9999.0, 9999.0, 120.75, 124.5, 120.5, 104.25, 135.25
2023-04-06, 05:33:14, 132.25, 52.0, 19.25, 26.25, 9999.0, 1.0, 1.25, 19.5, 9999.0, 9999.0, 9999.0, 120.75, 124.5, 120.5, 104.25, 135.25
2023-04-06, 05:33:18, 132.25, 51.75, 19.25, 26.25, 9999.0, 1.0, 1.5, 19.5, 9999.0, 9999.0, 9999.0, 120.75, 124.5, 120.5, 104.25, 135.25
2023-04-06, 05:33:22, 132.5, 51.75, 19.0, 26.25, 9999.0, 1.0, 1.5, 19.5, 9999.0, 9999.0, 9999.0, 120.75, 124.5, 120.5, 104.25, 135.25
2023-04-06, 05:33:26, 132.5, 52.0, 19.25, 26.25, 9999.0, 1.25, 1.25, 19.5, 9999.0, 9999.0, 9999.0, 120.75, 124.5, 120.5, 104.25, 135.25
2023-04-06, 05:33:30, 132.25, 51.75, 19.0, 26.25, 9999.0, 1.25, 1.25, 19.5, 9999.0, 9999.0, 9999.0, 120.75, 124.5, 120.5, 104.25, 135.25
2023-04-06, 05:33:34, 132.5, 52.0, 19.0, 26.25, 9999.0, 1.25, 1.25, 19.5, 9999.0, 9999.0, 9999.0, 120.5, 124.5, 120.5, 104.25, 135.25
2023-04-06, 05:33:38, 132.25, 52.0, 19.0, 26.25, 9999.0, 1.5, 1.5, 19.5, 9999.0, 9999.0, 9999.0, 120.5, 124.5, 120.5, 104.25, 135.25
2023-04-06, 05:33:42, 132.25, 52.0, 19.0, 26.25, 9999.0, 1.5, 1.5, 19.5, 9999.0, 9999.0, 9999.0, 120.5, 124.5, 120.5, 104.25, 135.25
2023-04-06, 05:33:46, 132.25, 51.75, 19.0, 26.25, 9999.0, 1.5, 1.5, 19.5, 9999.0, 9999.0, 9999.0, 121.5, 124.5, 120.5, 104.25, 135.25
2023-04-06, 05:33:50, 132.5, 51.75, 19.0, 26.25, 9999.0, 1.25, 1.5, 19.5, 9999.0, 9999.0, 9999.0, 121.25, 124.5, 120.5, 104.25, 135.25
2023-04-06, 05:33:54, 132.5, 52.0, 19.0, 26.25, 9999.0, 1.5, 1.5, 19.5, 9999.0, 9999.0, 9999.0, 121.25, 124.5, 120.5, 104.25, 135.25
2023-04-06, 05:33:58, 132.25, 51.75, 19.0, 26.25, 9999.0, 1.25, 1.5, 19.5, 9999.0, 9999.0, 9999.0, 121.25, 124.5, 120.5, 104.25, 135.25
2023-04-06, 05:34:02, 132.25, 52.0, 19.0, 26.25, 9999.0, 1.25, 1.5, 19.5, 9999.0, 9999.0, 9999.0, 121.25, 124.5, 120.5, 104.25, 135.25
2023-04-06, 05:34:06, 132.25, 51.75, 19.0, 26.25, 9999.0, 1.25, 1.5, 19.5, 9999.0, 9999.0, 9999.0, 121.0, 124.5, 120.5, 104.25, 135.25
2023-04-06, 05:34:10, 132.25, 52.0, 19.0, 26.0, 9999.0, 1.25, 1.25, 19.5, 9999.0, 9999.0, 9999.0, 121.0, 124.5, 120.5, 104.25, 135.25
2023-04-06, 05:34:14, 132.25, 52.0, 19.0, 26.0, 9999.0, 1.25, 1.5, 19.5, 9999.0, 9999.0, 9999.0, 121.0, 124.75, 120.5, 104.25, 135.25
2023-04-06, 05:34:18, 132.25, 52.0, 19.0, 26.0, 9999.0, 1.25, 1.25, 19.5, 9999.0, 9999.0, 9999.0, 121.0, 124.75, 120.5, 104.25, 135.25
2023-04-06, 05:34:22, 132.5, 51.75, 19.0, 26.0, 9999.0, 1.0, 1.25, 19.5, 9999.0, 9999.0, 9999.0, 121.0, 124.75, 120.5, 104.25, 135.25
2023-04-06, 05:34:26, 132.5, 51.75, 19.0, 26.0, 9999.0, 1.0, 1.5, 19.5, 9999.0, 9999.0, 9999.0, 121.0, 124.5, 120.5, 104.25, 135.25
2023-04-06, 05:34:30, 132.25, 52.0, 18.75, 26.25, 9999.0, 1.0, 1.5, 19.5, 9999.0, 9999.0, 9999.0, 121.0, 124.75, 120.5, 104.25, 135.25
2023-04-06, 05:34:34, 132.5, 52.0, 19.0, 26.5, 9999.0, 1.0, 1.25, 19.5, 9999.0, 9999.0, 9999.0, 121.0, 124.5, 120.5, 104.25, 135.25
2023-04-06, 05:34:38, 132.25, 51.75, 19.0, 26.25, 9999.0, 1.0, 1.5, 19.5, 9999.0, 9999.0, 9999.0, 120.75, 124.5, 120.5, 104.25, 135.25
2023-04-06, 05:34:42, 132.25, 52.0, 19.25, 26.25, 9999.0, 1.0, 1.5, 19.5, 9999.0, 9999.0, 9999.0, 120.75, 124.5, 120.5, 104.25, 135.25
2023-04-06, 05:34:46, 132.5, 52.0, 19.0, 26.25, 9999.0, 1.0, 1.5, 19.5, 9999.0, 9999.0, 9999.0, 120.75, 124.5, 120.5, 104.25, 135.25
2023-04-06, 05:34:50, 132.25, 52.0, 19.25, 26.25, 9999.0, 1.25, 1.25, 19.5, 9999.0, 9999.0, 9999.0, 120.75, 124.5, 120.5, 104.25, 135.25
2023-04-06, 05:34:54, 132.25, 52.0, 19.0, 26.25, 9999.0, 1.25, 1.25, 19.5, 9999.0, 9999.0, 9999.0, 120.75, 124.5, 120.5, 104.25, 135.25
2023-04-06, 05:34:58, 132.5, 52.0, 19.25, 26.25, 9999.0, 1.5, 1.5, 19.5, 9999.0, 9999.0, 9999.0, 120.75, 124.5, 120.5, 104.25, 135.25
2023-04-06, 05:35:02, 132.25, 52.0, 19.0, 26.25, 9999.0, 1.5, 1.5, 19.5, 9999.0, 9999.0, 9999.0, 120.5, 124.5, 120.5, 104.25, 135.25
2023-04-06, 05:35:06, 132.25, 52.0, 19.25, 26.25, 9999.0, 1.5, 1.5, 19.5, 9999.0, 9999.0, 9999.0, 121.5, 124.5, 120.5, 104.25, 135.25
2023-04-06, 05:35:10, 132.5, 52.0, 19.0, 26.0, 9999.0, 1.5, 1.5, 19.5, 9999.0, 9999.0, 9999.0, 121.25, 124.5, 120.5, 104.25, 135.25
2023-04-06, 05:35:14, 132.25, 52.0, 19.0, 26.25, 9999.0, 1.25, 1.25, 19.5, 9999.0, 9999.0, 9999.0, 121.25, 124.5, 120.5, 104.25, 135.25
2023-04-06, 05:35:18, 132.5, 52.0, 19.25, 26.0, 9999.0, 1.25, 1.5, 19.5, 9999.0, 9999.0, 9999.0, 121.25, 124.5, 120.5, 104.25, 135.25
2023-04-06, 05:35:22, 132.5, 52.0, 19.0, 26.0, 9999.0, 1.25, 1.5, 19.5, 9999.0, 9999.0, 9999.0, 121.25, 124.5, 120.5, 104.25, 135.25
2023-04-06, 05:35:26, 132.25, 51.75, 19.0, 26.0, 9999.0, 1.25, 1.5, 19.5, 9999.0, 9999.0, 9999.0, 121.25, 124.5, 120.5, 104.25, 135.25
2023-04-06, 05:35:30, 132.5, 51.75, 19.0, 26.0, 9999.0, 1.25, 1.5, 19.5, 9999.0, 9999.0, 9999.0, 121.0, 124.5, 120.5, 104.25, 135.25
2023-04-06, 05:35:34, 132.5, 52.0, 19.0, 26.25, 9999.0, 1.25, 1.5, 19.5, 9999.0, 9999.0, 9999.0, 121.0, 124.75, 120.5, 104.25, 135.25
2023-04-06, 05:35:38, 132.5, 52.0, 19.0, 26.25, 9999.0, 1.25, 1.5, 19.5, 9999.0, 9999.0, 9999.0, 121.0, 124.75, 120.5, 104.25, 135.25
2023-04-06, 05:35:42, 132.5, 52.0, 19.0, 26.25, 9999.0, 1.25, 1.5, 19.5, 9999.0, 9999.0, 9999.0, 121.0, 124.75, 120.5, 104.25, 135.25
2023-04-06, 05:35:46, 132.25, 52.0, 19.0, 26.0, 9999.0, 1.25, 1.5, 19.5, 9999.0, 9999.0, 9999.0, 121.0, 124.75, 120.5, 104.25, 135.5
2023-04-06, 05:35:50, 132.25, 52.0, 19.25, 26.0, 9999.0, 1.25, 1.5, 19.5, 9999.0, 9999.0, 9999.0, 121.0, 124.5, 120.5, 104.25, 135.25
2023-04-06, 05:35:54, 132.5, 52.0, 19.0, 25.75, 9999.0, 1.0, 1.5, 19.5, 9999.0, 9999.0, 9999.0, 121.0, 124.5, 120.5, 104.25, 135.25
2023-04-06, 05:35:58, 132.5, 52.0, 19.0, 26.0, 9999.0, 1.0, 1.5, 19.5, 9999.0, 9999.0, 9999.0, 120.75, 124.5, 120.5, 104.25, 135.25
2023-04-06, 05:36:02, 132.5, 52.0, 19.25, 26.0, 9999.0, 1.0, 1.5, 19.5, 9999.0, 9999.0, 9999.0, 120.75, 124.5, 120.5, 104.25, 135.25
2023-04-06, 05:36:06, 132.5, 52.0, 19.0, 26.0, 9999.0, 1.0, 1.5, 19.5, 9999.0, 9999.0, 9999.0, 120.75, 124.5, 120.5, 104.25, 135.25
2023-04-06, 05:36:10, 132.5, 52.0, 19.0, 26.0, 9999.0, 1.25, 1.25, 19.5, 9999.0, 9999.0, 9999.0, 120.75, 124.5, 120.5, 104.25, 135.25
2023-04-06, 05:36:14, 132.5, 52.0, 19.0, 26.25, 9999.0, 1.25, 1.25, 19.5, 9999.0, 9999.0, 9999.0, 120.75, 124.5, 120.5, 104.25, 135.25
2023-04-06, 05:36:18, 132.5, 52.0, 19.0, 26.25, 9999.0, 1.25, 1.25, 19.5, 9999.0, 9999.0, 9999.0, 120.75, 124.5, 120.5, 104.25, 135.25
2023-04-06, 05:36:22, 132.5, 52.0, 19.25, 26.25, 9999.0, 1.5, 1.5, 19.5, 9999.0, 9999.0, 9999.0, 120.5, 124.5, 120.5, 104.25, 135.25
2023-04-06, 05:36:26, 132.5, 52.0, 19.25, 26.25, 9999.0, 1.5, 1.5, 19.5, 9999.0, 9999.0, 9999.0, 121.5, 124.5, 120.5, 104.25, 135.25
2023-04-06, 05:36:30, 132.5, 52.0, 19.0, 26.25, 9999.0, 1.5, 1.5, 19.5, 9999.0, 9999.0, 9999.0, 121.25, 124.5, 120.5, 104.25, 135.25
2023-04-06, 05:36:35, 132.5, 52.0, 19.0, 26.25, 9999.0, 1.25, 1.5, 19.5, 9999.0, 9999.0, 9999.0, 121.25, 124.5, 120.5, 104.25, 135.25
2023-04-06, 05:36:39, 132.5, 52.0, 19.0, 26.25, 9999.0, 1.25, 1.5, 19.5, 9999.0, 9999.0, 9999.0, 121.25, 124.5, 120.5, 104.25, 135.25
2023-04-06, 05:36:43, 132.5, 52.0, 19.25, 26.25, 9999.0, 1.25, 1.5, 19.75, 9999.0, 9999.0, 9999.0, 121.25, 124.5, 120.5, 104.25, 135.25
2023-04-06, 05:36:47, 132.5, 52.0, 19.0, 26.0, 9999.0, 1.25, 1.5, 19.5, 9999.0, 9999.0, 9999.0, 121.25, 124.5, 120.5, 104.25, 135.25
2023-04-06, 05:36:51, 132.5, 52.0, 19.0, 26.0, 9999.0, 1.25, 1.5, 19.5, 9999.0, 9999.0, 9999.0, 121.0, 124.5, 120.5, 104.25, 135.25
2023-04-06, 05:36:55, 132.5, 52.0, 19.0, 26.25, 9999.0, 1.25, 1.5, 19.5, 9999.0, 9999.0, 9999.0, 121.0, 124.5, 120.5, 104.25, 135.25
2023-04-06, 05:36:59, 132.5, 52.0, 19.0, 26.25, 9999.0, 1.25, 1.25, 19.75, 9999.0, 9999.0, 9999.0, 121.0, 124.5, 120.5, 104.25, 135.25
2023-04-06, 05:37:03, 132.5, 52.0, 19.25, 26.25, 9999.0, 1.25, 1.5, 19.5, 9999.0, 9999.0, 9999.0, 121.0, 124.5, 120.5, 104.25, 135.25
2023-04-06, 05:37:07, 132.5, 52.0, 19.0, 26.25, 9999.0, 1.25, 1.5, 19.5, 9999.0, 9999.0, 9999.0, 121.0, 124.75, 120.5, 104.25, 135.25
2023-04-06, 05:37:11, 132.5, 52.0, 19.0, 26.25, 9999.0, 1.0, 1.5, 19.75, 9999.0, 9999.0, 9999.0, 121.0, 124.5, 120.5, 104.25, 135.25
2023-04-06, 05:37:15, 132.5, 52.0, 19.0, 26.25, 9999.0, 1.0, 1.5, 19.5, 9999.0, 9999.0, 9999.0, 121.0, 124.5, 120.5, 104.25, 135.25
2023-04-06, 05:37:19, 132.5, 52.0, 19.0, 26.0, 9999.0, 1.0, 1.5, 19.5, 9999.0, 9999.0, 9999.0, 121.0, 124.5, 120.5, 104.25, 135.25
2023-04-06, 05:37:23, 132.5, 52.0, 19.25, 26.0, 9999.0, 1.0, 1.5, 19.5, 9999.0, 9999.0, 9999.0, 120.75, 124.5, 120.5, 104.25, 135.25
2023-04-06, 05:37:27, 132.5, 52.0, 19.25, 25.75, 9999.0, 1.0, 1.5, 19.75, 9999.0, 9999.0, 9999.0, 120.75, 124.5, 120.5, 104.25, 135.25
2023-04-06, 05:37:31, 132.5, 52.0, 19.0, 26.0, 9999.0, 1.25, 1.25, 19.5, 9999.0, 9999.0, 9999.0, 120.75, 124.5, 120.5, 104.25, 135.25
2023-04-06, 05:37:35, 132.5, 52.0, 19.0, 25.75, 9999.0, 1.25, 1.25, 19.5, 9999.0, 9999.0, 9999.0, 120.75, 124.5, 120.5, 104.25, 135.25
2023-04-06, 05:37:39, 132.5, 52.0, 19.0, 25.75, 9999.0, 1.25, 1.5, 19.75, 9999.0, 9999.0, 9999.0, 120.75, 124.5, 120.5, 104.25, 135.25
2023-04-06, 05:37:43, 132.5, 52.0, 19.0, 26.0, 9999.0, 1.5, 1.5, 19.5, 9999.0, 9999.0, 9999.0, 120.75, 124.5, 120.5, 104.25, 135.25
2023-04-06, 05:37:47, 132.5, 52.0, 19.25, 26.0, 9999.0, 1.5, 1.5, 19.5, 9999.0, 9999.0, 9999.0, 121.5, 124.5, 120.5, 104.25, 135.25
2023-04-06, 05:37:51, 132.5, 52.0, 19.0, 26.0, 9999.0, 1.5, 1.5, 19.75, 9999.0, 9999.0, 9999.0, 121.5, 124.5, 120.5, 104.25, 135.25
2023-04-06, 05:37:55, 132.5, 52.0, 19.0, 26.25, 9999.0, 1.5, 1.5, 19.5, 9999.0, 9999.0, 9999.0, 121.25, 124.5, 120.5, 104.25, 135.25
2023-04-06, 05:37:59, 132.5, 52.0, 19.0, 26.25, 9999.0, 1.25, 1.5, 19.5, 9999.0, 9999.0, 9999.0, 121.25, 124.5, 120.5, 104.25, 135.25
2023-04-06, 05:38:03, 132.5, 52.0, 19.0, 26.25, 9999.0, 1.25, 1.5, 19.5, 9999.0, 9999.0, 9999.0, 121.25, 124.5, 120.5, 104.25, 135.25
2023-04-06, 05:38:07, 132.5, 52.0, 19.0, 26.25, 9999.0, 1.25, 1.5, 19.75, 9999.0, 9999.0, 9999.0, 121.25, 124.5, 120.5, 104.25, 135.25
2023-04-06, 05:38:11, 132.5, 52.0, 19.0, 26.0, 9999.0, 1.25, 1.5, 19.5, 9999.0, 9999.0, 9999.0, 121.0, 124.5, 120.5, 104.25, 135.25
2023-04-06, 05:38:15, 132.5, 52.0, 19.0, 26.0, 9999.0, 1.25, 1.5, 19.75, 9999.0, 9999.0, 9999.0, 121.0, 124.5, 120.5, 104.25, 135.25
2023-04-06, 05:38:19, 132.5, 52.0, 19.25, 26.0, 9999.0, 1.25, 1.5, 19.5, 9999.0, 9999.0, 9999.0, 121.0, 124.75, 120.5, 104.25, 135.25
2023-04-06, 05:38:23, 132.5, 52.0, 19.25, 26.25, 9999.0, 1.25, 1.5, 19.5, 9999.0, 9999.0, 9999.0, 121.0, 124.75, 120.5, 104.25, 135.25
2023-04-06, 05:38:27, 132.5, 52.0, 19.25, 26.0, 9999.0, 1.25, 1.5, 19.5, 9999.0, 9999.0, 9999.0, 121.25, 124.5, 120.5, 104.25, 135.25
2023-04-06, 05:38:31, 132.5, 52.0, 19.0, 26.0, 9999.0, 1.25, 1.5, 19.5, 9999.0, 9999.0, 9999.0, 121.0, 124.5, 120.5, 104.25, 135.5
2023-04-06, 05:38:35, 132.5, 52.0, 19.25, 26.25, 9999.0, 1.0, 1.5, 19.5, 9999.0, 9999.0, 9999.0, 121.0, 124.5, 120.5, 104.25, 135.25
2023-04-06, 05:38:39, 132.5, 52.0, 19.25, 26.25, 9999.0, 1.0, 1.5, 19.5, 9999.0, 9999.0, 9999.0, 121.0, 124.5, 120.5, 104.25, 135.25
2023-04-06, 05:38:43, 132.5, 52.0, 19.25, 26.0, 9999.0, 1.0, 1.5, 19.5, 9999.0, 9999.0, 9999.0, 120.75, 124.5, 120.5, 104.25, 135.25
2023-04-06, 05:38:47, 132.5, 52.0, 19.25, 26.0, 9999.0, 1.0, 1.5, 19.75, 9999.0, 9999.0, 9999.0, 120.75, 124.5, 120.5, 104.25, 135.25
2023-04-06, 05:38:51, 132.5, 52.0, 19.25, 26.0, 9999.0, 1.25, 1.5, 19.75, 9999.0, 9999.0, 9999.0, 120.75, 124.5, 120.5, 104.25, 135.25
2023-04-06, 05:38:55, 132.5, 52.0, 19.25, 26.25, 9999.0, 1.25, 1.5, 19.75, 9999.0, 9999.0, 9999.0, 120.75, 124.5, 120.5, 104.25, 135.5
2023-04-06, 05:38:59, 132.5, 52.0, 19.25, 26.0, 9999.0, 1.25, 1.5, 19.75, 9999.0, 9999.0, 9999.0, 120.75, 124.5, 120.5, 104.25, 135.25
2023-04-06, 05:39:03, 132.5, 52.0, 19.25, 26.25, 9999.0, 1.5, 1.5, 19.75, 9999.0, 9999.0, 9999.0, 120.75, 124.5, 120.5, 104.25, 135.25
2023-04-06, 05:39:07, 132.5, 52.0, 19.0, 26.25, 9999.0, 1.5, 1.5, 19.75, 9999.0, 9999.0, 9999.0, 121.5, 124.5, 120.5, 104.25, 135.25
2023-04-06, 05:39:11, 132.5, 52.0, 19.25, 26.25, 9999.0, 1.5, 1.5, 19.75, 9999.0, 9999.0, 9999.0, 121.5, 124.5, 120.5, 104.25, 135.25
2023-04-06, 05:39:15, 132.5, 52.0, 19.25, 26.25, 9999.0, 1.5, 1.5, 19.75, 9999.0, 9999.0, 9999.0, 121.25, 124.5, 120.5, 104.25, 135.25
2023-04-06, 05:39:19, 132.5, 52.0, 19.0, 26.25, 9999.0, 1.25, 1.5, 19.75, 9999.0, 9999.0, 9999.0, 121.25, 124.5, 120.5, 104.25, 135.25
2023-04-06, 05:39:23, 132.5, 52.0, 19.25, 26.25, 9999.0, 1.25, 1.5, 19.75, 9999.0, 9999.0, 9999.0, 121.25, 124.5, 120.5, 104.25, 135.25
2023-04-06, 05:39:27, 132.5, 52.0, 19.25, 26.25, 9999.0, 1.25, 1.5, 19.75, 9999.0, 9999.0, 9999.0, 121.25, 124.5, 120.5, 104.25, 135.25
2023-04-06, 05:39:31, 132.5, 52.0, 19.25, 26.25, 9999.0, 1.25, 1.5, 19.5, 9999.0, 9999.0, 9999.0, 121.0, 124.5, 120.5, 104.25, 135.25
2023-04-06, 05:39:35, 132.5, 52.0, 19.25, 26.25, 9999.0, 1.25, 1.5, 19.5, 9999.0, 9999.0, 9999.0, 121.25, 124.5, 120.5, 104.25, 135.25
2023-04-06, 05:39:39, 132.5, 52.0, 19.25, 26.0, 9999.0, 1.25, 1.5, 19.75, 9999.0, 9999.0, 9999.0, 121.0, 124.75, 120.5, 104.25, 135.25
2023-04-06, 05:39:43, 132.5, 52.0, 19.25, 26.0, 9999.0, 1.25, 1.5, 19.5, 9999.0, 9999.0, 9999.0, 121.0, 124.75, 120.5, 104.25, 135.5
2023-04-06, 05:39:47, 132.5, 52.0, 19.0, 26.0, 9999.0, 1.25, 1.5, 19.75, 9999.0, 9999.0, 9999.0, 121.0, 124.75, 120.5, 104.25, 135.25
2023-04-06, 05:39:51, 132.5, 52.0, 19.25, 26.25, 9999.0, 1.25, 1.5, 19.5, 9999.0, 9999.0, 9999.0, 121.0, 124.75, 120.5, 104.25, 135.5
2023-04-06, 05:39:55, 132.5, 52.0, 19.25, 26.0, 9999.0, 1.25, 1.5, 19.75, 9999.0, 9999.0, 9999.0, 121.0, 124.5, 120.5, 104.25, 135.25
2023-04-06, 05:39:59, 132.5, 52.25, 19.25, 26.0, 9999.0, 1.25, 1.5, 19.75, 9999.0, 9999.0, 9999.0, 121.0, 124.75, 120.5, 104.25, 135.5
2023-04-06, 05:40:03, 132.5, 52.0, 19.25, 26.25, 9999.0, 1.0, 1.5, 19.75, 9999.0, 9999.0, 9999.0, 121.0, 124.5, 120.5, 104.25, 135.25
2023-04-06, 05:40:07, 132.5, 52.0, 19.25, 26.25, 9999.0, 1.0, 1.5, 19.75, 9999.0, 9999.0, 9999.0, 120.75, 124.5, 120.5, 104.25, 135.25
2023-04-06, 05:40:11, 132.5, 52.0, 19.25, 26.25, 9999.0, 1.25, 1.5, 19.75, 9999.0, 9999.0, 9999.0, 120.75, 124.5, 120.5, 104.25, 135.5
2023-04-06, 05:40:15, 132.5, 52.0, 19.25, 26.0, 9999.0, 1.25, 1.5, 19.75, 9999.0, 9999.0, 9999.0, 120.75, 124.5, 120.5, 104.25, 135.5
2023-04-06, 05:40:19, 132.5, 52.0, 19.25, 26.0, 9999.0, 1.25, 1.5, 19.75, 9999.0, 9999.0, 9999.0, 120.75, 124.5, 120.5, 104.25, 135.25
2023-04-06, 05:40:23, 132.5, 52.0, 19.25, 26.25, 9999.0, 1.5, 1.5, 19.75, 9999.0, 9999.0, 9999.0, 120.75, 124.5, 120.5, 104.25, 135.25
2023-04-06, 05:40:27, 132.5, 52.0, 19.25, 26.25, 9999.0, 1.5, 1.5, 19.75, 9999.0, 9999.0, 9999.0, 121.5, 124.5, 120.5, 104.25, 135.5
2023-04-06, 05:40:31, 132.5, 52.0, 19.25, 26.25, 9999.0, 1.5, 1.5, 19.75, 9999.0, 9999.0, 9999.0, 121.5, 124.5, 120.5, 104.25, 135.25
2023-04-06, 05:40:35, 132.5, 52.0, 19.25, 26.0, 9999.0, 1.5, 1.5, 19.75, 9999.0, 9999.0, 9999.0, 121.5, 124.5, 120.5, 104.25, 135.5
2023-04-06, 05:40:39, 132.5, 52.25, 19.25, 26.0, 9999.0, 1.25, 1.5, 19.75, 9999.0, 9999.0, 9999.0, 121.5, 124.5, 120.5, 104.25, 135.5
2023-04-06, 05:40:43, 132.5, 52.25, 19.25, 26.25, 9999.0, 1.5, 1.5, 19.5, 9999.0, 9999.0, 9999.0, 121.25, 124.5, 120.5, 104.25, 135.25
2023-04-06, 05:40:47, 132.5, 52.0, 19.25, 26.25, 9999.0, 1.25, 1.5, 19.75, 9999.0, 9999.0, 9999.0, 121.25, 124.5, 120.5, 104.25, 135.5
2023-04-06, 05:40:51, 132.75, 52.25, 19.25, 25.75, 9999.0, 1.25, 1.5, 19.75, 9999.0, 9999.0, 9999.0, 121.25, 124.5, 120.5, 104.25, 135.5
2023-04-06, 05:40:55, 132.5, 52.25, 19.0, 26.0, 9999.0, 1.25, 1.5, 19.75, 9999.0, 9999.0, 9999.0, 121.25, 124.5, 120.5, 104.25, 135.25
2023-04-06, 05:40:59, 132.5, 52.25, 19.25, 26.0, 9999.0, 1.25, 1.5, 19.75, 9999.0, 9999.0, 9999.0, 121.25, 124.75, 120.5, 104.25, 135.25
2023-04-06, 05:41:04, 132.75, 52.0, 19.0, 26.0, 9999.0, 1.25, 1.5, 19.75, 9999.0, 9999.0, 9999.0, 121.25, 124.75, 120.5, 104.25, 135.25
2023-04-06, 05:41:08, 132.5, 52.25, 19.25, 26.0, 9999.0, 1.25, 1.5, 19.75, 9999.0, 9999.0, 9999.0, 121.0, 124.5, 120.5, 104.25, 135.5
2023-04-06, 05:41:12, 132.5, 52.0, 19.25, 25.75, 9999.0, 1.25, 1.5, 19.75, 9999.0, 9999.0, 9999.0, 121.0, 124.75, 120.5, 104.25, 135.5
2023-04-06, 05:41:16, 132.5, 52.25, 19.25, 25.75, 9999.0, 1.25, 1.5, 19.5, 9999.0, 9999.0, 9999.0, 121.0, 124.75, 120.5, 104.25, 135.5
2023-04-06, 05:41:20, 132.5, 52.25, 19.25, 25.75, 9999.0, 1.25, 1.5, 19.75, 9999.0, 9999.0, 9999.0, 121.0, 124.75, 120.5, 104.25, 135.5
2023-04-06, 05:41:24, 132.5, 52.25, 19.25, 26.0, 9999.0, 1.25, 1.5, 19.75, 9999.0, 9999.0, 9999.0, 121.0, 124.5, 120.5, 104.25, 135.25
2023-04-06, 05:41:28, 132.75, 52.0, 19.25, 26.0, 9999.0, 1.25, 1.5, 19.75, 9999.0, 9999.0, 9999.0, 120.75, 124.5, 120.75, 104.25, 135.25
2023-04-06, 05:41:32, 132.5, 52.25, 19.25, 26.0, 9999.0, 1.25, 1.5, 19.75, 9999.0, 9999.0, 9999.0, 120.75, 124.5, 120.5, 104.25, 135.5
2023-04-06, 05:41:36, 132.5, 52.25, 19.25, 26.0, 9999.0, 1.25, 1.5, 19.75, 9999.0, 9999.0, 9999.0, 120.75, 124.5, 120.75, 104.25, 135.5
2023-04-06, 05:41:40, 132.75, 52.25, 19.25, 26.0, 9999.0, 1.25, 1.5, 19.75, 9999.0, 9999.0, 9999.0, 120.75, 124.5, 120.5, 104.25, 135.25
2023-04-06, 05:41:44, 132.75, 52.25, 19.25, 26.0, 9999.0, 1.5, 1.5, 19.75, 9999.0, 9999.0, 9999.0, 120.75, 124.5, 120.5, 104.25, 135.5
2023-04-06, 05:41:48, 132.5, 52.0, 19.25, 26.0, 9999.0, 1.5, 1.5, 19.75, 9999.0, 9999.0, 9999.0, 121.5, 124.5, 120.75, 104.25, 135.5
2023-04-06, 05:41:52, 132.75, 52.25, 19.25, 26.0, 9999.0, 1.5, 1.5, 19.75, 9999.0, 9999.0, 9999.0, 121.5, 124.5, 120.5, 104.25, 135.5
2023-04-06, 05:41:56, 132.75, 52.25, 19.25, 26.0, 9999.0, 1.5, 1.5, 19.75, 9999.0, 9999.0, 9999.0, 121.5, 124.5, 120.5, 104.25, 135.5
2023-04-06, 05:42:00, 132.5, 52.25, 19.25, 26.25, 9999.0, 1.5, 1.5, 19.75, 9999.0, 9999.0, 9999.0, 121.25, 124.5, 120.75, 104.25, 135.25
2023-04-06, 05:42:04, 132.75, 52.25, 19.25, 26.25, 9999.0, 1.25, 1.5, 19.75, 9999.0, 9999.0, 9999.0, 121.25, 124.5, 120.5, 104.25, 135.5
2023-04-06, 05:42:08, 132.5, 52.0, 19.25, 26.25, 9999.0, 1.5, 1.5, 19.75, 9999.0, 9999.0, 9999.0, 121.25, 124.5, 120.5, 104.25, 135.5
2023-04-06, 05:42:12, 132.5, 52.25, 19.25, 26.25, 9999.0, 1.25, 1.5, 19.75, 9999.0, 9999.0, 9999.0, 121.25, 124.5, 120.5, 104.25, 135.5
2023-04-06, 05:42:16, 132.75, 52.0, 19.25, 26.25, 9999.0, 1.25, 1.5, 19.75, 9999.0, 9999.0, 9999.0, 121.25, 124.5, 120.5, 104.25, 135.5
2023-04-06, 05:42:20, 132.75, 52.25, 19.0, 26.25, 9999.0, 1.25, 1.5, 19.75, 9999.0, 9999.0, 9999.0, 121.25, 124.75, 120.5, 104.25, 135.5
2023-04-06, 05:42:24, 132.5, 52.25, 19.0, 26.25, 9999.0, 1.25, 1.5, 19.75, 9999.0, 9999.0, 9999.0, 121.25, 124.75, 120.5, 104.25, 135.5
2023-04-06, 05:42:28, 132.5, 52.25, 19.25, 26.25, 9999.0, 1.25, 1.5, 19.75, 9999.0, 9999.0, 9999.0, 121.25, 124.75, 120.5, 104.25, 135.5
2023-04-06, 05:42:32, 132.75, 52.25, 19.25, 26.25, 9999.0, 1.25, 1.5, 19.75, 9999.0, 9999.0, 9999.0, 121.0, 124.75, 120.5, 104.25, 135.5
2023-04-06, 05:42:36, 132.5, 52.25, 19.25, 26.0, 9999.0, 1.25, 1.5, 19.75, 9999.0, 9999.0, 9999.0, 121.0, 124.75, 120.5, 104.25, 135.5
2023-04-06, 05:42:40, 132.75, 52.25, 19.25, 26.25, 9999.0, 1.25, 1.5, 19.75, 9999.0, 9999.0, 9999.0, 121.0, 124.75, 120.5, 104.25, 135.5
2023-04-06, 05:42:44, 132.75, 52.25, 19.25, 26.25, 9999.0, 1.25, 1.5, 19.75, 9999.0, 9999.0, 9999.0, 121.0, 124.5, 120.5, 104.25, 135.5
2023-04-06, 05:42:48, 132.75, 52.25, 19.25, 26.25, 9999.0, 1.25, 1.5, 19.75, 9999.0, 9999.0, 9999.0, 121.0, 124.5, 120.75, 104.25, 135.5
2023-04-06, 05:42:52, 132.75, 52.25, 19.25, 26.0, 9999.0, 1.25, 1.5, 19.75, 9999.0, 9999.0, 9999.0, 120.75, 124.5, 120.5, 104.25, 135.5
2023-04-06, 05:42:56, 132.75, 52.25, 19.25, 25.75, 9999.0, 1.25, 1.5, 19.75, 9999.0, 9999.0, 9999.0, 120.75, 124.75, 120.5, 104.25, 135.5
2023-04-06, 05:43:00, 132.5, 52.25, 19.25, 26.0, 9999.0, 1.25, 1.5, 19.75, 9999.0, 9999.0, 9999.0, 120.75, 124.5, 120.5, 104.25, 135.25
2023-04-06, 05:43:04, 132.75, 52.25, 19.25, 26.0, 9999.0, 1.5, 1.5, 19.75, 9999.0, 9999.0, 9999.0, 120.75, 124.5, 120.5, 104.25, 135.5
2023-04-06, 05:43:08, 132.75, 52.25, 19.25, 26.0, 9999.0, 1.5, 1.5, 19.75, 9999.0, 9999.0, 9999.0, 120.75, 124.5, 120.5, 104.25, 135.5
2023-04-06, 05:43:12, 132.75, 52.25, 19.25, 26.0, 9999.0, 1.5, 1.5, 19.75, 9999.0, 9999.0, 9999.0, 121.5, 124.5, 120.5, 104.25, 135.5
2023-04-06, 05:43:16, 132.75, 52.25, 19.25, 26.0, 9999.0, 1.5, 1.5, 19.75, 9999.0, 9999.0, 9999.0, 121.5, 124.5, 120.5, 104.25, 135.25
2023-04-06, 05:43:20, 132.75, 52.25, 19.25, 25.75, 9999.0, 1.5, 1.5, 19.75, 9999.0, 9999.0, 9999.0, 121.25, 124.5, 120.5, 104.25, 135.5
2023-04-06, 05:43:24, 132.75, 52.25, 19.25, 26.0, 9999.0, 1.25, 1.5, 19.75, 9999.0, 9999.0, 9999.0, 121.5, 124.5, 120.5, 104.25, 135.5
2023-04-06, 05:43:28, 132.75, 52.25, 19.25, 26.25, 9999.0, 1.5, 1.5, 19.75, 9999.0, 9999.0, 9999.0, 121.25, 124.5, 120.5, 104.25, 135.5
2023-04-06, 05:43:32, 132.75, 52.25, 19.25, 26.25, 9999.0, 1.5, 1.5, 19.75, 9999.0, 9999.0, 9999.0, 121.25, 124.5, 120.5, 104.25, 135.5
2023-04-06, 05:43:36, 132.75, 52.25, 19.25, 26.25, 9999.0, 1.5, 1.5, 19.75, 9999.0, 9999.0, 9999.0, 121.25, 124.5, 120.5, 104.25, 135.5
2023-04-06, 05:43:40, 132.75, 52.25, 19.25, 26.25, 9999.0, 1.25, 1.5, 19.75, 9999.0, 9999.0, 9999.0, 121.25, 124.75, 120.5, 104.25, 135.5
2023-04-06, 05:43:44, 132.75, 52.25, 19.25, 26.25, 9999.0, 1.25, 1.5, 19.75, 9999.0, 9999.0, 9999.0, 121.25, 124.75, 120.5, 104.25, 135.5
2023-04-06, 05:43:48, 132.75, 52.25, 19.25, 26.25, 9999.0, 1.25, 1.5, 19.75, 9999.0, 9999.0, 9999.0, 121.25, 124.75, 120.5, 104.25, 135.5
2023-04-06, 05:43:52, 132.75, 52.25, 19.25, 26.25, 9999.0, 1.25, 1.5, 19.75, 9999.0, 9999.0, 9999.0, 121.0, 124.75, 120.5, 104.25, 135.5
2023-04-06, 05:43:56, 132.75, 52.25, 19.5, 26.25, 9999.0, 1.25, 1.5, 19.75, 9999.0, 9999.0, 9999.0, 121.0, 124.75, 120.5, 104.25, 135.5
2023-04-06, 05:44:00, 132.75, 52.25, 19.25, 26.25, 9999.0, 1.25, 1.5, 19.75, 9999.0, 9999.0, 9999.0, 121.0, 124.75, 120.5, 104.5, 135.5
2023-04-06, 05:44:04, 132.75, 52.25, 19.25, 26.25, 9999.0, 1.0, 1.5, 19.75, 9999.0, 9999.0, 9999.0, 121.0, 124.5, 120.5, 104.25, 135.5
2023-04-06, 05:44:08, 132.75, 52.25, 19.25, 26.25, 9999.0, 1.25, 1.5, 19.75, 9999.0, 9999.0, 9999.0, 121.0, 124.5, 120.75, 104.25, 135.5
2023-04-06, 05:44:12, 132.75, 52.25, 19.25, 26.25, 9999.0, 1.25, 1.5, 19.75, 9999.0, 9999.0, 9999.0, 121.0, 124.5, 120.75, 104.25, 135.5
2023-04-06, 05:44:16, 132.75, 52.25, 19.25, 26.25, 9999.0, 1.25, 1.5, 19.75, 9999.0, 9999.0, 9999.0, 121.0, 124.5, 120.5, 104.25, 135.5
2023-04-06, 05:44:20, 132.75, 52.25, 19.25, 26.25, 9999.0, 1.25, 1.5, 19.75, 9999.0, 9999.0, 9999.0, 120.75, 124.5, 120.5, 104.25, 135.5
2023-04-06, 05:44:24, 132.75, 52.25, 19.25, 26.25, 9999.0, 1.5, 1.5, 19.75, 9999.0, 9999.0, 9999.0, 120.75, 124.5, 120.5, 104.25, 135.5
2023-04-06, 05:44:28, 132.75, 52.25, 19.25, 26.25, 9999.0, 1.5, 1.5, 19.75, 9999.0, 9999.0, 9999.0, 120.75, 124.75, 120.5, 104.5, 135.5
2023-04-06, 05:44:32, 132.75, 52.25, 19.5, 26.25, 9999.0, 1.5, 1.5, 19.75, 9999.0, 9999.0, 9999.0, 121.5, 124.5, 120.5, 104.25, 135.5
2023-04-06, 05:44:36, 132.75, 52.25, 19.25, 26.0, 9999.0, 1.5, 1.5, 19.75, 9999.0, 9999.0, 9999.0, 121.5, 124.5, 120.5, 104.25, 135.5
2023-04-06, 05:44:40, 132.75, 52.25, 19.25, 26.0, 9999.0, 1.5, 1.75, 19.75, 9999.0, 9999.0, 9999.0, 121.5, 124.5, 120.5, 104.5, 135.5
2023-04-06, 05:44:44, 132.75, 52.25, 19.25, 26.25, 9999.0, 1.5, 1.5, 19.75, 9999.0, 9999.0, 9999.0, 121.5, 124.5, 120.5, 104.25, 135.5
2023-04-06, 05:44:49, 132.75, 52.25, 19.5, 26.25, 9999.0, 1.5, 1.75, 19.75, 9999.0, 9999.0, 9999.0, 121.25, 124.5, 120.5, 104.25, 135.5
2023-04-06, 05:44:52, 132.75, 52.25, 19.25, 26.25, 9999.0, 1.5, 1.75, 19.75, 9999.0, 9999.0, 9999.0, 121.25, 124.5, 120.5, 104.25, 135.5
2023-04-06, 05:44:56, 132.75, 52.25, 19.25, 26.25, 9999.0, 1.25, 1.5, 19.75, 9999.0, 9999.0, 9999.0, 121.25, 124.5, 120.5, 104.5, 135.5
2023-04-06, 05:45:00, 132.75, 52.25, 19.25, 26.25, 9999.0, 1.25, 1.5, 19.75, 9999.0, 9999.0, 9999.0, 121.25, 124.5, 120.5, 104.25, 135.5
2023-04-06, 05:45:04, 132.75, 52.25, 19.25, 26.25, 9999.0, 1.25, 1.5, 19.75, 9999.0, 9999.0, 9999.0, 121.25, 124.75, 120.5, 104.25, 135.5
2023-04-06, 05:45:08, 132.75, 52.25, 19.25, 26.25, 9999.0, 1.25, 1.5, 19.75, 9999.0, 9999.0, 9999.0, 121.25, 124.75, 120.5, 104.25, 135.5
2023-04-06, 05:45:12, 132.75, 52.25, 19.25, 26.25, 9999.0, 1.25, 1.5, 19.75, 9999.0, 9999.0, 9999.0, 121.25, 124.75, 120.75, 104.25, 135.5
2023-04-06, 05:45:16, 132.75, 52.25, 19.25, 26.25, 9999.0, 1.25, 1.5, 19.75, 9999.0, 9999.0, 9999.0, 121.0, 124.75, 120.5, 104.5, 135.5
2023-04-06, 05:45:20, 132.75, 52.25, 19.25, 26.25, 9999.0, 1.25, 1.75, 19.75, 9999.0, 9999.0, 9999.0, 121.25, 124.75, 120.5, 104.25, 135.5
2023-04-06, 05:45:24, 132.75, 52.25, 19.5, 26.25, 9999.0, 1.25, 1.5, 19.75, 9999.0, 9999.0, 9999.0, 121.0, 124.75, 120.5, 104.25, 135.5
2023-04-06, 05:45:29, 132.75, 52.25, 19.5, 26.25, 9999.0, 1.25, 1.5, 19.75, 9999.0, 9999.0, 9999.0, 121.0, 124.5, 120.5, 104.25, 135.5
2023-04-06, 05:45:33, 132.75, 52.25, 19.5, 26.25, 9999.0, 1.25, 1.5, 19.75, 9999.0, 9999.0, 9999.0, 121.0, 124.75, 120.5, 104.25, 135.5
2023-04-06, 05:45:37, 132.75, 52.25, 19.25, 26.25, 9999.0, 1.5, 1.5, 19.75, 9999.0, 9999.0, 9999.0, 121.0, 124.5, 120.5, 104.25, 135.5
2023-04-06, 05:45:41, 132.75, 52.25, 19.25, 26.0, 9999.0, 1.5, 1.5, 19.75, 9999.0, 9999.0, 9999.0, 120.75, 124.5, 120.75, 104.25, 135.5
2023-04-06, 05:45:45, 132.75, 52.25, 19.25, 26.0, 9999.0, 1.5, 1.5, 19.75, 9999.0, 9999.0, 9999.0, 120.75, 124.5, 120.5, 104.5, 135.5
2023-04-06, 05:45:49, 132.75, 52.25, 19.25, 26.0, 9999.0, 1.5, 1.75, 20.0, 9999.0, 9999.0, 9999.0, 120.75, 124.5, 120.5, 104.5, 135.5
2023-04-06, 05:45:53, 132.75, 52.25, 19.25, 26.25, 9999.0, 1.5, 1.5, 20.0, 9999.0, 9999.0, 9999.0, 121.5, 124.5, 120.5, 104.5, 135.5
2023-04-06, 05:45:57, 132.75, 52.5, 19.25, 26.25, 9999.0, 1.5, 1.75, 20.0, 9999.0, 9999.0, 9999.0, 121.5, 124.5, 120.5, 104.5, 135.5
2023-04-06, 05:46:01, 132.75, 52.25, 19.5, 26.25, 9999.0, 1.5, 1.75, 20.0, 9999.0, 9999.0, 9999.0, 121.5, 124.75, 120.5, 104.5, 135.5
2023-04-06, 05:46:05, 132.75, 52.25, 19.25, 26.0, 9999.0, 1.5, 1.75, 19.75, 9999.0, 9999.0, 9999.0, 121.5, 124.5, 120.5, 104.5, 135.5
2023-04-06, 05:46:09, 132.75, 52.25, 19.25, 26.25, 9999.0, 1.5, 1.75, 19.75, 9999.0, 9999.0, 9999.0, 121.25, 124.5, 120.5, 104.5, 135.5
2023-04-06, 05:46:13, 132.75, 52.25, 19.5, 26.25, 9999.0, 1.5, 1.75, 19.75, 9999.0, 9999.0, 9999.0, 121.25, 124.5, 120.5, 104.5, 135.5
2023-04-06, 05:46:17, 132.75, 52.25, 19.5, 26.25, 9999.0, 1.5, 1.75, 20.0, 9999.0, 9999.0, 9999.0, 121.25, 124.5, 120.5, 104.5, 135.5
2023-04-06, 05:46:21, 132.75, 52.25, 19.25, 26.0, 9999.0, 1.5, 1.75, 19.75, 9999.0, 9999.0, 9999.0, 121.25, 124.75, 120.5, 104.5, 135.5
2023-04-06, 05:46:25, 132.75, 52.25, 19.25, 26.25, 9999.0, 1.5, 1.75, 19.75, 9999.0, 9999.0, 9999.0, 121.25, 124.75, 120.5, 104.25, 135.5
2023-04-06, 05:46:29, 132.75, 52.25, 19.5, 26.25, 9999.0, 1.25, 1.75, 20.0, 9999.0, 9999.0, 9999.0, 121.25, 124.75, 120.5, 104.5, 135.5
2023-04-06, 05:46:33, 132.75, 52.5, 19.5, 26.25, 9999.0, 1.25, 1.75, 19.75, 9999.0, 9999.0, 9999.0, 121.25, 124.75, 120.5, 104.5, 135.5
2023-04-06, 05:46:37, 132.75, 52.25, 19.5, 26.25, 9999.0, 1.25, 1.75, 20.0, 9999.0, 9999.0, 9999.0, 121.25, 124.75, 120.5, 104.5, 135.5
2023-04-06, 05:46:41, 132.75, 52.25, 19.25, 26.25, 9999.0, 1.25, 1.75, 19.75, 9999.0, 9999.0, 9999.0, 121.25, 124.75, 120.5, 104.5, 135.5
2023-04-06, 05:46:45, 132.75, 52.25, 19.5, 26.25, 9999.0, 1.25, 1.75, 19.75, 9999.0, 9999.0, 9999.0, 121.0, 124.75, 120.5, 104.5, 135.5
2023-04-06, 05:46:49, 132.75, 52.5, 19.25, 26.25, 9999.0, 1.25, 1.75, 20.0, 9999.0, 9999.0, 9999.0, 121.0, 124.75, 120.5, 104.5, 135.5
2023-04-06, 05:46:53, 132.75, 52.5, 19.5, 26.25, 9999.0, 1.25, 1.75, 19.75, 9999.0, 9999.0, 9999.0, 121.0, 124.75, 120.5, 104.5, 135.5
2023-04-06, 05:46:57, 132.75, 52.5, 19.25, 26.25, 9999.0, 1.5, 1.5, 20.0, 9999.0, 9999.0, 9999.0, 121.0, 124.75, 120.5, 104.5, 135.5
2023-04-06, 05:47:01, 132.75, 52.25, 19.5, 26.25, 9999.0, 1.5, 1.5, 20.0, 9999.0, 9999.0, 9999.0, 121.0, 124.75, 120.75, 104.5, 135.5
2023-04-06, 05:47:05, 132.75, 52.5, 19.5, 26.25, 9999.0, 1.5, 1.75, 20.0, 9999.0, 9999.0, 9999.0, 120.75, 124.75, 120.75, 104.5, 135.5
2023-04-06, 05:47:09, 132.75, 52.5, 19.5, 26.25, 9999.0, 1.75, 1.75, 20.0, 9999.0, 9999.0, 9999.0, 120.75, 124.75, 120.5, 104.5, 135.5
2023-04-06, 05:47:13, 132.75, 52.5, 19.5, 26.25, 9999.0, 1.75, 1.75, 20.0, 9999.0, 9999.0, 9999.0, 121.5, 124.5, 120.5, 104.5, 135.5
2023-04-06, 05:47:17, 132.75, 52.5, 19.5, 26.0, 9999.0, 1.5, 1.75, 20.0, 9999.0, 9999.0, 9999.0, 121.5, 124.75, 120.5, 104.5, 135.5
2023-04-06, 05:47:21, 132.75, 52.5, 19.5, 26.0, 9999.0, 1.5, 1.75, 20.0, 9999.0, 9999.0, 9999.0, 121.5, 124.5, 120.5, 104.5, 135.5
2023-04-06, 05:47:25, 132.75, 52.5, 19.5, 26.25, 9999.0, 1.5, 1.75, 20.0, 9999.0, 9999.0, 9999.0, 121.5, 124.5, 120.75, 104.5, 135.5
2023-04-06, 05:47:29, 132.75, 52.25, 19.5, 26.25, 9999.0, 1.5, 1.75, 20.0, 9999.0, 9999.0, 9999.0, 121.25, 124.5, 120.5, 104.25, 135.5
2023-04-06, 05:47:33, 132.75, 52.5, 19.5, 26.25, 9999.0, 1.5, 1.75, 20.0, 9999.0, 9999.0, 9999.0, 121.25, 124.5, 120.75, 104.25, 135.5
2023-04-06, 05:47:37, 132.75, 52.25, 19.5, 26.25, 9999.0, 1.5, 1.75, 20.0, 9999.0, 9999.0, 9999.0, 121.25, 124.5, 120.5, 104.25, 135.5
2023-04-06, 05:47:41, 132.75, 52.5, 19.25, 26.25, 9999.0, 1.5, 1.75, 19.75, 9999.0, 9999.0, 9999.0, 121.25, 124.5, 120.5, 104.5, 135.5
2023-04-06, 05:47:45, 132.75, 52.5, 19.25, 26.25, 9999.0, 1.5, 1.75, 19.75, 9999.0, 9999.0, 9999.0, 121.25, 124.75, 120.5, 104.25, 135.5
2023-04-06, 05:47:49, 133.0, 52.5, 19.25, 26.25, 9999.0, 1.5, 1.75, 20.0, 9999.0, 9999.0, 9999.0, 121.25, 124.75, 120.5, 104.5, 135.75
2023-04-06, 05:47:53, 133.0, 52.5, 19.5, 26.25, 9999.0, 1.5, 1.75, 19.75, 9999.0, 9999.0, 9999.0, 121.25, 124.75, 120.5, 104.5, 135.5
2023-04-06, 05:47:57, 133.0, 52.25, 19.25, 26.25, 9999.0, 1.5, 1.75, 20.0, 9999.0, 9999.0, 9999.0, 121.25, 124.75, 120.5, 104.25, 135.5
2023-04-06, 05:48:01, 132.75, 52.25, 19.5, 26.25, 9999.0, 1.5, 1.75, 20.0, 9999.0, 9999.0, 9999.0, 121.0, 124.75, 120.5, 104.25, 135.5
2023-04-06, 05:48:05, 133.0, 52.25, 19.5, 26.25, 9999.0, 1.5, 1.75, 20.0, 9999.0, 9999.0, 9999.0, 121.0, 124.75, 120.5, 104.5, 135.5
2023-04-06, 05:48:09, 132.75, 52.5, 19.5, 26.25, 9999.0, 1.25, 1.75, 20.0, 9999.0, 9999.0, 9999.0, 121.0, 124.5, 120.5, 104.5, 135.75
2023-04-06, 05:48:13, 132.75, 52.25, 19.25, 26.0, 9999.0, 1.25, 1.75, 20.0, 9999.0, 9999.0, 9999.0, 121.0, 124.75, 120.75, 104.5, 135.5
2023-04-06, 05:48:17, 132.75, 52.5, 19.5, 26.0, 9999.0, 1.5, 1.75, 19.75, 9999.0, 9999.0, 9999.0, 121.0, 124.75, 120.75, 104.5, 135.5
2023-04-06, 05:48:21, 132.75, 52.5, 19.25, 26.0, 9999.0, 1.5, 1.75, 20.0, 9999.0, 9999.0, 9999.0, 120.75, 124.75, 120.75, 104.25, 135.5
2023-04-06, 05:48:25, 132.75, 52.25, 19.5, 26.25, 9999.0, 1.5, 1.75, 19.75, 9999.0, 9999.0, 9999.0, 121.0, 124.75, 120.75, 104.5, 135.5
2023-04-06, 05:48:29, 132.75, 52.25, 19.25, 26.25, 9999.0, 1.5, 1.75, 20.0, 9999.0, 9999.0, 9999.0, 120.75, 124.5, 120.75, 104.25, 135.5
2023-04-06, 05:48:33, 132.75, 52.25, 19.5, 26.25, 9999.0, 1.75, 1.75, 20.0, 9999.0, 9999.0, 9999.0, 121.5, 124.5, 120.75, 104.5, 135.5
2023-04-06, 05:48:37, 132.75, 52.25, 19.5, 26.25, 9999.0, 1.75, 1.75, 19.75, 9999.0, 9999.0, 9999.0, 121.5, 124.5, 120.5, 104.5, 135.5
2023-04-06, 05:48:41, 132.75, 52.5, 19.5, 26.25, 9999.0, 1.5, 1.75, 19.75, 9999.0, 9999.0, 9999.0, 121.5, 124.5, 120.5, 104.5, 135.5
2023-04-06, 05:48:45, 132.75, 52.25, 19.25, 26.25, 9999.0, 1.5, 1.75, 20.0, 9999.0, 9999.0, 9999.0, 121.5, 124.5, 120.5, 104.5, 135.5
2023-04-06, 05:48:49, 132.75, 52.25, 19.5, 26.25, 9999.0, 1.5, 1.75, 20.0, 9999.0, 9999.0, 9999.0, 121.5, 124.5, 120.5, 104.5, 135.5
2023-04-06, 05:48:53, 132.75, 52.25, 19.25, 26.25, 9999.0, 1.5, 1.75, 19.75, 9999.0, 9999.0, 9999.0, 121.25, 124.5, 120.75, 104.5, 135.5
2023-04-06, 05:48:57, 132.75, 52.25, 19.25, 26.25, 9999.0, 1.5, 1.75, 19.75, 9999.0, 9999.0, 9999.0, 121.25, 124.5, 120.5, 104.5, 135.5
2023-04-06, 05:49:01, 132.75, 52.5, 19.5, 26.25, 9999.0, 1.5, 1.75, 19.75, 9999.0, 9999.0, 9999.0, 121.25, 124.5, 120.5, 104.5, 135.5
2023-04-06, 05:49:05, 132.75, 52.25, 19.5, 26.25, 9999.0, 1.5, 1.75, 19.75, 9999.0, 9999.0, 9999.0, 121.25, 124.75, 120.75, 104.5, 135.5
2023-04-06, 05:49:09, 132.75, 52.25, 19.25, 26.25, 9999.0, 1.5, 1.75, 20.0, 9999.0, 9999.0, 9999.0, 121.25, 124.75, 120.5, 104.5, 135.5
2023-04-06, 05:49:13, 132.75, 52.25, 19.25, 26.25, 9999.0, 1.5, 1.75, 20.0, 9999.0, 9999.0, 9999.0, 121.25, 124.75, 120.5, 104.5, 135.5
2023-04-06, 05:49:17, 132.75, 52.25, 19.5, 26.25, 9999.0, 1.5, 1.75, 20.0, 9999.0, 9999.0, 9999.0, 121.0, 124.75, 120.5, 104.25, 135.5
2023-04-06, 05:49:21, 132.75, 52.25, 19.25, 26.25, 9999.0, 1.25, 1.75, 20.0, 9999.0, 9999.0, 9999.0, 121.25, 124.75, 120.5, 104.5, 135.5
2023-04-06, 05:49:25, 133.0, 52.5, 19.25, 26.25, 9999.0, 1.25, 1.75, 19.75, 9999.0, 9999.0, 9999.0, 121.0, 124.5, 120.5, 104.25, 135.5
2023-04-06, 05:49:29, 132.75, 52.5, 19.25, 26.25, 9999.0, 1.25, 1.75, 20.0, 9999.0, 9999.0, 9999.0, 121.0, 124.5, 120.5, 104.25, 135.5
2023-04-06, 05:49:33, 132.75, 52.25, 19.25, 26.25, 9999.0, 1.25, 1.75, 20.0, 9999.0, 9999.0, 9999.0, 121.0, 124.5, 120.75, 104.25, 135.5
2023-04-06, 05:49:37, 132.75, 52.25, 19.5, 26.25, 9999.0, 1.5, 1.75, 20.0, 9999.0, 9999.0, 9999.0, 121.0, 124.5, 120.5, 104.5, 135.5
2023-04-06, 05:49:41, 132.75, 52.5, 19.5, 26.25, 9999.0, 1.5, 1.75, 20.0, 9999.0, 9999.0, 9999.0, 121.0, 124.5, 120.5, 104.25, 135.5
2023-04-06, 05:49:45, 132.75, 52.25, 19.5, 26.25, 9999.0, 1.5, 1.75, 20.0, 9999.0, 9999.0, 9999.0, 120.75, 124.5, 120.5, 104.5, 135.75
2023-04-06, 05:49:49, 132.75, 52.25, 19.5, 26.25, 9999.0, 1.75, 1.75, 19.75, 9999.0, 9999.0, 9999.0, 120.75, 124.5, 120.5, 104.5, 135.5
2023-04-06, 05:49:54, 132.75, 52.25, 19.5, 26.0, 9999.0, 1.75, 1.75, 20.0, 9999.0, 9999.0, 9999.0, 121.75, 124.5, 120.5, 104.5, 135.5
2023-04-06, 05:49:58, 132.75, 52.5, 19.25, 26.25, 9999.0, 1.75, 1.75, 20.0, 9999.0, 9999.0, 9999.0, 121.5, 124.5, 120.5, 104.5, 135.5
2023-04-06, 05:50:02, 132.75, 52.25, 19.25, 26.25, 9999.0, 1.5, 1.75, 20.0, 9999.0, 9999.0, 9999.0, 121.5, 124.5, 120.5, 104.5, 135.5
2023-04-06, 05:50:06, 132.75, 52.5, 19.25, 26.25, 9999.0, 1.5, 1.75, 20.0, 9999.0, 9999.0, 9999.0, 121.5, 124.5, 120.5, 104.25, 135.5
2023-04-06, 05:50:10, 132.75, 52.5, 19.5, 26.25, 9999.0, 1.5, 1.75, 20.0, 9999.0, 9999.0, 9999.0, 121.25, 124.5, 120.5, 104.25, 135.5
2023-04-06, 05:50:14, 132.75, 52.25, 19.5, 26.25, 9999.0, 1.5, 1.75, 20.0, 9999.0, 9999.0, 9999.0, 121.25, 124.5, 120.5, 104.25, 135.5
2023-04-06, 05:50:18, 132.75, 52.5, 19.25, 26.25, 9999.0, 1.5, 1.75, 20.0, 9999.0, 9999.0, 9999.0, 121.25, 124.5, 120.5, 104.5, 135.5
2023-04-06, 05:50:22, 132.75, 52.5, 19.5, 26.5, 9999.0, 1.5, 1.75, 20.0, 9999.0, 9999.0, 9999.0, 121.25, 124.5, 120.5, 104.5, 135.5
2023-04-06, 05:50:26, 132.75, 52.5, 19.25, 26.25, 9999.0, 1.5, 1.75, 20.0, 9999.0, 9999.0, 9999.0, 121.25, 124.5, 120.5, 104.5, 135.5
2023-04-06, 05:50:30, 133.0, 52.5, 19.25, 26.25, 9999.0, 1.5, 1.75, 20.0, 9999.0, 9999.0, 9999.0, 121.25, 124.5, 120.5, 104.5, 135.5
2023-04-06, 05:50:34, 132.75, 52.5, 19.25, 26.25, 9999.0, 1.5, 1.75, 20.0, 9999.0, 9999.0, 9999.0, 121.25, 124.5, 120.5, 104.25, 135.5
2023-04-06, 05:50:38, 132.75, 52.5, 19.25, 26.25, 9999.0, 1.5, 1.75, 20.0, 9999.0, 9999.0, 9999.0, 121.25, 124.5, 120.5, 104.5, 135.5
2023-04-06, 05:50:42, 132.75, 52.5, 19.25, 26.0, 9999.0, 1.5, 1.75, 20.0, 9999.0, 9999.0, 9999.0, 121.25, 124.5, 120.5, 104.5, 135.5
2023-04-06, 05:50:46, 132.75, 52.5, 19.25, 26.25, 9999.0, 1.5, 1.75, 20.0, 9999.0, 9999.0, 9999.0, 121.0, 124.5, 120.5, 104.25, 135.5
2023-04-06, 05:50:50, 132.75, 52.25, 19.25, 26.25, 9999.0, 1.25, 1.75, 20.0, 9999.0, 9999.0, 9999.0, 121.0, 124.75, 120.5, 104.5, 135.5
2023-04-06, 05:50:54, 132.75, 52.5, 19.5, 26.25, 9999.0, 1.25, 1.75, 19.75, 9999.0, 9999.0, 9999.0, 121.0, 124.5, 120.5, 104.5, 135.5
2023-04-06, 05:50:58, 132.75, 52.5, 19.5, 26.25, 9999.0, 1.5, 1.75, 19.75, 9999.0, 9999.0, 9999.0, 121.0, 124.5, 120.5, 104.5, 135.5
2023-04-06, 05:51:02, 132.75, 52.5, 19.25, 26.25, 9999.0, 1.5, 1.75, 20.0, 9999.0, 9999.0, 9999.0, 121.0, 124.5, 120.75, 104.5, 135.5
2023-04-06, 05:51:06, 132.75, 52.5, 19.25, 26.0, 9999.0, 1.5, 1.75, 20.0, 9999.0, 9999.0, 9999.0, 120.75, 124.5, 120.5, 104.25, 135.5
2023-04-06, 05:51:10, 132.75, 52.5, 19.25, 26.0, 9999.0, 1.75, 1.75, 20.0, 9999.0, 9999.0, 9999.0, 120.75, 124.5, 120.75, 104.25, 135.5
2023-04-06, 05:51:14, 133.0, 52.5, 19.25, 26.0, 9999.0, 1.75, 1.75, 20.0, 9999.0, 9999.0, 9999.0, 121.5, 124.5, 120.5, 104.25, 135.5
2023-04-06, 05:51:18, 132.75, 52.5, 19.5, 26.25, 9999.0, 1.5, 1.75, 20.0, 9999.0, 9999.0, 9999.0, 121.5, 124.5, 120.5, 104.25, 135.5
2023-04-06, 05:51:22, 132.75, 52.25, 19.5, 26.25, 9999.0, 1.5, 1.75, 20.0, 9999.0, 9999.0, 9999.0, 121.5, 124.5, 120.5, 104.5, 135.5
2023-04-06, 05:51:26, 132.75, 52.25, 19.25, 26.25, 9999.0, 1.5, 1.75, 20.0, 9999.0, 9999.0, 9999.0, 121.5, 124.5, 120.5, 104.5, 135.5
2023-04-06, 05:51:30, 132.75, 52.25, 19.25, 26.25, 9999.0, 1.5, 1.75, 20.0, 9999.0, 9999.0, 9999.0, 121.5, 124.5, 120.5, 104.5, 135.5
2023-04-06, 05:51:34, 132.75, 52.25, 19.25, 26.25, 9999.0, 1.5, 1.75, 20.0, 9999.0, 9999.0, 9999.0, 121.25, 124.25, 120.5, 104.5, 135.5
2023-04-06, 05:51:38, 132.75, 52.25, 19.5, 26.25, 9999.0, 1.5, 1.75, 20.0, 9999.0, 9999.0, 9999.0, 121.25, 124.5, 120.5, 104.5, 135.5
2023-04-06, 05:51:42, 132.75, 52.25, 19.25, 26.25, 9999.0, 1.5, 1.75, 20.0, 9999.0, 9999.0, 9999.0, 121.25, 124.25, 120.5, 104.5, 135.5
2023-04-06, 05:51:46, 132.75, 52.5, 19.25, 26.25, 9999.0, 1.5, 1.75, 20.0, 9999.0, 9999.0, 9999.0, 121.25, 124.5, 120.5, 104.5, 135.5
2023-04-06, 05:51:50, 132.75, 52.5, 19.25, 26.25, 9999.0, 1.5, 1.75, 20.0, 9999.0, 9999.0, 9999.0, 121.25, 124.75, 120.5, 104.5, 135.5
2023-04-06, 05:51:54, 132.75, 52.5, 19.25, 26.25, 9999.0, 1.5, 1.75, 20.0, 9999.0, 9999.0, 9999.0, 121.25, 124.75, 120.5, 104.5, 135.5
2023-04-06, 05:51:58, 132.75, 52.25, 19.25, 26.25, 9999.0, 1.5, 1.75, 20.0, 9999.0, 9999.0, 9999.0, 121.25, 124.5, 120.5, 104.25, 135.5
2023-04-06, 05:52:02, 132.75, 52.25, 19.25, 26.25, 9999.0, 1.5, 1.75, 20.0, 9999.0, 9999.0, 9999.0, 121.0, 124.5, 120.5, 104.25, 135.5
2023-04-06, 05:52:06, 132.75, 52.5, 19.25, 26.25, 9999.0, 1.25, 1.75, 20.0, 9999.0, 9999.0, 9999.0, 121.0, 124.5, 120.5, 104.5, 135.5
2023-04-06, 05:52:10, 132.75, 52.25, 19.5, 26.25, 9999.0, 1.25, 1.75, 20.0, 9999.0, 9999.0, 9999.0, 121.0, 124.5, 120.5, 104.25, 135.5
2023-04-06, 05:52:14, 132.75, 52.25, 19.5, 26.25, 9999.0, 1.25, 1.75, 20.0, 9999.0, 9999.0, 9999.0, 121.0, 124.5, 120.75, 104.25, 135.5
2023-04-06, 05:52:18, 132.75, 52.5, 19.5, 26.25, 9999.0, 1.5, 1.75, 20.0, 9999.0, 9999.0, 9999.0, 121.0, 124.5, 120.5, 104.25, 135.5
2023-04-06, 05:52:22, 132.75, 52.25, 19.25, 26.25, 9999.0, 1.5, 1.75, 20.0, 9999.0, 9999.0, 9999.0, 121.0, 124.5, 120.5, 104.25, 135.5
2023-04-06, 05:52:26, 132.75, 52.5, 19.25, 26.25, 9999.0, 1.5, 1.75, 20.0, 9999.0, 9999.0, 9999.0, 121.0, 124.5, 120.75, 104.25, 135.5
2023-04-06, 05:52:30, 132.75, 52.25, 19.25, 26.25, 9999.0, 1.75, 1.75, 20.0, 9999.0, 9999.0, 9999.0, 120.75, 124.5, 120.5, 104.25, 135.5
2023-04-06, 05:52:34, 132.75, 52.25, 19.25, 26.25, 9999.0, 1.75, 1.75, 20.0, 9999.0, 9999.0, 9999.0, 121.5, 124.5, 120.5, 104.25, 135.5
2023-04-06, 05:52:38, 132.75, 52.25, 19.25, 26.25, 9999.0, 1.75, 1.75, 20.0, 9999.0, 9999.0, 9999.0, 121.5, 124.5, 120.5, 104.25, 135.5
2023-04-06, 05:52:42, 132.75, 52.25, 19.25, 26.0, 9999.0, 1.75, 1.75, 20.0, 9999.0, 9999.0, 9999.0, 121.5, 124.5, 120.5, 104.25, 135.5
2023-04-06, 05:52:46, 132.75, 52.25, 19.25, 26.0, 9999.0, 1.5, 1.5, 20.0, 9999.0, 9999.0, 9999.0, 121.5, 124.5, 120.5, 104.25, 135.5
2023-04-06, 05:52:50, 132.75, 52.25, 19.25, 26.25, 9999.0, 1.5, 1.75, 19.75, 9999.0, 9999.0, 9999.0, 121.5, 124.5, 120.5, 104.25, 135.5
2023-04-06, 05:52:54, 132.75, 52.25, 19.25, 26.25, 9999.0, 1.5, 1.75, 20.0, 9999.0, 9999.0, 9999.0, 121.5, 124.5, 120.5, 104.25, 135.5
2023-04-06, 05:52:58, 132.75, 52.25, 19.25, 26.25, 9999.0, 1.5, 1.75, 20.0, 9999.0, 9999.0, 9999.0, 121.25, 124.5, 120.5, 104.25, 135.5
2023-04-06, 05:53:02, 132.75, 52.25, 19.25, 26.25, 9999.0, 1.5, 1.75, 19.75, 9999.0, 9999.0, 9999.0, 121.25, 124.5, 120.5, 104.25, 135.5
2023-04-06, 05:53:06, 132.75, 52.25, 19.25, 26.25, 9999.0, 1.5, 1.75, 20.0, 9999.0, 9999.0, 9999.0, 121.25, 124.5, 120.5, 104.25, 135.5
2023-04-06, 05:53:10, 132.75, 52.25, 19.25, 26.25, 9999.0, 1.5, 1.75, 19.75, 9999.0, 9999.0, 9999.0, 121.25, 124.75, 120.5, 104.25, 135.5
2023-04-06, 05:53:14, 132.75, 52.25, 19.25, 26.25, 9999.0, 1.5, 1.75, 20.0, 9999.0, 9999.0, 9999.0, 121.25, 124.5, 120.5, 104.25, 135.5
2023-04-06, 05:53:18, 132.75, 52.25, 19.25, 26.25, 9999.0, 1.25, 1.75, 20.0, 9999.0, 9999.0, 9999.0, 121.25, 124.75, 120.5, 104.25, 135.5
2023-04-06, 05:53:22, 132.75, 52.25, 19.25, 26.25, 9999.0, 1.5, 1.75, 20.0, 9999.0, 9999.0, 9999.0, 121.25, 124.5, 120.5, 104.25, 135.5
2023-04-06, 05:53:26, 132.75, 52.25, 19.25, 26.5, 9999.0, 1.25, 1.75, 19.75, 9999.0, 9999.0, 9999.0, 121.0, 124.5, 120.5, 104.25, 135.5
2023-04-06, 05:53:30, 132.75, 52.25, 19.25, 26.25, 9999.0, 1.25, 1.75, 20.0, 9999.0, 9999.0, 9999.0, 121.0, 124.5, 120.5, 104.25, 135.5
2023-04-06, 05:53:34, 132.75, 52.25, 19.25, 26.25, 9999.0, 1.25, 1.5, 20.0, 9999.0, 9999.0, 9999.0, 121.0, 124.5, 120.5, 104.25, 135.5
2023-04-06, 05:53:38, 132.75, 52.25, 19.25, 26.25, 9999.0, 1.5, 1.75, 20.0, 9999.0, 9999.0, 9999.0, 121.0, 124.5, 120.5, 104.25, 135.5
2023-04-06, 05:53:42, 132.75, 52.25, 19.25, 26.5, 9999.0, 1.5, 1.75, 19.75, 9999.0, 9999.0, 9999.0, 121.0, 124.5, 120.5, 104.25, 135.5
2023-04-06, 05:53:46, 132.75, 52.25, 19.0, 26.25, 9999.0, 1.5, 1.5, 19.75, 9999.0, 9999.0, 9999.0, 121.0, 124.5, 120.5, 104.25, 135.5
2023-04-06, 05:53:50, 132.75, 52.25, 19.25, 26.25, 9999.0, 1.75, 1.75, 20.0, 9999.0, 9999.0, 9999.0, 120.75, 124.5, 120.5, 104.25, 135.5
2023-04-06, 05:53:54, 132.75, 52.25, 19.25, 26.25, 9999.0, 1.75, 1.75, 19.75, 9999.0, 9999.0, 9999.0, 121.5, 124.5, 120.5, 104.25, 135.5
2023-04-06, 05:53:58, 132.75, 52.25, 19.25, 26.0, 9999.0, 1.5, 1.75, 20.0, 9999.0, 9999.0, 9999.0, 121.5, 124.5, 120.5, 104.25, 135.5
2023-04-06, 05:54:02, 132.75, 52.25, 19.25, 26.25, 9999.0, 1.5, 1.75, 20.0, 9999.0, 9999.0, 9999.0, 121.5, 124.5, 120.5, 104.25, 135.5
2023-04-06, 05:54:06, 132.75, 52.25, 19.25, 26.25, 9999.0, 1.5, 1.5, 20.0, 9999.0, 9999.0, 9999.0, 121.5, 124.5, 120.5, 104.25, 135.5
2023-04-06, 05:54:10, 132.75, 52.25, 19.25, 26.25, 9999.0, 1.5, 1.75, 19.75, 9999.0, 9999.0, 9999.0, 121.25, 124.5, 120.5, 104.25, 135.5
2023-04-06, 05:54:14, 132.75, 52.25, 19.25, 26.25, 9999.0, 1.5, 1.5, 20.0, 9999.0, 9999.0, 9999.0, 121.25, 124.5, 120.5, 104.25, 135.5
2023-04-06, 05:54:18, 132.75, 52.25, 19.25, 26.25, 9999.0, 1.5, 1.75, 19.75, 9999.0, 9999.0, 9999.0, 121.25, 124.25, 120.5, 104.25, 135.5
2023-04-06, 05:54:23, 132.75, 52.25, 19.25, 26.25, 9999.0, 1.5, 1.75, 19.75, 9999.0, 9999.0, 9999.0, 121.25, 124.25, 120.5, 104.25, 135.5
2023-04-06, 05:54:27, 132.75, 52.25, 19.25, 26.25, 9999.0, 1.5, 1.75, 19.75, 9999.0, 9999.0, 9999.0, 121.25, 124.5, 120.5, 104.25, 135.5
2023-04-06, 05:54:31, 132.75, 52.25, 19.25, 26.25, 9999.0, 1.5, 1.5, 19.75, 9999.0, 9999.0, 9999.0, 121.25, 124.5, 120.5, 104.25, 135.5
2023-04-06, 05:54:35, 132.75, 52.25, 19.25, 26.25, 9999.0, 1.5, 1.75, 19.75, 9999.0, 9999.0, 9999.0, 121.25, 124.5, 120.5, 104.25, 135.5
2023-04-06, 05:54:39, 132.75, 52.25, 19.25, 26.25, 9999.0, 1.25, 1.75, 19.75, 9999.0, 9999.0, 9999.0, 121.0, 124.5, 120.5, 104.25, 135.5
2023-04-06, 05:54:43, 132.75, 52.25, 19.25, 26.25, 9999.0, 1.25, 1.75, 19.75, 9999.0, 9999.0, 9999.0, 121.0, 124.5, 120.5, 104.25, 135.5
2023-04-06, 05:54:47, 132.75, 52.25, 19.25, 26.25, 9999.0, 1.25, 1.5, 19.75, 9999.0, 9999.0, 9999.0, 121.0, 124.5, 120.5, 104.25, 135.5
2023-04-06, 05:54:51, 132.75, 52.25, 19.25, 26.25, 9999.0, 1.25, 1.5, 19.75, 9999.0, 9999.0, 9999.0, 120.75, 124.5, 120.5, 104.25, 135.5
2023-04-06, 05:54:55, 132.75, 52.25, 19.25, 26.25, 9999.0, 1.25, 1.5, 19.75, 9999.0, 9999.0, 9999.0, 120.75, 124.5, 120.5, 104.25, 135.5
2023-04-06, 05:54:59, 132.75, 52.25, 19.25, 26.0, 9999.0, 1.5, 1.5, 19.75, 9999.0, 9999.0, 9999.0, 120.75, 124.5, 120.5, 104.25, 135.5
2023-04-06, 05:55:03, 132.75, 52.0, 19.25, 26.0, 9999.0, 1.5, 1.5, 19.75, 9999.0, 9999.0, 9999.0, 120.75, 124.5, 120.5, 104.25, 135.5
2023-04-06, 05:55:07, 132.75, 52.0, 19.0, 26.0, 9999.0, 1.5, 1.5, 19.75, 9999.0, 9999.0, 9999.0, 120.75, 124.5, 120.5, 104.0, 135.25
2023-04-06, 05:55:11, 132.75, 52.25, 19.25, 26.0, 9999.0, 1.5, 1.75, 19.75, 9999.0, 9999.0, 9999.0, 120.75, 124.25, 120.5, 104.25, 135.25
2023-04-06, 05:55:15, 132.75, 52.0, 19.25, 26.0, 9999.0, 1.5, 1.5, 19.75, 9999.0, 9999.0, 9999.0, 121.5, 124.25, 120.5, 104.25, 135.5
2023-04-06, 05:55:19, 132.75, 52.0, 19.25, 26.0, 9999.0, 1.5, 1.5, 19.75, 9999.0, 9999.0, 9999.0, 121.5, 124.25, 120.5, 104.25, 135.5
2023-04-06, 05:55:23, 132.75, 52.0, 19.0, 26.0, 9999.0, 1.5, 1.5, 19.75, 9999.0, 9999.0, 9999.0, 121.5, 124.25, 120.5, 104.25, 135.25
2023-04-06, 05:55:27, 132.75, 52.25, 19.0, 26.0, 9999.0, 1.5, 1.5, 19.75, 9999.0, 9999.0, 9999.0, 121.25, 124.25, 120.5, 104.25, 135.5
2023-04-06, 05:55:31, 132.75, 52.0, 19.0, 26.25, 9999.0, 1.5, 1.5, 19.75, 9999.0, 9999.0, 9999.0, 121.25, 124.25, 120.5, 104.25, 135.25
2023-04-06, 05:55:35, 132.5, 52.25, 19.25, 26.0, 9999.0, 1.5, 1.5, 19.75, 9999.0, 9999.0, 9999.0, 121.25, 124.25, 120.5, 104.0, 135.25
2023-04-06, 05:55:39, 132.75, 52.0, 19.25, 26.25, 9999.0, 1.25, 1.5, 19.75, 9999.0, 9999.0, 9999.0, 121.25, 124.25, 120.5, 104.25, 135.5
2023-04-06, 05:55:43, 132.5, 52.0, 19.0, 26.0, 9999.0, 1.25, 1.5, 19.75, 9999.0, 9999.0, 9999.0, 121.25, 124.25, 120.5, 104.0, 135.25
2023-04-06, 05:55:47, 132.75, 52.0, 19.0, 26.25, 9999.0, 1.25, 1.5, 19.75, 9999.0, 9999.0, 9999.0, 121.25, 124.5, 120.5, 104.25, 135.5
2023-04-06, 05:55:51, 132.75, 52.0, 19.0, 26.0, 9999.0, 1.25, 1.5, 19.75, 9999.0, 9999.0, 9999.0, 121.0, 124.5, 120.5, 104.25, 135.5
2023-04-06, 05:55:55, 132.75, 52.0, 19.25, 26.0, 9999.0, 1.25, 1.5, 19.75, 9999.0, 9999.0, 9999.0, 121.0, 124.5, 120.5, 104.0, 135.25
2023-04-06, 05:55:59, 132.5, 52.0, 19.0, 26.0, 9999.0, 1.25, 1.5, 19.75, 9999.0, 9999.0, 9999.0, 121.0, 124.5, 120.5, 104.0, 135.25
2023-04-06, 05:56:03, 132.5, 52.0, 19.0, 26.0, 9999.0, 1.25, 1.5, 19.75, 9999.0, 9999.0, 9999.0, 121.0, 124.5, 120.5, 104.0, 135.5
2023-04-06, 05:56:07, 132.75, 52.25, 19.25, 26.0, 9999.0, 1.25, 1.5, 19.75, 9999.0, 9999.0, 9999.0, 121.0, 124.5, 120.5, 104.0, 135.25
2023-04-06, 05:56:11, 132.75, 52.25, 19.0, 26.0, 9999.0, 1.25, 1.5, 19.75, 9999.0, 9999.0, 9999.0, 120.75, 124.5, 120.5, 104.0, 135.25
2023-04-06, 05:56:15, 132.5, 52.0, 19.0, 26.25, 9999.0, 1.0, 1.5, 19.75, 9999.0, 9999.0, 9999.0, 120.75, 124.5, 120.5, 104.0, 135.25
2023-04-06, 05:56:19, 132.5, 52.0, 19.0, 26.25, 9999.0, 1.25, 1.5, 19.75, 9999.0, 9999.0, 9999.0, 120.75, 124.25, 120.5, 104.0, 135.25
2023-04-06, 05:56:23, 132.5, 52.0, 19.0, 26.0, 9999.0, 1.25, 1.5, 19.75, 9999.0, 9999.0, 9999.0, 120.75, 124.25, 120.5, 104.0, 135.25
2023-04-06, 05:56:27, 132.5, 52.0, 19.25, 26.0, 9999.0, 1.25, 1.5, 19.75, 9999.0, 9999.0, 9999.0, 120.75, 124.25, 120.5, 104.25, 135.25
2023-04-06, 05:56:31, 132.5, 52.0, 19.0, 26.0, 9999.0, 1.5, 1.5, 19.75, 9999.0, 9999.0, 9999.0, 120.75, 124.5, 120.5, 104.0, 135.25
2023-04-06, 05:56:35, 132.5, 52.0, 19.0, 26.25, 9999.0, 1.5, 1.5, 19.75, 9999.0, 9999.0, 9999.0, 121.5, 124.25, 120.5, 104.0, 135.25
2023-04-06, 05:56:39, 132.5, 52.0, 19.0, 26.0, 9999.0, 1.5, 1.5, 19.75, 9999.0, 9999.0, 9999.0, 121.5, 124.25, 120.5, 104.0, 135.25
2023-04-06, 05:56:43, 132.5, 52.0, 19.0, 26.0, 9999.0, 1.25, 1.5, 19.75, 9999.0, 9999.0, 9999.0, 121.25, 124.25, 120.25, 104.25, 135.25
2023-04-06, 05:56:47, 132.5, 52.0, 19.25, 26.25, 9999.0, 1.5, 1.5, 19.75, 9999.0, 9999.0, 9999.0, 121.25, 124.25, 120.5, 104.25, 135.25
2023-04-06, 05:56:51, 132.5, 52.0, 19.0, 26.0, 9999.0, 1.5, 1.5, 19.5, 9999.0, 9999.0, 9999.0, 121.25, 124.25, 120.25, 104.0, 135.25
2023-04-06, 05:56:55, 132.5, 52.0, 19.0, 26.0, 9999.0, 1.25, 1.5, 19.5, 9999.0, 9999.0, 9999.0, 121.25, 124.25, 120.5, 104.0, 135.25
2023-04-06, 05:56:59, 132.5, 52.0, 19.0, 26.25, 9999.0, 1.25, 1.5, 19.5, 9999.0, 9999.0, 9999.0, 121.0, 124.25, 120.5, 104.25, 135.25
2023-04-06, 05:57:03, 132.5, 52.0, 19.0, 26.0, 9999.0, 1.25, 1.5, 19.5, 9999.0, 9999.0, 9999.0, 121.0, 124.25, 120.5, 104.25, 135.25
2023-04-06, 05:57:07, 132.5, 52.0, 19.0, 26.0, 9999.0, 1.25, 1.5, 19.75, 9999.0, 9999.0, 9999.0, 121.0, 124.5, 120.5, 104.0, 135.25
2023-04-06, 05:57:11, 132.5, 52.0, 19.0, 26.0, 9999.0, 1.25, 1.5, 19.75, 9999.0, 9999.0, 9999.0, 121.0, 124.5, 120.5, 104.0, 135.25
2023-04-06, 05:57:15, 132.5, 52.0, 19.0, 26.0, 9999.0, 1.25, 1.5, 19.5, 9999.0, 9999.0, 9999.0, 121.0, 124.5, 120.5, 104.0, 135.5
2023-04-06, 05:57:19, 132.5, 52.0, 19.0, 26.0, 9999.0, 1.25, 1.5, 19.75, 9999.0, 9999.0, 9999.0, 121.0, 124.25, 120.5, 104.0, 135.25
2023-04-06, 05:57:23, 132.5, 52.0, 19.0, 26.0, 9999.0, 1.0, 1.5, 19.5, 9999.0, 9999.0, 9999.0, 121.0, 124.5, 120.5, 104.0, 135.25
2023-04-06, 05:57:27, 132.5, 52.0, 19.0, 26.0, 9999.0, 1.25, 1.5, 19.5, 9999.0, 9999.0, 9999.0, 121.0, 124.5, 120.5, 104.25, 135.25
2023-04-06, 05:57:31, 132.5, 52.0, 19.0, 26.0, 9999.0, 1.0, 1.25, 19.75, 9999.0, 9999.0, 9999.0, 120.75, 124.25, 120.5, 104.0, 135.25
2023-04-06, 05:57:35, 132.5, 52.0, 19.0, 26.0, 9999.0, 1.0, 1.5, 19.5, 9999.0, 9999.0, 9999.0, 120.75, 124.25, 120.5, 104.0, 135.25
2023-04-06, 05:57:39, 132.5, 52.0, 19.0, 26.25, 9999.0, 1.25, 1.5, 19.75, 9999.0, 9999.0, 9999.0, 120.75, 124.25, 120.5, 104.25, 135.25
2023-04-06, 05:57:43, 132.5, 52.0, 19.0, 26.0, 9999.0, 1.25, 1.5, 19.75, 9999.0, 9999.0, 9999.0, 120.75, 124.25, 120.5, 104.0, 135.25
2023-04-06, 05:57:47, 132.5, 52.0, 19.0, 26.0, 9999.0, 1.5, 1.5, 19.5, 9999.0, 9999.0, 9999.0, 120.5, 124.25, 120.5, 104.0, 135.25
2023-04-06, 05:57:51, 132.5, 52.0, 19.0, 26.0, 9999.0, 1.5, 1.5, 19.75, 9999.0, 9999.0, 9999.0, 120.5, 124.25, 120.5, 104.0, 135.25
2023-04-06, 05:57:55, 132.5, 52.0, 19.0, 26.25, 9999.0, 1.25, 1.5, 19.75, 9999.0, 9999.0, 9999.0, 121.5, 124.25, 120.5, 104.0, 135.25
2023-04-06, 05:57:59, 132.5, 52.0, 19.0, 26.25, 9999.0, 1.5, 1.5, 19.75, 9999.0, 9999.0, 9999.0, 121.5, 124.25, 120.25, 104.0, 135.25
2023-04-06, 05:58:03, 132.5, 52.0, 19.0, 26.25, 9999.0, 1.25, 1.5, 19.5, 9999.0, 9999.0, 9999.0, 121.25, 124.25, 120.25, 104.0, 135.25
2023-04-06, 05:58:07, 132.5, 52.0, 19.0, 26.25, 9999.0, 1.25, 1.5, 19.5, 9999.0, 9999.0, 9999.0, 121.25, 124.25, 120.5, 104.0, 135.25
2023-04-06, 05:58:11, 132.5, 52.0, 19.0, 26.0, 9999.0, 1.25, 1.5, 19.75, 9999.0, 9999.0, 9999.0, 121.0, 124.25, 120.25, 104.0, 135.25
2023-04-06, 05:58:15, 132.5, 52.0, 19.0, 26.0, 9999.0, 1.25, 1.5, 19.75, 9999.0, 9999.0, 9999.0, 121.0, 124.25, 120.5, 104.0, 135.25
2023-04-06, 05:58:19, 132.5, 52.0, 19.0, 26.0, 9999.0, 1.25, 1.5, 19.5, 9999.0, 9999.0, 9999.0, 121.0, 124.25, 120.25, 104.0, 135.25
2023-04-06, 05:58:23, 132.5, 52.0, 19.0, 26.0, 9999.0, 1.25, 1.5, 19.75, 9999.0, 9999.0, 9999.0, 121.0, 124.5, 120.25, 104.0, 135.25
2023-04-06, 05:58:27, 132.5, 52.0, 19.0, 26.0, 9999.0, 1.25, 1.5, 19.75, 9999.0, 9999.0, 9999.0, 121.0, 124.5, 120.5, 104.0, 135.25
2023-04-06, 05:58:31, 132.5, 52.0, 19.0, 26.0, 9999.0, 1.0, 1.25, 19.5, 9999.0, 9999.0, 9999.0, 121.0, 124.5, 120.5, 104.0, 135.25
2023-04-06, 05:58:35, 132.5, 52.0, 19.0, 26.25, 9999.0, 1.25, 1.25, 19.5, 9999.0, 9999.0, 9999.0, 121.0, 124.5, 120.25, 104.0, 135.25
2023-04-06, 05:58:39, 132.5, 52.0, 19.0, 26.0, 9999.0, 1.0, 1.25, 19.75, 9999.0, 9999.0, 9999.0, 121.0, 124.5, 120.25, 104.0, 135.25
2023-04-06, 05:58:43, 132.5, 52.0, 19.0, 26.0, 9999.0, 1.0, 1.5, 19.5, 9999.0, 9999.0, 9999.0, 120.75, 124.5, 120.5, 104.0, 135.25
2023-04-06, 05:58:48, 132.5, 52.0, 19.0, 26.25, 9999.0, 1.0, 1.25, 19.5, 9999.0, 9999.0, 9999.0, 120.75, 124.25, 120.5, 104.0, 135.25
2023-04-06, 05:58:52, 132.5, 52.0, 19.0, 26.25, 9999.0, 1.0, 1.25, 19.5, 9999.0, 9999.0, 9999.0, 120.75, 124.25, 120.5, 104.0, 135.25
2023-04-06, 05:58:56, 132.5, 52.0, 19.0, 26.0, 9999.0, 1.0, 1.25, 19.5, 9999.0, 9999.0, 9999.0, 120.75, 124.25, 120.5, 104.0, 135.25
2023-04-06, 05:59:00, 132.5, 52.0, 19.0, 26.0, 9999.0, 1.25, 1.25, 19.5, 9999.0, 9999.0, 9999.0, 120.75, 124.25, 120.5, 104.0, 135.25
2023-04-06, 05:59:04, 132.5, 52.0, 19.0, 26.0, 9999.0, 1.25, 1.5, 19.5, 9999.0, 9999.0, 9999.0, 120.75, 124.25, 120.5, 104.0, 135.25
2023-04-06, 05:59:08, 132.25, 52.0, 19.0, 26.0, 9999.0, 1.5, 1.25, 19.5, 9999.0, 9999.0, 9999.0, 120.5, 124.25, 120.5, 104.0, 135.25
2023-04-06, 05:59:12, 132.25, 52.0, 19.0, 26.0, 9999.0, 1.25, 1.5, 19.5, 9999.0, 9999.0, 9999.0, 120.5, 124.25, 120.25, 104.0, 135.25
2023-04-06, 05:59:16, 132.5, 52.0, 19.0, 26.25, 9999.0, 1.5, 1.5, 19.5, 9999.0, 9999.0, 9999.0, 121.25, 124.25, 120.5, 104.0, 135.25
2023-04-06, 05:59:20, 132.5, 52.0, 19.0, 26.0, 9999.0, 1.25, 1.5, 19.5, 9999.0, 9999.0, 9999.0, 121.25, 124.25, 120.5, 104.0, 135.25
2023-04-06, 05:59:24, 132.5, 52.0, 19.0, 26.0, 9999.0, 1.25, 1.5, 19.5, 9999.0, 9999.0, 9999.0, 121.25, 124.25, 120.25, 104.0, 135.25
2023-04-06, 05:59:28, 132.5, 52.0, 19.0, 26.0, 9999.0, 1.25, 1.5, 19.5, 9999.0, 9999.0, 9999.0, 121.0, 124.25, 120.5, 104.0, 135.25
2023-04-06, 05:59:32, 132.25, 51.75, 19.0, 26.0, 9999.0, 1.25, 1.5, 19.5, 9999.0, 9999.0, 9999.0, 121.0, 124.25, 120.5, 104.0, 135.25
2023-04-06, 05:59:36, 132.5, 52.0, 18.75, 26.0, 9999.0, 1.25, 1.5, 19.5, 9999.0, 9999.0, 9999.0, 121.0, 124.25, 120.25, 104.0, 135.25
2023-04-06, 05:59:40, 132.5, 52.0, 19.0, 26.25, 9999.0, 1.25, 1.5, 19.5, 9999.0, 9999.0, 9999.0, 121.0, 124.25, 120.25, 104.0, 135.25
2023-04-06, 05:59:44, 132.5, 52.0, 19.0, 26.25, 9999.0, 1.25, 1.5, 19.5, 9999.0, 9999.0, 9999.0, 121.0, 124.5, 120.5, 104.0, 135.25
2023-04-06, 05:59:48, 132.5, 52.0, 19.0, 26.25, 9999.0, 1.25, 1.5, 19.5, 9999.0, 9999.0, 9999.0, 121.0, 124.5, 120.5, 104.0, 135.25
2023-04-06, 05:59:52, 132.5, 52.0, 19.0, 26.0, 9999.0, 1.0, 1.25, 19.5, 9999.0, 9999.0, 9999.0, 121.0, 124.5, 120.5, 104.0, 135.25
2023-04-06, 05:59:56, 132.5, 52.0, 19.0, 26.25, 9999.0, 1.25, 1.5, 19.5, 9999.0, 9999.0, 9999.0, 121.0, 124.5, 120.5, 104.0, 135.25
2023-04-06, 06:00:00, 132.5, 52.0, 19.0, 26.25, 9999.0, 1.0, 1.25, 19.5, 9999.0, 9999.0, 9999.0, 120.75, 124.5, 120.5, 104.0, 135.25
2023-04-06, 06:00:04, 132.5, 52.0, 19.0, 26.0, 9999.0, 1.0, 1.25, 19.5, 9999.0, 9999.0, 9999.0, 120.75, 124.5, 120.25, 104.0, 135.25
2023-04-06, 06:00:08, 132.5, 52.0, 19.0, 26.0, 9999.0, 1.0, 1.25, 19.5, 9999.0, 9999.0, 9999.0, 120.75, 124.25, 120.5, 104.0, 135.25
2023-04-06, 06:00:16, 132.5, 52.0, 19.0, 26.25, 9999.0, 1.0, 1.25, 19.5, 9999.0, 9999.0, 9999.0, 120.75, 124.25, 120.5, 104.0, 135.25
2023-04-06, 06:00:17, 132.5, 52.0, 19.0, 26.25, 9999.0, 1.25, 1.25, 19.5, 9999.0, 9999.0, 9999.0, 120.75, 124.25, 120.5, 104.0, 135.25
2023-04-06, 06:00:20, 132.5, 52.0, 19.0, 26.0, 9999.0, 1.25, 1.25, 19.5, 9999.0, 9999.0, 9999.0, 120.75, 124.5, 120.5, 104.0, 135.25
2023-04-06, 06:00:24, 132.25, 51.75, 19.0, 26.0, 9999.0, 1.25, 1.25, 19.5, 9999.0, 9999.0, 9999.0, 120.75, 124.25, 120.5, 104.0, 135.25
2023-04-06, 06:00:28, 132.25, 52.0, 19.0, 26.0, 9999.0, 1.5, 1.5, 19.5, 9999.0, 9999.0, 9999.0, 120.5, 124.25, 120.5, 104.0, 135.25
2023-04-06, 06:00:32, 132.5, 52.0, 19.0, 26.0, 9999.0, 1.5, 1.5, 19.5, 9999.0, 9999.0, 9999.0, 121.25, 124.25, 120.5, 104.0, 135.25
2023-04-06, 06:00:36, 132.5, 52.0, 18.75, 26.0, 9999.0, 1.25, 1.5, 19.5, 9999.0, 9999.0, 9999.0, 121.25, 124.25, 120.5, 104.0, 135.25
2023-04-06, 06:00:40, 132.5, 51.75, 19.0, 26.0, 9999.0, 1.25, 1.25, 19.5, 9999.0, 9999.0, 9999.0, 121.25, 124.25, 120.5, 104.0, 135.25
2023-04-06, 06:00:44, 132.5, 51.75, 19.0, 26.0, 9999.0, 1.25, 1.25, 19.5, 9999.0, 9999.0, 9999.0, 121.25, 124.5, 120.5, 104.0, 135.25
2023-04-06, 06:00:48, 132.25, 51.75, 19.0, 26.0, 9999.0, 1.25, 1.5, 19.5, 9999.0, 9999.0, 9999.0, 121.0, 124.25, 120.5, 104.0, 135.25
2023-04-06, 06:00:52, 132.25, 52.0, 19.0, 26.25, 9999.0, 1.25, 1.5, 19.5, 9999.0, 9999.0, 9999.0, 121.0, 124.25, 120.5, 104.0, 135.25
2023-04-06, 06:00:56, 132.25, 52.0, 19.25, 26.0, 9999.0, 1.25, 1.25, 19.5, 9999.0, 9999.0, 9999.0, 121.0, 124.25, 120.5, 104.0, 135.25
2023-04-06, 06:01:00, 132.25, 52.0, 19.0, 26.0, 9999.0, 1.25, 1.25, 19.5, 9999.0, 9999.0, 9999.0, 121.0, 124.25, 120.5, 104.0, 135.25
2023-04-06, 06:01:04, 132.5, 52.0, 19.0, 26.0, 9999.0, 1.25, 1.25, 19.5, 9999.0, 9999.0, 9999.0, 121.0, 124.5, 120.5, 104.0, 135.25
2023-04-06, 06:01:08, 132.25, 52.0, 18.75, 26.25, 9999.0, 1.25, 1.25, 19.5, 9999.0, 9999.0, 9999.0, 121.0, 124.5, 120.5, 104.0, 135.25
2023-04-06, 06:01:12, 132.5, 52.0, 18.75, 26.25, 9999.0, 1.0, 1.5, 19.5, 9999.0, 9999.0, 9999.0, 121.0, 124.5, 120.5, 104.0, 135.25
2023-04-06, 06:01:16, 132.25, 52.0, 19.0, 26.25, 9999.0, 1.0, 1.25, 19.5, 9999.0, 9999.0, 9999.0, 120.75, 124.5, 120.5, 104.0, 135.25
2023-04-06, 06:01:20, 132.5, 51.75, 19.0, 26.0, 9999.0, 1.0, 1.25, 19.5, 9999.0, 9999.0, 9999.0, 120.75, 124.5, 120.5, 104.0, 135.25
2023-04-06, 06:01:24, 132.25, 52.0, 19.0, 26.0, 9999.0, 1.0, 1.5, 19.5, 9999.0, 9999.0, 9999.0, 120.75, 124.5, 120.5, 104.0, 135.25
2023-04-06, 06:01:28, 132.25, 51.75, 19.0, 26.0, 9999.0, 1.0, 1.25, 19.5, 9999.0, 9999.0, 9999.0, 120.75, 124.5, 120.5, 104.0, 135.25
2023-04-06, 06:01:32, 132.25, 51.75, 19.0, 26.25, 9999.0, 1.0, 1.5, 19.5, 9999.0, 9999.0, 9999.0, 120.75, 124.5, 120.5, 104.0, 135.25
2023-04-06, 06:01:36, 132.25, 52.0, 19.0, 26.0, 9999.0, 1.25, 1.25, 19.5, 9999.0, 9999.0, 9999.0, 120.75, 124.5, 120.5, 104.0, 135.25
2023-04-06, 06:01:40, 132.25, 51.75, 19.0, 26.25, 9999.0, 1.25, 1.25, 19.5, 9999.0, 9999.0, 9999.0, 120.75, 124.5, 120.5, 104.0, 135.25
2023-04-06, 06:01:44, 132.5, 52.0, 19.0, 26.25, 9999.0, 1.25, 1.25, 19.5, 9999.0, 9999.0, 9999.0, 120.5, 124.5, 120.5, 104.0, 135.25
2023-04-06, 06:01:48, 132.5, 52.0, 19.0, 26.25, 9999.0, 1.5, 1.5, 19.5, 9999.0, 9999.0, 9999.0, 120.75, 124.5, 120.5, 104.0, 135.25
2023-04-06, 06:01:52, 132.5, 51.75, 19.0, 26.25, 9999.0, 1.5, 1.5, 19.5, 9999.0, 9999.0, 9999.0, 121.25, 124.25, 120.5, 104.0, 135.25
2023-04-06, 06:01:56, 132.25, 52.0, 19.0, 26.0, 9999.0, 1.5, 1.25, 19.5, 9999.0, 9999.0, 9999.0, 121.25, 124.5, 120.5, 104.0, 135.25
2023-04-06, 06:02:00, 132.5, 52.0, 19.0, 26.0, 9999.0, 1.25, 1.5, 19.5, 9999.0, 9999.0, 9999.0, 121.25, 124.5, 120.5, 104.0, 135.25
2023-04-06, 06:02:04, 132.25, 52.0, 19.0, 26.0, 9999.0, 1.25, 1.5, 19.5, 9999.0, 9999.0, 9999.0, 121.25, 124.25, 120.5, 104.0, 135.25
2023-04-06, 06:02:08, 132.5, 52.0, 19.0, 26.0, 9999.0, 1.25, 1.5, 19.5, 9999.0, 9999.0, 9999.0, 121.0, 124.5, 120.5, 104.0, 135.25
2023-04-06, 06:02:12, 132.5, 52.0, 19.0, 26.0, 9999.0, 1.25, 1.5, 19.5, 9999.0, 9999.0, 9999.0, 121.0, 124.25, 120.5, 104.0, 135.25
2023-04-06, 06:02:16, 132.25, 52.0, 19.0, 26.25, 9999.0, 1.25, 1.25, 19.5, 9999.0, 9999.0, 9999.0, 121.0, 124.25, 120.5, 104.0, 135.25
2023-04-06, 06:02:20, 132.5, 52.0, 19.0, 26.25, 9999.0, 1.25, 1.5, 19.5, 9999.0, 9999.0, 9999.0, 121.0, 124.25, 120.5, 104.0, 135.25
2023-04-06, 06:02:24, 132.25, 52.0, 18.75, 26.0, 9999.0, 1.25, 1.5, 19.5, 9999.0, 9999.0, 9999.0, 121.0, 124.5, 120.5, 104.0, 135.25
2023-04-06, 06:02:28, 132.5, 52.0, 19.0, 26.0, 9999.0, 1.0, 1.25, 19.5, 9999.0, 9999.0, 9999.0, 121.0, 124.5, 120.5, 104.0, 135.25
2023-04-06, 06:02:32, 132.25, 52.0, 19.0, 26.0, 9999.0, 1.0, 1.5, 19.5, 9999.0, 9999.0, 9999.0, 121.0, 124.5, 120.5, 104.0, 135.25
2023-04-06, 06:02:36, 132.25, 52.0, 19.0, 26.25, 9999.0, 1.0, 1.25, 19.5, 9999.0, 9999.0, 9999.0, 121.0, 124.5, 120.5, 104.0, 135.25
2023-04-06, 06:02:40, 132.25, 52.0, 19.0, 26.0, 9999.0, 1.0, 1.25, 19.5, 9999.0, 9999.0, 9999.0, 120.75, 124.5, 120.5, 104.0, 135.25
2023-04-06, 06:02:44, 132.25, 52.0, 19.0, 26.0, 9999.0, 1.0, 1.25, 19.5, 9999.0, 9999.0, 9999.0, 120.75, 124.5, 120.5, 104.0, 135.25
2023-04-06, 06:02:48, 132.25, 52.0, 19.0, 26.25, 9999.0, 1.0, 1.25, 19.5, 9999.0, 9999.0, 9999.0, 120.75, 124.5, 120.5, 104.0, 135.25
2023-04-06, 06:02:52, 132.25, 52.0, 19.0, 26.0, 9999.0, 1.0, 1.25, 19.5, 9999.0, 9999.0, 9999.0, 120.75, 124.5, 120.5, 104.0, 135.25
2023-04-06, 06:02:56, 132.25, 52.0, 19.0, 26.0, 9999.0, 1.25, 1.25, 19.5, 9999.0, 9999.0, 9999.0, 120.75, 124.5, 120.5, 104.0, 135.25
2023-04-06, 06:03:00, 132.5, 52.0, 19.0, 26.0, 9999.0, 1.25, 1.25, 19.5, 9999.0, 9999.0, 9999.0, 120.75, 124.5, 120.5, 104.0, 135.25
2023-04-06, 06:03:04, 132.5, 52.0, 19.0, 26.0, 9999.0, 1.25, 1.25, 19.5, 9999.0, 9999.0, 9999.0, 120.75, 124.5, 120.5, 104.0, 135.25
2023-04-06, 06:03:08, 132.25, 52.0, 19.0, 26.0, 9999.0, 1.5, 1.5, 19.5, 9999.0, 9999.0, 9999.0, 120.75, 124.25, 120.5, 104.0, 135.25
2023-04-06, 06:03:12, 132.25, 52.0, 19.0, 26.0, 9999.0, 1.25, 1.25, 19.5, 9999.0, 9999.0, 9999.0, 121.25, 124.25, 120.5, 104.0, 135.25
2023-04-06, 06:03:17, 132.25, 52.0, 19.0, 26.25, 9999.0, 1.25, 1.25, 19.5, 9999.0, 9999.0, 9999.0, 121.25, 124.25, 120.5, 104.0, 135.25
2023-04-06, 06:03:21, 132.25, 52.0, 19.0, 26.0, 9999.0, 1.25, 1.25, 19.5, 9999.0, 9999.0, 9999.0, 121.25, 124.25, 120.5, 104.0, 135.25
2023-04-06, 06:03:25, 132.25, 52.0, 19.0, 26.25, 9999.0, 1.25, 1.5, 19.5, 9999.0, 9999.0, 9999.0, 121.25, 124.5, 120.5, 104.0, 135.25
2023-04-06, 06:03:29, 132.25, 52.0, 19.0, 26.25, 9999.0, 1.25, 1.5, 19.5, 9999.0, 9999.0, 9999.0, 121.0, 124.25, 120.5, 104.25, 135.25
2023-04-06, 06:03:33, 132.25, 52.0, 19.0, 26.0, 9999.0, 1.25, 1.5, 19.5, 9999.0, 9999.0, 9999.0, 121.0, 124.25, 120.5, 104.0, 135.25
2023-04-06, 06:03:37, 132.25, 52.0, 19.0, 26.0, 9999.0, 1.25, 1.25, 19.5, 9999.0, 9999.0, 9999.0, 121.0, 124.25, 120.5, 104.0, 135.25
2023-04-06, 06:03:41, 132.25, 52.0, 19.0, 26.0, 9999.0, 1.25, 1.25, 19.5, 9999.0, 9999.0, 9999.0, 121.0, 124.25, 120.5, 104.0, 135.25
2023-04-06, 06:03:45, 132.25, 52.0, 19.0, 26.0, 9999.0, 1.25, 1.5, 19.5, 9999.0, 9999.0, 9999.0, 121.0, 124.5, 120.5, 104.0, 135.25
2023-04-06, 06:03:49, 132.25, 52.0, 19.0, 26.0, 9999.0, 1.0, 1.25, 19.5, 9999.0, 9999.0, 9999.0, 121.0, 124.5, 120.5, 104.0, 135.25
2023-04-06, 06:03:53, 132.25, 52.0, 19.0, 26.0, 9999.0, 1.0, 1.25, 19.5, 9999.0, 9999.0, 9999.0, 121.0, 124.5, 120.5, 104.0, 135.25
2023-04-06, 06:03:57, 132.25, 52.0, 19.0, 26.0, 9999.0, 1.0, 1.5, 19.5, 9999.0, 9999.0, 9999.0, 121.0, 124.5, 120.5, 104.0, 135.25
2023-04-06, 06:04:01, 132.25, 52.0, 19.0, 26.0, 9999.0, 1.0, 1.25, 19.5, 9999.0, 9999.0, 9999.0, 121.0, 124.5, 120.5, 104.0, 135.25
2023-04-06, 06:04:05, 132.25, 52.0, 19.0, 26.0, 9999.0, 1.0, 1.25, 19.5, 9999.0, 9999.0, 9999.0, 120.75, 124.5, 120.5, 104.0, 135.25
2023-04-06, 06:04:09, 132.25, 52.0, 19.0, 26.0, 9999.0, 1.0, 1.25, 19.5, 9999.0, 9999.0, 9999.0, 120.75, 124.5, 120.5, 104.0, 135.25
2023-04-06, 06:04:13, 132.25, 52.0, 19.0, 26.0, 9999.0, 1.0, 1.25, 19.5, 9999.0, 9999.0, 9999.0, 120.75, 124.5, 120.5, 104.0, 135.25
2023-04-06, 06:04:17, 132.25, 51.75, 19.0, 26.25, 9999.0, 1.25, 1.25, 19.5, 9999.0, 9999.0, 9999.0, 120.75, 124.5, 120.5, 104.0, 135.25
2023-04-06, 06:04:21, 132.5, 52.0, 19.0, 26.25, 9999.0, 1.25, 1.25, 19.5, 9999.0, 9999.0, 9999.0, 120.5, 124.5, 120.5, 104.0, 135.25
2023-04-06, 06:04:25, 132.25, 52.0, 19.0, 26.0, 9999.0, 1.25, 1.5, 19.5, 9999.0, 9999.0, 9999.0, 120.75, 124.5, 120.5, 104.0, 135.25
2023-04-06, 06:04:29, 132.5, 52.0, 19.0, 26.0, 9999.0, 1.25, 1.5, 19.5, 9999.0, 9999.0, 9999.0, 120.5, 124.5, 120.5, 104.0, 135.25
2023-04-06, 06:04:33, 132.5, 51.75, 19.0, 26.25, 9999.0, 1.25, 1.5, 19.5, 9999.0, 9999.0, 9999.0, 121.5, 124.5, 120.5, 104.0, 135.25
2023-04-06, 06:04:37, 132.25, 52.0, 19.0, 26.0, 9999.0, 1.25, 1.5, 19.5, 9999.0, 9999.0, 9999.0, 121.25, 124.25, 120.5, 104.0, 135.25
2023-04-06, 06:04:41, 132.25, 52.0, 19.0, 25.75, 9999.0, 1.25, 1.25, 19.5, 9999.0, 9999.0, 9999.0, 121.25, 124.5, 120.5, 104.0, 135.25
2023-04-06, 06:04:45, 132.25, 52.0, 19.0, 26.0, 9999.0, 1.25, 1.5, 19.5, 9999.0, 9999.0, 9999.0, 121.25, 124.5, 120.5, 104.0, 135.25
2023-04-06, 06:04:49, 132.25, 52.0, 19.0, 26.0, 9999.0, 1.25, 1.5, 19.5, 9999.0, 9999.0, 9999.0, 121.25, 124.25, 120.5, 104.0, 135.25
2023-04-06, 06:04:53, 132.25, 52.0, 19.0, 26.0, 9999.0, 1.25, 1.5, 19.5, 9999.0, 9999.0, 9999.0, 121.0, 124.25, 120.5, 104.0, 135.25
2023-04-06, 06:04:57, 132.25, 52.0, 19.0, 26.0, 9999.0, 1.25, 1.5, 19.5, 9999.0, 9999.0, 9999.0, 121.0, 124.5, 120.5, 104.0, 135.25
2023-04-06, 06:05:01, 132.5, 52.0, 19.0, 26.0, 9999.0, 1.25, 1.25, 19.5, 9999.0, 9999.0, 9999.0, 121.0, 124.25, 120.5, 104.0, 135.25
2023-04-06, 06:05:05, 132.5, 52.0, 19.0, 26.0, 9999.0, 1.25, 1.25, 19.5, 9999.0, 9999.0, 9999.0, 121.0, 124.5, 120.5, 104.0, 135.25
2023-04-06, 06:05:09, 132.5, 52.0, 19.0, 25.75, 9999.0, 1.0, 1.25, 19.5, 9999.0, 9999.0, 9999.0, 121.0, 124.5, 120.5, 104.0, 135.25
2023-04-06, 06:05:13, 132.25, 52.0, 19.25, 25.75, 9999.0, 1.0, 1.25, 19.5, 9999.0, 9999.0, 9999.0, 121.0, 124.5, 120.5, 104.0, 135.25
2023-04-06, 06:05:17, 132.25, 51.75, 19.0, 25.75, 9999.0, 1.0, 1.25, 19.5, 9999.0, 9999.0, 9999.0, 121.0, 124.5, 120.5, 104.0, 135.25
2023-04-06, 06:05:21, 132.25, 52.0, 19.0, 25.75, 9999.0, 1.0, 1.25, 19.5, 9999.0, 9999.0, 9999.0, 120.75, 124.5, 120.5, 104.0, 135.25
2023-04-06, 06:05:25, 132.5, 52.0, 19.0, 26.0, 9999.0, 1.0, 1.25, 19.5, 9999.0, 9999.0, 9999.0, 120.75, 124.5, 120.5, 104.0, 135.25
2023-04-06, 06:05:29, 132.25, 52.0, 19.0, 26.0, 9999.0, 1.0, 1.25, 19.5, 9999.0, 9999.0, 9999.0, 120.75, 124.5, 120.5, 104.0, 135.25
2023-04-06, 06:05:33, 132.25, 52.0, 19.0, 26.25, 9999.0, 1.0, 1.25, 19.5, 9999.0, 9999.0, 9999.0, 120.75, 124.5, 120.75, 104.0, 135.25
2023-04-06, 06:05:37, 132.25, 52.0, 19.25, 26.25, 9999.0, 1.25, 1.25, 19.5, 9999.0, 9999.0, 9999.0, 120.75, 124.5, 120.5, 104.0, 135.25
2023-04-06, 06:05:41, 132.25, 52.0, 19.0, 26.0, 9999.0, 1.25, 1.25, 19.5, 9999.0, 9999.0, 9999.0, 120.75, 124.5, 120.5, 104.0, 135.25
2023-04-06, 06:05:45, 132.25, 52.0, 19.0, 26.0, 9999.0, 1.25, 1.25, 19.5, 9999.0, 9999.0, 9999.0, 120.5, 124.5, 120.5, 104.0, 135.25
2023-04-06, 06:05:49, 132.5, 52.0, 19.0, 26.25, 9999.0, 1.5, 1.5, 19.5, 9999.0, 9999.0, 9999.0, 120.5, 124.5, 120.5, 104.0, 135.25
2023-04-06, 06:05:53, 132.5, 52.0, 19.25, 26.25, 9999.0, 1.25, 1.5, 19.5, 9999.0, 9999.0, 9999.0, 121.25, 124.5, 120.5, 104.0, 135.25
2023-04-06, 06:05:57, 132.25, 51.75, 19.0, 26.25, 9999.0, 1.25, 1.5, 19.5, 9999.0, 9999.0, 9999.0, 121.25, 124.5, 120.5, 104.0, 135.25
2023-04-06, 06:06:01, 132.25, 52.0, 19.0, 26.25, 9999.0, 1.25, 1.25, 19.5, 9999.0, 9999.0, 9999.0, 121.25, 124.5, 120.5, 104.0, 135.25
2023-04-06, 06:06:05, 132.25, 52.0, 19.0, 26.25, 9999.0, 1.25, 1.5, 19.5, 9999.0, 9999.0, 9999.0, 121.25, 124.5, 120.5, 104.0, 135.25
2023-04-06, 06:06:09, 132.5, 52.0, 19.25, 26.0, 9999.0, 1.25, 1.5, 19.5, 9999.0, 9999.0, 9999.0, 121.25, 124.5, 120.5, 104.0, 135.25
2023-04-06, 06:06:13, 132.25, 52.0, 19.0, 26.0, 9999.0, 1.25, 1.5, 19.5, 9999.0, 9999.0, 9999.0, 121.0, 124.25, 120.5, 104.0, 135.25
2023-04-06, 06:06:17, 132.25, 52.0, 19.0, 26.0, 9999.0, 1.0, 1.25, 19.5, 9999.0, 9999.0, 9999.0, 121.0, 124.5, 120.5, 104.25, 135.25
2023-04-06, 06:06:21, 132.25, 52.0, 19.0, 26.0, 9999.0, 1.0, 1.25, 19.5, 9999.0, 9999.0, 9999.0, 121.0, 124.25, 120.5, 104.0, 135.25
2023-04-06, 06:06:25, 132.25, 52.0, 19.25, 26.25, 9999.0, 1.0, 1.25, 19.5, 9999.0, 9999.0, 9999.0, 121.0, 124.5, 120.5, 104.0, 135.25
2023-04-06, 06:06:29, 132.25, 52.0, 19.25, 26.0, 9999.0, 1.0, 1.5, 19.5, 9999.0, 9999.0, 9999.0, 121.0, 124.5, 120.5, 104.0, 135.25
2023-04-06, 06:06:33, 132.25, 52.0, 19.0, 26.25, 9999.0, 1.0, 1.25, 19.5, 9999.0, 9999.0, 9999.0, 121.0, 124.5, 120.5, 104.0, 135.25
2023-04-06, 06:06:37, 132.25, 52.0, 19.0, 26.25, 9999.0, 1.0, 1.25, 19.5, 9999.0, 9999.0, 9999.0, 120.75, 124.5, 120.5, 104.0, 135.25
2023-04-06, 06:06:41, 132.25, 52.0, 19.0, 26.0, 9999.0, 1.0, 1.25, 19.5, 9999.0, 9999.0, 9999.0, 120.75, 124.5, 120.5, 104.0, 135.25
2023-04-06, 06:06:45, 132.25, 52.0, 19.0, 26.25, 9999.0, 1.0, 1.25, 19.5, 9999.0, 9999.0, 9999.0, 120.75, 124.5, 120.5, 104.0, 135.25
2023-04-06, 06:06:49, 132.5, 52.0, 19.25, 26.25, 9999.0, 1.0, 1.25, 19.5, 9999.0, 9999.0, 9999.0, 120.75, 124.5, 120.5, 104.25, 135.25
2023-04-06, 06:06:53, 132.25, 52.0, 19.0, 26.0, 9999.0, 1.0, 1.25, 19.5, 9999.0, 9999.0, 9999.0, 120.75, 124.5, 120.5, 104.0, 135.25
2023-04-06, 06:06:57, 132.5, 52.0, 19.0, 26.25, 9999.0, 1.25, 1.25, 19.5, 9999.0, 9999.0, 9999.0, 120.75, 124.5, 120.5, 104.0, 135.25
2023-04-06, 06:07:01, 132.25, 52.0, 19.0, 26.0, 9999.0, 1.25, 1.25, 19.5, 9999.0, 9999.0, 9999.0, 120.75, 124.5, 120.5, 104.0, 135.25
2023-04-06, 06:07:05, 132.25, 52.0, 19.0, 26.25, 9999.0, 1.25, 1.25, 19.5, 9999.0, 9999.0, 9999.0, 120.75, 124.5, 120.5, 104.0, 135.25
2023-04-06, 06:07:09, 132.25, 52.0, 19.0, 26.25, 9999.0, 1.25, 1.25, 19.5, 9999.0, 9999.0, 9999.0, 120.5, 124.5, 120.5, 104.0, 135.25
2023-04-06, 06:07:13, 132.25, 52.0, 19.0, 26.25, 9999.0, 1.5, 1.5, 19.5, 9999.0, 9999.0, 9999.0, 121.5, 124.5, 120.5, 104.0, 135.25
2023-04-06, 06:07:17, 132.5, 52.0, 19.0, 26.0, 9999.0, 1.25, 1.25, 19.5, 9999.0, 9999.0, 9999.0, 121.25, 124.5, 120.5, 104.0, 135.25
2023-04-06, 06:07:21, 132.25, 52.0, 19.0, 26.25, 9999.0, 1.25, 1.25, 19.5, 9999.0, 9999.0, 9999.0, 121.25, 124.5, 120.5, 104.0, 135.25
2023-04-06, 06:07:25, 132.25, 52.0, 19.0, 26.25, 9999.0, 1.25, 1.25, 19.5, 9999.0, 9999.0, 9999.0, 121.25, 124.5, 120.5, 104.0, 135.25
2023-04-06, 06:07:29, 132.25, 52.0, 19.0, 26.0, 9999.0, 1.25, 1.5, 19.5, 9999.0, 9999.0, 9999.0, 121.25, 124.5, 120.5, 104.0, 135.25
2023-04-06, 06:07:33, 132.25, 52.0, 19.25, 26.25, 9999.0, 1.0, 1.25, 19.5, 9999.0, 9999.0, 9999.0, 121.0, 124.25, 120.5, 104.0, 135.25
2023-04-06, 06:07:37, 132.25, 52.0, 19.0, 26.25, 9999.0, 1.0, 1.25, 19.5, 9999.0, 9999.0, 9999.0, 121.25, 124.25, 120.5, 104.0, 135.25
2023-04-06, 06:07:42, 132.25, 52.0, 19.0, 26.25, 9999.0, 1.0, 1.25, 19.5, 9999.0, 9999.0, 9999.0, 121.0, 124.25, 120.5, 104.0, 135.25
2023-04-06, 06:07:46, 132.25, 52.0, 19.0, 26.25, 9999.0, 1.0, 1.5, 19.5, 9999.0, 9999.0, 9999.0, 121.0, 124.5, 120.5, 104.0, 135.25
2023-04-06, 06:07:50, 132.25, 52.0, 19.0, 26.25, 9999.0, 1.0, 1.5, 19.5, 9999.0, 9999.0, 9999.0, 121.0, 124.5, 120.5, 104.0, 135.25
2023-04-06, 06:07:54, 132.25, 52.0, 19.0, 26.0, 9999.0, 1.0, 1.25, 19.5, 9999.0, 9999.0, 9999.0, 121.0, 124.5, 120.5, 104.25, 135.25
2023-04-06, 06:07:58, 132.25, 52.0, 19.0, 26.0, 9999.0, 1.0, 1.25, 19.5, 9999.0, 9999.0, 9999.0, 121.0, 124.5, 120.5, 104.25, 135.25
2023-04-06, 06:08:02, 132.25, 52.0, 18.75, 25.75, 9999.0, 1.0, 1.25, 19.25, 9999.0, 9999.0, 9999.0, 120.75, 124.5, 120.5, 104.0, 135.25
2023-04-06, 06:08:06, 132.25, 51.75, 19.0, 26.0, 9999.0, 1.0, 1.25, 19.5, 9999.0, 9999.0, 9999.0, 120.75, 124.5, 120.5, 104.0, 135.25
2023-04-06, 06:08:10, 132.25, 52.0, 19.0, 26.0, 9999.0, 1.0, 1.25, 19.5, 9999.0, 9999.0, 9999.0, 120.75, 124.5, 120.5, 104.0, 135.25
2023-04-06, 06:08:14, 132.25, 52.0, 19.0, 26.0, 9999.0, 1.0, 1.25, 19.5, 9999.0, 9999.0, 9999.0, 120.75, 124.5, 120.5, 104.0, 135.25
2023-04-06, 06:08:18, 132.25, 52.0, 19.0, 26.25, 9999.0, 1.25, 1.25, 19.5, 9999.0, 9999.0, 9999.0, 120.75, 124.5, 120.5, 104.25, 135.25
2023-04-06, 06:08:22, 132.25, 52.0, 19.0, 26.25, 9999.0, 1.25, 1.25, 19.5, 9999.0, 9999.0, 9999.0, 120.75, 124.5, 120.5, 104.25, 135.25
2023-04-06, 06:08:26, 132.5, 52.0, 19.0, 26.25, 9999.0, 1.0, 1.25, 19.5, 9999.0, 9999.0, 9999.0, 120.75, 124.5, 120.5, 104.25, 135.25
2023-04-06, 06:08:30, 132.25, 52.0, 19.0, 26.25, 9999.0, 1.25, 1.25, 19.5, 9999.0, 9999.0, 9999.0, 120.75, 124.5, 120.5, 104.0, 135.25
2023-04-06, 06:08:34, 132.25, 52.0, 19.0, 26.0, 9999.0, 1.5, 1.5, 19.5, 9999.0, 9999.0, 9999.0, 120.5, 124.5, 120.5, 104.25, 135.25
2023-04-06, 06:08:38, 132.25, 52.0, 19.25, 26.0, 9999.0, 1.5, 1.5, 19.5, 9999.0, 9999.0, 9999.0, 121.25, 124.5, 120.5, 104.25, 135.25
2023-04-06, 06:08:42, 132.5, 52.0, 19.0, 26.0, 9999.0, 1.25, 1.25, 19.5, 9999.0, 9999.0, 9999.0, 121.25, 124.25, 120.5, 104.0, 135.25
2023-04-06, 06:08:46, 132.5, 52.0, 19.0, 26.0, 9999.0, 1.25, 1.25, 19.5, 9999.0, 9999.0, 9999.0, 121.25, 124.5, 120.5, 104.0, 135.25
2023-04-06, 06:08:50, 132.5, 52.0, 19.0, 25.75, 9999.0, 1.25, 1.5, 19.5, 9999.0, 9999.0, 9999.0, 121.25, 124.25, 120.5, 104.25, 135.25
2023-04-06, 06:08:54, 132.5, 52.0, 19.0, 25.75, 9999.0, 1.25, 1.5, 19.5, 9999.0, 9999.0, 9999.0, 121.25, 124.25, 120.5, 104.0, 135.25
2023-04-06, 06:08:58, 132.5, 52.0, 19.0, 26.0, 9999.0, 1.0, 1.25, 19.5, 9999.0, 9999.0, 9999.0, 121.0, 124.5, 120.5, 104.0, 135.25
2023-04-06, 06:09:02, 132.25, 52.0, 19.0, 26.0, 9999.0, 1.25, 1.5, 19.5, 9999.0, 9999.0, 9999.0, 121.0, 124.5, 120.5, 104.0, 135.25
2023-04-06, 06:09:06, 132.5, 52.0, 19.0, 26.25, 9999.0, 1.0, 1.25, 19.5, 9999.0, 9999.0, 9999.0, 121.0, 124.5, 120.5, 104.25, 135.25
2023-04-06, 06:09:10, 132.25, 52.0, 19.0, 26.0, 9999.0, 1.25, 1.25, 19.5, 9999.0, 9999.0, 9999.0, 121.0, 124.5, 120.5, 104.25, 135.25
2023-04-06, 06:09:14, 132.5, 52.0, 19.0, 26.0, 9999.0, 1.0, 1.25, 19.5, 9999.0, 9999.0, 9999.0, 121.0, 124.5, 120.5, 104.0, 135.25
2023-04-06, 06:09:18, 132.25, 52.0, 19.0, 25.5, 9999.0, 1.0, 1.25, 19.5, 9999.0, 9999.0, 9999.0, 121.0, 124.75, 120.5, 104.25, 135.25
2023-04-06, 06:09:22, 132.5, 52.0, 19.0, 25.75, 9999.0, 1.0, 1.25, 19.5, 9999.0, 9999.0, 9999.0, 121.0, 124.5, 120.5, 104.0, 135.25
2023-04-06, 06:09:26, 132.5, 52.0, 19.25, 26.0, 9999.0, 1.0, 1.25, 19.5, 9999.0, 9999.0, 9999.0, 120.75, 124.5, 120.5, 104.25, 135.25
2023-04-06, 06:09:30, 132.5, 52.0, 19.0, 26.25, 9999.0, 1.0, 1.25, 19.5, 9999.0, 9999.0, 9999.0, 120.75, 124.5, 120.5, 104.25, 135.25
2023-04-06, 06:09:34, 132.5, 52.0, 19.0, 26.25, 9999.0, 1.0, 1.25, 19.5, 9999.0, 9999.0, 9999.0, 120.75, 124.5, 120.5, 103.75, 135.25
2023-04-06, 06:09:38, 132.5, 52.0, 19.0, 26.25, 9999.0, 1.0, 1.5, 19.5, 9999.0, 9999.0, 9999.0, 120.75, 124.5, 120.5, 104.0, 135.25
2023-04-06, 06:09:42, 132.25, 52.0, 19.0, 26.25, 9999.0, 1.25, 1.25, 19.5, 9999.0, 9999.0, 9999.0, 120.75, 124.5, 120.5, 104.0, 135.25
2023-04-06, 06:09:46, 132.5, 52.0, 19.0, 26.25, 9999.0, 1.25, 1.25, 19.5, 9999.0, 9999.0, 9999.0, 120.75, 124.5, 120.5, 104.0, 135.25
2023-04-06, 06:09:50, 132.5, 52.0, 19.0, 26.0, 9999.0, 1.5, 1.5, 19.5, 9999.0, 9999.0, 9999.0, 120.75, 124.5, 120.5, 104.25, 135.25
2023-04-06, 06:09:54, 132.5, 52.0, 19.0, 26.0, 9999.0, 1.5, 1.5, 19.75, 9999.0, 9999.0, 9999.0, 120.5, 124.5, 120.5, 104.0, 135.25
2023-04-06, 06:09:58, 132.5, 52.0, 19.0, 26.0, 9999.0, 1.25, 1.5, 19.5, 9999.0, 9999.0, 9999.0, 121.5, 124.5, 120.5, 104.25, 135.25
2023-04-06, 06:10:02, 132.25, 52.0, 19.0, 26.25, 9999.0, 1.25, 1.5, 19.5, 9999.0, 9999.0, 9999.0, 121.5, 124.5, 120.5, 104.25, 135.25
2023-04-06, 06:10:06, 132.5, 52.0, 19.25, 26.0, 9999.0, 1.25, 1.5, 19.75, 9999.0, 9999.0, 9999.0, 121.25, 124.5, 120.5, 104.25, 135.25
2023-04-06, 06:10:10, 132.5, 52.0, 19.25, 26.0, 9999.0, 1.25, 1.5, 19.75, 9999.0, 9999.0, 9999.0, 121.25, 124.25, 120.5, 104.25, 135.25
2023-04-06, 06:10:14, 132.5, 51.75, 19.25, 25.75, 9999.0, 1.25, 1.5, 19.75, 9999.0, 9999.0, 9999.0, 121.25, 124.5, 120.5, 104.0, 135.25
2023-04-06, 06:10:18, 132.5, 52.0, 19.0, 25.5, 9999.0, 1.25, 1.5, 19.5, 9999.0, 9999.0, 9999.0, 121.0, 124.5, 120.5, 104.25, 135.25
2023-04-06, 06:10:22, 132.5, 52.0, 19.0, 26.0, 9999.0, 1.25, 1.5, 19.5, 9999.0, 9999.0, 9999.0, 121.0, 124.5, 120.5, 104.0, 135.25
2023-04-06, 06:10:26, 132.5, 52.0, 19.0, 26.25, 9999.0, 1.25, 1.25, 19.5, 9999.0, 9999.0, 9999.0, 121.0, 124.5, 120.5, 104.25, 135.25
2023-04-06, 06:10:30, 132.5, 52.0, 19.0, 26.25, 9999.0, 1.25, 1.5, 19.5, 9999.0, 9999.0, 9999.0, 121.0, 124.5, 120.5, 104.25, 135.25
2023-04-06, 06:10:34, 132.5, 52.0, 19.25, 26.25, 9999.0, 1.25, 1.5, 19.5, 9999.0, 9999.0, 9999.0, 121.0, 124.75, 120.5, 104.25, 135.25
2023-04-06, 06:10:38, 132.5, 52.0, 19.0, 26.25, 9999.0, 1.0, 1.25, 19.75, 9999.0, 9999.0, 9999.0, 121.0, 124.5, 120.5, 104.25, 135.25
2023-04-06, 06:10:42, 132.5, 52.0, 19.25, 26.25, 9999.0, 1.0, 1.5, 19.75, 9999.0, 9999.0, 9999.0, 120.75, 124.75, 120.5, 104.25, 135.5
2023-04-06, 06:10:46, 132.5, 52.0, 19.25, 26.25, 9999.0, 1.0, 1.25, 19.5, 9999.0, 9999.0, 9999.0, 121.0, 124.5, 120.5, 104.25, 135.25
2023-04-06, 06:10:50, 132.5, 52.0, 19.25, 26.25, 9999.0, 1.0, 1.5, 19.75, 9999.0, 9999.0, 9999.0, 121.0, 124.5, 120.5, 104.25, 135.25
2023-04-06, 06:10:54, 132.5, 52.0, 19.25, 26.25, 9999.0, 1.0, 1.5, 19.5, 9999.0, 9999.0, 9999.0, 120.75, 124.5, 120.5, 104.25, 135.25
2023-04-06, 06:10:58, 132.5, 52.0, 19.25, 26.25, 9999.0, 1.0, 1.5, 19.5, 9999.0, 9999.0, 9999.0, 120.75, 124.5, 120.5, 104.25, 135.25
2023-04-06, 06:11:02, 132.5, 52.0, 19.25, 26.25, 9999.0, 1.25, 1.25, 19.5, 9999.0, 9999.0, 9999.0, 120.75, 124.5, 120.5, 104.0, 135.25
2023-04-06, 06:11:06, 132.5, 52.0, 19.25, 26.25, 9999.0, 1.25, 1.25, 19.75, 9999.0, 9999.0, 9999.0, 120.75, 124.25, 120.5, 104.25, 135.25
2023-04-06, 06:11:10, 132.5, 52.0, 19.25, 26.25, 9999.0, 1.5, 1.5, 19.75, 9999.0, 9999.0, 9999.0, 120.75, 124.5, 120.5, 104.25, 135.25
2023-04-06, 06:11:14, 132.5, 52.0, 19.25, 26.0, 9999.0, 1.25, 1.5, 19.75, 9999.0, 9999.0, 9999.0, 120.5, 124.5, 120.5, 104.25, 135.25
2023-04-06, 06:11:18, 132.5, 52.0, 19.25, 26.25, 9999.0, 1.25, 1.5, 19.75, 9999.0, 9999.0, 9999.0, 121.5, 124.5, 120.5, 104.25, 135.25
2023-04-06, 06:11:22, 132.5, 52.0, 19.25, 26.0, 9999.0, 1.5, 1.5, 19.75, 9999.0, 9999.0, 9999.0, 121.25, 124.5, 120.5, 104.25, 135.25
2023-04-06, 06:11:26, 132.5, 52.0, 19.25, 26.0, 9999.0, 1.5, 1.5, 19.5, 9999.0, 9999.0, 9999.0, 121.25, 124.5, 120.5, 104.25, 135.25
2023-04-06, 06:11:30, 132.5, 52.0, 19.25, 26.0, 9999.0, 1.25, 1.5, 19.5, 9999.0, 9999.0, 9999.0, 121.25, 124.5, 120.5, 104.25, 135.25
2023-04-06, 06:11:34, 132.5, 52.25, 19.25, 26.0, 9999.0, 1.25, 1.5, 19.75, 9999.0, 9999.0, 9999.0, 121.25, 124.5, 120.5, 104.25, 135.25
2023-04-06, 06:11:38, 132.5, 52.0, 19.25, 26.0, 9999.0, 1.25, 1.5, 19.5, 9999.0, 9999.0, 9999.0, 121.25, 124.5, 120.5, 104.0, 135.25
2023-04-06, 06:11:42, 132.5, 52.0, 19.25, 26.0, 9999.0, 1.25, 1.5, 19.5, 9999.0, 9999.0, 9999.0, 121.0, 124.5, 120.5, 104.25, 135.25
2023-04-06, 06:11:46, 132.5, 52.0, 19.0, 26.0, 9999.0, 1.25, 1.5, 19.75, 9999.0, 9999.0, 9999.0, 121.25, 124.5, 120.5, 104.25, 135.5
2023-04-06, 06:11:50, 132.5, 52.0, 19.25, 25.75, 9999.0, 1.25, 1.5, 19.5, 9999.0, 9999.0, 9999.0, 121.25, 124.75, 120.5, 104.0, 135.25
2023-04-06, 06:11:54, 132.5, 52.0, 19.0, 25.5, 9999.0, 1.25, 1.5, 19.75, 9999.0, 9999.0, 9999.0, 121.0, 124.75, 120.5, 104.0, 135.5
2023-04-06, 06:11:58, 132.5, 52.0, 19.0, 25.75, 9999.0, 1.0, 1.5, 19.75, 9999.0, 9999.0, 9999.0, 121.0, 124.5, 120.5, 104.25, 135.5
2023-04-06, 06:12:02, 132.5, 52.0, 19.25, 25.75, 9999.0, 1.25, 1.5, 19.5, 9999.0, 9999.0, 9999.0, 121.0, 124.5, 120.5, 104.0, 135.5
2023-04-06, 06:12:06, 132.5, 52.25, 19.25, 26.0, 9999.0, 1.25, 1.5, 19.75, 9999.0, 9999.0, 9999.0, 121.0, 124.75, 120.5, 104.25, 135.25
2023-04-06, 06:12:11, 132.5, 52.0, 19.25, 26.25, 9999.0, 1.0, 1.5, 19.5, 9999.0, 9999.0, 9999.0, 121.0, 124.5, 120.5, 104.0, 135.25
2023-04-06, 06:12:15, 132.5, 52.0, 19.25, 26.0, 9999.0, 1.0, 1.5, 19.75, 9999.0, 9999.0, 9999.0, 120.75, 124.5, 120.5, 104.25, 135.25
2023-04-06, 06:12:19, 132.5, 52.0, 19.25, 26.0, 9999.0, 1.0, 1.5, 19.5, 9999.0, 9999.0, 9999.0, 121.0, 124.5, 120.75, 104.0, 135.5
2023-04-06, 06:12:23, 132.5, 52.0, 19.25, 26.0, 9999.0, 1.25, 1.5, 19.75, 9999.0, 9999.0, 9999.0, 120.75, 124.5, 120.5, 104.0, 135.25
2023-04-06, 06:12:27, 132.5, 52.0, 19.0, 26.0, 9999.0, 1.25, 1.5, 19.5, 9999.0, 9999.0, 9999.0, 120.75, 124.5, 120.5, 104.25, 135.25
2023-04-06, 06:12:31, 132.5, 52.0, 19.25, 26.25, 9999.0, 1.5, 1.5, 19.75, 9999.0, 9999.0, 9999.0, 120.75, 124.5, 120.5, 104.0, 135.25
2023-04-06, 06:12:35, 132.5, 52.25, 18.75, 26.0, 9999.0, 1.25, 1.5, 19.75, 9999.0, 9999.0, 9999.0, 120.75, 124.0, 120.5, 104.0, 135.25
2023-04-06, 06:12:39, 132.5, 52.25, 19.0, 26.25, 9999.0, 1.5, 1.5, 19.75, 9999.0, 9999.0, 9999.0, 121.25, 124.5, 120.5, 104.0, 135.25
2023-04-06, 06:12:43, 132.5, 52.0, 19.25, 26.25, 9999.0, 1.25, 1.5, 19.75, 9999.0, 9999.0, 9999.0, 121.5, 124.25, 120.5, 104.0, 135.25
2023-04-06, 06:12:47, 132.5, 52.0, 19.25, 26.0, 9999.0, 1.25, 1.5, 19.75, 9999.0, 9999.0, 9999.0, 121.25, 124.25, 120.5, 104.0, 135.25
2023-04-06, 06:12:51, 132.5, 52.0, 19.25, 26.0, 9999.0, 1.25, 1.5, 19.5, 9999.0, 9999.0, 9999.0, 121.25, 124.5, 120.5, 104.25, 135.25
2023-04-06, 06:12:55, 132.5, 52.0, 19.25, 26.0, 9999.0, 1.25, 1.5, 19.75, 9999.0, 9999.0, 9999.0, 121.25, 124.5, 120.5, 104.0, 135.25
2023-04-06, 06:12:59, 132.5, 52.0, 19.25, 25.75, 9999.0, 1.25, 1.5, 19.75, 9999.0, 9999.0, 9999.0, 121.25, 124.25, 120.5, 104.0, 135.25
2023-04-06, 06:13:03, 132.5, 52.0, 19.25, 25.75, 9999.0, 1.25, 1.5, 19.75, 9999.0, 9999.0, 9999.0, 121.0, 124.5, 120.5, 104.0, 135.25
2023-04-06, 06:13:07, 132.5, 52.0, 19.25, 25.75, 9999.0, 1.25, 1.5, 19.5, 9999.0, 9999.0, 9999.0, 120.75, 124.5, 120.5, 104.0, 135.25
2023-04-06, 06:13:11, 132.5, 52.0, 19.25, 26.0, 9999.0, 1.25, 1.5, 19.5, 9999.0, 9999.0, 9999.0, 121.25, 124.5, 120.5, 104.0, 135.25
2023-04-06, 06:13:15, 132.5, 52.25, 19.25, 26.25, 9999.0, 1.25, 1.5, 19.75, 9999.0, 9999.0, 9999.0, 121.0, 124.5, 120.5, 104.0, 135.5
2023-04-06, 06:13:19, 132.5, 52.0, 19.25, 26.0, 9999.0, 1.25, 1.5, 19.5, 9999.0, 9999.0, 9999.0, 121.0, 124.5, 120.5, 104.0, 135.5
2023-04-06, 06:13:23, 132.5, 52.0, 19.0, 26.0, 9999.0, 1.0, 1.5, 19.75, 9999.0, 9999.0, 9999.0, 121.0, 124.5, 120.5, 104.0, 135.25
2023-04-06, 06:13:27, 132.5, 52.0, 19.0, 26.25, 9999.0, 1.0, 1.5, 19.75, 9999.0, 9999.0, 9999.0, 121.0, 124.5, 120.5, 104.0, 135.25
2023-04-06, 06:13:31, 132.5, 52.0, 19.0, 26.0, 9999.0, 1.0, 1.5, 19.75, 9999.0, 9999.0, 9999.0, 121.0, 124.25, 120.5, 104.0, 135.5
2023-04-06, 06:13:35, 132.5, 52.0, 19.25, 26.25, 9999.0, 1.0, 1.25, 19.5, 9999.0, 9999.0, 9999.0, 121.0, 124.5, 120.5, 104.25, 135.25
2023-04-06, 06:13:39, 132.5, 52.0, 19.25, 26.25, 9999.0, 1.0, 1.5, 19.5, 9999.0, 9999.0, 9999.0, 120.75, 124.5, 120.5, 104.25, 135.25
2023-04-06, 06:13:43, 132.5, 52.0, 19.25, 26.0, 9999.0, 1.25, 1.5, 19.75, 9999.0, 9999.0, 9999.0, 120.75, 124.5, 120.5, 104.0, 135.25
2023-04-06, 06:13:47, 132.5, 52.0, 19.0, 26.0, 9999.0, 1.25, 1.5, 19.5, 9999.0, 9999.0, 9999.0, 120.75, 124.5, 120.75, 104.0, 135.25
2023-04-06, 06:13:51, 132.5, 52.0, 19.25, 25.75, 9999.0, 1.25, 1.5, 19.5, 9999.0, 9999.0, 9999.0, 120.75, 124.5, 120.5, 104.0, 135.25
2023-04-06, 06:13:55, 132.5, 52.0, 19.0, 26.0, 9999.0, 1.5, 1.5, 19.75, 9999.0, 9999.0, 9999.0, 120.75, 124.5, 120.5, 104.0, 135.25
2023-04-06, 06:13:59, 132.5, 52.0, 19.0, 26.0, 9999.0, 1.5, 1.5, 19.75, 9999.0, 9999.0, 9999.0, 121.5, 124.5, 120.5, 104.0, 135.25
2023-04-06, 06:14:03, 132.5, 52.0, 19.0, 26.0, 9999.0, 1.5, 1.5, 19.5, 9999.0, 9999.0, 9999.0, 121.5, 124.5, 120.5, 104.0, 135.25
2023-04-06, 06:14:07, 132.5, 52.25, 19.0, 26.0, 9999.0, 1.25, 1.5, 19.75, 9999.0, 9999.0, 9999.0, 121.5, 124.5, 120.5, 104.0, 135.5
2023-04-06, 06:14:11, 132.5, 52.25, 19.0, 26.0, 9999.0, 1.25, 1.5, 19.75, 9999.0, 9999.0, 9999.0, 121.25, 124.5, 120.5, 104.0, 135.25
2023-04-06, 06:14:15, 132.5, 52.0, 19.0, 25.75, 9999.0, 1.25, 1.5, 19.75, 9999.0, 9999.0, 9999.0, 121.25, 124.5, 120.5, 104.0, 135.25
2023-04-06, 06:14:19, 132.5, 52.0, 19.0, 25.75, 9999.0, 1.25, 1.5, 19.75, 9999.0, 9999.0, 9999.0, 121.25, 124.25, 120.5, 104.0, 135.25
2023-04-06, 06:14:23, 132.5, 52.0, 19.0, 26.0, 9999.0, 1.25, 1.5, 19.5, 9999.0, 9999.0, 9999.0, 121.25, 124.5, 120.5, 104.0, 135.25
2023-04-06, 06:14:27, 132.5, 52.0, 19.0, 25.75, 9999.0, 1.25, 1.5, 19.5, 9999.0, 9999.0, 9999.0, 121.25, 124.5, 120.5, 104.0, 135.25
2023-04-06, 06:14:31, 132.5, 52.0, 19.0, 26.0, 9999.0, 1.25, 1.5, 19.5, 9999.0, 9999.0, 9999.0, 121.0, 124.5, 120.5, 104.0, 135.25
2023-04-06, 06:14:35, 132.5, 52.25, 19.0, 25.75, 9999.0, 1.25, 1.5, 19.75, 9999.0, 9999.0, 9999.0, 121.0, 124.5, 120.5, 104.0, 135.5
2023-04-06, 06:14:39, 132.5, 52.25, 19.0, 26.0, 9999.0, 1.25, 1.5, 19.75, 9999.0, 9999.0, 9999.0, 121.25, 124.5, 120.5, 104.0, 135.25
2023-04-06, 06:14:43, 132.5, 52.0, 19.0, 26.0, 9999.0, 1.0, 1.5, 19.75, 9999.0, 9999.0, 9999.0, 121.0, 124.5, 120.5, 104.0, 135.25
2023-04-06, 06:14:47, 132.5, 52.0, 19.0, 26.0, 9999.0, 1.25, 1.5, 19.5, 9999.0, 9999.0, 9999.0, 121.0, 124.5, 120.5, 104.0, 135.25
2023-04-06, 06:14:51, 132.5, 52.0, 19.0, 26.0, 9999.0, 1.0, 1.5, 19.75, 9999.0, 9999.0, 9999.0, 120.75, 124.5, 120.5, 104.0, 135.25
2023-04-06, 06:14:55, 132.5, 52.0, 19.0, 26.0, 9999.0, 1.0, 1.25, 19.75, 9999.0, 9999.0, 9999.0, 121.0, 124.75, 120.5, 104.0, 135.25
2023-04-06, 06:14:59, 132.5, 52.0, 19.0, 26.25, 9999.0, 1.0, 1.5, 19.5, 9999.0, 9999.0, 9999.0, 120.75, 124.5, 120.5, 104.0, 135.25
2023-04-06, 06:15:03, 132.5, 52.0, 19.25, 26.0, 9999.0, 1.25, 1.5, 19.75, 9999.0, 9999.0, 9999.0, 120.75, 124.5, 120.5, 104.0, 135.5
2023-04-06, 06:15:07, 132.5, 52.25, 19.25, 26.0, 9999.0, 1.25, 1.5, 19.75, 9999.0, 9999.0, 9999.0, 120.75, 124.5, 120.5, 104.25, 135.25
2023-04-06, 06:15:11, 132.5, 52.0, 19.25, 26.25, 9999.0, 1.5, 1.25, 19.75, 9999.0, 9999.0, 9999.0, 120.75, 124.5, 120.5, 104.0, 135.25
2023-04-06, 06:15:15, 132.5, 52.0, 19.0, 26.0, 9999.0, 1.5, 1.5, 19.75, 9999.0, 9999.0, 9999.0, 120.75, 124.5, 120.5, 104.0, 135.25
2023-04-06, 06:15:19, 132.75, 52.0, 19.25, 26.25, 9999.0, 1.5, 1.5, 19.75, 9999.0, 9999.0, 9999.0, 121.5, 124.25, 120.5, 104.0, 135.25
2023-04-06, 06:15:23, 132.5, 52.0, 19.25, 26.25, 9999.0, 1.5, 1.5, 19.5, 9999.0, 9999.0, 9999.0, 121.25, 124.5, 120.5, 104.0, 135.25
2023-04-06, 06:15:27, 132.5, 52.0, 19.25, 26.25, 9999.0, 1.25, 1.5, 19.75, 9999.0, 9999.0, 9999.0, 121.5, 124.5, 120.5, 104.0, 135.25
2023-04-06, 06:15:31, 132.5, 52.0, 19.0, 26.0, 9999.0, 1.25, 1.5, 19.75, 9999.0, 9999.0, 9999.0, 121.25, 124.25, 120.5, 104.0, 135.25
2023-04-06, 06:15:35, 132.5, 52.0, 19.25, 26.0, 9999.0, 1.25, 1.5, 19.75, 9999.0, 9999.0, 9999.0, 121.25, 124.25, 120.5, 104.0, 135.25
2023-04-06, 06:15:39, 132.5, 52.0, 19.25, 26.0, 9999.0, 1.25, 1.5, 19.5, 9999.0, 9999.0, 9999.0, 121.25, 124.5, 120.5, 104.0, 135.25
2023-04-06, 06:15:43, 132.5, 52.0, 19.25, 26.0, 9999.0, 1.25, 1.5, 19.5, 9999.0, 9999.0, 9999.0, 121.0, 124.25, 120.5, 104.0, 135.25
2023-04-06, 06:15:47, 132.5, 52.0, 19.25, 26.0, 9999.0, 1.25, 1.5, 19.75, 9999.0, 9999.0, 9999.0, 121.0, 124.25, 120.5, 104.0, 135.25
2023-04-06, 06:15:51, 132.5, 52.0, 19.25, 26.0, 9999.0, 1.25, 1.5, 19.75, 9999.0, 9999.0, 9999.0, 121.0, 124.5, 120.5, 104.0, 135.25
2023-04-06, 06:15:55, 132.5, 52.0, 19.25, 26.0, 9999.0, 1.25, 1.5, 19.5, 9999.0, 9999.0, 9999.0, 121.0, 124.5, 120.5, 104.0, 135.25
2023-04-06, 06:15:59, 132.5, 52.0, 19.25, 26.0, 9999.0, 1.0, 1.5, 19.5, 9999.0, 9999.0, 9999.0, 121.0, 124.5, 120.5, 104.0, 135.25
2023-04-06, 06:16:03, 132.5, 52.0, 19.0, 26.25, 9999.0, 1.25, 1.5, 19.75, 9999.0, 9999.0, 9999.0, 121.0, 124.5, 120.5, 104.0, 135.25
2023-04-06, 06:16:07, 132.5, 52.0, 19.0, 26.25, 9999.0, 1.0, 1.5, 19.5, 9999.0, 9999.0, 9999.0, 121.0, 124.5, 120.5, 104.0, 135.25
2023-04-06, 06:16:11, 132.5, 52.0, 19.25, 26.25, 9999.0, 1.0, 1.5, 19.5, 9999.0, 9999.0, 9999.0, 121.0, 124.5, 120.5, 104.0, 135.25
2023-04-06, 06:16:15, 132.5, 52.0, 19.0, 25.75, 9999.0, 1.0, 1.5, 19.5, 9999.0, 9999.0, 9999.0, 121.0, 124.5, 120.5, 104.25, 135.25
2023-04-06, 06:16:19, 132.5, 52.0, 19.0, 26.0, 9999.0, 1.0, 1.5, 19.75, 9999.0, 9999.0, 9999.0, 121.0, 124.5, 120.5, 104.0, 135.25
2023-04-06, 06:16:23, 132.5, 52.25, 19.0, 26.0, 9999.0, 1.25, 1.5, 19.5, 9999.0, 9999.0, 9999.0, 120.75, 124.5, 120.5, 104.0, 135.25
2023-04-06, 06:16:27, 132.5, 52.0, 19.0, 26.25, 9999.0, 1.25, 1.5, 19.5, 9999.0, 9999.0, 9999.0, 120.75, 124.5, 120.5, 104.0, 135.5
2023-04-06, 06:16:31, 132.5, 52.0, 19.0, 26.25, 9999.0, 1.25, 1.5, 19.75, 9999.0, 9999.0, 9999.0, 120.75, 124.5, 120.5, 104.0, 135.25
2023-04-06, 06:16:36, 132.5, 52.0, 19.25, 26.25, 9999.0, 1.5, 1.5, 19.75, 9999.0, 9999.0, 9999.0, 120.75, 124.25, 120.5, 104.0, 135.25
2023-04-06, 06:16:40, 132.5, 52.0, 19.0, 26.25, 9999.0, 1.5, 1.5, 19.75, 9999.0, 9999.0, 9999.0, 121.5, 124.25, 120.5, 104.0, 135.25
2023-04-06, 06:16:44, 132.5, 52.0, 19.25, 26.25, 9999.0, 1.5, 1.5, 19.75, 9999.0, 9999.0, 9999.0, 121.5, 124.25, 120.5, 104.0, 135.25
2023-04-06, 06:16:48, 132.5, 52.0, 19.25, 26.25, 9999.0, 1.5, 1.5, 19.75, 9999.0, 9999.0, 9999.0, 121.5, 124.25, 120.5, 104.0, 135.25
2023-04-06, 06:16:52, 132.5, 52.0, 19.25, 26.0, 9999.0, 1.25, 1.5, 19.75, 9999.0, 9999.0, 9999.0, 121.25, 124.25, 120.5, 104.0, 135.25
2023-04-06, 06:16:56, 132.5, 52.0, 19.25, 26.0, 9999.0, 1.25, 1.5, 19.75, 9999.0, 9999.0, 9999.0, 121.25, 124.25, 120.5, 104.0, 135.25
2023-04-06, 06:17:00, 132.5, 52.0, 19.25, 26.0, 9999.0, 1.25, 1.5, 19.75, 9999.0, 9999.0, 9999.0, 121.25, 124.25, 120.5, 104.0, 135.25
2023-04-06, 06:17:04, 132.5, 52.0, 19.0, 25.75, 9999.0, 1.25, 1.5, 19.75, 9999.0, 9999.0, 9999.0, 121.0, 124.25, 120.5, 103.75, 135.25
2023-04-06, 06:17:08, 132.5, 52.0, 19.0, 25.75, 9999.0, 1.25, 1.5, 19.75, 9999.0, 9999.0, 9999.0, 121.0, 124.25, 120.5, 104.0, 135.25
2023-04-06, 06:17:12, 132.5, 52.0, 19.0, 25.75, 9999.0, 1.25, 1.5, 19.75, 9999.0, 9999.0, 9999.0, 121.25, 124.5, 120.5, 104.0, 135.25
2023-04-06, 06:17:16, 132.5, 52.0, 19.0, 26.0, 9999.0, 1.25, 1.5, 19.75, 9999.0, 9999.0, 9999.0, 121.0, 124.5, 120.5, 104.0, 135.25
2023-04-06, 06:17:20, 132.5, 52.0, 19.25, 25.75, 9999.0, 1.25, 1.5, 19.75, 9999.0, 9999.0, 9999.0, 121.0, 124.5, 120.5, 104.0, 135.25
2023-04-06, 06:17:24, 132.5, 52.0, 19.0, 26.0, 9999.0, 1.25, 1.5, 19.5, 9999.0, 9999.0, 9999.0, 121.0, 124.5, 120.5, 104.0, 135.25
2023-04-06, 06:17:28, 132.5, 52.0, 19.25, 26.0, 9999.0, 1.0, 1.5, 19.75, 9999.0, 9999.0, 9999.0, 121.0, 124.5, 120.5, 104.0, 135.25
2023-04-06, 06:17:32, 132.5, 52.25, 19.0, 26.25, 9999.0, 1.0, 1.5, 19.75, 9999.0, 9999.0, 9999.0, 121.0, 124.5, 120.5, 104.0, 135.25
2023-04-06, 06:17:36, 132.5, 52.0, 19.25, 26.0, 9999.0, 1.0, 1.5, 19.75, 9999.0, 9999.0, 9999.0, 121.0, 124.5, 120.5, 104.0, 135.25
2023-04-06, 06:17:40, 132.5, 52.0, 19.25, 26.0, 9999.0, 1.0, 1.5, 19.75, 9999.0, 9999.0, 9999.0, 120.75, 124.25, 120.5, 104.0, 135.25
2023-04-06, 06:17:44, 132.5, 52.25, 19.0, 26.0, 9999.0, 1.25, 1.5, 19.75, 9999.0, 9999.0, 9999.0, 120.75, 124.5, 120.5, 104.0, 135.25
2023-04-06, 06:17:48, 132.75, 52.0, 19.0, 26.0, 9999.0, 1.25, 1.5, 19.75, 9999.0, 9999.0, 9999.0, 120.75, 124.5, 120.5, 104.0, 135.25
2023-04-06, 06:17:52, 132.5, 52.0, 19.25, 26.0, 9999.0, 1.5, 1.5, 19.75, 9999.0, 9999.0, 9999.0, 120.75, 124.5, 120.5, 104.0, 135.25
2023-04-06, 06:17:56, 132.5, 52.0, 19.25, 26.25, 9999.0, 1.5, 1.5, 19.75, 9999.0, 9999.0, 9999.0, 120.75, 124.5, 120.5, 104.0, 135.25
2023-04-06, 06:18:00, 132.5, 52.0, 19.0, 26.25, 9999.0, 1.5, 1.5, 19.75, 9999.0, 9999.0, 9999.0, 121.5, 124.5, 120.5, 104.0, 135.25
2023-04-06, 06:18:04, 132.5, 52.0, 19.0, 26.25, 9999.0, 1.5, 1.5, 19.75, 9999.0, 9999.0, 9999.0, 121.25, 124.5, 120.25, 104.25, 135.25
2023-04-06, 06:18:08, 132.5, 52.0, 19.0, 26.25, 9999.0, 1.5, 1.5, 19.75, 9999.0, 9999.0, 9999.0, 121.25, 124.5, 120.5, 104.25, 135.25
2023-04-06, 06:18:12, 132.5, 52.25, 19.25, 26.25, 9999.0, 1.5, 1.5, 19.75, 9999.0, 9999.0, 9999.0, 121.25, 124.25, 120.5, 104.25, 135.25
2023-04-06, 06:18:16, 132.5, 52.25, 19.25, 26.25, 9999.0, 1.25, 1.5, 19.75, 9999.0, 9999.0, 9999.0, 121.25, 124.25, 120.5, 104.25, 135.25
2023-04-06, 06:18:20, 132.5, 52.0, 19.25, 26.25, 9999.0, 1.25, 1.5, 19.75, 9999.0, 9999.0, 9999.0, 121.25, 124.5, 120.5, 104.25, 135.25
2023-04-06, 06:18:24, 132.5, 52.25, 19.25, 26.25, 9999.0, 1.25, 1.5, 19.75, 9999.0, 9999.0, 9999.0, 121.25, 124.25, 120.5, 104.25, 135.25
2023-04-06, 06:18:28, 132.75, 52.25, 19.25, 26.25, 9999.0, 1.25, 1.5, 19.75, 9999.0, 9999.0, 9999.0, 121.25, 124.25, 120.5, 104.25, 135.25
2023-04-06, 06:18:32, 132.75, 52.25, 19.25, 26.25, 9999.0, 1.25, 1.5, 19.75, 9999.0, 9999.0, 9999.0, 121.25, 124.5, 120.5, 104.25, 135.25
2023-04-06, 06:18:36, 132.75, 52.0, 19.0, 26.0, 9999.0, 1.25, 1.5, 19.5, 9999.0, 9999.0, 9999.0, 121.0, 124.5, 120.5, 104.25, 135.25
2023-04-06, 06:18:40, 132.5, 52.25, 19.0, 26.0, 9999.0, 1.25, 1.5, 19.75, 9999.0, 9999.0, 9999.0, 121.0, 124.5, 120.5, 104.25, 135.5
2023-04-06, 06:18:44, 132.5, 52.0, 19.25, 25.75, 9999.0, 1.0, 1.5, 19.75, 9999.0, 9999.0, 9999.0, 121.0, 124.5, 120.5, 104.25, 135.5
2023-04-06, 06:18:48, 132.75, 52.25, 19.0, 26.0, 9999.0, 1.25, 1.5, 19.75, 9999.0, 9999.0, 9999.0, 121.0, 124.5, 120.5, 104.25, 135.25
2023-04-06, 06:18:52, 132.75, 52.25, 19.25, 26.0, 9999.0, 1.25, 1.5, 19.75, 9999.0, 9999.0, 9999.0, 121.0, 124.5, 120.5, 104.0, 135.25
2023-04-06, 06:18:56, 132.5, 52.25, 19.25, 26.0, 9999.0, 1.25, 1.5, 19.75, 9999.0, 9999.0, 9999.0, 121.0, 124.5, 120.5, 104.25, 135.25
2023-04-06, 06:19:00, 132.5, 52.25, 19.25, 25.75, 9999.0, 1.0, 1.5, 19.75, 9999.0, 9999.0, 9999.0, 121.0, 124.5, 120.5, 104.25, 135.25
2023-04-06, 06:19:04, 132.5, 52.25, 19.25, 26.0, 9999.0, 1.25, 1.5, 19.75, 9999.0, 9999.0, 9999.0, 120.75, 124.25, 120.5, 104.25, 135.5
2023-04-06, 06:19:08, 132.5, 52.0, 19.25, 26.0, 9999.0, 1.25, 1.5, 19.75, 9999.0, 9999.0, 9999.0, 120.75, 124.5, 120.5, 104.25, 135.25
2023-04-06, 06:19:12, 132.75, 52.25, 19.25, 26.0, 9999.0, 1.25, 1.5, 19.75, 9999.0, 9999.0, 9999.0, 120.75, 124.5, 120.5, 104.25, 135.5
2023-04-06, 06:19:16, 132.5, 52.0, 19.0, 26.25, 9999.0, 1.5, 1.5, 19.75, 9999.0, 9999.0, 9999.0, 120.75, 124.25, 120.5, 104.25, 135.5
2023-04-06, 06:19:20, 132.75, 52.0, 19.0, 26.25, 9999.0, 1.5, 1.5, 19.75, 9999.0, 9999.0, 9999.0, 120.75, 124.5, 120.5, 104.25, 135.5
2023-04-06, 06:19:24, 132.75, 52.0, 19.25, 26.25, 9999.0, 1.5, 1.5, 19.75, 9999.0, 9999.0, 9999.0, 121.5, 124.5, 120.5, 104.25, 135.25
2023-04-06, 06:19:28, 132.75, 52.0, 19.25, 26.25, 9999.0, 1.5, 1.5, 19.75, 9999.0, 9999.0, 9999.0, 121.5, 124.5, 120.5, 104.0, 135.5
2023-04-06, 06:19:32, 132.75, 52.25, 19.25, 26.0, 9999.0, 1.5, 1.5, 19.75, 9999.0, 9999.0, 9999.0, 121.25, 124.25, 120.5, 104.25, 135.5
2023-04-06, 06:19:36, 132.75, 52.0, 19.25, 25.75, 9999.0, 1.25, 1.5, 19.75, 9999.0, 9999.0, 9999.0, 121.25, 124.5, 120.5, 104.0, 135.25
2023-04-06, 06:19:40, 132.5, 52.25, 19.25, 25.75, 9999.0, 1.25, 1.5, 19.75, 9999.0, 9999.0, 9999.0, 121.25, 124.5, 120.5, 104.0, 135.25
2023-04-06, 06:19:44, 132.75, 52.0, 19.25, 26.0, 9999.0, 1.25, 1.5, 19.75, 9999.0, 9999.0, 9999.0, 121.25, 124.25, 120.5, 104.25, 135.25
2023-04-06, 06:19:48, 132.75, 52.25, 19.25, 26.0, 9999.0, 1.25, 1.5, 19.75, 9999.0, 9999.0, 9999.0, 121.25, 124.25, 120.5, 104.25, 135.25
2023-04-06, 06:19:52, 132.5, 52.0, 19.25, 26.25, 9999.0, 1.25, 1.5, 19.75, 9999.0, 9999.0, 9999.0, 121.25, 124.5, 120.5, 104.25, 135.5
2023-04-06, 06:19:56, 132.75, 52.25, 19.25, 26.0, 9999.0, 1.25, 1.5, 19.75, 9999.0, 9999.0, 9999.0, 121.25, 124.5, 120.5, 104.25, 135.25
2023-04-06, 06:20:00, 132.75, 52.25, 19.25, 25.75, 9999.0, 1.25, 1.5, 19.75, 9999.0, 9999.0, 9999.0, 121.0, 124.5, 120.5, 104.25, 135.5
2023-04-06, 06:20:04, 132.75, 52.25, 19.25, 25.75, 9999.0, 1.25, 1.5, 19.75, 9999.0, 9999.0, 9999.0, 121.0, 124.5, 120.5, 104.25, 135.5
2023-04-06, 06:20:08, 132.5, 52.25, 19.25, 26.25, 9999.0, 1.0, 1.5, 19.75, 9999.0, 9999.0, 9999.0, 121.0, 124.5, 120.5, 104.25, 135.25
2023-04-06, 06:20:12, 132.75, 52.25, 19.0, 26.25, 9999.0, 1.25, 1.5, 19.75, 9999.0, 9999.0, 9999.0, 121.0, 124.5, 120.5, 104.25, 135.5
2023-04-06, 06:20:16, 132.75, 52.25, 19.25, 26.25, 9999.0, 1.25, 1.5, 19.75, 9999.0, 9999.0, 9999.0, 121.0, 124.5, 120.5, 104.25, 135.25
2023-04-06, 06:20:20, 132.75, 52.25, 19.25, 26.25, 9999.0, 1.25, 1.5, 19.75, 9999.0, 9999.0, 9999.0, 121.0, 124.5, 120.5, 104.25, 135.5
2023-04-06, 06:20:24, 132.75, 52.25, 19.25, 26.0, 9999.0, 1.0, 1.5, 19.75, 9999.0, 9999.0, 9999.0, 121.0, 124.5, 120.5, 104.25, 135.25
2023-04-06, 06:20:28, 132.75, 52.25, 19.25, 26.25, 9999.0, 1.25, 1.5, 19.75, 9999.0, 9999.0, 9999.0, 120.75, 124.25, 120.5, 104.0, 135.5
2023-04-06, 06:20:32, 132.75, 52.0, 19.25, 26.25, 9999.0, 1.25, 1.5, 19.75, 9999.0, 9999.0, 9999.0, 120.75, 124.5, 120.5, 104.25, 135.25
2023-04-06, 06:20:36, 132.75, 52.25, 19.25, 26.25, 9999.0, 1.5, 1.5, 19.75, 9999.0, 9999.0, 9999.0, 120.75, 124.5, 120.5, 104.25, 135.5
2023-04-06, 06:20:40, 132.75, 52.25, 19.25, 25.75, 9999.0, 1.5, 1.5, 19.75, 9999.0, 9999.0, 9999.0, 120.75, 124.5, 120.5, 104.25, 135.5
2023-04-06, 06:20:44, 132.75, 52.25, 19.25, 25.75, 9999.0, 1.5, 1.5, 19.75, 9999.0, 9999.0, 9999.0, 121.5, 124.5, 120.5, 104.25, 135.5
2023-04-06, 06:20:48, 132.75, 52.25, 19.25, 26.0, 9999.0, 1.5, 1.5, 19.75, 9999.0, 9999.0, 9999.0, 121.5, 124.25, 120.5, 104.25, 135.5
2023-04-06, 06:20:52, 132.75, 52.25, 19.25, 26.0, 9999.0, 1.5, 1.5, 19.75, 9999.0, 9999.0, 9999.0, 121.5, 124.25, 120.5, 104.25, 135.5
2023-04-06, 06:20:56, 132.75, 52.25, 19.25, 26.25, 9999.0, 1.5, 1.5, 19.75, 9999.0, 9999.0, 9999.0, 121.25, 124.5, 120.5, 104.25, 135.25
2023-04-06, 06:21:00, 132.75, 52.25, 19.25, 26.25, 9999.0, 1.25, 1.5, 19.75, 9999.0, 9999.0, 9999.0, 121.25, 124.25, 120.5, 104.25, 135.5
2023-04-06, 06:21:05, 132.75, 52.25, 19.25, 26.25, 9999.0, 1.5, 1.5, 19.75, 9999.0, 9999.0, 9999.0, 121.25, 124.25, 120.5, 104.25, 135.25
2023-04-06, 06:21:09, 132.75, 52.25, 19.25, 26.25, 9999.0, 1.25, 1.5, 19.75, 9999.0, 9999.0, 9999.0, 121.25, 124.25, 120.5, 104.25, 135.5
2023-04-06, 06:21:13, 132.75, 52.25, 19.25, 26.25, 9999.0, 1.5, 1.5, 19.75, 9999.0, 9999.0, 9999.0, 121.25, 124.5, 120.5, 104.25, 135.5
2023-04-06, 06:21:17, 132.75, 52.25, 19.25, 26.25, 9999.0, 1.25, 1.5, 19.75, 9999.0, 9999.0, 9999.0, 121.25, 124.5, 120.5, 104.25, 135.5
2023-04-06, 06:21:21, 132.75, 52.25, 19.25, 26.25, 9999.0, 1.25, 1.5, 19.75, 9999.0, 9999.0, 9999.0, 121.25, 124.5, 120.5, 104.25, 135.5
2023-04-06, 06:21:25, 132.75, 52.25, 19.25, 26.0, 9999.0, 1.25, 1.5, 19.75, 9999.0, 9999.0, 9999.0, 121.0, 124.5, 120.5, 104.25, 135.5
2023-04-06, 06:21:29, 132.75, 52.25, 19.25, 26.25, 9999.0, 1.25, 1.5, 19.75, 9999.0, 9999.0, 9999.0, 121.0, 124.5, 120.5, 104.25, 135.5
2023-04-06, 06:21:33, 132.75, 52.25, 19.25, 26.25, 9999.0, 1.25, 1.5, 19.75, 9999.0, 9999.0, 9999.0, 121.0, 124.5, 120.5, 104.25, 135.5
2023-04-06, 06:21:37, 132.75, 52.25, 19.25, 26.25, 9999.0, 0.75, 1.5, 19.75, 9999.0, 9999.0, 9999.0, 121.0, 124.5, 120.5, 104.25, 135.5
2023-04-06, 06:21:41, 132.75, 52.25, 19.25, 26.25, 9999.0, 1.25, 1.5, 19.75, 9999.0, 9999.0, 9999.0, 121.0, 124.5, 120.5, 104.25, 135.5
2023-04-06, 06:21:45, 132.75, 52.25, 19.25, 26.25, 9999.0, 1.25, 1.5, 19.75, 9999.0, 9999.0, 9999.0, 120.75, 124.5, 120.5, 104.25, 135.5
2023-04-06, 06:21:49, 132.75, 52.25, 19.25, 26.25, 9999.0, 1.5, 1.5, 19.75, 9999.0, 9999.0, 9999.0, 120.75, 124.5, 120.5, 104.0, 135.5
2023-04-06, 06:21:53, 132.75, 52.25, 19.25, 26.25, 9999.0, 1.25, 1.5, 19.75, 9999.0, 9999.0, 9999.0, 120.75, 124.5, 120.5, 104.25, 135.5
2023-04-06, 06:21:57, 132.75, 52.25, 19.25, 26.25, 9999.0, 1.5, 1.5, 19.75, 9999.0, 9999.0, 9999.0, 120.75, 124.5, 120.5, 104.25, 135.5
2023-04-06, 06:22:01, 132.75, 52.25, 19.25, 26.25, 9999.0, 1.5, 1.75, 19.75, 9999.0, 9999.0, 9999.0, 120.75, 124.5, 120.5, 104.25, 135.5
2023-04-06, 06:22:05, 132.75, 52.25, 19.25, 26.0, 9999.0, 1.5, 1.75, 20.0, 9999.0, 9999.0, 9999.0, 121.5, 124.5, 120.5, 104.25, 135.5
2023-04-06, 06:22:09, 132.75, 52.25, 19.25, 26.25, 9999.0, 1.5, 1.5, 19.75, 9999.0, 9999.0, 9999.0, 121.5, 124.5, 120.5, 104.25, 135.5
2023-04-06, 06:22:13, 132.75, 52.25, 19.25, 26.0, 9999.0, 1.5, 1.5, 19.75, 9999.0, 9999.0, 9999.0, 121.5, 124.5, 120.5, 104.25, 135.5
2023-04-06, 06:22:17, 132.75, 52.25, 19.25, 26.25, 9999.0, 1.5, 1.75, 19.75, 9999.0, 9999.0, 9999.0, 121.25, 124.5, 120.5, 104.25, 135.5
2023-04-06, 06:22:21, 132.75, 52.25, 19.25, 26.25, 9999.0, 1.5, 1.5, 19.75, 9999.0, 9999.0, 9999.0, 121.25, 124.5, 120.5, 104.25, 135.5
2023-04-06, 06:22:25, 132.75, 52.25, 19.25, 26.25, 9999.0, 1.25, 1.5, 19.75, 9999.0, 9999.0, 9999.0, 121.25, 124.5, 120.5, 104.5, 135.5
2023-04-06, 06:22:29, 132.5, 52.25, 19.25, 26.25, 9999.0, 1.5, 1.5, 19.75, 9999.0, 9999.0, 9999.0, 121.25, 124.5, 120.5, 104.25, 135.5
2023-04-06, 06:22:33, 132.75, 52.25, 19.25, 26.25, 9999.0, 1.5, 1.75, 19.75, 9999.0, 9999.0, 9999.0, 121.25, 124.5, 120.5, 104.25, 135.5
2023-04-06, 06:22:37, 132.75, 52.25, 19.25, 26.25, 9999.0, 1.5, 1.5, 19.75, 9999.0, 9999.0, 9999.0, 121.25, 124.5, 120.5, 104.25, 135.5
2023-04-06, 06:22:41, 132.75, 52.25, 19.25, 26.25, 9999.0, 1.25, 1.5, 19.75, 9999.0, 9999.0, 9999.0, 121.25, 124.75, 120.5, 104.25, 135.5
2023-04-06, 06:22:45, 132.75, 52.25, 19.25, 26.25, 9999.0, 1.25, 1.75, 20.0, 9999.0, 9999.0, 9999.0, 121.0, 124.5, 120.5, 104.25, 135.5
2023-04-06, 06:22:49, 132.75, 52.25, 19.25, 26.25, 9999.0, 1.25, 1.5, 19.75, 9999.0, 9999.0, 9999.0, 121.0, 124.5, 120.5, 104.25, 135.5
2023-04-06, 06:22:53, 132.75, 52.25, 19.25, 26.0, 9999.0, 1.25, 1.5, 19.75, 9999.0, 9999.0, 9999.0, 121.0, 124.5, 120.5, 104.25, 135.5
2023-04-06, 06:22:57, 132.75, 52.25, 19.25, 26.0, 9999.0, 1.25, 1.5, 19.75, 9999.0, 9999.0, 9999.0, 121.0, 124.5, 120.5, 104.25, 135.5
2023-04-06, 06:23:01, 132.75, 52.25, 19.25, 26.0, 9999.0, 1.25, 1.5, 19.75, 9999.0, 9999.0, 9999.0, 121.0, 124.5, 120.5, 104.25, 135.5
2023-04-06, 06:23:05, 132.75, 52.25, 19.25, 25.75, 9999.0, 1.25, 1.5, 19.75, 9999.0, 9999.0, 9999.0, 120.75, 124.5, 120.75, 104.25, 135.5
2023-04-06, 06:23:09, 132.75, 52.25, 19.25, 25.75, 9999.0, 1.5, 1.5, 19.75, 9999.0, 9999.0, 9999.0, 121.0, 124.5, 120.5, 104.25, 135.5
2023-04-06, 06:23:13, 132.75, 52.25, 19.25, 26.0, 9999.0, 1.5, 1.5, 19.75, 9999.0, 9999.0, 9999.0, 120.75, 124.5, 120.5, 104.25, 135.5
2023-04-06, 06:23:17, 132.75, 52.25, 19.25, 25.75, 9999.0, 1.5, 1.75, 19.75, 9999.0, 9999.0, 9999.0, 120.75, 124.5, 120.5, 104.25, 135.5
2023-04-06, 06:23:21, 132.75, 52.25, 19.25, 26.0, 9999.0, 1.5, 1.75, 20.0, 9999.0, 9999.0, 9999.0, 120.75, 124.5, 120.5, 104.25, 135.5
2023-04-06, 06:23:25, 132.75, 52.25, 19.25, 26.25, 9999.0, 1.5, 1.75, 19.75, 9999.0, 9999.0, 9999.0, 120.75, 124.5, 120.5, 104.25, 135.5
2023-04-06, 06:23:29, 132.75, 52.25, 19.25, 26.25, 9999.0, 1.5, 1.5, 20.0, 9999.0, 9999.0, 9999.0, 121.5, 124.5, 120.5, 104.25, 135.5
2023-04-06, 06:23:33, 132.75, 52.25, 19.25, 26.25, 9999.0, 1.5, 1.5, 20.0, 9999.0, 9999.0, 9999.0, 121.5, 124.5, 120.5, 104.25, 135.5
2023-04-06, 06:23:37, 132.75, 52.25, 19.25, 26.25, 9999.0, 1.25, 1.75, 20.0, 9999.0, 9999.0, 9999.0, 121.5, 124.5, 120.5, 104.25, 135.5
2023-04-06, 06:23:41, 132.75, 52.25, 19.5, 26.25, 9999.0, 1.5, 1.75, 20.0, 9999.0, 9999.0, 9999.0, 121.5, 124.5, 120.5, 104.25, 135.5
2023-04-06, 06:23:45, 132.75, 52.25, 19.25, 26.25, 9999.0, 1.5, 1.75, 20.0, 9999.0, 9999.0, 9999.0, 121.25, 124.5, 120.5, 104.25, 135.5
2023-04-06, 06:23:49, 132.75, 52.25, 19.25, 26.0, 9999.0, 1.5, 1.75, 20.0, 9999.0, 9999.0, 9999.0, 121.25, 124.5, 120.25, 104.25, 135.5
2023-04-06, 06:23:53, 132.75, 52.25, 19.25, 26.25, 9999.0, 1.5, 1.5, 19.75, 9999.0, 9999.0, 9999.0, 121.25, 124.5, 120.5, 104.25, 135.5
2023-04-06, 06:23:57, 132.75, 52.25, 19.25, 26.25, 9999.0, 1.25, 1.75, 19.75, 9999.0, 9999.0, 9999.0, 121.25, 124.5, 120.5, 104.25, 135.5
2023-04-06, 06:24:01, 132.75, 52.25, 19.25, 26.25, 9999.0, 1.25, 1.75, 20.0, 9999.0, 9999.0, 9999.0, 121.0, 124.5, 120.5, 104.25, 135.5
2023-04-06, 06:24:05, 132.75, 52.5, 19.25, 26.25, 9999.0, 1.5, 1.75, 19.75, 9999.0, 9999.0, 9999.0, 121.25, 124.5, 120.5, 104.25, 135.5
2023-04-06, 06:24:09, 132.75, 52.25, 19.25, 26.25, 9999.0, 1.25, 1.75, 20.0, 9999.0, 9999.0, 9999.0, 121.0, 124.5, 120.5, 104.25, 135.5
2023-04-06, 06:24:13, 132.75, 52.25, 19.25, 26.25, 9999.0, 1.25, 1.5, 20.0, 9999.0, 9999.0, 9999.0, 121.0, 124.5, 120.5, 104.5, 135.5
2023-04-06, 06:24:17, 132.75, 52.25, 19.25, 26.0, 9999.0, 1.25, 1.75, 20.0, 9999.0, 9999.0, 9999.0, 121.0, 124.5, 120.5, 104.25, 135.5
2023-04-06, 06:24:21, 132.75, 52.25, 19.5, 26.0, 9999.0, 1.25, 1.75, 19.75, 9999.0, 9999.0, 9999.0, 121.0, 124.5, 120.5, 104.25, 135.5
2023-04-06, 06:24:25, 132.75, 52.5, 19.5, 26.25, 9999.0, 1.25, 1.75, 20.0, 9999.0, 9999.0, 9999.0, 121.0, 124.5, 120.5, 104.25, 135.5
2023-04-06, 06:24:29, 133.0, 52.5, 19.5, 26.0, 9999.0, 1.25, 1.5, 20.0, 9999.0, 9999.0, 9999.0, 121.0, 124.5, 120.75, 104.25, 135.5
2023-04-06, 06:24:33, 132.75, 52.25, 19.25, 26.25, 9999.0, 1.5, 1.75, 20.0, 9999.0, 9999.0, 9999.0, 120.75, 124.5, 120.5, 104.25, 135.5
2023-04-06, 06:24:37, 132.75, 52.25, 19.25, 25.75, 9999.0, 1.5, 1.75, 20.0, 9999.0, 9999.0, 9999.0, 120.75, 124.5, 120.5, 104.25, 135.5
2023-04-06, 06:24:41, 132.75, 52.5, 19.25, 26.0, 9999.0, 1.75, 1.75, 20.0, 9999.0, 9999.0, 9999.0, 120.75, 124.5, 120.5, 104.25, 135.5
2023-04-06, 06:24:45, 132.75, 52.5, 19.5, 26.0, 9999.0, 1.75, 1.75, 20.0, 9999.0, 9999.0, 9999.0, 120.75, 124.5, 120.5, 104.25, 135.5
2023-04-06, 06:24:49, 132.75, 52.25, 19.25, 26.0, 9999.0, 1.75, 1.75, 20.0, 9999.0, 9999.0, 9999.0, 121.5, 124.5, 120.5, 104.25, 135.5
2023-04-06, 06:24:53, 132.75, 52.25, 19.25, 26.25, 9999.0, 1.5, 1.75, 20.0, 9999.0, 9999.0, 9999.0, 121.5, 124.25, 120.5, 104.25, 135.5
2023-04-06, 06:24:57, 132.75, 52.5, 19.25, 26.25, 9999.0, 1.5, 1.75, 19.75, 9999.0, 9999.0, 9999.0, 121.5, 124.5, 120.5, 104.25, 135.5
2023-04-06, 06:25:01, 132.75, 52.25, 19.25, 26.0, 9999.0, 1.5, 1.75, 20.0, 9999.0, 9999.0, 9999.0, 121.5, 124.5, 120.5, 104.25, 135.5
2023-04-06, 06:25:05, 132.75, 52.5, 19.25, 26.0, 9999.0, 1.5, 1.75, 20.0, 9999.0, 9999.0, 9999.0, 121.25, 124.5, 120.5, 104.25, 135.5
2023-04-06, 06:25:09, 132.75, 52.25, 19.25, 26.0, 9999.0, 1.5, 1.75, 20.0, 9999.0, 9999.0, 9999.0, 121.25, 124.25, 120.5, 104.25, 135.5
2023-04-06, 06:25:13, 132.75, 52.25, 19.25, 26.0, 9999.0, 1.5, 1.75, 20.0, 9999.0, 9999.0, 9999.0, 121.25, 124.5, 120.5, 104.25, 135.5
2023-04-06, 06:25:17, 132.75, 52.5, 19.25, 26.25, 9999.0, 1.5, 1.75, 19.75, 9999.0, 9999.0, 9999.0, 121.0, 124.5, 120.5, 104.25, 135.5
2023-04-06, 06:25:21, 132.75, 52.25, 19.25, 26.25, 9999.0, 1.5, 1.75, 19.75, 9999.0, 9999.0, 9999.0, 121.25, 124.5, 120.5, 104.25, 135.5
2023-04-06, 06:25:25, 132.75, 52.5, 19.5, 26.5, 9999.0, 1.5, 1.75, 20.0, 9999.0, 9999.0, 9999.0, 121.25, 124.5, 120.5, 104.25, 135.5
2023-04-06, 06:25:29, 132.75, 52.5, 19.5, 26.25, 9999.0, 1.5, 1.75, 20.0, 9999.0, 9999.0, 9999.0, 121.25, 124.25, 120.5, 104.25, 135.5
2023-04-06, 06:25:34, 132.75, 52.5, 19.25, 26.25, 9999.0, 1.5, 1.75, 20.0, 9999.0, 9999.0, 9999.0, 121.25, 124.5, 120.5, 104.25, 135.5
2023-04-06, 06:25:38, 132.75, 52.5, 19.25, 26.25, 9999.0, 1.5, 1.75, 20.0, 9999.0, 9999.0, 9999.0, 121.25, 124.5, 120.5, 104.25, 135.5
2023-04-06, 06:25:42, 132.75, 52.5, 19.25, 26.25, 9999.0, 1.5, 1.75, 20.0, 9999.0, 9999.0, 9999.0, 121.0, 124.5, 120.5, 104.25, 135.5
2023-04-06, 06:25:46, 132.75, 52.5, 19.25, 26.25, 9999.0, 1.5, 1.75, 20.0, 9999.0, 9999.0, 9999.0, 121.0, 124.5, 120.5, 104.25, 135.5
2023-04-06, 06:25:50, 132.75, 52.5, 19.25, 26.25, 9999.0, 1.25, 1.5, 20.0, 9999.0, 9999.0, 9999.0, 121.0, 124.5, 120.5, 104.25, 135.5
2023-04-06, 06:25:54, 132.75, 52.5, 19.5, 26.5, 9999.0, 1.5, 1.75, 20.0, 9999.0, 9999.0, 9999.0, 121.0, 124.5, 120.5, 104.25, 135.5
2023-04-06, 06:25:58, 132.75, 52.25, 19.25, 26.25, 9999.0, 1.5, 1.75, 20.0, 9999.0, 9999.0, 9999.0, 121.0, 124.5, 120.5, 104.25, 135.5
2023-04-06, 06:26:02, 132.75, 52.5, 19.25, 26.25, 9999.0, 1.5, 1.5, 20.0, 9999.0, 9999.0, 9999.0, 121.0, 124.5, 120.5, 104.25, 135.5
2023-04-06, 06:26:06, 132.75, 52.5, 19.25, 26.25, 9999.0, 1.75, 1.5, 20.0, 9999.0, 9999.0, 9999.0, 120.75, 124.5, 120.5, 104.25, 135.5
2023-04-06, 06:26:10, 132.75, 52.5, 19.25, 26.25, 9999.0, 1.75, 1.75, 20.0, 9999.0, 9999.0, 9999.0, 121.5, 124.5, 120.5, 104.25, 135.5
2023-04-06, 06:26:14, 132.75, 52.5, 19.25, 26.25, 9999.0, 1.75, 1.75, 20.0, 9999.0, 9999.0, 9999.0, 121.5, 124.5, 120.5, 104.25, 135.5
2023-04-06, 06:26:18, 133.0, 52.5, 19.25, 26.25, 9999.0, 1.5, 1.75, 20.0, 9999.0, 9999.0, 9999.0, 121.5, 124.5, 120.5, 104.25, 135.5
2023-04-06, 06:26:22, 132.75, 52.5, 19.25, 26.25, 9999.0, 1.75, 1.75, 20.0, 9999.0, 9999.0, 9999.0, 121.5, 124.5, 120.5, 104.25, 135.5
2023-04-06, 06:26:26, 132.75, 52.25, 19.5, 26.25, 9999.0, 1.5, 1.75, 20.0, 9999.0, 9999.0, 9999.0, 121.5, 124.5, 120.5, 104.25, 135.5
2023-04-06, 06:26:30, 132.75, 52.5, 19.5, 26.25, 9999.0, 1.5, 1.75, 20.0, 9999.0, 9999.0, 9999.0, 121.5, 124.5, 120.5, 104.25, 135.5
2023-04-06, 06:26:34, 132.75, 52.5, 19.5, 26.25, 9999.0, 1.5, 1.75, 20.0, 9999.0, 9999.0, 9999.0, 121.25, 124.5, 120.5, 104.25, 135.5
2023-04-06, 06:26:38, 132.75, 52.5, 19.25, 26.0, 9999.0, 1.5, 1.75, 20.0, 9999.0, 9999.0, 9999.0, 121.25, 124.5, 120.5, 104.25, 135.5
2023-04-06, 06:26:42, 132.75, 52.25, 19.5, 26.25, 9999.0, 1.5, 1.75, 19.75, 9999.0, 9999.0, 9999.0, 121.25, 124.5, 120.5, 104.5, 135.5
2023-04-06, 06:26:46, 132.75, 52.25, 19.25, 26.25, 9999.0, 1.5, 1.75, 20.0, 9999.0, 9999.0, 9999.0, 121.25, 124.5, 120.5, 104.25, 135.5
2023-04-06, 06:26:50, 132.75, 52.5, 19.5, 26.25, 9999.0, 1.25, 1.75, 20.0, 9999.0, 9999.0, 9999.0, 121.25, 124.5, 120.5, 104.25, 135.5
2023-04-06, 06:26:54, 132.75, 52.25, 19.25, 26.25, 9999.0, 1.5, 1.75, 20.0, 9999.0, 9999.0, 9999.0, 121.25, 124.5, 120.5, 104.25, 135.5
2023-04-06, 06:26:58, 132.75, 52.5, 19.25, 26.25, 9999.0, 1.5, 1.75, 19.75, 9999.0, 9999.0, 9999.0, 121.25, 124.5, 120.5, 104.25, 135.5
2023-04-06, 06:27:02, 132.75, 52.5, 19.5, 26.25, 9999.0, 1.5, 1.75, 20.0, 9999.0, 9999.0, 9999.0, 121.0, 124.5, 120.5, 104.25, 135.5
2023-04-06, 06:27:06, 133.0, 52.5, 19.5, 26.25, 9999.0, 1.5, 1.75, 20.0, 9999.0, 9999.0, 9999.0, 121.0, 124.5, 120.5, 104.25, 135.5
2023-04-06, 06:27:10, 132.75, 52.25, 19.5, 26.25, 9999.0, 1.5, 1.75, 20.0, 9999.0, 9999.0, 9999.0, 121.0, 124.5, 120.5, 104.25, 135.5
2023-04-06, 06:27:14, 132.75, 52.5, 19.5, 26.25, 9999.0, 1.5, 1.75, 20.0, 9999.0, 9999.0, 9999.0, 121.0, 124.5, 120.5, 104.25, 135.5
2023-04-06, 06:27:18, 133.0, 52.5, 19.25, 26.25, 9999.0, 1.5, 1.75, 20.0, 9999.0, 9999.0, 9999.0, 121.0, 124.5, 120.5, 104.25, 135.5
2023-04-06, 06:27:22, 133.0, 52.5, 19.5, 26.25, 9999.0, 1.5, 1.75, 20.0, 9999.0, 9999.0, 9999.0, 121.0, 124.5, 120.5, 104.25, 135.5
2023-04-06, 06:27:26, 132.75, 52.5, 19.5, 26.25, 9999.0, 1.75, 1.75, 20.0, 9999.0, 9999.0, 9999.0, 120.75, 124.5, 120.5, 104.25, 135.5
2023-04-06, 06:27:30, 132.75, 52.5, 19.5, 26.5, 9999.0, 1.75, 1.75, 20.0, 9999.0, 9999.0, 9999.0, 121.75, 124.5, 120.5, 104.25, 135.5
2023-04-06, 06:27:34, 133.0, 52.5, 19.5, 26.25, 9999.0, 1.5, 1.75, 20.0, 9999.0, 9999.0, 9999.0, 121.5, 124.5, 120.5, 104.25, 135.5
2023-04-06, 06:27:38, 132.75, 52.25, 19.25, 26.0, 9999.0, 1.75, 1.75, 20.0, 9999.0, 9999.0, 9999.0, 121.5, 124.5, 120.5, 104.25, 135.5
2023-04-06, 06:27:42, 132.75, 52.25, 19.25, 26.0, 9999.0, 1.75, 1.75, 20.0, 9999.0, 9999.0, 9999.0, 121.5, 124.5, 120.5, 104.25, 135.5
2023-04-06, 06:27:46, 133.0, 52.5, 19.25, 26.0, 9999.0, 1.5, 1.75, 20.0, 9999.0, 9999.0, 9999.0, 121.25, 124.25, 120.5, 104.25, 135.5
2023-04-06, 06:27:50, 133.0, 52.5, 19.5, 26.0, 9999.0, 1.5, 1.75, 20.0, 9999.0, 9999.0, 9999.0, 121.25, 124.25, 120.5, 104.25, 135.5
2023-04-06, 06:27:54, 132.75, 52.5, 19.25, 26.25, 9999.0, 1.5, 1.75, 20.0, 9999.0, 9999.0, 9999.0, 121.25, 124.25, 120.5, 104.25, 135.5
2023-04-06, 06:27:58, 132.75, 52.5, 19.25, 26.25, 9999.0, 1.5, 1.75, 20.0, 9999.0, 9999.0, 9999.0, 121.25, 124.25, 120.5, 104.25, 135.5
2023-04-06, 06:28:02, 133.0, 52.5, 19.5, 26.25, 9999.0, 1.5, 1.75, 20.0, 9999.0, 9999.0, 9999.0, 121.25, 124.5, 120.5, 104.25, 135.5
2023-04-06, 06:28:06, 133.0, 52.5, 19.5, 26.25, 9999.0, 1.5, 1.75, 20.0, 9999.0, 9999.0, 9999.0, 121.25, 124.5, 120.5, 104.25, 135.5
2023-04-06, 06:28:10, 133.0, 52.5, 19.5, 26.25, 9999.0, 1.5, 1.75, 20.0, 9999.0, 9999.0, 9999.0, 121.25, 124.5, 120.5, 104.25, 135.5
2023-04-06, 06:28:14, 132.75, 52.5, 19.25, 26.25, 9999.0, 1.5, 1.75, 20.0, 9999.0, 9999.0, 9999.0, 121.25, 124.5, 120.5, 104.25, 135.5
2023-04-06, 06:28:18, 132.75, 52.5, 19.5, 26.25, 9999.0, 1.5, 1.75, 20.0, 9999.0, 9999.0, 9999.0, 121.25, 124.5, 120.5, 104.25, 135.5
2023-04-06, 06:28:22, 132.75, 52.5, 19.25, 26.5, 9999.0, 1.5, 1.75, 20.0, 9999.0, 9999.0, 9999.0, 121.25, 124.5, 120.5, 104.25, 135.5
2023-04-06, 06:28:26, 132.75, 52.5, 19.25, 26.25, 9999.0, 1.5, 1.75, 20.0, 9999.0, 9999.0, 9999.0, 121.0, 124.5, 120.5, 104.25, 135.5
2023-04-06, 06:28:30, 132.75, 52.5, 19.25, 26.5, 9999.0, 1.5, 1.75, 20.0, 9999.0, 9999.0, 9999.0, 121.0, 124.5, 120.5, 104.25, 135.5
2023-04-06, 06:28:34, 132.75, 52.5, 19.25, 26.0, 9999.0, 1.5, 1.75, 20.0, 9999.0, 9999.0, 9999.0, 120.75, 124.5, 120.5, 104.25, 135.5
2023-04-06, 06:28:38, 132.75, 52.5, 19.25, 26.0, 9999.0, 1.5, 1.75, 20.0, 9999.0, 9999.0, 9999.0, 121.0, 124.5, 120.5, 104.25, 135.5
2023-04-06, 06:28:42, 132.75, 52.5, 19.25, 26.0, 9999.0, 1.5, 1.75, 20.0, 9999.0, 9999.0, 9999.0, 121.0, 124.5, 120.5, 104.25, 135.5
2023-04-06, 06:28:46, 132.75, 52.5, 19.25, 26.0, 9999.0, 1.75, 1.75, 20.0, 9999.0, 9999.0, 9999.0, 120.75, 124.5, 120.5, 104.25, 135.5
2023-04-06, 06:28:50, 133.0, 52.5, 19.5, 26.25, 9999.0, 1.75, 1.75, 20.0, 9999.0, 9999.0, 9999.0, 120.75, 124.5, 120.5, 104.25, 135.25
2023-04-06, 06:28:54, 132.75, 52.5, 19.25, 26.25, 9999.0, 1.75, 1.75, 20.0, 9999.0, 9999.0, 9999.0, 121.75, 124.25, 120.5, 104.25, 135.5
2023-04-06, 06:28:58, 132.75, 52.5, 19.25, 26.0, 9999.0, 1.75, 1.75, 20.0, 9999.0, 9999.0, 9999.0, 121.5, 124.5, 120.5, 104.25, 135.5
2023-04-06, 06:29:02, 132.75, 52.5, 19.25, 26.25, 9999.0, 1.5, 1.75, 20.0, 9999.0, 9999.0, 9999.0, 121.5, 124.25, 120.5, 104.25, 135.5
2023-04-06, 06:29:06, 132.75, 52.5, 19.25, 26.25, 9999.0, 1.5, 1.75, 20.0, 9999.0, 9999.0, 9999.0, 121.5, 124.5, 120.5, 104.25, 135.5
2023-04-06, 06:29:10, 132.75, 52.25, 19.25, 26.0, 9999.0, 1.5, 1.75, 20.0, 9999.0, 9999.0, 9999.0, 121.25, 124.25, 120.5, 104.25, 135.5
2023-04-06, 06:29:14, 132.75, 52.25, 19.25, 26.0, 9999.0, 1.5, 1.75, 20.0, 9999.0, 9999.0, 9999.0, 121.25, 124.25, 120.5, 104.25, 135.5
2023-04-06, 06:29:18, 132.75, 52.25, 19.25, 26.0, 9999.0, 1.5, 1.75, 20.0, 9999.0, 9999.0, 9999.0, 121.25, 124.25, 120.5, 104.25, 135.5
2023-04-06, 06:29:22, 132.75, 52.25, 19.25, 26.0, 9999.0, 1.5, 1.75, 19.75, 9999.0, 9999.0, 9999.0, 121.25, 124.5, 120.5, 104.25, 135.5
2023-04-06, 06:29:26, 132.75, 52.5, 19.25, 26.0, 9999.0, 1.5, 1.75, 20.0, 9999.0, 9999.0, 9999.0, 121.25, 124.5, 120.5, 104.25, 135.5
2023-04-06, 06:29:30, 132.75, 52.25, 19.25, 26.0, 9999.0, 1.5, 1.75, 19.75, 9999.0, 9999.0, 9999.0, 121.25, 124.5, 120.5, 104.25, 135.5
2023-04-06, 06:29:34, 132.75, 52.5, 19.25, 26.0, 9999.0, 1.5, 1.75, 20.0, 9999.0, 9999.0, 9999.0, 121.25, 124.5, 120.5, 104.25, 135.5
2023-04-06, 06:29:38, 132.75, 52.0, 19.25, 26.0, 9999.0, 1.5, 1.75, 20.0, 9999.0, 9999.0, 9999.0, 121.25, 124.5, 120.5, 104.25, 135.5
2023-04-06, 06:29:42, 132.75, 52.25, 19.25, 26.0, 9999.0, 1.25, 1.75, 20.0, 9999.0, 9999.0, 9999.0, 121.0, 124.5, 120.5, 104.25, 135.5
2023-04-06, 06:29:46, 132.75, 52.25, 19.25, 26.0, 9999.0, 1.5, 1.75, 20.0, 9999.0, 9999.0, 9999.0, 121.0, 124.5, 120.5, 104.25, 135.5
2023-04-06, 06:29:50, 132.75, 52.5, 19.25, 25.75, 9999.0, 1.5, 1.75, 20.0, 9999.0, 9999.0, 9999.0, 121.0, 124.5, 120.5, 104.25, 135.5
2023-04-06, 06:29:54, 132.75, 52.25, 19.25, 26.0, 9999.0, 1.25, 1.5, 20.0, 9999.0, 9999.0, 9999.0, 121.0, 124.5, 120.5, 104.25, 135.5
2023-04-06, 06:29:59, 132.75, 52.25, 19.25, 26.0, 9999.0, 1.5, 1.75, 19.75, 9999.0, 9999.0, 9999.0, 121.0, 124.5, 120.5, 104.25, 135.5
2023-04-06, 06:30:03, 132.75, 52.25, 19.25, 26.25, 9999.0, 1.5, 1.75, 20.0, 9999.0, 9999.0, 9999.0, 121.0, 124.5, 120.5, 104.25, 135.5
2023-04-06, 06:30:07, 132.75, 52.25, 19.25, 26.0, 9999.0, 1.75, 1.5, 20.0, 9999.0, 9999.0, 9999.0, 120.75, 124.5, 120.5, 104.25, 135.5
2023-04-06, 06:30:11, 132.75, 52.25, 19.25, 26.25, 9999.0, 1.75, 1.75, 20.0, 9999.0, 9999.0, 9999.0, 120.75, 124.25, 120.5, 104.25, 135.5
2023-04-06, 06:30:15, 132.75, 52.25, 19.25, 26.25, 9999.0, 1.75, 1.75, 20.0, 9999.0, 9999.0, 9999.0, 121.5, 124.5, 120.5, 104.25, 135.5
2023-04-06, 06:30:19, 132.75, 52.25, 19.25, 26.25, 9999.0, 1.75, 1.75, 20.0, 9999.0, 9999.0, 9999.0, 121.5, 124.5, 120.5, 104.0, 135.5
2023-04-06, 06:30:23, 132.75, 52.25, 19.25, 26.25, 9999.0, 1.5, 1.75, 19.75, 9999.0, 9999.0, 9999.0, 121.5, 124.25, 120.5, 104.25, 135.5
2023-04-06, 06:30:27, 132.75, 52.25, 19.25, 26.0, 9999.0, 1.5, 1.75, 19.75, 9999.0, 9999.0, 9999.0, 121.25, 124.25, 120.5, 104.25, 135.5
2023-04-06, 06:30:31, 132.75, 52.25, 19.25, 26.0, 9999.0, 1.5, 1.75, 20.0, 9999.0, 9999.0, 9999.0, 121.25, 124.25, 120.5, 104.0, 135.5
2023-04-06, 06:30:35, 132.75, 52.25, 19.25, 26.25, 9999.0, 1.5, 1.75, 19.75, 9999.0, 9999.0, 9999.0, 121.25, 124.25, 120.5, 104.25, 135.25
2023-04-06, 06:30:39, 132.75, 52.25, 19.25, 26.0, 9999.0, 1.5, 1.75, 19.75, 9999.0, 9999.0, 9999.0, 121.25, 124.25, 120.5, 104.25, 135.5
2023-04-06, 06:30:43, 132.75, 52.25, 19.25, 26.0, 9999.0, 1.5, 1.75, 19.75, 9999.0, 9999.0, 9999.0, 121.25, 124.5, 120.5, 104.0, 135.5
2023-04-06, 06:30:47, 132.75, 52.25, 19.25, 26.25, 9999.0, 1.5, 1.5, 19.75, 9999.0, 9999.0, 9999.0, 121.25, 124.5, 120.5, 104.25, 135.25
2023-04-06, 06:30:51, 132.75, 52.25, 19.25, 26.25, 9999.0, 1.5, 1.75, 19.75, 9999.0, 9999.0, 9999.0, 121.25, 124.5, 120.25, 104.25, 135.5
2023-04-06, 06:30:55, 132.75, 52.25, 19.25, 26.0, 9999.0, 1.5, 1.75, 19.75, 9999.0, 9999.0, 9999.0, 121.0, 124.5, 120.5, 104.25, 135.5
2023-04-06, 06:30:59, 132.75, 52.25, 19.0, 26.0, 9999.0, 1.25, 1.75, 19.75, 9999.0, 9999.0, 9999.0, 121.0, 124.5, 120.5, 104.25, 135.5
2023-04-06, 06:31:03, 132.75, 52.25, 19.0, 26.0, 9999.0, 1.25, 1.5, 19.75, 9999.0, 9999.0, 9999.0, 121.0, 124.5, 120.5, 104.25, 135.5
2023-04-06, 06:31:07, 132.75, 52.25, 19.25, 26.0, 9999.0, 1.5, 1.75, 19.75, 9999.0, 9999.0, 9999.0, 120.75, 124.5, 120.5, 104.25, 135.5
2023-04-06, 06:31:11, 132.75, 52.25, 19.25, 26.0, 9999.0, 1.25, 1.75, 19.75, 9999.0, 9999.0, 9999.0, 121.0, 124.5, 120.5, 104.25, 135.5
2023-04-06, 06:31:15, 132.75, 52.25, 19.25, 26.25, 9999.0, 1.25, 1.75, 19.75, 9999.0, 9999.0, 9999.0, 121.0, 124.5, 120.5, 104.25, 135.25
2023-04-06, 06:31:19, 132.75, 52.25, 19.25, 26.0, 9999.0, 1.5, 1.75, 19.75, 9999.0, 9999.0, 9999.0, 121.0, 124.5, 120.5, 104.0, 135.5
2023-04-06, 06:31:23, 132.75, 52.25, 19.25, 26.0, 9999.0, 1.5, 1.5, 19.75, 9999.0, 9999.0, 9999.0, 120.75, 124.5, 120.5, 104.25, 135.25
2023-04-06, 06:31:27, 132.75, 52.25, 19.25, 26.0, 9999.0, 1.5, 1.75, 19.75, 9999.0, 9999.0, 9999.0, 120.75, 124.5, 120.5, 104.25, 135.5
2023-04-06, 06:31:31, 132.75, 52.25, 19.25, 26.0, 9999.0, 1.75, 1.75, 19.75, 9999.0, 9999.0, 9999.0, 120.75, 124.5, 120.5, 104.0, 135.25
2023-04-06, 06:31:35, 132.75, 52.25, 19.25, 26.25, 9999.0, 1.75, 1.5, 19.75, 9999.0, 9999.0, 9999.0, 121.5, 124.5, 120.5, 104.0, 135.25
2023-04-06, 06:31:39, 132.75, 52.25, 19.25, 26.0, 9999.0, 1.5, 1.5, 19.75, 9999.0, 9999.0, 9999.0, 121.5, 124.25, 120.5, 104.0, 135.5
2023-04-06, 06:31:43, 132.75, 52.25, 19.0, 26.25, 9999.0, 1.5, 1.75, 19.75, 9999.0, 9999.0, 9999.0, 121.5, 124.25, 120.5, 104.25, 135.25
2023-04-06, 06:31:47, 132.75, 52.25, 19.0, 26.0, 9999.0, 1.5, 1.75, 19.75, 9999.0, 9999.0, 9999.0, 121.25, 124.25, 120.5, 104.25, 135.5
2023-04-06, 06:31:51, 132.75, 52.25, 19.25, 26.25, 9999.0, 1.5, 1.75, 19.75, 9999.0, 9999.0, 9999.0, 121.25, 124.25, 120.5, 104.25, 135.5
2023-04-06, 06:31:55, 132.75, 52.25, 19.0, 26.25, 9999.0, 1.5, 1.75, 19.75, 9999.0, 9999.0, 9999.0, 121.25, 124.25, 120.25, 104.25, 135.25
2023-04-06, 06:31:59, 132.75, 52.25, 19.25, 26.0, 9999.0, 1.5, 1.75, 19.75, 9999.0, 9999.0, 9999.0, 121.25, 124.25, 120.5, 104.25, 135.25
2023-04-06, 06:32:03, 132.5, 52.0, 19.0, 26.0, 9999.0, 1.5, 1.75, 19.75, 9999.0, 9999.0, 9999.0, 121.0, 124.25, 120.25, 104.0, 135.25
2023-04-06, 06:32:07, 132.5, 52.25, 19.25, 26.25, 9999.0, 1.5, 1.5, 19.75, 9999.0, 9999.0, 9999.0, 121.0, 124.5, 120.25, 104.0, 135.5
2023-04-06, 06:32:11, 132.75, 52.25, 19.0, 26.0, 9999.0, 1.5, 1.75, 19.75, 9999.0, 9999.0, 9999.0, 121.25, 124.5, 120.5, 104.25, 135.5
2023-04-06, 06:32:15, 132.75, 52.25, 19.0, 26.0, 9999.0, 1.25, 1.5, 19.75, 9999.0, 9999.0, 9999.0, 121.0, 124.25, 120.5, 104.25, 135.5
2023-04-06, 06:32:19, 132.75, 52.0, 19.0, 26.0, 9999.0, 1.25, 1.75, 19.75, 9999.0, 9999.0, 9999.0, 121.0, 124.25, 120.5, 104.25, 135.25
2023-04-06, 06:32:23, 132.5, 52.25, 19.0, 26.25, 9999.0, 1.25, 1.5, 19.75, 9999.0, 9999.0, 9999.0, 121.0, 124.5, 120.25, 104.0, 135.5
2023-04-06, 06:32:27, 132.75, 52.25, 19.0, 26.25, 9999.0, 1.25, 1.5, 19.75, 9999.0, 9999.0, 9999.0, 121.0, 124.5, 120.5, 104.0, 135.5
2023-04-06, 06:32:31, 132.5, 52.25, 19.0, 26.25, 9999.0, 1.25, 1.5, 19.75, 9999.0, 9999.0, 9999.0, 121.0, 124.5, 120.25, 104.0, 135.25
2023-04-06, 06:32:35, 132.5, 52.0, 19.0, 26.0, 9999.0, 1.25, 1.5, 19.75, 9999.0, 9999.0, 9999.0, 121.0, 124.25, 120.5, 104.0, 135.0
2023-04-06, 06:32:39, 132.75, 52.0, 19.0, 26.0, 9999.0, 1.5, 1.5, 19.75, 9999.0, 9999.0, 9999.0, 120.75, 124.25, 120.5, 104.0, 135.25
2023-04-06, 06:32:43, 132.5, 52.25, 19.0, 26.0, 9999.0, 1.5, 1.5, 19.75, 9999.0, 9999.0, 9999.0, 120.75, 124.25, 120.5, 104.0, 135.25
2023-04-06, 06:32:47, 132.5, 52.25, 19.0, 26.25, 9999.0, 1.5, 1.5, 19.75, 9999.0, 9999.0, 9999.0, 120.75, 124.25, 120.5, 104.0, 135.25
2023-04-06, 06:32:51, 132.75, 52.0, 19.0, 26.0, 9999.0, 1.5, 1.5, 19.75, 9999.0, 9999.0, 9999.0, 120.75, 124.25, 120.25, 104.0, 135.25
2023-04-06, 06:32:55, 132.5, 52.0, 19.25, 26.0, 9999.0, 1.5, 1.75, 19.75, 9999.0, 9999.0, 9999.0, 121.5, 124.25, 120.5, 104.0, 135.25
2023-04-06, 06:32:59, 132.75, 52.25, 19.25, 26.0, 9999.0, 1.5, 1.5, 19.75, 9999.0, 9999.0, 9999.0, 121.5, 124.25, 120.5, 104.0, 135.25
2023-04-06, 06:33:03, 132.5, 52.0, 19.0, 26.25, 9999.0, 1.5, 1.5, 19.75, 9999.0, 9999.0, 9999.0, 121.25, 124.25, 120.5, 104.0, 135.25
2023-04-06, 06:33:07, 132.5, 52.0, 19.25, 26.0, 9999.0, 1.5, 1.5, 19.75, 9999.0, 9999.0, 9999.0, 121.25, 124.25, 120.25, 104.0, 135.25
2023-04-06, 06:33:11, 132.75, 52.0, 19.25, 26.25, 9999.0, 1.5, 1.5, 19.75, 9999.0, 9999.0, 9999.0, 121.25, 124.0, 120.25, 104.0, 135.25
2023-04-06, 06:33:15, 132.5, 52.25, 19.25, 26.0, 9999.0, 1.25, 1.5, 19.75, 9999.0, 9999.0, 9999.0, 121.25, 124.25, 120.5, 104.0, 135.25
2023-04-06, 06:33:19, 132.5, 52.0, 19.0, 26.0, 9999.0, 1.25, 1.75, 19.75, 9999.0, 9999.0, 9999.0, 121.25, 124.25, 120.5, 104.0, 135.25
2023-04-06, 06:33:23, 132.5, 52.0, 19.0, 26.0, 9999.0, 1.25, 1.5, 19.75, 9999.0, 9999.0, 9999.0, 121.0, 124.25, 120.25, 104.0, 135.25
2023-04-06, 06:33:27, 132.5, 52.0, 19.0, 26.25, 9999.0, 1.5, 1.5, 19.75, 9999.0, 9999.0, 9999.0, 121.0, 124.5, 120.25, 104.25, 135.25
2023-04-06, 06:33:31, 132.5, 52.0, 19.0, 26.25, 9999.0, 1.25, 1.5, 19.75, 9999.0, 9999.0, 9999.0, 121.0, 124.5, 120.5, 104.0, 135.25
2023-04-06, 06:33:35, 132.5, 52.0, 19.0, 26.25, 9999.0, 1.25, 1.5, 19.75, 9999.0, 9999.0, 9999.0, 121.0, 124.5, 120.5, 104.0, 135.25
2023-04-06, 06:33:39, 132.5, 52.0, 19.0, 26.25, 9999.0, 1.25, 1.5, 19.75, 9999.0, 9999.0, 9999.0, 121.0, 124.25, 120.25, 104.0, 135.25
2023-04-06, 06:33:43, 132.5, 52.0, 19.0, 26.0, 9999.0, 1.25, 1.5, 19.75, 9999.0, 9999.0, 9999.0, 121.0, 124.25, 120.25, 104.0, 135.25
2023-04-06, 06:33:47, 132.75, 52.25, 19.0, 26.0, 9999.0, 1.25, 1.5, 19.75, 9999.0, 9999.0, 9999.0, 121.0, 124.25, 120.25, 104.25, 135.25
2023-04-06, 06:33:51, 132.5, 52.0, 19.25, 26.0, 9999.0, 1.0, 1.5, 19.75, 9999.0, 9999.0, 9999.0, 120.75, 124.25, 120.25, 104.0, 135.25
2023-04-06, 06:33:55, 132.5, 52.0, 19.25, 26.0, 9999.0, 1.25, 1.5, 19.75, 9999.0, 9999.0, 9999.0, 120.75, 124.25, 120.5, 104.0, 135.25
2023-04-06, 06:33:59, 132.5, 52.0, 19.0, 26.0, 9999.0, 1.0, 1.5, 19.5, 9999.0, 9999.0, 9999.0, 120.75, 124.25, 120.5, 104.0, 135.25
2023-04-06, 06:34:03, 132.5, 52.0, 19.0, 26.0, 9999.0, 1.25, 1.5, 19.75, 9999.0, 9999.0, 9999.0, 120.75, 124.25, 120.25, 104.0, 135.25
2023-04-06, 06:34:07, 132.5, 52.0, 19.0, 26.0, 9999.0, 1.5, 1.5, 19.75, 9999.0, 9999.0, 9999.0, 120.75, 124.25, 120.25, 104.0, 135.25
2023-04-06, 06:34:11, 132.5, 52.0, 19.0, 26.25, 9999.0, 1.5, 1.5, 19.75, 9999.0, 9999.0, 9999.0, 120.5, 124.25, 120.5, 104.0, 135.25
2023-04-06, 06:34:15, 132.5, 52.0, 19.0, 26.25, 9999.0, 1.5, 1.5, 19.75, 9999.0, 9999.0, 9999.0, 121.5, 124.25, 120.5, 104.0, 135.25
2023-04-06, 06:34:19, 132.5, 52.0, 19.0, 26.25, 9999.0, 1.5, 1.5, 19.75, 9999.0, 9999.0, 9999.0, 121.25, 124.25, 120.25, 104.0, 135.25
2023-04-06, 06:34:23, 132.5, 52.0, 19.0, 26.25, 9999.0, 1.5, 1.5, 19.75, 9999.0, 9999.0, 9999.0, 121.25, 124.25, 120.25, 104.0, 135.25
2023-04-06, 06:34:28, 132.5, 52.0, 19.0, 26.25, 9999.0, 1.5, 1.5, 19.5, 9999.0, 9999.0, 9999.0, 121.25, 124.25, 120.25, 104.0, 135.25
2023-04-06, 06:34:32, 132.5, 52.0, 19.0, 26.0, 9999.0, 1.25, 1.5, 19.75, 9999.0, 9999.0, 9999.0, 121.25, 124.25, 120.0, 104.0, 135.25
2023-04-06, 06:34:36, 132.5, 52.0, 19.0, 26.0, 9999.0, 1.25, 1.5, 19.5, 9999.0, 9999.0, 9999.0, 121.0, 124.25, 120.25, 104.0, 135.25
2023-04-06, 06:34:40, 132.5, 52.0, 19.0, 26.0, 9999.0, 1.25, 1.5, 19.5, 9999.0, 9999.0, 9999.0, 121.0, 124.25, 120.25, 104.0, 135.25
2023-04-06, 06:34:44, 132.5, 52.0, 19.0, 26.25, 9999.0, 1.25, 1.5, 19.75, 9999.0, 9999.0, 9999.0, 121.0, 124.25, 120.25, 104.0, 135.25
2023-04-06, 06:34:48, 132.5, 52.0, 19.0, 26.25, 9999.0, 1.25, 1.5, 19.5, 9999.0, 9999.0, 9999.0, 121.0, 124.5, 120.5, 104.0, 135.25
2023-04-06, 06:34:52, 132.5, 52.0, 19.0, 26.0, 9999.0, 1.25, 1.5, 19.5, 9999.0, 9999.0, 9999.0, 121.0, 124.5, 120.5, 104.0, 135.25
2023-04-06, 06:34:56, 132.5, 52.0, 19.0, 26.25, 9999.0, 1.25, 1.5, 19.75, 9999.0, 9999.0, 9999.0, 121.0, 124.25, 120.5, 104.0, 135.25
2023-04-06, 06:35:00, 132.5, 52.0, 19.0, 26.25, 9999.0, 1.25, 1.5, 19.75, 9999.0, 9999.0, 9999.0, 121.0, 124.5, 120.25, 104.0, 135.25
2023-04-06, 06:35:04, 132.5, 52.0, 19.0, 26.25, 9999.0, 1.25, 1.5, 19.5, 9999.0, 9999.0, 9999.0, 121.0, 124.25, 120.5, 104.0, 135.25
2023-04-06, 06:35:08, 132.5, 52.0, 19.0, 26.0, 9999.0, 1.25, 1.5, 19.5, 9999.0, 9999.0, 9999.0, 120.75, 124.25, 120.5, 104.0, 135.25
2023-04-06, 06:35:12, 132.5, 52.0, 19.0, 26.25, 9999.0, 1.25, 1.5, 19.75, 9999.0, 9999.0, 9999.0, 120.75, 124.25, 120.25, 104.0, 135.25
2023-04-06, 06:35:16, 132.5, 52.0, 19.0, 26.25, 9999.0, 1.0, 1.5, 19.75, 9999.0, 9999.0, 9999.0, 120.75, 124.25, 120.5, 104.0, 135.25
2023-04-06, 06:35:20, 132.5, 52.0, 19.0, 26.0, 9999.0, 1.25, 1.5, 19.5, 9999.0, 9999.0, 9999.0, 120.75, 124.25, 120.25, 104.0, 135.25
2023-04-06, 06:35:24, 132.5, 52.0, 19.0, 26.25, 9999.0, 1.5, 1.5, 19.5, 9999.0, 9999.0, 9999.0, 120.5, 124.25, 120.25, 104.0, 135.25
2023-04-06, 06:35:28, 132.5, 52.0, 19.0, 26.0, 9999.0, 1.5, 1.5, 19.5, 9999.0, 9999.0, 9999.0, 120.5, 124.25, 120.5, 104.0, 135.25
2023-04-06, 06:35:32, 132.5, 52.0, 19.0, 26.25, 9999.0, 1.5, 1.5, 19.5, 9999.0, 9999.0, 9999.0, 120.5, 124.25, 120.5, 104.0, 135.25
2023-04-06, 06:35:36, 132.5, 52.0, 19.0, 26.25, 9999.0, 1.25, 1.5, 19.5, 9999.0, 9999.0, 9999.0, 121.5, 124.0, 120.0, 104.0, 135.25
2023-04-06, 06:35:40, 132.5, 52.0, 19.0, 26.0, 9999.0, 1.25, 1.5, 19.75, 9999.0, 9999.0, 9999.0, 121.25, 124.25, 120.5, 104.0, 135.0
2023-04-06, 06:35:44, 132.5, 52.0, 19.0, 26.0, 9999.0, 1.5, 1.5, 19.5, 9999.0, 9999.0, 9999.0, 121.25, 124.25, 120.25, 104.0, 135.25
2023-04-06, 06:35:48, 132.5, 52.0, 19.0, 26.25, 9999.0, 1.5, 1.5, 19.5, 9999.0, 9999.0, 9999.0, 121.25, 124.25, 120.5, 104.0, 135.25
2023-04-06, 06:35:52, 132.5, 52.0, 19.0, 26.0, 9999.0, 1.25, 1.5, 19.5, 9999.0, 9999.0, 9999.0, 121.25, 124.25, 120.5, 104.0, 135.25
2023-04-06, 06:35:56, 132.5, 52.0, 19.0, 26.25, 9999.0, 1.25, 1.5, 19.5, 9999.0, 9999.0, 9999.0, 121.0, 124.25, 120.25, 104.0, 135.25
2023-04-06, 06:36:00, 132.5, 52.0, 19.0, 26.0, 9999.0, 1.25, 1.5, 19.5, 9999.0, 9999.0, 9999.0, 121.0, 124.25, 120.25, 104.0, 135.25
2023-04-06, 06:36:04, 132.5, 52.0, 19.0, 26.25, 9999.0, 1.25, 1.5, 19.5, 9999.0, 9999.0, 9999.0, 121.0, 124.5, 120.5, 104.0, 135.25
2023-04-06, 06:36:08, 132.5, 51.75, 18.75, 26.0, 9999.0, 1.0, 1.5, 19.5, 9999.0, 9999.0, 9999.0, 121.0, 124.5, 120.5, 104.25, 135.25
2023-04-06, 06:36:12, 132.5, 51.75, 19.0, 26.0, 9999.0, 1.25, 1.5, 19.5, 9999.0, 9999.0, 9999.0, 121.0, 124.5, 120.25, 104.0, 135.25
2023-04-06, 06:36:16, 132.5, 52.0, 18.75, 26.0, 9999.0, 1.25, 1.5, 19.5, 9999.0, 9999.0, 9999.0, 121.0, 124.5, 120.25, 104.0, 135.25
2023-04-06, 06:36:20, 132.5, 52.0, 18.75, 26.25, 9999.0, 1.25, 1.5, 19.5, 9999.0, 9999.0, 9999.0, 121.0, 124.5, 120.5, 104.0, 135.25
2023-04-06, 06:36:24, 132.5, 52.0, 19.0, 26.0, 9999.0, 1.25, 1.5, 19.5, 9999.0, 9999.0, 9999.0, 121.0, 124.5, 120.5, 104.0, 135.25
2023-04-06, 06:36:28, 132.5, 52.0, 19.0, 26.0, 9999.0, 1.0, 1.5, 19.75, 9999.0, 9999.0, 9999.0, 120.75, 124.25, 120.25, 104.0, 135.25
2023-04-06, 06:36:32, 132.5, 51.75, 19.0, 26.0, 9999.0, 1.0, 1.25, 19.5, 9999.0, 9999.0, 9999.0, 120.75, 124.5, 120.25, 104.0, 135.25
2023-04-06, 06:36:36, 132.5, 52.0, 19.0, 26.0, 9999.0, 1.0, 1.5, 19.5, 9999.0, 9999.0, 9999.0, 120.75, 124.25, 120.5, 104.0, 135.25
2023-04-06, 06:36:40, 132.5, 52.0, 19.0, 26.0, 9999.0, 1.25, 1.25, 19.75, 9999.0, 9999.0, 9999.0, 120.75, 124.25, 120.25, 104.0, 135.25
2023-04-06, 06:36:44, 132.5, 52.0, 19.0, 26.0, 9999.0, 1.25, 1.5, 19.5, 9999.0, 9999.0, 9999.0, 120.75, 124.25, 120.5, 104.0, 135.25
2023-04-06, 06:36:48, 132.25, 52.0, 19.0, 26.0, 9999.0, 1.5, 1.5, 19.5, 9999.0, 9999.0, 9999.0, 120.75, 124.25, 120.5, 104.0, 135.0
2023-04-06, 06:36:52, 132.25, 52.0, 19.0, 26.0, 9999.0, 1.5, 1.5, 19.5, 9999.0, 9999.0, 9999.0, 120.5, 124.0, 120.5, 104.0, 135.25
2023-04-06, 06:36:56, 132.25, 52.0, 18.75, 26.0, 9999.0, 1.5, 1.5, 19.5, 9999.0, 9999.0, 9999.0, 121.25, 124.25, 120.5, 104.0, 135.25
2023-04-06, 06:37:00, 132.5, 52.0, 19.0, 26.25, 9999.0, 1.5, 1.5, 19.5, 9999.0, 9999.0, 9999.0, 121.25, 124.25, 120.25, 104.0, 135.25
2023-04-06, 06:37:04, 132.5, 52.0, 19.0, 26.0, 9999.0, 1.25, 1.5, 19.5, 9999.0, 9999.0, 9999.0, 121.25, 124.25, 120.25, 104.0, 135.25
2023-04-06, 06:37:08, 132.5, 52.0, 19.0, 26.0, 9999.0, 1.25, 1.5, 19.5, 9999.0, 9999.0, 9999.0, 121.25, 124.25, 120.5, 104.0, 135.25
2023-04-06, 06:37:12, 132.25, 52.0, 19.0, 26.25, 9999.0, 1.25, 1.5, 19.5, 9999.0, 9999.0, 9999.0, 121.25, 124.25, 120.25, 104.0, 135.25
2023-04-06, 06:37:16, 132.5, 51.75, 19.0, 26.0, 9999.0, 1.25, 1.5, 19.5, 9999.0, 9999.0, 9999.0, 121.0, 124.25, 120.25, 104.0, 135.25
2023-04-06, 06:37:20, 132.5, 52.0, 19.0, 26.0, 9999.0, 1.25, 1.5, 19.5, 9999.0, 9999.0, 9999.0, 121.0, 124.0, 120.25, 104.0, 135.25
2023-04-06, 06:37:24, 132.5, 52.0, 19.0, 26.0, 9999.0, 1.25, 1.5, 19.5, 9999.0, 9999.0, 9999.0, 121.0, 124.25, 120.25, 104.0, 135.25
2023-04-06, 06:37:28, 132.5, 52.0, 19.0, 26.0, 9999.0, 1.25, 1.5, 19.5, 9999.0, 9999.0, 9999.0, 121.0, 124.5, 120.5, 104.0, 135.25
2023-04-06, 06:37:32, 132.25, 52.0, 19.0, 26.0, 9999.0, 1.0, 1.5, 19.5, 9999.0, 9999.0, 9999.0, 121.0, 124.5, 120.25, 104.0, 135.25
2023-04-06, 06:37:36, 132.5, 52.0, 19.0, 26.0, 9999.0, 1.25, 1.5, 19.5, 9999.0, 9999.0, 9999.0, 121.0, 124.5, 120.5, 104.0, 135.25
2023-04-06, 06:37:40, 132.5, 52.0, 19.0, 26.0, 9999.0, 1.0, 1.5, 19.5, 9999.0, 9999.0, 9999.0, 121.0, 124.5, 120.5, 104.0, 135.25
2023-04-06, 06:37:44, 132.5, 52.0, 19.0, 26.25, 9999.0, 1.0, 1.5, 19.5, 9999.0, 9999.0, 9999.0, 121.0, 124.25, 120.25, 104.0, 135.25
2023-04-06, 06:37:48, 132.5, 52.0, 19.0, 26.25, 9999.0, 1.0, 1.5, 19.5, 9999.0, 9999.0, 9999.0, 120.75, 124.25, 120.25, 104.0, 135.25
2023-04-06, 06:37:52, 132.5, 52.0, 19.0, 26.25, 9999.0, 1.0, 1.25, 19.5, 9999.0, 9999.0, 9999.0, 120.75, 124.5, 120.25, 104.0, 135.25
2023-04-06, 06:37:56, 132.5, 52.0, 19.0, 26.25, 9999.0, 1.0, 1.25, 19.5, 9999.0, 9999.0, 9999.0, 120.75, 124.25, 120.5, 104.0, 135.25
2023-04-06, 06:38:00, 132.5, 52.0, 19.0, 26.25, 9999.0, 1.25, 1.5, 19.5, 9999.0, 9999.0, 9999.0, 120.75, 124.25, 120.5, 104.0, 135.25
2023-04-06, 06:38:04, 132.5, 52.0, 19.0, 26.25, 9999.0, 1.25, 1.25, 19.5, 9999.0, 9999.0, 9999.0, 120.75, 124.25, 120.5, 104.0, 135.25
2023-04-06, 06:38:08, 132.25, 52.0, 19.0, 26.25, 9999.0, 1.25, 1.5, 19.5, 9999.0, 9999.0, 9999.0, 120.5, 124.25, 120.5, 104.0, 135.25
2023-04-06, 06:38:12, 132.5, 52.0, 18.75, 26.25, 9999.0, 1.5, 1.5, 19.5, 9999.0, 9999.0, 9999.0, 120.5, 124.25, 120.5, 104.0, 135.25
2023-04-06, 06:38:16, 132.25, 51.75, 18.75, 26.0, 9999.0, 1.5, 1.5, 19.5, 9999.0, 9999.0, 9999.0, 121.5, 124.25, 120.5, 104.0, 135.25
2023-04-06, 06:38:20, 132.5, 52.0, 18.75, 26.0, 9999.0, 1.5, 1.5, 19.5, 9999.0, 9999.0, 9999.0, 121.25, 124.25, 120.5, 104.0, 135.25
2023-04-06, 06:38:24, 132.25, 52.0, 19.0, 26.25, 9999.0, 1.25, 1.5, 19.5, 9999.0, 9999.0, 9999.0, 121.25, 124.25, 120.5, 104.0, 135.25
2023-04-06, 06:38:28, 132.25, 51.75, 19.0, 26.25, 9999.0, 1.25, 1.5, 19.5, 9999.0, 9999.0, 9999.0, 121.25, 124.25, 120.5, 104.0, 135.25
2023-04-06, 06:38:32, 132.5, 52.0, 19.0, 26.25, 9999.0, 1.25, 1.5, 19.5, 9999.0, 9999.0, 9999.0, 121.25, 124.25, 120.5, 104.25, 135.25
2023-04-06, 06:38:36, 132.25, 52.0, 19.0, 26.25, 9999.0, 1.25, 1.5, 19.5, 9999.0, 9999.0, 9999.0, 121.0, 124.25, 120.25, 104.0, 135.25
2023-04-06, 06:38:40, 132.5, 52.0, 19.0, 26.25, 9999.0, 1.25, 1.5, 19.5, 9999.0, 9999.0, 9999.0, 121.0, 124.25, 120.5, 104.0, 135.25
2023-04-06, 06:38:44, 132.25, 52.0, 19.0, 26.0, 9999.0, 1.25, 1.5, 19.5, 9999.0, 9999.0, 9999.0, 121.0, 124.25, 120.5, 104.0, 135.25
2023-04-06, 06:38:48, 132.25, 51.75, 19.0, 26.0, 9999.0, 1.25, 1.5, 19.5, 9999.0, 9999.0, 9999.0, 121.0, 124.5, 120.5, 104.0, 135.25
2023-04-06, 06:38:53, 132.5, 52.0, 19.0, 26.25, 9999.0, 1.25, 1.5, 19.5, 9999.0, 9999.0, 9999.0, 121.0, 124.5, 120.5, 104.0, 135.25
2023-04-06, 06:38:57, 132.25, 52.0, 19.25, 26.25, 9999.0, 1.25, 1.5, 19.5, 9999.0, 9999.0, 9999.0, 121.0, 124.5, 120.5, 104.0, 135.25
2023-04-06, 06:39:01, 132.25, 52.0, 19.0, 26.25, 9999.0, 1.0, 1.5, 19.5, 9999.0, 9999.0, 9999.0, 120.75, 124.25, 120.5, 104.25, 135.25
2023-04-06, 06:39:05, 132.25, 51.75, 19.0, 26.25, 9999.0, 1.0, 1.25, 19.75, 9999.0, 9999.0, 9999.0, 120.75, 124.5, 120.5, 104.0, 135.25
2023-04-06, 06:39:09, 132.25, 52.0, 19.0, 26.0, 9999.0, 1.25, 1.5, 19.75, 9999.0, 9999.0, 9999.0, 121.0, 124.5, 120.5, 104.0, 135.25
2023-04-06, 06:39:13, 132.25, 51.75, 19.0, 26.25, 9999.0, 1.0, 1.5, 19.5, 9999.0, 9999.0, 9999.0, 120.75, 124.25, 120.5, 104.0, 135.25
2023-04-06, 06:39:17, 132.25, 52.0, 19.0, 26.0, 9999.0, 1.0, 1.5, 19.75, 9999.0, 9999.0, 9999.0, 120.75, 124.25, 120.5, 104.25, 135.25
2023-04-06, 06:39:21, 132.5, 52.0, 19.0, 26.0, 9999.0, 1.25, 1.5, 19.5, 9999.0, 9999.0, 9999.0, 120.75, 124.25, 120.5, 104.25, 135.25
2023-04-06, 06:39:25, 132.5, 52.0, 19.0, 26.25, 9999.0, 1.25, 1.25, 19.5, 9999.0, 9999.0, 9999.0, 120.75, 124.25, 120.5, 104.25, 135.25
2023-04-06, 06:39:29, 132.25, 52.0, 19.0, 26.25, 9999.0, 1.25, 1.5, 19.5, 9999.0, 9999.0, 9999.0, 120.5, 124.25, 120.5, 104.0, 135.25
2023-04-06, 06:39:33, 132.5, 52.0, 19.0, 26.0, 9999.0, 1.5, 1.5, 19.75, 9999.0, 9999.0, 9999.0, 120.5, 124.25, 120.5, 104.0, 135.25
2023-04-06, 06:39:37, 132.25, 52.0, 19.0, 26.25, 9999.0, 1.5, 1.5, 19.5, 9999.0, 9999.0, 9999.0, 120.5, 124.25, 120.5, 104.0, 135.25
2023-04-06, 06:39:41, 132.5, 52.0, 19.0, 26.25, 9999.0, 1.5, 1.5, 19.5, 9999.0, 9999.0, 9999.0, 121.25, 124.25, 120.5, 104.0, 135.25
2023-04-06, 06:39:45, 132.25, 51.75, 19.0, 26.25, 9999.0, 1.5, 1.5, 19.5, 9999.0, 9999.0, 9999.0, 121.25, 124.25, 120.5, 104.0, 135.25
2023-04-06, 06:39:49, 132.25, 52.0, 19.0, 26.25, 9999.0, 1.25, 1.5, 19.5, 9999.0, 9999.0, 9999.0, 121.25, 124.25, 120.5, 104.0, 135.25
2023-04-06, 06:39:53, 132.5, 51.75, 19.0, 26.0, 9999.0, 1.25, 1.5, 19.5, 9999.0, 9999.0, 9999.0, 121.25, 124.25, 120.5, 104.0, 135.25
2023-04-06, 06:39:57, 132.5, 51.75, 19.0, 26.0, 9999.0, 1.25, 1.5, 19.5, 9999.0, 9999.0, 9999.0, 121.0, 124.25, 120.5, 104.0, 135.25
2023-04-06, 06:40:01, 132.25, 51.75, 19.0, 26.0, 9999.0, 1.25, 1.5, 19.5, 9999.0, 9999.0, 9999.0, 121.0, 124.25, 120.25, 104.0, 135.25
2023-04-06, 06:40:05, 132.5, 52.0, 19.0, 26.0, 9999.0, 1.25, 1.5, 19.5, 9999.0, 9999.0, 9999.0, 121.0, 124.25, 120.5, 104.0, 135.25
2023-04-06, 06:40:09, 132.5, 51.75, 19.0, 26.25, 9999.0, 1.25, 1.5, 19.5, 9999.0, 9999.0, 9999.0, 121.0, 124.5, 120.5, 104.0, 135.25
2023-04-06, 06:40:13, 132.5, 52.0, 19.0, 26.0, 9999.0, 1.0, 1.25, 19.5, 9999.0, 9999.0, 9999.0, 121.0, 124.5, 120.5, 104.0, 135.25
2023-04-06, 06:40:17, 132.5, 52.0, 19.0, 26.0, 9999.0, 1.0, 1.25, 19.5, 9999.0, 9999.0, 9999.0, 121.0, 124.5, 120.5, 104.0, 135.25
2023-04-06, 06:40:21, 132.25, 51.75, 19.0, 26.0, 9999.0, 1.25, 1.5, 19.5, 9999.0, 9999.0, 9999.0, 121.0, 124.5, 120.5, 104.0, 135.25
2023-04-06, 06:40:25, 132.25, 52.0, 19.0, 26.25, 9999.0, 1.0, 1.5, 19.5, 9999.0, 9999.0, 9999.0, 120.75, 124.5, 120.5, 104.0, 135.25
2023-04-06, 06:40:29, 132.25, 51.75, 18.75, 26.25, 9999.0, 1.0, 1.25, 19.5, 9999.0, 9999.0, 9999.0, 120.75, 124.5, 120.5, 104.0, 135.25
2023-04-06, 06:40:33, 132.25, 52.0, 19.0, 26.25, 9999.0, 1.0, 1.25, 19.5, 9999.0, 9999.0, 9999.0, 120.75, 124.25, 120.5, 104.0, 135.25
2023-04-06, 06:40:37, 132.25, 51.75, 19.0, 26.25, 9999.0, 1.0, 1.25, 19.5, 9999.0, 9999.0, 9999.0, 120.75, 124.25, 120.5, 104.0, 135.25
2023-04-06, 06:40:41, 132.25, 51.75, 19.0, 26.25, 9999.0, 1.0, 1.25, 19.5, 9999.0, 9999.0, 9999.0, 120.75, 124.25, 120.5, 104.0, 135.25
2023-04-06, 06:40:45, 132.25, 52.0, 19.0, 26.0, 9999.0, 1.25, 1.25, 19.5, 9999.0, 9999.0, 9999.0, 120.75, 124.25, 120.5, 104.0, 135.25
2023-04-06, 06:40:49, 132.25, 51.75, 19.0, 26.0, 9999.0, 1.25, 1.25, 19.5, 9999.0, 9999.0, 9999.0, 120.75, 124.25, 120.5, 104.0, 135.25
2023-04-06, 06:40:53, 132.25, 51.75, 19.0, 26.0, 9999.0, 1.25, 1.25, 19.5, 9999.0, 9999.0, 9999.0, 120.5, 124.25, 120.5, 104.0, 135.25
2023-04-06, 06:40:57, 132.25, 51.75, 19.0, 26.0, 9999.0, 1.5, 1.5, 19.5, 9999.0, 9999.0, 9999.0, 120.5, 124.25, 120.5, 104.0, 135.25
2023-04-06, 06:41:01, 132.25, 52.0, 19.0, 26.25, 9999.0, 1.25, 1.5, 19.5, 9999.0, 9999.0, 9999.0, 121.25, 124.25, 120.5, 104.0, 135.25
2023-04-06, 06:41:05, 132.25, 51.75, 19.0, 26.25, 9999.0, 1.25, 1.25, 19.5, 9999.0, 9999.0, 9999.0, 121.25, 124.25, 120.5, 104.0, 135.25
2023-04-06, 06:41:09, 132.25, 51.75, 19.0, 26.0, 9999.0, 1.25, 1.25, 19.5, 9999.0, 9999.0, 9999.0, 121.25, 124.25, 120.5, 104.0, 135.25
2023-04-06, 06:41:13, 132.25, 51.75, 19.0, 26.0, 9999.0, 1.25, 1.5, 19.5, 9999.0, 9999.0, 9999.0, 121.0, 124.25, 120.5, 104.0, 135.25
2023-04-06, 06:41:17, 132.25, 52.0, 19.0, 26.0, 9999.0, 1.25, 1.5, 19.5, 9999.0, 9999.0, 9999.0, 121.0, 124.25, 120.5, 104.0, 135.25
2023-04-06, 06:41:21, 132.25, 52.0, 19.0, 26.25, 9999.0, 1.25, 1.5, 19.5, 9999.0, 9999.0, 9999.0, 121.0, 124.25, 120.5, 104.25, 135.25
2023-04-06, 06:41:25, 132.25, 51.75, 19.0, 26.25, 9999.0, 1.25, 1.5, 19.5, 9999.0, 9999.0, 9999.0, 121.0, 124.25, 120.5, 104.0, 135.25
2023-04-06, 06:41:29, 132.25, 51.75, 19.0, 26.25, 9999.0, 1.25, 1.5, 19.5, 9999.0, 9999.0, 9999.0, 121.0, 124.25, 120.5, 104.0, 135.25
2023-04-06, 06:41:33, 132.25, 52.0, 19.0, 26.0, 9999.0, 1.25, 1.25, 19.5, 9999.0, 9999.0, 9999.0, 121.0, 124.5, 120.5, 104.0, 135.25
2023-04-06, 06:41:37, 132.5, 51.75, 19.0, 26.0, 9999.0, 1.25, 1.5, 19.5, 9999.0, 9999.0, 9999.0, 121.0, 124.5, 120.5, 104.25, 135.25
2023-04-06, 06:41:41, 132.25, 51.75, 19.0, 26.25, 9999.0, 1.0, 1.5, 19.5, 9999.0, 9999.0, 9999.0, 121.0, 124.5, 120.5, 104.25, 135.25
2023-04-06, 06:41:45, 132.25, 52.0, 19.0, 26.25, 9999.0, 1.25, 1.5, 19.5, 9999.0, 9999.0, 9999.0, 121.0, 124.5, 120.5, 104.25, 135.25
2023-04-06, 06:41:49, 132.25, 52.0, 19.0, 26.25, 9999.0, 1.25, 1.25, 19.5, 9999.0, 9999.0, 9999.0, 121.0, 124.25, 120.5, 104.25, 135.25
2023-04-06, 06:41:53, 132.25, 51.75, 18.75, 26.25, 9999.0, 1.0, 1.5, 19.5, 9999.0, 9999.0, 9999.0, 121.0, 124.5, 120.5, 104.0, 135.25
2023-04-06, 06:41:57, 132.25, 52.0, 19.0, 26.0, 9999.0, 1.0, 1.25, 19.5, 9999.0, 9999.0, 9999.0, 120.75, 124.5, 120.5, 104.0, 135.25
2023-04-06, 06:42:01, 132.25, 52.0, 19.0, 26.0, 9999.0, 1.0, 1.25, 19.5, 9999.0, 9999.0, 9999.0, 120.75, 124.5, 120.5, 104.25, 135.25
2023-04-06, 06:42:05, 132.25, 52.0, 19.0, 26.25, 9999.0, 1.25, 1.5, 19.5, 9999.0, 9999.0, 9999.0, 120.75, 124.5, 120.5, 104.25, 135.25
2023-04-06, 06:42:09, 132.25, 52.0, 19.0, 26.25, 9999.0, 1.25, 1.25, 19.5, 9999.0, 9999.0, 9999.0, 120.75, 124.5, 120.5, 104.0, 135.25
2023-04-06, 06:42:13, 132.25, 51.75, 19.0, 26.25, 9999.0, 1.25, 1.25, 19.5, 9999.0, 9999.0, 9999.0, 120.5, 124.5, 120.5, 104.0, 135.25
2023-04-06, 06:42:17, 132.25, 51.75, 19.0, 26.25, 9999.0, 1.5, 1.5, 19.5, 9999.0, 9999.0, 9999.0, 120.5, 124.5, 120.5, 104.0, 135.25
2023-04-06, 06:42:21, 132.25, 51.75, 19.0, 26.25, 9999.0, 1.25, 1.5, 19.5, 9999.0, 9999.0, 9999.0, 121.5, 124.25, 120.5, 104.0, 135.25
2023-04-06, 06:42:25, 132.25, 52.0, 19.0, 26.25, 9999.0, 1.25, 1.5, 19.5, 9999.0, 9999.0, 9999.0, 121.25, 124.25, 120.5, 104.0, 135.25
2023-04-06, 06:42:29, 132.25, 51.75, 19.0, 26.25, 9999.0, 1.25, 1.5, 19.5, 9999.0, 9999.0, 9999.0, 121.25, 124.5, 120.5, 104.0, 135.25
2023-04-06, 06:42:33, 132.25, 52.0, 19.0, 26.25, 9999.0, 1.25, 1.25, 19.5, 9999.0, 9999.0, 9999.0, 121.25, 124.25, 120.5, 104.25, 135.25
2023-04-06, 06:42:37, 132.25, 52.0, 18.75, 26.25, 9999.0, 1.25, 1.5, 19.5, 9999.0, 9999.0, 9999.0, 121.0, 124.25, 120.5, 104.0, 135.25
2023-04-06, 06:42:41, 132.25, 51.75, 19.0, 26.25, 9999.0, 1.25, 1.5, 19.5, 9999.0, 9999.0, 9999.0, 121.0, 124.25, 120.5, 104.25, 135.25
2023-04-06, 06:42:45, 132.25, 51.75, 19.0, 26.25, 9999.0, 1.25, 1.5, 19.5, 9999.0, 9999.0, 9999.0, 121.0, 124.25, 120.5, 104.25, 135.25
2023-04-06, 06:42:49, 132.25, 51.75, 19.0, 26.25, 9999.0, 1.25, 1.5, 19.5, 9999.0, 9999.0, 9999.0, 121.0, 124.25, 120.5, 104.25, 135.25
2023-04-06, 06:42:53, 132.25, 52.0, 19.0, 26.25, 9999.0, 1.25, 1.5, 19.5, 9999.0, 9999.0, 9999.0, 121.0, 124.5, 120.5, 104.25, 135.25
2023-04-06, 06:42:57, 132.25, 51.75, 19.0, 26.25, 9999.0, 1.0, 1.25, 19.5, 9999.0, 9999.0, 9999.0, 121.0, 124.5, 120.5, 104.25, 135.25
2023-04-06, 06:43:01, 132.25, 52.0, 19.0, 26.25, 9999.0, 1.0, 1.5, 19.5, 9999.0, 9999.0, 9999.0, 121.0, 124.5, 120.5, 104.0, 135.25
2023-04-06, 06:43:05, 132.25, 51.75, 19.0, 26.0, 9999.0, 1.0, 1.25, 19.5, 9999.0, 9999.0, 9999.0, 121.0, 124.5, 120.5, 104.25, 135.25
2023-04-06, 06:43:09, 132.25, 52.0, 19.0, 26.0, 9999.0, 1.0, 1.5, 19.5, 9999.0, 9999.0, 9999.0, 120.75, 124.5, 120.5, 104.25, 135.25
2023-04-06, 06:43:13, 132.25, 52.0, 19.0, 26.25, 9999.0, 1.0, 1.25, 19.5, 9999.0, 9999.0, 9999.0, 120.75, 124.5, 120.5, 104.0, 135.25
2023-04-06, 06:43:17, 132.25, 52.0, 19.0, 26.25, 9999.0, 1.0, 1.25, 19.5, 9999.0, 9999.0, 9999.0, 120.75, 124.5, 120.5, 104.25, 135.25
2023-04-06, 06:43:22, 132.25, 52.0, 19.0, 26.25, 9999.0, 1.0, 1.25, 19.5, 9999.0, 9999.0, 9999.0, 120.75, 124.5, 120.5, 104.0, 135.25
2023-04-06, 06:43:26, 132.25, 51.75, 19.0, 26.25, 9999.0, 1.25, 1.25, 19.5, 9999.0, 9999.0, 9999.0, 120.75, 124.5, 120.5, 104.0, 135.25
2023-04-06, 06:43:30, 132.25, 52.0, 19.0, 26.25, 9999.0, 1.25, 1.25, 19.5, 9999.0, 9999.0, 9999.0, 120.75, 124.5, 120.5, 104.0, 135.25
2023-04-06, 06:43:34, 132.25, 52.0, 19.0, 26.0, 9999.0, 1.25, 1.25, 19.5, 9999.0, 9999.0, 9999.0, 120.75, 124.5, 120.5, 104.0, 135.25
2023-04-06, 06:43:38, 132.25, 52.0, 19.0, 26.25, 9999.0, 1.25, 1.5, 19.5, 9999.0, 9999.0, 9999.0, 120.5, 124.5, 120.5, 104.0, 135.25
2023-04-06, 06:43:42, 132.25, 52.0, 19.0, 26.25, 9999.0, 1.5, 1.25, 19.5, 9999.0, 9999.0, 9999.0, 120.5, 124.25, 120.5, 104.0, 135.25
2023-04-06, 06:43:46, 132.25, 51.75, 19.0, 26.25, 9999.0, 1.5, 1.25, 19.5, 9999.0, 9999.0, 9999.0, 121.25, 124.25, 120.5, 104.0, 135.25
2023-04-06, 06:43:50, 132.25, 51.75, 19.0, 26.25, 9999.0, 1.25, 1.25, 19.5, 9999.0, 9999.0, 9999.0, 121.25, 124.25, 120.5, 104.0, 135.25
2023-04-06, 06:43:54, 132.25, 51.75, 19.25, 26.25, 9999.0, 1.25, 1.5, 19.5, 9999.0, 9999.0, 9999.0, 121.25, 124.25, 120.5, 104.0, 135.25
2023-04-06, 06:43:58, 132.25, 52.0, 19.0, 26.25, 9999.0, 1.25, 1.5, 19.5, 9999.0, 9999.0, 9999.0, 121.25, 124.25, 120.5, 104.25, 135.25
2023-04-06, 06:44:02, 132.25, 52.0, 18.75, 26.25, 9999.0, 1.25, 1.25, 19.5, 9999.0, 9999.0, 9999.0, 121.25, 124.25, 120.5, 104.0, 135.25
2023-04-06, 06:44:06, 132.25, 51.75, 19.0, 26.25, 9999.0, 1.25, 1.5, 19.5, 9999.0, 9999.0, 9999.0, 121.0, 124.25, 120.25, 104.25, 135.25
2023-04-06, 06:44:10, 132.25, 51.75, 19.0, 26.25, 9999.0, 1.25, 1.25, 19.5, 9999.0, 9999.0, 9999.0, 121.0, 124.25, 120.5, 104.0, 135.25
2023-04-06, 06:44:14, 132.25, 52.0, 19.0, 26.0, 9999.0, 1.25, 1.5, 19.5, 9999.0, 9999.0, 9999.0, 121.0, 124.5, 120.5, 104.25, 135.25
2023-04-06, 06:44:18, 132.25, 51.75, 19.0, 26.0, 9999.0, 1.25, 1.25, 19.5, 9999.0, 9999.0, 9999.0, 121.0, 124.5, 120.5, 104.25, 135.25
2023-04-06, 06:44:22, 132.25, 52.0, 19.0, 26.25, 9999.0, 1.0, 1.25, 19.5, 9999.0, 9999.0, 9999.0, 121.0, 124.5, 120.5, 104.0, 135.25
2023-04-06, 06:44:26, 132.25, 52.0, 19.0, 26.25, 9999.0, 1.0, 1.25, 19.5, 9999.0, 9999.0, 9999.0, 121.0, 124.5, 120.5, 104.0, 135.25
2023-04-06, 06:44:30, 132.5, 52.0, 19.0, 26.25, 9999.0, 1.0, 1.25, 19.5, 9999.0, 9999.0, 9999.0, 121.0, 124.5, 120.5, 104.25, 135.25
2023-04-06, 06:44:34, 132.25, 52.0, 19.0, 26.25, 9999.0, 1.0, 1.25, 19.5, 9999.0, 9999.0, 9999.0, 121.0, 124.5, 120.5, 104.25, 135.25
2023-04-06, 06:44:38, 132.5, 52.0, 19.0, 26.0, 9999.0, 1.0, 1.5, 19.5, 9999.0, 9999.0, 9999.0, 120.75, 124.5, 120.5, 104.25, 135.25
2023-04-06, 06:44:42, 132.25, 51.75, 19.0, 26.0, 9999.0, 1.0, 1.5, 19.5, 9999.0, 9999.0, 9999.0, 120.75, 124.5, 120.5, 104.25, 135.25
2023-04-06, 06:44:46, 132.25, 52.0, 19.0, 26.0, 9999.0, 1.0, 1.5, 19.5, 9999.0, 9999.0, 9999.0, 120.75, 124.5, 120.5, 104.25, 135.25
2023-04-06, 06:44:50, 132.25, 52.0, 19.25, 26.0, 9999.0, 1.25, 1.5, 19.5, 9999.0, 9999.0, 9999.0, 120.75, 124.5, 120.5, 104.25, 135.25
2023-04-06, 06:44:54, 132.25, 52.0, 19.0, 26.25, 9999.0, 1.25, 1.25, 19.5, 9999.0, 9999.0, 9999.0, 120.5, 124.25, 120.5, 104.25, 135.25
2023-04-06, 06:44:58, 132.5, 51.75, 19.0, 26.25, 9999.0, 1.25, 1.5, 19.5, 9999.0, 9999.0, 9999.0, 120.5, 124.5, 120.5, 104.25, 135.25
2023-04-06, 06:45:02, 132.25, 52.0, 19.0, 26.25, 9999.0, 1.5, 1.5, 19.5, 9999.0, 9999.0, 9999.0, 120.5, 124.25, 120.5, 104.25, 135.25
2023-04-06, 06:45:06, 132.5, 52.0, 19.25, 26.25, 9999.0, 1.25, 1.5, 19.5, 9999.0, 9999.0, 9999.0, 121.5, 124.25, 120.5, 104.25, 135.25
2023-04-06, 06:45:10, 132.25, 51.75, 19.0, 26.25, 9999.0, 1.5, 1.5, 19.5, 9999.0, 9999.0, 9999.0, 121.25, 124.25, 120.5, 104.25, 135.25
2023-04-06, 06:45:14, 132.5, 52.0, 19.0, 26.25, 9999.0, 1.25, 1.5, 19.5, 9999.0, 9999.0, 9999.0, 121.25, 124.25, 120.5, 104.25, 135.25
2023-04-06, 06:45:18, 132.5, 52.0, 19.0, 26.25, 9999.0, 1.25, 1.5, 19.5, 9999.0, 9999.0, 9999.0, 121.25, 124.25, 120.25, 104.0, 135.25
2023-04-06, 06:45:22, 132.25, 52.0, 19.25, 26.25, 9999.0, 1.25, 1.5, 19.5, 9999.0, 9999.0, 9999.0, 121.25, 124.25, 120.5, 104.25, 135.25
2023-04-06, 06:45:26, 132.25, 51.75, 19.25, 26.25, 9999.0, 1.25, 1.5, 19.5, 9999.0, 9999.0, 9999.0, 121.0, 124.25, 120.5, 104.25, 135.25
2023-04-06, 06:45:30, 132.5, 52.0, 19.25, 26.25, 9999.0, 1.25, 1.5, 19.5, 9999.0, 9999.0, 9999.0, 121.0, 124.25, 120.25, 104.25, 135.25
2023-04-06, 06:45:34, 132.25, 52.0, 19.0, 26.25, 9999.0, 1.25, 1.5, 19.5, 9999.0, 9999.0, 9999.0, 121.0, 124.5, 120.5, 104.25, 135.25
2023-04-06, 06:45:38, 132.25, 52.0, 19.0, 26.25, 9999.0, 1.25, 1.5, 19.5, 9999.0, 9999.0, 9999.0, 121.0, 124.5, 120.5, 104.25, 135.25
2023-04-06, 06:45:42, 132.5, 52.0, 19.25, 26.25, 9999.0, 1.0, 1.5, 19.5, 9999.0, 9999.0, 9999.0, 121.0, 124.5, 120.5, 104.25, 135.25
2023-04-06, 06:45:46, 132.25, 52.0, 19.25, 26.0, 9999.0, 1.0, 1.25, 19.5, 9999.0, 9999.0, 9999.0, 121.0, 124.5, 120.5, 104.25, 135.25
2023-04-06, 06:45:50, 132.5, 52.0, 19.0, 26.25, 9999.0, 1.0, 1.5, 19.5, 9999.0, 9999.0, 9999.0, 121.0, 124.5, 120.5, 104.25, 135.25
2023-04-06, 06:45:54, 132.25, 52.0, 19.0, 26.0, 9999.0, 1.25, 1.25, 19.5, 9999.0, 9999.0, 9999.0, 121.0, 124.5, 120.5, 104.25, 135.25
2023-04-06, 06:45:58, 132.5, 52.0, 19.0, 26.25, 9999.0, 1.0, 1.25, 19.75, 9999.0, 9999.0, 9999.0, 120.75, 124.5, 120.5, 104.25, 135.25
2023-04-06, 06:46:02, 132.25, 52.0, 19.0, 26.25, 9999.0, 1.25, 1.25, 19.5, 9999.0, 9999.0, 9999.0, 120.75, 124.5, 120.5, 104.0, 135.25
2023-04-06, 06:46:06, 132.5, 52.0, 19.0, 26.25, 9999.0, 1.0, 1.5, 19.5, 9999.0, 9999.0, 9999.0, 120.75, 124.5, 120.5, 104.0, 135.25
2023-04-06, 06:46:10, 132.5, 52.0, 19.0, 26.25, 9999.0, 1.25, 1.25, 19.5, 9999.0, 9999.0, 9999.0, 120.75, 124.5, 120.5, 104.25, 135.25
2023-04-06, 06:46:14, 132.5, 52.0, 19.0, 26.25, 9999.0, 1.25, 1.25, 19.5, 9999.0, 9999.0, 9999.0, 120.75, 124.5, 120.5, 104.25, 135.25
2023-04-06, 06:46:18, 132.5, 52.0, 19.25, 26.25, 9999.0, 1.5, 1.5, 19.75, 9999.0, 9999.0, 9999.0, 120.75, 124.5, 120.5, 104.25, 135.25
2023-04-06, 06:46:22, 132.5, 52.0, 19.25, 26.25, 9999.0, 1.5, 1.5, 19.5, 9999.0, 9999.0, 9999.0, 120.5, 124.5, 120.5, 104.25, 135.25
2023-04-06, 06:46:26, 132.5, 52.0, 19.25, 26.25, 9999.0, 1.5, 1.5, 19.5, 9999.0, 9999.0, 9999.0, 121.5, 124.25, 120.5, 104.25, 135.25
2023-04-06, 06:46:30, 132.5, 52.0, 19.25, 26.25, 9999.0, 1.5, 1.5, 19.75, 9999.0, 9999.0, 9999.0, 121.25, 124.5, 120.5, 104.25, 135.25
2023-04-06, 06:46:34, 132.25, 52.0, 19.25, 26.25, 9999.0, 1.5, 1.5, 19.75, 9999.0, 9999.0, 9999.0, 121.25, 124.5, 120.5, 104.25, 135.25
2023-04-06, 06:46:38, 132.5, 52.0, 19.25, 26.25, 9999.0, 1.25, 1.5, 19.75, 9999.0, 9999.0, 9999.0, 121.25, 124.5, 120.5, 104.25, 135.25
2023-04-06, 06:46:42, 132.5, 52.0, 19.25, 26.0, 9999.0, 1.25, 1.5, 19.75, 9999.0, 9999.0, 9999.0, 121.25, 124.25, 120.5, 104.25, 135.25
2023-04-06, 06:46:46, 132.5, 52.0, 19.0, 26.25, 9999.0, 1.25, 1.5, 19.75, 9999.0, 9999.0, 9999.0, 121.25, 124.5, 120.5, 104.25, 135.25
2023-04-06, 06:46:50, 132.5, 52.0, 19.25, 26.25, 9999.0, 1.25, 1.5, 19.5, 9999.0, 9999.0, 9999.0, 121.0, 124.5, 120.5, 104.25, 135.25
2023-04-06, 06:46:54, 132.5, 52.0, 19.25, 26.25, 9999.0, 1.25, 1.5, 19.5, 9999.0, 9999.0, 9999.0, 121.0, 124.5, 120.5, 104.25, 135.25
2023-04-06, 06:46:58, 132.5, 52.0, 19.25, 26.25, 9999.0, 1.25, 1.5, 19.75, 9999.0, 9999.0, 9999.0, 121.0, 124.5, 120.5, 104.25, 135.25
2023-04-06, 06:47:02, 132.5, 52.0, 19.25, 26.25, 9999.0, 1.25, 1.5, 19.75, 9999.0, 9999.0, 9999.0, 121.0, 124.5, 120.5, 104.25, 135.25
2023-04-06, 06:47:06, 132.5, 52.0, 19.25, 26.25, 9999.0, 1.25, 1.5, 19.5, 9999.0, 9999.0, 9999.0, 121.0, 124.5, 120.5, 104.5, 135.25
2023-04-06, 06:47:10, 132.5, 52.0, 19.0, 26.25, 9999.0, 1.25, 1.5, 19.75, 9999.0, 9999.0, 9999.0, 121.0, 124.5, 120.5, 104.25, 135.25
2023-04-06, 06:47:14, 132.5, 52.0, 19.0, 26.25, 9999.0, 1.0, 1.5, 19.75, 9999.0, 9999.0, 9999.0, 121.0, 124.5, 120.5, 104.25, 135.25
2023-04-06, 06:47:18, 132.5, 52.0, 19.0, 26.25, 9999.0, 1.0, 1.5, 19.75, 9999.0, 9999.0, 9999.0, 120.75, 124.5, 120.5, 104.25, 135.25
2023-04-06, 06:47:22, 132.5, 52.0, 19.25, 26.25, 9999.0, 1.0, 1.5, 19.75, 9999.0, 9999.0, 9999.0, 120.75, 124.5, 120.5, 104.25, 135.25
2023-04-06, 06:47:26, 132.5, 52.0, 19.25, 26.0, 9999.0, 1.0, 1.5, 19.75, 9999.0, 9999.0, 9999.0, 120.75, 124.5, 120.5, 104.25, 135.5
2023-04-06, 06:47:30, 132.5, 52.0, 19.0, 26.0, 9999.0, 1.25, 1.5, 19.75, 9999.0, 9999.0, 9999.0, 120.75, 124.5, 120.5, 104.25, 135.5
2023-04-06, 06:47:34, 132.5, 52.0, 19.25, 26.0, 9999.0, 1.25, 1.5, 19.75, 9999.0, 9999.0, 9999.0, 120.75, 124.5, 120.5, 104.25, 135.25
2023-04-06, 06:47:38, 132.5, 52.0, 19.25, 26.0, 9999.0, 1.5, 1.5, 19.75, 9999.0, 9999.0, 9999.0, 120.75, 124.5, 120.5, 104.25, 135.25
2023-04-06, 06:47:42, 132.5, 52.0, 19.25, 26.25, 9999.0, 1.5, 1.5, 19.75, 9999.0, 9999.0, 9999.0, 120.75, 124.5, 120.5, 104.25, 135.25
2023-04-06, 06:47:47, 132.5, 52.0, 19.25, 26.25, 9999.0, 1.5, 1.5, 19.75, 9999.0, 9999.0, 9999.0, 121.5, 124.5, 120.5, 104.25, 135.5
2023-04-06, 06:47:51, 132.5, 52.0, 19.25, 26.25, 9999.0, 1.5, 1.5, 19.75, 9999.0, 9999.0, 9999.0, 121.5, 124.5, 120.5, 104.25, 135.25
2023-04-06, 06:47:55, 132.5, 52.0, 19.25, 26.25, 9999.0, 1.5, 1.5, 19.75, 9999.0, 9999.0, 9999.0, 121.25, 124.5, 120.5, 104.25, 135.25
2023-04-06, 06:47:59, 132.5, 52.0, 19.25, 26.25, 9999.0, 1.25, 1.5, 19.75, 9999.0, 9999.0, 9999.0, 121.25, 124.5, 120.5, 104.25, 135.25
2023-04-06, 06:48:03, 132.5, 52.0, 19.25, 26.25, 9999.0, 1.25, 1.5, 19.75, 9999.0, 9999.0, 9999.0, 121.25, 124.5, 120.5, 104.25, 135.25
2023-04-06, 06:48:07, 132.5, 52.25, 19.25, 26.25, 9999.0, 1.25, 1.5, 19.75, 9999.0, 9999.0, 9999.0, 121.25, 124.5, 120.5, 104.25, 135.25
2023-04-06, 06:48:11, 132.5, 52.25, 19.25, 26.25, 9999.0, 1.25, 1.5, 19.75, 9999.0, 9999.0, 9999.0, 121.0, 124.5, 120.5, 104.25, 135.5
2023-04-06, 06:48:15, 132.5, 52.25, 19.0, 26.25, 9999.0, 1.25, 1.5, 19.75, 9999.0, 9999.0, 9999.0, 121.0, 124.75, 120.5, 104.25, 135.25
2023-04-06, 06:48:19, 132.5, 52.0, 19.25, 26.25, 9999.0, 1.25, 1.5, 19.75, 9999.0, 9999.0, 9999.0, 121.0, 124.75, 120.5, 104.25, 135.25
2023-04-06, 06:48:23, 132.5, 52.25, 19.25, 26.0, 9999.0, 1.25, 1.5, 19.75, 9999.0, 9999.0, 9999.0, 121.0, 124.75, 120.5, 104.25, 135.5
2023-04-06, 06:48:27, 132.5, 52.25, 19.25, 26.0, 9999.0, 1.25, 1.5, 19.75, 9999.0, 9999.0, 9999.0, 121.25, 124.5, 120.5, 104.25, 135.5
2023-04-06, 06:48:31, 132.5, 52.25, 19.25, 26.0, 9999.0, 1.25, 1.5, 19.75, 9999.0, 9999.0, 9999.0, 121.0, 124.5, 120.5, 104.25, 135.25
2023-04-06, 06:48:35, 132.5, 52.25, 19.25, 26.0, 9999.0, 1.25, 1.5, 19.75, 9999.0, 9999.0, 9999.0, 121.0, 124.5, 120.5, 104.25, 135.5
2023-04-06, 06:48:39, 132.5, 52.25, 19.25, 26.25, 9999.0, 1.25, 1.5, 19.75, 9999.0, 9999.0, 9999.0, 121.0, 124.5, 120.5, 104.25, 135.5
2023-04-06, 06:48:43, 132.5, 52.25, 19.25, 26.0, 9999.0, 1.25, 1.5, 19.75, 9999.0, 9999.0, 9999.0, 121.0, 124.5, 120.5, 104.25, 135.5
2023-04-06, 06:48:47, 132.5, 52.25, 19.25, 25.75, 9999.0, 1.25, 1.5, 19.75, 9999.0, 9999.0, 9999.0, 120.75, 124.5, 120.5, 104.25, 135.5
2023-04-06, 06:48:51, 132.5, 52.25, 19.25, 25.5, 9999.0, 1.25, 1.5, 19.75, 9999.0, 9999.0, 9999.0, 120.75, 124.5, 120.5, 104.25, 135.25
2023-04-06, 06:48:55, 132.5, 52.25, 19.25, 25.5, 9999.0, 1.25, 1.5, 19.75, 9999.0, 9999.0, 9999.0, 120.75, 124.5, 120.5, 104.25, 135.5
2023-04-06, 06:48:59, 132.5, 52.0, 19.25, 25.75, 9999.0, 1.5, 1.5, 19.75, 9999.0, 9999.0, 9999.0, 120.75, 124.5, 120.5, 104.25, 135.25
2023-04-06, 06:49:03, 132.75, 52.0, 19.25, 26.0, 9999.0, 1.5, 1.5, 19.75, 9999.0, 9999.0, 9999.0, 120.75, 124.5, 120.5, 104.25, 135.5
2023-04-06, 06:49:07, 132.5, 52.25, 19.25, 26.25, 9999.0, 1.5, 1.5, 19.75, 9999.0, 9999.0, 9999.0, 121.5, 124.5, 120.5, 104.25, 135.25
2023-04-06, 06:49:11, 132.5, 52.25, 19.25, 26.0, 9999.0, 1.5, 1.5, 19.75, 9999.0, 9999.0, 9999.0, 121.5, 124.5, 120.5, 104.25, 135.25
2023-04-06, 06:49:15, 132.5, 52.25, 19.25, 26.0, 9999.0, 1.5, 1.5, 19.75, 9999.0, 9999.0, 9999.0, 121.5, 124.5, 120.5, 104.25, 135.5
2023-04-06, 06:49:19, 132.75, 52.0, 19.25, 26.25, 9999.0, 1.5, 1.5, 19.75, 9999.0, 9999.0, 9999.0, 121.25, 124.25, 120.5, 104.25, 135.25
2023-04-06, 06:49:23, 132.75, 52.25, 19.25, 26.25, 9999.0, 1.25, 1.5, 19.75, 9999.0, 9999.0, 9999.0, 121.25, 124.5, 120.5, 104.25, 135.25
2023-04-06, 06:49:27, 132.75, 52.25, 19.25, 26.0, 9999.0, 1.25, 1.5, 19.75, 9999.0, 9999.0, 9999.0, 121.25, 124.5, 120.5, 104.25, 135.25
2023-04-06, 06:49:31, 132.5, 52.25, 19.25, 26.0, 9999.0, 1.25, 1.5, 19.75, 9999.0, 9999.0, 9999.0, 121.0, 124.5, 120.5, 104.25, 135.5
2023-04-06, 06:49:35, 132.5, 52.25, 19.25, 26.0, 9999.0, 1.25, 1.5, 19.75, 9999.0, 9999.0, 9999.0, 121.25, 124.5, 120.5, 104.25, 135.25
2023-04-06, 06:49:39, 132.5, 52.25, 19.25, 26.0, 9999.0, 1.25, 1.5, 19.75, 9999.0, 9999.0, 9999.0, 121.25, 124.5, 120.5, 104.25, 135.5
2023-04-06, 06:49:43, 132.5, 52.25, 19.25, 25.75, 9999.0, 1.25, 1.5, 19.75, 9999.0, 9999.0, 9999.0, 121.25, 124.5, 120.5, 104.25, 135.5
2023-04-06, 06:49:47, 132.5, 52.25, 19.25, 25.75, 9999.0, 1.25, 1.5, 19.75, 9999.0, 9999.0, 9999.0, 121.0, 124.5, 120.5, 104.25, 135.5
2023-04-06, 06:49:51, 132.5, 52.25, 19.25, 25.75, 9999.0, 1.25, 1.5, 19.75, 9999.0, 9999.0, 9999.0, 121.0, 124.5, 120.5, 104.25, 135.5
2023-04-06, 06:49:55, 132.5, 52.25, 19.25, 25.75, 9999.0, 1.25, 1.5, 19.75, 9999.0, 9999.0, 9999.0, 121.0, 124.5, 120.5, 104.25, 135.25
2023-04-06, 06:49:59, 132.75, 52.25, 19.25, 26.0, 9999.0, 1.25, 1.5, 19.75, 9999.0, 9999.0, 9999.0, 121.0, 124.5, 120.5, 104.25, 135.5
2023-04-06, 06:50:03, 132.5, 52.25, 19.25, 26.0, 9999.0, 1.25, 1.5, 19.75, 9999.0, 9999.0, 9999.0, 121.0, 124.5, 120.5, 104.25, 135.5
2023-04-06, 06:50:07, 132.75, 52.25, 19.25, 26.0, 9999.0, 1.0, 1.5, 19.75, 9999.0, 9999.0, 9999.0, 121.0, 124.5, 120.5, 104.25, 135.5
2023-04-06, 06:50:11, 132.75, 52.25, 19.25, 26.25, 9999.0, 1.25, 1.5, 19.75, 9999.0, 9999.0, 9999.0, 120.75, 124.5, 120.5, 104.25, 135.5
2023-04-06, 06:50:15, 132.75, 52.25, 19.25, 26.25, 9999.0, 1.25, 1.5, 19.75, 9999.0, 9999.0, 9999.0, 120.75, 124.5, 120.5, 104.25, 135.5
2023-04-06, 06:50:19, 132.75, 52.25, 19.25, 25.75, 9999.0, 1.5, 1.5, 19.75, 9999.0, 9999.0, 9999.0, 120.75, 124.5, 120.5, 104.25, 135.5
2023-04-06, 06:50:23, 132.75, 52.25, 19.25, 26.25, 9999.0, 1.5, 1.5, 19.75, 9999.0, 9999.0, 9999.0, 120.75, 124.5, 120.5, 104.25, 135.5
2023-04-06, 06:50:27, 132.75, 52.25, 19.25, 26.25, 9999.0, 1.5, 1.5, 19.75, 9999.0, 9999.0, 9999.0, 121.5, 124.5, 120.5, 104.25, 135.5
2023-04-06, 06:50:31, 132.75, 52.25, 19.25, 26.25, 9999.0, 1.5, 1.5, 19.75, 9999.0, 9999.0, 9999.0, 121.5, 124.5, 120.5, 104.25, 135.5
2023-04-06, 06:50:35, 132.75, 52.25, 19.25, 26.25, 9999.0, 1.5, 1.5, 19.75, 9999.0, 9999.0, 9999.0, 121.5, 124.25, 120.5, 104.25, 135.25
2023-04-06, 06:50:39, 132.75, 52.25, 19.25, 26.25, 9999.0, 1.5, 1.5, 19.75, 9999.0, 9999.0, 9999.0, 121.5, 124.5, 120.5, 104.25, 135.5
2023-04-06, 06:50:43, 132.75, 52.25, 19.25, 26.0, 9999.0, 1.5, 1.5, 19.75, 9999.0, 9999.0, 9999.0, 121.25, 124.25, 120.5, 104.25, 135.5
2023-04-06, 06:50:47, 132.75, 52.25, 19.25, 26.0, 9999.0, 1.25, 1.5, 19.75, 9999.0, 9999.0, 9999.0, 121.25, 124.5, 120.5, 104.25, 135.5
2023-04-06, 06:50:51, 132.5, 52.25, 19.25, 26.0, 9999.0, 1.25, 1.5, 19.75, 9999.0, 9999.0, 9999.0, 121.25, 124.25, 120.5, 104.25, 135.5
2023-04-06, 06:50:55, 132.75, 52.25, 19.25, 26.0, 9999.0, 1.25, 1.5, 19.75, 9999.0, 9999.0, 9999.0, 121.25, 124.5, 120.5, 104.25, 135.25
2023-04-06, 06:50:59, 132.75, 52.25, 19.25, 26.25, 9999.0, 1.25, 1.5, 19.75, 9999.0, 9999.0, 9999.0, 121.25, 124.5, 120.5, 104.0, 135.5
2023-04-06, 06:51:03, 132.5, 52.25, 19.25, 26.25, 9999.0, 1.25, 1.5, 19.75, 9999.0, 9999.0, 9999.0, 121.25, 124.5, 120.5, 104.25, 135.5
2023-04-06, 06:51:07, 132.75, 52.25, 19.25, 26.25, 9999.0, 1.25, 1.5, 19.75, 9999.0, 9999.0, 9999.0, 121.25, 124.5, 120.5, 104.25, 135.5
2023-04-06, 06:51:11, 132.75, 52.25, 19.25, 26.25, 9999.0, 1.25, 1.5, 19.75, 9999.0, 9999.0, 9999.0, 121.0, 124.5, 120.5, 104.25, 135.5
2023-04-06, 06:51:15, 132.5, 52.25, 19.25, 26.25, 9999.0, 1.25, 1.5, 19.75, 9999.0, 9999.0, 9999.0, 121.0, 124.5, 120.5, 104.25, 135.25
2023-04-06, 06:51:19, 132.75, 52.25, 19.25, 26.25, 9999.0, 1.25, 1.5, 19.75, 9999.0, 9999.0, 9999.0, 121.0, 124.5, 120.5, 104.25, 135.25
2023-04-06, 06:51:23, 132.5, 52.25, 19.25, 26.25, 9999.0, 1.25, 1.5, 19.75, 9999.0, 9999.0, 9999.0, 121.0, 124.5, 120.5, 104.25, 135.5
2023-04-06, 06:51:27, 132.75, 52.25, 19.25, 26.25, 9999.0, 1.25, 1.5, 19.75, 9999.0, 9999.0, 9999.0, 121.0, 124.5, 120.5, 104.25, 135.5
2023-04-06, 06:51:31, 132.75, 52.25, 19.25, 26.25, 9999.0, 1.5, 1.5, 19.75, 9999.0, 9999.0, 9999.0, 121.0, 124.5, 120.5, 104.0, 135.5
2023-04-06, 06:51:35, 132.75, 52.25, 19.25, 26.25, 9999.0, 1.25, 1.5, 19.75, 9999.0, 9999.0, 9999.0, 120.75, 124.5, 120.5, 104.25, 135.25
2023-04-06, 06:51:39, 132.75, 52.25, 19.25, 26.0, 9999.0, 1.5, 1.5, 19.75, 9999.0, 9999.0, 9999.0, 120.75, 124.5, 120.5, 104.25, 135.25
2023-04-06, 06:51:43, 132.75, 52.25, 19.25, 25.75, 9999.0, 1.5, 1.5, 19.75, 9999.0, 9999.0, 9999.0, 120.75, 124.5, 120.5, 104.25, 135.5
2023-04-06, 06:51:47, 132.75, 52.25, 19.25, 26.0, 9999.0, 1.5, 1.5, 19.75, 9999.0, 9999.0, 9999.0, 121.5, 124.5, 120.5, 104.25, 135.5
2023-04-06, 06:51:51, 132.5, 52.25, 19.25, 26.25, 9999.0, 1.5, 1.5, 19.75, 9999.0, 9999.0, 9999.0, 121.5, 124.5, 120.5, 104.25, 135.5
2023-04-06, 06:51:55, 132.75, 52.25, 19.25, 26.25, 9999.0, 1.5, 1.5, 19.75, 9999.0, 9999.0, 9999.0, 121.25, 124.5, 120.5, 104.0, 135.25
2023-04-06, 06:51:59, 132.75, 52.25, 19.25, 26.25, 9999.0, 1.5, 1.75, 19.75, 9999.0, 9999.0, 9999.0, 121.25, 124.5, 120.5, 104.25, 135.25
2023-04-06, 06:52:03, 132.75, 52.25, 19.0, 26.25, 9999.0, 1.5, 1.5, 19.75, 9999.0, 9999.0, 9999.0, 121.25, 124.25, 120.5, 104.25, 135.5
2023-04-06, 06:52:07, 132.75, 52.25, 19.25, 26.0, 9999.0, 1.25, 1.5, 19.75, 9999.0, 9999.0, 9999.0, 121.25, 124.5, 120.5, 104.0, 135.25
2023-04-06, 06:52:11, 132.75, 52.25, 19.25, 26.0, 9999.0, 1.25, 1.75, 19.75, 9999.0, 9999.0, 9999.0, 121.25, 124.25, 120.5, 104.0, 135.25
2023-04-06, 06:52:16, 132.5, 52.25, 19.25, 26.0, 9999.0, 1.25, 1.5, 19.75, 9999.0, 9999.0, 9999.0, 121.25, 124.25, 120.5, 104.0, 135.25
2023-04-06, 06:52:20, 132.75, 52.25, 19.25, 26.25, 9999.0, 1.25, 1.5, 19.75, 9999.0, 9999.0, 9999.0, 121.25, 124.5, 120.5, 104.0, 135.5
2023-04-06, 06:52:24, 132.75, 52.25, 19.25, 26.25, 9999.0, 1.25, 1.5, 19.75, 9999.0, 9999.0, 9999.0, 121.25, 124.5, 120.5, 104.0, 135.5
2023-04-06, 06:52:28, 132.75, 52.25, 19.25, 26.25, 9999.0, 1.25, 1.5, 19.75, 9999.0, 9999.0, 9999.0, 121.25, 124.5, 120.5, 104.0, 135.5
2023-04-06, 06:52:32, 132.75, 52.25, 19.25, 26.0, 9999.0, 1.25, 1.5, 19.75, 9999.0, 9999.0, 9999.0, 121.0, 124.5, 120.5, 104.0, 135.5
2023-04-06, 06:52:36, 132.75, 52.25, 19.25, 26.0, 9999.0, 1.25, 1.5, 19.75, 9999.0, 9999.0, 9999.0, 121.0, 124.5, 120.5, 104.0, 135.5
2023-04-06, 06:52:40, 132.75, 52.25, 19.25, 26.0, 9999.0, 1.25, 1.5, 19.75, 9999.0, 9999.0, 9999.0, 121.0, 124.5, 120.5, 104.0, 135.5
2023-04-06, 06:52:44, 132.75, 52.25, 19.0, 26.25, 9999.0, 1.0, 1.5, 19.75, 9999.0, 9999.0, 9999.0, 121.0, 124.5, 120.25, 104.0, 135.5
2023-04-06, 06:52:48, 132.75, 52.25, 19.25, 26.0, 9999.0, 1.25, 1.5, 19.75, 9999.0, 9999.0, 9999.0, 121.0, 124.5, 120.5, 104.0, 135.5
2023-04-06, 06:52:52, 132.75, 52.25, 19.25, 25.5, 9999.0, 1.5, 1.5, 19.75, 9999.0, 9999.0, 9999.0, 120.75, 124.5, 120.5, 104.0, 135.25
2023-04-06, 06:52:56, 132.75, 52.25, 19.25, 25.75, 9999.0, 1.25, 1.5, 19.75, 9999.0, 9999.0, 9999.0, 120.75, 124.5, 120.5, 104.0, 135.5
2023-04-06, 06:53:00, 132.75, 52.25, 19.25, 26.0, 9999.0, 1.5, 1.5, 19.75, 9999.0, 9999.0, 9999.0, 120.75, 124.5, 120.5, 104.0, 135.5
2023-04-06, 06:53:04, 132.75, 52.25, 19.25, 26.0, 9999.0, 1.5, 1.5, 19.75, 9999.0, 9999.0, 9999.0, 120.75, 124.5, 120.5, 104.0, 135.5
2023-04-06, 06:53:08, 132.75, 52.25, 19.0, 26.0, 9999.0, 1.5, 1.5, 19.75, 9999.0, 9999.0, 9999.0, 121.5, 124.5, 120.5, 104.0, 135.5
2023-04-06, 06:53:12, 132.75, 52.25, 19.25, 26.0, 9999.0, 1.5, 1.5, 19.75, 9999.0, 9999.0, 9999.0, 121.5, 124.5, 120.5, 104.25, 135.5
2023-04-06, 06:53:16, 132.5, 52.25, 19.25, 26.0, 9999.0, 1.5, 1.5, 19.75, 9999.0, 9999.0, 9999.0, 121.25, 124.5, 120.5, 104.0, 135.25
2023-04-06, 06:53:20, 132.75, 52.25, 19.0, 26.0, 9999.0, 1.5, 1.5, 19.75, 9999.0, 9999.0, 9999.0, 121.5, 124.5, 120.5, 104.0, 135.5
2023-04-06, 06:53:24, 132.5, 52.25, 19.0, 25.75, 9999.0, 1.5, 1.5, 20.0, 9999.0, 9999.0, 9999.0, 121.25, 124.25, 120.5, 104.25, 135.5
2023-04-06, 06:53:28, 132.75, 52.25, 19.25, 26.0, 9999.0, 1.5, 1.5, 19.75, 9999.0, 9999.0, 9999.0, 121.25, 124.5, 120.5, 104.25, 135.5
2023-04-06, 06:53:32, 132.75, 52.25, 19.25, 26.0, 9999.0, 1.25, 1.5, 19.75, 9999.0, 9999.0, 9999.0, 121.25, 124.5, 120.5, 104.25, 135.25
2023-04-06, 06:53:36, 132.75, 52.25, 19.25, 26.0, 9999.0, 1.25, 1.5, 19.75, 9999.0, 9999.0, 9999.0, 121.25, 124.25, 120.5, 104.25, 135.5
2023-04-06, 06:53:40, 132.75, 52.25, 19.25, 26.25, 9999.0, 1.25, 1.5, 19.75, 9999.0, 9999.0, 9999.0, 121.25, 124.75, 120.5, 104.25, 135.25
2023-04-06, 06:53:44, 132.75, 52.25, 19.25, 26.0, 9999.0, 1.25, 1.5, 19.75, 9999.0, 9999.0, 9999.0, 121.0, 124.5, 120.5, 104.25, 135.5
2023-04-06, 06:53:48, 132.75, 52.25, 19.25, 26.0, 9999.0, 1.25, 1.5, 19.75, 9999.0, 9999.0, 9999.0, 121.0, 124.5, 120.5, 104.25, 135.25
2023-04-06, 06:53:52, 132.75, 52.25, 19.25, 26.0, 9999.0, 1.25, 1.5, 19.75, 9999.0, 9999.0, 9999.0, 121.0, 124.5, 120.5, 104.0, 135.5
2023-04-06, 06:53:56, 132.75, 52.25, 19.25, 26.0, 9999.0, 1.25, 1.5, 19.75, 9999.0, 9999.0, 9999.0, 121.0, 124.5, 120.5, 104.0, 135.25
2023-04-06, 06:54:00, 132.75, 52.25, 19.0, 26.0, 9999.0, 1.25, 1.5, 19.75, 9999.0, 9999.0, 9999.0, 121.0, 124.5, 120.5, 104.0, 135.25
2023-04-06, 06:54:04, 132.75, 52.25, 19.25, 26.25, 9999.0, 1.25, 1.5, 19.75, 9999.0, 9999.0, 9999.0, 121.0, 124.5, 120.5, 104.0, 135.25
2023-04-06, 06:54:08, 132.75, 52.25, 19.25, 26.0, 9999.0, 1.25, 1.5, 19.75, 9999.0, 9999.0, 9999.0, 121.0, 124.5, 120.5, 104.0, 135.25
2023-04-06, 06:54:12, 132.75, 52.25, 19.25, 26.0, 9999.0, 1.5, 1.5, 19.75, 9999.0, 9999.0, 9999.0, 120.75, 124.5, 120.5, 104.0, 135.25
2023-04-06, 06:54:16, 132.75, 52.0, 19.25, 26.0, 9999.0, 1.25, 1.5, 19.75, 9999.0, 9999.0, 9999.0, 120.75, 124.5, 120.5, 104.0, 135.25
2023-04-06, 06:54:20, 132.75, 52.25, 19.25, 25.75, 9999.0, 1.5, 1.5, 19.75, 9999.0, 9999.0, 9999.0, 120.75, 124.5, 120.5, 104.0, 135.25
2023-04-06, 06:54:24, 132.75, 52.25, 19.25, 25.5, 9999.0, 1.5, 1.5, 19.75, 9999.0, 9999.0, 9999.0, 120.75, 124.25, 120.5, 104.0, 135.25
2023-04-06, 06:54:28, 132.75, 52.25, 19.25, 26.0, 9999.0, 1.5, 1.5, 19.75, 9999.0, 9999.0, 9999.0, 121.5, 124.25, 120.5, 104.0, 135.25
2023-04-06, 06:54:32, 132.75, 52.25, 19.0, 25.75, 9999.0, 1.5, 1.5, 19.75, 9999.0, 9999.0, 9999.0, 121.5, 124.5, 120.5, 104.0, 135.25
2023-04-06, 06:54:36, 132.75, 52.25, 19.0, 26.0, 9999.0, 1.5, 1.5, 19.75, 9999.0, 9999.0, 9999.0, 121.25, 124.25, 120.5, 104.0, 135.25
2023-04-06, 06:54:40, 132.75, 52.25, 19.25, 26.25, 9999.0, 1.5, 1.5, 19.75, 9999.0, 9999.0, 9999.0, 121.25, 124.25, 120.5, 104.0, 135.5
2023-04-06, 06:54:44, 132.75, 52.25, 19.25, 26.0, 9999.0, 1.5, 1.5, 19.75, 9999.0, 9999.0, 9999.0, 121.25, 124.25, 120.5, 104.0, 135.25
2023-04-06, 06:54:48, 132.75, 52.25, 19.25, 26.0, 9999.0, 1.5, 1.5, 19.75, 9999.0, 9999.0, 9999.0, 121.25, 124.25, 120.5, 104.0, 135.5
2023-04-06, 06:54:52, 132.75, 52.25, 19.25, 26.0, 9999.0, 1.25, 1.5, 19.75, 9999.0, 9999.0, 9999.0, 121.25, 124.25, 120.5, 104.0, 135.5
2023-04-06, 06:54:56, 132.75, 52.25, 19.25, 26.0, 9999.0, 1.25, 1.5, 19.75, 9999.0, 9999.0, 9999.0, 121.0, 124.5, 120.5, 104.0, 135.25
2023-04-06, 06:55:00, 132.75, 52.25, 19.25, 26.0, 9999.0, 1.25, 1.5, 19.75, 9999.0, 9999.0, 9999.0, 121.25, 124.5, 120.5, 104.0, 135.5
2023-04-06, 06:55:04, 132.75, 52.25, 19.25, 26.0, 9999.0, 1.25, 1.5, 19.75, 9999.0, 9999.0, 9999.0, 121.25, 124.5, 120.5, 104.0, 135.25
2023-04-06, 06:55:08, 132.5, 52.25, 19.25, 26.0, 9999.0, 1.25, 1.5, 19.75, 9999.0, 9999.0, 9999.0, 121.0, 124.5, 120.5, 104.0, 135.25
2023-04-06, 06:55:12, 132.75, 52.25, 19.25, 26.0, 9999.0, 1.25, 1.5, 19.75, 9999.0, 9999.0, 9999.0, 121.0, 124.5, 120.5, 104.0, 135.25
2023-04-06, 06:55:16, 132.75, 52.25, 19.25, 26.0, 9999.0, 1.25, 1.5, 19.75, 9999.0, 9999.0, 9999.0, 121.0, 124.5, 120.5, 104.25, 135.25
2023-04-06, 06:55:20, 132.75, 52.25, 19.25, 26.0, 9999.0, 1.25, 1.5, 19.75, 9999.0, 9999.0, 9999.0, 121.0, 124.5, 120.5, 104.0, 135.5
2023-04-06, 06:55:24, 132.75, 52.25, 19.25, 26.0, 9999.0, 1.25, 1.5, 19.75, 9999.0, 9999.0, 9999.0, 121.0, 124.5, 120.5, 104.0, 135.5
2023-04-06, 06:55:28, 132.75, 52.25, 19.25, 26.0, 9999.0, 1.25, 1.5, 19.75, 9999.0, 9999.0, 9999.0, 121.0, 124.5, 120.5, 104.0, 135.5
2023-04-06, 06:55:32, 132.5, 52.25, 19.25, 25.75, 9999.0, 1.25, 1.5, 19.75, 9999.0, 9999.0, 9999.0, 121.0, 124.5, 120.5, 104.0, 135.25
2023-04-06, 06:55:36, 132.75, 52.25, 19.0, 26.0, 9999.0, 1.5, 1.5, 19.75, 9999.0, 9999.0, 9999.0, 120.75, 124.5, 120.5, 104.0, 135.5
2023-04-06, 06:55:40, 132.5, 52.25, 19.25, 26.0, 9999.0, 1.5, 1.5, 19.75, 9999.0, 9999.0, 9999.0, 120.75, 124.5, 120.5, 104.25, 135.25
2023-04-06, 06:55:44, 132.75, 52.25, 19.0, 25.75, 9999.0, 1.5, 1.5, 19.75, 9999.0, 9999.0, 9999.0, 120.75, 124.5, 120.5, 104.25, 135.25
2023-04-06, 06:55:48, 132.75, 52.25, 19.0, 26.0, 9999.0, 1.5, 1.5, 19.75, 9999.0, 9999.0, 9999.0, 121.5, 124.5, 120.5, 104.0, 135.5
2023-04-06, 06:55:52, 132.75, 52.25, 19.25, 26.25, 9999.0, 1.5, 1.5, 19.75, 9999.0, 9999.0, 9999.0, 121.5, 124.25, 120.5, 104.0, 135.5
2023-04-06, 06:55:56, 132.75, 52.25, 19.0, 26.25, 9999.0, 1.5, 1.5, 19.75, 9999.0, 9999.0, 9999.0, 121.5, 124.5, 120.5, 104.25, 135.25
2023-04-06, 06:56:00, 132.75, 52.25, 19.25, 26.25, 9999.0, 1.5, 1.5, 19.75, 9999.0, 9999.0, 9999.0, 121.25, 124.25, 120.5, 104.0, 135.5
2023-04-06, 06:56:04, 132.75, 52.25, 19.0, 26.25, 9999.0, 1.5, 1.75, 19.75, 9999.0, 9999.0, 9999.0, 121.25, 124.25, 120.5, 104.0, 135.25
2023-04-06, 06:56:08, 132.75, 52.25, 19.0, 26.25, 9999.0, 1.5, 1.5, 19.75, 9999.0, 9999.0, 9999.0, 121.25, 124.25, 120.5, 104.0, 135.25
2023-04-06, 06:56:12, 132.75, 52.25, 19.0, 26.25, 9999.0, 1.25, 1.5, 19.75, 9999.0, 9999.0, 9999.0, 121.25, 124.25, 120.5, 104.0, 135.5
2023-04-06, 06:56:16, 132.75, 52.25, 19.25, 26.25, 9999.0, 1.25, 1.75, 19.75, 9999.0, 9999.0, 9999.0, 121.0, 124.5, 120.25, 104.0, 135.5
2023-04-06, 06:56:20, 132.75, 52.25, 19.25, 26.0, 9999.0, 1.25, 1.5, 19.75, 9999.0, 9999.0, 9999.0, 121.25, 124.5, 120.5, 104.0, 135.5
2023-04-06, 06:56:24, 132.75, 52.25, 19.25, 26.0, 9999.0, 1.25, 1.5, 19.75, 9999.0, 9999.0, 9999.0, 121.0, 124.5, 120.5, 104.0, 135.5
2023-04-06, 06:56:28, 132.75, 52.25, 19.25, 26.0, 9999.0, 1.25, 1.5, 19.75, 9999.0, 9999.0, 9999.0, 121.0, 124.5, 120.5, 104.0, 135.25
2023-04-06, 06:56:32, 132.75, 52.25, 19.25, 26.0, 9999.0, 1.25, 1.5, 19.75, 9999.0, 9999.0, 9999.0, 121.0, 124.5, 120.5, 104.25, 135.5
2023-04-06, 06:56:36, 132.75, 52.25, 19.0, 26.0, 9999.0, 1.25, 1.5, 19.75, 9999.0, 9999.0, 9999.0, 121.0, 124.5, 120.5, 104.25, 135.5
2023-04-06, 06:56:41, 132.75, 52.25, 19.0, 26.0, 9999.0, 1.25, 1.5, 19.75, 9999.0, 9999.0, 9999.0, 121.0, 124.5, 120.5, 104.0, 135.5
2023-04-06, 06:56:45, 132.75, 52.25, 19.25, 26.0, 9999.0, 1.25, 1.5, 19.75, 9999.0, 9999.0, 9999.0, 121.0, 124.5, 120.25, 104.0, 135.5
2023-04-06, 06:56:49, 132.75, 52.25, 19.0, 26.0, 9999.0, 1.25, 1.5, 19.75, 9999.0, 9999.0, 9999.0, 121.0, 124.5, 120.5, 104.25, 135.5
2023-04-06, 06:56:53, 132.75, 52.25, 19.0, 26.0, 9999.0, 1.25, 1.5, 19.75, 9999.0, 9999.0, 9999.0, 121.0, 124.5, 120.5, 104.0, 135.5
2023-04-06, 06:56:57, 132.75, 52.25, 19.0, 26.0, 9999.0, 1.5, 1.5, 19.75, 9999.0, 9999.0, 9999.0, 120.75, 124.5, 120.5, 104.0, 135.5
2023-04-06, 06:57:01, 132.75, 52.25, 19.25, 26.0, 9999.0, 1.5, 1.5, 19.75, 9999.0, 9999.0, 9999.0, 120.75, 124.5, 120.5, 104.25, 135.25
2023-04-06, 06:57:05, 132.75, 52.25, 19.25, 26.0, 9999.0, 1.5, 1.5, 19.75, 9999.0, 9999.0, 9999.0, 120.75, 124.5, 120.5, 104.25, 135.5
2023-04-06, 06:57:09, 132.75, 52.25, 19.25, 26.0, 9999.0, 1.5, 1.5, 19.75, 9999.0, 9999.0, 9999.0, 121.5, 124.5, 120.5, 104.0, 135.5
2023-04-06, 06:57:13, 132.75, 52.25, 19.25, 26.0, 9999.0, 1.5, 1.5, 19.75, 9999.0, 9999.0, 9999.0, 121.5, 124.5, 120.5, 104.0, 135.25
2023-04-06, 06:57:17, 132.75, 52.25, 19.25, 26.25, 9999.0, 1.5, 1.5, 19.75, 9999.0, 9999.0, 9999.0, 121.5, 124.25, 120.5, 104.25, 135.25
2023-04-06, 06:57:21, 132.75, 52.25, 19.25, 26.0, 9999.0, 1.5, 1.5, 19.75, 9999.0, 9999.0, 9999.0, 121.25, 124.5, 120.5, 104.0, 135.25
2023-04-06, 06:57:25, 132.75, 52.25, 19.0, 26.0, 9999.0, 1.5, 1.5, 19.75, 9999.0, 9999.0, 9999.0, 121.25, 124.5, 120.5, 104.0, 135.5
2023-04-06, 06:57:29, 132.75, 52.25, 19.0, 26.25, 9999.0, 1.25, 1.5, 19.75, 9999.0, 9999.0, 9999.0, 121.25, 124.25, 120.25, 104.25, 135.5
2023-04-06, 06:57:33, 132.75, 52.25, 19.25, 26.25, 9999.0, 1.25, 1.5, 19.75, 9999.0, 9999.0, 9999.0, 121.25, 124.5, 120.5, 104.25, 135.5
2023-04-06, 06:57:37, 132.5, 52.25, 19.0, 26.0, 9999.0, 1.5, 1.5, 19.75, 9999.0, 9999.0, 9999.0, 121.25, 124.5, 120.25, 104.25, 135.25
2023-04-06, 06:57:41, 132.75, 52.25, 19.25, 26.0, 9999.0, 1.25, 1.75, 19.75, 9999.0, 9999.0, 9999.0, 121.25, 124.5, 120.5, 104.0, 135.5
2023-04-06, 06:57:45, 132.75, 52.25, 19.25, 26.0, 9999.0, 1.25, 1.5, 19.75, 9999.0, 9999.0, 9999.0, 121.25, 124.5, 120.5, 104.25, 135.5
2023-04-06, 06:57:49, 132.75, 52.25, 19.25, 26.0, 9999.0, 1.25, 1.5, 19.75, 9999.0, 9999.0, 9999.0, 121.0, 124.5, 120.5, 104.25, 135.5
2023-04-06, 06:57:53, 132.75, 52.25, 19.25, 26.0, 9999.0, 1.25, 1.75, 19.75, 9999.0, 9999.0, 9999.0, 121.0, 124.5, 120.5, 104.0, 135.25
2023-04-06, 06:57:57, 132.5, 52.25, 19.25, 26.0, 9999.0, 1.25, 1.5, 19.75, 9999.0, 9999.0, 9999.0, 121.0, 124.5, 120.25, 104.25, 135.5
2023-04-06, 06:58:01, 132.75, 52.25, 19.25, 26.0, 9999.0, 1.25, 1.75, 19.75, 9999.0, 9999.0, 9999.0, 121.0, 124.5, 120.5, 104.0, 135.5
2023-04-06, 06:58:05, 132.75, 52.25, 19.0, 26.0, 9999.0, 1.25, 1.5, 19.75, 9999.0, 9999.0, 9999.0, 121.0, 124.5, 120.5, 104.25, 135.5
2023-04-06, 06:58:09, 132.75, 52.25, 19.0, 26.0, 9999.0, 1.25, 1.5, 19.75, 9999.0, 9999.0, 9999.0, 121.0, 124.5, 120.5, 104.0, 135.5
2023-04-06, 06:58:13, 132.75, 52.25, 19.0, 26.0, 9999.0, 1.5, 1.5, 19.75, 9999.0, 9999.0, 9999.0, 120.75, 124.5, 120.5, 104.0, 135.5
2023-04-06, 06:58:17, 132.75, 52.25, 19.25, 26.0, 9999.0, 1.5, 1.5, 19.75, 9999.0, 9999.0, 9999.0, 121.0, 124.5, 120.5, 104.25, 135.25
2023-04-06, 06:58:21, 132.75, 52.25, 19.25, 26.0, 9999.0, 1.75, 1.5, 19.75, 9999.0, 9999.0, 9999.0, 120.75, 124.5, 120.5, 104.0, 135.25
2023-04-06, 06:58:25, 132.75, 52.25, 19.25, 26.25, 9999.0, 1.5, 1.5, 19.75, 9999.0, 9999.0, 9999.0, 120.75, 124.5, 120.5, 104.0, 135.5
2023-04-06, 06:58:29, 132.75, 52.25, 19.25, 26.0, 9999.0, 1.5, 1.5, 19.75, 9999.0, 9999.0, 9999.0, 121.5, 124.5, 120.5, 104.25, 135.25
2023-04-06, 06:58:33, 132.75, 52.25, 19.25, 26.0, 9999.0, 1.5, 1.5, 19.75, 9999.0, 9999.0, 9999.0, 121.5, 124.25, 120.5, 104.0, 135.5
2023-04-06, 06:58:37, 132.75, 52.25, 19.25, 26.0, 9999.0, 1.5, 1.5, 19.75, 9999.0, 9999.0, 9999.0, 121.5, 124.5, 120.5, 104.0, 135.25
2023-04-06, 06:58:41, 132.75, 52.25, 19.25, 26.0, 9999.0, 1.5, 1.75, 19.75, 9999.0, 9999.0, 9999.0, 121.25, 124.5, 120.5, 104.25, 135.25
2023-04-06, 06:58:45, 132.75, 52.25, 19.25, 26.0, 9999.0, 1.5, 1.5, 19.75, 9999.0, 9999.0, 9999.0, 121.25, 124.25, 120.5, 104.25, 135.25
2023-04-06, 06:58:49, 132.75, 52.25, 19.25, 26.0, 9999.0, 1.5, 1.5, 19.75, 9999.0, 9999.0, 9999.0, 121.25, 124.25, 120.5, 104.25, 135.5
2023-04-06, 06:58:53, 132.75, 52.25, 19.0, 26.0, 9999.0, 1.5, 1.75, 19.75, 9999.0, 9999.0, 9999.0, 121.25, 124.25, 120.5, 104.25, 135.5
2023-04-06, 06:58:57, 132.75, 52.25, 19.0, 26.0, 9999.0, 1.5, 1.5, 19.75, 9999.0, 9999.0, 9999.0, 121.25, 124.5, 120.5, 104.25, 135.25
2023-04-06, 06:59:01, 132.75, 52.25, 19.25, 26.25, 9999.0, 1.5, 1.5, 19.75, 9999.0, 9999.0, 9999.0, 121.25, 124.5, 120.5, 104.25, 135.25
2023-04-06, 06:59:05, 132.75, 52.25, 19.25, 26.25, 9999.0, 1.25, 1.5, 19.75, 9999.0, 9999.0, 9999.0, 121.25, 124.5, 120.5, 104.25, 135.5
2023-04-06, 06:59:09, 132.75, 52.25, 19.25, 26.25, 9999.0, 1.25, 1.5, 19.75, 9999.0, 9999.0, 9999.0, 121.25, 124.5, 120.5, 104.25, 135.5
2023-04-06, 06:59:13, 132.75, 52.25, 19.25, 26.25, 9999.0, 1.25, 1.5, 19.75, 9999.0, 9999.0, 9999.0, 121.0, 124.5, 120.5, 104.25, 135.5
2023-04-06, 06:59:17, 132.75, 52.25, 19.25, 26.25, 9999.0, 1.25, 1.5, 19.75, 9999.0, 9999.0, 9999.0, 121.0, 124.5, 120.5, 104.25, 135.5
2023-04-06, 06:59:21, 132.75, 52.25, 19.25, 26.25, 9999.0, 1.25, 1.5, 20.0, 9999.0, 9999.0, 9999.0, 121.0, 124.5, 120.5, 104.25, 135.5
2023-04-06, 06:59:25, 132.75, 52.25, 19.25, 26.25, 9999.0, 1.25, 1.5, 19.75, 9999.0, 9999.0, 9999.0, 121.0, 124.5, 120.5, 104.25, 135.5
2023-04-06, 06:59:29, 132.75, 52.25, 19.0, 26.25, 9999.0, 1.25, 1.5, 19.75, 9999.0, 9999.0, 9999.0, 120.75, 124.5, 120.5, 104.25, 135.5
2023-04-06, 06:59:33, 132.75, 52.25, 19.25, 26.25, 9999.0, 1.5, 1.5, 19.75, 9999.0, 9999.0, 9999.0, 121.0, 124.5, 120.5, 104.25, 135.5
2023-04-06, 06:59:37, 132.75, 52.25, 19.0, 26.25, 9999.0, 1.5, 1.5, 19.75, 9999.0, 9999.0, 9999.0, 120.75, 124.5, 120.5, 104.25, 135.5
2023-04-06, 06:59:41, 132.75, 52.25, 19.25, 26.25, 9999.0, 1.5, 1.5, 19.75, 9999.0, 9999.0, 9999.0, 120.75, 124.5, 120.5, 104.25, 135.25
2023-04-06, 06:59:45, 132.75, 52.25, 19.25, 26.25, 9999.0, 1.5, 1.75, 19.75, 9999.0, 9999.0, 9999.0, 120.75, 124.5, 120.5, 104.25, 135.5
2023-04-06, 06:59:49, 132.75, 52.25, 19.25, 26.25, 9999.0, 1.75, 1.5, 19.75, 9999.0, 9999.0, 9999.0, 121.5, 124.5, 120.5, 104.25, 135.5
2023-04-06, 06:59:53, 132.75, 52.25, 19.25, 26.25, 9999.0, 1.5, 1.5, 19.75, 9999.0, 9999.0, 9999.0, 121.25, 124.5, 120.5, 104.25, 135.5
2023-04-06, 06:59:57, 132.75, 52.25, 19.25, 26.25, 9999.0, 1.5, 1.5, 19.75, 9999.0, 9999.0, 9999.0, 121.25, 124.5, 120.5, 104.25, 135.5
2023-04-06, 07:00:01, 132.75, 52.25, 19.5, 26.0, 9999.0, 1.5, 1.5, 19.75, 9999.0, 9999.0, 9999.0, 121.25, 124.5, 120.5, 104.25, 135.25
2023-04-06, 07:00:05, 132.75, 52.25, 19.25, 26.25, 9999.0, 1.5, 1.5, 19.75, 9999.0, 9999.0, 9999.0, 121.25, 124.5, 120.5, 104.25, 135.25
2023-04-06, 07:00:09, 132.75, 52.25, 19.25, 26.25, 9999.0, 1.5, 1.75, 20.0, 9999.0, 9999.0, 9999.0, 121.25, 124.5, 120.5, 104.25, 135.5
2023-04-06, 07:00:13, 132.75, 52.25, 19.0, 26.0, 9999.0, 1.25, 1.75, 19.75, 9999.0, 9999.0, 9999.0, 121.25, 124.5, 120.5, 104.25, 135.25
2023-04-06, 07:00:17, 132.75, 52.25, 19.25, 26.0, 9999.0, 1.5, 1.75, 19.75, 9999.0, 9999.0, 9999.0, 121.0, 124.75, 120.5, 104.25, 135.5
2023-04-06, 07:00:21, 132.75, 52.25, 19.0, 26.0, 9999.0, 1.25, 1.75, 19.75, 9999.0, 9999.0, 9999.0, 121.0, 124.75, 120.5, 104.25, 135.5
2023-04-06, 07:00:25, 132.75, 52.25, 19.25, 26.0, 9999.0, 1.5, 1.5, 19.75, 9999.0, 9999.0, 9999.0, 121.0, 124.75, 120.5, 104.0, 135.5
2023-04-06, 07:00:29, 132.75, 52.25, 19.25, 26.25, 9999.0, 1.25, 1.75, 19.75, 9999.0, 9999.0, 9999.0, 121.25, 124.5, 120.5, 104.25, 135.5
2023-04-06, 07:00:33, 132.75, 52.25, 19.25, 26.0, 9999.0, 1.25, 1.75, 19.75, 9999.0, 9999.0, 9999.0, 121.0, 124.5, 120.5, 104.25, 135.5
2023-04-06, 07:00:37, 132.75, 52.25, 19.25, 26.0, 9999.0, 1.25, 1.5, 19.75, 9999.0, 9999.0, 9999.0, 121.0, 124.5, 120.5, 104.25, 135.5
2023-04-06, 07:00:41, 132.75, 52.25, 19.0, 26.0, 9999.0, 1.25, 1.5, 19.75, 9999.0, 9999.0, 9999.0, 121.0, 124.5, 120.5, 104.25, 135.25
2023-04-06, 07:00:45, 132.75, 52.25, 19.0, 26.0, 9999.0, 1.25, 1.5, 19.75, 9999.0, 9999.0, 9999.0, 121.0, 124.5, 120.5, 104.0, 135.5
2023-04-06, 07:00:49, 132.75, 52.25, 19.0, 26.0, 9999.0, 1.25, 1.5, 19.75, 9999.0, 9999.0, 9999.0, 120.75, 124.5, 120.5, 104.0, 135.5
2023-04-06, 07:00:53, 132.75, 52.25, 19.0, 26.0, 9999.0, 1.25, 1.5, 19.75, 9999.0, 9999.0, 9999.0, 120.75, 124.5, 120.5, 104.0, 135.5
2023-04-06, 07:00:57, 132.75, 52.25, 19.25, 26.0, 9999.0, 1.5, 1.5, 19.75, 9999.0, 9999.0, 9999.0, 120.75, 124.5, 120.5, 104.0, 135.25
2023-04-06, 07:01:01, 132.75, 52.25, 19.25, 26.0, 9999.0, 1.5, 1.5, 19.75, 9999.0, 9999.0, 9999.0, 120.75, 124.5, 120.5, 104.25, 135.25
2023-04-06, 07:01:06, 132.75, 52.25, 19.25, 26.0, 9999.0, 1.5, 1.5, 19.75, 9999.0, 9999.0, 9999.0, 120.75, 124.5, 120.5, 104.0, 135.25
2023-04-06, 07:01:10, 132.5, 52.25, 19.25, 26.0, 9999.0, 1.5, 1.5, 19.75, 9999.0, 9999.0, 9999.0, 121.5, 124.5, 120.5, 104.0, 135.5
2023-04-06, 07:01:14, 132.75, 52.25, 19.25, 26.25, 9999.0, 1.5, 1.5, 19.75, 9999.0, 9999.0, 9999.0, 121.5, 124.5, 120.5, 104.0, 135.25
2023-04-06, 07:01:18, 132.75, 52.25, 19.25, 26.0, 9999.0, 1.5, 1.5, 19.75, 9999.0, 9999.0, 9999.0, 121.25, 124.25, 120.5, 104.0, 135.5
2023-04-06, 07:01:22, 132.5, 52.25, 19.25, 26.0, 9999.0, 1.5, 1.5, 19.75, 9999.0, 9999.0, 9999.0, 121.25, 124.25, 120.5, 104.0, 135.25
2023-04-06, 07:01:26, 132.75, 52.0, 19.0, 26.0, 9999.0, 1.5, 1.5, 19.75, 9999.0, 9999.0, 9999.0, 121.25, 124.25, 120.5, 104.0, 135.25
2023-04-06, 07:01:30, 132.5, 52.0, 19.25, 26.0, 9999.0, 1.5, 1.5, 19.75, 9999.0, 9999.0, 9999.0, 121.25, 124.25, 120.5, 104.0, 135.25
2023-04-06, 07:01:34, 132.75, 52.25, 19.0, 26.0, 9999.0, 1.5, 1.5, 19.75, 9999.0, 9999.0, 9999.0, 121.0, 124.25, 120.5, 104.0, 135.25
2023-04-06, 07:01:38, 132.5, 52.25, 19.25, 26.0, 9999.0, 1.25, 1.5, 19.75, 9999.0, 9999.0, 9999.0, 121.0, 124.25, 120.5, 104.0, 135.25
2023-04-06, 07:01:42, 132.5, 52.25, 19.0, 26.0, 9999.0, 1.25, 1.5, 19.75, 9999.0, 9999.0, 9999.0, 121.25, 124.5, 120.5, 104.0, 135.5
2023-04-06, 07:01:46, 132.5, 52.0, 19.0, 26.0, 9999.0, 1.25, 1.5, 19.75, 9999.0, 9999.0, 9999.0, 121.0, 124.5, 120.5, 104.0, 135.25
2023-04-06, 07:01:50, 132.5, 52.0, 19.0, 26.0, 9999.0, 1.25, 1.5, 19.75, 9999.0, 9999.0, 9999.0, 121.0, 124.5, 120.5, 104.0, 135.5
2023-04-06, 07:01:54, 132.5, 52.0, 19.0, 26.0, 9999.0, 1.25, 1.5, 19.75, 9999.0, 9999.0, 9999.0, 121.0, 124.5, 120.5, 104.0, 135.25
2023-04-06, 07:01:58, 132.75, 52.25, 19.0, 26.0, 9999.0, 1.25, 1.5, 19.75, 9999.0, 9999.0, 9999.0, 121.0, 124.5, 120.5, 104.0, 135.5
2023-04-06, 07:02:02, 132.5, 52.25, 19.0, 26.0, 9999.0, 1.25, 1.5, 19.75, 9999.0, 9999.0, 9999.0, 121.0, 124.5, 120.25, 104.0, 135.25
2023-04-06, 07:02:06, 132.5, 52.25, 19.0, 26.25, 9999.0, 1.25, 1.5, 19.75, 9999.0, 9999.0, 9999.0, 121.0, 124.5, 120.25, 104.0, 135.25
2023-04-06, 07:02:10, 132.5, 52.0, 19.0, 26.25, 9999.0, 1.25, 1.5, 19.75, 9999.0, 9999.0, 9999.0, 120.75, 124.5, 120.5, 104.0, 135.25
2023-04-06, 07:02:14, 132.5, 52.25, 19.0, 26.0, 9999.0, 1.5, 1.5, 19.75, 9999.0, 9999.0, 9999.0, 120.75, 124.5, 120.5, 104.0, 135.25
2023-04-06, 07:02:18, 132.5, 52.25, 19.0, 26.0, 9999.0, 1.25, 1.5, 19.75, 9999.0, 9999.0, 9999.0, 120.75, 124.5, 120.5, 104.0, 135.25
2023-04-06, 07:02:22, 132.5, 52.0, 19.0, 26.0, 9999.0, 1.5, 1.5, 19.75, 9999.0, 9999.0, 9999.0, 120.75, 124.5, 120.5, 104.0, 135.25
2023-04-06, 07:02:26, 132.75, 52.25, 19.25, 26.0, 9999.0, 1.5, 1.5, 19.75, 9999.0, 9999.0, 9999.0, 120.75, 124.5, 120.5, 104.0, 135.25
2023-04-06, 07:02:30, 132.5, 52.0, 19.25, 26.0, 9999.0, 1.5, 1.5, 19.75, 9999.0, 9999.0, 9999.0, 121.5, 124.5, 120.5, 104.0, 135.25
2023-04-06, 07:02:34, 132.5, 52.25, 19.0, 26.0, 9999.0, 1.5, 1.5, 19.75, 9999.0, 9999.0, 9999.0, 121.25, 124.5, 120.5, 104.0, 135.25
2023-04-06, 07:02:38, 132.5, 52.0, 19.0, 26.0, 9999.0, 1.5, 1.5, 19.75, 9999.0, 9999.0, 9999.0, 121.5, 124.5, 120.5, 104.0, 135.25
2023-04-06, 07:02:42, 132.5, 52.0, 19.0, 26.0, 9999.0, 1.5, 1.5, 19.75, 9999.0, 9999.0, 9999.0, 121.25, 124.5, 120.5, 104.0, 135.25
2023-04-06, 07:02:46, 132.5, 52.0, 19.0, 26.0, 9999.0, 1.5, 1.5, 19.75, 9999.0, 9999.0, 9999.0, 121.25, 124.25, 120.25, 104.0, 135.25
2023-04-06, 07:02:50, 132.5, 52.0, 19.0, 26.0, 9999.0, 1.25, 1.75, 19.75, 9999.0, 9999.0, 9999.0, 121.25, 124.25, 120.5, 104.0, 135.25
2023-04-06, 07:02:54, 132.5, 52.0, 19.0, 26.0, 9999.0, 1.25, 1.5, 19.75, 9999.0, 9999.0, 9999.0, 121.0, 124.25, 120.5, 104.0, 135.25
2023-04-06, 07:02:58, 132.5, 52.0, 19.0, 26.0, 9999.0, 1.5, 1.5, 19.75, 9999.0, 9999.0, 9999.0, 121.0, 124.5, 120.5, 104.0, 135.25
2023-04-06, 07:03:02, 132.5, 52.0, 19.0, 26.0, 9999.0, 1.25, 1.5, 19.75, 9999.0, 9999.0, 9999.0, 121.25, 124.5, 120.5, 104.0, 135.25
2023-04-06, 07:03:06, 132.5, 52.0, 19.0, 26.0, 9999.0, 1.25, 1.5, 19.75, 9999.0, 9999.0, 9999.0, 121.0, 124.5, 120.5, 104.0, 135.25
2023-04-06, 07:03:10, 132.5, 52.0, 19.0, 26.25, 9999.0, 1.25, 1.5, 19.75, 9999.0, 9999.0, 9999.0, 121.0, 124.5, 120.5, 104.0, 135.25
2023-04-06, 07:03:14, 132.5, 52.0, 19.0, 26.25, 9999.0, 1.25, 1.5, 19.75, 9999.0, 9999.0, 9999.0, 121.0, 124.5, 120.5, 104.0, 135.25
2023-04-06, 07:03:18, 132.5, 52.0, 19.0, 26.0, 9999.0, 1.25, 1.5, 19.75, 9999.0, 9999.0, 9999.0, 121.0, 124.5, 120.5, 104.0, 135.25
2023-04-06, 07:03:22, 132.5, 52.0, 19.25, 26.25, 9999.0, 1.25, 1.5, 19.75, 9999.0, 9999.0, 9999.0, 121.0, 124.5, 120.5, 104.0, 135.25
2023-04-06, 07:03:26, 132.5, 52.0, 19.0, 26.25, 9999.0, 1.25, 1.5, 19.75, 9999.0, 9999.0, 9999.0, 120.75, 124.5, 120.5, 104.0, 135.25
2023-04-06, 07:03:30, 132.5, 52.0, 19.25, 26.0, 9999.0, 1.25, 1.5, 19.75, 9999.0, 9999.0, 9999.0, 120.75, 124.5, 120.5, 104.0, 135.25
2023-04-06, 07:03:34, 132.5, 52.0, 19.0, 26.0, 9999.0, 1.25, 1.5, 19.75, 9999.0, 9999.0, 9999.0, 120.75, 124.5, 120.5, 104.0, 135.25
2023-04-06, 07:03:38, 132.5, 52.0, 19.0, 26.0, 9999.0, 1.25, 1.5, 19.5, 9999.0, 9999.0, 9999.0, 120.75, 124.25, 120.5, 104.0, 135.25
2023-04-06, 07:03:42, 132.5, 52.0, 19.0, 26.25, 9999.0, 1.25, 1.5, 19.5, 9999.0, 9999.0, 9999.0, 120.75, 124.5, 120.5, 104.0, 135.25
2023-04-06, 07:03:46, 132.5, 52.0, 19.0, 26.25, 9999.0, 1.5, 1.5, 19.75, 9999.0, 9999.0, 9999.0, 120.5, 124.25, 120.5, 104.0, 135.25
2023-04-06, 07:03:50, 132.5, 52.0, 19.0, 26.25, 9999.0, 1.5, 1.5, 19.75, 9999.0, 9999.0, 9999.0, 121.5, 124.25, 120.5, 104.0, 135.25
2023-04-06, 07:03:54, 132.5, 52.0, 19.0, 26.0, 9999.0, 1.5, 1.5, 19.75, 9999.0, 9999.0, 9999.0, 121.5, 124.5, 120.5, 104.0, 135.25
2023-04-06, 07:03:58, 132.5, 52.0, 19.0, 26.0, 9999.0, 1.5, 1.5, 19.75, 9999.0, 9999.0, 9999.0, 121.25, 124.25, 120.5, 104.0, 135.25
2023-04-06, 07:04:02, 132.5, 52.0, 19.0, 26.0, 9999.0, 1.25, 1.5, 19.75, 9999.0, 9999.0, 9999.0, 121.25, 124.25, 120.5, 104.0, 135.25
2023-04-06, 07:04:06, 132.5, 52.0, 19.0, 26.0, 9999.0, 1.25, 1.5, 19.75, 9999.0, 9999.0, 9999.0, 121.25, 124.5, 120.5, 104.0, 135.25
2023-04-06, 07:04:10, 132.5, 52.0, 19.0, 26.25, 9999.0, 1.5, 1.5, 19.5, 9999.0, 9999.0, 9999.0, 121.0, 124.25, 120.5, 104.0, 135.25
2023-04-06, 07:04:14, 132.5, 52.0, 19.0, 26.25, 9999.0, 1.25, 1.5, 19.75, 9999.0, 9999.0, 9999.0, 121.0, 124.25, 120.25, 104.0, 135.25
2023-04-06, 07:04:18, 132.5, 52.0, 19.0, 26.0, 9999.0, 1.25, 1.5, 19.75, 9999.0, 9999.0, 9999.0, 121.0, 124.25, 120.5, 104.0, 135.25
2023-04-06, 07:04:22, 132.5, 52.0, 19.0, 26.0, 9999.0, 1.25, 1.5, 19.5, 9999.0, 9999.0, 9999.0, 121.0, 124.5, 120.5, 104.0, 135.25
2023-04-06, 07:04:26, 132.5, 52.0, 19.0, 26.0, 9999.0, 1.25, 1.5, 19.5, 9999.0, 9999.0, 9999.0, 121.0, 124.5, 120.5, 104.0, 135.25
2023-04-06, 07:04:30, 132.5, 52.0, 19.0, 26.0, 9999.0, 1.25, 1.5, 19.5, 9999.0, 9999.0, 9999.0, 121.0, 124.5, 120.5, 104.0, 135.25
2023-04-06, 07:04:34, 132.5, 52.0, 19.0, 26.0, 9999.0, 1.25, 1.5, 19.5, 9999.0, 9999.0, 9999.0, 121.0, 124.5, 120.5, 104.0, 135.25
2023-04-06, 07:04:38, 132.5, 52.0, 19.0, 26.0, 9999.0, 1.25, 1.5, 19.5, 9999.0, 9999.0, 9999.0, 121.0, 124.5, 120.5, 104.0, 135.25
2023-04-06, 07:04:42, 132.5, 52.0, 19.0, 26.0, 9999.0, 1.25, 1.5, 19.75, 9999.0, 9999.0, 9999.0, 120.75, 124.5, 120.5, 104.0, 135.25
2023-04-06, 07:04:46, 132.5, 52.0, 19.0, 26.0, 9999.0, 1.25, 1.5, 19.5, 9999.0, 9999.0, 9999.0, 120.75, 124.5, 120.5, 104.0, 135.25
2023-04-06, 07:04:50, 132.5, 52.0, 19.0, 26.0, 9999.0, 1.0, 1.5, 19.5, 9999.0, 9999.0, 9999.0, 120.75, 124.5, 120.5, 104.0, 135.25
2023-04-06, 07:04:54, 132.5, 52.0, 19.0, 26.0, 9999.0, 1.25, 1.25, 19.5, 9999.0, 9999.0, 9999.0, 120.75, 124.5, 120.5, 104.0, 135.25
2023-04-06, 07:04:58, 132.5, 52.0, 19.0, 26.0, 9999.0, 1.25, 1.5, 19.5, 9999.0, 9999.0, 9999.0, 120.75, 124.25, 120.5, 104.0, 135.25
2023-04-06, 07:05:02, 132.5, 52.0, 19.0, 26.0, 9999.0, 1.25, 1.5, 19.5, 9999.0, 9999.0, 9999.0, 120.5, 124.5, 120.5, 104.0, 135.25
2023-04-06, 07:05:06, 132.5, 52.0, 19.0, 26.0, 9999.0, 1.5, 1.5, 19.5, 9999.0, 9999.0, 9999.0, 120.5, 124.5, 120.5, 104.0, 135.25
2023-04-06, 07:05:10, 132.5, 52.0, 19.0, 26.0, 9999.0, 1.5, 1.5, 19.5, 9999.0, 9999.0, 9999.0, 121.25, 124.5, 120.5, 104.0, 135.25
2023-04-06, 07:05:14, 132.5, 52.0, 19.0, 26.25, 9999.0, 1.5, 1.5, 19.75, 9999.0, 9999.0, 9999.0, 121.25, 124.25, 120.5, 104.0, 135.25
2023-04-06, 07:05:18, 132.5, 52.0, 19.0, 26.25, 9999.0, 1.25, 1.5, 19.5, 9999.0, 9999.0, 9999.0, 121.25, 124.25, 120.5, 104.0, 135.25
2023-04-06, 07:05:22, 132.5, 52.0, 19.0, 26.25, 9999.0, 1.25, 1.5, 19.5, 9999.0, 9999.0, 9999.0, 121.25, 124.25, 120.5, 104.0, 135.25
2023-04-06, 07:05:26, 132.5, 52.0, 19.0, 26.0, 9999.0, 1.25, 1.5, 19.75, 9999.0, 9999.0, 9999.0, 121.25, 124.25, 120.25, 104.0, 135.25
2023-04-06, 07:05:30, 132.5, 52.0, 19.0, 26.25, 9999.0, 1.25, 1.5, 19.5, 9999.0, 9999.0, 9999.0, 121.0, 124.25, 120.25, 104.0, 135.25
2023-04-06, 07:05:35, 132.5, 52.0, 19.0, 26.25, 9999.0, 1.25, 1.5, 19.5, 9999.0, 9999.0, 9999.0, 121.0, 124.25, 120.5, 104.0, 135.25
2023-04-06, 07:05:39, 132.5, 52.0, 19.0, 26.0, 9999.0, 1.25, 1.5, 19.5, 9999.0, 9999.0, 9999.0, 121.0, 124.25, 120.25, 104.0, 135.25
2023-04-06, 07:05:43, 132.5, 52.0, 19.0, 26.0, 9999.0, 1.25, 1.5, 19.5, 9999.0, 9999.0, 9999.0, 121.0, 124.5, 120.5, 104.0, 135.25
2023-04-06, 07:05:47, 132.5, 52.0, 19.0, 26.0, 9999.0, 1.25, 1.5, 19.5, 9999.0, 9999.0, 9999.0, 121.0, 124.5, 120.5, 104.0, 135.25
2023-04-06, 07:05:51, 132.5, 52.0, 19.0, 26.0, 9999.0, 1.25, 1.5, 19.75, 9999.0, 9999.0, 9999.0, 120.75, 124.5, 120.5, 104.0, 135.25
2023-04-06, 07:05:55, 132.5, 52.0, 19.0, 26.0, 9999.0, 1.25, 1.5, 19.5, 9999.0, 9999.0, 9999.0, 121.0, 124.5, 120.5, 104.0, 135.25
2023-04-06, 07:05:59, 132.5, 52.0, 19.0, 26.0, 9999.0, 1.0, 1.25, 19.5, 9999.0, 9999.0, 9999.0, 120.75, 124.5, 120.5, 104.0, 135.25
2023-04-06, 07:06:03, 132.5, 52.0, 19.0, 26.0, 9999.0, 1.0, 1.5, 19.5, 9999.0, 9999.0, 9999.0, 120.75, 124.25, 120.25, 104.0, 135.25
2023-04-06, 07:06:07, 132.5, 52.0, 18.75, 26.0, 9999.0, 1.0, 1.5, 19.5, 9999.0, 9999.0, 9999.0, 120.75, 124.25, 120.5, 104.0, 135.25
2023-04-06, 07:06:11, 132.5, 52.0, 19.0, 26.0, 9999.0, 1.0, 1.5, 19.5, 9999.0, 9999.0, 9999.0, 120.75, 124.25, 120.5, 104.0, 135.25
2023-04-06, 07:06:15, 132.5, 52.0, 19.0, 26.0, 9999.0, 1.25, 1.25, 19.5, 9999.0, 9999.0, 9999.0, 120.75, 124.5, 120.5, 104.0, 135.25
2023-04-06, 07:06:19, 132.5, 52.0, 19.0, 26.0, 9999.0, 1.25, 1.25, 19.5, 9999.0, 9999.0, 9999.0, 120.75, 124.25, 120.5, 104.0, 135.25
2023-04-06, 07:06:23, 132.5, 52.0, 19.0, 26.0, 9999.0, 1.25, 1.5, 19.5, 9999.0, 9999.0, 9999.0, 120.75, 124.5, 120.5, 104.0, 135.25
2023-04-06, 07:06:27, 132.5, 52.0, 19.0, 26.0, 9999.0, 1.5, 1.5, 19.5, 9999.0, 9999.0, 9999.0, 120.5, 124.5, 120.5, 104.0, 135.25
2023-04-06, 07:06:31, 132.5, 52.0, 19.0, 26.0, 9999.0, 1.25, 1.5, 19.5, 9999.0, 9999.0, 9999.0, 121.25, 124.5, 120.25, 104.0, 135.25
2023-04-06, 07:06:35, 132.5, 52.0, 19.0, 26.0, 9999.0, 1.5, 1.5, 19.5, 9999.0, 9999.0, 9999.0, 121.25, 124.25, 120.25, 104.0, 135.25
2023-04-06, 07:06:39, 132.5, 52.0, 18.75, 26.0, 9999.0, 1.25, 1.5, 19.5, 9999.0, 9999.0, 9999.0, 121.25, 124.25, 120.5, 104.0, 135.25
2023-04-06, 07:06:43, 132.5, 52.0, 19.0, 26.0, 9999.0, 1.25, 1.5, 19.5, 9999.0, 9999.0, 9999.0, 121.25, 124.25, 120.25, 104.0, 135.25
2023-04-06, 07:06:47, 132.5, 52.0, 19.0, 26.0, 9999.0, 1.25, 1.5, 19.5, 9999.0, 9999.0, 9999.0, 121.0, 124.25, 120.5, 104.0, 135.25
2023-04-06, 07:06:51, 132.5, 51.75, 19.0, 26.0, 9999.0, 1.25, 1.25, 19.5, 9999.0, 9999.0, 9999.0, 121.0, 124.25, 120.25, 104.0, 135.25
2023-04-06, 07:06:55, 132.5, 52.0, 19.0, 26.0, 9999.0, 1.25, 1.25, 19.5, 9999.0, 9999.0, 9999.0, 121.0, 124.25, 120.5, 104.0, 135.25
2023-04-06, 07:06:59, 132.5, 52.0, 19.0, 26.25, 9999.0, 1.25, 1.5, 19.5, 9999.0, 9999.0, 9999.0, 121.0, 124.25, 120.25, 104.0, 135.25
2023-04-06, 07:07:03, 132.5, 51.75, 19.0, 26.0, 9999.0, 1.0, 1.25, 19.75, 9999.0, 9999.0, 9999.0, 121.0, 124.5, 120.25, 104.0, 135.25
2023-04-06, 07:07:07, 132.5, 51.75, 19.0, 26.25, 9999.0, 1.0, 1.5, 19.5, 9999.0, 9999.0, 9999.0, 121.0, 124.5, 120.25, 104.0, 135.25
2023-04-06, 07:07:11, 132.25, 52.0, 19.0, 26.25, 9999.0, 1.0, 1.25, 19.75, 9999.0, 9999.0, 9999.0, 120.75, 124.5, 120.5, 104.0, 135.25
2023-04-06, 07:07:15, 132.5, 51.75, 19.0, 26.0, 9999.0, 1.0, 1.25, 19.5, 9999.0, 9999.0, 9999.0, 120.75, 124.5, 120.5, 104.0, 135.25
2023-04-06, 07:07:19, 132.25, 52.0, 19.0, 26.25, 9999.0, 1.0, 1.5, 19.5, 9999.0, 9999.0, 9999.0, 120.75, 124.5, 120.5, 104.0, 135.25
2023-04-06, 07:07:23, 132.5, 52.0, 19.0, 26.0, 9999.0, 1.0, 1.5, 19.5, 9999.0, 9999.0, 9999.0, 120.75, 124.5, 120.5, 104.0, 135.25
2023-04-06, 07:07:27, 132.5, 52.0, 19.0, 26.25, 9999.0, 1.0, 1.25, 19.5, 9999.0, 9999.0, 9999.0, 120.75, 124.5, 120.5, 104.0, 135.25
2023-04-06, 07:07:31, 132.25, 52.0, 19.0, 26.25, 9999.0, 1.0, 1.5, 19.5, 9999.0, 9999.0, 9999.0, 120.75, 124.5, 120.5, 104.0, 135.25
2023-04-06, 07:07:35, 132.5, 51.75, 19.0, 26.25, 9999.0, 1.25, 1.25, 19.5, 9999.0, 9999.0, 9999.0, 120.75, 124.5, 120.5, 104.0, 135.25
2023-04-06, 07:07:39, 132.25, 52.0, 19.0, 26.25, 9999.0, 1.25, 1.25, 19.75, 9999.0, 9999.0, 9999.0, 120.75, 124.5, 120.5, 104.0, 135.25
2023-04-06, 07:07:43, 132.5, 51.75, 19.0, 26.0, 9999.0, 1.25, 1.25, 19.5, 9999.0, 9999.0, 9999.0, 120.5, 124.25, 120.5, 104.0, 135.25
2023-04-06, 07:07:47, 132.5, 51.75, 19.0, 26.25, 9999.0, 1.5, 1.25, 19.5, 9999.0, 9999.0, 9999.0, 120.5, 124.25, 120.5, 104.0, 135.25
2023-04-06, 07:07:51, 132.5, 52.0, 18.75, 26.25, 9999.0, 1.25, 1.25, 19.5, 9999.0, 9999.0, 9999.0, 121.25, 124.25, 120.25, 104.0, 135.25
2023-04-06, 07:07:55, 132.5, 51.75, 19.0, 26.25, 9999.0, 1.5, 1.5, 19.5, 9999.0, 9999.0, 9999.0, 121.25, 124.25, 120.5, 104.0, 135.25
2023-04-06, 07:07:59, 132.25, 52.0, 19.0, 26.25, 9999.0, 1.25, 1.5, 19.5, 9999.0, 9999.0, 9999.0, 121.25, 124.25, 120.5, 104.0, 135.25
2023-04-06, 07:08:03, 132.5, 52.0, 19.0, 26.0, 9999.0, 1.25, 1.25, 19.5, 9999.0, 9999.0, 9999.0, 121.25, 124.25, 120.5, 104.0, 135.25
2023-04-06, 07:08:07, 132.5, 52.0, 19.0, 26.0, 9999.0, 1.25, 1.5, 19.5, 9999.0, 9999.0, 9999.0, 121.0, 124.25, 120.5, 104.0, 135.25
2023-04-06, 07:08:11, 132.25, 52.0, 19.0, 26.25, 9999.0, 1.25, 1.5, 19.5, 9999.0, 9999.0, 9999.0, 121.0, 124.25, 120.5, 104.0, 135.25
2023-04-06, 07:08:15, 132.5, 51.75, 19.0, 26.25, 9999.0, 1.25, 1.5, 19.5, 9999.0, 9999.0, 9999.0, 121.0, 124.25, 120.5, 104.0, 135.25
2023-04-06, 07:08:19, 132.25, 52.0, 19.0, 26.0, 9999.0, 1.25, 1.5, 19.5, 9999.0, 9999.0, 9999.0, 121.0, 124.5, 120.5, 104.0, 135.25
2023-04-06, 07:08:23, 132.25, 52.0, 18.75, 26.25, 9999.0, 1.25, 1.5, 19.5, 9999.0, 9999.0, 9999.0, 121.0, 124.5, 120.5, 104.0, 135.25
2023-04-06, 07:08:27, 132.25, 52.0, 19.0, 26.25, 9999.0, 1.25, 1.25, 19.5, 9999.0, 9999.0, 9999.0, 121.0, 124.5, 120.5, 104.0, 135.25
2023-04-06, 07:08:31, 132.25, 51.75, 19.0, 26.0, 9999.0, 1.0, 1.25, 19.5, 9999.0, 9999.0, 9999.0, 120.75, 124.5, 120.5, 104.0, 135.25
2023-04-06, 07:08:35, 132.5, 52.0, 19.0, 26.0, 9999.0, 1.0, 1.25, 19.5, 9999.0, 9999.0, 9999.0, 121.0, 124.5, 120.5, 104.0, 135.25
2023-04-06, 07:08:39, 132.25, 52.0, 19.0, 26.25, 9999.0, 1.0, 1.25, 19.5, 9999.0, 9999.0, 9999.0, 120.75, 124.5, 120.5, 104.0, 135.25
2023-04-06, 07:08:43, 132.25, 52.0, 19.0, 26.25, 9999.0, 1.0, 1.25, 19.5, 9999.0, 9999.0, 9999.0, 120.75, 124.5, 120.5, 104.0, 135.25
2023-04-06, 07:08:47, 132.25, 52.0, 19.0, 26.0, 9999.0, 1.0, 1.5, 19.5, 9999.0, 9999.0, 9999.0, 120.75, 124.5, 120.5, 104.0, 135.25
2023-04-06, 07:08:51, 132.5, 52.0, 18.75, 26.0, 9999.0, 1.0, 1.25, 19.5, 9999.0, 9999.0, 9999.0, 120.5, 124.5, 120.5, 104.0, 135.25
2023-04-06, 07:08:55, 132.25, 51.75, 18.75, 26.0, 9999.0, 1.25, 1.25, 19.5, 9999.0, 9999.0, 9999.0, 120.5, 124.5, 120.5, 104.0, 135.25
2023-04-06, 07:08:59, 132.5, 52.0, 18.75, 26.0, 9999.0, 1.25, 1.25, 19.5, 9999.0, 9999.0, 9999.0, 120.75, 124.5, 120.5, 104.0, 135.25
2023-04-06, 07:09:03, 132.25, 51.75, 18.75, 26.25, 9999.0, 1.25, 1.25, 19.5, 9999.0, 9999.0, 9999.0, 120.5, 124.5, 120.5, 104.0, 135.25
2023-04-06, 07:09:07, 132.25, 51.75, 18.75, 26.25, 9999.0, 1.5, 1.25, 19.5, 9999.0, 9999.0, 9999.0, 120.5, 124.25, 120.5, 104.0, 135.25
2023-04-06, 07:09:11, 132.25, 51.75, 19.0, 26.25, 9999.0, 1.25, 1.5, 19.5, 9999.0, 9999.0, 9999.0, 121.25, 124.5, 120.5, 104.0, 135.25
2023-04-06, 07:09:15, 132.25, 51.75, 19.0, 26.0, 9999.0, 1.25, 1.25, 19.5, 9999.0, 9999.0, 9999.0, 121.25, 124.5, 120.5, 104.0, 135.25
2023-04-06, 07:09:19, 132.25, 52.0, 19.0, 26.0, 9999.0, 1.25, 1.25, 19.5, 9999.0, 9999.0, 9999.0, 121.25, 124.5, 120.5, 104.0, 135.0
2023-04-06, 07:09:23, 132.25, 52.0, 19.0, 26.0, 9999.0, 1.25, 1.5, 19.5, 9999.0, 9999.0, 9999.0, 121.0, 124.25, 120.5, 104.0, 135.25
2023-04-06, 07:09:27, 132.25, 52.0, 19.0, 26.0, 9999.0, 1.25, 1.5, 19.5, 9999.0, 9999.0, 9999.0, 121.0, 124.5, 120.5, 104.0, 135.25
2023-04-06, 07:09:31, 132.25, 51.75, 19.0, 26.0, 9999.0, 1.25, 1.25, 19.5, 9999.0, 9999.0, 9999.0, 121.0, 124.5, 120.5, 104.0, 135.25
2023-04-06, 07:09:35, 132.25, 51.75, 19.0, 26.0, 9999.0, 1.25, 1.25, 19.5, 9999.0, 9999.0, 9999.0, 121.0, 124.25, 120.5, 104.0, 135.0
2023-04-06, 07:09:39, 132.25, 52.0, 19.0, 26.25, 9999.0, 1.0, 1.25, 19.5, 9999.0, 9999.0, 9999.0, 121.0, 124.5, 120.5, 104.0, 135.0
2023-04-06, 07:09:43, 132.25, 51.75, 18.75, 26.0, 9999.0, 1.0, 1.25, 19.5, 9999.0, 9999.0, 9999.0, 121.0, 124.5, 120.5, 104.0, 135.25
2023-04-06, 07:09:47, 132.25, 51.75, 18.75, 25.75, 9999.0, 1.0, 1.25, 19.5, 9999.0, 9999.0, 9999.0, 121.0, 124.5, 120.5, 104.0, 135.25
2023-04-06, 07:09:51, 132.25, 51.75, 18.75, 25.5, 9999.0, 1.0, 1.25, 19.5, 9999.0, 9999.0, 9999.0, 121.0, 124.5, 120.5, 104.0, 135.25
2023-04-06, 07:09:55, 132.25, 51.75, 18.75, 25.75, 9999.0, 1.0, 1.25, 19.5, 9999.0, 9999.0, 9999.0, 120.75, 124.5, 120.5, 104.0, 135.25
2023-04-06, 07:09:59, 132.5, 52.0, 19.0, 25.75, 9999.0, 1.0, 1.25, 19.5, 9999.0, 9999.0, 9999.0, 120.75, 124.5, 120.5, 104.0, 135.25
2023-04-06, 07:10:04, 132.25, 52.0, 19.0, 25.75, 9999.0, 1.0, 1.25, 19.5, 9999.0, 9999.0, 9999.0, 120.75, 124.5, 120.5, 104.0, 135.0
2023-04-06, 07:10:08, 132.25, 52.0, 18.75, 25.75, 9999.0, 1.0, 1.25, 19.5, 9999.0, 9999.0, 9999.0, 120.75, 124.5, 120.5, 104.0, 135.25
2023-04-06, 07:10:12, 132.25, 51.75, 19.0, 25.75, 9999.0, 1.0, 1.25, 19.5, 9999.0, 9999.0, 9999.0, 120.75, 124.5, 120.5, 104.0, 135.25
2023-04-06, 07:10:16, 132.25, 52.0, 19.0, 26.0, 9999.0, 1.25, 1.25, 19.5, 9999.0, 9999.0, 9999.0, 120.75, 124.5, 120.5, 104.0, 135.25
2023-04-06, 07:10:20, 132.25, 51.75, 18.75, 26.0, 9999.0, 1.0, 1.25, 19.5, 9999.0, 9999.0, 9999.0, 120.5, 124.5, 120.5, 104.0, 135.0
2023-04-06, 07:10:24, 132.25, 51.75, 18.75, 26.25, 9999.0, 1.25, 1.25, 19.5, 9999.0, 9999.0, 9999.0, 120.5, 124.5, 120.5, 104.0, 135.25
2023-04-06, 07:10:28, 132.25, 52.0, 18.75, 26.0, 9999.0, 1.5, 1.25, 19.5, 9999.0, 9999.0, 9999.0, 120.5, 124.5, 120.5, 104.0, 135.25
2023-04-06, 07:10:32, 132.25, 51.75, 18.75, 26.0, 9999.0, 1.5, 1.25, 19.5, 9999.0, 9999.0, 9999.0, 121.25, 124.5, 120.5, 104.0, 135.0
2023-04-06, 07:10:36, 132.25, 51.75, 19.0, 26.0, 9999.0, 1.25, 1.25, 19.5, 9999.0, 9999.0, 9999.0, 121.25, 124.5, 120.5, 104.0, 135.25
2023-04-06, 07:10:40, 132.25, 51.75, 19.0, 26.0, 9999.0, 1.25, 1.25, 19.5, 9999.0, 9999.0, 9999.0, 121.25, 124.25, 120.5, 104.0, 135.0
2023-04-06, 07:10:44, 132.5, 51.75, 19.0, 26.0, 9999.0, 1.25, 1.25, 19.5, 9999.0, 9999.0, 9999.0, 121.0, 124.5, 120.5, 104.0, 135.0
2023-04-06, 07:10:48, 132.25, 52.0, 19.0, 26.0, 9999.0, 1.25, 1.25, 19.5, 9999.0, 9999.0, 9999.0, 121.0, 124.5, 120.5, 104.0, 135.0
2023-04-06, 07:10:52, 132.25, 51.75, 19.0, 26.0, 9999.0, 1.25, 1.5, 19.5, 9999.0, 9999.0, 9999.0, 121.0, 124.5, 120.5, 104.0, 135.25
2023-04-06, 07:10:56, 132.25, 52.0, 19.0, 26.0, 9999.0, 1.25, 1.25, 19.5, 9999.0, 9999.0, 9999.0, 121.0, 124.25, 120.5, 104.0, 135.0
2023-04-06, 07:11:00, 132.5, 52.0, 19.0, 26.0, 9999.0, 1.0, 1.25, 19.5, 9999.0, 9999.0, 9999.0, 121.0, 124.5, 120.5, 104.0, 135.25
2023-04-06, 07:11:04, 132.25, 52.0, 19.0, 26.0, 9999.0, 1.0, 1.25, 19.5, 9999.0, 9999.0, 9999.0, 121.0, 124.5, 120.5, 104.0, 135.25
2023-04-06, 07:11:08, 132.25, 52.0, 19.0, 26.0, 9999.0, 1.0, 1.25, 19.5, 9999.0, 9999.0, 9999.0, 121.0, 124.5, 120.5, 104.0, 135.25
2023-04-06, 07:11:12, 132.25, 52.0, 19.0, 26.0, 9999.0, 1.0, 1.25, 19.5, 9999.0, 9999.0, 9999.0, 120.75, 124.5, 120.5, 104.0, 135.25
2023-04-06, 07:11:16, 132.25, 51.75, 18.75, 26.0, 9999.0, 1.0, 1.25, 19.5, 9999.0, 9999.0, 9999.0, 120.75, 124.5, 120.5, 104.0, 135.25
2023-04-06, 07:11:20, 132.25, 51.75, 18.75, 26.0, 9999.0, 1.0, 1.25, 19.5, 9999.0, 9999.0, 9999.0, 120.75, 124.5, 120.5, 104.0, 135.25
2023-04-06, 07:11:24, 132.25, 52.0, 19.0, 25.75, 9999.0, 1.0, 1.25, 19.5, 9999.0, 9999.0, 9999.0, 120.75, 124.5, 120.5, 104.0, 135.25
2023-04-06, 07:11:28, 132.25, 52.0, 18.75, 26.0, 9999.0, 1.0, 1.25, 19.5, 9999.0, 9999.0, 9999.0, 120.75, 124.5, 120.5, 104.0, 135.25
2023-04-06, 07:11:32, 132.25, 52.0, 18.75, 26.0, 9999.0, 1.0, 1.25, 19.5, 9999.0, 9999.0, 9999.0, 120.75, 124.5, 120.5, 104.0, 135.0
2023-04-06, 07:11:36, 132.25, 52.0, 18.75, 26.0, 9999.0, 1.25, 1.25, 19.5, 9999.0, 9999.0, 9999.0, 120.5, 124.5, 120.5, 104.0, 135.25
2023-04-06, 07:11:40, 132.25, 51.75, 18.75, 26.0, 9999.0, 1.25, 1.25, 19.5, 9999.0, 9999.0, 9999.0, 120.5, 124.5, 120.5, 104.0, 135.25
2023-04-06, 07:11:44, 132.25, 52.0, 18.75, 26.0, 9999.0, 1.25, 1.25, 19.5, 9999.0, 9999.0, 9999.0, 120.5, 124.5, 120.5, 104.0, 135.25
2023-04-06, 07:11:48, 132.25, 52.0, 18.75, 25.75, 9999.0, 1.5, 1.25, 19.5, 9999.0, 9999.0, 9999.0, 120.5, 124.5, 120.5, 104.0, 135.0
2023-04-06, 07:11:52, 132.25, 51.75, 18.75, 26.25, 9999.0, 1.25, 1.25, 19.5, 9999.0, 9999.0, 9999.0, 121.25, 124.25, 120.5, 104.0, 135.0
2023-04-06, 07:11:56, 132.25, 51.75, 19.0, 26.25, 9999.0, 1.25, 1.25, 19.5, 9999.0, 9999.0, 9999.0, 121.25, 124.5, 120.5, 104.0, 135.25
2023-04-06, 07:12:00, 132.25, 51.75, 19.0, 26.25, 9999.0, 1.25, 1.25, 19.5, 9999.0, 9999.0, 9999.0, 121.25, 124.5, 120.5, 104.0, 135.0
2023-04-06, 07:12:04, 132.25, 51.75, 19.0, 26.25, 9999.0, 1.25, 1.25, 19.5, 9999.0, 9999.0, 9999.0, 121.0, 124.5, 120.5, 104.0, 135.25
2023-04-06, 07:12:08, 132.25, 51.75, 19.0, 26.25, 9999.0, 1.25, 1.25, 19.5, 9999.0, 9999.0, 9999.0, 121.0, 124.25, 120.5, 104.0, 135.25
2023-04-06, 07:12:12, 132.25, 51.75, 19.0, 26.0, 9999.0, 1.25, 1.5, 19.5, 9999.0, 9999.0, 9999.0, 121.0, 124.25, 120.5, 104.0, 135.0
2023-04-06, 07:12:16, 132.25, 51.75, 19.0, 26.0, 9999.0, 1.25, 1.25, 19.5, 9999.0, 9999.0, 9999.0, 121.0, 124.25, 120.5, 104.0, 135.25
2023-04-06, 07:12:20, 132.25, 51.75, 19.0, 25.75, 9999.0, 1.25, 1.25, 19.5, 9999.0, 9999.0, 9999.0, 121.0, 124.5, 120.5, 104.0, 135.25
2023-04-06, 07:12:24, 132.25, 51.75, 19.0, 25.75, 9999.0, 1.0, 1.25, 19.5, 9999.0, 9999.0, 9999.0, 121.0, 124.5, 120.5, 104.0, 135.25
2023-04-06, 07:12:28, 132.25, 51.75, 18.75, 25.75, 9999.0, 1.0, 1.25, 19.5, 9999.0, 9999.0, 9999.0, 121.0, 124.5, 120.5, 104.0, 135.25
2023-04-06, 07:12:32, 132.25, 51.75, 19.0, 26.0, 9999.0, 1.0, 1.25, 19.5, 9999.0, 9999.0, 9999.0, 120.75, 124.5, 120.5, 104.0, 135.25
2023-04-06, 07:12:36, 132.25, 52.0, 19.0, 26.0, 9999.0, 1.0, 1.25, 19.5, 9999.0, 9999.0, 9999.0, 120.75, 124.5, 120.5, 104.0, 135.0
2023-04-06, 07:12:40, 132.25, 51.75, 19.0, 26.25, 9999.0, 1.0, 1.25, 19.5, 9999.0, 9999.0, 9999.0, 120.75, 124.5, 120.5, 104.0, 135.25
2023-04-06, 07:12:44, 132.25, 51.75, 19.0, 26.25, 9999.0, 1.0, 1.25, 19.5, 9999.0, 9999.0, 9999.0, 120.75, 124.5, 120.5, 104.0, 135.25
2023-04-06, 07:12:48, 132.25, 51.75, 19.0, 25.75, 9999.0, 1.0, 1.25, 19.5, 9999.0, 9999.0, 9999.0, 120.75, 124.5, 120.5, 104.0, 135.25
2023-04-06, 07:12:52, 132.25, 51.75, 19.0, 25.75, 9999.0, 1.0, 1.25, 19.5, 9999.0, 9999.0, 9999.0, 120.75, 124.5, 120.5, 104.0, 135.0
2023-04-06, 07:12:56, 132.25, 52.0, 18.75, 25.75, 9999.0, 1.25, 1.25, 19.5, 9999.0, 9999.0, 9999.0, 120.75, 124.5, 120.5, 104.0, 135.25
2023-04-06, 07:13:00, 132.25, 51.75, 19.0, 26.0, 9999.0, 1.25, 1.25, 19.5, 9999.0, 9999.0, 9999.0, 120.5, 124.5, 120.5, 104.0, 135.25
2023-04-06, 07:13:04, 132.25, 51.75, 19.0, 25.75, 9999.0, 1.25, 1.25, 19.5, 9999.0, 9999.0, 9999.0, 120.5, 124.5, 120.5, 104.0, 135.25
2023-04-06, 07:13:08, 132.25, 51.75, 18.75, 26.0, 9999.0, 1.25, 1.25, 19.5, 9999.0, 9999.0, 9999.0, 120.5, 124.25, 120.5, 104.0, 135.25
2023-04-06, 07:13:12, 132.25, 51.75, 19.0, 26.25, 9999.0, 1.25, 1.25, 19.5, 9999.0, 9999.0, 9999.0, 121.25, 124.5, 120.5, 104.0, 135.25
2023-04-06, 07:13:16, 132.25, 51.75, 19.0, 26.25, 9999.0, 1.25, 1.25, 19.5, 9999.0, 9999.0, 9999.0, 121.25, 124.5, 120.5, 104.0, 135.0
2023-04-06, 07:13:20, 132.25, 51.75, 19.0, 26.0, 9999.0, 1.25, 1.25, 19.5, 9999.0, 9999.0, 9999.0, 121.25, 124.5, 120.5, 104.0, 135.25
2023-04-06, 07:13:24, 132.25, 51.75, 19.0, 26.0, 9999.0, 1.25, 1.25, 19.5, 9999.0, 9999.0, 9999.0, 121.25, 124.25, 120.5, 104.0, 135.0
2023-04-06, 07:13:28, 132.25, 51.75, 19.0, 26.0, 9999.0, 1.25, 1.25, 19.5, 9999.0, 9999.0, 9999.0, 121.0, 124.25, 120.5, 104.0, 135.0
2023-04-06, 07:13:32, 132.25, 51.75, 18.75, 25.75, 9999.0, 1.25, 1.25, 19.5, 9999.0, 9999.0, 9999.0, 121.0, 124.25, 120.5, 104.0, 135.25
2023-04-06, 07:13:36, 132.25, 52.0, 19.0, 25.75, 9999.0, 1.0, 1.25, 19.5, 9999.0, 9999.0, 9999.0, 121.0, 124.25, 120.5, 104.0, 135.25
2023-04-06, 07:13:40, 132.25, 51.75, 19.0, 25.75, 9999.0, 1.0, 1.25, 19.5, 9999.0, 9999.0, 9999.0, 121.0, 124.5, 120.5, 104.0, 135.0
2023-04-06, 07:13:44, 132.25, 52.0, 19.0, 26.0, 9999.0, 1.0, 1.25, 19.5, 9999.0, 9999.0, 9999.0, 121.0, 124.5, 120.5, 104.0, 135.25
2023-04-06, 07:13:48, 132.25, 52.0, 19.0, 26.0, 9999.0, 1.0, 1.5, 19.5, 9999.0, 9999.0, 9999.0, 121.0, 124.5, 120.5, 104.0, 135.25
2023-04-06, 07:13:52, 132.25, 51.75, 19.0, 26.0, 9999.0, 1.0, 1.25, 19.5, 9999.0, 9999.0, 9999.0, 120.75, 124.5, 120.5, 104.0, 135.25
2023-04-06, 07:13:56, 132.25, 52.0, 19.0, 26.25, 9999.0, 1.0, 1.25, 19.5, 9999.0, 9999.0, 9999.0, 120.75, 124.5, 120.5, 104.0, 135.25
2023-04-06, 07:14:00, 132.25, 52.0, 19.0, 26.25, 9999.0, 1.0, 1.25, 19.5, 9999.0, 9999.0, 9999.0, 120.75, 124.5, 120.5, 104.0, 135.25
2023-04-06, 07:14:04, 132.25, 52.0, 19.0, 26.25, 9999.0, 1.0, 1.25, 19.5, 9999.0, 9999.0, 9999.0, 120.75, 124.5, 120.5, 104.0, 135.25
2023-04-06, 07:14:08, 132.25, 52.0, 19.0, 26.25, 9999.0, 1.0, 1.25, 19.5, 9999.0, 9999.0, 9999.0, 120.75, 124.5, 120.5, 104.0, 135.25
2023-04-06, 07:14:12, 132.25, 52.0, 19.0, 26.25, 9999.0, 1.0, 1.25, 19.5, 9999.0, 9999.0, 9999.0, 120.75, 124.5, 120.5, 104.0, 135.25
2023-04-06, 07:14:16, 132.25, 52.0, 19.0, 26.0, 9999.0, 1.25, 1.25, 19.5, 9999.0, 9999.0, 9999.0, 120.75, 124.5, 120.5, 104.0, 135.25
2023-04-06, 07:14:20, 132.25, 52.0, 19.0, 26.0, 9999.0, 1.0, 1.25, 19.5, 9999.0, 9999.0, 9999.0, 120.5, 124.25, 120.5, 104.0, 135.25
2023-04-06, 07:14:24, 132.25, 51.75, 19.0, 26.0, 9999.0, 1.25, 1.25, 19.5, 9999.0, 9999.0, 9999.0, 120.5, 124.5, 120.5, 104.0, 135.25
2023-04-06, 07:14:29, 132.25, 52.0, 19.0, 26.0, 9999.0, 1.5, 1.25, 19.5, 9999.0, 9999.0, 9999.0, 120.5, 124.25, 120.5, 104.0, 135.25
2023-04-06, 07:14:33, 132.25, 52.0, 19.0, 26.25, 9999.0, 1.25, 1.25, 19.5, 9999.0, 9999.0, 9999.0, 121.25, 124.5, 120.5, 104.0, 135.25
2023-04-06, 07:14:37, 132.25, 51.75, 19.0, 26.25, 9999.0, 1.25, 1.25, 19.5, 9999.0, 9999.0, 9999.0, 121.25, 124.25, 120.5, 104.0, 135.25
2023-04-06, 07:14:41, 132.25, 52.0, 19.0, 26.25, 9999.0, 1.25, 1.5, 19.5, 9999.0, 9999.0, 9999.0, 121.25, 124.25, 120.5, 104.0, 135.0
2023-04-06, 07:14:45, 132.5, 51.75, 19.0, 26.25, 9999.0, 1.25, 1.25, 19.5, 9999.0, 9999.0, 9999.0, 121.25, 124.25, 120.5, 104.0, 135.25
2023-04-06, 07:14:49, 132.25, 52.0, 19.0, 26.25, 9999.0, 1.25, 1.5, 19.5, 9999.0, 9999.0, 9999.0, 121.0, 124.5, 120.5, 104.0, 135.25
2023-04-06, 07:14:53, 132.5, 52.0, 19.25, 26.0, 9999.0, 1.25, 1.25, 19.5, 9999.0, 9999.0, 9999.0, 121.0, 124.25, 120.5, 104.0, 135.25
2023-04-06, 07:14:57, 132.25, 52.0, 19.25, 26.25, 9999.0, 1.25, 1.25, 19.5, 9999.0, 9999.0, 9999.0, 121.0, 124.5, 120.5, 104.0, 135.0
2023-04-06, 07:15:01, 132.5, 52.0, 19.25, 26.0, 9999.0, 1.0, 1.25, 19.5, 9999.0, 9999.0, 9999.0, 121.0, 124.25, 120.5, 104.0, 135.25
2023-04-06, 07:15:05, 132.25, 52.0, 19.0, 26.0, 9999.0, 1.0, 1.5, 19.5, 9999.0, 9999.0, 9999.0, 121.0, 124.5, 120.5, 104.25, 135.25
2023-04-06, 07:15:09, 132.25, 52.0, 19.0, 26.0, 9999.0, 1.25, 1.25, 19.5, 9999.0, 9999.0, 9999.0, 121.0, 124.5, 120.5, 104.25, 135.25
2023-04-06, 07:15:13, 132.25, 52.0, 19.0, 26.25, 9999.0, 1.0, 1.5, 19.5, 9999.0, 9999.0, 9999.0, 121.0, 124.5, 120.5, 104.0, 135.25
2023-04-06, 07:15:17, 132.5, 52.0, 19.0, 26.0, 9999.0, 1.0, 1.25, 19.5, 9999.0, 9999.0, 9999.0, 121.0, 124.5, 120.5, 104.0, 135.25
2023-04-06, 07:15:21, 132.5, 52.0, 19.0, 26.0, 9999.0, 1.0, 1.25, 19.5, 9999.0, 9999.0, 9999.0, 120.75, 124.5, 120.5, 104.0, 135.25
2023-04-06, 07:15:25, 132.25, 52.0, 19.0, 26.0, 9999.0, 1.0, 1.25, 19.5, 9999.0, 9999.0, 9999.0, 120.75, 124.5, 120.5, 104.0, 135.25
2023-04-06, 07:15:29, 132.25, 52.0, 19.0, 26.0, 9999.0, 1.0, 1.25, 19.5, 9999.0, 9999.0, 9999.0, 120.75, 124.5, 120.5, 104.0, 135.25
2023-04-06, 07:15:33, 132.5, 52.0, 19.0, 26.25, 9999.0, 1.0, 1.5, 19.5, 9999.0, 9999.0, 9999.0, 120.75, 124.5, 120.5, 104.0, 135.25
2023-04-06, 07:15:37, 132.25, 52.0, 19.0, 26.25, 9999.0, 1.25, 1.5, 19.5, 9999.0, 9999.0, 9999.0, 120.75, 124.5, 120.5, 104.0, 135.25
2023-04-06, 07:15:41, 132.5, 52.0, 19.0, 26.25, 9999.0, 1.25, 1.25, 19.5, 9999.0, 9999.0, 9999.0, 120.75, 124.25, 120.5, 104.0, 135.25
2023-04-06, 07:15:45, 132.5, 52.0, 19.0, 26.25, 9999.0, 1.25, 1.5, 19.5, 9999.0, 9999.0, 9999.0, 120.5, 124.5, 120.5, 104.0, 135.25
2023-04-06, 07:15:49, 132.5, 52.0, 19.0, 26.25, 9999.0, 1.5, 1.5, 19.75, 9999.0, 9999.0, 9999.0, 120.75, 124.5, 120.5, 104.0, 135.25
2023-04-06, 07:15:53, 132.25, 52.0, 19.0, 26.25, 9999.0, 1.5, 1.25, 19.75, 9999.0, 9999.0, 9999.0, 121.5, 124.25, 120.5, 104.0, 135.25
2023-04-06, 07:15:57, 132.5, 52.0, 19.0, 26.25, 9999.0, 1.5, 1.5, 19.5, 9999.0, 9999.0, 9999.0, 121.25, 124.5, 120.5, 104.0, 135.25
2023-04-06, 07:16:01, 132.5, 52.0, 19.0, 26.25, 9999.0, 1.25, 1.25, 19.5, 9999.0, 9999.0, 9999.0, 121.25, 124.25, 120.5, 104.0, 135.25
2023-04-06, 07:16:05, 132.5, 52.0, 19.25, 26.0, 9999.0, 1.25, 1.5, 19.5, 9999.0, 9999.0, 9999.0, 121.25, 124.5, 120.5, 104.0, 135.25
2023-04-06, 07:16:09, 132.5, 52.0, 19.25, 26.0, 9999.0, 1.25, 1.5, 19.75, 9999.0, 9999.0, 9999.0, 121.25, 124.25, 120.5, 104.0, 135.25
2023-04-06, 07:16:13, 132.25, 52.0, 19.0, 26.0, 9999.0, 1.25, 1.5, 19.5, 9999.0, 9999.0, 9999.0, 121.0, 124.25, 120.5, 104.0, 135.25
2023-04-06, 07:16:17, 132.25, 52.0, 19.0, 26.0, 9999.0, 1.25, 1.5, 19.5, 9999.0, 9999.0, 9999.0, 121.0, 124.25, 120.5, 104.0, 135.25
2023-04-06, 07:16:21, 132.25, 52.0, 19.25, 26.0, 9999.0, 1.25, 1.5, 19.75, 9999.0, 9999.0, 9999.0, 121.0, 124.25, 120.5, 104.0, 135.25
2023-04-06, 07:16:25, 132.5, 52.0, 19.0, 25.75, 9999.0, 1.0, 1.5, 19.5, 9999.0, 9999.0, 9999.0, 121.0, 124.5, 120.5, 104.0, 135.25
2023-04-06, 07:16:29, 132.5, 52.0, 19.0, 25.75, 9999.0, 1.0, 1.25, 19.75, 9999.0, 9999.0, 9999.0, 121.0, 124.75, 120.5, 104.25, 135.25
2023-04-06, 07:16:33, 132.5, 52.0, 19.0, 25.75, 9999.0, 1.0, 1.5, 19.5, 9999.0, 9999.0, 9999.0, 121.0, 124.5, 120.5, 104.0, 135.25
2023-04-06, 07:16:37, 132.5, 52.0, 19.25, 25.75, 9999.0, 1.25, 1.5, 19.75, 9999.0, 9999.0, 9999.0, 121.0, 124.5, 120.5, 104.0, 135.25
2023-04-06, 07:16:41, 132.5, 52.0, 19.0, 25.75, 9999.0, 1.0, 1.5, 19.75, 9999.0, 9999.0, 9999.0, 120.75, 124.5, 120.5, 104.0, 135.25
2023-04-06, 07:16:45, 132.5, 52.0, 19.0, 25.75, 9999.0, 1.0, 1.5, 19.5, 9999.0, 9999.0, 9999.0, 120.75, 124.5, 120.5, 104.0, 135.25
2023-04-06, 07:16:49, 132.5, 52.0, 19.25, 25.75, 9999.0, 1.0, 1.5, 19.75, 9999.0, 9999.0, 9999.0, 120.75, 124.5, 120.5, 104.0, 135.25
2023-04-06, 07:16:53, 132.5, 52.0, 19.0, 25.75, 9999.0, 1.0, 1.25, 19.5, 9999.0, 9999.0, 9999.0, 120.75, 124.5, 120.5, 104.0, 135.25
2023-04-06, 07:16:57, 132.5, 52.0, 19.25, 26.0, 9999.0, 1.25, 1.25, 19.5, 9999.0, 9999.0, 9999.0, 120.75, 124.5, 120.5, 104.0, 135.25
2023-04-06, 07:17:01, 132.5, 52.0, 19.0, 26.0, 9999.0, 1.25, 1.25, 19.5, 9999.0, 9999.0, 9999.0, 120.75, 124.5, 120.5, 104.0, 135.25
2023-04-06, 07:17:05, 132.5, 52.0, 19.0, 26.25, 9999.0, 1.25, 1.5, 19.75, 9999.0, 9999.0, 9999.0, 120.5, 124.25, 120.5, 104.0, 135.25
2023-04-06, 07:17:09, 132.5, 52.0, 19.0, 26.0, 9999.0, 1.5, 1.5, 19.5, 9999.0, 9999.0, 9999.0, 120.75, 124.25, 120.5, 104.0, 135.25
2023-04-06, 07:17:13, 132.5, 52.0, 19.0, 26.0, 9999.0, 1.5, 1.5, 19.5, 9999.0, 9999.0, 9999.0, 121.5, 124.25, 120.5, 104.0, 135.25
2023-04-06, 07:17:17, 132.5, 52.0, 19.0, 26.0, 9999.0, 1.25, 1.5, 19.5, 9999.0, 9999.0, 9999.0, 121.25, 124.25, 120.5, 104.0, 135.25
2023-04-06, 07:17:21, 132.5, 52.0, 19.0, 26.0, 9999.0, 1.25, 1.5, 19.75, 9999.0, 9999.0, 9999.0, 121.25, 124.25, 120.5, 104.0, 135.25
2023-04-06, 07:17:25, 132.5, 52.0, 19.0, 26.25, 9999.0, 1.25, 1.5, 19.75, 9999.0, 9999.0, 9999.0, 121.25, 124.25, 120.5, 104.0, 135.25
2023-04-06, 07:17:29, 132.5, 52.0, 19.0, 26.25, 9999.0, 1.25, 1.5, 19.75, 9999.0, 9999.0, 9999.0, 121.0, 124.25, 120.5, 104.0, 135.25
2023-04-06, 07:17:33, 132.5, 52.0, 19.0, 26.0, 9999.0, 1.25, 1.5, 19.75, 9999.0, 9999.0, 9999.0, 121.0, 124.25, 120.5, 104.0, 135.25
2023-04-06, 07:17:37, 132.5, 52.0, 19.0, 26.0, 9999.0, 1.25, 1.5, 19.5, 9999.0, 9999.0, 9999.0, 121.0, 124.25, 120.5, 104.0, 135.25
2023-04-06, 07:17:41, 132.5, 52.0, 19.0, 26.0, 9999.0, 1.25, 1.5, 19.75, 9999.0, 9999.0, 9999.0, 121.0, 124.25, 120.5, 104.0, 135.25
2023-04-06, 07:17:45, 132.5, 52.0, 19.0, 26.0, 9999.0, 1.0, 1.5, 19.5, 9999.0, 9999.0, 9999.0, 121.0, 124.5, 120.5, 104.0, 135.25
2023-04-06, 07:17:49, 132.5, 52.0, 19.0, 25.75, 9999.0, 1.25, 1.5, 19.5, 9999.0, 9999.0, 9999.0, 121.0, 124.5, 120.5, 104.0, 135.25
2023-04-06, 07:17:53, 132.5, 52.0, 19.25, 25.75, 9999.0, 1.0, 1.5, 19.75, 9999.0, 9999.0, 9999.0, 121.0, 124.5, 120.5, 104.0, 135.25
2023-04-06, 07:17:57, 132.5, 52.0, 19.0, 25.75, 9999.0, 1.0, 1.5, 19.75, 9999.0, 9999.0, 9999.0, 121.0, 124.5, 120.5, 104.0, 135.25
2023-04-06, 07:18:01, 132.5, 52.0, 19.0, 25.75, 9999.0, 1.0, 1.5, 19.75, 9999.0, 9999.0, 9999.0, 120.75, 124.5, 120.5, 104.0, 135.25
2023-04-06, 07:18:05, 132.5, 52.0, 19.0, 25.75, 9999.0, 1.0, 1.5, 19.5, 9999.0, 9999.0, 9999.0, 121.0, 124.5, 120.5, 104.0, 135.25
2023-04-06, 07:18:09, 132.5, 52.0, 19.0, 25.75, 9999.0, 1.0, 1.5, 19.75, 9999.0, 9999.0, 9999.0, 120.75, 124.5, 120.5, 104.0, 135.25
2023-04-06, 07:18:13, 132.5, 52.0, 19.0, 25.75, 9999.0, 1.0, 1.5, 19.5, 9999.0, 9999.0, 9999.0, 120.75, 124.25, 120.5, 104.0, 135.25
2023-04-06, 07:18:17, 132.5, 52.0, 19.0, 26.0, 9999.0, 1.25, 1.5, 19.5, 9999.0, 9999.0, 9999.0, 120.75, 124.5, 120.5, 104.0, 135.25
2023-04-06, 07:18:21, 132.5, 52.0, 19.25, 26.0, 9999.0, 1.25, 1.25, 19.5, 9999.0, 9999.0, 9999.0, 120.75, 124.25, 120.5, 104.0, 135.25
2023-04-06, 07:18:25, 132.5, 52.0, 19.25, 26.25, 9999.0, 1.25, 1.5, 19.75, 9999.0, 9999.0, 9999.0, 120.75, 124.25, 120.5, 104.0, 135.25
2023-04-06, 07:18:29, 132.5, 52.0, 19.0, 26.25, 9999.0, 1.5, 1.5, 19.75, 9999.0, 9999.0, 9999.0, 120.75, 124.5, 120.5, 104.0, 135.25
2023-04-06, 07:18:33, 132.5, 52.0, 19.0, 26.0, 9999.0, 1.25, 1.5, 19.75, 9999.0, 9999.0, 9999.0, 121.5, 124.5, 120.5, 104.0, 135.25
2023-04-06, 07:18:37, 132.5, 52.0, 19.0, 25.75, 9999.0, 1.25, 1.5, 19.5, 9999.0, 9999.0, 9999.0, 121.25, 124.25, 120.5, 104.0, 135.25
2023-04-06, 07:18:41, 132.5, 52.0, 18.75, 25.75, 9999.0, 1.25, 1.5, 19.5, 9999.0, 9999.0, 9999.0, 121.25, 124.25, 120.5, 104.0, 135.25
2023-04-06, 07:18:45, 132.5, 52.0, 19.0, 25.75, 9999.0, 1.25, 1.5, 19.75, 9999.0, 9999.0, 9999.0, 121.25, 124.25, 120.5, 104.0, 135.25
2023-04-06, 07:18:49, 132.5, 52.0, 19.0, 25.75, 9999.0, 1.25, 1.5, 19.5, 9999.0, 9999.0, 9999.0, 121.25, 124.25, 120.5, 104.0, 135.25
2023-04-06, 07:18:53, 132.5, 52.0, 19.0, 25.75, 9999.0, 1.25, 1.5, 19.75, 9999.0, 9999.0, 9999.0, 121.0, 124.25, 120.5, 104.0, 135.25
2023-04-06, 07:18:58, 132.5, 52.0, 19.0, 26.0, 9999.0, 1.25, 1.5, 19.5, 9999.0, 9999.0, 9999.0, 121.0, 124.25, 120.5, 104.0, 135.25
2023-04-06, 07:19:02, 132.5, 52.0, 19.25, 26.0, 9999.0, 1.25, 1.5, 19.5, 9999.0, 9999.0, 9999.0, 121.0, 124.25, 120.5, 104.0, 135.25
2023-04-06, 07:19:06, 132.5, 52.0, 19.25, 26.0, 9999.0, 1.25, 1.5, 19.5, 9999.0, 9999.0, 9999.0, 121.0, 124.5, 120.5, 104.0, 135.25
2023-04-06, 07:19:10, 132.5, 52.0, 19.0, 26.0, 9999.0, 1.25, 1.5, 19.5, 9999.0, 9999.0, 9999.0, 121.0, 124.5, 120.5, 104.0, 135.25
2023-04-06, 07:19:14, 132.5, 52.0, 19.0, 26.0, 9999.0, 1.25, 1.5, 19.75, 9999.0, 9999.0, 9999.0, 121.0, 124.5, 120.5, 104.0, 135.25
2023-04-06, 07:19:18, 132.5, 52.0, 19.0, 26.0, 9999.0, 1.0, 1.5, 19.5, 9999.0, 9999.0, 9999.0, 121.0, 124.5, 120.5, 104.0, 135.25
2023-04-06, 07:19:22, 132.5, 52.0, 19.0, 26.25, 9999.0, 1.25, 1.5, 19.75, 9999.0, 9999.0, 9999.0, 121.0, 124.5, 120.5, 104.0, 135.25
2023-04-06, 07:19:26, 132.5, 52.0, 19.0, 26.25, 9999.0, 1.0, 1.5, 19.75, 9999.0, 9999.0, 9999.0, 121.0, 124.5, 120.5, 104.0, 135.25
2023-04-06, 07:19:30, 132.5, 52.0, 19.25, 25.75, 9999.0, 1.0, 1.5, 19.75, 9999.0, 9999.0, 9999.0, 120.75, 124.5, 120.5, 104.0, 135.25
2023-04-06, 07:19:34, 132.5, 52.0, 19.0, 25.75, 9999.0, 1.0, 1.5, 19.5, 9999.0, 9999.0, 9999.0, 120.75, 124.5, 120.5, 104.0, 135.25
2023-04-06, 07:19:38, 132.5, 52.0, 19.0, 26.0, 9999.0, 1.25, 1.5, 19.75, 9999.0, 9999.0, 9999.0, 120.75, 124.5, 120.5, 104.0, 135.25
2023-04-06, 07:19:42, 132.5, 52.0, 19.0, 26.0, 9999.0, 1.25, 1.5, 19.75, 9999.0, 9999.0, 9999.0, 120.75, 124.5, 120.5, 104.0, 135.25
2023-04-06, 07:19:46, 132.5, 52.0, 19.0, 26.25, 9999.0, 1.25, 1.25, 19.5, 9999.0, 9999.0, 9999.0, 120.75, 124.5, 120.5, 104.0, 135.25
2023-04-06, 07:19:50, 132.5, 52.0, 19.0, 26.0, 9999.0, 1.5, 1.5, 19.75, 9999.0, 9999.0, 9999.0, 120.5, 124.5, 120.5, 104.0, 135.25
2023-04-06, 07:19:54, 132.5, 52.0, 19.25, 26.0, 9999.0, 1.5, 1.5, 19.75, 9999.0, 9999.0, 9999.0, 121.5, 124.5, 120.5, 104.0, 135.25
2023-04-06, 07:19:58, 132.5, 52.25, 19.0, 26.25, 9999.0, 1.5, 1.5, 19.75, 9999.0, 9999.0, 9999.0, 121.25, 124.25, 120.5, 104.0, 135.25
2023-04-06, 07:20:02, 132.5, 52.0, 19.0, 26.0, 9999.0, 1.25, 1.5, 19.75, 9999.0, 9999.0, 9999.0, 121.25, 124.25, 120.5, 104.0, 135.25
2023-04-06, 07:20:06, 132.5, 52.0, 19.0, 26.0, 9999.0, 1.25, 1.5, 19.75, 9999.0, 9999.0, 9999.0, 121.25, 124.5, 120.5, 104.0, 135.25
2023-04-06, 07:20:10, 132.5, 52.0, 19.0, 26.0, 9999.0, 1.25, 1.5, 19.75, 9999.0, 9999.0, 9999.0, 121.25, 124.5, 120.5, 104.0, 135.25
2023-04-06, 07:20:14, 132.5, 52.0, 19.0, 26.0, 9999.0, 1.25, 1.5, 19.75, 9999.0, 9999.0, 9999.0, 121.25, 124.5, 120.5, 104.0, 135.25
2023-04-06, 07:20:18, 132.5, 52.0, 19.0, 26.0, 9999.0, 1.25, 1.5, 19.75, 9999.0, 9999.0, 9999.0, 121.0, 124.5, 120.5, 104.0, 135.25
2023-04-06, 07:20:22, 132.5, 52.0, 19.0, 26.0, 9999.0, 1.25, 1.5, 19.75, 9999.0, 9999.0, 9999.0, 121.0, 124.25, 120.5, 104.0, 135.25
2023-04-06, 07:20:26, 132.5, 52.0, 19.0, 26.0, 9999.0, 1.25, 1.5, 19.75, 9999.0, 9999.0, 9999.0, 121.0, 124.5, 120.5, 104.0, 135.25
2023-04-06, 07:20:30, 132.5, 52.0, 19.0, 26.0, 9999.0, 1.25, 1.5, 19.5, 9999.0, 9999.0, 9999.0, 121.0, 124.5, 120.5, 104.0, 135.25
2023-04-06, 07:20:34, 132.5, 52.0, 19.0, 26.25, 9999.0, 1.0, 1.5, 19.75, 9999.0, 9999.0, 9999.0, 121.0, 124.5, 120.5, 104.0, 135.25
2023-04-06, 07:20:38, 132.5, 52.0, 19.25, 25.75, 9999.0, 1.25, 1.5, 19.5, 9999.0, 9999.0, 9999.0, 121.0, 124.5, 120.5, 104.0, 135.25
2023-04-06, 07:20:42, 132.5, 52.0, 19.25, 26.25, 9999.0, 1.0, 1.5, 19.5, 9999.0, 9999.0, 9999.0, 120.75, 124.5, 120.5, 104.0, 135.25
2023-04-06, 07:20:46, 132.5, 52.0, 19.0, 26.0, 9999.0, 1.0, 1.5, 19.75, 9999.0, 9999.0, 9999.0, 121.0, 124.5, 120.5, 104.0, 135.25
2023-04-06, 07:20:50, 132.5, 52.25, 19.0, 25.75, 9999.0, 1.0, 1.5, 19.5, 9999.0, 9999.0, 9999.0, 120.75, 124.5, 120.5, 104.0, 135.25
2023-04-06, 07:20:54, 132.5, 52.0, 19.0, 26.0, 9999.0, 1.0, 1.5, 19.5, 9999.0, 9999.0, 9999.0, 120.75, 124.5, 120.5, 104.0, 135.25
2023-04-06, 07:20:58, 132.5, 52.0, 19.0, 26.0, 9999.0, 1.25, 1.5, 19.75, 9999.0, 9999.0, 9999.0, 120.75, 124.5, 120.5, 104.0, 135.25
2023-04-06, 07:21:02, 132.5, 52.0, 19.25, 26.0, 9999.0, 1.25, 1.5, 19.5, 9999.0, 9999.0, 9999.0, 120.75, 124.5, 120.5, 104.0, 135.25
2023-04-06, 07:21:06, 132.5, 52.0, 19.25, 26.0, 9999.0, 1.25, 1.5, 19.5, 9999.0, 9999.0, 9999.0, 120.5, 124.5, 120.5, 104.0, 135.25
2023-04-06, 07:21:10, 132.5, 52.0, 19.0, 26.25, 9999.0, 1.5, 1.5, 19.75, 9999.0, 9999.0, 9999.0, 120.5, 124.5, 120.5, 104.0, 135.25
2023-04-06, 07:21:14, 132.5, 52.0, 19.0, 26.25, 9999.0, 1.5, 1.5, 19.75, 9999.0, 9999.0, 9999.0, 121.5, 124.5, 120.5, 104.0, 135.25
2023-04-06, 07:21:18, 132.5, 52.0, 19.25, 26.25, 9999.0, 1.5, 1.5, 19.75, 9999.0, 9999.0, 9999.0, 121.5, 124.5, 120.5, 104.0, 135.25
2023-04-06, 07:21:22, 132.5, 52.0, 19.0, 26.0, 9999.0, 1.25, 1.5, 19.75, 9999.0, 9999.0, 9999.0, 121.25, 124.5, 120.5, 104.0, 135.25
2023-04-06, 07:21:26, 132.5, 52.0, 19.0, 26.0, 9999.0, 1.25, 1.5, 19.5, 9999.0, 9999.0, 9999.0, 121.25, 124.25, 120.5, 104.0, 135.25
2023-04-06, 07:21:30, 132.5, 52.0, 19.0, 26.0, 9999.0, 1.25, 1.5, 19.75, 9999.0, 9999.0, 9999.0, 121.25, 124.25, 120.5, 104.0, 135.25
2023-04-06, 07:21:34, 132.5, 52.0, 19.0, 26.25, 9999.0, 1.25, 1.5, 19.75, 9999.0, 9999.0, 9999.0, 121.0, 124.25, 120.5, 104.0, 135.25
2023-04-06, 07:21:38, 132.5, 52.0, 19.0, 26.25, 9999.0, 1.25, 1.5, 19.5, 9999.0, 9999.0, 9999.0, 121.0, 124.25, 120.5, 104.0, 135.25
2023-04-06, 07:21:42, 132.5, 52.0, 19.0, 26.25, 9999.0, 1.25, 1.5, 19.75, 9999.0, 9999.0, 9999.0, 121.0, 124.5, 120.5, 104.0, 135.25
2023-04-06, 07:21:46, 132.5, 52.0, 19.25, 26.25, 9999.0, 1.25, 1.5, 19.5, 9999.0, 9999.0, 9999.0, 121.0, 124.5, 120.5, 104.0, 135.25
2023-04-06, 07:21:50, 132.5, 52.0, 19.25, 26.25, 9999.0, 1.25, 1.25, 19.5, 9999.0, 9999.0, 9999.0, 121.0, 124.5, 120.5, 104.0, 135.25
2023-04-06, 07:21:54, 132.5, 52.0, 19.25, 26.25, 9999.0, 1.0, 1.5, 19.5, 9999.0, 9999.0, 9999.0, 121.0, 124.5, 120.5, 104.0, 135.25
2023-04-06, 07:21:58, 132.5, 52.0, 19.25, 26.25, 9999.0, 1.25, 1.5, 19.5, 9999.0, 9999.0, 9999.0, 121.0, 124.5, 120.5, 104.0, 135.25
2023-04-06, 07:22:02, 132.5, 52.0, 19.0, 26.0, 9999.0, 1.0, 1.5, 19.5, 9999.0, 9999.0, 9999.0, 121.0, 124.5, 120.5, 104.0, 135.25
2023-04-06, 07:22:06, 132.5, 52.0, 19.0, 26.0, 9999.0, 1.0, 1.5, 19.75, 9999.0, 9999.0, 9999.0, 121.0, 124.5, 120.5, 104.0, 135.25
2023-04-06, 07:22:10, 132.5, 52.0, 19.0, 26.0, 9999.0, 1.0, 1.5, 19.75, 9999.0, 9999.0, 9999.0, 120.75, 124.5, 120.5, 104.0, 135.25
2023-04-06, 07:22:14, 132.5, 52.0, 19.0, 26.0, 9999.0, 1.0, 1.5, 19.75, 9999.0, 9999.0, 9999.0, 120.75, 124.5, 120.5, 104.0, 135.25
2023-04-06, 07:22:18, 132.5, 52.0, 19.0, 26.0, 9999.0, 1.25, 1.5, 19.5, 9999.0, 9999.0, 9999.0, 120.75, 124.25, 120.5, 104.0, 135.25
2023-04-06, 07:22:22, 132.5, 52.0, 19.25, 26.0, 9999.0, 1.25, 1.5, 19.5, 9999.0, 9999.0, 9999.0, 120.75, 124.5, 120.5, 104.0, 135.25
2023-04-06, 07:22:26, 132.5, 52.0, 19.25, 26.0, 9999.0, 1.5, 1.5, 19.5, 9999.0, 9999.0, 9999.0, 120.5, 124.25, 120.5, 104.0, 135.25
2023-04-06, 07:22:30, 132.5, 52.0, 19.0, 26.25, 9999.0, 1.5, 1.5, 19.75, 9999.0, 9999.0, 9999.0, 120.5, 124.25, 120.5, 104.0, 135.25
2023-04-06, 07:22:34, 132.5, 52.0, 19.0, 26.25, 9999.0, 1.25, 1.5, 19.75, 9999.0, 9999.0, 9999.0, 121.5, 124.5, 120.5, 104.0, 135.25
2023-04-06, 07:22:38, 132.5, 52.0, 19.0, 26.0, 9999.0, 1.5, 1.5, 19.5, 9999.0, 9999.0, 9999.0, 121.25, 124.25, 120.5, 103.75, 135.25
2023-04-06, 07:22:42, 132.5, 52.0, 19.0, 26.0, 9999.0, 1.25, 1.5, 19.75, 9999.0, 9999.0, 9999.0, 121.25, 124.25, 120.5, 104.0, 135.25
2023-04-06, 07:22:46, 132.5, 52.0, 19.0, 25.75, 9999.0, 1.25, 1.5, 19.75, 9999.0, 9999.0, 9999.0, 121.25, 124.25, 120.5, 104.0, 135.25
2023-04-06, 07:22:50, 132.5, 52.0, 19.0, 25.75, 9999.0, 1.25, 1.5, 19.75, 9999.0, 9999.0, 9999.0, 121.25, 124.25, 120.5, 104.0, 135.25
2023-04-06, 07:22:54, 132.5, 52.0, 19.0, 25.75, 9999.0, 1.25, 1.5, 19.5, 9999.0, 9999.0, 9999.0, 121.0, 124.25, 120.5, 104.0, 135.25
2023-04-06, 07:22:58, 132.5, 52.0, 19.0, 26.0, 9999.0, 1.25, 1.5, 19.5, 9999.0, 9999.0, 9999.0, 121.0, 124.25, 120.5, 104.0, 135.25
2023-04-06, 07:23:02, 132.5, 52.0, 19.0, 26.0, 9999.0, 1.25, 1.5, 19.5, 9999.0, 9999.0, 9999.0, 121.0, 124.5, 120.5, 104.0, 135.25
2023-04-06, 07:23:06, 132.5, 52.0, 19.0, 26.0, 9999.0, 1.25, 1.5, 19.5, 9999.0, 9999.0, 9999.0, 121.0, 124.5, 120.5, 104.0, 135.25
2023-04-06, 07:23:10, 132.5, 52.0, 19.25, 26.0, 9999.0, 1.25, 1.5, 19.5, 9999.0, 9999.0, 9999.0, 121.0, 124.5, 120.5, 104.0, 135.25
2023-04-06, 07:23:14, 132.5, 52.0, 19.0, 26.0, 9999.0, 1.0, 1.5, 19.75, 9999.0, 9999.0, 9999.0, 121.0, 124.5, 120.5, 104.0, 135.25
2023-04-06, 07:23:18, 132.5, 52.0, 19.0, 26.0, 9999.0, 1.0, 1.5, 19.75, 9999.0, 9999.0, 9999.0, 121.0, 124.5, 120.5, 104.0, 135.25
2023-04-06, 07:23:23, 132.5, 52.0, 19.0, 25.75, 9999.0, 1.0, 1.5, 19.75, 9999.0, 9999.0, 9999.0, 121.0, 124.5, 120.5, 104.0, 135.25
2023-04-06, 07:23:27, 132.5, 52.0, 19.25, 26.0, 9999.0, 1.0, 1.5, 19.75, 9999.0, 9999.0, 9999.0, 121.0, 124.5, 120.5, 104.0, 135.25
2023-04-06, 07:23:31, 132.5, 52.0, 19.25, 26.0, 9999.0, 1.0, 1.5, 19.75, 9999.0, 9999.0, 9999.0, 120.75, 124.5, 120.5, 104.0, 135.25
2023-04-06, 07:23:35, 132.5, 52.0, 19.0, 26.0, 9999.0, 1.0, 1.5, 19.5, 9999.0, 9999.0, 9999.0, 120.75, 124.5, 120.5, 104.0, 135.25
2023-04-06, 07:23:39, 132.5, 52.0, 19.0, 26.0, 9999.0, 1.25, 1.5, 19.5, 9999.0, 9999.0, 9999.0, 120.75, 124.25, 120.5, 104.0, 135.25
2023-04-06, 07:23:43, 132.5, 52.25, 19.0, 26.0, 9999.0, 1.25, 1.5, 19.5, 9999.0, 9999.0, 9999.0, 120.75, 124.25, 120.5, 104.0, 135.25
2023-04-06, 07:23:47, 132.5, 52.0, 19.0, 26.0, 9999.0, 1.5, 1.5, 19.75, 9999.0, 9999.0, 9999.0, 120.75, 124.5, 120.5, 104.0, 135.25
2023-04-06, 07:23:51, 132.5, 52.0, 19.0, 26.25, 9999.0, 1.5, 1.5, 19.5, 9999.0, 9999.0, 9999.0, 120.75, 124.25, 120.5, 104.0, 135.25
2023-04-06, 07:23:55, 132.5, 52.0, 19.0, 26.25, 9999.0, 1.5, 1.5, 19.75, 9999.0, 9999.0, 9999.0, 121.5, 124.5, 120.5, 104.0, 135.25
2023-04-06, 07:23:59, 132.5, 52.0, 19.0, 26.25, 9999.0, 1.5, 1.5, 19.5, 9999.0, 9999.0, 9999.0, 121.25, 124.5, 120.5, 104.0, 135.25
2023-04-06, 07:24:03, 132.5, 52.0, 19.25, 26.25, 9999.0, 1.25, 1.5, 19.75, 9999.0, 9999.0, 9999.0, 121.25, 124.5, 120.5, 104.0, 135.25
2023-04-06, 07:24:07, 132.5, 52.0, 19.25, 26.0, 9999.0, 1.25, 1.5, 19.5, 9999.0, 9999.0, 9999.0, 121.25, 124.25, 120.5, 104.0, 135.25
2023-04-06, 07:24:11, 132.5, 52.0, 19.25, 26.0, 9999.0, 1.25, 1.5, 19.5, 9999.0, 9999.0, 9999.0, 121.25, 124.25, 120.5, 104.0, 135.25
2023-04-06, 07:24:15, 132.5, 52.0, 19.25, 26.0, 9999.0, 1.25, 1.5, 19.75, 9999.0, 9999.0, 9999.0, 121.0, 124.25, 120.5, 104.0, 135.25
2023-04-06, 07:24:19, 132.5, 52.0, 19.25, 25.75, 9999.0, 1.25, 1.5, 19.75, 9999.0, 9999.0, 9999.0, 121.0, 124.25, 120.5, 104.0, 135.25
2023-04-06, 07:24:23, 132.5, 52.0, 19.0, 26.0, 9999.0, 1.25, 1.5, 19.75, 9999.0, 9999.0, 9999.0, 121.0, 124.5, 120.5, 104.0, 135.25
2023-04-06, 07:24:27, 132.5, 52.0, 19.25, 26.0, 9999.0, 1.25, 1.5, 19.75, 9999.0, 9999.0, 9999.0, 121.0, 124.5, 120.5, 104.0, 135.25
2023-04-06, 07:24:31, 132.5, 52.0, 19.25, 26.0, 9999.0, 1.25, 1.5, 19.75, 9999.0, 9999.0, 9999.0, 121.0, 124.5, 120.5, 104.0, 135.25
2023-04-06, 07:24:35, 132.5, 52.0, 19.25, 26.0, 9999.0, 1.25, 1.5, 19.5, 9999.0, 9999.0, 9999.0, 121.0, 124.5, 120.5, 104.0, 135.25
2023-04-06, 07:24:39, 132.5, 52.0, 19.0, 26.0, 9999.0, 1.25, 1.5, 19.75, 9999.0, 9999.0, 9999.0, 121.0, 124.5, 120.5, 104.0, 135.25
2023-04-06, 07:24:43, 132.5, 52.0, 19.0, 26.0, 9999.0, 1.0, 1.5, 19.75, 9999.0, 9999.0, 9999.0, 121.0, 124.5, 120.5, 104.0, 135.25
2023-04-06, 07:24:47, 132.5, 52.0, 19.0, 26.0, 9999.0, 1.0, 1.5, 19.75, 9999.0, 9999.0, 9999.0, 120.75, 124.5, 120.25, 104.0, 135.25
2023-04-06, 07:24:51, 132.5, 52.0, 19.0, 26.0, 9999.0, 1.0, 1.5, 19.75, 9999.0, 9999.0, 9999.0, 120.75, 124.5, 120.5, 104.0, 135.25
2023-04-06, 07:24:55, 132.5, 52.0, 19.25, 26.0, 9999.0, 1.0, 1.5, 19.75, 9999.0, 9999.0, 9999.0, 120.75, 124.5, 120.5, 104.0, 135.25
2023-04-06, 07:24:59, 132.5, 52.0, 19.25, 26.0, 9999.0, 1.25, 1.5, 19.75, 9999.0, 9999.0, 9999.0, 120.75, 124.5, 120.5, 104.0, 135.25
2023-04-06, 07:25:03, 132.5, 52.0, 19.0, 26.0, 9999.0, 1.25, 1.5, 19.75, 9999.0, 9999.0, 9999.0, 120.75, 124.5, 120.5, 104.0, 135.25
2023-04-06, 07:25:07, 132.5, 52.0, 19.0, 26.25, 9999.0, 1.5, 1.5, 19.75, 9999.0, 9999.0, 9999.0, 120.75, 124.5, 120.5, 104.0, 135.25
2023-04-06, 07:25:11, 132.5, 52.0, 19.0, 26.25, 9999.0, 1.5, 1.5, 19.75, 9999.0, 9999.0, 9999.0, 120.75, 124.5, 120.5, 104.0, 135.25
2023-04-06, 07:25:15, 132.5, 52.0, 19.25, 26.0, 9999.0, 1.5, 1.5, 19.75, 9999.0, 9999.0, 9999.0, 121.5, 124.5, 120.5, 104.0, 135.25
2023-04-06, 07:25:19, 132.5, 52.0, 19.25, 26.0, 9999.0, 1.5, 1.5, 19.75, 9999.0, 9999.0, 9999.0, 121.25, 124.25, 120.5, 104.0, 135.25
2023-04-06, 07:25:23, 132.5, 52.0, 19.25, 26.0, 9999.0, 1.25, 1.5, 19.75, 9999.0, 9999.0, 9999.0, 121.25, 124.5, 120.5, 104.0, 135.25
2023-04-06, 07:25:27, 132.5, 52.0, 19.25, 26.0, 9999.0, 1.25, 1.5, 19.75, 9999.0, 9999.0, 9999.0, 121.25, 124.25, 120.5, 104.0, 135.25
2023-04-06, 07:25:31, 132.5, 52.0, 19.25, 26.0, 9999.0, 1.25, 1.5, 19.75, 9999.0, 9999.0, 9999.0, 121.25, 124.5, 120.5, 104.0, 135.25
2023-04-06, 07:25:35, 132.5, 52.0, 19.0, 26.0, 9999.0, 1.25, 1.5, 19.75, 9999.0, 9999.0, 9999.0, 121.0, 124.25, 120.5, 104.0, 135.25
2023-04-06, 07:25:39, 132.5, 52.0, 19.25, 26.0, 9999.0, 1.25, 1.5, 19.75, 9999.0, 9999.0, 9999.0, 121.0, 124.25, 120.5, 104.0, 135.25
2023-04-06, 07:25:43, 132.5, 52.0, 19.25, 26.0, 9999.0, 1.25, 1.5, 19.75, 9999.0, 9999.0, 9999.0, 121.0, 124.5, 120.5, 104.0, 135.25
2023-04-06, 07:25:47, 132.5, 52.0, 19.25, 26.25, 9999.0, 1.25, 1.5, 19.75, 9999.0, 9999.0, 9999.0, 121.0, 124.5, 120.5, 104.0, 135.25
2023-04-06, 07:25:51, 132.5, 52.0, 19.0, 26.25, 9999.0, 1.25, 1.5, 19.75, 9999.0, 9999.0, 9999.0, 121.0, 124.5, 120.5, 104.0, 135.25
2023-04-06, 07:25:55, 132.5, 52.0, 19.25, 26.0, 9999.0, 1.25, 1.5, 19.75, 9999.0, 9999.0, 9999.0, 121.0, 124.5, 120.5, 104.0, 135.25
2023-04-06, 07:25:59, 132.5, 52.0, 19.25, 26.0, 9999.0, 1.25, 1.5, 19.75, 9999.0, 9999.0, 9999.0, 121.0, 124.5, 120.5, 104.0, 135.25
2023-04-06, 07:26:03, 132.5, 52.0, 19.0, 25.75, 9999.0, 1.25, 1.5, 19.75, 9999.0, 9999.0, 9999.0, 121.0, 124.5, 120.5, 104.0, 135.5
2023-04-06, 07:26:07, 132.5, 52.0, 19.25, 26.0, 9999.0, 1.25, 1.5, 19.75, 9999.0, 9999.0, 9999.0, 121.0, 124.5, 120.5, 104.0, 135.25
2023-04-06, 07:26:11, 132.5, 52.0, 19.25, 26.0, 9999.0, 1.0, 1.5, 19.75, 9999.0, 9999.0, 9999.0, 120.75, 124.5, 120.5, 104.0, 135.25
2023-04-06, 07:26:15, 132.5, 52.25, 19.0, 26.0, 9999.0, 1.0, 1.5, 19.75, 9999.0, 9999.0, 9999.0, 120.75, 124.5, 120.5, 104.0, 135.25
2023-04-06, 07:26:19, 132.5, 52.0, 19.0, 26.0, 9999.0, 1.25, 1.5, 19.75, 9999.0, 9999.0, 9999.0, 120.75, 124.5, 120.5, 104.0, 135.25
2023-04-06, 07:26:23, 132.5, 52.0, 19.25, 26.0, 9999.0, 1.25, 1.5, 19.75, 9999.0, 9999.0, 9999.0, 120.75, 124.5, 120.5, 104.0, 135.25
2023-04-06, 07:26:27, 132.5, 52.25, 19.0, 26.0, 9999.0, 1.5, 1.5, 19.75, 9999.0, 9999.0, 9999.0, 120.75, 124.5, 120.5, 104.0, 135.25
2023-04-06, 07:26:31, 132.5, 52.0, 19.25, 26.0, 9999.0, 1.5, 1.5, 19.75, 9999.0, 9999.0, 9999.0, 120.75, 124.5, 120.5, 104.0, 135.25
2023-04-06, 07:26:35, 132.5, 52.25, 19.25, 26.0, 9999.0, 1.5, 1.5, 19.75, 9999.0, 9999.0, 9999.0, 121.5, 124.5, 120.5, 104.0, 135.25
2023-04-06, 07:26:39, 132.75, 52.25, 19.25, 26.0, 9999.0, 1.5, 1.5, 19.75, 9999.0, 9999.0, 9999.0, 121.25, 124.5, 120.5, 104.0, 135.25
2023-04-06, 07:26:43, 132.5, 52.0, 19.0, 26.25, 9999.0, 1.5, 1.5, 19.75, 9999.0, 9999.0, 9999.0, 121.25, 124.5, 120.5, 104.0, 135.25
2023-04-06, 07:26:47, 132.5, 52.0, 19.0, 26.25, 9999.0, 1.5, 1.5, 19.75, 9999.0, 9999.0, 9999.0, 121.25, 124.5, 120.5, 104.0, 135.25
2023-04-06, 07:26:51, 132.75, 52.25, 19.25, 26.0, 9999.0, 1.5, 1.5, 19.75, 9999.0, 9999.0, 9999.0, 121.25, 124.25, 120.5, 104.0, 135.25
2023-04-06, 07:26:55, 132.5, 52.0, 19.25, 26.0, 9999.0, 1.25, 1.5, 19.75, 9999.0, 9999.0, 9999.0, 121.25, 124.25, 120.5, 104.0, 135.25
2023-04-06, 07:26:59, 132.5, 52.25, 19.25, 26.0, 9999.0, 1.25, 1.5, 19.75, 9999.0, 9999.0, 9999.0, 121.0, 124.25, 120.5, 104.0, 135.25
2023-04-06, 07:27:03, 132.75, 52.25, 19.25, 26.25, 9999.0, 1.25, 1.5, 19.75, 9999.0, 9999.0, 9999.0, 121.0, 124.5, 120.5, 104.0, 135.25
2023-04-06, 07:27:07, 132.5, 52.25, 19.0, 26.0, 9999.0, 1.25, 1.5, 19.75, 9999.0, 9999.0, 9999.0, 121.0, 124.5, 120.5, 104.0, 135.25
2023-04-06, 07:27:11, 132.75, 52.25, 19.25, 26.25, 9999.0, 1.25, 1.5, 19.75, 9999.0, 9999.0, 9999.0, 121.0, 124.5, 120.5, 104.0, 135.25
2023-04-06, 07:27:15, 132.75, 52.25, 19.25, 26.25, 9999.0, 1.25, 1.5, 19.75, 9999.0, 9999.0, 9999.0, 121.0, 124.5, 120.5, 104.0, 135.25
2023-04-06, 07:27:19, 132.5, 52.25, 19.25, 26.25, 9999.0, 1.25, 1.5, 19.75, 9999.0, 9999.0, 9999.0, 121.0, 124.5, 120.5, 104.0, 135.25
2023-04-06, 07:27:23, 132.75, 52.25, 19.25, 26.25, 9999.0, 1.25, 1.5, 19.75, 9999.0, 9999.0, 9999.0, 121.0, 124.5, 120.5, 104.0, 135.25
2023-04-06, 07:27:27, 132.5, 52.25, 19.25, 26.25, 9999.0, 1.25, 1.5, 19.75, 9999.0, 9999.0, 9999.0, 121.0, 124.5, 120.5, 104.0, 135.25
2023-04-06, 07:27:31, 132.75, 52.25, 19.25, 26.0, 9999.0, 1.25, 1.5, 19.75, 9999.0, 9999.0, 9999.0, 121.0, 124.5, 120.5, 104.25, 135.25
2023-04-06, 07:27:35, 132.75, 52.25, 19.25, 26.0, 9999.0, 1.25, 1.5, 19.75, 9999.0, 9999.0, 9999.0, 120.75, 124.5, 120.5, 104.0, 135.25
2023-04-06, 07:27:39, 132.75, 52.25, 19.25, 26.0, 9999.0, 1.5, 1.5, 19.75, 9999.0, 9999.0, 9999.0, 120.75, 124.5, 120.5, 104.0, 135.25
2023-04-06, 07:27:43, 132.75, 52.25, 19.25, 26.0, 9999.0, 1.25, 1.5, 19.75, 9999.0, 9999.0, 9999.0, 120.75, 124.5, 120.5, 104.0, 135.25
2023-04-06, 07:27:48, 132.5, 52.25, 19.25, 26.0, 9999.0, 1.5, 1.5, 19.75, 9999.0, 9999.0, 9999.0, 120.75, 124.5, 120.5, 104.0, 135.25
2023-04-06, 07:27:52, 132.5, 52.25, 19.25, 26.0, 9999.0, 1.5, 1.5, 19.75, 9999.0, 9999.0, 9999.0, 120.75, 124.5, 120.5, 104.0, 135.25
2023-04-06, 07:27:56, 132.75, 52.25, 19.0, 26.0, 9999.0, 1.5, 1.5, 19.75, 9999.0, 9999.0, 9999.0, 121.5, 124.5, 120.5, 104.0, 135.5
2023-04-06, 07:28:00, 132.75, 52.25, 19.25, 26.0, 9999.0, 1.5, 1.75, 19.75, 9999.0, 9999.0, 9999.0, 121.5, 124.5, 120.5, 104.0, 135.25
2023-04-06, 07:28:04, 132.75, 52.25, 19.25, 26.0, 9999.0, 1.5, 1.5, 19.75, 9999.0, 9999.0, 9999.0, 121.25, 124.5, 120.5, 104.0, 135.25
2023-04-06, 07:28:08, 132.5, 52.25, 19.25, 26.0, 9999.0, 1.5, 1.5, 19.75, 9999.0, 9999.0, 9999.0, 121.25, 124.5, 120.5, 104.0, 135.25
2023-04-06, 07:28:12, 132.75, 52.25, 19.25, 26.0, 9999.0, 1.5, 1.5, 19.75, 9999.0, 9999.0, 9999.0, 121.25, 124.25, 120.5, 104.25, 135.25
2023-04-06, 07:28:16, 132.75, 52.25, 19.25, 26.0, 9999.0, 1.25, 1.5, 19.75, 9999.0, 9999.0, 9999.0, 121.25, 124.5, 120.5, 104.0, 135.25
2023-04-06, 07:28:20, 132.75, 52.25, 19.25, 26.0, 9999.0, 1.25, 1.75, 19.75, 9999.0, 9999.0, 9999.0, 121.0, 124.25, 120.5, 104.0, 135.25
2023-04-06, 07:28:24, 132.75, 52.25, 19.25, 26.25, 9999.0, 1.25, 1.5, 19.75, 9999.0, 9999.0, 9999.0, 121.0, 124.25, 120.5, 104.25, 135.25
2023-04-06, 07:28:28, 132.75, 52.25, 19.25, 26.0, 9999.0, 1.25, 1.75, 19.75, 9999.0, 9999.0, 9999.0, 121.0, 124.5, 120.5, 104.25, 135.25
2023-04-06, 07:28:32, 132.75, 52.25, 19.25, 26.0, 9999.0, 1.25, 1.5, 19.75, 9999.0, 9999.0, 9999.0, 121.25, 124.5, 120.5, 104.0, 135.25
2023-04-06, 07:28:36, 132.75, 52.25, 19.25, 26.0, 9999.0, 1.25, 1.5, 19.75, 9999.0, 9999.0, 9999.0, 121.25, 124.5, 120.5, 104.25, 135.25
2023-04-06, 07:28:40, 132.75, 52.25, 19.25, 26.25, 9999.0, 1.25, 1.5, 19.75, 9999.0, 9999.0, 9999.0, 121.0, 124.5, 120.5, 104.25, 135.5
2023-04-06, 07:28:44, 132.75, 52.25, 19.25, 26.25, 9999.0, 1.25, 1.5, 19.75, 9999.0, 9999.0, 9999.0, 121.0, 124.5, 120.5, 104.25, 135.25
2023-04-06, 07:28:48, 132.75, 52.25, 19.25, 26.25, 9999.0, 1.25, 1.5, 19.75, 9999.0, 9999.0, 9999.0, 121.0, 124.5, 120.5, 104.25, 135.25
2023-04-06, 07:28:52, 132.75, 52.25, 19.25, 26.25, 9999.0, 1.25, 1.5, 19.75, 9999.0, 9999.0, 9999.0, 121.0, 124.5, 120.5, 104.25, 135.25
2023-04-06, 07:28:56, 132.75, 52.25, 19.25, 26.25, 9999.0, 1.25, 1.5, 19.75, 9999.0, 9999.0, 9999.0, 121.0, 124.5, 120.5, 104.25, 135.25
2023-04-06, 07:29:00, 132.75, 52.25, 19.25, 26.0, 9999.0, 1.5, 1.5, 19.75, 9999.0, 9999.0, 9999.0, 120.75, 124.5, 120.5, 104.25, 135.25
2023-04-06, 07:29:04, 132.75, 52.25, 19.25, 26.0, 9999.0, 1.25, 1.5, 19.75, 9999.0, 9999.0, 9999.0, 120.75, 124.5, 120.5, 104.25, 135.5
2023-04-06, 07:29:08, 132.75, 52.25, 19.25, 26.25, 9999.0, 1.5, 1.5, 19.75, 9999.0, 9999.0, 9999.0, 120.75, 124.5, 120.5, 104.25, 135.5
2023-04-06, 07:29:12, 132.75, 52.25, 19.25, 26.25, 9999.0, 1.5, 1.5, 19.75, 9999.0, 9999.0, 9999.0, 120.75, 124.5, 120.5, 104.25, 135.5
2023-04-06, 07:29:16, 132.75, 52.25, 19.25, 26.25, 9999.0, 1.5, 1.5, 19.75, 9999.0, 9999.0, 9999.0, 121.5, 124.5, 120.5, 104.0, 135.5
2023-04-06, 07:29:20, 132.75, 52.25, 19.25, 26.0, 9999.0, 1.5, 1.5, 19.75, 9999.0, 9999.0, 9999.0, 121.5, 124.5, 120.5, 104.25, 135.25
2023-04-06, 07:29:24, 132.75, 52.25, 19.25, 26.0, 9999.0, 1.5, 1.5, 19.75, 9999.0, 9999.0, 9999.0, 121.25, 124.5, 120.5, 104.25, 135.5
2023-04-06, 07:29:28, 132.75, 52.25, 19.25, 26.25, 9999.0, 1.5, 1.5, 19.75, 9999.0, 9999.0, 9999.0, 121.25, 124.5, 120.5, 104.25, 135.5
2023-04-06, 07:29:32, 132.75, 52.25, 19.25, 26.25, 9999.0, 1.5, 1.75, 19.75, 9999.0, 9999.0, 9999.0, 121.25, 124.5, 120.5, 104.25, 135.25
2023-04-06, 07:29:36, 132.75, 52.25, 19.25, 26.25, 9999.0, 1.5, 1.75, 19.75, 9999.0, 9999.0, 9999.0, 121.25, 124.5, 120.5, 104.25, 135.5
2023-04-06, 07:29:40, 132.75, 52.25, 19.25, 26.0, 9999.0, 1.5, 1.5, 19.75, 9999.0, 9999.0, 9999.0, 121.25, 124.5, 120.5, 104.25, 135.5
2023-04-06, 07:29:44, 132.75, 52.25, 19.25, 26.0, 9999.0, 1.25, 1.5, 19.75, 9999.0, 9999.0, 9999.0, 121.25, 124.25, 120.5, 104.25, 135.5
2023-04-06, 07:29:48, 132.75, 52.25, 19.25, 26.25, 9999.0, 1.25, 1.5, 19.75, 9999.0, 9999.0, 9999.0, 121.25, 124.5, 120.5, 104.25, 135.5
2023-04-06, 07:29:52, 132.75, 52.25, 19.25, 26.25, 9999.0, 1.25, 1.5, 19.75, 9999.0, 9999.0, 9999.0, 121.25, 124.75, 120.5, 104.25, 135.5
2023-04-06, 07:29:56, 132.75, 52.25, 19.25, 26.25, 9999.0, 1.25, 1.75, 19.75, 9999.0, 9999.0, 9999.0, 121.0, 124.75, 120.5, 104.25, 135.5
2023-04-06, 07:30:00, 132.75, 52.25, 19.25, 26.0, 9999.0, 1.25, 1.5, 19.75, 9999.0, 9999.0, 9999.0, 121.0, 124.5, 120.5, 104.25, 135.5
2023-04-06, 07:30:04, 132.75, 52.25, 19.25, 26.0, 9999.0, 1.25, 1.5, 19.75, 9999.0, 9999.0, 9999.0, 121.0, 124.5, 120.5, 104.25, 135.25
2023-04-06, 07:30:08, 132.75, 52.25, 19.25, 26.25, 9999.0, 1.25, 1.5, 19.75, 9999.0, 9999.0, 9999.0, 121.0, 124.5, 120.5, 104.25, 135.25
2023-04-06, 07:30:12, 132.75, 52.25, 19.25, 26.0, 9999.0, 1.25, 1.5, 19.75, 9999.0, 9999.0, 9999.0, 121.0, 124.5, 120.5, 104.25, 135.5
2023-04-06, 07:30:16, 132.75, 52.25, 19.25, 26.0, 9999.0, 1.25, 1.5, 19.75, 9999.0, 9999.0, 9999.0, 121.0, 124.5, 120.5, 104.25, 135.25
2023-04-06, 07:30:20, 132.75, 52.25, 19.25, 26.0, 9999.0, 1.5, 1.5, 19.75, 9999.0, 9999.0, 9999.0, 120.75, 124.5, 120.5, 104.25, 135.5
2023-04-06, 07:30:24, 132.75, 52.25, 19.25, 26.0, 9999.0, 1.5, 1.5, 19.75, 9999.0, 9999.0, 9999.0, 120.75, 124.5, 120.5, 104.25, 135.5
2023-04-06, 07:30:28, 132.75, 52.25, 19.25, 26.25, 9999.0, 1.5, 1.5, 19.75, 9999.0, 9999.0, 9999.0, 120.75, 124.5, 120.5, 104.25, 135.25
2023-04-06, 07:30:32, 132.75, 52.25, 19.25, 26.25, 9999.0, 1.5, 1.75, 19.75, 9999.0, 9999.0, 9999.0, 120.75, 124.5, 120.5, 104.25, 135.5
2023-04-06, 07:30:36, 132.75, 52.25, 19.0, 26.25, 9999.0, 1.75, 1.75, 19.75, 9999.0, 9999.0, 9999.0, 121.5, 124.5, 120.5, 104.25, 135.25
2023-04-06, 07:30:40, 132.75, 52.25, 19.25, 26.25, 9999.0, 1.5, 1.75, 19.75, 9999.0, 9999.0, 9999.0, 121.5, 124.5, 120.5, 104.25, 135.5
2023-04-06, 07:30:44, 132.75, 52.25, 19.25, 26.25, 9999.0, 1.5, 1.5, 20.0, 9999.0, 9999.0, 9999.0, 121.5, 124.5, 120.5, 104.25, 135.5
2023-04-06, 07:30:48, 132.75, 52.25, 19.25, 26.25, 9999.0, 1.5, 1.5, 19.75, 9999.0, 9999.0, 9999.0, 121.25, 124.5, 120.5, 104.25, 135.25
2023-04-06, 07:30:52, 132.75, 52.25, 19.25, 26.25, 9999.0, 1.5, 1.75, 19.75, 9999.0, 9999.0, 9999.0, 121.25, 124.5, 120.5, 104.25, 135.5
2023-04-06, 07:30:56, 132.75, 52.25, 19.25, 26.25, 9999.0, 1.5, 1.5, 19.75, 9999.0, 9999.0, 9999.0, 121.25, 124.5, 120.5, 104.25, 135.5
2023-04-06, 07:31:00, 132.75, 52.25, 19.25, 26.25, 9999.0, 1.5, 1.75, 19.75, 9999.0, 9999.0, 9999.0, 121.25, 124.5, 120.5, 104.25, 135.25
2023-04-06, 07:31:04, 132.75, 52.25, 19.25, 26.25, 9999.0, 1.5, 1.75, 20.0, 9999.0, 9999.0, 9999.0, 121.0, 124.5, 120.5, 104.25, 135.5
2023-04-06, 07:31:08, 132.75, 52.25, 19.25, 26.25, 9999.0, 1.5, 1.75, 20.0, 9999.0, 9999.0, 9999.0, 121.25, 124.5, 120.5, 104.25, 135.5
2023-04-06, 07:31:12, 132.75, 52.25, 19.25, 26.25, 9999.0, 1.25, 1.75, 19.75, 9999.0, 9999.0, 9999.0, 121.25, 124.5, 120.5, 104.25, 135.5
2023-04-06, 07:31:16, 132.75, 52.25, 19.25, 26.25, 9999.0, 1.25, 1.5, 19.75, 9999.0, 9999.0, 9999.0, 121.0, 124.5, 120.5, 104.0, 135.5
2023-04-06, 07:31:20, 132.75, 52.25, 19.25, 26.0, 9999.0, 1.25, 1.5, 19.75, 9999.0, 9999.0, 9999.0, 121.25, 124.75, 120.5, 104.25, 135.5
2023-04-06, 07:31:24, 132.75, 52.25, 19.25, 26.0, 9999.0, 1.25, 1.5, 19.75, 9999.0, 9999.0, 9999.0, 121.0, 124.5, 120.5, 104.25, 135.5
2023-04-06, 07:31:28, 132.75, 52.25, 19.25, 26.0, 9999.0, 1.25, 1.5, 19.75, 9999.0, 9999.0, 9999.0, 121.0, 124.75, 120.5, 104.25, 135.5
2023-04-06, 07:31:32, 132.75, 52.25, 19.25, 26.0, 9999.0, 1.25, 1.5, 19.75, 9999.0, 9999.0, 9999.0, 121.0, 124.5, 120.5, 104.0, 135.5
2023-04-06, 07:31:36, 132.75, 52.25, 19.25, 25.75, 9999.0, 1.25, 1.75, 19.75, 9999.0, 9999.0, 9999.0, 121.0, 124.5, 120.5, 104.0, 135.5
2023-04-06, 07:31:40, 132.75, 52.25, 19.25, 26.0, 9999.0, 1.5, 1.75, 19.75, 9999.0, 9999.0, 9999.0, 121.0, 124.5, 120.5, 104.0, 135.5
2023-04-06, 07:31:44, 132.75, 52.25, 19.25, 26.25, 9999.0, 1.5, 1.5, 19.75, 9999.0, 9999.0, 9999.0, 120.75, 124.5, 120.5, 104.0, 135.5
2023-04-06, 07:31:48, 132.75, 52.25, 19.25, 26.25, 9999.0, 1.5, 1.5, 19.75, 9999.0, 9999.0, 9999.0, 120.75, 124.5, 120.5, 104.0, 135.5
2023-04-06, 07:31:52, 132.75, 52.25, 19.25, 26.0, 9999.0, 1.75, 1.75, 19.75, 9999.0, 9999.0, 9999.0, 120.75, 124.5, 120.5, 104.0, 135.25
2023-04-06, 07:31:56, 132.75, 52.25, 19.25, 26.0, 9999.0, 1.5, 1.75, 19.75, 9999.0, 9999.0, 9999.0, 120.75, 124.5, 120.5, 104.0, 135.5
2023-04-06, 07:32:00, 132.75, 52.25, 19.25, 26.0, 9999.0, 1.5, 1.75, 19.75, 9999.0, 9999.0, 9999.0, 121.5, 124.5, 120.5, 104.0, 135.5
2023-04-06, 07:32:04, 132.75, 52.25, 19.25, 26.0, 9999.0, 1.5, 1.75, 19.75, 9999.0, 9999.0, 9999.0, 121.5, 124.5, 120.5, 104.0, 135.25
2023-04-06, 07:32:08, 132.75, 52.25, 19.25, 26.0, 9999.0, 1.5, 1.75, 19.75, 9999.0, 9999.0, 9999.0, 121.25, 124.5, 120.5, 104.25, 135.25
2023-04-06, 07:32:12, 132.75, 52.25, 19.25, 26.0, 9999.0, 1.5, 1.75, 19.75, 9999.0, 9999.0, 9999.0, 121.25, 124.5, 120.5, 104.0, 135.5
2023-04-06, 07:32:17, 132.75, 52.25, 19.25, 26.0, 9999.0, 1.5, 1.75, 19.75, 9999.0, 9999.0, 9999.0, 121.25, 124.25, 120.5, 104.25, 135.25
2023-04-06, 07:32:21, 132.75, 52.25, 19.25, 26.0, 9999.0, 1.5, 1.75, 20.0, 9999.0, 9999.0, 9999.0, 121.25, 124.5, 120.5, 104.0, 135.5
2023-04-06, 07:32:25, 132.75, 52.25, 19.25, 26.0, 9999.0, 1.5, 1.75, 19.75, 9999.0, 9999.0, 9999.0, 121.25, 124.5, 120.5, 104.0, 135.25
2023-04-06, 07:32:29, 132.75, 52.25, 19.25, 26.0, 9999.0, 1.25, 1.75, 19.75, 9999.0, 9999.0, 9999.0, 121.25, 124.5, 120.5, 104.0, 135.5
2023-04-06, 07:32:33, 132.75, 52.25, 19.25, 26.25, 9999.0, 1.25, 1.75, 19.75, 9999.0, 9999.0, 9999.0, 121.0, 124.5, 120.25, 104.0, 135.25
2023-04-06, 07:32:37, 132.75, 52.25, 19.25, 26.25, 9999.0, 1.5, 1.5, 19.75, 9999.0, 9999.0, 9999.0, 121.25, 124.5, 120.5, 104.0, 135.25
2023-04-06, 07:32:41, 132.75, 52.25, 19.25, 26.25, 9999.0, 1.25, 1.75, 19.75, 9999.0, 9999.0, 9999.0, 121.0, 124.5, 120.5, 104.0, 135.5
2023-04-06, 07:32:45, 132.75, 52.25, 19.25, 26.25, 9999.0, 1.25, 1.75, 19.75, 9999.0, 9999.0, 9999.0, 121.0, 124.5, 120.5, 104.0, 135.5
2023-04-06, 07:32:49, 132.75, 52.25, 19.25, 26.25, 9999.0, 1.25, 1.5, 19.75, 9999.0, 9999.0, 9999.0, 121.0, 124.5, 120.5, 104.0, 135.5
2023-04-06, 07:32:53, 132.75, 52.25, 19.25, 26.0, 9999.0, 1.25, 1.5, 19.75, 9999.0, 9999.0, 9999.0, 121.0, 124.5, 120.5, 104.0, 135.5
2023-04-06, 07:32:57, 132.75, 52.25, 19.25, 26.0, 9999.0, 1.25, 1.5, 19.75, 9999.0, 9999.0, 9999.0, 121.0, 124.5, 120.5, 104.0, 135.5
2023-04-06, 07:33:01, 132.75, 52.25, 19.25, 26.25, 9999.0, 1.5, 1.5, 19.75, 9999.0, 9999.0, 9999.0, 120.75, 124.5, 120.5, 104.0, 135.25
2023-04-06, 07:33:05, 132.75, 52.25, 19.25, 26.0, 9999.0, 1.5, 1.5, 19.75, 9999.0, 9999.0, 9999.0, 120.75, 124.5, 120.5, 104.0, 135.5
2023-04-06, 07:33:09, 132.75, 52.25, 19.25, 26.0, 9999.0, 1.5, 1.5, 19.75, 9999.0, 9999.0, 9999.0, 120.75, 124.5, 120.5, 104.0, 135.25
2023-04-06, 07:33:13, 132.75, 52.25, 19.25, 26.25, 9999.0, 1.5, 1.75, 19.75, 9999.0, 9999.0, 9999.0, 120.75, 124.5, 120.5, 104.0, 135.5
2023-04-06, 07:33:17, 132.75, 52.25, 19.25, 26.25, 9999.0, 1.75, 1.75, 20.0, 9999.0, 9999.0, 9999.0, 121.5, 124.5, 120.5, 104.0, 135.25
2023-04-06, 07:33:21, 132.75, 52.25, 19.25, 26.25, 9999.0, 1.5, 1.75, 19.75, 9999.0, 9999.0, 9999.0, 121.5, 124.5, 120.5, 104.0, 135.25
2023-04-06, 07:33:25, 132.75, 52.25, 19.0, 26.25, 9999.0, 1.5, 1.75, 19.75, 9999.0, 9999.0, 9999.0, 121.5, 124.25, 120.25, 104.0, 135.25
2023-04-06, 07:33:29, 132.75, 52.25, 19.25, 26.0, 9999.0, 1.5, 1.5, 19.75, 9999.0, 9999.0, 9999.0, 121.25, 124.5, 120.5, 104.0, 135.25
2023-04-06, 07:33:33, 132.75, 52.25, 19.25, 26.25, 9999.0, 1.5, 1.5, 19.75, 9999.0, 9999.0, 9999.0, 121.25, 124.25, 120.5, 104.0, 135.25
2023-04-06, 07:33:37, 132.75, 52.25, 19.25, 26.25, 9999.0, 1.5, 1.75, 19.75, 9999.0, 9999.0, 9999.0, 121.25, 124.25, 120.5, 104.0, 135.25
2023-04-06, 07:33:41, 132.75, 52.25, 19.0, 26.25, 9999.0, 1.5, 1.5, 19.75, 9999.0, 9999.0, 9999.0, 121.25, 124.25, 120.5, 104.0, 135.25
2023-04-06, 07:33:45, 132.75, 52.25, 19.25, 26.25, 9999.0, 1.5, 1.5, 19.75, 9999.0, 9999.0, 9999.0, 121.0, 124.25, 120.5, 104.0, 135.25
2023-04-06, 07:33:49, 132.75, 52.25, 19.25, 26.25, 9999.0, 1.5, 1.5, 19.75, 9999.0, 9999.0, 9999.0, 121.25, 124.5, 120.5, 104.0, 135.5
2023-04-06, 07:33:53, 132.75, 52.25, 19.25, 26.25, 9999.0, 1.25, 1.5, 20.0, 9999.0, 9999.0, 9999.0, 121.0, 124.5, 120.5, 104.0, 135.25
2023-04-06, 07:33:57, 132.75, 52.25, 19.25, 26.25, 9999.0, 1.25, 1.5, 19.75, 9999.0, 9999.0, 9999.0, 121.0, 124.5, 120.25, 104.0, 135.25
2023-04-06, 07:34:01, 132.75, 52.25, 19.25, 26.25, 9999.0, 1.25, 1.5, 19.75, 9999.0, 9999.0, 9999.0, 121.0, 124.5, 120.5, 104.0, 135.25
2023-04-06, 07:34:05, 132.5, 52.25, 19.0, 26.0, 9999.0, 1.25, 1.5, 19.75, 9999.0, 9999.0, 9999.0, 121.0, 124.5, 120.5, 104.0, 135.5
2023-04-06, 07:34:09, 132.75, 52.25, 19.25, 26.25, 9999.0, 1.25, 1.5, 19.75, 9999.0, 9999.0, 9999.0, 121.0, 124.5, 120.5, 104.0, 135.25
2023-04-06, 07:34:13, 132.75, 52.25, 19.25, 26.25, 9999.0, 1.25, 1.5, 19.75, 9999.0, 9999.0, 9999.0, 121.0, 124.5, 120.5, 104.0, 135.25
2023-04-06, 07:34:17, 132.5, 52.25, 19.25, 26.25, 9999.0, 1.25, 1.5, 19.75, 9999.0, 9999.0, 9999.0, 121.0, 124.5, 120.5, 104.0, 135.5
2023-04-06, 07:34:21, 132.75, 52.25, 19.25, 26.25, 9999.0, 1.5, 1.5, 19.75, 9999.0, 9999.0, 9999.0, 120.75, 124.5, 120.5, 104.0, 135.25
2023-04-06, 07:34:25, 132.75, 52.25, 19.25, 26.0, 9999.0, 1.5, 1.5, 19.75, 9999.0, 9999.0, 9999.0, 120.75, 124.25, 120.5, 104.0, 135.25
2023-04-06, 07:34:29, 132.75, 52.25, 19.25, 26.0, 9999.0, 1.5, 1.5, 19.75, 9999.0, 9999.0, 9999.0, 120.75, 124.25, 120.5, 104.0, 135.5
2023-04-06, 07:34:33, 132.75, 52.25, 19.25, 26.0, 9999.0, 1.5, 1.5, 19.75, 9999.0, 9999.0, 9999.0, 120.75, 124.5, 120.5, 104.0, 135.25
2023-04-06, 07:34:37, 132.5, 52.25, 19.25, 26.25, 9999.0, 1.5, 1.5, 19.75, 9999.0, 9999.0, 9999.0, 121.5, 124.5, 120.5, 104.0, 135.25
2023-04-06, 07:34:41, 132.75, 52.25, 19.0, 26.25, 9999.0, 1.5, 1.5, 19.75, 9999.0, 9999.0, 9999.0, 121.5, 124.25, 120.5, 104.0, 135.25
2023-04-06, 07:34:45, 132.5, 52.25, 19.0, 26.0, 9999.0, 1.5, 1.5, 19.75, 9999.0, 9999.0, 9999.0, 121.25, 124.25, 120.5, 104.0, 135.25
2023-04-06, 07:34:49, 132.5, 52.25, 19.0, 26.25, 9999.0, 1.5, 1.5, 19.75, 9999.0, 9999.0, 9999.0, 121.25, 124.25, 120.5, 104.0, 135.25
2023-04-06, 07:34:53, 132.75, 52.25, 19.25, 26.0, 9999.0, 1.5, 1.5, 19.75, 9999.0, 9999.0, 9999.0, 121.25, 124.25, 120.25, 104.0, 135.25
2023-04-06, 07:34:57, 132.75, 52.25, 19.25, 26.0, 9999.0, 1.5, 1.5, 19.75, 9999.0, 9999.0, 9999.0, 121.25, 124.25, 120.5, 104.0, 135.25
2023-04-06, 07:35:01, 132.5, 52.25, 19.25, 26.25, 9999.0, 1.25, 1.5, 19.75, 9999.0, 9999.0, 9999.0, 121.25, 124.25, 120.5, 104.0, 135.25
2023-04-06, 07:35:05, 132.5, 52.25, 19.25, 26.0, 9999.0, 1.25, 1.5, 19.75, 9999.0, 9999.0, 9999.0, 121.0, 124.25, 120.25, 104.0, 135.25
2023-04-06, 07:35:09, 132.5, 52.25, 19.0, 25.75, 9999.0, 1.25, 1.5, 19.75, 9999.0, 9999.0, 9999.0, 121.25, 124.5, 120.25, 104.0, 135.25
2023-04-06, 07:35:13, 132.5, 52.25, 19.0, 26.0, 9999.0, 1.25, 1.5, 19.75, 9999.0, 9999.0, 9999.0, 121.0, 124.5, 120.5, 104.0, 135.25
2023-04-06, 07:35:17, 132.5, 52.25, 19.0, 26.0, 9999.0, 1.25, 1.5, 19.75, 9999.0, 9999.0, 9999.0, 121.0, 124.5, 120.5, 104.0, 135.25
2023-04-06, 07:35:21, 132.5, 52.25, 19.25, 26.0, 9999.0, 1.25, 1.5, 19.75, 9999.0, 9999.0, 9999.0, 121.0, 124.5, 120.5, 104.0, 135.25
2023-04-06, 07:35:25, 132.75, 52.25, 19.0, 26.0, 9999.0, 1.25, 1.5, 19.75, 9999.0, 9999.0, 9999.0, 121.0, 124.5, 120.5, 104.0, 135.25
2023-04-06, 07:35:29, 132.5, 52.25, 19.0, 26.0, 9999.0, 1.25, 1.5, 19.75, 9999.0, 9999.0, 9999.0, 120.75, 124.5, 120.5, 104.0, 135.25
2023-04-06, 07:35:33, 132.5, 52.25, 19.25, 26.25, 9999.0, 1.25, 1.5, 19.75, 9999.0, 9999.0, 9999.0, 121.0, 124.5, 120.5, 104.0, 135.25
2023-04-06, 07:35:37, 132.5, 52.25, 19.0, 26.25, 9999.0, 1.25, 1.5, 19.75, 9999.0, 9999.0, 9999.0, 120.75, 124.25, 120.5, 104.0, 135.25
2023-04-06, 07:35:41, 132.5, 52.0, 19.25, 26.0, 9999.0, 1.5, 1.5, 19.75, 9999.0, 9999.0, 9999.0, 120.75, 124.25, 120.5, 104.0, 135.25
2023-04-06, 07:35:45, 132.5, 52.0, 19.0, 26.0, 9999.0, 1.25, 1.5, 19.75, 9999.0, 9999.0, 9999.0, 120.75, 124.25, 120.25, 104.0, 135.25
2023-04-06, 07:35:49, 132.5, 52.0, 19.0, 26.0, 9999.0, 1.5, 1.5, 19.75, 9999.0, 9999.0, 9999.0, 120.75, 124.25, 120.5, 104.0, 135.25
2023-04-06, 07:35:53, 132.5, 52.0, 19.0, 26.0, 9999.0, 1.5, 1.5, 19.75, 9999.0, 9999.0, 9999.0, 120.75, 124.25, 120.5, 104.0, 135.25
2023-04-06, 07:35:57, 132.5, 52.25, 19.0, 26.0, 9999.0, 1.5, 1.5, 19.75, 9999.0, 9999.0, 9999.0, 121.5, 124.5, 120.5, 104.0, 135.25
2023-04-06, 07:36:01, 132.5, 52.0, 19.0, 26.25, 9999.0, 1.5, 1.5, 19.75, 9999.0, 9999.0, 9999.0, 121.25, 124.25, 120.25, 103.75, 135.25
2023-04-06, 07:36:05, 132.5, 52.0, 19.0, 26.25, 9999.0, 1.5, 1.5, 19.75, 9999.0, 9999.0, 9999.0, 121.25, 124.25, 120.25, 104.0, 135.25
2023-04-06, 07:36:09, 132.5, 52.0, 19.25, 26.25, 9999.0, 1.5, 1.5, 19.75, 9999.0, 9999.0, 9999.0, 121.25, 124.25, 120.25, 104.0, 135.25
2023-04-06, 07:36:13, 132.5, 52.0, 19.25, 26.0, 9999.0, 1.25, 1.5, 19.5, 9999.0, 9999.0, 9999.0, 121.25, 124.25, 120.25, 104.0, 135.25
2023-04-06, 07:36:17, 132.5, 52.0, 19.0, 26.0, 9999.0, 1.25, 1.5, 19.75, 9999.0, 9999.0, 9999.0, 121.0, 124.25, 120.25, 104.0, 135.25
2023-04-06, 07:36:21, 132.5, 52.0, 19.0, 26.0, 9999.0, 1.25, 1.5, 19.75, 9999.0, 9999.0, 9999.0, 121.0, 124.25, 120.25, 104.0, 135.25
2023-04-06, 07:36:25, 132.5, 52.25, 19.0, 26.0, 9999.0, 1.25, 1.5, 19.75, 9999.0, 9999.0, 9999.0, 121.0, 124.5, 120.25, 104.0, 135.25
2023-04-06, 07:36:29, 132.5, 52.0, 19.0, 26.0, 9999.0, 1.25, 1.5, 19.75, 9999.0, 9999.0, 9999.0, 121.0, 124.5, 120.25, 104.0, 135.25
2023-04-06, 07:36:33, 132.5, 52.25, 19.0, 26.0, 9999.0, 1.25, 1.5, 19.5, 9999.0, 9999.0, 9999.0, 121.0, 124.25, 120.25, 104.0, 135.25
2023-04-06, 07:36:37, 132.5, 52.0, 19.0, 26.0, 9999.0, 1.25, 1.5, 19.75, 9999.0, 9999.0, 9999.0, 121.0, 124.5, 120.25, 103.75, 135.25
2023-04-06, 07:36:41, 132.5, 52.0, 19.0, 26.0, 9999.0, 1.25, 1.5, 19.75, 9999.0, 9999.0, 9999.0, 121.0, 124.5, 120.5, 103.75, 135.25
2023-04-06, 07:36:46, 132.5, 52.0, 19.0, 26.25, 9999.0, 1.25, 1.5, 19.75, 9999.0, 9999.0, 9999.0, 120.75, 124.5, 120.25, 103.75, 135.25
2023-04-06, 07:36:50, 132.5, 52.0, 19.0, 26.25, 9999.0, 1.25, 1.5, 19.75, 9999.0, 9999.0, 9999.0, 120.75, 124.25, 120.25, 103.75, 135.25
2023-04-06, 07:36:54, 132.5, 52.0, 19.0, 26.0, 9999.0, 1.25, 1.5, 19.5, 9999.0, 9999.0, 9999.0, 120.75, 124.25, 120.5, 103.75, 135.25
2023-04-06, 07:36:58, 132.5, 52.0, 19.0, 26.25, 9999.0, 1.0, 1.5, 19.75, 9999.0, 9999.0, 9999.0, 120.75, 124.25, 120.5, 103.75, 135.25
2023-04-06, 07:37:02, 132.5, 52.0, 19.25, 26.25, 9999.0, 1.25, 1.5, 19.75, 9999.0, 9999.0, 9999.0, 120.75, 124.25, 120.5, 104.0, 135.25
2023-04-06, 07:37:06, 132.5, 52.0, 19.0, 26.0, 9999.0, 1.25, 1.5, 19.5, 9999.0, 9999.0, 9999.0, 120.75, 124.25, 120.25, 103.75, 135.25
2023-04-06, 07:37:10, 132.5, 52.0, 19.0, 26.25, 9999.0, 1.5, 1.5, 19.5, 9999.0, 9999.0, 9999.0, 120.75, 124.25, 120.5, 103.75, 135.25
2023-04-06, 07:37:14, 132.5, 52.0, 19.0, 26.25, 9999.0, 1.5, 1.5, 19.5, 9999.0, 9999.0, 9999.0, 120.5, 124.25, 120.25, 103.75, 135.25
2023-04-06, 07:37:18, 132.5, 52.0, 19.0, 26.0, 9999.0, 1.5, 1.5, 19.75, 9999.0, 9999.0, 9999.0, 121.25, 124.25, 120.5, 103.75, 135.25
2023-04-06, 07:37:22, 132.5, 52.0, 19.0, 26.0, 9999.0, 1.25, 1.5, 19.5, 9999.0, 9999.0, 9999.0, 121.25, 124.25, 120.25, 103.75, 135.25
2023-04-06, 07:37:26, 132.5, 52.0, 19.0, 26.0, 9999.0, 1.5, 1.5, 19.75, 9999.0, 9999.0, 9999.0, 121.25, 124.25, 120.25, 104.0, 135.25
2023-04-06, 07:37:30, 132.5, 52.0, 19.0, 26.0, 9999.0, 1.25, 1.5, 19.75, 9999.0, 9999.0, 9999.0, 121.0, 124.25, 120.25, 103.75, 135.25
2023-04-06, 07:37:34, 132.5, 52.0, 19.0, 26.25, 9999.0, 1.25, 1.5, 19.5, 9999.0, 9999.0, 9999.0, 121.25, 124.25, 120.25, 103.75, 135.25
2023-04-06, 07:37:38, 132.5, 52.0, 19.0, 26.25, 9999.0, 1.25, 1.5, 19.75, 9999.0, 9999.0, 9999.0, 121.0, 124.25, 120.25, 103.75, 135.25
2023-04-06, 07:37:42, 132.5, 52.0, 19.0, 26.0, 9999.0, 1.25, 1.5, 19.75, 9999.0, 9999.0, 9999.0, 121.0, 124.25, 120.25, 103.75, 135.25
2023-04-06, 07:37:46, 132.5, 52.0, 19.0, 26.25, 9999.0, 1.25, 1.5, 19.75, 9999.0, 9999.0, 9999.0, 121.0, 124.5, 120.25, 103.75, 135.25
2023-04-06, 07:37:50, 132.5, 52.0, 19.0, 26.0, 9999.0, 1.25, 1.5, 19.5, 9999.0, 9999.0, 9999.0, 121.0, 124.5, 120.25, 104.0, 135.25
2023-04-06, 07:37:54, 132.5, 52.0, 19.0, 26.0, 9999.0, 1.25, 1.5, 19.75, 9999.0, 9999.0, 9999.0, 121.0, 124.25, 120.25, 103.75, 135.25
2023-04-06, 07:37:58, 132.5, 52.0, 19.0, 26.0, 9999.0, 1.25, 1.5, 19.5, 9999.0, 9999.0, 9999.0, 121.0, 124.25, 120.25, 103.75, 135.25
2023-04-06, 07:38:02, 132.5, 52.0, 19.0, 26.0, 9999.0, 1.0, 1.5, 19.75, 9999.0, 9999.0, 9999.0, 120.75, 124.25, 120.25, 103.75, 135.25
2023-04-06, 07:38:06, 132.5, 52.0, 19.0, 26.25, 9999.0, 1.25, 1.25, 19.75, 9999.0, 9999.0, 9999.0, 120.75, 124.5, 120.25, 104.0, 135.25
2023-04-06, 07:38:10, 132.5, 52.0, 19.0, 26.0, 9999.0, 1.0, 1.5, 19.75, 9999.0, 9999.0, 9999.0, 120.75, 124.5, 120.25, 103.75, 135.25
2023-04-06, 07:38:14, 132.5, 52.0, 19.0, 26.0, 9999.0, 1.0, 1.25, 19.5, 9999.0, 9999.0, 9999.0, 120.75, 124.25, 120.25, 104.0, 135.25
2023-04-06, 07:38:18, 132.5, 52.0, 19.0, 26.0, 9999.0, 1.25, 1.5, 19.5, 9999.0, 9999.0, 9999.0, 120.75, 124.25, 120.25, 103.75, 135.25
2023-04-06, 07:38:22, 132.5, 52.0, 19.0, 26.0, 9999.0, 1.25, 1.5, 19.5, 9999.0, 9999.0, 9999.0, 120.75, 124.25, 120.25, 104.0, 135.25
2023-04-06, 07:38:26, 132.5, 52.0, 19.0, 26.0, 9999.0, 1.25, 1.5, 19.5, 9999.0, 9999.0, 9999.0, 120.5, 124.25, 120.5, 103.75, 135.25
2023-04-06, 07:38:30, 132.5, 52.0, 19.0, 26.0, 9999.0, 1.5, 1.5, 19.5, 9999.0, 9999.0, 9999.0, 120.5, 124.25, 120.5, 103.75, 135.25
2023-04-06, 07:38:34, 132.5, 52.0, 19.0, 26.0, 9999.0, 1.25, 1.5, 19.5, 9999.0, 9999.0, 9999.0, 121.25, 124.25, 120.25, 103.75, 135.25
2023-04-06, 07:38:38, 132.5, 52.0, 19.0, 26.0, 9999.0, 1.5, 1.5, 19.5, 9999.0, 9999.0, 9999.0, 121.25, 124.25, 120.25, 103.75, 135.25
2023-04-06, 07:38:42, 132.5, 52.0, 19.0, 26.0, 9999.0, 1.25, 1.5, 19.5, 9999.0, 9999.0, 9999.0, 121.25, 124.25, 120.25, 103.75, 135.0
2023-04-06, 07:38:46, 132.5, 52.0, 19.0, 26.0, 9999.0, 1.25, 1.5, 19.75, 9999.0, 9999.0, 9999.0, 121.25, 124.25, 120.25, 104.0, 135.25
2023-04-06, 07:38:50, 132.5, 52.0, 19.0, 26.0, 9999.0, 1.25, 1.5, 19.5, 9999.0, 9999.0, 9999.0, 121.0, 124.25, 120.25, 103.75, 135.25
2023-04-06, 07:38:54, 132.5, 52.0, 19.0, 26.0, 9999.0, 1.25, 1.5, 19.5, 9999.0, 9999.0, 9999.0, 121.0, 124.25, 120.25, 104.0, 135.25
2023-04-06, 07:38:58, 132.5, 52.0, 19.0, 26.0, 9999.0, 1.25, 1.5, 19.5, 9999.0, 9999.0, 9999.0, 121.0, 124.25, 120.25, 104.0, 135.25
2023-04-06, 07:39:02, 132.5, 52.0, 19.0, 26.0, 9999.0, 1.25, 1.5, 19.5, 9999.0, 9999.0, 9999.0, 121.0, 124.25, 120.25, 104.0, 135.25
2023-04-06, 07:39:06, 132.5, 52.0, 19.0, 26.0, 9999.0, 1.25, 1.5, 19.5, 9999.0, 9999.0, 9999.0, 121.0, 124.5, 120.25, 104.0, 135.25
2023-04-06, 07:39:10, 132.5, 52.0, 19.0, 26.0, 9999.0, 1.25, 1.5, 19.5, 9999.0, 9999.0, 9999.0, 121.0, 124.5, 120.5, 103.75, 135.25
2023-04-06, 07:39:14, 132.5, 52.0, 19.0, 26.0, 9999.0, 1.25, 1.5, 19.5, 9999.0, 9999.0, 9999.0, 121.0, 124.5, 120.25, 103.75, 135.25
2023-04-06, 07:39:18, 132.5, 52.0, 19.0, 26.0, 9999.0, 1.25, 1.5, 19.75, 9999.0, 9999.0, 9999.0, 121.0, 124.5, 120.25, 103.75, 135.25
2023-04-06, 07:39:22, 132.5, 52.0, 18.75, 26.0, 9999.0, 1.25, 1.5, 19.5, 9999.0, 9999.0, 9999.0, 120.75, 124.5, 120.25, 103.75, 135.25
2023-04-06, 07:39:26, 132.5, 52.0, 19.0, 26.25, 9999.0, 1.0, 1.5, 19.5, 9999.0, 9999.0, 9999.0, 120.75, 124.25, 120.25, 103.75, 135.25
2023-04-06, 07:39:30, 132.5, 52.0, 19.0, 26.0, 9999.0, 1.0, 1.5, 19.5, 9999.0, 9999.0, 9999.0, 120.75, 124.25, 120.25, 103.75, 135.25
2023-04-06, 07:39:34, 132.5, 52.0, 19.0, 26.0, 9999.0, 1.0, 1.5, 19.5, 9999.0, 9999.0, 9999.0, 120.75, 124.25, 120.25, 103.75, 135.25
2023-04-06, 07:39:38, 132.5, 52.0, 19.0, 26.0, 9999.0, 1.25, 1.25, 19.5, 9999.0, 9999.0, 9999.0, 120.75, 124.25, 120.25, 103.75, 135.25
2023-04-06, 07:39:42, 132.25, 52.0, 19.0, 26.0, 9999.0, 1.25, 1.25, 19.5, 9999.0, 9999.0, 9999.0, 120.5, 124.25, 120.25, 103.75, 135.25
2023-04-06, 07:39:46, 132.5, 52.0, 19.0, 26.0, 9999.0, 1.25, 1.5, 19.5, 9999.0, 9999.0, 9999.0, 120.5, 124.25, 120.25, 103.75, 135.25
2023-04-06, 07:39:50, 132.5, 52.0, 19.0, 26.0, 9999.0, 1.5, 1.5, 19.5, 9999.0, 9999.0, 9999.0, 120.5, 124.25, 120.5, 103.75, 135.25
2023-04-06, 07:39:54, 132.5, 52.0, 19.0, 26.0, 9999.0, 1.5, 1.5, 19.5, 9999.0, 9999.0, 9999.0, 121.25, 124.25, 120.25, 103.75, 135.25
2023-04-06, 07:39:58, 132.5, 52.0, 19.0, 26.0, 9999.0, 1.5, 1.5, 19.5, 9999.0, 9999.0, 9999.0, 121.25, 124.25, 120.25, 103.75, 135.25
2023-04-06, 07:40:02, 132.5, 52.0, 19.0, 26.0, 9999.0, 1.25, 1.5, 19.5, 9999.0, 9999.0, 9999.0, 121.25, 124.25, 120.25, 103.75, 135.25
2023-04-06, 07:40:06, 132.5, 52.0, 19.0, 26.0, 9999.0, 1.25, 1.5, 19.5, 9999.0, 9999.0, 9999.0, 121.0, 124.25, 120.25, 103.75, 135.25
2023-04-06, 07:40:10, 132.5, 52.0, 19.0, 26.0, 9999.0, 1.25, 1.5, 19.5, 9999.0, 9999.0, 9999.0, 121.0, 124.25, 120.25, 103.75, 135.25
2023-04-06, 07:40:14, 132.5, 52.0, 19.0, 26.0, 9999.0, 1.25, 1.5, 19.5, 9999.0, 9999.0, 9999.0, 121.0, 124.25, 120.25, 103.75, 135.25
2023-04-06, 07:40:18, 132.5, 52.0, 19.0, 26.0, 9999.0, 1.25, 1.5, 19.5, 9999.0, 9999.0, 9999.0, 121.0, 124.25, 120.25, 103.75, 135.25
2023-04-06, 07:40:22, 132.5, 52.0, 19.0, 26.0, 9999.0, 1.25, 1.5, 19.5, 9999.0, 9999.0, 9999.0, 121.0, 124.5, 120.25, 103.75, 135.25
2023-04-06, 07:40:26, 132.25, 52.0, 19.0, 26.0, 9999.0, 1.25, 1.5, 19.5, 9999.0, 9999.0, 9999.0, 121.0, 124.5, 120.25, 103.75, 135.25
2023-04-06, 07:40:30, 132.25, 52.0, 19.0, 26.0, 9999.0, 1.25, 1.5, 19.5, 9999.0, 9999.0, 9999.0, 121.0, 124.5, 120.5, 104.0, 135.25
2023-04-06, 07:40:34, 132.5, 52.0, 19.0, 26.0, 9999.0, 1.0, 1.25, 19.5, 9999.0, 9999.0, 9999.0, 120.75, 124.5, 120.25, 103.75, 135.25
2023-04-06, 07:40:38, 132.5, 52.0, 19.0, 26.0, 9999.0, 1.0, 1.25, 19.5, 9999.0, 9999.0, 9999.0, 120.75, 124.5, 120.25, 103.75, 135.25
2023-04-06, 07:40:42, 132.5, 51.75, 19.0, 26.0, 9999.0, 1.0, 1.25, 19.5, 9999.0, 9999.0, 9999.0, 120.75, 124.5, 120.25, 103.75, 135.25
2023-04-06, 07:40:46, 132.5, 52.0, 19.0, 26.0, 9999.0, 1.0, 1.25, 19.5, 9999.0, 9999.0, 9999.0, 120.75, 124.5, 120.25, 103.75, 135.0
2023-04-06, 07:40:50, 132.5, 52.0, 19.0, 26.0, 9999.0, 1.0, 1.25, 19.5, 9999.0, 9999.0, 9999.0, 120.75, 124.25, 120.25, 103.75, 135.25
2023-04-06, 07:40:54, 132.25, 51.75, 19.0, 26.0, 9999.0, 1.0, 1.25, 19.5, 9999.0, 9999.0, 9999.0, 120.75, 124.25, 120.5, 103.75, 135.25
2023-04-06, 07:40:58, 132.25, 52.0, 19.0, 25.75, 9999.0, 1.25, 1.25, 19.5, 9999.0, 9999.0, 9999.0, 120.75, 124.25, 120.5, 103.75, 135.25
2023-04-06, 07:41:02, 132.25, 52.0, 19.0, 26.0, 9999.0, 1.25, 1.25, 19.5, 9999.0, 9999.0, 9999.0, 120.75, 124.25, 120.5, 103.75, 135.25
2023-04-06, 07:41:06, 132.5, 51.75, 19.0, 26.0, 9999.0, 1.25, 1.5, 19.5, 9999.0, 9999.0, 9999.0, 120.5, 124.25, 120.25, 103.75, 135.25
2023-04-06, 07:41:11, 132.5, 51.75, 19.0, 26.0, 9999.0, 1.5, 1.5, 19.5, 9999.0, 9999.0, 9999.0, 120.5, 124.25, 120.25, 103.75, 135.25
2023-04-06, 07:41:15, 132.25, 52.0, 19.0, 26.0, 9999.0, 1.25, 1.5, 19.5, 9999.0, 9999.0, 9999.0, 121.25, 124.25, 120.5, 103.75, 135.0
2023-04-06, 07:41:19, 132.5, 52.0, 19.0, 26.0, 9999.0, 1.5, 1.5, 19.75, 9999.0, 9999.0, 9999.0, 121.25, 124.25, 120.5, 103.75, 135.25
2023-04-06, 07:41:23, 132.25, 51.75, 19.0, 26.25, 9999.0, 1.25, 1.5, 19.5, 9999.0, 9999.0, 9999.0, 121.25, 124.25, 120.25, 104.0, 135.25
2023-04-06, 07:41:27, 132.25, 52.0, 19.0, 26.0, 9999.0, 1.25, 1.5, 19.5, 9999.0, 9999.0, 9999.0, 121.0, 124.25, 120.25, 104.0, 135.25
2023-04-06, 07:41:31, 132.25, 52.0, 19.0, 26.0, 9999.0, 1.25, 1.25, 19.5, 9999.0, 9999.0, 9999.0, 121.0, 124.25, 120.25, 103.75, 135.0
2023-04-06, 07:41:35, 132.5, 51.75, 19.0, 26.0, 9999.0, 1.25, 1.5, 19.5, 9999.0, 9999.0, 9999.0, 121.0, 124.25, 120.5, 103.75, 135.25
2023-04-06, 07:41:39, 132.5, 52.0, 19.0, 26.25, 9999.0, 1.25, 1.5, 19.5, 9999.0, 9999.0, 9999.0, 121.0, 124.25, 120.25, 104.0, 135.25
2023-04-06, 07:41:43, 132.25, 51.75, 19.0, 26.25, 9999.0, 1.25, 1.25, 19.5, 9999.0, 9999.0, 9999.0, 121.0, 124.5, 120.25, 103.75, 135.25
2023-04-06, 07:41:47, 132.5, 52.0, 19.0, 26.25, 9999.0, 1.25, 1.25, 19.5, 9999.0, 9999.0, 9999.0, 121.0, 124.5, 120.5, 104.0, 135.25
2023-04-06, 07:41:51, 132.5, 51.75, 19.0, 26.25, 9999.0, 1.25, 1.25, 19.5, 9999.0, 9999.0, 9999.0, 121.0, 124.5, 120.5, 104.0, 135.25
2023-04-06, 07:41:55, 132.5, 52.0, 19.0, 26.25, 9999.0, 1.0, 1.5, 19.5, 9999.0, 9999.0, 9999.0, 120.75, 124.5, 120.25, 104.0, 135.25
2023-04-06, 07:41:59, 132.5, 51.75, 19.0, 26.0, 9999.0, 1.0, 1.25, 19.5, 9999.0, 9999.0, 9999.0, 120.75, 124.5, 120.25, 104.0, 135.25
2023-04-06, 07:42:03, 132.25, 52.0, 19.0, 26.25, 9999.0, 1.0, 1.5, 19.5, 9999.0, 9999.0, 9999.0, 120.75, 124.5, 120.25, 103.75, 135.25
2023-04-06, 07:42:07, 132.25, 52.0, 19.0, 26.25, 9999.0, 1.0, 1.5, 19.5, 9999.0, 9999.0, 9999.0, 120.75, 124.25, 120.25, 104.0, 135.25
2023-04-06, 07:42:11, 132.25, 52.0, 19.0, 26.0, 9999.0, 1.0, 1.25, 19.5, 9999.0, 9999.0, 9999.0, 120.75, 124.5, 120.5, 104.0, 135.25
2023-04-06, 07:42:15, 132.5, 52.0, 19.0, 26.25, 9999.0, 1.25, 1.25, 19.5, 9999.0, 9999.0, 9999.0, 120.75, 124.25, 120.5, 104.0, 135.25
2023-04-06, 07:42:19, 132.25, 52.0, 19.0, 26.25, 9999.0, 1.25, 1.25, 19.5, 9999.0, 9999.0, 9999.0, 120.75, 124.25, 120.5, 104.0, 135.25
2023-04-06, 07:42:23, 132.25, 52.0, 19.0, 26.25, 9999.0, 1.25, 1.25, 19.5, 9999.0, 9999.0, 9999.0, 120.5, 124.25, 120.5, 103.75, 135.25
2023-04-06, 07:42:27, 132.25, 52.0, 19.0, 26.25, 9999.0, 1.5, 1.5, 19.75, 9999.0, 9999.0, 9999.0, 120.5, 124.25, 120.5, 103.75, 135.25
2023-04-06, 07:42:31, 132.25, 51.75, 19.0, 26.25, 9999.0, 1.5, 1.5, 19.5, 9999.0, 9999.0, 9999.0, 121.25, 124.25, 120.5, 104.0, 135.25
2023-04-06, 07:42:35, 132.5, 52.0, 19.0, 26.25, 9999.0, 1.25, 1.5, 19.5, 9999.0, 9999.0, 9999.0, 121.25, 124.25, 120.25, 103.75, 135.25
2023-04-06, 07:42:39, 132.5, 52.0, 19.0, 26.25, 9999.0, 1.25, 1.25, 19.5, 9999.0, 9999.0, 9999.0, 121.25, 124.25, 120.25, 104.0, 135.25
2023-04-06, 07:42:43, 132.25, 51.75, 19.0, 26.25, 9999.0, 1.25, 1.5, 19.5, 9999.0, 9999.0, 9999.0, 121.25, 124.25, 120.5, 104.0, 135.25
2023-04-06, 07:42:47, 132.25, 51.75, 19.0, 26.25, 9999.0, 1.25, 1.5, 19.5, 9999.0, 9999.0, 9999.0, 121.0, 124.25, 120.25, 104.0, 135.25
2023-04-06, 07:42:51, 132.25, 51.75, 19.0, 26.0, 9999.0, 1.25, 1.5, 19.5, 9999.0, 9999.0, 9999.0, 121.0, 124.25, 120.25, 104.0, 135.25
2023-04-06, 07:42:55, 132.25, 51.75, 19.0, 26.0, 9999.0, 1.25, 1.5, 19.5, 9999.0, 9999.0, 9999.0, 121.0, 124.25, 120.25, 104.0, 135.25
2023-04-06, 07:42:59, 132.25, 51.75, 19.0, 26.0, 9999.0, 1.25, 1.5, 19.5, 9999.0, 9999.0, 9999.0, 121.0, 124.25, 120.25, 104.0, 135.25
2023-04-06, 07:43:03, 132.25, 51.75, 19.0, 26.0, 9999.0, 1.25, 1.5, 19.5, 9999.0, 9999.0, 9999.0, 121.0, 124.5, 120.25, 104.0, 135.25
2023-04-06, 07:43:07, 132.25, 52.0, 19.0, 26.0, 9999.0, 1.25, 1.5, 19.5, 9999.0, 9999.0, 9999.0, 121.0, 124.5, 120.25, 104.0, 135.25
2023-04-06, 07:43:11, 132.25, 52.0, 19.0, 26.0, 9999.0, 1.0, 1.25, 19.5, 9999.0, 9999.0, 9999.0, 120.75, 124.5, 120.5, 104.0, 135.25
2023-04-06, 07:43:15, 132.25, 51.75, 19.0, 26.0, 9999.0, 1.0, 1.5, 19.5, 9999.0, 9999.0, 9999.0, 120.75, 124.5, 120.25, 104.0, 135.25
2023-04-06, 07:43:19, 132.5, 52.0, 19.0, 26.0, 9999.0, 1.0, 1.5, 19.5, 9999.0, 9999.0, 9999.0, 120.75, 124.5, 120.25, 104.0, 135.25
2023-04-06, 07:43:23, 132.5, 51.75, 19.0, 26.0, 9999.0, 1.0, 1.5, 19.5, 9999.0, 9999.0, 9999.0, 120.75, 124.5, 120.25, 104.0, 135.25
2023-04-06, 07:43:27, 132.25, 52.0, 19.0, 26.25, 9999.0, 1.0, 1.5, 19.5, 9999.0, 9999.0, 9999.0, 120.75, 124.5, 120.25, 104.0, 135.25
2023-04-06, 07:43:31, 132.25, 52.0, 19.0, 26.0, 9999.0, 1.0, 1.25, 19.5, 9999.0, 9999.0, 9999.0, 120.75, 124.5, 120.25, 103.75, 135.25
2023-04-06, 07:43:35, 132.25, 51.75, 19.0, 26.0, 9999.0, 1.25, 1.25, 19.5, 9999.0, 9999.0, 9999.0, 120.5, 124.5, 120.5, 104.0, 135.25
2023-04-06, 07:43:39, 132.25, 51.75, 19.0, 26.0, 9999.0, 1.25, 1.25, 19.5, 9999.0, 9999.0, 9999.0, 120.5, 124.25, 120.5, 104.0, 135.25
2023-04-06, 07:43:43, 132.25, 51.75, 19.0, 26.0, 9999.0, 1.25, 1.25, 19.5, 9999.0, 9999.0, 9999.0, 120.5, 124.25, 120.5, 103.75, 135.25
2023-04-06, 07:43:47, 132.25, 51.75, 19.0, 26.0, 9999.0, 1.25, 1.5, 19.5, 9999.0, 9999.0, 9999.0, 120.5, 124.25, 120.5, 103.75, 135.25
2023-04-06, 07:43:51, 132.25, 51.75, 19.0, 26.25, 9999.0, 1.25, 1.25, 19.5, 9999.0, 9999.0, 9999.0, 121.5, 124.25, 120.25, 103.75, 135.25
2023-04-06, 07:43:55, 132.25, 51.75, 19.0, 26.25, 9999.0, 1.25, 1.25, 19.5, 9999.0, 9999.0, 9999.0, 121.25, 124.25, 120.25, 103.75, 135.25
2023-04-06, 07:43:59, 132.25, 51.75, 18.75, 26.0, 9999.0, 1.25, 1.25, 19.5, 9999.0, 9999.0, 9999.0, 121.25, 124.25, 120.5, 104.0, 135.25
2023-04-06, 07:44:03, 132.25, 51.75, 19.0, 26.0, 9999.0, 1.25, 1.5, 19.5, 9999.0, 9999.0, 9999.0, 121.0, 124.25, 120.25, 103.75, 135.0
2023-04-06, 07:44:07, 132.25, 51.75, 19.0, 26.0, 9999.0, 1.25, 1.5, 19.5, 9999.0, 9999.0, 9999.0, 121.0, 124.25, 120.25, 104.0, 135.25
2023-04-06, 07:44:11, 132.25, 51.75, 19.0, 25.75, 9999.0, 1.25, 1.5, 19.5, 9999.0, 9999.0, 9999.0, 121.0, 124.25, 120.25, 103.75, 135.25
2023-04-06, 07:44:15, 132.25, 51.75, 19.0, 26.0, 9999.0, 1.25, 1.25, 19.5, 9999.0, 9999.0, 9999.0, 121.0, 124.25, 120.25, 103.75, 135.25
2023-04-06, 07:44:19, 132.25, 52.0, 19.0, 26.0, 9999.0, 1.25, 1.25, 19.5, 9999.0, 9999.0, 9999.0, 121.0, 124.5, 120.5, 103.75, 135.0
2023-04-06, 07:44:23, 132.25, 52.0, 19.0, 26.0, 9999.0, 1.0, 1.25, 19.5, 9999.0, 9999.0, 9999.0, 121.0, 124.5, 120.5, 104.0, 135.25
2023-04-06, 07:44:27, 132.25, 51.75, 19.0, 26.0, 9999.0, 1.0, 1.5, 19.5, 9999.0, 9999.0, 9999.0, 121.0, 124.5, 120.25, 104.0, 135.25
2023-04-06, 07:44:31, 132.25, 52.0, 19.0, 26.0, 9999.0, 1.0, 1.5, 19.5, 9999.0, 9999.0, 9999.0, 121.0, 124.5, 120.5, 103.75, 135.0
2023-04-06, 07:44:35, 132.25, 51.75, 18.75, 26.0, 9999.0, 1.0, 1.25, 19.5, 9999.0, 9999.0, 9999.0, 120.75, 124.5, 120.5, 104.0, 135.25
2023-04-06, 07:44:39, 132.25, 52.0, 19.0, 26.0, 9999.0, 1.0, 1.25, 19.5, 9999.0, 9999.0, 9999.0, 120.75, 124.5, 120.5, 104.0, 135.25
2023-04-06, 07:44:43, 132.25, 52.0, 19.0, 25.75, 9999.0, 1.0, 1.25, 19.5, 9999.0, 9999.0, 9999.0, 120.75, 124.5, 120.25, 104.0, 135.25
2023-04-06, 07:44:47, 132.25, 52.0, 19.0, 25.75, 9999.0, 1.0, 1.25, 19.5, 9999.0, 9999.0, 9999.0, 120.75, 124.5, 120.5, 103.75, 135.25
2023-04-06, 07:44:51, 132.25, 52.0, 19.0, 25.75, 9999.0, 1.0, 1.25, 19.5, 9999.0, 9999.0, 9999.0, 120.75, 124.5, 120.5, 103.75, 135.25
2023-04-06, 07:44:55, 132.25, 52.0, 19.0, 26.0, 9999.0, 1.25, 1.25, 19.5, 9999.0, 9999.0, 9999.0, 120.75, 124.5, 120.5, 104.0, 135.0
2023-04-06, 07:44:59, 132.25, 51.75, 19.0, 26.0, 9999.0, 1.0, 1.25, 19.5, 9999.0, 9999.0, 9999.0, 120.75, 124.5, 120.5, 104.0, 135.25
2023-04-06, 07:45:03, 132.25, 51.75, 19.0, 26.0, 9999.0, 1.25, 1.25, 19.5, 9999.0, 9999.0, 9999.0, 120.5, 124.5, 120.5, 104.0, 135.25
2023-04-06, 07:45:07, 132.25, 51.75, 18.75, 26.25, 9999.0, 1.25, 1.5, 19.5, 9999.0, 9999.0, 9999.0, 120.5, 124.5, 120.5, 104.0, 135.0
2023-04-06, 07:45:11, 132.25, 52.0, 18.75, 26.0, 9999.0, 1.5, 1.5, 19.5, 9999.0, 9999.0, 9999.0, 121.25, 124.25, 120.5, 104.0, 135.25
2023-04-06, 07:45:15, 132.25, 52.0, 18.75, 25.75, 9999.0, 1.25, 1.5, 19.5, 9999.0, 9999.0, 9999.0, 121.25, 124.5, 120.5, 104.0, 135.25
2023-04-06, 07:45:19, 132.25, 52.0, 19.0, 25.75, 9999.0, 1.25, 1.5, 19.5, 9999.0, 9999.0, 9999.0, 121.25, 124.5, 120.5, 104.0, 135.0
2023-04-06, 07:45:23, 132.25, 52.0, 19.0, 25.75, 9999.0, 1.25, 1.5, 19.5, 9999.0, 9999.0, 9999.0, 121.25, 124.5, 120.5, 104.0, 135.25
2023-04-06, 07:45:27, 132.25, 52.0, 19.0, 26.0, 9999.0, 1.25, 1.5, 19.5, 9999.0, 9999.0, 9999.0, 121.0, 124.25, 120.25, 104.0, 135.25
2023-04-06, 07:45:31, 132.25, 51.75, 19.0, 26.0, 9999.0, 1.25, 1.5, 19.5, 9999.0, 9999.0, 9999.0, 121.0, 124.25, 120.5, 104.0, 135.0
2023-04-06, 07:45:35, 132.25, 52.0, 19.0, 26.0, 9999.0, 1.25, 1.25, 19.5, 9999.0, 9999.0, 9999.0, 121.0, 124.25, 120.25, 104.0, 135.25
2023-04-06, 07:45:40, 132.25, 52.0, 18.75, 26.0, 9999.0, 1.0, 1.25, 19.5, 9999.0, 9999.0, 9999.0, 121.0, 124.5, 120.5, 104.0, 135.25
2023-04-06, 07:45:44, 132.25, 51.75, 18.75, 26.25, 9999.0, 1.0, 1.25, 19.5, 9999.0, 9999.0, 9999.0, 121.0, 124.5, 120.5, 104.0, 135.25
2023-04-06, 07:45:48, 132.25, 51.75, 19.0, 26.25, 9999.0, 1.0, 1.25, 19.5, 9999.0, 9999.0, 9999.0, 120.75, 124.5, 120.5, 104.0, 135.25
2023-04-06, 07:45:52, 132.25, 51.75, 19.0, 26.25, 9999.0, 1.0, 1.25, 19.5, 9999.0, 9999.0, 9999.0, 120.75, 124.5, 120.5, 104.0, 135.25
2023-04-06, 07:45:56, 132.25, 51.75, 19.0, 26.25, 9999.0, 1.0, 1.25, 19.5, 9999.0, 9999.0, 9999.0, 120.75, 124.5, 120.5, 104.0, 135.25
2023-04-06, 07:46:00, 132.25, 51.75, 19.0, 26.25, 9999.0, 1.0, 1.25, 19.5, 9999.0, 9999.0, 9999.0, 120.75, 124.5, 120.5, 104.0, 135.25
2023-04-06, 07:46:04, 132.25, 51.75, 19.0, 26.25, 9999.0, 1.0, 1.25, 19.5, 9999.0, 9999.0, 9999.0, 120.75, 124.5, 120.5, 104.0, 135.25
2023-04-06, 07:46:08, 132.25, 51.75, 19.0, 26.0, 9999.0, 1.0, 1.25, 19.5, 9999.0, 9999.0, 9999.0, 120.75, 124.5, 120.5, 104.0, 135.25
2023-04-06, 07:46:12, 132.25, 52.0, 19.0, 26.0, 9999.0, 1.0, 1.25, 19.5, 9999.0, 9999.0, 9999.0, 120.5, 124.5, 120.5, 104.0, 135.25
2023-04-06, 07:46:16, 132.25, 51.75, 19.0, 26.25, 9999.0, 1.25, 1.25, 19.5, 9999.0, 9999.0, 9999.0, 120.75, 124.5, 120.5, 104.0, 135.0
2023-04-06, 07:46:20, 132.25, 51.75, 19.0, 26.25, 9999.0, 1.25, 1.25, 19.5, 9999.0, 9999.0, 9999.0, 120.5, 124.5, 120.5, 104.0, 135.25
2023-04-06, 07:46:24, 132.25, 51.75, 19.0, 26.0, 9999.0, 1.25, 1.5, 19.5, 9999.0, 9999.0, 9999.0, 120.5, 124.5, 120.5, 104.0, 135.25
2023-04-06, 07:46:28, 132.25, 51.75, 19.0, 26.0, 9999.0, 1.25, 1.5, 19.5, 9999.0, 9999.0, 9999.0, 120.5, 124.5, 120.5, 104.0, 135.25
2023-04-06, 07:46:32, 132.25, 51.75, 19.0, 26.25, 9999.0, 1.25, 1.25, 19.5, 9999.0, 9999.0, 9999.0, 121.25, 124.5, 120.5, 104.0, 135.25
2023-04-06, 07:46:36, 132.25, 51.75, 18.75, 26.25, 9999.0, 1.25, 1.25, 19.5, 9999.0, 9999.0, 9999.0, 121.25, 124.5, 120.5, 104.0, 135.25
2023-04-06, 07:46:40, 132.25, 51.75, 19.0, 26.25, 9999.0, 1.25, 1.5, 19.5, 9999.0, 9999.0, 9999.0, 121.25, 124.5, 120.5, 104.0, 135.25
2023-04-06, 07:46:44, 132.25, 51.75, 19.0, 26.25, 9999.0, 1.25, 1.25, 19.5, 9999.0, 9999.0, 9999.0, 121.25, 124.5, 120.5, 104.0, 135.25
2023-04-06, 07:46:48, 132.25, 52.0, 19.0, 26.25, 9999.0, 1.25, 1.25, 19.5, 9999.0, 9999.0, 9999.0, 121.0, 124.5, 120.5, 104.0, 135.0
2023-04-06, 07:46:52, 132.25, 52.0, 19.0, 26.0, 9999.0, 1.25, 1.25, 19.5, 9999.0, 9999.0, 9999.0, 121.0, 124.5, 120.5, 104.0, 135.0
2023-04-06, 07:46:56, 132.25, 51.75, 19.0, 26.0, 9999.0, 1.0, 1.25, 19.5, 9999.0, 9999.0, 9999.0, 121.0, 124.25, 120.5, 104.0, 135.25
2023-04-06, 07:47:00, 132.25, 51.75, 19.0, 26.0, 9999.0, 1.25, 1.25, 19.5, 9999.0, 9999.0, 9999.0, 121.0, 124.5, 120.5, 104.0, 135.0
2023-04-06, 07:47:04, 132.25, 52.0, 19.0, 26.25, 9999.0, 1.25, 1.25, 19.5, 9999.0, 9999.0, 9999.0, 121.0, 124.5, 120.5, 104.0, 135.25
2023-04-06, 07:47:08, 132.25, 52.0, 19.0, 26.25, 9999.0, 1.0, 1.25, 19.5, 9999.0, 9999.0, 9999.0, 121.0, 124.5, 120.5, 104.0, 135.25
2023-04-06, 07:47:12, 132.25, 51.75, 19.0, 26.25, 9999.0, 1.0, 1.25, 19.5, 9999.0, 9999.0, 9999.0, 120.75, 124.5, 120.5, 104.0, 135.25
2023-04-06, 07:47:16, 132.25, 51.75, 19.0, 26.25, 9999.0, 1.0, 1.25, 19.5, 9999.0, 9999.0, 9999.0, 120.75, 124.5, 120.5, 104.0, 135.25
2023-04-06, 07:47:20, 132.25, 51.75, 19.0, 26.25, 9999.0, 1.0, 1.25, 19.5, 9999.0, 9999.0, 9999.0, 120.75, 124.5, 120.5, 104.0, 135.25
2023-04-06, 07:47:24, 132.25, 52.0, 19.0, 26.0, 9999.0, 1.0, 1.5, 19.5, 9999.0, 9999.0, 9999.0, 120.75, 124.5, 120.5, 104.0, 135.25
2023-04-06, 07:47:28, 132.25, 52.0, 18.75, 26.25, 9999.0, 1.0, 1.25, 19.5, 9999.0, 9999.0, 9999.0, 120.75, 124.5, 120.5, 104.0, 135.25
2023-04-06, 07:47:32, 132.25, 52.0, 18.75, 26.25, 9999.0, 1.0, 1.25, 19.5, 9999.0, 9999.0, 9999.0, 120.75, 124.5, 120.5, 104.0, 135.25
2023-04-06, 07:47:36, 132.25, 51.75, 18.75, 26.25, 9999.0, 1.25, 1.25, 19.5, 9999.0, 9999.0, 9999.0, 120.5, 124.5, 120.5, 104.0, 135.25
2023-04-06, 07:47:40, 132.25, 52.0, 19.0, 26.25, 9999.0, 1.25, 1.25, 19.5, 9999.0, 9999.0, 9999.0, 120.5, 124.5, 120.5, 104.0, 135.25
2023-04-06, 07:47:44, 132.25, 52.0, 19.0, 26.25, 9999.0, 1.25, 1.5, 19.5, 9999.0, 9999.0, 9999.0, 120.5, 124.5, 120.5, 104.0, 135.25
2023-04-06, 07:47:48, 132.25, 52.0, 18.75, 26.25, 9999.0, 1.25, 1.5, 19.5, 9999.0, 9999.0, 9999.0, 120.5, 124.5, 120.5, 104.0, 135.0
2023-04-06, 07:47:52, 132.25, 51.75, 19.0, 26.25, 9999.0, 1.5, 1.5, 19.5, 9999.0, 9999.0, 9999.0, 121.25, 124.25, 120.5, 103.75, 135.25
2023-04-06, 07:47:56, 132.25, 51.75, 19.25, 26.25, 9999.0, 1.25, 1.5, 19.5, 9999.0, 9999.0, 9999.0, 121.25, 124.5, 120.5, 104.0, 135.25
2023-04-06, 07:48:00, 132.25, 52.0, 19.0, 26.25, 9999.0, 1.25, 1.25, 19.5, 9999.0, 9999.0, 9999.0, 121.25, 124.5, 120.5, 104.0, 135.25
2023-04-06, 07:48:04, 132.25, 51.75, 19.0, 26.25, 9999.0, 1.25, 1.5, 19.5, 9999.0, 9999.0, 9999.0, 121.0, 124.5, 120.5, 104.0, 135.0
2023-04-06, 07:48:08, 132.25, 52.0, 19.0, 26.25, 9999.0, 1.25, 1.5, 19.5, 9999.0, 9999.0, 9999.0, 121.0, 124.5, 120.5, 104.0, 135.25
2023-04-06, 07:48:12, 132.25, 51.75, 19.0, 26.25, 9999.0, 1.25, 1.25, 19.5, 9999.0, 9999.0, 9999.0, 121.0, 124.5, 120.5, 104.0, 135.0
2023-04-06, 07:48:16, 132.25, 52.0, 19.0, 26.25, 9999.0, 1.0, 1.25, 19.5, 9999.0, 9999.0, 9999.0, 121.0, 124.5, 120.5, 104.0, 135.25
2023-04-06, 07:48:20, 132.25, 51.75, 19.0, 26.25, 9999.0, 1.0, 1.25, 19.5, 9999.0, 9999.0, 9999.0, 121.0, 124.75, 120.5, 104.0, 135.25
2023-04-06, 07:48:24, 132.25, 52.0, 19.0, 26.25, 9999.0, 1.0, 1.25, 19.5, 9999.0, 9999.0, 9999.0, 121.0, 124.5, 120.5, 104.0, 135.0
2023-04-06, 07:48:28, 132.25, 52.0, 19.0, 26.0, 9999.0, 1.0, 1.5, 19.5, 9999.0, 9999.0, 9999.0, 121.0, 124.5, 120.5, 104.0, 135.25
2023-04-06, 07:48:32, 132.25, 51.75, 19.0, 26.0, 9999.0, 1.0, 1.5, 19.5, 9999.0, 9999.0, 9999.0, 120.75, 124.5, 120.5, 104.0, 135.25
2023-04-06, 07:48:36, 132.25, 52.0, 19.0, 26.0, 9999.0, 1.0, 1.25, 19.5, 9999.0, 9999.0, 9999.0, 121.0, 124.5, 120.5, 104.0, 135.25
2023-04-06, 07:48:40, 132.5, 51.75, 19.0, 26.0, 9999.0, 1.0, 1.5, 19.5, 9999.0, 9999.0, 9999.0, 120.75, 124.5, 120.5, 104.0, 135.25
2023-04-06, 07:48:44, 132.25, 52.0, 19.0, 26.0, 9999.0, 1.0, 1.25, 19.5, 9999.0, 9999.0, 9999.0, 120.75, 124.5, 120.5, 104.0, 135.25
2023-04-06, 07:48:48, 132.25, 52.0, 19.0, 25.75, 9999.0, 1.0, 1.25, 19.5, 9999.0, 9999.0, 9999.0, 120.75, 124.5, 120.5, 104.0, 135.25
2023-04-06, 07:48:52, 132.25, 52.0, 19.0, 26.0, 9999.0, 1.0, 1.25, 19.5, 9999.0, 9999.0, 9999.0, 120.75, 124.5, 120.5, 104.0, 135.25
2023-04-06, 07:48:56, 132.25, 52.0, 19.0, 26.0, 9999.0, 1.25, 1.25, 19.5, 9999.0, 9999.0, 9999.0, 120.75, 124.5, 120.5, 104.0, 135.25
2023-04-06, 07:49:00, 132.25, 52.0, 19.0, 26.0, 9999.0, 1.25, 1.25, 19.5, 9999.0, 9999.0, 9999.0, 120.75, 124.5, 120.5, 104.0, 135.25
2023-04-06, 07:49:04, 132.25, 51.75, 19.0, 26.0, 9999.0, 1.25, 1.25, 19.5, 9999.0, 9999.0, 9999.0, 120.5, 124.5, 120.5, 104.0, 135.25
2023-04-06, 07:49:08, 132.25, 52.0, 19.0, 26.0, 9999.0, 1.25, 1.5, 19.5, 9999.0, 9999.0, 9999.0, 120.5, 124.5, 120.5, 104.0, 135.25
2023-04-06, 07:49:12, 132.25, 52.0, 19.0, 26.0, 9999.0, 1.25, 1.25, 19.5, 9999.0, 9999.0, 9999.0, 121.25, 124.5, 120.5, 104.0, 135.25
2023-04-06, 07:49:16, 132.25, 52.0, 19.0, 25.75, 9999.0, 1.25, 1.25, 19.5, 9999.0, 9999.0, 9999.0, 121.25, 124.5, 120.5, 104.0, 135.25
2023-04-06, 07:49:20, 132.25, 52.0, 19.0, 26.0, 9999.0, 1.25, 1.25, 19.5, 9999.0, 9999.0, 9999.0, 121.25, 124.5, 120.5, 104.0, 135.25
2023-04-06, 07:49:24, 132.5, 51.75, 19.0, 25.75, 9999.0, 1.25, 1.5, 19.5, 9999.0, 9999.0, 9999.0, 121.25, 124.5, 120.5, 104.0, 135.25
2023-04-06, 07:49:28, 132.25, 52.0, 19.0, 26.25, 9999.0, 1.25, 1.5, 19.5, 9999.0, 9999.0, 9999.0, 121.0, 124.5, 120.5, 104.0, 135.25
2023-04-06, 07:49:32, 132.5, 52.0, 19.0, 26.0, 9999.0, 1.25, 1.5, 19.5, 9999.0, 9999.0, 9999.0, 121.0, 124.25, 120.5, 104.0, 135.25
2023-04-06, 07:49:36, 132.25, 52.0, 19.0, 26.25, 9999.0, 1.25, 1.25, 19.5, 9999.0, 9999.0, 9999.0, 121.0, 124.5, 120.5, 104.0, 135.25
2023-04-06, 07:49:40, 132.25, 52.0, 19.0, 26.25, 9999.0, 1.25, 1.25, 19.5, 9999.0, 9999.0, 9999.0, 121.0, 124.5, 120.5, 104.0, 135.25
2023-04-06, 07:49:44, 132.25, 51.75, 19.0, 26.25, 9999.0, 1.0, 1.25, 19.5, 9999.0, 9999.0, 9999.0, 121.0, 124.5, 120.5, 104.0, 135.25
2023-04-06, 07:49:48, 132.25, 52.0, 19.0, 26.25, 9999.0, 1.0, 1.25, 19.5, 9999.0, 9999.0, 9999.0, 121.0, 124.5, 120.5, 104.0, 135.25
2023-04-06, 07:49:52, 132.25, 52.0, 19.0, 26.0, 9999.0, 1.0, 1.5, 19.5, 9999.0, 9999.0, 9999.0, 121.0, 124.5, 120.5, 104.0, 135.25
2023-04-06, 07:49:56, 132.25, 52.0, 19.0, 26.0, 9999.0, 1.0, 1.5, 19.5, 9999.0, 9999.0, 9999.0, 121.0, 124.5, 120.5, 104.0, 135.25
2023-04-06, 07:50:00, 132.5, 52.0, 19.0, 25.75, 9999.0, 1.0, 1.25, 19.5, 9999.0, 9999.0, 9999.0, 120.75, 124.5, 120.5, 104.0, 135.25
2023-04-06, 07:50:05, 132.25, 52.0, 19.0, 25.75, 9999.0, 1.0, 1.25, 19.5, 9999.0, 9999.0, 9999.0, 120.75, 124.5, 120.5, 104.0, 135.25
2023-04-06, 07:50:09, 132.25, 52.0, 19.0, 25.75, 9999.0, 1.0, 1.25, 19.5, 9999.0, 9999.0, 9999.0, 120.75, 124.25, 120.5, 104.0, 135.25
2023-04-06, 07:50:13, 132.25, 52.0, 19.0, 25.75, 9999.0, 1.0, 1.5, 19.5, 9999.0, 9999.0, 9999.0, 120.75, 124.5, 120.5, 104.0, 135.25
2023-04-06, 07:50:17, 132.25, 52.0, 19.0, 26.0, 9999.0, 1.25, 1.25, 19.5, 9999.0, 9999.0, 9999.0, 120.75, 124.5, 120.5, 104.0, 135.25
2023-04-06, 07:50:21, 132.25, 52.0, 19.0, 26.25, 9999.0, 1.25, 1.25, 19.5, 9999.0, 9999.0, 9999.0, 120.75, 124.5, 120.5, 104.0, 135.25
2023-04-06, 07:50:25, 132.25, 52.0, 19.0, 26.0, 9999.0, 1.25, 1.5, 19.5, 9999.0, 9999.0, 9999.0, 120.75, 124.5, 120.5, 104.0, 135.25
2023-04-06, 07:50:29, 132.25, 52.0, 19.0, 26.0, 9999.0, 1.5, 1.5, 19.5, 9999.0, 9999.0, 9999.0, 120.5, 124.5, 120.5, 104.0, 135.25
2023-04-06, 07:50:33, 132.5, 52.0, 19.25, 26.25, 9999.0, 1.5, 1.5, 19.5, 9999.0, 9999.0, 9999.0, 121.5, 124.5, 120.5, 104.0, 135.25
2023-04-06, 07:50:37, 132.25, 52.0, 19.25, 26.25, 9999.0, 1.25, 1.25, 19.5, 9999.0, 9999.0, 9999.0, 121.25, 124.5, 120.5, 104.0, 135.25
2023-04-06, 07:50:41, 132.25, 52.0, 19.25, 26.25, 9999.0, 1.25, 1.5, 19.5, 9999.0, 9999.0, 9999.0, 121.25, 124.5, 120.5, 104.25, 135.25
2023-04-06, 07:50:45, 132.25, 52.0, 19.0, 26.25, 9999.0, 1.25, 1.5, 19.5, 9999.0, 9999.0, 9999.0, 121.25, 124.25, 120.5, 104.0, 135.25
2023-04-06, 07:50:49, 132.25, 52.0, 19.0, 26.0, 9999.0, 1.25, 1.5, 19.5, 9999.0, 9999.0, 9999.0, 121.25, 124.25, 120.5, 104.0, 135.25
2023-04-06, 07:50:53, 132.5, 52.0, 19.0, 26.0, 9999.0, 1.25, 1.5, 19.5, 9999.0, 9999.0, 9999.0, 121.0, 124.5, 120.5, 104.0, 135.25
2023-04-06, 07:50:57, 132.5, 52.0, 19.0, 26.25, 9999.0, 1.25, 1.5, 19.5, 9999.0, 9999.0, 9999.0, 121.0, 124.25, 120.5, 104.0, 135.25
2023-04-06, 07:51:01, 132.25, 52.0, 19.0, 26.25, 9999.0, 1.25, 1.5, 19.5, 9999.0, 9999.0, 9999.0, 121.0, 124.25, 120.5, 104.25, 135.25
2023-04-06, 07:51:05, 132.25, 52.0, 19.0, 26.25, 9999.0, 1.25, 1.5, 19.5, 9999.0, 9999.0, 9999.0, 121.0, 124.5, 120.5, 104.0, 135.25
2023-04-06, 07:51:09, 132.5, 52.0, 19.0, 26.25, 9999.0, 1.0, 1.5, 19.5, 9999.0, 9999.0, 9999.0, 121.0, 124.5, 120.5, 104.25, 135.25
2023-04-06, 07:51:13, 132.25, 52.0, 19.25, 26.25, 9999.0, 1.0, 1.5, 19.5, 9999.0, 9999.0, 9999.0, 121.0, 124.5, 120.5, 104.25, 135.25
2023-04-06, 07:51:17, 132.5, 52.0, 19.0, 26.25, 9999.0, 1.0, 1.5, 19.5, 9999.0, 9999.0, 9999.0, 121.0, 124.5, 120.5, 104.25, 135.25
2023-04-06, 07:51:21, 132.25, 52.0, 19.0, 26.25, 9999.0, 1.0, 1.5, 19.5, 9999.0, 9999.0, 9999.0, 121.0, 124.5, 120.5, 104.25, 135.25
2023-04-06, 07:51:25, 132.5, 52.0, 19.0, 26.0, 9999.0, 1.0, 1.5, 19.75, 9999.0, 9999.0, 9999.0, 120.75, 124.5, 120.5, 104.25, 135.25
2023-04-06, 07:51:29, 132.5, 52.0, 19.25, 26.0, 9999.0, 1.0, 1.5, 19.5, 9999.0, 9999.0, 9999.0, 121.0, 124.5, 120.5, 104.0, 135.25
2023-04-06, 07:51:33, 132.5, 52.0, 19.0, 26.0, 9999.0, 1.0, 1.5, 19.5, 9999.0, 9999.0, 9999.0, 120.75, 124.5, 120.5, 104.0, 135.25
2023-04-06, 07:51:37, 132.5, 52.0, 19.0, 26.0, 9999.0, 1.25, 1.5, 19.75, 9999.0, 9999.0, 9999.0, 120.75, 124.5, 120.5, 104.0, 135.25
2023-04-06, 07:51:41, 132.5, 52.0, 19.25, 26.0, 9999.0, 1.25, 1.25, 19.5, 9999.0, 9999.0, 9999.0, 120.75, 124.5, 120.5, 104.25, 135.25
2023-04-06, 07:51:45, 132.5, 52.0, 19.0, 26.0, 9999.0, 1.25, 1.5, 19.5, 9999.0, 9999.0, 9999.0, 120.75, 124.5, 120.5, 104.25, 135.25
2023-04-06, 07:51:49, 132.5, 52.0, 19.0, 26.0, 9999.0, 1.5, 1.5, 19.75, 9999.0, 9999.0, 9999.0, 120.75, 124.5, 120.5, 104.25, 135.25
2023-04-06, 07:51:53, 132.5, 52.0, 19.0, 26.0, 9999.0, 1.5, 1.5, 19.75, 9999.0, 9999.0, 9999.0, 120.5, 124.5, 120.5, 104.0, 135.25
2023-04-06, 07:51:57, 132.5, 52.0, 19.25, 26.0, 9999.0, 1.5, 1.5, 19.75, 9999.0, 9999.0, 9999.0, 121.25, 124.5, 120.5, 104.0, 135.25
2023-04-06, 07:52:01, 132.5, 52.0, 19.0, 25.75, 9999.0, 1.5, 1.5, 19.5, 9999.0, 9999.0, 9999.0, 121.25, 124.5, 120.5, 104.0, 135.25
2023-04-06, 07:52:05, 132.5, 52.0, 19.25, 26.0, 9999.0, 1.25, 1.5, 19.75, 9999.0, 9999.0, 9999.0, 121.25, 124.5, 120.5, 104.25, 135.25
2023-04-06, 07:52:09, 132.5, 52.0, 19.0, 26.0, 9999.0, 1.25, 1.5, 19.5, 9999.0, 9999.0, 9999.0, 121.25, 124.5, 120.5, 104.0, 135.25
2023-04-06, 07:52:13, 132.5, 52.0, 19.25, 26.0, 9999.0, 1.25, 1.5, 19.75, 9999.0, 9999.0, 9999.0, 121.25, 124.5, 120.5, 104.25, 135.25
2023-04-06, 07:52:17, 132.5, 52.0, 19.25, 26.0, 9999.0, 1.25, 1.5, 19.5, 9999.0, 9999.0, 9999.0, 121.0, 124.5, 120.5, 104.0, 135.25
2023-04-06, 07:52:21, 132.5, 52.0, 19.0, 25.75, 9999.0, 1.25, 1.5, 19.5, 9999.0, 9999.0, 9999.0, 121.0, 124.25, 120.5, 104.0, 135.25
2023-04-06, 07:52:25, 132.5, 52.0, 19.25, 25.75, 9999.0, 1.25, 1.5, 19.75, 9999.0, 9999.0, 9999.0, 121.0, 124.5, 120.5, 104.0, 135.25
2023-04-06, 07:52:29, 132.5, 52.0, 19.25, 26.0, 9999.0, 1.25, 1.5, 19.75, 9999.0, 9999.0, 9999.0, 121.0, 124.5, 120.5, 104.0, 135.25
2023-04-06, 07:52:33, 132.5, 52.0, 19.25, 26.25, 9999.0, 1.25, 1.5, 19.75, 9999.0, 9999.0, 9999.0, 121.0, 124.5, 120.5, 104.25, 135.25
2023-04-06, 07:52:37, 132.5, 52.0, 19.25, 26.25, 9999.0, 1.0, 1.5, 19.5, 9999.0, 9999.0, 9999.0, 121.0, 124.5, 120.5, 104.0, 135.25
2023-04-06, 07:52:41, 132.5, 52.0, 19.0, 26.0, 9999.0, 1.25, 1.5, 19.5, 9999.0, 9999.0, 9999.0, 121.0, 124.5, 120.5, 104.0, 135.25
2023-04-06, 07:52:45, 132.5, 52.0, 19.25, 26.0, 9999.0, 1.0, 1.5, 19.5, 9999.0, 9999.0, 9999.0, 121.0, 124.5, 120.5, 104.0, 135.25
2023-04-06, 07:52:49, 132.5, 52.0, 19.25, 26.25, 9999.0, 1.0, 1.5, 19.75, 9999.0, 9999.0, 9999.0, 120.75, 124.5, 120.5, 104.0, 135.25
2023-04-06, 07:52:53, 132.5, 52.0, 19.25, 26.0, 9999.0, 1.0, 1.5, 19.75, 9999.0, 9999.0, 9999.0, 120.75, 124.5, 120.5, 104.0, 135.25
2023-04-06, 07:52:57, 132.5, 52.0, 19.0, 26.0, 9999.0, 1.0, 1.5, 19.5, 9999.0, 9999.0, 9999.0, 120.75, 124.5, 120.5, 104.0, 135.25
2023-04-06, 07:53:01, 132.5, 52.0, 19.0, 26.0, 9999.0, 1.25, 1.5, 19.75, 9999.0, 9999.0, 9999.0, 120.75, 124.5, 120.5, 104.0, 135.25
2023-04-06, 07:53:05, 132.5, 52.0, 19.0, 26.0, 9999.0, 1.25, 1.5, 19.75, 9999.0, 9999.0, 9999.0, 120.75, 124.5, 120.5, 104.0, 135.25
2023-04-06, 07:53:09, 132.5, 52.0, 19.25, 26.0, 9999.0, 1.25, 1.5, 19.75, 9999.0, 9999.0, 9999.0, 120.75, 124.5, 120.5, 104.0, 135.25
2023-04-06, 07:53:13, 132.5, 52.0, 19.0, 26.0, 9999.0, 1.5, 1.5, 19.75, 9999.0, 9999.0, 9999.0, 120.75, 124.5, 120.5, 104.0, 135.25
2023-04-06, 07:53:17, 132.5, 52.0, 19.25, 26.0, 9999.0, 1.5, 1.5, 19.75, 9999.0, 9999.0, 9999.0, 121.5, 124.5, 120.5, 104.0, 135.25
2023-04-06, 07:53:21, 132.5, 52.0, 19.25, 26.0, 9999.0, 1.5, 1.5, 19.75, 9999.0, 9999.0, 9999.0, 121.5, 124.25, 120.5, 104.0, 135.25
2023-04-06, 07:53:25, 132.5, 52.0, 19.25, 26.0, 9999.0, 1.25, 1.5, 19.75, 9999.0, 9999.0, 9999.0, 121.25, 124.5, 120.5, 104.0, 135.25
2023-04-06, 07:53:29, 132.5, 52.0, 19.25, 26.0, 9999.0, 1.25, 1.5, 19.75, 9999.0, 9999.0, 9999.0, 121.25, 124.25, 120.5, 104.0, 135.25
2023-04-06, 07:53:33, 132.5, 52.0, 19.25, 26.0, 9999.0, 1.25, 1.5, 19.75, 9999.0, 9999.0, 9999.0, 121.25, 124.25, 120.5, 104.0, 135.25
2023-04-06, 07:53:37, 132.5, 52.0, 19.25, 26.0, 9999.0, 1.25, 1.5, 19.75, 9999.0, 9999.0, 9999.0, 121.25, 124.25, 120.5, 104.0, 135.25
2023-04-06, 07:53:41, 132.5, 52.0, 19.25, 26.0, 9999.0, 1.25, 1.5, 19.75, 9999.0, 9999.0, 9999.0, 121.25, 124.25, 120.5, 104.0, 135.25
2023-04-06, 07:53:45, 132.5, 52.0, 19.25, 26.0, 9999.0, 1.25, 1.5, 19.75, 9999.0, 9999.0, 9999.0, 121.0, 124.25, 120.5, 104.0, 135.25
2023-04-06, 07:53:49, 132.5, 52.0, 19.25, 26.0, 9999.0, 1.25, 1.5, 19.75, 9999.0, 9999.0, 9999.0, 121.0, 124.5, 120.5, 104.0, 135.25
2023-04-06, 07:53:53, 132.5, 52.25, 19.25, 26.25, 9999.0, 1.25, 1.5, 19.75, 9999.0, 9999.0, 9999.0, 121.0, 124.5, 120.5, 104.0, 135.25
2023-04-06, 07:53:57, 132.5, 52.25, 19.25, 26.0, 9999.0, 1.25, 1.5, 19.75, 9999.0, 9999.0, 9999.0, 121.0, 124.5, 120.5, 104.0, 135.25
2023-04-06, 07:54:01, 132.5, 52.0, 19.25, 26.0, 9999.0, 1.25, 1.5, 19.75, 9999.0, 9999.0, 9999.0, 121.0, 124.5, 120.5, 104.0, 135.25
2023-04-06, 07:54:05, 132.5, 52.0, 19.25, 26.0, 9999.0, 1.25, 1.5, 19.75, 9999.0, 9999.0, 9999.0, 121.0, 124.5, 120.5, 104.0, 135.25
2023-04-06, 07:54:09, 132.5, 52.0, 19.25, 26.25, 9999.0, 1.25, 1.5, 19.75, 9999.0, 9999.0, 9999.0, 121.0, 124.5, 120.5, 104.0, 135.25
2023-04-06, 07:54:13, 132.5, 52.0, 19.25, 26.25, 9999.0, 1.25, 1.5, 19.75, 9999.0, 9999.0, 9999.0, 121.0, 124.5, 120.5, 104.0, 135.25
2023-04-06, 07:54:17, 132.5, 52.25, 19.25, 26.0, 9999.0, 1.0, 1.5, 19.75, 9999.0, 9999.0, 9999.0, 121.0, 124.5, 120.5, 104.0, 135.25
2023-04-06, 07:54:21, 132.5, 52.0, 19.25, 26.0, 9999.0, 1.25, 1.5, 19.75, 9999.0, 9999.0, 9999.0, 120.75, 124.5, 120.5, 104.0, 135.25
2023-04-06, 07:54:25, 132.5, 52.0, 19.25, 26.25, 9999.0, 1.25, 1.5, 19.75, 9999.0, 9999.0, 9999.0, 120.75, 124.5, 120.5, 104.0, 135.25
2023-04-06, 07:54:29, 132.5, 52.0, 19.0, 26.25, 9999.0, 1.25, 1.5, 19.75, 9999.0, 9999.0, 9999.0, 120.75, 124.25, 120.5, 104.0, 135.25
2023-04-06, 07:54:34, 132.5, 52.0, 19.0, 26.0, 9999.0, 1.5, 1.5, 19.75, 9999.0, 9999.0, 9999.0, 120.75, 124.25, 120.5, 104.0, 135.25
2023-04-06, 07:54:38, 132.5, 52.0, 19.25, 25.75, 9999.0, 1.5, 1.5, 19.75, 9999.0, 9999.0, 9999.0, 120.75, 124.25, 120.5, 104.0, 135.25
2023-04-06, 07:54:42, 132.5, 52.0, 19.0, 26.0, 9999.0, 1.5, 1.5, 19.75, 9999.0, 9999.0, 9999.0, 121.5, 124.5, 120.5, 104.0, 135.25
2023-04-06, 07:54:46, 132.5, 52.0, 19.25, 26.0, 9999.0, 1.5, 1.5, 19.75, 9999.0, 9999.0, 9999.0, 121.25, 124.25, 120.5, 104.0, 135.25
2023-04-06, 07:54:50, 132.5, 52.0, 19.25, 26.25, 9999.0, 1.25, 1.5, 19.75, 9999.0, 9999.0, 9999.0, 121.25, 124.25, 120.5, 104.0, 135.25
2023-04-06, 07:54:54, 132.5, 52.0, 19.25, 26.25, 9999.0, 1.25, 1.5, 19.75, 9999.0, 9999.0, 9999.0, 121.25, 124.25, 120.5, 104.0, 135.25
2023-04-06, 07:54:58, 132.5, 52.0, 19.25, 26.25, 9999.0, 1.25, 1.5, 19.75, 9999.0, 9999.0, 9999.0, 121.25, 124.25, 120.5, 104.0, 135.25
2023-04-06, 07:55:02, 132.5, 52.0, 19.25, 26.0, 9999.0, 1.25, 1.5, 19.75, 9999.0, 9999.0, 9999.0, 121.25, 124.25, 120.5, 104.0, 135.25
2023-04-06, 07:55:06, 132.5, 52.0, 19.25, 26.0, 9999.0, 1.25, 1.5, 19.75, 9999.0, 9999.0, 9999.0, 121.0, 124.25, 120.5, 104.0, 135.25
2023-04-06, 07:55:10, 132.5, 52.0, 19.25, 26.0, 9999.0, 1.25, 1.5, 19.75, 9999.0, 9999.0, 9999.0, 121.0, 124.5, 120.5, 104.0, 135.25
2023-04-06, 07:55:14, 132.5, 52.0, 19.0, 26.0, 9999.0, 1.25, 1.5, 19.75, 9999.0, 9999.0, 9999.0, 121.25, 124.5, 120.5, 104.0, 135.25
2023-04-06, 07:55:18, 132.5, 52.0, 19.0, 26.25, 9999.0, 1.25, 1.5, 19.75, 9999.0, 9999.0, 9999.0, 121.0, 124.5, 120.5, 104.0, 135.25
2023-04-06, 07:55:22, 132.5, 52.0, 19.0, 26.25, 9999.0, 1.25, 1.5, 19.75, 9999.0, 9999.0, 9999.0, 121.0, 124.5, 120.25, 104.0, 135.25
2023-04-06, 07:55:26, 132.5, 52.0, 19.25, 26.25, 9999.0, 1.25, 1.5, 19.75, 9999.0, 9999.0, 9999.0, 121.0, 124.5, 120.5, 104.0, 135.25
2023-04-06, 07:55:30, 132.5, 52.25, 19.25, 26.25, 9999.0, 1.25, 1.5, 19.75, 9999.0, 9999.0, 9999.0, 121.0, 124.5, 120.5, 104.0, 135.25
2023-04-06, 07:55:34, 132.5, 52.0, 19.25, 26.0, 9999.0, 1.25, 1.5, 19.75, 9999.0, 9999.0, 9999.0, 120.75, 124.5, 120.25, 104.0, 135.25
2023-04-06, 07:55:38, 132.5, 52.0, 19.25, 25.75, 9999.0, 1.0, 1.5, 19.75, 9999.0, 9999.0, 9999.0, 120.75, 124.5, 120.25, 104.0, 135.25
2023-04-06, 07:55:42, 132.5, 52.25, 19.0, 25.75, 9999.0, 1.0, 1.5, 19.75, 9999.0, 9999.0, 9999.0, 120.75, 124.5, 120.5, 104.0, 135.25
2023-04-06, 07:55:46, 132.5, 52.0, 19.0, 26.0, 9999.0, 1.25, 1.5, 19.75, 9999.0, 9999.0, 9999.0, 120.75, 124.5, 120.5, 104.0, 135.25
2023-04-06, 07:55:50, 132.5, 52.0, 19.25, 26.0, 9999.0, 1.25, 1.5, 19.75, 9999.0, 9999.0, 9999.0, 120.75, 124.5, 120.5, 104.0, 135.25
2023-04-06, 07:55:54, 132.5, 52.0, 19.25, 26.0, 9999.0, 1.5, 1.5, 19.75, 9999.0, 9999.0, 9999.0, 120.75, 124.5, 120.5, 104.0, 135.25
2023-04-06, 07:55:58, 132.5, 52.0, 19.25, 26.25, 9999.0, 1.5, 1.5, 19.75, 9999.0, 9999.0, 9999.0, 120.75, 124.5, 120.5, 104.0, 135.25
2023-04-06, 07:56:02, 132.75, 52.25, 19.25, 26.25, 9999.0, 1.5, 1.5, 19.75, 9999.0, 9999.0, 9999.0, 121.5, 124.25, 120.5, 104.0, 135.25
2023-04-06, 07:56:06, 132.5, 52.0, 19.25, 26.25, 9999.0, 1.5, 1.5, 19.75, 9999.0, 9999.0, 9999.0, 121.5, 124.5, 120.5, 104.0, 135.25
2023-04-06, 07:56:10, 132.5, 52.0, 19.25, 26.25, 9999.0, 1.5, 1.5, 19.75, 9999.0, 9999.0, 9999.0, 121.25, 124.25, 120.5, 104.0, 135.25
2023-04-06, 07:56:14, 132.5, 52.25, 19.25, 26.25, 9999.0, 1.5, 1.5, 19.5, 9999.0, 9999.0, 9999.0, 121.25, 124.25, 120.5, 104.0, 135.25
2023-04-06, 07:56:18, 132.5, 52.0, 19.25, 26.0, 9999.0, 1.25, 1.5, 19.75, 9999.0, 9999.0, 9999.0, 121.25, 124.25, 120.5, 104.0, 135.25
2023-04-06, 07:56:22, 132.5, 52.0, 19.25, 26.0, 9999.0, 1.25, 1.5, 19.75, 9999.0, 9999.0, 9999.0, 121.25, 124.25, 120.25, 104.0, 135.25
2023-04-06, 07:56:26, 132.5, 52.0, 19.0, 26.0, 9999.0, 1.25, 1.5, 19.75, 9999.0, 9999.0, 9999.0, 121.0, 124.25, 120.5, 104.0, 135.25
2023-04-06, 07:56:30, 132.5, 52.0, 19.0, 26.0, 9999.0, 1.25, 1.5, 19.75, 9999.0, 9999.0, 9999.0, 121.0, 124.25, 120.5, 104.0, 135.25
2023-04-06, 07:56:34, 132.5, 52.0, 19.0, 26.0, 9999.0, 1.25, 1.5, 19.75, 9999.0, 9999.0, 9999.0, 121.25, 124.5, 120.5, 104.0, 135.25
2023-04-06, 07:56:38, 132.5, 52.25, 19.25, 26.0, 9999.0, 1.25, 1.5, 19.75, 9999.0, 9999.0, 9999.0, 121.0, 124.5, 120.5, 103.75, 135.25
2023-04-06, 07:56:42, 132.5, 52.0, 19.0, 26.0, 9999.0, 1.25, 1.5, 19.75, 9999.0, 9999.0, 9999.0, 121.0, 124.5, 120.5, 104.0, 135.25
2023-04-06, 07:56:46, 132.5, 52.25, 19.25, 25.75, 9999.0, 1.25, 1.5, 19.75, 9999.0, 9999.0, 9999.0, 121.0, 124.5, 120.5, 104.0, 135.25
2023-04-06, 07:56:50, 132.5, 52.0, 19.25, 25.75, 9999.0, 1.25, 1.5, 19.75, 9999.0, 9999.0, 9999.0, 121.0, 124.5, 120.5, 103.75, 135.25
2023-04-06, 07:56:54, 132.75, 52.0, 19.0, 25.75, 9999.0, 1.0, 1.5, 19.75, 9999.0, 9999.0, 9999.0, 121.0, 124.5, 120.25, 104.0, 135.25
2023-04-06, 07:56:58, 132.5, 52.25, 19.0, 25.75, 9999.0, 1.25, 1.5, 19.75, 9999.0, 9999.0, 9999.0, 121.0, 124.5, 120.5, 103.75, 135.25
2023-04-06, 07:57:02, 132.5, 52.25, 19.25, 26.0, 9999.0, 1.0, 1.5, 19.75, 9999.0, 9999.0, 9999.0, 120.75, 124.5, 120.5, 103.75, 135.25
2023-04-06, 07:57:06, 132.5, 52.0, 19.25, 26.25, 9999.0, 1.25, 1.5, 19.75, 9999.0, 9999.0, 9999.0, 120.75, 124.5, 120.5, 104.0, 135.25
2023-04-06, 07:57:10, 132.5, 52.0, 19.25, 26.0, 9999.0, 1.25, 1.5, 19.75, 9999.0, 9999.0, 9999.0, 120.75, 124.5, 120.25, 104.0, 135.25
2023-04-06, 07:57:14, 132.5, 52.25, 19.0, 26.0, 9999.0, 1.25, 1.5, 19.75, 9999.0, 9999.0, 9999.0, 120.75, 124.5, 120.25, 104.0, 135.25
2023-04-06, 07:57:18, 132.5, 52.0, 19.0, 26.0, 9999.0, 1.5, 1.5, 19.75, 9999.0, 9999.0, 9999.0, 120.75, 124.25, 120.5, 104.0, 135.25
2023-04-06, 07:57:22, 132.75, 52.0, 19.0, 26.0, 9999.0, 1.5, 1.5, 19.75, 9999.0, 9999.0, 9999.0, 121.5, 124.25, 120.25, 104.0, 135.25
2023-04-06, 07:57:26, 132.5, 52.0, 19.25, 26.0, 9999.0, 1.5, 1.5, 19.75, 9999.0, 9999.0, 9999.0, 121.5, 124.25, 120.25, 104.0, 135.25
2023-04-06, 07:57:30, 132.5, 52.0, 19.0, 26.0, 9999.0, 1.5, 1.5, 19.75, 9999.0, 9999.0, 9999.0, 121.25, 124.25, 120.5, 103.75, 135.25
2023-04-06, 07:57:34, 132.5, 52.0, 19.0, 26.0, 9999.0, 1.25, 1.5, 19.75, 9999.0, 9999.0, 9999.0, 121.25, 124.25, 120.25, 104.0, 135.25
2023-04-06, 07:57:38, 132.5, 52.0, 19.0, 26.0, 9999.0, 1.25, 1.5, 19.75, 9999.0, 9999.0, 9999.0, 121.25, 124.5, 120.25, 104.0, 135.25
2023-04-06, 07:57:42, 132.5, 52.0, 19.0, 26.0, 9999.0, 1.25, 1.5, 19.75, 9999.0, 9999.0, 9999.0, 121.25, 124.25, 120.25, 104.0, 135.25
2023-04-06, 07:57:46, 132.5, 52.0, 19.0, 26.0, 9999.0, 1.25, 1.5, 19.75, 9999.0, 9999.0, 9999.0, 121.0, 124.25, 120.25, 104.0, 135.25
2023-04-06, 07:57:50, 132.5, 52.0, 19.25, 26.25, 9999.0, 1.25, 1.5, 19.75, 9999.0, 9999.0, 9999.0, 121.0, 124.25, 120.25, 104.0, 135.25
2023-04-06, 07:57:54, 132.5, 52.0, 19.0, 26.25, 9999.0, 1.25, 1.5, 19.75, 9999.0, 9999.0, 9999.0, 121.0, 124.5, 120.25, 104.0, 135.25
2023-04-06, 07:57:58, 132.5, 52.0, 19.0, 26.25, 9999.0, 1.25, 1.5, 19.75, 9999.0, 9999.0, 9999.0, 121.0, 124.5, 120.25, 104.0, 135.25
2023-04-06, 07:58:02, 132.5, 52.0, 19.25, 26.25, 9999.0, 1.25, 1.5, 19.75, 9999.0, 9999.0, 9999.0, 121.0, 124.5, 120.25, 104.0, 135.25
2023-04-06, 07:58:06, 132.75, 52.25, 19.25, 26.0, 9999.0, 1.25, 1.5, 19.75, 9999.0, 9999.0, 9999.0, 121.0, 124.5, 120.25, 104.0, 135.25
2023-04-06, 07:58:10, 132.5, 52.0, 19.25, 26.0, 9999.0, 1.25, 1.5, 19.75, 9999.0, 9999.0, 9999.0, 121.0, 124.5, 120.5, 104.0, 135.25
2023-04-06, 07:58:14, 132.5, 52.25, 19.0, 26.0, 9999.0, 1.25, 1.5, 19.75, 9999.0, 9999.0, 9999.0, 121.0, 124.5, 120.25, 103.75, 135.25
2023-04-06, 07:58:18, 132.75, 52.0, 19.25, 26.0, 9999.0, 1.25, 1.5, 19.75, 9999.0, 9999.0, 9999.0, 121.0, 124.5, 120.25, 103.75, 135.25
2023-04-06, 07:58:22, 132.5, 52.0, 19.25, 26.0, 9999.0, 1.25, 1.5, 19.75, 9999.0, 9999.0, 9999.0, 121.0, 124.5, 120.5, 104.0, 135.25
2023-04-06, 07:58:26, 132.75, 52.0, 19.25, 26.0, 9999.0, 1.5, 1.5, 19.75, 9999.0, 9999.0, 9999.0, 120.75, 124.5, 120.5, 104.0, 135.25
2023-04-06, 07:58:30, 132.5, 52.0, 19.0, 26.0, 9999.0, 1.25, 1.5, 19.75, 9999.0, 9999.0, 9999.0, 120.75, 124.25, 120.5, 104.0, 135.25
2023-04-06, 07:58:34, 132.5, 52.0, 19.25, 26.25, 9999.0, 1.25, 1.5, 19.75, 9999.0, 9999.0, 9999.0, 120.75, 124.25, 120.5, 103.75, 135.25
2023-04-06, 07:58:38, 132.5, 52.0, 19.25, 26.0, 9999.0, 1.5, 1.5, 19.75, 9999.0, 9999.0, 9999.0, 120.75, 124.25, 120.25, 103.75, 135.25
2023-04-06, 07:58:42, 132.5, 52.0, 19.25, 26.25, 9999.0, 1.5, 1.5, 19.75, 9999.0, 9999.0, 9999.0, 120.75, 124.25, 120.5, 103.75, 135.25
2023-04-06, 07:58:46, 132.5, 52.0, 19.25, 26.0, 9999.0, 1.5, 1.5, 19.75, 9999.0, 9999.0, 9999.0, 121.5, 124.25, 120.25, 104.0, 135.25
2023-04-06, 07:58:50, 132.5, 52.25, 19.25, 26.0, 9999.0, 1.5, 1.5, 19.75, 9999.0, 9999.0, 9999.0, 121.5, 124.25, 120.5, 103.75, 135.25
2023-04-06, 07:58:54, 132.75, 52.0, 19.25, 26.0, 9999.0, 1.25, 1.5, 19.75, 9999.0, 9999.0, 9999.0, 121.25, 124.25, 120.25, 103.75, 135.25
2023-04-06, 07:58:59, 132.5, 52.0, 19.25, 26.0, 9999.0, 1.5, 1.5, 19.75, 9999.0, 9999.0, 9999.0, 121.25, 124.25, 120.25, 104.0, 135.25
2023-04-06, 07:59:03, 132.5, 52.0, 19.0, 26.0, 9999.0, 1.25, 1.5, 19.75, 9999.0, 9999.0, 9999.0, 121.25, 124.25, 120.25, 104.0, 135.25
2023-04-06, 07:59:07, 132.5, 52.25, 19.0, 26.0, 9999.0, 1.25, 1.5, 19.75, 9999.0, 9999.0, 9999.0, 121.25, 124.25, 120.5, 104.0, 135.25
2023-04-06, 07:59:11, 132.75, 52.25, 19.0, 26.0, 9999.0, 1.25, 1.5, 19.75, 9999.0, 9999.0, 9999.0, 121.25, 124.25, 120.25, 104.0, 135.25
2023-04-06, 07:59:15, 132.75, 52.25, 19.0, 26.0, 9999.0, 1.25, 1.5, 19.75, 9999.0, 9999.0, 9999.0, 121.0, 124.5, 120.5, 104.0, 135.25
2023-04-06, 07:59:19, 132.75, 52.25, 19.0, 26.0, 9999.0, 1.25, 1.5, 19.75, 9999.0, 9999.0, 9999.0, 121.0, 124.5, 120.25, 104.0, 135.25
2023-04-06, 07:59:23, 132.75, 52.25, 19.25, 26.0, 9999.0, 1.25, 1.5, 19.75, 9999.0, 9999.0, 9999.0, 121.0, 124.5, 120.5, 104.0, 135.25
2023-04-06, 07:59:27, 132.5, 52.25, 19.25, 26.25, 9999.0, 1.25, 1.5, 19.75, 9999.0, 9999.0, 9999.0, 121.0, 124.5, 120.25, 104.0, 135.25
2023-04-06, 07:59:31, 132.5, 52.25, 19.25, 26.0, 9999.0, 1.25, 1.5, 19.75, 9999.0, 9999.0, 9999.0, 121.0, 124.5, 120.25, 104.0, 135.25
2023-04-06, 07:59:35, 132.5, 52.0, 19.25, 26.0, 9999.0, 1.25, 1.5, 19.75, 9999.0, 9999.0, 9999.0, 121.0, 124.25, 120.25, 104.0, 135.25
2023-04-06, 07:59:39, 132.5, 52.25, 19.25, 26.0, 9999.0, 1.25, 1.5, 19.75, 9999.0, 9999.0, 9999.0, 121.0, 124.5, 120.25, 104.0, 135.25
2023-04-06, 07:59:43, 132.75, 52.0, 19.25, 26.0, 9999.0, 1.25, 1.5, 19.75, 9999.0, 9999.0, 9999.0, 121.0, 124.25, 120.5, 104.0, 135.25
2023-04-06, 07:59:47, 132.75, 52.0, 19.25, 26.0, 9999.0, 1.5, 1.5, 19.75, 9999.0, 9999.0, 9999.0, 120.75, 124.5, 120.5, 104.0, 135.25
2023-04-06, 07:59:51, 132.5, 52.25, 19.25, 25.5, 9999.0, 1.25, 1.5, 19.75, 9999.0, 9999.0, 9999.0, 120.75, 124.25, 120.5, 104.0, 135.25
2023-04-06, 07:59:55, 132.5, 52.0, 19.25, 25.75, 9999.0, 1.25, 1.5, 19.75, 9999.0, 9999.0, 9999.0, 120.75, 124.5, 120.25, 104.0, 135.25
2023-04-06, 07:59:59, 132.5, 52.25, 19.25, 26.0, 9999.0, 1.5, 1.5, 19.75, 9999.0, 9999.0, 9999.0, 120.75, 124.25, 120.25, 104.0, 135.25
2023-04-06, 08:00:03, 132.5, 52.25, 19.0, 26.0, 9999.0, 1.5, 1.5, 19.75, 9999.0, 9999.0, 9999.0, 120.75, 124.25, 120.25, 104.0, 135.25
2023-04-06, 08:00:07, 132.5, 52.25, 19.25, 26.0, 9999.0, 1.5, 1.5, 19.75, 9999.0, 9999.0, 9999.0, 121.5, 124.25, 120.25, 104.0, 135.25
2023-04-06, 08:00:11, 132.75, 52.25, 19.25, 26.25, 9999.0, 1.5, 1.5, 19.75, 9999.0, 9999.0, 9999.0, 121.5, 124.25, 120.5, 104.0, 135.25
2023-04-06, 08:00:15, 132.75, 52.0, 19.0, 26.0, 9999.0, 1.5, 1.5, 19.75, 9999.0, 9999.0, 9999.0, 121.25, 124.25, 120.5, 104.0, 135.25
2023-04-06, 08:00:19, 132.5, 52.25, 19.25, 26.0, 9999.0, 1.25, 1.5, 19.75, 9999.0, 9999.0, 9999.0, 121.25, 124.25, 120.5, 104.0, 135.25
2023-04-06, 08:00:23, 132.75, 52.25, 19.25, 26.25, 9999.0, 1.5, 1.5, 19.75, 9999.0, 9999.0, 9999.0, 121.25, 124.25, 120.25, 104.0, 135.25
2023-04-06, 08:00:27, 132.75, 52.25, 19.0, 26.25, 9999.0, 1.25, 1.5, 19.75, 9999.0, 9999.0, 9999.0, 121.25, 124.25, 120.25, 104.0, 135.25
2023-04-06, 08:00:31, 132.75, 52.25, 19.0, 26.25, 9999.0, 1.25, 1.5, 19.75, 9999.0, 9999.0, 9999.0, 121.25, 124.25, 120.25, 104.0, 135.5
2023-04-06, 08:00:35, 132.5, 52.25, 19.0, 26.25, 9999.0, 1.25, 1.5, 19.75, 9999.0, 9999.0, 9999.0, 121.0, 124.5, 120.25, 104.0, 135.25
2023-04-06, 08:00:39, 132.5, 52.25, 19.25, 26.25, 9999.0, 1.25, 1.5, 19.75, 9999.0, 9999.0, 9999.0, 121.25, 124.5, 120.25, 104.0, 135.25
2023-04-06, 08:00:43, 132.5, 52.25, 19.25, 26.25, 9999.0, 1.25, 1.5, 19.75, 9999.0, 9999.0, 9999.0, 121.0, 124.5, 120.25, 104.0, 135.25
2023-04-06, 08:00:47, 132.75, 52.25, 19.25, 26.25, 9999.0, 1.25, 1.5, 19.75, 9999.0, 9999.0, 9999.0, 121.0, 124.5, 120.25, 104.0, 135.25
2023-04-06, 08:00:51, 132.75, 52.25, 19.25, 26.0, 9999.0, 1.25, 1.5, 19.75, 9999.0, 9999.0, 9999.0, 121.0, 124.5, 120.25, 104.0, 135.25
2023-04-06, 08:00:55, 132.5, 52.25, 19.0, 26.0, 9999.0, 1.25, 1.5, 19.75, 9999.0, 9999.0, 9999.0, 121.0, 124.5, 120.25, 104.0, 135.25
2023-04-06, 08:00:59, 132.5, 52.25, 19.25, 26.0, 9999.0, 1.25, 1.5, 19.75, 9999.0, 9999.0, 9999.0, 121.0, 124.5, 120.25, 104.0, 135.5
2023-04-06, 08:01:03, 132.5, 52.25, 19.25, 26.0, 9999.0, 1.25, 1.5, 19.75, 9999.0, 9999.0, 9999.0, 120.75, 124.5, 120.25, 104.0, 135.25
2023-04-06, 08:01:07, 132.5, 52.25, 19.25, 26.0, 9999.0, 1.25, 1.5, 19.75, 9999.0, 9999.0, 9999.0, 120.75, 124.5, 120.25, 104.0, 135.5
2023-04-06, 08:01:11, 132.75, 52.25, 19.0, 26.0, 9999.0, 1.25, 1.5, 19.75, 9999.0, 9999.0, 9999.0, 120.75, 124.5, 120.5, 104.0, 135.5
2023-04-06, 08:01:15, 132.75, 52.25, 19.0, 26.25, 9999.0, 1.25, 1.5, 19.75, 9999.0, 9999.0, 9999.0, 120.75, 124.25, 120.5, 104.0, 135.5
2023-04-06, 08:01:19, 132.75, 52.25, 19.25, 26.25, 9999.0, 1.5, 1.5, 19.75, 9999.0, 9999.0, 9999.0, 120.75, 124.5, 120.5, 104.0, 135.5
2023-04-06, 08:01:23, 132.5, 52.25, 19.25, 26.0, 9999.0, 1.5, 1.75, 19.75, 9999.0, 9999.0, 9999.0, 120.75, 124.25, 120.5, 104.0, 135.5
2023-04-06, 08:01:27, 132.75, 52.25, 19.25, 26.0, 9999.0, 1.5, 1.5, 19.75, 9999.0, 9999.0, 9999.0, 121.5, 124.5, 120.5, 104.0, 135.25
2023-04-06, 08:01:31, 132.75, 52.25, 19.25, 26.0, 9999.0, 1.5, 1.75, 19.75, 9999.0, 9999.0, 9999.0, 121.25, 124.5, 120.5, 104.0, 135.25
2023-04-06, 08:01:35, 132.75, 52.25, 19.25, 26.25, 9999.0, 1.5, 1.5, 19.75, 9999.0, 9999.0, 9999.0, 121.5, 124.25, 120.5, 104.0, 135.25
2023-04-06, 08:01:39, 132.75, 52.25, 19.25, 26.25, 9999.0, 1.5, 1.75, 19.75, 9999.0, 9999.0, 9999.0, 121.25, 124.25, 120.25, 104.0, 135.25
2023-04-06, 08:01:43, 132.75, 52.25, 19.25, 26.0, 9999.0, 1.5, 1.75, 19.75, 9999.0, 9999.0, 9999.0, 121.25, 124.25, 120.5, 104.0, 135.25
2023-04-06, 08:01:47, 132.5, 52.25, 19.25, 26.0, 9999.0, 1.5, 1.75, 19.75, 9999.0, 9999.0, 9999.0, 121.25, 124.25, 120.5, 104.0, 135.5
2023-04-06, 08:01:51, 132.75, 52.25, 19.25, 26.0, 9999.0, 1.25, 1.5, 19.75, 9999.0, 9999.0, 9999.0, 121.25, 124.25, 120.25, 104.0, 135.25
2023-04-06, 08:01:55, 132.5, 52.25, 19.25, 26.0, 9999.0, 1.25, 1.5, 19.75, 9999.0, 9999.0, 9999.0, 121.0, 124.5, 120.25, 104.0, 135.25
2023-04-06, 08:01:59, 132.75, 52.25, 19.25, 26.25, 9999.0, 1.25, 1.75, 19.75, 9999.0, 9999.0, 9999.0, 121.25, 124.5, 120.5, 104.0, 135.5
2023-04-06, 08:02:03, 132.5, 52.25, 19.25, 26.0, 9999.0, 1.25, 1.75, 19.75, 9999.0, 9999.0, 9999.0, 121.25, 124.5, 120.5, 104.0, 135.5
2023-04-06, 08:02:07, 132.75, 52.25, 19.25, 25.75, 9999.0, 1.25, 1.5, 19.75, 9999.0, 9999.0, 9999.0, 121.0, 124.5, 120.5, 104.0, 135.25
2023-04-06, 08:02:11, 132.5, 52.25, 19.0, 26.0, 9999.0, 1.25, 1.5, 19.75, 9999.0, 9999.0, 9999.0, 121.0, 124.5, 120.5, 104.0, 135.5
2023-04-06, 08:02:15, 132.75, 52.25, 19.25, 26.0, 9999.0, 1.25, 1.75, 19.75, 9999.0, 9999.0, 9999.0, 121.0, 124.5, 120.25, 104.25, 135.5
2023-04-06, 08:02:19, 132.75, 52.25, 19.25, 26.0, 9999.0, 1.25, 1.5, 19.75, 9999.0, 9999.0, 9999.0, 121.0, 124.5, 120.5, 104.0, 135.5
2023-04-06, 08:02:23, 132.75, 52.25, 19.25, 26.0, 9999.0, 1.25, 1.75, 19.75, 9999.0, 9999.0, 9999.0, 121.0, 124.5, 120.5, 104.0, 135.5
2023-04-06, 08:02:27, 132.75, 52.25, 19.25, 26.0, 9999.0, 1.25, 1.5, 20.0, 9999.0, 9999.0, 9999.0, 120.75, 124.5, 120.5, 104.0, 135.5
2023-04-06, 08:02:31, 132.75, 52.25, 19.25, 26.0, 9999.0, 1.5, 1.75, 19.75, 9999.0, 9999.0, 9999.0, 120.75, 124.5, 120.5, 104.0, 135.5
2023-04-06, 08:02:35, 132.75, 52.25, 19.25, 26.0, 9999.0, 1.5, 1.75, 19.75, 9999.0, 9999.0, 9999.0, 120.75, 124.5, 120.5, 104.0, 135.25
2023-04-06, 08:02:39, 132.5, 52.25, 19.25, 26.0, 9999.0, 1.5, 1.75, 19.75, 9999.0, 9999.0, 9999.0, 120.75, 124.25, 120.5, 104.0, 135.5
2023-04-06, 08:02:43, 132.75, 52.25, 19.25, 26.0, 9999.0, 1.75, 1.5, 19.75, 9999.0, 9999.0, 9999.0, 120.75, 124.25, 120.5, 104.0, 135.5
2023-04-06, 08:02:47, 132.75, 52.25, 19.0, 26.0, 9999.0, 1.5, 1.75, 19.75, 9999.0, 9999.0, 9999.0, 121.5, 124.5, 120.5, 104.0, 135.5
2023-04-06, 08:02:51, 132.75, 52.25, 19.25, 26.0, 9999.0, 1.5, 1.5, 19.75, 9999.0, 9999.0, 9999.0, 121.5, 124.5, 120.5, 104.0, 135.5
2023-04-06, 08:02:55, 132.75, 52.25, 19.25, 26.0, 9999.0, 1.5, 1.75, 19.75, 9999.0, 9999.0, 9999.0, 121.5, 124.25, 120.5, 104.0, 135.25
2023-04-06, 08:02:59, 132.75, 52.25, 19.25, 26.0, 9999.0, 1.5, 1.75, 19.75, 9999.0, 9999.0, 9999.0, 121.25, 124.25, 120.5, 104.0, 135.25
2023-04-06, 08:03:03, 132.75, 52.25, 19.25, 26.0, 9999.0, 1.5, 1.75, 19.75, 9999.0, 9999.0, 9999.0, 121.25, 124.5, 120.25, 104.0, 135.5
2023-04-06, 08:03:07, 132.75, 52.25, 19.25, 26.25, 9999.0, 1.5, 1.75, 20.0, 9999.0, 9999.0, 9999.0, 121.25, 124.25, 120.5, 104.0, 135.5
2023-04-06, 08:03:11, 132.75, 52.25, 19.25, 26.0, 9999.0, 1.5, 1.75, 19.75, 9999.0, 9999.0, 9999.0, 121.25, 124.25, 120.5, 104.0, 135.5
2023-04-06, 08:03:15, 132.75, 52.25, 19.25, 26.25, 9999.0, 1.25, 1.75, 19.75, 9999.0, 9999.0, 9999.0, 121.25, 124.5, 120.25, 104.0, 135.25
2023-04-06, 08:03:19, 132.75, 52.25, 19.25, 26.25, 9999.0, 1.5, 1.5, 19.75, 9999.0, 9999.0, 9999.0, 121.25, 124.5, 120.5, 104.0, 135.5
2023-04-06, 08:03:23, 132.75, 52.25, 19.25, 26.25, 9999.0, 1.5, 1.5, 19.75, 9999.0, 9999.0, 9999.0, 121.0, 124.5, 120.5, 104.0, 135.5
2023-04-06, 08:03:28, 132.75, 52.25, 19.25, 26.0, 9999.0, 1.25, 1.75, 19.75, 9999.0, 9999.0, 9999.0, 121.0, 124.5, 120.5, 104.0, 135.5
2023-04-06, 08:03:32, 132.75, 52.25, 19.25, 26.25, 9999.0, 1.5, 1.75, 20.0, 9999.0, 9999.0, 9999.0, 121.0, 124.5, 120.5, 104.0, 135.5
2023-04-06, 08:03:36, 132.75, 52.25, 19.25, 26.25, 9999.0, 1.25, 1.75, 19.75, 9999.0, 9999.0, 9999.0, 121.0, 124.5, 120.5, 104.0, 135.5
2023-04-06, 08:03:40, 132.75, 52.25, 19.25, 26.25, 9999.0, 1.25, 1.75, 19.75, 9999.0, 9999.0, 9999.0, 121.0, 124.5, 120.5, 104.0, 135.25
2023-04-06, 08:03:44, 132.75, 52.25, 19.25, 26.25, 9999.0, 1.25, 1.5, 19.75, 9999.0, 9999.0, 9999.0, 121.0, 124.5, 120.5, 104.0, 135.5
2023-04-06, 08:03:48, 132.75, 52.25, 19.25, 26.25, 9999.0, 1.25, 1.75, 20.0, 9999.0, 9999.0, 9999.0, 121.0, 124.5, 120.5, 104.0, 135.5
2023-04-06, 08:03:52, 132.75, 52.25, 19.5, 26.25, 9999.0, 1.5, 1.5, 20.0, 9999.0, 9999.0, 9999.0, 121.0, 124.5, 120.5, 104.0, 135.5
2023-04-06, 08:03:56, 132.75, 52.25, 19.25, 26.25, 9999.0, 1.5, 1.5, 19.75, 9999.0, 9999.0, 9999.0, 120.75, 124.5, 120.5, 104.0, 135.5
2023-04-06, 08:04:00, 132.75, 52.25, 19.25, 26.25, 9999.0, 1.5, 1.5, 20.0, 9999.0, 9999.0, 9999.0, 120.75, 124.5, 120.5, 104.0, 135.5
2023-04-06, 08:04:04, 132.75, 52.25, 19.25, 26.25, 9999.0, 1.75, 1.75, 20.0, 9999.0, 9999.0, 9999.0, 120.75, 124.5, 120.5, 104.0, 135.5
2023-04-06, 08:04:08, 132.75, 52.25, 19.5, 26.25, 9999.0, 1.75, 1.75, 19.75, 9999.0, 9999.0, 9999.0, 121.5, 124.5, 120.5, 104.0, 135.5
2023-04-06, 08:04:12, 132.75, 52.25, 19.5, 26.5, 9999.0, 1.5, 1.75, 20.0, 9999.0, 9999.0, 9999.0, 121.5, 124.5, 120.5, 104.0, 135.5
2023-04-06, 08:04:16, 132.75, 52.5, 19.25, 26.25, 9999.0, 1.5, 1.75, 19.75, 9999.0, 9999.0, 9999.0, 121.5, 124.5, 120.25, 104.0, 135.5
2023-04-06, 08:04:20, 132.75, 52.25, 19.25, 26.25, 9999.0, 1.5, 1.75, 19.75, 9999.0, 9999.0, 9999.0, 121.25, 124.5, 120.5, 104.0, 135.5
2023-04-06, 08:04:24, 132.75, 52.25, 19.25, 26.0, 9999.0, 1.5, 1.5, 19.75, 9999.0, 9999.0, 9999.0, 121.25, 124.5, 120.5, 104.25, 135.5
2023-04-06, 08:04:28, 132.75, 52.25, 19.25, 26.25, 9999.0, 1.5, 1.75, 19.75, 9999.0, 9999.0, 9999.0, 121.25, 124.25, 120.25, 104.0, 135.25
2023-04-06, 08:04:32, 132.75, 52.25, 19.25, 26.0, 9999.0, 1.5, 1.75, 19.75, 9999.0, 9999.0, 9999.0, 121.25, 124.25, 120.5, 104.0, 135.5
2023-04-06, 08:04:36, 132.75, 52.25, 19.25, 26.25, 9999.0, 1.25, 1.75, 20.0, 9999.0, 9999.0, 9999.0, 121.25, 124.5, 120.5, 104.0, 135.5
2023-04-06, 08:04:40, 132.75, 52.25, 19.25, 26.25, 9999.0, 1.5, 1.75, 20.0, 9999.0, 9999.0, 9999.0, 121.25, 124.5, 120.5, 104.0, 135.5
2023-04-06, 08:04:44, 132.75, 52.25, 19.25, 26.0, 9999.0, 1.25, 1.5, 19.75, 9999.0, 9999.0, 9999.0, 121.25, 124.5, 120.5, 104.25, 135.5
2023-04-06, 08:04:48, 132.75, 52.25, 19.25, 26.0, 9999.0, 1.25, 1.5, 20.0, 9999.0, 9999.0, 9999.0, 121.25, 124.5, 120.5, 104.25, 135.5
2023-04-06, 08:04:52, 132.75, 52.25, 19.25, 26.25, 9999.0, 1.25, 1.75, 19.75, 9999.0, 9999.0, 9999.0, 121.0, 124.5, 120.5, 104.0, 135.5
2023-04-06, 08:04:56, 132.75, 52.25, 19.25, 26.25, 9999.0, 1.25, 1.5, 20.0, 9999.0, 9999.0, 9999.0, 121.0, 124.5, 120.5, 104.0, 135.5
2023-04-06, 08:05:00, 132.75, 52.25, 19.25, 26.0, 9999.0, 1.25, 1.75, 19.75, 9999.0, 9999.0, 9999.0, 121.0, 124.5, 120.25, 104.0, 135.5
2023-04-06, 08:05:04, 132.75, 52.25, 19.0, 26.0, 9999.0, 1.25, 1.5, 19.75, 9999.0, 9999.0, 9999.0, 121.0, 124.5, 120.5, 104.0, 135.25
2023-04-06, 08:05:08, 132.75, 52.25, 19.25, 26.0, 9999.0, 1.5, 1.5, 19.75, 9999.0, 9999.0, 9999.0, 120.75, 124.5, 120.5, 104.0, 135.5
2023-04-06, 08:05:12, 132.75, 52.25, 19.25, 26.25, 9999.0, 1.5, 1.5, 19.75, 9999.0, 9999.0, 9999.0, 120.75, 124.5, 120.5, 104.0, 135.25
2023-04-06, 08:05:16, 132.5, 52.25, 19.25, 26.25, 9999.0, 1.5, 1.5, 20.0, 9999.0, 9999.0, 9999.0, 120.75, 124.5, 120.5, 104.0, 135.25
2023-04-06, 08:05:20, 132.75, 52.25, 19.25, 26.0, 9999.0, 1.5, 1.5, 19.75, 9999.0, 9999.0, 9999.0, 120.75, 124.25, 120.5, 104.0, 135.25
2023-04-06, 08:05:24, 132.75, 52.25, 19.25, 26.0, 9999.0, 1.5, 1.5, 20.0, 9999.0, 9999.0, 9999.0, 120.75, 124.5, 120.5, 104.0, 135.5
2023-04-06, 08:05:28, 132.75, 52.25, 19.25, 26.0, 9999.0, 1.5, 1.75, 19.75, 9999.0, 9999.0, 9999.0, 121.5, 124.5, 120.5, 104.0, 135.5
2023-04-06, 08:05:32, 132.75, 52.25, 19.25, 26.25, 9999.0, 1.5, 1.5, 19.75, 9999.0, 9999.0, 9999.0, 121.5, 124.5, 120.5, 104.0, 135.5
2023-04-06, 08:05:36, 132.75, 52.25, 19.25, 26.25, 9999.0, 1.5, 1.75, 19.75, 9999.0, 9999.0, 9999.0, 121.5, 124.25, 120.5, 104.0, 135.25
2023-04-06, 08:05:40, 132.5, 52.25, 19.25, 26.25, 9999.0, 1.5, 1.75, 19.75, 9999.0, 9999.0, 9999.0, 121.25, 124.5, 120.25, 104.0, 135.5
2023-04-06, 08:05:44, 132.75, 52.25, 19.25, 26.25, 9999.0, 1.5, 1.5, 19.75, 9999.0, 9999.0, 9999.0, 121.25, 124.25, 120.25, 104.0, 135.5
2023-04-06, 08:05:48, 132.5, 52.25, 19.25, 26.25, 9999.0, 1.5, 1.75, 19.75, 9999.0, 9999.0, 9999.0, 121.25, 124.25, 120.5, 104.0, 135.5
2023-04-06, 08:05:52, 132.75, 52.25, 19.25, 26.25, 9999.0, 1.5, 1.5, 19.75, 9999.0, 9999.0, 9999.0, 121.0, 124.25, 120.25, 104.0, 135.25
2023-04-06, 08:05:56, 132.5, 52.25, 19.25, 26.0, 9999.0, 1.25, 1.5, 19.75, 9999.0, 9999.0, 9999.0, 121.0, 124.5, 120.25, 104.0, 135.25
2023-04-06, 08:06:00, 132.75, 52.25, 19.25, 26.25, 9999.0, 1.25, 1.5, 19.75, 9999.0, 9999.0, 9999.0, 121.25, 124.5, 120.5, 104.0, 135.25
2023-04-06, 08:06:04, 132.75, 52.25, 19.25, 26.0, 9999.0, 1.25, 1.5, 19.75, 9999.0, 9999.0, 9999.0, 121.0, 124.5, 120.25, 104.0, 135.5
2023-04-06, 08:06:08, 132.5, 52.25, 19.25, 26.0, 9999.0, 1.25, 1.75, 19.75, 9999.0, 9999.0, 9999.0, 121.0, 124.5, 120.25, 104.0, 135.25
2023-04-06, 08:06:12, 132.5, 52.25, 19.25, 26.0, 9999.0, 1.25, 1.5, 19.75, 9999.0, 9999.0, 9999.0, 121.0, 124.5, 120.25, 104.0, 135.25
2023-04-06, 08:06:16, 132.5, 52.25, 19.0, 26.0, 9999.0, 1.25, 1.5, 19.75, 9999.0, 9999.0, 9999.0, 121.0, 124.5, 120.25, 104.0, 135.25
2023-04-06, 08:06:20, 132.5, 52.25, 19.25, 26.25, 9999.0, 1.25, 1.5, 19.75, 9999.0, 9999.0, 9999.0, 121.0, 124.5, 120.25, 104.0, 135.25
2023-04-06, 08:06:24, 132.5, 52.25, 19.25, 26.25, 9999.0, 1.25, 1.5, 19.75, 9999.0, 9999.0, 9999.0, 120.75, 124.5, 120.5, 104.0, 135.25
2023-04-06, 08:06:28, 132.5, 52.25, 19.25, 26.0, 9999.0, 1.5, 1.5, 19.75, 9999.0, 9999.0, 9999.0, 121.0, 124.5, 120.5, 104.0, 135.25
2023-04-06, 08:06:32, 132.5, 52.25, 19.25, 26.0, 9999.0, 1.5, 1.5, 19.75, 9999.0, 9999.0, 9999.0, 120.75, 124.5, 120.5, 104.0, 135.25
2023-04-06, 08:06:36, 132.5, 52.25, 19.25, 26.25, 9999.0, 1.5, 1.5, 19.75, 9999.0, 9999.0, 9999.0, 120.75, 124.25, 120.5, 104.0, 135.5
2023-04-06, 08:06:40, 132.75, 52.25, 19.0, 26.0, 9999.0, 1.5, 1.5, 19.75, 9999.0, 9999.0, 9999.0, 120.75, 124.5, 120.5, 104.0, 135.25
2023-04-06, 08:06:44, 132.5, 52.25, 19.0, 26.0, 9999.0, 1.5, 1.5, 19.75, 9999.0, 9999.0, 9999.0, 121.5, 124.5, 120.5, 104.0, 135.25
2023-04-06, 08:06:48, 132.5, 52.25, 19.25, 26.25, 9999.0, 1.5, 1.75, 19.75, 9999.0, 9999.0, 9999.0, 121.5, 124.25, 120.25, 104.0, 135.25
2023-04-06, 08:06:52, 132.5, 52.25, 19.25, 26.25, 9999.0, 1.5, 1.5, 19.75, 9999.0, 9999.0, 9999.0, 121.5, 124.25, 120.25, 104.0, 135.25
2023-04-06, 08:06:56, 132.5, 52.25, 19.25, 26.25, 9999.0, 1.5, 1.5, 19.75, 9999.0, 9999.0, 9999.0, 121.25, 124.25, 120.5, 104.0, 135.25
2023-04-06, 08:07:00, 132.5, 52.0, 19.25, 26.25, 9999.0, 1.5, 1.5, 19.75, 9999.0, 9999.0, 9999.0, 121.25, 124.5, 120.5, 104.0, 135.25
2023-04-06, 08:07:04, 132.5, 52.25, 19.25, 26.5, 9999.0, 1.5, 1.5, 19.75, 9999.0, 9999.0, 9999.0, 121.25, 124.25, 120.5, 104.0, 135.25
2023-04-06, 08:07:08, 132.5, 52.25, 19.25, 26.25, 9999.0, 1.5, 1.5, 19.75, 9999.0, 9999.0, 9999.0, 121.25, 124.5, 120.25, 104.0, 135.25
2023-04-06, 08:07:12, 132.5, 52.0, 19.25, 26.25, 9999.0, 1.25, 1.5, 19.75, 9999.0, 9999.0, 9999.0, 121.0, 124.25, 120.25, 104.0, 135.25
2023-04-06, 08:07:16, 132.5, 52.25, 19.0, 26.25, 9999.0, 1.25, 1.5, 19.75, 9999.0, 9999.0, 9999.0, 121.0, 124.5, 120.5, 104.0, 135.25
2023-04-06, 08:07:20, 132.5, 52.0, 19.25, 26.25, 9999.0, 1.25, 1.5, 19.75, 9999.0, 9999.0, 9999.0, 121.25, 124.5, 120.25, 104.0, 135.25
2023-04-06, 08:07:24, 132.5, 52.0, 19.0, 26.25, 9999.0, 1.5, 1.5, 19.75, 9999.0, 9999.0, 9999.0, 121.0, 124.5, 120.5, 104.0, 135.25
2023-04-06, 08:07:28, 132.5, 52.0, 19.0, 26.25, 9999.0, 1.25, 1.5, 19.75, 9999.0, 9999.0, 9999.0, 121.0, 124.5, 120.5, 104.0, 135.25
2023-04-06, 08:07:32, 132.5, 52.0, 19.0, 26.25, 9999.0, 1.25, 1.5, 19.75, 9999.0, 9999.0, 9999.0, 121.0, 124.5, 120.25, 104.0, 135.5
2023-04-06, 08:07:36, 132.5, 52.0, 19.0, 26.25, 9999.0, 1.25, 1.5, 19.75, 9999.0, 9999.0, 9999.0, 121.0, 124.5, 120.25, 104.0, 135.25
2023-04-06, 08:07:40, 132.5, 52.0, 19.0, 26.25, 9999.0, 1.25, 1.5, 19.75, 9999.0, 9999.0, 9999.0, 120.75, 124.5, 120.25, 104.0, 135.25
2023-04-06, 08:07:44, 132.5, 52.25, 19.25, 26.0, 9999.0, 1.25, 1.5, 19.75, 9999.0, 9999.0, 9999.0, 120.75, 124.5, 120.5, 104.0, 135.5
2023-04-06, 08:07:48, 132.5, 52.0, 19.0, 26.0, 9999.0, 1.5, 1.5, 19.75, 9999.0, 9999.0, 9999.0, 120.75, 124.5, 120.5, 104.0, 135.25
2023-04-06, 08:07:53, 132.5, 52.0, 19.0, 26.25, 9999.0, 1.25, 1.5, 19.75, 9999.0, 9999.0, 9999.0, 120.75, 124.5, 120.25, 104.0, 135.25
2023-04-06, 08:07:57, 132.5, 52.0, 19.0, 26.0, 9999.0, 1.5, 1.5, 19.75, 9999.0, 9999.0, 9999.0, 120.75, 124.5, 120.25, 104.0, 135.25
2023-04-06, 08:08:01, 132.5, 52.0, 19.25, 26.0, 9999.0, 1.5, 1.5, 19.75, 9999.0, 9999.0, 9999.0, 120.75, 124.5, 120.5, 104.0, 135.25
2023-04-06, 08:08:05, 132.5, 52.0, 19.0, 26.0, 9999.0, 1.5, 1.5, 19.75, 9999.0, 9999.0, 9999.0, 121.5, 124.25, 120.25, 104.0, 135.25
2023-04-06, 08:08:09, 132.5, 52.0, 19.0, 26.0, 9999.0, 1.5, 1.5, 19.75, 9999.0, 9999.0, 9999.0, 121.5, 124.25, 120.5, 104.0, 135.25
2023-04-06, 08:08:13, 132.5, 52.0, 19.0, 26.0, 9999.0, 1.5, 1.5, 19.75, 9999.0, 9999.0, 9999.0, 121.25, 124.25, 120.25, 104.0, 135.25
2023-04-06, 08:08:17, 132.5, 52.0, 19.0, 26.25, 9999.0, 1.5, 1.5, 19.75, 9999.0, 9999.0, 9999.0, 121.25, 124.25, 120.5, 104.0, 135.25
2023-04-06, 08:08:21, 132.5, 52.0, 19.0, 26.25, 9999.0, 1.5, 1.5, 19.75, 9999.0, 9999.0, 9999.0, 121.25, 124.25, 120.25, 104.0, 135.25
2023-04-06, 08:08:25, 132.5, 52.0, 19.0, 26.0, 9999.0, 1.25, 1.5, 19.5, 9999.0, 9999.0, 9999.0, 121.0, 124.25, 120.25, 104.0, 135.25
2023-04-06, 08:08:29, 132.5, 52.0, 19.0, 26.0, 9999.0, 1.25, 1.5, 19.75, 9999.0, 9999.0, 9999.0, 121.0, 124.25, 120.25, 104.0, 135.25
2023-04-06, 08:08:33, 132.5, 52.0, 19.0, 26.25, 9999.0, 1.25, 1.5, 19.75, 9999.0, 9999.0, 9999.0, 121.0, 124.5, 120.25, 104.0, 135.25
2023-04-06, 08:08:37, 132.5, 52.0, 19.0, 26.25, 9999.0, 1.25, 1.5, 19.75, 9999.0, 9999.0, 9999.0, 121.0, 124.5, 120.25, 104.0, 135.25
2023-04-06, 08:08:41, 132.5, 52.0, 19.0, 26.0, 9999.0, 1.25, 1.5, 19.75, 9999.0, 9999.0, 9999.0, 121.0, 124.5, 120.25, 104.0, 135.25
2023-04-06, 08:08:45, 132.5, 52.0, 19.0, 26.0, 9999.0, 1.25, 1.5, 19.75, 9999.0, 9999.0, 9999.0, 121.0, 124.5, 120.25, 104.0, 135.25
2023-04-06, 08:08:49, 132.5, 52.0, 19.0, 26.25, 9999.0, 1.25, 1.5, 19.75, 9999.0, 9999.0, 9999.0, 121.0, 124.5, 120.5, 104.0, 135.25
2023-04-06, 08:08:53, 132.5, 52.0, 19.0, 26.25, 9999.0, 1.25, 1.5, 19.75, 9999.0, 9999.0, 9999.0, 120.75, 124.5, 120.25, 104.0, 135.25
2023-04-06, 08:08:57, 132.5, 52.0, 19.0, 26.25, 9999.0, 1.25, 1.5, 19.75, 9999.0, 9999.0, 9999.0, 120.75, 124.5, 120.5, 104.0, 135.25
2023-04-06, 08:09:01, 132.5, 52.0, 19.0, 26.25, 9999.0, 1.25, 1.5, 19.75, 9999.0, 9999.0, 9999.0, 120.75, 124.5, 120.5, 104.0, 135.25
2023-04-06, 08:09:05, 132.5, 52.0, 19.0, 26.25, 9999.0, 1.25, 1.5, 19.75, 9999.0, 9999.0, 9999.0, 120.75, 124.5, 120.5, 104.0, 135.25
2023-04-06, 08:09:09, 132.5, 52.0, 19.0, 26.25, 9999.0, 1.25, 1.5, 19.75, 9999.0, 9999.0, 9999.0, 120.75, 124.5, 120.5, 104.0, 135.25
2023-04-06, 08:09:13, 132.5, 52.0, 19.0, 26.0, 9999.0, 1.25, 1.5, 19.5, 9999.0, 9999.0, 9999.0, 120.75, 124.25, 120.25, 104.0, 135.25
2023-04-06, 08:09:17, 132.5, 52.0, 19.0, 26.0, 9999.0, 1.5, 1.5, 19.5, 9999.0, 9999.0, 9999.0, 120.5, 124.25, 120.5, 104.0, 135.25
2023-04-06, 08:09:21, 132.5, 52.0, 19.0, 26.25, 9999.0, 1.5, 1.5, 19.5, 9999.0, 9999.0, 9999.0, 120.5, 124.25, 120.5, 104.0, 135.25
2023-04-06, 08:09:25, 132.5, 52.0, 19.0, 26.25, 9999.0, 1.5, 1.5, 19.75, 9999.0, 9999.0, 9999.0, 121.25, 124.25, 120.5, 104.0, 135.25
2023-04-06, 08:09:29, 132.5, 52.0, 19.0, 26.25, 9999.0, 1.5, 1.5, 19.75, 9999.0, 9999.0, 9999.0, 121.25, 124.25, 120.25, 104.0, 135.25
2023-04-06, 08:09:33, 132.5, 52.0, 19.0, 26.0, 9999.0, 1.25, 1.5, 19.75, 9999.0, 9999.0, 9999.0, 121.25, 124.25, 120.5, 104.0, 135.25
2023-04-06, 08:09:37, 132.5, 52.0, 19.0, 26.0, 9999.0, 1.25, 1.5, 19.75, 9999.0, 9999.0, 9999.0, 121.0, 124.25, 120.25, 104.0, 135.25
2023-04-06, 08:09:41, 132.5, 52.0, 19.0, 26.0, 9999.0, 1.25, 1.5, 19.75, 9999.0, 9999.0, 9999.0, 121.25, 124.25, 120.25, 104.0, 135.25
2023-04-06, 08:09:45, 132.5, 52.0, 19.0, 26.0, 9999.0, 1.25, 1.5, 19.75, 9999.0, 9999.0, 9999.0, 121.0, 124.25, 120.5, 104.0, 135.25
2023-04-06, 08:09:49, 132.5, 52.0, 18.75, 26.0, 9999.0, 1.25, 1.5, 19.5, 9999.0, 9999.0, 9999.0, 121.0, 124.25, 120.25, 104.0, 135.25
2023-04-06, 08:09:53, 132.5, 52.0, 19.0, 26.0, 9999.0, 1.25, 1.5, 19.5, 9999.0, 9999.0, 9999.0, 121.0, 124.5, 120.25, 104.0, 135.25
2023-04-06, 08:09:57, 132.5, 52.0, 19.0, 26.0, 9999.0, 1.25, 1.5, 19.5, 9999.0, 9999.0, 9999.0, 121.0, 124.5, 120.5, 104.0, 135.25
2023-04-06, 08:10:01, 132.5, 52.0, 19.0, 26.0, 9999.0, 1.25, 1.5, 19.5, 9999.0, 9999.0, 9999.0, 121.0, 124.5, 120.25, 104.0, 135.25
2023-04-06, 08:10:05, 132.5, 52.0, 19.0, 26.0, 9999.0, 1.25, 1.5, 19.5, 9999.0, 9999.0, 9999.0, 120.75, 124.5, 120.25, 104.0, 135.25
2023-04-06, 08:10:09, 132.5, 52.0, 19.0, 26.0, 9999.0, 1.25, 1.5, 19.5, 9999.0, 9999.0, 9999.0, 120.75, 124.5, 120.5, 104.0, 135.25
2023-04-06, 08:10:13, 132.5, 52.0, 19.0, 26.0, 9999.0, 1.25, 1.5, 19.5, 9999.0, 9999.0, 9999.0, 120.75, 124.5, 120.5, 104.0, 135.25
2023-04-06, 08:10:17, 132.5, 52.0, 19.0, 26.0, 9999.0, 1.0, 1.5, 19.5, 9999.0, 9999.0, 9999.0, 120.75, 124.5, 120.5, 104.0, 135.25
2023-04-06, 08:10:21, 132.5, 52.0, 19.0, 26.0, 9999.0, 1.25, 1.5, 19.5, 9999.0, 9999.0, 9999.0, 120.75, 124.25, 120.25, 104.0, 135.25
2023-04-06, 08:10:25, 132.5, 52.0, 19.0, 26.0, 9999.0, 1.25, 1.5, 19.75, 9999.0, 9999.0, 9999.0, 120.75, 124.5, 120.5, 103.75, 135.25
2023-04-06, 08:10:29, 132.5, 52.0, 19.0, 26.0, 9999.0, 1.25, 1.5, 19.5, 9999.0, 9999.0, 9999.0, 120.5, 124.25, 120.5, 103.75, 135.25
2023-04-06, 08:10:33, 132.5, 52.0, 19.0, 26.0, 9999.0, 1.25, 1.5, 19.5, 9999.0, 9999.0, 9999.0, 120.5, 124.25, 120.5, 103.75, 135.25
2023-04-06, 08:10:37, 132.5, 52.0, 19.0, 26.0, 9999.0, 1.5, 1.5, 19.75, 9999.0, 9999.0, 9999.0, 120.5, 124.25, 120.5, 103.75, 135.25
2023-04-06, 08:10:41, 132.5, 52.0, 19.0, 26.0, 9999.0, 1.5, 1.5, 19.5, 9999.0, 9999.0, 9999.0, 121.25, 124.25, 120.5, 103.75, 135.25
2023-04-06, 08:10:45, 132.5, 52.0, 19.0, 26.0, 9999.0, 1.25, 1.5, 19.75, 9999.0, 9999.0, 9999.0, 121.25, 124.25, 120.5, 103.75, 135.25
2023-04-06, 08:10:49, 132.5, 52.0, 19.0, 26.0, 9999.0, 1.5, 1.5, 19.75, 9999.0, 9999.0, 9999.0, 121.25, 124.25, 120.25, 104.0, 135.25
2023-04-06, 08:10:53, 132.5, 52.0, 19.0, 26.0, 9999.0, 1.25, 1.5, 19.5, 9999.0, 9999.0, 9999.0, 121.25, 124.25, 120.5, 104.0, 135.25
2023-04-06, 08:10:57, 132.5, 52.0, 19.0, 26.0, 9999.0, 1.25, 1.5, 19.5, 9999.0, 9999.0, 9999.0, 121.0, 124.25, 120.25, 103.75, 135.25
2023-04-06, 08:11:01, 132.5, 52.0, 19.0, 26.0, 9999.0, 1.25, 1.5, 19.5, 9999.0, 9999.0, 9999.0, 121.0, 124.25, 120.5, 104.0, 135.25
2023-04-06, 08:11:05, 132.5, 52.0, 19.0, 26.0, 9999.0, 1.25, 1.5, 19.5, 9999.0, 9999.0, 9999.0, 121.0, 124.25, 120.5, 104.0, 135.25
2023-04-06, 08:11:09, 132.5, 52.0, 19.0, 26.0, 9999.0, 1.25, 1.5, 19.5, 9999.0, 9999.0, 9999.0, 121.0, 124.25, 120.25, 103.75, 135.25
2023-04-06, 08:11:13, 132.5, 52.0, 19.0, 26.0, 9999.0, 1.25, 1.5, 19.5, 9999.0, 9999.0, 9999.0, 121.0, 124.5, 120.5, 104.0, 135.25
2023-04-06, 08:11:17, 132.5, 52.0, 19.0, 26.0, 9999.0, 1.25, 1.5, 19.5, 9999.0, 9999.0, 9999.0, 121.0, 124.5, 120.25, 104.0, 135.25
2023-04-06, 08:11:21, 132.5, 52.0, 19.0, 26.0, 9999.0, 1.25, 1.25, 19.5, 9999.0, 9999.0, 9999.0, 120.75, 124.25, 120.25, 104.0, 135.25
2023-04-06, 08:11:25, 132.5, 52.0, 18.75, 26.0, 9999.0, 1.25, 1.5, 19.5, 9999.0, 9999.0, 9999.0, 120.75, 124.5, 120.5, 103.75, 135.25
2023-04-06, 08:11:29, 132.25, 52.0, 19.0, 26.25, 9999.0, 1.0, 1.5, 19.5, 9999.0, 9999.0, 9999.0, 120.75, 124.25, 120.25, 104.0, 135.25
2023-04-06, 08:11:33, 132.5, 52.0, 19.0, 26.25, 9999.0, 1.0, 1.5, 19.5, 9999.0, 9999.0, 9999.0, 120.75, 124.5, 120.25, 104.0, 135.25
2023-04-06, 08:11:37, 132.25, 52.0, 19.0, 26.0, 9999.0, 1.0, 1.25, 19.5, 9999.0, 9999.0, 9999.0, 120.75, 124.5, 120.25, 104.0, 135.25
2023-04-06, 08:11:41, 132.5, 52.0, 19.0, 25.75, 9999.0, 1.0, 1.5, 19.5, 9999.0, 9999.0, 9999.0, 120.75, 124.25, 120.5, 104.0, 135.25
2023-04-06, 08:11:45, 132.5, 51.75, 19.0, 26.0, 9999.0, 1.25, 1.5, 19.5, 9999.0, 9999.0, 9999.0, 120.5, 124.25, 120.5, 104.0, 135.25
2023-04-06, 08:11:49, 132.25, 52.0, 19.0, 26.0, 9999.0, 1.25, 1.25, 19.5, 9999.0, 9999.0, 9999.0, 120.5, 124.25, 120.25, 103.75, 135.25
2023-04-06, 08:11:53, 132.25, 51.75, 19.0, 26.0, 9999.0, 1.25, 1.25, 19.5, 9999.0, 9999.0, 9999.0, 120.5, 124.25, 120.5, 103.75, 135.0
2023-04-06, 08:11:57, 132.25, 51.75, 19.0, 26.0, 9999.0, 1.5, 1.5, 19.5, 9999.0, 9999.0, 9999.0, 120.5, 124.25, 120.25, 103.75, 135.25
2023-04-06, 08:12:01, 132.25, 51.75, 19.0, 26.0, 9999.0, 1.5, 1.25, 19.5, 9999.0, 9999.0, 9999.0, 121.25, 124.25, 120.5, 103.75, 135.25
2023-04-06, 08:12:05, 132.25, 51.75, 18.75, 26.0, 9999.0, 1.25, 1.5, 19.5, 9999.0, 9999.0, 9999.0, 121.25, 124.25, 120.25, 103.75, 135.25
2023-04-06, 08:12:09, 132.25, 52.0, 18.75, 26.0, 9999.0, 1.5, 1.5, 19.5, 9999.0, 9999.0, 9999.0, 121.25, 124.25, 120.25, 103.75, 135.25
2023-04-06, 08:12:13, 132.25, 51.75, 18.75, 26.0, 9999.0, 1.25, 1.5, 19.5, 9999.0, 9999.0, 9999.0, 121.0, 124.25, 120.5, 104.0, 135.25
2023-04-06, 08:12:17, 132.25, 51.75, 18.75, 26.25, 9999.0, 1.25, 1.25, 19.5, 9999.0, 9999.0, 9999.0, 121.0, 124.25, 120.25, 103.75, 135.25
2023-04-06, 08:12:22, 132.25, 51.75, 18.75, 26.0, 9999.0, 1.25, 1.25, 19.5, 9999.0, 9999.0, 9999.0, 121.0, 124.25, 120.25, 103.75, 135.0
2023-04-06, 08:12:26, 132.25, 52.0, 18.75, 26.0, 9999.0, 1.25, 1.5, 19.5, 9999.0, 9999.0, 9999.0, 121.0, 124.25, 120.25, 104.0, 135.25
2023-04-06, 08:12:30, 132.25, 52.0, 19.0, 26.0, 9999.0, 1.0, 1.25, 19.5, 9999.0, 9999.0, 9999.0, 121.0, 124.5, 120.25, 104.0, 135.25
2023-04-06, 08:12:34, 132.25, 51.75, 19.0, 26.25, 9999.0, 1.25, 1.5, 19.5, 9999.0, 9999.0, 9999.0, 121.0, 124.5, 120.5, 104.0, 135.25
2023-04-06, 08:12:38, 132.5, 52.0, 19.0, 26.0, 9999.0, 1.0, 1.5, 19.5, 9999.0, 9999.0, 9999.0, 121.0, 124.5, 120.25, 104.0, 135.25
2023-04-06, 08:12:42, 132.25, 51.75, 19.0, 26.0, 9999.0, 1.0, 1.25, 19.5, 9999.0, 9999.0, 9999.0, 120.75, 124.25, 120.25, 103.75, 135.25
2023-04-06, 08:12:46, 132.25, 51.75, 19.0, 26.0, 9999.0, 1.0, 1.25, 19.5, 9999.0, 9999.0, 9999.0, 120.75, 124.5, 120.5, 104.0, 135.25
2023-04-06, 08:12:50, 132.25, 51.75, 19.0, 26.0, 9999.0, 1.0, 1.5, 19.5, 9999.0, 9999.0, 9999.0, 120.75, 124.5, 120.5, 104.0, 135.25
2023-04-06, 08:12:54, 132.25, 51.75, 19.0, 26.0, 9999.0, 1.0, 1.5, 19.5, 9999.0, 9999.0, 9999.0, 120.75, 124.5, 120.25, 104.0, 135.0
2023-04-06, 08:12:58, 132.5, 51.75, 19.0, 26.0, 9999.0, 1.0, 1.25, 19.5, 9999.0, 9999.0, 9999.0, 120.75, 124.25, 120.5, 104.0, 135.25
2023-04-06, 08:13:02, 132.25, 51.75, 19.0, 26.0, 9999.0, 1.25, 1.25, 19.5, 9999.0, 9999.0, 9999.0, 120.75, 124.5, 120.5, 104.0, 135.25
2023-04-06, 08:13:06, 132.25, 51.75, 19.0, 26.0, 9999.0, 1.25, 1.5, 19.5, 9999.0, 9999.0, 9999.0, 120.5, 124.25, 120.5, 104.0, 135.25
2023-04-06, 08:13:10, 132.25, 51.75, 19.0, 25.75, 9999.0, 1.25, 1.25, 19.5, 9999.0, 9999.0, 9999.0, 120.5, 124.25, 120.5, 104.0, 135.25
2023-04-06, 08:13:14, 132.25, 51.75, 19.0, 25.75, 9999.0, 1.5, 1.5, 19.5, 9999.0, 9999.0, 9999.0, 120.5, 124.25, 120.25, 104.0, 135.25
2023-04-06, 08:13:18, 132.25, 51.75, 19.0, 25.75, 9999.0, 1.5, 1.5, 19.5, 9999.0, 9999.0, 9999.0, 120.5, 124.25, 120.5, 104.0, 135.25
2023-04-06, 08:13:22, 132.25, 51.75, 18.75, 25.75, 9999.0, 1.25, 1.25, 19.5, 9999.0, 9999.0, 9999.0, 121.25, 124.25, 120.5, 104.0, 135.0
2023-04-06, 08:13:26, 132.25, 51.75, 19.0, 25.75, 9999.0, 1.25, 1.25, 19.5, 9999.0, 9999.0, 9999.0, 121.25, 124.25, 120.25, 104.0, 135.25
2023-04-06, 08:13:30, 132.25, 51.75, 19.0, 26.0, 9999.0, 1.25, 1.5, 19.5, 9999.0, 9999.0, 9999.0, 121.25, 124.25, 120.5, 104.0, 135.0
2023-04-06, 08:13:34, 132.25, 51.75, 19.0, 26.0, 9999.0, 1.25, 1.5, 19.5, 9999.0, 9999.0, 9999.0, 121.0, 124.25, 120.5, 104.0, 135.0
2023-04-06, 08:13:38, 132.25, 51.75, 19.0, 26.0, 9999.0, 1.25, 1.25, 19.5, 9999.0, 9999.0, 9999.0, 121.0, 124.25, 120.5, 104.0, 135.25
2023-04-06, 08:13:42, 132.25, 51.75, 19.0, 26.0, 9999.0, 1.25, 1.25, 19.5, 9999.0, 9999.0, 9999.0, 121.0, 124.25, 120.5, 104.0, 135.0
2023-04-06, 08:13:46, 132.25, 51.75, 18.75, 26.25, 9999.0, 1.25, 1.25, 19.5, 9999.0, 9999.0, 9999.0, 120.75, 124.25, 120.25, 104.0, 135.25
2023-04-06, 08:13:50, 132.25, 51.75, 18.75, 26.25, 9999.0, 1.0, 1.5, 19.5, 9999.0, 9999.0, 9999.0, 120.75, 124.5, 120.5, 104.0, 135.25
2023-04-06, 08:13:54, 132.25, 51.75, 18.75, 26.0, 9999.0, 1.0, 1.5, 19.5, 9999.0, 9999.0, 9999.0, 121.0, 124.5, 120.5, 104.0, 135.25
2023-04-06, 08:13:58, 132.25, 51.75, 18.75, 26.25, 9999.0, 1.25, 1.5, 19.5, 9999.0, 9999.0, 9999.0, 121.0, 124.5, 120.25, 104.0, 135.0
2023-04-06, 08:14:02, 132.25, 51.75, 19.0, 26.25, 9999.0, 1.0, 1.5, 19.5, 9999.0, 9999.0, 9999.0, 121.0, 124.5, 120.25, 104.0, 135.25
2023-04-06, 08:14:06, 132.25, 51.75, 18.75, 26.0, 9999.0, 1.0, 1.25, 19.5, 9999.0, 9999.0, 9999.0, 120.75, 124.5, 120.5, 104.0, 135.25
2023-04-06, 08:14:10, 132.25, 51.75, 18.75, 26.0, 9999.0, 1.0, 1.25, 19.5, 9999.0, 9999.0, 9999.0, 120.75, 124.25, 120.5, 104.0, 135.25
2023-04-06, 08:14:14, 132.25, 51.75, 19.0, 26.0, 9999.0, 1.0, 1.25, 19.5, 9999.0, 9999.0, 9999.0, 120.5, 124.5, 120.25, 104.0, 135.25
2023-04-06, 08:14:18, 132.25, 51.75, 19.0, 26.25, 9999.0, 1.0, 1.25, 19.5, 9999.0, 9999.0, 9999.0, 120.75, 124.25, 120.5, 104.0, 135.25
2023-04-06, 08:14:22, 132.25, 51.75, 19.0, 26.25, 9999.0, 1.25, 1.25, 19.5, 9999.0, 9999.0, 9999.0, 120.5, 124.5, 120.5, 103.75, 135.25
2023-04-06, 08:14:26, 132.25, 51.75, 19.0, 26.0, 9999.0, 1.25, 1.25, 19.5, 9999.0, 9999.0, 9999.0, 120.5, 124.5, 120.5, 104.0, 135.25
2023-04-06, 08:14:30, 132.25, 51.75, 19.0, 26.25, 9999.0, 1.25, 1.25, 19.5, 9999.0, 9999.0, 9999.0, 120.5, 124.25, 120.5, 104.0, 135.25
2023-04-06, 08:14:34, 132.25, 51.75, 19.0, 26.25, 9999.0, 1.5, 1.5, 19.5, 9999.0, 9999.0, 9999.0, 120.5, 124.5, 120.5, 104.0, 135.0
2023-04-06, 08:14:38, 132.25, 51.75, 19.0, 26.25, 9999.0, 1.25, 1.5, 19.5, 9999.0, 9999.0, 9999.0, 121.25, 124.25, 120.5, 103.75, 135.25
2023-04-06, 08:14:42, 132.25, 51.75, 19.0, 26.0, 9999.0, 1.25, 1.25, 19.5, 9999.0, 9999.0, 9999.0, 121.25, 124.5, 120.5, 104.0, 135.0
2023-04-06, 08:14:46, 132.25, 51.75, 19.0, 26.0, 9999.0, 1.25, 1.25, 19.5, 9999.0, 9999.0, 9999.0, 121.0, 124.5, 120.5, 104.0, 135.25
2023-04-06, 08:14:50, 132.25, 51.75, 19.0, 26.0, 9999.0, 1.25, 1.25, 19.5, 9999.0, 9999.0, 9999.0, 121.25, 124.25, 120.5, 104.0, 135.25
2023-04-06, 08:14:54, 132.25, 51.75, 19.0, 26.0, 9999.0, 1.25, 1.5, 19.5, 9999.0, 9999.0, 9999.0, 121.0, 124.25, 120.5, 104.0, 135.0
2023-04-06, 08:14:58, 132.25, 51.75, 19.0, 26.25, 9999.0, 1.25, 1.5, 19.5, 9999.0, 9999.0, 9999.0, 121.0, 124.25, 120.5, 104.0, 135.25
2023-04-06, 08:15:02, 132.25, 51.75, 19.0, 26.25, 9999.0, 1.25, 1.25, 19.5, 9999.0, 9999.0, 9999.0, 121.0, 124.25, 120.5, 104.0, 135.0
2023-04-06, 08:15:06, 132.25, 51.75, 19.0, 26.25, 9999.0, 1.25, 1.5, 19.5, 9999.0, 9999.0, 9999.0, 120.75, 124.25, 120.5, 104.0, 135.0
2023-04-06, 08:15:10, 132.25, 51.75, 19.0, 26.25, 9999.0, 1.25, 1.5, 19.5, 9999.0, 9999.0, 9999.0, 121.0, 124.5, 120.5, 104.0, 135.0
2023-04-06, 08:15:14, 132.25, 51.75, 19.0, 26.25, 9999.0, 1.0, 1.5, 19.5, 9999.0, 9999.0, 9999.0, 121.0, 124.5, 120.5, 104.0, 135.25
2023-04-06, 08:15:18, 132.25, 51.75, 19.0, 26.25, 9999.0, 1.0, 1.5, 19.5, 9999.0, 9999.0, 9999.0, 120.75, 124.5, 120.5, 104.0, 135.0
2023-04-06, 08:15:22, 132.25, 51.75, 19.0, 26.25, 9999.0, 1.0, 1.5, 19.5, 9999.0, 9999.0, 9999.0, 120.75, 124.5, 120.5, 104.0, 135.25
2023-04-06, 08:15:26, 132.25, 51.75, 18.75, 26.25, 9999.0, 1.0, 1.25, 19.5, 9999.0, 9999.0, 9999.0, 120.75, 124.5, 120.5, 104.0, 135.25
2023-04-06, 08:15:30, 132.25, 51.75, 18.75, 26.25, 9999.0, 1.0, 1.25, 19.5, 9999.0, 9999.0, 9999.0, 120.75, 124.5, 120.5, 104.0, 135.25
2023-04-06, 08:15:34, 132.25, 51.75, 19.0, 26.25, 9999.0, 1.0, 1.25, 19.5, 9999.0, 9999.0, 9999.0, 120.75, 124.5, 120.5, 104.0, 135.25
2023-04-06, 08:15:38, 132.25, 51.75, 19.0, 26.25, 9999.0, 1.0, 1.25, 19.5, 9999.0, 9999.0, 9999.0, 120.75, 124.5, 120.5, 104.0, 135.25
2023-04-06, 08:15:42, 132.25, 51.75, 19.0, 26.0, 9999.0, 1.25, 1.25, 19.5, 9999.0, 9999.0, 9999.0, 120.75, 124.5, 120.5, 104.0, 135.25
2023-04-06, 08:15:46, 132.25, 51.75, 19.0, 26.0, 9999.0, 1.25, 1.25, 19.5, 9999.0, 9999.0, 9999.0, 120.5, 124.25, 120.5, 104.0, 135.25
2023-04-06, 08:15:50, 132.25, 51.75, 18.75, 25.75, 9999.0, 1.25, 1.25, 19.5, 9999.0, 9999.0, 9999.0, 120.5, 124.25, 120.5, 104.0, 135.25
2023-04-06, 08:15:54, 132.25, 51.75, 19.0, 26.0, 9999.0, 1.5, 1.5, 19.5, 9999.0, 9999.0, 9999.0, 120.5, 124.5, 120.5, 104.0, 135.25
2023-04-06, 08:15:58, 132.25, 51.75, 19.0, 26.0, 9999.0, 1.25, 1.25, 19.5, 9999.0, 9999.0, 9999.0, 121.25, 124.25, 120.5, 104.0, 135.25
2023-04-06, 08:16:02, 132.25, 51.75, 19.0, 26.0, 9999.0, 1.25, 1.25, 19.5, 9999.0, 9999.0, 9999.0, 121.25, 124.25, 120.5, 104.0, 135.0
2023-04-06, 08:16:06, 132.25, 51.75, 19.0, 25.75, 9999.0, 1.25, 1.25, 19.5, 9999.0, 9999.0, 9999.0, 121.25, 124.25, 120.5, 104.0, 135.25
2023-04-06, 08:16:10, 132.25, 51.75, 19.0, 26.0, 9999.0, 1.25, 1.25, 19.5, 9999.0, 9999.0, 9999.0, 121.25, 124.25, 120.5, 104.0, 135.0
2023-04-06, 08:16:14, 132.25, 51.75, 19.0, 26.0, 9999.0, 1.25, 1.5, 19.5, 9999.0, 9999.0, 9999.0, 121.0, 124.25, 120.5, 104.0, 135.0
2023-04-06, 08:16:18, 132.25, 51.75, 19.0, 26.0, 9999.0, 1.25, 1.25, 19.5, 9999.0, 9999.0, 9999.0, 121.0, 124.25, 120.5, 104.0, 135.0
2023-04-06, 08:16:22, 132.25, 51.75, 19.0, 26.0, 9999.0, 1.25, 1.5, 19.5, 9999.0, 9999.0, 9999.0, 120.75, 124.25, 120.5, 104.0, 135.25
2023-04-06, 08:16:26, 132.25, 51.75, 19.0, 25.75, 9999.0, 1.0, 1.25, 19.5, 9999.0, 9999.0, 9999.0, 121.0, 124.25, 120.5, 104.0, 135.25
2023-04-06, 08:16:30, 132.25, 51.75, 19.0, 25.75, 9999.0, 1.0, 1.25, 19.5, 9999.0, 9999.0, 9999.0, 121.0, 124.5, 120.5, 104.0, 135.25
2023-04-06, 08:16:34, 132.25, 51.75, 19.0, 25.75, 9999.0, 1.25, 1.25, 19.5, 9999.0, 9999.0, 9999.0, 121.0, 124.5, 120.5, 104.0, 135.25
2023-04-06, 08:16:38, 132.25, 51.75, 19.0, 26.0, 9999.0, 1.25, 1.25, 19.5, 9999.0, 9999.0, 9999.0, 121.0, 124.5, 120.5, 104.0, 135.25
2023-04-06, 08:16:42, 132.25, 51.75, 18.75, 26.0, 9999.0, 1.0, 1.25, 19.5, 9999.0, 9999.0, 9999.0, 120.75, 124.5, 120.5, 104.0, 135.25
2023-04-06, 08:16:47, 132.25, 51.75, 19.0, 26.25, 9999.0, 1.0, 1.25, 19.5, 9999.0, 9999.0, 9999.0, 120.75, 124.5, 120.5, 104.0, 135.25
2023-04-06, 08:16:51, 132.25, 51.75, 19.0, 26.0, 9999.0, 1.0, 1.25, 19.5, 9999.0, 9999.0, 9999.0, 120.75, 124.5, 120.5, 104.0, 135.25
2023-04-06, 08:16:55, 132.25, 51.75, 19.25, 26.0, 9999.0, 1.0, 1.25, 19.5, 9999.0, 9999.0, 9999.0, 120.75, 124.5, 120.5, 104.0, 135.25
2023-04-06, 08:16:59, 132.25, 51.75, 19.0, 26.0, 9999.0, 1.0, 1.25, 19.5, 9999.0, 9999.0, 9999.0, 120.75, 124.5, 120.5, 104.0, 135.25
2023-04-06, 08:17:03, 132.25, 51.75, 19.0, 26.0, 9999.0, 1.25, 1.25, 19.5, 9999.0, 9999.0, 9999.0, 120.75, 124.5, 120.5, 104.0, 135.25
2023-04-06, 08:17:07, 132.25, 51.75, 19.0, 26.0, 9999.0, 1.25, 1.5, 19.5, 9999.0, 9999.0, 9999.0, 120.75, 124.25, 120.5, 104.0, 135.25
2023-04-06, 08:17:11, 132.25, 51.75, 19.0, 26.0, 9999.0, 1.25, 1.25, 19.5, 9999.0, 9999.0, 9999.0, 120.5, 124.5, 120.5, 104.0, 135.0
2023-04-06, 08:17:15, 132.25, 51.75, 19.0, 26.0, 9999.0, 1.5, 1.25, 19.5, 9999.0, 9999.0, 9999.0, 120.5, 124.5, 120.5, 104.0, 135.25
2023-04-06, 08:17:19, 132.25, 51.75, 19.0, 26.0, 9999.0, 1.5, 1.5, 19.5, 9999.0, 9999.0, 9999.0, 121.25, 124.5, 120.5, 104.0, 135.25
2023-04-06, 08:17:23, 132.25, 51.75, 19.0, 26.0, 9999.0, 1.5, 1.25, 19.5, 9999.0, 9999.0, 9999.0, 121.25, 124.5, 120.5, 104.0, 135.25
2023-04-06, 08:17:27, 132.25, 51.75, 19.0, 26.0, 9999.0, 1.25, 1.5, 19.5, 9999.0, 9999.0, 9999.0, 121.25, 124.25, 120.5, 104.0, 135.25
2023-04-06, 08:17:31, 132.25, 51.75, 19.0, 26.0, 9999.0, 1.25, 1.25, 19.5, 9999.0, 9999.0, 9999.0, 121.25, 124.25, 120.5, 104.0, 135.0
2023-04-06, 08:17:35, 132.25, 51.75, 19.0, 26.0, 9999.0, 1.25, 1.5, 19.5, 9999.0, 9999.0, 9999.0, 121.0, 124.25, 120.5, 104.0, 135.25
2023-04-06, 08:17:39, 132.25, 51.75, 19.0, 26.25, 9999.0, 1.25, 1.5, 19.5, 9999.0, 9999.0, 9999.0, 121.0, 124.25, 120.25, 104.0, 135.25
2023-04-06, 08:17:43, 132.25, 51.75, 19.0, 26.25, 9999.0, 1.25, 1.25, 19.5, 9999.0, 9999.0, 9999.0, 121.0, 124.25, 120.25, 104.0, 135.25
2023-04-06, 08:17:47, 132.25, 51.75, 19.0, 26.25, 9999.0, 1.25, 1.5, 19.5, 9999.0, 9999.0, 9999.0, 121.0, 124.25, 120.5, 104.0, 135.25
2023-04-06, 08:17:51, 132.25, 51.75, 19.0, 26.25, 9999.0, 1.0, 1.5, 19.5, 9999.0, 9999.0, 9999.0, 121.0, 124.5, 120.5, 104.0, 135.25
2023-04-06, 08:17:55, 132.25, 51.75, 19.0, 26.25, 9999.0, 1.0, 1.25, 19.5, 9999.0, 9999.0, 9999.0, 121.0, 124.5, 120.5, 104.0, 135.25
2023-04-06, 08:17:59, 132.25, 52.0, 19.0, 26.25, 9999.0, 1.0, 1.25, 19.5, 9999.0, 9999.0, 9999.0, 121.0, 124.5, 120.5, 104.0, 135.25
2023-04-06, 08:18:03, 132.25, 51.75, 19.0, 26.25, 9999.0, 1.0, 1.5, 19.5, 9999.0, 9999.0, 9999.0, 121.0, 124.5, 120.5, 104.0, 135.25
2023-04-06, 08:18:07, 132.25, 51.75, 19.0, 26.0, 9999.0, 1.0, 1.5, 19.5, 9999.0, 9999.0, 9999.0, 120.75, 124.5, 120.5, 104.0, 135.25
2023-04-06, 08:18:11, 132.25, 51.75, 19.0, 26.25, 9999.0, 1.0, 1.25, 19.5, 9999.0, 9999.0, 9999.0, 120.75, 124.5, 120.5, 104.0, 135.25
2023-04-06, 08:18:15, 132.25, 51.75, 19.0, 26.0, 9999.0, 1.0, 1.5, 19.5, 9999.0, 9999.0, 9999.0, 120.75, 124.5, 120.5, 104.0, 135.25
2023-04-06, 08:18:19, 132.25, 51.75, 19.25, 26.0, 9999.0, 1.0, 1.25, 19.5, 9999.0, 9999.0, 9999.0, 120.75, 124.5, 120.5, 104.0, 135.25
2023-04-06, 08:18:23, 132.25, 51.75, 19.25, 26.0, 9999.0, 1.25, 1.5, 19.5, 9999.0, 9999.0, 9999.0, 120.75, 124.5, 120.5, 104.0, 135.25
2023-04-06, 08:18:27, 132.25, 51.75, 19.0, 26.0, 9999.0, 1.25, 1.25, 19.5, 9999.0, 9999.0, 9999.0, 120.5, 124.5, 120.5, 104.0, 135.25
2023-04-06, 08:18:31, 132.25, 51.75, 19.0, 26.0, 9999.0, 1.25, 1.25, 19.5, 9999.0, 9999.0, 9999.0, 120.5, 124.5, 120.5, 104.0, 135.25
2023-04-06, 08:18:35, 132.25, 51.75, 19.0, 26.0, 9999.0, 1.5, 1.5, 19.5, 9999.0, 9999.0, 9999.0, 120.5, 124.25, 120.5, 104.0, 135.25
2023-04-06, 08:18:39, 132.5, 51.75, 19.0, 26.0, 9999.0, 1.5, 1.5, 19.5, 9999.0, 9999.0, 9999.0, 121.25, 124.25, 120.5, 104.0, 135.25
2023-04-06, 08:18:43, 132.5, 51.75, 19.0, 26.25, 9999.0, 1.25, 1.5, 19.5, 9999.0, 9999.0, 9999.0, 121.25, 124.25, 120.5, 104.0, 135.25
2023-04-06, 08:18:47, 132.25, 51.75, 19.0, 26.25, 9999.0, 1.25, 1.5, 19.5, 9999.0, 9999.0, 9999.0, 121.25, 124.25, 120.5, 104.0, 135.25
2023-04-06, 08:18:51, 132.25, 51.75, 19.0, 26.0, 9999.0, 1.25, 1.5, 19.5, 9999.0, 9999.0, 9999.0, 121.25, 124.5, 120.5, 104.0, 135.25
2023-04-06, 08:18:55, 132.5, 52.0, 19.0, 26.0, 9999.0, 1.25, 1.5, 19.5, 9999.0, 9999.0, 9999.0, 121.25, 124.25, 120.25, 104.0, 135.25
2023-04-06, 08:18:59, 132.25, 52.0, 19.25, 26.0, 9999.0, 1.25, 1.5, 19.5, 9999.0, 9999.0, 9999.0, 121.0, 124.25, 120.5, 104.0, 135.25
2023-04-06, 08:19:03, 132.25, 52.0, 19.25, 26.0, 9999.0, 1.25, 1.5, 19.5, 9999.0, 9999.0, 9999.0, 121.0, 124.25, 120.5, 104.0, 135.25
2023-04-06, 08:19:07, 132.25, 52.0, 19.0, 26.0, 9999.0, 1.25, 1.5, 19.5, 9999.0, 9999.0, 9999.0, 121.0, 124.25, 120.5, 104.0, 135.25
2023-04-06, 08:19:11, 132.25, 52.0, 19.0, 26.0, 9999.0, 1.25, 1.5, 19.5, 9999.0, 9999.0, 9999.0, 121.0, 124.5, 120.5, 104.0, 135.25
2023-04-06, 08:19:15, 132.25, 52.0, 19.0, 26.0, 9999.0, 1.0, 1.5, 19.5, 9999.0, 9999.0, 9999.0, 121.0, 124.5, 120.5, 104.0, 135.25
2023-04-06, 08:19:19, 132.25, 52.0, 19.0, 26.0, 9999.0, 1.25, 1.5, 19.5, 9999.0, 9999.0, 9999.0, 121.0, 124.5, 120.5, 104.0, 135.25
2023-04-06, 08:19:23, 132.25, 51.75, 19.0, 26.0, 9999.0, 1.0, 1.5, 19.5, 9999.0, 9999.0, 9999.0, 121.0, 124.5, 120.5, 104.0, 135.25
2023-04-06, 08:19:27, 132.5, 52.0, 19.25, 26.0, 9999.0, 1.0, 1.5, 19.5, 9999.0, 9999.0, 9999.0, 120.75, 124.5, 120.5, 104.0, 135.25
2023-04-06, 08:19:31, 132.5, 52.0, 19.0, 26.25, 9999.0, 1.0, 1.5, 19.5, 9999.0, 9999.0, 9999.0, 120.75, 124.5, 120.5, 104.0, 135.25
2023-04-06, 08:19:35, 132.25, 52.0, 19.0, 26.25, 9999.0, 1.0, 1.25, 19.5, 9999.0, 9999.0, 9999.0, 120.75, 124.5, 120.5, 104.0, 135.25
2023-04-06, 08:19:39, 132.25, 52.0, 19.0, 26.0, 9999.0, 1.0, 1.5, 19.5, 9999.0, 9999.0, 9999.0, 120.75, 124.5, 120.5, 104.0, 135.25
2023-04-06, 08:19:43, 132.25, 52.0, 19.0, 26.0, 9999.0, 1.25, 1.5, 19.5, 9999.0, 9999.0, 9999.0, 120.75, 124.5, 120.5, 104.25, 135.25
2023-04-06, 08:19:47, 132.25, 52.0, 19.0, 26.0, 9999.0, 1.25, 1.5, 19.5, 9999.0, 9999.0, 9999.0, 120.75, 124.5, 120.5, 104.0, 135.25
2023-04-06, 08:19:51, 132.25, 52.0, 19.0, 26.0, 9999.0, 1.25, 1.5, 19.5, 9999.0, 9999.0, 9999.0, 120.75, 124.5, 120.5, 104.0, 135.25
2023-04-06, 08:19:55, 132.25, 52.0, 19.25, 25.75, 9999.0, 1.5, 1.5, 19.5, 9999.0, 9999.0, 9999.0, 120.5, 124.25, 120.5, 104.0, 135.25
2023-04-06, 08:19:59, 132.5, 52.0, 19.0, 26.0, 9999.0, 1.5, 1.5, 19.75, 9999.0, 9999.0, 9999.0, 120.5, 124.5, 120.5, 104.0, 135.25
2023-04-06, 08:20:03, 132.25, 52.0, 19.25, 25.75, 9999.0, 1.25, 1.5, 19.5, 9999.0, 9999.0, 9999.0, 121.25, 124.25, 120.5, 104.0, 135.25
2023-04-06, 08:20:07, 132.5, 52.0, 19.0, 26.0, 9999.0, 1.5, 1.5, 19.5, 9999.0, 9999.0, 9999.0, 121.25, 124.25, 120.5, 104.0, 135.25
2023-04-06, 08:20:11, 132.5, 52.0, 19.0, 25.75, 9999.0, 1.25, 1.5, 19.5, 9999.0, 9999.0, 9999.0, 121.25, 124.25, 120.5, 104.0, 135.25
2023-04-06, 08:20:15, 132.5, 52.0, 19.0, 26.0, 9999.0, 1.25, 1.5, 19.75, 9999.0, 9999.0, 9999.0, 121.25, 124.25, 120.5, 104.0, 135.25
2023-04-06, 08:20:19, 132.5, 52.0, 19.25, 26.0, 9999.0, 1.25, 1.5, 19.5, 9999.0, 9999.0, 9999.0, 121.25, 124.25, 120.5, 104.0, 135.25
2023-04-06, 08:20:23, 132.5, 52.0, 19.0, 26.0, 9999.0, 1.25, 1.5, 19.5, 9999.0, 9999.0, 9999.0, 121.0, 124.25, 120.5, 104.0, 135.25
2023-04-06, 08:20:27, 132.5, 52.0, 19.0, 26.0, 9999.0, 1.25, 1.5, 19.5, 9999.0, 9999.0, 9999.0, 121.0, 124.25, 120.5, 104.0, 135.25
2023-04-06, 08:20:31, 132.5, 52.0, 19.0, 26.0, 9999.0, 1.25, 1.5, 19.5, 9999.0, 9999.0, 9999.0, 121.0, 124.5, 120.5, 104.0, 135.25
2023-04-06, 08:20:35, 132.5, 52.0, 19.0, 25.75, 9999.0, 1.0, 1.5, 19.5, 9999.0, 9999.0, 9999.0, 121.0, 124.5, 120.5, 104.0, 135.25
2023-04-06, 08:20:39, 132.5, 52.0, 19.0, 25.75, 9999.0, 1.25, 1.5, 19.75, 9999.0, 9999.0, 9999.0, 121.0, 124.5, 120.5, 104.0, 135.25
2023-04-06, 08:20:43, 132.25, 52.0, 19.0, 25.5, 9999.0, 1.25, 1.5, 19.5, 9999.0, 9999.0, 9999.0, 121.0, 124.5, 120.5, 104.0, 135.25
2023-04-06, 08:20:47, 132.5, 52.0, 19.0, 25.75, 9999.0, 1.0, 1.5, 19.5, 9999.0, 9999.0, 9999.0, 121.0, 124.5, 120.5, 104.0, 135.25
2023-04-06, 08:20:51, 132.5, 52.0, 19.25, 25.75, 9999.0, 1.0, 1.5, 19.5, 9999.0, 9999.0, 9999.0, 120.75, 124.5, 120.5, 104.0, 135.25
2023-04-06, 08:20:55, 132.5, 52.0, 19.25, 26.0, 9999.0, 1.0, 1.5, 19.5, 9999.0, 9999.0, 9999.0, 120.75, 124.5, 120.5, 104.0, 135.25
2023-04-06, 08:20:59, 132.5, 52.0, 19.25, 26.0, 9999.0, 1.0, 1.5, 19.5, 9999.0, 9999.0, 9999.0, 120.75, 124.5, 120.5, 104.0, 135.25
2023-04-06, 08:21:03, 132.5, 52.0, 19.0, 26.0, 9999.0, 1.25, 1.5, 19.5, 9999.0, 9999.0, 9999.0, 120.75, 124.5, 120.5, 104.0, 135.25
2023-04-06, 08:21:07, 132.5, 52.0, 19.25, 26.0, 9999.0, 1.25, 1.5, 19.5, 9999.0, 9999.0, 9999.0, 120.75, 124.5, 120.5, 104.0, 135.25
2023-04-06, 08:21:11, 132.5, 52.0, 19.25, 26.0, 9999.0, 1.25, 1.5, 19.75, 9999.0, 9999.0, 9999.0, 120.5, 124.5, 120.5, 104.0, 135.25
2023-04-06, 08:21:16, 132.5, 52.0, 19.0, 26.0, 9999.0, 1.5, 1.5, 19.75, 9999.0, 9999.0, 9999.0, 120.5, 124.25, 120.5, 104.0, 135.25
2023-04-06, 08:21:20, 132.5, 52.0, 19.25, 26.0, 9999.0, 1.5, 1.5, 19.75, 9999.0, 9999.0, 9999.0, 120.5, 124.5, 120.5, 104.0, 135.25
2023-04-06, 08:21:24, 132.5, 52.0, 19.25, 26.0, 9999.0, 1.5, 1.5, 19.75, 9999.0, 9999.0, 9999.0, 121.25, 124.5, 120.5, 104.0, 135.25
2023-04-06, 08:21:28, 132.5, 52.0, 19.25, 25.75, 9999.0, 1.5, 1.5, 19.75, 9999.0, 9999.0, 9999.0, 121.25, 124.5, 120.5, 104.0, 135.25
2023-04-06, 08:21:32, 132.5, 52.0, 19.0, 26.0, 9999.0, 1.25, 1.5, 19.75, 9999.0, 9999.0, 9999.0, 121.25, 124.25, 120.5, 104.0, 135.25
2023-04-06, 08:21:36, 132.5, 52.0, 19.0, 26.0, 9999.0, 1.25, 1.5, 19.75, 9999.0, 9999.0, 9999.0, 121.25, 124.25, 120.5, 104.0, 135.25
2023-04-06, 08:21:40, 132.5, 52.0, 19.25, 26.0, 9999.0, 1.25, 1.5, 19.5, 9999.0, 9999.0, 9999.0, 121.25, 124.5, 120.5, 104.0, 135.25
2023-04-06, 08:21:44, 132.5, 52.0, 19.25, 26.0, 9999.0, 1.25, 1.5, 19.5, 9999.0, 9999.0, 9999.0, 121.0, 124.25, 120.5, 104.0, 135.25
2023-04-06, 08:21:48, 132.5, 52.0, 19.0, 26.0, 9999.0, 1.25, 1.5, 19.75, 9999.0, 9999.0, 9999.0, 121.0, 124.25, 120.5, 104.0, 135.25
2023-04-06, 08:21:52, 132.5, 52.0, 19.0, 26.0, 9999.0, 1.25, 1.5, 19.5, 9999.0, 9999.0, 9999.0, 121.0, 124.5, 120.5, 104.0, 135.25
2023-04-06, 08:21:56, 132.5, 52.0, 19.0, 26.25, 9999.0, 1.25, 1.5, 19.75, 9999.0, 9999.0, 9999.0, 121.0, 124.5, 120.5, 104.0, 135.25
2023-04-06, 08:22:00, 132.5, 52.0, 19.0, 26.25, 9999.0, 1.25, 1.5, 19.5, 9999.0, 9999.0, 9999.0, 121.0, 124.5, 120.5, 104.0, 135.25
2023-04-06, 08:22:04, 132.5, 52.0, 19.25, 26.25, 9999.0, 1.25, 1.5, 19.5, 9999.0, 9999.0, 9999.0, 121.0, 124.5, 120.5, 104.0, 135.25
2023-04-06, 08:22:08, 132.5, 52.0, 19.25, 26.25, 9999.0, 1.25, 1.5, 19.75, 9999.0, 9999.0, 9999.0, 120.75, 124.5, 120.5, 104.0, 135.25
2023-04-06, 08:22:12, 132.5, 52.0, 19.25, 26.25, 9999.0, 1.0, 1.5, 19.75, 9999.0, 9999.0, 9999.0, 121.0, 124.5, 120.5, 104.0, 135.25
2023-04-06, 08:22:16, 132.5, 52.0, 19.25, 26.0, 9999.0, 1.0, 1.5, 19.5, 9999.0, 9999.0, 9999.0, 120.75, 124.5, 120.5, 104.0, 135.25
2023-04-06, 08:22:20, 132.5, 52.0, 19.25, 26.0, 9999.0, 1.0, 1.5, 19.75, 9999.0, 9999.0, 9999.0, 120.75, 124.5, 120.5, 104.0, 135.25
2023-04-06, 08:22:24, 132.5, 52.0, 19.25, 25.75, 9999.0, 1.25, 1.5, 19.5, 9999.0, 9999.0, 9999.0, 120.75, 124.5, 120.5, 104.0, 135.25
2023-04-06, 08:22:28, 132.5, 52.0, 19.25, 26.0, 9999.0, 1.25, 1.5, 19.75, 9999.0, 9999.0, 9999.0, 120.75, 124.5, 120.5, 104.0, 135.25
2023-04-06, 08:22:32, 132.5, 52.0, 19.25, 26.0, 9999.0, 1.25, 1.5, 19.75, 9999.0, 9999.0, 9999.0, 120.75, 124.5, 120.5, 104.0, 135.25
2023-04-06, 08:22:36, 132.5, 52.0, 19.0, 26.0, 9999.0, 1.5, 1.5, 19.5, 9999.0, 9999.0, 9999.0, 120.5, 124.5, 120.5, 104.0, 135.25
2023-04-06, 08:22:40, 132.5, 52.0, 19.25, 26.0, 9999.0, 1.5, 1.5, 19.75, 9999.0, 9999.0, 9999.0, 120.75, 124.5, 120.5, 104.0, 135.25
2023-04-06, 08:22:44, 132.5, 52.0, 19.0, 25.75, 9999.0, 1.5, 1.5, 19.75, 9999.0, 9999.0, 9999.0, 121.5, 124.25, 120.5, 104.0, 135.25
2023-04-06, 08:22:48, 132.5, 52.0, 19.0, 26.0, 9999.0, 1.5, 1.5, 19.75, 9999.0, 9999.0, 9999.0, 121.25, 124.5, 120.5, 104.0, 135.25
2023-04-06, 08:22:52, 132.5, 52.0, 19.25, 26.25, 9999.0, 1.5, 1.5, 19.75, 9999.0, 9999.0, 9999.0, 121.25, 124.5, 120.5, 104.0, 135.25
2023-04-06, 08:22:56, 132.5, 52.0, 19.25, 26.25, 9999.0, 1.5, 1.5, 19.75, 9999.0, 9999.0, 9999.0, 121.25, 124.5, 120.5, 104.0, 135.25
2023-04-06, 08:23:00, 132.5, 52.0, 19.25, 26.25, 9999.0, 1.25, 1.5, 19.75, 9999.0, 9999.0, 9999.0, 121.25, 124.5, 120.5, 104.0, 135.25
2023-04-06, 08:23:04, 132.5, 52.0, 19.25, 26.25, 9999.0, 1.25, 1.5, 19.75, 9999.0, 9999.0, 9999.0, 121.25, 124.5, 120.5, 104.0, 135.25
2023-04-06, 08:23:08, 132.5, 52.0, 19.25, 26.25, 9999.0, 1.25, 1.5, 19.75, 9999.0, 9999.0, 9999.0, 121.0, 124.25, 120.5, 104.0, 135.25
2023-04-06, 08:23:12, 132.5, 52.0, 19.25, 26.25, 9999.0, 1.25, 1.5, 19.75, 9999.0, 9999.0, 9999.0, 121.0, 124.5, 120.5, 104.0, 135.25
2023-04-06, 08:23:16, 132.5, 52.0, 19.25, 26.25, 9999.0, 1.25, 1.5, 19.75, 9999.0, 9999.0, 9999.0, 121.0, 124.75, 120.5, 104.25, 135.25
2023-04-06, 08:23:20, 132.5, 52.25, 19.25, 26.0, 9999.0, 1.25, 1.5, 19.75, 9999.0, 9999.0, 9999.0, 121.0, 124.5, 120.5, 104.25, 135.25
2023-04-06, 08:23:24, 132.5, 52.0, 19.25, 26.0, 9999.0, 1.25, 1.5, 19.75, 9999.0, 9999.0, 9999.0, 121.0, 124.5, 120.5, 104.25, 135.5
2023-04-06, 08:23:28, 132.5, 52.0, 19.25, 26.0, 9999.0, 1.0, 1.5, 19.75, 9999.0, 9999.0, 9999.0, 121.0, 124.5, 120.5, 104.25, 135.25
2023-04-06, 08:23:32, 132.5, 52.0, 19.25, 26.0, 9999.0, 1.25, 1.5, 19.75, 9999.0, 9999.0, 9999.0, 121.0, 124.5, 120.5, 104.0, 135.25
2023-04-06, 08:23:36, 132.75, 52.0, 19.25, 26.0, 9999.0, 1.25, 1.5, 19.75, 9999.0, 9999.0, 9999.0, 120.75, 124.5, 120.5, 104.0, 135.25
2023-04-06, 08:23:40, 132.75, 52.0, 19.25, 26.0, 9999.0, 1.25, 1.5, 19.75, 9999.0, 9999.0, 9999.0, 121.0, 124.5, 120.5, 104.0, 135.25
2023-04-06, 08:23:44, 132.5, 52.0, 19.25, 25.75, 9999.0, 1.0, 1.5, 19.75, 9999.0, 9999.0, 9999.0, 120.75, 124.5, 120.5, 104.0, 135.25
2023-04-06, 08:23:48, 132.5, 52.0, 19.25, 25.75, 9999.0, 1.25, 1.5, 19.75, 9999.0, 9999.0, 9999.0, 120.75, 124.5, 120.5, 104.0, 135.25
2023-04-06, 08:23:52, 132.5, 52.0, 19.25, 26.0, 9999.0, 1.25, 1.5, 19.75, 9999.0, 9999.0, 9999.0, 120.75, 124.5, 120.5, 104.0, 135.25
2023-04-06, 08:23:56, 132.5, 52.0, 19.25, 26.0, 9999.0, 1.5, 1.5, 19.75, 9999.0, 9999.0, 9999.0, 120.75, 124.5, 120.5, 104.0, 135.25
2023-04-06, 08:24:00, 132.5, 52.0, 19.25, 26.25, 9999.0, 1.5, 1.5, 19.75, 9999.0, 9999.0, 9999.0, 120.5, 124.5, 120.5, 104.0, 135.25
2023-04-06, 08:24:04, 132.5, 52.0, 19.25, 26.25, 9999.0, 1.5, 1.5, 19.75, 9999.0, 9999.0, 9999.0, 121.5, 124.5, 120.5, 104.0, 135.25
2023-04-06, 08:24:08, 132.5, 52.0, 19.25, 26.25, 9999.0, 1.5, 1.5, 19.75, 9999.0, 9999.0, 9999.0, 121.25, 124.5, 120.5, 104.0, 135.25
2023-04-06, 08:24:12, 132.5, 52.25, 19.25, 26.25, 9999.0, 1.5, 1.5, 19.75, 9999.0, 9999.0, 9999.0, 121.25, 124.5, 120.5, 104.0, 135.25
2023-04-06, 08:24:16, 132.5, 52.0, 19.25, 26.25, 9999.0, 1.25, 1.5, 19.75, 9999.0, 9999.0, 9999.0, 121.25, 124.5, 120.5, 104.0, 135.25
2023-04-06, 08:24:20, 132.5, 52.25, 19.25, 26.25, 9999.0, 1.5, 1.5, 19.75, 9999.0, 9999.0, 9999.0, 121.25, 124.5, 120.5, 104.0, 135.25
2023-04-06, 08:24:24, 132.5, 52.25, 19.25, 26.25, 9999.0, 1.25, 1.5, 19.75, 9999.0, 9999.0, 9999.0, 121.25, 124.25, 120.5, 104.0, 135.25
2023-04-06, 08:24:28, 132.5, 52.25, 19.25, 26.0, 9999.0, 1.25, 1.5, 19.75, 9999.0, 9999.0, 9999.0, 121.0, 124.25, 120.5, 104.0, 135.25
2023-04-06, 08:24:32, 132.5, 52.25, 19.25, 26.25, 9999.0, 1.25, 1.5, 19.75, 9999.0, 9999.0, 9999.0, 121.0, 124.5, 120.5, 104.0, 135.25
2023-04-06, 08:24:36, 132.5, 52.25, 19.25, 26.25, 9999.0, 1.25, 1.5, 19.75, 9999.0, 9999.0, 9999.0, 121.0, 124.5, 120.5, 104.0, 135.25
2023-04-06, 08:24:40, 132.75, 52.25, 19.25, 26.25, 9999.0, 1.25, 1.5, 19.75, 9999.0, 9999.0, 9999.0, 121.0, 124.5, 120.5, 104.0, 135.25
2023-04-06, 08:24:44, 132.75, 52.25, 19.25, 26.25, 9999.0, 1.25, 1.5, 19.75, 9999.0, 9999.0, 9999.0, 121.0, 124.5, 120.5, 104.0, 135.25
2023-04-06, 08:24:48, 132.5, 52.0, 19.25, 26.25, 9999.0, 1.25, 1.5, 19.75, 9999.0, 9999.0, 9999.0, 121.0, 124.5, 120.5, 104.0, 135.25
2023-04-06, 08:24:52, 132.5, 52.25, 19.25, 26.25, 9999.0, 1.0, 1.5, 19.75, 9999.0, 9999.0, 9999.0, 121.0, 124.5, 120.5, 104.0, 135.25
2023-04-06, 08:24:56, 132.75, 52.0, 19.25, 26.25, 9999.0, 1.25, 1.5, 19.75, 9999.0, 9999.0, 9999.0, 121.0, 124.5, 120.5, 104.0, 135.25
2023-04-06, 08:25:00, 132.5, 52.25, 19.25, 26.25, 9999.0, 1.0, 1.5, 19.75, 9999.0, 9999.0, 9999.0, 120.75, 124.5, 120.5, 104.0, 135.5
2023-04-06, 08:25:04, 132.75, 52.25, 19.25, 25.75, 9999.0, 1.0, 1.5, 19.75, 9999.0, 9999.0, 9999.0, 120.75, 124.5, 120.5, 104.0, 135.25
2023-04-06, 08:25:08, 132.5, 52.0, 19.25, 26.25, 9999.0, 1.25, 1.5, 19.75, 9999.0, 9999.0, 9999.0, 120.75, 124.5, 120.5, 104.0, 135.25
2023-04-06, 08:25:12, 132.5, 52.25, 19.25, 26.25, 9999.0, 1.25, 1.5, 19.75, 9999.0, 9999.0, 9999.0, 120.75, 124.5, 120.5, 104.0, 135.25
2023-04-06, 08:25:16, 132.75, 52.25, 19.25, 26.0, 9999.0, 1.5, 1.5, 19.75, 9999.0, 9999.0, 9999.0, 120.75, 124.5, 120.5, 104.0, 135.25
2023-04-06, 08:25:20, 132.5, 52.25, 19.25, 26.0, 9999.0, 1.5, 1.5, 19.75, 9999.0, 9999.0, 9999.0, 120.75, 124.5, 120.5, 104.0, 135.25
2023-04-06, 08:25:24, 132.75, 52.25, 19.25, 26.0, 9999.0, 1.5, 1.5, 19.75, 9999.0, 9999.0, 9999.0, 121.5, 124.5, 120.5, 104.0, 135.25
2023-04-06, 08:25:28, 132.75, 52.25, 19.25, 26.0, 9999.0, 1.5, 1.5, 19.75, 9999.0, 9999.0, 9999.0, 121.25, 124.5, 120.5, 104.0, 135.25
2023-04-06, 08:25:32, 132.5, 52.25, 19.25, 26.0, 9999.0, 1.5, 1.5, 19.75, 9999.0, 9999.0, 9999.0, 121.25, 124.5, 120.5, 104.0, 135.25
2023-04-06, 08:25:36, 132.5, 52.25, 19.25, 26.0, 9999.0, 1.5, 1.5, 19.75, 9999.0, 9999.0, 9999.0, 121.25, 124.25, 120.5, 104.0, 135.25
2023-04-06, 08:25:41, 132.5, 52.0, 19.25, 26.0, 9999.0, 1.5, 1.75, 19.75, 9999.0, 9999.0, 9999.0, 121.25, 124.25, 120.5, 104.0, 135.25
2023-04-06, 08:25:45, 132.75, 52.25, 19.25, 25.75, 9999.0, 1.25, 1.5, 19.75, 9999.0, 9999.0, 9999.0, 121.25, 124.25, 120.25, 104.0, 135.25
2023-04-06, 08:25:49, 132.75, 52.0, 19.25, 25.75, 9999.0, 1.25, 1.5, 19.75, 9999.0, 9999.0, 9999.0, 121.0, 124.25, 120.25, 104.0, 135.25
2023-04-06, 08:25:53, 132.5, 52.0, 19.25, 26.0, 9999.0, 1.25, 1.5, 19.75, 9999.0, 9999.0, 9999.0, 121.0, 124.5, 120.5, 104.0, 135.25
2023-04-06, 08:25:57, 132.75, 52.25, 19.25, 26.0, 9999.0, 1.25, 1.5, 19.75, 9999.0, 9999.0, 9999.0, 121.0, 124.5, 120.5, 104.0, 135.25
2023-04-06, 08:26:01, 132.75, 52.0, 19.25, 26.0, 9999.0, 1.25, 1.5, 19.75, 9999.0, 9999.0, 9999.0, 121.0, 124.5, 120.5, 104.0, 135.25
2023-04-06, 08:26:05, 132.75, 52.25, 19.25, 26.0, 9999.0, 1.25, 1.5, 19.75, 9999.0, 9999.0, 9999.0, 121.0, 124.5, 120.5, 104.0, 135.25
2023-04-06, 08:26:09, 132.75, 52.25, 19.25, 26.0, 9999.0, 1.25, 1.5, 19.75, 9999.0, 9999.0, 9999.0, 121.0, 124.5, 120.5, 104.0, 135.25
2023-04-06, 08:26:13, 132.5, 52.0, 19.25, 26.0, 9999.0, 1.25, 1.5, 19.75, 9999.0, 9999.0, 9999.0, 121.0, 124.5, 120.5, 104.0, 135.25
2023-04-06, 08:26:17, 132.5, 52.25, 19.25, 25.75, 9999.0, 1.25, 1.5, 19.75, 9999.0, 9999.0, 9999.0, 121.0, 124.5, 120.5, 104.0, 135.25
2023-04-06, 08:26:21, 132.75, 52.25, 19.25, 26.0, 9999.0, 1.0, 1.5, 19.75, 9999.0, 9999.0, 9999.0, 120.75, 124.5, 120.25, 104.0, 135.25
2023-04-06, 08:26:25, 132.75, 52.25, 19.25, 26.25, 9999.0, 1.25, 1.5, 19.75, 9999.0, 9999.0, 9999.0, 120.75, 124.5, 120.5, 104.0, 135.5
2023-04-06, 08:26:29, 132.75, 52.25, 19.25, 26.0, 9999.0, 1.25, 1.5, 19.75, 9999.0, 9999.0, 9999.0, 120.75, 124.5, 120.5, 104.0, 135.25
2023-04-06, 08:26:33, 132.5, 52.25, 19.25, 26.25, 9999.0, 1.25, 1.5, 19.75, 9999.0, 9999.0, 9999.0, 120.75, 124.5, 120.5, 104.0, 135.25
2023-04-06, 08:26:37, 132.5, 52.25, 19.25, 26.25, 9999.0, 1.5, 1.5, 19.75, 9999.0, 9999.0, 9999.0, 120.75, 124.5, 120.5, 104.0, 135.25
2023-04-06, 08:26:41, 132.75, 52.25, 19.25, 26.25, 9999.0, 1.5, 1.5, 19.75, 9999.0, 9999.0, 9999.0, 120.5, 124.5, 120.5, 104.0, 135.5
2023-04-06, 08:26:45, 132.75, 52.25, 19.25, 26.25, 9999.0, 1.5, 1.5, 19.75, 9999.0, 9999.0, 9999.0, 121.5, 124.5, 120.5, 104.0, 135.25
2023-04-06, 08:26:49, 132.5, 52.25, 19.25, 26.25, 9999.0, 1.5, 1.5, 19.75, 9999.0, 9999.0, 9999.0, 121.5, 124.25, 120.5, 104.0, 135.5
2023-04-06, 08:26:53, 132.75, 52.25, 19.25, 26.25, 9999.0, 1.5, 1.5, 19.75, 9999.0, 9999.0, 9999.0, 121.25, 124.25, 120.5, 104.0, 135.25
2023-04-06, 08:26:57, 132.5, 52.25, 19.25, 26.0, 9999.0, 1.5, 1.5, 19.75, 9999.0, 9999.0, 9999.0, 121.25, 124.25, 120.5, 104.25, 135.25
2023-04-06, 08:27:01, 132.5, 52.25, 19.25, 26.25, 9999.0, 1.25, 1.5, 19.75, 9999.0, 9999.0, 9999.0, 121.25, 124.25, 120.25, 104.25, 135.25
2023-04-06, 08:27:05, 132.75, 52.25, 19.25, 26.25, 9999.0, 1.25, 1.5, 19.75, 9999.0, 9999.0, 9999.0, 121.25, 124.25, 120.5, 104.25, 135.25
2023-04-06, 08:27:09, 132.75, 52.25, 19.25, 26.25, 9999.0, 1.25, 1.75, 19.75, 9999.0, 9999.0, 9999.0, 121.0, 124.25, 120.25, 104.0, 135.25
2023-04-06, 08:27:13, 132.5, 52.25, 19.25, 26.25, 9999.0, 1.25, 1.5, 19.75, 9999.0, 9999.0, 9999.0, 121.0, 124.5, 120.25, 104.0, 135.25
2023-04-06, 08:27:17, 132.5, 52.25, 19.25, 26.25, 9999.0, 1.25, 1.5, 19.75, 9999.0, 9999.0, 9999.0, 121.25, 124.5, 120.5, 104.0, 135.25
2023-04-06, 08:27:21, 132.75, 52.25, 19.25, 26.25, 9999.0, 1.25, 1.5, 19.75, 9999.0, 9999.0, 9999.0, 121.25, 124.5, 120.5, 104.0, 135.25
2023-04-06, 08:27:25, 132.5, 52.25, 19.25, 26.25, 9999.0, 1.25, 1.75, 19.75, 9999.0, 9999.0, 9999.0, 121.0, 124.5, 120.5, 104.0, 135.25
2023-04-06, 08:27:29, 132.75, 52.25, 19.25, 26.25, 9999.0, 1.25, 1.5, 19.75, 9999.0, 9999.0, 9999.0, 121.0, 124.5, 120.5, 104.0, 135.25
2023-04-06, 08:27:33, 132.75, 52.25, 19.25, 26.25, 9999.0, 1.25, 1.5, 19.75, 9999.0, 9999.0, 9999.0, 121.0, 124.5, 120.25, 104.0, 135.25
2023-04-06, 08:27:37, 132.75, 52.25, 19.25, 26.25, 9999.0, 1.25, 1.5, 19.75, 9999.0, 9999.0, 9999.0, 121.0, 124.5, 120.5, 104.0, 135.25
2023-04-06, 08:27:41, 132.75, 52.25, 19.25, 26.25, 9999.0, 1.25, 1.5, 19.75, 9999.0, 9999.0, 9999.0, 121.0, 124.5, 120.5, 104.0, 135.25
2023-04-06, 08:27:45, 132.75, 52.25, 19.25, 26.25, 9999.0, 1.25, 1.5, 19.75, 9999.0, 9999.0, 9999.0, 120.75, 124.5, 120.5, 104.0, 135.25
2023-04-06, 08:27:49, 132.75, 52.25, 19.25, 26.25, 9999.0, 1.5, 1.5, 19.75, 9999.0, 9999.0, 9999.0, 120.75, 124.5, 120.5, 104.0, 135.25
2023-04-06, 08:27:53, 132.75, 52.25, 19.25, 26.25, 9999.0, 1.25, 1.5, 19.75, 9999.0, 9999.0, 9999.0, 120.75, 124.5, 120.5, 104.0, 135.25
2023-04-06, 08:27:57, 132.75, 52.25, 19.25, 26.25, 9999.0, 1.5, 1.5, 19.75, 9999.0, 9999.0, 9999.0, 120.75, 124.5, 120.5, 104.0, 135.25
2023-04-06, 08:28:01, 132.75, 52.25, 19.25, 26.25, 9999.0, 1.75, 1.5, 19.75, 9999.0, 9999.0, 9999.0, 120.75, 124.5, 120.5, 104.0, 135.25
2023-04-06, 08:28:05, 132.75, 52.25, 19.5, 26.25, 9999.0, 1.5, 1.5, 19.75, 9999.0, 9999.0, 9999.0, 121.5, 124.25, 120.5, 104.0, 135.25
2023-04-06, 08:28:09, 132.75, 52.25, 19.25, 26.25, 9999.0, 1.5, 1.5, 19.75, 9999.0, 9999.0, 9999.0, 121.25, 124.5, 120.5, 104.25, 135.25
2023-04-06, 08:28:13, 132.75, 52.25, 19.25, 26.25, 9999.0, 1.5, 1.5, 19.75, 9999.0, 9999.0, 9999.0, 121.25, 124.25, 120.5, 104.0, 135.25
2023-04-06, 08:28:17, 132.75, 52.25, 19.25, 26.0, 9999.0, 1.5, 1.5, 19.75, 9999.0, 9999.0, 9999.0, 121.25, 124.25, 120.5, 104.0, 135.25
2023-04-06, 08:28:21, 132.75, 52.25, 19.25, 26.0, 9999.0, 1.5, 1.75, 19.75, 9999.0, 9999.0, 9999.0, 121.25, 124.25, 120.5, 104.0, 135.25
2023-04-06, 08:28:25, 132.75, 52.25, 19.25, 26.0, 9999.0, 1.5, 1.5, 19.75, 9999.0, 9999.0, 9999.0, 121.25, 124.5, 120.25, 104.0, 135.25
2023-04-06, 08:28:29, 132.75, 52.25, 19.25, 26.0, 9999.0, 1.25, 1.5, 19.75, 9999.0, 9999.0, 9999.0, 121.0, 124.25, 120.25, 104.0, 135.25
2023-04-06, 08:28:33, 132.75, 52.25, 19.25, 26.0, 9999.0, 1.25, 1.5, 19.75, 9999.0, 9999.0, 9999.0, 121.0, 124.25, 120.5, 104.0, 135.5
2023-04-06, 08:28:37, 132.75, 52.25, 19.25, 26.0, 9999.0, 1.25, 1.5, 19.75, 9999.0, 9999.0, 9999.0, 121.25, 124.5, 120.25, 104.0, 135.25
2023-04-06, 08:28:41, 132.75, 52.25, 19.25, 26.25, 9999.0, 1.25, 1.5, 19.75, 9999.0, 9999.0, 9999.0, 121.0, 124.5, 120.5, 104.0, 135.25
2023-04-06, 08:28:45, 132.75, 52.25, 19.25, 26.0, 9999.0, 1.25, 1.5, 19.75, 9999.0, 9999.0, 9999.0, 121.0, 124.5, 120.5, 104.0, 135.5
2023-04-06, 08:28:49, 132.75, 52.25, 19.25, 26.25, 9999.0, 1.25, 1.5, 19.75, 9999.0, 9999.0, 9999.0, 121.0, 124.5, 120.5, 104.0, 135.5
2023-04-06, 08:28:53, 132.75, 52.25, 19.25, 26.25, 9999.0, 1.25, 1.5, 19.75, 9999.0, 9999.0, 9999.0, 121.0, 124.5, 120.25, 104.0, 135.25
2023-04-06, 08:28:57, 132.75, 52.25, 19.25, 26.25, 9999.0, 1.25, 1.5, 19.75, 9999.0, 9999.0, 9999.0, 121.0, 124.5, 120.25, 104.0, 135.5
2023-04-06, 08:29:01, 132.75, 52.25, 19.25, 26.25, 9999.0, 1.25, 1.5, 19.75, 9999.0, 9999.0, 9999.0, 121.0, 124.5, 120.5, 104.0, 135.25
2023-04-06, 08:29:05, 132.75, 52.25, 19.25, 26.25, 9999.0, 1.25, 1.5, 19.75, 9999.0, 9999.0, 9999.0, 120.75, 124.5, 120.5, 104.0, 135.5
2023-04-06, 08:29:09, 132.75, 52.25, 19.25, 26.25, 9999.0, 1.5, 1.5, 19.75, 9999.0, 9999.0, 9999.0, 120.75, 124.5, 120.5, 104.0, 135.5
2023-04-06, 08:29:13, 132.75, 52.25, 19.25, 26.25, 9999.0, 1.5, 1.5, 19.75, 9999.0, 9999.0, 9999.0, 120.75, 124.25, 120.5, 104.0, 135.25
2023-04-06, 08:29:17, 132.75, 52.25, 19.25, 26.25, 9999.0, 1.5, 1.5, 19.75, 9999.0, 9999.0, 9999.0, 120.75, 124.25, 120.5, 104.0, 135.25
2023-04-06, 08:29:21, 132.75, 52.25, 19.25, 26.25, 9999.0, 1.75, 1.75, 19.75, 9999.0, 9999.0, 9999.0, 120.75, 124.25, 120.5, 104.0, 135.25
2023-04-06, 08:29:25, 132.75, 52.25, 19.25, 26.25, 9999.0, 1.75, 1.75, 19.75, 9999.0, 9999.0, 9999.0, 121.5, 124.25, 120.5, 104.0, 135.25
2023-04-06, 08:29:29, 132.75, 52.25, 19.25, 26.25, 9999.0, 1.5, 1.5, 19.75, 9999.0, 9999.0, 9999.0, 121.5, 124.5, 120.5, 104.0, 135.25
2023-04-06, 08:29:33, 132.75, 52.25, 19.25, 26.0, 9999.0, 1.5, 1.75, 19.75, 9999.0, 9999.0, 9999.0, 121.5, 124.25, 120.5, 104.25, 135.25
2023-04-06, 08:29:37, 132.75, 52.25, 19.25, 25.75, 9999.0, 1.5, 1.75, 19.75, 9999.0, 9999.0, 9999.0, 121.25, 124.25, 120.5, 104.25, 135.5
2023-04-06, 08:29:41, 132.75, 52.25, 19.25, 25.75, 9999.0, 1.5, 1.75, 19.75, 9999.0, 9999.0, 9999.0, 121.25, 124.25, 120.5, 104.25, 135.5
2023-04-06, 08:29:45, 132.75, 52.25, 19.25, 25.5, 9999.0, 1.5, 1.5, 19.75, 9999.0, 9999.0, 9999.0, 121.25, 124.25, 120.5, 104.0, 135.25
2023-04-06, 08:29:49, 132.75, 52.25, 19.25, 26.0, 9999.0, 1.5, 1.5, 19.75, 9999.0, 9999.0, 9999.0, 121.25, 124.25, 120.5, 104.0, 135.25
2023-04-06, 08:29:53, 132.75, 52.25, 19.25, 26.0, 9999.0, 1.25, 1.75, 20.0, 9999.0, 9999.0, 9999.0, 121.0, 124.25, 120.25, 104.25, 135.25
2023-04-06, 08:29:57, 132.75, 52.25, 19.25, 26.25, 9999.0, 1.25, 1.75, 19.75, 9999.0, 9999.0, 9999.0, 121.25, 124.5, 120.5, 104.0, 135.25
2023-04-06, 08:30:01, 132.75, 52.25, 19.25, 26.25, 9999.0, 1.25, 1.75, 19.75, 9999.0, 9999.0, 9999.0, 121.0, 124.25, 120.5, 104.25, 135.25
2023-04-06, 08:30:06, 132.75, 52.25, 19.25, 26.25, 9999.0, 1.5, 1.5, 19.75, 9999.0, 9999.0, 9999.0, 121.0, 124.25, 120.25, 104.0, 135.5
2023-04-06, 08:30:10, 132.75, 52.25, 19.25, 26.0, 9999.0, 1.5, 1.5, 20.0, 9999.0, 9999.0, 9999.0, 121.0, 124.5, 120.5, 104.0, 135.25
2023-04-06, 08:30:14, 132.75, 52.25, 19.25, 26.25, 9999.0, 1.25, 1.75, 20.0, 9999.0, 9999.0, 9999.0, 121.0, 124.5, 120.5, 104.0, 135.25
2023-04-06, 08:30:18, 132.75, 52.25, 19.25, 26.0, 9999.0, 1.25, 1.5, 19.75, 9999.0, 9999.0, 9999.0, 120.75, 124.5, 120.25, 104.0, 135.5
2023-04-06, 08:30:22, 132.75, 52.25, 19.25, 26.25, 9999.0, 1.25, 1.5, 19.75, 9999.0, 9999.0, 9999.0, 121.0, 124.5, 120.25, 104.0, 135.25
2023-04-06, 08:30:26, 132.75, 52.25, 19.25, 26.25, 9999.0, 1.25, 1.75, 20.0, 9999.0, 9999.0, 9999.0, 120.75, 124.5, 120.5, 104.0, 135.25
2023-04-06, 08:30:30, 132.75, 52.25, 19.25, 26.25, 9999.0, 1.5, 1.5, 19.75, 9999.0, 9999.0, 9999.0, 120.75, 124.5, 120.5, 104.0, 135.25
2023-04-06, 08:30:34, 132.75, 52.25, 19.25, 26.25, 9999.0, 1.5, 1.5, 19.75, 9999.0, 9999.0, 9999.0, 120.75, 124.25, 120.5, 104.0, 135.25
2023-04-06, 08:30:38, 132.75, 52.25, 19.25, 26.25, 9999.0, 1.5, 1.75, 19.75, 9999.0, 9999.0, 9999.0, 120.75, 124.5, 120.5, 104.0, 135.5
2023-04-06, 08:30:42, 132.75, 52.25, 19.25, 26.25, 9999.0, 1.75, 1.75, 19.75, 9999.0, 9999.0, 9999.0, 120.75, 124.25, 120.5, 104.0, 135.5
2023-04-06, 08:30:46, 132.75, 52.25, 19.25, 26.25, 9999.0, 1.5, 1.75, 19.75, 9999.0, 9999.0, 9999.0, 121.5, 124.5, 120.5, 104.0, 135.5
2023-04-06, 08:30:50, 132.75, 52.25, 19.25, 26.25, 9999.0, 1.5, 1.75, 19.75, 9999.0, 9999.0, 9999.0, 121.5, 124.25, 120.5, 104.0, 135.25
2023-04-06, 08:30:54, 132.75, 52.25, 19.25, 26.25, 9999.0, 1.5, 1.75, 20.0, 9999.0, 9999.0, 9999.0, 121.5, 124.25, 120.5, 104.0, 135.5
2023-04-06, 08:30:58, 132.75, 52.25, 19.25, 26.0, 9999.0, 1.5, 1.5, 20.0, 9999.0, 9999.0, 9999.0, 121.25, 124.25, 120.5, 104.0, 135.25
2023-04-06, 08:31:02, 132.75, 52.25, 19.25, 25.75, 9999.0, 1.5, 1.75, 20.0, 9999.0, 9999.0, 9999.0, 121.25, 124.25, 120.25, 104.0, 135.25
2023-04-06, 08:31:06, 132.75, 52.25, 19.25, 26.0, 9999.0, 1.5, 1.75, 20.0, 9999.0, 9999.0, 9999.0, 121.25, 124.25, 120.5, 104.0, 135.25
2023-04-06, 08:31:10, 132.75, 52.25, 19.25, 26.25, 9999.0, 1.5, 1.75, 20.0, 9999.0, 9999.0, 9999.0, 121.25, 124.25, 120.5, 104.0, 135.25
2023-04-06, 08:31:14, 132.75, 52.25, 19.25, 26.25, 9999.0, 1.5, 1.75, 19.75, 9999.0, 9999.0, 9999.0, 121.0, 124.25, 120.5, 104.0, 135.25
2023-04-06, 08:31:18, 132.75, 52.25, 19.25, 26.0, 9999.0, 1.5, 1.75, 20.0, 9999.0, 9999.0, 9999.0, 121.25, 124.5, 120.5, 104.0, 135.25
2023-04-06, 08:31:22, 132.75, 52.25, 19.25, 26.25, 9999.0, 1.25, 1.75, 20.0, 9999.0, 9999.0, 9999.0, 121.0, 124.5, 120.5, 104.0, 135.25
2023-04-06, 08:31:26, 132.75, 52.25, 19.25, 26.25, 9999.0, 1.25, 1.75, 19.75, 9999.0, 9999.0, 9999.0, 121.0, 124.5, 120.25, 104.0, 135.5
2023-04-06, 08:31:30, 132.75, 52.25, 19.25, 26.25, 9999.0, 1.25, 1.5, 20.0, 9999.0, 9999.0, 9999.0, 121.0, 124.5, 120.5, 104.0, 135.25
2023-04-06, 08:31:34, 132.75, 52.25, 19.25, 26.25, 9999.0, 1.25, 1.75, 19.75, 9999.0, 9999.0, 9999.0, 121.0, 124.5, 120.5, 104.0, 135.25
2023-04-06, 08:31:38, 132.75, 52.25, 19.25, 26.25, 9999.0, 1.25, 1.75, 19.75, 9999.0, 9999.0, 9999.0, 121.0, 124.5, 120.5, 104.0, 135.25
2023-04-06, 08:31:42, 132.75, 52.25, 19.25, 26.25, 9999.0, 1.25, 1.75, 19.75, 9999.0, 9999.0, 9999.0, 121.0, 124.5, 120.25, 104.0, 135.5
2023-04-06, 08:31:46, 132.5, 52.25, 19.25, 26.25, 9999.0, 1.25, 1.5, 19.75, 9999.0, 9999.0, 9999.0, 121.0, 124.5, 120.5, 104.0, 135.5
2023-04-06, 08:31:50, 132.75, 52.25, 19.25, 26.25, 9999.0, 1.5, 1.5, 19.75, 9999.0, 9999.0, 9999.0, 120.75, 124.5, 120.5, 104.0, 135.25
2023-04-06, 08:31:54, 132.75, 52.25, 19.25, 26.0, 9999.0, 1.5, 1.75, 19.75, 9999.0, 9999.0, 9999.0, 120.75, 124.5, 120.5, 104.0, 135.5
2023-04-06, 08:31:58, 132.75, 52.25, 19.25, 26.25, 9999.0, 1.5, 1.5, 20.0, 9999.0, 9999.0, 9999.0, 120.75, 124.5, 120.5, 104.0, 135.25
2023-04-06, 08:32:02, 132.75, 52.25, 19.25, 26.25, 9999.0, 1.5, 1.75, 19.75, 9999.0, 9999.0, 9999.0, 120.75, 124.25, 120.25, 104.0, 135.25
2023-04-06, 08:32:06, 132.75, 52.25, 19.25, 26.0, 9999.0, 1.5, 1.75, 20.0, 9999.0, 9999.0, 9999.0, 120.75, 124.5, 120.5, 104.0, 135.25
2023-04-06, 08:32:10, 132.75, 52.25, 19.25, 26.0, 9999.0, 1.5, 1.5, 19.75, 9999.0, 9999.0, 9999.0, 121.5, 124.5, 120.5, 104.0, 135.5
2023-04-06, 08:32:14, 132.75, 52.25, 19.25, 26.0, 9999.0, 1.5, 1.5, 19.75, 9999.0, 9999.0, 9999.0, 121.25, 124.5, 120.5, 104.0, 135.25
2023-04-06, 08:32:18, 132.75, 52.25, 19.25, 26.0, 9999.0, 1.5, 1.5, 19.75, 9999.0, 9999.0, 9999.0, 121.25, 124.25, 120.5, 104.0, 135.25
2023-04-06, 08:32:22, 132.75, 52.25, 19.25, 26.0, 9999.0, 1.5, 1.5, 19.75, 9999.0, 9999.0, 9999.0, 121.25, 124.25, 120.5, 104.0, 135.25
2023-04-06, 08:32:26, 132.75, 52.25, 19.25, 26.0, 9999.0, 1.5, 1.75, 19.75, 9999.0, 9999.0, 9999.0, 121.25, 124.25, 120.25, 104.0, 135.25
2023-04-06, 08:32:30, 132.75, 52.25, 19.25, 26.0, 9999.0, 1.5, 1.5, 19.75, 9999.0, 9999.0, 9999.0, 121.25, 124.25, 120.5, 104.0, 135.25
2023-04-06, 08:32:34, 132.75, 52.25, 19.25, 26.25, 9999.0, 1.25, 1.75, 20.0, 9999.0, 9999.0, 9999.0, 121.0, 124.25, 120.25, 104.0, 135.25
2023-04-06, 08:32:38, 132.75, 52.25, 19.25, 26.0, 9999.0, 1.5, 1.5, 19.75, 9999.0, 9999.0, 9999.0, 121.0, 124.5, 120.5, 104.0, 135.25
2023-04-06, 08:32:42, 132.75, 52.25, 19.25, 26.0, 9999.0, 1.25, 1.5, 19.75, 9999.0, 9999.0, 9999.0, 121.0, 124.5, 120.25, 104.0, 135.25
2023-04-06, 08:32:46, 132.75, 52.25, 19.25, 26.0, 9999.0, 1.25, 1.5, 19.75, 9999.0, 9999.0, 9999.0, 121.0, 124.5, 120.25, 104.0, 135.25
2023-04-06, 08:32:50, 132.75, 52.25, 19.25, 26.0, 9999.0, 1.25, 1.5, 19.75, 9999.0, 9999.0, 9999.0, 121.0, 124.5, 120.25, 104.0, 135.25
2023-04-06, 08:32:54, 132.75, 52.25, 19.25, 26.0, 9999.0, 1.25, 1.5, 19.75, 9999.0, 9999.0, 9999.0, 121.0, 124.5, 120.5, 104.0, 135.25
2023-04-06, 08:32:58, 132.75, 52.25, 19.25, 26.25, 9999.0, 1.25, 1.5, 19.75, 9999.0, 9999.0, 9999.0, 121.0, 124.25, 120.25, 104.0, 135.25
2023-04-06, 08:33:02, 132.75, 52.25, 19.25, 26.0, 9999.0, 1.25, 1.5, 19.75, 9999.0, 9999.0, 9999.0, 120.75, 124.25, 120.25, 104.0, 135.25
2023-04-06, 08:33:06, 132.75, 52.25, 19.25, 26.0, 9999.0, 1.25, 1.5, 19.75, 9999.0, 9999.0, 9999.0, 120.75, 124.25, 120.5, 104.0, 135.25
2023-04-06, 08:33:10, 132.75, 52.25, 19.25, 26.0, 9999.0, 1.25, 1.5, 19.75, 9999.0, 9999.0, 9999.0, 120.75, 124.25, 120.25, 104.0, 135.25
2023-04-06, 08:33:14, 132.75, 52.0, 19.25, 26.0, 9999.0, 1.5, 1.5, 19.75, 9999.0, 9999.0, 9999.0, 120.75, 124.25, 120.25, 104.0, 135.25
2023-04-06, 08:33:18, 132.75, 52.25, 19.25, 26.0, 9999.0, 1.5, 1.5, 19.75, 9999.0, 9999.0, 9999.0, 120.75, 124.25, 120.25, 104.0, 135.25
2023-04-06, 08:33:22, 132.5, 52.25, 19.0, 26.0, 9999.0, 1.5, 1.75, 19.75, 9999.0, 9999.0, 9999.0, 120.75, 124.25, 120.25, 104.0, 135.25
2023-04-06, 08:33:26, 132.75, 52.0, 19.0, 26.25, 9999.0, 1.5, 1.5, 19.75, 9999.0, 9999.0, 9999.0, 120.75, 124.25, 120.25, 104.0, 135.25
2023-04-06, 08:33:30, 132.75, 52.25, 19.25, 26.25, 9999.0, 1.5, 1.5, 19.75, 9999.0, 9999.0, 9999.0, 121.25, 124.25, 120.25, 104.0, 135.25
2023-04-06, 08:33:34, 132.75, 52.25, 19.25, 26.0, 9999.0, 1.5, 1.5, 19.75, 9999.0, 9999.0, 9999.0, 121.25, 124.25, 120.25, 104.0, 135.25
2023-04-06, 08:33:38, 132.5, 52.25, 19.25, 26.0, 9999.0, 1.5, 1.5, 19.75, 9999.0, 9999.0, 9999.0, 121.25, 124.25, 120.25, 104.0, 135.25
2023-04-06, 08:33:42, 132.75, 52.25, 19.25, 26.0, 9999.0, 1.5, 1.75, 19.75, 9999.0, 9999.0, 9999.0, 121.25, 124.25, 120.25, 104.0, 135.25
2023-04-06, 08:33:46, 132.75, 52.25, 19.25, 26.0, 9999.0, 1.5, 1.5, 19.75, 9999.0, 9999.0, 9999.0, 121.25, 124.25, 120.25, 104.0, 135.25
2023-04-06, 08:33:50, 132.5, 52.0, 19.25, 26.0, 9999.0, 1.5, 1.75, 19.75, 9999.0, 9999.0, 9999.0, 121.0, 124.25, 120.25, 104.0, 135.25
2023-04-06, 08:33:54, 132.75, 52.0, 19.25, 26.0, 9999.0, 1.5, 1.5, 19.75, 9999.0, 9999.0, 9999.0, 121.0, 124.25, 120.25, 104.0, 135.25
2023-04-06, 08:33:58, 132.5, 52.25, 19.0, 26.0, 9999.0, 1.25, 1.5, 19.75, 9999.0, 9999.0, 9999.0, 121.0, 124.5, 120.25, 104.0, 135.25
2023-04-06, 08:34:02, 132.5, 52.0, 19.25, 26.0, 9999.0, 1.25, 1.75, 19.75, 9999.0, 9999.0, 9999.0, 121.0, 124.5, 120.25, 104.0, 135.25
2023-04-06, 08:34:06, 132.75, 52.25, 19.25, 25.75, 9999.0, 1.25, 1.5, 19.75, 9999.0, 9999.0, 9999.0, 121.0, 124.5, 120.25, 104.0, 135.25
2023-04-06, 08:34:10, 132.5, 52.0, 19.25, 26.0, 9999.0, 1.25, 1.5, 19.75, 9999.0, 9999.0, 9999.0, 121.0, 124.25, 120.25, 104.0, 135.25
2023-04-06, 08:34:14, 132.5, 52.0, 19.25, 26.0, 9999.0, 1.25, 1.5, 19.75, 9999.0, 9999.0, 9999.0, 121.0, 124.25, 120.25, 104.0, 135.25
2023-04-06, 08:34:18, 132.75, 52.0, 19.25, 26.25, 9999.0, 1.25, 1.5, 19.75, 9999.0, 9999.0, 9999.0, 121.0, 124.25, 120.25, 104.0, 135.25
2023-04-06, 08:34:22, 132.5, 52.0, 19.25, 26.25, 9999.0, 1.25, 1.5, 19.75, 9999.0, 9999.0, 9999.0, 120.75, 124.25, 120.25, 104.0, 135.25
2023-04-06, 08:34:26, 132.5, 52.0, 19.0, 26.25, 9999.0, 1.25, 1.5, 19.75, 9999.0, 9999.0, 9999.0, 120.75, 124.25, 120.25, 104.0, 135.25
2023-04-06, 08:34:30, 132.75, 52.0, 19.25, 26.5, 9999.0, 1.25, 1.5, 19.75, 9999.0, 9999.0, 9999.0, 120.75, 124.25, 120.5, 104.0, 135.25
2023-04-06, 08:34:35, 132.5, 52.0, 19.25, 26.25, 9999.0, 1.25, 1.5, 19.75, 9999.0, 9999.0, 9999.0, 120.75, 124.25, 120.5, 104.0, 135.25
2023-04-06, 08:34:39, 132.5, 52.0, 19.0, 26.25, 9999.0, 1.25, 1.5, 19.75, 9999.0, 9999.0, 9999.0, 120.5, 124.25, 120.25, 104.0, 135.25
2023-04-06, 08:34:43, 132.5, 52.0, 19.0, 26.0, 9999.0, 1.5, 1.5, 19.75, 9999.0, 9999.0, 9999.0, 120.5, 124.25, 120.25, 104.0, 135.25
2023-04-06, 08:34:47, 132.5, 52.0, 19.25, 26.0, 9999.0, 1.5, 1.5, 19.75, 9999.0, 9999.0, 9999.0, 120.5, 124.25, 120.5, 104.0, 135.25
2023-04-06, 08:34:51, 132.5, 52.0, 19.25, 26.0, 9999.0, 1.5, 1.5, 19.75, 9999.0, 9999.0, 9999.0, 121.25, 124.25, 120.25, 104.0, 135.25
2023-04-06, 08:34:55, 132.75, 52.0, 19.25, 26.0, 9999.0, 1.5, 1.5, 19.75, 9999.0, 9999.0, 9999.0, 121.25, 124.25, 120.25, 104.0, 135.25
2023-04-06, 08:34:59, 132.5, 52.0, 19.0, 26.0, 9999.0, 1.5, 1.5, 19.75, 9999.0, 9999.0, 9999.0, 121.25, 124.25, 120.25, 104.0, 135.25
2023-04-06, 08:35:03, 132.5, 52.0, 19.25, 25.75, 9999.0, 1.5, 1.5, 19.75, 9999.0, 9999.0, 9999.0, 121.0, 124.25, 120.25, 104.0, 135.25
2023-04-06, 08:35:07, 132.5, 52.0, 19.25, 26.0, 9999.0, 1.5, 1.5, 19.75, 9999.0, 9999.0, 9999.0, 121.25, 124.25, 120.25, 103.75, 135.25
2023-04-06, 08:35:11, 132.75, 52.0, 19.0, 26.0, 9999.0, 1.25, 1.5, 19.75, 9999.0, 9999.0, 9999.0, 121.0, 124.25, 120.25, 104.0, 135.25
2023-04-06, 08:35:15, 132.5, 52.0, 19.25, 26.0, 9999.0, 1.25, 1.5, 19.75, 9999.0, 9999.0, 9999.0, 121.0, 124.25, 120.25, 104.0, 135.0
2023-04-06, 08:35:19, 132.5, 52.0, 19.0, 26.0, 9999.0, 1.25, 1.5, 19.75, 9999.0, 9999.0, 9999.0, 121.0, 124.25, 120.25, 104.0, 135.25
2023-04-06, 08:35:23, 132.5, 52.0, 19.25, 26.0, 9999.0, 1.25, 1.5, 19.75, 9999.0, 9999.0, 9999.0, 121.0, 124.25, 120.25, 104.0, 135.25
2023-04-06, 08:35:27, 132.75, 52.0, 19.0, 26.0, 9999.0, 1.25, 1.5, 19.75, 9999.0, 9999.0, 9999.0, 121.0, 124.25, 120.25, 104.0, 135.25
2023-04-06, 08:35:31, 132.5, 52.0, 19.0, 26.0, 9999.0, 1.25, 1.5, 19.75, 9999.0, 9999.0, 9999.0, 121.0, 124.25, 120.25, 104.0, 135.25
2023-04-06, 08:35:35, 132.5, 52.0, 19.25, 26.0, 9999.0, 1.25, 1.5, 19.75, 9999.0, 9999.0, 9999.0, 120.75, 124.25, 120.25, 104.0, 135.25
2023-04-06, 08:35:39, 132.5, 52.0, 19.25, 26.0, 9999.0, 1.25, 1.5, 19.75, 9999.0, 9999.0, 9999.0, 120.75, 124.25, 120.25, 104.0, 135.25
2023-04-06, 08:35:43, 132.5, 52.0, 19.0, 26.0, 9999.0, 1.25, 1.5, 19.75, 9999.0, 9999.0, 9999.0, 120.75, 124.25, 120.25, 103.75, 135.25
2023-04-06, 08:35:47, 132.5, 52.0, 19.0, 25.75, 9999.0, 1.25, 1.5, 19.75, 9999.0, 9999.0, 9999.0, 120.75, 124.25, 120.25, 103.75, 135.25
2023-04-06, 08:35:51, 132.5, 52.0, 19.0, 25.75, 9999.0, 1.25, 1.5, 19.75, 9999.0, 9999.0, 9999.0, 120.75, 124.25, 120.5, 104.0, 135.25
2023-04-06, 08:35:55, 132.5, 52.0, 19.0, 26.0, 9999.0, 1.25, 1.5, 19.75, 9999.0, 9999.0, 9999.0, 120.75, 124.25, 120.25, 103.75, 135.25
2023-04-06, 08:35:59, 132.5, 52.0, 19.0, 26.0, 9999.0, 1.25, 1.5, 19.75, 9999.0, 9999.0, 9999.0, 120.75, 124.25, 120.25, 104.0, 135.25
2023-04-06, 08:36:03, 132.5, 52.0, 19.0, 26.0, 9999.0, 1.5, 1.5, 19.75, 9999.0, 9999.0, 9999.0, 120.5, 124.25, 120.25, 103.75, 135.0
2023-04-06, 08:36:07, 132.5, 52.0, 19.0, 25.75, 9999.0, 1.5, 1.5, 19.75, 9999.0, 9999.0, 9999.0, 121.25, 124.25, 120.25, 104.0, 135.25
2023-04-06, 08:36:11, 132.5, 52.0, 19.0, 25.75, 9999.0, 1.5, 1.5, 19.75, 9999.0, 9999.0, 9999.0, 121.25, 124.25, 120.25, 104.0, 135.25
2023-04-06, 08:36:15, 132.5, 52.0, 19.0, 25.75, 9999.0, 1.5, 1.5, 19.75, 9999.0, 9999.0, 9999.0, 121.25, 124.25, 120.25, 103.75, 135.25
2023-04-06, 08:36:19, 132.5, 52.0, 19.0, 25.75, 9999.0, 1.25, 1.5, 19.75, 9999.0, 9999.0, 9999.0, 121.25, 124.25, 120.25, 103.75, 135.0
2023-04-06, 08:36:23, 132.5, 52.0, 19.0, 26.0, 9999.0, 1.25, 1.5, 19.75, 9999.0, 9999.0, 9999.0, 121.25, 124.25, 120.25, 103.75, 135.25
2023-04-06, 08:36:27, 132.5, 52.0, 19.0, 26.0, 9999.0, 1.5, 1.5, 19.75, 9999.0, 9999.0, 9999.0, 121.0, 124.25, 120.25, 103.75, 135.25
2023-04-06, 08:36:31, 132.5, 52.0, 19.0, 26.0, 9999.0, 1.25, 1.5, 19.75, 9999.0, 9999.0, 9999.0, 121.0, 124.0, 120.25, 103.75, 135.0
2023-04-06, 08:36:35, 132.5, 52.0, 19.25, 26.0, 9999.0, 1.25, 1.5, 19.75, 9999.0, 9999.0, 9999.0, 121.0, 124.0, 120.25, 103.75, 135.25
2023-04-06, 08:36:39, 132.5, 52.0, 19.0, 26.25, 9999.0, 1.25, 1.5, 19.5, 9999.0, 9999.0, 9999.0, 121.0, 124.25, 120.25, 103.75, 135.0
2023-04-06, 08:36:43, 132.5, 52.0, 19.0, 26.25, 9999.0, 1.25, 1.5, 19.75, 9999.0, 9999.0, 9999.0, 121.0, 124.25, 120.25, 103.75, 135.25
2023-04-06, 08:36:47, 132.5, 52.0, 19.0, 26.0, 9999.0, 1.25, 1.5, 19.75, 9999.0, 9999.0, 9999.0, 121.0, 124.25, 120.25, 103.75, 135.25
2023-04-06, 08:36:51, 132.5, 52.0, 19.0, 26.0, 9999.0, 1.25, 1.5, 19.75, 9999.0, 9999.0, 9999.0, 121.0, 124.25, 120.25, 103.75, 135.25
2023-04-06, 08:36:55, 132.5, 52.0, 19.0, 26.0, 9999.0, 1.25, 1.5, 19.75, 9999.0, 9999.0, 9999.0, 120.75, 124.25, 120.25, 103.75, 135.25
2023-04-06, 08:36:59, 132.5, 52.0, 19.0, 26.0, 9999.0, 1.25, 1.5, 19.75, 9999.0, 9999.0, 9999.0, 120.75, 124.25, 120.25, 103.75, 135.0
2023-04-06, 08:37:03, 132.5, 52.0, 19.0, 26.0, 9999.0, 1.25, 1.5, 19.5, 9999.0, 9999.0, 9999.0, 120.75, 124.25, 120.25, 103.75, 135.0
2023-04-06, 08:37:07, 132.5, 52.0, 19.0, 26.0, 9999.0, 1.0, 1.5, 19.75, 9999.0, 9999.0, 9999.0, 120.75, 124.25, 120.25, 103.75, 135.25
2023-04-06, 08:37:11, 132.5, 52.0, 19.0, 26.0, 9999.0, 1.25, 1.5, 19.75, 9999.0, 9999.0, 9999.0, 120.75, 124.25, 120.25, 103.75, 135.0
2023-04-06, 08:37:15, 132.5, 52.0, 19.0, 26.25, 9999.0, 1.25, 1.5, 19.75, 9999.0, 9999.0, 9999.0, 120.5, 124.25, 120.25, 103.75, 135.25
2023-04-06, 08:37:19, 132.5, 52.0, 19.0, 26.0, 9999.0, 1.25, 1.5, 19.75, 9999.0, 9999.0, 9999.0, 120.5, 124.25, 120.25, 103.75, 135.25
2023-04-06, 08:37:23, 132.5, 52.0, 19.0, 26.0, 9999.0, 1.5, 1.5, 19.75, 9999.0, 9999.0, 9999.0, 120.5, 124.25, 120.25, 103.75, 135.0
2023-04-06, 08:37:27, 132.5, 52.0, 19.0, 26.0, 9999.0, 1.5, 1.5, 19.75, 9999.0, 9999.0, 9999.0, 121.25, 124.25, 120.25, 103.75, 135.0
2023-04-06, 08:37:31, 132.5, 52.0, 19.0, 26.0, 9999.0, 1.5, 1.5, 19.75, 9999.0, 9999.0, 9999.0, 121.25, 124.0, 120.25, 103.75, 135.25
2023-04-06, 08:37:35, 132.5, 52.0, 19.0, 26.0, 9999.0, 1.5, 1.5, 19.75, 9999.0, 9999.0, 9999.0, 121.25, 124.25, 120.25, 103.75, 135.25
2023-04-06, 08:37:39, 132.5, 52.0, 19.0, 26.0, 9999.0, 1.25, 1.5, 19.75, 9999.0, 9999.0, 9999.0, 121.0, 124.0, 120.25, 104.0, 135.25
2023-04-06, 08:37:43, 132.5, 52.0, 19.0, 26.0, 9999.0, 1.25, 1.5, 19.75, 9999.0, 9999.0, 9999.0, 121.0, 124.0, 120.25, 104.0, 135.25
2023-04-06, 08:37:47, 132.5, 52.0, 19.0, 26.0, 9999.0, 1.25, 1.5, 19.75, 9999.0, 9999.0, 9999.0, 121.0, 124.25, 120.25, 104.0, 135.0
2023-04-06, 08:37:51, 132.5, 52.0, 19.0, 26.0, 9999.0, 1.25, 1.5, 19.75, 9999.0, 9999.0, 9999.0, 121.0, 124.0, 120.25, 104.0, 135.0
2023-04-06, 08:37:55, 132.5, 52.0, 19.0, 26.0, 9999.0, 1.25, 1.5, 19.5, 9999.0, 9999.0, 9999.0, 120.75, 124.0, 120.25, 103.75, 135.25
2023-04-06, 08:37:59, 132.5, 52.0, 19.0, 26.0, 9999.0, 1.25, 1.5, 19.5, 9999.0, 9999.0, 9999.0, 121.0, 124.25, 120.25, 104.0, 135.25
2023-04-06, 08:38:03, 132.5, 52.0, 19.0, 26.0, 9999.0, 1.25, 1.5, 19.75, 9999.0, 9999.0, 9999.0, 121.0, 124.25, 120.25, 104.0, 135.25
2023-04-06, 08:38:07, 132.5, 52.0, 19.0, 26.0, 9999.0, 1.25, 1.5, 19.75, 9999.0, 9999.0, 9999.0, 121.0, 124.25, 120.25, 104.0, 135.25
2023-04-06, 08:38:11, 132.5, 52.0, 19.0, 26.0, 9999.0, 1.25, 1.5, 19.75, 9999.0, 9999.0, 9999.0, 120.75, 124.25, 120.25, 104.0, 135.25
2023-04-06, 08:38:15, 132.5, 52.0, 19.0, 26.0, 9999.0, 1.25, 1.5, 19.5, 9999.0, 9999.0, 9999.0, 120.75, 124.25, 120.25, 104.0, 135.0
2023-04-06, 08:38:19, 132.5, 52.0, 19.0, 26.0, 9999.0, 1.0, 1.5, 19.5, 9999.0, 9999.0, 9999.0, 120.75, 124.25, 120.25, 103.75, 135.25
2023-04-06, 08:38:23, 132.5, 52.0, 19.0, 26.0, 9999.0, 1.0, 1.5, 19.5, 9999.0, 9999.0, 9999.0, 120.75, 124.25, 120.25, 103.75, 135.25
2023-04-06, 08:38:27, 132.5, 52.0, 19.0, 26.0, 9999.0, 1.0, 1.5, 19.5, 9999.0, 9999.0, 9999.0, 120.75, 124.25, 120.25, 103.75, 135.25
2023-04-06, 08:38:31, 132.5, 52.0, 19.0, 26.0, 9999.0, 1.25, 1.5, 19.75, 9999.0, 9999.0, 9999.0, 120.5, 124.25, 120.25, 104.0, 135.0
2023-04-06, 08:38:35, 132.5, 52.0, 19.0, 26.0, 9999.0, 1.25, 1.5, 19.75, 9999.0, 9999.0, 9999.0, 120.75, 124.25, 120.25, 104.0, 135.25
2023-04-06, 08:38:39, 132.5, 52.0, 19.25, 26.0, 9999.0, 1.25, 1.5, 19.75, 9999.0, 9999.0, 9999.0, 120.5, 124.25, 120.25, 103.75, 135.0
2023-04-06, 08:38:43, 132.5, 52.0, 19.0, 26.0, 9999.0, 1.5, 1.5, 19.75, 9999.0, 9999.0, 9999.0, 120.5, 124.25, 120.25, 103.75, 135.0
2023-04-06, 08:38:47, 132.5, 52.0, 19.0, 26.0, 9999.0, 1.5, 1.5, 19.75, 9999.0, 9999.0, 9999.0, 121.25, 124.25, 120.25, 103.75, 135.0
2023-04-06, 08:38:51, 132.5, 52.0, 19.0, 26.0, 9999.0, 1.5, 1.5, 19.5, 9999.0, 9999.0, 9999.0, 121.25, 124.25, 120.25, 104.0, 135.0
2023-04-06, 08:38:55, 132.5, 52.0, 19.0, 26.0, 9999.0, 1.25, 1.5, 19.75, 9999.0, 9999.0, 9999.0, 121.25, 124.0, 120.25, 104.0, 135.0
2023-04-06, 08:38:59, 132.5, 52.0, 19.0, 26.0, 9999.0, 1.25, 1.5, 19.5, 9999.0, 9999.0, 9999.0, 121.25, 124.0, 120.25, 104.0, 135.0
2023-04-06, 08:39:04, 132.5, 52.0, 19.0, 26.0, 9999.0, 1.25, 1.5, 19.5, 9999.0, 9999.0, 9999.0, 121.0, 124.25, 120.25, 103.75, 135.0
2023-04-06, 08:39:08, 132.25, 52.0, 19.0, 26.0, 9999.0, 1.25, 1.5, 19.5, 9999.0, 9999.0, 9999.0, 121.0, 124.25, 120.25, 104.0, 135.25
2023-04-06, 08:39:12, 132.5, 52.0, 19.0, 26.0, 9999.0, 1.25, 1.5, 19.5, 9999.0, 9999.0, 9999.0, 121.0, 124.25, 120.25, 103.75, 135.0
2023-04-06, 08:39:16, 132.5, 52.0, 19.0, 26.0, 9999.0, 1.25, 1.5, 19.5, 9999.0, 9999.0, 9999.0, 121.0, 124.25, 120.25, 104.0, 135.0
2023-04-06, 08:39:20, 132.5, 52.0, 19.0, 26.0, 9999.0, 1.25, 1.5, 19.5, 9999.0, 9999.0, 9999.0, 121.0, 124.25, 120.25, 104.0, 135.0
2023-04-06, 08:39:24, 132.5, 52.0, 19.25, 26.0, 9999.0, 1.25, 1.5, 19.5, 9999.0, 9999.0, 9999.0, 120.75, 124.25, 120.25, 104.0, 135.0
2023-04-06, 08:39:28, 132.5, 51.75, 19.0, 26.25, 9999.0, 1.25, 1.5, 19.5, 9999.0, 9999.0, 9999.0, 121.0, 124.25, 120.25, 104.0, 135.0
2023-04-06, 08:39:32, 132.5, 52.0, 19.25, 26.0, 9999.0, 1.25, 1.5, 19.5, 9999.0, 9999.0, 9999.0, 121.0, 124.25, 120.25, 104.0, 135.25
2023-04-06, 08:39:36, 132.5, 52.0, 19.0, 26.25, 9999.0, 1.0, 1.5, 19.75, 9999.0, 9999.0, 9999.0, 120.75, 124.25, 120.25, 103.75, 135.25
2023-04-06, 08:39:40, 132.25, 52.0, 19.0, 26.25, 9999.0, 1.25, 1.5, 19.5, 9999.0, 9999.0, 9999.0, 120.75, 124.25, 120.25, 104.0, 135.25
2023-04-06, 08:39:44, 132.5, 52.0, 19.0, 26.0, 9999.0, 1.25, 1.5, 19.75, 9999.0, 9999.0, 9999.0, 120.75, 124.25, 120.25, 104.0, 135.25
2023-04-06, 08:39:48, 132.5, 52.0, 19.0, 26.0, 9999.0, 1.0, 1.5, 19.5, 9999.0, 9999.0, 9999.0, 120.75, 124.25, 120.25, 103.75, 135.0
2023-04-06, 08:39:52, 132.5, 52.0, 19.0, 26.0, 9999.0, 1.25, 1.5, 19.75, 9999.0, 9999.0, 9999.0, 120.75, 124.25, 120.25, 104.0, 135.25
2023-04-06, 08:39:56, 132.5, 52.0, 19.25, 26.0, 9999.0, 1.25, 1.5, 19.5, 9999.0, 9999.0, 9999.0, 120.5, 124.25, 120.25, 104.0, 135.25
2023-04-06, 08:40:00, 132.5, 52.0, 19.0, 26.25, 9999.0, 1.5, 1.5, 19.5, 9999.0, 9999.0, 9999.0, 120.5, 124.25, 120.25, 104.0, 135.25
2023-04-06, 08:40:04, 132.5, 52.0, 19.0, 26.0, 9999.0, 1.5, 1.5, 19.75, 9999.0, 9999.0, 9999.0, 120.5, 124.25, 120.25, 104.0, 135.0
2023-04-06, 08:40:08, 132.5, 52.0, 19.0, 26.0, 9999.0, 1.5, 1.5, 19.75, 9999.0, 9999.0, 9999.0, 121.25, 124.25, 120.25, 104.0, 135.25
2023-04-06, 08:40:12, 132.5, 52.0, 19.0, 26.0, 9999.0, 1.5, 1.5, 19.75, 9999.0, 9999.0, 9999.0, 121.25, 124.25, 120.25, 104.0, 135.25
2023-04-06, 08:40:16, 132.25, 52.0, 19.25, 26.25, 9999.0, 1.25, 1.5, 19.75, 9999.0, 9999.0, 9999.0, 121.25, 124.25, 120.25, 104.0, 135.25
2023-04-06, 08:40:20, 132.5, 52.0, 19.25, 26.25, 9999.0, 1.25, 1.5, 19.5, 9999.0, 9999.0, 9999.0, 121.0, 124.25, 120.25, 104.0, 135.25
2023-04-06, 08:40:24, 132.5, 52.0, 19.0, 26.25, 9999.0, 1.25, 1.5, 19.75, 9999.0, 9999.0, 9999.0, 121.0, 124.25, 120.25, 104.0, 135.25
2023-04-06, 08:40:28, 132.5, 51.75, 19.0, 26.25, 9999.0, 1.25, 1.5, 19.5, 9999.0, 9999.0, 9999.0, 121.0, 124.0, 120.25, 104.0, 135.25
2023-04-06, 08:40:32, 132.5, 51.75, 19.25, 26.0, 9999.0, 1.25, 1.5, 19.75, 9999.0, 9999.0, 9999.0, 121.0, 124.0, 120.25, 104.0, 135.25
2023-04-06, 08:40:36, 132.5, 52.0, 19.0, 26.0, 9999.0, 1.25, 1.5, 19.75, 9999.0, 9999.0, 9999.0, 121.0, 124.25, 120.25, 104.0, 135.25
2023-04-06, 08:40:40, 132.5, 52.0, 19.0, 26.0, 9999.0, 1.25, 1.5, 19.75, 9999.0, 9999.0, 9999.0, 121.0, 124.25, 120.25, 104.0, 135.0
2023-04-06, 08:40:44, 132.25, 52.0, 19.0, 26.0, 9999.0, 1.25, 1.5, 19.75, 9999.0, 9999.0, 9999.0, 120.75, 124.25, 120.25, 103.75, 135.25
2023-04-06, 08:40:48, 132.5, 52.0, 19.0, 26.0, 9999.0, 1.25, 1.5, 19.75, 9999.0, 9999.0, 9999.0, 120.75, 124.25, 120.25, 103.75, 135.0
2023-04-06, 08:40:52, 132.5, 52.0, 19.0, 26.0, 9999.0, 1.25, 1.5, 19.75, 9999.0, 9999.0, 9999.0, 120.75, 124.25, 120.25, 103.75, 135.25
2023-04-06, 08:40:56, 132.25, 51.75, 19.0, 26.0, 9999.0, 1.0, 1.5, 19.5, 9999.0, 9999.0, 9999.0, 120.75, 124.25, 120.25, 104.0, 135.25
2023-04-06, 08:41:00, 132.25, 51.75, 19.0, 25.75, 9999.0, 1.0, 1.5, 19.75, 9999.0, 9999.0, 9999.0, 120.75, 124.25, 120.25, 103.75, 135.25
2023-04-06, 08:41:04, 132.25, 52.0, 19.0, 26.0, 9999.0, 1.0, 1.5, 19.5, 9999.0, 9999.0, 9999.0, 120.75, 124.25, 120.25, 103.75, 135.25
2023-04-06, 08:41:08, 132.25, 52.0, 19.0, 26.0, 9999.0, 1.0, 1.5, 19.5, 9999.0, 9999.0, 9999.0, 120.5, 124.25, 120.25, 103.75, 135.0
2023-04-06, 08:41:12, 132.5, 52.0, 19.0, 26.0, 9999.0, 1.25, 1.25, 19.75, 9999.0, 9999.0, 9999.0, 120.5, 124.25, 120.25, 103.75, 135.25
2023-04-06, 08:41:16, 132.5, 51.75, 19.0, 26.0, 9999.0, 1.25, 1.25, 19.75, 9999.0, 9999.0, 9999.0, 120.5, 124.0, 120.25, 103.75, 135.0
2023-04-06, 08:41:20, 132.25, 52.0, 19.0, 26.0, 9999.0, 1.25, 1.5, 19.75, 9999.0, 9999.0, 9999.0, 120.5, 124.25, 120.25, 103.75, 135.0
2023-04-06, 08:41:24, 132.5, 52.0, 19.0, 26.0, 9999.0, 1.5, 1.5, 19.5, 9999.0, 9999.0, 9999.0, 120.5, 124.25, 120.25, 103.75, 135.25
2023-04-06, 08:41:28, 132.5, 51.75, 19.0, 26.0, 9999.0, 1.5, 1.5, 19.75, 9999.0, 9999.0, 9999.0, 121.25, 124.0, 120.25, 103.75, 135.0
2023-04-06, 08:41:32, 132.25, 51.75, 19.0, 26.0, 9999.0, 1.25, 1.5, 19.5, 9999.0, 9999.0, 9999.0, 121.25, 124.25, 120.25, 103.75, 135.0
2023-04-06, 08:41:36, 132.25, 51.75, 19.0, 26.0, 9999.0, 1.25, 1.5, 19.5, 9999.0, 9999.0, 9999.0, 121.25, 124.0, 120.25, 103.75, 135.0
2023-04-06, 08:41:40, 132.25, 52.0, 19.25, 26.0, 9999.0, 1.25, 1.5, 19.5, 9999.0, 9999.0, 9999.0, 121.0, 124.0, 120.25, 103.75, 135.25
2023-04-06, 08:41:44, 132.25, 51.75, 19.0, 26.0, 9999.0, 1.25, 1.5, 19.75, 9999.0, 9999.0, 9999.0, 121.0, 124.0, 120.25, 103.75, 135.0
2023-04-06, 08:41:48, 132.5, 51.75, 19.0, 26.0, 9999.0, 1.25, 1.5, 19.75, 9999.0, 9999.0, 9999.0, 121.0, 124.0, 120.25, 103.75, 135.0
2023-04-06, 08:41:52, 132.25, 51.75, 19.0, 26.0, 9999.0, 1.25, 1.5, 19.5, 9999.0, 9999.0, 9999.0, 120.75, 124.0, 120.25, 103.75, 135.0
2023-04-06, 08:41:56, 132.25, 52.0, 19.0, 26.0, 9999.0, 1.25, 1.5, 19.5, 9999.0, 9999.0, 9999.0, 120.75, 124.25, 120.25, 103.75, 135.0
2023-04-06, 08:42:00, 132.25, 51.75, 19.0, 26.0, 9999.0, 1.25, 1.25, 19.5, 9999.0, 9999.0, 9999.0, 120.75, 124.25, 120.25, 103.75, 135.0
2023-04-06, 08:42:04, 132.25, 52.0, 18.75, 26.0, 9999.0, 1.25, 1.5, 19.5, 9999.0, 9999.0, 9999.0, 120.75, 124.25, 120.25, 103.75, 135.0
2023-04-06, 08:42:08, 132.25, 52.0, 18.75, 25.75, 9999.0, 1.25, 1.5, 19.5, 9999.0, 9999.0, 9999.0, 120.75, 124.25, 120.25, 103.75, 135.0
2023-04-06, 08:42:12, 132.25, 51.75, 19.0, 25.75, 9999.0, 1.0, 1.5, 19.5, 9999.0, 9999.0, 9999.0, 120.75, 124.25, 120.25, 103.75, 135.0
2023-04-06, 08:42:16, 132.25, 51.75, 18.75, 26.0, 9999.0, 1.0, 1.5, 19.5, 9999.0, 9999.0, 9999.0, 120.75, 124.25, 120.25, 103.75, 135.0
2023-04-06, 08:42:20, 132.25, 52.0, 18.75, 26.0, 9999.0, 1.0, 1.25, 19.5, 9999.0, 9999.0, 9999.0, 120.75, 124.25, 120.25, 103.75, 135.0
2023-04-06, 08:42:24, 132.25, 51.75, 18.75, 26.0, 9999.0, 1.0, 1.25, 19.5, 9999.0, 9999.0, 9999.0, 120.5, 124.25, 120.25, 103.75, 135.0
2023-04-06, 08:42:28, 132.25, 51.75, 19.0, 26.0, 9999.0, 1.0, 1.5, 19.5, 9999.0, 9999.0, 9999.0, 120.5, 124.25, 120.25, 103.75, 135.0
2023-04-06, 08:42:32, 132.25, 51.75, 19.0, 26.0, 9999.0, 1.25, 1.25, 19.5, 9999.0, 9999.0, 9999.0, 120.5, 124.25, 120.25, 103.75, 135.0
2023-04-06, 08:42:36, 132.25, 51.75, 19.0, 26.0, 9999.0, 1.25, 1.5, 19.5, 9999.0, 9999.0, 9999.0, 120.5, 124.0, 120.25, 103.75, 135.0
2023-04-06, 08:42:40, 132.25, 51.75, 19.0, 25.75, 9999.0, 1.25, 1.5, 19.5, 9999.0, 9999.0, 9999.0, 120.5, 124.25, 120.25, 103.75, 135.0
2023-04-06, 08:42:44, 132.25, 51.75, 19.0, 26.0, 9999.0, 1.5, 1.5, 19.5, 9999.0, 9999.0, 9999.0, 120.5, 124.25, 120.25, 103.75, 135.0
2023-04-06, 08:42:48, 132.25, 51.75, 19.0, 26.0, 9999.0, 1.25, 1.5, 19.5, 9999.0, 9999.0, 9999.0, 121.25, 124.0, 120.25, 103.75, 135.0
2023-04-06, 08:42:52, 132.25, 51.75, 19.0, 25.75, 9999.0, 1.25, 1.5, 19.5, 9999.0, 9999.0, 9999.0, 121.0, 124.0, 120.25, 103.75, 135.0
2023-04-06, 08:42:56, 132.25, 51.75, 19.0, 25.75, 9999.0, 1.25, 1.25, 19.5, 9999.0, 9999.0, 9999.0, 121.0, 124.0, 120.25, 103.75, 135.0
2023-04-06, 08:43:00, 132.25, 51.75, 19.0, 25.75, 9999.0, 1.25, 1.5, 19.5, 9999.0, 9999.0, 9999.0, 121.0, 124.0, 120.25, 103.75, 135.0
2023-04-06, 08:43:04, 132.25, 51.75, 19.0, 26.0, 9999.0, 1.25, 1.5, 19.5, 9999.0, 9999.0, 9999.0, 121.0, 124.0, 120.25, 103.75, 135.0
2023-04-06, 08:43:08, 132.25, 51.75, 19.0, 26.0, 9999.0, 1.25, 1.5, 19.5, 9999.0, 9999.0, 9999.0, 121.0, 124.0, 120.25, 103.75, 135.0
2023-04-06, 08:43:12, 132.25, 51.75, 19.0, 26.0, 9999.0, 1.25, 1.5, 19.5, 9999.0, 9999.0, 9999.0, 120.75, 124.0, 120.25, 103.75, 135.0
2023-04-06, 08:43:16, 132.25, 51.75, 19.0, 25.75, 9999.0, 1.25, 1.5, 19.5, 9999.0, 9999.0, 9999.0, 120.75, 124.25, 120.25, 103.75, 135.0
2023-04-06, 08:43:20, 132.25, 51.75, 19.0, 25.75, 9999.0, 1.0, 1.5, 19.5, 9999.0, 9999.0, 9999.0, 120.75, 124.25, 120.25, 103.75, 135.0
2023-04-06, 08:43:24, 132.25, 51.75, 19.0, 26.0, 9999.0, 1.0, 1.5, 19.5, 9999.0, 9999.0, 9999.0, 121.0, 124.25, 120.25, 103.75, 135.0
2023-04-06, 08:43:29, 132.25, 51.75, 19.0, 25.75, 9999.0, 1.0, 1.25, 19.5, 9999.0, 9999.0, 9999.0, 120.75, 124.25, 120.25, 103.75, 135.0
2023-04-06, 08:43:33, 132.25, 51.75, 19.0, 26.0, 9999.0, 1.0, 1.25, 19.5, 9999.0, 9999.0, 9999.0, 120.75, 124.25, 120.25, 103.75, 135.0
2023-04-06, 08:43:37, 132.25, 51.75, 19.0, 25.75, 9999.0, 1.0, 1.5, 19.5, 9999.0, 9999.0, 9999.0, 120.75, 124.25, 120.25, 103.75, 135.0
2023-04-06, 08:43:41, 132.25, 51.75, 19.0, 25.75, 9999.0, 1.0, 1.5, 19.5, 9999.0, 9999.0, 9999.0, 120.75, 124.25, 120.25, 103.75, 135.0
2023-04-06, 08:43:45, 132.25, 51.75, 18.75, 26.0, 9999.0, 1.0, 1.25, 19.5, 9999.0, 9999.0, 9999.0, 120.5, 124.25, 120.25, 103.75, 135.0
2023-04-06, 08:43:49, 132.25, 51.75, 19.0, 25.75, 9999.0, 1.0, 1.25, 19.5, 9999.0, 9999.0, 9999.0, 120.5, 124.25, 120.25, 103.75, 135.0
2023-04-06, 08:43:53, 132.25, 51.75, 19.0, 26.0, 9999.0, 1.25, 1.25, 19.5, 9999.0, 9999.0, 9999.0, 120.5, 124.25, 120.25, 103.75, 135.0
2023-04-06, 08:43:57, 132.25, 51.75, 18.75, 26.0, 9999.0, 1.25, 1.25, 19.5, 9999.0, 9999.0, 9999.0, 120.5, 124.25, 120.25, 103.75, 135.0
2023-04-06, 08:44:01, 132.25, 51.75, 19.0, 26.0, 9999.0, 1.25, 1.25, 19.5, 9999.0, 9999.0, 9999.0, 120.5, 124.25, 120.25, 103.75, 135.0
2023-04-06, 08:44:05, 132.25, 51.75, 19.0, 25.75, 9999.0, 1.25, 1.25, 19.5, 9999.0, 9999.0, 9999.0, 120.5, 124.25, 120.25, 103.75, 135.0
2023-04-06, 08:44:09, 132.25, 51.75, 19.0, 25.75, 9999.0, 1.25, 1.25, 19.5, 9999.0, 9999.0, 9999.0, 121.25, 124.25, 120.25, 103.75, 135.0
2023-04-06, 08:44:13, 132.25, 51.75, 19.0, 25.75, 9999.0, 1.25, 1.25, 19.5, 9999.0, 9999.0, 9999.0, 121.0, 124.0, 120.25, 103.75, 135.0
2023-04-06, 08:44:17, 132.25, 51.75, 18.75, 26.0, 9999.0, 1.25, 1.5, 19.5, 9999.0, 9999.0, 9999.0, 121.0, 124.0, 120.25, 103.75, 135.0
2023-04-06, 08:44:21, 132.25, 51.75, 19.0, 26.0, 9999.0, 1.25, 1.25, 19.5, 9999.0, 9999.0, 9999.0, 121.0, 124.0, 120.25, 103.75, 135.0
2023-04-06, 08:44:25, 132.25, 51.75, 18.75, 26.0, 9999.0, 1.25, 1.5, 19.5, 9999.0, 9999.0, 9999.0, 121.0, 124.0, 120.25, 103.75, 135.0
2023-04-06, 08:44:29, 132.25, 51.75, 19.0, 26.0, 9999.0, 1.0, 1.25, 19.5, 9999.0, 9999.0, 9999.0, 120.75, 124.0, 120.25, 103.75, 135.0
2023-04-06, 08:44:33, 132.25, 51.75, 18.75, 26.0, 9999.0, 1.0, 1.5, 19.5, 9999.0, 9999.0, 9999.0, 120.75, 124.0, 120.25, 103.75, 135.0
2023-04-06, 08:44:37, 132.25, 51.75, 19.0, 26.0, 9999.0, 1.0, 1.25, 19.5, 9999.0, 9999.0, 9999.0, 120.75, 124.25, 120.25, 103.75, 135.0
2023-04-06, 08:44:41, 132.0, 51.75, 19.0, 26.0, 9999.0, 1.0, 1.25, 19.5, 9999.0, 9999.0, 9999.0, 120.75, 124.25, 120.25, 103.75, 135.0
2023-04-06, 08:44:45, 132.25, 51.75, 19.0, 26.0, 9999.0, 1.0, 1.5, 19.5, 9999.0, 9999.0, 9999.0, 120.75, 124.25, 120.25, 103.75, 135.0
2023-04-06, 08:44:49, 132.25, 51.75, 19.0, 26.0, 9999.0, 1.0, 1.25, 19.5, 9999.0, 9999.0, 9999.0, 120.75, 124.25, 120.25, 103.75, 135.0
2023-04-06, 08:44:53, 132.25, 51.75, 19.0, 26.0, 9999.0, 1.0, 1.25, 19.5, 9999.0, 9999.0, 9999.0, 120.75, 124.25, 120.25, 103.75, 135.0
2023-04-06, 08:44:57, 132.25, 51.75, 19.0, 26.0, 9999.0, 1.0, 1.25, 19.5, 9999.0, 9999.0, 9999.0, 120.75, 124.25, 120.25, 103.75, 135.0
2023-04-06, 08:45:01, 132.25, 51.75, 19.0, 26.0, 9999.0, 1.0, 1.25, 19.5, 9999.0, 9999.0, 9999.0, 120.75, 124.25, 120.25, 103.75, 135.0
2023-04-06, 08:45:05, 132.25, 51.75, 19.0, 26.0, 9999.0, 1.0, 1.25, 19.5, 9999.0, 9999.0, 9999.0, 120.75, 124.25, 120.25, 103.75, 135.0
2023-04-06, 08:45:09, 132.25, 51.75, 19.0, 25.75, 9999.0, 1.0, 1.25, 19.5, 9999.0, 9999.0, 9999.0, 120.5, 124.25, 120.25, 103.75, 135.0
2023-04-06, 08:45:13, 132.25, 51.75, 19.0, 26.0, 9999.0, 1.0, 1.25, 19.5, 9999.0, 9999.0, 9999.0, 120.5, 124.0, 120.25, 103.75, 135.0
2023-04-06, 08:45:17, 132.25, 51.75, 19.0, 26.0, 9999.0, 1.0, 1.25, 19.5, 9999.0, 9999.0, 9999.0, 120.5, 124.0, 120.25, 103.75, 135.0
2023-04-06, 08:45:21, 132.25, 51.75, 19.0, 26.0, 9999.0, 1.25, 1.25, 19.5, 9999.0, 9999.0, 9999.0, 120.5, 124.0, 120.25, 103.75, 135.0
2023-04-06, 08:45:25, 132.25, 51.75, 19.0, 26.0, 9999.0, 1.25, 1.25, 19.5, 9999.0, 9999.0, 9999.0, 120.25, 124.0, 120.25, 103.75, 135.0
2023-04-06, 08:45:29, 132.25, 51.75, 19.0, 26.0, 9999.0, 1.25, 1.25, 19.5, 9999.0, 9999.0, 9999.0, 121.0, 124.0, 120.25, 103.75, 135.0
2023-04-06, 08:45:33, 132.25, 51.75, 19.0, 25.75, 9999.0, 1.25, 1.25, 19.5, 9999.0, 9999.0, 9999.0, 121.0, 124.0, 120.25, 103.75, 135.0
2023-04-06, 08:45:37, 132.25, 51.75, 19.0, 26.0, 9999.0, 1.25, 1.25, 19.5, 9999.0, 9999.0, 9999.0, 121.0, 124.0, 120.25, 103.75, 135.0
2023-04-06, 08:45:41, 132.25, 51.75, 19.0, 26.0, 9999.0, 1.25, 1.25, 19.5, 9999.0, 9999.0, 9999.0, 121.0, 124.0, 120.25, 103.75, 135.0
2023-04-06, 08:45:45, 132.25, 51.75, 19.0, 26.0, 9999.0, 1.0, 1.25, 19.5, 9999.0, 9999.0, 9999.0, 120.75, 124.0, 120.25, 103.5, 135.0
2023-04-06, 08:45:49, 132.25, 51.75, 19.0, 26.0, 9999.0, 1.0, 1.25, 19.5, 9999.0, 9999.0, 9999.0, 120.75, 124.0, 120.25, 103.75, 135.0
2023-04-06, 08:45:53, 132.25, 51.75, 18.75, 26.0, 9999.0, 1.0, 1.25, 19.5, 9999.0, 9999.0, 9999.0, 120.75, 124.0, 120.25, 103.5, 135.0
2023-04-06, 08:45:57, 132.25, 51.75, 19.0, 25.75, 9999.0, 1.0, 1.25, 19.25, 9999.0, 9999.0, 9999.0, 120.75, 124.25, 120.0, 103.5, 135.0
2023-04-06, 08:46:01, 132.25, 51.75, 18.75, 26.0, 9999.0, 1.0, 1.25, 19.5, 9999.0, 9999.0, 9999.0, 120.75, 124.25, 120.25, 103.75, 135.0
2023-04-06, 08:46:05, 132.25, 51.75, 18.75, 26.0, 9999.0, 1.0, 1.25, 19.5, 9999.0, 9999.0, 9999.0, 120.75, 124.25, 120.25, 103.75, 135.0
2023-04-06, 08:46:09, 132.25, 51.75, 18.75, 26.0, 9999.0, 1.0, 1.25, 19.5, 9999.0, 9999.0, 9999.0, 120.75, 124.25, 120.25, 103.75, 135.0
2023-04-06, 08:46:13, 132.25, 51.75, 19.0, 26.0, 9999.0, 1.0, 1.25, 19.25, 9999.0, 9999.0, 9999.0, 120.75, 124.25, 120.25, 103.5, 135.0
2023-04-06, 08:46:17, 132.25, 51.75, 18.75, 25.75, 9999.0, 0.75, 1.25, 19.5, 9999.0, 9999.0, 9999.0, 120.5, 124.25, 120.0, 103.5, 135.0
2023-04-06, 08:46:21, 132.25, 51.75, 18.75, 25.75, 9999.0, 1.0, 1.25, 19.5, 9999.0, 9999.0, 9999.0, 120.5, 124.25, 120.0, 103.5, 135.0
2023-04-06, 08:46:25, 132.0, 51.75, 19.0, 25.75, 9999.0, 1.0, 1.25, 19.25, 9999.0, 9999.0, 9999.0, 120.5, 124.0, 120.25, 103.75, 135.0
2023-04-06, 08:46:29, 132.25, 51.75, 18.75, 26.0, 9999.0, 1.0, 1.25, 19.5, 9999.0, 9999.0, 9999.0, 120.5, 124.0, 120.25, 103.5, 135.0
2023-04-06, 08:46:33, 132.25, 51.75, 18.75, 26.0, 9999.0, 1.0, 1.25, 19.25, 9999.0, 9999.0, 9999.0, 120.25, 124.25, 120.0, 103.75, 135.0
2023-04-06, 08:46:37, 132.0, 51.75, 19.0, 26.0, 9999.0, 1.0, 1.0, 19.25, 9999.0, 9999.0, 9999.0, 120.5, 124.0, 120.25, 103.5, 135.0
2023-04-06, 08:46:41, 132.0, 51.75, 19.0, 26.0, 9999.0, 1.0, 1.25, 19.25, 9999.0, 9999.0, 9999.0, 120.25, 124.0, 120.25, 103.5, 135.0
2023-04-06, 08:46:45, 132.25, 51.75, 18.75, 25.75, 9999.0, 1.25, 1.25, 19.25, 9999.0, 9999.0, 9999.0, 120.25, 124.0, 120.25, 103.5, 135.0
2023-04-06, 08:46:49, 132.25, 51.75, 19.0, 26.0, 9999.0, 1.25, 1.25, 19.25, 9999.0, 9999.0, 9999.0, 121.0, 124.0, 120.25, 103.5, 135.0
2023-04-06, 08:46:53, 132.25, 51.75, 19.0, 26.0, 9999.0, 1.25, 1.25, 19.5, 9999.0, 9999.0, 9999.0, 121.0, 124.0, 120.25, 103.5, 135.0
2023-04-06, 08:46:57, 132.0, 51.75, 19.0, 26.0, 9999.0, 1.0, 1.25, 19.25, 9999.0, 9999.0, 9999.0, 121.0, 124.0, 120.0, 103.5, 135.0
2023-04-06, 08:47:01, 132.25, 51.75, 19.0, 26.0, 9999.0, 1.0, 1.25, 19.25, 9999.0, 9999.0, 9999.0, 120.75, 124.0, 120.25, 103.5, 135.0
2023-04-06, 08:47:05, 132.0, 51.75, 19.0, 26.0, 9999.0, 1.0, 1.25, 19.25, 9999.0, 9999.0, 9999.0, 120.75, 124.0, 120.0, 103.5, 134.75
2023-04-06, 08:47:09, 132.0, 51.75, 19.0, 26.0, 9999.0, 1.0, 1.25, 19.25, 9999.0, 9999.0, 9999.0, 120.75, 124.0, 120.25, 103.5, 134.75
2023-04-06, 08:47:13, 132.0, 51.75, 19.0, 26.0, 9999.0, 1.0, 1.25, 19.25, 9999.0, 9999.0, 9999.0, 120.75, 124.0, 120.0, 103.5, 135.0
2023-04-06, 08:47:17, 132.25, 51.75, 19.0, 26.0, 9999.0, 1.0, 1.25, 19.25, 9999.0, 9999.0, 9999.0, 120.75, 124.0, 120.0, 103.5, 135.0
2023-04-06, 08:47:21, 132.0, 51.75, 19.0, 26.0, 9999.0, 0.75, 1.25, 19.5, 9999.0, 9999.0, 9999.0, 120.75, 124.25, 120.25, 103.5, 135.0
2023-04-06, 08:47:25, 132.0, 51.75, 19.0, 26.0, 9999.0, 1.0, 1.25, 19.25, 9999.0, 9999.0, 9999.0, 120.75, 124.25, 120.25, 103.5, 135.0
2023-04-06, 08:47:29, 132.0, 51.75, 18.75, 25.75, 9999.0, 0.75, 1.25, 19.25, 9999.0, 9999.0, 9999.0, 120.75, 124.0, 120.0, 103.5, 135.0
2023-04-06, 08:47:33, 132.25, 51.75, 19.0, 26.0, 9999.0, 0.75, 1.25, 19.25, 9999.0, 9999.0, 9999.0, 120.5, 124.25, 120.0, 103.5, 135.0
2023-04-06, 08:47:37, 132.0, 51.75, 19.0, 25.75, 9999.0, 0.75, 1.0, 19.25, 9999.0, 9999.0, 9999.0, 120.5, 124.0, 120.0, 103.5, 134.75
2023-04-06, 08:47:41, 132.0, 51.75, 19.0, 26.0, 9999.0, 0.75, 1.0, 19.25, 9999.0, 9999.0, 9999.0, 120.5, 124.25, 120.0, 103.5, 135.0
2023-04-06, 08:47:45, 132.0, 51.75, 18.75, 26.0, 9999.0, 0.75, 1.25, 19.25, 9999.0, 9999.0, 9999.0, 120.5, 124.0, 120.0, 103.5, 135.0
2023-04-06, 08:47:49, 132.0, 51.75, 19.0, 26.0, 9999.0, 0.75, 1.0, 19.25, 9999.0, 9999.0, 9999.0, 120.5, 124.0, 120.25, 103.5, 135.0
2023-04-06, 08:47:53, 132.0, 51.75, 18.75, 26.0, 9999.0, 1.0, 1.25, 19.25, 9999.0, 9999.0, 9999.0, 120.5, 124.0, 120.0, 103.5, 135.0
2023-04-06, 08:47:58, 132.0, 51.75, 18.75, 25.75, 9999.0, 0.75, 1.25, 19.25, 9999.0, 9999.0, 9999.0, 120.25, 124.0, 120.25, 103.5, 134.75
2023-04-06, 08:48:02, 132.25, 51.5, 18.75, 25.75, 9999.0, 1.0, 1.25, 19.25, 9999.0, 9999.0, 9999.0, 120.25, 124.0, 120.25, 103.5, 135.0
2023-04-06, 08:48:06, 132.0, 51.75, 18.75, 25.75, 9999.0, 1.25, 1.25, 19.25, 9999.0, 9999.0, 9999.0, 120.25, 124.0, 120.25, 103.5, 135.0
2023-04-06, 08:48:10, 132.0, 51.75, 18.75, 26.0, 9999.0, 1.25, 1.25, 19.5, 9999.0, 9999.0, 9999.0, 121.0, 124.0, 120.25, 103.5, 134.75
2023-04-06, 08:48:14, 132.0, 51.75, 18.75, 26.0, 9999.0, 1.0, 1.25, 19.25, 9999.0, 9999.0, 9999.0, 121.0, 124.0, 120.0, 103.5, 135.0
2023-04-06, 08:48:18, 132.0, 51.5, 18.75, 26.0, 9999.0, 1.0, 1.25, 19.25, 9999.0, 9999.0, 9999.0, 120.75, 124.0, 120.0, 103.5, 135.0
2023-04-06, 08:48:22, 132.0, 51.75, 18.75, 26.0, 9999.0, 1.0, 1.25, 19.25, 9999.0, 9999.0, 9999.0, 120.75, 124.0, 120.0, 103.5, 135.0
2023-04-06, 08:48:26, 132.0, 51.75, 18.75, 26.0, 9999.0, 1.0, 1.25, 19.25, 9999.0, 9999.0, 9999.0, 120.75, 124.0, 120.0, 103.5, 135.0
2023-04-06, 08:48:30, 132.0, 51.5, 18.75, 25.75, 9999.0, 1.0, 1.25, 19.25, 9999.0, 9999.0, 9999.0, 120.75, 124.0, 120.0, 103.5, 134.75
2023-04-06, 08:48:34, 132.0, 51.75, 18.75, 26.0, 9999.0, 1.0, 1.25, 19.25, 9999.0, 9999.0, 9999.0, 120.5, 124.0, 120.0, 103.5, 134.75
2023-04-06, 08:48:38, 132.0, 51.75, 19.0, 25.75, 9999.0, 1.0, 1.25, 19.25, 9999.0, 9999.0, 9999.0, 120.5, 124.25, 120.0, 103.75, 134.75
2023-04-06, 08:48:42, 132.0, 51.75, 19.0, 25.75, 9999.0, 0.75, 1.25, 19.25, 9999.0, 9999.0, 9999.0, 120.75, 124.25, 120.0, 103.5, 135.0
2023-04-06, 08:48:46, 132.0, 51.5, 18.75, 26.0, 9999.0, 0.5, 0.75, 19.25, 9999.0, 9999.0, 9999.0, 120.75, 124.25, 120.0, 103.75, 134.75
2023-04-06, 08:48:50, 132.0, 51.75, 18.75, 26.0, 9999.0, 0.75, 1.0, 19.25, 9999.0, 9999.0, 9999.0, 120.5, 124.25, 120.0, 103.5, 135.0
2023-04-06, 08:48:54, 132.0, 51.5, 19.0, 26.0, 9999.0, 0.75, 1.25, 19.25, 9999.0, 9999.0, 9999.0, 120.5, 124.25, 120.0, 103.75, 135.0
2023-04-06, 08:48:58, 132.0, 51.75, 18.75, 26.0, 9999.0, 0.75, 1.0, 19.25, 9999.0, 9999.0, 9999.0, 120.5, 124.25, 120.0, 103.75, 135.0
2023-04-06, 08:49:02, 132.0, 51.75, 19.0, 26.0, 9999.0, 0.75, 1.0, 19.25, 9999.0, 9999.0, 9999.0, 120.5, 124.25, 120.0, 103.5, 134.75
2023-04-06, 08:49:06, 132.0, 51.75, 18.75, 26.0, 9999.0, 0.75, 1.0, 19.25, 9999.0, 9999.0, 9999.0, 120.25, 124.0, 120.0, 103.5, 135.0
2023-04-06, 08:49:10, 132.0, 51.75, 18.75, 26.0, 9999.0, 0.75, 1.0, 19.25, 9999.0, 9999.0, 9999.0, 120.25, 124.25, 120.25, 103.5, 134.75
2023-04-06, 08:49:14, 132.0, 51.75, 19.0, 26.0, 9999.0, 1.0, 1.0, 19.25, 9999.0, 9999.0, 9999.0, 120.25, 124.0, 120.25, 103.5, 135.0
2023-04-06, 08:49:18, 132.0, 51.5, 18.75, 26.0, 9999.0, 1.0, 1.0, 19.25, 9999.0, 9999.0, 9999.0, 120.25, 124.0, 120.25, 103.5, 134.75
2023-04-06, 08:49:22, 132.0, 51.5, 19.0, 26.0, 9999.0, 1.0, 1.0, 19.25, 9999.0, 9999.0, 9999.0, 120.25, 124.0, 120.25, 103.5, 135.0
2023-04-06, 08:49:26, 132.0, 51.75, 18.75, 26.0, 9999.0, 1.25, 1.0, 19.25, 9999.0, 9999.0, 9999.0, 120.25, 124.0, 120.25, 103.5, 135.0
2023-04-06, 08:49:30, 132.0, 51.75, 18.75, 26.0, 9999.0, 1.0, 1.0, 19.25, 9999.0, 9999.0, 9999.0, 121.0, 124.0, 120.25, 103.5, 135.0
2023-04-06, 08:49:34, 132.0, 51.5, 18.75, 26.0, 9999.0, 1.0, 1.0, 19.5, 9999.0, 9999.0, 9999.0, 120.75, 124.0, 120.25, 103.5, 134.75
2023-04-06, 08:49:38, 132.0, 51.5, 19.0, 26.0, 9999.0, 1.0, 1.0, 19.25, 9999.0, 9999.0, 9999.0, 120.75, 124.0, 120.0, 103.5, 135.0
2023-04-06, 08:49:42, 132.0, 51.5, 19.0, 25.75, 9999.0, 1.0, 1.25, 19.25, 9999.0, 9999.0, 9999.0, 120.75, 124.0, 120.0, 103.75, 135.0
2023-04-06, 08:49:46, 132.0, 51.75, 19.0, 25.75, 9999.0, 1.0, 1.25, 19.25, 9999.0, 9999.0, 9999.0, 120.75, 124.0, 120.0, 103.5, 135.0
2023-04-06, 08:49:50, 132.0, 51.5, 18.75, 25.75, 9999.0, 1.0, 1.25, 19.25, 9999.0, 9999.0, 9999.0, 120.75, 124.0, 120.0, 103.5, 134.75
2023-04-06, 08:49:54, 132.0, 51.75, 18.75, 26.0, 9999.0, 1.0, 1.25, 19.25, 9999.0, 9999.0, 9999.0, 120.75, 124.0, 120.0, 103.5, 134.75
2023-04-06, 08:49:58, 132.0, 51.75, 18.75, 26.0, 9999.0, 1.0, 1.0, 19.25, 9999.0, 9999.0, 9999.0, 120.75, 124.25, 120.0, 103.5, 135.0
2023-04-06, 08:50:02, 132.0, 51.5, 18.75, 26.0, 9999.0, 0.75, 1.0, 19.25, 9999.0, 9999.0, 9999.0, 120.75, 124.25, 120.25, 103.5, 135.0
2023-04-06, 08:50:06, 132.0, 51.5, 18.75, 25.75, 9999.0, 0.75, 1.0, 19.25, 9999.0, 9999.0, 9999.0, 120.5, 124.0, 120.25, 103.5, 135.0
2023-04-06, 08:50:10, 132.0, 51.5, 18.75, 25.75, 9999.0, 0.75, 1.0, 19.25, 9999.0, 9999.0, 9999.0, 120.25, 124.25, 120.0, 103.5, 135.0
2023-04-06, 08:50:14, 132.0, 51.75, 19.0, 26.0, 9999.0, 1.0, 1.0, 19.25, 9999.0, 9999.0, 9999.0, 120.5, 124.25, 120.0, 103.75, 135.0
2023-04-06, 08:50:18, 132.0, 51.5, 18.75, 26.0, 9999.0, 0.75, 1.0, 19.25, 9999.0, 9999.0, 9999.0, 120.5, 124.25, 120.0, 103.5, 134.75
2023-04-06, 08:50:22, 132.0, 51.5, 18.75, 25.75, 9999.0, 0.75, 1.0, 19.25, 9999.0, 9999.0, 9999.0, 120.5, 124.0, 120.0, 103.5, 135.0
2023-04-06, 08:50:26, 132.0, 51.75, 19.0, 25.75, 9999.0, 0.75, 1.0, 19.25, 9999.0, 9999.0, 9999.0, 120.25, 124.25, 120.25, 103.75, 135.0
2023-04-06, 08:50:30, 132.0, 51.5, 19.0, 25.75, 9999.0, 0.75, 1.0, 19.25, 9999.0, 9999.0, 9999.0, 120.25, 124.25, 120.25, 103.75, 134.75
2023-04-06, 08:50:34, 132.0, 51.5, 18.75, 25.75, 9999.0, 1.0, 1.0, 19.25, 9999.0, 9999.0, 9999.0, 120.25, 124.0, 120.25, 103.75, 134.75
2023-04-06, 08:50:38, 132.0, 51.5, 19.0, 26.0, 9999.0, 1.0, 1.25, 19.5, 9999.0, 9999.0, 9999.0, 120.25, 124.0, 120.25, 103.5, 134.75
2023-04-06, 08:50:42, 132.0, 51.75, 19.0, 26.0, 9999.0, 1.25, 1.25, 19.25, 9999.0, 9999.0, 9999.0, 120.25, 124.25, 120.25, 103.5, 135.0
2023-04-06, 08:50:46, 132.0, 51.75, 19.0, 26.0, 9999.0, 1.0, 1.25, 19.25, 9999.0, 9999.0, 9999.0, 120.25, 124.0, 120.25, 103.75, 135.0
2023-04-06, 08:50:50, 132.0, 51.5, 18.75, 25.75, 9999.0, 1.25, 1.25, 19.25, 9999.0, 9999.0, 9999.0, 121.0, 124.0, 120.25, 103.75, 135.0
2023-04-06, 08:50:54, 132.0, 51.5, 19.0, 26.0, 9999.0, 1.0, 1.25, 19.5, 9999.0, 9999.0, 9999.0, 121.0, 124.0, 120.25, 103.5, 135.0
2023-04-06, 08:50:58, 132.0, 51.75, 19.0, 26.0, 9999.0, 1.0, 1.25, 19.25, 9999.0, 9999.0, 9999.0, 121.0, 124.0, 120.25, 103.5, 135.0
2023-04-06, 08:51:02, 132.0, 51.75, 19.0, 25.75, 9999.0, 1.0, 1.25, 19.25, 9999.0, 9999.0, 9999.0, 121.0, 124.0, 120.25, 103.75, 135.0
2023-04-06, 08:51:06, 132.0, 51.75, 19.0, 26.0, 9999.0, 1.0, 1.25, 19.25, 9999.0, 9999.0, 9999.0, 120.75, 124.0, 120.0, 103.5, 135.0
2023-04-06, 08:51:10, 132.0, 51.5, 19.0, 26.0, 9999.0, 1.0, 1.25, 19.25, 9999.0, 9999.0, 9999.0, 120.5, 124.0, 120.0, 103.75, 134.75
2023-04-06, 08:51:14, 132.0, 51.75, 19.0, 26.0, 9999.0, 1.0, 1.0, 19.25, 9999.0, 9999.0, 9999.0, 120.75, 124.0, 120.25, 103.75, 135.0
2023-04-06, 08:51:18, 132.0, 51.75, 19.0, 25.75, 9999.0, 1.0, 1.25, 19.0, 9999.0, 9999.0, 9999.0, 120.75, 124.25, 120.25, 103.5, 135.0
2023-04-06, 08:51:22, 132.0, 51.5, 19.0, 26.0, 9999.0, 1.0, 1.25, 19.25, 9999.0, 9999.0, 9999.0, 120.75, 124.25, 120.25, 103.75, 134.75
2023-04-06, 08:51:26, 132.0, 51.75, 19.0, 26.0, 9999.0, 1.0, 1.0, 19.25, 9999.0, 9999.0, 9999.0, 120.5, 124.25, 120.0, 103.75, 135.0
2023-04-06, 08:51:30, 132.0, 51.75, 19.0, 26.0, 9999.0, 1.0, 1.0, 19.25, 9999.0, 9999.0, 9999.0, 120.5, 124.25, 120.25, 103.75, 135.0
2023-04-06, 08:51:34, 132.0, 51.75, 19.0, 25.75, 9999.0, 0.75, 1.0, 19.25, 9999.0, 9999.0, 9999.0, 120.5, 124.25, 120.25, 103.75, 135.0
2023-04-06, 08:51:38, 132.0, 51.75, 19.0, 25.75, 9999.0, 1.0, 1.25, 19.25, 9999.0, 9999.0, 9999.0, 120.5, 124.0, 120.25, 103.75, 135.0
2023-04-06, 08:51:42, 132.0, 51.75, 19.0, 25.75, 9999.0, 1.0, 1.25, 19.25, 9999.0, 9999.0, 9999.0, 120.5, 124.25, 120.0, 103.75, 135.0
2023-04-06, 08:51:46, 132.0, 51.75, 19.0, 25.25, 9999.0, 0.75, 1.25, 19.25, 9999.0, 9999.0, 9999.0, 120.5, 124.25, 120.25, 103.75, 135.0
2023-04-06, 08:51:50, 132.0, 51.5, 19.0, 26.0, 9999.0, 1.0, 1.0, 19.25, 9999.0, 9999.0, 9999.0, 120.5, 124.25, 120.25, 103.75, 135.0
2023-04-06, 08:51:54, 132.0, 51.75, 19.0, 26.0, 9999.0, 1.0, 1.25, 19.5, 9999.0, 9999.0, 9999.0, 120.5, 124.0, 120.25, 103.5, 135.0
2023-04-06, 08:51:58, 132.0, 51.75, 19.0, 26.0, 9999.0, 1.0, 1.25, 19.25, 9999.0, 9999.0, 9999.0, 120.25, 124.25, 120.25, 103.75, 135.0
2023-04-06, 08:52:02, 132.0, 51.75, 19.0, 25.75, 9999.0, 1.25, 1.25, 19.25, 9999.0, 9999.0, 9999.0, 120.25, 124.25, 120.25, 103.75, 135.0
2023-04-06, 08:52:06, 132.0, 51.75, 19.0, 25.5, 9999.0, 1.25, 1.25, 19.5, 9999.0, 9999.0, 9999.0, 120.25, 124.0, 120.25, 103.75, 135.0
2023-04-06, 08:52:10, 132.0, 51.75, 19.0, 25.5, 9999.0, 1.25, 1.25, 19.5, 9999.0, 9999.0, 9999.0, 121.0, 124.0, 120.25, 103.75, 135.0
2023-04-06, 08:52:14, 132.0, 51.75, 19.0, 25.5, 9999.0, 1.0, 1.25, 19.25, 9999.0, 9999.0, 9999.0, 121.0, 124.0, 120.25, 103.75, 135.0
2023-04-06, 08:52:18, 132.0, 51.75, 18.75, 25.75, 9999.0, 1.0, 1.25, 19.25, 9999.0, 9999.0, 9999.0, 120.75, 124.0, 120.25, 103.75, 135.0
2023-04-06, 08:52:22, 132.0, 51.75, 18.75, 25.75, 9999.0, 1.0, 1.25, 19.5, 9999.0, 9999.0, 9999.0, 120.75, 124.0, 120.25, 103.75, 135.0
2023-04-06, 08:52:27, 132.0, 51.75, 19.0, 25.75, 9999.0, 1.0, 1.25, 19.5, 9999.0, 9999.0, 9999.0, 120.75, 124.0, 120.25, 103.75, 135.0
2023-04-06, 08:52:31, 132.0, 51.75, 19.0, 25.75, 9999.0, 1.0, 1.25, 19.5, 9999.0, 9999.0, 9999.0, 120.75, 123.75, 120.25, 103.75, 134.75
2023-04-06, 08:52:35, 132.0, 51.75, 19.0, 26.0, 9999.0, 1.0, 1.25, 19.25, 9999.0, 9999.0, 9999.0, 120.75, 124.0, 120.25, 103.75, 135.0
2023-04-06, 08:52:39, 132.0, 51.75, 19.0, 26.0, 9999.0, 1.0, 1.0, 19.5, 9999.0, 9999.0, 9999.0, 120.75, 124.25, 120.25, 103.75, 135.0
2023-04-06, 08:52:43, 132.0, 51.75, 19.0, 26.0, 9999.0, 1.0, 1.25, 19.5, 9999.0, 9999.0, 9999.0, 120.75, 124.25, 120.0, 103.75, 135.0
2023-04-06, 08:52:47, 132.25, 51.75, 19.0, 26.0, 9999.0, 1.0, 1.0, 19.5, 9999.0, 9999.0, 9999.0, 120.75, 124.25, 120.25, 103.75, 135.0
2023-04-06, 08:52:51, 132.25, 51.75, 19.0, 26.0, 9999.0, 1.0, 1.25, 19.5, 9999.0, 9999.0, 9999.0, 120.75, 124.25, 120.25, 103.75, 135.0
2023-04-06, 08:52:55, 132.25, 51.75, 19.0, 26.0, 9999.0, 1.0, 1.25, 19.5, 9999.0, 9999.0, 9999.0, 120.75, 124.25, 120.25, 103.75, 135.0
2023-04-06, 08:52:59, 132.0, 51.75, 19.0, 26.0, 9999.0, 1.0, 1.25, 19.5, 9999.0, 9999.0, 9999.0, 120.5, 124.25, 120.0, 103.75, 135.0
2023-04-06, 08:53:03, 132.0, 51.75, 19.0, 26.0, 9999.0, 1.0, 1.25, 19.25, 9999.0, 9999.0, 9999.0, 120.5, 124.25, 120.25, 103.75, 135.0
2023-04-06, 08:53:07, 132.25, 51.75, 19.0, 26.25, 9999.0, 1.0, 1.25, 19.5, 9999.0, 9999.0, 9999.0, 120.5, 124.25, 120.25, 103.75, 135.0
2023-04-06, 08:53:11, 132.25, 51.75, 19.0, 26.0, 9999.0, 1.0, 1.25, 19.5, 9999.0, 9999.0, 9999.0, 120.5, 124.25, 120.25, 103.75, 135.0
2023-04-06, 08:53:15, 132.0, 51.75, 19.25, 26.0, 9999.0, 1.0, 1.25, 19.25, 9999.0, 9999.0, 9999.0, 120.5, 124.25, 120.25, 103.75, 135.0
2023-04-06, 08:53:19, 132.25, 51.75, 19.25, 26.25, 9999.0, 1.0, 1.25, 19.25, 9999.0, 9999.0, 9999.0, 120.5, 124.25, 120.25, 103.75, 135.0
2023-04-06, 08:53:23, 132.25, 51.75, 19.0, 26.25, 9999.0, 1.25, 1.25, 19.5, 9999.0, 9999.0, 9999.0, 120.25, 124.25, 120.25, 103.75, 135.0
2023-04-06, 08:53:27, 132.25, 51.75, 19.0, 26.0, 9999.0, 1.25, 1.25, 19.5, 9999.0, 9999.0, 9999.0, 120.25, 124.0, 120.25, 103.75, 135.0
2023-04-06, 08:53:31, 132.25, 52.0, 18.75, 25.75, 9999.0, 1.25, 1.25, 19.5, 9999.0, 9999.0, 9999.0, 121.0, 124.0, 120.25, 103.75, 135.0
2023-04-06, 08:53:35, 132.25, 52.0, 19.0, 26.0, 9999.0, 1.25, 1.25, 19.5, 9999.0, 9999.0, 9999.0, 121.0, 124.25, 120.25, 103.75, 135.0
2023-04-06, 08:53:39, 132.25, 51.75, 19.0, 25.75, 9999.0, 1.0, 1.25, 19.5, 9999.0, 9999.0, 9999.0, 121.0, 124.0, 120.25, 103.75, 135.0
2023-04-06, 08:53:43, 132.25, 52.0, 19.0, 26.0, 9999.0, 1.25, 1.25, 19.5, 9999.0, 9999.0, 9999.0, 121.0, 124.0, 120.25, 103.75, 135.0
2023-04-06, 08:53:47, 132.25, 52.0, 19.0, 26.0, 9999.0, 1.0, 1.25, 19.5, 9999.0, 9999.0, 9999.0, 121.0, 124.0, 120.25, 103.75, 135.0
2023-04-06, 08:53:51, 132.25, 52.0, 19.0, 25.75, 9999.0, 1.0, 1.25, 19.5, 9999.0, 9999.0, 9999.0, 120.75, 124.25, 120.25, 103.75, 135.0
2023-04-06, 08:53:55, 132.25, 51.75, 19.0, 25.5, 9999.0, 1.0, 1.25, 19.5, 9999.0, 9999.0, 9999.0, 120.75, 124.0, 120.25, 103.75, 135.0
2023-04-06, 08:53:59, 132.0, 52.0, 19.0, 25.75, 9999.0, 1.0, 1.25, 19.5, 9999.0, 9999.0, 9999.0, 120.75, 124.25, 120.25, 103.75, 135.0
2023-04-06, 08:54:03, 132.25, 52.0, 19.0, 25.75, 9999.0, 1.0, 1.25, 19.5, 9999.0, 9999.0, 9999.0, 120.75, 124.25, 120.25, 103.75, 135.0
2023-04-06, 08:54:07, 132.25, 52.0, 19.25, 26.0, 9999.0, 1.0, 1.25, 19.5, 9999.0, 9999.0, 9999.0, 120.75, 124.25, 120.25, 103.75, 135.0
2023-04-06, 08:54:11, 132.25, 52.0, 19.25, 26.0, 9999.0, 1.0, 1.25, 19.5, 9999.0, 9999.0, 9999.0, 120.75, 124.25, 120.25, 103.75, 135.0
2023-04-06, 08:54:15, 132.25, 52.0, 19.25, 26.0, 9999.0, 1.0, 1.25, 19.5, 9999.0, 9999.0, 9999.0, 120.5, 124.25, 120.25, 103.75, 135.0
2023-04-06, 08:54:19, 132.25, 52.0, 19.25, 26.0, 9999.0, 1.0, 1.25, 19.5, 9999.0, 9999.0, 9999.0, 120.5, 124.25, 120.25, 104.0, 135.0
2023-04-06, 08:54:23, 132.25, 51.75, 19.0, 26.25, 9999.0, 1.0, 1.25, 19.5, 9999.0, 9999.0, 9999.0, 120.5, 124.25, 120.25, 103.75, 135.0
2023-04-06, 08:54:27, 132.25, 51.75, 19.0, 26.25, 9999.0, 1.0, 1.25, 19.5, 9999.0, 9999.0, 9999.0, 120.5, 124.25, 120.25, 103.75, 135.0
2023-04-06, 08:54:31, 132.25, 52.0, 19.0, 26.25, 9999.0, 1.25, 1.25, 19.5, 9999.0, 9999.0, 9999.0, 120.5, 124.0, 120.25, 103.75, 135.0
2023-04-06, 08:54:35, 132.25, 52.0, 19.25, 26.0, 9999.0, 1.0, 1.25, 19.5, 9999.0, 9999.0, 9999.0, 120.5, 124.25, 120.25, 104.0, 135.0
2023-04-06, 08:54:39, 132.25, 52.0, 19.0, 26.25, 9999.0, 1.0, 1.25, 19.5, 9999.0, 9999.0, 9999.0, 120.5, 124.25, 120.25, 104.0, 134.75
2023-04-06, 08:54:43, 132.25, 52.0, 19.25, 26.0, 9999.0, 1.25, 1.25, 19.5, 9999.0, 9999.0, 9999.0, 120.5, 124.25, 120.25, 103.75, 135.0
2023-04-06, 08:54:47, 132.25, 51.5, 19.0, 26.25, 9999.0, 1.25, 1.25, 19.5, 9999.0, 9999.0, 9999.0, 120.25, 124.0, 120.25, 103.75, 135.0
2023-04-06, 08:54:51, 132.25, 52.0, 19.25, 26.0, 9999.0, 1.25, 1.5, 19.5, 9999.0, 9999.0, 9999.0, 121.25, 124.25, 120.25, 104.0, 135.0
2023-04-06, 08:54:55, 132.25, 52.0, 19.0, 25.75, 9999.0, 1.25, 1.25, 19.5, 9999.0, 9999.0, 9999.0, 121.0, 124.25, 120.25, 103.75, 135.0
2023-04-06, 08:54:59, 132.25, 52.0, 19.0, 25.75, 9999.0, 1.25, 1.25, 19.5, 9999.0, 9999.0, 9999.0, 121.0, 124.25, 120.25, 103.75, 135.0
2023-04-06, 08:55:03, 132.25, 51.75, 19.25, 26.0, 9999.0, 1.25, 1.5, 19.5, 9999.0, 9999.0, 9999.0, 121.0, 124.0, 120.25, 103.5, 135.0
2023-04-06, 08:55:07, 132.25, 52.0, 19.25, 26.0, 9999.0, 1.0, 1.5, 19.5, 9999.0, 9999.0, 9999.0, 121.0, 124.25, 120.25, 103.75, 135.0
2023-04-06, 08:55:11, 132.25, 52.0, 19.25, 26.0, 9999.0, 1.0, 1.25, 19.5, 9999.0, 9999.0, 9999.0, 121.0, 124.25, 120.25, 103.75, 135.0
2023-04-06, 08:55:15, 132.25, 51.75, 19.0, 26.0, 9999.0, 1.0, 1.25, 19.5, 9999.0, 9999.0, 9999.0, 120.75, 124.0, 120.25, 103.75, 135.0
2023-04-06, 08:55:19, 132.25, 52.0, 19.0, 25.75, 9999.0, 1.0, 1.25, 19.5, 9999.0, 9999.0, 9999.0, 120.75, 124.25, 120.25, 103.75, 135.0
2023-04-06, 08:55:23, 132.25, 51.75, 19.0, 26.0, 9999.0, 1.0, 1.25, 19.5, 9999.0, 9999.0, 9999.0, 120.75, 124.25, 120.0, 103.75, 135.0
2023-04-06, 08:55:27, 132.25, 52.0, 19.0, 26.0, 9999.0, 1.0, 1.25, 19.5, 9999.0, 9999.0, 9999.0, 120.75, 124.25, 120.25, 103.75, 135.0
2023-04-06, 08:55:31, 132.25, 52.0, 19.0, 26.25, 9999.0, 1.0, 1.25, 19.5, 9999.0, 9999.0, 9999.0, 120.75, 124.25, 120.25, 103.75, 135.0
2023-04-06, 08:55:35, 132.25, 52.0, 19.25, 26.25, 9999.0, 1.0, 1.25, 19.5, 9999.0, 9999.0, 9999.0, 120.75, 124.25, 120.25, 103.75, 135.0
2023-04-06, 08:55:39, 132.25, 52.0, 19.25, 26.0, 9999.0, 1.0, 1.25, 19.75, 9999.0, 9999.0, 9999.0, 120.5, 124.25, 120.25, 103.75, 135.0
2023-04-06, 08:55:43, 132.25, 52.0, 19.0, 25.75, 9999.0, 1.0, 1.25, 19.5, 9999.0, 9999.0, 9999.0, 120.75, 124.25, 120.25, 103.75, 135.0
2023-04-06, 08:55:47, 132.25, 52.0, 18.75, 26.0, 9999.0, 1.0, 1.25, 19.5, 9999.0, 9999.0, 9999.0, 120.5, 124.0, 120.25, 103.75, 135.0
2023-04-06, 08:55:51, 132.25, 52.0, 19.25, 26.0, 9999.0, 1.0, 1.25, 19.5, 9999.0, 9999.0, 9999.0, 120.5, 124.25, 120.25, 103.75, 135.0
2023-04-06, 08:55:55, 132.25, 52.0, 19.25, 26.0, 9999.0, 1.25, 1.25, 19.5, 9999.0, 9999.0, 9999.0, 120.5, 124.0, 120.25, 103.75, 135.0
2023-04-06, 08:55:59, 132.25, 52.0, 19.0, 26.0, 9999.0, 1.0, 1.25, 19.5, 9999.0, 9999.0, 9999.0, 120.5, 124.25, 120.25, 103.75, 135.0
2023-04-06, 08:56:03, 132.25, 52.0, 19.0, 26.25, 9999.0, 1.25, 1.5, 19.5, 9999.0, 9999.0, 9999.0, 120.5, 124.0, 120.25, 103.75, 135.0
2023-04-06, 08:56:07, 132.25, 52.0, 19.25, 26.25, 9999.0, 1.25, 1.25, 19.5, 9999.0, 9999.0, 9999.0, 120.25, 124.25, 120.25, 103.75, 135.0
2023-04-06, 08:56:11, 132.25, 52.0, 19.25, 26.0, 9999.0, 1.25, 1.25, 19.5, 9999.0, 9999.0, 9999.0, 121.25, 124.25, 120.25, 103.75, 135.0
2023-04-06, 08:56:15, 132.25, 52.0, 19.25, 26.0, 9999.0, 1.25, 1.5, 19.5, 9999.0, 9999.0, 9999.0, 121.25, 124.0, 120.25, 103.75, 135.0
2023-04-06, 08:56:19, 132.5, 52.0, 19.0, 26.0, 9999.0, 1.25, 1.5, 19.5, 9999.0, 9999.0, 9999.0, 121.0, 124.0, 120.25, 103.75, 135.0
2023-04-06, 08:56:23, 132.25, 52.0, 19.25, 26.0, 9999.0, 1.25, 1.5, 19.5, 9999.0, 9999.0, 9999.0, 121.0, 124.0, 120.25, 103.75, 135.0
2023-04-06, 08:56:27, 132.25, 52.0, 19.25, 26.0, 9999.0, 1.25, 1.5, 19.5, 9999.0, 9999.0, 9999.0, 121.0, 124.0, 120.25, 103.75, 135.0
2023-04-06, 08:56:31, 132.5, 52.0, 19.0, 26.0, 9999.0, 1.25, 1.25, 19.5, 9999.0, 9999.0, 9999.0, 121.0, 124.0, 120.25, 103.75, 135.0
2023-04-06, 08:56:35, 132.25, 52.0, 19.25, 26.0, 9999.0, 1.25, 1.5, 19.5, 9999.0, 9999.0, 9999.0, 120.75, 124.0, 120.25, 103.75, 135.0
2023-04-06, 08:56:39, 132.25, 52.0, 19.0, 26.0, 9999.0, 1.0, 1.25, 19.5, 9999.0, 9999.0, 9999.0, 121.0, 124.25, 120.25, 103.75, 135.25
2023-04-06, 08:56:43, 132.25, 52.0, 19.25, 25.75, 9999.0, 1.0, 1.5, 19.5, 9999.0, 9999.0, 9999.0, 121.0, 124.25, 120.25, 103.75, 135.0
2023-04-06, 08:56:47, 132.25, 52.0, 19.25, 26.0, 9999.0, 1.25, 1.5, 19.5, 9999.0, 9999.0, 9999.0, 121.0, 124.0, 120.25, 103.75, 135.0
2023-04-06, 08:56:52, 132.25, 52.0, 19.25, 26.0, 9999.0, 1.0, 1.5, 19.5, 9999.0, 9999.0, 9999.0, 120.75, 124.25, 120.25, 103.75, 135.25
2023-04-06, 08:56:56, 132.25, 52.0, 19.25, 26.0, 9999.0, 1.0, 1.25, 19.5, 9999.0, 9999.0, 9999.0, 120.75, 124.25, 120.25, 103.75, 135.25
2023-04-06, 08:57:00, 132.5, 52.0, 19.25, 26.0, 9999.0, 1.0, 1.5, 19.5, 9999.0, 9999.0, 9999.0, 120.75, 124.25, 120.25, 103.75, 135.0
2023-04-06, 08:57:04, 132.25, 52.0, 19.25, 26.0, 9999.0, 1.0, 1.25, 19.5, 9999.0, 9999.0, 9999.0, 120.75, 124.25, 120.25, 103.75, 135.0
2023-04-06, 08:57:08, 132.25, 52.0, 19.25, 26.0, 9999.0, 1.0, 1.25, 19.5, 9999.0, 9999.0, 9999.0, 120.5, 124.25, 120.25, 103.75, 135.25
2023-04-06, 08:57:12, 132.5, 52.0, 19.25, 26.0, 9999.0, 1.0, 1.25, 19.5, 9999.0, 9999.0, 9999.0, 120.75, 124.25, 120.25, 103.75, 135.0
2023-04-06, 08:57:16, 132.25, 52.0, 19.25, 26.0, 9999.0, 1.25, 1.25, 19.5, 9999.0, 9999.0, 9999.0, 120.5, 124.25, 120.25, 103.75, 135.0
2023-04-06, 08:57:20, 132.25, 52.0, 19.25, 26.0, 9999.0, 1.25, 1.5, 19.5, 9999.0, 9999.0, 9999.0, 120.5, 124.25, 120.25, 103.75, 135.0
2023-04-06, 08:57:24, 132.25, 52.0, 19.0, 26.25, 9999.0, 1.25, 1.5, 19.5, 9999.0, 9999.0, 9999.0, 120.5, 124.25, 120.25, 103.75, 135.0
2023-04-06, 08:57:28, 132.25, 52.0, 19.25, 26.25, 9999.0, 1.25, 1.25, 19.5, 9999.0, 9999.0, 9999.0, 120.5, 124.25, 120.25, 103.75, 135.0
2023-04-06, 08:57:32, 132.25, 52.0, 19.0, 26.0, 9999.0, 1.25, 1.5, 19.75, 9999.0, 9999.0, 9999.0, 121.25, 124.25, 120.25, 103.75, 135.0
2023-04-06, 08:57:36, 132.5, 52.0, 19.25, 25.75, 9999.0, 1.25, 1.5, 19.75, 9999.0, 9999.0, 9999.0, 121.0, 124.0, 120.25, 103.75, 135.0
2023-04-06, 08:57:40, 132.25, 52.0, 19.25, 26.0, 9999.0, 1.25, 1.5, 19.5, 9999.0, 9999.0, 9999.0, 121.0, 124.0, 120.25, 103.75, 135.0
2023-04-06, 08:57:44, 132.25, 52.0, 19.25, 25.75, 9999.0, 1.25, 1.5, 19.5, 9999.0, 9999.0, 9999.0, 121.0, 124.0, 120.25, 103.5, 134.75
2023-04-06, 08:57:48, 132.25, 52.0, 19.25, 26.0, 9999.0, 1.25, 1.5, 19.5, 9999.0, 9999.0, 9999.0, 121.0, 124.0, 120.25, 103.75, 135.0
2023-04-06, 08:57:52, 132.25, 52.0, 19.0, 25.75, 9999.0, 1.25, 1.5, 19.5, 9999.0, 9999.0, 9999.0, 120.75, 124.0, 120.25, 104.0, 135.0
2023-04-06, 08:57:56, 132.25, 52.0, 19.0, 26.0, 9999.0, 1.25, 1.5, 19.75, 9999.0, 9999.0, 9999.0, 121.0, 124.0, 120.25, 103.75, 135.0
2023-04-06, 08:58:00, 132.25, 52.0, 19.25, 26.0, 9999.0, 1.25, 1.5, 19.5, 9999.0, 9999.0, 9999.0, 121.0, 124.25, 120.25, 103.75, 135.0
2023-04-06, 08:58:04, 132.25, 52.0, 19.25, 26.0, 9999.0, 1.25, 1.5, 19.75, 9999.0, 9999.0, 9999.0, 121.0, 124.25, 120.25, 103.75, 135.0
2023-04-06, 08:58:08, 132.5, 52.0, 19.25, 25.75, 9999.0, 1.0, 1.5, 19.5, 9999.0, 9999.0, 9999.0, 120.75, 124.25, 120.25, 103.75, 135.0
2023-04-06, 08:58:12, 132.5, 52.0, 19.25, 25.75, 9999.0, 1.0, 1.5, 19.5, 9999.0, 9999.0, 9999.0, 120.75, 124.5, 120.25, 103.75, 135.0
2023-04-06, 08:58:16, 132.25, 52.0, 19.25, 25.75, 9999.0, 1.0, 1.25, 19.5, 9999.0, 9999.0, 9999.0, 120.75, 124.25, 120.25, 103.75, 135.0
2023-04-06, 08:58:20, 132.5, 52.0, 19.25, 25.75, 9999.0, 1.0, 1.5, 19.75, 9999.0, 9999.0, 9999.0, 120.75, 124.25, 120.25, 103.75, 135.25
2023-04-06, 08:58:24, 132.25, 52.0, 19.25, 25.75, 9999.0, 1.0, 1.5, 19.75, 9999.0, 9999.0, 9999.0, 120.75, 124.25, 120.25, 104.0, 135.25
2023-04-06, 08:58:28, 132.25, 52.0, 19.0, 26.0, 9999.0, 1.0, 1.25, 19.5, 9999.0, 9999.0, 9999.0, 120.75, 124.25, 120.25, 103.75, 135.0
2023-04-06, 08:58:32, 132.5, 51.75, 19.0, 26.25, 9999.0, 1.0, 1.25, 19.75, 9999.0, 9999.0, 9999.0, 120.5, 124.25, 120.25, 103.75, 135.0
2023-04-06, 08:58:36, 132.5, 52.0, 19.0, 26.0, 9999.0, 1.25, 1.5, 19.5, 9999.0, 9999.0, 9999.0, 120.5, 124.25, 120.25, 103.75, 135.0
2023-04-06, 08:58:40, 132.25, 52.0, 19.0, 26.0, 9999.0, 1.25, 1.5, 19.5, 9999.0, 9999.0, 9999.0, 120.5, 124.0, 120.25, 103.75, 135.0
2023-04-06, 08:58:44, 132.5, 52.0, 19.0, 26.0, 9999.0, 1.25, 1.25, 19.5, 9999.0, 9999.0, 9999.0, 120.5, 124.25, 120.25, 103.75, 135.25
2023-04-06, 08:58:48, 132.25, 52.0, 19.0, 25.75, 9999.0, 1.5, 1.25, 19.75, 9999.0, 9999.0, 9999.0, 120.5, 124.25, 120.25, 103.75, 135.0
2023-04-06, 08:58:52, 132.5, 52.0, 19.25, 25.75, 9999.0, 1.5, 1.5, 19.5, 9999.0, 9999.0, 9999.0, 121.25, 124.0, 120.25, 103.75, 135.0
2023-04-06, 08:58:56, 132.25, 52.0, 19.25, 25.75, 9999.0, 1.25, 1.5, 19.75, 9999.0, 9999.0, 9999.0, 121.25, 124.0, 120.25, 103.75, 135.0
2023-04-06, 08:59:00, 132.25, 52.0, 19.0, 25.75, 9999.0, 1.25, 1.5, 19.5, 9999.0, 9999.0, 9999.0, 121.0, 124.0, 120.25, 103.75, 135.0
2023-04-06, 08:59:04, 132.5, 52.0, 19.0, 26.0, 9999.0, 1.25, 1.5, 19.5, 9999.0, 9999.0, 9999.0, 121.0, 123.75, 120.25, 103.75, 135.0
2023-04-06, 08:59:08, 132.25, 52.0, 19.0, 26.25, 9999.0, 1.25, 1.5, 19.75, 9999.0, 9999.0, 9999.0, 121.0, 124.0, 120.25, 103.75, 135.0
2023-04-06, 08:59:12, 132.5, 52.0, 19.25, 26.25, 9999.0, 1.25, 1.5, 19.75, 9999.0, 9999.0, 9999.0, 121.0, 124.0, 120.25, 103.75, 135.0
2023-04-06, 08:59:16, 132.25, 52.0, 19.25, 26.25, 9999.0, 1.25, 1.5, 19.5, 9999.0, 9999.0, 9999.0, 121.0, 124.0, 120.25, 103.75, 135.25
2023-04-06, 08:59:20, 132.25, 52.0, 19.25, 26.25, 9999.0, 1.25, 1.5, 19.75, 9999.0, 9999.0, 9999.0, 121.0, 124.25, 120.25, 103.75, 135.0
2023-04-06, 08:59:24, 132.25, 52.0, 19.25, 26.25, 9999.0, 1.0, 1.5, 19.5, 9999.0, 9999.0, 9999.0, 121.0, 124.25, 120.25, 103.75, 135.0
2023-04-06, 08:59:28, 132.5, 52.0, 19.25, 26.25, 9999.0, 1.0, 1.5, 19.5, 9999.0, 9999.0, 9999.0, 120.75, 124.25, 120.25, 103.75, 135.0
2023-04-06, 08:59:32, 132.5, 52.0, 19.25, 26.0, 9999.0, 1.0, 1.25, 19.5, 9999.0, 9999.0, 9999.0, 120.75, 124.25, 120.25, 104.0, 135.0
2023-04-06, 08:59:36, 132.5, 52.0, 19.25, 26.0, 9999.0, 1.0, 1.5, 19.75, 9999.0, 9999.0, 9999.0, 120.75, 124.25, 120.25, 103.75, 135.0
2023-04-06, 08:59:40, 132.25, 52.0, 19.25, 26.0, 9999.0, 1.0, 1.25, 19.5, 9999.0, 9999.0, 9999.0, 120.75, 124.25, 120.25, 103.75, 135.0
2023-04-06, 08:59:44, 132.25, 52.0, 19.25, 26.0, 9999.0, 1.0, 1.5, 19.5, 9999.0, 9999.0, 9999.0, 120.75, 124.25, 120.25, 103.75, 135.0
2023-04-06, 08:59:48, 132.5, 52.0, 19.0, 25.75, 9999.0, 1.0, 1.25, 19.5, 9999.0, 9999.0, 9999.0, 120.75, 124.25, 120.25, 103.75, 135.0
2023-04-06, 08:59:52, 132.5, 52.0, 19.0, 25.75, 9999.0, 1.0, 1.25, 19.5, 9999.0, 9999.0, 9999.0, 120.75, 124.25, 120.25, 103.75, 135.0
2023-04-06, 08:59:56, 132.25, 52.0, 19.0, 26.25, 9999.0, 1.25, 1.5, 19.75, 9999.0, 9999.0, 9999.0, 120.5, 124.25, 120.25, 103.75, 135.0
2023-04-06, 09:00:00, 132.25, 52.0, 19.25, 25.75, 9999.0, 1.25, 1.25, 19.5, 9999.0, 9999.0, 9999.0, 120.5, 124.25, 120.25, 103.75, 135.25
2023-04-06, 09:00:04, 132.25, 52.0, 19.0, 26.0, 9999.0, 1.25, 1.5, 19.75, 9999.0, 9999.0, 9999.0, 120.25, 124.25, 120.25, 103.75, 135.0
2023-04-06, 09:00:08, 132.5, 52.0, 19.0, 26.0, 9999.0, 1.25, 1.5, 19.75, 9999.0, 9999.0, 9999.0, 120.5, 124.25, 120.25, 103.75, 135.0
2023-04-06, 09:00:12, 132.25, 52.0, 19.25, 25.75, 9999.0, 1.5, 1.5, 19.75, 9999.0, 9999.0, 9999.0, 121.25, 124.0, 120.25, 103.75, 135.25
2023-04-06, 09:00:16, 132.5, 52.0, 19.25, 25.75, 9999.0, 1.25, 1.5, 19.5, 9999.0, 9999.0, 9999.0, 121.25, 124.25, 120.25, 103.75, 135.0
2023-04-06, 09:00:20, 132.25, 52.0, 19.25, 25.75, 9999.0, 1.25, 1.5, 19.5, 9999.0, 9999.0, 9999.0, 121.25, 124.25, 120.25, 103.75, 135.0
2023-04-06, 09:00:24, 132.25, 52.0, 19.25, 26.25, 9999.0, 1.25, 1.5, 19.75, 9999.0, 9999.0, 9999.0, 121.0, 124.25, 120.25, 103.75, 135.0
2023-04-06, 09:00:28, 132.5, 52.0, 19.25, 26.0, 9999.0, 1.25, 1.5, 19.5, 9999.0, 9999.0, 9999.0, 121.0, 124.0, 120.25, 103.75, 135.0
2023-04-06, 09:00:32, 132.25, 52.0, 18.75, 26.0, 9999.0, 1.25, 1.5, 19.5, 9999.0, 9999.0, 9999.0, 121.0, 124.0, 120.25, 103.75, 135.0
2023-04-06, 09:00:36, 132.25, 52.0, 19.25, 26.0, 9999.0, 1.0, 1.5, 19.5, 9999.0, 9999.0, 9999.0, 121.0, 124.0, 120.25, 103.75, 135.0
2023-04-06, 09:00:40, 132.25, 52.0, 19.0, 26.0, 9999.0, 1.25, 1.5, 19.5, 9999.0, 9999.0, 9999.0, 121.0, 124.25, 120.25, 103.75, 135.0
2023-04-06, 09:00:44, 132.5, 52.0, 19.25, 26.0, 9999.0, 1.25, 1.5, 19.5, 9999.0, 9999.0, 9999.0, 121.0, 124.25, 120.0, 103.75, 135.0
2023-04-06, 09:00:48, 132.5, 52.0, 19.25, 26.0, 9999.0, 1.0, 1.5, 19.75, 9999.0, 9999.0, 9999.0, 121.0, 124.25, 120.25, 103.75, 135.25
2023-04-06, 09:00:52, 132.5, 52.0, 19.25, 26.0, 9999.0, 1.0, 1.5, 19.75, 9999.0, 9999.0, 9999.0, 120.75, 124.25, 120.25, 103.75, 135.0
2023-04-06, 09:00:56, 132.25, 52.0, 19.25, 25.75, 9999.0, 1.0, 1.25, 19.75, 9999.0, 9999.0, 9999.0, 120.75, 124.25, 120.25, 103.75, 135.0
2023-04-06, 09:01:00, 132.5, 52.0, 19.25, 25.75, 9999.0, 1.0, 1.5, 19.5, 9999.0, 9999.0, 9999.0, 120.75, 124.25, 120.25, 103.75, 134.75
2023-04-06, 09:01:04, 132.5, 52.0, 19.25, 26.0, 9999.0, 1.0, 1.5, 19.75, 9999.0, 9999.0, 9999.0, 120.5, 124.25, 120.25, 103.75, 135.0
2023-04-06, 09:01:08, 132.5, 52.0, 19.0, 26.0, 9999.0, 1.0, 1.25, 19.75, 9999.0, 9999.0, 9999.0, 120.75, 124.25, 120.25, 103.75, 135.0
2023-04-06, 09:01:12, 132.5, 52.0, 19.25, 26.0, 9999.0, 1.25, 1.25, 19.5, 9999.0, 9999.0, 9999.0, 120.5, 124.0, 120.25, 103.75, 135.0
2023-04-06, 09:01:17, 132.5, 52.0, 19.25, 26.0, 9999.0, 1.25, 1.5, 19.5, 9999.0, 9999.0, 9999.0, 120.5, 124.25, 120.25, 103.75, 135.0
2023-04-06, 09:01:21, 132.5, 52.0, 19.0, 26.0, 9999.0, 1.25, 1.25, 19.5, 9999.0, 9999.0, 9999.0, 120.5, 124.0, 120.25, 103.75, 135.0
2023-04-06, 09:01:25, 132.5, 52.0, 19.0, 26.0, 9999.0, 1.5, 1.5, 19.75, 9999.0, 9999.0, 9999.0, 120.5, 124.25, 120.25, 103.75, 135.0
2023-04-06, 09:01:29, 132.25, 52.0, 19.25, 26.25, 9999.0, 1.5, 1.5, 19.5, 9999.0, 9999.0, 9999.0, 120.5, 124.0, 120.25, 103.75, 135.0
2023-04-06, 09:01:33, 132.5, 52.0, 19.25, 26.0, 9999.0, 1.25, 1.5, 19.75, 9999.0, 9999.0, 9999.0, 121.25, 124.25, 120.25, 103.75, 135.0
2023-04-06, 09:01:37, 132.5, 52.0, 19.25, 25.75, 9999.0, 1.25, 1.5, 19.5, 9999.0, 9999.0, 9999.0, 121.25, 124.0, 120.25, 103.75, 135.0
2023-04-06, 09:01:41, 132.25, 52.0, 19.0, 26.0, 9999.0, 1.25, 1.5, 19.75, 9999.0, 9999.0, 9999.0, 121.0, 124.25, 120.25, 103.75, 135.0
2023-04-06, 09:01:45, 132.5, 52.0, 19.0, 26.0, 9999.0, 1.25, 1.5, 19.5, 9999.0, 9999.0, 9999.0, 121.0, 124.0, 120.25, 103.75, 135.0
2023-04-06, 09:01:49, 132.5, 52.0, 19.0, 26.0, 9999.0, 1.25, 1.5, 19.5, 9999.0, 9999.0, 9999.0, 121.0, 124.0, 120.25, 103.75, 135.0
2023-04-06, 09:01:53, 132.25, 52.0, 19.25, 26.25, 9999.0, 1.25, 1.5, 19.5, 9999.0, 9999.0, 9999.0, 121.0, 124.0, 120.25, 103.75, 135.0
2023-04-06, 09:01:57, 132.25, 52.0, 19.25, 26.0, 9999.0, 1.25, 1.25, 19.75, 9999.0, 9999.0, 9999.0, 120.75, 124.0, 120.25, 103.75, 135.0
2023-04-06, 09:02:01, 132.5, 52.0, 19.25, 26.0, 9999.0, 1.25, 1.5, 19.75, 9999.0, 9999.0, 9999.0, 120.75, 124.25, 120.25, 103.75, 135.0
2023-04-06, 09:02:05, 132.5, 52.0, 19.25, 25.75, 9999.0, 1.25, 1.5, 19.5, 9999.0, 9999.0, 9999.0, 121.0, 124.25, 120.25, 103.75, 135.0
2023-04-06, 09:02:09, 132.5, 52.0, 19.0, 26.0, 9999.0, 1.0, 1.5, 19.5, 9999.0, 9999.0, 9999.0, 121.0, 124.25, 120.25, 103.75, 135.0
2023-04-06, 09:02:13, 132.5, 52.0, 19.0, 26.25, 9999.0, 1.0, 1.5, 19.75, 9999.0, 9999.0, 9999.0, 120.75, 124.25, 120.25, 103.75, 135.0
2023-04-06, 09:02:17, 132.5, 52.0, 19.0, 26.0, 9999.0, 1.0, 1.25, 19.5, 9999.0, 9999.0, 9999.0, 120.75, 124.25, 120.25, 103.75, 135.0
2023-04-06, 09:02:21, 132.5, 52.0, 19.0, 25.5, 9999.0, 1.0, 1.5, 19.5, 9999.0, 9999.0, 9999.0, 120.75, 124.25, 120.25, 103.75, 135.0
2023-04-06, 09:02:25, 132.5, 52.0, 19.25, 25.75, 9999.0, 1.0, 1.5, 19.25, 9999.0, 9999.0, 9999.0, 120.75, 124.25, 120.25, 104.0, 135.0
2023-04-06, 09:02:29, 132.25, 52.0, 19.25, 26.0, 9999.0, 1.0, 1.5, 19.75, 9999.0, 9999.0, 9999.0, 120.75, 124.0, 120.25, 103.75, 135.0
2023-04-06, 09:02:33, 132.25, 52.0, 19.25, 26.0, 9999.0, 1.25, 1.5, 19.5, 9999.0, 9999.0, 9999.0, 120.5, 124.25, 120.25, 103.75, 135.0
2023-04-06, 09:02:37, 132.5, 52.0, 19.25, 26.0, 9999.0, 1.25, 1.25, 19.5, 9999.0, 9999.0, 9999.0, 120.5, 124.25, 120.25, 103.75, 135.0
2023-04-06, 09:02:41, 132.5, 52.0, 19.0, 26.0, 9999.0, 1.25, 1.5, 19.5, 9999.0, 9999.0, 9999.0, 120.5, 124.25, 120.25, 103.75, 135.0
2023-04-06, 09:02:45, 132.25, 52.0, 19.25, 26.25, 9999.0, 1.5, 1.5, 19.75, 9999.0, 9999.0, 9999.0, 120.5, 124.25, 119.75, 103.75, 135.0
2023-04-06, 09:02:49, 132.5, 52.0, 19.25, 26.0, 9999.0, 1.5, 1.5, 19.75, 9999.0, 9999.0, 9999.0, 120.5, 124.25, 120.25, 103.75, 135.25
2023-04-06, 09:02:53, 132.5, 52.0, 19.0, 26.0, 9999.0, 1.5, 1.25, 19.5, 9999.0, 9999.0, 9999.0, 121.25, 124.25, 120.25, 103.75, 135.25
2023-04-06, 09:02:57, 132.5, 52.0, 19.25, 26.25, 9999.0, 1.5, 1.5, 19.75, 9999.0, 9999.0, 9999.0, 121.25, 124.25, 120.25, 103.75, 135.0
2023-04-06, 09:03:01, 132.5, 52.0, 19.25, 26.25, 9999.0, 1.25, 1.5, 19.75, 9999.0, 9999.0, 9999.0, 121.0, 124.0, 120.25, 103.75, 135.25
2023-04-06, 09:03:05, 132.5, 52.0, 19.25, 26.25, 9999.0, 1.25, 1.5, 19.5, 9999.0, 9999.0, 9999.0, 121.0, 124.0, 120.25, 103.75, 135.25
2023-04-06, 09:03:09, 132.5, 52.0, 19.25, 26.0, 9999.0, 1.25, 1.5, 19.5, 9999.0, 9999.0, 9999.0, 121.0, 124.25, 120.25, 104.0, 135.25
2023-04-06, 09:03:13, 132.5, 52.0, 19.0, 26.0, 9999.0, 1.25, 1.5, 19.75, 9999.0, 9999.0, 9999.0, 121.0, 124.25, 120.25, 103.75, 135.0
2023-04-06, 09:03:17, 132.5, 52.0, 19.25, 26.0, 9999.0, 1.25, 1.5, 19.75, 9999.0, 9999.0, 9999.0, 121.0, 124.0, 120.25, 104.0, 135.0
2023-04-06, 09:03:21, 132.5, 52.0, 19.0, 26.25, 9999.0, 1.25, 1.5, 19.75, 9999.0, 9999.0, 9999.0, 121.0, 124.25, 120.25, 103.75, 135.25
2023-04-06, 09:03:25, 132.5, 52.0, 19.25, 26.25, 9999.0, 1.25, 1.5, 19.75, 9999.0, 9999.0, 9999.0, 121.0, 124.25, 120.25, 104.0, 135.25
2023-04-06, 09:03:29, 132.5, 52.0, 19.25, 26.25, 9999.0, 1.25, 1.5, 19.75, 9999.0, 9999.0, 9999.0, 120.75, 124.5, 120.25, 104.0, 135.25
2023-04-06, 09:03:33, 132.5, 52.25, 19.25, 26.25, 9999.0, 1.25, 1.5, 19.75, 9999.0, 9999.0, 9999.0, 121.0, 124.25, 120.25, 104.0, 135.25
2023-04-06, 09:03:37, 132.5, 52.25, 19.25, 26.25, 9999.0, 1.25, 1.5, 19.75, 9999.0, 9999.0, 9999.0, 120.75, 124.25, 120.25, 104.0, 135.25
2023-04-06, 09:03:41, 132.5, 52.25, 19.25, 26.25, 9999.0, 1.25, 1.5, 19.75, 9999.0, 9999.0, 9999.0, 120.75, 124.25, 120.25, 104.0, 135.25
2023-04-06, 09:03:45, 132.5, 52.0, 19.25, 26.25, 9999.0, 1.0, 1.5, 19.75, 9999.0, 9999.0, 9999.0, 120.75, 124.25, 120.25, 104.0, 135.25
2023-04-06, 09:03:49, 132.5, 52.0, 19.25, 26.25, 9999.0, 1.25, 1.5, 19.75, 9999.0, 9999.0, 9999.0, 120.75, 124.25, 120.25, 104.0, 135.25
2023-04-06, 09:03:53, 132.5, 52.25, 19.25, 26.25, 9999.0, 1.25, 1.5, 19.75, 9999.0, 9999.0, 9999.0, 120.75, 124.25, 120.25, 104.0, 135.25
2023-04-06, 09:03:57, 132.5, 52.0, 19.25, 26.25, 9999.0, 1.25, 1.5, 19.75, 9999.0, 9999.0, 9999.0, 120.75, 124.25, 120.25, 104.0, 135.25
2023-04-06, 09:04:01, 132.5, 52.0, 19.25, 26.0, 9999.0, 1.25, 1.5, 19.75, 9999.0, 9999.0, 9999.0, 120.5, 124.25, 120.25, 104.0, 135.25
2023-04-06, 09:04:05, 132.5, 52.0, 19.25, 26.0, 9999.0, 1.5, 1.5, 19.75, 9999.0, 9999.0, 9999.0, 120.5, 124.25, 120.25, 103.75, 135.25
2023-04-06, 09:04:09, 132.5, 52.0, 19.25, 26.25, 9999.0, 1.5, 1.5, 19.75, 9999.0, 9999.0, 9999.0, 120.5, 124.25, 120.25, 104.0, 135.25
2023-04-06, 09:04:13, 132.5, 52.25, 19.25, 26.25, 9999.0, 1.5, 1.5, 19.75, 9999.0, 9999.0, 9999.0, 121.25, 124.25, 120.25, 104.0, 135.25
2023-04-06, 09:04:17, 132.5, 52.0, 19.25, 26.25, 9999.0, 1.5, 1.5, 19.75, 9999.0, 9999.0, 9999.0, 121.25, 124.0, 120.25, 104.0, 135.25
2023-04-06, 09:04:21, 132.5, 52.0, 19.25, 26.25, 9999.0, 1.5, 1.5, 19.75, 9999.0, 9999.0, 9999.0, 121.25, 124.25, 120.25, 104.0, 135.25
2023-04-06, 09:04:25, 132.5, 52.0, 19.25, 26.25, 9999.0, 1.5, 1.5, 19.75, 9999.0, 9999.0, 9999.0, 121.0, 124.0, 120.25, 104.0, 135.25
2023-04-06, 09:04:29, 132.5, 52.0, 19.25, 26.0, 9999.0, 1.25, 1.5, 19.75, 9999.0, 9999.0, 9999.0, 121.0, 124.25, 120.25, 104.0, 135.25
2023-04-06, 09:04:33, 132.5, 52.25, 19.25, 26.25, 9999.0, 1.25, 1.5, 19.75, 9999.0, 9999.0, 9999.0, 121.0, 124.25, 120.25, 104.0, 135.25
2023-04-06, 09:04:37, 132.5, 52.25, 19.25, 26.25, 9999.0, 1.5, 1.5, 19.75, 9999.0, 9999.0, 9999.0, 121.0, 124.25, 120.25, 104.0, 135.25
2023-04-06, 09:04:41, 132.5, 52.25, 19.25, 26.25, 9999.0, 1.25, 1.5, 19.75, 9999.0, 9999.0, 9999.0, 121.0, 124.25, 120.25, 104.0, 135.25
2023-04-06, 09:04:45, 132.5, 52.25, 19.25, 26.25, 9999.0, 1.25, 1.5, 19.75, 9999.0, 9999.0, 9999.0, 121.0, 124.25, 120.25, 104.0, 135.25
2023-04-06, 09:04:49, 132.5, 52.25, 19.25, 26.0, 9999.0, 1.25, 1.5, 19.75, 9999.0, 9999.0, 9999.0, 121.0, 124.25, 120.25, 104.0, 135.25
2023-04-06, 09:04:53, 132.5, 52.25, 19.25, 26.0, 9999.0, 1.25, 1.5, 19.75, 9999.0, 9999.0, 9999.0, 121.0, 124.25, 120.25, 104.0, 135.25
2023-04-06, 09:04:57, 132.5, 52.0, 19.25, 26.25, 9999.0, 1.25, 1.5, 19.75, 9999.0, 9999.0, 9999.0, 120.75, 124.25, 120.25, 104.0, 135.25
2023-04-06, 09:05:01, 132.5, 52.25, 19.25, 26.0, 9999.0, 1.25, 1.5, 19.75, 9999.0, 9999.0, 9999.0, 120.75, 124.25, 120.25, 104.0, 135.25
2023-04-06, 09:05:05, 132.5, 52.25, 19.25, 26.0, 9999.0, 1.25, 1.5, 19.75, 9999.0, 9999.0, 9999.0, 120.75, 124.25, 120.25, 104.0, 135.25
2023-04-06, 09:05:09, 132.5, 52.25, 19.25, 26.0, 9999.0, 1.25, 1.5, 19.75, 9999.0, 9999.0, 9999.0, 120.75, 124.25, 120.25, 104.0, 135.25
2023-04-06, 09:05:13, 132.5, 52.25, 19.25, 26.0, 9999.0, 1.25, 1.5, 19.75, 9999.0, 9999.0, 9999.0, 120.75, 124.25, 120.25, 104.0, 135.25
2023-04-06, 09:05:17, 132.5, 52.25, 19.25, 26.25, 9999.0, 1.25, 1.5, 19.75, 9999.0, 9999.0, 9999.0, 120.5, 124.25, 120.25, 104.0, 135.25
2023-04-06, 09:05:21, 132.5, 52.25, 19.25, 26.25, 9999.0, 1.25, 1.5, 19.75, 9999.0, 9999.0, 9999.0, 120.5, 124.25, 120.25, 104.0, 135.25
2023-04-06, 09:05:25, 132.5, 52.25, 19.25, 26.25, 9999.0, 1.5, 1.75, 19.75, 9999.0, 9999.0, 9999.0, 120.5, 124.25, 120.25, 104.0, 135.25
2023-04-06, 09:05:29, 132.5, 52.0, 19.25, 26.25, 9999.0, 1.5, 1.5, 19.75, 9999.0, 9999.0, 9999.0, 120.5, 124.25, 120.25, 104.0, 135.25
2023-04-06, 09:05:33, 132.5, 52.25, 19.25, 26.25, 9999.0, 1.5, 1.5, 19.75, 9999.0, 9999.0, 9999.0, 121.25, 124.0, 120.25, 104.0, 135.25
2023-04-06, 09:05:37, 132.5, 52.0, 19.25, 26.25, 9999.0, 1.5, 1.5, 19.75, 9999.0, 9999.0, 9999.0, 121.25, 124.0, 120.25, 104.0, 135.25
2023-04-06, 09:05:41, 132.5, 52.0, 19.25, 26.25, 9999.0, 1.5, 1.5, 19.75, 9999.0, 9999.0, 9999.0, 121.25, 124.0, 120.25, 104.0, 135.25
2023-04-06, 09:05:46, 132.5, 52.0, 19.25, 26.25, 9999.0, 1.5, 1.5, 19.75, 9999.0, 9999.0, 9999.0, 121.25, 124.0, 120.25, 104.0, 135.25
2023-04-06, 09:05:50, 132.5, 52.25, 19.25, 26.25, 9999.0, 1.5, 1.5, 19.75, 9999.0, 9999.0, 9999.0, 121.0, 124.0, 120.25, 104.0, 135.25
2023-04-06, 09:05:54, 132.5, 52.25, 19.25, 26.0, 9999.0, 1.5, 1.75, 19.75, 9999.0, 9999.0, 9999.0, 121.0, 124.0, 120.25, 104.0, 135.25
2023-04-06, 09:05:58, 132.5, 52.25, 19.25, 26.0, 9999.0, 1.25, 1.75, 19.75, 9999.0, 9999.0, 9999.0, 121.0, 124.0, 120.25, 104.0, 135.25
2023-04-06, 09:06:02, 132.5, 52.25, 19.25, 26.0, 9999.0, 1.25, 1.5, 19.75, 9999.0, 9999.0, 9999.0, 121.0, 124.25, 120.25, 104.0, 135.25
2023-04-06, 09:06:06, 132.75, 52.25, 19.25, 25.75, 9999.0, 1.25, 1.5, 19.75, 9999.0, 9999.0, 9999.0, 121.0, 124.25, 120.25, 104.0, 135.25
2023-04-06, 09:06:10, 132.5, 52.25, 19.25, 26.0, 9999.0, 1.25, 1.5, 19.75, 9999.0, 9999.0, 9999.0, 121.0, 124.25, 120.25, 104.0, 135.25
2023-04-06, 09:06:14, 132.5, 52.25, 19.25, 26.0, 9999.0, 1.25, 1.5, 19.75, 9999.0, 9999.0, 9999.0, 121.0, 124.25, 120.25, 104.0, 135.25
2023-04-06, 09:06:18, 132.5, 52.25, 19.25, 26.0, 9999.0, 1.25, 1.5, 19.75, 9999.0, 9999.0, 9999.0, 120.75, 124.25, 120.25, 104.0, 135.25
2023-04-06, 09:06:22, 132.5, 52.25, 19.25, 26.0, 9999.0, 1.25, 1.5, 19.75, 9999.0, 9999.0, 9999.0, 120.75, 124.25, 120.25, 104.0, 135.25
2023-04-06, 09:06:26, 132.75, 52.25, 19.25, 26.25, 9999.0, 1.25, 1.5, 19.75, 9999.0, 9999.0, 9999.0, 120.75, 124.25, 120.25, 104.0, 135.25
2023-04-06, 09:06:30, 132.5, 52.25, 19.25, 26.0, 9999.0, 1.25, 1.5, 19.75, 9999.0, 9999.0, 9999.0, 120.75, 124.25, 120.25, 104.0, 135.25
2023-04-06, 09:06:34, 132.5, 52.25, 19.25, 26.25, 9999.0, 1.5, 1.5, 19.75, 9999.0, 9999.0, 9999.0, 120.75, 124.25, 120.25, 104.0, 135.25
2023-04-06, 09:06:38, 132.5, 52.25, 19.25, 26.25, 9999.0, 1.5, 1.5, 19.75, 9999.0, 9999.0, 9999.0, 120.75, 124.25, 120.25, 104.0, 135.25
2023-04-06, 09:06:42, 132.5, 52.25, 19.25, 26.25, 9999.0, 1.5, 1.5, 20.0, 9999.0, 9999.0, 9999.0, 120.5, 124.25, 120.25, 104.0, 135.25
2023-04-06, 09:06:46, 132.5, 52.25, 19.25, 26.0, 9999.0, 1.5, 1.5, 19.75, 9999.0, 9999.0, 9999.0, 120.5, 124.25, 120.25, 104.0, 135.25
2023-04-06, 09:06:50, 132.5, 52.0, 19.25, 26.0, 9999.0, 1.5, 1.5, 19.75, 9999.0, 9999.0, 9999.0, 120.5, 124.25, 120.25, 104.0, 135.25
2023-04-06, 09:06:54, 132.75, 52.25, 19.25, 25.75, 9999.0, 1.5, 1.75, 19.75, 9999.0, 9999.0, 9999.0, 121.25, 124.25, 120.25, 104.0, 135.25
2023-04-06, 09:06:58, 132.75, 52.25, 19.25, 26.0, 9999.0, 1.5, 1.75, 20.0, 9999.0, 9999.0, 9999.0, 121.25, 124.25, 120.25, 104.0, 135.25
2023-04-06, 09:07:02, 132.5, 52.25, 19.25, 25.75, 9999.0, 1.5, 1.75, 20.0, 9999.0, 9999.0, 9999.0, 121.25, 124.25, 120.25, 103.75, 135.25
2023-04-06, 09:07:06, 132.5, 52.25, 19.25, 25.75, 9999.0, 1.5, 1.75, 19.75, 9999.0, 9999.0, 9999.0, 121.0, 124.0, 120.25, 104.0, 135.25
2023-04-06, 09:07:10, 132.5, 52.25, 19.25, 25.75, 9999.0, 1.5, 1.5, 19.75, 9999.0, 9999.0, 9999.0, 121.0, 124.25, 120.25, 103.75, 135.25
2023-04-06, 09:07:14, 132.5, 52.25, 19.25, 25.75, 9999.0, 1.5, 1.5, 19.75, 9999.0, 9999.0, 9999.0, 121.0, 124.0, 120.25, 103.75, 135.25
2023-04-06, 09:07:18, 132.5, 52.25, 19.25, 25.75, 9999.0, 1.5, 1.75, 19.75, 9999.0, 9999.0, 9999.0, 121.0, 124.0, 120.25, 104.0, 135.25
2023-04-06, 09:07:22, 132.5, 52.25, 19.25, 25.75, 9999.0, 1.5, 1.5, 19.75, 9999.0, 9999.0, 9999.0, 121.0, 124.25, 120.0, 103.75, 135.0
2023-04-06, 09:07:26, 132.5, 52.0, 19.0, 25.5, 9999.0, 1.25, 1.5, 19.75, 9999.0, 9999.0, 9999.0, 121.0, 124.25, 120.25, 103.75, 135.25
2023-04-06, 09:07:30, 132.5, 52.25, 19.25, 26.0, 9999.0, 1.25, 1.75, 19.75, 9999.0, 9999.0, 9999.0, 121.0, 124.25, 120.25, 104.0, 135.25
2023-04-06, 09:07:34, 132.5, 52.25, 19.0, 26.0, 9999.0, 1.25, 1.5, 19.75, 9999.0, 9999.0, 9999.0, 121.0, 124.25, 120.25, 104.0, 135.25
2023-04-06, 09:07:38, 132.5, 52.0, 19.25, 26.0, 9999.0, 1.25, 1.5, 19.75, 9999.0, 9999.0, 9999.0, 121.0, 124.25, 120.25, 103.75, 135.25
2023-04-06, 09:07:42, 132.5, 52.25, 19.5, 26.0, 9999.0, 1.25, 1.75, 19.75, 9999.0, 9999.0, 9999.0, 120.75, 124.25, 120.25, 103.75, 135.25
2023-04-06, 09:07:46, 132.5, 52.25, 19.25, 26.0, 9999.0, 1.25, 1.5, 19.75, 9999.0, 9999.0, 9999.0, 120.75, 124.0, 120.25, 104.0, 135.25
2023-04-06, 09:07:50, 132.5, 52.0, 19.25, 25.75, 9999.0, 1.0, 1.5, 19.75, 9999.0, 9999.0, 9999.0, 120.75, 124.25, 120.25, 104.0, 135.25
2023-04-06, 09:07:54, 132.5, 52.0, 19.25, 26.0, 9999.0, 1.5, 1.5, 19.75, 9999.0, 9999.0, 9999.0, 120.5, 124.25, 120.25, 103.75, 135.25
2023-04-06, 09:07:58, 132.75, 52.25, 19.25, 26.25, 9999.0, 1.5, 1.5, 19.75, 9999.0, 9999.0, 9999.0, 120.5, 124.25, 120.25, 103.75, 135.25
2023-04-06, 09:08:02, 132.5, 52.25, 19.25, 26.25, 9999.0, 1.5, 1.5, 19.75, 9999.0, 9999.0, 9999.0, 120.5, 124.25, 120.25, 103.75, 135.25
2023-04-06, 09:08:06, 132.5, 52.25, 19.25, 26.0, 9999.0, 1.5, 1.5, 19.75, 9999.0, 9999.0, 9999.0, 120.5, 124.25, 120.25, 103.75, 135.25
2023-04-06, 09:08:10, 132.5, 52.0, 19.0, 26.25, 9999.0, 1.5, 1.5, 19.75, 9999.0, 9999.0, 9999.0, 120.5, 124.25, 120.25, 104.0, 135.25
2023-04-06, 09:08:14, 132.5, 52.0, 19.0, 26.25, 9999.0, 1.5, 1.5, 19.75, 9999.0, 9999.0, 9999.0, 121.25, 124.25, 120.25, 103.75, 135.25
2023-04-06, 09:08:18, 132.5, 52.25, 19.25, 26.25, 9999.0, 1.5, 1.5, 19.75, 9999.0, 9999.0, 9999.0, 121.25, 124.25, 120.25, 104.0, 135.25
2023-04-06, 09:08:22, 132.5, 52.25, 19.0, 26.25, 9999.0, 1.5, 1.5, 19.75, 9999.0, 9999.0, 9999.0, 121.25, 124.25, 120.25, 104.0, 135.25
2023-04-06, 09:08:26, 132.5, 52.25, 19.25, 26.0, 9999.0, 1.5, 1.5, 19.75, 9999.0, 9999.0, 9999.0, 121.0, 124.0, 120.25, 104.0, 135.25
2023-04-06, 09:08:30, 132.5, 52.25, 19.0, 25.75, 9999.0, 1.5, 1.75, 19.75, 9999.0, 9999.0, 9999.0, 121.0, 124.0, 120.25, 104.0, 135.25
2023-04-06, 09:08:34, 132.5, 52.25, 19.0, 26.0, 9999.0, 1.5, 1.5, 19.75, 9999.0, 9999.0, 9999.0, 121.0, 124.25, 120.25, 104.0, 135.25
2023-04-06, 09:08:38, 132.5, 52.25, 19.25, 26.0, 9999.0, 1.5, 1.5, 19.75, 9999.0, 9999.0, 9999.0, 121.0, 124.25, 120.25, 104.0, 135.0
2023-04-06, 09:08:42, 132.5, 52.0, 19.25, 25.75, 9999.0, 1.25, 1.5, 19.75, 9999.0, 9999.0, 9999.0, 121.0, 124.25, 120.25, 104.0, 135.0
2023-04-06, 09:08:46, 132.5, 52.25, 19.25, 26.0, 9999.0, 1.5, 1.5, 19.75, 9999.0, 9999.0, 9999.0, 121.0, 124.25, 120.25, 103.75, 135.25
2023-04-06, 09:08:50, 132.5, 52.25, 19.25, 26.0, 9999.0, 1.25, 1.5, 19.75, 9999.0, 9999.0, 9999.0, 121.0, 124.25, 120.25, 104.0, 135.25
2023-04-06, 09:08:54, 132.5, 52.0, 19.25, 26.0, 9999.0, 1.25, 1.5, 19.75, 9999.0, 9999.0, 9999.0, 120.75, 124.25, 120.25, 104.0, 135.25
2023-04-06, 09:08:58, 132.5, 52.0, 19.25, 26.0, 9999.0, 1.25, 1.5, 19.75, 9999.0, 9999.0, 9999.0, 120.75, 124.25, 120.25, 103.75, 135.25
2023-04-06, 09:09:02, 132.5, 52.25, 19.25, 26.0, 9999.0, 1.25, 1.5, 19.75, 9999.0, 9999.0, 9999.0, 120.75, 124.25, 120.25, 103.75, 135.25
2023-04-06, 09:09:06, 132.5, 52.25, 19.25, 26.0, 9999.0, 1.25, 1.5, 19.75, 9999.0, 9999.0, 9999.0, 120.75, 124.25, 120.25, 103.75, 135.25
2023-04-06, 09:09:10, 132.5, 52.25, 19.25, 26.0, 9999.0, 1.25, 1.5, 19.75, 9999.0, 9999.0, 9999.0, 120.75, 124.0, 120.25, 103.75, 135.0
2023-04-06, 09:09:14, 132.5, 52.25, 19.25, 26.0, 9999.0, 1.25, 1.5, 19.75, 9999.0, 9999.0, 9999.0, 120.75, 124.25, 120.25, 103.75, 135.25
2023-04-06, 09:09:18, 132.5, 52.25, 19.25, 26.0, 9999.0, 1.5, 1.5, 19.75, 9999.0, 9999.0, 9999.0, 120.75, 124.0, 120.25, 103.75, 135.0
2023-04-06, 09:09:22, 132.5, 52.0, 19.25, 26.25, 9999.0, 1.25, 1.5, 19.75, 9999.0, 9999.0, 9999.0, 120.5, 124.25, 120.25, 103.75, 135.25
2023-04-06, 09:09:26, 132.5, 52.25, 19.25, 26.25, 9999.0, 1.5, 1.5, 19.75, 9999.0, 9999.0, 9999.0, 120.5, 124.25, 120.25, 103.75, 135.25
2023-04-06, 09:09:30, 132.5, 52.25, 19.25, 26.0, 9999.0, 1.5, 1.5, 19.75, 9999.0, 9999.0, 9999.0, 120.5, 124.0, 120.25, 103.75, 135.25
2023-04-06, 09:09:34, 132.5, 52.0, 19.0, 26.0, 9999.0, 1.5, 1.75, 19.75, 9999.0, 9999.0, 9999.0, 121.25, 124.0, 120.25, 103.75, 135.25
2023-04-06, 09:09:38, 132.5, 52.25, 19.25, 25.75, 9999.0, 1.5, 1.5, 19.75, 9999.0, 9999.0, 9999.0, 121.25, 124.0, 120.25, 103.75, 135.0
2023-04-06, 09:09:42, 132.5, 52.0, 19.25, 25.75, 9999.0, 1.5, 1.5, 19.75, 9999.0, 9999.0, 9999.0, 121.0, 124.0, 120.25, 103.75, 135.0
2023-04-06, 09:09:46, 132.5, 52.0, 19.25, 26.0, 9999.0, 1.5, 1.5, 19.75, 9999.0, 9999.0, 9999.0, 121.0, 124.0, 120.25, 103.75, 135.25
2023-04-06, 09:09:50, 132.5, 52.25, 19.25, 26.0, 9999.0, 1.5, 1.5, 19.75, 9999.0, 9999.0, 9999.0, 121.0, 124.0, 120.25, 104.0, 135.0
2023-04-06, 09:09:54, 132.5, 52.0, 19.25, 26.0, 9999.0, 1.5, 1.5, 19.75, 9999.0, 9999.0, 9999.0, 121.0, 124.0, 120.25, 103.75, 135.0
2023-04-06, 09:09:58, 132.5, 52.25, 19.25, 26.25, 9999.0, 1.25, 1.5, 19.75, 9999.0, 9999.0, 9999.0, 121.0, 124.0, 120.25, 103.75, 135.25
2023-04-06, 09:10:02, 132.5, 52.0, 19.25, 26.25, 9999.0, 1.25, 1.5, 19.75, 9999.0, 9999.0, 9999.0, 121.0, 124.25, 120.25, 103.75, 135.0
2023-04-06, 09:10:06, 132.5, 52.0, 19.25, 26.0, 9999.0, 1.25, 1.5, 19.75, 9999.0, 9999.0, 9999.0, 121.0, 124.25, 120.25, 103.75, 135.0
2023-04-06, 09:10:11, 132.5, 52.25, 19.25, 26.0, 9999.0, 1.25, 1.5, 19.75, 9999.0, 9999.0, 9999.0, 120.75, 124.25, 120.25, 103.75, 135.0
2023-04-06, 09:10:15, 132.5, 52.0, 19.25, 26.0, 9999.0, 1.25, 1.5, 19.75, 9999.0, 9999.0, 9999.0, 120.75, 124.25, 120.25, 103.75, 135.0
2023-04-06, 09:10:19, 132.5, 52.0, 19.25, 26.0, 9999.0, 1.25, 1.5, 19.75, 9999.0, 9999.0, 9999.0, 120.75, 124.0, 120.25, 103.75, 135.25
2023-04-06, 09:10:23, 132.5, 52.0, 19.25, 26.25, 9999.0, 1.25, 1.5, 19.75, 9999.0, 9999.0, 9999.0, 121.0, 124.25, 120.25, 103.75, 135.0
2023-04-06, 09:10:27, 132.5, 52.0, 19.25, 26.0, 9999.0, 1.25, 1.5, 19.75, 9999.0, 9999.0, 9999.0, 120.75, 124.25, 120.25, 103.75, 135.0
2023-04-06, 09:10:31, 132.5, 52.0, 19.25, 26.25, 9999.0, 1.25, 1.5, 19.75, 9999.0, 9999.0, 9999.0, 120.75, 124.25, 120.25, 103.75, 135.25
2023-04-06, 09:10:35, 132.5, 52.0, 19.25, 26.25, 9999.0, 1.25, 1.5, 19.75, 9999.0, 9999.0, 9999.0, 120.75, 124.25, 120.25, 103.75, 135.0
2023-04-06, 09:10:39, 132.5, 52.0, 19.25, 26.25, 9999.0, 1.5, 1.5, 19.75, 9999.0, 9999.0, 9999.0, 120.75, 124.0, 120.25, 103.75, 135.0
2023-04-06, 09:10:43, 132.5, 52.0, 19.0, 26.25, 9999.0, 1.25, 1.5, 19.75, 9999.0, 9999.0, 9999.0, 120.5, 124.0, 120.25, 103.75, 135.0
2023-04-06, 09:10:47, 132.5, 52.0, 19.25, 26.25, 9999.0, 1.5, 1.5, 19.75, 9999.0, 9999.0, 9999.0, 120.5, 124.0, 120.25, 103.75, 135.25
2023-04-06, 09:10:51, 132.5, 52.0, 19.0, 26.0, 9999.0, 1.5, 1.5, 19.75, 9999.0, 9999.0, 9999.0, 120.5, 124.0, 120.25, 103.75, 135.25
2023-04-06, 09:10:55, 132.5, 52.0, 19.0, 26.0, 9999.0, 1.5, 1.5, 19.75, 9999.0, 9999.0, 9999.0, 121.25, 124.0, 120.25, 103.75, 135.0
2023-04-06, 09:10:59, 132.5, 52.0, 19.25, 26.0, 9999.0, 1.5, 1.5, 19.75, 9999.0, 9999.0, 9999.0, 121.25, 124.0, 120.25, 103.75, 135.0
2023-04-06, 09:11:03, 132.5, 52.0, 19.0, 26.0, 9999.0, 1.5, 1.5, 19.75, 9999.0, 9999.0, 9999.0, 121.25, 124.0, 120.25, 103.75, 135.0
2023-04-06, 09:11:07, 132.5, 52.0, 19.0, 26.0, 9999.0, 1.5, 1.75, 19.75, 9999.0, 9999.0, 9999.0, 121.0, 124.0, 120.25, 103.75, 135.0
2023-04-06, 09:11:11, 132.5, 52.0, 19.25, 26.25, 9999.0, 1.5, 1.5, 19.75, 9999.0, 9999.0, 9999.0, 121.0, 124.0, 120.25, 103.75, 135.0
2023-04-06, 09:11:15, 132.5, 52.0, 19.25, 26.25, 9999.0, 1.25, 1.5, 19.75, 9999.0, 9999.0, 9999.0, 121.0, 124.0, 120.25, 103.75, 135.0
2023-04-06, 09:11:19, 132.5, 52.0, 19.0, 26.25, 9999.0, 1.25, 1.5, 19.75, 9999.0, 9999.0, 9999.0, 121.0, 124.0, 120.25, 103.75, 135.0
2023-04-06, 09:11:23, 132.5, 52.0, 19.25, 26.25, 9999.0, 1.25, 1.5, 19.75, 9999.0, 9999.0, 9999.0, 121.0, 124.25, 120.25, 103.75, 135.0
2023-04-06, 09:11:27, 132.5, 52.0, 19.25, 26.25, 9999.0, 1.25, 1.5, 19.75, 9999.0, 9999.0, 9999.0, 121.0, 124.25, 120.25, 103.75, 135.0
2023-04-06, 09:11:31, 132.5, 52.0, 19.25, 26.25, 9999.0, 1.25, 1.5, 19.75, 9999.0, 9999.0, 9999.0, 120.75, 124.25, 120.25, 103.75, 135.0
2023-04-06, 09:11:35, 132.5, 52.0, 19.25, 26.25, 9999.0, 1.25, 1.5, 19.75, 9999.0, 9999.0, 9999.0, 120.75, 124.25, 120.25, 103.75, 135.0
2023-04-06, 09:11:39, 132.5, 52.0, 19.0, 26.25, 9999.0, 1.25, 1.5, 19.75, 9999.0, 9999.0, 9999.0, 120.75, 124.25, 120.25, 103.75, 135.25
2023-04-06, 09:11:43, 132.5, 52.0, 19.25, 26.25, 9999.0, 1.25, 1.5, 19.75, 9999.0, 9999.0, 9999.0, 120.75, 124.25, 120.0, 103.75, 135.0
2023-04-06, 09:11:47, 132.5, 52.0, 19.25, 26.25, 9999.0, 1.25, 1.5, 19.75, 9999.0, 9999.0, 9999.0, 120.75, 124.25, 120.25, 103.75, 135.0
2023-04-06, 09:11:51, 132.5, 52.0, 19.25, 26.25, 9999.0, 1.25, 1.5, 19.75, 9999.0, 9999.0, 9999.0, 120.75, 124.25, 120.25, 103.75, 135.25
2023-04-06, 09:11:55, 132.5, 52.0, 19.25, 26.25, 9999.0, 1.25, 1.5, 19.75, 9999.0, 9999.0, 9999.0, 120.75, 124.25, 120.25, 103.75, 135.25
2023-04-06, 09:11:59, 132.5, 52.0, 19.25, 26.25, 9999.0, 1.5, 1.5, 19.75, 9999.0, 9999.0, 9999.0, 120.5, 124.25, 120.25, 103.75, 135.0
2023-04-06, 09:12:03, 132.5, 52.0, 19.25, 26.25, 9999.0, 1.25, 1.5, 19.75, 9999.0, 9999.0, 9999.0, 120.5, 124.25, 120.25, 103.75, 135.0
2023-04-06, 09:12:07, 132.5, 52.0, 19.0, 26.0, 9999.0, 1.5, 1.75, 19.75, 9999.0, 9999.0, 9999.0, 120.5, 124.25, 120.25, 103.75, 135.0
2023-04-06, 09:12:11, 132.5, 52.0, 19.0, 26.0, 9999.0, 1.5, 1.5, 19.75, 9999.0, 9999.0, 9999.0, 120.5, 124.25, 120.25, 103.75, 135.25
2023-04-06, 09:12:15, 132.5, 52.0, 19.25, 26.0, 9999.0, 1.5, 1.5, 19.75, 9999.0, 9999.0, 9999.0, 121.25, 124.25, 120.25, 103.75, 135.0
2023-04-06, 09:12:19, 132.5, 52.0, 19.0, 26.25, 9999.0, 1.5, 1.5, 19.75, 9999.0, 9999.0, 9999.0, 121.25, 124.0, 120.25, 103.75, 135.0
2023-04-06, 09:12:23, 132.5, 52.0, 19.0, 26.25, 9999.0, 1.5, 1.5, 19.75, 9999.0, 9999.0, 9999.0, 121.0, 124.0, 120.25, 103.75, 135.0
2023-04-06, 09:12:27, 132.5, 52.0, 19.0, 26.25, 9999.0, 1.25, 1.5, 19.75, 9999.0, 9999.0, 9999.0, 121.0, 124.0, 120.25, 103.75, 135.0
2023-04-06, 09:12:31, 132.5, 52.0, 19.0, 26.0, 9999.0, 1.5, 1.5, 19.75, 9999.0, 9999.0, 9999.0, 121.0, 124.0, 120.25, 103.75, 135.0
2023-04-06, 09:12:35, 132.5, 52.0, 19.0, 26.0, 9999.0, 1.25, 1.5, 19.75, 9999.0, 9999.0, 9999.0, 121.0, 124.0, 120.25, 103.75, 135.0
2023-04-06, 09:12:39, 132.5, 52.0, 19.25, 26.0, 9999.0, 1.25, 1.5, 19.75, 9999.0, 9999.0, 9999.0, 121.0, 124.0, 120.25, 103.75, 135.0
2023-04-06, 09:12:43, 132.5, 52.0, 19.25, 25.75, 9999.0, 1.25, 1.5, 19.75, 9999.0, 9999.0, 9999.0, 121.0, 124.25, 120.25, 103.75, 135.0
2023-04-06, 09:12:47, 132.5, 52.0, 19.25, 26.0, 9999.0, 1.25, 1.5, 19.75, 9999.0, 9999.0, 9999.0, 121.0, 124.25, 120.25, 103.75, 135.0
2023-04-06, 09:12:51, 132.5, 52.0, 19.25, 26.0, 9999.0, 1.25, 1.5, 19.75, 9999.0, 9999.0, 9999.0, 121.0, 124.25, 120.25, 103.75, 135.0
2023-04-06, 09:12:55, 132.5, 52.0, 19.25, 26.0, 9999.0, 1.25, 1.5, 19.75, 9999.0, 9999.0, 9999.0, 120.75, 124.25, 120.25, 103.75, 135.0
2023-04-06, 09:12:59, 132.5, 52.0, 19.0, 26.0, 9999.0, 1.25, 1.5, 19.75, 9999.0, 9999.0, 9999.0, 120.75, 124.25, 120.0, 103.75, 135.0
2023-04-06, 09:13:03, 132.5, 52.0, 19.0, 26.0, 9999.0, 1.25, 1.5, 19.75, 9999.0, 9999.0, 9999.0, 120.75, 124.25, 120.25, 103.75, 135.0
2023-04-06, 09:13:07, 132.5, 52.0, 19.0, 26.0, 9999.0, 1.25, 1.5, 19.75, 9999.0, 9999.0, 9999.0, 120.75, 124.25, 120.25, 104.0, 135.0
2023-04-06, 09:13:11, 132.5, 52.0, 19.25, 26.25, 9999.0, 1.25, 1.5, 19.75, 9999.0, 9999.0, 9999.0, 120.75, 124.25, 120.25, 103.75, 135.0
2023-04-06, 09:13:15, 132.5, 52.0, 19.25, 26.0, 9999.0, 1.25, 1.5, 19.75, 9999.0, 9999.0, 9999.0, 120.75, 124.0, 120.25, 103.75, 135.0
2023-04-06, 09:13:19, 132.5, 52.0, 19.25, 26.0, 9999.0, 1.5, 1.5, 19.75, 9999.0, 9999.0, 9999.0, 120.5, 124.25, 120.25, 103.75, 135.0
2023-04-06, 09:13:23, 132.5, 52.25, 19.25, 26.0, 9999.0, 1.25, 1.5, 19.75, 9999.0, 9999.0, 9999.0, 120.5, 124.0, 120.25, 103.75, 135.0
2023-04-06, 09:13:27, 132.5, 52.0, 19.0, 26.0, 9999.0, 1.5, 1.5, 19.75, 9999.0, 9999.0, 9999.0, 120.5, 124.25, 120.25, 103.75, 135.0
2023-04-06, 09:13:31, 132.5, 52.0, 19.25, 26.25, 9999.0, 1.5, 1.5, 19.75, 9999.0, 9999.0, 9999.0, 120.5, 124.25, 120.25, 103.75, 135.0
2023-04-06, 09:13:35, 132.5, 52.0, 19.25, 26.25, 9999.0, 1.5, 1.5, 19.75, 9999.0, 9999.0, 9999.0, 121.25, 124.0, 120.25, 103.75, 135.0
2023-04-06, 09:13:39, 132.5, 52.0, 19.25, 26.25, 9999.0, 1.5, 1.5, 19.75, 9999.0, 9999.0, 9999.0, 121.25, 124.0, 120.25, 103.75, 135.0
2023-04-06, 09:13:43, 132.5, 52.0, 19.25, 26.25, 9999.0, 1.5, 1.5, 19.75, 9999.0, 9999.0, 9999.0, 121.25, 124.0, 120.25, 103.75, 135.0
2023-04-06, 09:13:47, 132.5, 52.0, 19.25, 26.25, 9999.0, 1.25, 1.5, 19.75, 9999.0, 9999.0, 9999.0, 121.0, 124.0, 120.25, 103.75, 135.0
2023-04-06, 09:13:51, 132.5, 52.0, 19.25, 26.25, 9999.0, 1.5, 1.5, 19.75, 9999.0, 9999.0, 9999.0, 121.0, 124.0, 120.25, 104.0, 135.0
2023-04-06, 09:13:55, 132.5, 52.0, 19.25, 26.25, 9999.0, 1.5, 1.5, 19.75, 9999.0, 9999.0, 9999.0, 121.0, 124.0, 120.25, 103.75, 135.0
2023-04-06, 09:13:59, 132.5, 52.0, 19.25, 26.25, 9999.0, 1.5, 1.75, 19.75, 9999.0, 9999.0, 9999.0, 121.0, 124.0, 120.0, 103.75, 135.0
2023-04-06, 09:14:03, 132.5, 52.0, 19.0, 26.25, 9999.0, 1.25, 1.5, 19.75, 9999.0, 9999.0, 9999.0, 121.0, 124.25, 120.25, 103.75, 135.0
2023-04-06, 09:14:07, 132.5, 52.0, 19.25, 26.25, 9999.0, 1.25, 1.5, 19.75, 9999.0, 9999.0, 9999.0, 120.75, 124.25, 120.25, 104.0, 135.0
2023-04-06, 09:14:11, 132.5, 52.0, 19.25, 26.25, 9999.0, 1.25, 1.5, 19.75, 9999.0, 9999.0, 9999.0, 121.0, 124.25, 120.25, 104.0, 135.0
2023-04-06, 09:14:15, 132.5, 52.0, 19.25, 26.25, 9999.0, 1.25, 1.5, 19.75, 9999.0, 9999.0, 9999.0, 120.75, 124.25, 120.25, 104.0, 135.0
2023-04-06, 09:14:19, 132.5, 52.0, 19.25, 26.25, 9999.0, 1.25, 1.5, 19.75, 9999.0, 9999.0, 9999.0, 120.75, 124.25, 120.25, 104.0, 135.0
2023-04-06, 09:14:23, 132.5, 52.0, 19.25, 26.25, 9999.0, 1.25, 1.5, 19.75, 9999.0, 9999.0, 9999.0, 120.75, 124.25, 120.25, 104.0, 135.0
2023-04-06, 09:14:27, 132.5, 52.0, 19.25, 26.25, 9999.0, 1.25, 1.5, 19.75, 9999.0, 9999.0, 9999.0, 120.75, 124.25, 120.25, 104.0, 135.0
2023-04-06, 09:14:31, 132.5, 52.0, 19.25, 26.0, 9999.0, 1.25, 1.5, 19.75, 9999.0, 9999.0, 9999.0, 120.75, 124.25, 120.25, 103.75, 135.25
2023-04-06, 09:14:36, 132.5, 52.0, 19.25, 26.25, 9999.0, 1.25, 1.5, 19.75, 9999.0, 9999.0, 9999.0, 120.5, 124.25, 120.25, 104.0, 135.0
2023-04-06, 09:14:40, 132.5, 52.0, 19.25, 26.0, 9999.0, 1.5, 1.5, 19.75, 9999.0, 9999.0, 9999.0, 120.5, 124.25, 120.25, 103.75, 135.0
2023-04-06, 09:14:44, 132.5, 52.0, 19.0, 26.0, 9999.0, 1.25, 1.5, 19.75, 9999.0, 9999.0, 9999.0, 120.5, 124.0, 120.25, 103.75, 135.0
2023-04-06, 09:14:48, 132.5, 52.0, 19.25, 26.0, 9999.0, 1.5, 1.5, 19.75, 9999.0, 9999.0, 9999.0, 120.5, 124.0, 120.25, 104.0, 135.25
2023-04-06, 09:14:52, 132.5, 52.0, 19.25, 26.0, 9999.0, 1.5, 1.5, 19.75, 9999.0, 9999.0, 9999.0, 120.5, 124.0, 120.25, 104.0, 135.25
2023-04-06, 09:14:56, 132.5, 52.0, 19.0, 26.25, 9999.0, 1.5, 1.5, 19.75, 9999.0, 9999.0, 9999.0, 121.25, 124.0, 120.25, 103.75, 135.0
2023-04-06, 09:15:00, 132.5, 52.0, 19.25, 26.0, 9999.0, 1.5, 1.5, 19.75, 9999.0, 9999.0, 9999.0, 121.25, 124.0, 120.25, 104.0, 135.25
2023-04-06, 09:15:04, 132.5, 52.0, 19.25, 26.25, 9999.0, 1.5, 1.5, 19.75, 9999.0, 9999.0, 9999.0, 121.0, 124.0, 120.25, 104.0, 135.0
2023-04-06, 09:15:08, 132.5, 52.0, 19.25, 26.25, 9999.0, 1.5, 1.5, 19.75, 9999.0, 9999.0, 9999.0, 121.0, 124.0, 120.25, 104.0, 135.0
2023-04-06, 09:15:12, 132.5, 52.0, 19.25, 26.0, 9999.0, 1.5, 1.5, 19.75, 9999.0, 9999.0, 9999.0, 121.0, 124.0, 120.25, 104.0, 135.0
2023-04-06, 09:15:16, 132.5, 52.0, 19.25, 26.0, 9999.0, 1.25, 1.5, 19.75, 9999.0, 9999.0, 9999.0, 121.0, 124.0, 120.25, 104.0, 135.0
2023-04-06, 09:15:20, 132.5, 52.0, 19.25, 26.0, 9999.0, 1.25, 1.5, 19.75, 9999.0, 9999.0, 9999.0, 121.0, 124.0, 120.0, 104.0, 135.0
2023-04-06, 09:15:24, 132.5, 52.0, 19.25, 26.25, 9999.0, 1.25, 1.5, 19.75, 9999.0, 9999.0, 9999.0, 121.0, 124.25, 120.0, 104.0, 135.0
2023-04-06, 09:15:28, 132.5, 52.0, 19.25, 26.25, 9999.0, 1.25, 1.5, 19.75, 9999.0, 9999.0, 9999.0, 121.0, 124.25, 120.25, 104.0, 135.25
2023-04-06, 09:15:32, 132.5, 52.0, 19.25, 26.0, 9999.0, 1.5, 1.5, 19.75, 9999.0, 9999.0, 9999.0, 120.75, 124.25, 120.25, 104.0, 135.25
2023-04-06, 09:15:36, 132.5, 52.0, 19.25, 26.0, 9999.0, 1.25, 1.75, 19.75, 9999.0, 9999.0, 9999.0, 120.75, 124.25, 120.25, 104.0, 135.25
2023-04-06, 09:15:40, 132.5, 52.0, 19.25, 26.0, 9999.0, 1.25, 1.5, 19.75, 9999.0, 9999.0, 9999.0, 120.75, 124.25, 120.25, 104.0, 135.0
2023-04-06, 09:15:44, 132.5, 52.0, 19.25, 26.25, 9999.0, 1.25, 1.5, 19.75, 9999.0, 9999.0, 9999.0, 120.75, 124.25, 120.0, 103.75, 135.0
2023-04-06, 09:15:48, 132.5, 52.0, 19.25, 26.25, 9999.0, 1.25, 1.5, 19.75, 9999.0, 9999.0, 9999.0, 120.75, 124.25, 120.0, 103.75, 135.25
2023-04-06, 09:15:52, 132.5, 52.0, 19.25, 26.0, 9999.0, 1.25, 1.5, 19.75, 9999.0, 9999.0, 9999.0, 120.75, 124.0, 120.25, 104.0, 135.0
2023-04-06, 09:15:56, 132.5, 52.0, 19.25, 26.0, 9999.0, 1.25, 1.5, 19.75, 9999.0, 9999.0, 9999.0, 120.5, 124.25, 120.25, 103.75, 135.25
2023-04-06, 09:16:00, 132.5, 52.0, 19.25, 26.0, 9999.0, 1.5, 1.5, 19.75, 9999.0, 9999.0, 9999.0, 120.5, 124.25, 120.25, 103.75, 135.25
2023-04-06, 09:16:04, 132.5, 52.0, 19.0, 26.25, 9999.0, 1.25, 1.5, 19.75, 9999.0, 9999.0, 9999.0, 120.5, 124.25, 120.25, 103.75, 135.25
2023-04-06, 09:16:08, 132.5, 52.0, 19.0, 26.25, 9999.0, 1.5, 1.5, 19.75, 9999.0, 9999.0, 9999.0, 120.5, 124.0, 120.25, 103.75, 135.0
2023-04-06, 09:16:12, 132.5, 52.0, 19.0, 26.25, 9999.0, 1.5, 1.5, 19.75, 9999.0, 9999.0, 9999.0, 120.5, 124.0, 120.25, 103.75, 135.0
2023-04-06, 09:16:16, 132.5, 52.0, 19.0, 26.25, 9999.0, 1.5, 1.5, 19.75, 9999.0, 9999.0, 9999.0, 121.25, 124.0, 120.25, 103.75, 135.25
2023-04-06, 09:16:20, 132.5, 52.0, 19.25, 26.25, 9999.0, 1.5, 1.5, 19.75, 9999.0, 9999.0, 9999.0, 121.25, 124.0, 120.25, 103.75, 135.25
2023-04-06, 09:16:24, 132.5, 52.0, 19.0, 26.0, 9999.0, 1.5, 1.5, 19.75, 9999.0, 9999.0, 9999.0, 121.0, 124.0, 120.0, 104.0, 135.0
2023-04-06, 09:16:28, 132.5, 52.0, 19.25, 26.25, 9999.0, 1.5, 1.75, 19.75, 9999.0, 9999.0, 9999.0, 121.0, 124.0, 120.0, 104.0, 135.25
2023-04-06, 09:16:32, 132.5, 52.0, 19.25, 26.0, 9999.0, 1.5, 1.5, 19.75, 9999.0, 9999.0, 9999.0, 121.0, 124.0, 120.25, 104.0, 135.0
2023-04-06, 09:16:36, 132.5, 51.75, 19.25, 26.0, 9999.0, 1.25, 1.5, 19.75, 9999.0, 9999.0, 9999.0, 121.0, 124.0, 120.25, 104.0, 135.0
2023-04-06, 09:16:40, 132.5, 52.0, 19.25, 26.0, 9999.0, 1.5, 1.5, 19.75, 9999.0, 9999.0, 9999.0, 120.75, 124.0, 120.25, 104.0, 135.0
2023-04-06, 09:16:44, 132.5, 51.75, 19.0, 26.25, 9999.0, 1.25, 1.5, 19.75, 9999.0, 9999.0, 9999.0, 121.0, 124.25, 120.25, 104.0, 135.0
2023-04-06, 09:16:48, 132.5, 52.0, 19.25, 26.0, 9999.0, 1.5, 1.5, 19.75, 9999.0, 9999.0, 9999.0, 121.0, 124.25, 120.25, 103.75, 135.0
2023-04-06, 09:16:52, 132.5, 52.0, 19.25, 26.0, 9999.0, 1.25, 1.5, 19.75, 9999.0, 9999.0, 9999.0, 121.0, 124.25, 120.25, 104.0, 135.0
2023-04-06, 09:16:56, 132.5, 52.0, 19.25, 26.25, 9999.0, 1.25, 1.5, 19.75, 9999.0, 9999.0, 9999.0, 120.75, 124.25, 120.25, 104.0, 135.0
2023-04-06, 09:17:00, 132.5, 52.0, 19.25, 26.0, 9999.0, 1.25, 1.5, 19.75, 9999.0, 9999.0, 9999.0, 120.75, 124.25, 120.0, 104.0, 135.0
2023-04-06, 09:17:04, 132.5, 51.75, 19.25, 26.0, 9999.0, 1.25, 1.5, 19.75, 9999.0, 9999.0, 9999.0, 120.75, 124.0, 120.25, 104.0, 135.0
2023-04-06, 09:17:08, 132.5, 52.0, 19.25, 26.0, 9999.0, 1.25, 1.5, 19.75, 9999.0, 9999.0, 9999.0, 120.75, 124.0, 120.25, 104.0, 135.25
2023-04-06, 09:17:12, 132.5, 52.0, 19.0, 26.0, 9999.0, 1.25, 1.5, 19.75, 9999.0, 9999.0, 9999.0, 120.5, 124.0, 120.0, 103.75, 135.0
2023-04-06, 09:17:16, 132.5, 52.0, 19.0, 26.25, 9999.0, 1.25, 1.5, 19.75, 9999.0, 9999.0, 9999.0, 120.5, 124.0, 120.25, 103.75, 135.0
2023-04-06, 09:17:20, 132.5, 52.0, 19.25, 26.0, 9999.0, 1.5, 1.5, 19.75, 9999.0, 9999.0, 9999.0, 120.5, 124.0, 120.25, 103.75, 135.0
2023-04-06, 09:17:24, 132.5, 52.0, 19.0, 25.75, 9999.0, 1.25, 1.5, 19.75, 9999.0, 9999.0, 9999.0, 120.5, 124.0, 120.0, 103.75, 135.0
2023-04-06, 09:17:28, 132.5, 52.0, 19.25, 26.0, 9999.0, 1.5, 1.5, 19.75, 9999.0, 9999.0, 9999.0, 120.5, 124.0, 120.0, 103.75, 135.0
2023-04-06, 09:17:32, 132.5, 52.0, 19.25, 26.0, 9999.0, 1.5, 1.5, 19.75, 9999.0, 9999.0, 9999.0, 120.5, 124.0, 120.25, 103.75, 135.0
2023-04-06, 09:17:36, 132.5, 52.0, 19.25, 26.0, 9999.0, 1.5, 1.5, 19.75, 9999.0, 9999.0, 9999.0, 121.25, 124.0, 120.25, 103.75, 135.0
2023-04-06, 09:17:40, 132.5, 52.0, 19.25, 26.0, 9999.0, 1.5, 1.5, 19.75, 9999.0, 9999.0, 9999.0, 121.0, 124.0, 120.0, 103.75, 135.0
2023-04-06, 09:17:44, 132.5, 51.75, 19.0, 26.0, 9999.0, 1.5, 1.5, 19.75, 9999.0, 9999.0, 9999.0, 121.0, 124.0, 120.0, 103.75, 135.0
2023-04-06, 09:17:48, 132.5, 51.75, 19.25, 26.0, 9999.0, 1.5, 1.5, 19.75, 9999.0, 9999.0, 9999.0, 121.0, 124.0, 120.0, 103.75, 135.0
2023-04-06, 09:17:52, 132.5, 51.75, 19.0, 26.0, 9999.0, 1.5, 1.5, 19.75, 9999.0, 9999.0, 9999.0, 121.0, 124.0, 120.0, 103.75, 135.0
2023-04-06, 09:17:56, 132.5, 51.75, 19.0, 26.0, 9999.0, 1.5, 1.5, 19.75, 9999.0, 9999.0, 9999.0, 121.0, 124.0, 120.0, 103.75, 135.0
2023-04-06, 09:18:00, 132.5, 51.75, 19.0, 26.0, 9999.0, 1.5, 1.5, 19.75, 9999.0, 9999.0, 9999.0, 121.0, 124.0, 120.0, 103.75, 135.0
2023-04-06, 09:18:04, 132.5, 51.75, 19.25, 26.0, 9999.0, 1.5, 1.5, 19.75, 9999.0, 9999.0, 9999.0, 120.75, 124.0, 120.25, 103.75, 135.0
2023-04-06, 09:18:08, 132.5, 52.0, 19.25, 26.0, 9999.0, 1.25, 1.5, 19.75, 9999.0, 9999.0, 9999.0, 121.0, 124.25, 120.0, 103.75, 135.0
2023-04-06, 09:18:12, 132.5, 51.75, 19.25, 26.0, 9999.0, 1.25, 1.5, 19.75, 9999.0, 9999.0, 9999.0, 120.75, 124.0, 120.0, 103.75, 135.0
2023-04-06, 09:18:16, 132.5, 51.75, 19.25, 26.0, 9999.0, 1.25, 1.5, 19.75, 9999.0, 9999.0, 9999.0, 120.75, 124.0, 120.0, 103.75, 135.0
2023-04-06, 09:18:20, 132.5, 51.75, 19.0, 26.0, 9999.0, 1.25, 1.5, 19.75, 9999.0, 9999.0, 9999.0, 120.75, 124.0, 120.0, 103.75, 135.0
2023-04-06, 09:18:24, 132.5, 51.75, 19.0, 26.0, 9999.0, 1.25, 1.5, 19.75, 9999.0, 9999.0, 9999.0, 120.75, 124.0, 120.0, 103.75, 135.0
2023-04-06, 09:18:28, 132.25, 51.75, 19.0, 26.0, 9999.0, 1.25, 1.5, 19.75, 9999.0, 9999.0, 9999.0, 120.5, 124.0, 120.0, 103.75, 135.0
2023-04-06, 09:18:32, 132.5, 51.75, 19.0, 26.0, 9999.0, 1.25, 1.5, 19.75, 9999.0, 9999.0, 9999.0, 120.5, 124.0, 120.25, 103.75, 135.0
2023-04-06, 09:18:36, 132.5, 51.75, 19.25, 26.0, 9999.0, 1.25, 1.5, 19.75, 9999.0, 9999.0, 9999.0, 120.5, 124.0, 120.0, 103.75, 135.0
2023-04-06, 09:18:40, 132.5, 51.75, 19.25, 26.0, 9999.0, 1.25, 1.5, 19.75, 9999.0, 9999.0, 9999.0, 120.5, 124.0, 120.0, 103.75, 135.0
2023-04-06, 09:18:44, 132.5, 51.75, 19.25, 26.0, 9999.0, 1.25, 1.5, 19.75, 9999.0, 9999.0, 9999.0, 120.5, 124.0, 120.25, 103.75, 135.0
2023-04-06, 09:18:48, 132.5, 51.75, 19.0, 26.0, 9999.0, 1.5, 1.5, 19.75, 9999.0, 9999.0, 9999.0, 120.25, 124.0, 120.0, 103.5, 135.0
2023-04-06, 09:18:52, 132.5, 51.75, 19.25, 26.0, 9999.0, 1.5, 1.5, 19.75, 9999.0, 9999.0, 9999.0, 120.25, 124.0, 120.0, 103.5, 135.0
2023-04-06, 09:18:56, 132.5, 51.75, 19.0, 26.0, 9999.0, 1.5, 1.5, 19.75, 9999.0, 9999.0, 9999.0, 121.0, 124.0, 120.0, 103.75, 135.0
2023-04-06, 09:19:00, 132.5, 51.75, 19.0, 26.0, 9999.0, 1.5, 1.5, 19.75, 9999.0, 9999.0, 9999.0, 121.0, 123.75, 120.0, 103.5, 135.0
2023-04-06, 09:19:05, 132.5, 51.75, 19.0, 26.0, 9999.0, 1.25, 1.5, 19.75, 9999.0, 9999.0, 9999.0, 121.0, 123.75, 120.0, 103.75, 135.0
2023-04-06, 09:19:09, 132.25, 51.75, 19.0, 26.0, 9999.0, 1.5, 1.5, 19.75, 9999.0, 9999.0, 9999.0, 121.0, 123.75, 120.0, 103.75, 135.0
2023-04-06, 09:19:13, 132.25, 51.75, 19.0, 26.0, 9999.0, 1.25, 1.5, 19.75, 9999.0, 9999.0, 9999.0, 120.75, 124.0, 120.0, 103.5, 135.0
2023-04-06, 09:19:17, 132.25, 51.75, 18.75, 25.75, 9999.0, 1.25, 1.5, 19.75, 9999.0, 9999.0, 9999.0, 120.75, 123.75, 120.0, 103.75, 134.75
2023-04-06, 09:19:21, 132.25, 51.75, 19.0, 26.0, 9999.0, 1.25, 1.5, 19.75, 9999.0, 9999.0, 9999.0, 120.75, 123.75, 120.0, 103.5, 135.0
2023-04-06, 09:19:25, 132.25, 51.75, 19.0, 25.75, 9999.0, 1.0, 1.5, 19.75, 9999.0, 9999.0, 9999.0, 120.75, 124.0, 120.0, 103.75, 135.0
2023-04-06, 09:19:29, 132.25, 51.75, 19.0, 25.75, 9999.0, 1.25, 1.5, 19.75, 9999.0, 9999.0, 9999.0, 120.75, 124.0, 120.0, 103.5, 134.75
2023-04-06, 09:19:33, 132.25, 51.75, 19.0, 26.0, 9999.0, 1.25, 1.5, 19.75, 9999.0, 9999.0, 9999.0, 120.75, 124.0, 120.0, 103.5, 135.0
2023-04-06, 09:19:37, 132.25, 51.75, 19.0, 26.0, 9999.0, 1.25, 1.5, 19.75, 9999.0, 9999.0, 9999.0, 120.75, 124.0, 120.0, 103.75, 135.0
2023-04-06, 09:19:41, 132.5, 51.75, 19.0, 26.0, 9999.0, 1.0, 1.5, 19.75, 9999.0, 9999.0, 9999.0, 120.5, 124.0, 120.0, 103.5, 134.75
2023-04-06, 09:19:45, 132.25, 51.75, 19.0, 26.25, 9999.0, 1.25, 1.5, 19.75, 9999.0, 9999.0, 9999.0, 120.5, 124.0, 120.0, 103.5, 135.0
2023-04-06, 09:19:49, 132.25, 51.75, 18.75, 26.25, 9999.0, 1.25, 1.5, 19.75, 9999.0, 9999.0, 9999.0, 120.5, 124.0, 120.0, 103.5, 135.0
2023-04-06, 09:19:53, 132.25, 51.75, 19.0, 26.0, 9999.0, 1.0, 1.5, 19.5, 9999.0, 9999.0, 9999.0, 120.5, 124.0, 120.0, 103.5, 134.75
2023-04-06, 09:19:57, 132.25, 51.75, 19.0, 26.0, 9999.0, 1.25, 1.5, 19.5, 9999.0, 9999.0, 9999.0, 120.5, 124.0, 119.75, 103.5, 134.75
2023-04-06, 09:20:01, 132.25, 51.5, 19.0, 26.25, 9999.0, 1.25, 1.5, 19.75, 9999.0, 9999.0, 9999.0, 120.25, 124.0, 120.0, 103.5, 134.75
2023-04-06, 09:20:05, 132.25, 51.75, 19.0, 26.25, 9999.0, 1.25, 1.5, 19.75, 9999.0, 9999.0, 9999.0, 120.25, 123.75, 120.0, 103.5, 134.75
2023-04-06, 09:20:09, 132.25, 51.75, 19.0, 26.0, 9999.0, 1.5, 1.5, 19.75, 9999.0, 9999.0, 9999.0, 120.25, 124.0, 120.0, 103.5, 134.75
2023-04-06, 09:20:13, 132.25, 51.5, 19.0, 26.0, 9999.0, 1.5, 1.5, 19.75, 9999.0, 9999.0, 9999.0, 121.0, 124.0, 120.0, 103.5, 134.75
2023-04-06, 09:20:17, 132.25, 51.5, 19.0, 26.0, 9999.0, 1.5, 1.5, 19.75, 9999.0, 9999.0, 9999.0, 121.0, 123.75, 120.0, 103.5, 134.75
2023-04-06, 09:20:21, 132.25, 51.5, 19.0, 26.0, 9999.0, 1.25, 1.5, 19.75, 9999.0, 9999.0, 9999.0, 121.0, 123.75, 120.0, 103.5, 134.75
2023-04-06, 09:20:25, 132.25, 51.75, 19.0, 26.0, 9999.0, 1.25, 1.5, 19.5, 9999.0, 9999.0, 9999.0, 121.0, 123.75, 120.0, 103.5, 135.0
2023-04-06, 09:20:29, 132.25, 51.5, 19.0, 26.0, 9999.0, 1.0, 1.5, 19.75, 9999.0, 9999.0, 9999.0, 120.75, 123.75, 120.0, 103.5, 134.75
2023-04-06, 09:20:33, 132.25, 51.5, 19.0, 26.0, 9999.0, 1.25, 1.5, 19.75, 9999.0, 9999.0, 9999.0, 120.75, 123.75, 120.0, 103.5, 134.75
2023-04-06, 09:20:37, 132.25, 51.5, 19.0, 26.0, 9999.0, 1.25, 1.5, 19.75, 9999.0, 9999.0, 9999.0, 120.75, 123.75, 120.0, 103.5, 134.75
2023-04-06, 09:20:41, 132.25, 51.5, 19.0, 26.0, 9999.0, 1.25, 1.5, 19.5, 9999.0, 9999.0, 9999.0, 120.75, 123.75, 120.0, 103.5, 134.75
2023-04-06, 09:20:45, 132.25, 51.5, 19.0, 26.0, 9999.0, 1.25, 1.5, 19.5, 9999.0, 9999.0, 9999.0, 120.75, 124.0, 120.0, 103.5, 134.75
2023-04-06, 09:20:49, 131.75, 51.5, 19.0, 26.0, 9999.0, 1.0, 1.5, 19.75, 9999.0, 9999.0, 9999.0, 120.75, 124.0, 120.0, 103.5, 134.75
2023-04-06, 09:20:53, 132.25, 51.5, 19.0, 26.0, 9999.0, 1.25, 1.5, 19.75, 9999.0, 9999.0, 9999.0, 120.75, 124.0, 120.0, 103.5, 135.0
2023-04-06, 09:20:57, 132.25, 51.5, 19.0, 26.0, 9999.0, 1.25, 1.5, 19.75, 9999.0, 9999.0, 9999.0, 120.5, 124.0, 120.0, 103.75, 134.75
2023-04-06, 09:21:01, 132.25, 51.25, 19.0, 25.75, 9999.0, 1.25, 1.5, 19.75, 9999.0, 9999.0, 9999.0, 120.5, 123.75, 120.0, 103.5, 134.75
2023-04-06, 09:21:05, 132.25, 51.5, 19.0, 26.0, 9999.0, 1.0, 1.25, 19.75, 9999.0, 9999.0, 9999.0, 120.5, 124.0, 120.0, 103.5, 134.75
2023-04-06, 09:21:09, 132.25, 51.5, 19.0, 25.75, 9999.0, 1.0, 1.25, 19.5, 9999.0, 9999.0, 9999.0, 120.5, 124.0, 120.0, 103.5, 134.75
2023-04-06, 09:21:13, 132.25, 51.5, 18.75, 25.5, 9999.0, 1.0, 1.25, 19.75, 9999.0, 9999.0, 9999.0, 120.5, 124.0, 120.0, 103.5, 134.75
2023-04-06, 09:21:17, 132.25, 51.5, 19.0, 25.75, 9999.0, 1.25, 1.5, 19.5, 9999.0, 9999.0, 9999.0, 120.25, 124.0, 120.0, 103.5, 134.75
2023-04-06, 09:21:21, 132.25, 51.5, 19.0, 25.75, 9999.0, 1.25, 1.5, 19.5, 9999.0, 9999.0, 9999.0, 120.25, 124.0, 120.0, 103.5, 134.75
2023-04-06, 09:21:25, 132.25, 51.5, 19.0, 25.5, 9999.0, 1.25, 1.5, 19.5, 9999.0, 9999.0, 9999.0, 120.25, 123.75, 120.0, 103.5, 134.75
2023-04-06, 09:21:29, 132.25, 51.5, 19.0, 25.75, 9999.0, 1.5, 1.5, 19.75, 9999.0, 9999.0, 9999.0, 120.25, 124.0, 120.0, 103.5, 134.75
2023-04-06, 09:21:33, 132.25, 51.5, 18.75, 25.75, 9999.0, 1.5, 1.5, 19.5, 9999.0, 9999.0, 9999.0, 121.0, 123.75, 120.0, 103.5, 134.75
2023-04-06, 09:21:37, 132.25, 51.5, 18.75, 25.75, 9999.0, 1.5, 1.5, 19.5, 9999.0, 9999.0, 9999.0, 121.0, 123.75, 120.0, 103.5, 134.75
2023-04-06, 09:21:41, 132.25, 51.5, 19.0, 26.0, 9999.0, 1.25, 1.5, 19.5, 9999.0, 9999.0, 9999.0, 121.0, 123.75, 120.0, 103.5, 134.75
2023-04-06, 09:21:45, 132.25, 51.5, 19.0, 26.0, 9999.0, 1.25, 1.5, 19.5, 9999.0, 9999.0, 9999.0, 120.75, 123.75, 120.0, 103.5, 134.75
2023-04-06, 09:21:49, 132.0, 51.5, 19.0, 26.0, 9999.0, 1.25, 1.5, 19.75, 9999.0, 9999.0, 9999.0, 120.75, 123.75, 120.0, 103.5, 134.75
2023-04-06, 09:21:53, 132.25, 51.5, 19.0, 26.0, 9999.0, 1.25, 1.5, 19.5, 9999.0, 9999.0, 9999.0, 120.75, 123.75, 120.0, 103.5, 134.75
2023-04-06, 09:21:57, 132.25, 51.5, 19.0, 26.0, 9999.0, 1.25, 1.5, 19.75, 9999.0, 9999.0, 9999.0, 120.75, 123.75, 120.0, 103.5, 134.75
2023-04-06, 09:22:01, 132.25, 51.5, 19.0, 26.0, 9999.0, 1.25, 1.5, 19.5, 9999.0, 9999.0, 9999.0, 120.5, 123.75, 120.0, 103.5, 134.75
2023-04-06, 09:22:05, 132.25, 51.5, 19.0, 26.0, 9999.0, 1.25, 1.5, 19.5, 9999.0, 9999.0, 9999.0, 120.75, 124.0, 120.0, 103.5, 134.75
2023-04-06, 09:22:09, 132.25, 51.5, 19.0, 26.0, 9999.0, 1.25, 1.5, 19.5, 9999.0, 9999.0, 9999.0, 120.5, 124.0, 120.0, 103.5, 134.75
2023-04-06, 09:22:13, 132.25, 51.5, 19.0, 26.25, 9999.0, 1.25, 1.5, 19.5, 9999.0, 9999.0, 9999.0, 120.5, 124.0, 120.0, 103.5, 134.75
2023-04-06, 09:22:17, 132.25, 51.5, 19.0, 26.0, 9999.0, 1.25, 1.5, 19.5, 9999.0, 9999.0, 9999.0, 120.5, 124.0, 120.0, 103.5, 134.75
2023-04-06, 09:22:21, 132.25, 51.5, 19.0, 26.25, 9999.0, 1.25, 1.5, 19.5, 9999.0, 9999.0, 9999.0, 120.5, 124.0, 120.0, 103.5, 134.75
2023-04-06, 09:22:25, 132.25, 51.5, 19.0, 26.0, 9999.0, 1.0, 1.5, 19.5, 9999.0, 9999.0, 9999.0, 120.25, 124.0, 120.0, 103.5, 134.75
2023-04-06, 09:22:29, 132.25, 51.5, 19.0, 25.75, 9999.0, 1.0, 1.5, 19.75, 9999.0, 9999.0, 9999.0, 120.25, 124.0, 120.0, 103.5, 134.75
2023-04-06, 09:22:33, 132.0, 51.5, 19.0, 26.0, 9999.0, 1.0, 1.25, 19.5, 9999.0, 9999.0, 9999.0, 120.25, 124.0, 120.0, 103.5, 134.75
2023-04-06, 09:22:37, 132.0, 51.5, 19.0, 26.0, 9999.0, 1.25, 1.5, 19.5, 9999.0, 9999.0, 9999.0, 120.25, 124.0, 120.0, 103.5, 134.75
2023-04-06, 09:22:41, 132.0, 51.5, 19.0, 26.0, 9999.0, 1.25, 1.5, 19.5, 9999.0, 9999.0, 9999.0, 120.25, 123.75, 120.0, 103.5, 134.75
2023-04-06, 09:22:45, 132.0, 51.5, 19.0, 26.0, 9999.0, 1.25, 1.5, 19.5, 9999.0, 9999.0, 9999.0, 120.25, 124.0, 120.0, 103.5, 134.75
2023-04-06, 09:22:49, 132.0, 51.5, 19.0, 26.0, 9999.0, 1.5, 1.5, 19.75, 9999.0, 9999.0, 9999.0, 120.25, 123.75, 120.0, 103.5, 134.75
2023-04-06, 09:22:53, 132.25, 51.5, 19.0, 26.0, 9999.0, 1.25, 1.5, 19.5, 9999.0, 9999.0, 9999.0, 121.0, 123.75, 120.0, 103.5, 134.75
2023-04-06, 09:22:57, 132.25, 51.5, 19.0, 26.0, 9999.0, 1.25, 1.5, 19.5, 9999.0, 9999.0, 9999.0, 121.0, 123.75, 120.0, 103.5, 134.75
2023-04-06, 09:23:01, 132.0, 51.5, 18.75, 26.0, 9999.0, 1.25, 1.5, 19.75, 9999.0, 9999.0, 9999.0, 120.75, 123.75, 120.0, 103.5, 134.75
2023-04-06, 09:23:05, 132.0, 51.5, 19.0, 25.75, 9999.0, 1.25, 1.25, 19.5, 9999.0, 9999.0, 9999.0, 120.75, 123.75, 120.0, 103.5, 134.75
2023-04-06, 09:23:09, 132.0, 51.5, 19.0, 26.0, 9999.0, 1.25, 1.5, 19.5, 9999.0, 9999.0, 9999.0, 120.75, 123.75, 120.0, 103.5, 134.75
2023-04-06, 09:23:13, 132.25, 51.5, 18.75, 25.5, 9999.0, 1.25, 1.5, 19.5, 9999.0, 9999.0, 9999.0, 120.75, 123.75, 120.0, 103.5, 134.75
2023-04-06, 09:23:17, 132.0, 51.5, 19.0, 25.75, 9999.0, 1.25, 1.5, 19.5, 9999.0, 9999.0, 9999.0, 120.5, 123.75, 120.0, 103.5, 134.75
2023-04-06, 09:23:21, 132.0, 51.5, 19.0, 25.75, 9999.0, 1.25, 1.5, 19.5, 9999.0, 9999.0, 9999.0, 120.5, 124.0, 120.0, 103.5, 134.75
2023-04-06, 09:23:25, 132.25, 51.5, 19.0, 25.75, 9999.0, 1.25, 1.5, 19.5, 9999.0, 9999.0, 9999.0, 120.5, 124.0, 120.0, 103.5, 134.75
2023-04-06, 09:23:29, 132.0, 51.5, 19.0, 26.0, 9999.0, 1.0, 1.5, 19.5, 9999.0, 9999.0, 9999.0, 120.5, 123.75, 120.0, 103.5, 134.75
2023-04-06, 09:23:34, 132.0, 51.5, 18.75, 25.75, 9999.0, 1.25, 1.5, 19.5, 9999.0, 9999.0, 9999.0, 120.5, 124.0, 120.0, 103.25, 134.75
2023-04-06, 09:23:38, 132.0, 51.5, 18.75, 25.75, 9999.0, 1.0, 1.25, 19.5, 9999.0, 9999.0, 9999.0, 120.25, 124.0, 120.0, 103.5, 134.75
2023-04-06, 09:23:42, 132.0, 51.5, 18.75, 26.0, 9999.0, 1.0, 1.25, 19.5, 9999.0, 9999.0, 9999.0, 120.5, 123.75, 120.0, 103.5, 134.75
2023-04-06, 09:23:46, 132.25, 51.5, 18.75, 26.0, 9999.0, 1.0, 1.25, 19.5, 9999.0, 9999.0, 9999.0, 120.25, 124.0, 120.0, 103.5, 134.75
2023-04-06, 09:23:50, 132.0, 51.5, 18.75, 26.0, 9999.0, 1.0, 1.25, 19.5, 9999.0, 9999.0, 9999.0, 120.25, 123.75, 119.75, 103.5, 134.75
2023-04-06, 09:23:54, 132.0, 51.5, 19.0, 26.0, 9999.0, 1.0, 1.25, 19.5, 9999.0, 9999.0, 9999.0, 120.25, 123.75, 120.0, 103.5, 134.75
2023-04-06, 09:23:58, 132.0, 51.5, 19.0, 26.0, 9999.0, 1.25, 1.25, 19.5, 9999.0, 9999.0, 9999.0, 120.25, 123.75, 120.0, 103.5, 134.75
2023-04-06, 09:24:02, 132.0, 51.5, 19.0, 25.75, 9999.0, 1.25, 1.25, 19.5, 9999.0, 9999.0, 9999.0, 120.25, 123.75, 120.0, 103.5, 134.75
2023-04-06, 09:24:06, 132.0, 51.5, 18.75, 26.0, 9999.0, 1.25, 1.25, 19.5, 9999.0, 9999.0, 9999.0, 120.25, 123.75, 120.0, 103.5, 134.75
2023-04-06, 09:24:10, 132.0, 51.5, 18.75, 26.0, 9999.0, 1.5, 1.5, 19.5, 9999.0, 9999.0, 9999.0, 120.0, 123.75, 120.0, 103.25, 134.75
2023-04-06, 09:24:14, 132.0, 51.5, 18.75, 25.75, 9999.0, 1.25, 1.5, 19.5, 9999.0, 9999.0, 9999.0, 121.0, 123.75, 119.75, 103.25, 134.75
2023-04-06, 09:24:18, 132.0, 51.5, 18.75, 25.75, 9999.0, 1.25, 1.25, 19.5, 9999.0, 9999.0, 9999.0, 120.75, 123.75, 119.75, 103.25, 134.75
2023-04-06, 09:24:22, 132.0, 51.5, 18.75, 25.75, 9999.0, 1.25, 1.25, 19.5, 9999.0, 9999.0, 9999.0, 120.75, 123.75, 119.75, 103.25, 134.75
2023-04-06, 09:24:26, 132.0, 51.5, 18.75, 25.5, 9999.0, 1.25, 1.5, 19.5, 9999.0, 9999.0, 9999.0, 120.75, 123.75, 119.75, 103.25, 134.75
2023-04-06, 09:24:30, 132.0, 51.5, 19.0, 25.75, 9999.0, 1.25, 1.25, 19.5, 9999.0, 9999.0, 9999.0, 120.75, 123.75, 119.75, 103.5, 134.75
2023-04-06, 09:24:34, 132.0, 51.25, 18.75, 25.75, 9999.0, 1.25, 1.25, 19.5, 9999.0, 9999.0, 9999.0, 120.5, 123.75, 119.75, 103.5, 134.75
2023-04-06, 09:24:38, 132.0, 51.5, 18.75, 26.0, 9999.0, 1.25, 1.25, 19.5, 9999.0, 9999.0, 9999.0, 120.5, 123.75, 119.75, 103.25, 134.75
2023-04-06, 09:24:42, 132.0, 51.5, 18.75, 26.0, 9999.0, 1.25, 1.25, 19.5, 9999.0, 9999.0, 9999.0, 120.5, 124.0, 119.75, 103.5, 134.75
2023-04-06, 09:24:46, 132.0, 51.5, 18.75, 26.0, 9999.0, 1.0, 1.25, 19.5, 9999.0, 9999.0, 9999.0, 120.5, 124.0, 119.75, 103.25, 134.75
2023-04-06, 09:24:50, 132.0, 51.5, 19.0, 25.75, 9999.0, 1.0, 1.25, 19.5, 9999.0, 9999.0, 9999.0, 120.5, 124.0, 120.0, 103.5, 134.75
2023-04-06, 09:24:54, 132.0, 51.5, 18.75, 25.75, 9999.0, 1.0, 1.25, 19.5, 9999.0, 9999.0, 9999.0, 120.5, 124.0, 119.75, 103.5, 134.75
2023-04-06, 09:24:58, 132.0, 51.5, 18.75, 25.75, 9999.0, 1.0, 1.25, 19.5, 9999.0, 9999.0, 9999.0, 120.25, 124.0, 119.75, 103.5, 134.75
2023-04-06, 09:25:02, 132.0, 51.5, 19.0, 26.0, 9999.0, 1.0, 1.25, 19.5, 9999.0, 9999.0, 9999.0, 120.25, 123.75, 119.75, 103.5, 134.75
2023-04-06, 09:25:06, 132.0, 51.25, 18.75, 26.0, 9999.0, 1.0, 1.25, 19.5, 9999.0, 9999.0, 9999.0, 120.25, 124.0, 119.75, 103.5, 134.75
2023-04-06, 09:25:10, 132.0, 51.5, 19.0, 25.75, 9999.0, 1.0, 1.25, 19.5, 9999.0, 9999.0, 9999.0, 120.25, 123.75, 119.75, 103.25, 134.75
2023-04-06, 09:25:14, 132.0, 51.5, 19.0, 25.75, 9999.0, 1.0, 1.25, 19.5, 9999.0, 9999.0, 9999.0, 120.25, 123.75, 119.75, 103.25, 134.75
2023-04-06, 09:25:18, 132.0, 51.5, 18.75, 26.0, 9999.0, 1.25, 1.25, 19.5, 9999.0, 9999.0, 9999.0, 120.25, 123.75, 119.75, 103.25, 134.75
2023-04-06, 09:25:22, 132.0, 51.5, 19.0, 26.0, 9999.0, 1.25, 1.25, 19.5, 9999.0, 9999.0, 9999.0, 120.0, 123.75, 119.75, 103.25, 134.75
2023-04-06, 09:25:26, 132.0, 51.5, 19.0, 26.0, 9999.0, 1.25, 1.25, 19.5, 9999.0, 9999.0, 9999.0, 120.0, 123.75, 119.75, 103.5, 134.75
2023-04-06, 09:25:30, 132.0, 51.5, 18.75, 26.0, 9999.0, 1.25, 1.5, 19.5, 9999.0, 9999.0, 9999.0, 120.0, 123.75, 119.75, 103.25, 134.75
2023-04-06, 09:25:34, 132.0, 51.25, 19.0, 26.0, 9999.0, 1.25, 1.25, 19.5, 9999.0, 9999.0, 9999.0, 120.75, 123.75, 119.75, 103.25, 134.5
2023-04-06, 09:25:38, 132.0, 51.5, 19.0, 26.0, 9999.0, 1.25, 1.25, 19.5, 9999.0, 9999.0, 9999.0, 120.75, 123.75, 120.0, 103.25, 134.75
2023-04-06, 09:25:42, 132.0, 51.5, 18.75, 26.0, 9999.0, 1.25, 1.25, 19.5, 9999.0, 9999.0, 9999.0, 120.75, 123.75, 119.75, 103.5, 134.75
2023-04-06, 09:25:46, 132.0, 51.25, 19.0, 26.0, 9999.0, 1.25, 1.25, 19.5, 9999.0, 9999.0, 9999.0, 120.75, 123.75, 119.75, 103.25, 134.75
2023-04-06, 09:25:50, 132.0, 51.5, 19.0, 25.75, 9999.0, 1.25, 1.25, 19.5, 9999.0, 9999.0, 9999.0, 120.5, 123.75, 119.75, 103.5, 134.75
2023-04-06, 09:25:54, 132.0, 51.5, 18.75, 26.0, 9999.0, 1.0, 1.25, 19.5, 9999.0, 9999.0, 9999.0, 120.5, 123.75, 119.75, 103.5, 134.75
2023-04-06, 09:25:58, 132.0, 51.25, 18.75, 26.0, 9999.0, 1.25, 1.25, 19.5, 9999.0, 9999.0, 9999.0, 120.5, 123.75, 119.75, 103.5, 134.5
2023-04-06, 09:26:02, 132.0, 51.5, 18.75, 26.0, 9999.0, 1.25, 1.25, 19.5, 9999.0, 9999.0, 9999.0, 120.5, 123.75, 119.75, 103.25, 134.5
2023-04-06, 09:26:06, 132.0, 51.5, 18.75, 26.0, 9999.0, 1.0, 1.25, 19.5, 9999.0, 9999.0, 9999.0, 120.5, 124.0, 119.75, 103.25, 134.75
2023-04-06, 09:26:10, 132.0, 51.25, 18.75, 26.0, 9999.0, 1.0, 1.25, 19.5, 9999.0, 9999.0, 9999.0, 120.5, 124.0, 119.75, 103.5, 134.75
2023-04-06, 09:26:14, 132.0, 51.5, 19.0, 26.0, 9999.0, 1.0, 1.25, 19.5, 9999.0, 9999.0, 9999.0, 120.25, 123.75, 119.75, 103.5, 134.75
2023-04-06, 09:26:18, 132.0, 51.25, 19.0, 26.0, 9999.0, 1.0, 1.25, 19.5, 9999.0, 9999.0, 9999.0, 120.25, 124.0, 119.75, 103.5, 134.75
2023-04-06, 09:26:22, 132.0, 51.5, 19.0, 26.0, 9999.0, 1.0, 1.25, 19.5, 9999.0, 9999.0, 9999.0, 120.25, 123.75, 119.75, 103.25, 134.75
2023-04-06, 09:26:26, 132.0, 51.25, 19.0, 26.0, 9999.0, 1.0, 1.25, 19.5, 9999.0, 9999.0, 9999.0, 120.25, 123.75, 119.75, 103.25, 134.75
2023-04-06, 09:26:30, 132.0, 51.25, 18.75, 26.0, 9999.0, 1.0, 1.25, 19.5, 9999.0, 9999.0, 9999.0, 120.25, 123.75, 119.75, 103.25, 134.75
2023-04-06, 09:26:34, 132.0, 51.5, 19.0, 26.0, 9999.0, 1.0, 1.25, 19.5, 9999.0, 9999.0, 9999.0, 120.25, 123.75, 119.75, 103.25, 134.75
2023-04-06, 09:26:38, 131.75, 51.25, 19.0, 26.0, 9999.0, 1.0, 1.25, 19.5, 9999.0, 9999.0, 9999.0, 120.0, 123.75, 120.0, 103.25, 134.5
2023-04-06, 09:26:42, 132.0, 51.5, 18.75, 25.75, 9999.0, 1.0, 1.25, 19.5, 9999.0, 9999.0, 9999.0, 120.25, 123.75, 119.75, 103.25, 134.5
2023-04-06, 09:26:46, 131.75, 51.5, 18.75, 26.0, 9999.0, 1.25, 1.5, 19.5, 9999.0, 9999.0, 9999.0, 120.0, 123.75, 119.75, 103.25, 134.75
2023-04-06, 09:26:50, 132.0, 51.25, 19.0, 26.0, 9999.0, 1.25, 1.25, 19.5, 9999.0, 9999.0, 9999.0, 120.0, 123.75, 119.75, 103.25, 134.75
2023-04-06, 09:26:54, 132.0, 51.25, 19.0, 26.0, 9999.0, 1.25, 1.5, 19.5, 9999.0, 9999.0, 9999.0, 120.75, 123.75, 119.75, 103.25, 134.5
2023-04-06, 09:26:58, 131.75, 51.5, 18.75, 25.75, 9999.0, 1.25, 1.25, 19.5, 9999.0, 9999.0, 9999.0, 120.75, 123.75, 119.75, 103.25, 134.5
2023-04-06, 09:27:02, 132.0, 51.5, 19.0, 25.5, 9999.0, 1.25, 1.25, 19.5, 9999.0, 9999.0, 9999.0, 120.75, 123.75, 119.75, 103.5, 134.75
2023-04-06, 09:27:06, 132.0, 51.5, 18.75, 25.5, 9999.0, 1.25, 1.25, 19.5, 9999.0, 9999.0, 9999.0, 120.5, 123.75, 119.75, 103.25, 134.75
2023-04-06, 09:27:10, 132.0, 51.25, 18.75, 25.75, 9999.0, 1.0, 1.25, 19.5, 9999.0, 9999.0, 9999.0, 120.5, 123.75, 119.75, 103.25, 134.5
2023-04-06, 09:27:14, 132.0, 51.25, 18.75, 26.0, 9999.0, 1.0, 1.25, 19.5, 9999.0, 9999.0, 9999.0, 120.5, 123.75, 119.75, 103.25, 134.5
2023-04-06, 09:27:18, 132.0, 51.25, 19.0, 26.0, 9999.0, 1.0, 1.25, 19.5, 9999.0, 9999.0, 9999.0, 120.5, 123.75, 119.75, 103.25, 134.75
2023-04-06, 09:27:22, 132.0, 51.25, 19.0, 26.0, 9999.0, 1.0, 1.25, 19.5, 9999.0, 9999.0, 9999.0, 120.5, 123.75, 119.75, 103.25, 134.75
2023-04-06, 09:27:26, 131.75, 51.25, 19.0, 26.0, 9999.0, 1.0, 1.25, 19.5, 9999.0, 9999.0, 9999.0, 120.5, 123.75, 119.75, 103.25, 134.5
2023-04-06, 09:27:30, 131.75, 51.5, 19.0, 26.0, 9999.0, 1.0, 1.25, 19.5, 9999.0, 9999.0, 9999.0, 120.5, 123.75, 119.75, 103.25, 134.5
2023-04-06, 09:27:34, 131.75, 51.5, 19.0, 25.75, 9999.0, 1.0, 1.25, 19.5, 9999.0, 9999.0, 9999.0, 120.5, 123.75, 119.75, 103.25, 134.5
2023-04-06, 09:27:38, 131.75, 51.5, 19.0, 25.75, 9999.0, 1.0, 1.25, 19.5, 9999.0, 9999.0, 9999.0, 120.25, 123.75, 119.75, 103.25, 134.75
2023-04-06, 09:27:42, 131.75, 51.25, 18.75, 25.75, 9999.0, 1.0, 1.25, 19.5, 9999.0, 9999.0, 9999.0, 120.25, 123.75, 119.75, 103.25, 134.5
2023-04-06, 09:27:46, 132.0, 51.25, 18.75, 26.0, 9999.0, 1.0, 1.25, 19.5, 9999.0, 9999.0, 9999.0, 120.25, 123.75, 119.75, 103.25, 134.5
2023-04-06, 09:27:50, 132.0, 51.25, 18.75, 26.0, 9999.0, 1.0, 1.25, 19.5, 9999.0, 9999.0, 9999.0, 120.25, 123.75, 119.75, 103.25, 134.75
2023-04-06, 09:27:54, 132.0, 51.25, 18.75, 26.0, 9999.0, 0.75, 1.25, 19.5, 9999.0, 9999.0, 9999.0, 120.0, 123.75, 119.75, 103.25, 134.5
2023-04-06, 09:27:59, 132.0, 51.25, 18.75, 25.75, 9999.0, 1.25, 1.25, 19.5, 9999.0, 9999.0, 9999.0, 120.25, 123.75, 119.75, 103.25, 134.5
2023-04-06, 09:28:03, 131.75, 51.25, 19.0, 26.0, 9999.0, 1.0, 1.25, 19.5, 9999.0, 9999.0, 9999.0, 120.0, 123.75, 119.75, 103.25, 134.5
2023-04-06, 09:28:07, 131.75, 51.25, 19.0, 26.0, 9999.0, 1.25, 1.25, 19.5, 9999.0, 9999.0, 9999.0, 120.0, 123.75, 119.75, 103.25, 134.5
2023-04-06, 09:28:11, 131.75, 51.25, 18.75, 26.0, 9999.0, 1.25, 1.25, 19.5, 9999.0, 9999.0, 9999.0, 120.0, 123.75, 119.75, 103.25, 134.5
2023-04-06, 09:28:15, 132.0, 51.25, 18.75, 25.75, 9999.0, 1.25, 1.25, 19.5, 9999.0, 9999.0, 9999.0, 120.75, 123.75, 119.75, 103.25, 134.5
2023-04-06, 09:28:19, 131.75, 51.25, 18.75, 26.0, 9999.0, 1.25, 1.25, 19.5, 9999.0, 9999.0, 9999.0, 120.75, 123.75, 119.75, 103.25, 134.75
2023-04-06, 09:28:23, 131.75, 51.25, 19.0, 26.0, 9999.0, 1.25, 1.25, 19.5, 9999.0, 9999.0, 9999.0, 120.5, 123.75, 119.5, 103.25, 134.75
2023-04-06, 09:28:27, 131.75, 51.5, 18.75, 26.0, 9999.0, 1.25, 1.25, 19.5, 9999.0, 9999.0, 9999.0, 120.5, 123.75, 119.75, 103.25, 134.5
2023-04-06, 09:28:31, 131.75, 51.25, 19.0, 26.0, 9999.0, 1.0, 1.25, 19.5, 9999.0, 9999.0, 9999.0, 120.5, 123.75, 119.75, 103.25, 134.5
2023-04-06, 09:28:35, 131.75, 51.25, 18.75, 26.0, 9999.0, 1.0, 1.5, 19.5, 9999.0, 9999.0, 9999.0, 120.5, 123.75, 119.75, 103.25, 134.75
2023-04-06, 09:28:39, 131.75, 51.25, 18.75, 26.0, 9999.0, 1.0, 1.25, 19.5, 9999.0, 9999.0, 9999.0, 120.5, 123.75, 119.75, 103.25, 134.5
2023-04-06, 09:28:43, 131.75, 51.5, 19.0, 26.0, 9999.0, 1.0, 1.25, 19.5, 9999.0, 9999.0, 9999.0, 120.5, 123.75, 119.75, 103.25, 134.5
2023-04-06, 09:28:47, 131.75, 51.5, 18.75, 26.0, 9999.0, 1.0, 1.25, 19.5, 9999.0, 9999.0, 9999.0, 120.25, 123.75, 119.75, 103.25, 134.5
2023-04-06, 09:28:51, 131.75, 51.25, 18.75, 26.0, 9999.0, 1.0, 1.25, 19.5, 9999.0, 9999.0, 9999.0, 120.5, 123.75, 119.75, 103.25, 134.5
2023-04-06, 09:28:55, 131.75, 51.25, 18.75, 26.0, 9999.0, 1.0, 1.25, 19.5, 9999.0, 9999.0, 9999.0, 120.25, 123.75, 119.75, 103.0, 134.75
2023-04-06, 09:28:59, 131.75, 51.25, 18.75, 25.75, 9999.0, 0.75, 1.25, 19.5, 9999.0, 9999.0, 9999.0, 120.25, 123.75, 119.75, 103.25, 134.5
2023-04-06, 09:29:03, 131.75, 51.25, 18.75, 25.75, 9999.0, 1.0, 1.25, 19.5, 9999.0, 9999.0, 9999.0, 120.25, 123.75, 119.5, 103.25, 134.5
2023-04-06, 09:29:07, 131.75, 51.25, 18.75, 26.0, 9999.0, 0.75, 1.25, 19.5, 9999.0, 9999.0, 9999.0, 120.25, 123.75, 119.75, 103.0, 134.5
2023-04-06, 09:29:11, 131.75, 51.25, 19.0, 25.75, 9999.0, 0.75, 1.25, 19.5, 9999.0, 9999.0, 9999.0, 120.25, 123.75, 119.75, 103.25, 134.5
2023-04-06, 09:29:15, 131.75, 51.25, 18.75, 25.5, 9999.0, 0.75, 1.25, 19.5, 9999.0, 9999.0, 9999.0, 120.0, 123.75, 119.75, 103.25, 134.5
2023-04-06, 09:29:19, 131.75, 51.25, 18.75, 25.5, 9999.0, 1.0, 1.25, 19.5, 9999.0, 9999.0, 9999.0, 120.0, 123.75, 119.75, 103.0, 134.5
2023-04-06, 09:29:23, 131.75, 51.25, 18.75, 25.75, 9999.0, 1.0, 1.25, 19.5, 9999.0, 9999.0, 9999.0, 120.0, 123.75, 119.75, 103.25, 134.5
2023-04-06, 09:29:27, 131.75, 51.25, 18.75, 26.0, 9999.0, 1.25, 1.25, 19.5, 9999.0, 9999.0, 9999.0, 120.0, 123.75, 119.5, 103.25, 134.5
2023-04-06, 09:29:31, 131.75, 51.25, 19.0, 25.75, 9999.0, 1.25, 1.25, 19.5, 9999.0, 9999.0, 9999.0, 120.0, 123.75, 119.5, 103.0, 134.5
2023-04-06, 09:29:35, 131.75, 51.25, 19.0, 26.0, 9999.0, 1.25, 1.25, 19.5, 9999.0, 9999.0, 9999.0, 120.75, 123.75, 119.75, 103.0, 134.5
2023-04-06, 09:29:39, 131.75, 51.25, 19.0, 25.75, 9999.0, 1.25, 1.25, 19.5, 9999.0, 9999.0, 9999.0, 120.5, 123.5, 119.75, 103.0, 134.5
2023-04-06, 09:29:43, 131.75, 51.25, 19.0, 26.0, 9999.0, 1.25, 1.25, 19.5, 9999.0, 9999.0, 9999.0, 120.5, 123.5, 119.5, 103.0, 134.5
2023-04-06, 09:29:47, 131.75, 51.25, 18.75, 26.0, 9999.0, 1.0, 1.25, 19.5, 9999.0, 9999.0, 9999.0, 120.5, 123.5, 119.5, 103.25, 134.5
2023-04-06, 09:29:51, 131.75, 51.25, 18.75, 25.75, 9999.0, 1.0, 1.25, 19.5, 9999.0, 9999.0, 9999.0, 120.5, 123.5, 119.5, 103.0, 134.5
2023-04-06, 09:29:55, 131.75, 51.25, 18.75, 25.75, 9999.0, 1.0, 1.25, 19.5, 9999.0, 9999.0, 9999.0, 120.25, 123.5, 119.75, 103.0, 134.5
2023-04-06, 09:29:59, 131.75, 51.25, 18.75, 25.75, 9999.0, 1.0, 1.25, 19.5, 9999.0, 9999.0, 9999.0, 120.25, 123.5, 119.5, 103.0, 134.5
2023-04-06, 09:30:03, 131.75, 51.25, 18.75, 25.75, 9999.0, 1.0, 1.25, 19.5, 9999.0, 9999.0, 9999.0, 120.25, 123.75, 119.5, 103.0, 134.5
2023-04-06, 09:30:07, 131.75, 51.25, 19.0, 25.5, 9999.0, 1.0, 1.25, 19.5, 9999.0, 9999.0, 9999.0, 120.5, 123.75, 119.5, 103.0, 134.5
2023-04-06, 09:30:11, 131.75, 51.25, 18.75, 25.75, 9999.0, 1.0, 1.25, 19.5, 9999.0, 9999.0, 9999.0, 120.25, 123.75, 119.5, 103.0, 134.5
2023-04-06, 09:30:15, 131.75, 51.25, 19.0, 25.75, 9999.0, 1.0, 1.25, 19.5, 9999.0, 9999.0, 9999.0, 120.25, 123.75, 119.75, 103.0, 134.5
2023-04-06, 09:30:19, 131.75, 51.25, 18.75, 25.75, 9999.0, 1.0, 1.25, 19.5, 9999.0, 9999.0, 9999.0, 120.25, 123.75, 119.5, 103.0, 134.5
2023-04-06, 09:30:23, 131.75, 51.25, 19.0, 26.0, 9999.0, 0.75, 1.25, 19.5, 9999.0, 9999.0, 9999.0, 120.0, 123.5, 119.5, 103.0, 134.5
2023-04-06, 09:30:27, 131.75, 51.25, 18.75, 25.75, 9999.0, 0.75, 1.25, 19.5, 9999.0, 9999.0, 9999.0, 120.25, 123.75, 119.5, 103.0, 134.5
2023-04-06, 09:30:31, 131.75, 51.25, 18.75, 25.75, 9999.0, 0.75, 1.25, 19.5, 9999.0, 9999.0, 9999.0, 120.0, 123.5, 119.75, 103.25, 134.5
2023-04-06, 09:30:35, 131.75, 51.25, 19.0, 25.75, 9999.0, 0.75, 1.25, 19.5, 9999.0, 9999.0, 9999.0, 120.0, 123.75, 119.75, 103.0, 134.5
2023-04-06, 09:30:39, 131.75, 51.25, 19.0, 25.75, 9999.0, 1.0, 1.25, 19.5, 9999.0, 9999.0, 9999.0, 120.0, 123.5, 119.5, 103.0, 134.5
2023-04-06, 09:30:43, 131.75, 51.25, 19.0, 25.75, 9999.0, 1.0, 1.25, 19.5, 9999.0, 9999.0, 9999.0, 120.0, 123.75, 119.75, 103.0, 134.5
2023-04-06, 09:30:47, 131.75, 51.25, 18.75, 25.75, 9999.0, 1.25, 1.25, 19.5, 9999.0, 9999.0, 9999.0, 120.0, 123.5, 119.5, 103.0, 134.75
2023-04-06, 09:30:51, 131.75, 51.25, 18.75, 25.75, 9999.0, 1.25, 1.25, 19.5, 9999.0, 9999.0, 9999.0, 120.0, 123.75, 119.5, 103.0, 134.5
2023-04-06, 09:30:55, 131.75, 51.25, 18.75, 26.0, 9999.0, 1.25, 1.25, 19.5, 9999.0, 9999.0, 9999.0, 120.75, 123.5, 119.5, 103.0, 134.75
2023-04-06, 09:30:59, 131.75, 51.25, 19.0, 26.0, 9999.0, 1.25, 1.25, 19.5, 9999.0, 9999.0, 9999.0, 120.5, 123.75, 119.5, 103.0, 134.5
2023-04-06, 09:31:03, 131.75, 51.5, 18.75, 26.0, 9999.0, 1.25, 1.25, 19.5, 9999.0, 9999.0, 9999.0, 120.5, 123.5, 119.5, 103.0, 134.5
2023-04-06, 09:31:07, 131.75, 51.25, 18.75, 25.75, 9999.0, 1.0, 1.25, 19.5, 9999.0, 9999.0, 9999.0, 120.5, 123.5, 119.75, 103.0, 134.5
2023-04-06, 09:31:11, 131.75, 51.25, 18.75, 25.5, 9999.0, 1.0, 1.25, 19.5, 9999.0, 9999.0, 9999.0, 120.5, 123.5, 119.5, 103.0, 134.5
2023-04-06, 09:31:15, 131.75, 51.25, 18.75, 25.5, 9999.0, 1.0, 1.25, 19.5, 9999.0, 9999.0, 9999.0, 120.25, 123.5, 119.5, 103.0, 134.5
2023-04-06, 09:31:19, 131.75, 51.5, 18.75, 25.75, 9999.0, 1.0, 1.25, 19.5, 9999.0, 9999.0, 9999.0, 120.25, 123.5, 119.5, 103.0, 134.5
2023-04-06, 09:31:23, 131.75, 51.25, 18.75, 26.0, 9999.0, 1.0, 1.25, 19.5, 9999.0, 9999.0, 9999.0, 120.25, 123.75, 119.5, 103.0, 134.75
2023-04-06, 09:31:27, 131.75, 51.25, 18.75, 26.0, 9999.0, 1.0, 1.25, 19.5, 9999.0, 9999.0, 9999.0, 120.25, 123.75, 119.5, 103.0, 134.75
2023-04-06, 09:31:31, 131.75, 51.25, 18.75, 25.75, 9999.0, 1.0, 1.25, 19.5, 9999.0, 9999.0, 9999.0, 120.25, 123.75, 119.5, 103.0, 134.5
2023-04-06, 09:31:35, 131.75, 51.25, 18.75, 25.75, 9999.0, 1.0, 1.25, 19.5, 9999.0, 9999.0, 9999.0, 120.25, 123.75, 119.5, 103.0, 134.5
2023-04-06, 09:31:39, 131.75, 51.25, 19.0, 25.75, 9999.0, 1.0, 1.25, 19.5, 9999.0, 9999.0, 9999.0, 120.25, 123.75, 119.5, 103.0, 134.5
2023-04-06, 09:31:43, 131.75, 51.25, 19.0, 25.75, 9999.0, 0.75, 1.25, 19.5, 9999.0, 9999.0, 9999.0, 120.25, 123.75, 119.5, 103.0, 134.5
2023-04-06, 09:31:47, 131.75, 51.25, 19.0, 25.75, 9999.0, 1.0, 1.25, 19.5, 9999.0, 9999.0, 9999.0, 120.0, 123.75, 119.5, 103.0, 134.5
2023-04-06, 09:31:51, 131.75, 51.25, 18.75, 25.75, 9999.0, 0.75, 1.25, 19.5, 9999.0, 9999.0, 9999.0, 120.0, 123.75, 119.75, 103.0, 134.75
2023-04-06, 09:31:55, 131.75, 51.25, 18.75, 26.0, 9999.0, 0.75, 1.25, 19.5, 9999.0, 9999.0, 9999.0, 120.0, 123.75, 119.5, 103.0, 134.5
2023-04-06, 09:31:59, 131.75, 51.25, 18.75, 26.0, 9999.0, 1.0, 1.25, 19.5, 9999.0, 9999.0, 9999.0, 120.0, 123.5, 119.5, 103.0, 134.5
2023-04-06, 09:32:03, 131.75, 51.25, 18.75, 26.0, 9999.0, 1.0, 1.25, 19.5, 9999.0, 9999.0, 9999.0, 120.0, 123.5, 119.5, 103.0, 134.5
2023-04-06, 09:32:07, 131.75, 51.5, 19.0, 25.75, 9999.0, 1.25, 1.25, 19.5, 9999.0, 9999.0, 9999.0, 120.0, 123.5, 119.5, 103.0, 134.5
2023-04-06, 09:32:11, 131.75, 51.25, 18.75, 25.75, 9999.0, 1.25, 1.25, 19.5, 9999.0, 9999.0, 9999.0, 119.75, 123.75, 119.5, 103.0, 134.5
2023-04-06, 09:32:15, 131.75, 51.25, 18.75, 25.75, 9999.0, 1.25, 1.25, 19.5, 9999.0, 9999.0, 9999.0, 120.75, 123.5, 119.5, 103.0, 134.5
2023-04-06, 09:32:19, 131.75, 51.25, 18.75, 25.75, 9999.0, 1.25, 1.25, 19.5, 9999.0, 9999.0, 9999.0, 120.5, 123.5, 119.5, 103.0, 134.5
2023-04-06, 09:32:23, 131.75, 51.25, 19.0, 26.0, 9999.0, 1.25, 1.25, 19.5, 9999.0, 9999.0, 9999.0, 120.5, 123.5, 119.5, 103.0, 134.5
2023-04-06, 09:32:28, 131.75, 51.25, 18.75, 26.0, 9999.0, 1.0, 1.25, 19.5, 9999.0, 9999.0, 9999.0, 120.5, 123.5, 119.5, 103.0, 134.5
2023-04-06, 09:32:32, 131.75, 51.25, 18.75, 25.75, 9999.0, 1.0, 1.25, 19.5, 9999.0, 9999.0, 9999.0, 120.25, 123.5, 119.5, 103.0, 134.5
2023-04-06, 09:32:36, 131.75, 51.25, 19.0, 25.75, 9999.0, 1.0, 1.25, 19.5, 9999.0, 9999.0, 9999.0, 120.25, 123.5, 119.5, 103.0, 134.5
2023-04-06, 09:32:40, 131.75, 51.25, 18.75, 25.75, 9999.0, 1.0, 1.25, 19.5, 9999.0, 9999.0, 9999.0, 120.25, 123.5, 119.5, 103.0, 134.5
2023-04-06, 09:32:44, 131.75, 51.25, 18.75, 25.75, 9999.0, 1.0, 1.25, 19.5, 9999.0, 9999.0, 9999.0, 120.25, 123.75, 119.5, 103.0, 134.5
2023-04-06, 09:32:48, 131.75, 51.5, 18.75, 26.0, 9999.0, 1.0, 1.25, 19.5, 9999.0, 9999.0, 9999.0, 120.25, 123.75, 119.5, 103.0, 134.5
2023-04-06, 09:32:52, 131.75, 51.25, 18.75, 25.75, 9999.0, 1.0, 1.25, 19.5, 9999.0, 9999.0, 9999.0, 120.25, 123.75, 119.5, 103.0, 134.5
2023-04-06, 09:32:56, 131.75, 51.25, 18.75, 25.75, 9999.0, 1.0, 1.25, 19.5, 9999.0, 9999.0, 9999.0, 120.25, 123.75, 119.5, 103.0, 134.5
2023-04-06, 09:33:00, 131.75, 51.25, 18.75, 25.75, 9999.0, 1.0, 1.25, 19.5, 9999.0, 9999.0, 9999.0, 120.25, 123.75, 119.5, 103.0, 134.5
2023-04-06, 09:33:04, 131.75, 51.25, 18.75, 25.75, 9999.0, 0.75, 1.25, 19.5, 9999.0, 9999.0, 9999.0, 120.0, 123.75, 119.5, 103.0, 134.5
2023-04-06, 09:33:08, 131.75, 51.25, 18.75, 25.5, 9999.0, 0.75, 1.25, 19.5, 9999.0, 9999.0, 9999.0, 120.0, 123.5, 119.5, 103.0, 134.5
2023-04-06, 09:33:12, 131.75, 51.25, 18.75, 25.75, 9999.0, 0.75, 1.25, 19.5, 9999.0, 9999.0, 9999.0, 120.0, 123.75, 119.75, 103.0, 134.5
2023-04-06, 09:33:16, 131.75, 51.25, 18.75, 25.75, 9999.0, 0.75, 1.25, 19.5, 9999.0, 9999.0, 9999.0, 120.0, 123.5, 119.5, 103.0, 134.5
2023-04-06, 09:33:20, 131.75, 51.25, 18.75, 25.5, 9999.0, 1.0, 1.25, 19.5, 9999.0, 9999.0, 9999.0, 120.0, 123.75, 119.75, 103.0, 134.5
2023-04-06, 09:33:24, 131.75, 51.25, 18.75, 25.75, 9999.0, 1.0, 1.25, 19.5, 9999.0, 9999.0, 9999.0, 120.0, 123.5, 119.5, 103.0, 134.5
2023-04-06, 09:33:28, 131.75, 51.25, 18.75, 25.75, 9999.0, 1.25, 1.25, 19.5, 9999.0, 9999.0, 9999.0, 120.0, 123.5, 119.5, 103.0, 134.5
2023-04-06, 09:33:32, 131.75, 51.25, 19.0, 25.75, 9999.0, 1.25, 1.25, 19.5, 9999.0, 9999.0, 9999.0, 119.75, 123.5, 119.5, 103.0, 134.5
2023-04-06, 09:33:36, 131.75, 51.25, 18.75, 25.75, 9999.0, 1.25, 1.25, 19.5, 9999.0, 9999.0, 9999.0, 120.5, 123.5, 119.5, 103.0, 134.5
2023-04-06, 09:33:40, 131.75, 51.25, 18.75, 25.75, 9999.0, 1.25, 1.25, 19.5, 9999.0, 9999.0, 9999.0, 120.5, 123.5, 119.5, 103.0, 134.5
2023-04-06, 09:33:44, 131.75, 51.25, 19.0, 25.75, 9999.0, 1.0, 1.25, 19.5, 9999.0, 9999.0, 9999.0, 120.5, 123.5, 119.5, 103.0, 134.5
2023-04-06, 09:33:48, 131.75, 51.25, 18.75, 26.0, 9999.0, 1.0, 1.25, 19.25, 9999.0, 9999.0, 9999.0, 120.5, 123.5, 119.5, 103.0, 134.5
2023-04-06, 09:33:52, 131.75, 51.25, 19.0, 25.75, 9999.0, 1.0, 1.25, 19.5, 9999.0, 9999.0, 9999.0, 120.25, 123.5, 119.5, 103.0, 134.5
2023-04-06, 09:33:56, 131.75, 51.25, 19.0, 26.0, 9999.0, 1.0, 1.25, 19.5, 9999.0, 9999.0, 9999.0, 120.25, 123.5, 119.5, 103.0, 134.5
2023-04-06, 09:34:00, 131.75, 51.25, 18.75, 25.75, 9999.0, 1.0, 1.25, 19.25, 9999.0, 9999.0, 9999.0, 120.25, 123.5, 119.5, 103.0, 134.5
2023-04-06, 09:34:04, 131.75, 51.25, 18.75, 25.75, 9999.0, 1.0, 1.25, 19.5, 9999.0, 9999.0, 9999.0, 120.25, 123.75, 119.5, 103.0, 134.5
2023-04-06, 09:34:08, 131.75, 51.25, 18.75, 26.0, 9999.0, 1.0, 1.25, 19.5, 9999.0, 9999.0, 9999.0, 120.25, 123.75, 119.5, 103.0, 134.5
2023-04-06, 09:34:12, 131.75, 51.25, 19.0, 26.0, 9999.0, 1.0, 1.25, 19.5, 9999.0, 9999.0, 9999.0, 120.25, 123.75, 119.5, 103.0, 134.5
2023-04-06, 09:34:16, 131.75, 51.25, 18.75, 26.0, 9999.0, 1.0, 1.25, 19.5, 9999.0, 9999.0, 9999.0, 120.25, 123.75, 119.5, 103.0, 134.5
2023-04-06, 09:34:20, 131.75, 51.25, 18.75, 25.75, 9999.0, 1.0, 1.25, 19.5, 9999.0, 9999.0, 9999.0, 120.0, 123.75, 119.5, 103.0, 134.5
2023-04-06, 09:34:24, 131.75, 51.25, 18.75, 25.75, 9999.0, 0.75, 1.25, 19.5, 9999.0, 9999.0, 9999.0, 120.0, 123.75, 119.5, 102.75, 134.5
2023-04-06, 09:34:28, 131.75, 51.25, 19.0, 25.75, 9999.0, 1.0, 1.25, 19.5, 9999.0, 9999.0, 9999.0, 120.0, 123.5, 119.5, 102.75, 134.5
2023-04-06, 09:34:32, 131.75, 51.25, 18.75, 25.75, 9999.0, 0.75, 1.25, 19.25, 9999.0, 9999.0, 9999.0, 120.0, 123.75, 119.5, 103.0, 134.5
2023-04-06, 09:34:36, 131.75, 51.25, 19.0, 25.5, 9999.0, 1.0, 1.25, 19.5, 9999.0, 9999.0, 9999.0, 120.0, 123.75, 119.5, 103.0, 134.5
2023-04-06, 09:34:40, 131.75, 51.25, 18.75, 25.75, 9999.0, 1.0, 1.25, 19.5, 9999.0, 9999.0, 9999.0, 120.0, 123.75, 119.5, 103.0, 134.5
2023-04-06, 09:34:44, 131.75, 51.25, 18.75, 26.0, 9999.0, 1.0, 1.25, 19.25, 9999.0, 9999.0, 9999.0, 120.0, 123.5, 119.5, 102.75, 134.5
2023-04-06, 09:34:48, 131.75, 51.25, 18.75, 25.75, 9999.0, 1.25, 1.25, 19.5, 9999.0, 9999.0, 9999.0, 119.75, 123.5, 119.5, 103.0, 134.5
2023-04-06, 09:34:52, 131.75, 51.25, 18.75, 25.75, 9999.0, 1.25, 1.25, 19.5, 9999.0, 9999.0, 9999.0, 119.75, 123.5, 119.5, 103.0, 134.5
2023-04-06, 09:34:56, 131.75, 51.25, 18.75, 26.0, 9999.0, 1.25, 1.25, 19.5, 9999.0, 9999.0, 9999.0, 120.5, 123.75, 119.5, 103.0, 134.5
2023-04-06, 09:35:00, 131.75, 51.25, 18.75, 26.0, 9999.0, 1.0, 1.25, 19.5, 9999.0, 9999.0, 9999.0, 120.5, 123.5, 119.5, 102.75, 134.5
2023-04-06, 09:35:04, 131.75, 51.25, 18.75, 26.0, 9999.0, 1.0, 1.25, 19.5, 9999.0, 9999.0, 9999.0, 120.5, 123.5, 119.5, 103.0, 134.5
2023-04-06, 09:35:08, 131.75, 51.25, 19.0, 25.75, 9999.0, 1.0, 1.25, 19.25, 9999.0, 9999.0, 9999.0, 120.25, 123.5, 119.5, 103.0, 134.5
2023-04-06, 09:35:12, 131.75, 51.25, 19.0, 25.75, 9999.0, 1.0, 1.25, 19.25, 9999.0, 9999.0, 9999.0, 120.25, 123.5, 119.5, 103.0, 134.5
2023-04-06, 09:35:16, 131.75, 51.25, 19.0, 25.75, 9999.0, 1.0, 1.25, 19.5, 9999.0, 9999.0, 9999.0, 120.25, 123.5, 119.5, 103.0, 134.5
2023-04-06, 09:35:20, 131.75, 51.25, 18.75, 25.75, 9999.0, 1.0, 1.25, 19.5, 9999.0, 9999.0, 9999.0, 120.25, 123.5, 119.5, 103.0, 134.5
2023-04-06, 09:35:24, 131.75, 51.25, 18.75, 26.0, 9999.0, 1.0, 1.25, 19.5, 9999.0, 9999.0, 9999.0, 120.25, 123.75, 119.5, 103.0, 134.5
2023-04-06, 09:35:28, 131.75, 51.25, 19.0, 25.75, 9999.0, 1.0, 1.25, 19.5, 9999.0, 9999.0, 9999.0, 120.25, 123.75, 119.5, 103.0, 134.5
2023-04-06, 09:35:32, 131.75, 51.25, 19.0, 25.75, 9999.0, 1.0, 1.25, 19.5, 9999.0, 9999.0, 9999.0, 120.25, 123.75, 119.5, 103.0, 134.5
2023-04-06, 09:35:36, 131.75, 51.25, 18.75, 25.75, 9999.0, 0.75, 1.25, 19.25, 9999.0, 9999.0, 9999.0, 120.25, 123.75, 119.5, 103.0, 134.5
2023-04-06, 09:35:40, 131.75, 51.25, 18.75, 25.75, 9999.0, 0.75, 1.25, 19.5, 9999.0, 9999.0, 9999.0, 120.0, 123.75, 119.5, 103.0, 134.5
2023-04-06, 09:35:44, 131.75, 51.25, 19.0, 25.75, 9999.0, 0.75, 1.25, 19.25, 9999.0, 9999.0, 9999.0, 120.0, 123.75, 119.5, 103.0, 134.5
2023-04-06, 09:35:48, 131.75, 51.25, 18.75, 25.75, 9999.0, 0.75, 1.25, 19.25, 9999.0, 9999.0, 9999.0, 120.0, 123.75, 119.5, 102.75, 134.5
2023-04-06, 09:35:52, 131.5, 51.25, 18.75, 26.0, 9999.0, 0.75, 1.25, 19.25, 9999.0, 9999.0, 9999.0, 120.0, 123.75, 119.5, 102.75, 134.5
2023-04-06, 09:35:56, 131.75, 51.25, 18.75, 26.0, 9999.0, 1.0, 1.25, 19.5, 9999.0, 9999.0, 9999.0, 120.0, 123.75, 119.5, 102.75, 134.5
2023-04-06, 09:36:00, 131.5, 51.25, 18.75, 26.0, 9999.0, 1.0, 1.25, 19.25, 9999.0, 9999.0, 9999.0, 119.75, 123.75, 119.5, 102.75, 134.5
2023-04-06, 09:36:04, 131.75, 51.25, 18.75, 26.0, 9999.0, 1.0, 1.25, 19.25, 9999.0, 9999.0, 9999.0, 119.75, 123.75, 119.5, 103.0, 134.5
2023-04-06, 09:36:08, 131.75, 51.25, 18.75, 26.0, 9999.0, 1.25, 1.25, 19.5, 9999.0, 9999.0, 9999.0, 119.75, 123.75, 119.5, 102.75, 134.5
2023-04-06, 09:36:12, 131.75, 51.25, 18.75, 26.0, 9999.0, 1.25, 1.25, 19.25, 9999.0, 9999.0, 9999.0, 120.75, 123.5, 119.5, 102.75, 134.5
2023-04-06, 09:36:16, 131.75, 51.25, 18.75, 25.75, 9999.0, 1.0, 1.25, 19.5, 9999.0, 9999.0, 9999.0, 120.5, 123.5, 119.5, 102.75, 134.5
2023-04-06, 09:36:20, 131.5, 51.25, 19.0, 26.0, 9999.0, 1.0, 1.25, 19.5, 9999.0, 9999.0, 9999.0, 120.5, 123.5, 119.5, 102.75, 134.5
2023-04-06, 09:36:24, 131.5, 51.25, 19.0, 26.0, 9999.0, 1.0, 1.25, 19.5, 9999.0, 9999.0, 9999.0, 120.25, 123.5, 119.5, 103.0, 134.5
2023-04-06, 09:36:28, 131.5, 51.25, 18.75, 25.75, 9999.0, 1.0, 1.25, 19.25, 9999.0, 9999.0, 9999.0, 120.5, 123.5, 119.5, 103.0, 134.5
2023-04-06, 09:36:32, 131.75, 51.25, 18.75, 26.0, 9999.0, 1.0, 1.25, 19.5, 9999.0, 9999.0, 9999.0, 120.25, 123.5, 119.5, 103.0, 134.5
2023-04-06, 09:36:36, 131.75, 51.25, 18.75, 26.0, 9999.0, 1.0, 1.25, 19.5, 9999.0, 9999.0, 9999.0, 120.25, 123.5, 119.5, 102.75, 134.5
2023-04-06, 09:36:40, 131.75, 51.25, 18.75, 26.0, 9999.0, 1.0, 1.25, 19.25, 9999.0, 9999.0, 9999.0, 120.25, 123.5, 119.5, 103.0, 134.5
2023-04-06, 09:36:44, 131.5, 51.25, 18.75, 25.75, 9999.0, 1.0, 1.25, 19.5, 9999.0, 9999.0, 9999.0, 120.25, 123.75, 119.5, 102.75, 134.25
2023-04-06, 09:36:48, 131.5, 51.25, 18.75, 25.75, 9999.0, 0.75, 1.25, 19.5, 9999.0, 9999.0, 9999.0, 120.25, 123.75, 119.5, 102.75, 134.5
2023-04-06, 09:36:53, 131.75, 51.25, 18.75, 25.75, 9999.0, 0.75, 1.25, 19.5, 9999.0, 9999.0, 9999.0, 120.25, 123.75, 119.5, 102.75, 134.5
2023-04-06, 09:36:57, 131.5, 51.25, 18.75, 26.0, 9999.0, 0.75, 1.25, 19.25, 9999.0, 9999.0, 9999.0, 120.25, 123.75, 119.5, 103.0, 134.5
2023-04-06, 09:37:01, 131.5, 51.25, 19.0, 26.0, 9999.0, 0.75, 1.25, 19.5, 9999.0, 9999.0, 9999.0, 120.0, 123.75, 119.5, 102.75, 134.25
2023-04-06, 09:37:05, 131.5, 51.25, 19.0, 26.0, 9999.0, 0.75, 1.0, 19.25, 9999.0, 9999.0, 9999.0, 120.0, 123.75, 119.5, 102.75, 134.25
2023-04-06, 09:37:09, 131.5, 51.25, 19.0, 26.0, 9999.0, 0.75, 1.25, 19.25, 9999.0, 9999.0, 9999.0, 120.0, 123.75, 119.5, 102.75, 134.5
2023-04-06, 09:37:13, 131.5, 51.25, 18.75, 26.0, 9999.0, 0.75, 1.0, 19.25, 9999.0, 9999.0, 9999.0, 120.0, 123.75, 119.5, 103.0, 134.25
2023-04-06, 09:37:17, 131.75, 51.25, 19.0, 26.0, 9999.0, 1.0, 1.0, 19.25, 9999.0, 9999.0, 9999.0, 119.75, 123.5, 119.5, 102.75, 134.25
2023-04-06, 09:37:21, 131.5, 51.25, 19.0, 26.0, 9999.0, 1.0, 1.0, 19.25, 9999.0, 9999.0, 9999.0, 119.75, 123.5, 119.5, 102.75, 134.5
2023-04-06, 09:37:25, 131.5, 51.25, 18.75, 25.75, 9999.0, 1.0, 1.25, 19.25, 9999.0, 9999.0, 9999.0, 119.75, 123.5, 119.5, 102.75, 134.5
2023-04-06, 09:37:29, 131.5, 51.25, 18.75, 25.75, 9999.0, 1.25, 1.0, 19.25, 9999.0, 9999.0, 9999.0, 119.75, 123.5, 119.5, 102.75, 134.25
2023-04-06, 09:37:33, 131.5, 51.25, 18.75, 25.75, 9999.0, 1.25, 1.25, 19.25, 9999.0, 9999.0, 9999.0, 120.5, 123.5, 119.5, 102.75, 134.25
2023-04-06, 09:37:37, 131.5, 51.25, 18.75, 26.0, 9999.0, 1.0, 1.25, 19.25, 9999.0, 9999.0, 9999.0, 120.5, 123.5, 119.5, 102.75, 134.5
2023-04-06, 09:37:41, 131.5, 51.25, 18.75, 26.0, 9999.0, 1.0, 1.0, 19.25, 9999.0, 9999.0, 9999.0, 120.25, 123.5, 119.5, 102.75, 134.5
2023-04-06, 09:37:45, 131.5, 51.25, 18.75, 26.0, 9999.0, 1.0, 1.25, 19.25, 9999.0, 9999.0, 9999.0, 120.25, 123.5, 119.5, 102.75, 134.25
2023-04-06, 09:37:49, 131.5, 51.25, 18.75, 26.0, 9999.0, 0.5, 1.0, 19.25, 9999.0, 9999.0, 9999.0, 120.25, 123.5, 119.5, 102.75, 134.25
2023-04-06, 09:37:53, 131.5, 51.25, 19.0, 26.0, 9999.0, 1.0, 1.0, 19.25, 9999.0, 9999.0, 9999.0, 120.25, 123.5, 119.5, 102.75, 134.5
2023-04-06, 09:37:57, 131.5, 51.25, 18.75, 26.0, 9999.0, 0.75, 1.0, 19.25, 9999.0, 9999.0, 9999.0, 120.25, 123.5, 119.5, 102.75, 134.25
2023-04-06, 09:38:01, 131.75, 51.25, 19.0, 25.75, 9999.0, 1.0, 1.25, 19.25, 9999.0, 9999.0, 9999.0, 120.25, 123.5, 119.5, 102.75, 134.5
2023-04-06, 09:38:05, 131.5, 51.25, 19.0, 25.75, 9999.0, 0.75, 1.25, 19.25, 9999.0, 9999.0, 9999.0, 120.0, 123.75, 119.5, 102.75, 134.25
2023-04-06, 09:38:09, 131.5, 51.25, 19.0, 25.75, 9999.0, 1.0, 1.25, 19.25, 9999.0, 9999.0, 9999.0, 120.25, 123.75, 119.5, 103.0, 134.5
2023-04-06, 09:38:13, 131.75, 51.25, 18.75, 26.0, 9999.0, 0.75, 1.0, 19.25, 9999.0, 9999.0, 9999.0, 120.0, 123.75, 119.5, 102.75, 134.25
2023-04-06, 09:38:17, 131.5, 51.25, 18.75, 26.0, 9999.0, 0.75, 1.0, 19.25, 9999.0, 9999.0, 9999.0, 120.0, 123.75, 119.5, 102.75, 134.5
2023-04-06, 09:38:21, 131.5, 51.25, 18.75, 25.75, 9999.0, 0.75, 1.25, 19.25, 9999.0, 9999.0, 9999.0, 120.0, 123.5, 119.5, 102.75, 134.5
2023-04-06, 09:38:25, 131.5, 51.25, 18.75, 25.75, 9999.0, 0.75, 1.25, 19.25, 9999.0, 9999.0, 9999.0, 119.75, 123.75, 119.5, 103.0, 134.5
2023-04-06, 09:38:29, 131.75, 51.25, 18.75, 25.75, 9999.0, 0.75, 1.0, 19.5, 9999.0, 9999.0, 9999.0, 120.0, 123.75, 119.5, 103.0, 134.25
2023-04-06, 09:38:33, 131.75, 51.25, 18.75, 25.75, 9999.0, 0.75, 1.0, 19.25, 9999.0, 9999.0, 9999.0, 119.75, 123.5, 119.5, 102.75, 134.25
2023-04-06, 09:38:37, 131.5, 51.25, 19.0, 25.5, 9999.0, 1.0, 1.25, 19.5, 9999.0, 9999.0, 9999.0, 119.75, 123.5, 119.5, 102.75, 134.5
2023-04-06, 09:38:41, 131.5, 51.25, 19.0, 25.75, 9999.0, 0.75, 1.0, 19.25, 9999.0, 9999.0, 9999.0, 119.75, 123.5, 119.5, 102.75, 134.5
2023-04-06, 09:38:45, 131.5, 51.25, 18.75, 25.75, 9999.0, 1.0, 1.0, 19.25, 9999.0, 9999.0, 9999.0, 119.75, 123.5, 119.5, 102.75, 134.25
2023-04-06, 09:38:49, 131.5, 51.25, 19.0, 25.75, 9999.0, 1.25, 1.25, 19.25, 9999.0, 9999.0, 9999.0, 119.75, 123.5, 119.5, 102.75, 134.25
2023-04-06, 09:38:53, 131.5, 51.25, 19.0, 25.75, 9999.0, 1.25, 1.25, 19.25, 9999.0, 9999.0, 9999.0, 120.5, 123.5, 119.5, 102.75, 134.25
2023-04-06, 09:38:57, 131.75, 51.25, 19.0, 26.0, 9999.0, 1.0, 1.25, 19.25, 9999.0, 9999.0, 9999.0, 120.5, 123.5, 119.5, 102.75, 134.25
2023-04-06, 09:39:01, 131.5, 51.25, 18.75, 25.75, 9999.0, 1.0, 1.0, 19.5, 9999.0, 9999.0, 9999.0, 120.25, 123.5, 119.5, 102.75, 134.25
2023-04-06, 09:39:05, 131.5, 51.25, 18.75, 25.75, 9999.0, 1.0, 1.25, 19.25, 9999.0, 9999.0, 9999.0, 120.25, 123.5, 119.5, 102.75, 134.25
2023-04-06, 09:39:09, 131.75, 51.25, 18.75, 25.75, 9999.0, 1.0, 1.25, 19.25, 9999.0, 9999.0, 9999.0, 120.25, 123.25, 119.5, 102.75, 134.25
2023-04-06, 09:39:13, 131.5, 51.25, 18.75, 26.0, 9999.0, 0.75, 1.0, 19.25, 9999.0, 9999.0, 9999.0, 120.25, 123.5, 119.25, 102.75, 134.25
2023-04-06, 09:39:17, 131.5, 51.25, 18.75, 26.0, 9999.0, 0.75, 1.0, 19.5, 9999.0, 9999.0, 9999.0, 120.25, 123.5, 119.25, 102.75, 134.5
2023-04-06, 09:39:21, 131.5, 51.25, 18.75, 26.0, 9999.0, 0.75, 1.0, 19.25, 9999.0, 9999.0, 9999.0, 120.25, 123.5, 119.25, 102.75, 134.25
2023-04-06, 09:39:25, 131.5, 51.25, 18.75, 26.0, 9999.0, 1.0, 1.25, 19.25, 9999.0, 9999.0, 9999.0, 120.25, 123.5, 119.5, 102.75, 134.5
2023-04-06, 09:39:29, 131.75, 51.25, 18.75, 25.75, 9999.0, 0.75, 1.0, 19.25, 9999.0, 9999.0, 9999.0, 120.0, 123.75, 119.25, 102.75, 134.25
2023-04-06, 09:39:33, 131.5, 51.25, 19.0, 26.0, 9999.0, 0.75, 1.25, 19.25, 9999.0, 9999.0, 9999.0, 120.0, 123.5, 119.5, 102.75, 134.25
2023-04-06, 09:39:37, 131.5, 51.25, 19.0, 25.75, 9999.0, 1.0, 1.25, 19.5, 9999.0, 9999.0, 9999.0, 120.0, 123.5, 119.25, 102.75, 134.5
2023-04-06, 09:39:41, 131.5, 51.25, 19.0, 25.75, 9999.0, 0.75, 1.25, 19.5, 9999.0, 9999.0, 9999.0, 120.0, 123.5, 119.5, 102.75, 134.25
2023-04-06, 09:39:45, 131.5, 51.25, 19.0, 25.75, 9999.0, 0.75, 1.0, 19.25, 9999.0, 9999.0, 9999.0, 120.0, 123.5, 119.5, 102.75, 134.25
2023-04-06, 09:39:49, 131.5, 51.25, 19.0, 25.75, 9999.0, 0.75, 1.25, 19.5, 9999.0, 9999.0, 9999.0, 120.0, 123.5, 119.25, 102.75, 134.25
2023-04-06, 09:39:53, 131.5, 51.25, 18.75, 25.75, 9999.0, 0.75, 1.0, 19.5, 9999.0, 9999.0, 9999.0, 119.75, 123.5, 119.5, 102.75, 134.25
2023-04-06, 09:39:57, 131.75, 51.25, 18.75, 25.75, 9999.0, 1.0, 1.0, 19.25, 9999.0, 9999.0, 9999.0, 119.75, 123.5, 119.5, 102.75, 134.25
2023-04-06, 09:40:01, 131.5, 51.25, 18.75, 26.0, 9999.0, 0.75, 1.0, 19.25, 9999.0, 9999.0, 9999.0, 119.75, 123.25, 119.25, 102.75, 134.25
2023-04-06, 09:40:05, 131.75, 51.25, 18.75, 26.0, 9999.0, 1.0, 1.25, 19.5, 9999.0, 9999.0, 9999.0, 119.75, 123.5, 119.25, 102.75, 134.25
2023-04-06, 09:40:09, 131.5, 51.25, 19.0, 26.0, 9999.0, 1.25, 1.25, 19.25, 9999.0, 9999.0, 9999.0, 119.75, 123.5, 119.5, 102.75, 134.5
2023-04-06, 09:40:13, 131.75, 51.25, 19.0, 25.75, 9999.0, 1.25, 1.25, 19.25, 9999.0, 9999.0, 9999.0, 120.5, 123.5, 119.5, 102.75, 134.25
2023-04-06, 09:40:17, 131.5, 51.25, 19.0, 25.75, 9999.0, 1.0, 1.25, 19.25, 9999.0, 9999.0, 9999.0, 120.5, 123.5, 119.5, 102.75, 134.5
2023-04-06, 09:40:21, 131.5, 51.25, 19.0, 26.0, 9999.0, 1.0, 1.25, 19.25, 9999.0, 9999.0, 9999.0, 120.5, 123.5, 119.25, 102.75, 134.25
2023-04-06, 09:40:25, 131.5, 51.25, 19.0, 25.75, 9999.0, 1.0, 1.25, 19.5, 9999.0, 9999.0, 9999.0, 120.25, 123.5, 119.5, 102.75, 134.5
2023-04-06, 09:40:29, 131.5, 51.25, 18.75, 25.75, 9999.0, 1.0, 1.25, 19.25, 9999.0, 9999.0, 9999.0, 120.25, 123.25, 119.25, 102.75, 134.25
2023-04-06, 09:40:33, 131.5, 51.25, 18.75, 25.75, 9999.0, 1.0, 1.25, 19.25, 9999.0, 9999.0, 9999.0, 120.25, 123.25, 119.25, 102.75, 134.25
2023-04-06, 09:40:37, 131.5, 51.25, 18.75, 25.75, 9999.0, 1.0, 1.25, 19.25, 9999.0, 9999.0, 9999.0, 120.25, 123.25, 119.25, 102.75, 134.25
2023-04-06, 09:40:41, 131.5, 51.25, 18.75, 26.0, 9999.0, 1.0, 1.25, 19.25, 9999.0, 9999.0, 9999.0, 120.0, 123.5, 119.25, 102.75, 134.25
2023-04-06, 09:40:45, 131.5, 51.25, 18.75, 26.0, 9999.0, 1.0, 1.25, 19.25, 9999.0, 9999.0, 9999.0, 120.25, 123.75, 119.25, 102.75, 134.25
2023-04-06, 09:40:49, 131.5, 51.25, 18.75, 25.25, 9999.0, 1.0, 1.25, 19.25, 9999.0, 9999.0, 9999.0, 120.0, 123.5, 119.25, 102.75, 134.5
2023-04-06, 09:40:53, 131.5, 51.25, 18.75, 25.75, 9999.0, 0.75, 1.25, 19.25, 9999.0, 9999.0, 9999.0, 120.0, 123.5, 119.25, 102.75, 134.5
2023-04-06, 09:40:57, 131.5, 51.25, 18.75, 26.0, 9999.0, 1.0, 1.25, 19.25, 9999.0, 9999.0, 9999.0, 120.0, 123.5, 119.25, 102.75, 134.5
2023-04-06, 09:41:01, 131.75, 51.25, 19.0, 25.75, 9999.0, 0.75, 1.25, 19.25, 9999.0, 9999.0, 9999.0, 120.0, 123.5, 119.25, 102.75, 134.5
2023-04-06, 09:41:05, 131.75, 51.25, 19.0, 26.0, 9999.0, 0.75, 1.0, 19.25, 9999.0, 9999.0, 9999.0, 120.0, 123.5, 119.5, 102.75, 134.25
2023-04-06, 09:41:09, 131.5, 51.25, 19.0, 26.0, 9999.0, 0.75, 1.25, 19.5, 9999.0, 9999.0, 9999.0, 120.0, 123.5, 119.25, 102.75, 134.5
2023-04-06, 09:41:13, 131.5, 51.25, 19.0, 25.75, 9999.0, 0.75, 1.25, 19.25, 9999.0, 9999.0, 9999.0, 119.75, 123.5, 119.5, 102.75, 134.5
2023-04-06, 09:41:17, 131.75, 51.25, 19.0, 26.0, 9999.0, 1.0, 1.25, 19.0, 9999.0, 9999.0, 9999.0, 119.75, 123.5, 119.5, 102.75, 134.25
2023-04-06, 09:41:22, 131.5, 51.25, 19.0, 25.75, 9999.0, 1.0, 1.25, 19.5, 9999.0, 9999.0, 9999.0, 119.75, 123.5, 119.5, 102.75, 134.0
2023-04-06, 09:41:26, 131.5, 51.25, 19.0, 25.75, 9999.0, 1.0, 1.25, 19.5, 9999.0, 9999.0, 9999.0, 119.75, 123.5, 119.5, 102.75, 134.5
2023-04-06, 09:41:30, 131.75, 51.25, 19.0, 26.0, 9999.0, 1.25, 1.25, 19.25, 9999.0, 9999.0, 9999.0, 119.5, 123.5, 119.5, 103.0, 134.5
2023-04-06, 09:41:34, 131.5, 51.25, 19.0, 26.0, 9999.0, 1.0, 1.25, 19.25, 9999.0, 9999.0, 9999.0, 120.5, 123.5, 119.25, 102.75, 134.5
2023-04-06, 09:41:38, 131.5, 51.25, 18.75, 25.75, 9999.0, 1.25, 1.25, 19.25, 9999.0, 9999.0, 9999.0, 120.5, 123.5, 119.5, 102.75, 134.25
2023-04-06, 09:41:42, 131.5, 51.25, 19.0, 25.75, 9999.0, 1.0, 1.25, 19.5, 9999.0, 9999.0, 9999.0, 120.25, 123.5, 119.25, 102.75, 134.5
2023-04-06, 09:41:46, 131.5, 51.25, 19.0, 25.75, 9999.0, 1.0, 1.25, 19.5, 9999.0, 9999.0, 9999.0, 120.25, 123.5, 119.25, 102.75, 134.25
2023-04-06, 09:41:50, 131.5, 51.5, 19.0, 26.0, 9999.0, 1.0, 1.25, 19.25, 9999.0, 9999.0, 9999.0, 120.25, 123.5, 119.25, 102.75, 134.25
2023-04-06, 09:41:54, 131.5, 51.25, 18.75, 25.75, 9999.0, 1.0, 1.25, 19.5, 9999.0, 9999.0, 9999.0, 120.25, 123.5, 119.25, 102.75, 134.25
2023-04-06, 09:41:58, 131.5, 51.25, 19.0, 26.0, 9999.0, 1.0, 1.25, 19.25, 9999.0, 9999.0, 9999.0, 120.25, 123.5, 119.25, 102.75, 134.25
2023-04-06, 09:42:02, 131.5, 51.25, 19.0, 26.0, 9999.0, 1.0, 1.25, 19.5, 9999.0, 9999.0, 9999.0, 120.0, 123.5, 119.5, 102.75, 134.25
2023-04-06, 09:42:06, 131.75, 51.25, 19.0, 26.0, 9999.0, 0.75, 1.25, 19.25, 9999.0, 9999.0, 9999.0, 120.25, 123.75, 119.25, 103.0, 134.5
2023-04-06, 09:42:10, 131.5, 51.25, 19.0, 26.0, 9999.0, 1.0, 1.25, 19.5, 9999.0, 9999.0, 9999.0, 120.0, 123.5, 119.5, 102.75, 134.5
2023-04-06, 09:42:14, 131.5, 51.25, 19.0, 26.0, 9999.0, 1.0, 1.25, 19.25, 9999.0, 9999.0, 9999.0, 120.0, 123.75, 119.25, 102.75, 134.25
2023-04-06, 09:42:18, 131.5, 51.25, 19.0, 26.0, 9999.0, 1.0, 1.25, 19.25, 9999.0, 9999.0, 9999.0, 119.75, 123.75, 119.5, 102.75, 134.5
2023-04-06, 09:42:22, 131.5, 51.25, 19.0, 25.5, 9999.0, 0.75, 1.25, 19.5, 9999.0, 9999.0, 9999.0, 120.0, 123.75, 119.5, 102.75, 134.25
2023-04-06, 09:42:26, 131.5, 51.25, 18.75, 25.5, 9999.0, 1.0, 1.25, 19.5, 9999.0, 9999.0, 9999.0, 120.0, 123.5, 119.5, 102.75, 134.5
2023-04-06, 09:42:30, 131.5, 51.25, 19.0, 25.75, 9999.0, 1.0, 1.25, 19.25, 9999.0, 9999.0, 9999.0, 119.75, 123.5, 119.25, 102.75, 134.5
2023-04-06, 09:42:34, 131.75, 51.25, 19.0, 25.75, 9999.0, 0.75, 1.25, 19.25, 9999.0, 9999.0, 9999.0, 119.75, 123.5, 119.5, 102.75, 134.25
2023-04-06, 09:42:38, 131.5, 51.25, 18.75, 26.0, 9999.0, 1.0, 1.0, 19.5, 9999.0, 9999.0, 9999.0, 119.5, 123.5, 119.5, 102.75, 134.25
2023-04-06, 09:42:42, 131.5, 51.25, 18.75, 25.75, 9999.0, 1.0, 1.25, 19.5, 9999.0, 9999.0, 9999.0, 119.75, 123.5, 119.25, 102.75, 134.25
2023-04-06, 09:42:46, 131.5, 51.25, 18.75, 25.75, 9999.0, 1.0, 1.25, 19.5, 9999.0, 9999.0, 9999.0, 119.5, 123.5, 119.5, 102.75, 134.5
2023-04-06, 09:42:50, 131.5, 51.25, 18.75, 25.75, 9999.0, 1.25, 1.25, 19.5, 9999.0, 9999.0, 9999.0, 119.75, 123.5, 119.5, 102.75, 134.5
2023-04-06, 09:42:54, 131.5, 51.25, 19.0, 25.75, 9999.0, 1.25, 1.25, 19.5, 9999.0, 9999.0, 9999.0, 120.5, 123.5, 119.5, 102.75, 134.25
2023-04-06, 09:42:58, 131.5, 51.25, 18.75, 26.0, 9999.0, 1.25, 1.25, 19.5, 9999.0, 9999.0, 9999.0, 120.5, 123.5, 119.25, 102.75, 134.25
2023-04-06, 09:43:02, 131.5, 51.25, 19.0, 26.0, 9999.0, 1.0, 1.25, 19.5, 9999.0, 9999.0, 9999.0, 120.5, 123.5, 119.5, 102.75, 134.25
2023-04-06, 09:43:06, 131.75, 51.25, 19.0, 25.75, 9999.0, 1.0, 1.25, 19.25, 9999.0, 9999.0, 9999.0, 120.25, 123.5, 119.5, 102.75, 134.5
2023-04-06, 09:43:10, 131.5, 51.25, 19.0, 25.75, 9999.0, 1.0, 1.25, 19.5, 9999.0, 9999.0, 9999.0, 120.25, 123.5, 119.25, 102.75, 134.25
2023-04-06, 09:43:14, 131.5, 51.25, 18.75, 25.75, 9999.0, 1.0, 1.0, 19.5, 9999.0, 9999.0, 9999.0, 120.25, 123.5, 119.25, 102.75, 134.25
2023-04-06, 09:43:18, 131.5, 51.25, 19.0, 26.0, 9999.0, 1.0, 1.25, 19.5, 9999.0, 9999.0, 9999.0, 120.0, 123.25, 119.25, 102.75, 134.25
2023-04-06, 09:43:22, 131.5, 51.25, 18.75, 26.0, 9999.0, 1.0, 1.25, 19.25, 9999.0, 9999.0, 9999.0, 120.0, 123.5, 119.25, 102.75, 134.25
2023-04-06, 09:43:26, 131.5, 51.25, 18.75, 25.75, 9999.0, 1.0, 1.25, 19.5, 9999.0, 9999.0, 9999.0, 120.25, 123.5, 119.5, 102.75, 134.25
2023-04-06, 09:43:30, 131.5, 51.25, 18.75, 25.75, 9999.0, 1.0, 1.25, 19.5, 9999.0, 9999.0, 9999.0, 120.0, 123.5, 119.25, 102.75, 134.25
2023-04-06, 09:43:34, 131.5, 51.25, 18.75, 25.75, 9999.0, 1.0, 1.25, 19.5, 9999.0, 9999.0, 9999.0, 120.25, 123.5, 119.25, 102.75, 134.5
2023-04-06, 09:43:38, 131.5, 51.25, 18.75, 25.75, 9999.0, 0.75, 1.25, 19.5, 9999.0, 9999.0, 9999.0, 120.0, 123.5, 119.25, 102.75, 134.25
2023-04-06, 09:43:42, 131.5, 51.25, 18.75, 25.75, 9999.0, 0.75, 1.25, 19.5, 9999.0, 9999.0, 9999.0, 120.0, 123.5, 119.25, 102.75, 134.25
2023-04-06, 09:43:46, 131.5, 51.25, 18.75, 26.0, 9999.0, 0.75, 1.25, 19.5, 9999.0, 9999.0, 9999.0, 119.75, 123.5, 119.25, 102.75, 134.5
2023-04-06, 09:43:50, 131.75, 51.0, 19.0, 25.75, 9999.0, 0.75, 1.25, 19.5, 9999.0, 9999.0, 9999.0, 119.75, 123.5, 119.25, 102.75, 134.25
2023-04-06, 09:43:54, 131.5, 51.25, 19.0, 25.75, 9999.0, 0.75, 1.25, 19.5, 9999.0, 9999.0, 9999.0, 119.75, 123.5, 119.5, 102.75, 134.25
2023-04-06, 09:43:58, 131.5, 51.25, 19.0, 25.75, 9999.0, 1.0, 1.25, 19.5, 9999.0, 9999.0, 9999.0, 119.75, 123.5, 119.5, 102.75, 134.25
2023-04-06, 09:44:02, 131.5, 51.25, 18.5, 25.75, 9999.0, 1.0, 1.25, 19.5, 9999.0, 9999.0, 9999.0, 119.75, 123.5, 119.5, 102.75, 134.25
2023-04-06, 09:44:06, 131.5, 51.25, 18.75, 25.75, 9999.0, 1.0, 1.25, 19.25, 9999.0, 9999.0, 9999.0, 119.75, 123.5, 119.5, 102.75, 134.5
2023-04-06, 09:44:10, 131.5, 51.25, 18.75, 25.75, 9999.0, 1.25, 1.25, 19.5, 9999.0, 9999.0, 9999.0, 119.75, 123.5, 119.25, 102.75, 134.25
2023-04-06, 09:44:14, 131.5, 51.25, 18.75, 25.75, 9999.0, 1.25, 1.25, 19.5, 9999.0, 9999.0, 9999.0, 120.5, 123.5, 119.25, 102.75, 134.25
2023-04-06, 09:44:18, 131.5, 51.25, 18.75, 25.75, 9999.0, 1.25, 1.25, 19.5, 9999.0, 9999.0, 9999.0, 120.25, 123.25, 119.5, 102.75, 134.25
2023-04-06, 09:44:22, 131.5, 51.25, 18.75, 26.0, 9999.0, 1.0, 1.25, 19.5, 9999.0, 9999.0, 9999.0, 120.25, 123.5, 119.5, 102.75, 134.25
2023-04-06, 09:44:26, 131.5, 51.25, 19.0, 25.75, 9999.0, 1.0, 1.25, 19.5, 9999.0, 9999.0, 9999.0, 120.25, 123.5, 119.5, 102.75, 134.25
2023-04-06, 09:44:30, 131.5, 51.25, 18.75, 25.75, 9999.0, 1.0, 1.25, 19.25, 9999.0, 9999.0, 9999.0, 120.25, 123.5, 119.25, 102.75, 134.25
2023-04-06, 09:44:34, 131.5, 51.25, 18.75, 25.75, 9999.0, 1.0, 1.25, 19.5, 9999.0, 9999.0, 9999.0, 120.0, 123.5, 119.25, 102.75, 134.25
2023-04-06, 09:44:38, 131.5, 51.25, 19.0, 25.75, 9999.0, 1.0, 1.0, 19.5, 9999.0, 9999.0, 9999.0, 120.25, 123.5, 119.5, 102.75, 134.5
2023-04-06, 09:44:42, 131.5, 51.5, 18.75, 25.75, 9999.0, 1.0, 1.25, 19.5, 9999.0, 9999.0, 9999.0, 120.25, 123.5, 119.25, 102.75, 134.25
2023-04-06, 09:44:46, 131.5, 51.25, 18.75, 25.75, 9999.0, 1.0, 1.25, 19.5, 9999.0, 9999.0, 9999.0, 120.0, 123.5, 119.25, 102.75, 134.25
2023-04-06, 09:44:50, 131.5, 51.25, 18.75, 25.75, 9999.0, 1.0, 1.25, 19.5, 9999.0, 9999.0, 9999.0, 120.0, 123.5, 119.25, 102.75, 134.25
2023-04-06, 09:44:54, 131.5, 51.25, 19.0, 25.75, 9999.0, 0.75, 1.0, 19.5, 9999.0, 9999.0, 9999.0, 120.0, 123.5, 119.25, 102.75, 134.25
2023-04-06, 09:44:58, 131.5, 51.25, 19.0, 26.0, 9999.0, 0.75, 1.25, 19.5, 9999.0, 9999.0, 9999.0, 120.0, 123.5, 119.5, 102.75, 134.25
2023-04-06, 09:45:02, 131.5, 51.25, 18.75, 25.75, 9999.0, 0.75, 1.25, 19.5, 9999.0, 9999.0, 9999.0, 120.0, 123.5, 119.25, 102.75, 134.25
2023-04-06, 09:45:06, 131.5, 51.25, 19.0, 26.0, 9999.0, 0.75, 1.25, 19.5, 9999.0, 9999.0, 9999.0, 119.75, 123.5, 119.25, 102.75, 134.25
2023-04-06, 09:45:10, 131.5, 51.25, 19.0, 26.0, 9999.0, 0.75, 1.0, 19.5, 9999.0, 9999.0, 9999.0, 120.0, 123.5, 119.25, 102.75, 134.25
2023-04-06, 09:45:14, 131.5, 51.25, 18.75, 26.0, 9999.0, 0.75, 1.25, 19.5, 9999.0, 9999.0, 9999.0, 120.0, 123.5, 119.25, 102.5, 134.25
2023-04-06, 09:45:18, 131.5, 51.25, 19.0, 26.0, 9999.0, 1.0, 1.25, 19.5, 9999.0, 9999.0, 9999.0, 119.75, 123.5, 119.25, 102.75, 134.25
2023-04-06, 09:45:22, 131.5, 51.25, 19.0, 26.0, 9999.0, 1.0, 1.25, 19.25, 9999.0, 9999.0, 9999.0, 119.75, 123.5, 119.25, 102.75, 134.25
2023-04-06, 09:45:26, 131.5, 51.25, 19.0, 26.0, 9999.0, 1.0, 1.0, 19.25, 9999.0, 9999.0, 9999.0, 119.75, 123.5, 119.25, 102.75, 134.25
2023-04-06, 09:45:30, 131.5, 51.25, 18.75, 25.75, 9999.0, 1.25, 1.25, 19.5, 9999.0, 9999.0, 9999.0, 119.75, 123.5, 119.25, 102.75, 134.25
2023-04-06, 09:45:34, 131.5, 51.25, 18.75, 26.0, 9999.0, 1.25, 1.25, 19.5, 9999.0, 9999.0, 9999.0, 120.5, 123.25, 119.5, 102.5, 134.25
2023-04-06, 09:45:38, 131.5, 51.25, 18.75, 25.75, 9999.0, 1.25, 1.25, 19.25, 9999.0, 9999.0, 9999.0, 120.5, 123.5, 119.25, 102.75, 134.5
2023-04-06, 09:45:42, 131.5, 51.25, 18.75, 25.75, 9999.0, 1.0, 1.0, 19.5, 9999.0, 9999.0, 9999.0, 120.25, 123.5, 119.25, 102.75, 134.5
2023-04-06, 09:45:47, 131.5, 51.25, 18.75, 25.75, 9999.0, 1.0, 1.25, 19.5, 9999.0, 9999.0, 9999.0, 120.25, 123.5, 119.25, 102.75, 134.25
2023-04-06, 09:45:51, 131.5, 51.25, 18.75, 26.0, 9999.0, 1.0, 1.25, 19.5, 9999.0, 9999.0, 9999.0, 120.25, 123.5, 119.25, 102.75, 134.25
2023-04-06, 09:45:55, 131.5, 51.25, 18.75, 26.0, 9999.0, 1.0, 1.25, 19.25, 9999.0, 9999.0, 9999.0, 120.25, 123.5, 119.25, 102.75, 134.25
2023-04-06, 09:45:59, 131.5, 51.25, 19.0, 26.0, 9999.0, 0.75, 1.25, 19.25, 9999.0, 9999.0, 9999.0, 120.25, 123.5, 119.25, 102.75, 134.25
2023-04-06, 09:46:03, 131.5, 51.25, 18.75, 26.0, 9999.0, 1.0, 1.25, 19.5, 9999.0, 9999.0, 9999.0, 120.0, 123.5, 119.25, 102.75, 134.25
2023-04-06, 09:46:07, 131.5, 51.25, 19.0, 25.75, 9999.0, 1.0, 1.25, 19.25, 9999.0, 9999.0, 9999.0, 120.0, 123.5, 119.25, 102.75, 134.25
2023-04-06, 09:46:11, 131.5, 51.25, 18.75, 25.75, 9999.0, 1.0, 1.25, 19.25, 9999.0, 9999.0, 9999.0, 120.0, 123.5, 119.5, 102.75, 134.25
2023-04-06, 09:46:15, 131.5, 51.25, 18.75, 25.75, 9999.0, 1.0, 1.25, 19.25, 9999.0, 9999.0, 9999.0, 120.0, 123.5, 119.25, 102.75, 134.25
2023-04-06, 09:46:19, 131.5, 51.25, 18.75, 26.0, 9999.0, 1.0, 1.25, 19.5, 9999.0, 9999.0, 9999.0, 120.0, 123.5, 119.25, 102.75, 134.25
2023-04-06, 09:46:23, 131.5, 51.25, 19.0, 26.0, 9999.0, 0.75, 1.25, 19.25, 9999.0, 9999.0, 9999.0, 119.75, 123.5, 119.25, 102.75, 134.25
2023-04-06, 09:46:27, 131.5, 51.25, 18.75, 26.0, 9999.0, 0.75, 1.0, 19.5, 9999.0, 9999.0, 9999.0, 120.0, 123.5, 119.25, 102.75, 134.25
2023-04-06, 09:46:31, 131.5, 51.25, 18.75, 26.0, 9999.0, 0.75, 1.25, 19.25, 9999.0, 9999.0, 9999.0, 119.75, 123.5, 119.25, 102.75, 134.25
2023-04-06, 09:46:35, 131.5, 51.25, 19.0, 25.75, 9999.0, 0.75, 1.25, 19.5, 9999.0, 9999.0, 9999.0, 119.75, 123.5, 119.25, 102.5, 134.25
2023-04-06, 09:46:39, 131.5, 51.25, 19.0, 25.75, 9999.0, 1.0, 1.25, 19.5, 9999.0, 9999.0, 9999.0, 119.75, 123.5, 119.25, 102.75, 134.25
2023-04-06, 09:46:43, 131.5, 51.25, 18.75, 25.75, 9999.0, 1.0, 1.0, 19.25, 9999.0, 9999.0, 9999.0, 119.75, 123.5, 119.25, 102.75, 134.25
2023-04-06, 09:46:47, 131.5, 51.25, 18.75, 25.75, 9999.0, 1.0, 1.25, 19.5, 9999.0, 9999.0, 9999.0, 119.75, 123.5, 119.25, 102.75, 134.25
2023-04-06, 09:46:51, 131.5, 51.25, 19.0, 26.0, 9999.0, 1.25, 1.25, 19.5, 9999.0, 9999.0, 9999.0, 119.75, 123.5, 119.25, 102.5, 134.25
2023-04-06, 09:46:55, 131.5, 51.25, 18.75, 26.0, 9999.0, 1.25, 1.25, 19.5, 9999.0, 9999.0, 9999.0, 120.5, 123.5, 119.5, 102.75, 134.25
2023-04-06, 09:46:59, 131.5, 51.25, 18.75, 26.0, 9999.0, 1.0, 1.25, 19.25, 9999.0, 9999.0, 9999.0, 120.5, 123.5, 119.5, 102.5, 134.25
2023-04-06, 09:47:03, 131.5, 51.25, 19.0, 25.75, 9999.0, 1.0, 1.25, 19.5, 9999.0, 9999.0, 9999.0, 120.25, 123.5, 119.25, 102.75, 134.25
2023-04-06, 09:47:07, 131.5, 51.25, 19.0, 25.75, 9999.0, 1.0, 1.0, 19.5, 9999.0, 9999.0, 9999.0, 120.25, 123.5, 119.25, 102.75, 134.25
2023-04-06, 09:47:11, 131.5, 51.25, 19.0, 26.0, 9999.0, 1.0, 1.25, 19.5, 9999.0, 9999.0, 9999.0, 120.25, 123.5, 119.25, 102.5, 134.25
2023-04-06, 09:47:15, 131.75, 51.25, 19.0, 26.0, 9999.0, 1.0, 1.25, 19.25, 9999.0, 9999.0, 9999.0, 120.25, 123.5, 119.25, 102.75, 134.25
2023-04-06, 09:47:19, 131.5, 51.25, 19.0, 26.0, 9999.0, 1.0, 1.0, 19.5, 9999.0, 9999.0, 9999.0, 120.0, 123.5, 119.25, 102.75, 134.25
2023-04-06, 09:47:23, 131.5, 51.25, 18.75, 26.0, 9999.0, 1.0, 1.25, 19.5, 9999.0, 9999.0, 9999.0, 120.0, 123.25, 119.25, 102.5, 134.25
2023-04-06, 09:47:27, 131.5, 51.25, 19.0, 25.75, 9999.0, 1.0, 1.25, 19.5, 9999.0, 9999.0, 9999.0, 120.0, 123.5, 119.25, 102.75, 134.25
2023-04-06, 09:47:31, 131.5, 51.25, 18.75, 26.0, 9999.0, 0.75, 1.0, 19.25, 9999.0, 9999.0, 9999.0, 120.0, 123.5, 119.25, 102.75, 134.5
2023-04-06, 09:47:35, 131.5, 51.25, 18.75, 26.0, 9999.0, 1.0, 1.25, 19.5, 9999.0, 9999.0, 9999.0, 120.0, 123.5, 119.25, 102.75, 134.25
2023-04-06, 09:47:39, 131.5, 51.25, 18.75, 25.75, 9999.0, 1.0, 1.25, 19.5, 9999.0, 9999.0, 9999.0, 120.0, 123.75, 119.25, 102.75, 134.25
2023-04-06, 09:47:43, 131.5, 51.25, 18.75, 25.5, 9999.0, 1.0, 1.25, 19.5, 9999.0, 9999.0, 9999.0, 120.0, 123.5, 119.25, 102.75, 134.25
2023-04-06, 09:47:47, 131.5, 51.25, 18.75, 25.5, 9999.0, 0.75, 1.0, 19.5, 9999.0, 9999.0, 9999.0, 120.0, 123.5, 119.25, 102.75, 134.25
2023-04-06, 09:47:51, 131.5, 51.25, 18.75, 25.75, 9999.0, 0.75, 1.25, 19.5, 9999.0, 9999.0, 9999.0, 120.0, 123.5, 119.25, 102.5, 134.25
2023-04-06, 09:47:55, 131.5, 51.25, 18.75, 26.0, 9999.0, 0.75, 1.0, 19.5, 9999.0, 9999.0, 9999.0, 119.75, 123.5, 119.25, 102.75, 134.25
2023-04-06, 09:47:59, 131.5, 51.25, 19.0, 26.0, 9999.0, 1.0, 1.0, 19.25, 9999.0, 9999.0, 9999.0, 119.75, 123.5, 119.25, 102.75, 134.25
2023-04-06, 09:48:03, 131.5, 51.25, 19.0, 25.75, 9999.0, 0.75, 1.0, 19.5, 9999.0, 9999.0, 9999.0, 119.75, 123.5, 119.25, 102.75, 134.25
2023-04-06, 09:48:07, 131.5, 51.25, 18.75, 25.75, 9999.0, 1.0, 1.25, 19.5, 9999.0, 9999.0, 9999.0, 119.75, 123.5, 119.25, 102.5, 134.25
2023-04-06, 09:48:11, 131.5, 51.25, 19.0, 26.0, 9999.0, 1.25, 1.25, 19.5, 9999.0, 9999.0, 9999.0, 119.75, 123.25, 119.25, 102.75, 134.25
2023-04-06, 09:48:15, 131.5, 51.25, 18.75, 25.75, 9999.0, 1.0, 1.25, 19.5, 9999.0, 9999.0, 9999.0, 119.75, 123.5, 119.25, 102.75, 134.25
2023-04-06, 09:48:19, 131.5, 51.25, 18.75, 25.5, 9999.0, 1.25, 1.25, 19.5, 9999.0, 9999.0, 9999.0, 120.5, 123.5, 119.25, 102.5, 134.25
2023-04-06, 09:48:23, 131.5, 51.25, 18.75, 25.5, 9999.0, 1.0, 1.25, 19.5, 9999.0, 9999.0, 9999.0, 120.25, 123.5, 119.25, 102.5, 134.25
2023-04-06, 09:48:27, 131.5, 51.5, 19.0, 25.75, 9999.0, 1.0, 1.25, 19.5, 9999.0, 9999.0, 9999.0, 120.25, 123.25, 119.25, 102.75, 134.25
2023-04-06, 09:48:31, 131.5, 51.25, 18.75, 25.75, 9999.0, 0.75, 1.25, 19.5, 9999.0, 9999.0, 9999.0, 120.0, 123.5, 119.25, 102.75, 134.25
2023-04-06, 09:48:35, 131.5, 51.25, 18.75, 25.75, 9999.0, 1.0, 1.25, 19.5, 9999.0, 9999.0, 9999.0, 120.25, 123.25, 119.25, 102.75, 134.25
2023-04-06, 09:48:39, 131.5, 51.25, 18.75, 25.25, 9999.0, 1.0, 1.25, 19.5, 9999.0, 9999.0, 9999.0, 120.0, 123.25, 119.25, 102.75, 134.25
2023-04-06, 09:48:43, 131.5, 51.25, 19.0, 25.5, 9999.0, 1.0, 1.25, 19.5, 9999.0, 9999.0, 9999.0, 120.0, 123.25, 119.25, 102.75, 134.25
2023-04-06, 09:48:47, 131.5, 51.25, 18.75, 25.75, 9999.0, 0.75, 1.0, 19.5, 9999.0, 9999.0, 9999.0, 120.0, 123.5, 119.25, 102.25, 134.5
2023-04-06, 09:48:51, 131.5, 51.25, 18.75, 25.75, 9999.0, 0.75, 1.25, 19.5, 9999.0, 9999.0, 9999.0, 120.0, 123.5, 119.25, 102.5, 134.25
2023-04-06, 09:48:55, 131.5, 51.25, 18.75, 25.75, 9999.0, 1.0, 1.25, 19.25, 9999.0, 9999.0, 9999.0, 120.0, 123.5, 119.25, 102.75, 134.25
2023-04-06, 09:48:59, 131.5, 51.5, 18.75, 26.0, 9999.0, 1.0, 1.25, 19.25, 9999.0, 9999.0, 9999.0, 120.0, 123.5, 119.25, 102.75, 134.25
2023-04-06, 09:49:03, 131.5, 51.25, 18.75, 26.0, 9999.0, 0.75, 1.25, 19.5, 9999.0, 9999.0, 9999.0, 120.0, 123.5, 119.25, 102.75, 134.0
2023-04-06, 09:49:07, 131.5, 51.25, 19.0, 25.75, 9999.0, 0.75, 1.25, 19.25, 9999.0, 9999.0, 9999.0, 119.75, 123.5, 119.25, 102.5, 134.25
2023-04-06, 09:49:11, 131.5, 51.25, 19.0, 26.0, 9999.0, 0.75, 1.25, 19.5, 9999.0, 9999.0, 9999.0, 119.75, 123.5, 119.25, 102.75, 134.25
2023-04-06, 09:49:15, 131.5, 51.5, 18.75, 26.0, 9999.0, 0.75, 1.25, 19.25, 9999.0, 9999.0, 9999.0, 119.75, 123.5, 119.25, 102.75, 134.25
2023-04-06, 09:49:19, 131.5, 51.25, 18.75, 26.0, 9999.0, 1.0, 1.0, 19.5, 9999.0, 9999.0, 9999.0, 119.75, 123.5, 119.25, 102.75, 134.25
2023-04-06, 09:49:23, 131.5, 51.25, 19.0, 26.0, 9999.0, 1.0, 1.25, 19.5, 9999.0, 9999.0, 9999.0, 119.75, 123.5, 119.25, 102.5, 134.25
2023-04-06, 09:49:27, 131.5, 51.25, 19.0, 25.75, 9999.0, 1.0, 1.0, 19.5, 9999.0, 9999.0, 9999.0, 119.75, 123.5, 119.25, 102.75, 134.25
2023-04-06, 09:49:31, 131.5, 51.25, 18.75, 25.5, 9999.0, 1.25, 1.25, 19.5, 9999.0, 9999.0, 9999.0, 119.5, 123.5, 119.25, 102.5, 134.25
2023-04-06, 09:49:35, 131.5, 51.5, 18.75, 25.75, 9999.0, 1.25, 1.25, 19.5, 9999.0, 9999.0, 9999.0, 119.75, 123.5, 119.25, 102.75, 134.25
2023-04-06, 09:49:39, 131.5, 51.25, 18.75, 25.75, 9999.0, 1.25, 1.25, 19.5, 9999.0, 9999.0, 9999.0, 120.25, 123.5, 119.25, 102.5, 134.25
2023-04-06, 09:49:43, 131.75, 51.25, 18.75, 25.75, 9999.0, 1.25, 1.25, 19.5, 9999.0, 9999.0, 9999.0, 120.25, 123.25, 119.25, 102.5, 134.25
2023-04-06, 09:49:47, 131.5, 51.25, 19.0, 25.75, 9999.0, 1.0, 1.25, 19.5, 9999.0, 9999.0, 9999.0, 120.25, 123.5, 119.25, 102.75, 134.25
2023-04-06, 09:49:51, 131.5, 51.25, 19.0, 25.5, 9999.0, 1.0, 1.25, 19.5, 9999.0, 9999.0, 9999.0, 120.25, 123.25, 119.25, 102.5, 134.25
2023-04-06, 09:49:55, 131.5, 51.25, 18.75, 25.75, 9999.0, 1.0, 1.25, 19.5, 9999.0, 9999.0, 9999.0, 120.0, 123.25, 119.25, 102.5, 134.25
2023-04-06, 09:49:59, 131.5, 51.25, 19.0, 26.0, 9999.0, 1.0, 1.25, 19.5, 9999.0, 9999.0, 9999.0, 120.0, 123.25, 119.25, 102.5, 134.25
2023-04-06, 09:50:03, 131.5, 51.25, 19.0, 25.75, 9999.0, 1.0, 1.25, 19.25, 9999.0, 9999.0, 9999.0, 120.0, 123.25, 119.25, 102.5, 134.25
2023-04-06, 09:50:07, 131.5, 51.25, 19.0, 25.75, 9999.0, 1.0, 1.25, 19.5, 9999.0, 9999.0, 9999.0, 120.25, 123.5, 119.25, 102.75, 134.25
2023-04-06, 09:50:11, 131.5, 51.25, 18.75, 26.0, 9999.0, 1.0, 1.25, 19.5, 9999.0, 9999.0, 9999.0, 120.0, 123.5, 119.25, 102.75, 134.25
2023-04-06, 09:50:16, 131.5, 51.25, 19.0, 26.0, 9999.0, 1.0, 1.25, 19.5, 9999.0, 9999.0, 9999.0, 120.0, 123.5, 119.25, 102.75, 134.25
2023-04-06, 09:50:20, 131.5, 51.5, 19.0, 26.0, 9999.0, 0.75, 1.25, 19.5, 9999.0, 9999.0, 9999.0, 120.0, 123.5, 119.25, 102.75, 134.25
2023-04-06, 09:50:24, 131.5, 51.25, 19.0, 25.75, 9999.0, 1.0, 1.25, 19.5, 9999.0, 9999.0, 9999.0, 120.0, 123.5, 119.25, 102.5, 134.25
2023-04-06, 09:50:28, 131.5, 51.25, 18.75, 25.75, 9999.0, 1.0, 1.25, 19.5, 9999.0, 9999.0, 9999.0, 120.0, 123.5, 119.25, 102.5, 134.25
2023-04-06, 09:50:32, 131.5, 51.5, 19.0, 25.5, 9999.0, 0.75, 1.25, 19.5, 9999.0, 9999.0, 9999.0, 119.75, 123.5, 119.25, 102.75, 134.25
2023-04-06, 09:50:36, 131.5, 51.25, 18.75, 26.0, 9999.0, 0.75, 1.0, 19.5, 9999.0, 9999.0, 9999.0, 119.75, 123.5, 119.25, 102.75, 134.5
2023-04-06, 09:50:40, 131.5, 51.25, 19.0, 26.0, 9999.0, 1.0, 1.25, 19.5, 9999.0, 9999.0, 9999.0, 119.75, 123.5, 119.25, 102.5, 134.25
2023-04-06, 09:50:44, 131.5, 51.25, 19.0, 26.0, 9999.0, 1.0, 1.25, 19.5, 9999.0, 9999.0, 9999.0, 119.75, 123.25, 119.25, 102.5, 134.25
2023-04-06, 09:50:48, 131.75, 51.25, 19.0, 26.0, 9999.0, 1.0, 1.25, 19.5, 9999.0, 9999.0, 9999.0, 119.75, 123.5, 119.25, 102.75, 134.25
2023-04-06, 09:50:52, 131.5, 51.5, 19.0, 26.0, 9999.0, 1.25, 1.25, 19.5, 9999.0, 9999.0, 9999.0, 119.75, 123.5, 119.25, 102.5, 134.25
2023-04-06, 09:50:56, 131.5, 51.25, 19.0, 26.0, 9999.0, 1.25, 1.25, 19.5, 9999.0, 9999.0, 9999.0, 119.75, 123.5, 119.25, 102.5, 134.25
2023-04-06, 09:51:00, 131.5, 51.5, 19.0, 26.0, 9999.0, 1.25, 1.25, 19.5, 9999.0, 9999.0, 9999.0, 120.25, 123.25, 119.25, 102.5, 134.5
2023-04-06, 09:51:04, 131.5, 51.5, 19.0, 26.0, 9999.0, 1.25, 1.25, 19.5, 9999.0, 9999.0, 9999.0, 120.25, 123.5, 119.25, 102.5, 134.25
2023-04-06, 09:51:08, 131.75, 51.5, 19.0, 25.75, 9999.0, 1.0, 1.25, 19.5, 9999.0, 9999.0, 9999.0, 120.25, 123.25, 119.25, 102.5, 134.25
2023-04-06, 09:51:12, 131.5, 51.25, 19.0, 25.75, 9999.0, 1.0, 1.25, 19.5, 9999.0, 9999.0, 9999.0, 120.25, 123.25, 119.25, 102.5, 134.25
2023-04-06, 09:51:16, 131.75, 51.25, 19.0, 25.75, 9999.0, 1.0, 1.25, 19.5, 9999.0, 9999.0, 9999.0, 120.0, 123.25, 119.25, 102.5, 134.25
2023-04-06, 09:51:20, 131.5, 51.5, 19.0, 25.75, 9999.0, 1.0, 1.25, 19.5, 9999.0, 9999.0, 9999.0, 120.0, 123.25, 119.25, 102.5, 134.25
2023-04-06, 09:51:24, 131.5, 51.25, 19.0, 25.75, 9999.0, 1.0, 1.25, 19.5, 9999.0, 9999.0, 9999.0, 120.0, 123.25, 119.25, 102.5, 134.25
2023-04-06, 09:51:28, 131.5, 51.25, 19.0, 25.75, 9999.0, 1.0, 1.25, 19.5, 9999.0, 9999.0, 9999.0, 120.0, 123.25, 119.25, 102.5, 134.25
2023-04-06, 09:51:32, 131.5, 51.25, 18.75, 25.75, 9999.0, 1.0, 1.25, 19.5, 9999.0, 9999.0, 9999.0, 120.0, 123.5, 119.25, 102.5, 134.25
2023-04-06, 09:51:36, 131.5, 51.5, 19.0, 25.75, 9999.0, 1.0, 1.25, 19.5, 9999.0, 9999.0, 9999.0, 120.0, 123.5, 119.25, 102.5, 134.25
2023-04-06, 09:51:40, 131.5, 51.25, 18.75, 25.75, 9999.0, 1.0, 1.25, 19.5, 9999.0, 9999.0, 9999.0, 120.0, 123.5, 119.25, 102.5, 134.0
2023-04-06, 09:51:44, 131.5, 51.25, 18.75, 25.75, 9999.0, 1.0, 1.25, 19.5, 9999.0, 9999.0, 9999.0, 120.0, 123.5, 119.25, 102.5, 134.25
2023-04-06, 09:51:48, 131.5, 51.25, 18.75, 26.0, 9999.0, 1.0, 1.25, 19.5, 9999.0, 9999.0, 9999.0, 120.0, 123.0, 119.25, 102.5, 134.25
2023-04-06, 09:51:52, 131.5, 51.25, 19.0, 26.0, 9999.0, 1.0, 1.25, 19.5, 9999.0, 9999.0, 9999.0, 120.0, 123.25, 119.25, 102.5, 134.25
2023-04-06, 09:51:56, 131.5, 51.25, 18.75, 26.0, 9999.0, 0.75, 1.25, 19.5, 9999.0, 9999.0, 9999.0, 119.75, 123.25, 119.25, 102.5, 134.25
2023-04-06, 09:52:00, 131.5, 51.25, 19.0, 26.0, 9999.0, 1.25, 1.25, 19.5, 9999.0, 9999.0, 9999.0, 119.75, 123.25, 119.25, 102.5, 134.25
2023-04-06, 09:52:04, 131.5, 51.5, 19.0, 25.75, 9999.0, 1.0, 1.25, 19.5, 9999.0, 9999.0, 9999.0, 119.75, 123.25, 119.25, 102.5, 134.25
2023-04-06, 09:52:08, 131.5, 51.5, 19.0, 25.75, 9999.0, 1.0, 1.25, 19.5, 9999.0, 9999.0, 9999.0, 119.75, 123.25, 119.25, 102.5, 134.25
2023-04-06, 09:52:12, 131.5, 51.5, 19.0, 25.75, 9999.0, 1.25, 1.25, 19.5, 9999.0, 9999.0, 9999.0, 119.75, 123.25, 119.25, 102.5, 134.25
2023-04-06, 09:52:16, 131.5, 51.25, 19.0, 25.75, 9999.0, 1.25, 1.25, 19.25, 9999.0, 9999.0, 9999.0, 120.25, 123.25, 119.25, 102.5, 134.5
2023-04-06, 09:52:20, 131.5, 51.25, 19.0, 25.75, 9999.0, 1.25, 1.25, 19.5, 9999.0, 9999.0, 9999.0, 120.25, 123.25, 119.25, 102.5, 134.25
2023-04-06, 09:52:24, 131.5, 51.5, 19.0, 25.75, 9999.0, 1.0, 1.25, 19.5, 9999.0, 9999.0, 9999.0, 120.25, 123.25, 119.25, 102.5, 134.25
2023-04-06, 09:52:28, 131.5, 51.5, 19.0, 25.75, 9999.0, 1.25, 1.25, 19.5, 9999.0, 9999.0, 9999.0, 120.25, 123.25, 119.25, 102.5, 134.25
2023-04-06, 09:52:32, 131.5, 51.25, 18.75, 25.75, 9999.0, 1.0, 1.25, 19.5, 9999.0, 9999.0, 9999.0, 120.0, 123.25, 119.0, 102.75, 134.25
2023-04-06, 09:52:36, 131.5, 51.5, 19.0, 25.75, 9999.0, 1.0, 1.25, 19.5, 9999.0, 9999.0, 9999.0, 120.25, 123.25, 119.25, 102.5, 134.25
2023-04-06, 09:52:40, 131.5, 51.5, 18.75, 25.5, 9999.0, 1.0, 1.25, 19.5, 9999.0, 9999.0, 9999.0, 120.0, 123.25, 119.25, 102.75, 134.25
2023-04-06, 09:52:44, 131.5, 51.5, 18.75, 25.75, 9999.0, 1.0, 1.25, 19.5, 9999.0, 9999.0, 9999.0, 120.0, 123.25, 119.0, 102.5, 134.25
2023-04-06, 09:52:48, 131.5, 51.5, 19.0, 25.75, 9999.0, 1.0, 1.25, 19.5, 9999.0, 9999.0, 9999.0, 120.0, 123.5, 119.0, 102.5, 134.25
2023-04-06, 09:52:52, 131.5, 51.5, 19.0, 25.75, 9999.0, 1.0, 1.25, 19.5, 9999.0, 9999.0, 9999.0, 120.0, 123.5, 119.25, 102.5, 134.25
2023-04-06, 09:52:56, 131.5, 51.5, 19.0, 25.75, 9999.0, 1.0, 1.25, 19.5, 9999.0, 9999.0, 9999.0, 120.0, 123.25, 119.25, 102.5, 134.25
2023-04-06, 09:53:00, 131.5, 51.25, 18.75, 25.75, 9999.0, 1.0, 1.25, 19.5, 9999.0, 9999.0, 9999.0, 120.0, 123.5, 119.0, 102.5, 134.25
2023-04-06, 09:53:04, 131.5, 51.5, 19.0, 25.75, 9999.0, 1.0, 1.25, 19.5, 9999.0, 9999.0, 9999.0, 119.5, 123.5, 119.0, 102.5, 134.25
2023-04-06, 09:53:08, 131.5, 51.25, 19.0, 25.5, 9999.0, 1.0, 1.25, 19.5, 9999.0, 9999.0, 9999.0, 119.75, 123.5, 119.0, 102.5, 134.25
2023-04-06, 09:53:12, 131.5, 51.5, 18.75, 25.75, 9999.0, 0.75, 1.25, 19.5, 9999.0, 9999.0, 9999.0, 119.75, 123.5, 119.25, 102.5, 134.25
2023-04-06, 09:53:16, 131.5, 51.25, 19.0, 25.75, 9999.0, 1.0, 1.25, 19.5, 9999.0, 9999.0, 9999.0, 119.75, 123.25, 119.0, 102.5, 134.25
2023-04-06, 09:53:20, 131.5, 51.5, 19.0, 25.5, 9999.0, 1.0, 1.25, 19.5, 9999.0, 9999.0, 9999.0, 119.75, 123.5, 119.25, 102.5, 134.25
2023-04-06, 09:53:24, 131.5, 51.5, 19.0, 25.75, 9999.0, 1.0, 1.0, 19.5, 9999.0, 9999.0, 9999.0, 119.75, 123.25, 119.25, 102.5, 134.25
2023-04-06, 09:53:28, 131.5, 51.5, 19.0, 26.0, 9999.0, 1.25, 1.25, 19.5, 9999.0, 9999.0, 9999.0, 119.75, 123.25, 119.25, 102.5, 134.25
2023-04-06, 09:53:32, 131.5, 51.25, 19.0, 25.75, 9999.0, 1.25, 1.25, 19.5, 9999.0, 9999.0, 9999.0, 119.5, 123.25, 119.25, 102.5, 134.25
2023-04-06, 09:53:36, 131.5, 51.5, 19.0, 25.75, 9999.0, 1.25, 1.25, 19.5, 9999.0, 9999.0, 9999.0, 120.5, 123.25, 119.25, 102.5, 134.25
2023-04-06, 09:53:40, 131.5, 51.5, 18.75, 26.0, 9999.0, 1.0, 1.25, 19.5, 9999.0, 9999.0, 9999.0, 120.25, 123.25, 119.25, 102.5, 134.25
2023-04-06, 09:53:44, 131.5, 51.5, 18.75, 26.0, 9999.0, 1.25, 1.25, 19.5, 9999.0, 9999.0, 9999.0, 120.25, 123.25, 119.25, 102.5, 134.25
2023-04-06, 09:53:48, 131.5, 51.25, 19.0, 26.0, 9999.0, 1.0, 1.25, 19.5, 9999.0, 9999.0, 9999.0, 120.25, 123.25, 119.0, 102.5, 134.25
2023-04-06, 09:53:52, 131.5, 51.25, 19.0, 26.0, 9999.0, 1.25, 1.25, 19.5, 9999.0, 9999.0, 9999.0, 120.25, 123.25, 119.25, 102.5, 134.25
2023-04-06, 09:53:56, 131.5, 51.5, 18.75, 26.0, 9999.0, 1.0, 1.25, 19.5, 9999.0, 9999.0, 9999.0, 120.0, 123.25, 119.0, 102.5, 134.25
2023-04-06, 09:54:00, 131.5, 51.25, 18.75, 26.0, 9999.0, 1.0, 1.25, 19.5, 9999.0, 9999.0, 9999.0, 120.0, 123.25, 119.25, 102.5, 134.25
2023-04-06, 09:54:04, 131.25, 51.25, 18.75, 26.0, 9999.0, 1.0, 1.25, 19.5, 9999.0, 9999.0, 9999.0, 120.0, 123.25, 119.0, 102.75, 134.25
2023-04-06, 09:54:08, 131.5, 51.25, 19.0, 26.0, 9999.0, 1.0, 1.25, 19.5, 9999.0, 9999.0, 9999.0, 120.0, 123.5, 119.25, 102.5, 134.25
2023-04-06, 09:54:12, 131.5, 51.5, 18.75, 26.0, 9999.0, 1.0, 1.25, 19.25, 9999.0, 9999.0, 9999.0, 120.0, 123.5, 119.25, 102.75, 134.25
2023-04-06, 09:54:16, 131.5, 51.25, 19.0, 26.0, 9999.0, 1.0, 1.25, 19.5, 9999.0, 9999.0, 9999.0, 120.0, 123.5, 119.25, 102.5, 134.25
2023-04-06, 09:54:20, 131.5, 51.5, 18.75, 25.75, 9999.0, 1.0, 1.25, 19.5, 9999.0, 9999.0, 9999.0, 120.0, 123.5, 119.25, 102.75, 134.25
2023-04-06, 09:54:24, 131.5, 51.5, 19.0, 25.75, 9999.0, 1.0, 1.25, 19.5, 9999.0, 9999.0, 9999.0, 120.0, 123.5, 119.25, 102.5, 134.25
2023-04-06, 09:54:28, 131.5, 51.25, 19.25, 26.0, 9999.0, 0.75, 1.25, 19.5, 9999.0, 9999.0, 9999.0, 119.75, 123.5, 119.25, 102.5, 134.25
2023-04-06, 09:54:32, 131.5, 51.5, 19.0, 26.0, 9999.0, 1.0, 1.25, 19.5, 9999.0, 9999.0, 9999.0, 119.75, 123.5, 119.25, 102.5, 134.25
2023-04-06, 09:54:36, 131.5, 51.25, 19.0, 26.0, 9999.0, 1.0, 1.25, 19.5, 9999.0, 9999.0, 9999.0, 119.75, 123.25, 119.25, 102.5, 134.25
2023-04-06, 09:54:41, 131.5, 51.5, 19.0, 26.0, 9999.0, 1.0, 1.25, 19.5, 9999.0, 9999.0, 9999.0, 119.75, 123.25, 119.25, 102.5, 134.25
2023-04-06, 09:54:45, 131.5, 51.5, 19.0, 26.0, 9999.0, 1.0, 1.25, 19.5, 9999.0, 9999.0, 9999.0, 119.5, 123.5, 119.25, 102.5, 134.25
2023-04-06, 09:54:49, 131.5, 51.5, 19.0, 26.0, 9999.0, 1.25, 1.25, 19.5, 9999.0, 9999.0, 9999.0, 119.75, 123.25, 119.0, 102.5, 134.25
2023-04-06, 09:54:53, 131.5, 51.5, 19.0, 26.0, 9999.0, 1.25, 1.25, 19.5, 9999.0, 9999.0, 9999.0, 119.5, 123.25, 119.25, 102.5, 134.25
2023-04-06, 09:54:57, 131.5, 51.5, 19.0, 26.0, 9999.0, 1.25, 1.25, 19.5, 9999.0, 9999.0, 9999.0, 120.25, 123.25, 119.25, 102.5, 134.25
2023-04-06, 09:55:01, 131.5, 51.5, 18.75, 26.0, 9999.0, 1.25, 1.25, 19.5, 9999.0, 9999.0, 9999.0, 120.25, 123.25, 119.25, 102.5, 134.25
2023-04-06, 09:55:05, 131.5, 51.25, 19.0, 26.25, 9999.0, 1.0, 1.25, 19.5, 9999.0, 9999.0, 9999.0, 120.25, 123.25, 119.25, 102.5, 134.25
2023-04-06, 09:55:09, 131.5, 51.5, 19.0, 26.25, 9999.0, 1.0, 1.25, 19.5, 9999.0, 9999.0, 9999.0, 120.25, 123.0, 119.25, 102.5, 134.25
2023-04-06, 09:55:13, 131.75, 51.5, 19.0, 26.25, 9999.0, 1.0, 1.25, 19.5, 9999.0, 9999.0, 9999.0, 120.25, 123.25, 119.25, 102.5, 134.25
2023-04-06, 09:55:17, 131.5, 51.25, 19.0, 26.0, 9999.0, 1.0, 1.25, 19.5, 9999.0, 9999.0, 9999.0, 120.0, 123.25, 119.25, 102.5, 134.25
2023-04-06, 09:55:21, 131.5, 51.25, 18.75, 26.0, 9999.0, 1.0, 1.25, 19.5, 9999.0, 9999.0, 9999.0, 120.0, 123.25, 119.0, 102.5, 134.25
2023-04-06, 09:55:25, 131.5, 51.25, 18.75, 26.0, 9999.0, 1.0, 1.25, 19.5, 9999.0, 9999.0, 9999.0, 120.0, 123.5, 119.25, 102.75, 134.25
2023-04-06, 09:55:29, 131.5, 51.5, 18.75, 26.25, 9999.0, 1.0, 1.25, 19.5, 9999.0, 9999.0, 9999.0, 120.0, 123.5, 119.25, 102.75, 134.25
2023-04-06, 09:55:33, 131.5, 51.5, 18.75, 25.75, 9999.0, 1.0, 1.25, 19.5, 9999.0, 9999.0, 9999.0, 120.0, 123.5, 119.25, 102.5, 134.25
2023-04-06, 09:55:37, 131.5, 51.5, 18.75, 25.5, 9999.0, 1.0, 1.25, 19.5, 9999.0, 9999.0, 9999.0, 120.0, 123.5, 119.25, 102.5, 134.25
2023-04-06, 09:55:41, 131.5, 51.5, 18.75, 25.75, 9999.0, 1.0, 1.25, 19.5, 9999.0, 9999.0, 9999.0, 119.75, 123.5, 119.25, 102.5, 134.25
2023-04-06, 09:55:45, 131.5, 51.25, 18.75, 26.0, 9999.0, 0.75, 1.25, 19.5, 9999.0, 9999.0, 9999.0, 119.75, 123.5, 119.0, 102.5, 134.25
2023-04-06, 09:55:49, 131.5, 51.25, 18.75, 26.0, 9999.0, 0.75, 1.25, 19.5, 9999.0, 9999.0, 9999.0, 119.75, 123.5, 119.0, 102.5, 134.25
2023-04-06, 09:55:53, 131.5, 51.25, 18.75, 26.0, 9999.0, 0.75, 1.25, 19.25, 9999.0, 9999.0, 9999.0, 119.75, 123.25, 119.0, 102.5, 134.25
2023-04-06, 09:55:57, 131.5, 51.25, 18.75, 25.75, 9999.0, 0.75, 1.25, 19.5, 9999.0, 9999.0, 9999.0, 119.75, 123.5, 119.25, 102.5, 134.25
2023-04-06, 09:56:01, 131.5, 51.25, 18.75, 25.75, 9999.0, 1.0, 1.0, 19.5, 9999.0, 9999.0, 9999.0, 119.75, 123.5, 119.25, 102.5, 134.25
2023-04-06, 09:56:05, 131.5, 51.25, 18.75, 26.0, 9999.0, 1.0, 1.25, 19.5, 9999.0, 9999.0, 9999.0, 119.75, 123.25, 119.25, 102.25, 134.25
2023-04-06, 09:56:09, 131.5, 51.25, 18.75, 26.0, 9999.0, 1.25, 1.25, 19.5, 9999.0, 9999.0, 9999.0, 119.5, 123.5, 119.25, 102.5, 134.25
2023-04-06, 09:56:13, 131.5, 51.25, 18.75, 25.75, 9999.0, 1.25, 1.25, 19.5, 9999.0, 9999.0, 9999.0, 119.5, 123.5, 119.25, 102.5, 134.25
2023-04-06, 09:56:17, 131.5, 51.25, 18.75, 25.75, 9999.0, 1.25, 1.25, 19.5, 9999.0, 9999.0, 9999.0, 120.25, 123.5, 119.25, 102.5, 134.25
2023-04-06, 09:56:21, 131.5, 51.25, 18.75, 26.0, 9999.0, 1.25, 1.25, 19.5, 9999.0, 9999.0, 9999.0, 120.25, 123.25, 119.25, 102.5, 134.25
2023-04-06, 09:56:25, 131.5, 51.25, 19.0, 25.75, 9999.0, 1.0, 1.25, 19.5, 9999.0, 9999.0, 9999.0, 120.0, 123.25, 119.25, 102.5, 134.25
2023-04-06, 09:56:29, 131.5, 51.25, 18.75, 25.75, 9999.0, 1.0, 1.25, 19.5, 9999.0, 9999.0, 9999.0, 120.25, 123.25, 119.25, 102.5, 134.25
2023-04-06, 09:56:33, 131.5, 51.5, 18.75, 25.5, 9999.0, 1.0, 1.25, 19.5, 9999.0, 9999.0, 9999.0, 120.0, 123.25, 119.25, 102.5, 134.25
2023-04-06, 09:56:37, 131.5, 51.25, 18.75, 25.75, 9999.0, 1.0, 1.25, 19.5, 9999.0, 9999.0, 9999.0, 120.0, 123.25, 119.0, 102.5, 134.25
2023-04-06, 09:56:41, 131.5, 51.25, 18.75, 26.0, 9999.0, 1.0, 1.25, 19.5, 9999.0, 9999.0, 9999.0, 120.0, 123.25, 119.25, 102.5, 134.25
2023-04-06, 09:56:45, 131.5, 51.25, 19.0, 25.75, 9999.0, 1.0, 1.25, 19.5, 9999.0, 9999.0, 9999.0, 120.0, 123.5, 119.25, 102.5, 134.25
2023-04-06, 09:56:49, 131.5, 51.25, 19.0, 25.75, 9999.0, 0.75, 1.25, 19.5, 9999.0, 9999.0, 9999.0, 120.0, 123.5, 119.25, 102.5, 134.25
2023-04-06, 09:56:53, 131.5, 51.25, 18.75, 26.0, 9999.0, 1.0, 1.25, 19.5, 9999.0, 9999.0, 9999.0, 119.75, 123.5, 119.25, 102.5, 134.25
2023-04-06, 09:56:57, 131.5, 51.25, 19.0, 26.0, 9999.0, 1.0, 1.25, 19.5, 9999.0, 9999.0, 9999.0, 119.75, 123.5, 119.25, 102.5, 134.25
2023-04-06, 09:57:01, 131.5, 51.25, 19.0, 26.0, 9999.0, 0.75, 1.25, 19.5, 9999.0, 9999.0, 9999.0, 119.75, 123.5, 119.0, 102.5, 134.25
2023-04-06, 09:57:05, 131.5, 51.25, 19.0, 26.0, 9999.0, 0.75, 1.25, 19.5, 9999.0, 9999.0, 9999.0, 119.75, 123.5, 119.25, 102.5, 134.25
2023-04-06, 09:57:09, 131.5, 51.25, 19.0, 25.75, 9999.0, 0.75, 1.25, 19.5, 9999.0, 9999.0, 9999.0, 119.75, 123.5, 119.25, 102.5, 134.25
2023-04-06, 09:57:13, 131.5, 51.25, 19.0, 26.0, 9999.0, 0.75, 1.25, 19.5, 9999.0, 9999.0, 9999.0, 119.75, 123.5, 119.25, 102.5, 134.25
2023-04-06, 09:57:17, 131.5, 51.25, 18.75, 26.0, 9999.0, 0.75, 1.25, 19.5, 9999.0, 9999.0, 9999.0, 119.5, 123.25, 119.25, 102.5, 134.25
2023-04-06, 09:57:21, 131.5, 51.25, 18.75, 26.0, 9999.0, 1.0, 1.25, 19.5, 9999.0, 9999.0, 9999.0, 119.5, 123.25, 119.25, 102.5, 134.25
2023-04-06, 09:57:25, 131.5, 51.25, 18.75, 26.0, 9999.0, 1.0, 1.25, 19.5, 9999.0, 9999.0, 9999.0, 119.5, 123.25, 119.25, 102.5, 134.25
2023-04-06, 09:57:29, 131.5, 51.5, 18.75, 26.0, 9999.0, 1.25, 1.25, 19.25, 9999.0, 9999.0, 9999.0, 119.5, 123.25, 119.25, 102.5, 134.25
2023-04-06, 09:57:33, 131.5, 51.25, 19.0, 26.0, 9999.0, 1.25, 1.25, 19.5, 9999.0, 9999.0, 9999.0, 119.5, 123.25, 119.25, 102.5, 134.25
2023-04-06, 09:57:37, 131.5, 51.25, 18.75, 25.75, 9999.0, 1.25, 1.25, 19.5, 9999.0, 9999.0, 9999.0, 120.25, 123.25, 119.25, 102.5, 134.25
2023-04-06, 09:57:41, 131.5, 51.25, 19.0, 26.0, 9999.0, 1.0, 1.25, 19.5, 9999.0, 9999.0, 9999.0, 120.25, 123.25, 119.25, 102.5, 134.25
2023-04-06, 09:57:45, 131.5, 51.25, 19.0, 26.0, 9999.0, 1.0, 1.25, 19.5, 9999.0, 9999.0, 9999.0, 120.25, 123.25, 119.25, 102.5, 134.25
2023-04-06, 09:57:49, 131.5, 51.25, 18.75, 26.0, 9999.0, 1.0, 1.25, 19.25, 9999.0, 9999.0, 9999.0, 120.0, 123.25, 119.0, 102.5, 134.25
2023-04-06, 09:57:53, 131.5, 51.25, 18.75, 26.0, 9999.0, 1.0, 1.25, 19.5, 9999.0, 9999.0, 9999.0, 120.0, 123.25, 119.0, 102.5, 134.25
2023-04-06, 09:57:57, 131.5, 51.25, 18.75, 26.0, 9999.0, 1.0, 1.25, 19.25, 9999.0, 9999.0, 9999.0, 120.0, 123.25, 119.0, 102.5, 134.25
2023-04-06, 09:58:01, 131.5, 51.25, 19.0, 26.0, 9999.0, 1.0, 1.25, 19.25, 9999.0, 9999.0, 9999.0, 120.0, 123.25, 119.25, 102.5, 134.25
2023-04-06, 09:58:05, 131.5, 51.25, 19.0, 26.0, 9999.0, 1.0, 1.25, 19.5, 9999.0, 9999.0, 9999.0, 120.0, 123.5, 119.25, 102.5, 134.25
2023-04-06, 09:58:09, 131.5, 51.25, 19.0, 26.0, 9999.0, 1.0, 1.25, 19.5, 9999.0, 9999.0, 9999.0, 120.0, 123.25, 119.25, 102.5, 134.25
2023-04-06, 09:58:13, 131.5, 51.5, 19.0, 26.0, 9999.0, 1.0, 1.25, 19.25, 9999.0, 9999.0, 9999.0, 119.75, 123.5, 119.25, 102.5, 134.25
2023-04-06, 09:58:17, 131.5, 51.25, 19.0, 26.0, 9999.0, 1.0, 1.25, 19.25, 9999.0, 9999.0, 9999.0, 120.0, 123.5, 119.0, 102.5, 134.25
2023-04-06, 09:58:21, 131.5, 51.25, 19.0, 26.0, 9999.0, 0.75, 1.25, 19.5, 9999.0, 9999.0, 9999.0, 119.75, 123.5, 119.25, 102.5, 134.25
2023-04-06, 09:58:25, 131.5, 51.25, 18.75, 26.0, 9999.0, 0.75, 1.25, 19.5, 9999.0, 9999.0, 9999.0, 119.75, 123.5, 119.0, 102.5, 134.25
2023-04-06, 09:58:29, 131.5, 51.25, 19.0, 26.0, 9999.0, 0.75, 1.25, 19.5, 9999.0, 9999.0, 9999.0, 119.75, 123.25, 119.25, 102.5, 134.25
2023-04-06, 09:58:33, 131.5, 51.5, 18.75, 26.0, 9999.0, 0.75, 1.25, 19.5, 9999.0, 9999.0, 9999.0, 119.75, 123.5, 119.25, 102.5, 134.25
2023-04-06, 09:58:37, 131.5, 51.25, 19.0, 26.0, 9999.0, 1.0, 1.25, 19.25, 9999.0, 9999.0, 9999.0, 119.75, 123.5, 119.25, 102.5, 134.25
2023-04-06, 09:58:41, 131.5, 51.25, 19.0, 26.0, 9999.0, 1.0, 1.0, 19.5, 9999.0, 9999.0, 9999.0, 119.5, 123.25, 119.0, 102.5, 134.25
2023-04-06, 09:58:45, 131.5, 51.25, 18.75, 26.0, 9999.0, 1.0, 1.25, 19.5, 9999.0, 9999.0, 9999.0, 119.5, 123.5, 119.0, 102.5, 134.25
2023-04-06, 09:58:49, 131.5, 51.25, 19.0, 26.0, 9999.0, 1.25, 1.25, 19.5, 9999.0, 9999.0, 9999.0, 119.5, 123.5, 119.25, 102.5, 134.25
2023-04-06, 09:58:53, 131.5, 51.25, 18.75, 26.0, 9999.0, 1.25, 1.25, 19.5, 9999.0, 9999.0, 9999.0, 120.25, 123.25, 119.0, 102.5, 134.25
2023-04-06, 09:58:57, 131.25, 51.25, 19.0, 25.75, 9999.0, 1.25, 1.25, 19.5, 9999.0, 9999.0, 9999.0, 120.25, 123.25, 119.25, 102.5, 134.25
2023-04-06, 09:59:01, 131.5, 51.25, 19.0, 26.0, 9999.0, 1.25, 1.25, 19.5, 9999.0, 9999.0, 9999.0, 120.25, 123.25, 119.0, 102.5, 134.25
2023-04-06, 09:59:05, 131.5, 51.25, 18.75, 25.75, 9999.0, 1.0, 1.25, 19.5, 9999.0, 9999.0, 9999.0, 120.25, 123.25, 119.0, 102.5, 134.25
2023-04-06, 09:59:10, 131.5, 51.25, 18.75, 25.75, 9999.0, 1.0, 1.25, 19.5, 9999.0, 9999.0, 9999.0, 120.0, 123.25, 119.0, 102.5, 134.25
2023-04-06, 09:59:14, 131.5, 51.25, 19.0, 25.75, 9999.0, 1.0, 1.25, 19.5, 9999.0, 9999.0, 9999.0, 120.0, 123.25, 119.25, 102.5, 134.25
2023-04-06, 09:59:18, 131.5, 51.25, 19.0, 25.75, 9999.0, 1.0, 1.25, 19.5, 9999.0, 9999.0, 9999.0, 120.0, 123.25, 119.0, 102.5, 134.25
2023-04-06, 09:59:22, 131.5, 51.25, 19.0, 26.0, 9999.0, 1.0, 1.25, 19.25, 9999.0, 9999.0, 9999.0, 120.0, 123.25, 119.25, 102.5, 134.25
2023-04-06, 09:59:26, 131.5, 51.25, 18.75, 25.75, 9999.0, 1.0, 1.25, 19.25, 9999.0, 9999.0, 9999.0, 120.0, 123.5, 119.0, 102.5, 134.25
2023-04-06, 09:59:30, 131.25, 51.25, 18.75, 26.0, 9999.0, 1.0, 1.25, 19.5, 9999.0, 9999.0, 9999.0, 119.75, 123.5, 119.25, 102.5, 134.25
2023-04-06, 09:59:34, 131.5, 51.25, 18.75, 26.25, 9999.0, 1.0, 1.25, 19.5, 9999.0, 9999.0, 9999.0, 120.0, 123.5, 119.25, 102.5, 134.25
2023-04-06, 09:59:38, 131.5, 51.25, 18.75, 26.0, 9999.0, 1.0, 1.25, 19.5, 9999.0, 9999.0, 9999.0, 119.75, 123.5, 119.25, 102.5, 134.0
2023-04-06, 09:59:42, 131.5, 51.25, 18.75, 26.25, 9999.0, 1.0, 1.25, 19.5, 9999.0, 9999.0, 9999.0, 119.75, 123.5, 119.25, 102.5, 134.25
2023-04-06, 09:59:46, 131.5, 51.25, 18.75, 26.0, 9999.0, 0.75, 1.0, 19.5, 9999.0, 9999.0, 9999.0, 119.75, 123.5, 119.0, 102.5, 134.25
2023-04-06, 09:59:50, 131.5, 51.25, 19.0, 26.0, 9999.0, 0.75, 1.0, 19.5, 9999.0, 9999.0, 9999.0, 119.75, 123.5, 119.25, 102.5, 134.25
2023-04-06, 09:59:54, 131.5, 51.25, 19.0, 25.75, 9999.0, 0.75, 1.25, 19.5, 9999.0, 9999.0, 9999.0, 119.75, 123.5, 119.25, 102.5, 134.25
2023-04-06, 09:59:58, 131.25, 51.25, 19.0, 25.75, 9999.0, 1.0, 1.25, 19.5, 9999.0, 9999.0, 9999.0, 119.5, 123.5, 119.25, 102.5, 134.25
2023-04-06, 10:00:02, 131.5, 51.25, 19.0, 26.0, 9999.0, 1.0, 1.25, 19.25, 9999.0, 9999.0, 9999.0, 119.5, 123.5, 119.25, 102.5, 134.25
2023-04-06, 10:00:06, 131.25, 51.25, 18.75, 26.0, 9999.0, 1.0, 1.25, 19.5, 9999.0, 9999.0, 9999.0, 119.75, 123.5, 119.25, 102.5, 134.25
2023-04-06, 10:00:10, 131.25, 51.25, 18.75, 26.0, 9999.0, 1.25, 1.25, 19.5, 9999.0, 9999.0, 9999.0, 119.5, 123.5, 119.25, 102.5, 134.25
2023-04-06, 10:00:14, 131.25, 51.25, 18.75, 25.75, 9999.0, 1.25, 1.25, 19.5, 9999.0, 9999.0, 9999.0, 120.25, 123.25, 119.25, 102.5, 134.25
2023-04-06, 10:00:18, 131.25, 51.25, 18.5, 26.0, 9999.0, 1.25, 1.25, 19.5, 9999.0, 9999.0, 9999.0, 120.25, 123.5, 119.25, 102.5, 134.25
2023-04-06, 10:00:22, 131.5, 51.25, 19.0, 25.75, 9999.0, 1.0, 1.25, 19.5, 9999.0, 9999.0, 9999.0, 120.25, 123.25, 119.25, 102.5, 134.25
2023-04-06, 10:00:26, 131.5, 51.25, 19.0, 25.75, 9999.0, 1.0, 1.25, 19.5, 9999.0, 9999.0, 9999.0, 120.0, 123.5, 119.25, 102.5, 134.25
2023-04-06, 10:00:30, 131.5, 51.25, 19.0, 25.75, 9999.0, 1.0, 1.25, 19.5, 9999.0, 9999.0, 9999.0, 120.0, 123.25, 119.25, 102.75, 134.0
2023-04-06, 10:00:34, 131.5, 51.25, 19.0, 25.75, 9999.0, 1.0, 1.25, 19.5, 9999.0, 9999.0, 9999.0, 120.0, 123.25, 119.25, 102.5, 134.25
2023-04-06, 10:00:38, 131.5, 51.25, 19.0, 25.75, 9999.0, 1.0, 1.25, 19.5, 9999.0, 9999.0, 9999.0, 120.0, 123.25, 119.25, 102.5, 134.25
2023-04-06, 10:00:42, 131.25, 51.25, 18.75, 26.0, 9999.0, 1.0, 1.25, 19.5, 9999.0, 9999.0, 9999.0, 120.0, 123.25, 119.25, 102.5, 134.0
2023-04-06, 10:00:46, 131.25, 51.25, 19.0, 26.0, 9999.0, 1.0, 1.25, 19.5, 9999.0, 9999.0, 9999.0, 120.0, 123.5, 119.25, 102.5, 134.0
2023-04-06, 10:00:50, 131.5, 51.25, 19.0, 26.0, 9999.0, 1.0, 1.0, 19.25, 9999.0, 9999.0, 9999.0, 120.0, 123.5, 119.25, 102.5, 134.25
2023-04-06, 10:00:54, 131.25, 51.25, 18.75, 25.75, 9999.0, 1.0, 1.0, 19.5, 9999.0, 9999.0, 9999.0, 120.0, 123.5, 119.25, 102.5, 134.25
2023-04-06, 10:00:58, 131.5, 51.25, 18.75, 25.75, 9999.0, 1.0, 1.25, 19.5, 9999.0, 9999.0, 9999.0, 119.75, 123.5, 119.25, 102.5, 134.0
2023-04-06, 10:01:02, 131.5, 51.25, 18.75, 25.75, 9999.0, 1.0, 1.25, 19.5, 9999.0, 9999.0, 9999.0, 119.75, 123.25, 119.0, 102.5, 134.25
2023-04-06, 10:01:06, 131.5, 51.25, 18.75, 25.5, 9999.0, 1.0, 1.25, 19.25, 9999.0, 9999.0, 9999.0, 119.75, 123.5, 119.0, 102.5, 134.25
2023-04-06, 10:01:10, 131.5, 51.25, 19.0, 26.0, 9999.0, 0.75, 1.25, 19.5, 9999.0, 9999.0, 9999.0, 119.75, 123.25, 119.25, 102.5, 134.25
2023-04-06, 10:01:14, 131.5, 51.25, 19.0, 26.0, 9999.0, 0.75, 1.25, 19.5, 9999.0, 9999.0, 9999.0, 119.75, 123.25, 119.0, 102.5, 134.25
2023-04-06, 10:01:18, 131.5, 51.25, 18.75, 26.0, 9999.0, 1.0, 1.25, 19.5, 9999.0, 9999.0, 9999.0, 119.5, 123.25, 119.25, 102.5, 134.25
2023-04-06, 10:01:22, 131.5, 51.25, 19.0, 26.0, 9999.0, 1.0, 1.0, 19.5, 9999.0, 9999.0, 9999.0, 119.5, 123.25, 119.25, 102.5, 134.0
2023-04-06, 10:01:26, 131.5, 51.25, 18.75, 26.0, 9999.0, 1.0, 1.0, 19.5, 9999.0, 9999.0, 9999.0, 119.5, 123.5, 119.25, 102.5, 134.0
2023-04-06, 10:01:30, 131.25, 51.25, 18.75, 25.75, 9999.0, 1.25, 1.25, 19.5, 9999.0, 9999.0, 9999.0, 119.5, 123.25, 119.0, 102.5, 134.0
2023-04-06, 10:01:34, 131.5, 51.25, 18.75, 25.75, 9999.0, 1.25, 1.25, 19.5, 9999.0, 9999.0, 9999.0, 120.25, 123.25, 119.25, 102.5, 134.25
2023-04-06, 10:01:38, 131.5, 51.25, 19.0, 25.75, 9999.0, 1.0, 1.25, 19.5, 9999.0, 9999.0, 9999.0, 120.25, 123.25, 119.25, 102.5, 134.25
2023-04-06, 10:01:42, 131.5, 51.25, 18.75, 25.75, 9999.0, 1.0, 1.25, 19.5, 9999.0, 9999.0, 9999.0, 120.25, 123.25, 119.25, 102.5, 134.25
2023-04-06, 10:01:46, 131.25, 51.25, 18.75, 26.0, 9999.0, 1.0, 1.25, 19.5, 9999.0, 9999.0, 9999.0, 120.0, 123.25, 119.0, 102.5, 134.0
2023-04-06, 10:01:50, 131.5, 51.25, 18.75, 26.0, 9999.0, 1.0, 1.25, 19.5, 9999.0, 9999.0, 9999.0, 120.0, 123.25, 119.25, 102.5, 134.25
2023-04-06, 10:01:54, 131.5, 51.25, 19.0, 26.0, 9999.0, 1.0, 1.0, 19.5, 9999.0, 9999.0, 9999.0, 120.0, 123.25, 119.25, 102.5, 134.25
2023-04-06, 10:01:58, 131.5, 51.0, 19.0, 26.0, 9999.0, 0.75, 1.25, 19.5, 9999.0, 9999.0, 9999.0, 120.0, 123.25, 119.25, 102.5, 134.25
2023-04-06, 10:02:02, 131.5, 51.25, 18.75, 25.75, 9999.0, 1.0, 1.25, 19.5, 9999.0, 9999.0, 9999.0, 119.75, 123.25, 119.0, 102.25, 134.0
2023-04-06, 10:02:06, 131.5, 51.25, 19.0, 25.5, 9999.0, 1.0, 1.25, 19.25, 9999.0, 9999.0, 9999.0, 119.75, 123.5, 119.25, 102.5, 134.0
2023-04-06, 10:02:10, 131.5, 51.25, 18.75, 26.0, 9999.0, 0.75, 1.0, 19.5, 9999.0, 9999.0, 9999.0, 120.0, 123.5, 119.25, 102.5, 134.25
2023-04-06, 10:02:14, 131.5, 51.0, 19.0, 26.0, 9999.0, 1.0, 1.25, 19.5, 9999.0, 9999.0, 9999.0, 119.75, 123.5, 119.25, 102.5, 134.25
2023-04-06, 10:02:18, 131.5, 51.25, 19.0, 25.75, 9999.0, 1.0, 1.25, 19.25, 9999.0, 9999.0, 9999.0, 119.75, 123.25, 119.0, 102.5, 134.25
2023-04-06, 10:02:22, 131.5, 51.25, 18.75, 26.0, 9999.0, 1.0, 1.25, 19.25, 9999.0, 9999.0, 9999.0, 119.75, 123.25, 119.25, 102.5, 134.0
2023-04-06, 10:02:26, 131.5, 51.25, 19.0, 26.0, 9999.0, 0.75, 1.25, 19.25, 9999.0, 9999.0, 9999.0, 119.75, 123.25, 119.0, 102.5, 134.25
2023-04-06, 10:02:30, 131.25, 51.25, 18.75, 25.75, 9999.0, 0.75, 1.25, 19.5, 9999.0, 9999.0, 9999.0, 119.75, 123.25, 119.0, 102.5, 134.25
2023-04-06, 10:02:34, 131.5, 51.25, 18.75, 26.0, 9999.0, 0.75, 1.25, 19.5, 9999.0, 9999.0, 9999.0, 119.5, 123.25, 119.25, 102.5, 134.25
2023-04-06, 10:02:38, 131.25, 51.0, 19.0, 26.0, 9999.0, 1.0, 1.25, 19.25, 9999.0, 9999.0, 9999.0, 119.5, 123.25, 119.25, 102.25, 134.25
2023-04-06, 10:02:42, 131.5, 51.0, 19.0, 26.0, 9999.0, 1.0, 1.0, 19.25, 9999.0, 9999.0, 9999.0, 119.5, 123.25, 119.25, 102.5, 134.25
2023-04-06, 10:02:46, 131.5, 51.0, 18.75, 26.0, 9999.0, 1.0, 1.25, 19.25, 9999.0, 9999.0, 9999.0, 119.5, 123.25, 119.0, 102.5, 134.0
2023-04-06, 10:02:50, 131.25, 51.0, 19.0, 26.0, 9999.0, 1.25, 1.25, 19.5, 9999.0, 9999.0, 9999.0, 119.5, 123.25, 119.0, 102.25, 134.25
2023-04-06, 10:02:54, 131.5, 51.25, 19.0, 25.75, 9999.0, 1.25, 1.25, 19.25, 9999.0, 9999.0, 9999.0, 119.5, 123.25, 119.25, 102.5, 134.0
2023-04-06, 10:02:58, 131.25, 51.25, 19.0, 25.75, 9999.0, 1.0, 1.25, 19.25, 9999.0, 9999.0, 9999.0, 120.25, 123.25, 119.0, 102.25, 134.0
2023-04-06, 10:03:02, 131.25, 51.25, 19.0, 25.75, 9999.0, 1.0, 1.25, 19.5, 9999.0, 9999.0, 9999.0, 120.25, 123.25, 119.0, 102.5, 134.0
2023-04-06, 10:03:06, 131.25, 51.0, 19.0, 26.0, 9999.0, 1.0, 1.25, 19.25, 9999.0, 9999.0, 9999.0, 120.0, 123.25, 119.0, 102.5, 134.25
2023-04-06, 10:03:10, 131.25, 51.0, 19.0, 26.0, 9999.0, 1.0, 1.25, 19.25, 9999.0, 9999.0, 9999.0, 120.0, 123.25, 119.0, 102.5, 134.25
2023-04-06, 10:03:14, 131.25, 51.25, 19.0, 26.0, 9999.0, 1.0, 1.25, 19.5, 9999.0, 9999.0, 9999.0, 120.0, 123.25, 119.0, 102.5, 134.0
2023-04-06, 10:03:18, 131.25, 51.25, 19.0, 25.75, 9999.0, 1.0, 1.25, 19.5, 9999.0, 9999.0, 9999.0, 120.0, 123.25, 119.0, 102.5, 134.0
2023-04-06, 10:03:22, 131.25, 51.0, 19.0, 25.75, 9999.0, 1.0, 1.25, 19.5, 9999.0, 9999.0, 9999.0, 119.75, 123.0, 119.0, 102.5, 134.25
2023-04-06, 10:03:26, 131.25, 51.25, 19.0, 25.75, 9999.0, 1.0, 1.25, 19.5, 9999.0, 9999.0, 9999.0, 119.75, 123.25, 119.0, 102.5, 134.0
2023-04-06, 10:03:30, 131.5, 51.0, 19.0, 25.5, 9999.0, 0.75, 1.25, 19.25, 9999.0, 9999.0, 9999.0, 119.75, 123.25, 119.0, 102.5, 134.0
2023-04-06, 10:03:35, 131.25, 51.25, 18.75, 25.75, 9999.0, 1.0, 1.25, 19.25, 9999.0, 9999.0, 9999.0, 119.75, 123.25, 119.0, 102.5, 134.0
2023-04-06, 10:03:39, 131.25, 51.0, 19.0, 25.75, 9999.0, 0.75, 1.25, 19.5, 9999.0, 9999.0, 9999.0, 119.75, 123.25, 119.0, 102.5, 134.25
2023-04-06, 10:03:43, 131.25, 51.25, 18.75, 25.75, 9999.0, 1.0, 1.25, 19.5, 9999.0, 9999.0, 9999.0, 119.75, 123.25, 119.0, 102.5, 134.0
2023-04-06, 10:03:47, 131.25, 51.25, 18.75, 25.75, 9999.0, 0.75, 1.25, 19.5, 9999.0, 9999.0, 9999.0, 119.75, 123.25, 119.0, 102.5, 134.0
2023-04-06, 10:03:51, 131.25, 51.25, 19.0, 25.75, 9999.0, 0.5, 1.25, 19.5, 9999.0, 9999.0, 9999.0, 119.75, 123.25, 119.0, 102.5, 134.0
2023-04-06, 10:03:55, 131.25, 51.25, 18.75, 25.75, 9999.0, 0.75, 1.25, 19.5, 9999.0, 9999.0, 9999.0, 119.5, 123.25, 119.0, 102.25, 134.25
2023-04-06, 10:03:59, 131.25, 51.25, 18.75, 25.5, 9999.0, 1.0, 1.25, 19.5, 9999.0, 9999.0, 9999.0, 119.5, 123.25, 119.0, 102.5, 134.25
2023-04-06, 10:04:03, 131.5, 51.25, 18.75, 25.75, 9999.0, 1.0, 1.25, 19.5, 9999.0, 9999.0, 9999.0, 119.5, 123.25, 119.0, 102.5, 134.0
2023-04-06, 10:04:07, 131.25, 51.0, 19.0, 25.75, 9999.0, 1.0, 1.25, 19.25, 9999.0, 9999.0, 9999.0, 119.5, 123.25, 119.0, 102.5, 134.0
2023-04-06, 10:04:11, 131.5, 51.25, 19.0, 25.75, 9999.0, 1.25, 1.25, 19.25, 9999.0, 9999.0, 9999.0, 119.5, 123.25, 119.0, 102.5, 134.0
2023-04-06, 10:04:15, 131.5, 51.25, 19.0, 25.75, 9999.0, 1.0, 1.25, 19.5, 9999.0, 9999.0, 9999.0, 120.25, 123.25, 119.0, 102.5, 134.25
2023-04-06, 10:04:19, 131.25, 51.25, 19.0, 25.75, 9999.0, 1.0, 1.25, 19.5, 9999.0, 9999.0, 9999.0, 120.25, 123.0, 119.0, 102.5, 134.0
2023-04-06, 10:04:23, 131.25, 51.0, 19.0, 26.0, 9999.0, 1.25, 1.25, 19.5, 9999.0, 9999.0, 9999.0, 120.0, 123.0, 119.0, 102.5, 134.0
2023-04-06, 10:04:27, 131.5, 51.0, 19.0, 26.0, 9999.0, 1.0, 1.25, 19.5, 9999.0, 9999.0, 9999.0, 120.0, 123.25, 119.0, 102.5, 134.25
2023-04-06, 10:04:31, 131.5, 51.25, 19.0, 25.75, 9999.0, 1.0, 1.25, 19.5, 9999.0, 9999.0, 9999.0, 120.0, 123.25, 119.0, 102.5, 134.0
2023-04-06, 10:04:35, 131.25, 51.25, 19.0, 25.75, 9999.0, 1.0, 1.25, 19.5, 9999.0, 9999.0, 9999.0, 120.0, 123.25, 119.0, 102.5, 134.0
2023-04-06, 10:04:39, 131.25, 51.0, 19.0, 26.0, 9999.0, 1.0, 1.25, 19.5, 9999.0, 9999.0, 9999.0, 119.75, 123.0, 119.0, 102.5, 134.25
2023-04-06, 10:04:43, 131.25, 51.25, 19.0, 26.0, 9999.0, 1.0, 1.25, 19.5, 9999.0, 9999.0, 9999.0, 119.75, 123.0, 119.0, 102.5, 134.0
2023-04-06, 10:04:47, 131.5, 51.25, 18.75, 26.0, 9999.0, 1.0, 1.25, 19.5, 9999.0, 9999.0, 9999.0, 120.0, 123.25, 119.0, 102.5, 134.25
2023-04-06, 10:04:51, 131.25, 51.25, 19.0, 26.0, 9999.0, 1.0, 1.25, 19.5, 9999.0, 9999.0, 9999.0, 119.75, 123.25, 119.0, 102.5, 134.0
2023-04-06, 10:04:55, 131.25, 51.25, 18.75, 26.0, 9999.0, 1.0, 1.25, 19.5, 9999.0, 9999.0, 9999.0, 119.75, 123.25, 119.0, 102.5, 134.25
2023-04-06, 10:04:59, 131.25, 51.25, 19.0, 26.0, 9999.0, 1.0, 1.25, 19.5, 9999.0, 9999.0, 9999.0, 119.75, 123.25, 119.0, 102.5, 134.25
2023-04-06, 10:05:03, 131.5, 51.25, 18.75, 26.0, 9999.0, 0.75, 1.25, 19.5, 9999.0, 9999.0, 9999.0, 119.75, 123.25, 119.0, 102.5, 134.0
2023-04-06, 10:05:07, 131.5, 51.25, 19.0, 25.75, 9999.0, 1.0, 1.0, 19.5, 9999.0, 9999.0, 9999.0, 119.75, 123.25, 119.0, 102.5, 134.0
2023-04-06, 10:05:11, 131.25, 51.25, 18.75, 25.75, 9999.0, 0.75, 1.25, 19.5, 9999.0, 9999.0, 9999.0, 119.75, 123.25, 119.0, 102.5, 134.0
2023-04-06, 10:05:15, 131.5, 51.25, 19.0, 26.0, 9999.0, 0.75, 1.25, 19.25, 9999.0, 9999.0, 9999.0, 119.5, 123.25, 119.0, 102.5, 134.0
2023-04-06, 10:05:19, 131.5, 51.25, 19.0, 25.75, 9999.0, 1.0, 1.0, 19.5, 9999.0, 9999.0, 9999.0, 119.5, 123.25, 119.0, 102.5, 134.0
2023-04-06, 10:05:23, 131.25, 51.0, 19.0, 25.5, 9999.0, 1.0, 1.25, 19.5, 9999.0, 9999.0, 9999.0, 119.5, 123.25, 119.0, 102.25, 134.0
2023-04-06, 10:05:27, 131.25, 51.0, 19.0, 25.75, 9999.0, 1.0, 1.25, 19.5, 9999.0, 9999.0, 9999.0, 119.5, 123.25, 119.0, 102.5, 134.0
2023-04-06, 10:05:31, 131.5, 51.25, 19.0, 25.75, 9999.0, 1.25, 1.25, 19.5, 9999.0, 9999.0, 9999.0, 119.5, 123.0, 119.0, 102.5, 134.25
2023-04-06, 10:05:35, 131.25, 51.0, 19.0, 25.75, 9999.0, 1.0, 1.25, 19.5, 9999.0, 9999.0, 9999.0, 120.25, 123.25, 119.0, 102.5, 134.0
2023-04-06, 10:05:39, 131.25, 51.0, 19.0, 25.75, 9999.0, 1.25, 1.25, 19.5, 9999.0, 9999.0, 9999.0, 120.0, 123.0, 119.0, 102.5, 134.0
2023-04-06, 10:05:43, 131.25, 51.0, 19.0, 25.5, 9999.0, 1.0, 1.25, 19.5, 9999.0, 9999.0, 9999.0, 120.0, 123.0, 119.0, 102.25, 134.25
2023-04-06, 10:05:47, 131.5, 51.25, 19.0, 25.5, 9999.0, 1.0, 1.25, 19.5, 9999.0, 9999.0, 9999.0, 120.0, 123.0, 119.0, 102.5, 134.0
2023-04-06, 10:05:51, 131.5, 51.25, 19.0, 25.75, 9999.0, 1.0, 1.25, 19.5, 9999.0, 9999.0, 9999.0, 120.0, 123.0, 119.0, 102.25, 134.0
2023-04-06, 10:05:55, 131.25, 51.25, 18.75, 25.75, 9999.0, 1.0, 1.25, 19.5, 9999.0, 9999.0, 9999.0, 119.75, 123.0, 119.0, 102.5, 134.0
2023-04-06, 10:05:59, 131.25, 51.25, 19.0, 25.75, 9999.0, 1.0, 1.0, 19.5, 9999.0, 9999.0, 9999.0, 120.0, 123.0, 119.0, 102.25, 134.0
2023-04-06, 10:06:03, 131.5, 51.25, 19.0, 25.75, 9999.0, 1.0, 1.25, 19.25, 9999.0, 9999.0, 9999.0, 119.75, 123.0, 119.0, 102.25, 134.0
2023-04-06, 10:06:07, 131.25, 51.0, 19.0, 25.75, 9999.0, 0.75, 1.25, 19.5, 9999.0, 9999.0, 9999.0, 120.0, 123.25, 119.0, 102.25, 134.0
2023-04-06, 10:06:11, 131.25, 51.25, 19.0, 26.0, 9999.0, 1.0, 1.25, 19.25, 9999.0, 9999.0, 9999.0, 119.75, 123.25, 119.0, 102.5, 134.0
2023-04-06, 10:06:15, 131.5, 51.25, 19.0, 25.75, 9999.0, 1.0, 1.25, 19.5, 9999.0, 9999.0, 9999.0, 119.75, 123.25, 119.0, 102.5, 134.25
2023-04-06, 10:06:19, 131.5, 51.0, 18.75, 25.75, 9999.0, 1.0, 1.25, 19.5, 9999.0, 9999.0, 9999.0, 119.75, 123.25, 119.0, 102.5, 134.0
2023-04-06, 10:06:23, 131.5, 51.0, 18.75, 25.75, 9999.0, 0.75, 1.25, 19.5, 9999.0, 9999.0, 9999.0, 119.75, 123.25, 119.0, 102.25, 134.0
2023-04-06, 10:06:27, 131.25, 51.25, 18.75, 25.75, 9999.0, 0.75, 1.25, 19.5, 9999.0, 9999.0, 9999.0, 119.5, 123.25, 119.0, 102.25, 134.25
2023-04-06, 10:06:31, 131.5, 51.25, 18.75, 26.0, 9999.0, 0.75, 1.25, 19.5, 9999.0, 9999.0, 9999.0, 119.5, 123.25, 119.0, 102.5, 134.0
2023-04-06, 10:06:35, 131.25, 51.25, 18.75, 25.75, 9999.0, 0.75, 1.25, 19.25, 9999.0, 9999.0, 9999.0, 119.5, 123.25, 119.0, 102.25, 134.0
2023-04-06, 10:06:39, 129.75, 50.5, 18.25, 21.5, 9999.0, 1.0, 1.25, 19.5, 9999.0, 9999.0, 9999.0, 119.5, 123.25, 119.0, 102.25, 134.0
2023-04-06, 10:06:43, 131.0, 51.25, 18.75, 25.75, 9999.0, 1.0, 1.25, 19.5, 9999.0, 9999.0, 9999.0, 119.5, 123.25, 119.0, 102.25, 134.0
2023-04-06, 10:06:47, 131.25, 51.25, 19.0, 26.0, 9999.0, 1.0, 1.25, 19.25, 9999.0, 9999.0, 9999.0, 118.5, 121.75, 118.5, 102.25, 134.0
2023-04-06, 10:06:51, 131.5, 51.25, 19.0, 25.5, 9999.0, 1.0, 1.25, 19.5, 9999.0, 9999.0, 9999.0, 119.5, 123.25, 119.0, 102.5, 134.0
2023-04-06, 10:06:55, 131.25, 51.0, 19.0, 26.0, 9999.0, 1.25, 1.25, 19.5, 9999.0, 9999.0, 9999.0, 120.25, 123.25, 119.0, 102.25, 134.0
2023-04-06, 10:06:59, 131.25, 51.25, 19.0, 25.0, 9999.0, -0.25, 0.75, 19.5, 9999.0, 9999.0, 9999.0, 120.0, 123.25, 119.0, 102.5, 134.0
2023-04-06, 10:07:03, 131.25, 51.25, 19.0, 26.0, 9999.0, 1.0, 1.25, 19.5, 9999.0, 9999.0, 9999.0, 120.0, 123.25, 119.0, 102.25, 134.0
2023-04-06, 10:07:07, 131.25, 51.25, 18.75, 26.0, 9999.0, 1.0, 1.25, 19.5, 9999.0, 9999.0, 9999.0, 120.0, 122.5, 118.75, 101.25, 132.75
2023-04-06, 10:07:11, 131.25, 51.0, 19.0, 25.75, 9999.0, 1.0, 1.25, 19.5, 9999.0, 9999.0, 9999.0, 120.0, 123.25, 119.0, 102.5, 134.0
2023-04-06, 10:07:15, 131.5, 51.0, 19.0, 25.75, 9999.0, 1.0, 1.25, 19.5, 9999.0, 9999.0, 9999.0, 119.75, 123.0, 119.0, 102.25, 134.0
2023-04-06, 10:07:19, 131.5, 51.25, 18.75, 25.5, 9999.0, -0.25, 1.0, 18.25, 9999.0, 9999.0, 9999.0, 120.0, 123.25, 119.0, 102.5, 134.0
2023-04-06, 10:07:23, 131.25, 51.25, 18.75, 25.75, 9999.0, 1.0, 1.25, 19.5, 9999.0, 9999.0, 9999.0, 119.75, 123.25, 119.0, 102.25, 134.0
2023-04-06, 10:07:27, 131.25, 51.25, 18.75, 25.75, 9999.0, 1.0, 1.25, 19.5, 9999.0, 9999.0, 9999.0, 119.75, 123.25, 119.0, 101.0, 133.75
2023-04-06, 10:07:31, 130.5, 45.0, 19.0, 26.0, 9999.0, 1.0, 1.25, 19.5, 9999.0, 9999.0, 9999.0, 119.75, 123.5, 119.0, 102.5, 134.25
2023-04-06, 10:07:35, 131.25, 51.25, 19.0, 26.0, 9999.0, 1.0, 1.25, 19.5, 9999.0, 9999.0, 9999.0, 119.75, 123.5, 119.0, 102.25, 134.0
2023-04-06, 10:07:39, 131.25, 51.25, 19.0, 25.75, 9999.0, 0.75, 1.25, 18.75, 9999.0, 9999.0, 9999.0, 119.75, 123.25, 119.0, 102.25, 134.0
2023-04-06, 10:07:43, 131.25, 51.0, 18.75, 25.75, 9999.0, 0.5, 1.25, 19.5, 9999.0, 9999.0, 9999.0, 119.75, 123.25, 119.0, 102.25, 134.0
2023-04-06, 10:07:47, 131.25, 51.25, 18.75, 25.75, 9999.0, 0.75, 1.25, 19.25, 9999.0, 9999.0, 9999.0, 119.75, 123.25, 119.0, 102.5, 134.0
2023-04-06, 10:07:51, 130.0, 50.5, 18.25, 22.5, 9999.0, 0.75, 1.25, 19.5, 9999.0, 9999.0, 9999.0, 119.75, 123.25, 119.0, 102.25, 134.0
2023-04-06, 10:07:55, 131.25, 51.0, 19.0, 25.75, 9999.0, 0.75, 1.25, 19.5, 9999.0, 9999.0, 9999.0, 119.5, 123.25, 119.0, 102.25, 134.0
2023-04-06, 10:08:00, 131.25, 51.0, 19.0, 25.5, 9999.0, 1.0, 1.25, 19.5, 9999.0, 9999.0, 9999.0, 118.75, 121.75, 118.5, 102.25, 134.0
2023-04-06, 10:08:04, 131.5, 51.25, 19.0, 25.5, 9999.0, 1.0, 1.25, 19.5, 9999.0, 9999.0, 9999.0, 119.5, 123.25, 119.0, 102.25, 134.0
2023-04-06, 10:08:08, 131.25, 51.25, 19.0, 25.75, 9999.0, 1.0, 1.0, 19.25, 9999.0, 9999.0, 9999.0, 119.5, 123.0, 119.0, 102.25, 134.0
2023-04-06, 10:08:12, 131.25, 51.0, 18.75, 24.75, 9999.0, -0.5, 1.0, 19.5, 9999.0, 9999.0, 9999.0, 119.5, 123.25, 119.0, 102.0, 134.0
2023-04-06, 10:08:16, 131.25, 51.0, 18.75, 25.75, 9999.0, 1.25, 1.25, 19.25, 9999.0, 9999.0, 9999.0, 120.25, 123.0, 119.0, 102.25, 134.0
2023-04-06, 10:08:20, 131.25, 51.0, 18.75, 26.0, 9999.0, 1.0, 1.25, 19.5, 9999.0, 9999.0, 9999.0, 120.25, 122.25, 118.75, 101.0, 132.75
2023-04-06, 10:08:24, 131.25, 51.25, 18.75, 26.0, 9999.0, 1.0, 1.0, 19.25, 9999.0, 9999.0, 9999.0, 120.0, 123.0, 119.0, 102.25, 134.25
2023-04-06, 10:08:28, 131.25, 51.25, 18.75, 25.75, 9999.0, 1.0, 1.25, 19.5, 9999.0, 9999.0, 9999.0, 120.0, 123.0, 119.0, 102.25, 134.0
2023-04-06, 10:08:32, 131.25, 51.0, 19.0, 26.0, 9999.0, -0.25, 1.0, 18.0, 9999.0, 9999.0, 9999.0, 120.0, 123.0, 119.0, 102.25, 134.0
2023-04-06, 10:08:36, 131.25, 51.25, 19.0, 26.0, 9999.0, 1.0, 1.25, 19.5, 9999.0, 9999.0, 9999.0, 119.75, 123.25, 119.0, 102.25, 134.0
2023-04-06, 10:08:40, 131.25, 51.25, 19.0, 26.0, 9999.0, 1.0, 1.25, 19.5, 9999.0, 9999.0, 9999.0, 119.75, 123.0, 119.0, 101.0, 133.75
2023-04-06, 10:08:44, 130.25, 44.75, 18.75, 26.0, 9999.0, 1.0, 1.25, 19.5, 9999.0, 9999.0, 9999.0, 119.75, 123.0, 119.0, 102.25, 134.0
2023-04-06, 10:08:48, 131.25, 51.25, 19.0, 25.75, 9999.0, 1.0, 1.25, 19.25, 9999.0, 9999.0, 9999.0, 119.75, 123.25, 119.0, 102.25, 134.0
2023-04-06, 10:08:52, 131.25, 51.0, 19.0, 26.0, 9999.0, 1.0, 1.25, 18.25, 9999.0, 9999.0, 9999.0, 119.75, 123.25, 119.0, 102.25, 134.0
2023-04-06, 10:08:56, 131.25, 51.25, 19.0, 25.75, 9999.0, 0.75, 1.25, 19.5, 9999.0, 9999.0, 9999.0, 119.75, 123.25, 119.0, 102.25, 134.0
2023-04-06, 10:09:00, 131.25, 51.25, 19.0, 25.75, 9999.0, 0.75, 1.25, 19.25, 9999.0, 9999.0, 9999.0, 119.75, 123.0, 119.0, 102.25, 134.0
2023-04-06, 10:09:04, 130.0, 50.5, 17.5, 22.25, 9999.0, 0.75, 1.25, 19.5, 9999.0, 9999.0, 9999.0, 119.5, 123.25, 119.0, 102.25, 134.0
2023-04-06, 10:09:08, 131.25, 51.25, 19.0, 26.0, 9999.0, 1.0, 1.25, 19.25, 9999.0, 9999.0, 9999.0, 119.75, 123.25, 119.0, 102.25, 134.0
2023-04-06, 10:09:12, 131.25, 51.0, 19.0, 26.0, 9999.0, 0.75, 1.25, 19.25, 9999.0, 9999.0, 9999.0, 118.75, 121.75, 119.0, 102.25, 134.0
2023-04-06, 10:09:16, 131.25, 51.0, 19.0, 26.0, 9999.0, 0.75, 1.25, 19.25, 9999.0, 9999.0, 9999.0, 119.5, 123.25, 119.0, 102.25, 134.0
2023-04-06, 10:09:20, 131.25, 51.25, 19.0, 26.0, 9999.0, 1.0, 1.25, 19.25, 9999.0, 9999.0, 9999.0, 119.5, 123.25, 119.0, 102.25, 134.0
2023-04-06, 10:09:24, 131.25, 51.25, 18.75, 25.0, 9999.0, -0.75, 0.75, 19.25, 9999.0, 9999.0, 9999.0, 119.5, 123.25, 119.0, 102.25, 134.0
2023-04-06, 10:09:28, 131.25, 51.25, 18.75, 25.75, 9999.0, 1.0, 1.25, 19.5, 9999.0, 9999.0, 9999.0, 119.5, 123.25, 119.0, 102.25, 134.0
2023-04-06, 10:09:32, 131.25, 51.25, 19.0, 25.75, 9999.0, 1.25, 1.25, 19.5, 9999.0, 9999.0, 9999.0, 119.0, 122.25, 118.75, 101.0, 132.75
2023-04-06, 10:09:36, 131.25, 51.25, 18.75, 25.75, 9999.0, 1.25, 1.25, 19.5, 9999.0, 9999.0, 9999.0, 120.0, 123.25, 119.0, 102.25, 134.0
2023-04-06, 10:09:40, 131.5, 51.25, 19.0, 26.0, 9999.0, 1.0, 1.25, 19.25, 9999.0, 9999.0, 9999.0, 120.0, 123.0, 119.0, 102.25, 134.0
2023-04-06, 10:09:44, 131.25, 51.25, 19.0, 25.75, 9999.0, 0.0, 1.0, 18.25, 9999.0, 9999.0, 9999.0, 120.0, 123.0, 119.0, 102.25, 134.0
2023-04-06, 10:09:48, 131.25, 51.25, 19.0, 25.75, 9999.0, 1.0, 1.25, 19.5, 9999.0, 9999.0, 9999.0, 120.0, 123.0, 119.0, 102.25, 134.0
2023-04-06, 10:09:52, 131.25, 50.75, 19.0, 25.75, 9999.0, 1.0, 1.25, 19.25, 9999.0, 9999.0, 9999.0, 120.0, 123.0, 119.0, 101.0, 133.75
2023-04-06, 10:09:56, 130.25, 49.5, 19.0, 25.5, 9999.0, 1.0, 1.25, 19.25, 9999.0, 9999.0, 9999.0, 120.0, 123.0, 119.0, 102.25, 134.0
2023-04-06, 10:10:00, 131.25, 51.25, 18.75, 25.75, 9999.0, 1.0, 1.25, 19.5, 9999.0, 9999.0, 9999.0, 119.75, 123.0, 119.0, 102.25, 134.0
2023-04-06, 10:10:04, 131.25, 51.25, 19.0, 25.5, 9999.0, 0.75, 1.25, 18.25, 9999.0, 9999.0, 9999.0, 119.75, 123.25, 119.0, 102.25, 134.0
2023-04-06, 10:10:08, 131.25, 51.25, 19.0, 25.5, 9999.0, 1.0, 1.25, 19.5, 9999.0, 9999.0, 9999.0, 119.75, 123.25, 119.0, 102.25, 134.0
2023-04-06, 10:10:12, 131.25, 51.25, 19.0, 25.75, 9999.0, 1.0, 1.25, 19.25, 9999.0, 9999.0, 9999.0, 119.75, 123.25, 119.0, 102.5, 134.0
2023-04-06, 10:10:16, 130.0, 50.5, 17.75, 23.25, 9999.0, 1.0, 1.0, 19.25, 9999.0, 9999.0, 9999.0, 119.75, 123.25, 119.0, 102.25, 134.0
2023-04-06, 10:10:20, 131.25, 51.25, 19.0, 26.0, 9999.0, 1.0, 1.25, 19.25, 9999.0, 9999.0, 9999.0, 119.75, 123.25, 118.75, 102.25, 134.0
2023-04-06, 10:10:24, 131.25, 51.0, 19.0, 26.0, 9999.0, 0.75, 1.25, 19.25, 9999.0, 9999.0, 9999.0, 118.75, 122.0, 118.75, 102.25, 134.0
2023-04-06, 10:10:28, 131.25, 51.0, 19.0, 26.0, 9999.0, 1.0, 1.25, 19.5, 9999.0, 9999.0, 9999.0, 119.75, 123.25, 119.0, 102.25, 134.0
2023-04-06, 10:10:32, 131.25, 51.0, 19.0, 26.0, 9999.0, 0.75, 1.25, 19.25, 9999.0, 9999.0, 9999.0, 119.5, 123.25, 119.0, 102.25, 134.0
2023-04-06, 10:10:36, 131.25, 51.25, 19.0, 25.25, 9999.0, -1.0, 0.75, 19.5, 9999.0, 9999.0, 9999.0, 119.5, 123.25, 119.0, 102.25, 134.0
2023-04-06, 10:10:40, 131.25, 51.25, 19.0, 26.0, 9999.0, 1.0, 1.25, 19.5, 9999.0, 9999.0, 9999.0, 119.5, 123.25, 119.0, 102.25, 134.0
2023-04-06, 10:10:44, 131.25, 51.25, 18.75, 26.0, 9999.0, 1.0, 1.25, 19.5, 9999.0, 9999.0, 9999.0, 119.5, 122.25, 118.75, 101.0, 132.75
2023-04-06, 10:10:48, 131.25, 51.25, 19.0, 26.0, 9999.0, 1.25, 1.25, 19.5, 9999.0, 9999.0, 9999.0, 119.5, 123.25, 119.0, 102.25, 134.0
2023-04-06, 10:10:52, 131.25, 51.25, 19.0, 26.0, 9999.0, 1.25, 1.25, 19.5, 9999.0, 9999.0, 9999.0, 119.25, 123.25, 119.0, 102.25, 134.0
2023-04-06, 10:10:56, 131.25, 51.0, 19.0, 25.75, 9999.0, 0.0, 1.0, 18.25, 9999.0, 9999.0, 9999.0, 120.0, 123.25, 119.0, 102.25, 134.0
2023-04-06, 10:11:00, 131.25, 51.0, 19.0, 26.0, 9999.0, 1.0, 1.25, 19.5, 9999.0, 9999.0, 9999.0, 120.0, 123.0, 119.0, 102.25, 134.0
2023-04-06, 10:11:04, 131.25, 51.25, 19.0, 26.0, 9999.0, 1.0, 1.25, 19.5, 9999.0, 9999.0, 9999.0, 120.0, 123.25, 119.0, 101.0, 133.75
2023-04-06, 10:11:08, 130.0, 48.75, 18.75, 25.75, 9999.0, 1.0, 1.25, 19.5, 9999.0, 9999.0, 9999.0, 120.0, 123.0, 119.0, 102.25, 134.0
2023-04-06, 10:11:12, 131.25, 51.25, 19.0, 25.75, 9999.0, 1.0, 1.25, 19.5, 9999.0, 9999.0, 9999.0, 120.0, 123.0, 119.0, 102.25, 134.0
2023-04-06, 10:11:16, 131.25, 51.0, 19.0, 25.75, 9999.0, 1.0, 1.25, 18.25, 9999.0, 9999.0, 9999.0, 119.75, 123.0, 119.0, 102.25, 134.0
2023-04-06, 10:11:20, 131.25, 51.0, 19.0, 26.0, 9999.0, 1.0, 1.25, 19.5, 9999.0, 9999.0, 9999.0, 119.75, 123.0, 119.0, 102.25, 134.0
2023-04-06, 10:11:24, 131.25, 51.0, 19.0, 26.0, 9999.0, 1.0, 1.25, 19.25, 9999.0, 9999.0, 9999.0, 119.75, 123.25, 119.0, 102.25, 134.0
2023-04-06, 10:11:28, 130.5, 50.25, 17.5, 23.5, 9999.0, 1.0, 1.25, 19.5, 9999.0, 9999.0, 9999.0, 119.75, 123.25, 119.0, 102.25, 134.0
2023-04-06, 10:11:32, 131.25, 51.0, 19.0, 25.75, 9999.0, 1.0, 1.25, 19.5, 9999.0, 9999.0, 9999.0, 119.75, 123.25, 119.0, 102.25, 134.0
2023-04-06, 10:11:36, 131.25, 51.0, 19.0, 26.0, 9999.0, 1.0, 1.25, 19.5, 9999.0, 9999.0, 9999.0, 119.0, 122.0, 118.75, 102.25, 134.0
2023-04-06, 10:11:40, 131.25, 51.0, 19.0, 26.0, 9999.0, 1.0, 1.25, 19.5, 9999.0, 9999.0, 9999.0, 119.75, 123.25, 119.0, 102.25, 134.0
2023-04-06, 10:11:44, 131.25, 51.0, 19.0, 26.0, 9999.0, 0.75, 1.25, 19.5, 9999.0, 9999.0, 9999.0, 119.5, 123.25, 119.0, 102.25, 134.0
2023-04-06, 10:11:48, 131.25, 51.0, 19.0, 25.0, 9999.0, -0.5, 0.5, 19.5, 9999.0, 9999.0, 9999.0, 119.5, 123.25, 119.0, 102.25, 134.0
2023-04-06, 10:11:52, 131.25, 51.0, 18.75, 26.0, 9999.0, 0.75, 1.25, 19.25, 9999.0, 9999.0, 9999.0, 119.5, 123.25, 119.0, 102.25, 134.0
2023-04-06, 10:11:56, 131.25, 51.25, 18.75, 26.0, 9999.0, 1.0, 1.25, 19.5, 9999.0, 9999.0, 9999.0, 119.5, 122.0, 118.75, 101.0, 132.0
2023-04-06, 10:12:00, 131.25, 51.25, 19.0, 26.0, 9999.0, 1.0, 1.25, 19.5, 9999.0, 9999.0, 9999.0, 119.5, 123.25, 119.0, 102.25, 134.0
2023-04-06, 10:12:04, 131.25, 51.0, 19.0, 26.0, 9999.0, 1.0, 1.25, 19.5, 9999.0, 9999.0, 9999.0, 119.5, 123.0, 119.0, 102.25, 134.0
2023-04-06, 10:12:08, 131.25, 51.0, 18.75, 26.0, 9999.0, 1.25, 1.25, 19.5, 9999.0, 9999.0, 9999.0, 119.25, 123.0, 119.0, 102.25, 134.0
2023-04-06, 10:12:12, 131.25, 51.25, 18.75, 26.25, 9999.0, 1.25, 1.25, 19.5, 9999.0, 9999.0, 9999.0, 120.25, 123.0, 119.0, 102.25, 134.0
2023-04-06, 10:12:16, 131.25, 51.25, 18.75, 26.0, 9999.0, 1.25, 1.25, 19.5, 9999.0, 9999.0, 9999.0, 120.0, 123.0, 119.0, 102.25, 134.0
2023-04-06, 10:12:20, 131.25, 51.25, 19.0, 26.0, 9999.0, 1.0, 1.25, 19.5, 9999.0, 9999.0, 9999.0, 120.0, 123.0, 119.0, 102.25, 134.0
2023-04-06, 10:12:24, 131.25, 51.25, 18.75, 25.75, 9999.0, 1.0, 1.25, 19.5, 9999.0, 9999.0, 9999.0, 120.0, 123.0, 119.0, 102.25, 134.0
2023-04-06, 10:12:29, 131.25, 51.25, 18.75, 25.5, 9999.0, 1.0, 1.25, 19.5, 9999.0, 9999.0, 9999.0, 120.0, 123.0, 118.75, 102.25, 134.0
2023-04-06, 10:12:33, 131.25, 51.25, 19.0, 25.5, 9999.0, 1.0, 1.25, 19.5, 9999.0, 9999.0, 9999.0, 119.75, 123.0, 119.0, 102.25, 134.0
2023-04-06, 10:12:37, 131.25, 51.25, 18.75, 25.75, 9999.0, 1.0, 1.25, 19.5, 9999.0, 9999.0, 9999.0, 119.75, 123.0, 118.75, 102.25, 134.0
2023-04-06, 10:12:41, 131.25, 51.25, 19.0, 26.0, 9999.0, 1.0, 1.25, 19.5, 9999.0, 9999.0, 9999.0, 119.75, 123.0, 118.75, 102.25, 134.0
2023-04-06, 10:12:45, 131.25, 51.25, 19.0, 25.75, 9999.0, 1.0, 1.25, 19.5, 9999.0, 9999.0, 9999.0, 119.75, 123.25, 118.75, 102.25, 134.0
2023-04-06, 10:12:49, 131.25, 51.25, 19.0, 25.75, 9999.0, 1.0, 1.25, 19.5, 9999.0, 9999.0, 9999.0, 119.75, 123.25, 119.0, 102.25, 134.0
2023-04-06, 10:12:53, 131.25, 51.25, 19.0, 25.75, 9999.0, 1.0, 1.25, 19.5, 9999.0, 9999.0, 9999.0, 119.75, 123.25, 119.0, 102.25, 134.0
2023-04-06, 10:12:57, 131.25, 51.25, 19.0, 25.75, 9999.0, 1.0, 1.25, 19.25, 9999.0, 9999.0, 9999.0, 119.75, 123.25, 119.0, 102.25, 134.0
2023-04-06, 10:13:01, 131.25, 51.25, 18.25, 25.5, 9999.0, 0.5, 1.25, 19.5, 9999.0, 9999.0, 9999.0, 119.75, 123.25, 119.0, 102.25, 134.0
2023-04-06, 10:13:05, 131.25, 51.25, 19.0, 26.0, 9999.0, 0.75, 1.25, 19.5, 9999.0, 9999.0, 9999.0, 119.5, 123.25, 119.0, 102.25, 134.0
2023-04-06, 10:13:09, 131.25, 51.25, 19.0, 26.0, 9999.0, 1.0, 1.25, 19.5, 9999.0, 9999.0, 9999.0, 119.5, 123.25, 119.0, 102.25, 134.0
2023-04-06, 10:13:13, 131.25, 51.0, 19.0, 24.75, 9999.0, -0.5, -1.75, 19.25, 9999.0, 9999.0, 9999.0, 119.5, 123.25, 119.0, 102.25, 134.0
2023-04-06, 10:13:17, 131.25, 51.0, 19.0, 26.0, 9999.0, 1.0, 1.25, 19.5, 9999.0, 9999.0, 9999.0, 119.5, 123.25, 119.0, 102.25, 134.0
2023-04-06, 10:13:21, 131.25, 51.25, 19.0, 25.75, 9999.0, 1.0, 1.25, 19.5, 9999.0, 9999.0, 9999.0, 119.25, 123.0, 119.0, 102.25, 134.0
2023-04-06, 10:13:25, 131.25, 51.0, 19.0, 25.75, 9999.0, -0.5, 1.0, 18.5, 9999.0, 9999.0, 9999.0, 119.5, 123.25, 119.0, 102.25, 134.0
2023-04-06, 10:13:29, 131.25, 51.0, 19.0, 25.75, 9999.0, 1.25, 1.25, 19.5, 9999.0, 9999.0, 9999.0, 119.5, 123.25, 119.0, 102.25, 134.0
2023-04-06, 10:13:33, 131.25, 51.0, 19.0, 25.75, 9999.0, 1.25, 1.25, 19.5, 9999.0, 9999.0, 9999.0, 120.0, 123.0, 118.75, 102.25, 134.0
2023-04-06, 10:13:37, 131.25, 51.0, 19.0, 26.0, 9999.0, 1.0, 1.0, 18.75, 9999.0, 9999.0, 9999.0, 120.0, 123.25, 119.0, 102.25, 134.0
2023-04-06, 10:13:41, 131.25, 51.25, 18.75, 26.0, 9999.0, 1.25, 1.25, 19.5, 9999.0, 9999.0, 9999.0, 120.0, 123.0, 118.75, 102.25, 134.0
2023-04-06, 10:13:45, 131.25, 51.0, 19.0, 26.0, 9999.0, 1.0, 1.25, 19.5, 9999.0, 9999.0, 9999.0, 120.0, 123.0, 118.75, 102.25, 134.0
2023-04-06, 10:13:49, 131.25, 51.0, 19.0, 25.75, 9999.0, 1.0, 1.25, 19.5, 9999.0, 9999.0, 9999.0, 118.0, 123.0, 119.0, 102.25, 134.0
2023-04-06, 10:13:53, 131.25, 51.0, 19.0, 25.75, 9999.0, 1.0, 1.25, 19.5, 9999.0, 9999.0, 9999.0, 119.75, 123.0, 118.75, 102.25, 134.0
2023-04-06, 10:13:57, 131.25, 51.0, 19.0, 25.75, 9999.0, 1.0, 1.25, 19.5, 9999.0, 9999.0, 9999.0, 119.75, 123.0, 118.75, 102.25, 134.0
2023-04-06, 10:14:01, 131.25, 51.0, 19.0, 25.75, 9999.0, 1.0, 1.25, 19.5, 9999.0, 9999.0, 9999.0, 119.5, 121.75, 116.75, 102.25, 134.0
2023-04-06, 10:14:05, 131.25, 51.0, 19.0, 25.75, 9999.0, 1.0, 1.25, 19.5, 9999.0, 9999.0, 9999.0, 119.75, 123.25, 119.0, 102.25, 134.0
2023-04-06, 10:14:09, 131.25, 51.0, 18.75, 26.0, 9999.0, 1.0, 1.25, 19.5, 9999.0, 9999.0, 9999.0, 119.75, 123.25, 119.0, 102.25, 134.0
2023-04-06, 10:14:13, 131.25, 51.0, 18.75, 26.0, 9999.0, 1.0, 1.25, 19.5, 9999.0, 9999.0, 9999.0, 119.75, 122.25, 118.5, 101.0, 132.25
2023-04-06, 10:14:17, 131.25, 51.25, 18.75, 26.0, 9999.0, 0.75, 1.25, 19.5, 9999.0, 9999.0, 9999.0, 119.75, 123.0, 118.75, 102.25, 134.0
2023-04-06, 10:14:21, 131.25, 51.0, 18.75, 26.0, 9999.0, 0.75, 1.25, 19.5, 9999.0, 9999.0, 9999.0, 119.75, 123.0, 119.0, 102.25, 134.0
2023-04-06, 10:14:25, 131.25, 51.0, 19.0, 26.0, 9999.0, 0.75, 1.25, 19.5, 9999.0, 9999.0, 9999.0, 119.5, 123.0, 117.75, 101.75, 133.0
2023-04-06, 10:14:29, 127.5, 51.0, 18.75, 26.0, 9999.0, 1.0, 1.25, 19.5, 9999.0, 9999.0, 9999.0, 119.5, 123.0, 118.75, 102.25, 134.0
2023-04-06, 10:14:33, 131.25, 51.0, 19.0, 26.0, 9999.0, 0.75, 1.25, 19.5, 9999.0, 9999.0, 9999.0, 119.5, 123.0, 118.75, 102.25, 134.0
2023-04-06, 10:14:37, 131.25, 51.25, 19.0, 26.0, 9999.0, 1.0, 1.25, 19.5, 9999.0, 9999.0, 9999.0, 119.5, 123.0, 119.0, 102.25, 132.0
2023-04-06, 10:14:41, 131.0, 50.0, 13.75, 26.0, 9999.0, 1.0, 1.25, 19.5, 9999.0, 9999.0, 9999.0, 119.25, 123.0, 118.75, 102.25, 134.0
2023-04-06, 10:14:45, 131.25, 51.0, 19.0, 26.0, 9999.0, 1.25, 1.25, 19.5, 9999.0, 9999.0, 9999.0, 119.25, 123.0, 118.75, 102.25, 134.0
2023-04-06, 10:14:49, 131.25, 51.25, 19.0, 26.0, 9999.0, 1.25, 1.0, 19.5, 9999.0, 9999.0, 9999.0, 119.25, 123.0, 118.75, 102.25, 133.75
2023-04-06, 10:14:53, 131.25, 50.25, 18.75, 24.75, 9999.0, 1.25, 1.25, 19.5, 9999.0, 9999.0, 9999.0, 120.0, 123.0, 119.0, 102.25, 134.0
2023-04-06, 10:14:57, 131.25, 51.25, 19.0, 26.0, 9999.0, 1.25, 1.25, 19.5, 9999.0, 9999.0, 9999.0, 120.0, 123.0, 118.75, 102.25, 134.0
2023-04-06, 10:15:01, 131.25, 51.25, 19.0, 26.0, 9999.0, 1.0, 1.25, 19.5, 9999.0, 9999.0, 9999.0, 120.0, 123.0, 118.75, 102.25, 134.0
2023-04-06, 10:15:05, 131.25, 51.0, 18.5, 25.0, 9999.0, -0.75, 1.0, 19.5, 9999.0, 9999.0, 9999.0, 120.0, 123.0, 118.75, 102.25, 134.0
2023-04-06, 10:15:09, 131.25, 51.0, 19.0, 26.0, 9999.0, 1.25, 1.25, 19.5, 9999.0, 9999.0, 9999.0, 119.75, 123.0, 118.75, 102.25, 134.0
2023-04-06, 10:15:13, 131.25, 51.0, 19.0, 26.0, 9999.0, 1.0, 1.25, 19.5, 9999.0, 9999.0, 9999.0, 119.75, 123.0, 118.75, 102.25, 134.0
2023-04-06, 10:15:17, 131.25, 51.25, 19.0, 25.75, 9999.0, 0.75, 0.0, 17.25, 9999.0, 9999.0, 9999.0, 119.75, 123.0, 118.75, 102.25, 134.0
2023-04-06, 10:15:21, 131.25, 51.25, 19.0, 25.5, 9999.0, 1.0, 1.25, 19.5, 9999.0, 9999.0, 9999.0, 119.75, 123.25, 118.75, 102.25, 134.0
2023-04-06, 10:15:25, 131.25, 51.25, 19.0, 25.75, 9999.0, 1.0, 1.25, 19.5, 9999.0, 9999.0, 9999.0, 119.5, 123.0, 118.75, 102.25, 134.0
2023-04-06, 10:15:29, 131.25, 51.0, 19.0, 26.0, 9999.0, 1.0, 0.5, 19.25, 9999.0, 9999.0, 9999.0, 119.75, 123.25, 118.75, 102.25, 134.0
2023-04-06, 10:15:33, 131.25, 51.0, 19.0, 26.0, 9999.0, 1.0, 1.25, 19.5, 9999.0, 9999.0, 9999.0, 119.75, 123.25, 118.75, 102.25, 134.0
2023-04-06, 10:15:37, 131.25, 51.25, 19.0, 25.75, 9999.0, 1.0, 1.25, 19.5, 9999.0, 9999.0, 9999.0, 119.5, 123.25, 118.75, 102.25, 134.0
2023-04-06, 10:15:41, 131.25, 51.0, 19.0, 25.75, 9999.0, 1.0, 1.25, 19.25, 9999.0, 9999.0, 9999.0, 119.5, 123.0, 118.75, 102.25, 134.0
2023-04-06, 10:15:45, 131.25, 51.0, 19.0, 25.75, 9999.0, 1.0, 1.25, 19.5, 9999.0, 9999.0, 9999.0, 119.5, 123.0, 118.75, 102.25, 134.0
2023-04-06, 10:15:49, 131.25, 51.25, 19.0, 26.0, 9999.0, 1.0, 1.25, 19.5, 9999.0, 9999.0, 9999.0, 119.5, 123.0, 118.75, 102.25, 134.0
2023-04-06, 10:15:53, 131.25, 51.25, 19.0, 26.0, 9999.0, 1.0, 1.25, 19.5, 9999.0, 9999.0, 9999.0, 118.25, 118.75, 118.75, 102.25, 134.0
2023-04-06, 10:15:57, 131.25, 51.25, 19.0, 26.0, 9999.0, 1.0, 1.25, 19.5, 9999.0, 9999.0, 9999.0, 119.5, 123.0, 118.75, 102.25, 134.0
2023-04-06, 10:16:01, 131.25, 51.0, 19.0, 26.0, 9999.0, 1.0, 1.25, 19.5, 9999.0, 9999.0, 9999.0, 119.5, 123.0, 119.0, 102.25, 134.0
2023-04-06, 10:16:05, 131.25, 51.0, 19.0, 26.0, 9999.0, 1.25, 1.25, 19.5, 9999.0, 9999.0, 9999.0, 118.5, 122.75, 117.25, 101.75, 134.0
2023-04-06, 10:16:09, 131.25, 51.25, 19.0, 26.0, 9999.0, 1.25, 1.25, 19.5, 9999.0, 9999.0, 9999.0, 120.0, 123.0, 118.75, 102.25, 134.0
2023-04-06, 10:16:13, 131.25, 51.25, 19.0, 25.75, 9999.0, 1.25, 1.25, 19.5, 9999.0, 9999.0, 9999.0, 120.0, 123.0, 118.75, 102.25, 134.0
2023-04-06, 10:16:17, 131.25, 51.25, 18.75, 25.75, 9999.0, 1.25, 1.25, 19.5, 9999.0, 9999.0, 9999.0, 120.0, 122.5, 118.0, 101.75, 132.0
2023-04-06, 10:16:21, 131.0, 51.0, 18.75, 25.75, 9999.0, 1.0, 1.25, 19.5, 9999.0, 9999.0, 9999.0, 120.0, 123.0, 118.75, 102.25, 134.0
2023-04-06, 10:16:25, 131.25, 51.25, 19.0, 25.75, 9999.0, 1.0, 1.25, 19.5, 9999.0, 9999.0, 9999.0, 120.0, 123.0, 118.75, 102.0, 134.0
2023-04-06, 10:16:29, 131.25, 51.25, 19.0, 25.75, 9999.0, 1.0, 1.25, 19.5, 9999.0, 9999.0, 9999.0, 119.75, 123.0, 118.75, 101.0, 133.75
2023-04-06, 10:16:33, 130.0, 48.5, 19.0, 26.0, 9999.0, 1.0, 1.25, 19.5, 9999.0, 9999.0, 9999.0, 119.75, 123.0, 118.75, 102.25, 134.0
2023-04-06, 10:16:37, 131.25, 51.25, 19.0, 25.75, 9999.0, 1.0, 1.5, 19.5, 9999.0, 9999.0, 9999.0, 119.75, 122.75, 118.75, 102.25, 134.0
2023-04-06, 10:16:41, 131.25, 51.0, 19.0, 26.0, 9999.0, 0.75, 1.25, 19.5, 9999.0, 9999.0, 9999.0, 119.75, 123.0, 118.75, 102.25, 134.0
2023-04-06, 10:16:45, 130.25, 51.0, 17.5, 24.5, 9999.0, 1.0, 1.25, 19.5, 9999.0, 9999.0, 9999.0, 119.75, 123.25, 118.75, 102.25, 134.0
2023-04-06, 10:16:49, 131.25, 51.25, 18.75, 26.0, 9999.0, 1.0, 1.25, 19.5, 9999.0, 9999.0, 9999.0, 119.75, 123.0, 118.75, 102.0, 134.0
2023-04-06, 10:16:53, 131.25, 51.25, 18.75, 26.0, 9999.0, 0.75, 1.25, 19.5, 9999.0, 9999.0, 9999.0, 119.75, 123.0, 118.75, 102.0, 134.0
2023-04-06, 10:16:58, 131.25, 51.0, 18.25, 25.0, 9999.0, 1.0, 1.25, 19.5, 9999.0, 9999.0, 9999.0, 119.5, 123.0, 118.75, 102.25, 134.0
2023-04-06, 10:17:02, 131.25, 51.25, 19.0, 25.75, 9999.0, 1.0, 1.25, 19.5, 9999.0, 9999.0, 9999.0, 119.5, 123.0, 118.75, 102.0, 134.0
2023-04-06, 10:17:06, 131.25, 51.25, 19.0, 26.0, 9999.0, 1.0, 1.25, 19.5, 9999.0, 9999.0, 9999.0, 119.5, 123.0, 118.75, 102.25, 134.0
2023-04-06, 10:17:10, 131.25, 51.0, 19.0, 24.25, 9999.0, -0.25, -3.25, 19.5, 9999.0, 9999.0, 9999.0, 119.5, 123.0, 118.75, 102.0, 134.0
2023-04-06, 10:17:14, 131.25, 51.25, 19.0, 26.0, 9999.0, 1.0, 1.25, 19.5, 9999.0, 9999.0, 9999.0, 119.25, 123.0, 118.75, 102.0, 133.75
2023-04-06, 10:17:18, 131.25, 51.25, 19.0, 25.75, 9999.0, 1.0, 1.25, 19.5, 9999.0, 9999.0, 9999.0, 119.25, 123.0, 118.75, 102.0, 134.0
2023-04-06, 10:17:22, 131.25, 51.25, 19.0, 25.75, 9999.0, 0.0, 1.0, 18.25, 9999.0, 9999.0, 9999.0, 119.25, 123.0, 118.75, 102.0, 134.0
2023-04-06, 10:17:26, 131.25, 51.25, 19.0, 25.75, 9999.0, 1.25, 1.25, 19.5, 9999.0, 9999.0, 9999.0, 119.25, 123.0, 118.75, 102.0, 134.0
2023-04-06, 10:17:30, 131.25, 51.25, 18.75, 25.75, 9999.0, 1.25, 1.25, 19.5, 9999.0, 9999.0, 9999.0, 120.0, 122.75, 118.75, 102.0, 134.0
2023-04-06, 10:17:34, 131.25, 51.25, 18.75, 25.75, 9999.0, 1.25, 0.75, 19.0, 9999.0, 9999.0, 9999.0, 120.0, 123.0, 118.75, 102.0, 134.0
2023-04-06, 10:17:38, 131.25, 51.25, 19.0, 25.75, 9999.0, 1.25, 1.25, 19.5, 9999.0, 9999.0, 9999.0, 120.0, 123.0, 118.75, 102.0, 134.0
2023-04-06, 10:17:42, 131.25, 51.25, 19.0, 25.75, 9999.0, 1.25, 1.25, 19.5, 9999.0, 9999.0, 9999.0, 120.0, 123.0, 118.75, 102.0, 133.75
2023-04-06, 10:17:46, 131.25, 51.0, 19.0, 25.75, 9999.0, 1.0, 1.25, 19.5, 9999.0, 9999.0, 9999.0, 116.75, 122.75, 118.75, 102.25, 133.75
2023-04-06, 10:17:50, 131.25, 51.25, 19.0, 25.75, 9999.0, 1.0, 1.25, 19.5, 9999.0, 9999.0, 9999.0, 119.75, 123.0, 118.75, 102.0, 134.0
2023-04-06, 10:17:54, 131.25, 51.25, 19.0, 25.75, 9999.0, 1.0, 1.25, 19.5, 9999.0, 9999.0, 9999.0, 119.75, 123.0, 118.75, 102.0, 133.75
2023-04-06, 10:17:58, 131.25, 51.0, 19.0, 25.75, 9999.0, 1.0, 1.25, 19.5, 9999.0, 9999.0, 9999.0, 119.5, 121.75, 117.75, 102.0, 133.75
2023-04-06, 10:18:02, 131.25, 51.0, 19.0, 26.0, 9999.0, 1.0, 1.25, 19.5, 9999.0, 9999.0, 9999.0, 119.75, 123.0, 118.75, 102.0, 134.0
2023-04-06, 10:18:06, 131.25, 51.25, 19.0, 26.0, 9999.0, 1.0, 1.25, 19.5, 9999.0, 9999.0, 9999.0, 119.75, 123.0, 118.75, 102.0, 134.0
2023-04-06, 10:18:10, 131.25, 51.0, 19.0, 25.75, 9999.0, 1.0, 1.25, 19.5, 9999.0, 9999.0, 9999.0, 119.5, 122.25, 118.0, 101.0, 132.75
2023-04-06, 10:18:14, 131.25, 51.25, 19.0, 25.75, 9999.0, 1.0, 1.25, 19.5, 9999.0, 9999.0, 9999.0, 119.75, 123.0, 118.75, 102.0, 134.0
2023-04-06, 10:18:18, 131.25, 51.25, 19.0, 26.0, 9999.0, 1.0, 1.25, 19.5, 9999.0, 9999.0, 9999.0, 119.5, 123.0, 118.75, 102.0, 133.75
2023-04-06, 10:18:22, 131.25, 51.0, 19.0, 25.75, 9999.0, 1.0, 1.25, 19.5, 9999.0, 9999.0, 9999.0, 119.5, 123.0, 117.25, 101.75, 132.25
2023-04-06, 10:18:26, 127.25, 51.0, 19.0, 25.75, 9999.0, 1.0, 1.25, 19.5, 9999.0, 9999.0, 9999.0, 119.5, 123.0, 118.5, 102.0, 134.0
2023-04-06, 10:18:30, 131.25, 51.25, 19.0, 25.75, 9999.0, 1.0, 1.25, 19.5, 9999.0, 9999.0, 9999.0, 119.5, 123.0, 118.75, 102.0, 134.0
2023-04-06, 10:18:34, 131.25, 51.25, 19.0, 25.75, 9999.0, 1.0, 1.25, 19.5, 9999.0, 9999.0, 9999.0, 119.25, 123.0, 118.75, 102.0, 132.5
2023-04-06, 10:18:38, 131.0, 49.5, 17.0, 25.75, 9999.0, 1.0, 1.25, 19.5, 9999.0, 9999.0, 9999.0, 119.25, 123.0, 118.75, 102.0, 133.75
2023-04-06, 10:18:42, 131.25, 51.0, 19.0, 25.75, 9999.0, 1.25, 1.25, 19.5, 9999.0, 9999.0, 9999.0, 119.25, 123.0, 118.75, 102.0, 134.0
2023-04-06, 10:18:46, 131.25, 51.0, 19.0, 26.0, 9999.0, 1.25, 1.25, 19.5, 9999.0, 9999.0, 9999.0, 119.25, 122.75, 118.75, 102.0, 134.0
2023-04-06, 10:18:50, 131.25, 50.5, 18.5, 23.75, 9999.0, 1.25, 1.25, 19.5, 9999.0, 9999.0, 9999.0, 120.0, 123.0, 118.75, 102.0, 134.0
2023-04-06, 10:18:54, 131.25, 51.25, 19.0, 25.75, 9999.0, 1.25, 1.25, 19.5, 9999.0, 9999.0, 9999.0, 120.0, 123.0, 118.75, 102.0, 134.0
2023-04-06, 10:18:58, 131.25, 51.0, 19.0, 26.0, 9999.0, 1.25, 1.25, 19.5, 9999.0, 9999.0, 9999.0, 120.0, 123.0, 118.75, 102.0, 133.75
2023-04-06, 10:19:02, 131.25, 51.25, 17.5, 25.25, 9999.0, -3.25, 1.25, 19.5, 9999.0, 9999.0, 9999.0, 119.75, 123.0, 118.75, 102.0, 134.0
2023-04-06, 10:19:06, 131.25, 51.0, 19.0, 25.5, 9999.0, 1.25, 1.25, 19.5, 9999.0, 9999.0, 9999.0, 119.75, 122.75, 118.75, 102.0, 133.75
2023-04-06, 10:19:10, 131.25, 51.0, 18.75, 25.75, 9999.0, 1.0, 1.25, 19.5, 9999.0, 9999.0, 9999.0, 119.75, 123.0, 118.75, 102.0, 134.0
2023-04-06, 10:19:14, 131.25, 51.0, 19.0, 26.0, 9999.0, 0.75, 0.25, 18.75, 9999.0, 9999.0, 9999.0, 119.75, 123.0, 118.75, 102.0, 134.0
2023-04-06, 10:19:18, 131.25, 51.0, 18.75, 25.75, 9999.0, 1.0, 1.25, 19.5, 9999.0, 9999.0, 9999.0, 119.75, 123.0, 118.75, 102.0, 134.0
2023-04-06, 10:19:22, 131.25, 51.25, 19.0, 25.75, 9999.0, 1.0, 1.25, 19.5, 9999.0, 9999.0, 9999.0, 119.5, 123.0, 118.75, 102.0, 133.75
2023-04-06, 10:19:26, 131.25, 51.25, 19.0, 26.0, 9999.0, 0.75, 0.5, 18.75, 9999.0, 9999.0, 9999.0, 119.75, 123.25, 118.75, 102.0, 134.0
2023-04-06, 10:19:30, 131.25, 51.25, 19.0, 26.0, 9999.0, 1.0, 1.25, 19.5, 9999.0, 9999.0, 9999.0, 119.5, 123.0, 118.75, 102.0, 134.0
2023-04-06, 10:19:34, 131.25, 51.25, 19.0, 25.75, 9999.0, 1.0, 1.25, 19.5, 9999.0, 9999.0, 9999.0, 119.5, 123.0, 118.5, 102.0, 134.0
2023-04-06, 10:19:38, 131.25, 51.25, 19.0, 26.0, 9999.0, 1.0, 1.25, 19.0, 9999.0, 9999.0, 9999.0, 119.5, 123.0, 118.75, 102.0, 134.0
2023-04-06, 10:19:42, 131.25, 51.25, 19.0, 26.0, 9999.0, 1.0, 1.25, 19.5, 9999.0, 9999.0, 9999.0, 119.5, 123.0, 118.75, 102.0, 134.0
2023-04-06, 10:19:46, 131.25, 51.25, 19.0, 25.75, 9999.0, 1.0, 1.25, 19.5, 9999.0, 9999.0, 9999.0, 119.5, 123.0, 118.75, 102.0, 133.75
2023-04-06, 10:19:50, 131.25, 51.25, 19.0, 25.75, 9999.0, 1.0, 1.25, 19.5, 9999.0, 9999.0, 9999.0, 117.75, 121.0, 118.75, 102.0, 134.0
2023-04-06, 10:19:54, 131.25, 51.0, 19.0, 26.0, 9999.0, 1.0, 1.25, 19.5, 9999.0, 9999.0, 9999.0, 119.25, 123.0, 118.75, 102.0, 134.0
2023-04-06, 10:19:58, 131.25, 51.25, 19.0, 26.0, 9999.0, 1.0, 1.25, 19.5, 9999.0, 9999.0, 9999.0, 119.25, 123.0, 118.75, 102.0, 134.0
2023-04-06, 10:20:02, 131.0, 51.0, 19.0, 26.0, 9999.0, 1.25, 1.25, 19.5, 9999.0, 9999.0, 9999.0, 118.5, 122.5, 117.25, 102.0, 134.0
2023-04-06, 10:20:06, 131.25, 51.25, 19.0, 26.0, 9999.0, 1.25, 1.25, 19.5, 9999.0, 9999.0, 9999.0, 119.25, 123.0, 118.75, 102.0, 134.0
2023-04-06, 10:20:10, 131.25, 51.0, 19.0, 26.0, 9999.0, 1.25, 1.25, 19.5, 9999.0, 9999.0, 9999.0, 120.0, 123.0, 118.75, 102.0, 134.0
2023-04-06, 10:20:14, 131.25, 51.0, 19.0, 25.75, 9999.0, 1.25, 1.25, 19.5, 9999.0, 9999.0, 9999.0, 120.0, 121.25, 118.25, 101.0, 127.75
2023-04-06, 10:20:18, 131.25, 51.25, 19.0, 26.0, 9999.0, 1.0, 1.25, 19.5, 9999.0, 9999.0, 9999.0, 119.75, 123.0, 118.75, 102.0, 134.0
2023-04-06, 10:20:22, 131.25, 51.25, 19.0, 26.0, 9999.0, 1.0, 1.25, 19.5, 9999.0, 9999.0, 9999.0, 119.75, 123.0, 118.75, 102.0, 134.0
2023-04-06, 10:20:26, 131.25, 51.25, 19.0, 26.0, 9999.0, 1.0, 1.25, 19.5, 9999.0, 9999.0, 9999.0, 119.75, 123.0, 118.75, 101.0, 133.5
2023-04-06, 10:20:30, 130.0, 50.5, 19.0, 26.0, 9999.0, 1.0, 1.25, 19.5, 9999.0, 9999.0, 9999.0, 119.75, 123.0, 118.75, 102.0, 134.0
2023-04-06, 10:20:34, 131.25, 51.0, 19.0, 26.0, 9999.0, 1.0, 1.25, 19.5, 9999.0, 9999.0, 9999.0, 119.5, 123.0, 118.75, 102.0, 134.0
2023-04-06, 10:20:38, 131.25, 51.25, 19.0, 26.0, 9999.0, 1.0, 1.25, 19.5, 9999.0, 9999.0, 9999.0, 119.75, 123.0, 118.75, 102.0, 133.5
2023-04-06, 10:20:42, 130.5, 50.75, 17.5, 25.25, 9999.0, 1.0, 1.25, 19.5, 9999.0, 9999.0, 9999.0, 119.75, 123.0, 118.75, 102.0, 134.0
2023-04-06, 10:20:46, 131.25, 51.0, 19.0, 26.0, 9999.0, 1.0, 1.25, 19.5, 9999.0, 9999.0, 9999.0, 119.5, 123.0, 118.75, 102.0, 134.0
2023-04-06, 10:20:50, 131.25, 51.25, 19.0, 26.0, 9999.0, 1.0, 1.25, 19.5, 9999.0, 9999.0, 9999.0, 119.5, 123.0, 118.75, 102.0, 134.0
2023-04-06, 10:20:54, 131.25, 50.25, 18.75, 24.25, 9999.0, 1.0, 1.25, 19.5, 9999.0, 9999.0, 9999.0, 119.5, 123.0, 118.75, 102.0, 134.0
2023-04-06, 10:20:58, 131.25, 51.0, 18.75, 25.75, 9999.0, 1.0, 1.25, 19.5, 9999.0, 9999.0, 9999.0, 119.5, 123.0, 118.75, 102.0, 134.0
2023-04-06, 10:21:02, 131.25, 51.25, 19.0, 26.0, 9999.0, 0.75, 1.25, 19.5, 9999.0, 9999.0, 9999.0, 119.5, 123.0, 118.75, 102.0, 133.75
2023-04-06, 10:21:06, 131.25, 51.25, 19.0, 24.75, 9999.0, -0.75, -0.25, 19.5, 9999.0, 9999.0, 9999.0, 119.25, 123.0, 118.75, 102.0, 134.0
2023-04-06, 10:21:10, 131.25, 51.0, 19.0, 26.0, 9999.0, 1.0, 1.25, 19.5, 9999.0, 9999.0, 9999.0, 119.25, 123.0, 118.75, 102.0, 134.0
2023-04-06, 10:21:14, 131.25, 51.0, 19.0, 26.0, 9999.0, 1.0, 1.25, 19.5, 9999.0, 9999.0, 9999.0, 119.25, 123.0, 118.75, 102.0, 134.0
2023-04-06, 10:21:18, 131.25, 51.25, 19.0, 26.0, 9999.0, 0.25, 0.75, 18.25, 9999.0, 9999.0, 9999.0, 119.25, 123.0, 118.75, 102.0, 134.0
2023-04-06, 10:21:22, 131.25, 51.25, 19.0, 25.75, 9999.0, 1.25, 1.25, 19.5, 9999.0, 9999.0, 9999.0, 119.25, 123.0, 118.75, 102.0, 134.0
2023-04-06, 10:21:27, 131.25, 51.0, 19.0, 25.75, 9999.0, 1.25, 1.25, 19.5, 9999.0, 9999.0, 9999.0, 120.0, 122.75, 118.75, 102.0, 134.0
2023-04-06, 10:21:31, 131.25, 51.0, 19.0, 26.0, 9999.0, 1.25, -0.25, 19.0, 9999.0, 9999.0, 9999.0, 120.0, 123.0, 118.75, 102.0, 133.75
2023-04-06, 10:21:35, 131.25, 51.0, 19.0, 26.0, 9999.0, 1.25, 1.25, 19.5, 9999.0, 9999.0, 9999.0, 119.75, 123.0, 118.75, 102.0, 133.75
2023-04-06, 10:21:39, 131.0, 51.0, 19.0, 26.0, 9999.0, 1.25, 1.25, 19.5, 9999.0, 9999.0, 9999.0, 119.75, 123.0, 118.5, 102.0, 133.75
2023-04-06, 10:21:43, 131.25, 51.0, 18.75, 26.0, 9999.0, 1.0, 1.25, 19.5, 9999.0, 9999.0, 9999.0, 116.75, 123.0, 118.75, 102.0, 134.0
2023-04-06, 10:21:47, 131.25, 51.0, 18.75, 25.75, 9999.0, 1.0, 1.25, 19.5, 9999.0, 9999.0, 9999.0, 119.75, 123.0, 118.75, 102.0, 133.75
2023-04-06, 10:21:51, 131.25, 51.25, 19.0, 25.75, 9999.0, 1.0, 1.25, 19.5, 9999.0, 9999.0, 9999.0, 119.75, 123.0, 118.75, 102.0, 133.75
2023-04-06, 10:21:55, 131.0, 51.0, 19.0, 26.0, 9999.0, 1.0, 1.25, 19.5, 9999.0, 9999.0, 9999.0, 119.25, 121.5, 118.25, 102.0, 133.75
2023-04-06, 10:21:59, 131.25, 51.25, 19.0, 26.0, 9999.0, 1.0, 1.25, 19.5, 9999.0, 9999.0, 9999.0, 119.5, 123.25, 118.5, 102.0, 133.75
2023-04-06, 10:22:03, 131.25, 51.0, 19.0, 26.0, 9999.0, 1.0, 1.25, 19.5, 9999.0, 9999.0, 9999.0, 119.5, 123.25, 118.75, 102.0, 133.75
2023-04-06, 10:22:07, 131.0, 51.0, 18.75, 26.0, 9999.0, 1.0, 1.25, 19.5, 9999.0, 9999.0, 9999.0, 118.25, 122.25, 117.5, 99.75, 133.75
2023-04-06, 10:22:11, 131.25, 51.0, 19.0, 26.0, 9999.0, 1.0, 1.25, 19.5, 9999.0, 9999.0, 9999.0, 119.5, 123.0, 118.75, 102.0, 133.75
2023-04-06, 10:22:15, 131.25, 51.0, 19.0, 26.0, 9999.0, 1.0, 1.25, 19.5, 9999.0, 9999.0, 9999.0, 119.5, 123.25, 118.75, 102.0, 133.75
2023-04-06, 10:22:19, 131.25, 51.25, 18.75, 26.0, 9999.0, 1.0, 1.25, 19.5, 9999.0, 9999.0, 9999.0, 119.25, 123.0, 117.75, 102.0, 132.5
2023-04-06, 10:22:23, 129.75, 51.0, 19.0, 26.0, 9999.0, 1.0, 1.25, 19.5, 9999.0, 9999.0, 9999.0, 119.25, 123.0, 118.75, 102.0, 133.75
2023-04-06, 10:22:27, 131.25, 51.0, 19.0, 25.75, 9999.0, 0.75, 1.25, 19.5, 9999.0, 9999.0, 9999.0, 119.25, 123.0, 118.75, 102.0, 133.75
2023-04-06, 10:22:31, 131.25, 51.0, 19.0, 26.0, 9999.0, 1.0, 1.25, 19.5, 9999.0, 9999.0, 9999.0, 119.25, 123.0, 118.75, 102.0, 132.75
2023-04-06, 10:22:35, 130.5, 49.75, 18.25, 25.75, 9999.0, 1.0, 1.25, 19.5, 9999.0, 9999.0, 9999.0, 119.25, 123.0, 118.75, 102.0, 134.0
2023-04-06, 10:22:39, 131.25, 51.0, 19.0, 25.75, 9999.0, 1.25, 1.25, 19.5, 9999.0, 9999.0, 9999.0, 119.25, 123.0, 118.75, 102.0, 133.75
2023-04-06, 10:22:43, 131.25, 51.0, 19.0, 25.75, 9999.0, 1.25, 1.0, 19.5, 9999.0, 9999.0, 9999.0, 119.25, 123.0, 118.75, 102.0, 133.75
2023-04-06, 10:22:47, 130.75, 50.75, 17.75, 20.75, 9999.0, 1.25, 1.25, 19.5, 9999.0, 9999.0, 9999.0, 120.0, 123.0, 118.75, 102.0, 133.75
2023-04-06, 10:22:51, 131.25, 51.0, 18.75, 26.0, 9999.0, 1.25, 1.25, 19.5, 9999.0, 9999.0, 9999.0, 119.75, 123.0, 118.75, 102.0, 133.75
2023-04-06, 10:22:55, 131.25, 51.0, 18.75, 26.0, 9999.0, 1.0, 1.25, 19.5, 9999.0, 9999.0, 9999.0, 119.75, 123.0, 118.75, 102.0, 133.75
2023-04-06, 10:22:59, 131.0, 51.0, 17.75, 25.75, 9999.0, -1.25, 1.25, 19.5, 9999.0, 9999.0, 9999.0, 119.75, 123.0, 118.75, 102.0, 134.0
2023-04-06, 10:23:03, 131.25, 51.0, 19.0, 26.0, 9999.0, 1.0, 1.25, 19.5, 9999.0, 9999.0, 9999.0, 119.75, 123.0, 118.75, 102.0, 133.75
2023-04-06, 10:23:07, 131.25, 51.0, 19.0, 26.0, 9999.0, 1.0, 1.25, 19.5, 9999.0, 9999.0, 9999.0, 119.5, 123.0, 118.5, 102.0, 133.75
2023-04-06, 10:23:11, 131.25, 51.0, 19.0, 25.75, 9999.0, 0.75, -0.25, 19.25, 9999.0, 9999.0, 9999.0, 119.5, 123.0, 118.5, 102.0, 133.75
2023-04-06, 10:23:15, 131.0, 51.0, 18.75, 25.75, 9999.0, 1.0, 1.25, 19.5, 9999.0, 9999.0, 9999.0, 119.5, 123.0, 118.5, 102.0, 133.75
2023-04-06, 10:23:19, 131.0, 51.0, 18.75, 25.75, 9999.0, 1.0, 1.25, 19.5, 9999.0, 9999.0, 9999.0, 119.5, 123.0, 118.75, 102.0, 133.75
2023-04-06, 10:23:23, 131.25, 51.0, 18.75, 26.0, 9999.0, -0.25, 0.5, 18.25, 9999.0, 9999.0, 9999.0, 119.5, 123.0, 118.75, 102.0, 134.0
2023-04-06, 10:23:27, 131.0, 51.0, 18.75, 26.0, 9999.0, 1.0, 1.25, 19.5, 9999.0, 9999.0, 9999.0, 119.5, 123.0, 118.75, 102.0, 133.75
2023-04-06, 10:23:31, 131.25, 51.0, 19.0, 26.0, 9999.0, 1.0, 1.25, 19.5, 9999.0, 9999.0, 9999.0, 119.5, 123.0, 118.5, 102.0, 133.75
2023-04-06, 10:23:35, 131.0, 51.0, 18.75, 26.0, 9999.0, 0.75, 1.25, 18.25, 9999.0, 9999.0, 9999.0, 119.25, 123.0, 118.75, 102.0, 133.75
2023-04-06, 10:23:39, 131.25, 51.0, 19.0, 26.0, 9999.0, 1.0, 1.25, 19.5, 9999.0, 9999.0, 9999.0, 119.25, 123.0, 118.5, 102.0, 134.0
2023-04-06, 10:23:43, 131.25, 51.0, 19.0, 25.75, 9999.0, 0.75, 1.25, 19.5, 9999.0, 9999.0, 9999.0, 119.25, 123.0, 118.5, 102.0, 133.75
2023-04-06, 10:23:47, 131.0, 51.0, 19.0, 25.75, 9999.0, 0.75, 1.25, 19.5, 9999.0, 9999.0, 9999.0, 118.0, 122.25, 118.75, 102.0, 133.75
2023-04-06, 10:23:51, 131.25, 51.0, 19.0, 25.75, 9999.0, 1.0, 1.25, 19.5, 9999.0, 9999.0, 9999.0, 119.25, 123.0, 118.75, 102.0, 133.75
2023-04-06, 10:23:55, 131.0, 51.0, 19.0, 25.75, 9999.0, 1.0, 1.25, 19.5, 9999.0, 9999.0, 9999.0, 119.25, 123.0, 118.75, 102.0, 133.75
2023-04-06, 10:23:59, 131.0, 51.0, 19.0, 25.75, 9999.0, 1.25, 1.25, 19.5, 9999.0, 9999.0, 9999.0, 118.75, 122.25, 117.5, 102.0, 133.75
2023-04-06, 10:24:03, 131.25, 51.0, 19.0, 26.0, 9999.0, 1.25, 1.25, 19.5, 9999.0, 9999.0, 9999.0, 119.0, 123.0, 118.75, 102.0, 133.75
2023-04-06, 10:24:07, 131.0, 51.0, 19.0, 26.0, 9999.0, 1.25, 1.25, 19.5, 9999.0, 9999.0, 9999.0, 119.75, 123.0, 118.75, 102.0, 133.75
2023-04-06, 10:24:11, 131.0, 51.0, 18.75, 26.0, 9999.0, 1.25, 1.25, 19.5, 9999.0, 9999.0, 9999.0, 120.0, 121.75, 118.5, 101.0, 129.5
2023-04-06, 10:24:15, 131.0, 51.0, 19.0, 26.0, 9999.0, 1.0, 1.25, 19.5, 9999.0, 9999.0, 9999.0, 119.75, 123.0, 118.75, 102.0, 133.75
2023-04-06, 10:24:19, 131.0, 51.0, 18.75, 26.0, 9999.0, 1.0, 1.25, 19.5, 9999.0, 9999.0, 9999.0, 119.75, 123.0, 118.75, 102.0, 133.75
2023-04-06, 10:24:23, 131.0, 51.25, 19.0, 25.75, 9999.0, 1.0, 1.25, 19.5, 9999.0, 9999.0, 9999.0, 119.5, 123.0, 118.75, 101.25, 133.5
2023-04-06, 10:24:27, 129.75, 50.25, 19.0, 26.0, 9999.0, 1.0, 1.25, 19.5, 9999.0, 9999.0, 9999.0, 119.75, 123.0, 118.75, 102.0, 133.75
2023-04-06, 10:24:31, 131.0, 51.0, 19.0, 26.0, 9999.0, 1.0, 1.25, 19.5, 9999.0, 9999.0, 9999.0, 119.5, 123.0, 118.75, 102.0, 133.75
2023-04-06, 10:24:35, 131.0, 51.0, 18.75, 26.0, 9999.0, 0.75, 1.25, 19.5, 9999.0, 9999.0, 9999.0, 119.5, 123.0, 118.5, 102.0, 133.0
2023-04-06, 10:24:39, 130.25, 50.5, 17.0, 25.5, 9999.0, 1.0, 1.25, 19.5, 9999.0, 9999.0, 9999.0, 119.5, 123.25, 118.75, 102.0, 133.75
2023-04-06, 10:24:43, 131.0, 51.0, 19.0, 26.0, 9999.0, 1.0, 1.25, 19.5, 9999.0, 9999.0, 9999.0, 119.5, 123.25, 118.5, 102.0, 133.75
2023-04-06, 10:24:47, 131.0, 51.0, 19.0, 26.0, 9999.0, 1.0, 1.25, 19.5, 9999.0, 9999.0, 9999.0, 119.5, 123.25, 118.75, 102.0, 133.75
2023-04-06, 10:24:51, 131.0, 49.75, 18.75, 24.75, 9999.0, 0.75, 1.25, 19.5, 9999.0, 9999.0, 9999.0, 119.5, 123.0, 118.75, 102.0, 133.75
2023-04-06, 10:24:55, 131.0, 51.0, 19.0, 26.0, 9999.0, 1.0, 1.25, 19.5, 9999.0, 9999.0, 9999.0, 119.5, 123.0, 118.75, 102.0, 133.75
2023-04-06, 10:24:59, 131.0, 51.0, 19.0, 26.0, 9999.0, 1.0, 1.25, 19.5, 9999.0, 9999.0, 9999.0, 119.25, 123.25, 118.75, 102.0, 133.75
2023-04-06, 10:25:03, 131.0, 51.0, 18.75, 25.25, 9999.0, -0.75, 0.25, 19.5, 9999.0, 9999.0, 9999.0, 119.25, 123.0, 118.5, 102.0, 133.75
2023-04-06, 10:25:07, 131.25, 51.0, 19.0, 26.0, 9999.0, 0.75, 1.25, 19.5, 9999.0, 9999.0, 9999.0, 119.25, 123.0, 118.75, 102.0, 134.0
2023-04-06, 10:25:11, 131.0, 51.25, 19.0, 25.75, 9999.0, 1.0, 1.25, 19.5, 9999.0, 9999.0, 9999.0, 119.0, 123.0, 118.75, 102.0, 133.75
2023-04-06, 10:25:15, 131.0, 51.0, 19.0, 25.75, 9999.0, 0.25, 0.5, 18.25, 9999.0, 9999.0, 9999.0, 119.25, 123.0, 118.75, 102.0, 133.75
2023-04-06, 10:25:19, 131.0, 51.0, 19.0, 26.0, 9999.0, 1.25, 1.25, 19.5, 9999.0, 9999.0, 9999.0, 119.25, 123.0, 118.75, 102.0, 133.75
2023-04-06, 10:25:23, 131.0, 51.0, 18.75, 26.0, 9999.0, 1.25, 1.25, 19.5, 9999.0, 9999.0, 9999.0, 119.0, 123.0, 118.75, 102.0, 133.75
2023-04-06, 10:25:27, 131.0, 51.0, 18.75, 26.0, 9999.0, 1.0, 1.25, 19.5, 9999.0, 9999.0, 9999.0, 119.75, 123.0, 118.75, 100.75, 133.25
2023-04-06, 10:25:31, 130.0, 45.75, 18.75, 25.75, 9999.0, 1.0, 1.25, 19.5, 9999.0, 9999.0, 9999.0, 119.75, 123.0, 118.75, 102.0, 133.75
2023-04-06, 10:25:35, 131.0, 51.0, 18.75, 26.0, 9999.0, 1.0, 1.25, 19.5, 9999.0, 9999.0, 9999.0, 119.75, 123.0, 118.75, 102.0, 133.75
2023-04-06, 10:25:39, 131.0, 51.0, 19.0, 26.0, 9999.0, 1.0, 1.25, 19.5, 9999.0, 9999.0, 9999.0, 119.75, 122.75, 118.5, 102.0, 133.75
2023-04-06, 10:25:43, 131.0, 51.0, 19.0, 26.0, 9999.0, 1.0, 1.25, 19.5, 9999.0, 9999.0, 9999.0, 116.0, 122.75, 118.75, 102.0, 133.75
2023-04-06, 10:25:47, 131.0, 51.0, 19.0, 26.0, 9999.0, 1.0, 1.25, 19.5, 9999.0, 9999.0, 9999.0, 119.5, 122.75, 118.5, 102.0, 133.75
2023-04-06, 10:25:52, 131.0, 51.0, 19.0, 25.75, 9999.0, 1.0, 1.25, 19.5, 9999.0, 9999.0, 9999.0, 119.5, 122.75, 118.5, 102.0, 133.75
2023-04-06, 10:25:56, 131.0, 51.0, 18.75, 26.0, 9999.0, 1.0, 1.25, 19.25, 9999.0, 9999.0, 9999.0, 119.5, 123.0, 118.5, 102.0, 133.75
2023-04-06, 10:26:00, 131.0, 51.0, 18.25, 25.5, 9999.0, 0.25, 1.25, 19.5, 9999.0, 9999.0, 9999.0, 119.5, 123.0, 118.5, 102.0, 133.75
2023-04-06, 10:26:04, 131.0, 51.0, 18.75, 26.0, 9999.0, 1.0, 1.25, 19.5, 9999.0, 9999.0, 9999.0, 119.5, 123.0, 118.5, 102.0, 133.75
2023-04-06, 10:26:08, 131.0, 51.0, 19.0, 26.0, 9999.0, 1.0, 1.25, 19.5, 9999.0, 9999.0, 9999.0, 119.5, 123.0, 118.5, 102.0, 133.75
2023-04-06, 10:26:12, 131.0, 50.75, 18.75, 26.0, 9999.0, 0.75, 1.25, 19.5, 9999.0, 9999.0, 9999.0, 119.0, 122.0, 117.75, 100.75, 133.0
2023-04-06, 10:26:16, 131.0, 51.0, 18.75, 25.75, 9999.0, 0.75, 1.25, 19.5, 9999.0, 9999.0, 9999.0, 119.25, 123.0, 118.5, 102.0, 133.75
2023-04-06, 10:26:20, 131.0, 51.0, 19.0, 25.5, 9999.0, 1.0, 1.0, 19.5, 9999.0, 9999.0, 9999.0, 119.25, 123.0, 118.5, 102.0, 133.75
2023-04-06, 10:26:24, 131.0, 51.25, 19.0, 25.75, 9999.0, 0.75, 1.25, 19.5, 9999.0, 9999.0, 9999.0, 119.25, 123.0, 118.5, 102.0, 133.75
2023-04-06, 10:26:28, 131.25, 51.0, 19.0, 25.75, 9999.0, 0.25, 1.0, 18.5, 9999.0, 9999.0, 9999.0, 119.25, 123.0, 118.75, 102.0, 133.75
2023-04-06, 10:26:32, 131.0, 51.0, 19.0, 25.5, 9999.0, 1.0, 1.25, 19.5, 9999.0, 9999.0, 9999.0, 119.25, 123.0, 118.5, 102.0, 133.75
2023-04-06, 10:26:36, 131.0, 51.0, 19.0, 25.5, 9999.0, 1.0, 1.25, 19.5, 9999.0, 9999.0, 9999.0, 119.25, 123.0, 118.5, 102.0, 133.75
2023-04-06, 10:26:40, 131.0, 51.0, 19.0, 25.75, 9999.0, 1.0, 1.25, 19.5, 9999.0, 9999.0, 9999.0, 119.0, 122.75, 118.5, 102.0, 132.0
2023-04-06, 10:26:44, 130.75, 49.75, 16.5, 25.75, 9999.0, 1.25, 1.25, 19.5, 9999.0, 9999.0, 9999.0, 119.0, 122.75, 118.5, 102.0, 133.75
2023-04-06, 10:26:48, 131.0, 51.25, 19.0, 25.75, 9999.0, 1.25, 1.25, 19.5, 9999.0, 9999.0, 9999.0, 119.75, 123.0, 118.5, 102.0, 133.75
2023-04-06, 10:26:52, 131.0, 51.0, 18.75, 25.75, 9999.0, 1.0, 1.25, 19.5, 9999.0, 9999.0, 9999.0, 119.75, 122.75, 118.5, 102.0, 133.75
2023-04-06, 10:26:56, 131.0, 51.0, 19.0, 25.75, 9999.0, 1.0, 1.25, 19.5, 9999.0, 9999.0, 9999.0, 117.0, 122.75, 118.5, 102.0, 133.75
2023-04-06, 10:27:00, 131.0, 51.0, 19.0, 26.0, 9999.0, 1.0, 1.25, 19.5, 9999.0, 9999.0, 9999.0, 119.75, 122.75, 118.5, 102.0, 133.75
2023-04-06, 10:27:04, 131.0, 51.0, 19.0, 26.0, 9999.0, 1.0, 1.25, 19.5, 9999.0, 9999.0, 9999.0, 119.5, 122.75, 118.5, 102.0, 133.75
2023-04-06, 10:27:08, 131.0, 51.0, 18.75, 25.75, 9999.0, 1.0, 1.25, 19.5, 9999.0, 9999.0, 9999.0, 119.5, 122.75, 118.5, 102.0, 133.75
2023-04-06, 10:27:12, 131.0, 49.75, 18.75, 24.25, 9999.0, 1.0, 1.25, 19.5, 9999.0, 9999.0, 9999.0, 119.5, 122.75, 118.5, 102.0, 133.75
2023-04-06, 10:27:16, 131.0, 51.0, 19.0, 25.75, 9999.0, 1.0, 1.25, 19.5, 9999.0, 9999.0, 9999.0, 119.5, 123.0, 118.5, 102.0, 133.75
2023-04-06, 10:27:20, 131.0, 51.0, 19.0, 26.0, 9999.0, 1.0, 1.25, 19.5, 9999.0, 9999.0, 9999.0, 119.5, 123.0, 118.5, 102.0, 133.75
2023-04-06, 10:27:24, 131.0, 51.0, 19.0, 25.75, 9999.0, 1.0, 1.25, 19.5, 9999.0, 9999.0, 9999.0, 119.25, 121.5, 118.0, 102.0, 133.75
2023-04-06, 10:27:28, 131.25, 51.0, 19.0, 25.75, 9999.0, 1.0, 1.25, 19.5, 9999.0, 9999.0, 9999.0, 119.5, 123.0, 118.5, 102.0, 133.75
2023-04-06, 10:27:32, 131.0, 51.25, 18.75, 25.75, 9999.0, 0.75, 1.25, 19.5, 9999.0, 9999.0, 9999.0, 119.25, 123.0, 118.5, 102.0, 133.75
2023-04-06, 10:27:36, 131.0, 51.25, 19.0, 25.75, 9999.0, 1.0, 1.25, 19.5, 9999.0, 9999.0, 9999.0, 119.25, 123.0, 118.5, 102.0, 133.75
2023-04-06, 10:27:40, 131.0, 51.0, 19.0, 25.0, 9999.0, -0.5, 0.5, 19.5, 9999.0, 9999.0, 9999.0, 119.25, 123.0, 118.5, 102.0, 133.75
2023-04-06, 10:27:44, 131.0, 51.0, 19.0, 25.75, 9999.0, 0.75, 1.25, 19.5, 9999.0, 9999.0, 9999.0, 119.25, 123.0, 118.5, 102.0, 133.75
2023-04-06, 10:27:48, 131.0, 51.0, 19.0, 26.0, 9999.0, 1.0, 1.25, 19.5, 9999.0, 9999.0, 9999.0, 119.25, 123.0, 118.5, 102.0, 133.75
2023-04-06, 10:27:52, 131.0, 51.0, 19.0, 26.0, 9999.0, 1.0, 1.25, 19.5, 9999.0, 9999.0, 9999.0, 119.0, 122.0, 118.25, 101.0, 132.5
2023-04-06, 10:27:56, 131.0, 51.0, 19.0, 26.0, 9999.0, 1.0, 1.25, 19.5, 9999.0, 9999.0, 9999.0, 119.25, 122.75, 118.5, 102.0, 133.75
2023-04-06, 10:28:00, 131.25, 51.25, 19.0, 25.75, 9999.0, 1.25, 1.25, 19.5, 9999.0, 9999.0, 9999.0, 119.25, 123.0, 118.5, 102.0, 133.75
2023-04-06, 10:28:04, 131.0, 51.25, 19.0, 25.75, 9999.0, 1.25, 1.25, 19.5, 9999.0, 9999.0, 9999.0, 119.75, 122.75, 118.5, 102.0, 133.75
2023-04-06, 10:28:08, 131.25, 51.0, 19.0, 25.75, 9999.0, 0.5, 0.75, 18.25, 9999.0, 9999.0, 9999.0, 119.75, 122.75, 118.5, 102.0, 133.75
2023-04-06, 10:28:12, 131.0, 51.25, 19.0, 26.0, 9999.0, 1.25, 1.25, 19.5, 9999.0, 9999.0, 9999.0, 119.75, 122.75, 118.5, 102.0, 133.75
2023-04-06, 10:28:16, 131.25, 51.0, 19.0, 26.0, 9999.0, 1.25, 1.25, 19.5, 9999.0, 9999.0, 9999.0, 119.75, 122.75, 118.5, 102.0, 133.75
2023-04-06, 10:28:20, 131.0, 51.25, 19.0, 25.75, 9999.0, 1.0, 1.25, 19.5, 9999.0, 9999.0, 9999.0, 119.5, 122.75, 118.5, 101.5, 133.0
2023-04-06, 10:28:24, 129.75, 51.0, 19.0, 25.75, 9999.0, 1.0, 1.25, 19.5, 9999.0, 9999.0, 9999.0, 119.75, 122.75, 118.5, 102.0, 133.75
2023-04-06, 10:28:28, 131.25, 51.25, 19.0, 25.75, 9999.0, 1.0, 1.25, 19.5, 9999.0, 9999.0, 9999.0, 119.5, 122.75, 118.5, 102.0, 133.75
2023-04-06, 10:28:32, 131.0, 51.25, 19.0, 26.25, 9999.0, 1.0, 1.25, 19.5, 9999.0, 9999.0, 9999.0, 119.5, 122.75, 118.5, 102.0, 133.75
2023-04-06, 10:28:36, 131.25, 51.0, 19.0, 26.25, 9999.0, 1.0, 1.25, 19.0, 9999.0, 9999.0, 9999.0, 119.5, 123.0, 118.5, 102.0, 133.75
2023-04-06, 10:28:40, 131.25, 51.25, 19.0, 25.75, 9999.0, 1.0, 1.25, 19.5, 9999.0, 9999.0, 9999.0, 119.5, 123.0, 118.5, 102.0, 133.75
2023-04-06, 10:28:44, 131.25, 51.0, 19.0, 26.0, 9999.0, 1.0, 1.25, 19.5, 9999.0, 9999.0, 9999.0, 119.5, 123.0, 118.5, 102.0, 133.75
2023-04-06, 10:28:48, 131.25, 51.25, 19.25, 26.0, 9999.0, 0.75, 1.25, 19.5, 9999.0, 9999.0, 9999.0, 119.5, 123.0, 118.5, 102.0, 133.75
2023-04-06, 10:28:52, 130.5, 50.5, 16.0, 25.75, 9999.0, 1.0, 1.25, 19.5, 9999.0, 9999.0, 9999.0, 119.5, 123.0, 118.5, 102.0, 133.75
2023-04-06, 10:28:56, 131.25, 51.25, 19.0, 26.0, 9999.0, 1.0, 1.25, 19.5, 9999.0, 9999.0, 9999.0, 119.25, 123.0, 118.5, 102.0, 133.75
2023-04-06, 10:29:00, 131.25, 51.25, 19.0, 26.0, 9999.0, 1.0, 1.25, 19.5, 9999.0, 9999.0, 9999.0, 119.25, 123.0, 118.5, 102.0, 133.75
2023-04-06, 10:29:04, 131.25, 51.0, 19.0, 26.0, 9999.0, 1.0, 1.25, 19.5, 9999.0, 9999.0, 9999.0, 116.25, 122.75, 118.5, 102.0, 133.75
2023-04-06, 10:29:08, 131.25, 51.25, 19.0, 26.0, 9999.0, 1.0, 1.25, 19.5, 9999.0, 9999.0, 9999.0, 119.25, 123.0, 118.5, 102.0, 133.75
2023-04-06, 10:29:12, 131.0, 51.25, 19.0, 26.0, 9999.0, 1.25, 1.25, 19.5, 9999.0, 9999.0, 9999.0, 119.0, 123.0, 118.5, 102.0, 133.75
2023-04-06, 10:29:16, 131.25, 51.0, 19.0, 26.0, 9999.0, 1.25, 1.25, 19.5, 9999.0, 9999.0, 9999.0, 119.25, 123.0, 118.5, 102.0, 133.75
2023-04-06, 10:29:20, 131.0, 50.25, 18.5, 24.5, 9999.0, 1.25, 1.25, 19.5, 9999.0, 9999.0, 9999.0, 119.0, 123.0, 118.5, 102.0, 133.75
2023-04-06, 10:29:24, 131.25, 51.25, 19.0, 26.0, 9999.0, 1.25, 1.25, 19.5, 9999.0, 9999.0, 9999.0, 120.0, 123.0, 118.5, 102.0, 133.75
2023-04-06, 10:29:28, 131.0, 51.25, 19.0, 26.0, 9999.0, 1.25, 1.25, 19.5, 9999.0, 9999.0, 9999.0, 119.75, 123.0, 118.5, 102.0, 133.75
2023-04-06, 10:29:32, 131.0, 51.0, 19.0, 26.0, 9999.0, 1.25, 1.25, 19.5, 9999.0, 9999.0, 9999.0, 119.0, 121.5, 116.25, 102.0, 133.75
2023-04-06, 10:29:36, 131.25, 51.0, 19.25, 26.0, 9999.0, 1.25, 1.25, 19.5, 9999.0, 9999.0, 9999.0, 119.75, 122.75, 118.5, 102.0, 133.75
2023-04-06, 10:29:40, 131.0, 51.25, 19.0, 26.0, 9999.0, 1.25, 1.25, 19.5, 9999.0, 9999.0, 9999.0, 119.75, 122.75, 118.5, 102.0, 133.75
2023-04-06, 10:29:44, 131.25, 51.25, 19.0, 26.25, 9999.0, 1.0, 1.25, 19.5, 9999.0, 9999.0, 9999.0, 119.5, 122.75, 118.5, 102.0, 133.75
2023-04-06, 10:29:48, 131.25, 51.0, 19.0, 24.75, 9999.0, -0.25, -0.75, 19.5, 9999.0, 9999.0, 9999.0, 119.5, 122.75, 118.5, 102.0, 133.75
2023-04-06, 10:29:52, 131.25, 51.25, 19.25, 25.75, 9999.0, 1.0, 1.25, 19.5, 9999.0, 9999.0, 9999.0, 119.5, 122.75, 118.5, 102.0, 133.75
2023-04-06, 10:29:56, 131.25, 51.25, 19.0, 25.75, 9999.0, 1.0, 1.25, 19.5, 9999.0, 9999.0, 9999.0, 119.5, 123.0, 118.5, 102.0, 133.75
2023-04-06, 10:30:00, 131.25, 51.0, 19.0, 25.75, 9999.0, 1.0, 1.25, 19.5, 9999.0, 9999.0, 9999.0, 119.25, 122.0, 117.5, 100.5, 133.75
2023-04-06, 10:30:04, 131.25, 51.25, 19.0, 25.75, 9999.0, 1.0, 1.25, 19.5, 9999.0, 9999.0, 9999.0, 119.5, 123.0, 118.5, 102.0, 133.75
2023-04-06, 10:30:08, 131.25, 51.25, 19.25, 26.0, 9999.0, 1.0, 1.25, 19.5, 9999.0, 9999.0, 9999.0, 119.5, 123.0, 118.5, 102.0, 133.75
2023-04-06, 10:30:12, 131.25, 51.25, 19.25, 26.0, 9999.0, 1.0, 1.25, 19.5, 9999.0, 9999.0, 9999.0, 119.25, 123.0, 118.5, 102.0, 133.75
2023-04-06, 10:30:16, 131.25, 51.25, 19.25, 26.0, 9999.0, 0.75, 0.25, 17.0, 9999.0, 9999.0, 9999.0, 119.25, 123.0, 118.5, 102.0, 133.75
2023-04-06, 10:30:21, 131.25, 51.25, 19.25, 26.0, 9999.0, 1.0, 1.25, 19.5, 9999.0, 9999.0, 9999.0, 119.25, 123.0, 118.5, 102.0, 133.75
2023-04-06, 10:30:25, 131.25, 51.25, 19.0, 25.75, 9999.0, 1.0, 1.25, 19.5, 9999.0, 9999.0, 9999.0, 119.25, 123.0, 118.5, 102.0, 133.75
2023-04-06, 10:30:29, 131.25, 51.25, 18.75, 25.75, 9999.0, 1.25, 1.25, 19.5, 9999.0, 9999.0, 9999.0, 119.25, 122.75, 117.75, 101.5, 132.25
2023-04-06, 10:30:33, 131.0, 51.25, 19.0, 25.75, 9999.0, 1.0, 1.25, 19.5, 9999.0, 9999.0, 9999.0, 119.25, 123.0, 118.5, 102.0, 133.75
2023-04-06, 10:30:37, 131.25, 51.25, 19.0, 25.75, 9999.0, 1.25, 1.25, 19.5, 9999.0, 9999.0, 9999.0, 119.25, 122.75, 118.5, 102.0, 133.75
2023-04-06, 10:30:41, 131.25, 51.25, 19.25, 26.0, 9999.0, 1.5, 1.5, 19.75, 9999.0, 9999.0, 9999.0, 119.0, 122.75, 118.5, 102.0, 133.75
2023-04-06, 10:30:45, 131.25, 51.25, 19.0, 26.0, 9999.0, -0.25, 1.25, 18.5, 9999.0, 9999.0, 9999.0, 120.0, 122.75, 118.5, 102.0, 133.75
2023-04-06, 10:30:49, 131.25, 51.25, 19.25, 26.0, 9999.0, 1.25, 1.25, 19.75, 9999.0, 9999.0, 9999.0, 119.75, 122.75, 118.5, 102.0, 133.75
2023-04-06, 10:30:53, 131.25, 51.25, 19.0, 26.0, 9999.0, 1.25, 1.25, 19.75, 9999.0, 9999.0, 9999.0, 119.75, 122.75, 118.5, 102.0, 133.75
2023-04-06, 10:30:57, 131.25, 51.25, 19.0, 26.0, 9999.0, 1.25, 1.25, 19.75, 9999.0, 9999.0, 9999.0, 119.75, 122.75, 118.5, 101.5, 133.25
2023-04-06, 10:31:01, 129.75, 51.0, 19.0, 26.25, 9999.0, 1.25, 1.5, 19.75, 9999.0, 9999.0, 9999.0, 119.75, 122.75, 118.5, 102.0, 133.75
2023-04-06, 10:31:05, 131.25, 51.25, 19.25, 26.0, 9999.0, 1.25, 1.25, 19.75, 9999.0, 9999.0, 9999.0, 119.5, 122.75, 118.5, 102.0, 133.75
2023-04-06, 10:31:09, 131.25, 51.25, 19.0, 26.0, 9999.0, 1.0, 1.5, 19.5, 9999.0, 9999.0, 9999.0, 119.5, 122.75, 118.5, 102.0, 133.75
2023-04-06, 10:31:13, 131.0, 51.25, 19.25, 26.0, 9999.0, 1.0, 0.25, 19.5, 9999.0, 9999.0, 9999.0, 119.5, 122.75, 118.5, 102.0, 133.75
2023-04-06, 10:31:17, 131.25, 51.25, 19.0, 26.0, 9999.0, 1.0, 1.5, 19.75, 9999.0, 9999.0, 9999.0, 119.5, 123.0, 118.5, 102.0, 133.75
2023-04-06, 10:31:21, 131.25, 51.25, 19.0, 26.25, 9999.0, 1.0, 1.5, 19.75, 9999.0, 9999.0, 9999.0, 119.5, 123.0, 118.5, 102.0, 133.75
2023-04-06, 10:31:25, 131.25, 51.25, 19.0, 26.25, 9999.0, 1.0, 1.25, 19.75, 9999.0, 9999.0, 9999.0, 119.5, 123.0, 118.5, 102.0, 132.5
2023-04-06, 10:31:29, 131.0, 49.75, 18.5, 26.25, 9999.0, 1.0, 1.25, 19.75, 9999.0, 9999.0, 9999.0, 119.5, 123.0, 118.5, 102.0, 133.75
2023-04-06, 10:31:33, 131.25, 51.25, 19.25, 26.0, 9999.0, 1.0, 1.5, 19.5, 9999.0, 9999.0, 9999.0, 119.5, 123.0, 118.5, 102.0, 133.75
2023-04-06, 10:31:37, 131.25, 51.25, 19.25, 26.25, 9999.0, 1.0, 1.25, 19.75, 9999.0, 9999.0, 9999.0, 119.25, 123.0, 118.5, 102.0, 133.75
2023-04-06, 10:31:41, 131.25, 51.25, 19.25, 26.0, 9999.0, 1.0, 1.25, 19.25, 9999.0, 9999.0, 9999.0, 119.25, 123.0, 118.5, 102.0, 133.75
2023-04-06, 10:31:45, 131.25, 51.25, 19.25, 26.0, 9999.0, 1.0, 1.25, 19.5, 9999.0, 9999.0, 9999.0, 119.25, 123.0, 118.5, 102.0, 133.75
2023-04-06, 10:31:49, 131.25, 51.25, 19.0, 26.0, 9999.0, 1.25, 1.5, 19.75, 9999.0, 9999.0, 9999.0, 119.25, 122.75, 118.5, 102.0, 133.75
2023-04-06, 10:31:53, 131.25, 51.25, 19.0, 25.75, 9999.0, 1.25, 1.25, 19.5, 9999.0, 9999.0, 9999.0, 119.25, 123.0, 118.5, 102.0, 133.75
2023-04-06, 10:31:57, 130.5, 51.0, 18.0, 25.0, 9999.0, 1.25, 1.25, 19.5, 9999.0, 9999.0, 9999.0, 119.25, 123.0, 118.5, 102.0, 133.75
2023-04-06, 10:32:01, 131.25, 51.25, 19.0, 26.0, 9999.0, 1.5, 1.5, 19.75, 9999.0, 9999.0, 9999.0, 119.25, 122.75, 118.5, 102.0, 133.75
2023-04-06, 10:32:05, 131.25, 51.25, 19.0, 25.75, 9999.0, 1.25, 1.5, 19.5, 9999.0, 9999.0, 9999.0, 120.0, 123.0, 118.5, 102.0, 133.75
2023-04-06, 10:32:09, 131.25, 51.25, 19.0, 25.75, 9999.0, 1.25, 1.5, 19.75, 9999.0, 9999.0, 9999.0, 118.5, 122.75, 118.5, 102.0, 133.75
2023-04-06, 10:32:13, 131.25, 51.25, 19.0, 26.0, 9999.0, 1.25, 1.5, 19.5, 9999.0, 9999.0, 9999.0, 119.75, 122.75, 118.5, 102.0, 133.75
2023-04-06, 10:32:17, 131.25, 51.25, 19.0, 26.0, 9999.0, 1.25, 1.5, 19.75, 9999.0, 9999.0, 9999.0, 119.75, 122.75, 118.5, 102.0, 133.75
2023-04-06, 10:32:21, 131.25, 51.25, 19.0, 26.25, 9999.0, 1.25, 1.25, 19.5, 9999.0, 9999.0, 9999.0, 119.75, 123.0, 118.5, 102.0, 133.75
2023-04-06, 10:32:25, 131.25, 50.5, 18.75, 25.0, 9999.0, 1.0, 1.5, 19.75, 9999.0, 9999.0, 9999.0, 119.75, 122.75, 118.5, 102.0, 133.75
2023-04-06, 10:32:29, 131.25, 51.25, 19.0, 26.25, 9999.0, 1.25, 1.5, 19.5, 9999.0, 9999.0, 9999.0, 119.5, 122.75, 118.5, 102.0, 133.75
2023-04-06, 10:32:33, 131.25, 51.25, 19.0, 26.25, 9999.0, 1.0, 1.5, 19.5, 9999.0, 9999.0, 9999.0, 119.5, 122.75, 118.5, 102.0, 133.5
2023-04-06, 10:32:37, 131.0, 51.25, 19.0, 26.25, 9999.0, 1.0, 1.25, 19.5, 9999.0, 9999.0, 9999.0, 119.0, 121.5, 118.25, 102.0, 133.75
2023-04-06, 10:32:41, 131.25, 51.25, 19.0, 26.0, 9999.0, 1.0, 1.5, 19.5, 9999.0, 9999.0, 9999.0, 119.5, 123.0, 118.5, 102.0, 133.75
2023-04-06, 10:32:45, 131.25, 51.25, 19.0, 26.0, 9999.0, 1.0, 1.5, 19.75, 9999.0, 9999.0, 9999.0, 119.5, 123.0, 118.5, 102.0, 133.75
2023-04-06, 10:32:49, 131.25, 51.25, 19.0, 26.0, 9999.0, 1.0, 1.5, 19.75, 9999.0, 9999.0, 9999.0, 119.5, 123.0, 118.5, 102.0, 133.75
2023-04-06, 10:32:53, 131.0, 51.25, 17.75, 25.75, 9999.0, -1.5, 1.25, 19.75, 9999.0, 9999.0, 9999.0, 119.5, 123.0, 118.5, 102.0, 133.75
2023-04-06, 10:32:57, 131.25, 51.25, 19.0, 26.0, 9999.0, 1.0, 1.5, 19.75, 9999.0, 9999.0, 9999.0, 119.25, 123.0, 118.5, 102.0, 133.75
2023-04-06, 10:33:01, 131.25, 51.25, 19.0, 25.75, 9999.0, 1.0, 1.5, 19.75, 9999.0, 9999.0, 9999.0, 119.25, 123.0, 118.5, 102.0, 133.75
2023-04-06, 10:33:05, 131.0, 51.25, 19.0, 26.0, 9999.0, 1.0, 1.25, 19.5, 9999.0, 9999.0, 9999.0, 118.5, 122.5, 117.25, 101.5, 133.75
2023-04-06, 10:33:09, 131.25, 51.25, 19.0, 26.0, 9999.0, 1.25, 1.5, 19.5, 9999.0, 9999.0, 9999.0, 119.25, 122.75, 118.5, 102.0, 133.75
2023-04-06, 10:33:13, 131.25, 51.25, 19.0, 26.0, 9999.0, 1.25, 1.25, 19.5, 9999.0, 9999.0, 9999.0, 119.25, 122.75, 118.5, 101.75, 133.75
2023-04-06, 10:33:17, 131.25, 51.25, 19.0, 26.0, 9999.0, 1.25, 1.5, 19.5, 9999.0, 9999.0, 9999.0, 119.0, 122.75, 118.5, 102.0, 133.75
2023-04-06, 10:33:21, 131.25, 51.25, 19.0, 24.5, 9999.0, 0.25, -2.75, 19.5, 9999.0, 9999.0, 9999.0, 119.0, 122.75, 118.5, 102.0, 133.75
2023-04-06, 10:33:25, 131.25, 51.25, 19.0, 26.0, 9999.0, 1.5, 1.25, 19.5, 9999.0, 9999.0, 9999.0, 120.0, 122.75, 118.5, 101.75, 133.75
2023-04-06, 10:33:29, 131.25, 51.25, 19.0, 26.0, 9999.0, 1.25, 1.5, 19.5, 9999.0, 9999.0, 9999.0, 119.75, 122.75, 118.5, 102.0, 133.75
2023-04-06, 10:33:33, 131.25, 51.0, 19.0, 25.5, 9999.0, 1.25, 1.25, 19.75, 9999.0, 9999.0, 9999.0, 119.75, 122.0, 118.25, 101.0, 132.0
2023-04-06, 10:33:37, 131.25, 51.25, 19.25, 25.5, 9999.0, 1.25, 1.5, 19.75, 9999.0, 9999.0, 9999.0, 119.75, 122.75, 118.5, 102.0, 133.75
2023-04-06, 10:33:41, 131.25, 51.25, 19.0, 25.75, 9999.0, 1.25, 1.5, 19.5, 9999.0, 9999.0, 9999.0, 119.5, 122.75, 118.5, 102.0, 133.75
2023-04-06, 10:33:45, 131.25, 51.25, 19.0, 25.75, 9999.0, 1.25, 1.25, 19.75, 9999.0, 9999.0, 9999.0, 119.5, 122.75, 118.5, 102.0, 133.75
2023-04-06, 10:33:49, 131.25, 51.25, 19.0, 26.0, 9999.0, 0.5, 1.0, 17.5, 9999.0, 9999.0, 9999.0, 119.5, 122.75, 118.5, 101.75, 133.75
2023-04-06, 10:33:53, 131.25, 51.25, 19.0, 25.75, 9999.0, 1.25, 1.5, 19.5, 9999.0, 9999.0, 9999.0, 119.5, 123.0, 118.5, 101.75, 133.75
2023-04-06, 10:33:57, 131.25, 51.25, 19.0, 25.75, 9999.0, 1.25, 1.25, 19.5, 9999.0, 9999.0, 9999.0, 119.5, 123.0, 118.5, 102.0, 133.75
2023-04-06, 10:34:01, 131.25, 51.25, 19.0, 25.5, 9999.0, 1.0, 1.5, 19.75, 9999.0, 9999.0, 9999.0, 119.5, 123.0, 117.5, 101.75, 132.25
2023-04-06, 10:34:05, 129.25, 51.25, 19.25, 25.75, 9999.0, 1.0, 1.5, 19.75, 9999.0, 9999.0, 9999.0, 119.5, 123.0, 118.5, 102.0, 133.75
2023-04-06, 10:34:09, 131.25, 51.25, 19.0, 25.75, 9999.0, 1.0, 1.5, 19.5, 9999.0, 9999.0, 9999.0, 119.5, 123.0, 118.5, 102.0, 133.75
2023-04-06, 10:34:13, 131.25, 51.25, 19.0, 25.75, 9999.0, 1.0, 1.5, 19.5, 9999.0, 9999.0, 9999.0, 119.25, 122.75, 118.5, 102.0, 133.75
2023-04-06, 10:34:17, 131.25, 51.25, 19.0, 25.75, 9999.0, 0.5, 0.5, 19.25, 9999.0, 9999.0, 9999.0, 119.25, 123.0, 118.25, 102.0, 133.75
2023-04-06, 10:34:21, 131.25, 51.25, 19.0, 26.0, 9999.0, 1.0, 1.25, 19.5, 9999.0, 9999.0, 9999.0, 119.25, 123.0, 118.5, 102.0, 133.75
2023-04-06, 10:34:25, 131.25, 51.25, 19.0, 26.0, 9999.0, 1.0, 1.5, 19.5, 9999.0, 9999.0, 9999.0, 119.25, 123.0, 118.5, 102.0, 133.75
2023-04-06, 10:34:29, 131.25, 51.25, 19.0, 26.0, 9999.0, 1.25, 1.25, 19.5, 9999.0, 9999.0, 9999.0, 119.25, 123.0, 118.5, 100.75, 133.25
2023-04-06, 10:34:33, 130.0, 47.5, 19.0, 26.0, 9999.0, 1.25, 1.25, 19.5, 9999.0, 9999.0, 9999.0, 119.25, 123.0, 118.5, 102.0, 133.75
2023-04-06, 10:34:37, 131.25, 51.25, 19.0, 25.75, 9999.0, 1.25, 1.5, 19.5, 9999.0, 9999.0, 9999.0, 119.0, 123.0, 118.5, 102.0, 133.75
2023-04-06, 10:34:41, 131.25, 51.25, 19.0, 26.0, 9999.0, 1.25, 1.5, 19.75, 9999.0, 9999.0, 9999.0, 119.0, 122.75, 118.5, 102.0, 133.75
2023-04-06, 10:34:46, 131.25, 51.25, 19.0, 26.0, 9999.0, 1.25, 1.25, 19.0, 9999.0, 9999.0, 9999.0, 119.75, 122.75, 118.5, 102.0, 133.75
2023-04-06, 10:34:50, 131.25, 51.25, 19.0, 26.0, 9999.0, 1.25, 1.5, 19.75, 9999.0, 9999.0, 9999.0, 119.75, 123.0, 118.5, 102.0, 133.75
2023-04-06, 10:34:54, 131.25, 51.25, 19.0, 26.25, 9999.0, 1.25, 1.5, 19.75, 9999.0, 9999.0, 9999.0, 119.75, 123.0, 118.5, 102.0, 133.75
2023-04-06, 10:34:58, 131.25, 51.25, 19.0, 26.0, 9999.0, 1.0, 1.25, 19.75, 9999.0, 9999.0, 9999.0, 119.75, 122.75, 118.5, 102.0, 131.5
2023-04-06, 10:35:02, 130.75, 50.0, 14.0, 26.0, 9999.0, 1.25, 1.25, 19.75, 9999.0, 9999.0, 9999.0, 119.5, 122.75, 118.5, 102.0, 133.75
2023-04-06, 10:35:06, 131.0, 51.25, 19.0, 26.25, 9999.0, 1.25, 1.5, 19.5, 9999.0, 9999.0, 9999.0, 119.5, 123.0, 118.5, 102.0, 133.75
2023-04-06, 10:35:10, 131.25, 51.25, 19.0, 26.25, 9999.0, 1.25, 1.5, 19.75, 9999.0, 9999.0, 9999.0, 119.5, 122.75, 118.25, 102.0, 133.75
2023-04-06, 10:35:14, 131.25, 51.25, 19.0, 26.25, 9999.0, 1.0, 1.5, 19.75, 9999.0, 9999.0, 9999.0, 118.5, 123.0, 118.5, 102.0, 133.75
2023-04-06, 10:35:18, 131.25, 51.25, 19.0, 26.25, 9999.0, 1.25, 1.5, 19.75, 9999.0, 9999.0, 9999.0, 119.5, 123.0, 118.5, 102.0, 133.75
2023-04-06, 10:35:22, 131.25, 51.25, 19.0, 26.25, 9999.0, 1.0, 1.25, 19.5, 9999.0, 9999.0, 9999.0, 119.5, 123.0, 118.5, 102.0, 133.75
2023-04-06, 10:35:26, 131.25, 51.25, 19.0, 26.0, 9999.0, 1.0, 1.25, 19.5, 9999.0, 9999.0, 9999.0, 119.5, 123.0, 118.5, 102.0, 133.75
2023-04-06, 10:35:30, 129.75, 50.75, 17.75, 22.25, 9999.0, 1.0, 1.5, 19.5, 9999.0, 9999.0, 9999.0, 119.5, 123.0, 118.5, 102.0, 133.75
2023-04-06, 10:35:34, 131.25, 51.25, 19.0, 26.0, 9999.0, 1.0, 1.25, 19.5, 9999.0, 9999.0, 9999.0, 119.25, 123.0, 118.5, 102.0, 133.75
2023-04-06, 10:35:38, 131.25, 51.25, 19.0, 26.0, 9999.0, 1.0, 1.25, 19.75, 9999.0, 9999.0, 9999.0, 119.25, 123.0, 118.5, 101.75, 133.75
2023-04-06, 10:35:42, 131.0, 51.25, 19.0, 26.0, 9999.0, 1.0, 1.5, 19.5, 9999.0, 9999.0, 9999.0, 117.75, 121.0, 118.5, 102.0, 133.75
2023-04-06, 10:35:46, 131.25, 51.25, 19.0, 26.0, 9999.0, 1.0, 1.25, 19.75, 9999.0, 9999.0, 9999.0, 119.25, 123.0, 118.5, 102.0, 133.75
2023-04-06, 10:35:50, 131.25, 51.25, 19.0, 26.0, 9999.0, 1.25, 1.5, 19.75, 9999.0, 9999.0, 9999.0, 119.25, 123.0, 118.5, 102.0, 133.75
2023-04-06, 10:35:54, 131.0, 51.25, 19.0, 26.0, 9999.0, 1.25, 1.25, 19.5, 9999.0, 9999.0, 9999.0, 119.25, 123.0, 118.5, 102.0, 133.75
2023-04-06, 10:35:58, 131.25, 50.5, 18.25, 24.75, 9999.0, 1.0, 1.5, 19.5, 9999.0, 9999.0, 9999.0, 119.25, 123.0, 118.5, 101.75, 133.75
2023-04-06, 10:36:02, 131.25, 51.25, 19.0, 26.0, 9999.0, 1.5, 1.5, 19.75, 9999.0, 9999.0, 9999.0, 119.0, 123.0, 118.5, 102.0, 133.75
2023-04-06, 10:36:06, 131.25, 51.25, 19.25, 26.0, 9999.0, 1.25, 1.5, 19.75, 9999.0, 9999.0, 9999.0, 119.75, 123.0, 118.5, 101.75, 133.75
2023-04-06, 10:36:10, 131.0, 51.25, 19.25, 26.0, 9999.0, 1.25, 1.5, 19.5, 9999.0, 9999.0, 9999.0, 119.5, 121.5, 116.25, 102.0, 133.75
2023-04-06, 10:36:14, 131.25, 51.25, 19.0, 26.25, 9999.0, 1.25, 1.25, 19.5, 9999.0, 9999.0, 9999.0, 119.75, 123.0, 118.5, 102.0, 133.75
2023-04-06, 10:36:18, 131.25, 51.25, 19.0, 26.0, 9999.0, 1.25, 1.5, 19.5, 9999.0, 9999.0, 9999.0, 119.5, 122.75, 118.5, 102.0, 133.75
2023-04-06, 10:36:22, 131.25, 51.25, 19.0, 26.25, 9999.0, 1.25, 1.5, 19.75, 9999.0, 9999.0, 9999.0, 119.5, 122.75, 118.5, 102.0, 133.75
2023-04-06, 10:36:26, 131.25, 51.25, 18.75, 25.25, 9999.0, -0.25, 0.75, 19.75, 9999.0, 9999.0, 9999.0, 119.5, 122.75, 118.5, 102.0, 133.75
2023-04-06, 10:36:30, 131.25, 51.25, 19.0, 26.0, 9999.0, 1.25, 1.5, 19.75, 9999.0, 9999.0, 9999.0, 119.5, 122.75, 118.5, 102.0, 133.75
2023-04-06, 10:36:34, 131.25, 51.25, 19.0, 25.75, 9999.0, 1.0, 1.5, 19.5, 9999.0, 9999.0, 9999.0, 119.5, 123.0, 118.5, 102.0, 133.75
2023-04-06, 10:36:38, 131.25, 51.0, 19.0, 25.75, 9999.0, 1.0, 1.5, 19.5, 9999.0, 9999.0, 9999.0, 118.0, 122.75, 117.5, 99.25, 133.75
2023-04-06, 10:36:42, 131.25, 51.25, 19.0, 25.75, 9999.0, 1.0, 1.5, 19.75, 9999.0, 9999.0, 9999.0, 119.5, 123.0, 118.5, 102.0, 133.75
2023-04-06, 10:36:46, 131.25, 51.25, 19.0, 25.75, 9999.0, 1.0, 1.25, 19.5, 9999.0, 9999.0, 9999.0, 119.5, 123.0, 118.5, 102.0, 133.75
2023-04-06, 10:36:50, 131.25, 51.25, 19.0, 25.75, 9999.0, 1.0, 1.5, 19.75, 9999.0, 9999.0, 9999.0, 119.25, 123.0, 118.5, 102.0, 133.75
2023-04-06, 10:36:54, 131.0, 51.25, 19.0, 26.0, 9999.0, 0.5, 0.25, 19.0, 9999.0, 9999.0, 9999.0, 119.25, 123.0, 118.5, 102.0, 133.75
2023-04-06, 10:36:58, 131.25, 51.25, 19.0, 26.0, 9999.0, 1.0, 1.25, 19.5, 9999.0, 9999.0, 9999.0, 119.25, 123.0, 118.5, 102.0, 133.75
2023-04-06, 10:37:02, 131.0, 51.25, 19.0, 26.0, 9999.0, 1.0, 1.25, 19.75, 9999.0, 9999.0, 9999.0, 119.25, 123.0, 118.5, 102.0, 133.75
2023-04-06, 10:37:06, 131.0, 51.25, 18.75, 25.75, 9999.0, 1.25, 1.25, 19.5, 9999.0, 9999.0, 9999.0, 119.25, 121.25, 118.0, 101.0, 127.75
2023-04-06, 10:37:10, 131.0, 51.25, 19.0, 26.0, 9999.0, 1.25, 1.25, 19.5, 9999.0, 9999.0, 9999.0, 119.25, 123.0, 118.5, 102.0, 133.75
2023-04-06, 10:37:14, 131.25, 51.25, 19.0, 26.0, 9999.0, 1.25, 1.5, 19.75, 9999.0, 9999.0, 9999.0, 119.0, 123.0, 118.5, 102.0, 133.75
2023-04-06, 10:37:18, 131.0, 51.25, 19.0, 26.0, 9999.0, 1.5, 1.5, 19.5, 9999.0, 9999.0, 9999.0, 119.0, 122.75, 118.5, 102.0, 133.75
2023-04-06, 10:37:22, 131.0, 51.25, 19.0, 26.0, 9999.0, 0.5, 1.0, 18.25, 9999.0, 9999.0, 9999.0, 119.0, 123.0, 118.5, 102.0, 133.75
2023-04-06, 10:37:26, 131.0, 51.25, 19.0, 26.25, 9999.0, 1.25, 1.5, 19.75, 9999.0, 9999.0, 9999.0, 119.75, 123.0, 118.5, 102.0, 133.75
2023-04-06, 10:37:30, 131.25, 51.25, 19.0, 26.25, 9999.0, 1.25, 1.5, 19.5, 9999.0, 9999.0, 9999.0, 119.75, 123.0, 118.5, 102.0, 133.75
2023-04-06, 10:37:34, 131.25, 51.25, 19.0, 26.0, 9999.0, 1.25, 1.25, 19.5, 9999.0, 9999.0, 9999.0, 119.5, 123.0, 117.5, 101.5, 132.25
2023-04-06, 10:37:38, 128.0, 51.25, 19.0, 26.0, 9999.0, 1.25, 1.5, 19.5, 9999.0, 9999.0, 9999.0, 119.5, 123.0, 118.5, 102.0, 133.75
2023-04-06, 10:37:42, 131.0, 51.25, 19.0, 26.0, 9999.0, 1.25, 1.5, 19.5, 9999.0, 9999.0, 9999.0, 119.5, 123.0, 118.5, 102.0, 133.75
2023-04-06, 10:37:46, 131.25, 51.25, 19.0, 26.0, 9999.0, 1.25, 1.5, 19.75, 9999.0, 9999.0, 9999.0, 119.25, 122.75, 118.5, 102.0, 133.75
2023-04-06, 10:37:50, 131.25, 51.25, 19.0, 26.0, 9999.0, 1.0, 0.25, 19.5, 9999.0, 9999.0, 9999.0, 119.5, 123.0, 118.5, 102.0, 133.75
2023-04-06, 10:37:54, 131.25, 51.25, 19.0, 26.0, 9999.0, 1.25, 1.25, 19.5, 9999.0, 9999.0, 9999.0, 119.5, 123.0, 118.5, 102.0, 133.75
2023-04-06, 10:37:58, 131.25, 51.25, 19.0, 26.0, 9999.0, 1.0, 1.25, 19.5, 9999.0, 9999.0, 9999.0, 119.5, 123.0, 118.5, 102.0, 133.75
2023-04-06, 10:38:02, 131.25, 51.25, 19.0, 25.75, 9999.0, 1.0, 1.5, 19.5, 9999.0, 9999.0, 9999.0, 119.25, 123.0, 118.5, 101.5, 132.75
2023-04-06, 10:38:06, 130.0, 49.0, 19.0, 26.0, 9999.0, 1.0, 1.5, 19.75, 9999.0, 9999.0, 9999.0, 119.25, 123.0, 118.5, 102.0, 133.75
2023-04-06, 10:38:10, 131.25, 51.25, 19.0, 26.0, 9999.0, 1.0, 1.25, 19.75, 9999.0, 9999.0, 9999.0, 119.25, 123.0, 118.5, 102.0, 133.75
2023-04-06, 10:38:14, 131.25, 51.25, 19.0, 26.0, 9999.0, 1.0, 1.25, 19.5, 9999.0, 9999.0, 9999.0, 119.25, 123.0, 118.5, 102.0, 133.75
2023-04-06, 10:38:18, 131.25, 51.25, 19.0, 25.75, 9999.0, 1.0, 1.25, 18.5, 9999.0, 9999.0, 9999.0, 119.25, 123.0, 118.5, 101.75, 133.75
2023-04-06, 10:38:22, 131.25, 51.25, 19.0, 26.0, 9999.0, 1.0, 1.25, 19.5, 9999.0, 9999.0, 9999.0, 119.25, 123.0, 118.5, 102.0, 133.75
2023-04-06, 10:38:26, 131.25, 51.25, 19.0, 26.0, 9999.0, 1.25, 1.25, 19.75, 9999.0, 9999.0, 9999.0, 119.25, 123.0, 118.5, 101.75, 133.75
2023-04-06, 10:38:30, 131.25, 51.25, 19.0, 26.0, 9999.0, 1.0, 1.25, 19.5, 9999.0, 9999.0, 9999.0, 119.0, 123.0, 118.5, 102.0, 133.5
2023-04-06, 10:38:34, 130.75, 50.5, 17.75, 26.0, 9999.0, 1.0, 1.25, 19.5, 9999.0, 9999.0, 9999.0, 119.0, 123.0, 118.5, 102.0, 133.75
2023-04-06, 10:38:38, 131.25, 51.25, 19.0, 26.0, 9999.0, 1.5, 1.5, 19.75, 9999.0, 9999.0, 9999.0, 119.0, 122.75, 118.5, 101.75, 133.75
2023-04-06, 10:38:42, 131.25, 51.25, 19.0, 26.0, 9999.0, 1.25, 1.5, 19.5, 9999.0, 9999.0, 9999.0, 119.75, 122.75, 118.5, 101.75, 133.75
2023-04-06, 10:38:46, 131.25, 51.25, 19.0, 25.75, 9999.0, 1.25, 1.25, 19.5, 9999.0, 9999.0, 9999.0, 115.25, 122.75, 118.5, 101.75, 133.75
2023-04-06, 10:38:50, 131.25, 51.25, 19.0, 26.0, 9999.0, 1.25, 1.5, 19.75, 9999.0, 9999.0, 9999.0, 119.75, 122.75, 118.5, 102.0, 133.75
2023-04-06, 10:38:54, 131.25, 51.25, 19.0, 26.0, 9999.0, 1.25, 1.5, 19.75, 9999.0, 9999.0, 9999.0, 119.5, 122.75, 118.25, 102.0, 133.75
2023-04-06, 10:38:58, 131.25, 51.25, 19.0, 26.0, 9999.0, 1.25, 1.25, 19.5, 9999.0, 9999.0, 9999.0, 119.5, 122.75, 118.5, 102.0, 133.75
2023-04-06, 10:39:02, 131.0, 50.5, 18.5, 24.25, 9999.0, 1.25, 1.5, 19.75, 9999.0, 9999.0, 9999.0, 119.5, 122.75, 118.5, 102.0, 133.75
2023-04-06, 10:39:06, 131.25, 51.25, 19.0, 25.75, 9999.0, 1.25, 1.5, 19.5, 9999.0, 9999.0, 9999.0, 119.5, 122.75, 118.5, 101.75, 133.75
2023-04-06, 10:39:10, 131.0, 51.25, 19.0, 26.0, 9999.0, 1.25, 1.5, 19.5, 9999.0, 9999.0, 9999.0, 119.5, 122.75, 118.5, 101.75, 133.75
2023-04-06, 10:39:15, 131.0, 51.25, 19.0, 26.0, 9999.0, 1.0, 1.5, 19.75, 9999.0, 9999.0, 9999.0, 118.25, 119.0, 118.5, 102.0, 133.75
2023-04-06, 10:39:19, 131.25, 51.25, 19.0, 26.0, 9999.0, 1.0, 1.5, 19.75, 9999.0, 9999.0, 9999.0, 119.5, 123.0, 118.5, 102.0, 133.75
2023-04-06, 10:39:23, 131.25, 51.25, 19.0, 26.0, 9999.0, 1.0, 1.5, 19.75, 9999.0, 9999.0, 9999.0, 119.5, 123.0, 118.5, 102.0, 133.75
2023-04-06, 10:39:27, 131.25, 51.25, 19.0, 26.0, 9999.0, 1.0, 1.5, 19.5, 9999.0, 9999.0, 9999.0, 119.25, 123.0, 118.5, 101.75, 133.75
2023-04-06, 10:39:31, 131.25, 51.25, 18.0, 25.75, 9999.0, 0.5, 1.25, 19.75, 9999.0, 9999.0, 9999.0, 119.25, 122.75, 118.25, 102.0, 133.75
2023-04-06, 10:39:35, 131.25, 51.25, 19.0, 26.25, 9999.0, 1.0, 1.25, 19.75, 9999.0, 9999.0, 9999.0, 119.25, 123.0, 118.25, 101.75, 133.75
2023-04-06, 10:39:39, 131.25, 51.25, 19.25, 26.25, 9999.0, 1.0, 1.25, 19.5, 9999.0, 9999.0, 9999.0, 119.25, 123.0, 118.5, 101.75, 133.75
2023-04-06, 10:39:43, 131.0, 51.25, 19.25, 26.0, 9999.0, 1.0, 1.25, 19.5, 9999.0, 9999.0, 9999.0, 119.0, 121.5, 116.25, 101.75, 133.75
2023-04-06, 10:39:47, 131.25, 51.25, 19.25, 26.0, 9999.0, 1.25, 1.5, 19.75, 9999.0, 9999.0, 9999.0, 119.25, 123.0, 118.5, 101.75, 133.75
2023-04-06, 10:39:51, 131.25, 51.25, 19.0, 25.75, 9999.0, 1.25, 1.5, 19.75, 9999.0, 9999.0, 9999.0, 119.25, 123.0, 118.5, 101.75, 133.75
2023-04-06, 10:39:55, 131.25, 51.25, 19.0, 26.0, 9999.0, 1.25, 1.5, 19.5, 9999.0, 9999.0, 9999.0, 119.0, 122.75, 118.25, 101.75, 133.75
2023-04-06, 10:39:59, 131.25, 51.25, 19.0, 25.25, 9999.0, 0.0, 0.75, 19.75, 9999.0, 9999.0, 9999.0, 119.0, 122.75, 118.5, 102.0, 133.75
2023-04-06, 10:40:03, 131.0, 51.25, 19.25, 26.0, 9999.0, 1.5, 1.25, 19.75, 9999.0, 9999.0, 9999.0, 119.75, 122.75, 118.5, 101.75, 133.75
2023-04-06, 10:40:07, 131.25, 51.25, 19.0, 26.0, 9999.0, 1.25, 1.5, 19.75, 9999.0, 9999.0, 9999.0, 119.75, 122.75, 118.5, 101.75, 133.75
2023-04-06, 10:40:11, 131.25, 51.0, 19.0, 26.0, 9999.0, 1.25, 1.5, 19.5, 9999.0, 9999.0, 9999.0, 119.25, 122.25, 117.5, 98.75, 133.5
2023-04-06, 10:40:15, 131.25, 51.25, 19.25, 26.0, 9999.0, 1.25, 1.5, 19.75, 9999.0, 9999.0, 9999.0, 119.5, 122.75, 118.25, 101.75, 133.75
2023-04-06, 10:40:19, 131.25, 51.25, 19.25, 26.0, 9999.0, 1.25, 1.5, 19.75, 9999.0, 9999.0, 9999.0, 119.5, 122.75, 118.5, 101.75, 133.75
2023-04-06, 10:40:23, 131.25, 51.25, 19.0, 26.0, 9999.0, 1.25, 1.25, 19.5, 9999.0, 9999.0, 9999.0, 119.5, 122.75, 118.25, 101.75, 133.75
2023-04-06, 10:40:27, 131.25, 51.25, 19.0, 26.0, 9999.0, 1.0, 0.25, 19.0, 9999.0, 9999.0, 9999.0, 119.5, 122.75, 118.5, 101.75, 133.75
2023-04-06, 10:40:31, 131.25, 51.25, 19.25, 26.0, 9999.0, 1.0, 1.5, 19.5, 9999.0, 9999.0, 9999.0, 119.5, 122.5, 118.5, 101.75, 133.75
2023-04-06, 10:40:35, 131.25, 51.25, 19.0, 26.0, 9999.0, 1.0, 1.5, 19.75, 9999.0, 9999.0, 9999.0, 119.25, 122.75, 118.25, 101.75, 133.75
2023-04-06, 10:40:39, 131.0, 51.25, 18.75, 25.75, 9999.0, 1.0, 1.5, 19.75, 9999.0, 9999.0, 9999.0, 119.5, 122.75, 117.75, 101.25, 129.5
2023-04-06, 10:40:43, 131.0, 51.25, 19.0, 26.0, 9999.0, 1.25, 1.25, 19.5, 9999.0, 9999.0, 9999.0, 119.25, 123.0, 118.5, 102.0, 133.75
2023-04-06, 10:40:47, 131.25, 51.25, 19.0, 25.75, 9999.0, 1.0, 1.5, 19.5, 9999.0, 9999.0, 9999.0, 119.25, 122.75, 118.5, 101.75, 133.75
2023-04-06, 10:40:51, 131.25, 51.25, 19.0, 25.25, 9999.0, 1.0, 1.25, 19.5, 9999.0, 9999.0, 9999.0, 119.25, 122.75, 118.25, 101.75, 133.75
2023-04-06, 10:40:55, 131.25, 51.25, 19.0, 25.5, 9999.0, -0.25, 0.75, 19.0, 9999.0, 9999.0, 9999.0, 119.25, 122.75, 118.25, 101.75, 133.75
2023-04-06, 10:40:59, 131.25, 51.25, 19.0, 25.75, 9999.0, 1.0, 1.5, 19.5, 9999.0, 9999.0, 9999.0, 119.25, 122.75, 118.25, 101.75, 133.75
2023-04-06, 10:41:03, 131.0, 51.25, 19.0, 25.75, 9999.0, 1.0, 1.5, 19.5, 9999.0, 9999.0, 9999.0, 119.25, 122.75, 118.25, 101.75, 133.75
2023-04-06, 10:41:07, 131.0, 51.25, 19.25, 25.75, 9999.0, 1.25, 1.25, 19.5, 9999.0, 9999.0, 9999.0, 119.0, 122.75, 118.5, 100.75, 132.75
2023-04-06, 10:41:11, 130.0, 47.5, 19.0, 26.0, 9999.0, 1.25, 1.5, 19.5, 9999.0, 9999.0, 9999.0, 119.0, 122.75, 118.25, 101.75, 133.75
2023-04-06, 10:41:15, 131.25, 51.25, 19.0, 26.0, 9999.0, 1.25, 1.5, 19.5, 9999.0, 9999.0, 9999.0, 119.0, 122.75, 118.25, 101.75, 133.75
2023-04-06, 10:41:19, 131.0, 51.25, 19.0, 26.0, 9999.0, 1.25, 1.5, 19.5, 9999.0, 9999.0, 9999.0, 119.0, 122.75, 118.25, 101.75, 133.75
2023-04-06, 10:41:23, 131.0, 51.25, 19.0, 25.75, 9999.0, 1.25, 1.25, 18.5, 9999.0, 9999.0, 9999.0, 119.75, 122.75, 118.5, 101.75, 133.75
2023-04-06, 10:41:27, 131.0, 51.25, 19.0, 26.0, 9999.0, 1.25, 1.5, 19.5, 9999.0, 9999.0, 9999.0, 119.5, 122.75, 118.25, 101.75, 133.75
2023-04-06, 10:41:31, 131.0, 51.25, 19.0, 25.75, 9999.0, 1.25, 1.5, 19.75, 9999.0, 9999.0, 9999.0, 119.75, 122.75, 118.5, 102.0, 133.5
2023-04-06, 10:41:35, 131.25, 51.25, 19.0, 26.0, 9999.0, 1.25, 1.25, 19.5, 9999.0, 9999.0, 9999.0, 119.5, 122.75, 118.25, 101.75, 133.75
2023-04-06, 10:41:39, 129.75, 51.0, 17.75, 22.75, 9999.0, 1.25, 1.5, 19.75, 9999.0, 9999.0, 9999.0, 119.75, 122.75, 118.5, 102.0, 133.75
2023-04-06, 10:41:43, 131.25, 51.25, 19.0, 26.0, 9999.0, 1.25, 1.5, 19.5, 9999.0, 9999.0, 9999.0, 119.5, 122.75, 118.5, 101.75, 133.75
2023-04-06, 10:41:47, 131.25, 51.25, 19.25, 26.0, 9999.0, 1.25, 1.5, 19.75, 9999.0, 9999.0, 9999.0, 119.5, 122.75, 118.25, 102.0, 133.5
2023-04-06, 10:41:51, 131.0, 51.25, 19.0, 26.0, 9999.0, 1.25, 1.5, 19.5, 9999.0, 9999.0, 9999.0, 118.0, 120.0, 118.25, 101.75, 133.75
2023-04-06, 10:41:55, 131.0, 51.25, 19.0, 26.0, 9999.0, 1.25, 1.5, 19.5, 9999.0, 9999.0, 9999.0, 119.5, 122.75, 118.25, 102.0, 133.75
2023-04-06, 10:41:59, 131.0, 51.25, 19.0, 26.0, 9999.0, 1.0, 1.5, 19.75, 9999.0, 9999.0, 9999.0, 119.5, 123.0, 118.5, 102.0, 133.75
2023-04-06, 10:42:03, 131.0, 51.25, 19.0, 26.0, 9999.0, 1.0, 1.5, 19.5, 9999.0, 9999.0, 9999.0, 119.25, 122.75, 118.5, 101.75, 133.75
2023-04-06, 10:42:07, 131.0, 51.25, 18.0, 25.75, 9999.0, -1.5, 1.5, 19.75, 9999.0, 9999.0, 9999.0, 119.25, 122.75, 118.25, 101.75, 133.75
2023-04-06, 10:42:11, 131.0, 51.25, 19.0, 26.0, 9999.0, 1.0, 1.25, 19.5, 9999.0, 9999.0, 9999.0, 119.25, 123.0, 118.5, 101.75, 133.75
2023-04-06, 10:42:15, 131.0, 51.25, 19.0, 26.0, 9999.0, 1.0, 1.5, 19.75, 9999.0, 9999.0, 9999.0, 119.25, 122.75, 118.25, 102.0, 133.75
2023-04-06, 10:42:19, 131.0, 51.25, 19.25, 25.75, 9999.0, 1.0, 1.5, 19.75, 9999.0, 9999.0, 9999.0, 118.0, 122.5, 117.0, 100.0, 133.75
2023-04-06, 10:42:23, 131.0, 51.25, 19.25, 25.75, 9999.0, 1.0, 1.5, 19.75, 9999.0, 9999.0, 9999.0, 119.25, 122.75, 118.25, 102.0, 133.75
2023-04-06, 10:42:27, 131.25, 51.25, 19.25, 26.0, 9999.0, 1.25, 1.25, 19.75, 9999.0, 9999.0, 9999.0, 119.25, 122.75, 118.5, 101.75, 133.75
2023-04-06, 10:42:31, 131.25, 51.25, 19.0, 26.0, 9999.0, 1.25, 1.5, 19.75, 9999.0, 9999.0, 9999.0, 119.0, 122.75, 118.25, 101.75, 133.75
2023-04-06, 10:42:35, 131.0, 51.25, 19.0, 26.0, 9999.0, 1.0, 0.0, 17.5, 9999.0, 9999.0, 9999.0, 119.0, 122.75, 118.25, 101.75, 133.75
2023-04-06, 10:42:39, 131.25, 51.25, 19.25, 26.0, 9999.0, 1.5, 1.5, 19.75, 9999.0, 9999.0, 9999.0, 119.0, 122.75, 118.25, 101.75, 133.75
2023-04-06, 10:42:43, 131.0, 51.25, 19.0, 26.0, 9999.0, 1.5, 1.5, 19.75, 9999.0, 9999.0, 9999.0, 119.75, 122.75, 118.25, 101.75, 133.75
2023-04-06, 10:42:47, 131.25, 51.25, 19.0, 26.0, 9999.0, 1.5, 1.5, 19.75, 9999.0, 9999.0, 9999.0, 119.75, 122.75, 117.25, 101.75, 132.25
2023-04-06, 10:42:51, 128.75, 51.25, 19.0, 26.0, 9999.0, 1.25, 1.5, 19.75, 9999.0, 9999.0, 9999.0, 119.5, 122.75, 118.5, 102.0, 133.75
2023-04-06, 10:42:55, 131.25, 51.25, 19.0, 26.0, 9999.0, 1.25, 1.5, 19.75, 9999.0, 9999.0, 9999.0, 119.5, 122.75, 118.5, 101.75, 133.75
2023-04-06, 10:42:59, 131.0, 51.25, 19.0, 26.0, 9999.0, 1.25, 1.5, 19.75, 9999.0, 9999.0, 9999.0, 119.5, 122.75, 118.25, 102.0, 133.75
2023-04-06, 10:43:03, 131.25, 51.25, 19.25, 26.0, 9999.0, 1.25, 0.25, 19.5, 9999.0, 9999.0, 9999.0, 119.5, 122.75, 118.5, 102.0, 133.75
2023-04-06, 10:43:07, 131.25, 51.25, 19.0, 26.0, 9999.0, 1.25, 1.5, 19.5, 9999.0, 9999.0, 9999.0, 119.5, 122.75, 118.25, 102.0, 133.75
2023-04-06, 10:43:11, 131.0, 51.25, 19.0, 26.0, 9999.0, 1.25, 1.5, 19.75, 9999.0, 9999.0, 9999.0, 119.25, 123.0, 118.5, 102.0, 133.5
2023-04-06, 10:43:15, 131.0, 51.25, 19.0, 26.0, 9999.0, 1.0, 1.5, 19.75, 9999.0, 9999.0, 9999.0, 119.25, 123.0, 118.25, 102.0, 132.75
2023-04-06, 10:43:19, 131.0, 50.0, 18.5, 26.0, 9999.0, 1.25, 1.5, 19.5, 9999.0, 9999.0, 9999.0, 119.5, 123.0, 118.5, 102.0, 133.75
2023-04-06, 10:43:23, 131.0, 51.25, 19.0, 26.0, 9999.0, 1.0, 1.5, 19.75, 9999.0, 9999.0, 9999.0, 119.25, 123.0, 118.25, 102.0, 133.75
2023-04-06, 10:43:27, 131.25, 51.25, 19.25, 26.0, 9999.0, 1.0, 1.5, 19.5, 9999.0, 9999.0, 9999.0, 119.25, 123.0, 118.25, 101.75, 133.75
2023-04-06, 10:43:31, 131.0, 51.25, 19.0, 26.0, 9999.0, 1.0, 1.5, 19.5, 9999.0, 9999.0, 9999.0, 118.5, 123.0, 118.5, 102.0, 133.75
2023-04-06, 10:43:35, 131.0, 51.25, 19.0, 26.0, 9999.0, 1.0, 1.5, 19.5, 9999.0, 9999.0, 9999.0, 119.25, 122.75, 118.5, 102.0, 133.75
2023-04-06, 10:43:40, 131.0, 51.25, 19.0, 26.0, 9999.0, 1.0, 1.25, 19.75, 9999.0, 9999.0, 9999.0, 119.25, 123.0, 118.25, 102.0, 133.75
2023-04-06, 10:43:44, 131.0, 51.25, 19.0, 26.0, 9999.0, 1.0, 1.25, 19.5, 9999.0, 9999.0, 9999.0, 119.25, 122.75, 118.25, 102.0, 133.75
2023-04-06, 10:43:48, 131.0, 50.5, 18.75, 24.5, 9999.0, 1.25, 1.5, 19.75, 9999.0, 9999.0, 9999.0, 119.0, 123.0, 118.5, 102.0, 133.75
2023-04-06, 10:43:52, 131.0, 51.25, 19.0, 25.75, 9999.0, 1.25, 1.5, 19.75, 9999.0, 9999.0, 9999.0, 119.0, 122.75, 118.5, 101.75, 133.75
2023-04-06, 10:43:56, 131.0, 51.25, 19.0, 26.0, 9999.0, 1.25, 1.5, 19.75, 9999.0, 9999.0, 9999.0, 119.0, 122.75, 118.5, 101.75, 133.5
2023-04-06, 10:44:00, 131.0, 51.25, 19.25, 26.0, 9999.0, 1.5, 1.25, 19.75, 9999.0, 9999.0, 9999.0, 117.75, 118.5, 118.25, 101.75, 133.75
2023-04-06, 10:44:04, 131.0, 51.25, 19.0, 26.0, 9999.0, 1.5, 1.25, 19.75, 9999.0, 9999.0, 9999.0, 119.75, 122.75, 118.5, 101.75, 133.75
2023-04-06, 10:44:08, 131.25, 51.25, 19.0, 26.0, 9999.0, 1.25, 1.25, 19.75, 9999.0, 9999.0, 9999.0, 119.75, 122.75, 118.5, 101.75, 133.75
2023-04-06, 10:44:12, 131.0, 51.25, 19.0, 26.0, 9999.0, 1.25, 1.25, 19.5, 9999.0, 9999.0, 9999.0, 119.75, 122.75, 118.5, 102.0, 133.75
2023-04-06, 10:44:16, 131.0, 51.25, 18.25, 25.75, 9999.0, 0.0, 1.5, 19.5, 9999.0, 9999.0, 9999.0, 119.5, 122.75, 118.5, 102.0, 133.75
2023-04-06, 10:44:20, 131.0, 51.25, 19.0, 26.0, 9999.0, 1.25, 1.5, 19.75, 9999.0, 9999.0, 9999.0, 119.5, 122.75, 118.5, 102.0, 133.75
2023-04-06, 10:44:24, 131.0, 51.25, 19.0, 26.25, 9999.0, 1.25, 1.5, 19.75, 9999.0, 9999.0, 9999.0, 119.5, 122.75, 118.25, 101.75, 133.75
2023-04-06, 10:44:28, 131.0, 51.25, 18.75, 26.25, 9999.0, 1.25, 1.5, 19.75, 9999.0, 9999.0, 9999.0, 118.5, 121.5, 116.0, 101.75, 133.75
2023-04-06, 10:44:32, 131.0, 51.25, 19.0, 26.0, 9999.0, 1.25, 1.25, 19.75, 9999.0, 9999.0, 9999.0, 119.25, 123.0, 118.25, 101.75, 133.5
2023-04-06, 10:44:36, 131.0, 51.25, 19.0, 26.0, 9999.0, 1.0, 1.25, 19.75, 9999.0, 9999.0, 9999.0, 119.5, 123.0, 118.5, 102.0, 133.75
2023-04-06, 10:44:40, 131.0, 51.25, 19.25, 26.0, 9999.0, 1.25, 1.5, 19.75, 9999.0, 9999.0, 9999.0, 119.25, 123.0, 118.25, 101.75, 133.75
2023-04-06, 10:44:44, 131.0, 51.25, 19.0, 24.75, 9999.0, -0.5, -0.5, 19.5, 9999.0, 9999.0, 9999.0, 119.25, 123.0, 118.5, 101.75, 133.75
2023-04-06, 10:44:48, 131.0, 51.25, 19.0, 26.0, 9999.0, 1.0, 1.5, 19.5, 9999.0, 9999.0, 9999.0, 119.25, 123.0, 118.5, 101.75, 133.75
2023-04-06, 10:44:52, 131.0, 51.25, 19.0, 26.0, 9999.0, 1.0, 1.5, 19.75, 9999.0, 9999.0, 9999.0, 119.25, 122.75, 118.25, 101.75, 133.75
2023-04-06, 10:44:56, 131.0, 51.0, 19.0, 26.0, 9999.0, 1.0, 1.5, 19.5, 9999.0, 9999.0, 9999.0, 118.75, 122.0, 117.25, 100.25, 133.25
2023-04-06, 10:45:00, 131.0, 51.25, 19.0, 26.0, 9999.0, 1.0, 1.25, 19.5, 9999.0, 9999.0, 9999.0, 119.25, 122.75, 118.5, 101.75, 133.5
2023-04-06, 10:45:04, 131.0, 51.25, 19.0, 26.0, 9999.0, 1.0, 1.25, 19.5, 9999.0, 9999.0, 9999.0, 119.0, 122.75, 118.5, 102.0, 133.75
2023-04-06, 10:45:08, 131.0, 51.25, 19.0, 26.0, 9999.0, 1.25, 1.5, 19.5, 9999.0, 9999.0, 9999.0, 119.0, 122.75, 118.5, 101.75, 133.75
2023-04-06, 10:45:12, 131.0, 51.25, 19.0, 26.0, 9999.0, 1.0, 0.0, 17.25, 9999.0, 9999.0, 9999.0, 119.0, 122.75, 118.5, 101.75, 133.75
2023-04-06, 10:45:16, 131.0, 51.25, 19.0, 26.0, 9999.0, 1.25, 1.5, 19.75, 9999.0, 9999.0, 9999.0, 119.0, 122.75, 118.25, 101.75, 133.75
2023-04-06, 10:45:20, 131.0, 51.25, 19.0, 26.0, 9999.0, 1.5, 1.5, 19.75, 9999.0, 9999.0, 9999.0, 119.0, 122.75, 118.25, 101.75, 133.75
2023-04-06, 10:45:24, 131.0, 51.25, 18.75, 25.75, 9999.0, 1.5, 1.5, 19.75, 9999.0, 9999.0, 9999.0, 119.75, 122.5, 117.75, 101.25, 132.25
2023-04-06, 10:45:28, 130.25, 51.25, 19.0, 26.0, 9999.0, 1.25, 1.5, 19.5, 9999.0, 9999.0, 9999.0, 119.75, 122.75, 118.25, 101.75, 133.75
2023-04-06, 10:45:32, 131.0, 51.25, 19.0, 26.0, 9999.0, 1.25, 1.25, 19.75, 9999.0, 9999.0, 9999.0, 119.5, 122.75, 118.25, 101.75, 133.75
2023-04-06, 10:45:36, 131.0, 51.25, 19.0, 26.0, 9999.0, 1.25, 1.5, 19.75, 9999.0, 9999.0, 9999.0, 119.25, 122.75, 118.25, 101.75, 133.5
2023-04-06, 10:45:40, 131.0, 51.0, 19.0, 26.0, 9999.0, -0.25, 1.0, 18.75, 9999.0, 9999.0, 9999.0, 119.5, 122.75, 118.25, 101.75, 133.75
2023-04-06, 10:45:44, 131.0, 51.25, 19.0, 25.75, 9999.0, 1.0, 1.5, 19.75, 9999.0, 9999.0, 9999.0, 119.5, 122.75, 118.25, 101.75, 133.5
2023-04-06, 10:45:48, 131.0, 51.25, 19.0, 25.75, 9999.0, 1.25, 1.5, 19.5, 9999.0, 9999.0, 9999.0, 119.5, 122.75, 118.25, 101.75, 133.75
2023-04-06, 10:45:52, 131.0, 51.25, 19.0, 25.75, 9999.0, 1.0, 1.5, 19.5, 9999.0, 9999.0, 9999.0, 119.25, 122.75, 118.25, 101.0, 133.0
2023-04-06, 10:45:56, 129.5, 50.0, 19.0, 26.0, 9999.0, 1.0, 1.5, 19.75, 9999.0, 9999.0, 9999.0, 119.25, 123.0, 118.5, 101.75, 133.5
2023-04-06, 10:46:00, 131.0, 51.25, 19.0, 26.0, 9999.0, 1.0, 1.5, 19.75, 9999.0, 9999.0, 9999.0, 119.25, 123.0, 118.5, 101.75, 133.75
2023-04-06, 10:46:04, 131.0, 51.25, 19.0, 26.0, 9999.0, 1.0, 1.25, 19.5, 9999.0, 9999.0, 9999.0, 119.25, 122.75, 118.25, 101.75, 133.75
2023-04-06, 10:46:08, 131.0, 51.25, 19.0, 26.0, 9999.0, 1.0, 0.25, 18.75, 9999.0, 9999.0, 9999.0, 119.25, 123.0, 118.5, 101.75, 133.5
2023-04-06, 10:46:12, 131.0, 51.25, 19.0, 26.0, 9999.0, 1.0, 1.25, 19.5, 9999.0, 9999.0, 9999.0, 119.25, 123.0, 118.25, 101.75, 133.75
2023-04-06, 10:46:16, 131.0, 51.0, 19.0, 26.0, 9999.0, 1.0, 1.25, 19.5, 9999.0, 9999.0, 9999.0, 119.0, 122.75, 118.25, 101.75, 133.75
2023-04-06, 10:46:20, 131.0, 51.25, 19.0, 26.0, 9999.0, 1.0, 1.25, 19.5, 9999.0, 9999.0, 9999.0, 119.0, 122.75, 118.25, 101.75, 132.25
2023-04-06, 10:46:24, 130.75, 49.75, 16.5, 26.0, 9999.0, 1.0, 1.25, 19.5, 9999.0, 9999.0, 9999.0, 119.0, 122.75, 118.25, 101.75, 133.5
2023-04-06, 10:46:28, 131.0, 51.25, 19.25, 26.0, 9999.0, 1.25, 1.25, 19.5, 9999.0, 9999.0, 9999.0, 119.0, 122.75, 118.5, 101.75, 133.5
2023-04-06, 10:46:32, 131.0, 51.25, 19.0, 25.75, 9999.0, 1.25, 1.25, 19.5, 9999.0, 9999.0, 9999.0, 119.0, 122.75, 118.25, 101.75, 133.5
2023-04-06, 10:46:36, 131.0, 51.25, 19.0, 25.75, 9999.0, 1.25, 1.25, 19.25, 9999.0, 9999.0, 9999.0, 119.0, 122.75, 118.5, 101.75, 133.75
2023-04-06, 10:46:40, 131.0, 51.25, 19.0, 26.0, 9999.0, 1.25, 1.5, 19.5, 9999.0, 9999.0, 9999.0, 119.0, 122.75, 118.5, 101.75, 133.75
2023-04-06, 10:46:44, 131.0, 51.0, 19.0, 26.0, 9999.0, 1.25, 1.25, 19.5, 9999.0, 9999.0, 9999.0, 119.5, 122.75, 118.25, 101.75, 133.75
2023-04-06, 10:46:48, 131.0, 51.25, 18.75, 26.0, 9999.0, 1.25, 1.25, 19.5, 9999.0, 9999.0, 9999.0, 119.5, 122.75, 118.5, 101.75, 133.5
2023-04-06, 10:46:52, 129.5, 51.0, 18.0, 21.5, 9999.0, 1.25, 1.25, 19.5, 9999.0, 9999.0, 9999.0, 119.5, 122.75, 118.25, 102.0, 133.5
2023-04-06, 10:46:56, 131.0, 51.25, 19.0, 26.0, 9999.0, 1.25, 1.25, 19.5, 9999.0, 9999.0, 9999.0, 119.5, 122.75, 118.5, 101.75, 133.5
2023-04-06, 10:47:00, 131.0, 51.0, 19.0, 25.75, 9999.0, 1.0, 1.5, 19.5, 9999.0, 9999.0, 9999.0, 119.5, 122.75, 118.25, 101.75, 133.5
2023-04-06, 10:47:04, 130.75, 51.25, 19.0, 25.75, 9999.0, 1.0, 1.25, 19.5, 9999.0, 9999.0, 9999.0, 118.0, 122.5, 118.5, 101.75, 133.5
2023-04-06, 10:47:08, 131.0, 51.25, 19.0, 25.75, 9999.0, 1.0, 1.5, 19.5, 9999.0, 9999.0, 9999.0, 119.25, 122.75, 118.25, 102.0, 133.5
2023-04-06, 10:47:12, 131.0, 51.25, 19.0, 26.0, 9999.0, 1.0, 1.25, 19.75, 9999.0, 9999.0, 9999.0, 119.25, 123.0, 118.25, 101.75, 133.5
2023-04-06, 10:47:16, 131.0, 51.25, 19.0, 25.75, 9999.0, 1.0, 1.25, 19.5, 9999.0, 9999.0, 9999.0, 119.25, 123.0, 118.5, 102.0, 133.5
2023-04-06, 10:47:20, 131.0, 49.75, 18.5, 24.5, 9999.0, 1.0, 1.25, 19.5, 9999.0, 9999.0, 9999.0, 119.25, 122.75, 118.5, 101.75, 133.75
2023-04-06, 10:47:24, 131.0, 51.25, 18.75, 25.75, 9999.0, 1.0, 1.25, 19.5, 9999.0, 9999.0, 9999.0, 119.25, 122.75, 118.5, 101.75, 133.75
2023-04-06, 10:47:28, 131.0, 51.25, 19.0, 25.75, 9999.0, 1.0, 1.5, 19.75, 9999.0, 9999.0, 9999.0, 119.25, 122.75, 118.25, 101.75, 133.25
2023-04-06, 10:47:32, 130.75, 51.0, 19.0, 25.5, 9999.0, 1.0, 1.25, 19.5, 9999.0, 9999.0, 9999.0, 118.75, 121.25, 117.75, 102.0, 133.75
2023-04-06, 10:47:36, 131.0, 51.0, 19.0, 25.75, 9999.0, 1.0, 1.25, 19.5, 9999.0, 9999.0, 9999.0, 119.25, 122.75, 118.5, 101.75, 133.75
2023-04-06, 10:47:40, 131.0, 51.25, 19.0, 25.75, 9999.0, 1.0, 1.25, 19.5, 9999.0, 9999.0, 9999.0, 119.0, 122.75, 118.5, 102.0, 133.5
2023-04-06, 10:47:44, 131.0, 51.25, 19.0, 26.0, 9999.0, 1.0, 1.25, 19.5, 9999.0, 9999.0, 9999.0, 119.0, 122.75, 118.5, 101.75, 133.5
2023-04-06, 10:47:48, 131.0, 51.25, 18.25, 25.75, 9999.0, -1.0, 1.25, 19.5, 9999.0, 9999.0, 9999.0, 119.0, 122.75, 118.25, 101.75, 133.5
2023-04-06, 10:47:52, 131.0, 51.25, 19.0, 26.0, 9999.0, 1.0, 1.25, 19.5, 9999.0, 9999.0, 9999.0, 119.0, 122.75, 118.5, 101.75, 133.5
2023-04-06, 10:47:56, 131.0, 51.25, 19.0, 25.75, 9999.0, 1.25, 1.25, 19.5, 9999.0, 9999.0, 9999.0, 119.0, 122.75, 118.5, 102.0, 133.5
2023-04-06, 10:48:00, 131.0, 51.0, 18.75, 25.75, 9999.0, 1.25, 1.25, 19.5, 9999.0, 9999.0, 9999.0, 118.25, 122.5, 117.25, 101.25, 133.5
2023-04-06, 10:48:04, 131.0, 51.0, 19.0, 26.0, 9999.0, 1.25, 1.25, 19.5, 9999.0, 9999.0, 9999.0, 119.5, 122.75, 118.25, 101.75, 133.5
2023-04-06, 10:48:09, 131.0, 51.25, 19.0, 26.0, 9999.0, 1.25, 1.25, 19.5, 9999.0, 9999.0, 9999.0, 119.5, 122.75, 118.5, 101.75, 133.5
2023-04-06, 10:48:13, 131.0, 51.25, 18.75, 26.0, 9999.0, 1.25, 1.25, 19.5, 9999.0, 9999.0, 9999.0, 119.5, 122.75, 118.5, 101.75, 133.5
2023-04-06, 10:48:17, 131.0, 51.25, 18.75, 26.0, 9999.0, 0.5, 0.0, 19.5, 9999.0, 9999.0, 9999.0, 119.5, 122.75, 118.25, 101.75, 133.5
2023-04-06, 10:48:21, 131.0, 51.25, 19.0, 26.0, 9999.0, 1.25, 1.25, 19.5, 9999.0, 9999.0, 9999.0, 119.25, 122.75, 118.5, 101.75, 133.5
2023-04-06, 10:48:25, 131.0, 51.25, 18.75, 26.0, 9999.0, 1.0, 1.25, 19.5, 9999.0, 9999.0, 9999.0, 119.25, 122.75, 118.25, 101.75, 133.5
2023-04-06, 10:48:29, 131.0, 51.0, 18.75, 25.75, 9999.0, 1.25, 1.25, 19.5, 9999.0, 9999.0, 9999.0, 119.25, 121.25, 117.75, 101.25, 128.5
2023-04-06, 10:48:33, 130.75, 51.25, 19.0, 26.0, 9999.0, 1.0, 1.25, 19.5, 9999.0, 9999.0, 9999.0, 119.25, 122.75, 118.5, 101.75, 133.75
2023-04-06, 10:48:37, 131.0, 51.25, 19.0, 25.75, 9999.0, 1.0, 1.25, 19.5, 9999.0, 9999.0, 9999.0, 119.25, 123.0, 118.25, 101.75, 133.5
2023-04-06, 10:48:41, 131.0, 51.25, 19.0, 25.75, 9999.0, 1.0, 1.25, 19.5, 9999.0, 9999.0, 9999.0, 119.0, 122.75, 118.25, 101.75, 133.5
2023-04-06, 10:48:45, 130.75, 51.25, 19.0, 26.0, 9999.0, -0.25, 0.75, 19.0, 9999.0, 9999.0, 9999.0, 119.25, 123.0, 118.5, 101.75, 133.75
2023-04-06, 10:48:49, 131.0, 51.0, 19.0, 26.0, 9999.0, 1.0, 1.25, 19.5, 9999.0, 9999.0, 9999.0, 119.25, 122.75, 118.25, 101.75, 133.75
2023-04-06, 10:48:53, 131.0, 51.25, 19.0, 25.75, 9999.0, 1.0, 1.25, 19.5, 9999.0, 9999.0, 9999.0, 119.25, 122.75, 118.25, 101.75, 133.5
2023-04-06, 10:48:57, 131.0, 51.25, 19.0, 25.5, 9999.0, 1.0, 1.25, 19.5, 9999.0, 9999.0, 9999.0, 119.0, 122.75, 118.25, 100.75, 132.75
2023-04-06, 10:49:01, 129.75, 46.75, 19.0, 25.75, 9999.0, 1.0, 1.25, 19.5, 9999.0, 9999.0, 9999.0, 119.0, 122.75, 118.5, 101.75, 133.75
2023-04-06, 10:49:05, 131.0, 51.25, 19.0, 25.75, 9999.0, 1.25, 1.25, 19.5, 9999.0, 9999.0, 9999.0, 119.0, 122.75, 118.5, 101.75, 133.5
2023-04-06, 10:49:09, 131.0, 51.25, 19.0, 25.75, 9999.0, 1.25, 1.25, 19.5, 9999.0, 9999.0, 9999.0, 119.0, 122.75, 118.25, 101.75, 133.5
2023-04-06, 10:49:13, 130.75, 51.25, 19.0, 25.25, 9999.0, 1.0, 1.25, 18.5, 9999.0, 9999.0, 9999.0, 118.75, 122.75, 118.5, 101.75, 133.5
2023-04-06, 10:49:17, 131.0, 51.25, 19.0, 25.75, 9999.0, 1.25, 1.25, 19.5, 9999.0, 9999.0, 9999.0, 119.0, 122.75, 118.5, 101.75, 133.5
2023-04-06, 10:49:21, 131.0, 51.25, 19.0, 26.0, 9999.0, 1.25, 1.25, 19.5, 9999.0, 9999.0, 9999.0, 119.0, 122.75, 118.25, 101.75, 133.5
2023-04-06, 10:49:25, 131.0, 51.25, 19.0, 25.75, 9999.0, 1.25, 1.25, 19.5, 9999.0, 9999.0, 9999.0, 119.5, 122.75, 118.25, 101.75, 133.5
2023-04-06, 10:49:29, 129.5, 51.0, 17.75, 22.0, 9999.0, 1.25, 1.5, 19.5, 9999.0, 9999.0, 9999.0, 119.5, 122.75, 118.25, 101.75, 133.75
2023-04-06, 10:49:33, 131.0, 51.0, 19.0, 26.0, 9999.0, 1.25, 1.25, 19.5, 9999.0, 9999.0, 9999.0, 119.5, 122.5, 118.25, 101.75, 133.5
2023-04-06, 10:49:37, 131.0, 51.25, 19.0, 26.0, 9999.0, 1.25, 1.25, 19.5, 9999.0, 9999.0, 9999.0, 119.5, 122.75, 118.25, 101.75, 133.5
2023-04-06, 10:49:41, 131.0, 51.25, 19.0, 26.0, 9999.0, 1.0, 1.25, 19.5, 9999.0, 9999.0, 9999.0, 118.0, 120.25, 118.25, 101.75, 133.5
2023-04-06, 10:49:45, 131.0, 51.25, 19.0, 26.0, 9999.0, 1.0, 1.5, 19.5, 9999.0, 9999.0, 9999.0, 119.25, 122.5, 118.25, 101.75, 133.5
2023-04-06, 10:49:49, 131.0, 51.25, 19.0, 26.0, 9999.0, 1.0, 1.25, 19.5, 9999.0, 9999.0, 9999.0, 119.25, 122.5, 118.25, 101.75, 133.5
2023-04-06, 10:49:53, 131.0, 51.0, 19.0, 25.75, 9999.0, 1.0, 1.25, 19.5, 9999.0, 9999.0, 9999.0, 119.25, 122.75, 118.25, 101.75, 133.5
2023-04-06, 10:49:57, 131.0, 51.25, 18.0, 25.5, 9999.0, -1.0, 1.25, 19.5, 9999.0, 9999.0, 9999.0, 119.25, 122.75, 118.25, 101.75, 133.5
2023-04-06, 10:50:01, 131.0, 51.25, 19.0, 26.0, 9999.0, 1.0, 1.25, 19.5, 9999.0, 9999.0, 9999.0, 119.25, 122.75, 118.25, 101.75, 133.75
2023-04-06, 10:50:05, 131.0, 51.25, 19.0, 26.0, 9999.0, 1.0, 1.25, 19.5, 9999.0, 9999.0, 9999.0, 119.25, 122.75, 118.25, 101.75, 133.5
2023-04-06, 10:50:09, 130.75, 51.0, 19.0, 26.0, 9999.0, 1.0, 1.25, 19.5, 9999.0, 9999.0, 9999.0, 118.0, 122.5, 117.0, 100.25, 133.5
2023-04-06, 10:50:13, 131.0, 51.25, 19.0, 26.0, 9999.0, 1.0, 1.25, 19.5, 9999.0, 9999.0, 9999.0, 119.0, 122.75, 118.25, 101.75, 133.75
2023-04-06, 10:50:17, 131.0, 51.25, 19.0, 26.0, 9999.0, 1.0, 1.5, 19.5, 9999.0, 9999.0, 9999.0, 119.0, 122.75, 118.25, 101.75, 133.5
2023-04-06, 10:50:21, 131.0, 51.25, 19.0, 26.0, 9999.0, 1.0, 1.25, 19.5, 9999.0, 9999.0, 9999.0, 119.0, 122.75, 118.25, 101.75, 133.5
2023-04-06, 10:50:25, 131.0, 51.25, 19.25, 25.75, 9999.0, 1.0, 0.0, 17.5, 9999.0, 9999.0, 9999.0, 119.0, 122.75, 118.5, 101.75, 133.5
2023-04-06, 10:50:29, 131.0, 51.25, 19.0, 26.0, 9999.0, 1.25, 1.25, 19.5, 9999.0, 9999.0, 9999.0, 119.0, 122.75, 118.25, 102.0, 133.5
2023-04-06, 10:50:33, 131.0, 51.25, 19.0, 26.0, 9999.0, 1.0, 1.25, 19.5, 9999.0, 9999.0, 9999.0, 119.0, 122.75, 118.5, 101.75, 133.5
2023-04-06, 10:50:37, 131.0, 51.25, 19.0, 26.0, 9999.0, 1.25, 1.25, 19.5, 9999.0, 9999.0, 9999.0, 119.0, 122.75, 118.25, 101.75, 133.25
2023-04-06, 10:50:41, 130.25, 50.5, 17.5, 26.0, 9999.0, 1.25, 1.5, 19.5, 9999.0, 9999.0, 9999.0, 119.0, 122.75, 118.25, 102.0, 133.75
2023-04-06, 10:50:45, 131.0, 51.25, 19.0, 26.0, 9999.0, 1.25, 1.5, 19.5, 9999.0, 9999.0, 9999.0, 119.5, 122.75, 118.25, 101.75, 133.5
2023-04-06, 10:50:49, 131.0, 51.25, 19.25, 26.0, 9999.0, 1.25, 1.5, 19.5, 9999.0, 9999.0, 9999.0, 119.5, 122.75, 118.25, 101.75, 133.5
2023-04-06, 10:50:53, 131.0, 51.25, 19.25, 26.0, 9999.0, 1.25, 1.25, 19.5, 9999.0, 9999.0, 9999.0, 115.25, 122.75, 118.25, 102.0, 133.75
2023-04-06, 10:50:57, 131.0, 51.25, 19.0, 26.0, 9999.0, 1.25, 1.5, 19.5, 9999.0, 9999.0, 9999.0, 119.5, 122.75, 118.25, 101.75, 133.75
2023-04-06, 10:51:01, 131.0, 51.25, 19.0, 26.0, 9999.0, 1.25, 1.5, 19.5, 9999.0, 9999.0, 9999.0, 119.25, 122.75, 118.25, 102.0, 133.5
2023-04-06, 10:51:05, 131.0, 51.25, 19.0, 26.0, 9999.0, 1.25, 1.25, 19.5, 9999.0, 9999.0, 9999.0, 119.25, 122.5, 118.25, 101.75, 133.75
2023-04-06, 10:51:09, 130.75, 50.5, 18.5, 24.75, 9999.0, 1.25, 1.5, 19.75, 9999.0, 9999.0, 9999.0, 119.25, 122.75, 118.25, 102.0, 133.5
2023-04-06, 10:51:13, 131.0, 51.25, 19.25, 26.0, 9999.0, 1.0, 1.5, 19.5, 9999.0, 9999.0, 9999.0, 119.25, 122.75, 118.25, 102.0, 133.75
2023-04-06, 10:51:17, 131.0, 51.25, 19.0, 26.0, 9999.0, 1.0, 1.5, 19.75, 9999.0, 9999.0, 9999.0, 119.25, 122.75, 118.25, 102.0, 133.5
2023-04-06, 10:51:21, 131.0, 51.25, 19.0, 26.0, 9999.0, 1.0, 1.25, 19.5, 9999.0, 9999.0, 9999.0, 118.0, 117.75, 118.25, 102.0, 133.75
2023-04-06, 10:51:25, 131.0, 51.25, 19.0, 25.75, 9999.0, 1.0, 1.5, 19.75, 9999.0, 9999.0, 9999.0, 119.25, 122.75, 118.5, 102.0, 133.75
2023-04-06, 10:51:29, 131.25, 51.25, 19.0, 26.0, 9999.0, 1.25, 1.5, 19.75, 9999.0, 9999.0, 9999.0, 119.25, 122.75, 118.25, 101.75, 133.75
2023-04-06, 10:51:33, 131.0, 51.25, 19.0, 26.0, 9999.0, 1.0, 1.5, 19.5, 9999.0, 9999.0, 9999.0, 119.0, 122.75, 118.25, 102.0, 133.75
2023-04-06, 10:51:37, 131.0, 51.25, 18.25, 25.5, 9999.0, 0.75, 1.25, 19.75, 9999.0, 9999.0, 9999.0, 119.0, 122.75, 118.25, 102.0, 133.75
2023-04-06, 10:51:41, 131.0, 51.25, 19.0, 26.25, 9999.0, 1.0, 1.25, 19.75, 9999.0, 9999.0, 9999.0, 119.0, 122.75, 118.5, 102.0, 133.5
2023-04-06, 10:51:45, 131.0, 51.25, 19.25, 26.0, 9999.0, 1.25, 1.5, 19.75, 9999.0, 9999.0, 9999.0, 119.0, 122.75, 118.5, 102.0, 133.75
2023-04-06, 10:51:49, 131.0, 51.25, 19.0, 26.0, 9999.0, 1.25, 1.25, 19.75, 9999.0, 9999.0, 9999.0, 118.75, 121.5, 115.25, 102.0, 133.75
2023-04-06, 10:51:53, 131.0, 51.25, 19.25, 26.0, 9999.0, 1.25, 1.5, 19.75, 9999.0, 9999.0, 9999.0, 119.0, 122.75, 118.25, 102.0, 133.5
2023-04-06, 10:51:57, 131.0, 51.25, 19.25, 26.0, 9999.0, 1.5, 1.5, 19.75, 9999.0, 9999.0, 9999.0, 119.0, 122.75, 118.5, 102.0, 133.5
2023-04-06, 10:52:01, 131.0, 51.25, 19.25, 26.0, 9999.0, 1.5, 1.5, 19.75, 9999.0, 9999.0, 9999.0, 119.0, 122.75, 118.25, 102.0, 133.5
2023-04-06, 10:52:05, 131.0, 51.25, 19.25, 25.0, 9999.0, -0.25, 0.75, 19.75, 9999.0, 9999.0, 9999.0, 119.5, 122.75, 118.25, 102.0, 133.75
2023-04-06, 10:52:09, 131.0, 51.25, 19.25, 26.0, 9999.0, 1.5, 1.5, 19.75, 9999.0, 9999.0, 9999.0, 119.5, 122.75, 118.25, 102.0, 133.75
2023-04-06, 10:52:13, 131.0, 51.25, 19.0, 26.0, 9999.0, 1.25, 1.5, 19.75, 9999.0, 9999.0, 9999.0, 119.5, 122.75, 118.25, 102.0, 133.75
2023-04-06, 10:52:17, 131.0, 51.25, 19.0, 26.0, 9999.0, 1.5, 1.5, 19.75, 9999.0, 9999.0, 9999.0, 119.0, 122.25, 117.25, 100.75, 133.5
2023-04-06, 10:52:21, 131.25, 51.25, 19.0, 26.0, 9999.0, 1.25, 1.5, 19.75, 9999.0, 9999.0, 9999.0, 119.25, 122.75, 118.25, 102.0, 133.75
2023-04-06, 10:52:25, 131.25, 51.25, 19.25, 26.0, 9999.0, 1.25, 1.5, 19.75, 9999.0, 9999.0, 9999.0, 119.25, 122.75, 118.25, 102.0, 133.75
2023-04-06, 10:52:29, 131.25, 51.25, 19.25, 25.75, 9999.0, 1.25, 1.5, 19.75, 9999.0, 9999.0, 9999.0, 119.25, 122.75, 118.25, 102.0, 133.75
2023-04-06, 10:52:34, 131.0, 51.25, 19.0, 25.5, 9999.0, 1.0, 0.25, 19.0, 9999.0, 9999.0, 9999.0, 119.25, 122.75, 118.25, 102.0, 133.75
2023-04-06, 10:52:38, 131.25, 51.25, 19.25, 25.75, 9999.0, 1.25, 1.5, 19.75, 9999.0, 9999.0, 9999.0, 119.25, 123.0, 118.25, 102.0, 133.75
2023-04-06, 10:52:42, 131.25, 51.5, 19.25, 25.75, 9999.0, 1.0, 1.5, 19.75, 9999.0, 9999.0, 9999.0, 119.25, 122.75, 118.25, 102.0, 133.75
2023-04-06, 10:52:46, 131.25, 51.5, 19.0, 25.75, 9999.0, 1.25, 1.5, 19.75, 9999.0, 9999.0, 9999.0, 119.25, 122.75, 117.75, 101.5, 132.25
2023-04-06, 10:52:50, 131.0, 51.25, 19.25, 26.0, 9999.0, 1.25, 1.5, 19.75, 9999.0, 9999.0, 9999.0, 119.25, 122.75, 118.25, 102.0, 133.75
2023-04-06, 10:52:54, 131.25, 51.5, 19.0, 26.0, 9999.0, 1.0, 1.5, 19.75, 9999.0, 9999.0, 9999.0, 119.25, 122.75, 118.25, 102.0, 133.75
2023-04-06, 10:52:58, 131.25, 51.5, 19.25, 26.0, 9999.0, 1.0, 1.5, 19.75, 9999.0, 9999.0, 9999.0, 119.0, 122.75, 118.25, 102.0, 133.75
2023-04-06, 10:53:02, 131.25, 51.25, 19.25, 25.75, 9999.0, 0.0, 1.25, 18.75, 9999.0, 9999.0, 9999.0, 119.0, 122.75, 118.5, 102.0, 133.75
2023-04-06, 10:53:06, 131.25, 51.25, 19.25, 26.0, 9999.0, 1.25, 1.5, 19.75, 9999.0, 9999.0, 9999.0, 119.0, 122.75, 118.5, 101.75, 133.75
2023-04-06, 10:53:10, 131.25, 51.5, 19.25, 26.0, 9999.0, 1.25, 1.5, 19.75, 9999.0, 9999.0, 9999.0, 119.0, 122.75, 118.25, 102.0, 133.75
2023-04-06, 10:53:14, 131.25, 51.25, 19.25, 26.0, 9999.0, 1.25, 1.5, 19.75, 9999.0, 9999.0, 9999.0, 119.0, 122.75, 118.25, 101.25, 133.25
2023-04-06, 10:53:18, 129.25, 51.0, 19.25, 26.0, 9999.0, 1.5, 1.5, 19.75, 9999.0, 9999.0, 9999.0, 119.0, 122.75, 118.5, 102.0, 133.75
2023-04-06, 10:53:22, 131.25, 51.5, 19.25, 26.0, 9999.0, 1.5, 1.5, 19.75, 9999.0, 9999.0, 9999.0, 119.0, 122.75, 118.25, 102.0, 133.75
2023-04-06, 10:53:26, 131.0, 51.5, 19.25, 25.75, 9999.0, 1.5, 1.5, 19.75, 9999.0, 9999.0, 9999.0, 119.75, 122.75, 118.25, 101.75, 133.75
2023-04-06, 10:53:30, 131.25, 51.5, 19.0, 25.75, 9999.0, 1.5, 0.25, 19.5, 9999.0, 9999.0, 9999.0, 119.5, 122.75, 118.25, 102.0, 133.75
2023-04-06, 10:53:34, 131.25, 51.5, 19.0, 26.0, 9999.0, 1.5, 1.5, 19.75, 9999.0, 9999.0, 9999.0, 119.5, 122.75, 118.25, 101.75, 133.75
2023-04-06, 10:53:38, 131.25, 51.5, 19.25, 26.25, 9999.0, 1.5, 1.5, 19.75, 9999.0, 9999.0, 9999.0, 119.5, 122.75, 118.25, 102.0, 133.75
2023-04-06, 10:53:42, 131.25, 51.5, 19.0, 26.0, 9999.0, 1.25, 1.5, 19.75, 9999.0, 9999.0, 9999.0, 119.5, 122.5, 118.25, 101.75, 132.75
2023-04-06, 10:53:46, 131.0, 50.0, 18.25, 26.0, 9999.0, 1.25, 1.5, 19.75, 9999.0, 9999.0, 9999.0, 119.5, 122.5, 118.25, 101.75, 133.75
2023-04-06, 10:53:50, 131.25, 51.25, 19.25, 26.25, 9999.0, 1.25, 1.5, 19.75, 9999.0, 9999.0, 9999.0, 119.25, 122.5, 118.25, 102.0, 133.75
2023-04-06, 10:53:54, 131.25, 51.25, 19.25, 26.0, 9999.0, 1.25, 1.5, 19.75, 9999.0, 9999.0, 9999.0, 119.25, 122.75, 118.25, 101.75, 133.75
2023-04-06, 10:53:58, 131.25, 51.25, 19.0, 26.0, 9999.0, 1.25, 1.5, 18.5, 9999.0, 9999.0, 9999.0, 119.25, 122.75, 118.25, 102.0, 133.75
2023-04-06, 10:54:02, 131.25, 51.25, 19.0, 26.0, 9999.0, 1.25, 1.5, 19.75, 9999.0, 9999.0, 9999.0, 119.25, 122.75, 118.25, 101.75, 133.75
2023-04-06, 10:54:06, 131.25, 51.25, 19.0, 26.0, 9999.0, 1.25, 1.5, 19.75, 9999.0, 9999.0, 9999.0, 119.25, 122.75, 118.25, 102.0, 133.75
2023-04-06, 10:54:10, 131.25, 51.25, 19.0, 26.0, 9999.0, 1.0, 1.5, 19.75, 9999.0, 9999.0, 9999.0, 119.25, 122.75, 118.25, 101.75, 133.75
2023-04-06, 10:54:14, 130.25, 51.25, 17.5, 24.75, 9999.0, 1.0, 1.5, 19.75, 9999.0, 9999.0, 9999.0, 119.0, 122.75, 118.25, 101.75, 133.75
2023-04-06, 10:54:18, 131.25, 51.5, 19.0, 26.0, 9999.0, 1.25, 1.5, 19.75, 9999.0, 9999.0, 9999.0, 119.0, 122.75, 118.25, 101.75, 133.75
2023-04-06, 10:54:22, 131.25, 51.25, 19.0, 26.0, 9999.0, 1.25, 1.5, 19.75, 9999.0, 9999.0, 9999.0, 119.0, 122.75, 118.5, 101.75, 133.75
2023-04-06, 10:54:26, 131.25, 51.25, 19.0, 26.0, 9999.0, 1.25, 1.5, 19.75, 9999.0, 9999.0, 9999.0, 116.0, 122.5, 118.25, 102.0, 133.75
2023-04-06, 10:54:30, 131.0, 51.5, 19.0, 26.0, 9999.0, 1.25, 1.5, 19.75, 9999.0, 9999.0, 9999.0, 119.0, 122.75, 118.25, 101.75, 133.75
2023-04-06, 10:54:34, 131.0, 51.25, 19.0, 26.0, 9999.0, 1.25, 1.5, 19.75, 9999.0, 9999.0, 9999.0, 119.0, 122.75, 118.25, 101.75, 133.75
2023-04-06, 10:54:38, 131.25, 51.5, 19.25, 26.0, 9999.0, 1.5, 1.25, 19.75, 9999.0, 9999.0, 9999.0, 119.0, 122.75, 118.25, 101.75, 133.75
2023-04-06, 10:54:42, 131.25, 50.5, 19.0, 24.25, 9999.0, 1.5, 1.5, 19.75, 9999.0, 9999.0, 9999.0, 119.0, 122.75, 118.25, 101.75, 133.75
2023-04-06, 10:54:46, 131.25, 51.5, 19.25, 26.0, 9999.0, 1.5, 1.5, 19.75, 9999.0, 9999.0, 9999.0, 119.75, 122.75, 118.25, 101.75, 133.75
2023-04-06, 10:54:50, 131.25, 51.5, 19.0, 26.0, 9999.0, 1.5, 1.5, 19.75, 9999.0, 9999.0, 9999.0, 119.5, 122.5, 118.25, 101.75, 133.5
2023-04-06, 10:54:54, 131.0, 51.25, 19.25, 26.0, 9999.0, 1.25, 1.5, 19.75, 9999.0, 9999.0, 9999.0, 119.0, 120.5, 118.0, 101.75, 133.75
2023-04-06, 10:54:58, 131.25, 51.25, 19.0, 25.75, 9999.0, 1.25, 1.5, 19.75, 9999.0, 9999.0, 9999.0, 119.5, 122.75, 118.25, 101.75, 133.75
2023-04-06, 10:55:02, 131.25, 51.25, 19.25, 25.75, 9999.0, 1.25, 1.5, 19.75, 9999.0, 9999.0, 9999.0, 119.25, 122.5, 118.25, 101.75, 133.75
2023-04-06, 10:55:06, 131.25, 51.25, 19.0, 26.0, 9999.0, 1.25, 1.5, 19.75, 9999.0, 9999.0, 9999.0, 119.25, 122.75, 118.25, 101.75, 133.75
2023-04-06, 10:55:10, 131.25, 51.25, 18.0, 25.75, 9999.0, -1.5, 1.5, 19.75, 9999.0, 9999.0, 9999.0, 119.25, 122.75, 118.25, 101.75, 133.75
2023-04-06, 10:55:14, 131.25, 51.25, 19.25, 26.0, 9999.0, 1.25, 1.5, 19.75, 9999.0, 9999.0, 9999.0, 119.25, 122.75, 118.25, 102.0, 133.75
2023-04-06, 10:55:18, 131.0, 51.5, 19.0, 26.0, 9999.0, 1.25, 1.5, 19.75, 9999.0, 9999.0, 9999.0, 119.25, 122.75, 118.25, 102.0, 133.75
2023-04-06, 10:55:22, 131.0, 51.25, 19.25, 25.75, 9999.0, 1.25, 1.5, 19.75, 9999.0, 9999.0, 9999.0, 118.5, 122.5, 116.75, 101.5, 133.5
2023-04-06, 10:55:26, 131.25, 51.25, 19.25, 26.0, 9999.0, 1.25, 1.5, 19.75, 9999.0, 9999.0, 9999.0, 119.25, 122.75, 118.25, 101.75, 133.75
2023-04-06, 10:55:30, 131.25, 51.25, 19.25, 26.0, 9999.0, 1.25, 1.5, 19.75, 9999.0, 9999.0, 9999.0, 119.25, 122.75, 118.25, 101.75, 133.75
2023-04-06, 10:55:34, 131.25, 51.25, 19.0, 26.0, 9999.0, 1.25, 1.5, 19.75, 9999.0, 9999.0, 9999.0, 119.25, 122.75, 118.25, 101.75, 133.75
2023-04-06, 10:55:38, 131.25, 51.25, 19.25, 24.5, 9999.0, 0.0, -2.25, 19.75, 9999.0, 9999.0, 9999.0, 119.0, 122.75, 118.25, 101.75, 133.75
2023-04-06, 10:55:42, 131.25, 51.5, 19.25, 26.0, 9999.0, 1.25, 1.5, 19.75, 9999.0, 9999.0, 9999.0, 119.0, 122.75, 118.25, 101.75, 133.75
2023-04-06, 10:55:46, 131.25, 51.25, 19.0, 26.0, 9999.0, 1.25, 1.5, 19.75, 9999.0, 9999.0, 9999.0, 119.0, 122.75, 118.25, 101.75, 133.75
2023-04-06, 10:55:50, 131.0, 51.25, 19.0, 26.0, 9999.0, 1.25, 1.5, 19.75, 9999.0, 9999.0, 9999.0, 119.0, 121.75, 118.25, 100.75, 132.5
2023-04-06, 10:55:54, 131.25, 51.5, 19.0, 26.0, 9999.0, 1.25, 1.5, 19.75, 9999.0, 9999.0, 9999.0, 119.0, 122.75, 118.25, 101.75, 133.75
2023-04-06, 10:55:58, 131.25, 51.25, 19.0, 26.0, 9999.0, 1.5, 1.5, 19.75, 9999.0, 9999.0, 9999.0, 119.0, 122.75, 118.25, 101.75, 133.75
2023-04-06, 10:56:02, 131.25, 51.25, 19.0, 26.0, 9999.0, 1.5, 1.5, 19.75, 9999.0, 9999.0, 9999.0, 119.5, 122.5, 118.25, 101.75, 133.75
2023-04-06, 10:56:06, 131.0, 51.25, 19.25, 25.75, 9999.0, 0.75, 0.25, 16.75, 9999.0, 9999.0, 9999.0, 119.5, 122.75, 118.25, 101.75, 133.75
2023-04-06, 10:56:10, 131.0, 51.25, 19.0, 25.75, 9999.0, 1.5, 1.5, 19.75, 9999.0, 9999.0, 9999.0, 119.5, 122.75, 118.25, 101.75, 133.75
2023-04-06, 10:56:14, 131.25, 51.25, 19.0, 25.75, 9999.0, 1.25, 1.5, 19.75, 9999.0, 9999.0, 9999.0, 119.5, 122.75, 118.25, 101.75, 133.75
2023-04-06, 10:56:18, 131.0, 51.25, 19.0, 26.0, 9999.0, 1.25, 1.5, 19.75, 9999.0, 9999.0, 9999.0, 119.5, 122.5, 117.25, 101.75, 131.75
2023-04-06, 10:56:22, 129.5, 51.25, 19.0, 26.0, 9999.0, 1.25, 1.5, 19.75, 9999.0, 9999.0, 9999.0, 119.25, 122.5, 118.25, 101.75, 133.75
2023-04-06, 10:56:26, 131.0, 51.25, 19.0, 26.0, 9999.0, 1.25, 1.5, 19.75, 9999.0, 9999.0, 9999.0, 119.25, 122.5, 118.25, 101.75, 133.75
2023-04-06, 10:56:30, 131.0, 51.25, 19.0, 26.0, 9999.0, 1.25, 1.5, 19.75, 9999.0, 9999.0, 9999.0, 119.25, 122.5, 118.25, 101.75, 133.75
2023-04-06, 10:56:34, 131.25, 51.25, 19.0, 26.0, 9999.0, 1.25, 0.5, 19.5, 9999.0, 9999.0, 9999.0, 119.25, 123.0, 118.25, 101.75, 133.75
2023-04-06, 10:56:38, 131.0, 51.25, 19.0, 26.0, 9999.0, 1.25, 1.5, 19.75, 9999.0, 9999.0, 9999.0, 119.25, 122.75, 118.25, 101.75, 133.75
2023-04-06, 10:56:42, 131.25, 51.25, 19.25, 26.25, 9999.0, 1.25, 1.5, 19.75, 9999.0, 9999.0, 9999.0, 119.25, 122.75, 118.25, 101.75, 133.75
2023-04-06, 10:56:46, 131.25, 51.25, 19.25, 26.0, 9999.0, 1.0, 1.5, 19.75, 9999.0, 9999.0, 9999.0, 119.25, 122.75, 118.25, 101.75, 132.5
2023-04-06, 10:56:50, 130.75, 49.75, 18.5, 26.0, 9999.0, 1.25, 1.5, 19.75, 9999.0, 9999.0, 9999.0, 119.25, 122.75, 118.25, 101.75, 133.75
2023-04-06, 10:56:54, 131.25, 51.25, 19.0, 26.0, 9999.0, 1.25, 1.5, 19.75, 9999.0, 9999.0, 9999.0, 119.0, 122.75, 118.25, 101.75, 133.75
2023-04-06, 10:56:58, 131.0, 51.25, 19.0, 26.0, 9999.0, 1.25, 1.5, 19.75, 9999.0, 9999.0, 9999.0, 119.0, 122.75, 118.25, 101.75, 133.75
2023-04-06, 10:57:03, 131.25, 51.25, 19.0, 25.5, 9999.0, 1.0, 1.5, 19.75, 9999.0, 9999.0, 9999.0, 118.5, 122.75, 118.25, 101.75, 133.75
2023-04-06, 10:57:07, 131.25, 51.25, 19.0, 25.5, 9999.0, 1.25, 1.5, 19.75, 9999.0, 9999.0, 9999.0, 119.0, 122.75, 118.25, 101.75, 133.75
2023-04-06, 10:57:11, 131.25, 51.25, 19.0, 25.5, 9999.0, 1.25, 1.5, 19.75, 9999.0, 9999.0, 9999.0, 119.0, 122.75, 118.25, 101.75, 133.75
2023-04-06, 10:57:15, 131.0, 51.25, 19.0, 25.5, 9999.0, 1.25, 1.25, 19.75, 9999.0, 9999.0, 9999.0, 119.0, 122.75, 118.25, 101.75, 133.5
2023-04-06, 10:57:19, 131.0, 50.5, 18.75, 24.25, 9999.0, 1.25, 1.5, 19.75, 9999.0, 9999.0, 9999.0, 119.0, 122.75, 118.25, 101.75, 133.75
2023-04-06, 10:57:23, 131.25, 51.25, 19.0, 26.0, 9999.0, 1.5, 1.5, 19.75, 9999.0, 9999.0, 9999.0, 119.5, 122.75, 118.25, 101.75, 133.75
2023-04-06, 10:57:27, 131.25, 51.25, 19.0, 26.0, 9999.0, 1.5, 1.5, 19.75, 9999.0, 9999.0, 9999.0, 119.5, 122.75, 118.25, 101.75, 133.25
2023-04-06, 10:57:31, 131.0, 51.25, 19.0, 26.0, 9999.0, 1.25, 1.5, 19.75, 9999.0, 9999.0, 9999.0, 119.25, 121.25, 117.75, 101.75, 133.75
2023-04-06, 10:57:35, 131.25, 51.25, 19.0, 26.0, 9999.0, 1.25, 1.5, 19.75, 9999.0, 9999.0, 9999.0, 119.5, 122.75, 118.25, 101.75, 133.75
2023-04-06, 10:57:39, 131.0, 51.25, 19.0, 26.0, 9999.0, 1.25, 1.5, 19.75, 9999.0, 9999.0, 9999.0, 119.25, 122.75, 118.0, 101.5, 133.5
2023-04-06, 10:57:43, 131.25, 51.25, 19.0, 26.25, 9999.0, 1.25, 1.5, 19.75, 9999.0, 9999.0, 9999.0, 119.25, 122.5, 118.25, 101.75, 133.75
2023-04-06, 10:57:47, 131.0, 51.25, 18.75, 25.5, 9999.0, 0.0, 0.75, 19.75, 9999.0, 9999.0, 9999.0, 119.25, 122.5, 118.25, 101.75, 133.75
2023-04-06, 10:57:51, 131.25, 51.25, 19.0, 26.0, 9999.0, 1.25, 1.5, 19.5, 9999.0, 9999.0, 9999.0, 119.25, 122.75, 118.25, 101.75, 133.75
2023-04-06, 10:57:55, 131.0, 51.25, 19.0, 26.0, 9999.0, 1.25, 1.5, 19.75, 9999.0, 9999.0, 9999.0, 119.25, 122.75, 118.25, 101.75, 133.5
2023-04-06, 10:57:59, 131.0, 51.25, 19.0, 26.0, 9999.0, 1.25, 1.5, 19.5, 9999.0, 9999.0, 9999.0, 119.0, 122.0, 117.5, 100.75, 132.5
2023-04-06, 10:58:03, 131.0, 51.25, 19.0, 26.0, 9999.0, 1.25, 1.5, 19.75, 9999.0, 9999.0, 9999.0, 119.25, 122.75, 118.25, 101.75, 133.75
2023-04-06, 10:58:07, 131.0, 51.25, 19.0, 26.0, 9999.0, 1.0, 1.5, 19.75, 9999.0, 9999.0, 9999.0, 119.25, 122.75, 118.25, 101.75, 133.5
2023-04-06, 10:58:11, 131.0, 51.25, 19.0, 26.0, 9999.0, 1.25, 1.5, 19.75, 9999.0, 9999.0, 9999.0, 119.0, 122.75, 118.0, 101.5, 133.75
2023-04-06, 10:58:15, 131.0, 51.25, 19.0, 26.0, 9999.0, 0.75, 0.5, 15.75, 9999.0, 9999.0, 9999.0, 119.0, 122.75, 118.25, 101.75, 133.75
2023-04-06, 10:58:19, 131.0, 51.25, 19.0, 26.0, 9999.0, 1.0, 1.25, 19.75, 9999.0, 9999.0, 9999.0, 119.0, 122.75, 118.25, 101.75, 133.75
2023-04-06, 10:58:23, 131.0, 51.25, 19.0, 26.0, 9999.0, 1.0, 1.5, 19.75, 9999.0, 9999.0, 9999.0, 119.0, 122.5, 118.25, 101.75, 133.5
2023-04-06, 10:58:27, 131.0, 51.25, 18.75, 25.75, 9999.0, 1.25, 1.25, 19.75, 9999.0, 9999.0, 9999.0, 119.0, 122.5, 117.5, 101.25, 132.25
2023-04-06, 10:58:31, 130.75, 51.25, 19.0, 26.0, 9999.0, 1.25, 1.5, 19.5, 9999.0, 9999.0, 9999.0, 118.75, 122.75, 118.25, 101.75, 133.5
2023-04-06, 10:58:35, 131.25, 51.25, 19.0, 26.0, 9999.0, 1.25, 1.5, 19.75, 9999.0, 9999.0, 9999.0, 119.0, 122.75, 118.25, 101.75, 133.75
2023-04-06, 10:58:39, 131.0, 51.25, 19.0, 26.0, 9999.0, 1.5, 1.5, 19.75, 9999.0, 9999.0, 9999.0, 119.0, 122.25, 118.25, 101.75, 133.5
2023-04-06, 10:58:43, 131.25, 51.25, 19.0, 26.0, 9999.0, 0.0, 1.25, 18.5, 9999.0, 9999.0, 9999.0, 119.5, 122.5, 118.25, 101.75, 133.75
2023-04-06, 10:58:47, 131.25, 51.25, 19.0, 26.0, 9999.0, 1.25, 1.5, 19.5, 9999.0, 9999.0, 9999.0, 119.5, 122.75, 118.25, 101.75, 133.75
2023-04-06, 10:58:51, 131.0, 51.25, 19.0, 26.0, 9999.0, 1.25, 1.5, 19.75, 9999.0, 9999.0, 9999.0, 119.5, 122.5, 118.25, 101.75, 133.75
2023-04-06, 10:58:55, 131.0, 50.75, 19.0, 25.5, 9999.0, 1.25, 1.5, 19.75, 9999.0, 9999.0, 9999.0, 119.25, 122.5, 118.25, 101.0, 133.0
2023-04-06, 10:58:59, 129.5, 50.75, 19.25, 25.75, 9999.0, 1.25, 1.5, 19.75, 9999.0, 9999.0, 9999.0, 119.25, 122.5, 118.25, 101.75, 133.75
2023-04-06, 10:59:03, 131.0, 51.25, 19.25, 25.75, 9999.0, 1.25, 1.5, 19.75, 9999.0, 9999.0, 9999.0, 119.25, 122.5, 118.25, 101.75, 133.5
2023-04-06, 10:59:07, 131.0, 51.25, 19.0, 26.0, 9999.0, 1.25, 1.5, 19.75, 9999.0, 9999.0, 9999.0, 119.25, 122.5, 118.0, 101.5, 133.75
2023-04-06, 10:59:11, 131.0, 51.25, 19.0, 26.0, 9999.0, 1.25, 0.75, 19.5, 9999.0, 9999.0, 9999.0, 119.25, 122.75, 118.25, 101.75, 133.5
2023-04-06, 10:59:15, 131.0, 51.25, 19.0, 25.75, 9999.0, 1.25, 1.5, 19.75, 9999.0, 9999.0, 9999.0, 119.25, 122.75, 118.25, 101.75, 133.75
2023-04-06, 10:59:19, 131.0, 51.25, 19.0, 25.75, 9999.0, 1.25, 1.5, 19.75, 9999.0, 9999.0, 9999.0, 119.25, 122.75, 118.25, 101.75, 133.75
2023-04-06, 10:59:23, 131.0, 51.25, 19.0, 25.75, 9999.0, 1.0, 1.5, 19.75, 9999.0, 9999.0, 9999.0, 119.25, 122.75, 118.0, 101.75, 132.25
2023-04-06, 10:59:27, 130.75, 49.75, 18.25, 25.75, 9999.0, 1.0, 1.5, 19.75, 9999.0, 9999.0, 9999.0, 119.0, 122.75, 118.25, 101.75, 133.5
2023-04-06, 10:59:31, 131.0, 51.25, 19.0, 25.75, 9999.0, 1.0, 1.5, 19.75, 9999.0, 9999.0, 9999.0, 119.0, 122.75, 118.25, 101.75, 133.75
2023-04-06, 10:59:35, 131.0, 51.25, 19.0, 26.0, 9999.0, 1.25, 1.5, 19.75, 9999.0, 9999.0, 9999.0, 119.0, 122.75, 118.0, 101.5, 133.5
2023-04-06, 10:59:39, 131.0, 51.25, 19.0, 26.0, 9999.0, 1.0, 1.5, 19.5, 9999.0, 9999.0, 9999.0, 118.75, 122.75, 118.25, 101.75, 133.5
2023-04-06, 10:59:43, 131.0, 51.25, 19.25, 25.75, 9999.0, 1.25, 1.5, 19.75, 9999.0, 9999.0, 9999.0, 118.75, 122.75, 118.25, 101.75, 133.75
2023-04-06, 10:59:47, 131.0, 51.25, 19.0, 25.5, 9999.0, 1.25, 1.5, 19.5, 9999.0, 9999.0, 9999.0, 118.75, 122.75, 118.25, 101.75, 133.5
2023-04-06, 10:59:51, 131.0, 51.25, 19.0, 25.75, 9999.0, 1.25, 1.25, 19.5, 9999.0, 9999.0, 9999.0, 118.75, 122.75, 118.25, 101.75, 133.5
2023-04-06, 10:59:55, 130.25, 51.0, 18.0, 24.75, 9999.0, 1.5, 1.5, 19.75, 9999.0, 9999.0, 9999.0, 118.75, 122.75, 118.25, 101.75, 133.5
2023-04-06, 10:59:59, 131.0, 51.25, 19.25, 25.75, 9999.0, 1.5, 1.5, 19.75, 9999.0, 9999.0, 9999.0, 118.75, 122.5, 118.25, 101.5, 133.75
2023-04-06, 11:00:03, 131.0, 51.25, 19.25, 26.0, 9999.0, 1.5, 1.5, 19.5, 9999.0, 9999.0, 9999.0, 119.5, 122.5, 118.25, 101.5, 133.5
2023-04-06, 11:00:07, 131.0, 51.25, 19.0, 26.0, 9999.0, 1.25, 1.5, 19.5, 9999.0, 9999.0, 9999.0, 118.25, 122.5, 118.25, 101.75, 133.75
2023-04-06, 11:00:11, 131.0, 51.25, 19.0, 26.0, 9999.0, 1.25, 1.5, 19.75, 9999.0, 9999.0, 9999.0, 119.5, 122.5, 118.25, 101.75, 133.75
2023-04-06, 11:00:15, 131.0, 51.25, 19.0, 26.0, 9999.0, 1.25, 1.5, 19.5, 9999.0, 9999.0, 9999.0, 119.25, 122.5, 118.25, 101.75, 133.5
2023-04-06, 11:00:19, 131.0, 51.25, 19.0, 26.0, 9999.0, 1.25, 1.5, 19.5, 9999.0, 9999.0, 9999.0, 119.25, 122.5, 118.25, 101.75, 133.5
2023-04-06, 11:00:23, 131.0, 50.25, 18.5, 25.5, 9999.0, 1.25, 1.5, 19.75, 9999.0, 9999.0, 9999.0, 119.25, 122.75, 118.25, 101.75, 133.75
2023-04-06, 11:00:27, 131.0, 51.25, 19.0, 26.0, 9999.0, 1.25, 1.5, 19.75, 9999.0, 9999.0, 9999.0, 119.25, 122.5, 118.0, 101.5, 133.5
2023-04-06, 11:00:31, 131.0, 51.25, 19.0, 26.0, 9999.0, 1.25, 1.5, 19.75, 9999.0, 9999.0, 9999.0, 119.25, 122.75, 118.25, 101.75, 133.5
2023-04-06, 11:00:35, 130.75, 51.25, 19.0, 26.0, 9999.0, 1.25, 1.5, 19.75, 9999.0, 9999.0, 9999.0, 118.5, 122.25, 115.75, 101.75, 133.75
2023-04-06, 11:00:39, 131.25, 51.25, 19.0, 26.0, 9999.0, 1.25, 1.5, 19.75, 9999.0, 9999.0, 9999.0, 119.25, 122.75, 118.25, 101.75, 133.75
2023-04-06, 11:00:43, 131.0, 51.25, 19.0, 25.75, 9999.0, 1.0, 1.5, 19.75, 9999.0, 9999.0, 9999.0, 119.25, 122.75, 118.25, 101.75, 133.75
2023-04-06, 11:00:47, 131.0, 51.5, 19.25, 26.0, 9999.0, 1.25, 1.5, 19.75, 9999.0, 9999.0, 9999.0, 119.0, 122.75, 118.25, 101.75, 133.75
2023-04-06, 11:00:51, 131.0, 51.25, 19.25, 24.75, 9999.0, 0.0, -1.25, 19.5, 9999.0, 9999.0, 9999.0, 119.0, 122.75, 118.25, 101.75, 133.5
2023-04-06, 11:00:55, 131.0, 51.25, 19.0, 26.0, 9999.0, 1.0, 1.5, 19.75, 9999.0, 9999.0, 9999.0, 119.0, 122.75, 118.25, 101.75, 133.75
2023-04-06, 11:00:59, 131.0, 51.25, 19.0, 25.75, 9999.0, 1.25, 1.5, 19.75, 9999.0, 9999.0, 9999.0, 119.0, 122.75, 118.25, 101.75, 133.75
2023-04-06, 11:01:03, 131.0, 51.25, 18.75, 26.0, 9999.0, 1.25, 1.5, 19.75, 9999.0, 9999.0, 9999.0, 119.0, 121.5, 117.75, 100.75, 130.0
2023-04-06, 11:01:07, 131.0, 51.25, 19.0, 26.0, 9999.0, 1.25, 1.5, 19.75, 9999.0, 9999.0, 9999.0, 119.0, 122.75, 118.25, 101.75, 133.75
2023-04-06, 11:01:11, 131.0, 51.25, 19.0, 25.75, 9999.0, 1.25, 1.5, 19.75, 9999.0, 9999.0, 9999.0, 118.75, 122.75, 118.25, 101.75, 133.75
2023-04-06, 11:01:15, 131.0, 51.25, 19.25, 26.0, 9999.0, 1.5, 1.5, 19.75, 9999.0, 9999.0, 9999.0, 118.75, 122.5, 118.25, 101.75, 133.5
2023-04-06, 11:01:19, 131.0, 51.25, 19.0, 26.0, 9999.0, 0.25, 1.25, 18.75, 9999.0, 9999.0, 9999.0, 119.0, 122.5, 118.25, 101.75, 133.75
2023-04-06, 11:01:23, 131.0, 51.25, 19.25, 26.0, 9999.0, 1.5, 1.5, 19.75, 9999.0, 9999.0, 9999.0, 119.5, 122.75, 118.25, 101.75, 133.75
2023-04-06, 11:01:28, 131.25, 51.25, 19.0, 26.0, 9999.0, 1.5, 1.5, 19.75, 9999.0, 9999.0, 9999.0, 119.5, 122.75, 118.25, 101.75, 133.75
2023-04-06, 11:01:32, 131.0, 51.25, 19.0, 26.0, 9999.0, 1.25, 1.5, 19.75, 9999.0, 9999.0, 9999.0, 119.5, 122.5, 118.25, 101.0, 133.25
2023-04-06, 11:01:36, 130.0, 48.25, 19.0, 26.0, 9999.0, 1.5, 1.5, 19.75, 9999.0, 9999.0, 9999.0, 119.25, 122.5, 118.25, 101.75, 133.75
2023-04-06, 11:01:40, 131.25, 51.25, 19.0, 26.0, 9999.0, 1.25, 1.5, 19.75, 9999.0, 9999.0, 9999.0, 119.25, 122.75, 118.25, 101.75, 133.75
2023-04-06, 11:01:44, 131.25, 51.25, 19.0, 26.0, 9999.0, 1.25, 1.5, 19.75, 9999.0, 9999.0, 9999.0, 119.25, 122.5, 118.25, 101.75, 133.5
2023-04-06, 11:01:48, 131.0, 51.5, 19.0, 26.25, 9999.0, 1.25, 1.5, 18.75, 9999.0, 9999.0, 9999.0, 119.25, 122.5, 118.25, 101.75, 133.75
2023-04-06, 11:01:52, 131.25, 51.25, 19.0, 26.25, 9999.0, 1.25, 1.5, 19.75, 9999.0, 9999.0, 9999.0, 119.25, 122.75, 118.25, 101.75, 133.0
2023-04-06, 11:01:56, 131.0, 51.25, 19.25, 26.0, 9999.0, 1.25, 1.5, 19.75, 9999.0, 9999.0, 9999.0, 119.25, 122.75, 118.25, 101.75, 133.75
2023-04-06, 11:02:00, 131.0, 51.25, 19.0, 26.0, 9999.0, 1.25, 1.5, 19.75, 9999.0, 9999.0, 9999.0, 119.25, 122.75, 118.25, 101.75, 133.5
2023-04-06, 11:02:04, 129.75, 51.0, 18.0, 22.75, 9999.0, 1.25, 1.5, 19.75, 9999.0, 9999.0, 9999.0, 119.0, 122.75, 118.25, 101.75, 133.75
2023-04-06, 11:02:08, 131.25, 51.5, 19.25, 26.0, 9999.0, 1.25, 1.5, 19.75, 9999.0, 9999.0, 9999.0, 119.0, 122.75, 118.25, 101.75, 133.75
2023-04-06, 11:02:12, 131.25, 51.5, 19.25, 26.0, 9999.0, 1.25, 1.5, 19.75, 9999.0, 9999.0, 9999.0, 119.0, 122.75, 118.25, 101.75, 133.5
2023-04-06, 11:02:16, 131.0, 51.25, 19.0, 26.0, 9999.0, 1.25, 1.5, 19.75, 9999.0, 9999.0, 9999.0, 117.75, 121.75, 118.25, 101.75, 133.5
2023-04-06, 11:02:20, 131.0, 51.5, 19.0, 26.0, 9999.0, 1.25, 1.5, 19.75, 9999.0, 9999.0, 9999.0, 119.0, 122.75, 118.25, 101.75, 133.75
2023-04-06, 11:02:24, 131.0, 51.5, 19.0, 26.0, 9999.0, 1.25, 1.5, 19.75, 9999.0, 9999.0, 9999.0, 119.0, 122.75, 118.25, 101.75, 133.75
2023-04-06, 11:02:28, 131.25, 51.5, 19.0, 26.0, 9999.0, 1.25, 1.5, 19.75, 9999.0, 9999.0, 9999.0, 119.0, 122.75, 118.25, 101.75, 133.5
2023-04-06, 11:02:32, 131.25, 49.75, 18.5, 24.75, 9999.0, 1.25, 1.5, 19.75, 9999.0, 9999.0, 9999.0, 118.75, 122.75, 118.25, 101.75, 133.5
2023-04-06, 11:02:36, 131.0, 51.5, 19.0, 26.0, 9999.0, 1.5, 1.5, 19.75, 9999.0, 9999.0, 9999.0, 118.75, 122.75, 118.25, 101.75, 133.75
2023-04-06, 11:02:40, 131.25, 51.25, 19.25, 26.25, 9999.0, 1.5, 1.5, 19.75, 9999.0, 9999.0, 9999.0, 119.75, 122.75, 118.25, 101.75, 133.5
2023-04-06, 11:02:44, 131.0, 51.25, 19.0, 26.0, 9999.0, 1.5, 1.5, 19.75, 9999.0, 9999.0, 9999.0, 119.25, 121.25, 117.0, 101.75, 133.75
2023-04-06, 11:02:48, 131.0, 51.25, 19.0, 26.0, 9999.0, 1.5, 1.5, 19.75, 9999.0, 9999.0, 9999.0, 119.5, 122.5, 118.25, 101.75, 133.75
2023-04-06, 11:02:52, 131.25, 51.25, 19.25, 26.25, 9999.0, 1.5, 1.5, 19.75, 9999.0, 9999.0, 9999.0, 119.5, 122.5, 118.25, 101.75, 133.75
2023-04-06, 11:02:56, 131.25, 51.25, 19.25, 26.25, 9999.0, 1.25, 1.5, 19.75, 9999.0, 9999.0, 9999.0, 119.25, 122.5, 118.25, 101.75, 133.75
2023-04-06, 11:03:00, 131.0, 51.25, 18.25, 25.25, 9999.0, -1.25, 1.5, 19.75, 9999.0, 9999.0, 9999.0, 119.25, 122.75, 118.25, 101.75, 133.75
2023-04-06, 11:03:04, 131.0, 51.25, 19.0, 26.0, 9999.0, 1.25, 1.5, 19.75, 9999.0, 9999.0, 9999.0, 119.25, 122.5, 118.25, 101.75, 133.5
2023-04-06, 11:03:08, 131.0, 51.25, 19.0, 26.0, 9999.0, 1.25, 1.5, 19.75, 9999.0, 9999.0, 9999.0, 119.25, 122.5, 118.25, 101.75, 133.75
2023-04-06, 11:03:12, 131.0, 51.25, 19.0, 26.0, 9999.0, 1.25, 1.5, 19.75, 9999.0, 9999.0, 9999.0, 118.0, 122.5, 116.75, 100.25, 133.75
2023-04-06, 11:03:16, 131.25, 51.25, 19.0, 26.0, 9999.0, 1.25, 1.5, 19.75, 9999.0, 9999.0, 9999.0, 119.25, 122.75, 118.25, 101.75, 133.75
2023-04-06, 11:03:20, 131.0, 51.25, 19.25, 26.0, 9999.0, 1.25, 1.5, 19.75, 9999.0, 9999.0, 9999.0, 119.25, 122.75, 118.25, 101.75, 133.75
2023-04-06, 11:03:24, 131.0, 51.5, 19.0, 26.0, 9999.0, 1.25, 1.5, 19.5, 9999.0, 9999.0, 9999.0, 119.0, 122.75, 118.25, 101.75, 133.75
2023-04-06, 11:03:28, 131.25, 51.5, 19.0, 25.75, 9999.0, 0.25, -0.25, 19.5, 9999.0, 9999.0, 9999.0, 119.0, 122.75, 118.25, 101.75, 133.75
2023-04-06, 11:03:32, 131.25, 51.5, 19.25, 26.0, 9999.0, 1.25, 1.5, 19.75, 9999.0, 9999.0, 9999.0, 119.0, 122.75, 118.25, 101.75, 133.75
2023-04-06, 11:03:36, 131.0, 51.25, 19.0, 25.75, 9999.0, 1.25, 1.5, 19.75, 9999.0, 9999.0, 9999.0, 119.0, 122.5, 118.25, 101.5, 133.75
2023-04-06, 11:03:40, 131.0, 51.25, 19.0, 25.75, 9999.0, 1.25, 1.5, 19.75, 9999.0, 9999.0, 9999.0, 119.0, 121.25, 118.0, 100.75, 129.0
2023-04-06, 11:03:44, 131.0, 51.25, 19.25, 26.0, 9999.0, 1.25, 1.5, 19.75, 9999.0, 9999.0, 9999.0, 119.0, 122.75, 118.25, 101.75, 133.75
2023-04-06, 11:03:48, 131.0, 51.25, 19.0, 26.0, 9999.0, 1.25, 1.5, 19.75, 9999.0, 9999.0, 9999.0, 118.75, 122.75, 118.25, 101.75, 133.5
2023-04-06, 11:03:52, 131.0, 51.25, 19.0, 26.0, 9999.0, 1.5, 1.5, 19.75, 9999.0, 9999.0, 9999.0, 118.75, 122.75, 117.75, 101.5, 133.75
2023-04-06, 11:03:56, 131.0, 51.5, 19.0, 26.0, 9999.0, 0.75, 0.75, 18.5, 9999.0, 9999.0, 9999.0, 118.75, 122.75, 118.25, 101.75, 133.5
2023-04-06, 11:04:00, 131.25, 51.25, 19.0, 26.0, 9999.0, 1.5, 1.5, 19.75, 9999.0, 9999.0, 9999.0, 119.5, 122.75, 118.25, 101.75, 133.75
2023-04-06, 11:04:04, 131.0, 51.25, 19.0, 26.0, 9999.0, 1.5, 1.5, 19.75, 9999.0, 9999.0, 9999.0, 119.5, 122.75, 118.25, 101.5, 133.5
2023-04-06, 11:04:08, 131.0, 51.25, 19.0, 26.0, 9999.0, 1.5, 1.5, 19.75, 9999.0, 9999.0, 9999.0, 119.5, 122.5, 116.75, 101.25, 132.5
2023-04-06, 11:04:12, 127.5, 51.25, 19.0, 26.0, 9999.0, 1.5, 1.5, 19.75, 9999.0, 9999.0, 9999.0, 119.5, 122.5, 118.25, 101.75, 133.75
2023-04-06, 11:04:16, 131.25, 51.25, 19.25, 26.0, 9999.0, 1.25, 1.5, 19.75, 9999.0, 9999.0, 9999.0, 119.25, 122.75, 118.25, 101.75, 133.75
2023-04-06, 11:04:20, 131.0, 51.25, 19.0, 25.75, 9999.0, 1.25, 1.5, 19.75, 9999.0, 9999.0, 9999.0, 119.0, 122.5, 118.0, 101.5, 133.5
2023-04-06, 11:04:24, 131.0, 51.25, 19.0, 25.75, 9999.0, 1.25, 0.75, 19.25, 9999.0, 9999.0, 9999.0, 119.25, 122.5, 118.25, 101.75, 133.75
2023-04-06, 11:04:28, 131.0, 51.5, 19.0, 25.75, 9999.0, 1.25, 1.5, 19.75, 9999.0, 9999.0, 9999.0, 119.25, 122.5, 118.25, 101.75, 133.5
2023-04-06, 11:04:32, 131.0, 51.25, 19.0, 26.0, 9999.0, 1.25, 1.5, 19.75, 9999.0, 9999.0, 9999.0, 119.25, 122.75, 118.25, 101.75, 133.5
2023-04-06, 11:04:36, 131.0, 51.25, 19.0, 26.0, 9999.0, 1.25, 1.5, 19.75, 9999.0, 9999.0, 9999.0, 119.25, 122.75, 118.0, 100.5, 133.25
2023-04-06, 11:04:40, 130.0, 47.5, 19.0, 25.75, 9999.0, 1.25, 1.5, 19.75, 9999.0, 9999.0, 9999.0, 119.0, 122.75, 118.25, 101.75, 133.75
2023-04-06, 11:04:44, 131.25, 51.25, 19.0, 25.75, 9999.0, 1.25, 1.5, 19.75, 9999.0, 9999.0, 9999.0, 119.0, 122.75, 118.25, 101.75, 133.75
2023-04-06, 11:04:48, 131.0, 51.25, 19.0, 25.5, 9999.0, 1.25, 1.5, 19.75, 9999.0, 9999.0, 9999.0, 119.0, 122.5, 118.25, 101.75, 133.5
2023-04-06, 11:04:52, 131.0, 51.25, 19.0, 26.0, 9999.0, 1.0, 1.5, 19.0, 9999.0, 9999.0, 9999.0, 119.0, 122.5, 118.0, 101.5, 133.75
2023-04-06, 11:04:56, 131.0, 51.5, 19.0, 26.0, 9999.0, 1.25, 1.5, 19.75, 9999.0, 9999.0, 9999.0, 119.0, 122.75, 118.0, 101.5, 133.5
2023-04-06, 11:05:00, 131.0, 51.25, 19.0, 26.0, 9999.0, 1.25, 1.5, 19.5, 9999.0, 9999.0, 9999.0, 119.0, 122.75, 118.25, 101.5, 133.75
2023-04-06, 11:05:04, 131.0, 51.25, 19.0, 26.0, 9999.0, 1.0, 1.5, 19.75, 9999.0, 9999.0, 9999.0, 119.0, 122.75, 118.0, 101.5, 132.25
2023-04-06, 11:05:08, 130.75, 50.0, 16.5, 25.75, 9999.0, 1.25, 1.5, 19.75, 9999.0, 9999.0, 9999.0, 118.75, 122.5, 118.25, 101.5, 133.5
2023-04-06, 11:05:12, 131.0, 51.25, 19.0, 26.0, 9999.0, 1.5, 1.5, 19.75, 9999.0, 9999.0, 9999.0, 118.75, 122.5, 118.25, 101.75, 133.75
2023-04-06, 11:05:16, 131.0, 51.25, 19.25, 26.0, 9999.0, 1.5, 1.5, 19.75, 9999.0, 9999.0, 9999.0, 118.75, 122.5, 118.25, 101.5, 133.5
2023-04-06, 11:05:20, 131.0, 51.25, 19.0, 26.0, 9999.0, 1.5, 1.5, 19.75, 9999.0, 9999.0, 9999.0, 117.0, 122.5, 118.25, 101.75, 133.5
2023-04-06, 11:05:24, 131.0, 51.25, 19.25, 26.0, 9999.0, 1.5, 1.5, 19.75, 9999.0, 9999.0, 9999.0, 119.5, 122.5, 118.25, 101.5, 133.75
2023-04-06, 11:05:28, 131.0, 51.25, 19.0, 26.25, 9999.0, 1.25, 1.5, 19.75, 9999.0, 9999.0, 9999.0, 119.5, 122.5, 118.25, 101.5, 133.75
2023-04-06, 11:05:32, 131.0, 51.25, 19.0, 26.0, 9999.0, 1.25, 1.5, 19.75, 9999.0, 9999.0, 9999.0, 119.25, 122.5, 118.25, 101.5, 133.75
2023-04-06, 11:05:36, 130.75, 51.0, 18.0, 24.25, 9999.0, 1.25, 1.5, 19.75, 9999.0, 9999.0, 9999.0, 119.25, 122.5, 118.25, 101.5, 133.5
2023-04-06, 11:05:40, 131.0, 51.25, 19.0, 26.0, 9999.0, 1.25, 1.5, 19.75, 9999.0, 9999.0, 9999.0, 119.25, 122.5, 118.25, 101.75, 133.5
2023-04-06, 11:05:44, 131.0, 51.25, 19.0, 26.0, 9999.0, 1.25, 1.5, 19.75, 9999.0, 9999.0, 9999.0, 119.25, 122.5, 118.25, 101.5, 133.5
2023-04-06, 11:05:48, 131.0, 51.25, 19.0, 25.75, 9999.0, 1.25, 1.5, 19.75, 9999.0, 9999.0, 9999.0, 118.0, 119.25, 118.0, 101.75, 133.75
2023-04-06, 11:05:52, 131.0, 51.25, 19.0, 25.75, 9999.0, 1.25, 1.5, 19.75, 9999.0, 9999.0, 9999.0, 119.25, 122.75, 118.25, 101.5, 133.5
2023-04-06, 11:05:57, 131.0, 51.25, 19.0, 25.75, 9999.0, 1.25, 1.5, 19.75, 9999.0, 9999.0, 9999.0, 119.25, 122.75, 118.0, 101.5, 133.5
2023-04-06, 11:06:01, 131.0, 51.25, 19.0, 25.75, 9999.0, 1.25, 1.5, 19.5, 9999.0, 9999.0, 9999.0, 119.0, 122.75, 118.25, 101.75, 133.5
2023-04-06, 11:06:05, 131.0, 51.25, 18.5, 25.25, 9999.0, 1.0, 1.5, 19.75, 9999.0, 9999.0, 9999.0, 119.0, 122.75, 118.25, 101.75, 133.5
2023-04-06, 11:06:09, 131.0, 51.25, 19.0, 25.75, 9999.0, 1.25, 1.5, 19.75, 9999.0, 9999.0, 9999.0, 119.0, 122.75, 118.25, 101.5, 133.5
2023-04-06, 11:06:13, 131.0, 51.25, 19.0, 26.0, 9999.0, 1.25, 1.5, 19.75, 9999.0, 9999.0, 9999.0, 119.0, 122.5, 118.0, 101.5, 133.75
2023-04-06, 11:06:17, 131.0, 51.25, 19.0, 26.0, 9999.0, 1.0, 1.5, 19.5, 9999.0, 9999.0, 9999.0, 118.75, 121.5, 116.0, 101.5, 133.5
2023-04-06, 11:06:21, 131.0, 51.25, 19.0, 26.0, 9999.0, 1.0, 1.5, 19.75, 9999.0, 9999.0, 9999.0, 118.75, 122.75, 118.25, 101.75, 133.5
2023-04-06, 11:06:25, 131.0, 51.25, 19.0, 26.0, 9999.0, 1.25, 1.5, 19.75, 9999.0, 9999.0, 9999.0, 118.75, 122.75, 118.25, 101.5, 133.5
2023-04-06, 11:06:29, 131.0, 51.25, 19.0, 26.0, 9999.0, 1.25, 1.5, 19.75, 9999.0, 9999.0, 9999.0, 118.75, 122.5, 118.25, 101.5, 133.0
2023-04-06, 11:06:33, 131.0, 51.25, 18.75, 25.25, 9999.0, -0.25, 1.0, 19.5, 9999.0, 9999.0, 9999.0, 118.75, 122.75, 118.25, 101.5, 133.5
2023-04-06, 11:06:37, 131.0, 51.25, 19.0, 26.0, 9999.0, 1.5, 1.5, 19.75, 9999.0, 9999.0, 9999.0, 118.75, 122.75, 118.25, 101.5, 133.5
2023-04-06, 11:06:41, 131.0, 51.25, 19.0, 25.75, 9999.0, 1.5, 1.5, 19.75, 9999.0, 9999.0, 9999.0, 119.5, 122.5, 118.25, 101.5, 133.5
2023-04-06, 11:06:45, 131.0, 51.25, 18.75, 26.0, 9999.0, 1.5, 1.5, 19.75, 9999.0, 9999.0, 9999.0, 118.75, 122.25, 117.0, 99.5, 133.5
2023-04-06, 11:06:49, 131.0, 51.25, 19.0, 25.75, 9999.0, 1.25, 1.5, 19.75, 9999.0, 9999.0, 9999.0, 119.25, 122.75, 118.25, 101.5, 133.5
2023-04-06, 11:06:53, 131.0, 51.25, 18.75, 25.75, 9999.0, 1.25, 1.5, 19.75, 9999.0, 9999.0, 9999.0, 119.0, 122.5, 118.25, 101.5, 133.5
2023-04-06, 11:06:57, 131.0, 51.25, 19.0, 26.0, 9999.0, 1.25, 1.5, 19.75, 9999.0, 9999.0, 9999.0, 119.25, 122.5, 118.0, 101.75, 133.5
2023-04-06, 11:07:01, 131.0, 51.25, 18.75, 26.0, 9999.0, 1.0, 0.25, 19.0, 9999.0, 9999.0, 9999.0, 119.25, 122.5, 118.25, 101.5, 133.5
2023-04-06, 11:07:05, 131.0, 51.25, 19.0, 26.0, 9999.0, 1.25, 1.5, 19.75, 9999.0, 9999.0, 9999.0, 119.25, 122.5, 118.0, 101.5, 133.5
2023-04-06, 11:07:09, 131.0, 51.25, 19.0, 26.25, 9999.0, 1.25, 1.5, 19.75, 9999.0, 9999.0, 9999.0, 119.0, 122.75, 118.0, 101.5, 133.5
2023-04-06, 11:07:13, 131.0, 51.25, 18.75, 26.0, 9999.0, 1.25, 1.5, 19.75, 9999.0, 9999.0, 9999.0, 119.0, 122.5, 117.5, 101.0, 129.5
2023-04-06, 11:07:17, 130.75, 51.25, 19.0, 26.0, 9999.0, 1.25, 1.5, 19.75, 9999.0, 9999.0, 9999.0, 119.0, 122.75, 118.0, 101.5, 133.5
2023-04-06, 11:07:21, 131.0, 51.25, 19.0, 26.0, 9999.0, 1.0, 1.5, 19.75, 9999.0, 9999.0, 9999.0, 119.25, 122.75, 118.25, 101.75, 133.5
2023-04-06, 11:07:25, 131.0, 51.25, 19.0, 26.0, 9999.0, 1.25, 1.5, 19.75, 9999.0, 9999.0, 9999.0, 119.0, 122.5, 118.25, 101.5, 133.5
2023-04-06, 11:07:29, 131.0, 51.25, 19.0, 26.0, 9999.0, 0.25, 1.25, 18.75, 9999.0, 9999.0, 9999.0, 119.0, 122.75, 118.0, 101.5, 133.5
2023-04-06, 11:07:33, 131.0, 51.25, 19.0, 26.0, 9999.0, 1.0, 1.5, 19.75, 9999.0, 9999.0, 9999.0, 119.0, 122.75, 118.25, 101.5, 133.5
2023-04-06, 11:07:37, 131.0, 51.25, 18.5, 26.0, 9999.0, 1.0, 1.25, 19.75, 9999.0, 9999.0, 9999.0, 119.0, 122.5, 118.25, 101.5, 133.5
2023-04-06, 11:07:41, 131.0, 51.25, 19.0, 26.0, 9999.0, 1.25, 1.25, 19.0, 9999.0, 9999.0, 9999.0, 118.75, 122.5, 118.25, 101.5, 133.5
2023-04-06, 11:07:45, 131.0, 51.25, 19.0, 26.0, 9999.0, 1.25, 1.25, 19.75, 9999.0, 9999.0, 9999.0, 118.75, 122.5, 118.25, 101.5, 133.5
2023-04-06, 11:07:49, 131.0, 51.25, 19.0, 26.0, 9999.0, 1.25, 1.25, 19.75, 9999.0, 9999.0, 9999.0, 118.75, 122.75, 118.25, 101.5, 133.5
2023-04-06, 11:07:53, 131.0, 51.25, 19.0, 26.0, 9999.0, 1.5, 1.5, 19.75, 9999.0, 9999.0, 9999.0, 114.75, 122.5, 118.25, 101.5, 133.5
2023-04-06, 11:07:57, 131.0, 51.25, 19.0, 26.0, 9999.0, 1.5, 1.5, 19.75, 9999.0, 9999.0, 9999.0, 119.5, 122.75, 118.0, 101.5, 133.5
2023-04-06, 11:08:01, 131.0, 51.25, 19.0, 26.0, 9999.0, 1.25, 1.5, 19.75, 9999.0, 9999.0, 9999.0, 119.5, 122.5, 118.25, 101.5, 133.5
2023-04-06, 11:08:05, 131.0, 51.25, 19.0, 26.0, 9999.0, 1.25, 1.5, 19.5, 9999.0, 9999.0, 9999.0, 119.0, 121.25, 116.0, 101.5, 133.5
2023-04-06, 11:08:09, 131.0, 51.25, 19.0, 26.0, 9999.0, 1.25, 1.5, 19.75, 9999.0, 9999.0, 9999.0, 119.25, 122.5, 118.25, 101.5, 133.5
2023-04-06, 11:08:13, 130.75, 51.25, 19.0, 26.0, 9999.0, 1.25, 1.5, 19.75, 9999.0, 9999.0, 9999.0, 119.25, 122.5, 118.0, 101.5, 133.5
2023-04-06, 11:08:17, 131.0, 51.0, 19.0, 26.0, 9999.0, 1.25, 1.5, 19.75, 9999.0, 9999.0, 9999.0, 119.0, 121.75, 117.75, 100.25, 133.0
2023-04-06, 11:08:21, 131.0, 51.25, 19.0, 25.75, 9999.0, 1.25, 1.5, 19.5, 9999.0, 9999.0, 9999.0, 119.0, 122.5, 118.25, 101.5, 133.5
2023-04-06, 11:08:25, 131.0, 51.25, 18.75, 25.5, 9999.0, 0.75, 1.5, 19.75, 9999.0, 9999.0, 9999.0, 119.0, 122.5, 118.25, 101.5, 133.5
2023-04-06, 11:08:29, 131.0, 51.25, 19.0, 25.25, 9999.0, 1.25, 1.5, 19.75, 9999.0, 9999.0, 9999.0, 119.0, 122.75, 116.5, 101.25, 132.0
2023-04-06, 11:08:33, 127.75, 51.0, 19.0, 25.5, 9999.0, 1.25, 1.5, 19.75, 9999.0, 9999.0, 9999.0, 119.0, 122.75, 118.25, 101.75, 133.5
2023-04-06, 11:08:37, 131.0, 51.25, 19.0, 25.75, 9999.0, 1.0, 1.5, 19.5, 9999.0, 9999.0, 9999.0, 119.0, 122.75, 118.25, 101.5, 133.5
2023-04-06, 11:08:41, 131.0, 51.25, 19.0, 25.75, 9999.0, 1.0, 1.25, 19.75, 9999.0, 9999.0, 9999.0, 119.0, 122.75, 118.0, 101.5, 131.5
2023-04-06, 11:08:45, 130.75, 50.25, 17.75, 25.75, 9999.0, 1.0, 1.25, 19.75, 9999.0, 9999.0, 9999.0, 119.0, 122.75, 118.25, 101.5, 133.5
2023-04-06, 11:08:49, 131.0, 51.25, 19.0, 26.0, 9999.0, 1.0, 1.25, 19.5, 9999.0, 9999.0, 9999.0, 118.75, 122.75, 118.0, 101.5, 133.5
2023-04-06, 11:08:53, 131.0, 51.25, 19.0, 26.0, 9999.0, 1.0, 1.25, 19.5, 9999.0, 9999.0, 9999.0, 119.0, 122.75, 118.0, 101.5, 133.5
2023-04-06, 11:08:57, 130.75, 50.5, 18.75, 24.25, 9999.0, 1.0, 1.25, 19.5, 9999.0, 9999.0, 9999.0, 118.75, 122.75, 118.25, 101.5, 133.5
2023-04-06, 11:09:01, 130.75, 51.25, 19.0, 26.0, 9999.0, 1.25, 1.5, 19.5, 9999.0, 9999.0, 9999.0, 118.75, 122.5, 118.25, 101.5, 133.5
2023-04-06, 11:09:05, 130.75, 51.25, 18.75, 26.0, 9999.0, 1.25, 1.5, 19.75, 9999.0, 9999.0, 9999.0, 118.75, 122.75, 118.25, 101.5, 133.5
2023-04-06, 11:09:09, 130.75, 51.25, 18.0, 25.5, 9999.0, -1.0, 1.25, 19.75, 9999.0, 9999.0, 9999.0, 118.75, 122.75, 118.0, 101.5, 133.5
2023-04-06, 11:09:13, 131.0, 51.25, 19.0, 26.0, 9999.0, 1.5, 1.5, 19.75, 9999.0, 9999.0, 9999.0, 118.75, 122.75, 118.25, 101.5, 133.5
2023-04-06, 11:09:17, 131.0, 51.25, 19.0, 26.0, 9999.0, 1.5, 1.5, 19.75, 9999.0, 9999.0, 9999.0, 119.25, 122.5, 118.25, 101.5, 133.5
2023-04-06, 11:09:21, 130.75, 51.25, 19.0, 26.0, 9999.0, 1.25, -0.25, 18.0, 9999.0, 9999.0, 9999.0, 119.5, 122.5, 118.25, 101.5, 133.5
2023-04-06, 11:09:25, 131.0, 51.25, 19.0, 26.0, 9999.0, 1.25, 1.5, 19.75, 9999.0, 9999.0, 9999.0, 119.25, 122.5, 118.25, 101.5, 133.5
2023-04-06, 11:09:29, 130.75, 51.25, 19.0, 26.0, 9999.0, 1.25, 1.5, 19.75, 9999.0, 9999.0, 9999.0, 119.0, 122.25, 118.25, 101.5, 133.5
2023-04-06, 11:09:33, 131.0, 51.0, 19.0, 26.0, 9999.0, 1.25, 0.75, 19.25, 9999.0, 9999.0, 9999.0, 119.25, 122.5, 118.25, 101.5, 133.5
2023-04-06, 11:09:37, 131.0, 51.25, 19.0, 25.75, 9999.0, 1.25, 1.5, 19.5, 9999.0, 9999.0, 9999.0, 119.25, 122.5, 118.25, 101.5, 133.5
2023-04-06, 11:09:41, 131.0, 51.25, 18.75, 25.75, 9999.0, 1.0, 1.5, 19.75, 9999.0, 9999.0, 9999.0, 119.0, 122.5, 118.0, 101.5, 133.5
2023-04-06, 11:09:45, 130.75, 51.25, 19.0, 25.75, 9999.0, 1.25, 1.5, 18.5, 9999.0, 9999.0, 9999.0, 119.0, 122.75, 118.0, 101.5, 133.5
2023-04-06, 11:09:49, 131.0, 51.25, 19.0, 25.75, 9999.0, 1.25, 1.5, 19.75, 9999.0, 9999.0, 9999.0, 119.25, 122.75, 118.0, 101.5, 133.5
2023-04-06, 11:09:53, 131.0, 51.25, 19.0, 26.0, 9999.0, 1.25, 1.25, 19.5, 9999.0, 9999.0, 9999.0, 119.25, 122.75, 118.25, 101.5, 133.5
2023-04-06, 11:09:57, 131.0, 51.25, 19.25, 26.0, 9999.0, 1.0, 1.5, 19.5, 9999.0, 9999.0, 9999.0, 117.75, 119.5, 118.0, 101.5, 133.5
2023-04-06, 11:10:01, 130.75, 51.25, 19.0, 26.0, 9999.0, 1.0, 1.5, 19.75, 9999.0, 9999.0, 9999.0, 119.0, 122.75, 118.0, 101.5, 133.5
2023-04-06, 11:10:05, 130.75, 51.25, 19.0, 25.75, 9999.0, 1.0, 1.5, 19.5, 9999.0, 9999.0, 9999.0, 118.75, 122.75, 118.25, 101.5, 133.5
2023-04-06, 11:10:09, 131.0, 51.25, 19.0, 25.75, 9999.0, 1.0, 1.25, 19.75, 9999.0, 9999.0, 9999.0, 118.75, 122.5, 118.0, 101.5, 133.5
2023-04-06, 11:10:13, 131.0, 51.25, 19.0, 25.75, 9999.0, 1.0, 1.5, 19.75, 9999.0, 9999.0, 9999.0, 119.0, 122.5, 118.25, 101.5, 133.5
2023-04-06, 11:10:17, 130.75, 51.25, 19.0, 25.75, 9999.0, 1.0, 1.25, 19.5, 9999.0, 9999.0, 9999.0, 118.75, 122.5, 118.25, 101.5, 133.5
2023-04-06, 11:10:22, 130.75, 51.25, 19.0, 25.75, 9999.0, 1.25, 1.25, 19.5, 9999.0, 9999.0, 9999.0, 118.75, 122.5, 118.25, 101.5, 133.5
2023-04-06, 11:10:26, 130.75, 51.25, 18.0, 25.75, 9999.0, -2.5, 1.25, 19.5, 9999.0, 9999.0, 9999.0, 118.75, 122.5, 118.25, 101.5, 133.5
2023-04-06, 11:10:30, 130.75, 51.25, 19.0, 26.0, 9999.0, 1.5, 1.5, 19.75, 9999.0, 9999.0, 9999.0, 118.75, 122.5, 118.0, 101.5, 133.5
2023-04-06, 11:10:34, 130.75, 51.25, 19.0, 26.0, 9999.0, 1.5, 1.5, 19.75, 9999.0, 9999.0, 9999.0, 118.75, 122.5, 118.0, 101.5, 133.5
2023-04-06, 11:10:38, 131.0, 51.25, 18.75, 26.0, 9999.0, 1.5, 1.5, 19.5, 9999.0, 9999.0, 9999.0, 119.25, 122.5, 118.0, 101.0, 133.0
2023-04-06, 11:10:42, 129.5, 50.0, 18.75, 26.0, 9999.0, 1.25, 1.5, 19.75, 9999.0, 9999.0, 9999.0, 119.25, 122.5, 118.25, 101.5, 133.5
2023-04-06, 11:10:46, 131.0, 51.25, 19.0, 26.0, 9999.0, 1.5, 1.5, 19.75, 9999.0, 9999.0, 9999.0, 119.25, 122.5, 118.25, 101.5, 133.5
2023-04-06, 11:10:50, 131.0, 51.25, 19.0, 26.0, 9999.0, 1.25, 1.5, 19.75, 9999.0, 9999.0, 9999.0, 119.25, 122.5, 118.0, 101.5, 133.5
2023-04-06, 11:10:54, 131.0, 51.25, 19.0, 26.0, 9999.0, 1.25, 1.5, 19.5, 9999.0, 9999.0, 9999.0, 118.75, 121.25, 117.25, 101.75, 133.5
2023-04-06, 11:10:58, 131.0, 51.25, 19.0, 26.0, 9999.0, 1.25, 1.5, 19.5, 9999.0, 9999.0, 9999.0, 119.25, 122.5, 118.0, 101.5, 133.5
2023-04-06, 11:11:02, 130.75, 51.25, 19.0, 26.0, 9999.0, 1.25, 1.5, 19.5, 9999.0, 9999.0, 9999.0, 119.0, 122.5, 118.0, 101.5, 133.5
2023-04-06, 11:11:06, 131.0, 51.25, 19.0, 26.0, 9999.0, 1.25, 1.5, 19.75, 9999.0, 9999.0, 9999.0, 119.0, 122.75, 118.0, 101.75, 133.5
2023-04-06, 11:11:10, 130.75, 51.25, 19.0, 26.0, 9999.0, -0.25, 0.75, 18.5, 9999.0, 9999.0, 9999.0, 119.0, 122.75, 118.0, 101.75, 133.5
2023-04-06, 11:11:14, 131.0, 51.25, 19.0, 26.0, 9999.0, 1.25, 1.5, 19.75, 9999.0, 9999.0, 9999.0, 119.0, 122.75, 118.25, 101.75, 133.5
2023-04-06, 11:11:18, 130.75, 51.25, 19.0, 26.0, 9999.0, 1.25, 1.5, 19.75, 9999.0, 9999.0, 9999.0, 119.0, 122.75, 118.0, 101.75, 133.5
2023-04-06, 11:11:22, 131.0, 51.25, 19.0, 26.25, 9999.0, 1.25, 1.25, 19.5, 9999.0, 9999.0, 9999.0, 119.0, 122.75, 118.0, 101.75, 133.5
2023-04-06, 11:11:26, 131.0, 49.75, 18.75, 24.75, 9999.0, 1.0, 1.5, 19.5, 9999.0, 9999.0, 9999.0, 119.0, 122.75, 118.0, 101.75, 133.5
2023-04-06, 11:11:30, 131.0, 51.25, 19.0, 26.0, 9999.0, 1.0, 1.5, 19.75, 9999.0, 9999.0, 9999.0, 119.0, 122.75, 118.25, 101.75, 133.5
2023-04-06, 11:11:34, 131.0, 51.25, 19.0, 26.0, 9999.0, 1.0, 1.5, 19.75, 9999.0, 9999.0, 9999.0, 118.75, 122.75, 118.25, 101.75, 133.5
2023-04-06, 11:11:38, 131.0, 51.25, 18.75, 26.0, 9999.0, 1.25, 1.5, 19.75, 9999.0, 9999.0, 9999.0, 118.75, 122.75, 116.75, 101.5, 132.0
2023-04-06, 11:11:42, 127.75, 51.25, 18.75, 25.75, 9999.0, 1.25, 1.5, 19.75, 9999.0, 9999.0, 9999.0, 118.75, 122.75, 118.25, 101.75, 133.5
2023-04-06, 11:11:46, 131.0, 51.25, 19.0, 25.75, 9999.0, 1.25, 1.5, 19.75, 9999.0, 9999.0, 9999.0, 118.75, 122.75, 118.25, 101.75, 133.5
2023-04-06, 11:11:50, 130.75, 51.25, 19.0, 25.75, 9999.0, 1.5, 1.5, 19.75, 9999.0, 9999.0, 9999.0, 118.75, 122.75, 118.25, 101.75, 133.5
2023-04-06, 11:11:54, 131.0, 51.25, 19.0, 26.0, 9999.0, 1.5, 1.5, 19.75, 9999.0, 9999.0, 9999.0, 117.5, 119.25, 118.25, 101.75, 133.5
2023-04-06, 11:11:58, 131.0, 51.25, 19.0, 26.0, 9999.0, 1.5, 1.5, 19.75, 9999.0, 9999.0, 9999.0, 119.5, 122.5, 118.25, 101.75, 133.5
2023-04-06, 11:12:02, 131.0, 51.25, 19.0, 26.0, 9999.0, 1.5, 1.5, 19.75, 9999.0, 9999.0, 9999.0, 119.25, 122.75, 118.25, 101.75, 133.5
2023-04-06, 11:12:06, 131.0, 51.25, 19.0, 26.0, 9999.0, 1.25, 1.5, 19.75, 9999.0, 9999.0, 9999.0, 119.25, 122.75, 118.0, 101.75, 133.5
2023-04-06, 11:12:10, 131.0, 51.25, 19.0, 26.0, 9999.0, 0.5, 1.25, 18.5, 9999.0, 9999.0, 9999.0, 119.25, 122.75, 118.25, 101.75, 133.75
2023-04-06, 11:12:14, 131.0, 51.25, 19.0, 26.0, 9999.0, 1.25, 1.5, 19.75, 9999.0, 9999.0, 9999.0, 119.25, 122.75, 118.25, 101.75, 133.5
2023-04-06, 11:12:18, 131.0, 51.25, 19.0, 26.0, 9999.0, 1.25, 1.5, 19.75, 9999.0, 9999.0, 9999.0, 119.0, 122.75, 118.0, 101.75, 133.5
2023-04-06, 11:12:22, 130.75, 51.25, 19.0, 26.0, 9999.0, 1.0, 1.5, 19.75, 9999.0, 9999.0, 9999.0, 119.0, 122.5, 118.25, 101.75, 133.5
2023-04-06, 11:12:26, 130.75, 50.5, 18.5, 24.25, 9999.0, 1.25, 1.5, 19.75, 9999.0, 9999.0, 9999.0, 119.0, 122.75, 118.0, 101.75, 133.5
2023-04-06, 11:12:30, 131.0, 51.25, 19.0, 26.0, 9999.0, 1.25, 1.5, 19.75, 9999.0, 9999.0, 9999.0, 119.0, 122.75, 118.25, 101.75, 133.5
2023-04-06, 11:12:34, 131.0, 51.25, 19.0, 25.75, 9999.0, 1.25, 1.5, 19.75, 9999.0, 9999.0, 9999.0, 119.0, 122.75, 118.25, 101.75, 133.5
2023-04-06, 11:12:38, 131.0, 51.0, 19.0, 26.0, 9999.0, 1.25, 1.5, 19.75, 9999.0, 9999.0, 9999.0, 119.0, 122.5, 117.5, 101.25, 131.75
2023-04-06, 11:12:42, 130.25, 51.25, 19.0, 26.0, 9999.0, 1.25, 1.5, 19.75, 9999.0, 9999.0, 9999.0, 119.0, 122.75, 118.25, 101.75, 133.5
2023-04-06, 11:12:46, 131.0, 51.25, 19.0, 26.0, 9999.0, 1.25, 1.5, 19.75, 9999.0, 9999.0, 9999.0, 119.0, 122.75, 118.25, 101.75, 133.5
2023-04-06, 11:12:50, 131.0, 51.25, 19.0, 25.75, 9999.0, 1.25, 1.5, 19.75, 9999.0, 9999.0, 9999.0, 119.0, 122.75, 118.0, 101.5, 133.5
2023-04-06, 11:12:54, 131.0, 51.25, 19.0, 26.0, 9999.0, 1.25, 1.5, 19.75, 9999.0, 9999.0, 9999.0, 117.25, 122.0, 118.25, 101.75, 133.5
2023-04-06, 11:12:58, 131.0, 51.25, 19.0, 26.0, 9999.0, 1.25, 1.5, 19.75, 9999.0, 9999.0, 9999.0, 118.75, 122.75, 118.25, 101.75, 133.5
2023-04-06, 11:13:02, 131.0, 51.25, 19.0, 26.0, 9999.0, 1.25, 1.5, 19.75, 9999.0, 9999.0, 9999.0, 118.75, 122.75, 118.25, 101.75, 133.5
2023-04-06, 11:13:06, 131.0, 51.25, 19.0, 26.0, 9999.0, 1.25, 1.5, 19.75, 9999.0, 9999.0, 9999.0, 118.75, 122.5, 118.25, 101.75, 133.5
2023-04-06, 11:13:10, 131.0, 51.25, 19.0, 26.0, 9999.0, 1.0, 0.25, 18.0, 9999.0, 9999.0, 9999.0, 118.75, 122.5, 118.0, 101.75, 133.5
2023-04-06, 11:13:14, 131.0, 51.25, 19.0, 26.0, 9999.0, 1.5, 1.5, 19.75, 9999.0, 9999.0, 9999.0, 118.75, 122.75, 118.25, 101.75, 133.5
2023-04-06, 11:13:18, 131.0, 51.25, 19.0, 25.75, 9999.0, 1.5, 1.5, 19.75, 9999.0, 9999.0, 9999.0, 119.5, 122.75, 118.25, 101.5, 133.5
2023-04-06, 11:13:22, 131.0, 51.25, 19.0, 26.0, 9999.0, 1.25, 1.5, 19.75, 9999.0, 9999.0, 9999.0, 119.25, 122.5, 118.25, 101.75, 133.5
2023-04-06, 11:13:26, 129.5, 51.0, 17.75, 23.5, 9999.0, 1.5, 1.5, 19.75, 9999.0, 9999.0, 9999.0, 119.25, 122.75, 118.25, 101.75, 133.5
2023-04-06, 11:13:30, 131.0, 51.25, 19.0, 25.75, 9999.0, 1.25, 1.5, 19.75, 9999.0, 9999.0, 9999.0, 119.25, 122.5, 118.25, 101.5, 133.5
2023-04-06, 11:13:34, 131.0, 51.25, 19.0, 26.0, 9999.0, 1.25, 1.5, 19.75, 9999.0, 9999.0, 9999.0, 119.25, 122.75, 118.25, 101.75, 133.5
2023-04-06, 11:13:38, 131.0, 51.25, 19.0, 26.25, 9999.0, 1.25, 1.5, 19.75, 9999.0, 9999.0, 9999.0, 119.0, 121.75, 118.0, 100.75, 129.5
2023-04-06, 11:13:42, 131.0, 51.25, 19.0, 26.25, 9999.0, 1.25, 1.5, 19.75, 9999.0, 9999.0, 9999.0, 119.0, 122.5, 118.25, 101.5, 133.5
2023-04-06, 11:13:46, 131.0, 51.25, 19.0, 26.0, 9999.0, 1.25, 1.5, 19.75, 9999.0, 9999.0, 9999.0, 119.0, 122.75, 118.25, 101.75, 133.5
2023-04-06, 11:13:50, 131.0, 51.25, 19.0, 26.0, 9999.0, 1.25, 1.5, 19.75, 9999.0, 9999.0, 9999.0, 119.25, 122.75, 118.0, 101.5, 133.5
2023-04-06, 11:13:54, 131.0, 51.25, 19.0, 26.0, 9999.0, 1.25, 1.5, 19.5, 9999.0, 9999.0, 9999.0, 116.25, 122.75, 118.25, 101.75, 133.5
2023-04-06, 11:13:58, 131.0, 51.25, 19.25, 26.0, 9999.0, 1.25, 1.5, 19.75, 9999.0, 9999.0, 9999.0, 119.0, 122.75, 118.25, 101.75, 133.5
2023-04-06, 11:14:02, 130.75, 51.25, 19.0, 26.0, 9999.0, 1.25, 1.5, 19.75, 9999.0, 9999.0, 9999.0, 119.0, 122.75, 118.25, 101.5, 133.5
2023-04-06, 11:14:06, 131.0, 51.25, 19.0, 26.0, 9999.0, 1.25, 1.5, 19.75, 9999.0, 9999.0, 9999.0, 119.0, 122.75, 118.25, 101.5, 133.5
2023-04-06, 11:14:10, 131.0, 51.25, 19.0, 25.75, 9999.0, 0.75, 0.0, 18.0, 9999.0, 9999.0, 9999.0, 118.75, 122.75, 118.25, 101.75, 133.5
2023-04-06, 11:14:14, 131.0, 51.25, 19.0, 26.0, 9999.0, 1.25, 1.5, 19.75, 9999.0, 9999.0, 9999.0, 118.75, 122.75, 118.25, 101.5, 133.5
2023-04-06, 11:14:18, 131.0, 51.25, 19.0, 25.75, 9999.0, 1.25, 1.5, 19.75, 9999.0, 9999.0, 9999.0, 118.75, 122.75, 118.25, 101.5, 133.5
2023-04-06, 11:14:22, 130.75, 51.25, 19.0, 25.75, 9999.0, 1.25, 1.5, 19.75, 9999.0, 9999.0, 9999.0, 118.75, 122.75, 118.25, 101.5, 133.0
2023-04-06, 11:14:26, 130.25, 50.75, 17.5, 25.25, 9999.0, 1.25, 1.5, 19.75, 9999.0, 9999.0, 9999.0, 118.75, 122.75, 118.25, 101.5, 133.5
2023-04-06, 11:14:30, 131.0, 51.25, 19.0, 26.0, 9999.0, 1.5, 1.5, 19.75, 9999.0, 9999.0, 9999.0, 118.75, 122.75, 118.25, 101.5, 133.5
2023-04-06, 11:14:34, 131.0, 51.25, 19.0, 26.0, 9999.0, 1.5, 1.5, 19.5, 9999.0, 9999.0, 9999.0, 118.5, 122.5, 118.25, 101.5, 133.5
2023-04-06, 11:14:38, 130.75, 51.25, 19.0, 26.25, 9999.0, 1.5, 1.5, 19.5, 9999.0, 9999.0, 9999.0, 119.0, 122.0, 117.75, 100.0, 132.75
2023-04-06, 11:14:42, 131.0, 51.25, 19.0, 26.0, 9999.0, 1.5, 1.5, 19.75, 9999.0, 9999.0, 9999.0, 119.25, 122.5, 118.25, 101.5, 133.5
2023-04-06, 11:14:46, 131.0, 51.25, 19.0, 26.0, 9999.0, 1.25, 1.5, 19.75, 9999.0, 9999.0, 9999.0, 119.25, 122.5, 118.25, 101.5, 133.5
2023-04-06, 11:14:51, 131.0, 51.25, 19.0, 26.25, 9999.0, 1.25, 1.5, 19.75, 9999.0, 9999.0, 9999.0, 119.25, 122.5, 118.0, 101.5, 133.5
2023-04-06, 11:14:55, 131.0, 51.25, 19.0, 26.0, 9999.0, 1.25, 1.5, 18.5, 9999.0, 9999.0, 9999.0, 118.75, 122.5, 118.25, 101.5, 133.5
2023-04-06, 11:14:59, 131.0, 51.25, 19.0, 26.0, 9999.0, 1.25, 1.5, 19.75, 9999.0, 9999.0, 9999.0, 119.0, 122.5, 118.25, 101.5, 133.5
2023-04-06, 11:15:03, 130.75, 51.25, 19.0, 25.75, 9999.0, 1.25, 1.5, 19.75, 9999.0, 9999.0, 9999.0, 119.25, 122.5, 118.25, 101.5, 133.5
2023-04-06, 11:15:07, 131.0, 51.25, 19.0, 26.0, 9999.0, 1.25, 1.5, 19.75, 9999.0, 9999.0, 9999.0, 119.0, 122.75, 118.25, 101.5, 133.5
2023-04-06, 11:15:11, 130.75, 51.25, 19.0, 24.5, 9999.0, 0.0, -1.0, 19.5, 9999.0, 9999.0, 9999.0, 119.0, 122.75, 118.25, 101.5, 133.5
2023-04-06, 11:15:15, 131.0, 51.25, 19.0, 26.0, 9999.0, 1.25, 1.5, 19.75, 9999.0, 9999.0, 9999.0, 119.0, 122.75, 118.25, 101.5, 133.5
2023-04-06, 11:15:19, 131.0, 51.25, 19.0, 25.75, 9999.0, 1.25, 1.5, 19.5, 9999.0, 9999.0, 9999.0, 119.0, 122.5, 118.0, 101.5, 133.5
2023-04-06, 11:15:23, 131.0, 51.25, 19.0, 25.75, 9999.0, 1.0, 1.5, 19.5, 9999.0, 9999.0, 9999.0, 119.0, 122.75, 118.0, 101.5, 131.75
2023-04-06, 11:15:27, 130.75, 50.25, 16.25, 25.75, 9999.0, 1.0, 1.5, 19.75, 9999.0, 9999.0, 9999.0, 119.0, 122.75, 118.25, 101.5, 133.5
2023-04-06, 11:15:31, 131.0, 51.25, 19.0, 25.5, 9999.0, 1.0, 1.25, 19.75, 9999.0, 9999.0, 9999.0, 118.75, 122.75, 118.25, 101.5, 133.5
2023-04-06, 11:15:35, 130.75, 51.25, 19.0, 25.75, 9999.0, 1.25, 1.5, 19.75, 9999.0, 9999.0, 9999.0, 118.75, 122.5, 118.25, 101.5, 133.5
2023-04-06, 11:15:39, 130.75, 51.25, 19.0, 25.75, 9999.0, 1.25, 1.25, 19.5, 9999.0, 9999.0, 9999.0, 118.0, 122.25, 117.0, 100.0, 133.5
2023-04-06, 11:15:43, 131.0, 51.25, 19.0, 26.0, 9999.0, 1.25, 1.5, 19.75, 9999.0, 9999.0, 9999.0, 118.75, 122.5, 118.25, 101.5, 133.5
2023-04-06, 11:15:47, 131.0, 51.25, 19.0, 26.0, 9999.0, 1.25, 1.25, 19.75, 9999.0, 9999.0, 9999.0, 118.75, 122.5, 118.25, 101.5, 133.5
2023-04-06, 11:15:51, 131.0, 51.25, 19.0, 26.0, 9999.0, 1.5, 1.5, 19.75, 9999.0, 9999.0, 9999.0, 118.75, 122.5, 118.0, 101.5, 133.5
2023-04-06, 11:15:55, 130.75, 51.25, 19.0, 26.0, 9999.0, 1.25, 1.5, 19.75, 9999.0, 9999.0, 9999.0, 119.5, 122.5, 118.0, 101.5, 133.5
2023-04-06, 11:15:59, 131.0, 49.75, 18.5, 24.75, 9999.0, 1.0, 1.5, 19.75, 9999.0, 9999.0, 9999.0, 119.25, 122.5, 118.0, 101.5, 133.5
2023-04-06, 11:16:03, 130.75, 51.25, 19.0, 26.0, 9999.0, 1.25, 1.5, 19.75, 9999.0, 9999.0, 9999.0, 119.25, 122.5, 118.0, 101.5, 133.5
2023-04-06, 11:16:07, 130.75, 51.25, 18.75, 25.75, 9999.0, 1.25, 1.5, 19.75, 9999.0, 9999.0, 9999.0, 119.25, 122.5, 118.0, 101.5, 133.5
2023-04-06, 11:16:11, 130.75, 51.25, 18.75, 25.5, 9999.0, 1.25, 1.5, 19.75, 9999.0, 9999.0, 9999.0, 119.25, 122.5, 118.0, 100.5, 133.0
2023-04-06, 11:16:15, 130.0, 49.0, 18.75, 25.75, 9999.0, 1.25, 1.5, 19.75, 9999.0, 9999.0, 9999.0, 119.0, 122.5, 118.25, 101.5, 133.5
2023-04-06, 11:16:19, 130.75, 51.25, 19.0, 25.5, 9999.0, 1.25, 1.5, 19.75, 9999.0, 9999.0, 9999.0, 119.0, 122.5, 118.25, 101.5, 133.5
2023-04-06, 11:16:23, 131.0, 51.25, 18.75, 26.0, 9999.0, 1.25, 1.5, 19.75, 9999.0, 9999.0, 9999.0, 119.0, 122.5, 118.0, 101.5, 133.25
2023-04-06, 11:16:27, 130.75, 51.25, 18.75, 26.0, 9999.0, 1.25, 1.25, 19.5, 9999.0, 9999.0, 9999.0, 118.25, 122.5, 117.0, 100.75, 133.5
2023-04-06, 11:16:31, 130.75, 51.25, 19.0, 26.0, 9999.0, 1.25, 1.5, 19.75, 9999.0, 9999.0, 9999.0, 119.0, 122.75, 118.0, 101.5, 133.5
2023-04-06, 11:16:35, 130.75, 51.25, 19.0, 26.0, 9999.0, 1.25, 1.5, 19.5, 9999.0, 9999.0, 9999.0, 119.0, 122.75, 118.0, 101.5, 133.5
2023-04-06, 11:16:39, 130.75, 51.25, 19.0, 26.0, 9999.0, 1.0, 1.5, 19.75, 9999.0, 9999.0, 9999.0, 119.0, 122.5, 118.0, 101.5, 133.5
2023-04-06, 11:16:43, 130.75, 51.25, 18.75, 26.0, 9999.0, 1.0, 1.5, 18.25, 9999.0, 9999.0, 9999.0, 118.75, 122.5, 118.0, 101.5, 133.5
2023-04-06, 11:16:47, 130.75, 51.25, 19.0, 26.0, 9999.0, 1.0, 1.5, 19.75, 9999.0, 9999.0, 9999.0, 118.75, 122.5, 118.0, 101.5, 133.5
2023-04-06, 11:16:51, 131.0, 51.25, 19.0, 26.0, 9999.0, 1.0, 1.5, 19.75, 9999.0, 9999.0, 9999.0, 118.75, 122.5, 118.0, 101.5, 133.5
2023-04-06, 11:16:55, 131.0, 51.25, 19.0, 25.75, 9999.0, 1.0, 1.25, 19.75, 9999.0, 9999.0, 9999.0, 118.75, 122.5, 118.25, 101.5, 133.5
2023-04-06, 11:16:59, 130.75, 51.25, 19.0, 25.75, 9999.0, 1.0, -0.25, 17.5, 9999.0, 9999.0, 9999.0, 118.75, 122.5, 118.0, 101.5, 133.5
2023-04-06, 11:17:03, 130.75, 51.25, 19.0, 25.75, 9999.0, 1.25, 1.5, 19.75, 9999.0, 9999.0, 9999.0, 118.75, 122.5, 118.0, 101.5, 133.5
2023-04-06, 11:17:07, 131.0, 51.25, 19.0, 26.0, 9999.0, 1.25, 1.5, 19.75, 9999.0, 9999.0, 9999.0, 118.75, 122.5, 118.0, 101.5, 133.5
2023-04-06, 11:17:11, 131.0, 51.25, 19.0, 26.0, 9999.0, 1.25, 1.5, 19.75, 9999.0, 9999.0, 9999.0, 118.75, 122.5, 118.0, 101.5, 133.5
2023-04-06, 11:17:15, 130.25, 50.75, 18.25, 23.5, 9999.0, 1.25, 1.5, 19.75, 9999.0, 9999.0, 9999.0, 119.5, 122.5, 118.25, 101.25, 133.5
2023-04-06, 11:17:19, 131.0, 51.25, 19.0, 25.5, 9999.0, 1.25, 1.5, 19.75, 9999.0, 9999.0, 9999.0, 119.25, 122.5, 118.0, 101.5, 133.5
2023-04-06, 11:17:23, 130.75, 51.25, 19.0, 25.75, 9999.0, 1.25, 1.5, 19.75, 9999.0, 9999.0, 9999.0, 119.25, 122.5, 118.0, 101.25, 133.5
2023-04-06, 11:17:27, 131.0, 51.25, 19.0, 26.0, 9999.0, 1.25, 1.25, 19.75, 9999.0, 9999.0, 9999.0, 119.0, 122.5, 117.0, 101.25, 132.25
2023-04-06, 11:17:31, 127.75, 51.25, 19.0, 25.75, 9999.0, 1.25, 1.5, 19.75, 9999.0, 9999.0, 9999.0, 119.25, 122.5, 118.0, 101.5, 133.5
2023-04-06, 11:17:35, 130.75, 51.25, 19.0, 26.0, 9999.0, 1.25, 1.5, 19.75, 9999.0, 9999.0, 9999.0, 119.0, 122.5, 118.0, 101.5, 133.5
2023-04-06, 11:17:39, 131.0, 51.25, 19.0, 26.0, 9999.0, 1.25, 1.5, 19.75, 9999.0, 9999.0, 9999.0, 119.0, 122.5, 118.0, 101.25, 133.5
2023-04-06, 11:17:43, 130.75, 51.25, 19.0, 26.0, 9999.0, 1.25, 1.5, 19.75, 9999.0, 9999.0, 9999.0, 118.75, 121.25, 116.75, 101.5, 133.5
2023-04-06, 11:17:47, 130.75, 51.25, 19.0, 25.75, 9999.0, 1.25, 1.25, 19.75, 9999.0, 9999.0, 9999.0, 119.0, 122.75, 118.0, 101.5, 133.5
2023-04-06, 11:17:51, 131.0, 51.25, 19.0, 26.0, 9999.0, 1.25, 1.5, 19.75, 9999.0, 9999.0, 9999.0, 119.0, 122.75, 118.0, 101.5, 133.5
2023-04-06, 11:17:55, 130.75, 51.25, 19.0, 26.0, 9999.0, 1.0, 1.5, 19.75, 9999.0, 9999.0, 9999.0, 118.75, 122.5, 118.0, 101.5, 133.5
2023-04-06, 11:17:59, 131.0, 51.25, 19.0, 26.0, 9999.0, 1.0, 0.0, 19.0, 9999.0, 9999.0, 9999.0, 119.0, 122.75, 118.0, 101.5, 133.5
2023-04-06, 11:18:03, 130.75, 51.25, 19.0, 26.0, 9999.0, 1.0, 1.25, 19.75, 9999.0, 9999.0, 9999.0, 118.75, 122.5, 118.0, 101.5, 133.5
2023-04-06, 11:18:07, 130.75, 51.25, 18.75, 25.75, 9999.0, 1.0, 1.25, 19.5, 9999.0, 9999.0, 9999.0, 118.75, 122.5, 118.0, 101.5, 133.5
2023-04-06, 11:18:11, 130.75, 51.25, 19.0, 25.75, 9999.0, 1.0, 1.5, 19.5, 9999.0, 9999.0, 9999.0, 118.75, 122.5, 118.0, 101.25, 133.5
2023-04-06, 11:18:15, 130.75, 51.0, 18.75, 24.75, 9999.0, -0.25, -1.5, 19.75, 9999.0, 9999.0, 9999.0, 118.75, 122.75, 118.25, 101.25, 133.5
2023-04-06, 11:18:19, 130.75, 51.25, 19.0, 25.75, 9999.0, 1.25, 1.5, 19.5, 9999.0, 9999.0, 9999.0, 118.75, 122.75, 118.0, 101.5, 133.5
2023-04-06, 11:18:23, 131.0, 51.25, 19.0, 25.5, 9999.0, 1.25, 1.5, 19.5, 9999.0, 9999.0, 9999.0, 118.75, 122.5, 118.0, 101.5, 133.5
2023-04-06, 11:18:27, 130.75, 51.25, 19.0, 26.0, 9999.0, 1.25, 1.25, 19.5, 9999.0, 9999.0, 9999.0, 118.75, 122.5, 118.0, 101.5, 133.0
2023-04-06, 11:18:31, 130.0, 50.75, 17.5, 25.0, 9999.0, 1.25, 1.5, 19.75, 9999.0, 9999.0, 9999.0, 118.5, 122.75, 118.25, 101.5, 133.5
2023-04-06, 11:18:35, 130.75, 51.25, 19.0, 26.0, 9999.0, 1.5, 1.5, 19.75, 9999.0, 9999.0, 9999.0, 119.25, 122.5, 118.0, 101.5, 133.5
2023-04-06, 11:18:39, 130.75, 51.25, 19.0, 25.75, 9999.0, 1.25, 1.25, 19.5, 9999.0, 9999.0, 9999.0, 119.25, 122.5, 118.25, 101.25, 133.5
2023-04-06, 11:18:43, 130.75, 51.0, 19.0, 25.75, 9999.0, 1.25, 1.25, 19.5, 9999.0, 9999.0, 9999.0, 119.25, 121.0, 117.75, 100.75, 130.25
2023-04-06, 11:18:47, 130.5, 51.25, 19.0, 26.0, 9999.0, 1.25, 1.5, 19.5, 9999.0, 9999.0, 9999.0, 119.25, 122.5, 118.0, 101.5, 133.5
2023-04-06, 11:18:51, 130.75, 51.25, 19.0, 25.75, 9999.0, 1.25, 1.5, 19.5, 9999.0, 9999.0, 9999.0, 119.25, 122.5, 118.0, 101.25, 133.5
2023-04-06, 11:18:55, 130.75, 51.25, 19.0, 26.0, 9999.0, 1.25, 1.25, 19.5, 9999.0, 9999.0, 9999.0, 119.0, 122.5, 118.0, 101.25, 133.25
2023-04-06, 11:18:59, 130.75, 51.25, 18.75, 26.0, 9999.0, 1.25, 1.25, 19.5, 9999.0, 9999.0, 9999.0, 117.75, 120.5, 118.0, 101.25, 133.5
2023-04-06, 11:19:03, 130.75, 51.25, 18.75, 26.0, 9999.0, 1.25, 1.25, 19.5, 9999.0, 9999.0, 9999.0, 119.0, 122.75, 118.0, 101.25, 133.25
2023-04-06, 11:19:07, 130.75, 51.25, 18.75, 26.0, 9999.0, 1.25, 1.5, 19.75, 9999.0, 9999.0, 9999.0, 119.0, 122.75, 118.0, 101.25, 133.5
2023-04-06, 11:19:11, 130.75, 51.25, 18.75, 26.0, 9999.0, 1.25, 1.5, 19.5, 9999.0, 9999.0, 9999.0, 118.75, 122.75, 118.0, 101.25, 133.5
2023-04-06, 11:19:16, 130.75, 51.0, 18.75, 25.5, 9999.0, 0.25, 0.5, 19.25, 9999.0, 9999.0, 9999.0, 119.0, 122.5, 118.0, 101.25, 133.5
2023-04-06, 11:19:20, 130.75, 51.25, 18.75, 25.75, 9999.0, 1.0, 1.25, 19.5, 9999.0, 9999.0, 9999.0, 118.75, 122.5, 118.0, 101.5, 133.5
2023-04-06, 11:19:24, 130.75, 51.25, 19.0, 25.75, 9999.0, 1.0, 1.25, 19.5, 9999.0, 9999.0, 9999.0, 119.0, 122.5, 118.0, 101.25, 133.5
2023-04-06, 11:19:28, 130.75, 51.25, 18.75, 25.75, 9999.0, 1.0, 1.25, 19.5, 9999.0, 9999.0, 9999.0, 118.75, 122.5, 118.0, 101.25, 133.5
2023-04-06, 11:19:32, 130.75, 51.25, 17.25, 25.5, 9999.0, -2.0, 1.25, 19.5, 9999.0, 9999.0, 9999.0, 118.75, 122.5, 118.0, 101.25, 133.5
2023-04-06, 11:19:36, 130.75, 51.25, 18.75, 25.75, 9999.0, 1.0, 1.25, 19.5, 9999.0, 9999.0, 9999.0, 118.75, 122.5, 118.0, 101.25, 133.5
2023-04-06, 11:19:40, 130.75, 51.25, 19.0, 25.75, 9999.0, 1.25, 1.25, 19.75, 9999.0, 9999.0, 9999.0, 118.75, 122.5, 118.0, 101.25, 133.5
2023-04-06, 11:19:44, 130.75, 51.25, 19.0, 25.5, 9999.0, 1.0, 1.25, 19.5, 9999.0, 9999.0, 9999.0, 118.75, 122.5, 118.0, 101.25, 132.5
2023-04-06, 11:19:48, 130.5, 49.5, 16.5, 25.5, 9999.0, 1.25, 1.5, 19.5, 9999.0, 9999.0, 9999.0, 118.75, 122.5, 118.0, 101.25, 133.5
2023-04-06, 11:19:52, 130.75, 51.25, 19.0, 25.5, 9999.0, 1.25, 1.5, 19.75, 9999.0, 9999.0, 9999.0, 118.5, 122.5, 118.0, 101.5, 133.5
2023-04-06, 11:19:56, 130.75, 51.25, 19.0, 25.75, 9999.0, 1.25, 1.5, 19.5, 9999.0, 9999.0, 9999.0, 119.25, 122.5, 118.0, 101.25, 133.5
2023-04-06, 11:20:00, 130.5, 51.25, 19.0, 26.0, 9999.0, 1.25, 1.5, 19.5, 9999.0, 9999.0, 9999.0, 118.75, 122.0, 117.5, 99.5, 132.75
2023-04-06, 11:20:04, 130.75, 51.25, 18.75, 25.75, 9999.0, 1.25, 1.25, 19.5, 9999.0, 9999.0, 9999.0, 119.25, 122.5, 118.0, 101.25, 133.5
2023-04-06, 11:20:08, 130.75, 51.25, 19.0, 25.75, 9999.0, 1.25, 1.5, 19.5, 9999.0, 9999.0, 9999.0, 119.25, 122.25, 118.0, 101.25, 133.5
2023-04-06, 11:20:12, 130.75, 51.25, 18.75, 25.75, 9999.0, 1.25, 1.5, 19.75, 9999.0, 9999.0, 9999.0, 119.0, 122.25, 118.0, 101.25, 133.5
2023-04-06, 11:20:16, 130.75, 51.25, 18.75, 25.75, 9999.0, 1.25, 1.5, 19.5, 9999.0, 9999.0, 9999.0, 115.5, 122.25, 118.0, 101.25, 133.5
2023-04-06, 11:20:20, 130.75, 51.25, 18.75, 25.75, 9999.0, 1.25, 1.5, 19.75, 9999.0, 9999.0, 9999.0, 119.0, 122.25, 118.0, 101.25, 133.25
2023-04-06, 11:20:24, 130.75, 51.25, 19.0, 26.0, 9999.0, 1.25, 1.5, 19.5, 9999.0, 9999.0, 9999.0, 119.0, 122.5, 118.0, 101.5, 133.5
2023-04-06, 11:20:28, 130.75, 51.25, 19.0, 26.0, 9999.0, 1.25, 1.5, 19.5, 9999.0, 9999.0, 9999.0, 119.0, 122.5, 118.0, 101.5, 133.25
2023-04-06, 11:20:32, 131.0, 51.25, 19.0, 25.75, 9999.0, 0.25, 1.25, 18.5, 9999.0, 9999.0, 9999.0, 119.0, 122.5, 118.0, 101.5, 133.5
2023-04-06, 11:20:36, 130.75, 51.25, 19.0, 25.75, 9999.0, 1.25, 1.5, 19.5, 9999.0, 9999.0, 9999.0, 119.0, 122.5, 118.0, 101.5, 133.5
2023-04-06, 11:20:40, 130.75, 51.25, 19.0, 26.0, 9999.0, 1.25, 1.5, 19.75, 9999.0, 9999.0, 9999.0, 119.0, 122.5, 118.0, 101.5, 133.5
2023-04-06, 11:20:44, 130.75, 51.25, 19.0, 26.0, 9999.0, 1.0, 1.25, 19.5, 9999.0, 9999.0, 9999.0, 118.75, 122.5, 118.0, 101.5, 133.5
2023-04-06, 11:20:48, 131.0, 49.5, 18.25, 24.5, 9999.0, 1.0, 1.5, 19.75, 9999.0, 9999.0, 9999.0, 118.75, 122.5, 118.0, 101.5, 133.5
2023-04-06, 11:20:52, 130.75, 51.25, 19.0, 25.75, 9999.0, 1.0, 1.5, 19.75, 9999.0, 9999.0, 9999.0, 118.75, 122.5, 118.0, 101.5, 133.5
2023-04-06, 11:20:56, 131.0, 51.25, 19.0, 26.0, 9999.0, 1.25, 1.5, 19.75, 9999.0, 9999.0, 9999.0, 118.75, 122.5, 118.0, 101.5, 133.5
2023-04-06, 11:21:00, 131.0, 51.25, 19.0, 26.0, 9999.0, 1.25, 1.5, 19.75, 9999.0, 9999.0, 9999.0, 118.75, 122.5, 118.0, 100.75, 133.0
2023-04-06, 11:21:04, 129.5, 48.25, 19.0, 26.0, 9999.0, 1.25, 1.5, 19.5, 9999.0, 9999.0, 9999.0, 118.75, 122.5, 118.0, 101.5, 133.5
2023-04-06, 11:21:08, 131.0, 51.25, 19.0, 26.0, 9999.0, 1.5, 1.5, 19.75, 9999.0, 9999.0, 9999.0, 118.75, 122.5, 118.0, 101.5, 133.5
2023-04-06, 11:21:12, 131.0, 51.25, 19.0, 25.75, 9999.0, 1.5, 1.5, 19.75, 9999.0, 9999.0, 9999.0, 119.5, 122.5, 118.0, 101.5, 133.25
2023-04-06, 11:21:16, 131.0, 51.25, 19.0, 26.0, 9999.0, 1.5, 1.5, 19.5, 9999.0, 9999.0, 9999.0, 118.5, 121.75, 116.5, 101.0, 133.5
2023-04-06, 11:21:20, 131.0, 51.25, 19.0, 25.75, 9999.0, 1.5, 1.5, 19.75, 9999.0, 9999.0, 9999.0, 119.25, 122.5, 118.0, 101.5, 133.5
2023-04-06, 11:21:24, 131.0, 51.25, 19.0, 25.75, 9999.0, 1.25, 1.5, 19.75, 9999.0, 9999.0, 9999.0, 119.25, 122.5, 118.0, 101.5, 133.5
2023-04-06, 11:21:28, 131.0, 51.25, 19.0, 26.0, 9999.0, 1.25, 1.5, 19.75, 9999.0, 9999.0, 9999.0, 119.25, 122.25, 118.0, 101.5, 133.5
2023-04-06, 11:21:32, 131.0, 51.25, 19.0, 26.0, 9999.0, 1.25, 1.5, 18.75, 9999.0, 9999.0, 9999.0, 119.0, 122.25, 118.0, 101.5, 133.5
2023-04-06, 11:21:36, 131.0, 51.25, 19.0, 26.0, 9999.0, 1.25, 1.5, 19.75, 9999.0, 9999.0, 9999.0, 119.0, 122.5, 118.0, 101.5, 133.5
2023-04-06, 11:21:40, 131.0, 51.25, 19.0, 26.0, 9999.0, 1.25, 1.5, 19.75, 9999.0, 9999.0, 9999.0, 119.0, 122.5, 118.0, 101.5, 133.5
2023-04-06, 11:21:44, 131.0, 51.25, 19.0, 25.75, 9999.0, 1.25, 1.5, 19.75, 9999.0, 9999.0, 9999.0, 119.0, 122.5, 118.0, 101.5, 133.5
2023-04-06, 11:21:48, 131.0, 51.25, 19.0, 25.75, 9999.0, 1.0, 0.25, 18.75, 9999.0, 9999.0, 9999.0, 119.0, 122.75, 118.0, 101.5, 133.5
2023-04-06, 11:21:52, 131.0, 51.25, 19.0, 25.75, 9999.0, 1.25, 1.5, 19.75, 9999.0, 9999.0, 9999.0, 119.0, 122.75, 118.0, 101.5, 133.5
2023-04-06, 11:21:56, 131.0, 51.25, 19.0, 25.5, 9999.0, 1.25, 1.5, 19.75, 9999.0, 9999.0, 9999.0, 119.0, 122.75, 118.0, 101.5, 133.5
2023-04-06, 11:22:00, 131.0, 51.5, 19.0, 25.25, 9999.0, 1.0, 1.5, 19.75, 9999.0, 9999.0, 9999.0, 118.75, 122.5, 118.0, 101.5, 133.5
2023-04-06, 11:22:04, 129.5, 50.5, 17.75, 23.75, 9999.0, 1.25, 1.5, 19.75, 9999.0, 9999.0, 9999.0, 118.75, 122.5, 118.0, 101.5, 133.5
2023-04-06, 11:22:08, 131.0, 51.25, 19.0, 25.75, 9999.0, 1.25, 1.5, 19.75, 9999.0, 9999.0, 9999.0, 118.75, 122.5, 118.0, 101.5, 133.5
2023-04-06, 11:22:12, 131.0, 51.25, 19.0, 25.5, 9999.0, 1.25, 1.5, 19.75, 9999.0, 9999.0, 9999.0, 118.75, 122.75, 118.0, 101.5, 133.5
2023-04-06, 11:22:16, 131.0, 51.25, 18.75, 25.5, 9999.0, 1.25, 1.5, 19.75, 9999.0, 9999.0, 9999.0, 118.75, 122.5, 116.75, 101.25, 132.0
2023-04-06, 11:22:20, 128.25, 51.25, 19.0, 25.5, 9999.0, 1.25, 1.5, 19.75, 9999.0, 9999.0, 9999.0, 118.75, 122.5, 118.0, 101.5, 133.5
2023-04-06, 11:22:24, 131.0, 51.25, 19.0, 25.5, 9999.0, 1.25, 1.5, 19.75, 9999.0, 9999.0, 9999.0, 118.75, 122.5, 118.0, 101.25, 133.5
2023-04-06, 11:22:28, 131.0, 51.25, 19.0, 25.75, 9999.0, 1.5, 1.5, 19.75, 9999.0, 9999.0, 9999.0, 118.75, 122.5, 118.0, 101.25, 133.5
2023-04-06, 11:22:32, 131.0, 51.25, 19.0, 25.75, 9999.0, 1.5, 1.5, 19.75, 9999.0, 9999.0, 9999.0, 119.0, 121.0, 116.25, 101.25, 133.5
2023-04-06, 11:22:36, 131.0, 51.25, 19.0, 25.75, 9999.0, 1.5, 1.5, 19.75, 9999.0, 9999.0, 9999.0, 119.25, 122.5, 118.0, 101.25, 133.5
2023-04-06, 11:22:40, 131.0, 51.25, 19.0, 26.0, 9999.0, 1.5, 1.5, 19.75, 9999.0, 9999.0, 9999.0, 119.25, 122.5, 118.0, 101.5, 133.5
2023-04-06, 11:22:44, 131.0, 51.25, 19.0, 26.0, 9999.0, 1.25, 1.5, 19.75, 9999.0, 9999.0, 9999.0, 119.0, 122.25, 118.0, 101.5, 133.5
2023-04-06, 11:22:48, 131.0, 51.25, 19.0, 25.75, 9999.0, 1.25, 0.5, 19.5, 9999.0, 9999.0, 9999.0, 119.0, 122.5, 118.0, 101.5, 133.5
2023-04-06, 11:22:52, 131.0, 51.25, 19.0, 25.75, 9999.0, 1.25, 1.5, 19.75, 9999.0, 9999.0, 9999.0, 119.0, 122.5, 118.0, 101.5, 133.5
2023-04-06, 11:22:56, 131.0, 51.25, 19.0, 25.75, 9999.0, 1.25, 1.5, 19.75, 9999.0, 9999.0, 9999.0, 119.0, 122.5, 118.0, 101.5, 133.5
2023-04-06, 11:23:00, 131.0, 51.25, 19.0, 25.75, 9999.0, 1.25, 1.5, 19.5, 9999.0, 9999.0, 9999.0, 119.0, 122.5, 118.0, 101.25, 133.5
2023-04-06, 11:23:04, 131.0, 51.25, 19.0, 24.25, 9999.0, 0.0, -1.75, 19.75, 9999.0, 9999.0, 9999.0, 119.0, 122.5, 118.0, 101.5, 133.5
2023-04-06, 11:23:08, 131.0, 51.25, 19.0, 25.75, 9999.0, 1.25, 1.5, 19.75, 9999.0, 9999.0, 9999.0, 119.0, 122.5, 118.0, 101.25, 133.5
2023-04-06, 11:23:12, 131.0, 51.25, 19.0, 25.75, 9999.0, 1.25, 1.5, 19.75, 9999.0, 9999.0, 9999.0, 119.0, 122.5, 118.0, 101.25, 133.5
2023-04-06, 11:23:16, 131.0, 51.25, 19.0, 25.75, 9999.0, 1.0, 1.25, 19.75, 9999.0, 9999.0, 9999.0, 118.75, 122.5, 118.0, 101.25, 133.25
2023-04-06, 11:23:20, 130.0, 51.0, 17.75, 24.75, 9999.0, 1.0, 1.5, 19.75, 9999.0, 9999.0, 9999.0, 118.75, 122.5, 118.0, 101.25, 133.5
2023-04-06, 11:23:24, 131.0, 51.25, 19.0, 25.75, 9999.0, 1.25, 1.5, 19.75, 9999.0, 9999.0, 9999.0, 118.75, 122.5, 118.0, 101.25, 133.5
2023-04-06, 11:23:28, 130.75, 51.25, 19.0, 25.75, 9999.0, 1.25, 1.25, 19.5, 9999.0, 9999.0, 9999.0, 118.75, 122.5, 118.0, 101.25, 133.5
2023-04-06, 11:23:32, 131.0, 51.0, 19.0, 25.75, 9999.0, 1.0, 1.5, 19.5, 9999.0, 9999.0, 9999.0, 118.75, 120.75, 117.5, 100.25, 131.25
2023-04-06, 11:23:36, 130.75, 51.25, 18.75, 25.75, 9999.0, 1.25, 1.5, 19.75, 9999.0, 9999.0, 9999.0, 118.75, 122.5, 118.0, 101.25, 133.5
2023-04-06, 11:23:40, 131.0, 51.25, 18.75, 25.25, 9999.0, 1.25, 1.5, 19.75, 9999.0, 9999.0, 9999.0, 118.75, 122.5, 118.0, 101.25, 133.5
2023-04-06, 11:23:45, 130.75, 51.25, 19.0, 25.5, 9999.0, 1.5, 1.5, 19.5, 9999.0, 9999.0, 9999.0, 118.75, 122.5, 117.75, 101.25, 133.25
2023-04-06, 11:23:49, 131.0, 51.25, 19.0, 25.5, 9999.0, 1.5, 1.5, 19.75, 9999.0, 9999.0, 9999.0, 116.75, 120.0, 118.0, 101.25, 133.5
2023-04-06, 11:23:53, 131.0, 51.25, 19.0, 25.5, 9999.0, 1.25, 1.5, 19.75, 9999.0, 9999.0, 9999.0, 119.25, 122.5, 118.0, 101.25, 133.5
2023-04-06, 11:23:57, 131.0, 51.25, 19.0, 25.75, 9999.0, 1.25, 1.25, 19.75, 9999.0, 9999.0, 9999.0, 119.25, 122.5, 118.0, 101.25, 133.25
2023-04-06, 11:24:01, 131.0, 51.25, 19.0, 25.75, 9999.0, 1.5, 1.5, 19.75, 9999.0, 9999.0, 9999.0, 119.0, 122.5, 118.0, 101.5, 133.5
2023-04-06, 11:24:05, 131.0, 51.25, 19.0, 25.75, 9999.0, 0.5, 0.75, 19.0, 9999.0, 9999.0, 9999.0, 119.25, 122.25, 118.0, 101.5, 133.5
2023-04-06, 11:24:09, 131.0, 51.25, 18.75, 26.0, 9999.0, 1.25, 1.5, 19.75, 9999.0, 9999.0, 9999.0, 119.0, 122.5, 118.0, 101.25, 133.5
2023-04-06, 11:24:13, 131.0, 51.25, 19.0, 26.0, 9999.0, 1.25, 1.5, 19.75, 9999.0, 9999.0, 9999.0, 119.0, 122.25, 118.0, 101.25, 133.5
2023-04-06, 11:24:17, 131.0, 51.25, 19.0, 25.5, 9999.0, 1.25, 1.5, 19.5, 9999.0, 9999.0, 9999.0, 119.0, 122.25, 118.0, 101.25, 133.5
2023-04-06, 11:24:21, 130.75, 51.25, 18.0, 25.25, 9999.0, -2.0, 1.5, 19.5, 9999.0, 9999.0, 9999.0, 119.0, 122.5, 118.0, 101.5, 133.5
2023-04-06, 11:24:25, 130.75, 51.25, 19.0, 25.75, 9999.0, 1.25, 1.25, 19.75, 9999.0, 9999.0, 9999.0, 119.0, 122.5, 118.0, 101.25, 133.5
2023-04-06, 11:24:29, 130.75, 51.25, 19.0, 25.75, 9999.0, 1.25, 1.5, 19.75, 9999.0, 9999.0, 9999.0, 119.0, 122.5, 118.0, 101.25, 133.5
2023-04-06, 11:24:33, 131.0, 51.25, 19.0, 25.75, 9999.0, 1.25, 1.25, 19.75, 9999.0, 9999.0, 9999.0, 118.75, 122.5, 118.0, 101.25, 132.5
2023-04-06, 11:24:37, 130.5, 49.75, 18.25, 26.0, 9999.0, 1.25, 1.5, 19.75, 9999.0, 9999.0, 9999.0, 118.75, 122.5, 118.0, 101.25, 133.5
2023-04-06, 11:24:41, 130.75, 51.25, 19.0, 26.0, 9999.0, 1.0, 1.5, 19.75, 9999.0, 9999.0, 9999.0, 118.75, 122.5, 118.0, 101.25, 133.5
2023-04-06, 11:24:45, 131.0, 51.25, 18.75, 26.0, 9999.0, 1.25, 1.5, 19.75, 9999.0, 9999.0, 9999.0, 118.75, 122.5, 118.0, 101.25, 133.5
2023-04-06, 11:24:49, 130.5, 51.25, 18.75, 26.0, 9999.0, 1.0, 1.5, 19.75, 9999.0, 9999.0, 9999.0, 117.0, 121.75, 117.5, 100.0, 132.5
2023-04-06, 11:24:53, 131.0, 51.25, 19.0, 26.0, 9999.0, 1.25, 1.25, 19.5, 9999.0, 9999.0, 9999.0, 118.75, 122.5, 118.0, 101.25, 133.5
2023-04-06, 11:24:57, 131.0, 51.25, 19.0, 25.75, 9999.0, 1.25, 1.25, 19.75, 9999.0, 9999.0, 9999.0, 118.75, 122.25, 118.0, 101.25, 133.5
2023-04-06, 11:25:01, 131.0, 51.25, 19.0, 26.0, 9999.0, 1.25, 1.25, 19.75, 9999.0, 9999.0, 9999.0, 118.5, 122.5, 117.75, 101.25, 133.5
2023-04-06, 11:25:05, 130.75, 51.25, 19.0, 25.75, 9999.0, 1.25, 1.25, 19.5, 9999.0, 9999.0, 9999.0, 115.5, 122.5, 118.0, 101.25, 133.5
2023-04-06, 11:25:09, 131.0, 51.25, 19.0, 25.75, 9999.0, 1.25, 1.5, 19.75, 9999.0, 9999.0, 9999.0, 119.25, 122.5, 118.0, 101.25, 133.5
2023-04-06, 11:25:13, 130.75, 51.25, 19.0, 26.0, 9999.0, 1.25, 1.5, 19.75, 9999.0, 9999.0, 9999.0, 119.25, 122.5, 118.0, 101.25, 133.25
2023-04-06, 11:25:17, 130.75, 51.25, 19.0, 26.0, 9999.0, 1.25, 1.5, 19.75, 9999.0, 9999.0, 9999.0, 119.0, 122.5, 118.0, 101.25, 133.5
2023-04-06, 11:25:21, 130.75, 51.25, 19.0, 25.75, 9999.0, 0.5, 1.25, 18.5, 9999.0, 9999.0, 9999.0, 119.0, 122.25, 118.0, 101.25, 133.25
2023-04-06, 11:25:25, 131.0, 51.25, 19.0, 26.0, 9999.0, 1.25, 1.25, 19.5, 9999.0, 9999.0, 9999.0, 119.0, 122.5, 118.0, 101.25, 133.5
2023-04-06, 11:25:29, 130.75, 51.25, 19.0, 26.0, 9999.0, 1.25, 1.25, 19.5, 9999.0, 9999.0, 9999.0, 119.0, 122.25, 118.0, 101.25, 133.25
2023-04-06, 11:25:33, 130.75, 51.25, 18.75, 26.0, 9999.0, 1.25, 1.25, 19.5, 9999.0, 9999.0, 9999.0, 119.0, 122.25, 117.75, 101.25, 133.25
2023-04-06, 11:25:37, 130.75, 49.75, 18.5, 24.75, 9999.0, 1.0, 1.25, 19.5, 9999.0, 9999.0, 9999.0, 119.0, 122.5, 118.0, 101.25, 133.25
2023-04-06, 11:25:41, 130.75, 51.25, 18.75, 26.0, 9999.0, 1.25, 1.25, 19.5, 9999.0, 9999.0, 9999.0, 119.0, 122.5, 118.0, 101.25, 133.5
2023-04-06, 11:25:45, 130.75, 51.25, 19.0, 25.75, 9999.0, 1.25, 1.25, 19.5, 9999.0, 9999.0, 9999.0, 119.0, 122.5, 118.0, 101.25, 133.25
2023-04-06, 11:25:49, 130.75, 51.25, 18.75, 25.75, 9999.0, 1.0, 1.25, 19.75, 9999.0, 9999.0, 9999.0, 118.75, 122.5, 117.75, 100.5, 133.0
2023-04-06, 11:25:53, 129.5, 47.25, 19.0, 25.75, 9999.0, 1.0, 1.25, 19.5, 9999.0, 9999.0, 9999.0, 119.0, 122.5, 118.0, 101.25, 133.25
2023-04-06, 11:25:57, 130.75, 51.25, 18.75, 25.5, 9999.0, 1.0, 1.25, 19.75, 9999.0, 9999.0, 9999.0, 118.75, 122.5, 118.0, 101.25, 133.25
2023-04-06, 11:26:01, 130.75, 51.25, 19.0, 25.75, 9999.0, 1.0, 1.25, 19.5, 9999.0, 9999.0, 9999.0, 118.75, 122.5, 118.0, 101.25, 133.25
2023-04-06, 11:26:05, 130.75, 51.25, 18.75, 25.75, 9999.0, 1.0, 1.25, 19.5, 9999.0, 9999.0, 9999.0, 118.0, 122.0, 116.5, 100.75, 133.25
2023-04-06, 11:26:09, 130.75, 51.25, 18.75, 25.75, 9999.0, 1.0, 1.25, 19.75, 9999.0, 9999.0, 9999.0, 118.75, 122.5, 118.0, 101.25, 133.5
2023-04-06, 11:26:13, 130.75, 51.25, 19.0, 26.0, 9999.0, 1.25, 1.25, 19.5, 9999.0, 9999.0, 9999.0, 118.75, 122.5, 118.0, 101.25, 133.25
2023-04-06, 11:26:17, 130.75, 51.25, 19.0, 25.75, 9999.0, 1.25, 1.25, 19.5, 9999.0, 9999.0, 9999.0, 118.75, 122.5, 118.0, 101.25, 133.5
2023-04-06, 11:26:21, 130.75, 51.25, 18.75, 25.75, 9999.0, 1.25, 1.25, 18.5, 9999.0, 9999.0, 9999.0, 118.5, 122.5, 118.0, 101.25, 133.25
2023-04-06, 11:26:25, 130.75, 51.25, 19.0, 25.75, 9999.0, 1.25, 1.25, 19.5, 9999.0, 9999.0, 9999.0, 118.5, 122.5, 118.0, 101.25, 133.25
2023-04-06, 11:26:29, 130.75, 51.25, 18.75, 25.5, 9999.0, 1.25, 1.25, 19.5, 9999.0, 9999.0, 9999.0, 119.25, 122.5, 118.0, 101.25, 133.25
2023-04-06, 11:26:33, 130.75, 51.25, 18.75, 25.75, 9999.0, 1.25, 1.5, 19.75, 9999.0, 9999.0, 9999.0, 119.25, 122.25, 118.0, 101.25, 133.25
2023-04-06, 11:26:37, 130.75, 51.25, 18.75, 25.75, 9999.0, 1.0, -0.25, 18.0, 9999.0, 9999.0, 9999.0, 119.0, 122.5, 118.0, 101.25, 133.25
2023-04-06, 11:26:41, 130.75, 51.25, 19.0, 25.75, 9999.0, 1.25, 1.5, 19.75, 9999.0, 9999.0, 9999.0, 119.0, 122.25, 118.0, 101.25, 133.25
2023-04-06, 11:26:45, 130.75, 51.25, 19.0, 26.0, 9999.0, 1.25, 1.5, 19.5, 9999.0, 9999.0, 9999.0, 119.0, 122.25, 118.0, 101.25, 133.25
2023-04-06, 11:26:49, 130.75, 51.25, 18.75, 26.0, 9999.0, 1.0, 1.25, 19.75, 9999.0, 9999.0, 9999.0, 119.0, 122.25, 118.0, 101.25, 133.25
2023-04-06, 11:26:53, 129.75, 50.5, 18.0, 24.75, 9999.0, 1.0, 1.25, 19.75, 9999.0, 9999.0, 9999.0, 119.0, 122.25, 118.0, 101.25, 133.25
2023-04-06, 11:26:57, 130.75, 51.25, 19.0, 26.0, 9999.0, 1.25, 1.25, 19.75, 9999.0, 9999.0, 9999.0, 119.0, 122.5, 118.0, 101.25, 133.25
2023-04-06, 11:27:01, 130.75, 51.25, 18.75, 25.75, 9999.0, 1.25, 1.25, 19.75, 9999.0, 9999.0, 9999.0, 119.0, 122.5, 118.0, 101.25, 133.5
2023-04-06, 11:27:05, 130.75, 51.25, 18.75, 25.5, 9999.0, 1.0, 1.25, 19.5, 9999.0, 9999.0, 9999.0, 118.75, 122.5, 117.0, 101.0, 132.0
2023-04-06, 11:27:09, 127.75, 51.0, 18.75, 25.5, 9999.0, 1.0, 1.25, 19.5, 9999.0, 9999.0, 9999.0, 118.75, 122.5, 118.0, 101.25, 133.5
2023-04-06, 11:27:13, 130.75, 51.25, 18.75, 25.75, 9999.0, 1.0, 1.25, 19.5, 9999.0, 9999.0, 9999.0, 118.75, 122.5, 118.0, 101.25, 133.25
2023-04-06, 11:27:17, 130.75, 51.25, 19.0, 26.0, 9999.0, 1.0, 1.25, 19.5, 9999.0, 9999.0, 9999.0, 118.75, 122.5, 118.0, 101.25, 133.25
2023-04-06, 11:27:21, 130.75, 51.25, 19.0, 25.75, 9999.0, 1.0, 1.25, 19.5, 9999.0, 9999.0, 9999.0, 118.25, 120.75, 117.0, 101.25, 133.25
2023-04-06, 11:27:25, 130.75, 51.25, 19.0, 25.75, 9999.0, 1.0, 1.25, 19.5, 9999.0, 9999.0, 9999.0, 118.75, 122.5, 118.0, 101.25, 133.25
2023-04-06, 11:27:29, 130.75, 51.25, 18.75, 25.75, 9999.0, 1.25, 1.25, 19.5, 9999.0, 9999.0, 9999.0, 118.75, 122.5, 118.0, 101.25, 133.5
2023-04-06, 11:27:33, 130.75, 51.25, 18.75, 25.75, 9999.0, 1.25, 1.25, 19.5, 9999.0, 9999.0, 9999.0, 118.5, 122.25, 118.0, 101.25, 133.5
2023-04-06, 11:27:37, 130.75, 51.25, 18.75, 25.75, 9999.0, 1.25, -0.25, 19.25, 9999.0, 9999.0, 9999.0, 118.5, 122.25, 118.0, 101.25, 133.25
2023-04-06, 11:27:41, 130.75, 51.25, 18.75, 25.75, 9999.0, 1.25, 1.25, 19.5, 9999.0, 9999.0, 9999.0, 118.5, 122.5, 118.0, 101.25, 133.5
2023-04-06, 11:27:45, 130.75, 51.25, 18.75, 25.75, 9999.0, 1.25, 1.25, 19.75, 9999.0, 9999.0, 9999.0, 119.25, 122.5, 118.0, 101.25, 133.25
2023-04-06, 11:27:49, 130.75, 51.25, 18.75, 25.75, 9999.0, 1.25, 1.25, 19.5, 9999.0, 9999.0, 9999.0, 119.25, 122.25, 118.0, 101.25, 133.25
2023-04-06, 11:27:53, 130.75, 51.0, 18.75, 24.75, 9999.0, 0.25, -1.25, 19.5, 9999.0, 9999.0, 9999.0, 119.0, 122.25, 118.0, 101.25, 133.25
2023-04-06, 11:27:57, 130.75, 51.25, 18.75, 26.0, 9999.0, 1.25, 1.25, 19.5, 9999.0, 9999.0, 9999.0, 119.0, 122.5, 118.0, 101.25, 133.5
2023-04-06, 11:28:01, 130.75, 51.25, 19.0, 25.75, 9999.0, 1.25, 1.5, 19.5, 9999.0, 9999.0, 9999.0, 119.0, 122.5, 118.0, 101.25, 133.5
2023-04-06, 11:28:05, 130.75, 51.25, 19.0, 25.75, 9999.0, 1.0, 1.5, 19.75, 9999.0, 9999.0, 9999.0, 119.0, 122.25, 118.0, 101.25, 132.5
2023-04-06, 11:28:10, 130.0, 50.5, 17.75, 24.75, 9999.0, 1.0, 1.25, 19.75, 9999.0, 9999.0, 9999.0, 119.0, 122.25, 118.0, 101.25, 133.25
2023-04-06, 11:28:14, 130.75, 51.25, 19.0, 25.75, 9999.0, 1.0, 1.5, 19.5, 9999.0, 9999.0, 9999.0, 118.75, 122.25, 118.0, 101.25, 133.25
2023-04-06, 11:28:18, 130.75, 51.25, 18.75, 25.75, 9999.0, 1.0, 1.25, 19.5, 9999.0, 9999.0, 9999.0, 119.0, 122.5, 118.0, 101.25, 133.25
2023-04-06, 11:28:22, 130.75, 50.75, 18.75, 25.75, 9999.0, 1.0, 1.25, 19.5, 9999.0, 9999.0, 9999.0, 119.0, 120.75, 117.75, 100.25, 129.75
2023-04-06, 11:28:26, 130.5, 51.0, 18.75, 25.5, 9999.0, 1.0, 1.25, 19.75, 9999.0, 9999.0, 9999.0, 118.75, 122.5, 118.0, 101.25, 133.25
2023-04-06, 11:28:30, 130.75, 51.0, 18.75, 25.5, 9999.0, 1.0, 1.25, 19.75, 9999.0, 9999.0, 9999.0, 118.75, 122.5, 118.0, 101.25, 133.25
2023-04-06, 11:28:34, 130.75, 51.25, 18.75, 25.75, 9999.0, 1.0, 1.25, 19.5, 9999.0, 9999.0, 9999.0, 118.75, 122.5, 117.75, 101.25, 133.25
2023-04-06, 11:28:38, 130.75, 51.0, 18.75, 25.75, 9999.0, 1.0, 1.25, 19.5, 9999.0, 9999.0, 9999.0, 117.25, 119.0, 118.0, 101.25, 133.25
2023-04-06, 11:28:42, 130.75, 51.0, 18.75, 25.5, 9999.0, 1.0, 1.25, 19.5, 9999.0, 9999.0, 9999.0, 118.75, 122.25, 118.0, 101.25, 133.25
2023-04-06, 11:28:46, 130.75, 51.0, 18.75, 25.75, 9999.0, 1.0, 1.25, 19.5, 9999.0, 9999.0, 9999.0, 118.75, 122.5, 118.0, 101.25, 133.25
2023-04-06, 11:28:50, 130.75, 51.25, 18.75, 25.75, 9999.0, 1.25, 1.25, 19.5, 9999.0, 9999.0, 9999.0, 118.5, 122.25, 118.0, 101.25, 133.25
2023-04-06, 11:28:54, 130.75, 51.0, 18.75, 25.5, 9999.0, 0.75, 0.75, 19.25, 9999.0, 9999.0, 9999.0, 118.5, 122.25, 118.0, 101.25, 133.25
2023-04-06, 11:28:58, 130.75, 51.0, 19.0, 25.75, 9999.0, 1.25, 1.25, 19.5, 9999.0, 9999.0, 9999.0, 118.5, 122.25, 118.0, 101.25, 133.25
2023-04-06, 11:29:02, 130.75, 51.25, 18.75, 25.75, 9999.0, 1.25, 1.25, 19.5, 9999.0, 9999.0, 9999.0, 118.5, 122.25, 118.0, 101.25, 133.25
2023-04-06, 11:29:06, 130.75, 51.0, 18.75, 26.0, 9999.0, 1.25, 1.25, 19.5, 9999.0, 9999.0, 9999.0, 119.25, 122.25, 118.0, 101.25, 133.25
2023-04-06, 11:29:10, 130.75, 51.0, 17.5, 25.5, 9999.0, -0.5, 1.25, 19.75, 9999.0, 9999.0, 9999.0, 119.25, 122.25, 118.0, 101.25, 133.25
2023-04-06, 11:29:14, 130.75, 51.0, 18.75, 26.0, 9999.0, 1.25, 1.25, 19.5, 9999.0, 9999.0, 9999.0, 119.0, 122.25, 118.0, 101.25, 133.25
2023-04-06, 11:29:18, 130.75, 51.0, 19.0, 25.75, 9999.0, 1.25, 1.25, 19.5, 9999.0, 9999.0, 9999.0, 119.0, 122.25, 118.0, 101.25, 133.25
2023-04-06, 11:29:22, 130.75, 51.0, 19.0, 25.75, 9999.0, 1.25, 1.25, 19.5, 9999.0, 9999.0, 9999.0, 119.0, 122.25, 117.75, 101.25, 132.25
2023-04-06, 11:29:26, 130.5, 49.5, 17.0, 25.75, 9999.0, 1.25, 1.25, 19.5, 9999.0, 9999.0, 9999.0, 119.0, 122.25, 118.0, 101.25, 133.25
2023-04-06, 11:29:30, 130.75, 51.0, 18.75, 25.75, 9999.0, 1.25, 1.25, 19.5, 9999.0, 9999.0, 9999.0, 119.0, 122.25, 118.0, 101.25, 133.25
2023-04-06, 11:29:34, 130.75, 51.0, 18.75, 25.75, 9999.0, 1.0, 1.25, 19.5, 9999.0, 9999.0, 9999.0, 119.0, 122.25, 118.0, 101.25, 133.25
2023-04-06, 11:29:38, 130.5, 51.0, 18.75, 25.75, 9999.0, 1.0, 1.25, 19.5, 9999.0, 9999.0, 9999.0, 117.75, 121.5, 117.0, 100.25, 133.0
2023-04-06, 11:29:42, 130.75, 51.0, 18.75, 25.75, 9999.0, 1.0, 1.25, 19.5, 9999.0, 9999.0, 9999.0, 118.75, 122.25, 118.0, 101.25, 133.25
2023-04-06, 11:29:46, 130.75, 51.0, 19.0, 25.75, 9999.0, 1.0, 1.25, 19.5, 9999.0, 9999.0, 9999.0, 118.75, 122.25, 118.0, 101.25, 133.25
2023-04-06, 11:29:50, 130.75, 51.0, 19.0, 25.75, 9999.0, 1.0, 1.25, 19.5, 9999.0, 9999.0, 9999.0, 118.75, 122.25, 117.75, 101.25, 133.25
2023-04-06, 11:29:54, 130.75, 51.0, 19.0, 25.75, 9999.0, 1.0, 1.25, 19.5, 9999.0, 9999.0, 9999.0, 115.5, 122.25, 117.75, 101.25, 133.25
2023-04-06, 11:29:58, 130.75, 51.0, 18.75, 25.75, 9999.0, 1.0, 1.25, 19.5, 9999.0, 9999.0, 9999.0, 118.75, 122.5, 118.0, 101.25, 133.25
2023-04-06, 11:30:02, 130.75, 51.0, 18.75, 25.75, 9999.0, 1.0, 1.25, 19.5, 9999.0, 9999.0, 9999.0, 118.75, 122.25, 118.0, 101.25, 133.25
2023-04-06, 11:30:06, 130.75, 51.25, 18.75, 25.75, 9999.0, 1.25, 1.25, 19.5, 9999.0, 9999.0, 9999.0, 118.75, 122.5, 118.0, 101.25, 133.5
2023-04-06, 11:30:10, 130.75, 51.0, 18.75, 25.75, 9999.0, 0.5, 1.0, 18.25, 9999.0, 9999.0, 9999.0, 118.5, 122.25, 118.0, 101.25, 133.5
2023-04-06, 11:30:14, 130.75, 51.0, 18.75, 25.75, 9999.0, 1.25, 1.25, 19.5, 9999.0, 9999.0, 9999.0, 118.5, 122.25, 118.0, 101.25, 133.25
2023-04-06, 11:30:18, 130.75, 51.0, 18.75, 25.75, 9999.0, 1.25, 1.25, 19.5, 9999.0, 9999.0, 9999.0, 118.5, 122.25, 118.0, 101.25, 133.5
2023-04-06, 11:30:22, 130.75, 51.25, 18.75, 25.75, 9999.0, 1.5, 1.25, 19.5, 9999.0, 9999.0, 9999.0, 118.5, 122.25, 118.0, 101.25, 133.25
2023-04-06, 11:30:39, 130.75, 49.5, 18.5, 24.5, 9999.0, 1.0, 1.25, 19.5, 9999.0, 9999.0, 9999.0, 119.25, 122.25, 117.75, 101.25, 133.5
2023-04-06, 11:30:40, 130.75, 51.25, 18.75, 25.75, 9999.0, 1.25, 1.25, 19.5, 9999.0, 9999.0, 9999.0, 119.0, 122.25, 118.0, 101.25, 133.25
2023-04-06, 11:30:41, 130.75, 51.0, 19.0, 25.75, 9999.0, 1.25, 1.25, 19.5, 9999.0, 9999.0, 9999.0, 119.0, 122.25, 118.0, 101.25, 133.25
2023-04-06, 11:30:42, 130.75, 51.25, 18.75, 25.5, 9999.0, 1.25, 1.25, 19.5, 9999.0, 9999.0, 9999.0, 119.0, 122.25, 118.0, 100.25, 133.0
2023-04-06, 11:30:43, 129.75, 48.25, 18.75, 25.75, 9999.0, 1.25, 1.25, 19.75, 9999.0, 9999.0, 9999.0, 119.0, 122.25, 118.0, 101.5, 133.25
2023-04-06, 11:30:46, 130.75, 51.25, 19.0, 25.75, 9999.0, 1.25, 1.5, 19.5, 9999.0, 9999.0, 9999.0, 119.0, 122.25, 118.0, 101.25, 133.25
2023-04-06, 11:30:50, 130.75, 51.25, 19.0, 25.25, 9999.0, 1.25, 1.5, 19.5, 9999.0, 9999.0, 9999.0, 118.75, 122.25, 118.0, 101.25, 133.0
2023-04-06, 11:30:54, 130.75, 51.25, 19.0, 25.5, 9999.0, 1.25, 1.25, 19.75, 9999.0, 9999.0, 9999.0, 118.0, 122.25, 116.75, 100.75, 133.25
2023-04-06, 11:30:58, 130.75, 51.25, 18.75, 25.75, 9999.0, 1.25, 1.25, 19.75, 9999.0, 9999.0, 9999.0, 118.75, 122.5, 118.0, 101.5, 133.25
2023-04-06, 11:31:02, 130.75, 51.25, 18.75, 25.75, 9999.0, 1.25, 1.25, 19.75, 9999.0, 9999.0, 9999.0, 118.75, 122.5, 118.0, 101.25, 133.5
2023-04-06, 11:31:06, 130.75, 51.25, 18.75, 25.75, 9999.0, 1.0, 1.5, 19.5, 9999.0, 9999.0, 9999.0, 118.75, 122.25, 118.0, 101.25, 133.25
2023-04-06, 11:31:10, 130.75, 51.25, 18.75, 25.75, 9999.0, 1.0, 1.5, 18.25, 9999.0, 9999.0, 9999.0, 118.75, 122.5, 118.0, 101.25, 133.5
2023-04-06, 11:31:14, 130.75, 51.25, 18.75, 25.75, 9999.0, 1.0, 1.5, 19.5, 9999.0, 9999.0, 9999.0, 118.75, 122.5, 118.0, 101.25, 133.25
2023-04-06, 11:31:18, 130.75, 51.25, 18.75, 25.75, 9999.0, 1.0, 1.25, 19.5, 9999.0, 9999.0, 9999.0, 118.75, 122.5, 118.0, 101.25, 133.25
2023-04-06, 11:31:22, 130.75, 51.25, 18.75, 25.75, 9999.0, 1.0, 1.5, 19.75, 9999.0, 9999.0, 9999.0, 118.75, 122.5, 118.0, 101.25, 133.5
2023-04-06, 11:31:26, 130.75, 51.25, 18.75, 25.75, 9999.0, 1.0, 0.0, 17.0, 9999.0, 9999.0, 9999.0, 118.75, 122.25, 118.0, 101.25, 133.25
2023-04-06, 11:31:30, 130.75, 51.25, 18.75, 25.75, 9999.0, 1.25, 1.5, 19.75, 9999.0, 9999.0, 9999.0, 118.5, 122.25, 118.0, 101.25, 133.25
2023-04-06, 11:31:34, 130.75, 51.25, 19.0, 25.75, 9999.0, 1.25, 1.5, 19.75, 9999.0, 9999.0, 9999.0, 118.5, 122.5, 118.0, 101.25, 133.25
2023-04-06, 11:31:38, 130.75, 51.25, 19.0, 25.75, 9999.0, 1.25, 1.25, 19.75, 9999.0, 9999.0, 9999.0, 118.5, 122.25, 118.0, 101.25, 133.25
2023-04-06, 11:31:42, 130.25, 50.5, 18.25, 24.0, 9999.0, 1.25, 1.25, 19.75, 9999.0, 9999.0, 9999.0, 119.25, 122.25, 118.0, 101.25, 133.25
2023-04-06, 11:31:46, 130.75, 51.25, 19.0, 25.75, 9999.0, 1.25, 1.5, 19.75, 9999.0, 9999.0, 9999.0, 119.25, 122.25, 118.0, 101.25, 133.25
2023-04-06, 11:31:50, 130.75, 51.25, 19.0, 26.0, 9999.0, 1.25, 1.5, 19.75, 9999.0, 9999.0, 9999.0, 119.25, 122.25, 118.0, 101.5, 133.25
2023-04-06, 11:31:54, 130.75, 51.25, 18.75, 26.0, 9999.0, 1.25, 1.5, 19.75, 9999.0, 9999.0, 9999.0, 119.0, 122.25, 116.5, 101.0, 132.0
2023-04-06, 11:31:58, 128.5, 51.25, 19.0, 26.0, 9999.0, 1.25, 1.5, 19.75, 9999.0, 9999.0, 9999.0, 119.0, 122.25, 118.0, 101.5, 133.25
2023-04-06, 11:32:02, 130.75, 51.25, 19.0, 26.0, 9999.0, 1.25, 1.5, 19.75, 9999.0, 9999.0, 9999.0, 119.0, 122.25, 118.0, 101.25, 133.25
2023-04-06, 11:32:06, 130.75, 51.25, 18.75, 25.75, 9999.0, 1.25, 1.5, 19.5, 9999.0, 9999.0, 9999.0, 119.0, 122.25, 118.0, 101.25, 133.25
2023-04-06, 11:32:10, 130.75, 51.25, 18.75, 25.75, 9999.0, 1.25, 1.5, 19.5, 9999.0, 9999.0, 9999.0, 118.75, 120.75, 116.75, 101.5, 133.25
2023-04-06, 11:32:14, 130.75, 51.25, 19.0, 26.0, 9999.0, 1.25, 1.5, 19.75, 9999.0, 9999.0, 9999.0, 119.0, 122.5, 118.0, 101.5, 133.25
2023-04-06, 11:32:18, 130.75, 51.25, 19.0, 26.0, 9999.0, 1.25, 1.5, 19.75, 9999.0, 9999.0, 9999.0, 119.0, 122.5, 118.0, 101.5, 133.25
2023-04-06, 11:32:22, 130.75, 51.25, 19.0, 26.0, 9999.0, 1.25, 1.5, 19.75, 9999.0, 9999.0, 9999.0, 118.75, 122.5, 118.0, 101.5, 133.5
2023-04-06, 11:32:26, 130.75, 51.25, 19.0, 26.0, 9999.0, 1.0, 0.0, 19.0, 9999.0, 9999.0, 9999.0, 118.75, 122.5, 118.0, 101.5, 133.5
2023-04-06, 11:32:30, 130.75, 51.25, 19.0, 26.0, 9999.0, 1.25, 1.5, 19.75, 9999.0, 9999.0, 9999.0, 118.75, 122.5, 118.0, 101.5, 133.5
2023-04-06, 11:32:34, 130.75, 51.25, 19.0, 26.0, 9999.0, 1.25, 1.5, 19.75, 9999.0, 9999.0, 9999.0, 118.75, 122.5, 118.0, 101.5, 133.25
2023-04-06, 11:32:39, 130.75, 51.25, 19.0, 26.0, 9999.0, 1.0, 1.25, 19.75, 9999.0, 9999.0, 9999.0, 118.75, 122.5, 117.75, 101.5, 133.25
2023-04-06, 11:32:43, 130.75, 51.25, 18.75, 25.0, 9999.0, -0.25, -1.75, 19.5, 9999.0, 9999.0, 9999.0, 118.75, 122.5, 118.0, 101.5, 133.5
2023-04-06, 11:32:47, 130.75, 51.25, 19.0, 26.0, 9999.0, 1.25, 1.5, 19.75, 9999.0, 9999.0, 9999.0, 118.75, 122.5, 118.0, 101.5, 133.25
2023-04-06, 11:32:51, 130.75, 51.25, 19.0, 25.75, 9999.0, 1.25, 1.5, 19.75, 9999.0, 9999.0, 9999.0, 118.75, 122.5, 118.0, 101.5, 133.5
2023-04-06, 11:32:55, 130.75, 51.25, 18.75, 26.0, 9999.0, 1.25, 1.5, 19.75, 9999.0, 9999.0, 9999.0, 118.5, 122.5, 118.0, 101.5, 133.0
2023-04-06, 11:32:59, 130.0, 50.75, 17.25, 25.0, 9999.0, 1.5, 1.5, 19.75, 9999.0, 9999.0, 9999.0, 118.5, 122.25, 118.0, 101.5, 133.25
2023-04-06, 11:33:03, 130.75, 51.25, 18.75, 26.0, 9999.0, 1.5, 1.5, 19.75, 9999.0, 9999.0, 9999.0, 119.25, 122.5, 118.0, 101.5, 133.5
2023-04-06, 11:33:07, 130.75, 51.25, 19.0, 26.0, 9999.0, 1.25, 1.5, 19.75, 9999.0, 9999.0, 9999.0, 119.25, 122.5, 118.0, 101.5, 133.5
2023-04-06, 11:33:11, 130.75, 51.0, 18.75, 25.75, 9999.0, 1.5, 1.5, 19.75, 9999.0, 9999.0, 9999.0, 119.0, 120.75, 117.5, 100.75, 131.0
2023-04-06, 11:33:15, 130.5, 51.25, 19.0, 25.75, 9999.0, 1.25, 1.5, 19.75, 9999.0, 9999.0, 9999.0, 119.0, 122.5, 118.0, 101.5, 133.5
2023-04-06, 11:33:19, 130.75, 51.25, 19.0, 25.75, 9999.0, 1.25, 1.5, 19.75, 9999.0, 9999.0, 9999.0, 119.0, 122.5, 118.0, 101.5, 133.5
2023-04-06, 11:33:23, 130.75, 51.25, 19.0, 26.0, 9999.0, 1.25, 1.5, 19.75, 9999.0, 9999.0, 9999.0, 119.0, 122.5, 117.75, 101.5, 133.25
2023-04-06, 11:33:27, 130.75, 51.25, 19.0, 25.75, 9999.0, 1.25, 1.5, 19.75, 9999.0, 9999.0, 9999.0, 117.75, 120.25, 118.0, 101.5, 133.25
2023-04-06, 11:33:31, 130.75, 51.25, 19.0, 25.75, 9999.0, 1.25, 1.5, 19.75, 9999.0, 9999.0, 9999.0, 119.0, 122.5, 118.0, 101.25, 133.5
2023-04-06, 11:33:35, 130.75, 51.25, 19.0, 25.75, 9999.0, 1.25, 1.5, 19.75, 9999.0, 9999.0, 9999.0, 119.0, 122.5, 118.0, 101.25, 133.5
2023-04-06, 11:33:39, 130.75, 51.25, 19.0, 25.75, 9999.0, 1.25, 1.5, 19.75, 9999.0, 9999.0, 9999.0, 118.75, 122.5, 118.0, 101.25, 133.5
2023-04-06, 11:33:43, 130.75, 51.25, 19.0, 26.0, 9999.0, 0.25, 0.75, 19.5, 9999.0, 9999.0, 9999.0, 119.0, 122.5, 118.0, 101.5, 133.5
2023-04-06, 11:33:47, 131.0, 51.25, 19.0, 25.75, 9999.0, 1.25, 1.5, 19.75, 9999.0, 9999.0, 9999.0, 118.75, 122.5, 118.0, 101.5, 133.25
2023-04-06, 11:33:51, 130.75, 51.25, 19.0, 25.75, 9999.0, 1.25, 1.5, 19.5, 9999.0, 9999.0, 9999.0, 118.75, 122.5, 118.0, 101.5, 133.25
2023-04-06, 11:33:55, 130.75, 51.25, 19.0, 25.75, 9999.0, 1.25, 1.5, 19.5, 9999.0, 9999.0, 9999.0, 118.75, 122.5, 118.0, 101.5, 133.5
2023-04-06, 11:33:59, 130.75, 51.25, 17.25, 25.5, 9999.0, -2.25, 1.25, 19.75, 9999.0, 9999.0, 9999.0, 118.75, 122.5, 118.0, 101.25, 133.25
2023-04-06, 11:34:03, 130.75, 51.25, 19.0, 26.0, 9999.0, 1.0, 1.5, 19.75, 9999.0, 9999.0, 9999.0, 118.75, 122.5, 118.0, 101.25, 133.5
2023-04-06, 11:34:07, 130.75, 51.25, 19.0, 26.0, 9999.0, 1.25, 1.5, 19.75, 9999.0, 9999.0, 9999.0, 118.75, 122.5, 118.0, 101.25, 133.25
2023-04-06, 11:34:11, 130.75, 51.25, 19.0, 25.75, 9999.0, 1.25, 1.5, 19.75, 9999.0, 9999.0, 9999.0, 118.5, 122.5, 118.0, 101.25, 132.5
2023-04-06, 11:34:15, 130.5, 49.75, 15.75, 25.75, 9999.0, 1.25, 1.5, 19.75, 9999.0, 9999.0, 9999.0, 118.5, 122.5, 118.0, 101.25, 133.25
2023-04-06, 11:34:19, 130.75, 51.25, 18.75, 26.0, 9999.0, 1.5, 1.5, 19.75, 9999.0, 9999.0, 9999.0, 118.5, 122.25, 118.0, 101.25, 133.5
2023-04-06, 11:34:23, 130.75, 51.25, 18.75, 26.0, 9999.0, 1.5, 1.5, 19.75, 9999.0, 9999.0, 9999.0, 119.25, 122.5, 118.0, 101.25, 133.5
2023-04-06, 11:34:27, 130.5, 51.0, 18.75, 26.0, 9999.0, 1.5, 1.5, 19.75, 9999.0, 9999.0, 9999.0, 118.75, 121.75, 117.5, 100.0, 132.5
2023-04-06, 11:34:31, 130.75, 51.25, 19.0, 26.0, 9999.0, 1.5, 1.5, 19.75, 9999.0, 9999.0, 9999.0, 119.25, 122.5, 118.0, 101.5, 133.25
2023-04-06, 11:34:35, 130.75, 51.25, 19.0, 26.0, 9999.0, 1.25, 1.5, 19.75, 9999.0, 9999.0, 9999.0, 119.0, 122.25, 118.0, 101.25, 133.25
2023-04-06, 11:34:39, 130.75, 51.25, 19.0, 26.25, 9999.0, 1.25, 1.5, 19.75, 9999.0, 9999.0, 9999.0, 119.0, 122.25, 118.0, 101.25, 133.25
2023-04-06, 11:34:43, 130.75, 51.25, 19.0, 26.0, 9999.0, 1.25, 1.5, 19.5, 9999.0, 9999.0, 9999.0, 116.5, 122.25, 118.0, 101.25, 133.5
2023-04-06, 11:34:47, 130.75, 51.25, 19.0, 26.0, 9999.0, 1.25, 1.5, 19.5, 9999.0, 9999.0, 9999.0, 119.0, 122.25, 118.0, 101.25, 133.25
2023-04-06, 11:34:51, 130.75, 51.25, 19.0, 26.0, 9999.0, 1.25, 1.5, 19.5, 9999.0, 9999.0, 9999.0, 118.75, 122.5, 118.0, 101.25, 133.25
2023-04-06, 11:34:55, 130.75, 51.25, 19.0, 26.0, 9999.0, 1.25, 1.5, 19.75, 9999.0, 9999.0, 9999.0, 119.0, 122.5, 118.0, 101.25, 133.25
2023-04-06, 11:34:59, 130.75, 51.25, 19.0, 26.0, 9999.0, 0.5, 1.25, 18.5, 9999.0, 9999.0, 9999.0, 119.0, 122.5, 118.0, 101.25, 133.25
2023-04-06, 11:35:03, 130.75, 51.25, 19.0, 26.0, 9999.0, 1.0, 1.5, 19.75, 9999.0, 9999.0, 9999.0, 119.0, 122.5, 118.0, 101.25, 133.25
2023-04-06, 11:35:07, 130.75, 51.25, 19.0, 26.0, 9999.0, 1.25, 1.5, 19.75, 9999.0, 9999.0, 9999.0, 118.75, 122.5, 118.0, 101.25, 133.5
2023-04-06, 11:35:11, 130.75, 51.25, 19.0, 26.0, 9999.0, 1.25, 1.25, 19.5, 9999.0, 9999.0, 9999.0, 118.75, 122.5, 118.0, 101.25, 133.25
2023-04-06, 11:35:15, 130.75, 49.75, 18.5, 24.75, 9999.0, 1.0, 1.5, 19.75, 9999.0, 9999.0, 9999.0, 118.75, 122.5, 118.0, 101.25, 133.25
2023-04-06, 11:35:19, 130.75, 51.25, 19.0, 26.0, 9999.0, 1.0, 1.5, 19.75, 9999.0, 9999.0, 9999.0, 118.75, 122.5, 118.0, 101.25, 133.25
2023-04-06, 11:35:23, 130.75, 51.25, 19.0, 26.0, 9999.0, 1.0, 1.5, 19.75, 9999.0, 9999.0, 9999.0, 118.75, 122.5, 118.0, 101.25, 133.25
2023-04-06, 11:35:27, 130.75, 51.25, 19.0, 26.0, 9999.0, 1.25, 1.5, 19.75, 9999.0, 9999.0, 9999.0, 118.5, 122.25, 118.0, 100.5, 133.0
2023-04-06, 11:35:31, 129.25, 47.5, 19.0, 26.0, 9999.0, 1.25, 1.5, 19.75, 9999.0, 9999.0, 9999.0, 118.75, 122.5, 118.0, 101.25, 133.5
2023-04-06, 11:35:35, 130.75, 51.25, 19.0, 26.0, 9999.0, 1.25, 1.5, 19.5, 9999.0, 9999.0, 9999.0, 118.5, 122.5, 118.0, 101.25, 133.25
2023-04-06, 11:35:39, 130.75, 51.25, 19.0, 26.0, 9999.0, 1.5, 1.5, 19.75, 9999.0, 9999.0, 9999.0, 118.5, 122.5, 118.0, 101.25, 133.25
2023-04-06, 11:35:43, 130.75, 51.25, 19.0, 26.0, 9999.0, 1.25, 1.5, 19.75, 9999.0, 9999.0, 9999.0, 118.5, 121.75, 116.5, 100.75, 133.25
2023-04-06, 11:35:47, 130.75, 51.25, 18.75, 26.0, 9999.0, 1.25, 1.5, 19.75, 9999.0, 9999.0, 9999.0, 119.25, 122.5, 118.0, 101.25, 133.5
2023-04-06, 11:35:51, 130.75, 51.25, 19.0, 26.0, 9999.0, 1.25, 1.5, 19.75, 9999.0, 9999.0, 9999.0, 119.25, 122.25, 118.0, 101.25, 133.25
2023-04-06, 11:35:55, 130.75, 51.25, 19.0, 26.0, 9999.0, 1.25, 1.5, 19.75, 9999.0, 9999.0, 9999.0, 119.0, 122.25, 117.75, 101.25, 133.25
2023-04-06, 11:35:59, 130.75, 51.25, 19.0, 26.0, 9999.0, 1.25, 1.5, 18.5, 9999.0, 9999.0, 9999.0, 118.75, 122.25, 118.0, 101.25, 133.25
2023-04-06, 11:36:03, 130.75, 51.25, 19.0, 25.75, 9999.0, 1.25, 1.5, 19.75, 9999.0, 9999.0, 9999.0, 119.0, 122.25, 118.0, 101.25, 133.25
2023-04-06, 11:36:07, 130.75, 51.25, 19.0, 26.0, 9999.0, 1.25, 1.5, 19.5, 9999.0, 9999.0, 9999.0, 119.0, 122.25, 118.0, 101.25, 133.25
2023-04-06, 11:36:11, 130.75, 51.25, 19.0, 26.0, 9999.0, 1.25, 1.5, 19.75, 9999.0, 9999.0, 9999.0, 118.75, 122.25, 118.0, 101.25, 133.25
2023-04-06, 11:36:15, 130.75, 51.25, 19.0, 25.75, 9999.0, 1.0, 0.25, 18.25, 9999.0, 9999.0, 9999.0, 119.0, 122.5, 118.0, 101.25, 133.25
2023-04-06, 11:36:19, 130.75, 51.25, 19.0, 25.75, 9999.0, 1.0, 1.5, 19.75, 9999.0, 9999.0, 9999.0, 119.0, 122.5, 118.0, 101.25, 133.25
2023-04-06, 11:36:23, 130.75, 51.25, 19.0, 25.75, 9999.0, 1.25, 1.5, 19.75, 9999.0, 9999.0, 9999.0, 118.75, 122.5, 117.75, 101.25, 133.25
2023-04-06, 11:36:27, 130.75, 51.25, 18.75, 25.75, 9999.0, 1.0, 1.25, 19.5, 9999.0, 9999.0, 9999.0, 118.75, 122.5, 118.0, 101.25, 133.25
2023-04-06, 11:36:31, 129.5, 50.5, 17.75, 24.5, 9999.0, 1.0, 1.5, 19.75, 9999.0, 9999.0, 9999.0, 118.75, 122.5, 118.0, 101.25, 133.25
2023-04-06, 11:36:35, 130.75, 51.25, 19.0, 26.0, 9999.0, 1.0, 1.25, 19.75, 9999.0, 9999.0, 9999.0, 118.75, 122.5, 117.75, 101.25, 133.25
2023-04-06, 11:36:39, 130.75, 51.25, 19.0, 25.75, 9999.0, 1.0, 1.5, 19.75, 9999.0, 9999.0, 9999.0, 118.75, 122.5, 118.0, 101.25, 133.25
2023-04-06, 11:36:43, 130.75, 51.25, 19.0, 25.75, 9999.0, 1.0, 1.5, 19.75, 9999.0, 9999.0, 9999.0, 118.75, 122.5, 116.25, 101.0, 132.0
2023-04-06, 11:36:47, 127.5, 51.0, 19.0, 25.75, 9999.0, 1.25, 1.5, 19.5, 9999.0, 9999.0, 9999.0, 118.75, 122.5, 118.0, 101.25, 133.5
2023-04-06, 11:36:51, 130.75, 51.0, 19.0, 25.75, 9999.0, 1.25, 1.25, 19.75, 9999.0, 9999.0, 9999.0, 118.5, 122.5, 118.0, 101.25, 133.25
2023-04-06, 11:36:55, 130.75, 51.25, 19.0, 25.75, 9999.0, 1.25, 1.5, 19.5, 9999.0, 9999.0, 9999.0, 118.5, 122.5, 118.0, 101.25, 133.25
2023-04-06, 11:36:59, 130.75, 51.0, 18.75, 25.75, 9999.0, 1.25, 1.5, 19.75, 9999.0, 9999.0, 9999.0, 118.25, 120.75, 115.5, 101.25, 133.5
2023-04-06, 11:37:03, 130.75, 51.25, 19.0, 26.0, 9999.0, 1.25, 1.5, 19.75, 9999.0, 9999.0, 9999.0, 119.25, 122.25, 118.0, 101.25, 133.25
2023-04-06, 11:37:08, 130.75, 51.0, 19.0, 26.0, 9999.0, 1.25, 1.5, 19.75, 9999.0, 9999.0, 9999.0, 119.25, 122.25, 118.0, 101.25, 133.25
2023-04-06, 11:37:12, 130.75, 51.25, 19.0, 26.0, 9999.0, 1.25, 1.25, 19.75, 9999.0, 9999.0, 9999.0, 119.0, 122.25, 117.75, 101.25, 133.5
2023-04-06, 11:37:16, 130.75, 51.25, 19.0, 26.0, 9999.0, 1.25, -0.25, 19.25, 9999.0, 9999.0, 9999.0, 119.0, 122.25, 117.75, 101.25, 133.25
2023-04-06, 11:37:20, 130.75, 51.25, 19.0, 26.25, 9999.0, 1.25, 1.5, 19.5, 9999.0, 9999.0, 9999.0, 119.0, 122.25, 118.0, 101.25, 133.25
2023-04-06, 11:37:24, 130.75, 51.25, 19.0, 26.0, 9999.0, 1.25, 1.5, 19.75, 9999.0, 9999.0, 9999.0, 119.0, 122.25, 117.75, 101.25, 133.25
2023-04-06, 11:37:28, 130.75, 51.25, 19.0, 25.75, 9999.0, 1.25, 1.5, 19.5, 9999.0, 9999.0, 9999.0, 119.0, 122.25, 118.0, 101.25, 133.25
2023-04-06, 11:37:32, 130.75, 51.0, 19.0, 24.25, 9999.0, 0.0, -1.5, 19.75, 9999.0, 9999.0, 9999.0, 118.75, 122.25, 117.75, 101.25, 133.25
2023-04-06, 11:37:36, 130.75, 51.25, 19.0, 25.5, 9999.0, 1.25, 1.5, 19.5, 9999.0, 9999.0, 9999.0, 118.75, 122.5, 117.75, 101.25, 133.25
2023-04-06, 11:37:40, 130.75, 51.25, 19.0, 25.75, 9999.0, 1.0, 1.5, 19.5, 9999.0, 9999.0, 9999.0, 119.0, 122.5, 118.0, 101.25, 133.25
2023-04-06, 11:37:44, 130.75, 51.25, 19.0, 25.75, 9999.0, 1.0, 1.25, 19.5, 9999.0, 9999.0, 9999.0, 118.75, 122.5, 117.75, 101.25, 133.25
2023-04-06, 11:37:48, 130.0, 50.75, 17.75, 24.75, 9999.0, 1.0, 1.25, 19.5, 9999.0, 9999.0, 9999.0, 118.75, 122.5, 118.0, 101.25, 133.25
2023-04-06, 11:37:52, 130.75, 51.25, 19.0, 25.75, 9999.0, 1.0, 1.25, 19.5, 9999.0, 9999.0, 9999.0, 118.75, 122.5, 117.75, 101.25, 133.25
2023-04-06, 11:37:56, 130.75, 51.25, 19.0, 25.75, 9999.0, 1.0, 1.25, 19.5, 9999.0, 9999.0, 9999.0, 118.75, 122.5, 117.75, 101.25, 133.25
2023-04-06, 11:38:00, 130.75, 51.0, 18.75, 25.75, 9999.0, 1.0, 1.25, 19.5, 9999.0, 9999.0, 9999.0, 118.75, 120.5, 117.75, 100.25, 131.5
2023-04-06, 11:38:04, 130.5, 51.0, 18.75, 25.75, 9999.0, 1.0, 1.5, 19.75, 9999.0, 9999.0, 9999.0, 118.75, 122.25, 117.75, 101.25, 133.25
2023-04-06, 11:38:08, 130.75, 51.0, 18.75, 26.0, 9999.0, 1.25, 1.5, 19.75, 9999.0, 9999.0, 9999.0, 118.5, 122.25, 117.75, 101.25, 133.25
2023-04-06, 11:38:12, 130.75, 51.25, 18.75, 25.75, 9999.0, 1.25, 1.25, 19.75, 9999.0, 9999.0, 9999.0, 118.5, 122.25, 118.0, 101.25, 133.25
2023-04-06, 11:38:16, 130.75, 51.0, 18.75, 25.75, 9999.0, 1.25, 1.25, 19.75, 9999.0, 9999.0, 9999.0, 116.75, 119.0, 117.75, 101.25, 133.25
2023-04-06, 11:38:20, 130.75, 51.0, 19.0, 25.75, 9999.0, 1.5, 1.5, 19.75, 9999.0, 9999.0, 9999.0, 118.5, 122.25, 117.75, 101.25, 133.25
2023-04-06, 11:38:24, 130.75, 51.25, 18.75, 25.75, 9999.0, 1.25, 1.25, 19.75, 9999.0, 9999.0, 9999.0, 119.25, 122.25, 117.75, 101.25, 133.25
2023-04-06, 11:38:28, 130.75, 51.25, 18.75, 25.5, 9999.0, 1.25, 1.5, 19.5, 9999.0, 9999.0, 9999.0, 119.25, 122.25, 118.0, 101.25, 133.25
2023-04-06, 11:38:32, 130.75, 51.0, 18.75, 25.5, 9999.0, 1.25, 0.75, 19.5, 9999.0, 9999.0, 9999.0, 119.25, 122.25, 117.75, 101.25, 133.25
2023-04-06, 11:38:36, 130.75, 51.0, 18.75, 25.75, 9999.0, 1.25, 1.5, 19.5, 9999.0, 9999.0, 9999.0, 119.0, 122.25, 117.75, 101.25, 133.25
2023-04-06, 11:38:40, 130.75, 51.25, 18.75, 25.75, 9999.0, 1.25, 1.25, 19.5, 9999.0, 9999.0, 9999.0, 119.0, 122.25, 117.75, 101.25, 133.25
2023-04-06, 11:38:44, 130.75, 51.0, 18.75, 26.0, 9999.0, 1.25, 1.5, 19.5, 9999.0, 9999.0, 9999.0, 119.0, 122.25, 117.75, 101.25, 133.25
2023-04-06, 11:38:48, 130.75, 51.25, 17.75, 25.0, 9999.0, -0.25, 0.5, 19.5, 9999.0, 9999.0, 9999.0, 119.0, 122.25, 117.75, 101.25, 133.25
2023-04-06, 11:38:52, 130.75, 51.25, 19.0, 26.0, 9999.0, 1.25, 1.25, 19.75, 9999.0, 9999.0, 9999.0, 118.75, 122.25, 117.75, 101.25, 133.25
2023-04-06, 11:38:56, 130.75, 51.25, 19.0, 25.75, 9999.0, 1.25, 1.5, 19.75, 9999.0, 9999.0, 9999.0, 119.0, 122.25, 117.75, 101.25, 133.25
2023-04-06, 11:39:00, 130.75, 51.25, 18.75, 25.75, 9999.0, 1.0, 1.25, 19.5, 9999.0, 9999.0, 9999.0, 118.75, 122.5, 117.75, 101.25, 131.0
2023-04-06, 11:39:04, 130.5, 50.0, 15.25, 25.75, 9999.0, 1.25, 1.5, 19.5, 9999.0, 9999.0, 9999.0, 118.75, 122.5, 117.75, 101.25, 133.25
2023-04-06, 11:39:08, 130.75, 51.25, 18.75, 25.75, 9999.0, 1.0, 1.5, 19.5, 9999.0, 9999.0, 9999.0, 118.75, 122.25, 117.75, 101.25, 133.25
2023-04-06, 11:39:12, 130.75, 51.25, 18.75, 25.75, 9999.0, 1.0, 1.25, 19.5, 9999.0, 9999.0, 9999.0, 118.75, 122.5, 117.75, 101.25, 133.25
2023-04-06, 11:39:16, 130.5, 51.25, 19.0, 25.75, 9999.0, 1.0, 1.25, 19.5, 9999.0, 9999.0, 9999.0, 118.5, 121.75, 117.5, 99.75, 129.25
2023-04-06, 11:39:20, 130.5, 51.25, 18.75, 25.75, 9999.0, 1.0, 1.5, 19.5, 9999.0, 9999.0, 9999.0, 118.75, 122.5, 117.75, 101.25, 133.25
2023-04-06, 11:39:24, 130.75, 51.25, 18.75, 25.75, 9999.0, 1.0, 1.25, 19.5, 9999.0, 9999.0, 9999.0, 118.5, 122.5, 118.0, 101.25, 133.25
2023-04-06, 11:39:28, 130.75, 51.0, 18.75, 25.75, 9999.0, 1.25, 1.25, 19.5, 9999.0, 9999.0, 9999.0, 118.5, 122.5, 117.75, 101.25, 133.25
2023-04-06, 11:39:32, 130.75, 51.25, 18.75, 26.0, 9999.0, 1.25, 1.25, 19.5, 9999.0, 9999.0, 9999.0, 116.5, 121.75, 118.0, 101.25, 133.25
2023-04-06, 11:39:36, 130.75, 51.25, 18.75, 26.0, 9999.0, 1.25, 1.25, 19.5, 9999.0, 9999.0, 9999.0, 118.5, 122.25, 118.0, 101.25, 133.25
2023-04-06, 11:39:40, 130.75, 51.0, 18.75, 26.0, 9999.0, 1.25, 1.5, 19.5, 9999.0, 9999.0, 9999.0, 118.5, 122.25, 118.0, 101.25, 133.25
2023-04-06, 11:39:44, 130.75, 51.25, 18.75, 26.0, 9999.0, 1.25, 1.25, 19.75, 9999.0, 9999.0, 9999.0, 119.25, 122.25, 118.0, 101.25, 133.25
2023-04-06, 11:39:48, 130.75, 51.25, 19.0, 26.0, 9999.0, 0.25, 1.25, 18.75, 9999.0, 9999.0, 9999.0, 119.25, 122.25, 118.0, 101.25, 133.25
2023-04-06, 11:39:52, 130.75, 51.25, 19.0, 25.75, 9999.0, 1.25, 1.25, 19.5, 9999.0, 9999.0, 9999.0, 119.0, 122.25, 117.75, 101.25, 133.25
2023-04-06, 11:39:56, 130.75, 51.0, 19.0, 26.0, 9999.0, 1.25, 1.25, 19.5, 9999.0, 9999.0, 9999.0, 119.0, 122.25, 118.0, 101.25, 133.25
2023-04-06, 11:40:00, 130.75, 51.25, 19.0, 25.75, 9999.0, 1.25, 1.25, 19.5, 9999.0, 9999.0, 9999.0, 119.0, 122.25, 118.0, 101.25, 133.25
2023-04-06, 11:40:04, 130.75, 50.25, 18.0, 25.5, 9999.0, 0.25, 1.5, 19.75, 9999.0, 9999.0, 9999.0, 119.0, 122.25, 117.75, 101.25, 133.25
2023-04-06, 11:40:08, 130.75, 51.0, 19.0, 25.75, 9999.0, 1.25, 1.5, 19.5, 9999.0, 9999.0, 9999.0, 118.75, 122.25, 118.0, 101.25, 133.25
2023-04-06, 11:40:12, 130.75, 51.25, 19.0, 25.75, 9999.0, 1.25, 1.25, 19.75, 9999.0, 9999.0, 9999.0, 119.0, 122.5, 118.0, 101.25, 133.25
2023-04-06, 11:40:16, 130.75, 51.0, 19.0, 25.75, 9999.0, 1.0, 1.25, 19.5, 9999.0, 9999.0, 9999.0, 118.75, 122.5, 117.75, 100.0, 133.0
2023-04-06, 11:40:20, 129.5, 49.25, 18.75, 25.75, 9999.0, 1.0, 1.25, 19.75, 9999.0, 9999.0, 9999.0, 118.75, 122.5, 117.75, 101.25, 133.25
2023-04-06, 11:40:24, 130.75, 51.25, 19.0, 25.75, 9999.0, 1.0, 1.5, 19.5, 9999.0, 9999.0, 9999.0, 118.75, 122.5, 118.0, 101.25, 133.25
2023-04-06, 11:40:28, 130.75, 51.25, 19.0, 25.75, 9999.0, 1.0, 1.25, 19.75, 9999.0, 9999.0, 9999.0, 118.75, 122.5, 117.75, 101.25, 133.25
2023-04-06, 11:40:32, 130.75, 51.0, 18.75, 25.75, 9999.0, 1.0, 1.25, 19.5, 9999.0, 9999.0, 9999.0, 117.75, 122.25, 116.5, 99.0, 133.25
2023-04-06, 11:40:36, 130.75, 51.25, 19.0, 25.75, 9999.0, 1.0, 1.25, 19.5, 9999.0, 9999.0, 9999.0, 118.75, 122.5, 117.75, 101.25, 133.25
2023-04-06, 11:40:40, 130.75, 51.0, 18.75, 26.0, 9999.0, 1.0, 1.5, 19.5, 9999.0, 9999.0, 9999.0, 118.75, 122.5, 118.0, 101.25, 133.25
2023-04-06, 11:40:44, 130.75, 51.25, 19.0, 25.75, 9999.0, 1.25, 1.25, 19.5, 9999.0, 9999.0, 9999.0, 118.5, 122.25, 117.75, 101.25, 133.25
2023-04-06, 11:40:48, 130.75, 51.0, 18.75, 25.75, 9999.0, 1.25, 1.25, 19.25, 9999.0, 9999.0, 9999.0, 118.0, 122.5, 118.0, 101.25, 133.25
2023-04-06, 11:40:52, 130.75, 51.25, 18.75, 25.75, 9999.0, 1.25, 1.5, 19.5, 9999.0, 9999.0, 9999.0, 118.5, 122.5, 118.0, 101.25, 133.25
2023-04-06, 11:40:56, 130.75, 51.25, 19.0, 25.75, 9999.0, 1.5, 1.5, 19.75, 9999.0, 9999.0, 9999.0, 118.5, 122.5, 118.0, 101.25, 133.25
2023-04-06, 11:41:00, 130.75, 51.25, 18.75, 25.75, 9999.0, 1.25, 1.5, 19.5, 9999.0, 9999.0, 9999.0, 119.25, 122.5, 118.0, 101.25, 133.25
2023-04-06, 11:41:04, 130.75, 51.25, 18.75, 25.75, 9999.0, 1.0, 0.25, 18.0, 9999.0, 9999.0, 9999.0, 119.25, 122.5, 118.0, 101.25, 133.25
2023-04-06, 11:41:08, 130.75, 51.25, 19.0, 25.75, 9999.0, 1.25, 1.25, 19.5, 9999.0, 9999.0, 9999.0, 119.0, 122.25, 118.0, 101.25, 133.25
2023-04-06, 11:41:12, 130.75, 51.25, 19.0, 26.0, 9999.0, 1.25, 1.5, 19.75, 9999.0, 9999.0, 9999.0, 119.0, 122.5, 117.75, 101.25, 133.25
2023-04-06, 11:41:16, 130.75, 51.25, 19.0, 25.75, 9999.0, 1.0, 1.25, 19.5, 9999.0, 9999.0, 9999.0, 119.0, 122.5, 118.0, 101.25, 133.25
2023-04-06, 11:41:20, 130.75, 50.5, 18.5, 24.5, 9999.0, 1.25, 1.5, 19.5, 9999.0, 9999.0, 9999.0, 119.0, 122.5, 118.0, 101.25, 133.25
2023-04-06, 11:41:24, 130.75, 51.25, 19.0, 25.75, 9999.0, 1.25, 1.5, 19.75, 9999.0, 9999.0, 9999.0, 119.0, 122.25, 118.0, 101.25, 133.25
2023-04-06, 11:41:28, 130.75, 51.25, 19.0, 25.75, 9999.0, 1.25, 1.5, 19.5, 9999.0, 9999.0, 9999.0, 118.75, 122.25, 118.0, 101.25, 133.25
2023-04-06, 11:41:33, 130.75, 51.25, 18.75, 25.75, 9999.0, 1.0, 1.5, 19.5, 9999.0, 9999.0, 9999.0, 119.0, 122.5, 116.5, 100.75, 132.0
2023-04-06, 11:41:37, 129.5, 50.5, 19.0, 25.75, 9999.0, 1.0, 1.5, 19.75, 9999.0, 9999.0, 9999.0, 119.0, 122.5, 118.0, 101.25, 133.25
2023-04-06, 11:41:41, 130.75, 51.25, 19.0, 25.75, 9999.0, 1.0, 1.5, 19.75, 9999.0, 9999.0, 9999.0, 118.75, 122.5, 118.0, 101.25, 133.25
2023-04-06, 11:41:45, 130.75, 51.25, 19.0, 25.75, 9999.0, 1.25, 1.5, 19.5, 9999.0, 9999.0, 9999.0, 118.75, 122.5, 118.0, 101.25, 133.0
2023-04-06, 11:41:49, 130.75, 51.25, 19.0, 25.75, 9999.0, 1.0, 1.5, 19.5, 9999.0, 9999.0, 9999.0, 118.5, 121.0, 114.75, 101.25, 133.25
2023-04-06, 11:41:53, 130.75, 51.25, 19.0, 26.0, 9999.0, 1.0, 1.5, 19.75, 9999.0, 9999.0, 9999.0, 118.75, 122.25, 118.0, 101.25, 133.25
2023-04-06, 11:41:57, 130.75, 51.25, 19.0, 26.0, 9999.0, 1.0, 1.5, 19.75, 9999.0, 9999.0, 9999.0, 118.75, 122.5, 118.0, 101.5, 133.25
2023-04-06, 11:42:01, 130.75, 51.25, 19.0, 26.0, 9999.0, 1.0, 1.25, 19.75, 9999.0, 9999.0, 9999.0, 118.5, 122.25, 118.0, 101.5, 133.25
2023-04-06, 11:42:05, 130.75, 51.25, 19.0, 25.75, 9999.0, 1.25, 1.25, 19.0, 9999.0, 9999.0, 9999.0, 118.5, 122.5, 118.0, 101.25, 133.25
2023-04-06, 11:42:09, 130.75, 51.25, 19.0, 25.75, 9999.0, 1.25, 1.25, 19.75, 9999.0, 9999.0, 9999.0, 118.5, 122.25, 118.0, 101.25, 133.25
2023-04-06, 11:42:13, 130.75, 51.25, 19.0, 26.0, 9999.0, 1.25, 1.5, 19.75, 9999.0, 9999.0, 9999.0, 118.5, 122.25, 118.0, 101.25, 133.25
2023-04-06, 11:42:17, 130.75, 51.25, 19.0, 25.75, 9999.0, 1.5, 1.5, 19.75, 9999.0, 9999.0, 9999.0, 118.5, 122.25, 118.0, 101.25, 133.25
2023-04-06, 11:42:21, 131.0, 51.25, 19.0, 24.25, 9999.0, 0.5, -0.75, 19.5, 9999.0, 9999.0, 9999.0, 119.25, 122.5, 118.0, 101.25, 133.25
2023-04-06, 11:42:25, 130.75, 51.25, 19.0, 25.5, 9999.0, 1.5, 1.5, 19.75, 9999.0, 9999.0, 9999.0, 119.25, 122.5, 118.0, 101.25, 133.25
2023-04-06, 11:42:29, 130.75, 51.25, 19.0, 25.5, 9999.0, 1.25, 1.5, 19.75, 9999.0, 9999.0, 9999.0, 119.0, 122.5, 118.0, 101.25, 133.25
2023-04-06, 11:42:33, 130.75, 51.25, 19.0, 25.5, 9999.0, 1.25, 1.5, 19.75, 9999.0, 9999.0, 9999.0, 119.0, 122.25, 118.0, 101.25, 133.25
2023-04-06, 11:42:37, 129.75, 51.0, 18.0, 22.5, 9999.0, 1.25, 1.5, 19.5, 9999.0, 9999.0, 9999.0, 119.0, 122.25, 118.0, 101.25, 133.5
2023-04-06, 11:42:41, 130.75, 51.25, 19.0, 25.75, 9999.0, 1.25, 1.5, 19.5, 9999.0, 9999.0, 9999.0, 119.0, 122.5, 118.0, 101.25, 133.25
2023-04-06, 11:42:45, 130.75, 51.25, 19.0, 25.75, 9999.0, 1.25, 1.5, 19.75, 9999.0, 9999.0, 9999.0, 119.0, 122.5, 118.0, 101.25, 133.25
2023-04-06, 11:42:49, 130.75, 51.0, 19.0, 25.75, 9999.0, 1.25, 1.5, 19.75, 9999.0, 9999.0, 9999.0, 118.75, 122.5, 117.0, 101.0, 132.0
2023-04-06, 11:42:53, 130.0, 51.25, 19.0, 26.0, 9999.0, 1.25, 1.5, 19.75, 9999.0, 9999.0, 9999.0, 118.75, 122.5, 118.0, 101.25, 133.25
2023-04-06, 11:42:57, 130.75, 51.25, 19.0, 26.0, 9999.0, 1.25, 1.5, 19.75, 9999.0, 9999.0, 9999.0, 119.0, 122.5, 118.0, 101.25, 133.25
2023-04-06, 11:43:01, 130.75, 51.25, 19.0, 25.75, 9999.0, 1.25, 1.5, 19.75, 9999.0, 9999.0, 9999.0, 118.75, 122.5, 118.0, 101.25, 133.25
2023-04-06, 11:43:05, 130.75, 51.25, 19.0, 26.0, 9999.0, 1.0, 1.5, 19.75, 9999.0, 9999.0, 9999.0, 117.5, 120.75, 117.75, 101.25, 133.25
2023-04-06, 11:43:09, 130.75, 51.25, 19.0, 26.0, 9999.0, 1.25, 1.5, 19.5, 9999.0, 9999.0, 9999.0, 118.75, 122.5, 118.0, 101.25, 133.25
2023-04-06, 11:43:13, 130.75, 51.25, 19.0, 26.0, 9999.0, 1.25, 1.5, 19.75, 9999.0, 9999.0, 9999.0, 118.75, 122.5, 118.0, 101.25, 133.5
2023-04-06, 11:43:17, 130.75, 51.25, 19.0, 26.0, 9999.0, 1.0, 1.5, 19.75, 9999.0, 9999.0, 9999.0, 118.75, 122.5, 118.0, 101.25, 133.25
2023-04-06, 11:43:21, 130.75, 51.25, 19.0, 25.75, 9999.0, 1.0, 0.75, 19.5, 9999.0, 9999.0, 9999.0, 118.75, 122.5, 118.0, 101.25, 133.25
2023-04-06, 11:43:25, 130.75, 51.25, 19.0, 25.75, 9999.0, 1.25, 1.5, 19.75, 9999.0, 9999.0, 9999.0, 118.5, 122.5, 118.0, 101.25, 133.25
2023-04-06, 11:43:29, 130.75, 51.25, 19.0, 25.5, 9999.0, 1.25, 1.25, 19.75, 9999.0, 9999.0, 9999.0, 118.5, 122.5, 118.0, 101.25, 133.25
2023-04-06, 11:43:33, 131.0, 51.25, 19.0, 25.5, 9999.0, 1.5, 1.5, 19.5, 9999.0, 9999.0, 9999.0, 118.5, 122.5, 118.0, 101.25, 133.25
2023-04-06, 11:43:37, 130.75, 51.25, 18.5, 25.25, 9999.0, 0.0, 1.0, 19.75, 9999.0, 9999.0, 9999.0, 118.5, 122.5, 118.0, 101.25, 133.25
2023-04-06, 11:43:41, 130.75, 51.25, 19.0, 25.75, 9999.0, 1.5, 1.5, 19.75, 9999.0, 9999.0, 9999.0, 119.25, 122.5, 118.0, 101.25, 133.25
2023-04-06, 11:43:45, 130.75, 51.25, 19.0, 26.0, 9999.0, 1.25, 1.5, 19.75, 9999.0, 9999.0, 9999.0, 119.25, 122.5, 118.0, 101.25, 133.25
2023-04-06, 11:43:49, 130.75, 51.25, 19.0, 25.75, 9999.0, 1.25, 1.5, 19.75, 9999.0, 9999.0, 9999.0, 119.0, 122.25, 118.0, 101.25, 131.75
2023-04-06, 11:43:53, 130.5, 50.25, 16.25, 25.75, 9999.0, 1.25, 1.5, 19.5, 9999.0, 9999.0, 9999.0, 119.0, 122.25, 118.0, 101.25, 133.25
2023-04-06, 11:43:57, 130.75, 51.25, 19.0, 26.0, 9999.0, 1.25, 1.5, 19.75, 9999.0, 9999.0, 9999.0, 119.0, 122.25, 118.0, 101.25, 133.25
2023-04-06, 11:44:01, 130.75, 51.25, 19.0, 26.0, 9999.0, 1.25, 1.5, 19.75, 9999.0, 9999.0, 9999.0, 119.0, 122.25, 118.0, 101.25, 133.25
2023-04-06, 11:44:05, 130.75, 51.25, 19.0, 26.0, 9999.0, 1.25, 1.5, 19.75, 9999.0, 9999.0, 9999.0, 118.75, 121.5, 117.75, 100.25, 131.5
2023-04-06, 11:44:09, 130.75, 51.25, 19.0, 26.0, 9999.0, 1.25, 1.5, 19.75, 9999.0, 9999.0, 9999.0, 119.0, 122.5, 118.0, 101.25, 133.25
2023-04-06, 11:44:13, 130.75, 51.25, 19.0, 25.75, 9999.0, 1.25, 1.5, 19.75, 9999.0, 9999.0, 9999.0, 119.0, 122.5, 118.0, 101.25, 133.25
2023-04-06, 11:44:17, 130.75, 51.25, 19.0, 26.0, 9999.0, 1.0, 1.5, 19.75, 9999.0, 9999.0, 9999.0, 119.0, 122.5, 117.75, 101.25, 133.25
2023-04-06, 11:44:21, 130.75, 51.25, 19.0, 26.0, 9999.0, 1.25, 1.5, 19.75, 9999.0, 9999.0, 9999.0, 117.5, 121.75, 118.0, 101.25, 133.25
2023-04-06, 11:44:25, 130.75, 51.25, 19.0, 26.0, 9999.0, 1.25, 1.5, 19.5, 9999.0, 9999.0, 9999.0, 118.75, 122.5, 118.0, 101.25, 133.25
2023-04-06, 11:44:29, 130.75, 51.25, 19.0, 26.0, 9999.0, 1.25, 1.5, 19.5, 9999.0, 9999.0, 9999.0, 118.75, 122.5, 118.0, 101.25, 133.25
2023-04-06, 11:44:33, 130.75, 51.25, 19.0, 25.75, 9999.0, 1.0, 1.5, 19.5, 9999.0, 9999.0, 9999.0, 118.75, 122.5, 118.0, 101.25, 133.25
2023-04-06, 11:44:37, 130.75, 51.25, 19.0, 25.75, 9999.0, 0.25, 1.25, 18.5, 9999.0, 9999.0, 9999.0, 118.75, 122.5, 118.0, 101.25, 133.25
2023-04-06, 11:44:41, 130.75, 51.25, 19.0, 25.5, 9999.0, 1.25, 1.25, 19.75, 9999.0, 9999.0, 9999.0, 118.75, 122.5, 118.0, 101.25, 133.25
2023-04-06, 11:44:45, 130.75, 51.25, 19.0, 25.5, 9999.0, 1.25, 1.5, 19.75, 9999.0, 9999.0, 9999.0, 118.5, 122.5, 118.0, 101.25, 133.25
2023-04-06, 11:44:49, 130.75, 51.25, 19.0, 25.25, 9999.0, 1.25, 1.25, 19.5, 9999.0, 9999.0, 9999.0, 118.5, 122.5, 118.0, 101.25, 133.25
2023-04-06, 11:44:53, 130.75, 51.0, 18.25, 24.75, 9999.0, -0.5, 1.5, 19.75, 9999.0, 9999.0, 9999.0, 118.5, 122.5, 118.0, 101.25, 133.25
2023-04-06, 11:44:57, 130.75, 51.25, 19.0, 25.75, 9999.0, 1.5, 1.5, 19.75, 9999.0, 9999.0, 9999.0, 119.25, 122.5, 118.0, 101.25, 133.25
2023-04-06, 11:45:01, 130.75, 51.25, 19.0, 25.75, 9999.0, 1.25, 1.5, 19.75, 9999.0, 9999.0, 9999.0, 119.25, 122.25, 118.0, 101.25, 133.25
2023-04-06, 11:45:05, 130.75, 51.25, 19.0, 25.75, 9999.0, 1.25, 1.5, 19.5, 9999.0, 9999.0, 9999.0, 119.0, 122.25, 118.0, 100.5, 132.75
2023-04-06, 11:45:09, 130.0, 49.25, 18.5, 26.0, 9999.0, 1.25, 1.5, 19.75, 9999.0, 9999.0, 9999.0, 119.0, 122.25, 118.0, 101.25, 133.25
2023-04-06, 11:45:13, 130.75, 51.25, 19.0, 26.0, 9999.0, 1.25, 1.5, 19.75, 9999.0, 9999.0, 9999.0, 119.0, 122.25, 118.0, 101.25, 133.25
2023-04-06, 11:45:17, 130.75, 51.25, 18.75, 26.0, 9999.0, 1.25, 1.25, 19.75, 9999.0, 9999.0, 9999.0, 119.0, 122.25, 118.0, 101.25, 133.0
2023-04-06, 11:45:21, 130.75, 51.25, 19.0, 26.0, 9999.0, 1.25, 1.5, 19.5, 9999.0, 9999.0, 9999.0, 117.75, 122.0, 116.75, 99.25, 133.25
2023-04-06, 11:45:25, 130.75, 51.25, 19.0, 25.75, 9999.0, 1.25, 1.5, 19.75, 9999.0, 9999.0, 9999.0, 118.75, 122.25, 118.0, 101.25, 133.25
2023-04-06, 11:45:29, 130.75, 51.25, 19.0, 26.0, 9999.0, 1.25, 1.5, 19.75, 9999.0, 9999.0, 9999.0, 118.75, 122.5, 118.0, 101.25, 133.25
2023-04-06, 11:45:33, 130.75, 51.25, 19.0, 25.75, 9999.0, 1.25, 1.5, 19.5, 9999.0, 9999.0, 9999.0, 118.75, 122.5, 118.0, 101.25, 133.25
2023-04-06, 11:45:37, 130.75, 51.25, 19.0, 25.75, 9999.0, 1.0, 1.5, 18.75, 9999.0, 9999.0, 9999.0, 118.0, 122.5, 118.0, 101.25, 133.25
2023-04-06, 11:45:41, 130.75, 51.25, 19.0, 25.75, 9999.0, 1.25, 1.5, 19.75, 9999.0, 9999.0, 9999.0, 118.75, 122.5, 118.0, 101.25, 133.25
2023-04-06, 11:45:45, 130.75, 51.25, 19.0, 25.75, 9999.0, 1.0, 1.25, 19.75, 9999.0, 9999.0, 9999.0, 118.75, 122.5, 118.0, 101.25, 133.25
2023-04-06, 11:45:49, 130.75, 51.25, 19.0, 26.0, 9999.0, 1.0, 1.5, 19.5, 9999.0, 9999.0, 9999.0, 118.75, 122.5, 117.75, 101.25, 133.5
2023-04-06, 11:45:53, 130.75, 51.25, 19.0, 25.75, 9999.0, 0.75, 0.25, 17.75, 9999.0, 9999.0, 9999.0, 118.75, 122.5, 117.75, 101.25, 133.25
2023-04-06, 11:45:57, 130.75, 51.25, 19.0, 26.0, 9999.0, 1.0, 1.5, 19.5, 9999.0, 9999.0, 9999.0, 118.75, 122.5, 118.0, 101.25, 133.25
2023-04-06, 11:46:02, 130.75, 51.25, 19.0, 26.0, 9999.0, 1.25, 1.5, 19.5, 9999.0, 9999.0, 9999.0, 118.5, 122.5, 118.0, 101.25, 133.25
2023-04-06, 11:46:06, 130.75, 51.25, 19.0, 26.0, 9999.0, 1.0, 1.25, 19.5, 9999.0, 9999.0, 9999.0, 118.5, 122.25, 118.0, 101.25, 133.25
2023-04-06, 11:46:10, 130.5, 50.5, 18.75, 24.25, 9999.0, 1.25, 1.5, 19.75, 9999.0, 9999.0, 9999.0, 118.5, 122.5, 118.0, 101.25, 133.25
2023-04-06, 11:46:14, 130.75, 51.25, 19.0, 25.75, 9999.0, 1.25, 1.5, 19.75, 9999.0, 9999.0, 9999.0, 118.5, 122.5, 118.0, 101.25, 133.25
2023-04-06, 11:46:18, 130.75, 51.25, 19.0, 26.0, 9999.0, 1.25, 1.5, 19.5, 9999.0, 9999.0, 9999.0, 119.25, 122.25, 118.0, 101.25, 133.25
2023-04-06, 11:46:22, 130.75, 51.25, 18.75, 25.75, 9999.0, 1.25, 1.5, 19.5, 9999.0, 9999.0, 9999.0, 119.0, 122.25, 117.25, 100.75, 132.5
2023-04-06, 11:46:26, 129.5, 50.75, 18.75, 26.0, 9999.0, 1.25, 1.5, 19.5, 9999.0, 9999.0, 9999.0, 119.0, 122.25, 117.75, 101.0, 133.25
2023-04-06, 11:46:30, 131.0, 51.25, 18.75, 25.75, 9999.0, 1.25, 1.5, 19.5, 9999.0, 9999.0, 9999.0, 119.0, 122.25, 118.0, 101.25, 133.25
2023-04-06, 11:46:34, 130.75, 51.25, 18.75, 25.75, 9999.0, 1.25, 1.25, 19.5, 9999.0, 9999.0, 9999.0, 119.0, 122.25, 117.75, 101.25, 133.25
2023-04-06, 11:46:38, 130.75, 51.0, 18.75, 25.75, 9999.0, 1.25, 1.5, 19.5, 9999.0, 9999.0, 9999.0, 118.75, 121.25, 115.75, 101.0, 133.25
2023-04-06, 11:46:42, 130.75, 51.25, 19.0, 26.0, 9999.0, 1.25, 1.25, 19.75, 9999.0, 9999.0, 9999.0, 119.0, 122.25, 117.75, 101.25, 133.25
2023-04-06, 11:46:46, 130.75, 51.25, 19.0, 26.0, 9999.0, 1.0, 1.5, 19.5, 9999.0, 9999.0, 9999.0, 118.75, 122.5, 117.75, 101.25, 133.25
2023-04-06, 11:46:50, 130.75, 51.25, 18.75, 25.75, 9999.0, 1.25, 1.25, 19.5, 9999.0, 9999.0, 9999.0, 118.75, 122.25, 117.75, 101.25, 133.25
2023-04-06, 11:46:54, 130.75, 51.25, 18.75, 25.75, 9999.0, 1.25, 1.25, 19.0, 9999.0, 9999.0, 9999.0, 118.75, 122.5, 117.75, 101.25, 133.25
2023-04-06, 11:46:58, 130.75, 50.75, 19.0, 25.75, 9999.0, 1.0, 1.25, 19.5, 9999.0, 9999.0, 9999.0, 118.75, 122.5, 117.75, 101.25, 133.25
2023-04-06, 11:47:02, 130.75, 51.25, 19.0, 25.5, 9999.0, 1.0, 1.25, 19.75, 9999.0, 9999.0, 9999.0, 118.75, 122.5, 117.75, 101.25, 133.25
2023-04-06, 11:47:06, 130.75, 51.25, 19.0, 25.75, 9999.0, 1.0, 1.5, 19.5, 9999.0, 9999.0, 9999.0, 118.75, 122.5, 117.75, 101.25, 133.25
2023-04-06, 11:47:10, 130.75, 51.25, 19.0, 24.0, 9999.0, 0.0, -0.25, 19.0, 9999.0, 9999.0, 9999.0, 118.75, 122.5, 117.75, 101.25, 133.25
2023-04-06, 11:47:14, 130.75, 51.25, 19.0, 25.75, 9999.0, 1.0, 1.25, 19.5, 9999.0, 9999.0, 9999.0, 118.75, 122.5, 117.75, 101.25, 133.25
2023-04-06, 11:47:18, 130.75, 51.25, 19.0, 25.75, 9999.0, 1.0, 1.25, 19.75, 9999.0, 9999.0, 9999.0, 118.5, 122.5, 118.0, 101.25, 133.25
2023-04-06, 11:47:22, 130.75, 51.0, 19.0, 25.75, 9999.0, 1.0, 1.25, 19.5, 9999.0, 9999.0, 9999.0, 118.5, 122.25, 117.75, 101.0, 133.25
2023-04-06, 11:47:26, 129.75, 51.0, 17.75, 22.25, 9999.0, 1.25, 1.5, 19.5, 9999.0, 9999.0, 9999.0, 118.5, 122.25, 118.0, 101.25, 133.25
2023-04-06, 11:47:30, 130.75, 51.25, 18.75, 25.75, 9999.0, 1.25, 1.25, 19.5, 9999.0, 9999.0, 9999.0, 118.75, 122.25, 117.75, 101.25, 133.25
2023-04-06, 11:47:34, 130.75, 51.25, 18.75, 25.75, 9999.0, 1.25, 1.25, 19.75, 9999.0, 9999.0, 9999.0, 118.5, 122.5, 117.75, 101.25, 133.25
2023-04-06, 11:47:38, 130.75, 51.0, 18.75, 25.75, 9999.0, 1.25, 1.5, 19.5, 9999.0, 9999.0, 9999.0, 119.0, 122.0, 117.25, 100.75, 131.5
2023-04-06, 11:47:42, 129.25, 51.25, 18.75, 25.75, 9999.0, 1.25, 1.5, 19.75, 9999.0, 9999.0, 9999.0, 119.0, 122.25, 118.0, 101.25, 133.25
2023-04-06, 11:47:46, 130.75, 51.25, 19.0, 25.75, 9999.0, 1.25, 1.5, 19.5, 9999.0, 9999.0, 9999.0, 119.0, 122.25, 117.75, 101.25, 133.25
2023-04-06, 11:47:50, 130.75, 51.25, 19.0, 25.75, 9999.0, 1.25, 1.5, 19.5, 9999.0, 9999.0, 9999.0, 119.0, 122.25, 118.0, 101.0, 133.25
2023-04-06, 11:47:54, 130.75, 51.25, 18.75, 25.75, 9999.0, 1.0, 1.5, 19.75, 9999.0, 9999.0, 9999.0, 118.0, 120.0, 117.75, 101.25, 133.25
2023-04-06, 11:47:58, 130.75, 51.0, 19.0, 25.75, 9999.0, 1.25, 1.5, 19.5, 9999.0, 9999.0, 9999.0, 119.0, 122.25, 117.75, 101.25, 133.25
2023-04-06, 11:48:02, 130.75, 51.25, 19.0, 26.0, 9999.0, 1.0, 1.25, 19.5, 9999.0, 9999.0, 9999.0, 118.75, 122.25, 117.75, 101.25, 133.25
2023-04-06, 11:48:06, 130.75, 51.25, 18.75, 26.0, 9999.0, 1.0, 1.5, 19.5, 9999.0, 9999.0, 9999.0, 118.75, 122.5, 118.0, 101.25, 133.25
2023-04-06, 11:48:10, 130.75, 51.25, 19.0, 26.0, 9999.0, 1.0, 0.5, 19.25, 9999.0, 9999.0, 9999.0, 118.75, 122.5, 118.0, 101.25, 133.25
2023-04-06, 11:48:14, 130.75, 51.25, 19.0, 25.75, 9999.0, 1.0, 1.5, 19.75, 9999.0, 9999.0, 9999.0, 118.75, 122.5, 117.75, 101.25, 133.25
2023-04-06, 11:48:18, 130.75, 51.25, 19.0, 25.75, 9999.0, 1.0, 1.25, 19.5, 9999.0, 9999.0, 9999.0, 118.75, 122.5, 118.0, 101.25, 133.25
2023-04-06, 11:48:22, 130.75, 51.25, 19.0, 25.75, 9999.0, 1.0, 1.5, 19.5, 9999.0, 9999.0, 9999.0, 118.75, 122.5, 117.75, 101.25, 133.25
2023-04-06, 11:48:26, 130.75, 51.25, 17.5, 25.25, 9999.0, -0.5, 0.75, 19.5, 9999.0, 9999.0, 9999.0, 118.75, 122.5, 117.75, 101.25, 133.25
2023-04-06, 11:48:30, 130.75, 51.25, 19.0, 26.0, 9999.0, 1.0, 1.5, 19.5, 9999.0, 9999.0, 9999.0, 118.75, 122.5, 117.75, 101.25, 133.25
2023-04-06, 11:48:34, 130.75, 51.25, 18.75, 26.0, 9999.0, 1.0, 1.25, 19.5, 9999.0, 9999.0, 9999.0, 118.75, 122.5, 118.0, 101.25, 133.25
2023-04-06, 11:48:38, 130.75, 51.25, 19.0, 26.0, 9999.0, 1.25, 1.25, 19.75, 9999.0, 9999.0, 9999.0, 118.5, 122.5, 117.75, 101.0, 131.0
2023-04-06, 11:48:42, 130.5, 50.0, 16.75, 26.0, 9999.0, 1.25, 1.25, 19.5, 9999.0, 9999.0, 9999.0, 118.5, 122.25, 118.0, 101.25, 133.25
2023-04-06, 11:48:46, 130.75, 51.25, 19.0, 26.0, 9999.0, 1.25, 1.25, 19.5, 9999.0, 9999.0, 9999.0, 118.5, 122.5, 118.0, 101.25, 133.25
2023-04-06, 11:48:50, 130.75, 51.25, 18.75, 26.0, 9999.0, 1.25, 1.25, 19.75, 9999.0, 9999.0, 9999.0, 118.5, 122.25, 118.0, 101.25, 133.25
2023-04-06, 11:48:54, 130.5, 51.0, 18.75, 26.0, 9999.0, 1.25, 1.5, 19.5, 9999.0, 9999.0, 9999.0, 119.25, 121.75, 117.75, 99.75, 129.75
2023-04-06, 11:48:58, 130.75, 51.0, 18.75, 26.0, 9999.0, 1.25, 1.5, 19.75, 9999.0, 9999.0, 9999.0, 119.0, 122.25, 117.75, 101.0, 133.25
2023-04-06, 11:49:02, 130.75, 51.0, 18.75, 26.0, 9999.0, 1.25, 1.25, 19.5, 9999.0, 9999.0, 9999.0, 119.0, 122.25, 118.0, 101.25, 133.25
2023-04-06, 11:49:06, 130.75, 51.25, 18.75, 26.0, 9999.0, 1.25, 1.5, 19.5, 9999.0, 9999.0, 9999.0, 119.0, 122.25, 117.75, 101.0, 133.25
2023-04-06, 11:49:10, 130.75, 51.25, 18.75, 25.75, 9999.0, 1.25, 1.25, 19.5, 9999.0, 9999.0, 9999.0, 117.75, 122.0, 117.75, 101.25, 133.25
2023-04-06, 11:49:14, 130.5, 51.25, 19.0, 25.5, 9999.0, 1.25, 1.5, 19.75, 9999.0, 9999.0, 9999.0, 119.0, 122.25, 117.75, 101.25, 133.25
2023-04-06, 11:49:18, 130.75, 51.25, 19.0, 25.75, 9999.0, 1.25, 1.25, 19.5, 9999.0, 9999.0, 9999.0, 118.75, 122.25, 117.75, 101.25, 133.25
2023-04-06, 11:49:22, 130.75, 51.0, 18.75, 25.75, 9999.0, 1.0, 1.25, 19.75, 9999.0, 9999.0, 9999.0, 118.75, 122.25, 117.75, 101.0, 133.25
2023-04-06, 11:49:26, 130.75, 51.0, 18.75, 25.75, 9999.0, 0.0, 1.25, 18.75, 9999.0, 9999.0, 9999.0, 118.75, 122.5, 118.0, 101.25, 133.25
2023-04-06, 11:49:30, 130.75, 51.25, 18.75, 25.75, 9999.0, 1.25, 1.25, 19.5, 9999.0, 9999.0, 9999.0, 118.75, 122.5, 118.0, 101.25, 133.25
2023-04-06, 11:49:34, 130.75, 51.25, 18.75, 26.0, 9999.0, 1.0, 1.25, 19.5, 9999.0, 9999.0, 9999.0, 118.75, 122.25, 117.75, 101.25, 133.25
2023-04-06, 11:49:38, 130.75, 51.0, 18.75, 25.75, 9999.0, 1.0, 1.25, 19.5, 9999.0, 9999.0, 9999.0, 118.75, 122.5, 117.75, 101.0, 133.25
2023-04-06, 11:49:42, 130.5, 51.0, 18.0, 25.75, 9999.0, 0.25, 1.25, 19.5, 9999.0, 9999.0, 9999.0, 118.75, 122.25, 117.75, 101.0, 133.25
2023-04-06, 11:49:46, 130.75, 51.0, 18.75, 25.75, 9999.0, 1.0, 1.5, 19.5, 9999.0, 9999.0, 9999.0, 118.5, 122.25, 117.75, 101.0, 133.25
2023-04-06, 11:49:50, 130.75, 51.0, 18.75, 25.75, 9999.0, 1.0, 1.25, 19.75, 9999.0, 9999.0, 9999.0, 118.75, 122.25, 117.75, 101.25, 133.25
2023-04-06, 11:49:54, 130.75, 51.0, 18.75, 25.75, 9999.0, 1.0, 1.25, 19.5, 9999.0, 9999.0, 9999.0, 118.5, 122.5, 117.75, 99.75, 132.0
2023-04-06, 11:49:58, 129.5, 49.0, 18.25, 26.0, 9999.0, 1.25, 1.25, 19.5, 9999.0, 9999.0, 9999.0, 118.5, 122.25, 117.75, 101.0, 133.25
2023-04-06, 11:50:02, 130.75, 51.25, 18.75, 25.75, 9999.0, 1.0, 1.25, 19.5, 9999.0, 9999.0, 9999.0, 118.5, 122.25, 118.0, 101.25, 133.25
2023-04-06, 11:50:06, 130.75, 51.25, 18.75, 25.5, 9999.0, 1.25, 1.25, 19.5, 9999.0, 9999.0, 9999.0, 118.5, 122.5, 118.0, 101.0, 133.25
2023-04-06, 11:50:10, 130.5, 51.0, 18.75, 25.5, 9999.0, 1.25, 1.25, 19.75, 9999.0, 9999.0, 9999.0, 117.75, 122.0, 116.75, 99.0, 133.25
2023-04-06, 11:50:14, 130.75, 51.0, 19.0, 25.75, 9999.0, 1.25, 1.25, 19.5, 9999.0, 9999.0, 9999.0, 119.25, 122.25, 118.0, 101.0, 133.25
2023-04-06, 11:50:18, 130.75, 51.0, 18.75, 25.75, 9999.0, 1.25, 1.25, 19.5, 9999.0, 9999.0, 9999.0, 119.0, 122.25, 118.0, 101.0, 133.25
2023-04-06, 11:50:22, 130.75, 51.0, 18.75, 25.75, 9999.0, 1.25, 1.25, 19.5, 9999.0, 9999.0, 9999.0, 119.0, 122.0, 117.75, 101.0, 133.25
2023-04-06, 11:50:27, 130.5, 51.0, 18.75, 25.75, 9999.0, 1.25, 1.25, 19.25, 9999.0, 9999.0, 9999.0, 117.5, 122.25, 117.75, 101.0, 133.25
2023-04-06, 11:50:31, 130.75, 51.0, 18.75, 25.75, 9999.0, 1.0, 1.25, 19.5, 9999.0, 9999.0, 9999.0, 118.75, 122.25, 117.75, 101.0, 133.25
2023-04-06, 11:50:35, 130.5, 51.0, 19.0, 25.75, 9999.0, 1.0, 1.25, 19.5, 9999.0, 9999.0, 9999.0, 119.0, 122.25, 117.75, 101.25, 133.25
2023-04-06, 11:50:39, 130.5, 51.0, 18.75, 25.75, 9999.0, 1.0, 1.25, 19.25, 9999.0, 9999.0, 9999.0, 118.75, 122.25, 117.75, 101.0, 133.25
2023-04-06, 11:50:43, 130.5, 51.25, 18.75, 25.75, 9999.0, 0.75, 0.25, 17.75, 9999.0, 9999.0, 9999.0, 118.75, 122.25, 117.75, 101.25, 133.25
2023-04-06, 11:50:47, 130.75, 51.0, 19.0, 25.75, 9999.0, 1.0, 1.5, 19.5, 9999.0, 9999.0, 9999.0, 118.75, 122.5, 117.75, 101.0, 133.25
2023-04-06, 11:50:51, 130.5, 51.25, 18.75, 25.75, 9999.0, 1.0, 1.25, 19.5, 9999.0, 9999.0, 9999.0, 118.75, 122.5, 117.75, 101.25, 133.25
2023-04-06, 11:50:55, 130.5, 51.0, 19.0, 25.75, 9999.0, 0.75, 1.25, 19.5, 9999.0, 9999.0, 9999.0, 118.75, 122.5, 117.75, 101.25, 133.0
2023-04-06, 11:50:59, 130.5, 50.25, 18.5, 24.0, 9999.0, 1.0, 1.25, 19.5, 9999.0, 9999.0, 9999.0, 118.75, 122.5, 117.75, 101.25, 133.25
2023-04-06, 11:51:03, 130.75, 51.0, 18.5, 25.5, 9999.0, 1.0, 1.25, 19.25, 9999.0, 9999.0, 9999.0, 118.75, 122.5, 117.75, 101.25, 133.25
2023-04-06, 11:51:07, 130.75, 51.25, 18.75, 25.75, 9999.0, 1.0, 1.25, 19.5, 9999.0, 9999.0, 9999.0, 118.5, 122.25, 117.75, 101.0, 133.25
2023-04-06, 11:51:11, 130.75, 51.0, 18.5, 25.75, 9999.0, 1.0, 1.25, 19.5, 9999.0, 9999.0, 9999.0, 118.5, 122.25, 117.75, 100.5, 132.5
2023-04-06, 11:51:15, 129.0, 50.25, 18.75, 26.0, 9999.0, 1.25, 1.25, 19.5, 9999.0, 9999.0, 9999.0, 118.5, 122.25, 117.75, 101.25, 133.25
2023-04-06, 11:51:19, 130.75, 51.25, 19.0, 26.0, 9999.0, 1.25, 1.25, 19.5, 9999.0, 9999.0, 9999.0, 118.5, 122.25, 117.75, 101.25, 133.25
2023-04-06, 11:51:23, 130.5, 51.0, 19.0, 25.75, 9999.0, 1.0, 1.25, 19.5, 9999.0, 9999.0, 9999.0, 118.5, 122.25, 117.75, 101.25, 133.25
2023-04-06, 11:51:27, 130.25, 51.0, 18.75, 25.75, 9999.0, 1.25, 1.25, 19.5, 9999.0, 9999.0, 9999.0, 118.0, 121.0, 115.75, 101.0, 133.25
2023-04-06, 11:51:31, 130.75, 51.0, 18.75, 25.5, 9999.0, 1.25, 1.25, 19.75, 9999.0, 9999.0, 9999.0, 119.0, 122.25, 117.75, 101.25, 133.25
2023-04-06, 11:51:35, 130.75, 51.0, 18.75, 25.75, 9999.0, 1.25, 1.25, 19.5, 9999.0, 9999.0, 9999.0, 119.25, 122.25, 117.75, 101.25, 133.25
2023-04-06, 11:51:39, 130.75, 51.25, 18.75, 25.75, 9999.0, 1.25, 1.25, 19.5, 9999.0, 9999.0, 9999.0, 119.0, 122.0, 117.75, 101.25, 133.25
2023-04-06, 11:51:43, 130.75, 51.0, 18.75, 25.75, 9999.0, 1.25, 1.0, 19.0, 9999.0, 9999.0, 9999.0, 119.0, 122.25, 117.75, 101.25, 133.25
2023-04-06, 11:51:47, 130.5, 51.0, 18.75, 25.75, 9999.0, 1.25, 1.5, 19.5, 9999.0, 9999.0, 9999.0, 119.0, 122.25, 117.75, 101.25, 133.25
2023-04-06, 11:51:51, 130.5, 51.25, 18.75, 25.75, 9999.0, 1.25, 1.25, 19.5, 9999.0, 9999.0, 9999.0, 119.0, 122.25, 117.75, 101.25, 133.25
2023-04-06, 11:51:55, 130.75, 51.25, 18.75, 25.75, 9999.0, 1.25, 1.25, 19.5, 9999.0, 9999.0, 9999.0, 118.75, 122.25, 117.75, 101.25, 133.25
2023-04-06, 11:51:59, 130.75, 51.0, 18.75, 24.75, 9999.0, 0.25, 0.25, 19.25, 9999.0, 9999.0, 9999.0, 118.75, 122.25, 117.75, 101.25, 133.25
2023-04-06, 11:52:03, 130.5, 51.25, 18.75, 25.75, 9999.0, 1.25, 1.5, 19.5, 9999.0, 9999.0, 9999.0, 118.75, 122.5, 117.75, 101.25, 133.25
2023-04-06, 11:52:07, 130.75, 51.25, 18.75, 25.75, 9999.0, 1.0, 1.25, 19.5, 9999.0, 9999.0, 9999.0, 118.75, 122.5, 118.0, 101.25, 133.25
2023-04-06, 11:52:11, 130.75, 51.25, 18.75, 25.75, 9999.0, 1.0, 1.25, 19.5, 9999.0, 9999.0, 9999.0, 118.75, 122.5, 118.0, 101.25, 133.25
2023-04-06, 11:52:15, 129.5, 51.0, 17.75, 22.25, 9999.0, 1.0, 1.5, 19.5, 9999.0, 9999.0, 9999.0, 118.75, 122.5, 117.75, 101.25, 133.25
2023-04-06, 11:52:19, 130.75, 51.25, 18.75, 25.75, 9999.0, 1.0, 1.25, 19.5, 9999.0, 9999.0, 9999.0, 118.75, 122.5, 117.75, 101.25, 133.25
2023-04-06, 11:52:23, 130.75, 51.25, 18.75, 25.75, 9999.0, 1.0, 1.25, 19.5, 9999.0, 9999.0, 9999.0, 118.75, 122.5, 118.0, 101.25, 133.25
2023-04-06, 11:52:27, 130.75, 51.0, 18.75, 25.75, 9999.0, 1.0, 1.25, 19.75, 9999.0, 9999.0, 9999.0, 118.5, 122.25, 117.0, 101.0, 131.5
2023-04-06, 11:52:31, 129.75, 51.0, 18.75, 25.75, 9999.0, 0.75, 1.25, 19.5, 9999.0, 9999.0, 9999.0, 118.5, 122.5, 118.0, 101.25, 133.25
2023-04-06, 11:52:35, 130.5, 51.25, 18.75, 25.75, 9999.0, 1.25, 1.25, 19.5, 9999.0, 9999.0, 9999.0, 118.5, 122.5, 118.0, 101.25, 133.25
2023-04-06, 11:52:39, 130.75, 51.0, 18.75, 25.25, 9999.0, 1.25, 1.25, 19.75, 9999.0, 9999.0, 9999.0, 118.5, 122.5, 118.0, 101.0, 133.25
2023-04-06, 11:52:43, 130.75, 51.25, 18.75, 25.75, 9999.0, 1.25, 1.25, 19.5, 9999.0, 9999.0, 9999.0, 117.25, 120.0, 117.5, 101.25, 133.25
2023-04-06, 11:52:47, 130.75, 51.0, 18.75, 25.75, 9999.0, 1.5, 1.5, 19.5, 9999.0, 9999.0, 9999.0, 118.25, 122.25, 118.0, 101.25, 133.25
2023-04-06, 11:52:51, 130.75, 51.25, 18.75, 25.75, 9999.0, 1.25, 1.25, 19.5, 9999.0, 9999.0, 9999.0, 119.25, 122.25, 118.0, 101.25, 133.25
2023-04-06, 11:52:55, 130.75, 51.0, 18.75, 25.75, 9999.0, 1.25, 1.25, 19.5, 9999.0, 9999.0, 9999.0, 119.0, 122.25, 117.5, 101.0, 133.25
2023-04-06, 11:52:59, 130.5, 51.0, 18.75, 25.75, 9999.0, 1.25, 0.5, 19.5, 9999.0, 9999.0, 9999.0, 119.0, 122.25, 118.0, 101.25, 133.25
2023-04-06, 11:53:03, 130.75, 51.0, 18.75, 25.75, 9999.0, 1.25, 1.5, 19.75, 9999.0, 9999.0, 9999.0, 119.0, 122.25, 117.75, 101.0, 133.0
2023-04-06, 11:53:07, 130.75, 51.0, 18.75, 25.75, 9999.0, 1.25, 1.25, 19.75, 9999.0, 9999.0, 9999.0, 119.0, 122.25, 117.75, 101.25, 133.25
2023-04-06, 11:53:11, 130.75, 51.25, 18.75, 25.75, 9999.0, 1.0, 1.25, 19.25, 9999.0, 9999.0, 9999.0, 118.75, 122.25, 117.75, 101.25, 133.25
2023-04-06, 11:53:15, 130.5, 51.0, 18.25, 24.75, 9999.0, -0.25, 0.5, 19.5, 9999.0, 9999.0, 9999.0, 118.75, 122.25, 118.0, 101.25, 133.25
2023-04-06, 11:53:19, 130.75, 51.0, 18.75, 25.75, 9999.0, 1.0, 1.25, 19.5, 9999.0, 9999.0, 9999.0, 118.75, 122.25, 117.75, 101.25, 133.25
2023-04-06, 11:53:23, 130.75, 51.25, 18.75, 25.75, 9999.0, 1.0, 1.25, 19.5, 9999.0, 9999.0, 9999.0, 118.75, 122.5, 118.0, 101.25, 133.25
2023-04-06, 11:53:27, 130.75, 51.0, 18.75, 25.75, 9999.0, 1.0, 1.25, 19.5, 9999.0, 9999.0, 9999.0, 118.75, 122.25, 117.75, 101.25, 131.75
2023-04-06, 11:53:31, 130.5, 50.0, 15.5, 25.5, 9999.0, 1.0, 1.25, 19.5, 9999.0, 9999.0, 9999.0, 118.75, 122.25, 117.75, 101.25, 133.25
2023-04-06, 11:53:35, 130.5, 51.0, 18.75, 25.75, 9999.0, 1.0, 1.25, 19.5, 9999.0, 9999.0, 9999.0, 118.75, 122.5, 117.75, 101.25, 133.25
2023-04-06, 11:53:39, 130.75, 51.0, 19.0, 25.75, 9999.0, 1.0, 1.25, 19.5, 9999.0, 9999.0, 9999.0, 118.75, 122.5, 118.0, 101.25, 133.25
2023-04-06, 11:53:43, 130.5, 50.75, 18.75, 25.75, 9999.0, 1.0, 1.25, 19.5, 9999.0, 9999.0, 9999.0, 118.5, 121.5, 117.5, 100.25, 128.0
2023-04-06, 11:53:47, 130.5, 51.0, 19.0, 25.75, 9999.0, 1.0, 1.25, 19.75, 9999.0, 9999.0, 9999.0, 118.5, 122.25, 118.0, 101.25, 133.25
2023-04-06, 11:53:51, 130.5, 51.0, 18.75, 25.75, 9999.0, 1.0, 1.25, 19.5, 9999.0, 9999.0, 9999.0, 118.5, 122.5, 117.75, 101.25, 133.25
2023-04-06, 11:53:55, 130.75, 51.0, 18.75, 25.75, 9999.0, 1.25, 1.25, 19.5, 9999.0, 9999.0, 9999.0, 118.5, 122.5, 117.75, 101.0, 133.25
2023-04-06, 11:53:59, 130.5, 51.0, 18.75, 26.0, 9999.0, 1.25, 1.25, 19.5, 9999.0, 9999.0, 9999.0, 116.5, 121.75, 118.0, 101.25, 133.25
2023-04-06, 11:54:03, 130.5, 51.0, 19.0, 25.75, 9999.0, 1.25, 1.25, 19.5, 9999.0, 9999.0, 9999.0, 118.5, 122.25, 118.0, 101.0, 133.25
2023-04-06, 11:54:07, 130.75, 51.0, 18.75, 25.75, 9999.0, 1.25, 1.5, 19.5, 9999.0, 9999.0, 9999.0, 118.5, 122.25, 118.0, 101.0, 133.25
2023-04-06, 11:54:11, 130.75, 51.0, 18.75, 26.0, 9999.0, 1.25, 1.25, 19.5, 9999.0, 9999.0, 9999.0, 119.0, 122.25, 118.0, 101.25, 133.25
2023-04-06, 11:54:15, 130.5, 51.0, 18.75, 25.75, 9999.0, -0.25, 1.0, 18.5, 9999.0, 9999.0, 9999.0, 119.0, 122.25, 117.75, 101.0, 133.25
2023-04-06, 11:54:19, 130.5, 51.0, 18.75, 25.75, 9999.0, 1.25, 1.25, 19.5, 9999.0, 9999.0, 9999.0, 119.0, 122.25, 117.75, 101.0, 133.25
2023-04-06, 11:54:23, 130.5, 51.0, 19.0, 25.75, 9999.0, 1.25, 1.25, 19.5, 9999.0, 9999.0, 9999.0, 119.0, 122.25, 118.0, 101.0, 133.25
2023-04-06, 11:54:27, 130.5, 51.0, 18.75, 25.75, 9999.0, 1.25, 1.25, 19.5, 9999.0, 9999.0, 9999.0, 118.75, 122.25, 117.75, 101.0, 133.25
2023-04-06, 11:54:31, 130.5, 50.75, 18.0, 25.5, 9999.0, -0.75, 1.25, 19.5, 9999.0, 9999.0, 9999.0, 118.75, 122.25, 117.75, 101.0, 133.25
2023-04-06, 11:54:35, 130.75, 51.0, 18.75, 25.75, 9999.0, 1.25, 1.25, 19.5, 9999.0, 9999.0, 9999.0, 118.75, 122.25, 117.75, 101.0, 133.25
2023-04-06, 11:54:39, 130.5, 51.0, 18.75, 25.75, 9999.0, 1.25, 1.25, 19.5, 9999.0, 9999.0, 9999.0, 118.75, 122.5, 118.0, 101.25, 133.25
2023-04-06, 11:54:43, 130.5, 51.0, 18.75, 25.75, 9999.0, 1.0, 1.25, 19.5, 9999.0, 9999.0, 9999.0, 118.75, 122.5, 117.75, 100.5, 132.75
2023-04-06, 11:54:47, 129.75, 49.75, 18.5, 25.75, 9999.0, 1.0, 1.25, 19.5, 9999.0, 9999.0, 9999.0, 118.75, 122.25, 118.0, 101.25, 133.25
2023-04-06, 11:54:51, 130.75, 51.0, 18.75, 25.75, 9999.0, 1.0, 1.25, 19.5, 9999.0, 9999.0, 9999.0, 118.75, 122.25, 118.0, 101.25, 133.25
2023-04-06, 11:54:56, 130.75, 51.25, 18.75, 25.5, 9999.0, 1.0, 1.25, 19.5, 9999.0, 9999.0, 9999.0, 118.75, 122.25, 117.75, 101.0, 133.25
2023-04-06, 11:55:00, 130.5, 51.0, 18.75, 25.5, 9999.0, 1.0, 1.25, 19.5, 9999.0, 9999.0, 9999.0, 117.5, 122.0, 116.75, 98.75, 133.0
2023-04-06, 11:55:04, 130.75, 51.0, 18.75, 25.5, 9999.0, 1.0, 1.25, 19.5, 9999.0, 9999.0, 9999.0, 118.75, 122.25, 117.75, 101.0, 133.25
2023-04-06, 11:55:08, 130.5, 51.0, 18.75, 25.25, 9999.0, 1.0, 1.25, 19.5, 9999.0, 9999.0, 9999.0, 118.5, 122.25, 117.75, 101.25, 133.25
2023-04-06, 11:55:12, 130.5, 51.25, 18.75, 25.75, 9999.0, 1.0, 1.25, 19.5, 9999.0, 9999.0, 9999.0, 118.5, 122.25, 117.75, 101.0, 133.0
2023-04-06, 11:55:16, 130.5, 51.0, 18.75, 25.75, 9999.0, 1.0, 1.25, 19.5, 9999.0, 9999.0, 9999.0, 117.5, 122.25, 118.0, 101.25, 133.25
2023-04-06, 11:55:20, 130.75, 51.0, 18.75, 25.75, 9999.0, 1.25, 1.25, 19.5, 9999.0, 9999.0, 9999.0, 118.5, 122.25, 118.0, 101.0, 133.25
2023-04-06, 11:55:24, 130.5, 51.0, 18.75, 26.0, 9999.0, 1.25, 1.25, 19.5, 9999.0, 9999.0, 9999.0, 118.5, 122.25, 118.0, 101.0, 133.25
2023-04-06, 11:55:28, 130.5, 51.0, 18.75, 26.0, 9999.0, 1.25, 1.25, 19.5, 9999.0, 9999.0, 9999.0, 118.25, 122.25, 117.75, 101.25, 133.25
2023-04-06, 11:55:32, 130.5, 51.0, 18.75, 25.75, 9999.0, 0.75, 0.0, 17.75, 9999.0, 9999.0, 9999.0, 119.0, 122.25, 118.0, 101.0, 133.25
2023-04-06, 11:55:36, 130.5, 51.0, 19.0, 25.75, 9999.0, 1.25, 1.25, 19.5, 9999.0, 9999.0, 9999.0, 119.0, 122.25, 117.75, 101.0, 133.25
2023-04-06, 11:55:40, 130.5, 51.0, 18.75, 25.75, 9999.0, 1.25, 1.25, 19.5, 9999.0, 9999.0, 9999.0, 119.0, 122.25, 118.0, 101.25, 133.25
2023-04-06, 11:55:44, 130.5, 51.0, 18.75, 25.75, 9999.0, 1.0, 1.25, 19.5, 9999.0, 9999.0, 9999.0, 119.0, 122.25, 118.0, 101.25, 133.25
2023-04-06, 11:55:48, 130.5, 50.25, 18.5, 24.75, 9999.0, 1.0, 1.25, 19.75, 9999.0, 9999.0, 9999.0, 118.75, 122.25, 117.75, 101.0, 133.25
2023-04-06, 11:55:52, 130.5, 51.0, 18.75, 26.0, 9999.0, 1.25, 1.25, 19.5, 9999.0, 9999.0, 9999.0, 118.75, 122.25, 117.75, 101.0, 133.0
2023-04-06, 11:55:56, 130.5, 51.0, 18.75, 26.0, 9999.0, 1.0, 1.25, 19.5, 9999.0, 9999.0, 9999.0, 118.5, 122.0, 117.75, 101.25, 133.25
2023-04-06, 11:56:00, 130.5, 51.0, 18.5, 26.0, 9999.0, 1.0, 1.25, 19.5, 9999.0, 9999.0, 9999.0, 118.75, 122.5, 117.25, 100.5, 132.25
2023-04-06, 11:56:04, 129.5, 50.0, 18.75, 26.0, 9999.0, 1.0, 1.25, 19.5, 9999.0, 9999.0, 9999.0, 118.75, 122.5, 117.75, 101.25, 133.25
2023-04-06, 11:56:08, 130.5, 51.0, 18.75, 25.75, 9999.0, 1.0, 1.25, 19.5, 9999.0, 9999.0, 9999.0, 118.75, 122.5, 117.75, 101.25, 133.25
2023-04-06, 11:56:12, 130.5, 51.0, 18.75, 25.5, 9999.0, 1.0, 1.25, 19.5, 9999.0, 9999.0, 9999.0, 118.75, 122.5, 117.75, 101.25, 133.0
2023-04-06, 11:56:16, 130.5, 51.0, 18.75, 25.75, 9999.0, 1.0, 1.25, 19.5, 9999.0, 9999.0, 9999.0, 118.25, 121.0, 114.75, 101.0, 133.25
2023-04-06, 11:56:20, 130.5, 51.0, 18.75, 25.5, 9999.0, 1.0, 1.25, 19.5, 9999.0, 9999.0, 9999.0, 118.5, 122.5, 117.75, 101.25, 133.25
2023-04-06, 11:56:24, 130.5, 51.0, 18.75, 25.75, 9999.0, 1.0, 1.25, 19.5, 9999.0, 9999.0, 9999.0, 118.5, 122.25, 117.75, 101.0, 133.25
2023-04-06, 11:56:28, 130.5, 51.0, 18.75, 25.75, 9999.0, 1.0, 1.25, 19.5, 9999.0, 9999.0, 9999.0, 118.25, 122.25, 117.75, 101.25, 133.25
2023-04-06, 11:56:32, 130.5, 51.0, 18.75, 25.75, 9999.0, 1.0, 1.25, 18.75, 9999.0, 9999.0, 9999.0, 118.5, 122.5, 118.0, 101.25, 133.25
2023-04-06, 11:56:36, 130.5, 51.0, 18.75, 25.75, 9999.0, 1.0, 1.25, 19.5, 9999.0, 9999.0, 9999.0, 118.5, 122.25, 117.75, 101.0, 133.0
2023-04-06, 11:56:40, 130.5, 51.0, 18.75, 25.75, 9999.0, 1.0, 1.25, 19.5, 9999.0, 9999.0, 9999.0, 118.5, 122.25, 117.75, 101.0, 133.25
2023-04-06, 11:56:44, 130.5, 51.0, 18.75, 25.75, 9999.0, 1.25, 1.25, 19.5, 9999.0, 9999.0, 9999.0, 118.25, 122.25, 118.0, 101.25, 133.25
2023-04-06, 11:56:48, 130.5, 51.0, 18.75, 24.0, 9999.0, 0.75, -0.5, 19.0, 9999.0, 9999.0, 9999.0, 119.25, 122.25, 118.0, 101.25, 133.25
2023-04-06, 11:56:52, 130.5, 51.0, 18.75, 25.75, 9999.0, 1.25, 1.25, 19.5, 9999.0, 9999.0, 9999.0, 119.0, 122.25, 117.75, 101.0, 133.25
2023-04-06, 11:56:56, 130.5, 51.0, 18.75, 25.75, 9999.0, 1.25, 1.25, 19.5, 9999.0, 9999.0, 9999.0, 119.0, 122.25, 117.75, 101.0, 133.25
2023-04-06, 11:57:00, 130.5, 51.0, 18.75, 25.75, 9999.0, 1.0, 1.25, 19.5, 9999.0, 9999.0, 9999.0, 119.0, 122.25, 117.75, 101.0, 133.0
2023-04-06, 11:57:04, 129.25, 50.75, 17.5, 22.75, 9999.0, 1.0, 1.25, 19.5, 9999.0, 9999.0, 9999.0, 118.75, 122.25, 117.75, 101.0, 133.25
2023-04-06, 11:57:08, 130.5, 50.75, 18.75, 25.75, 9999.0, 1.25, 1.25, 19.5, 9999.0, 9999.0, 9999.0, 118.75, 122.25, 117.75, 101.25, 133.25
2023-04-06, 11:57:12, 130.5, 51.0, 18.75, 25.75, 9999.0, 1.25, 1.25, 19.5, 9999.0, 9999.0, 9999.0, 118.75, 122.25, 117.75, 101.25, 133.25
2023-04-06, 11:57:16, 130.5, 51.0, 18.75, 25.75, 9999.0, 1.0, 1.25, 19.5, 9999.0, 9999.0, 9999.0, 118.75, 121.75, 117.0, 101.0, 131.5
2023-04-06, 11:57:20, 129.25, 51.0, 18.75, 25.75, 9999.0, 1.0, 1.25, 19.5, 9999.0, 9999.0, 9999.0, 118.75, 122.5, 117.75, 101.25, 133.0
2023-04-06, 11:57:24, 130.5, 51.0, 18.75, 25.75, 9999.0, 1.0, 1.25, 19.5, 9999.0, 9999.0, 9999.0, 118.75, 122.5, 117.75, 101.0, 133.25
2023-04-06, 11:57:28, 130.5, 51.0, 18.75, 25.75, 9999.0, 1.0, 1.25, 19.5, 9999.0, 9999.0, 9999.0, 118.75, 122.5, 117.75, 101.0, 133.25
2023-04-06, 11:57:32, 130.5, 50.75, 18.75, 25.75, 9999.0, 1.0, 1.25, 19.5, 9999.0, 9999.0, 9999.0, 117.75, 121.25, 117.75, 101.25, 133.25
2023-04-06, 11:57:36, 130.5, 51.0, 19.0, 25.75, 9999.0, 1.0, 1.25, 19.5, 9999.0, 9999.0, 9999.0, 118.75, 122.5, 118.0, 101.0, 133.25
2023-04-06, 11:57:40, 130.5, 51.0, 18.75, 25.75, 9999.0, 1.0, 1.25, 19.5, 9999.0, 9999.0, 9999.0, 118.5, 122.25, 117.75, 101.0, 133.25
2023-04-06, 11:57:44, 130.5, 51.0, 18.75, 25.75, 9999.0, 1.0, 1.25, 19.5, 9999.0, 9999.0, 9999.0, 118.5, 122.5, 117.75, 101.25, 133.25
2023-04-06, 11:57:48, 130.5, 51.0, 18.75, 25.75, 9999.0, 0.75, 0.25, 19.25, 9999.0, 9999.0, 9999.0, 118.5, 122.25, 118.0, 101.25, 133.25
2023-04-06, 11:57:52, 130.5, 51.0, 18.75, 25.75, 9999.0, 1.0, 1.25, 19.5, 9999.0, 9999.0, 9999.0, 118.5, 122.25, 118.0, 101.25, 133.25
2023-04-06, 11:57:56, 130.5, 51.0, 18.75, 25.75, 9999.0, 1.0, 1.25, 19.5, 9999.0, 9999.0, 9999.0, 118.5, 122.25, 117.75, 101.0, 133.25
2023-04-06, 11:58:00, 130.5, 51.0, 18.75, 25.75, 9999.0, 1.25, 1.25, 19.5, 9999.0, 9999.0, 9999.0, 118.25, 122.25, 118.0, 101.0, 133.0
2023-04-06, 11:58:04, 130.5, 51.0, 18.75, 24.75, 9999.0, -0.5, 0.5, 19.5, 9999.0, 9999.0, 9999.0, 118.25, 122.5, 118.0, 101.0, 133.25
2023-04-06, 11:58:08, 130.5, 51.0, 18.75, 25.75, 9999.0, 1.25, 1.25, 19.5, 9999.0, 9999.0, 9999.0, 119.0, 122.25, 118.0, 101.0, 133.0
2023-04-06, 11:58:12, 130.5, 51.0, 18.75, 25.75, 9999.0, 1.25, 1.25, 19.5, 9999.0, 9999.0, 9999.0, 119.0, 122.25, 117.75, 101.0, 133.25
2023-04-06, 11:58:16, 130.5, 51.0, 18.75, 25.75, 9999.0, 1.0, 1.25, 19.5, 9999.0, 9999.0, 9999.0, 118.75, 122.25, 117.75, 101.0, 130.75
2023-04-06, 11:58:20, 130.0, 49.75, 16.5, 25.25, 9999.0, 1.25, 1.25, 19.5, 9999.0, 9999.0, 9999.0, 119.0, 122.25, 118.0, 101.0, 133.25
2023-04-06, 11:58:24, 130.5, 51.0, 18.75, 25.75, 9999.0, 1.0, 1.25, 19.5, 9999.0, 9999.0, 9999.0, 118.75, 122.25, 117.75, 101.0, 133.25
2023-04-06, 11:58:28, 130.5, 51.0, 18.75, 25.75, 9999.0, 1.0, 1.25, 19.5, 9999.0, 9999.0, 9999.0, 118.75, 122.25, 117.75, 101.25, 133.25
2023-04-06, 11:58:32, 130.25, 51.0, 18.75, 25.75, 9999.0, 1.0, 1.25, 19.5, 9999.0, 9999.0, 9999.0, 118.75, 121.5, 117.5, 100.25, 129.75
2023-04-06, 11:58:36, 130.5, 51.0, 18.75, 25.75, 9999.0, 1.0, 1.25, 19.5, 9999.0, 9999.0, 9999.0, 118.75, 122.5, 117.75, 101.0, 133.25
2023-04-06, 11:58:40, 130.5, 51.0, 18.75, 25.75, 9999.0, 1.0, 1.25, 19.5, 9999.0, 9999.0, 9999.0, 118.75, 122.25, 117.75, 101.0, 133.25
2023-04-06, 11:58:44, 130.5, 51.0, 18.75, 25.5, 9999.0, 1.0, 1.25, 19.5, 9999.0, 9999.0, 9999.0, 118.75, 122.5, 117.75, 101.0, 133.25
2023-04-06, 11:58:48, 130.5, 51.0, 18.75, 25.5, 9999.0, 1.0, 1.25, 19.5, 9999.0, 9999.0, 9999.0, 117.25, 121.5, 117.75, 101.0, 133.25
2023-04-06, 11:58:52, 130.5, 51.0, 18.75, 25.75, 9999.0, 1.0, 1.25, 19.5, 9999.0, 9999.0, 9999.0, 118.75, 122.25, 117.75, 101.0, 133.25
2023-04-06, 11:58:56, 130.5, 51.0, 18.5, 25.75, 9999.0, 1.0, 1.25, 19.5, 9999.0, 9999.0, 9999.0, 118.5, 122.5, 117.75, 101.0, 133.25
2023-04-06, 11:59:00, 130.5, 51.0, 18.75, 25.5, 9999.0, 1.0, 1.25, 19.5, 9999.0, 9999.0, 9999.0, 118.5, 122.25, 117.75, 101.0, 133.25
2023-04-06, 11:59:04, 130.5, 51.0, 18.75, 25.75, 9999.0, -0.25, 1.0, 18.25, 9999.0, 9999.0, 9999.0, 118.5, 122.5, 118.0, 101.0, 133.25
2023-04-06, 11:59:08, 130.5, 51.0, 18.75, 25.75, 9999.0, 0.75, 1.25, 19.5, 9999.0, 9999.0, 9999.0, 118.5, 122.25, 118.0, 101.25, 133.0
2023-04-06, 11:59:12, 130.5, 51.0, 18.75, 25.75, 9999.0, 1.0, 1.25, 19.5, 9999.0, 9999.0, 9999.0, 118.5, 122.25, 117.75, 101.0, 133.25
2023-04-06, 11:59:16, 130.5, 51.0, 18.75, 25.5, 9999.0, 1.0, 1.0, 19.5, 9999.0, 9999.0, 9999.0, 118.25, 122.25, 118.0, 101.0, 133.25
2023-04-06, 11:59:20, 130.5, 51.0, 18.0, 25.25, 9999.0, -1.5, 1.0, 19.5, 9999.0, 9999.0, 9999.0, 118.25, 122.25, 118.0, 101.0, 133.25
2023-04-06, 11:59:25, 130.5, 51.0, 18.75, 25.5, 9999.0, 1.25, 1.25, 19.5, 9999.0, 9999.0, 9999.0, 118.25, 122.25, 118.0, 101.0, 133.25
2023-04-06, 11:59:29, 130.5, 51.0, 18.75, 25.75, 9999.0, 1.25, 1.25, 19.5, 9999.0, 9999.0, 9999.0, 119.0, 122.25, 117.75, 101.0, 133.0
2023-04-06, 11:59:33, 130.5, 50.75, 18.75, 25.75, 9999.0, 1.25, 1.25, 19.5, 9999.0, 9999.0, 9999.0, 119.0, 122.25, 118.0, 99.75, 132.25
2023-04-06, 11:59:37, 130.0, 49.0, 18.25, 25.5, 9999.0, 1.0, 1.25, 19.5, 9999.0, 9999.0, 9999.0, 119.0, 122.25, 118.0, 101.25, 133.25
2023-04-06, 11:59:41, 130.5, 51.0, 18.75, 25.5, 9999.0, 1.0, 1.25, 19.5, 9999.0, 9999.0, 9999.0, 118.75, 122.25, 117.75, 101.0, 133.25
2023-04-06, 11:59:45, 130.5, 51.0, 18.75, 25.75, 9999.0, 1.0, 1.25, 19.5, 9999.0, 9999.0, 9999.0, 118.75, 122.25, 117.75, 101.0, 133.0
2023-04-06, 11:59:49, 130.5, 51.0, 18.75, 25.75, 9999.0, 1.0, 1.25, 19.5, 9999.0, 9999.0, 9999.0, 117.25, 122.0, 116.75, 99.0, 133.0
2023-04-06, 11:59:53, 130.5, 51.0, 18.75, 25.75, 9999.0, 1.0, 1.25, 19.5, 9999.0, 9999.0, 9999.0, 118.75, 122.25, 118.0, 101.25, 133.25
2023-04-06, 11:59:57, 130.5, 51.0, 18.75, 25.75, 9999.0, 1.0, 1.25, 19.5, 9999.0, 9999.0, 9999.0, 118.75, 122.25, 118.0, 101.0, 133.0
2023-04-06, 12:00:01, 130.5, 51.0, 18.75, 25.75, 9999.0, 1.0, 1.25, 19.5, 9999.0, 9999.0, 9999.0, 118.75, 122.0, 117.75, 101.25, 133.0
2023-04-06, 12:00:05, 130.5, 51.0, 18.75, 25.75, 9999.0, 1.0, 1.25, 19.25, 9999.0, 9999.0, 9999.0, 117.25, 122.25, 118.0, 101.25, 133.25
2023-04-06, 12:00:09, 130.5, 51.0, 18.75, 25.75, 9999.0, 1.0, 1.25, 19.5, 9999.0, 9999.0, 9999.0, 118.75, 122.5, 117.75, 101.0, 133.25
2023-04-06, 12:00:13, 130.5, 51.0, 18.75, 25.75, 9999.0, 0.75, 1.25, 19.5, 9999.0, 9999.0, 9999.0, 118.75, 122.25, 117.75, 101.25, 133.0
2023-04-06, 12:00:17, 130.5, 51.0, 18.75, 25.75, 9999.0, 1.0, 1.25, 19.5, 9999.0, 9999.0, 9999.0, 118.5, 122.25, 117.75, 101.25, 133.25
2023-04-06, 12:00:21, 130.5, 51.0, 19.0, 25.75, 9999.0, 0.5, 0.25, 18.25, 9999.0, 9999.0, 9999.0, 118.5, 122.25, 117.75, 101.25, 133.25
2023-04-06, 12:00:25, 130.5, 51.0, 18.75, 25.75, 9999.0, 0.75, 1.25, 19.5, 9999.0, 9999.0, 9999.0, 118.5, 122.25, 118.0, 101.25, 133.25
2023-04-06, 12:00:29, 130.5, 51.0, 19.0, 25.75, 9999.0, 1.25, 1.25, 19.5, 9999.0, 9999.0, 9999.0, 118.5, 122.25, 117.75, 101.0, 133.25
2023-04-06, 12:00:33, 130.5, 51.0, 19.0, 25.75, 9999.0, 1.0, 1.25, 19.5, 9999.0, 9999.0, 9999.0, 118.5, 122.25, 118.0, 101.25, 133.0
2023-04-06, 12:00:37, 130.5, 50.25, 18.75, 24.25, 9999.0, 1.0, 1.25, 19.5, 9999.0, 9999.0, 9999.0, 118.25, 122.25, 117.75, 101.25, 133.0
2023-04-06, 12:00:41, 130.5, 51.0, 19.0, 25.75, 9999.0, 1.25, 1.25, 19.5, 9999.0, 9999.0, 9999.0, 118.25, 122.25, 117.75, 101.25, 133.0
2023-04-06, 12:00:45, 130.5, 51.0, 19.0, 26.0, 9999.0, 1.25, 1.25, 19.5, 9999.0, 9999.0, 9999.0, 119.0, 122.25, 117.75, 101.0, 133.25
2023-04-06, 12:00:49, 130.75, 51.0, 19.0, 25.75, 9999.0, 1.25, 1.25, 19.5, 9999.0, 9999.0, 9999.0, 119.0, 122.25, 117.75, 101.0, 133.25
2023-04-06, 12:00:53, 130.75, 51.0, 18.75, 25.75, 9999.0, 1.25, 1.25, 19.5, 9999.0, 9999.0, 9999.0, 117.0, 122.25, 118.0, 101.25, 133.25
2023-04-06, 12:00:57, 130.5, 51.0, 18.75, 25.75, 9999.0, 1.0, 1.25, 19.5, 9999.0, 9999.0, 9999.0, 118.75, 122.25, 118.0, 101.25, 133.25
2023-04-06, 12:01:01, 130.5, 51.0, 18.75, 25.75, 9999.0, 1.0, 1.25, 19.5, 9999.0, 9999.0, 9999.0, 118.75, 122.25, 117.75, 101.25, 133.0
2023-04-06, 12:01:05, 130.75, 51.0, 18.75, 25.75, 9999.0, 1.25, 1.25, 19.5, 9999.0, 9999.0, 9999.0, 118.75, 122.25, 118.0, 101.25, 133.0
2023-04-06, 12:01:09, 130.5, 51.0, 18.75, 25.75, 9999.0, 0.75, 0.0, 16.75, 9999.0, 9999.0, 9999.0, 118.75, 122.25, 117.75, 101.25, 133.25
2023-04-06, 12:01:13, 130.75, 51.25, 19.0, 25.75, 9999.0, 1.0, 1.25, 19.5, 9999.0, 9999.0, 9999.0, 118.75, 122.5, 117.75, 101.25, 133.25
2023-04-06, 12:01:17, 130.5, 51.25, 19.0, 26.0, 9999.0, 1.0, 1.25, 19.5, 9999.0, 9999.0, 9999.0, 118.75, 122.5, 118.0, 101.25, 133.25
2023-04-06, 12:01:21, 130.5, 51.25, 19.0, 26.0, 9999.0, 1.0, 1.25, 19.5, 9999.0, 9999.0, 9999.0, 118.75, 122.5, 117.75, 101.25, 133.25
2023-04-06, 12:01:25, 129.75, 51.0, 17.5, 22.75, 9999.0, 1.0, 1.25, 19.5, 9999.0, 9999.0, 9999.0, 118.75, 122.5, 117.75, 101.25, 133.0
2023-04-06, 12:01:29, 130.75, 51.25, 18.75, 25.75, 9999.0, 1.0, 1.25, 19.5, 9999.0, 9999.0, 9999.0, 118.75, 122.5, 117.75, 101.25, 133.25
2023-04-06, 12:01:33, 130.75, 51.25, 18.75, 25.75, 9999.0, 1.0, 1.25, 19.5, 9999.0, 9999.0, 9999.0, 118.75, 122.25, 117.75, 101.25, 133.25
2023-04-06, 12:01:37, 130.5, 51.0, 18.75, 25.75, 9999.0, 1.0, 1.25, 19.5, 9999.0, 9999.0, 9999.0, 118.5, 121.5, 117.5, 100.0, 129.5
2023-04-06, 12:01:41, 130.5, 51.25, 19.0, 25.75, 9999.0, 1.0, 1.25, 19.5, 9999.0, 9999.0, 9999.0, 118.5, 122.25, 118.0, 101.25, 133.25
2023-04-06, 12:01:45, 130.75, 51.25, 19.0, 25.75, 9999.0, 1.25, 1.25, 19.5, 9999.0, 9999.0, 9999.0, 118.5, 122.5, 117.75, 101.25, 133.25
2023-04-06, 12:01:49, 130.75, 51.25, 19.0, 25.75, 9999.0, 1.25, 1.25, 19.75, 9999.0, 9999.0, 9999.0, 118.5, 122.25, 118.0, 101.25, 133.25
2023-04-06, 12:01:53, 130.75, 51.25, 19.0, 25.75, 9999.0, 1.0, 1.25, 19.25, 9999.0, 9999.0, 9999.0, 117.75, 122.25, 118.0, 101.25, 133.25
2023-04-06, 12:01:57, 130.75, 51.25, 19.0, 26.0, 9999.0, 1.25, 1.5, 19.75, 9999.0, 9999.0, 9999.0, 118.5, 122.5, 118.0, 101.5, 133.25
2023-04-06, 12:02:01, 130.75, 51.25, 19.0, 26.0, 9999.0, 1.25, 1.5, 19.75, 9999.0, 9999.0, 9999.0, 118.25, 122.5, 117.75, 101.25, 133.25
2023-04-06, 12:02:05, 130.75, 51.25, 19.0, 26.0, 9999.0, 1.25, 1.5, 19.75, 9999.0, 9999.0, 9999.0, 119.0, 122.25, 117.75, 101.25, 133.25
2023-04-06, 12:02:09, 130.75, 51.25, 19.0, 25.5, 9999.0, 0.75, -0.75, 19.0, 9999.0, 9999.0, 9999.0, 119.0, 122.25, 117.75, 101.25, 133.25
2023-04-06, 12:02:13, 130.75, 51.25, 19.0, 25.75, 9999.0, 1.25, 1.25, 19.5, 9999.0, 9999.0, 9999.0, 119.0, 122.5, 117.75, 101.25, 133.25
2023-04-06, 12:02:17, 130.75, 51.25, 18.75, 25.75, 9999.0, 1.25, 1.5, 19.5, 9999.0, 9999.0, 9999.0, 118.75, 122.5, 117.75, 101.25, 133.25
2023-04-06, 12:02:21, 130.75, 51.25, 18.75, 26.0, 9999.0, 1.25, 1.5, 19.5, 9999.0, 9999.0, 9999.0, 118.75, 122.25, 117.75, 101.25, 131.0
2023-04-06, 12:02:25, 130.25, 50.0, 16.5, 25.5, 9999.0, 1.25, 1.25, 19.5, 9999.0, 9999.0, 9999.0, 118.75, 122.25, 117.75, 101.25, 133.25
2023-04-06, 12:02:29, 130.75, 51.25, 19.0, 25.5, 9999.0, 1.0, 1.5, 19.75, 9999.0, 9999.0, 9999.0, 118.75, 122.0, 117.75, 101.25, 133.25
2023-04-06, 12:02:33, 130.75, 51.25, 19.0, 26.0, 9999.0, 1.25, 1.5, 19.75, 9999.0, 9999.0, 9999.0, 118.75, 122.5, 117.75, 101.25, 133.25
2023-04-06, 12:02:37, 130.75, 51.25, 19.0, 26.0, 9999.0, 1.0, 1.5, 19.75, 9999.0, 9999.0, 9999.0, 117.25, 122.0, 116.75, 99.5, 133.25
2023-04-06, 12:02:41, 130.75, 51.25, 19.0, 26.0, 9999.0, 1.25, 1.5, 19.75, 9999.0, 9999.0, 9999.0, 118.75, 122.5, 117.75, 101.5, 133.25
2023-04-06, 12:02:45, 130.75, 51.25, 19.0, 26.0, 9999.0, 1.0, 1.5, 19.75, 9999.0, 9999.0, 9999.0, 118.75, 122.5, 117.75, 101.5, 133.5
2023-04-06, 12:02:49, 130.75, 51.25, 19.0, 25.75, 9999.0, 1.0, 1.5, 19.75, 9999.0, 9999.0, 9999.0, 118.75, 122.25, 117.75, 101.5, 133.25
2023-04-06, 12:02:53, 130.75, 51.25, 19.0, 25.5, 9999.0, 1.0, 1.25, 18.5, 9999.0, 9999.0, 9999.0, 118.5, 122.5, 117.75, 101.5, 133.25
2023-04-06, 12:02:57, 130.75, 51.25, 19.0, 25.5, 9999.0, 1.0, 1.25, 19.75, 9999.0, 9999.0, 9999.0, 118.5, 122.5, 117.75, 101.5, 133.25
2023-04-06, 12:03:01, 130.75, 51.25, 19.0, 25.5, 9999.0, 1.0, 1.5, 19.75, 9999.0, 9999.0, 9999.0, 118.5, 122.5, 118.0, 101.5, 133.25
2023-04-06, 12:03:05, 130.75, 51.25, 19.0, 25.5, 9999.0, 1.25, 1.5, 19.5, 9999.0, 9999.0, 9999.0, 118.5, 122.25, 118.0, 101.25, 133.25
2023-04-06, 12:03:09, 130.75, 51.25, 19.0, 24.75, 9999.0, 0.0, -1.0, 19.75, 9999.0, 9999.0, 9999.0, 118.5, 122.5, 118.0, 101.25, 133.25
2023-04-06, 12:03:13, 130.75, 51.25, 19.0, 25.75, 9999.0, 1.25, 1.25, 19.75, 9999.0, 9999.0, 9999.0, 118.5, 122.5, 118.0, 101.25, 133.25
2023-04-06, 12:03:17, 130.5, 51.25, 19.0, 25.5, 9999.0, 1.5, 1.25, 19.75, 9999.0, 9999.0, 9999.0, 118.5, 122.5, 117.75, 101.25, 133.25
2023-04-06, 12:03:21, 130.75, 51.25, 19.0, 25.25, 9999.0, 1.25, 1.5, 19.75, 9999.0, 9999.0, 9999.0, 119.0, 122.5, 118.0, 101.0, 132.25
2023-04-06, 12:03:25, 130.5, 49.5, 17.0, 25.75, 9999.0, 1.5, 1.5, 19.75, 9999.0, 9999.0, 9999.0, 119.0, 122.25, 118.0, 101.25, 133.25
2023-04-06, 12:03:29, 130.75, 51.25, 19.0, 25.75, 9999.0, 1.25, 1.5, 19.75, 9999.0, 9999.0, 9999.0, 119.0, 122.25, 118.0, 101.5, 133.25
2023-04-06, 12:03:33, 130.75, 51.25, 19.0, 25.75, 9999.0, 1.25, 1.5, 19.75, 9999.0, 9999.0, 9999.0, 119.0, 122.25, 118.0, 101.5, 133.0
2023-04-06, 12:03:37, 130.75, 51.25, 19.0, 25.75, 9999.0, 1.25, 1.5, 19.5, 9999.0, 9999.0, 9999.0, 118.25, 121.75, 116.5, 100.5, 133.25
2023-04-06, 12:03:41, 130.75, 51.25, 19.0, 26.0, 9999.0, 1.25, 1.5, 19.5, 9999.0, 9999.0, 9999.0, 119.0, 122.25, 118.0, 101.5, 133.25
2023-04-06, 12:03:45, 130.75, 51.25, 19.0, 26.0, 9999.0, 1.25, 1.5, 19.5, 9999.0, 9999.0, 9999.0, 118.75, 122.25, 118.0, 101.5, 133.25
2023-04-06, 12:03:49, 130.5, 51.25, 19.0, 26.0, 9999.0, 1.25, 1.5, 19.75, 9999.0, 9999.0, 9999.0, 118.75, 122.25, 117.75, 101.25, 133.25
2023-04-06, 12:03:54, 130.75, 51.25, 19.0, 25.75, 9999.0, 1.25, 1.0, 19.25, 9999.0, 9999.0, 9999.0, 118.75, 122.5, 118.0, 101.25, 133.25
2023-04-06, 12:03:58, 130.75, 51.25, 19.0, 25.75, 9999.0, 1.25, 1.25, 19.75, 9999.0, 9999.0, 9999.0, 118.75, 122.75, 118.0, 101.25, 133.25
2023-04-06, 12:04:02, 130.75, 51.25, 19.0, 26.0, 9999.0, 1.25, 1.5, 19.75, 9999.0, 9999.0, 9999.0, 118.75, 122.5, 118.0, 101.5, 133.25
2023-04-06, 12:04:06, 130.75, 51.25, 19.0, 25.75, 9999.0, 1.0, 1.5, 19.5, 9999.0, 9999.0, 9999.0, 118.75, 122.5, 118.0, 101.25, 133.25
2023-04-06, 12:04:10, 130.75, 51.25, 17.75, 25.25, 9999.0, -1.5, 1.0, 19.5, 9999.0, 9999.0, 9999.0, 118.75, 122.5, 118.0, 101.25, 133.25
2023-04-06, 12:04:14, 130.75, 51.25, 19.0, 25.5, 9999.0, 1.0, 1.5, 19.75, 9999.0, 9999.0, 9999.0, 118.75, 122.5, 118.0, 101.25, 133.25
2023-04-06, 12:04:18, 130.75, 51.25, 19.0, 25.75, 9999.0, 1.0, 1.5, 19.75, 9999.0, 9999.0, 9999.0, 118.5, 122.5, 118.0, 101.25, 133.25
2023-04-06, 12:04:22, 130.75, 51.25, 19.0, 25.75, 9999.0, 1.0, 1.5, 19.75, 9999.0, 9999.0, 9999.0, 118.5, 122.5, 118.0, 100.25, 132.75
2023-04-06, 12:04:26, 129.75, 48.0, 19.0, 25.5, 9999.0, 1.25, 1.25, 19.5, 9999.0, 9999.0, 9999.0, 118.5, 122.25, 118.0, 101.25, 133.5
2023-04-06, 12:04:30, 130.75, 51.25, 19.0, 25.75, 9999.0, 1.25, 1.25, 19.5, 9999.0, 9999.0, 9999.0, 118.25, 122.5, 118.0, 101.25, 133.25
2023-04-06, 12:04:34, 130.75, 51.25, 19.0, 25.75, 9999.0, 1.25, 1.5, 19.75, 9999.0, 9999.0, 9999.0, 118.5, 122.5, 118.0, 101.25, 133.25
2023-04-06, 12:04:38, 130.75, 51.25, 19.0, 25.5, 9999.0, 1.5, 1.5, 19.75, 9999.0, 9999.0, 9999.0, 118.25, 121.25, 114.75, 101.25, 133.25
2023-04-06, 12:04:42, 130.5, 51.25, 19.0, 26.0, 9999.0, 1.5, 1.5, 19.75, 9999.0, 9999.0, 9999.0, 119.25, 122.25, 118.0, 101.25, 133.25
2023-04-06, 12:04:46, 130.75, 51.25, 19.0, 25.75, 9999.0, 1.25, 1.5, 19.75, 9999.0, 9999.0, 9999.0, 119.0, 122.25, 118.0, 101.25, 133.25
2023-04-06, 12:04:50, 130.75, 51.25, 19.0, 25.5, 9999.0, 1.25, 1.25, 19.75, 9999.0, 9999.0, 9999.0, 119.0, 122.25, 118.0, 101.25, 133.25
2023-04-06, 12:04:54, 130.75, 51.25, 19.0, 25.75, 9999.0, 1.25, 0.25, 19.5, 9999.0, 9999.0, 9999.0, 119.0, 122.25, 118.0, 101.5, 133.25
2023-04-06, 12:04:58, 130.75, 51.25, 19.0, 25.75, 9999.0, 1.25, 1.5, 19.75, 9999.0, 9999.0, 9999.0, 119.0, 122.25, 118.0, 101.5, 133.25
2023-04-06, 12:05:02, 130.75, 51.25, 19.0, 25.5, 9999.0, 1.25, 1.5, 19.75, 9999.0, 9999.0, 9999.0, 118.75, 122.25, 118.0, 101.5, 133.25
2023-04-06, 12:05:06, 130.75, 51.25, 19.0, 25.75, 9999.0, 1.25, 1.5, 19.75, 9999.0, 9999.0, 9999.0, 118.75, 122.25, 118.0, 101.5, 133.25
2023-04-06, 12:05:10, 130.75, 51.0, 18.75, 25.75, 9999.0, 1.25, 1.5, 19.75, 9999.0, 9999.0, 9999.0, 118.75, 121.5, 117.5, 100.75, 130.0
2023-04-06, 12:05:14, 130.5, 51.25, 19.0, 26.0, 9999.0, 1.0, 1.5, 19.75, 9999.0, 9999.0, 9999.0, 118.75, 122.5, 118.0, 101.25, 133.25
2023-04-06, 12:05:18, 130.75, 51.25, 19.0, 26.0, 9999.0, 1.25, 1.5, 19.75, 9999.0, 9999.0, 9999.0, 118.75, 122.5, 118.0, 101.5, 133.25
2023-04-06, 12:05:22, 130.75, 51.25, 19.0, 25.5, 9999.0, 1.0, 1.5, 19.75, 9999.0, 9999.0, 9999.0, 118.75, 122.5, 117.75, 101.25, 133.25
2023-04-06, 12:05:26, 130.75, 51.25, 19.0, 25.5, 9999.0, 1.0, 1.5, 19.75, 9999.0, 9999.0, 9999.0, 117.75, 119.0, 117.75, 101.5, 133.25
2023-04-06, 12:05:30, 130.75, 51.25, 19.0, 25.25, 9999.0, 1.0, 1.5, 19.75, 9999.0, 9999.0, 9999.0, 118.75, 122.5, 118.0, 101.25, 133.25
2023-04-06, 12:05:34, 130.75, 51.25, 19.0, 25.5, 9999.0, 1.0, 1.5, 19.75, 9999.0, 9999.0, 9999.0, 118.75, 122.5, 118.0, 101.5, 133.25
2023-04-06, 12:05:38, 130.75, 51.25, 19.0, 25.75, 9999.0, 1.0, 1.25, 19.75, 9999.0, 9999.0, 9999.0, 118.5, 122.5, 118.0, 101.25, 133.25
2023-04-06, 12:05:42, 130.75, 51.25, 19.0, 25.75, 9999.0, 0.0, 0.5, 19.5, 9999.0, 9999.0, 9999.0, 118.5, 122.5, 118.0, 101.25, 133.25
2023-04-06, 12:05:46, 130.75, 51.25, 19.0, 26.0, 9999.0, 1.25, 1.25, 19.75, 9999.0, 9999.0, 9999.0, 118.5, 122.5, 118.0, 101.25, 133.25
2023-04-06, 12:05:50, 130.75, 51.25, 19.0, 26.0, 9999.0, 1.25, 1.25, 19.75, 9999.0, 9999.0, 9999.0, 118.5, 122.5, 118.0, 101.25, 133.25
2023-04-06, 12:05:54, 130.75, 51.25, 19.0, 26.0, 9999.0, 1.25, 1.5, 19.5, 9999.0, 9999.0, 9999.0, 118.5, 122.5, 118.0, 101.25, 133.25
2023-04-06, 12:05:58, 130.75, 51.25, 17.25, 25.5, 9999.0, -1.0, 1.25, 19.75, 9999.0, 9999.0, 9999.0, 118.5, 122.25, 118.0, 101.25, 133.25
2023-04-06, 12:06:02, 130.75, 51.25, 19.0, 25.75, 9999.0, 1.25, 1.5, 19.75, 9999.0, 9999.0, 9999.0, 119.25, 122.25, 118.0, 101.25, 133.25
2023-04-06, 12:06:06, 130.75, 51.25, 19.0, 25.75, 9999.0, 1.5, 1.5, 19.75, 9999.0, 9999.0, 9999.0, 119.0, 122.25, 118.0, 101.25, 133.25
2023-04-06, 12:06:10, 130.75, 51.25, 19.0, 25.75, 9999.0, 1.25, 1.5, 19.5, 9999.0, 9999.0, 9999.0, 119.0, 122.25, 118.0, 101.25, 132.25
2023-04-06, 12:06:14, 130.5, 49.5, 16.5, 26.0, 9999.0, 1.25, 1.5, 19.5, 9999.0, 9999.0, 9999.0, 119.0, 122.25, 118.0, 101.25, 133.25
2023-04-06, 12:06:18, 130.75, 51.25, 19.0, 26.0, 9999.0, 1.25, 1.5, 19.75, 9999.0, 9999.0, 9999.0, 119.0, 122.25, 118.0, 101.25, 133.25
2023-04-06, 12:06:22, 130.75, 51.25, 19.0, 26.0, 9999.0, 1.25, 1.25, 19.5, 9999.0, 9999.0, 9999.0, 119.0, 122.25, 117.75, 101.25, 133.25
2023-04-06, 12:06:26, 130.5, 51.0, 19.0, 25.75, 9999.0, 1.25, 1.5, 19.5, 9999.0, 9999.0, 9999.0, 118.25, 121.75, 117.25, 100.25, 132.75
2023-04-06, 12:06:30, 130.75, 51.25, 19.0, 25.75, 9999.0, 1.25, 1.25, 19.75, 9999.0, 9999.0, 9999.0, 118.75, 122.5, 118.0, 101.25, 133.25
2023-04-06, 12:06:34, 130.75, 51.25, 19.0, 26.0, 9999.0, 1.25, 1.5, 19.75, 9999.0, 9999.0, 9999.0, 118.75, 122.5, 117.75, 101.25, 133.25
2023-04-06, 12:06:38, 130.75, 51.25, 19.0, 25.75, 9999.0, 1.0, 1.5, 19.75, 9999.0, 9999.0, 9999.0, 118.75, 122.5, 117.75, 101.25, 133.25
2023-04-06, 12:06:42, 130.75, 51.25, 19.0, 25.75, 9999.0, 1.0, 1.5, 19.5, 9999.0, 9999.0, 9999.0, 115.5, 122.25, 117.75, 101.25, 133.25
2023-04-06, 12:06:46, 130.75, 51.25, 19.0, 26.0, 9999.0, 1.0, 1.25, 19.75, 9999.0, 9999.0, 9999.0, 118.75, 122.5, 117.75, 101.25, 133.25
2023-04-06, 12:06:50, 130.75, 51.25, 19.0, 26.0, 9999.0, 1.0, 1.25, 19.5, 9999.0, 9999.0, 9999.0, 118.75, 122.5, 118.0, 101.25, 133.25
2023-04-06, 12:06:54, 130.75, 51.25, 19.0, 26.0, 9999.0, 1.0, 1.25, 19.5, 9999.0, 9999.0, 9999.0, 118.75, 122.5, 117.75, 101.25, 133.25
2023-04-06, 12:06:58, 130.75, 51.25, 19.0, 26.0, 9999.0, 0.25, 1.25, 18.5, 9999.0, 9999.0, 9999.0, 118.75, 122.25, 118.0, 101.25, 133.25
2023-04-06, 12:07:02, 130.75, 51.25, 19.0, 26.0, 9999.0, 1.25, 1.25, 19.5, 9999.0, 9999.0, 9999.0, 118.5, 122.5, 118.0, 101.25, 133.25
2023-04-06, 12:07:06, 130.75, 51.25, 19.0, 25.75, 9999.0, 1.25, 1.25, 19.5, 9999.0, 9999.0, 9999.0, 118.5, 122.5, 118.0, 101.25, 133.25
2023-04-06, 12:07:10, 130.75, 51.25, 19.0, 25.5, 9999.0, 1.25, 1.25, 19.75, 9999.0, 9999.0, 9999.0, 118.5, 122.25, 118.0, 101.25, 133.25
2023-04-06, 12:07:14, 130.75, 50.5, 18.25, 24.75, 9999.0, 0.25, 1.5, 19.75, 9999.0, 9999.0, 9999.0, 118.25, 122.5, 118.0, 101.25, 133.25
2023-04-06, 12:07:18, 130.75, 51.25, 19.0, 25.75, 9999.0, 1.25, 1.5, 19.75, 9999.0, 9999.0, 9999.0, 119.25, 122.25, 118.0, 101.25, 133.25
2023-04-06, 12:07:22, 130.75, 51.25, 19.0, 25.75, 9999.0, 1.25, 1.5, 19.75, 9999.0, 9999.0, 9999.0, 119.25, 122.25, 118.0, 101.25, 133.25
2023-04-06, 12:07:26, 130.75, 51.25, 19.0, 25.5, 9999.0, 1.25, 1.25, 19.75, 9999.0, 9999.0, 9999.0, 119.0, 122.25, 117.75, 100.0, 133.0
2023-04-06, 12:07:30, 129.75, 47.25, 19.0, 25.5, 9999.0, 1.25, 1.25, 19.75, 9999.0, 9999.0, 9999.0, 119.0, 122.25, 118.0, 101.25, 133.25
2023-04-06, 12:07:34, 130.75, 51.25, 18.75, 25.5, 9999.0, 1.25, 1.5, 19.75, 9999.0, 9999.0, 9999.0, 119.0, 122.25, 118.0, 101.25, 133.25
2023-04-06, 12:07:38, 130.75, 51.25, 18.75, 25.75, 9999.0, 1.25, 1.5, 19.75, 9999.0, 9999.0, 9999.0, 119.0, 122.25, 118.0, 101.25, 133.0
2023-04-06, 12:07:42, 130.75, 51.0, 18.75, 26.0, 9999.0, 1.25, 1.25, 19.5, 9999.0, 9999.0, 9999.0, 118.0, 122.0, 116.5, 99.25, 133.25
2023-04-06, 12:07:46, 130.75, 51.25, 19.0, 25.75, 9999.0, 1.25, 1.5, 19.75, 9999.0, 9999.0, 9999.0, 118.75, 122.25, 117.75, 101.25, 133.25
2023-04-06, 12:07:50, 130.75, 51.25, 18.75, 26.0, 9999.0, 1.25, 1.25, 19.75, 9999.0, 9999.0, 9999.0, 119.0, 122.5, 118.0, 101.25, 133.25
2023-04-06, 12:07:54, 130.75, 51.25, 19.0, 26.0, 9999.0, 1.0, 1.25, 19.5, 9999.0, 9999.0, 9999.0, 118.75, 122.25, 117.75, 101.25, 133.25
2023-04-06, 12:07:58, 130.75, 51.25, 18.75, 25.75, 9999.0, 1.0, 1.5, 18.25, 9999.0, 9999.0, 9999.0, 118.0, 122.5, 118.0, 101.25, 133.25
2023-04-06, 12:08:02, 130.75, 51.25, 18.75, 25.75, 9999.0, 1.0, 1.25, 19.75, 9999.0, 9999.0, 9999.0, 118.75, 122.5, 118.0, 101.25, 133.25
2023-04-06, 12:08:06, 130.75, 51.25, 19.0, 25.75, 9999.0, 1.0, 1.25, 19.5, 9999.0, 9999.0, 9999.0, 118.75, 122.5, 117.75, 101.25, 133.25
2023-04-06, 12:08:10, 130.75, 51.25, 19.0, 25.5, 9999.0, 1.0, 1.25, 19.75, 9999.0, 9999.0, 9999.0, 118.75, 122.5, 118.0, 101.25, 133.25
2023-04-06, 12:08:14, 130.75, 51.25, 19.0, 25.75, 9999.0, 0.75, 0.25, 18.0, 9999.0, 9999.0, 9999.0, 118.5, 122.5, 118.0, 101.25, 133.25
2023-04-06, 12:08:19, 130.75, 51.25, 19.0, 25.75, 9999.0, 1.0, 1.25, 19.75, 9999.0, 9999.0, 9999.0, 118.5, 122.5, 118.0, 101.25, 133.25
2023-04-06, 12:08:23, 130.75, 51.25, 19.0, 25.75, 9999.0, 1.25, 1.25, 19.5, 9999.0, 9999.0, 9999.0, 118.5, 122.5, 118.0, 101.25, 133.25
2023-04-06, 12:08:27, 130.75, 51.25, 19.0, 25.75, 9999.0, 1.0, 1.25, 19.5, 9999.0, 9999.0, 9999.0, 118.5, 122.25, 118.0, 101.25, 133.25
2023-04-06, 12:08:31, 130.25, 50.5, 18.75, 24.0, 9999.0, 1.25, 1.5, 19.75, 9999.0, 9999.0, 9999.0, 118.5, 122.25, 118.0, 101.25, 133.25
2023-04-06, 12:08:35, 130.75, 51.25, 19.0, 25.75, 9999.0, 1.25, 1.5, 19.5, 9999.0, 9999.0, 9999.0, 118.5, 122.25, 118.0, 101.25, 133.25
2023-04-06, 12:08:39, 130.75, 51.25, 19.0, 25.75, 9999.0, 1.25, 1.5, 19.5, 9999.0, 9999.0, 9999.0, 119.25, 122.25, 118.0, 101.25, 133.25
2023-04-06, 12:08:43, 130.75, 51.25, 18.75, 25.75, 9999.0, 1.25, 1.25, 19.75, 9999.0, 9999.0, 9999.0, 119.0, 122.25, 116.75, 101.0, 132.0
2023-04-06, 12:08:47, 129.5, 51.0, 18.75, 25.75, 9999.0, 1.25, 1.5, 19.75, 9999.0, 9999.0, 9999.0, 119.0, 122.25, 117.75, 101.25, 133.25
2023-04-06, 12:08:51, 130.75, 51.25, 19.0, 25.75, 9999.0, 1.25, 1.5, 19.75, 9999.0, 9999.0, 9999.0, 119.0, 122.25, 118.0, 101.25, 133.25
2023-04-06, 12:08:55, 130.75, 51.25, 19.0, 25.75, 9999.0, 1.25, 1.5, 19.75, 9999.0, 9999.0, 9999.0, 119.0, 122.25, 118.0, 101.25, 133.25
2023-04-06, 12:08:59, 130.75, 51.25, 19.0, 25.75, 9999.0, 1.25, 1.25, 19.5, 9999.0, 9999.0, 9999.0, 118.75, 121.0, 115.0, 101.25, 133.25
2023-04-06, 12:09:03, 130.75, 51.25, 19.0, 25.75, 9999.0, 1.25, 1.25, 19.75, 9999.0, 9999.0, 9999.0, 118.75, 122.25, 117.75, 101.25, 133.25
2023-04-06, 12:09:07, 130.75, 51.25, 19.0, 25.75, 9999.0, 1.25, 1.5, 19.75, 9999.0, 9999.0, 9999.0, 118.75, 122.5, 117.75, 101.25, 133.25
2023-04-06, 12:09:11, 130.75, 51.25, 19.0, 26.0, 9999.0, 1.0, 1.5, 19.5, 9999.0, 9999.0, 9999.0, 118.75, 122.5, 117.75, 101.5, 133.25
2023-04-06, 12:09:15, 130.75, 51.25, 18.75, 25.75, 9999.0, 1.0, 1.25, 19.0, 9999.0, 9999.0, 9999.0, 118.75, 122.5, 117.75, 101.25, 133.25
2023-04-06, 12:09:19, 130.75, 51.25, 19.0, 26.0, 9999.0, 1.0, 1.25, 19.75, 9999.0, 9999.0, 9999.0, 118.75, 122.5, 118.0, 101.25, 133.25
2023-04-06, 12:09:23, 130.75, 51.25, 18.75, 26.0, 9999.0, 1.0, 1.5, 19.75, 9999.0, 9999.0, 9999.0, 118.75, 122.5, 117.75, 101.25, 133.25
2023-04-06, 12:09:27, 130.75, 51.25, 18.75, 26.0, 9999.0, 1.0, 1.25, 19.75, 9999.0, 9999.0, 9999.0, 118.75, 122.5, 117.75, 101.25, 133.25
2023-04-06, 12:09:31, 130.75, 51.25, 18.75, 24.5, 9999.0, -0.25, -0.5, 19.5, 9999.0, 9999.0, 9999.0, 118.75, 122.5, 117.75, 101.25, 133.25
2023-04-06, 12:09:35, 130.75, 51.25, 19.0, 26.0, 9999.0, 1.0, 1.25, 19.75, 9999.0, 9999.0, 9999.0, 118.75, 122.5, 117.75, 101.25, 133.25
2023-04-06, 12:09:39, 130.75, 51.25, 19.0, 26.0, 9999.0, 1.0, 1.25, 19.75, 9999.0, 9999.0, 9999.0, 118.5, 122.5, 118.0, 101.25, 133.25
2023-04-06, 12:09:43, 130.75, 51.25, 19.0, 25.75, 9999.0, 1.25, 1.25, 19.5, 9999.0, 9999.0, 9999.0, 118.5, 122.25, 118.0, 101.25, 133.25
2023-04-06, 12:09:47, 130.0, 51.0, 17.75, 23.25, 9999.0, 1.25, 1.25, 19.5, 9999.0, 9999.0, 9999.0, 118.5, 122.5, 117.75, 101.25, 133.25
2023-04-06, 12:09:51, 130.75, 51.25, 19.0, 25.5, 9999.0, 1.25, 1.5, 19.5, 9999.0, 9999.0, 9999.0, 118.5, 122.5, 118.0, 101.25, 133.25
2023-04-06, 12:09:55, 130.75, 51.25, 19.0, 25.5, 9999.0, 1.25, 1.25, 19.75, 9999.0, 9999.0, 9999.0, 118.5, 122.25, 118.0, 101.25, 133.25
2023-04-06, 12:09:59, 130.75, 51.0, 18.75, 25.5, 9999.0, 1.25, 1.5, 19.75, 9999.0, 9999.0, 9999.0, 119.25, 121.25, 117.0, 100.75, 131.75
2023-04-06, 12:10:03, 130.0, 51.25, 19.0, 25.75, 9999.0, 1.25, 1.5, 19.75, 9999.0, 9999.0, 9999.0, 119.0, 122.25, 118.0, 101.25, 133.25
2023-04-06, 12:10:07, 130.75, 51.25, 19.0, 25.75, 9999.0, 1.25, 1.5, 19.5, 9999.0, 9999.0, 9999.0, 119.0, 122.25, 118.0, 101.25, 133.25
2023-04-06, 12:10:11, 130.75, 51.25, 19.0, 25.75, 9999.0, 1.25, 1.5, 19.75, 9999.0, 9999.0, 9999.0, 119.0, 122.25, 117.75, 101.25, 133.25
2023-04-06, 12:10:15, 130.75, 51.25, 19.0, 25.75, 9999.0, 1.25, 1.25, 19.5, 9999.0, 9999.0, 9999.0, 117.75, 119.0, 117.75, 101.25, 133.25
2023-04-06, 12:10:19, 130.75, 51.25, 19.0, 25.75, 9999.0, 1.25, 1.5, 19.75, 9999.0, 9999.0, 9999.0, 119.0, 122.25, 117.75, 101.25, 133.25
2023-04-06, 12:10:23, 130.75, 51.25, 19.0, 25.75, 9999.0, 1.25, 1.5, 19.75, 9999.0, 9999.0, 9999.0, 118.75, 122.25, 117.75, 101.25, 133.25
2023-04-06, 12:10:27, 130.75, 51.25, 18.75, 25.75, 9999.0, 1.0, 1.5, 19.75, 9999.0, 9999.0, 9999.0, 118.75, 122.5, 117.75, 101.25, 133.25
2023-04-06, 12:10:31, 130.75, 51.25, 19.0, 25.75, 9999.0, 1.0, 0.75, 19.25, 9999.0, 9999.0, 9999.0, 118.75, 122.5, 117.75, 101.5, 133.25
2023-04-06, 12:10:35, 130.75, 51.25, 19.0, 25.75, 9999.0, 1.25, 1.25, 19.75, 9999.0, 9999.0, 9999.0, 118.75, 122.5, 117.75, 101.5, 133.25
2023-04-06, 12:10:39, 130.75, 51.25, 19.0, 25.75, 9999.0, 1.25, 1.25, 19.5, 9999.0, 9999.0, 9999.0, 118.75, 122.25, 117.75, 101.5, 133.25
2023-04-06, 12:10:43, 130.75, 51.25, 19.0, 25.75, 9999.0, 1.0, 1.5, 19.5, 9999.0, 9999.0, 9999.0, 118.75, 122.5, 117.75, 101.25, 133.25
2023-04-06, 12:10:47, 130.75, 51.25, 17.25, 25.25, 9999.0, -0.75, 1.0, 19.75, 9999.0, 9999.0, 9999.0, 118.75, 122.25, 117.75, 101.5, 133.25
2023-04-06, 12:10:51, 130.75, 51.25, 19.0, 25.75, 9999.0, 1.0, 1.25, 19.75, 9999.0, 9999.0, 9999.0, 118.75, 122.25, 117.75, 101.5, 133.25
2023-04-06, 12:10:55, 130.75, 51.25, 19.0, 25.75, 9999.0, 1.0, 1.5, 19.75, 9999.0, 9999.0, 9999.0, 118.75, 122.25, 117.75, 101.25, 133.25
2023-04-06, 12:10:59, 130.75, 51.25, 19.0, 25.75, 9999.0, 1.0, 1.5, 19.75, 9999.0, 9999.0, 9999.0, 118.5, 122.25, 118.0, 101.25, 131.5
2023-04-06, 12:11:03, 130.5, 50.25, 16.5, 25.75, 9999.0, 1.25, 1.5, 19.75, 9999.0, 9999.0, 9999.0, 118.5, 122.25, 118.0, 101.5, 133.25
2023-04-06, 12:11:07, 130.75, 51.25, 19.0, 26.0, 9999.0, 1.25, 1.25, 19.75, 9999.0, 9999.0, 9999.0, 118.5, 122.25, 118.0, 101.25, 133.5
2023-04-06, 12:11:11, 130.75, 51.25, 19.0, 26.0, 9999.0, 1.25, 1.5, 19.75, 9999.0, 9999.0, 9999.0, 118.5, 122.25, 117.75, 101.5, 133.25
2023-04-06, 12:11:15, 130.5, 51.25, 19.0, 26.0, 9999.0, 1.5, 1.5, 19.75, 9999.0, 9999.0, 9999.0, 117.5, 121.5, 117.75, 100.25, 131.75
2023-04-06, 12:11:19, 130.75, 51.25, 19.0, 26.0, 9999.0, 1.25, 1.5, 19.5, 9999.0, 9999.0, 9999.0, 119.25, 122.25, 118.0, 101.25, 133.25
2023-04-06, 12:11:23, 130.75, 51.25, 19.0, 26.0, 9999.0, 1.25, 1.5, 19.75, 9999.0, 9999.0, 9999.0, 119.0, 122.25, 117.75, 101.25, 133.25
2023-04-06, 12:11:27, 130.75, 51.25, 19.0, 26.0, 9999.0, 1.25, 1.5, 19.75, 9999.0, 9999.0, 9999.0, 119.0, 122.25, 117.75, 101.25, 133.25
2023-04-06, 12:11:31, 130.75, 51.25, 19.0, 26.0, 9999.0, 1.25, 1.5, 19.5, 9999.0, 9999.0, 9999.0, 117.5, 122.25, 118.0, 101.5, 133.25
2023-04-06, 12:11:35, 130.75, 51.25, 19.0, 26.0, 9999.0, 1.25, 1.5, 19.75, 9999.0, 9999.0, 9999.0, 119.0, 122.25, 117.75, 101.25, 133.25
2023-04-06, 12:11:39, 130.75, 51.25, 19.0, 26.0, 9999.0, 1.25, 1.5, 19.75, 9999.0, 9999.0, 9999.0, 119.0, 122.25, 118.0, 101.25, 133.25
2023-04-06, 12:11:43, 130.75, 51.25, 19.0, 25.75, 9999.0, 1.25, 1.5, 19.75, 9999.0, 9999.0, 9999.0, 118.75, 122.25, 117.75, 101.5, 133.25
2023-04-06, 12:11:47, 130.75, 51.25, 19.0, 25.75, 9999.0, 0.25, 1.25, 18.25, 9999.0, 9999.0, 9999.0, 118.75, 122.5, 117.75, 101.5, 133.25
2023-04-06, 12:11:51, 130.75, 51.25, 19.0, 25.75, 9999.0, 1.25, 1.5, 19.75, 9999.0, 9999.0, 9999.0, 118.75, 122.5, 117.75, 101.5, 133.25
2023-04-06, 12:11:55, 130.75, 51.25, 19.0, 25.75, 9999.0, 1.0, 1.5, 19.75, 9999.0, 9999.0, 9999.0, 118.75, 122.5, 117.75, 101.5, 133.25
2023-04-06, 12:11:59, 130.75, 51.25, 19.0, 25.75, 9999.0, 1.0, 1.25, 19.75, 9999.0, 9999.0, 9999.0, 118.75, 122.5, 117.75, 101.25, 133.25
2023-04-06, 12:12:03, 130.75, 50.75, 18.25, 25.25, 9999.0, 0.5, 1.5, 19.75, 9999.0, 9999.0, 9999.0, 118.75, 122.5, 117.75, 101.25, 133.25
2023-04-06, 12:12:07, 130.75, 51.25, 19.0, 26.0, 9999.0, 1.0, 1.5, 19.75, 9999.0, 9999.0, 9999.0, 118.75, 122.5, 117.75, 101.25, 133.25
2023-04-06, 12:12:11, 130.75, 51.25, 19.0, 26.0, 9999.0, 1.0, 1.5, 19.75, 9999.0, 9999.0, 9999.0, 118.75, 122.5, 117.75, 101.25, 133.25
2023-04-06, 12:12:15, 130.75, 51.25, 19.0, 25.75, 9999.0, 1.0, 1.5, 19.75, 9999.0, 9999.0, 9999.0, 118.75, 122.25, 118.0, 100.25, 133.0
2023-04-06, 12:12:19, 129.75, 48.75, 18.75, 25.75, 9999.0, 1.25, 1.25, 19.75, 9999.0, 9999.0, 9999.0, 118.5, 122.25, 117.75, 101.25, 133.25
2023-04-06, 12:12:23, 130.75, 51.25, 19.0, 26.0, 9999.0, 1.25, 1.5, 19.75, 9999.0, 9999.0, 9999.0, 118.5, 122.25, 118.0, 101.5, 133.25
2023-04-06, 12:12:27, 130.75, 51.25, 19.0, 26.0, 9999.0, 1.25, 1.5, 19.75, 9999.0, 9999.0, 9999.0, 118.5, 122.25, 117.75, 101.25, 133.0
2023-04-06, 12:12:31, 130.75, 51.25, 19.0, 26.0, 9999.0, 1.5, 1.5, 19.75, 9999.0, 9999.0, 9999.0, 117.75, 122.0, 116.5, 100.75, 133.25
2023-04-06, 12:12:35, 130.75, 51.25, 19.0, 26.0, 9999.0, 1.5, 1.5, 19.75, 9999.0, 9999.0, 9999.0, 118.5, 122.25, 117.75, 101.5, 133.25
2023-04-06, 12:12:39, 130.75, 51.25, 19.0, 26.0, 9999.0, 1.5, 1.5, 19.75, 9999.0, 9999.0, 9999.0, 119.25, 122.25, 117.75, 101.25, 133.25
2023-04-06, 12:12:43, 130.75, 51.25, 19.0, 26.0, 9999.0, 1.25, 1.5, 19.75, 9999.0, 9999.0, 9999.0, 119.0, 122.25, 117.75, 101.25, 133.25
2023-04-06, 12:12:48, 130.75, 51.25, 19.0, 26.0, 9999.0, 1.25, 1.5, 18.5, 9999.0, 9999.0, 9999.0, 118.25, 122.25, 117.75, 101.25, 133.25
2023-04-06, 12:12:52, 130.75, 51.25, 19.0, 26.0, 9999.0, 1.25, 1.5, 19.75, 9999.0, 9999.0, 9999.0, 119.0, 122.25, 117.75, 101.5, 133.25
2023-04-06, 12:12:56, 130.75, 51.25, 19.0, 25.75, 9999.0, 1.25, 1.5, 19.75, 9999.0, 9999.0, 9999.0, 119.0, 122.25, 117.75, 101.25, 133.25
2023-04-06, 12:13:00, 130.75, 51.25, 19.0, 25.75, 9999.0, 1.25, 1.5, 19.75, 9999.0, 9999.0, 9999.0, 119.0, 122.25, 117.75, 101.25, 133.25
2023-04-06, 12:13:04, 130.75, 51.25, 19.0, 25.75, 9999.0, 1.0, 0.25, 17.0, 9999.0, 9999.0, 9999.0, 118.75, 122.25, 117.75, 101.25, 133.25
2023-04-06, 12:13:08, 130.75, 51.25, 18.75, 25.75, 9999.0, 1.25, 1.5, 19.75, 9999.0, 9999.0, 9999.0, 118.75, 122.5, 117.75, 101.25, 133.25
2023-04-06, 12:13:12, 130.75, 51.25, 18.75, 26.0, 9999.0, 1.25, 1.5, 19.75, 9999.0, 9999.0, 9999.0, 118.75, 122.5, 117.75, 101.5, 133.25
2023-04-06, 12:13:16, 130.75, 51.5, 18.75, 25.75, 9999.0, 1.0, 1.5, 19.75, 9999.0, 9999.0, 9999.0, 118.75, 122.25, 117.75, 101.25, 133.25
2023-04-06, 12:13:20, 130.5, 50.5, 18.25, 24.25, 9999.0, 1.25, 1.5, 19.75, 9999.0, 9999.0, 9999.0, 118.75, 122.5, 117.75, 101.5, 133.25
2023-04-06, 12:13:24, 130.75, 51.25, 19.0, 26.0, 9999.0, 1.25, 1.5, 19.75, 9999.0, 9999.0, 9999.0, 118.75, 122.5, 117.75, 101.25, 133.25
2023-04-06, 12:13:28, 130.75, 51.25, 19.0, 26.0, 9999.0, 1.0, 1.5, 19.75, 9999.0, 9999.0, 9999.0, 118.75, 122.5, 118.0, 101.5, 133.25
2023-04-06, 12:13:32, 130.75, 51.25, 19.0, 26.0, 9999.0, 1.0, 1.5, 19.75, 9999.0, 9999.0, 9999.0, 118.75, 122.5, 116.5, 101.25, 132.25
2023-04-06, 12:13:36, 128.75, 51.0, 19.0, 26.0, 9999.0, 1.0, 1.5, 19.75, 9999.0, 9999.0, 9999.0, 118.5, 122.5, 117.75, 101.5, 133.25
2023-04-06, 12:13:40, 130.75, 51.25, 18.75, 26.0, 9999.0, 1.25, 1.5, 19.75, 9999.0, 9999.0, 9999.0, 118.5, 122.5, 118.0, 101.25, 133.25
2023-04-06, 12:13:44, 130.75, 51.25, 19.0, 26.0, 9999.0, 1.25, 1.5, 19.75, 9999.0, 9999.0, 9999.0, 118.5, 122.25, 118.0, 101.25, 133.25
2023-04-06, 12:13:48, 130.75, 51.25, 19.0, 25.75, 9999.0, 1.25, 1.5, 19.75, 9999.0, 9999.0, 9999.0, 118.25, 121.25, 115.25, 101.5, 133.25
2023-04-06, 12:13:52, 130.75, 51.25, 18.75, 25.75, 9999.0, 1.5, 1.5, 19.75, 9999.0, 9999.0, 9999.0, 118.5, 122.25, 117.75, 101.25, 133.25
2023-04-06, 12:13:56, 130.75, 51.25, 19.0, 26.0, 9999.0, 1.5, 1.5, 19.75, 9999.0, 9999.0, 9999.0, 119.25, 122.25, 118.0, 101.25, 133.25
2023-04-06, 12:14:00, 130.75, 51.25, 19.0, 26.0, 9999.0, 1.25, 1.5, 19.75, 9999.0, 9999.0, 9999.0, 119.0, 122.25, 117.75, 101.25, 133.25
2023-04-06, 12:14:04, 130.75, 51.25, 18.75, 26.0, 9999.0, 1.25, 0.0, 19.0, 9999.0, 9999.0, 9999.0, 119.0, 122.25, 117.75, 101.25, 133.25
2023-04-06, 12:14:08, 130.75, 51.25, 19.0, 26.0, 9999.0, 1.25, 1.5, 19.75, 9999.0, 9999.0, 9999.0, 119.0, 122.25, 117.75, 101.25, 133.25
2023-04-06, 12:14:12, 130.75, 51.25, 19.0, 26.0, 9999.0, 1.25, 1.5, 19.75, 9999.0, 9999.0, 9999.0, 119.0, 122.25, 117.75, 101.5, 133.25
2023-04-06, 12:14:16, 130.75, 51.25, 19.0, 26.0, 9999.0, 1.25, 1.5, 19.75, 9999.0, 9999.0, 9999.0, 119.0, 122.25, 117.75, 101.25, 133.25
2023-04-06, 12:14:20, 130.75, 51.25, 18.75, 24.25, 9999.0, 0.0, -0.25, 19.75, 9999.0, 9999.0, 9999.0, 118.75, 122.25, 117.75, 101.25, 133.25
2023-04-06, 12:14:24, 130.75, 51.25, 18.75, 26.0, 9999.0, 1.25, 1.5, 19.75, 9999.0, 9999.0, 9999.0, 118.75, 122.25, 117.75, 101.25, 133.25
2023-04-06, 12:14:28, 130.75, 51.25, 19.0, 26.0, 9999.0, 1.25, 1.5, 19.75, 9999.0, 9999.0, 9999.0, 118.75, 122.5, 118.0, 101.25, 133.25
2023-04-06, 12:14:32, 130.75, 51.25, 19.0, 26.0, 9999.0, 1.25, 1.5, 19.75, 9999.0, 9999.0, 9999.0, 118.75, 122.5, 117.75, 101.25, 133.0
2023-04-06, 12:14:36, 130.0, 51.0, 17.25, 23.5, 9999.0, 1.25, 1.5, 19.75, 9999.0, 9999.0, 9999.0, 118.75, 122.5, 117.75, 101.25, 133.25
2023-04-06, 12:14:40, 130.75, 51.25, 19.0, 26.0, 9999.0, 1.25, 1.5, 19.75, 9999.0, 9999.0, 9999.0, 118.75, 122.5, 118.0, 101.5, 133.25
2023-04-06, 12:14:44, 130.75, 51.25, 19.0, 25.75, 9999.0, 1.0, 1.5, 19.75, 9999.0, 9999.0, 9999.0, 118.75, 122.5, 118.0, 101.5, 133.25
2023-04-06, 12:14:48, 130.75, 51.0, 19.0, 25.75, 9999.0, 1.0, 1.5, 19.75, 9999.0, 9999.0, 9999.0, 118.75, 121.5, 117.5, 100.75, 132.0
2023-04-06, 12:14:52, 130.5, 51.25, 19.0, 26.0, 9999.0, 1.0, 1.5, 19.5, 9999.0, 9999.0, 9999.0, 118.75, 122.5, 118.0, 101.5, 133.25
2023-04-06, 12:14:56, 130.75, 51.25, 19.0, 25.75, 9999.0, 1.0, 1.5, 19.75, 9999.0, 9999.0, 9999.0, 118.5, 122.5, 118.0, 101.25, 133.25
2023-04-06, 12:15:00, 130.75, 51.25, 18.75, 25.75, 9999.0, 1.25, 1.5, 19.75, 9999.0, 9999.0, 9999.0, 118.5, 122.25, 117.75, 101.25, 133.25
2023-04-06, 12:15:04, 130.75, 51.25, 19.0, 26.0, 9999.0, 1.25, 1.5, 19.5, 9999.0, 9999.0, 9999.0, 117.25, 119.25, 117.75, 101.25, 133.25
2023-04-06, 12:15:08, 130.75, 51.25, 19.0, 26.0, 9999.0, 1.25, 1.5, 19.75, 9999.0, 9999.0, 9999.0, 118.5, 122.5, 117.75, 101.5, 133.25
2023-04-06, 12:15:12, 130.75, 51.25, 19.0, 25.75, 9999.0, 1.25, 1.5, 19.75, 9999.0, 9999.0, 9999.0, 118.5, 122.25, 118.0, 101.5, 133.25
2023-04-06, 12:15:16, 130.75, 51.25, 19.0, 26.0, 9999.0, 1.5, 1.5, 19.75, 9999.0, 9999.0, 9999.0, 119.0, 122.25, 117.75, 101.5, 133.25
2023-04-06, 12:15:20, 130.75, 51.25, 19.0, 26.0, 9999.0, 1.25, 0.75, 19.5, 9999.0, 9999.0, 9999.0, 119.0, 122.5, 117.75, 101.5, 133.25
2023-04-06, 12:15:24, 130.75, 51.25, 19.0, 26.0, 9999.0, 1.25, 1.5, 19.75, 9999.0, 9999.0, 9999.0, 119.0, 122.25, 117.75, 101.5, 133.25
2023-04-06, 12:15:28, 130.75, 51.25, 18.75, 25.75, 9999.0, 1.25, 1.5, 19.75, 9999.0, 9999.0, 9999.0, 119.0, 122.5, 118.0, 101.5, 133.25
2023-04-06, 12:15:32, 130.75, 51.25, 18.75, 25.75, 9999.0, 1.25, 1.5, 19.5, 9999.0, 9999.0, 9999.0, 119.0, 122.25, 118.0, 101.25, 133.25
2023-04-06, 12:15:36, 130.75, 51.0, 17.25, 25.0, 9999.0, -0.75, 1.0, 19.5, 9999.0, 9999.0, 9999.0, 119.0, 122.5, 118.0, 101.5, 133.25
2023-04-06, 12:15:40, 130.75, 51.25, 19.0, 25.75, 9999.0, 1.25, 1.5, 19.5, 9999.0, 9999.0, 9999.0, 118.75, 122.25, 117.75, 101.5, 133.25
2023-04-06, 12:15:44, 130.75, 51.25, 19.0, 26.0, 9999.0, 1.25, 1.5, 19.75, 9999.0, 9999.0, 9999.0, 118.75, 122.5, 117.75, 101.5, 133.25
2023-04-06, 12:15:48, 130.75, 51.25, 19.0, 26.0, 9999.0, 1.25, 1.5, 19.5, 9999.0, 9999.0, 9999.0, 118.75, 122.5, 117.75, 101.5, 132.25
2023-04-06, 12:15:52, 130.5, 50.25, 16.25, 26.0, 9999.0, 1.25, 1.5, 19.75, 9999.0, 9999.0, 9999.0, 118.75, 122.5, 118.0, 101.25, 133.5
2023-04-06, 12:15:56, 130.75, 51.25, 19.0, 26.0, 9999.0, 1.25, 1.5, 19.75, 9999.0, 9999.0, 9999.0, 118.75, 122.5, 118.0, 101.25, 133.25
2023-04-06, 12:16:00, 130.75, 51.25, 18.75, 26.0, 9999.0, 1.25, 1.5, 19.75, 9999.0, 9999.0, 9999.0, 118.75, 122.5, 118.0, 101.5, 133.25
2023-04-06, 12:16:04, 130.5, 51.0, 19.0, 25.75, 9999.0, 1.25, 1.25, 19.75, 9999.0, 9999.0, 9999.0, 118.5, 121.75, 117.5, 100.0, 129.75
2023-04-06, 12:16:08, 130.75, 51.25, 18.75, 25.5, 9999.0, 1.0, 1.5, 19.5, 9999.0, 9999.0, 9999.0, 118.75, 122.5, 117.75, 101.5, 133.25
2023-04-06, 12:16:12, 130.75, 51.25, 19.0, 25.5, 9999.0, 1.0, 1.5, 19.5, 9999.0, 9999.0, 9999.0, 118.75, 122.5, 117.75, 101.25, 133.25
2023-04-06, 12:16:16, 130.75, 51.25, 19.0, 25.75, 9999.0, 1.0, 1.25, 19.5, 9999.0, 9999.0, 9999.0, 118.5, 122.5, 117.75, 101.25, 133.25
2023-04-06, 12:16:20, 130.75, 51.25, 19.0, 25.75, 9999.0, 1.25, 1.25, 19.5, 9999.0, 9999.0, 9999.0, 116.5, 122.25, 117.75, 101.5, 133.25
2023-04-06, 12:16:24, 130.75, 51.25, 19.0, 25.75, 9999.0, 1.25, 1.5, 19.75, 9999.0, 9999.0, 9999.0, 118.5, 122.5, 118.0, 101.25, 133.25
2023-04-06, 12:16:28, 130.75, 51.25, 19.0, 26.0, 9999.0, 1.5, 1.5, 19.75, 9999.0, 9999.0, 9999.0, 118.5, 122.5, 118.0, 101.25, 133.25
2023-04-06, 12:16:32, 130.75, 51.25, 19.0, 26.0, 9999.0, 1.5, 1.5, 19.75, 9999.0, 9999.0, 9999.0, 118.5, 122.5, 118.0, 101.25, 133.25
2023-04-06, 12:16:36, 130.75, 51.25, 18.75, 26.0, 9999.0, 0.25, 1.0, 18.75, 9999.0, 9999.0, 9999.0, 119.25, 122.25, 118.0, 101.25, 133.25
2023-04-06, 12:16:40, 130.75, 51.25, 18.75, 26.0, 9999.0, 1.25, 1.5, 19.75, 9999.0, 9999.0, 9999.0, 119.25, 122.5, 117.75, 101.25, 133.25
2023-04-06, 12:16:44, 130.75, 51.25, 19.0, 25.75, 9999.0, 1.25, 1.5, 19.75, 9999.0, 9999.0, 9999.0, 119.0, 122.25, 117.75, 101.25, 133.25
2023-04-06, 12:16:48, 130.75, 51.25, 19.0, 26.0, 9999.0, 1.25, 1.25, 19.5, 9999.0, 9999.0, 9999.0, 119.0, 122.25, 117.75, 101.25, 133.25
2023-04-06, 12:16:52, 130.75, 50.25, 18.0, 25.25, 9999.0, 0.5, 1.25, 19.75, 9999.0, 9999.0, 9999.0, 119.0, 122.25, 117.75, 101.5, 133.25
2023-04-06, 12:16:56, 130.75, 51.25, 18.75, 25.75, 9999.0, 1.25, 1.5, 19.75, 9999.0, 9999.0, 9999.0, 118.75, 122.25, 117.75, 101.25, 133.25
2023-04-06, 12:17:00, 130.5, 51.25, 19.0, 25.75, 9999.0, 1.25, 1.5, 19.75, 9999.0, 9999.0, 9999.0, 118.75, 122.5, 117.75, 101.5, 133.25
2023-04-06, 12:17:04, 130.75, 51.25, 19.0, 25.75, 9999.0, 1.0, 1.5, 19.75, 9999.0, 9999.0, 9999.0, 118.75, 122.5, 117.75, 100.0, 133.0
2023-04-06, 12:17:08, 129.5, 49.0, 18.75, 26.0, 9999.0, 1.25, 1.25, 19.75, 9999.0, 9999.0, 9999.0, 118.75, 122.5, 118.0, 101.25, 133.25
2023-04-06, 12:17:12, 130.75, 51.25, 19.0, 26.0, 9999.0, 1.0, 1.25, 19.5, 9999.0, 9999.0, 9999.0, 118.75, 122.5, 118.0, 101.25, 133.25
2023-04-06, 12:17:17, 130.75, 51.25, 19.0, 25.75, 9999.0, 1.0, 1.5, 19.5, 9999.0, 9999.0, 9999.0, 118.75, 122.5, 118.0, 101.25, 133.25
2023-04-06, 12:17:21, 130.75, 51.0, 18.75, 25.75, 9999.0, 1.25, 1.25, 19.5, 9999.0, 9999.0, 9999.0, 118.0, 122.25, 116.25, 99.75, 133.25
2023-04-06, 12:17:25, 130.75, 51.25, 19.0, 25.75, 9999.0, 1.0, 1.25, 19.75, 9999.0, 9999.0, 9999.0, 118.75, 122.5, 117.75, 101.25, 133.25
2023-04-06, 12:17:29, 130.5, 51.25, 19.0, 25.75, 9999.0, 1.0, 1.25, 19.5, 9999.0, 9999.0, 9999.0, 118.75, 122.5, 117.75, 101.25, 133.25
2023-04-06, 12:17:33, 130.75, 51.0, 18.75, 25.75, 9999.0, 1.0, 1.5, 19.5, 9999.0, 9999.0, 9999.0, 118.5, 122.25, 117.75, 101.25, 133.25
2023-04-06, 12:17:37, 130.5, 51.0, 18.75, 26.0, 9999.0, 1.25, 1.25, 19.0, 9999.0, 9999.0, 9999.0, 118.0, 122.25, 118.0, 101.25, 133.25
2023-04-06, 12:17:41, 130.5, 51.0, 18.75, 26.0, 9999.0, 1.25, 1.5, 19.5, 9999.0, 9999.0, 9999.0, 118.5, 122.5, 118.0, 101.25, 133.25
2023-04-06, 12:17:45, 130.75, 51.0, 18.75, 26.0, 9999.0, 1.25, 1.25, 19.5, 9999.0, 9999.0, 9999.0, 118.5, 122.25, 118.0, 101.25, 133.25
2023-04-06, 12:17:49, 130.75, 51.0, 18.75, 26.0, 9999.0, 1.25, 1.5, 19.5, 9999.0, 9999.0, 9999.0, 118.5, 122.25, 117.75, 101.5, 133.25
2023-04-06, 12:17:53, 130.5, 51.0, 18.75, 25.75, 9999.0, 1.0, 0.25, 17.25, 9999.0, 9999.0, 9999.0, 119.25, 122.25, 117.75, 101.25, 133.25
2023-04-06, 12:17:57, 130.75, 51.0, 19.0, 25.75, 9999.0, 1.25, 1.25, 19.5, 9999.0, 9999.0, 9999.0, 119.0, 122.25, 117.75, 101.25, 133.25
2023-04-06, 12:18:01, 130.75, 51.25, 19.0, 25.5, 9999.0, 1.25, 1.25, 19.75, 9999.0, 9999.0, 9999.0, 119.0, 122.5, 117.75, 101.25, 133.25
2023-04-06, 12:18:05, 130.75, 51.0, 19.0, 25.75, 9999.0, 1.0, 1.25, 19.5, 9999.0, 9999.0, 9999.0, 119.0, 122.25, 117.75, 101.25, 133.25
2023-04-06, 12:18:09, 130.5, 50.25, 18.5, 24.25, 9999.0, 1.25, 1.25, 19.5, 9999.0, 9999.0, 9999.0, 118.75, 122.25, 118.0, 101.25, 133.25
2023-04-06, 12:18:13, 130.75, 51.25, 19.0, 25.75, 9999.0, 1.25, 1.5, 19.75, 9999.0, 9999.0, 9999.0, 118.75, 122.25, 117.75, 101.25, 133.25
2023-04-06, 12:18:17, 130.5, 51.0, 18.75, 25.5, 9999.0, 1.25, 1.25, 19.5, 9999.0, 9999.0, 9999.0, 118.75, 122.25, 117.75, 101.25, 133.25
2023-04-06, 12:18:21, 130.75, 51.25, 18.75, 25.75, 9999.0, 1.25, 1.25, 19.5, 9999.0, 9999.0, 9999.0, 118.75, 122.25, 116.25, 100.75, 131.75
2023-04-06, 12:18:25, 128.75, 50.5, 18.75, 25.75, 9999.0, 1.0, 1.25, 19.75, 9999.0, 9999.0, 9999.0, 118.75, 122.5, 117.75, 101.25, 133.25
2023-04-06, 12:18:29, 130.5, 51.25, 18.75, 26.0, 9999.0, 1.0, 1.25, 19.5, 9999.0, 9999.0, 9999.0, 118.75, 122.5, 118.0, 101.25, 133.25
2023-04-06, 12:18:33, 130.5, 51.25, 19.0, 25.75, 9999.0, 1.0, 1.25, 19.5, 9999.0, 9999.0, 9999.0, 118.75, 122.5, 117.75, 101.25, 133.0
2023-04-06, 12:18:37, 130.5, 51.25, 18.75, 25.75, 9999.0, 1.0, 1.25, 19.75, 9999.0, 9999.0, 9999.0, 118.5, 121.25, 115.5, 101.25, 133.25
2023-04-06, 12:18:41, 130.5, 51.25, 18.75, 25.75, 9999.0, 1.0, 1.25, 19.75, 9999.0, 9999.0, 9999.0, 118.75, 122.5, 117.75, 101.25, 133.25
2023-04-06, 12:18:45, 130.5, 51.25, 18.75, 25.75, 9999.0, 1.0, 1.25, 19.75, 9999.0, 9999.0, 9999.0, 118.5, 122.5, 118.0, 101.25, 133.25
2023-04-06, 12:18:49, 130.75, 51.25, 18.75, 25.5, 9999.0, 1.0, 1.25, 19.5, 9999.0, 9999.0, 9999.0, 118.5, 122.5, 117.75, 101.25, 133.25
2023-04-06, 12:18:53, 130.75, 51.0, 18.75, 25.5, 9999.0, 1.0, 0.75, 19.0, 9999.0, 9999.0, 9999.0, 118.5, 122.5, 118.0, 101.25, 133.25
2023-04-06, 12:18:57, 130.5, 51.0, 18.75, 25.5, 9999.0, 1.0, 1.25, 19.5, 9999.0, 9999.0, 9999.0, 118.5, 122.5, 117.75, 101.25, 133.25
2023-04-06, 12:19:01, 130.5, 51.0, 18.75, 25.75, 9999.0, 1.0, 1.25, 19.5, 9999.0, 9999.0, 9999.0, 118.5, 122.5, 118.0, 101.25, 133.25
2023-04-06, 12:19:05, 130.75, 51.25, 19.0, 25.75, 9999.0, 1.25, 1.25, 19.5, 9999.0, 9999.0, 9999.0, 118.5, 122.25, 118.0, 101.25, 133.25
2023-04-06, 12:19:09, 130.5, 51.0, 18.75, 24.5, 9999.0, 0.25, -1.0, 19.5, 9999.0, 9999.0, 9999.0, 118.25, 122.5, 118.0, 101.25, 133.25
2023-04-06, 12:19:13, 130.5, 51.0, 18.75, 25.75, 9999.0, 1.25, 1.25, 19.5, 9999.0, 9999.0, 9999.0, 119.0, 122.25, 118.0, 101.25, 133.25
2023-04-06, 12:19:17, 130.75, 51.0, 18.75, 25.75, 9999.0, 1.25, 1.25, 19.5, 9999.0, 9999.0, 9999.0, 119.0, 122.25, 118.0, 101.25, 133.25
2023-04-06, 12:19:21, 130.75, 51.0, 18.75, 25.75, 9999.0, 1.25, 1.25, 19.75, 9999.0, 9999.0, 9999.0, 119.0, 122.25, 117.75, 101.25, 133.0
2023-04-06, 12:19:25, 129.75, 50.75, 17.5, 22.5, 9999.0, 1.25, 1.5, 19.5, 9999.0, 9999.0, 9999.0, 119.0, 122.25, 117.75, 101.25, 133.25
2023-04-06, 12:19:29, 130.5, 51.0, 19.0, 25.75, 9999.0, 1.25, 1.5, 19.5, 9999.0, 9999.0, 9999.0, 118.75, 122.25, 117.75, 101.25, 133.25
2023-04-06, 12:19:33, 130.75, 51.0, 18.75, 25.75, 9999.0, 1.25, 1.25, 19.75, 9999.0, 9999.0, 9999.0, 118.75, 122.25, 117.75, 101.25, 133.25
2023-04-06, 12:19:37, 130.5, 51.0, 18.75, 25.5, 9999.0, 1.0, 1.25, 19.5, 9999.0, 9999.0, 9999.0, 118.75, 120.5, 117.0, 101.0, 131.25
2023-04-06, 12:19:41, 130.0, 51.0, 18.75, 25.75, 9999.0, 1.0, 1.25, 19.5, 9999.0, 9999.0, 9999.0, 118.75, 122.5, 117.75, 101.25, 133.25
2023-04-06, 12:19:45, 130.5, 51.0, 18.75, 25.75, 9999.0, 1.0, 1.25, 19.5, 9999.0, 9999.0, 9999.0, 118.75, 122.5, 117.75, 101.25, 133.25
2023-04-06, 12:19:49, 130.5, 51.0, 19.0, 25.75, 9999.0, 1.0, 1.25, 19.5, 9999.0, 9999.0, 9999.0, 118.75, 122.5, 118.0, 101.25, 133.0
2023-04-06, 12:19:53, 130.5, 51.0, 19.0, 25.75, 9999.0, 1.0, 1.25, 19.5, 9999.0, 9999.0, 9999.0, 117.5, 120.25, 117.75, 101.25, 133.25
2023-04-06, 12:19:57, 130.5, 51.25, 19.0, 25.75, 9999.0, 1.0, 1.25, 19.5, 9999.0, 9999.0, 9999.0, 118.75, 122.5, 118.0, 101.25, 133.25
2023-04-06, 12:20:01, 130.75, 51.0, 18.75, 25.75, 9999.0, 1.0, 1.25, 19.5, 9999.0, 9999.0, 9999.0, 118.75, 122.25, 117.75, 101.25, 133.25
2023-04-06, 12:20:05, 130.5, 51.25, 19.0, 25.75, 9999.0, 1.0, 1.25, 19.5, 9999.0, 9999.0, 9999.0, 118.5, 122.25, 117.75, 101.25, 133.25
2023-04-06, 12:20:09, 130.5, 51.0, 18.75, 26.0, 9999.0, 0.5, 0.75, 19.5, 9999.0, 9999.0, 9999.0, 118.5, 122.25, 117.75, 101.5, 133.25
2023-04-06, 12:20:13, 130.5, 51.0, 19.0, 26.0, 9999.0, 1.0, 1.25, 19.5, 9999.0, 9999.0, 9999.0, 118.5, 122.5, 118.0, 101.25, 133.25
2023-04-06, 12:20:17, 130.5, 51.0, 19.0, 26.0, 9999.0, 1.25, 1.25, 19.5, 9999.0, 9999.0, 9999.0, 118.5, 122.5, 117.75, 101.25, 133.25
2023-04-06, 12:20:21, 130.5, 51.0, 18.75, 26.0, 9999.0, 1.25, 1.25, 19.5, 9999.0, 9999.0, 9999.0, 118.5, 122.5, 117.75, 101.25, 133.25
2023-04-06, 12:20:25, 130.75, 51.25, 17.5, 25.5, 9999.0, 0.0, 1.0, 19.5, 9999.0, 9999.0, 9999.0, 118.5, 122.25, 117.75, 101.25, 133.25
2023-04-06, 12:20:29, 130.5, 51.25, 19.0, 26.0, 9999.0, 1.25, 1.5, 19.5, 9999.0, 9999.0, 9999.0, 118.25, 122.25, 117.75, 101.25, 133.25
2023-04-06, 12:20:33, 130.75, 51.25, 19.0, 26.0, 9999.0, 1.25, 1.25, 19.75, 9999.0, 9999.0, 9999.0, 119.0, 122.25, 118.0, 101.25, 133.25
2023-04-06, 12:20:37, 130.75, 51.25, 19.0, 25.75, 9999.0, 1.25, 1.5, 19.5, 9999.0, 9999.0, 9999.0, 119.0, 122.5, 117.75, 101.25, 132.0
2023-04-06, 12:20:41, 130.25, 49.75, 15.25, 25.75, 9999.0, 1.25, 1.25, 19.75, 9999.0, 9999.0, 9999.0, 119.0, 122.25, 117.75, 101.5, 133.25
2023-04-06, 12:20:45, 130.5, 51.25, 19.0, 26.0, 9999.0, 1.25, 1.25, 19.5, 9999.0, 9999.0, 9999.0, 119.0, 122.5, 117.75, 101.5, 133.25
2023-04-06, 12:20:49, 130.75, 51.0, 19.0, 26.0, 9999.0, 1.25, 1.5, 19.75, 9999.0, 9999.0, 9999.0, 118.75, 122.25, 117.75, 101.25, 133.25
2023-04-06, 12:20:53, 130.5, 51.0, 19.0, 26.0, 9999.0, 1.25, 1.25, 19.5, 9999.0, 9999.0, 9999.0, 118.5, 121.5, 117.5, 100.0, 132.25
2023-04-06, 12:20:57, 130.5, 51.0, 19.0, 26.0, 9999.0, 1.25, 1.5, 19.75, 9999.0, 9999.0, 9999.0, 118.75, 122.25, 117.75, 101.5, 133.25
2023-04-06, 12:21:01, 130.75, 51.0, 19.0, 26.0, 9999.0, 1.0, 1.5, 19.75, 9999.0, 9999.0, 9999.0, 118.75, 122.5, 117.75, 101.5, 133.25
2023-04-06, 12:21:05, 130.75, 51.25, 19.0, 26.0, 9999.0, 1.0, 1.5, 19.5, 9999.0, 9999.0, 9999.0, 118.75, 122.5, 117.75, 101.25, 133.25
2023-04-06, 12:21:09, 130.5, 51.25, 19.0, 26.0, 9999.0, 1.0, 1.25, 19.5, 9999.0, 9999.0, 9999.0, 116.5, 122.0, 117.75, 101.5, 133.25
2023-04-06, 12:21:13, 130.5, 51.25, 19.0, 25.75, 9999.0, 1.0, 1.5, 19.5, 9999.0, 9999.0, 9999.0, 118.75, 122.5, 117.75, 101.5, 133.25
2023-04-06, 12:21:17, 130.75, 51.25, 18.75, 25.75, 9999.0, 1.0, 1.25, 19.5, 9999.0, 9999.0, 9999.0, 118.75, 122.5, 117.75, 101.5, 133.25
2023-04-06, 12:21:21, 130.75, 51.25, 18.75, 25.75, 9999.0, 1.0, 1.25, 19.75, 9999.0, 9999.0, 9999.0, 118.5, 122.5, 117.75, 101.5, 133.25
2023-04-06, 12:21:25, 130.75, 51.25, 18.75, 25.75, 9999.0, 0.25, 1.25, 18.75, 9999.0, 9999.0, 9999.0, 118.5, 122.5, 118.0, 101.5, 133.25
2023-04-06, 12:21:29, 130.75, 51.25, 19.0, 26.0, 9999.0, 1.0, 1.25, 19.75, 9999.0, 9999.0, 9999.0, 118.5, 122.5, 118.0, 101.5, 133.25
2023-04-06, 12:21:33, 130.75, 51.25, 19.0, 26.0, 9999.0, 1.25, 1.25, 19.75, 9999.0, 9999.0, 9999.0, 118.5, 122.5, 118.0, 101.5, 133.25
2023-04-06, 12:21:37, 130.75, 51.25, 19.0, 26.0, 9999.0, 1.25, 1.25, 19.75, 9999.0, 9999.0, 9999.0, 118.5, 122.5, 117.75, 101.5, 133.25
2023-04-06, 12:21:42, 130.5, 50.25, 18.0, 25.0, 9999.0, 0.5, 1.25, 19.75, 9999.0, 9999.0, 9999.0, 118.5, 122.5, 118.0, 101.5, 133.25
2023-04-06, 12:21:46, 130.75, 51.25, 19.0, 25.75, 9999.0, 1.5, 1.5, 19.75, 9999.0, 9999.0, 9999.0, 118.5, 122.5, 117.75, 101.5, 133.25
2023-04-06, 12:21:50, 130.75, 51.25, 19.0, 25.75, 9999.0, 1.5, 1.5, 19.75, 9999.0, 9999.0, 9999.0, 118.5, 122.5, 117.75, 101.5, 133.25
2023-04-06, 12:21:54, 130.75, 51.25, 19.0, 25.75, 9999.0, 1.25, 1.5, 19.5, 9999.0, 9999.0, 9999.0, 119.0, 122.25, 117.75, 100.5, 133.0
2023-04-06, 12:21:58, 129.5, 47.5, 19.0, 26.0, 9999.0, 1.25, 1.5, 19.5, 9999.0, 9999.0, 9999.0, 119.0, 122.5, 117.75, 101.5, 133.25
2023-04-06, 12:22:02, 130.75, 51.0, 19.0, 26.0, 9999.0, 1.25, 1.25, 19.75, 9999.0, 9999.0, 9999.0, 119.0, 122.5, 118.0, 101.5, 133.25
2023-04-06, 12:22:06, 130.75, 51.25, 19.0, 26.0, 9999.0, 1.25, 1.5, 19.75, 9999.0, 9999.0, 9999.0, 119.0, 122.5, 117.75, 101.5, 133.0
2023-04-06, 12:22:10, 130.5, 51.0, 18.75, 25.5, 9999.0, 1.25, 1.5, 19.5, 9999.0, 9999.0, 9999.0, 118.0, 122.0, 116.25, 99.5, 133.25
2023-04-06, 12:22:14, 130.75, 51.25, 18.75, 25.5, 9999.0, 1.25, 1.5, 19.75, 9999.0, 9999.0, 9999.0, 118.75, 122.5, 117.75, 101.5, 133.25
2023-04-06, 12:22:18, 130.75, 51.0, 19.0, 25.75, 9999.0, 1.25, 1.5, 19.75, 9999.0, 9999.0, 9999.0, 118.75, 122.25, 117.75, 101.5, 133.25
2023-04-06, 12:22:22, 130.75, 51.25, 18.75, 26.0, 9999.0, 1.25, 1.5, 19.75, 9999.0, 9999.0, 9999.0, 118.75, 122.5, 117.75, 101.5, 133.25
2023-04-06, 12:22:26, 130.75, 51.25, 19.0, 25.75, 9999.0, 1.0, 1.25, 18.25, 9999.0, 9999.0, 9999.0, 118.25, 122.5, 117.75, 101.5, 133.25
2023-04-06, 12:22:30, 130.75, 51.25, 19.0, 25.75, 9999.0, 1.25, 1.25, 19.5, 9999.0, 9999.0, 9999.0, 118.75, 122.5, 118.0, 101.5, 133.25
2023-04-06, 12:22:34, 130.75, 51.25, 19.0, 26.0, 9999.0, 1.0, 1.25, 19.5, 9999.0, 9999.0, 9999.0, 118.75, 122.5, 118.0, 101.5, 133.25
2023-04-06, 12:22:38, 130.75, 51.25, 19.0, 25.5, 9999.0, 1.0, 1.25, 19.75, 9999.0, 9999.0, 9999.0, 118.75, 122.5, 117.75, 101.25, 133.25
2023-04-06, 12:22:42, 130.5, 51.25, 19.0, 25.5, 9999.0, 0.75, 0.25, 17.25, 9999.0, 9999.0, 9999.0, 118.75, 122.5, 117.75, 101.5, 133.25
2023-04-06, 12:22:46, 130.75, 51.25, 19.0, 25.75, 9999.0, 1.0, 1.25, 19.75, 9999.0, 9999.0, 9999.0, 118.5, 122.5, 117.75, 101.5, 133.25
2023-04-06, 12:22:50, 130.75, 51.25, 19.0, 25.75, 9999.0, 1.0, 1.25, 19.5, 9999.0, 9999.0, 9999.0, 118.5, 122.5, 117.75, 101.5, 133.25
2023-04-06, 12:22:54, 130.75, 51.25, 19.0, 25.75, 9999.0, 1.0, 1.25, 19.5, 9999.0, 9999.0, 9999.0, 118.5, 122.5, 118.0, 101.25, 133.25
2023-04-06, 12:22:58, 129.75, 50.25, 18.5, 24.5, 9999.0, 1.0, 1.25, 19.75, 9999.0, 9999.0, 9999.0, 118.5, 122.5, 118.0, 101.25, 133.25
2023-04-06, 12:23:02, 130.75, 51.25, 19.0, 26.0, 9999.0, 1.25, 1.25, 19.75, 9999.0, 9999.0, 9999.0, 118.5, 122.5, 118.0, 101.25, 133.25
2023-04-06, 12:23:06, 130.75, 51.25, 18.75, 25.75, 9999.0, 1.25, 1.5, 19.75, 9999.0, 9999.0, 9999.0, 118.5, 122.5, 117.75, 101.25, 133.25
2023-04-06, 12:23:10, 130.75, 51.25, 18.75, 25.75, 9999.0, 1.25, 1.25, 19.5, 9999.0, 9999.0, 9999.0, 119.0, 122.5, 116.25, 101.25, 132.0
2023-04-06, 12:23:14, 129.0, 51.0, 19.0, 26.0, 9999.0, 1.25, 1.5, 19.75, 9999.0, 9999.0, 9999.0, 119.0, 122.25, 118.0, 101.5, 133.25
2023-04-06, 12:23:18, 130.75, 51.25, 19.0, 25.75, 9999.0, 1.25, 1.25, 19.75, 9999.0, 9999.0, 9999.0, 119.0, 122.25, 118.0, 101.5, 133.25
2023-04-06, 12:23:22, 130.75, 51.0, 19.0, 25.75, 9999.0, 1.25, 1.5, 19.75, 9999.0, 9999.0, 9999.0, 119.0, 122.25, 118.0, 101.5, 133.25
2023-04-06, 12:23:26, 130.5, 51.25, 19.0, 25.75, 9999.0, 1.25, 1.5, 19.5, 9999.0, 9999.0, 9999.0, 118.75, 120.75, 115.25, 101.25, 133.25
2023-04-06, 12:23:30, 130.75, 51.0, 19.0, 25.75, 9999.0, 1.25, 1.5, 19.5, 9999.0, 9999.0, 9999.0, 118.75, 122.25, 117.75, 101.5, 133.25
2023-04-06, 12:23:34, 130.75, 51.0, 18.75, 25.75, 9999.0, 1.25, 1.5, 19.75, 9999.0, 9999.0, 9999.0, 118.75, 122.25, 117.75, 101.5, 133.25
2023-04-06, 12:23:38, 130.75, 51.25, 19.0, 25.75, 9999.0, 1.25, 1.25, 19.75, 9999.0, 9999.0, 9999.0, 118.75, 122.25, 117.75, 101.25, 133.25
2023-04-06, 12:23:42, 130.75, 51.25, 19.0, 25.75, 9999.0, 1.0, 1.0, 19.0, 9999.0, 9999.0, 9999.0, 118.75, 122.5, 117.75, 101.25, 133.25
2023-04-06, 12:23:46, 130.75, 51.25, 19.0, 25.75, 9999.0, 1.25, 1.5, 19.5, 9999.0, 9999.0, 9999.0, 118.75, 122.5, 117.75, 101.5, 133.25
2023-04-06, 12:23:50, 130.75, 51.25, 19.0, 25.75, 9999.0, 1.0, 1.5, 19.5, 9999.0, 9999.0, 9999.0, 118.75, 122.5, 117.75, 101.25, 133.25
2023-04-06, 12:23:54, 130.75, 51.25, 19.0, 25.75, 9999.0, 1.0, 1.25, 19.5, 9999.0, 9999.0, 9999.0, 118.75, 122.5, 117.75, 101.25, 133.25
2023-04-06, 12:23:58, 130.5, 51.0, 18.75, 24.5, 9999.0, 0.0, -1.0, 19.5, 9999.0, 9999.0, 9999.0, 118.75, 122.5, 117.75, 101.25, 133.25
2023-04-06, 12:24:02, 130.75, 51.25, 19.0, 25.75, 9999.0, 1.0, 1.25, 19.5, 9999.0, 9999.0, 9999.0, 118.5, 122.5, 117.75, 101.25, 133.25
2023-04-06, 12:24:06, 130.75, 51.25, 18.75, 25.75, 9999.0, 1.0, 1.25, 19.5, 9999.0, 9999.0, 9999.0, 118.5, 122.5, 117.75, 101.25, 133.25
2023-04-06, 12:24:10, 130.75, 51.25, 18.75, 25.75, 9999.0, 1.0, 1.25, 19.5, 9999.0, 9999.0, 9999.0, 118.5, 122.5, 118.0, 101.25, 133.25
2023-04-06, 12:24:14, 130.0, 50.75, 17.75, 24.25, 9999.0, 1.25, 1.25, 19.75, 9999.0, 9999.0, 9999.0, 118.5, 122.5, 118.0, 101.25, 133.25
2023-04-06, 12:24:18, 130.75, 51.0, 19.0, 26.0, 9999.0, 1.25, 1.25, 19.5, 9999.0, 9999.0, 9999.0, 118.5, 122.5, 117.75, 101.25, 133.25
2023-04-06, 12:24:22, 130.75, 51.0, 19.0, 25.75, 9999.0, 1.25, 1.25, 19.5, 9999.0, 9999.0, 9999.0, 118.5, 122.5, 118.0, 101.25, 133.25
2023-04-06, 12:24:26, 130.75, 51.0, 19.0, 25.75, 9999.0, 1.25, 1.5, 19.5, 9999.0, 9999.0, 9999.0, 118.25, 121.0, 117.0, 100.5, 131.75
2023-04-06, 12:24:30, 129.75, 51.0, 19.0, 25.75, 9999.0, 1.25, 1.5, 19.5, 9999.0, 9999.0, 9999.0, 119.0, 122.5, 118.0, 101.25, 133.25
2023-04-06, 12:24:34, 130.75, 51.0, 19.0, 26.0, 9999.0, 1.25, 1.5, 19.75, 9999.0, 9999.0, 9999.0, 119.0, 122.5, 117.75, 101.25, 133.25
2023-04-06, 12:24:38, 130.75, 51.0, 19.0, 25.75, 9999.0, 1.25, 1.25, 19.75, 9999.0, 9999.0, 9999.0, 119.0, 122.25, 117.75, 101.25, 133.25
2023-04-06, 12:24:42, 130.75, 51.0, 19.0, 25.75, 9999.0, 1.25, 1.5, 19.5, 9999.0, 9999.0, 9999.0, 117.75, 118.75, 117.75, 101.25, 133.25
2023-04-06, 12:24:46, 130.75, 51.0, 18.75, 26.0, 9999.0, 1.25, 1.5, 19.5, 9999.0, 9999.0, 9999.0, 118.75, 122.25, 117.75, 101.5, 133.25
2023-04-06, 12:24:50, 130.5, 51.25, 18.75, 25.75, 9999.0, 1.25, 1.5, 19.5, 9999.0, 9999.0, 9999.0, 118.75, 122.25, 117.75, 101.25, 133.25
2023-04-06, 12:24:54, 130.5, 51.25, 19.0, 25.75, 9999.0, 1.25, 1.25, 19.5, 9999.0, 9999.0, 9999.0, 118.75, 122.25, 117.75, 101.25, 133.25
2023-04-06, 12:24:58, 130.5, 51.0, 18.75, 25.75, 9999.0, 0.75, 0.75, 19.25, 9999.0, 9999.0, 9999.0, 118.75, 122.5, 117.75, 101.25, 133.25
2023-04-06, 12:25:02, 130.75, 51.0, 18.75, 25.75, 9999.0, 1.0, 1.25, 19.5, 9999.0, 9999.0, 9999.0, 118.75, 122.5, 117.75, 101.5, 133.25
2023-04-06, 12:25:06, 130.75, 51.25, 18.75, 25.5, 9999.0, 1.0, 1.25, 19.5, 9999.0, 9999.0, 9999.0, 118.75, 122.5, 117.75, 101.5, 133.25
2023-04-06, 12:25:10, 130.75, 51.25, 19.0, 25.5, 9999.0, 1.0, 1.5, 19.5, 9999.0, 9999.0, 9999.0, 118.75, 122.5, 118.0, 101.25, 133.25
2023-04-06, 12:25:14, 130.75, 51.0, 17.25, 24.75, 9999.0, -1.25, 1.0, 19.5, 9999.0, 9999.0, 9999.0, 118.75, 122.5, 117.75, 101.25, 133.25
2023-04-06, 12:25:18, 130.5, 51.0, 19.0, 25.5, 9999.0, 1.0, 1.25, 19.5, 9999.0, 9999.0, 9999.0, 118.5, 122.5, 117.75, 101.25, 133.25
2023-04-06, 12:25:22, 130.75, 51.0, 19.0, 25.75, 9999.0, 1.0, 1.25, 19.5, 9999.0, 9999.0, 9999.0, 118.5, 122.5, 117.75, 101.5, 133.25
2023-04-06, 12:25:26, 130.75, 51.0, 19.0, 25.75, 9999.0, 1.0, 1.25, 19.75, 9999.0, 9999.0, 9999.0, 118.5, 122.5, 117.75, 101.25, 131.75
2023-04-06, 12:25:30, 130.5, 50.0, 15.5, 25.75, 9999.0, 1.0, 1.25, 19.5, 9999.0, 9999.0, 9999.0, 118.5, 122.5, 118.0, 101.25, 133.25
2023-04-06, 12:25:34, 130.75, 51.25, 19.0, 25.75, 9999.0, 1.25, 1.25, 19.5, 9999.0, 9999.0, 9999.0, 118.5, 122.25, 118.0, 101.25, 133.25
2023-04-06, 12:25:38, 130.75, 51.0, 19.0, 25.75, 9999.0, 1.0, 1.25, 19.5, 9999.0, 9999.0, 9999.0, 118.25, 122.25, 118.0, 101.25, 133.25
2023-04-06, 12:25:42, 130.5, 51.0, 18.75, 25.75, 9999.0, 1.25, 1.25, 19.5, 9999.0, 9999.0, 9999.0, 117.25, 121.5, 117.5, 100.25, 132.0
2023-04-06, 12:25:46, 130.5, 51.0, 19.0, 25.75, 9999.0, 1.25, 1.5, 19.75, 9999.0, 9999.0, 9999.0, 118.25, 122.25, 118.0, 101.25, 133.25
2023-04-06, 12:25:50, 130.75, 51.25, 19.0, 25.75, 9999.0, 1.25, 1.25, 19.75, 9999.0, 9999.0, 9999.0, 119.0, 122.5, 117.75, 101.25, 133.25
2023-04-06, 12:25:54, 130.75, 51.0, 19.0, 25.75, 9999.0, 1.25, 1.5, 19.75, 9999.0, 9999.0, 9999.0, 119.0, 122.25, 117.75, 101.25, 133.25
2023-04-06, 12:25:58, 130.75, 51.0, 18.75, 25.75, 9999.0, 1.25, 1.25, 19.5, 9999.0, 9999.0, 9999.0, 117.0, 122.25, 117.75, 101.5, 133.25
2023-04-06, 12:26:02, 130.5, 51.0, 19.0, 25.75, 9999.0, 1.25, 1.5, 19.75, 9999.0, 9999.0, 9999.0, 119.0, 122.25, 117.75, 101.5, 133.25
2023-04-06, 12:26:06, 130.75, 51.0, 19.0, 25.75, 9999.0, 1.25, 1.5, 19.75, 9999.0, 9999.0, 9999.0, 118.75, 122.25, 117.75, 101.25, 133.25
2023-04-06, 12:26:11, 130.75, 51.0, 19.0, 25.75, 9999.0, 1.25, 1.5, 19.75, 9999.0, 9999.0, 9999.0, 118.75, 122.25, 117.75, 101.25, 133.25
2023-04-06, 12:26:15, 130.5, 51.0, 19.0, 25.75, 9999.0, 0.25, 1.0, 18.0, 9999.0, 9999.0, 9999.0, 118.75, 122.25, 117.75, 101.25, 133.25
2023-04-06, 12:26:19, 130.5, 51.0, 18.75, 25.75, 9999.0, 1.0, 1.5, 19.5, 9999.0, 9999.0, 9999.0, 118.75, 122.5, 117.75, 101.25, 133.25
2023-04-06, 12:26:23, 130.75, 51.0, 18.75, 25.75, 9999.0, 1.25, 1.25, 19.5, 9999.0, 9999.0, 9999.0, 118.75, 122.5, 117.75, 101.25, 133.25
2023-04-06, 12:26:27, 130.75, 51.0, 18.75, 25.75, 9999.0, 1.0, 1.25, 19.5, 9999.0, 9999.0, 9999.0, 118.75, 122.5, 117.75, 101.25, 133.25
2023-04-06, 12:26:31, 130.75, 50.5, 18.5, 25.0, 9999.0, 0.75, 1.25, 19.5, 9999.0, 9999.0, 9999.0, 118.75, 122.5, 117.75, 101.25, 133.25
2023-04-06, 12:26:35, 130.75, 51.25, 19.0, 26.0, 9999.0, 1.0, 1.25, 19.75, 9999.0, 9999.0, 9999.0, 118.75, 122.25, 118.0, 101.25, 133.25
2023-04-06, 12:26:39, 130.75, 51.25, 19.0, 25.75, 9999.0, 1.0, 1.25, 19.5, 9999.0, 9999.0, 9999.0, 118.75, 122.5, 117.75, 101.25, 133.25
2023-04-06, 12:26:43, 130.5, 51.0, 19.0, 25.75, 9999.0, 1.0, 1.5, 19.5, 9999.0, 9999.0, 9999.0, 118.5, 122.25, 117.75, 100.25, 133.0
2023-04-06, 12:26:47, 129.5, 47.25, 18.75, 26.0, 9999.0, 1.0, 1.25, 19.75, 9999.0, 9999.0, 9999.0, 118.5, 122.5, 118.0, 101.25, 133.25
2023-04-06, 12:26:51, 130.75, 51.25, 18.75, 26.0, 9999.0, 1.0, 1.25, 19.5, 9999.0, 9999.0, 9999.0, 118.5, 122.5, 117.75, 101.25, 133.25
2023-04-06, 12:26:55, 130.75, 51.25, 19.0, 25.75, 9999.0, 1.25, 1.25, 19.5, 9999.0, 9999.0, 9999.0, 118.5, 122.5, 118.0, 101.25, 133.0
2023-04-06, 12:26:59, 130.5, 51.0, 19.0, 25.5, 9999.0, 1.0, 1.25, 19.75, 9999.0, 9999.0, 9999.0, 117.5, 122.0, 116.5, 100.75, 133.25
2023-04-06, 12:27:03, 130.75, 51.25, 19.0, 25.75, 9999.0, 1.25, 1.5, 19.5, 9999.0, 9999.0, 9999.0, 118.25, 122.5, 118.0, 101.25, 133.25
2023-04-06, 12:27:07, 130.5, 51.0, 19.0, 25.75, 9999.0, 1.25, 1.25, 19.5, 9999.0, 9999.0, 9999.0, 118.5, 122.5, 117.75, 101.25, 133.25
2023-04-06, 12:27:11, 130.75, 51.25, 18.75, 25.75, 9999.0, 1.25, 1.25, 19.5, 9999.0, 9999.0, 9999.0, 119.0, 122.25, 117.75, 101.25, 133.25
2023-04-06, 12:27:15, 130.5, 51.25, 18.75, 25.75, 9999.0, 1.25, 1.25, 18.25, 9999.0, 9999.0, 9999.0, 118.5, 122.25, 118.0, 101.25, 133.25
2023-04-06, 12:27:19, 130.5, 51.0, 19.0, 25.75, 9999.0, 1.25, 1.5, 19.5, 9999.0, 9999.0, 9999.0, 119.0, 122.25, 118.0, 101.25, 133.25
2023-04-06, 12:27:23, 130.75, 51.0, 18.75, 25.75, 9999.0, 1.25, 1.25, 19.75, 9999.0, 9999.0, 9999.0, 119.0, 122.25, 118.0, 101.25, 133.25
2023-04-06, 12:27:27, 130.5, 51.25, 18.75, 25.75, 9999.0, 1.25, 1.5, 19.75, 9999.0, 9999.0, 9999.0, 118.75, 122.25, 118.0, 101.5, 133.25
2023-04-06, 12:27:31, 130.75, 51.25, 19.0, 25.75, 9999.0, 1.0, 0.25, 17.5, 9999.0, 9999.0, 9999.0, 118.75, 122.25, 117.75, 101.25, 133.25
2023-04-06, 12:27:35, 130.5, 51.0, 19.0, 25.75, 9999.0, 1.25, 1.25, 19.75, 9999.0, 9999.0, 9999.0, 118.75, 122.25, 117.75, 101.25, 133.25
2023-04-06, 12:27:39, 130.5, 51.0, 19.0, 26.0, 9999.0, 1.25, 1.25, 19.5, 9999.0, 9999.0, 9999.0, 118.75, 122.5, 118.0, 101.25, 133.25
2023-04-06, 12:27:43, 130.75, 51.0, 18.75, 25.75, 9999.0, 1.0, 1.25, 19.5, 9999.0, 9999.0, 9999.0, 118.75, 122.5, 118.0, 101.5, 133.25
2023-04-06, 12:27:47, 130.25, 50.5, 18.25, 24.25, 9999.0, 1.0, 1.25, 19.5, 9999.0, 9999.0, 9999.0, 118.75, 122.5, 117.75, 101.25, 133.25
2023-04-06, 12:27:51, 130.75, 51.0, 19.0, 25.75, 9999.0, 1.0, 1.25, 19.5, 9999.0, 9999.0, 9999.0, 118.75, 122.5, 117.75, 101.25, 133.25
2023-04-06, 12:27:55, 130.75, 51.0, 19.0, 25.75, 9999.0, 1.0, 1.25, 19.75, 9999.0, 9999.0, 9999.0, 118.75, 122.5, 118.0, 101.25, 133.25
2023-04-06, 12:27:59, 130.5, 51.25, 18.75, 25.5, 9999.0, 1.0, 1.25, 19.5, 9999.0, 9999.0, 9999.0, 118.5, 122.5, 116.5, 101.0, 132.25
2023-04-06, 12:28:03, 128.25, 51.0, 19.0, 25.5, 9999.0, 1.0, 1.25, 19.5, 9999.0, 9999.0, 9999.0, 118.5, 122.5, 117.75, 101.25, 133.25
2023-04-06, 12:28:07, 130.75, 51.25, 18.75, 25.5, 9999.0, 1.0, 1.25, 19.5, 9999.0, 9999.0, 9999.0, 118.5, 122.5, 118.0, 101.25, 133.25
2023-04-06, 12:28:11, 130.5, 51.25, 18.75, 25.5, 9999.0, 1.25, 1.25, 19.5, 9999.0, 9999.0, 9999.0, 118.5, 122.5, 117.75, 101.25, 133.25
2023-04-06, 12:28:15, 130.5, 51.0, 18.75, 25.5, 9999.0, 1.25, 1.25, 19.5, 9999.0, 9999.0, 9999.0, 118.25, 121.25, 115.0, 101.25, 133.25
2023-04-06, 12:28:19, 130.75, 51.25, 18.75, 25.5, 9999.0, 1.25, 1.25, 19.5, 9999.0, 9999.0, 9999.0, 118.5, 122.5, 118.0, 101.25, 133.25
2023-04-06, 12:28:23, 130.75, 51.0, 18.75, 25.25, 9999.0, 1.25, 1.5, 19.75, 9999.0, 9999.0, 9999.0, 118.25, 122.25, 118.0, 101.25, 133.25
2023-04-06, 12:28:27, 130.75, 51.25, 18.75, 25.75, 9999.0, 1.25, 1.25, 19.5, 9999.0, 9999.0, 9999.0, 119.0, 122.25, 117.75, 101.25, 133.25
2023-04-06, 12:28:31, 130.75, 51.0, 18.75, 25.75, 9999.0, 1.25, 0.25, 19.0, 9999.0, 9999.0, 9999.0, 119.0, 122.5, 117.75, 101.25, 133.25
2023-04-06, 12:28:35, 130.5, 51.25, 18.75, 25.5, 9999.0, 1.25, 1.5, 19.5, 9999.0, 9999.0, 9999.0, 119.0, 122.25, 117.75, 101.25, 133.25
2023-04-06, 12:28:39, 130.75, 51.25, 19.0, 25.25, 9999.0, 1.25, 1.25, 19.75, 9999.0, 9999.0, 9999.0, 119.0, 122.25, 118.0, 101.5, 133.25
2023-04-06, 12:28:43, 130.75, 51.0, 19.0, 25.25, 9999.0, 1.25, 1.25, 19.5, 9999.0, 9999.0, 9999.0, 119.0, 122.25, 118.0, 101.25, 133.25
2023-04-06, 12:28:47, 130.5, 51.0, 18.75, 23.75, 9999.0, 0.0, -0.25, 19.5, 9999.0, 9999.0, 9999.0, 119.0, 122.5, 117.75, 101.25, 133.25
2023-04-06, 12:28:51, 130.5, 51.0, 18.75, 25.75, 9999.0, 1.25, 1.25, 19.75, 9999.0, 9999.0, 9999.0, 118.75, 122.25, 117.75, 101.25, 133.25
2023-04-06, 12:28:55, 130.5, 51.25, 19.0, 25.75, 9999.0, 1.0, 1.25, 19.5, 9999.0, 9999.0, 9999.0, 118.75, 122.25, 117.75, 101.25, 133.25
2023-04-06, 12:28:59, 130.5, 51.0, 18.75, 25.75, 9999.0, 1.0, 1.25, 19.5, 9999.0, 9999.0, 9999.0, 118.75, 122.5, 117.75, 101.25, 133.0
2023-04-06, 12:29:03, 129.75, 51.0, 17.25, 22.5, 9999.0, 1.0, 1.25, 19.5, 9999.0, 9999.0, 9999.0, 118.75, 122.5, 118.0, 101.25, 133.25
2023-04-06, 12:29:07, 130.5, 51.25, 19.0, 25.75, 9999.0, 1.0, 1.25, 19.75, 9999.0, 9999.0, 9999.0, 118.75, 122.5, 118.0, 101.25, 133.25
2023-04-06, 12:29:11, 130.75, 51.25, 18.75, 25.75, 9999.0, 1.0, 1.25, 19.5, 9999.0, 9999.0, 9999.0, 118.75, 122.5, 118.0, 101.25, 133.25
2023-04-06, 12:29:15, 130.5, 51.0, 18.75, 25.5, 9999.0, 1.0, 1.25, 19.75, 9999.0, 9999.0, 9999.0, 118.75, 122.25, 117.25, 100.75, 131.25
2023-04-06, 12:29:19, 130.0, 51.0, 18.75, 25.75, 9999.0, 1.0, 1.25, 19.5, 9999.0, 9999.0, 9999.0, 118.5, 122.5, 117.75, 101.25, 133.25
2023-04-06, 12:29:23, 130.5, 51.0, 18.75, 25.25, 9999.0, 1.0, 1.25, 19.5, 9999.0, 9999.0, 9999.0, 118.5, 122.5, 117.75, 101.25, 133.25
2023-04-06, 12:29:27, 130.5, 51.0, 19.0, 25.5, 9999.0, 1.0, 1.25, 19.5, 9999.0, 9999.0, 9999.0, 118.5, 122.5, 118.0, 101.25, 133.0
2023-04-06, 12:29:31, 130.5, 51.0, 19.0, 25.5, 9999.0, 1.0, 1.25, 19.75, 9999.0, 9999.0, 9999.0, 118.0, 121.5, 116.5, 101.25, 133.25
2023-04-06, 12:29:35, 130.75, 51.25, 19.0, 25.5, 9999.0, 1.0, 1.25, 19.5, 9999.0, 9999.0, 9999.0, 118.5, 122.5, 118.0, 101.25, 133.25
2023-04-06, 12:29:39, 130.5, 51.0, 19.0, 25.75, 9999.0, 1.25, 1.25, 19.5, 9999.0, 9999.0, 9999.0, 118.25, 122.5, 118.0, 101.25, 133.25
2023-04-06, 12:29:43, 130.5, 51.25, 18.75, 25.75, 9999.0, 1.5, 1.25, 19.5, 9999.0, 9999.0, 9999.0, 118.25, 122.25, 117.75, 101.25, 133.25
2023-04-06, 12:29:47, 130.5, 51.25, 19.0, 25.5, 9999.0, 1.25, 1.25, 19.5, 9999.0, 9999.0, 9999.0, 117.25, 122.25, 118.0, 101.25, 133.25
2023-04-06, 12:29:51, 130.5, 51.0, 18.75, 25.5, 9999.0, 1.25, 1.25, 19.5, 9999.0, 9999.0, 9999.0, 119.0, 122.25, 117.75, 101.25, 133.25
2023-04-06, 12:29:55, 130.75, 51.0, 19.0, 25.5, 9999.0, 1.25, 1.25, 19.5, 9999.0, 9999.0, 9999.0, 119.0, 122.25, 117.75, 101.25, 133.25
2023-04-06, 12:29:59, 130.75, 51.0, 19.0, 25.5, 9999.0, 1.25, 1.25, 19.5, 9999.0, 9999.0, 9999.0, 118.75, 122.25, 117.75, 101.25, 133.25
2023-04-06, 12:30:03, 130.5, 51.0, 18.75, 25.5, 9999.0, 1.25, 0.0, 19.5, 9999.0, 9999.0, 9999.0, 118.75, 122.25, 117.75, 101.25, 133.25
2023-04-06, 12:30:07, 130.5, 51.25, 19.0, 25.25, 9999.0, 1.25, 1.25, 19.75, 9999.0, 9999.0, 9999.0, 118.75, 122.25, 117.75, 101.25, 133.25
2023-04-06, 12:30:11, 130.5, 51.25, 18.75, 25.5, 9999.0, 1.0, 1.25, 19.5, 9999.0, 9999.0, 9999.0, 118.75, 122.25, 117.75, 101.25, 133.25
2023-04-06, 12:30:15, 130.5, 51.25, 18.75, 25.75, 9999.0, 1.25, 1.25, 19.5, 9999.0, 9999.0, 9999.0, 118.75, 122.25, 117.75, 101.25, 133.25
2023-04-06, 12:30:19, 130.5, 51.25, 18.75, 25.75, 9999.0, 0.75, 0.25, 18.5, 9999.0, 9999.0, 9999.0, 118.75, 122.5, 117.75, 101.25, 133.25
2023-04-06, 12:30:23, 130.75, 51.25, 18.75, 26.0, 9999.0, 1.0, 1.25, 19.5, 9999.0, 9999.0, 9999.0, 118.75, 122.25, 117.75, 101.25, 133.25
2023-04-06, 12:30:27, 130.75, 51.25, 18.75, 26.0, 9999.0, 1.25, 1.25, 19.5, 9999.0, 9999.0, 9999.0, 118.75, 122.5, 117.75, 101.25, 133.25
2023-04-06, 12:30:31, 130.75, 51.25, 18.75, 26.0, 9999.0, 1.0, 1.25, 19.5, 9999.0, 9999.0, 9999.0, 118.75, 122.5, 117.75, 101.25, 133.25
2023-04-06, 12:30:36, 130.75, 51.0, 18.25, 25.5, 9999.0, 0.25, 1.25, 19.5, 9999.0, 9999.0, 9999.0, 118.5, 122.5, 117.75, 101.25, 133.25
2023-04-06, 12:30:40, 130.5, 51.25, 19.0, 26.0, 9999.0, 1.0, 1.25, 19.75, 9999.0, 9999.0, 9999.0, 118.75, 122.25, 117.75, 101.5, 133.25
2023-04-06, 12:30:44, 130.75, 51.25, 19.0, 26.0, 9999.0, 1.0, 1.25, 19.5, 9999.0, 9999.0, 9999.0, 118.5, 122.25, 117.75, 101.25, 133.25
2023-04-06, 12:30:48, 130.75, 51.25, 19.0, 25.75, 9999.0, 1.0, 1.25, 19.5, 9999.0, 9999.0, 9999.0, 118.5, 122.5, 117.75, 100.0, 132.75
2023-04-06, 12:30:52, 129.5, 48.75, 18.75, 25.75, 9999.0, 1.25, 1.25, 19.75, 9999.0, 9999.0, 9999.0, 118.5, 122.5, 118.0, 101.25, 133.25
2023-04-06, 12:30:56, 130.75, 51.0, 19.0, 26.0, 9999.0, 1.25, 1.5, 19.5, 9999.0, 9999.0, 9999.0, 118.5, 122.25, 117.75, 101.5, 133.25
2023-04-06, 12:31:00, 130.75, 51.25, 18.75, 26.0, 9999.0, 1.25, 1.5, 19.5, 9999.0, 9999.0, 9999.0, 118.25, 122.25, 117.75, 101.5, 133.25
2023-04-06, 12:31:04, 130.5, 51.25, 19.0, 25.75, 9999.0, 1.5, 1.25, 19.75, 9999.0, 9999.0, 9999.0, 117.75, 122.0, 116.75, 100.0, 133.25
2023-04-06, 12:31:08, 130.75, 51.25, 19.0, 26.0, 9999.0, 1.25, 1.25, 19.75, 9999.0, 9999.0, 9999.0, 119.0, 122.25, 117.75, 101.25, 133.25
2023-04-06, 12:31:12, 130.75, 51.25, 19.0, 25.75, 9999.0, 1.25, 1.25, 19.75, 9999.0, 9999.0, 9999.0, 119.0, 122.25, 117.75, 101.5, 133.25
2023-04-06, 12:31:16, 130.75, 51.25, 18.75, 25.75, 9999.0, 1.25, 1.5, 19.75, 9999.0, 9999.0, 9999.0, 119.0, 122.25, 117.75, 101.5, 133.25
2023-04-06, 12:31:20, 130.75, 51.25, 19.0, 25.75, 9999.0, 1.25, 1.5, 19.0, 9999.0, 9999.0, 9999.0, 118.0, 122.25, 118.0, 101.25, 133.25
2023-04-06, 12:31:24, 130.75, 51.25, 19.0, 25.75, 9999.0, 1.25, 1.5, 19.75, 9999.0, 9999.0, 9999.0, 118.75, 122.25, 117.75, 101.25, 133.25
2023-04-06, 12:31:28, 130.75, 51.25, 18.75, 25.75, 9999.0, 1.25, 1.5, 19.5, 9999.0, 9999.0, 9999.0, 118.75, 122.25, 117.75, 101.5, 133.25
2023-04-06, 12:31:32, 130.75, 51.25, 18.75, 25.75, 9999.0, 1.25, 1.25, 19.75, 9999.0, 9999.0, 9999.0, 118.75, 122.25, 117.75, 101.5, 133.25
2023-04-06, 12:31:36, 130.75, 51.25, 18.75, 25.5, 9999.0, -0.75, 0.75, 18.5, 9999.0, 9999.0, 9999.0, 118.75, 122.5, 117.75, 101.5, 133.25
2023-04-06, 12:31:40, 130.75, 51.25, 18.75, 25.5, 9999.0, 1.0, 1.5, 19.5, 9999.0, 9999.0, 9999.0, 118.75, 122.5, 117.75, 101.25, 133.25
2023-04-06, 12:31:44, 130.75, 51.25, 19.0, 25.75, 9999.0, 1.25, 1.25, 19.5, 9999.0, 9999.0, 9999.0, 118.75, 122.5, 117.75, 101.5, 133.25
2023-04-06, 12:31:48, 130.75, 51.25, 19.0, 25.75, 9999.0, 1.0, 1.25, 19.75, 9999.0, 9999.0, 9999.0, 118.75, 122.5, 117.75, 101.25, 133.25
2023-04-06, 12:31:52, 130.5, 51.25, 18.75, 24.0, 9999.0, -0.25, -1.0, 19.5, 9999.0, 9999.0, 9999.0, 118.75, 122.25, 117.75, 101.5, 133.25
2023-04-06, 12:31:56, 130.75, 51.25, 19.0, 26.0, 9999.0, 1.0, 1.25, 19.75, 9999.0, 9999.0, 9999.0, 118.75, 122.25, 117.75, 101.25, 133.25
2023-04-06, 12:32:00, 130.75, 51.25, 19.0, 26.0, 9999.0, 1.0, 1.5, 19.5, 9999.0, 9999.0, 9999.0, 118.75, 122.25, 117.75, 101.5, 133.25
2023-04-06, 12:32:04, 130.75, 51.25, 19.0, 25.75, 9999.0, 0.75, 1.25, 19.5, 9999.0, 9999.0, 9999.0, 118.5, 122.25, 117.75, 101.25, 133.25
2023-04-06, 12:32:08, 130.75, 50.25, 18.75, 24.5, 9999.0, 1.0, 1.5, 19.75, 9999.0, 9999.0, 9999.0, 118.5, 122.5, 117.75, 101.5, 133.25
2023-04-06, 12:32:12, 130.75, 51.25, 19.0, 25.5, 9999.0, 1.25, 1.25, 19.75, 9999.0, 9999.0, 9999.0, 118.5, 122.25, 117.75, 101.25, 133.25
2023-04-06, 12:32:16, 130.75, 51.25, 19.0, 25.5, 9999.0, 1.25, 1.5, 19.75, 9999.0, 9999.0, 9999.0, 118.5, 122.25, 118.0, 101.25, 133.25
2023-04-06, 12:32:20, 130.75, 51.25, 19.0, 25.5, 9999.0, 1.25, 1.5, 19.75, 9999.0, 9999.0, 9999.0, 118.5, 122.25, 117.75, 101.25, 132.25
2023-04-06, 12:32:24, 130.5, 49.5, 16.25, 25.75, 9999.0, 1.5, 1.5, 19.75, 9999.0, 9999.0, 9999.0, 118.5, 122.25, 118.0, 101.25, 133.25
2023-04-06, 12:32:28, 130.75, 51.25, 19.0, 25.75, 9999.0, 1.25, 1.5, 19.75, 9999.0, 9999.0, 9999.0, 119.0, 122.25, 117.75, 101.25, 133.25
2023-04-06, 12:32:32, 130.75, 51.25, 19.0, 25.75, 9999.0, 1.25, 1.5, 19.75, 9999.0, 9999.0, 9999.0, 119.0, 122.25, 118.0, 101.25, 133.25
2023-04-06, 12:32:36, 130.75, 51.0, 19.0, 25.5, 9999.0, 1.25, 1.25, 19.75, 9999.0, 9999.0, 9999.0, 119.0, 121.75, 117.0, 101.0, 131.75
2023-04-06, 12:32:40, 129.5, 51.25, 18.75, 25.75, 9999.0, 1.25, 1.5, 19.75, 9999.0, 9999.0, 9999.0, 119.0, 122.25, 117.75, 101.25, 133.25
2023-04-06, 12:32:44, 130.75, 51.25, 19.0, 25.75, 9999.0, 1.25, 1.5, 19.75, 9999.0, 9999.0, 9999.0, 119.0, 122.25, 118.0, 101.25, 133.25
2023-04-06, 12:32:48, 130.75, 51.25, 19.0, 25.75, 9999.0, 1.25, 1.5, 19.75, 9999.0, 9999.0, 9999.0, 118.75, 122.25, 117.75, 101.25, 133.0
2023-04-06, 12:32:52, 130.5, 51.25, 19.0, 25.75, 9999.0, 1.25, 1.25, 19.75, 9999.0, 9999.0, 9999.0, 118.0, 121.0, 116.25, 100.75, 133.25
2023-04-06, 12:32:56, 130.75, 51.25, 19.0, 25.75, 9999.0, 1.25, 1.5, 19.75, 9999.0, 9999.0, 9999.0, 118.75, 122.5, 117.75, 101.25, 133.25
2023-04-06, 12:33:00, 130.75, 51.25, 18.75, 25.5, 9999.0, 1.0, 1.5, 19.75, 9999.0, 9999.0, 9999.0, 118.75, 122.5, 117.75, 101.25, 133.25
2023-04-06, 12:33:04, 130.75, 51.25, 19.0, 25.75, 9999.0, 1.25, 1.5, 19.75, 9999.0, 9999.0, 9999.0, 118.75, 122.5, 117.75, 101.25, 133.25
2023-04-06, 12:33:08, 130.75, 51.25, 18.75, 25.75, 9999.0, 1.0, 1.25, 19.5, 9999.0, 9999.0, 9999.0, 116.5, 122.0, 117.75, 101.25, 133.25
2023-04-06, 12:33:12, 130.75, 51.25, 19.0, 25.75, 9999.0, 1.0, 1.25, 19.75, 9999.0, 9999.0, 9999.0, 118.75, 122.25, 117.75, 101.25, 133.25
2023-04-06, 12:33:16, 130.75, 51.25, 18.75, 25.75, 9999.0, 1.0, 1.25, 19.5, 9999.0, 9999.0, 9999.0, 118.5, 122.25, 117.75, 101.25, 133.25
2023-04-06, 12:33:20, 130.75, 51.25, 19.0, 25.75, 9999.0, 1.0, 1.25, 19.75, 9999.0, 9999.0, 9999.0, 118.5, 122.25, 117.75, 101.25, 133.25
2023-04-06, 12:33:24, 130.75, 51.25, 18.75, 25.75, 9999.0, 1.0, 0.25, 19.5, 9999.0, 9999.0, 9999.0, 118.5, 122.25, 117.75, 101.25, 133.25
2023-04-06, 12:33:28, 130.75, 51.25, 19.0, 25.75, 9999.0, 1.25, 1.25, 19.75, 9999.0, 9999.0, 9999.0, 118.5, 122.25, 118.0, 101.25, 133.25
2023-04-06, 12:33:32, 130.75, 51.25, 19.0, 25.75, 9999.0, 1.25, 1.25, 19.75, 9999.0, 9999.0, 9999.0, 118.5, 122.25, 117.75, 101.25, 133.25
2023-04-06, 12:33:36, 130.75, 51.25, 18.75, 25.75, 9999.0, 1.25, 1.25, 19.75, 9999.0, 9999.0, 9999.0, 118.5, 122.25, 117.75, 101.25, 133.25
2023-04-06, 12:33:40, 130.75, 51.25, 18.75, 25.75, 9999.0, 1.25, -0.25, 17.25, 9999.0, 9999.0, 9999.0, 118.5, 122.25, 117.75, 101.25, 133.25
2023-04-06, 12:33:44, 130.75, 51.25, 18.75, 26.0, 9999.0, 1.25, 1.5, 19.75, 9999.0, 9999.0, 9999.0, 119.0, 122.25, 117.75, 101.25, 133.25
2023-04-06, 12:33:48, 130.75, 51.25, 18.75, 26.0, 9999.0, 1.25, 1.5, 19.75, 9999.0, 9999.0, 9999.0, 119.0, 122.25, 117.75, 101.25, 133.25
2023-04-06, 12:33:52, 130.75, 51.25, 18.75, 26.0, 9999.0, 1.25, 1.25, 19.5, 9999.0, 9999.0, 9999.0, 119.0, 122.25, 117.75, 101.25, 133.25
2023-04-06, 12:33:56, 130.5, 50.75, 18.0, 25.75, 9999.0, -0.5, 1.5, 19.75, 9999.0, 9999.0, 9999.0, 119.0, 122.25, 117.75, 101.25, 133.25
2023-04-06, 12:34:00, 130.75, 51.0, 18.75, 25.75, 9999.0, 1.25, 1.25, 19.5, 9999.0, 9999.0, 9999.0, 118.75, 122.25, 117.75, 101.25, 133.25
2023-04-06, 12:34:04, 130.75, 51.25, 18.75, 25.75, 9999.0, 1.25, 1.5, 19.75, 9999.0, 9999.0, 9999.0, 118.75, 122.25, 117.75, 101.25, 133.25
2023-04-06, 12:34:08, 130.75, 51.25, 18.75, 25.75, 9999.0, 1.25, 1.25, 19.5, 9999.0, 9999.0, 9999.0, 118.75, 122.25, 117.75, 100.5, 132.75
2023-04-06, 12:34:12, 129.75, 49.75, 18.5, 25.75, 9999.0, 1.25, 1.5, 19.5, 9999.0, 9999.0, 9999.0, 118.75, 122.25, 117.75, 101.25, 133.25
2023-04-06, 12:34:16, 130.75, 51.25, 19.0, 26.0, 9999.0, 1.25, 1.25, 19.5, 9999.0, 9999.0, 9999.0, 118.75, 122.5, 117.75, 101.25, 133.25
2023-04-06, 12:34:20, 130.75, 51.25, 18.75, 25.75, 9999.0, 1.0, 1.25, 19.5, 9999.0, 9999.0, 9999.0, 118.75, 122.25, 117.75, 101.25, 133.0
2023-04-06, 12:34:24, 130.5, 51.0, 18.75, 25.75, 9999.0, 1.0, 1.25, 19.5, 9999.0, 9999.0, 9999.0, 117.5, 122.25, 116.75, 99.0, 133.0
2023-04-06, 12:34:28, 130.75, 51.25, 18.75, 26.0, 9999.0, 1.0, 1.25, 19.75, 9999.0, 9999.0, 9999.0, 118.75, 122.25, 117.75, 101.25, 133.25
2023-04-06, 12:34:32, 130.5, 51.25, 19.0, 26.0, 9999.0, 1.0, 1.25, 19.75, 9999.0, 9999.0, 9999.0, 118.75, 122.25, 117.75, 101.25, 133.0
2023-04-06, 12:34:36, 130.75, 51.0, 18.75, 25.75, 9999.0, 1.0, 1.25, 19.5, 9999.0, 9999.0, 9999.0, 118.5, 122.25, 117.75, 101.25, 133.25
2023-04-06, 12:34:40, 130.5, 51.25, 18.75, 25.75, 9999.0, 1.0, 1.25, 19.5, 9999.0, 9999.0, 9999.0, 117.5, 122.25, 117.75, 101.25, 133.25
2023-04-06, 12:34:44, 130.75, 51.25, 18.75, 26.0, 9999.0, 1.0, 1.5, 19.5, 9999.0, 9999.0, 9999.0, 118.5, 122.25, 117.75, 101.25, 133.25
2023-04-06, 12:34:48, 130.5, 51.25, 18.75, 26.0, 9999.0, 1.25, 1.25, 19.5, 9999.0, 9999.0, 9999.0, 118.5, 122.25, 117.75, 101.25, 133.25
2023-04-06, 12:34:52, 130.75, 51.25, 18.75, 26.0, 9999.0, 1.25, 1.25, 19.5, 9999.0, 9999.0, 9999.0, 118.5, 122.25, 117.75, 101.25, 133.25
2023-04-06, 12:34:56, 130.75, 51.25, 18.75, 26.0, 9999.0, 0.5, 0.25, 18.0, 9999.0, 9999.0, 9999.0, 118.5, 122.25, 117.75, 101.25, 133.25
2023-04-06, 12:35:00, 130.5, 51.25, 19.0, 26.0, 9999.0, 1.5, 1.25, 19.75, 9999.0, 9999.0, 9999.0, 118.25, 122.25, 117.75, 101.25, 133.25
2023-04-06, 12:35:05, 130.75, 51.25, 19.0, 26.0, 9999.0, 1.25, 1.25, 19.75, 9999.0, 9999.0, 9999.0, 119.0, 122.25, 117.75, 101.25, 133.25
2023-04-06, 12:35:09, 130.75, 51.25, 19.0, 25.75, 9999.0, 1.25, 1.25, 19.5, 9999.0, 9999.0, 9999.0, 119.0, 122.25, 117.75, 101.25, 133.0
2023-04-06, 12:35:13, 130.5, 50.25, 18.75, 24.25, 9999.0, 1.25, 1.25, 19.75, 9999.0, 9999.0, 9999.0, 119.0, 122.25, 117.75, 101.25, 133.25
2023-04-06, 12:35:17, 130.75, 51.0, 19.0, 25.75, 9999.0, 1.25, 1.5, 19.75, 9999.0, 9999.0, 9999.0, 119.0, 122.25, 117.75, 101.25, 133.25
2023-04-06, 12:35:21, 130.75, 51.25, 19.0, 25.75, 9999.0, 1.25, 1.5, 19.5, 9999.0, 9999.0, 9999.0, 118.75, 122.25, 117.75, 101.25, 133.25
2023-04-06, 12:35:25, 130.75, 51.25, 18.75, 25.75, 9999.0, 1.0, 1.25, 19.75, 9999.0, 9999.0, 9999.0, 118.75, 122.25, 117.5, 100.75, 132.5
2023-04-06, 12:35:29, 129.0, 49.0, 18.75, 25.75, 9999.0, 1.25, 1.25, 19.5, 9999.0, 9999.0, 9999.0, 118.75, 122.25, 117.75, 101.25, 133.25
2023-04-06, 12:35:33, 130.5, 51.25, 18.75, 26.0, 9999.0, 1.25, 1.25, 19.75, 9999.0, 9999.0, 9999.0, 118.75, 122.25, 117.75, 101.25, 133.25
2023-04-06, 12:35:37, 130.5, 51.25, 19.0, 25.75, 9999.0, 1.25, 1.25, 19.75, 9999.0, 9999.0, 9999.0, 118.75, 122.5, 117.75, 101.25, 133.0
2023-04-06, 12:35:41, 130.5, 51.0, 18.75, 25.75, 9999.0, 1.0, 1.25, 19.5, 9999.0, 9999.0, 9999.0, 118.25, 121.5, 115.75, 101.25, 133.25
2023-04-06, 12:35:45, 130.75, 51.25, 18.75, 25.75, 9999.0, 1.0, 1.5, 19.5, 9999.0, 9999.0, 9999.0, 118.75, 122.5, 117.75, 101.25, 133.25
2023-04-06, 12:35:49, 130.5, 51.25, 18.75, 25.75, 9999.0, 1.0, 1.25, 19.5, 9999.0, 9999.0, 9999.0, 118.75, 122.25, 117.75, 101.25, 133.25
2023-04-06, 12:35:53, 130.5, 51.25, 18.75, 25.5, 9999.0, 1.0, 1.25, 19.5, 9999.0, 9999.0, 9999.0, 118.5, 122.25, 117.75, 101.25, 133.25
2023-04-06, 12:35:57, 130.5, 51.25, 18.5, 25.5, 9999.0, 1.0, 1.25, 18.75, 9999.0, 9999.0, 9999.0, 118.5, 122.25, 117.75, 101.25, 133.25
2023-04-06, 12:36:01, 130.75, 50.75, 18.75, 25.75, 9999.0, 1.0, 1.25, 19.5, 9999.0, 9999.0, 9999.0, 118.5, 122.25, 117.75, 101.25, 133.25
2023-04-06, 12:36:05, 130.75, 51.25, 18.75, 25.75, 9999.0, 1.0, 1.25, 19.75, 9999.0, 9999.0, 9999.0, 118.5, 122.25, 117.75, 101.25, 133.25
2023-04-06, 12:36:09, 130.75, 51.25, 18.75, 25.75, 9999.0, 1.0, 1.25, 19.5, 9999.0, 9999.0, 9999.0, 118.5, 122.25, 117.75, 101.25, 133.25
2023-04-06, 12:36:13, 130.5, 51.0, 18.75, 24.75, 9999.0, 0.75, 0.0, 19.0, 9999.0, 9999.0, 9999.0, 118.5, 122.25, 117.75, 101.25, 133.0
2023-04-06, 12:36:17, 130.75, 51.0, 18.75, 25.75, 9999.0, 1.25, 1.25, 19.5, 9999.0, 9999.0, 9999.0, 118.5, 122.25, 117.75, 101.25, 133.25
2023-04-06, 12:36:21, 130.5, 51.0, 18.75, 25.75, 9999.0, 1.25, 1.25, 19.75, 9999.0, 9999.0, 9999.0, 118.25, 122.25, 118.0, 101.25, 133.25
2023-04-06, 12:36:25, 130.75, 51.0, 18.75, 25.75, 9999.0, 1.25, 1.25, 19.5, 9999.0, 9999.0, 9999.0, 119.0, 122.25, 117.75, 101.25, 133.0
2023-04-06, 12:36:29, 129.0, 51.0, 17.75, 24.0, 9999.0, 1.25, 1.25, 19.5, 9999.0, 9999.0, 9999.0, 119.0, 122.25, 117.75, 101.25, 133.25
2023-04-06, 12:36:33, 130.5, 51.0, 18.75, 25.75, 9999.0, 1.0, 1.25, 19.5, 9999.0, 9999.0, 9999.0, 119.0, 122.25, 117.75, 101.25, 133.25
2023-04-06, 12:36:37, 130.75, 51.25, 18.75, 25.75, 9999.0, 1.25, 1.5, 19.75, 9999.0, 9999.0, 9999.0, 118.75, 122.25, 117.75, 101.25, 133.25
2023-04-06, 12:36:41, 130.5, 51.0, 18.75, 25.75, 9999.0, 1.25, 1.25, 19.5, 9999.0, 9999.0, 9999.0, 118.75, 122.25, 117.0, 101.0, 131.25
2023-04-06, 12:36:45, 127.75, 51.0, 18.75, 25.75, 9999.0, 1.0, 1.25, 19.5, 9999.0, 9999.0, 9999.0, 118.75, 122.25, 117.75, 101.25, 133.25
2023-04-06, 12:36:49, 130.5, 51.25, 18.75, 25.75, 9999.0, 1.0, 1.25, 19.5, 9999.0, 9999.0, 9999.0, 118.75, 122.25, 117.75, 101.25, 133.0
2023-04-06, 12:36:53, 130.5, 51.25, 19.0, 25.75, 9999.0, 1.25, 1.25, 19.5, 9999.0, 9999.0, 9999.0, 118.75, 122.5, 117.75, 101.25, 133.0
2023-04-06, 12:36:57, 130.5, 51.0, 18.75, 25.75, 9999.0, 1.0, 1.25, 19.5, 9999.0, 9999.0, 9999.0, 118.25, 120.75, 117.25, 101.25, 133.25
2023-04-06, 12:37:01, 130.5, 51.0, 19.0, 25.75, 9999.0, 1.0, 1.25, 19.5, 9999.0, 9999.0, 9999.0, 118.75, 122.5, 117.75, 101.25, 133.25
2023-04-06, 12:37:05, 130.5, 51.0, 18.75, 26.0, 9999.0, 1.0, 1.25, 19.5, 9999.0, 9999.0, 9999.0, 118.75, 122.25, 117.75, 101.25, 133.0
2023-04-06, 12:37:09, 130.5, 51.0, 18.75, 26.0, 9999.0, 1.0, 1.25, 19.5, 9999.0, 9999.0, 9999.0, 118.5, 122.25, 117.75, 101.25, 133.25
2023-04-06, 12:37:13, 130.5, 51.0, 19.0, 25.75, 9999.0, 1.0, -0.25, 19.25, 9999.0, 9999.0, 9999.0, 118.5, 122.25, 117.75, 101.25, 133.0
2023-04-06, 12:37:17, 130.5, 51.0, 18.75, 25.75, 9999.0, 1.0, 1.25, 19.5, 9999.0, 9999.0, 9999.0, 118.5, 122.25, 117.75, 101.25, 133.0
2023-04-06, 12:37:21, 130.5, 51.25, 18.75, 25.75, 9999.0, 1.0, 1.25, 19.5, 9999.0, 9999.0, 9999.0, 118.5, 122.25, 117.75, 101.25, 133.25
2023-04-06, 12:37:25, 130.5, 51.0, 18.75, 25.5, 9999.0, 1.0, 1.25, 19.5, 9999.0, 9999.0, 9999.0, 118.25, 122.25, 117.75, 101.25, 133.0
2023-04-06, 12:37:29, 130.5, 51.0, 18.75, 25.0, 9999.0, 0.0, -0.5, 19.5, 9999.0, 9999.0, 9999.0, 118.5, 122.25, 117.75, 101.25, 133.0
2023-04-06, 12:37:33, 130.5, 51.0, 18.75, 25.75, 9999.0, 1.0, 1.25, 19.5, 9999.0, 9999.0, 9999.0, 118.5, 122.25, 117.75, 101.25, 133.0
2023-04-06, 12:37:37, 130.5, 51.0, 18.75, 25.5, 9999.0, 1.25, 1.25, 19.5, 9999.0, 9999.0, 9999.0, 118.25, 122.25, 117.75, 101.25, 133.25
2023-04-06, 12:37:41, 130.5, 51.0, 19.0, 25.5, 9999.0, 1.25, 1.25, 19.5, 9999.0, 9999.0, 9999.0, 118.25, 122.25, 117.75, 101.25, 132.0
2023-04-06, 12:37:45, 129.75, 50.25, 17.5, 25.0, 9999.0, 1.25, 1.25, 19.5, 9999.0, 9999.0, 9999.0, 119.0, 122.25, 117.75, 101.25, 133.25
2023-04-06, 12:37:49, 130.5, 51.0, 18.75, 25.5, 9999.0, 1.25, 1.25, 19.5, 9999.0, 9999.0, 9999.0, 119.0, 122.25, 117.75, 101.25, 133.25
2023-04-06, 12:37:53, 130.5, 51.0, 18.75, 25.5, 9999.0, 1.25, 1.25, 19.5, 9999.0, 9999.0, 9999.0, 118.75, 122.25, 118.0, 101.25, 133.25
2023-04-06, 12:37:57, 130.5, 51.0, 18.75, 25.5, 9999.0, 1.25, 1.25, 19.5, 9999.0, 9999.0, 9999.0, 118.75, 121.0, 117.5, 100.25, 129.0
2023-04-06, 12:38:01, 130.5, 51.0, 18.75, 25.75, 9999.0, 1.0, 1.25, 19.5, 9999.0, 9999.0, 9999.0, 118.75, 122.25, 117.75, 101.25, 133.25
2023-04-06, 12:38:05, 130.5, 51.0, 18.75, 25.75, 9999.0, 1.25, 1.25, 19.5, 9999.0, 9999.0, 9999.0, 118.75, 122.25, 117.75, 101.25, 133.0
2023-04-06, 12:38:09, 130.5, 51.0, 18.75, 25.75, 9999.0, 1.0, 1.25, 19.5, 9999.0, 9999.0, 9999.0, 118.75, 122.25, 117.75, 101.25, 133.25
2023-04-06, 12:38:13, 130.5, 51.0, 18.75, 25.75, 9999.0, 1.0, 1.25, 19.5, 9999.0, 9999.0, 9999.0, 117.25, 119.0, 117.75, 101.25, 133.25
2023-04-06, 12:38:17, 130.5, 51.0, 18.75, 25.75, 9999.0, 1.0, 1.25, 19.5, 9999.0, 9999.0, 9999.0, 118.75, 122.25, 117.75, 101.25, 133.25
2023-04-06, 12:38:21, 130.5, 51.0, 18.75, 25.75, 9999.0, 1.0, 1.25, 19.5, 9999.0, 9999.0, 9999.0, 118.75, 122.25, 118.0, 101.25, 133.0
2023-04-06, 12:38:25, 130.5, 51.0, 18.75, 25.75, 9999.0, 1.0, 1.25, 19.5, 9999.0, 9999.0, 9999.0, 118.5, 122.5, 117.75, 101.25, 133.0
2023-04-06, 12:38:29, 130.5, 51.0, 18.75, 25.75, 9999.0, -0.5, 0.5, 19.0, 9999.0, 9999.0, 9999.0, 118.5, 122.25, 117.75, 101.25, 133.25
2023-04-06, 12:38:33, 130.5, 51.0, 18.75, 25.75, 9999.0, 0.75, 1.25, 19.5, 9999.0, 9999.0, 9999.0, 118.5, 122.25, 117.75, 101.25, 133.0
2023-04-06, 12:38:37, 130.5, 51.0, 18.75, 25.75, 9999.0, 1.0, 1.25, 19.5, 9999.0, 9999.0, 9999.0, 118.5, 122.25, 117.75, 101.25, 133.0
2023-04-06, 12:38:41, 130.25, 51.0, 18.75, 25.75, 9999.0, 0.75, 1.25, 19.5, 9999.0, 9999.0, 9999.0, 118.25, 122.25, 118.0, 101.25, 133.0
2023-04-06, 12:38:45, 130.5, 51.0, 17.0, 25.75, 9999.0, -1.0, 1.25, 19.5, 9999.0, 9999.0, 9999.0, 118.25, 122.25, 117.75, 101.25, 133.0
2023-04-06, 12:38:49, 130.5, 51.0, 18.75, 25.75, 9999.0, 1.25, 1.25, 19.5, 9999.0, 9999.0, 9999.0, 118.25, 122.25, 117.75, 101.25, 133.0
2023-04-06, 12:38:53, 130.5, 51.0, 18.75, 25.75, 9999.0, 1.0, 1.25, 19.5, 9999.0, 9999.0, 9999.0, 118.25, 122.25, 117.75, 101.25, 133.0
2023-04-06, 12:38:57, 130.5, 51.0, 19.0, 25.75, 9999.0, 1.25, 1.25, 19.5, 9999.0, 9999.0, 9999.0, 118.25, 122.25, 117.75, 101.0, 132.0
2023-04-06, 12:39:01, 130.25, 49.25, 16.25, 25.75, 9999.0, 1.25, 1.25, 19.5, 9999.0, 9999.0, 9999.0, 119.0, 122.0, 118.0, 101.25, 133.25
2023-04-06, 12:39:05, 130.5, 51.0, 18.75, 25.25, 9999.0, 1.25, 1.25, 19.5, 9999.0, 9999.0, 9999.0, 119.0, 122.25, 117.75, 101.25, 133.0
2023-04-06, 12:39:09, 130.5, 51.0, 18.75, 25.5, 9999.0, 1.25, 1.25, 19.5, 9999.0, 9999.0, 9999.0, 119.0, 122.25, 117.75, 101.25, 133.25
2023-04-06, 12:39:13, 130.25, 51.0, 18.75, 25.5, 9999.0, 1.25, 1.25, 19.5, 9999.0, 9999.0, 9999.0, 118.25, 121.75, 117.25, 100.25, 132.5
2023-04-06, 12:39:17, 130.5, 51.0, 18.75, 25.75, 9999.0, 1.0, 1.25, 19.5, 9999.0, 9999.0, 9999.0, 118.75, 122.25, 117.75, 101.25, 133.0
2023-04-06, 12:39:21, 130.5, 51.0, 18.75, 25.75, 9999.0, 1.0, 1.25, 19.5, 9999.0, 9999.0, 9999.0, 118.75, 122.25, 117.75, 101.25, 133.0
2023-04-06, 12:39:25, 130.5, 51.0, 18.75, 26.0, 9999.0, 1.0, 1.25, 19.5, 9999.0, 9999.0, 9999.0, 118.75, 122.0, 117.75, 101.25, 133.25
2023-04-06, 12:39:29, 130.5, 51.0, 18.75, 25.75, 9999.0, 1.0, 1.25, 19.5, 9999.0, 9999.0, 9999.0, 115.25, 122.0, 117.75, 101.25, 133.0
2023-04-06, 12:39:34, 130.5, 51.0, 19.0, 25.75, 9999.0, 1.0, 1.25, 19.5, 9999.0, 9999.0, 9999.0, 118.75, 122.5, 117.75, 101.25, 133.0
2023-04-06, 12:39:38, 130.5, 51.0, 18.75, 25.75, 9999.0, 1.0, 1.25, 19.5, 9999.0, 9999.0, 9999.0, 118.75, 122.25, 117.75, 101.25, 133.0
2023-04-06, 12:39:42, 130.5, 51.0, 18.75, 25.75, 9999.0, 1.0, 1.25, 19.5, 9999.0, 9999.0, 9999.0, 118.5, 122.25, 117.75, 101.25, 133.0
2023-04-06, 12:39:46, 130.5, 51.0, 18.75, 25.75, 9999.0, 0.25, 1.0, 18.25, 9999.0, 9999.0, 9999.0, 118.5, 122.25, 117.75, 101.25, 133.25
2023-04-06, 12:39:50, 130.5, 51.0, 18.75, 25.75, 9999.0, 1.0, 1.25, 19.5, 9999.0, 9999.0, 9999.0, 118.5, 122.25, 117.75, 101.25, 133.25
2023-04-06, 12:39:54, 130.5, 51.0, 18.75, 25.5, 9999.0, 1.0, 1.25, 19.5, 9999.0, 9999.0, 9999.0, 118.5, 122.25, 117.75, 101.25, 133.25
2023-04-06, 12:39:58, 130.5, 51.0, 18.75, 25.75, 9999.0, 1.0, 1.25, 19.5, 9999.0, 9999.0, 9999.0, 118.25, 122.25, 117.75, 101.25, 133.0
2023-04-06, 12:40:02, 130.5, 49.5, 18.0, 24.5, 9999.0, 0.75, 1.25, 19.5, 9999.0, 9999.0, 9999.0, 118.5, 122.25, 117.75, 101.25, 133.25
2023-04-06, 12:40:06, 130.5, 51.0, 18.75, 25.75, 9999.0, 1.0, 1.25, 19.5, 9999.0, 9999.0, 9999.0, 118.5, 122.25, 118.0, 101.25, 133.0
2023-04-06, 12:40:10, 130.5, 51.0, 18.75, 25.75, 9999.0, 1.0, 1.25, 19.5, 9999.0, 9999.0, 9999.0, 118.25, 122.25, 117.75, 101.25, 133.0
2023-04-06, 12:40:14, 130.5, 51.0, 18.75, 25.75, 9999.0, 1.25, 1.25, 19.5, 9999.0, 9999.0, 9999.0, 118.25, 122.25, 117.75, 100.5, 133.0
2023-04-06, 12:40:18, 129.25, 47.0, 18.75, 25.75, 9999.0, 1.25, 1.25, 19.5, 9999.0, 9999.0, 9999.0, 118.25, 122.25, 117.75, 101.25, 133.0
2023-04-06, 12:40:22, 130.5, 51.0, 19.0, 25.75, 9999.0, 1.25, 1.25, 19.5, 9999.0, 9999.0, 9999.0, 119.0, 122.25, 118.0, 101.25, 133.25
2023-04-06, 12:40:26, 130.5, 51.0, 19.0, 25.75, 9999.0, 1.25, 1.25, 19.5, 9999.0, 9999.0, 9999.0, 119.0, 122.25, 117.75, 101.25, 133.0
2023-04-06, 12:40:30, 130.5, 51.0, 18.75, 25.75, 9999.0, 1.25, 1.25, 19.5, 9999.0, 9999.0, 9999.0, 118.25, 121.75, 116.25, 99.5, 133.0
2023-04-06, 12:40:34, 130.5, 51.0, 18.75, 25.75, 9999.0, 1.25, 1.25, 19.5, 9999.0, 9999.0, 9999.0, 118.75, 122.25, 117.75, 101.25, 133.0
2023-04-06, 12:40:38, 130.5, 51.0, 18.75, 25.75, 9999.0, 1.0, 1.25, 19.5, 9999.0, 9999.0, 9999.0, 118.75, 122.25, 117.75, 101.25, 133.0
2023-04-06, 12:40:42, 130.25, 51.0, 18.75, 25.75, 9999.0, 1.0, 1.25, 19.5, 9999.0, 9999.0, 9999.0, 118.75, 122.0, 117.75, 101.25, 133.0
2023-04-06, 12:40:46, 130.5, 51.0, 18.75, 25.75, 9999.0, 1.0, 1.25, 18.25, 9999.0, 9999.0, 9999.0, 118.25, 122.25, 117.75, 101.25, 133.0
2023-04-06, 12:40:50, 130.5, 51.0, 18.75, 25.75, 9999.0, 1.0, 1.25, 19.5, 9999.0, 9999.0, 9999.0, 118.75, 122.25, 118.0, 101.25, 133.0
2023-04-06, 12:40:54, 130.5, 51.0, 18.75, 25.75, 9999.0, 1.0, 1.25, 19.5, 9999.0, 9999.0, 9999.0, 118.75, 122.25, 117.75, 101.25, 133.0
2023-04-06, 12:40:58, 130.5, 51.0, 18.75, 25.75, 9999.0, 1.0, 1.25, 19.5, 9999.0, 9999.0, 9999.0, 118.75, 122.5, 117.75, 101.25, 133.0
2023-04-06, 12:41:02, 130.5, 51.0, 18.75, 25.75, 9999.0, 0.75, 0.25, 17.5, 9999.0, 9999.0, 9999.0, 118.75, 122.25, 117.75, 101.25, 133.25
2023-04-06, 12:41:06, 130.5, 51.0, 18.75, 25.75, 9999.0, 1.0, 1.25, 19.5, 9999.0, 9999.0, 9999.0, 118.5, 122.25, 117.75, 101.25, 133.0
2023-04-06, 12:41:10, 130.5, 51.0, 18.75, 26.0, 9999.0, 1.0, 1.25, 19.5, 9999.0, 9999.0, 9999.0, 118.5, 122.25, 117.75, 101.25, 133.0
2023-04-06, 12:41:14, 130.5, 51.0, 18.75, 26.0, 9999.0, 0.75, 1.25, 19.5, 9999.0, 9999.0, 9999.0, 118.5, 122.25, 117.75, 101.25, 133.25
2023-04-06, 12:41:18, 130.0, 50.25, 18.5, 24.5, 9999.0, 1.0, 1.25, 19.5, 9999.0, 9999.0, 9999.0, 118.5, 122.25, 117.75, 101.25, 133.25
2023-04-06, 12:41:22, 130.5, 51.0, 18.75, 25.75, 9999.0, 0.75, 1.25, 19.5, 9999.0, 9999.0, 9999.0, 118.25, 122.25, 117.75, 101.25, 133.0
2023-04-06, 12:41:26, 130.5, 51.0, 19.0, 25.75, 9999.0, 1.0, 1.25, 19.5, 9999.0, 9999.0, 9999.0, 118.5, 122.25, 117.75, 101.5, 133.25
2023-04-06, 12:41:30, 130.5, 51.0, 18.75, 25.75, 9999.0, 1.0, 1.25, 19.5, 9999.0, 9999.0, 9999.0, 118.25, 122.25, 116.5, 101.0, 132.0
2023-04-06, 12:41:34, 128.0, 51.0, 18.75, 26.0, 9999.0, 1.25, 1.25, 19.5, 9999.0, 9999.0, 9999.0, 118.25, 122.25, 118.0, 101.5, 133.25
2023-04-06, 12:41:38, 130.5, 51.0, 18.75, 25.75, 9999.0, 1.25, 1.25, 19.75, 9999.0, 9999.0, 9999.0, 118.25, 122.25, 117.75, 101.25, 133.0
2023-04-06, 12:41:42, 130.5, 51.0, 18.75, 25.75, 9999.0, 1.25, 1.25, 19.5, 9999.0, 9999.0, 9999.0, 119.0, 122.25, 117.75, 101.25, 133.0
2023-04-06, 12:41:46, 130.25, 51.0, 19.0, 25.75, 9999.0, 1.25, 1.25, 19.5, 9999.0, 9999.0, 9999.0, 118.75, 121.0, 115.0, 101.25, 133.25
2023-04-06, 12:41:50, 130.5, 51.0, 18.75, 25.75, 9999.0, 1.0, 1.25, 19.5, 9999.0, 9999.0, 9999.0, 118.75, 122.25, 118.0, 101.25, 133.25
2023-04-06, 12:41:54, 130.5, 51.0, 19.0, 25.75, 9999.0, 1.25, 1.25, 19.5, 9999.0, 9999.0, 9999.0, 118.75, 122.25, 117.75, 101.25, 133.25
2023-04-06, 12:41:58, 130.5, 51.0, 19.0, 26.0, 9999.0, 1.25, 1.25, 19.75, 9999.0, 9999.0, 9999.0, 118.75, 122.25, 117.75, 101.5, 133.0
2023-04-06, 12:42:02, 130.5, 51.25, 18.75, 26.0, 9999.0, 1.0, 1.25, 19.0, 9999.0, 9999.0, 9999.0, 118.75, 122.25, 118.0, 101.5, 133.25
2023-04-06, 12:42:06, 130.5, 51.25, 18.75, 26.0, 9999.0, 1.0, 1.25, 19.5, 9999.0, 9999.0, 9999.0, 118.75, 122.25, 117.75, 101.5, 133.0
2023-04-06, 12:42:10, 130.5, 51.25, 19.0, 25.75, 9999.0, 1.0, 1.25, 19.5, 9999.0, 9999.0, 9999.0, 118.75, 122.5, 117.75, 101.5, 133.25
2023-04-06, 12:42:14, 130.5, 51.25, 19.0, 25.75, 9999.0, 1.0, 1.25, 19.5, 9999.0, 9999.0, 9999.0, 118.75, 122.5, 117.75, 101.5, 133.25
2023-04-06, 12:42:18, 130.5, 51.0, 18.75, 24.25, 9999.0, -0.25, -0.75, 19.5, 9999.0, 9999.0, 9999.0, 118.75, 122.5, 117.75, 101.25, 133.25
2023-04-06, 12:42:22, 130.5, 51.0, 19.0, 26.0, 9999.0, 1.0, 1.25, 19.5, 9999.0, 9999.0, 9999.0, 118.75, 122.5, 117.75, 101.25, 133.25
2023-04-06, 12:42:26, 130.5, 51.0, 18.75, 26.0, 9999.0, 1.0, 1.25, 19.5, 9999.0, 9999.0, 9999.0, 118.5, 122.5, 117.75, 101.25, 133.25
2023-04-06, 12:42:30, 130.5, 51.25, 18.75, 26.0, 9999.0, 1.0, 1.25, 19.75, 9999.0, 9999.0, 9999.0, 118.5, 122.5, 117.75, 101.25, 133.25
2023-04-06, 12:42:34, 129.75, 51.0, 17.75, 23.0, 9999.0, 1.0, 1.25, 19.5, 9999.0, 9999.0, 9999.0, 118.5, 122.5, 117.75, 101.5, 133.25
2023-04-06, 12:42:38, 130.5, 51.0, 19.0, 25.75, 9999.0, 1.0, 1.25, 19.5, 9999.0, 9999.0, 9999.0, 118.5, 122.5, 117.75, 101.25, 133.25
2023-04-06, 12:42:42, 130.5, 51.0, 18.75, 25.75, 9999.0, 1.25, 1.25, 19.5, 9999.0, 9999.0, 9999.0, 118.5, 122.5, 118.0, 101.5, 133.25
2023-04-06, 12:42:46, 130.5, 51.0, 19.0, 25.75, 9999.0, 1.25, 1.25, 19.75, 9999.0, 9999.0, 9999.0, 118.25, 121.75, 117.0, 100.75, 131.5
2023-04-06, 12:42:50, 130.25, 51.0, 19.0, 25.75, 9999.0, 1.25, 1.25, 19.5, 9999.0, 9999.0, 9999.0, 118.25, 122.5, 117.75, 101.25, 133.25
2023-04-06, 12:42:54, 130.5, 51.25, 19.0, 25.75, 9999.0, 1.25, 1.25, 19.75, 9999.0, 9999.0, 9999.0, 118.25, 122.5, 117.75, 101.5, 133.25
2023-04-06, 12:42:58, 130.5, 51.0, 19.0, 25.75, 9999.0, 1.25, 1.25, 19.75, 9999.0, 9999.0, 9999.0, 119.0, 122.25, 117.75, 101.25, 133.0
2023-04-06, 12:43:02, 130.5, 51.0, 19.0, 25.75, 9999.0, 1.25, 1.25, 19.5, 9999.0, 9999.0, 9999.0, 118.0, 120.0, 117.75, 101.25, 133.25
2023-04-06, 12:43:06, 130.5, 51.0, 18.75, 25.75, 9999.0, 1.25, 1.25, 19.75, 9999.0, 9999.0, 9999.0, 119.0, 122.25, 117.75, 101.5, 133.25
2023-04-06, 12:43:10, 130.5, 51.0, 19.0, 25.75, 9999.0, 1.25, 1.5, 19.75, 9999.0, 9999.0, 9999.0, 119.0, 122.5, 117.75, 101.5, 133.25
2023-04-06, 12:43:14, 130.5, 51.0, 19.0, 25.75, 9999.0, 1.25, 1.25, 19.75, 9999.0, 9999.0, 9999.0, 118.75, 122.25, 117.75, 101.25, 133.25
2023-04-06, 12:43:18, 130.5, 51.0, 19.0, 25.75, 9999.0, 1.0, 0.25, 19.5, 9999.0, 9999.0, 9999.0, 118.75, 122.25, 117.75, 101.5, 133.25
2023-04-06, 12:43:22, 130.5, 51.25, 19.0, 25.75, 9999.0, 1.0, 1.25, 19.75, 9999.0, 9999.0, 9999.0, 118.75, 122.25, 117.75, 101.5, 133.25
2023-04-06, 12:43:26, 130.5, 51.25, 19.0, 25.75, 9999.0, 1.0, 1.25, 19.75, 9999.0, 9999.0, 9999.0, 118.75, 122.5, 117.75, 101.5, 133.25
2023-04-06, 12:43:30, 130.5, 51.0, 19.0, 25.75, 9999.0, 1.0, 1.25, 19.5, 9999.0, 9999.0, 9999.0, 118.75, 122.5, 117.75, 101.5, 133.25
2023-04-06, 12:43:34, 130.5, 51.0, 18.0, 24.75, 9999.0, -0.25, 0.5, 19.5, 9999.0, 9999.0, 9999.0, 118.75, 122.5, 117.75, 101.5, 133.25
2023-04-06, 12:43:38, 130.75, 51.25, 19.0, 25.75, 9999.0, 1.25, 1.25, 19.5, 9999.0, 9999.0, 9999.0, 118.75, 122.5, 117.75, 101.5, 133.25
2023-04-06, 12:43:42, 130.5, 51.25, 19.0, 26.0, 9999.0, 1.0, 1.5, 19.75, 9999.0, 9999.0, 9999.0, 118.75, 122.5, 117.75, 101.5, 133.25
2023-04-06, 12:43:46, 130.5, 51.25, 19.0, 25.75, 9999.0, 1.0, 1.25, 19.5, 9999.0, 9999.0, 9999.0, 118.5, 122.5, 117.75, 101.25, 131.0
2023-04-06, 12:43:50, 130.5, 49.75, 15.5, 25.75, 9999.0, 1.0, 1.25, 19.5, 9999.0, 9999.0, 9999.0, 118.5, 122.5, 117.75, 101.5, 133.25
2023-04-06, 12:43:54, 130.5, 51.25, 19.0, 25.75, 9999.0, 1.0, 1.25, 19.5, 9999.0, 9999.0, 9999.0, 118.5, 122.5, 117.75, 101.5, 133.25
2023-04-06, 12:43:58, 130.5, 51.25, 19.0, 25.75, 9999.0, 1.0, 1.25, 19.75, 9999.0, 9999.0, 9999.0, 118.5, 122.25, 117.75, 101.25, 133.25
2023-04-06, 12:44:03, 130.5, 51.0, 19.0, 25.75, 9999.0, 1.25, 1.25, 19.5, 9999.0, 9999.0, 9999.0, 118.25, 121.5, 117.75, 100.0, 129.0
2023-04-06, 12:44:07, 130.5, 51.25, 19.0, 25.75, 9999.0, 1.25, 1.25, 19.5, 9999.0, 9999.0, 9999.0, 118.5, 122.5, 118.0, 101.5, 133.25
2023-04-06, 12:44:11, 130.5, 51.25, 19.0, 25.75, 9999.0, 1.25, 1.25, 19.75, 9999.0, 9999.0, 9999.0, 118.5, 122.25, 118.0, 101.25, 133.25
2023-04-06, 12:44:15, 130.75, 51.25, 18.75, 25.75, 9999.0, 1.25, 1.5, 19.75, 9999.0, 9999.0, 9999.0, 118.5, 122.25, 117.75, 101.25, 133.25
2023-04-06, 12:44:19, 130.5, 51.25, 19.0, 25.75, 9999.0, 1.25, 1.5, 19.5, 9999.0, 9999.0, 9999.0, 117.5, 121.75, 117.75, 101.25, 133.25
2023-04-06, 12:44:23, 130.75, 51.25, 19.0, 26.0, 9999.0, 1.25, 1.5, 19.5, 9999.0, 9999.0, 9999.0, 119.0, 122.5, 117.75, 101.5, 133.25
2023-04-06, 12:44:27, 130.5, 51.25, 19.0, 26.0, 9999.0, 1.25, 1.25, 19.5, 9999.0, 9999.0, 9999.0, 119.0, 122.5, 118.0, 101.5, 133.25
2023-04-06, 12:44:31, 130.5, 51.25, 19.0, 26.0, 9999.0, 1.25, 1.5, 19.5, 9999.0, 9999.0, 9999.0, 118.75, 122.25, 117.75, 101.25, 133.25
2023-04-06, 12:44:35, 130.5, 51.0, 18.75, 26.0, 9999.0, -0.25, 1.0, 18.5, 9999.0, 9999.0, 9999.0, 118.75, 122.25, 117.75, 101.5, 133.25
2023-04-06, 12:44:39, 130.75, 51.25, 19.0, 26.0, 9999.0, 1.25, 1.5, 19.75, 9999.0, 9999.0, 9999.0, 118.75, 122.25, 117.75, 101.25, 133.25
2023-04-06, 12:44:43, 130.5, 51.25, 19.0, 26.0, 9999.0, 1.0, 1.25, 19.75, 9999.0, 9999.0, 9999.0, 118.75, 122.25, 117.75, 101.25, 133.25
2023-04-06, 12:44:47, 130.5, 51.25, 19.0, 25.75, 9999.0, 1.0, 1.25, 19.5, 9999.0, 9999.0, 9999.0, 118.75, 122.25, 117.75, 101.25, 133.25
2023-04-06, 12:44:51, 130.5, 51.0, 18.0, 25.5, 9999.0, -0.5, 1.25, 19.5, 9999.0, 9999.0, 9999.0, 118.75, 122.5, 117.75, 101.25, 133.25
2023-04-06, 12:44:55, 130.5, 51.25, 18.75, 25.75, 9999.0, 1.0, 1.25, 19.5, 9999.0, 9999.0, 9999.0, 118.75, 122.5, 118.0, 101.25, 133.25
2023-04-06, 12:44:59, 130.75, 51.25, 19.0, 25.5, 9999.0, 1.0, 1.25, 19.5, 9999.0, 9999.0, 9999.0, 118.75, 122.5, 118.0, 101.25, 133.25
2023-04-06, 12:45:03, 130.5, 51.0, 19.0, 25.5, 9999.0, 1.0, 1.25, 19.75, 9999.0, 9999.0, 9999.0, 118.5, 122.5, 117.75, 100.25, 132.25
2023-04-06, 12:45:07, 129.75, 49.75, 18.75, 26.0, 9999.0, 1.0, 1.25, 19.5, 9999.0, 9999.0, 9999.0, 118.5, 122.5, 117.75, 101.5, 133.25
2023-04-06, 12:45:11, 130.5, 51.0, 19.0, 26.0, 9999.0, 1.0, 1.25, 19.5, 9999.0, 9999.0, 9999.0, 118.5, 122.5, 117.75, 101.5, 133.25
2023-04-06, 12:45:15, 130.5, 51.25, 18.75, 26.0, 9999.0, 1.0, 1.25, 19.75, 9999.0, 9999.0, 9999.0, 118.5, 122.5, 118.0, 101.25, 133.25
2023-04-06, 12:45:19, 130.5, 51.0, 18.75, 26.0, 9999.0, 1.25, 1.25, 19.5, 9999.0, 9999.0, 9999.0, 117.5, 122.25, 116.5, 99.25, 133.25
2023-04-06, 12:45:23, 130.5, 51.25, 19.0, 26.0, 9999.0, 1.25, 1.25, 19.5, 9999.0, 9999.0, 9999.0, 118.5, 122.5, 118.0, 101.25, 133.25
2023-04-06, 12:45:27, 130.5, 51.0, 19.0, 26.0, 9999.0, 1.25, 1.25, 19.5, 9999.0, 9999.0, 9999.0, 118.5, 122.5, 118.0, 101.25, 133.25
2023-04-06, 12:45:31, 130.5, 51.25, 19.0, 26.0, 9999.0, 1.25, 1.25, 19.75, 9999.0, 9999.0, 9999.0, 118.5, 122.25, 118.0, 101.25, 133.25
2023-04-06, 12:45:35, 130.5, 51.0, 19.0, 25.75, 9999.0, 1.25, 1.25, 19.5, 9999.0, 9999.0, 9999.0, 116.25, 122.5, 118.0, 101.25, 133.25
2023-04-06, 12:45:39, 130.5, 51.0, 19.0, 25.75, 9999.0, 1.25, 1.25, 19.75, 9999.0, 9999.0, 9999.0, 119.0, 122.25, 118.0, 101.25, 133.25
2023-04-06, 12:45:43, 130.75, 51.25, 19.0, 25.75, 9999.0, 1.25, 1.25, 19.5, 9999.0, 9999.0, 9999.0, 119.0, 122.5, 117.75, 101.25, 133.25
2023-04-06, 12:45:47, 130.5, 51.25, 19.0, 25.75, 9999.0, 1.25, 1.25, 19.75, 9999.0, 9999.0, 9999.0, 119.0, 122.25, 118.0, 101.5, 133.25
2023-04-06, 12:45:51, 130.5, 51.0, 19.0, 25.5, 9999.0, 0.75, 0.75, 18.0, 9999.0, 9999.0, 9999.0, 118.75, 122.25, 118.0, 101.25, 133.25
2023-04-06, 12:45:55, 130.5, 51.25, 19.0, 25.75, 9999.0, 1.25, 1.25, 19.5, 9999.0, 9999.0, 9999.0, 118.75, 122.25, 117.75, 101.5, 133.25
2023-04-06, 12:45:59, 130.75, 51.25, 19.0, 26.0, 9999.0, 1.25, 1.25, 19.5, 9999.0, 9999.0, 9999.0, 118.75, 122.25, 118.0, 101.25, 133.25
2023-04-06, 12:46:03, 130.5, 51.0, 18.75, 25.75, 9999.0, 1.25, 1.25, 19.5, 9999.0, 9999.0, 9999.0, 118.75, 122.25, 117.75, 101.25, 133.0
2023-04-06, 12:46:07, 130.5, 49.75, 18.75, 24.5, 9999.0, 1.0, 1.25, 19.75, 9999.0, 9999.0, 9999.0, 118.75, 122.5, 117.75, 101.25, 133.25
2023-04-06, 12:46:11, 130.5, 51.25, 19.0, 25.75, 9999.0, 1.0, 1.25, 19.75, 9999.0, 9999.0, 9999.0, 118.75, 122.5, 117.75, 101.25, 133.25
2023-04-06, 12:46:15, 130.75, 51.0, 19.0, 25.75, 9999.0, 1.0, 1.25, 19.5, 9999.0, 9999.0, 9999.0, 118.75, 122.5, 117.75, 101.5, 133.25
2023-04-06, 12:46:19, 130.5, 51.0, 18.75, 25.5, 9999.0, 1.0, 1.25, 19.5, 9999.0, 9999.0, 9999.0, 118.75, 122.5, 117.5, 100.75, 133.0
2023-04-06, 12:46:23, 129.0, 49.25, 19.0, 25.75, 9999.0, 1.0, 1.5, 19.5, 9999.0, 9999.0, 9999.0, 118.75, 122.5, 117.75, 101.5, 133.25
2023-04-06, 12:46:27, 130.5, 51.25, 18.75, 26.0, 9999.0, 1.0, 1.25, 19.5, 9999.0, 9999.0, 9999.0, 118.5, 122.5, 118.0, 101.25, 133.25
2023-04-06, 12:46:31, 130.5, 51.25, 19.0, 26.0, 9999.0, 1.0, 1.25, 19.5, 9999.0, 9999.0, 9999.0, 118.5, 122.25, 117.75, 101.25, 133.0
2023-04-06, 12:46:35, 130.5, 51.0, 19.0, 26.0, 9999.0, 1.0, 1.25, 19.5, 9999.0, 9999.0, 9999.0, 118.0, 121.5, 116.75, 101.25, 133.25
2023-04-06, 12:46:39, 130.5, 51.25, 19.0, 26.0, 9999.0, 1.25, 1.25, 19.5, 9999.0, 9999.0, 9999.0, 118.5, 122.5, 117.75, 101.25, 133.25
2023-04-06, 12:46:43, 130.75, 51.0, 19.0, 25.75, 9999.0, 1.25, 1.25, 19.5, 9999.0, 9999.0, 9999.0, 118.5, 122.25, 118.0, 101.25, 133.25
2023-04-06, 12:46:47, 130.75, 51.25, 19.0, 26.0, 9999.0, 1.25, 1.25, 19.5, 9999.0, 9999.0, 9999.0, 118.25, 122.25, 117.75, 101.25, 133.25
2023-04-06, 12:46:51, 130.5, 51.25, 18.75, 26.0, 9999.0, 1.25, 1.25, 18.75, 9999.0, 9999.0, 9999.0, 118.25, 122.25, 117.75, 101.25, 133.25
2023-04-06, 12:46:55, 130.5, 51.25, 18.75, 26.0, 9999.0, 1.25, 1.5, 19.75, 9999.0, 9999.0, 9999.0, 119.0, 122.25, 117.75, 101.25, 133.25
2023-04-06, 12:46:59, 130.75, 51.0, 19.0, 26.0, 9999.0, 1.25, 1.5, 19.5, 9999.0, 9999.0, 9999.0, 118.75, 122.25, 117.75, 101.25, 133.25
2023-04-06, 12:47:03, 130.5, 51.25, 19.0, 25.75, 9999.0, 1.25, 1.25, 19.5, 9999.0, 9999.0, 9999.0, 119.0, 122.25, 118.0, 101.25, 133.25
2023-04-06, 12:47:07, 130.5, 51.0, 19.0, 25.75, 9999.0, 0.75, 0.0, 19.0, 9999.0, 9999.0, 9999.0, 119.0, 122.25, 117.75, 101.25, 133.25
2023-04-06, 12:47:11, 130.5, 51.25, 19.0, 26.0, 9999.0, 1.25, 1.25, 19.5, 9999.0, 9999.0, 9999.0, 118.75, 122.25, 117.75, 101.25, 133.25
2023-04-06, 12:47:15, 130.5, 51.25, 19.0, 25.5, 9999.0, 1.0, 1.25, 19.5, 9999.0, 9999.0, 9999.0, 118.75, 122.25, 117.75, 101.25, 133.25
2023-04-06, 12:47:19, 130.75, 51.0, 19.0, 25.5, 9999.0, 1.0, 1.25, 19.5, 9999.0, 9999.0, 9999.0, 118.75, 122.25, 117.75, 101.0, 133.25
2023-04-06, 12:47:23, 128.75, 50.5, 17.75, 24.0, 9999.0, 1.0, 1.25, 19.5, 9999.0, 9999.0, 9999.0, 118.75, 122.5, 117.75, 101.25, 133.25
2023-04-06, 12:47:27, 130.5, 51.0, 19.0, 25.75, 9999.0, 1.0, 1.25, 19.5, 9999.0, 9999.0, 9999.0, 118.75, 122.5, 118.0, 101.25, 133.25
2023-04-06, 12:47:31, 130.5, 51.0, 18.75, 25.75, 9999.0, 1.0, 1.25, 19.5, 9999.0, 9999.0, 9999.0, 118.75, 122.5, 118.0, 101.25, 133.25
2023-04-06, 12:47:35, 130.5, 51.0, 18.75, 25.75, 9999.0, 1.0, 1.25, 19.5, 9999.0, 9999.0, 9999.0, 118.75, 122.5, 117.0, 101.25, 131.75
2023-04-06, 12:47:39, 127.75, 51.0, 19.0, 26.0, 9999.0, 1.0, 1.25, 19.5, 9999.0, 9999.0, 9999.0, 118.5, 122.5, 117.75, 101.25, 133.25
2023-04-06, 12:47:43, 130.5, 51.0, 19.0, 26.0, 9999.0, 1.0, 1.25, 19.5, 9999.0, 9999.0, 9999.0, 118.75, 122.5, 117.75, 101.25, 133.25
2023-04-06, 12:47:47, 130.5, 51.25, 19.0, 26.0, 9999.0, 1.0, 1.25, 19.5, 9999.0, 9999.0, 9999.0, 118.5, 122.5, 117.75, 101.25, 133.25
2023-04-06, 12:47:51, 130.5, 51.0, 18.75, 26.0, 9999.0, 1.0, 1.25, 19.5, 9999.0, 9999.0, 9999.0, 118.0, 120.5, 116.0, 101.25, 133.25
2023-04-06, 12:47:55, 130.5, 51.0, 18.75, 25.75, 9999.0, 1.0, 1.25, 19.5, 9999.0, 9999.0, 9999.0, 118.5, 122.25, 118.0, 101.25, 133.25
2023-04-06, 12:47:59, 130.5, 51.0, 18.75, 25.75, 9999.0, 1.25, 1.25, 19.5, 9999.0, 9999.0, 9999.0, 118.5, 122.5, 118.0, 101.25, 133.25
2023-04-06, 12:48:03, 130.5, 51.0, 18.75, 26.0, 9999.0, 1.25, 1.25, 19.5, 9999.0, 9999.0, 9999.0, 118.25, 122.25, 117.75, 101.25, 133.25
2023-04-06, 12:48:07, 130.5, 51.0, 18.75, 25.75, 9999.0, 1.25, -0.25, 19.25, 9999.0, 9999.0, 9999.0, 118.5, 122.5, 118.0, 101.25, 133.25
2023-04-06, 12:48:11, 130.5, 51.25, 19.0, 25.75, 9999.0, 1.25, 1.5, 19.75, 9999.0, 9999.0, 9999.0, 118.25, 122.25, 117.75, 101.25, 133.25
2023-04-06, 12:48:15, 130.5, 51.25, 18.75, 25.5, 9999.0, 1.25, 1.25, 19.5, 9999.0, 9999.0, 9999.0, 119.0, 122.5, 117.75, 101.25, 133.25
2023-04-06, 12:48:19, 130.75, 51.25, 18.75, 25.5, 9999.0, 1.25, 1.25, 19.5, 9999.0, 9999.0, 9999.0, 119.0, 122.25, 117.75, 101.25, 133.25
2023-04-06, 12:48:23, 130.5, 51.0, 18.75, 24.25, 9999.0, 0.25, -0.75, 19.5, 9999.0, 9999.0, 9999.0, 119.0, 122.25, 117.75, 101.25, 133.25
2023-04-06, 12:48:27, 130.75, 51.25, 19.0, 25.75, 9999.0, 1.25, 1.25, 19.5, 9999.0, 9999.0, 9999.0, 118.75, 122.25, 117.75, 101.25, 133.25
2023-04-06, 12:48:32, 130.5, 51.25, 19.0, 25.75, 9999.0, 1.25, 1.25, 19.5, 9999.0, 9999.0, 9999.0, 118.75, 122.25, 117.75, 101.25, 133.25
2023-04-06, 12:48:36, 130.5, 51.0, 19.0, 25.5, 9999.0, 1.0, 1.25, 19.5, 9999.0, 9999.0, 9999.0, 118.75, 122.25, 117.75, 101.25, 132.25
2023-04-06, 12:48:40, 129.75, 50.75, 17.5, 24.5, 9999.0, 1.25, 1.25, 19.5, 9999.0, 9999.0, 9999.0, 118.75, 122.25, 117.75, 101.25, 133.25
2023-04-06, 12:48:44, 130.5, 51.25, 19.0, 26.0, 9999.0, 1.25, 1.5, 19.5, 9999.0, 9999.0, 9999.0, 118.75, 122.5, 118.0, 101.25, 133.25
2023-04-06, 12:48:48, 130.75, 51.25, 19.0, 26.0, 9999.0, 1.0, 1.5, 19.5, 9999.0, 9999.0, 9999.0, 118.75, 122.5, 117.75, 101.25, 133.25
2023-04-06, 12:48:52, 130.5, 51.0, 18.75, 25.75, 9999.0, 1.0, 1.25, 19.75, 9999.0, 9999.0, 9999.0, 118.75, 120.75, 117.5, 100.5, 131.5
2023-04-06, 12:48:56, 130.5, 51.0, 19.0, 26.0, 9999.0, 1.0, 1.25, 19.5, 9999.0, 9999.0, 9999.0, 118.75, 122.5, 117.75, 101.25, 133.25
2023-04-06, 12:49:00, 130.75, 51.25, 19.0, 26.0, 9999.0, 1.0, 1.25, 19.5, 9999.0, 9999.0, 9999.0, 118.75, 122.5, 117.75, 101.25, 133.25
2023-04-06, 12:49:04, 130.5, 51.0, 19.0, 26.0, 9999.0, 1.0, 1.25, 19.5, 9999.0, 9999.0, 9999.0, 118.5, 122.5, 117.75, 101.25, 133.25
2023-04-06, 12:49:08, 130.5, 51.25, 19.0, 25.75, 9999.0, 1.0, 1.25, 19.5, 9999.0, 9999.0, 9999.0, 117.0, 119.25, 117.75, 101.25, 133.25
2023-04-06, 12:49:12, 130.5, 51.25, 18.75, 26.0, 9999.0, 1.0, 1.25, 19.75, 9999.0, 9999.0, 9999.0, 118.5, 122.5, 118.0, 101.25, 133.25
2023-04-06, 12:49:16, 130.75, 51.25, 18.75, 26.0, 9999.0, 1.25, 1.25, 19.75, 9999.0, 9999.0, 9999.0, 118.5, 122.5, 117.75, 101.25, 133.25
2023-04-06, 12:49:20, 130.5, 51.25, 19.0, 26.0, 9999.0, 1.25, 1.25, 19.75, 9999.0, 9999.0, 9999.0, 118.5, 122.25, 117.75, 101.25, 133.25
2023-04-06, 12:49:24, 130.5, 51.0, 19.0, 25.75, 9999.0, 1.0, 0.5, 19.25, 9999.0, 9999.0, 9999.0, 118.25, 122.5, 118.0, 101.25, 133.25
2023-04-06, 12:49:28, 130.5, 51.0, 18.75, 26.0, 9999.0, 1.25, 1.5, 19.75, 9999.0, 9999.0, 9999.0, 118.5, 122.5, 118.0, 101.25, 133.25
2023-04-06, 12:49:32, 130.5, 51.25, 19.0, 25.75, 9999.0, 1.25, 1.5, 19.75, 9999.0, 9999.0, 9999.0, 119.0, 122.25, 118.0, 101.25, 133.25
2023-04-06, 12:49:36, 130.5, 51.25, 19.0, 25.75, 9999.0, 1.25, 1.25, 19.5, 9999.0, 9999.0, 9999.0, 119.0, 122.5, 117.75, 101.25, 133.25
2023-04-06, 12:49:40, 130.5, 51.25, 17.25, 25.0, 9999.0, -1.0, 1.25, 19.75, 9999.0, 9999.0, 9999.0, 119.0, 122.5, 117.75, 101.25, 133.25
2023-04-06, 12:49:44, 130.5, 51.0, 19.0, 25.75, 9999.0, 1.25, 1.25, 19.75, 9999.0, 9999.0, 9999.0, 119.0, 122.5, 117.75, 101.25, 133.25
2023-04-06, 12:49:48, 130.5, 51.25, 18.75, 25.5, 9999.0, 1.25, 1.25, 19.5, 9999.0, 9999.0, 9999.0, 118.75, 122.5, 118.0, 101.25, 133.25
2023-04-06, 12:49:52, 130.5, 51.0, 18.75, 25.25, 9999.0, 1.0, 1.25, 19.75, 9999.0, 9999.0, 9999.0, 118.75, 122.25, 117.75, 101.25, 132.25
2023-04-06, 12:49:56, 130.5, 49.25, 16.5, 25.5, 9999.0, 1.25, 1.25, 19.5, 9999.0, 9999.0, 9999.0, 118.75, 122.25, 117.75, 101.25, 133.25
2023-04-06, 12:50:00, 130.5, 51.25, 18.75, 25.75, 9999.0, 1.25, 1.5, 19.75, 9999.0, 9999.0, 9999.0, 118.75, 122.25, 117.75, 101.25, 133.25
2023-04-06, 12:50:04, 130.5, 51.25, 19.0, 26.0, 9999.0, 1.0, 1.25, 19.5, 9999.0, 9999.0, 9999.0, 118.75, 122.5, 118.0, 101.25, 133.25
2023-04-06, 12:50:08, 130.5, 51.0, 19.0, 25.75, 9999.0, 1.0, 1.25, 19.5, 9999.0, 9999.0, 9999.0, 118.0, 121.75, 117.25, 100.25, 132.5
2023-04-06, 12:50:12, 130.5, 51.25, 18.75, 25.5, 9999.0, 1.0, 1.5, 19.5, 9999.0, 9999.0, 9999.0, 118.75, 122.5, 117.75, 101.25, 133.25
2023-04-06, 12:50:16, 130.75, 51.0, 18.75, 25.75, 9999.0, 1.0, 1.5, 19.75, 9999.0, 9999.0, 9999.0, 118.75, 122.5, 117.75, 101.25, 133.25
2023-04-06, 12:50:20, 130.5, 51.25, 18.75, 25.75, 9999.0, 1.0, 1.25, 19.5, 9999.0, 9999.0, 9999.0, 118.75, 122.5, 117.75, 101.25, 133.25
2023-04-06, 12:50:24, 130.5, 51.0, 18.75, 25.75, 9999.0, 1.0, 1.25, 19.5, 9999.0, 9999.0, 9999.0, 116.0, 122.25, 117.75, 101.25, 133.25
2023-04-06, 12:50:28, 130.5, 51.0, 18.75, 26.0, 9999.0, 1.0, 1.25, 19.5, 9999.0, 9999.0, 9999.0, 118.5, 122.5, 117.75, 101.25, 133.25
2023-04-06, 12:50:32, 130.5, 51.0, 18.75, 25.75, 9999.0, 1.0, 1.25, 19.5, 9999.0, 9999.0, 9999.0, 118.5, 122.25, 118.0, 101.25, 133.25
2023-04-06, 12:50:36, 130.5, 51.0, 19.0, 25.75, 9999.0, 1.25, 1.25, 19.5, 9999.0, 9999.0, 9999.0, 118.5, 122.25, 117.75, 101.25, 133.25
2023-04-06, 12:50:40, 130.5, 51.25, 18.75, 25.75, 9999.0, 0.0, 1.0, 18.5, 9999.0, 9999.0, 9999.0, 118.5, 122.5, 118.0, 101.25, 133.25
2023-04-06, 12:50:44, 130.5, 51.0, 18.75, 26.0, 9999.0, 1.25, 1.25, 19.5, 9999.0, 9999.0, 9999.0, 118.5, 122.5, 118.0, 101.25, 133.25
2023-04-06, 12:50:48, 130.5, 51.0, 19.0, 25.75, 9999.0, 1.25, 1.5, 19.75, 9999.0, 9999.0, 9999.0, 118.5, 122.25, 117.75, 101.25, 133.25
2023-04-06, 12:50:52, 130.75, 51.0, 19.0, 26.0, 9999.0, 1.25, 1.25, 19.5, 9999.0, 9999.0, 9999.0, 119.0, 122.25, 118.0, 101.25, 133.25
2023-04-06, 12:50:56, 130.5, 50.0, 18.0, 25.5, 9999.0, 0.5, 1.25, 19.75, 9999.0, 9999.0, 9999.0, 119.0, 122.25, 117.75, 101.25, 133.25
2023-04-06, 12:51:00, 130.5, 51.25, 18.75, 25.75, 9999.0, 1.25, 1.5, 19.5, 9999.0, 9999.0, 9999.0, 119.0, 122.25, 117.75, 101.25, 133.25
2023-04-06, 12:51:04, 130.5, 51.0, 18.75, 25.75, 9999.0, 1.25, 1.25, 19.5, 9999.0, 9999.0, 9999.0, 119.0, 122.25, 118.0, 101.5, 133.25
2023-04-06, 12:51:08, 130.5, 51.25, 18.75, 25.75, 9999.0, 1.25, 1.25, 19.5, 9999.0, 9999.0, 9999.0, 118.75, 122.25, 117.75, 100.0, 133.0
2023-04-06, 12:51:12, 129.5, 47.25, 18.75, 25.75, 9999.0, 1.25, 1.5, 19.75, 9999.0, 9999.0, 9999.0, 118.75, 122.25, 117.75, 101.25, 133.25
2023-04-06, 12:51:16, 130.5, 51.0, 19.0, 26.0, 9999.0, 1.25, 1.5, 19.5, 9999.0, 9999.0, 9999.0, 118.75, 122.25, 117.75, 101.5, 133.25
2023-04-06, 12:51:20, 130.5, 51.25, 18.75, 26.0, 9999.0, 1.25, 1.5, 19.75, 9999.0, 9999.0, 9999.0, 118.75, 122.5, 117.75, 101.25, 133.0
2023-04-06, 12:51:24, 130.5, 51.0, 18.75, 25.75, 9999.0, 1.0, 1.25, 19.5, 9999.0, 9999.0, 9999.0, 118.0, 122.25, 116.25, 99.75, 133.25
2023-04-06, 12:51:28, 130.75, 51.25, 18.75, 25.75, 9999.0, 1.0, 1.25, 19.5, 9999.0, 9999.0, 9999.0, 118.75, 122.5, 118.0, 101.25, 133.25
2023-04-06, 12:51:32, 130.75, 51.0, 18.75, 25.75, 9999.0, 1.0, 1.5, 19.5, 9999.0, 9999.0, 9999.0, 118.75, 122.5, 118.0, 101.25, 133.25
2023-04-06, 12:51:36, 130.75, 51.25, 19.0, 25.75, 9999.0, 1.0, 1.25, 19.5, 9999.0, 9999.0, 9999.0, 118.75, 122.25, 117.75, 101.5, 133.25
2023-04-06, 12:51:40, 130.75, 51.25, 19.0, 26.0, 9999.0, 1.0, 1.25, 19.25, 9999.0, 9999.0, 9999.0, 118.0, 122.5, 118.0, 101.5, 133.25
2023-04-06, 12:51:44, 130.75, 51.25, 19.0, 26.0, 9999.0, 1.0, 1.5, 19.75, 9999.0, 9999.0, 9999.0, 118.5, 122.5, 117.75, 101.5, 133.25
2023-04-06, 12:51:48, 130.75, 51.25, 19.0, 26.0, 9999.0, 1.0, 1.25, 19.5, 9999.0, 9999.0, 9999.0, 118.5, 122.5, 117.75, 101.25, 133.25
2023-04-06, 12:51:52, 130.75, 51.25, 19.0, 26.0, 9999.0, 1.0, 1.25, 19.75, 9999.0, 9999.0, 9999.0, 118.5, 122.5, 118.0, 101.5, 133.25
2023-04-06, 12:51:56, 130.75, 51.0, 18.75, 25.75, 9999.0, 0.75, 0.25, 17.5, 9999.0, 9999.0, 9999.0, 118.5, 122.5, 118.0, 101.25, 133.25
2023-04-06, 12:52:00, 130.75, 51.25, 19.0, 25.5, 9999.0, 1.25, 1.25, 19.5, 9999.0, 9999.0, 9999.0, 118.5, 122.5, 117.75, 101.25, 133.25
2023-04-06, 12:52:04, 130.75, 51.25, 19.0, 25.75, 9999.0, 1.25, 1.5, 19.75, 9999.0, 9999.0, 9999.0, 118.5, 122.5, 118.0, 101.5, 133.25
2023-04-06, 12:52:08, 130.5, 51.25, 19.0, 25.75, 9999.0, 1.25, 1.25, 19.5, 9999.0, 9999.0, 9999.0, 118.25, 122.5, 117.75, 101.25, 133.25
2023-04-06, 12:52:12, 130.5, 50.5, 18.75, 24.0, 9999.0, 1.25, 1.5, 19.75, 9999.0, 9999.0, 9999.0, 119.0, 122.5, 118.0, 101.25, 133.25
2023-04-06, 12:52:16, 130.75, 51.25, 19.0, 25.5, 9999.0, 1.25, 1.5, 19.5, 9999.0, 9999.0, 9999.0, 119.0, 122.5, 117.75, 101.25, 133.25
2023-04-06, 12:52:20, 130.75, 51.25, 18.75, 25.75, 9999.0, 1.25, 1.5, 19.75, 9999.0, 9999.0, 9999.0, 119.0, 122.25, 117.75, 101.25, 133.25
2023-04-06, 12:52:24, 130.75, 51.25, 18.5, 25.75, 9999.0, 1.25, 1.5, 19.75, 9999.0, 9999.0, 9999.0, 119.0, 122.25, 116.75, 100.75, 132.25
2023-04-06, 12:52:28, 129.5, 51.0, 19.0, 25.75, 9999.0, 1.25, 1.25, 19.75, 9999.0, 9999.0, 9999.0, 119.0, 122.5, 117.75, 101.5, 133.25
2023-04-06, 12:52:32, 130.5, 51.25, 19.0, 26.0, 9999.0, 1.25, 1.5, 19.75, 9999.0, 9999.0, 9999.0, 118.75, 122.5, 118.0, 101.5, 133.25
2023-04-06, 12:52:36, 130.75, 51.25, 19.0, 26.0, 9999.0, 1.25, 1.5, 19.75, 9999.0, 9999.0, 9999.0, 118.75, 122.25, 117.75, 101.5, 133.25
2023-04-06, 12:52:40, 130.75, 51.25, 19.0, 26.0, 9999.0, 1.25, 1.25, 19.75, 9999.0, 9999.0, 9999.0, 118.5, 121.25, 115.25, 101.25, 133.25
2023-04-06, 12:52:44, 130.5, 51.25, 19.0, 25.5, 9999.0, 1.0, 1.5, 19.75, 9999.0, 9999.0, 9999.0, 118.75, 122.5, 118.0, 101.25, 133.25
2023-04-06, 12:52:48, 130.75, 51.25, 19.0, 25.75, 9999.0, 1.25, 1.5, 19.5, 9999.0, 9999.0, 9999.0, 118.75, 122.5, 117.75, 101.5, 133.25
2023-04-06, 12:52:52, 130.75, 51.25, 19.0, 25.75, 9999.0, 1.0, 1.5, 19.5, 9999.0, 9999.0, 9999.0, 118.5, 122.5, 117.75, 101.5, 133.25
2023-04-06, 12:52:57, 130.75, 51.25, 19.0, 25.75, 9999.0, 1.0, 1.25, 19.0, 9999.0, 9999.0, 9999.0, 118.75, 122.5, 118.0, 101.5, 133.25
2023-04-06, 12:53:01, 130.75, 51.25, 19.0, 25.5, 9999.0, 1.0, 1.5, 19.5, 9999.0, 9999.0, 9999.0, 118.75, 122.5, 118.0, 101.5, 133.5
2023-04-06, 12:53:05, 130.75, 51.25, 19.0, 25.75, 9999.0, 1.0, 1.5, 19.75, 9999.0, 9999.0, 9999.0, 118.5, 122.5, 117.75, 101.5, 133.25
2023-04-06, 12:53:09, 130.75, 51.25, 19.0, 25.75, 9999.0, 1.0, 1.25, 19.75, 9999.0, 9999.0, 9999.0, 118.5, 122.5, 118.0, 101.5, 133.25
2023-04-06, 12:53:13, 130.75, 51.25, 19.0, 23.75, 9999.0, 0.75, -0.5, 19.25, 9999.0, 9999.0, 9999.0, 118.5, 122.5, 118.0, 101.5, 133.5
2023-04-06, 12:53:17, 130.75, 51.25, 18.75, 25.5, 9999.0, 1.25, 1.5, 19.75, 9999.0, 9999.0, 9999.0, 118.5, 122.5, 118.0, 101.5, 133.25
2023-04-06, 12:53:21, 130.75, 51.25, 19.0, 25.5, 9999.0, 1.25, 1.25, 19.75, 9999.0, 9999.0, 9999.0, 118.5, 122.5, 118.0, 101.5, 133.25
2023-04-06, 12:53:25, 130.75, 51.25, 18.75, 25.75, 9999.0, 1.25, 1.25, 19.75, 9999.0, 9999.0, 9999.0, 118.25, 122.5, 118.0, 101.5, 133.25
2023-04-06, 12:53:29, 129.25, 51.0, 17.75, 22.25, 9999.0, 1.5, 1.5, 19.75, 9999.0, 9999.0, 9999.0, 118.25, 122.5, 118.0, 101.25, 133.25
2023-04-06, 12:53:33, 130.75, 51.25, 19.0, 25.75, 9999.0, 1.5, 1.25, 19.75, 9999.0, 9999.0, 9999.0, 119.0, 122.5, 117.75, 101.5, 133.25
2023-04-06, 12:53:37, 130.75, 51.25, 19.0, 25.75, 9999.0, 1.25, 1.25, 19.75, 9999.0, 9999.0, 9999.0, 119.0, 122.5, 118.0, 101.25, 133.25
2023-04-06, 12:53:41, 130.75, 51.0, 19.0, 25.75, 9999.0, 1.25, 1.5, 19.75, 9999.0, 9999.0, 9999.0, 119.0, 122.0, 117.0, 101.25, 131.25
2023-04-06, 12:53:45, 128.75, 51.25, 19.0, 26.0, 9999.0, 1.25, 1.5, 19.75, 9999.0, 9999.0, 9999.0, 118.75, 122.5, 118.0, 101.5, 133.25
2023-04-06, 12:53:49, 130.75, 51.25, 19.0, 26.0, 9999.0, 1.25, 1.5, 19.75, 9999.0, 9999.0, 9999.0, 118.75, 122.5, 118.0, 101.5, 133.25
2023-04-06, 12:53:53, 130.75, 51.25, 19.0, 25.75, 9999.0, 1.25, 1.5, 19.75, 9999.0, 9999.0, 9999.0, 118.75, 122.5, 117.75, 101.25, 133.25
2023-04-06, 12:53:57, 130.75, 51.25, 19.0, 25.75, 9999.0, 1.0, 1.5, 19.75, 9999.0, 9999.0, 9999.0, 118.0, 120.0, 117.5, 101.5, 133.25
2023-04-06, 12:54:01, 130.75, 51.25, 19.0, 26.0, 9999.0, 1.0, 1.25, 19.75, 9999.0, 9999.0, 9999.0, 118.75, 122.5, 117.75, 101.25, 133.25
2023-04-06, 12:54:05, 130.75, 51.25, 18.75, 25.75, 9999.0, 1.25, 1.25, 19.5, 9999.0, 9999.0, 9999.0, 118.75, 122.5, 117.75, 101.5, 133.25
2023-04-06, 12:54:09, 130.75, 51.25, 19.0, 25.75, 9999.0, 1.0, 1.5, 19.5, 9999.0, 9999.0, 9999.0, 118.75, 122.5, 117.75, 101.25, 133.25
2023-04-06, 12:54:13, 130.75, 51.25, 19.0, 25.75, 9999.0, 1.0, 0.25, 19.5, 9999.0, 9999.0, 9999.0, 118.75, 122.5, 117.75, 101.25, 133.25
2023-04-06, 12:54:17, 130.75, 51.25, 19.0, 25.75, 9999.0, 1.0, 1.5, 19.75, 9999.0, 9999.0, 9999.0, 118.75, 122.5, 117.75, 101.5, 133.25
2023-04-06, 12:54:21, 130.75, 51.25, 19.0, 25.75, 9999.0, 1.0, 1.5, 19.5, 9999.0, 9999.0, 9999.0, 118.5, 122.5, 117.75, 101.25, 133.25
2023-04-06, 12:54:25, 130.75, 51.25, 19.0, 25.5, 9999.0, 1.0, 1.5, 19.5, 9999.0, 9999.0, 9999.0, 118.5, 122.5, 117.75, 101.25, 133.25
2023-04-06, 12:54:29, 130.75, 51.25, 19.0, 24.75, 9999.0, -0.25, 0.5, 19.75, 9999.0, 9999.0, 9999.0, 118.5, 122.5, 118.0, 101.25, 133.25
2023-04-06, 12:54:33, 130.75, 51.25, 19.0, 25.75, 9999.0, 1.25, 1.5, 19.75, 9999.0, 9999.0, 9999.0, 118.5, 122.5, 117.75, 101.25, 133.25
2023-04-06, 12:54:37, 130.75, 51.25, 19.0, 25.75, 9999.0, 1.25, 1.25, 19.5, 9999.0, 9999.0, 9999.0, 118.5, 122.25, 117.75, 101.25, 133.25
2023-04-06, 12:54:41, 130.75, 51.25, 19.0, 25.75, 9999.0, 1.0, 1.25, 19.75, 9999.0, 9999.0, 9999.0, 118.5, 122.5, 117.75, 101.25, 131.25
2023-04-06, 12:54:45, 130.0, 50.0, 17.5, 25.75, 9999.0, 1.25, 1.5, 19.75, 9999.0, 9999.0, 9999.0, 118.25, 122.25, 117.75, 101.25, 133.25
2023-04-06, 12:54:49, 130.75, 51.25, 19.0, 25.75, 9999.0, 1.5, 1.5, 19.75, 9999.0, 9999.0, 9999.0, 119.25, 122.5, 118.0, 101.5, 133.25
2023-04-06, 12:54:53, 130.75, 51.25, 18.75, 25.75, 9999.0, 1.25, 1.25, 19.75, 9999.0, 9999.0, 9999.0, 119.0, 122.25, 117.75, 101.25, 133.25
2023-04-06, 12:54:57, 130.75, 51.25, 19.0, 25.75, 9999.0, 1.25, 1.5, 19.75, 9999.0, 9999.0, 9999.0, 119.0, 121.5, 117.75, 100.25, 128.75
2023-04-06, 12:55:01, 130.5, 51.25, 19.0, 25.75, 9999.0, 1.25, 1.25, 19.5, 9999.0, 9999.0, 9999.0, 119.0, 122.25, 117.75, 101.25, 133.25
2023-04-06, 12:55:05, 130.75, 51.25, 19.0, 25.75, 9999.0, 1.25, 1.5, 19.75, 9999.0, 9999.0, 9999.0, 119.0, 122.25, 117.75, 101.25, 133.25
2023-04-06, 12:55:09, 130.75, 51.25, 19.0, 25.75, 9999.0, 1.25, 1.5, 19.5, 9999.0, 9999.0, 9999.0, 119.0, 122.25, 117.75, 101.25, 133.25
2023-04-06, 12:55:13, 130.75, 51.25, 19.0, 25.75, 9999.0, 1.25, 1.5, 19.5, 9999.0, 9999.0, 9999.0, 117.0, 121.75, 117.75, 101.25, 133.25
2023-04-06, 12:55:17, 130.75, 51.25, 19.0, 25.75, 9999.0, 1.25, 1.5, 19.75, 9999.0, 9999.0, 9999.0, 118.75, 122.25, 117.75, 101.5, 133.25
2023-04-06, 12:55:21, 130.75, 51.25, 18.75, 25.75, 9999.0, 1.25, 1.25, 19.75, 9999.0, 9999.0, 9999.0, 118.75, 122.5, 118.0, 101.25, 133.25
2023-04-06, 12:55:25, 130.75, 51.25, 18.75, 25.75, 9999.0, 1.0, 1.25, 19.75, 9999.0, 9999.0, 9999.0, 118.75, 122.5, 117.75, 101.25, 133.25
2023-04-06, 12:55:29, 130.75, 51.25, 19.0, 25.75, 9999.0, -0.5, 1.0, 18.5, 9999.0, 9999.0, 9999.0, 118.75, 122.5, 117.75, 101.25, 133.25
2023-04-06, 12:55:33, 130.75, 51.25, 19.0, 26.0, 9999.0, 1.25, 1.5, 19.75, 9999.0, 9999.0, 9999.0, 118.75, 122.5, 117.75, 101.25, 133.25
2023-04-06, 12:55:37, 130.75, 51.25, 19.0, 26.0, 9999.0, 1.0, 1.5, 19.5, 9999.0, 9999.0, 9999.0, 118.75, 122.5, 117.75, 101.25, 133.25
2023-04-06, 12:55:41, 130.75, 51.25, 19.0, 25.75, 9999.0, 1.0, 1.25, 19.5, 9999.0, 9999.0, 9999.0, 118.5, 122.5, 117.75, 101.25, 133.25
2023-04-06, 12:55:45, 130.75, 51.25, 17.75, 25.75, 9999.0, -1.0, 1.25, 19.75, 9999.0, 9999.0, 9999.0, 118.75, 122.5, 117.75, 101.25, 133.25
2023-04-06, 12:55:49, 130.75, 51.25, 19.0, 25.75, 9999.0, 1.0, 1.25, 19.75, 9999.0, 9999.0, 9999.0, 118.5, 122.5, 118.0, 101.25, 133.25
2023-04-06, 12:55:53, 130.75, 51.25, 19.0, 25.75, 9999.0, 1.25, 1.25, 19.75, 9999.0, 9999.0, 9999.0, 118.5, 122.25, 117.75, 101.25, 133.25
2023-04-06, 12:55:57, 130.75, 51.25, 18.75, 25.75, 9999.0, 1.25, 1.25, 19.75, 9999.0, 9999.0, 9999.0, 118.5, 122.5, 117.75, 100.5, 132.25
2023-04-06, 12:56:01, 130.0, 50.0, 18.0, 25.5, 9999.0, 1.25, 1.25, 19.75, 9999.0, 9999.0, 9999.0, 118.25, 122.25, 117.75, 101.25, 133.25
2023-04-06, 12:56:05, 130.5, 51.25, 18.75, 25.75, 9999.0, 1.5, 1.5, 19.75, 9999.0, 9999.0, 9999.0, 118.5, 122.25, 118.0, 101.25, 133.25
2023-04-06, 12:56:09, 130.75, 51.25, 18.75, 25.75, 9999.0, 1.25, 1.5, 19.75, 9999.0, 9999.0, 9999.0, 119.0, 122.25, 117.75, 101.25, 133.25
2023-04-06, 12:56:13, 130.5, 51.25, 18.75, 25.75, 9999.0, 1.25, 1.25, 19.75, 9999.0, 9999.0, 9999.0, 117.25, 122.0, 116.75, 99.0, 133.25
2023-04-06, 12:56:17, 130.75, 51.25, 18.75, 25.75, 9999.0, 1.25, 1.25, 19.75, 9999.0, 9999.0, 9999.0, 119.0, 122.25, 117.75, 101.5, 133.25
2023-04-06, 12:56:21, 130.75, 51.25, 18.75, 25.75, 9999.0, 1.25, 1.5, 19.75, 9999.0, 9999.0, 9999.0, 119.0, 122.25, 117.75, 101.25, 133.25
2023-04-06, 12:56:25, 130.75, 51.25, 18.75, 26.0, 9999.0, 1.25, 1.5, 19.75, 9999.0, 9999.0, 9999.0, 118.75, 122.25, 117.75, 101.25, 133.25
2023-04-06, 12:56:29, 130.5, 51.25, 18.75, 26.0, 9999.0, 1.25, 1.5, 19.5, 9999.0, 9999.0, 9999.0, 118.75, 122.25, 117.75, 101.25, 133.25
2023-04-06, 12:56:33, 130.75, 51.25, 17.5, 25.25, 9999.0, -0.5, 0.75, 19.75, 9999.0, 9999.0, 9999.0, 118.75, 122.25, 117.75, 101.25, 133.25
2023-04-06, 12:56:37, 130.75, 51.25, 19.0, 25.75, 9999.0, 1.25, 1.5, 19.5, 9999.0, 9999.0, 9999.0, 118.75, 122.25, 117.75, 101.25, 133.25
2023-04-06, 12:56:41, 130.75, 51.25, 19.0, 26.0, 9999.0, 1.25, 1.25, 19.75, 9999.0, 9999.0, 9999.0, 118.75, 122.5, 117.75, 101.25, 133.25
2023-04-06, 12:56:45, 130.75, 51.25, 18.75, 25.75, 9999.0, 1.0, 1.5, 19.5, 9999.0, 9999.0, 9999.0, 118.75, 122.5, 117.75, 100.0, 133.0
2023-04-06, 12:56:49, 129.5, 49.0, 18.75, 25.75, 9999.0, 1.0, 1.5, 19.75, 9999.0, 9999.0, 9999.0, 118.75, 122.5, 117.75, 101.5, 133.25
2023-04-06, 12:56:53, 130.75, 51.25, 19.0, 25.5, 9999.0, 1.0, 1.25, 19.75, 9999.0, 9999.0, 9999.0, 118.75, 122.5, 117.75, 101.25, 133.25
2023-04-06, 12:56:57, 130.75, 51.25, 19.0, 25.25, 9999.0, 1.0, 1.25, 19.75, 9999.0, 9999.0, 9999.0, 118.5, 122.5, 117.75, 101.25, 133.25
2023-04-06, 12:57:01, 130.5, 51.25, 19.0, 25.5, 9999.0, 1.0, 1.25, 19.75, 9999.0, 9999.0, 9999.0, 118.0, 121.75, 115.75, 101.25, 133.25
2023-04-06, 12:57:05, 130.75, 51.25, 19.0, 25.75, 9999.0, 1.0, 1.25, 19.5, 9999.0, 9999.0, 9999.0, 118.5, 122.5, 117.75, 101.25, 133.25
2023-04-06, 12:57:09, 130.75, 51.25, 19.0, 25.75, 9999.0, 1.0, 1.25, 19.75, 9999.0, 9999.0, 9999.0, 118.5, 122.5, 118.0, 101.25, 133.25
2023-04-06, 12:57:13, 130.75, 51.25, 18.75, 25.75, 9999.0, 1.25, 1.25, 19.5, 9999.0, 9999.0, 9999.0, 118.5, 122.25, 118.0, 101.25, 133.25
2023-04-06, 12:57:17, 130.75, 51.25, 19.0, 25.5, 9999.0, 1.0, 0.5, 19.5, 9999.0, 9999.0, 9999.0, 118.5, 122.5, 117.75, 101.25, 133.25
2023-04-06, 12:57:21, 130.5, 51.25, 18.75, 25.5, 9999.0, 1.25, 1.25, 19.5, 9999.0, 9999.0, 9999.0, 118.25, 122.5, 117.75, 101.25, 133.25
2023-04-06, 12:57:26, 130.5, 51.25, 19.0, 25.5, 9999.0, 1.25, 1.5, 19.75, 9999.0, 9999.0, 9999.0, 118.5, 122.25, 117.75, 101.25, 133.25
2023-04-06, 12:57:30, 130.75, 51.25, 18.75, 25.75, 9999.0, 1.25, 1.25, 19.5, 9999.0, 9999.0, 9999.0, 119.25, 122.25, 117.75, 101.25, 133.25
2023-04-06, 12:57:34, 130.5, 51.0, 18.25, 25.5, 9999.0, -1.25, 1.25, 19.75, 9999.0, 9999.0, 9999.0, 119.0, 122.25, 117.75, 101.25, 133.25
2023-04-06, 12:57:38, 130.75, 51.25, 18.75, 25.75, 9999.0, 1.25, 1.25, 19.5, 9999.0, 9999.0, 9999.0, 119.0, 122.25, 117.75, 101.25, 133.25
2023-04-06, 12:57:42, 130.5, 51.25, 18.75, 26.0, 9999.0, 1.25, 1.5, 19.5, 9999.0, 9999.0, 9999.0, 119.0, 122.25, 117.75, 101.25, 133.25
2023-04-06, 12:57:46, 130.5, 51.25, 18.75, 25.75, 9999.0, 1.25, 1.5, 19.75, 9999.0, 9999.0, 9999.0, 118.75, 122.25, 117.75, 100.75, 132.75
2023-04-06, 12:57:50, 129.0, 50.25, 19.0, 25.75, 9999.0, 1.25, 1.5, 19.75, 9999.0, 9999.0, 9999.0, 118.75, 122.25, 117.75, 101.25, 133.25
2023-04-06, 12:57:54, 130.75, 51.25, 19.0, 25.75, 9999.0, 1.25, 1.25, 19.75, 9999.0, 9999.0, 9999.0, 118.75, 122.25, 117.75, 101.25, 133.25
2023-04-06, 12:57:58, 130.5, 51.25, 19.0, 25.75, 9999.0, 1.25, 1.25, 19.5, 9999.0, 9999.0, 9999.0, 118.75, 122.5, 117.75, 101.25, 133.25
2023-04-06, 12:58:02, 130.5, 51.25, 18.75, 25.75, 9999.0, 1.0, 1.25, 19.5, 9999.0, 9999.0, 9999.0, 118.25, 120.75, 117.25, 101.25, 133.25
2023-04-06, 12:58:06, 130.5, 51.25, 18.75, 25.75, 9999.0, 1.0, 1.25, 19.75, 9999.0, 9999.0, 9999.0, 118.75, 122.5, 117.75, 101.25, 133.25
2023-04-06, 12:58:10, 130.5, 51.25, 18.75, 25.75, 9999.0, 1.0, 1.25, 19.5, 9999.0, 9999.0, 9999.0, 118.75, 122.5, 117.75, 101.25, 133.25
2023-04-06, 12:58:14, 130.5, 51.25, 18.75, 25.75, 9999.0, 1.0, 1.25, 19.75, 9999.0, 9999.0, 9999.0, 118.75, 122.25, 117.75, 101.25, 133.25
2023-04-06, 12:58:18, 130.5, 51.25, 19.0, 25.75, 9999.0, -0.75, 0.75, 19.25, 9999.0, 9999.0, 9999.0, 118.75, 122.5, 117.75, 101.25, 133.25
2023-04-06, 12:58:22, 130.5, 51.0, 18.75, 25.75, 9999.0, 1.0, 1.25, 19.75, 9999.0, 9999.0, 9999.0, 118.75, 122.5, 117.75, 101.25, 133.25
2023-04-06, 12:58:26, 130.75, 51.25, 19.0, 25.75, 9999.0, 1.0, 1.25, 19.5, 9999.0, 9999.0, 9999.0, 118.5, 122.5, 117.75, 101.25, 133.25
2023-04-06, 12:58:30, 130.75, 51.0, 18.75, 25.75, 9999.0, 1.0, 1.25, 19.5, 9999.0, 9999.0, 9999.0, 118.5, 122.25, 117.75, 101.25, 133.25
2023-04-06, 12:58:34, 130.5, 49.75, 18.25, 24.25, 9999.0, 0.75, 1.25, 19.5, 9999.0, 9999.0, 9999.0, 118.5, 122.25, 118.0, 101.25, 133.25
2023-04-06, 12:58:38, 130.5, 51.0, 18.75, 25.75, 9999.0, 1.0, 1.25, 19.5, 9999.0, 9999.0, 9999.0, 118.25, 122.5, 118.0, 101.25, 133.25
2023-04-06, 12:58:42, 130.75, 51.0, 19.0, 25.75, 9999.0, 1.25, 1.25, 19.5, 9999.0, 9999.0, 9999.0, 118.25, 122.25, 117.75, 101.25, 133.25
2023-04-06, 12:58:46, 130.5, 51.25, 18.75, 25.75, 9999.0, 1.25, 1.25, 19.75, 9999.0, 9999.0, 9999.0, 118.25, 122.25, 117.75, 101.25, 133.25
2023-04-06, 12:58:50, 130.5, 51.0, 18.75, 25.75, 9999.0, 1.25, 1.25, 19.5, 9999.0, 9999.0, 9999.0, 116.5, 122.25, 117.75, 101.25, 133.25
2023-04-06, 12:58:54, 130.5, 51.0, 19.0, 25.75, 9999.0, 1.25, 1.25, 19.5, 9999.0, 9999.0, 9999.0, 119.0, 122.25, 117.75, 101.25, 133.25
2023-04-06, 12:58:58, 130.5, 51.0, 18.75, 25.75, 9999.0, 1.25, 1.25, 19.5, 9999.0, 9999.0, 9999.0, 119.0, 122.25, 117.75, 101.25, 133.25
2023-04-06, 12:59:02, 130.5, 51.25, 18.75, 25.75, 9999.0, 1.25, 1.25, 19.5, 9999.0, 9999.0, 9999.0, 118.75, 122.25, 117.75, 101.25, 133.25
2023-04-06, 12:59:06, 130.5, 51.0, 18.75, 25.75, 9999.0, 0.75, 0.5, 17.5, 9999.0, 9999.0, 9999.0, 118.75, 122.25, 117.75, 101.25, 133.25
2023-04-06, 12:59:10, 130.5, 51.0, 18.75, 25.75, 9999.0, 1.0, 1.25, 19.5, 9999.0, 9999.0, 9999.0, 118.75, 122.25, 117.75, 101.25, 133.25
2023-04-06, 12:59:14, 130.75, 51.25, 18.75, 25.75, 9999.0, 1.0, 1.25, 19.5, 9999.0, 9999.0, 9999.0, 118.75, 122.25, 117.75, 101.25, 133.25
2023-04-06, 12:59:18, 130.5, 51.0, 18.75, 25.75, 9999.0, 1.0, 1.25, 19.5, 9999.0, 9999.0, 9999.0, 118.75, 122.25, 117.75, 101.25, 133.25
2023-04-06, 12:59:22, 130.5, 50.0, 18.5, 24.5, 9999.0, 1.0, 1.25, 19.5, 9999.0, 9999.0, 9999.0, 118.75, 122.5, 117.75, 101.25, 133.25
2023-04-06, 12:59:26, 130.5, 51.0, 18.75, 25.75, 9999.0, 1.0, 1.25, 19.5, 9999.0, 9999.0, 9999.0, 118.75, 122.5, 117.75, 101.25, 133.25
2023-04-06, 12:59:30, 130.5, 51.0, 18.75, 25.75, 9999.0, 1.0, 1.25, 19.75, 9999.0, 9999.0, 9999.0, 118.75, 122.5, 117.75, 101.25, 133.25
2023-04-06, 12:59:34, 130.5, 51.0, 18.5, 25.75, 9999.0, 1.0, 1.25, 19.5, 9999.0, 9999.0, 9999.0, 118.5, 122.25, 116.75, 100.5, 132.75
2023-04-06, 12:59:38, 129.25, 50.25, 18.75, 26.0, 9999.0, 1.0, 1.25, 19.75, 9999.0, 9999.0, 9999.0, 118.5, 122.25, 117.75, 101.25, 133.25
2023-04-06, 12:59:42, 130.5, 51.0, 18.75, 25.75, 9999.0, 1.0, 1.25, 19.5, 9999.0, 9999.0, 9999.0, 118.5, 122.5, 117.75, 101.25, 133.25
2023-04-06, 12:59:46, 130.5, 51.0, 18.75, 26.0, 9999.0, 1.0, 1.25, 19.5, 9999.0, 9999.0, 9999.0, 118.5, 122.25, 117.75, 101.25, 133.0
2023-04-06, 12:59:50, 130.5, 51.0, 18.75, 25.75, 9999.0, 1.0, 1.25, 19.5, 9999.0, 9999.0, 9999.0, 118.0, 121.0, 116.0, 101.25, 133.25
2023-04-06, 12:59:54, 130.5, 51.0, 18.75, 25.5, 9999.0, 1.0, 1.25, 19.5, 9999.0, 9999.0, 9999.0, 118.5, 122.25, 117.75, 101.25, 133.25
2023-04-06, 12:59:58, 130.5, 51.0, 18.75, 25.75, 9999.0, 1.0, 1.25, 19.5, 9999.0, 9999.0, 9999.0, 118.25, 122.25, 118.0, 101.25, 133.25
2023-04-06, 13:00:02, 130.5, 51.0, 18.75, 25.75, 9999.0, 1.25, 1.25, 19.5, 9999.0, 9999.0, 9999.0, 118.25, 122.25, 117.75, 101.25, 133.25
2023-04-06, 13:00:06, 130.5, 51.0, 18.75, 25.5, 9999.0, 1.25, 1.0, 19.0, 9999.0, 9999.0, 9999.0, 118.25, 122.25, 117.75, 101.25, 133.25
2023-04-06, 13:00:10, 130.5, 51.0, 18.75, 25.5, 9999.0, 1.25, 1.25, 19.5, 9999.0, 9999.0, 9999.0, 119.0, 122.25, 117.75, 101.25, 133.25
2023-04-06, 13:00:14, 130.5, 51.0, 18.75, 25.75, 9999.0, 1.25, 1.25, 19.5, 9999.0, 9999.0, 9999.0, 119.0, 122.25, 117.75, 101.25, 133.25
2023-04-06, 13:00:18, 130.5, 51.0, 18.75, 25.75, 9999.0, 1.25, 1.25, 19.5, 9999.0, 9999.0, 9999.0, 118.75, 122.25, 117.75, 101.25, 133.25
2023-04-06, 13:00:22, 130.5, 51.0, 18.75, 25.0, 9999.0, 0.5, -0.25, 19.25, 9999.0, 9999.0, 9999.0, 118.75, 122.25, 117.75, 101.25, 133.25
2023-04-06, 13:00:26, 130.5, 51.0, 18.75, 25.5, 9999.0, 1.0, 1.25, 19.5, 9999.0, 9999.0, 9999.0, 118.75, 122.25, 117.75, 101.25, 133.25
2023-04-06, 13:00:30, 130.5, 51.0, 18.75, 25.5, 9999.0, 1.0, 1.25, 19.5, 9999.0, 9999.0, 9999.0, 118.75, 122.25, 117.75, 101.25, 133.25
2023-04-06, 13:00:34, 130.5, 51.0, 18.75, 25.75, 9999.0, 1.0, 1.25, 19.5, 9999.0, 9999.0, 9999.0, 118.75, 122.25, 117.75, 101.25, 133.0
2023-04-06, 13:00:38, 129.25, 50.75, 17.75, 22.25, 9999.0, 1.0, 1.25, 19.5, 9999.0, 9999.0, 9999.0, 118.75, 122.5, 117.75, 101.25, 133.25
2023-04-06, 13:00:42, 130.5, 51.0, 18.75, 25.75, 9999.0, 1.0, 1.25, 19.5, 9999.0, 9999.0, 9999.0, 118.75, 122.5, 117.75, 101.25, 133.25
2023-04-06, 13:00:46, 130.5, 51.0, 18.75, 25.75, 9999.0, 1.0, 1.25, 19.75, 9999.0, 9999.0, 9999.0, 118.75, 122.5, 117.75, 101.25, 133.25
2023-04-06, 13:00:50, 130.5, 50.75, 18.75, 25.75, 9999.0, 1.0, 1.25, 19.5, 9999.0, 9999.0, 9999.0, 118.5, 122.25, 117.0, 101.0, 131.5
2023-04-06, 13:00:54, 129.75, 51.0, 18.75, 25.75, 9999.0, 1.0, 1.25, 19.5, 9999.0, 9999.0, 9999.0, 118.75, 122.25, 117.75, 101.25, 133.25
2023-04-06, 13:00:58, 130.5, 51.0, 18.75, 25.75, 9999.0, 1.0, 1.25, 19.5, 9999.0, 9999.0, 9999.0, 118.5, 122.25, 117.75, 101.25, 133.25
2023-04-06, 13:01:02, 130.5, 51.0, 18.75, 25.75, 9999.0, 1.0, 1.25, 19.5, 9999.0, 9999.0, 9999.0, 118.5, 122.25, 117.75, 101.25, 133.0
2023-04-06, 13:01:06, 130.5, 51.0, 18.75, 25.75, 9999.0, 1.0, 1.25, 19.5, 9999.0, 9999.0, 9999.0, 117.25, 120.5, 117.25, 101.25, 133.25
2023-04-06, 13:01:10, 130.5, 51.0, 18.75, 25.75, 9999.0, 1.0, 1.25, 19.5, 9999.0, 9999.0, 9999.0, 118.25, 122.25, 117.75, 101.25, 133.25
2023-04-06, 13:01:14, 130.5, 51.0, 19.0, 25.75, 9999.0, 1.0, 1.25, 19.5, 9999.0, 9999.0, 9999.0, 118.25, 122.5, 117.75, 101.25, 133.25
2023-04-06, 13:01:18, 130.5, 51.0, 19.0, 25.75, 9999.0, 1.25, 1.25, 19.5, 9999.0, 9999.0, 9999.0, 118.25, 122.25, 117.75, 101.25, 133.25
2023-04-06, 13:01:22, 130.5, 51.0, 18.75, 25.75, 9999.0, 1.25, 0.5, 19.5, 9999.0, 9999.0, 9999.0, 118.25, 122.25, 117.75, 101.25, 133.25
2023-04-06, 13:01:26, 130.5, 51.0, 18.75, 25.75, 9999.0, 1.25, 1.25, 19.5, 9999.0, 9999.0, 9999.0, 119.0, 122.25, 117.75, 101.25, 133.25
2023-04-06, 13:01:30, 130.5, 51.0, 19.0, 25.75, 9999.0, 1.25, 1.25, 19.75, 9999.0, 9999.0, 9999.0, 119.0, 122.25, 117.75, 101.25, 133.25
2023-04-06, 13:01:34, 130.5, 51.0, 19.0, 25.75, 9999.0, 1.25, 1.25, 19.5, 9999.0, 9999.0, 9999.0, 118.75, 122.25, 117.75, 101.25, 133.25
2023-04-06, 13:01:38, 130.5, 51.0, 18.5, 25.0, 9999.0, -0.5, -0.25, 19.5, 9999.0, 9999.0, 9999.0, 118.75, 122.25, 117.75, 101.25, 133.25
2023-04-06, 13:01:42, 130.5, 51.0, 19.0, 26.0, 9999.0, 1.25, 1.25, 19.5, 9999.0, 9999.0, 9999.0, 118.75, 122.25, 117.75, 101.25, 133.25
2023-04-06, 13:01:46, 130.5, 51.0, 19.0, 26.0, 9999.0, 1.0, 1.25, 19.5, 9999.0, 9999.0, 9999.0, 118.75, 122.25, 117.75, 101.5, 133.0
2023-04-06, 13:01:50, 130.5, 51.0, 19.0, 25.75, 9999.0, 1.0, 1.25, 19.5, 9999.0, 9999.0, 9999.0, 118.75, 122.25, 117.75, 101.25, 131.5
2023-04-06, 13:01:55, 130.25, 50.25, 16.25, 25.75, 9999.0, 1.0, 1.25, 19.75, 9999.0, 9999.0, 9999.0, 118.75, 122.5, 117.75, 101.5, 133.25
2023-04-06, 13:01:59, 130.5, 51.0, 19.0, 25.75, 9999.0, 1.0, 1.25, 19.5, 9999.0, 9999.0, 9999.0, 118.75, 122.5, 117.75, 101.5, 133.25
2023-04-06, 13:02:03, 130.5, 51.0, 19.0, 25.75, 9999.0, 1.0, 1.25, 19.75, 9999.0, 9999.0, 9999.0, 118.75, 122.5, 117.75, 101.5, 133.25
2023-04-06, 13:02:07, 130.25, 51.0, 18.75, 25.75, 9999.0, 1.0, 1.25, 19.5, 9999.0, 9999.0, 9999.0, 118.75, 121.25, 117.5, 100.5, 128.5
2023-04-06, 13:02:11, 130.5, 51.0, 19.0, 25.75, 9999.0, 1.0, 1.25, 19.5, 9999.0, 9999.0, 9999.0, 118.75, 122.25, 117.75, 101.5, 133.25
2023-04-06, 13:02:15, 130.5, 51.0, 19.0, 25.75, 9999.0, 1.0, 1.25, 19.5, 9999.0, 9999.0, 9999.0, 118.75, 122.5, 117.75, 101.5, 133.25
2023-04-06, 13:02:19, 130.5, 51.25, 19.0, 25.75, 9999.0, 1.0, 1.25, 19.5, 9999.0, 9999.0, 9999.0, 118.5, 122.25, 117.75, 101.5, 133.25
2023-04-06, 13:02:23, 130.5, 51.0, 18.75, 25.75, 9999.0, 1.0, 1.25, 19.5, 9999.0, 9999.0, 9999.0, 117.0, 121.5, 117.75, 101.5, 133.25
2023-04-06, 13:02:27, 130.5, 51.0, 18.75, 26.0, 9999.0, 1.0, 1.25, 19.75, 9999.0, 9999.0, 9999.0, 118.5, 122.5, 117.75, 101.5, 133.25
2023-04-06, 13:02:31, 130.5, 51.25, 19.0, 26.0, 9999.0, 1.25, 1.25, 19.5, 9999.0, 9999.0, 9999.0, 118.5, 122.25, 118.0, 101.5, 133.25
2023-04-06, 13:02:35, 130.5, 51.25, 18.75, 26.0, 9999.0, 1.25, 1.25, 19.5, 9999.0, 9999.0, 9999.0, 118.25, 122.25, 117.75, 101.5, 133.25
2023-04-06, 13:02:39, 130.5, 51.25, 19.0, 25.75, 9999.0, -0.25, 1.25, 18.5, 9999.0, 9999.0, 9999.0, 118.25, 122.25, 117.75, 101.5, 133.25
2023-04-06, 13:02:43, 130.5, 51.0, 18.75, 26.0, 9999.0, 1.25, 1.25, 19.5, 9999.0, 9999.0, 9999.0, 118.25, 122.25, 117.75, 101.5, 133.25
2023-04-06, 13:02:47, 130.5, 51.0, 18.75, 25.75, 9999.0, 1.25, 1.25, 19.75, 9999.0, 9999.0, 9999.0, 119.0, 122.5, 117.75, 101.5, 133.25
2023-04-06, 13:02:51, 130.5, 51.0, 18.75, 25.75, 9999.0, 1.25, 1.25, 19.5, 9999.0, 9999.0, 9999.0, 119.0, 122.25, 117.75, 101.5, 133.25
2023-04-06, 13:02:55, 130.5, 50.75, 18.25, 25.75, 9999.0, -0.75, 1.25, 19.5, 9999.0, 9999.0, 9999.0, 119.0, 122.25, 117.75, 101.5, 133.25
2023-04-06, 13:02:59, 130.5, 51.0, 19.0, 25.75, 9999.0, 1.25, 1.5, 19.5, 9999.0, 9999.0, 9999.0, 119.0, 122.25, 117.75, 101.5, 133.25
2023-04-06, 13:03:03, 130.5, 51.0, 19.0, 25.75, 9999.0, 1.25, 1.5, 19.75, 9999.0, 9999.0, 9999.0, 118.75, 122.25, 117.75, 101.5, 133.25
2023-04-06, 13:03:07, 130.5, 51.0, 19.0, 25.75, 9999.0, 1.0, 1.25, 19.5, 9999.0, 9999.0, 9999.0, 118.75, 122.25, 117.75, 101.0, 132.75
2023-04-06, 13:03:11, 130.0, 49.75, 18.5, 26.0, 9999.0, 1.25, 1.5, 19.5, 9999.0, 9999.0, 9999.0, 118.75, 122.25, 117.75, 101.5, 133.25
2023-04-06, 13:03:15, 130.5, 51.0, 18.75, 26.0, 9999.0, 1.0, 1.5, 19.5, 9999.0, 9999.0, 9999.0, 118.75, 122.5, 117.75, 101.5, 133.25
2023-04-06, 13:03:19, 130.5, 51.25, 18.75, 25.75, 9999.0, 1.25, 1.25, 19.5, 9999.0, 9999.0, 9999.0, 118.75, 122.5, 117.75, 101.5, 133.0
2023-04-06, 13:03:23, 130.5, 51.0, 18.75, 25.75, 9999.0, 1.0, 1.25, 19.5, 9999.0, 9999.0, 9999.0, 117.5, 122.25, 116.75, 99.0, 133.25
2023-04-06, 13:03:27, 130.5, 51.0, 19.0, 26.0, 9999.0, 1.0, 1.25, 19.75, 9999.0, 9999.0, 9999.0, 118.75, 122.5, 117.75, 101.5, 133.25
2023-04-06, 13:03:31, 130.5, 51.25, 19.0, 26.0, 9999.0, 1.0, 1.25, 19.5, 9999.0, 9999.0, 9999.0, 118.75, 122.5, 117.75, 101.75, 133.25
2023-04-06, 13:03:35, 130.5, 51.25, 18.75, 25.75, 9999.0, 1.0, 1.25, 19.5, 9999.0, 9999.0, 9999.0, 118.5, 122.25, 117.75, 101.5, 133.25
2023-04-06, 13:03:39, 130.5, 51.25, 19.0, 26.0, 9999.0, 1.0, 1.25, 19.5, 9999.0, 9999.0, 9999.0, 117.75, 122.5, 117.75, 101.5, 133.25
2023-04-06, 13:03:43, 130.75, 51.0, 18.75, 26.0, 9999.0, 1.0, 1.25, 19.75, 9999.0, 9999.0, 9999.0, 118.5, 122.5, 117.75, 101.5, 133.25
2023-04-06, 13:03:47, 130.5, 51.25, 18.75, 26.0, 9999.0, 1.25, 1.5, 19.5, 9999.0, 9999.0, 9999.0, 118.5, 122.5, 117.75, 101.5, 133.25
2023-04-06, 13:03:51, 130.75, 51.25, 18.75, 26.0, 9999.0, 1.25, 1.25, 19.75, 9999.0, 9999.0, 9999.0, 118.5, 122.5, 117.75, 101.5, 133.25
2023-04-06, 13:03:55, 130.5, 51.0, 18.75, 26.0, 9999.0, 0.5, 0.0, 18.0, 9999.0, 9999.0, 9999.0, 118.25, 122.5, 117.75, 101.5, 133.25
2023-04-06, 13:03:59, 130.75, 51.25, 18.75, 26.0, 9999.0, 1.5, 1.25, 19.75, 9999.0, 9999.0, 9999.0, 118.25, 122.5, 117.75, 101.5, 133.25
2023-04-06, 13:04:03, 130.5, 51.25, 19.0, 26.0, 9999.0, 1.5, 1.5, 19.75, 9999.0, 9999.0, 9999.0, 118.25, 122.5, 117.75, 101.5, 133.25
2023-04-06, 13:04:07, 130.75, 51.0, 19.0, 26.0, 9999.0, 1.25, 1.5, 19.5, 9999.0, 9999.0, 9999.0, 119.0, 122.5, 117.75, 101.5, 133.25
2023-04-06, 13:04:11, 130.75, 50.25, 18.75, 24.75, 9999.0, 1.25, 1.5, 19.75, 9999.0, 9999.0, 9999.0, 119.0, 122.5, 117.75, 101.5, 133.25
2023-04-06, 13:04:15, 130.75, 51.25, 18.75, 26.0, 9999.0, 1.25, 1.5, 19.5, 9999.0, 9999.0, 9999.0, 119.0, 122.5, 117.75, 101.5, 133.25
2023-04-06, 13:04:19, 130.5, 51.25, 19.0, 26.0, 9999.0, 1.25, 1.5, 19.75, 9999.0, 9999.0, 9999.0, 119.0, 122.25, 117.75, 101.5, 133.25
2023-04-06, 13:04:23, 130.75, 51.0, 18.75, 26.0, 9999.0, 1.25, 1.5, 19.75, 9999.0, 9999.0, 9999.0, 118.75, 122.25, 117.25, 100.75, 132.5
2023-04-06, 13:04:27, 129.25, 50.75, 18.75, 26.0, 9999.0, 1.25, 1.5, 19.75, 9999.0, 9999.0, 9999.0, 118.75, 122.25, 117.75, 101.5, 133.25
2023-04-06, 13:04:31, 130.75, 51.25, 19.0, 26.0, 9999.0, 1.25, 1.5, 19.75, 9999.0, 9999.0, 9999.0, 118.75, 122.25, 117.75, 101.5, 133.25
2023-04-06, 13:04:35, 130.5, 51.25, 18.75, 25.75, 9999.0, 1.0, 1.5, 19.75, 9999.0, 9999.0, 9999.0, 118.75, 122.5, 117.75, 101.5, 133.25
2023-04-06, 13:04:39, 130.5, 51.0, 19.0, 26.0, 9999.0, 1.25, 1.5, 19.75, 9999.0, 9999.0, 9999.0, 118.5, 121.5, 115.25, 101.5, 133.25
2023-04-06, 13:04:43, 130.75, 51.0, 19.0, 26.0, 9999.0, 1.25, 1.5, 19.75, 9999.0, 9999.0, 9999.0, 118.75, 122.5, 117.75, 101.5, 133.25
2023-04-06, 13:04:47, 130.75, 51.25, 19.0, 26.0, 9999.0, 1.25, 1.5, 19.75, 9999.0, 9999.0, 9999.0, 118.75, 122.5, 117.75, 101.5, 133.25
2023-04-06, 13:04:51, 130.75, 51.25, 18.75, 26.0, 9999.0, 1.0, 1.5, 19.75, 9999.0, 9999.0, 9999.0, 118.5, 122.5, 117.75, 101.5, 133.25
2023-04-06, 13:04:55, 130.5, 51.0, 19.0, 26.0, 9999.0, 1.0, 1.25, 19.0, 9999.0, 9999.0, 9999.0, 118.5, 122.5, 118.0, 101.5, 133.25
2023-04-06, 13:04:59, 130.5, 51.25, 18.75, 25.75, 9999.0, 1.0, 1.5, 19.75, 9999.0, 9999.0, 9999.0, 118.5, 122.5, 117.75, 101.75, 133.25
2023-04-06, 13:05:03, 130.75, 51.25, 19.0, 25.75, 9999.0, 1.0, 1.5, 19.75, 9999.0, 9999.0, 9999.0, 118.5, 122.5, 117.75, 101.5, 133.25
2023-04-06, 13:05:07, 130.75, 51.25, 19.0, 25.75, 9999.0, 1.25, 1.25, 19.75, 9999.0, 9999.0, 9999.0, 118.5, 122.5, 117.75, 101.5, 133.25
2023-04-06, 13:05:11, 130.5, 51.0, 19.0, 24.25, 9999.0, 0.75, -0.25, 19.0, 9999.0, 9999.0, 9999.0, 118.5, 122.5, 118.0, 101.5, 133.25
2023-04-06, 13:05:15, 130.75, 51.25, 19.0, 25.75, 9999.0, 1.25, 1.5, 19.75, 9999.0, 9999.0, 9999.0, 118.5, 122.5, 118.0, 101.5, 133.25
2023-04-06, 13:05:19, 130.75, 51.25, 19.0, 26.0, 9999.0, 1.5, 1.5, 19.75, 9999.0, 9999.0, 9999.0, 118.25, 122.5, 117.75, 101.5, 133.25
2023-04-06, 13:05:23, 130.75, 51.25, 19.0, 25.75, 9999.0, 1.25, 1.25, 19.75, 9999.0, 9999.0, 9999.0, 119.25, 122.5, 118.0, 101.5, 133.25
2023-04-06, 13:05:27, 129.0, 51.0, 17.75, 22.5, 9999.0, 1.5, 1.5, 19.75, 9999.0, 9999.0, 9999.0, 119.0, 122.5, 118.0, 101.5, 133.25
2023-04-06, 13:05:31, 130.75, 51.25, 19.0, 25.75, 9999.0, 1.25, 1.5, 19.75, 9999.0, 9999.0, 9999.0, 119.0, 122.25, 117.75, 101.5, 133.25
2023-04-06, 13:05:35, 130.75, 51.25, 19.0, 26.0, 9999.0, 1.25, 1.5, 19.75, 9999.0, 9999.0, 9999.0, 119.0, 122.5, 118.0, 101.75, 133.25
2023-04-06, 13:05:39, 130.75, 51.0, 18.75, 25.75, 9999.0, 1.25, 1.5, 19.75, 9999.0, 9999.0, 9999.0, 118.75, 122.0, 117.25, 101.5, 131.25
2023-04-06, 13:05:43, 129.0, 51.0, 19.0, 25.75, 9999.0, 1.25, 1.5, 19.5, 9999.0, 9999.0, 9999.0, 118.75, 122.25, 117.75, 101.5, 133.25
2023-04-06, 13:05:47, 130.75, 51.25, 19.0, 25.75, 9999.0, 1.25, 1.5, 19.75, 9999.0, 9999.0, 9999.0, 118.75, 122.25, 118.0, 101.5, 133.25
2023-04-06, 13:05:51, 130.75, 51.25, 19.0, 25.75, 9999.0, 1.25, 1.5, 19.75, 9999.0, 9999.0, 9999.0, 118.75, 122.25, 117.75, 101.5, 133.25
2023-04-06, 13:05:55, 130.5, 51.25, 19.0, 26.0, 9999.0, 1.25, 1.5, 19.75, 9999.0, 9999.0, 9999.0, 118.0, 121.25, 117.5, 101.5, 133.25
2023-04-06, 13:05:59, 130.75, 51.25, 19.0, 26.0, 9999.0, 1.25, 1.5, 19.75, 9999.0, 9999.0, 9999.0, 118.75, 122.5, 118.0, 101.75, 133.25
2023-04-06, 13:06:03, 130.75, 51.25, 19.0, 25.75, 9999.0, 1.25, 1.5, 19.75, 9999.0, 9999.0, 9999.0, 118.75, 122.5, 117.75, 101.75, 133.5
2023-04-06, 13:06:07, 130.75, 51.25, 19.0, 26.0, 9999.0, 1.25, 1.25, 19.75, 9999.0, 9999.0, 9999.0, 118.75, 122.5, 117.75, 101.75, 133.25
2023-04-06, 13:06:11, 130.75, 51.25, 19.0, 26.0, 9999.0, 1.0, 0.25, 19.5, 9999.0, 9999.0, 9999.0, 118.75, 122.5, 117.75, 101.75, 133.5
2023-04-06, 13:06:15, 130.75, 51.25, 19.0, 25.75, 9999.0, 1.0, 1.5, 19.75, 9999.0, 9999.0, 9999.0, 118.75, 122.5, 118.0, 101.75, 133.25
2023-04-06, 13:06:20, 130.75, 51.25, 19.0, 25.75, 9999.0, 1.0, 1.5, 19.5, 9999.0, 9999.0, 9999.0, 118.5, 122.5, 118.0, 101.5, 133.25
2023-04-06, 13:06:24, 130.75, 51.25, 19.0, 26.0, 9999.0, 1.25, 1.5, 19.75, 9999.0, 9999.0, 9999.0, 118.5, 122.5, 118.0, 101.75, 133.25
2023-04-06, 13:06:28, 130.75, 51.0, 19.0, 25.0, 9999.0, 0.0, 0.5, 19.75, 9999.0, 9999.0, 9999.0, 118.5, 122.5, 117.75, 101.5, 133.25
2023-04-06, 13:06:32, 130.75, 51.25, 19.0, 26.0, 9999.0, 1.25, 1.5, 19.75, 9999.0, 9999.0, 9999.0, 118.5, 122.5, 118.0, 101.75, 133.25
2023-04-06, 13:06:36, 130.75, 51.25, 19.0, 26.0, 9999.0, 1.25, 1.5, 19.75, 9999.0, 9999.0, 9999.0, 118.5, 122.5, 118.0, 101.5, 133.25
2023-04-06, 13:06:40, 130.75, 51.25, 19.0, 25.75, 9999.0, 1.25, 1.5, 19.75, 9999.0, 9999.0, 9999.0, 118.5, 122.5, 118.0, 101.5, 131.25
2023-04-06, 13:06:44, 130.0, 50.25, 17.25, 25.75, 9999.0, 1.5, 1.5, 19.75, 9999.0, 9999.0, 9999.0, 119.0, 122.5, 118.0, 101.5, 133.25
2023-04-06, 13:06:48, 130.75, 51.25, 19.0, 26.0, 9999.0, 1.25, 1.5, 19.75, 9999.0, 9999.0, 9999.0, 119.0, 122.5, 118.0, 101.5, 133.25
2023-04-06, 13:06:52, 130.75, 51.25, 19.0, 26.0, 9999.0, 1.25, 1.5, 19.75, 9999.0, 9999.0, 9999.0, 119.0, 122.5, 118.0, 101.5, 133.25
2023-04-06, 13:06:56, 130.75, 51.0, 18.75, 25.75, 9999.0, 1.25, 1.5, 19.75, 9999.0, 9999.0, 9999.0, 119.0, 121.5, 117.75, 100.5, 129.0
2023-04-06, 13:07:00, 130.75, 51.0, 18.75, 25.75, 9999.0, 1.25, 1.5, 19.75, 9999.0, 9999.0, 9999.0, 119.0, 122.5, 117.75, 101.5, 133.25
2023-04-06, 13:07:04, 130.75, 51.25, 19.0, 25.75, 9999.0, 1.25, 1.5, 19.75, 9999.0, 9999.0, 9999.0, 118.75, 122.25, 117.75, 101.5, 133.25
2023-04-06, 13:07:08, 130.75, 51.25, 19.0, 26.0, 9999.0, 1.25, 1.5, 19.75, 9999.0, 9999.0, 9999.0, 118.75, 122.25, 117.75, 101.5, 133.25
2023-04-06, 13:07:12, 130.75, 51.25, 19.0, 26.0, 9999.0, 1.25, 1.5, 19.5, 9999.0, 9999.0, 9999.0, 117.0, 121.5, 117.75, 101.5, 133.25
2023-04-06, 13:07:16, 130.75, 51.25, 19.0, 26.0, 9999.0, 1.25, 1.5, 19.75, 9999.0, 9999.0, 9999.0, 118.75, 122.5, 118.0, 101.5, 133.25
2023-04-06, 13:07:20, 130.75, 51.25, 19.0, 26.0, 9999.0, 1.25, 1.5, 19.75, 9999.0, 9999.0, 9999.0, 118.75, 122.5, 118.0, 101.5, 133.25
2023-04-06, 13:07:24, 130.75, 51.25, 19.0, 26.0, 9999.0, 1.25, 1.5, 19.75, 9999.0, 9999.0, 9999.0, 118.75, 122.5, 117.75, 101.5, 133.25
2023-04-06, 13:07:28, 130.75, 51.25, 18.75, 26.0, 9999.0, -0.5, 1.0, 19.25, 9999.0, 9999.0, 9999.0, 118.75, 122.5, 118.0, 101.5, 133.25
2023-04-06, 13:07:32, 130.75, 51.25, 19.0, 26.0, 9999.0, 1.25, 1.5, 19.75, 9999.0, 9999.0, 9999.0, 118.75, 122.5, 118.0, 101.5, 133.25
2023-04-06, 13:07:36, 130.75, 51.25, 19.0, 26.0, 9999.0, 1.25, 1.5, 19.75, 9999.0, 9999.0, 9999.0, 118.75, 122.5, 117.75, 101.75, 133.25
2023-04-06, 13:07:40, 130.5, 51.25, 19.0, 25.75, 9999.0, 1.0, 1.25, 19.75, 9999.0, 9999.0, 9999.0, 118.5, 122.5, 117.75, 101.5, 133.25
2023-04-06, 13:07:44, 130.5, 51.25, 17.75, 25.5, 9999.0, -1.5, 1.5, 19.5, 9999.0, 9999.0, 9999.0, 118.5, 122.5, 117.75, 101.5, 133.5
2023-04-06, 13:07:48, 130.5, 51.25, 19.0, 26.0, 9999.0, 1.25, 1.25, 19.75, 9999.0, 9999.0, 9999.0, 118.5, 122.5, 118.0, 101.5, 133.25
2023-04-06, 13:07:52, 130.75, 51.25, 19.0, 25.75, 9999.0, 1.25, 1.5, 19.75, 9999.0, 9999.0, 9999.0, 118.5, 122.5, 118.0, 101.5, 133.25
2023-04-06, 13:07:56, 130.75, 51.25, 19.0, 25.75, 9999.0, 1.25, 1.5, 19.75, 9999.0, 9999.0, 9999.0, 118.5, 122.5, 118.0, 101.0, 132.25
2023-04-06, 13:08:00, 130.5, 49.75, 17.75, 25.75, 9999.0, 1.5, 1.5, 19.75, 9999.0, 9999.0, 9999.0, 118.5, 122.5, 117.75, 101.5, 133.25
2023-04-06, 13:08:04, 130.75, 51.25, 18.75, 25.75, 9999.0, 1.5, 1.5, 19.75, 9999.0, 9999.0, 9999.0, 119.0, 122.5, 118.0, 101.5, 133.25
2023-04-06, 13:08:08, 130.5, 51.25, 18.75, 25.75, 9999.0, 1.5, 1.5, 19.75, 9999.0, 9999.0, 9999.0, 119.0, 122.5, 118.0, 101.5, 133.25
2023-04-06, 13:08:12, 130.5, 51.0, 18.75, 25.75, 9999.0, 1.25, 1.5, 19.75, 9999.0, 9999.0, 9999.0, 117.5, 122.0, 116.75, 100.25, 133.0
2023-04-06, 13:08:16, 130.5, 51.25, 19.0, 25.75, 9999.0, 1.25, 1.5, 19.5, 9999.0, 9999.0, 9999.0, 119.0, 122.5, 117.75, 101.5, 133.25
2023-04-06, 13:08:20, 130.75, 51.25, 18.75, 26.0, 9999.0, 1.25, 1.5, 19.75, 9999.0, 9999.0, 9999.0, 118.75, 122.5, 117.75, 101.5, 133.25
2023-04-06, 13:08:24, 130.75, 51.25, 18.75, 26.0, 9999.0, 1.25, 1.5, 19.75, 9999.0, 9999.0, 9999.0, 118.75, 122.25, 118.0, 101.5, 133.25
2023-04-06, 13:08:28, 130.5, 51.25, 18.75, 25.75, 9999.0, 1.25, 1.25, 19.5, 9999.0, 9999.0, 9999.0, 115.25, 122.25, 118.0, 101.5, 133.25
2023-04-06, 13:08:32, 130.5, 51.25, 19.0, 25.75, 9999.0, 1.25, 1.5, 19.5, 9999.0, 9999.0, 9999.0, 118.75, 122.25, 117.75, 101.5, 133.25
2023-04-06, 13:08:36, 130.75, 51.0, 19.0, 26.0, 9999.0, 1.25, 1.5, 19.5, 9999.0, 9999.0, 9999.0, 118.75, 122.5, 117.75, 101.5, 133.25
2023-04-06, 13:08:40, 130.75, 51.25, 19.0, 26.0, 9999.0, 1.25, 1.5, 19.75, 9999.0, 9999.0, 9999.0, 118.75, 122.5, 117.75, 101.5, 133.25
2023-04-06, 13:08:44, 130.75, 51.25, 18.75, 25.5, 9999.0, 0.5, 1.0, 18.0, 9999.0, 9999.0, 9999.0, 118.75, 122.5, 118.0, 101.5, 133.25
2023-04-06, 13:08:48, 130.5, 51.25, 19.0, 25.75, 9999.0, 1.25, 1.5, 19.5, 9999.0, 9999.0, 9999.0, 118.75, 122.5, 117.75, 101.5, 133.25
2023-04-06, 13:08:52, 130.75, 51.25, 19.0, 25.75, 9999.0, 1.0, 1.5, 19.5, 9999.0, 9999.0, 9999.0, 118.75, 122.5, 118.0, 101.5, 133.25
2023-04-06, 13:08:56, 130.75, 51.25, 19.0, 25.75, 9999.0, 1.0, 1.25, 19.5, 9999.0, 9999.0, 9999.0, 118.75, 122.5, 117.75, 101.5, 133.25
2023-04-06, 13:09:00, 130.5, 49.75, 18.5, 24.5, 9999.0, 1.0, 1.5, 19.75, 9999.0, 9999.0, 9999.0, 118.5, 122.5, 117.75, 101.5, 133.25
2023-04-06, 13:09:04, 130.5, 51.25, 19.0, 26.0, 9999.0, 1.0, 1.5, 19.75, 9999.0, 9999.0, 9999.0, 118.5, 122.5, 118.0, 101.5, 133.25
2023-04-06, 13:09:08, 130.5, 51.25, 19.0, 25.75, 9999.0, 1.25, 1.5, 19.5, 9999.0, 9999.0, 9999.0, 118.5, 122.5, 117.75, 101.5, 133.25
2023-04-06, 13:09:12, 130.5, 51.25, 18.75, 25.75, 9999.0, 1.25, 1.25, 19.75, 9999.0, 9999.0, 9999.0, 118.5, 122.5, 117.75, 101.0, 133.0
2023-04-06, 13:09:16, 129.25, 49.25, 18.75, 25.75, 9999.0, 1.25, 1.25, 19.5, 9999.0, 9999.0, 9999.0, 118.5, 122.5, 118.0, 101.5, 133.25
2023-04-06, 13:09:20, 130.5, 51.25, 18.75, 25.5, 9999.0, 1.5, 1.5, 19.5, 9999.0, 9999.0, 9999.0, 118.25, 122.25, 118.0, 101.5, 133.25
2023-04-06, 13:09:24, 130.75, 51.25, 18.75, 25.75, 9999.0, 1.25, 1.5, 19.75, 9999.0, 9999.0, 9999.0, 118.25, 122.25, 118.0, 101.5, 133.0
2023-04-06, 13:09:28, 130.5, 51.25, 19.0, 25.75, 9999.0, 1.25, 1.5, 19.5, 9999.0, 9999.0, 9999.0, 118.25, 121.5, 116.5, 101.5, 133.25
2023-04-06, 13:09:32, 130.75, 51.25, 19.0, 25.75, 9999.0, 1.25, 1.5, 19.75, 9999.0, 9999.0, 9999.0, 119.0, 122.25, 118.0, 101.5, 133.25
2023-04-06, 13:09:36, 130.75, 51.25, 19.0, 25.75, 9999.0, 1.25, 1.25, 19.75, 9999.0, 9999.0, 9999.0, 119.0, 122.25, 118.0, 101.5, 133.25
2023-04-06, 13:09:40, 130.5, 51.25, 19.0, 25.75, 9999.0, 1.25, 1.5, 19.5, 9999.0, 9999.0, 9999.0, 119.0, 122.25, 118.0, 101.5, 133.25
2023-04-06, 13:09:44, 130.5, 51.25, 19.0, 25.75, 9999.0, 1.25, 1.5, 18.75, 9999.0, 9999.0, 9999.0, 118.75, 122.25, 118.0, 101.5, 133.25
2023-04-06, 13:09:48, 130.5, 51.25, 19.0, 25.75, 9999.0, 1.25, 1.5, 19.75, 9999.0, 9999.0, 9999.0, 118.75, 122.25, 117.75, 101.5, 133.25
2023-04-06, 13:09:52, 130.75, 51.25, 19.0, 25.75, 9999.0, 1.25, 1.5, 19.5, 9999.0, 9999.0, 9999.0, 118.75, 122.25, 118.0, 101.5, 133.25
2023-04-06, 13:09:56, 130.75, 51.25, 19.0, 25.75, 9999.0, 1.0, 1.5, 19.75, 9999.0, 9999.0, 9999.0, 118.75, 122.5, 118.0, 101.5, 133.25
2023-04-06, 13:10:00, 130.75, 51.0, 19.0, 25.5, 9999.0, 0.75, -0.25, 19.0, 9999.0, 9999.0, 9999.0, 118.75, 122.5, 117.75, 101.5, 133.25
2023-04-06, 13:10:04, 130.5, 51.25, 19.0, 26.0, 9999.0, 1.0, 1.25, 19.75, 9999.0, 9999.0, 9999.0, 118.75, 122.5, 117.75, 101.5, 133.25
2023-04-06, 13:10:08, 130.5, 51.25, 19.0, 25.75, 9999.0, 1.25, 1.5, 19.75, 9999.0, 9999.0, 9999.0, 118.75, 122.5, 117.75, 101.5, 133.25
2023-04-06, 13:10:12, 130.5, 51.25, 19.0, 25.75, 9999.0, 1.0, 1.25, 19.75, 9999.0, 9999.0, 9999.0, 118.75, 122.5, 117.75, 101.5, 133.25
2023-04-06, 13:10:16, 129.0, 50.75, 17.75, 23.5, 9999.0, 1.0, 1.25, 19.5, 9999.0, 9999.0, 9999.0, 118.5, 122.5, 118.0, 101.5, 133.25
2023-04-06, 13:10:20, 130.75, 51.0, 19.0, 25.75, 9999.0, 1.0, 1.25, 19.5, 9999.0, 9999.0, 9999.0, 118.5, 122.25, 117.75, 101.5, 133.25
2023-04-06, 13:10:24, 130.5, 51.25, 19.0, 25.75, 9999.0, 1.0, 1.25, 19.75, 9999.0, 9999.0, 9999.0, 118.5, 122.5, 118.0, 101.5, 133.25
2023-04-06, 13:10:28, 130.75, 51.0, 19.0, 25.75, 9999.0, 1.0, 1.25, 19.5, 9999.0, 9999.0, 9999.0, 118.5, 122.25, 116.75, 101.25, 132.0
2023-04-06, 13:10:32, 128.75, 51.0, 19.0, 25.75, 9999.0, 1.0, 1.25, 19.5, 9999.0, 9999.0, 9999.0, 118.5, 122.25, 118.0, 101.5, 133.25
2023-04-06, 13:10:36, 130.75, 51.25, 18.75, 25.75, 9999.0, 1.25, 1.25, 19.5, 9999.0, 9999.0, 9999.0, 118.5, 122.25, 118.0, 101.5, 133.25
2023-04-06, 13:10:40, 130.5, 51.25, 18.75, 26.0, 9999.0, 1.25, 1.5, 19.75, 9999.0, 9999.0, 9999.0, 118.25, 122.25, 117.75, 101.25, 133.25
2023-04-06, 13:10:45, 130.5, 51.0, 19.0, 26.0, 9999.0, 1.25, 1.5, 19.5, 9999.0, 9999.0, 9999.0, 117.5, 121.0, 117.0, 101.5, 133.25
2023-04-06, 13:10:49, 130.5, 51.25, 19.0, 25.75, 9999.0, 1.25, 1.25, 19.5, 9999.0, 9999.0, 9999.0, 119.0, 122.25, 117.75, 101.5, 133.25
2023-04-06, 13:10:53, 130.5, 51.0, 19.0, 25.75, 9999.0, 1.25, 1.5, 19.5, 9999.0, 9999.0, 9999.0, 119.0, 122.25, 117.75, 101.5, 133.25
2023-04-06, 13:10:57, 130.5, 51.25, 19.0, 26.0, 9999.0, 1.25, 1.25, 19.5, 9999.0, 9999.0, 9999.0, 118.75, 122.25, 117.75, 101.5, 133.25
2023-04-06, 13:11:01, 130.5, 51.0, 19.0, 26.0, 9999.0, 1.25, -0.25, 19.5, 9999.0, 9999.0, 9999.0, 118.75, 122.25, 117.75, 101.5, 133.25
2023-04-06, 13:11:05, 130.5, 51.25, 18.75, 26.0, 9999.0, 1.25, 1.25, 19.5, 9999.0, 9999.0, 9999.0, 118.75, 122.25, 117.75, 101.5, 133.25
2023-04-06, 13:11:09, 130.5, 51.0, 18.75, 26.0, 9999.0, 1.25, 1.5, 19.5, 9999.0, 9999.0, 9999.0, 118.75, 122.5, 117.75, 101.5, 133.25
2023-04-06, 13:11:13, 130.5, 51.25, 19.0, 26.0, 9999.0, 1.25, 1.5, 19.5, 9999.0, 9999.0, 9999.0, 118.75, 122.25, 117.75, 101.25, 133.25
2023-04-06, 13:11:17, 130.5, 51.0, 18.75, 25.0, 9999.0, -0.5, -1.25, 19.5, 9999.0, 9999.0, 9999.0, 118.75, 122.5, 117.75, 101.5, 133.25
2023-04-06, 13:11:21, 130.5, 51.0, 19.0, 26.0, 9999.0, 1.0, 1.25, 19.5, 9999.0, 9999.0, 9999.0, 118.75, 122.5, 117.75, 101.5, 133.25
2023-04-06, 13:11:25, 130.5, 51.25, 18.75, 26.0, 9999.0, 1.0, 1.5, 19.5, 9999.0, 9999.0, 9999.0, 118.75, 122.5, 118.0, 101.5, 133.25
2023-04-06, 13:11:29, 130.5, 51.0, 18.75, 26.0, 9999.0, 1.0, 1.25, 19.5, 9999.0, 9999.0, 9999.0, 118.75, 122.5, 117.75, 101.5, 132.75
2023-04-06, 13:11:33, 130.0, 50.5, 16.75, 25.25, 9999.0, 1.0, 1.25, 19.5, 9999.0, 9999.0, 9999.0, 118.75, 122.5, 117.75, 101.5, 133.25
2023-04-06, 13:11:37, 130.5, 51.0, 18.75, 26.0, 9999.0, 1.0, 1.25, 19.5, 9999.0, 9999.0, 9999.0, 118.5, 122.5, 117.75, 101.5, 133.25
2023-04-06, 13:11:41, 130.5, 51.25, 19.0, 25.75, 9999.0, 1.0, 1.25, 19.5, 9999.0, 9999.0, 9999.0, 118.5, 122.5, 117.75, 101.5, 133.25
2023-04-06, 13:11:45, 130.5, 51.0, 18.75, 25.75, 9999.0, 1.0, 1.25, 19.5, 9999.0, 9999.0, 9999.0, 118.5, 121.0, 117.75, 100.5, 130.0
2023-04-06, 13:11:49, 130.5, 51.0, 19.0, 25.75, 9999.0, 1.0, 1.25, 19.5, 9999.0, 9999.0, 9999.0, 118.5, 122.5, 118.0, 101.5, 133.25
2023-04-06, 13:11:53, 130.5, 51.25, 18.75, 26.0, 9999.0, 1.0, 1.25, 19.5, 9999.0, 9999.0, 9999.0, 118.5, 122.5, 117.75, 101.5, 133.25
2023-04-06, 13:11:57, 130.5, 51.25, 19.0, 25.75, 9999.0, 1.25, 1.25, 19.5, 9999.0, 9999.0, 9999.0, 118.25, 122.5, 117.75, 101.25, 133.25
2023-04-06, 13:12:01, 130.5, 51.0, 19.0, 25.75, 9999.0, 1.25, 1.25, 19.5, 9999.0, 9999.0, 9999.0, 116.75, 121.0, 117.75, 101.5, 133.25
2023-04-06, 13:12:05, 130.5, 51.0, 18.75, 25.75, 9999.0, 1.25, 1.5, 19.5, 9999.0, 9999.0, 9999.0, 118.25, 122.5, 118.0, 101.5, 133.25
2023-04-06, 13:12:09, 130.5, 51.0, 18.75, 26.0, 9999.0, 1.25, 1.5, 19.5, 9999.0, 9999.0, 9999.0, 119.0, 122.5, 117.75, 101.25, 133.25
2023-04-06, 13:12:13, 130.75, 51.0, 19.0, 25.75, 9999.0, 1.25, 1.25, 19.5, 9999.0, 9999.0, 9999.0, 119.0, 122.5, 117.75, 101.5, 133.25
2023-04-06, 13:12:17, 130.5, 51.0, 18.75, 26.0, 9999.0, -0.25, 1.0, 18.75, 9999.0, 9999.0, 9999.0, 119.0, 122.25, 117.75, 101.5, 133.25
2023-04-06, 13:12:21, 130.5, 51.0, 18.75, 26.0, 9999.0, 1.25, 1.5, 19.5, 9999.0, 9999.0, 9999.0, 119.0, 122.25, 118.0, 101.5, 133.25
2023-04-06, 13:12:25, 130.5, 51.0, 18.75, 25.75, 9999.0, 1.25, 1.5, 19.5, 9999.0, 9999.0, 9999.0, 118.75, 122.25, 117.75, 101.5, 133.25
2023-04-06, 13:12:29, 130.5, 51.0, 18.75, 25.75, 9999.0, 1.25, 1.5, 19.5, 9999.0, 9999.0, 9999.0, 118.75, 122.25, 118.0, 101.5, 133.25
2023-04-06, 13:12:33, 130.5, 51.0, 18.0, 25.75, 9999.0, -2.25, 1.25, 19.5, 9999.0, 9999.0, 9999.0, 118.75, 122.25, 117.75, 101.5, 133.25
2023-04-06, 13:12:37, 130.5, 51.0, 18.75, 25.75, 9999.0, 1.0, 1.25, 19.5, 9999.0, 9999.0, 9999.0, 118.75, 122.25, 117.75, 101.5, 133.25
2023-04-06, 13:12:41, 130.5, 51.0, 18.75, 25.75, 9999.0, 1.25, 1.5, 19.5, 9999.0, 9999.0, 9999.0, 118.75, 122.5, 117.75, 101.5, 133.25
2023-04-06, 13:12:45, 130.5, 51.0, 19.0, 25.75, 9999.0, 1.0, 1.25, 19.5, 9999.0, 9999.0, 9999.0, 118.75, 122.5, 117.75, 101.25, 132.25
2023-04-06, 13:12:49, 130.25, 49.25, 18.25, 25.5, 9999.0, 1.0, 1.25, 19.5, 9999.0, 9999.0, 9999.0, 118.75, 122.5, 117.75, 101.5, 133.25
2023-04-06, 13:12:53, 130.5, 51.25, 18.75, 25.5, 9999.0, 1.0, 1.25, 19.5, 9999.0, 9999.0, 9999.0, 118.5, 122.5, 117.75, 101.5, 133.25
2023-04-06, 13:12:57, 130.5, 51.25, 18.75, 25.75, 9999.0, 1.0, 1.25, 19.5, 9999.0, 9999.0, 9999.0, 118.5, 122.5, 117.75, 101.5, 133.25
2023-04-06, 13:13:01, 130.5, 51.0, 18.75, 25.75, 9999.0, 1.0, 1.25, 19.5, 9999.0, 9999.0, 9999.0, 117.0, 121.75, 116.5, 99.75, 132.75
2023-04-06, 13:13:05, 130.5, 51.0, 19.0, 25.75, 9999.0, 1.0, 1.25, 19.5, 9999.0, 9999.0, 9999.0, 118.5, 122.25, 117.75, 101.25, 133.25
2023-04-06, 13:13:09, 130.5, 51.0, 19.0, 25.75, 9999.0, 1.0, 1.25, 19.5, 9999.0, 9999.0, 9999.0, 118.5, 122.25, 118.0, 101.5, 133.25
2023-04-06, 13:13:13, 130.5, 51.0, 19.0, 25.75, 9999.0, 1.25, 1.25, 19.5, 9999.0, 9999.0, 9999.0, 118.5, 122.25, 117.75, 101.25, 133.25
2023-04-06, 13:13:17, 130.5, 51.0, 19.0, 25.5, 9999.0, 1.25, 1.25, 19.5, 9999.0, 9999.0, 9999.0, 116.25, 122.25, 118.0, 101.5, 133.25
2023-04-06, 13:13:21, 130.5, 51.0, 19.0, 25.5, 9999.0, 1.25, 1.25, 19.5, 9999.0, 9999.0, 9999.0, 118.5, 122.5, 117.75, 101.25, 133.25
2023-04-06, 13:13:25, 130.5, 51.0, 18.75, 25.5, 9999.0, 1.25, 1.5, 19.5, 9999.0, 9999.0, 9999.0, 118.25, 122.25, 117.75, 101.25, 133.25
2023-04-06, 13:13:29, 130.5, 51.25, 19.0, 25.75, 9999.0, 1.25, 1.25, 19.5, 9999.0, 9999.0, 9999.0, 119.0, 122.25, 117.75, 101.5, 133.25
2023-04-06, 13:13:33, 130.5, 51.0, 18.75, 25.25, 9999.0, 0.5, 0.5, 18.5, 9999.0, 9999.0, 9999.0, 119.0, 122.25, 117.75, 101.5, 133.25
2023-04-06, 13:13:37, 130.5, 51.0, 19.0, 25.5, 9999.0, 1.25, 1.25, 19.5, 9999.0, 9999.0, 9999.0, 119.0, 122.25, 118.0, 101.5, 133.25
2023-04-06, 13:13:41, 130.5, 51.0, 18.75, 25.75, 9999.0, 1.25, 1.25, 19.5, 9999.0, 9999.0, 9999.0, 118.75, 122.25, 117.75, 101.5, 133.25
2023-04-06, 13:13:45, 130.5, 51.25, 19.0, 25.5, 9999.0, 1.25, 1.25, 19.5, 9999.0, 9999.0, 9999.0, 118.75, 122.25, 117.75, 101.5, 133.0
2023-04-06, 13:13:49, 130.5, 50.0, 18.75, 24.25, 9999.0, 1.0, 1.5, 19.5, 9999.0, 9999.0, 9999.0, 118.75, 122.25, 117.75, 101.5, 133.25
2023-04-06, 13:13:53, 130.5, 51.0, 19.0, 25.75, 9999.0, 1.25, 1.25, 19.5, 9999.0, 9999.0, 9999.0, 118.75, 122.25, 117.75, 101.5, 133.25
2023-04-06, 13:13:57, 130.5, 51.25, 19.0, 25.75, 9999.0, 1.25, 1.25, 19.5, 9999.0, 9999.0, 9999.0, 118.75, 122.25, 117.75, 101.5, 133.25
2023-04-06, 13:14:01, 130.5, 51.0, 18.5, 25.5, 9999.0, 1.0, 1.25, 19.5, 9999.0, 9999.0, 9999.0, 118.75, 122.25, 117.75, 100.75, 132.75
2023-04-06, 13:14:05, 129.0, 48.0, 18.75, 25.5, 9999.0, 1.0, 1.25, 19.5, 9999.0, 9999.0, 9999.0, 118.75, 122.5, 117.75, 101.5, 133.25
2023-04-06, 13:14:09, 130.5, 51.25, 18.75, 25.75, 9999.0, 1.0, 1.25, 19.5, 9999.0, 9999.0, 9999.0, 118.75, 122.25, 117.75, 101.5, 133.25
2023-04-06, 13:14:13, 130.5, 51.0, 18.75, 25.75, 9999.0, 1.0, 1.25, 19.5, 9999.0, 9999.0, 9999.0, 118.75, 122.25, 117.75, 101.5, 133.0
2023-04-06, 13:14:17, 130.5, 51.25, 19.0, 25.75, 9999.0, 1.0, 1.25, 19.5, 9999.0, 9999.0, 9999.0, 118.0, 121.75, 116.0, 101.0, 133.25
2023-04-06, 13:14:21, 130.5, 51.25, 18.75, 25.75, 9999.0, 1.0, 1.25, 19.5, 9999.0, 9999.0, 9999.0, 118.5, 122.25, 117.75, 101.5, 133.25
2023-04-06, 13:14:25, 130.5, 51.0, 18.75, 25.75, 9999.0, 1.0, 1.25, 19.75, 9999.0, 9999.0, 9999.0, 118.5, 122.25, 117.75, 101.5, 133.25
2023-04-06, 13:14:29, 130.5, 51.25, 18.75, 25.75, 9999.0, 1.0, 1.25, 19.5, 9999.0, 9999.0, 9999.0, 118.5, 122.25, 117.75, 101.5, 133.25
2023-04-06, 13:14:33, 130.5, 51.25, 18.75, 26.0, 9999.0, 1.0, 1.25, 18.5, 9999.0, 9999.0, 9999.0, 118.5, 122.25, 117.75, 101.5, 133.25
2023-04-06, 13:14:37, 130.5, 51.25, 18.75, 26.0, 9999.0, 1.25, 1.25, 19.75, 9999.0, 9999.0, 9999.0, 118.5, 122.25, 117.75, 101.5, 133.25
2023-04-06, 13:14:41, 130.5, 51.25, 18.75, 26.0, 9999.0, 1.25, 1.25, 19.75, 9999.0, 9999.0, 9999.0, 118.5, 122.25, 118.0, 101.5, 133.25
2023-04-06, 13:14:45, 130.5, 51.0, 18.75, 26.0, 9999.0, 1.25, 1.25, 19.5, 9999.0, 9999.0, 9999.0, 118.25, 122.25, 117.75, 101.5, 133.0
2023-04-06, 13:14:49, 130.5, 51.0, 18.75, 25.25, 9999.0, 1.0, -0.25, 18.5, 9999.0, 9999.0, 9999.0, 118.25, 122.5, 117.75, 101.5, 133.25
2023-04-06, 13:14:53, 130.5, 51.25, 19.0, 26.0, 9999.0, 1.25, 1.25, 19.75, 9999.0, 9999.0, 9999.0, 119.0, 122.5, 117.75, 101.5, 133.25
2023-04-06, 13:14:57, 130.5, 51.25, 19.0, 25.75, 9999.0, 1.25, 1.25, 19.75, 9999.0, 9999.0, 9999.0, 119.0, 122.5, 117.75, 101.5, 133.25
2023-04-06, 13:15:01, 130.75, 51.25, 18.75, 25.75, 9999.0, 1.25, 1.25, 19.5, 9999.0, 9999.0, 9999.0, 119.0, 122.25, 117.75, 101.5, 133.25
2023-04-06, 13:15:05, 129.25, 50.75, 18.0, 24.25, 9999.0, 1.25, 1.5, 19.75, 9999.0, 9999.0, 9999.0, 118.75, 122.5, 118.0, 101.5, 133.25
2023-04-06, 13:15:09, 130.75, 51.25, 18.75, 26.0, 9999.0, 1.25, 1.5, 19.5, 9999.0, 9999.0, 9999.0, 118.75, 122.25, 117.75, 101.5, 133.25
2023-04-06, 13:15:14, 130.5, 51.25, 19.0, 26.0, 9999.0, 1.25, 1.25, 19.5, 9999.0, 9999.0, 9999.0, 118.75, 122.25, 118.0, 101.5, 133.25
2023-04-06, 13:15:18, 130.5, 51.25, 18.75, 25.75, 9999.0, 1.25, 1.25, 19.75, 9999.0, 9999.0, 9999.0, 118.75, 122.25, 117.0, 101.25, 131.5
2023-04-06, 13:15:22, 128.0, 51.0, 19.0, 25.75, 9999.0, 1.0, 1.5, 19.75, 9999.0, 9999.0, 9999.0, 118.75, 122.5, 117.75, 101.5, 133.25
2023-04-06, 13:15:26, 130.75, 51.25, 19.0, 25.75, 9999.0, 1.0, 1.5, 19.75, 9999.0, 9999.0, 9999.0, 118.75, 122.5, 117.75, 101.5, 133.25
2023-04-06, 13:15:30, 130.75, 51.25, 19.0, 25.75, 9999.0, 1.0, 1.25, 19.5, 9999.0, 9999.0, 9999.0, 118.75, 122.5, 117.75, 101.5, 133.25
2023-04-06, 13:15:34, 130.75, 51.25, 18.75, 25.75, 9999.0, 1.0, 1.25, 19.75, 9999.0, 9999.0, 9999.0, 118.25, 120.75, 117.25, 101.5, 133.25
2023-04-06, 13:15:38, 130.75, 51.25, 19.0, 25.75, 9999.0, 1.0, 1.5, 19.75, 9999.0, 9999.0, 9999.0, 118.75, 122.5, 117.75, 101.5, 133.25
2023-04-06, 13:15:42, 130.75, 51.25, 18.75, 25.75, 9999.0, 1.0, 1.5, 19.75, 9999.0, 9999.0, 9999.0, 118.75, 122.5, 117.75, 101.5, 133.25
2023-04-06, 13:15:46, 130.75, 51.25, 18.75, 25.5, 9999.0, 1.0, 1.5, 19.75, 9999.0, 9999.0, 9999.0, 118.5, 122.25, 117.75, 101.5, 133.25
2023-04-06, 13:15:50, 130.75, 51.25, 18.75, 25.75, 9999.0, 1.0, -0.25, 19.25, 9999.0, 9999.0, 9999.0, 118.5, 122.25, 117.75, 101.5, 133.25
2023-04-06, 13:15:54, 130.75, 51.25, 19.0, 26.0, 9999.0, 1.0, 1.5, 19.75, 9999.0, 9999.0, 9999.0, 118.5, 122.5, 118.0, 101.5, 133.25
2023-04-06, 13:15:58, 130.75, 51.25, 19.0, 26.0, 9999.0, 1.25, 1.25, 19.75, 9999.0, 9999.0, 9999.0, 118.5, 122.5, 118.0, 101.5, 133.25
2023-04-06, 13:16:02, 130.75, 51.25, 19.0, 25.75, 9999.0, 1.25, 1.5, 19.5, 9999.0, 9999.0, 9999.0, 118.5, 122.5, 118.0, 101.5, 133.25
2023-04-06, 13:16:06, 130.5, 51.25, 19.0, 25.25, 9999.0, 0.25, -0.5, 19.75, 9999.0, 9999.0, 9999.0, 118.25, 122.5, 118.0, 101.5, 133.25
2023-04-06, 13:16:10, 130.75, 51.25, 19.0, 26.0, 9999.0, 1.5, 1.5, 19.75, 9999.0, 9999.0, 9999.0, 118.25, 122.5, 118.0, 101.5, 133.25
2023-04-06, 13:16:14, 130.75, 51.25, 18.75, 25.75, 9999.0, 1.25, 1.5, 19.75, 9999.0, 9999.0, 9999.0, 119.0, 122.5, 118.0, 101.5, 133.25
2023-04-06, 13:16:18, 130.75, 51.25, 18.75, 25.5, 9999.0, 1.25, 1.5, 19.75, 9999.0, 9999.0, 9999.0, 119.0, 122.25, 117.75, 101.5, 132.25
2023-04-06, 13:16:22, 129.75, 50.5, 17.5, 24.75, 9999.0, 1.25, 1.5, 19.75, 9999.0, 9999.0, 9999.0, 119.0, 122.5, 118.0, 101.5, 133.25
2023-04-06, 13:16:26, 130.75, 51.25, 19.0, 25.5, 9999.0, 1.25, 1.5, 19.75, 9999.0, 9999.0, 9999.0, 119.0, 122.5, 118.0, 101.75, 133.25
2023-04-06, 13:16:30, 130.75, 51.25, 19.0, 25.5, 9999.0, 1.25, 1.5, 19.75, 9999.0, 9999.0, 9999.0, 119.0, 122.25, 118.0, 101.5, 133.25
2023-04-06, 13:16:34, 130.75, 51.0, 18.75, 25.5, 9999.0, 1.25, 1.5, 19.75, 9999.0, 9999.0, 9999.0, 118.75, 121.25, 117.5, 100.5, 128.75
2023-04-06, 13:16:38, 130.5, 51.25, 19.0, 25.5, 9999.0, 1.25, 1.5, 19.75, 9999.0, 9999.0, 9999.0, 118.75, 122.25, 118.0, 101.5, 133.25
2023-04-06, 13:16:42, 130.75, 51.25, 19.0, 25.75, 9999.0, 1.25, 1.5, 19.75, 9999.0, 9999.0, 9999.0, 118.75, 122.25, 117.75, 101.5, 133.25
2023-04-06, 13:16:46, 130.75, 51.25, 19.0, 26.0, 9999.0, 1.25, 1.5, 19.75, 9999.0, 9999.0, 9999.0, 118.75, 122.5, 117.75, 101.5, 133.25
2023-04-06, 13:16:50, 130.75, 51.25, 19.0, 26.0, 9999.0, 1.25, 1.5, 19.75, 9999.0, 9999.0, 9999.0, 117.25, 119.5, 117.75, 101.5, 133.25
2023-04-06, 13:16:54, 130.75, 51.25, 19.0, 26.0, 9999.0, 1.0, 1.5, 19.75, 9999.0, 9999.0, 9999.0, 118.75, 122.5, 118.0, 101.5, 133.25
2023-04-06, 13:16:58, 130.75, 51.25, 19.0, 26.0, 9999.0, 1.0, 1.5, 19.75, 9999.0, 9999.0, 9999.0, 118.75, 122.5, 118.0, 101.5, 133.25
2023-04-06, 13:17:02, 130.75, 51.25, 19.0, 26.0, 9999.0, 1.0, 1.5, 19.75, 9999.0, 9999.0, 9999.0, 118.75, 122.5, 117.75, 101.5, 133.25
2023-04-06, 13:17:06, 130.75, 51.25, 19.0, 26.0, 9999.0, -0.5, 0.75, 19.25, 9999.0, 9999.0, 9999.0, 118.75, 122.5, 118.0, 101.5, 133.5
2023-04-06, 13:17:10, 130.75, 51.25, 19.0, 26.0, 9999.0, 1.0, 1.5, 19.75, 9999.0, 9999.0, 9999.0, 118.5, 122.5, 118.0, 101.5, 133.25
2023-04-06, 13:17:14, 130.75, 51.25, 19.0, 26.0, 9999.0, 1.0, 1.5, 19.75, 9999.0, 9999.0, 9999.0, 118.5, 122.5, 118.0, 101.5, 133.25
2023-04-06, 13:17:18, 130.75, 51.25, 19.0, 25.75, 9999.0, 1.25, 1.5, 19.5, 9999.0, 9999.0, 9999.0, 118.5, 122.5, 118.0, 101.5, 133.25
2023-04-06, 13:17:22, 130.75, 51.25, 17.75, 25.75, 9999.0, -1.5, 1.25, 19.75, 9999.0, 9999.0, 9999.0, 118.5, 122.5, 118.0, 101.5, 133.25
2023-04-06, 13:17:26, 130.75, 51.25, 19.0, 26.0, 9999.0, 1.25, 1.5, 19.75, 9999.0, 9999.0, 9999.0, 118.5, 122.25, 118.0, 101.5, 133.25
2023-04-06, 13:17:30, 130.75, 51.25, 19.0, 26.0, 9999.0, 1.5, 1.5, 19.75, 9999.0, 9999.0, 9999.0, 118.5, 122.5, 118.0, 101.5, 133.25
2023-04-06, 13:17:34, 130.75, 51.25, 19.0, 25.75, 9999.0, 1.5, 1.5, 19.75, 9999.0, 9999.0, 9999.0, 118.25, 122.25, 118.0, 101.0, 132.25
2023-04-06, 13:17:38, 130.5, 49.75, 17.75, 25.75, 9999.0, 1.25, 1.5, 19.75, 9999.0, 9999.0, 9999.0, 119.0, 122.25, 118.0, 101.5, 133.25
2023-04-06, 13:17:42, 130.75, 51.25, 19.0, 25.75, 9999.0, 1.25, 1.5, 19.75, 9999.0, 9999.0, 9999.0, 119.0, 122.25, 118.0, 101.5, 133.25
2023-04-06, 13:17:46, 130.75, 51.25, 19.0, 25.75, 9999.0, 1.25, 1.5, 19.75, 9999.0, 9999.0, 9999.0, 119.0, 122.25, 117.75, 101.5, 133.25
2023-04-06, 13:17:50, 130.5, 51.25, 19.0, 25.75, 9999.0, 1.25, 1.5, 19.75, 9999.0, 9999.0, 9999.0, 117.5, 122.0, 116.75, 100.25, 133.25
2023-04-06, 13:17:54, 130.75, 51.25, 19.0, 25.75, 9999.0, 1.25, 1.5, 19.75, 9999.0, 9999.0, 9999.0, 118.75, 122.25, 118.0, 101.5, 133.25
2023-04-06, 13:17:58, 130.75, 51.25, 19.0, 25.75, 9999.0, 1.25, 1.5, 19.75, 9999.0, 9999.0, 9999.0, 118.75, 122.25, 118.0, 101.5, 133.25
2023-04-06, 13:18:02, 130.75, 51.25, 19.0, 25.75, 9999.0, 1.25, 1.5, 19.75, 9999.0, 9999.0, 9999.0, 118.75, 122.25, 117.75, 101.5, 133.25
2023-04-06, 13:18:06, 130.75, 51.25, 19.0, 25.75, 9999.0, 1.25, 1.25, 19.5, 9999.0, 9999.0, 9999.0, 115.5, 122.5, 117.75, 101.5, 133.25
2023-04-06, 13:18:10, 130.75, 51.25, 19.0, 25.75, 9999.0, 1.25, 1.5, 19.75, 9999.0, 9999.0, 9999.0, 118.75, 122.5, 118.0, 101.5, 133.25
2023-04-06, 13:18:14, 130.75, 51.25, 19.0, 25.75, 9999.0, 1.0, 1.5, 19.75, 9999.0, 9999.0, 9999.0, 118.75, 122.5, 118.0, 101.5, 133.25
2023-04-06, 13:18:18, 130.75, 51.25, 19.0, 25.75, 9999.0, 1.0, 1.5, 19.5, 9999.0, 9999.0, 9999.0, 118.75, 122.5, 118.0, 101.5, 133.25
2023-04-06, 13:18:22, 130.75, 51.25, 19.0, 25.75, 9999.0, 0.5, 1.0, 18.0, 9999.0, 9999.0, 9999.0, 118.75, 122.5, 118.0, 101.5, 133.25
2023-04-06, 13:18:26, 130.75, 51.25, 19.0, 26.0, 9999.0, 1.0, 1.5, 19.75, 9999.0, 9999.0, 9999.0, 118.75, 122.5, 118.0, 101.5, 133.25
2023-04-06, 13:18:30, 130.75, 51.25, 19.0, 26.0, 9999.0, 1.0, 1.5, 19.75, 9999.0, 9999.0, 9999.0, 118.5, 122.5, 118.0, 101.5, 133.25
2023-04-06, 13:18:34, 130.75, 51.25, 19.0, 26.0, 9999.0, 1.0, 1.25, 19.75, 9999.0, 9999.0, 9999.0, 118.5, 122.5, 118.0, 101.5, 133.25
2023-04-06, 13:18:38, 130.75, 49.75, 18.5, 24.5, 9999.0, 1.0, 1.5, 19.75, 9999.0, 9999.0, 9999.0, 118.5, 122.5, 118.0, 101.5, 133.25
2023-04-06, 13:18:42, 130.75, 51.25, 19.0, 26.0, 9999.0, 1.25, 1.5, 19.75, 9999.0, 9999.0, 9999.0, 118.5, 122.5, 118.0, 101.5, 133.25
2023-04-06, 13:18:46, 130.75, 51.25, 19.0, 26.0, 9999.0, 1.25, 1.25, 19.75, 9999.0, 9999.0, 9999.0, 118.5, 122.5, 118.0, 101.5, 133.25
2023-04-06, 13:18:50, 130.75, 51.25, 18.75, 26.0, 9999.0, 1.25, 1.5, 19.75, 9999.0, 9999.0, 9999.0, 118.5, 122.25, 118.0, 100.75, 132.75
2023-04-06, 13:18:54, 129.5, 49.5, 18.75, 26.0, 9999.0, 1.5, 1.5, 19.5, 9999.0, 9999.0, 9999.0, 118.5, 122.5, 118.0, 101.5, 133.25
2023-04-06, 13:18:58, 130.75, 51.25, 18.75, 26.0, 9999.0, 1.5, 1.5, 19.75, 9999.0, 9999.0, 9999.0, 119.25, 122.25, 118.0, 101.5, 133.25
2023-04-06, 13:19:02, 130.75, 51.25, 19.0, 25.75, 9999.0, 1.25, 1.5, 19.5, 9999.0, 9999.0, 9999.0, 119.0, 122.25, 118.0, 101.5, 133.0
2023-04-06, 13:19:06, 130.5, 51.0, 19.0, 25.75, 9999.0, 1.25, 1.5, 19.75, 9999.0, 9999.0, 9999.0, 118.25, 121.5, 116.5, 101.0, 133.25
2023-04-06, 13:19:10, 130.75, 51.25, 19.0, 25.75, 9999.0, 1.25, 1.5, 19.75, 9999.0, 9999.0, 9999.0, 119.0, 122.25, 117.75, 101.5, 133.25
2023-04-06, 13:19:14, 130.75, 51.25, 19.0, 25.75, 9999.0, 1.25, 1.5, 19.75, 9999.0, 9999.0, 9999.0, 119.0, 122.25, 118.0, 101.5, 133.25
2023-04-06, 13:19:18, 130.75, 51.25, 18.75, 25.75, 9999.0, 1.25, 1.5, 19.75, 9999.0, 9999.0, 9999.0, 118.75, 122.25, 117.75, 101.5, 133.25
2023-04-06, 13:19:22, 130.75, 51.25, 19.0, 26.0, 9999.0, 1.25, 1.5, 19.0, 9999.0, 9999.0, 9999.0, 118.75, 122.25, 117.75, 101.5, 133.25
2023-04-06, 13:19:26, 130.75, 51.25, 19.0, 25.75, 9999.0, 1.25, 1.25, 19.75, 9999.0, 9999.0, 9999.0, 118.75, 122.25, 118.0, 101.5, 133.25
2023-04-06, 13:19:30, 130.75, 51.25, 19.0, 26.0, 9999.0, 1.25, 1.5, 19.75, 9999.0, 9999.0, 9999.0, 118.75, 122.5, 118.0, 101.5, 133.25
2023-04-06, 13:19:34, 130.75, 51.25, 19.0, 26.0, 9999.0, 1.25, 1.5, 19.75, 9999.0, 9999.0, 9999.0, 118.75, 122.5, 117.75, 101.5, 133.25
2023-04-06, 13:19:38, 130.75, 51.0, 19.0, 25.75, 9999.0, 0.75, -0.25, 19.0, 9999.0, 9999.0, 9999.0, 118.75, 122.5, 118.0, 101.5, 133.25
2023-04-06, 13:19:43, 130.75, 51.25, 18.75, 26.0, 9999.0, 1.0, 1.25, 19.5, 9999.0, 9999.0, 9999.0, 118.75, 122.5, 117.75, 101.5, 133.25
2023-04-06, 13:19:47, 130.75, 51.25, 19.0, 26.0, 9999.0, 1.0, 1.5, 19.75, 9999.0, 9999.0, 9999.0, 118.75, 122.5, 118.0, 101.5, 133.25
2023-04-06, 13:19:51, 130.75, 51.25, 19.0, 26.0, 9999.0, 1.0, 1.25, 19.5, 9999.0, 9999.0, 9999.0, 118.75, 122.5, 117.75, 101.5, 133.25
2023-04-06, 13:19:55, 129.0, 50.75, 18.25, 23.75, 9999.0, 1.0, 1.5, 19.75, 9999.0, 9999.0, 9999.0, 118.5, 122.5, 118.0, 101.5, 133.25
2023-04-06, 13:19:59, 130.75, 51.25, 19.0, 25.75, 9999.0, 1.0, 1.5, 19.75, 9999.0, 9999.0, 9999.0, 118.5, 122.25, 118.0, 101.5, 133.25
2023-04-06, 13:20:03, 130.75, 51.25, 19.0, 25.75, 9999.0, 1.0, 1.5, 19.75, 9999.0, 9999.0, 9999.0, 118.5, 122.25, 117.75, 101.5, 133.25
2023-04-06, 13:20:07, 130.5, 51.0, 19.0, 25.75, 9999.0, 1.25, 1.5, 19.75, 9999.0, 9999.0, 9999.0, 118.5, 122.25, 116.75, 101.25, 132.0
2023-04-06, 13:20:11, 128.75, 51.0, 19.0, 25.75, 9999.0, 1.25, 1.5, 19.75, 9999.0, 9999.0, 9999.0, 118.5, 122.25, 118.0, 101.5, 133.25
2023-04-06, 13:20:15, 130.5, 51.25, 18.75, 26.0, 9999.0, 1.25, 1.5, 19.5, 9999.0, 9999.0, 9999.0, 118.5, 122.5, 118.0, 101.5, 133.25
2023-04-06, 13:20:19, 130.75, 51.25, 19.0, 25.75, 9999.0, 1.5, 1.25, 19.5, 9999.0, 9999.0, 9999.0, 118.25, 122.5, 117.75, 101.25, 133.25
2023-04-06, 13:20:23, 130.5, 51.25, 19.0, 25.75, 9999.0, 1.25, 1.25, 19.5, 9999.0, 9999.0, 9999.0, 118.75, 121.0, 117.0, 101.5, 133.25
2023-04-06, 13:20:27, 130.75, 51.0, 19.0, 25.75, 9999.0, 1.25, 1.25, 19.75, 9999.0, 9999.0, 9999.0, 119.0, 122.5, 117.75, 101.5, 133.25
2023-04-06, 13:20:31, 130.5, 51.25, 19.0, 25.75, 9999.0, 1.25, 1.25, 19.75, 9999.0, 9999.0, 9999.0, 119.0, 122.25, 117.75, 101.25, 133.25
2023-04-06, 13:20:35, 130.5, 51.25, 19.0, 25.75, 9999.0, 1.25, 1.5, 19.5, 9999.0, 9999.0, 9999.0, 118.75, 122.25, 118.0, 101.5, 133.25
2023-04-06, 13:20:39, 130.5, 51.0, 18.75, 26.0, 9999.0, 1.25, -0.25, 19.5, 9999.0, 9999.0, 9999.0, 118.75, 122.25, 117.75, 101.5, 133.25
2023-04-06, 13:20:43, 130.75, 51.25, 19.0, 26.0, 9999.0, 1.25, 1.5, 19.75, 9999.0, 9999.0, 9999.0, 118.75, 122.25, 117.75, 101.5, 133.25
2023-04-06, 13:20:47, 130.75, 51.25, 18.75, 26.0, 9999.0, 1.0, 1.5, 19.5, 9999.0, 9999.0, 9999.0, 118.75, 122.25, 117.75, 101.5, 133.25
2023-04-06, 13:20:51, 130.5, 51.0, 18.75, 26.0, 9999.0, 1.25, 1.25, 19.5, 9999.0, 9999.0, 9999.0, 118.75, 122.5, 118.0, 101.5, 133.25
2023-04-06, 13:20:55, 130.5, 51.0, 19.0, 25.0, 9999.0, -0.5, -1.5, 19.5, 9999.0, 9999.0, 9999.0, 118.75, 122.5, 118.0, 101.5, 133.25
2023-04-06, 13:20:59, 130.5, 51.0, 19.0, 26.0, 9999.0, 1.25, 1.25, 19.5, 9999.0, 9999.0, 9999.0, 118.75, 122.5, 118.0, 101.5, 133.25
2023-04-06, 13:21:03, 130.5, 51.0, 19.0, 26.0, 9999.0, 1.0, 1.25, 19.5, 9999.0, 9999.0, 9999.0, 118.75, 122.5, 117.75, 101.5, 133.25
2023-04-06, 13:21:07, 130.75, 51.0, 19.0, 25.75, 9999.0, 1.0, 1.25, 19.5, 9999.0, 9999.0, 9999.0, 118.5, 122.5, 117.75, 101.5, 132.75
2023-04-06, 13:21:11, 130.0, 50.75, 17.0, 25.25, 9999.0, 1.0, 1.25, 19.5, 9999.0, 9999.0, 9999.0, 118.75, 122.5, 117.75, 101.5, 133.25
2023-04-06, 13:21:15, 130.75, 51.0, 18.75, 26.0, 9999.0, 1.0, 1.25, 19.5, 9999.0, 9999.0, 9999.0, 118.5, 122.5, 118.0, 101.5, 133.25
2023-04-06, 13:21:19, 130.5, 51.25, 19.0, 26.0, 9999.0, 1.0, 1.5, 19.5, 9999.0, 9999.0, 9999.0, 118.75, 122.5, 117.75, 101.5, 133.25
2023-04-06, 13:21:23, 130.5, 51.0, 18.75, 25.75, 9999.0, 1.0, 1.25, 19.5, 9999.0, 9999.0, 9999.0, 118.5, 121.0, 117.75, 100.5, 130.0
2023-04-06, 13:21:27, 130.5, 51.0, 18.75, 25.75, 9999.0, 1.25, 1.25, 19.5, 9999.0, 9999.0, 9999.0, 118.5, 122.5, 118.0, 101.5, 133.25
2023-04-06, 13:21:31, 130.75, 51.0, 18.75, 25.75, 9999.0, 1.25, 1.25, 19.5, 9999.0, 9999.0, 9999.0, 118.5, 122.5, 118.0, 101.5, 133.25
2023-04-06, 13:21:35, 130.5, 51.0, 18.75, 25.75, 9999.0, 1.25, 1.25, 19.75, 9999.0, 9999.0, 9999.0, 118.25, 122.5, 117.75, 101.25, 133.25
2023-04-06, 13:21:39, 130.5, 51.25, 18.75, 25.75, 9999.0, 1.5, 1.25, 19.5, 9999.0, 9999.0, 9999.0, 116.75, 120.75, 118.0, 101.25, 133.25
2023-04-06, 13:21:43, 130.5, 51.0, 18.75, 25.75, 9999.0, 1.25, 1.5, 19.75, 9999.0, 9999.0, 9999.0, 119.0, 122.5, 118.0, 101.25, 133.25
2023-04-06, 13:21:47, 130.5, 51.0, 19.0, 26.0, 9999.0, 1.25, 1.25, 19.5, 9999.0, 9999.0, 9999.0, 119.0, 122.25, 118.0, 101.25, 133.25
2023-04-06, 13:21:51, 130.5, 51.25, 18.75, 25.75, 9999.0, 1.25, 1.25, 19.5, 9999.0, 9999.0, 9999.0, 119.0, 122.25, 117.75, 101.5, 133.25
2023-04-06, 13:21:55, 130.5, 51.0, 18.75, 26.0, 9999.0, 0.0, 0.5, 18.75, 9999.0, 9999.0, 9999.0, 118.75, 122.25, 117.75, 101.25, 133.25
2023-04-06, 13:21:59, 130.5, 51.0, 18.75, 26.0, 9999.0, 1.25, 1.25, 19.5, 9999.0, 9999.0, 9999.0, 119.0, 122.25, 117.75, 101.5, 133.25
2023-04-06, 13:22:03, 130.5, 51.0, 19.0, 25.75, 9999.0, 1.25, 1.25, 19.5, 9999.0, 9999.0, 9999.0, 118.75, 122.25, 118.0, 101.25, 133.25
2023-04-06, 13:22:07, 130.75, 51.25, 19.0, 25.75, 9999.0, 1.0, 1.25, 19.5, 9999.0, 9999.0, 9999.0, 118.75, 122.5, 117.75, 101.25, 133.25
2023-04-06, 13:22:11, 130.5, 51.0, 18.0, 25.75, 9999.0, -2.25, 1.25, 19.5, 9999.0, 9999.0, 9999.0, 118.75, 122.25, 117.75, 101.25, 133.25
2023-04-06, 13:22:15, 130.5, 51.0, 18.75, 26.0, 9999.0, 1.0, 1.25, 19.5, 9999.0, 9999.0, 9999.0, 118.75, 122.5, 117.75, 101.5, 133.25
2023-04-06, 13:22:19, 130.75, 51.25, 18.75, 26.0, 9999.0, 1.0, 1.25, 19.75, 9999.0, 9999.0, 9999.0, 118.75, 122.5, 118.0, 101.5, 133.25
2023-04-06, 13:22:23, 130.5, 51.0, 18.75, 25.75, 9999.0, 1.0, 1.25, 19.5, 9999.0, 9999.0, 9999.0, 118.75, 122.5, 117.75, 101.25, 132.25
2023-04-06, 13:22:27, 130.25, 49.25, 18.25, 25.75, 9999.0, 1.0, 1.25, 19.75, 9999.0, 9999.0, 9999.0, 118.75, 122.5, 118.0, 101.25, 133.25
2023-04-06, 13:22:31, 130.5, 51.0, 18.75, 25.75, 9999.0, 1.0, 1.25, 19.5, 9999.0, 9999.0, 9999.0, 118.5, 122.5, 117.75, 101.5, 133.25
2023-04-06, 13:22:35, 130.5, 51.0, 19.0, 25.75, 9999.0, 1.0, 1.25, 19.5, 9999.0, 9999.0, 9999.0, 118.5, 122.5, 117.75, 101.25, 133.25
2023-04-06, 13:22:39, 130.5, 51.0, 18.75, 25.75, 9999.0, 1.0, 1.25, 19.5, 9999.0, 9999.0, 9999.0, 117.0, 122.0, 116.5, 99.5, 132.75
2023-04-06, 13:22:43, 130.5, 51.0, 18.75, 25.75, 9999.0, 1.0, 1.25, 19.5, 9999.0, 9999.0, 9999.0, 118.5, 122.5, 117.75, 101.25, 133.25
2023-04-06, 13:22:47, 130.5, 51.0, 18.75, 26.0, 9999.0, 1.25, 1.25, 19.5, 9999.0, 9999.0, 9999.0, 118.5, 122.25, 117.75, 101.25, 133.25
2023-04-06, 13:22:51, 130.5, 51.0, 18.75, 26.0, 9999.0, 1.25, 1.25, 19.5, 9999.0, 9999.0, 9999.0, 118.25, 122.25, 117.75, 101.25, 133.25
2023-04-06, 13:22:55, 130.5, 51.0, 19.0, 25.75, 9999.0, 1.0, 1.25, 19.5, 9999.0, 9999.0, 9999.0, 116.25, 122.25, 117.75, 101.25, 133.25
2023-04-06, 13:22:59, 130.5, 51.0, 18.75, 25.75, 9999.0, 1.25, 1.25, 19.5, 9999.0, 9999.0, 9999.0, 118.25, 122.25, 118.0, 101.25, 133.25
2023-04-06, 13:23:03, 130.5, 51.25, 19.0, 26.0, 9999.0, 1.25, 1.25, 19.5, 9999.0, 9999.0, 9999.0, 119.0, 122.25, 118.0, 101.25, 133.25
2023-04-06, 13:23:07, 130.5, 51.0, 19.0, 25.75, 9999.0, 1.25, 1.25, 19.5, 9999.0, 9999.0, 9999.0, 119.0, 122.25, 118.0, 101.25, 133.25
2023-04-06, 13:23:11, 130.5, 51.25, 19.0, 25.75, 9999.0, 0.5, 0.5, 18.25, 9999.0, 9999.0, 9999.0, 119.0, 122.25, 118.0, 101.25, 133.25
2023-04-06, 13:23:15, 130.5, 51.0, 18.75, 25.75, 9999.0, 1.25, 1.25, 19.5, 9999.0, 9999.0, 9999.0, 118.75, 122.25, 117.75, 101.25, 133.25
2023-04-06, 13:23:19, 130.5, 51.0, 18.75, 25.75, 9999.0, 1.25, 1.25, 19.5, 9999.0, 9999.0, 9999.0, 118.75, 122.25, 117.75, 101.25, 133.25
2023-04-06, 13:23:23, 130.5, 51.0, 19.0, 25.75, 9999.0, 1.0, 1.0, 19.5, 9999.0, 9999.0, 9999.0, 118.75, 122.25, 117.75, 101.25, 133.25
2023-04-06, 13:23:27, 130.5, 50.0, 18.75, 24.25, 9999.0, 1.0, 1.25, 19.5, 9999.0, 9999.0, 9999.0, 118.75, 122.25, 117.75, 101.25, 133.25
2023-04-06, 13:23:31, 130.5, 51.0, 18.75, 25.75, 9999.0, 1.0, 1.25, 19.5, 9999.0, 9999.0, 9999.0, 118.75, 122.25, 117.75, 101.25, 133.25
2023-04-06, 13:23:35, 130.5, 51.0, 19.0, 25.75, 9999.0, 1.0, 1.25, 19.5, 9999.0, 9999.0, 9999.0, 118.75, 122.5, 117.75, 101.25, 133.25
2023-04-06, 13:23:39, 130.5, 51.0, 18.75, 25.75, 9999.0, 1.0, 1.25, 19.5, 9999.0, 9999.0, 9999.0, 118.75, 122.25, 117.75, 100.75, 132.75
2023-04-06, 13:23:43, 128.75, 48.5, 19.0, 25.75, 9999.0, 1.0, 1.25, 19.5, 9999.0, 9999.0, 9999.0, 118.75, 122.5, 117.75, 101.25, 133.25
2023-04-06, 13:23:47, 130.5, 51.0, 18.75, 25.75, 9999.0, 1.0, 1.25, 19.5, 9999.0, 9999.0, 9999.0, 118.75, 122.5, 117.75, 101.25, 133.25
2023-04-06, 13:23:51, 130.5, 51.0, 18.75, 25.75, 9999.0, 1.0, 1.25, 19.5, 9999.0, 9999.0, 9999.0, 118.5, 122.25, 117.75, 101.5, 133.0
2023-04-06, 13:23:55, 130.5, 51.0, 19.0, 25.75, 9999.0, 1.0, 1.25, 19.5, 9999.0, 9999.0, 9999.0, 118.0, 121.75, 115.25, 101.0, 133.25
2023-04-06, 13:23:59, 130.5, 51.0, 18.75, 25.75, 9999.0, 0.75, 1.25, 19.5, 9999.0, 9999.0, 9999.0, 118.5, 122.5, 117.75, 101.25, 133.25
2023-04-06, 13:24:03, 130.5, 51.0, 18.5, 25.75, 9999.0, 1.0, 1.25, 19.5, 9999.0, 9999.0, 9999.0, 118.5, 122.25, 117.75, 101.5, 133.25
2023-04-06, 13:24:08, 130.5, 51.0, 18.75, 25.75, 9999.0, 1.25, 1.25, 19.5, 9999.0, 9999.0, 9999.0, 118.25, 122.25, 117.75, 101.25, 133.25
2023-04-06, 13:24:12, 130.5, 51.0, 18.75, 25.75, 9999.0, 1.0, 1.25, 18.5, 9999.0, 9999.0, 9999.0, 118.25, 122.25, 118.0, 101.5, 133.25
2023-04-06, 13:24:16, 130.5, 51.0, 19.0, 25.75, 9999.0, 1.0, 1.25, 19.75, 9999.0, 9999.0, 9999.0, 118.25, 122.25, 117.75, 101.5, 133.25
2023-04-06, 13:24:20, 130.5, 51.0, 18.75, 25.75, 9999.0, 1.25, 1.25, 19.5, 9999.0, 9999.0, 9999.0, 118.25, 122.25, 117.75, 101.25, 133.25
2023-04-06, 13:24:24, 130.5, 51.0, 18.75, 25.75, 9999.0, 1.25, 1.25, 19.5, 9999.0, 9999.0, 9999.0, 119.0, 122.25, 117.75, 101.5, 133.25
2023-04-06, 13:24:28, 130.5, 51.0, 18.75, 25.5, 9999.0, 0.75, -0.25, 19.0, 9999.0, 9999.0, 9999.0, 119.0, 122.25, 117.75, 101.5, 133.25
2023-04-06, 13:24:32, 130.5, 51.0, 18.75, 25.5, 9999.0, 1.25, 1.25, 19.5, 9999.0, 9999.0, 9999.0, 119.0, 122.25, 118.0, 101.25, 133.25
2023-04-06, 13:24:36, 130.5, 51.0, 18.75, 25.75, 9999.0, 1.25, 1.25, 19.5, 9999.0, 9999.0, 9999.0, 119.0, 122.25, 117.75, 101.5, 133.25
2023-04-06, 13:24:40, 130.5, 51.0, 18.75, 25.75, 9999.0, 1.0, 1.25, 19.5, 9999.0, 9999.0, 9999.0, 119.0, 122.25, 117.75, 101.5, 133.25
2023-04-06, 13:24:44, 129.0, 50.75, 17.75, 23.5, 9999.0, 1.0, 1.25, 19.5, 9999.0, 9999.0, 9999.0, 118.75, 122.25, 117.75, 101.5, 133.25
2023-04-06, 13:24:48, 130.5, 51.0, 19.0, 25.75, 9999.0, 1.25, 1.25, 19.5, 9999.0, 9999.0, 9999.0, 118.75, 122.25, 118.0, 101.5, 133.25
2023-04-06, 13:24:52, 130.5, 51.0, 19.0, 25.75, 9999.0, 1.0, 1.25, 19.5, 9999.0, 9999.0, 9999.0, 118.75, 122.25, 117.75, 101.5, 133.25
2023-04-06, 13:24:56, 130.5, 51.0, 18.75, 25.5, 9999.0, 1.0, 1.25, 19.5, 9999.0, 9999.0, 9999.0, 118.75, 122.5, 117.0, 101.25, 131.25
2023-04-06, 13:25:00, 128.25, 51.0, 18.75, 25.75, 9999.0, 1.0, 1.25, 19.5, 9999.0, 9999.0, 9999.0, 118.75, 122.5, 118.0, 101.5, 133.25
2023-04-06, 13:25:04, 130.5, 51.0, 18.5, 25.75, 9999.0, 1.0, 1.25, 19.5, 9999.0, 9999.0, 9999.0, 118.75, 122.5, 117.75, 101.25, 133.25
2023-04-06, 13:25:08, 130.5, 51.0, 18.75, 25.75, 9999.0, 1.0, 1.25, 19.5, 9999.0, 9999.0, 9999.0, 118.5, 122.25, 117.75, 101.5, 133.25
2023-04-06, 13:25:12, 130.5, 51.0, 18.75, 25.5, 9999.0, 1.0, 1.25, 19.5, 9999.0, 9999.0, 9999.0, 118.0, 120.75, 117.25, 101.5, 133.25
2023-04-06, 13:25:16, 130.5, 51.0, 18.75, 25.5, 9999.0, 1.0, 1.25, 19.5, 9999.0, 9999.0, 9999.0, 118.5, 122.25, 117.75, 101.5, 133.25
2023-04-06, 13:25:20, 130.5, 51.0, 18.75, 25.5, 9999.0, 1.0, 1.25, 19.75, 9999.0, 9999.0, 9999.0, 118.5, 122.25, 117.75, 101.5, 133.25
2023-04-06, 13:25:24, 130.5, 51.25, 18.75, 25.75, 9999.0, 1.0, 1.25, 19.5, 9999.0, 9999.0, 9999.0, 118.5, 122.25, 117.75, 101.5, 133.25
2023-04-06, 13:25:28, 130.5, 51.0, 19.0, 25.75, 9999.0, 1.0, -0.25, 19.25, 9999.0, 9999.0, 9999.0, 118.5, 122.5, 118.0, 101.5, 133.25
2023-04-06, 13:25:32, 130.5, 51.0, 18.75, 26.0, 9999.0, 1.25, 1.25, 19.5, 9999.0, 9999.0, 9999.0, 118.5, 122.25, 117.75, 101.5, 133.25
2023-04-06, 13:25:36, 130.5, 51.0, 18.75, 26.0, 9999.0, 1.0, 1.25, 19.5, 9999.0, 9999.0, 9999.0, 118.25, 122.25, 117.75, 101.5, 133.25
2023-04-06, 13:25:40, 130.5, 51.0, 18.75, 26.0, 9999.0, 1.25, 1.25, 19.5, 9999.0, 9999.0, 9999.0, 118.25, 122.25, 117.75, 101.5, 133.25
2023-04-06, 13:25:44, 130.5, 51.0, 19.0, 25.0, 9999.0, 0.0, 0.25, 19.5, 9999.0, 9999.0, 9999.0, 119.0, 122.25, 118.0, 101.5, 133.25
2023-04-06, 13:25:48, 130.5, 51.0, 19.0, 25.75, 9999.0, 1.25, 1.25, 19.5, 9999.0, 9999.0, 9999.0, 119.0, 122.25, 117.75, 101.5, 133.25
2023-04-06, 13:25:52, 130.5, 51.0, 19.0, 25.75, 9999.0, 1.25, 1.25, 19.5, 9999.0, 9999.0, 9999.0, 119.0, 122.25, 117.75, 101.5, 133.25
2023-04-06, 13:25:56, 130.5, 51.0, 19.0, 26.0, 9999.0, 1.25, 1.25, 19.5, 9999.0, 9999.0, 9999.0, 119.0, 122.25, 117.75, 101.5, 131.5
2023-04-06, 13:26:00, 129.75, 50.0, 17.25, 25.0, 9999.0, 1.25, 1.25, 19.5, 9999.0, 9999.0, 9999.0, 119.0, 122.25, 117.75, 101.5, 133.25
2023-04-06, 13:26:04, 130.5, 51.0, 18.75, 26.0, 9999.0, 1.25, 1.5, 19.5, 9999.0, 9999.0, 9999.0, 118.75, 122.25, 117.75, 101.5, 133.25
2023-04-06, 13:26:08, 130.5, 51.0, 18.75, 26.0, 9999.0, 1.25, 1.25, 19.5, 9999.0, 9999.0, 9999.0, 118.75, 122.25, 117.75, 101.5, 133.25
2023-04-06, 13:26:12, 130.5, 51.0, 18.75, 25.5, 9999.0, 1.0, 1.25, 19.5, 9999.0, 9999.0, 9999.0, 118.75, 121.25, 117.75, 100.25, 128.0
2023-04-06, 13:26:16, 130.5, 51.0, 18.75, 25.5, 9999.0, 1.0, 1.25, 19.5, 9999.0, 9999.0, 9999.0, 118.75, 122.5, 118.0, 101.5, 133.25
2023-04-06, 13:26:20, 130.5, 51.0, 18.75, 25.5, 9999.0, 1.0, 1.25, 19.75, 9999.0, 9999.0, 9999.0, 118.75, 122.5, 117.75, 101.5, 133.25
2023-04-06, 13:26:24, 130.5, 51.25, 18.75, 25.75, 9999.0, 1.0, 1.25, 19.5, 9999.0, 9999.0, 9999.0, 118.75, 122.25, 117.75, 101.5, 133.25
2023-04-06, 13:26:28, 130.5, 51.0, 19.0, 25.75, 9999.0, 1.0, 1.25, 19.5, 9999.0, 9999.0, 9999.0, 116.75, 120.5, 117.75, 101.5, 133.25
2023-04-06, 13:26:32, 130.5, 51.0, 18.75, 26.0, 9999.0, 1.0, 1.25, 19.75, 9999.0, 9999.0, 9999.0, 118.75, 122.5, 118.0, 101.5, 133.25
2023-04-06, 13:26:36, 130.5, 51.0, 19.0, 26.0, 9999.0, 1.0, 1.25, 19.5, 9999.0, 9999.0, 9999.0, 118.5, 122.5, 117.75, 101.5, 133.25
2023-04-06, 13:26:40, 130.5, 51.0, 19.0, 26.0, 9999.0, 1.0, 1.25, 19.5, 9999.0, 9999.0, 9999.0, 118.5, 122.5, 117.75, 101.5, 133.25
2023-04-06, 13:26:44, 130.5, 51.0, 19.0, 25.75, 9999.0, -0.5, 0.75, 19.0, 9999.0, 9999.0, 9999.0, 118.5, 122.5, 118.0, 101.5, 133.25
2023-04-06, 13:26:48, 130.5, 51.0, 19.0, 26.0, 9999.0, 1.25, 1.25, 19.5, 9999.0, 9999.0, 9999.0, 118.5, 122.5, 118.0, 101.5, 133.25
2023-04-06, 13:26:52, 130.5, 51.0, 19.0, 25.75, 9999.0, 1.0, 1.25, 19.5, 9999.0, 9999.0, 9999.0, 118.5, 122.25, 117.75, 101.5, 133.25
2023-04-06, 13:26:56, 130.5, 51.0, 19.0, 26.0, 9999.0, 1.25, 1.25, 19.5, 9999.0, 9999.0, 9999.0, 118.5, 122.25, 118.0, 101.5, 133.25
2023-04-06, 13:27:00, 130.5, 51.0, 17.75, 25.75, 9999.0, -3.25, 1.25, 19.5, 9999.0, 9999.0, 9999.0, 118.5, 122.5, 117.75, 101.5, 133.25
2023-04-06, 13:27:04, 130.25, 51.0, 19.0, 26.0, 9999.0, 1.25, 1.5, 19.75, 9999.0, 9999.0, 9999.0, 118.25, 122.5, 117.75, 101.5, 133.25
2023-04-06, 13:27:08, 130.5, 51.0, 19.0, 26.0, 9999.0, 1.25, 1.25, 19.5, 9999.0, 9999.0, 9999.0, 119.0, 122.5, 117.75, 101.5, 133.25
2023-04-06, 13:27:12, 130.75, 51.25, 19.0, 26.0, 9999.0, 1.25, 1.25, 19.5, 9999.0, 9999.0, 9999.0, 119.0, 122.25, 118.0, 100.75, 132.25
2023-04-06, 13:27:16, 130.25, 49.5, 18.25, 26.0, 9999.0, 1.25, 1.5, 19.5, 9999.0, 9999.0, 9999.0, 119.0, 122.25, 117.75, 101.5, 133.25
2023-04-06, 13:27:20, 130.5, 51.0, 19.0, 26.0, 9999.0, 1.25, 1.25, 19.5, 9999.0, 9999.0, 9999.0, 118.75, 122.5, 117.75, 101.75, 133.25
2023-04-06, 13:27:24, 130.75, 51.0, 19.0, 26.0, 9999.0, 1.25, 1.5, 19.75, 9999.0, 9999.0, 9999.0, 118.75, 122.5, 118.0, 101.75, 133.25
2023-04-06, 13:27:28, 130.5, 51.0, 19.0, 25.75, 9999.0, 1.25, 1.25, 19.75, 9999.0, 9999.0, 9999.0, 117.0, 122.0, 116.5, 99.5, 133.25
2023-04-06, 13:27:32, 130.5, 51.0, 19.0, 25.75, 9999.0, 1.0, 1.25, 19.5, 9999.0, 9999.0, 9999.0, 118.75, 122.25, 117.75, 101.5, 133.25
2023-04-06, 13:27:36, 130.5, 51.0, 18.75, 25.5, 9999.0, 1.0, 1.25, 19.5, 9999.0, 9999.0, 9999.0, 118.75, 122.5, 118.0, 101.75, 133.25
2023-04-06, 13:27:40, 130.5, 51.0, 19.0, 25.25, 9999.0, 1.0, 1.25, 19.75, 9999.0, 9999.0, 9999.0, 118.75, 122.5, 117.75, 101.5, 133.25
2023-04-06, 13:27:44, 130.5, 51.0, 19.0, 25.25, 9999.0, 1.0, 1.25, 19.5, 9999.0, 9999.0, 9999.0, 116.25, 122.5, 118.0, 101.5, 133.25
2023-04-06, 13:27:48, 130.5, 51.25, 19.0, 25.5, 9999.0, 1.0, 1.25, 19.75, 9999.0, 9999.0, 9999.0, 118.75, 122.5, 118.0, 101.5, 133.25
2023-04-06, 13:27:52, 130.5, 51.25, 19.0, 25.75, 9999.0, 1.0, 1.25, 19.75, 9999.0, 9999.0, 9999.0, 118.75, 122.5, 117.75, 101.75, 133.25
2023-04-06, 13:27:56, 130.5, 51.25, 18.75, 25.75, 9999.0, 1.0, 1.25, 19.5, 9999.0, 9999.0, 9999.0, 118.5, 122.5, 118.0, 101.5, 133.25
2023-04-06, 13:28:00, 130.5, 51.0, 19.0, 25.75, 9999.0, 0.5, 0.75, 18.0, 9999.0, 9999.0, 9999.0, 118.5, 122.5, 118.0, 101.5, 133.25
2023-04-06, 13:28:04, 130.5, 51.0, 19.0, 25.5, 9999.0, 1.0, 1.25, 19.75, 9999.0, 9999.0, 9999.0, 118.5, 122.5, 118.0, 101.5, 133.25
2023-04-06, 13:28:08, 130.75, 51.25, 18.75, 25.5, 9999.0, 1.0, 1.25, 19.75, 9999.0, 9999.0, 9999.0, 118.5, 122.5, 118.0, 101.5, 133.25
2023-04-06, 13:28:12, 130.5, 51.0, 19.0, 25.5, 9999.0, 1.25, 1.25, 19.5, 9999.0, 9999.0, 9999.0, 118.5, 122.5, 118.0, 101.5, 133.25
2023-04-06, 13:28:16, 130.5, 49.75, 18.5, 24.25, 9999.0, 1.0, 1.25, 19.5, 9999.0, 9999.0, 9999.0, 118.5, 122.5, 118.0, 101.5, 133.25
2023-04-06, 13:28:20, 130.5, 51.25, 19.0, 25.75, 9999.0, 1.25, 1.25, 19.75, 9999.0, 9999.0, 9999.0, 118.5, 122.5, 118.0, 101.5, 133.25
2023-04-06, 13:28:24, 130.5, 51.0, 19.0, 25.75, 9999.0, 1.5, 1.5, 19.75, 9999.0, 9999.0, 9999.0, 118.25, 122.25, 118.0, 101.5, 133.25
2023-04-06, 13:28:28, 130.5, 51.25, 18.75, 25.75, 9999.0, 1.25, 1.25, 19.75, 9999.0, 9999.0, 9999.0, 119.0, 122.25, 118.0, 100.75, 132.75
2023-04-06, 13:28:32, 129.25, 50.0, 19.0, 26.0, 9999.0, 1.25, 1.25, 19.75, 9999.0, 9999.0, 9999.0, 119.0, 122.25, 118.0, 101.5, 133.25
2023-04-06, 13:28:37, 130.75, 51.25, 19.0, 25.75, 9999.0, 1.25, 1.25, 19.75, 9999.0, 9999.0, 9999.0, 119.0, 122.5, 118.0, 101.5, 133.25
2023-04-06, 13:28:41, 130.5, 51.25, 19.0, 25.5, 9999.0, 1.25, 1.5, 19.5, 9999.0, 9999.0, 9999.0, 119.0, 122.5, 117.75, 101.5, 133.0
2023-04-06, 13:28:45, 130.5, 51.0, 19.0, 25.75, 9999.0, 1.25, 1.25, 19.5, 9999.0, 9999.0, 9999.0, 118.0, 121.0, 116.25, 101.0, 133.25
2023-04-06, 13:28:49, 130.75, 51.0, 18.75, 25.75, 9999.0, 1.25, 1.5, 19.5, 9999.0, 9999.0, 9999.0, 118.75, 122.25, 118.0, 101.5, 133.25
2023-04-06, 13:28:53, 130.75, 51.25, 19.0, 25.75, 9999.0, 1.0, 1.25, 19.5, 9999.0, 9999.0, 9999.0, 118.75, 122.25, 118.0, 101.5, 133.25
2023-04-06, 13:28:57, 130.5, 51.25, 19.0, 25.75, 9999.0, 1.25, 1.25, 19.75, 9999.0, 9999.0, 9999.0, 118.75, 122.5, 117.75, 101.5, 133.25
2023-04-06, 13:29:01, 130.5, 51.25, 19.0, 25.5, 9999.0, 1.0, 1.25, 19.0, 9999.0, 9999.0, 9999.0, 118.75, 122.5, 118.0, 101.5, 133.25
2023-04-06, 13:29:05, 130.5, 51.0, 19.0, 25.75, 9999.0, 1.25, 1.25, 19.5, 9999.0, 9999.0, 9999.0, 118.75, 122.5, 118.0, 101.5, 133.25
2023-04-06, 13:29:09, 130.75, 51.0, 19.0, 26.0, 9999.0, 1.0, 1.25, 19.5, 9999.0, 9999.0, 9999.0, 118.75, 122.5, 118.0, 101.5, 133.25
2023-04-06, 13:29:13, 130.75, 51.25, 18.75, 26.0, 9999.0, 1.0, 1.25, 19.5, 9999.0, 9999.0, 9999.0, 118.75, 122.5, 118.0, 101.5, 133.25
2023-04-06, 13:29:17, 130.75, 51.0, 19.0, 25.5, 9999.0, 0.5, -0.5, 18.25, 9999.0, 9999.0, 9999.0, 118.75, 122.5, 118.0, 101.5, 133.25
2023-04-06, 13:29:21, 130.5, 51.25, 19.0, 26.0, 9999.0, 1.0, 1.25, 19.5, 9999.0, 9999.0, 9999.0, 118.5, 122.5, 118.0, 101.5, 133.25
2023-04-06, 13:29:25, 130.75, 51.0, 18.75, 26.0, 9999.0, 1.0, 1.25, 19.5, 9999.0, 9999.0, 9999.0, 118.5, 122.5, 118.0, 101.5, 133.25
2023-04-06, 13:29:29, 130.5, 51.0, 19.0, 26.0, 9999.0, 1.0, 1.25, 19.5, 9999.0, 9999.0, 9999.0, 118.5, 122.5, 118.0, 101.5, 133.25
2023-04-06, 13:29:33, 129.0, 50.75, 18.25, 22.75, 9999.0, 1.25, 1.25, 19.5, 9999.0, 9999.0, 9999.0, 118.5, 122.5, 118.0, 101.5, 133.25
2023-04-06, 13:29:37, 130.5, 51.0, 18.75, 25.75, 9999.0, 1.0, 1.25, 19.5, 9999.0, 9999.0, 9999.0, 118.5, 122.5, 118.0, 101.5, 133.25
2023-04-06, 13:29:41, 130.5, 51.25, 18.75, 25.75, 9999.0, 1.25, 1.25, 19.5, 9999.0, 9999.0, 9999.0, 118.5, 122.5, 118.0, 101.5, 133.25
2023-04-06, 13:29:45, 130.5, 50.75, 19.0, 25.75, 9999.0, 1.25, 1.25, 19.75, 9999.0, 9999.0, 9999.0, 118.25, 122.5, 116.75, 101.25, 132.0
2023-04-06, 13:29:49, 126.25, 51.0, 19.0, 25.75, 9999.0, 1.25, 1.5, 19.5, 9999.0, 9999.0, 9999.0, 119.0, 122.5, 118.0, 101.5, 133.25
2023-04-06, 13:29:53, 130.75, 51.0, 18.75, 25.75, 9999.0, 1.25, 1.25, 19.5, 9999.0, 9999.0, 9999.0, 119.0, 122.5, 118.0, 101.5, 133.25
2023-04-06, 13:29:57, 130.5, 51.25, 18.75, 26.0, 9999.0, 1.25, 1.25, 19.5, 9999.0, 9999.0, 9999.0, 119.0, 122.25, 118.0, 101.5, 133.25
2023-04-06, 13:30:01, 130.5, 51.0, 19.0, 25.75, 9999.0, 1.25, 1.5, 19.5, 9999.0, 9999.0, 9999.0, 118.5, 120.75, 117.25, 101.25, 133.25
2023-04-06, 13:30:05, 130.5, 51.25, 19.0, 26.0, 9999.0, 1.25, 1.25, 19.5, 9999.0, 9999.0, 9999.0, 119.0, 122.5, 117.75, 101.5, 133.25
2023-04-06, 13:30:09, 130.5, 51.0, 19.0, 26.0, 9999.0, 1.25, 1.25, 19.5, 9999.0, 9999.0, 9999.0, 118.75, 122.5, 118.0, 101.5, 133.25
2023-04-06, 13:30:13, 130.5, 51.0, 18.75, 25.75, 9999.0, 1.0, 1.25, 19.5, 9999.0, 9999.0, 9999.0, 118.75, 122.25, 118.0, 101.5, 133.25
2023-04-06, 13:30:17, 130.5, 51.0, 19.0, 26.0, 9999.0, 1.0, -0.25, 19.5, 9999.0, 9999.0, 9999.0, 118.75, 122.5, 118.0, 101.5, 133.25
2023-04-06, 13:30:21, 130.5, 51.0, 19.0, 26.0, 9999.0, 1.0, 1.25, 19.5, 9999.0, 9999.0, 9999.0, 118.75, 122.5, 118.0, 101.5, 133.25
2023-04-06, 13:30:25, 130.5, 51.25, 19.0, 25.75, 9999.0, 1.0, 1.25, 19.5, 9999.0, 9999.0, 9999.0, 118.75, 122.5, 118.0, 101.5, 133.25
2023-04-06, 13:30:29, 130.5, 51.0, 19.0, 25.75, 9999.0, 1.0, 1.25, 19.5, 9999.0, 9999.0, 9999.0, 118.75, 122.5, 118.0, 101.5, 133.25
2023-04-06, 13:30:33, 130.5, 51.0, 18.75, 25.0, 9999.0, -0.75, -0.75, 19.5, 9999.0, 9999.0, 9999.0, 118.5, 122.5, 118.0, 101.5, 133.25
2023-04-06, 13:30:37, 130.5, 51.0, 19.0, 25.75, 9999.0, 1.0, 1.25, 19.5, 9999.0, 9999.0, 9999.0, 118.75, 122.5, 118.0, 101.5, 133.25
2023-04-06, 13:30:41, 130.5, 51.25, 19.0, 25.75, 9999.0, 0.75, 1.25, 19.5, 9999.0, 9999.0, 9999.0, 118.75, 122.5, 118.0, 101.5, 133.25
2023-04-06, 13:30:45, 130.5, 51.0, 19.0, 25.75, 9999.0, 1.0, 1.25, 19.5, 9999.0, 9999.0, 9999.0, 118.5, 122.5, 117.75, 101.5, 132.5
2023-04-06, 13:30:49, 130.0, 50.5, 17.5, 25.25, 9999.0, 0.75, 1.25, 19.5, 9999.0, 9999.0, 9999.0, 118.5, 122.5, 118.0, 101.5, 133.25
2023-04-06, 13:30:53, 130.5, 51.0, 19.0, 25.75, 9999.0, 1.25, 1.25, 19.5, 9999.0, 9999.0, 9999.0, 118.5, 122.5, 118.0, 101.5, 133.25
2023-04-06, 13:30:57, 130.5, 51.0, 19.0, 25.75, 9999.0, 1.0, 1.25, 19.5, 9999.0, 9999.0, 9999.0, 118.5, 122.5, 118.0, 101.5, 133.25
2023-04-06, 13:31:01, 130.5, 51.0, 19.0, 26.0, 9999.0, 1.25, 1.25, 19.5, 9999.0, 9999.0, 9999.0, 118.25, 121.25, 117.75, 100.5, 128.25
2023-04-06, 13:31:05, 130.5, 51.0, 18.75, 25.5, 9999.0, 1.25, 1.25, 19.5, 9999.0, 9999.0, 9999.0, 118.25, 122.5, 118.0, 101.5, 133.25
2023-04-06, 13:31:09, 130.5, 51.0, 18.75, 25.5, 9999.0, 1.25, 1.25, 19.5, 9999.0, 9999.0, 9999.0, 119.25, 122.5, 118.0, 101.5, 133.25
2023-04-06, 13:31:13, 130.5, 51.0, 18.75, 25.75, 9999.0, 1.25, 1.25, 19.5, 9999.0, 9999.0, 9999.0, 119.0, 122.5, 118.0, 101.5, 133.25
2023-04-06, 13:31:17, 130.5, 51.0, 18.75, 26.0, 9999.0, 1.25, 1.25, 19.5, 9999.0, 9999.0, 9999.0, 117.5, 121.5, 118.0, 101.5, 133.25
2023-04-06, 13:31:21, 130.5, 51.0, 19.0, 26.0, 9999.0, 1.25, 1.25, 19.5, 9999.0, 9999.0, 9999.0, 119.0, 122.5, 118.0, 101.5, 133.25
2023-04-06, 13:31:25, 130.5, 51.0, 18.75, 25.75, 9999.0, 1.0, 1.25, 19.5, 9999.0, 9999.0, 9999.0, 118.75, 122.25, 118.0, 101.5, 133.25
2023-04-06, 13:31:29, 130.5, 51.25, 18.75, 26.0, 9999.0, 1.25, 1.25, 19.5, 9999.0, 9999.0, 9999.0, 118.75, 122.5, 118.0, 101.5, 133.25
2023-04-06, 13:31:33, 130.5, 51.0, 18.75, 26.0, 9999.0, -0.5, 0.5, 18.5, 9999.0, 9999.0, 9999.0, 118.75, 122.5, 117.75, 101.5, 133.25
2023-04-06, 13:31:37, 130.5, 51.0, 18.75, 26.0, 9999.0, 1.0, 1.25, 19.5, 9999.0, 9999.0, 9999.0, 118.75, 122.5, 118.0, 101.5, 133.25
2023-04-06, 13:31:41, 130.5, 51.0, 18.75, 26.0, 9999.0, 1.0, 1.25, 19.5, 9999.0, 9999.0, 9999.0, 118.75, 122.75, 118.0, 101.5, 133.25
2023-04-06, 13:31:45, 130.5, 51.0, 18.75, 25.75, 9999.0, 1.0, 1.25, 19.5, 9999.0, 9999.0, 9999.0, 118.75, 122.5, 118.0, 101.5, 133.25
2023-04-06, 13:31:49, 130.5, 51.0, 18.0, 25.5, 9999.0, -1.5, 1.25, 19.5, 9999.0, 9999.0, 9999.0, 118.75, 122.5, 118.0, 101.5, 133.25
2023-04-06, 13:31:53, 130.5, 51.0, 19.0, 26.0, 9999.0, 1.0, 1.25, 19.5, 9999.0, 9999.0, 9999.0, 118.5, 122.5, 118.0, 101.5, 133.25
2023-04-06, 13:31:57, 130.5, 51.0, 19.0, 26.0, 9999.0, 1.0, 1.25, 19.5, 9999.0, 9999.0, 9999.0, 118.5, 122.5, 118.0, 101.5, 133.25
2023-04-06, 13:32:01, 130.5, 51.0, 19.0, 25.75, 9999.0, 1.0, 1.25, 19.5, 9999.0, 9999.0, 9999.0, 118.5, 122.5, 118.0, 101.25, 132.25
2023-04-06, 13:32:05, 130.0, 49.25, 17.5, 26.0, 9999.0, 1.0, 1.25, 19.5, 9999.0, 9999.0, 9999.0, 118.5, 122.5, 118.0, 101.5, 133.25
2023-04-06, 13:32:09, 130.5, 51.0, 18.75, 26.0, 9999.0, 1.0, 1.25, 19.5, 9999.0, 9999.0, 9999.0, 118.5, 122.5, 118.0, 101.5, 133.25
2023-04-06, 13:32:13, 130.5, 51.0, 19.0, 26.0, 9999.0, 1.0, 1.25, 19.5, 9999.0, 9999.0, 9999.0, 118.5, 122.5, 118.0, 101.5, 133.25
2023-04-06, 13:32:17, 130.5, 51.0, 18.75, 25.75, 9999.0, 1.0, 1.25, 19.5, 9999.0, 9999.0, 9999.0, 117.0, 122.0, 117.0, 99.0, 133.0
2023-04-06, 13:32:21, 130.5, 51.0, 19.0, 25.75, 9999.0, 1.25, 1.25, 19.5, 9999.0, 9999.0, 9999.0, 118.25, 122.5, 118.0, 101.5, 133.25
2023-04-06, 13:32:25, 130.5, 51.0, 18.75, 25.75, 9999.0, 1.25, 1.25, 19.5, 9999.0, 9999.0, 9999.0, 118.25, 122.5, 118.0, 101.5, 133.25
2023-04-06, 13:32:29, 130.5, 51.0, 18.75, 25.75, 9999.0, 1.25, 1.25, 19.5, 9999.0, 9999.0, 9999.0, 119.0, 122.25, 118.0, 101.5, 133.25
2023-04-06, 13:32:33, 130.5, 51.0, 18.75, 25.5, 9999.0, 1.0, 1.25, 19.5, 9999.0, 9999.0, 9999.0, 115.0, 122.5, 117.75, 101.5, 133.25
2023-04-06, 13:32:37, 130.5, 51.0, 18.75, 25.5, 9999.0, 1.25, 1.25, 19.5, 9999.0, 9999.0, 9999.0, 119.0, 122.5, 118.0, 101.5, 133.25
2023-04-06, 13:32:41, 130.5, 51.0, 19.0, 26.0, 9999.0, 1.25, 1.25, 19.5, 9999.0, 9999.0, 9999.0, 119.0, 122.5, 118.0, 101.5, 133.25
2023-04-06, 13:32:45, 130.5, 51.0, 18.75, 25.75, 9999.0, 1.0, 1.25, 19.5, 9999.0, 9999.0, 9999.0, 118.75, 122.5, 118.0, 101.5, 133.25
2023-04-06, 13:32:49, 130.5, 51.0, 18.75, 26.0, 9999.0, 0.25, 0.75, 18.0, 9999.0, 9999.0, 9999.0, 118.75, 122.5, 117.75, 101.5, 133.25
2023-04-06, 13:32:53, 130.5, 51.0, 18.75, 26.0, 9999.0, 1.0, 1.25, 19.5, 9999.0, 9999.0, 9999.0, 118.75, 122.5, 118.0, 101.5, 133.25
2023-04-06, 13:32:57, 130.5, 51.0, 19.0, 26.0, 9999.0, 1.0, 1.25, 19.5, 9999.0, 9999.0, 9999.0, 118.75, 122.5, 117.75, 101.5, 133.25
2023-04-06, 13:33:02, 130.5, 51.0, 18.75, 25.75, 9999.0, 1.0, 1.25, 19.5, 9999.0, 9999.0, 9999.0, 118.75, 122.25, 117.75, 101.5, 133.25
2023-04-06, 13:33:06, 130.5, 49.5, 18.5, 24.25, 9999.0, 1.0, 1.25, 19.5, 9999.0, 9999.0, 9999.0, 118.75, 122.5, 118.0, 101.5, 133.25
2023-04-06, 13:33:10, 130.5, 51.0, 18.75, 25.75, 9999.0, 1.0, 1.25, 19.5, 9999.0, 9999.0, 9999.0, 118.75, 122.5, 118.0, 101.5, 133.25
2023-04-06, 13:33:14, 130.5, 51.0, 18.75, 26.0, 9999.0, 1.0, 1.25, 19.5, 9999.0, 9999.0, 9999.0, 118.75, 122.5, 118.0, 101.5, 133.25
2023-04-06, 13:33:18, 130.5, 51.0, 18.75, 25.75, 9999.0, 1.0, 1.25, 19.5, 9999.0, 9999.0, 9999.0, 118.5, 122.5, 117.75, 100.75, 133.0
2023-04-06, 13:33:22, 128.75, 49.0, 18.75, 26.0, 9999.0, 1.0, 1.25, 19.5, 9999.0, 9999.0, 9999.0, 118.5, 122.5, 117.75, 101.5, 133.25
2023-04-06, 13:33:26, 130.5, 51.0, 18.75, 25.75, 9999.0, 1.0, 1.25, 19.5, 9999.0, 9999.0, 9999.0, 118.25, 122.5, 118.0, 101.5, 133.25
2023-04-06, 13:33:30, 130.5, 51.0, 18.75, 25.75, 9999.0, 1.0, 1.25, 19.5, 9999.0, 9999.0, 9999.0, 118.25, 122.5, 118.0, 101.5, 133.0
2023-04-06, 13:33:34, 130.5, 51.0, 19.0, 26.0, 9999.0, 1.25, 1.25, 19.5, 9999.0, 9999.0, 9999.0, 118.0, 121.75, 116.5, 101.25, 133.25
2023-04-06, 13:33:38, 130.5, 51.0, 19.0, 25.75, 9999.0, 1.0, 1.25, 19.5, 9999.0, 9999.0, 9999.0, 118.5, 122.5, 118.0, 101.5, 133.25
2023-04-06, 13:33:42, 130.5, 51.0, 19.0, 26.0, 9999.0, 1.25, 1.25, 19.5, 9999.0, 9999.0, 9999.0, 118.25, 122.5, 118.0, 101.5, 133.25
2023-04-06, 13:33:46, 130.5, 51.0, 19.0, 25.75, 9999.0, 1.25, 1.25, 19.5, 9999.0, 9999.0, 9999.0, 118.25, 122.5, 118.0, 101.5, 133.25
2023-04-06, 13:33:50, 130.5, 51.0, 18.75, 25.75, 9999.0, 1.25, 1.25, 18.5, 9999.0, 9999.0, 9999.0, 119.0, 122.5, 118.0, 101.5, 133.25
2023-04-06, 13:33:54, 130.5, 51.0, 18.75, 25.75, 9999.0, 1.25, 1.25, 19.5, 9999.0, 9999.0, 9999.0, 118.75, 122.5, 118.0, 101.25, 133.25
2023-04-06, 13:33:58, 130.5, 51.0, 18.75, 26.0, 9999.0, 1.25, 1.25, 19.5, 9999.0, 9999.0, 9999.0, 119.0, 122.5, 118.0, 101.5, 133.25
2023-04-06, 13:34:02, 130.5, 51.0, 18.75, 25.75, 9999.0, 1.25, 1.25, 19.5, 9999.0, 9999.0, 9999.0, 119.0, 122.5, 118.0, 101.5, 133.25
2023-04-06, 13:34:06, 130.5, 51.0, 18.75, 25.75, 9999.0, 0.75, -0.25, 19.0, 9999.0, 9999.0, 9999.0, 118.75, 122.5, 118.0, 101.5, 133.25
2023-04-06, 13:34:10, 130.5, 51.0, 18.75, 25.75, 9999.0, 1.0, 1.25, 19.5, 9999.0, 9999.0, 9999.0, 118.75, 122.5, 118.0, 101.5, 133.25
2023-04-06, 13:34:14, 130.5, 51.0, 18.75, 25.5, 9999.0, 1.0, 1.25, 19.5, 9999.0, 9999.0, 9999.0, 118.75, 122.5, 118.0, 101.5, 133.25
2023-04-06, 13:34:18, 130.5, 51.0, 18.75, 25.5, 9999.0, 0.75, 1.25, 19.5, 9999.0, 9999.0, 9999.0, 118.75, 122.5, 118.0, 101.25, 133.25
2023-04-06, 13:34:22, 128.75, 50.5, 17.5, 23.0, 9999.0, 1.0, 1.25, 19.5, 9999.0, 9999.0, 9999.0, 118.75, 122.5, 118.0, 101.5, 133.25
2023-04-06, 13:34:26, 130.5, 51.0, 18.75, 25.5, 9999.0, 1.0, 1.25, 19.5, 9999.0, 9999.0, 9999.0, 118.75, 122.5, 118.0, 101.5, 133.25
2023-04-06, 13:34:30, 130.5, 51.0, 18.75, 25.5, 9999.0, 1.0, 1.25, 19.5, 9999.0, 9999.0, 9999.0, 118.75, 122.5, 118.0, 101.25, 133.25
2023-04-06, 13:34:34, 130.5, 51.0, 18.75, 25.5, 9999.0, 1.0, 1.25, 19.5, 9999.0, 9999.0, 9999.0, 118.5, 122.5, 117.25, 101.25, 131.75
2023-04-06, 13:34:38, 128.5, 51.0, 19.0, 25.75, 9999.0, 1.0, 1.25, 19.5, 9999.0, 9999.0, 9999.0, 118.5, 122.5, 118.0, 101.25, 133.25
2023-04-06, 13:34:42, 130.5, 51.0, 19.0, 25.5, 9999.0, 1.0, 1.25, 19.5, 9999.0, 9999.0, 9999.0, 118.5, 122.5, 118.0, 101.5, 133.25
2023-04-06, 13:34:46, 130.5, 51.0, 18.75, 25.5, 9999.0, 1.0, 1.25, 19.5, 9999.0, 9999.0, 9999.0, 118.5, 122.5, 118.0, 101.25, 133.25
2023-04-06, 13:34:50, 130.5, 51.0, 18.75, 25.75, 9999.0, 0.75, 1.25, 19.5, 9999.0, 9999.0, 9999.0, 118.0, 120.75, 116.75, 101.5, 133.25
2023-04-06, 13:34:54, 130.5, 51.0, 18.75, 25.75, 9999.0, 1.0, 1.25, 19.5, 9999.0, 9999.0, 9999.0, 118.5, 122.5, 118.0, 101.5, 133.25
2023-04-06, 13:34:58, 130.5, 51.0, 18.75, 25.5, 9999.0, 1.0, 1.25, 19.5, 9999.0, 9999.0, 9999.0, 118.25, 122.5, 118.0, 101.5, 133.25
2023-04-06, 13:35:02, 130.5, 51.0, 18.75, 25.75, 9999.0, 1.25, 1.25, 19.5, 9999.0, 9999.0, 9999.0, 118.25, 122.25, 118.0, 101.5, 133.25
2023-04-06, 13:35:06, 130.5, 51.0, 18.75, 25.75, 9999.0, 1.0, 0.0, 19.25, 9999.0, 9999.0, 9999.0, 118.25, 122.5, 118.0, 101.5, 133.25
2023-04-06, 13:35:10, 130.5, 51.0, 18.75, 25.75, 9999.0, 1.25, 1.25, 19.5, 9999.0, 9999.0, 9999.0, 119.0, 122.5, 117.75, 101.5, 133.25
2023-04-06, 13:35:14, 130.5, 51.0, 18.75, 25.75, 9999.0, 1.25, 1.25, 19.5, 9999.0, 9999.0, 9999.0, 119.0, 122.5, 117.75, 101.5, 133.25
2023-04-06, 13:35:18, 130.5, 51.0, 18.75, 25.75, 9999.0, 1.25, 1.25, 19.25, 9999.0, 9999.0, 9999.0, 119.0, 122.5, 118.0, 101.5, 133.25
2023-04-06, 13:35:22, 130.5, 51.0, 18.5, 24.5, 9999.0, -0.25, -2.25, 19.5, 9999.0, 9999.0, 9999.0, 119.0, 122.5, 117.75, 101.5, 133.25
2023-04-06, 13:35:26, 130.5, 51.0, 18.75, 26.0, 9999.0, 1.0, 1.25, 19.5, 9999.0, 9999.0, 9999.0, 118.75, 122.25, 117.75, 101.5, 133.25
2023-04-06, 13:35:30, 130.5, 51.0, 18.75, 26.0, 9999.0, 1.0, 1.25, 19.5, 9999.0, 9999.0, 9999.0, 118.75, 122.25, 118.0, 101.5, 133.25
2023-04-06, 13:35:34, 130.5, 51.25, 18.75, 26.0, 9999.0, 1.0, 1.25, 19.5, 9999.0, 9999.0, 9999.0, 118.75, 122.5, 117.75, 101.5, 131.25
2023-04-06, 13:35:38, 129.75, 50.5, 17.0, 25.0, 9999.0, 1.0, 1.25, 19.5, 9999.0, 9999.0, 9999.0, 118.75, 122.5, 117.75, 101.5, 133.25
2023-04-06, 13:35:42, 130.5, 51.25, 19.0, 25.75, 9999.0, 1.0, 1.25, 19.5, 9999.0, 9999.0, 9999.0, 118.75, 122.5, 118.0, 101.5, 133.25
2023-04-06, 13:35:46, 130.5, 51.0, 18.75, 25.75, 9999.0, 1.0, 1.25, 19.5, 9999.0, 9999.0, 9999.0, 118.75, 122.5, 117.75, 101.5, 133.25
2023-04-06, 13:35:50, 130.5, 51.0, 18.75, 25.5, 9999.0, 1.0, 1.25, 19.5, 9999.0, 9999.0, 9999.0, 118.75, 120.75, 117.75, 100.25, 129.75
2023-04-06, 13:35:54, 130.5, 51.0, 18.75, 25.75, 9999.0, 1.0, 1.25, 19.5, 9999.0, 9999.0, 9999.0, 118.75, 122.5, 118.0, 101.5, 133.25
2023-04-06, 13:35:58, 130.5, 51.0, 18.75, 25.75, 9999.0, 1.0, 1.25, 19.5, 9999.0, 9999.0, 9999.0, 118.75, 122.5, 118.0, 101.5, 133.25
2023-04-06, 13:36:02, 130.5, 51.0, 19.0, 25.75, 9999.0, 1.0, 1.25, 19.5, 9999.0, 9999.0, 9999.0, 118.25, 122.5, 117.75, 101.5, 133.25
2023-04-06, 13:36:06, 130.5, 51.0, 18.75, 25.5, 9999.0, 1.0, 1.25, 19.5, 9999.0, 9999.0, 9999.0, 116.5, 120.75, 118.0, 101.5, 133.25
2023-04-06, 13:36:10, 130.75, 51.0, 19.0, 25.75, 9999.0, 1.0, 1.25, 19.5, 9999.0, 9999.0, 9999.0, 118.5, 122.5, 118.0, 101.5, 133.25
2023-04-06, 13:36:14, 130.75, 51.25, 19.0, 25.75, 9999.0, 1.25, 1.25, 19.5, 9999.0, 9999.0, 9999.0, 118.5, 122.5, 117.75, 101.5, 133.25
2023-04-06, 13:36:18, 130.5, 51.25, 19.0, 25.75, 9999.0, 1.0, 1.25, 19.5, 9999.0, 9999.0, 9999.0, 118.25, 122.5, 118.0, 101.5, 133.25
2023-04-06, 13:36:22, 130.75, 51.0, 19.0, 25.75, 9999.0, 0.5, 1.0, 19.0, 9999.0, 9999.0, 9999.0, 118.25, 122.5, 118.0, 101.5, 133.25
2023-04-06, 13:36:26, 130.5, 51.0, 19.0, 25.75, 9999.0, 1.25, 1.25, 19.75, 9999.0, 9999.0, 9999.0, 119.25, 122.5, 118.0, 101.5, 133.25
2023-04-06, 13:36:30, 130.75, 51.25, 19.0, 25.75, 9999.0, 1.25, 1.25, 19.5, 9999.0, 9999.0, 9999.0, 119.0, 122.5, 118.0, 101.5, 133.25
2023-04-06, 13:36:34, 130.75, 51.25, 19.0, 25.75, 9999.0, 1.25, 1.25, 19.5, 9999.0, 9999.0, 9999.0, 119.0, 122.5, 118.0, 101.5, 133.25
2023-04-06, 13:36:38, 130.5, 51.25, 17.75, 25.5, 9999.0, -3.25, 1.25, 19.75, 9999.0, 9999.0, 9999.0, 119.0, 122.5, 118.0, 101.5, 133.25
2023-04-06, 13:36:42, 130.75, 51.0, 19.0, 26.0, 9999.0, 1.25, 1.5, 19.5, 9999.0, 9999.0, 9999.0, 119.0, 122.25, 117.75, 101.5, 133.25
2023-04-06, 13:36:46, 130.75, 51.25, 19.0, 26.0, 9999.0, 1.25, 1.25, 19.75, 9999.0, 9999.0, 9999.0, 119.0, 122.5, 118.0, 101.75, 133.25
2023-04-06, 13:36:50, 130.75, 51.25, 19.0, 25.75, 9999.0, 1.25, 1.25, 19.5, 9999.0, 9999.0, 9999.0, 118.75, 122.5, 118.0, 101.5, 132.25
2023-04-06, 13:36:54, 130.25, 49.5, 18.25, 25.75, 9999.0, 1.25, 1.5, 19.75, 9999.0, 9999.0, 9999.0, 118.75, 122.25, 117.75, 101.5, 133.25
2023-04-06, 13:36:58, 130.75, 51.25, 19.0, 26.0, 9999.0, 1.0, 1.25, 19.75, 9999.0, 9999.0, 9999.0, 118.75, 122.5, 117.75, 101.5, 133.25
2023-04-06, 13:37:02, 130.75, 51.25, 19.0, 26.0, 9999.0, 1.0, 1.25, 19.75, 9999.0, 9999.0, 9999.0, 118.75, 122.75, 118.0, 101.5, 133.25
2023-04-06, 13:37:06, 130.5, 51.0, 19.0, 25.75, 9999.0, 1.0, 1.25, 19.5, 9999.0, 9999.0, 9999.0, 117.0, 122.0, 116.5, 99.5, 132.5
2023-04-06, 13:37:10, 130.75, 51.25, 19.0, 25.75, 9999.0, 1.0, 1.25, 19.75, 9999.0, 9999.0, 9999.0, 118.75, 122.5, 117.75, 101.5, 133.25
2023-04-06, 13:37:14, 130.75, 51.25, 19.0, 26.0, 9999.0, 1.0, 1.25, 19.5, 9999.0, 9999.0, 9999.0, 118.75, 122.5, 118.0, 101.5, 133.25
2023-04-06, 13:37:18, 130.75, 51.25, 19.0, 25.75, 9999.0, 1.0, 1.25, 19.75, 9999.0, 9999.0, 9999.0, 118.75, 122.5, 117.75, 101.5, 133.25
2023-04-06, 13:37:22, 130.75, 51.25, 19.0, 25.5, 9999.0, 1.0, 1.25, 19.75, 9999.0, 9999.0, 9999.0, 116.0, 122.5, 118.0, 101.5, 133.25
2023-04-06, 13:37:26, 130.75, 51.25, 19.0, 25.5, 9999.0, 1.0, 1.25, 19.75, 9999.0, 9999.0, 9999.0, 118.5, 122.5, 117.75, 101.5, 133.25
2023-04-06, 13:37:31, 130.75, 51.25, 19.0, 25.75, 9999.0, 1.25, 1.25, 19.75, 9999.0, 9999.0, 9999.0, 118.5, 122.5, 118.0, 101.5, 133.25
2023-04-06, 13:37:35, 130.75, 51.25, 19.0, 26.0, 9999.0, 1.25, 1.25, 19.75, 9999.0, 9999.0, 9999.0, 118.5, 122.5, 118.0, 101.25, 133.25
2023-04-06, 13:37:39, 130.75, 51.25, 19.0, 26.0, 9999.0, 0.5, 0.75, 18.25, 9999.0, 9999.0, 9999.0, 118.5, 122.5, 118.0, 101.5, 133.25
2023-04-06, 13:37:43, 130.75, 51.25, 19.0, 26.0, 9999.0, 1.25, 1.5, 19.75, 9999.0, 9999.0, 9999.0, 118.5, 122.5, 118.0, 101.5, 133.25
2023-04-06, 13:37:47, 130.75, 51.25, 19.0, 26.0, 9999.0, 1.25, 1.5, 19.75, 9999.0, 9999.0, 9999.0, 119.25, 122.5, 118.0, 101.5, 133.25
2023-04-06, 13:37:51, 130.75, 51.25, 19.0, 25.75, 9999.0, 1.25, 1.5, 19.5, 9999.0, 9999.0, 9999.0, 119.0, 122.5, 118.0, 101.5, 133.25
2023-04-06, 13:37:55, 130.75, 50.0, 18.75, 24.25, 9999.0, 1.25, 1.5, 19.75, 9999.0, 9999.0, 9999.0, 119.0, 122.5, 118.0, 101.5, 133.25
2023-04-06, 13:37:59, 130.75, 51.25, 19.0, 26.0, 9999.0, 1.25, 1.5, 19.75, 9999.0, 9999.0, 9999.0, 119.0, 122.5, 117.75, 101.5, 133.25
2023-04-06, 13:38:03, 130.75, 51.25, 19.0, 25.75, 9999.0, 1.25, 1.5, 19.75, 9999.0, 9999.0, 9999.0, 119.0, 122.5, 118.0, 101.5, 133.25
2023-04-06, 13:38:07, 130.75, 51.25, 18.75, 26.0, 9999.0, 1.25, 1.5, 19.75, 9999.0, 9999.0, 9999.0, 118.75, 122.5, 117.75, 100.75, 133.0
2023-04-06, 13:38:11, 129.25, 50.25, 19.0, 26.0, 9999.0, 1.25, 1.5, 19.75, 9999.0, 9999.0, 9999.0, 118.75, 122.5, 118.0, 101.5, 133.25
2023-04-06, 13:38:15, 130.75, 51.25, 19.0, 26.0, 9999.0, 1.25, 1.5, 19.75, 9999.0, 9999.0, 9999.0, 118.75, 122.5, 118.0, 101.5, 133.25
2023-04-06, 13:38:19, 130.75, 51.25, 19.0, 25.75, 9999.0, 1.0, 1.5, 19.75, 9999.0, 9999.0, 9999.0, 118.75, 122.75, 118.0, 101.5, 133.25
2023-04-06, 13:38:23, 130.75, 51.0, 19.0, 25.75, 9999.0, 1.0, 1.25, 19.75, 9999.0, 9999.0, 9999.0, 118.0, 122.0, 116.0, 101.0, 133.25
2023-04-06, 13:38:27, 130.75, 51.25, 19.0, 25.75, 9999.0, 1.0, 1.5, 19.75, 9999.0, 9999.0, 9999.0, 118.75, 122.5, 118.0, 101.5, 133.25
2023-04-06, 13:38:31, 130.75, 51.25, 18.75, 25.75, 9999.0, 1.0, 1.5, 19.75, 9999.0, 9999.0, 9999.0, 118.75, 122.5, 117.75, 101.5, 133.25
2023-04-06, 13:38:35, 130.75, 51.25, 19.0, 26.0, 9999.0, 1.0, 1.5, 19.5, 9999.0, 9999.0, 9999.0, 118.75, 122.5, 117.75, 101.5, 133.5
2023-04-06, 13:38:39, 130.75, 51.25, 19.0, 25.75, 9999.0, 1.0, 1.25, 18.5, 9999.0, 9999.0, 9999.0, 118.5, 122.5, 118.0, 101.5, 133.25
2023-04-06, 13:38:43, 130.75, 51.25, 19.0, 25.75, 9999.0, 1.0, 1.5, 19.75, 9999.0, 9999.0, 9999.0, 118.75, 122.5, 117.75, 101.5, 133.25
2023-04-06, 13:38:47, 130.75, 51.25, 19.0, 25.75, 9999.0, 1.0, 1.5, 19.75, 9999.0, 9999.0, 9999.0, 118.5, 122.5, 118.0, 101.5, 133.25
2023-04-06, 13:38:51, 130.75, 51.25, 19.0, 26.0, 9999.0, 1.25, 1.5, 19.75, 9999.0, 9999.0, 9999.0, 118.5, 122.5, 118.0, 101.5, 133.25
2023-04-06, 13:38:55, 130.75, 51.25, 19.0, 25.5, 9999.0, 1.0, -0.5, 18.5, 9999.0, 9999.0, 9999.0, 118.5, 122.5, 117.75, 101.5, 133.25
2023-04-06, 13:38:59, 130.75, 51.25, 19.0, 25.75, 9999.0, 1.25, 1.5, 19.75, 9999.0, 9999.0, 9999.0, 118.5, 122.5, 118.0, 101.5, 133.25
2023-04-06, 13:39:03, 130.75, 51.25, 19.0, 25.75, 9999.0, 1.5, 1.5, 19.75, 9999.0, 9999.0, 9999.0, 118.25, 122.5, 118.0, 101.5, 133.25
2023-04-06, 13:39:07, 130.75, 51.25, 19.0, 25.75, 9999.0, 1.25, 1.5, 19.5, 9999.0, 9999.0, 9999.0, 119.0, 122.5, 117.75, 101.5, 133.25
2023-04-06, 13:39:11, 129.5, 50.75, 18.25, 24.25, 9999.0, 1.25, 1.25, 19.75, 9999.0, 9999.0, 9999.0, 119.0, 122.5, 118.0, 101.5, 133.25
2023-04-06, 13:39:15, 130.75, 51.25, 19.25, 25.5, 9999.0, 1.25, 1.5, 19.75, 9999.0, 9999.0, 9999.0, 119.0, 122.5, 117.75, 101.5, 133.25
2023-04-06, 13:39:19, 130.75, 51.25, 19.0, 25.75, 9999.0, 1.25, 1.5, 19.75, 9999.0, 9999.0, 9999.0, 119.0, 122.25, 118.0, 101.5, 133.25
2023-04-06, 13:39:23, 130.75, 51.0, 19.0, 25.75, 9999.0, 1.25, 1.5, 19.75, 9999.0, 9999.0, 9999.0, 118.75, 122.25, 116.75, 101.25, 132.0
2023-04-06, 13:39:27, 126.25, 51.25, 19.0, 25.75, 9999.0, 1.25, 1.5, 19.75, 9999.0, 9999.0, 9999.0, 119.0, 122.25, 118.0, 101.5, 133.25
2023-04-06, 13:39:31, 130.75, 51.25, 19.0, 25.75, 9999.0, 1.25, 1.5, 19.75, 9999.0, 9999.0, 9999.0, 118.75, 122.25, 117.75, 101.5, 133.25
2023-04-06, 13:39:35, 130.75, 51.25, 19.0, 26.0, 9999.0, 1.25, 1.5, 19.75, 9999.0, 9999.0, 9999.0, 118.75, 122.5, 118.0, 101.5, 133.25
2023-04-06, 13:39:39, 130.5, 51.25, 19.0, 26.0, 9999.0, 1.25, 1.5, 19.75, 9999.0, 9999.0, 9999.0, 118.5, 120.75, 117.25, 101.5, 133.25
2023-04-06, 13:39:43, 130.75, 51.25, 19.0, 25.75, 9999.0, 1.25, 1.5, 19.75, 9999.0, 9999.0, 9999.0, 118.75, 122.5, 117.75, 101.5, 133.25
2023-04-06, 13:39:47, 130.75, 51.25, 19.0, 26.0, 9999.0, 1.25, 1.5, 19.75, 9999.0, 9999.0, 9999.0, 118.75, 122.5, 117.75, 101.5, 133.5
2023-04-06, 13:39:51, 130.75, 51.25, 19.0, 25.75, 9999.0, 1.25, 1.5, 19.75, 9999.0, 9999.0, 9999.0, 118.5, 122.5, 118.0, 101.5, 133.25
2023-04-06, 13:39:55, 130.75, 51.25, 19.0, 25.75, 9999.0, 1.0, -0.25, 19.25, 9999.0, 9999.0, 9999.0, 118.75, 122.5, 117.75, 101.5, 133.25
2023-04-06, 13:39:59, 130.75, 51.25, 19.0, 25.75, 9999.0, 1.0, 1.5, 19.75, 9999.0, 9999.0, 9999.0, 118.75, 122.5, 117.75, 101.5, 133.25
2023-04-06, 13:40:03, 130.75, 51.25, 19.0, 26.0, 9999.0, 1.0, 1.5, 19.75, 9999.0, 9999.0, 9999.0, 118.5, 122.5, 118.0, 101.5, 133.25
2023-04-06, 13:40:07, 130.75, 51.25, 19.0, 26.0, 9999.0, 1.0, 1.25, 19.75, 9999.0, 9999.0, 9999.0, 118.5, 122.5, 118.0, 101.5, 133.25
2023-04-06, 13:40:11, 130.75, 51.25, 19.0, 25.25, 9999.0, 0.0, -0.5, 19.5, 9999.0, 9999.0, 9999.0, 118.5, 122.5, 118.0, 101.5, 133.25
2023-04-06, 13:40:15, 130.75, 51.25, 18.75, 26.0, 9999.0, 1.25, 1.25, 19.75, 9999.0, 9999.0, 9999.0, 118.5, 122.5, 118.0, 101.5, 133.25
2023-04-06, 13:40:19, 130.75, 51.25, 19.0, 26.0, 9999.0, 1.25, 1.5, 19.75, 9999.0, 9999.0, 9999.0, 118.25, 122.5, 117.75, 101.5, 133.25
2023-04-06, 13:40:23, 130.75, 51.25, 19.0, 25.75, 9999.0, 1.25, 1.5, 19.75, 9999.0, 9999.0, 9999.0, 118.25, 122.5, 117.75, 101.5, 132.5
2023-04-06, 13:40:27, 130.0, 50.5, 17.5, 25.5, 9999.0, 1.25, 1.25, 19.75, 9999.0, 9999.0, 9999.0, 119.0, 122.25, 117.75, 101.5, 133.25
2023-04-06, 13:40:31, 130.75, 51.25, 19.0, 25.75, 9999.0, 1.25, 1.5, 19.75, 9999.0, 9999.0, 9999.0, 119.0, 122.5, 117.75, 101.5, 133.25
2023-04-06, 13:40:35, 130.5, 51.25, 19.0, 25.75, 9999.0, 1.25, 1.5, 19.75, 9999.0, 9999.0, 9999.0, 119.0, 122.25, 117.75, 101.5, 133.25
2023-04-06, 13:40:39, 130.75, 51.0, 18.75, 25.75, 9999.0, 1.25, 1.5, 19.75, 9999.0, 9999.0, 9999.0, 118.75, 121.0, 117.5, 100.5, 126.75
2023-04-06, 13:40:43, 130.5, 51.25, 18.75, 25.75, 9999.0, 1.25, 1.25, 19.5, 9999.0, 9999.0, 9999.0, 118.75, 122.25, 117.75, 101.5, 133.25
2023-04-06, 13:40:47, 130.5, 51.25, 18.75, 26.0, 9999.0, 1.25, 1.5, 19.75, 9999.0, 9999.0, 9999.0, 118.75, 122.25, 117.75, 101.5, 133.25
2023-04-06, 13:40:51, 130.75, 51.25, 19.0, 25.75, 9999.0, 1.25, 1.5, 19.75, 9999.0, 9999.0, 9999.0, 118.75, 122.25, 117.75, 101.5, 133.25
2023-04-06, 13:40:55, 130.75, 51.25, 19.0, 25.75, 9999.0, 1.0, 1.25, 19.75, 9999.0, 9999.0, 9999.0, 117.25, 119.5, 117.75, 101.5, 133.25
2023-04-06, 13:40:59, 130.75, 51.25, 19.0, 25.75, 9999.0, 1.0, 1.5, 19.5, 9999.0, 9999.0, 9999.0, 118.75, 122.5, 117.75, 101.5, 133.25
2023-04-06, 13:41:03, 130.5, 51.25, 19.0, 26.0, 9999.0, 1.0, 1.5, 19.75, 9999.0, 9999.0, 9999.0, 118.75, 122.5, 117.75, 101.5, 133.25
2023-04-06, 13:41:07, 130.75, 51.25, 19.0, 25.75, 9999.0, 1.0, 1.5, 19.75, 9999.0, 9999.0, 9999.0, 118.5, 122.5, 117.75, 101.5, 133.25
2023-04-06, 13:41:11, 130.75, 51.25, 19.0, 26.0, 9999.0, -0.5, 0.75, 19.25, 9999.0, 9999.0, 9999.0, 118.75, 122.5, 117.75, 101.5, 133.25
2023-04-06, 13:41:15, 130.75, 51.25, 19.0, 26.0, 9999.0, 1.0, 1.25, 19.75, 9999.0, 9999.0, 9999.0, 118.5, 122.5, 117.75, 101.5, 133.25
2023-04-06, 13:41:19, 130.5, 51.25, 19.0, 26.0, 9999.0, 1.0, 1.25, 19.75, 9999.0, 9999.0, 9999.0, 118.5, 122.5, 117.75, 101.5, 133.25
2023-04-06, 13:41:23, 130.75, 51.25, 19.0, 26.0, 9999.0, 1.0, 1.25, 19.5, 9999.0, 9999.0, 9999.0, 118.5, 122.5, 118.0, 101.5, 133.25
2023-04-06, 13:41:27, 130.75, 51.25, 17.5, 25.75, 9999.0, -2.5, 1.25, 19.75, 9999.0, 9999.0, 9999.0, 118.5, 122.5, 118.0, 101.5, 133.25
2023-04-06, 13:41:31, 130.5, 51.25, 19.0, 25.75, 9999.0, 1.25, 1.25, 19.75, 9999.0, 9999.0, 9999.0, 118.5, 122.5, 117.75, 101.5, 133.25
2023-04-06, 13:41:35, 130.75, 51.25, 19.0, 25.75, 9999.0, 1.25, 1.25, 19.5, 9999.0, 9999.0, 9999.0, 118.5, 122.5, 117.75, 101.5, 133.25
2023-04-06, 13:41:39, 130.75, 51.25, 19.0, 25.75, 9999.0, 1.25, 1.5, 19.75, 9999.0, 9999.0, 9999.0, 118.25, 122.5, 117.75, 101.25, 132.25
2023-04-06, 13:41:43, 130.5, 49.25, 17.5, 25.75, 9999.0, 1.25, 1.25, 19.5, 9999.0, 9999.0, 9999.0, 119.25, 122.5, 117.75, 101.5, 133.25
2023-04-06, 13:41:47, 130.75, 51.25, 18.75, 25.75, 9999.0, 1.25, 1.25, 19.75, 9999.0, 9999.0, 9999.0, 119.0, 122.5, 117.75, 101.5, 133.25
2023-04-06, 13:41:51, 130.75, 51.25, 18.75, 25.75, 9999.0, 1.25, 1.5, 19.75, 9999.0, 9999.0, 9999.0, 119.0, 122.25, 117.75, 101.5, 133.25
2023-04-06, 13:41:55, 130.5, 51.25, 18.75, 25.75, 9999.0, 1.25, 1.25, 19.75, 9999.0, 9999.0, 9999.0, 117.75, 122.0, 117.0, 100.25, 133.0
2023-04-06, 13:42:00, 130.75, 51.25, 18.75, 25.75, 9999.0, 1.25, 1.5, 19.75, 9999.0, 9999.0, 9999.0, 119.0, 122.25, 118.0, 101.5, 133.25
2023-04-06, 13:42:04, 130.5, 51.25, 18.75, 25.75, 9999.0, 1.25, 1.5, 19.5, 9999.0, 9999.0, 9999.0, 118.75, 122.25, 118.0, 101.5, 133.25
2023-04-06, 13:42:08, 130.75, 51.25, 18.75, 25.75, 9999.0, 1.25, 1.5, 19.75, 9999.0, 9999.0, 9999.0, 118.75, 122.0, 117.75, 101.5, 133.25
2023-04-06, 13:42:12, 130.75, 51.25, 19.0, 25.75, 9999.0, 1.0, 1.25, 19.5, 9999.0, 9999.0, 9999.0, 114.25, 122.25, 117.75, 101.5, 133.25
2023-04-06, 13:42:16, 130.75, 51.25, 19.0, 25.75, 9999.0, 1.0, 1.25, 19.5, 9999.0, 9999.0, 9999.0, 118.75, 122.5, 117.75, 101.5, 133.25
2023-04-06, 13:42:20, 130.75, 51.25, 18.75, 25.75, 9999.0, 1.0, 1.5, 19.75, 9999.0, 9999.0, 9999.0, 118.75, 122.5, 117.75, 101.5, 133.25
2023-04-06, 13:42:24, 130.75, 51.25, 18.75, 25.75, 9999.0, 1.0, 1.25, 19.5, 9999.0, 9999.0, 9999.0, 118.75, 122.5, 117.75, 101.5, 133.25
2023-04-06, 13:42:28, 130.75, 51.0, 18.75, 25.75, 9999.0, 0.25, 1.0, 18.0, 9999.0, 9999.0, 9999.0, 118.75, 122.5, 117.75, 101.5, 133.25
2023-04-06, 13:42:32, 130.75, 51.25, 18.75, 25.5, 9999.0, 1.0, 1.25, 19.5, 9999.0, 9999.0, 9999.0, 118.75, 122.5, 117.75, 101.5, 133.25
2023-04-06, 13:42:36, 130.75, 51.25, 19.0, 25.75, 9999.0, 1.0, 1.25, 19.5, 9999.0, 9999.0, 9999.0, 118.5, 122.5, 117.75, 101.5, 133.25
2023-04-06, 13:42:40, 130.75, 51.25, 19.0, 25.5, 9999.0, 1.0, 1.25, 19.5, 9999.0, 9999.0, 9999.0, 118.5, 122.5, 117.75, 101.5, 133.25
2023-04-06, 13:42:44, 130.5, 49.5, 18.5, 24.25, 9999.0, 0.75, 1.25, 19.5, 9999.0, 9999.0, 9999.0, 118.5, 122.5, 118.0, 101.5, 133.25
2023-04-06, 13:42:48, 130.75, 51.25, 18.75, 25.75, 9999.0, 1.25, 1.25, 19.75, 9999.0, 9999.0, 9999.0, 118.5, 122.5, 117.75, 101.5, 133.25
2023-04-06, 13:42:52, 130.5, 51.0, 19.0, 26.0, 9999.0, 1.25, 1.25, 19.5, 9999.0, 9999.0, 9999.0, 118.5, 122.5, 117.75, 101.5, 133.25
2023-04-06, 13:42:56, 130.75, 51.25, 18.75, 25.75, 9999.0, 1.25, 1.25, 19.5, 9999.0, 9999.0, 9999.0, 118.25, 122.5, 117.75, 100.75, 133.0
2023-04-06, 13:43:00, 129.5, 49.25, 19.0, 26.0, 9999.0, 1.25, 1.5, 19.75, 9999.0, 9999.0, 9999.0, 118.25, 122.5, 117.75, 101.5, 133.25
2023-04-06, 13:43:04, 130.75, 51.25, 18.75, 26.0, 9999.0, 1.25, 1.25, 19.5, 9999.0, 9999.0, 9999.0, 119.0, 122.25, 117.75, 101.5, 133.25
2023-04-06, 13:43:08, 130.75, 51.25, 19.0, 25.75, 9999.0, 1.25, 1.5, 19.5, 9999.0, 9999.0, 9999.0, 119.0, 122.25, 117.75, 101.25, 133.0
2023-04-06, 13:43:12, 130.5, 51.0, 18.75, 26.0, 9999.0, 1.25, 1.25, 19.5, 9999.0, 9999.0, 9999.0, 118.0, 121.5, 116.5, 100.75, 133.25
2023-04-06, 13:43:16, 130.5, 51.25, 18.75, 25.75, 9999.0, 1.25, 1.5, 19.75, 9999.0, 9999.0, 9999.0, 118.75, 122.25, 117.75, 101.5, 133.25
2023-04-06, 13:43:20, 130.75, 51.25, 18.75, 26.0, 9999.0, 1.25, 1.5, 19.5, 9999.0, 9999.0, 9999.0, 118.75, 122.25, 117.75, 101.25, 133.25
2023-04-06, 13:43:24, 130.75, 51.25, 19.0, 26.0, 9999.0, 1.25, 1.5, 19.75, 9999.0, 9999.0, 9999.0, 118.75, 122.25, 117.75, 101.5, 133.25
2023-04-06, 13:43:28, 130.75, 51.25, 19.0, 25.75, 9999.0, 1.0, 1.25, 18.75, 9999.0, 9999.0, 9999.0, 118.75, 122.25, 117.75, 101.5, 133.25
2023-04-06, 13:43:32, 130.5, 51.25, 19.0, 25.75, 9999.0, 1.25, 1.5, 19.5, 9999.0, 9999.0, 9999.0, 118.75, 122.5, 117.75, 101.5, 133.25
2023-04-06, 13:43:36, 130.75, 51.0, 18.75, 25.75, 9999.0, 1.0, 1.25, 19.75, 9999.0, 9999.0, 9999.0, 118.75, 122.5, 117.75, 101.5, 133.25
2023-04-06, 13:43:40, 130.5, 51.25, 18.75, 25.75, 9999.0, 1.0, 1.25, 19.5, 9999.0, 9999.0, 9999.0, 118.75, 122.5, 117.75, 101.5, 133.25
2023-04-06, 13:43:44, 130.75, 51.25, 19.0, 25.75, 9999.0, 0.75, -0.25, 17.75, 9999.0, 9999.0, 9999.0, 118.75, 122.5, 117.75, 101.25, 133.25
2023-04-06, 13:43:48, 130.75, 51.25, 19.0, 25.75, 9999.0, 1.0, 1.25, 19.5, 9999.0, 9999.0, 9999.0, 118.75, 122.5, 117.75, 101.5, 133.25
2023-04-06, 13:43:52, 130.75, 51.25, 18.75, 25.75, 9999.0, 1.0, 1.25, 19.5, 9999.0, 9999.0, 9999.0, 118.75, 122.5, 117.75, 101.25, 133.25
2023-04-06, 13:43:56, 130.75, 51.25, 18.75, 25.75, 9999.0, 0.75, 1.25, 19.5, 9999.0, 9999.0, 9999.0, 118.5, 122.5, 117.75, 101.25, 133.25
2023-04-06, 13:44:00, 129.0, 50.5, 18.25, 23.25, 9999.0, 1.0, 1.25, 19.5, 9999.0, 9999.0, 9999.0, 118.5, 122.5, 117.75, 101.5, 133.25
2023-04-06, 13:44:04, 130.75, 51.25, 18.75, 25.75, 9999.0, 1.0, 1.25, 19.5, 9999.0, 9999.0, 9999.0, 118.5, 122.5, 118.0, 101.5, 133.25
2023-04-06, 13:44:08, 130.5, 51.25, 18.75, 25.75, 9999.0, 1.25, 1.25, 19.5, 9999.0, 9999.0, 9999.0, 118.5, 122.5, 118.0, 101.5, 133.25
2023-04-06, 13:44:12, 130.5, 51.25, 18.75, 25.75, 9999.0, 1.0, 1.25, 19.5, 9999.0, 9999.0, 9999.0, 118.25, 122.5, 116.75, 101.25, 131.75
2023-04-06, 13:44:16, 128.75, 51.0, 18.75, 25.75, 9999.0, 1.25, 1.5, 19.5, 9999.0, 9999.0, 9999.0, 118.25, 122.5, 118.0, 101.25, 133.25
2023-04-06, 13:44:20, 130.75, 51.25, 18.75, 25.75, 9999.0, 1.25, 1.25, 19.75, 9999.0, 9999.0, 9999.0, 118.25, 122.5, 118.0, 101.5, 133.25
2023-04-06, 13:44:24, 130.5, 51.25, 18.75, 25.75, 9999.0, 1.25, 1.25, 19.5, 9999.0, 9999.0, 9999.0, 119.0, 122.5, 117.75, 101.25, 133.25
2023-04-06, 13:44:28, 130.75, 51.25, 18.75, 25.75, 9999.0, 1.25, 1.25, 19.5, 9999.0, 9999.0, 9999.0, 118.75, 120.75, 116.75, 101.25, 133.25
2023-04-06, 13:44:32, 130.75, 51.25, 18.75, 25.75, 9999.0, 1.25, 1.25, 19.5, 9999.0, 9999.0, 9999.0, 119.0, 122.5, 118.0, 101.5, 133.25
2023-04-06, 13:44:36, 130.75, 51.25, 18.75, 25.75, 9999.0, 1.25, 1.5, 19.5, 9999.0, 9999.0, 9999.0, 119.0, 122.5, 117.75, 101.5, 133.25
2023-04-06, 13:44:40, 130.5, 51.25, 18.75, 25.75, 9999.0, 1.25, 1.25, 19.5, 9999.0, 9999.0, 9999.0, 118.75, 122.25, 117.75, 101.25, 133.25
2023-04-06, 13:44:44, 130.5, 51.0, 18.75, 25.75, 9999.0, 1.25, 0.0, 19.25, 9999.0, 9999.0, 9999.0, 118.75, 122.25, 118.0, 101.5, 133.25
2023-04-06, 13:44:48, 130.5, 51.25, 19.0, 26.0, 9999.0, 1.0, 1.25, 19.5, 9999.0, 9999.0, 9999.0, 118.75, 122.25, 118.0, 101.25, 133.25
2023-04-06, 13:44:52, 130.5, 51.0, 19.0, 25.75, 9999.0, 1.0, 1.25, 19.5, 9999.0, 9999.0, 9999.0, 118.75, 122.5, 118.0, 101.5, 133.25
2023-04-06, 13:44:56, 130.5, 51.0, 18.75, 25.75, 9999.0, 1.0, 1.25, 19.5, 9999.0, 9999.0, 9999.0, 118.75, 122.5, 117.75, 101.5, 133.25
2023-04-06, 13:45:00, 130.5, 51.25, 18.75, 24.75, 9999.0, -0.25, -2.0, 19.5, 9999.0, 9999.0, 9999.0, 118.75, 122.5, 118.0, 101.25, 133.25
2023-04-06, 13:45:04, 130.5, 51.25, 18.75, 25.75, 9999.0, 0.75, 1.25, 19.5, 9999.0, 9999.0, 9999.0, 118.75, 122.5, 118.0, 101.25, 133.25
2023-04-06, 13:45:08, 130.75, 51.0, 18.75, 25.75, 9999.0, 1.0, 1.25, 19.5, 9999.0, 9999.0, 9999.0, 118.75, 122.5, 118.0, 101.5, 133.25
2023-04-06, 13:45:12, 130.5, 51.0, 19.0, 25.75, 9999.0, 1.0, 1.25, 19.5, 9999.0, 9999.0, 9999.0, 118.5, 122.5, 118.0, 101.25, 133.0
2023-04-06, 13:45:16, 130.0, 50.75, 17.0, 24.75, 9999.0, 1.0, 1.25, 19.5, 9999.0, 9999.0, 9999.0, 118.5, 122.5, 118.0, 101.5, 133.25
2023-04-06, 13:45:20, 130.5, 51.25, 18.75, 25.5, 9999.0, 1.0, 1.25, 19.5, 9999.0, 9999.0, 9999.0, 118.5, 122.5, 118.0, 101.5, 133.25
2023-04-06, 13:45:24, 130.75, 51.0, 18.75, 25.75, 9999.0, 1.0, 1.25, 19.5, 9999.0, 9999.0, 9999.0, 118.5, 122.5, 118.0, 101.25, 133.25
2023-04-06, 13:45:28, 130.5, 51.0, 18.75, 25.75, 9999.0, 1.25, 1.25, 19.5, 9999.0, 9999.0, 9999.0, 118.5, 120.75, 117.5, 100.25, 129.75
2023-04-06, 13:45:32, 130.5, 51.25, 19.0, 25.75, 9999.0, 1.25, 1.25, 19.5, 9999.0, 9999.0, 9999.0, 118.5, 122.25, 117.75, 101.5, 133.25
2023-04-06, 13:45:36, 130.5, 51.0, 19.0, 25.75, 9999.0, 1.25, 1.25, 19.5, 9999.0, 9999.0, 9999.0, 118.25, 122.5, 118.0, 101.5, 133.25
2023-04-06, 13:45:40, 130.5, 51.0, 18.75, 25.75, 9999.0, 1.25, 1.25, 19.5, 9999.0, 9999.0, 9999.0, 118.25, 122.5, 117.75, 101.5, 133.25
2023-04-06, 13:45:44, 130.75, 51.0, 19.0, 25.75, 9999.0, 1.25, 1.25, 19.5, 9999.0, 9999.0, 9999.0, 118.0, 120.75, 117.75, 101.5, 133.25
2023-04-06, 13:45:48, 130.75, 51.0, 18.75, 25.75, 9999.0, 1.25, 1.25, 19.5, 9999.0, 9999.0, 9999.0, 119.0, 122.25, 118.0, 101.5, 133.25
2023-04-06, 13:45:52, 130.5, 51.0, 19.0, 25.75, 9999.0, 1.25, 1.25, 19.5, 9999.0, 9999.0, 9999.0, 119.0, 122.5, 117.75, 101.5, 133.25
2023-04-06, 13:45:56, 130.5, 51.0, 18.75, 25.75, 9999.0, 1.25, 1.5, 19.5, 9999.0, 9999.0, 9999.0, 118.75, 122.25, 117.75, 101.5, 133.25
2023-04-06, 13:46:00, 130.75, 51.0, 19.0, 25.75, 9999.0, 0.0, 0.5, 18.75, 9999.0, 9999.0, 9999.0, 118.75, 122.25, 117.75, 101.5, 133.25
2023-04-06, 13:46:04, 130.5, 51.0, 18.75, 25.75, 9999.0, 1.25, 1.25, 19.5, 9999.0, 9999.0, 9999.0, 118.75, 122.5, 117.75, 101.5, 133.25
2023-04-06, 13:46:08, 130.75, 51.0, 18.75, 25.75, 9999.0, 1.0, 1.25, 19.5, 9999.0, 9999.0, 9999.0, 118.75, 122.25, 117.75, 101.25, 133.25
2023-04-06, 13:46:12, 130.5, 51.25, 18.75, 26.0, 9999.0, 1.0, 1.25, 19.5, 9999.0, 9999.0, 9999.0, 118.75, 122.5, 117.75, 101.25, 133.0
2023-04-06, 13:46:16, 130.5, 51.0, 18.0, 25.75, 9999.0, -3.0, 1.25, 19.5, 9999.0, 9999.0, 9999.0, 118.75, 122.5, 117.75, 101.25, 133.25
2023-04-06, 13:46:20, 130.5, 51.0, 18.75, 26.0, 9999.0, 1.0, 1.25, 19.5, 9999.0, 9999.0, 9999.0, 118.75, 122.5, 118.0, 101.5, 133.25
2023-04-06, 13:46:25, 130.75, 51.25, 18.75, 26.0, 9999.0, 1.0, 1.25, 19.75, 9999.0, 9999.0, 9999.0, 118.75, 122.5, 118.0, 101.5, 133.25
2023-04-06, 13:46:29, 130.5, 51.0, 19.0, 25.75, 9999.0, 1.0, 1.25, 19.5, 9999.0, 9999.0, 9999.0, 118.75, 122.5, 117.75, 101.25, 132.25
2023-04-06, 13:46:33, 130.25, 49.25, 18.0, 25.75, 9999.0, 1.0, 1.25, 19.5, 9999.0, 9999.0, 9999.0, 118.5, 122.5, 117.75, 101.5, 133.25
2023-04-06, 13:46:37, 130.75, 51.0, 18.75, 26.0, 9999.0, 1.0, 1.25, 19.5, 9999.0, 9999.0, 9999.0, 118.5, 122.5, 117.75, 101.5, 133.25
2023-04-06, 13:46:41, 130.5, 51.0, 18.75, 25.75, 9999.0, 1.0, 1.25, 19.5, 9999.0, 9999.0, 9999.0, 118.5, 122.5, 117.75, 101.5, 133.25
2023-04-06, 13:46:45, 130.5, 51.0, 18.75, 25.75, 9999.0, 1.25, 1.25, 19.5, 9999.0, 9999.0, 9999.0, 116.75, 122.0, 117.25, 99.25, 132.75
2023-04-06, 13:46:49, 130.5, 51.0, 19.0, 25.75, 9999.0, 1.25, 1.25, 19.5, 9999.0, 9999.0, 9999.0, 118.5, 122.5, 118.0, 101.5, 133.25
2023-04-06, 13:46:53, 130.5, 51.0, 19.0, 25.75, 9999.0, 1.0, 1.25, 19.5, 9999.0, 9999.0, 9999.0, 118.5, 122.5, 117.75, 101.5, 133.25
2023-04-06, 13:46:57, 130.5, 51.25, 19.0, 26.0, 9999.0, 1.25, 1.25, 19.5, 9999.0, 9999.0, 9999.0, 118.25, 122.5, 117.75, 101.5, 133.25
2023-04-06, 13:47:01, 130.75, 51.0, 18.75, 26.0, 9999.0, 1.25, 1.25, 19.5, 9999.0, 9999.0, 9999.0, 116.25, 122.5, 118.0, 101.5, 133.25
2023-04-06, 13:47:05, 130.5, 51.0, 19.0, 26.0, 9999.0, 1.25, 1.25, 19.5, 9999.0, 9999.0, 9999.0, 119.0, 122.5, 118.0, 101.5, 133.25
2023-04-06, 13:47:09, 130.5, 51.0, 19.0, 26.0, 9999.0, 1.25, 1.25, 19.5, 9999.0, 9999.0, 9999.0, 119.0, 122.5, 118.0, 101.5, 133.25
2023-04-06, 13:47:13, 130.5, 51.25, 19.0, 25.75, 9999.0, 1.25, 1.25, 19.5, 9999.0, 9999.0, 9999.0, 118.75, 122.5, 117.75, 101.5, 133.25
2023-04-06, 13:47:17, 130.5, 51.0, 18.75, 25.75, 9999.0, 0.25, 1.0, 18.25, 9999.0, 9999.0, 9999.0, 119.0, 122.25, 117.75, 101.5, 133.25
2023-04-06, 13:47:21, 130.5, 51.25, 19.0, 25.75, 9999.0, 1.0, 1.25, 19.5, 9999.0, 9999.0, 9999.0, 118.75, 122.5, 117.75, 101.5, 133.25
2023-04-06, 13:47:25, 130.75, 51.0, 19.0, 25.75, 9999.0, 1.25, 1.25, 19.5, 9999.0, 9999.0, 9999.0, 118.75, 122.5, 118.0, 101.5, 133.25
2023-04-06, 13:47:29, 130.5, 51.0, 19.0, 25.75, 9999.0, 1.0, 1.25, 19.5, 9999.0, 9999.0, 9999.0, 118.75, 122.25, 117.75, 101.5, 133.25
2023-04-06, 13:47:33, 130.5, 49.5, 18.75, 24.5, 9999.0, 1.0, 1.25, 19.5, 9999.0, 9999.0, 9999.0, 118.75, 122.5, 118.0, 101.5, 133.25
2023-04-06, 13:47:37, 130.75, 51.0, 19.0, 25.75, 9999.0, 1.0, 1.25, 19.5, 9999.0, 9999.0, 9999.0, 118.75, 122.5, 118.0, 101.5, 133.25
2023-04-06, 13:47:41, 130.75, 51.0, 18.75, 25.75, 9999.0, 1.0, 1.25, 19.5, 9999.0, 9999.0, 9999.0, 118.75, 122.5, 118.0, 101.5, 133.25
2023-04-06, 13:47:45, 130.5, 51.0, 18.75, 25.75, 9999.0, 1.0, 1.25, 19.5, 9999.0, 9999.0, 9999.0, 118.75, 122.5, 117.75, 100.75, 133.0
2023-04-06, 13:47:49, 129.0, 48.0, 18.75, 25.75, 9999.0, 1.0, 1.25, 19.5, 9999.0, 9999.0, 9999.0, 118.5, 122.5, 117.75, 101.5, 133.25
2023-04-06, 13:47:53, 130.5, 51.0, 18.75, 26.0, 9999.0, 1.0, 1.25, 19.5, 9999.0, 9999.0, 9999.0, 118.5, 122.5, 117.75, 101.5, 133.25
2023-04-06, 13:47:57, 130.5, 51.25, 19.0, 26.0, 9999.0, 1.0, 1.25, 19.5, 9999.0, 9999.0, 9999.0, 118.5, 122.5, 117.75, 101.5, 133.0
2023-04-06, 13:48:01, 130.5, 51.0, 19.0, 25.75, 9999.0, 1.0, 1.25, 19.5, 9999.0, 9999.0, 9999.0, 117.75, 122.0, 116.25, 101.0, 133.25
2023-04-06, 13:48:05, 130.5, 51.25, 18.75, 25.75, 9999.0, 1.25, 1.25, 19.5, 9999.0, 9999.0, 9999.0, 118.5, 122.5, 118.0, 101.5, 133.25
2023-04-06, 13:48:09, 130.75, 51.0, 18.75, 25.75, 9999.0, 1.0, 1.25, 19.5, 9999.0, 9999.0, 9999.0, 118.5, 122.5, 118.0, 101.5, 133.25
2023-04-06, 13:48:13, 130.5, 51.25, 18.75, 26.0, 9999.0, 1.25, 1.25, 19.5, 9999.0, 9999.0, 9999.0, 118.25, 122.5, 117.75, 101.5, 133.25
2023-04-06, 13:48:17, 130.5, 51.0, 18.75, 25.75, 9999.0, 1.25, 1.25, 18.5, 9999.0, 9999.0, 9999.0, 118.25, 122.5, 118.0, 101.5, 133.25
2023-04-06, 13:48:21, 130.5, 51.0, 18.75, 26.0, 9999.0, 1.25, 1.25, 19.5, 9999.0, 9999.0, 9999.0, 119.0, 122.5, 118.0, 101.5, 133.25
2023-04-06, 13:48:25, 130.5, 51.0, 18.75, 26.0, 9999.0, 1.25, 1.25, 19.5, 9999.0, 9999.0, 9999.0, 119.0, 122.5, 118.0, 101.5, 133.25
2023-04-06, 13:48:29, 130.5, 51.25, 18.75, 25.75, 9999.0, 1.25, 1.25, 19.5, 9999.0, 9999.0, 9999.0, 119.0, 122.5, 117.75, 101.5, 133.25
2023-04-06, 13:48:33, 130.5, 51.0, 18.75, 25.75, 9999.0, 1.0, -0.25, 18.5, 9999.0, 9999.0, 9999.0, 119.0, 122.5, 118.0, 101.5, 133.25
2023-04-06, 13:48:37, 130.5, 51.0, 19.0, 25.75, 9999.0, 1.25, 1.25, 19.5, 9999.0, 9999.0, 9999.0, 118.75, 122.5, 118.0, 101.5, 133.25
2023-04-06, 13:48:41, 130.5, 51.0, 19.0, 26.0, 9999.0, 1.0, 1.25, 19.5, 9999.0, 9999.0, 9999.0, 118.75, 122.5, 117.75, 101.5, 133.25
2023-04-06, 13:48:45, 130.5, 51.0, 19.0, 25.75, 9999.0, 1.0, 1.25, 19.5, 9999.0, 9999.0, 9999.0, 118.75, 122.5, 118.0, 101.5, 133.25
2023-04-06, 13:48:49, 129.25, 50.25, 17.75, 24.0, 9999.0, 1.0, 1.25, 19.5, 9999.0, 9999.0, 9999.0, 118.75, 122.5, 118.0, 101.5, 133.25
2023-04-06, 13:48:53, 130.75, 51.0, 19.0, 25.75, 9999.0, 1.0, 1.25, 19.5, 9999.0, 9999.0, 9999.0, 118.75, 122.75, 118.0, 101.5, 133.5
2023-04-06, 13:48:57, 130.5, 51.0, 19.0, 25.75, 9999.0, 1.0, 1.25, 19.5, 9999.0, 9999.0, 9999.0, 118.75, 122.75, 118.0, 101.5, 133.25
2023-04-06, 13:49:01, 130.5, 51.0, 18.75, 25.75, 9999.0, 1.0, 1.25, 19.5, 9999.0, 9999.0, 9999.0, 118.75, 122.75, 117.0, 101.25, 131.75
2023-04-06, 13:49:05, 127.0, 51.0, 18.75, 26.0, 9999.0, 1.0, 1.25, 19.5, 9999.0, 9999.0, 9999.0, 118.75, 122.5, 118.0, 101.5, 133.25
2023-04-06, 13:49:09, 130.75, 51.0, 19.0, 25.75, 9999.0, 1.0, 1.25, 19.5, 9999.0, 9999.0, 9999.0, 118.75, 122.5, 117.75, 101.5, 133.25
2023-04-06, 13:49:13, 130.5, 51.0, 19.0, 25.75, 9999.0, 1.0, 1.25, 19.5, 9999.0, 9999.0, 9999.0, 118.5, 122.5, 118.0, 101.25, 133.25
2023-04-06, 13:49:17, 130.5, 51.0, 19.0, 25.75, 9999.0, 1.0, 1.25, 19.5, 9999.0, 9999.0, 9999.0, 118.0, 120.75, 117.25, 101.5, 133.25
2023-04-06, 13:49:21, 130.5, 51.0, 19.0, 25.75, 9999.0, 1.0, 1.25, 19.5, 9999.0, 9999.0, 9999.0, 118.5, 122.5, 118.0, 101.5, 133.25
2023-04-06, 13:49:25, 130.5, 51.0, 19.0, 26.0, 9999.0, 1.0, 1.25, 19.5, 9999.0, 9999.0, 9999.0, 118.5, 122.5, 118.0, 101.5, 133.25
2023-04-06, 13:49:29, 130.5, 51.0, 19.0, 25.75, 9999.0, 1.0, 1.25, 19.5, 9999.0, 9999.0, 9999.0, 118.25, 122.5, 117.75, 101.5, 133.25
2023-04-06, 13:49:33, 130.5, 51.0, 18.75, 25.75, 9999.0, 1.25, -0.25, 19.25, 9999.0, 9999.0, 9999.0, 118.25, 122.5, 118.0, 101.5, 133.25
2023-04-06, 13:49:37, 130.5, 51.0, 18.75, 25.75, 9999.0, 1.25, 1.25, 19.5, 9999.0, 9999.0, 9999.0, 118.25, 122.5, 118.0, 101.5, 133.25
2023-04-06, 13:49:41, 130.5, 51.0, 18.75, 26.0, 9999.0, 1.25, 1.25, 19.5, 9999.0, 9999.0, 9999.0, 119.0, 122.5, 118.0, 101.5, 133.25
2023-04-06, 13:49:45, 130.5, 51.0, 18.75, 26.0, 9999.0, 1.25, 1.25, 19.5, 9999.0, 9999.0, 9999.0, 119.0, 122.5, 118.0, 101.5, 133.25
2023-04-06, 13:49:49, 130.5, 51.0, 18.75, 24.75, 9999.0, 0.0, -0.25, 19.5, 9999.0, 9999.0, 9999.0, 119.0, 122.5, 118.0, 101.5, 133.25
2023-04-06, 13:49:53, 130.5, 51.0, 19.0, 25.75, 9999.0, 1.25, 1.25, 19.5, 9999.0, 9999.0, 9999.0, 119.0, 122.5, 118.0, 101.5, 133.25
2023-04-06, 13:49:57, 130.5, 51.0, 19.0, 25.75, 9999.0, 1.25, 1.25, 19.5, 9999.0, 9999.0, 9999.0, 118.75, 122.5, 118.0, 101.5, 133.25
2023-04-06, 13:50:01, 130.75, 51.0, 18.75, 25.75, 9999.0, 1.0, 1.25, 19.5, 9999.0, 9999.0, 9999.0, 118.75, 122.5, 118.0, 101.5, 131.75
2023-04-06, 13:50:05, 129.75, 50.5, 17.25, 25.0, 9999.0, 1.0, 1.25, 19.5, 9999.0, 9999.0, 9999.0, 118.75, 122.5, 118.0, 101.5, 133.25
2023-04-06, 13:50:09, 130.5, 51.0, 19.0, 26.0, 9999.0, 1.25, 1.25, 19.5, 9999.0, 9999.0, 9999.0, 118.75, 122.5, 118.0, 101.5, 133.25
2023-04-06, 13:50:13, 130.5, 51.0, 18.75, 26.0, 9999.0, 1.0, 1.25, 19.5, 9999.0, 9999.0, 9999.0, 118.75, 122.75, 118.0, 101.5, 133.25
2023-04-06, 13:50:17, 130.5, 51.0, 18.75, 26.0, 9999.0, 1.0, 1.25, 19.5, 9999.0, 9999.0, 9999.0, 118.75, 120.75, 117.75, 100.25, 130.5
2023-04-06, 13:50:21, 130.5, 51.0, 18.75, 26.0, 9999.0, 1.0, 1.25, 19.5, 9999.0, 9999.0, 9999.0, 118.75, 122.5, 117.75, 101.5, 133.25
2023-04-06, 13:50:25, 130.5, 51.0, 18.75, 25.75, 9999.0, 1.0, 1.25, 19.5, 9999.0, 9999.0, 9999.0, 118.75, 122.5, 118.0, 101.5, 133.25
2023-04-06, 13:50:29, 130.5, 51.0, 18.75, 25.75, 9999.0, 1.0, 1.25, 19.5, 9999.0, 9999.0, 9999.0, 118.5, 122.5, 117.75, 101.5, 133.0
2023-04-06, 13:50:33, 130.5, 51.0, 18.75, 26.0, 9999.0, 1.0, 1.25, 19.5, 9999.0, 9999.0, 9999.0, 116.75, 120.25, 117.75, 101.5, 133.0
2023-04-06, 13:50:37, 130.5, 51.0, 18.75, 25.75, 9999.0, 1.0, 1.25, 19.5, 9999.0, 9999.0, 9999.0, 118.5, 122.5, 117.75, 101.5, 133.25
2023-04-06, 13:50:41, 130.75, 51.0, 18.75, 25.75, 9999.0, 1.0, 1.25, 19.5, 9999.0, 9999.0, 9999.0, 118.5, 122.5, 118.0, 101.5, 133.25
2023-04-06, 13:50:45, 130.5, 51.25, 19.0, 25.75, 9999.0, 1.25, 1.25, 19.5, 9999.0, 9999.0, 9999.0, 118.5, 122.5, 118.0, 101.25, 133.25
2023-04-06, 13:50:49, 130.5, 51.0, 18.75, 26.0, 9999.0, 0.5, 0.75, 19.0, 9999.0, 9999.0, 9999.0, 118.25, 122.25, 118.0, 101.5, 133.25
2023-04-06, 13:50:54, 130.5, 51.0, 19.0, 25.75, 9999.0, 1.25, 1.25, 19.5, 9999.0, 9999.0, 9999.0, 118.5, 122.5, 118.0, 101.5, 133.25
2023-04-06, 13:50:58, 130.5, 51.0, 19.0, 25.75, 9999.0, 1.25, 1.25, 19.5, 9999.0, 9999.0, 9999.0, 118.25, 122.5, 118.0, 101.5, 133.25
2023-04-06, 13:51:02, 130.5, 51.0, 18.75, 25.5, 9999.0, 1.25, 1.25, 19.5, 9999.0, 9999.0, 9999.0, 119.0, 122.5, 118.0, 101.25, 133.25
2023-04-06, 13:51:06, 130.5, 51.0, 17.5, 25.25, 9999.0, -2.75, 1.25, 19.5, 9999.0, 9999.0, 9999.0, 119.0, 122.5, 117.75, 101.5, 133.25
2023-04-06, 13:51:10, 130.5, 51.0, 19.0, 25.75, 9999.0, 1.25, 1.25, 19.5, 9999.0, 9999.0, 9999.0, 119.0, 122.5, 117.75, 101.5, 133.25
2023-04-06, 13:51:14, 130.5, 51.0, 18.75, 25.75, 9999.0, 1.25, 1.25, 19.5, 9999.0, 9999.0, 9999.0, 118.75, 122.5, 118.0, 101.5, 133.25
2023-04-06, 13:51:18, 130.5, 51.0, 18.75, 25.75, 9999.0, 1.0, 1.25, 19.5, 9999.0, 9999.0, 9999.0, 118.75, 122.5, 117.75, 101.25, 132.25
2023-04-06, 13:51:22, 130.25, 49.5, 17.75, 25.75, 9999.0, 1.0, 1.5, 19.5, 9999.0, 9999.0, 9999.0, 118.75, 122.5, 118.0, 101.5, 133.25
2023-04-06, 13:51:26, 130.5, 51.0, 18.75, 25.75, 9999.0, 1.0, 1.25, 19.5, 9999.0, 9999.0, 9999.0, 118.75, 122.25, 117.75, 101.5, 133.25
2023-04-06, 13:51:30, 130.5, 51.0, 18.75, 25.75, 9999.0, 1.0, 1.25, 19.5, 9999.0, 9999.0, 9999.0, 118.75, 122.5, 118.0, 101.5, 133.25
2023-04-06, 13:51:34, 130.25, 51.0, 18.75, 25.25, 9999.0, 1.0, 1.25, 19.5, 9999.0, 9999.0, 9999.0, 117.0, 121.75, 116.75, 100.0, 133.0
2023-04-06, 13:51:38, 130.5, 51.0, 18.75, 25.5, 9999.0, 1.0, 1.25, 19.5, 9999.0, 9999.0, 9999.0, 118.75, 122.5, 117.75, 101.5, 133.25
2023-04-06, 13:51:42, 130.5, 51.0, 18.75, 25.5, 9999.0, 1.0, 1.25, 19.5, 9999.0, 9999.0, 9999.0, 118.75, 122.5, 118.0, 101.5, 133.25
2023-04-06, 13:51:46, 130.5, 51.0, 18.75, 25.75, 9999.0, 1.0, 1.25, 19.5, 9999.0, 9999.0, 9999.0, 118.75, 122.5, 117.75, 101.25, 133.25
2023-04-06, 13:51:50, 130.5, 51.0, 18.75, 25.75, 9999.0, 0.75, 1.25, 19.5, 9999.0, 9999.0, 9999.0, 116.0, 122.5, 118.0, 101.5, 133.25
2023-04-06, 13:51:54, 130.5, 51.0, 18.75, 25.75, 9999.0, 1.0, 1.25, 19.5, 9999.0, 9999.0, 9999.0, 118.5, 122.5, 118.0, 101.25, 133.25
2023-04-06, 13:51:58, 130.5, 51.0, 18.75, 25.75, 9999.0, 1.0, 1.25, 19.5, 9999.0, 9999.0, 9999.0, 118.5, 122.5, 118.0, 101.5, 133.25
2023-04-06, 13:52:02, 130.5, 51.0, 18.75, 25.75, 9999.0, 1.0, 1.25, 19.5, 9999.0, 9999.0, 9999.0, 118.5, 122.5, 118.0, 101.5, 133.25
2023-04-06, 13:52:06, 130.5, 51.0, 18.75, 25.75, 9999.0, 0.25, 0.75, 18.0, 9999.0, 9999.0, 9999.0, 118.25, 122.5, 118.0, 101.25, 133.25
2023-04-06, 13:52:10, 130.5, 51.0, 18.75, 26.0, 9999.0, 1.0, 1.25, 19.5, 9999.0, 9999.0, 9999.0, 118.25, 122.5, 118.0, 101.5, 133.25
2023-04-06, 13:52:14, 130.5, 51.0, 18.75, 25.75, 9999.0, 1.25, 1.25, 19.5, 9999.0, 9999.0, 9999.0, 118.25, 122.5, 118.0, 101.5, 133.25
2023-04-06, 13:52:18, 130.5, 51.0, 19.0, 25.75, 9999.0, 1.25, 1.25, 19.5, 9999.0, 9999.0, 9999.0, 118.25, 122.5, 118.0, 101.5, 133.25
2023-04-06, 13:52:22, 130.5, 49.75, 18.5, 24.5, 9999.0, 1.0, 1.25, 19.5, 9999.0, 9999.0, 9999.0, 119.0, 122.5, 117.75, 101.5, 133.25
2023-04-06, 13:52:26, 130.5, 51.0, 18.75, 25.75, 9999.0, 1.25, 1.25, 19.25, 9999.0, 9999.0, 9999.0, 119.0, 122.5, 118.0, 101.5, 133.25
2023-04-06, 13:52:30, 130.5, 51.0, 18.75, 25.75, 9999.0, 1.25, 1.25, 19.5, 9999.0, 9999.0, 9999.0, 119.0, 122.5, 118.0, 101.5, 133.25
2023-04-06, 13:52:34, 130.5, 51.0, 18.5, 25.5, 9999.0, 1.25, 1.25, 19.5, 9999.0, 9999.0, 9999.0, 118.75, 122.25, 117.75, 100.5, 132.75
2023-04-06, 13:52:38, 129.5, 49.5, 18.75, 25.75, 9999.0, 1.0, 1.25, 19.5, 9999.0, 9999.0, 9999.0, 118.75, 122.5, 118.0, 101.5, 133.25
2023-04-06, 13:52:42, 130.5, 51.0, 18.75, 25.75, 9999.0, 1.25, 1.25, 19.5, 9999.0, 9999.0, 9999.0, 118.75, 122.25, 117.75, 101.5, 133.25
2023-04-06, 13:52:46, 130.5, 51.0, 18.75, 25.75, 9999.0, 1.0, 1.25, 19.5, 9999.0, 9999.0, 9999.0, 118.75, 122.25, 118.0, 101.5, 133.0
2023-04-06, 13:52:50, 130.5, 51.0, 19.0, 25.75, 9999.0, 1.0, 1.25, 19.5, 9999.0, 9999.0, 9999.0, 118.0, 122.0, 116.5, 101.0, 133.25
2023-04-06, 13:52:54, 130.5, 51.0, 19.0, 25.75, 9999.0, 1.0, 1.25, 19.5, 9999.0, 9999.0, 9999.0, 118.75, 122.5, 118.0, 101.5, 133.25
2023-04-06, 13:52:58, 130.5, 51.0, 19.0, 25.75, 9999.0, 1.0, 1.25, 19.5, 9999.0, 9999.0, 9999.0, 118.75, 122.5, 117.75, 101.5, 133.25
2023-04-06, 13:53:02, 130.5, 51.0, 19.0, 25.75, 9999.0, 1.0, 1.25, 19.5, 9999.0, 9999.0, 9999.0, 118.75, 122.5, 118.0, 101.5, 133.0
2023-04-06, 13:53:06, 130.5, 51.0, 18.75, 25.5, 9999.0, 0.75, 1.25, 18.0, 9999.0, 9999.0, 9999.0, 118.5, 122.5, 118.0, 101.5, 133.25
2023-04-06, 13:53:10, 130.5, 51.0, 18.75, 25.75, 9999.0, 1.0, 1.25, 19.5, 9999.0, 9999.0, 9999.0, 118.75, 122.5, 117.75, 101.5, 133.25
2023-04-06, 13:53:14, 130.5, 51.0, 18.75, 25.75, 9999.0, 1.0, 1.25, 19.5, 9999.0, 9999.0, 9999.0, 118.5, 122.5, 118.0, 101.5, 133.25
2023-04-06, 13:53:18, 130.5, 51.0, 18.75, 25.75, 9999.0, 0.75, 1.25, 19.5, 9999.0, 9999.0, 9999.0, 118.5, 122.5, 118.0, 101.5, 133.25
2023-04-06, 13:53:22, 130.5, 51.0, 18.75, 25.5, 9999.0, 0.75, -0.5, 17.75, 9999.0, 9999.0, 9999.0, 118.5, 122.5, 118.0, 101.25, 133.25
2023-04-06, 13:53:26, 130.5, 51.0, 18.75, 25.75, 9999.0, 1.0, 1.25, 19.5, 9999.0, 9999.0, 9999.0, 118.5, 122.25, 118.0, 101.25, 133.25
2023-04-06, 13:53:30, 130.5, 51.0, 18.75, 25.75, 9999.0, 1.0, 1.25, 19.5, 9999.0, 9999.0, 9999.0, 118.5, 122.5, 118.0, 101.5, 133.25
2023-04-06, 13:53:34, 130.5, 51.0, 18.75, 25.75, 9999.0, 1.0, 1.25, 19.5, 9999.0, 9999.0, 9999.0, 118.25, 122.5, 118.0, 101.25, 133.25
2023-04-06, 13:53:38, 129.75, 50.5, 18.0, 23.0, 9999.0, 1.25, 1.25, 19.5, 9999.0, 9999.0, 9999.0, 118.25, 122.25, 118.0, 101.25, 133.25
2023-04-06, 13:53:42, 130.5, 51.0, 18.75, 25.75, 9999.0, 1.25, 1.25, 19.5, 9999.0, 9999.0, 9999.0, 119.0, 122.25, 118.0, 101.5, 133.25
2023-04-06, 13:53:46, 130.5, 51.0, 18.75, 25.75, 9999.0, 1.25, 1.25, 19.5, 9999.0, 9999.0, 9999.0, 119.0, 122.25, 118.0, 101.5, 133.25
2023-04-06, 13:53:50, 130.5, 50.75, 18.75, 25.75, 9999.0, 1.25, 1.25, 19.5, 9999.0, 9999.0, 9999.0, 118.75, 122.25, 116.75, 101.25, 131.75
2023-04-06, 13:53:54, 127.0, 51.0, 18.75, 25.75, 9999.0, 1.0, 1.25, 19.5, 9999.0, 9999.0, 9999.0, 119.0, 122.25, 118.0, 101.25, 133.25
2023-04-06, 13:53:58, 130.5, 51.0, 18.75, 25.5, 9999.0, 1.0, 1.25, 19.5, 9999.0, 9999.0, 9999.0, 118.75, 122.25, 117.75, 101.5, 133.25
2023-04-06, 13:54:02, 130.5, 51.0, 18.75, 25.75, 9999.0, 1.0, 1.25, 19.5, 9999.0, 9999.0, 9999.0, 118.75, 122.25, 117.75, 101.25, 133.0
2023-04-06, 13:54:06, 130.5, 51.0, 18.75, 25.5, 9999.0, 1.0, 1.25, 19.25, 9999.0, 9999.0, 9999.0, 118.25, 120.75, 117.0, 101.5, 133.25
2023-04-06, 13:54:10, 130.5, 51.0, 18.75, 25.5, 9999.0, 1.0, 1.0, 19.5, 9999.0, 9999.0, 9999.0, 118.75, 122.5, 118.0, 101.5, 133.25
2023-04-06, 13:54:14, 130.5, 51.0, 18.75, 25.75, 9999.0, 1.0, 1.25, 19.5, 9999.0, 9999.0, 9999.0, 118.75, 122.5, 118.0, 101.25, 133.25
2023-04-06, 13:54:18, 130.5, 51.0, 18.75, 25.5, 9999.0, 1.0, 1.25, 19.5, 9999.0, 9999.0, 9999.0, 118.5, 122.5, 118.0, 101.25, 133.25
2023-04-06, 13:54:22, 130.5, 51.0, 18.75, 25.5, 9999.0, 1.0, -0.5, 19.0, 9999.0, 9999.0, 9999.0, 118.75, 122.5, 118.0, 101.5, 133.25
2023-04-06, 13:54:26, 130.5, 51.0, 18.75, 25.5, 9999.0, 1.0, 1.25, 19.5, 9999.0, 9999.0, 9999.0, 118.75, 122.5, 118.0, 101.25, 133.25
2023-04-06, 13:54:30, 130.5, 51.0, 18.75, 25.5, 9999.0, 1.0, 1.25, 19.5, 9999.0, 9999.0, 9999.0, 118.5, 122.5, 118.0, 101.25, 133.25
2023-04-06, 13:54:34, 130.5, 51.0, 19.0, 25.5, 9999.0, 0.75, 1.25, 19.5, 9999.0, 9999.0, 9999.0, 118.5, 122.5, 118.0, 101.5, 133.25
2023-04-06, 13:54:38, 130.5, 51.0, 18.75, 24.75, 9999.0, -1.0, -1.25, 19.5, 9999.0, 9999.0, 9999.0, 118.5, 122.5, 117.75, 101.5, 133.25
2023-04-06, 13:54:42, 130.5, 51.0, 18.75, 25.5, 9999.0, 1.25, 1.25, 19.5, 9999.0, 9999.0, 9999.0, 118.5, 122.5, 118.0, 101.25, 133.25
2023-04-06, 13:54:46, 130.5, 51.0, 18.75, 25.5, 9999.0, 1.0, 1.25, 19.5, 9999.0, 9999.0, 9999.0, 118.25, 122.5, 118.0, 101.25, 133.25
2023-04-06, 13:54:50, 130.5, 51.0, 18.75, 25.75, 9999.0, 1.0, 1.25, 19.5, 9999.0, 9999.0, 9999.0, 118.25, 122.5, 118.0, 101.25, 132.5
2023-04-06, 13:54:54, 130.0, 50.5, 17.25, 25.0, 9999.0, 1.25, 1.25, 19.5, 9999.0, 9999.0, 9999.0, 118.25, 122.5, 118.0, 101.5, 133.25
2023-04-06, 13:54:58, 130.5, 51.0, 18.75, 25.5, 9999.0, 1.25, 1.25, 19.5, 9999.0, 9999.0, 9999.0, 118.25, 122.5, 118.0, 101.25, 133.25
2023-04-06, 13:55:02, 130.5, 51.0, 18.75, 25.5, 9999.0, 1.25, 1.25, 19.5, 9999.0, 9999.0, 9999.0, 119.0, 122.5, 117.75, 101.25, 133.25
2023-04-06, 13:55:06, 130.5, 50.75, 18.75, 25.5, 9999.0, 1.25, 1.25, 19.5, 9999.0, 9999.0, 9999.0, 119.0, 121.0, 117.5, 100.25, 129.75
2023-04-06, 13:55:10, 130.25, 51.0, 18.75, 25.5, 9999.0, 1.0, 1.25, 19.5, 9999.0, 9999.0, 9999.0, 118.75, 122.25, 118.0, 101.5, 133.25
2023-04-06, 13:55:14, 130.5, 51.0, 18.75, 25.75, 9999.0, 1.0, 1.25, 19.5, 9999.0, 9999.0, 9999.0, 118.75, 122.25, 117.75, 101.25, 133.0
2023-04-06, 13:55:18, 130.5, 51.0, 18.75, 25.75, 9999.0, 1.0, 1.25, 19.5, 9999.0, 9999.0, 9999.0, 118.75, 122.25, 117.75, 101.25, 133.25
2023-04-06, 13:55:23, 130.5, 51.0, 18.75, 25.75, 9999.0, 1.0, 1.25, 19.5, 9999.0, 9999.0, 9999.0, 117.5, 121.0, 117.75, 101.5, 133.25
2023-04-06, 13:55:27, 130.5, 51.0, 18.75, 25.75, 9999.0, 1.0, 1.25, 19.5, 9999.0, 9999.0, 9999.0, 118.75, 122.25, 117.75, 101.25, 133.25
2023-04-06, 13:55:31, 130.5, 51.0, 18.75, 25.75, 9999.0, 1.0, 1.25, 19.5, 9999.0, 9999.0, 9999.0, 118.75, 122.5, 118.0, 101.5, 133.25
2023-04-06, 13:55:35, 130.5, 51.0, 18.75, 25.75, 9999.0, 1.0, 1.25, 19.5, 9999.0, 9999.0, 9999.0, 118.5, 122.5, 118.0, 101.5, 133.25
2023-04-06, 13:55:39, 130.5, 51.0, 18.75, 25.75, 9999.0, -0.5, 0.5, 18.5, 9999.0, 9999.0, 9999.0, 118.75, 122.5, 118.0, 101.5, 133.25
2023-04-06, 13:55:43, 130.5, 51.0, 18.75, 25.75, 9999.0, 1.0, 1.25, 19.5, 9999.0, 9999.0, 9999.0, 118.75, 122.5, 118.0, 101.5, 133.25
2023-04-06, 13:55:47, 130.5, 51.25, 18.75, 25.75, 9999.0, 1.0, 1.25, 19.5, 9999.0, 9999.0, 9999.0, 118.5, 122.5, 118.0, 101.5, 133.25
2023-04-06, 13:55:51, 130.5, 51.0, 18.75, 25.5, 9999.0, 1.0, 1.25, 19.5, 9999.0, 9999.0, 9999.0, 118.5, 122.5, 117.75, 101.5, 133.25
2023-04-06, 13:55:55, 130.5, 51.0, 17.25, 25.25, 9999.0, -2.0, 1.25, 19.5, 9999.0, 9999.0, 9999.0, 118.5, 122.5, 118.0, 101.5, 133.25
2023-04-06, 13:55:59, 130.5, 51.0, 18.75, 25.75, 9999.0, 1.0, 1.25, 19.5, 9999.0, 9999.0, 9999.0, 118.5, 122.5, 118.0, 101.5, 133.25
2023-04-06, 13:56:03, 130.5, 51.0, 18.75, 25.75, 9999.0, 1.0, 1.25, 19.5, 9999.0, 9999.0, 9999.0, 118.5, 122.5, 118.0, 101.5, 133.25
2023-04-06, 13:56:07, 130.5, 51.25, 18.75, 25.75, 9999.0, 1.0, 1.25, 19.5, 9999.0, 9999.0, 9999.0, 118.5, 122.5, 118.0, 101.25, 132.5
2023-04-06, 13:56:11, 130.0, 49.25, 17.0, 25.75, 9999.0, 1.25, 1.25, 19.5, 9999.0, 9999.0, 9999.0, 118.25, 122.5, 118.0, 101.5, 133.25
2023-04-06, 13:56:15, 130.5, 51.0, 18.75, 26.0, 9999.0, 1.25, 1.25, 19.5, 9999.0, 9999.0, 9999.0, 118.25, 122.5, 118.0, 101.5, 133.25
2023-04-06, 13:56:19, 130.5, 51.0, 18.75, 25.75, 9999.0, 1.25, 1.25, 19.5, 9999.0, 9999.0, 9999.0, 119.0, 122.25, 118.0, 101.5, 133.25
2023-04-06, 13:56:23, 130.5, 51.0, 18.75, 25.5, 9999.0, 1.25, 1.25, 19.5, 9999.0, 9999.0, 9999.0, 118.25, 122.0, 117.25, 99.5, 133.0
2023-04-06, 13:56:27, 130.5, 51.0, 19.0, 25.25, 9999.0, 1.25, 1.25, 19.5, 9999.0, 9999.0, 9999.0, 119.0, 122.5, 117.75, 101.5, 133.25
2023-04-06, 13:56:31, 130.75, 51.0, 19.0, 25.5, 9999.0, 1.25, 1.25, 19.5, 9999.0, 9999.0, 9999.0, 119.0, 122.5, 117.75, 101.5, 133.25
2023-04-06, 13:56:35, 130.5, 51.0, 19.0, 25.75, 9999.0, 1.0, 1.25, 19.5, 9999.0, 9999.0, 9999.0, 119.0, 122.25, 118.0, 101.5, 133.25
2023-04-06, 13:56:39, 130.5, 51.0, 19.0, 25.75, 9999.0, 1.0, 1.25, 19.5, 9999.0, 9999.0, 9999.0, 115.75, 122.25, 118.0, 101.5, 133.25
2023-04-06, 13:56:43, 130.75, 51.25, 19.0, 25.75, 9999.0, 1.25, 1.5, 19.5, 9999.0, 9999.0, 9999.0, 118.75, 122.25, 118.0, 101.5, 133.25
2023-04-06, 13:56:47, 130.5, 51.25, 19.0, 26.0, 9999.0, 1.0, 1.25, 19.5, 9999.0, 9999.0, 9999.0, 118.75, 122.25, 118.0, 101.5, 133.25
2023-04-06, 13:56:51, 130.5, 51.25, 19.0, 25.75, 9999.0, 1.0, 1.25, 19.5, 9999.0, 9999.0, 9999.0, 118.75, 122.5, 118.0, 101.5, 133.25
2023-04-06, 13:56:55, 130.5, 51.25, 19.0, 26.0, 9999.0, 0.25, 1.0, 18.25, 9999.0, 9999.0, 9999.0, 118.75, 122.5, 118.0, 101.5, 133.25
2023-04-06, 13:56:59, 130.5, 51.25, 19.0, 26.0, 9999.0, 1.0, 1.25, 19.5, 9999.0, 9999.0, 9999.0, 118.75, 122.5, 118.0, 101.5, 133.25
2023-04-06, 13:57:03, 130.5, 51.25, 19.0, 26.0, 9999.0, 1.0, 1.25, 19.5, 9999.0, 9999.0, 9999.0, 118.75, 122.5, 118.0, 101.5, 133.25
2023-04-06, 13:57:07, 130.5, 51.25, 18.75, 26.0, 9999.0, 1.0, 1.25, 19.5, 9999.0, 9999.0, 9999.0, 118.75, 122.5, 117.75, 101.5, 133.25
2023-04-06, 13:57:11, 130.5, 49.5, 18.75, 24.25, 9999.0, 1.0, 1.25, 19.5, 9999.0, 9999.0, 9999.0, 118.5, 122.5, 117.75, 101.5, 133.25
2023-04-06, 13:57:15, 130.75, 51.25, 19.0, 25.75, 9999.0, 1.0, 1.25, 19.5, 9999.0, 9999.0, 9999.0, 118.5, 122.5, 118.0, 101.5, 133.25
2023-04-06, 13:57:19, 130.75, 51.25, 19.0, 25.75, 9999.0, 1.0, 1.25, 19.5, 9999.0, 9999.0, 9999.0, 118.5, 122.5, 118.0, 101.5, 133.25
2023-04-06, 13:57:23, 130.75, 51.0, 19.0, 25.75, 9999.0, 1.25, 1.25, 19.5, 9999.0, 9999.0, 9999.0, 118.5, 122.25, 117.75, 101.0, 133.0
2023-04-06, 13:57:27, 129.0, 48.5, 19.0, 25.75, 9999.0, 1.0, 1.25, 19.5, 9999.0, 9999.0, 9999.0, 118.5, 122.5, 118.0, 101.5, 133.25
2023-04-06, 13:57:31, 130.75, 51.25, 19.0, 25.75, 9999.0, 1.25, 1.25, 19.5, 9999.0, 9999.0, 9999.0, 118.5, 122.5, 118.0, 101.5, 133.25
2023-04-06, 13:57:35, 130.75, 51.25, 19.0, 25.75, 9999.0, 1.25, 1.25, 19.75, 9999.0, 9999.0, 9999.0, 118.5, 122.5, 118.0, 101.5, 133.0
2023-04-06, 13:57:39, 130.5, 51.0, 19.0, 25.75, 9999.0, 1.25, 1.25, 19.5, 9999.0, 9999.0, 9999.0, 118.5, 121.75, 116.25, 101.25, 133.25
2023-04-06, 13:57:43, 130.75, 51.25, 19.0, 25.75, 9999.0, 1.25, 1.25, 19.5, 9999.0, 9999.0, 9999.0, 119.0, 122.5, 117.75, 101.5, 133.25
2023-04-06, 13:57:47, 130.75, 51.25, 19.0, 25.5, 9999.0, 1.25, 1.25, 19.5, 9999.0, 9999.0, 9999.0, 119.0, 122.5, 118.0, 101.5, 133.25
2023-04-06, 13:57:51, 130.75, 51.25, 19.0, 25.5, 9999.0, 1.25, 1.25, 19.5, 9999.0, 9999.0, 9999.0, 119.0, 122.5, 118.0, 101.5, 133.25
2023-04-06, 13:57:55, 130.75, 51.25, 19.0, 25.75, 9999.0, 1.25, 1.5, 18.5, 9999.0, 9999.0, 9999.0, 118.75, 122.5, 117.75, 101.5, 133.25
2023-04-06, 13:57:59, 130.75, 51.25, 18.75, 25.75, 9999.0, 1.25, 1.25, 19.5, 9999.0, 9999.0, 9999.0, 119.0, 122.5, 117.75, 101.5, 133.25
2023-04-06, 13:58:03, 130.75, 51.25, 19.0, 26.0, 9999.0, 1.0, 1.25, 19.5, 9999.0, 9999.0, 9999.0, 118.75, 122.5, 117.75, 101.5, 133.25
2023-04-06, 13:58:07, 130.75, 51.25, 19.0, 26.0, 9999.0, 1.0, 1.25, 19.5, 9999.0, 9999.0, 9999.0, 118.75, 122.25, 117.75, 101.5, 133.25
2023-04-06, 13:58:11, 130.75, 51.25, 19.0, 26.0, 9999.0, 0.75, 0.0, 18.75, 9999.0, 9999.0, 9999.0, 118.75, 122.5, 118.0, 101.5, 133.25
2023-04-06, 13:58:15, 130.75, 51.25, 19.0, 26.0, 9999.0, 1.0, 1.5, 19.5, 9999.0, 9999.0, 9999.0, 118.75, 122.5, 118.0, 101.5, 133.25
2023-04-06, 13:58:19, 130.75, 51.25, 19.0, 26.0, 9999.0, 1.0, 1.25, 19.5, 9999.0, 9999.0, 9999.0, 118.75, 122.5, 118.0, 101.5, 133.25
2023-04-06, 13:58:23, 130.75, 51.25, 18.75, 25.75, 9999.0, 0.75, 1.25, 19.5, 9999.0, 9999.0, 9999.0, 118.75, 122.5, 117.75, 101.5, 133.25
2023-04-06, 13:58:27, 129.0, 50.5, 17.75, 23.5, 9999.0, 1.0, 1.5, 19.5, 9999.0, 9999.0, 9999.0, 118.75, 122.5, 117.75, 101.5, 133.25
2023-04-06, 13:58:31, 130.75, 51.25, 19.0, 25.75, 9999.0, 1.0, 1.25, 19.75, 9999.0, 9999.0, 9999.0, 118.75, 122.5, 118.0, 101.5, 133.5
2023-04-06, 13:58:35, 130.75, 51.25, 19.0, 25.75, 9999.0, 1.0, 1.5, 19.5, 9999.0, 9999.0, 9999.0, 118.5, 122.5, 118.0, 101.5, 133.25
2023-04-06, 13:58:39, 130.75, 51.25, 19.0, 25.75, 9999.0, 1.0, 1.25, 19.75, 9999.0, 9999.0, 9999.0, 118.5, 122.5, 116.5, 101.25, 131.75
2023-04-06, 13:58:43, 128.25, 51.25, 19.0, 25.75, 9999.0, 1.25, 1.5, 19.75, 9999.0, 9999.0, 9999.0, 118.5, 122.5, 118.0, 101.5, 133.25
2023-04-06, 13:58:47, 130.75, 51.25, 19.0, 25.75, 9999.0, 1.25, 1.25, 19.75, 9999.0, 9999.0, 9999.0, 118.5, 122.5, 118.0, 101.5, 133.25
2023-04-06, 13:58:51, 130.75, 51.25, 19.0, 25.75, 9999.0, 1.25, 1.25, 19.5, 9999.0, 9999.0, 9999.0, 118.5, 122.5, 118.0, 101.25, 133.25
2023-04-06, 13:58:55, 130.75, 51.25, 19.0, 26.0, 9999.0, 1.25, 1.5, 19.75, 9999.0, 9999.0, 9999.0, 118.0, 120.5, 116.25, 101.5, 133.5
2023-04-06, 13:58:59, 130.75, 51.25, 19.0, 25.75, 9999.0, 1.25, 1.5, 19.75, 9999.0, 9999.0, 9999.0, 119.25, 122.5, 118.0, 101.5, 133.25
2023-04-06, 13:59:03, 130.75, 51.25, 18.75, 25.75, 9999.0, 1.25, 1.5, 19.75, 9999.0, 9999.0, 9999.0, 119.0, 122.25, 117.75, 101.5, 133.25
2023-04-06, 13:59:07, 130.75, 51.25, 19.0, 25.75, 9999.0, 1.25, 1.5, 19.5, 9999.0, 9999.0, 9999.0, 119.0, 122.25, 117.75, 101.5, 133.25
2023-04-06, 13:59:11, 130.75, 51.25, 19.0, 25.75, 9999.0, 1.25, 0.0, 19.5, 9999.0, 9999.0, 9999.0, 119.0, 122.25, 118.0, 101.5, 133.25
2023-04-06, 13:59:15, 130.75, 51.25, 19.0, 26.0, 9999.0, 1.25, 1.5, 19.75, 9999.0, 9999.0, 9999.0, 119.0, 122.5, 118.0, 101.5, 133.25
2023-04-06, 13:59:19, 130.75, 51.25, 19.0, 25.75, 9999.0, 1.25, 1.5, 19.5, 9999.0, 9999.0, 9999.0, 118.75, 122.5, 117.75, 101.5, 133.25
2023-04-06, 13:59:23, 130.75, 51.25, 19.0, 25.75, 9999.0, 1.25, 1.5, 19.5, 9999.0, 9999.0, 9999.0, 118.75, 122.25, 117.75, 101.5, 133.25
2023-04-06, 13:59:27, 130.75, 51.0, 19.0, 24.75, 9999.0, 0.0, -1.75, 19.75, 9999.0, 9999.0, 9999.0, 118.75, 122.25, 118.0, 101.5, 133.25
2023-04-06, 13:59:31, 130.75, 51.25, 19.0, 25.5, 9999.0, 1.0, 1.5, 19.75, 9999.0, 9999.0, 9999.0, 118.75, 122.5, 117.75, 101.5, 133.25
2023-04-06, 13:59:35, 130.75, 51.25, 19.0, 25.75, 9999.0, 1.0, 1.5, 19.5, 9999.0, 9999.0, 9999.0, 118.75, 122.5, 118.0, 101.5, 133.25
2023-04-06, 13:59:39, 130.75, 51.25, 19.0, 26.0, 9999.0, 1.0, 1.5, 19.75, 9999.0, 9999.0, 9999.0, 118.75, 122.5, 117.75, 101.5, 133.25
2023-04-06, 13:59:43, 130.0, 50.75, 17.25, 25.0, 9999.0, 1.25, 1.25, 19.75, 9999.0, 9999.0, 9999.0, 118.75, 122.5, 118.0, 101.5, 133.25
2023-04-06, 13:59:48, 130.75, 51.25, 19.0, 26.0, 9999.0, 1.0, 1.5, 19.75, 9999.0, 9999.0, 9999.0, 118.75, 122.5, 118.0, 101.5, 133.5
2023-04-06, 13:59:52, 130.75, 51.25, 19.0, 26.0, 9999.0, 1.0, 1.5, 19.75, 9999.0, 9999.0, 9999.0, 118.75, 122.5, 117.75, 101.5, 133.25
2023-04-06, 13:59:56, 130.75, 51.0, 19.0, 25.75, 9999.0, 1.0, 1.25, 19.5, 9999.0, 9999.0, 9999.0, 118.5, 120.75, 117.5, 100.25, 130.25
2023-04-06, 14:00:00, 130.75, 51.25, 19.0, 26.0, 9999.0, 1.0, 1.25, 19.5, 9999.0, 9999.0, 9999.0, 118.5, 122.5, 118.0, 101.5, 133.25
2023-04-06, 14:00:04, 130.75, 51.25, 18.75, 26.0, 9999.0, 1.25, 1.25, 19.75, 9999.0, 9999.0, 9999.0, 118.5, 122.5, 118.0, 101.5, 133.25
2023-04-06, 14:00:08, 130.75, 51.25, 19.0, 25.75, 9999.0, 1.25, 1.25, 19.75, 9999.0, 9999.0, 9999.0, 118.5, 122.5, 118.0, 101.5, 133.25
2023-04-06, 14:00:12, 130.5, 51.0, 19.0, 25.75, 9999.0, 1.25, 1.25, 19.5, 9999.0, 9999.0, 9999.0, 116.5, 119.75, 117.75, 101.5, 133.25
2023-04-06, 14:00:16, 130.75, 51.25, 19.0, 25.75, 9999.0, 1.5, 1.5, 19.75, 9999.0, 9999.0, 9999.0, 118.5, 122.5, 118.0, 101.5, 133.25
2023-04-06, 14:00:20, 130.75, 51.25, 18.75, 25.5, 9999.0, 1.25, 1.25, 19.5, 9999.0, 9999.0, 9999.0, 119.0, 122.5, 118.0, 101.5, 133.25
2023-04-06, 14:00:24, 130.75, 51.25, 19.0, 25.75, 9999.0, 1.25, 1.5, 19.5, 9999.0, 9999.0, 9999.0, 119.0, 122.5, 118.0, 101.25, 133.25
2023-04-06, 14:00:28, 130.75, 51.25, 19.0, 25.75, 9999.0, 0.75, 0.75, 19.0, 9999.0, 9999.0, 9999.0, 119.0, 122.5, 117.75, 101.5, 133.25
2023-04-06, 14:00:32, 130.75, 51.25, 19.0, 25.75, 9999.0, 1.25, 1.25, 19.5, 9999.0, 9999.0, 9999.0, 119.0, 122.5, 118.0, 101.5, 133.25
2023-04-06, 14:00:36, 130.5, 51.25, 18.75, 25.75, 9999.0, 1.25, 1.5, 19.5, 9999.0, 9999.0, 9999.0, 118.75, 122.25, 117.75, 101.5, 133.25
2023-04-06, 14:00:40, 130.75, 51.25, 19.0, 25.5, 9999.0, 1.25, 1.25, 19.5, 9999.0, 9999.0, 9999.0, 118.75, 122.25, 117.75, 101.5, 133.25
2023-04-06, 14:00:44, 130.75, 51.0, 17.75, 25.25, 9999.0, -1.75, 1.25, 19.5, 9999.0, 9999.0, 9999.0, 118.75, 122.25, 118.0, 101.5, 133.25
2023-04-06, 14:00:48, 130.5, 51.25, 19.0, 25.75, 9999.0, 1.25, 1.25, 19.5, 9999.0, 9999.0, 9999.0, 118.75, 122.5, 117.75, 101.5, 133.25
2023-04-06, 14:00:52, 130.75, 51.25, 19.0, 25.75, 9999.0, 1.0, 1.5, 19.75, 9999.0, 9999.0, 9999.0, 118.75, 122.5, 118.0, 101.5, 133.25
2023-04-06, 14:00:56, 130.75, 51.25, 19.0, 25.5, 9999.0, 1.0, 1.5, 19.75, 9999.0, 9999.0, 9999.0, 118.75, 122.5, 118.0, 101.5, 132.25
2023-04-06, 14:01:00, 130.5, 49.75, 18.0, 25.75, 9999.0, 1.0, 1.25, 19.5, 9999.0, 9999.0, 9999.0, 118.75, 122.5, 118.0, 101.5, 133.25
2023-04-06, 14:01:04, 130.75, 51.25, 19.0, 26.0, 9999.0, 1.0, 1.25, 19.5, 9999.0, 9999.0, 9999.0, 118.75, 122.5, 117.75, 101.5, 133.25
2023-04-06, 14:01:08, 130.75, 51.25, 19.0, 25.75, 9999.0, 1.0, 1.25, 19.5, 9999.0, 9999.0, 9999.0, 118.75, 122.5, 118.0, 101.5, 133.25
2023-04-06, 14:01:12, 130.5, 51.25, 18.75, 25.75, 9999.0, 1.0, 1.5, 19.5, 9999.0, 9999.0, 9999.0, 117.0, 121.75, 116.75, 99.75, 132.5
2023-04-06, 14:01:16, 130.75, 51.25, 19.0, 25.5, 9999.0, 1.0, 1.25, 19.5, 9999.0, 9999.0, 9999.0, 118.75, 122.5, 117.75, 101.5, 133.25
2023-04-06, 14:01:20, 130.5, 51.25, 19.0, 25.5, 9999.0, 1.0, 1.25, 19.5, 9999.0, 9999.0, 9999.0, 118.5, 122.5, 118.0, 101.25, 133.5
2023-04-06, 14:01:24, 130.75, 51.25, 19.0, 25.75, 9999.0, 1.25, 1.25, 19.5, 9999.0, 9999.0, 9999.0, 118.5, 122.5, 117.75, 101.25, 133.25
2023-04-06, 14:01:28, 130.5, 51.25, 18.75, 25.75, 9999.0, 1.25, 1.25, 19.5, 9999.0, 9999.0, 9999.0, 115.75, 122.5, 118.0, 101.25, 133.25
2023-04-06, 14:01:32, 130.75, 51.25, 18.75, 25.75, 9999.0, 1.25, 1.25, 19.5, 9999.0, 9999.0, 9999.0, 118.5, 122.5, 118.0, 101.5, 133.25
2023-04-06, 14:01:36, 130.75, 51.25, 19.0, 25.75, 9999.0, 1.25, 1.5, 19.5, 9999.0, 9999.0, 9999.0, 118.25, 122.5, 118.0, 101.5, 133.25
2023-04-06, 14:01:40, 130.75, 51.25, 19.0, 25.75, 9999.0, 1.25, 1.5, 19.5, 9999.0, 9999.0, 9999.0, 119.0, 122.5, 118.0, 101.5, 133.25
2023-04-06, 14:01:44, 130.5, 51.25, 18.75, 25.75, 9999.0, 0.5, 0.75, 18.0, 9999.0, 9999.0, 9999.0, 119.0, 122.5, 118.0, 101.5, 133.25
2023-04-06, 14:01:48, 130.75, 51.25, 19.0, 26.0, 9999.0, 1.25, 1.5, 19.5, 9999.0, 9999.0, 9999.0, 119.0, 122.5, 118.0, 101.5, 133.25
2023-04-06, 14:01:52, 130.75, 51.25, 18.75, 26.0, 9999.0, 1.25, 1.5, 19.5, 9999.0, 9999.0, 9999.0, 119.0, 122.25, 118.0, 101.5, 133.25
2023-04-06, 14:01:56, 130.75, 51.25, 19.0, 25.75, 9999.0, 1.25, 1.25, 19.5, 9999.0, 9999.0, 9999.0, 119.0, 122.25, 117.75, 101.5, 133.25
2023-04-06, 14:02:00, 130.5, 49.75, 18.5, 24.5, 9999.0, 1.0, 1.25, 19.5, 9999.0, 9999.0, 9999.0, 118.75, 122.25, 117.75, 101.5, 133.25
2023-04-06, 14:02:04, 130.5, 51.25, 19.0, 25.75, 9999.0, 1.25, 1.25, 19.5, 9999.0, 9999.0, 9999.0, 118.75, 122.25, 118.0, 101.5, 133.25
2023-04-06, 14:02:08, 130.75, 51.25, 18.75, 25.75, 9999.0, 1.0, 1.5, 19.5, 9999.0, 9999.0, 9999.0, 118.75, 122.5, 117.75, 101.5, 133.25
2023-04-06, 14:02:12, 130.5, 51.25, 18.75, 25.5, 9999.0, 1.0, 1.25, 19.5, 9999.0, 9999.0, 9999.0, 118.75, 122.5, 117.75, 100.5, 133.0
2023-04-06, 14:02:16, 129.5, 47.5, 18.75, 25.5, 9999.0, 1.0, 1.25, 19.5, 9999.0, 9999.0, 9999.0, 118.75, 122.5, 118.0, 101.5, 133.25
2023-04-06, 14:02:20, 130.75, 51.25, 19.0, 25.75, 9999.0, 1.0, 1.25, 19.5, 9999.0, 9999.0, 9999.0, 118.75, 122.5, 118.0, 101.5, 133.25
2023-04-06, 14:02:24, 130.75, 51.25, 19.0, 25.75, 9999.0, 1.0, 1.25, 19.5, 9999.0, 9999.0, 9999.0, 118.75, 122.5, 117.75, 101.5, 133.0
2023-04-06, 14:02:28, 130.5, 51.25, 19.0, 25.75, 9999.0, 1.0, 1.25, 19.5, 9999.0, 9999.0, 9999.0, 117.75, 122.0, 116.25, 101.0, 133.25
2023-04-06, 14:02:32, 130.75, 51.25, 19.0, 25.75, 9999.0, 1.0, 1.25, 19.5, 9999.0, 9999.0, 9999.0, 118.5, 122.5, 117.75, 101.5, 133.25
2023-04-06, 14:02:36, 130.75, 51.25, 18.75, 25.75, 9999.0, 1.0, 1.25, 19.5, 9999.0, 9999.0, 9999.0, 118.5, 122.5, 117.75, 101.5, 133.25
2023-04-06, 14:02:40, 130.75, 51.25, 19.0, 25.75, 9999.0, 0.75, 1.25, 19.75, 9999.0, 9999.0, 9999.0, 118.5, 122.25, 117.75, 101.5, 133.25
2023-04-06, 14:02:44, 130.75, 51.0, 18.75, 25.25, 9999.0, 1.0, 1.25, 18.25, 9999.0, 9999.0, 9999.0, 118.5, 122.5, 118.0, 101.5, 133.25
2023-04-06, 14:02:48, 130.5, 51.25, 19.0, 25.75, 9999.0, 1.25, 1.25, 19.5, 9999.0, 9999.0, 9999.0, 118.5, 122.5, 118.0, 101.5, 133.25
2023-04-06, 14:02:52, 130.5, 51.0, 19.0, 25.75, 9999.0, 1.25, 1.25, 19.5, 9999.0, 9999.0, 9999.0, 118.5, 122.5, 118.0, 101.5, 133.25
2023-04-06, 14:02:56, 130.5, 51.25, 19.0, 25.75, 9999.0, 1.25, 1.25, 19.5, 9999.0, 9999.0, 9999.0, 118.25, 122.5, 118.0, 101.5, 133.25
2023-04-06, 14:03:00, 130.5, 51.25, 19.0, 25.5, 9999.0, 1.0, -0.5, 18.0, 9999.0, 9999.0, 9999.0, 119.25, 122.25, 118.0, 101.5, 133.25
2023-04-06, 14:03:04, 130.5, 51.25, 18.75, 25.5, 9999.0, 1.25, 1.25, 19.5, 9999.0, 9999.0, 9999.0, 119.0, 122.5, 118.0, 101.5, 133.25
2023-04-06, 14:03:08, 130.75, 51.25, 18.75, 25.25, 9999.0, 1.25, 1.5, 19.5, 9999.0, 9999.0, 9999.0, 119.0, 122.5, 117.75, 101.5, 133.25
2023-04-06, 14:03:12, 130.75, 51.25, 18.75, 25.5, 9999.0, 1.0, 1.25, 19.5, 9999.0, 9999.0, 9999.0, 119.0, 122.25, 117.75, 101.5, 133.25
2023-04-06, 14:03:16, 129.75, 50.75, 18.0, 24.0, 9999.0, 1.25, 1.25, 19.5, 9999.0, 9999.0, 9999.0, 118.75, 122.25, 118.0, 101.5, 133.25
2023-04-06, 14:03:20, 130.75, 51.25, 18.75, 25.75, 9999.0, 1.25, 1.25, 19.5, 9999.0, 9999.0, 9999.0, 118.75, 122.25, 118.0, 101.5, 133.25
2023-04-06, 14:03:24, 130.5, 51.25, 18.75, 25.75, 9999.0, 1.0, 1.25, 19.75, 9999.0, 9999.0, 9999.0, 118.75, 122.25, 118.0, 101.5, 133.25
2023-04-06, 14:03:28, 130.75, 51.25, 18.75, 25.5, 9999.0, 1.25, 1.5, 19.5, 9999.0, 9999.0, 9999.0, 118.75, 122.5, 116.75, 101.25, 132.0
2023-04-06, 14:03:32, 127.75, 51.0, 18.75, 25.5, 9999.0, 1.0, 1.25, 19.5, 9999.0, 9999.0, 9999.0, 118.75, 122.5, 118.0, 101.25, 133.25
2023-04-06, 14:03:36, 130.75, 51.25, 18.75, 25.5, 9999.0, 1.0, 1.25, 19.75, 9999.0, 9999.0, 9999.0, 118.75, 122.5, 118.0, 101.5, 133.25
2023-04-06, 14:03:40, 130.5, 51.25, 18.75, 25.5, 9999.0, 1.0, 1.25, 19.5, 9999.0, 9999.0, 9999.0, 118.75, 122.5, 117.75, 101.25, 133.25
2023-04-06, 14:03:44, 130.5, 51.25, 19.0, 25.5, 9999.0, 1.0, 1.25, 19.5, 9999.0, 9999.0, 9999.0, 118.25, 121.0, 117.0, 101.5, 133.25
2023-04-06, 14:03:48, 130.75, 51.25, 19.0, 25.75, 9999.0, 1.0, 1.25, 19.5, 9999.0, 9999.0, 9999.0, 118.75, 122.5, 118.0, 101.25, 133.25
2023-04-06, 14:03:52, 130.75, 51.25, 18.75, 25.75, 9999.0, 1.0, 1.25, 19.5, 9999.0, 9999.0, 9999.0, 118.75, 122.5, 118.0, 101.5, 133.25
2023-04-06, 14:03:56, 130.5, 51.25, 18.75, 26.0, 9999.0, 1.0, 1.25, 19.5, 9999.0, 9999.0, 9999.0, 118.25, 122.5, 117.75, 101.5, 133.25
2023-04-06, 14:04:00, 130.75, 51.0, 18.75, 25.75, 9999.0, 1.0, -0.5, 19.25, 9999.0, 9999.0, 9999.0, 118.5, 122.5, 118.0, 101.5, 133.25
2023-04-06, 14:04:04, 130.75, 51.25, 18.75, 25.75, 9999.0, 1.0, 1.25, 19.5, 9999.0, 9999.0, 9999.0, 118.5, 122.5, 118.0, 101.25, 133.25
2023-04-06, 14:04:08, 130.5, 51.25, 19.0, 25.75, 9999.0, 1.25, 1.25, 19.5, 9999.0, 9999.0, 9999.0, 118.5, 122.5, 118.0, 101.5, 133.25
2023-04-06, 14:04:12, 130.5, 51.0, 19.0, 25.75, 9999.0, 1.25, 1.25, 19.5, 9999.0, 9999.0, 9999.0, 118.5, 122.5, 117.75, 101.5, 133.25
2023-04-06, 14:04:17, 130.5, 51.0, 19.0, 24.75, 9999.0, 0.25, -0.75, 19.5, 9999.0, 9999.0, 9999.0, 118.25, 122.25, 118.0, 101.5, 133.25
2023-04-06, 14:04:21, 130.5, 51.25, 19.0, 25.75, 9999.0, 1.25, 1.25, 19.75, 9999.0, 9999.0, 9999.0, 119.0, 122.5, 118.0, 101.5, 133.25
2023-04-06, 14:04:25, 130.5, 51.25, 18.75, 25.5, 9999.0, 1.25, 1.25, 19.5, 9999.0, 9999.0, 9999.0, 119.0, 122.5, 118.0, 101.5, 133.25
2023-04-06, 14:04:29, 130.75, 51.0, 18.75, 25.5, 9999.0, 1.25, 1.25, 19.5, 9999.0, 9999.0, 9999.0, 119.0, 122.25, 118.0, 101.5, 132.25
2023-04-06, 14:04:33, 129.75, 50.25, 17.25, 24.5, 9999.0, 1.25, 1.5, 19.5, 9999.0, 9999.0, 9999.0, 118.75, 122.25, 118.0, 101.25, 133.25
2023-04-06, 14:04:37, 130.5, 51.25, 18.75, 25.75, 9999.0, 1.25, 1.25, 19.5, 9999.0, 9999.0, 9999.0, 118.75, 122.25, 117.75, 101.25, 133.25
2023-04-06, 14:04:41, 130.5, 51.0, 19.0, 25.75, 9999.0, 1.25, 1.5, 19.5, 9999.0, 9999.0, 9999.0, 118.75, 122.25, 118.0, 101.25, 133.25
2023-04-06, 14:04:45, 130.5, 51.0, 18.75, 25.75, 9999.0, 1.0, 1.25, 19.5, 9999.0, 9999.0, 9999.0, 118.75, 121.0, 117.75, 100.25, 129.25
2023-04-06, 14:04:49, 130.5, 51.0, 19.0, 25.75, 9999.0, 1.0, 1.25, 19.5, 9999.0, 9999.0, 9999.0, 118.75, 122.5, 118.0, 101.25, 133.25
2023-04-06, 14:04:53, 130.5, 51.25, 19.0, 25.75, 9999.0, 1.0, 1.25, 19.5, 9999.0, 9999.0, 9999.0, 118.75, 122.5, 117.75, 101.5, 133.25
2023-04-06, 14:04:57, 130.75, 51.25, 18.75, 25.75, 9999.0, 1.0, 1.25, 19.5, 9999.0, 9999.0, 9999.0, 118.75, 122.5, 117.75, 101.5, 133.25
2023-04-06, 14:05:01, 130.5, 51.0, 18.75, 25.75, 9999.0, 1.0, 1.25, 19.5, 9999.0, 9999.0, 9999.0, 117.0, 119.25, 118.0, 101.5, 133.25
2023-04-06, 14:05:05, 130.5, 51.25, 18.75, 25.75, 9999.0, 1.0, 1.25, 19.5, 9999.0, 9999.0, 9999.0, 118.75, 122.5, 118.0, 101.5, 133.25
2023-04-06, 14:05:09, 130.75, 51.0, 18.75, 25.75, 9999.0, 1.0, 1.25, 19.5, 9999.0, 9999.0, 9999.0, 118.75, 122.5, 117.75, 101.5, 133.25
2023-04-06, 14:05:13, 130.5, 51.0, 18.75, 25.75, 9999.0, 1.0, 1.25, 19.5, 9999.0, 9999.0, 9999.0, 118.5, 122.25, 117.75, 101.5, 133.25
2023-04-06, 14:05:17, 130.5, 51.25, 18.75, 25.75, 9999.0, -0.75, 0.75, 19.25, 9999.0, 9999.0, 9999.0, 118.5, 122.5, 118.0, 101.5, 133.25
2023-04-06, 14:05:21, 130.75, 51.25, 19.0, 25.75, 9999.0, 1.0, 1.25, 19.5, 9999.0, 9999.0, 9999.0, 118.5, 122.5, 117.75, 101.5, 133.25
2023-04-06, 14:05:25, 130.75, 51.0, 18.75, 26.0, 9999.0, 1.25, 1.25, 19.5, 9999.0, 9999.0, 9999.0, 118.5, 122.25, 118.0, 101.25, 133.25
2023-04-06, 14:05:29, 130.5, 51.25, 18.75, 26.0, 9999.0, 1.25, 1.25, 19.5, 9999.0, 9999.0, 9999.0, 118.5, 122.25, 117.75, 101.25, 133.25
2023-04-06, 14:05:33, 130.5, 51.0, 17.5, 25.5, 9999.0, -1.25, 1.25, 19.5, 9999.0, 9999.0, 9999.0, 118.5, 122.25, 118.0, 101.25, 133.25
2023-04-06, 14:05:37, 130.75, 51.0, 18.75, 25.75, 9999.0, 1.25, 1.25, 19.5, 9999.0, 9999.0, 9999.0, 118.25, 122.5, 118.0, 101.25, 133.25
2023-04-06, 14:05:41, 130.5, 51.25, 18.75, 25.75, 9999.0, 1.25, 1.25, 19.5, 9999.0, 9999.0, 9999.0, 119.0, 122.5, 117.75, 101.25, 133.25
2023-04-06, 14:05:45, 130.5, 51.0, 18.75, 25.75, 9999.0, 1.25, 1.25, 19.5, 9999.0, 9999.0, 9999.0, 119.0, 122.25, 118.0, 100.75, 132.25
2023-04-06, 14:05:49, 130.5, 49.5, 17.75, 26.0, 9999.0, 1.25, 1.25, 19.5, 9999.0, 9999.0, 9999.0, 119.0, 122.25, 118.0, 101.5, 133.25
2023-04-06, 14:05:53, 130.5, 51.0, 19.0, 25.75, 9999.0, 1.25, 1.25, 19.5, 9999.0, 9999.0, 9999.0, 119.0, 122.5, 118.0, 101.5, 133.25
2023-04-06, 14:05:57, 130.75, 51.25, 18.75, 25.75, 9999.0, 1.25, 1.5, 19.75, 9999.0, 9999.0, 9999.0, 118.75, 122.25, 118.0, 101.5, 133.25
2023-04-06, 14:06:01, 130.5, 51.0, 18.75, 25.75, 9999.0, 1.25, 1.25, 19.5, 9999.0, 9999.0, 9999.0, 117.0, 122.0, 116.75, 99.75, 133.25
2023-04-06, 14:06:05, 130.5, 51.25, 19.0, 25.75, 9999.0, 1.0, 1.5, 19.5, 9999.0, 9999.0, 9999.0, 118.75, 122.25, 118.0, 101.5, 133.25
2023-04-06, 14:06:09, 130.75, 51.0, 18.75, 25.75, 9999.0, 1.0, 1.25, 19.5, 9999.0, 9999.0, 9999.0, 118.75, 122.5, 118.0, 101.5, 133.25
2023-04-06, 14:06:13, 130.5, 51.25, 18.75, 25.75, 9999.0, 1.0, 1.25, 19.75, 9999.0, 9999.0, 9999.0, 118.75, 122.5, 118.0, 101.5, 133.25
2023-04-06, 14:06:17, 130.5, 51.0, 18.75, 25.5, 9999.0, 1.0, 1.25, 19.5, 9999.0, 9999.0, 9999.0, 115.75, 122.5, 117.75, 101.5, 133.25
2023-04-06, 14:06:21, 130.75, 51.25, 18.75, 25.5, 9999.0, 1.0, 1.25, 19.5, 9999.0, 9999.0, 9999.0, 118.75, 122.5, 117.75, 101.5, 133.25
2023-04-06, 14:06:25, 130.75, 51.25, 18.75, 25.75, 9999.0, 1.0, 1.25, 19.75, 9999.0, 9999.0, 9999.0, 118.75, 122.5, 117.75, 101.5, 133.25
2023-04-06, 14:06:29, 130.75, 51.25, 18.75, 25.75, 9999.0, 1.0, 1.25, 19.5, 9999.0, 9999.0, 9999.0, 118.75, 122.5, 117.75, 101.5, 133.25
2023-04-06, 14:06:33, 130.5, 51.25, 19.0, 25.75, 9999.0, 0.5, 0.75, 18.0, 9999.0, 9999.0, 9999.0, 118.5, 122.5, 117.75, 101.5, 133.25
2023-04-06, 14:06:37, 130.75, 51.25, 19.0, 25.75, 9999.0, 1.0, 1.25, 19.75, 9999.0, 9999.0, 9999.0, 118.5, 122.5, 118.0, 101.5, 133.25
2023-04-06, 14:06:41, 130.75, 51.25, 19.0, 26.0, 9999.0, 1.25, 1.25, 19.75, 9999.0, 9999.0, 9999.0, 118.5, 122.5, 118.0, 101.5, 133.25
2023-04-06, 14:06:45, 130.5, 51.25, 19.0, 26.0, 9999.0, 1.25, 1.25, 19.5, 9999.0, 9999.0, 9999.0, 118.5, 122.5, 118.0, 101.5, 133.25
2023-04-06, 14:06:49, 130.5, 49.75, 18.75, 24.5, 9999.0, 1.0, 1.25, 19.5, 9999.0, 9999.0, 9999.0, 118.5, 122.5, 118.0, 101.5, 133.25
2023-04-06, 14:06:53, 130.75, 51.25, 19.0, 25.75, 9999.0, 1.5, 1.5, 19.75, 9999.0, 9999.0, 9999.0, 118.5, 122.5, 118.0, 101.5, 133.25
2023-04-06, 14:06:57, 130.75, 51.25, 19.0, 26.0, 9999.0, 1.5, 1.25, 19.75, 9999.0, 9999.0, 9999.0, 119.25, 122.5, 118.0, 101.5, 133.25
2023-04-06, 14:07:01, 130.75, 51.25, 18.75, 26.0, 9999.0, 1.25, 1.25, 19.75, 9999.0, 9999.0, 9999.0, 119.0, 122.25, 117.75, 100.75, 132.75
2023-04-06, 14:07:05, 129.5, 50.0, 19.0, 26.0, 9999.0, 1.25, 1.25, 19.5, 9999.0, 9999.0, 9999.0, 119.0, 122.5, 118.0, 101.5, 133.25
2023-04-06, 14:07:09, 130.75, 51.25, 19.0, 25.75, 9999.0, 1.25, 1.25, 19.75, 9999.0, 9999.0, 9999.0, 119.0, 122.25, 117.75, 101.5, 133.25
2023-04-06, 14:07:13, 130.75, 51.25, 19.0, 25.75, 9999.0, 1.25, 1.5, 19.75, 9999.0, 9999.0, 9999.0, 118.75, 122.5, 118.0, 101.5, 133.0
2023-04-06, 14:07:17, 130.5, 51.25, 18.75, 25.75, 9999.0, 1.25, 1.25, 19.75, 9999.0, 9999.0, 9999.0, 118.0, 121.25, 116.0, 101.0, 133.25
2023-04-06, 14:07:21, 130.75, 51.25, 18.75, 25.75, 9999.0, 1.25, 1.5, 19.5, 9999.0, 9999.0, 9999.0, 118.75, 122.25, 118.0, 101.5, 133.25
2023-04-06, 14:07:25, 130.75, 51.25, 18.75, 25.75, 9999.0, 1.0, 1.25, 19.5, 9999.0, 9999.0, 9999.0, 118.75, 122.25, 117.75, 101.5, 133.25
2023-04-06, 14:07:29, 130.75, 51.25, 19.0, 26.0, 9999.0, 1.25, 1.25, 19.75, 9999.0, 9999.0, 9999.0, 118.75, 122.5, 117.75, 101.5, 133.25
2023-04-06, 14:07:33, 130.75, 51.25, 19.0, 25.75, 9999.0, 1.0, 1.25, 19.0, 9999.0, 9999.0, 9999.0, 118.75, 122.5, 118.0, 101.5, 133.5
2023-04-06, 14:07:37, 130.75, 51.25, 19.0, 25.75, 9999.0, 1.0, 1.25, 19.5, 9999.0, 9999.0, 9999.0, 118.75, 122.5, 117.75, 101.5, 133.25
2023-04-06, 14:07:41, 130.75, 51.25, 18.75, 25.75, 9999.0, 1.0, 1.25, 19.75, 9999.0, 9999.0, 9999.0, 118.75, 122.5, 118.0, 101.5, 133.25
2023-04-06, 14:07:45, 130.75, 51.25, 19.0, 25.75, 9999.0, 1.0, 1.25, 19.75, 9999.0, 9999.0, 9999.0, 118.75, 122.5, 117.75, 101.5, 133.25
2023-04-06, 14:07:49, 130.75, 51.25, 19.0, 25.5, 9999.0, 0.5, -0.5, 18.25, 9999.0, 9999.0, 9999.0, 118.75, 122.5, 117.75, 101.5, 133.25
2023-04-06, 14:07:53, 130.75, 51.25, 18.75, 25.75, 9999.0, 1.0, 1.25, 19.5, 9999.0, 9999.0, 9999.0, 118.5, 122.5, 117.75, 101.5, 133.5
2023-04-06, 14:07:57, 130.75, 51.25, 19.0, 25.75, 9999.0, 1.0, 1.5, 19.75, 9999.0, 9999.0, 9999.0, 118.5, 122.5, 118.0, 101.5, 133.25
2023-04-06, 14:08:01, 130.75, 51.25, 18.75, 25.75, 9999.0, 1.0, 1.25, 19.75, 9999.0, 9999.0, 9999.0, 118.5, 122.5, 118.0, 101.5, 133.25
2023-04-06, 14:08:05, 129.25, 50.75, 18.0, 23.0, 9999.0, 1.25, 1.25, 19.75, 9999.0, 9999.0, 9999.0, 118.5, 122.5, 118.0, 101.5, 133.25
2023-04-06, 14:08:09, 130.75, 51.0, 19.0, 25.75, 9999.0, 1.25, 1.25, 19.5, 9999.0, 9999.0, 9999.0, 118.5, 122.5, 118.0, 101.5, 133.25
2023-04-06, 14:08:13, 130.75, 51.25, 19.0, 25.75, 9999.0, 1.5, 1.5, 19.75, 9999.0, 9999.0, 9999.0, 118.25, 122.5, 118.0, 101.5, 133.25
2023-04-06, 14:08:17, 130.75, 51.0, 18.75, 25.75, 9999.0, 1.25, 1.5, 19.75, 9999.0, 9999.0, 9999.0, 119.25, 122.5, 116.75, 101.5, 132.0
2023-04-06, 14:08:21, 127.5, 51.25, 19.0, 25.75, 9999.0, 1.25, 1.5, 19.75, 9999.0, 9999.0, 9999.0, 119.0, 122.5, 118.0, 101.75, 133.25
2023-04-06, 14:08:25, 130.75, 51.25, 19.0, 25.75, 9999.0, 1.25, 1.5, 19.75, 9999.0, 9999.0, 9999.0, 119.0, 122.5, 117.75, 101.5, 133.25
2023-04-06, 14:08:29, 130.75, 51.25, 18.75, 25.75, 9999.0, 1.25, 1.25, 19.75, 9999.0, 9999.0, 9999.0, 118.75, 122.5, 117.75, 101.5, 133.25
2023-04-06, 14:08:33, 130.5, 51.25, 18.75, 26.0, 9999.0, 1.25, 1.5, 19.75, 9999.0, 9999.0, 9999.0, 118.5, 120.75, 117.25, 101.75, 133.25
2023-04-06, 14:08:37, 130.75, 51.25, 18.75, 26.0, 9999.0, 1.25, 1.5, 19.75, 9999.0, 9999.0, 9999.0, 119.0, 122.5, 118.0, 101.5, 133.25
2023-04-06, 14:08:41, 130.75, 51.25, 19.0, 25.75, 9999.0, 1.25, 1.5, 19.5, 9999.0, 9999.0, 9999.0, 118.75, 122.5, 117.75, 101.75, 133.25
2023-04-06, 14:08:46, 130.75, 51.25, 19.0, 25.75, 9999.0, 1.25, 1.5, 19.75, 9999.0, 9999.0, 9999.0, 118.75, 122.25, 117.75, 101.75, 133.25
2023-04-06, 14:08:50, 130.75, 51.25, 18.75, 25.75, 9999.0, 1.0, -0.25, 19.5, 9999.0, 9999.0, 9999.0, 118.75, 122.5, 118.0, 101.5, 133.5
2023-04-06, 14:08:54, 130.75, 51.25, 18.75, 25.75, 9999.0, 1.25, 1.5, 19.75, 9999.0, 9999.0, 9999.0, 118.75, 122.5, 118.0, 101.75, 133.25
2023-04-06, 14:08:58, 130.75, 51.25, 19.0, 25.75, 9999.0, 1.25, 1.5, 19.75, 9999.0, 9999.0, 9999.0, 118.75, 122.5, 118.0, 101.5, 133.25
2023-04-06, 14:09:02, 130.75, 51.25, 19.0, 25.75, 9999.0, 1.0, 1.5, 19.75, 9999.0, 9999.0, 9999.0, 118.75, 122.5, 118.0, 101.5, 133.25
2023-04-06, 14:09:06, 130.75, 51.25, 18.75, 25.0, 9999.0, -0.75, -0.75, 19.75, 9999.0, 9999.0, 9999.0, 118.75, 122.5, 118.0, 101.5, 133.25
2023-04-06, 14:09:10, 130.75, 51.25, 19.0, 26.0, 9999.0, 1.0, 1.5, 19.5, 9999.0, 9999.0, 9999.0, 118.5, 122.5, 117.75, 101.5, 133.25
2023-04-06, 14:09:14, 130.75, 51.25, 19.0, 26.0, 9999.0, 1.0, 1.5, 19.75, 9999.0, 9999.0, 9999.0, 118.75, 122.5, 118.0, 101.5, 133.25
2023-04-06, 14:09:18, 130.75, 51.25, 19.0, 26.0, 9999.0, 0.75, 1.25, 19.5, 9999.0, 9999.0, 9999.0, 118.5, 122.5, 118.0, 101.5, 133.25
2023-04-06, 14:09:22, 130.5, 50.5, 18.75, 24.0, 9999.0, 1.25, 1.25, 19.5, 9999.0, 9999.0, 9999.0, 118.5, 122.5, 118.0, 101.5, 133.5
2023-04-06, 14:09:26, 130.75, 51.25, 18.75, 26.0, 9999.0, 1.25, 1.5, 19.75, 9999.0, 9999.0, 9999.0, 118.5, 122.5, 118.0, 101.5, 133.25
2023-04-06, 14:09:30, 130.75, 51.25, 18.75, 26.0, 9999.0, 1.25, 1.25, 19.75, 9999.0, 9999.0, 9999.0, 118.5, 122.5, 118.0, 101.5, 133.5
2023-04-06, 14:09:34, 130.75, 51.25, 19.0, 26.0, 9999.0, 1.25, 1.5, 19.75, 9999.0, 9999.0, 9999.0, 118.25, 122.5, 118.0, 101.5, 131.0
2023-04-06, 14:09:38, 130.0, 49.75, 17.0, 25.75, 9999.0, 1.5, 1.5, 19.75, 9999.0, 9999.0, 9999.0, 119.25, 122.5, 118.0, 101.5, 133.5
2023-04-06, 14:09:42, 130.75, 51.25, 18.75, 26.0, 9999.0, 1.5, 1.5, 19.75, 9999.0, 9999.0, 9999.0, 119.0, 122.5, 118.0, 101.5, 133.25
2023-04-06, 14:09:46, 130.75, 51.25, 19.0, 26.0, 9999.0, 1.5, 1.5, 19.5, 9999.0, 9999.0, 9999.0, 119.0, 122.5, 118.0, 101.5, 133.25
2023-04-06, 14:09:50, 130.5, 51.0, 18.75, 25.75, 9999.0, 1.25, 1.5, 19.5, 9999.0, 9999.0, 9999.0, 119.0, 120.75, 117.5, 101.0, 130.5
2023-04-06, 14:09:54, 130.25, 51.0, 19.0, 26.0, 9999.0, 1.25, 1.5, 19.75, 9999.0, 9999.0, 9999.0, 119.0, 122.5, 118.0, 101.5, 133.25
2023-04-06, 14:09:58, 130.5, 51.0, 18.75, 25.75, 9999.0, 1.25, 1.5, 19.75, 9999.0, 9999.0, 9999.0, 119.0, 122.5, 118.0, 101.5, 133.5
2023-04-06, 14:10:02, 130.75, 51.25, 19.0, 26.0, 9999.0, 1.25, 1.25, 19.75, 9999.0, 9999.0, 9999.0, 118.75, 122.25, 118.0, 101.5, 133.25
2023-04-06, 14:10:06, 130.5, 51.25, 18.75, 25.75, 9999.0, 1.25, 1.5, 19.5, 9999.0, 9999.0, 9999.0, 118.5, 121.25, 115.0, 101.5, 133.25
2023-04-06, 14:10:10, 130.75, 51.25, 18.75, 25.75, 9999.0, 1.25, 1.25, 19.75, 9999.0, 9999.0, 9999.0, 118.75, 122.5, 118.0, 101.5, 133.25
2023-04-06, 14:10:14, 130.75, 51.25, 18.75, 26.0, 9999.0, 1.25, 1.5, 19.75, 9999.0, 9999.0, 9999.0, 118.75, 122.5, 118.0, 101.5, 133.25
2023-04-06, 14:10:18, 130.75, 51.25, 18.75, 26.0, 9999.0, 1.0, 1.5, 19.75, 9999.0, 9999.0, 9999.0, 118.75, 122.5, 117.75, 101.5, 133.25
2023-04-06, 14:10:22, 130.75, 51.0, 18.75, 25.75, 9999.0, 1.0, 1.25, 19.75, 9999.0, 9999.0, 9999.0, 116.75, 120.25, 118.0, 101.5, 133.25
2023-04-06, 14:10:26, 130.75, 51.25, 18.75, 25.75, 9999.0, 1.0, 1.5, 19.75, 9999.0, 9999.0, 9999.0, 118.75, 122.5, 118.0, 101.5, 133.25
2023-04-06, 14:10:30, 130.75, 51.25, 18.75, 25.75, 9999.0, 1.0, 1.5, 19.75, 9999.0, 9999.0, 9999.0, 118.75, 122.5, 118.0, 101.5, 133.25
2023-04-06, 14:10:34, 130.75, 51.25, 18.75, 25.75, 9999.0, 1.0, 1.25, 19.5, 9999.0, 9999.0, 9999.0, 118.5, 122.5, 117.75, 101.5, 133.25
2023-04-06, 14:10:38, 130.75, 51.25, 18.75, 25.75, 9999.0, 1.0, 1.25, 18.75, 9999.0, 9999.0, 9999.0, 118.5, 122.5, 118.0, 101.5, 133.25
2023-04-06, 14:10:42, 130.75, 51.25, 18.75, 25.75, 9999.0, 1.25, 1.25, 19.5, 9999.0, 9999.0, 9999.0, 118.5, 122.5, 118.0, 101.5, 133.25
2023-04-06, 14:10:46, 130.75, 51.25, 19.0, 26.0, 9999.0, 1.25, 1.25, 19.75, 9999.0, 9999.0, 9999.0, 118.5, 122.5, 118.0, 101.5, 133.25
2023-04-06, 14:10:50, 130.5, 51.25, 19.0, 25.75, 9999.0, 1.25, 1.5, 19.75, 9999.0, 9999.0, 9999.0, 118.5, 122.5, 118.0, 101.5, 133.25
2023-04-06, 14:10:54, 130.75, 51.25, 19.0, 25.75, 9999.0, -0.5, 1.25, 18.5, 9999.0, 9999.0, 9999.0, 118.5, 122.5, 118.0, 101.5, 133.25
2023-04-06, 14:10:58, 130.75, 51.25, 19.0, 25.75, 9999.0, 1.25, 1.5, 19.75, 9999.0, 9999.0, 9999.0, 119.0, 122.5, 118.0, 101.5, 133.25
2023-04-06, 14:11:02, 130.75, 51.25, 19.0, 26.0, 9999.0, 1.25, 1.5, 19.75, 9999.0, 9999.0, 9999.0, 119.0, 122.5, 117.75, 101.5, 133.25
2023-04-06, 14:11:06, 130.75, 51.25, 19.0, 25.75, 9999.0, 1.25, 1.5, 19.5, 9999.0, 9999.0, 9999.0, 119.0, 122.25, 118.0, 101.5, 133.25
2023-04-06, 14:11:10, 130.5, 51.0, 18.75, 25.0, 9999.0, -0.25, -1.25, 19.5, 9999.0, 9999.0, 9999.0, 119.0, 122.25, 118.0, 101.5, 133.25
2023-04-06, 14:11:14, 130.75, 51.25, 19.0, 26.0, 9999.0, 1.25, 1.5, 19.5, 9999.0, 9999.0, 9999.0, 119.0, 122.25, 118.0, 101.5, 133.25
2023-04-06, 14:11:18, 130.75, 51.25, 19.0, 25.75, 9999.0, 1.25, 1.5, 19.75, 9999.0, 9999.0, 9999.0, 118.75, 122.25, 117.75, 101.5, 133.25
2023-04-06, 14:11:22, 130.5, 51.25, 18.75, 25.75, 9999.0, 1.25, 1.25, 19.5, 9999.0, 9999.0, 9999.0, 118.75, 122.25, 118.0, 101.5, 133.25
2023-04-06, 14:11:26, 130.5, 49.5, 18.75, 24.25, 9999.0, 1.0, 1.25, 19.75, 9999.0, 9999.0, 9999.0, 118.75, 122.5, 117.75, 101.5, 133.25
2023-04-06, 14:11:30, 130.75, 51.25, 18.75, 25.75, 9999.0, 1.25, 1.25, 19.75, 9999.0, 9999.0, 9999.0, 118.75, 122.5, 118.0, 101.75, 133.25
2023-04-06, 14:11:34, 130.75, 51.25, 19.0, 25.75, 9999.0, 1.25, 1.5, 19.75, 9999.0, 9999.0, 9999.0, 118.75, 122.5, 118.0, 101.5, 133.25
2023-04-06, 14:11:38, 130.75, 51.25, 18.75, 25.5, 9999.0, 1.0, 1.5, 19.5, 9999.0, 9999.0, 9999.0, 118.75, 122.5, 117.75, 101.5, 131.0
2023-04-06, 14:11:42, 130.25, 50.0, 15.25, 25.75, 9999.0, 1.0, 1.5, 19.75, 9999.0, 9999.0, 9999.0, 118.75, 122.5, 118.0, 101.5, 133.25
2023-04-06, 14:11:46, 130.75, 51.25, 18.75, 25.75, 9999.0, 1.0, 1.25, 19.5, 9999.0, 9999.0, 9999.0, 118.5, 122.5, 118.0, 101.5, 133.25
2023-04-06, 14:11:50, 130.75, 51.25, 18.75, 25.75, 9999.0, 1.0, 1.25, 19.5, 9999.0, 9999.0, 9999.0, 118.75, 122.5, 118.0, 101.5, 133.25
2023-04-06, 14:11:54, 130.5, 51.25, 18.75, 25.75, 9999.0, 1.0, 1.5, 19.5, 9999.0, 9999.0, 9999.0, 118.5, 121.75, 117.5, 100.0, 129.5
2023-04-06, 14:11:58, 130.5, 51.0, 18.75, 25.75, 9999.0, 1.0, 1.25, 19.5, 9999.0, 9999.0, 9999.0, 118.5, 122.5, 118.0, 101.5, 133.25
2023-04-06, 14:12:02, 130.5, 51.25, 18.75, 25.75, 9999.0, 1.25, 1.25, 19.5, 9999.0, 9999.0, 9999.0, 118.5, 122.5, 118.0, 101.5, 133.25
2023-04-06, 14:12:06, 130.75, 51.25, 19.0, 25.75, 9999.0, 1.25, 1.25, 19.75, 9999.0, 9999.0, 9999.0, 118.5, 122.5, 118.0, 101.5, 133.25
2023-04-06, 14:12:10, 130.75, 51.25, 19.0, 25.75, 9999.0, 1.25, 1.25, 19.75, 9999.0, 9999.0, 9999.0, 117.25, 120.5, 117.25, 101.5, 133.25
2023-04-06, 14:12:14, 130.75, 51.25, 19.0, 25.75, 9999.0, 1.5, 1.25, 19.75, 9999.0, 9999.0, 9999.0, 118.5, 122.5, 118.0, 101.5, 133.25
2023-04-06, 14:12:18, 130.75, 51.25, 19.0, 26.0, 9999.0, 1.25, 1.5, 19.75, 9999.0, 9999.0, 9999.0, 119.0, 122.5, 118.0, 101.5, 133.25
2023-04-06, 14:12:22, 130.75, 51.25, 19.0, 25.75, 9999.0, 1.25, 1.25, 19.5, 9999.0, 9999.0, 9999.0, 119.0, 122.25, 118.0, 101.5, 133.25
2023-04-06, 14:12:26, 130.75, 51.0, 19.0, 25.75, 9999.0, 1.25, 0.5, 19.5, 9999.0, 9999.0, 9999.0, 119.0, 122.5, 117.75, 101.5, 133.25
2023-04-06, 14:12:30, 130.75, 51.25, 18.75, 26.0, 9999.0, 1.25, 1.25, 19.75, 9999.0, 9999.0, 9999.0, 119.0, 122.5, 118.0, 101.5, 133.25
2023-04-06, 14:12:34, 130.5, 51.25, 19.0, 26.0, 9999.0, 1.25, 1.25, 19.5, 9999.0, 9999.0, 9999.0, 118.75, 122.25, 118.0, 101.5, 133.25
2023-04-06, 14:12:38, 130.75, 51.25, 18.75, 26.0, 9999.0, 1.25, 1.5, 19.75, 9999.0, 9999.0, 9999.0, 118.75, 122.25, 118.0, 101.5, 133.25
2023-04-06, 14:12:42, 130.5, 51.0, 18.75, 24.5, 9999.0, 0.25, -0.25, 19.5, 9999.0, 9999.0, 9999.0, 118.75, 122.25, 118.0, 101.5, 133.25
2023-04-06, 14:12:46, 130.5, 51.25, 18.75, 25.5, 9999.0, 1.25, 1.25, 19.5, 9999.0, 9999.0, 9999.0, 118.75, 122.5, 118.0, 101.5, 133.25
2023-04-06, 14:12:50, 130.5, 51.25, 18.75, 25.5, 9999.0, 1.0, 1.5, 19.5, 9999.0, 9999.0, 9999.0, 118.75, 122.5, 118.0, 101.5, 133.25
2023-04-06, 14:12:54, 130.5, 51.0, 18.75, 25.5, 9999.0, 1.25, 1.25, 19.5, 9999.0, 9999.0, 9999.0, 118.75, 122.5, 118.0, 101.5, 133.25
2023-04-06, 14:12:58, 130.5, 49.5, 18.5, 24.25, 9999.0, 1.0, 1.25, 19.5, 9999.0, 9999.0, 9999.0, 118.75, 122.5, 118.0, 101.5, 133.25
2023-04-06, 14:13:02, 130.5, 51.0, 19.0, 25.75, 9999.0, 1.0, 1.25, 19.75, 9999.0, 9999.0, 9999.0, 118.75, 122.5, 118.0, 101.5, 133.25
2023-04-06, 14:13:06, 130.5, 51.0, 19.0, 25.75, 9999.0, 1.0, 1.25, 19.5, 9999.0, 9999.0, 9999.0, 118.75, 122.5, 118.0, 101.5, 133.25
2023-04-06, 14:13:10, 130.75, 51.25, 19.0, 25.75, 9999.0, 0.75, 1.25, 19.5, 9999.0, 9999.0, 9999.0, 118.5, 122.5, 118.0, 101.5, 133.0
2023-04-06, 14:13:15, 130.0, 50.75, 17.0, 25.0, 9999.0, 1.0, 1.25, 19.5, 9999.0, 9999.0, 9999.0, 118.5, 122.5, 117.75, 101.5, 133.25
2023-04-06, 14:13:19, 130.5, 51.25, 19.0, 26.0, 9999.0, 1.0, 1.25, 19.5, 9999.0, 9999.0, 9999.0, 118.5, 122.5, 118.0, 101.5, 133.25
2023-04-06, 14:13:23, 130.5, 51.25, 19.0, 26.0, 9999.0, 1.25, 1.25, 19.5, 9999.0, 9999.0, 9999.0, 118.5, 122.5, 118.0, 101.5, 133.25
2023-04-06, 14:13:27, 130.5, 51.0, 18.5, 26.0, 9999.0, 1.0, 1.25, 19.5, 9999.0, 9999.0, 9999.0, 118.5, 122.5, 117.0, 101.25, 132.25
2023-04-06, 14:13:31, 128.0, 51.0, 19.0, 25.75, 9999.0, 1.25, 1.25, 19.5, 9999.0, 9999.0, 9999.0, 118.25, 122.5, 118.0, 101.5, 133.25
2023-04-06, 14:13:35, 130.5, 51.0, 18.75, 25.75, 9999.0, 1.25, 1.25, 19.5, 9999.0, 9999.0, 9999.0, 118.25, 122.5, 118.0, 101.5, 133.25
2023-04-06, 14:13:39, 130.5, 51.0, 19.0, 25.75, 9999.0, 1.25, 1.25, 19.5, 9999.0, 9999.0, 9999.0, 119.0, 122.5, 118.0, 101.5, 133.0
2023-04-06, 14:13:43, 130.5, 51.0, 18.75, 25.75, 9999.0, 1.25, 1.25, 19.5, 9999.0, 9999.0, 9999.0, 118.25, 121.5, 116.5, 101.25, 133.25
2023-04-06, 14:13:47, 130.5, 51.25, 18.75, 25.75, 9999.0, 1.25, 1.25, 19.5, 9999.0, 9999.0, 9999.0, 119.0, 122.5, 118.0, 101.5, 133.25
2023-04-06, 14:13:51, 130.5, 51.0, 18.75, 25.75, 9999.0, 1.25, 1.25, 19.5, 9999.0, 9999.0, 9999.0, 119.0, 122.5, 118.0, 101.5, 133.25
2023-04-06, 14:13:55, 130.5, 51.0, 18.75, 25.75, 9999.0, 1.25, 1.25, 19.5, 9999.0, 9999.0, 9999.0, 118.75, 122.25, 118.0, 101.5, 133.25
2023-04-06, 14:13:59, 130.5, 51.0, 18.75, 25.75, 9999.0, 1.0, 1.25, 19.0, 9999.0, 9999.0, 9999.0, 117.75, 122.25, 117.75, 101.5, 133.25
2023-04-06, 14:14:03, 130.5, 51.0, 18.75, 25.75, 9999.0, 1.0, 1.25, 19.5, 9999.0, 9999.0, 9999.0, 118.75, 122.25, 118.0, 101.5, 133.25
2023-04-06, 14:14:07, 130.5, 51.0, 18.75, 26.0, 9999.0, 1.0, 1.25, 19.5, 9999.0, 9999.0, 9999.0, 118.75, 122.5, 118.0, 101.5, 133.25
2023-04-06, 14:14:11, 130.5, 51.0, 18.75, 25.75, 9999.0, 1.0, 1.25, 19.5, 9999.0, 9999.0, 9999.0, 118.75, 122.5, 118.0, 101.5, 133.25
2023-04-06, 14:14:15, 130.5, 51.0, 19.0, 25.75, 9999.0, 1.0, 0.0, 19.5, 9999.0, 9999.0, 9999.0, 118.75, 122.5, 118.0, 101.5, 133.25
2023-04-06, 14:14:19, 130.5, 51.0, 18.75, 25.75, 9999.0, 1.0, 1.25, 19.5, 9999.0, 9999.0, 9999.0, 118.75, 122.5, 118.0, 101.5, 133.25
2023-04-06, 14:14:23, 130.5, 51.0, 18.75, 25.75, 9999.0, 1.0, 1.25, 19.5, 9999.0, 9999.0, 9999.0, 118.75, 122.5, 117.75, 101.5, 133.25
2023-04-06, 14:14:27, 130.5, 51.25, 18.75, 25.75, 9999.0, 1.0, 1.25, 19.5, 9999.0, 9999.0, 9999.0, 118.75, 122.5, 118.0, 101.5, 133.25
2023-04-06, 14:14:31, 130.5, 51.0, 18.75, 25.5, 9999.0, 0.25, 0.75, 18.0, 9999.0, 9999.0, 9999.0, 118.5, 122.5, 118.0, 101.5, 133.25
2023-04-06, 14:14:35, 130.5, 51.0, 18.75, 25.75, 9999.0, 0.75, 1.25, 19.5, 9999.0, 9999.0, 9999.0, 118.5, 122.5, 118.0, 101.5, 133.25
2023-04-06, 14:14:39, 130.5, 51.0, 18.75, 25.75, 9999.0, 1.0, 1.25, 19.5, 9999.0, 9999.0, 9999.0, 118.5, 122.5, 118.0, 101.5, 133.25
2023-04-06, 14:14:43, 130.5, 51.0, 18.75, 25.75, 9999.0, 1.25, 1.0, 19.5, 9999.0, 9999.0, 9999.0, 118.5, 122.5, 118.0, 101.5, 133.25
2023-04-06, 14:14:47, 130.5, 49.75, 18.0, 24.75, 9999.0, 0.5, 1.25, 19.5, 9999.0, 9999.0, 9999.0, 118.5, 122.5, 118.0, 101.5, 133.25
2023-04-06, 14:14:51, 130.5, 51.0, 18.75, 25.75, 9999.0, 1.25, 1.25, 19.5, 9999.0, 9999.0, 9999.0, 118.25, 122.25, 118.0, 101.25, 133.25
2023-04-06, 14:14:55, 130.5, 51.0, 18.75, 25.75, 9999.0, 1.25, 1.25, 19.5, 9999.0, 9999.0, 9999.0, 118.25, 122.5, 118.0, 101.5, 133.25
2023-04-06, 14:14:59, 130.5, 51.0, 18.75, 25.75, 9999.0, 1.25, 1.25, 19.5, 9999.0, 9999.0, 9999.0, 119.0, 122.5, 118.0, 101.5, 133.25
2023-04-06, 14:15:03, 129.25, 50.75, 17.5, 23.25, 9999.0, 1.25, 1.25, 19.5, 9999.0, 9999.0, 9999.0, 119.0, 122.25, 117.75, 101.5, 133.25
2023-04-06, 14:15:07, 130.5, 51.0, 18.75, 26.0, 9999.0, 1.25, 1.25, 19.5, 9999.0, 9999.0, 9999.0, 119.0, 122.5, 118.0, 101.5, 133.25
2023-04-06, 14:15:11, 130.5, 51.0, 18.75, 26.0, 9999.0, 1.25, 1.25, 19.5, 9999.0, 9999.0, 9999.0, 118.75, 122.5, 118.0, 101.5, 133.25
2023-04-06, 14:15:15, 130.5, 51.0, 18.75, 26.0, 9999.0, 1.0, 1.25, 19.5, 9999.0, 9999.0, 9999.0, 118.75, 122.25, 117.0, 101.25, 131.75
2023-04-06, 14:15:19, 127.25, 51.0, 19.0, 26.0, 9999.0, 1.0, 1.25, 19.5, 9999.0, 9999.0, 9999.0, 118.75, 122.5, 118.0, 101.25, 133.25
2023-04-06, 14:15:23, 130.5, 51.0, 19.0, 25.75, 9999.0, 1.0, 1.25, 19.5, 9999.0, 9999.0, 9999.0, 118.75, 122.25, 118.0, 101.5, 133.0
2023-04-06, 14:15:27, 130.5, 51.0, 19.0, 25.75, 9999.0, 1.0, 1.25, 19.5, 9999.0, 9999.0, 9999.0, 118.75, 122.5, 118.0, 101.25, 133.0
2023-04-06, 14:15:31, 130.5, 51.0, 18.75, 25.75, 9999.0, 1.0, 1.25, 19.5, 9999.0, 9999.0, 9999.0, 118.5, 121.25, 116.25, 101.5, 133.25
2023-04-06, 14:15:35, 130.5, 51.0, 18.75, 25.75, 9999.0, 1.0, 1.25, 19.5, 9999.0, 9999.0, 9999.0, 118.75, 122.5, 118.0, 101.5, 133.25
2023-04-06, 14:15:39, 130.5, 51.0, 18.75, 25.75, 9999.0, 1.0, 1.25, 19.5, 9999.0, 9999.0, 9999.0, 118.75, 122.5, 118.0, 101.25, 133.25
2023-04-06, 14:15:43, 130.5, 51.0, 19.0, 25.75, 9999.0, 1.0, 1.25, 19.5, 9999.0, 9999.0, 9999.0, 118.75, 122.25, 118.0, 101.25, 133.25
2023-04-06, 14:15:47, 130.5, 51.0, 18.75, 26.0, 9999.0, 0.75, 1.25, 18.75, 9999.0, 9999.0, 9999.0, 118.25, 122.5, 118.0, 101.5, 133.25
2023-04-06, 14:15:51, 130.5, 51.0, 18.75, 25.75, 9999.0, 1.0, 1.25, 19.5, 9999.0, 9999.0, 9999.0, 118.5, 122.5, 118.0, 101.5, 133.25
2023-04-06, 14:15:55, 130.5, 51.0, 18.75, 26.0, 9999.0, 1.0, 1.25, 19.5, 9999.0, 9999.0, 9999.0, 118.5, 122.5, 118.0, 101.5, 133.25
2023-04-06, 14:15:59, 130.5, 51.0, 18.75, 25.75, 9999.0, 1.0, 1.25, 19.5, 9999.0, 9999.0, 9999.0, 118.5, 122.5, 118.0, 101.5, 133.25
2023-04-06, 14:16:03, 130.5, 51.0, 19.0, 25.75, 9999.0, -0.5, 1.0, 18.5, 9999.0, 9999.0, 9999.0, 118.25, 122.5, 118.0, 101.5, 133.25
2023-04-06, 14:16:07, 130.5, 51.0, 18.75, 26.0, 9999.0, 1.0, 1.25, 19.5, 9999.0, 9999.0, 9999.0, 118.5, 122.5, 118.0, 101.5, 133.25
2023-04-06, 14:16:11, 130.5, 51.25, 19.0, 26.0, 9999.0, 1.25, 1.25, 19.5, 9999.0, 9999.0, 9999.0, 118.25, 122.5, 118.0, 101.5, 133.25
2023-04-06, 14:16:15, 130.5, 51.0, 19.0, 26.0, 9999.0, 1.25, 1.25, 19.5, 9999.0, 9999.0, 9999.0, 118.25, 122.5, 118.0, 101.5, 133.25
2023-04-06, 14:16:19, 130.5, 51.0, 18.0, 25.5, 9999.0, -2.5, 1.25, 19.5, 9999.0, 9999.0, 9999.0, 119.0, 122.5, 118.0, 101.5, 133.25
2023-04-06, 14:16:23, 130.5, 51.0, 18.75, 25.5, 9999.0, 1.25, 1.25, 19.5, 9999.0, 9999.0, 9999.0, 119.0, 122.5, 118.0, 101.5, 133.25
2023-04-06, 14:16:27, 130.5, 51.25, 18.75, 25.75, 9999.0, 1.25, 1.25, 19.5, 9999.0, 9999.0, 9999.0, 119.0, 122.5, 118.0, 101.5, 133.25
2023-04-06, 14:16:31, 130.5, 51.25, 18.75, 25.5, 9999.0, 1.0, 1.25, 19.5, 9999.0, 9999.0, 9999.0, 118.75, 122.5, 118.0, 101.5, 132.25
2023-04-06, 14:16:35, 130.25, 49.25, 17.0, 25.75, 9999.0, 1.0, 1.25, 19.5, 9999.0, 9999.0, 9999.0, 118.75, 122.5, 118.0, 101.5, 133.25
2023-04-06, 14:16:39, 130.5, 51.0, 18.75, 25.75, 9999.0, 1.25, 1.25, 19.5, 9999.0, 9999.0, 9999.0, 118.75, 122.25, 118.0, 101.5, 133.25
2023-04-06, 14:16:43, 130.5, 51.0, 18.75, 26.0, 9999.0, 1.0, 1.25, 19.5, 9999.0, 9999.0, 9999.0, 118.75, 122.5, 117.75, 101.5, 133.25
2023-04-06, 14:16:47, 130.5, 51.0, 18.75, 26.0, 9999.0, 1.0, 1.25, 19.5, 9999.0, 9999.0, 9999.0, 118.75, 121.0, 117.75, 100.75, 129.25
2023-04-06, 14:16:51, 130.5, 51.0, 18.75, 26.0, 9999.0, 1.0, 1.25, 19.5, 9999.0, 9999.0, 9999.0, 118.75, 122.5, 118.0, 101.5, 133.25
2023-04-06, 14:16:55, 130.75, 51.25, 19.0, 26.0, 9999.0, 1.0, 1.25, 19.5, 9999.0, 9999.0, 9999.0, 118.75, 122.5, 118.0, 101.5, 133.25
2023-04-06, 14:16:59, 130.5, 51.25, 19.0, 26.0, 9999.0, 1.0, 1.25, 19.5, 9999.0, 9999.0, 9999.0, 118.75, 122.5, 118.0, 101.5, 133.25
2023-04-06, 14:17:03, 130.5, 51.25, 19.0, 25.75, 9999.0, 1.0, 1.25, 19.5, 9999.0, 9999.0, 9999.0, 117.25, 120.0, 118.0, 101.75, 133.25
2023-04-06, 14:17:07, 130.75, 51.25, 19.0, 26.0, 9999.0, 1.0, 1.25, 19.5, 9999.0, 9999.0, 9999.0, 118.5, 122.5, 118.0, 101.5, 133.25
2023-04-06, 14:17:11, 130.5, 51.25, 19.0, 25.75, 9999.0, 1.0, 1.25, 19.5, 9999.0, 9999.0, 9999.0, 118.5, 122.5, 118.0, 101.5, 133.25
2023-04-06, 14:17:15, 130.5, 51.25, 19.0, 26.0, 9999.0, 1.0, 1.25, 19.5, 9999.0, 9999.0, 9999.0, 118.5, 122.5, 118.0, 101.5, 133.25
2023-04-06, 14:17:19, 130.75, 51.25, 19.0, 25.75, 9999.0, 1.25, 1.25, 19.25, 9999.0, 9999.0, 9999.0, 117.75, 122.5, 118.0, 101.75, 133.25
2023-04-06, 14:17:23, 130.5, 51.25, 19.0, 25.75, 9999.0, 1.25, 1.25, 19.5, 9999.0, 9999.0, 9999.0, 118.5, 122.5, 118.0, 101.5, 133.25
2023-04-06, 14:17:27, 130.5, 51.0, 19.0, 25.75, 9999.0, 1.25, 1.25, 19.5, 9999.0, 9999.0, 9999.0, 118.5, 122.5, 118.0, 101.5, 133.25
2023-04-06, 14:17:31, 130.5, 51.25, 19.0, 26.0, 9999.0, 1.25, 1.25, 19.5, 9999.0, 9999.0, 9999.0, 118.25, 122.5, 118.0, 101.5, 133.25
2023-04-06, 14:17:35, 130.5, 51.25, 19.0, 25.75, 9999.0, 0.5, 0.75, 18.0, 9999.0, 9999.0, 9999.0, 118.25, 122.5, 118.0, 101.5, 133.25
2023-04-06, 14:17:40, 130.75, 51.25, 19.0, 25.75, 9999.0, 1.25, 1.25, 19.75, 9999.0, 9999.0, 9999.0, 119.0, 122.5, 118.0, 101.5, 133.25
2023-04-06, 14:17:44, 130.75, 51.25, 19.0, 25.75, 9999.0, 1.25, 1.5, 19.5, 9999.0, 9999.0, 9999.0, 119.0, 122.5, 118.0, 101.5, 133.25
2023-04-06, 14:17:48, 130.75, 51.25, 19.0, 26.0, 9999.0, 1.25, 1.25, 19.5, 9999.0, 9999.0, 9999.0, 119.0, 122.5, 118.0, 101.5, 133.25
2023-04-06, 14:17:52, 130.75, 51.25, 19.0, 25.0, 9999.0, -0.5, -1.0, 19.5, 9999.0, 9999.0, 9999.0, 119.0, 122.5, 118.0, 101.5, 133.25
2023-04-06, 14:17:56, 130.75, 51.25, 19.0, 26.0, 9999.0, 1.25, 1.5, 19.5, 9999.0, 9999.0, 9999.0, 118.75, 122.5, 118.0, 101.5, 133.25
2023-04-06, 14:18:00, 130.5, 51.25, 19.0, 26.0, 9999.0, 1.25, 1.25, 19.75, 9999.0, 9999.0, 9999.0, 119.0, 122.5, 118.0, 101.75, 133.25
2023-04-06, 14:18:04, 130.75, 51.25, 19.0, 26.0, 9999.0, 1.0, 1.25, 19.5, 9999.0, 9999.0, 9999.0, 118.75, 122.25, 118.0, 101.5, 133.25
2023-04-06, 14:18:08, 129.5, 50.25, 18.25, 24.0, 9999.0, 1.0, 1.5, 19.75, 9999.0, 9999.0, 9999.0, 118.75, 122.5, 118.0, 101.75, 133.25
2023-04-06, 14:18:12, 130.75, 51.25, 19.0, 25.75, 9999.0, 1.25, 1.25, 19.5, 9999.0, 9999.0, 9999.0, 118.75, 122.5, 117.75, 101.75, 133.25
2023-04-06, 14:18:16, 130.75, 51.25, 19.0, 25.75, 9999.0, 1.0, 1.25, 19.75, 9999.0, 9999.0, 9999.0, 118.75, 122.5, 117.75, 101.75, 133.25
2023-04-06, 14:18:20, 130.75, 51.25, 19.0, 25.75, 9999.0, 1.25, 1.5, 19.75, 9999.0, 9999.0, 9999.0, 118.75, 122.5, 117.5, 101.0, 133.0
2023-04-06, 14:18:24, 129.25, 49.75, 19.0, 25.75, 9999.0, 1.0, 1.25, 19.75, 9999.0, 9999.0, 9999.0, 118.75, 122.5, 118.0, 101.75, 133.25
2023-04-06, 14:18:28, 130.75, 51.25, 19.0, 25.75, 9999.0, 1.25, 1.25, 19.75, 9999.0, 9999.0, 9999.0, 118.75, 122.5, 117.75, 101.5, 133.25
2023-04-06, 14:18:32, 130.75, 51.25, 19.0, 25.75, 9999.0, 1.0, 1.5, 19.75, 9999.0, 9999.0, 9999.0, 118.5, 122.5, 117.75, 101.75, 133.25
2023-04-06, 14:18:36, 130.75, 51.25, 19.0, 25.75, 9999.0, 1.0, 1.5, 19.5, 9999.0, 9999.0, 9999.0, 118.5, 121.25, 117.75, 100.75, 129.5
2023-04-06, 14:18:40, 130.75, 51.25, 19.0, 25.75, 9999.0, 1.25, 1.25, 19.75, 9999.0, 9999.0, 9999.0, 118.5, 122.5, 117.75, 101.75, 133.25
2023-04-06, 14:18:44, 130.75, 51.25, 19.0, 26.0, 9999.0, 1.25, 1.5, 19.75, 9999.0, 9999.0, 9999.0, 118.5, 122.5, 118.0, 101.75, 133.25
2023-04-06, 14:18:48, 130.75, 51.25, 19.0, 26.0, 9999.0, 1.25, 1.25, 19.5, 9999.0, 9999.0, 9999.0, 118.5, 122.5, 118.0, 101.5, 133.25
2023-04-06, 14:18:52, 130.75, 51.25, 19.0, 25.75, 9999.0, 1.25, 1.5, 19.75, 9999.0, 9999.0, 9999.0, 117.25, 120.75, 117.25, 101.5, 133.25
2023-04-06, 14:18:56, 130.75, 51.25, 19.0, 26.0, 9999.0, 1.25, 1.5, 19.75, 9999.0, 9999.0, 9999.0, 119.25, 122.5, 118.0, 101.5, 133.25
2023-04-06, 14:19:00, 130.75, 51.25, 19.0, 25.75, 9999.0, 1.25, 1.5, 19.75, 9999.0, 9999.0, 9999.0, 119.25, 122.5, 118.0, 101.5, 133.25
2023-04-06, 14:19:04, 130.75, 51.25, 19.0, 26.0, 9999.0, 1.25, 1.5, 19.5, 9999.0, 9999.0, 9999.0, 119.0, 122.25, 117.75, 101.5, 133.25
2023-04-06, 14:19:08, 130.75, 51.25, 19.0, 26.0, 9999.0, 1.25, 1.25, 19.0, 9999.0, 9999.0, 9999.0, 118.0, 122.5, 118.0, 101.5, 133.25
2023-04-06, 14:19:12, 130.75, 51.25, 19.0, 26.0, 9999.0, 1.25, 1.5, 19.75, 9999.0, 9999.0, 9999.0, 119.0, 122.5, 118.0, 101.5, 133.25
2023-04-06, 14:19:16, 130.75, 51.25, 19.0, 26.0, 9999.0, 1.25, 1.5, 19.75, 9999.0, 9999.0, 9999.0, 119.0, 122.5, 118.0, 101.5, 133.5
2023-04-06, 14:19:20, 130.75, 51.25, 19.0, 26.0, 9999.0, 1.25, 1.5, 19.75, 9999.0, 9999.0, 9999.0, 118.75, 122.5, 118.0, 101.5, 133.25
2023-04-06, 14:19:24, 130.75, 51.25, 19.0, 26.0, 9999.0, -0.25, 0.75, 18.75, 9999.0, 9999.0, 9999.0, 118.75, 122.5, 117.75, 101.75, 133.25
2023-04-06, 14:19:28, 130.75, 51.25, 19.0, 26.0, 9999.0, 1.25, 1.5, 19.75, 9999.0, 9999.0, 9999.0, 118.75, 122.75, 117.75, 101.5, 133.25
2023-04-06, 14:19:32, 130.75, 51.25, 19.0, 25.75, 9999.0, 1.25, 1.5, 19.75, 9999.0, 9999.0, 9999.0, 118.75, 122.5, 118.0, 101.5, 133.5
2023-04-06, 14:19:36, 130.75, 51.25, 19.0, 25.75, 9999.0, 1.25, 1.5, 19.5, 9999.0, 9999.0, 9999.0, 118.75, 122.5, 117.75, 101.5, 133.25
2023-04-06, 14:19:40, 130.75, 51.25, 18.0, 25.5, 9999.0, -2.5, 1.25, 19.75, 9999.0, 9999.0, 9999.0, 118.75, 122.5, 118.0, 101.5, 133.25
2023-04-06, 14:19:44, 130.75, 51.25, 19.0, 25.5, 9999.0, 1.0, 1.5, 19.75, 9999.0, 9999.0, 9999.0, 118.75, 122.5, 118.0, 101.5, 133.25
2023-04-06, 14:19:48, 130.75, 51.25, 19.0, 25.75, 9999.0, 1.0, 1.25, 19.75, 9999.0, 9999.0, 9999.0, 118.75, 122.5, 118.0, 101.5, 133.25
2023-04-06, 14:19:52, 130.75, 51.25, 19.0, 25.75, 9999.0, 1.0, 1.25, 19.75, 9999.0, 9999.0, 9999.0, 118.75, 122.5, 117.75, 101.5, 133.25
2023-04-06, 14:19:56, 129.25, 50.75, 18.25, 23.0, 9999.0, 1.0, 1.5, 19.75, 9999.0, 9999.0, 9999.0, 118.5, 122.5, 118.0, 101.5, 133.25
2023-04-06, 14:20:00, 130.75, 51.25, 19.0, 25.75, 9999.0, 1.25, 1.25, 19.75, 9999.0, 9999.0, 9999.0, 118.5, 122.5, 118.0, 101.5, 133.25
2023-04-06, 14:20:04, 130.75, 51.25, 19.0, 25.75, 9999.0, 1.25, 1.5, 19.75, 9999.0, 9999.0, 9999.0, 118.5, 122.5, 118.0, 101.5, 133.25
2023-04-06, 14:20:08, 130.75, 51.25, 19.0, 25.75, 9999.0, 1.25, 1.5, 19.75, 9999.0, 9999.0, 9999.0, 118.5, 122.5, 118.0, 100.25, 132.75
2023-04-06, 14:20:12, 130.0, 48.5, 18.5, 26.0, 9999.0, 1.5, 1.5, 19.75, 9999.0, 9999.0, 9999.0, 118.5, 122.5, 118.0, 101.5, 133.5
2023-04-06, 14:20:16, 130.75, 51.25, 19.0, 26.0, 9999.0, 1.5, 1.5, 19.75, 9999.0, 9999.0, 9999.0, 119.0, 122.5, 118.0, 101.5, 133.25
2023-04-06, 14:20:20, 130.75, 51.25, 19.0, 26.0, 9999.0, 1.5, 1.5, 19.75, 9999.0, 9999.0, 9999.0, 119.0, 122.5, 118.0, 101.5, 133.25
2023-04-06, 14:20:24, 130.75, 51.0, 19.0, 25.75, 9999.0, 1.25, 1.5, 19.75, 9999.0, 9999.0, 9999.0, 119.0, 120.75, 117.5, 101.0, 130.5
2023-04-06, 14:20:28, 130.25, 51.25, 19.0, 26.0, 9999.0, 1.25, 1.5, 19.75, 9999.0, 9999.0, 9999.0, 119.0, 122.5, 117.75, 101.5, 133.25
2023-04-06, 14:20:32, 130.75, 51.25, 19.0, 26.0, 9999.0, 1.25, 1.5, 19.75, 9999.0, 9999.0, 9999.0, 118.75, 122.5, 117.75, 101.5, 133.5
2023-04-06, 14:20:36, 130.75, 51.25, 19.0, 26.0, 9999.0, 1.25, 1.5, 19.75, 9999.0, 9999.0, 9999.0, 118.75, 122.5, 117.75, 101.5, 133.25
2023-04-06, 14:20:40, 130.5, 51.25, 19.0, 26.0, 9999.0, 1.25, 1.5, 19.5, 9999.0, 9999.0, 9999.0, 118.5, 120.75, 117.25, 101.5, 133.25
2023-04-06, 14:20:44, 130.75, 51.25, 19.0, 25.75, 9999.0, 1.25, 1.5, 19.5, 9999.0, 9999.0, 9999.0, 118.75, 122.25, 117.75, 101.5, 133.25
2023-04-06, 14:20:48, 130.75, 51.25, 19.0, 25.75, 9999.0, 1.25, 1.5, 19.75, 9999.0, 9999.0, 9999.0, 118.75, 122.5, 118.0, 101.5, 133.25
2023-04-06, 14:20:52, 130.75, 51.25, 19.0, 25.75, 9999.0, 1.0, 1.5, 19.75, 9999.0, 9999.0, 9999.0, 118.75, 122.5, 117.75, 101.5, 133.25
2023-04-06, 14:20:56, 130.75, 51.25, 19.0, 25.75, 9999.0, 1.0, 1.25, 19.0, 9999.0, 9999.0, 9999.0, 118.75, 122.5, 117.75, 101.5, 133.25
2023-04-06, 14:21:00, 130.75, 51.25, 19.0, 25.75, 9999.0, 1.25, 1.5, 19.75, 9999.0, 9999.0, 9999.0, 118.75, 122.5, 117.75, 101.5, 133.25
2023-04-06, 14:21:04, 130.75, 51.25, 19.0, 26.0, 9999.0, 1.0, 1.5, 19.75, 9999.0, 9999.0, 9999.0, 118.75, 122.5, 117.75, 101.5, 133.25
2023-04-06, 14:21:08, 130.75, 51.25, 19.0, 25.75, 9999.0, 1.0, 1.5, 19.75, 9999.0, 9999.0, 9999.0, 118.5, 122.5, 117.75, 101.5, 133.25
2023-04-06, 14:21:12, 130.75, 51.25, 19.0, 25.75, 9999.0, 0.75, 0.25, 17.25, 9999.0, 9999.0, 9999.0, 118.5, 122.5, 117.75, 101.5, 133.25
2023-04-06, 14:21:16, 130.75, 51.25, 19.0, 25.5, 9999.0, 1.0, 1.5, 19.75, 9999.0, 9999.0, 9999.0, 118.5, 122.5, 118.0, 101.5, 133.25
2023-04-06, 14:21:20, 130.75, 51.25, 19.0, 25.75, 9999.0, 1.25, 1.5, 19.75, 9999.0, 9999.0, 9999.0, 118.5, 122.5, 118.0, 101.5, 133.25
2023-04-06, 14:21:24, 130.75, 51.25, 19.0, 25.75, 9999.0, 1.25, 1.25, 19.5, 9999.0, 9999.0, 9999.0, 118.5, 122.5, 117.75, 101.5, 133.25
2023-04-06, 14:21:28, 130.75, 50.25, 18.0, 24.5, 9999.0, 0.25, 1.25, 19.75, 9999.0, 9999.0, 9999.0, 118.5, 122.5, 118.0, 101.25, 133.25
2023-04-06, 14:21:32, 130.75, 51.25, 18.75, 25.5, 9999.0, 1.25, 1.5, 19.5, 9999.0, 9999.0, 9999.0, 118.25, 122.5, 117.75, 101.5, 133.25
2023-04-06, 14:21:36, 130.75, 51.25, 18.75, 25.75, 9999.0, 1.25, 1.5, 19.5, 9999.0, 9999.0, 9999.0, 119.0, 122.5, 117.75, 101.5, 133.25
2023-04-06, 14:21:40, 130.75, 51.25, 18.75, 26.0, 9999.0, 1.25, 1.25, 19.5, 9999.0, 9999.0, 9999.0, 119.0, 122.25, 117.75, 101.25, 132.0
2023-04-06, 14:21:44, 130.5, 50.0, 15.5, 25.75, 9999.0, 1.25, 1.25, 19.5, 9999.0, 9999.0, 9999.0, 119.0, 122.25, 117.75, 101.5, 133.25
2023-04-06, 14:21:48, 130.75, 51.25, 18.75, 26.0, 9999.0, 1.25, 1.5, 19.5, 9999.0, 9999.0, 9999.0, 119.0, 122.5, 117.75, 101.5, 133.25
2023-04-06, 14:21:52, 130.75, 51.25, 19.0, 25.75, 9999.0, 1.25, 1.25, 19.5, 9999.0, 9999.0, 9999.0, 119.0, 122.25, 117.75, 101.5, 133.25
2023-04-06, 14:21:56, 130.5, 51.0, 18.75, 25.75, 9999.0, 1.25, 1.5, 19.5, 9999.0, 9999.0, 9999.0, 118.75, 121.5, 117.5, 100.5, 131.0
2023-04-06, 14:22:00, 130.75, 51.25, 18.75, 26.0, 9999.0, 1.25, 1.25, 19.5, 9999.0, 9999.0, 9999.0, 118.75, 122.25, 117.75, 101.5, 133.25
2023-04-06, 14:22:04, 130.75, 51.25, 19.0, 25.75, 9999.0, 1.25, 1.5, 19.5, 9999.0, 9999.0, 9999.0, 118.75, 122.5, 117.75, 101.5, 133.25
2023-04-06, 14:22:09, 130.75, 51.25, 19.0, 25.75, 9999.0, 1.0, 1.5, 19.5, 9999.0, 9999.0, 9999.0, 118.75, 122.5, 117.75, 101.25, 133.25
2023-04-06, 14:22:13, 130.75, 51.0, 18.75, 26.0, 9999.0, 1.0, 1.25, 19.5, 9999.0, 9999.0, 9999.0, 117.25, 121.75, 117.75, 101.5, 133.25
2023-04-06, 14:22:17, 130.75, 51.25, 19.0, 26.0, 9999.0, 1.0, 1.25, 19.5, 9999.0, 9999.0, 9999.0, 118.75, 122.5, 117.75, 101.5, 133.25
2023-04-06, 14:22:21, 130.75, 51.25, 19.0, 25.75, 9999.0, 1.0, 1.25, 19.5, 9999.0, 9999.0, 9999.0, 118.75, 122.5, 117.75, 101.5, 133.25
2023-04-06, 14:22:25, 130.75, 51.25, 19.0, 25.75, 9999.0, 1.0, 1.25, 19.5, 9999.0, 9999.0, 9999.0, 118.5, 122.5, 117.75, 101.25, 133.25
2023-04-06, 14:22:29, 130.5, 51.0, 18.75, 25.25, 9999.0, 0.0, 1.0, 18.5, 9999.0, 9999.0, 9999.0, 118.5, 122.5, 117.75, 101.25, 133.25
2023-04-06, 14:22:33, 130.75, 51.25, 19.0, 25.25, 9999.0, 1.0, 1.5, 19.5, 9999.0, 9999.0, 9999.0, 118.5, 122.5, 117.75, 101.5, 133.25
2023-04-06, 14:22:37, 130.75, 51.25, 19.0, 25.5, 9999.0, 1.0, 1.25, 19.5, 9999.0, 9999.0, 9999.0, 118.5, 122.5, 118.0, 101.5, 133.25
2023-04-06, 14:22:41, 130.75, 51.25, 19.0, 25.5, 9999.0, 1.25, 1.25, 19.5, 9999.0, 9999.0, 9999.0, 118.5, 122.5, 117.75, 101.5, 133.25
2023-04-06, 14:22:45, 130.75, 51.0, 18.0, 25.0, 9999.0, -1.5, 1.25, 19.5, 9999.0, 9999.0, 9999.0, 118.5, 122.5, 118.0, 101.5, 133.25
2023-04-06, 14:22:49, 130.5, 51.25, 18.75, 25.5, 9999.0, 1.25, 1.25, 19.75, 9999.0, 9999.0, 9999.0, 118.5, 122.5, 118.0, 101.5, 133.25
2023-04-06, 14:22:53, 130.75, 51.25, 18.75, 25.5, 9999.0, 1.5, 1.25, 19.5, 9999.0, 9999.0, 9999.0, 118.25, 122.5, 118.0, 101.5, 133.25
2023-04-06, 14:22:57, 130.75, 51.25, 18.75, 25.5, 9999.0, 1.25, 1.25, 19.5, 9999.0, 9999.0, 9999.0, 119.0, 122.25, 117.75, 100.0, 132.5
2023-04-06, 14:23:01, 130.25, 48.75, 18.25, 25.75, 9999.0, 1.25, 1.25, 19.75, 9999.0, 9999.0, 9999.0, 119.0, 122.25, 117.75, 101.5, 133.25
2023-04-06, 14:23:05, 130.5, 51.0, 18.75, 25.75, 9999.0, 1.25, 1.25, 19.75, 9999.0, 9999.0, 9999.0, 119.0, 122.25, 117.75, 101.5, 133.25
2023-04-06, 14:23:09, 130.75, 51.25, 18.75, 25.75, 9999.0, 1.25, 1.5, 19.5, 9999.0, 9999.0, 9999.0, 119.0, 122.25, 117.75, 101.5, 133.25
2023-04-06, 14:23:13, 130.5, 51.0, 18.75, 25.75, 9999.0, 1.25, 1.5, 19.5, 9999.0, 9999.0, 9999.0, 117.5, 122.0, 116.5, 99.25, 133.25
2023-04-06, 14:23:17, 130.75, 51.25, 18.75, 26.0, 9999.0, 1.25, 1.5, 19.5, 9999.0, 9999.0, 9999.0, 119.0, 122.5, 117.75, 101.5, 133.25
2023-04-06, 14:23:21, 130.75, 51.0, 18.75, 25.75, 9999.0, 1.25, 1.5, 19.5, 9999.0, 9999.0, 9999.0, 118.75, 122.25, 117.75, 101.5, 133.25
2023-04-06, 14:23:25, 130.75, 51.25, 18.75, 25.75, 9999.0, 1.25, 1.25, 19.5, 9999.0, 9999.0, 9999.0, 118.75, 122.25, 117.75, 101.5, 133.25
2023-04-06, 14:23:29, 130.75, 51.25, 18.75, 25.75, 9999.0, 1.0, 1.25, 19.5, 9999.0, 9999.0, 9999.0, 116.75, 122.5, 117.75, 101.5, 133.25
2023-04-06, 14:23:33, 130.75, 51.25, 18.75, 25.5, 9999.0, 1.25, 1.25, 19.5, 9999.0, 9999.0, 9999.0, 118.75, 122.5, 117.75, 101.5, 133.25
2023-04-06, 14:23:37, 130.75, 51.25, 18.75, 25.75, 9999.0, 1.0, 1.25, 19.75, 9999.0, 9999.0, 9999.0, 118.75, 122.5, 117.75, 101.25, 133.25
2023-04-06, 14:23:41, 130.75, 51.25, 18.75, 25.75, 9999.0, 1.0, 1.25, 19.75, 9999.0, 9999.0, 9999.0, 118.75, 122.5, 117.75, 101.5, 133.25
2023-04-06, 14:23:45, 130.5, 51.25, 18.75, 25.5, 9999.0, 0.75, 0.5, 18.25, 9999.0, 9999.0, 9999.0, 118.75, 122.5, 117.75, 101.5, 133.25
2023-04-06, 14:23:49, 130.75, 51.25, 18.75, 25.75, 9999.0, 1.0, 1.25, 19.5, 9999.0, 9999.0, 9999.0, 118.5, 122.5, 117.75, 101.5, 133.25
2023-04-06, 14:23:53, 130.75, 51.25, 19.0, 25.75, 9999.0, 1.0, 1.25, 19.5, 9999.0, 9999.0, 9999.0, 118.5, 122.5, 117.75, 101.25, 133.25
2023-04-06, 14:23:57, 130.75, 51.25, 19.0, 25.5, 9999.0, 1.25, 1.25, 19.5, 9999.0, 9999.0, 9999.0, 118.5, 122.5, 118.0, 101.5, 133.25
2023-04-06, 14:24:01, 130.5, 50.0, 18.75, 24.5, 9999.0, 1.0, 1.25, 19.75, 9999.0, 9999.0, 9999.0, 118.5, 122.5, 117.75, 101.5, 133.25
2023-04-06, 14:24:05, 130.5, 51.25, 19.0, 25.75, 9999.0, 1.25, 1.25, 19.5, 9999.0, 9999.0, 9999.0, 118.5, 122.5, 118.0, 101.5, 133.25
2023-04-06, 14:24:09, 130.75, 51.25, 18.75, 25.75, 9999.0, 1.25, 1.5, 19.5, 9999.0, 9999.0, 9999.0, 118.5, 122.5, 118.0, 101.25, 133.25
2023-04-06, 14:24:13, 130.75, 51.25, 18.75, 26.0, 9999.0, 1.5, 1.25, 19.5, 9999.0, 9999.0, 9999.0, 118.25, 122.25, 117.75, 100.75, 133.0
2023-04-06, 14:24:17, 129.5, 48.25, 18.75, 26.0, 9999.0, 1.25, 1.5, 19.75, 9999.0, 9999.0, 9999.0, 119.0, 122.5, 118.0, 101.5, 133.25
2023-04-06, 14:24:21, 130.75, 51.25, 18.75, 26.0, 9999.0, 1.25, 1.5, 19.5, 9999.0, 9999.0, 9999.0, 119.0, 122.5, 117.75, 101.5, 133.25
2023-04-06, 14:24:25, 130.75, 51.25, 19.0, 25.75, 9999.0, 1.25, 1.25, 19.5, 9999.0, 9999.0, 9999.0, 119.0, 122.25, 118.0, 101.5, 133.25
2023-04-06, 14:24:29, 130.5, 51.0, 19.0, 25.75, 9999.0, 1.25, 1.5, 19.5, 9999.0, 9999.0, 9999.0, 117.75, 122.0, 116.75, 98.5, 133.25
2023-04-06, 14:24:33, 130.75, 51.25, 18.75, 25.75, 9999.0, 1.0, 1.25, 19.75, 9999.0, 9999.0, 9999.0, 118.75, 122.25, 117.75, 101.5, 133.25
2023-04-06, 14:24:37, 130.75, 51.25, 19.0, 26.0, 9999.0, 1.25, 1.5, 19.5, 9999.0, 9999.0, 9999.0, 118.75, 122.25, 117.75, 101.25, 133.25
2023-04-06, 14:24:41, 130.75, 51.25, 19.0, 25.75, 9999.0, 1.25, 1.5, 19.5, 9999.0, 9999.0, 9999.0, 118.75, 122.25, 117.75, 101.25, 133.25
2023-04-06, 14:24:45, 130.75, 51.0, 19.0, 25.75, 9999.0, 1.0, 1.25, 19.5, 9999.0, 9999.0, 9999.0, 115.75, 122.5, 117.75, 101.5, 133.25
2023-04-06, 14:24:49, 130.75, 51.25, 19.0, 25.75, 9999.0, 1.25, 1.5, 19.5, 9999.0, 9999.0, 9999.0, 118.75, 122.5, 118.0, 101.25, 133.25
2023-04-06, 14:24:53, 130.75, 51.0, 19.0, 25.75, 9999.0, 1.0, 1.5, 19.5, 9999.0, 9999.0, 9999.0, 118.75, 122.5, 118.0, 101.5, 133.25
2023-04-06, 14:24:57, 130.5, 51.25, 18.75, 26.0, 9999.0, 1.0, 1.25, 19.5, 9999.0, 9999.0, 9999.0, 118.75, 122.5, 118.0, 101.25, 133.25
2023-04-06, 14:25:01, 130.75, 51.25, 19.0, 25.75, 9999.0, 0.25, 1.0, 18.0, 9999.0, 9999.0, 9999.0, 118.5, 122.5, 117.75, 101.25, 133.25
2023-04-06, 14:25:05, 130.75, 51.25, 18.75, 26.0, 9999.0, 1.0, 1.25, 19.5, 9999.0, 9999.0, 9999.0, 118.5, 122.5, 117.75, 101.25, 133.25
2023-04-06, 14:25:09, 130.5, 51.0, 18.75, 26.0, 9999.0, 1.0, 1.25, 19.5, 9999.0, 9999.0, 9999.0, 118.5, 122.5, 117.75, 101.25, 133.25
2023-04-06, 14:25:13, 130.75, 51.0, 18.75, 26.0, 9999.0, 1.0, 1.25, 19.5, 9999.0, 9999.0, 9999.0, 118.5, 122.5, 117.75, 101.5, 133.25
2023-04-06, 14:25:17, 130.5, 50.0, 18.0, 25.0, 9999.0, 0.25, 1.25, 19.5, 9999.0, 9999.0, 9999.0, 118.5, 122.5, 118.0, 101.5, 133.25
2023-04-06, 14:25:21, 130.5, 51.0, 19.0, 25.5, 9999.0, 1.0, 1.25, 19.5, 9999.0, 9999.0, 9999.0, 118.5, 122.5, 118.0, 101.5, 133.25
2023-04-06, 14:25:25, 130.75, 51.25, 18.75, 25.5, 9999.0, 1.25, 1.25, 19.75, 9999.0, 9999.0, 9999.0, 118.25, 122.5, 118.0, 101.5, 133.25
2023-04-06, 14:25:29, 130.5, 51.0, 19.0, 25.75, 9999.0, 1.25, 1.25, 19.5, 9999.0, 9999.0, 9999.0, 118.5, 122.5, 118.0, 100.25, 132.75
2023-04-06, 14:25:33, 130.0, 48.25, 18.5, 25.5, 9999.0, 1.25, 1.5, 19.5, 9999.0, 9999.0, 9999.0, 119.0, 122.5, 118.0, 101.5, 133.25
2023-04-06, 14:25:37, 130.75, 51.25, 18.75, 25.75, 9999.0, 1.25, 1.5, 19.75, 9999.0, 9999.0, 9999.0, 119.0, 122.5, 117.75, 101.25, 133.25
2023-04-06, 14:25:41, 130.75, 51.25, 18.75, 26.0, 9999.0, 1.25, 1.25, 19.75, 9999.0, 9999.0, 9999.0, 119.0, 122.5, 117.75, 101.5, 133.25
2023-04-06, 14:25:45, 130.5, 51.0, 18.75, 25.75, 9999.0, 1.25, 1.25, 19.5, 9999.0, 9999.0, 9999.0, 117.25, 122.0, 116.5, 99.5, 133.25
2023-04-06, 14:25:49, 130.5, 51.0, 18.75, 25.5, 9999.0, 1.25, 1.25, 19.5, 9999.0, 9999.0, 9999.0, 119.0, 122.5, 118.0, 101.5, 133.25
2023-04-06, 14:25:53, 130.75, 51.0, 18.75, 25.5, 9999.0, 1.0, 1.25, 19.5, 9999.0, 9999.0, 9999.0, 118.75, 122.25, 118.0, 101.5, 133.25
2023-04-06, 14:25:57, 130.5, 51.0, 18.75, 25.75, 9999.0, 1.25, 1.25, 19.5, 9999.0, 9999.0, 9999.0, 118.75, 122.25, 117.75, 101.25, 133.25
2023-04-06, 14:26:01, 130.5, 51.0, 18.75, 25.75, 9999.0, 1.0, 1.25, 19.5, 9999.0, 9999.0, 9999.0, 115.5, 122.5, 117.75, 101.25, 133.25
2023-04-06, 14:26:05, 130.5, 51.25, 18.75, 25.75, 9999.0, 1.0, 1.25, 19.5, 9999.0, 9999.0, 9999.0, 118.75, 122.5, 117.75, 101.25, 133.25
2023-04-06, 14:26:09, 130.5, 51.25, 18.75, 25.75, 9999.0, 1.0, 1.25, 19.5, 9999.0, 9999.0, 9999.0, 118.75, 122.5, 118.0, 101.5, 133.25
2023-04-06, 14:26:13, 130.75, 51.25, 18.75, 26.0, 9999.0, 1.0, 1.25, 19.5, 9999.0, 9999.0, 9999.0, 118.75, 122.5, 117.75, 101.25, 133.25
2023-04-06, 14:26:17, 130.75, 51.0, 19.0, 25.75, 9999.0, 0.25, 0.75, 18.0, 9999.0, 9999.0, 9999.0, 118.75, 122.5, 118.0, 101.25, 133.25
2023-04-06, 14:26:21, 130.5, 51.0, 18.75, 25.75, 9999.0, 1.0, 1.25, 19.5, 9999.0, 9999.0, 9999.0, 118.5, 122.5, 117.75, 101.25, 133.25
2023-04-06, 14:26:25, 130.5, 51.0, 18.75, 25.25, 9999.0, 1.0, 1.25, 19.5, 9999.0, 9999.0, 9999.0, 118.75, 122.5, 118.0, 101.25, 133.25
2023-04-06, 14:26:29, 130.75, 51.0, 18.75, 25.5, 9999.0, 1.0, 1.25, 19.5, 9999.0, 9999.0, 9999.0, 118.5, 122.5, 117.75, 101.5, 133.25
2023-04-06, 14:26:33, 130.5, 49.75, 18.25, 24.5, 9999.0, 0.75, 1.25, 19.5, 9999.0, 9999.0, 9999.0, 118.5, 122.5, 118.0, 101.5, 133.25
2023-04-06, 14:26:38, 130.5, 51.0, 18.75, 25.75, 9999.0, 1.25, 1.25, 19.5, 9999.0, 9999.0, 9999.0, 118.5, 122.25, 118.0, 101.25, 133.25
2023-04-06, 14:26:42, 130.5, 51.25, 18.75, 25.75, 9999.0, 1.25, 1.25, 19.5, 9999.0, 9999.0, 9999.0, 118.5, 122.5, 118.0, 101.25, 133.25
2023-04-06, 14:26:46, 130.5, 51.25, 18.75, 25.5, 9999.0, 1.25, 1.25, 19.5, 9999.0, 9999.0, 9999.0, 118.25, 122.25, 117.75, 100.25, 132.75
2023-04-06, 14:26:50, 129.75, 47.0, 18.75, 25.75, 9999.0, 1.25, 1.25, 19.5, 9999.0, 9999.0, 9999.0, 118.25, 122.25, 117.75, 101.5, 133.25
2023-04-06, 14:26:54, 130.75, 51.0, 19.0, 25.75, 9999.0, 1.25, 1.25, 19.5, 9999.0, 9999.0, 9999.0, 119.0, 122.25, 118.0, 101.25, 133.25
2023-04-06, 14:26:58, 130.75, 51.25, 19.0, 25.75, 9999.0, 1.25, 1.25, 19.5, 9999.0, 9999.0, 9999.0, 119.0, 122.25, 117.75, 101.25, 133.25
2023-04-06, 14:27:02, 130.5, 51.0, 18.75, 25.75, 9999.0, 1.25, 1.25, 19.5, 9999.0, 9999.0, 9999.0, 117.5, 122.0, 116.5, 99.25, 133.25
2023-04-06, 14:27:06, 130.5, 51.25, 18.75, 25.75, 9999.0, 1.25, 1.25, 19.5, 9999.0, 9999.0, 9999.0, 118.75, 122.25, 117.75, 101.5, 133.25
2023-04-06, 14:27:10, 130.5, 51.25, 18.75, 25.75, 9999.0, 1.25, 1.5, 19.5, 9999.0, 9999.0, 9999.0, 118.75, 122.5, 117.75, 101.5, 133.25
2023-04-06, 14:27:14, 130.5, 51.0, 19.0, 25.75, 9999.0, 1.25, 1.25, 19.5, 9999.0, 9999.0, 9999.0, 118.75, 122.25, 117.75, 101.25, 133.25
2023-04-06, 14:27:18, 130.75, 51.25, 18.75, 25.75, 9999.0, 1.25, 1.25, 19.5, 9999.0, 9999.0, 9999.0, 115.75, 122.25, 117.75, 101.5, 133.25
2023-04-06, 14:27:22, 130.5, 51.25, 18.75, 25.75, 9999.0, 1.25, 1.5, 19.5, 9999.0, 9999.0, 9999.0, 118.75, 122.5, 117.75, 101.5, 133.25
2023-04-06, 14:27:26, 130.75, 51.0, 19.0, 25.75, 9999.0, 1.0, 1.5, 19.5, 9999.0, 9999.0, 9999.0, 118.75, 122.5, 117.75, 101.5, 133.25
2023-04-06, 14:27:30, 130.75, 51.25, 18.75, 25.75, 9999.0, 1.25, 1.25, 19.5, 9999.0, 9999.0, 9999.0, 118.75, 122.5, 117.75, 101.25, 133.25
2023-04-06, 14:27:34, 130.75, 51.0, 19.0, 25.75, 9999.0, 0.5, 0.75, 18.0, 9999.0, 9999.0, 9999.0, 118.75, 122.5, 117.75, 101.5, 133.25
2023-04-06, 14:27:38, 130.75, 51.25, 19.0, 25.75, 9999.0, 1.0, 1.5, 19.75, 9999.0, 9999.0, 9999.0, 118.75, 122.5, 118.0, 101.5, 133.25
2023-04-06, 14:27:42, 130.75, 51.25, 19.0, 26.0, 9999.0, 1.0, 1.25, 19.75, 9999.0, 9999.0, 9999.0, 118.75, 122.5, 117.75, 101.5, 133.25
2023-04-06, 14:27:46, 130.75, 51.25, 19.0, 26.0, 9999.0, 1.0, 1.25, 19.5, 9999.0, 9999.0, 9999.0, 118.5, 122.5, 117.75, 101.5, 133.25
2023-04-06, 14:27:50, 130.75, 49.5, 18.5, 24.5, 9999.0, 1.0, 1.25, 19.75, 9999.0, 9999.0, 9999.0, 118.5, 122.5, 118.0, 101.5, 133.25
2023-04-06, 14:27:54, 130.75, 51.25, 19.0, 25.75, 9999.0, 1.0, 1.25, 19.5, 9999.0, 9999.0, 9999.0, 118.5, 122.5, 118.0, 101.5, 133.25
2023-04-06, 14:27:58, 130.75, 51.25, 19.0, 25.75, 9999.0, 1.25, 1.25, 19.5, 9999.0, 9999.0, 9999.0, 118.5, 122.5, 118.0, 101.5, 133.25
2023-04-06, 14:28:02, 130.75, 51.25, 19.0, 25.75, 9999.0, 1.25, 1.25, 19.5, 9999.0, 9999.0, 9999.0, 118.5, 122.5, 117.75, 100.5, 133.0
2023-04-06, 14:28:06, 129.5, 47.5, 18.75, 25.75, 9999.0, 1.25, 1.25, 19.75, 9999.0, 9999.0, 9999.0, 118.5, 122.5, 117.75, 101.5, 133.25
2023-04-06, 14:28:10, 130.75, 51.25, 19.0, 26.0, 9999.0, 1.5, 1.5, 19.75, 9999.0, 9999.0, 9999.0, 118.5, 122.5, 117.75, 101.5, 133.25
2023-04-06, 14:28:14, 130.5, 51.25, 18.75, 25.75, 9999.0, 1.25, 1.5, 19.75, 9999.0, 9999.0, 9999.0, 119.0, 122.5, 117.75, 101.5, 133.0
2023-04-06, 14:28:18, 130.75, 51.0, 18.75, 25.75, 9999.0, 1.25, 1.25, 19.5, 9999.0, 9999.0, 9999.0, 117.75, 122.25, 116.5, 100.25, 133.25
2023-04-06, 14:28:22, 130.75, 51.25, 19.0, 25.75, 9999.0, 1.25, 1.25, 19.75, 9999.0, 9999.0, 9999.0, 119.0, 122.5, 117.75, 101.5, 133.25
2023-04-06, 14:28:26, 130.75, 51.25, 19.0, 25.75, 9999.0, 1.25, 1.5, 19.75, 9999.0, 9999.0, 9999.0, 119.0, 122.5, 117.75, 101.5, 133.25
2023-04-06, 14:28:30, 130.75, 51.25, 19.0, 25.75, 9999.0, 1.25, 1.25, 19.75, 9999.0, 9999.0, 9999.0, 119.0, 122.25, 117.75, 101.5, 133.5
2023-04-06, 14:28:34, 130.75, 51.25, 18.75, 25.75, 9999.0, 1.25, 1.5, 19.5, 9999.0, 9999.0, 9999.0, 116.5, 122.25, 117.75, 101.5, 133.25
2023-04-06, 14:28:38, 130.75, 51.25, 18.75, 26.0, 9999.0, 1.25, 1.5, 19.75, 9999.0, 9999.0, 9999.0, 118.75, 122.25, 117.75, 101.5, 133.25
2023-04-06, 14:28:42, 130.75, 51.25, 19.0, 25.75, 9999.0, 1.25, 1.5, 19.75, 9999.0, 9999.0, 9999.0, 118.75, 122.5, 117.75, 101.5, 133.5
2023-04-06, 14:28:46, 130.75, 51.25, 19.0, 25.75, 9999.0, 1.25, 1.25, 19.75, 9999.0, 9999.0, 9999.0, 118.75, 122.75, 117.75, 101.5, 133.25
2023-04-06, 14:28:50, 130.75, 51.25, 18.75, 25.75, 9999.0, 0.5, 1.25, 18.0, 9999.0, 9999.0, 9999.0, 118.75, 122.5, 117.75, 101.5, 133.5
2023-04-06, 14:28:54, 130.75, 51.25, 19.0, 25.75, 9999.0, 1.25, 1.25, 19.75, 9999.0, 9999.0, 9999.0, 118.75, 122.5, 117.75, 101.5, 133.25
2023-04-06, 14:28:58, 130.75, 51.25, 19.0, 26.0, 9999.0, 1.25, 1.5, 19.75, 9999.0, 9999.0, 9999.0, 118.75, 122.5, 118.0, 101.5, 133.5
2023-04-06, 14:29:02, 130.75, 51.25, 19.0, 25.75, 9999.0, 1.0, 1.25, 19.5, 9999.0, 9999.0, 9999.0, 118.75, 122.5, 117.75, 101.5, 133.25
2023-04-06, 14:29:06, 130.75, 50.75, 18.25, 25.5, 9999.0, 0.5, 1.5, 19.75, 9999.0, 9999.0, 9999.0, 118.5, 122.5, 117.75, 101.5, 133.25
2023-04-06, 14:29:10, 130.75, 51.25, 19.0, 26.0, 9999.0, 1.0, 1.5, 19.75, 9999.0, 9999.0, 9999.0, 118.5, 122.5, 118.0, 101.5, 133.25
2023-04-06, 14:29:14, 130.75, 51.25, 19.0, 26.0, 9999.0, 1.25, 1.25, 19.5, 9999.0, 9999.0, 9999.0, 118.5, 122.5, 118.0, 101.5, 133.25
2023-04-06, 14:29:18, 130.75, 51.25, 18.75, 25.75, 9999.0, 1.25, 1.25, 19.75, 9999.0, 9999.0, 9999.0, 118.5, 122.5, 118.0, 100.0, 132.75
2023-04-06, 14:29:22, 129.5, 48.25, 18.5, 25.75, 9999.0, 1.25, 1.5, 19.75, 9999.0, 9999.0, 9999.0, 118.5, 122.5, 118.0, 101.5, 133.25
2023-04-06, 14:29:26, 130.75, 51.25, 19.0, 25.75, 9999.0, 1.5, 1.5, 19.75, 9999.0, 9999.0, 9999.0, 118.5, 122.5, 117.75, 101.5, 133.25
2023-04-06, 14:29:30, 130.75, 51.25, 19.0, 25.75, 9999.0, 1.25, 1.5, 19.75, 9999.0, 9999.0, 9999.0, 118.25, 122.5, 117.75, 101.5, 133.5
2023-04-06, 14:29:34, 130.5, 51.0, 19.0, 25.75, 9999.0, 1.25, 1.5, 19.75, 9999.0, 9999.0, 9999.0, 117.5, 122.25, 116.5, 99.25, 133.25
2023-04-06, 14:29:38, 130.75, 51.25, 19.0, 25.75, 9999.0, 1.25, 1.5, 19.75, 9999.0, 9999.0, 9999.0, 119.0, 122.5, 118.0, 101.25, 133.25
2023-04-06, 14:29:42, 130.75, 51.25, 19.0, 25.75, 9999.0, 1.25, 1.5, 19.75, 9999.0, 9999.0, 9999.0, 119.0, 122.5, 118.0, 101.5, 133.25
2023-04-06, 14:29:46, 130.75, 51.25, 18.75, 25.75, 9999.0, 1.25, 1.5, 19.5, 9999.0, 9999.0, 9999.0, 119.0, 122.25, 117.75, 101.5, 133.25
2023-04-06, 14:29:50, 130.75, 51.25, 19.0, 25.75, 9999.0, 1.25, 1.25, 19.5, 9999.0, 9999.0, 9999.0, 115.25, 122.5, 117.75, 101.5, 133.25
2023-04-06, 14:29:54, 130.75, 51.0, 18.75, 25.75, 9999.0, 1.25, 1.25, 19.5, 9999.0, 9999.0, 9999.0, 118.75, 122.5, 118.0, 101.5, 133.25
2023-04-06, 14:29:58, 130.75, 51.25, 18.75, 25.75, 9999.0, 1.25, 1.5, 19.5, 9999.0, 9999.0, 9999.0, 118.75, 122.25, 117.75, 101.5, 133.25
2023-04-06, 14:30:02, 130.5, 51.25, 19.0, 25.75, 9999.0, 1.25, 1.25, 19.5, 9999.0, 9999.0, 9999.0, 118.75, 122.5, 117.75, 101.5, 133.25
2023-04-06, 14:30:06, 130.75, 51.25, 18.75, 25.75, 9999.0, 0.25, 1.0, 18.25, 9999.0, 9999.0, 9999.0, 118.75, 122.5, 118.0, 101.5, 133.25
2023-04-06, 14:30:10, 130.75, 51.25, 19.0, 25.75, 9999.0, 1.0, 1.5, 19.75, 9999.0, 9999.0, 9999.0, 118.75, 122.5, 117.75, 101.5, 133.25
2023-04-06, 14:30:14, 130.75, 51.25, 19.0, 25.75, 9999.0, 1.0, 1.25, 19.75, 9999.0, 9999.0, 9999.0, 118.75, 122.5, 118.0, 101.5, 133.25
2023-04-06, 14:30:18, 130.75, 51.25, 18.75, 25.75, 9999.0, 1.0, 1.25, 19.75, 9999.0, 9999.0, 9999.0, 118.75, 122.5, 117.75, 101.25, 133.25
2023-04-06, 14:30:22, 130.5, 51.0, 18.0, 25.5, 9999.0, 0.25, 1.25, 19.5, 9999.0, 9999.0, 9999.0, 118.75, 122.5, 117.75, 101.5, 133.25
2023-04-06, 14:30:26, 130.75, 51.25, 19.0, 26.0, 9999.0, 1.0, 1.25, 19.75, 9999.0, 9999.0, 9999.0, 118.75, 122.5, 117.75, 101.25, 133.25
2023-04-06, 14:30:30, 130.75, 51.25, 18.75, 26.0, 9999.0, 1.0, 1.25, 19.5, 9999.0, 9999.0, 9999.0, 118.5, 122.5, 117.75, 101.25, 133.25
2023-04-06, 14:30:34, 130.5, 51.0, 18.75, 25.75, 9999.0, 1.25, 1.25, 19.5, 9999.0, 9999.0, 9999.0, 118.5, 122.5, 118.0, 100.5, 132.25
2023-04-06, 14:30:38, 129.75, 49.5, 18.25, 25.75, 9999.0, 1.25, 1.25, 19.5, 9999.0, 9999.0, 9999.0, 118.5, 122.5, 118.0, 101.25, 133.25
2023-04-06, 14:30:42, 130.75, 51.25, 19.0, 25.75, 9999.0, 1.25, 1.25, 19.75, 9999.0, 9999.0, 9999.0, 118.5, 122.5, 118.0, 101.25, 133.25
2023-04-06, 14:30:46, 130.75, 51.25, 18.75, 25.75, 9999.0, 1.25, 1.5, 19.5, 9999.0, 9999.0, 9999.0, 118.5, 122.5, 118.0, 101.25, 133.25
2023-04-06, 14:30:50, 130.5, 51.0, 18.75, 25.75, 9999.0, 1.25, 1.25, 19.5, 9999.0, 9999.0, 9999.0, 118.75, 121.75, 117.5, 99.75, 132.25
2023-04-06, 14:30:54, 130.75, 51.0, 18.75, 25.75, 9999.0, 1.25, 1.25, 19.5, 9999.0, 9999.0, 9999.0, 119.0, 122.5, 118.0, 101.5, 133.25
2023-04-06, 14:30:58, 130.75, 51.25, 18.75, 26.0, 9999.0, 1.25, 1.5, 19.5, 9999.0, 9999.0, 9999.0, 119.0, 122.5, 118.0, 101.25, 133.25
2023-04-06, 14:31:03, 130.75, 51.25, 18.75, 25.75, 9999.0, 1.25, 1.25, 19.75, 9999.0, 9999.0, 9999.0, 119.0, 122.5, 117.75, 101.5, 133.25
2023-04-06, 14:31:07, 130.75, 51.0, 18.75, 25.75, 9999.0, 1.25, 1.5, 19.5, 9999.0, 9999.0, 9999.0, 116.25, 122.25, 117.75, 101.5, 133.25
2023-04-06, 14:31:11, 130.5, 51.0, 18.75, 25.75, 9999.0, 1.25, 1.5, 19.5, 9999.0, 9999.0, 9999.0, 118.75, 122.5, 117.75, 101.25, 133.25
2023-04-06, 14:31:15, 130.5, 51.25, 18.75, 25.75, 9999.0, 1.0, 1.25, 19.5, 9999.0, 9999.0, 9999.0, 118.75, 122.25, 118.0, 101.5, 133.25
2023-04-06, 14:31:19, 130.5, 51.25, 18.75, 25.75, 9999.0, 1.25, 1.25, 19.5, 9999.0, 9999.0, 9999.0, 118.75, 122.25, 117.75, 101.25, 133.25
2023-04-06, 14:31:23, 130.75, 51.25, 18.75, 25.75, 9999.0, 0.25, 1.0, 18.0, 9999.0, 9999.0, 9999.0, 118.75, 122.5, 117.75, 101.25, 133.25
2023-04-06, 14:31:27, 130.5, 51.25, 19.0, 25.75, 9999.0, 1.0, 1.25, 19.5, 9999.0, 9999.0, 9999.0, 118.75, 122.5, 118.0, 101.25, 133.25
2023-04-06, 14:31:31, 130.5, 51.0, 18.75, 25.75, 9999.0, 1.0, 1.25, 19.5, 9999.0, 9999.0, 9999.0, 118.75, 122.5, 117.75, 101.25, 133.25
2023-04-06, 14:31:35, 130.5, 51.25, 18.75, 25.75, 9999.0, 1.0, 1.25, 19.5, 9999.0, 9999.0, 9999.0, 118.75, 122.5, 117.75, 101.25, 133.25
2023-04-06, 14:31:39, 130.5, 50.75, 18.25, 25.25, 9999.0, 0.5, 1.25, 19.5, 9999.0, 9999.0, 9999.0, 118.75, 122.5, 117.75, 101.25, 133.25
2023-04-06, 14:31:43, 130.75, 51.0, 18.75, 25.75, 9999.0, 1.0, 1.25, 19.5, 9999.0, 9999.0, 9999.0, 118.5, 122.5, 117.75, 101.25, 133.25
2023-04-06, 14:31:47, 130.5, 51.0, 18.75, 25.75, 9999.0, 1.0, 1.25, 19.5, 9999.0, 9999.0, 9999.0, 118.5, 122.5, 117.75, 101.25, 133.25
2023-04-06, 14:31:51, 130.5, 51.0, 19.0, 25.75, 9999.0, 1.0, 1.25, 19.5, 9999.0, 9999.0, 9999.0, 118.5, 122.25, 117.75, 100.25, 132.75
2023-04-06, 14:31:55, 129.25, 48.0, 18.5, 25.75, 9999.0, 1.0, 1.25, 19.5, 9999.0, 9999.0, 9999.0, 118.25, 122.5, 118.0, 101.25, 133.25
2023-04-06, 14:31:59, 130.5, 51.0, 18.75, 26.0, 9999.0, 1.25, 1.25, 19.5, 9999.0, 9999.0, 9999.0, 118.5, 122.5, 118.0, 101.25, 133.25
2023-04-06, 14:32:03, 130.75, 51.25, 19.0, 26.0, 9999.0, 1.0, 1.25, 19.5, 9999.0, 9999.0, 9999.0, 118.25, 122.25, 118.0, 101.25, 133.25
2023-04-06, 14:32:07, 130.5, 51.0, 18.75, 25.75, 9999.0, 1.25, 1.25, 19.5, 9999.0, 9999.0, 9999.0, 117.5, 122.25, 116.75, 99.5, 133.25
2023-04-06, 14:32:11, 130.75, 51.0, 18.75, 26.0, 9999.0, 1.25, 1.25, 19.5, 9999.0, 9999.0, 9999.0, 119.0, 122.5, 117.75, 101.25, 133.25
2023-04-06, 14:32:15, 130.5, 51.0, 18.75, 26.0, 9999.0, 1.25, 1.25, 19.5, 9999.0, 9999.0, 9999.0, 119.0, 122.25, 117.75, 101.25, 133.25
2023-04-06, 14:32:19, 130.5, 51.0, 18.75, 25.75, 9999.0, 1.25, 1.25, 19.5, 9999.0, 9999.0, 9999.0, 119.0, 122.25, 117.75, 101.25, 133.25
2023-04-06, 14:32:23, 130.5, 51.0, 18.75, 25.75, 9999.0, 1.0, 1.25, 19.5, 9999.0, 9999.0, 9999.0, 115.5, 122.5, 117.75, 101.25, 133.25
2023-04-06, 14:32:27, 130.5, 51.0, 18.75, 25.5, 9999.0, 1.0, 1.25, 19.5, 9999.0, 9999.0, 9999.0, 118.75, 122.25, 117.75, 101.25, 133.25
2023-04-06, 14:32:31, 130.5, 51.0, 18.75, 25.5, 9999.0, 1.0, 1.25, 19.5, 9999.0, 9999.0, 9999.0, 118.75, 122.5, 117.75, 101.25, 133.25
2023-04-06, 14:32:35, 130.75, 51.0, 18.75, 25.75, 9999.0, 1.25, 1.25, 19.5, 9999.0, 9999.0, 9999.0, 118.75, 122.25, 117.75, 101.25, 133.25
2023-04-06, 14:32:39, 130.5, 51.0, 18.75, 25.75, 9999.0, 0.25, 0.75, 18.0, 9999.0, 9999.0, 9999.0, 118.75, 122.25, 117.75, 101.25, 133.25
2023-04-06, 14:32:43, 130.5, 51.0, 18.75, 25.5, 9999.0, 1.0, 1.25, 19.5, 9999.0, 9999.0, 9999.0, 118.75, 122.5, 117.75, 101.5, 133.25
2023-04-06, 14:32:47, 130.5, 51.0, 18.75, 25.75, 9999.0, 1.0, 1.25, 19.5, 9999.0, 9999.0, 9999.0, 118.75, 122.5, 118.0, 101.25, 133.25
2023-04-06, 14:32:51, 130.75, 51.0, 18.75, 25.75, 9999.0, 1.0, 1.0, 19.5, 9999.0, 9999.0, 9999.0, 118.75, 122.5, 117.75, 101.25, 133.25
2023-04-06, 14:32:55, 130.5, 49.25, 18.5, 24.5, 9999.0, 1.0, 1.25, 19.5, 9999.0, 9999.0, 9999.0, 118.5, 122.5, 117.75, 101.25, 133.25
2023-04-06, 14:32:59, 130.5, 51.0, 18.75, 25.75, 9999.0, 1.0, 1.25, 19.5, 9999.0, 9999.0, 9999.0, 118.5, 122.5, 118.0, 101.25, 133.25
2023-04-06, 14:33:03, 130.5, 51.0, 18.75, 25.75, 9999.0, 1.0, 1.25, 19.5, 9999.0, 9999.0, 9999.0, 118.5, 122.5, 117.75, 101.25, 133.25
2023-04-06, 14:33:07, 130.5, 51.0, 18.75, 25.75, 9999.0, 1.0, 1.25, 19.5, 9999.0, 9999.0, 9999.0, 118.5, 122.5, 117.75, 100.25, 133.0
2023-04-06, 14:33:11, 129.5, 47.5, 18.5, 25.75, 9999.0, 1.0, 1.25, 19.5, 9999.0, 9999.0, 9999.0, 118.5, 122.5, 118.0, 101.25, 133.25
2023-04-06, 14:33:15, 130.5, 51.0, 18.75, 25.75, 9999.0, 1.0, 1.25, 19.5, 9999.0, 9999.0, 9999.0, 118.5, 122.25, 117.75, 101.25, 133.25
2023-04-06, 14:33:19, 130.5, 51.0, 18.75, 25.75, 9999.0, 1.0, 1.25, 19.5, 9999.0, 9999.0, 9999.0, 118.5, 122.5, 118.0, 101.25, 133.25
2023-04-06, 14:33:23, 130.5, 51.0, 18.75, 25.75, 9999.0, 1.25, 1.25, 19.5, 9999.0, 9999.0, 9999.0, 117.5, 122.25, 116.5, 98.75, 133.0
2023-04-06, 14:33:27, 130.5, 51.0, 18.75, 25.75, 9999.0, 1.25, 1.25, 19.5, 9999.0, 9999.0, 9999.0, 118.25, 122.5, 118.0, 101.25, 133.25
2023-04-06, 14:33:31, 130.5, 51.0, 18.75, 25.75, 9999.0, 1.25, 1.25, 19.5, 9999.0, 9999.0, 9999.0, 119.0, 122.5, 118.0, 101.25, 133.25
2023-04-06, 14:33:35, 130.5, 51.0, 18.75, 25.75, 9999.0, 1.25, 1.25, 19.5, 9999.0, 9999.0, 9999.0, 119.0, 122.25, 117.75, 101.25, 133.25
2023-04-06, 14:33:39, 130.5, 51.0, 18.75, 25.75, 9999.0, 1.0, 1.25, 19.5, 9999.0, 9999.0, 9999.0, 115.75, 122.25, 117.75, 101.25, 133.25
2023-04-06, 14:33:43, 130.5, 51.0, 18.75, 25.75, 9999.0, 1.0, 1.25, 19.5, 9999.0, 9999.0, 9999.0, 119.0, 122.25, 117.75, 101.25, 133.25
2023-04-06, 14:33:47, 130.5, 51.0, 18.75, 25.75, 9999.0, 1.25, 1.25, 19.5, 9999.0, 9999.0, 9999.0, 118.75, 122.25, 117.75, 101.25, 133.25
2023-04-06, 14:33:51, 130.5, 51.25, 18.75, 25.75, 9999.0, 1.0, 1.25, 19.5, 9999.0, 9999.0, 9999.0, 118.75, 122.5, 117.75, 101.25, 133.25
2023-04-06, 14:33:55, 130.5, 51.0, 18.75, 25.75, 9999.0, 0.25, 1.0, 18.0, 9999.0, 9999.0, 9999.0, 118.75, 122.25, 117.75, 101.25, 133.25
2023-04-06, 14:33:59, 130.5, 51.0, 18.75, 25.75, 9999.0, 1.0, 1.25, 19.5, 9999.0, 9999.0, 9999.0, 118.75, 122.5, 117.75, 101.25, 133.25
2023-04-06, 14:34:03, 130.5, 51.0, 18.75, 25.75, 9999.0, 1.0, 1.25, 19.5, 9999.0, 9999.0, 9999.0, 118.75, 122.5, 117.75, 101.25, 133.25
2023-04-06, 14:34:07, 130.5, 51.0, 18.75, 25.75, 9999.0, 1.0, 1.25, 19.5, 9999.0, 9999.0, 9999.0, 118.75, 122.5, 117.75, 101.25, 133.25
2023-04-06, 14:34:11, 130.5, 50.75, 18.0, 25.25, 9999.0, 0.25, 1.25, 19.5, 9999.0, 9999.0, 9999.0, 118.75, 122.5, 118.0, 101.25, 133.25
2023-04-06, 14:34:15, 130.5, 51.0, 18.75, 25.75, 9999.0, 1.0, 1.25, 19.5, 9999.0, 9999.0, 9999.0, 118.5, 122.5, 117.75, 101.25, 133.25
2023-04-06, 14:34:19, 130.5, 51.0, 18.75, 25.75, 9999.0, 1.0, 1.25, 19.5, 9999.0, 9999.0, 9999.0, 118.5, 122.5, 117.75, 101.25, 133.25
2023-04-06, 14:34:23, 130.5, 51.0, 18.75, 25.5, 9999.0, 0.75, 1.25, 19.5, 9999.0, 9999.0, 9999.0, 118.5, 122.5, 117.75, 101.0, 132.25
2023-04-06, 14:34:27, 130.0, 49.0, 16.75, 25.75, 9999.0, 0.75, 1.25, 19.5, 9999.0, 9999.0, 9999.0, 118.5, 122.5, 118.0, 101.25, 133.25
2023-04-06, 14:34:31, 130.5, 51.0, 18.75, 25.75, 9999.0, 1.0, 1.25, 19.5, 9999.0, 9999.0, 9999.0, 118.5, 122.25, 118.0, 101.25, 133.25
2023-04-06, 14:34:35, 130.5, 51.0, 18.75, 25.75, 9999.0, 1.0, 1.25, 19.5, 9999.0, 9999.0, 9999.0, 118.25, 122.25, 118.0, 101.25, 133.25
2023-04-06, 14:34:39, 130.25, 51.0, 18.75, 25.75, 9999.0, 1.0, 1.25, 19.5, 9999.0, 9999.0, 9999.0, 117.5, 121.5, 117.5, 100.0, 132.0
2023-04-06, 14:34:43, 130.5, 51.0, 19.0, 25.75, 9999.0, 1.25, 1.25, 19.5, 9999.0, 9999.0, 9999.0, 118.25, 122.25, 117.75, 101.25, 133.25
2023-04-06, 14:34:47, 130.5, 51.0, 18.75, 25.75, 9999.0, 1.25, 1.25, 19.5, 9999.0, 9999.0, 9999.0, 118.25, 122.25, 117.75, 101.25, 133.25
2023-04-06, 14:34:51, 130.5, 51.0, 18.75, 25.75, 9999.0, 1.25, 1.25, 19.5, 9999.0, 9999.0, 9999.0, 119.0, 122.25, 117.75, 101.25, 133.25
2023-04-06, 14:34:55, 130.5, 51.0, 18.75, 25.5, 9999.0, 1.25, 1.25, 19.5, 9999.0, 9999.0, 9999.0, 117.5, 122.0, 117.75, 101.25, 133.25
2023-04-06, 14:34:59, 130.5, 51.0, 18.75, 25.75, 9999.0, 1.0, 1.25, 19.5, 9999.0, 9999.0, 9999.0, 119.0, 122.25, 117.75, 101.25, 133.25
2023-04-06, 14:35:03, 130.5, 51.0, 18.75, 25.75, 9999.0, 1.25, 1.25, 19.5, 9999.0, 9999.0, 9999.0, 118.75, 122.25, 117.75, 101.25, 133.25
2023-04-06, 14:35:07, 130.5, 51.0, 18.75, 25.75, 9999.0, 1.0, 1.25, 19.5, 9999.0, 9999.0, 9999.0, 118.75, 122.25, 117.75, 101.25, 133.25
2023-04-06, 14:35:11, 130.5, 51.0, 18.5, 25.75, 9999.0, -0.5, 0.75, 18.25, 9999.0, 9999.0, 9999.0, 118.75, 122.25, 117.75, 101.25, 133.25
2023-04-06, 14:35:15, 130.5, 51.0, 18.5, 25.75, 9999.0, 1.0, 1.25, 19.5, 9999.0, 9999.0, 9999.0, 118.75, 122.25, 118.0, 101.25, 133.0
2023-04-06, 14:35:19, 130.5, 51.0, 18.75, 25.75, 9999.0, 1.0, 1.25, 19.5, 9999.0, 9999.0, 9999.0, 118.75, 122.5, 117.75, 101.25, 133.25
2023-04-06, 14:35:23, 130.5, 51.0, 18.75, 25.75, 9999.0, 1.0, 1.25, 19.25, 9999.0, 9999.0, 9999.0, 118.75, 122.5, 117.75, 101.25, 133.25
2023-04-06, 14:35:27, 130.5, 51.0, 18.0, 25.5, 9999.0, -1.25, 1.25, 19.5, 9999.0, 9999.0, 9999.0, 118.75, 122.5, 117.75, 101.25, 133.25
2023-04-06, 14:35:32, 130.5, 51.0, 18.75, 25.75, 9999.0, 1.0, 1.25, 19.5, 9999.0, 9999.0, 9999.0, 118.75, 122.5, 117.75, 101.25, 133.25
2023-04-06, 14:35:36, 130.5, 51.0, 18.75, 25.75, 9999.0, 1.0, 1.25, 19.5, 9999.0, 9999.0, 9999.0, 118.5, 122.5, 117.75, 101.25, 133.25
2023-04-06, 14:35:40, 130.5, 51.0, 18.75, 25.5, 9999.0, 0.75, 1.25, 19.5, 9999.0, 9999.0, 9999.0, 118.5, 122.25, 117.75, 101.0, 132.25
2023-04-06, 14:35:44, 130.0, 49.25, 17.5, 25.75, 9999.0, 0.75, 1.25, 19.5, 9999.0, 9999.0, 9999.0, 118.5, 122.25, 117.75, 101.25, 133.25
2023-04-06, 14:35:48, 130.5, 51.0, 18.75, 25.5, 9999.0, 0.75, 1.25, 19.5, 9999.0, 9999.0, 9999.0, 118.5, 122.5, 118.0, 101.25, 133.25
2023-04-06, 14:35:52, 130.5, 51.0, 18.75, 25.5, 9999.0, 1.0, 1.25, 19.5, 9999.0, 9999.0, 9999.0, 118.25, 122.25, 118.0, 101.25, 133.25
2023-04-06, 14:35:56, 130.5, 51.0, 18.75, 25.25, 9999.0, 1.0, 1.0, 19.5, 9999.0, 9999.0, 9999.0, 117.0, 122.0, 117.0, 98.75, 133.0
2023-04-06, 14:36:00, 130.5, 51.0, 18.75, 25.5, 9999.0, 1.0, 1.25, 19.5, 9999.0, 9999.0, 9999.0, 118.25, 122.5, 117.75, 101.25, 133.25
2023-04-06, 14:36:04, 130.5, 51.0, 18.75, 25.5, 9999.0, 1.25, 1.25, 19.5, 9999.0, 9999.0, 9999.0, 118.25, 122.5, 118.0, 101.25, 133.25
2023-04-06, 14:36:08, 130.5, 51.0, 18.75, 25.5, 9999.0, 1.25, 1.25, 19.5, 9999.0, 9999.0, 9999.0, 119.0, 122.25, 117.75, 101.25, 133.25
2023-04-06, 14:36:12, 130.5, 51.0, 18.75, 25.75, 9999.0, 1.25, 1.25, 19.5, 9999.0, 9999.0, 9999.0, 114.75, 122.25, 118.0, 101.25, 133.25
2023-04-06, 14:36:16, 130.5, 51.0, 18.75, 25.75, 9999.0, 1.0, 1.25, 19.5, 9999.0, 9999.0, 9999.0, 118.75, 122.25, 118.0, 101.25, 133.25
2023-04-06, 14:36:20, 130.5, 51.0, 18.75, 26.0, 9999.0, 1.25, 1.25, 19.5, 9999.0, 9999.0, 9999.0, 118.75, 122.25, 117.75, 101.25, 133.25
2023-04-06, 14:36:24, 130.5, 51.0, 18.75, 25.75, 9999.0, 1.0, 1.25, 19.5, 9999.0, 9999.0, 9999.0, 118.75, 122.25, 117.75, 101.25, 133.25
2023-04-06, 14:36:28, 130.5, 51.0, 18.75, 25.75, 9999.0, 0.25, 1.0, 18.0, 9999.0, 9999.0, 9999.0, 118.75, 122.25, 117.75, 101.25, 133.25
2023-04-06, 14:36:32, 130.25, 51.0, 18.75, 25.5, 9999.0, 1.0, 1.25, 19.5, 9999.0, 9999.0, 9999.0, 118.75, 122.25, 118.0, 101.25, 133.25
2023-04-06, 14:36:36, 130.5, 51.0, 18.75, 25.75, 9999.0, 1.0, 1.25, 19.5, 9999.0, 9999.0, 9999.0, 118.75, 122.25, 117.75, 101.25, 133.0
2023-04-06, 14:36:40, 130.5, 51.0, 18.75, 25.5, 9999.0, 1.0, 1.0, 19.5, 9999.0, 9999.0, 9999.0, 118.75, 122.5, 118.0, 101.25, 133.0
2023-04-06, 14:36:44, 130.5, 49.25, 18.5, 24.0, 9999.0, 0.75, 1.25, 19.5, 9999.0, 9999.0, 9999.0, 118.75, 122.5, 118.0, 101.25, 133.25
2023-04-06, 14:36:48, 130.5, 51.0, 18.75, 25.75, 9999.0, 1.0, 1.25, 19.5, 9999.0, 9999.0, 9999.0, 118.75, 122.5, 117.75, 101.25, 133.25
2023-04-06, 14:36:52, 130.5, 51.0, 18.75, 25.75, 9999.0, 1.0, 1.25, 19.5, 9999.0, 9999.0, 9999.0, 118.75, 122.5, 117.75, 101.25, 133.0
2023-04-06, 14:36:56, 130.5, 51.0, 18.5, 25.75, 9999.0, 0.75, 1.25, 19.5, 9999.0, 9999.0, 9999.0, 118.5, 122.25, 117.75, 100.75, 133.0
2023-04-06, 14:37:00, 129.0, 48.0, 18.75, 25.75, 9999.0, 0.75, 1.25, 19.5, 9999.0, 9999.0, 9999.0, 118.5, 122.25, 117.75, 101.25, 133.0
2023-04-06, 14:37:04, 130.5, 51.0, 18.75, 25.75, 9999.0, 1.0, 1.25, 19.5, 9999.0, 9999.0, 9999.0, 118.5, 122.5, 117.75, 101.25, 133.25
2023-04-06, 14:37:08, 130.5, 51.0, 18.5, 25.75, 9999.0, 0.75, 1.25, 19.5, 9999.0, 9999.0, 9999.0, 118.5, 122.25, 118.0, 101.25, 133.0
2023-04-06, 14:37:12, 130.25, 51.0, 18.75, 25.75, 9999.0, 1.0, 1.25, 19.5, 9999.0, 9999.0, 9999.0, 117.75, 121.75, 116.25, 101.0, 133.25
2023-04-06, 14:37:16, 130.5, 51.0, 18.5, 25.75, 9999.0, 1.0, 1.0, 19.5, 9999.0, 9999.0, 9999.0, 118.25, 122.25, 117.75, 101.25, 133.25
2023-04-06, 14:37:20, 130.5, 51.0, 18.75, 25.75, 9999.0, 1.0, 1.25, 19.5, 9999.0, 9999.0, 9999.0, 118.25, 122.25, 118.0, 101.25, 133.25
2023-04-06, 14:37:24, 130.5, 51.0, 18.75, 25.75, 9999.0, 1.25, 1.25, 19.5, 9999.0, 9999.0, 9999.0, 118.25, 122.25, 117.75, 101.25, 133.0
2023-04-06, 14:37:28, 130.5, 51.0, 18.75, 25.75, 9999.0, 1.25, 1.25, 19.5, 9999.0, 9999.0, 9999.0, 117.75, 117.75, 117.75, 101.25, 133.25
2023-04-06, 14:37:32, 130.5, 51.0, 18.75, 25.75, 9999.0, 1.25, 1.25, 19.5, 9999.0, 9999.0, 9999.0, 119.0, 122.25, 118.0, 101.25, 133.25
2023-04-06, 14:37:36, 130.5, 51.0, 18.75, 25.75, 9999.0, 1.0, 1.25, 19.5, 9999.0, 9999.0, 9999.0, 119.0, 122.25, 118.0, 101.5, 133.25
2023-04-06, 14:37:40, 130.5, 51.0, 18.75, 25.75, 9999.0, 1.0, 1.25, 19.5, 9999.0, 9999.0, 9999.0, 118.75, 122.25, 117.75, 101.25, 133.25
2023-04-06, 14:37:44, 130.5, 51.0, 18.75, 25.75, 9999.0, 1.0, 1.25, 19.25, 9999.0, 9999.0, 9999.0, 116.75, 122.25, 117.75, 101.5, 133.25
2023-04-06, 14:37:48, 130.5, 51.0, 18.75, 25.5, 9999.0, 1.0, 1.25, 19.5, 9999.0, 9999.0, 9999.0, 118.75, 122.25, 117.75, 101.5, 133.25
2023-04-06, 14:37:52, 130.5, 51.0, 18.75, 25.75, 9999.0, 1.0, 1.25, 19.5, 9999.0, 9999.0, 9999.0, 118.75, 122.25, 117.75, 101.5, 133.25
2023-04-06, 14:37:56, 130.5, 51.0, 18.75, 25.75, 9999.0, 1.0, 1.25, 19.5, 9999.0, 9999.0, 9999.0, 118.5, 122.5, 117.75, 101.5, 133.25
2023-04-06, 14:38:00, 130.5, 51.0, 18.75, 25.75, 9999.0, 1.0, 0.0, 19.25, 9999.0, 9999.0, 9999.0, 118.75, 122.5, 118.0, 101.5, 133.25
2023-04-06, 14:38:04, 130.5, 51.0, 18.75, 25.75, 9999.0, 1.0, 1.25, 19.5, 9999.0, 9999.0, 9999.0, 118.75, 122.5, 118.0, 101.5, 133.25
2023-04-06, 14:38:08, 130.5, 51.0, 18.75, 25.75, 9999.0, 1.0, 1.25, 19.5, 9999.0, 9999.0, 9999.0, 118.75, 122.5, 117.75, 101.25, 133.25
2023-04-06, 14:38:12, 130.5, 51.0, 18.75, 25.75, 9999.0, 1.0, 1.25, 19.5, 9999.0, 9999.0, 9999.0, 118.5, 122.5, 117.75, 101.5, 133.25
2023-04-06, 14:38:16, 130.5, 51.0, 18.75, 25.75, 9999.0, 0.0, 1.0, 18.25, 9999.0, 9999.0, 9999.0, 118.5, 122.5, 117.75, 101.5, 133.25
2023-04-06, 14:38:20, 130.5, 51.0, 18.75, 25.75, 9999.0, 1.0, 1.25, 19.5, 9999.0, 9999.0, 9999.0, 118.5, 122.5, 117.75, 101.5, 133.25
2023-04-06, 14:38:24, 130.5, 51.0, 18.75, 25.75, 9999.0, 1.0, 1.25, 19.5, 9999.0, 9999.0, 9999.0, 118.5, 122.5, 117.75, 101.5, 133.25
2023-04-06, 14:38:28, 130.5, 51.0, 18.75, 25.75, 9999.0, 0.75, 1.25, 19.5, 9999.0, 9999.0, 9999.0, 118.5, 122.5, 117.75, 101.25, 133.0
2023-04-06, 14:38:32, 130.5, 51.0, 18.75, 25.25, 9999.0, 0.75, -0.25, 18.75, 9999.0, 9999.0, 9999.0, 118.5, 122.5, 117.75, 101.5, 133.25
2023-04-06, 14:38:36, 130.5, 51.0, 18.75, 25.75, 9999.0, 1.0, 1.25, 19.5, 9999.0, 9999.0, 9999.0, 118.25, 122.5, 117.75, 101.5, 133.25
2023-04-06, 14:38:40, 130.5, 51.0, 19.0, 25.75, 9999.0, 1.25, 1.25, 19.5, 9999.0, 9999.0, 9999.0, 118.25, 122.5, 118.0, 101.5, 133.25
2023-04-06, 14:38:44, 130.5, 51.0, 18.75, 26.0, 9999.0, 1.25, 1.25, 19.25, 9999.0, 9999.0, 9999.0, 118.25, 122.5, 117.75, 101.5, 133.25
2023-04-06, 14:38:48, 130.5, 51.0, 17.25, 25.5, 9999.0, -1.5, 1.25, 19.5, 9999.0, 9999.0, 9999.0, 119.0, 122.25, 118.0, 101.5, 133.25
2023-04-06, 14:38:52, 130.5, 51.0, 19.0, 25.75, 9999.0, 1.25, 1.25, 19.5, 9999.0, 9999.0, 9999.0, 119.0, 122.5, 117.75, 101.5, 133.25
2023-04-06, 14:38:56, 130.5, 51.0, 19.0, 26.0, 9999.0, 1.25, 1.25, 19.5, 9999.0, 9999.0, 9999.0, 119.0, 122.5, 117.75, 101.5, 133.25
2023-04-06, 14:39:00, 130.5, 51.0, 18.75, 25.75, 9999.0, 1.0, 1.25, 19.5, 9999.0, 9999.0, 9999.0, 119.0, 122.25, 117.75, 101.5, 133.25
2023-04-06, 14:39:04, 130.5, 50.5, 18.5, 24.5, 9999.0, 1.25, 1.25, 19.5, 9999.0, 9999.0, 9999.0, 118.75, 122.25, 117.75, 101.5, 133.25
2023-04-06, 14:39:08, 130.5, 51.0, 18.75, 25.75, 9999.0, 1.0, 1.25, 19.5, 9999.0, 9999.0, 9999.0, 118.75, 122.25, 118.0, 101.5, 133.25
2023-04-06, 14:39:12, 130.5, 51.0, 18.75, 26.0, 9999.0, 1.0, 1.25, 19.5, 9999.0, 9999.0, 9999.0, 118.75, 122.5, 117.75, 101.5, 133.25
2023-04-06, 14:39:16, 130.5, 51.0, 18.75, 26.0, 9999.0, 1.0, 1.25, 19.5, 9999.0, 9999.0, 9999.0, 118.75, 122.5, 118.0, 101.25, 131.25
2023-04-06, 14:39:20, 130.0, 50.75, 16.5, 25.25, 9999.0, 1.0, 1.25, 19.5, 9999.0, 9999.0, 9999.0, 118.75, 122.5, 117.75, 101.25, 133.25
2023-04-06, 14:39:24, 130.5, 51.0, 18.75, 25.75, 9999.0, 1.0, 1.25, 19.5, 9999.0, 9999.0, 9999.0, 118.75, 122.5, 117.75, 101.5, 133.25
2023-04-06, 14:39:28, 130.5, 51.25, 18.75, 26.0, 9999.0, 1.0, 1.25, 19.75, 9999.0, 9999.0, 9999.0, 118.75, 122.5, 117.75, 101.5, 133.25
2023-04-06, 14:39:32, 130.5, 51.0, 18.75, 25.75, 9999.0, 1.0, 1.25, 19.5, 9999.0, 9999.0, 9999.0, 118.5, 122.5, 117.75, 100.25, 133.0
2023-04-06, 14:39:36, 129.5, 46.5, 19.0, 25.5, 9999.0, 1.0, 1.25, 19.5, 9999.0, 9999.0, 9999.0, 118.5, 122.5, 118.0, 101.5, 133.25
2023-04-06, 14:39:40, 130.5, 51.0, 18.75, 25.75, 9999.0, 1.0, 1.25, 19.5, 9999.0, 9999.0, 9999.0, 118.5, 122.5, 117.75, 101.25, 133.25
2023-04-06, 14:39:44, 130.5, 51.0, 19.0, 25.75, 9999.0, 1.0, 1.25, 19.5, 9999.0, 9999.0, 9999.0, 118.5, 122.5, 117.75, 101.5, 133.25
2023-04-06, 14:39:48, 130.5, 51.0, 18.75, 25.5, 9999.0, 1.0, 1.25, 19.5, 9999.0, 9999.0, 9999.0, 118.5, 122.25, 117.25, 101.25, 131.0
2023-04-06, 14:39:52, 129.75, 51.0, 18.75, 25.75, 9999.0, 1.0, 1.25, 19.5, 9999.0, 9999.0, 9999.0, 118.5, 122.5, 117.75, 101.5, 133.25
2023-04-06, 14:39:56, 130.5, 51.0, 18.75, 25.75, 9999.0, 1.0, 1.25, 19.5, 9999.0, 9999.0, 9999.0, 118.5, 122.25, 117.75, 101.5, 133.25
2023-04-06, 14:40:01, 130.5, 51.25, 18.75, 25.5, 9999.0, 1.25, 1.25, 19.5, 9999.0, 9999.0, 9999.0, 118.25, 122.5, 117.75, 101.25, 133.25
2023-04-06, 14:40:05, 130.5, 51.0, 18.75, 25.75, 9999.0, 1.25, 1.25, 19.5, 9999.0, 9999.0, 9999.0, 116.75, 122.0, 117.0, 99.0, 133.0
2023-04-06, 14:40:09, 130.5, 51.0, 19.0, 25.75, 9999.0, 1.25, 1.25, 19.5, 9999.0, 9999.0, 9999.0, 119.0, 122.5, 118.0, 101.25, 133.25
2023-04-06, 14:40:13, 130.5, 51.0, 18.75, 25.75, 9999.0, 1.25, 1.25, 19.5, 9999.0, 9999.0, 9999.0, 119.0, 122.25, 117.75, 101.25, 133.25
2023-04-06, 14:40:17, 130.5, 51.0, 19.0, 25.5, 9999.0, 1.25, 1.25, 19.5, 9999.0, 9999.0, 9999.0, 119.0, 122.5, 117.75, 101.25, 133.25
2023-04-06, 14:40:21, 130.5, 51.0, 18.75, 25.75, 9999.0, 1.0, 1.25, 19.5, 9999.0, 9999.0, 9999.0, 118.5, 120.75, 115.5, 101.5, 133.25
2023-04-06, 14:40:25, 130.75, 51.0, 19.0, 25.75, 9999.0, 1.0, 1.25, 19.5, 9999.0, 9999.0, 9999.0, 118.75, 122.25, 117.75, 101.25, 133.25
2023-04-06, 14:40:29, 130.75, 51.0, 19.0, 25.75, 9999.0, 1.0, 1.25, 19.5, 9999.0, 9999.0, 9999.0, 118.75, 122.25, 117.75, 101.25, 133.25
2023-04-06, 14:40:33, 130.5, 51.0, 19.0, 26.0, 9999.0, 1.0, 1.25, 19.5, 9999.0, 9999.0, 9999.0, 118.75, 122.25, 117.75, 101.25, 133.25
2023-04-06, 14:40:37, 130.5, 51.0, 18.75, 25.75, 9999.0, 1.0, 1.25, 19.5, 9999.0, 9999.0, 9999.0, 117.0, 121.25, 117.75, 101.25, 133.25
2023-04-06, 14:40:41, 130.5, 51.0, 18.75, 25.75, 9999.0, 1.0, 1.25, 19.5, 9999.0, 9999.0, 9999.0, 118.75, 122.5, 117.75, 101.25, 133.25
2023-04-06, 14:40:45, 130.5, 51.0, 19.0, 25.75, 9999.0, 1.0, 1.25, 19.5, 9999.0, 9999.0, 9999.0, 118.75, 122.5, 117.75, 101.25, 133.25
2023-04-06, 14:40:49, 130.5, 51.0, 18.75, 25.75, 9999.0, 1.0, 1.25, 19.5, 9999.0, 9999.0, 9999.0, 118.75, 122.25, 117.75, 101.25, 133.25
2023-04-06, 14:40:53, 130.5, 51.0, 18.75, 25.75, 9999.0, 1.0, 1.25, 18.25, 9999.0, 9999.0, 9999.0, 118.5, 122.5, 117.75, 101.25, 133.25
2023-04-06, 14:40:57, 130.5, 51.0, 19.0, 25.75, 9999.0, 1.0, 1.25, 19.5, 9999.0, 9999.0, 9999.0, 118.5, 122.5, 117.75, 101.25, 133.25
2023-04-06, 14:41:01, 130.5, 51.0, 18.75, 25.75, 9999.0, 1.0, 1.25, 19.5, 9999.0, 9999.0, 9999.0, 118.5, 122.5, 117.75, 101.25, 133.25
2023-04-06, 14:41:05, 130.5, 51.0, 18.75, 25.75, 9999.0, 0.75, 1.25, 19.5, 9999.0, 9999.0, 9999.0, 118.25, 122.5, 117.75, 101.25, 133.25
2023-04-06, 14:41:09, 130.5, 51.0, 19.0, 25.75, 9999.0, 1.0, 0.5, 19.25, 9999.0, 9999.0, 9999.0, 118.25, 122.25, 118.0, 101.25, 133.25
2023-04-06, 14:41:13, 130.5, 51.25, 18.75, 25.75, 9999.0, 1.25, 1.25, 19.5, 9999.0, 9999.0, 9999.0, 118.25, 122.25, 118.0, 101.25, 133.25
2023-04-06, 14:41:17, 130.5, 51.0, 19.0, 25.75, 9999.0, 1.0, 1.25, 19.5, 9999.0, 9999.0, 9999.0, 118.25, 122.25, 117.75, 101.25, 133.25
2023-04-06, 14:41:21, 130.5, 51.0, 18.75, 25.5, 9999.0, 1.25, 1.25, 19.5, 9999.0, 9999.0, 9999.0, 118.25, 122.25, 117.75, 101.25, 133.25
2023-04-06, 14:41:25, 130.5, 51.0, 18.75, 25.5, 9999.0, 0.5, 0.0, 17.75, 9999.0, 9999.0, 9999.0, 119.0, 122.25, 118.0, 101.25, 133.25
2023-04-06, 14:41:29, 130.5, 51.0, 18.75, 25.75, 9999.0, 1.25, 1.25, 19.5, 9999.0, 9999.0, 9999.0, 119.0, 122.25, 117.75, 101.25, 133.25
2023-04-06, 14:41:33, 130.5, 51.0, 18.75, 25.75, 9999.0, 1.25, 1.25, 19.5, 9999.0, 9999.0, 9999.0, 119.0, 122.25, 117.75, 101.25, 133.25
2023-04-06, 14:41:37, 130.5, 51.0, 19.0, 25.75, 9999.0, 1.25, 1.25, 19.5, 9999.0, 9999.0, 9999.0, 118.75, 122.25, 117.75, 101.25, 133.25
2023-04-06, 14:41:41, 130.5, 51.0, 18.75, 24.5, 9999.0, 0.0, -2.5, 19.5, 9999.0, 9999.0, 9999.0, 118.75, 122.25, 117.75, 101.25, 133.25
2023-04-06, 14:41:45, 130.5, 51.0, 18.75, 25.75, 9999.0, 1.0, 1.25, 19.5, 9999.0, 9999.0, 9999.0, 118.75, 122.25, 118.0, 101.25, 133.25
2023-04-06, 14:41:49, 130.5, 51.0, 18.75, 25.75, 9999.0, 1.0, 1.25, 19.5, 9999.0, 9999.0, 9999.0, 118.75, 122.25, 117.75, 101.25, 133.25
2023-04-06, 14:41:53, 130.5, 51.0, 18.75, 25.75, 9999.0, 1.0, 1.25, 19.5, 9999.0, 9999.0, 9999.0, 118.75, 122.25, 117.75, 101.25, 133.25
2023-04-06, 14:41:57, 130.5, 51.0, 18.0, 25.25, 9999.0, 0.25, 1.25, 19.5, 9999.0, 9999.0, 9999.0, 118.75, 122.5, 117.75, 101.5, 133.25
2023-04-06, 14:42:01, 130.5, 51.0, 18.75, 25.75, 9999.0, 1.0, 1.25, 19.5, 9999.0, 9999.0, 9999.0, 118.75, 122.5, 117.75, 101.25, 133.25
2023-04-06, 14:42:05, 130.5, 51.0, 18.75, 25.75, 9999.0, 1.0, 1.25, 19.5, 9999.0, 9999.0, 9999.0, 118.75, 122.5, 117.75, 101.25, 133.25
2023-04-06, 14:42:09, 130.5, 51.0, 18.75, 25.5, 9999.0, 0.75, 1.25, 19.5, 9999.0, 9999.0, 9999.0, 118.75, 122.5, 117.75, 101.25, 133.25
2023-04-06, 14:42:13, 129.25, 50.75, 17.5, 22.5, 9999.0, 1.0, 1.25, 19.5, 9999.0, 9999.0, 9999.0, 118.5, 122.5, 117.75, 101.25, 133.25
2023-04-06, 14:42:17, 130.5, 51.0, 18.75, 25.5, 9999.0, 1.0, 1.25, 19.5, 9999.0, 9999.0, 9999.0, 118.5, 122.5, 117.75, 101.25, 133.25
2023-04-06, 14:42:21, 130.5, 51.0, 19.0, 25.5, 9999.0, 1.0, 1.25, 19.5, 9999.0, 9999.0, 9999.0, 118.5, 122.5, 117.75, 101.25, 133.25
2023-04-06, 14:42:25, 130.5, 51.0, 18.75, 25.25, 9999.0, 0.75, 1.25, 19.5, 9999.0, 9999.0, 9999.0, 118.5, 122.5, 117.75, 101.25, 132.0
2023-04-06, 14:42:29, 130.25, 49.5, 15.75, 25.25, 9999.0, 1.0, 1.25, 19.5, 9999.0, 9999.0, 9999.0, 118.5, 122.5, 117.75, 101.25, 133.25
2023-04-06, 14:42:33, 130.5, 51.0, 18.75, 25.5, 9999.0, 1.0, 1.25, 19.5, 9999.0, 9999.0, 9999.0, 118.25, 122.5, 118.0, 101.25, 133.25
2023-04-06, 14:42:37, 130.5, 51.0, 18.75, 25.5, 9999.0, 1.25, 1.25, 19.5, 9999.0, 9999.0, 9999.0, 118.25, 122.5, 117.75, 101.25, 133.25
2023-04-06, 14:42:41, 130.5, 51.0, 18.5, 25.5, 9999.0, 1.25, 1.25, 19.5, 9999.0, 9999.0, 9999.0, 118.25, 122.25, 117.5, 101.0, 132.5
2023-04-06, 14:42:45, 129.0, 50.5, 18.75, 25.75, 9999.0, 1.25, 1.25, 19.5, 9999.0, 9999.0, 9999.0, 119.0, 122.25, 118.0, 101.25, 133.25
2023-04-06, 14:42:49, 130.5, 51.0, 18.75, 25.75, 9999.0, 1.25, 1.25, 19.5, 9999.0, 9999.0, 9999.0, 119.0, 122.25, 117.75, 101.25, 133.25
2023-04-06, 14:42:53, 130.5, 51.0, 19.0, 25.75, 9999.0, 1.25, 1.25, 19.5, 9999.0, 9999.0, 9999.0, 119.0, 122.25, 117.75, 101.25, 133.25
2023-04-06, 14:42:57, 130.5, 51.0, 18.75, 25.75, 9999.0, 1.25, 1.25, 19.5, 9999.0, 9999.0, 9999.0, 118.75, 121.0, 117.5, 100.25, 127.75
2023-04-06, 14:43:01, 130.5, 51.0, 18.75, 25.75, 9999.0, 1.25, 1.25, 19.5, 9999.0, 9999.0, 9999.0, 118.75, 122.25, 117.75, 101.25, 133.25
2023-04-06, 14:43:05, 130.5, 51.0, 18.75, 25.75, 9999.0, 1.25, 1.25, 19.5, 9999.0, 9999.0, 9999.0, 118.75, 122.25, 117.75, 101.25, 133.25
2023-04-06, 14:43:09, 130.5, 51.0, 18.75, 25.75, 9999.0, 1.0, 1.25, 19.5, 9999.0, 9999.0, 9999.0, 118.75, 122.25, 117.75, 101.25, 133.0
2023-04-06, 14:43:13, 130.5, 51.0, 18.75, 25.75, 9999.0, 1.0, 1.25, 19.5, 9999.0, 9999.0, 9999.0, 118.0, 122.25, 116.0, 99.75, 133.25
2023-04-06, 14:43:17, 130.5, 51.0, 18.75, 25.75, 9999.0, 1.0, 1.25, 19.5, 9999.0, 9999.0, 9999.0, 118.75, 122.5, 117.75, 101.25, 133.25
2023-04-06, 14:43:21, 130.5, 51.0, 18.75, 25.75, 9999.0, 1.0, 1.25, 19.5, 9999.0, 9999.0, 9999.0, 118.75, 122.5, 118.0, 101.25, 133.25
2023-04-06, 14:43:25, 130.5, 51.25, 19.0, 25.75, 9999.0, 1.0, 1.25, 19.5, 9999.0, 9999.0, 9999.0, 118.75, 122.5, 118.0, 101.25, 133.25
2023-04-06, 14:43:29, 130.5, 51.0, 18.75, 25.75, 9999.0, 1.0, 1.25, 19.5, 9999.0, 9999.0, 9999.0, 117.75, 120.75, 117.5, 101.25, 133.25
2023-04-06, 14:43:33, 130.5, 51.0, 19.0, 25.75, 9999.0, 1.0, 1.25, 19.5, 9999.0, 9999.0, 9999.0, 118.5, 122.25, 117.75, 101.25, 133.25
2023-04-06, 14:43:37, 130.5, 51.0, 18.75, 25.75, 9999.0, 1.0, 1.25, 19.5, 9999.0, 9999.0, 9999.0, 118.5, 122.25, 117.75, 101.25, 133.25
2023-04-06, 14:43:41, 130.5, 51.0, 18.75, 25.75, 9999.0, 1.0, 1.25, 19.5, 9999.0, 9999.0, 9999.0, 118.5, 122.25, 117.75, 101.25, 133.25
2023-04-06, 14:43:45, 130.5, 51.0, 18.75, 25.75, 9999.0, 1.0, 1.25, 19.5, 9999.0, 9999.0, 9999.0, 114.75, 122.25, 118.0, 101.25, 133.25
2023-04-06, 14:43:49, 130.5, 51.0, 18.75, 25.5, 9999.0, 1.0, 1.25, 19.5, 9999.0, 9999.0, 9999.0, 118.5, 122.25, 118.0, 101.25, 133.25
2023-04-06, 14:43:53, 130.5, 51.0, 18.75, 25.25, 9999.0, 1.0, 1.25, 19.5, 9999.0, 9999.0, 9999.0, 118.5, 122.5, 117.75, 101.25, 133.25
2023-04-06, 14:43:57, 130.5, 51.0, 18.75, 25.5, 9999.0, 1.25, 1.25, 19.5, 9999.0, 9999.0, 9999.0, 118.25, 122.25, 117.75, 101.25, 133.25
2023-04-06, 14:44:01, 130.5, 51.0, 18.75, 25.5, 9999.0, 1.25, 1.0, 19.0, 9999.0, 9999.0, 9999.0, 118.25, 122.25, 118.0, 101.25, 133.25
2023-04-06, 14:44:05, 130.5, 51.0, 18.75, 25.75, 9999.0, 1.25, 1.25, 19.5, 9999.0, 9999.0, 9999.0, 119.0, 122.25, 117.75, 101.25, 133.25
2023-04-06, 14:44:09, 130.75, 51.0, 18.75, 25.75, 9999.0, 1.0, 1.25, 19.5, 9999.0, 9999.0, 9999.0, 119.0, 122.25, 117.75, 101.25, 133.25
2023-04-06, 14:44:13, 130.5, 51.25, 18.75, 25.5, 9999.0, 1.25, 1.25, 19.5, 9999.0, 9999.0, 9999.0, 118.75, 122.25, 117.75, 101.25, 133.25
2023-04-06, 14:44:17, 130.75, 51.0, 18.75, 25.75, 9999.0, -0.25, 0.5, 18.5, 9999.0, 9999.0, 9999.0, 119.0, 122.25, 117.75, 101.25, 133.25
2023-04-06, 14:44:21, 130.5, 51.0, 18.75, 25.5, 9999.0, 1.0, 1.25, 19.5, 9999.0, 9999.0, 9999.0, 118.75, 122.25, 117.75, 101.25, 133.25
2023-04-06, 14:44:25, 130.5, 51.0, 18.75, 25.75, 9999.0, 1.0, 1.25, 19.5, 9999.0, 9999.0, 9999.0, 118.75, 122.25, 117.75, 101.25, 133.25
2023-04-06, 14:44:30, 130.5, 51.25, 18.75, 25.75, 9999.0, 1.0, 1.25, 19.5, 9999.0, 9999.0, 9999.0, 118.75, 122.25, 117.75, 101.25, 133.25
2023-04-06, 14:44:34, 130.5, 51.0, 18.75, 25.75, 9999.0, 0.75, 0.0, 17.5, 9999.0, 9999.0, 9999.0, 118.75, 122.25, 117.75, 101.25, 133.25
2023-04-06, 14:44:38, 130.5, 51.0, 18.75, 25.75, 9999.0, 1.0, 1.25, 19.5, 9999.0, 9999.0, 9999.0, 118.75, 122.5, 117.75, 101.25, 133.25
2023-04-06, 14:44:42, 130.5, 51.0, 18.75, 25.5, 9999.0, 1.0, 1.25, 19.5, 9999.0, 9999.0, 9999.0, 118.75, 122.5, 117.75, 101.25, 133.25
2023-04-06, 14:44:46, 130.5, 51.0, 18.75, 25.5, 9999.0, 1.0, 1.25, 19.5, 9999.0, 9999.0, 9999.0, 118.75, 122.5, 118.0, 101.25, 133.25
2023-04-06, 14:44:50, 130.5, 51.0, 18.0, 24.75, 9999.0, -0.5, 0.25, 19.5, 9999.0, 9999.0, 9999.0, 118.5, 122.5, 118.0, 101.25, 133.25
2023-04-06, 14:44:54, 130.5, 51.25, 18.75, 25.5, 9999.0, 1.0, 1.25, 19.5, 9999.0, 9999.0, 9999.0, 118.5, 122.5, 118.0, 101.25, 133.25
2023-04-06, 14:44:58, 130.5, 51.25, 18.75, 25.5, 9999.0, 1.0, 1.25, 19.5, 9999.0, 9999.0, 9999.0, 118.5, 122.5, 118.0, 101.25, 133.25
2023-04-06, 14:45:02, 130.5, 51.0, 18.75, 25.5, 9999.0, 1.0, 1.0, 19.5, 9999.0, 9999.0, 9999.0, 118.5, 122.25, 117.75, 101.25, 133.25
2023-04-06, 14:45:06, 130.5, 49.5, 18.25, 24.0, 9999.0, 0.75, 1.25, 19.5, 9999.0, 9999.0, 9999.0, 118.5, 122.5, 118.0, 101.25, 133.25
2023-04-06, 14:45:10, 130.5, 51.25, 18.75, 25.25, 9999.0, 1.0, 1.25, 19.5, 9999.0, 9999.0, 9999.0, 118.5, 122.25, 118.0, 101.25, 133.25
2023-04-06, 14:45:14, 130.5, 51.0, 18.75, 25.5, 9999.0, 1.0, 1.25, 19.5, 9999.0, 9999.0, 9999.0, 118.5, 122.5, 118.0, 101.25, 133.25
2023-04-06, 14:45:18, 130.5, 51.0, 18.75, 25.75, 9999.0, 1.25, 1.25, 19.5, 9999.0, 9999.0, 9999.0, 118.25, 122.5, 118.0, 101.25, 133.0
2023-04-06, 14:45:22, 129.5, 51.0, 17.75, 23.5, 9999.0, 1.25, 1.25, 19.5, 9999.0, 9999.0, 9999.0, 118.25, 122.5, 118.0, 101.25, 133.25
2023-04-06, 14:45:26, 130.5, 51.0, 18.75, 25.75, 9999.0, 1.25, 1.25, 19.5, 9999.0, 9999.0, 9999.0, 119.0, 122.5, 118.0, 101.25, 133.25
2023-04-06, 14:45:30, 130.5, 51.0, 18.75, 25.75, 9999.0, 1.0, 1.25, 19.5, 9999.0, 9999.0, 9999.0, 119.0, 122.25, 117.75, 101.25, 133.25
2023-04-06, 14:45:34, 130.5, 51.0, 18.75, 25.5, 9999.0, 1.25, 1.25, 19.5, 9999.0, 9999.0, 9999.0, 119.0, 122.25, 117.75, 101.25, 132.25
2023-04-06, 14:45:38, 130.25, 49.5, 18.0, 25.5, 9999.0, 1.25, 1.25, 19.5, 9999.0, 9999.0, 9999.0, 118.75, 122.25, 117.75, 101.25, 133.25
2023-04-06, 14:45:42, 130.5, 51.0, 18.75, 25.75, 9999.0, 1.0, 1.25, 19.5, 9999.0, 9999.0, 9999.0, 118.75, 122.25, 118.0, 101.25, 133.25
2023-04-06, 14:45:46, 130.5, 51.25, 18.75, 25.75, 9999.0, 1.0, 1.25, 19.5, 9999.0, 9999.0, 9999.0, 118.75, 122.25, 117.75, 101.25, 133.25
2023-04-06, 14:45:50, 130.5, 51.0, 18.75, 25.5, 9999.0, 1.0, 1.25, 19.5, 9999.0, 9999.0, 9999.0, 118.75, 122.25, 116.25, 101.0, 131.75
2023-04-06, 14:45:54, 127.75, 50.75, 18.75, 25.5, 9999.0, 1.0, 1.25, 19.5, 9999.0, 9999.0, 9999.0, 118.75, 122.5, 118.0, 101.25, 133.25
2023-04-06, 14:45:58, 130.5, 51.0, 18.75, 25.5, 9999.0, 1.0, 1.25, 19.5, 9999.0, 9999.0, 9999.0, 118.75, 122.5, 118.0, 101.25, 133.25
2023-04-06, 14:46:02, 130.5, 51.0, 18.75, 25.25, 9999.0, 1.0, 1.25, 19.5, 9999.0, 9999.0, 9999.0, 118.75, 122.5, 118.0, 101.25, 133.25
2023-04-06, 14:46:06, 130.25, 51.0, 18.75, 25.5, 9999.0, 1.0, 1.25, 19.5, 9999.0, 9999.0, 9999.0, 118.5, 121.5, 117.5, 100.25, 128.25
2023-04-06, 14:46:10, 130.5, 51.0, 18.75, 25.75, 9999.0, 1.0, 1.25, 19.5, 9999.0, 9999.0, 9999.0, 118.5, 122.5, 117.75, 101.25, 133.25
2023-04-06, 14:46:14, 130.5, 51.0, 18.75, 25.5, 9999.0, 1.0, 1.25, 19.5, 9999.0, 9999.0, 9999.0, 118.5, 122.5, 117.75, 101.25, 133.25
2023-04-06, 14:46:18, 130.5, 51.0, 18.75, 25.5, 9999.0, 1.0, 1.25, 19.5, 9999.0, 9999.0, 9999.0, 118.5, 122.5, 117.75, 101.25, 133.0
2023-04-06, 14:46:22, 130.5, 51.0, 18.75, 25.5, 9999.0, 1.0, 1.25, 19.5, 9999.0, 9999.0, 9999.0, 117.75, 121.75, 116.0, 100.75, 133.25
2023-04-06, 14:46:26, 130.5, 51.0, 18.75, 25.75, 9999.0, 1.0, 1.25, 19.5, 9999.0, 9999.0, 9999.0, 118.5, 122.25, 118.0, 101.25, 133.25
2023-04-06, 14:46:30, 130.5, 51.0, 18.75, 25.5, 9999.0, 1.0, 1.25, 19.5, 9999.0, 9999.0, 9999.0, 118.25, 122.25, 117.75, 101.25, 133.25
2023-04-06, 14:46:34, 130.5, 51.25, 18.75, 25.5, 9999.0, 1.0, 1.25, 19.5, 9999.0, 9999.0, 9999.0, 118.25, 122.25, 117.75, 101.25, 133.25
2023-04-06, 14:46:38, 130.5, 51.0, 18.75, 25.75, 9999.0, 1.25, 1.25, 19.5, 9999.0, 9999.0, 9999.0, 117.0, 119.0, 117.75, 101.25, 133.25
2023-04-06, 14:46:42, 130.5, 51.0, 18.75, 25.75, 9999.0, 1.25, 1.25, 19.5, 9999.0, 9999.0, 9999.0, 119.0, 122.25, 117.75, 101.25, 133.25
2023-04-06, 14:46:46, 130.5, 51.0, 18.75, 25.75, 9999.0, 1.25, 1.25, 19.5, 9999.0, 9999.0, 9999.0, 119.0, 122.25, 117.75, 101.25, 133.25
2023-04-06, 14:46:50, 130.5, 51.0, 18.75, 25.5, 9999.0, 1.0, 1.25, 19.5, 9999.0, 9999.0, 9999.0, 119.0, 122.25, 117.75, 101.25, 133.25
2023-04-06, 14:46:54, 130.5, 51.0, 18.75, 25.75, 9999.0, 1.25, 1.25, 19.5, 9999.0, 9999.0, 9999.0, 115.75, 122.25, 117.75, 101.25, 133.25
2023-04-06, 14:46:58, 130.5, 51.0, 18.75, 25.75, 9999.0, 1.0, 1.25, 19.5, 9999.0, 9999.0, 9999.0, 118.75, 122.25, 118.0, 101.5, 133.25
2023-04-06, 14:47:02, 130.5, 51.25, 18.75, 25.75, 9999.0, 1.0, 1.25, 19.5, 9999.0, 9999.0, 9999.0, 118.75, 122.25, 117.75, 101.25, 133.25
2023-04-06, 14:47:06, 130.5, 51.0, 18.75, 25.75, 9999.0, 1.0, 1.25, 19.5, 9999.0, 9999.0, 9999.0, 118.75, 122.25, 117.75, 101.25, 133.25
2023-04-06, 14:47:10, 130.5, 51.0, 18.75, 25.75, 9999.0, 0.75, 0.5, 19.25, 9999.0, 9999.0, 9999.0, 118.75, 122.25, 117.75, 101.25, 133.25
2023-04-06, 14:47:14, 130.5, 51.25, 18.75, 25.75, 9999.0, 1.0, 1.25, 19.5, 9999.0, 9999.0, 9999.0, 118.75, 122.5, 117.75, 101.25, 133.25
2023-04-06, 14:47:18, 130.5, 51.25, 18.75, 25.75, 9999.0, 1.0, 1.25, 19.5, 9999.0, 9999.0, 9999.0, 118.75, 122.5, 117.75, 101.25, 133.25
2023-04-06, 14:47:22, 130.5, 51.0, 18.75, 25.75, 9999.0, 1.0, 1.25, 19.5, 9999.0, 9999.0, 9999.0, 118.75, 122.5, 117.75, 101.5, 133.25
2023-04-06, 14:47:26, 130.5, 51.0, 19.0, 24.75, 9999.0, 0.25, -0.25, 18.75, 9999.0, 9999.0, 9999.0, 118.75, 122.5, 118.0, 101.25, 133.25
2023-04-06, 14:47:30, 130.5, 51.0, 18.75, 25.75, 9999.0, 1.0, 1.25, 19.5, 9999.0, 9999.0, 9999.0, 118.5, 122.5, 118.0, 101.5, 133.25
2023-04-06, 14:47:34, 130.5, 51.25, 19.0, 25.5, 9999.0, 1.0, 1.25, 19.5, 9999.0, 9999.0, 9999.0, 118.75, 122.25, 117.75, 101.5, 133.25
2023-04-06, 14:47:38, 130.75, 51.25, 18.75, 25.75, 9999.0, 1.0, 1.0, 19.5, 9999.0, 9999.0, 9999.0, 118.5, 122.5, 117.75, 101.25, 133.25
2023-04-06, 14:47:42, 130.5, 50.0, 18.25, 24.75, 9999.0, 0.75, 1.25, 19.5, 9999.0, 9999.0, 9999.0, 118.5, 122.5, 117.75, 101.5, 133.25
2023-04-06, 14:47:46, 130.75, 51.0, 19.0, 25.75, 9999.0, 1.0, 1.25, 19.5, 9999.0, 9999.0, 9999.0, 118.5, 122.5, 118.0, 101.25, 133.25
2023-04-06, 14:47:50, 130.75, 51.25, 19.0, 25.75, 9999.0, 1.25, 1.25, 19.5, 9999.0, 9999.0, 9999.0, 118.5, 122.5, 117.75, 101.25, 133.25
2023-04-06, 14:47:54, 130.5, 51.25, 19.0, 25.75, 9999.0, 1.0, 1.25, 19.5, 9999.0, 9999.0, 9999.0, 118.5, 122.5, 117.75, 101.25, 131.0
2023-04-06, 14:47:58, 130.5, 49.75, 16.75, 25.75, 9999.0, 1.25, 1.25, 19.5, 9999.0, 9999.0, 9999.0, 118.25, 122.5, 118.0, 101.25, 133.25
2023-04-06, 14:48:02, 130.5, 51.25, 19.0, 25.75, 9999.0, 1.25, 1.25, 19.75, 9999.0, 9999.0, 9999.0, 119.0, 122.25, 117.75, 101.5, 133.25
2023-04-06, 14:48:06, 130.5, 51.25, 19.0, 25.75, 9999.0, 1.25, 1.25, 19.5, 9999.0, 9999.0, 9999.0, 119.0, 122.5, 117.75, 101.5, 133.25
2023-04-06, 14:48:10, 130.75, 51.0, 18.75, 25.75, 9999.0, 1.25, 1.25, 19.5, 9999.0, 9999.0, 9999.0, 119.0, 122.25, 116.5, 101.25, 131.75
2023-04-06, 14:48:14, 128.0, 51.0, 18.75, 25.5, 9999.0, 1.25, 1.25, 19.5, 9999.0, 9999.0, 9999.0, 119.0, 122.25, 117.75, 101.5, 133.25
2023-04-06, 14:48:18, 130.75, 51.25, 18.75, 25.75, 9999.0, 1.25, 1.5, 19.75, 9999.0, 9999.0, 9999.0, 118.75, 122.25, 117.75, 101.5, 133.25
2023-04-06, 14:48:22, 130.75, 51.25, 19.0, 25.75, 9999.0, 1.0, 1.25, 19.75, 9999.0, 9999.0, 9999.0, 118.75, 122.25, 118.0, 101.5, 133.25
2023-04-06, 14:48:26, 130.5, 51.0, 19.0, 25.75, 9999.0, 1.0, 1.25, 19.5, 9999.0, 9999.0, 9999.0, 117.5, 122.0, 116.75, 99.75, 133.25
2023-04-06, 14:48:30, 130.75, 51.25, 19.0, 25.75, 9999.0, 1.25, 1.25, 19.5, 9999.0, 9999.0, 9999.0, 118.75, 122.25, 117.75, 101.5, 133.25
2023-04-06, 14:48:34, 130.75, 51.25, 19.0, 25.75, 9999.0, 1.0, 1.25, 19.5, 9999.0, 9999.0, 9999.0, 118.75, 122.5, 117.75, 101.5, 133.25
2023-04-06, 14:48:38, 130.75, 51.0, 18.75, 25.75, 9999.0, 1.0, 1.5, 19.5, 9999.0, 9999.0, 9999.0, 118.75, 122.5, 117.75, 101.5, 133.25
2023-04-06, 14:48:42, 130.75, 51.25, 19.0, 25.75, 9999.0, 1.0, 1.25, 19.5, 9999.0, 9999.0, 9999.0, 117.25, 119.25, 117.75, 101.5, 133.25
2023-04-06, 14:48:46, 130.75, 51.25, 19.0, 25.75, 9999.0, 1.0, 1.5, 19.5, 9999.0, 9999.0, 9999.0, 118.75, 122.5, 117.75, 101.5, 133.25
2023-04-06, 14:48:50, 130.75, 51.25, 19.0, 25.75, 9999.0, 1.0, 1.25, 19.5, 9999.0, 9999.0, 9999.0, 118.75, 122.5, 117.75, 101.5, 133.25
2023-04-06, 14:48:55, 130.5, 51.25, 18.75, 25.75, 9999.0, 1.0, 1.25, 19.5, 9999.0, 9999.0, 9999.0, 118.5, 122.5, 117.75, 101.5, 133.25
2023-04-06, 14:48:59, 130.75, 51.25, 18.75, 25.75, 9999.0, 1.0, 1.25, 19.0, 9999.0, 9999.0, 9999.0, 118.5, 122.5, 117.75, 101.5, 133.5
2023-04-06, 14:49:03, 130.75, 51.25, 18.75, 25.75, 9999.0, 1.0, 1.25, 19.75, 9999.0, 9999.0, 9999.0, 118.5, 122.5, 117.75, 101.5, 133.25
2023-04-06, 14:49:07, 130.75, 51.25, 18.75, 25.75, 9999.0, 1.25, 1.25, 19.75, 9999.0, 9999.0, 9999.0, 118.5, 122.5, 118.0, 101.5, 133.25
2023-04-06, 14:49:11, 130.75, 51.25, 19.0, 25.75, 9999.0, 1.25, 1.25, 19.5, 9999.0, 9999.0, 9999.0, 118.5, 122.5, 117.75, 101.5, 133.25
2023-04-06, 14:49:15, 130.75, 51.25, 18.75, 25.5, 9999.0, 0.5, 1.0, 18.0, 9999.0, 9999.0, 9999.0, 118.25, 122.5, 117.75, 101.5, 133.25
2023-04-06, 14:49:19, 130.75, 51.25, 18.75, 25.5, 9999.0, 1.5, 1.5, 19.75, 9999.0, 9999.0, 9999.0, 118.25, 122.5, 118.0, 101.5, 133.25
2023-04-06, 14:49:23, 130.75, 51.25, 18.75, 25.5, 9999.0, 1.25, 1.5, 19.75, 9999.0, 9999.0, 9999.0, 119.0, 122.5, 118.0, 101.5, 133.25
2023-04-06, 14:49:27, 130.75, 51.25, 18.75, 25.25, 9999.0, 1.25, 1.5, 19.5, 9999.0, 9999.0, 9999.0, 119.0, 122.5, 117.75, 101.5, 133.25
2023-04-06, 14:49:31, 130.75, 51.25, 18.0, 24.75, 9999.0, -0.5, 1.0, 19.5, 9999.0, 9999.0, 9999.0, 119.0, 122.5, 117.75, 101.5, 133.25
2023-04-06, 14:49:35, 130.75, 51.25, 19.0, 25.75, 9999.0, 1.25, 1.5, 19.5, 9999.0, 9999.0, 9999.0, 119.0, 122.5, 118.0, 101.5, 133.25
2023-04-06, 14:49:39, 130.75, 51.25, 19.0, 25.75, 9999.0, 1.25, 1.25, 19.5, 9999.0, 9999.0, 9999.0, 118.75, 122.5, 118.0, 101.5, 133.25
2023-04-06, 14:49:43, 130.75, 51.25, 19.0, 25.75, 9999.0, 1.0, 1.25, 19.75, 9999.0, 9999.0, 9999.0, 118.75, 122.25, 117.75, 101.5, 133.25
2023-04-06, 14:49:47, 129.25, 51.0, 17.75, 23.75, 9999.0, 1.0, 1.5, 19.75, 9999.0, 9999.0, 9999.0, 118.75, 122.5, 118.0, 101.5, 133.25
2023-04-06, 14:49:51, 130.75, 51.25, 19.0, 25.5, 9999.0, 1.0, 1.5, 19.5, 9999.0, 9999.0, 9999.0, 118.75, 122.25, 117.75, 101.5, 133.25
2023-04-06, 14:49:55, 130.75, 51.25, 19.0, 25.5, 9999.0, 1.0, 1.5, 19.5, 9999.0, 9999.0, 9999.0, 118.75, 122.5, 118.0, 101.5, 133.25
2023-04-06, 14:49:59, 130.75, 51.25, 19.0, 25.5, 9999.0, 1.0, 1.25, 19.75, 9999.0, 9999.0, 9999.0, 118.75, 122.5, 117.75, 101.25, 132.5
2023-04-06, 14:50:03, 130.25, 49.25, 18.25, 25.75, 9999.0, 1.0, 1.25, 19.75, 9999.0, 9999.0, 9999.0, 118.75, 122.5, 117.75, 101.5, 133.25
2023-04-06, 14:50:07, 130.5, 51.25, 19.0, 25.75, 9999.0, 1.0, 1.25, 19.5, 9999.0, 9999.0, 9999.0, 118.75, 122.5, 117.75, 101.5, 133.25
2023-04-06, 14:50:11, 130.75, 51.25, 19.0, 25.75, 9999.0, 1.0, 1.25, 19.5, 9999.0, 9999.0, 9999.0, 118.75, 122.5, 117.75, 101.5, 133.25
2023-04-06, 14:50:15, 130.75, 51.0, 18.75, 25.75, 9999.0, 1.0, 1.25, 19.75, 9999.0, 9999.0, 9999.0, 118.75, 122.25, 117.25, 101.25, 132.0
2023-04-06, 14:50:19, 128.75, 51.25, 19.0, 25.75, 9999.0, 1.0, 1.25, 19.5, 9999.0, 9999.0, 9999.0, 118.5, 122.5, 117.75, 101.5, 133.25
2023-04-06, 14:50:23, 130.75, 51.25, 19.0, 25.75, 9999.0, 1.0, 1.25, 19.5, 9999.0, 9999.0, 9999.0, 118.5, 122.5, 118.0, 101.5, 133.25
2023-04-06, 14:50:27, 130.75, 51.25, 19.0, 25.75, 9999.0, 1.25, 1.5, 19.5, 9999.0, 9999.0, 9999.0, 118.5, 122.5, 118.0, 101.5, 133.25
2023-04-06, 14:50:31, 130.5, 51.25, 19.0, 25.75, 9999.0, 1.25, 1.25, 19.5, 9999.0, 9999.0, 9999.0, 117.5, 121.5, 117.5, 100.0, 132.25
2023-04-06, 14:50:35, 130.75, 51.25, 19.0, 25.75, 9999.0, 1.25, 1.5, 19.75, 9999.0, 9999.0, 9999.0, 118.5, 122.5, 118.0, 101.5, 133.25
2023-04-06, 14:50:39, 130.75, 51.25, 19.0, 26.0, 9999.0, 1.5, 1.5, 19.75, 9999.0, 9999.0, 9999.0, 118.25, 122.5, 118.0, 101.5, 133.25
2023-04-06, 14:50:43, 130.75, 51.25, 19.0, 25.75, 9999.0, 1.25, 1.5, 19.75, 9999.0, 9999.0, 9999.0, 119.0, 122.5, 118.0, 101.5, 133.25
2023-04-06, 14:50:47, 130.75, 51.25, 19.0, 25.75, 9999.0, 1.25, 1.25, 19.5, 9999.0, 9999.0, 9999.0, 118.5, 121.0, 115.5, 101.25, 133.25
2023-04-06, 14:50:51, 130.75, 51.25, 19.0, 25.75, 9999.0, 1.25, 1.25, 19.75, 9999.0, 9999.0, 9999.0, 119.0, 122.5, 118.0, 101.5, 133.25
2023-04-06, 14:50:55, 130.75, 51.25, 19.0, 25.75, 9999.0, 1.25, 1.5, 19.75, 9999.0, 9999.0, 9999.0, 119.0, 122.5, 118.0, 101.5, 133.25
2023-04-06, 14:50:59, 130.75, 51.25, 18.75, 25.75, 9999.0, 1.25, 1.5, 19.75, 9999.0, 9999.0, 9999.0, 119.0, 122.5, 117.75, 101.5, 133.25
2023-04-06, 14:51:03, 130.75, 51.25, 18.75, 25.5, 9999.0, 1.25, 1.25, 19.5, 9999.0, 9999.0, 9999.0, 117.75, 120.25, 117.75, 101.5, 133.25
2023-04-06, 14:51:07, 130.75, 51.25, 19.0, 25.75, 9999.0, 1.25, 1.5, 19.5, 9999.0, 9999.0, 9999.0, 118.75, 122.25, 117.75, 101.5, 133.25
2023-04-06, 14:51:11, 130.75, 51.25, 19.0, 25.75, 9999.0, 1.25, 1.5, 19.75, 9999.0, 9999.0, 9999.0, 118.75, 122.25, 117.75, 101.5, 133.25
2023-04-06, 14:51:15, 130.75, 51.25, 18.75, 25.75, 9999.0, 1.0, 1.5, 19.75, 9999.0, 9999.0, 9999.0, 118.75, 122.5, 117.75, 101.5, 133.25
2023-04-06, 14:51:19, 130.75, 51.25, 19.0, 25.75, 9999.0, 1.0, 1.25, 18.75, 9999.0, 9999.0, 9999.0, 118.0, 122.5, 118.0, 101.5, 133.25
2023-04-06, 14:51:23, 130.75, 51.25, 18.75, 25.75, 9999.0, 1.0, 1.25, 19.75, 9999.0, 9999.0, 9999.0, 118.75, 122.5, 118.0, 101.25, 133.25
2023-04-06, 14:51:27, 130.5, 51.25, 19.0, 25.75, 9999.0, 1.0, 1.25, 19.75, 9999.0, 9999.0, 9999.0, 118.75, 122.5, 118.0, 101.5, 133.25
2023-04-06, 14:51:31, 130.75, 51.25, 19.0, 25.75, 9999.0, 1.0, 1.25, 19.5, 9999.0, 9999.0, 9999.0, 118.5, 122.5, 117.75, 101.5, 133.25
2023-04-06, 14:51:35, 130.75, 51.25, 19.0, 25.75, 9999.0, 1.0, 1.0, 19.0, 9999.0, 9999.0, 9999.0, 118.5, 122.5, 118.0, 101.25, 133.25
2023-04-06, 14:51:39, 130.75, 51.25, 19.0, 25.75, 9999.0, 1.0, 1.25, 19.5, 9999.0, 9999.0, 9999.0, 118.5, 122.5, 118.0, 101.5, 133.25
2023-04-06, 14:51:43, 130.75, 51.25, 19.0, 26.0, 9999.0, 1.0, 1.25, 19.5, 9999.0, 9999.0, 9999.0, 118.5, 122.5, 118.0, 101.5, 133.25
2023-04-06, 14:51:47, 130.75, 51.25, 19.0, 25.75, 9999.0, 1.25, 1.25, 19.5, 9999.0, 9999.0, 9999.0, 118.5, 122.5, 118.0, 101.5, 133.25
2023-04-06, 14:51:51, 130.75, 51.25, 19.0, 25.75, 9999.0, 1.0, 0.5, 19.25, 9999.0, 9999.0, 9999.0, 118.5, 122.5, 118.0, 101.5, 133.25
2023-04-06, 14:51:55, 130.75, 51.25, 18.75, 25.75, 9999.0, 1.25, 1.25, 19.5, 9999.0, 9999.0, 9999.0, 118.5, 122.5, 118.0, 101.25, 133.25
2023-04-06, 14:51:59, 130.75, 51.25, 18.75, 25.75, 9999.0, 1.25, 1.5, 19.5, 9999.0, 9999.0, 9999.0, 118.5, 122.5, 118.0, 101.5, 133.25
2023-04-06, 14:52:03, 130.75, 51.25, 19.0, 25.75, 9999.0, 1.25, 1.25, 19.75, 9999.0, 9999.0, 9999.0, 119.25, 122.5, 118.0, 101.5, 133.25
2023-04-06, 14:52:07, 130.75, 51.25, 19.0, 25.25, 9999.0, 0.75, -0.5, 19.25, 9999.0, 9999.0, 9999.0, 119.25, 122.5, 118.0, 101.5, 133.25
2023-04-06, 14:52:11, 130.75, 51.25, 18.75, 25.75, 9999.0, 1.25, 1.25, 19.75, 9999.0, 9999.0, 9999.0, 119.0, 122.5, 118.0, 101.5, 133.25
2023-04-06, 14:52:15, 130.75, 51.25, 19.0, 25.75, 9999.0, 1.25, 1.5, 19.5, 9999.0, 9999.0, 9999.0, 119.0, 122.25, 118.0, 101.5, 133.5
2023-04-06, 14:52:19, 130.75, 51.25, 19.0, 25.75, 9999.0, 1.25, 1.25, 19.5, 9999.0, 9999.0, 9999.0, 118.75, 122.5, 118.0, 101.5, 133.25
2023-04-06, 14:52:23, 130.5, 49.5, 18.25, 25.25, 9999.0, 0.75, 1.25, 19.5, 9999.0, 9999.0, 9999.0, 118.75, 122.5, 118.0, 101.5, 133.25
2023-04-06, 14:52:27, 130.75, 51.25, 19.0, 26.0, 9999.0, 1.25, 1.5, 19.5, 9999.0, 9999.0, 9999.0, 118.75, 122.5, 118.0, 101.5, 133.25
2023-04-06, 14:52:31, 130.75, 51.25, 19.0, 26.0, 9999.0, 1.0, 1.5, 19.5, 9999.0, 9999.0, 9999.0, 118.75, 122.5, 118.0, 101.5, 133.25
2023-04-06, 14:52:35, 130.75, 51.25, 18.75, 26.0, 9999.0, 1.0, 1.25, 19.5, 9999.0, 9999.0, 9999.0, 118.75, 122.5, 118.0, 101.5, 133.25
2023-04-06, 14:52:39, 129.5, 50.5, 18.0, 24.25, 9999.0, 1.0, 1.5, 19.5, 9999.0, 9999.0, 9999.0, 118.75, 122.5, 118.0, 101.5, 133.5
2023-04-06, 14:52:43, 130.75, 51.25, 19.0, 25.75, 9999.0, 1.0, 1.25, 19.75, 9999.0, 9999.0, 9999.0, 118.75, 122.75, 117.75, 101.5, 133.25
2023-04-06, 14:52:47, 130.75, 51.25, 18.75, 26.0, 9999.0, 1.0, 1.25, 19.75, 9999.0, 9999.0, 9999.0, 118.75, 122.5, 118.0, 101.5, 133.5
2023-04-06, 14:52:51, 130.75, 51.25, 18.75, 25.75, 9999.0, 1.0, 1.25, 19.75, 9999.0, 9999.0, 9999.0, 118.75, 122.5, 118.0, 101.5, 133.0
2023-04-06, 14:52:55, 130.0, 50.75, 16.75, 25.25, 9999.0, 1.0, 1.25, 19.5, 9999.0, 9999.0, 9999.0, 118.75, 122.5, 118.0, 101.5, 133.25
2023-04-06, 14:52:59, 130.75, 51.25, 18.75, 25.75, 9999.0, 1.0, 1.25, 19.5, 9999.0, 9999.0, 9999.0, 118.5, 122.5, 118.0, 101.5, 133.25
2023-04-06, 14:53:03, 130.75, 51.25, 18.75, 25.75, 9999.0, 1.0, 1.25, 19.5, 9999.0, 9999.0, 9999.0, 118.5, 122.5, 118.0, 101.5, 133.25
2023-04-06, 14:53:07, 130.75, 51.25, 19.0, 25.75, 9999.0, 1.0, 1.25, 19.5, 9999.0, 9999.0, 9999.0, 118.5, 122.5, 118.0, 101.0, 132.5
2023-04-06, 14:53:11, 130.0, 49.25, 17.25, 25.75, 9999.0, 1.25, 1.25, 19.5, 9999.0, 9999.0, 9999.0, 118.5, 122.5, 118.0, 101.25, 133.25
2023-04-06, 14:53:15, 130.75, 51.25, 19.0, 25.5, 9999.0, 1.25, 1.25, 19.5, 9999.0, 9999.0, 9999.0, 118.5, 122.5, 118.0, 101.25, 133.25
2023-04-06, 14:53:19, 130.75, 51.25, 18.75, 25.75, 9999.0, 1.5, 1.5, 19.5, 9999.0, 9999.0, 9999.0, 118.5, 122.5, 118.0, 101.5, 133.25
2023-04-06, 14:53:24, 130.5, 51.25, 18.75, 25.75, 9999.0, 1.25, 1.5, 19.75, 9999.0, 9999.0, 9999.0, 119.0, 122.5, 118.0, 100.75, 133.0
2023-04-06, 14:53:28, 129.5, 49.25, 18.75, 26.0, 9999.0, 1.25, 1.25, 19.5, 9999.0, 9999.0, 9999.0, 119.0, 122.5, 118.0, 101.25, 133.25
2023-04-06, 14:53:32, 130.75, 51.25, 18.75, 25.75, 9999.0, 1.25, 1.25, 19.5, 9999.0, 9999.0, 9999.0, 119.0, 122.5, 118.0, 101.5, 133.25
2023-04-06, 14:53:36, 130.75, 51.25, 19.0, 25.75, 9999.0, 1.25, 1.5, 19.5, 9999.0, 9999.0, 9999.0, 119.0, 122.5, 118.0, 101.5, 133.25
2023-04-06, 14:53:40, 130.75, 51.25, 19.0, 25.75, 9999.0, 1.25, 1.25, 19.75, 9999.0, 9999.0, 9999.0, 118.75, 122.25, 116.75, 101.25, 131.75
2023-04-06, 14:53:44, 128.75, 51.0, 19.0, 26.0, 9999.0, 1.25, 1.25, 19.75, 9999.0, 9999.0, 9999.0, 119.0, 122.5, 118.0, 101.25, 133.25
2023-04-06, 14:53:48, 130.75, 51.25, 19.0, 25.75, 9999.0, 1.25, 1.25, 19.5, 9999.0, 9999.0, 9999.0, 118.75, 122.25, 118.0, 101.5, 133.25
2023-04-06, 14:53:52, 130.5, 51.25, 19.0, 25.75, 9999.0, 1.25, 1.25, 19.5, 9999.0, 9999.0, 9999.0, 118.75, 122.25, 117.75, 101.5, 133.25
2023-04-06, 14:53:56, 130.75, 51.0, 18.75, 26.0, 9999.0, 1.0, 1.25, 19.5, 9999.0, 9999.0, 9999.0, 118.75, 122.0, 117.25, 101.0, 130.75
2023-04-06, 14:54:00, 130.25, 51.0, 19.0, 26.0, 9999.0, 1.0, 1.25, 19.75, 9999.0, 9999.0, 9999.0, 118.75, 122.5, 118.0, 101.25, 133.25
2023-04-06, 14:54:04, 130.75, 51.25, 19.0, 25.75, 9999.0, 1.0, 1.25, 19.5, 9999.0, 9999.0, 9999.0, 118.75, 122.5, 118.0, 101.25, 133.25
2023-04-06, 14:54:08, 130.5, 51.25, 19.0, 26.0, 9999.0, 1.0, 1.5, 19.5, 9999.0, 9999.0, 9999.0, 118.75, 122.5, 117.75, 101.25, 133.25
2023-04-06, 14:54:12, 130.5, 51.0, 19.0, 26.0, 9999.0, 1.0, 1.25, 19.5, 9999.0, 9999.0, 9999.0, 118.0, 121.75, 117.25, 100.0, 131.25
2023-04-06, 14:54:16, 130.5, 51.25, 19.0, 25.75, 9999.0, 1.0, 1.25, 19.5, 9999.0, 9999.0, 9999.0, 118.5, 122.5, 118.0, 101.25, 133.25
2023-04-06, 14:54:20, 130.5, 51.25, 19.0, 25.75, 9999.0, 1.0, 1.25, 19.5, 9999.0, 9999.0, 9999.0, 118.5, 122.5, 118.0, 101.25, 133.25
2023-04-06, 14:54:24, 130.75, 51.25, 19.0, 25.75, 9999.0, 1.0, 1.25, 19.5, 9999.0, 9999.0, 9999.0, 118.5, 122.5, 118.0, 101.25, 133.25
2023-04-06, 14:54:28, 130.5, 51.0, 18.75, 25.75, 9999.0, 1.25, 1.25, 19.5, 9999.0, 9999.0, 9999.0, 117.75, 122.25, 116.75, 99.75, 133.25
2023-04-06, 14:54:32, 130.75, 51.0, 19.0, 25.75, 9999.0, 1.0, 1.25, 19.5, 9999.0, 9999.0, 9999.0, 118.5, 122.5, 118.0, 101.25, 133.25
2023-04-06, 14:54:36, 130.75, 51.25, 18.75, 25.75, 9999.0, 1.0, 1.25, 19.5, 9999.0, 9999.0, 9999.0, 118.5, 122.5, 118.0, 101.25, 133.25
2023-04-06, 14:54:40, 130.75, 51.25, 19.0, 25.75, 9999.0, 1.25, 1.25, 19.75, 9999.0, 9999.0, 9999.0, 118.5, 122.5, 117.75, 101.25, 133.0
2023-04-06, 14:54:44, 130.5, 51.0, 18.75, 25.5, 9999.0, 1.25, 1.25, 19.5, 9999.0, 9999.0, 9999.0, 118.75, 121.0, 115.75, 101.25, 133.25
2023-04-06, 14:54:48, 130.5, 51.25, 18.75, 25.75, 9999.0, 1.25, 1.25, 19.5, 9999.0, 9999.0, 9999.0, 119.0, 122.5, 118.0, 101.25, 133.25
2023-04-06, 14:54:52, 130.75, 51.25, 18.75, 25.75, 9999.0, 1.25, 1.25, 19.5, 9999.0, 9999.0, 9999.0, 119.0, 122.5, 117.75, 101.5, 133.25
2023-04-06, 14:54:56, 130.5, 51.25, 18.75, 25.75, 9999.0, 1.25, 1.25, 19.5, 9999.0, 9999.0, 9999.0, 119.0, 122.5, 118.0, 101.25, 133.25
2023-04-06, 14:55:00, 130.5, 51.0, 18.75, 25.75, 9999.0, 1.0, 1.25, 19.5, 9999.0, 9999.0, 9999.0, 118.0, 119.75, 117.5, 101.25, 133.25
2023-04-06, 14:55:04, 130.5, 51.25, 19.0, 25.75, 9999.0, 1.0, 1.25, 19.5, 9999.0, 9999.0, 9999.0, 118.75, 122.5, 118.0, 101.25, 133.25
2023-04-06, 14:55:08, 130.5, 51.0, 18.75, 25.75, 9999.0, 1.0, 1.25, 19.5, 9999.0, 9999.0, 9999.0, 118.75, 122.5, 117.75, 101.25, 133.25
2023-04-06, 14:55:12, 130.75, 51.0, 18.75, 25.75, 9999.0, 1.0, 1.25, 19.75, 9999.0, 9999.0, 9999.0, 118.75, 122.5, 117.75, 101.25, 133.25
2023-04-06, 14:55:16, 130.5, 51.25, 18.75, 25.75, 9999.0, 1.0, 1.25, 19.5, 9999.0, 9999.0, 9999.0, 116.75, 120.5, 118.0, 101.25, 133.25
2023-04-06, 14:55:20, 130.75, 51.0, 19.0, 26.0, 9999.0, 1.0, 1.25, 19.5, 9999.0, 9999.0, 9999.0, 118.75, 122.5, 118.0, 101.25, 133.25
2023-04-06, 14:55:24, 130.5, 51.0, 19.0, 25.75, 9999.0, 1.0, 1.25, 19.5, 9999.0, 9999.0, 9999.0, 118.75, 122.5, 117.75, 101.25, 133.25
2023-04-06, 14:55:28, 130.5, 51.0, 18.75, 25.75, 9999.0, 1.0, 1.25, 19.5, 9999.0, 9999.0, 9999.0, 118.75, 122.5, 118.0, 101.25, 133.25
2023-04-06, 14:55:32, 130.5, 51.25, 18.75, 25.5, 9999.0, 1.0, 1.25, 19.5, 9999.0, 9999.0, 9999.0, 115.25, 122.5, 117.75, 101.25, 133.25
2023-04-06, 14:55:36, 130.5, 51.25, 19.0, 25.75, 9999.0, 1.0, 1.25, 19.5, 9999.0, 9999.0, 9999.0, 118.75, 122.5, 118.0, 101.25, 133.25
2023-04-06, 14:55:40, 130.5, 51.25, 19.0, 25.75, 9999.0, 1.0, 1.25, 19.5, 9999.0, 9999.0, 9999.0, 118.5, 122.5, 117.75, 101.25, 133.25
2023-04-06, 14:55:44, 130.75, 51.0, 18.75, 25.75, 9999.0, 1.0, 1.25, 19.5, 9999.0, 9999.0, 9999.0, 118.25, 122.5, 118.0, 101.25, 133.25
2023-04-06, 14:55:48, 130.5, 51.0, 18.75, 25.75, 9999.0, 1.0, 1.25, 18.5, 9999.0, 9999.0, 9999.0, 118.25, 122.5, 118.0, 101.25, 133.25
2023-04-06, 14:55:52, 130.5, 51.0, 18.75, 25.75, 9999.0, 1.0, 1.25, 19.5, 9999.0, 9999.0, 9999.0, 118.25, 122.5, 118.0, 101.25, 133.25
2023-04-06, 14:55:56, 130.5, 51.0, 18.75, 25.75, 9999.0, 1.0, 1.25, 19.5, 9999.0, 9999.0, 9999.0, 118.5, 122.5, 118.0, 101.25, 133.25
2023-04-06, 14:56:00, 130.5, 51.0, 18.75, 25.75, 9999.0, 1.25, 1.25, 19.75, 9999.0, 9999.0, 9999.0, 118.25, 122.5, 117.75, 101.25, 133.25
2023-04-06, 14:56:04, 130.5, 51.0, 19.0, 25.75, 9999.0, 1.25, 0.25, 19.25, 9999.0, 9999.0, 9999.0, 119.0, 122.5, 118.0, 101.25, 133.25
2023-04-06, 14:56:08, 130.5, 51.25, 18.75, 25.75, 9999.0, 1.25, 1.25, 19.5, 9999.0, 9999.0, 9999.0, 119.0, 122.25, 118.0, 101.25, 133.25
2023-04-06, 14:56:12, 130.5, 51.0, 18.75, 25.75, 9999.0, 1.25, 1.25, 19.5, 9999.0, 9999.0, 9999.0, 119.0, 122.25, 118.0, 101.25, 133.25
2023-04-06, 14:56:16, 130.5, 51.0, 19.0, 25.75, 9999.0, 1.25, 1.25, 19.5, 9999.0, 9999.0, 9999.0, 119.0, 122.25, 118.0, 101.5, 133.25
2023-04-06, 14:56:20, 130.5, 51.0, 18.75, 25.5, 9999.0, 0.5, 0.5, 18.75, 9999.0, 9999.0, 9999.0, 118.75, 122.25, 118.0, 101.5, 133.25
2023-04-06, 14:56:24, 130.5, 51.0, 18.75, 25.75, 9999.0, 1.0, 1.25, 19.5, 9999.0, 9999.0, 9999.0, 118.75, 122.25, 117.75, 101.25, 133.25
2023-04-06, 14:56:28, 130.5, 51.0, 18.75, 25.75, 9999.0, 1.0, 1.25, 19.5, 9999.0, 9999.0, 9999.0, 118.75, 122.25, 117.75, 101.5, 133.25
2023-04-06, 14:56:32, 130.5, 51.0, 19.0, 25.75, 9999.0, 1.0, 1.25, 19.5, 9999.0, 9999.0, 9999.0, 118.75, 122.25, 117.75, 101.25, 133.25
2023-04-06, 14:56:36, 130.5, 51.0, 18.75, 25.75, 9999.0, 0.25, 1.0, 17.75, 9999.0, 9999.0, 9999.0, 118.75, 122.5, 117.75, 101.5, 133.25
2023-04-06, 14:56:40, 130.5, 51.0, 19.0, 25.75, 9999.0, 1.0, 1.25, 19.5, 9999.0, 9999.0, 9999.0, 118.75, 122.5, 117.75, 101.25, 133.25
2023-04-06, 14:56:44, 130.5, 51.0, 19.0, 26.0, 9999.0, 1.0, 1.25, 19.5, 9999.0, 9999.0, 9999.0, 118.75, 122.5, 117.75, 101.5, 133.25
2023-04-06, 14:56:48, 130.5, 51.0, 18.75, 25.75, 9999.0, 1.0, 1.25, 19.5, 9999.0, 9999.0, 9999.0, 118.5, 122.5, 118.0, 101.5, 133.25
2023-04-06, 14:56:52, 130.5, 51.0, 18.75, 25.75, 9999.0, 0.75, 0.25, 17.0, 9999.0, 9999.0, 9999.0, 118.75, 122.5, 117.75, 101.5, 133.25
2023-04-06, 14:56:56, 130.5, 51.0, 18.75, 25.75, 9999.0, 1.0, 1.25, 19.5, 9999.0, 9999.0, 9999.0, 118.75, 122.5, 117.75, 101.5, 133.25
2023-04-06, 14:57:00, 130.5, 51.25, 19.0, 25.75, 9999.0, 1.0, 1.25, 19.5, 9999.0, 9999.0, 9999.0, 118.5, 122.5, 117.75, 101.5, 133.25
2023-04-06, 14:57:04, 130.5, 51.0, 19.0, 25.75, 9999.0, 1.0, 1.25, 19.5, 9999.0, 9999.0, 9999.0, 118.5, 122.25, 117.75, 101.5, 133.25
2023-04-06, 14:57:08, 130.5, 51.0, 18.75, 24.75, 9999.0, -0.25, -2.0, 19.5, 9999.0, 9999.0, 9999.0, 118.5, 122.5, 118.0, 101.5, 133.25
2023-04-06, 14:57:12, 130.5, 51.0, 18.75, 25.75, 9999.0, 1.0, 1.25, 19.5, 9999.0, 9999.0, 9999.0, 118.5, 122.25, 118.0, 101.5, 133.25
2023-04-06, 14:57:16, 130.5, 51.0, 18.75, 26.0, 9999.0, 1.25, 1.25, 19.5, 9999.0, 9999.0, 9999.0, 118.5, 122.25, 117.75, 101.5, 133.25
2023-04-06, 14:57:20, 130.5, 51.0, 18.75, 25.75, 9999.0, 1.25, 1.25, 19.5, 9999.0, 9999.0, 9999.0, 118.25, 122.25, 117.75, 101.5, 133.25
2023-04-06, 14:57:24, 130.5, 51.0, 17.0, 25.5, 9999.0, -1.25, 1.25, 19.5, 9999.0, 9999.0, 9999.0, 119.0, 122.25, 117.75, 101.5, 133.25
2023-04-06, 14:57:28, 130.5, 51.0, 18.75, 25.75, 9999.0, 1.25, 1.25, 19.5, 9999.0, 9999.0, 9999.0, 119.0, 122.25, 118.0, 101.5, 133.25
2023-04-06, 14:57:32, 130.5, 51.0, 18.75, 25.75, 9999.0, 1.25, 1.25, 19.5, 9999.0, 9999.0, 9999.0, 119.0, 122.25, 117.75, 101.5, 133.25
2023-04-06, 14:57:36, 130.5, 51.0, 18.75, 25.75, 9999.0, 1.25, 1.25, 19.5, 9999.0, 9999.0, 9999.0, 119.0, 122.25, 118.0, 101.5, 133.25
2023-04-06, 14:57:40, 130.5, 49.75, 18.5, 24.75, 9999.0, 1.0, 1.25, 19.5, 9999.0, 9999.0, 9999.0, 119.0, 122.25, 117.75, 101.5, 133.25
2023-04-06, 14:57:44, 130.5, 51.0, 18.75, 25.75, 9999.0, 1.25, 1.25, 19.5, 9999.0, 9999.0, 9999.0, 118.75, 122.25, 117.75, 101.5, 133.25
2023-04-06, 14:57:48, 130.5, 51.0, 18.75, 25.75, 9999.0, 1.0, 1.25, 19.5, 9999.0, 9999.0, 9999.0, 118.75, 122.25, 117.75, 101.5, 133.25
2023-04-06, 14:57:53, 130.5, 51.0, 19.0, 25.75, 9999.0, 1.0, 1.25, 19.5, 9999.0, 9999.0, 9999.0, 118.75, 122.25, 117.75, 101.5, 133.25
2023-04-06, 14:57:57, 129.0, 50.25, 17.75, 23.75, 9999.0, 1.0, 1.25, 19.5, 9999.0, 9999.0, 9999.0, 118.75, 122.5, 117.75, 101.5, 133.25
2023-04-06, 14:58:01, 130.5, 51.25, 19.0, 25.75, 9999.0, 1.0, 1.25, 19.5, 9999.0, 9999.0, 9999.0, 118.75, 122.5, 118.0, 101.5, 133.25
2023-04-06, 14:58:05, 130.5, 51.0, 19.0, 25.75, 9999.0, 1.0, 1.25, 19.5, 9999.0, 9999.0, 9999.0, 118.75, 122.5, 117.75, 101.5, 133.25
2023-04-06, 14:58:09, 130.5, 51.0, 19.0, 25.75, 9999.0, 1.0, 1.25, 19.5, 9999.0, 9999.0, 9999.0, 118.75, 122.5, 117.75, 101.5, 133.25
2023-04-06, 14:58:13, 129.75, 50.75, 17.25, 24.75, 9999.0, 1.0, 1.25, 19.5, 9999.0, 9999.0, 9999.0, 118.5, 122.5, 117.75, 101.5, 133.25
2023-04-06, 14:58:17, 130.5, 51.0, 19.0, 25.75, 9999.0, 1.0, 1.25, 19.5, 9999.0, 9999.0, 9999.0, 118.5, 122.5, 117.75, 101.5, 133.25
2023-04-06, 14:58:21, 130.5, 51.0, 19.0, 25.75, 9999.0, 1.0, 1.25, 19.5, 9999.0, 9999.0, 9999.0, 118.5, 122.5, 117.75, 101.5, 133.25
2023-04-06, 14:58:25, 130.5, 51.25, 19.0, 25.75, 9999.0, 0.75, 1.25, 19.75, 9999.0, 9999.0, 9999.0, 118.5, 122.5, 117.75, 101.5, 132.25
2023-04-06, 14:58:29, 130.25, 49.25, 16.25, 25.75, 9999.0, 1.25, 1.25, 19.5, 9999.0, 9999.0, 9999.0, 118.5, 122.5, 118.0, 101.5, 133.25
2023-04-06, 14:58:33, 130.5, 51.0, 19.0, 25.75, 9999.0, 1.0, 1.25, 19.5, 9999.0, 9999.0, 9999.0, 118.5, 122.5, 117.75, 101.5, 133.25
2023-04-06, 14:58:37, 130.5, 51.25, 19.0, 25.75, 9999.0, 1.25, 1.25, 19.5, 9999.0, 9999.0, 9999.0, 118.5, 122.5, 117.75, 101.5, 133.25
2023-04-06, 14:58:41, 130.5, 51.0, 18.75, 25.75, 9999.0, 1.25, 1.25, 19.5, 9999.0, 9999.0, 9999.0, 118.25, 122.25, 118.0, 101.0, 133.0
2023-04-06, 14:58:45, 129.5, 49.25, 18.75, 25.75, 9999.0, 1.25, 1.25, 19.75, 9999.0, 9999.0, 9999.0, 119.0, 122.25, 117.75, 101.5, 133.25
2023-04-06, 14:58:49, 130.5, 51.0, 18.75, 25.75, 9999.0, 1.25, 1.5, 19.75, 9999.0, 9999.0, 9999.0, 119.0, 122.25, 117.75, 101.5, 133.25
2023-04-06, 14:58:53, 130.75, 51.25, 19.0, 25.75, 9999.0, 1.25, 1.5, 19.5, 9999.0, 9999.0, 9999.0, 119.0, 122.25, 118.0, 101.5, 133.25
2023-04-06, 14:58:57, 130.75, 51.0, 18.75, 25.75, 9999.0, 1.25, 1.25, 19.5, 9999.0, 9999.0, 9999.0, 119.0, 122.25, 117.0, 101.25, 131.25
2023-04-06, 14:59:01, 128.0, 51.0, 19.0, 25.75, 9999.0, 1.25, 1.25, 19.75, 9999.0, 9999.0, 9999.0, 118.75, 122.25, 117.75, 101.5, 133.25
2023-04-06, 14:59:05, 130.5, 51.0, 18.75, 25.75, 9999.0, 1.25, 1.25, 19.5, 9999.0, 9999.0, 9999.0, 118.75, 122.25, 117.75, 101.5, 133.25
2023-04-06, 14:59:09, 130.5, 51.0, 18.75, 25.75, 9999.0, 1.0, 1.5, 19.5, 9999.0, 9999.0, 9999.0, 118.75, 122.25, 117.75, 101.5, 133.25
2023-04-06, 14:59:13, 130.5, 51.25, 18.75, 25.75, 9999.0, 1.0, 1.25, 19.5, 9999.0, 9999.0, 9999.0, 118.75, 121.5, 117.5, 100.5, 129.5
2023-04-06, 14:59:17, 130.75, 51.25, 18.75, 25.75, 9999.0, 1.25, 1.25, 19.5, 9999.0, 9999.0, 9999.0, 118.75, 122.5, 117.75, 101.5, 133.25
2023-04-06, 14:59:21, 130.75, 51.25, 18.75, 25.75, 9999.0, 1.25, 1.5, 19.75, 9999.0, 9999.0, 9999.0, 118.75, 122.5, 118.0, 101.5, 133.25
2023-04-06, 14:59:25, 130.75, 51.25, 18.75, 25.75, 9999.0, 1.0, 1.25, 19.75, 9999.0, 9999.0, 9999.0, 118.75, 122.5, 118.0, 101.5, 133.25
2023-04-06, 14:59:29, 130.5, 51.0, 18.75, 25.75, 9999.0, 1.0, 1.25, 19.75, 9999.0, 9999.0, 9999.0, 117.5, 122.25, 116.75, 99.5, 133.0
2023-04-06, 14:59:33, 130.75, 51.25, 19.0, 25.75, 9999.0, 1.0, 1.5, 19.75, 9999.0, 9999.0, 9999.0, 118.75, 122.5, 118.0, 101.5, 133.25
2023-04-06, 14:59:37, 130.5, 51.25, 18.75, 26.0, 9999.0, 1.0, 1.25, 19.5, 9999.0, 9999.0, 9999.0, 118.75, 122.5, 117.75, 101.5, 133.25
2023-04-06, 14:59:41, 130.75, 51.25, 18.75, 25.75, 9999.0, 1.0, 1.25, 19.5, 9999.0, 9999.0, 9999.0, 118.5, 122.5, 117.75, 101.5, 133.0
2023-04-06, 14:59:45, 130.5, 51.0, 18.75, 25.75, 9999.0, 1.0, 1.25, 19.5, 9999.0, 9999.0, 9999.0, 118.25, 121.0, 115.5, 101.5, 133.25
2023-04-06, 14:59:49, 130.5, 51.0, 19.0, 25.75, 9999.0, 1.25, 1.25, 19.5, 9999.0, 9999.0, 9999.0, 118.5, 122.25, 117.75, 101.5, 133.25
2023-04-06, 14:59:53, 130.5, 51.0, 18.75, 25.75, 9999.0, 1.0, 1.25, 19.5, 9999.0, 9999.0, 9999.0, 118.5, 122.5, 118.0, 101.5, 133.25
2023-04-06, 14:59:57, 130.5, 51.25, 19.0, 25.75, 9999.0, 1.25, 1.25, 19.5, 9999.0, 9999.0, 9999.0, 118.5, 122.25, 117.75, 101.5, 133.25
2023-04-06, 15:00:01, 130.5, 51.0, 19.0, 25.75, 9999.0, 1.25, 1.25, 19.5, 9999.0, 9999.0, 9999.0, 116.75, 121.5, 117.75, 101.5, 133.25
2023-04-06, 15:00:05, 130.5, 51.25, 18.75, 25.75, 9999.0, 1.25, 1.5, 19.75, 9999.0, 9999.0, 9999.0, 119.0, 122.25, 117.75, 101.5, 133.25
2023-04-06, 15:00:09, 130.75, 51.25, 18.75, 25.75, 9999.0, 1.25, 1.25, 19.75, 9999.0, 9999.0, 9999.0, 119.0, 122.25, 118.0, 101.5, 133.25
2023-04-06, 15:00:13, 130.5, 51.25, 19.0, 26.0, 9999.0, 1.25, 1.25, 19.75, 9999.0, 9999.0, 9999.0, 119.0, 122.25, 117.75, 101.5, 133.25
2023-04-06, 15:00:17, 130.5, 51.0, 19.0, 25.75, 9999.0, 1.25, 1.5, 18.25, 9999.0, 9999.0, 9999.0, 118.5, 122.25, 117.75, 101.5, 133.25
2023-04-06, 15:00:21, 130.5, 51.0, 19.0, 26.0, 9999.0, 1.25, 1.25, 19.75, 9999.0, 9999.0, 9999.0, 118.75, 122.25, 117.75, 101.5, 133.25
2023-04-06, 15:00:25, 130.5, 51.0, 19.0, 25.75, 9999.0, 1.25, 1.25, 19.5, 9999.0, 9999.0, 9999.0, 118.75, 122.25, 117.75, 101.5, 133.25
2023-04-06, 15:00:29, 130.5, 51.0, 19.0, 26.0, 9999.0, 1.0, 1.25, 19.5, 9999.0, 9999.0, 9999.0, 118.75, 122.25, 117.75, 101.25, 133.25
2023-04-06, 15:00:33, 130.5, 51.0, 19.0, 25.75, 9999.0, 1.0, 0.5, 19.25, 9999.0, 9999.0, 9999.0, 118.75, 122.25, 117.75, 101.5, 133.25
2023-04-06, 15:00:37, 130.5, 51.0, 18.75, 25.75, 9999.0, 1.0, 1.25, 19.75, 9999.0, 9999.0, 9999.0, 118.75, 122.5, 117.75, 101.5, 133.25
2023-04-06, 15:00:41, 130.5, 51.0, 18.75, 26.0, 9999.0, 1.0, 1.25, 19.5, 9999.0, 9999.0, 9999.0, 118.75, 122.5, 117.75, 101.25, 133.25
2023-04-06, 15:00:45, 130.5, 51.0, 19.0, 25.75, 9999.0, 1.0, 1.25, 19.5, 9999.0, 9999.0, 9999.0, 118.75, 122.25, 117.75, 101.25, 133.25
2023-04-06, 15:00:49, 130.5, 51.0, 18.75, 25.75, 9999.0, 0.5, 0.5, 18.25, 9999.0, 9999.0, 9999.0, 118.75, 122.5, 117.75, 101.5, 133.25
2023-04-06, 15:00:53, 130.5, 51.0, 19.0, 25.75, 9999.0, 1.0, 1.25, 19.5, 9999.0, 9999.0, 9999.0, 118.5, 122.25, 117.75, 101.5, 133.25
2023-04-06, 15:00:57, 130.5, 51.0, 18.75, 25.75, 9999.0, 1.0, 1.25, 19.5, 9999.0, 9999.0, 9999.0, 118.5, 122.25, 117.75, 101.5, 133.25
2023-04-06, 15:01:01, 130.5, 51.25, 19.0, 26.0, 9999.0, 1.0, 1.25, 19.5, 9999.0, 9999.0, 9999.0, 118.5, 122.25, 117.75, 101.25, 133.25
2023-04-06, 15:01:05, 130.5, 51.0, 18.75, 25.0, 9999.0, -1.0, -1.25, 19.5, 9999.0, 9999.0, 9999.0, 118.5, 122.25, 118.0, 101.5, 133.25
2023-04-06, 15:01:09, 130.5, 51.0, 18.75, 25.75, 9999.0, 1.0, 1.25, 19.5, 9999.0, 9999.0, 9999.0, 118.5, 122.25, 117.75, 101.25, 133.25
2023-04-06, 15:01:13, 130.5, 51.0, 18.75, 25.75, 9999.0, 1.0, 1.25, 19.5, 9999.0, 9999.0, 9999.0, 118.25, 122.5, 117.75, 101.25, 133.25
2023-04-06, 15:01:17, 130.5, 51.0, 18.75, 25.75, 9999.0, 1.25, 1.25, 19.5, 9999.0, 9999.0, 9999.0, 118.25, 122.25, 117.75, 101.5, 133.25
2023-04-06, 15:01:21, 130.5, 49.75, 18.0, 24.5, 9999.0, 0.5, 1.25, 19.5, 9999.0, 9999.0, 9999.0, 118.25, 122.25, 117.75, 101.25, 133.25
2023-04-06, 15:01:25, 130.75, 51.0, 18.75, 25.5, 9999.0, 1.25, 1.25, 19.5, 9999.0, 9999.0, 9999.0, 119.0, 122.25, 117.75, 101.25, 133.25
2023-04-06, 15:01:29, 130.5, 51.0, 19.0, 25.5, 9999.0, 1.25, 1.25, 19.5, 9999.0, 9999.0, 9999.0, 119.0, 122.25, 117.75, 101.5, 133.25
2023-04-06, 15:01:33, 130.5, 51.0, 19.0, 25.75, 9999.0, 1.0, 1.25, 19.5, 9999.0, 9999.0, 9999.0, 119.0, 122.25, 117.75, 101.5, 133.25
2023-04-06, 15:01:37, 129.0, 50.75, 17.5, 23.5, 9999.0, 1.25, 1.5, 19.5, 9999.0, 9999.0, 9999.0, 119.0, 122.25, 117.75, 101.5, 133.25
2023-04-06, 15:01:41, 130.5, 51.0, 18.75, 25.75, 9999.0, 1.25, 1.5, 19.5, 9999.0, 9999.0, 9999.0, 119.0, 122.25, 117.75, 101.5, 133.25
2023-04-06, 15:01:45, 130.75, 51.0, 18.75, 25.75, 9999.0, 1.25, 1.5, 19.5, 9999.0, 9999.0, 9999.0, 118.75, 122.25, 117.75, 101.25, 133.25
2023-04-06, 15:01:49, 130.5, 51.0, 18.75, 25.75, 9999.0, 1.0, 1.25, 19.5, 9999.0, 9999.0, 9999.0, 118.75, 122.25, 117.75, 101.25, 132.25
2023-04-06, 15:01:53, 130.5, 49.75, 16.25, 25.75, 9999.0, 1.0, 1.5, 19.5, 9999.0, 9999.0, 9999.0, 118.75, 122.5, 117.75, 101.5, 133.25
2023-04-06, 15:01:57, 130.5, 51.25, 19.0, 25.75, 9999.0, 1.0, 1.25, 19.5, 9999.0, 9999.0, 9999.0, 118.75, 122.5, 117.75, 101.5, 133.25
2023-04-06, 15:02:01, 130.5, 51.0, 18.75, 25.75, 9999.0, 1.0, 1.25, 19.5, 9999.0, 9999.0, 9999.0, 118.75, 122.5, 117.75, 101.5, 133.25
2023-04-06, 15:02:05, 130.5, 51.0, 18.75, 25.75, 9999.0, 1.0, 1.25, 19.5, 9999.0, 9999.0, 9999.0, 118.75, 122.5, 116.25, 100.75, 132.5
2023-04-06, 15:02:09, 128.5, 50.5, 18.75, 25.5, 9999.0, 1.0, 1.25, 19.5, 9999.0, 9999.0, 9999.0, 118.75, 122.5, 117.75, 101.25, 133.25
2023-04-06, 15:02:13, 130.5, 51.0, 19.0, 25.75, 9999.0, 1.0, 1.25, 19.5, 9999.0, 9999.0, 9999.0, 118.75, 122.5, 117.75, 101.5, 133.25
2023-04-06, 15:02:18, 130.5, 51.25, 18.75, 25.75, 9999.0, 1.0, 1.25, 19.5, 9999.0, 9999.0, 9999.0, 118.5, 122.25, 117.75, 101.25, 133.25
2023-04-06, 15:02:22, 130.5, 51.0, 19.0, 25.75, 9999.0, 1.0, 1.25, 19.5, 9999.0, 9999.0, 9999.0, 118.5, 120.75, 117.5, 100.25, 130.0
2023-04-06, 15:02:26, 130.5, 51.0, 18.75, 25.5, 9999.0, 1.0, 1.25, 19.5, 9999.0, 9999.0, 9999.0, 118.5, 122.25, 117.75, 101.25, 133.25
2023-04-06, 15:02:30, 130.5, 51.25, 19.0, 25.75, 9999.0, 1.0, 1.25, 19.5, 9999.0, 9999.0, 9999.0, 118.5, 122.25, 118.0, 101.5, 133.25
2023-04-06, 15:02:34, 130.5, 51.0, 19.0, 25.75, 9999.0, 1.25, 1.25, 19.5, 9999.0, 9999.0, 9999.0, 118.25, 122.25, 117.75, 101.25, 133.25
2023-04-06, 15:02:38, 130.5, 51.0, 19.0, 25.75, 9999.0, 1.25, 1.25, 19.5, 9999.0, 9999.0, 9999.0, 117.5, 122.0, 116.75, 99.25, 133.25
2023-04-06, 15:02:42, 130.5, 51.0, 18.75, 25.75, 9999.0, 1.25, 1.25, 19.5, 9999.0, 9999.0, 9999.0, 118.25, 122.25, 117.75, 101.25, 133.25
2023-04-06, 15:02:46, 130.5, 51.0, 19.0, 25.5, 9999.0, 1.25, 1.25, 19.5, 9999.0, 9999.0, 9999.0, 119.0, 122.25, 117.75, 101.25, 133.25
2023-04-06, 15:02:50, 130.5, 51.0, 18.75, 25.5, 9999.0, 1.25, 1.25, 19.5, 9999.0, 9999.0, 9999.0, 119.0, 122.25, 117.75, 101.25, 133.25
2023-04-06, 15:02:54, 130.5, 51.0, 19.0, 25.75, 9999.0, 1.25, 1.25, 19.5, 9999.0, 9999.0, 9999.0, 118.75, 120.25, 115.75, 101.25, 133.25
2023-04-06, 15:02:58, 130.5, 51.0, 18.75, 25.75, 9999.0, 1.25, 1.25, 19.5, 9999.0, 9999.0, 9999.0, 119.0, 122.25, 117.75, 101.5, 133.25
2023-04-06, 15:03:02, 130.5, 51.0, 18.75, 25.75, 9999.0, 1.0, 1.25, 19.5, 9999.0, 9999.0, 9999.0, 118.75, 122.25, 117.75, 101.5, 133.25
2023-04-06, 15:03:06, 130.5, 51.0, 18.75, 25.75, 9999.0, 1.25, 1.25, 19.5, 9999.0, 9999.0, 9999.0, 118.75, 122.25, 117.75, 101.25, 133.25
2023-04-06, 15:03:10, 130.5, 51.0, 18.75, 26.0, 9999.0, 1.0, 1.25, 19.5, 9999.0, 9999.0, 9999.0, 116.25, 122.0, 117.75, 101.25, 133.25
2023-04-06, 15:03:14, 130.5, 51.0, 18.75, 25.75, 9999.0, 1.0, 1.25, 19.5, 9999.0, 9999.0, 9999.0, 118.75, 122.25, 117.75, 101.25, 133.25
2023-04-06, 15:03:18, 130.5, 51.0, 19.0, 25.5, 9999.0, 1.0, 1.25, 19.5, 9999.0, 9999.0, 9999.0, 118.75, 122.5, 117.75, 101.25, 133.25
2023-04-06, 15:03:22, 130.5, 51.25, 18.75, 25.75, 9999.0, 1.0, 1.25, 19.5, 9999.0, 9999.0, 9999.0, 118.75, 122.25, 117.75, 101.25, 133.25
2023-04-06, 15:03:26, 130.5, 51.0, 18.75, 25.75, 9999.0, 1.0, 1.25, 18.5, 9999.0, 9999.0, 9999.0, 118.5, 122.5, 117.75, 101.25, 133.25
2023-04-06, 15:03:30, 130.5, 51.0, 18.75, 25.75, 9999.0, 1.0, 1.25, 19.5, 9999.0, 9999.0, 9999.0, 118.75, 122.25, 117.75, 101.25, 133.25
2023-04-06, 15:03:34, 130.5, 51.0, 18.75, 25.75, 9999.0, 1.0, 1.25, 19.5, 9999.0, 9999.0, 9999.0, 118.75, 122.25, 117.75, 101.25, 133.25
2023-04-06, 15:03:38, 130.5, 51.0, 18.75, 25.75, 9999.0, 1.0, 1.25, 19.5, 9999.0, 9999.0, 9999.0, 118.5, 122.25, 117.75, 101.25, 133.25
2023-04-06, 15:03:42, 130.5, 51.0, 18.75, 25.5, 9999.0, 0.0, 0.5, 19.25, 9999.0, 9999.0, 9999.0, 118.5, 122.25, 118.0, 101.25, 133.25
2023-04-06, 15:03:46, 130.5, 51.25, 19.0, 25.75, 9999.0, 0.75, 1.25, 19.5, 9999.0, 9999.0, 9999.0, 118.5, 122.25, 117.75, 101.25, 133.25
2023-04-06, 15:03:50, 130.5, 51.25, 18.75, 25.5, 9999.0, 1.0, 1.25, 19.5, 9999.0, 9999.0, 9999.0, 118.5, 122.25, 117.75, 101.25, 133.25
2023-04-06, 15:03:54, 130.5, 51.25, 18.75, 25.75, 9999.0, 1.0, 1.25, 19.5, 9999.0, 9999.0, 9999.0, 118.5, 122.25, 117.75, 101.25, 133.25
2023-04-06, 15:03:58, 130.5, 51.0, 18.75, 25.75, 9999.0, 1.0, 0.25, 17.0, 9999.0, 9999.0, 9999.0, 118.5, 122.25, 117.75, 101.25, 133.25
2023-04-06, 15:04:02, 130.5, 51.25, 19.0, 25.75, 9999.0, 1.25, 1.25, 19.5, 9999.0, 9999.0, 9999.0, 118.25, 122.25, 117.75, 101.5, 133.25
2023-04-06, 15:04:06, 130.5, 51.25, 18.75, 25.5, 9999.0, 1.25, 1.25, 19.5, 9999.0, 9999.0, 9999.0, 119.0, 122.25, 117.75, 101.25, 133.25
2023-04-06, 15:04:10, 130.5, 51.0, 18.75, 25.75, 9999.0, 1.25, 1.25, 19.5, 9999.0, 9999.0, 9999.0, 119.0, 122.25, 117.75, 101.25, 133.25
2023-04-06, 15:04:14, 130.5, 51.0, 18.75, 25.0, 9999.0, -0.75, 0.5, 19.5, 9999.0, 9999.0, 9999.0, 119.0, 122.25, 117.75, 101.25, 133.25
2023-04-06, 15:04:18, 130.5, 51.0, 18.75, 25.5, 9999.0, 1.0, 1.25, 19.5, 9999.0, 9999.0, 9999.0, 119.0, 122.25, 117.75, 101.25, 133.25
2023-04-06, 15:04:22, 130.5, 51.0, 18.75, 25.75, 9999.0, 1.25, 1.25, 19.5, 9999.0, 9999.0, 9999.0, 118.75, 122.25, 117.75, 101.25, 133.25
2023-04-06, 15:04:26, 130.5, 51.25, 18.75, 25.75, 9999.0, 1.0, 1.25, 19.5, 9999.0, 9999.0, 9999.0, 118.75, 122.25, 117.75, 101.25, 133.25
2023-04-06, 15:04:30, 130.5, 50.75, 18.25, 25.0, 9999.0, 0.5, 1.25, 19.5, 9999.0, 9999.0, 9999.0, 118.75, 122.25, 117.75, 101.25, 133.25
2023-04-06, 15:04:34, 130.5, 51.0, 18.75, 25.5, 9999.0, 1.0, 1.25, 19.5, 9999.0, 9999.0, 9999.0, 118.75, 122.25, 117.75, 101.5, 133.25
2023-04-06, 15:04:38, 130.5, 51.0, 18.75, 25.5, 9999.0, 1.0, 1.25, 19.5, 9999.0, 9999.0, 9999.0, 118.75, 122.25, 118.0, 101.25, 133.25
2023-04-06, 15:04:42, 130.5, 51.0, 18.75, 25.5, 9999.0, 1.0, 1.25, 19.5, 9999.0, 9999.0, 9999.0, 118.75, 122.5, 117.75, 101.25, 133.25
2023-04-06, 15:04:46, 129.25, 50.75, 17.5, 23.0, 9999.0, 1.0, 1.25, 19.5, 9999.0, 9999.0, 9999.0, 118.75, 122.25, 117.75, 101.25, 133.25
2023-04-06, 15:04:50, 130.5, 51.0, 18.75, 25.75, 9999.0, 1.0, 1.25, 19.5, 9999.0, 9999.0, 9999.0, 118.75, 122.25, 117.75, 101.5, 133.25
2023-04-06, 15:04:54, 130.5, 51.0, 18.75, 25.75, 9999.0, 1.0, 1.25, 19.5, 9999.0, 9999.0, 9999.0, 118.75, 122.25, 117.75, 101.5, 133.25
2023-04-06, 15:04:58, 130.5, 51.0, 18.75, 25.5, 9999.0, 1.0, 1.25, 19.5, 9999.0, 9999.0, 9999.0, 118.5, 122.25, 117.75, 101.0, 132.25
2023-04-06, 15:05:02, 130.0, 49.0, 16.5, 25.5, 9999.0, 0.75, 1.25, 19.5, 9999.0, 9999.0, 9999.0, 118.5, 122.25, 117.75, 101.25, 133.25
2023-04-06, 15:05:06, 130.5, 51.25, 18.75, 25.75, 9999.0, 1.0, 1.25, 19.5, 9999.0, 9999.0, 9999.0, 118.5, 122.25, 117.75, 101.25, 133.25
2023-04-06, 15:05:10, 130.5, 51.0, 18.75, 25.75, 9999.0, 1.0, 1.25, 19.5, 9999.0, 9999.0, 9999.0, 118.25, 122.25, 117.75, 101.25, 133.25
2023-04-06, 15:05:14, 130.5, 51.0, 18.5, 25.5, 9999.0, 1.0, 1.25, 19.5, 9999.0, 9999.0, 9999.0, 118.25, 122.25, 116.75, 101.0, 132.25
2023-04-06, 15:05:18, 128.0, 50.75, 18.75, 25.75, 9999.0, 1.25, 1.25, 19.5, 9999.0, 9999.0, 9999.0, 118.25, 122.25, 117.75, 101.25, 133.25
2023-04-06, 15:05:22, 130.5, 51.25, 18.75, 25.75, 9999.0, 1.25, 1.25, 19.5, 9999.0, 9999.0, 9999.0, 118.25, 122.25, 117.75, 101.25, 133.25
2023-04-06, 15:05:26, 130.5, 51.0, 18.75, 25.5, 9999.0, 1.25, 1.25, 19.5, 9999.0, 9999.0, 9999.0, 119.0, 122.25, 117.75, 101.25, 133.25
2023-04-06, 15:05:30, 130.5, 51.0, 18.75, 25.5, 9999.0, 1.25, 1.25, 19.5, 9999.0, 9999.0, 9999.0, 119.0, 121.25, 117.5, 100.0, 128.25
2023-04-06, 15:05:34, 130.5, 51.0, 18.75, 25.75, 9999.0, 1.25, 1.25, 19.75, 9999.0, 9999.0, 9999.0, 118.75, 122.25, 117.75, 101.5, 133.25
2023-04-06, 15:05:38, 130.5, 51.0, 18.75, 25.75, 9999.0, 1.25, 1.25, 19.5, 9999.0, 9999.0, 9999.0, 118.75, 122.25, 117.75, 101.25, 133.25
2023-04-06, 15:05:42, 130.5, 51.25, 18.75, 25.75, 9999.0, 1.25, 1.5, 19.5, 9999.0, 9999.0, 9999.0, 118.75, 122.25, 117.75, 101.25, 133.0
2023-04-06, 15:05:46, 130.5, 51.0, 18.75, 25.75, 9999.0, 1.0, 1.25, 19.5, 9999.0, 9999.0, 9999.0, 118.0, 121.75, 116.0, 99.25, 133.25
2023-04-06, 15:05:50, 130.5, 51.0, 18.75, 25.75, 9999.0, 1.0, 1.25, 19.5, 9999.0, 9999.0, 9999.0, 118.75, 122.25, 117.75, 101.25, 133.25
2023-04-06, 15:05:54, 130.5, 51.25, 18.75, 25.5, 9999.0, 1.0, 1.5, 19.5, 9999.0, 9999.0, 9999.0, 118.75, 122.25, 117.75, 101.25, 133.25
2023-04-06, 15:05:58, 130.75, 51.25, 18.75, 25.75, 9999.0, 1.0, 1.25, 19.5, 9999.0, 9999.0, 9999.0, 118.75, 122.5, 117.75, 101.25, 133.25
2023-04-06, 15:06:02, 130.5, 51.25, 18.75, 26.0, 9999.0, 1.0, 1.25, 19.5, 9999.0, 9999.0, 9999.0, 118.25, 120.5, 117.25, 101.5, 133.25
2023-04-06, 15:06:06, 130.5, 51.0, 19.0, 25.75, 9999.0, 1.0, 1.25, 19.5, 9999.0, 9999.0, 9999.0, 118.75, 122.25, 117.75, 101.25, 133.25
2023-04-06, 15:06:10, 130.5, 51.0, 18.75, 26.0, 9999.0, 1.0, 1.25, 19.5, 9999.0, 9999.0, 9999.0, 118.5, 122.25, 117.75, 101.25, 133.25
2023-04-06, 15:06:14, 130.5, 51.0, 19.0, 26.0, 9999.0, 1.0, 1.25, 19.5, 9999.0, 9999.0, 9999.0, 118.5, 122.5, 117.75, 101.25, 133.25
2023-04-06, 15:06:18, 130.75, 51.0, 18.75, 25.75, 9999.0, 1.0, 1.25, 19.5, 9999.0, 9999.0, 9999.0, 114.75, 122.25, 117.75, 101.25, 133.25
2023-04-06, 15:06:22, 130.5, 51.0, 18.75, 26.0, 9999.0, 1.0, 1.25, 19.5, 9999.0, 9999.0, 9999.0, 118.5, 122.25, 117.75, 101.25, 133.25
2023-04-06, 15:06:26, 130.5, 51.0, 18.75, 26.0, 9999.0, 1.25, 1.25, 19.5, 9999.0, 9999.0, 9999.0, 118.5, 122.25, 117.75, 101.25, 133.25
2023-04-06, 15:06:30, 130.5, 51.0, 18.75, 26.0, 9999.0, 1.25, 1.25, 19.5, 9999.0, 9999.0, 9999.0, 118.25, 122.25, 117.75, 101.25, 133.25
2023-04-06, 15:06:34, 130.5, 51.0, 18.75, 25.75, 9999.0, 1.0, -0.25, 19.0, 9999.0, 9999.0, 9999.0, 118.25, 122.25, 117.75, 101.25, 133.25
2023-04-06, 15:06:38, 130.5, 51.0, 19.0, 25.75, 9999.0, 1.25, 1.25, 19.5, 9999.0, 9999.0, 9999.0, 118.25, 122.25, 117.75, 101.25, 133.25
2023-04-06, 15:06:42, 130.5, 51.0, 18.75, 25.25, 9999.0, 1.25, 1.25, 19.5, 9999.0, 9999.0, 9999.0, 118.25, 122.25, 117.75, 101.25, 133.25
2023-04-06, 15:06:47, 130.5, 51.0, 18.75, 25.5, 9999.0, 1.25, 1.25, 19.5, 9999.0, 9999.0, 9999.0, 119.0, 122.25, 117.75, 101.25, 133.25
2023-04-06, 15:06:51, 130.5, 51.25, 18.75, 25.75, 9999.0, -0.25, 1.0, 18.5, 9999.0, 9999.0, 9999.0, 119.0, 122.25, 117.75, 101.25, 133.25
2023-04-06, 15:06:55, 130.5, 51.0, 19.0, 25.75, 9999.0, 1.25, 1.25, 19.5, 9999.0, 9999.0, 9999.0, 118.75, 122.25, 117.75, 101.25, 133.25
2023-04-06, 15:06:59, 130.5, 51.0, 18.75, 25.75, 9999.0, 1.25, 1.25, 19.5, 9999.0, 9999.0, 9999.0, 118.75, 122.25, 117.75, 101.25, 133.25
2023-04-06, 15:07:03, 130.5, 51.0, 18.75, 25.75, 9999.0, 1.25, 1.25, 19.5, 9999.0, 9999.0, 9999.0, 118.75, 122.25, 117.75, 101.25, 133.25
2023-04-06, 15:07:07, 130.5, 51.0, 18.75, 25.5, 9999.0, 0.75, -0.75, 19.0, 9999.0, 9999.0, 9999.0, 118.75, 122.25, 117.75, 101.25, 133.25
2023-04-06, 15:07:11, 130.5, 51.0, 18.75, 25.75, 9999.0, 1.25, 1.25, 19.5, 9999.0, 9999.0, 9999.0, 118.75, 122.25, 117.75, 101.25, 133.25
2023-04-06, 15:07:15, 130.5, 51.25, 18.75, 25.75, 9999.0, 1.0, 1.25, 19.5, 9999.0, 9999.0, 9999.0, 118.75, 122.25, 117.75, 101.25, 133.25
2023-04-06, 15:07:19, 130.5, 51.25, 18.75, 25.75, 9999.0, 1.0, 1.25, 19.5, 9999.0, 9999.0, 9999.0, 118.75, 122.5, 117.75, 101.25, 133.25
2023-04-06, 15:07:23, 130.5, 51.0, 17.25, 25.25, 9999.0, -1.25, 1.0, 19.5, 9999.0, 9999.0, 9999.0, 118.75, 122.5, 117.75, 101.5, 133.25
2023-04-06, 15:07:27, 130.5, 51.0, 19.0, 25.75, 9999.0, 1.0, 1.25, 19.5, 9999.0, 9999.0, 9999.0, 118.75, 122.5, 117.75, 101.5, 133.25
2023-04-06, 15:07:31, 130.5, 51.25, 18.75, 25.75, 9999.0, 1.0, 1.25, 19.5, 9999.0, 9999.0, 9999.0, 118.75, 122.25, 117.75, 101.5, 133.25
2023-04-06, 15:07:35, 130.5, 51.25, 18.75, 25.75, 9999.0, 0.75, 1.25, 19.5, 9999.0, 9999.0, 9999.0, 118.5, 122.25, 117.75, 101.25, 133.25
2023-04-06, 15:07:39, 130.5, 50.5, 18.5, 24.0, 9999.0, 1.0, 1.25, 19.5, 9999.0, 9999.0, 9999.0, 118.5, 122.25, 117.75, 101.25, 133.25
2023-04-06, 15:07:43, 130.5, 51.0, 18.75, 26.0, 9999.0, 1.0, 1.25, 19.5, 9999.0, 9999.0, 9999.0, 118.5, 122.25, 117.75, 101.5, 133.25
2023-04-06, 15:07:47, 130.75, 51.25, 18.75, 26.0, 9999.0, 1.25, 1.25, 19.5, 9999.0, 9999.0, 9999.0, 118.5, 122.25, 117.75, 101.5, 133.25
2023-04-06, 15:07:51, 130.75, 51.25, 19.0, 26.0, 9999.0, 1.25, 1.25, 19.5, 9999.0, 9999.0, 9999.0, 118.5, 122.25, 117.75, 101.5, 131.25
2023-04-06, 15:07:55, 130.5, 50.0, 16.5, 26.0, 9999.0, 1.25, 1.25, 19.5, 9999.0, 9999.0, 9999.0, 118.5, 122.25, 117.75, 101.25, 133.25
2023-04-06, 15:07:59, 130.75, 51.0, 19.0, 26.0, 9999.0, 1.25, 1.25, 19.5, 9999.0, 9999.0, 9999.0, 118.5, 122.25, 117.75, 101.5, 133.25
2023-04-06, 15:08:03, 130.5, 51.25, 19.0, 25.75, 9999.0, 1.25, 1.5, 19.5, 9999.0, 9999.0, 9999.0, 118.25, 122.25, 117.75, 101.5, 133.25
2023-04-06, 15:08:07, 130.75, 51.25, 18.75, 25.75, 9999.0, 1.25, 1.25, 19.5, 9999.0, 9999.0, 9999.0, 119.0, 122.25, 117.75, 100.75, 132.75
2023-04-06, 15:08:11, 129.25, 50.0, 18.75, 25.75, 9999.0, 1.25, 1.25, 19.75, 9999.0, 9999.0, 9999.0, 119.0, 122.25, 117.75, 101.25, 133.25
2023-04-06, 15:08:15, 130.75, 51.25, 18.75, 25.5, 9999.0, 1.25, 1.25, 19.5, 9999.0, 9999.0, 9999.0, 119.0, 122.25, 117.75, 101.5, 133.25
2023-04-06, 15:08:19, 130.75, 51.25, 19.0, 25.75, 9999.0, 1.25, 1.5, 19.75, 9999.0, 9999.0, 9999.0, 119.0, 122.25, 117.75, 101.25, 133.25
2023-04-06, 15:08:23, 130.75, 51.25, 18.75, 25.5, 9999.0, 1.25, 1.25, 19.5, 9999.0, 9999.0, 9999.0, 118.75, 120.75, 117.5, 100.5, 130.75
2023-04-06, 15:08:27, 130.5, 51.0, 19.0, 25.5, 9999.0, 1.25, 1.25, 19.75, 9999.0, 9999.0, 9999.0, 118.75, 122.25, 117.75, 101.5, 133.25
2023-04-06, 15:08:31, 130.5, 51.25, 18.75, 25.5, 9999.0, 1.25, 1.25, 19.75, 9999.0, 9999.0, 9999.0, 118.75, 122.25, 117.75, 101.25, 133.25
2023-04-06, 15:08:35, 130.75, 51.25, 18.75, 25.75, 9999.0, 1.25, 1.25, 19.5, 9999.0, 9999.0, 9999.0, 118.75, 122.5, 117.75, 101.5, 133.0
2023-04-06, 15:08:39, 130.75, 51.25, 18.75, 25.75, 9999.0, 1.0, 1.5, 19.5, 9999.0, 9999.0, 9999.0, 118.0, 122.25, 116.0, 99.75, 133.25
2023-04-06, 15:08:43, 130.75, 51.25, 19.0, 25.75, 9999.0, 1.0, 1.25, 19.5, 9999.0, 9999.0, 9999.0, 118.75, 122.5, 117.75, 101.5, 133.25
2023-04-06, 15:08:47, 130.75, 51.25, 18.75, 26.0, 9999.0, 1.0, 1.25, 19.75, 9999.0, 9999.0, 9999.0, 118.75, 122.5, 117.75, 101.5, 133.25
2023-04-06, 15:08:51, 130.75, 51.25, 19.0, 25.75, 9999.0, 1.0, 1.5, 19.75, 9999.0, 9999.0, 9999.0, 118.75, 122.5, 117.75, 101.5, 133.25
2023-04-06, 15:08:55, 130.75, 51.25, 19.0, 25.75, 9999.0, 1.0, 1.25, 19.5, 9999.0, 9999.0, 9999.0, 117.25, 120.0, 117.75, 101.5, 133.25
2023-04-06, 15:08:59, 130.75, 51.25, 19.0, 25.75, 9999.0, 1.0, 1.25, 19.75, 9999.0, 9999.0, 9999.0, 118.5, 122.5, 117.75, 101.5, 133.25
2023-04-06, 15:09:03, 130.75, 51.25, 19.0, 25.75, 9999.0, 1.0, 1.25, 19.75, 9999.0, 9999.0, 9999.0, 118.5, 122.5, 117.75, 101.5, 133.25
2023-04-06, 15:09:07, 130.75, 51.25, 19.0, 25.75, 9999.0, 1.25, 1.25, 19.75, 9999.0, 9999.0, 9999.0, 118.5, 122.25, 117.75, 101.5, 133.25
2023-04-06, 15:09:11, 130.75, 51.25, 19.0, 26.0, 9999.0, 1.0, 1.25, 19.75, 9999.0, 9999.0, 9999.0, 117.5, 122.5, 118.0, 101.5, 133.25
2023-04-06, 15:09:15, 130.75, 51.25, 18.75, 25.75, 9999.0, 1.25, 1.25, 19.75, 9999.0, 9999.0, 9999.0, 118.5, 122.5, 117.75, 101.5, 133.25
2023-04-06, 15:09:19, 130.75, 51.25, 19.0, 25.75, 9999.0, 1.25, 1.5, 19.5, 9999.0, 9999.0, 9999.0, 118.5, 122.5, 117.75, 101.5, 133.5
2023-04-06, 15:09:23, 130.75, 51.25, 18.75, 25.5, 9999.0, 1.5, 1.5, 19.75, 9999.0, 9999.0, 9999.0, 119.0, 122.25, 117.75, 101.5, 133.25
2023-04-06, 15:09:27, 130.75, 51.25, 19.0, 25.5, 9999.0, 1.25, 0.25, 19.5, 9999.0, 9999.0, 9999.0, 119.0, 122.5, 117.75, 101.5, 133.25
2023-04-06, 15:09:31, 130.75, 51.25, 19.0, 25.5, 9999.0, 1.25, 1.5, 19.5, 9999.0, 9999.0, 9999.0, 119.0, 122.5, 117.75, 101.5, 133.5
2023-04-06, 15:09:35, 130.75, 51.25, 19.0, 25.75, 9999.0, 1.25, 1.5, 19.75, 9999.0, 9999.0, 9999.0, 119.0, 122.5, 117.75, 101.5, 133.25
2023-04-06, 15:09:39, 130.75, 51.25, 19.0, 25.75, 9999.0, 1.25, 1.5, 19.75, 9999.0, 9999.0, 9999.0, 118.75, 122.5, 117.75, 101.5, 133.25
2023-04-06, 15:09:43, 130.75, 51.25, 19.0, 25.75, 9999.0, 0.5, 1.25, 18.0, 9999.0, 9999.0, 9999.0, 118.75, 122.25, 117.75, 101.5, 133.25
2023-04-06, 15:09:47, 130.75, 51.25, 19.0, 25.75, 9999.0, 1.25, 1.5, 19.75, 9999.0, 9999.0, 9999.0, 118.75, 122.25, 117.75, 101.5, 133.25
2023-04-06, 15:09:51, 130.75, 51.25, 19.0, 25.75, 9999.0, 1.25, 1.5, 19.75, 9999.0, 9999.0, 9999.0, 118.75, 122.25, 117.75, 101.5, 133.25
2023-04-06, 15:09:55, 130.75, 51.25, 19.0, 25.5, 9999.0, 1.25, 1.5, 19.75, 9999.0, 9999.0, 9999.0, 118.75, 122.5, 118.0, 101.5, 133.25
2023-04-06, 15:09:59, 130.75, 51.25, 19.0, 24.0, 9999.0, -0.25, -0.75, 19.75, 9999.0, 9999.0, 9999.0, 118.75, 122.5, 117.75, 101.5, 133.25
2023-04-06, 15:10:03, 130.75, 51.25, 19.0, 25.5, 9999.0, 1.0, 1.5, 19.75, 9999.0, 9999.0, 9999.0, 118.75, 122.5, 117.75, 101.5, 133.5
2023-04-06, 15:10:07, 130.75, 51.25, 19.0, 25.5, 9999.0, 1.0, 1.25, 19.5, 9999.0, 9999.0, 9999.0, 118.75, 122.5, 117.75, 101.5, 133.25
2023-04-06, 15:10:11, 130.75, 51.25, 19.0, 25.75, 9999.0, 1.25, 1.25, 19.75, 9999.0, 9999.0, 9999.0, 118.75, 122.5, 117.75, 101.5, 133.5
2023-04-06, 15:10:15, 130.75, 51.0, 18.25, 25.5, 9999.0, 0.25, 1.5, 19.5, 9999.0, 9999.0, 9999.0, 118.5, 122.5, 117.75, 101.5, 133.25
2023-04-06, 15:10:19, 130.75, 51.25, 19.0, 26.0, 9999.0, 1.0, 1.5, 19.75, 9999.0, 9999.0, 9999.0, 118.5, 122.25, 117.75, 101.25, 133.25
2023-04-06, 15:10:23, 130.75, 51.25, 19.0, 26.0, 9999.0, 1.0, 1.5, 19.75, 9999.0, 9999.0, 9999.0, 118.5, 122.5, 118.0, 101.5, 133.25
2023-04-06, 15:10:27, 130.75, 51.25, 19.0, 26.0, 9999.0, 1.0, 1.25, 19.75, 9999.0, 9999.0, 9999.0, 118.5, 122.25, 118.0, 101.25, 133.25
2023-04-06, 15:10:31, 129.5, 51.0, 17.75, 23.25, 9999.0, 1.25, 1.25, 19.75, 9999.0, 9999.0, 9999.0, 118.5, 122.5, 118.0, 101.25, 133.25
2023-04-06, 15:10:35, 130.75, 51.25, 19.0, 26.0, 9999.0, 1.25, 1.25, 19.75, 9999.0, 9999.0, 9999.0, 118.5, 122.25, 117.75, 101.5, 133.25
2023-04-06, 15:10:39, 130.75, 51.25, 19.0, 25.75, 9999.0, 1.25, 1.5, 19.75, 9999.0, 9999.0, 9999.0, 118.5, 122.5, 117.75, 101.25, 133.25
2023-04-06, 15:10:43, 130.75, 51.25, 19.0, 25.75, 9999.0, 1.25, 1.25, 19.75, 9999.0, 9999.0, 9999.0, 118.25, 122.5, 117.75, 101.0, 132.25
2023-04-06, 15:10:47, 130.5, 49.5, 17.5, 26.0, 9999.0, 1.25, 1.5, 19.5, 9999.0, 9999.0, 9999.0, 119.25, 122.25, 117.75, 101.5, 133.25
2023-04-06, 15:10:51, 130.75, 51.25, 19.0, 25.75, 9999.0, 1.25, 1.5, 19.75, 9999.0, 9999.0, 9999.0, 119.0, 122.5, 117.75, 101.25, 133.25
2023-04-06, 15:10:55, 130.75, 51.25, 18.75, 25.75, 9999.0, 1.25, 1.25, 19.75, 9999.0, 9999.0, 9999.0, 119.0, 122.5, 117.75, 101.5, 133.25
2023-04-06, 15:10:59, 130.75, 51.25, 18.75, 25.75, 9999.0, 1.25, 1.5, 19.75, 9999.0, 9999.0, 9999.0, 119.0, 122.25, 116.5, 101.0, 131.75
2023-04-06, 15:11:03, 128.75, 51.25, 19.0, 26.0, 9999.0, 1.25, 1.5, 19.75, 9999.0, 9999.0, 9999.0, 119.0, 122.25, 117.75, 101.25, 133.5
2023-04-06, 15:11:07, 130.75, 51.25, 18.75, 26.0, 9999.0, 1.25, 1.5, 19.75, 9999.0, 9999.0, 9999.0, 118.75, 122.25, 117.75, 101.25, 133.25
2023-04-06, 15:11:11, 130.75, 51.25, 18.75, 26.0, 9999.0, 1.25, 1.25, 19.5, 9999.0, 9999.0, 9999.0, 118.75, 122.5, 117.75, 101.25, 133.25
2023-04-06, 15:11:16, 130.5, 51.25, 18.75, 25.75, 9999.0, 1.25, 1.5, 19.5, 9999.0, 9999.0, 9999.0, 118.5, 121.75, 117.5, 99.75, 132.25
2023-04-06, 15:11:20, 130.75, 51.25, 19.0, 25.75, 9999.0, 1.25, 1.25, 19.5, 9999.0, 9999.0, 9999.0, 118.75, 122.5, 117.75, 101.25, 133.25
2023-04-06, 15:11:24, 130.75, 51.25, 19.0, 25.75, 9999.0, 1.25, 1.25, 19.75, 9999.0, 9999.0, 9999.0, 118.75, 122.5, 117.75, 101.5, 133.25
2023-04-06, 15:11:28, 130.75, 51.25, 18.75, 25.5, 9999.0, 1.25, 1.25, 19.75, 9999.0, 9999.0, 9999.0, 118.75, 122.5, 117.75, 101.25, 133.0
2023-04-06, 15:11:32, 130.5, 51.25, 19.0, 25.5, 9999.0, 1.0, 1.5, 19.5, 9999.0, 9999.0, 9999.0, 118.5, 121.25, 115.0, 101.25, 133.25
2023-04-06, 15:11:36, 130.75, 51.25, 19.0, 25.5, 9999.0, 1.0, 1.25, 19.75, 9999.0, 9999.0, 9999.0, 118.75, 122.5, 117.75, 101.25, 133.25
2023-04-06, 15:11:40, 130.75, 51.25, 19.0, 26.0, 9999.0, 1.0, 1.25, 19.75, 9999.0, 9999.0, 9999.0, 118.5, 122.5, 117.75, 101.5, 133.25
2023-04-06, 15:11:44, 130.75, 51.25, 19.0, 25.75, 9999.0, 1.0, 1.25, 19.75, 9999.0, 9999.0, 9999.0, 118.5, 122.5, 117.75, 101.5, 133.25
2023-04-06, 15:11:48, 130.75, 51.25, 19.0, 25.5, 9999.0, 1.25, 1.25, 19.5, 9999.0, 9999.0, 9999.0, 117.0, 121.5, 117.75, 101.5, 133.25
2023-04-06, 15:11:52, 130.75, 51.25, 19.0, 25.5, 9999.0, 1.25, 1.25, 19.5, 9999.0, 9999.0, 9999.0, 118.5, 122.5, 117.75, 101.25, 133.5
2023-04-06, 15:11:56, 130.75, 51.25, 19.0, 25.75, 9999.0, 1.25, 1.5, 19.75, 9999.0, 9999.0, 9999.0, 118.5, 122.5, 117.75, 101.25, 133.25
2023-04-06, 15:12:00, 130.75, 51.25, 19.0, 25.75, 9999.0, 1.25, 1.5, 19.75, 9999.0, 9999.0, 9999.0, 118.25, 122.25, 117.75, 101.25, 133.25
2023-04-06, 15:12:04, 130.75, 51.25, 18.75, 25.75, 9999.0, 1.25, 1.5, 18.75, 9999.0, 9999.0, 9999.0, 119.0, 122.25, 118.0, 101.25, 133.5
2023-04-06, 15:12:08, 130.75, 51.25, 18.75, 25.75, 9999.0, 1.25, 1.25, 19.75, 9999.0, 9999.0, 9999.0, 119.0, 122.25, 117.75, 101.25, 133.25
2023-04-06, 15:12:12, 130.75, 51.25, 18.75, 25.75, 9999.0, 1.25, 1.25, 19.5, 9999.0, 9999.0, 9999.0, 119.0, 122.25, 117.75, 101.5, 133.25
2023-04-06, 15:12:16, 130.75, 51.25, 19.0, 25.75, 9999.0, 1.25, 1.25, 19.5, 9999.0, 9999.0, 9999.0, 119.0, 122.25, 117.75, 101.25, 133.25
2023-04-06, 15:12:20, 130.75, 51.25, 19.0, 26.0, 9999.0, 1.0, 0.75, 19.25, 9999.0, 9999.0, 9999.0, 119.0, 122.25, 117.75, 101.25, 133.25
2023-04-06, 15:12:24, 130.75, 51.25, 19.0, 25.75, 9999.0, 1.25, 1.5, 19.5, 9999.0, 9999.0, 9999.0, 119.0, 122.5, 117.75, 101.25, 133.25
2023-04-06, 15:12:28, 130.75, 51.25, 19.0, 25.75, 9999.0, 1.25, 1.5, 19.5, 9999.0, 9999.0, 9999.0, 118.75, 122.25, 117.75, 101.25, 133.25
2023-04-06, 15:12:32, 130.75, 51.25, 19.0, 25.75, 9999.0, 1.25, 1.25, 19.5, 9999.0, 9999.0, 9999.0, 118.75, 122.25, 117.75, 101.25, 133.25
2023-04-06, 15:12:36, 130.75, 51.25, 19.0, 26.0, 9999.0, 1.0, 0.0, 16.75, 9999.0, 9999.0, 9999.0, 118.75, 122.5, 117.75, 101.5, 133.25
2023-04-06, 15:12:40, 130.75, 51.25, 19.0, 26.0, 9999.0, 1.25, 1.5, 19.5, 9999.0, 9999.0, 9999.0, 118.75, 122.5, 117.75, 101.5, 133.25
2023-04-06, 15:12:44, 130.75, 51.25, 19.0, 26.0, 9999.0, 1.0, 1.25, 19.5, 9999.0, 9999.0, 9999.0, 118.75, 122.5, 118.0, 101.25, 133.25
2023-04-06, 15:12:48, 130.75, 51.25, 19.0, 25.75, 9999.0, 1.0, 1.25, 19.5, 9999.0, 9999.0, 9999.0, 118.75, 122.5, 117.75, 101.25, 133.25
2023-04-06, 15:12:52, 130.75, 51.25, 18.0, 25.0, 9999.0, -0.75, 0.5, 19.75, 9999.0, 9999.0, 9999.0, 118.75, 122.5, 117.75, 101.25, 133.25
2023-04-06, 15:12:56, 130.5, 51.25, 19.0, 25.75, 9999.0, 1.0, 1.25, 19.75, 9999.0, 9999.0, 9999.0, 118.5, 122.5, 117.75, 101.5, 133.25
2023-04-06, 15:13:00, 130.75, 51.25, 19.0, 25.75, 9999.0, 1.0, 1.25, 19.5, 9999.0, 9999.0, 9999.0, 118.5, 122.5, 117.75, 101.25, 133.25
2023-04-06, 15:13:04, 130.75, 51.25, 19.0, 25.75, 9999.0, 0.75, 1.25, 19.5, 9999.0, 9999.0, 9999.0, 118.5, 122.5, 117.75, 101.5, 133.25
2023-04-06, 15:13:08, 130.75, 50.25, 18.5, 24.5, 9999.0, 1.0, 1.25, 19.5, 9999.0, 9999.0, 9999.0, 118.5, 122.25, 117.75, 101.5, 133.25
2023-04-06, 15:13:12, 130.75, 51.25, 18.75, 25.75, 9999.0, 1.25, 1.25, 19.75, 9999.0, 9999.0, 9999.0, 118.5, 122.5, 117.75, 101.25, 133.25
2023-04-06, 15:13:16, 130.75, 51.25, 18.75, 25.75, 9999.0, 1.25, 1.25, 19.5, 9999.0, 9999.0, 9999.0, 118.5, 122.5, 117.75, 101.25, 133.25
2023-04-06, 15:13:20, 130.75, 51.25, 18.75, 25.75, 9999.0, 1.25, 1.25, 19.75, 9999.0, 9999.0, 9999.0, 118.25, 122.5, 117.75, 101.5, 132.75
2023-04-06, 15:13:24, 130.0, 50.5, 17.25, 25.5, 9999.0, 1.25, 1.25, 19.5, 9999.0, 9999.0, 9999.0, 119.0, 122.5, 117.75, 101.25, 133.25
2023-04-06, 15:13:28, 130.75, 51.25, 19.0, 25.75, 9999.0, 1.25, 1.5, 19.75, 9999.0, 9999.0, 9999.0, 119.0, 122.25, 117.75, 101.5, 133.25
2023-04-06, 15:13:32, 130.75, 51.25, 19.0, 25.75, 9999.0, 1.25, 1.25, 19.75, 9999.0, 9999.0, 9999.0, 119.0, 122.5, 117.75, 101.5, 133.25
2023-04-06, 15:13:36, 130.75, 51.25, 19.0, 25.75, 9999.0, 1.25, 1.5, 19.75, 9999.0, 9999.0, 9999.0, 119.0, 122.25, 117.75, 100.25, 133.0
2023-04-06, 15:13:40, 129.5, 47.25, 19.0, 25.75, 9999.0, 1.25, 1.5, 19.75, 9999.0, 9999.0, 9999.0, 119.0, 122.25, 117.75, 101.25, 133.25
2023-04-06, 15:13:44, 130.75, 51.25, 19.0, 25.75, 9999.0, 1.25, 1.5, 19.5, 9999.0, 9999.0, 9999.0, 118.75, 122.25, 117.75, 101.25, 133.25
2023-04-06, 15:13:48, 130.75, 51.25, 19.0, 25.75, 9999.0, 1.25, 1.25, 19.75, 9999.0, 9999.0, 9999.0, 118.75, 122.25, 117.75, 101.25, 133.25
2023-04-06, 15:13:52, 130.75, 51.0, 19.0, 25.75, 9999.0, 1.25, 1.25, 19.5, 9999.0, 9999.0, 9999.0, 118.75, 120.75, 117.0, 101.0, 131.0
2023-04-06, 15:13:56, 130.0, 51.0, 19.0, 25.75, 9999.0, 1.25, 1.5, 19.75, 9999.0, 9999.0, 9999.0, 118.75, 122.5, 117.75, 101.5, 133.25
2023-04-06, 15:14:00, 130.75, 51.25, 18.75, 25.75, 9999.0, 1.25, 1.25, 19.5, 9999.0, 9999.0, 9999.0, 118.75, 122.5, 117.75, 101.5, 133.25
2023-04-06, 15:14:04, 130.75, 51.25, 18.75, 25.75, 9999.0, 1.0, 1.25, 19.5, 9999.0, 9999.0, 9999.0, 118.75, 122.5, 117.75, 101.5, 133.25
2023-04-06, 15:14:08, 130.75, 51.25, 18.75, 25.75, 9999.0, 1.0, 1.25, 19.75, 9999.0, 9999.0, 9999.0, 117.75, 122.25, 116.5, 98.75, 133.25
2023-04-06, 15:14:12, 130.75, 51.25, 19.0, 26.0, 9999.0, 1.0, 1.25, 19.75, 9999.0, 9999.0, 9999.0, 118.5, 122.5, 117.75, 101.25, 133.25
2023-04-06, 15:14:16, 130.75, 51.25, 18.75, 26.0, 9999.0, 1.0, 1.25, 19.75, 9999.0, 9999.0, 9999.0, 118.5, 122.5, 117.75, 101.5, 133.25
2023-04-06, 15:14:20, 130.75, 51.25, 18.75, 26.0, 9999.0, 1.0, 1.25, 19.75, 9999.0, 9999.0, 9999.0, 118.5, 122.5, 117.75, 101.25, 133.25
2023-04-06, 15:14:24, 130.75, 51.25, 19.0, 26.0, 9999.0, 1.0, 1.25, 19.75, 9999.0, 9999.0, 9999.0, 117.5, 121.0, 117.0, 101.25, 133.25
2023-04-06, 15:14:28, 130.75, 51.25, 19.0, 26.0, 9999.0, 1.25, 1.25, 19.75, 9999.0, 9999.0, 9999.0, 118.5, 122.5, 117.75, 101.25, 133.25
2023-04-06, 15:14:32, 130.75, 51.25, 19.0, 25.75, 9999.0, 1.25, 1.25, 19.5, 9999.0, 9999.0, 9999.0, 118.5, 122.5, 117.75, 101.25, 133.25
2023-04-06, 15:14:36, 130.75, 51.25, 18.75, 26.0, 9999.0, 1.25, 1.5, 19.75, 9999.0, 9999.0, 9999.0, 118.25, 122.25, 117.75, 101.25, 133.25
2023-04-06, 15:14:40, 130.75, 51.25, 19.0, 26.0, 9999.0, 1.25, 1.25, 19.5, 9999.0, 9999.0, 9999.0, 115.75, 122.5, 117.75, 101.25, 133.25
2023-04-06, 15:14:44, 130.5, 51.25, 19.0, 25.75, 9999.0, 1.25, 1.25, 19.75, 9999.0, 9999.0, 9999.0, 119.25, 122.5, 117.75, 101.25, 133.25
2023-04-06, 15:14:48, 130.75, 51.25, 19.0, 25.5, 9999.0, 1.25, 1.5, 19.75, 9999.0, 9999.0, 9999.0, 119.0, 122.5, 117.75, 101.5, 133.25
2023-04-06, 15:14:52, 130.75, 51.25, 19.0, 25.5, 9999.0, 1.25, 1.25, 19.5, 9999.0, 9999.0, 9999.0, 118.75, 122.25, 117.75, 101.5, 133.25
2023-04-06, 15:14:56, 130.75, 51.25, 19.0, 25.5, 9999.0, 1.25, 1.0, 19.25, 9999.0, 9999.0, 9999.0, 118.75, 122.5, 117.75, 101.5, 133.25
2023-04-06, 15:15:00, 130.75, 51.25, 19.0, 25.75, 9999.0, 1.25, 1.5, 19.5, 9999.0, 9999.0, 9999.0, 119.0, 122.25, 117.75, 101.5, 133.25
2023-04-06, 15:15:04, 130.75, 51.25, 19.0, 25.75, 9999.0, 1.25, 1.25, 19.75, 9999.0, 9999.0, 9999.0, 118.75, 122.25, 117.75, 101.5, 133.25
2023-04-06, 15:15:08, 130.75, 51.25, 19.0, 25.75, 9999.0, 1.0, 1.25, 19.75, 9999.0, 9999.0, 9999.0, 118.75, 122.5, 117.75, 101.5, 133.25
2023-04-06, 15:15:12, 130.5, 51.0, 18.75, 25.75, 9999.0, 0.25, 1.25, 18.0, 9999.0, 9999.0, 9999.0, 118.75, 122.5, 117.75, 101.5, 133.25
2023-04-06, 15:15:16, 130.75, 51.25, 19.0, 25.75, 9999.0, 1.0, 1.5, 19.5, 9999.0, 9999.0, 9999.0, 118.75, 122.5, 117.75, 101.5, 133.25
2023-04-06, 15:15:20, 130.75, 51.25, 19.0, 25.75, 9999.0, 1.0, 1.25, 19.5, 9999.0, 9999.0, 9999.0, 118.75, 122.5, 117.75, 101.5, 133.25
2023-04-06, 15:15:24, 130.75, 51.25, 19.0, 25.75, 9999.0, 1.0, 1.25, 19.5, 9999.0, 9999.0, 9999.0, 118.75, 122.5, 117.75, 101.5, 133.25
2023-04-06, 15:15:28, 130.75, 51.0, 18.75, 24.5, 9999.0, 0.25, -0.5, 19.0, 9999.0, 9999.0, 9999.0, 118.75, 122.5, 117.75, 101.5, 133.25
2023-04-06, 15:15:32, 130.75, 51.25, 19.0, 26.0, 9999.0, 1.0, 1.25, 19.5, 9999.0, 9999.0, 9999.0, 118.5, 122.5, 117.75, 101.5, 133.25
2023-04-06, 15:15:36, 130.75, 51.25, 19.0, 26.0, 9999.0, 1.0, 1.25, 19.5, 9999.0, 9999.0, 9999.0, 118.5, 122.5, 117.75, 101.25, 133.25
2023-04-06, 15:15:41, 130.75, 51.25, 19.0, 26.0, 9999.0, 1.0, 1.25, 19.75, 9999.0, 9999.0, 9999.0, 118.75, 122.5, 117.75, 101.25, 133.25
2023-04-06, 15:15:45, 130.75, 51.0, 18.0, 25.75, 9999.0, -1.0, 1.25, 19.5, 9999.0, 9999.0, 9999.0, 118.5, 122.5, 117.75, 101.5, 133.25
2023-04-06, 15:15:49, 130.75, 51.25, 19.0, 25.75, 9999.0, 1.25, 1.25, 19.5, 9999.0, 9999.0, 9999.0, 118.5, 122.5, 117.75, 101.25, 133.25
2023-04-06, 15:15:53, 130.75, 51.0, 18.75, 25.75, 9999.0, 1.25, 1.25, 19.75, 9999.0, 9999.0, 9999.0, 118.5, 122.5, 117.75, 101.25, 133.25
2023-04-06, 15:15:57, 130.75, 51.0, 19.0, 25.75, 9999.0, 1.0, 1.25, 19.5, 9999.0, 9999.0, 9999.0, 118.5, 122.25, 117.75, 101.25, 133.25
2023-04-06, 15:16:01, 130.0, 50.75, 18.25, 23.25, 9999.0, 1.25, 1.25, 19.75, 9999.0, 9999.0, 9999.0, 118.25, 122.5, 117.75, 101.25, 133.25
2023-04-06, 15:16:05, 130.75, 51.25, 19.0, 26.0, 9999.0, 1.25, 1.5, 19.5, 9999.0, 9999.0, 9999.0, 119.0, 122.25, 117.75, 101.25, 133.25
2023-04-06, 15:16:09, 130.75, 51.0, 18.75, 25.75, 9999.0, 1.25, 1.25, 19.75, 9999.0, 9999.0, 9999.0, 119.0, 122.25, 117.75, 101.25, 133.25
2023-04-06, 15:16:13, 130.75, 51.25, 19.0, 25.75, 9999.0, 1.25, 1.25, 19.5, 9999.0, 9999.0, 9999.0, 119.0, 122.25, 117.75, 101.25, 132.25
2023-04-06, 15:16:17, 130.5, 49.0, 15.25, 25.75, 9999.0, 1.25, 1.5, 19.5, 9999.0, 9999.0, 9999.0, 119.0, 122.25, 117.75, 101.5, 133.25
2023-04-06, 15:16:21, 130.75, 51.25, 19.0, 25.75, 9999.0, 1.25, 1.25, 19.5, 9999.0, 9999.0, 9999.0, 119.0, 122.25, 117.75, 101.25, 133.25
2023-04-06, 15:16:25, 130.75, 51.25, 19.0, 25.75, 9999.0, 1.25, 1.25, 19.75, 9999.0, 9999.0, 9999.0, 118.75, 122.25, 117.75, 101.5, 133.25
2023-04-06, 15:16:29, 130.75, 51.25, 18.75, 25.5, 9999.0, 1.0, 1.5, 19.5, 9999.0, 9999.0, 9999.0, 118.75, 122.25, 116.25, 100.75, 132.25
2023-04-06, 15:16:33, 128.5, 50.5, 18.75, 25.75, 9999.0, 1.0, 1.25, 19.5, 9999.0, 9999.0, 9999.0, 118.75, 122.5, 117.75, 101.5, 133.25
2023-04-06, 15:16:37, 130.75, 51.25, 19.0, 25.75, 9999.0, 1.0, 1.25, 19.5, 9999.0, 9999.0, 9999.0, 118.75, 122.5, 117.75, 101.25, 133.25
2023-04-06, 15:16:41, 130.75, 51.25, 19.0, 25.75, 9999.0, 1.0, 1.25, 19.5, 9999.0, 9999.0, 9999.0, 118.75, 122.5, 117.75, 101.25, 133.25
2023-04-06, 15:16:45, 130.5, 51.0, 18.75, 25.75, 9999.0, 1.0, 1.25, 19.5, 9999.0, 9999.0, 9999.0, 118.75, 121.5, 117.5, 100.25, 127.75
2023-04-06, 15:16:49, 130.5, 51.25, 18.75, 25.75, 9999.0, 1.0, 1.5, 19.75, 9999.0, 9999.0, 9999.0, 118.75, 122.5, 117.75, 101.25, 133.25
2023-04-06, 15:16:53, 130.75, 51.25, 18.75, 25.75, 9999.0, 1.0, 1.25, 19.75, 9999.0, 9999.0, 9999.0, 118.5, 122.5, 117.75, 101.5, 133.25
2023-04-06, 15:16:57, 130.75, 51.25, 19.0, 25.5, 9999.0, 1.0, 1.25, 19.5, 9999.0, 9999.0, 9999.0, 118.5, 122.5, 117.75, 101.25, 133.25
2023-04-06, 15:17:01, 130.5, 51.0, 18.75, 25.5, 9999.0, 1.0, 1.25, 19.5, 9999.0, 9999.0, 9999.0, 118.25, 121.25, 116.25, 101.25, 133.25
2023-04-06, 15:17:05, 130.75, 51.0, 19.0, 25.75, 9999.0, 1.0, 1.25, 19.5, 9999.0, 9999.0, 9999.0, 118.5, 122.25, 117.75, 101.5, 133.25
2023-04-06, 15:17:09, 130.75, 51.25, 19.0, 25.75, 9999.0, 1.25, 1.25, 19.75, 9999.0, 9999.0, 9999.0, 118.5, 122.5, 118.0, 101.5, 133.25
2023-04-06, 15:17:13, 130.5, 51.25, 19.0, 25.75, 9999.0, 1.25, 1.25, 19.75, 9999.0, 9999.0, 9999.0, 118.25, 122.25, 117.75, 101.25, 133.25
2023-04-06, 15:17:17, 130.5, 51.0, 18.75, 25.75, 9999.0, 1.25, 1.25, 19.5, 9999.0, 9999.0, 9999.0, 116.25, 120.25, 117.75, 101.5, 133.25
2023-04-06, 15:17:21, 130.75, 51.0, 19.0, 25.75, 9999.0, 1.25, 1.25, 19.75, 9999.0, 9999.0, 9999.0, 118.5, 122.25, 117.75, 101.5, 133.25
2023-04-06, 15:17:25, 130.75, 51.25, 19.0, 26.0, 9999.0, 1.25, 1.25, 19.75, 9999.0, 9999.0, 9999.0, 119.0, 122.25, 118.0, 101.5, 133.25
2023-04-06, 15:17:29, 130.75, 51.25, 19.0, 25.75, 9999.0, 1.25, 1.25, 19.5, 9999.0, 9999.0, 9999.0, 119.0, 122.25, 117.75, 101.25, 133.25
2023-04-06, 15:17:33, 130.75, 51.25, 18.75, 25.75, 9999.0, 1.25, 1.25, 18.25, 9999.0, 9999.0, 9999.0, 118.5, 122.25, 117.75, 101.5, 133.25
2023-04-06, 15:17:37, 130.75, 51.25, 18.75, 26.0, 9999.0, 1.25, 1.25, 19.75, 9999.0, 9999.0, 9999.0, 119.0, 122.25, 117.75, 101.5, 133.25
2023-04-06, 15:17:41, 130.5, 51.0, 18.75, 26.0, 9999.0, 1.25, 1.25, 19.75, 9999.0, 9999.0, 9999.0, 118.75, 122.25, 118.0, 101.5, 133.25
2023-04-06, 15:17:45, 130.5, 51.25, 19.0, 26.0, 9999.0, 1.25, 1.5, 19.5, 9999.0, 9999.0, 9999.0, 118.75, 122.25, 117.75, 101.5, 133.25
2023-04-06, 15:17:49, 130.75, 51.0, 18.75, 26.0, 9999.0, 1.0, 0.5, 19.25, 9999.0, 9999.0, 9999.0, 118.75, 122.25, 117.75, 101.5, 133.25
2023-04-06, 15:17:53, 130.75, 51.25, 19.0, 26.0, 9999.0, 1.0, 1.25, 19.75, 9999.0, 9999.0, 9999.0, 118.75, 122.5, 117.75, 101.5, 133.25
2023-04-06, 15:17:57, 130.75, 51.25, 19.0, 25.75, 9999.0, 1.0, 1.5, 19.5, 9999.0, 9999.0, 9999.0, 118.75, 122.5, 118.0, 101.5, 133.25
2023-04-06, 15:18:01, 130.5, 51.0, 18.75, 25.75, 9999.0, 1.0, 1.5, 19.75, 9999.0, 9999.0, 9999.0, 118.75, 122.5, 117.75, 101.5, 133.25
2023-04-06, 15:18:05, 130.75, 51.25, 18.75, 25.75, 9999.0, 0.75, 0.25, 18.0, 9999.0, 9999.0, 9999.0, 118.75, 122.5, 118.0, 101.5, 133.25
2023-04-06, 15:18:09, 130.75, 51.0, 18.75, 26.0, 9999.0, 1.0, 1.25, 19.5, 9999.0, 9999.0, 9999.0, 118.75, 122.5, 117.75, 101.5, 133.25
2023-04-06, 15:18:13, 130.75, 51.0, 19.0, 25.75, 9999.0, 1.0, 1.25, 19.5, 9999.0, 9999.0, 9999.0, 118.75, 122.5, 117.75, 101.5, 133.25
2023-04-06, 15:18:17, 130.75, 51.25, 19.0, 26.0, 9999.0, 1.0, 1.25, 19.5, 9999.0, 9999.0, 9999.0, 118.5, 122.5, 117.75, 101.5, 133.25
2023-04-06, 15:18:21, 130.5, 51.25, 19.0, 25.0, 9999.0, -0.75, 0.0, 19.5, 9999.0, 9999.0, 9999.0, 118.5, 122.5, 117.75, 101.5, 133.25
2023-04-06, 15:18:25, 130.75, 51.25, 19.0, 26.0, 9999.0, 1.25, 1.25, 19.75, 9999.0, 9999.0, 9999.0, 118.5, 122.5, 118.0, 101.5, 133.25
2023-04-06, 15:18:29, 130.75, 51.25, 19.0, 26.0, 9999.0, 1.25, 1.25, 19.5, 9999.0, 9999.0, 9999.0, 118.5, 122.5, 117.75, 101.5, 133.25
2023-04-06, 15:18:33, 130.75, 51.0, 19.0, 26.0, 9999.0, 1.25, 1.25, 19.5, 9999.0, 9999.0, 9999.0, 118.5, 122.5, 117.75, 101.5, 133.25
2023-04-06, 15:18:37, 130.5, 49.75, 18.5, 24.75, 9999.0, 1.0, 1.5, 19.75, 9999.0, 9999.0, 9999.0, 118.5, 122.5, 117.75, 101.5, 133.25
2023-04-06, 15:18:41, 130.75, 51.25, 19.0, 26.0, 9999.0, 1.25, 1.25, 19.75, 9999.0, 9999.0, 9999.0, 119.25, 122.5, 117.75, 101.5, 133.25
2023-04-06, 15:18:45, 130.75, 51.25, 19.0, 26.0, 9999.0, 1.25, 1.5, 19.75, 9999.0, 9999.0, 9999.0, 119.0, 122.5, 117.75, 101.5, 133.25
2023-04-06, 15:18:49, 130.75, 51.25, 19.0, 26.0, 9999.0, 1.25, 1.25, 19.75, 9999.0, 9999.0, 9999.0, 119.0, 122.5, 117.75, 101.5, 133.25
2023-04-06, 15:18:53, 129.75, 50.75, 16.75, 24.75, 9999.0, 1.25, 1.25, 19.75, 9999.0, 9999.0, 9999.0, 119.0, 122.5, 117.75, 101.5, 133.25
2023-04-06, 15:18:57, 130.75, 51.25, 19.0, 26.0, 9999.0, 1.25, 1.5, 19.5, 9999.0, 9999.0, 9999.0, 119.0, 122.5, 117.75, 101.75, 133.25
2023-04-06, 15:19:01, 130.75, 51.25, 19.0, 26.0, 9999.0, 1.25, 1.25, 19.75, 9999.0, 9999.0, 9999.0, 118.75, 122.5, 118.0, 101.5, 133.25
2023-04-06, 15:19:05, 130.75, 51.25, 19.0, 25.75, 9999.0, 1.25, 1.5, 19.75, 9999.0, 9999.0, 9999.0, 118.75, 122.25, 117.75, 100.25, 133.0
2023-04-06, 15:19:09, 129.75, 49.0, 18.75, 26.0, 9999.0, 1.25, 1.25, 19.5, 9999.0, 9999.0, 9999.0, 118.75, 122.5, 117.75, 101.5, 133.25
2023-04-06, 15:19:13, 130.75, 51.0, 19.0, 26.0, 9999.0, 1.0, 1.5, 19.75, 9999.0, 9999.0, 9999.0, 118.75, 122.5, 117.75, 101.5, 133.25
2023-04-06, 15:19:17, 130.75, 51.25, 19.0, 26.0, 9999.0, 1.0, 1.5, 19.5, 9999.0, 9999.0, 9999.0, 118.75, 122.75, 117.75, 101.5, 133.25
2023-04-06, 15:19:21, 130.75, 51.0, 18.75, 26.0, 9999.0, 1.0, 1.25, 19.5, 9999.0, 9999.0, 9999.0, 118.75, 122.5, 117.0, 101.5, 132.0
2023-04-06, 15:19:25, 129.75, 51.25, 18.75, 26.0, 9999.0, 1.0, 1.25, 19.75, 9999.0, 9999.0, 9999.0, 118.75, 122.5, 118.0, 101.5, 133.25
2023-04-06, 15:19:29, 130.75, 51.25, 19.0, 26.0, 9999.0, 1.0, 1.25, 19.75, 9999.0, 9999.0, 9999.0, 118.75, 122.5, 117.75, 101.75, 133.5
2023-04-06, 15:19:33, 130.75, 51.25, 19.0, 26.0, 9999.0, 1.0, 1.25, 19.5, 9999.0, 9999.0, 9999.0, 118.75, 122.5, 117.75, 101.5, 133.25
2023-04-06, 15:19:37, 130.5, 51.25, 19.0, 26.0, 9999.0, 1.0, 1.5, 19.5, 9999.0, 9999.0, 9999.0, 117.0, 122.25, 117.0, 99.25, 133.0
2023-04-06, 15:19:41, 130.75, 51.25, 19.0, 26.0, 9999.0, 1.0, 1.5, 19.5, 9999.0, 9999.0, 9999.0, 118.5, 122.5, 118.0, 101.5, 133.5
2023-04-06, 15:19:45, 130.75, 51.0, 19.0, 26.0, 9999.0, 1.25, 1.25, 19.5, 9999.0, 9999.0, 9999.0, 118.5, 122.5, 117.75, 101.5, 133.25
2023-04-06, 15:19:49, 130.75, 51.25, 19.0, 26.0, 9999.0, 1.25, 1.5, 19.75, 9999.0, 9999.0, 9999.0, 118.5, 122.5, 118.0, 101.5, 133.25
2023-04-06, 15:19:53, 130.75, 51.25, 19.0, 26.0, 9999.0, 1.25, 1.25, 19.75, 9999.0, 9999.0, 9999.0, 118.0, 120.25, 116.5, 101.5, 133.5
2023-04-06, 15:19:57, 130.75, 51.25, 19.0, 26.0, 9999.0, 1.5, 1.5, 19.75, 9999.0, 9999.0, 9999.0, 118.5, 122.5, 117.75, 101.5, 133.25
2023-04-06, 15:20:01, 130.75, 51.25, 19.0, 25.75, 9999.0, 1.25, 1.5, 19.75, 9999.0, 9999.0, 9999.0, 119.25, 122.5, 117.75, 101.5, 133.25
2023-04-06, 15:20:05, 130.75, 51.25, 19.0, 26.0, 9999.0, 1.25, 1.5, 19.5, 9999.0, 9999.0, 9999.0, 119.0, 122.5, 117.75, 101.5, 133.25
2023-04-06, 15:20:10, 130.75, 51.25, 19.0, 26.0, 9999.0, 1.25, 1.25, 19.75, 9999.0, 9999.0, 9999.0, 116.75, 122.5, 118.0, 101.75, 133.5
2023-04-06, 15:20:14, 130.75, 51.25, 19.0, 26.0, 9999.0, 1.25, 1.5, 19.75, 9999.0, 9999.0, 9999.0, 119.0, 122.5, 117.75, 101.75, 133.5
2023-04-06, 15:20:18, 130.75, 51.25, 19.0, 26.0, 9999.0, 1.25, 1.5, 19.5, 9999.0, 9999.0, 9999.0, 119.0, 122.5, 118.0, 101.5, 133.5
2023-04-06, 15:20:22, 130.75, 51.25, 19.0, 26.0, 9999.0, 1.25, 1.5, 19.75, 9999.0, 9999.0, 9999.0, 118.75, 122.25, 117.75, 101.5, 133.25
2023-04-06, 15:20:26, 130.75, 51.25, 19.0, 25.75, 9999.0, 1.25, 1.25, 19.0, 9999.0, 9999.0, 9999.0, 118.75, 122.5, 117.75, 101.5, 133.5
2023-04-06, 15:20:30, 130.75, 51.25, 19.0, 26.0, 9999.0, 1.25, 1.5, 19.75, 9999.0, 9999.0, 9999.0, 118.75, 122.5, 117.75, 101.5, 133.25
2023-04-06, 15:20:34, 130.75, 51.25, 19.0, 26.0, 9999.0, 1.25, 1.5, 19.75, 9999.0, 9999.0, 9999.0, 118.75, 122.75, 117.75, 101.75, 133.25
2023-04-06, 15:20:38, 130.75, 51.25, 19.0, 26.0, 9999.0, 1.25, 1.5, 19.75, 9999.0, 9999.0, 9999.0, 118.75, 122.5, 117.75, 101.75, 133.25
2023-04-06, 15:20:42, 130.75, 51.25, 19.0, 26.0, 9999.0, 0.0, 1.25, 18.75, 9999.0, 9999.0, 9999.0, 118.75, 122.5, 118.0, 101.5, 133.5
2023-04-06, 15:20:46, 130.75, 51.25, 19.0, 26.0, 9999.0, 1.0, 1.5, 19.75, 9999.0, 9999.0, 9999.0, 118.75, 122.5, 117.75, 101.75, 133.25
2023-04-06, 15:20:50, 130.75, 51.25, 19.0, 26.0, 9999.0, 1.0, 1.25, 19.75, 9999.0, 9999.0, 9999.0, 118.75, 122.5, 117.75, 101.5, 133.25
2023-04-06, 15:20:54, 130.75, 51.25, 19.0, 26.0, 9999.0, 1.0, 1.5, 19.75, 9999.0, 9999.0, 9999.0, 118.75, 122.5, 117.75, 101.5, 133.25
2023-04-06, 15:20:58, 130.75, 51.25, 19.0, 25.25, 9999.0, 0.5, -0.25, 19.0, 9999.0, 9999.0, 9999.0, 118.5, 122.5, 117.75, 101.5, 133.25
2023-04-06, 15:21:02, 130.75, 51.25, 19.0, 26.0, 9999.0, 1.0, 1.25, 19.75, 9999.0, 9999.0, 9999.0, 118.5, 122.5, 117.75, 101.5, 133.5
2023-04-06, 15:21:06, 130.75, 51.25, 19.0, 25.75, 9999.0, 1.25, 1.25, 19.75, 9999.0, 9999.0, 9999.0, 118.5, 122.5, 118.0, 101.5, 133.25
2023-04-06, 15:21:10, 130.75, 51.25, 19.0, 25.75, 9999.0, 1.25, 1.25, 19.5, 9999.0, 9999.0, 9999.0, 118.5, 122.5, 117.75, 101.5, 133.25
2023-04-06, 15:21:14, 130.75, 51.25, 17.5, 25.75, 9999.0, -2.25, 1.25, 19.75, 9999.0, 9999.0, 9999.0, 118.5, 122.5, 118.0, 101.5, 133.25
2023-04-06, 15:21:18, 130.75, 51.25, 19.0, 26.0, 9999.0, 1.5, 1.5, 19.75, 9999.0, 9999.0, 9999.0, 118.5, 122.5, 117.75, 101.5, 133.5
2023-04-06, 15:21:22, 130.75, 51.25, 19.0, 26.0, 9999.0, 1.25, 1.5, 19.75, 9999.0, 9999.0, 9999.0, 119.0, 122.5, 117.75, 101.5, 133.25
2023-04-06, 15:21:26, 130.75, 51.25, 19.0, 26.0, 9999.0, 1.25, 1.25, 19.75, 9999.0, 9999.0, 9999.0, 119.0, 122.5, 117.75, 101.5, 133.25
2023-04-06, 15:21:30, 130.5, 50.5, 18.5, 23.75, 9999.0, 1.25, 1.5, 19.75, 9999.0, 9999.0, 9999.0, 119.0, 122.5, 118.0, 101.5, 133.5
2023-04-06, 15:21:34, 130.75, 51.25, 19.0, 26.0, 9999.0, 1.25, 1.5, 19.75, 9999.0, 9999.0, 9999.0, 119.0, 122.5, 118.0, 101.5, 133.25
2023-04-06, 15:21:38, 130.75, 51.25, 19.0, 25.75, 9999.0, 1.25, 1.5, 19.75, 9999.0, 9999.0, 9999.0, 119.0, 122.5, 117.75, 101.75, 133.5
2023-04-06, 15:21:42, 130.75, 51.25, 19.0, 26.0, 9999.0, 1.25, 1.5, 19.75, 9999.0, 9999.0, 9999.0, 118.75, 122.5, 117.75, 101.5, 132.25
2023-04-06, 15:21:46, 130.5, 49.5, 15.5, 25.75, 9999.0, 1.25, 1.5, 19.75, 9999.0, 9999.0, 9999.0, 118.75, 122.5, 117.75, 101.5, 133.25
2023-04-06, 15:21:50, 130.75, 51.25, 19.0, 25.75, 9999.0, 1.25, 1.5, 19.75, 9999.0, 9999.0, 9999.0, 118.75, 122.5, 117.75, 101.5, 133.25
2023-04-06, 15:21:54, 130.75, 51.25, 19.0, 26.0, 9999.0, 1.25, 1.5, 19.75, 9999.0, 9999.0, 9999.0, 118.75, 122.75, 117.75, 101.75, 133.5
2023-04-06, 15:21:58, 130.75, 51.25, 18.75, 25.75, 9999.0, 1.25, 1.5, 19.75, 9999.0, 9999.0, 9999.0, 118.75, 122.5, 116.75, 100.75, 132.25
2023-04-06, 15:22:02, 129.25, 50.5, 19.0, 25.75, 9999.0, 1.25, 1.5, 19.75, 9999.0, 9999.0, 9999.0, 119.0, 122.75, 117.75, 101.5, 133.5
2023-04-06, 15:22:06, 130.75, 51.25, 19.0, 25.75, 9999.0, 1.0, 1.5, 19.5, 9999.0, 9999.0, 9999.0, 118.75, 122.5, 117.75, 101.5, 133.25
2023-04-06, 15:22:10, 130.75, 51.25, 19.0, 26.0, 9999.0, 1.0, 1.5, 19.75, 9999.0, 9999.0, 9999.0, 118.75, 122.5, 117.75, 101.5, 133.25
2023-04-06, 15:22:14, 130.5, 51.25, 19.0, 26.0, 9999.0, 1.0, 1.5, 19.75, 9999.0, 9999.0, 9999.0, 118.75, 121.25, 117.75, 100.75, 127.0
2023-04-06, 15:22:18, 130.75, 51.25, 19.0, 26.0, 9999.0, 1.0, 1.25, 19.75, 9999.0, 9999.0, 9999.0, 118.5, 122.5, 117.75, 101.5, 133.25
2023-04-06, 15:22:22, 130.75, 51.25, 19.0, 26.0, 9999.0, 1.0, 1.25, 19.5, 9999.0, 9999.0, 9999.0, 118.5, 122.5, 118.0, 101.5, 133.5
2023-04-06, 15:22:26, 130.75, 51.25, 19.0, 26.0, 9999.0, 1.25, 1.25, 19.75, 9999.0, 9999.0, 9999.0, 118.5, 122.5, 117.75, 101.5, 133.25
2023-04-06, 15:22:30, 130.5, 51.25, 19.0, 26.0, 9999.0, 1.25, 1.25, 19.5, 9999.0, 9999.0, 9999.0, 118.0, 121.75, 116.5, 101.25, 133.25
2023-04-06, 15:22:34, 130.75, 51.25, 18.75, 25.75, 9999.0, 1.25, 1.5, 19.75, 9999.0, 9999.0, 9999.0, 118.5, 122.5, 117.75, 101.5, 133.25
2023-04-06, 15:22:38, 130.75, 51.25, 18.75, 25.5, 9999.0, 1.5, 1.5, 19.75, 9999.0, 9999.0, 9999.0, 118.5, 122.5, 118.0, 101.5, 133.25
2023-04-06, 15:22:42, 130.75, 51.25, 19.0, 25.75, 9999.0, 1.25, 1.5, 19.75, 9999.0, 9999.0, 9999.0, 119.0, 122.5, 117.75, 101.5, 133.25
2023-04-06, 15:22:46, 130.75, 51.25, 19.0, 26.0, 9999.0, 1.25, 1.25, 19.5, 9999.0, 9999.0, 9999.0, 118.25, 120.25, 117.75, 101.5, 133.25
2023-04-06, 15:22:50, 130.75, 51.25, 19.0, 26.0, 9999.0, 1.25, 1.5, 19.5, 9999.0, 9999.0, 9999.0, 119.0, 122.5, 118.0, 101.5, 133.25
2023-04-06, 15:22:54, 130.75, 51.25, 19.0, 25.75, 9999.0, 1.25, 1.5, 19.75, 9999.0, 9999.0, 9999.0, 119.0, 122.5, 117.75, 101.5, 133.5
2023-04-06, 15:22:58, 130.75, 51.25, 19.0, 25.75, 9999.0, 1.25, 1.5, 19.75, 9999.0, 9999.0, 9999.0, 118.75, 122.25, 117.75, 101.5, 133.25
2023-04-06, 15:23:02, 130.75, 51.25, 19.0, 25.75, 9999.0, 1.25, 1.5, 18.5, 9999.0, 9999.0, 9999.0, 118.25, 122.5, 118.0, 101.5, 133.25
2023-04-06, 15:23:06, 130.75, 51.25, 19.0, 25.75, 9999.0, 1.25, 1.25, 19.75, 9999.0, 9999.0, 9999.0, 118.75, 122.5, 118.0, 101.5, 133.25
2023-04-06, 15:23:10, 130.75, 51.25, 18.75, 26.0, 9999.0, 1.25, 1.5, 19.75, 9999.0, 9999.0, 9999.0, 118.75, 122.5, 117.75, 101.5, 133.25
2023-04-06, 15:23:14, 130.75, 51.25, 19.0, 26.0, 9999.0, 1.25, 1.5, 19.5, 9999.0, 9999.0, 9999.0, 118.75, 122.5, 117.75, 101.75, 133.25
2023-04-06, 15:23:18, 130.75, 51.25, 19.0, 26.0, 9999.0, 1.0, 0.5, 19.25, 9999.0, 9999.0, 9999.0, 118.75, 122.5, 118.0, 101.5, 133.25
2023-04-06, 15:23:22, 130.75, 51.25, 19.0, 26.0, 9999.0, 1.0, 1.25, 19.75, 9999.0, 9999.0, 9999.0, 118.75, 122.5, 118.0, 101.5, 133.25
2023-04-06, 15:23:26, 130.75, 51.25, 19.0, 26.0, 9999.0, 1.0, 1.5, 19.75, 9999.0, 9999.0, 9999.0, 118.75, 122.5, 118.0, 101.5, 133.5
2023-04-06, 15:23:30, 130.75, 51.25, 19.0, 26.0, 9999.0, 1.0, 1.25, 19.75, 9999.0, 9999.0, 9999.0, 118.5, 122.5, 117.75, 101.5, 133.25
2023-04-06, 15:23:34, 130.75, 51.25, 19.0, 26.0, 9999.0, 0.75, 0.5, 18.25, 9999.0, 9999.0, 9999.0, 118.5, 122.5, 118.0, 101.5, 133.25
2023-04-06, 15:23:38, 130.75, 51.25, 19.0, 26.0, 9999.0, 1.0, 1.25, 19.75, 9999.0, 9999.0, 9999.0, 118.5, 122.5, 117.75, 101.5, 133.5
2023-04-06, 15:23:42, 130.75, 51.25, 18.75, 26.0, 9999.0, 1.0, 1.25, 19.5, 9999.0, 9999.0, 9999.0, 118.5, 122.5, 118.0, 101.5, 133.5
2023-04-06, 15:23:46, 130.75, 51.25, 18.75, 26.0, 9999.0, 1.25, 1.25, 19.5, 9999.0, 9999.0, 9999.0, 118.5, 122.5, 118.0, 101.5, 133.25
2023-04-06, 15:23:50, 130.75, 51.0, 18.75, 25.25, 9999.0, 0.25, -0.75, 19.5, 9999.0, 9999.0, 9999.0, 118.5, 122.5, 118.0, 101.5, 133.5
2023-04-06, 15:23:54, 130.5, 51.25, 19.0, 26.0, 9999.0, 1.25, 1.5, 19.75, 9999.0, 9999.0, 9999.0, 118.5, 122.5, 118.0, 101.5, 133.5
2023-04-06, 15:23:58, 130.75, 51.25, 19.0, 25.75, 9999.0, 1.5, 1.5, 19.75, 9999.0, 9999.0, 9999.0, 118.5, 122.5, 117.75, 101.5, 133.25
2023-04-06, 15:24:02, 130.75, 51.0, 19.0, 25.75, 9999.0, 1.25, 1.25, 19.5, 9999.0, 9999.0, 9999.0, 119.0, 122.5, 117.75, 101.5, 133.25
2023-04-06, 15:24:06, 130.75, 49.5, 18.25, 25.25, 9999.0, 0.75, 1.5, 19.5, 9999.0, 9999.0, 9999.0, 119.0, 122.5, 117.75, 101.5, 133.25
2023-04-06, 15:24:10, 130.75, 51.25, 19.0, 25.75, 9999.0, 1.25, 1.25, 19.75, 9999.0, 9999.0, 9999.0, 119.0, 122.5, 117.75, 101.5, 133.25
2023-04-06, 15:24:14, 130.75, 51.25, 19.0, 25.75, 9999.0, 1.25, 1.5, 19.75, 9999.0, 9999.0, 9999.0, 119.0, 122.5, 117.75, 101.5, 133.25
2023-04-06, 15:24:18, 130.75, 51.25, 19.0, 26.0, 9999.0, 1.25, 1.5, 19.75, 9999.0, 9999.0, 9999.0, 118.75, 122.5, 117.75, 101.5, 133.25
2023-04-06, 15:24:22, 129.75, 51.0, 17.5, 21.5, 9999.0, 1.25, 1.25, 19.5, 9999.0, 9999.0, 9999.0, 118.75, 122.5, 117.75, 101.5, 133.25
2023-04-06, 15:24:26, 130.75, 51.25, 19.0, 26.0, 9999.0, 1.25, 1.5, 19.5, 9999.0, 9999.0, 9999.0, 118.75, 122.5, 117.75, 101.5, 133.25
2023-04-06, 15:24:30, 130.75, 51.25, 18.75, 25.75, 9999.0, 1.25, 1.25, 19.75, 9999.0, 9999.0, 9999.0, 118.75, 122.75, 117.75, 101.5, 133.25
2023-04-06, 15:24:35, 130.75, 51.25, 18.75, 25.75, 9999.0, 1.0, 1.25, 19.5, 9999.0, 9999.0, 9999.0, 118.75, 122.75, 117.75, 100.75, 133.0
2023-04-06, 15:24:39, 129.75, 50.0, 18.5, 26.0, 9999.0, 1.0, 1.25, 19.5, 9999.0, 9999.0, 9999.0, 118.75, 122.5, 117.75, 101.5, 133.25
2023-04-06, 15:24:43, 130.75, 51.25, 18.75, 26.0, 9999.0, 1.0, 1.25, 19.5, 9999.0, 9999.0, 9999.0, 118.75, 122.5, 117.75, 101.5, 133.25
2023-04-06, 15:24:47, 130.5, 51.25, 19.0, 26.0, 9999.0, 1.0, 1.25, 19.5, 9999.0, 9999.0, 9999.0, 118.75, 122.75, 117.75, 101.5, 133.25
2023-04-06, 15:24:51, 130.75, 51.0, 18.75, 26.0, 9999.0, 1.0, 1.25, 19.5, 9999.0, 9999.0, 9999.0, 118.75, 122.5, 117.0, 101.25, 132.25
2023-04-06, 15:24:55, 129.25, 51.25, 18.75, 26.0, 9999.0, 1.0, 1.25, 19.5, 9999.0, 9999.0, 9999.0, 118.5, 122.75, 117.75, 101.5, 133.25
2023-04-06, 15:24:59, 130.75, 51.25, 18.75, 25.75, 9999.0, 1.0, 1.25, 19.75, 9999.0, 9999.0, 9999.0, 118.5, 122.5, 118.0, 101.5, 133.25
2023-04-06, 15:25:03, 130.75, 51.25, 19.0, 25.75, 9999.0, 1.0, 1.25, 19.5, 9999.0, 9999.0, 9999.0, 118.5, 122.5, 118.0, 101.5, 133.5
2023-04-06, 15:25:07, 130.5, 51.0, 18.75, 25.75, 9999.0, 1.25, 1.25, 19.5, 9999.0, 9999.0, 9999.0, 116.75, 121.75, 117.25, 100.0, 132.75
2023-04-06, 15:25:11, 130.75, 51.25, 18.75, 25.75, 9999.0, 1.25, 1.25, 19.5, 9999.0, 9999.0, 9999.0, 118.5, 122.5, 117.75, 101.5, 133.25
2023-04-06, 15:25:15, 130.5, 51.25, 19.0, 25.75, 9999.0, 1.25, 1.25, 19.5, 9999.0, 9999.0, 9999.0, 118.5, 122.5, 117.75, 101.5, 133.25
2023-04-06, 15:25:19, 130.75, 51.25, 18.75, 25.75, 9999.0, 1.25, 1.25, 19.5, 9999.0, 9999.0, 9999.0, 118.25, 122.5, 117.75, 101.25, 133.25
2023-04-06, 15:25:23, 130.75, 51.25, 18.75, 25.75, 9999.0, 1.25, 1.25, 19.5, 9999.0, 9999.0, 9999.0, 118.75, 120.75, 115.0, 101.5, 133.25
2023-04-06, 15:25:27, 130.5, 51.25, 18.75, 25.75, 9999.0, 1.25, 1.25, 19.75, 9999.0, 9999.0, 9999.0, 119.0, 122.5, 117.75, 101.5, 133.25
2023-04-06, 15:25:31, 130.75, 51.0, 18.75, 26.0, 9999.0, 1.25, 1.25, 19.5, 9999.0, 9999.0, 9999.0, 119.0, 122.5, 117.75, 101.5, 133.25
2023-04-06, 15:25:35, 130.75, 51.25, 18.75, 25.75, 9999.0, 1.25, 1.25, 19.5, 9999.0, 9999.0, 9999.0, 119.0, 122.5, 117.75, 101.25, 133.25
2023-04-06, 15:25:39, 130.75, 51.25, 18.75, 26.0, 9999.0, 1.25, 1.25, 19.5, 9999.0, 9999.0, 9999.0, 117.5, 122.25, 117.75, 101.5, 133.25
2023-04-06, 15:25:43, 130.75, 51.0, 18.5, 25.75, 9999.0, 1.25, 1.5, 19.5, 9999.0, 9999.0, 9999.0, 118.75, 122.5, 117.75, 101.5, 133.25
2023-04-06, 15:25:47, 130.75, 51.0, 18.75, 25.5, 9999.0, 1.0, 1.25, 19.5, 9999.0, 9999.0, 9999.0, 118.75, 122.5, 117.75, 101.5, 133.25
2023-04-06, 15:25:51, 130.75, 51.25, 18.75, 25.75, 9999.0, 1.0, 1.25, 19.5, 9999.0, 9999.0, 9999.0, 118.75, 122.5, 117.75, 101.5, 133.25
2023-04-06, 15:25:55, 130.75, 51.25, 18.75, 25.75, 9999.0, 1.0, 1.25, 18.75, 9999.0, 9999.0, 9999.0, 118.75, 122.75, 117.75, 101.5, 133.25
2023-04-06, 15:25:59, 130.75, 51.25, 18.75, 25.75, 9999.0, 1.0, 1.25, 19.5, 9999.0, 9999.0, 9999.0, 118.75, 122.5, 117.75, 101.5, 133.25
2023-04-06, 15:26:03, 130.75, 51.0, 18.5, 25.75, 9999.0, 1.0, 1.25, 19.75, 9999.0, 9999.0, 9999.0, 118.75, 122.5, 117.75, 101.5, 133.5
2023-04-06, 15:26:07, 130.75, 51.0, 18.75, 25.5, 9999.0, 1.0, 1.25, 19.5, 9999.0, 9999.0, 9999.0, 118.5, 122.5, 117.75, 101.5, 133.25
2023-04-06, 15:26:11, 130.5, 51.0, 18.5, 25.75, 9999.0, -0.5, 0.75, 19.0, 9999.0, 9999.0, 9999.0, 118.5, 122.5, 117.75, 101.5, 133.25
2023-04-06, 15:26:15, 130.5, 51.25, 18.75, 25.75, 9999.0, 1.0, 1.25, 19.5, 9999.0, 9999.0, 9999.0, 118.5, 122.5, 117.75, 101.5, 133.5
2023-04-06, 15:26:19, 130.75, 51.0, 18.75, 25.75, 9999.0, 1.0, 1.25, 19.5, 9999.0, 9999.0, 9999.0, 118.5, 122.5, 118.0, 101.5, 133.25
2023-04-06, 15:26:23, 130.5, 51.25, 18.75, 25.75, 9999.0, 1.25, 1.25, 19.5, 9999.0, 9999.0, 9999.0, 118.5, 122.5, 118.0, 101.5, 133.25
2023-04-06, 15:26:27, 130.75, 51.0, 18.5, 25.5, 9999.0, 0.75, -0.5, 17.5, 9999.0, 9999.0, 9999.0, 118.5, 122.5, 118.0, 101.5, 133.25
2023-04-06, 15:26:31, 130.75, 51.25, 18.75, 26.0, 9999.0, 1.0, 1.25, 19.5, 9999.0, 9999.0, 9999.0, 118.25, 122.5, 118.0, 101.5, 133.25
2023-04-06, 15:26:35, 130.5, 51.25, 18.5, 26.0, 9999.0, 1.25, 1.25, 19.5, 9999.0, 9999.0, 9999.0, 118.25, 122.5, 117.75, 101.5, 133.25
2023-04-06, 15:26:39, 130.5, 51.0, 18.75, 26.0, 9999.0, 1.25, 1.25, 19.5, 9999.0, 9999.0, 9999.0, 118.25, 122.5, 117.75, 101.5, 133.25
2023-04-06, 15:26:43, 130.75, 51.25, 17.25, 25.25, 9999.0, -0.5, 1.25, 19.5, 9999.0, 9999.0, 9999.0, 119.0, 122.5, 117.75, 101.5, 133.25
2023-04-06, 15:26:47, 130.75, 51.25, 18.75, 25.5, 9999.0, 1.25, 1.25, 19.5, 9999.0, 9999.0, 9999.0, 119.0, 122.5, 118.0, 101.5, 133.25
2023-04-06, 15:26:51, 130.75, 51.25, 19.0, 25.75, 9999.0, 1.25, 1.25, 19.5, 9999.0, 9999.0, 9999.0, 119.0, 122.5, 117.75, 101.5, 133.25
2023-04-06, 15:26:55, 130.75, 51.0, 18.75, 25.75, 9999.0, 1.0, 1.25, 19.5, 9999.0, 9999.0, 9999.0, 119.0, 122.5, 117.75, 101.5, 133.25
2023-04-06, 15:26:59, 130.5, 50.25, 18.5, 24.25, 9999.0, 1.0, 1.25, 19.5, 9999.0, 9999.0, 9999.0, 118.75, 122.5, 118.0, 101.5, 133.25
2023-04-06, 15:27:03, 130.5, 51.0, 18.75, 25.75, 9999.0, 1.25, 1.25, 19.5, 9999.0, 9999.0, 9999.0, 118.75, 122.5, 117.75, 101.5, 133.25
2023-04-06, 15:27:07, 130.75, 51.0, 18.75, 25.75, 9999.0, 1.0, 1.25, 19.5, 9999.0, 9999.0, 9999.0, 118.75, 122.5, 117.75, 101.5, 133.25
2023-04-06, 15:27:11, 130.75, 51.25, 18.75, 25.75, 9999.0, 1.0, 1.25, 19.5, 9999.0, 9999.0, 9999.0, 118.75, 122.5, 117.75, 101.5, 131.5
2023-04-06, 15:27:15, 130.25, 50.25, 16.5, 25.5, 9999.0, 1.0, 1.25, 19.5, 9999.0, 9999.0, 9999.0, 118.75, 122.75, 118.0, 101.5, 133.25
2023-04-06, 15:27:19, 130.75, 51.0, 18.75, 25.75, 9999.0, 1.0, 1.25, 19.5, 9999.0, 9999.0, 9999.0, 118.75, 122.5, 117.75, 101.5, 133.25
2023-04-06, 15:27:23, 130.5, 51.25, 18.75, 25.75, 9999.0, 1.0, 1.25, 19.5, 9999.0, 9999.0, 9999.0, 118.75, 122.5, 117.75, 101.5, 133.5
2023-04-06, 15:27:27, 130.75, 51.25, 18.5, 25.75, 9999.0, 1.0, 1.25, 19.5, 9999.0, 9999.0, 9999.0, 118.75, 122.5, 117.75, 100.75, 133.0
2023-04-06, 15:27:31, 129.0, 49.0, 18.75, 25.75, 9999.0, 1.0, 1.25, 19.5, 9999.0, 9999.0, 9999.0, 118.5, 122.5, 117.75, 101.5, 133.25
2023-04-06, 15:27:35, 130.75, 51.25, 18.75, 25.75, 9999.0, 1.0, 1.25, 19.5, 9999.0, 9999.0, 9999.0, 118.5, 122.75, 117.75, 101.5, 133.5
2023-04-06, 15:27:39, 130.75, 51.25, 18.75, 25.75, 9999.0, 1.0, 1.25, 19.75, 9999.0, 9999.0, 9999.0, 118.5, 122.5, 117.75, 101.25, 133.25
2023-04-06, 15:27:43, 130.75, 51.0, 18.5, 25.75, 9999.0, 1.0, 1.25, 19.5, 9999.0, 9999.0, 9999.0, 118.5, 120.75, 117.5, 100.5, 131.25
2023-04-06, 15:27:47, 130.75, 51.0, 18.75, 25.75, 9999.0, 1.0, 1.25, 19.5, 9999.0, 9999.0, 9999.0, 118.5, 122.5, 117.75, 101.5, 133.25
2023-04-06, 15:27:51, 130.5, 51.0, 18.75, 25.5, 9999.0, 1.25, 1.25, 19.5, 9999.0, 9999.0, 9999.0, 118.5, 122.5, 117.75, 101.5, 133.25
2023-04-06, 15:27:55, 130.75, 51.25, 18.75, 25.5, 9999.0, 1.25, 1.25, 19.5, 9999.0, 9999.0, 9999.0, 118.25, 122.5, 118.0, 101.5, 133.25
2023-04-06, 15:27:59, 130.5, 51.25, 18.75, 25.75, 9999.0, 1.25, 1.25, 19.5, 9999.0, 9999.0, 9999.0, 118.25, 122.25, 116.25, 100.75, 133.25
2023-04-06, 15:28:03, 130.75, 51.25, 18.75, 26.0, 9999.0, 1.25, 1.25, 19.5, 9999.0, 9999.0, 9999.0, 119.0, 122.5, 117.75, 101.25, 133.25
2023-04-06, 15:28:07, 130.75, 51.0, 18.75, 25.5, 9999.0, 1.25, 1.25, 19.5, 9999.0, 9999.0, 9999.0, 119.0, 122.5, 118.0, 101.5, 133.25
2023-04-06, 15:28:11, 130.75, 51.0, 18.75, 25.5, 9999.0, 1.25, 1.25, 19.5, 9999.0, 9999.0, 9999.0, 119.0, 122.5, 117.75, 101.25, 133.25
2023-04-06, 15:28:15, 130.75, 51.0, 18.75, 25.5, 9999.0, 1.0, 1.25, 19.5, 9999.0, 9999.0, 9999.0, 117.75, 119.0, 117.75, 101.5, 133.25
2023-04-06, 15:28:19, 130.5, 51.25, 19.0, 25.5, 9999.0, 1.0, 1.25, 19.5, 9999.0, 9999.0, 9999.0, 118.75, 122.5, 117.75, 101.5, 133.25
2023-04-06, 15:28:23, 130.75, 51.0, 18.75, 25.75, 9999.0, 1.0, 1.5, 19.5, 9999.0, 9999.0, 9999.0, 118.75, 122.5, 117.75, 101.5, 133.25
2023-04-06, 15:28:27, 130.75, 51.0, 18.75, 25.75, 9999.0, 1.0, 1.25, 19.5, 9999.0, 9999.0, 9999.0, 118.75, 122.25, 117.75, 101.5, 133.25
2023-04-06, 15:28:31, 130.75, 51.25, 18.5, 25.75, 9999.0, 1.0, 1.25, 19.25, 9999.0, 9999.0, 9999.0, 117.5, 122.5, 117.75, 101.5, 133.25
2023-04-06, 15:28:35, 130.75, 51.0, 18.75, 25.75, 9999.0, 1.0, 1.25, 19.5, 9999.0, 9999.0, 9999.0, 118.75, 122.75, 118.0, 101.5, 133.25
2023-04-06, 15:28:39, 130.75, 51.25, 18.75, 25.75, 9999.0, 1.0, 1.25, 19.5, 9999.0, 9999.0, 9999.0, 118.75, 122.75, 117.75, 101.5, 133.25
2023-04-06, 15:28:43, 130.75, 51.25, 18.75, 25.75, 9999.0, 1.0, 1.25, 19.5, 9999.0, 9999.0, 9999.0, 118.5, 122.5, 117.75, 101.5, 133.25
2023-04-06, 15:28:47, 130.75, 51.0, 18.75, 25.75, 9999.0, 1.0, 0.0, 19.25, 9999.0, 9999.0, 9999.0, 118.75, 122.5, 117.75, 101.5, 133.25
2023-04-06, 15:28:51, 130.75, 51.25, 18.75, 26.0, 9999.0, 1.0, 1.25, 19.5, 9999.0, 9999.0, 9999.0, 118.5, 122.5, 117.75, 101.5, 133.25
2023-04-06, 15:28:55, 130.75, 51.25, 19.0, 26.0, 9999.0, 1.0, 1.25, 19.5, 9999.0, 9999.0, 9999.0, 118.5, 122.5, 117.75, 101.5, 133.25
2023-04-06, 15:28:59, 130.75, 51.25, 18.75, 26.0, 9999.0, 1.0, 1.25, 19.5, 9999.0, 9999.0, 9999.0, 118.5, 122.5, 118.0, 101.5, 133.25
2023-04-06, 15:29:04, 130.5, 51.25, 18.5, 26.0, 9999.0, 0.25, 0.75, 18.0, 9999.0, 9999.0, 9999.0, 118.5, 122.5, 118.0, 101.5, 133.5
2023-04-06, 15:29:08, 130.75, 51.0, 18.5, 25.75, 9999.0, 1.25, 1.25, 19.5, 9999.0, 9999.0, 9999.0, 118.5, 122.5, 117.75, 101.5, 133.25
2023-04-06, 15:29:12, 130.75, 51.25, 18.75, 26.0, 9999.0, 1.25, 1.25, 19.5, 9999.0, 9999.0, 9999.0, 118.5, 122.5, 117.75, 101.5, 133.25
2023-04-06, 15:29:16, 130.75, 51.0, 18.75, 25.75, 9999.0, 1.25, 1.25, 19.5, 9999.0, 9999.0, 9999.0, 118.25, 122.5, 117.75, 101.5, 133.25
2023-04-06, 15:29:20, 130.75, 51.0, 18.75, 24.75, 9999.0, 0.25, -2.75, 19.5, 9999.0, 9999.0, 9999.0, 119.0, 122.5, 117.75, 101.5, 133.25
2023-04-06, 15:29:24, 130.75, 51.25, 18.75, 25.75, 9999.0, 1.25, 1.25, 19.5, 9999.0, 9999.0, 9999.0, 119.0, 122.5, 118.0, 101.5, 133.25
2023-04-06, 15:29:28, 130.75, 51.0, 18.75, 25.75, 9999.0, 1.25, 1.25, 19.75, 9999.0, 9999.0, 9999.0, 119.0, 122.5, 117.75, 101.5, 133.25
2023-04-06, 15:29:32, 130.75, 51.25, 18.75, 25.75, 9999.0, 1.25, 1.25, 19.5, 9999.0, 9999.0, 9999.0, 119.0, 122.5, 117.75, 101.5, 133.5
2023-04-06, 15:29:36, 130.75, 50.75, 18.0, 25.5, 9999.0, 0.25, 1.25, 19.75, 9999.0, 9999.0, 9999.0, 118.75, 122.5, 118.0, 101.5, 133.25
2023-04-06, 15:29:40, 130.75, 51.25, 18.75, 26.0, 9999.0, 1.0, 1.5, 19.5, 9999.0, 9999.0, 9999.0, 118.75, 122.5, 117.75, 101.5, 133.25
2023-04-06, 15:29:44, 130.75, 51.25, 18.75, 26.0, 9999.0, 1.25, 1.25, 19.5, 9999.0, 9999.0, 9999.0, 118.75, 122.5, 117.75, 101.5, 133.5
2023-04-06, 15:29:48, 130.75, 51.25, 18.75, 25.75, 9999.0, 1.0, 1.25, 19.5, 9999.0, 9999.0, 9999.0, 118.75, 122.75, 118.0, 101.5, 133.25
2023-04-06, 15:29:52, 129.5, 50.75, 18.0, 23.25, 9999.0, 1.25, 1.25, 19.5, 9999.0, 9999.0, 9999.0, 118.75, 122.75, 117.75, 101.5, 133.25
2023-04-06, 15:29:56, 130.75, 51.25, 18.75, 25.75, 9999.0, 1.0, 1.5, 19.5, 9999.0, 9999.0, 9999.0, 118.75, 122.75, 118.0, 101.75, 133.5
2023-04-06, 15:30:00, 130.75, 51.25, 18.75, 26.0, 9999.0, 1.0, 1.25, 19.5, 9999.0, 9999.0, 9999.0, 118.75, 122.75, 118.0, 101.5, 133.25
2023-04-06, 15:30:04, 130.75, 51.25, 18.75, 25.75, 9999.0, 1.0, 1.25, 19.5, 9999.0, 9999.0, 9999.0, 118.75, 122.75, 117.75, 101.5, 132.25
2023-04-06, 15:30:08, 130.5, 49.5, 18.25, 25.75, 9999.0, 1.0, 1.5, 19.5, 9999.0, 9999.0, 9999.0, 118.75, 122.75, 117.75, 101.5, 133.25
2023-04-06, 15:30:12, 130.75, 51.25, 19.0, 25.75, 9999.0, 1.0, 1.25, 19.5, 9999.0, 9999.0, 9999.0, 118.75, 122.75, 117.75, 101.5, 133.5
2023-04-06, 15:30:16, 130.75, 51.25, 18.75, 25.5, 9999.0, 1.0, 1.25, 19.5, 9999.0, 9999.0, 9999.0, 118.5, 122.5, 117.75, 101.5, 133.5
2023-04-06, 15:30:20, 130.75, 51.25, 18.5, 25.5, 9999.0, 1.0, 1.25, 19.75, 9999.0, 9999.0, 9999.0, 118.5, 122.5, 116.5, 101.25, 132.25
2023-04-06, 15:30:26, 126.75, 51.0, 18.75, 25.75, 9999.0, 1.25, 1.25, 19.5, 9999.0, 9999.0, 9999.0, 118.5, 122.5, 118.0, 101.5, 133.5
2023-04-06, 15:30:29, 130.75, 51.25, 18.75, 26.0, 9999.0, 1.25, 1.25, 19.5, 9999.0, 9999.0, 9999.0, 118.5, 122.5, 118.0, 101.5, 133.5
2023-04-06, 15:30:32, 130.75, 51.25, 18.75, 26.0, 9999.0, 1.25, 1.25, 19.75, 9999.0, 9999.0, 9999.0, 118.5, 122.5, 118.0, 101.5, 133.5
2023-04-06, 15:30:36, 130.75, 51.0, 18.75, 26.0, 9999.0, 1.25, 1.5, 19.5, 9999.0, 9999.0, 9999.0, 117.25, 121.5, 117.75, 100.5, 132.25
2023-04-06, 15:30:40, 130.75, 51.25, 19.0, 26.0, 9999.0, 1.25, 1.5, 19.75, 9999.0, 9999.0, 9999.0, 119.0, 122.5, 117.75, 101.5, 133.25
2023-04-06, 15:30:44, 130.75, 51.25, 18.75, 25.75, 9999.0, 1.25, 1.5, 19.75, 9999.0, 9999.0, 9999.0, 119.0, 122.5, 118.0, 101.5, 133.5
2023-04-06, 15:30:48, 130.75, 51.25, 18.75, 25.75, 9999.0, 1.25, 1.5, 19.75, 9999.0, 9999.0, 9999.0, 119.0, 122.5, 117.75, 101.5, 133.25
2023-04-06, 15:30:52, 130.75, 51.25, 18.75, 25.75, 9999.0, 1.25, 1.5, 19.75, 9999.0, 9999.0, 9999.0, 118.75, 121.75, 114.25, 101.5, 133.5
2023-04-06, 15:30:56, 130.75, 51.25, 18.75, 26.0, 9999.0, 1.25, 1.5, 19.75, 9999.0, 9999.0, 9999.0, 119.0, 122.5, 118.0, 101.75, 133.25
2023-04-06, 15:31:00, 130.75, 51.25, 18.75, 26.0, 9999.0, 1.25, 1.5, 19.75, 9999.0, 9999.0, 9999.0, 119.0, 122.5, 117.75, 101.75, 133.25
2023-04-06, 15:31:04, 130.75, 51.25, 18.75, 26.0, 9999.0, 1.25, 1.5, 19.75, 9999.0, 9999.0, 9999.0, 118.75, 122.5, 117.75, 101.5, 133.25
2023-04-06, 15:31:08, 130.75, 51.25, 18.75, 26.0, 9999.0, 1.0, 1.5, 19.75, 9999.0, 9999.0, 9999.0, 117.25, 121.5, 117.75, 101.5, 133.5
2023-04-06, 15:31:12, 130.75, 51.25, 18.75, 26.0, 9999.0, 1.25, 1.5, 19.75, 9999.0, 9999.0, 9999.0, 118.75, 122.75, 117.75, 101.75, 133.5
2023-04-06, 15:31:16, 130.75, 51.25, 18.75, 26.0, 9999.0, 1.25, 1.25, 19.75, 9999.0, 9999.0, 9999.0, 118.75, 122.75, 117.75, 101.5, 133.25
2023-04-06, 15:31:20, 130.75, 51.25, 18.75, 26.0, 9999.0, 1.25, 1.25, 19.75, 9999.0, 9999.0, 9999.0, 118.75, 122.75, 117.75, 101.5, 133.5
2023-04-06, 15:31:24, 130.75, 51.25, 18.75, 26.0, 9999.0, 1.0, 1.25, 18.5, 9999.0, 9999.0, 9999.0, 118.75, 122.75, 118.0, 101.5, 133.5
2023-04-06, 15:31:28, 130.75, 51.25, 18.75, 26.0, 9999.0, 1.0, 1.25, 19.5, 9999.0, 9999.0, 9999.0, 118.75, 122.75, 118.0, 101.5, 133.25
2023-04-06, 15:31:32, 130.75, 51.25, 18.75, 26.0, 9999.0, 1.0, 1.25, 19.5, 9999.0, 9999.0, 9999.0, 118.75, 122.75, 118.0, 101.5, 133.5
2023-04-06, 15:31:36, 130.75, 51.25, 19.0, 26.0, 9999.0, 1.0, 1.25, 19.5, 9999.0, 9999.0, 9999.0, 118.5, 122.75, 117.75, 101.5, 133.5
2023-04-06, 15:31:40, 130.75, 51.25, 18.75, 26.0, 9999.0, -0.75, 0.75, 19.25, 9999.0, 9999.0, 9999.0, 118.5, 122.75, 118.0, 101.5, 133.5
2023-04-06, 15:31:44, 130.75, 51.25, 19.0, 26.0, 9999.0, 1.25, 1.5, 19.5, 9999.0, 9999.0, 9999.0, 118.5, 122.75, 118.0, 101.5, 133.5
2023-04-06, 15:31:48, 130.75, 51.25, 18.75, 25.75, 9999.0, 1.25, 1.25, 19.5, 9999.0, 9999.0, 9999.0, 118.5, 122.75, 118.0, 101.5, 133.5
2023-04-06, 15:31:52, 130.75, 51.25, 19.0, 25.75, 9999.0, 1.25, 1.25, 19.5, 9999.0, 9999.0, 9999.0, 118.5, 122.5, 118.0, 101.5, 133.5
2023-04-06, 15:31:56, 130.75, 51.25, 18.75, 26.0, 9999.0, 1.25, 0.0, 16.25, 9999.0, 9999.0, 9999.0, 118.5, 122.5, 117.75, 101.5, 133.5
2023-04-06, 15:32:00, 130.75, 51.25, 19.0, 26.0, 9999.0, 1.5, 1.5, 19.75, 9999.0, 9999.0, 9999.0, 119.0, 122.5, 118.0, 101.5, 133.5
2023-04-06, 15:32:04, 130.75, 51.25, 19.0, 25.75, 9999.0, 1.25, 1.5, 19.5, 9999.0, 9999.0, 9999.0, 119.0, 122.5, 118.0, 101.5, 133.5
2023-04-06, 15:32:08, 130.75, 51.25, 19.0, 25.75, 9999.0, 1.25, 1.25, 19.5, 9999.0, 9999.0, 9999.0, 119.0, 122.5, 118.0, 101.5, 133.25
2023-04-06, 15:32:12, 130.75, 51.25, 17.75, 24.75, 9999.0, 0.0, 0.75, 19.75, 9999.0, 9999.0, 9999.0, 119.0, 122.5, 118.0, 101.5, 133.25
2023-04-06, 15:32:16, 130.75, 51.25, 19.0, 26.0, 9999.0, 1.25, 1.25, 19.75, 9999.0, 9999.0, 9999.0, 119.0, 122.5, 118.0, 101.75, 133.5
2023-04-06, 15:32:20, 130.75, 51.25, 19.0, 26.0, 9999.0, 1.25, 1.5, 19.5, 9999.0, 9999.0, 9999.0, 118.75, 122.5, 117.75, 101.5, 133.5
2023-04-06, 15:32:24, 130.75, 51.25, 18.75, 26.0, 9999.0, 1.0, 1.5, 19.5, 9999.0, 9999.0, 9999.0, 118.75, 122.5, 117.75, 101.5, 133.25
2023-04-06, 15:32:28, 130.75, 50.25, 18.5, 25.0, 9999.0, 1.25, 1.5, 19.5, 9999.0, 9999.0, 9999.0, 118.75, 122.5, 117.75, 101.5, 133.5
2023-04-06, 15:32:32, 130.75, 51.25, 18.75, 26.0, 9999.0, 1.25, 1.5, 19.75, 9999.0, 9999.0, 9999.0, 118.75, 122.75, 117.75, 101.5, 133.5
2023-04-06, 15:32:36, 130.75, 51.25, 18.75, 26.0, 9999.0, 1.25, 1.5, 19.5, 9999.0, 9999.0, 9999.0, 118.75, 122.75, 117.75, 101.5, 133.25
2023-04-06, 15:32:40, 130.75, 51.25, 18.75, 26.0, 9999.0, 1.0, 1.25, 19.5, 9999.0, 9999.0, 9999.0, 118.75, 122.75, 117.75, 101.5, 132.75
2023-04-06, 15:32:44, 130.25, 50.5, 17.0, 25.25, 9999.0, 1.0, 1.25, 19.5, 9999.0, 9999.0, 9999.0, 118.75, 122.75, 118.0, 101.5, 133.5
2023-04-06, 15:32:48, 130.75, 51.25, 19.0, 25.75, 9999.0, 1.0, 1.5, 19.75, 9999.0, 9999.0, 9999.0, 118.75, 122.75, 118.0, 101.5, 133.5
2023-04-06, 15:32:52, 130.75, 51.25, 19.0, 25.75, 9999.0, 1.0, 1.25, 19.5, 9999.0, 9999.0, 9999.0, 118.5, 122.75, 117.75, 101.5, 133.5
2023-04-06, 15:32:56, 130.75, 51.25, 18.75, 25.5, 9999.0, 1.0, 1.25, 19.5, 9999.0, 9999.0, 9999.0, 118.5, 122.75, 117.75, 100.75, 133.0
2023-04-06, 15:33:00, 129.25, 47.0, 18.75, 25.5, 9999.0, 1.0, 1.25, 19.5, 9999.0, 9999.0, 9999.0, 118.5, 122.75, 118.0, 101.5, 133.5
2023-04-06, 15:33:04, 130.75, 51.25, 18.75, 25.75, 9999.0, 1.25, 1.25, 19.75, 9999.0, 9999.0, 9999.0, 118.5, 122.75, 118.0, 101.5, 133.5
2023-04-06, 15:33:08, 130.75, 51.25, 18.75, 26.0, 9999.0, 1.25, 1.25, 19.5, 9999.0, 9999.0, 9999.0, 118.5, 122.75, 118.0, 101.5, 133.25
2023-04-06, 15:33:12, 130.75, 51.0, 18.75, 26.0, 9999.0, 1.25, 1.5, 19.5, 9999.0, 9999.0, 9999.0, 118.5, 121.25, 117.25, 100.75, 132.0
2023-04-06, 15:33:16, 130.0, 51.25, 18.75, 26.0, 9999.0, 1.5, 1.5, 19.75, 9999.0, 9999.0, 9999.0, 118.5, 122.75, 118.0, 101.5, 133.5
2023-04-06, 15:33:20, 130.75, 51.25, 18.75, 26.0, 9999.0, 1.25, 1.5, 19.75, 9999.0, 9999.0, 9999.0, 119.25, 122.5, 118.0, 101.5, 133.25
2023-04-06, 15:33:24, 130.75, 51.25, 18.75, 26.0, 9999.0, 1.25, 1.5, 19.5, 9999.0, 9999.0, 9999.0, 119.0, 122.75, 118.0, 101.5, 133.25
2023-04-06, 15:33:29, 130.75, 51.25, 18.75, 26.0, 9999.0, 1.25, 1.25, 19.5, 9999.0, 9999.0, 9999.0, 118.0, 122.25, 117.0, 98.25, 133.5
2023-04-06, 15:33:33, 130.75, 51.25, 18.75, 25.75, 9999.0, 1.25, 1.5, 19.75, 9999.0, 9999.0, 9999.0, 119.0, 122.5, 118.0, 101.5, 133.5
2023-04-06, 15:33:37, 130.75, 51.25, 18.75, 26.0, 9999.0, 1.25, 1.5, 19.5, 9999.0, 9999.0, 9999.0, 118.75, 122.5, 118.0, 101.5, 133.5
2023-04-06, 15:33:41, 130.75, 51.25, 18.75, 26.0, 9999.0, 1.25, 1.5, 19.5, 9999.0, 9999.0, 9999.0, 118.75, 122.5, 118.0, 101.25, 133.25
2023-04-06, 15:33:45, 130.75, 51.25, 19.0, 25.75, 9999.0, 1.25, 1.5, 19.75, 9999.0, 9999.0, 9999.0, 118.25, 121.0, 117.5, 101.5, 133.5
2023-04-06, 15:33:49, 130.75, 51.25, 18.75, 26.0, 9999.0, 1.25, 1.5, 19.75, 9999.0, 9999.0, 9999.0, 118.75, 122.75, 118.0, 101.5, 133.5
2023-04-06, 15:33:53, 130.75, 51.25, 18.75, 26.0, 9999.0, 1.0, 1.5, 19.5, 9999.0, 9999.0, 9999.0, 118.75, 122.75, 118.0, 101.5, 133.5
2023-04-06, 15:33:57, 130.75, 51.25, 19.0, 26.0, 9999.0, 1.0, 1.5, 19.5, 9999.0, 9999.0, 9999.0, 118.75, 122.75, 117.75, 101.5, 133.5
2023-04-06, 15:34:01, 130.75, 51.25, 18.75, 25.75, 9999.0, 1.0, 1.25, 19.5, 9999.0, 9999.0, 9999.0, 115.5, 122.75, 118.0, 101.5, 133.5
2023-04-06, 15:34:05, 130.75, 51.25, 18.75, 25.5, 9999.0, 1.0, 1.5, 19.75, 9999.0, 9999.0, 9999.0, 118.75, 122.75, 118.0, 101.5, 133.5
2023-04-06, 15:34:09, 130.75, 51.25, 18.75, 25.5, 9999.0, 1.0, 1.25, 19.75, 9999.0, 9999.0, 9999.0, 118.75, 122.75, 118.0, 101.5, 133.5
2023-04-06, 15:34:13, 130.75, 51.25, 18.75, 25.75, 9999.0, 1.0, 1.25, 19.5, 9999.0, 9999.0, 9999.0, 118.5, 122.75, 117.75, 101.5, 133.5
2023-04-06, 15:34:17, 130.75, 51.25, 18.75, 25.75, 9999.0, 1.0, -0.25, 19.0, 9999.0, 9999.0, 9999.0, 118.75, 122.75, 118.0, 101.5, 133.25
2023-04-06, 15:34:21, 130.75, 51.25, 19.0, 26.0, 9999.0, 1.0, 1.25, 19.5, 9999.0, 9999.0, 9999.0, 118.5, 122.75, 118.0, 101.5, 133.5
2023-04-06, 15:34:25, 130.75, 51.25, 18.75, 25.75, 9999.0, 1.25, 1.25, 19.5, 9999.0, 9999.0, 9999.0, 118.5, 122.75, 118.0, 101.5, 133.5
2023-04-06, 15:34:29, 130.75, 51.25, 19.0, 25.75, 9999.0, 1.25, 1.25, 19.5, 9999.0, 9999.0, 9999.0, 118.5, 122.75, 118.0, 101.5, 133.5
2023-04-06, 15:34:33, 130.75, 51.25, 18.75, 26.0, 9999.0, 0.25, 1.25, 18.75, 9999.0, 9999.0, 9999.0, 118.5, 122.75, 118.0, 101.5, 133.5
2023-04-06, 15:34:37, 130.75, 51.25, 18.75, 26.0, 9999.0, 1.5, 1.25, 19.5, 9999.0, 9999.0, 9999.0, 118.5, 122.5, 118.0, 101.5, 133.5
2023-04-06, 15:34:41, 130.75, 51.25, 18.75, 26.0, 9999.0, 1.25, 1.25, 19.75, 9999.0, 9999.0, 9999.0, 119.25, 122.75, 118.0, 101.5, 133.5
2023-04-06, 15:34:45, 130.75, 51.25, 18.75, 26.0, 9999.0, 1.25, 1.5, 19.5, 9999.0, 9999.0, 9999.0, 119.25, 122.75, 117.75, 101.5, 133.5
2023-04-06, 15:34:49, 130.75, 51.25, 18.75, 25.25, 9999.0, 0.5, -0.5, 19.5, 9999.0, 9999.0, 9999.0, 119.0, 122.75, 118.0, 101.5, 133.5
2023-04-06, 15:34:53, 130.75, 51.25, 18.75, 26.0, 9999.0, 1.25, 1.5, 19.75, 9999.0, 9999.0, 9999.0, 119.0, 122.5, 118.0, 101.5, 133.25
2023-04-06, 15:34:57, 130.75, 51.25, 19.0, 26.0, 9999.0, 1.25, 1.25, 19.5, 9999.0, 9999.0, 9999.0, 119.0, 122.5, 117.75, 101.5, 133.5
2023-04-06, 15:35:01, 130.75, 51.25, 18.75, 26.0, 9999.0, 1.25, 1.25, 19.5, 9999.0, 9999.0, 9999.0, 119.0, 122.75, 118.0, 101.5, 133.5
2023-04-06, 15:35:05, 130.75, 51.0, 18.0, 25.75, 9999.0, -1.25, 1.5, 19.5, 9999.0, 9999.0, 9999.0, 118.75, 122.75, 118.0, 101.5, 133.5
2023-04-06, 15:35:09, 130.75, 51.25, 18.75, 25.75, 9999.0, 1.0, 1.5, 19.5, 9999.0, 9999.0, 9999.0, 118.75, 122.75, 117.75, 101.5, 133.5
2023-04-06, 15:35:13, 130.75, 51.25, 18.75, 25.75, 9999.0, 1.25, 1.5, 19.5, 9999.0, 9999.0, 9999.0, 118.75, 122.75, 117.75, 101.5, 133.5
2023-04-06, 15:35:17, 130.75, 51.25, 18.5, 26.0, 9999.0, 1.0, 1.25, 19.5, 9999.0, 9999.0, 9999.0, 118.75, 122.75, 118.0, 101.5, 133.5
2023-04-06, 15:35:21, 129.25, 50.5, 17.75, 24.0, 9999.0, 1.0, 1.5, 19.75, 9999.0, 9999.0, 9999.0, 118.75, 122.75, 117.75, 101.5, 133.5
2023-04-06, 15:35:25, 130.75, 51.25, 18.75, 26.0, 9999.0, 1.0, 1.25, 19.5, 9999.0, 9999.0, 9999.0, 118.75, 122.75, 117.75, 101.5, 133.5
2023-04-06, 15:35:29, 130.75, 51.25, 18.75, 26.0, 9999.0, 1.0, 1.25, 19.5, 9999.0, 9999.0, 9999.0, 118.75, 122.75, 118.0, 101.5, 133.5
2023-04-06, 15:35:33, 130.75, 51.25, 18.75, 25.5, 9999.0, 1.0, 1.25, 19.5, 9999.0, 9999.0, 9999.0, 118.75, 122.75, 118.0, 101.5, 132.25
2023-04-06, 15:35:37, 130.5, 49.75, 14.5, 25.75, 9999.0, 1.0, 1.25, 19.5, 9999.0, 9999.0, 9999.0, 118.5, 122.75, 118.0, 101.5, 133.5
2023-04-06, 15:35:41, 130.75, 51.25, 18.75, 25.75, 9999.0, 1.0, 1.25, 19.5, 9999.0, 9999.0, 9999.0, 118.5, 122.75, 118.0, 101.5, 133.5
2023-04-06, 15:35:45, 130.75, 51.25, 18.75, 26.0, 9999.0, 1.25, 1.25, 19.5, 9999.0, 9999.0, 9999.0, 118.5, 122.75, 118.0, 101.5, 133.25
2023-04-06, 15:35:49, 130.75, 51.25, 18.5, 26.0, 9999.0, 1.0, 1.25, 19.75, 9999.0, 9999.0, 9999.0, 118.5, 122.75, 117.0, 101.0, 132.25
2023-04-06, 15:35:53, 128.5, 51.0, 18.75, 25.75, 9999.0, 1.25, 1.25, 19.5, 9999.0, 9999.0, 9999.0, 118.5, 122.75, 117.75, 101.5, 133.5
2023-04-06, 15:35:57, 130.75, 51.25, 18.75, 25.75, 9999.0, 1.25, 1.25, 19.5, 9999.0, 9999.0, 9999.0, 118.5, 122.75, 118.0, 101.5, 133.5
2023-04-06, 15:36:01, 130.75, 51.25, 18.75, 25.75, 9999.0, 1.25, 1.5, 19.5, 9999.0, 9999.0, 9999.0, 119.0, 122.75, 118.0, 101.5, 133.5
2023-04-06, 15:36:05, 130.5, 51.0, 18.75, 25.75, 9999.0, 1.25, 1.25, 19.5, 9999.0, 9999.0, 9999.0, 119.0, 121.75, 117.75, 100.0, 130.75
2023-04-06, 15:36:09, 130.75, 51.25, 18.75, 25.5, 9999.0, 1.25, 1.25, 19.5, 9999.0, 9999.0, 9999.0, 119.0, 122.75, 117.75, 101.5, 133.5
2023-04-06, 15:36:13, 130.75, 51.0, 18.75, 25.5, 9999.0, 1.25, 1.25, 19.5, 9999.0, 9999.0, 9999.0, 119.0, 122.75, 118.0, 101.5, 133.5
2023-04-06, 15:36:17, 130.5, 51.25, 18.5, 25.75, 9999.0, 1.25, 1.25, 19.5, 9999.0, 9999.0, 9999.0, 119.0, 122.5, 117.75, 101.5, 133.25
2023-04-06, 15:36:21, 130.5, 51.0, 18.75, 25.75, 9999.0, 1.0, 1.25, 19.5, 9999.0, 9999.0, 9999.0, 118.25, 121.5, 116.25, 101.25, 133.25
2023-04-06, 15:36:25, 130.75, 51.25, 18.75, 25.5, 9999.0, 1.0, 1.25, 19.5, 9999.0, 9999.0, 9999.0, 118.75, 122.5, 118.0, 101.5, 133.5
2023-04-06, 15:36:29, 130.75, 51.25, 18.75, 25.75, 9999.0, 1.0, 1.25, 19.5, 9999.0, 9999.0, 9999.0, 118.75, 122.5, 118.0, 101.5, 133.5
2023-04-06, 15:36:33, 130.75, 51.25, 18.75, 25.75, 9999.0, 1.0, 1.5, 19.5, 9999.0, 9999.0, 9999.0, 118.75, 122.75, 117.75, 101.5, 133.25
2023-04-06, 15:36:37, 130.75, 51.25, 18.75, 25.75, 9999.0, 1.0, 1.25, 19.5, 9999.0, 9999.0, 9999.0, 117.25, 119.0, 117.75, 101.5, 133.5
2023-04-06, 15:36:41, 130.75, 51.25, 18.75, 25.75, 9999.0, 1.0, 1.25, 19.5, 9999.0, 9999.0, 9999.0, 118.75, 122.75, 117.75, 101.5, 133.5
2023-04-06, 15:36:45, 130.75, 51.0, 18.75, 25.75, 9999.0, 1.0, 1.25, 19.5, 9999.0, 9999.0, 9999.0, 118.75, 122.75, 118.0, 101.5, 133.5
2023-04-06, 15:36:49, 130.75, 51.25, 18.75, 25.75, 9999.0, 1.0, 1.25, 19.5, 9999.0, 9999.0, 9999.0, 118.75, 122.5, 117.75, 101.5, 133.25
2023-04-06, 15:36:53, 130.75, 51.25, 18.75, 25.75, 9999.0, 1.0, 1.25, 18.5, 9999.0, 9999.0, 9999.0, 118.5, 122.75, 118.0, 101.5, 133.5
2023-04-06, 15:36:57, 130.75, 51.25, 18.75, 25.75, 9999.0, 1.0, 1.25, 19.5, 9999.0, 9999.0, 9999.0, 118.5, 122.75, 117.75, 101.5, 133.5
2023-04-06, 15:37:01, 130.75, 51.25, 18.75, 25.75, 9999.0, 1.0, 1.25, 19.5, 9999.0, 9999.0, 9999.0, 118.5, 122.75, 118.0, 101.5, 133.5
2023-04-06, 15:37:05, 130.75, 51.25, 18.75, 25.75, 9999.0, 1.25, 1.25, 19.5, 9999.0, 9999.0, 9999.0, 118.25, 122.75, 118.0, 101.5, 133.25
2023-04-06, 15:37:09, 130.75, 51.0, 18.75, 25.75, 9999.0, 1.25, 0.5, 19.5, 9999.0, 9999.0, 9999.0, 118.5, 122.75, 117.75, 101.5, 133.25
2023-04-06, 15:37:13, 130.75, 51.25, 18.75, 25.75, 9999.0, 1.25, 1.25, 19.5, 9999.0, 9999.0, 9999.0, 118.5, 122.5, 118.0, 101.5, 133.5
2023-04-06, 15:37:17, 130.75, 51.25, 18.75, 25.75, 9999.0, 1.25, 1.25, 19.5, 9999.0, 9999.0, 9999.0, 118.5, 122.5, 117.75, 101.5, 133.5
2023-04-06, 15:37:21, 130.75, 51.25, 18.75, 25.75, 9999.0, 1.25, 1.25, 19.5, 9999.0, 9999.0, 9999.0, 119.25, 122.75, 117.75, 101.5, 133.25
2023-04-06, 15:37:25, 130.75, 51.25, 18.75, 25.75, 9999.0, 0.75, 0.25, 18.25, 9999.0, 9999.0, 9999.0, 119.0, 122.5, 117.75, 101.5, 133.25
2023-04-06, 15:37:29, 130.75, 51.25, 18.75, 25.75, 9999.0, 1.25, 1.25, 19.75, 9999.0, 9999.0, 9999.0, 119.0, 122.5, 117.75, 101.5, 133.25
2023-04-06, 15:37:33, 130.75, 51.25, 18.75, 25.75, 9999.0, 1.25, 1.25, 19.75, 9999.0, 9999.0, 9999.0, 119.0, 122.5, 118.0, 101.5, 133.5
2023-04-06, 15:37:37, 130.75, 51.0, 18.75, 25.75, 9999.0, 1.25, 1.25, 19.5, 9999.0, 9999.0, 9999.0, 118.75, 122.5, 117.75, 101.5, 133.25
2023-04-06, 15:37:41, 130.75, 51.0, 18.75, 24.75, 9999.0, -0.75, -1.25, 19.5, 9999.0, 9999.0, 9999.0, 118.75, 122.5, 117.75, 101.5, 133.5
2023-04-06, 15:37:45, 130.75, 51.0, 18.75, 25.75, 9999.0, 1.0, 1.25, 19.5, 9999.0, 9999.0, 9999.0, 118.75, 122.5, 117.75, 101.5, 133.25
2023-04-06, 15:37:49, 130.75, 51.0, 18.75, 25.75, 9999.0, 1.0, 1.25, 19.5, 9999.0, 9999.0, 9999.0, 118.75, 122.5, 117.75, 101.5, 133.25
2023-04-06, 15:37:53, 130.75, 51.25, 18.75, 25.75, 9999.0, 1.0, 1.25, 19.5, 9999.0, 9999.0, 9999.0, 118.75, 122.5, 117.75, 101.5, 133.25
2023-04-06, 15:37:58, 130.75, 49.75, 18.5, 24.75, 9999.0, 1.0, 1.25, 19.5, 9999.0, 9999.0, 9999.0, 118.75, 122.75, 118.0, 101.5, 133.5
2023-04-06, 15:38:02, 130.75, 51.25, 18.75, 25.75, 9999.0, 1.0, 1.25, 19.5, 9999.0, 9999.0, 9999.0, 118.75, 122.75, 117.75, 101.5, 133.5
2023-04-06, 15:38:06, 130.75, 51.0, 18.75, 25.75, 9999.0, 1.0, 1.5, 19.5, 9999.0, 9999.0, 9999.0, 118.75, 122.75, 118.0, 101.5, 133.5
2023-04-06, 15:38:10, 130.75, 51.25, 18.75, 25.75, 9999.0, 1.0, 1.25, 19.5, 9999.0, 9999.0, 9999.0, 118.5, 122.5, 118.0, 101.5, 133.25
2023-04-06, 15:38:14, 129.75, 50.75, 17.25, 24.5, 9999.0, 1.0, 1.25, 19.5, 9999.0, 9999.0, 9999.0, 118.75, 122.5, 117.75, 101.5, 133.25
2023-04-06, 15:38:18, 130.75, 51.0, 18.75, 25.75, 9999.0, 1.0, 1.25, 19.5, 9999.0, 9999.0, 9999.0, 118.5, 122.5, 117.75, 101.5, 133.5
2023-04-06, 15:38:22, 130.75, 51.0, 18.75, 25.75, 9999.0, 1.0, 1.25, 19.5, 9999.0, 9999.0, 9999.0, 118.5, 122.5, 117.75, 101.5, 133.25
2023-04-06, 15:38:26, 130.75, 51.25, 18.75, 25.75, 9999.0, 1.0, 1.25, 19.5, 9999.0, 9999.0, 9999.0, 118.5, 122.5, 117.75, 100.5, 133.0
2023-04-06, 15:38:30, 129.75, 48.75, 18.5, 25.75, 9999.0, 1.0, 1.25, 19.5, 9999.0, 9999.0, 9999.0, 118.5, 122.5, 118.0, 101.5, 133.25
2023-04-06, 15:38:34, 130.75, 51.0, 18.75, 25.75, 9999.0, 1.0, 1.25, 19.5, 9999.0, 9999.0, 9999.0, 118.5, 122.5, 118.0, 101.5, 133.25
2023-04-06, 15:38:38, 130.75, 51.0, 18.75, 25.75, 9999.0, 1.5, 1.25, 19.5, 9999.0, 9999.0, 9999.0, 118.5, 122.5, 117.75, 101.5, 133.25
2023-04-06, 15:38:42, 130.75, 51.0, 18.75, 25.75, 9999.0, 1.25, 1.25, 19.5, 9999.0, 9999.0, 9999.0, 118.25, 122.5, 117.25, 101.25, 131.25
2023-04-06, 15:38:46, 129.0, 51.25, 18.75, 25.75, 9999.0, 1.25, 1.25, 19.5, 9999.0, 9999.0, 9999.0, 119.0, 122.5, 117.75, 101.5, 133.25
2023-04-06, 15:38:50, 130.75, 51.0, 18.75, 25.75, 9999.0, 1.25, 1.25, 19.5, 9999.0, 9999.0, 9999.0, 119.0, 122.5, 117.75, 101.5, 133.25
2023-04-06, 15:38:54, 130.75, 51.0, 18.75, 25.75, 9999.0, 1.25, 1.25, 19.5, 9999.0, 9999.0, 9999.0, 119.0, 122.5, 117.75, 101.5, 133.5
2023-04-06, 15:38:58, 130.5, 51.0, 18.75, 25.75, 9999.0, 1.25, 1.5, 19.5, 9999.0, 9999.0, 9999.0, 117.25, 122.25, 116.75, 100.25, 133.25
2023-04-06, 15:39:02, 130.75, 51.25, 18.75, 25.75, 9999.0, 1.25, 1.25, 19.5, 9999.0, 9999.0, 9999.0, 118.75, 122.5, 117.75, 101.5, 133.25
2023-04-06, 15:39:06, 130.75, 51.25, 18.75, 25.75, 9999.0, 1.0, 1.25, 19.5, 9999.0, 9999.0, 9999.0, 118.75, 122.5, 117.75, 101.5, 133.25
2023-04-06, 15:39:10, 130.75, 51.0, 18.75, 25.5, 9999.0, 1.0, 1.5, 19.5, 9999.0, 9999.0, 9999.0, 118.75, 122.5, 117.75, 101.5, 133.25
2023-04-06, 15:39:14, 130.75, 51.25, 18.75, 25.75, 9999.0, 1.0, 1.25, 19.5, 9999.0, 9999.0, 9999.0, 118.5, 121.0, 117.0, 101.5, 133.5
2023-04-06, 15:39:18, 130.75, 51.0, 18.75, 25.75, 9999.0, 1.0, 1.25, 19.5, 9999.0, 9999.0, 9999.0, 118.75, 122.75, 118.0, 101.5, 133.5
2023-04-06, 15:39:22, 130.75, 51.25, 18.75, 25.75, 9999.0, 1.0, 1.25, 19.5, 9999.0, 9999.0, 9999.0, 118.75, 122.75, 117.75, 101.75, 133.5
2023-04-06, 15:39:26, 130.75, 51.25, 18.75, 25.75, 9999.0, 1.0, 1.25, 19.5, 9999.0, 9999.0, 9999.0, 118.75, 122.75, 117.75, 101.5, 133.25
2023-04-06, 15:39:30, 130.75, 51.25, 18.75, 25.75, 9999.0, 1.0, 1.25, 19.5, 9999.0, 9999.0, 9999.0, 115.5, 122.5, 117.75, 101.5, 133.5
2023-04-06, 15:39:34, 130.75, 51.25, 18.75, 25.75, 9999.0, 1.0, 1.25, 19.5, 9999.0, 9999.0, 9999.0, 118.75, 122.5, 117.75, 101.5, 133.5
2023-04-06, 15:39:38, 130.75, 51.25, 18.75, 25.75, 9999.0, 1.0, 1.25, 19.75, 9999.0, 9999.0, 9999.0, 118.75, 122.75, 117.75, 101.75, 133.5
2023-04-06, 15:39:42, 130.75, 51.25, 18.75, 25.75, 9999.0, 1.0, 1.5, 19.5, 9999.0, 9999.0, 9999.0, 118.5, 122.5, 117.75, 101.5, 133.5
2023-04-06, 15:39:46, 130.75, 51.0, 18.75, 25.75, 9999.0, 1.25, 1.0, 19.0, 9999.0, 9999.0, 9999.0, 118.5, 122.5, 118.0, 101.75, 133.5
2023-04-06, 15:39:50, 130.75, 51.25, 18.75, 25.75, 9999.0, 1.0, 1.25, 19.5, 9999.0, 9999.0, 9999.0, 118.5, 122.75, 118.0, 101.75, 133.5
2023-04-06, 15:39:54, 130.75, 51.25, 18.75, 25.75, 9999.0, 1.25, 1.25, 19.5, 9999.0, 9999.0, 9999.0, 118.5, 122.5, 118.0, 101.75, 133.25
2023-04-06, 15:39:58, 130.75, 51.0, 18.75, 25.75, 9999.0, 1.5, 1.5, 19.5, 9999.0, 9999.0, 9999.0, 118.25, 122.5, 117.75, 101.75, 133.25
2023-04-06, 15:40:02, 130.75, 51.25, 18.75, 25.75, 9999.0, -0.25, 1.25, 18.75, 9999.0, 9999.0, 9999.0, 118.5, 122.5, 118.0, 101.75, 133.5
2023-04-06, 15:40:06, 130.75, 51.25, 18.75, 25.75, 9999.0, 1.25, 1.25, 19.75, 9999.0, 9999.0, 9999.0, 119.0, 122.5, 118.0, 101.75, 133.5
2023-04-06, 15:40:10, 130.75, 51.25, 18.75, 25.75, 9999.0, 1.25, 1.5, 19.5, 9999.0, 9999.0, 9999.0, 119.0, 122.5, 118.0, 101.5, 133.5
2023-04-06, 15:40:14, 130.75, 51.25, 18.75, 26.0, 9999.0, 1.25, 1.5, 19.75, 9999.0, 9999.0, 9999.0, 119.0, 122.5, 118.0, 101.75, 133.5
2023-04-06, 15:40:18, 130.75, 51.25, 18.75, 25.75, 9999.0, 1.0, -0.25, 19.0, 9999.0, 9999.0, 9999.0, 119.0, 122.5, 117.75, 101.75, 133.5
2023-04-06, 15:40:22, 130.75, 51.25, 18.75, 26.0, 9999.0, 1.25, 1.5, 19.5, 9999.0, 9999.0, 9999.0, 118.75, 122.5, 117.75, 101.75, 133.5
2023-04-06, 15:40:26, 130.75, 51.25, 18.75, 26.0, 9999.0, 1.25, 1.5, 19.5, 9999.0, 9999.0, 9999.0, 118.75, 122.5, 117.75, 101.75, 133.5
2023-04-06, 15:40:30, 130.75, 51.25, 18.75, 26.0, 9999.0, 1.25, 1.5, 19.5, 9999.0, 9999.0, 9999.0, 118.75, 122.5, 117.75, 101.5, 133.5
2023-04-06, 15:40:34, 130.75, 51.25, 17.75, 25.75, 9999.0, -3.0, 1.25, 19.5, 9999.0, 9999.0, 9999.0, 118.75, 122.75, 117.75, 101.75, 133.5
2023-04-06, 15:40:38, 130.75, 51.25, 18.75, 26.0, 9999.0, 1.0, 1.5, 19.5, 9999.0, 9999.0, 9999.0, 118.75, 122.75, 117.75, 101.75, 133.5
2023-04-06, 15:40:42, 130.75, 51.25, 18.75, 26.0, 9999.0, 1.0, 1.25, 19.5, 9999.0, 9999.0, 9999.0, 118.75, 122.75, 117.75, 101.75, 133.5
2023-04-06, 15:40:46, 130.75, 51.25, 18.75, 25.75, 9999.0, 1.0, 1.25, 19.5, 9999.0, 9999.0, 9999.0, 118.75, 122.75, 117.75, 101.5, 133.5
2023-04-06, 15:40:50, 130.25, 50.25, 18.0, 24.5, 9999.0, 1.0, 1.5, 19.5, 9999.0, 9999.0, 9999.0, 118.75, 122.75, 117.75, 101.5, 133.5
2023-04-06, 15:40:54, 130.75, 51.25, 18.75, 26.0, 9999.0, 1.0, 1.25, 19.75, 9999.0, 9999.0, 9999.0, 118.75, 122.75, 117.75, 101.5, 133.5
2023-04-06, 15:40:58, 130.75, 51.25, 18.75, 25.75, 9999.0, 1.0, 1.5, 19.75, 9999.0, 9999.0, 9999.0, 118.75, 122.75, 118.0, 101.5, 133.5
2023-04-06, 15:41:02, 130.75, 51.25, 18.75, 25.5, 9999.0, 1.0, 1.25, 19.5, 9999.0, 9999.0, 9999.0, 118.5, 122.75, 117.75, 101.75, 131.5
2023-04-06, 15:41:06, 130.5, 50.25, 17.0, 25.5, 9999.0, 1.25, 1.25, 19.75, 9999.0, 9999.0, 9999.0, 118.5, 122.75, 117.75, 101.5, 133.5
2023-04-06, 15:41:10, 130.75, 51.25, 18.75, 25.5, 9999.0, 1.25, 1.25, 19.5, 9999.0, 9999.0, 9999.0, 118.5, 122.75, 117.75, 101.5, 133.5
2023-04-06, 15:41:14, 130.75, 51.25, 18.75, 25.5, 9999.0, 1.25, 1.25, 19.5, 9999.0, 9999.0, 9999.0, 118.5, 122.75, 118.0, 101.5, 133.5
2023-04-06, 15:41:18, 130.75, 51.25, 18.5, 25.75, 9999.0, 1.25, 1.5, 19.5, 9999.0, 9999.0, 9999.0, 118.5, 122.5, 117.75, 101.0, 132.75
2023-04-06, 15:41:22, 129.25, 50.5, 18.75, 25.5, 9999.0, 1.25, 1.5, 19.75, 9999.0, 9999.0, 9999.0, 118.5, 122.75, 118.0, 101.5, 133.5
2023-04-06, 15:41:26, 130.75, 51.25, 19.0, 25.75, 9999.0, 1.25, 1.25, 19.5, 9999.0, 9999.0, 9999.0, 119.0, 122.75, 117.75, 101.5, 133.5
2023-04-06, 15:41:30, 130.75, 51.25, 18.75, 26.0, 9999.0, 1.25, 1.5, 19.75, 9999.0, 9999.0, 9999.0, 119.0, 122.5, 118.0, 101.5, 133.5
2023-04-06, 15:41:34, 130.75, 51.0, 18.75, 26.0, 9999.0, 1.25, 1.25, 19.5, 9999.0, 9999.0, 9999.0, 119.0, 121.5, 117.75, 100.75, 127.0
2023-04-06, 15:41:38, 130.75, 51.25, 18.75, 26.0, 9999.0, 1.25, 1.5, 19.75, 9999.0, 9999.0, 9999.0, 119.0, 122.5, 117.75, 101.75, 133.5
2023-04-06, 15:41:42, 130.75, 51.25, 18.75, 25.75, 9999.0, 1.25, 1.25, 19.75, 9999.0, 9999.0, 9999.0, 119.0, 122.5, 118.0, 101.5, 133.5
2023-04-06, 15:41:46, 130.75, 51.25, 18.75, 25.75, 9999.0, 1.25, 1.5, 19.5, 9999.0, 9999.0, 9999.0, 118.75, 122.5, 117.75, 101.5, 133.25
2023-04-06, 15:41:50, 130.75, 51.0, 18.75, 25.75, 9999.0, 1.25, 1.25, 19.75, 9999.0, 9999.0, 9999.0, 117.75, 121.75, 116.75, 101.0, 133.25
2023-04-06, 15:41:54, 130.75, 51.25, 18.75, 26.0, 9999.0, 1.25, 1.25, 19.5, 9999.0, 9999.0, 9999.0, 118.75, 122.75, 118.0, 101.75, 133.5
2023-04-06, 15:41:58, 130.75, 51.25, 18.75, 25.75, 9999.0, 1.0, 1.5, 19.5, 9999.0, 9999.0, 9999.0, 118.75, 122.75, 118.0, 101.5, 133.5
2023-04-06, 15:42:02, 130.75, 51.25, 18.75, 25.75, 9999.0, 1.0, 1.25, 19.5, 9999.0, 9999.0, 9999.0, 118.75, 122.75, 117.75, 101.5, 133.25
2023-04-06, 15:42:06, 130.75, 51.25, 18.75, 25.75, 9999.0, 1.0, 1.25, 19.5, 9999.0, 9999.0, 9999.0, 118.0, 119.5, 118.0, 101.5, 133.5
2023-04-06, 15:42:10, 130.75, 51.25, 18.75, 25.75, 9999.0, 1.0, 1.25, 19.5, 9999.0, 9999.0, 9999.0, 118.75, 122.75, 117.75, 101.5, 133.5
2023-04-06, 15:42:14, 130.75, 51.25, 18.75, 25.75, 9999.0, 1.0, 1.25, 19.75, 9999.0, 9999.0, 9999.0, 118.75, 122.75, 117.75, 101.5, 133.5
2023-04-06, 15:42:18, 130.75, 51.25, 18.75, 25.75, 9999.0, 1.0, 1.25, 19.5, 9999.0, 9999.0, 9999.0, 118.75, 122.5, 117.75, 101.5, 133.25
2023-04-06, 15:42:23, 130.75, 51.25, 18.75, 26.0, 9999.0, 1.0, 1.25, 19.5, 9999.0, 9999.0, 9999.0, 118.0, 122.75, 118.0, 101.5, 133.5
2023-04-06, 15:42:27, 130.75, 51.25, 19.0, 25.75, 9999.0, 1.0, 1.5, 19.75, 9999.0, 9999.0, 9999.0, 118.5, 122.75, 118.0, 101.75, 133.5
2023-04-06, 15:42:31, 130.75, 51.25, 18.75, 25.75, 9999.0, 1.25, 1.25, 19.75, 9999.0, 9999.0, 9999.0, 118.5, 122.75, 117.75, 101.5, 133.5
2023-04-06, 15:42:35, 130.75, 51.25, 19.0, 26.0, 9999.0, 1.0, 1.25, 19.5, 9999.0, 9999.0, 9999.0, 118.5, 122.5, 117.75, 101.5, 133.5
2023-04-06, 15:42:39, 130.75, 51.25, 18.75, 26.0, 9999.0, 1.25, 0.5, 19.5, 9999.0, 9999.0, 9999.0, 118.5, 122.75, 118.0, 101.5, 133.25
2023-04-06, 15:42:43, 130.75, 51.25, 18.75, 25.75, 9999.0, 1.25, 1.25, 19.75, 9999.0, 9999.0, 9999.0, 118.5, 122.75, 118.0, 101.75, 133.5
2023-04-06, 15:42:47, 130.75, 51.0, 18.75, 25.75, 9999.0, 1.5, 1.5, 19.75, 9999.0, 9999.0, 9999.0, 119.0, 122.75, 118.0, 101.5, 133.25
2023-04-06, 15:42:51, 130.75, 51.0, 18.75, 26.0, 9999.0, 1.25, 1.5, 19.75, 9999.0, 9999.0, 9999.0, 119.0, 122.5, 117.75, 101.5, 133.5
2023-04-06, 15:42:55, 130.75, 51.25, 18.75, 26.0, 9999.0, 0.5, 0.5, 18.25, 9999.0, 9999.0, 9999.0, 119.0, 122.5, 118.0, 101.5, 133.5
2023-04-06, 15:42:59, 130.75, 51.25, 18.75, 26.0, 9999.0, 1.25, 1.5, 19.5, 9999.0, 9999.0, 9999.0, 119.0, 122.5, 118.0, 101.5, 133.5
2023-04-06, 15:43:03, 130.75, 51.25, 18.75, 26.0, 9999.0, 1.25, 1.25, 19.5, 9999.0, 9999.0, 9999.0, 118.75, 122.5, 118.0, 101.5, 133.5
2023-04-06, 15:43:07, 130.75, 51.25, 18.75, 25.75, 9999.0, 1.25, 1.25, 19.5, 9999.0, 9999.0, 9999.0, 118.75, 122.5, 117.75, 101.5, 133.5
2023-04-06, 15:43:11, 130.75, 51.0, 18.75, 24.75, 9999.0, 0.25, -2.25, 19.5, 9999.0, 9999.0, 9999.0, 118.75, 122.5, 117.75, 101.5, 133.25
2023-04-06, 15:43:15, 130.75, 51.0, 18.75, 25.75, 9999.0, 1.25, 1.5, 19.75, 9999.0, 9999.0, 9999.0, 118.75, 122.75, 118.0, 101.5, 133.5
2023-04-06, 15:43:19, 130.75, 51.0, 18.75, 25.75, 9999.0, 1.0, 1.25, 19.5, 9999.0, 9999.0, 9999.0, 118.75, 122.75, 118.0, 101.5, 133.5
2023-04-06, 15:43:23, 130.75, 51.0, 18.75, 25.75, 9999.0, 1.0, 1.25, 19.5, 9999.0, 9999.0, 9999.0, 118.75, 122.75, 117.75, 101.5, 133.5
2023-04-06, 15:43:27, 130.75, 50.5, 18.25, 25.0, 9999.0, 0.75, 1.25, 19.5, 9999.0, 9999.0, 9999.0, 118.75, 122.75, 117.75, 101.5, 133.25
2023-04-06, 15:43:31, 130.75, 51.25, 18.75, 25.5, 9999.0, 1.0, 1.25, 19.5, 9999.0, 9999.0, 9999.0, 118.75, 122.75, 118.0, 101.5, 133.5
2023-04-06, 15:43:35, 130.75, 51.25, 18.75, 25.5, 9999.0, 1.0, 1.25, 19.75, 9999.0, 9999.0, 9999.0, 118.75, 122.75, 117.75, 101.75, 133.5
2023-04-06, 15:43:39, 130.75, 51.25, 18.75, 25.75, 9999.0, 1.0, 1.25, 19.5, 9999.0, 9999.0, 9999.0, 118.75, 122.75, 117.75, 101.5, 133.25
2023-04-06, 15:43:43, 129.75, 51.0, 17.75, 21.75, 9999.0, 1.0, 1.25, 19.5, 9999.0, 9999.0, 9999.0, 118.75, 122.75, 117.75, 101.5, 133.5
2023-04-06, 15:43:47, 130.75, 51.25, 18.75, 26.0, 9999.0, 1.0, 1.25, 19.5, 9999.0, 9999.0, 9999.0, 118.5, 122.75, 118.0, 101.5, 133.5
2023-04-06, 15:43:51, 130.75, 51.25, 18.75, 25.75, 9999.0, 1.0, 1.25, 19.75, 9999.0, 9999.0, 9999.0, 118.5, 122.5, 118.0, 101.5, 133.5
2023-04-06, 15:43:55, 130.75, 51.0, 18.75, 25.5, 9999.0, 1.0, 1.25, 19.5, 9999.0, 9999.0, 9999.0, 118.5, 122.75, 118.0, 100.5, 132.5
2023-04-06, 15:43:59, 129.75, 49.25, 18.0, 25.75, 9999.0, 1.25, 1.25, 19.75, 9999.0, 9999.0, 9999.0, 118.5, 122.75, 118.0, 101.5, 133.5
2023-04-06, 15:44:03, 130.75, 51.25, 18.75, 25.75, 9999.0, 1.25, 1.25, 19.75, 9999.0, 9999.0, 9999.0, 118.5, 122.75, 118.0, 101.5, 133.25
2023-04-06, 15:44:07, 130.75, 51.0, 18.75, 26.0, 9999.0, 1.25, 1.25, 19.5, 9999.0, 9999.0, 9999.0, 119.0, 122.75, 118.0, 101.5, 133.5
2023-04-06, 15:44:11, 130.75, 51.0, 18.5, 25.75, 9999.0, 1.25, 1.25, 19.5, 9999.0, 9999.0, 9999.0, 119.0, 122.75, 116.75, 101.25, 132.25
2023-04-06, 15:44:15, 127.0, 51.0, 18.75, 26.0, 9999.0, 1.25, 1.25, 19.5, 9999.0, 9999.0, 9999.0, 119.0, 122.5, 117.75, 101.5, 133.5
2023-04-06, 15:44:19, 130.75, 51.0, 18.75, 25.75, 9999.0, 1.25, 1.25, 19.75, 9999.0, 9999.0, 9999.0, 119.0, 122.5, 117.75, 101.5, 133.5
2023-04-06, 15:44:23, 130.75, 51.0, 18.75, 25.75, 9999.0, 1.25, 1.25, 19.5, 9999.0, 9999.0, 9999.0, 119.0, 122.5, 118.0, 101.75, 133.5
2023-04-06, 15:44:27, 130.5, 51.0, 18.75, 26.0, 9999.0, 1.0, 1.25, 19.75, 9999.0, 9999.0, 9999.0, 118.0, 122.25, 117.0, 100.5, 133.0
2023-04-06, 15:44:31, 130.75, 51.0, 18.75, 25.75, 9999.0, 1.25, 1.25, 19.5, 9999.0, 9999.0, 9999.0, 118.75, 122.5, 118.0, 101.5, 133.5
2023-04-06, 15:44:35, 130.75, 51.0, 18.75, 26.0, 9999.0, 1.0, 1.5, 19.5, 9999.0, 9999.0, 9999.0, 118.75, 122.75, 118.0, 101.5, 133.25
2023-04-06, 15:44:39, 130.75, 51.25, 18.75, 26.0, 9999.0, 1.0, 1.25, 19.5, 9999.0, 9999.0, 9999.0, 118.75, 122.75, 117.75, 101.5, 133.25
2023-04-06, 15:44:43, 130.75, 51.0, 18.75, 26.0, 9999.0, 1.0, 1.25, 19.5, 9999.0, 9999.0, 9999.0, 118.5, 121.75, 115.75, 101.5, 133.5
2023-04-06, 15:44:47, 130.75, 51.0, 18.75, 26.0, 9999.0, 1.0, 1.25, 19.5, 9999.0, 9999.0, 9999.0, 118.75, 122.75, 117.75, 101.5, 133.5
2023-04-06, 15:44:51, 130.75, 51.25, 18.75, 26.0, 9999.0, 1.0, 1.25, 19.5, 9999.0, 9999.0, 9999.0, 118.75, 122.75, 118.0, 101.5, 133.25
2023-04-06, 15:44:55, 130.75, 51.0, 18.75, 26.0, 9999.0, 1.0, 1.25, 19.5, 9999.0, 9999.0, 9999.0, 118.75, 122.75, 117.75, 101.5, 133.25
2023-04-06, 15:44:59, 130.75, 51.0, 18.75, 26.0, 9999.0, 1.0, 1.25, 19.5, 9999.0, 9999.0, 9999.0, 116.5, 122.0, 117.75, 101.75, 133.25
2023-04-06, 15:45:03, 130.75, 51.0, 19.0, 25.75, 9999.0, 1.0, 1.25, 19.5, 9999.0, 9999.0, 9999.0, 118.5, 122.75, 118.0, 101.5, 133.25
2023-04-06, 15:45:07, 130.75, 51.0, 18.75, 25.75, 9999.0, 1.0, 1.25, 19.5, 9999.0, 9999.0, 9999.0, 118.25, 122.75, 118.0, 101.5, 133.25
2023-04-06, 15:45:11, 130.75, 51.0, 18.75, 26.0, 9999.0, 1.0, 0.75, 19.5, 9999.0, 9999.0, 9999.0, 118.25, 122.5, 118.0, 101.5, 133.25
2023-04-06, 15:45:15, 130.75, 51.0, 18.75, 25.75, 9999.0, 1.0, 1.25, 18.75, 9999.0, 9999.0, 9999.0, 118.5, 122.5, 118.0, 101.5, 133.5
2023-04-06, 15:45:19, 130.75, 51.0, 18.75, 26.0, 9999.0, 1.25, 1.25, 19.5, 9999.0, 9999.0, 9999.0, 118.5, 122.5, 118.0, 101.75, 133.25
2023-04-06, 15:45:23, 130.75, 51.0, 18.5, 25.75, 9999.0, 1.25, 1.25, 19.5, 9999.0, 9999.0, 9999.0, 118.5, 122.5, 117.75, 101.5, 133.25
2023-04-06, 15:45:27, 130.75, 51.25, 18.75, 25.5, 9999.0, 1.25, 1.25, 19.5, 9999.0, 9999.0, 9999.0, 119.0, 122.5, 118.0, 101.5, 133.5
2023-04-06, 15:45:31, 130.75, 51.0, 18.75, 25.75, 9999.0, 0.0, 1.0, 18.75, 9999.0, 9999.0, 9999.0, 119.0, 122.75, 118.0, 101.5, 133.5
2023-04-06, 15:45:35, 130.75, 51.0, 18.75, 25.75, 9999.0, 1.0, 1.25, 19.5, 9999.0, 9999.0, 9999.0, 119.0, 122.5, 117.75, 101.5, 133.25
2023-04-06, 15:45:39, 130.75, 51.0, 18.5, 26.0, 9999.0, 1.0, 1.25, 19.5, 9999.0, 9999.0, 9999.0, 119.0, 122.5, 117.5, 101.5, 133.25
2023-04-06, 15:45:43, 130.75, 51.25, 18.75, 26.0, 9999.0, 1.25, 1.25, 19.5, 9999.0, 9999.0, 9999.0, 118.75, 122.5, 117.75, 101.5, 133.25
2023-04-06, 15:45:47, 130.75, 51.0, 18.75, 25.75, 9999.0, 0.75, 0.5, 18.25, 9999.0, 9999.0, 9999.0, 119.0, 122.5, 118.0, 101.5, 133.5
2023-04-06, 15:45:51, 130.75, 51.0, 18.75, 25.5, 9999.0, 1.0, 1.25, 19.5, 9999.0, 9999.0, 9999.0, 118.75, 122.5, 117.75, 101.5, 133.25
2023-04-06, 15:45:55, 130.75, 51.0, 18.5, 25.5, 9999.0, 0.75, 1.25, 19.5, 9999.0, 9999.0, 9999.0, 118.75, 122.5, 117.75, 101.25, 133.25
2023-04-06, 15:45:59, 130.75, 51.25, 18.75, 25.5, 9999.0, 1.0, 1.25, 19.5, 9999.0, 9999.0, 9999.0, 118.75, 122.75, 118.0, 101.5, 133.25
2023-04-06, 15:46:03, 130.75, 51.0, 17.25, 25.25, 9999.0, -1.25, 0.75, 19.5, 9999.0, 9999.0, 9999.0, 118.75, 122.75, 118.0, 101.5, 133.5
2023-04-06, 15:46:07, 130.75, 51.0, 18.75, 25.75, 9999.0, 1.0, 1.25, 19.5, 9999.0, 9999.0, 9999.0, 118.75, 122.75, 118.0, 101.5, 133.25
2023-04-06, 15:46:11, 130.75, 51.0, 18.75, 25.75, 9999.0, 1.0, 1.25, 19.5, 9999.0, 9999.0, 9999.0, 118.75, 122.75, 117.75, 101.5, 133.5
2023-04-06, 15:46:15, 130.75, 51.25, 18.75, 25.75, 9999.0, 1.0, 1.25, 19.5, 9999.0, 9999.0, 9999.0, 118.5, 122.5, 118.0, 101.5, 133.25
2023-04-06, 15:46:19, 130.5, 50.25, 18.5, 24.0, 9999.0, 0.75, 1.25, 19.5, 9999.0, 9999.0, 9999.0, 118.5, 122.5, 117.75, 101.5, 133.5
2023-04-06, 15:46:23, 130.75, 51.0, 18.75, 25.75, 9999.0, 0.75, 1.25, 19.5, 9999.0, 9999.0, 9999.0, 118.5, 122.75, 117.75, 101.5, 133.25
2023-04-06, 15:46:27, 130.5, 51.0, 18.75, 25.75, 9999.0, 1.0, 1.25, 19.5, 9999.0, 9999.0, 9999.0, 118.5, 122.75, 118.0, 101.5, 133.25
2023-04-06, 15:46:31, 130.75, 51.0, 18.75, 25.75, 9999.0, 1.0, 1.25, 19.5, 9999.0, 9999.0, 9999.0, 118.5, 122.5, 118.0, 101.5, 131.5
2023-04-06, 15:46:35, 130.25, 50.0, 17.0, 25.75, 9999.0, 1.0, 1.25, 19.5, 9999.0, 9999.0, 9999.0, 118.5, 122.75, 118.0, 101.5, 133.25
2023-04-06, 15:46:39, 130.75, 51.0, 18.75, 25.75, 9999.0, 1.25, 1.25, 19.5, 9999.0, 9999.0, 9999.0, 118.5, 122.75, 118.0, 101.5, 133.5
2023-04-06, 15:46:43, 130.75, 51.0, 18.75, 25.75, 9999.0, 1.25, 1.25, 19.5, 9999.0, 9999.0, 9999.0, 118.25, 122.5, 118.0, 101.5, 133.25
2023-04-06, 15:46:47, 130.75, 51.0, 18.5, 25.75, 9999.0, 1.25, 1.25, 19.5, 9999.0, 9999.0, 9999.0, 119.25, 122.5, 117.75, 100.75, 133.0
2023-04-06, 15:46:52, 129.5, 49.75, 18.75, 25.75, 9999.0, 1.25, 1.25, 19.5, 9999.0, 9999.0, 9999.0, 119.0, 122.5, 118.0, 101.5, 133.25
2023-04-06, 15:46:56, 130.75, 51.0, 18.75, 25.75, 9999.0, 1.25, 1.25, 19.5, 9999.0, 9999.0, 9999.0, 119.0, 122.5, 118.0, 101.5, 133.25
2023-04-06, 15:47:00, 130.75, 51.0, 18.75, 26.0, 9999.0, 1.25, 1.25, 19.5, 9999.0, 9999.0, 9999.0, 118.75, 122.5, 118.0, 101.5, 133.25
2023-04-06, 15:47:04, 130.75, 51.0, 18.75, 25.5, 9999.0, 1.0, 1.25, 19.5, 9999.0, 9999.0, 9999.0, 118.75, 121.0, 117.5, 100.75, 131.25
2023-04-06, 15:47:08, 130.5, 51.0, 18.75, 25.75, 9999.0, 1.25, 1.25, 19.5, 9999.0, 9999.0, 9999.0, 118.75, 122.5, 117.75, 101.5, 133.25
2023-04-06, 15:47:12, 130.75, 51.0, 18.75, 25.75, 9999.0, 1.0, 1.25, 19.5, 9999.0, 9999.0, 9999.0, 118.5, 122.5, 117.75, 101.5, 133.25
2023-04-06, 15:47:16, 130.75, 51.0, 18.5, 26.0, 9999.0, 1.0, 1.25, 19.5, 9999.0, 9999.0, 9999.0, 118.75, 122.75, 118.0, 101.5, 133.25
2023-04-06, 15:47:20, 130.5, 51.0, 18.75, 26.0, 9999.0, 1.0, 1.25, 19.5, 9999.0, 9999.0, 9999.0, 118.0, 122.5, 116.25, 100.0, 133.25
2023-04-06, 15:47:24, 130.75, 51.0, 18.75, 26.0, 9999.0, 1.0, 1.25, 19.5, 9999.0, 9999.0, 9999.0, 118.75, 122.75, 118.0, 101.5, 133.5
2023-04-06, 15:47:28, 130.75, 51.0, 18.75, 26.0, 9999.0, 1.0, 1.25, 19.5, 9999.0, 9999.0, 9999.0, 118.75, 122.75, 117.75, 101.5, 133.5
2023-04-06, 15:47:32, 130.75, 51.0, 18.75, 26.0, 9999.0, 1.0, 1.25, 19.5, 9999.0, 9999.0, 9999.0, 118.5, 122.75, 118.0, 101.25, 133.25
2023-04-06, 15:47:36, 130.5, 51.0, 18.75, 26.0, 9999.0, 1.0, 1.25, 19.5, 9999.0, 9999.0, 9999.0, 117.5, 120.75, 117.75, 101.5, 133.5
2023-04-06, 15:47:40, 130.5, 51.0, 18.75, 25.75, 9999.0, 1.0, 1.25, 19.5, 9999.0, 9999.0, 9999.0, 118.5, 122.75, 117.75, 101.5, 133.25
2023-04-06, 15:47:44, 130.5, 51.0, 18.75, 25.5, 9999.0, 0.75, 1.25, 19.5, 9999.0, 9999.0, 9999.0, 118.5, 122.75, 118.0, 101.5, 133.25
2023-04-06, 15:47:48, 130.75, 51.0, 18.75, 25.25, 9999.0, 1.25, 1.25, 19.5, 9999.0, 9999.0, 9999.0, 118.5, 122.5, 118.0, 101.5, 133.25
2023-04-06, 15:47:52, 130.75, 51.0, 18.75, 25.5, 9999.0, 1.0, 1.25, 19.5, 9999.0, 9999.0, 9999.0, 117.5, 122.5, 118.0, 101.5, 133.25
2023-04-06, 15:47:56, 130.75, 51.0, 18.75, 25.5, 9999.0, 1.0, 1.25, 19.5, 9999.0, 9999.0, 9999.0, 118.5, 122.75, 118.0, 101.5, 133.25
2023-04-06, 15:48:00, 130.75, 51.0, 18.75, 25.5, 9999.0, 1.25, 1.25, 19.5, 9999.0, 9999.0, 9999.0, 118.5, 122.5, 118.0, 101.5, 133.5
2023-04-06, 15:48:04, 130.75, 51.0, 18.75, 25.5, 9999.0, 1.25, 1.25, 19.5, 9999.0, 9999.0, 9999.0, 119.0, 122.5, 118.0, 101.5, 133.25
2023-04-06, 15:48:08, 130.75, 51.0, 18.75, 25.5, 9999.0, 1.25, 0.0, 19.25, 9999.0, 9999.0, 9999.0, 119.0, 122.5, 118.0, 101.5, 133.25
2023-04-06, 15:48:12, 130.75, 51.0, 18.75, 25.75, 9999.0, 1.25, 1.25, 19.5, 9999.0, 9999.0, 9999.0, 119.0, 122.5, 117.75, 101.5, 133.25
2023-04-06, 15:48:16, 130.75, 51.0, 18.75, 26.0, 9999.0, 1.25, 1.25, 19.5, 9999.0, 9999.0, 9999.0, 118.75, 122.5, 117.75, 101.5, 133.25
2023-04-06, 15:48:20, 130.75, 51.0, 18.75, 25.75, 9999.0, 1.25, 1.25, 19.5, 9999.0, 9999.0, 9999.0, 118.75, 122.5, 118.0, 101.5, 133.25
2023-04-06, 15:48:24, 130.5, 51.0, 18.75, 25.75, 9999.0, 0.25, 1.0, 18.0, 9999.0, 9999.0, 9999.0, 118.75, 122.5, 117.75, 101.5, 133.25
2023-04-06, 15:48:28, 130.75, 51.0, 18.75, 26.0, 9999.0, 1.0, 1.25, 19.5, 9999.0, 9999.0, 9999.0, 118.75, 122.5, 117.75, 101.5, 133.25
2023-04-06, 15:48:32, 130.75, 51.0, 18.75, 25.75, 9999.0, 1.0, 1.25, 19.5, 9999.0, 9999.0, 9999.0, 118.75, 122.5, 117.75, 101.5, 133.5
2023-04-06, 15:48:36, 130.75, 51.25, 18.75, 26.0, 9999.0, 1.0, 1.25, 19.5, 9999.0, 9999.0, 9999.0, 118.75, 122.75, 118.0, 101.5, 133.25
2023-04-06, 15:48:40, 130.75, 51.0, 18.75, 24.25, 9999.0, 0.0, -0.75, 19.5, 9999.0, 9999.0, 9999.0, 118.75, 122.75, 118.0, 101.75, 133.25
2023-04-06, 15:48:44, 130.75, 51.0, 18.75, 26.0, 9999.0, 1.0, 1.25, 19.5, 9999.0, 9999.0, 9999.0, 118.75, 122.75, 117.75, 101.5, 133.5
2023-04-06, 15:48:48, 130.75, 51.0, 18.75, 25.75, 9999.0, 1.0, 1.25, 19.5, 9999.0, 9999.0, 9999.0, 118.75, 122.75, 117.75, 101.5, 133.5
2023-04-06, 15:48:52, 130.75, 51.25, 18.75, 25.75, 9999.0, 1.0, 1.0, 19.5, 9999.0, 9999.0, 9999.0, 118.75, 122.75, 118.0, 101.5, 133.25
2023-04-06, 15:48:56, 130.75, 51.0, 17.75, 25.5, 9999.0, 0.0, 1.25, 19.5, 9999.0, 9999.0, 9999.0, 118.75, 122.75, 118.0, 101.75, 133.5
2023-04-06, 15:49:00, 130.5, 51.0, 18.75, 25.75, 9999.0, 1.0, 1.25, 19.5, 9999.0, 9999.0, 9999.0, 118.5, 122.75, 117.75, 101.5, 133.5
2023-04-06, 15:49:04, 130.75, 51.0, 18.75, 26.0, 9999.0, 1.0, 1.25, 19.5, 9999.0, 9999.0, 9999.0, 118.5, 122.75, 118.0, 101.75, 133.5
2023-04-06, 15:49:08, 130.75, 51.25, 18.75, 26.0, 9999.0, 1.0, 1.25, 19.5, 9999.0, 9999.0, 9999.0, 118.5, 122.75, 118.0, 101.5, 133.25
2023-04-06, 15:49:12, 129.5, 51.0, 17.75, 23.0, 9999.0, 1.0, 1.25, 19.5, 9999.0, 9999.0, 9999.0, 118.5, 122.75, 118.0, 101.75, 133.25
2023-04-06, 15:49:16, 130.75, 51.0, 18.75, 25.75, 9999.0, 1.25, 1.25, 19.5, 9999.0, 9999.0, 9999.0, 118.5, 122.5, 118.0, 101.5, 133.5
2023-04-06, 15:49:20, 130.75, 51.25, 18.5, 25.75, 9999.0, 1.25, 1.25, 19.5, 9999.0, 9999.0, 9999.0, 118.25, 122.75, 118.0, 101.5, 133.5
2023-04-06, 15:49:24, 130.75, 51.25, 18.75, 25.5, 9999.0, 1.25, 1.25, 19.5, 9999.0, 9999.0, 9999.0, 119.0, 122.5, 117.75, 101.25, 132.5
2023-04-06, 15:49:28, 130.5, 49.5, 17.25, 25.75, 9999.0, 1.25, 1.25, 19.5, 9999.0, 9999.0, 9999.0, 119.25, 122.5, 118.0, 101.75, 133.5
2023-04-06, 15:49:32, 130.75, 51.0, 18.75, 25.75, 9999.0, 1.25, 1.25, 19.5, 9999.0, 9999.0, 9999.0, 119.0, 122.5, 117.75, 101.75, 133.5
2023-04-06, 15:49:36, 130.75, 51.25, 18.75, 25.75, 9999.0, 1.25, 1.5, 19.5, 9999.0, 9999.0, 9999.0, 119.0, 122.5, 117.75, 101.75, 133.5
2023-04-06, 15:49:40, 130.75, 51.25, 18.5, 25.75, 9999.0, 1.25, 1.25, 19.5, 9999.0, 9999.0, 9999.0, 119.0, 122.5, 116.5, 101.25, 132.25
2023-04-06, 15:49:44, 128.75, 51.25, 18.75, 25.75, 9999.0, 1.25, 1.5, 19.5, 9999.0, 9999.0, 9999.0, 119.0, 122.5, 117.75, 101.5, 133.25
2023-04-06, 15:49:48, 130.75, 51.0, 18.75, 25.75, 9999.0, 1.25, 1.25, 19.5, 9999.0, 9999.0, 9999.0, 118.75, 122.5, 117.75, 101.75, 133.5
2023-04-06, 15:49:52, 130.75, 51.25, 18.75, 26.0, 9999.0, 1.0, 1.25, 19.75, 9999.0, 9999.0, 9999.0, 118.75, 122.5, 118.0, 101.75, 133.5
2023-04-06, 15:49:56, 130.5, 51.0, 18.75, 25.75, 9999.0, 1.0, 1.25, 19.5, 9999.0, 9999.0, 9999.0, 118.75, 121.75, 117.5, 100.25, 132.25
2023-04-06, 15:50:00, 130.75, 51.25, 18.75, 25.75, 9999.0, 1.0, 1.25, 19.5, 9999.0, 9999.0, 9999.0, 118.75, 122.75, 118.0, 101.75, 133.25
2023-04-06, 15:50:04, 130.5, 51.25, 18.75, 26.0, 9999.0, 1.0, 1.25, 19.75, 9999.0, 9999.0, 9999.0, 118.75, 122.75, 118.0, 101.75, 133.25
2023-04-06, 15:50:08, 130.75, 51.25, 18.75, 25.75, 9999.0, 1.0, 1.25, 19.5, 9999.0, 9999.0, 9999.0, 118.75, 122.75, 118.0, 101.75, 133.25
2023-04-06, 15:50:12, 130.75, 51.25, 19.0, 25.75, 9999.0, 1.0, 1.25, 19.5, 9999.0, 9999.0, 9999.0, 118.5, 121.75, 114.5, 101.75, 133.5
2023-04-06, 15:50:16, 130.75, 51.25, 18.75, 25.75, 9999.0, 1.0, 1.25, 19.75, 9999.0, 9999.0, 9999.0, 118.75, 122.5, 118.0, 101.75, 133.25
2023-04-06, 15:50:20, 130.75, 51.25, 18.75, 25.75, 9999.0, 1.0, 1.25, 19.75, 9999.0, 9999.0, 9999.0, 118.75, 122.75, 117.75, 101.75, 133.5
2023-04-06, 15:50:24, 130.75, 51.25, 19.0, 26.0, 9999.0, 1.0, 1.25, 19.5, 9999.0, 9999.0, 9999.0, 118.5, 122.75, 117.75, 101.75, 133.25
2023-04-06, 15:50:28, 130.75, 51.25, 19.0, 26.0, 9999.0, 1.25, 1.25, 19.5, 9999.0, 9999.0, 9999.0, 117.25, 121.75, 118.0, 101.75, 133.5
2023-04-06, 15:50:32, 130.75, 51.25, 18.75, 26.0, 9999.0, 1.25, 1.25, 19.5, 9999.0, 9999.0, 9999.0, 118.5, 122.75, 118.0, 101.75, 133.5
2023-04-06, 15:50:36, 130.75, 51.25, 19.0, 26.0, 9999.0, 1.25, 1.5, 19.75, 9999.0, 9999.0, 9999.0, 118.5, 122.75, 118.0, 101.75, 133.5
2023-04-06, 15:50:40, 130.75, 51.25, 19.0, 26.0, 9999.0, 1.25, 1.5, 19.75, 9999.0, 9999.0, 9999.0, 118.25, 122.75, 118.0, 101.75, 133.5
2023-04-06, 15:50:44, 130.75, 51.25, 18.75, 26.0, 9999.0, 1.25, 1.5, 18.75, 9999.0, 9999.0, 9999.0, 118.25, 122.75, 118.0, 101.75, 133.5
2023-04-06, 15:50:48, 130.75, 51.25, 18.75, 25.75, 9999.0, 1.25, 1.5, 19.75, 9999.0, 9999.0, 9999.0, 119.0, 122.75, 117.75, 101.75, 133.5
2023-04-06, 15:50:52, 130.75, 51.25, 19.0, 25.75, 9999.0, 1.25, 1.5, 19.75, 9999.0, 9999.0, 9999.0, 119.0, 122.5, 118.0, 101.75, 133.5
2023-04-06, 15:50:56, 130.75, 51.25, 19.0, 25.5, 9999.0, 1.25, 1.5, 19.75, 9999.0, 9999.0, 9999.0, 119.0, 122.5, 117.75, 101.75, 133.5
2023-04-06, 15:51:00, 130.75, 51.25, 18.75, 25.5, 9999.0, 1.25, 0.0, 19.5, 9999.0, 9999.0, 9999.0, 119.0, 122.75, 118.0, 101.75, 133.5
2023-04-06, 15:51:04, 130.75, 51.25, 18.75, 25.5, 9999.0, 1.25, 1.5, 19.75, 9999.0, 9999.0, 9999.0, 119.0, 122.75, 118.0, 101.5, 133.5
2023-04-06, 15:51:08, 130.75, 51.25, 18.75, 25.75, 9999.0, 1.25, 1.5, 19.75, 9999.0, 9999.0, 9999.0, 119.0, 122.5, 118.0, 101.75, 133.5
2023-04-06, 15:51:12, 130.75, 51.25, 18.75, 26.0, 9999.0, 1.25, 1.5, 19.75, 9999.0, 9999.0, 9999.0, 118.75, 122.75, 118.0, 101.75, 133.5
2023-04-06, 15:51:16, 130.75, 51.25, 18.75, 25.75, 9999.0, -0.25, 1.0, 18.75, 9999.0, 9999.0, 9999.0, 118.75, 122.75, 118.0, 101.75, 133.5
2023-04-06, 15:51:21, 130.75, 51.25, 18.75, 25.75, 9999.0, 1.25, 1.5, 19.5, 9999.0, 9999.0, 9999.0, 118.75, 122.75, 118.0, 101.75, 133.5
2023-04-06, 15:51:25, 130.75, 51.25, 19.0, 25.75, 9999.0, 1.25, 1.5, 19.75, 9999.0, 9999.0, 9999.0, 118.75, 122.75, 118.0, 101.75, 133.5
2023-04-06, 15:51:29, 131.0, 51.25, 19.0, 25.75, 9999.0, 1.25, 1.5, 19.75, 9999.0, 9999.0, 9999.0, 118.75, 122.75, 118.0, 101.75, 133.25
2023-04-06, 15:51:33, 131.0, 51.25, 19.0, 26.0, 9999.0, 0.75, 0.5, 18.0, 9999.0, 9999.0, 9999.0, 118.75, 122.75, 118.0, 101.75, 133.5
2023-04-06, 15:51:37, 130.75, 51.25, 18.75, 26.0, 9999.0, 1.25, 1.5, 19.75, 9999.0, 9999.0, 9999.0, 118.75, 122.75, 118.0, 101.5, 133.5
2023-04-06, 15:51:41, 131.0, 51.25, 18.75, 25.75, 9999.0, 1.0, 1.5, 19.75, 9999.0, 9999.0, 9999.0, 118.5, 122.75, 117.75, 101.75, 133.5
2023-04-06, 15:51:45, 131.0, 51.25, 18.75, 25.75, 9999.0, 1.0, 1.25, 19.75, 9999.0, 9999.0, 9999.0, 118.75, 122.75, 118.0, 101.75, 133.5
2023-04-06, 15:51:49, 130.75, 51.25, 18.75, 25.5, 9999.0, 0.75, 0.5, 18.0, 9999.0, 9999.0, 9999.0, 118.5, 122.75, 118.0, 101.75, 133.5
2023-04-06, 15:51:53, 130.75, 51.25, 18.75, 25.5, 9999.0, 1.25, 1.25, 19.75, 9999.0, 9999.0, 9999.0, 118.5, 122.75, 118.0, 101.5, 133.5
2023-04-06, 15:51:57, 131.0, 51.25, 18.75, 25.5, 9999.0, 1.25, 1.25, 19.75, 9999.0, 9999.0, 9999.0, 118.5, 122.75, 118.0, 101.75, 133.5
2023-04-06, 15:52:01, 130.75, 51.5, 18.75, 26.0, 9999.0, 1.25, 1.5, 19.75, 9999.0, 9999.0, 9999.0, 118.5, 122.75, 118.0, 101.75, 133.5
2023-04-06, 15:52:05, 130.75, 51.25, 18.75, 26.0, 9999.0, 1.25, 0.25, 16.5, 9999.0, 9999.0, 9999.0, 118.5, 122.75, 118.0, 101.75, 133.5
2023-04-06, 15:52:09, 130.75, 51.25, 18.75, 26.0, 9999.0, 1.25, 1.5, 19.75, 9999.0, 9999.0, 9999.0, 119.0, 122.75, 117.75, 101.5, 133.5
2023-04-06, 15:52:13, 131.0, 51.25, 18.75, 26.25, 9999.0, 1.25, 1.5, 19.75, 9999.0, 9999.0, 9999.0, 119.25, 122.75, 118.0, 101.5, 133.5
2023-04-06, 15:52:17, 130.75, 51.25, 18.75, 26.0, 9999.0, 1.25, 1.25, 19.5, 9999.0, 9999.0, 9999.0, 119.0, 122.75, 118.0, 101.75, 133.5
2023-04-06, 15:52:21, 130.75, 51.0, 18.0, 25.75, 9999.0, -1.25, 1.5, 19.75, 9999.0, 9999.0, 9999.0, 119.0, 122.75, 118.0, 101.75, 133.5
2023-04-06, 15:52:25, 130.75, 51.25, 19.0, 26.0, 9999.0, 1.25, 1.5, 19.75, 9999.0, 9999.0, 9999.0, 119.0, 122.5, 118.0, 101.75, 133.5
2023-04-06, 15:52:29, 131.0, 51.25, 19.0, 26.0, 9999.0, 1.25, 1.5, 19.5, 9999.0, 9999.0, 9999.0, 119.0, 122.75, 118.0, 101.5, 133.5
2023-04-06, 15:52:33, 131.0, 51.25, 19.0, 26.0, 9999.0, 1.0, 1.5, 19.5, 9999.0, 9999.0, 9999.0, 118.75, 122.5, 118.0, 101.5, 132.75
2023-04-06, 15:52:37, 130.0, 51.0, 17.5, 24.5, 9999.0, 1.25, 1.5, 19.75, 9999.0, 9999.0, 9999.0, 118.75, 122.75, 118.0, 101.5, 133.5
2023-04-06, 15:52:41, 130.75, 51.25, 19.0, 26.0, 9999.0, 1.25, 1.5, 19.75, 9999.0, 9999.0, 9999.0, 118.75, 122.75, 118.0, 101.75, 133.5
2023-04-06, 15:52:45, 130.75, 51.25, 18.75, 25.75, 9999.0, 1.25, 1.5, 19.75, 9999.0, 9999.0, 9999.0, 118.75, 122.75, 118.0, 101.75, 133.5
2023-04-06, 15:52:49, 131.0, 51.25, 18.5, 25.5, 9999.0, 1.0, 1.5, 19.75, 9999.0, 9999.0, 9999.0, 118.75, 122.75, 116.75, 101.0, 133.0
2023-04-06, 15:52:53, 129.5, 50.5, 18.75, 25.5, 9999.0, 1.25, 1.5, 19.75, 9999.0, 9999.0, 9999.0, 118.75, 122.75, 118.0, 101.75, 133.5
2023-04-06, 15:52:57, 130.75, 51.25, 19.0, 25.75, 9999.0, 1.25, 1.25, 19.75, 9999.0, 9999.0, 9999.0, 118.75, 122.75, 118.0, 101.75, 133.5
2023-04-06, 15:53:01, 131.0, 51.25, 18.75, 25.75, 9999.0, 1.25, 1.5, 19.5, 9999.0, 9999.0, 9999.0, 118.75, 122.75, 117.75, 101.75, 133.5
2023-04-06, 15:53:05, 130.75, 51.0, 18.75, 25.75, 9999.0, 1.0, 1.25, 19.5, 9999.0, 9999.0, 9999.0, 116.75, 122.25, 117.0, 100.0, 133.0
2023-04-06, 15:53:09, 130.75, 51.25, 18.75, 26.0, 9999.0, 1.0, 1.5, 19.75, 9999.0, 9999.0, 9999.0, 118.75, 122.75, 118.0, 101.5, 133.5
2023-04-06, 15:53:13, 130.75, 51.0, 18.5, 25.75, 9999.0, 1.25, 1.25, 19.5, 9999.0, 9999.0, 9999.0, 118.5, 122.75, 118.0, 101.5, 133.5
2023-04-06, 15:53:17, 131.0, 51.25, 18.75, 26.0, 9999.0, 1.25, 1.25, 19.75, 9999.0, 9999.0, 9999.0, 118.5, 122.75, 118.0, 101.5, 133.25
2023-04-06, 15:53:21, 130.75, 51.25, 18.75, 26.0, 9999.0, 1.25, 1.25, 19.75, 9999.0, 9999.0, 9999.0, 117.75, 119.75, 117.75, 101.5, 133.5
2023-04-06, 15:53:25, 130.75, 51.25, 18.75, 26.0, 9999.0, 1.5, 1.5, 19.75, 9999.0, 9999.0, 9999.0, 118.5, 122.75, 117.75, 101.5, 133.5
2023-04-06, 15:53:29, 131.0, 51.25, 19.0, 26.0, 9999.0, 1.5, 1.5, 19.75, 9999.0, 9999.0, 9999.0, 119.25, 122.75, 117.75, 101.75, 133.5
2023-04-06, 15:53:33, 131.0, 51.25, 18.75, 25.25, 9999.0, 1.25, 1.5, 19.75, 9999.0, 9999.0, 9999.0, 119.25, 122.75, 118.0, 101.75, 133.5
2023-04-06, 15:53:37, 130.75, 51.25, 18.75, 25.25, 9999.0, 1.25, 1.5, 19.0, 9999.0, 9999.0, 9999.0, 119.0, 122.75, 118.0, 101.75, 133.5
2023-04-06, 15:53:41, 130.75, 51.25, 19.0, 25.5, 9999.0, 1.25, 1.5, 19.5, 9999.0, 9999.0, 9999.0, 119.0, 122.75, 118.0, 101.75, 133.5
2023-04-06, 15:53:45, 130.75, 51.25, 19.0, 25.75, 9999.0, 1.25, 1.5, 19.5, 9999.0, 9999.0, 9999.0, 119.0, 122.5, 118.0, 101.75, 133.5
2023-04-06, 15:53:49, 130.75, 51.25, 19.0, 26.0, 9999.0, 1.25, 1.5, 19.5, 9999.0, 9999.0, 9999.0, 118.75, 122.5, 118.0, 101.75, 133.5
2023-04-06, 15:53:53, 130.75, 51.25, 18.75, 25.75, 9999.0, 0.5, 1.25, 18.0, 9999.0, 9999.0, 9999.0, 118.75, 122.5, 117.75, 101.5, 133.5
2023-04-06, 15:53:57, 130.75, 51.25, 18.75, 25.75, 9999.0, 1.25, 1.5, 19.75, 9999.0, 9999.0, 9999.0, 118.75, 122.75, 118.0, 101.5, 133.5
2023-04-06, 15:54:01, 131.0, 51.25, 18.75, 25.75, 9999.0, 1.0, 1.5, 19.75, 9999.0, 9999.0, 9999.0, 118.75, 122.75, 118.0, 101.75, 133.5
2023-04-06, 15:54:05, 130.75, 51.25, 18.75, 25.75, 9999.0, 1.0, 1.25, 19.5, 9999.0, 9999.0, 9999.0, 118.75, 122.75, 118.0, 101.5, 133.25
2023-04-06, 15:54:09, 130.75, 51.25, 18.0, 24.75, 9999.0, -0.25, 0.5, 19.75, 9999.0, 9999.0, 9999.0, 118.75, 122.75, 117.75, 101.5, 133.5
2023-04-06, 15:54:13, 130.75, 51.25, 18.75, 26.0, 9999.0, 1.0, 1.5, 19.75, 9999.0, 9999.0, 9999.0, 118.75, 122.75, 118.0, 101.5, 133.5
2023-04-06, 15:54:17, 131.0, 51.25, 18.75, 26.0, 9999.0, 1.0, 1.25, 19.75, 9999.0, 9999.0, 9999.0, 118.75, 122.75, 118.0, 101.75, 133.5
2023-04-06, 15:54:21, 131.0, 51.25, 19.0, 25.75, 9999.0, 0.75, 1.25, 19.75, 9999.0, 9999.0, 9999.0, 118.5, 122.75, 118.0, 101.5, 133.5
2023-04-06, 15:54:25, 129.25, 50.5, 18.25, 24.0, 9999.0, 1.0, 1.5, 19.75, 9999.0, 9999.0, 9999.0, 118.75, 122.75, 117.75, 101.5, 133.5
2023-04-06, 15:54:29, 130.75, 51.25, 19.0, 26.0, 9999.0, 1.0, 1.25, 19.75, 9999.0, 9999.0, 9999.0, 118.5, 122.5, 117.75, 101.5, 133.5
2023-04-06, 15:54:33, 130.75, 51.25, 18.75, 26.0, 9999.0, 1.25, 1.25, 19.5, 9999.0, 9999.0, 9999.0, 118.5, 122.75, 118.0, 101.5, 133.5
2023-04-06, 15:54:37, 131.0, 51.25, 18.75, 25.75, 9999.0, 1.25, 1.25, 19.5, 9999.0, 9999.0, 9999.0, 118.5, 122.75, 118.0, 100.5, 133.0
2023-04-06, 15:54:41, 129.75, 49.0, 18.5, 25.75, 9999.0, 1.25, 1.5, 19.5, 9999.0, 9999.0, 9999.0, 118.5, 122.5, 118.0, 101.5, 133.5
2023-04-06, 15:54:45, 130.75, 51.25, 18.75, 26.0, 9999.0, 1.5, 1.5, 19.75, 9999.0, 9999.0, 9999.0, 118.5, 122.75, 118.0, 101.5, 133.5
2023-04-06, 15:54:49, 130.75, 51.25, 18.75, 26.0, 9999.0, 1.25, 1.25, 19.75, 9999.0, 9999.0, 9999.0, 119.25, 122.75, 118.0, 101.25, 133.5
2023-04-06, 15:54:53, 130.75, 51.0, 18.75, 25.75, 9999.0, 1.25, 1.25, 19.5, 9999.0, 9999.0, 9999.0, 119.0, 121.5, 117.75, 100.75, 129.5
2023-04-06, 15:54:57, 130.75, 51.25, 19.0, 26.0, 9999.0, 1.25, 1.5, 19.75, 9999.0, 9999.0, 9999.0, 119.0, 122.5, 118.0, 101.5, 133.5
2023-04-06, 15:55:01, 130.75, 51.25, 18.75, 26.0, 9999.0, 1.25, 1.25, 19.75, 9999.0, 9999.0, 9999.0, 119.0, 122.5, 118.0, 101.5, 133.5
2023-04-06, 15:55:05, 130.75, 51.25, 18.75, 26.0, 9999.0, 1.25, 1.25, 19.5, 9999.0, 9999.0, 9999.0, 119.0, 122.5, 117.75, 101.5, 133.25
2023-04-06, 15:55:09, 130.75, 51.25, 18.75, 25.5, 9999.0, 1.25, 1.5, 19.5, 9999.0, 9999.0, 9999.0, 118.75, 121.0, 115.0, 101.5, 133.5
2023-04-06, 15:55:13, 130.75, 51.25, 18.75, 25.75, 9999.0, 1.25, 1.5, 19.75, 9999.0, 9999.0, 9999.0, 118.75, 122.5, 117.75, 101.5, 133.25
2023-04-06, 15:55:17, 130.75, 51.0, 18.75, 25.75, 9999.0, 1.25, 1.5, 19.5, 9999.0, 9999.0, 9999.0, 118.75, 122.75, 118.0, 101.5, 133.5
2023-04-06, 15:55:21, 130.75, 51.25, 18.75, 25.75, 9999.0, 1.0, 1.25, 19.5, 9999.0, 9999.0, 9999.0, 118.75, 122.75, 117.75, 101.5, 133.5
2023-04-06, 15:55:25, 130.75, 51.25, 18.75, 25.75, 9999.0, 1.0, 1.25, 19.75, 9999.0, 9999.0, 9999.0, 117.0, 120.75, 117.75, 101.5, 133.25
2023-04-06, 15:55:29, 130.75, 51.25, 18.75, 26.0, 9999.0, 1.0, 1.5, 19.75, 9999.0, 9999.0, 9999.0, 118.75, 122.5, 117.75, 101.5, 133.5
2023-04-06, 15:55:33, 130.75, 51.25, 18.75, 25.75, 9999.0, 1.0, 1.5, 19.5, 9999.0, 9999.0, 9999.0, 118.75, 122.75, 118.0, 101.5, 133.5
2023-04-06, 15:55:37, 130.75, 51.25, 19.0, 25.75, 9999.0, 1.0, 1.25, 19.75, 9999.0, 9999.0, 9999.0, 118.5, 122.5, 118.0, 101.75, 133.5
2023-04-06, 15:55:41, 130.75, 51.25, 18.75, 25.75, 9999.0, 1.0, 0.75, 18.75, 9999.0, 9999.0, 9999.0, 118.75, 122.75, 118.0, 101.5, 133.5
2023-04-06, 15:55:46, 130.75, 51.25, 18.75, 25.75, 9999.0, 1.0, 1.5, 19.75, 9999.0, 9999.0, 9999.0, 118.5, 122.5, 118.0, 101.5, 133.5
2023-04-06, 15:55:50, 130.75, 51.25, 18.75, 26.0, 9999.0, 1.0, 1.25, 19.5, 9999.0, 9999.0, 9999.0, 118.5, 122.5, 118.0, 101.5, 133.5
2023-04-06, 15:55:54, 130.75, 51.25, 18.75, 25.75, 9999.0, 1.0, 1.25, 19.5, 9999.0, 9999.0, 9999.0, 118.5, 122.5, 118.0, 101.5, 133.5
2023-04-06, 15:55:58, 130.75, 51.25, 18.5, 25.75, 9999.0, 0.5, 0.25, 18.0, 9999.0, 9999.0, 9999.0, 118.5, 122.5, 117.75, 101.5, 133.25
2023-04-06, 15:56:02, 130.75, 51.25, 18.75, 25.75, 9999.0, 1.25, 1.5, 19.5, 9999.0, 9999.0, 9999.0, 118.5, 122.5, 118.0, 101.5, 133.5
2023-04-06, 15:56:06, 130.75, 51.25, 18.75, 26.0, 9999.0, 1.25, 1.25, 19.75, 9999.0, 9999.0, 9999.0, 118.5, 122.5, 117.75, 101.5, 133.5
2023-04-06, 15:56:10, 130.75, 51.25, 18.75, 26.0, 9999.0, 1.25, 1.25, 19.5, 9999.0, 9999.0, 9999.0, 119.25, 122.75, 117.75, 101.5, 133.25
2023-04-06, 15:56:14, 130.5, 51.0, 17.25, 25.5, 9999.0, -0.75, 1.5, 19.5, 9999.0, 9999.0, 9999.0, 119.0, 122.5, 118.0, 101.5, 133.5
2023-04-06, 15:56:18, 130.75, 51.25, 18.75, 26.0, 9999.0, 1.25, 1.25, 19.75, 9999.0, 9999.0, 9999.0, 119.0, 122.5, 118.0, 101.5, 133.5
2023-04-06, 15:56:22, 130.75, 51.25, 18.75, 26.0, 9999.0, 1.25, 1.25, 19.5, 9999.0, 9999.0, 9999.0, 119.0, 122.5, 118.0, 101.5, 133.5
2023-04-06, 15:56:26, 130.75, 51.25, 18.75, 25.75, 9999.0, 1.0, 1.5, 19.5, 9999.0, 9999.0, 9999.0, 119.0, 122.75, 117.75, 101.5, 133.25
2023-04-06, 15:56:30, 129.5, 51.0, 18.0, 22.0, 9999.0, 1.25, 1.25, 19.75, 9999.0, 9999.0, 9999.0, 118.75, 122.5, 118.0, 101.5, 133.25
2023-04-06, 15:56:34, 130.75, 51.25, 18.75, 25.75, 9999.0, 1.25, 1.25, 19.5, 9999.0, 9999.0, 9999.0, 118.75, 122.5, 118.0, 101.5, 133.5
2023-04-06, 15:56:38, 130.75, 51.25, 18.75, 25.75, 9999.0, 1.0, 1.25, 19.75, 9999.0, 9999.0, 9999.0, 118.75, 122.5, 118.0, 101.5, 133.5
2023-04-06, 15:56:42, 130.75, 51.25, 18.5, 25.5, 9999.0, 0.75, 1.25, 19.75, 9999.0, 9999.0, 9999.0, 118.75, 122.75, 117.75, 100.75, 133.0
2023-04-06, 15:56:46, 129.25, 47.5, 18.75, 25.75, 9999.0, 1.0, 1.25, 19.5, 9999.0, 9999.0, 9999.0, 118.75, 122.5, 118.0, 101.5, 133.25
2023-04-06, 15:56:50, 131.0, 51.25, 18.75, 25.75, 9999.0, 1.0, 1.25, 19.5, 9999.0, 9999.0, 9999.0, 118.75, 122.75, 118.0, 101.5, 133.5
2023-04-06, 15:56:54, 130.75, 51.25, 18.75, 25.75, 9999.0, 1.0, 1.25, 19.75, 9999.0, 9999.0, 9999.0, 118.75, 122.75, 117.75, 101.5, 133.5
2023-04-06, 15:56:58, 130.5, 51.0, 18.75, 25.75, 9999.0, 1.0, 1.25, 19.5, 9999.0, 9999.0, 9999.0, 118.25, 121.75, 117.5, 100.25, 131.0
2023-04-06, 15:57:02, 130.75, 51.25, 18.75, 26.0, 9999.0, 1.0, 1.5, 19.5, 9999.0, 9999.0, 9999.0, 118.75, 122.5, 117.75, 101.5, 133.5
2023-04-06, 15:57:06, 130.75, 51.25, 18.75, 25.75, 9999.0, 1.0, 1.25, 19.5, 9999.0, 9999.0, 9999.0, 118.5, 122.75, 117.75, 101.5, 133.5
2023-04-06, 15:57:10, 130.75, 51.25, 18.75, 25.75, 9999.0, 1.0, 1.25, 19.5, 9999.0, 9999.0, 9999.0, 118.5, 122.75, 118.0, 101.25, 133.25
2023-04-06, 15:57:14, 130.75, 51.0, 18.75, 25.75, 9999.0, 1.25, 1.25, 19.75, 9999.0, 9999.0, 9999.0, 117.5, 121.25, 117.25, 101.5, 133.25
2023-04-06, 15:57:18, 130.75, 51.0, 18.75, 26.0, 9999.0, 1.25, 1.25, 19.75, 9999.0, 9999.0, 9999.0, 118.5, 122.5, 118.0, 101.5, 133.5
2023-04-06, 15:57:22, 130.75, 51.0, 18.75, 25.75, 9999.0, 1.25, 1.25, 19.5, 9999.0, 9999.0, 9999.0, 118.5, 122.75, 117.75, 101.5, 133.5
2023-04-06, 15:57:26, 130.75, 51.0, 18.75, 26.0, 9999.0, 1.25, 1.25, 19.5, 9999.0, 9999.0, 9999.0, 118.5, 122.5, 117.75, 101.5, 133.5
2023-04-06, 15:57:30, 130.75, 51.0, 18.75, 26.0, 9999.0, 1.25, 1.25, 18.25, 9999.0, 9999.0, 9999.0, 118.75, 122.5, 117.75, 101.5, 133.25
2023-04-06, 15:57:34, 130.75, 51.0, 18.75, 26.0, 9999.0, 1.25, 1.25, 19.5, 9999.0, 9999.0, 9999.0, 119.0, 122.5, 118.0, 101.5, 133.5
2023-04-06, 15:57:38, 130.75, 51.25, 18.75, 26.0, 9999.0, 1.25, 1.25, 19.5, 9999.0, 9999.0, 9999.0, 119.0, 122.75, 117.75, 101.25, 133.5
2023-04-06, 15:57:42, 130.75, 51.0, 18.75, 25.75, 9999.0, 1.25, 1.25, 19.5, 9999.0, 9999.0, 9999.0, 118.75, 122.5, 118.0, 101.5, 133.25
2023-04-06, 15:57:46, 130.75, 51.0, 18.5, 25.75, 9999.0, 0.0, 1.0, 18.75, 9999.0, 9999.0, 9999.0, 119.0, 122.75, 117.75, 101.5, 133.5
2023-04-06, 15:57:50, 130.75, 51.0, 18.75, 25.5, 9999.0, 1.0, 1.25, 19.5, 9999.0, 9999.0, 9999.0, 118.75, 122.5, 117.75, 101.5, 133.5
2023-04-06, 15:57:54, 130.75, 51.0, 18.75, 25.5, 9999.0, 1.25, 1.25, 19.5, 9999.0, 9999.0, 9999.0, 118.75, 122.5, 117.75, 101.5, 133.5
2023-04-06, 15:57:58, 130.75, 51.25, 18.75, 25.75, 9999.0, 1.0, 1.25, 19.5, 9999.0, 9999.0, 9999.0, 118.75, 122.5, 117.75, 101.5, 133.5
2023-04-06, 15:58:02, 130.75, 51.0, 18.5, 24.75, 9999.0, -0.25, -2.5, 19.5, 9999.0, 9999.0, 9999.0, 118.75, 122.75, 117.75, 101.5, 133.25
2023-04-06, 15:58:06, 130.75, 51.25, 18.75, 25.75, 9999.0, 1.0, 1.25, 19.5, 9999.0, 9999.0, 9999.0, 118.75, 122.75, 118.0, 101.5, 133.5
2023-04-06, 15:58:10, 130.75, 51.0, 18.75, 25.75, 9999.0, 1.0, 1.25, 19.5, 9999.0, 9999.0, 9999.0, 118.75, 122.75, 118.0, 101.5, 133.5
2023-04-06, 15:58:14, 130.75, 51.25, 18.5, 25.75, 9999.0, 0.75, 1.25, 19.5, 9999.0, 9999.0, 9999.0, 118.75, 122.75, 117.75, 101.5, 133.25
2023-04-06, 15:58:18, 130.5, 50.25, 18.5, 23.75, 9999.0, 1.0, 1.25, 19.5, 9999.0, 9999.0, 9999.0, 118.75, 122.75, 117.75, 101.5, 133.5
2023-04-06, 15:58:22, 130.75, 51.25, 18.75, 25.75, 9999.0, 1.0, 1.25, 19.5, 9999.0, 9999.0, 9999.0, 118.5, 122.75, 117.75, 101.5, 133.5
2023-04-06, 15:58:26, 130.75, 51.25, 18.75, 25.75, 9999.0, 1.0, 1.25, 19.5, 9999.0, 9999.0, 9999.0, 118.5, 122.75, 117.75, 101.5, 133.5
2023-04-06, 15:58:30, 130.75, 51.25, 18.75, 25.5, 9999.0, 0.75, 1.25, 19.5, 9999.0, 9999.0, 9999.0, 118.5, 122.75, 118.0, 101.0, 132.25
2023-04-06, 15:58:34, 130.0, 49.5, 17.5, 25.5, 9999.0, 1.25, 1.25, 19.5, 9999.0, 9999.0, 9999.0, 118.5, 122.75, 118.0, 101.5, 133.5
2023-04-06, 15:58:38, 130.75, 51.25, 18.75, 25.75, 9999.0, 1.25, 1.25, 19.5, 9999.0, 9999.0, 9999.0, 118.5, 122.5, 117.75, 101.5, 133.5
2023-04-06, 15:58:42, 130.75, 51.25, 18.75, 25.5, 9999.0, 1.0, 1.25, 19.5, 9999.0, 9999.0, 9999.0, 118.5, 122.5, 118.0, 101.5, 133.5
2023-04-06, 15:58:46, 130.75, 51.0, 18.5, 25.5, 9999.0, 1.5, 1.25, 19.5, 9999.0, 9999.0, 9999.0, 118.5, 121.25, 117.0, 100.75, 131.5
2023-04-06, 15:58:50, 130.0, 51.0, 18.75, 25.75, 9999.0, 1.25, 1.25, 19.5, 9999.0, 9999.0, 9999.0, 118.25, 122.5, 118.0, 101.5, 133.5
2023-04-06, 15:58:54, 130.75, 51.0, 18.75, 25.75, 9999.0, 1.25, 1.5, 19.5, 9999.0, 9999.0, 9999.0, 119.0, 122.5, 118.0, 101.5, 133.5
2023-04-06, 15:58:58, 130.75, 51.25, 18.75, 25.75, 9999.0, 1.25, 1.25, 19.5, 9999.0, 9999.0, 9999.0, 119.0, 122.5, 118.0, 101.5, 133.5
2023-04-06, 15:59:02, 130.5, 51.0, 18.5, 25.75, 9999.0, 1.25, 1.25, 19.5, 9999.0, 9999.0, 9999.0, 117.75, 118.5, 117.75, 101.5, 133.25
2023-04-06, 15:59:06, 130.75, 51.0, 18.75, 25.75, 9999.0, 1.25, 1.25, 19.5, 9999.0, 9999.0, 9999.0, 119.0, 122.5, 117.75, 101.5, 133.5
2023-04-06, 15:59:10, 130.75, 51.25, 18.75, 26.0, 9999.0, 1.25, 1.25, 19.5, 9999.0, 9999.0, 9999.0, 119.0, 122.5, 117.5, 101.25, 133.5
2023-04-06, 15:59:14, 130.75, 51.25, 18.75, 26.0, 9999.0, 1.0, 1.25, 19.5, 9999.0, 9999.0, 9999.0, 118.75, 122.5, 117.75, 101.5, 133.5
2023-04-06, 15:59:18, 130.75, 51.25, 18.5, 25.75, 9999.0, 1.0, 0.5, 19.25, 9999.0, 9999.0, 9999.0, 118.75, 122.5, 117.75, 101.5, 133.5
2023-04-06, 15:59:22, 130.75, 51.0, 18.75, 26.0, 9999.0, 1.0, 1.25, 19.5, 9999.0, 9999.0, 9999.0, 118.75, 122.75, 117.75, 101.5, 133.25
2023-04-06, 15:59:26, 130.75, 51.0, 18.75, 25.75, 9999.0, 1.0, 1.25, 19.5, 9999.0, 9999.0, 9999.0, 118.75, 122.75, 118.0, 101.75, 133.5
2023-04-06, 15:59:30, 130.75, 51.25, 18.75, 25.75, 9999.0, 1.0, 1.25, 19.5, 9999.0, 9999.0, 9999.0, 118.75, 122.75, 118.0, 101.5, 133.25
2023-04-06, 15:59:34, 130.75, 51.0, 17.0, 25.25, 9999.0, -1.0, 1.0, 19.5, 9999.0, 9999.0, 9999.0, 118.75, 122.75, 118.0, 101.5, 133.5
2023-04-06, 15:59:38, 130.75, 51.25, 18.5, 25.75, 9999.0, 1.0, 1.25, 19.5, 9999.0, 9999.0, 9999.0, 118.75, 122.75, 117.75, 101.75, 133.5
2023-04-06, 15:59:42, 130.75, 51.25, 18.75, 25.75, 9999.0, 1.0, 1.25, 19.5, 9999.0, 9999.0, 9999.0, 118.75, 122.75, 118.0, 101.5, 133.5
2023-04-06, 15:59:46, 130.75, 51.25, 18.5, 25.75, 9999.0, 1.0, 1.25, 19.5, 9999.0, 9999.0, 9999.0, 118.75, 122.75, 117.75, 101.75, 132.0
2023-04-06, 15:59:50, 130.5, 50.25, 16.0, 25.75, 9999.0, 1.0, 1.25, 19.5, 9999.0, 9999.0, 9999.0, 118.75, 122.5, 118.0, 101.5, 133.5
2023-04-06, 15:59:54, 130.75, 51.25, 18.75, 26.0, 9999.0, 1.0, 1.25, 19.5, 9999.0, 9999.0, 9999.0, 118.5, 122.5, 118.0, 101.75, 133.5
2023-04-06, 15:59:58, 130.75, 51.25, 18.75, 25.75, 9999.0, 1.0, 1.25, 19.5, 9999.0, 9999.0, 9999.0, 118.5, 122.75, 118.0, 101.5, 133.5
2023-04-06, 16:00:02, 130.5, 51.0, 18.5, 25.5, 9999.0, 1.25, 1.25, 19.5, 9999.0, 9999.0, 9999.0, 117.75, 121.75, 117.5, 100.5, 132.0
2023-04-06, 16:00:06, 130.75, 51.25, 18.75, 25.5, 9999.0, 1.25, 1.25, 19.5, 9999.0, 9999.0, 9999.0, 118.5, 122.75, 117.75, 101.5, 133.5
2023-04-06, 16:00:10, 130.75, 51.0, 18.75, 25.75, 9999.0, 1.25, 1.5, 19.5, 9999.0, 9999.0, 9999.0, 118.5, 122.5, 118.0, 101.5, 133.5
2023-04-06, 16:00:15, 130.75, 51.25, 18.75, 25.75, 9999.0, 1.25, 1.25, 19.75, 9999.0, 9999.0, 9999.0, 119.25, 122.75, 117.75, 101.75, 133.5
2023-04-06, 16:00:19, 130.75, 51.25, 18.75, 25.75, 9999.0, 1.25, 1.25, 19.5, 9999.0, 9999.0, 9999.0, 117.25, 121.75, 117.75, 101.75, 133.5
2023-04-06, 16:00:23, 130.75, 51.25, 18.75, 26.0, 9999.0, 1.25, 1.25, 19.5, 9999.0, 9999.0, 9999.0, 119.0, 122.5, 118.0, 101.75, 133.5
2023-04-06, 16:00:31, 130.75, 51.25, 18.75, 26.0, 9999.0, 1.25, 1.5, 19.5, 9999.0, 9999.0, 9999.0, 119.0, 122.5, 118.0, 101.75, 133.5
2023-04-06, 16:00:32, 130.75, 51.25, 18.75, 26.0, 9999.0, 1.25, 1.5, 19.5, 9999.0, 9999.0, 9999.0, 118.75, 122.5, 117.75, 101.75, 133.5
2023-04-06, 16:00:35, 130.75, 51.25, 18.75, 25.75, 9999.0, 1.0, 0.5, 19.25, 9999.0, 9999.0, 9999.0, 118.75, 122.5, 118.0, 101.75, 133.5
2023-04-06, 16:00:39, 130.75, 51.25, 18.75, 25.75, 9999.0, 1.25, 1.25, 19.5, 9999.0, 9999.0, 9999.0, 118.75, 122.5, 118.0, 101.75, 133.5
2023-04-06, 16:00:43, 130.75, 51.25, 18.75, 26.0, 9999.0, 1.25, 1.25, 19.5, 9999.0, 9999.0, 9999.0, 118.75, 122.75, 118.0, 101.75, 133.5
2023-04-06, 16:00:47, 130.75, 51.25, 18.75, 25.75, 9999.0, 1.0, 1.25, 19.5, 9999.0, 9999.0, 9999.0, 118.75, 122.75, 118.0, 101.75, 133.5
2023-04-06, 16:00:51, 130.75, 51.25, 18.5, 25.0, 9999.0, -0.75, -0.25, 19.5, 9999.0, 9999.0, 9999.0, 118.75, 122.75, 117.75, 101.75, 133.5
2023-04-06, 16:00:55, 130.75, 51.25, 18.75, 26.0, 9999.0, 1.0, 1.25, 19.75, 9999.0, 9999.0, 9999.0, 118.75, 122.75, 118.0, 101.75, 133.5
2023-04-06, 16:00:59, 130.75, 51.25, 18.75, 26.0, 9999.0, 1.0, 1.5, 19.5, 9999.0, 9999.0, 9999.0, 118.75, 122.75, 118.0, 101.75, 133.5
2023-04-06, 16:01:03, 130.75, 51.25, 18.75, 26.0, 9999.0, 1.0, 1.25, 19.5, 9999.0, 9999.0, 9999.0, 118.75, 122.75, 118.0, 101.5, 133.5
2023-04-06, 16:01:07, 130.0, 51.0, 17.25, 24.5, 9999.0, 1.0, 1.25, 19.5, 9999.0, 9999.0, 9999.0, 118.75, 122.75, 118.0, 101.75, 133.5
2023-04-06, 16:01:11, 130.75, 51.25, 18.75, 26.0, 9999.0, 1.0, 1.25, 19.75, 9999.0, 9999.0, 9999.0, 118.5, 122.75, 117.75, 101.75, 133.5
2023-04-06, 16:01:15, 130.75, 51.25, 18.75, 25.75, 9999.0, 1.0, 1.25, 19.75, 9999.0, 9999.0, 9999.0, 118.5, 122.75, 118.0, 101.75, 133.5
2023-04-06, 16:01:19, 130.75, 51.0, 18.75, 25.75, 9999.0, 1.25, 1.25, 19.5, 9999.0, 9999.0, 9999.0, 118.5, 122.75, 117.0, 101.5, 131.75
2023-04-06, 16:01:23, 130.0, 51.0, 18.75, 25.75, 9999.0, 1.25, 1.5, 19.75, 9999.0, 9999.0, 9999.0, 118.5, 122.75, 118.0, 101.75, 133.5
2023-04-06, 16:01:27, 130.75, 51.25, 18.75, 26.0, 9999.0, 1.25, 1.5, 19.75, 9999.0, 9999.0, 9999.0, 118.5, 122.75, 118.0, 101.75, 133.5
2023-04-06, 16:01:31, 130.75, 51.25, 18.75, 25.75, 9999.0, 1.5, 1.5, 19.5, 9999.0, 9999.0, 9999.0, 118.5, 122.75, 118.0, 101.75, 133.25
2023-04-06, 16:01:35, 130.75, 51.25, 18.75, 26.0, 9999.0, 1.25, 1.5, 19.75, 9999.0, 9999.0, 9999.0, 118.5, 122.0, 116.25, 101.25, 133.5
2023-04-06, 16:01:39, 130.75, 51.25, 18.75, 25.75, 9999.0, 1.25, 1.5, 19.75, 9999.0, 9999.0, 9999.0, 119.0, 122.5, 118.0, 101.75, 133.5
2023-04-06, 16:01:43, 130.75, 51.25, 18.5, 25.75, 9999.0, 1.25, 1.5, 19.5, 9999.0, 9999.0, 9999.0, 119.0, 122.5, 117.75, 101.75, 133.5
2023-04-06, 16:01:47, 130.75, 51.25, 18.75, 25.75, 9999.0, 1.25, 1.5, 19.75, 9999.0, 9999.0, 9999.0, 119.0, 122.75, 117.75, 101.75, 133.5
2023-04-06, 16:01:51, 130.75, 51.25, 18.75, 25.5, 9999.0, 1.25, 1.5, 19.5, 9999.0, 9999.0, 9999.0, 117.5, 122.25, 118.0, 101.75, 133.5
2023-04-06, 16:01:55, 130.75, 51.25, 18.75, 25.75, 9999.0, 1.25, 1.5, 19.75, 9999.0, 9999.0, 9999.0, 118.75, 122.75, 118.0, 101.75, 133.5
2023-04-06, 16:01:59, 130.75, 51.25, 18.75, 25.75, 9999.0, 1.25, 1.25, 19.75, 9999.0, 9999.0, 9999.0, 118.75, 122.5, 118.0, 101.75, 133.5
2023-04-06, 16:02:03, 130.75, 51.25, 18.75, 26.0, 9999.0, 1.25, 1.5, 19.75, 9999.0, 9999.0, 9999.0, 118.75, 122.5, 118.0, 101.75, 133.5
2023-04-06, 16:02:07, 130.75, 51.25, 18.75, 26.0, 9999.0, 1.0, -0.25, 19.5, 9999.0, 9999.0, 9999.0, 118.75, 122.75, 118.0, 101.75, 133.5
2023-04-06, 16:02:11, 130.75, 51.25, 18.75, 26.0, 9999.0, 1.25, 1.5, 19.5, 9999.0, 9999.0, 9999.0, 118.75, 122.75, 118.0, 101.5, 133.5
2023-04-06, 16:02:15, 130.75, 51.25, 18.75, 26.0, 9999.0, 1.0, 1.5, 19.5, 9999.0, 9999.0, 9999.0, 118.75, 122.75, 118.0, 101.75, 133.5
2023-04-06, 16:02:19, 130.75, 51.25, 18.75, 26.0, 9999.0, 1.0, 1.5, 19.5, 9999.0, 9999.0, 9999.0, 118.75, 122.75, 118.0, 101.75, 133.5
2023-04-06, 16:02:23, 130.75, 51.25, 18.75, 25.75, 9999.0, 0.75, 0.25, 18.0, 9999.0, 9999.0, 9999.0, 118.75, 122.75, 118.0, 101.75, 133.5
2023-04-06, 16:02:27, 130.75, 51.25, 18.75, 25.75, 9999.0, 1.0, 1.25, 19.5, 9999.0, 9999.0, 9999.0, 118.75, 122.75, 118.0, 101.75, 133.5
2023-04-06, 16:02:31, 130.75, 51.25, 18.75, 25.75, 9999.0, 1.0, 1.25, 19.5, 9999.0, 9999.0, 9999.0, 118.5, 122.75, 118.0, 101.75, 133.5
2023-04-06, 16:02:35, 130.75, 51.25, 18.75, 26.0, 9999.0, 1.0, 1.25, 19.5, 9999.0, 9999.0, 9999.0, 118.5, 122.75, 118.0, 101.75, 133.5
2023-04-06, 16:02:39, 130.75, 51.25, 17.75, 25.75, 9999.0, -2.5, 1.25, 19.5, 9999.0, 9999.0, 9999.0, 118.5, 122.75, 118.0, 101.75, 133.5
2023-04-06, 16:02:43, 130.75, 51.25, 18.75, 26.0, 9999.0, 1.25, 1.5, 19.5, 9999.0, 9999.0, 9999.0, 118.5, 122.75, 118.0, 101.75, 133.5
2023-04-06, 16:02:47, 130.75, 51.25, 18.75, 26.0, 9999.0, 1.25, 1.25, 19.5, 9999.0, 9999.0, 9999.0, 118.5, 122.75, 118.0, 101.75, 133.5
2023-04-06, 16:02:51, 130.75, 51.25, 18.75, 26.0, 9999.0, 1.25, 1.25, 19.5, 9999.0, 9999.0, 9999.0, 118.5, 122.75, 118.0, 101.75, 133.25
2023-04-06, 16:02:55, 130.0, 50.75, 17.0, 25.0, 9999.0, 1.25, 1.25, 19.75, 9999.0, 9999.0, 9999.0, 119.25, 122.75, 118.0, 101.75, 133.5
2023-04-06, 16:02:59, 130.75, 51.25, 18.75, 26.0, 9999.0, 1.25, 1.5, 19.75, 9999.0, 9999.0, 9999.0, 119.0, 122.5, 118.0, 101.5, 133.5
2023-04-06, 16:03:03, 130.75, 51.25, 18.75, 25.75, 9999.0, 1.25, 1.25, 19.75, 9999.0, 9999.0, 9999.0, 119.0, 122.75, 118.0, 101.75, 133.5
2023-04-06, 16:03:07, 130.75, 51.25, 18.5, 25.5, 9999.0, 1.25, 1.25, 19.5, 9999.0, 9999.0, 9999.0, 119.0, 122.5, 118.0, 101.0, 133.0
2023-04-06, 16:03:11, 129.5, 50.25, 18.75, 25.75, 9999.0, 1.25, 1.5, 19.5, 9999.0, 9999.0, 9999.0, 119.0, 122.5, 118.0, 101.75, 133.25
2023-04-06, 16:03:15, 130.75, 51.25, 18.75, 26.0, 9999.0, 1.25, 1.5, 19.75, 9999.0, 9999.0, 9999.0, 119.0, 122.5, 118.0, 101.75, 133.5
2023-04-06, 16:03:19, 130.75, 51.25, 18.75, 26.0, 9999.0, 1.25, 1.25, 19.5, 9999.0, 9999.0, 9999.0, 118.75, 122.5, 118.0, 101.75, 133.5
2023-04-06, 16:03:23, 130.5, 51.25, 18.75, 26.0, 9999.0, 1.0, 1.25, 19.5, 9999.0, 9999.0, 9999.0, 118.75, 121.75, 117.5, 100.25, 132.25
2023-04-06, 16:03:27, 130.75, 51.25, 18.75, 26.0, 9999.0, 1.25, 1.5, 19.5, 9999.0, 9999.0, 9999.0, 118.75, 122.75, 118.0, 101.75, 133.5
2023-04-06, 16:03:31, 130.75, 51.25, 18.75, 26.0, 9999.0, 1.0, 1.25, 19.5, 9999.0, 9999.0, 9999.0, 118.75, 122.75, 118.0, 101.75, 133.5
2023-04-06, 16:03:35, 130.75, 51.25, 18.75, 26.0, 9999.0, 1.0, 1.25, 19.5, 9999.0, 9999.0, 9999.0, 118.75, 122.75, 118.0, 101.5, 133.25
2023-04-06, 16:03:39, 130.75, 51.25, 18.75, 26.0, 9999.0, 1.0, 1.25, 19.5, 9999.0, 9999.0, 9999.0, 118.5, 121.0, 117.25, 101.75, 133.5
2023-04-06, 16:03:43, 130.75, 51.25, 18.75, 25.75, 9999.0, 1.0, 1.25, 19.75, 9999.0, 9999.0, 9999.0, 118.75, 122.75, 118.0, 101.75, 133.5
2023-04-06, 16:03:47, 130.75, 51.0, 18.75, 26.0, 9999.0, 1.0, 1.25, 19.5, 9999.0, 9999.0, 9999.0, 118.75, 122.75, 118.0, 101.75, 133.5
2023-04-06, 16:03:51, 130.75, 51.25, 18.75, 26.0, 9999.0, 1.0, 1.25, 19.5, 9999.0, 9999.0, 9999.0, 118.75, 122.5, 118.0, 101.75, 133.5
2023-04-06, 16:03:55, 130.75, 51.25, 18.75, 26.0, 9999.0, 1.0, 1.25, 19.25, 9999.0, 9999.0, 9999.0, 118.0, 122.75, 118.0, 101.75, 133.5
2023-04-06, 16:03:59, 130.75, 51.0, 19.0, 25.75, 9999.0, 1.25, 1.25, 19.5, 9999.0, 9999.0, 9999.0, 118.5, 122.75, 118.0, 101.5, 133.5
2023-04-06, 16:04:03, 130.75, 51.25, 19.0, 26.0, 9999.0, 1.25, 1.25, 19.5, 9999.0, 9999.0, 9999.0, 118.5, 122.5, 118.0, 101.75, 133.5
2023-04-06, 16:04:07, 130.75, 51.25, 18.75, 26.0, 9999.0, 1.25, 1.25, 19.5, 9999.0, 9999.0, 9999.0, 118.5, 122.5, 118.0, 101.5, 133.5
2023-04-06, 16:04:11, 130.75, 51.25, 18.75, 26.0, 9999.0, 1.0, 0.75, 19.25, 9999.0, 9999.0, 9999.0, 118.5, 122.5, 118.0, 101.75, 133.5
2023-04-06, 16:04:15, 130.75, 51.25, 19.0, 25.75, 9999.0, 1.25, 1.5, 19.75, 9999.0, 9999.0, 9999.0, 118.5, 122.5, 118.0, 101.75, 133.5
2023-04-06, 16:04:19, 130.75, 51.25, 18.75, 26.0, 9999.0, 1.25, 1.25, 19.5, 9999.0, 9999.0, 9999.0, 119.0, 122.5, 118.0, 101.5, 133.5
2023-04-06, 16:04:23, 130.75, 51.25, 18.75, 26.0, 9999.0, 1.25, 1.25, 19.5, 9999.0, 9999.0, 9999.0, 119.0, 122.5, 118.0, 101.5, 133.5
2023-04-06, 16:04:27, 130.75, 51.0, 18.75, 25.75, 9999.0, 0.75, 0.0, 19.0, 9999.0, 9999.0, 9999.0, 119.0, 122.5, 118.0, 101.75, 133.25
2023-04-06, 16:04:31, 130.75, 51.25, 18.75, 26.0, 9999.0, 1.25, 1.5, 19.75, 9999.0, 9999.0, 9999.0, 119.0, 122.5, 118.0, 101.5, 133.5
2023-04-06, 16:04:35, 130.75, 51.25, 18.75, 26.0, 9999.0, 1.25, 1.25, 19.5, 9999.0, 9999.0, 9999.0, 119.0, 122.5, 118.0, 101.75, 133.5
2023-04-06, 16:04:40, 130.75, 51.25, 18.75, 25.75, 9999.0, 1.25, 1.25, 19.5, 9999.0, 9999.0, 9999.0, 118.75, 122.5, 117.75, 101.75, 133.25
2023-04-06, 16:04:44, 130.75, 51.0, 18.0, 25.25, 9999.0, 0.5, 1.5, 19.5, 9999.0, 9999.0, 9999.0, 118.75, 122.5, 118.0, 101.75, 133.5
2023-04-06, 16:04:48, 130.75, 51.25, 18.75, 25.75, 9999.0, 1.25, 1.25, 19.5, 9999.0, 9999.0, 9999.0, 118.75, 122.75, 118.0, 101.5, 133.25
2023-04-06, 16:04:52, 130.75, 51.25, 18.75, 25.75, 9999.0, 1.0, 1.25, 19.5, 9999.0, 9999.0, 9999.0, 118.75, 122.75, 118.0, 101.75, 133.5
2023-04-06, 16:04:56, 130.75, 51.25, 18.75, 25.5, 9999.0, 1.0, 1.25, 19.5, 9999.0, 9999.0, 9999.0, 118.75, 122.75, 118.0, 101.75, 133.0
2023-04-06, 16:05:00, 130.25, 50.5, 16.75, 25.0, 9999.0, 1.0, 1.25, 19.75, 9999.0, 9999.0, 9999.0, 118.75, 122.75, 118.0, 101.5, 133.5
2023-04-06, 16:05:04, 130.75, 51.25, 18.75, 25.75, 9999.0, 1.0, 1.25, 19.75, 9999.0, 9999.0, 9999.0, 118.75, 122.75, 118.0, 101.5, 133.5
2023-04-06, 16:05:08, 130.75, 51.25, 18.75, 26.0, 9999.0, 1.0, 1.25, 19.5, 9999.0, 9999.0, 9999.0, 118.75, 122.75, 118.0, 101.5, 133.5
2023-04-06, 16:05:12, 130.75, 51.0, 18.5, 26.0, 9999.0, 1.0, 1.25, 19.5, 9999.0, 9999.0, 9999.0, 118.5, 122.75, 116.5, 101.25, 132.5
2023-04-06, 16:05:16, 128.75, 50.75, 18.75, 25.75, 9999.0, 1.0, 1.25, 19.5, 9999.0, 9999.0, 9999.0, 118.5, 122.75, 118.0, 101.5, 133.25
2023-04-06, 16:05:20, 130.75, 51.0, 18.75, 25.75, 9999.0, 1.0, 1.25, 19.5, 9999.0, 9999.0, 9999.0, 118.5, 122.5, 118.0, 101.5, 133.5
2023-04-06, 16:05:24, 130.75, 51.0, 18.75, 26.0, 9999.0, 1.0, 1.25, 19.5, 9999.0, 9999.0, 9999.0, 118.5, 122.75, 118.0, 101.75, 133.5
2023-04-06, 16:05:28, 130.75, 51.0, 18.75, 25.75, 9999.0, 1.0, 1.25, 19.5, 9999.0, 9999.0, 9999.0, 117.25, 122.25, 117.0, 100.0, 133.25
2023-04-06, 16:05:32, 130.75, 51.0, 18.75, 25.75, 9999.0, 1.25, 1.25, 19.5, 9999.0, 9999.0, 9999.0, 118.5, 122.5, 118.0, 101.5, 133.5
2023-04-06, 16:05:36, 130.75, 51.0, 18.75, 25.75, 9999.0, 1.25, 1.25, 19.75, 9999.0, 9999.0, 9999.0, 118.25, 122.5, 118.0, 101.5, 133.5
2023-04-06, 16:05:40, 130.75, 51.0, 18.75, 26.0, 9999.0, 1.25, 1.25, 19.5, 9999.0, 9999.0, 9999.0, 119.25, 122.5, 118.0, 101.5, 133.25
2023-04-06, 16:05:44, 130.75, 51.0, 18.75, 26.0, 9999.0, 1.25, 1.25, 19.5, 9999.0, 9999.0, 9999.0, 118.0, 120.25, 117.75, 101.5, 133.5
2023-04-06, 16:05:48, 130.75, 51.0, 18.75, 25.75, 9999.0, 1.25, 1.25, 19.5, 9999.0, 9999.0, 9999.0, 119.0, 122.5, 118.0, 101.75, 133.5
2023-04-06, 16:05:52, 130.75, 51.0, 18.75, 25.75, 9999.0, 1.0, 1.25, 19.5, 9999.0, 9999.0, 9999.0, 119.0, 122.5, 118.0, 101.75, 133.5
2023-04-06, 16:05:56, 130.75, 51.0, 18.75, 25.5, 9999.0, 1.25, 1.5, 19.5, 9999.0, 9999.0, 9999.0, 119.0, 122.5, 118.0, 101.5, 133.25
2023-04-06, 16:06:00, 130.75, 51.25, 18.75, 25.5, 9999.0, 1.0, 1.25, 18.5, 9999.0, 9999.0, 9999.0, 118.5, 122.5, 118.0, 101.5, 133.5
2023-04-06, 16:06:04, 130.75, 51.0, 18.75, 25.75, 9999.0, 1.0, 1.25, 19.5, 9999.0, 9999.0, 9999.0, 118.75, 122.5, 118.0, 101.5, 133.25
2023-04-06, 16:06:08, 130.75, 51.25, 18.75, 26.0, 9999.0, 1.0, 1.25, 19.5, 9999.0, 9999.0, 9999.0, 118.75, 122.75, 118.0, 101.5, 133.5
2023-04-06, 16:06:12, 130.75, 51.25, 18.75, 26.0, 9999.0, 1.0, 1.25, 19.5, 9999.0, 9999.0, 9999.0, 118.75, 122.75, 118.0, 101.75, 133.5
2023-04-06, 16:06:16, 130.75, 51.0, 18.75, 26.0, 9999.0, -0.5, 0.75, 18.5, 9999.0, 9999.0, 9999.0, 118.75, 122.75, 118.0, 101.5, 133.5
2023-04-06, 16:06:20, 130.75, 51.0, 18.75, 26.0, 9999.0, 1.0, 1.25, 19.5, 9999.0, 9999.0, 9999.0, 118.75, 122.75, 118.0, 101.75, 133.5
2023-04-06, 16:06:24, 130.75, 51.0, 18.75, 26.0, 9999.0, 1.0, 1.25, 19.5, 9999.0, 9999.0, 9999.0, 118.75, 122.75, 118.0, 101.5, 133.5
2023-04-06, 16:06:28, 130.75, 51.0, 18.75, 26.0, 9999.0, 1.0, 1.25, 19.5, 9999.0, 9999.0, 9999.0, 118.75, 122.75, 118.0, 101.5, 133.25
2023-04-06, 16:06:32, 130.75, 51.0, 18.75, 24.25, 9999.0, -0.25, -0.5, 19.0, 9999.0, 9999.0, 9999.0, 118.5, 122.75, 118.0, 101.5, 133.5
2023-04-06, 16:06:36, 130.75, 51.0, 18.75, 25.75, 9999.0, 1.0, 1.25, 19.5, 9999.0, 9999.0, 9999.0, 118.5, 122.75, 118.0, 101.5, 133.5
2023-04-06, 16:06:40, 130.75, 51.25, 18.75, 26.0, 9999.0, 1.0, 1.25, 19.5, 9999.0, 9999.0, 9999.0, 118.5, 122.75, 118.0, 101.5, 133.5
2023-04-06, 16:06:44, 130.75, 51.0, 18.75, 26.0, 9999.0, 1.0, 1.0, 19.5, 9999.0, 9999.0, 9999.0, 118.5, 122.75, 118.0, 101.5, 133.25
2023-04-06, 16:06:48, 130.75, 50.25, 18.0, 25.0, 9999.0, 0.25, 1.25, 19.5, 9999.0, 9999.0, 9999.0, 118.5, 122.75, 118.0, 101.5, 133.25
2023-04-06, 16:06:52, 130.75, 51.0, 18.75, 25.75, 9999.0, 1.25, 1.25, 19.5, 9999.0, 9999.0, 9999.0, 118.5, 122.5, 118.0, 101.5, 133.5
2023-04-06, 16:06:56, 130.75, 51.25, 18.75, 25.75, 9999.0, 1.25, 1.25, 19.5, 9999.0, 9999.0, 9999.0, 118.5, 122.75, 118.0, 101.5, 133.5
2023-04-06, 16:07:00, 130.75, 51.0, 18.75, 25.75, 9999.0, 1.0, 1.25, 19.5, 9999.0, 9999.0, 9999.0, 119.25, 122.75, 118.0, 101.5, 133.0
2023-04-06, 16:07:04, 129.75, 50.5, 17.0, 24.0, 9999.0, 1.25, 1.25, 19.5, 9999.0, 9999.0, 9999.0, 119.0, 122.5, 118.0, 101.5, 133.25
2023-04-06, 16:07:08, 130.75, 51.0, 18.75, 25.75, 9999.0, 1.25, 1.25, 19.5, 9999.0, 9999.0, 9999.0, 119.0, 122.5, 118.0, 101.75, 133.5
2023-04-06, 16:07:12, 130.75, 51.0, 18.75, 25.75, 9999.0, 1.0, 1.25, 19.5, 9999.0, 9999.0, 9999.0, 119.0, 122.5, 118.0, 101.5, 133.25
2023-04-06, 16:07:16, 130.75, 51.0, 18.5, 25.75, 9999.0, 1.0, 1.25, 19.5, 9999.0, 9999.0, 9999.0, 118.75, 122.5, 117.25, 100.75, 132.5
2023-04-06, 16:07:20, 129.5, 50.75, 18.75, 25.75, 9999.0, 1.0, 1.25, 19.5, 9999.0, 9999.0, 9999.0, 118.75, 122.5, 118.0, 101.5, 133.5
2023-04-06, 16:07:24, 130.75, 51.0, 18.75, 25.75, 9999.0, 1.0, 1.25, 19.5, 9999.0, 9999.0, 9999.0, 118.75, 122.5, 118.0, 101.5, 133.25
2023-04-06, 16:07:28, 130.75, 51.0, 18.75, 26.0, 9999.0, 1.0, 1.25, 19.5, 9999.0, 9999.0, 9999.0, 118.75, 122.75, 118.0, 101.5, 133.5
2023-04-06, 16:07:32, 130.5, 51.0, 18.75, 25.5, 9999.0, 1.0, 1.25, 19.5, 9999.0, 9999.0, 9999.0, 117.25, 122.0, 117.0, 100.0, 133.25
2023-04-06, 16:07:36, 130.75, 51.0, 18.75, 25.75, 9999.0, 1.0, 1.25, 19.5, 9999.0, 9999.0, 9999.0, 118.75, 122.75, 118.0, 101.5, 133.5
2023-04-06, 16:07:40, 130.75, 51.0, 18.75, 25.75, 9999.0, 1.0, 1.25, 19.5, 9999.0, 9999.0, 9999.0, 118.75, 122.75, 118.0, 101.5, 133.5
2023-04-06, 16:07:44, 130.75, 51.0, 18.75, 26.0, 9999.0, 1.0, 1.25, 19.5, 9999.0, 9999.0, 9999.0, 118.75, 122.75, 118.0, 101.5, 133.25
2023-04-06, 16:07:48, 130.75, 51.0, 18.75, 26.0, 9999.0, 1.0, 1.25, 19.5, 9999.0, 9999.0, 9999.0, 117.5, 120.75, 117.75, 101.5, 133.5
2023-04-06, 16:07:52, 130.75, 51.0, 18.75, 25.75, 9999.0, 1.0, 1.25, 19.5, 9999.0, 9999.0, 9999.0, 118.75, 122.75, 118.0, 101.5, 133.5
2023-04-06, 16:07:56, 130.75, 51.0, 18.75, 25.75, 9999.0, 1.0, 1.25, 19.5, 9999.0, 9999.0, 9999.0, 118.5, 122.75, 118.0, 101.5, 133.5
2023-04-06, 16:08:00, 130.75, 51.0, 18.75, 25.75, 9999.0, 1.0, 1.25, 19.5, 9999.0, 9999.0, 9999.0, 118.5, 122.5, 118.0, 101.5, 133.25
2023-04-06, 16:08:04, 130.75, 51.0, 18.75, 25.75, 9999.0, 1.0, 1.25, 19.0, 9999.0, 9999.0, 9999.0, 118.0, 122.5, 118.0, 101.5, 133.5
2023-04-06, 16:08:08, 130.75, 51.0, 18.75, 25.5, 9999.0, 1.0, 1.25, 19.5, 9999.0, 9999.0, 9999.0, 118.5, 122.5, 118.0, 101.5, 133.25
2023-04-06, 16:08:12, 130.75, 51.0, 18.75, 25.75, 9999.0, 1.25, 1.25, 19.5, 9999.0, 9999.0, 9999.0, 118.5, 122.75, 118.0, 101.5, 133.5
2023-04-06, 16:08:16, 130.75, 51.0, 18.75, 25.75, 9999.0, 1.25, 1.25, 19.5, 9999.0, 9999.0, 9999.0, 118.25, 122.5, 118.0, 101.5, 133.25
2023-04-06, 16:08:20, 130.75, 51.0, 18.75, 25.5, 9999.0, 0.25, 1.0, 18.75, 9999.0, 9999.0, 9999.0, 119.0, 122.5, 118.0, 101.5, 133.5
2023-04-06, 16:08:24, 130.75, 51.0, 18.75, 25.5, 9999.0, 1.25, 1.25, 19.5, 9999.0, 9999.0, 9999.0, 119.0, 122.75, 118.0, 101.5, 133.5
2023-04-06, 16:08:28, 130.75, 51.0, 18.75, 25.5, 9999.0, 1.0, 1.25, 19.5, 9999.0, 9999.0, 9999.0, 119.0, 122.5, 118.0, 101.5, 133.25
2023-04-06, 16:08:32, 130.75, 51.0, 18.75, 25.75, 9999.0, 1.0, 1.25, 19.5, 9999.0, 9999.0, 9999.0, 119.0, 122.5, 118.0, 101.5, 133.25
2023-04-06, 16:08:36, 130.5, 51.0, 18.75, 25.5, 9999.0, 0.5, -0.5, 19.0, 9999.0, 9999.0, 9999.0, 119.0, 122.5, 118.0, 101.5, 133.25
2023-04-06, 16:08:40, 130.75, 51.0, 18.75, 26.0, 9999.0, 1.0, 1.25, 19.5, 9999.0, 9999.0, 9999.0, 118.75, 122.5, 117.75, 101.5, 133.25
2023-04-06, 16:08:44, 130.75, 51.0, 18.75, 26.0, 9999.0, 1.0, 1.25, 19.5, 9999.0, 9999.0, 9999.0, 118.75, 122.5, 118.0, 101.5, 133.25
2023-04-06, 16:08:48, 130.75, 51.0, 18.75, 25.75, 9999.0, 1.0, 1.0, 19.5, 9999.0, 9999.0, 9999.0, 118.75, 122.75, 118.0, 101.5, 133.25
2023-04-06, 16:08:52, 130.75, 51.0, 18.0, 25.75, 9999.0, -0.25, 1.25, 19.5, 9999.0, 9999.0, 9999.0, 118.75, 122.75, 118.0, 101.5, 133.5
2023-04-06, 16:08:56, 130.75, 51.0, 18.75, 26.0, 9999.0, 1.0, 1.25, 19.5, 9999.0, 9999.0, 9999.0, 118.75, 122.75, 118.0, 101.5, 133.5
2023-04-06, 16:09:00, 130.75, 51.0, 18.75, 26.0, 9999.0, 1.0, 1.25, 19.5, 9999.0, 9999.0, 9999.0, 118.75, 122.75, 118.0, 101.5, 133.5
2023-04-06, 16:09:04, 130.75, 51.0, 18.75, 26.0, 9999.0, 1.0, 1.25, 19.5, 9999.0, 9999.0, 9999.0, 118.75, 122.75, 118.0, 101.5, 133.25
2023-04-06, 16:09:09, 130.0, 50.75, 17.25, 24.5, 9999.0, 1.0, 1.25, 19.5, 9999.0, 9999.0, 9999.0, 118.75, 122.75, 118.0, 101.5, 133.5
2023-04-06, 16:09:13, 130.75, 51.0, 18.75, 26.0, 9999.0, 1.0, 1.25, 19.5, 9999.0, 9999.0, 9999.0, 118.5, 122.75, 117.75, 101.75, 133.5
2023-04-06, 16:09:17, 130.75, 51.0, 18.75, 26.0, 9999.0, 1.0, 1.25, 19.5, 9999.0, 9999.0, 9999.0, 118.5, 122.75, 117.75, 101.75, 133.5
2023-04-06, 16:09:21, 130.75, 51.0, 18.5, 25.75, 9999.0, 0.75, 1.25, 19.5, 9999.0, 9999.0, 9999.0, 118.5, 122.75, 118.0, 101.0, 133.0
2023-04-06, 16:09:25, 129.25, 50.25, 18.75, 25.75, 9999.0, 1.0, 1.25, 19.5, 9999.0, 9999.0, 9999.0, 118.5, 122.75, 118.0, 101.75, 133.25
2023-04-06, 16:09:29, 130.75, 51.0, 18.75, 26.0, 9999.0, 1.0, 1.25, 19.5, 9999.0, 9999.0, 9999.0, 118.5, 122.75, 118.0, 101.75, 133.5
2023-04-06, 16:09:33, 130.75, 51.25, 18.75, 25.75, 9999.0, 1.25, 1.25, 19.5, 9999.0, 9999.0, 9999.0, 118.5, 122.75, 118.0, 101.75, 133.5
2023-04-06, 16:09:37, 130.75, 51.0, 18.75, 26.0, 9999.0, 1.25, 1.25, 19.5, 9999.0, 9999.0, 9999.0, 118.25, 121.75, 117.75, 100.25, 129.25
2023-04-06, 16:09:41, 130.75, 51.0, 18.75, 26.0, 9999.0, 1.25, 1.25, 19.5, 9999.0, 9999.0, 9999.0, 119.0, 122.5, 118.0, 101.75, 133.5
2023-04-06, 16:09:45, 130.75, 51.25, 18.75, 26.0, 9999.0, 1.25, 1.25, 19.5, 9999.0, 9999.0, 9999.0, 119.0, 122.75, 118.0, 101.75, 133.5
2023-04-06, 16:09:49, 130.75, 51.0, 18.75, 26.0, 9999.0, 1.25, 1.25, 19.5, 9999.0, 9999.0, 9999.0, 119.0, 122.75, 118.0, 101.75, 133.5
2023-04-06, 16:09:53, 130.75, 51.0, 18.75, 25.75, 9999.0, 1.0, 1.25, 19.5, 9999.0, 9999.0, 9999.0, 118.75, 121.25, 114.75, 101.5, 133.5
2023-04-06, 16:09:57, 130.75, 51.25, 19.0, 26.0, 9999.0, 1.25, 1.25, 19.5, 9999.0, 9999.0, 9999.0, 119.0, 122.5, 118.0, 101.75, 133.25
2023-04-06, 16:10:01, 130.75, 51.0, 19.0, 26.0, 9999.0, 1.0, 1.25, 19.5, 9999.0, 9999.0, 9999.0, 118.75, 122.5, 118.0, 101.75, 133.5
2023-04-06, 16:10:05, 130.75, 51.0, 18.75, 26.0, 9999.0, 1.25, 1.25, 19.5, 9999.0, 9999.0, 9999.0, 118.75, 122.5, 117.75, 101.5, 133.5
2023-04-06, 16:10:09, 130.75, 51.0, 18.75, 25.75, 9999.0, 1.0, 1.25, 19.5, 9999.0, 9999.0, 9999.0, 115.75, 122.75, 118.0, 101.75, 133.5
2023-04-06, 16:10:13, 130.75, 51.0, 18.75, 25.75, 9999.0, 1.0, 1.25, 19.5, 9999.0, 9999.0, 9999.0, 118.75, 122.75, 118.0, 101.75, 133.5
2023-04-06, 16:10:17, 130.75, 51.0, 18.75, 25.75, 9999.0, 1.0, 1.25, 19.5, 9999.0, 9999.0, 9999.0, 118.75, 122.75, 118.0, 101.75, 133.5
2023-04-06, 16:10:21, 130.75, 51.25, 18.75, 26.0, 9999.0, 1.0, 1.25, 19.75, 9999.0, 9999.0, 9999.0, 118.75, 122.75, 117.75, 101.75, 133.5
2023-04-06, 16:10:25, 130.75, 51.25, 18.75, 26.0, 9999.0, 1.0, 0.25, 19.5, 9999.0, 9999.0, 9999.0, 118.75, 122.75, 118.0, 101.75, 133.5
2023-04-06, 16:10:29, 130.75, 51.25, 19.0, 26.0, 9999.0, 1.0, 1.25, 19.5, 9999.0, 9999.0, 9999.0, 118.75, 122.75, 118.0, 101.75, 133.5
2023-04-06, 16:10:33, 130.75, 51.25, 18.75, 26.0, 9999.0, 1.0, 1.25, 19.75, 9999.0, 9999.0, 9999.0, 118.75, 122.75, 118.0, 101.75, 133.5
2023-04-06, 16:10:37, 130.75, 51.25, 18.75, 26.0, 9999.0, 1.0, 1.25, 19.75, 9999.0, 9999.0, 9999.0, 118.5, 122.75, 118.0, 101.75, 133.5
2023-04-06, 16:10:41, 130.75, 51.0, 18.75, 25.75, 9999.0, 0.75, 0.25, 18.0, 9999.0, 9999.0, 9999.0, 118.5, 122.75, 118.0, 101.75, 133.5
2023-04-06, 16:10:45, 130.75, 51.25, 19.0, 25.75, 9999.0, 1.25, 1.25, 19.75, 9999.0, 9999.0, 9999.0, 118.5, 122.75, 118.0, 101.75, 133.5
2023-04-06, 16:10:49, 130.75, 51.0, 19.0, 25.75, 9999.0, 1.25, 1.25, 19.5, 9999.0, 9999.0, 9999.0, 118.5, 122.75, 118.0, 101.75, 133.5
2023-04-06, 16:10:53, 130.75, 51.25, 19.0, 25.75, 9999.0, 1.25, 1.25, 19.5, 9999.0, 9999.0, 9999.0, 118.5, 122.75, 118.0, 101.75, 133.5
2023-04-06, 16:10:57, 130.75, 51.25, 17.75, 25.5, 9999.0, -1.75, 1.5, 19.75, 9999.0, 9999.0, 9999.0, 118.5, 122.75, 118.0, 101.75, 133.5
2023-04-06, 16:11:01, 130.75, 51.0, 18.75, 25.75, 9999.0, 1.25, 1.5, 19.5, 9999.0, 9999.0, 9999.0, 119.25, 122.75, 118.0, 101.75, 133.5
2023-04-06, 16:11:05, 130.75, 51.25, 18.75, 25.75, 9999.0, 1.25, 1.5, 19.75, 9999.0, 9999.0, 9999.0, 119.0, 122.5, 118.0, 101.75, 133.5
2023-04-06, 16:11:09, 130.75, 51.25, 18.75, 26.0, 9999.0, 1.25, 1.25, 19.75, 9999.0, 9999.0, 9999.0, 119.0, 122.75, 118.0, 101.75, 133.5
2023-04-06, 16:11:13, 130.0, 51.0, 17.5, 21.75, 9999.0, 1.25, 1.5, 19.75, 9999.0, 9999.0, 9999.0, 119.0, 122.75, 118.0, 101.75, 133.5
2023-04-06, 16:11:17, 130.75, 51.25, 18.75, 26.0, 9999.0, 1.25, 1.5, 19.75, 9999.0, 9999.0, 9999.0, 119.0, 122.5, 118.0, 101.75, 133.5
2023-04-06, 16:11:21, 130.75, 51.25, 19.0, 26.0, 9999.0, 1.25, 1.5, 19.5, 9999.0, 9999.0, 9999.0, 119.0, 122.5, 118.0, 101.75, 133.5
2023-04-06, 16:11:25, 130.75, 51.25, 18.75, 26.0, 9999.0, 1.25, 1.5, 19.75, 9999.0, 9999.0, 9999.0, 118.75, 122.5, 117.75, 101.0, 133.0
2023-04-06, 16:11:29, 129.0, 48.75, 18.75, 26.0, 9999.0, 1.25, 1.5, 19.75, 9999.0, 9999.0, 9999.0, 119.0, 122.75, 118.0, 101.75, 133.5
2023-04-06, 16:11:33, 130.75, 51.25, 19.0, 26.0, 9999.0, 1.25, 1.5, 19.75, 9999.0, 9999.0, 9999.0, 118.75, 123.0, 118.0, 101.75, 133.5
2023-04-06, 16:11:37, 130.75, 51.25, 19.0, 26.0, 9999.0, 1.25, 1.5, 19.75, 9999.0, 9999.0, 9999.0, 118.75, 122.75, 118.0, 101.75, 133.5
2023-04-06, 16:11:41, 130.75, 51.0, 19.0, 26.0, 9999.0, 1.0, 1.25, 19.5, 9999.0, 9999.0, 9999.0, 118.25, 122.0, 117.25, 100.5, 131.75
2023-04-06, 16:11:45, 130.75, 51.25, 18.75, 26.0, 9999.0, 1.0, 1.5, 19.75, 9999.0, 9999.0, 9999.0, 118.75, 122.75, 118.0, 101.75, 133.5
2023-04-06, 16:11:49, 130.75, 51.25, 19.0, 26.0, 9999.0, 1.0, 1.25, 19.75, 9999.0, 9999.0, 9999.0, 118.75, 122.75, 118.0, 101.75, 133.5
2023-04-06, 16:11:53, 130.75, 51.25, 19.0, 26.0, 9999.0, 1.0, 1.25, 19.75, 9999.0, 9999.0, 9999.0, 118.75, 122.75, 118.0, 101.75, 133.5
2023-04-06, 16:11:57, 130.75, 51.25, 18.75, 26.0, 9999.0, 1.0, 1.25, 19.5, 9999.0, 9999.0, 9999.0, 117.5, 121.25, 117.75, 101.75, 133.5
2023-04-06, 16:12:01, 130.75, 51.25, 19.0, 26.0, 9999.0, 1.0, 1.25, 19.75, 9999.0, 9999.0, 9999.0, 118.5, 122.75, 118.0, 102.0, 133.5
2023-04-06, 16:12:05, 130.75, 51.25, 19.0, 26.0, 9999.0, 1.25, 1.25, 19.5, 9999.0, 9999.0, 9999.0, 118.5, 122.75, 118.0, 101.75, 133.5
2023-04-06, 16:12:09, 130.75, 51.25, 19.0, 26.0, 9999.0, 1.25, 1.25, 19.5, 9999.0, 9999.0, 9999.0, 118.5, 122.5, 118.0, 101.75, 133.5
2023-04-06, 16:12:13, 131.0, 51.25, 19.0, 25.75, 9999.0, 1.25, 1.5, 18.25, 9999.0, 9999.0, 9999.0, 118.5, 122.75, 118.0, 101.75, 133.5
2023-04-06, 16:12:17, 130.75, 51.25, 19.0, 26.0, 9999.0, 1.25, 1.5, 19.75, 9999.0, 9999.0, 9999.0, 118.5, 122.75, 118.0, 101.75, 133.5
2023-04-06, 16:12:21, 130.75, 51.25, 19.0, 26.0, 9999.0, 1.5, 1.5, 19.75, 9999.0, 9999.0, 9999.0, 119.0, 122.75, 118.0, 101.75, 133.5
2023-04-06, 16:12:25, 130.75, 51.25, 18.75, 26.0, 9999.0, 1.25, 1.5, 19.75, 9999.0, 9999.0, 9999.0, 119.0, 122.75, 118.0, 101.75, 133.5
2023-04-06, 16:12:29, 130.75, 51.25, 18.75, 25.75, 9999.0, 0.0, 1.25, 18.75, 9999.0, 9999.0, 9999.0, 119.0, 122.75, 118.0, 101.75, 133.5
2023-04-06, 16:12:33, 130.75, 51.25, 19.0, 25.75, 9999.0, 1.25, 1.5, 19.75, 9999.0, 9999.0, 9999.0, 119.0, 122.75, 118.0, 101.75, 133.5
2023-04-06, 16:12:37, 130.75, 51.25, 19.0, 26.0, 9999.0, 1.25, 1.5, 19.5, 9999.0, 9999.0, 9999.0, 119.0, 122.75, 118.0, 101.75, 133.5
2023-04-06, 16:12:41, 131.0, 51.25, 19.0, 26.0, 9999.0, 1.25, 1.5, 19.5, 9999.0, 9999.0, 9999.0, 119.0, 122.75, 118.0, 101.75, 133.5
2023-04-06, 16:12:45, 130.75, 51.25, 19.0, 24.75, 9999.0, 0.25, -2.25, 19.5, 9999.0, 9999.0, 9999.0, 119.0, 122.75, 118.0, 101.75, 133.5
2023-04-06, 16:12:49, 130.75, 51.25, 19.0, 26.0, 9999.0, 1.25, 1.5, 19.75, 9999.0, 9999.0, 9999.0, 119.0, 122.75, 118.0, 101.75, 133.5
2023-04-06, 16:12:53, 130.75, 51.25, 19.0, 26.0, 9999.0, 1.25, 1.25, 19.5, 9999.0, 9999.0, 9999.0, 119.0, 123.0, 118.0, 101.75, 133.5
2023-04-06, 16:12:57, 131.0, 51.25, 19.0, 26.0, 9999.0, 1.0, 1.25, 19.5, 9999.0, 9999.0, 9999.0, 118.75, 122.75, 118.0, 101.75, 133.5
2023-04-06, 16:13:01, 130.75, 50.5, 18.5, 24.25, 9999.0, 1.25, 1.5, 19.75, 9999.0, 9999.0, 9999.0, 118.75, 122.75, 118.0, 101.75, 133.5
2023-04-06, 16:13:05, 131.0, 51.25, 19.0, 26.0, 9999.0, 1.0, 1.5, 19.75, 9999.0, 9999.0, 9999.0, 118.75, 123.0, 118.0, 101.75, 133.5
2023-04-06, 16:13:09, 131.0, 51.5, 19.0, 26.0, 9999.0, 1.25, 1.5, 19.75, 9999.0, 9999.0, 9999.0, 118.75, 122.75, 118.0, 101.75, 133.5
2023-04-06, 16:13:13, 131.0, 51.25, 18.75, 26.0, 9999.0, 1.0, 1.5, 19.5, 9999.0, 9999.0, 9999.0, 118.75, 122.75, 118.0, 101.75, 132.5
2023-04-06, 16:13:17, 130.5, 49.25, 16.75, 25.75, 9999.0, 1.0, 1.5, 19.75, 9999.0, 9999.0, 9999.0, 118.75, 122.75, 118.0, 101.75, 133.5
2023-04-06, 16:13:21, 130.75, 51.25, 18.75, 26.0, 9999.0, 1.0, 1.5, 19.75, 9999.0, 9999.0, 9999.0, 118.5, 122.75, 118.0, 101.75, 133.5
2023-04-06, 16:13:25, 131.0, 51.25, 19.0, 25.5, 9999.0, 1.25, 1.5, 19.75, 9999.0, 9999.0, 9999.0, 118.5, 122.75, 118.0, 101.75, 133.5
2023-04-06, 16:13:29, 131.0, 51.25, 19.0, 25.75, 9999.0, 1.25, 1.5, 19.75, 9999.0, 9999.0, 9999.0, 118.5, 122.75, 118.0, 101.0, 133.25
2023-04-06, 16:13:33, 129.5, 46.5, 19.0, 25.75, 9999.0, 1.25, 1.5, 19.75, 9999.0, 9999.0, 9999.0, 118.5, 123.0, 118.0, 101.75, 133.5
2023-04-06, 16:13:38, 130.75, 51.25, 18.75, 26.0, 9999.0, 1.5, 1.5, 19.75, 9999.0, 9999.0, 9999.0, 118.5, 122.75, 118.0, 101.75, 133.5
2023-04-06, 16:13:42, 131.0, 51.5, 19.0, 26.0, 9999.0, 1.25, 1.5, 19.75, 9999.0, 9999.0, 9999.0, 119.25, 122.75, 118.0, 101.75, 133.5
2023-04-06, 16:13:46, 131.0, 51.25, 18.75, 25.75, 9999.0, 1.5, 1.5, 19.75, 9999.0, 9999.0, 9999.0, 119.0, 122.75, 116.75, 101.5, 132.25
2023-04-06, 16:13:50, 129.0, 51.25, 19.0, 25.75, 9999.0, 1.5, 1.5, 19.75, 9999.0, 9999.0, 9999.0, 119.0, 123.0, 118.0, 101.75, 133.5
2023-04-06, 16:13:54, 131.0, 51.25, 19.0, 25.75, 9999.0, 1.25, 1.5, 19.75, 9999.0, 9999.0, 9999.0, 119.0, 122.75, 118.0, 101.75, 133.5
2023-04-06, 16:13:58, 131.0, 51.25, 19.0, 25.75, 9999.0, 1.25, 1.5, 19.75, 9999.0, 9999.0, 9999.0, 119.0, 122.75, 118.0, 101.75, 133.5
2023-04-06, 16:14:02, 131.0, 51.0, 18.75, 25.75, 9999.0, 1.25, 1.5, 19.5, 9999.0, 9999.0, 9999.0, 119.0, 121.25, 117.5, 101.25, 131.25
2023-04-06, 16:14:06, 130.5, 51.25, 19.0, 25.75, 9999.0, 1.25, 1.5, 19.75, 9999.0, 9999.0, 9999.0, 118.75, 122.75, 118.0, 101.75, 133.5
2023-04-06, 16:14:10, 131.0, 51.25, 19.0, 26.0, 9999.0, 1.25, 1.5, 19.75, 9999.0, 9999.0, 9999.0, 118.75, 122.75, 118.0, 101.75, 133.5
2023-04-06, 16:14:14, 131.0, 51.25, 19.0, 26.0, 9999.0, 1.25, 1.5, 19.75, 9999.0, 9999.0, 9999.0, 118.75, 123.0, 118.0, 101.75, 133.5
2023-04-06, 16:14:18, 130.75, 51.25, 19.0, 26.0, 9999.0, 1.25, 1.5, 19.75, 9999.0, 9999.0, 9999.0, 117.75, 122.0, 117.0, 100.5, 133.25
2023-04-06, 16:14:22, 131.0, 51.25, 19.0, 26.0, 9999.0, 1.25, 1.5, 19.75, 9999.0, 9999.0, 9999.0, 118.75, 123.0, 118.0, 101.75, 133.5
2023-04-06, 16:14:26, 131.0, 51.25, 18.75, 26.0, 9999.0, 1.25, 1.5, 19.75, 9999.0, 9999.0, 9999.0, 118.75, 122.75, 118.0, 101.75, 133.5
2023-04-06, 16:14:30, 131.0, 51.25, 19.0, 26.0, 9999.0, 1.25, 1.5, 19.75, 9999.0, 9999.0, 9999.0, 118.75, 122.75, 118.0, 101.75, 133.5
2023-04-06, 16:14:34, 131.0, 51.25, 19.0, 25.75, 9999.0, 1.0, 1.25, 19.75, 9999.0, 9999.0, 9999.0, 117.75, 122.5, 116.75, 101.25, 133.5
2023-04-06, 16:14:38, 131.0, 51.25, 19.0, 26.0, 9999.0, 1.25, 1.5, 19.75, 9999.0, 9999.0, 9999.0, 118.75, 123.0, 118.0, 101.75, 133.5
2023-04-06, 16:14:42, 131.0, 51.25, 19.0, 26.0, 9999.0, 1.0, 1.5, 19.75, 9999.0, 9999.0, 9999.0, 118.75, 123.0, 118.0, 101.75, 133.5
2023-04-06, 16:14:46, 131.0, 51.25, 19.0, 26.0, 9999.0, 1.25, 1.25, 19.75, 9999.0, 9999.0, 9999.0, 118.5, 122.75, 118.0, 101.75, 133.5
2023-04-06, 16:14:50, 130.75, 51.25, 19.0, 25.75, 9999.0, 1.25, 1.25, 19.75, 9999.0, 9999.0, 9999.0, 118.25, 121.5, 114.5, 101.75, 133.5
2023-04-06, 16:14:54, 131.0, 51.25, 19.0, 25.75, 9999.0, 1.25, 1.5, 19.75, 9999.0, 9999.0, 9999.0, 118.5, 122.75, 118.0, 101.75, 133.5
2023-04-06, 16:14:58, 131.0, 51.25, 19.0, 25.75, 9999.0, 1.5, 1.5, 19.75, 9999.0, 9999.0, 9999.0, 118.5, 122.75, 118.0, 101.75, 133.5
2023-04-06, 16:15:02, 131.0, 51.25, 18.75, 26.0, 9999.0, 1.25, 1.5, 19.75, 9999.0, 9999.0, 9999.0, 119.25, 122.75, 118.0, 101.75, 133.5
2023-04-06, 16:15:06, 130.75, 51.25, 19.0, 26.0, 9999.0, 1.25, 1.5, 19.75, 9999.0, 9999.0, 9999.0, 118.25, 121.0, 117.75, 101.75, 133.5
2023-04-06, 16:15:10, 131.0, 51.25, 19.0, 26.0, 9999.0, 1.25, 1.5, 19.75, 9999.0, 9999.0, 9999.0, 119.25, 122.75, 118.0, 101.75, 133.5
2023-04-06, 16:15:14, 131.0, 51.25, 19.0, 25.75, 9999.0, 1.25, 1.5, 19.5, 9999.0, 9999.0, 9999.0, 119.0, 122.75, 118.0, 101.75, 133.5
2023-04-06, 16:15:18, 131.0, 51.25, 19.0, 26.0, 9999.0, 1.25, 1.5, 19.75, 9999.0, 9999.0, 9999.0, 119.0, 122.75, 118.0, 101.75, 133.5
2023-04-06, 16:15:22, 130.75, 51.25, 18.75, 26.0, 9999.0, 1.25, 1.5, 19.75, 9999.0, 9999.0, 9999.0, 117.5, 122.5, 118.0, 101.75, 133.5
2023-04-06, 16:15:26, 131.0, 51.25, 19.0, 26.0, 9999.0, 1.25, 1.5, 19.75, 9999.0, 9999.0, 9999.0, 118.75, 122.75, 118.0, 101.75, 133.5
2023-04-06, 16:15:30, 131.0, 51.25, 19.0, 26.0, 9999.0, 1.25, 1.5, 19.75, 9999.0, 9999.0, 9999.0, 118.75, 122.75, 118.0, 101.75, 133.5
2023-04-06, 16:15:34, 131.0, 51.25, 19.0, 26.0, 9999.0, 1.25, 1.5, 19.75, 9999.0, 9999.0, 9999.0, 119.0, 122.75, 118.0, 101.75, 133.5
2023-04-06, 16:15:38, 131.0, 51.25, 18.75, 25.75, 9999.0, 1.25, 1.5, 18.25, 9999.0, 9999.0, 9999.0, 118.25, 122.75, 118.0, 101.75, 133.5
2023-04-06, 16:15:42, 131.0, 51.25, 19.0, 25.75, 9999.0, 1.0, 1.5, 19.75, 9999.0, 9999.0, 9999.0, 118.75, 122.75, 118.0, 101.75, 133.5
2023-04-06, 16:15:46, 130.75, 51.25, 19.0, 26.0, 9999.0, 1.0, 1.5, 19.75, 9999.0, 9999.0, 9999.0, 118.75, 122.75, 118.0, 101.75, 133.5
2023-04-06, 16:15:50, 130.75, 51.25, 19.0, 26.0, 9999.0, 1.0, 1.5, 19.75, 9999.0, 9999.0, 9999.0, 118.5, 122.75, 118.0, 101.75, 133.5
2023-04-06, 16:15:54, 131.0, 51.25, 18.75, 26.0, 9999.0, 1.0, 1.25, 19.0, 9999.0, 9999.0, 9999.0, 118.75, 122.75, 118.0, 101.75, 133.5
2023-04-06, 16:15:58, 130.75, 51.25, 18.75, 25.75, 9999.0, 1.0, 1.5, 19.5, 9999.0, 9999.0, 9999.0, 118.75, 122.75, 118.0, 101.75, 133.5
2023-04-06, 16:16:02, 130.75, 51.25, 19.0, 25.75, 9999.0, 1.0, 1.5, 19.75, 9999.0, 9999.0, 9999.0, 118.75, 122.75, 118.0, 101.75, 133.5
2023-04-06, 16:16:06, 131.0, 51.25, 19.0, 25.5, 9999.0, 1.25, 1.25, 19.75, 9999.0, 9999.0, 9999.0, 118.5, 122.75, 118.0, 101.75, 133.5
2023-04-06, 16:16:10, 130.75, 51.0, 19.0, 25.5, 9999.0, 1.25, 0.5, 19.5, 9999.0, 9999.0, 9999.0, 118.5, 122.75, 118.0, 101.75, 133.5
2023-04-06, 16:16:14, 131.0, 51.25, 18.75, 25.5, 9999.0, 1.25, 1.5, 19.75, 9999.0, 9999.0, 9999.0, 118.5, 122.75, 118.0, 101.75, 133.5
2023-04-06, 16:16:18, 130.75, 51.25, 19.0, 25.75, 9999.0, 1.5, 1.5, 19.75, 9999.0, 9999.0, 9999.0, 118.5, 122.75, 118.0, 101.75, 133.5
2023-04-06, 16:16:22, 131.0, 51.25, 18.75, 25.75, 9999.0, 1.5, 1.5, 19.75, 9999.0, 9999.0, 9999.0, 119.0, 122.75, 118.0, 101.5, 133.5
2023-04-06, 16:16:26, 130.75, 51.25, 18.75, 25.75, 9999.0, 0.0, 1.25, 18.75, 9999.0, 9999.0, 9999.0, 119.25, 122.75, 118.0, 101.75, 133.5
2023-04-06, 16:16:30, 131.0, 51.25, 19.0, 25.5, 9999.0, 1.25, 1.5, 19.75, 9999.0, 9999.0, 9999.0, 119.0, 122.75, 118.0, 101.75, 133.5
2023-04-06, 16:16:34, 130.75, 51.25, 19.0, 25.5, 9999.0, 1.25, 1.5, 19.5, 9999.0, 9999.0, 9999.0, 119.0, 122.75, 118.0, 101.75, 133.5
2023-04-06, 16:16:38, 131.0, 51.25, 18.75, 25.75, 9999.0, 1.25, 1.5, 19.75, 9999.0, 9999.0, 9999.0, 119.0, 122.75, 118.0, 101.5, 133.5
2023-04-06, 16:16:42, 130.75, 51.25, 19.0, 25.5, 9999.0, 0.75, 0.75, 18.0, 9999.0, 9999.0, 9999.0, 119.0, 122.5, 118.0, 101.75, 133.5
2023-04-06, 16:16:46, 131.0, 51.25, 18.75, 25.5, 9999.0, 1.25, 1.5, 19.5, 9999.0, 9999.0, 9999.0, 119.0, 122.5, 118.0, 101.75, 133.5
2023-04-06, 16:16:50, 131.0, 51.25, 18.75, 25.75, 9999.0, 1.25, 1.5, 19.5, 9999.0, 9999.0, 9999.0, 119.0, 122.75, 118.0, 101.75, 133.5
2023-04-06, 16:16:54, 130.75, 51.25, 18.75, 26.0, 9999.0, 1.25, 1.5, 19.75, 9999.0, 9999.0, 9999.0, 119.0, 122.75, 118.0, 101.75, 133.5
2023-04-06, 16:16:58, 131.0, 51.25, 18.75, 25.75, 9999.0, 0.75, -0.25, 19.25, 9999.0, 9999.0, 9999.0, 118.75, 122.75, 118.0, 101.75, 133.5
2023-04-06, 16:17:02, 130.75, 51.25, 18.75, 25.75, 9999.0, 1.25, 1.25, 19.75, 9999.0, 9999.0, 9999.0, 118.75, 122.75, 118.0, 101.75, 133.5
2023-04-06, 16:17:06, 130.75, 51.25, 18.75, 26.0, 9999.0, 1.0, 1.25, 19.75, 9999.0, 9999.0, 9999.0, 118.75, 122.75, 118.0, 101.75, 133.5
2023-04-06, 16:17:10, 130.75, 51.25, 19.0, 25.75, 9999.0, 1.0, 1.25, 19.75, 9999.0, 9999.0, 9999.0, 118.75, 122.75, 118.0, 101.75, 133.5
2023-04-06, 16:17:14, 130.75, 51.25, 18.5, 24.25, 9999.0, 0.0, -2.25, 19.5, 9999.0, 9999.0, 9999.0, 118.75, 122.75, 118.0, 101.75, 133.5
2023-04-06, 16:17:18, 130.75, 51.25, 19.0, 25.5, 9999.0, 1.0, 1.25, 19.75, 9999.0, 9999.0, 9999.0, 118.75, 122.75, 118.0, 101.75, 133.5
2023-04-06, 16:17:22, 130.75, 51.25, 19.0, 25.75, 9999.0, 1.0, 1.25, 19.5, 9999.0, 9999.0, 9999.0, 118.75, 122.75, 118.0, 101.5, 133.5
2023-04-06, 16:17:26, 131.0, 51.25, 18.75, 26.0, 9999.0, 1.25, 1.25, 19.5, 9999.0, 9999.0, 9999.0, 118.5, 122.75, 118.0, 101.75, 133.5
2023-04-06, 16:17:30, 130.75, 51.25, 17.75, 25.5, 9999.0, -0.25, 1.25, 19.5, 9999.0, 9999.0, 9999.0, 118.5, 122.75, 118.0, 101.75, 133.5
2023-04-06, 16:17:34, 130.75, 51.25, 18.75, 26.0, 9999.0, 1.25, 1.25, 19.5, 9999.0, 9999.0, 9999.0, 118.5, 122.75, 118.0, 101.75, 133.5
2023-04-06, 16:17:38, 130.75, 51.25, 18.75, 26.0, 9999.0, 1.5, 1.5, 19.75, 9999.0, 9999.0, 9999.0, 118.5, 122.75, 118.0, 101.5, 133.5
2023-04-06, 16:17:42, 130.75, 51.25, 18.75, 26.0, 9999.0, 1.25, 1.25, 19.5, 9999.0, 9999.0, 9999.0, 119.25, 122.75, 118.0, 101.5, 133.5
2023-04-06, 16:17:46, 130.75, 51.0, 18.0, 25.5, 9999.0, -0.25, 1.25, 19.5, 9999.0, 9999.0, 9999.0, 119.25, 122.75, 118.0, 101.75, 133.5
2023-04-06, 16:17:50, 131.0, 51.25, 18.75, 26.0, 9999.0, 1.25, 1.5, 19.75, 9999.0, 9999.0, 9999.0, 119.0, 122.5, 118.0, 101.75, 133.5
2023-04-06, 16:17:54, 130.75, 51.25, 18.75, 26.0, 9999.0, 1.25, 1.5, 19.75, 9999.0, 9999.0, 9999.0, 119.0, 122.75, 118.0, 101.5, 133.5
2023-04-06, 16:17:58, 130.75, 51.25, 18.75, 26.0, 9999.0, 1.25, 1.25, 19.5, 9999.0, 9999.0, 9999.0, 119.0, 122.5, 118.0, 101.75, 133.5
2023-04-06, 16:18:03, 130.75, 50.5, 18.5, 25.0, 9999.0, 1.25, 1.25, 19.75, 9999.0, 9999.0, 9999.0, 119.0, 122.75, 118.0, 101.5, 133.5
2023-04-06, 16:18:07, 130.75, 51.25, 18.75, 26.0, 9999.0, 1.25, 1.5, 19.75, 9999.0, 9999.0, 9999.0, 118.75, 122.5, 118.0, 101.75, 133.5
2023-04-06, 16:18:11, 130.75, 51.25, 18.75, 25.75, 9999.0, 1.25, 1.5, 19.5, 9999.0, 9999.0, 9999.0, 119.0, 122.5, 118.0, 101.75, 133.5
2023-04-06, 16:18:15, 130.75, 51.25, 18.75, 25.75, 9999.0, 1.0, 1.25, 19.5, 9999.0, 9999.0, 9999.0, 118.75, 122.75, 118.0, 101.5, 133.5
2023-04-06, 16:18:19, 130.0, 51.0, 17.5, 21.25, 9999.0, 1.25, 1.25, 19.75, 9999.0, 9999.0, 9999.0, 118.75, 122.75, 118.0, 101.5, 133.5
2023-04-06, 16:18:23, 130.75, 51.25, 18.75, 25.5, 9999.0, 1.0, 1.5, 19.5, 9999.0, 9999.0, 9999.0, 118.75, 122.75, 118.0, 101.75, 133.5
2023-04-06, 16:18:27, 131.0, 51.25, 18.75, 25.75, 9999.0, 1.0, 1.5, 19.75, 9999.0, 9999.0, 9999.0, 118.75, 122.75, 118.0, 101.5, 133.5
2023-04-06, 16:18:31, 130.75, 51.25, 18.75, 25.75, 9999.0, 1.0, 1.25, 19.75, 9999.0, 9999.0, 9999.0, 118.75, 122.75, 118.0, 101.5, 131.5
2023-04-06, 16:18:35, 130.75, 50.25, 14.75, 25.5, 9999.0, 1.25, 1.25, 19.75, 9999.0, 9999.0, 9999.0, 118.75, 122.75, 118.0, 101.75, 133.5
2023-04-06, 16:18:39, 130.75, 51.25, 18.75, 25.75, 9999.0, 1.0, 1.25, 19.5, 9999.0, 9999.0, 9999.0, 118.75, 122.75, 118.0, 101.75, 133.5
2023-04-06, 16:18:43, 130.75, 51.25, 18.75, 25.75, 9999.0, 1.0, 1.25, 19.5, 9999.0, 9999.0, 9999.0, 118.75, 122.75, 118.0, 101.5, 133.5
2023-04-06, 16:18:47, 130.75, 51.25, 18.75, 25.5, 9999.0, 1.25, 1.25, 19.75, 9999.0, 9999.0, 9999.0, 118.5, 122.75, 118.0, 100.75, 133.25
2023-04-06, 16:18:51, 130.0, 48.5, 18.75, 25.75, 9999.0, 1.25, 1.25, 19.5, 9999.0, 9999.0, 9999.0, 118.5, 122.75, 118.0, 101.75, 133.5
2023-04-06, 16:18:55, 130.75, 51.25, 18.75, 26.0, 9999.0, 1.25, 1.5, 19.75, 9999.0, 9999.0, 9999.0, 118.5, 122.75, 118.0, 101.75, 133.5
2023-04-06, 16:18:59, 130.75, 51.25, 19.0, 25.75, 9999.0, 1.25, 1.5, 19.75, 9999.0, 9999.0, 9999.0, 118.5, 122.75, 118.0, 101.5, 133.5
2023-04-06, 16:19:03, 130.75, 51.25, 18.75, 25.75, 9999.0, 1.25, 1.5, 19.75, 9999.0, 9999.0, 9999.0, 119.25, 122.5, 116.5, 101.5, 132.0
2023-04-06, 16:19:07, 129.0, 51.25, 19.0, 25.75, 9999.0, 1.25, 1.25, 19.75, 9999.0, 9999.0, 9999.0, 119.25, 122.75, 118.0, 101.5, 133.5
2023-04-06, 16:19:11, 130.75, 51.25, 18.75, 25.75, 9999.0, 1.25, 1.5, 19.75, 9999.0, 9999.0, 9999.0, 119.25, 122.75, 118.0, 101.75, 133.5
2023-04-06, 16:19:15, 130.75, 51.25, 19.0, 25.75, 9999.0, 1.25, 1.5, 19.75, 9999.0, 9999.0, 9999.0, 119.25, 122.5, 118.0, 101.75, 133.5
2023-04-06, 16:19:19, 130.75, 51.0, 18.75, 25.75, 9999.0, 1.25, 1.5, 19.5, 9999.0, 9999.0, 9999.0, 119.0, 121.25, 117.75, 100.75, 130.75
2023-04-06, 16:19:23, 130.75, 51.25, 18.75, 25.5, 9999.0, 1.25, 1.5, 19.5, 9999.0, 9999.0, 9999.0, 119.0, 122.5, 118.0, 101.5, 133.5
2023-04-06, 16:19:27, 130.75, 51.25, 18.75, 25.5, 9999.0, 1.25, 1.5, 19.5, 9999.0, 9999.0, 9999.0, 119.0, 122.5, 118.0, 101.5, 133.5
2023-04-06, 16:19:31, 130.75, 51.25, 18.75, 25.5, 9999.0, 1.0, 1.5, 19.75, 9999.0, 9999.0, 9999.0, 118.75, 122.75, 118.0, 101.75, 133.5
2023-04-06, 16:19:35, 130.75, 51.0, 18.75, 25.5, 9999.0, 1.0, 1.25, 19.5, 9999.0, 9999.0, 9999.0, 117.5, 122.25, 117.0, 100.0, 133.5
2023-04-06, 16:19:39, 130.75, 51.25, 18.75, 25.75, 9999.0, 1.0, 1.25, 19.5, 9999.0, 9999.0, 9999.0, 118.75, 122.75, 118.0, 101.75, 133.5
2023-04-06, 16:19:43, 130.75, 51.25, 18.75, 25.75, 9999.0, 1.25, 1.25, 19.5, 9999.0, 9999.0, 9999.0, 118.75, 122.75, 118.0, 101.75, 133.5
2023-04-06, 16:19:47, 130.75, 51.25, 18.75, 25.75, 9999.0, 1.0, 1.25, 19.5, 9999.0, 9999.0, 9999.0, 118.75, 122.75, 118.0, 101.75, 133.25
2023-04-06, 16:19:51, 130.75, 51.25, 19.0, 25.75, 9999.0, 1.0, 1.25, 19.5, 9999.0, 9999.0, 9999.0, 118.5, 121.75, 116.25, 101.5, 133.5
2023-04-06, 16:19:55, 131.0, 51.25, 18.75, 25.75, 9999.0, 1.0, 1.25, 19.5, 9999.0, 9999.0, 9999.0, 118.75, 122.75, 118.0, 101.75, 133.5
2023-04-06, 16:19:59, 130.75, 51.25, 18.75, 26.0, 9999.0, 1.0, 1.25, 19.75, 9999.0, 9999.0, 9999.0, 118.75, 122.75, 118.0, 101.5, 133.5
2023-04-06, 16:20:03, 130.75, 51.25, 18.75, 26.0, 9999.0, 1.0, 1.5, 19.75, 9999.0, 9999.0, 9999.0, 118.75, 122.75, 118.0, 101.5, 133.5
2023-04-06, 16:20:07, 130.75, 51.25, 18.75, 26.0, 9999.0, 1.0, 1.25, 19.5, 9999.0, 9999.0, 9999.0, 117.5, 120.75, 117.5, 101.5, 133.5
2023-04-06, 16:20:11, 131.0, 51.25, 18.75, 25.75, 9999.0, 1.0, 1.25, 19.75, 9999.0, 9999.0, 9999.0, 118.5, 122.75, 118.0, 101.5, 133.5
2023-04-06, 16:20:15, 130.75, 51.25, 18.75, 25.75, 9999.0, 1.25, 1.25, 19.5, 9999.0, 9999.0, 9999.0, 118.5, 122.5, 118.0, 101.5, 133.5
2023-04-06, 16:20:19, 130.75, 51.25, 18.75, 26.0, 9999.0, 1.25, 1.5, 19.5, 9999.0, 9999.0, 9999.0, 118.5, 122.5, 117.75, 101.5, 133.5
2023-04-06, 16:20:23, 130.75, 51.25, 18.75, 26.0, 9999.0, 1.25, 1.5, 19.75, 9999.0, 9999.0, 9999.0, 117.75, 122.25, 118.0, 101.5, 133.5
2023-04-06, 16:20:27, 130.75, 51.25, 18.75, 25.75, 9999.0, 1.25, 1.5, 19.75, 9999.0, 9999.0, 9999.0, 119.0, 122.75, 118.0, 101.75, 133.5
2023-04-06, 16:20:31, 130.75, 51.25, 19.0, 25.75, 9999.0, 1.25, 1.5, 19.5, 9999.0, 9999.0, 9999.0, 119.25, 122.5, 118.0, 101.75, 133.5
2023-04-06, 16:20:35, 131.0, 51.25, 19.0, 25.75, 9999.0, 1.25, 1.5, 19.75, 9999.0, 9999.0, 9999.0, 119.0, 122.5, 118.0, 101.75, 133.5
2023-04-06, 16:20:39, 130.75, 51.25, 18.75, 26.0, 9999.0, 1.25, 1.25, 18.75, 9999.0, 9999.0, 9999.0, 118.25, 122.5, 118.0, 101.75, 133.5
2023-04-06, 16:20:43, 131.0, 51.25, 18.75, 26.0, 9999.0, 1.25, 1.5, 19.75, 9999.0, 9999.0, 9999.0, 119.0, 122.5, 118.0, 101.5, 133.5
2023-04-06, 16:20:47, 130.75, 51.25, 19.0, 26.0, 9999.0, 1.25, 1.5, 19.5, 9999.0, 9999.0, 9999.0, 118.75, 122.5, 118.0, 101.75, 133.5
2023-04-06, 16:20:51, 130.75, 51.25, 19.0, 26.0, 9999.0, 1.0, 1.5, 19.75, 9999.0, 9999.0, 9999.0, 118.75, 122.75, 118.0, 101.75, 133.5
2023-04-06, 16:20:55, 130.75, 51.25, 19.0, 26.0, 9999.0, 1.0, 1.0, 19.0, 9999.0, 9999.0, 9999.0, 118.75, 122.75, 118.0, 101.75, 133.5
2023-04-06, 16:20:59, 130.75, 51.25, 18.75, 26.0, 9999.0, 1.0, 1.25, 19.75, 9999.0, 9999.0, 9999.0, 119.0, 122.75, 118.0, 101.75, 133.5
2023-04-06, 16:21:03, 131.0, 51.25, 18.75, 26.0, 9999.0, 1.25, 1.5, 19.75, 9999.0, 9999.0, 9999.0, 119.0, 122.75, 118.0, 101.75, 133.5
2023-04-06, 16:21:07, 130.75, 51.25, 18.75, 26.0, 9999.0, 1.0, 1.5, 19.5, 9999.0, 9999.0, 9999.0, 118.75, 122.5, 118.0, 101.75, 133.5
2023-04-06, 16:21:11, 130.75, 51.25, 18.75, 26.0, 9999.0, 0.0, 0.5, 19.25, 9999.0, 9999.0, 9999.0, 118.75, 122.75, 118.0, 101.75, 133.5
2023-04-06, 16:21:15, 130.75, 51.25, 18.75, 25.75, 9999.0, 1.0, 1.5, 19.5, 9999.0, 9999.0, 9999.0, 118.75, 122.75, 118.0, 101.75, 133.5
2023-04-06, 16:21:19, 130.75, 51.25, 18.75, 25.75, 9999.0, 1.0, 1.25, 19.75, 9999.0, 9999.0, 9999.0, 118.75, 122.75, 118.0, 101.75, 133.5
2023-04-06, 16:21:23, 130.75, 51.25, 18.75, 26.0, 9999.0, 1.0, 1.25, 19.75, 9999.0, 9999.0, 9999.0, 118.5, 122.75, 118.0, 101.75, 133.5
2023-04-06, 16:21:27, 130.75, 51.25, 19.0, 25.75, 9999.0, 0.25, 0.75, 18.0, 9999.0, 9999.0, 9999.0, 118.5, 122.75, 118.0, 101.75, 133.5
2023-04-06, 16:21:31, 131.0, 51.25, 19.0, 25.75, 9999.0, 1.25, 1.25, 19.75, 9999.0, 9999.0, 9999.0, 118.5, 122.75, 118.0, 101.75, 133.5
2023-04-06, 16:21:35, 130.75, 51.25, 19.0, 25.75, 9999.0, 1.25, 1.5, 19.75, 9999.0, 9999.0, 9999.0, 118.5, 122.75, 118.0, 101.75, 133.5
2023-04-06, 16:21:39, 130.75, 51.25, 18.75, 26.0, 9999.0, 1.5, 1.25, 19.75, 9999.0, 9999.0, 9999.0, 118.5, 122.75, 118.0, 101.75, 133.5
2023-04-06, 16:21:43, 130.75, 51.25, 19.0, 25.0, 9999.0, 1.0, 0.0, 19.0, 9999.0, 9999.0, 9999.0, 119.25, 122.75, 118.0, 101.75, 133.5
2023-04-06, 16:21:47, 130.75, 51.25, 19.0, 26.0, 9999.0, 1.25, 1.5, 19.75, 9999.0, 9999.0, 9999.0, 119.0, 122.75, 118.0, 101.75, 133.5
2023-04-06, 16:21:51, 130.75, 51.25, 18.75, 26.0, 9999.0, 1.25, 1.5, 19.75, 9999.0, 9999.0, 9999.0, 119.0, 122.75, 118.0, 101.75, 133.5
2023-04-06, 16:21:55, 130.75, 51.25, 19.0, 26.0, 9999.0, 1.25, 1.5, 19.5, 9999.0, 9999.0, 9999.0, 119.0, 122.75, 118.0, 101.75, 133.5
2023-04-06, 16:21:59, 130.75, 51.25, 18.5, 25.0, 9999.0, -0.5, -0.25, 19.5, 9999.0, 9999.0, 9999.0, 119.0, 122.75, 118.0, 101.75, 133.5
2023-04-06, 16:22:03, 130.75, 51.25, 18.75, 26.0, 9999.0, 1.25, 1.5, 19.75, 9999.0, 9999.0, 9999.0, 119.0, 122.75, 118.0, 101.75, 133.5
2023-04-06, 16:22:07, 131.0, 51.25, 18.75, 25.75, 9999.0, 1.25, 1.5, 19.75, 9999.0, 9999.0, 9999.0, 119.0, 122.5, 118.0, 101.75, 133.5
2023-04-06, 16:22:11, 130.75, 51.25, 18.75, 26.0, 9999.0, 1.25, 1.25, 19.5, 9999.0, 9999.0, 9999.0, 119.0, 122.75, 118.0, 101.5, 133.5
2023-04-06, 16:22:15, 130.75, 51.25, 18.0, 25.75, 9999.0, 0.25, 1.5, 19.75, 9999.0, 9999.0, 9999.0, 119.0, 122.75, 118.0, 101.75, 133.5
2023-04-06, 16:22:19, 131.0, 51.25, 19.0, 26.0, 9999.0, 1.25, 1.5, 19.75, 9999.0, 9999.0, 9999.0, 118.75, 122.75, 118.0, 101.75, 133.5
2023-04-06, 16:22:23, 131.0, 51.25, 18.75, 26.0, 9999.0, 1.25, 1.5, 19.75, 9999.0, 9999.0, 9999.0, 118.75, 122.75, 118.0, 101.75, 133.5
2023-04-06, 16:22:27, 131.0, 51.25, 18.75, 26.0, 9999.0, 1.0, 1.25, 19.75, 9999.0, 9999.0, 9999.0, 118.75, 122.75, 118.0, 101.75, 133.5
2023-04-06, 16:22:32, 130.75, 50.5, 18.5, 24.0, 9999.0, 1.0, 1.5, 19.75, 9999.0, 9999.0, 9999.0, 118.75, 122.75, 118.0, 101.75, 133.5
2023-04-06, 16:22:36, 131.0, 51.25, 18.75, 26.0, 9999.0, 1.25, 1.25, 19.5, 9999.0, 9999.0, 9999.0, 118.75, 122.75, 118.0, 101.75, 133.5
2023-04-06, 16:22:40, 130.75, 51.25, 18.75, 26.0, 9999.0, 1.25, 1.5, 19.75, 9999.0, 9999.0, 9999.0, 118.75, 122.75, 118.0, 101.75, 133.5
2023-04-06, 16:22:44, 130.75, 51.25, 18.75, 26.0, 9999.0, 1.0, 1.25, 19.75, 9999.0, 9999.0, 9999.0, 118.75, 122.75, 118.0, 101.75, 133.5
2023-04-06, 16:22:48, 130.0, 51.0, 17.5, 24.5, 9999.0, 1.25, 1.5, 19.75, 9999.0, 9999.0, 9999.0, 118.75, 122.75, 118.0, 101.75, 133.5
2023-04-06, 16:22:52, 131.0, 51.25, 19.0, 25.75, 9999.0, 1.25, 1.5, 19.75, 9999.0, 9999.0, 9999.0, 118.5, 122.75, 118.0, 101.75, 133.5
2023-04-06, 16:22:56, 131.0, 51.25, 18.75, 26.0, 9999.0, 1.25, 1.5, 19.75, 9999.0, 9999.0, 9999.0, 118.5, 122.75, 118.0, 101.75, 133.5
2023-04-06, 16:23:00, 130.75, 51.25, 19.0, 25.5, 9999.0, 1.25, 1.5, 19.75, 9999.0, 9999.0, 9999.0, 118.5, 122.75, 118.0, 101.75, 132.5
2023-04-06, 16:23:04, 130.75, 49.25, 16.0, 25.75, 9999.0, 1.5, 1.5, 19.75, 9999.0, 9999.0, 9999.0, 119.25, 122.75, 118.0, 101.75, 133.5
2023-04-06, 16:23:08, 130.75, 51.25, 18.75, 25.75, 9999.0, 1.25, 1.5, 19.75, 9999.0, 9999.0, 9999.0, 119.25, 122.75, 118.0, 101.75, 133.5
2023-04-06, 16:23:12, 131.0, 51.25, 19.0, 25.75, 9999.0, 1.25, 1.5, 19.75, 9999.0, 9999.0, 9999.0, 119.0, 122.75, 118.0, 101.75, 133.5
2023-04-06, 16:23:16, 130.75, 51.25, 18.75, 26.0, 9999.0, 1.25, 1.5, 19.5, 9999.0, 9999.0, 9999.0, 119.0, 122.5, 118.0, 101.0, 133.25
2023-04-06, 16:23:20, 129.75, 49.75, 18.75, 26.0, 9999.0, 1.25, 1.5, 19.75, 9999.0, 9999.0, 9999.0, 119.0, 122.75, 118.0, 101.75, 133.5
2023-04-06, 16:23:24, 130.75, 51.25, 19.0, 26.0, 9999.0, 1.25, 1.5, 19.75, 9999.0, 9999.0, 9999.0, 119.0, 122.75, 118.0, 101.75, 133.5
2023-04-06, 16:23:28, 131.0, 51.25, 19.0, 25.75, 9999.0, 1.25, 1.5, 19.75, 9999.0, 9999.0, 9999.0, 119.0, 122.75, 118.0, 101.75, 133.5
2023-04-06, 16:23:32, 131.0, 51.25, 18.75, 26.0, 9999.0, 1.25, 1.5, 19.75, 9999.0, 9999.0, 9999.0, 118.75, 122.75, 117.25, 101.75, 131.5
2023-04-06, 16:23:36, 128.0, 51.25, 18.75, 26.0, 9999.0, 1.25, 1.25, 19.75, 9999.0, 9999.0, 9999.0, 119.0, 122.75, 118.0, 101.75, 133.5
2023-04-06, 16:23:40, 130.75, 51.25, 18.75, 26.0, 9999.0, 1.25, 1.25, 19.5, 9999.0, 9999.0, 9999.0, 119.0, 122.75, 118.0, 101.75, 133.5
2023-04-06, 16:23:44, 131.0, 51.25, 18.75, 26.0, 9999.0, 1.25, 1.5, 19.75, 9999.0, 9999.0, 9999.0, 118.75, 122.75, 118.0, 101.75, 133.5
2023-04-06, 16:23:48, 130.75, 51.25, 18.75, 26.25, 9999.0, 1.25, 1.5, 19.75, 9999.0, 9999.0, 9999.0, 118.75, 121.5, 117.75, 101.0, 129.25
2023-04-06, 16:23:52, 131.0, 51.25, 18.75, 26.25, 9999.0, 1.0, 1.5, 19.75, 9999.0, 9999.0, 9999.0, 118.75, 122.75, 118.0, 101.75, 133.5
2023-04-06, 16:23:56, 130.75, 51.25, 18.75, 26.0, 9999.0, 1.0, 1.5, 19.75, 9999.0, 9999.0, 9999.0, 118.75, 122.75, 118.0, 101.75, 133.5
2023-04-06, 16:24:00, 130.75, 51.25, 19.0, 26.0, 9999.0, 1.0, 1.25, 19.5, 9999.0, 9999.0, 9999.0, 118.75, 122.75, 118.0, 101.75, 133.5
2023-04-06, 16:24:04, 130.75, 51.25, 18.75, 26.0, 9999.0, 1.0, 1.25, 19.75, 9999.0, 9999.0, 9999.0, 117.75, 122.5, 117.0, 99.25, 133.5
2023-04-06, 16:24:08, 131.0, 51.25, 18.75, 26.0, 9999.0, 1.25, 1.25, 19.75, 9999.0, 9999.0, 9999.0, 118.75, 122.75, 118.0, 101.75, 133.5
2023-04-06, 16:24:12, 130.75, 51.25, 18.75, 25.75, 9999.0, 1.25, 1.25, 19.75, 9999.0, 9999.0, 9999.0, 118.5, 122.75, 118.0, 101.75, 133.5
2023-04-06, 16:24:16, 130.75, 51.25, 18.75, 26.0, 9999.0, 1.25, 1.5, 19.75, 9999.0, 9999.0, 9999.0, 118.5, 122.75, 118.0, 101.75, 133.5
2023-04-06, 16:24:20, 130.75, 51.25, 18.75, 26.0, 9999.0, 1.5, 1.5, 19.75, 9999.0, 9999.0, 9999.0, 118.25, 121.75, 115.75, 101.75, 133.5
2023-04-06, 16:24:24, 130.75, 51.25, 19.0, 26.0, 9999.0, 1.5, 1.5, 19.75, 9999.0, 9999.0, 9999.0, 119.25, 122.5, 118.0, 101.75, 133.5
2023-04-06, 16:24:28, 130.75, 51.25, 18.75, 25.75, 9999.0, 1.25, 1.5, 19.75, 9999.0, 9999.0, 9999.0, 119.25, 122.75, 118.0, 101.75, 133.5
2023-04-06, 16:24:32, 131.0, 51.25, 18.75, 26.0, 9999.0, 1.25, 1.5, 19.75, 9999.0, 9999.0, 9999.0, 119.25, 122.75, 118.0, 101.5, 133.5
2023-04-06, 16:24:36, 130.75, 51.25, 18.75, 25.75, 9999.0, 1.25, 1.5, 19.75, 9999.0, 9999.0, 9999.0, 118.0, 118.5, 118.0, 101.75, 133.5
2023-04-06, 16:24:40, 131.0, 51.25, 19.0, 26.0, 9999.0, 1.25, 1.5, 19.75, 9999.0, 9999.0, 9999.0, 119.0, 122.5, 118.0, 101.75, 133.5
2023-04-06, 16:24:44, 130.75, 51.25, 18.75, 26.0, 9999.0, 1.25, 1.25, 19.75, 9999.0, 9999.0, 9999.0, 119.0, 122.5, 118.0, 101.75, 133.5
2023-04-06, 16:24:48, 130.75, 51.25, 18.75, 26.0, 9999.0, 1.25, 1.25, 19.75, 9999.0, 9999.0, 9999.0, 118.75, 122.5, 118.0, 101.75, 133.5
2023-04-06, 16:24:52, 131.0, 51.25, 19.0, 26.0, 9999.0, 1.25, 1.5, 19.5, 9999.0, 9999.0, 9999.0, 117.0, 122.5, 118.0, 101.75, 133.5
2023-04-06, 16:24:56, 130.75, 51.25, 18.75, 25.75, 9999.0, 1.25, 1.25, 19.75, 9999.0, 9999.0, 9999.0, 119.0, 122.75, 118.0, 101.75, 133.5
2023-04-06, 16:25:00, 131.0, 51.25, 18.75, 25.75, 9999.0, 1.25, 1.5, 19.75, 9999.0, 9999.0, 9999.0, 118.75, 122.75, 118.0, 101.75, 133.5
2023-04-06, 16:25:04, 130.75, 51.25, 18.75, 25.75, 9999.0, 1.0, 1.5, 19.75, 9999.0, 9999.0, 9999.0, 118.75, 122.5, 118.0, 101.75, 133.5
2023-04-06, 16:25:08, 130.75, 51.25, 18.75, 25.75, 9999.0, 1.0, 1.25, 18.5, 9999.0, 9999.0, 9999.0, 118.75, 122.75, 118.0, 101.75, 133.5
2023-04-06, 16:25:12, 130.75, 51.25, 18.75, 26.0, 9999.0, 1.0, 1.25, 19.75, 9999.0, 9999.0, 9999.0, 118.75, 122.5, 118.0, 101.75, 133.5
2023-04-06, 16:25:16, 130.75, 51.25, 18.75, 26.0, 9999.0, 1.25, 1.25, 19.75, 9999.0, 9999.0, 9999.0, 118.75, 122.75, 118.0, 101.75, 133.5
2023-04-06, 16:25:20, 130.75, 51.25, 18.75, 26.0, 9999.0, 1.0, 1.5, 19.5, 9999.0, 9999.0, 9999.0, 118.5, 122.5, 118.0, 101.75, 133.5
2023-04-06, 16:25:24, 130.75, 51.25, 18.75, 26.0, 9999.0, 1.0, -0.25, 19.25, 9999.0, 9999.0, 9999.0, 118.75, 122.75, 118.0, 101.75, 133.5
2023-04-06, 16:25:28, 130.75, 51.25, 18.75, 26.0, 9999.0, 1.25, 1.25, 19.5, 9999.0, 9999.0, 9999.0, 118.5, 122.75, 118.0, 101.75, 133.5
2023-04-06, 16:25:32, 130.75, 51.25, 18.75, 26.0, 9999.0, 1.25, 1.25, 19.5, 9999.0, 9999.0, 9999.0, 118.5, 122.75, 118.0, 101.5, 133.5
2023-04-06, 16:25:36, 130.75, 51.25, 18.75, 26.0, 9999.0, 1.25, 1.5, 19.75, 9999.0, 9999.0, 9999.0, 118.25, 122.75, 118.0, 101.75, 133.5
2023-04-06, 16:25:40, 130.75, 51.25, 18.75, 26.0, 9999.0, 0.0, 1.25, 18.75, 9999.0, 9999.0, 9999.0, 118.5, 122.5, 118.0, 101.75, 133.5
2023-04-06, 16:25:44, 130.75, 51.25, 18.75, 25.75, 9999.0, 1.5, 1.5, 19.5, 9999.0, 9999.0, 9999.0, 119.25, 122.5, 118.0, 101.75, 133.5
2023-04-06, 16:25:48, 130.75, 51.25, 18.75, 26.0, 9999.0, 1.25, 1.5, 19.75, 9999.0, 9999.0, 9999.0, 119.0, 122.75, 118.0, 101.75, 133.5
2023-04-06, 16:25:52, 130.75, 51.25, 18.75, 25.75, 9999.0, 1.25, 1.5, 19.5, 9999.0, 9999.0, 9999.0, 119.0, 122.5, 118.0, 101.5, 133.5
2023-04-06, 16:25:56, 130.75, 51.25, 18.75, 25.75, 9999.0, 0.75, 0.75, 18.0, 9999.0, 9999.0, 9999.0, 119.0, 122.5, 118.0, 101.5, 133.5
2023-04-06, 16:26:00, 130.75, 51.25, 18.75, 25.75, 9999.0, 1.25, 1.5, 19.5, 9999.0, 9999.0, 9999.0, 119.0, 122.75, 118.0, 101.75, 133.5
2023-04-06, 16:26:04, 130.75, 51.25, 18.75, 25.75, 9999.0, 1.25, 1.25, 19.5, 9999.0, 9999.0, 9999.0, 119.0, 122.5, 118.0, 101.75, 133.5
2023-04-06, 16:26:08, 130.75, 51.0, 18.75, 25.75, 9999.0, 1.0, 1.5, 19.5, 9999.0, 9999.0, 9999.0, 118.75, 122.5, 118.0, 101.5, 133.5
2023-04-06, 16:26:12, 130.75, 51.25, 18.75, 24.5, 9999.0, 0.25, 0.0, 19.5, 9999.0, 9999.0, 9999.0, 118.75, 122.75, 118.0, 101.75, 133.5
2023-04-06, 16:26:16, 130.75, 51.25, 18.75, 25.75, 9999.0, 1.0, 1.25, 19.5, 9999.0, 9999.0, 9999.0, 119.0, 122.75, 118.0, 101.75, 133.5
2023-04-06, 16:26:20, 130.75, 51.0, 18.75, 25.75, 9999.0, 1.0, 1.25, 19.5, 9999.0, 9999.0, 9999.0, 119.0, 122.75, 118.0, 101.75, 133.5
2023-04-06, 16:26:24, 130.75, 51.25, 18.75, 25.75, 9999.0, 1.0, 1.25, 19.5, 9999.0, 9999.0, 9999.0, 118.75, 122.75, 118.0, 101.5, 133.5
2023-04-06, 16:26:28, 130.75, 51.25, 17.25, 25.25, 9999.0, -1.0, 0.75, 19.5, 9999.0, 9999.0, 9999.0, 118.75, 122.75, 118.0, 101.75, 133.5
2023-04-06, 16:26:32, 130.75, 51.25, 18.75, 26.0, 9999.0, 1.0, 1.25, 19.5, 9999.0, 9999.0, 9999.0, 118.75, 122.75, 118.0, 101.75, 133.5
2023-04-06, 16:26:36, 130.75, 51.0, 18.75, 25.75, 9999.0, 1.0, 1.25, 19.5, 9999.0, 9999.0, 9999.0, 118.75, 122.75, 118.0, 101.75, 133.5
2023-04-06, 16:26:40, 130.75, 51.0, 18.75, 25.75, 9999.0, 1.0, 1.25, 19.5, 9999.0, 9999.0, 9999.0, 118.5, 122.75, 118.0, 101.75, 133.5
2023-04-06, 16:26:44, 130.75, 50.25, 18.0, 24.75, 9999.0, 0.75, 1.25, 19.5, 9999.0, 9999.0, 9999.0, 118.5, 122.5, 118.0, 101.5, 133.5
2023-04-06, 16:26:48, 130.75, 51.0, 18.75, 25.75, 9999.0, 1.25, 1.25, 19.5, 9999.0, 9999.0, 9999.0, 118.5, 122.75, 118.0, 101.5, 133.5
2023-04-06, 16:26:52, 130.75, 51.25, 18.75, 25.75, 9999.0, 1.0, 1.25, 19.5, 9999.0, 9999.0, 9999.0, 118.5, 122.5, 118.0, 101.75, 133.5
2023-04-06, 16:26:57, 130.75, 51.25, 18.75, 25.75, 9999.0, 1.25, 1.25, 19.5, 9999.0, 9999.0, 9999.0, 118.5, 122.5, 118.0, 101.5, 133.5
2023-04-06, 16:27:01, 130.5, 50.25, 18.25, 23.75, 9999.0, 1.25, 1.25, 19.5, 9999.0, 9999.0, 9999.0, 118.5, 122.5, 118.0, 101.5, 133.25
2023-04-06, 16:27:05, 130.75, 51.0, 18.75, 25.75, 9999.0, 1.25, 1.25, 19.5, 9999.0, 9999.0, 9999.0, 119.25, 122.5, 118.0, 101.75, 133.5
2023-04-06, 16:27:09, 130.75, 51.0, 18.75, 25.75, 9999.0, 1.25, 1.25, 19.75, 9999.0, 9999.0, 9999.0, 119.0, 122.5, 118.0, 101.75, 133.5
2023-04-06, 16:27:13, 130.75, 51.0, 18.75, 25.75, 9999.0, 1.25, 1.25, 19.5, 9999.0, 9999.0, 9999.0, 119.0, 122.5, 118.0, 101.5, 132.5
2023-04-06, 16:27:17, 129.75, 50.25, 17.25, 24.75, 9999.0, 1.25, 1.25, 19.5, 9999.0, 9999.0, 9999.0, 119.0, 122.5, 118.0, 101.75, 133.25
2023-04-06, 16:27:21, 130.75, 51.25, 18.75, 25.75, 9999.0, 1.25, 1.5, 19.5, 9999.0, 9999.0, 9999.0, 119.0, 122.5, 118.0, 101.75, 133.25
2023-04-06, 16:27:25, 130.75, 51.25, 18.75, 25.75, 9999.0, 1.0, 1.25, 19.5, 9999.0, 9999.0, 9999.0, 118.75, 122.5, 118.0, 101.75, 133.5
2023-04-06, 16:27:29, 130.75, 51.0, 18.5, 25.75, 9999.0, 1.0, 1.25, 19.5, 9999.0, 9999.0, 9999.0, 118.75, 122.5, 118.0, 101.5, 132.5
2023-04-06, 16:27:33, 130.25, 49.25, 18.0, 25.5, 9999.0, 1.0, 1.25, 19.5, 9999.0, 9999.0, 9999.0, 118.75, 122.75, 118.0, 101.5, 133.5
2023-04-06, 16:27:37, 130.75, 51.0, 18.75, 25.75, 9999.0, 1.0, 1.25, 19.5, 9999.0, 9999.0, 9999.0, 119.0, 122.75, 118.0, 101.75, 133.5
2023-04-06, 16:27:41, 130.75, 51.0, 18.75, 25.75, 9999.0, 1.0, 1.25, 19.5, 9999.0, 9999.0, 9999.0, 118.75, 122.75, 118.0, 101.75, 133.5
2023-04-06, 16:27:45, 130.75, 51.25, 18.5, 25.75, 9999.0, 1.0, 1.25, 19.5, 9999.0, 9999.0, 9999.0, 118.75, 122.5, 117.5, 101.0, 133.0
2023-04-06, 16:27:49, 129.25, 50.0, 18.5, 25.75, 9999.0, 1.0, 1.25, 19.5, 9999.0, 9999.0, 9999.0, 118.75, 122.75, 118.0, 101.5, 133.5
2023-04-06, 16:27:53, 130.75, 51.0, 18.75, 25.75, 9999.0, 1.0, 1.25, 19.5, 9999.0, 9999.0, 9999.0, 118.75, 122.75, 118.0, 101.5, 133.5
2023-04-06, 16:27:57, 130.75, 51.0, 18.75, 25.75, 9999.0, 1.0, 1.25, 19.5, 9999.0, 9999.0, 9999.0, 118.75, 122.75, 118.0, 101.5, 133.5
2023-04-06, 16:28:01, 130.75, 51.0, 18.75, 25.75, 9999.0, 1.0, 1.25, 19.5, 9999.0, 9999.0, 9999.0, 118.5, 122.5, 117.25, 101.25, 131.25
2023-04-06, 16:28:05, 130.0, 51.0, 18.75, 25.75, 9999.0, 1.0, 1.25, 19.5, 9999.0, 9999.0, 9999.0, 118.5, 122.5, 118.0, 101.75, 133.5
2023-04-06, 16:28:09, 130.75, 51.25, 18.75, 26.0, 9999.0, 1.0, 1.25, 19.5, 9999.0, 9999.0, 9999.0, 118.5, 122.75, 118.0, 101.75, 133.5
2023-04-06, 16:28:13, 130.75, 51.25, 18.5, 25.75, 9999.0, 1.0, 1.25, 19.5, 9999.0, 9999.0, 9999.0, 118.5, 122.5, 118.0, 101.5, 133.5
2023-04-06, 16:28:17, 130.5, 51.0, 18.75, 25.75, 9999.0, 1.25, 1.25, 19.5, 9999.0, 9999.0, 9999.0, 118.0, 121.75, 117.75, 100.25, 131.25
2023-04-06, 16:28:21, 130.75, 51.25, 18.75, 26.0, 9999.0, 1.25, 1.5, 19.5, 9999.0, 9999.0, 9999.0, 118.5, 122.5, 118.0, 101.5, 133.5
2023-04-06, 16:28:25, 130.75, 51.0, 18.75, 25.75, 9999.0, 1.25, 1.25, 19.5, 9999.0, 9999.0, 9999.0, 119.0, 122.5, 118.0, 101.5, 133.5
2023-04-06, 16:28:29, 130.75, 51.0, 18.75, 25.75, 9999.0, 1.25, 1.25, 19.5, 9999.0, 9999.0, 9999.0, 119.0, 122.5, 118.0, 101.5, 133.25
2023-04-06, 16:28:33, 130.5, 51.0, 18.75, 26.0, 9999.0, 1.25, 1.25, 19.5, 9999.0, 9999.0, 9999.0, 118.25, 122.25, 116.25, 99.5, 133.25
2023-04-06, 16:28:37, 130.75, 51.0, 18.75, 25.75, 9999.0, 1.25, 1.25, 19.5, 9999.0, 9999.0, 9999.0, 119.0, 122.5, 118.0, 101.75, 133.5
2023-04-06, 16:28:41, 130.75, 51.0, 18.75, 25.75, 9999.0, 1.0, 1.25, 19.5, 9999.0, 9999.0, 9999.0, 119.0, 122.5, 118.0, 101.75, 133.5
2023-04-06, 16:28:45, 130.75, 51.0, 18.75, 26.0, 9999.0, 1.0, 1.25, 19.5, 9999.0, 9999.0, 9999.0, 118.75, 122.5, 118.0, 101.5, 133.5
2023-04-06, 16:28:49, 130.5, 51.0, 18.75, 25.75, 9999.0, 1.0, 1.25, 19.5, 9999.0, 9999.0, 9999.0, 118.5, 120.75, 116.5, 101.75, 133.25
2023-04-06, 16:28:53, 130.75, 51.0, 18.75, 25.75, 9999.0, 1.0, 1.25, 19.5, 9999.0, 9999.0, 9999.0, 118.75, 122.75, 118.0, 101.5, 133.5
2023-04-06, 16:28:57, 130.75, 51.0, 18.75, 26.0, 9999.0, 1.0, 1.25, 19.5, 9999.0, 9999.0, 9999.0, 118.75, 122.75, 118.0, 101.75, 133.5
2023-04-06, 16:29:01, 130.75, 51.0, 18.75, 25.75, 9999.0, 1.0, 1.25, 19.5, 9999.0, 9999.0, 9999.0, 118.75, 122.75, 117.75, 101.5, 133.25
2023-04-06, 16:29:05, 130.75, 51.0, 18.75, 25.75, 9999.0, 1.0, 1.25, 19.5, 9999.0, 9999.0, 9999.0, 117.25, 118.75, 118.0, 101.5, 133.5
2023-04-06, 16:29:09, 130.75, 51.0, 18.75, 25.5, 9999.0, 1.0, 1.25, 19.5, 9999.0, 9999.0, 9999.0, 118.75, 122.75, 118.0, 101.75, 133.5
2023-04-06, 16:29:13, 130.75, 51.0, 18.75, 25.75, 9999.0, 1.0, 1.25, 19.5, 9999.0, 9999.0, 9999.0, 118.75, 122.75, 118.0, 101.5, 133.5
2023-04-06, 16:29:17, 130.75, 51.0, 18.75, 26.0, 9999.0, 1.0, 1.25, 19.5, 9999.0, 9999.0, 9999.0, 118.5, 122.5, 117.75, 101.5, 133.25
2023-04-06, 16:29:21, 130.75, 51.0, 18.75, 26.0, 9999.0, 0.75, 1.25, 19.5, 9999.0, 9999.0, 9999.0, 116.25, 122.5, 118.0, 101.5, 133.5
2023-04-06, 16:29:25, 130.75, 51.0, 18.75, 25.75, 9999.0, 1.0, 1.25, 19.5, 9999.0, 9999.0, 9999.0, 118.5, 122.75, 118.0, 101.5, 133.5
2023-04-06, 16:29:29, 130.75, 51.25, 18.75, 25.75, 9999.0, 1.25, 1.25, 19.5, 9999.0, 9999.0, 9999.0, 118.5, 122.75, 118.0, 101.5, 133.5
2023-04-06, 16:29:33, 130.75, 51.0, 18.75, 25.75, 9999.0, 1.0, 1.25, 19.5, 9999.0, 9999.0, 9999.0, 118.25, 122.5, 118.0, 101.5, 133.25
2023-04-06, 16:29:37, 130.75, 51.0, 18.75, 25.75, 9999.0, 1.25, 1.25, 18.75, 9999.0, 9999.0, 9999.0, 118.25, 122.5, 118.0, 101.5, 133.5
2023-04-06, 16:29:41, 130.75, 51.0, 18.75, 25.75, 9999.0, 1.25, 1.25, 19.5, 9999.0, 9999.0, 9999.0, 118.5, 122.5, 118.0, 101.75, 133.25
2023-04-06, 16:29:45, 130.75, 51.0, 18.75, 25.75, 9999.0, 1.25, 1.25, 19.5, 9999.0, 9999.0, 9999.0, 119.0, 122.5, 118.0, 101.5, 133.25
2023-04-06, 16:29:49, 130.75, 51.25, 18.75, 25.75, 9999.0, 1.25, 1.25, 19.5, 9999.0, 9999.0, 9999.0, 119.0, 122.5, 117.75, 101.5, 133.25
2023-04-06, 16:29:53, 130.75, 51.0, 18.75, 25.5, 9999.0, 1.0, 0.5, 19.25, 9999.0, 9999.0, 9999.0, 119.0, 122.5, 118.0, 101.75, 133.5
2023-04-06, 16:29:57, 130.75, 51.25, 18.75, 25.75, 9999.0, 1.25, 1.25, 19.5, 9999.0, 9999.0, 9999.0, 119.0, 122.5, 118.0, 101.75, 133.5
2023-04-06, 16:30:01, 130.75, 51.0, 18.75, 26.0, 9999.0, 1.0, 1.25, 19.5, 9999.0, 9999.0, 9999.0, 118.75, 122.5, 118.0, 101.75, 133.5
2023-04-06, 16:30:05, 130.75, 51.0, 18.75, 25.75, 9999.0, 1.0, 1.25, 19.5, 9999.0, 9999.0, 9999.0, 118.75, 122.5, 118.0, 101.75, 133.5
2023-04-06, 16:30:09, 130.75, 51.0, 18.75, 25.75, 9999.0, 0.0, 1.25, 18.5, 9999.0, 9999.0, 9999.0, 118.75, 122.5, 118.0, 101.75, 133.5
2023-04-06, 16:30:13, 130.75, 51.0, 18.5, 26.0, 9999.0, 1.0, 1.25, 19.5, 9999.0, 9999.0, 9999.0, 118.75, 122.75, 118.0, 101.75, 133.5
2023-04-06, 16:30:17, 130.75, 51.0, 18.75, 25.75, 9999.0, 1.0, 1.25, 19.5, 9999.0, 9999.0, 9999.0, 118.75, 122.75, 118.0, 101.75, 133.25
2023-04-06, 16:30:21, 130.75, 51.0, 18.75, 26.0, 9999.0, 1.0, 1.25, 19.5, 9999.0, 9999.0, 9999.0, 118.75, 122.75, 118.0, 101.75, 133.25
2023-04-06, 16:30:36, 130.75, 51.0, 18.5, 26.0, 9999.0, 0.75, 0.25, 18.0, 9999.0, 9999.0, 9999.0, 118.75, 122.75, 118.0, 101.75, 133.5
2023-04-06, 16:30:37, 130.75, 51.25, 18.5, 25.75, 9999.0, 1.0, 1.25, 19.5, 9999.0, 9999.0, 9999.0, 118.75, 122.75, 117.75, 101.75, 133.25
2023-04-06, 16:30:38, 130.75, 51.25, 18.75, 25.75, 9999.0, 1.0, 1.25, 19.5, 9999.0, 9999.0, 9999.0, 118.75, 122.75, 118.0, 101.75, 133.5
2023-04-06, 16:30:39, 130.75, 51.25, 18.75, 25.75, 9999.0, 1.0, 1.25, 19.5, 9999.0, 9999.0, 9999.0, 118.75, 122.5, 118.0, 101.75, 133.5
2023-04-06, 16:30:42, 130.75, 51.0, 18.75, 24.75, 9999.0, 0.0, -1.5, 19.5, 9999.0, 9999.0, 9999.0, 118.5, 122.75, 118.0, 101.75, 133.5
2023-04-06, 16:30:45, 130.75, 51.0, 18.75, 25.75, 9999.0, 0.75, 1.25, 19.5, 9999.0, 9999.0, 9999.0, 118.5, 122.75, 118.0, 101.75, 133.25
2023-04-06, 16:30:49, 130.75, 51.0, 18.75, 25.75, 9999.0, 1.0, 1.25, 19.5, 9999.0, 9999.0, 9999.0, 118.5, 122.75, 118.0, 101.5, 133.25
2023-04-06, 16:30:53, 130.75, 51.25, 18.75, 26.0, 9999.0, 1.0, 1.25, 19.5, 9999.0, 9999.0, 9999.0, 118.5, 122.5, 118.0, 101.5, 133.5
2023-04-06, 16:30:57, 130.75, 51.0, 17.25, 25.75, 9999.0, -0.75, 1.25, 19.5, 9999.0, 9999.0, 9999.0, 118.5, 122.75, 118.0, 101.75, 133.5
2023-04-06, 16:31:01, 130.75, 51.0, 18.75, 26.0, 9999.0, 1.25, 1.25, 19.5, 9999.0, 9999.0, 9999.0, 118.5, 122.5, 118.0, 101.75, 133.5
2023-04-06, 16:31:05, 130.75, 51.0, 18.75, 26.0, 9999.0, 1.25, 1.25, 19.5, 9999.0, 9999.0, 9999.0, 119.0, 122.5, 118.0, 101.75, 133.5
2023-04-06, 16:31:09, 130.75, 51.25, 18.75, 26.0, 9999.0, 1.25, 1.25, 19.5, 9999.0, 9999.0, 9999.0, 119.0, 122.5, 118.0, 101.5, 133.5
2023-04-06, 16:31:13, 130.75, 49.75, 18.5, 24.75, 9999.0, 1.0, 1.25, 19.5, 9999.0, 9999.0, 9999.0, 119.0, 122.5, 118.0, 101.75, 133.5
2023-04-06, 16:31:17, 130.75, 51.25, 18.75, 25.75, 9999.0, 1.25, 1.25, 19.5, 9999.0, 9999.0, 9999.0, 119.0, 122.5, 118.0, 101.75, 133.5
2023-04-06, 16:31:21, 130.75, 51.25, 18.75, 25.75, 9999.0, 1.25, 1.5, 19.5, 9999.0, 9999.0, 9999.0, 119.0, 122.5, 118.0, 101.75, 133.5
2023-04-06, 16:31:26, 130.75, 51.25, 18.75, 25.75, 9999.0, 1.0, 1.25, 19.5, 9999.0, 9999.0, 9999.0, 118.75, 122.5, 118.0, 101.5, 133.5
2023-04-06, 16:31:30, 129.25, 50.5, 17.5, 24.0, 9999.0, 1.0, 1.25, 19.5, 9999.0, 9999.0, 9999.0, 118.75, 122.5, 118.0, 101.75, 133.5
2023-04-06, 16:31:34, 130.75, 51.0, 18.75, 26.0, 9999.0, 1.0, 1.25, 19.5, 9999.0, 9999.0, 9999.0, 118.75, 122.75, 118.0, 101.5, 133.5
2023-04-06, 16:31:38, 130.75, 51.25, 18.75, 26.0, 9999.0, 1.0, 1.25, 19.5, 9999.0, 9999.0, 9999.0, 118.75, 122.75, 118.0, 101.75, 133.25
2023-04-06, 16:31:42, 130.75, 51.25, 19.0, 26.0, 9999.0, 1.0, 1.25, 19.5, 9999.0, 9999.0, 9999.0, 118.75, 122.75, 118.0, 101.75, 132.25
2023-04-06, 16:31:46, 130.5, 50.5, 16.75, 25.75, 9999.0, 1.0, 1.25, 19.5, 9999.0, 9999.0, 9999.0, 118.75, 122.75, 118.0, 101.75, 133.5
2023-04-06, 16:31:50, 130.75, 51.25, 18.75, 26.0, 9999.0, 1.0, 1.25, 19.5, 9999.0, 9999.0, 9999.0, 118.75, 122.75, 118.0, 101.75, 133.5
2023-04-06, 16:31:54, 130.75, 51.25, 18.75, 25.75, 9999.0, 1.0, 1.25, 19.5, 9999.0, 9999.0, 9999.0, 118.75, 122.75, 118.0, 101.75, 133.5
2023-04-06, 16:31:58, 130.75, 51.0, 18.75, 25.75, 9999.0, 0.75, 1.25, 19.5, 9999.0, 9999.0, 9999.0, 118.75, 122.75, 118.0, 100.5, 132.5
2023-04-06, 16:32:02, 129.75, 49.5, 18.25, 26.0, 9999.0, 1.0, 1.25, 19.5, 9999.0, 9999.0, 9999.0, 118.75, 122.75, 118.0, 101.75, 133.5
2023-04-06, 16:32:06, 130.75, 51.25, 18.75, 26.0, 9999.0, 1.0, 1.25, 19.5, 9999.0, 9999.0, 9999.0, 118.5, 122.75, 118.0, 101.75, 133.5
2023-04-06, 16:32:10, 130.75, 51.25, 19.0, 26.0, 9999.0, 1.25, 1.25, 19.5, 9999.0, 9999.0, 9999.0, 118.5, 122.75, 118.0, 101.75, 133.5
2023-04-06, 16:32:14, 130.75, 51.25, 18.5, 26.0, 9999.0, 1.0, 1.25, 19.5, 9999.0, 9999.0, 9999.0, 118.5, 122.75, 117.5, 101.25, 132.5
2023-04-06, 16:32:18, 129.0, 50.75, 18.75, 26.0, 9999.0, 1.25, 1.25, 19.5, 9999.0, 9999.0, 9999.0, 118.5, 122.75, 118.0, 101.75, 133.5
2023-04-06, 16:32:22, 130.75, 51.0, 18.75, 26.0, 9999.0, 1.25, 1.25, 19.5, 9999.0, 9999.0, 9999.0, 118.5, 122.75, 118.0, 101.75, 133.5
2023-04-06, 16:32:26, 130.75, 51.0, 18.75, 26.0, 9999.0, 1.25, 1.25, 19.5, 9999.0, 9999.0, 9999.0, 119.25, 122.75, 118.0, 101.75, 133.5
2023-04-06, 16:32:30, 130.75, 51.0, 18.75, 26.0, 9999.0, 1.25, 1.25, 19.5, 9999.0, 9999.0, 9999.0, 119.0, 121.25, 117.25, 101.0, 132.0
2023-04-06, 16:32:34, 130.25, 51.25, 18.75, 26.0, 9999.0, 1.25, 1.25, 19.75, 9999.0, 9999.0, 9999.0, 119.0, 122.5, 118.0, 101.75, 133.5
2023-04-06, 16:32:38, 130.75, 51.25, 18.75, 26.0, 9999.0, 1.25, 1.25, 19.75, 9999.0, 9999.0, 9999.0, 119.0, 122.5, 118.0, 101.75, 133.5
2023-04-06, 16:32:42, 130.75, 51.25, 18.75, 25.75, 9999.0, 1.25, 1.25, 19.5, 9999.0, 9999.0, 9999.0, 119.0, 122.5, 118.0, 101.75, 133.5
2023-04-06, 16:32:46, 130.5, 51.0, 18.75, 26.0, 9999.0, 1.0, 1.25, 19.5, 9999.0, 9999.0, 9999.0, 118.5, 122.0, 117.25, 100.5, 132.75
2023-04-06, 16:32:50, 130.75, 51.25, 18.75, 26.0, 9999.0, 1.0, 1.25, 19.5, 9999.0, 9999.0, 9999.0, 119.0, 122.5, 118.0, 101.75, 133.5
2023-04-06, 16:32:54, 130.75, 51.25, 18.75, 26.0, 9999.0, 1.0, 1.25, 19.5, 9999.0, 9999.0, 9999.0, 119.0, 122.75, 118.0, 101.75, 133.5
2023-04-06, 16:32:58, 130.75, 51.25, 19.0, 26.0, 9999.0, 1.25, 1.25, 19.75, 9999.0, 9999.0, 9999.0, 118.75, 122.75, 118.0, 101.75, 133.25
2023-04-06, 16:33:02, 130.75, 51.25, 19.0, 26.0, 9999.0, 1.0, 1.25, 19.5, 9999.0, 9999.0, 9999.0, 118.0, 122.25, 116.5, 101.25, 133.5
2023-04-06, 16:33:06, 130.75, 51.25, 18.75, 26.0, 9999.0, 1.0, 1.25, 19.75, 9999.0, 9999.0, 9999.0, 119.0, 122.75, 118.0, 101.75, 133.5
2023-04-06, 16:33:10, 130.75, 51.25, 18.75, 26.0, 9999.0, 1.0, 1.25, 19.75, 9999.0, 9999.0, 9999.0, 118.75, 122.75, 118.0, 101.75, 133.5
2023-04-06, 16:33:14, 130.75, 51.25, 18.75, 26.0, 9999.0, 1.0, 1.25, 19.5, 9999.0, 9999.0, 9999.0, 118.75, 122.75, 118.0, 101.75, 133.5
2023-04-06, 16:33:18, 130.75, 51.25, 18.75, 25.75, 9999.0, 1.0, 1.25, 19.5, 9999.0, 9999.0, 9999.0, 118.25, 120.75, 117.25, 101.75, 133.5
2023-04-06, 16:33:22, 130.75, 51.25, 18.75, 25.75, 9999.0, 1.0, 1.25, 19.75, 9999.0, 9999.0, 9999.0, 118.75, 122.75, 118.0, 101.75, 133.5
2023-04-06, 16:33:26, 130.75, 51.25, 18.75, 25.75, 9999.0, 1.0, 1.25, 19.75, 9999.0, 9999.0, 9999.0, 118.5, 122.75, 118.0, 101.75, 133.5
2023-04-06, 16:33:30, 130.75, 51.25, 18.75, 26.0, 9999.0, 1.25, 1.25, 19.75, 9999.0, 9999.0, 9999.0, 118.5, 122.75, 118.0, 101.75, 133.5
2023-04-06, 16:33:34, 130.75, 51.25, 19.0, 26.0, 9999.0, 1.25, 1.25, 19.5, 9999.0, 9999.0, 9999.0, 116.75, 121.25, 118.0, 101.75, 133.5
2023-04-06, 16:33:38, 130.75, 51.25, 18.75, 26.0, 9999.0, 1.5, 1.25, 19.75, 9999.0, 9999.0, 9999.0, 118.5, 122.75, 118.0, 101.75, 133.5
2023-04-06, 16:33:42, 130.75, 51.25, 19.0, 26.0, 9999.0, 1.5, 1.5, 19.75, 9999.0, 9999.0, 9999.0, 118.5, 122.75, 118.0, 101.75, 133.5
2023-04-06, 16:33:46, 130.75, 51.25, 18.75, 26.0, 9999.0, 1.25, 1.5, 19.75, 9999.0, 9999.0, 9999.0, 119.25, 122.5, 118.0, 101.75, 133.5
2023-04-06, 16:33:50, 130.75, 51.25, 18.75, 26.0, 9999.0, 1.25, 1.25, 19.75, 9999.0, 9999.0, 9999.0, 116.25, 122.75, 118.0, 101.75, 133.5
2023-04-06, 16:33:54, 131.0, 51.25, 19.0, 26.0, 9999.0, 1.25, 1.25, 19.75, 9999.0, 9999.0, 9999.0, 119.25, 122.75, 118.0, 101.75, 133.5
2023-04-06, 16:33:58, 130.75, 51.25, 18.75, 26.0, 9999.0, 1.25, 1.5, 19.75, 9999.0, 9999.0, 9999.0, 119.0, 122.5, 118.0, 101.75, 133.5
2023-04-06, 16:34:02, 131.0, 51.25, 18.75, 26.0, 9999.0, 1.25, 1.5, 19.75, 9999.0, 9999.0, 9999.0, 119.0, 122.5, 118.0, 101.75, 133.5
2023-04-06, 16:34:06, 130.75, 51.25, 19.0, 26.0, 9999.0, 1.0, 1.5, 18.5, 9999.0, 9999.0, 9999.0, 118.5, 122.5, 118.0, 101.75, 133.5
2023-04-06, 16:34:10, 131.0, 51.25, 19.0, 26.0, 9999.0, 1.25, 1.5, 19.75, 9999.0, 9999.0, 9999.0, 119.0, 122.5, 118.0, 101.75, 133.5
2023-04-06, 16:34:14, 130.75, 51.25, 19.0, 26.0, 9999.0, 1.0, 1.25, 19.5, 9999.0, 9999.0, 9999.0, 119.0, 122.75, 118.0, 101.75, 133.5
2023-04-06, 16:34:18, 130.75, 51.25, 19.0, 26.0, 9999.0, 1.0, 1.5, 19.75, 9999.0, 9999.0, 9999.0, 118.75, 122.75, 118.0, 102.0, 133.5
2023-04-06, 16:34:22, 131.0, 51.25, 19.0, 26.0, 9999.0, 1.0, 1.0, 19.25, 9999.0, 9999.0, 9999.0, 119.0, 122.75, 118.0, 102.0, 133.5
2023-04-06, 16:34:26, 131.0, 51.25, 19.0, 25.75, 9999.0, 1.25, 1.5, 19.75, 9999.0, 9999.0, 9999.0, 119.0, 122.75, 118.0, 102.0, 133.5
2023-04-06, 16:34:30, 130.75, 51.25, 19.0, 26.0, 9999.0, 1.25, 1.5, 19.5, 9999.0, 9999.0, 9999.0, 118.75, 122.75, 118.0, 101.75, 133.5
2023-04-06, 16:34:34, 131.0, 51.25, 19.0, 25.75, 9999.0, 1.0, 1.5, 19.75, 9999.0, 9999.0, 9999.0, 118.75, 122.75, 118.0, 102.0, 133.5
2023-04-06, 16:34:38, 131.0, 51.25, 18.75, 25.75, 9999.0, 1.0, 0.5, 19.5, 9999.0, 9999.0, 9999.0, 118.75, 122.75, 118.0, 101.75, 133.5
2023-04-06, 16:34:42, 131.0, 51.25, 19.0, 25.75, 9999.0, 1.0, 1.5, 19.75, 9999.0, 9999.0, 9999.0, 118.75, 122.75, 118.0, 102.0, 133.5
2023-04-06, 16:34:46, 130.75, 51.25, 19.0, 25.75, 9999.0, 1.0, 1.25, 19.75, 9999.0, 9999.0, 9999.0, 118.75, 122.75, 118.0, 101.75, 133.5
2023-04-06, 16:34:50, 131.0, 51.25, 18.75, 25.75, 9999.0, 1.25, 1.5, 19.75, 9999.0, 9999.0, 9999.0, 118.5, 122.75, 118.0, 101.75, 133.5
2023-04-06, 16:34:54, 131.0, 51.25, 18.75, 25.75, 9999.0, 0.0, 1.0, 19.0, 9999.0, 9999.0, 9999.0, 118.5, 122.75, 118.0, 101.75, 133.5
2023-04-06, 16:34:58, 130.75, 51.25, 19.0, 26.0, 9999.0, 1.5, 1.5, 19.75, 9999.0, 9999.0, 9999.0, 118.5, 122.75, 118.0, 102.0, 133.5
2023-04-06, 16:35:02, 131.0, 51.25, 19.0, 25.75, 9999.0, 1.5, 1.5, 19.75, 9999.0, 9999.0, 9999.0, 118.5, 122.75, 118.0, 102.0, 133.5
2023-04-06, 16:35:06, 131.0, 51.25, 19.0, 25.75, 9999.0, 1.5, 1.5, 19.75, 9999.0, 9999.0, 9999.0, 119.25, 122.75, 118.0, 101.75, 133.5
2023-04-06, 16:35:10, 130.75, 51.25, 19.0, 25.75, 9999.0, 0.75, 0.25, 18.25, 9999.0, 9999.0, 9999.0, 119.25, 122.75, 118.0, 102.0, 133.5
2023-04-06, 16:35:14, 130.75, 51.25, 18.75, 25.75, 9999.0, 1.25, 1.5, 19.75, 9999.0, 9999.0, 9999.0, 119.0, 122.75, 118.0, 102.0, 133.5
2023-04-06, 16:35:18, 130.75, 51.25, 19.0, 26.0, 9999.0, 1.25, 1.5, 19.75, 9999.0, 9999.0, 9999.0, 119.0, 122.75, 118.0, 102.0, 133.5
2023-04-06, 16:35:22, 130.75, 51.25, 19.0, 26.0, 9999.0, 1.25, 1.5, 19.75, 9999.0, 9999.0, 9999.0, 119.0, 122.75, 118.0, 101.75, 133.5
2023-04-06, 16:35:26, 131.0, 51.25, 19.0, 25.25, 9999.0, 0.5, 0.0, 19.5, 9999.0, 9999.0, 9999.0, 119.0, 122.75, 118.0, 101.75, 133.5
2023-04-06, 16:35:30, 131.0, 51.25, 19.0, 26.0, 9999.0, 1.25, 1.5, 19.75, 9999.0, 9999.0, 9999.0, 119.0, 122.75, 118.0, 101.75, 133.5
2023-04-06, 16:35:34, 131.0, 51.25, 19.0, 26.0, 9999.0, 1.25, 1.5, 19.75, 9999.0, 9999.0, 9999.0, 119.0, 123.0, 118.0, 101.75, 133.5
2023-04-06, 16:35:38, 131.0, 51.25, 19.0, 26.0, 9999.0, 1.25, 1.5, 19.5, 9999.0, 9999.0, 9999.0, 119.0, 123.0, 118.0, 101.75, 133.5
2023-04-06, 16:35:42, 131.0, 51.25, 18.5, 25.25, 9999.0, -0.5, 0.25, 19.75, 9999.0, 9999.0, 9999.0, 119.0, 123.0, 118.0, 101.75, 133.5
2023-04-06, 16:35:46, 130.75, 51.25, 19.0, 26.0, 9999.0, 1.25, 1.5, 19.75, 9999.0, 9999.0, 9999.0, 119.0, 122.75, 118.0, 101.75, 133.5
2023-04-06, 16:35:51, 131.0, 51.25, 19.0, 25.75, 9999.0, 1.25, 1.25, 19.75, 9999.0, 9999.0, 9999.0, 119.0, 122.75, 118.0, 101.75, 133.5
2023-04-06, 16:35:55, 131.0, 51.25, 19.0, 25.75, 9999.0, 1.0, 1.25, 19.75, 9999.0, 9999.0, 9999.0, 118.75, 122.75, 118.0, 101.75, 133.5
2023-04-06, 16:35:59, 130.75, 51.25, 18.25, 25.5, 9999.0, -0.5, 1.25, 19.75, 9999.0, 9999.0, 9999.0, 118.75, 122.75, 118.0, 101.75, 133.5
2023-04-06, 16:36:03, 130.75, 51.25, 19.0, 25.75, 9999.0, 1.0, 1.5, 19.75, 9999.0, 9999.0, 9999.0, 118.75, 122.75, 118.0, 101.75, 133.5
2023-04-06, 16:36:07, 130.75, 51.25, 19.0, 26.0, 9999.0, 1.0, 1.25, 19.75, 9999.0, 9999.0, 9999.0, 118.75, 122.75, 118.0, 101.75, 133.5
2023-04-06, 16:36:11, 130.75, 51.25, 18.75, 25.75, 9999.0, 1.25, 1.25, 19.5, 9999.0, 9999.0, 9999.0, 118.75, 122.75, 118.0, 101.75, 133.5
2023-04-06, 16:36:15, 130.75, 50.25, 18.5, 25.0, 9999.0, 1.0, 1.5, 19.75, 9999.0, 9999.0, 9999.0, 118.5, 122.75, 118.0, 101.75, 133.5
2023-04-06, 16:36:19, 130.75, 51.25, 19.0, 26.0, 9999.0, 1.5, 1.5, 19.75, 9999.0, 9999.0, 9999.0, 118.5, 122.75, 118.0, 101.75, 133.5
2023-04-06, 16:36:23, 131.0, 51.25, 19.0, 26.0, 9999.0, 1.5, 1.5, 19.75, 9999.0, 9999.0, 9999.0, 118.5, 122.75, 118.0, 101.75, 133.5
2023-04-06, 16:36:27, 131.0, 51.25, 18.75, 25.75, 9999.0, 1.25, 1.25, 19.75, 9999.0, 9999.0, 9999.0, 119.25, 122.75, 118.0, 101.75, 133.5
2023-04-06, 16:36:31, 129.25, 51.0, 17.75, 23.75, 9999.0, 1.25, 1.5, 19.75, 9999.0, 9999.0, 9999.0, 119.0, 122.75, 118.0, 101.75, 133.5
2023-04-06, 16:36:35, 131.0, 51.25, 19.0, 25.75, 9999.0, 1.25, 1.5, 19.75, 9999.0, 9999.0, 9999.0, 119.25, 122.75, 118.0, 101.75, 133.5
2023-04-06, 16:36:39, 131.0, 51.25, 18.75, 25.75, 9999.0, 1.25, 1.5, 19.75, 9999.0, 9999.0, 9999.0, 119.25, 122.75, 118.0, 101.75, 133.5
2023-04-06, 16:36:43, 131.0, 51.25, 18.75, 25.5, 9999.0, 1.25, 1.5, 19.75, 9999.0, 9999.0, 9999.0, 119.0, 122.75, 118.0, 101.75, 131.5
2023-04-06, 16:36:47, 130.25, 50.0, 16.75, 25.0, 9999.0, 1.25, 1.5, 19.75, 9999.0, 9999.0, 9999.0, 119.0, 122.75, 118.0, 101.75, 133.5
2023-04-06, 16:36:51, 130.75, 51.25, 18.75, 25.75, 9999.0, 1.25, 1.5, 19.75, 9999.0, 9999.0, 9999.0, 119.0, 122.75, 118.0, 101.75, 133.5
2023-04-06, 16:36:55, 130.75, 51.25, 18.75, 25.75, 9999.0, 1.25, 1.5, 19.5, 9999.0, 9999.0, 9999.0, 118.75, 123.0, 118.0, 101.75, 133.5
2023-04-06, 16:36:59, 130.75, 51.25, 18.75, 25.75, 9999.0, 1.0, 1.5, 19.75, 9999.0, 9999.0, 9999.0, 119.0, 122.75, 118.0, 101.75, 132.5
2023-04-06, 16:37:03, 130.5, 49.5, 18.25, 26.0, 9999.0, 1.0, 1.5, 19.75, 9999.0, 9999.0, 9999.0, 118.75, 122.75, 118.0, 101.75, 133.5
2023-04-06, 16:37:07, 131.0, 51.25, 19.0, 26.0, 9999.0, 1.0, 1.5, 19.75, 9999.0, 9999.0, 9999.0, 118.75, 122.75, 118.0, 101.75, 133.5
2023-04-06, 16:37:11, 130.75, 51.25, 19.0, 25.75, 9999.0, 1.0, 1.25, 19.75, 9999.0, 9999.0, 9999.0, 118.75, 122.75, 118.0, 101.75, 133.5
2023-04-06, 16:37:15, 130.75, 51.25, 18.75, 25.75, 9999.0, 1.0, 1.5, 19.5, 9999.0, 9999.0, 9999.0, 118.75, 122.75, 118.0, 101.0, 133.25
2023-04-06, 16:37:19, 129.5, 46.75, 18.75, 25.75, 9999.0, 1.0, 1.25, 19.75, 9999.0, 9999.0, 9999.0, 118.75, 122.75, 118.0, 101.75, 133.5
2023-04-06, 16:37:23, 130.75, 51.25, 19.0, 25.75, 9999.0, 1.0, 1.5, 19.75, 9999.0, 9999.0, 9999.0, 118.75, 122.75, 118.0, 101.75, 133.5
2023-04-06, 16:37:27, 130.75, 51.25, 18.75, 26.0, 9999.0, 1.0, 1.5, 19.75, 9999.0, 9999.0, 9999.0, 118.75, 122.75, 118.0, 101.75, 133.5
2023-04-06, 16:37:31, 130.75, 51.25, 18.75, 25.75, 9999.0, 1.25, 1.5, 19.75, 9999.0, 9999.0, 9999.0, 118.5, 122.75, 116.75, 101.5, 132.25
2023-04-06, 16:37:35, 127.5, 51.0, 18.75, 25.75, 9999.0, 1.25, 1.5, 19.75, 9999.0, 9999.0, 9999.0, 118.5, 122.75, 118.0, 101.75, 133.5
2023-04-06, 16:37:39, 130.75, 51.25, 19.0, 25.75, 9999.0, 1.25, 1.5, 19.75, 9999.0, 9999.0, 9999.0, 118.5, 122.75, 118.0, 101.75, 133.5
2023-04-06, 16:37:43, 130.75, 51.25, 19.0, 25.75, 9999.0, 1.5, 1.5, 19.75, 9999.0, 9999.0, 9999.0, 118.5, 122.75, 118.0, 101.75, 133.5
2023-04-06, 16:37:47, 130.75, 51.0, 18.5, 25.75, 9999.0, 1.25, 1.5, 19.75, 9999.0, 9999.0, 9999.0, 119.25, 121.0, 117.5, 100.75, 131.5
2023-04-06, 16:37:51, 130.5, 51.25, 18.75, 26.0, 9999.0, 1.25, 1.5, 19.75, 9999.0, 9999.0, 9999.0, 119.25, 122.5, 118.0, 101.75, 133.5
2023-04-06, 16:37:55, 131.0, 51.25, 18.75, 26.0, 9999.0, 1.25, 1.5, 19.75, 9999.0, 9999.0, 9999.0, 119.25, 122.75, 118.0, 101.75, 133.5
2023-04-06, 16:37:59, 130.75, 51.25, 19.0, 26.0, 9999.0, 1.25, 1.5, 19.75, 9999.0, 9999.0, 9999.0, 119.25, 122.75, 118.0, 101.75, 133.5
2023-04-06, 16:38:03, 130.75, 51.0, 18.75, 26.0, 9999.0, 1.25, 1.5, 19.75, 9999.0, 9999.0, 9999.0, 119.0, 121.5, 117.75, 100.5, 132.25
2023-04-06, 16:38:07, 130.75, 51.25, 18.75, 26.0, 9999.0, 1.25, 1.5, 19.75, 9999.0, 9999.0, 9999.0, 119.0, 122.5, 118.0, 101.75, 133.5
2023-04-06, 16:38:11, 131.0, 51.25, 18.75, 25.75, 9999.0, 1.25, 1.5, 19.75, 9999.0, 9999.0, 9999.0, 119.0, 122.5, 118.0, 101.75, 133.5
2023-04-06, 16:38:15, 130.75, 51.25, 18.75, 25.5, 9999.0, 1.25, 1.5, 19.75, 9999.0, 9999.0, 9999.0, 119.0, 122.75, 118.0, 101.75, 133.25
2023-04-06, 16:38:19, 130.75, 51.25, 18.75, 25.5, 9999.0, 1.25, 1.5, 19.75, 9999.0, 9999.0, 9999.0, 118.0, 122.5, 116.25, 100.5, 133.5
2023-04-06, 16:38:23, 131.0, 51.25, 19.0, 25.75, 9999.0, 1.25, 1.5, 19.75, 9999.0, 9999.0, 9999.0, 119.0, 122.75, 118.0, 101.75, 133.5
2023-04-06, 16:38:27, 130.75, 51.25, 19.0, 25.5, 9999.0, 1.25, 1.5, 19.75, 9999.0, 9999.0, 9999.0, 118.75, 122.75, 118.0, 101.75, 133.5
2023-04-06, 16:38:31, 131.0, 51.25, 18.75, 25.75, 9999.0, 1.0, 1.5, 19.75, 9999.0, 9999.0, 9999.0, 118.75, 122.75, 118.0, 101.75, 133.5
2023-04-06, 16:38:35, 130.75, 51.25, 18.75, 25.75, 9999.0, 1.25, 1.25, 19.75, 9999.0, 9999.0, 9999.0, 118.5, 121.75, 115.25, 101.75, 133.5
2023-04-06, 16:38:39, 130.75, 51.25, 18.75, 25.5, 9999.0, 1.0, 1.5, 19.75, 9999.0, 9999.0, 9999.0, 118.75, 122.75, 118.0, 101.75, 133.5
2023-04-06, 16:38:43, 130.75, 51.25, 18.75, 25.75, 9999.0, 1.0, 1.5, 19.75, 9999.0, 9999.0, 9999.0, 118.75, 122.75, 118.0, 101.75, 133.5
2023-04-06, 16:38:47, 130.75, 51.25, 18.75, 26.0, 9999.0, 1.0, 1.5, 19.75, 9999.0, 9999.0, 9999.0, 118.75, 122.75, 118.0, 101.5, 133.5
2023-04-06, 16:38:51, 130.75, 51.25, 19.0, 25.75, 9999.0, 1.25, 1.5, 19.75, 9999.0, 9999.0, 9999.0, 117.5, 121.0, 117.75, 101.75, 133.5
2023-04-06, 16:38:55, 130.75, 51.25, 19.0, 26.0, 9999.0, 1.25, 1.25, 19.75, 9999.0, 9999.0, 9999.0, 118.5, 122.75, 118.0, 101.75, 133.5
2023-04-06, 16:38:59, 130.75, 51.25, 19.0, 26.0, 9999.0, 1.25, 1.5, 19.75, 9999.0, 9999.0, 9999.0, 118.5, 122.75, 118.0, 101.75, 133.5
2023-04-06, 16:39:03, 130.75, 51.25, 19.0, 26.0, 9999.0, 1.5, 1.5, 19.75, 9999.0, 9999.0, 9999.0, 118.5, 122.75, 118.0, 101.75, 133.5
2023-04-06, 16:39:07, 131.0, 51.25, 19.0, 25.75, 9999.0, 1.25, 1.5, 19.75, 9999.0, 9999.0, 9999.0, 118.0, 122.5, 118.0, 101.75, 133.5
2023-04-06, 16:39:11, 131.0, 51.25, 18.75, 26.0, 9999.0, 1.5, 1.5, 19.75, 9999.0, 9999.0, 9999.0, 119.25, 122.5, 118.0, 101.75, 133.5
2023-04-06, 16:39:15, 130.75, 51.25, 18.75, 25.75, 9999.0, 1.25, 1.5, 19.5, 9999.0, 9999.0, 9999.0, 119.0, 122.75, 118.0, 101.75, 133.5
2023-04-06, 16:39:19, 130.75, 51.25, 18.75, 25.75, 9999.0, 1.25, 1.5, 19.75, 9999.0, 9999.0, 9999.0, 119.0, 122.5, 118.0, 101.75, 133.5
2023-04-06, 16:39:23, 130.75, 51.25, 18.75, 25.75, 9999.0, 1.25, 1.25, 19.5, 9999.0, 9999.0, 9999.0, 117.25, 122.5, 118.0, 101.75, 133.5
2023-04-06, 16:39:27, 130.75, 51.25, 18.75, 25.75, 9999.0, 1.25, 1.5, 19.75, 9999.0, 9999.0, 9999.0, 119.0, 122.75, 118.0, 101.75, 133.5
2023-04-06, 16:39:31, 130.75, 51.0, 18.75, 25.75, 9999.0, 1.25, 1.5, 19.5, 9999.0, 9999.0, 9999.0, 119.0, 122.75, 118.0, 101.75, 133.5
2023-04-06, 16:39:35, 130.75, 51.25, 18.75, 25.75, 9999.0, 1.25, 1.5, 19.75, 9999.0, 9999.0, 9999.0, 118.75, 122.75, 118.0, 101.75, 133.5
2023-04-06, 16:39:39, 130.75, 51.25, 18.75, 25.75, 9999.0, 1.0, 1.5, 19.0, 9999.0, 9999.0, 9999.0, 119.0, 122.75, 118.0, 101.75, 133.5
2023-04-06, 16:39:43, 130.75, 51.25, 18.75, 26.0, 9999.0, 1.0, 1.5, 19.75, 9999.0, 9999.0, 9999.0, 119.0, 122.75, 118.0, 101.75, 133.5
2023-04-06, 16:39:47, 130.75, 51.25, 18.75, 25.75, 9999.0, 1.25, 1.5, 19.5, 9999.0, 9999.0, 9999.0, 118.75, 122.75, 118.0, 101.75, 133.5
2023-04-06, 16:39:51, 130.75, 51.25, 18.75, 25.25, 9999.0, 1.0, 1.5, 19.5, 9999.0, 9999.0, 9999.0, 118.75, 122.75, 118.0, 101.75, 133.5
2023-04-06, 16:39:55, 130.75, 51.25, 18.75, 25.5, 9999.0, 1.0, 0.25, 19.5, 9999.0, 9999.0, 9999.0, 118.75, 122.75, 118.0, 101.75, 133.5
2023-04-06, 16:39:59, 130.75, 51.25, 18.75, 25.75, 9999.0, 1.0, 1.25, 19.75, 9999.0, 9999.0, 9999.0, 118.75, 122.75, 118.0, 101.75, 133.5
2023-04-06, 16:40:03, 130.75, 51.25, 18.75, 25.5, 9999.0, 1.0, 1.25, 19.5, 9999.0, 9999.0, 9999.0, 118.75, 122.75, 118.0, 101.75, 133.5
2023-04-06, 16:40:07, 130.75, 51.25, 18.75, 25.5, 9999.0, 1.0, 1.25, 19.5, 9999.0, 9999.0, 9999.0, 118.5, 122.5, 118.0, 101.5, 133.5
2023-04-06, 16:40:11, 130.75, 51.25, 18.75, 25.75, 9999.0, 0.75, 0.75, 19.25, 9999.0, 9999.0, 9999.0, 118.75, 122.75, 118.0, 101.75, 133.5
2023-04-06, 16:40:15, 131.0, 51.25, 18.75, 25.75, 9999.0, 1.25, 1.25, 19.5, 9999.0, 9999.0, 9999.0, 118.5, 122.75, 118.0, 101.75, 133.5
2023-04-06, 16:40:20, 130.75, 51.25, 18.75, 25.75, 9999.0, 1.25, 1.5, 19.5, 9999.0, 9999.0, 9999.0, 118.5, 122.75, 118.0, 101.5, 133.5
2023-04-06, 16:40:24, 130.75, 51.25, 18.75, 25.75, 9999.0, 1.5, 1.5, 19.75, 9999.0, 9999.0, 9999.0, 118.5, 122.5, 118.0, 101.5, 133.5
2023-04-06, 16:40:28, 130.75, 51.25, 18.75, 26.0, 9999.0, 0.5, 1.0, 18.25, 9999.0, 9999.0, 9999.0, 119.25, 122.5, 118.25, 101.5, 133.5
2023-04-06, 16:40:32, 130.75, 51.25, 18.75, 25.75, 9999.0, 1.25, 1.25, 19.75, 9999.0, 9999.0, 9999.0, 119.25, 122.75, 118.0, 101.5, 133.5
2023-04-06, 16:40:36, 130.75, 51.25, 18.75, 25.75, 9999.0, 1.25, 1.5, 19.75, 9999.0, 9999.0, 9999.0, 119.0, 122.5, 118.0, 101.75, 133.5
2023-04-06, 16:40:40, 130.75, 51.25, 18.75, 25.75, 9999.0, 1.25, 1.5, 19.5, 9999.0, 9999.0, 9999.0, 119.0, 122.5, 118.0, 101.75, 133.5
2023-04-06, 16:40:44, 130.75, 51.25, 18.5, 25.75, 9999.0, 1.0, 0.25, 16.75, 9999.0, 9999.0, 9999.0, 119.0, 122.5, 118.0, 101.75, 133.5
2023-04-06, 16:40:48, 130.75, 51.25, 18.75, 26.0, 9999.0, 1.25, 1.5, 19.5, 9999.0, 9999.0, 9999.0, 119.0, 122.5, 118.0, 101.75, 133.5
2023-04-06, 16:40:52, 130.75, 51.25, 18.75, 26.0, 9999.0, 1.0, 1.5, 19.75, 9999.0, 9999.0, 9999.0, 118.75, 122.5, 118.0, 101.75, 133.5
2023-04-06, 16:40:56, 130.75, 51.25, 19.0, 26.0, 9999.0, 1.25, 1.5, 19.5, 9999.0, 9999.0, 9999.0, 118.75, 122.75, 118.0, 101.75, 133.5
2023-04-06, 16:41:00, 130.75, 51.25, 18.75, 24.25, 9999.0, 0.0, -0.5, 19.5, 9999.0, 9999.0, 9999.0, 119.0, 122.75, 118.0, 101.75, 133.5
2023-04-06, 16:41:04, 130.75, 51.25, 19.0, 25.75, 9999.0, 1.0, 1.25, 19.5, 9999.0, 9999.0, 9999.0, 118.75, 122.75, 118.0, 101.75, 133.5
2023-04-06, 16:41:08, 130.75, 51.25, 19.0, 25.75, 9999.0, 1.0, 1.25, 19.5, 9999.0, 9999.0, 9999.0, 118.75, 122.75, 118.0, 101.75, 133.5
2023-04-06, 16:41:12, 130.75, 51.25, 18.75, 25.75, 9999.0, 1.0, 1.5, 19.5, 9999.0, 9999.0, 9999.0, 118.75, 122.75, 118.0, 101.75, 133.5
2023-04-06, 16:41:16, 130.75, 51.25, 17.25, 25.5, 9999.0, -0.75, 1.0, 19.5, 9999.0, 9999.0, 9999.0, 118.75, 122.75, 118.0, 101.5, 133.5
2023-04-06, 16:41:20, 130.75, 51.25, 19.0, 25.75, 9999.0, 1.0, 1.25, 19.5, 9999.0, 9999.0, 9999.0, 118.75, 122.75, 118.0, 101.5, 133.5
2023-04-06, 16:41:24, 130.75, 51.25, 18.75, 25.75, 9999.0, 1.0, 1.25, 19.5, 9999.0, 9999.0, 9999.0, 118.75, 122.75, 118.0, 101.5, 133.5
2023-04-06, 16:41:28, 130.75, 51.25, 18.75, 25.75, 9999.0, 1.0, 1.25, 19.5, 9999.0, 9999.0, 9999.0, 118.5, 122.75, 118.0, 101.5, 133.5
2023-04-06, 16:41:32, 130.75, 49.75, 18.0, 24.5, 9999.0, 0.5, 1.25, 19.5, 9999.0, 9999.0, 9999.0, 118.5, 122.75, 118.0, 101.75, 133.5
2023-04-06, 16:41:36, 130.75, 51.25, 18.75, 25.75, 9999.0, 1.25, 1.25, 19.5, 9999.0, 9999.0, 9999.0, 118.5, 122.75, 118.0, 101.75, 133.5
2023-04-06, 16:41:40, 130.75, 51.25, 18.75, 25.75, 9999.0, 1.25, 1.25, 19.5, 9999.0, 9999.0, 9999.0, 118.5, 122.75, 118.0, 101.5, 133.5
2023-04-06, 16:41:44, 130.75, 51.25, 18.75, 25.75, 9999.0, 1.25, 1.25, 19.5, 9999.0, 9999.0, 9999.0, 118.5, 122.75, 118.0, 101.75, 133.5
2023-04-06, 16:41:48, 130.25, 50.75, 18.0, 24.0, 9999.0, 1.25, 1.25, 19.5, 9999.0, 9999.0, 9999.0, 119.25, 122.75, 118.0, 101.5, 133.5
2023-04-06, 16:41:52, 130.75, 51.25, 18.75, 25.75, 9999.0, 1.25, 1.25, 19.75, 9999.0, 9999.0, 9999.0, 119.25, 122.5, 118.0, 101.75, 133.5
2023-04-06, 16:41:56, 130.75, 51.25, 18.75, 25.75, 9999.0, 1.25, 1.25, 19.75, 9999.0, 9999.0, 9999.0, 119.0, 122.5, 118.0, 101.75, 133.5
2023-04-06, 16:42:00, 130.75, 51.25, 18.75, 25.75, 9999.0, 1.25, 1.25, 19.5, 9999.0, 9999.0, 9999.0, 119.0, 122.75, 118.0, 101.75, 131.75
2023-04-06, 16:42:04, 130.0, 50.25, 17.5, 25.0, 9999.0, 1.25, 1.25, 19.5, 9999.0, 9999.0, 9999.0, 119.0, 122.5, 118.0, 101.75, 133.5
2023-04-06, 16:42:08, 130.75, 51.25, 18.75, 26.0, 9999.0, 1.25, 1.5, 19.5, 9999.0, 9999.0, 9999.0, 119.0, 122.75, 118.0, 101.75, 133.5
2023-04-06, 16:42:12, 130.75, 51.25, 18.75, 26.0, 9999.0, 1.25, 1.25, 19.5, 9999.0, 9999.0, 9999.0, 118.75, 122.5, 118.0, 101.75, 133.5
2023-04-06, 16:42:16, 130.75, 51.0, 18.75, 26.0, 9999.0, 1.0, 1.25, 19.5, 9999.0, 9999.0, 9999.0, 118.75, 122.75, 118.0, 101.25, 132.5
2023-04-06, 16:42:20, 130.25, 49.75, 18.25, 26.0, 9999.0, 1.0, 1.25, 19.5, 9999.0, 9999.0, 9999.0, 118.75, 122.75, 118.0, 101.75, 133.5
2023-04-06, 16:42:24, 130.75, 51.25, 18.75, 25.75, 9999.0, 1.0, 1.25, 19.5, 9999.0, 9999.0, 9999.0, 118.75, 122.75, 118.0, 101.75, 133.5
2023-04-06, 16:42:28, 130.75, 51.25, 18.75, 25.75, 9999.0, 1.0, 1.25, 19.5, 9999.0, 9999.0, 9999.0, 118.75, 122.75, 118.0, 101.75, 133.5
2023-04-06, 16:42:32, 130.75, 51.25, 18.5, 25.75, 9999.0, 1.0, 1.25, 19.5, 9999.0, 9999.0, 9999.0, 118.75, 122.75, 117.25, 101.0, 133.0
2023-04-06, 16:42:36, 129.75, 50.5, 18.75, 25.75, 9999.0, 1.0, 1.25, 19.5, 9999.0, 9999.0, 9999.0, 118.75, 122.75, 118.0, 101.75, 133.5
2023-04-06, 16:42:40, 130.75, 51.25, 18.75, 26.0, 9999.0, 1.0, 1.25, 19.5, 9999.0, 9999.0, 9999.0, 118.75, 122.75, 118.0, 101.75, 133.5
2023-04-06, 16:42:44, 130.75, 51.25, 18.75, 25.75, 9999.0, 1.0, 1.25, 19.5, 9999.0, 9999.0, 9999.0, 118.75, 122.5, 118.0, 101.75, 133.5
2023-04-06, 16:42:48, 130.75, 51.0, 18.75, 25.75, 9999.0, 1.25, 1.25, 19.5, 9999.0, 9999.0, 9999.0, 118.5, 122.25, 117.25, 101.25, 131.75
2023-04-06, 16:42:52, 130.25, 51.25, 18.75, 25.75, 9999.0, 1.25, 1.25, 19.5, 9999.0, 9999.0, 9999.0, 118.5, 122.75, 118.0, 101.75, 133.5
2023-04-06, 16:42:56, 130.75, 51.25, 18.75, 25.75, 9999.0, 1.25, 1.25, 19.5, 9999.0, 9999.0, 9999.0, 118.5, 122.75, 118.0, 101.75, 133.5
2023-04-06, 16:43:00, 130.75, 51.25, 18.75, 26.0, 9999.0, 1.5, 1.25, 19.75, 9999.0, 9999.0, 9999.0, 118.5, 122.75, 118.0, 101.75, 133.5
2023-04-06, 16:43:04, 130.75, 51.0, 18.75, 25.75, 9999.0, 1.25, 1.5, 19.5, 9999.0, 9999.0, 9999.0, 117.75, 121.75, 117.75, 100.75, 132.25
2023-04-06, 16:43:08, 130.75, 51.25, 19.0, 25.75, 9999.0, 1.25, 1.5, 19.75, 9999.0, 9999.0, 9999.0, 119.25, 122.75, 118.0, 101.75, 133.5
2023-04-06, 16:43:12, 130.75, 51.25, 18.75, 25.75, 9999.0, 1.25, 1.25, 19.5, 9999.0, 9999.0, 9999.0, 119.0, 122.75, 118.0, 101.75, 133.5
2023-04-06, 16:43:16, 130.75, 51.0, 18.75, 26.0, 9999.0, 1.25, 1.25, 19.5, 9999.0, 9999.0, 9999.0, 119.0, 122.5, 118.0, 101.75, 133.25
2023-04-06, 16:43:20, 130.75, 51.25, 18.75, 25.75, 9999.0, 1.25, 1.5, 19.5, 9999.0, 9999.0, 9999.0, 118.25, 122.25, 116.5, 100.5, 133.5
2023-04-06, 16:43:24, 130.75, 51.25, 19.0, 25.75, 9999.0, 1.25, 1.5, 19.5, 9999.0, 9999.0, 9999.0, 119.0, 122.75, 118.0, 101.75, 133.5
2023-04-06, 16:43:28, 130.75, 51.25, 19.0, 26.0, 9999.0, 1.25, 1.5, 19.5, 9999.0, 9999.0, 9999.0, 119.0, 122.5, 118.0, 101.75, 133.5
2023-04-06, 16:43:32, 130.75, 51.25, 19.0, 26.0, 9999.0, 1.25, 1.25, 19.5, 9999.0, 9999.0, 9999.0, 118.75, 122.5, 118.0, 101.5, 133.25
2023-04-06, 16:43:36, 130.75, 51.25, 18.75, 26.0, 9999.0, 1.0, 1.25, 19.5, 9999.0, 9999.0, 9999.0, 118.75, 121.75, 117.25, 101.75, 133.5
2023-04-06, 16:43:40, 130.75, 51.25, 18.75, 25.75, 9999.0, 1.0, 1.25, 19.5, 9999.0, 9999.0, 9999.0, 118.75, 122.75, 118.0, 101.75, 133.5
2023-04-06, 16:43:44, 130.75, 51.25, 18.75, 25.75, 9999.0, 1.0, 1.5, 19.5, 9999.0, 9999.0, 9999.0, 118.75, 122.75, 118.0, 101.75, 133.5
2023-04-06, 16:43:48, 130.75, 51.25, 18.75, 25.75, 9999.0, 1.0, 1.5, 19.5, 9999.0, 9999.0, 9999.0, 118.75, 122.75, 117.75, 101.5, 133.5
2023-04-06, 16:43:52, 130.75, 51.25, 18.75, 25.5, 9999.0, 1.25, 1.25, 19.5, 9999.0, 9999.0, 9999.0, 117.25, 120.5, 118.0, 101.75, 133.5
2023-04-06, 16:43:56, 130.75, 51.25, 19.0, 25.5, 9999.0, 1.0, 1.5, 19.75, 9999.0, 9999.0, 9999.0, 118.75, 122.75, 118.0, 101.75, 133.5
2023-04-06, 16:44:00, 130.75, 51.25, 18.75, 25.75, 9999.0, 1.0, 1.25, 19.5, 9999.0, 9999.0, 9999.0, 118.75, 122.75, 118.0, 101.75, 133.5
2023-04-06, 16:44:04, 130.75, 51.25, 18.75, 25.75, 9999.0, 1.0, 1.25, 19.5, 9999.0, 9999.0, 9999.0, 118.5, 122.75, 118.0, 101.75, 133.5
2023-04-06, 16:44:08, 130.75, 51.25, 18.75, 25.75, 9999.0, 1.25, 1.25, 19.5, 9999.0, 9999.0, 9999.0, 117.5, 122.75, 118.0, 101.75, 133.5
2023-04-06, 16:44:12, 130.75, 51.25, 18.75, 25.75, 9999.0, 1.25, 1.25, 19.75, 9999.0, 9999.0, 9999.0, 118.5, 122.75, 118.0, 101.75, 133.5
2023-04-06, 16:44:16, 130.75, 51.25, 19.0, 26.0, 9999.0, 1.25, 1.25, 19.75, 9999.0, 9999.0, 9999.0, 118.5, 122.75, 118.0, 101.75, 133.5
2023-04-06, 16:44:20, 130.75, 51.25, 19.0, 26.0, 9999.0, 1.5, 1.5, 19.75, 9999.0, 9999.0, 9999.0, 118.25, 122.75, 118.0, 101.75, 133.5
2023-04-06, 16:44:24, 130.75, 51.25, 18.75, 26.0, 9999.0, 1.25, 1.25, 19.0, 9999.0, 9999.0, 9999.0, 119.25, 122.75, 118.0, 101.75, 133.5
2023-04-06, 16:44:28, 130.75, 51.25, 18.75, 26.0, 9999.0, 1.25, 1.5, 19.75, 9999.0, 9999.0, 9999.0, 119.25, 122.5, 118.0, 101.75, 133.5
2023-04-06, 16:44:32, 130.75, 51.25, 19.0, 26.0, 9999.0, 1.25, 1.5, 19.75, 9999.0, 9999.0, 9999.0, 119.0, 122.75, 118.0, 101.75, 133.5
2023-04-06, 16:44:36, 130.75, 51.25, 18.75, 25.75, 9999.0, 1.25, 1.5, 19.75, 9999.0, 9999.0, 9999.0, 119.0, 122.5, 118.0, 101.75, 133.5
2023-04-06, 16:44:40, 131.0, 51.25, 18.75, 25.75, 9999.0, 1.25, 0.5, 19.5, 9999.0, 9999.0, 9999.0, 119.0, 122.75, 118.0, 101.75, 133.5
2023-04-06, 16:44:45, 130.75, 51.25, 18.75, 26.0, 9999.0, 1.25, 1.5, 19.75, 9999.0, 9999.0, 9999.0, 119.0, 122.5, 118.0, 101.75, 133.5
2023-04-06, 16:44:49, 130.75, 51.25, 18.75, 26.0, 9999.0, 1.25, 1.5, 19.75, 9999.0, 9999.0, 9999.0, 118.75, 122.5, 118.0, 101.75, 133.5
2023-04-06, 16:44:53, 131.0, 51.25, 19.0, 26.0, 9999.0, 1.25, 1.5, 19.75, 9999.0, 9999.0, 9999.0, 118.75, 122.75, 118.0, 101.75, 133.5
2023-04-06, 16:44:57, 130.75, 51.25, 18.75, 25.75, 9999.0, 0.25, 1.25, 18.5, 9999.0, 9999.0, 9999.0, 119.0, 122.75, 118.0, 101.75, 133.5
2023-04-06, 16:45:01, 131.0, 51.25, 18.75, 25.75, 9999.0, 1.25, 1.5, 19.5, 9999.0, 9999.0, 9999.0, 118.75, 122.75, 118.0, 101.75, 133.5
2023-04-06, 16:45:05, 130.75, 51.25, 19.0, 26.0, 9999.0, 1.0, 1.5, 19.75, 9999.0, 9999.0, 9999.0, 118.75, 122.75, 118.0, 101.75, 133.5
2023-04-06, 16:45:09, 130.75, 51.25, 18.75, 25.75, 9999.0, 1.25, 1.5, 19.5, 9999.0, 9999.0, 9999.0, 118.75, 122.75, 118.0, 101.75, 133.5
2023-04-06, 16:45:13, 130.75, 51.25, 18.75, 25.75, 9999.0, 1.0, 0.75, 15.5, 9999.0, 9999.0, 9999.0, 118.75, 122.75, 118.0, 101.75, 133.25
2023-04-06, 16:45:17, 130.75, 51.25, 18.75, 25.75, 9999.0, 1.0, 1.5, 19.75, 9999.0, 9999.0, 9999.0, 118.75, 122.75, 118.0, 101.75, 133.5
2023-04-06, 16:45:21, 131.0, 51.25, 18.75, 25.75, 9999.0, 1.0, 1.5, 19.75, 9999.0, 9999.0, 9999.0, 118.75, 122.75, 118.0, 101.75, 133.5
2023-04-06, 16:45:25, 130.75, 51.25, 18.75, 25.75, 9999.0, 1.25, 1.5, 19.75, 9999.0, 9999.0, 9999.0, 118.75, 122.75, 118.0, 101.75, 133.5
2023-04-06, 16:45:29, 130.75, 51.25, 18.75, 24.75, 9999.0, 0.25, -3.0, 19.5, 9999.0, 9999.0, 9999.0, 118.5, 122.75, 118.0, 101.75, 133.5
2023-04-06, 16:45:33, 131.0, 51.25, 18.75, 25.75, 9999.0, 1.25, 1.5, 19.75, 9999.0, 9999.0, 9999.0, 118.5, 122.75, 118.0, 101.75, 133.5
2023-04-06, 16:45:37, 130.75, 51.25, 18.75, 26.0, 9999.0, 1.25, 1.5, 19.5, 9999.0, 9999.0, 9999.0, 118.5, 122.75, 118.0, 101.75, 133.5
2023-04-06, 16:45:41, 131.0, 51.25, 18.75, 25.75, 9999.0, 1.5, 1.5, 19.5, 9999.0, 9999.0, 9999.0, 118.5, 122.75, 118.0, 101.75, 133.5
2023-04-06, 16:45:45, 130.75, 51.25, 17.5, 25.75, 9999.0, -3.0, 1.5, 19.75, 9999.0, 9999.0, 9999.0, 119.25, 122.5, 118.0, 101.75, 133.5
2023-04-06, 16:45:49, 130.75, 51.25, 18.75, 26.0, 9999.0, 1.5, 1.5, 19.75, 9999.0, 9999.0, 9999.0, 119.25, 122.75, 118.0, 101.75, 133.5
2023-04-06, 16:45:53, 131.0, 51.25, 19.0, 26.0, 9999.0, 1.5, 1.5, 19.75, 9999.0, 9999.0, 9999.0, 119.25, 122.75, 118.0, 102.0, 133.5
2023-04-06, 16:45:57, 130.75, 51.25, 18.75, 26.0, 9999.0, 1.25, 1.5, 19.75, 9999.0, 9999.0, 9999.0, 119.0, 122.5, 118.0, 102.0, 133.5
2023-04-06, 16:46:01, 130.75, 50.5, 18.5, 24.5, 9999.0, 1.25, 1.5, 19.75, 9999.0, 9999.0, 9999.0, 119.0, 122.75, 117.75, 101.75, 133.5
2023-04-06, 16:46:05, 130.75, 51.25, 18.75, 25.75, 9999.0, 1.25, 1.5, 19.75, 9999.0, 9999.0, 9999.0, 119.0, 122.75, 118.0, 101.75, 133.5
2023-04-06, 16:46:09, 130.75, 51.25, 18.75, 25.75, 9999.0, 1.25, 1.5, 19.75, 9999.0, 9999.0, 9999.0, 119.0, 122.75, 118.0, 101.75, 133.5
2023-04-06, 16:46:13, 131.0, 51.25, 19.0, 25.75, 9999.0, 1.25, 1.5, 19.75, 9999.0, 9999.0, 9999.0, 118.75, 122.75, 118.0, 101.75, 133.25
2023-04-06, 16:46:17, 129.5, 51.0, 18.25, 22.0, 9999.0, 1.25, 1.5, 19.75, 9999.0, 9999.0, 9999.0, 119.0, 122.75, 118.0, 101.75, 133.5
2023-04-06, 16:46:21, 130.75, 51.25, 18.75, 26.0, 9999.0, 1.25, 1.5, 19.75, 9999.0, 9999.0, 9999.0, 118.75, 122.75, 118.0, 101.75, 133.5
2023-04-06, 16:46:25, 131.0, 51.25, 18.75, 26.0, 9999.0, 1.0, 1.5, 19.75, 9999.0, 9999.0, 9999.0, 119.0, 122.75, 118.0, 101.75, 133.5
2023-04-06, 16:46:29, 131.0, 51.25, 19.0, 26.0, 9999.0, 1.0, 1.5, 19.75, 9999.0, 9999.0, 9999.0, 118.75, 122.75, 118.0, 101.75, 131.5
2023-04-06, 16:46:33, 130.75, 50.25, 13.0, 26.0, 9999.0, 1.0, 1.5, 19.75, 9999.0, 9999.0, 9999.0, 118.75, 122.75, 118.0, 101.75, 133.5
2023-04-06, 16:46:37, 130.75, 51.25, 18.75, 26.0, 9999.0, 1.25, 1.5, 19.75, 9999.0, 9999.0, 9999.0, 118.75, 122.75, 118.0, 101.75, 133.5
2023-04-06, 16:46:41, 130.75, 51.25, 18.75, 26.0, 9999.0, 1.0, 1.5, 19.75, 9999.0, 9999.0, 9999.0, 118.75, 122.75, 118.0, 101.75, 133.5
2023-04-06, 16:46:45, 131.0, 51.25, 18.75, 25.75, 9999.0, 1.0, 1.5, 19.75, 9999.0, 9999.0, 9999.0, 118.75, 122.75, 118.0, 100.5, 133.0
2023-04-06, 16:46:49, 130.0, 48.25, 18.5, 26.0, 9999.0, 1.25, 1.5, 19.75, 9999.0, 9999.0, 9999.0, 118.75, 122.75, 118.0, 101.75, 133.5
2023-04-06, 16:46:53, 130.75, 51.25, 19.0, 26.0, 9999.0, 1.25, 1.5, 19.75, 9999.0, 9999.0, 9999.0, 118.5, 122.75, 118.0, 101.75, 133.5
2023-04-06, 16:46:57, 130.75, 51.25, 18.75, 26.0, 9999.0, 1.25, 1.5, 19.75, 9999.0, 9999.0, 9999.0, 118.5, 122.75, 118.0, 101.75, 133.5
2023-04-06, 16:47:01, 130.75, 51.25, 18.75, 26.0, 9999.0, 1.5, 1.5, 19.75, 9999.0, 9999.0, 9999.0, 118.5, 122.75, 116.5, 101.5, 132.25
2023-04-06, 16:47:05, 129.5, 51.25, 18.75, 26.0, 9999.0, 1.5, 1.5, 19.75, 9999.0, 9999.0, 9999.0, 119.25, 122.75, 118.0, 101.75, 133.5
2023-04-06, 16:47:09, 131.0, 51.25, 19.0, 25.75, 9999.0, 1.5, 1.5, 19.75, 9999.0, 9999.0, 9999.0, 119.25, 122.75, 118.0, 101.75, 133.5
2023-04-06, 16:47:13, 130.75, 51.25, 18.75, 25.75, 9999.0, 1.25, 1.5, 19.75, 9999.0, 9999.0, 9999.0, 119.0, 122.5, 118.0, 101.75, 133.5
2023-04-06, 16:47:17, 130.75, 51.25, 18.75, 25.5, 9999.0, 1.25, 1.5, 19.75, 9999.0, 9999.0, 9999.0, 119.0, 121.25, 117.5, 101.0, 131.5
2023-04-06, 16:47:21, 130.5, 51.25, 19.0, 25.75, 9999.0, 1.25, 1.5, 19.75, 9999.0, 9999.0, 9999.0, 119.0, 122.75, 118.0, 101.75, 133.5
2023-04-06, 16:47:25, 130.75, 51.25, 19.0, 25.75, 9999.0, 1.25, 1.5, 19.75, 9999.0, 9999.0, 9999.0, 119.0, 122.75, 118.0, 101.75, 133.5
2023-04-06, 16:47:29, 130.75, 51.25, 18.75, 25.75, 9999.0, 1.25, 1.5, 19.75, 9999.0, 9999.0, 9999.0, 119.0, 122.5, 118.0, 101.75, 133.5
2023-04-06, 16:47:33, 130.5, 51.0, 18.75, 26.0, 9999.0, 1.25, 1.5, 19.75, 9999.0, 9999.0, 9999.0, 117.5, 122.0, 117.0, 100.5, 133.5
2023-04-06, 16:47:37, 130.75, 51.25, 19.0, 26.0, 9999.0, 1.0, 1.5, 19.5, 9999.0, 9999.0, 9999.0, 119.0, 123.0, 118.0, 101.75, 133.5
2023-04-06, 16:47:41, 130.75, 51.25, 19.0, 26.0, 9999.0, 1.0, 1.5, 19.75, 9999.0, 9999.0, 9999.0, 119.0, 122.75, 118.0, 101.75, 133.5
2023-04-06, 16:47:45, 130.75, 51.25, 18.75, 25.75, 9999.0, 1.25, 1.5, 19.75, 9999.0, 9999.0, 9999.0, 118.75, 122.75, 118.0, 101.75, 133.25
2023-04-06, 16:47:49, 130.75, 51.25, 19.0, 26.0, 9999.0, 1.0, 1.5, 19.75, 9999.0, 9999.0, 9999.0, 118.25, 122.0, 116.5, 101.5, 133.5
2023-04-06, 16:47:53, 130.75, 51.25, 18.75, 26.0, 9999.0, 1.0, 1.5, 19.5, 9999.0, 9999.0, 9999.0, 118.75, 122.75, 118.0, 101.75, 133.5
2023-04-06, 16:47:57, 130.75, 51.25, 19.0, 26.0, 9999.0, 1.0, 1.5, 19.75, 9999.0, 9999.0, 9999.0, 118.75, 122.75, 118.0, 101.75, 133.5
2023-04-06, 16:48:01, 130.75, 51.25, 18.75, 25.75, 9999.0, 1.0, 1.25, 19.75, 9999.0, 9999.0, 9999.0, 118.75, 122.75, 118.0, 101.75, 133.5
2023-04-06, 16:48:05, 130.75, 51.25, 18.75, 26.0, 9999.0, 1.0, 1.25, 19.75, 9999.0, 9999.0, 9999.0, 117.75, 121.5, 117.5, 101.75, 133.5
2023-04-06, 16:48:09, 130.75, 51.25, 19.0, 25.75, 9999.0, 1.25, 1.25, 19.75, 9999.0, 9999.0, 9999.0, 118.5, 122.75, 118.0, 101.75, 133.5
2023-04-06, 16:48:13, 130.75, 51.25, 19.0, 26.0, 9999.0, 1.25, 1.25, 19.75, 9999.0, 9999.0, 9999.0, 118.5, 122.75, 117.75, 101.75, 133.5
2023-04-06, 16:48:17, 130.75, 51.25, 19.0, 26.0, 9999.0, 1.25, 1.5, 19.75, 9999.0, 9999.0, 9999.0, 118.5, 122.75, 118.0, 101.5, 133.5
2023-04-06, 16:48:21, 130.75, 51.25, 18.75, 26.0, 9999.0, 1.5, 1.5, 19.5, 9999.0, 9999.0, 9999.0, 116.75, 122.0, 118.0, 101.75, 133.5
2023-04-06, 16:48:25, 130.75, 51.25, 18.75, 26.0, 9999.0, 1.5, 1.5, 19.5, 9999.0, 9999.0, 9999.0, 119.25, 122.5, 118.0, 101.75, 133.5
2023-04-06, 16:48:29, 130.75, 51.25, 18.75, 26.0, 9999.0, 1.25, 1.5, 19.75, 9999.0, 9999.0, 9999.0, 119.25, 122.5, 118.0, 101.75, 133.5
2023-04-06, 16:48:33, 130.75, 51.25, 19.0, 25.75, 9999.0, 1.25, 1.5, 19.75, 9999.0, 9999.0, 9999.0, 119.0, 122.5, 118.0, 101.75, 133.5
2023-04-06, 16:48:37, 130.75, 51.25, 18.75, 25.75, 9999.0, 1.25, 1.5, 18.75, 9999.0, 9999.0, 9999.0, 118.25, 122.75, 118.0, 101.75, 133.5
2023-04-06, 16:48:41, 130.75, 51.25, 19.0, 25.75, 9999.0, 1.25, 1.5, 19.5, 9999.0, 9999.0, 9999.0, 119.0, 122.75, 118.0, 101.75, 133.5
2023-04-06, 16:48:45, 130.75, 51.25, 18.75, 26.0, 9999.0, 1.25, 1.25, 19.75, 9999.0, 9999.0, 9999.0, 119.0, 122.75, 118.0, 101.75, 133.5
2023-04-06, 16:48:49, 130.75, 51.25, 18.75, 26.0, 9999.0, 1.0, 1.5, 19.5, 9999.0, 9999.0, 9999.0, 118.75, 122.5, 118.0, 101.75, 133.5
2023-04-06, 16:48:53, 130.75, 51.25, 18.5, 26.0, 9999.0, 1.0, 1.25, 19.0, 9999.0, 9999.0, 9999.0, 118.75, 122.5, 118.0, 101.75, 133.5
2023-04-06, 16:48:57, 130.75, 51.25, 18.75, 25.5, 9999.0, 1.0, 1.25, 19.75, 9999.0, 9999.0, 9999.0, 118.75, 122.75, 118.0, 101.75, 133.5
2023-04-06, 16:49:01, 130.75, 51.25, 18.75, 25.5, 9999.0, 1.0, 1.25, 19.5, 9999.0, 9999.0, 9999.0, 118.75, 122.75, 118.0, 101.75, 133.5
2023-04-06, 16:49:05, 130.75, 51.25, 18.75, 25.75, 9999.0, 1.0, 1.25, 19.5, 9999.0, 9999.0, 9999.0, 118.75, 122.75, 118.0, 101.75, 133.5
2023-04-06, 16:49:09, 130.75, 51.25, 18.75, 25.75, 9999.0, 0.5, 0.5, 19.25, 9999.0, 9999.0, 9999.0, 118.75, 122.75, 118.0, 101.75, 133.5
2023-04-06, 16:49:14, 130.75, 51.25, 18.75, 25.75, 9999.0, 1.0, 1.25, 19.5, 9999.0, 9999.0, 9999.0, 118.75, 122.75, 118.0, 101.75, 133.5
2023-04-06, 16:49:18, 130.75, 51.25, 18.75, 25.75, 9999.0, 1.0, 1.25, 19.5, 9999.0, 9999.0, 9999.0, 118.75, 122.75, 118.0, 101.75, 133.5
2023-04-06, 16:49:22, 130.75, 51.0, 18.75, 26.0, 9999.0, 1.0, 1.25, 19.5, 9999.0, 9999.0, 9999.0, 118.5, 122.75, 118.0, 101.75, 133.25
2023-04-06, 16:49:26, 130.75, 51.0, 18.75, 25.75, 9999.0, 0.25, 1.0, 18.25, 9999.0, 9999.0, 9999.0, 118.5, 122.75, 118.0, 101.75, 133.5
2023-04-06, 16:49:30, 130.75, 51.25, 18.75, 25.75, 9999.0, 1.25, 1.25, 19.5, 9999.0, 9999.0, 9999.0, 118.5, 122.75, 118.0, 101.75, 133.5
2023-04-06, 16:49:34, 130.75, 51.0, 19.0, 25.75, 9999.0, 1.25, 1.25, 19.5, 9999.0, 9999.0, 9999.0, 118.5, 122.75, 118.0, 101.75, 133.5
2023-04-06, 16:49:38, 130.75, 51.25, 18.75, 26.0, 9999.0, 1.25, 1.25, 19.5, 9999.0, 9999.0, 9999.0, 118.5, 122.75, 118.0, 101.75, 133.25
2023-04-06, 16:49:42, 130.75, 51.0, 18.75, 25.5, 9999.0, 1.0, 0.25, 18.75, 9999.0, 9999.0, 9999.0, 118.5, 122.75, 118.0, 101.5, 133.5
2023-04-06, 16:49:46, 130.75, 51.0, 18.75, 25.75, 9999.0, 1.25, 1.25, 19.5, 9999.0, 9999.0, 9999.0, 119.25, 122.75, 118.0, 101.75, 133.5
2023-04-06, 16:49:50, 130.75, 51.0, 18.75, 25.75, 9999.0, 1.25, 1.25, 19.75, 9999.0, 9999.0, 9999.0, 119.25, 122.5, 118.0, 101.75, 133.25
2023-04-06, 16:49:54, 130.75, 51.0, 18.75, 25.5, 9999.0, 1.25, 1.25, 19.5, 9999.0, 9999.0, 9999.0, 119.0, 122.75, 118.0, 101.5, 133.25
2023-04-06, 16:49:58, 130.75, 51.0, 18.75, 24.5, 9999.0, -0.5, -1.75, 19.5, 9999.0, 9999.0, 9999.0, 119.0, 122.75, 118.0, 101.75, 133.5
2023-04-06, 16:50:02, 130.75, 51.25, 18.75, 25.75, 9999.0, 1.25, 1.5, 19.5, 9999.0, 9999.0, 9999.0, 119.0, 122.5, 118.0, 101.75, 133.5
2023-04-06, 16:50:06, 130.75, 51.0, 18.75, 25.75, 9999.0, 1.25, 1.25, 19.5, 9999.0, 9999.0, 9999.0, 118.75, 122.5, 118.0, 101.75, 133.5
2023-04-06, 16:50:10, 130.75, 51.25, 18.75, 25.75, 9999.0, 1.25, 1.25, 19.5, 9999.0, 9999.0, 9999.0, 118.75, 122.5, 118.0, 101.75, 133.25
2023-04-06, 16:50:14, 130.75, 51.0, 18.0, 25.5, 9999.0, -0.5, 1.25, 19.5, 9999.0, 9999.0, 9999.0, 118.75, 122.5, 118.0, 101.75, 133.5
2023-04-06, 16:50:18, 130.75, 51.0, 18.75, 26.0, 9999.0, 1.0, 1.25, 19.5, 9999.0, 9999.0, 9999.0, 119.0, 122.75, 118.0, 101.75, 133.5
2023-04-06, 16:50:22, 130.75, 51.25, 18.75, 25.75, 9999.0, 1.0, 1.5, 19.5, 9999.0, 9999.0, 9999.0, 118.75, 122.75, 118.0, 101.75, 133.25
2023-04-06, 16:50:26, 130.75, 51.0, 18.75, 25.5, 9999.0, 0.75, 1.25, 19.5, 9999.0, 9999.0, 9999.0, 118.75, 122.75, 118.0, 101.75, 133.25
2023-04-06, 16:50:30, 130.75, 50.25, 18.25, 24.5, 9999.0, 1.0, 1.25, 19.5, 9999.0, 9999.0, 9999.0, 118.75, 122.75, 118.0, 101.5, 133.5
2023-04-06, 16:50:34, 130.75, 51.25, 18.75, 26.0, 9999.0, 1.0, 1.25, 19.5, 9999.0, 9999.0, 9999.0, 118.75, 122.75, 118.0, 101.75, 133.5
2023-04-06, 16:50:38, 130.75, 51.0, 18.75, 26.0, 9999.0, 1.0, 1.25, 19.5, 9999.0, 9999.0, 9999.0, 118.75, 122.75, 118.0, 101.75, 133.5
2023-04-06, 16:50:42, 130.75, 51.0, 18.75, 26.0, 9999.0, 1.0, 1.25, 19.5, 9999.0, 9999.0, 9999.0, 118.5, 122.75, 118.0, 101.5, 133.5
2023-04-06, 16:50:46, 130.0, 51.0, 18.0, 23.5, 9999.0, 1.0, 1.25, 19.5, 9999.0, 9999.0, 9999.0, 118.5, 122.75, 118.0, 101.75, 133.5
2023-04-06, 16:50:50, 130.75, 51.25, 18.75, 26.0, 9999.0, 1.0, 1.25, 19.5, 9999.0, 9999.0, 9999.0, 118.5, 122.75, 118.0, 101.75, 133.5
2023-04-06, 16:50:54, 130.75, 51.25, 18.75, 25.75, 9999.0, 1.25, 1.25, 19.5, 9999.0, 9999.0, 9999.0, 118.5, 122.75, 118.0, 101.75, 133.25
2023-04-06, 16:50:58, 130.75, 51.0, 18.75, 25.75, 9999.0, 1.0, 1.25, 19.5, 9999.0, 9999.0, 9999.0, 118.5, 122.5, 118.0, 101.5, 132.0
2023-04-06, 16:51:02, 130.5, 50.25, 13.0, 25.75, 9999.0, 1.25, 1.25, 19.5, 9999.0, 9999.0, 9999.0, 118.5, 122.5, 118.0, 101.75, 133.5
2023-04-06, 16:51:06, 130.75, 51.0, 18.75, 25.75, 9999.0, 1.25, 1.25, 19.5, 9999.0, 9999.0, 9999.0, 119.25, 122.5, 118.0, 101.75, 133.25
2023-04-06, 16:51:10, 130.75, 51.0, 18.75, 25.75, 9999.0, 1.25, 1.25, 19.5, 9999.0, 9999.0, 9999.0, 119.0, 122.5, 118.0, 101.5, 133.25
2023-04-06, 16:51:14, 130.75, 51.0, 18.75, 25.75, 9999.0, 1.25, 1.25, 19.5, 9999.0, 9999.0, 9999.0, 118.75, 122.5, 118.0, 100.5, 133.0
2023-04-06, 16:51:18, 129.75, 47.75, 18.75, 26.0, 9999.0, 1.25, 1.25, 19.5, 9999.0, 9999.0, 9999.0, 119.0, 122.5, 118.0, 101.75, 133.25
2023-04-06, 16:51:22, 130.75, 51.0, 18.75, 25.75, 9999.0, 1.25, 1.25, 19.5, 9999.0, 9999.0, 9999.0, 119.0, 122.5, 118.0, 101.75, 133.5
2023-04-06, 16:51:26, 130.75, 51.0, 18.75, 25.75, 9999.0, 1.0, 1.25, 19.5, 9999.0, 9999.0, 9999.0, 119.0, 122.5, 118.0, 101.5, 133.25
2023-04-06, 16:51:30, 130.75, 50.75, 18.5, 25.75, 9999.0, 1.0, 1.25, 19.5, 9999.0, 9999.0, 9999.0, 118.75, 122.5, 116.75, 101.5, 132.25
2023-04-06, 16:51:34, 125.25, 51.0, 18.75, 25.75, 9999.0, 1.0, 1.25, 19.5, 9999.0, 9999.0, 9999.0, 118.75, 122.5, 118.0, 101.75, 133.5
2023-04-06, 16:51:38, 130.75, 51.0, 18.75, 26.0, 9999.0, 1.0, 1.25, 19.5, 9999.0, 9999.0, 9999.0, 118.75, 122.75, 118.0, 101.75, 133.5
2023-04-06, 16:51:42, 130.75, 51.0, 18.75, 26.0, 9999.0, 1.0, 1.25, 19.5, 9999.0, 9999.0, 9999.0, 118.75, 122.75, 118.0, 101.75, 133.25
2023-04-06, 16:51:46, 130.75, 51.0, 18.75, 25.75, 9999.0, 1.0, 1.25, 19.5, 9999.0, 9999.0, 9999.0, 118.75, 121.25, 117.75, 100.75, 131.0
2023-04-06, 16:51:50, 130.5, 51.0, 18.75, 25.5, 9999.0, 1.0, 1.25, 19.5, 9999.0, 9999.0, 9999.0, 118.75, 122.75, 118.0, 101.75, 133.25
2023-04-06, 16:51:54, 130.75, 51.0, 18.75, 25.5, 9999.0, 1.0, 1.25, 19.5, 9999.0, 9999.0, 9999.0, 118.75, 122.75, 118.0, 101.75, 133.25
2023-04-06, 16:51:58, 130.75, 51.0, 18.75, 26.0, 9999.0, 1.0, 1.25, 19.5, 9999.0, 9999.0, 9999.0, 118.75, 122.75, 118.0, 101.75, 133.25
2023-04-06, 16:52:02, 130.5, 51.0, 18.75, 26.0, 9999.0, 1.0, 1.25, 19.5, 9999.0, 9999.0, 9999.0, 117.25, 122.5, 117.25, 98.5, 133.25
2023-04-06, 16:52:06, 130.75, 51.0, 18.75, 26.0, 9999.0, 0.75, 1.25, 19.5, 9999.0, 9999.0, 9999.0, 118.5, 122.75, 118.0, 101.5, 133.25
2023-04-06, 16:52:10, 130.75, 51.0, 18.75, 25.75, 9999.0, 1.0, 1.25, 19.5, 9999.0, 9999.0, 9999.0, 118.5, 122.75, 118.0, 101.5, 133.25
2023-04-06, 16:52:14, 130.5, 51.0, 18.75, 26.0, 9999.0, 1.0, 1.25, 19.5, 9999.0, 9999.0, 9999.0, 118.5, 122.5, 118.0, 101.5, 133.25
2023-04-06, 16:52:18, 130.5, 51.0, 18.75, 26.0, 9999.0, 1.0, 1.25, 19.5, 9999.0, 9999.0, 9999.0, 118.25, 121.5, 116.5, 101.5, 133.5
2023-04-06, 16:52:22, 130.75, 51.0, 18.5, 26.0, 9999.0, 1.25, 1.25, 19.5, 9999.0, 9999.0, 9999.0, 118.5, 122.5, 118.0, 101.75, 133.25
2023-04-06, 16:52:26, 130.75, 51.0, 18.75, 25.75, 9999.0, 1.25, 1.25, 19.5, 9999.0, 9999.0, 9999.0, 119.25, 122.5, 118.0, 101.5, 133.25
2023-04-06, 16:52:30, 130.75, 51.0, 18.75, 25.75, 9999.0, 1.25, 1.25, 19.5, 9999.0, 9999.0, 9999.0, 119.0, 122.5, 118.0, 101.5, 133.25
2023-04-06, 16:52:34, 130.75, 51.0, 18.75, 25.75, 9999.0, 1.25, 1.25, 19.5, 9999.0, 9999.0, 9999.0, 118.0, 119.5, 118.0, 101.5, 133.5
2023-04-06, 16:52:38, 130.75, 51.0, 18.75, 26.0, 9999.0, 1.0, 1.25, 19.5, 9999.0, 9999.0, 9999.0, 119.0, 122.5, 118.0, 101.75, 133.25
2023-04-06, 16:52:42, 130.5, 51.0, 18.75, 26.0, 9999.0, 1.0, 1.25, 19.5, 9999.0, 9999.0, 9999.0, 119.0, 122.5, 118.0, 101.5, 133.25
2023-04-06, 16:52:46, 130.5, 51.0, 18.75, 25.75, 9999.0, 1.0, 1.25, 19.5, 9999.0, 9999.0, 9999.0, 119.0, 122.5, 117.75, 101.5, 133.25
2023-04-06, 16:52:50, 130.5, 51.0, 18.75, 25.5, 9999.0, 1.0, 1.25, 19.5, 9999.0, 9999.0, 9999.0, 117.25, 122.5, 118.0, 101.5, 133.25
2023-04-06, 16:52:54, 130.5, 51.0, 18.75, 25.5, 9999.0, 1.0, 1.25, 19.5, 9999.0, 9999.0, 9999.0, 118.75, 122.5, 118.0, 101.5, 133.25
2023-04-06, 16:52:58, 130.75, 51.0, 18.75, 25.25, 9999.0, 1.0, 1.25, 19.5, 9999.0, 9999.0, 9999.0, 118.75, 122.75, 118.0, 101.5, 133.25
2023-04-06, 16:53:02, 130.5, 51.0, 18.75, 25.5, 9999.0, 1.0, 1.25, 19.5, 9999.0, 9999.0, 9999.0, 118.75, 122.5, 118.0, 101.5, 133.25
2023-04-06, 16:53:06, 130.75, 51.0, 18.75, 25.75, 9999.0, 0.75, 1.25, 18.25, 9999.0, 9999.0, 9999.0, 118.5, 122.75, 118.0, 101.75, 133.25
2023-04-06, 16:53:10, 130.5, 51.0, 18.75, 25.75, 9999.0, 0.75, 1.25, 19.5, 9999.0, 9999.0, 9999.0, 118.75, 122.75, 118.0, 101.75, 133.25
2023-04-06, 16:53:14, 130.75, 51.0, 18.75, 25.5, 9999.0, 0.75, 1.25, 19.5, 9999.0, 9999.0, 9999.0, 118.75, 122.75, 118.0, 101.5, 133.25
2023-04-06, 16:53:18, 130.75, 51.0, 18.75, 25.75, 9999.0, 1.0, 1.25, 19.5, 9999.0, 9999.0, 9999.0, 118.5, 122.5, 118.0, 101.75, 133.25
2023-04-06, 16:53:22, 130.5, 51.0, 18.75, 25.75, 9999.0, 0.75, -0.25, 18.75, 9999.0, 9999.0, 9999.0, 118.5, 122.5, 118.0, 101.75, 133.25
2023-04-06, 16:53:26, 130.5, 51.0, 18.75, 26.0, 9999.0, 0.75, 1.25, 19.5, 9999.0, 9999.0, 9999.0, 118.5, 122.75, 118.0, 101.75, 133.25
2023-04-06, 16:53:30, 130.75, 51.0, 18.75, 25.75, 9999.0, 1.0, 1.25, 19.5, 9999.0, 9999.0, 9999.0, 118.5, 122.5, 118.0, 101.5, 133.25
2023-04-06, 16:53:34, 130.5, 51.0, 18.75, 25.75, 9999.0, 1.0, 1.25, 19.5, 9999.0, 9999.0, 9999.0, 118.5, 122.5, 118.0, 101.5, 133.25
2023-04-06, 16:53:39, 130.5, 51.0, 18.75, 25.75, 9999.0, 0.5, 0.75, 18.75, 9999.0, 9999.0, 9999.0, 118.5, 122.5, 118.0, 101.75, 133.25
2023-04-06, 16:53:43, 130.75, 51.0, 18.75, 25.75, 9999.0, 1.25, 1.25, 19.5, 9999.0, 9999.0, 9999.0, 118.5, 122.5, 118.0, 101.75, 133.5
2023-04-06, 16:53:47, 130.75, 51.0, 18.5, 25.75, 9999.0, 1.25, 1.25, 19.5, 9999.0, 9999.0, 9999.0, 119.0, 122.5, 118.0, 101.75, 133.25
2023-04-06, 16:53:51, 130.75, 51.0, 18.5, 25.75, 9999.0, 1.25, 1.25, 19.5, 9999.0, 9999.0, 9999.0, 119.0, 122.5, 118.0, 101.75, 133.5
2023-04-06, 16:53:55, 130.75, 51.0, 18.75, 25.75, 9999.0, 0.25, 0.25, 18.25, 9999.0, 9999.0, 9999.0, 119.0, 122.5, 118.0, 101.75, 133.25
2023-04-06, 16:53:59, 130.75, 51.25, 18.75, 25.75, 9999.0, 1.0, 1.25, 19.5, 9999.0, 9999.0, 9999.0, 119.0, 122.5, 118.0, 101.75, 133.5
2023-04-06, 16:54:03, 130.5, 51.0, 18.5, 26.0, 9999.0, 1.0, 1.25, 19.5, 9999.0, 9999.0, 9999.0, 119.0, 122.75, 118.0, 101.75, 133.25
2023-04-06, 16:54:07, 130.75, 51.0, 18.5, 25.75, 9999.0, 1.0, 1.25, 19.5, 9999.0, 9999.0, 9999.0, 118.75, 122.5, 118.0, 101.75, 133.25
2023-04-06, 16:54:11, 130.75, 51.0, 18.5, 25.25, 9999.0, 0.25, 0.25, 19.25, 9999.0, 9999.0, 9999.0, 118.75, 122.5, 118.0, 101.75, 133.25
2023-04-06, 16:54:15, 130.5, 51.0, 18.5, 26.0, 9999.0, 1.0, 1.25, 19.5, 9999.0, 9999.0, 9999.0, 118.75, 122.5, 118.0, 101.75, 133.25
2023-04-06, 16:54:19, 130.75, 51.0, 18.75, 25.75, 9999.0, 1.0, 1.25, 19.5, 9999.0, 9999.0, 9999.0, 118.75, 122.75, 118.0, 101.75, 133.25
2023-04-06, 16:54:23, 130.75, 51.0, 18.75, 26.0, 9999.0, 1.0, 1.25, 19.5, 9999.0, 9999.0, 9999.0, 118.75, 122.75, 118.0, 101.75, 133.25
2023-04-06, 16:54:27, 130.75, 51.0, 17.75, 25.0, 9999.0, -0.25, 0.5, 19.5, 9999.0, 9999.0, 9999.0, 118.75, 122.75, 118.0, 101.75, 133.5
2023-04-06, 16:54:31, 130.75, 51.25, 18.75, 25.75, 9999.0, 1.0, 1.25, 19.5, 9999.0, 9999.0, 9999.0, 118.75, 122.75, 118.0, 101.75, 133.5
2023-04-06, 16:54:35, 130.5, 51.25, 18.75, 26.0, 9999.0, 1.0, 1.25, 19.5, 9999.0, 9999.0, 9999.0, 118.75, 122.75, 118.0, 101.75, 133.5
2023-04-06, 16:54:39, 130.75, 51.25, 18.75, 26.0, 9999.0, 1.0, 1.0, 19.5, 9999.0, 9999.0, 9999.0, 118.75, 122.75, 118.0, 101.75, 133.5
2023-04-06, 16:54:43, 130.75, 50.75, 18.0, 25.25, 9999.0, 0.25, 1.25, 19.5, 9999.0, 9999.0, 9999.0, 118.75, 122.75, 118.0, 101.75, 133.5
2023-04-06, 16:54:47, 130.75, 51.25, 18.5, 26.0, 9999.0, 1.0, 1.25, 19.5, 9999.0, 9999.0, 9999.0, 118.5, 122.75, 118.0, 101.75, 133.5
2023-04-06, 16:54:51, 130.75, 51.0, 18.75, 26.0, 9999.0, 1.25, 1.25, 19.5, 9999.0, 9999.0, 9999.0, 118.5, 122.75, 118.0, 101.75, 133.5
2023-04-06, 16:54:55, 130.75, 51.25, 18.75, 25.5, 9999.0, 1.0, 1.25, 19.5, 9999.0, 9999.0, 9999.0, 118.5, 122.75, 118.0, 101.75, 133.25
2023-04-06, 16:54:59, 129.75, 50.25, 18.25, 24.0, 9999.0, 1.25, 1.25, 19.5, 9999.0, 9999.0, 9999.0, 118.5, 122.75, 118.0, 101.75, 133.5
2023-04-06, 16:55:03, 130.75, 51.0, 18.75, 25.5, 9999.0, 1.25, 1.25, 19.5, 9999.0, 9999.0, 9999.0, 118.5, 122.75, 118.0, 101.75, 133.25
2023-04-06, 16:55:07, 130.75, 51.0, 18.75, 25.75, 9999.0, 1.25, 1.25, 19.5, 9999.0, 9999.0, 9999.0, 119.25, 122.5, 118.0, 101.75, 133.25
2023-04-06, 16:55:11, 130.75, 51.0, 18.75, 25.75, 9999.0, 1.25, 1.25, 19.5, 9999.0, 9999.0, 9999.0, 119.0, 122.5, 118.0, 101.75, 133.25
2023-04-06, 16:55:15, 130.0, 50.75, 16.75, 23.75, 9999.0, 1.25, 1.25, 19.5, 9999.0, 9999.0, 9999.0, 119.0, 122.5, 118.0, 101.75, 133.5
2023-04-06, 16:55:19, 130.75, 51.25, 18.75, 25.75, 9999.0, 1.25, 1.25, 19.5, 9999.0, 9999.0, 9999.0, 119.0, 122.5, 118.0, 101.75, 133.5
2023-04-06, 16:55:23, 130.75, 51.0, 18.75, 25.5, 9999.0, 1.25, 1.5, 19.5, 9999.0, 9999.0, 9999.0, 119.0, 122.5, 118.0, 101.75, 133.5
2023-04-06, 16:55:27, 130.75, 51.0, 19.0, 25.5, 9999.0, 1.0, 1.25, 19.5, 9999.0, 9999.0, 9999.0, 118.75, 122.5, 118.0, 101.75, 132.25
2023-04-06, 16:55:31, 130.5, 49.5, 17.75, 25.75, 9999.0, 1.0, 1.25, 19.5, 9999.0, 9999.0, 9999.0, 118.75, 122.5, 118.0, 101.75, 133.5
2023-04-06, 16:55:35, 130.75, 51.0, 18.75, 25.75, 9999.0, 1.0, 1.25, 19.5, 9999.0, 9999.0, 9999.0, 118.75, 122.5, 118.0, 101.75, 133.5
2023-04-06, 16:55:39, 130.75, 51.25, 18.75, 25.5, 9999.0, 1.0, 1.25, 19.5, 9999.0, 9999.0, 9999.0, 118.75, 122.75, 118.0, 101.75, 133.5
2023-04-06, 16:55:43, 130.75, 51.25, 18.5, 25.5, 9999.0, 1.0, 1.25, 19.5, 9999.0, 9999.0, 9999.0, 118.75, 122.75, 117.75, 101.0, 133.0
2023-04-06, 16:55:47, 128.75, 48.0, 18.75, 25.75, 9999.0, 1.0, 1.25, 19.5, 9999.0, 9999.0, 9999.0, 118.75, 122.75, 118.0, 101.75, 133.5
2023-04-06, 16:55:51, 130.75, 51.25, 18.75, 25.75, 9999.0, 1.0, 1.25, 19.5, 9999.0, 9999.0, 9999.0, 118.75, 122.75, 118.0, 101.75, 133.5
2023-04-06, 16:55:55, 130.75, 51.25, 18.75, 25.75, 9999.0, 1.0, 1.25, 19.5, 9999.0, 9999.0, 9999.0, 118.75, 122.75, 118.0, 101.75, 133.5
2023-04-06, 16:55:59, 130.75, 51.0, 18.75, 25.75, 9999.0, 1.0, 1.25, 19.75, 9999.0, 9999.0, 9999.0, 118.5, 122.75, 117.0, 101.5, 132.5
2023-04-06, 16:56:03, 129.5, 51.25, 18.75, 25.75, 9999.0, 1.0, 1.25, 19.5, 9999.0, 9999.0, 9999.0, 118.75, 122.75, 118.0, 101.75, 133.5
2023-04-06, 16:56:07, 130.75, 51.25, 18.75, 25.75, 9999.0, 1.0, 1.25, 19.5, 9999.0, 9999.0, 9999.0, 118.75, 122.75, 118.0, 101.75, 133.5
2023-04-06, 16:56:11, 130.75, 51.25, 18.75, 25.75, 9999.0, 1.25, 1.25, 19.5, 9999.0, 9999.0, 9999.0, 118.5, 122.75, 118.0, 101.75, 133.5
2023-04-06, 16:56:15, 130.5, 51.0, 18.75, 26.0, 9999.0, 1.25, 1.25, 19.75, 9999.0, 9999.0, 9999.0, 118.5, 121.5, 117.75, 100.75, 126.75
2023-04-06, 16:56:19, 130.75, 51.25, 18.75, 26.0, 9999.0, 1.25, 1.25, 19.5, 9999.0, 9999.0, 9999.0, 118.5, 122.75, 118.0, 101.75, 133.5
2023-04-06, 16:56:23, 130.75, 51.25, 18.75, 26.0, 9999.0, 1.5, 1.25, 19.75, 9999.0, 9999.0, 9999.0, 118.5, 122.75, 118.0, 101.75, 133.5
2023-04-06, 16:56:27, 130.75, 51.25, 18.75, 26.0, 9999.0, 1.25, 1.5, 19.75, 9999.0, 9999.0, 9999.0, 119.25, 122.75, 118.0, 101.75, 133.5
2023-04-06, 16:56:31, 130.75, 51.25, 19.0, 26.0, 9999.0, 1.25, 1.25, 19.75, 9999.0, 9999.0, 9999.0, 118.0, 122.25, 117.25, 100.5, 133.5
2023-04-06, 16:56:35, 130.75, 51.25, 18.75, 26.0, 9999.0, 1.25, 1.25, 19.5, 9999.0, 9999.0, 9999.0, 119.0, 122.5, 118.0, 101.75, 133.5
2023-04-06, 16:56:39, 130.75, 51.25, 18.75, 25.75, 9999.0, 1.25, 1.25, 19.75, 9999.0, 9999.0, 9999.0, 119.0, 122.5, 118.0, 101.75, 133.25
2023-04-06, 16:56:43, 130.75, 51.25, 18.75, 25.75, 9999.0, 1.25, 1.25, 19.75, 9999.0, 9999.0, 9999.0, 119.0, 122.5, 118.0, 101.75, 133.5
2023-04-06, 16:56:47, 130.75, 51.25, 18.75, 26.0, 9999.0, 1.25, 1.25, 19.5, 9999.0, 9999.0, 9999.0, 118.75, 121.5, 113.25, 101.75, 133.5
2023-04-06, 16:56:51, 130.75, 51.25, 18.75, 25.75, 9999.0, 1.25, 1.25, 19.75, 9999.0, 9999.0, 9999.0, 119.0, 122.5, 118.0, 101.75, 133.5
2023-04-06, 16:56:55, 130.75, 51.25, 18.75, 25.75, 9999.0, 1.25, 1.5, 19.5, 9999.0, 9999.0, 9999.0, 119.0, 122.5, 117.75, 101.75, 133.5
2023-04-06, 16:56:59, 130.75, 51.25, 19.0, 26.0, 9999.0, 1.0, 1.25, 19.5, 9999.0, 9999.0, 9999.0, 119.0, 122.75, 118.0, 101.75, 133.25
2023-04-06, 16:57:03, 130.75, 51.25, 18.75, 25.75, 9999.0, 1.0, 1.25, 19.5, 9999.0, 9999.0, 9999.0, 118.0, 119.25, 118.0, 101.75, 133.5
2023-04-06, 16:57:07, 130.75, 51.25, 18.75, 25.75, 9999.0, 1.0, 1.25, 19.75, 9999.0, 9999.0, 9999.0, 118.75, 122.75, 118.0, 101.75, 133.5
2023-04-06, 16:57:11, 130.75, 51.25, 18.75, 26.0, 9999.0, 1.0, 1.5, 19.75, 9999.0, 9999.0, 9999.0, 118.75, 122.75, 118.0, 101.75, 133.5
2023-04-06, 16:57:15, 130.75, 51.25, 19.0, 25.75, 9999.0, 1.0, 1.25, 19.5, 9999.0, 9999.0, 9999.0, 118.75, 122.75, 118.0, 101.75, 133.5
2023-04-06, 16:57:19, 130.75, 51.25, 18.75, 25.75, 9999.0, 0.75, 1.25, 19.75, 9999.0, 9999.0, 9999.0, 112.5, 122.75, 118.0, 101.75, 133.5
2023-04-06, 16:57:23, 130.75, 51.25, 18.75, 26.0, 9999.0, 1.0, 1.25, 19.5, 9999.0, 9999.0, 9999.0, 118.75, 122.75, 118.0, 101.75, 133.5
2023-04-06, 16:57:27, 130.75, 51.25, 18.75, 26.0, 9999.0, 1.0, 1.25, 19.75, 9999.0, 9999.0, 9999.0, 118.5, 122.75, 118.0, 101.75, 133.5
2023-04-06, 16:57:31, 130.75, 51.25, 18.75, 25.75, 9999.0, 1.25, 1.25, 19.75, 9999.0, 9999.0, 9999.0, 118.5, 122.75, 118.0, 101.75, 133.5
2023-04-06, 16:57:35, 130.75, 51.25, 18.75, 25.75, 9999.0, 1.25, 1.25, 18.5, 9999.0, 9999.0, 9999.0, 118.5, 122.75, 118.0, 101.75, 133.5
2023-04-06, 16:57:39, 130.75, 51.25, 18.75, 25.75, 9999.0, 1.25, 1.5, 19.5, 9999.0, 9999.0, 9999.0, 118.5, 122.75, 118.0, 101.75, 133.5
2023-04-06, 16:57:43, 130.75, 51.25, 18.75, 26.0, 9999.0, 1.25, 1.5, 19.75, 9999.0, 9999.0, 9999.0, 118.5, 122.5, 118.0, 101.75, 133.5
2023-04-06, 16:57:47, 130.75, 51.25, 18.75, 26.0, 9999.0, 1.25, 1.5, 19.75, 9999.0, 9999.0, 9999.0, 118.5, 122.5, 118.0, 101.75, 133.5
2023-04-06, 16:57:51, 130.75, 51.25, 19.0, 26.0, 9999.0, 1.25, 0.25, 19.5, 9999.0, 9999.0, 9999.0, 119.0, 122.5, 118.0, 101.75, 133.5
2023-04-06, 16:57:55, 130.75, 51.25, 18.75, 26.0, 9999.0, 1.25, 1.5, 19.5, 9999.0, 9999.0, 9999.0, 119.0, 122.5, 118.0, 101.75, 133.25
2023-04-06, 16:57:59, 131.0, 51.25, 18.75, 26.0, 9999.0, 1.25, 1.5, 19.75, 9999.0, 9999.0, 9999.0, 119.0, 122.5, 118.0, 101.75, 133.5
2023-04-06, 16:58:03, 130.75, 51.25, 19.0, 26.0, 9999.0, 1.25, 1.25, 19.75, 9999.0, 9999.0, 9999.0, 119.0, 122.5, 118.0, 101.75, 133.5
2023-04-06, 16:58:08, 130.75, 51.25, 18.75, 26.0, 9999.0, -0.25, 1.0, 18.75, 9999.0, 9999.0, 9999.0, 119.0, 122.5, 118.0, 101.75, 133.5
2023-04-06, 16:58:12, 130.75, 51.25, 18.75, 26.0, 9999.0, 1.25, 1.5, 19.75, 9999.0, 9999.0, 9999.0, 119.0, 122.75, 118.0, 101.75, 133.5
2023-04-06, 16:58:16, 130.75, 51.25, 18.75, 25.75, 9999.0, 1.25, 1.25, 19.75, 9999.0, 9999.0, 9999.0, 118.75, 122.75, 118.0, 101.75, 133.5
2023-04-06, 16:58:20, 130.75, 51.25, 19.0, 25.5, 9999.0, 1.0, 1.5, 19.5, 9999.0, 9999.0, 9999.0, 119.0, 122.75, 118.0, 102.0, 133.5
2023-04-06, 16:58:24, 130.75, 51.25, 19.0, 25.75, 9999.0, 0.75, 0.5, 15.5, 9999.0, 9999.0, 9999.0, 119.0, 122.75, 118.0, 101.75, 133.5
2023-04-06, 16:58:28, 130.75, 51.25, 19.0, 26.0, 9999.0, 1.0, 1.5, 19.75, 9999.0, 9999.0, 9999.0, 118.75, 122.75, 118.0, 101.75, 133.5
2023-04-06, 16:58:32, 130.75, 51.25, 19.0, 26.0, 9999.0, 1.0, 1.5, 19.75, 9999.0, 9999.0, 9999.0, 118.75, 122.75, 118.0, 101.75, 133.5
2023-04-06, 16:58:36, 130.75, 51.25, 19.0, 26.0, 9999.0, 1.0, 1.25, 19.75, 9999.0, 9999.0, 9999.0, 118.75, 122.75, 118.0, 101.75, 133.5
2023-04-06, 16:58:40, 130.75, 51.25, 19.0, 24.25, 9999.0, 0.0, -1.0, 19.25, 9999.0, 9999.0, 9999.0, 118.75, 122.75, 118.0, 101.75, 133.5
2023-04-06, 16:58:44, 130.75, 51.25, 18.75, 25.5, 9999.0, 1.0, 1.25, 19.75, 9999.0, 9999.0, 9999.0, 118.75, 122.75, 118.0, 101.75, 133.5
2023-04-06, 16:58:48, 130.75, 51.25, 18.75, 25.75, 9999.0, 1.0, 1.5, 19.75, 9999.0, 9999.0, 9999.0, 118.75, 122.75, 118.0, 101.75, 133.5
2023-04-06, 16:58:52, 130.75, 51.25, 18.75, 25.75, 9999.0, 1.25, 1.25, 19.5, 9999.0, 9999.0, 9999.0, 118.75, 122.75, 118.0, 101.75, 133.5
2023-04-06, 16:58:56, 130.75, 51.25, 17.75, 25.5, 9999.0, -0.25, 1.25, 19.75, 9999.0, 9999.0, 9999.0, 118.5, 122.75, 118.0, 101.75, 133.5
2023-04-06, 16:59:00, 130.75, 51.25, 18.75, 25.5, 9999.0, 1.25, 1.25, 19.5, 9999.0, 9999.0, 9999.0, 118.5, 122.75, 118.0, 101.75, 133.5
2023-04-06, 16:59:04, 130.75, 51.25, 19.0, 25.75, 9999.0, 1.25, 1.25, 19.75, 9999.0, 9999.0, 9999.0, 118.5, 122.75, 118.0, 101.75, 133.5
2023-04-06, 16:59:08, 130.75, 51.25, 19.0, 25.75, 9999.0, 1.25, 1.25, 19.5, 9999.0, 9999.0, 9999.0, 119.25, 122.75, 118.0, 101.75, 133.5
2023-04-06, 16:59:12, 130.75, 49.75, 18.25, 24.5, 9999.0, 0.75, 1.25, 19.75, 9999.0, 9999.0, 9999.0, 119.25, 122.75, 118.0, 101.75, 133.5
2023-04-06, 16:59:16, 130.75, 51.25, 18.75, 25.75, 9999.0, 1.25, 1.5, 19.75, 9999.0, 9999.0, 9999.0, 119.25, 122.5, 118.0, 101.75, 133.5
2023-04-06, 16:59:20, 130.75, 51.25, 18.75, 25.75, 9999.0, 1.25, 1.5, 19.75, 9999.0, 9999.0, 9999.0, 119.25, 122.75, 118.0, 101.75, 133.5
2023-04-06, 16:59:24, 130.75, 51.25, 18.75, 25.5, 9999.0, 1.0, 1.25, 19.75, 9999.0, 9999.0, 9999.0, 119.0, 122.5, 118.0, 101.75, 133.5
2023-04-06, 16:59:28, 129.75, 50.75, 18.0, 24.75, 9999.0, 1.25, 1.5, 19.75, 9999.0, 9999.0, 9999.0, 119.0, 122.5, 118.0, 101.75, 133.5
2023-04-06, 16:59:32, 130.75, 51.25, 18.75, 25.75, 9999.0, 1.25, 1.5, 19.75, 9999.0, 9999.0, 9999.0, 118.75, 122.5, 118.0, 101.75, 133.5
2023-04-06, 16:59:36, 130.75, 51.25, 19.0, 25.25, 9999.0, 1.25, 1.25, 19.5, 9999.0, 9999.0, 9999.0, 119.0, 122.5, 118.0, 101.75, 133.5
2023-04-06, 16:59:40, 130.75, 51.25, 19.0, 25.5, 9999.0, 1.0, 1.25, 19.5, 9999.0, 9999.0, 9999.0, 119.0, 122.75, 118.0, 101.75, 131.5
2023-04-06, 16:59:44, 130.0, 50.75, 16.75, 24.75, 9999.0, 1.0, 1.5, 19.75, 9999.0, 9999.0, 9999.0, 118.75, 122.75, 118.0, 101.75, 133.5
2023-04-06, 16:59:48, 130.75, 51.25, 18.75, 25.75, 9999.0, 1.0, 1.25, 19.75, 9999.0, 9999.0, 9999.0, 118.75, 122.75, 118.0, 101.75, 133.5
2023-04-06, 16:59:52, 130.75, 51.25, 18.75, 25.75, 9999.0, 1.0, 1.25, 19.75, 9999.0, 9999.0, 9999.0, 118.75, 122.75, 118.0, 101.75, 133.5
2023-04-06, 16:59:56, 130.75, 51.25, 18.75, 25.75, 9999.0, 1.0, 1.5, 19.75, 9999.0, 9999.0, 9999.0, 118.75, 122.75, 118.0, 101.25, 132.25
2023-04-06, 17:00:00, 130.0, 50.5, 18.25, 25.75, 9999.0, 1.0, 1.25, 19.5, 9999.0, 9999.0, 9999.0, 118.75, 122.5, 118.0, 101.75, 133.5
2023-04-06, 17:00:04, 130.75, 51.25, 19.0, 25.75, 9999.0, 1.0, 1.25, 19.5, 9999.0, 9999.0, 9999.0, 118.75, 122.75, 118.0, 101.75, 133.5
2023-04-06, 17:00:08, 130.75, 51.25, 18.75, 25.75, 9999.0, 1.0, 1.25, 19.75, 9999.0, 9999.0, 9999.0, 118.75, 122.75, 118.0, 101.75, 133.5
2023-04-06, 17:00:12, 130.75, 51.25, 18.75, 25.75, 9999.0, 1.25, 1.25, 19.75, 9999.0, 9999.0, 9999.0, 118.5, 122.75, 118.0, 101.0, 133.0
2023-04-06, 17:00:16, 129.5, 50.5, 18.75, 26.0, 9999.0, 1.25, 1.25, 19.75, 9999.0, 9999.0, 9999.0, 118.5, 122.75, 118.0, 101.75, 133.5
2023-04-06, 17:00:20, 130.75, 51.25, 18.75, 25.75, 9999.0, 1.25, 1.25, 19.5, 9999.0, 9999.0, 9999.0, 118.5, 122.75, 118.0, 101.75, 133.5
2023-04-06, 17:00:24, 130.75, 51.25, 18.75, 25.75, 9999.0, 1.25, 1.5, 19.75, 9999.0, 9999.0, 9999.0, 118.5, 122.75, 118.0, 101.75, 133.5
2023-04-06, 17:00:28, 130.75, 51.0, 18.75, 25.75, 9999.0, 1.25, 1.5, 19.75, 9999.0, 9999.0, 9999.0, 119.25, 122.25, 117.25, 101.25, 132.5
2023-04-06, 17:00:32, 130.0, 51.25, 18.75, 25.75, 9999.0, 1.25, 1.5, 19.75, 9999.0, 9999.0, 9999.0, 119.25, 122.75, 118.0, 101.75, 133.5
2023-04-06, 17:00:36, 130.75, 51.25, 18.75, 25.75, 9999.0, 1.25, 1.5, 19.75, 9999.0, 9999.0, 9999.0, 119.0, 122.75, 118.0, 101.75, 133.5
2023-04-06, 17:00:40, 130.75, 51.25, 18.75, 25.75, 9999.0, 1.25, 1.5, 19.5, 9999.0, 9999.0, 9999.0, 119.0, 122.75, 118.0, 101.75, 133.5
2023-04-06, 17:00:44, 130.5, 51.0, 18.75, 26.0, 9999.0, 1.25, 1.5, 19.75, 9999.0, 9999.0, 9999.0, 119.0, 121.75, 117.75, 100.75, 132.5
2023-04-06, 17:00:48, 130.75, 51.25, 18.75, 26.0, 9999.0, 1.25, 1.5, 19.5, 9999.0, 9999.0, 9999.0, 119.0, 122.5, 118.0, 101.75, 133.5
2023-04-06, 17:00:52, 130.75, 51.25, 18.75, 26.0, 9999.0, 1.25, 1.5, 19.75, 9999.0, 9999.0, 9999.0, 119.0, 122.5, 118.0, 101.75, 133.5
2023-04-06, 17:00:56, 130.75, 51.25, 18.75, 26.0, 9999.0, 1.25, 1.5, 19.5, 9999.0, 9999.0, 9999.0, 118.75, 122.5, 118.0, 101.75, 133.25
2023-04-06, 17:01:00, 130.75, 51.25, 18.75, 25.75, 9999.0, 1.25, 1.25, 19.75, 9999.0, 9999.0, 9999.0, 118.0, 122.5, 117.0, 100.75, 133.5
2023-04-06, 17:01:04, 130.75, 51.25, 19.0, 25.75, 9999.0, 1.25, 1.25, 19.75, 9999.0, 9999.0, 9999.0, 118.75, 122.75, 118.0, 101.75, 133.5
2023-04-06, 17:01:08, 130.75, 51.25, 19.0, 25.25, 9999.0, 1.0, 1.5, 19.75, 9999.0, 9999.0, 9999.0, 118.75, 122.75, 118.0, 101.75, 133.5
2023-04-06, 17:01:12, 130.75, 51.25, 18.75, 25.25, 9999.0, 1.0, 1.5, 19.75, 9999.0, 9999.0, 9999.0, 118.75, 122.75, 118.0, 101.75, 133.5
2023-04-06, 17:01:16, 130.75, 51.25, 18.75, 25.25, 9999.0, 1.0, 1.5, 19.5, 9999.0, 9999.0, 9999.0, 118.5, 121.75, 117.25, 101.75, 133.5
2023-04-06, 17:01:20, 130.75, 51.25, 18.75, 25.75, 9999.0, 1.0, 1.25, 19.75, 9999.0, 9999.0, 9999.0, 118.75, 122.75, 118.0, 101.75, 133.5
2023-04-06, 17:01:24, 130.75, 51.25, 18.75, 25.75, 9999.0, 1.0, 1.25, 19.5, 9999.0, 9999.0, 9999.0, 118.75, 122.75, 118.0, 101.75, 133.5
2023-04-06, 17:01:28, 130.75, 51.25, 18.75, 25.75, 9999.0, 1.0, 1.25, 19.75, 9999.0, 9999.0, 9999.0, 118.75, 122.75, 118.0, 101.75, 133.5
2023-04-06, 17:01:32, 130.75, 51.25, 18.75, 25.75, 9999.0, 1.25, 1.25, 19.75, 9999.0, 9999.0, 9999.0, 117.5, 120.75, 118.0, 101.75, 133.5
2023-04-06, 17:01:36, 130.75, 51.25, 18.75, 26.0, 9999.0, 1.25, 1.25, 19.75, 9999.0, 9999.0, 9999.0, 118.5, 122.75, 118.0, 101.75, 133.5
2023-04-06, 17:01:40, 130.75, 51.25, 19.0, 26.0, 9999.0, 1.25, 1.25, 19.5, 9999.0, 9999.0, 9999.0, 118.5, 122.75, 118.0, 101.75, 133.5
2023-04-06, 17:01:44, 130.75, 51.25, 18.75, 25.75, 9999.0, 1.5, 1.25, 19.75, 9999.0, 9999.0, 9999.0, 118.5, 122.5, 118.0, 101.75, 133.5
2023-04-06, 17:01:48, 130.75, 51.25, 18.75, 26.0, 9999.0, 1.25, 1.25, 19.75, 9999.0, 9999.0, 9999.0, 114.0, 122.5, 118.0, 101.75, 133.5
2023-04-06, 17:01:52, 130.75, 51.25, 19.0, 26.0, 9999.0, 1.25, 1.5, 19.75, 9999.0, 9999.0, 9999.0, 119.25, 122.5, 118.0, 101.75, 133.5
2023-04-06, 17:01:56, 130.75, 51.25, 19.0, 26.0, 9999.0, 1.25, 1.25, 19.5, 9999.0, 9999.0, 9999.0, 119.25, 122.5, 118.0, 101.75, 133.5
2023-04-06, 17:02:00, 130.75, 51.25, 18.75, 26.0, 9999.0, 1.25, 1.5, 19.75, 9999.0, 9999.0, 9999.0, 119.0, 122.5, 118.0, 101.75, 133.5
2023-04-06, 17:02:04, 130.75, 51.25, 19.0, 25.75, 9999.0, 1.25, 1.5, 19.0, 9999.0, 9999.0, 9999.0, 119.0, 122.5, 118.0, 101.75, 133.5
2023-04-06, 17:02:08, 130.75, 51.25, 18.75, 26.0, 9999.0, 1.25, 1.5, 19.75, 9999.0, 9999.0, 9999.0, 119.0, 122.5, 118.0, 101.75, 133.5
2023-04-06, 17:02:12, 130.75, 51.25, 18.75, 25.75, 9999.0, 1.25, 1.5, 19.5, 9999.0, 9999.0, 9999.0, 119.0, 122.5, 118.0, 101.75, 133.5
2023-04-06, 17:02:16, 130.75, 51.25, 19.0, 25.75, 9999.0, 1.25, 1.5, 19.5, 9999.0, 9999.0, 9999.0, 118.75, 122.75, 118.0, 101.75, 133.25
2023-04-06, 17:02:20, 130.75, 51.25, 19.0, 25.75, 9999.0, 1.25, 0.5, 19.5, 9999.0, 9999.0, 9999.0, 118.75, 122.75, 118.0, 101.75, 133.5
2023-04-06, 17:02:24, 130.75, 51.25, 18.75, 25.75, 9999.0, 1.0, 1.5, 19.75, 9999.0, 9999.0, 9999.0, 118.75, 122.75, 118.0, 101.75, 133.5
2023-04-06, 17:02:28, 130.75, 51.25, 18.75, 25.75, 9999.0, 1.25, 1.5, 19.75, 9999.0, 9999.0, 9999.0, 118.75, 123.0, 118.0, 101.75, 133.5
2023-04-06, 17:02:33, 130.75, 51.25, 18.75, 26.0, 9999.0, 1.0, 1.25, 19.5, 9999.0, 9999.0, 9999.0, 118.75, 122.75, 118.0, 101.75, 133.5
2023-04-06, 17:02:37, 130.75, 51.25, 19.0, 25.75, 9999.0, 0.25, 1.0, 19.0, 9999.0, 9999.0, 9999.0, 118.75, 122.75, 118.0, 101.75, 133.5
2023-04-06, 17:02:41, 130.75, 51.25, 18.75, 25.75, 9999.0, 1.0, 1.25, 19.75, 9999.0, 9999.0, 9999.0, 118.75, 122.75, 118.0, 101.75, 133.5
2023-04-06, 17:02:45, 130.75, 51.25, 19.0, 25.75, 9999.0, 1.0, 1.25, 19.5, 9999.0, 9999.0, 9999.0, 118.75, 122.75, 118.0, 101.75, 133.5
2023-04-06, 17:02:49, 130.75, 51.25, 19.0, 25.5, 9999.0, 1.0, 1.25, 19.75, 9999.0, 9999.0, 9999.0, 118.75, 122.75, 118.0, 101.75, 133.5
2023-04-06, 17:02:53, 130.75, 51.25, 18.75, 25.25, 9999.0, 1.0, 0.5, 15.25, 9999.0, 9999.0, 9999.0, 118.5, 122.75, 118.0, 101.75, 133.5
2023-04-06, 17:02:57, 130.75, 51.25, 19.0, 25.5, 9999.0, 1.25, 1.25, 19.5, 9999.0, 9999.0, 9999.0, 118.5, 122.75, 118.0, 101.75, 133.5
2023-04-06, 17:03:01, 130.75, 51.25, 18.75, 25.5, 9999.0, 1.25, 1.25, 19.5, 9999.0, 9999.0, 9999.0, 118.5, 122.75, 118.0, 101.75, 133.5
2023-04-06, 17:03:05, 130.75, 51.25, 18.75, 25.75, 9999.0, 1.25, 1.25, 19.5, 9999.0, 9999.0, 9999.0, 118.5, 122.5, 118.0, 101.75, 133.5
2023-04-06, 17:03:09, 130.75, 51.0, 18.75, 25.0, 9999.0, 0.5, -0.75, 19.5, 9999.0, 9999.0, 9999.0, 119.25, 122.5, 118.0, 101.75, 133.5
2023-04-06, 17:03:13, 130.75, 51.25, 18.75, 25.75, 9999.0, 1.25, 1.25, 19.75, 9999.0, 9999.0, 9999.0, 119.25, 122.5, 118.0, 101.75, 133.5
2023-04-06, 17:03:17, 130.75, 51.25, 18.75, 26.0, 9999.0, 1.25, 1.25, 19.75, 9999.0, 9999.0, 9999.0, 119.0, 122.5, 118.0, 101.75, 133.5
2023-04-06, 17:03:21, 130.75, 51.25, 18.75, 26.0, 9999.0, 1.25, 1.25, 19.75, 9999.0, 9999.0, 9999.0, 119.0, 122.5, 118.0, 101.75, 132.5
2023-04-06, 17:03:25, 129.75, 50.25, 18.0, 24.75, 9999.0, 1.25, 1.5, 19.5, 9999.0, 9999.0, 9999.0, 119.0, 122.75, 118.0, 101.75, 133.5
2023-04-06, 17:03:29, 130.75, 51.25, 18.75, 25.75, 9999.0, 1.25, 1.5, 19.75, 9999.0, 9999.0, 9999.0, 119.0, 122.5, 118.0, 101.75, 133.5
2023-04-06, 17:03:33, 130.75, 51.25, 18.75, 25.75, 9999.0, 1.0, 1.5, 19.75, 9999.0, 9999.0, 9999.0, 119.0, 122.5, 118.0, 101.75, 133.25
2023-04-06, 17:03:37, 130.75, 51.0, 18.5, 25.75, 9999.0, 1.25, 1.5, 19.5, 9999.0, 9999.0, 9999.0, 118.75, 121.25, 117.75, 100.75, 127.0
2023-04-06, 17:03:41, 130.75, 51.25, 18.75, 25.75, 9999.0, 1.0, 1.5, 19.5, 9999.0, 9999.0, 9999.0, 119.0, 122.75, 118.0, 101.75, 133.5
2023-04-06, 17:03:45, 130.75, 51.25, 18.75, 25.75, 9999.0, 1.0, 1.25, 19.5, 9999.0, 9999.0, 9999.0, 119.0, 122.75, 118.0, 101.75, 133.5
2023-04-06, 17:03:49, 130.75, 51.25, 18.75, 25.75, 9999.0, 1.0, 1.25, 19.5, 9999.0, 9999.0, 9999.0, 118.75, 122.75, 117.75, 101.75, 133.25
2023-04-06, 17:03:53, 130.75, 51.25, 18.75, 25.75, 9999.0, 1.0, 1.25, 19.5, 9999.0, 9999.0, 9999.0, 117.75, 118.25, 118.0, 101.75, 133.5
2023-04-06, 17:03:57, 130.75, 51.25, 18.75, 25.75, 9999.0, 1.0, 1.25, 19.75, 9999.0, 9999.0, 9999.0, 118.75, 122.75, 118.0, 101.75, 133.5
2023-04-06, 17:04:01, 130.75, 51.25, 18.75, 26.0, 9999.0, 1.0, 1.25, 19.75, 9999.0, 9999.0, 9999.0, 118.75, 122.75, 118.0, 101.75, 133.5
2023-04-06, 17:04:05, 130.75, 51.25, 18.75, 25.75, 9999.0, 1.0, 1.25, 19.75, 9999.0, 9999.0, 9999.0, 118.5, 122.75, 118.0, 101.75, 133.5
2023-04-06, 17:04:09, 130.75, 51.25, 18.75, 25.75, 9999.0, -0.5, 0.5, 19.25, 9999.0, 9999.0, 9999.0, 118.75, 122.75, 118.0, 101.75, 133.5
2023-04-06, 17:04:13, 130.75, 51.25, 18.75, 25.75, 9999.0, 1.25, 1.25, 19.5, 9999.0, 9999.0, 9999.0, 118.5, 122.75, 118.0, 101.75, 133.5
2023-04-06, 17:04:17, 130.75, 51.25, 18.75, 25.75, 9999.0, 1.25, 1.25, 19.75, 9999.0, 9999.0, 9999.0, 118.5, 122.5, 118.0, 101.75, 133.5
2023-04-06, 17:04:21, 130.75, 51.25, 18.75, 25.75, 9999.0, 1.25, 1.25, 19.5, 9999.0, 9999.0, 9999.0, 118.5, 122.5, 118.0, 101.75, 133.5
2023-04-06, 17:04:25, 130.75, 51.25, 17.25, 25.5, 9999.0, -1.0, 1.25, 19.75, 9999.0, 9999.0, 9999.0, 118.5, 122.5, 118.0, 101.75, 133.5
2023-04-06, 17:04:29, 130.75, 51.25, 18.75, 25.75, 9999.0, 1.25, 1.5, 19.5, 9999.0, 9999.0, 9999.0, 119.25, 122.5, 118.0, 101.75, 133.5
2023-04-06, 17:04:33, 130.75, 51.25, 18.75, 25.75, 9999.0, 1.25, 1.25, 19.75, 9999.0, 9999.0, 9999.0, 119.25, 122.5, 118.0, 101.75, 133.5
2023-04-06, 17:04:37, 130.75, 51.25, 18.75, 25.75, 9999.0, 1.25, 1.25, 19.75, 9999.0, 9999.0, 9999.0, 119.0, 122.5, 118.0, 101.75, 132.25
2023-04-06, 17:04:41, 130.5, 50.0, 17.5, 26.0, 9999.0, 1.25, 1.5, 19.5, 9999.0, 9999.0, 9999.0, 119.0, 122.5, 118.0, 101.75, 133.5
2023-04-06, 17:04:45, 130.75, 51.25, 18.75, 26.0, 9999.0, 1.25, 1.25, 19.5, 9999.0, 9999.0, 9999.0, 119.0, 122.5, 118.0, 101.75, 133.5
2023-04-06, 17:04:49, 130.75, 51.25, 18.75, 26.0, 9999.0, 1.25, 1.5, 19.75, 9999.0, 9999.0, 9999.0, 119.0, 122.5, 118.0, 101.75, 133.5
2023-04-06, 17:04:53, 130.5, 51.0, 18.75, 25.75, 9999.0, 1.0, 1.25, 19.5, 9999.0, 9999.0, 9999.0, 117.75, 122.25, 117.0, 100.75, 133.25
2023-04-06, 17:04:57, 130.75, 51.25, 18.75, 25.75, 9999.0, 1.0, 1.5, 19.5, 9999.0, 9999.0, 9999.0, 118.75, 122.5, 118.0, 101.75, 133.5
2023-04-06, 17:05:01, 130.75, 51.25, 18.75, 25.75, 9999.0, 1.0, 1.25, 19.5, 9999.0, 9999.0, 9999.0, 119.0, 122.75, 118.0, 101.75, 133.5
2023-04-06, 17:05:05, 130.75, 51.25, 18.75, 26.0, 9999.0, 1.0, 1.25, 19.5, 9999.0, 9999.0, 9999.0, 118.75, 122.75, 118.0, 101.75, 133.5
2023-04-06, 17:05:09, 130.75, 51.25, 18.75, 25.75, 9999.0, 1.0, 1.25, 19.5, 9999.0, 9999.0, 9999.0, 113.25, 122.5, 118.0, 101.75, 133.5
2023-04-06, 17:05:13, 130.75, 51.25, 18.75, 25.75, 9999.0, 1.0, 1.25, 19.5, 9999.0, 9999.0, 9999.0, 118.75, 122.75, 118.0, 101.75, 133.5
2023-04-06, 17:05:17, 130.75, 51.25, 18.75, 25.75, 9999.0, 1.0, 1.25, 19.5, 9999.0, 9999.0, 9999.0, 118.75, 122.75, 118.0, 101.5, 133.5
2023-04-06, 17:05:21, 130.75, 51.25, 18.75, 26.0, 9999.0, 1.0, 1.25, 19.5, 9999.0, 9999.0, 9999.0, 118.75, 122.75, 118.0, 101.75, 133.25
2023-04-06, 17:05:25, 130.75, 51.25, 18.75, 26.0, 9999.0, 0.0, 1.0, 18.5, 9999.0, 9999.0, 9999.0, 118.75, 122.75, 118.0, 101.75, 133.5
2023-04-06, 17:05:29, 130.75, 51.25, 18.75, 26.0, 9999.0, 1.0, 1.25, 19.75, 9999.0, 9999.0, 9999.0, 118.5, 122.75, 118.0, 101.75, 133.5
2023-04-06, 17:05:33, 130.75, 51.25, 18.75, 25.75, 9999.0, 1.25, 1.25, 19.5, 9999.0, 9999.0, 9999.0, 118.5, 122.5, 118.0, 101.75, 133.5
2023-04-06, 17:05:37, 130.75, 51.0, 18.75, 25.75, 9999.0, 1.25, 1.25, 19.5, 9999.0, 9999.0, 9999.0, 118.5, 122.75, 118.0, 101.75, 133.5
2023-04-06, 17:05:41, 130.75, 49.5, 18.25, 24.5, 9999.0, 0.75, 1.25, 19.75, 9999.0, 9999.0, 9999.0, 118.5, 122.5, 118.0, 101.75, 133.5
2023-04-06, 17:05:45, 130.75, 51.25, 18.75, 25.75, 9999.0, 1.25, 1.25, 19.75, 9999.0, 9999.0, 9999.0, 118.5, 122.75, 118.0, 101.75, 133.5
2023-04-06, 17:05:49, 130.75, 51.25, 18.75, 25.5, 9999.0, 1.25, 1.25, 19.75, 9999.0, 9999.0, 9999.0, 119.25, 122.75, 118.0, 101.75, 133.5
2023-04-06, 17:05:53, 130.75, 51.25, 18.75, 25.5, 9999.0, 1.25, 1.25, 19.75, 9999.0, 9999.0, 9999.0, 119.25, 122.5, 118.0, 101.0, 133.0
2023-04-06, 17:05:57, 130.0, 47.5, 18.75, 25.75, 9999.0, 1.25, 1.25, 19.75, 9999.0, 9999.0, 9999.0, 119.0, 122.5, 118.0, 101.75, 133.5
2023-04-06, 17:06:01, 130.75, 51.25, 18.75, 25.75, 9999.0, 1.25, 1.5, 19.5, 9999.0, 9999.0, 9999.0, 119.0, 122.5, 118.0, 101.75, 133.5
2023-04-06, 17:06:05, 130.75, 51.25, 19.0, 25.75, 9999.0, 1.25, 1.5, 19.5, 9999.0, 9999.0, 9999.0, 119.0, 122.5, 118.0, 101.75, 133.25
2023-04-06, 17:06:09, 130.75, 51.25, 18.75, 26.0, 9999.0, 1.25, 1.25, 19.5, 9999.0, 9999.0, 9999.0, 118.0, 122.0, 117.0, 100.75, 133.5
2023-04-06, 17:06:13, 130.75, 51.25, 18.75, 25.75, 9999.0, 1.25, 1.5, 19.5, 9999.0, 9999.0, 9999.0, 118.75, 122.5, 118.0, 101.75, 133.5
2023-04-06, 17:06:17, 130.75, 51.25, 18.75, 25.75, 9999.0, 1.25, 1.5, 19.75, 9999.0, 9999.0, 9999.0, 119.0, 122.75, 118.0, 101.75, 133.5
2023-04-06, 17:06:21, 130.75, 51.25, 18.75, 25.75, 9999.0, 1.0, 1.5, 19.5, 9999.0, 9999.0, 9999.0, 118.75, 122.5, 117.75, 101.75, 133.5
2023-04-06, 17:06:25, 130.75, 51.25, 18.75, 25.75, 9999.0, 1.0, 1.25, 18.5, 9999.0, 9999.0, 9999.0, 118.75, 122.75, 118.0, 101.75, 133.5
2023-04-06, 17:06:29, 130.75, 51.25, 18.75, 25.75, 9999.0, 1.0, 1.5, 19.5, 9999.0, 9999.0, 9999.0, 118.75, 122.75, 118.0, 101.75, 133.5
2023-04-06, 17:06:33, 130.75, 51.25, 18.75, 25.75, 9999.0, 1.0, 1.25, 19.5, 9999.0, 9999.0, 9999.0, 118.75, 122.75, 118.0, 101.75, 133.5
2023-04-06, 17:06:37, 130.75, 51.25, 19.0, 25.75, 9999.0, 1.0, 1.25, 19.75, 9999.0, 9999.0, 9999.0, 118.75, 122.75, 118.0, 101.75, 133.5
2023-04-06, 17:06:41, 130.75, 51.0, 18.75, 26.0, 9999.0, 0.75, 0.75, 15.5, 9999.0, 9999.0, 9999.0, 118.75, 122.75, 118.0, 101.75, 133.5
2023-04-06, 17:06:45, 130.75, 51.25, 18.75, 26.0, 9999.0, 1.0, 1.25, 19.5, 9999.0, 9999.0, 9999.0, 118.75, 122.75, 118.0, 101.75, 133.5
2023-04-06, 17:06:49, 130.75, 51.25, 18.75, 26.0, 9999.0, 1.0, 1.25, 19.5, 9999.0, 9999.0, 9999.0, 118.75, 122.75, 118.0, 101.75, 133.5
2023-04-06, 17:06:53, 130.75, 51.25, 18.75, 26.0, 9999.0, 1.0, 1.25, 19.5, 9999.0, 9999.0, 9999.0, 118.5, 122.75, 118.0, 101.75, 133.5
2023-04-06, 17:06:57, 129.75, 50.25, 18.5, 25.0, 9999.0, 1.0, 1.25, 19.75, 9999.0, 9999.0, 9999.0, 118.5, 122.75, 118.0, 101.75, 133.5
2023-04-06, 17:07:02, 130.75, 51.25, 18.75, 26.0, 9999.0, 1.25, 1.25, 19.75, 9999.0, 9999.0, 9999.0, 118.5, 122.5, 118.0, 101.75, 133.5
2023-04-06, 17:07:06, 130.75, 51.25, 18.75, 26.0, 9999.0, 1.25, 1.5, 19.75, 9999.0, 9999.0, 9999.0, 118.5, 122.5, 118.0, 101.75, 133.5
2023-04-06, 17:07:10, 130.75, 51.25, 18.75, 25.75, 9999.0, 1.25, 1.25, 19.75, 9999.0, 9999.0, 9999.0, 119.25, 122.5, 116.5, 101.5, 132.0
2023-04-06, 17:07:14, 129.0, 51.0, 18.75, 25.75, 9999.0, 1.25, 1.25, 19.75, 9999.0, 9999.0, 9999.0, 119.0, 122.5, 118.0, 101.75, 133.5
2023-04-06, 17:07:18, 130.75, 51.25, 18.75, 25.75, 9999.0, 1.25, 1.25, 19.75, 9999.0, 9999.0, 9999.0, 119.0, 122.5, 118.0, 101.75, 133.5
2023-04-06, 17:07:22, 130.75, 51.25, 18.75, 25.75, 9999.0, 1.25, 1.5, 19.75, 9999.0, 9999.0, 9999.0, 119.0, 122.5, 118.0, 101.75, 133.25
2023-04-06, 17:07:26, 130.75, 51.25, 18.75, 25.75, 9999.0, 1.25, 1.5, 19.75, 9999.0, 9999.0, 9999.0, 118.75, 121.5, 114.5, 101.75, 133.5
2023-04-06, 17:07:30, 130.75, 51.25, 18.75, 26.0, 9999.0, 1.25, 1.5, 19.75, 9999.0, 9999.0, 9999.0, 119.0, 122.5, 118.0, 101.75, 133.5
2023-04-06, 17:07:34, 130.75, 51.25, 19.0, 26.0, 9999.0, 1.0, 1.5, 19.75, 9999.0, 9999.0, 9999.0, 119.0, 122.5, 118.0, 101.75, 133.5
2023-04-06, 17:07:38, 131.0, 51.25, 19.0, 26.0, 9999.0, 1.0, 1.5, 19.75, 9999.0, 9999.0, 9999.0, 118.75, 122.75, 118.0, 101.75, 133.5
2023-04-06, 17:07:42, 130.75, 51.25, 18.75, 26.0, 9999.0, 1.0, 1.25, 19.0, 9999.0, 9999.0, 9999.0, 119.0, 122.75, 118.0, 101.75, 133.5
2023-04-06, 17:07:46, 131.0, 51.25, 18.75, 26.0, 9999.0, 1.25, 1.25, 19.75, 9999.0, 9999.0, 9999.0, 118.75, 122.75, 118.0, 101.75, 133.5
2023-04-06, 17:07:50, 130.75, 51.25, 19.0, 26.0, 9999.0, 1.0, 1.5, 19.75, 9999.0, 9999.0, 9999.0, 118.75, 122.75, 118.0, 101.75, 133.5
2023-04-06, 17:07:54, 131.0, 51.25, 18.75, 26.0, 9999.0, 1.0, 1.25, 19.75, 9999.0, 9999.0, 9999.0, 118.75, 122.75, 118.0, 101.75, 133.5
2023-04-06, 17:07:58, 130.75, 51.25, 18.75, 24.25, 9999.0, 0.25, -1.25, 19.5, 9999.0, 9999.0, 9999.0, 118.75, 122.5, 118.0, 101.75, 133.5
2023-04-06, 17:08:02, 131.0, 51.25, 18.75, 26.0, 9999.0, 1.0, 1.25, 19.75, 9999.0, 9999.0, 9999.0, 118.75, 122.75, 118.0, 101.75, 133.5
2023-04-06, 17:08:06, 130.75, 51.25, 18.75, 26.0, 9999.0, 1.0, 1.25, 19.75, 9999.0, 9999.0, 9999.0, 118.75, 122.5, 117.75, 101.75, 133.5
2023-04-06, 17:08:10, 130.75, 51.25, 18.75, 26.0, 9999.0, 1.0, 1.25, 19.5, 9999.0, 9999.0, 9999.0, 118.5, 122.5, 118.0, 101.75, 133.5
2023-04-06, 17:08:14, 130.0, 51.0, 18.0, 24.25, 9999.0, 1.25, 1.25, 19.75, 9999.0, 9999.0, 9999.0, 118.75, 122.5, 118.0, 101.75, 133.5
2023-04-06, 17:08:18, 131.0, 51.25, 18.75, 26.0, 9999.0, 1.25, 1.25, 19.75, 9999.0, 9999.0, 9999.0, 118.5, 122.5, 118.0, 101.75, 133.5
2023-04-06, 17:08:22, 130.75, 51.25, 19.0, 26.0, 9999.0, 1.25, 1.25, 19.75, 9999.0, 9999.0, 9999.0, 118.5, 122.5, 118.0, 101.75, 133.5
2023-04-06, 17:08:26, 130.75, 51.0, 18.75, 25.75, 9999.0, 1.25, 1.5, 19.75, 9999.0, 9999.0, 9999.0, 118.5, 121.75, 117.0, 101.0, 132.5
2023-04-06, 17:08:30, 130.0, 51.25, 19.0, 26.0, 9999.0, 1.25, 1.5, 19.75, 9999.0, 9999.0, 9999.0, 119.25, 122.5, 118.0, 101.75, 133.5
2023-04-06, 17:08:34, 130.75, 51.25, 19.0, 26.0, 9999.0, 1.25, 1.5, 19.75, 9999.0, 9999.0, 9999.0, 119.25, 122.5, 118.0, 101.75, 133.5
2023-04-06, 17:08:38, 130.75, 51.25, 19.0, 26.0, 9999.0, 1.25, 1.5, 19.75, 9999.0, 9999.0, 9999.0, 119.0, 122.5, 118.0, 101.75, 133.5
2023-04-06, 17:08:42, 130.75, 51.25, 18.75, 26.0, 9999.0, 1.25, 1.5, 19.5, 9999.0, 9999.0, 9999.0, 118.0, 117.0, 118.0, 101.75, 133.5
2023-04-06, 17:08:46, 130.75, 51.25, 18.75, 26.0, 9999.0, 1.25, 1.5, 19.75, 9999.0, 9999.0, 9999.0, 119.0, 122.5, 118.0, 101.75, 133.5
2023-04-06, 17:08:50, 130.75, 51.25, 18.75, 25.75, 9999.0, 1.25, 1.5, 19.75, 9999.0, 9999.0, 9999.0, 119.0, 122.5, 117.75, 101.75, 133.5
2023-04-06, 17:08:54, 130.75, 51.25, 18.75, 26.0, 9999.0, 1.25, 1.5, 19.5, 9999.0, 9999.0, 9999.0, 118.75, 122.5, 118.0, 101.75, 133.5
2023-04-06, 17:08:58, 130.75, 51.25, 18.75, 25.75, 9999.0, 1.0, 0.5, 19.5, 9999.0, 9999.0, 9999.0, 119.0, 122.75, 118.0, 101.75, 133.5
2023-04-06, 17:09:02, 130.75, 51.25, 18.75, 25.75, 9999.0, 1.25, 1.5, 19.75, 9999.0, 9999.0, 9999.0, 118.75, 122.75, 118.0, 101.75, 133.5
2023-04-06, 17:09:06, 130.75, 51.25, 19.0, 26.0, 9999.0, 1.25, 1.5, 19.5, 9999.0, 9999.0, 9999.0, 119.0, 122.75, 118.0, 101.75, 133.5
2023-04-06, 17:09:10, 130.75, 51.25, 18.75, 25.75, 9999.0, 1.0, 1.25, 19.5, 9999.0, 9999.0, 9999.0, 118.75, 122.75, 118.0, 101.75, 133.5
2023-04-06, 17:09:14, 130.75, 51.25, 17.25, 25.0, 9999.0, -0.75, 0.75, 19.75, 9999.0, 9999.0, 9999.0, 118.75, 122.5, 118.0, 101.75, 133.5
2023-04-06, 17:09:18, 130.75, 51.25, 18.75, 26.0, 9999.0, 1.0, 1.5, 19.75, 9999.0, 9999.0, 9999.0, 118.75, 122.5, 118.0, 101.75, 133.5
2023-04-06, 17:09:22, 130.75, 51.25, 18.75, 26.0, 9999.0, 1.0, 1.5, 19.75, 9999.0, 9999.0, 9999.0, 118.75, 122.75, 118.0, 101.75, 133.5
2023-04-06, 17:09:26, 130.75, 51.25, 18.75, 26.0, 9999.0, 1.0, 1.25, 19.75, 9999.0, 9999.0, 9999.0, 118.75, 122.75, 117.75, 101.75, 131.5
2023-04-06, 17:09:30, 130.5, 50.25, 16.0, 26.0, 9999.0, 1.0, 1.25, 19.75, 9999.0, 9999.0, 9999.0, 118.75, 122.75, 118.0, 101.75, 133.5
2023-04-06, 17:09:34, 130.75, 51.25, 18.75, 26.0, 9999.0, 1.25, 1.5, 19.75, 9999.0, 9999.0, 9999.0, 118.5, 122.5, 118.0, 101.75, 133.5
2023-04-06, 17:09:38, 130.75, 51.25, 18.75, 26.0, 9999.0, 1.25, 1.5, 19.5, 9999.0, 9999.0, 9999.0, 118.5, 122.5, 118.0, 101.75, 133.5
2023-04-06, 17:09:42, 130.5, 51.0, 18.75, 26.0, 9999.0, 1.25, 1.5, 19.75, 9999.0, 9999.0, 9999.0, 118.25, 121.75, 117.75, 101.0, 131.25
2023-04-06, 17:09:46, 130.75, 51.25, 18.75, 25.75, 9999.0, 1.25, 1.5, 19.75, 9999.0, 9999.0, 9999.0, 118.5, 122.75, 118.0, 101.75, 133.5
2023-04-06, 17:09:50, 130.75, 51.25, 18.75, 25.75, 9999.0, 1.5, 1.25, 19.5, 9999.0, 9999.0, 9999.0, 119.25, 122.5, 118.0, 101.75, 133.5
2023-04-06, 17:09:54, 130.75, 51.25, 18.75, 25.75, 9999.0, 1.25, 1.25, 19.5, 9999.0, 9999.0, 9999.0, 119.0, 122.75, 117.75, 101.75, 133.5
2023-04-06, 17:09:58, 130.75, 51.25, 18.75, 25.5, 9999.0, 1.25, 1.25, 19.75, 9999.0, 9999.0, 9999.0, 118.25, 122.25, 118.0, 101.75, 133.5
2023-04-06, 17:10:02, 130.75, 51.25, 18.75, 25.5, 9999.0, 1.25, 1.5, 19.75, 9999.0, 9999.0, 9999.0, 119.0, 122.5, 118.0, 101.75, 133.5
2023-04-06, 17:10:06, 130.75, 51.25, 18.75, 26.0, 9999.0, 1.25, 1.25, 19.75, 9999.0, 9999.0, 9999.0, 119.0, 122.5, 118.0, 101.75, 133.5
2023-04-06, 17:10:10, 130.75, 51.25, 18.75, 26.0, 9999.0, 1.25, 1.5, 19.5, 9999.0, 9999.0, 9999.0, 119.0, 122.5, 118.0, 101.75, 133.5
2023-04-06, 17:10:14, 130.75, 51.25, 18.75, 25.75, 9999.0, 0.0, 1.25, 19.0, 9999.0, 9999.0, 9999.0, 118.75, 122.5, 118.0, 101.75, 133.5
2023-04-06, 17:10:18, 130.75, 51.25, 18.75, 26.0, 9999.0, 1.25, 1.5, 19.5, 9999.0, 9999.0, 9999.0, 118.75, 122.75, 118.0, 101.75, 133.5
2023-04-06, 17:10:22, 130.75, 51.25, 18.75, 25.75, 9999.0, 1.25, 1.25, 19.75, 9999.0, 9999.0, 9999.0, 119.0, 122.75, 118.0, 101.75, 133.5
2023-04-06, 17:10:26, 130.75, 51.25, 19.0, 26.0, 9999.0, 1.0, 1.25, 19.5, 9999.0, 9999.0, 9999.0, 118.75, 122.75, 118.0, 101.75, 133.25
2023-04-06, 17:10:30, 130.75, 51.0, 18.0, 25.5, 9999.0, 0.25, 1.25, 19.5, 9999.0, 9999.0, 9999.0, 118.75, 122.75, 118.0, 101.75, 133.5
2023-04-06, 17:10:34, 130.75, 51.25, 18.75, 26.0, 9999.0, 1.0, 1.5, 19.5, 9999.0, 9999.0, 9999.0, 118.75, 122.75, 118.0, 101.75, 133.5
2023-04-06, 17:10:38, 130.75, 51.25, 18.75, 26.0, 9999.0, 1.0, 1.25, 19.5, 9999.0, 9999.0, 9999.0, 118.75, 122.75, 118.0, 101.75, 133.5
2023-04-06, 17:10:42, 130.75, 51.25, 19.0, 25.75, 9999.0, 1.0, 1.25, 19.5, 9999.0, 9999.0, 9999.0, 118.75, 122.75, 118.0, 100.5, 132.75
2023-04-06, 17:10:46, 129.75, 49.0, 18.5, 25.75, 9999.0, 1.0, 1.5, 19.75, 9999.0, 9999.0, 9999.0, 118.75, 122.75, 118.0, 101.75, 133.5
2023-04-06, 17:10:50, 130.75, 51.0, 18.75, 25.75, 9999.0, 1.0, 1.5, 19.75, 9999.0, 9999.0, 9999.0, 118.75, 122.75, 118.0, 101.75, 133.5
2023-04-06, 17:10:54, 130.75, 51.25, 19.0, 26.0, 9999.0, 1.25, 1.25, 19.5, 9999.0, 9999.0, 9999.0, 118.5, 122.75, 118.0, 101.75, 133.25
2023-04-06, 17:10:58, 130.75, 51.0, 18.75, 26.0, 9999.0, 1.0, 1.25, 19.5, 9999.0, 9999.0, 9999.0, 117.75, 122.25, 117.25, 100.5, 133.5
2023-04-06, 17:11:02, 130.75, 51.25, 18.75, 25.75, 9999.0, 1.25, 1.5, 19.75, 9999.0, 9999.0, 9999.0, 118.5, 122.75, 118.0, 101.75, 133.5
2023-04-06, 17:11:06, 130.75, 51.0, 18.75, 26.0, 9999.0, 1.25, 1.25, 19.75, 9999.0, 9999.0, 9999.0, 118.5, 122.5, 118.0, 101.75, 133.5
2023-04-06, 17:11:10, 130.75, 51.25, 19.0, 26.0, 9999.0, 1.25, 1.5, 19.5, 9999.0, 9999.0, 9999.0, 119.25, 122.5, 118.0, 101.75, 133.5
2023-04-06, 17:11:14, 130.75, 51.25, 18.75, 26.0, 9999.0, 1.25, 1.25, 19.0, 9999.0, 9999.0, 9999.0, 118.25, 122.5, 118.0, 101.75, 133.5
2023-04-06, 17:11:18, 130.75, 51.25, 18.75, 26.0, 9999.0, 1.25, 1.25, 19.5, 9999.0, 9999.0, 9999.0, 119.0, 122.75, 118.0, 101.75, 133.5
2023-04-06, 17:11:22, 130.75, 51.25, 19.0, 26.0, 9999.0, 1.25, 1.5, 19.5, 9999.0, 9999.0, 9999.0, 119.0, 122.5, 118.0, 101.75, 133.5
2023-04-06, 17:11:26, 130.75, 51.25, 18.75, 25.75, 9999.0, 1.25, 1.25, 19.75, 9999.0, 9999.0, 9999.0, 119.0, 122.5, 118.0, 101.75, 133.5
2023-04-06, 17:11:31, 130.75, 51.0, 18.75, 25.75, 9999.0, 0.75, 0.25, 15.0, 9999.0, 9999.0, 9999.0, 119.0, 122.75, 118.0, 101.75, 133.5
2023-04-06, 17:11:35, 130.75, 51.25, 18.75, 25.75, 9999.0, 1.25, 1.5, 19.5, 9999.0, 9999.0, 9999.0, 119.0, 122.5, 118.0, 101.75, 133.5
2023-04-06, 17:11:39, 130.75, 51.25, 18.75, 26.0, 9999.0, 1.0, 1.25, 19.5, 9999.0, 9999.0, 9999.0, 118.75, 122.75, 118.0, 101.75, 133.5
2023-04-06, 17:11:43, 130.75, 51.25, 18.75, 26.0, 9999.0, 1.0, 1.25, 19.5, 9999.0, 9999.0, 9999.0, 119.0, 122.75, 118.0, 101.75, 133.25
2023-04-06, 17:11:47, 130.75, 50.25, 18.5, 24.75, 9999.0, 1.0, 1.25, 19.5, 9999.0, 9999.0, 9999.0, 118.75, 122.75, 118.0, 101.75, 133.5
2023-04-06, 17:11:51, 130.75, 51.25, 18.75, 25.75, 9999.0, 1.0, 1.25, 19.75, 9999.0, 9999.0, 9999.0, 118.75, 122.75, 118.0, 101.75, 133.5
2023-04-06, 17:11:55, 130.75, 51.25, 18.75, 25.75, 9999.0, 1.0, 1.5, 19.75, 9999.0, 9999.0, 9999.0, 118.75, 122.75, 118.0, 101.75, 133.25
2023-04-06, 17:11:59, 130.75, 51.25, 18.75, 25.75, 9999.0, 1.0, 1.25, 19.75, 9999.0, 9999.0, 9999.0, 118.75, 122.75, 116.5, 101.25, 132.75
2023-04-06, 17:12:03, 128.75, 50.75, 18.75, 26.0, 9999.0, 1.0, 1.25, 19.75, 9999.0, 9999.0, 9999.0, 118.75, 122.75, 118.0, 101.75, 133.5
2023-04-06, 17:12:07, 130.75, 51.0, 18.75, 26.0, 9999.0, 1.0, 1.25, 19.5, 9999.0, 9999.0, 9999.0, 118.75, 122.75, 118.0, 101.75, 133.5
2023-04-06, 17:12:11, 130.75, 51.25, 18.75, 26.0, 9999.0, 1.0, 1.25, 19.5, 9999.0, 9999.0, 9999.0, 118.5, 122.75, 118.0, 101.75, 133.5
2023-04-06, 17:12:15, 130.75, 51.25, 18.75, 25.75, 9999.0, 1.0, 1.25, 19.5, 9999.0, 9999.0, 9999.0, 118.25, 121.75, 114.75, 101.75, 133.5
2023-04-06, 17:12:19, 130.75, 51.25, 18.75, 26.0, 9999.0, 1.0, 1.25, 19.75, 9999.0, 9999.0, 9999.0, 118.5, 122.75, 118.0, 101.75, 133.5
2023-04-06, 17:12:23, 130.75, 51.0, 18.75, 25.75, 9999.0, 1.25, 1.25, 19.5, 9999.0, 9999.0, 9999.0, 118.5, 122.75, 118.0, 101.75, 133.5
2023-04-06, 17:12:27, 130.75, 51.0, 18.75, 25.75, 9999.0, 1.25, 1.25, 19.5, 9999.0, 9999.0, 9999.0, 118.25, 122.5, 118.0, 101.75, 133.5
2023-04-06, 17:12:31, 130.75, 51.25, 18.75, 25.75, 9999.0, 1.25, 0.75, 18.75, 9999.0, 9999.0, 9999.0, 119.25, 122.75, 118.0, 101.75, 133.5
2023-04-06, 17:12:35, 130.75, 51.25, 18.75, 25.75, 9999.0, 1.25, 1.25, 19.5, 9999.0, 9999.0, 9999.0, 119.25, 122.75, 118.0, 101.75, 133.25
2023-04-06, 17:12:39, 130.75, 51.25, 19.0, 26.0, 9999.0, 1.25, 1.25, 19.5, 9999.0, 9999.0, 9999.0, 119.0, 122.5, 118.0, 101.75, 133.25
2023-04-06, 17:12:43, 130.75, 51.25, 18.75, 26.0, 9999.0, 1.25, 1.25, 19.5, 9999.0, 9999.0, 9999.0, 119.0, 122.75, 118.0, 101.75, 133.5
2023-04-06, 17:12:47, 130.75, 51.25, 18.75, 26.0, 9999.0, 1.0, 1.25, 19.5, 9999.0, 9999.0, 9999.0, 118.75, 122.75, 118.0, 101.75, 133.5
2023-04-06, 17:12:51, 130.75, 51.25, 18.75, 26.0, 9999.0, 1.25, 1.25, 19.5, 9999.0, 9999.0, 9999.0, 118.75, 122.75, 118.0, 101.75, 133.5
2023-04-06, 17:12:55, 130.75, 51.25, 18.75, 26.0, 9999.0, 1.0, 1.5, 19.5, 9999.0, 9999.0, 9999.0, 118.75, 122.5, 118.0, 101.75, 133.5
2023-04-06, 17:12:59, 130.75, 51.25, 18.75, 26.0, 9999.0, 1.0, 1.25, 19.5, 9999.0, 9999.0, 9999.0, 118.75, 122.75, 118.0, 101.75, 133.25
2023-04-06, 17:13:03, 130.75, 51.25, 18.75, 26.0, 9999.0, 1.0, 1.25, 19.5, 9999.0, 9999.0, 9999.0, 119.0, 122.75, 118.0, 101.75, 133.5
2023-04-06, 17:13:07, 130.75, 51.25, 19.0, 26.0, 9999.0, 1.0, 1.25, 19.5, 9999.0, 9999.0, 9999.0, 118.75, 122.75, 118.0, 101.75, 133.5
2023-04-06, 17:13:11, 130.75, 51.25, 18.75, 25.75, 9999.0, 1.0, 1.25, 19.5, 9999.0, 9999.0, 9999.0, 118.75, 122.75, 118.0, 101.75, 133.5
2023-04-06, 17:13:15, 130.75, 51.25, 18.75, 26.0, 9999.0, 1.0, 1.25, 19.5, 9999.0, 9999.0, 9999.0, 118.75, 122.75, 118.0, 101.75, 133.5
2023-04-06, 17:13:19, 130.75, 51.25, 18.75, 25.75, 9999.0, 1.0, 1.25, 19.5, 9999.0, 9999.0, 9999.0, 118.75, 122.75, 118.0, 101.75, 133.5
2023-04-06, 17:13:23, 130.75, 51.25, 18.75, 25.5, 9999.0, 1.0, 1.25, 19.5, 9999.0, 9999.0, 9999.0, 118.75, 122.75, 118.0, 101.75, 133.5
2023-04-06, 17:13:27, 130.75, 51.25, 18.75, 26.0, 9999.0, 1.0, 1.25, 19.5, 9999.0, 9999.0, 9999.0, 118.75, 122.75, 118.0, 101.75, 133.5
2023-04-06, 17:13:31, 130.75, 51.25, 18.75, 26.0, 9999.0, 1.25, 1.25, 19.5, 9999.0, 9999.0, 9999.0, 118.5, 122.75, 118.0, 101.75, 133.5
2023-04-06, 17:13:35, 130.75, 51.25, 18.75, 26.0, 9999.0, 1.0, 1.25, 19.5, 9999.0, 9999.0, 9999.0, 118.5, 122.75, 118.0, 101.75, 133.5
2023-04-06, 17:13:39, 130.75, 51.25, 18.75, 26.0, 9999.0, 1.0, 1.25, 19.5, 9999.0, 9999.0, 9999.0, 118.5, 122.75, 118.0, 101.75, 133.5
2023-04-06, 17:13:43, 130.75, 51.25, 18.75, 26.0, 9999.0, 1.25, 1.25, 19.5, 9999.0, 9999.0, 9999.0, 118.5, 122.5, 118.0, 101.75, 133.5
2023-04-06, 17:13:47, 130.75, 51.25, 18.75, 26.0, 9999.0, 1.25, 1.25, 19.5, 9999.0, 9999.0, 9999.0, 118.5, 122.5, 118.0, 101.75, 133.25
2023-04-06, 17:13:51, 130.75, 51.25, 18.75, 25.75, 9999.0, 1.25, 1.25, 19.5, 9999.0, 9999.0, 9999.0, 119.25, 122.5, 118.0, 101.75, 133.5
2023-04-06, 17:13:55, 130.75, 51.25, 18.75, 25.75, 9999.0, 1.25, 1.25, 19.5, 9999.0, 9999.0, 9999.0, 119.0, 122.5, 118.0, 101.75, 133.5
2023-04-06, 17:13:59, 130.75, 51.25, 18.75, 25.75, 9999.0, 1.25, 1.25, 19.5, 9999.0, 9999.0, 9999.0, 119.0, 122.5, 118.0, 101.75, 133.5
2023-04-06, 17:14:03, 130.75, 51.25, 18.75, 25.75, 9999.0, 1.0, 1.25, 19.5, 9999.0, 9999.0, 9999.0, 119.0, 122.5, 118.0, 101.75, 133.5
2023-04-06, 17:14:07, 130.75, 51.25, 18.5, 25.75, 9999.0, 1.25, 1.25, 19.5, 9999.0, 9999.0, 9999.0, 119.0, 122.5, 118.0, 101.75, 133.5
2023-04-06, 17:14:11, 130.75, 51.25, 18.75, 25.75, 9999.0, 1.0, 1.25, 19.5, 9999.0, 9999.0, 9999.0, 118.75, 122.5, 118.0, 101.75, 133.5
2023-04-06, 17:14:15, 130.75, 51.25, 18.75, 25.75, 9999.0, 1.0, 1.25, 19.5, 9999.0, 9999.0, 9999.0, 118.75, 122.75, 118.0, 101.75, 133.25
2023-04-06, 17:14:19, 130.75, 51.25, 18.75, 25.75, 9999.0, 1.0, 1.25, 19.5, 9999.0, 9999.0, 9999.0, 119.0, 122.75, 118.0, 101.75, 133.5
2023-04-06, 17:14:23, 130.75, 51.25, 18.75, 26.0, 9999.0, 1.0, 1.25, 19.5, 9999.0, 9999.0, 9999.0, 118.75, 122.75, 118.0, 101.75, 133.25
2023-04-06, 17:14:27, 130.75, 51.25, 18.75, 26.0, 9999.0, 1.0, 1.25, 19.5, 9999.0, 9999.0, 9999.0, 118.75, 122.75, 118.0, 101.75, 133.5
2023-04-06, 17:14:31, 130.75, 51.25, 18.75, 26.0, 9999.0, 1.0, 1.25, 19.5, 9999.0, 9999.0, 9999.0, 118.75, 122.75, 118.0, 101.75, 133.5
2023-04-06, 17:14:35, 130.75, 51.25, 18.75, 26.0, 9999.0, 1.0, 1.25, 19.5, 9999.0, 9999.0, 9999.0, 118.75, 122.75, 118.0, 101.75, 133.5
2023-04-06, 17:14:39, 130.75, 51.25, 18.75, 25.75, 9999.0, 1.0, 1.25, 19.5, 9999.0, 9999.0, 9999.0, 118.75, 122.75, 118.0, 101.75, 133.5
2023-04-06, 17:14:43, 130.75, 51.25, 18.75, 25.75, 9999.0, 1.0, 1.25, 19.5, 9999.0, 9999.0, 9999.0, 118.75, 122.75, 118.0, 101.75, 133.5
2023-04-06, 17:14:47, 130.75, 51.25, 19.0, 26.0, 9999.0, 0.75, 1.25, 19.5, 9999.0, 9999.0, 9999.0, 118.75, 122.75, 118.0, 101.75, 133.5
2023-04-06, 17:14:51, 130.75, 51.25, 18.75, 25.75, 9999.0, 1.25, 1.25, 19.5, 9999.0, 9999.0, 9999.0, 118.5, 122.75, 118.0, 101.75, 133.5
2023-04-06, 17:14:55, 130.75, 51.25, 18.75, 26.0, 9999.0, 1.0, 1.25, 19.5, 9999.0, 9999.0, 9999.0, 118.5, 122.75, 118.0, 101.75, 133.25
2023-04-06, 17:14:59, 130.75, 51.25, 18.75, 26.0, 9999.0, 1.0, 1.25, 19.5, 9999.0, 9999.0, 9999.0, 118.5, 122.75, 118.0, 101.75, 133.5
2023-04-06, 17:15:03, 130.75, 51.25, 18.75, 26.0, 9999.0, 1.25, 1.25, 19.5, 9999.0, 9999.0, 9999.0, 118.5, 122.75, 118.0, 101.75, 133.5
2023-04-06, 17:15:07, 130.75, 51.25, 18.5, 25.75, 9999.0, 1.25, 1.25, 19.5, 9999.0, 9999.0, 9999.0, 119.25, 122.75, 118.0, 101.75, 133.5
2023-04-06, 17:15:11, 130.75, 51.25, 18.75, 25.75, 9999.0, 1.25, 1.25, 19.5, 9999.0, 9999.0, 9999.0, 119.0, 122.75, 118.0, 101.5, 133.5
2023-04-06, 17:15:15, 130.5, 51.25, 18.75, 25.75, 9999.0, 1.25, 1.25, 19.5, 9999.0, 9999.0, 9999.0, 119.0, 122.75, 118.0, 101.75, 133.5
2023-04-06, 17:15:19, 130.75, 51.25, 18.75, 26.0, 9999.0, 1.25, 1.25, 19.5, 9999.0, 9999.0, 9999.0, 119.0, 122.75, 118.0, 101.75, 133.5
2023-04-06, 17:15:23, 130.75, 51.25, 18.75, 25.75, 9999.0, 1.25, 1.25, 19.5, 9999.0, 9999.0, 9999.0, 119.0, 122.5, 118.0, 101.75, 133.5
2023-04-06, 17:15:27, 130.75, 51.25, 18.75, 25.75, 9999.0, 1.0, 1.25, 19.5, 9999.0, 9999.0, 9999.0, 119.0, 122.75, 118.0, 101.75, 133.5
2023-04-06, 17:15:31, 130.75, 51.25, 18.75, 25.75, 9999.0, 1.0, 1.25, 19.5, 9999.0, 9999.0, 9999.0, 118.75, 122.5, 118.0, 101.75, 133.5
2023-04-06, 17:15:35, 130.75, 51.25, 18.75, 25.75, 9999.0, 1.0, 1.25, 19.5, 9999.0, 9999.0, 9999.0, 118.75, 122.5, 118.0, 101.75, 133.5
2023-04-06, 17:15:39, 130.75, 51.25, 18.75, 25.75, 9999.0, 1.0, 1.25, 19.5, 9999.0, 9999.0, 9999.0, 118.75, 122.75, 118.0, 101.75, 133.5
2023-04-06, 17:15:43, 130.75, 51.25, 18.75, 25.75, 9999.0, 1.0, 1.25, 19.5, 9999.0, 9999.0, 9999.0, 118.75, 122.75, 118.0, 101.75, 133.25
2023-04-06, 17:15:47, 130.75, 51.25, 18.75, 26.0, 9999.0, 1.0, 1.25, 19.5, 9999.0, 9999.0, 9999.0, 118.75, 122.75, 118.0, 101.75, 133.5
2023-04-06, 17:15:51, 130.75, 51.25, 18.75, 26.0, 9999.0, 1.0, 1.25, 19.5, 9999.0, 9999.0, 9999.0, 118.75, 122.75, 118.0, 101.75, 133.5
2023-04-06, 17:15:56, 130.75, 51.25, 18.75, 26.0, 9999.0, 1.0, 1.25, 19.5, 9999.0, 9999.0, 9999.0, 118.75, 122.75, 118.0, 101.75, 133.5
2023-04-06, 17:16:00, 130.75, 51.25, 18.75, 26.0, 9999.0, 1.0, 1.25, 19.5, 9999.0, 9999.0, 9999.0, 118.75, 122.75, 118.0, 101.75, 133.5
2023-04-06, 17:16:04, 130.75, 51.25, 18.75, 25.75, 9999.0, 1.0, 1.25, 19.5, 9999.0, 9999.0, 9999.0, 118.75, 122.75, 118.0, 101.75, 133.25
2023-04-06, 17:16:08, 130.75, 51.25, 18.75, 25.75, 9999.0, 0.75, 1.25, 19.5, 9999.0, 9999.0, 9999.0, 118.75, 122.75, 118.0, 101.75, 133.5
2023-04-06, 17:16:12, 130.75, 51.25, 18.75, 25.75, 9999.0, 1.25, 1.25, 19.5, 9999.0, 9999.0, 9999.0, 118.5, 122.75, 118.0, 101.75, 133.5
2023-04-06, 17:16:16, 130.75, 51.25, 18.75, 25.75, 9999.0, 1.0, 1.25, 19.5, 9999.0, 9999.0, 9999.0, 118.5, 122.75, 118.0, 101.75, 133.5
2023-04-06, 17:16:20, 130.75, 51.25, 18.75, 25.75, 9999.0, 1.0, 1.25, 19.5, 9999.0, 9999.0, 9999.0, 118.5, 122.75, 118.0, 101.75, 133.5
2023-04-06, 17:16:24, 130.75, 51.25, 18.75, 25.75, 9999.0, 1.25, 1.25, 19.5, 9999.0, 9999.0, 9999.0, 118.5, 122.75, 118.0, 101.75, 133.5
2023-04-06, 17:16:28, 130.75, 51.25, 18.75, 25.75, 9999.0, 1.25, 1.25, 19.5, 9999.0, 9999.0, 9999.0, 119.25, 122.5, 118.0, 101.75, 133.5
2023-04-06, 17:16:32, 130.75, 51.25, 18.75, 26.0, 9999.0, 1.25, 1.25, 19.5, 9999.0, 9999.0, 9999.0, 119.25, 122.5, 118.0, 101.75, 133.5
2023-04-06, 17:16:36, 130.75, 51.25, 18.75, 26.0, 9999.0, 1.25, 1.25, 19.5, 9999.0, 9999.0, 9999.0, 119.0, 122.75, 118.0, 101.75, 133.5
2023-04-06, 17:16:40, 130.75, 51.25, 18.75, 26.0, 9999.0, 1.25, 1.25, 19.5, 9999.0, 9999.0, 9999.0, 119.0, 122.5, 118.0, 101.75, 133.5
2023-04-06, 17:16:44, 130.75, 51.25, 18.75, 26.0, 9999.0, 1.25, 1.25, 19.5, 9999.0, 9999.0, 9999.0, 119.0, 122.75, 118.0, 101.75, 133.5
2023-04-06, 17:16:48, 130.75, 51.25, 18.75, 26.0, 9999.0, 1.0, 1.25, 19.5, 9999.0, 9999.0, 9999.0, 118.75, 122.5, 118.0, 101.75, 133.5
2023-04-06, 17:16:52, 130.75, 51.25, 18.75, 26.0, 9999.0, 1.0, 1.25, 19.5, 9999.0, 9999.0, 9999.0, 118.75, 122.5, 118.0, 101.75, 133.5
2023-04-06, 17:16:56, 130.75, 51.25, 18.75, 25.75, 9999.0, 1.0, 1.25, 19.5, 9999.0, 9999.0, 9999.0, 118.75, 122.5, 118.0, 101.75, 133.5
2023-04-06, 17:17:00, 130.75, 51.25, 18.75, 26.0, 9999.0, 1.0, 1.25, 19.5, 9999.0, 9999.0, 9999.0, 118.75, 122.75, 118.0, 101.75, 133.5
2023-04-06, 17:17:04, 130.75, 51.25, 18.75, 25.75, 9999.0, 1.0, 1.25, 19.5, 9999.0, 9999.0, 9999.0, 118.75, 122.75, 118.0, 101.75, 133.5
2023-04-06, 17:17:08, 130.75, 51.25, 18.75, 25.75, 9999.0, 1.0, 1.25, 19.5, 9999.0, 9999.0, 9999.0, 118.75, 122.75, 118.0, 101.75, 133.5
2023-04-06, 17:17:12, 130.75, 51.25, 18.75, 25.75, 9999.0, 1.0, 1.25, 19.5, 9999.0, 9999.0, 9999.0, 118.75, 123.0, 118.0, 101.75, 133.5
2023-04-06, 17:17:16, 130.75, 51.25, 18.75, 25.75, 9999.0, 1.0, 1.25, 19.5, 9999.0, 9999.0, 9999.0, 118.75, 122.75, 118.0, 101.75, 133.5
2023-04-06, 17:17:20, 130.75, 51.25, 18.75, 25.75, 9999.0, 1.0, 1.25, 19.5, 9999.0, 9999.0, 9999.0, 118.75, 122.75, 118.0, 101.75, 133.5
2023-04-06, 17:17:24, 130.75, 51.25, 18.75, 25.75, 9999.0, 1.0, 1.25, 19.5, 9999.0, 9999.0, 9999.0, 118.75, 122.75, 118.0, 101.75, 133.5
2023-04-06, 17:17:28, 130.75, 51.25, 19.0, 25.75, 9999.0, 1.0, 1.25, 19.5, 9999.0, 9999.0, 9999.0, 118.75, 122.75, 118.0, 101.75, 133.5
2023-04-06, 17:17:32, 130.75, 51.25, 19.0, 25.75, 9999.0, 1.25, 1.25, 19.5, 9999.0, 9999.0, 9999.0, 118.5, 122.75, 118.0, 101.75, 133.5
2023-04-06, 17:17:36, 130.75, 51.25, 18.75, 25.75, 9999.0, 1.0, 1.25, 19.5, 9999.0, 9999.0, 9999.0, 118.5, 122.75, 118.0, 101.75, 133.5
2023-04-06, 17:17:40, 130.75, 51.25, 18.75, 25.75, 9999.0, 1.0, 1.25, 19.5, 9999.0, 9999.0, 9999.0, 118.5, 122.75, 118.0, 101.75, 133.5
2023-04-06, 17:17:44, 130.75, 51.25, 18.75, 26.0, 9999.0, 1.5, 1.25, 19.5, 9999.0, 9999.0, 9999.0, 118.5, 122.75, 118.0, 101.75, 133.5
2023-04-06, 17:17:48, 130.75, 51.25, 18.75, 26.0, 9999.0, 1.25, 1.5, 19.75, 9999.0, 9999.0, 9999.0, 119.25, 122.75, 118.0, 101.75, 133.5
2023-04-06, 17:17:52, 130.75, 51.25, 18.75, 26.0, 9999.0, 1.25, 1.25, 19.5, 9999.0, 9999.0, 9999.0, 119.25, 122.75, 118.0, 101.75, 133.5
2023-04-06, 17:17:56, 130.75, 51.25, 18.75, 26.0, 9999.0, 1.25, 1.25, 19.5, 9999.0, 9999.0, 9999.0, 119.0, 122.75, 118.0, 101.75, 133.5
2023-04-06, 17:18:00, 130.75, 51.25, 18.75, 26.0, 9999.0, 1.25, 1.25, 19.5, 9999.0, 9999.0, 9999.0, 119.0, 122.75, 118.0, 102.0, 133.5
2023-04-06, 17:18:04, 130.75, 51.5, 18.75, 25.75, 9999.0, 1.25, 1.25, 19.75, 9999.0, 9999.0, 9999.0, 119.0, 122.75, 118.0, 102.0, 133.5
2023-04-06, 17:18:08, 130.75, 51.25, 18.75, 26.0, 9999.0, 1.25, 1.5, 19.5, 9999.0, 9999.0, 9999.0, 119.0, 122.75, 118.0, 101.75, 133.5
2023-04-06, 17:18:12, 130.75, 51.25, 19.0, 26.0, 9999.0, 1.25, 1.25, 19.5, 9999.0, 9999.0, 9999.0, 118.75, 122.75, 118.0, 102.0, 133.5
2023-04-06, 17:18:16, 130.75, 51.25, 18.75, 26.0, 9999.0, 1.0, 1.25, 19.5, 9999.0, 9999.0, 9999.0, 119.0, 122.5, 118.0, 101.75, 133.5
2023-04-06, 17:18:20, 130.75, 51.25, 18.75, 26.0, 9999.0, 1.25, 1.25, 19.5, 9999.0, 9999.0, 9999.0, 119.0, 122.75, 118.0, 101.75, 133.5
2023-04-06, 17:18:24, 130.75, 51.25, 18.75, 26.0, 9999.0, 1.0, 1.25, 19.5, 9999.0, 9999.0, 9999.0, 119.0, 122.75, 118.0, 102.0, 133.5
2023-04-06, 17:18:28, 130.75, 51.25, 18.75, 25.75, 9999.0, 1.0, 1.5, 19.5, 9999.0, 9999.0, 9999.0, 118.75, 122.75, 118.0, 101.75, 133.5
2023-04-06, 17:18:32, 130.75, 51.25, 18.75, 25.75, 9999.0, 1.0, 1.25, 19.5, 9999.0, 9999.0, 9999.0, 119.0, 122.75, 118.0, 101.75, 133.5
2023-04-06, 17:18:36, 130.75, 51.25, 18.75, 25.75, 9999.0, 1.0, 1.25, 19.75, 9999.0, 9999.0, 9999.0, 119.0, 123.0, 118.0, 102.0, 133.5
2023-04-06, 17:18:40, 130.75, 51.25, 18.75, 26.0, 9999.0, 1.0, 1.25, 19.5, 9999.0, 9999.0, 9999.0, 118.75, 122.75, 118.0, 102.0, 133.5
2023-04-06, 17:18:44, 130.75, 51.5, 18.75, 26.0, 9999.0, 1.0, 1.25, 19.5, 9999.0, 9999.0, 9999.0, 118.75, 122.75, 118.0, 102.0, 133.5
2023-04-06, 17:18:48, 130.75, 51.25, 18.75, 26.0, 9999.0, 1.0, 1.25, 19.75, 9999.0, 9999.0, 9999.0, 118.5, 122.75, 118.0, 101.75, 133.5
2023-04-06, 17:18:52, 130.75, 51.5, 19.0, 25.75, 9999.0, 1.0, 1.25, 19.5, 9999.0, 9999.0, 9999.0, 118.75, 123.0, 118.25, 102.0, 133.5
2023-04-06, 17:18:56, 130.75, 51.25, 18.75, 26.0, 9999.0, 1.25, 1.25, 19.5, 9999.0, 9999.0, 9999.0, 118.75, 122.75, 118.25, 102.0, 133.5
2023-04-06, 17:19:00, 130.75, 51.5, 19.0, 25.75, 9999.0, 1.25, 1.25, 19.5, 9999.0, 9999.0, 9999.0, 118.5, 122.75, 118.0, 102.0, 133.5
2023-04-06, 17:19:04, 130.75, 51.25, 18.75, 26.0, 9999.0, 1.5, 1.25, 19.5, 9999.0, 9999.0, 9999.0, 118.5, 122.75, 118.0, 101.75, 133.5
2023-04-06, 17:19:08, 130.75, 51.5, 19.0, 25.75, 9999.0, 1.25, 1.25, 19.75, 9999.0, 9999.0, 9999.0, 119.25, 122.75, 118.25, 102.0, 133.5
2023-04-06, 17:19:12, 130.75, 51.5, 18.75, 25.75, 9999.0, 1.25, 1.25, 19.5, 9999.0, 9999.0, 9999.0, 119.25, 122.75, 118.0, 102.0, 133.5
2023-04-06, 17:19:16, 130.75, 51.5, 18.75, 26.0, 9999.0, 1.25, 1.25, 19.75, 9999.0, 9999.0, 9999.0, 119.25, 122.75, 118.0, 102.0, 133.5
2023-04-06, 17:19:20, 130.75, 51.25, 19.0, 26.0, 9999.0, 1.25, 1.25, 19.75, 9999.0, 9999.0, 9999.0, 119.0, 122.75, 118.25, 102.0, 133.5
2023-04-06, 17:19:24, 130.75, 51.25, 19.0, 25.75, 9999.0, 1.25, 1.25, 19.75, 9999.0, 9999.0, 9999.0, 119.0, 122.75, 118.0, 102.0, 133.5
2023-04-06, 17:19:28, 130.75, 51.25, 19.0, 26.0, 9999.0, 1.25, 1.5, 19.75, 9999.0, 9999.0, 9999.0, 119.0, 122.75, 118.0, 102.0, 133.5
2023-04-06, 17:19:32, 130.75, 51.5, 19.0, 26.0, 9999.0, 1.25, 1.5, 19.75, 9999.0, 9999.0, 9999.0, 119.0, 122.75, 118.25, 102.0, 133.5
2023-04-06, 17:19:36, 130.75, 51.25, 18.75, 26.0, 9999.0, 1.25, 1.5, 19.75, 9999.0, 9999.0, 9999.0, 119.0, 122.75, 118.0, 102.0, 133.5
2023-04-06, 17:19:40, 131.0, 51.25, 18.75, 26.0, 9999.0, 1.25, 1.5, 19.75, 9999.0, 9999.0, 9999.0, 119.0, 123.0, 118.0, 102.0, 133.5
2023-04-06, 17:19:44, 131.0, 51.5, 19.0, 26.0, 9999.0, 1.0, 1.5, 19.5, 9999.0, 9999.0, 9999.0, 119.0, 123.0, 118.0, 102.0, 133.75
2023-04-06, 17:19:48, 131.0, 51.25, 19.0, 26.0, 9999.0, 1.25, 1.5, 19.75, 9999.0, 9999.0, 9999.0, 119.0, 123.0, 118.0, 102.0, 133.5
2023-04-06, 17:19:52, 130.75, 51.5, 19.0, 26.0, 9999.0, 1.0, 1.5, 19.75, 9999.0, 9999.0, 9999.0, 118.75, 122.75, 118.0, 102.0, 133.75
2023-04-06, 17:19:56, 130.75, 51.5, 18.75, 25.75, 9999.0, 1.0, 1.25, 19.5, 9999.0, 9999.0, 9999.0, 118.75, 123.0, 118.0, 102.0, 133.75
2023-04-06, 17:20:00, 131.0, 51.5, 18.75, 26.0, 9999.0, 1.0, 1.25, 19.5, 9999.0, 9999.0, 9999.0, 118.75, 122.75, 118.0, 102.0, 133.5
2023-04-06, 17:20:04, 131.0, 51.5, 19.0, 26.0, 9999.0, 1.0, 1.5, 19.75, 9999.0, 9999.0, 9999.0, 118.75, 122.75, 118.0, 102.0, 133.5
2023-04-06, 17:20:08, 131.0, 51.5, 18.75, 25.75, 9999.0, 1.0, 1.25, 19.75, 9999.0, 9999.0, 9999.0, 118.75, 123.0, 118.0, 102.0, 133.5
2023-04-06, 17:20:12, 131.0, 51.5, 19.0, 25.75, 9999.0, 1.25, 1.25, 19.5, 9999.0, 9999.0, 9999.0, 118.75, 122.75, 118.25, 102.0, 133.5
2023-04-06, 17:20:16, 131.0, 51.5, 18.75, 26.0, 9999.0, 1.25, 1.5, 19.5, 9999.0, 9999.0, 9999.0, 118.75, 122.75, 118.25, 102.0, 133.5
2023-04-06, 17:20:20, 131.0, 51.5, 18.75, 25.75, 9999.0, 1.25, 1.5, 19.75, 9999.0, 9999.0, 9999.0, 118.75, 122.75, 118.25, 102.0, 133.5
2023-04-06, 17:20:25, 131.0, 51.5, 19.0, 25.75, 9999.0, 1.5, 1.5, 19.75, 9999.0, 9999.0, 9999.0, 118.5, 122.75, 118.25, 101.75, 133.5
2023-04-06, 17:20:29, 131.0, 51.5, 19.0, 25.75, 9999.0, 1.5, 1.5, 19.75, 9999.0, 9999.0, 9999.0, 119.25, 122.75, 118.25, 102.0, 133.5
2023-04-06, 17:20:33, 131.0, 51.5, 19.0, 25.75, 9999.0, 1.25, 1.25, 19.75, 9999.0, 9999.0, 9999.0, 119.25, 122.75, 118.0, 101.75, 133.5
2023-04-06, 17:20:37, 131.0, 51.5, 18.75, 26.0, 9999.0, 1.25, 1.5, 19.75, 9999.0, 9999.0, 9999.0, 119.25, 122.75, 118.0, 102.0, 133.5
2023-04-06, 17:20:41, 131.0, 51.5, 19.0, 25.75, 9999.0, 1.25, 1.5, 19.75, 9999.0, 9999.0, 9999.0, 119.25, 122.75, 118.0, 102.0, 133.75
2023-04-06, 17:20:45, 130.75, 51.5, 18.75, 25.75, 9999.0, 1.25, 1.5, 19.75, 9999.0, 9999.0, 9999.0, 119.25, 122.75, 118.0, 101.75, 133.5
2023-04-06, 17:20:49, 131.0, 51.25, 18.75, 26.0, 9999.0, 1.25, 1.5, 19.75, 9999.0, 9999.0, 9999.0, 119.0, 122.75, 118.0, 102.0, 133.5
2023-04-06, 17:20:53, 131.0, 51.5, 18.75, 26.0, 9999.0, 1.25, 1.5, 19.75, 9999.0, 9999.0, 9999.0, 119.0, 122.75, 118.0, 102.0, 133.5
2023-04-06, 17:20:57, 131.0, 51.25, 18.75, 26.0, 9999.0, 1.25, 0.5, 19.25, 9999.0, 9999.0, 9999.0, 119.0, 122.75, 118.0, 102.0, 133.5
2023-04-06, 17:21:01, 131.0, 51.25, 19.0, 26.0, 9999.0, 1.0, 1.5, 19.75, 9999.0, 9999.0, 9999.0, 119.0, 122.75, 118.0, 102.0, 133.5
2023-04-06, 17:21:05, 130.75, 51.25, 19.0, 26.0, 9999.0, 1.0, 1.5, 19.75, 9999.0, 9999.0, 9999.0, 119.0, 123.0, 118.25, 102.0, 133.5
2023-04-06, 17:21:09, 131.0, 51.25, 18.75, 26.0, 9999.0, 1.25, 1.5, 19.5, 9999.0, 9999.0, 9999.0, 119.0, 123.0, 118.0, 102.0, 133.5
2023-04-06, 17:21:13, 130.75, 51.25, 17.25, 25.0, 9999.0, -1.0, 0.75, 19.5, 9999.0, 9999.0, 9999.0, 118.75, 123.0, 118.0, 101.75, 133.5
2023-04-06, 17:21:17, 130.75, 51.25, 19.0, 25.75, 9999.0, 1.0, 1.5, 19.75, 9999.0, 9999.0, 9999.0, 119.0, 123.0, 118.0, 102.0, 133.5
2023-04-06, 17:21:21, 131.0, 51.25, 18.75, 26.0, 9999.0, 1.0, 1.25, 19.75, 9999.0, 9999.0, 9999.0, 118.75, 123.0, 118.0, 101.75, 133.5
2023-04-06, 17:21:25, 131.0, 51.25, 19.0, 25.75, 9999.0, 1.0, 1.5, 19.75, 9999.0, 9999.0, 9999.0, 118.75, 122.75, 118.0, 101.75, 131.75
2023-04-06, 17:21:29, 130.75, 50.25, 16.25, 26.0, 9999.0, 1.0, 1.5, 19.75, 9999.0, 9999.0, 9999.0, 118.75, 122.75, 118.0, 101.75, 133.5
2023-04-06, 17:21:33, 131.0, 51.25, 18.75, 26.0, 9999.0, 1.25, 1.5, 19.75, 9999.0, 9999.0, 9999.0, 118.75, 122.75, 118.25, 102.0, 133.5
2023-04-06, 17:21:37, 131.0, 51.25, 19.0, 26.0, 9999.0, 1.25, 1.5, 19.75, 9999.0, 9999.0, 9999.0, 118.75, 122.75, 118.0, 102.0, 133.5
2023-04-06, 17:21:41, 130.75, 51.25, 19.0, 26.0, 9999.0, 1.25, 1.5, 19.75, 9999.0, 9999.0, 9999.0, 118.25, 122.0, 117.75, 100.75, 131.5
2023-04-06, 17:21:45, 130.75, 51.25, 19.0, 25.75, 9999.0, 1.5, 1.5, 19.75, 9999.0, 9999.0, 9999.0, 118.5, 122.75, 118.25, 102.0, 133.5
2023-04-06, 17:21:49, 131.0, 51.25, 19.0, 25.75, 9999.0, 1.25, 1.5, 19.75, 9999.0, 9999.0, 9999.0, 119.25, 122.75, 118.0, 102.0, 133.5
2023-04-06, 17:21:53, 130.75, 51.25, 18.75, 25.75, 9999.0, 1.25, 1.5, 19.75, 9999.0, 9999.0, 9999.0, 119.25, 122.75, 118.0, 101.75, 133.5
2023-04-06, 17:21:57, 131.0, 51.25, 19.0, 26.0, 9999.0, 1.25, 1.5, 19.75, 9999.0, 9999.0, 9999.0, 117.75, 122.5, 118.0, 101.75, 133.5
2023-04-06, 17:22:01, 131.0, 51.25, 18.75, 26.0, 9999.0, 1.25, 1.5, 19.75, 9999.0, 9999.0, 9999.0, 119.25, 122.75, 118.25, 102.0, 133.5
2023-04-06, 17:22:05, 131.0, 51.25, 19.0, 26.0, 9999.0, 1.25, 1.5, 19.75, 9999.0, 9999.0, 9999.0, 119.0, 122.75, 118.0, 102.0, 133.5
2023-04-06, 17:22:09, 131.0, 51.25, 18.75, 25.75, 9999.0, 1.25, 1.5, 19.75, 9999.0, 9999.0, 9999.0, 119.0, 122.75, 118.0, 102.0, 133.5
2023-04-06, 17:22:13, 131.0, 51.25, 19.0, 26.0, 9999.0, 0.25, 1.25, 19.0, 9999.0, 9999.0, 9999.0, 119.0, 122.75, 118.0, 101.75, 133.75
2023-04-06, 17:22:17, 131.0, 51.25, 19.0, 26.0, 9999.0, 1.25, 1.5, 19.75, 9999.0, 9999.0, 9999.0, 119.0, 123.0, 118.0, 101.75, 133.5
2023-04-06, 17:22:21, 131.0, 51.25, 19.0, 25.75, 9999.0, 1.25, 1.5, 19.75, 9999.0, 9999.0, 9999.0, 119.0, 123.0, 118.0, 102.0, 133.5
2023-04-06, 17:22:25, 131.0, 51.25, 19.0, 26.0, 9999.0, 1.0, 1.25, 19.75, 9999.0, 9999.0, 9999.0, 119.0, 123.0, 118.0, 101.75, 133.5
2023-04-06, 17:22:29, 130.75, 51.0, 18.0, 25.5, 9999.0, 0.5, 1.5, 19.75, 9999.0, 9999.0, 9999.0, 118.75, 123.0, 118.0, 101.75, 133.5
2023-04-06, 17:22:33, 131.0, 51.25, 18.75, 26.0, 9999.0, 1.0, 1.25, 19.75, 9999.0, 9999.0, 9999.0, 119.0, 122.75, 118.0, 102.0, 133.75
2023-04-06, 17:22:37, 131.0, 51.25, 19.0, 26.0, 9999.0, 1.0, 1.5, 19.75, 9999.0, 9999.0, 9999.0, 119.0, 123.0, 118.0, 102.0, 133.5
2023-04-06, 17:22:41, 131.0, 51.25, 19.0, 25.75, 9999.0, 1.0, 1.25, 19.5, 9999.0, 9999.0, 9999.0, 118.75, 123.0, 118.0, 100.5, 133.0
2023-04-06, 17:22:45, 129.75, 48.5, 18.25, 25.75, 9999.0, 1.0, 1.25, 19.75, 9999.0, 9999.0, 9999.0, 118.75, 123.0, 118.0, 102.0, 133.75
2023-04-06, 17:22:49, 131.0, 51.25, 18.75, 26.0, 9999.0, 1.0, 1.25, 19.75, 9999.0, 9999.0, 9999.0, 118.75, 122.75, 118.25, 101.75, 133.75
2023-04-06, 17:22:53, 131.0, 51.25, 18.75, 25.75, 9999.0, 1.25, 1.25, 19.75, 9999.0, 9999.0, 9999.0, 118.75, 123.0, 118.25, 101.75, 133.5
2023-04-06, 17:22:57, 131.0, 51.25, 19.0, 25.75, 9999.0, 1.25, 1.25, 19.75, 9999.0, 9999.0, 9999.0, 117.75, 122.5, 117.25, 100.75, 133.5
2023-04-06, 17:23:01, 131.0, 51.25, 19.0, 26.0, 9999.0, 1.5, 1.5, 19.75, 9999.0, 9999.0, 9999.0, 118.5, 122.75, 118.0, 102.0, 133.5
2023-04-06, 17:23:05, 131.0, 51.25, 19.0, 26.0, 9999.0, 1.5, 1.5, 19.75, 9999.0, 9999.0, 9999.0, 118.5, 122.75, 118.0, 102.0, 133.5
2023-04-06, 17:23:09, 131.0, 51.25, 18.75, 25.75, 9999.0, 1.25, 1.5, 19.75, 9999.0, 9999.0, 9999.0, 119.5, 122.5, 118.0, 101.75, 133.75
2023-04-06, 17:23:13, 131.0, 51.25, 19.0, 26.0, 9999.0, 1.25, 1.25, 19.0, 9999.0, 9999.0, 9999.0, 118.5, 122.75, 118.0, 101.75, 133.5
2023-04-06, 17:23:17, 131.0, 51.25, 18.75, 26.0, 9999.0, 1.25, 1.5, 19.5, 9999.0, 9999.0, 9999.0, 119.25, 122.75, 118.0, 101.75, 133.5
2023-04-06, 17:23:21, 131.0, 51.25, 18.75, 25.75, 9999.0, 1.25, 1.5, 19.5, 9999.0, 9999.0, 9999.0, 119.0, 122.75, 118.0, 101.75, 133.5
2023-04-06, 17:23:25, 131.0, 51.25, 19.0, 26.0, 9999.0, 1.25, 1.5, 19.75, 9999.0, 9999.0, 9999.0, 119.0, 122.75, 118.0, 101.75, 133.5
2023-04-06, 17:23:29, 131.0, 51.25, 18.75, 26.0, 9999.0, 1.0, 0.25, 15.25, 9999.0, 9999.0, 9999.0, 119.0, 122.75, 118.0, 101.75, 133.5
2023-04-06, 17:23:33, 131.0, 51.25, 18.75, 26.0, 9999.0, 1.25, 1.5, 19.75, 9999.0, 9999.0, 9999.0, 119.0, 122.75, 118.0, 101.75, 133.5
2023-04-06, 17:23:37, 131.0, 51.25, 19.0, 26.0, 9999.0, 1.25, 1.5, 19.75, 9999.0, 9999.0, 9999.0, 119.0, 123.0, 118.0, 101.75, 133.5
2023-04-06, 17:23:41, 131.0, 51.25, 19.0, 26.0, 9999.0, 1.0, 1.25, 19.75, 9999.0, 9999.0, 9999.0, 119.0, 122.75, 118.0, 101.75, 133.5
2023-04-06, 17:23:45, 130.75, 50.5, 18.5, 24.5, 9999.0, 1.0, 1.5, 19.75, 9999.0, 9999.0, 9999.0, 119.0, 123.0, 118.0, 101.75, 133.5
2023-04-06, 17:23:49, 131.0, 51.25, 19.0, 25.75, 9999.0, 1.0, 1.5, 19.75, 9999.0, 9999.0, 9999.0, 119.0, 123.0, 118.0, 101.75, 133.5
2023-04-06, 17:23:53, 131.0, 51.25, 18.75, 25.75, 9999.0, 1.0, 1.5, 19.75, 9999.0, 9999.0, 9999.0, 119.0, 123.0, 118.0, 101.75, 133.75
2023-04-06, 17:23:57, 131.0, 51.25, 18.5, 25.75, 9999.0, 1.0, 1.5, 19.75, 9999.0, 9999.0, 9999.0, 118.75, 122.75, 116.5, 101.25, 132.75
2023-04-06, 17:24:01, 128.5, 50.75, 18.75, 26.0, 9999.0, 1.0, 1.25, 19.75, 9999.0, 9999.0, 9999.0, 118.75, 123.0, 118.0, 101.75, 133.75
2023-04-06, 17:24:05, 130.75, 51.25, 19.0, 25.75, 9999.0, 1.0, 1.25, 19.5, 9999.0, 9999.0, 9999.0, 118.75, 123.0, 118.25, 101.75, 133.5
2023-04-06, 17:24:09, 131.0, 51.25, 18.75, 26.0, 9999.0, 1.0, 1.5, 19.75, 9999.0, 9999.0, 9999.0, 118.75, 123.0, 118.0, 101.75, 133.5
2023-04-06, 17:24:13, 130.75, 51.25, 19.0, 26.0, 9999.0, 1.25, 1.25, 19.75, 9999.0, 9999.0, 9999.0, 118.5, 122.0, 115.0, 101.75, 133.5
2023-04-06, 17:24:17, 130.75, 51.25, 18.75, 25.75, 9999.0, 1.25, 1.25, 19.5, 9999.0, 9999.0, 9999.0, 118.5, 123.0, 118.0, 101.75, 133.5
2023-04-06, 17:24:21, 131.0, 51.25, 19.0, 25.5, 9999.0, 1.25, 1.5, 19.75, 9999.0, 9999.0, 9999.0, 118.75, 122.75, 118.25, 101.75, 133.5
2023-04-06, 17:24:25, 131.0, 51.25, 19.0, 25.5, 9999.0, 1.5, 1.5, 19.75, 9999.0, 9999.0, 9999.0, 118.5, 122.75, 118.0, 101.75, 133.5
2023-04-06, 17:24:29, 131.0, 51.25, 18.75, 25.5, 9999.0, 1.25, 0.75, 19.0, 9999.0, 9999.0, 9999.0, 119.25, 122.75, 118.0, 101.75, 133.5
2023-04-06, 17:24:33, 131.0, 51.25, 18.75, 25.75, 9999.0, 1.25, 1.5, 19.75, 9999.0, 9999.0, 9999.0, 119.25, 122.75, 118.0, 101.75, 133.5
2023-04-06, 17:24:37, 131.0, 51.25, 18.75, 25.75, 9999.0, 1.25, 1.25, 19.75, 9999.0, 9999.0, 9999.0, 119.25, 122.75, 118.0, 101.75, 133.5
2023-04-06, 17:24:41, 131.0, 51.25, 18.75, 25.5, 9999.0, 1.25, 1.5, 19.75, 9999.0, 9999.0, 9999.0, 119.25, 122.75, 118.0, 101.75, 133.5
2023-04-06, 17:24:45, 131.0, 51.25, 19.0, 24.0, 9999.0, 0.0, -0.5, 19.75, 9999.0, 9999.0, 9999.0, 119.0, 122.75, 118.0, 101.75, 133.5
2023-04-06, 17:24:50, 131.0, 51.25, 19.0, 25.75, 9999.0, 1.25, 1.5, 19.75, 9999.0, 9999.0, 9999.0, 119.0, 122.75, 118.0, 101.75, 133.5
2023-04-06, 17:24:54, 131.0, 51.25, 19.0, 25.75, 9999.0, 1.25, 1.5, 19.75, 9999.0, 9999.0, 9999.0, 119.0, 122.75, 118.0, 101.75, 133.5
2023-04-06, 17:24:58, 131.0, 51.25, 18.75, 26.0, 9999.0, 1.25, 1.25, 19.75, 9999.0, 9999.0, 9999.0, 119.0, 122.75, 118.0, 101.75, 133.5
2023-04-06, 17:25:02, 130.0, 51.0, 17.5, 21.0, 9999.0, 1.25, 1.25, 19.75, 9999.0, 9999.0, 9999.0, 119.0, 123.0, 118.0, 101.75, 133.5
2023-04-06, 17:25:06, 131.0, 51.25, 19.0, 26.0, 9999.0, 1.0, 1.5, 19.75, 9999.0, 9999.0, 9999.0, 119.0, 123.0, 118.0, 101.75, 133.5
2023-04-06, 17:25:10, 131.0, 51.25, 18.75, 25.75, 9999.0, 1.0, 1.25, 19.75, 9999.0, 9999.0, 9999.0, 119.0, 122.75, 118.0, 101.75, 133.5
2023-04-06, 17:25:14, 131.0, 51.0, 18.75, 25.75, 9999.0, 1.0, 1.5, 19.75, 9999.0, 9999.0, 9999.0, 118.75, 122.5, 117.25, 101.25, 132.0
2023-04-06, 17:25:18, 130.25, 51.25, 18.75, 25.75, 9999.0, 1.0, 1.25, 19.75, 9999.0, 9999.0, 9999.0, 118.75, 122.75, 118.0, 101.75, 133.5
2023-04-06, 17:25:22, 131.0, 51.25, 19.0, 25.75, 9999.0, 1.0, 1.5, 19.75, 9999.0, 9999.0, 9999.0, 118.75, 122.75, 118.0, 101.75, 133.75
2023-04-06, 17:25:26, 130.75, 51.25, 18.75, 25.75, 9999.0, 1.0, 1.25, 19.5, 9999.0, 9999.0, 9999.0, 118.75, 122.75, 118.0, 101.75, 133.5
2023-04-06, 17:25:30, 130.75, 51.25, 19.0, 26.0, 9999.0, 1.25, 1.25, 19.75, 9999.0, 9999.0, 9999.0, 117.75, 119.25, 118.0, 101.75, 133.5
2023-04-06, 17:25:34, 131.0, 51.25, 19.0, 25.75, 9999.0, 1.25, 1.25, 19.5, 9999.0, 9999.0, 9999.0, 118.75, 122.75, 118.0, 101.75, 133.5
2023-04-06, 17:25:38, 131.0, 51.25, 18.75, 26.0, 9999.0, 1.25, 1.25, 19.75, 9999.0, 9999.0, 9999.0, 118.5, 122.75, 118.0, 101.75, 133.5
2023-04-06, 17:25:42, 131.0, 51.25, 19.0, 25.5, 9999.0, 1.5, 1.5, 19.5, 9999.0, 9999.0, 9999.0, 118.5, 122.75, 118.0, 101.75, 133.5
2023-04-06, 17:25:46, 130.75, 51.25, 18.75, 25.25, 9999.0, 1.25, 0.5, 19.5, 9999.0, 9999.0, 9999.0, 119.5, 122.75, 118.0, 101.75, 133.5
2023-04-06, 17:25:50, 130.75, 51.25, 18.75, 25.75, 9999.0, 1.25, 1.5, 19.75, 9999.0, 9999.0, 9999.0, 119.25, 122.75, 118.0, 101.75, 133.5
2023-04-06, 17:25:54, 131.0, 51.25, 18.75, 25.75, 9999.0, 1.25, 1.25, 19.75, 9999.0, 9999.0, 9999.0, 119.25, 122.75, 118.25, 101.75, 133.5
2023-04-06, 17:25:58, 130.75, 51.25, 18.75, 26.0, 9999.0, 1.25, 1.25, 19.5, 9999.0, 9999.0, 9999.0, 119.25, 122.75, 118.0, 101.75, 133.5
2023-04-06, 17:26:02, 130.75, 51.25, 17.75, 25.25, 9999.0, -0.25, 0.75, 19.75, 9999.0, 9999.0, 9999.0, 119.0, 122.75, 118.0, 101.75, 133.5
2023-04-06, 17:26:06, 131.0, 51.25, 18.75, 26.0, 9999.0, 1.25, 1.25, 19.5, 9999.0, 9999.0, 9999.0, 119.0, 122.75, 118.0, 101.75, 133.5
2023-04-06, 17:26:10, 130.75, 51.25, 18.75, 26.0, 9999.0, 1.25, 1.25, 19.5, 9999.0, 9999.0, 9999.0, 119.0, 122.75, 118.0, 101.75, 133.5
2023-04-06, 17:26:14, 130.75, 51.25, 18.75, 26.0, 9999.0, 1.0, 1.5, 19.5, 9999.0, 9999.0, 9999.0, 119.0, 122.5, 118.0, 101.75, 132.25
2023-04-06, 17:26:18, 130.75, 50.0, 12.5, 26.0, 9999.0, 1.0, 1.25, 19.75, 9999.0, 9999.0, 9999.0, 119.0, 123.0, 118.0, 101.75, 133.5
2023-04-06, 17:26:22, 131.0, 51.25, 18.75, 26.0, 9999.0, 1.0, 1.25, 19.75, 9999.0, 9999.0, 9999.0, 119.0, 122.75, 118.0, 101.75, 133.5
2023-04-06, 17:26:26, 131.0, 51.25, 18.75, 26.0, 9999.0, 1.0, 1.25, 19.75, 9999.0, 9999.0, 9999.0, 119.0, 122.75, 118.0, 101.75, 133.5
2023-04-06, 17:26:30, 130.75, 51.25, 18.75, 25.75, 9999.0, 1.0, 1.5, 19.5, 9999.0, 9999.0, 9999.0, 118.75, 122.0, 117.75, 100.5, 130.5
2023-04-06, 17:26:34, 130.75, 51.25, 18.75, 25.5, 9999.0, 1.0, 1.25, 19.5, 9999.0, 9999.0, 9999.0, 118.75, 122.75, 118.0, 101.75, 133.5
2023-04-06, 17:26:38, 130.75, 51.25, 18.75, 25.5, 9999.0, 1.0, 1.5, 19.5, 9999.0, 9999.0, 9999.0, 118.75, 122.75, 117.75, 101.75, 133.5
2023-04-06, 17:26:42, 131.0, 51.25, 18.75, 25.75, 9999.0, 1.0, 1.25, 19.75, 9999.0, 9999.0, 9999.0, 118.75, 123.0, 118.0, 101.75, 133.5
2023-04-06, 17:26:46, 130.75, 51.25, 18.75, 26.0, 9999.0, 1.0, 1.25, 19.75, 9999.0, 9999.0, 9999.0, 115.75, 122.5, 118.0, 101.75, 133.5
2023-04-06, 17:26:50, 130.75, 51.25, 18.75, 25.75, 9999.0, 1.25, 1.25, 19.5, 9999.0, 9999.0, 9999.0, 118.75, 122.75, 118.25, 101.75, 133.5
2023-04-06, 17:26:54, 130.75, 51.25, 18.75, 25.75, 9999.0, 1.25, 1.25, 19.75, 9999.0, 9999.0, 9999.0, 118.5, 122.75, 118.25, 101.75, 133.5
2023-04-06, 17:26:58, 131.0, 51.25, 18.75, 25.75, 9999.0, 1.25, 1.5, 19.75, 9999.0, 9999.0, 9999.0, 118.75, 122.75, 118.0, 101.75, 133.5
2023-04-06, 17:27:02, 130.75, 51.25, 19.0, 25.75, 9999.0, 0.25, 1.25, 19.0, 9999.0, 9999.0, 9999.0, 118.5, 122.75, 118.0, 101.75, 133.5
2023-04-06, 17:27:06, 130.75, 51.25, 19.0, 25.75, 9999.0, 1.5, 1.5, 19.5, 9999.0, 9999.0, 9999.0, 119.25, 122.75, 118.0, 101.75, 133.5
2023-04-06, 17:27:10, 130.75, 51.25, 18.75, 25.75, 9999.0, 1.25, 1.25, 19.5, 9999.0, 9999.0, 9999.0, 119.25, 122.75, 118.0, 101.75, 133.5
2023-04-06, 17:27:14, 130.75, 51.25, 18.75, 25.75, 9999.0, 1.25, 1.25, 19.75, 9999.0, 9999.0, 9999.0, 119.25, 122.5, 118.0, 101.75, 133.5
2023-04-06, 17:27:18, 130.75, 50.5, 18.0, 25.5, 9999.0, 0.5, 1.25, 19.75, 9999.0, 9999.0, 9999.0, 119.0, 122.75, 118.0, 101.75, 133.5
2023-04-06, 17:27:22, 130.75, 51.25, 18.75, 25.75, 9999.0, 1.25, 1.25, 19.5, 9999.0, 9999.0, 9999.0, 119.0, 122.75, 118.0, 101.75, 133.5
2023-04-06, 17:27:26, 131.0, 51.25, 18.75, 25.75, 9999.0, 1.25, 1.5, 19.5, 9999.0, 9999.0, 9999.0, 119.0, 122.75, 118.0, 101.75, 133.5
2023-04-06, 17:27:30, 130.75, 51.25, 18.75, 25.5, 9999.0, 1.25, 1.25, 19.5, 9999.0, 9999.0, 9999.0, 119.0, 122.5, 118.0, 100.5, 133.25
2023-04-06, 17:27:34, 129.75, 48.5, 18.75, 25.75, 9999.0, 1.25, 1.5, 19.75, 9999.0, 9999.0, 9999.0, 119.0, 122.5, 118.0, 101.75, 133.5
2023-04-06, 17:27:38, 130.75, 51.25, 18.75, 26.0, 9999.0, 1.25, 1.5, 19.75, 9999.0, 9999.0, 9999.0, 119.0, 123.0, 118.0, 101.75, 133.5
2023-04-06, 17:27:42, 130.75, 51.25, 18.75, 25.75, 9999.0, 1.0, 1.25, 19.75, 9999.0, 9999.0, 9999.0, 119.0, 122.75, 118.0, 101.75, 133.25
2023-04-06, 17:27:46, 130.75, 51.0, 18.75, 25.75, 9999.0, 1.0, 1.25, 19.5, 9999.0, 9999.0, 9999.0, 118.0, 122.5, 116.75, 100.0, 133.5
2023-04-06, 17:27:50, 130.75, 51.25, 18.75, 25.75, 9999.0, 1.0, 1.5, 19.5, 9999.0, 9999.0, 9999.0, 119.0, 122.75, 118.0, 101.75, 133.5
2023-04-06, 17:27:54, 131.0, 51.25, 18.75, 25.75, 9999.0, 1.0, 1.5, 19.75, 9999.0, 9999.0, 9999.0, 118.75, 122.75, 118.0, 101.75, 133.5
2023-04-06, 17:27:58, 130.75, 51.25, 18.75, 26.0, 9999.0, 1.0, 1.5, 19.5, 9999.0, 9999.0, 9999.0, 118.75, 122.5, 118.0, 101.75, 133.5
2023-04-06, 17:28:02, 131.0, 51.25, 18.75, 25.75, 9999.0, 1.0, 1.25, 19.25, 9999.0, 9999.0, 9999.0, 118.25, 122.75, 118.0, 101.75, 133.5
2023-04-06, 17:28:06, 130.75, 51.25, 18.75, 25.75, 9999.0, 1.0, 1.25, 19.75, 9999.0, 9999.0, 9999.0, 118.75, 122.75, 118.0, 101.75, 133.5
2023-04-06, 17:28:10, 130.75, 51.25, 18.75, 25.75, 9999.0, 1.25, 1.25, 19.75, 9999.0, 9999.0, 9999.0, 118.75, 122.75, 118.0, 101.75, 133.5
2023-04-06, 17:28:14, 131.0, 51.25, 18.75, 25.75, 9999.0, 1.25, 1.25, 19.75, 9999.0, 9999.0, 9999.0, 118.75, 122.75, 118.0, 101.75, 133.5
2023-04-06, 17:28:18, 130.75, 51.25, 18.75, 25.5, 9999.0, 1.0, 0.5, 15.5, 9999.0, 9999.0, 9999.0, 118.75, 122.75, 118.0, 101.75, 133.5
2023-04-06, 17:28:22, 131.0, 51.25, 18.75, 26.0, 9999.0, 1.25, 1.5, 19.75, 9999.0, 9999.0, 9999.0, 118.5, 122.75, 118.0, 101.75, 133.5
2023-04-06, 17:28:26, 131.0, 51.25, 19.0, 26.0, 9999.0, 1.5, 1.5, 19.5, 9999.0, 9999.0, 9999.0, 119.25, 122.75, 118.0, 101.75, 133.5
2023-04-06, 17:28:30, 131.0, 51.25, 18.75, 26.0, 9999.0, 1.0, 1.25, 19.5, 9999.0, 9999.0, 9999.0, 119.25, 122.75, 118.0, 101.75, 133.5
2023-04-06, 17:28:34, 130.75, 50.5, 18.5, 24.75, 9999.0, 1.25, 1.25, 19.75, 9999.0, 9999.0, 9999.0, 119.25, 122.75, 118.0, 101.75, 133.5
2023-04-06, 17:28:38, 131.0, 51.25, 19.0, 26.0, 9999.0, 1.25, 1.5, 19.75, 9999.0, 9999.0, 9999.0, 119.0, 122.75, 118.0, 101.75, 133.5
2023-04-06, 17:28:42, 131.0, 51.25, 19.0, 26.0, 9999.0, 1.25, 1.5, 19.5, 9999.0, 9999.0, 9999.0, 119.0, 122.75, 118.0, 102.0, 133.5
2023-04-06, 17:28:46, 131.0, 51.25, 18.75, 25.75, 9999.0, 1.25, 1.5, 19.75, 9999.0, 9999.0, 9999.0, 119.0, 122.5, 116.5, 101.25, 131.75
2023-04-06, 17:28:50, 128.75, 51.25, 18.75, 26.0, 9999.0, 1.25, 1.5, 19.75, 9999.0, 9999.0, 9999.0, 119.0, 122.75, 118.0, 101.75, 133.5
2023-04-06, 17:28:54, 131.0, 51.25, 19.0, 26.0, 9999.0, 1.25, 1.5, 19.5, 9999.0, 9999.0, 9999.0, 119.0, 122.5, 118.0, 101.75, 133.5
2023-04-06, 17:28:58, 131.0, 51.25, 19.0, 26.0, 9999.0, 1.25, 1.5, 19.75, 9999.0, 9999.0, 9999.0, 119.0, 123.0, 118.0, 101.75, 133.5
2023-04-06, 17:29:02, 130.75, 51.25, 18.75, 26.0, 9999.0, 1.0, 1.5, 19.5, 9999.0, 9999.0, 9999.0, 118.75, 121.75, 115.0, 101.75, 133.5
2023-04-06, 17:29:06, 131.0, 51.25, 18.75, 26.0, 9999.0, 1.25, 1.5, 19.75, 9999.0, 9999.0, 9999.0, 119.0, 122.75, 118.0, 102.0, 133.5
2023-04-06, 17:29:10, 131.0, 51.25, 18.75, 26.0, 9999.0, 1.0, 1.25, 19.75, 9999.0, 9999.0, 9999.0, 118.75, 122.75, 118.0, 101.75, 133.5
2023-04-06, 17:29:14, 131.0, 51.25, 19.0, 26.0, 9999.0, 1.0, 1.25, 19.75, 9999.0, 9999.0, 9999.0, 118.75, 122.75, 118.0, 102.0, 133.5
2023-04-06, 17:29:19, 131.0, 51.25, 18.75, 25.75, 9999.0, 1.0, 1.0, 19.0, 9999.0, 9999.0, 9999.0, 118.75, 122.75, 118.0, 101.75, 133.5
2023-04-06, 17:29:23, 131.0, 51.25, 18.75, 26.0, 9999.0, 1.0, 1.5, 19.75, 9999.0, 9999.0, 9999.0, 118.75, 122.75, 118.0, 102.0, 133.5
2023-04-06, 17:29:27, 130.75, 51.25, 18.75, 26.0, 9999.0, 1.0, 1.25, 19.75, 9999.0, 9999.0, 9999.0, 118.75, 122.75, 118.0, 101.75, 133.5
2023-04-06, 17:29:31, 131.0, 51.25, 18.75, 26.0, 9999.0, 1.25, 1.5, 19.5, 9999.0, 9999.0, 9999.0, 118.75, 122.75, 118.0, 101.75, 133.5
2023-04-06, 17:29:35, 131.0, 51.25, 18.75, 24.5, 9999.0, 0.0, -2.5, 19.5, 9999.0, 9999.0, 9999.0, 118.75, 122.75, 118.0, 102.0, 133.5
2023-04-06, 17:29:39, 131.0, 51.25, 19.0, 26.0, 9999.0, 1.25, 1.25, 19.5, 9999.0, 9999.0, 9999.0, 118.75, 122.75, 118.0, 101.75, 133.5
2023-04-06, 17:29:43, 130.75, 51.25, 18.75, 26.0, 9999.0, 1.5, 1.5, 19.75, 9999.0, 9999.0, 9999.0, 118.5, 122.75, 118.0, 101.75, 133.5
2023-04-06, 17:29:47, 131.0, 51.25, 18.75, 26.0, 9999.0, 1.25, 1.25, 19.75, 9999.0, 9999.0, 9999.0, 119.25, 122.75, 118.0, 101.75, 133.5
2023-04-06, 17:29:51, 129.75, 51.0, 17.75, 19.5, 9999.0, 1.25, 1.5, 19.75, 9999.0, 9999.0, 9999.0, 119.25, 122.75, 118.0, 101.75, 133.5
2023-04-06, 17:29:55, 131.0, 51.25, 18.75, 25.75, 9999.0, 1.25, 1.5, 19.75, 9999.0, 9999.0, 9999.0, 119.25, 122.75, 118.0, 102.0, 133.5
2023-04-06, 17:29:59, 131.0, 51.25, 18.75, 25.75, 9999.0, 1.5, 1.5, 19.75, 9999.0, 9999.0, 9999.0, 119.0, 122.75, 118.0, 102.0, 133.5
2023-04-06, 17:30:03, 131.0, 51.0, 18.75, 25.75, 9999.0, 1.25, 1.5, 19.5, 9999.0, 9999.0, 9999.0, 119.0, 121.5, 117.25, 101.5, 131.75
2023-04-06, 17:30:07, 130.25, 51.25, 19.0, 26.0, 9999.0, 1.25, 1.5, 19.75, 9999.0, 9999.0, 9999.0, 119.0, 122.75, 118.0, 102.0, 133.5
2023-04-06, 17:30:11, 131.0, 51.25, 18.75, 25.75, 9999.0, 1.25, 1.5, 19.75, 9999.0, 9999.0, 9999.0, 119.0, 122.75, 118.0, 102.0, 133.5
2023-04-06, 17:30:15, 131.0, 51.25, 18.75, 26.0, 9999.0, 1.25, 1.5, 19.75, 9999.0, 9999.0, 9999.0, 119.0, 122.75, 118.0, 101.75, 133.5
2023-04-06, 17:30:19, 131.0, 51.25, 18.75, 26.0, 9999.0, 1.25, 1.5, 19.75, 9999.0, 9999.0, 9999.0, 117.75, 120.5, 118.0, 102.0, 133.5
2023-04-06, 17:30:23, 131.0, 51.25, 18.75, 26.0, 9999.0, 1.0, 1.5, 19.75, 9999.0, 9999.0, 9999.0, 119.0, 122.75, 118.0, 102.0, 133.5
2023-04-06, 17:30:27, 131.0, 51.25, 18.75, 25.75, 9999.0, 1.25, 1.5, 19.75, 9999.0, 9999.0, 9999.0, 119.0, 122.75, 118.0, 102.0, 133.5
2023-04-06, 17:30:31, 131.0, 51.25, 18.75, 25.75, 9999.0, 1.0, 1.25, 19.75, 9999.0, 9999.0, 9999.0, 118.75, 122.75, 118.0, 102.0, 133.5
2023-04-06, 17:30:35, 131.0, 51.25, 18.75, 25.5, 9999.0, 0.75, 0.5, 19.5, 9999.0, 9999.0, 9999.0, 119.0, 123.0, 118.0, 102.0, 133.5
2023-04-06, 17:30:39, 131.0, 51.25, 18.75, 25.5, 9999.0, 1.25, 1.5, 19.75, 9999.0, 9999.0, 9999.0, 119.0, 123.0, 118.0, 102.0, 133.5
2023-04-06, 17:30:43, 131.0, 51.25, 18.75, 25.5, 9999.0, 1.25, 1.5, 19.75, 9999.0, 9999.0, 9999.0, 118.75, 122.75, 118.0, 102.0, 133.5
2023-04-06, 17:30:47, 130.75, 51.25, 18.75, 25.75, 9999.0, 1.0, 1.25, 19.5, 9999.0, 9999.0, 9999.0, 118.75, 122.75, 118.0, 102.0, 133.5
2023-04-06, 17:30:51, 131.0, 51.25, 18.0, 25.5, 9999.0, 0.25, 1.0, 19.75, 9999.0, 9999.0, 9999.0, 118.75, 123.0, 118.0, 102.0, 133.5
2023-04-06, 17:30:55, 131.0, 51.25, 19.0, 26.0, 9999.0, 1.25, 1.25, 19.75, 9999.0, 9999.0, 9999.0, 118.75, 122.75, 118.0, 101.75, 133.5
2023-04-06, 17:30:59, 131.0, 51.25, 19.0, 26.0, 9999.0, 1.25, 1.25, 19.75, 9999.0, 9999.0, 9999.0, 118.5, 122.75, 118.0, 102.0, 133.75
2023-04-06, 17:31:03, 131.0, 51.25, 19.0, 26.0, 9999.0, 1.5, 1.5, 19.75, 9999.0, 9999.0, 9999.0, 118.5, 122.75, 118.0, 102.0, 132.0
2023-04-06, 17:31:07, 130.75, 50.5, 13.0, 26.0, 9999.0, 1.25, 1.5, 19.75, 9999.0, 9999.0, 9999.0, 119.25, 122.75, 118.0, 101.75, 133.5
2023-04-06, 17:31:11, 131.0, 51.25, 18.75, 25.75, 9999.0, 1.25, 1.5, 19.75, 9999.0, 9999.0, 9999.0, 119.25, 122.75, 118.0, 101.75, 133.5
2023-04-06, 17:31:15, 131.0, 51.25, 18.75, 25.75, 9999.0, 1.25, 1.5, 19.75, 9999.0, 9999.0, 9999.0, 119.25, 122.75, 118.0, 102.0, 133.5
2023-04-06, 17:31:19, 131.0, 51.25, 19.0, 26.0, 9999.0, 1.25, 1.5, 19.75, 9999.0, 9999.0, 9999.0, 119.0, 122.75, 118.0, 100.75, 133.25
2023-04-06, 17:31:23, 130.0, 48.5, 19.0, 25.75, 9999.0, 1.25, 1.5, 19.75, 9999.0, 9999.0, 9999.0, 119.25, 122.75, 118.0, 102.0, 133.5
2023-04-06, 17:31:27, 131.0, 51.25, 18.75, 25.5, 9999.0, 1.25, 1.5, 19.75, 9999.0, 9999.0, 9999.0, 119.0, 122.75, 118.0, 101.75, 133.5
2023-04-06, 17:31:31, 130.75, 51.25, 18.75, 25.75, 9999.0, 1.25, 1.5, 19.75, 9999.0, 9999.0, 9999.0, 119.0, 122.75, 118.0, 102.0, 133.5
2023-04-06, 17:31:35, 131.0, 51.25, 18.75, 25.75, 9999.0, 1.25, 1.5, 19.5, 9999.0, 9999.0, 9999.0, 119.0, 122.5, 117.0, 101.75, 132.5
2023-04-06, 17:31:39, 125.25, 51.0, 18.75, 25.75, 9999.0, 1.25, 1.5, 19.75, 9999.0, 9999.0, 9999.0, 119.0, 122.75, 118.25, 101.75, 133.5
2023-04-06, 17:31:43, 131.0, 51.25, 18.75, 25.75, 9999.0, 1.25, 1.5, 19.75, 9999.0, 9999.0, 9999.0, 119.0, 122.75, 118.0, 101.75, 133.5
2023-04-06, 17:31:47, 130.75, 51.25, 18.75, 26.0, 9999.0, 1.25, 1.5, 19.75, 9999.0, 9999.0, 9999.0, 119.0, 122.75, 118.0, 102.0, 133.5
2023-04-06, 17:31:51, 130.75, 51.25, 18.75, 26.0, 9999.0, 1.0, 1.5, 19.75, 9999.0, 9999.0, 9999.0, 119.0, 121.25, 117.75, 101.0, 130.25
2023-04-06, 17:31:55, 131.0, 51.25, 18.75, 25.75, 9999.0, 1.25, 1.25, 19.75, 9999.0, 9999.0, 9999.0, 118.75, 122.75, 118.0, 102.0, 133.5
2023-04-06, 17:31:59, 130.75, 51.25, 18.75, 26.0, 9999.0, 1.0, 1.25, 19.75, 9999.0, 9999.0, 9999.0, 119.0, 122.75, 118.0, 102.0, 133.5
2023-04-06, 17:32:03, 130.75, 51.25, 18.75, 26.0, 9999.0, 1.0, 1.25, 19.75, 9999.0, 9999.0, 9999.0, 118.75, 122.75, 118.0, 102.0, 133.5
2023-04-06, 17:32:07, 130.75, 51.25, 19.0, 26.0, 9999.0, 1.0, 1.25, 19.75, 9999.0, 9999.0, 9999.0, 117.5, 122.5, 116.75, 98.0, 133.5
2023-04-06, 17:32:11, 130.75, 51.25, 19.0, 26.0, 9999.0, 1.25, 1.5, 19.75, 9999.0, 9999.0, 9999.0, 118.75, 122.75, 118.0, 102.0, 133.5
2023-04-06, 17:32:15, 131.0, 51.25, 18.75, 25.75, 9999.0, 1.25, 1.5, 19.5, 9999.0, 9999.0, 9999.0, 118.5, 122.75, 118.0, 102.0, 133.5
2023-04-06, 17:32:19, 130.75, 51.25, 18.75, 25.75, 9999.0, 1.25, 1.5, 19.75, 9999.0, 9999.0, 9999.0, 118.75, 122.75, 118.0, 102.0, 133.5
2023-04-06, 17:32:23, 130.75, 51.25, 18.75, 26.0, 9999.0, 1.25, 1.25, 19.5, 9999.0, 9999.0, 9999.0, 118.25, 121.75, 117.0, 101.75, 133.5
2023-04-06, 17:32:27, 130.75, 51.25, 18.75, 26.0, 9999.0, 1.5, 1.5, 19.75, 9999.0, 9999.0, 9999.0, 118.5, 122.75, 118.0, 102.0, 133.5
2023-04-06, 17:32:31, 130.75, 51.25, 18.75, 25.75, 9999.0, 1.25, 1.5, 19.75, 9999.0, 9999.0, 9999.0, 119.25, 122.75, 118.0, 101.75, 133.5
2023-04-06, 17:32:35, 131.0, 51.25, 18.75, 25.75, 9999.0, 1.25, 1.5, 19.75, 9999.0, 9999.0, 9999.0, 119.25, 122.75, 118.25, 101.75, 133.5
2023-04-06, 17:32:39, 131.0, 51.0, 18.75, 25.75, 9999.0, 1.25, 1.25, 19.75, 9999.0, 9999.0, 9999.0, 118.75, 120.5, 117.5, 102.0, 133.5
2023-04-06, 17:32:43, 131.0, 51.25, 18.75, 25.75, 9999.0, 1.25, 1.5, 19.75, 9999.0, 9999.0, 9999.0, 119.0, 122.75, 118.0, 102.0, 133.5
2023-04-06, 17:32:47, 130.75, 51.25, 19.0, 26.0, 9999.0, 1.25, 1.5, 19.75, 9999.0, 9999.0, 9999.0, 119.0, 122.75, 118.0, 102.0, 133.5
2023-04-06, 17:32:51, 130.75, 51.25, 19.0, 25.75, 9999.0, 1.25, 1.5, 19.75, 9999.0, 9999.0, 9999.0, 119.0, 122.75, 118.0, 102.0, 133.5
2023-04-06, 17:32:55, 131.0, 51.25, 19.0, 26.0, 9999.0, 1.0, 1.5, 19.75, 9999.0, 9999.0, 9999.0, 117.75, 122.0, 118.0, 102.0, 133.5
2023-04-06, 17:32:59, 131.0, 51.25, 18.75, 25.75, 9999.0, 1.25, 1.5, 19.5, 9999.0, 9999.0, 9999.0, 119.0, 122.75, 118.0, 102.0, 133.5
2023-04-06, 17:33:03, 131.0, 51.25, 18.75, 26.0, 9999.0, 1.25, 1.5, 19.75, 9999.0, 9999.0, 9999.0, 119.0, 122.75, 118.0, 102.0, 133.5
2023-04-06, 17:33:07, 131.0, 51.25, 18.75, 26.0, 9999.0, 1.25, 1.5, 19.5, 9999.0, 9999.0, 9999.0, 119.0, 123.0, 118.0, 102.0, 133.5
2023-04-06, 17:33:11, 131.0, 51.25, 18.75, 26.0, 9999.0, 1.0, 1.5, 19.5, 9999.0, 9999.0, 9999.0, 116.0, 122.75, 118.0, 102.0, 133.5
2023-04-06, 17:33:15, 130.75, 51.25, 18.75, 26.0, 9999.0, 1.0, 1.25, 19.75, 9999.0, 9999.0, 9999.0, 119.0, 122.75, 118.0, 102.0, 133.5
2023-04-06, 17:33:19, 130.75, 51.25, 18.75, 26.0, 9999.0, 1.25, 1.5, 19.75, 9999.0, 9999.0, 9999.0, 118.75, 123.0, 118.0, 102.0, 133.5
2023-04-06, 17:33:23, 130.75, 51.25, 19.0, 26.0, 9999.0, 1.0, 1.25, 19.75, 9999.0, 9999.0, 9999.0, 118.75, 122.75, 118.0, 101.75, 133.5
2023-04-06, 17:33:27, 131.0, 51.25, 18.75, 26.0, 9999.0, 1.0, 1.25, 19.5, 9999.0, 9999.0, 9999.0, 117.75, 122.75, 118.25, 102.0, 133.5
2023-04-06, 17:33:31, 131.0, 51.25, 18.75, 26.0, 9999.0, 1.0, 1.25, 19.75, 9999.0, 9999.0, 9999.0, 118.75, 123.0, 118.0, 101.75, 133.5
2023-04-06, 17:33:35, 131.0, 51.25, 19.0, 26.0, 9999.0, 1.25, 1.5, 19.75, 9999.0, 9999.0, 9999.0, 118.75, 123.0, 118.25, 102.0, 133.5
2023-04-06, 17:33:39, 130.75, 51.25, 19.0, 26.0, 9999.0, 1.0, 1.25, 19.5, 9999.0, 9999.0, 9999.0, 118.5, 122.75, 118.25, 101.75, 133.5
2023-04-06, 17:33:44, 130.75, 51.25, 18.75, 26.0, 9999.0, 1.25, 1.25, 19.0, 9999.0, 9999.0, 9999.0, 118.5, 122.75, 118.25, 101.75, 133.5
2023-04-06, 17:33:48, 130.75, 51.25, 18.75, 26.0, 9999.0, 1.5, 1.5, 19.75, 9999.0, 9999.0, 9999.0, 118.5, 122.75, 118.25, 102.0, 133.5
2023-04-06, 17:33:52, 131.0, 51.25, 19.0, 25.5, 9999.0, 1.25, 1.5, 19.5, 9999.0, 9999.0, 9999.0, 119.25, 122.75, 118.25, 102.0, 133.5
2023-04-06, 17:33:56, 131.0, 51.25, 19.0, 25.75, 9999.0, 1.25, 1.5, 19.5, 9999.0, 9999.0, 9999.0, 119.0, 122.75, 118.0, 101.75, 133.5
2023-04-06, 17:34:00, 130.75, 51.25, 18.75, 25.75, 9999.0, 1.25, 0.5, 19.5, 9999.0, 9999.0, 9999.0, 119.25, 122.75, 118.25, 102.0, 133.5
2023-04-06, 17:34:04, 131.0, 51.25, 18.75, 25.75, 9999.0, 1.25, 1.5, 19.75, 9999.0, 9999.0, 9999.0, 119.0, 122.75, 118.0, 102.0, 133.5
2023-04-06, 17:34:08, 131.0, 51.25, 18.75, 25.75, 9999.0, 1.25, 1.25, 19.5, 9999.0, 9999.0, 9999.0, 119.0, 122.75, 118.25, 102.0, 133.5
2023-04-06, 17:34:12, 130.75, 51.25, 18.75, 25.75, 9999.0, 1.25, 1.5, 19.5, 9999.0, 9999.0, 9999.0, 119.0, 122.75, 118.0, 102.0, 133.5
2023-04-06, 17:34:16, 130.75, 51.25, 18.75, 26.0, 9999.0, -0.25, 1.0, 19.0, 9999.0, 9999.0, 9999.0, 119.0, 122.75, 118.25, 101.75, 133.5
2023-04-06, 17:34:20, 130.75, 51.25, 18.75, 26.0, 9999.0, 1.25, 1.5, 19.75, 9999.0, 9999.0, 9999.0, 119.0, 122.75, 118.0, 101.75, 133.5
2023-04-06, 17:34:24, 130.75, 51.25, 18.75, 26.0, 9999.0, 1.0, 1.25, 19.5, 9999.0, 9999.0, 9999.0, 119.0, 123.0, 118.0, 102.0, 133.5
2023-04-06, 17:34:28, 131.0, 51.25, 18.75, 25.75, 9999.0, 1.0, 1.25, 19.5, 9999.0, 9999.0, 9999.0, 119.0, 122.75, 118.0, 102.0, 133.5
2023-04-06, 17:34:32, 130.75, 51.0, 18.75, 26.0, 9999.0, 0.75, 0.0, 17.25, 9999.0, 9999.0, 9999.0, 119.0, 122.75, 118.0, 102.0, 133.5
2023-04-06, 17:34:36, 130.75, 51.25, 19.0, 26.0, 9999.0, 1.0, 1.5, 19.75, 9999.0, 9999.0, 9999.0, 118.75, 122.75, 118.0, 102.0, 133.5
2023-04-06, 17:34:40, 130.75, 51.25, 18.75, 26.0, 9999.0, 1.0, 1.25, 19.5, 9999.0, 9999.0, 9999.0, 118.75, 122.75, 118.25, 102.0, 133.5
2023-04-06, 17:34:44, 130.75, 51.25, 18.75, 26.0, 9999.0, 1.0, 1.25, 19.5, 9999.0, 9999.0, 9999.0, 118.75, 122.75, 118.25, 102.0, 133.5
2023-04-06, 17:34:48, 130.75, 51.25, 18.75, 24.25, 9999.0, -0.25, -0.75, 19.0, 9999.0, 9999.0, 9999.0, 118.75, 122.75, 118.0, 101.75, 133.5
2023-04-06, 17:34:52, 130.75, 51.25, 18.75, 26.0, 9999.0, 1.0, 1.25, 19.75, 9999.0, 9999.0, 9999.0, 118.75, 122.75, 118.25, 102.0, 133.5
2023-04-06, 17:34:56, 130.75, 51.25, 19.0, 26.0, 9999.0, 1.25, 1.25, 19.5, 9999.0, 9999.0, 9999.0, 118.75, 122.75, 118.25, 102.0, 133.5
2023-04-06, 17:35:00, 130.75, 51.25, 19.0, 26.0, 9999.0, 1.25, 1.25, 19.5, 9999.0, 9999.0, 9999.0, 118.5, 122.75, 118.25, 102.0, 133.5
2023-04-06, 17:35:04, 130.75, 51.25, 18.75, 25.0, 9999.0, 0.25, 0.75, 19.5, 9999.0, 9999.0, 9999.0, 118.5, 122.75, 118.25, 101.75, 133.5
2023-04-06, 17:35:08, 130.75, 51.25, 18.75, 25.75, 9999.0, 1.25, 1.25, 19.5, 9999.0, 9999.0, 9999.0, 118.5, 122.75, 118.25, 102.0, 133.5
2023-04-06, 17:35:12, 130.75, 51.25, 18.75, 25.75, 9999.0, 1.25, 1.5, 19.5, 9999.0, 9999.0, 9999.0, 119.25, 122.75, 118.25, 102.0, 133.5
2023-04-06, 17:35:16, 130.75, 51.25, 18.75, 26.0, 9999.0, 1.25, 1.25, 19.5, 9999.0, 9999.0, 9999.0, 119.25, 122.75, 118.0, 101.75, 133.25
2023-04-06, 17:35:20, 130.75, 51.0, 18.0, 25.75, 9999.0, -1.75, 1.25, 19.5, 9999.0, 9999.0, 9999.0, 119.25, 122.75, 118.0, 102.0, 133.5
2023-04-06, 17:35:24, 130.75, 51.25, 18.75, 26.0, 9999.0, 1.25, 1.25, 19.5, 9999.0, 9999.0, 9999.0, 119.0, 122.75, 118.25, 101.75, 133.5
2023-04-06, 17:35:28, 131.0, 51.25, 18.75, 26.0, 9999.0, 1.25, 1.5, 19.5, 9999.0, 9999.0, 9999.0, 119.0, 122.75, 118.0, 102.0, 133.5
2023-04-06, 17:35:32, 131.0, 51.25, 18.75, 26.0, 9999.0, 1.0, 1.25, 19.5, 9999.0, 9999.0, 9999.0, 119.0, 122.5, 118.0, 101.75, 133.5
2023-04-06, 17:35:36, 130.75, 49.75, 18.5, 24.75, 9999.0, 1.0, 1.5, 19.75, 9999.0, 9999.0, 9999.0, 119.0, 122.75, 118.0, 102.0, 133.5
2023-04-06, 17:35:40, 130.75, 51.25, 18.75, 25.75, 9999.0, 1.0, 1.5, 19.5, 9999.0, 9999.0, 9999.0, 119.0, 122.75, 118.25, 101.75, 133.5
2023-04-06, 17:35:44, 130.75, 51.25, 18.75, 25.5, 9999.0, 1.0, 1.5, 19.5, 9999.0, 9999.0, 9999.0, 119.0, 122.75, 118.0, 102.0, 133.5
2023-04-06, 17:35:48, 130.75, 51.25, 18.75, 25.75, 9999.0, 1.0, 1.25, 19.5, 9999.0, 9999.0, 9999.0, 119.0, 122.75, 118.0, 101.75, 133.5
2023-04-06, 17:35:52, 129.25, 50.75, 17.75, 23.0, 9999.0, 1.0, 1.25, 19.5, 9999.0, 9999.0, 9999.0, 118.75, 123.0, 118.0, 102.0, 133.5
2023-04-06, 17:35:56, 130.75, 51.25, 19.0, 26.0, 9999.0, 1.0, 1.25, 19.5, 9999.0, 9999.0, 9999.0, 118.75, 122.75, 118.0, 102.0, 133.5
2023-04-06, 17:36:00, 130.75, 51.0, 19.0, 25.75, 9999.0, 1.0, 1.25, 19.5, 9999.0, 9999.0, 9999.0, 118.75, 122.75, 118.0, 101.75, 133.5
2023-04-06, 17:36:04, 130.75, 51.0, 18.75, 25.75, 9999.0, 1.0, 1.25, 19.5, 9999.0, 9999.0, 9999.0, 118.75, 122.75, 118.0, 101.75, 131.5
2023-04-06, 17:36:08, 130.5, 49.75, 16.75, 25.75, 9999.0, 1.0, 1.25, 19.5, 9999.0, 9999.0, 9999.0, 118.75, 122.75, 118.25, 102.0, 133.5
2023-04-06, 17:36:12, 130.75, 51.25, 18.75, 26.0, 9999.0, 1.25, 1.25, 19.5, 9999.0, 9999.0, 9999.0, 118.5, 122.75, 118.25, 102.0, 133.5
2023-04-06, 17:36:16, 130.75, 51.25, 18.75, 25.75, 9999.0, 1.25, 1.25, 19.5, 9999.0, 9999.0, 9999.0, 118.75, 122.75, 118.25, 102.0, 133.5
2023-04-06, 17:36:20, 130.75, 51.25, 18.75, 25.5, 9999.0, 1.0, 1.25, 19.5, 9999.0, 9999.0, 9999.0, 118.5, 122.75, 118.0, 100.5, 132.5
2023-04-06, 17:36:24, 129.5, 48.75, 18.25, 26.0, 9999.0, 1.25, 1.25, 19.5, 9999.0, 9999.0, 9999.0, 118.5, 122.75, 118.25, 102.0, 133.5
2023-04-06, 17:36:28, 130.75, 51.25, 18.75, 26.0, 9999.0, 1.25, 1.25, 19.5, 9999.0, 9999.0, 9999.0, 118.5, 122.75, 118.25, 101.75, 133.5
2023-04-06, 17:36:32, 130.75, 51.0, 18.75, 26.0, 9999.0, 1.25, 1.25, 19.5, 9999.0, 9999.0, 9999.0, 119.25, 122.75, 118.25, 102.0, 133.5
2023-04-06, 17:36:36, 130.75, 51.0, 18.5, 26.0, 9999.0, 1.25, 1.25, 19.5, 9999.0, 9999.0, 9999.0, 119.0, 122.75, 118.0, 101.0, 133.0
2023-04-06, 17:36:40, 129.5, 50.5, 18.75, 26.0, 9999.0, 1.25, 1.25, 19.5, 9999.0, 9999.0, 9999.0, 119.25, 122.75, 118.25, 102.0, 133.5
2023-04-06, 17:36:44, 130.75, 51.25, 18.75, 26.0, 9999.0, 1.25, 1.25, 19.5, 9999.0, 9999.0, 9999.0, 119.0, 122.75, 118.0, 102.0, 133.5
2023-04-06, 17:36:48, 130.75, 51.0, 18.75, 25.75, 9999.0, 1.25, 1.25, 19.5, 9999.0, 9999.0, 9999.0, 119.0, 122.75, 118.0, 101.75, 133.5
2023-04-06, 17:36:52, 130.75, 50.75, 18.75, 25.75, 9999.0, 1.0, 1.25, 19.5, 9999.0, 9999.0, 9999.0, 119.0, 122.5, 117.0, 101.75, 132.0
2023-04-06, 17:36:56, 127.5, 51.0, 18.75, 26.0, 9999.0, 1.25, 1.25, 19.5, 9999.0, 9999.0, 9999.0, 119.0, 122.5, 118.0, 102.0, 133.5
2023-04-06, 17:37:00, 130.75, 51.25, 18.75, 26.0, 9999.0, 1.0, 1.25, 19.5, 9999.0, 9999.0, 9999.0, 119.0, 122.75, 118.0, 102.0, 133.5
2023-04-06, 17:37:04, 130.75, 51.25, 18.75, 25.75, 9999.0, 1.0, 1.25, 19.5, 9999.0, 9999.0, 9999.0, 119.0, 122.75, 118.25, 101.75, 133.5
2023-04-06, 17:37:08, 130.5, 51.0, 18.75, 26.0, 9999.0, 1.0, 1.25, 19.5, 9999.0, 9999.0, 9999.0, 119.0, 121.25, 117.75, 100.75, 130.5
2023-04-06, 17:37:12, 130.75, 51.25, 18.75, 26.0, 9999.0, 1.0, 1.25, 19.5, 9999.0, 9999.0, 9999.0, 118.75, 123.0, 118.25, 102.0, 133.5
2023-04-06, 17:37:16, 130.75, 51.25, 18.75, 26.0, 9999.0, 1.0, 1.25, 19.5, 9999.0, 9999.0, 9999.0, 118.75, 122.75, 118.0, 102.0, 133.5
2023-04-06, 17:37:20, 130.75, 51.25, 18.75, 25.75, 9999.0, 1.0, 1.25, 19.5, 9999.0, 9999.0, 9999.0, 118.75, 122.75, 118.0, 101.75, 133.5
2023-04-06, 17:37:24, 130.5, 51.0, 18.75, 25.75, 9999.0, 1.0, 1.25, 19.5, 9999.0, 9999.0, 9999.0, 117.5, 121.75, 117.0, 100.75, 132.5
2023-04-06, 17:37:28, 130.75, 51.25, 19.0, 26.0, 9999.0, 1.0, 1.25, 19.5, 9999.0, 9999.0, 9999.0, 118.75, 122.75, 118.25, 102.0, 133.5
2023-04-06, 17:37:32, 130.75, 51.0, 18.75, 26.0, 9999.0, 1.25, 1.25, 19.5, 9999.0, 9999.0, 9999.0, 118.75, 123.0, 118.25, 102.0, 133.5
2023-04-06, 17:37:36, 130.75, 51.0, 18.75, 26.0, 9999.0, 1.25, 1.25, 19.5, 9999.0, 9999.0, 9999.0, 118.5, 122.75, 118.0, 101.75, 133.25
2023-04-06, 17:37:40, 130.75, 51.0, 18.75, 25.75, 9999.0, 1.0, 1.25, 19.5, 9999.0, 9999.0, 9999.0, 117.75, 122.0, 116.75, 101.5, 133.5
2023-04-06, 17:37:44, 130.75, 51.25, 18.75, 26.0, 9999.0, 1.25, 1.25, 19.5, 9999.0, 9999.0, 9999.0, 118.5, 122.75, 118.25, 101.75, 133.5
2023-04-06, 17:37:48, 130.75, 51.25, 18.75, 26.0, 9999.0, 1.25, 1.25, 19.5, 9999.0, 9999.0, 9999.0, 119.25, 122.75, 118.0, 101.75, 133.5
2023-04-06, 17:37:52, 130.75, 51.0, 18.75, 25.75, 9999.0, 1.25, 1.25, 19.5, 9999.0, 9999.0, 9999.0, 119.25, 122.75, 118.0, 101.75, 133.5
2023-04-06, 17:37:56, 130.75, 51.0, 18.75, 25.75, 9999.0, 1.25, 1.25, 19.5, 9999.0, 9999.0, 9999.0, 118.75, 121.5, 117.5, 101.75, 133.5
2023-04-06, 17:38:00, 130.75, 51.0, 18.75, 25.75, 9999.0, 1.25, 1.25, 19.5, 9999.0, 9999.0, 9999.0, 119.25, 122.75, 118.25, 102.0, 133.5
2023-04-06, 17:38:04, 130.75, 51.0, 18.75, 25.75, 9999.0, 1.0, 1.25, 19.5, 9999.0, 9999.0, 9999.0, 119.0, 122.75, 118.0, 101.75, 133.5
2023-04-06, 17:38:08, 130.75, 51.0, 18.75, 26.0, 9999.0, 1.0, 1.25, 19.5, 9999.0, 9999.0, 9999.0, 119.0, 122.75, 118.0, 101.75, 133.5
2023-04-06, 17:38:13, 130.75, 51.0, 18.75, 26.0, 9999.0, 1.0, 1.25, 19.5, 9999.0, 9999.0, 9999.0, 117.5, 122.0, 118.0, 101.75, 133.5
2023-04-06, 17:38:17, 130.75, 51.25, 19.0, 26.0, 9999.0, 1.0, 1.25, 19.5, 9999.0, 9999.0, 9999.0, 119.0, 122.25, 117.75, 101.75, 133.5
2023-04-06, 17:38:21, 130.75, 51.0, 18.75, 25.75, 9999.0, 1.0, 1.25, 19.5, 9999.0, 9999.0, 9999.0, 119.0, 123.0, 118.25, 102.0, 133.5
2023-04-06, 17:38:25, 130.75, 51.25, 18.75, 26.0, 9999.0, 1.0, 1.25, 19.5, 9999.0, 9999.0, 9999.0, 119.0, 122.75, 118.0, 102.0, 133.5
2023-04-06, 17:38:29, 130.75, 51.25, 18.75, 25.75, 9999.0, 1.0, 1.25, 19.25, 9999.0, 9999.0, 9999.0, 118.0, 122.75, 118.0, 102.0, 133.25
2023-04-06, 17:38:33, 130.75, 51.25, 18.75, 26.0, 9999.0, 1.0, 1.25, 19.5, 9999.0, 9999.0, 9999.0, 119.0, 123.0, 118.0, 102.0, 133.5
2023-04-06, 17:38:37, 130.75, 51.25, 18.75, 26.0, 9999.0, 1.0, 1.25, 19.5, 9999.0, 9999.0, 9999.0, 118.75, 122.75, 118.0, 102.0, 133.5
2023-04-06, 17:38:41, 130.75, 51.0, 18.75, 26.0, 9999.0, 1.0, 1.25, 19.5, 9999.0, 9999.0, 9999.0, 118.5, 122.75, 118.0, 102.0, 133.5
2023-04-06, 17:38:45, 130.75, 51.0, 18.75, 26.0, 9999.0, 0.75, 1.25, 18.75, 9999.0, 9999.0, 9999.0, 118.75, 122.75, 118.0, 102.0, 133.5
2023-04-06, 17:38:49, 130.75, 51.25, 18.75, 26.0, 9999.0, 1.0, 1.25, 19.5, 9999.0, 9999.0, 9999.0, 118.75, 122.75, 118.25, 102.0, 133.5
2023-04-06, 17:38:53, 130.75, 51.25, 18.75, 26.0, 9999.0, 1.0, 1.25, 19.5, 9999.0, 9999.0, 9999.0, 118.5, 122.75, 118.25, 102.0, 133.5
2023-04-06, 17:38:57, 130.75, 51.0, 18.75, 26.0, 9999.0, 1.0, 1.0, 19.5, 9999.0, 9999.0, 9999.0, 118.5, 122.75, 118.0, 102.0, 133.5
2023-04-06, 17:39:01, 130.75, 51.0, 18.75, 26.0, 9999.0, 1.0, 0.5, 19.25, 9999.0, 9999.0, 9999.0, 118.5, 122.75, 118.0, 102.0, 133.5
2023-04-06, 17:39:05, 130.75, 51.25, 18.75, 26.0, 9999.0, 1.25, 1.25, 19.5, 9999.0, 9999.0, 9999.0, 118.5, 122.75, 118.0, 102.0, 133.5
2023-04-06, 17:39:09, 130.75, 51.0, 18.75, 26.0, 9999.0, 1.25, 1.25, 19.5, 9999.0, 9999.0, 9999.0, 119.0, 122.75, 118.0, 102.0, 133.5
2023-04-06, 17:39:13, 130.75, 51.25, 18.75, 26.0, 9999.0, 1.25, 1.25, 19.5, 9999.0, 9999.0, 9999.0, 119.0, 122.5, 118.0, 102.0, 133.5
2023-04-06, 17:39:17, 130.75, 51.25, 18.75, 26.0, 9999.0, 0.25, 1.0, 18.5, 9999.0, 9999.0, 9999.0, 119.25, 122.75, 118.25, 102.0, 133.5
2023-04-06, 17:39:21, 130.75, 51.25, 19.0, 26.0, 9999.0, 1.25, 1.25, 19.5, 9999.0, 9999.0, 9999.0, 119.25, 122.75, 118.25, 102.0, 133.5
2023-04-06, 17:39:25, 130.75, 51.25, 18.75, 26.0, 9999.0, 1.25, 1.25, 19.75, 9999.0, 9999.0, 9999.0, 119.0, 122.75, 118.0, 102.0, 133.5
2023-04-06, 17:39:29, 130.75, 51.25, 18.75, 26.0, 9999.0, 1.25, 1.25, 19.5, 9999.0, 9999.0, 9999.0, 119.0, 122.75, 118.0, 102.0, 133.5
2023-04-06, 17:39:33, 130.75, 51.25, 18.75, 26.0, 9999.0, 0.75, 0.5, 18.75, 9999.0, 9999.0, 9999.0, 119.0, 122.75, 118.0, 102.0, 133.5
2023-04-06, 17:39:37, 130.75, 51.25, 18.75, 26.0, 9999.0, 1.0, 1.5, 19.5, 9999.0, 9999.0, 9999.0, 119.0, 122.75, 118.25, 102.0, 133.5
2023-04-06, 17:39:41, 130.75, 51.25, 18.75, 26.0, 9999.0, 1.0, 1.5, 19.75, 9999.0, 9999.0, 9999.0, 119.0, 123.0, 118.0, 102.0, 133.5
2023-04-06, 17:39:45, 130.75, 51.25, 18.75, 26.0, 9999.0, 1.0, 1.25, 19.5, 9999.0, 9999.0, 9999.0, 119.0, 123.0, 118.0, 102.0, 133.5
2023-04-06, 17:39:49, 130.75, 51.25, 18.75, 25.0, 9999.0, 0.0, -4.0, 19.5, 9999.0, 9999.0, 9999.0, 119.0, 122.75, 118.0, 102.0, 133.5
2023-04-06, 17:39:53, 130.75, 51.25, 18.75, 26.0, 9999.0, 1.0, 1.25, 19.5, 9999.0, 9999.0, 9999.0, 119.0, 122.75, 118.0, 102.0, 133.5
2023-04-06, 17:39:57, 130.75, 51.25, 19.0, 26.0, 9999.0, 1.0, 1.25, 19.75, 9999.0, 9999.0, 9999.0, 118.75, 122.75, 118.0, 102.0, 133.5
2023-04-06, 17:40:01, 130.75, 51.25, 18.75, 25.75, 9999.0, 1.0, 1.25, 19.5, 9999.0, 9999.0, 9999.0, 118.75, 122.75, 118.0, 102.0, 133.5
2023-04-06, 17:40:05, 130.75, 51.25, 17.5, 25.75, 9999.0, -0.5, 1.25, 19.5, 9999.0, 9999.0, 9999.0, 118.75, 122.75, 118.0, 102.0, 133.5
2023-04-06, 17:40:09, 130.75, 51.25, 18.75, 26.0, 9999.0, 1.0, 1.25, 19.75, 9999.0, 9999.0, 9999.0, 118.75, 122.75, 118.0, 102.0, 133.5
2023-04-06, 17:40:13, 130.75, 51.25, 19.0, 26.0, 9999.0, 1.25, 1.25, 19.75, 9999.0, 9999.0, 9999.0, 118.75, 122.75, 118.25, 102.0, 133.5
2023-04-06, 17:40:17, 130.75, 51.25, 19.0, 26.0, 9999.0, 1.25, 1.25, 19.5, 9999.0, 9999.0, 9999.0, 118.5, 122.75, 118.25, 102.0, 133.5
2023-04-06, 17:40:21, 130.75, 50.25, 18.75, 25.0, 9999.0, 1.25, 1.25, 19.75, 9999.0, 9999.0, 9999.0, 118.5, 122.75, 118.25, 102.0, 133.75
2023-04-06, 17:40:25, 130.75, 51.25, 19.0, 26.0, 9999.0, 1.25, 1.5, 19.75, 9999.0, 9999.0, 9999.0, 118.75, 122.75, 118.25, 102.0, 133.5
2023-04-06, 17:40:29, 131.0, 51.25, 19.0, 26.0, 9999.0, 1.25, 1.5, 19.75, 9999.0, 9999.0, 9999.0, 119.25, 122.75, 118.0, 102.0, 133.75
2023-04-06, 17:40:33, 131.0, 51.25, 18.75, 26.0, 9999.0, 1.25, 1.25, 19.5, 9999.0, 9999.0, 9999.0, 119.25, 122.75, 118.0, 102.0, 133.75
2023-04-06, 17:40:37, 129.5, 51.0, 18.0, 22.5, 9999.0, 1.25, 1.25, 19.75, 9999.0, 9999.0, 9999.0, 119.25, 122.75, 118.0, 102.0, 133.5
2023-04-06, 17:40:41, 130.75, 51.25, 19.0, 26.0, 9999.0, 1.25, 1.5, 19.75, 9999.0, 9999.0, 9999.0, 119.25, 122.75, 118.0, 102.0, 133.5
2023-04-06, 17:40:45, 130.75, 51.25, 19.0, 26.0, 9999.0, 1.25, 1.5, 19.75, 9999.0, 9999.0, 9999.0, 119.0, 122.75, 118.0, 102.0, 133.5
2023-04-06, 17:40:49, 130.75, 51.25, 18.75, 26.0, 9999.0, 1.25, 1.5, 19.75, 9999.0, 9999.0, 9999.0, 119.0, 122.75, 118.0, 102.0, 132.0
2023-04-06, 17:40:53, 130.75, 49.75, 13.0, 25.75, 9999.0, 1.0, 1.5, 19.75, 9999.0, 9999.0, 9999.0, 119.0, 122.75, 118.0, 102.0, 133.5
2023-04-06, 17:40:57, 130.75, 51.25, 18.75, 26.0, 9999.0, 1.25, 1.5, 19.75, 9999.0, 9999.0, 9999.0, 119.0, 122.75, 118.0, 102.0, 133.5
2023-04-06, 17:41:01, 130.75, 51.25, 18.75, 26.0, 9999.0, 1.0, 1.25, 19.75, 9999.0, 9999.0, 9999.0, 119.0, 123.0, 118.25, 102.0, 133.5
2023-04-06, 17:41:05, 131.0, 51.25, 18.75, 25.75, 9999.0, 1.0, 1.5, 19.75, 9999.0, 9999.0, 9999.0, 119.0, 122.75, 118.0, 100.75, 133.25
2023-04-06, 17:41:09, 129.75, 48.0, 18.75, 26.0, 9999.0, 1.0, 1.25, 19.75, 9999.0, 9999.0, 9999.0, 119.0, 122.75, 118.0, 102.0, 133.5
2023-04-06, 17:41:13, 130.75, 51.25, 19.0, 26.0, 9999.0, 1.0, 1.25, 19.75, 9999.0, 9999.0, 9999.0, 119.0, 122.75, 118.0, 102.0, 133.75
2023-04-06, 17:41:17, 130.75, 51.25, 19.0, 25.75, 9999.0, 1.0, 1.25, 19.75, 9999.0, 9999.0, 9999.0, 118.75, 122.75, 118.0, 102.0, 133.5
2023-04-06, 17:41:21, 131.0, 51.25, 18.75, 25.75, 9999.0, 1.0, 1.25, 19.75, 9999.0, 9999.0, 9999.0, 118.75, 122.75, 116.75, 101.75, 132.0
2023-04-06, 17:41:25, 126.25, 51.25, 19.0, 26.0, 9999.0, 1.0, 1.25, 19.75, 9999.0, 9999.0, 9999.0, 118.75, 122.75, 118.25, 102.0, 133.75
2023-04-06, 17:41:29, 130.75, 51.25, 19.0, 26.0, 9999.0, 1.0, 1.5, 19.75, 9999.0, 9999.0, 9999.0, 118.75, 122.75, 118.25, 102.0, 133.5
2023-04-06, 17:41:33, 130.75, 51.25, 18.75, 25.75, 9999.0, 1.25, 1.25, 19.75, 9999.0, 9999.0, 9999.0, 118.75, 122.75, 118.25, 102.0, 133.75
2023-04-06, 17:41:37, 130.75, 51.0, 18.75, 25.75, 9999.0, 1.25, 1.25, 19.5, 9999.0, 9999.0, 9999.0, 118.75, 121.0, 117.5, 101.0, 130.5
2023-04-06, 17:41:41, 130.75, 51.25, 18.75, 26.0, 9999.0, 1.25, 1.25, 19.75, 9999.0, 9999.0, 9999.0, 118.75, 122.75, 118.25, 102.0, 133.5
2023-04-06, 17:41:45, 130.75, 51.25, 19.0, 25.75, 9999.0, 1.5, 1.5, 19.75, 9999.0, 9999.0, 9999.0, 118.75, 122.75, 118.0, 102.0, 133.5
2023-04-06, 17:41:49, 131.0, 51.25, 19.0, 26.0, 9999.0, 1.25, 1.5, 19.75, 9999.0, 9999.0, 9999.0, 119.25, 122.75, 118.25, 102.0, 133.5
2023-04-06, 17:41:53, 130.75, 51.25, 18.75, 26.0, 9999.0, 1.25, 1.25, 19.75, 9999.0, 9999.0, 9999.0, 118.25, 122.25, 117.0, 99.5, 133.25
2023-04-06, 17:41:57, 130.75, 51.25, 18.75, 25.75, 9999.0, 1.25, 1.25, 19.75, 9999.0, 9999.0, 9999.0, 119.25, 122.75, 118.0, 102.0, 133.5
2023-04-06, 17:42:01, 130.75, 51.25, 18.75, 26.0, 9999.0, 1.25, 1.5, 19.75, 9999.0, 9999.0, 9999.0, 119.25, 122.75, 118.25, 102.0, 133.5
2023-04-06, 17:42:05, 131.0, 51.25, 19.0, 26.0, 9999.0, 1.25, 1.5, 19.75, 9999.0, 9999.0, 9999.0, 119.25, 122.75, 118.25, 102.0, 133.25
2023-04-06, 17:42:09, 130.75, 51.25, 18.75, 26.0, 9999.0, 1.25, 1.5, 19.75, 9999.0, 9999.0, 9999.0, 118.5, 121.25, 115.75, 101.5, 133.5
2023-04-06, 17:42:13, 130.75, 51.25, 18.75, 26.0, 9999.0, 1.25, 1.5, 19.75, 9999.0, 9999.0, 9999.0, 119.0, 122.5, 118.0, 102.0, 133.5
2023-04-06, 17:42:17, 130.75, 51.25, 18.75, 26.0, 9999.0, 1.25, 1.5, 19.75, 9999.0, 9999.0, 9999.0, 119.0, 122.5, 118.0, 102.0, 133.5
2023-04-06, 17:42:21, 130.75, 51.25, 18.75, 26.0, 9999.0, 1.25, 1.5, 19.75, 9999.0, 9999.0, 9999.0, 119.0, 123.0, 118.25, 101.75, 133.5
2023-04-06, 17:42:25, 130.75, 51.25, 19.0, 26.0, 9999.0, 1.0, 1.25, 19.75, 9999.0, 9999.0, 9999.0, 117.75, 121.5, 118.0, 102.0, 133.75
2023-04-06, 17:42:29, 130.75, 51.25, 18.75, 25.75, 9999.0, 1.0, 1.5, 19.75, 9999.0, 9999.0, 9999.0, 118.75, 122.75, 118.25, 102.0, 133.5
2023-04-06, 17:42:33, 130.75, 51.25, 18.75, 25.75, 9999.0, 1.0, 1.5, 19.75, 9999.0, 9999.0, 9999.0, 119.0, 123.0, 118.0, 102.0, 133.5
2023-04-06, 17:42:38, 131.0, 51.25, 18.75, 26.0, 9999.0, 1.0, 1.25, 19.5, 9999.0, 9999.0, 9999.0, 119.0, 122.75, 118.0, 102.0, 133.5
2023-04-06, 17:42:42, 130.75, 51.25, 18.75, 26.0, 9999.0, 1.0, 1.25, 19.75, 9999.0, 9999.0, 9999.0, 116.0, 122.25, 118.25, 102.0, 133.5
2023-04-06, 17:42:46, 131.0, 51.25, 18.75, 26.0, 9999.0, 1.0, 1.5, 19.75, 9999.0, 9999.0, 9999.0, 118.75, 122.75, 118.25, 102.0, 133.5
2023-04-06, 17:42:50, 130.75, 51.25, 18.75, 26.0, 9999.0, 1.0, 1.25, 19.75, 9999.0, 9999.0, 9999.0, 118.75, 122.75, 118.25, 102.0, 133.5
2023-04-06, 17:42:54, 131.0, 51.25, 19.0, 26.0, 9999.0, 1.25, 1.25, 19.75, 9999.0, 9999.0, 9999.0, 118.75, 122.5, 118.0, 102.0, 133.5
2023-04-06, 17:42:58, 130.75, 51.25, 19.0, 26.0, 9999.0, 1.25, 1.25, 18.75, 9999.0, 9999.0, 9999.0, 118.5, 122.75, 118.25, 102.0, 133.5
2023-04-06, 17:43:02, 130.75, 51.25, 19.0, 25.75, 9999.0, 1.25, 1.25, 19.75, 9999.0, 9999.0, 9999.0, 118.5, 122.75, 118.25, 102.0, 133.5
2023-04-06, 17:43:06, 131.0, 51.25, 19.0, 25.75, 9999.0, 1.5, 1.5, 19.75, 9999.0, 9999.0, 9999.0, 118.5, 122.75, 118.25, 102.0, 133.5
2023-04-06, 17:43:10, 131.0, 51.25, 18.75, 25.75, 9999.0, 1.25, 1.5, 19.75, 9999.0, 9999.0, 9999.0, 119.25, 122.75, 118.0, 102.0, 133.5
2023-04-06, 17:43:14, 130.75, 51.25, 19.0, 26.0, 9999.0, 1.25, -0.25, 19.25, 9999.0, 9999.0, 9999.0, 119.25, 122.75, 118.25, 102.0, 133.5
2023-04-06, 17:43:18, 130.75, 51.25, 18.75, 26.0, 9999.0, 1.25, 1.25, 19.5, 9999.0, 9999.0, 9999.0, 119.0, 122.75, 118.25, 102.0, 133.5
2023-04-06, 17:43:22, 130.75, 51.25, 18.75, 26.0, 9999.0, 1.25, 1.5, 19.5, 9999.0, 9999.0, 9999.0, 119.25, 122.75, 118.25, 102.0, 133.5
2023-04-06, 17:43:26, 131.0, 51.25, 19.0, 26.0, 9999.0, 1.25, 1.5, 19.75, 9999.0, 9999.0, 9999.0, 119.0, 122.75, 118.25, 102.0, 133.5
2023-04-06, 17:43:30, 131.0, 51.25, 18.75, 26.0, 9999.0, 0.25, 0.5, 18.75, 9999.0, 9999.0, 9999.0, 119.0, 122.75, 118.25, 102.0, 133.5
2023-04-06, 17:43:34, 130.75, 51.25, 18.75, 26.0, 9999.0, 1.25, 1.5, 19.75, 9999.0, 9999.0, 9999.0, 119.0, 122.75, 118.25, 102.0, 133.5
2023-04-06, 17:43:38, 131.0, 51.25, 18.75, 26.0, 9999.0, 1.25, 1.5, 19.75, 9999.0, 9999.0, 9999.0, 119.0, 122.75, 118.25, 102.0, 133.5
2023-04-06, 17:43:42, 131.0, 51.25, 18.75, 26.25, 9999.0, 1.0, 1.5, 19.75, 9999.0, 9999.0, 9999.0, 119.0, 122.75, 118.0, 102.0, 133.5
2023-04-06, 17:43:46, 130.75, 51.25, 18.75, 26.0, 9999.0, 0.5, 0.75, 17.5, 9999.0, 9999.0, 9999.0, 119.0, 123.0, 118.0, 102.0, 133.5
2023-04-06, 17:43:50, 130.75, 51.25, 18.75, 26.25, 9999.0, 1.0, 1.5, 19.75, 9999.0, 9999.0, 9999.0, 119.0, 122.75, 118.0, 102.0, 133.5
2023-04-06, 17:43:54, 130.75, 51.25, 18.75, 26.0, 9999.0, 1.0, 1.25, 19.75, 9999.0, 9999.0, 9999.0, 119.0, 123.0, 118.25, 102.0, 133.5
2023-04-06, 17:43:58, 130.75, 51.25, 19.0, 26.0, 9999.0, 1.0, 1.25, 19.75, 9999.0, 9999.0, 9999.0, 119.0, 122.75, 118.25, 102.0, 133.5
2023-04-06, 17:44:02, 131.0, 51.25, 18.75, 24.75, 9999.0, -0.25, 0.25, 19.25, 9999.0, 9999.0, 9999.0, 118.75, 122.75, 118.25, 102.0, 133.5
2023-04-06, 17:44:06, 130.75, 51.25, 18.75, 25.75, 9999.0, 1.0, 1.5, 19.75, 9999.0, 9999.0, 9999.0, 118.75, 122.75, 118.25, 101.75, 133.5
2023-04-06, 17:44:10, 131.0, 51.25, 19.0, 26.0, 9999.0, 1.0, 1.25, 19.5, 9999.0, 9999.0, 9999.0, 118.75, 122.75, 118.25, 102.0, 133.5
2023-04-06, 17:44:14, 130.75, 51.25, 19.0, 26.0, 9999.0, 1.25, 1.25, 19.5, 9999.0, 9999.0, 9999.0, 118.75, 122.75, 118.25, 102.0, 133.5
2023-04-06, 17:44:18, 131.0, 51.25, 18.5, 25.25, 9999.0, -0.25, 0.75, 19.5, 9999.0, 9999.0, 9999.0, 118.75, 122.75, 118.25, 102.0, 133.5
2023-04-06, 17:44:22, 130.75, 51.25, 19.0, 26.0, 9999.0, 1.25, 1.25, 19.5, 9999.0, 9999.0, 9999.0, 118.5, 122.75, 118.25, 102.0, 133.5
2023-04-06, 17:44:26, 131.0, 51.25, 19.0, 26.0, 9999.0, 1.5, 1.25, 19.75, 9999.0, 9999.0, 9999.0, 118.5, 122.75, 118.25, 102.0, 133.5
2023-04-06, 17:44:30, 130.75, 51.25, 18.75, 26.0, 9999.0, 1.25, 1.25, 19.5, 9999.0, 9999.0, 9999.0, 119.5, 122.75, 118.25, 102.0, 133.5
2023-04-06, 17:44:34, 130.75, 50.25, 18.0, 24.75, 9999.0, 0.75, 1.5, 19.75, 9999.0, 9999.0, 9999.0, 119.25, 122.75, 118.25, 102.0, 133.5
2023-04-06, 17:44:38, 130.75, 51.25, 18.75, 26.0, 9999.0, 1.25, 1.5, 19.75, 9999.0, 9999.0, 9999.0, 119.25, 122.75, 118.25, 101.75, 133.5
2023-04-06, 17:44:42, 130.75, 51.25, 19.0, 26.0, 9999.0, 1.25, 1.5, 19.5, 9999.0, 9999.0, 9999.0, 119.25, 122.75, 118.25, 102.0, 133.5
2023-04-06, 17:44:46, 130.75, 51.25, 19.0, 26.0, 9999.0, 1.0, 1.25, 19.5, 9999.0, 9999.0, 9999.0, 119.25, 122.75, 118.0, 102.0, 133.5
2023-04-06, 17:44:50, 130.5, 50.5, 18.25, 24.25, 9999.0, 1.25, 1.5, 19.5, 9999.0, 9999.0, 9999.0, 119.0, 122.75, 118.25, 102.0, 133.5
2023-04-06, 17:44:54, 130.75, 51.25, 18.75, 25.75, 9999.0, 1.25, 1.5, 19.75, 9999.0, 9999.0, 9999.0, 119.0, 122.75, 118.25, 102.0, 133.5
2023-04-06, 17:44:58, 131.0, 51.25, 18.75, 25.75, 9999.0, 1.0, 1.5, 19.75, 9999.0, 9999.0, 9999.0, 119.0, 122.75, 118.25, 102.0, 133.5
2023-04-06, 17:45:02, 130.75, 51.25, 18.75, 25.75, 9999.0, 1.0, 1.25, 19.75, 9999.0, 9999.0, 9999.0, 119.0, 122.75, 118.25, 102.0, 132.5
2023-04-06, 17:45:06, 130.0, 50.75, 17.75, 25.25, 9999.0, 1.0, 1.5, 19.75, 9999.0, 9999.0, 9999.0, 119.0, 122.75, 118.25, 102.0, 133.5
2023-04-06, 17:45:10, 131.0, 51.25, 18.75, 25.75, 9999.0, 1.0, 1.25, 19.75, 9999.0, 9999.0, 9999.0, 119.0, 122.75, 118.25, 102.0, 133.5
2023-04-06, 17:45:14, 131.0, 51.25, 18.75, 26.0, 9999.0, 1.0, 1.25, 19.5, 9999.0, 9999.0, 9999.0, 119.0, 122.75, 118.25, 102.0, 133.75
2023-04-06, 17:45:18, 131.0, 51.25, 18.75, 25.5, 9999.0, 1.0, 1.25, 19.5, 9999.0, 9999.0, 9999.0, 119.0, 122.75, 118.25, 101.75, 132.5
2023-04-06, 17:45:22, 130.25, 50.0, 18.25, 26.0, 9999.0, 1.0, 1.25, 19.75, 9999.0, 9999.0, 9999.0, 119.0, 122.75, 118.0, 102.0, 133.75
2023-04-06, 17:45:26, 130.75, 51.25, 19.0, 26.0, 9999.0, 1.0, 1.5, 19.75, 9999.0, 9999.0, 9999.0, 118.75, 122.75, 118.25, 102.0, 133.5
2023-04-06, 17:45:30, 130.75, 51.25, 19.0, 26.0, 9999.0, 1.0, 1.25, 19.5, 9999.0, 9999.0, 9999.0, 118.75, 122.75, 118.25, 102.0, 133.5
2023-04-06, 17:45:34, 130.75, 51.25, 19.0, 26.0, 9999.0, 1.25, 1.25, 19.5, 9999.0, 9999.0, 9999.0, 117.25, 122.5, 117.0, 99.5, 133.25
2023-04-06, 17:45:38, 130.75, 51.25, 19.0, 26.0, 9999.0, 1.25, 1.25, 19.75, 9999.0, 9999.0, 9999.0, 118.75, 122.75, 118.25, 102.0, 133.5
2023-04-06, 17:45:42, 130.75, 51.25, 19.0, 26.0, 9999.0, 1.0, 1.25, 19.75, 9999.0, 9999.0, 9999.0, 118.5, 122.75, 118.25, 102.0, 133.5
2023-04-06, 17:45:46, 130.75, 51.25, 19.0, 25.75, 9999.0, 1.25, 1.5, 19.5, 9999.0, 9999.0, 9999.0, 118.5, 122.5, 118.25, 101.75, 133.5
2023-04-06, 17:45:50, 130.75, 51.25, 18.75, 25.5, 9999.0, 1.5, 1.5, 19.75, 9999.0, 9999.0, 9999.0, 118.0, 122.75, 118.25, 102.0, 133.5
2023-04-06, 17:45:54, 130.75, 51.25, 19.0, 25.5, 9999.0, 1.25, 1.5, 19.75, 9999.0, 9999.0, 9999.0, 119.25, 122.75, 118.25, 102.0, 133.75
2023-04-06, 17:45:58, 130.75, 51.25, 18.75, 25.75, 9999.0, 1.25, 1.25, 19.5, 9999.0, 9999.0, 9999.0, 119.25, 122.75, 118.25, 102.0, 133.5
2023-04-06, 17:46:02, 130.75, 51.25, 18.75, 25.75, 9999.0, 1.25, 1.25, 19.75, 9999.0, 9999.0, 9999.0, 119.0, 122.75, 118.25, 101.75, 133.5
2023-04-06, 17:46:06, 130.75, 51.25, 18.75, 25.75, 9999.0, 0.25, 1.0, 18.25, 9999.0, 9999.0, 9999.0, 119.25, 122.75, 118.25, 102.0, 133.5
2023-04-06, 17:46:10, 130.75, 51.25, 18.75, 26.0, 9999.0, 1.25, 1.25, 19.75, 9999.0, 9999.0, 9999.0, 119.0, 122.75, 118.25, 101.75, 133.5
2023-04-06, 17:46:14, 130.75, 51.25, 18.75, 26.0, 9999.0, 1.0, 1.5, 19.5, 9999.0, 9999.0, 9999.0, 119.0, 122.75, 118.0, 101.75, 133.5
2023-04-06, 17:46:18, 131.0, 51.25, 18.75, 26.0, 9999.0, 1.0, 1.0, 19.5, 9999.0, 9999.0, 9999.0, 119.0, 122.75, 118.25, 102.0, 133.5
2023-04-06, 17:46:22, 130.75, 49.5, 18.5, 24.25, 9999.0, 1.0, 1.5, 19.5, 9999.0, 9999.0, 9999.0, 119.0, 122.75, 118.25, 101.75, 133.5
2023-04-06, 17:46:26, 130.75, 51.25, 18.75, 25.75, 9999.0, 1.0, 1.5, 19.75, 9999.0, 9999.0, 9999.0, 119.0, 123.0, 118.25, 102.0, 133.5
2023-04-06, 17:46:30, 131.0, 51.25, 19.0, 25.75, 9999.0, 1.0, 1.25, 19.75, 9999.0, 9999.0, 9999.0, 119.0, 122.75, 118.25, 102.0, 133.5
2023-04-06, 17:46:34, 131.0, 51.25, 18.5, 25.75, 9999.0, 1.0, 1.25, 19.75, 9999.0, 9999.0, 9999.0, 119.0, 122.75, 118.0, 101.25, 133.25
2023-04-06, 17:46:38, 129.5, 49.75, 18.75, 25.75, 9999.0, 1.0, 1.5, 19.75, 9999.0, 9999.0, 9999.0, 119.0, 122.75, 118.25, 102.0, 133.5
2023-04-06, 17:46:42, 130.75, 51.25, 19.0, 26.0, 9999.0, 1.0, 1.25, 19.5, 9999.0, 9999.0, 9999.0, 118.75, 122.75, 118.25, 102.0, 133.5
2023-04-06, 17:46:46, 131.0, 51.25, 19.0, 26.0, 9999.0, 1.0, 1.5, 19.5, 9999.0, 9999.0, 9999.0, 118.75, 122.75, 118.0, 102.0, 133.5
2023-04-06, 17:46:50, 130.75, 51.25, 19.0, 26.0, 9999.0, 1.0, 1.25, 19.75, 9999.0, 9999.0, 9999.0, 118.25, 121.75, 117.25, 101.5, 133.5
2023-04-06, 17:46:54, 130.75, 51.25, 19.0, 26.0, 9999.0, 1.25, 1.25, 19.5, 9999.0, 9999.0, 9999.0, 118.75, 122.75, 118.25, 102.0, 133.5
2023-04-06, 17:46:58, 130.75, 51.25, 19.0, 26.0, 9999.0, 1.0, 1.25, 19.5, 9999.0, 9999.0, 9999.0, 118.5, 122.75, 118.25, 102.0, 133.5
2023-04-06, 17:47:02, 130.75, 51.25, 19.0, 26.0, 9999.0, 1.25, 1.25, 19.5, 9999.0, 9999.0, 9999.0, 118.5, 122.75, 118.25, 102.0, 133.5
2023-04-06, 17:47:07, 131.0, 51.25, 18.75, 26.0, 9999.0, 1.5, 1.5, 18.5, 9999.0, 9999.0, 9999.0, 118.5, 122.75, 118.25, 102.0, 133.5
2023-04-06, 17:47:11, 130.75, 51.25, 18.75, 25.5, 9999.0, 1.25, 1.25, 19.75, 9999.0, 9999.0, 9999.0, 119.25, 122.75, 118.0, 101.75, 133.5
2023-04-06, 17:47:15, 130.75, 51.25, 18.5, 25.75, 9999.0, 1.25, 1.25, 19.75, 9999.0, 9999.0, 9999.0, 119.25, 122.75, 118.25, 102.0, 133.5
2023-04-06, 17:47:19, 130.75, 51.25, 18.75, 25.75, 9999.0, 1.25, 1.25, 19.5, 9999.0, 9999.0, 9999.0, 119.25, 122.75, 118.25, 102.0, 133.5
2023-04-06, 17:47:23, 130.75, 51.25, 18.75, 25.75, 9999.0, 0.75, 0.25, 19.25, 9999.0, 9999.0, 9999.0, 119.25, 122.75, 118.25, 102.0, 133.5
2023-04-06, 17:47:27, 130.75, 51.25, 19.0, 25.75, 9999.0, 1.25, 1.5, 19.5, 9999.0, 9999.0, 9999.0, 119.25, 122.5, 118.0, 102.0, 133.5
2023-04-06, 17:47:31, 130.75, 51.25, 19.0, 26.0, 9999.0, 1.25, 1.25, 19.5, 9999.0, 9999.0, 9999.0, 119.0, 122.5, 118.0, 102.0, 133.5
2023-04-06, 17:47:35, 131.0, 51.25, 18.75, 25.75, 9999.0, 0.75, 1.25, 19.5, 9999.0, 9999.0, 9999.0, 119.0, 122.5, 118.0, 102.0, 133.5
2023-04-06, 17:47:39, 129.25, 50.5, 17.5, 23.25, 9999.0, 1.0, 1.25, 19.75, 9999.0, 9999.0, 9999.0, 119.0, 122.75, 118.0, 101.75, 133.5
2023-04-06, 17:47:43, 130.75, 51.25, 19.0, 25.75, 9999.0, 1.0, 1.5, 19.5, 9999.0, 9999.0, 9999.0, 119.0, 122.75, 118.0, 102.0, 133.5
2023-04-06, 17:47:47, 131.0, 51.25, 18.75, 26.0, 9999.0, 1.0, 1.25, 19.5, 9999.0, 9999.0, 9999.0, 119.0, 122.75, 118.0, 101.75, 133.5
2023-04-06, 17:47:51, 131.0, 51.25, 18.75, 26.0, 9999.0, 1.0, 1.25, 19.5, 9999.0, 9999.0, 9999.0, 119.0, 122.75, 117.25, 101.75, 132.5
2023-04-06, 17:47:55, 129.0, 51.25, 19.0, 26.0, 9999.0, 1.0, 1.25, 19.5, 9999.0, 9999.0, 9999.0, 119.0, 122.75, 118.25, 101.75, 133.5
2023-04-06, 17:47:59, 130.75, 51.25, 19.0, 26.0, 9999.0, 1.0, 1.25, 19.75, 9999.0, 9999.0, 9999.0, 119.0, 122.75, 118.25, 102.0, 133.5
2023-04-06, 17:48:03, 130.75, 51.25, 19.0, 26.0, 9999.0, 1.0, 1.25, 19.5, 9999.0, 9999.0, 9999.0, 118.75, 122.75, 118.0, 101.75, 133.5
2023-04-06, 17:48:07, 130.75, 51.25, 19.0, 26.0, 9999.0, 1.0, 1.25, 19.5, 9999.0, 9999.0, 9999.0, 118.0, 121.5, 117.75, 102.0, 133.5
2023-04-06, 17:48:11, 130.75, 51.0, 19.0, 25.75, 9999.0, 1.0, 1.25, 19.75, 9999.0, 9999.0, 9999.0, 118.75, 122.75, 118.25, 102.0, 133.5
2023-04-06, 17:48:15, 130.75, 51.25, 19.0, 26.0, 9999.0, 1.25, 1.25, 19.5, 9999.0, 9999.0, 9999.0, 118.75, 122.75, 118.25, 102.0, 133.5
2023-04-06, 17:48:19, 130.75, 51.25, 19.0, 26.0, 9999.0, 1.0, 1.25, 19.5, 9999.0, 9999.0, 9999.0, 118.5, 122.75, 118.25, 101.75, 133.5
2023-04-06, 17:48:23, 130.75, 51.25, 18.75, 26.0, 9999.0, 1.25, 0.0, 19.25, 9999.0, 9999.0, 9999.0, 118.5, 122.75, 118.25, 102.0, 133.5
2023-04-06, 17:48:27, 130.75, 51.25, 19.0, 26.0, 9999.0, 1.25, 1.25, 19.75, 9999.0, 9999.0, 9999.0, 118.5, 122.75, 118.0, 102.0, 133.5
2023-04-06, 17:48:31, 130.75, 51.25, 19.0, 26.0, 9999.0, 1.25, 1.25, 19.5, 9999.0, 9999.0, 9999.0, 119.5, 122.75, 118.25, 102.0, 133.5
2023-04-06, 17:48:35, 130.75, 51.25, 19.0, 26.0, 9999.0, 1.25, 1.25, 19.5, 9999.0, 9999.0, 9999.0, 119.25, 122.75, 118.25, 102.0, 133.5
2023-04-06, 17:48:39, 131.0, 51.25, 19.0, 25.75, 9999.0, -0.5, 1.0, 18.5, 9999.0, 9999.0, 9999.0, 119.25, 122.75, 118.0, 102.0, 133.5
2023-04-06, 17:48:43, 130.75, 51.25, 19.0, 26.0, 9999.0, 1.25, 1.5, 19.75, 9999.0, 9999.0, 9999.0, 119.0, 122.75, 118.0, 102.0, 133.5
2023-04-06, 17:48:47, 130.75, 51.25, 19.0, 25.5, 9999.0, 1.25, 1.5, 19.5, 9999.0, 9999.0, 9999.0, 119.0, 122.5, 118.25, 102.0, 133.5
2023-04-06, 17:48:51, 130.75, 51.25, 19.0, 25.5, 9999.0, 1.0, 1.25, 19.75, 9999.0, 9999.0, 9999.0, 119.0, 122.75, 118.0, 102.0, 133.5
2023-04-06, 17:48:55, 131.0, 51.25, 18.75, 25.75, 9999.0, 0.75, 0.25, 16.5, 9999.0, 9999.0, 9999.0, 119.0, 122.75, 118.25, 102.0, 133.5
2023-04-06, 17:48:59, 131.0, 51.25, 18.75, 25.75, 9999.0, 1.25, 1.25, 19.75, 9999.0, 9999.0, 9999.0, 119.0, 122.75, 118.0, 102.0, 133.5
2023-04-06, 17:49:03, 130.75, 51.25, 19.0, 25.75, 9999.0, 1.0, 1.5, 19.5, 9999.0, 9999.0, 9999.0, 119.0, 122.75, 118.0, 102.0, 133.5
2023-04-06, 17:49:07, 130.75, 51.25, 18.75, 25.75, 9999.0, 1.0, 1.25, 19.5, 9999.0, 9999.0, 9999.0, 119.0, 122.75, 118.0, 102.0, 133.5
2023-04-06, 17:49:11, 131.0, 51.25, 18.75, 24.25, 9999.0, -0.25, -1.25, 19.25, 9999.0, 9999.0, 9999.0, 119.0, 122.75, 118.25, 102.0, 133.5
2023-04-06, 17:49:15, 131.0, 51.25, 18.75, 25.75, 9999.0, 1.0, 1.5, 19.75, 9999.0, 9999.0, 9999.0, 119.0, 122.75, 118.0, 102.0, 133.75
2023-04-06, 17:49:19, 130.75, 51.25, 19.0, 25.75, 9999.0, 1.0, 1.25, 19.5, 9999.0, 9999.0, 9999.0, 118.75, 122.75, 118.25, 102.0, 133.75
2023-04-06, 17:49:23, 131.0, 51.25, 18.75, 26.0, 9999.0, 1.0, 1.25, 19.5, 9999.0, 9999.0, 9999.0, 119.0, 122.75, 118.0, 102.0, 133.5
2023-04-06, 17:49:27, 131.0, 51.0, 17.75, 25.5, 9999.0, -2.75, 1.25, 19.5, 9999.0, 9999.0, 9999.0, 118.75, 122.75, 118.0, 101.75, 133.5
2023-04-06, 17:49:31, 130.75, 51.25, 19.0, 25.75, 9999.0, 0.75, 1.5, 19.75, 9999.0, 9999.0, 9999.0, 118.75, 122.75, 118.25, 102.0, 133.5
2023-04-06, 17:49:35, 130.75, 51.25, 19.0, 26.0, 9999.0, 1.25, 1.25, 19.5, 9999.0, 9999.0, 9999.0, 118.75, 122.75, 118.0, 102.0, 133.5
2023-04-06, 17:49:39, 131.0, 51.25, 19.0, 26.0, 9999.0, 1.25, 1.25, 19.5, 9999.0, 9999.0, 9999.0, 118.75, 122.75, 118.25, 102.0, 133.5
2023-04-06, 17:49:43, 130.75, 49.5, 18.25, 24.5, 9999.0, 0.75, 1.25, 19.5, 9999.0, 9999.0, 9999.0, 118.75, 122.75, 118.0, 102.0, 133.5
2023-04-06, 17:49:47, 130.75, 51.25, 18.75, 26.0, 9999.0, 1.25, 1.5, 19.75, 9999.0, 9999.0, 9999.0, 118.5, 122.75, 118.0, 102.0, 133.5
2023-04-06, 17:49:51, 131.0, 51.25, 18.75, 26.0, 9999.0, 1.25, 1.5, 19.75, 9999.0, 9999.0, 9999.0, 119.25, 122.75, 118.0, 102.0, 133.5
2023-04-06, 17:49:55, 131.0, 51.25, 19.0, 25.75, 9999.0, 1.0, 1.25, 19.5, 9999.0, 9999.0, 9999.0, 119.25, 122.75, 118.25, 102.0, 133.5
2023-04-06, 17:49:59, 129.75, 51.0, 17.75, 24.25, 9999.0, 1.25, 1.5, 19.75, 9999.0, 9999.0, 9999.0, 119.25, 122.75, 118.0, 102.0, 133.5
2023-04-06, 17:50:03, 131.0, 51.25, 19.0, 26.0, 9999.0, 1.25, 1.5, 19.75, 9999.0, 9999.0, 9999.0, 119.25, 122.5, 118.0, 102.0, 133.5
2023-04-06, 17:50:07, 131.0, 51.25, 19.0, 26.0, 9999.0, 1.25, 1.25, 19.75, 9999.0, 9999.0, 9999.0, 119.0, 122.75, 118.0, 102.0, 133.5
2023-04-06, 17:50:11, 131.0, 51.25, 18.75, 25.75, 9999.0, 1.0, 1.25, 19.75, 9999.0, 9999.0, 9999.0, 119.0, 122.5, 118.0, 102.0, 131.25
2023-04-06, 17:50:15, 130.25, 50.5, 16.0, 25.0, 9999.0, 1.25, 1.5, 19.75, 9999.0, 9999.0, 9999.0, 119.0, 122.75, 118.0, 102.0, 133.5
2023-04-06, 17:50:19, 131.0, 51.25, 19.0, 25.75, 9999.0, 1.25, 1.5, 19.75, 9999.0, 9999.0, 9999.0, 119.0, 122.75, 118.0, 102.0, 133.5
2023-04-06, 17:50:23, 131.0, 51.25, 19.0, 25.75, 9999.0, 1.25, 1.5, 19.75, 9999.0, 9999.0, 9999.0, 119.0, 122.75, 118.0, 102.0, 133.5
2023-04-06, 17:50:27, 131.0, 51.25, 19.0, 25.75, 9999.0, 1.0, 1.5, 19.5, 9999.0, 9999.0, 9999.0, 119.0, 122.75, 118.0, 101.0, 132.5
2023-04-06, 17:50:31, 129.75, 49.75, 18.75, 26.0, 9999.0, 1.0, 1.5, 19.75, 9999.0, 9999.0, 9999.0, 119.0, 122.75, 118.0, 102.0, 133.75
2023-04-06, 17:50:35, 131.0, 51.25, 19.0, 26.0, 9999.0, 1.25, 1.5, 19.75, 9999.0, 9999.0, 9999.0, 119.0, 122.75, 118.0, 102.0, 133.75
2023-04-06, 17:50:39, 131.0, 51.25, 19.0, 26.0, 9999.0, 1.0, 1.25, 19.75, 9999.0, 9999.0, 9999.0, 119.0, 122.75, 118.25, 102.0, 133.75
2023-04-06, 17:50:43, 131.0, 51.25, 18.75, 26.0, 9999.0, 1.0, 1.25, 19.75, 9999.0, 9999.0, 9999.0, 118.75, 122.75, 116.5, 101.5, 132.75
2023-04-06, 17:50:47, 128.25, 50.75, 19.0, 26.0, 9999.0, 1.0, 1.5, 19.75, 9999.0, 9999.0, 9999.0, 118.75, 122.75, 118.0, 102.0, 133.75
2023-04-06, 17:50:51, 131.0, 51.25, 18.75, 26.0, 9999.0, 1.0, 1.5, 19.75, 9999.0, 9999.0, 9999.0, 118.75, 122.75, 118.25, 102.0, 133.5
2023-04-06, 17:50:55, 131.0, 51.25, 19.0, 26.0, 9999.0, 1.25, 1.5, 19.75, 9999.0, 9999.0, 9999.0, 118.75, 122.75, 118.25, 102.0, 133.5
2023-04-06, 17:50:59, 131.0, 51.0, 18.75, 26.0, 9999.0, 1.25, 1.5, 19.75, 9999.0, 9999.0, 9999.0, 118.75, 121.75, 117.0, 101.0, 132.0
2023-04-06, 17:51:03, 130.75, 51.25, 19.0, 26.0, 9999.0, 1.25, 1.5, 19.75, 9999.0, 9999.0, 9999.0, 118.75, 122.75, 118.25, 102.0, 133.75
2023-04-06, 17:51:07, 131.0, 51.25, 19.0, 26.0, 9999.0, 1.5, 1.5, 19.75, 9999.0, 9999.0, 9999.0, 118.5, 122.75, 118.0, 102.0, 133.5
2023-04-06, 17:51:11, 131.0, 51.25, 18.75, 26.0, 9999.0, 1.25, 1.25, 19.75, 9999.0, 9999.0, 9999.0, 119.25, 122.75, 118.0, 102.0, 133.5
2023-04-06, 17:51:15, 130.75, 51.0, 18.75, 26.0, 9999.0, 1.5, 1.5, 19.75, 9999.0, 9999.0, 9999.0, 119.0, 122.0, 117.5, 100.0, 132.75
2023-04-06, 17:51:19, 131.0, 51.25, 19.0, 26.25, 9999.0, 1.25, 1.5, 19.75, 9999.0, 9999.0, 9999.0, 119.25, 122.75, 118.0, 102.0, 133.75
2023-04-06, 17:51:23, 131.0, 51.25, 18.75, 26.0, 9999.0, 1.25, 1.5, 19.75, 9999.0, 9999.0, 9999.0, 119.25, 122.75, 118.0, 102.0, 133.5
2023-04-06, 17:51:27, 131.0, 51.25, 19.0, 26.0, 9999.0, 1.25, 1.5, 19.75, 9999.0, 9999.0, 9999.0, 119.0, 122.75, 118.25, 102.0, 133.5
2023-04-06, 17:51:32, 130.75, 51.0, 19.0, 25.75, 9999.0, 1.25, 1.5, 19.75, 9999.0, 9999.0, 9999.0, 118.0, 121.5, 117.0, 101.5, 133.5
2023-04-06, 17:51:36, 131.0, 51.25, 19.0, 26.0, 9999.0, 1.25, 1.5, 19.75, 9999.0, 9999.0, 9999.0, 119.0, 122.75, 118.0, 102.0, 133.75
2023-04-06, 17:51:40, 131.0, 51.25, 19.0, 26.0, 9999.0, 1.25, 1.5, 19.75, 9999.0, 9999.0, 9999.0, 119.0, 123.0, 118.25, 102.0, 133.75
2023-04-06, 17:51:44, 131.0, 51.25, 19.0, 26.0, 9999.0, 1.25, 1.5, 19.75, 9999.0, 9999.0, 9999.0, 119.0, 123.0, 118.25, 102.0, 133.5
2023-04-06, 17:51:48, 131.0, 51.25, 19.0, 25.75, 9999.0, 1.0, 1.5, 19.75, 9999.0, 9999.0, 9999.0, 118.25, 121.5, 117.5, 102.0, 133.75
2023-04-06, 17:51:52, 131.0, 51.25, 19.0, 26.0, 9999.0, 1.0, 1.5, 19.75, 9999.0, 9999.0, 9999.0, 119.0, 123.0, 118.0, 102.0, 133.75
2023-04-06, 17:51:56, 131.0, 51.25, 19.0, 26.0, 9999.0, 1.25, 1.25, 19.75, 9999.0, 9999.0, 9999.0, 119.0, 123.0, 118.0, 102.0, 133.5
2023-04-06, 17:52:00, 131.0, 51.25, 19.0, 26.0, 9999.0, 1.0, 1.5, 19.75, 9999.0, 9999.0, 9999.0, 119.0, 123.0, 118.0, 102.0, 133.5
2023-04-06, 17:52:04, 131.0, 51.25, 19.0, 26.0, 9999.0, 1.0, 1.5, 19.5, 9999.0, 9999.0, 9999.0, 117.75, 122.25, 118.0, 102.0, 133.75
2023-04-06, 17:52:08, 131.0, 51.25, 19.0, 26.0, 9999.0, 1.0, 1.5, 19.5, 9999.0, 9999.0, 9999.0, 118.75, 123.0, 118.25, 102.0, 133.75
2023-04-06, 17:52:12, 131.0, 51.25, 19.0, 26.0, 9999.0, 1.0, 1.5, 19.75, 9999.0, 9999.0, 9999.0, 118.75, 122.75, 118.25, 102.0, 133.75
2023-04-06, 17:52:16, 131.0, 51.25, 19.0, 26.0, 9999.0, 1.25, 1.25, 19.75, 9999.0, 9999.0, 9999.0, 118.5, 122.75, 118.0, 102.0, 133.75
2023-04-06, 17:52:20, 131.0, 51.25, 19.0, 26.0, 9999.0, 1.25, 1.25, 19.5, 9999.0, 9999.0, 9999.0, 118.0, 122.75, 118.25, 102.0, 133.75
2023-04-06, 17:52:24, 131.0, 51.25, 19.0, 26.0, 9999.0, 1.5, 1.5, 19.75, 9999.0, 9999.0, 9999.0, 118.75, 122.75, 118.25, 102.0, 133.5
2023-04-06, 17:52:28, 131.0, 51.25, 19.0, 25.75, 9999.0, 1.5, 1.25, 19.75, 9999.0, 9999.0, 9999.0, 118.5, 122.75, 118.25, 102.0, 133.75
2023-04-06, 17:52:32, 131.0, 51.25, 19.0, 25.75, 9999.0, 1.5, 1.25, 19.75, 9999.0, 9999.0, 9999.0, 119.25, 122.75, 118.0, 102.0, 133.75
2023-04-06, 17:52:36, 131.0, 51.25, 19.0, 26.0, 9999.0, 1.25, 0.75, 19.0, 9999.0, 9999.0, 9999.0, 119.25, 122.75, 118.0, 102.0, 133.75
2023-04-06, 17:52:40, 131.0, 51.25, 19.0, 26.0, 9999.0, 1.25, 1.5, 19.75, 9999.0, 9999.0, 9999.0, 119.25, 122.75, 118.0, 102.0, 133.5
2023-04-06, 17:52:44, 131.0, 51.25, 19.0, 25.75, 9999.0, 1.25, 1.5, 19.5, 9999.0, 9999.0, 9999.0, 119.25, 122.75, 118.25, 102.0, 133.75
2023-04-06, 17:52:48, 131.0, 51.25, 18.75, 25.75, 9999.0, 1.25, 1.5, 19.75, 9999.0, 9999.0, 9999.0, 119.0, 122.75, 118.0, 102.0, 133.5
2023-04-06, 17:52:52, 131.0, 51.25, 19.0, 26.0, 9999.0, 1.0, 0.5, 19.25, 9999.0, 9999.0, 9999.0, 119.0, 122.75, 118.0, 102.0, 133.5
2023-04-06, 17:52:56, 131.0, 51.25, 19.0, 26.0, 9999.0, 1.25, 1.25, 19.5, 9999.0, 9999.0, 9999.0, 119.0, 122.75, 118.0, 102.0, 133.5
2023-04-06, 17:53:00, 131.0, 51.25, 19.0, 26.0, 9999.0, 1.25, 1.5, 19.5, 9999.0, 9999.0, 9999.0, 119.0, 122.75, 118.0, 102.0, 133.75
2023-04-06, 17:53:04, 130.75, 51.25, 19.0, 26.0, 9999.0, 1.25, 1.25, 19.5, 9999.0, 9999.0, 9999.0, 119.0, 122.75, 118.25, 102.0, 133.5
2023-04-06, 17:53:08, 130.75, 51.25, 19.0, 26.0, 9999.0, 0.25, 1.0, 18.75, 9999.0, 9999.0, 9999.0, 119.0, 123.0, 118.25, 102.0, 133.5
2023-04-06, 17:53:12, 131.0, 51.25, 19.0, 26.0, 9999.0, 1.0, 1.25, 19.5, 9999.0, 9999.0, 9999.0, 119.0, 123.0, 118.0, 102.0, 133.75
2023-04-06, 17:53:16, 131.0, 51.25, 19.0, 26.0, 9999.0, 1.0, 1.25, 19.5, 9999.0, 9999.0, 9999.0, 119.0, 122.75, 118.25, 102.0, 133.5
2023-04-06, 17:53:20, 131.0, 51.25, 18.75, 26.0, 9999.0, 1.0, 1.5, 19.75, 9999.0, 9999.0, 9999.0, 119.0, 122.75, 118.25, 101.75, 133.5
2023-04-06, 17:53:24, 130.75, 51.25, 18.75, 25.75, 9999.0, 0.5, 0.0, 19.0, 9999.0, 9999.0, 9999.0, 118.75, 122.75, 118.0, 102.0, 133.75
2023-04-06, 17:53:28, 131.0, 51.25, 19.0, 26.0, 9999.0, 1.0, 1.25, 19.5, 9999.0, 9999.0, 9999.0, 118.75, 123.0, 118.25, 102.0, 133.75
2023-04-06, 17:53:32, 130.75, 51.0, 19.0, 26.0, 9999.0, 1.25, 1.25, 19.75, 9999.0, 9999.0, 9999.0, 118.75, 122.75, 118.25, 102.0, 133.5
2023-04-06, 17:53:36, 131.0, 51.25, 19.0, 26.0, 9999.0, 1.25, 1.25, 19.5, 9999.0, 9999.0, 9999.0, 118.75, 122.75, 118.0, 102.0, 133.5
2023-04-06, 17:53:40, 130.75, 51.25, 19.0, 25.0, 9999.0, 0.0, 0.75, 19.5, 9999.0, 9999.0, 9999.0, 118.5, 122.75, 118.25, 102.0, 133.5
2023-04-06, 17:53:44, 131.0, 51.25, 19.0, 26.0, 9999.0, 1.25, 1.25, 19.75, 9999.0, 9999.0, 9999.0, 118.75, 122.75, 118.0, 102.0, 133.5
2023-04-06, 17:53:48, 131.0, 51.25, 19.0, 26.0, 9999.0, 1.25, 1.25, 19.75, 9999.0, 9999.0, 9999.0, 118.5, 122.75, 118.25, 102.0, 133.5
2023-04-06, 17:53:52, 130.75, 51.25, 19.0, 26.0, 9999.0, 1.25, 1.25, 19.5, 9999.0, 9999.0, 9999.0, 119.25, 122.75, 118.0, 102.0, 133.5
2023-04-06, 17:53:56, 130.75, 51.0, 18.0, 25.5, 9999.0, 0.25, 1.25, 19.75, 9999.0, 9999.0, 9999.0, 119.25, 122.75, 118.25, 102.0, 133.5
2023-04-06, 17:54:00, 131.0, 51.25, 18.75, 26.0, 9999.0, 1.25, 1.25, 19.75, 9999.0, 9999.0, 9999.0, 119.25, 122.75, 118.0, 101.75, 133.5
2023-04-06, 17:54:04, 131.0, 51.25, 18.75, 25.75, 9999.0, 1.25, 1.25, 19.5, 9999.0, 9999.0, 9999.0, 119.25, 122.75, 118.0, 101.75, 133.5
2023-04-06, 17:54:08, 130.75, 51.25, 18.75, 25.75, 9999.0, 1.0, 1.5, 19.5, 9999.0, 9999.0, 9999.0, 119.0, 122.75, 118.0, 102.0, 133.5
2023-04-06, 17:54:12, 130.75, 50.25, 18.75, 24.5, 9999.0, 1.0, 1.5, 19.5, 9999.0, 9999.0, 9999.0, 119.0, 122.5, 118.0, 102.0, 133.5
2023-04-06, 17:54:16, 130.75, 51.25, 18.75, 26.0, 9999.0, 1.0, 1.25, 19.5, 9999.0, 9999.0, 9999.0, 119.0, 122.5, 118.0, 102.0, 133.5
2023-04-06, 17:54:20, 130.75, 51.25, 18.75, 26.0, 9999.0, 1.0, 1.25, 19.75, 9999.0, 9999.0, 9999.0, 119.0, 122.75, 118.0, 101.75, 133.5
2023-04-06, 17:54:24, 131.0, 51.25, 19.0, 26.0, 9999.0, 1.0, 1.25, 19.5, 9999.0, 9999.0, 9999.0, 119.0, 122.75, 118.0, 101.75, 133.25
2023-04-06, 17:54:28, 130.0, 51.0, 17.5, 24.25, 9999.0, 1.0, 1.5, 19.5, 9999.0, 9999.0, 9999.0, 119.0, 122.75, 118.25, 102.0, 133.5
2023-04-06, 17:54:32, 130.75, 51.25, 19.0, 26.0, 9999.0, 1.0, 1.25, 19.5, 9999.0, 9999.0, 9999.0, 119.0, 122.75, 118.0, 102.0, 133.5
2023-04-06, 17:54:36, 130.75, 51.25, 18.75, 26.0, 9999.0, 1.0, 1.5, 19.75, 9999.0, 9999.0, 9999.0, 119.0, 122.75, 118.0, 101.75, 133.5
2023-04-06, 17:54:40, 130.75, 51.25, 18.75, 25.75, 9999.0, 1.0, 1.25, 19.75, 9999.0, 9999.0, 9999.0, 118.75, 122.75, 118.0, 102.0, 132.25
2023-04-06, 17:54:44, 130.75, 50.25, 13.25, 26.0, 9999.0, 1.0, 1.25, 19.5, 9999.0, 9999.0, 9999.0, 118.75, 122.75, 118.0, 102.0, 133.75
2023-04-06, 17:54:48, 131.0, 51.25, 18.75, 26.0, 9999.0, 1.0, 1.25, 19.5, 9999.0, 9999.0, 9999.0, 118.75, 122.75, 118.0, 102.0, 133.5
2023-04-06, 17:54:52, 130.75, 51.0, 19.0, 26.0, 9999.0, 1.25, 1.25, 19.5, 9999.0, 9999.0, 9999.0, 118.75, 122.75, 118.0, 102.0, 133.5
2023-04-06, 17:54:56, 130.75, 51.25, 19.0, 25.75, 9999.0, 1.25, 1.25, 19.5, 9999.0, 9999.0, 9999.0, 118.5, 122.5, 118.0, 100.75, 133.0
2023-04-06, 17:55:00, 130.0, 46.5, 18.75, 26.0, 9999.0, 1.25, 1.25, 19.5, 9999.0, 9999.0, 9999.0, 118.5, 122.75, 118.0, 102.0, 133.5
2023-04-06, 17:55:04, 131.0, 51.25, 18.75, 26.0, 9999.0, 1.25, 1.5, 19.5, 9999.0, 9999.0, 9999.0, 118.5, 122.75, 118.25, 102.0, 133.5
2023-04-06, 17:55:08, 130.75, 51.25, 18.75, 26.0, 9999.0, 1.25, 1.25, 19.5, 9999.0, 9999.0, 9999.0, 118.5, 122.75, 118.25, 101.75, 133.5
2023-04-06, 17:55:12, 130.75, 51.25, 18.75, 26.0, 9999.0, 1.25, 1.25, 19.5, 9999.0, 9999.0, 9999.0, 119.25, 122.75, 117.5, 101.5, 132.5
2023-04-06, 17:55:16, 129.75, 50.75, 18.75, 26.0, 9999.0, 1.25, 1.25, 19.5, 9999.0, 9999.0, 9999.0, 119.25, 122.75, 118.0, 102.0, 133.5
2023-04-06, 17:55:20, 130.75, 51.25, 18.75, 26.0, 9999.0, 1.25, 1.25, 19.5, 9999.0, 9999.0, 9999.0, 119.25, 122.75, 118.25, 102.0, 133.5
2023-04-06, 17:55:24, 130.75, 51.25, 18.75, 25.75, 9999.0, 1.25, 1.25, 19.5, 9999.0, 9999.0, 9999.0, 119.0, 122.75, 118.0, 102.0, 133.5
2023-04-06, 17:55:28, 131.0, 51.0, 18.75, 26.0, 9999.0, 1.0, 1.25, 19.5, 9999.0, 9999.0, 9999.0, 119.0, 122.5, 117.25, 101.75, 132.0
2023-04-06, 17:55:32, 129.75, 51.25, 18.75, 26.0, 9999.0, 1.0, 1.25, 19.5, 9999.0, 9999.0, 9999.0, 119.0, 122.5, 118.0, 102.0, 133.5
2023-04-06, 17:55:36, 130.75, 51.25, 18.75, 26.0, 9999.0, 1.0, 1.25, 19.5, 9999.0, 9999.0, 9999.0, 119.0, 122.5, 118.0, 101.75, 133.5
2023-04-06, 17:55:40, 130.75, 51.25, 18.75, 26.0, 9999.0, 1.0, 1.25, 19.5, 9999.0, 9999.0, 9999.0, 119.0, 122.75, 118.0, 102.0, 133.5
2023-04-06, 17:55:44, 130.75, 51.25, 18.75, 26.0, 9999.0, 1.0, 1.25, 19.5, 9999.0, 9999.0, 9999.0, 119.0, 121.5, 118.0, 101.25, 132.0
2023-04-06, 17:55:48, 130.75, 51.25, 18.75, 26.0, 9999.0, 1.25, 1.25, 19.5, 9999.0, 9999.0, 9999.0, 119.0, 122.75, 118.0, 102.0, 133.5
2023-04-06, 17:55:52, 130.75, 51.25, 19.0, 26.0, 9999.0, 1.0, 1.25, 19.5, 9999.0, 9999.0, 9999.0, 119.0, 122.75, 118.0, 102.0, 133.5
2023-04-06, 17:55:56, 130.75, 51.25, 18.75, 26.0, 9999.0, 1.0, 1.25, 19.5, 9999.0, 9999.0, 9999.0, 119.0, 122.75, 118.0, 101.75, 133.5
2023-04-06, 17:56:01, 130.5, 51.0, 19.0, 26.0, 9999.0, 1.0, 1.25, 19.5, 9999.0, 9999.0, 9999.0, 117.0, 122.0, 116.75, 99.75, 132.5
2023-04-06, 17:56:05, 130.75, 51.25, 19.0, 26.0, 9999.0, 1.0, 1.25, 19.5, 9999.0, 9999.0, 9999.0, 118.75, 122.75, 118.0, 102.0, 133.25
2023-04-06, 17:56:09, 130.75, 51.25, 19.0, 26.0, 9999.0, 0.75, 1.5, 19.5, 9999.0, 9999.0, 9999.0, 118.75, 122.75, 118.0, 102.0, 133.5
2023-04-06, 17:56:13, 130.75, 51.25, 19.0, 26.0, 9999.0, 1.25, 1.25, 19.75, 9999.0, 9999.0, 9999.0, 118.75, 122.75, 118.25, 101.75, 133.25
2023-04-06, 17:56:17, 130.75, 51.0, 19.0, 26.0, 9999.0, 1.25, 1.25, 19.5, 9999.0, 9999.0, 9999.0, 117.75, 122.25, 117.0, 101.5, 133.5
2023-04-06, 17:56:21, 130.75, 51.25, 19.0, 26.0, 9999.0, 1.0, 1.25, 19.5, 9999.0, 9999.0, 9999.0, 118.75, 122.75, 118.25, 101.75, 133.5
2023-04-06, 17:56:25, 131.0, 51.0, 19.0, 26.0, 9999.0, 1.25, 1.25, 19.5, 9999.0, 9999.0, 9999.0, 118.5, 122.75, 118.25, 102.0, 133.5
2023-04-06, 17:56:29, 130.75, 51.25, 19.0, 26.0, 9999.0, 1.25, 1.25, 19.5, 9999.0, 9999.0, 9999.0, 118.5, 122.75, 118.0, 101.75, 133.5
2023-04-06, 17:56:33, 130.75, 51.0, 19.0, 26.0, 9999.0, 1.25, 1.25, 19.5, 9999.0, 9999.0, 9999.0, 119.0, 121.25, 116.75, 101.75, 133.5
2023-04-06, 17:56:37, 131.0, 51.25, 19.0, 26.0, 9999.0, 1.25, 1.25, 19.5, 9999.0, 9999.0, 9999.0, 119.25, 122.75, 118.0, 102.0, 133.5
2023-04-06, 17:56:41, 131.0, 51.25, 19.0, 26.0, 9999.0, 1.25, 1.5, 19.5, 9999.0, 9999.0, 9999.0, 119.25, 122.5, 118.0, 101.75, 133.5
2023-04-06, 17:56:45, 130.75, 51.0, 19.0, 26.0, 9999.0, 1.25, 1.5, 19.5, 9999.0, 9999.0, 9999.0, 119.0, 122.75, 118.0, 101.75, 133.5
2023-04-06, 17:56:49, 130.75, 51.0, 18.75, 26.0, 9999.0, 1.25, 1.25, 19.5, 9999.0, 9999.0, 9999.0, 118.0, 118.75, 118.0, 102.0, 133.5
2023-04-06, 17:56:53, 130.75, 51.25, 19.0, 25.75, 9999.0, 1.0, 1.5, 19.5, 9999.0, 9999.0, 9999.0, 119.0, 122.75, 118.0, 102.0, 133.5
2023-04-06, 17:56:57, 130.75, 51.25, 19.0, 25.75, 9999.0, 1.0, 1.25, 19.5, 9999.0, 9999.0, 9999.0, 119.0, 122.75, 118.0, 102.0, 133.5
2023-04-06, 17:57:01, 130.75, 51.25, 18.75, 25.75, 9999.0, 1.0, 1.5, 19.5, 9999.0, 9999.0, 9999.0, 119.0, 123.0, 118.0, 102.0, 133.5
2023-04-06, 17:57:05, 130.75, 51.25, 18.75, 25.75, 9999.0, 1.0, 1.25, 19.5, 9999.0, 9999.0, 9999.0, 116.25, 122.25, 118.0, 102.0, 133.5
2023-04-06, 17:57:09, 130.75, 51.25, 19.0, 25.75, 9999.0, 1.0, 1.25, 19.75, 9999.0, 9999.0, 9999.0, 119.0, 122.75, 118.25, 101.75, 133.5
2023-04-06, 17:57:13, 130.75, 51.25, 18.75, 26.0, 9999.0, 1.0, 1.25, 19.5, 9999.0, 9999.0, 9999.0, 119.0, 122.75, 118.0, 102.0, 133.5
2023-04-06, 17:57:17, 130.75, 51.25, 19.0, 26.0, 9999.0, 1.0, 1.25, 19.5, 9999.0, 9999.0, 9999.0, 118.75, 122.5, 118.0, 102.0, 133.5
2023-04-06, 17:57:21, 130.75, 51.25, 18.75, 26.0, 9999.0, 1.0, 1.25, 19.0, 9999.0, 9999.0, 9999.0, 118.5, 122.75, 118.0, 101.75, 133.5
2023-04-06, 17:57:25, 130.75, 51.25, 18.75, 26.0, 9999.0, 0.75, 1.25, 19.75, 9999.0, 9999.0, 9999.0, 118.75, 122.75, 118.0, 101.75, 133.5
2023-04-06, 17:57:29, 130.75, 51.0, 19.0, 26.0, 9999.0, 1.0, 1.25, 19.5, 9999.0, 9999.0, 9999.0, 118.75, 122.75, 118.0, 101.75, 133.5
2023-04-06, 17:57:33, 130.5, 51.0, 19.0, 26.0, 9999.0, 1.25, 1.25, 19.5, 9999.0, 9999.0, 9999.0, 118.5, 122.75, 118.25, 102.0, 133.5
2023-04-06, 17:57:37, 130.75, 51.25, 19.0, 26.0, 9999.0, 1.0, 0.5, 18.75, 9999.0, 9999.0, 9999.0, 118.5, 122.75, 118.25, 102.0, 133.5
2023-04-06, 17:57:41, 130.75, 51.25, 19.0, 26.0, 9999.0, 1.0, 1.25, 19.5, 9999.0, 9999.0, 9999.0, 118.5, 122.75, 118.0, 102.0, 133.5
2023-04-06, 17:57:45, 130.75, 51.0, 19.0, 25.75, 9999.0, 1.25, 1.25, 19.5, 9999.0, 9999.0, 9999.0, 118.5, 122.75, 118.0, 101.75, 133.5
2023-04-06, 17:57:49, 130.75, 51.25, 19.0, 25.75, 9999.0, 1.25, 1.25, 19.5, 9999.0, 9999.0, 9999.0, 118.5, 122.75, 118.0, 101.75, 133.5
2023-04-06, 17:57:53, 130.75, 51.25, 18.75, 26.0, 9999.0, 1.25, 0.25, 19.25, 9999.0, 9999.0, 9999.0, 119.25, 122.75, 118.0, 102.0, 133.5
2023-04-06, 17:57:57, 130.75, 51.25, 19.0, 25.75, 9999.0, 1.25, 1.25, 19.75, 9999.0, 9999.0, 9999.0, 119.25, 122.75, 118.25, 101.75, 133.5
2023-04-06, 17:58:01, 130.75, 51.25, 19.0, 25.75, 9999.0, 1.25, 1.25, 19.5, 9999.0, 9999.0, 9999.0, 119.25, 122.75, 118.0, 101.75, 133.5
2023-04-06, 17:58:05, 130.75, 51.0, 18.75, 26.0, 9999.0, 1.25, 1.25, 19.5, 9999.0, 9999.0, 9999.0, 119.0, 122.5, 118.25, 101.75, 133.5
2023-04-06, 17:58:09, 130.75, 51.25, 18.75, 25.75, 9999.0, -0.5, 1.0, 18.5, 9999.0, 9999.0, 9999.0, 119.0, 122.5, 118.25, 102.0, 133.5
2023-04-06, 17:58:13, 130.75, 51.25, 18.75, 26.0, 9999.0, 1.0, 1.25, 19.5, 9999.0, 9999.0, 9999.0, 119.0, 122.5, 118.0, 102.0, 133.5
2023-04-06, 17:58:17, 130.75, 51.25, 18.75, 26.0, 9999.0, 1.0, 1.25, 19.5, 9999.0, 9999.0, 9999.0, 119.0, 122.5, 118.0, 102.0, 133.5
2023-04-06, 17:58:21, 130.5, 51.25, 18.75, 26.0, 9999.0, 1.0, 1.25, 19.5, 9999.0, 9999.0, 9999.0, 119.0, 122.75, 118.25, 102.0, 133.5
2023-04-06, 17:58:25, 130.75, 51.0, 18.75, 25.75, 9999.0, 0.75, 0.0, 16.25, 9999.0, 9999.0, 9999.0, 119.0, 122.75, 118.0, 101.75, 133.5
2023-04-06, 17:58:29, 130.75, 51.0, 18.75, 25.75, 9999.0, 1.0, 1.25, 19.75, 9999.0, 9999.0, 9999.0, 119.0, 122.75, 118.25, 102.0, 133.5
2023-04-06, 17:58:33, 130.75, 51.25, 19.0, 26.0, 9999.0, 1.0, 1.25, 19.5, 9999.0, 9999.0, 9999.0, 119.0, 122.75, 118.0, 102.0, 133.5
2023-04-06, 17:58:37, 130.75, 51.25, 18.75, 26.0, 9999.0, 1.0, 1.25, 19.5, 9999.0, 9999.0, 9999.0, 118.75, 122.75, 118.0, 101.75, 133.5
2023-04-06, 17:58:41, 130.75, 51.0, 18.75, 25.0, 9999.0, -0.25, 0.25, 19.0, 9999.0, 9999.0, 9999.0, 118.75, 122.75, 118.0, 102.0, 133.5
2023-04-06, 17:58:45, 130.75, 51.25, 18.75, 25.75, 9999.0, 1.0, 1.25, 19.75, 9999.0, 9999.0, 9999.0, 118.75, 122.75, 118.25, 102.0, 133.5
2023-04-06, 17:58:49, 130.75, 51.25, 18.75, 25.75, 9999.0, 1.0, 1.25, 19.75, 9999.0, 9999.0, 9999.0, 118.75, 122.75, 118.25, 102.0, 133.5
2023-04-06, 17:58:53, 130.75, 51.25, 18.75, 26.0, 9999.0, 1.0, 1.25, 19.5, 9999.0, 9999.0, 9999.0, 118.75, 122.75, 118.0, 102.0, 133.5
2023-04-06, 17:58:57, 130.75, 51.0, 18.75, 25.0, 9999.0, 0.25, -0.25, 19.5, 9999.0, 9999.0, 9999.0, 118.75, 122.75, 118.25, 102.0, 133.5
2023-04-06, 17:59:01, 130.75, 51.25, 18.75, 26.0, 9999.0, 1.25, 1.25, 19.75, 9999.0, 9999.0, 9999.0, 118.75, 122.5, 118.0, 101.75, 133.5
2023-04-06, 17:59:05, 130.75, 51.25, 19.0, 26.0, 9999.0, 1.25, 1.25, 19.5, 9999.0, 9999.0, 9999.0, 118.5, 122.5, 118.25, 102.0, 133.5
2023-04-06, 17:59:09, 130.75, 51.25, 19.0, 25.75, 9999.0, 1.25, 1.25, 19.25, 9999.0, 9999.0, 9999.0, 119.25, 122.75, 118.0, 102.0, 133.5
2023-04-06, 17:59:13, 130.75, 51.0, 17.75, 25.5, 9999.0, -4.5, 1.25, 19.5, 9999.0, 9999.0, 9999.0, 119.25, 122.75, 118.0, 102.0, 133.5
2023-04-06, 17:59:17, 130.75, 51.25, 18.75, 26.0, 9999.0, 1.25, 1.5, 19.5, 9999.0, 9999.0, 9999.0, 119.0, 122.75, 118.0, 101.75, 133.5
2023-04-06, 17:59:21, 130.75, 51.25, 19.0, 26.0, 9999.0, 1.25, 1.25, 19.5, 9999.0, 9999.0, 9999.0, 119.0, 122.75, 118.0, 102.0, 133.5
2023-04-06, 17:59:25, 130.75, 51.25, 19.0, 26.0, 9999.0, 1.25, 1.25, 19.5, 9999.0, 9999.0, 9999.0, 119.0, 122.5, 118.0, 102.0, 133.5
2023-04-06, 17:59:29, 130.75, 50.25, 18.75, 24.75, 9999.0, 1.0, 1.25, 19.5, 9999.0, 9999.0, 9999.0, 119.0, 122.75, 118.0, 102.0, 133.5
2023-04-06, 17:59:33, 130.75, 51.25, 18.75, 26.0, 9999.0, 1.0, 1.25, 19.5, 9999.0, 9999.0, 9999.0, 119.0, 122.75, 118.0, 102.0, 133.5
2023-04-06, 17:59:37, 130.75, 51.25, 18.75, 26.0, 9999.0, 1.0, 1.25, 19.5, 9999.0, 9999.0, 9999.0, 119.0, 122.5, 118.0, 102.0, 133.5
2023-04-06, 17:59:41, 130.75, 51.25, 18.75, 26.0, 9999.0, 1.0, 1.25, 19.5, 9999.0, 9999.0, 9999.0, 119.0, 122.75, 118.0, 102.0, 133.5
2023-04-06, 17:59:45, 129.5, 51.0, 18.25, 20.75, 9999.0, 1.0, 1.25, 19.5, 9999.0, 9999.0, 9999.0, 119.0, 122.75, 118.0, 102.0, 133.5
2023-04-06, 17:59:49, 130.75, 51.0, 18.75, 26.0, 9999.0, 1.0, 1.25, 19.5, 9999.0, 9999.0, 9999.0, 119.0, 122.75, 118.0, 102.0, 133.5
2023-04-06, 17:59:53, 130.75, 51.25, 19.0, 26.0, 9999.0, 1.0, 1.25, 19.5, 9999.0, 9999.0, 9999.0, 119.0, 122.75, 118.0, 102.0, 133.5
2023-04-06, 17:59:57, 130.75, 51.25, 19.0, 26.0, 9999.0, 1.0, 1.25, 19.5, 9999.0, 9999.0, 9999.0, 118.75, 122.75, 118.0, 102.0, 131.5
2023-04-06, 18:00:01, 130.75, 50.0, 14.5, 26.0, 9999.0, 1.0, 1.25, 19.75, 9999.0, 9999.0, 9999.0, 119.0, 122.75, 118.0, 102.0, 133.5
2023-04-06, 18:00:05, 130.75, 51.25, 18.75, 26.0, 9999.0, 1.0, 1.25, 19.75, 9999.0, 9999.0, 9999.0, 118.75, 122.75, 118.0, 102.0, 133.5
2023-04-06, 18:00:09, 130.75, 51.25, 18.75, 26.0, 9999.0, 1.0, 1.25, 19.5, 9999.0, 9999.0, 9999.0, 118.75, 122.75, 118.25, 102.0, 133.5
2023-04-06, 18:00:13, 130.75, 51.25, 18.75, 25.75, 9999.0, 1.0, 1.25, 19.5, 9999.0, 9999.0, 9999.0, 118.75, 122.75, 118.0, 100.75, 133.25
2023-04-06, 18:00:17, 130.0, 46.25, 18.75, 25.5, 9999.0, 1.25, 1.25, 19.5, 9999.0, 9999.0, 9999.0, 118.75, 122.75, 118.0, 101.75, 133.5
2023-04-06, 18:00:21, 130.75, 51.25, 18.75, 25.75, 9999.0, 1.25, 1.25, 19.5, 9999.0, 9999.0, 9999.0, 118.5, 122.75, 118.0, 102.0, 133.5
2023-04-06, 18:00:25, 130.75, 51.25, 18.75, 26.0, 9999.0, 1.25, 1.25, 19.5, 9999.0, 9999.0, 9999.0, 118.5, 122.75, 118.0, 102.0, 133.5
2023-04-06, 18:00:30, 130.75, 51.25, 18.75, 26.0, 9999.0, 1.25, 1.25, 19.5, 9999.0, 9999.0, 9999.0, 119.25, 122.75, 116.5, 101.75, 132.0
2023-04-06, 18:00:34, 128.25, 51.0, 19.0, 26.0, 9999.0, 1.25, 1.25, 19.5, 9999.0, 9999.0, 9999.0, 119.25, 122.75, 118.0, 102.0, 133.5
2023-04-06, 18:00:38, 130.75, 51.25, 18.75, 26.0, 9999.0, 1.25, 1.25, 19.75, 9999.0, 9999.0, 9999.0, 119.25, 122.75, 118.0, 102.0, 133.5
2023-04-06, 18:00:42, 130.75, 51.25, 18.75, 26.0, 9999.0, 1.25, 1.25, 19.5, 9999.0, 9999.0, 9999.0, 119.25, 122.75, 118.25, 102.0, 133.5
2023-04-06, 18:00:46, 130.75, 51.0, 18.75, 25.75, 9999.0, 1.25, 1.5, 19.5, 9999.0, 9999.0, 9999.0, 119.0, 121.25, 117.75, 101.0, 129.25
2023-04-06, 18:00:50, 130.75, 51.25, 18.75, 26.0, 9999.0, 1.25, 1.25, 19.75, 9999.0, 9999.0, 9999.0, 119.0, 122.75, 118.0, 101.75, 133.5
2023-04-06, 18:00:54, 130.75, 51.25, 19.0, 26.0, 9999.0, 1.25, 1.5, 19.5, 9999.0, 9999.0, 9999.0, 119.0, 122.75, 118.0, 102.0, 133.5
2023-04-06, 18:00:58, 130.75, 51.25, 19.0, 26.0, 9999.0, 1.0, 1.25, 19.5, 9999.0, 9999.0, 9999.0, 119.0, 122.75, 118.0, 102.0, 133.5
2023-04-06, 18:01:02, 130.75, 51.0, 19.0, 26.0, 9999.0, 1.0, 1.25, 19.5, 9999.0, 9999.0, 9999.0, 117.25, 122.25, 116.75, 100.0, 133.5
2023-04-06, 18:01:06, 130.75, 51.25, 19.0, 26.0, 9999.0, 1.0, 1.25, 19.5, 9999.0, 9999.0, 9999.0, 119.0, 123.0, 118.0, 102.0, 133.5
2023-04-06, 18:01:10, 131.0, 51.25, 19.0, 26.0, 9999.0, 1.0, 1.25, 19.75, 9999.0, 9999.0, 9999.0, 119.0, 123.0, 118.0, 102.0, 133.5
2023-04-06, 18:01:14, 131.0, 51.25, 19.0, 26.0, 9999.0, 1.0, 1.25, 19.75, 9999.0, 9999.0, 9999.0, 119.0, 123.0, 118.0, 102.0, 133.5
2023-04-06, 18:01:18, 130.75, 51.25, 19.0, 26.0, 9999.0, 1.0, 1.25, 19.75, 9999.0, 9999.0, 9999.0, 119.0, 123.0, 118.0, 101.75, 133.5
2023-04-06, 18:01:22, 130.75, 51.25, 18.75, 26.0, 9999.0, 1.0, 1.25, 19.75, 9999.0, 9999.0, 9999.0, 118.75, 122.75, 118.0, 102.0, 133.5
2023-04-06, 18:01:26, 130.75, 51.25, 19.0, 26.0, 9999.0, 1.0, 1.25, 19.5, 9999.0, 9999.0, 9999.0, 118.75, 123.0, 118.0, 102.0, 133.5
2023-04-06, 18:01:30, 130.75, 51.25, 19.0, 26.0, 9999.0, 1.0, 1.25, 19.5, 9999.0, 9999.0, 9999.0, 118.75, 123.0, 118.25, 102.0, 133.75
2023-04-06, 18:01:34, 130.75, 51.25, 19.0, 26.0, 9999.0, 1.25, 1.5, 19.75, 9999.0, 9999.0, 9999.0, 118.75, 122.75, 118.0, 102.0, 133.5
2023-04-06, 18:01:38, 130.75, 51.25, 19.0, 26.0, 9999.0, 1.25, 1.25, 19.75, 9999.0, 9999.0, 9999.0, 118.75, 122.75, 118.25, 102.0, 133.75
2023-04-06, 18:01:42, 130.75, 51.25, 19.0, 26.0, 9999.0, 1.0, 1.25, 19.5, 9999.0, 9999.0, 9999.0, 118.5, 122.75, 118.0, 102.0, 133.75
2023-04-06, 18:01:46, 130.75, 51.25, 19.0, 26.0, 9999.0, 1.25, 1.5, 19.75, 9999.0, 9999.0, 9999.0, 118.5, 122.75, 118.0, 102.0, 133.5
2023-04-06, 18:01:50, 130.75, 51.25, 19.0, 26.0, 9999.0, 1.25, 1.5, 19.5, 9999.0, 9999.0, 9999.0, 118.5, 122.75, 118.0, 102.0, 133.5
2023-04-06, 18:01:54, 130.75, 51.25, 19.0, 26.0, 9999.0, 1.25, 1.5, 19.5, 9999.0, 9999.0, 9999.0, 119.25, 122.75, 118.0, 102.0, 133.5
2023-04-06, 18:01:58, 130.75, 51.5, 19.0, 25.75, 9999.0, 1.25, 1.25, 19.75, 9999.0, 9999.0, 9999.0, 119.25, 122.75, 118.0, 102.0, 133.75
2023-04-06, 18:02:02, 131.0, 51.25, 19.0, 25.75, 9999.0, 1.25, 1.25, 19.5, 9999.0, 9999.0, 9999.0, 119.25, 122.75, 118.25, 102.0, 133.5
2023-04-06, 18:02:06, 131.0, 51.25, 19.0, 26.0, 9999.0, 1.25, 1.5, 19.5, 9999.0, 9999.0, 9999.0, 119.0, 122.75, 118.0, 102.0, 133.5
2023-04-06, 18:02:10, 130.75, 51.25, 18.75, 26.0, 9999.0, 1.25, 1.5, 19.75, 9999.0, 9999.0, 9999.0, 119.0, 122.75, 118.0, 102.0, 133.5
2023-04-06, 18:02:14, 130.75, 51.25, 18.75, 26.0, 9999.0, 1.25, 1.25, 19.5, 9999.0, 9999.0, 9999.0, 119.0, 122.75, 118.0, 102.0, 133.5
2023-04-06, 18:02:18, 131.0, 51.25, 18.75, 26.0, 9999.0, 1.0, 1.5, 19.75, 9999.0, 9999.0, 9999.0, 119.0, 122.75, 118.0, 102.0, 133.75
2023-04-06, 18:02:22, 130.75, 51.25, 18.75, 25.75, 9999.0, 1.0, 1.25, 19.5, 9999.0, 9999.0, 9999.0, 119.0, 123.0, 118.0, 102.0, 133.5
2023-04-06, 18:02:26, 131.0, 51.5, 19.0, 26.0, 9999.0, 1.0, 1.5, 19.75, 9999.0, 9999.0, 9999.0, 119.0, 123.0, 118.0, 102.0, 133.75
2023-04-06, 18:02:30, 131.0, 51.25, 19.0, 25.75, 9999.0, 1.0, 1.25, 19.5, 9999.0, 9999.0, 9999.0, 119.0, 123.0, 118.0, 102.0, 133.75
2023-04-06, 18:02:34, 131.0, 51.25, 18.75, 26.0, 9999.0, 1.0, 1.5, 19.75, 9999.0, 9999.0, 9999.0, 119.0, 123.0, 118.0, 102.0, 133.5
2023-04-06, 18:02:38, 131.0, 51.25, 19.0, 26.0, 9999.0, 1.0, 1.25, 19.75, 9999.0, 9999.0, 9999.0, 119.0, 123.0, 118.0, 102.0, 133.75
2023-04-06, 18:02:42, 130.75, 51.25, 18.75, 26.0, 9999.0, 1.0, 1.5, 19.5, 9999.0, 9999.0, 9999.0, 118.75, 123.0, 118.0, 102.0, 133.75
2023-04-06, 18:02:46, 131.0, 51.25, 18.75, 26.0, 9999.0, 1.0, 1.25, 19.75, 9999.0, 9999.0, 9999.0, 119.0, 123.0, 118.25, 102.0, 133.75
2023-04-06, 18:02:50, 130.75, 51.25, 18.75, 26.0, 9999.0, 1.0, 1.25, 19.75, 9999.0, 9999.0, 9999.0, 118.75, 123.0, 118.25, 102.0, 133.75
2023-04-06, 18:02:54, 131.0, 51.25, 18.75, 25.75, 9999.0, 1.25, 1.25, 19.5, 9999.0, 9999.0, 9999.0, 118.75, 122.75, 118.0, 102.0, 133.75
2023-04-06, 18:02:58, 130.75, 50.75, 18.0, 25.0, 9999.0, 0.75, 1.25, 19.5, 9999.0, 9999.0, 9999.0, 118.75, 123.0, 118.25, 102.0, 133.75
2023-04-06, 18:03:02, 131.0, 51.25, 19.0, 26.0, 9999.0, 1.0, 1.25, 19.5, 9999.0, 9999.0, 9999.0, 118.75, 122.75, 118.0, 102.0, 133.5
2023-04-06, 18:03:06, 131.0, 51.25, 19.0, 26.0, 9999.0, 1.25, 1.5, 19.75, 9999.0, 9999.0, 9999.0, 118.75, 122.75, 118.0, 102.0, 133.5
2023-04-06, 18:03:10, 131.0, 51.25, 19.0, 26.0, 9999.0, 1.25, 1.25, 19.5, 9999.0, 9999.0, 9999.0, 118.5, 122.75, 118.0, 102.0, 133.5
2023-04-06, 18:03:14, 130.75, 50.5, 18.5, 24.25, 9999.0, 1.5, 1.5, 19.5, 9999.0, 9999.0, 9999.0, 119.25, 122.75, 118.25, 102.0, 133.75
2023-04-06, 18:03:18, 131.0, 51.25, 19.0, 26.0, 9999.0, 1.25, 1.5, 19.75, 9999.0, 9999.0, 9999.0, 119.25, 122.75, 118.0, 102.0, 133.5
2023-04-06, 18:03:22, 130.75, 51.25, 18.75, 26.0, 9999.0, 1.25, 1.25, 19.75, 9999.0, 9999.0, 9999.0, 119.25, 122.75, 118.0, 102.0, 133.5
2023-04-06, 18:03:26, 130.75, 51.25, 18.75, 26.0, 9999.0, 1.25, 1.5, 19.75, 9999.0, 9999.0, 9999.0, 119.25, 122.75, 118.0, 102.0, 132.75
2023-04-06, 18:03:30, 130.0, 50.5, 17.75, 25.25, 9999.0, 1.25, 1.5, 19.5, 9999.0, 9999.0, 9999.0, 119.25, 122.75, 118.25, 102.0, 133.5
2023-04-06, 18:03:34, 131.0, 51.25, 19.0, 26.0, 9999.0, 1.25, 1.5, 19.75, 9999.0, 9999.0, 9999.0, 119.0, 122.75, 118.0, 102.0, 133.5
2023-04-06, 18:03:38, 130.75, 51.25, 18.75, 26.0, 9999.0, 1.0, 1.5, 19.5, 9999.0, 9999.0, 9999.0, 119.0, 123.0, 118.0, 101.75, 133.5
2023-04-06, 18:03:42, 131.0, 51.25, 18.75, 26.0, 9999.0, 1.0, 1.25, 19.75, 9999.0, 9999.0, 9999.0, 119.0, 123.0, 118.0, 101.75, 132.5
2023-04-06, 18:03:46, 130.5, 49.75, 18.25, 26.0, 9999.0, 1.25, 1.25, 19.75, 9999.0, 9999.0, 9999.0, 119.0, 123.0, 118.25, 102.0, 133.75
2023-04-06, 18:03:50, 131.0, 51.25, 19.0, 26.0, 9999.0, 1.25, 1.5, 19.5, 9999.0, 9999.0, 9999.0, 119.0, 123.0, 118.25, 102.0, 133.75
2023-04-06, 18:03:54, 131.0, 51.25, 18.75, 26.0, 9999.0, 1.25, 1.5, 19.75, 9999.0, 9999.0, 9999.0, 119.0, 123.0, 118.25, 102.0, 133.75
2023-04-06, 18:03:58, 130.75, 51.25, 18.75, 26.0, 9999.0, 1.0, 1.5, 19.75, 9999.0, 9999.0, 9999.0, 119.0, 123.0, 117.5, 101.25, 133.25
2023-04-06, 18:04:02, 129.75, 50.75, 19.0, 26.0, 9999.0, 1.0, 1.25, 19.5, 9999.0, 9999.0, 9999.0, 119.0, 123.0, 118.25, 102.0, 133.75
2023-04-06, 18:04:06, 131.0, 51.25, 19.0, 26.0, 9999.0, 1.0, 1.25, 19.75, 9999.0, 9999.0, 9999.0, 118.75, 123.0, 118.0, 102.0, 133.5
2023-04-06, 18:04:10, 131.0, 51.25, 19.0, 26.0, 9999.0, 1.0, 1.25, 19.75, 9999.0, 9999.0, 9999.0, 118.75, 122.75, 118.25, 102.0, 133.75
2023-04-06, 18:04:14, 130.75, 51.0, 19.0, 25.75, 9999.0, 1.0, 1.25, 19.5, 9999.0, 9999.0, 9999.0, 118.75, 122.75, 117.25, 101.5, 132.0
2023-04-06, 18:04:18, 130.25, 51.25, 19.0, 25.75, 9999.0, 1.25, 1.25, 19.5, 9999.0, 9999.0, 9999.0, 118.5, 122.5, 118.25, 102.0, 133.75
2023-04-06, 18:04:22, 130.75, 51.25, 19.0, 25.75, 9999.0, 1.25, 1.25, 19.5, 9999.0, 9999.0, 9999.0, 118.75, 122.75, 118.25, 102.0, 133.5
2023-04-06, 18:04:26, 131.0, 51.25, 19.0, 25.75, 9999.0, 1.25, 1.5, 19.75, 9999.0, 9999.0, 9999.0, 118.5, 122.75, 118.25, 102.0, 133.5
2023-04-06, 18:04:30, 130.75, 51.25, 18.75, 25.75, 9999.0, 1.25, 1.25, 19.5, 9999.0, 9999.0, 9999.0, 118.0, 121.75, 118.0, 101.0, 132.5
2023-04-06, 18:04:34, 130.75, 51.25, 19.0, 26.0, 9999.0, 1.25, 1.25, 19.75, 9999.0, 9999.0, 9999.0, 119.25, 122.75, 118.25, 102.0, 133.5
2023-04-06, 18:04:38, 131.0, 51.25, 19.0, 26.0, 9999.0, 1.25, 1.25, 19.75, 9999.0, 9999.0, 9999.0, 119.25, 122.75, 118.25, 102.0, 133.75
2023-04-06, 18:04:42, 130.75, 51.25, 18.75, 26.0, 9999.0, 1.25, 1.5, 19.5, 9999.0, 9999.0, 9999.0, 119.25, 122.75, 118.0, 102.0, 133.25
2023-04-06, 18:04:46, 130.75, 51.25, 18.75, 26.0, 9999.0, 1.25, 1.25, 19.5, 9999.0, 9999.0, 9999.0, 118.25, 122.25, 116.75, 101.25, 133.5
2023-04-06, 18:04:50, 130.75, 51.25, 18.75, 26.0, 9999.0, 1.25, 1.5, 19.5, 9999.0, 9999.0, 9999.0, 119.25, 122.75, 118.25, 102.0, 133.5
2023-04-06, 18:04:55, 130.75, 51.25, 19.0, 26.0, 9999.0, 1.0, 1.25, 19.5, 9999.0, 9999.0, 9999.0, 119.0, 122.75, 118.0, 102.0, 133.5
2023-04-06, 18:04:59, 130.75, 51.25, 19.0, 26.0, 9999.0, 1.0, 1.5, 19.75, 9999.0, 9999.0, 9999.0, 119.0, 122.75, 118.0, 101.75, 133.5
2023-04-06, 18:05:03, 130.75, 51.25, 18.75, 26.0, 9999.0, 1.25, 1.25, 19.75, 9999.0, 9999.0, 9999.0, 118.75, 121.75, 117.5, 102.0, 133.5
2023-04-06, 18:05:07, 131.0, 51.25, 19.0, 25.75, 9999.0, 1.0, 1.5, 19.5, 9999.0, 9999.0, 9999.0, 119.0, 123.0, 118.25, 102.0, 133.5
2023-04-06, 18:05:11, 131.0, 51.25, 18.75, 25.75, 9999.0, 1.0, 1.5, 19.75, 9999.0, 9999.0, 9999.0, 119.0, 123.0, 118.25, 102.0, 133.5
2023-04-06, 18:05:15, 130.75, 51.25, 18.75, 25.75, 9999.0, 1.0, 1.5, 19.5, 9999.0, 9999.0, 9999.0, 119.0, 123.0, 118.0, 102.0, 133.5
2023-04-06, 18:05:19, 131.0, 51.25, 18.75, 26.0, 9999.0, 1.0, 1.25, 19.5, 9999.0, 9999.0, 9999.0, 117.5, 121.75, 118.0, 102.0, 133.5
2023-04-06, 18:05:23, 131.0, 51.25, 19.0, 26.0, 9999.0, 1.0, 1.25, 19.75, 9999.0, 9999.0, 9999.0, 119.0, 122.75, 118.0, 102.0, 133.5
2023-04-06, 18:05:27, 131.0, 51.25, 19.0, 25.75, 9999.0, 1.0, 1.25, 19.75, 9999.0, 9999.0, 9999.0, 118.75, 122.75, 118.25, 102.0, 133.5
2023-04-06, 18:05:31, 130.75, 51.25, 19.0, 25.75, 9999.0, 1.0, 1.25, 19.75, 9999.0, 9999.0, 9999.0, 118.75, 122.75, 118.0, 101.75, 133.5
2023-04-06, 18:05:35, 130.75, 51.25, 19.0, 25.5, 9999.0, 1.0, 1.25, 19.5, 9999.0, 9999.0, 9999.0, 118.0, 123.0, 118.25, 102.0, 133.5
2023-04-06, 18:05:39, 131.0, 51.25, 18.75, 25.5, 9999.0, 1.25, 1.25, 19.75, 9999.0, 9999.0, 9999.0, 118.75, 122.75, 118.25, 102.0, 133.5
2023-04-06, 18:05:43, 130.75, 51.25, 18.75, 25.75, 9999.0, 1.25, 1.25, 19.75, 9999.0, 9999.0, 9999.0, 118.75, 122.75, 118.25, 102.0, 133.5
2023-04-06, 18:05:47, 130.75, 51.25, 19.0, 26.0, 9999.0, 1.25, 1.5, 19.75, 9999.0, 9999.0, 9999.0, 118.5, 122.75, 118.0, 102.0, 133.5
2023-04-06, 18:05:51, 131.0, 51.25, 19.0, 26.0, 9999.0, 1.25, 1.25, 18.5, 9999.0, 9999.0, 9999.0, 118.5, 122.75, 118.25, 101.75, 133.5
2023-04-06, 18:05:55, 130.75, 51.25, 19.0, 26.0, 9999.0, 1.25, 1.25, 19.75, 9999.0, 9999.0, 9999.0, 119.25, 122.75, 118.25, 102.0, 133.5
2023-04-06, 18:05:59, 130.75, 51.25, 19.0, 26.0, 9999.0, 1.25, 1.25, 19.75, 9999.0, 9999.0, 9999.0, 119.25, 122.75, 118.25, 101.75, 133.5
2023-04-06, 18:06:03, 131.0, 51.25, 19.0, 25.75, 9999.0, 1.25, 1.25, 19.75, 9999.0, 9999.0, 9999.0, 119.0, 122.75, 118.0, 101.75, 133.5
2023-04-06, 18:06:07, 131.0, 51.25, 18.75, 25.75, 9999.0, 1.25, 0.75, 19.25, 9999.0, 9999.0, 9999.0, 119.25, 122.75, 118.25, 102.0, 133.5
2023-04-06, 18:06:11, 131.0, 51.25, 18.75, 26.0, 9999.0, 1.25, 1.5, 19.75, 9999.0, 9999.0, 9999.0, 119.25, 122.75, 118.25, 102.0, 133.5
2023-04-06, 18:06:15, 130.75, 51.25, 19.0, 26.0, 9999.0, 1.25, 1.5, 19.75, 9999.0, 9999.0, 9999.0, 119.0, 122.75, 118.25, 102.0, 133.5
2023-04-06, 18:06:19, 130.75, 51.25, 19.0, 26.0, 9999.0, 1.25, 1.5, 19.5, 9999.0, 9999.0, 9999.0, 119.0, 122.75, 118.0, 102.0, 133.5
2023-04-06, 18:06:23, 130.75, 51.25, 18.75, 26.0, 9999.0, 0.5, 0.5, 19.0, 9999.0, 9999.0, 9999.0, 119.0, 122.75, 118.25, 102.0, 133.5
2023-04-06, 18:06:27, 131.0, 51.25, 18.75, 25.75, 9999.0, 1.0, 1.5, 19.75, 9999.0, 9999.0, 9999.0, 119.0, 122.75, 118.25, 102.0, 133.5
2023-04-06, 18:06:31, 131.0, 51.25, 18.75, 26.0, 9999.0, 1.0, 1.25, 19.75, 9999.0, 9999.0, 9999.0, 119.0, 123.0, 118.25, 102.0, 133.5
2023-04-06, 18:06:35, 131.0, 51.25, 19.0, 26.0, 9999.0, 1.0, 1.25, 19.75, 9999.0, 9999.0, 9999.0, 118.75, 122.75, 118.25, 102.0, 133.5
2023-04-06, 18:06:39, 130.75, 51.25, 18.75, 26.0, 9999.0, 0.0, 1.0, 18.5, 9999.0, 9999.0, 9999.0, 119.0, 122.75, 118.25, 102.0, 133.75
2023-04-06, 18:06:43, 131.0, 51.25, 19.0, 26.0, 9999.0, 1.0, 1.25, 19.75, 9999.0, 9999.0, 9999.0, 119.0, 122.75, 118.25, 102.0, 133.5
2023-04-06, 18:06:47, 130.75, 51.25, 19.0, 26.0, 9999.0, 1.0, 1.25, 19.5, 9999.0, 9999.0, 9999.0, 118.75, 122.75, 118.25, 101.75, 133.75
2023-04-06, 18:06:51, 130.75, 51.25, 18.75, 25.75, 9999.0, 1.0, 1.25, 19.5, 9999.0, 9999.0, 9999.0, 118.75, 122.75, 118.25, 102.0, 133.5
2023-04-06, 18:06:55, 130.75, 51.25, 18.75, 25.75, 9999.0, 0.75, 0.0, 17.25, 9999.0, 9999.0, 9999.0, 118.75, 122.75, 118.25, 102.0, 133.5
2023-04-06, 18:06:59, 131.0, 51.25, 19.0, 25.75, 9999.0, 1.25, 1.25, 19.5, 9999.0, 9999.0, 9999.0, 118.75, 122.75, 118.25, 102.0, 133.5
2023-04-06, 18:07:03, 130.75, 51.25, 19.0, 26.0, 9999.0, 1.0, 1.25, 19.5, 9999.0, 9999.0, 9999.0, 118.75, 122.75, 118.25, 101.75, 133.75
2023-04-06, 18:07:07, 131.0, 51.25, 18.75, 26.0, 9999.0, 1.25, 1.25, 19.75, 9999.0, 9999.0, 9999.0, 118.5, 122.75, 118.25, 101.75, 133.5
2023-04-06, 18:07:11, 131.0, 51.25, 18.75, 24.75, 9999.0, 0.25, -1.75, 19.5, 9999.0, 9999.0, 9999.0, 118.5, 122.75, 118.25, 102.0, 133.5
2023-04-06, 18:07:15, 130.75, 51.25, 19.0, 26.25, 9999.0, 1.25, 1.25, 19.5, 9999.0, 9999.0, 9999.0, 119.25, 122.75, 118.25, 102.0, 133.5
2023-04-06, 18:07:19, 130.75, 51.25, 19.0, 26.0, 9999.0, 1.25, 1.5, 19.75, 9999.0, 9999.0, 9999.0, 119.25, 122.75, 118.25, 102.0, 133.75
2023-04-06, 18:07:23, 130.75, 51.25, 19.0, 26.25, 9999.0, 1.25, 1.5, 19.5, 9999.0, 9999.0, 9999.0, 119.25, 122.75, 118.25, 101.75, 133.5
2023-04-06, 18:07:27, 130.75, 51.25, 17.5, 25.25, 9999.0, -0.75, 0.75, 19.75, 9999.0, 9999.0, 9999.0, 119.25, 122.75, 118.25, 102.0, 133.5
2023-04-06, 18:07:31, 130.75, 51.25, 18.75, 26.25, 9999.0, 1.25, 1.25, 19.75, 9999.0, 9999.0, 9999.0, 119.25, 122.75, 118.25, 102.0, 133.5
2023-04-06, 18:07:35, 130.75, 51.25, 19.0, 26.0, 9999.0, 1.25, 1.25, 19.5, 9999.0, 9999.0, 9999.0, 119.0, 122.75, 118.25, 102.0, 133.5
2023-04-06, 18:07:39, 131.0, 51.25, 19.0, 26.0, 9999.0, 1.25, 1.0, 19.5, 9999.0, 9999.0, 9999.0, 119.0, 122.75, 118.25, 101.75, 133.5
2023-04-06, 18:07:43, 130.75, 51.0, 18.0, 25.5, 9999.0, 0.25, 1.25, 19.5, 9999.0, 9999.0, 9999.0, 119.0, 123.0, 118.25, 102.0, 133.5
2023-04-06, 18:07:47, 130.75, 51.25, 19.0, 26.0, 9999.0, 1.0, 1.25, 19.5, 9999.0, 9999.0, 9999.0, 119.0, 123.0, 118.0, 102.0, 133.5
2023-04-06, 18:07:51, 131.0, 51.25, 19.0, 26.0, 9999.0, 1.0, 1.5, 19.5, 9999.0, 9999.0, 9999.0, 119.0, 123.0, 118.25, 101.75, 133.75
2023-04-06, 18:07:55, 131.0, 51.25, 19.0, 26.0, 9999.0, 0.75, 1.25, 19.5, 9999.0, 9999.0, 9999.0, 119.0, 123.0, 118.25, 101.75, 133.5
2023-04-06, 18:07:59, 130.75, 50.5, 18.25, 24.25, 9999.0, 1.0, 1.25, 19.75, 9999.0, 9999.0, 9999.0, 119.0, 123.0, 118.0, 101.75, 133.5
2023-04-06, 18:08:03, 130.75, 51.25, 18.75, 26.0, 9999.0, 1.0, 1.25, 19.5, 9999.0, 9999.0, 9999.0, 119.0, 122.75, 118.25, 102.0, 133.75
2023-04-06, 18:08:07, 130.75, 51.25, 19.0, 26.0, 9999.0, 1.0, 1.25, 19.5, 9999.0, 9999.0, 9999.0, 119.0, 123.0, 118.25, 101.75, 133.75
2023-04-06, 18:08:11, 131.0, 51.25, 19.0, 26.0, 9999.0, 1.0, 1.25, 19.5, 9999.0, 9999.0, 9999.0, 118.75, 123.0, 118.25, 101.75, 133.5
2023-04-06, 18:08:15, 129.75, 51.0, 17.5, 19.75, 9999.0, 1.0, 1.25, 19.5, 9999.0, 9999.0, 9999.0, 118.75, 123.0, 118.25, 102.0, 133.5
2023-04-06, 18:08:19, 131.0, 51.25, 18.75, 25.75, 9999.0, 1.0, 1.25, 19.5, 9999.0, 9999.0, 9999.0, 118.75, 122.75, 118.25, 102.0, 133.75
2023-04-06, 18:08:23, 131.0, 51.25, 19.0, 25.75, 9999.0, 1.0, 1.25, 19.5, 9999.0, 9999.0, 9999.0, 118.75, 122.75, 118.25, 101.75, 133.75
2023-04-06, 18:08:27, 131.0, 51.25, 19.0, 25.75, 9999.0, 1.25, 1.25, 19.5, 9999.0, 9999.0, 9999.0, 118.75, 122.75, 118.25, 101.75, 131.25
2023-04-06, 18:08:31, 130.25, 49.75, 16.0, 25.75, 9999.0, 1.25, 1.25, 19.5, 9999.0, 9999.0, 9999.0, 118.75, 122.75, 118.25, 101.75, 133.5
2023-04-06, 18:08:35, 131.0, 51.25, 19.0, 26.0, 9999.0, 1.25, 1.25, 19.5, 9999.0, 9999.0, 9999.0, 119.25, 123.0, 118.25, 102.0, 133.5
2023-04-06, 18:08:39, 130.75, 51.25, 19.0, 26.0, 9999.0, 1.25, 1.25, 19.5, 9999.0, 9999.0, 9999.0, 119.25, 122.75, 118.25, 101.75, 133.5
2023-04-06, 18:08:43, 131.0, 51.25, 19.0, 25.75, 9999.0, 1.25, 1.25, 19.5, 9999.0, 9999.0, 9999.0, 119.25, 122.75, 118.25, 100.75, 133.25
2023-04-06, 18:08:47, 129.75, 46.75, 18.75, 25.75, 9999.0, 1.25, 1.5, 19.75, 9999.0, 9999.0, 9999.0, 119.25, 122.75, 118.25, 101.75, 133.5
2023-04-06, 18:08:51, 131.0, 51.25, 18.75, 26.0, 9999.0, 1.0, 1.5, 19.75, 9999.0, 9999.0, 9999.0, 119.0, 122.75, 118.0, 101.75, 133.5
2023-04-06, 18:08:55, 130.75, 51.25, 19.0, 26.0, 9999.0, 1.25, 1.25, 19.5, 9999.0, 9999.0, 9999.0, 119.0, 122.75, 118.25, 102.0, 133.5
2023-04-06, 18:08:59, 130.75, 51.25, 18.75, 26.0, 9999.0, 1.0, 1.25, 19.5, 9999.0, 9999.0, 9999.0, 119.0, 122.75, 116.75, 101.25, 132.0
2023-04-06, 18:09:03, 128.25, 50.75, 18.75, 26.0, 9999.0, 1.0, 1.5, 19.5, 9999.0, 9999.0, 9999.0, 119.0, 123.0, 118.25, 101.75, 133.5
2023-04-06, 18:09:07, 130.75, 51.25, 19.0, 26.0, 9999.0, 1.0, 1.25, 19.5, 9999.0, 9999.0, 9999.0, 119.0, 123.0, 118.25, 101.75, 133.75
2023-04-06, 18:09:11, 130.75, 51.25, 19.0, 26.0, 9999.0, 1.0, 1.25, 19.5, 9999.0, 9999.0, 9999.0, 119.0, 123.0, 118.25, 102.0, 133.5
2023-04-06, 18:09:15, 131.0, 51.0, 19.0, 26.0, 9999.0, 1.0, 1.25, 19.5, 9999.0, 9999.0, 9999.0, 119.0, 121.75, 117.75, 101.0, 132.0
2023-04-06, 18:09:20, 130.75, 51.25, 19.0, 26.0, 9999.0, 1.0, 1.25, 19.75, 9999.0, 9999.0, 9999.0, 119.0, 122.75, 118.25, 102.0, 133.75
2023-04-06, 18:09:24, 131.0, 51.25, 19.0, 26.0, 9999.0, 1.0, 1.25, 19.75, 9999.0, 9999.0, 9999.0, 119.0, 123.0, 118.25, 102.0, 133.5
2023-04-06, 18:09:28, 131.0, 51.25, 19.0, 26.0, 9999.0, 1.0, 1.25, 19.75, 9999.0, 9999.0, 9999.0, 119.0, 123.0, 118.0, 101.75, 133.75
2023-04-06, 18:09:32, 130.75, 51.25, 19.0, 26.0, 9999.0, 1.0, 1.25, 19.5, 9999.0, 9999.0, 9999.0, 117.0, 122.25, 116.75, 99.75, 132.75
2023-04-06, 18:09:36, 130.75, 51.25, 19.0, 26.0, 9999.0, 1.0, 1.25, 19.75, 9999.0, 9999.0, 9999.0, 118.75, 122.75, 118.25, 102.0, 133.5
2023-04-06, 18:09:40, 131.0, 51.25, 19.0, 26.0, 9999.0, 1.25, 1.25, 19.5, 9999.0, 9999.0, 9999.0, 118.75, 122.75, 118.25, 102.0, 133.5
2023-04-06, 18:09:44, 131.0, 51.25, 19.0, 26.0, 9999.0, 1.0, 1.25, 19.5, 9999.0, 9999.0, 9999.0, 118.75, 122.75, 118.25, 102.0, 133.5
2023-04-06, 18:09:48, 130.75, 51.25, 19.0, 25.75, 9999.0, 1.25, 1.25, 19.5, 9999.0, 9999.0, 9999.0, 118.25, 121.5, 116.75, 101.75, 133.5
2023-04-06, 18:09:52, 130.75, 51.25, 19.0, 25.75, 9999.0, 1.25, 1.25, 19.5, 9999.0, 9999.0, 9999.0, 118.5, 122.75, 118.25, 102.0, 133.5
2023-04-06, 18:09:56, 131.0, 51.25, 19.0, 26.0, 9999.0, 1.25, 1.25, 19.5, 9999.0, 9999.0, 9999.0, 119.25, 122.75, 118.25, 101.75, 133.5
2023-04-06, 18:10:00, 131.0, 51.25, 19.0, 26.0, 9999.0, 1.25, 1.5, 19.5, 9999.0, 9999.0, 9999.0, 119.25, 122.75, 118.25, 101.75, 133.5
2023-04-06, 18:10:04, 130.75, 51.25, 19.0, 26.0, 9999.0, 1.25, 1.25, 19.5, 9999.0, 9999.0, 9999.0, 118.5, 120.0, 117.75, 101.75, 133.5
2023-04-06, 18:10:08, 131.0, 51.25, 19.0, 26.0, 9999.0, 1.25, 1.5, 19.5, 9999.0, 9999.0, 9999.0, 119.25, 122.75, 118.0, 102.0, 133.5
2023-04-06, 18:10:12, 131.0, 51.25, 19.0, 26.0, 9999.0, 1.25, 1.5, 19.5, 9999.0, 9999.0, 9999.0, 119.0, 122.75, 118.0, 102.0, 133.75
2023-04-06, 18:10:16, 131.0, 51.25, 18.75, 25.75, 9999.0, 1.0, 1.25, 19.5, 9999.0, 9999.0, 9999.0, 119.0, 122.75, 118.0, 102.0, 133.5
2023-04-06, 18:10:20, 131.0, 51.25, 19.0, 25.75, 9999.0, 1.25, 1.5, 19.5, 9999.0, 9999.0, 9999.0, 117.5, 122.5, 118.0, 102.0, 133.75
2023-04-06, 18:10:24, 130.75, 51.25, 19.0, 25.75, 9999.0, 1.0, 1.25, 19.5, 9999.0, 9999.0, 9999.0, 119.0, 122.75, 118.0, 102.0, 133.5
2023-04-06, 18:10:28, 131.0, 51.25, 18.75, 26.0, 9999.0, 1.0, 1.5, 19.5, 9999.0, 9999.0, 9999.0, 119.0, 122.75, 118.25, 102.0, 133.5
2023-04-06, 18:10:32, 131.0, 51.25, 19.0, 26.0, 9999.0, 1.0, 1.5, 19.5, 9999.0, 9999.0, 9999.0, 119.0, 122.75, 118.0, 102.0, 133.75
2023-04-06, 18:10:36, 130.75, 51.25, 18.75, 26.0, 9999.0, 1.0, 1.25, 19.25, 9999.0, 9999.0, 9999.0, 118.5, 122.75, 118.25, 102.0, 133.75
2023-04-06, 18:10:40, 130.75, 51.25, 19.0, 26.0, 9999.0, 1.0, 1.25, 19.5, 9999.0, 9999.0, 9999.0, 119.0, 122.75, 118.0, 102.0, 133.75
2023-04-06, 18:10:44, 131.0, 51.25, 18.75, 26.0, 9999.0, 1.0, 1.5, 19.75, 9999.0, 9999.0, 9999.0, 119.0, 122.75, 118.25, 102.0, 133.75
2023-04-06, 18:10:48, 130.75, 51.25, 19.0, 26.0, 9999.0, 1.0, 1.25, 19.75, 9999.0, 9999.0, 9999.0, 118.75, 122.75, 118.0, 102.0, 133.5
2023-04-06, 18:10:52, 131.0, 51.25, 19.0, 25.75, 9999.0, 1.0, 0.25, 19.0, 9999.0, 9999.0, 9999.0, 118.75, 122.75, 118.25, 102.0, 133.5
2023-04-06, 18:10:56, 131.0, 51.25, 19.0, 25.75, 9999.0, 1.0, 1.25, 19.5, 9999.0, 9999.0, 9999.0, 118.75, 122.75, 118.25, 102.0, 133.75
2023-04-06, 18:11:00, 131.0, 51.25, 19.0, 26.0, 9999.0, 1.25, 1.25, 19.5, 9999.0, 9999.0, 9999.0, 118.75, 122.75, 118.25, 102.0, 133.5
2023-04-06, 18:11:04, 130.75, 51.25, 19.0, 26.0, 9999.0, 1.0, 1.25, 19.5, 9999.0, 9999.0, 9999.0, 118.5, 122.75, 118.25, 102.0, 133.5
2023-04-06, 18:11:08, 131.0, 51.25, 19.0, 26.0, 9999.0, 1.25, -0.25, 19.25, 9999.0, 9999.0, 9999.0, 118.75, 122.75, 118.25, 101.75, 133.5
2023-04-06, 18:11:12, 130.75, 51.25, 19.0, 26.0, 9999.0, 1.5, 1.25, 19.75, 9999.0, 9999.0, 9999.0, 118.5, 122.75, 118.0, 102.0, 133.5
2023-04-06, 18:11:16, 131.0, 51.25, 19.0, 26.0, 9999.0, 1.5, 1.5, 19.75, 9999.0, 9999.0, 9999.0, 119.25, 122.75, 118.25, 102.0, 133.5
2023-04-06, 18:11:20, 131.0, 51.25, 19.0, 26.0, 9999.0, 1.25, 1.5, 19.75, 9999.0, 9999.0, 9999.0, 119.25, 122.75, 118.0, 102.0, 133.5
2023-04-06, 18:11:24, 130.75, 51.25, 19.0, 26.0, 9999.0, 1.25, 0.25, 19.5, 9999.0, 9999.0, 9999.0, 119.25, 122.75, 118.0, 102.0, 133.5
2023-04-06, 18:11:28, 131.0, 51.25, 19.0, 26.0, 9999.0, 1.25, 1.5, 19.75, 9999.0, 9999.0, 9999.0, 119.25, 122.75, 118.0, 102.0, 133.5
2023-04-06, 18:11:32, 131.0, 51.25, 19.0, 26.0, 9999.0, 1.25, 1.5, 19.75, 9999.0, 9999.0, 9999.0, 119.25, 122.75, 118.25, 102.0, 133.5
2023-04-06, 18:11:36, 131.0, 51.25, 19.0, 26.0, 9999.0, 1.25, 1.5, 19.75, 9999.0, 9999.0, 9999.0, 119.0, 122.75, 118.25, 102.0, 133.75
2023-04-06, 18:11:40, 131.0, 51.25, 19.0, 26.0, 9999.0, 1.0, 0.25, 19.5, 9999.0, 9999.0, 9999.0, 119.0, 122.75, 118.25, 102.0, 133.5
2023-04-06, 18:11:44, 131.0, 51.25, 18.75, 26.0, 9999.0, 1.25, 1.5, 19.75, 9999.0, 9999.0, 9999.0, 119.0, 122.75, 118.0, 102.0, 133.5
2023-04-06, 18:11:48, 131.0, 51.25, 19.0, 26.0, 9999.0, 1.25, 1.5, 19.75, 9999.0, 9999.0, 9999.0, 119.0, 123.0, 118.25, 102.0, 133.75
2023-04-06, 18:11:52, 131.0, 51.25, 19.0, 26.0, 9999.0, 1.0, 1.5, 19.75, 9999.0, 9999.0, 9999.0, 119.0, 123.0, 118.0, 102.0, 133.75
2023-04-06, 18:11:56, 131.0, 51.25, 19.0, 26.0, 9999.0, -0.5, 0.75, 19.0, 9999.0, 9999.0, 9999.0, 119.0, 123.0, 118.25, 102.0, 133.75
2023-04-06, 18:12:00, 131.0, 51.25, 19.0, 26.0, 9999.0, 1.0, 1.5, 19.75, 9999.0, 9999.0, 9999.0, 119.0, 123.0, 118.25, 102.0, 133.75
2023-04-06, 18:12:04, 130.75, 51.25, 19.0, 26.0, 9999.0, 1.0, 1.25, 19.75, 9999.0, 9999.0, 9999.0, 119.0, 123.0, 118.25, 102.0, 133.5
2023-04-06, 18:12:08, 131.0, 51.25, 19.0, 26.0, 9999.0, 1.0, 1.5, 19.75, 9999.0, 9999.0, 9999.0, 118.75, 123.0, 118.25, 102.0, 133.5
2023-04-06, 18:12:12, 131.0, 51.25, 19.0, 26.0, 9999.0, 0.0, 1.0, 18.75, 9999.0, 9999.0, 9999.0, 118.75, 123.0, 118.25, 102.0, 133.75
2023-04-06, 18:12:16, 131.0, 51.25, 19.0, 26.0, 9999.0, 1.0, 1.5, 19.75, 9999.0, 9999.0, 9999.0, 118.75, 122.75, 118.25, 102.0, 133.75
2023-04-06, 18:12:20, 131.0, 51.25, 19.0, 26.0, 9999.0, 1.25, 1.5, 19.75, 9999.0, 9999.0, 9999.0, 118.75, 122.75, 118.25, 102.0, 133.75
2023-04-06, 18:12:24, 131.0, 51.25, 19.0, 26.0, 9999.0, 1.25, 1.25, 19.75, 9999.0, 9999.0, 9999.0, 118.75, 122.75, 118.25, 102.0, 133.5
2023-04-06, 18:12:28, 131.0, 51.25, 19.0, 26.0, 9999.0, 1.0, 0.0, 18.25, 9999.0, 9999.0, 9999.0, 118.75, 122.75, 118.25, 102.0, 133.75
2023-04-06, 18:12:32, 131.0, 51.25, 19.0, 26.0, 9999.0, 1.5, 1.5, 19.75, 9999.0, 9999.0, 9999.0, 118.75, 122.75, 118.25, 102.0, 133.75
2023-04-06, 18:12:36, 131.0, 51.25, 19.0, 26.0, 9999.0, 1.25, 1.5, 19.75, 9999.0, 9999.0, 9999.0, 119.5, 122.75, 118.25, 102.0, 133.75
2023-04-06, 18:12:40, 131.0, 51.25, 19.0, 26.0, 9999.0, 1.5, 1.5, 19.5, 9999.0, 9999.0, 9999.0, 119.25, 122.75, 118.0, 102.0, 133.75
2023-04-06, 18:12:44, 131.0, 51.25, 19.0, 24.75, 9999.0, 0.25, 1.0, 19.75, 9999.0, 9999.0, 9999.0, 119.25, 122.75, 118.25, 102.0, 133.75
2023-04-06, 18:12:48, 131.0, 51.25, 19.0, 26.0, 9999.0, 1.25, 1.5, 19.75, 9999.0, 9999.0, 9999.0, 119.25, 122.75, 118.25, 102.0, 133.75
2023-04-06, 18:12:52, 131.0, 51.25, 19.0, 26.0, 9999.0, 1.25, 1.5, 19.75, 9999.0, 9999.0, 9999.0, 119.25, 122.75, 118.0, 102.0, 133.75
2023-04-06, 18:12:56, 131.0, 51.25, 19.0, 26.0, 9999.0, 1.25, 1.25, 19.75, 9999.0, 9999.0, 9999.0, 119.0, 122.75, 118.0, 102.0, 133.5
2023-04-06, 18:13:00, 131.0, 51.25, 18.25, 25.75, 9999.0, 0.25, 1.5, 19.75, 9999.0, 9999.0, 9999.0, 119.0, 122.75, 118.25, 102.0, 133.75
2023-04-06, 18:13:04, 131.0, 51.25, 19.0, 26.0, 9999.0, 1.25, 1.5, 19.75, 9999.0, 9999.0, 9999.0, 119.0, 122.75, 118.25, 102.0, 133.75
2023-04-06, 18:13:08, 131.0, 51.25, 19.0, 26.0, 9999.0, 1.25, 1.5, 19.75, 9999.0, 9999.0, 9999.0, 119.0, 123.0, 118.25, 102.0, 133.75
2023-04-06, 18:13:12, 131.0, 51.25, 19.0, 26.0, 9999.0, 1.0, 1.25, 19.75, 9999.0, 9999.0, 9999.0, 119.0, 123.0, 118.25, 102.0, 133.5
2023-04-06, 18:13:16, 131.0, 50.5, 18.75, 24.5, 9999.0, 1.0, 1.5, 19.75, 9999.0, 9999.0, 9999.0, 119.0, 123.0, 118.0, 102.0, 133.75
2023-04-06, 18:13:20, 131.0, 51.25, 19.0, 25.75, 9999.0, 1.0, 1.5, 19.75, 9999.0, 9999.0, 9999.0, 119.0, 123.0, 118.25, 102.0, 133.75
2023-04-06, 18:13:24, 131.0, 51.5, 19.0, 25.75, 9999.0, 1.0, 1.5, 19.75, 9999.0, 9999.0, 9999.0, 119.0, 123.0, 118.25, 102.0, 133.75
2023-04-06, 18:13:28, 131.0, 51.25, 19.0, 26.0, 9999.0, 1.0, 1.25, 19.75, 9999.0, 9999.0, 9999.0, 119.0, 122.75, 118.0, 102.0, 133.5
2023-04-06, 18:13:32, 130.25, 51.0, 18.25, 25.0, 9999.0, 1.0, 1.5, 19.75, 9999.0, 9999.0, 9999.0, 118.75, 122.75, 118.0, 102.0, 133.75
2023-04-06, 18:13:36, 131.0, 51.25, 19.0, 26.0, 9999.0, 1.0, 1.5, 19.75, 9999.0, 9999.0, 9999.0, 118.75, 122.75, 118.25, 102.0, 133.75
2023-04-06, 18:13:40, 131.0, 51.25, 19.0, 25.75, 9999.0, 1.25, 1.5, 19.75, 9999.0, 9999.0, 9999.0, 118.75, 122.75, 118.25, 102.0, 133.75
2023-04-06, 18:13:44, 131.0, 51.25, 19.0, 25.75, 9999.0, 1.25, 1.5, 19.75, 9999.0, 9999.0, 9999.0, 118.75, 122.75, 118.0, 102.0, 132.25
2023-04-06, 18:13:49, 130.75, 50.25, 14.75, 26.0, 9999.0, 1.5, 1.5, 19.75, 9999.0, 9999.0, 9999.0, 118.75, 122.75, 118.25, 102.0, 133.75
2023-04-06, 18:13:53, 131.0, 51.25, 19.0, 26.0, 9999.0, 1.5, 1.5, 19.75, 9999.0, 9999.0, 9999.0, 118.75, 122.75, 118.25, 102.0, 133.75
2023-04-06, 18:13:57, 131.0, 51.25, 19.0, 26.0, 9999.0, 1.5, 1.5, 19.75, 9999.0, 9999.0, 9999.0, 119.25, 122.75, 118.25, 102.0, 133.5
2023-04-06, 18:14:01, 131.0, 51.25, 18.75, 26.0, 9999.0, 1.25, 1.5, 19.75, 9999.0, 9999.0, 9999.0, 119.25, 122.75, 118.0, 101.25, 133.25
2023-04-06, 18:14:05, 130.25, 50.25, 19.0, 26.0, 9999.0, 1.25, 1.5, 19.75, 9999.0, 9999.0, 9999.0, 119.25, 122.75, 118.25, 102.0, 133.75
2023-04-06, 18:14:09, 131.0, 51.25, 19.0, 26.0, 9999.0, 1.25, 1.5, 19.75, 9999.0, 9999.0, 9999.0, 119.25, 122.75, 118.25, 102.0, 133.5
2023-04-06, 18:14:13, 131.0, 51.25, 19.0, 26.0, 9999.0, 1.25, 1.5, 19.75, 9999.0, 9999.0, 9999.0, 119.25, 122.75, 118.0, 102.0, 133.5
2023-04-06, 18:14:17, 131.0, 51.0, 19.0, 26.0, 9999.0, 1.25, 1.5, 19.75, 9999.0, 9999.0, 9999.0, 119.0, 122.75, 117.25, 101.75, 132.25
2023-04-06, 18:14:21, 127.25, 51.25, 19.0, 26.0, 9999.0, 1.25, 1.5, 19.75, 9999.0, 9999.0, 9999.0, 119.0, 122.75, 118.0, 102.0, 133.75
2023-04-06, 18:14:25, 131.0, 51.25, 19.0, 26.0, 9999.0, 1.25, 1.5, 19.75, 9999.0, 9999.0, 9999.0, 119.0, 123.0, 118.25, 102.0, 133.75
2023-04-06, 18:14:29, 131.0, 51.25, 19.0, 26.0, 9999.0, 1.25, 1.5, 19.75, 9999.0, 9999.0, 9999.0, 119.0, 123.0, 118.25, 102.0, 133.5
2023-04-06, 18:14:33, 131.0, 51.25, 19.0, 25.75, 9999.0, 1.25, 1.5, 19.75, 9999.0, 9999.0, 9999.0, 119.0, 121.5, 118.0, 101.25, 129.5
2023-04-06, 18:14:37, 131.0, 51.25, 19.0, 25.75, 9999.0, 1.0, 1.5, 19.75, 9999.0, 9999.0, 9999.0, 119.0, 123.0, 118.25, 102.0, 133.75
2023-04-06, 18:14:41, 131.0, 51.25, 19.0, 25.5, 9999.0, 1.0, 1.5, 19.75, 9999.0, 9999.0, 9999.0, 119.0, 123.0, 118.25, 102.0, 133.5
2023-04-06, 18:14:45, 131.0, 51.25, 19.0, 25.75, 9999.0, 1.0, 1.5, 19.75, 9999.0, 9999.0, 9999.0, 119.0, 123.0, 118.25, 102.0, 133.75
2023-04-06, 18:14:49, 131.0, 51.25, 19.0, 25.75, 9999.0, 1.0, 1.25, 19.75, 9999.0, 9999.0, 9999.0, 117.5, 122.5, 117.5, 98.5, 133.5
2023-04-06, 18:14:53, 131.0, 51.25, 18.75, 26.0, 9999.0, 1.0, 1.5, 19.75, 9999.0, 9999.0, 9999.0, 118.75, 122.75, 118.25, 102.0, 133.75
2023-04-06, 18:14:57, 131.0, 51.25, 19.0, 25.75, 9999.0, 1.0, 1.5, 19.75, 9999.0, 9999.0, 9999.0, 118.75, 122.75, 118.25, 102.0, 133.5
2023-04-06, 18:15:01, 131.0, 51.25, 19.0, 25.75, 9999.0, 1.25, 1.5, 19.75, 9999.0, 9999.0, 9999.0, 118.75, 122.75, 118.25, 102.0, 133.25
2023-04-06, 18:15:05, 130.75, 51.25, 19.0, 25.75, 9999.0, 1.25, 1.5, 19.75, 9999.0, 9999.0, 9999.0, 118.25, 121.75, 117.25, 101.75, 133.75
2023-04-06, 18:15:09, 131.0, 51.25, 19.0, 26.0, 9999.0, 1.25, 1.5, 19.75, 9999.0, 9999.0, 9999.0, 118.75, 122.75, 118.25, 102.0, 133.5
2023-04-06, 18:15:13, 131.0, 51.25, 19.0, 26.25, 9999.0, 1.5, 1.5, 19.75, 9999.0, 9999.0, 9999.0, 118.75, 122.75, 118.25, 102.0, 133.75
2023-04-06, 18:15:17, 131.0, 51.25, 19.0, 26.0, 9999.0, 1.5, 1.5, 19.75, 9999.0, 9999.0, 9999.0, 119.5, 122.75, 118.25, 101.75, 133.5
2023-04-06, 18:15:21, 131.0, 51.25, 19.0, 26.0, 9999.0, 1.25, 1.5, 19.75, 9999.0, 9999.0, 9999.0, 118.5, 120.0, 117.75, 102.0, 133.75
2023-04-06, 18:15:25, 131.0, 51.25, 19.0, 26.0, 9999.0, 1.25, 1.5, 19.75, 9999.0, 9999.0, 9999.0, 119.25, 122.75, 118.25, 102.0, 133.5
2023-04-06, 18:15:29, 131.0, 51.25, 19.0, 26.0, 9999.0, 1.25, 1.5, 19.75, 9999.0, 9999.0, 9999.0, 119.25, 122.75, 118.0, 102.0, 133.5
2023-04-06, 18:15:33, 131.0, 51.25, 19.0, 26.0, 9999.0, 1.25, 1.5, 19.75, 9999.0, 9999.0, 9999.0, 119.0, 122.75, 118.0, 102.0, 133.5
2023-04-06, 18:15:37, 131.0, 51.25, 19.0, 26.0, 9999.0, 1.25, 1.5, 19.75, 9999.0, 9999.0, 9999.0, 118.0, 122.25, 118.25, 102.0, 133.5
2023-04-06, 18:15:41, 131.0, 51.25, 19.0, 26.0, 9999.0, 1.25, 1.5, 19.75, 9999.0, 9999.0, 9999.0, 119.0, 122.75, 118.25, 102.0, 133.75
2023-04-06, 18:15:45, 131.0, 51.25, 19.0, 26.0, 9999.0, 1.25, 1.5, 19.75, 9999.0, 9999.0, 9999.0, 119.0, 122.75, 118.0, 102.0, 133.5
2023-04-06, 18:15:49, 131.0, 51.25, 19.0, 26.0, 9999.0, 1.25, 1.5, 19.75, 9999.0, 9999.0, 9999.0, 119.0, 122.75, 118.0, 102.0, 133.75
2023-04-06, 18:15:53, 131.0, 51.25, 19.0, 26.0, 9999.0, 1.0, 1.5, 19.0, 9999.0, 9999.0, 9999.0, 118.25, 122.75, 118.25, 102.0, 133.75
2023-04-06, 18:15:57, 131.0, 51.25, 19.0, 25.75, 9999.0, 1.25, 1.5, 19.75, 9999.0, 9999.0, 9999.0, 119.0, 122.75, 118.0, 102.0, 133.75
2023-04-06, 18:16:01, 131.0, 51.25, 19.0, 26.0, 9999.0, 1.0, 1.5, 19.75, 9999.0, 9999.0, 9999.0, 119.0, 122.75, 118.25, 102.0, 133.75
2023-04-06, 18:16:05, 131.0, 51.25, 19.0, 26.0, 9999.0, 1.0, 1.5, 19.75, 9999.0, 9999.0, 9999.0, 118.75, 122.75, 118.25, 102.0, 133.5
2023-04-06, 18:16:09, 131.0, 51.25, 19.0, 26.0, 9999.0, 1.0, 1.25, 19.0, 9999.0, 9999.0, 9999.0, 118.75, 123.0, 118.25, 102.0, 133.75
2023-04-06, 18:16:13, 131.0, 51.25, 19.0, 26.0, 9999.0, 1.0, 1.5, 19.75, 9999.0, 9999.0, 9999.0, 118.75, 122.75, 118.25, 102.0, 133.75
2023-04-06, 18:16:17, 130.75, 51.25, 19.0, 26.0, 9999.0, 1.0, 1.5, 19.75, 9999.0, 9999.0, 9999.0, 118.75, 122.75, 118.25, 102.0, 133.75
2023-04-06, 18:16:21, 131.0, 51.25, 19.0, 25.75, 9999.0, 1.25, 1.25, 19.75, 9999.0, 9999.0, 9999.0, 118.75, 122.75, 118.0, 102.0, 133.75
2023-04-06, 18:16:25, 131.0, 51.25, 19.0, 26.0, 9999.0, 1.25, 0.75, 19.5, 9999.0, 9999.0, 9999.0, 118.75, 122.75, 118.25, 102.0, 133.75
2023-04-06, 18:16:29, 131.0, 51.25, 19.0, 26.0, 9999.0, 1.25, 1.5, 19.75, 9999.0, 9999.0, 9999.0, 118.75, 122.75, 118.25, 102.0, 133.75
2023-04-06, 18:16:33, 131.0, 51.25, 18.75, 26.0, 9999.0, 1.5, 1.5, 19.75, 9999.0, 9999.0, 9999.0, 118.75, 122.75, 118.25, 102.0, 133.5
2023-04-06, 18:16:37, 131.0, 51.25, 18.75, 26.0, 9999.0, 1.25, 1.5, 19.75, 9999.0, 9999.0, 9999.0, 119.25, 122.75, 118.25, 102.0, 133.5
2023-04-06, 18:16:41, 130.75, 51.25, 18.75, 26.0, 9999.0, 0.0, 1.25, 19.0, 9999.0, 9999.0, 9999.0, 119.25, 122.75, 118.25, 102.0, 133.5
2023-04-06, 18:16:45, 131.0, 51.25, 19.0, 26.0, 9999.0, 1.25, 1.25, 19.75, 9999.0, 9999.0, 9999.0, 119.25, 122.75, 118.25, 102.0, 133.5
2023-04-06, 18:16:49, 131.0, 51.25, 19.0, 26.0, 9999.0, 1.25, 1.5, 19.75, 9999.0, 9999.0, 9999.0, 119.25, 122.75, 118.25, 102.0, 133.75
2023-04-06, 18:16:53, 131.0, 51.25, 19.0, 26.0, 9999.0, 1.25, 1.5, 19.75, 9999.0, 9999.0, 9999.0, 119.25, 122.75, 118.25, 102.0, 133.5
2023-04-06, 18:16:57, 131.0, 51.25, 18.75, 26.0, 9999.0, 1.0, 0.25, 15.25, 9999.0, 9999.0, 9999.0, 119.0, 122.75, 118.25, 102.0, 133.75
2023-04-06, 18:17:01, 131.0, 51.25, 19.0, 26.0, 9999.0, 1.25, 1.5, 19.75, 9999.0, 9999.0, 9999.0, 119.0, 122.75, 118.25, 102.0, 133.5
2023-04-06, 18:17:05, 131.0, 51.25, 19.0, 25.75, 9999.0, 1.25, 1.5, 19.75, 9999.0, 9999.0, 9999.0, 119.0, 122.75, 118.25, 102.0, 133.5
2023-04-06, 18:17:09, 131.0, 51.25, 19.0, 26.0, 9999.0, 1.0, 1.5, 19.75, 9999.0, 9999.0, 9999.0, 119.0, 123.0, 118.25, 101.75, 133.5
2023-04-06, 18:17:13, 131.0, 51.25, 19.0, 24.5, 9999.0, 0.0, -1.5, 19.75, 9999.0, 9999.0, 9999.0, 119.0, 123.0, 118.25, 102.0, 133.75
2023-04-06, 18:17:17, 131.0, 51.25, 18.75, 26.25, 9999.0, 1.0, 1.25, 19.75, 9999.0, 9999.0, 9999.0, 119.0, 122.75, 118.25, 102.0, 133.5
2023-04-06, 18:17:21, 131.0, 51.25, 19.0, 26.0, 9999.0, 1.0, 1.5, 19.5, 9999.0, 9999.0, 9999.0, 119.0, 123.0, 118.25, 102.0, 133.5
2023-04-06, 18:17:25, 131.0, 51.25, 19.0, 26.0, 9999.0, 1.0, 1.25, 19.5, 9999.0, 9999.0, 9999.0, 119.0, 122.75, 118.25, 102.0, 133.5
2023-04-06, 18:17:29, 130.75, 51.25, 17.75, 25.75, 9999.0, -3.25, 1.25, 19.5, 9999.0, 9999.0, 9999.0, 118.75, 122.75, 118.25, 102.0, 133.5
2023-04-06, 18:17:33, 131.0, 51.25, 19.0, 26.0, 9999.0, 1.0, 1.5, 19.75, 9999.0, 9999.0, 9999.0, 119.0, 122.75, 118.25, 102.0, 133.5
2023-04-06, 18:17:37, 131.0, 51.25, 19.0, 26.25, 9999.0, 1.0, 1.25, 19.75, 9999.0, 9999.0, 9999.0, 118.75, 122.75, 118.25, 102.0, 133.5
2023-04-06, 18:17:41, 131.0, 51.25, 19.0, 26.0, 9999.0, 1.25, 1.25, 19.5, 9999.0, 9999.0, 9999.0, 118.75, 122.75, 118.25, 102.0, 133.5
2023-04-06, 18:17:45, 130.75, 49.75, 18.25, 24.5, 9999.0, 0.5, 1.5, 19.75, 9999.0, 9999.0, 9999.0, 118.75, 122.75, 118.25, 102.0, 133.5
2023-04-06, 18:17:49, 131.0, 51.25, 19.0, 26.0, 9999.0, 1.25, 1.5, 19.75, 9999.0, 9999.0, 9999.0, 118.5, 122.75, 118.25, 102.0, 133.75
2023-04-06, 18:17:53, 131.0, 51.25, 19.0, 26.0, 9999.0, 1.5, 1.5, 19.75, 9999.0, 9999.0, 9999.0, 118.5, 122.75, 118.25, 102.0, 133.5
2023-04-06, 18:17:57, 131.0, 51.25, 18.75, 26.0, 9999.0, 1.25, 1.25, 19.5, 9999.0, 9999.0, 9999.0, 119.25, 122.75, 118.25, 102.0, 133.5
2023-04-06, 18:18:01, 130.5, 50.5, 18.25, 24.75, 9999.0, 1.25, 1.5, 19.75, 9999.0, 9999.0, 9999.0, 119.25, 122.75, 118.25, 102.0, 133.5
2023-04-06, 18:18:05, 130.75, 51.25, 19.0, 26.0, 9999.0, 1.25, 1.5, 19.75, 9999.0, 9999.0, 9999.0, 119.25, 122.75, 118.25, 102.0, 133.5
2023-04-06, 18:18:09, 130.75, 51.25, 19.0, 26.0, 9999.0, 1.25, 1.5, 19.75, 9999.0, 9999.0, 9999.0, 119.25, 122.75, 118.25, 102.0, 133.5
2023-04-06, 18:18:14, 131.0, 51.25, 19.0, 26.0, 9999.0, 1.25, 1.5, 19.5, 9999.0, 9999.0, 9999.0, 119.0, 122.75, 118.25, 101.75, 133.0
2023-04-06, 18:18:18, 130.0, 50.5, 17.75, 25.25, 9999.0, 1.25, 1.5, 19.5, 9999.0, 9999.0, 9999.0, 119.0, 122.75, 118.25, 102.0, 133.5
2023-04-06, 18:18:22, 130.75, 51.25, 19.0, 26.0, 9999.0, 1.0, 1.5, 19.75, 9999.0, 9999.0, 9999.0, 119.0, 122.75, 118.25, 102.0, 133.5
2023-04-06, 18:18:26, 130.75, 51.25, 19.0, 26.0, 9999.0, 1.25, 1.5, 19.75, 9999.0, 9999.0, 9999.0, 119.0, 122.75, 118.25, 102.0, 133.5
2023-04-06, 18:18:30, 131.0, 51.25, 19.0, 26.0, 9999.0, 1.0, 1.5, 19.75, 9999.0, 9999.0, 9999.0, 119.0, 123.0, 118.25, 102.0, 132.5
2023-04-06, 18:18:34, 130.5, 50.25, 18.25, 26.25, 9999.0, 1.0, 1.5, 19.5, 9999.0, 9999.0, 9999.0, 119.0, 123.0, 118.25, 102.0, 133.5
2023-04-06, 18:18:38, 131.0, 51.25, 19.0, 26.25, 9999.0, 1.0, 1.25, 19.75, 9999.0, 9999.0, 9999.0, 119.0, 123.0, 118.25, 102.0, 133.5
2023-04-06, 18:18:42, 130.75, 51.25, 19.0, 26.0, 9999.0, 1.0, 1.25, 19.75, 9999.0, 9999.0, 9999.0, 119.0, 122.75, 118.25, 102.0, 133.5
2023-04-06, 18:18:46, 131.0, 51.25, 18.75, 26.0, 9999.0, 1.0, 1.25, 19.5, 9999.0, 9999.0, 9999.0, 118.75, 122.75, 118.0, 101.25, 133.25
2023-04-06, 18:18:50, 129.5, 49.5, 19.0, 26.0, 9999.0, 1.0, 1.25, 19.75, 9999.0, 9999.0, 9999.0, 119.0, 123.0, 118.25, 102.0, 133.5
2023-04-06, 18:18:54, 130.75, 51.25, 18.75, 26.0, 9999.0, 1.0, 1.5, 19.75, 9999.0, 9999.0, 9999.0, 118.75, 122.75, 118.25, 102.0, 133.5
2023-04-06, 18:18:58, 130.75, 51.25, 19.0, 26.0, 9999.0, 1.0, 1.25, 19.75, 9999.0, 9999.0, 9999.0, 118.75, 122.75, 118.25, 101.75, 133.5
2023-04-06, 18:19:02, 130.75, 51.0, 18.75, 26.0, 9999.0, 1.25, 1.25, 19.75, 9999.0, 9999.0, 9999.0, 118.75, 122.75, 117.0, 101.75, 132.75
2023-04-06, 18:19:06, 130.0, 51.25, 18.75, 26.0, 9999.0, 1.25, 1.25, 19.75, 9999.0, 9999.0, 9999.0, 118.75, 122.75, 118.25, 101.75, 133.5
2023-04-06, 18:19:10, 131.0, 51.25, 19.0, 26.0, 9999.0, 1.25, 1.5, 19.75, 9999.0, 9999.0, 9999.0, 118.75, 122.75, 118.25, 101.75, 133.5
2023-04-06, 18:19:14, 131.0, 51.25, 18.75, 26.0, 9999.0, 1.25, 1.5, 19.75, 9999.0, 9999.0, 9999.0, 118.5, 122.75, 118.25, 101.75, 133.5
2023-04-06, 18:19:18, 131.0, 51.25, 18.75, 25.75, 9999.0, 1.25, 1.25, 19.75, 9999.0, 9999.0, 9999.0, 119.25, 121.75, 118.0, 101.0, 128.25
2023-04-06, 18:19:22, 130.75, 51.25, 19.0, 26.0, 9999.0, 1.25, 1.25, 19.5, 9999.0, 9999.0, 9999.0, 119.25, 122.75, 118.25, 102.0, 133.5
2023-04-06, 18:19:26, 131.0, 51.25, 19.0, 26.0, 9999.0, 1.25, 1.25, 19.5, 9999.0, 9999.0, 9999.0, 119.25, 122.75, 118.25, 101.75, 133.5
2023-04-06, 18:19:30, 130.75, 51.25, 19.0, 26.0, 9999.0, 1.25, 1.5, 19.75, 9999.0, 9999.0, 9999.0, 119.25, 122.75, 118.25, 101.75, 133.25
2023-04-06, 18:19:34, 130.75, 51.25, 18.75, 26.0, 9999.0, 1.25, 1.25, 19.5, 9999.0, 9999.0, 9999.0, 117.75, 122.5, 117.5, 99.25, 133.5
2023-04-06, 18:19:38, 130.75, 51.25, 19.0, 26.0, 9999.0, 1.25, 1.25, 19.5, 9999.0, 9999.0, 9999.0, 119.0, 122.75, 118.0, 102.0, 133.5
2023-04-06, 18:19:42, 131.0, 51.25, 19.0, 26.0, 9999.0, 1.0, 1.25, 19.5, 9999.0, 9999.0, 9999.0, 119.0, 122.75, 118.25, 102.0, 133.5
2023-04-06, 18:19:46, 130.75, 51.25, 19.0, 26.0, 9999.0, 1.0, 1.5, 19.75, 9999.0, 9999.0, 9999.0, 119.0, 123.0, 118.25, 101.75, 133.5
2023-04-06, 18:19:50, 130.75, 51.25, 19.0, 25.75, 9999.0, 1.0, 1.25, 19.5, 9999.0, 9999.0, 9999.0, 118.75, 121.5, 113.5, 101.75, 133.5
2023-04-06, 18:19:54, 130.75, 51.25, 19.0, 25.75, 9999.0, 1.0, 1.25, 19.5, 9999.0, 9999.0, 9999.0, 119.0, 123.0, 118.25, 102.0, 133.5
2023-04-06, 18:19:58, 130.75, 51.25, 18.75, 26.0, 9999.0, 1.0, 1.5, 19.5, 9999.0, 9999.0, 9999.0, 119.0, 123.0, 118.0, 102.0, 133.5
2023-04-06, 18:20:02, 131.0, 51.25, 19.0, 26.0, 9999.0, 1.0, 1.25, 19.5, 9999.0, 9999.0, 9999.0, 119.0, 123.0, 118.25, 102.0, 133.5
2023-04-06, 18:20:06, 130.75, 51.25, 19.0, 26.0, 9999.0, 1.0, 1.25, 19.5, 9999.0, 9999.0, 9999.0, 117.75, 120.0, 118.25, 102.0, 133.5
2023-04-06, 18:20:10, 130.75, 51.25, 19.0, 26.0, 9999.0, 1.0, 1.25, 19.5, 9999.0, 9999.0, 9999.0, 118.75, 123.0, 118.25, 102.0, 133.5
2023-04-06, 18:20:14, 130.75, 51.25, 19.0, 26.0, 9999.0, 1.0, 1.25, 19.5, 9999.0, 9999.0, 9999.0, 118.75, 122.75, 118.25, 101.75, 133.5
2023-04-06, 18:20:18, 130.75, 51.25, 19.0, 26.0, 9999.0, 1.0, 1.25, 19.5, 9999.0, 9999.0, 9999.0, 118.75, 122.75, 118.0, 102.0, 133.5
2023-04-06, 18:20:22, 130.75, 51.25, 19.0, 26.0, 9999.0, 1.0, 1.25, 19.5, 9999.0, 9999.0, 9999.0, 116.5, 122.25, 118.25, 102.0, 133.5
2023-04-06, 18:20:26, 130.75, 51.25, 19.0, 26.0, 9999.0, 1.0, 1.25, 19.5, 9999.0, 9999.0, 9999.0, 118.75, 123.0, 118.25, 102.0, 133.5
2023-04-06, 18:20:30, 130.75, 51.25, 19.0, 26.0, 9999.0, 1.25, 1.25, 19.75, 9999.0, 9999.0, 9999.0, 118.75, 122.75, 118.25, 102.0, 133.5
2023-04-06, 18:20:34, 131.0, 51.25, 19.0, 26.0, 9999.0, 1.25, 1.25, 19.5, 9999.0, 9999.0, 9999.0, 118.5, 122.75, 118.25, 102.0, 133.5
2023-04-06, 18:20:38, 130.75, 51.25, 19.0, 26.0, 9999.0, 1.25, 1.25, 19.25, 9999.0, 9999.0, 9999.0, 118.5, 122.75, 118.25, 102.0, 133.5
2023-04-06, 18:20:42, 130.75, 51.25, 19.0, 26.0, 9999.0, 1.25, 1.25, 19.5, 9999.0, 9999.0, 9999.0, 119.25, 122.75, 118.25, 102.0, 133.5
2023-04-06, 18:20:46, 131.0, 51.25, 19.0, 26.25, 9999.0, 1.25, 1.25, 19.5, 9999.0, 9999.0, 9999.0, 119.25, 122.75, 118.25, 102.0, 133.5
2023-04-06, 18:20:50, 131.0, 51.25, 19.0, 26.0, 9999.0, 1.25, 1.25, 19.5, 9999.0, 9999.0, 9999.0, 119.0, 122.75, 118.25, 102.0, 133.5
2023-04-06, 18:20:54, 130.75, 51.25, 19.0, 26.0, 9999.0, 1.0, 1.25, 19.0, 9999.0, 9999.0, 9999.0, 119.25, 122.75, 118.25, 102.0, 133.5
2023-04-06, 18:20:58, 130.75, 51.25, 18.75, 26.0, 9999.0, 1.25, 1.25, 19.5, 9999.0, 9999.0, 9999.0, 119.0, 122.75, 118.25, 102.0, 133.75
2023-04-06, 18:21:02, 130.75, 51.25, 18.75, 26.0, 9999.0, 1.0, 1.25, 19.75, 9999.0, 9999.0, 9999.0, 119.0, 122.75, 118.25, 102.0, 133.5
2023-04-06, 18:21:06, 131.0, 51.25, 19.0, 26.0, 9999.0, 1.0, 1.25, 19.5, 9999.0, 9999.0, 9999.0, 119.0, 122.75, 118.0, 102.0, 133.5
2023-04-06, 18:21:10, 130.75, 51.25, 19.0, 26.0, 9999.0, 1.0, 0.25, 19.5, 9999.0, 9999.0, 9999.0, 119.0, 123.0, 118.25, 102.0, 133.5
2023-04-06, 18:21:14, 130.75, 51.25, 19.0, 26.0, 9999.0, 1.0, 1.25, 19.5, 9999.0, 9999.0, 9999.0, 119.0, 123.0, 118.25, 102.0, 133.5
2023-04-06, 18:21:18, 131.0, 51.25, 18.75, 26.0, 9999.0, 1.0, 1.25, 19.5, 9999.0, 9999.0, 9999.0, 119.0, 123.0, 118.25, 102.0, 133.5
2023-04-06, 18:21:22, 130.75, 51.0, 19.0, 26.0, 9999.0, 1.0, 1.25, 19.75, 9999.0, 9999.0, 9999.0, 119.0, 123.0, 118.25, 102.0, 133.75
2023-04-06, 18:21:26, 130.75, 51.25, 19.0, 26.0, 9999.0, -0.25, 1.0, 18.5, 9999.0, 9999.0, 9999.0, 119.0, 122.75, 118.25, 102.0, 133.5
2023-04-06, 18:21:30, 130.75, 51.25, 19.0, 26.0, 9999.0, 1.0, 1.25, 19.5, 9999.0, 9999.0, 9999.0, 118.75, 123.0, 118.25, 102.0, 133.5
2023-04-06, 18:21:34, 130.75, 51.25, 18.75, 26.0, 9999.0, 1.0, 1.25, 19.75, 9999.0, 9999.0, 9999.0, 118.75, 122.75, 118.25, 102.0, 133.5
2023-04-06, 18:21:38, 130.75, 51.25, 19.0, 26.0, 9999.0, 1.0, 1.25, 19.5, 9999.0, 9999.0, 9999.0, 118.75, 122.75, 118.25, 102.0, 133.5
2023-04-06, 18:21:42, 130.75, 51.25, 19.0, 26.0, 9999.0, 0.25, 0.0, 18.0, 9999.0, 9999.0, 9999.0, 118.75, 122.75, 118.25, 102.0, 133.5
2023-04-06, 18:21:46, 130.75, 51.25, 19.0, 26.0, 9999.0, 1.0, 1.25, 19.5, 9999.0, 9999.0, 9999.0, 118.75, 122.75, 118.25, 102.0, 133.5
2023-04-06, 18:21:50, 130.75, 51.25, 19.0, 26.0, 9999.0, 1.25, 1.25, 19.5, 9999.0, 9999.0, 9999.0, 118.75, 123.0, 118.25, 102.0, 133.5
2023-04-06, 18:21:54, 130.75, 51.25, 19.0, 26.0, 9999.0, 1.25, 1.25, 19.75, 9999.0, 9999.0, 9999.0, 118.5, 123.0, 118.25, 102.0, 133.5
2023-04-06, 18:21:58, 130.75, 51.25, 18.75, 24.5, 9999.0, 0.75, -0.5, 19.0, 9999.0, 9999.0, 9999.0, 119.25, 122.75, 118.0, 102.0, 133.5
2023-04-06, 18:22:02, 130.75, 51.25, 19.0, 26.0, 9999.0, 1.25, 1.5, 19.75, 9999.0, 9999.0, 9999.0, 119.25, 122.75, 118.25, 102.0, 133.5
2023-04-06, 18:22:06, 130.75, 51.25, 19.0, 26.0, 9999.0, 1.25, 1.5, 19.5, 9999.0, 9999.0, 9999.0, 119.25, 122.75, 118.25, 102.0, 133.5
2023-04-06, 18:22:10, 130.75, 51.25, 18.75, 26.0, 9999.0, 1.25, 1.25, 19.5, 9999.0, 9999.0, 9999.0, 119.25, 122.75, 118.25, 102.0, 133.5
2023-04-06, 18:22:14, 130.75, 51.25, 18.5, 25.25, 9999.0, 0.0, 0.75, 19.5, 9999.0, 9999.0, 9999.0, 119.25, 122.75, 118.25, 102.0, 133.5
2023-04-06, 18:22:18, 130.75, 51.25, 19.0, 26.0, 9999.0, 1.25, 1.5, 19.5, 9999.0, 9999.0, 9999.0, 119.0, 122.75, 118.0, 102.0, 133.5
2023-04-06, 18:22:22, 130.75, 51.25, 19.0, 26.0, 9999.0, 1.0, 1.25, 19.75, 9999.0, 9999.0, 9999.0, 119.0, 122.75, 118.25, 102.0, 133.5
2023-04-06, 18:22:26, 130.75, 51.25, 19.0, 26.0, 9999.0, 1.0, 1.25, 19.5, 9999.0, 9999.0, 9999.0, 119.0, 122.75, 118.0, 102.0, 133.5
2023-04-06, 18:22:30, 130.75, 51.25, 18.0, 25.75, 9999.0, -0.5, 1.25, 19.5, 9999.0, 9999.0, 9999.0, 119.0, 123.0, 118.25, 102.0, 133.5
2023-04-06, 18:22:34, 130.75, 51.25, 18.75, 26.0, 9999.0, 1.0, 1.5, 19.5, 9999.0, 9999.0, 9999.0, 119.0, 123.0, 118.25, 102.0, 133.5
2023-04-06, 18:22:38, 131.0, 51.25, 19.0, 26.0, 9999.0, 1.0, 1.25, 19.5, 9999.0, 9999.0, 9999.0, 119.0, 123.0, 118.25, 102.0, 133.5
2023-04-06, 18:22:43, 131.0, 51.25, 19.0, 26.0, 9999.0, 1.0, 1.25, 19.5, 9999.0, 9999.0, 9999.0, 119.0, 123.0, 118.25, 102.0, 133.5
2023-04-06, 18:22:47, 130.75, 49.75, 18.75, 24.25, 9999.0, 1.0, 1.25, 19.75, 9999.0, 9999.0, 9999.0, 119.0, 123.0, 118.25, 102.0, 133.5
2023-04-06, 18:22:51, 131.0, 51.25, 19.0, 26.0, 9999.0, 1.0, 1.25, 19.5, 9999.0, 9999.0, 9999.0, 119.0, 123.0, 118.25, 102.0, 133.5
2023-04-06, 18:22:55, 130.75, 51.25, 19.0, 26.0, 9999.0, 1.0, 1.25, 19.5, 9999.0, 9999.0, 9999.0, 118.75, 123.0, 118.0, 102.0, 133.5
2023-04-06, 18:22:59, 131.0, 51.25, 19.0, 26.0, 9999.0, 0.75, 1.25, 19.5, 9999.0, 9999.0, 9999.0, 118.75, 122.75, 118.25, 102.0, 133.5
2023-04-06, 18:23:03, 129.75, 50.25, 18.5, 24.5, 9999.0, 1.25, 1.25, 19.75, 9999.0, 9999.0, 9999.0, 118.75, 122.75, 118.25, 102.0, 133.75
2023-04-06, 18:23:07, 131.0, 51.25, 18.75, 26.0, 9999.0, 1.25, 1.25, 19.5, 9999.0, 9999.0, 9999.0, 118.75, 122.75, 118.25, 102.0, 133.5
2023-04-06, 18:23:11, 130.75, 51.25, 18.75, 26.0, 9999.0, 1.0, 1.25, 19.5, 9999.0, 9999.0, 9999.0, 118.75, 122.75, 118.25, 102.0, 133.5
2023-04-06, 18:23:15, 131.0, 51.25, 18.75, 26.0, 9999.0, 1.25, 1.5, 19.75, 9999.0, 9999.0, 9999.0, 118.5, 122.75, 118.25, 102.0, 133.25
2023-04-06, 18:23:19, 130.0, 50.75, 17.5, 25.0, 9999.0, 1.5, 1.5, 19.75, 9999.0, 9999.0, 9999.0, 119.5, 122.75, 118.25, 102.0, 133.5
2023-04-06, 18:23:23, 131.0, 51.25, 18.75, 26.0, 9999.0, 1.25, 1.25, 19.75, 9999.0, 9999.0, 9999.0, 119.25, 122.75, 118.25, 102.0, 133.75
2023-04-06, 18:23:27, 131.0, 51.25, 18.75, 26.0, 9999.0, 1.25, 1.5, 19.75, 9999.0, 9999.0, 9999.0, 119.25, 122.75, 118.25, 102.0, 133.5
2023-04-06, 18:23:31, 130.75, 51.25, 18.75, 26.0, 9999.0, 1.25, 1.25, 19.5, 9999.0, 9999.0, 9999.0, 119.25, 122.75, 118.25, 102.0, 132.0
2023-04-06, 18:23:35, 130.75, 50.5, 13.5, 25.75, 9999.0, 1.25, 1.5, 19.75, 9999.0, 9999.0, 9999.0, 119.25, 122.75, 118.25, 102.0, 133.5
2023-04-06, 18:23:39, 131.0, 51.25, 19.0, 26.0, 9999.0, 1.25, 1.5, 19.5, 9999.0, 9999.0, 9999.0, 119.0, 122.75, 118.25, 102.0, 133.75
2023-04-06, 18:23:43, 130.75, 51.25, 19.0, 26.0, 9999.0, 1.25, 1.5, 19.75, 9999.0, 9999.0, 9999.0, 119.0, 122.75, 118.25, 102.0, 133.75
2023-04-06, 18:23:47, 131.0, 51.25, 19.0, 25.75, 9999.0, 1.0, 1.5, 19.75, 9999.0, 9999.0, 9999.0, 119.0, 122.75, 118.25, 100.75, 133.25
2023-04-06, 18:23:51, 129.75, 49.0, 18.75, 25.75, 9999.0, 1.0, 1.5, 19.5, 9999.0, 9999.0, 9999.0, 119.0, 123.0, 118.25, 102.0, 133.5
2023-04-06, 18:23:55, 131.0, 51.25, 19.0, 25.75, 9999.0, 1.0, 1.25, 19.75, 9999.0, 9999.0, 9999.0, 119.0, 123.0, 118.25, 102.0, 133.5
2023-04-06, 18:23:59, 130.75, 51.25, 19.0, 26.0, 9999.0, 1.0, 1.25, 19.5, 9999.0, 9999.0, 9999.0, 119.0, 123.0, 118.25, 102.0, 133.75
2023-04-06, 18:24:03, 130.75, 51.25, 19.0, 25.75, 9999.0, 1.0, 1.25, 19.75, 9999.0, 9999.0, 9999.0, 119.0, 123.0, 116.75, 101.5, 132.5
2023-04-06, 18:24:07, 128.25, 51.0, 18.75, 26.0, 9999.0, 1.0, 1.25, 19.75, 9999.0, 9999.0, 9999.0, 119.0, 123.0, 118.25, 102.0, 133.5
2023-04-06, 18:24:11, 131.0, 51.25, 18.75, 26.0, 9999.0, 1.0, 1.25, 19.75, 9999.0, 9999.0, 9999.0, 119.0, 123.0, 118.25, 102.0, 133.75
2023-04-06, 18:24:15, 131.0, 51.25, 18.75, 25.75, 9999.0, 1.0, 1.5, 19.75, 9999.0, 9999.0, 9999.0, 118.75, 122.75, 118.25, 102.0, 133.5
2023-04-06, 18:24:19, 131.0, 51.0, 18.75, 25.75, 9999.0, 1.0, 1.25, 19.5, 9999.0, 9999.0, 9999.0, 118.75, 122.25, 117.5, 101.25, 132.25
2023-04-06, 18:24:23, 130.5, 51.25, 19.0, 25.75, 9999.0, 1.25, 1.25, 19.5, 9999.0, 9999.0, 9999.0, 118.75, 122.75, 118.25, 102.0, 133.5
2023-04-06, 18:24:27, 131.0, 51.25, 19.0, 25.75, 9999.0, 1.25, 1.25, 19.75, 9999.0, 9999.0, 9999.0, 118.75, 123.0, 118.25, 102.0, 133.5
2023-04-06, 18:24:31, 131.0, 51.25, 18.75, 25.75, 9999.0, 1.0, 1.25, 19.75, 9999.0, 9999.0, 9999.0, 118.75, 122.75, 118.25, 102.0, 133.5
2023-04-06, 18:24:35, 130.5, 51.0, 18.75, 25.75, 9999.0, 1.25, 1.5, 19.5, 9999.0, 9999.0, 9999.0, 118.5, 122.0, 118.0, 100.75, 132.0
2023-04-06, 18:24:39, 130.75, 51.25, 18.75, 25.75, 9999.0, 1.5, 1.25, 19.75, 9999.0, 9999.0, 9999.0, 118.5, 122.75, 118.25, 102.0, 133.5
2023-04-06, 18:24:43, 131.0, 51.25, 19.0, 25.5, 9999.0, 1.25, 1.25, 19.75, 9999.0, 9999.0, 9999.0, 119.25, 122.75, 118.25, 102.0, 133.5
2023-04-06, 18:24:47, 130.75, 51.25, 18.75, 26.0, 9999.0, 1.25, 1.25, 19.5, 9999.0, 9999.0, 9999.0, 119.25, 122.75, 118.25, 102.0, 133.5
2023-04-06, 18:24:51, 130.75, 51.0, 19.0, 26.0, 9999.0, 1.25, 1.25, 19.5, 9999.0, 9999.0, 9999.0, 117.5, 122.5, 117.0, 100.0, 133.5
2023-04-06, 18:24:55, 130.75, 51.25, 19.0, 26.0, 9999.0, 1.25, 1.25, 19.75, 9999.0, 9999.0, 9999.0, 119.25, 122.75, 118.25, 102.0, 133.5
2023-04-06, 18:24:59, 131.0, 51.25, 19.0, 26.0, 9999.0, 1.25, 1.25, 19.5, 9999.0, 9999.0, 9999.0, 119.25, 122.75, 118.25, 102.0, 133.5
2023-04-06, 18:25:03, 130.75, 51.25, 19.0, 26.0, 9999.0, 1.25, 1.5, 19.75, 9999.0, 9999.0, 9999.0, 119.0, 122.75, 118.25, 102.0, 133.5
2023-04-06, 18:25:07, 130.75, 51.25, 18.75, 26.0, 9999.0, 1.0, 1.25, 19.75, 9999.0, 9999.0, 9999.0, 118.0, 122.0, 117.25, 101.5, 133.5
2023-04-06, 18:25:11, 131.0, 51.25, 18.75, 26.0, 9999.0, 1.0, 1.25, 19.5, 9999.0, 9999.0, 9999.0, 119.0, 123.0, 118.25, 102.0, 133.75
2023-04-06, 18:25:15, 131.0, 51.25, 18.75, 25.75, 9999.0, 1.0, 1.5, 19.5, 9999.0, 9999.0, 9999.0, 119.0, 123.0, 118.25, 102.0, 133.5
2023-04-06, 18:25:19, 131.0, 51.25, 18.75, 25.5, 9999.0, 1.0, 1.25, 19.5, 9999.0, 9999.0, 9999.0, 119.0, 123.0, 118.25, 101.75, 133.5
2023-04-06, 18:25:23, 130.75, 51.25, 19.0, 25.75, 9999.0, 1.0, 1.5, 19.5, 9999.0, 9999.0, 9999.0, 118.75, 121.75, 117.75, 102.0, 133.5
2023-04-06, 18:25:27, 131.0, 51.25, 19.0, 25.75, 9999.0, 1.0, 1.25, 19.5, 9999.0, 9999.0, 9999.0, 119.0, 123.0, 118.25, 102.0, 133.5
2023-04-06, 18:25:31, 131.0, 51.25, 19.0, 25.75, 9999.0, 1.0, 1.25, 19.5, 9999.0, 9999.0, 9999.0, 119.0, 123.0, 118.25, 102.0, 133.5
2023-04-06, 18:25:35, 131.0, 51.25, 18.75, 25.75, 9999.0, 1.0, 1.25, 19.5, 9999.0, 9999.0, 9999.0, 119.0, 123.0, 118.0, 102.0, 133.5
2023-04-06, 18:25:39, 131.0, 51.25, 18.75, 26.0, 9999.0, 1.0, 1.25, 19.5, 9999.0, 9999.0, 9999.0, 117.5, 121.25, 118.25, 102.0, 133.5
2023-04-06, 18:25:43, 130.75, 51.25, 18.75, 26.0, 9999.0, 1.0, 1.25, 19.75, 9999.0, 9999.0, 9999.0, 118.75, 122.75, 118.25, 102.0, 133.5
2023-04-06, 18:25:47, 130.75, 51.25, 19.0, 25.75, 9999.0, 1.25, 1.25, 19.75, 9999.0, 9999.0, 9999.0, 118.75, 122.75, 118.25, 102.0, 133.5
2023-04-06, 18:25:51, 130.75, 51.25, 19.0, 25.75, 9999.0, 1.0, 1.25, 19.5, 9999.0, 9999.0, 9999.0, 118.75, 122.5, 118.25, 102.0, 133.5
2023-04-06, 18:25:55, 131.0, 51.25, 19.0, 25.75, 9999.0, 1.25, 1.25, 19.5, 9999.0, 9999.0, 9999.0, 117.75, 122.75, 118.25, 102.0, 133.75
2023-04-06, 18:25:59, 131.0, 51.25, 18.75, 26.0, 9999.0, 1.25, 1.25, 19.75, 9999.0, 9999.0, 9999.0, 118.5, 122.75, 118.25, 102.0, 133.5
2023-04-06, 18:26:03, 131.0, 51.25, 18.75, 25.75, 9999.0, 1.25, 1.25, 19.75, 9999.0, 9999.0, 9999.0, 119.25, 122.75, 118.25, 102.0, 133.75
2023-04-06, 18:26:07, 131.0, 51.25, 19.0, 26.0, 9999.0, 1.25, 1.25, 19.75, 9999.0, 9999.0, 9999.0, 119.25, 122.75, 118.0, 102.0, 133.5
2023-04-06, 18:26:11, 130.75, 51.25, 18.75, 26.0, 9999.0, 1.25, 1.5, 18.75, 9999.0, 9999.0, 9999.0, 119.0, 122.75, 118.25, 102.0, 133.5
2023-04-06, 18:26:15, 130.75, 51.25, 19.0, 26.0, 9999.0, 1.25, 1.5, 19.5, 9999.0, 9999.0, 9999.0, 119.25, 122.75, 118.25, 102.0, 133.5
2023-04-06, 18:26:19, 131.0, 51.25, 19.0, 25.75, 9999.0, 1.25, 1.5, 19.75, 9999.0, 9999.0, 9999.0, 119.0, 122.75, 118.25, 102.0, 133.5
2023-04-06, 18:26:23, 131.0, 51.25, 19.0, 25.75, 9999.0, 1.25, 1.5, 19.75, 9999.0, 9999.0, 9999.0, 119.0, 122.75, 118.25, 102.0, 133.5
2023-04-06, 18:26:27, 131.0, 51.25, 19.0, 25.75, 9999.0, 1.0, 0.0, 19.5, 9999.0, 9999.0, 9999.0, 119.0, 122.75, 118.25, 102.0, 133.5
2023-04-06, 18:26:31, 131.0, 51.25, 19.0, 25.75, 9999.0, 1.0, 1.5, 19.5, 9999.0, 9999.0, 9999.0, 119.0, 123.0, 118.25, 102.0, 133.5
2023-04-06, 18:26:35, 131.0, 51.25, 18.75, 26.0, 9999.0, 1.0, 1.5, 19.5, 9999.0, 9999.0, 9999.0, 119.0, 123.0, 118.25, 102.0, 133.5
2023-04-06, 18:26:39, 130.75, 51.25, 18.75, 26.0, 9999.0, 1.0, 1.25, 19.5, 9999.0, 9999.0, 9999.0, 119.0, 122.75, 118.25, 102.0, 133.75
2023-04-06, 18:26:43, 130.75, 51.25, 19.0, 25.75, 9999.0, -0.25, 1.0, 18.5, 9999.0, 9999.0, 9999.0, 119.0, 123.0, 118.25, 102.0, 133.5
2023-04-06, 18:26:47, 131.0, 51.25, 18.75, 26.0, 9999.0, 1.0, 1.5, 19.75, 9999.0, 9999.0, 9999.0, 119.0, 123.0, 118.25, 102.0, 133.5
2023-04-06, 18:26:51, 131.0, 51.25, 18.75, 25.75, 9999.0, 1.0, 1.5, 19.5, 9999.0, 9999.0, 9999.0, 119.0, 122.75, 118.25, 102.0, 133.5
2023-04-06, 18:26:55, 131.0, 51.25, 18.75, 26.0, 9999.0, 1.0, 1.25, 19.5, 9999.0, 9999.0, 9999.0, 118.75, 122.75, 118.0, 102.0, 133.5
2023-04-06, 18:26:59, 130.75, 51.25, 18.0, 25.5, 9999.0, 0.25, 1.25, 19.5, 9999.0, 9999.0, 9999.0, 118.75, 122.75, 118.25, 102.0, 133.75
2023-04-06, 18:27:03, 131.0, 51.25, 18.75, 26.0, 9999.0, 1.0, 1.25, 19.5, 9999.0, 9999.0, 9999.0, 118.75, 122.75, 118.25, 102.0, 133.5
2023-04-06, 18:27:08, 131.0, 51.25, 18.75, 25.5, 9999.0, 1.25, 1.25, 19.5, 9999.0, 9999.0, 9999.0, 118.75, 122.75, 118.25, 102.0, 133.5
2023-04-06, 18:27:12, 131.0, 51.25, 19.0, 25.75, 9999.0, 1.0, 1.25, 19.5, 9999.0, 9999.0, 9999.0, 118.75, 122.75, 118.25, 100.75, 132.5
2023-04-06, 18:27:16, 129.75, 49.5, 18.25, 25.75, 9999.0, 1.25, 1.5, 19.5, 9999.0, 9999.0, 9999.0, 118.75, 122.75, 118.25, 102.0, 133.75
2023-04-06, 18:27:20, 131.0, 51.25, 19.0, 26.0, 9999.0, 1.25, 1.25, 19.5, 9999.0, 9999.0, 9999.0, 118.75, 122.75, 118.0, 102.0, 133.5
2023-04-06, 18:27:24, 131.0, 51.25, 18.75, 26.0, 9999.0, 1.25, 1.5, 19.75, 9999.0, 9999.0, 9999.0, 119.25, 122.75, 118.25, 102.0, 133.5
2023-04-06, 18:27:28, 130.75, 51.25, 19.0, 26.0, 9999.0, 1.25, 1.25, 19.75, 9999.0, 9999.0, 9999.0, 117.75, 122.5, 117.0, 98.75, 133.5
2023-04-06, 18:27:32, 131.0, 51.25, 18.75, 26.0, 9999.0, 1.25, 1.25, 19.5, 9999.0, 9999.0, 9999.0, 119.25, 122.75, 118.25, 102.0, 133.75
2023-04-06, 18:27:36, 131.0, 51.25, 19.0, 26.0, 9999.0, 1.25, 1.5, 19.5, 9999.0, 9999.0, 9999.0, 119.25, 122.75, 118.25, 102.0, 133.5
2023-04-06, 18:27:40, 131.0, 51.25, 19.0, 26.0, 9999.0, 1.0, 1.25, 19.5, 9999.0, 9999.0, 9999.0, 119.25, 122.5, 118.25, 102.0, 133.5
2023-04-06, 18:27:44, 130.75, 51.25, 19.0, 26.25, 9999.0, 1.0, 1.25, 19.5, 9999.0, 9999.0, 9999.0, 117.25, 122.75, 118.25, 102.0, 133.5
2023-04-06, 18:27:48, 131.0, 51.25, 19.0, 25.75, 9999.0, 1.0, 1.25, 19.75, 9999.0, 9999.0, 9999.0, 119.0, 122.75, 118.25, 102.0, 133.5
2023-04-06, 18:27:52, 130.75, 51.25, 19.0, 25.75, 9999.0, 1.0, 1.25, 19.5, 9999.0, 9999.0, 9999.0, 119.0, 122.75, 118.25, 102.0, 133.5
2023-04-06, 18:27:56, 131.0, 51.25, 18.75, 25.5, 9999.0, 1.0, 1.25, 19.5, 9999.0, 9999.0, 9999.0, 119.0, 123.0, 118.25, 102.0, 133.5
2023-04-06, 18:28:00, 131.0, 51.25, 18.75, 25.5, 9999.0, 0.25, 0.75, 18.0, 9999.0, 9999.0, 9999.0, 119.0, 122.75, 118.25, 102.0, 133.5
2023-04-06, 18:28:04, 130.75, 51.25, 18.75, 25.75, 9999.0, 1.0, 1.5, 19.5, 9999.0, 9999.0, 9999.0, 119.0, 123.0, 118.25, 102.0, 133.75
2023-04-06, 18:28:08, 131.0, 51.25, 18.75, 25.75, 9999.0, 1.0, 1.5, 19.75, 9999.0, 9999.0, 9999.0, 119.0, 122.75, 118.25, 102.0, 133.5
2023-04-06, 18:28:12, 130.75, 51.25, 18.75, 25.75, 9999.0, 1.0, 1.25, 19.5, 9999.0, 9999.0, 9999.0, 119.0, 122.75, 118.25, 102.0, 133.5
2023-04-06, 18:28:16, 131.0, 49.75, 18.75, 24.75, 9999.0, 1.0, 1.25, 19.5, 9999.0, 9999.0, 9999.0, 118.75, 123.0, 118.25, 102.0, 133.5
2023-04-06, 18:28:20, 131.0, 51.25, 19.0, 25.75, 9999.0, 1.0, 1.25, 19.5, 9999.0, 9999.0, 9999.0, 118.75, 123.0, 118.25, 102.0, 133.5
2023-04-06, 18:28:24, 131.0, 51.25, 19.0, 25.75, 9999.0, 1.0, 1.25, 19.75, 9999.0, 9999.0, 9999.0, 118.75, 122.75, 118.25, 102.0, 133.5
2023-04-06, 18:28:28, 130.75, 51.25, 18.75, 26.0, 9999.0, 1.0, 1.25, 19.5, 9999.0, 9999.0, 9999.0, 118.75, 122.75, 118.25, 101.25, 133.25
2023-04-06, 18:28:32, 129.75, 50.0, 19.0, 26.0, 9999.0, 1.25, 1.25, 19.5, 9999.0, 9999.0, 9999.0, 118.75, 122.75, 118.25, 102.0, 133.5
2023-04-06, 18:28:36, 131.0, 51.25, 19.0, 26.0, 9999.0, 1.25, 1.25, 19.75, 9999.0, 9999.0, 9999.0, 118.75, 122.75, 118.25, 102.0, 133.75
2023-04-06, 18:28:40, 130.75, 51.25, 19.0, 26.0, 9999.0, 1.25, 1.5, 19.75, 9999.0, 9999.0, 9999.0, 118.75, 122.75, 118.25, 102.0, 133.25
2023-04-06, 18:28:44, 130.75, 51.25, 18.75, 26.0, 9999.0, 1.25, 1.25, 19.75, 9999.0, 9999.0, 9999.0, 118.5, 122.0, 117.25, 101.5, 133.5
2023-04-06, 18:28:48, 131.0, 51.25, 18.75, 26.0, 9999.0, 1.25, 1.5, 19.75, 9999.0, 9999.0, 9999.0, 119.25, 122.75, 118.25, 102.0, 133.5
2023-04-06, 18:28:52, 131.0, 51.25, 19.0, 26.0, 9999.0, 1.25, 1.25, 19.75, 9999.0, 9999.0, 9999.0, 119.25, 122.75, 118.25, 102.0, 133.5
2023-04-06, 18:28:56, 131.0, 51.25, 18.75, 26.0, 9999.0, 1.25, 1.25, 19.75, 9999.0, 9999.0, 9999.0, 119.25, 122.75, 118.25, 102.0, 133.5
2023-04-06, 18:29:00, 131.0, 51.25, 18.75, 26.0, 9999.0, 1.0, 1.5, 18.5, 9999.0, 9999.0, 9999.0, 119.0, 122.75, 118.25, 102.0, 133.5
2023-04-06, 18:29:04, 131.0, 51.25, 19.0, 26.0, 9999.0, 1.25, 1.5, 19.5, 9999.0, 9999.0, 9999.0, 119.0, 122.75, 118.25, 102.0, 133.5
2023-04-06, 18:29:08, 131.0, 51.25, 19.0, 25.75, 9999.0, 1.25, 1.5, 19.75, 9999.0, 9999.0, 9999.0, 119.0, 122.75, 118.25, 102.0, 133.5
2023-04-06, 18:29:12, 130.75, 51.25, 19.0, 25.75, 9999.0, 1.0, 1.5, 19.5, 9999.0, 9999.0, 9999.0, 119.0, 122.75, 118.25, 102.0, 133.5
2023-04-06, 18:29:16, 130.75, 51.25, 18.75, 26.0, 9999.0, 1.0, -0.25, 19.5, 9999.0, 9999.0, 9999.0, 119.0, 123.0, 118.0, 102.0, 133.5
2023-04-06, 18:29:20, 131.0, 51.25, 19.0, 25.75, 9999.0, 1.0, 1.5, 19.75, 9999.0, 9999.0, 9999.0, 119.0, 123.0, 118.25, 102.0, 133.75
2023-04-06, 18:29:24, 131.0, 51.25, 19.0, 25.5, 9999.0, 1.0, 1.25, 19.75, 9999.0, 9999.0, 9999.0, 119.0, 123.0, 118.25, 102.0, 133.75
2023-04-06, 18:29:28, 131.0, 51.25, 18.75, 25.5, 9999.0, 1.0, 1.25, 19.75, 9999.0, 9999.0, 9999.0, 118.75, 123.0, 118.25, 102.0, 133.5
2023-04-06, 18:29:32, 130.75, 51.25, 18.75, 26.0, 9999.0, -0.5, 1.0, 18.75, 9999.0, 9999.0, 9999.0, 119.0, 123.0, 118.25, 102.0, 133.5
2023-04-06, 18:29:36, 131.0, 51.25, 18.75, 26.0, 9999.0, 1.0, 1.25, 19.75, 9999.0, 9999.0, 9999.0, 119.0, 123.0, 118.25, 102.0, 133.75
2023-04-06, 18:29:40, 131.0, 51.25, 18.75, 26.0, 9999.0, 1.0, 1.25, 19.75, 9999.0, 9999.0, 9999.0, 118.75, 123.0, 118.25, 102.0, 133.75
2023-04-06, 18:29:44, 131.0, 51.25, 19.0, 25.75, 9999.0, 1.0, 1.25, 19.5, 9999.0, 9999.0, 9999.0, 118.75, 123.0, 118.25, 102.0, 133.75
2023-04-06, 18:29:48, 131.0, 51.25, 19.0, 25.75, 9999.0, 1.0, 1.25, 19.5, 9999.0, 9999.0, 9999.0, 118.75, 123.0, 118.25, 102.0, 131.5
2023-04-06, 18:29:52, 130.75, 50.0, 16.5, 25.5, 9999.0, 1.25, 1.25, 19.5, 9999.0, 9999.0, 9999.0, 118.75, 123.0, 118.25, 102.0, 133.5
2023-04-06, 18:29:56, 131.0, 51.25, 19.0, 25.5, 9999.0, 1.25, 1.25, 19.75, 9999.0, 9999.0, 9999.0, 118.75, 123.0, 118.25, 102.0, 133.5
2023-04-06, 18:30:00, 130.75, 51.25, 19.0, 25.5, 9999.0, 1.5, 1.5, 19.75, 9999.0, 9999.0, 9999.0, 118.75, 122.75, 118.25, 102.0, 133.25
2023-04-06, 18:30:04, 130.75, 51.25, 19.0, 25.5, 9999.0, 1.25, 1.5, 19.75, 9999.0, 9999.0, 9999.0, 118.25, 122.5, 117.0, 101.5, 133.5
2023-04-06, 18:30:08, 131.0, 51.25, 19.0, 25.5, 9999.0, 1.25, 1.25, 19.75, 9999.0, 9999.0, 9999.0, 119.25, 122.75, 118.25, 102.0, 133.5
2023-04-06, 18:30:12, 131.0, 51.25, 19.0, 25.0, 9999.0, 1.25, 1.5, 19.75, 9999.0, 9999.0, 9999.0, 119.25, 122.75, 118.25, 102.0, 133.5
2023-04-06, 18:30:16, 131.0, 51.25, 19.0, 25.5, 9999.0, 1.25, 1.5, 19.75, 9999.0, 9999.0, 9999.0, 119.0, 122.75, 118.25, 102.0, 133.5
2023-04-06, 18:30:20, 131.0, 51.25, 19.0, 25.75, 9999.0, 1.25, 1.25, 18.75, 9999.0, 9999.0, 9999.0, 119.0, 122.75, 118.25, 102.0, 133.5
2023-04-06, 18:30:24, 130.75, 51.25, 18.75, 25.75, 9999.0, 1.25, 1.5, 19.5, 9999.0, 9999.0, 9999.0, 119.0, 122.75, 118.25, 102.0, 133.5
2023-04-06, 18:30:33, 131.0, 51.25, 18.75, 25.75, 9999.0, 1.0, 1.25, 19.75, 9999.0, 9999.0, 9999.0, 119.0, 122.75, 118.25, 102.0, 133.5
2023-04-06, 18:30:34, 130.75, 51.25, 19.0, 25.75, 9999.0, 1.0, 1.25, 19.5, 9999.0, 9999.0, 9999.0, 119.0, 122.75, 118.25, 102.0, 133.5
2023-04-06, 18:30:37, 130.75, 51.25, 17.5, 24.75, 9999.0, -0.25, 0.75, 19.5, 9999.0, 9999.0, 9999.0, 119.0, 123.0, 118.25, 102.0, 133.5
2023-04-06, 18:30:40, 131.0, 51.25, 19.0, 25.75, 9999.0, 1.0, 1.25, 19.5, 9999.0, 9999.0, 9999.0, 119.0, 122.75, 118.25, 102.0, 133.5
2023-04-06, 18:30:44, 131.0, 51.25, 19.0, 25.75, 9999.0, 1.0, 1.25, 19.5, 9999.0, 9999.0, 9999.0, 119.0, 122.75, 118.25, 102.0, 133.5
2023-04-06, 18:30:48, 131.0, 51.25, 18.75, 25.75, 9999.0, 1.0, 1.25, 19.75, 9999.0, 9999.0, 9999.0, 119.0, 122.75, 118.25, 102.0, 132.0
2023-04-06, 18:30:52, 130.75, 50.5, 18.25, 26.0, 9999.0, 1.0, 1.25, 19.5, 9999.0, 9999.0, 9999.0, 119.0, 122.75, 118.25, 102.0, 133.75
2023-04-06, 18:30:56, 131.0, 51.25, 19.0, 26.0, 9999.0, 1.0, 1.25, 19.75, 9999.0, 9999.0, 9999.0, 118.75, 122.75, 118.25, 102.0, 133.5
2023-04-06, 18:31:00, 131.0, 51.25, 19.0, 25.75, 9999.0, 1.0, 1.25, 19.75, 9999.0, 9999.0, 9999.0, 118.75, 122.75, 118.25, 102.0, 133.25
2023-04-06, 18:31:04, 130.75, 51.25, 18.75, 25.75, 9999.0, 1.0, 1.25, 19.5, 9999.0, 9999.0, 9999.0, 117.75, 122.5, 117.25, 101.5, 133.5
2023-04-06, 18:31:08, 131.0, 51.25, 19.0, 25.75, 9999.0, 1.25, 1.5, 19.75, 9999.0, 9999.0, 9999.0, 118.75, 122.75, 118.25, 102.0, 133.5
2023-04-06, 18:31:12, 131.0, 51.25, 19.0, 26.0, 9999.0, 1.0, 1.25, 19.75, 9999.0, 9999.0, 9999.0, 118.75, 122.75, 118.25, 102.0, 133.75
2023-04-06, 18:31:16, 131.0, 51.25, 19.0, 26.0, 9999.0, 1.25, 1.5, 19.75, 9999.0, 9999.0, 9999.0, 118.5, 122.75, 118.25, 102.0, 133.5
2023-04-06, 18:31:20, 131.0, 51.25, 19.0, 26.0, 9999.0, 1.25, 0.75, 18.75, 9999.0, 9999.0, 9999.0, 118.5, 122.75, 118.25, 102.0, 133.5
2023-04-06, 18:31:24, 131.0, 51.25, 19.0, 26.0, 9999.0, 1.25, 1.5, 19.75, 9999.0, 9999.0, 9999.0, 119.25, 122.75, 118.25, 102.0, 133.5
2023-04-06, 18:31:28, 131.0, 51.25, 19.0, 26.0, 9999.0, 1.25, 1.5, 19.75, 9999.0, 9999.0, 9999.0, 119.25, 122.75, 118.25, 102.0, 133.5
2023-04-06, 18:31:32, 131.0, 51.25, 19.0, 26.0, 9999.0, 1.25, 1.5, 19.5, 9999.0, 9999.0, 9999.0, 119.25, 122.75, 118.25, 102.0, 133.5
2023-04-06, 18:31:37, 131.0, 51.25, 17.75, 25.0, 9999.0, 0.25, 0.75, 19.75, 9999.0, 9999.0, 9999.0, 119.25, 122.75, 118.0, 102.0, 133.5
2023-04-06, 18:31:41, 131.0, 51.25, 19.0, 26.0, 9999.0, 1.25, 1.5, 19.75, 9999.0, 9999.0, 9999.0, 119.25, 122.75, 118.25, 102.0, 133.5
2023-04-06, 18:31:45, 131.0, 51.25, 19.0, 26.0, 9999.0, 1.25, 1.5, 19.75, 9999.0, 9999.0, 9999.0, 119.0, 122.75, 118.25, 102.0, 133.5
2023-04-06, 18:31:49, 131.0, 51.25, 18.75, 25.75, 9999.0, 1.25, 1.5, 19.5, 9999.0, 9999.0, 9999.0, 119.0, 122.5, 118.0, 101.0, 133.25
2023-04-06, 18:31:53, 129.75, 50.0, 18.75, 25.75, 9999.0, 1.25, 1.5, 19.75, 9999.0, 9999.0, 9999.0, 119.0, 122.75, 118.0, 102.0, 133.75
2023-04-06, 18:31:57, 131.0, 51.25, 18.75, 26.0, 9999.0, 1.25, 1.25, 19.75, 9999.0, 9999.0, 9999.0, 119.0, 122.75, 118.25, 102.0, 133.5
2023-04-06, 18:32:01, 131.0, 51.25, 19.0, 26.0, 9999.0, 1.0, 1.5, 19.5, 9999.0, 9999.0, 9999.0, 119.0, 122.75, 118.25, 102.0, 133.25
2023-04-06, 18:32:05, 130.75, 51.25, 19.0, 26.0, 9999.0, 1.0, 1.5, 19.75, 9999.0, 9999.0, 9999.0, 118.75, 121.5, 114.25, 102.0, 133.5
2023-04-06, 18:32:09, 131.0, 51.25, 19.0, 26.0, 9999.0, 1.0, 1.5, 19.75, 9999.0, 9999.0, 9999.0, 119.0, 122.75, 118.25, 102.0, 133.75
2023-04-06, 18:32:13, 131.0, 51.25, 18.75, 25.75, 9999.0, 1.0, 1.25, 19.75, 9999.0, 9999.0, 9999.0, 119.0, 122.75, 118.25, 102.0, 133.5
2023-04-06, 18:32:17, 131.0, 51.25, 19.0, 25.75, 9999.0, 1.0, 1.5, 19.5, 9999.0, 9999.0, 9999.0, 119.0, 122.75, 118.0, 102.0, 133.5
2023-04-06, 18:32:21, 131.0, 51.25, 19.0, 26.0, 9999.0, 1.0, 0.25, 19.5, 9999.0, 9999.0, 9999.0, 119.0, 122.75, 118.0, 102.0, 133.75
2023-04-06, 18:32:25, 131.0, 51.25, 19.0, 26.0, 9999.0, 1.0, 1.5, 19.75, 9999.0, 9999.0, 9999.0, 118.75, 122.75, 118.25, 102.0, 133.75
2023-04-06, 18:32:29, 131.0, 51.25, 19.0, 26.0, 9999.0, 1.25, 1.25, 19.75, 9999.0, 9999.0, 9999.0, 118.75, 122.75, 118.25, 102.0, 133.75
2023-04-06, 18:32:33, 131.0, 51.25, 19.0, 26.0, 9999.0, 1.25, 1.25, 19.5, 9999.0, 9999.0, 9999.0, 118.75, 122.75, 118.25, 102.0, 133.5
2023-04-06, 18:32:37, 131.0, 51.25, 18.0, 25.75, 9999.0, -3.5, 1.5, 19.75, 9999.0, 9999.0, 9999.0, 118.75, 122.75, 118.25, 102.0, 133.5
2023-04-06, 18:32:41, 131.0, 51.25, 19.0, 26.0, 9999.0, 1.5, 1.5, 19.75, 9999.0, 9999.0, 9999.0, 118.75, 122.75, 118.25, 102.0, 133.75
2023-04-06, 18:32:45, 131.0, 51.25, 19.0, 26.0, 9999.0, 1.5, 1.5, 19.75, 9999.0, 9999.0, 9999.0, 119.25, 122.75, 118.25, 102.0, 133.75
2023-04-06, 18:32:49, 131.0, 51.25, 18.75, 26.0, 9999.0, 1.25, 1.5, 19.75, 9999.0, 9999.0, 9999.0, 119.25, 122.75, 118.0, 102.0, 133.5
2023-04-06, 18:32:53, 130.0, 51.0, 17.75, 24.25, 9999.0, 1.25, 1.5, 19.75, 9999.0, 9999.0, 9999.0, 119.25, 122.75, 118.25, 102.0, 133.5
2023-04-06, 18:32:57, 131.0, 51.25, 19.0, 26.0, 9999.0, 1.25, 1.5, 19.75, 9999.0, 9999.0, 9999.0, 119.25, 122.75, 118.25, 102.0, 133.75
2023-04-06, 18:33:01, 131.0, 51.25, 19.0, 26.0, 9999.0, 1.25, 1.5, 19.75, 9999.0, 9999.0, 9999.0, 119.25, 122.75, 118.25, 102.0, 133.75
2023-04-06, 18:33:05, 131.0, 51.25, 18.75, 26.0, 9999.0, 1.25, 1.5, 19.75, 9999.0, 9999.0, 9999.0, 119.0, 122.75, 117.75, 101.25, 132.75
2023-04-06, 18:33:09, 129.75, 50.5, 19.0, 26.0, 9999.0, 1.25, 1.5, 19.75, 9999.0, 9999.0, 9999.0, 119.0, 122.75, 118.25, 102.0, 133.75
2023-04-06, 18:33:13, 131.0, 51.25, 19.0, 26.0, 9999.0, 1.25, 1.5, 19.75, 9999.0, 9999.0, 9999.0, 119.0, 123.0, 118.25, 102.0, 133.75
2023-04-06, 18:33:17, 131.0, 51.25, 19.0, 26.0, 9999.0, 1.25, 1.5, 19.75, 9999.0, 9999.0, 9999.0, 119.0, 123.0, 118.25, 102.0, 133.75
2023-04-06, 18:33:21, 130.75, 51.25, 19.0, 26.0, 9999.0, 1.25, 1.5, 19.75, 9999.0, 9999.0, 9999.0, 118.0, 121.75, 117.0, 101.0, 132.75
2023-04-06, 18:33:25, 131.0, 51.5, 19.0, 26.0, 9999.0, 1.25, 1.5, 19.75, 9999.0, 9999.0, 9999.0, 119.0, 123.0, 118.25, 102.0, 133.75
2023-04-06, 18:33:29, 131.0, 51.25, 19.0, 26.0, 9999.0, 1.0, 1.5, 19.75, 9999.0, 9999.0, 9999.0, 119.0, 123.0, 118.25, 102.0, 133.75
2023-04-06, 18:33:33, 131.0, 51.5, 19.0, 26.0, 9999.0, 1.0, 1.5, 19.75, 9999.0, 9999.0, 9999.0, 119.0, 123.0, 118.25, 102.0, 133.5
2023-04-06, 18:33:37, 131.0, 51.25, 19.0, 26.0, 9999.0, 1.0, 1.5, 19.75, 9999.0, 9999.0, 9999.0, 117.5, 120.75, 118.0, 102.0, 133.75
2023-04-06, 18:33:41, 131.0, 51.25, 19.25, 26.0, 9999.0, 1.0, 1.5, 19.75, 9999.0, 9999.0, 9999.0, 118.75, 122.75, 118.25, 102.0, 133.75
2023-04-06, 18:33:45, 131.0, 51.25, 19.0, 26.0, 9999.0, 1.25, 1.5, 19.75, 9999.0, 9999.0, 9999.0, 118.75, 122.75, 118.25, 102.0, 133.75
2023-04-06, 18:33:49, 131.0, 51.25, 18.75, 26.0, 9999.0, 1.25, 1.5, 19.75, 9999.0, 9999.0, 9999.0, 118.75, 122.75, 118.0, 102.0, 133.75
2023-04-06, 18:33:53, 131.0, 51.5, 19.0, 26.0, 9999.0, 1.25, 1.5, 18.5, 9999.0, 9999.0, 9999.0, 118.75, 122.75, 118.25, 102.0, 133.75
2023-04-06, 18:33:57, 131.0, 51.25, 19.0, 26.0, 9999.0, 1.25, 1.5, 19.75, 9999.0, 9999.0, 9999.0, 118.75, 122.75, 118.25, 102.0, 133.75
2023-04-06, 18:34:01, 131.0, 51.25, 19.0, 26.0, 9999.0, 1.5, 1.5, 19.75, 9999.0, 9999.0, 9999.0, 118.75, 122.75, 118.25, 102.0, 133.75
2023-04-06, 18:34:05, 131.0, 51.25, 19.0, 25.75, 9999.0, 1.5, 1.5, 19.75, 9999.0, 9999.0, 9999.0, 119.5, 122.75, 118.25, 102.0, 133.75
2023-04-06, 18:34:09, 131.0, 51.25, 19.0, 24.5, 9999.0, 0.5, -0.5, 19.75, 9999.0, 9999.0, 9999.0, 119.25, 122.75, 118.25, 102.0, 133.75
2023-04-06, 18:34:13, 131.0, 51.25, 19.0, 26.0, 9999.0, 1.5, 1.5, 19.75, 9999.0, 9999.0, 9999.0, 119.25, 122.75, 118.25, 102.0, 133.75
2023-04-06, 18:34:17, 131.0, 51.25, 19.0, 26.0, 9999.0, 1.25, 1.5, 19.75, 9999.0, 9999.0, 9999.0, 119.25, 122.75, 118.25, 102.0, 133.75
2023-04-06, 18:34:21, 131.0, 51.25, 19.0, 25.75, 9999.0, 1.25, 1.5, 19.75, 9999.0, 9999.0, 9999.0, 119.25, 122.75, 118.25, 102.0, 132.5
2023-04-06, 18:34:25, 130.75, 50.0, 17.75, 26.0, 9999.0, 1.25, 1.5, 19.75, 9999.0, 9999.0, 9999.0, 119.0, 122.75, 118.25, 102.0, 133.75
2023-04-06, 18:34:29, 131.0, 51.25, 19.0, 26.0, 9999.0, 1.25, 1.5, 19.75, 9999.0, 9999.0, 9999.0, 119.0, 122.75, 118.25, 102.0, 133.75
2023-04-06, 18:34:33, 131.0, 51.5, 19.0, 25.75, 9999.0, 1.25, 1.5, 19.75, 9999.0, 9999.0, 9999.0, 119.25, 122.75, 118.25, 102.0, 133.5
2023-04-06, 18:34:37, 131.0, 51.25, 19.0, 25.75, 9999.0, 1.25, 1.5, 19.75, 9999.0, 9999.0, 9999.0, 118.25, 122.5, 117.0, 101.5, 133.5
2023-04-06, 18:34:41, 131.0, 51.25, 19.0, 25.5, 9999.0, 1.0, 1.5, 19.75, 9999.0, 9999.0, 9999.0, 119.0, 123.0, 118.0, 102.0, 133.75
2023-04-06, 18:34:45, 131.0, 51.25, 19.0, 25.5, 9999.0, 1.25, 1.5, 19.75, 9999.0, 9999.0, 9999.0, 119.0, 123.0, 118.25, 102.0, 133.75
2023-04-06, 18:34:49, 131.0, 51.25, 19.0, 25.5, 9999.0, 1.25, 1.5, 19.75, 9999.0, 9999.0, 9999.0, 118.75, 122.75, 118.0, 102.0, 133.75
2023-04-06, 18:34:53, 131.0, 51.25, 19.0, 25.75, 9999.0, 1.0, 1.0, 19.0, 9999.0, 9999.0, 9999.0, 119.0, 123.0, 118.25, 102.0, 133.75
2023-04-06, 18:34:57, 131.0, 51.25, 19.0, 25.75, 9999.0, 1.25, 1.5, 19.75, 9999.0, 9999.0, 9999.0, 119.0, 123.0, 118.25, 102.0, 133.75
2023-04-06, 18:35:01, 131.0, 51.25, 19.0, 26.0, 9999.0, 1.0, 1.5, 19.75, 9999.0, 9999.0, 9999.0, 119.0, 123.0, 118.25, 102.0, 133.75
2023-04-06, 18:35:05, 131.0, 51.25, 19.0, 26.0, 9999.0, 1.0, 1.5, 19.5, 9999.0, 9999.0, 9999.0, 118.75, 123.0, 118.25, 102.0, 133.75
2023-04-06, 18:35:09, 131.0, 51.25, 18.5, 25.5, 9999.0, 0.25, 1.0, 19.75, 9999.0, 9999.0, 9999.0, 118.75, 122.75, 118.25, 102.0, 133.75
2023-04-06, 18:35:13, 131.0, 51.25, 19.0, 26.0, 9999.0, 1.25, 1.5, 19.5, 9999.0, 9999.0, 9999.0, 118.75, 122.75, 118.25, 102.0, 133.75
2023-04-06, 18:35:17, 131.0, 51.25, 19.0, 26.0, 9999.0, 1.25, 1.5, 19.75, 9999.0, 9999.0, 9999.0, 118.75, 123.0, 118.25, 102.0, 133.75
2023-04-06, 18:35:21, 131.0, 51.25, 19.0, 26.0, 9999.0, 1.5, 1.5, 19.75, 9999.0, 9999.0, 9999.0, 118.75, 122.75, 118.25, 100.75, 133.0
2023-04-06, 18:35:25, 130.25, 48.5, 18.5, 25.75, 9999.0, 1.5, 1.5, 19.75, 9999.0, 9999.0, 9999.0, 119.5, 122.75, 118.25, 102.0, 133.75
2023-04-06, 18:35:29, 131.0, 51.25, 19.0, 26.0, 9999.0, 1.5, 1.5, 19.75, 9999.0, 9999.0, 9999.0, 119.25, 122.75, 118.25, 102.0, 133.75
2023-04-06, 18:35:33, 131.0, 51.25, 19.0, 26.0, 9999.0, 1.5, 1.5, 19.75, 9999.0, 9999.0, 9999.0, 119.25, 122.75, 118.25, 102.0, 133.5
2023-04-06, 18:35:37, 131.0, 51.25, 19.0, 25.75, 9999.0, 1.25, 1.5, 19.75, 9999.0, 9999.0, 9999.0, 119.0, 121.75, 115.5, 102.0, 133.75
2023-04-06, 18:35:41, 131.0, 51.25, 19.0, 26.0, 9999.0, 1.25, 1.5, 19.75, 9999.0, 9999.0, 9999.0, 119.25, 122.75, 118.25, 102.0, 133.75
2023-04-06, 18:35:45, 131.0, 51.25, 19.0, 26.0, 9999.0, 1.25, 1.5, 19.75, 9999.0, 9999.0, 9999.0, 119.25, 122.75, 118.25, 102.0, 133.75
2023-04-06, 18:35:49, 131.0, 51.25, 19.0, 26.0, 9999.0, 1.25, 1.25, 19.75, 9999.0, 9999.0, 9999.0, 119.0, 122.75, 118.25, 102.0, 133.75
2023-04-06, 18:35:53, 131.0, 51.25, 18.75, 26.0, 9999.0, 1.25, 0.25, 19.5, 9999.0, 9999.0, 9999.0, 119.0, 122.75, 118.25, 102.0, 133.75
2023-04-06, 18:35:57, 131.0, 51.25, 19.0, 26.0, 9999.0, 1.25, 1.25, 19.75, 9999.0, 9999.0, 9999.0, 119.0, 123.0, 118.25, 102.0, 133.75
2023-04-06, 18:36:02, 131.0, 51.25, 19.0, 26.0, 9999.0, 1.25, 1.5, 19.75, 9999.0, 9999.0, 9999.0, 119.0, 123.0, 118.25, 102.0, 133.75
2023-04-06, 18:36:06, 131.0, 51.25, 19.0, 26.0, 9999.0, 1.0, 1.25, 19.75, 9999.0, 9999.0, 9999.0, 119.0, 123.0, 118.25, 102.0, 133.75
2023-04-06, 18:36:10, 131.0, 51.25, 18.0, 25.75, 9999.0, 0.25, 1.5, 19.75, 9999.0, 9999.0, 9999.0, 119.0, 123.0, 118.25, 102.0, 133.75
2023-04-06, 18:36:14, 131.0, 51.25, 19.0, 26.0, 9999.0, 1.0, 1.25, 19.75, 9999.0, 9999.0, 9999.0, 119.0, 122.75, 118.25, 102.0, 133.5
2023-04-06, 18:36:18, 131.0, 51.25, 19.0, 25.75, 9999.0, 1.0, 1.5, 19.75, 9999.0, 9999.0, 9999.0, 119.0, 122.75, 118.25, 102.0, 133.75
2023-04-06, 18:36:22, 131.0, 51.25, 18.75, 25.75, 9999.0, 1.0, 1.25, 19.75, 9999.0, 9999.0, 9999.0, 119.0, 122.75, 117.75, 101.25, 133.25
2023-04-06, 18:36:26, 130.0, 50.5, 19.0, 26.0, 9999.0, 1.0, 1.5, 19.75, 9999.0, 9999.0, 9999.0, 118.75, 122.75, 118.25, 102.0, 133.5
2023-04-06, 18:36:30, 131.0, 51.25, 19.0, 26.0, 9999.0, 1.25, 1.5, 19.75, 9999.0, 9999.0, 9999.0, 118.75, 122.75, 118.25, 102.0, 133.75
2023-04-06, 18:36:34, 131.0, 51.25, 19.0, 26.0, 9999.0, 1.25, 1.25, 19.75, 9999.0, 9999.0, 9999.0, 118.75, 122.75, 118.25, 101.75, 133.5
2023-04-06, 18:36:38, 131.0, 51.25, 19.0, 26.0, 9999.0, 1.25, 1.5, 19.75, 9999.0, 9999.0, 9999.0, 118.0, 122.0, 117.5, 101.75, 133.75
2023-04-06, 18:36:42, 131.0, 51.25, 19.0, 26.0, 9999.0, 1.5, 1.5, 19.75, 9999.0, 9999.0, 9999.0, 118.75, 122.75, 118.0, 102.0, 133.5
2023-04-06, 18:36:46, 131.0, 51.25, 19.0, 26.0, 9999.0, 1.5, 1.25, 19.75, 9999.0, 9999.0, 9999.0, 118.75, 122.75, 118.0, 102.0, 133.75
2023-04-06, 18:36:50, 131.0, 51.25, 19.0, 25.75, 9999.0, 1.25, 1.5, 19.75, 9999.0, 9999.0, 9999.0, 119.25, 122.75, 118.25, 102.0, 133.75
2023-04-06, 18:36:54, 131.0, 51.25, 19.0, 25.75, 9999.0, 0.75, 1.0, 19.0, 9999.0, 9999.0, 9999.0, 119.25, 122.75, 118.25, 102.0, 133.75
2023-04-06, 18:36:58, 131.0, 51.25, 18.75, 26.0, 9999.0, 1.25, 1.5, 19.75, 9999.0, 9999.0, 9999.0, 119.25, 122.75, 118.25, 102.0, 133.75
2023-04-06, 18:37:02, 131.0, 51.25, 19.0, 26.0, 9999.0, 1.25, 1.5, 19.75, 9999.0, 9999.0, 9999.0, 119.25, 122.75, 118.25, 102.0, 133.75
2023-04-06, 18:37:06, 131.0, 51.25, 19.0, 26.0, 9999.0, 1.25, 1.25, 19.75, 9999.0, 9999.0, 9999.0, 119.0, 122.75, 118.0, 102.0, 133.5
2023-04-06, 18:37:10, 131.0, 50.0, 18.5, 24.75, 9999.0, 1.0, 1.5, 19.75, 9999.0, 9999.0, 9999.0, 119.0, 122.75, 118.25, 102.0, 133.5
2023-04-06, 18:37:14, 131.0, 51.25, 18.75, 26.0, 9999.0, 1.25, 1.5, 19.75, 9999.0, 9999.0, 9999.0, 119.0, 122.75, 118.0, 102.0, 133.5
2023-04-06, 18:37:18, 131.0, 51.25, 18.75, 26.0, 9999.0, 1.25, 1.5, 19.75, 9999.0, 9999.0, 9999.0, 119.0, 122.75, 118.25, 101.75, 133.5
2023-04-06, 18:37:22, 131.0, 51.25, 18.75, 26.0, 9999.0, 1.0, 1.5, 19.5, 9999.0, 9999.0, 9999.0, 119.0, 122.75, 116.75, 101.75, 132.75
2023-04-06, 18:37:26, 127.75, 51.25, 18.75, 26.25, 9999.0, 1.25, 1.5, 19.75, 9999.0, 9999.0, 9999.0, 119.0, 123.0, 118.25, 102.0, 133.5
2023-04-06, 18:37:30, 131.0, 51.25, 18.75, 26.25, 9999.0, 1.0, 1.5, 19.75, 9999.0, 9999.0, 9999.0, 119.0, 122.75, 118.0, 102.0, 133.75
2023-04-06, 18:37:34, 131.0, 51.25, 19.0, 26.0, 9999.0, 1.0, 1.5, 19.75, 9999.0, 9999.0, 9999.0, 119.0, 123.0, 118.0, 101.75, 133.5
2023-04-06, 18:37:38, 131.0, 51.25, 18.75, 26.25, 9999.0, 1.0, 1.25, 19.5, 9999.0, 9999.0, 9999.0, 118.0, 118.0, 118.0, 102.0, 133.75
2023-04-06, 18:37:42, 131.0, 51.25, 18.75, 26.25, 9999.0, 1.0, 1.25, 19.75, 9999.0, 9999.0, 9999.0, 119.0, 122.75, 118.25, 102.0, 133.5
2023-04-06, 18:37:46, 131.0, 51.25, 19.0, 26.25, 9999.0, 1.0, 1.5, 19.75, 9999.0, 9999.0, 9999.0, 118.75, 122.75, 118.25, 101.75, 133.75
2023-04-06, 18:37:50, 131.0, 51.25, 19.0, 26.25, 9999.0, 1.25, 1.5, 19.5, 9999.0, 9999.0, 9999.0, 118.75, 122.75, 118.25, 102.0, 133.75
2023-04-06, 18:37:54, 131.0, 51.25, 19.0, 26.0, 9999.0, 0.0, 1.0, 19.0, 9999.0, 9999.0, 9999.0, 118.75, 122.75, 118.25, 102.0, 133.5
2023-04-06, 18:37:58, 131.0, 51.25, 19.0, 26.0, 9999.0, 1.25, 1.25, 19.5, 9999.0, 9999.0, 9999.0, 118.75, 122.75, 118.25, 102.0, 133.5
2023-04-06, 18:38:02, 130.75, 51.25, 19.0, 26.0, 9999.0, 1.5, 1.5, 19.75, 9999.0, 9999.0, 9999.0, 118.75, 122.75, 118.25, 102.0, 133.5
2023-04-06, 18:38:06, 131.0, 51.25, 19.0, 26.0, 9999.0, 1.25, 1.25, 19.75, 9999.0, 9999.0, 9999.0, 118.5, 122.75, 118.25, 102.0, 133.5
2023-04-06, 18:38:10, 131.0, 50.5, 18.75, 24.75, 9999.0, 1.25, 1.5, 19.75, 9999.0, 9999.0, 9999.0, 119.5, 122.75, 118.0, 101.75, 133.5
2023-04-06, 18:38:14, 131.0, 51.25, 19.0, 25.75, 9999.0, 1.25, 1.5, 19.75, 9999.0, 9999.0, 9999.0, 119.25, 122.75, 118.25, 102.0, 133.5
2023-04-06, 18:38:18, 131.0, 51.25, 19.0, 26.0, 9999.0, 1.25, 1.5, 19.5, 9999.0, 9999.0, 9999.0, 119.25, 122.75, 118.25, 102.0, 133.5
2023-04-06, 18:38:22, 130.75, 51.0, 18.75, 26.0, 9999.0, 1.25, 1.25, 19.5, 9999.0, 9999.0, 9999.0, 119.0, 122.0, 117.25, 101.75, 132.5
2023-04-06, 18:38:26, 130.25, 51.25, 18.75, 26.0, 9999.0, 1.25, 1.5, 19.75, 9999.0, 9999.0, 9999.0, 119.0, 122.75, 118.25, 102.0, 133.5
2023-04-06, 18:38:30, 131.0, 51.25, 18.75, 26.0, 9999.0, 1.25, 1.25, 19.75, 9999.0, 9999.0, 9999.0, 119.0, 122.75, 118.0, 102.0, 133.5
2023-04-06, 18:38:34, 131.0, 51.25, 19.0, 26.0, 9999.0, 1.25, 1.25, 19.5, 9999.0, 9999.0, 9999.0, 119.0, 122.75, 118.0, 102.0, 133.5
2023-04-06, 18:38:38, 131.0, 51.25, 19.0, 26.0, 9999.0, 1.25, 1.25, 19.75, 9999.0, 9999.0, 9999.0, 118.0, 122.0, 118.25, 102.0, 133.5
2023-04-06, 18:38:42, 130.75, 51.25, 19.0, 26.0, 9999.0, 1.0, 1.25, 19.5, 9999.0, 9999.0, 9999.0, 119.0, 122.75, 118.25, 102.0, 133.5
2023-04-06, 18:38:46, 130.75, 51.25, 19.0, 26.0, 9999.0, 1.0, 1.5, 19.5, 9999.0, 9999.0, 9999.0, 119.0, 122.75, 118.0, 101.75, 133.5
2023-04-06, 18:38:50, 130.75, 51.25, 18.75, 26.0, 9999.0, 1.0, 1.5, 19.5, 9999.0, 9999.0, 9999.0, 119.0, 122.75, 118.25, 102.0, 133.75
2023-04-06, 18:38:54, 130.75, 51.25, 19.0, 26.0, 9999.0, 0.75, 0.25, 18.5, 9999.0, 9999.0, 9999.0, 119.0, 122.75, 118.0, 102.0, 133.5
2023-04-06, 18:38:58, 131.0, 51.25, 19.0, 26.0, 9999.0, 1.0, 1.5, 19.75, 9999.0, 9999.0, 9999.0, 119.0, 123.0, 118.0, 102.0, 133.5
2023-04-06, 18:39:02, 131.0, 51.25, 19.0, 26.0, 9999.0, 1.0, 1.25, 19.75, 9999.0, 9999.0, 9999.0, 119.0, 122.75, 118.0, 102.0, 133.5
2023-04-06, 18:39:06, 130.75, 51.25, 19.0, 26.0, 9999.0, 1.0, 1.25, 19.5, 9999.0, 9999.0, 9999.0, 118.75, 122.75, 118.25, 101.75, 133.5
2023-04-06, 18:39:10, 129.75, 51.0, 17.5, 21.75, 9999.0, 1.0, 1.25, 19.75, 9999.0, 9999.0, 9999.0, 118.75, 122.75, 118.25, 102.0, 133.5
2023-04-06, 18:39:14, 130.75, 51.25, 19.0, 26.0, 9999.0, 1.25, 1.25, 19.5, 9999.0, 9999.0, 9999.0, 118.75, 122.75, 118.25, 101.75, 133.5
2023-04-06, 18:39:18, 130.75, 51.25, 19.0, 26.0, 9999.0, 1.25, 1.25, 19.5, 9999.0, 9999.0, 9999.0, 118.75, 122.75, 118.25, 102.0, 133.5
2023-04-06, 18:39:22, 130.75, 51.25, 18.75, 26.0, 9999.0, 1.25, 1.5, 19.75, 9999.0, 9999.0, 9999.0, 118.75, 121.5, 118.0, 101.0, 127.25
2023-04-06, 18:39:26, 130.75, 51.25, 19.0, 26.0, 9999.0, 1.25, 1.25, 19.5, 9999.0, 9999.0, 9999.0, 118.5, 122.75, 118.25, 101.75, 133.5
2023-04-06, 18:39:30, 131.0, 51.25, 18.75, 26.0, 9999.0, 1.25, 1.5, 19.5, 9999.0, 9999.0, 9999.0, 119.5, 122.75, 118.0, 102.0, 133.5
2023-04-06, 18:39:34, 131.0, 51.25, 19.0, 26.0, 9999.0, 1.25, 1.25, 19.5, 9999.0, 9999.0, 9999.0, 119.25, 122.75, 118.0, 101.75, 133.5
2023-04-06, 18:39:38, 130.75, 51.25, 19.0, 26.0, 9999.0, 1.25, 1.25, 19.5, 9999.0, 9999.0, 9999.0, 115.0, 122.75, 118.25, 101.75, 133.5
2023-04-06, 18:39:42, 131.0, 51.25, 18.75, 26.0, 9999.0, 1.25, 1.5, 19.75, 9999.0, 9999.0, 9999.0, 119.25, 122.75, 118.25, 102.0, 133.5
2023-04-06, 18:39:46, 131.0, 51.25, 19.0, 26.0, 9999.0, 1.25, 1.5, 19.75, 9999.0, 9999.0, 9999.0, 119.25, 122.75, 118.25, 102.0, 133.5
2023-04-06, 18:39:50, 131.0, 51.25, 19.0, 26.0, 9999.0, 1.25, 1.25, 19.75, 9999.0, 9999.0, 9999.0, 119.0, 122.75, 118.25, 102.0, 133.5
2023-04-06, 18:39:54, 131.0, 51.25, 19.0, 25.75, 9999.0, 1.0, 1.25, 19.5, 9999.0, 9999.0, 9999.0, 119.0, 122.75, 118.0, 100.75, 133.25
2023-04-06, 18:39:58, 129.75, 49.75, 18.75, 26.0, 9999.0, 1.0, 1.25, 19.75, 9999.0, 9999.0, 9999.0, 119.0, 123.0, 118.25, 101.75, 133.5
2023-04-06, 18:40:02, 131.0, 51.25, 19.0, 26.0, 9999.0, 1.0, 1.25, 19.5, 9999.0, 9999.0, 9999.0, 119.0, 123.0, 118.25, 102.0, 133.5
2023-04-06, 18:40:06, 130.75, 51.25, 19.0, 26.0, 9999.0, 1.0, 1.5, 19.5, 9999.0, 9999.0, 9999.0, 119.0, 123.0, 118.25, 102.0, 133.75
2023-04-06, 18:40:10, 130.75, 51.0, 18.75, 26.0, 9999.0, 1.0, 1.5, 19.5, 9999.0, 9999.0, 9999.0, 119.0, 121.0, 118.0, 101.0, 131.5
2023-04-06, 18:40:14, 130.75, 51.25, 19.0, 26.0, 9999.0, 1.0, 1.5, 19.75, 9999.0, 9999.0, 9999.0, 119.0, 122.75, 118.25, 102.0, 133.5
2023-04-06, 18:40:18, 131.0, 51.25, 19.0, 25.75, 9999.0, 1.0, 1.25, 19.5, 9999.0, 9999.0, 9999.0, 118.75, 122.75, 118.0, 101.75, 133.5
2023-04-06, 18:40:22, 130.75, 51.25, 19.0, 25.75, 9999.0, 1.0, 1.25, 19.5, 9999.0, 9999.0, 9999.0, 118.75, 123.0, 118.25, 101.75, 133.5
2023-04-06, 18:40:26, 130.75, 51.25, 18.75, 25.75, 9999.0, 0.75, 1.25, 19.5, 9999.0, 9999.0, 9999.0, 118.5, 122.0, 116.5, 102.0, 133.5
2023-04-06, 18:40:31, 131.0, 51.25, 18.75, 26.0, 9999.0, 1.25, 1.25, 19.5, 9999.0, 9999.0, 9999.0, 118.75, 122.75, 118.25, 101.75, 133.5
2023-04-06, 18:40:35, 131.0, 51.25, 18.75, 25.75, 9999.0, 1.25, 1.25, 19.5, 9999.0, 9999.0, 9999.0, 118.75, 122.75, 118.25, 102.0, 133.5
2023-04-06, 18:40:39, 130.75, 51.25, 19.0, 26.0, 9999.0, 1.0, 1.25, 19.5, 9999.0, 9999.0, 9999.0, 118.75, 122.5, 118.25, 101.75, 133.5
2023-04-06, 18:40:43, 130.75, 51.25, 18.75, 26.0, 9999.0, 1.25, 1.25, 19.5, 9999.0, 9999.0, 9999.0, 117.25, 122.75, 118.25, 102.0, 133.5
2023-04-06, 18:40:47, 131.0, 51.25, 19.0, 26.0, 9999.0, 1.25, 1.25, 19.5, 9999.0, 9999.0, 9999.0, 118.75, 122.75, 118.25, 102.0, 133.5
2023-04-06, 18:40:51, 130.75, 51.25, 18.75, 26.0, 9999.0, 1.25, 1.25, 19.5, 9999.0, 9999.0, 9999.0, 119.25, 122.75, 118.25, 102.0, 133.5
2023-04-06, 18:40:55, 131.0, 51.25, 19.0, 26.0, 9999.0, 1.25, 1.25, 19.5, 9999.0, 9999.0, 9999.0, 119.25, 122.75, 118.25, 101.75, 133.5
2023-04-06, 18:40:59, 130.75, 51.0, 18.75, 25.75, 9999.0, 1.25, 0.5, 19.25, 9999.0, 9999.0, 9999.0, 119.25, 122.75, 118.25, 102.0, 133.5
2023-04-06, 18:41:03, 130.75, 51.25, 19.0, 26.0, 9999.0, 1.25, 1.25, 19.75, 9999.0, 9999.0, 9999.0, 119.25, 122.75, 118.25, 102.0, 133.5
2023-04-06, 18:41:07, 131.0, 51.0, 19.0, 26.0, 9999.0, 1.0, 1.25, 19.5, 9999.0, 9999.0, 9999.0, 119.0, 122.75, 118.0, 102.0, 133.5
2023-04-06, 18:41:11, 131.0, 51.25, 19.0, 26.0, 9999.0, 1.25, 1.25, 19.75, 9999.0, 9999.0, 9999.0, 119.0, 122.75, 118.25, 102.0, 133.5
2023-04-06, 18:41:15, 130.75, 51.0, 19.0, 25.75, 9999.0, 0.75, 0.0, 19.0, 9999.0, 9999.0, 9999.0, 119.0, 122.75, 118.25, 102.0, 133.5
2023-04-06, 18:41:19, 130.75, 51.0, 19.0, 26.0, 9999.0, 1.0, 1.25, 19.5, 9999.0, 9999.0, 9999.0, 119.0, 122.75, 118.25, 102.0, 133.5
2023-04-06, 18:41:23, 130.75, 51.25, 19.0, 26.0, 9999.0, 1.0, 1.25, 19.75, 9999.0, 9999.0, 9999.0, 119.0, 122.75, 118.0, 102.0, 133.5
2023-04-06, 18:41:27, 130.75, 51.25, 19.0, 26.0, 9999.0, 1.0, 1.0, 19.5, 9999.0, 9999.0, 9999.0, 119.0, 122.75, 118.25, 102.0, 133.5
2023-04-06, 18:41:31, 130.75, 50.75, 18.25, 25.5, 9999.0, 0.5, 1.25, 19.5, 9999.0, 9999.0, 9999.0, 119.0, 122.75, 118.25, 102.0, 133.5
2023-04-06, 18:41:35, 130.75, 51.25, 18.75, 26.0, 9999.0, 1.0, 1.25, 19.75, 9999.0, 9999.0, 9999.0, 119.0, 122.75, 118.0, 102.0, 133.5
2023-04-06, 18:41:39, 130.75, 51.25, 18.75, 26.0, 9999.0, 1.0, 1.25, 19.5, 9999.0, 9999.0, 9999.0, 119.0, 122.75, 118.25, 102.0, 133.5
2023-04-06, 18:41:43, 130.75, 51.25, 18.75, 26.0, 9999.0, 1.0, 1.25, 19.5, 9999.0, 9999.0, 9999.0, 118.75, 122.75, 118.0, 101.75, 132.5
2023-04-06, 18:41:47, 130.5, 50.25, 18.0, 25.75, 9999.0, 1.0, 1.25, 19.5, 9999.0, 9999.0, 9999.0, 118.75, 122.75, 118.25, 102.0, 133.5
2023-04-06, 18:41:51, 130.75, 51.25, 19.0, 26.0, 9999.0, 1.25, 1.25, 19.5, 9999.0, 9999.0, 9999.0, 118.75, 122.75, 118.25, 102.0, 133.5
2023-04-06, 18:41:55, 131.0, 51.25, 19.0, 26.0, 9999.0, 1.0, 1.25, 19.5, 9999.0, 9999.0, 9999.0, 118.75, 122.75, 118.0, 102.0, 133.5
2023-04-06, 18:41:59, 130.75, 51.25, 18.5, 26.0, 9999.0, 1.25, 1.25, 19.5, 9999.0, 9999.0, 9999.0, 118.5, 122.75, 116.75, 101.75, 132.0
2023-04-06, 18:42:03, 129.25, 51.0, 18.75, 26.0, 9999.0, 1.25, 1.25, 19.5, 9999.0, 9999.0, 9999.0, 118.75, 122.75, 118.25, 102.0, 133.5
2023-04-06, 18:42:07, 130.75, 51.25, 18.75, 25.75, 9999.0, 1.25, 1.25, 19.75, 9999.0, 9999.0, 9999.0, 119.25, 122.75, 118.0, 102.0, 133.5
2023-04-06, 18:42:11, 131.0, 51.25, 18.75, 26.0, 9999.0, 1.25, 1.25, 19.75, 9999.0, 9999.0, 9999.0, 119.25, 122.75, 118.25, 102.0, 133.5
2023-04-06, 18:42:15, 130.75, 51.25, 18.75, 26.0, 9999.0, 1.25, 1.25, 19.5, 9999.0, 9999.0, 9999.0, 119.0, 121.5, 114.75, 102.0, 133.5
2023-04-06, 18:42:19, 130.75, 51.25, 19.0, 26.0, 9999.0, 1.25, 1.25, 19.75, 9999.0, 9999.0, 9999.0, 119.25, 122.75, 118.25, 102.0, 133.5
2023-04-06, 18:42:23, 130.75, 51.25, 19.0, 26.0, 9999.0, 1.25, 1.5, 19.5, 9999.0, 9999.0, 9999.0, 119.25, 122.75, 118.0, 102.0, 133.5
2023-04-06, 18:42:27, 130.75, 51.25, 19.0, 26.0, 9999.0, 1.25, 1.5, 19.5, 9999.0, 9999.0, 9999.0, 119.0, 122.5, 118.0, 102.0, 133.5
2023-04-06, 18:42:31, 130.75, 51.25, 19.0, 25.75, 9999.0, 1.25, 1.25, 18.75, 9999.0, 9999.0, 9999.0, 119.0, 122.75, 118.25, 102.0, 133.5
2023-04-06, 18:42:35, 131.0, 51.25, 18.75, 26.0, 9999.0, 1.0, 1.25, 19.5, 9999.0, 9999.0, 9999.0, 119.0, 122.75, 118.25, 102.0, 133.5
2023-04-06, 18:42:39, 130.75, 51.25, 18.75, 26.0, 9999.0, 1.0, 1.25, 19.5, 9999.0, 9999.0, 9999.0, 119.0, 122.75, 118.0, 102.0, 133.5
2023-04-06, 18:42:43, 130.75, 51.25, 19.0, 26.0, 9999.0, 1.0, 1.25, 19.5, 9999.0, 9999.0, 9999.0, 119.0, 122.75, 118.25, 102.0, 133.5
2023-04-06, 18:42:47, 130.75, 51.25, 18.75, 24.25, 9999.0, -0.25, -0.25, 19.5, 9999.0, 9999.0, 9999.0, 119.0, 122.75, 118.25, 102.0, 133.5
2023-04-06, 18:42:51, 130.75, 51.25, 18.75, 26.0, 9999.0, 1.0, 1.25, 19.5, 9999.0, 9999.0, 9999.0, 119.0, 122.75, 118.25, 102.0, 133.5
2023-04-06, 18:42:55, 130.75, 51.25, 18.75, 26.0, 9999.0, 1.0, 1.25, 19.5, 9999.0, 9999.0, 9999.0, 119.0, 122.75, 118.0, 102.0, 133.5
2023-04-06, 18:42:59, 130.75, 51.25, 19.0, 26.0, 9999.0, 1.0, 1.25, 19.5, 9999.0, 9999.0, 9999.0, 118.75, 122.75, 118.0, 102.0, 133.5
2023-04-06, 18:43:03, 130.0, 51.0, 18.0, 24.0, 9999.0, 1.0, 1.25, 19.75, 9999.0, 9999.0, 9999.0, 118.75, 122.75, 118.0, 102.0, 133.5
2023-04-06, 18:43:07, 130.75, 51.25, 18.75, 26.0, 9999.0, 1.0, 1.25, 19.75, 9999.0, 9999.0, 9999.0, 118.75, 122.75, 118.25, 102.0, 133.5
2023-04-06, 18:43:11, 130.75, 51.25, 19.0, 26.0, 9999.0, 1.25, 1.25, 19.75, 9999.0, 9999.0, 9999.0, 118.75, 122.75, 118.25, 102.0, 133.5
2023-04-06, 18:43:15, 130.75, 51.0, 18.75, 26.0, 9999.0, 1.25, 1.25, 19.5, 9999.0, 9999.0, 9999.0, 118.75, 122.5, 117.25, 101.5, 132.25
2023-04-06, 18:43:19, 130.25, 51.25, 18.75, 26.0, 9999.0, 1.25, 1.25, 19.5, 9999.0, 9999.0, 9999.0, 118.75, 122.75, 118.25, 102.0, 133.5
2023-04-06, 18:43:23, 130.75, 51.25, 19.0, 26.0, 9999.0, 1.5, 1.25, 19.75, 9999.0, 9999.0, 9999.0, 118.5, 122.75, 118.25, 102.0, 133.5
2023-04-06, 18:43:27, 130.75, 51.25, 19.0, 26.0, 9999.0, 1.25, 1.25, 19.75, 9999.0, 9999.0, 9999.0, 119.25, 122.75, 118.25, 102.0, 133.5
2023-04-06, 18:43:31, 130.75, 51.25, 19.0, 26.0, 9999.0, 1.25, 1.25, 19.5, 9999.0, 9999.0, 9999.0, 118.5, 121.25, 118.0, 102.0, 133.5
2023-04-06, 18:43:35, 130.75, 51.25, 18.75, 26.0, 9999.0, 1.25, 1.25, 19.75, 9999.0, 9999.0, 9999.0, 119.25, 122.75, 118.25, 102.0, 133.5
2023-04-06, 18:43:39, 130.75, 51.25, 18.75, 26.0, 9999.0, 1.25, 1.25, 19.5, 9999.0, 9999.0, 9999.0, 119.25, 122.75, 118.0, 102.0, 133.5
2023-04-06, 18:43:43, 130.75, 51.25, 18.75, 26.0, 9999.0, 1.25, 1.5, 19.5, 9999.0, 9999.0, 9999.0, 119.0, 122.75, 118.25, 102.0, 133.5
2023-04-06, 18:43:47, 130.75, 51.25, 18.75, 26.0, 9999.0, 1.25, 0.25, 19.5, 9999.0, 9999.0, 9999.0, 119.0, 122.75, 118.0, 102.0, 133.5
2023-04-06, 18:43:51, 130.75, 51.25, 18.75, 26.0, 9999.0, 1.0, 1.25, 19.5, 9999.0, 9999.0, 9999.0, 119.0, 122.75, 118.0, 102.0, 133.5
2023-04-06, 18:43:55, 130.75, 51.25, 18.75, 26.0, 9999.0, 1.0, 1.25, 19.75, 9999.0, 9999.0, 9999.0, 119.0, 122.75, 118.0, 102.0, 133.5
2023-04-06, 18:43:59, 131.0, 51.25, 18.75, 26.0, 9999.0, 1.0, 1.25, 19.5, 9999.0, 9999.0, 9999.0, 119.0, 123.0, 118.0, 102.0, 133.5
2023-04-06, 18:44:03, 130.75, 51.25, 18.25, 25.0, 9999.0, 0.0, 0.75, 19.5, 9999.0, 9999.0, 9999.0, 119.0, 122.75, 118.0, 102.0, 133.5
2023-04-06, 18:44:07, 130.75, 51.25, 19.0, 26.0, 9999.0, 1.0, 1.25, 19.5, 9999.0, 9999.0, 9999.0, 119.0, 123.0, 118.25, 102.0, 133.5
2023-04-06, 18:44:11, 130.75, 51.25, 19.0, 26.0, 9999.0, 1.0, 1.5, 19.75, 9999.0, 9999.0, 9999.0, 119.0, 122.75, 118.25, 102.0, 133.5
2023-04-06, 18:44:15, 131.0, 51.25, 18.75, 26.0, 9999.0, 1.0, 1.25, 19.5, 9999.0, 9999.0, 9999.0, 119.0, 122.75, 118.25, 102.25, 132.0
2023-04-06, 18:44:19, 130.5, 50.0, 16.75, 25.75, 9999.0, 1.0, 1.5, 19.5, 9999.0, 9999.0, 9999.0, 119.0, 123.0, 118.25, 102.0, 133.5
2023-04-06, 18:44:23, 130.75, 51.25, 18.75, 26.0, 9999.0, 1.0, 1.5, 19.5, 9999.0, 9999.0, 9999.0, 118.75, 123.0, 118.25, 102.0, 133.5
2023-04-06, 18:44:27, 130.75, 51.25, 18.75, 26.0, 9999.0, 1.0, 1.25, 19.75, 9999.0, 9999.0, 9999.0, 118.75, 122.75, 118.25, 102.0, 133.75
2023-04-06, 18:44:31, 130.75, 51.0, 19.0, 26.0, 9999.0, 1.25, 1.25, 19.75, 9999.0, 9999.0, 9999.0, 118.75, 121.75, 118.0, 101.5, 127.0
2023-04-06, 18:44:35, 130.75, 51.0, 18.75, 26.0, 9999.0, 1.25, 1.25, 19.75, 9999.0, 9999.0, 9999.0, 118.75, 123.0, 118.25, 102.0, 133.5
2023-04-06, 18:44:39, 130.75, 51.25, 19.0, 26.25, 9999.0, 1.25, 1.25, 19.5, 9999.0, 9999.0, 9999.0, 118.75, 122.75, 118.25, 102.0, 133.5
2023-04-06, 18:44:43, 130.75, 51.25, 19.0, 26.0, 9999.0, 1.5, 1.5, 19.75, 9999.0, 9999.0, 9999.0, 118.75, 122.75, 118.0, 102.0, 133.5
2023-04-06, 18:44:47, 130.75, 51.25, 19.0, 26.0, 9999.0, 1.25, 1.25, 19.75, 9999.0, 9999.0, 9999.0, 118.25, 122.0, 118.25, 102.0, 133.75
2023-04-06, 18:44:51, 130.75, 51.25, 19.0, 26.0, 9999.0, 1.25, 1.25, 19.75, 9999.0, 9999.0, 9999.0, 119.25, 122.75, 118.25, 102.0, 133.5
2023-04-06, 18:44:56, 130.75, 51.25, 19.0, 26.0, 9999.0, 1.25, 1.25, 19.75, 9999.0, 9999.0, 9999.0, 119.25, 122.75, 118.25, 102.0, 133.5
2023-04-06, 18:45:00, 130.75, 51.25, 19.0, 26.0, 9999.0, 1.25, 1.5, 19.5, 9999.0, 9999.0, 9999.0, 119.0, 122.75, 118.25, 102.0, 133.5
2023-04-06, 18:45:04, 130.75, 51.25, 19.0, 26.0, 9999.0, -0.5, 0.5, 18.5, 9999.0, 9999.0, 9999.0, 119.25, 122.75, 118.25, 102.0, 133.5
2023-04-06, 18:45:08, 131.0, 51.25, 18.75, 26.0, 9999.0, 1.0, 1.5, 19.75, 9999.0, 9999.0, 9999.0, 119.25, 122.75, 118.25, 102.0, 133.5
2023-04-06, 18:45:12, 130.75, 51.25, 19.0, 26.0, 9999.0, 1.25, 1.25, 19.75, 9999.0, 9999.0, 9999.0, 119.0, 122.75, 118.25, 102.0, 133.5
2023-04-06, 18:45:16, 131.0, 51.25, 19.0, 26.0, 9999.0, 1.0, 1.5, 19.75, 9999.0, 9999.0, 9999.0, 119.0, 122.75, 118.0, 102.0, 133.5
2023-04-06, 18:45:20, 130.75, 51.25, 18.0, 25.75, 9999.0, -3.25, 1.25, 19.5, 9999.0, 9999.0, 9999.0, 119.0, 123.0, 118.25, 102.0, 133.5
2023-04-06, 18:45:24, 130.75, 51.25, 19.0, 26.0, 9999.0, 1.0, 1.5, 19.5, 9999.0, 9999.0, 9999.0, 119.0, 123.0, 118.25, 102.0, 133.75
2023-04-06, 18:45:28, 130.75, 51.25, 19.0, 26.25, 9999.0, 1.0, 1.25, 19.75, 9999.0, 9999.0, 9999.0, 119.0, 123.0, 118.25, 102.0, 133.5
2023-04-06, 18:45:32, 131.0, 51.25, 19.0, 26.0, 9999.0, 1.0, 1.25, 19.75, 9999.0, 9999.0, 9999.0, 119.0, 123.0, 118.25, 102.0, 132.5
2023-04-06, 18:45:36, 130.5, 50.0, 18.25, 26.0, 9999.0, 1.0, 1.25, 19.75, 9999.0, 9999.0, 9999.0, 119.0, 123.0, 118.25, 102.0, 133.75
2023-04-06, 18:45:40, 131.0, 51.25, 19.0, 26.0, 9999.0, 1.0, 1.5, 19.5, 9999.0, 9999.0, 9999.0, 119.0, 123.0, 118.25, 102.0, 133.75
2023-04-06, 18:45:44, 131.0, 51.25, 19.0, 26.0, 9999.0, 1.0, 1.25, 19.5, 9999.0, 9999.0, 9999.0, 118.75, 123.0, 118.25, 102.0, 133.5
2023-04-06, 18:45:48, 130.75, 51.25, 19.0, 26.0, 9999.0, 1.0, 1.25, 19.5, 9999.0, 9999.0, 9999.0, 117.0, 122.0, 117.75, 100.5, 132.75
2023-04-06, 18:45:52, 130.75, 51.25, 19.0, 26.0, 9999.0, 1.25, 1.25, 19.75, 9999.0, 9999.0, 9999.0, 118.75, 123.0, 118.25, 102.0, 133.5
2023-04-06, 18:45:56, 131.0, 51.25, 19.0, 26.0, 9999.0, 1.0, 1.25, 19.75, 9999.0, 9999.0, 9999.0, 118.75, 122.75, 118.25, 102.0, 133.5
2023-04-06, 18:46:00, 131.0, 51.25, 19.0, 26.0, 9999.0, 1.25, 1.5, 19.75, 9999.0, 9999.0, 9999.0, 118.75, 122.75, 118.0, 102.0, 133.75
2023-04-06, 18:46:04, 131.0, 51.25, 19.0, 26.0, 9999.0, 1.25, 1.25, 19.75, 9999.0, 9999.0, 9999.0, 114.0, 122.75, 118.25, 102.0, 133.75
2023-04-06, 18:46:08, 131.0, 51.25, 19.0, 26.0, 9999.0, 1.25, 1.5, 19.75, 9999.0, 9999.0, 9999.0, 119.5, 122.75, 118.25, 102.0, 133.75
2023-04-06, 18:46:12, 131.0, 51.25, 19.0, 25.75, 9999.0, 1.25, 1.5, 19.5, 9999.0, 9999.0, 9999.0, 119.25, 122.75, 118.25, 102.0, 133.75
2023-04-06, 18:46:16, 131.0, 51.25, 19.0, 25.75, 9999.0, 1.25, 1.25, 19.75, 9999.0, 9999.0, 9999.0, 119.25, 122.75, 118.25, 102.0, 133.75
2023-04-06, 18:46:20, 130.75, 51.25, 19.0, 25.75, 9999.0, 0.5, 1.25, 18.5, 9999.0, 9999.0, 9999.0, 119.25, 122.75, 118.25, 102.0, 133.75
2023-04-06, 18:46:24, 131.0, 51.25, 18.75, 26.0, 9999.0, 1.25, 1.5, 19.75, 9999.0, 9999.0, 9999.0, 119.25, 122.75, 118.25, 102.0, 133.75
2023-04-06, 18:46:28, 131.0, 51.25, 19.0, 25.75, 9999.0, 1.25, 1.5, 19.75, 9999.0, 9999.0, 9999.0, 119.25, 122.75, 118.25, 102.0, 133.5
2023-04-06, 18:46:32, 131.0, 51.25, 19.0, 26.0, 9999.0, 1.25, 1.25, 19.5, 9999.0, 9999.0, 9999.0, 119.0, 122.75, 118.25, 102.0, 133.5
2023-04-06, 18:46:36, 131.0, 51.0, 18.25, 25.5, 9999.0, 0.5, 1.5, 19.5, 9999.0, 9999.0, 9999.0, 119.0, 122.75, 118.25, 102.0, 133.5
2023-04-06, 18:46:40, 131.0, 51.25, 18.75, 26.0, 9999.0, 1.25, 1.5, 19.5, 9999.0, 9999.0, 9999.0, 119.0, 123.0, 118.25, 102.0, 133.75
2023-04-06, 18:46:44, 130.75, 51.25, 19.0, 26.0, 9999.0, 1.0, 1.25, 19.5, 9999.0, 9999.0, 9999.0, 119.0, 123.0, 118.25, 102.0, 133.5
2023-04-06, 18:46:48, 131.0, 51.25, 19.0, 25.75, 9999.0, 1.0, 1.5, 19.75, 9999.0, 9999.0, 9999.0, 119.0, 123.0, 118.25, 100.75, 133.0
2023-04-06, 18:46:52, 129.75, 49.5, 18.75, 25.75, 9999.0, 1.0, 1.25, 19.75, 9999.0, 9999.0, 9999.0, 119.0, 123.0, 118.25, 102.0, 133.75
2023-04-06, 18:46:56, 131.0, 51.25, 19.0, 25.75, 9999.0, 1.0, 1.25, 19.5, 9999.0, 9999.0, 9999.0, 119.0, 123.0, 118.25, 102.0, 133.5
2023-04-06, 18:47:00, 131.0, 51.25, 19.0, 25.75, 9999.0, 1.0, 1.5, 19.75, 9999.0, 9999.0, 9999.0, 119.0, 123.0, 118.25, 102.0, 133.5
2023-04-06, 18:47:04, 130.75, 51.25, 18.75, 25.75, 9999.0, 1.0, 1.25, 19.75, 9999.0, 9999.0, 9999.0, 118.0, 122.75, 116.75, 100.75, 133.5
2023-04-06, 18:47:08, 131.0, 51.25, 19.0, 26.0, 9999.0, 1.0, 1.25, 19.75, 9999.0, 9999.0, 9999.0, 118.75, 122.75, 118.25, 102.0, 133.75
2023-04-06, 18:47:12, 131.0, 51.25, 19.0, 26.0, 9999.0, 1.25, 1.25, 19.75, 9999.0, 9999.0, 9999.0, 118.75, 122.75, 118.25, 102.0, 133.5
2023-04-06, 18:47:16, 131.0, 51.25, 19.0, 26.25, 9999.0, 1.25, 1.25, 19.75, 9999.0, 9999.0, 9999.0, 118.75, 122.75, 118.0, 102.0, 133.5
2023-04-06, 18:47:20, 130.75, 51.25, 19.0, 26.25, 9999.0, 1.25, 1.25, 19.25, 9999.0, 9999.0, 9999.0, 118.25, 122.75, 118.25, 102.0, 133.5
2023-04-06, 18:47:24, 130.75, 51.25, 19.0, 26.25, 9999.0, 1.5, 1.5, 19.5, 9999.0, 9999.0, 9999.0, 118.75, 123.0, 118.25, 102.0, 133.5
2023-04-06, 18:47:28, 130.75, 51.25, 19.0, 26.0, 9999.0, 1.25, 1.25, 19.75, 9999.0, 9999.0, 9999.0, 119.5, 122.75, 118.25, 102.0, 133.5
2023-04-06, 18:47:32, 130.75, 51.25, 19.0, 26.0, 9999.0, 1.25, 1.5, 19.75, 9999.0, 9999.0, 9999.0, 119.25, 122.75, 118.25, 102.0, 133.5
2023-04-06, 18:47:36, 131.0, 51.25, 19.0, 25.75, 9999.0, 1.0, 0.5, 18.25, 9999.0, 9999.0, 9999.0, 119.25, 122.75, 118.25, 102.0, 133.5
2023-04-06, 18:47:40, 131.0, 51.25, 19.0, 25.75, 9999.0, 1.25, 1.5, 19.5, 9999.0, 9999.0, 9999.0, 119.25, 122.75, 118.25, 102.0, 133.5
2023-04-06, 18:47:44, 131.0, 51.25, 19.0, 26.0, 9999.0, 1.25, 1.5, 19.75, 9999.0, 9999.0, 9999.0, 119.25, 122.75, 118.25, 102.0, 133.5
2023-04-06, 18:47:48, 131.0, 51.25, 18.75, 26.0, 9999.0, 1.0, 1.25, 19.75, 9999.0, 9999.0, 9999.0, 119.0, 122.75, 118.25, 102.0, 133.5
2023-04-06, 18:47:52, 131.0, 50.0, 18.75, 25.0, 9999.0, 1.25, 1.5, 19.75, 9999.0, 9999.0, 9999.0, 119.0, 122.75, 118.25, 102.0, 133.5
2023-04-06, 18:47:56, 130.75, 51.25, 19.0, 26.0, 9999.0, 1.0, 1.25, 19.5, 9999.0, 9999.0, 9999.0, 119.0, 123.0, 118.25, 102.0, 133.5
2023-04-06, 18:48:00, 130.75, 51.25, 19.0, 25.75, 9999.0, 1.0, 1.5, 19.75, 9999.0, 9999.0, 9999.0, 119.0, 123.0, 118.0, 102.0, 133.5
2023-04-06, 18:48:04, 130.75, 51.25, 18.75, 25.75, 9999.0, 1.0, 1.25, 19.75, 9999.0, 9999.0, 9999.0, 119.0, 122.75, 117.5, 101.25, 132.5
2023-04-06, 18:48:08, 130.0, 50.5, 19.0, 26.0, 9999.0, 1.0, 1.5, 19.75, 9999.0, 9999.0, 9999.0, 119.0, 122.75, 118.25, 102.0, 133.5
2023-04-06, 18:48:12, 130.75, 51.25, 19.0, 25.75, 9999.0, 1.0, 1.25, 19.75, 9999.0, 9999.0, 9999.0, 119.0, 122.75, 118.25, 102.0, 133.75
2023-04-06, 18:48:16, 131.0, 51.25, 19.0, 26.0, 9999.0, 1.0, 1.5, 19.75, 9999.0, 9999.0, 9999.0, 119.0, 122.75, 118.25, 102.0, 133.25
2023-04-06, 18:48:20, 130.75, 51.25, 19.0, 25.75, 9999.0, 1.0, 1.25, 19.75, 9999.0, 9999.0, 9999.0, 118.5, 121.5, 115.5, 102.0, 133.5
2023-04-06, 18:48:24, 131.0, 51.25, 19.0, 26.0, 9999.0, 1.0, 1.25, 19.75, 9999.0, 9999.0, 9999.0, 118.75, 122.75, 118.25, 102.0, 133.5
2023-04-06, 18:48:28, 131.0, 51.25, 19.0, 26.0, 9999.0, 1.0, 1.25, 19.75, 9999.0, 9999.0, 9999.0, 118.75, 122.75, 118.25, 102.0, 133.5
2023-04-06, 18:48:32, 130.75, 51.25, 19.0, 26.0, 9999.0, 1.25, 1.5, 19.75, 9999.0, 9999.0, 9999.0, 118.5, 122.75, 118.25, 102.0, 133.5
2023-04-06, 18:48:36, 130.75, 51.25, 19.0, 26.25, 9999.0, 1.0, 1.25, 18.75, 9999.0, 9999.0, 9999.0, 118.5, 122.75, 118.25, 102.0, 133.5
2023-04-06, 18:48:40, 131.0, 51.25, 19.0, 26.0, 9999.0, 1.25, 1.5, 19.5, 9999.0, 9999.0, 9999.0, 118.75, 122.75, 118.25, 102.0, 133.5
2023-04-06, 18:48:44, 131.0, 51.25, 19.0, 26.0, 9999.0, 1.25, 1.25, 19.75, 9999.0, 9999.0, 9999.0, 118.5, 122.75, 118.25, 102.0, 133.5
2023-04-06, 18:48:48, 131.0, 51.25, 18.75, 26.25, 9999.0, 1.5, 1.5, 19.75, 9999.0, 9999.0, 9999.0, 119.5, 122.75, 118.25, 102.0, 133.5
2023-04-06, 18:48:52, 131.0, 51.25, 19.0, 26.0, 9999.0, 1.0, 0.5, 19.25, 9999.0, 9999.0, 9999.0, 119.25, 122.75, 118.25, 102.0, 133.5
2023-04-06, 18:48:56, 131.0, 51.25, 19.0, 26.0, 9999.0, 1.25, 1.5, 19.5, 9999.0, 9999.0, 9999.0, 119.25, 122.75, 118.25, 102.0, 133.5
2023-04-06, 18:49:00, 130.75, 51.25, 19.0, 26.0, 9999.0, 1.25, 1.25, 19.5, 9999.0, 9999.0, 9999.0, 119.25, 122.75, 118.25, 102.0, 133.75
2023-04-06, 18:49:04, 131.0, 51.25, 19.0, 26.0, 9999.0, 1.0, 1.25, 19.75, 9999.0, 9999.0, 9999.0, 119.0, 122.75, 118.25, 102.0, 133.5
2023-04-06, 18:49:08, 129.5, 51.0, 17.75, 24.5, 9999.0, 1.0, 1.25, 19.75, 9999.0, 9999.0, 9999.0, 119.25, 122.75, 118.25, 102.0, 133.5
2023-04-06, 18:49:12, 130.75, 51.25, 19.0, 25.75, 9999.0, 1.0, 1.25, 19.5, 9999.0, 9999.0, 9999.0, 119.0, 122.75, 118.25, 102.0, 133.5
2023-04-06, 18:49:16, 131.0, 51.25, 18.75, 25.75, 9999.0, 1.25, 1.5, 19.5, 9999.0, 9999.0, 9999.0, 119.0, 122.75, 118.25, 102.0, 133.5
2023-04-06, 18:49:20, 130.75, 51.25, 18.75, 26.0, 9999.0, 1.0, 1.5, 19.5, 9999.0, 9999.0, 9999.0, 119.0, 122.75, 117.0, 101.75, 132.5
2023-04-06, 18:49:25, 126.75, 51.25, 19.0, 26.0, 9999.0, 1.0, 1.25, 19.5, 9999.0, 9999.0, 9999.0, 119.0, 123.0, 118.25, 102.0, 133.5
2023-04-06, 18:49:29, 130.75, 51.25, 19.0, 26.0, 9999.0, 1.0, 1.25, 19.75, 9999.0, 9999.0, 9999.0, 119.0, 123.0, 118.25, 102.0, 133.5
2023-04-06, 18:49:33, 130.75, 51.25, 19.0, 26.0, 9999.0, 1.0, 1.5, 19.5, 9999.0, 9999.0, 9999.0, 119.0, 122.75, 118.25, 101.75, 133.5
2023-04-06, 18:49:37, 130.75, 51.25, 19.0, 26.0, 9999.0, 1.0, 1.25, 19.5, 9999.0, 9999.0, 9999.0, 118.5, 121.5, 117.5, 101.75, 133.5
2023-04-06, 18:49:41, 131.0, 51.25, 19.0, 26.0, 9999.0, 1.0, 1.25, 19.5, 9999.0, 9999.0, 9999.0, 118.75, 122.75, 118.0, 102.0, 133.5
2023-04-06, 18:49:45, 130.75, 51.25, 19.0, 25.75, 9999.0, 1.0, 1.25, 19.5, 9999.0, 9999.0, 9999.0, 118.75, 122.75, 118.25, 102.0, 133.5
2023-04-06, 18:49:49, 130.75, 51.25, 18.75, 26.0, 9999.0, 1.0, 1.25, 19.5, 9999.0, 9999.0, 9999.0, 118.5, 122.75, 118.25, 102.0, 133.5
2023-04-06, 18:49:53, 130.75, 51.25, 19.0, 26.0, 9999.0, 1.0, -0.25, 19.0, 9999.0, 9999.0, 9999.0, 118.75, 122.75, 118.25, 102.0, 133.5
2023-04-06, 18:49:57, 130.75, 51.25, 19.0, 25.75, 9999.0, 1.25, 1.25, 19.5, 9999.0, 9999.0, 9999.0, 118.75, 122.75, 118.25, 102.0, 133.5
2023-04-06, 18:50:01, 130.75, 51.25, 18.75, 26.0, 9999.0, 1.25, 1.25, 19.75, 9999.0, 9999.0, 9999.0, 118.75, 122.75, 118.25, 102.0, 133.5
2023-04-06, 18:50:05, 130.75, 51.25, 19.0, 26.0, 9999.0, 1.25, 1.25, 19.75, 9999.0, 9999.0, 9999.0, 118.75, 122.75, 118.25, 101.75, 133.5
2023-04-06, 18:50:09, 131.0, 51.0, 18.75, 24.75, 9999.0, 0.0, -3.25, 19.5, 9999.0, 9999.0, 9999.0, 119.25, 122.75, 118.25, 101.75, 133.5
2023-04-06, 18:50:13, 131.0, 51.25, 18.75, 26.0, 9999.0, 1.25, 1.25, 19.5, 9999.0, 9999.0, 9999.0, 119.25, 122.75, 118.25, 102.0, 133.5
2023-04-06, 18:50:17, 131.0, 51.25, 19.0, 26.0, 9999.0, 1.25, 1.25, 19.5, 9999.0, 9999.0, 9999.0, 119.25, 122.75, 118.25, 102.0, 133.5
2023-04-06, 18:50:21, 130.75, 51.25, 18.75, 26.0, 9999.0, 1.25, 1.25, 19.75, 9999.0, 9999.0, 9999.0, 119.0, 122.75, 118.0, 101.75, 133.5
2023-04-06, 18:50:25, 130.0, 50.75, 17.75, 23.5, 9999.0, 1.25, 1.5, 19.75, 9999.0, 9999.0, 9999.0, 119.25, 122.75, 118.25, 102.0, 133.5
2023-04-06, 18:50:29, 130.75, 51.25, 19.0, 26.0, 9999.0, 1.0, 1.25, 19.5, 9999.0, 9999.0, 9999.0, 119.0, 122.75, 118.25, 102.0, 133.5
2023-04-06, 18:50:33, 130.75, 51.25, 19.0, 26.0, 9999.0, 1.0, 1.25, 19.5, 9999.0, 9999.0, 9999.0, 119.0, 122.75, 118.25, 102.0, 133.5
2023-04-06, 18:50:37, 130.75, 51.0, 18.75, 26.0, 9999.0, 1.0, 1.25, 19.5, 9999.0, 9999.0, 9999.0, 119.0, 122.75, 117.25, 101.5, 131.75
2023-04-06, 18:50:41, 130.25, 51.25, 19.0, 26.0, 9999.0, 1.0, 1.25, 19.5, 9999.0, 9999.0, 9999.0, 119.0, 123.0, 118.25, 102.0, 133.5
2023-04-06, 18:50:45, 131.0, 51.25, 19.0, 26.0, 9999.0, 1.0, 1.25, 19.5, 9999.0, 9999.0, 9999.0, 119.0, 123.0, 118.25, 102.0, 133.5
2023-04-06, 18:50:49, 130.75, 51.25, 19.0, 26.0, 9999.0, 1.0, 1.25, 19.5, 9999.0, 9999.0, 9999.0, 119.0, 122.75, 118.25, 101.75, 133.5
2023-04-06, 18:50:53, 131.0, 51.25, 18.75, 26.0, 9999.0, 1.0, 1.25, 19.75, 9999.0, 9999.0, 9999.0, 117.75, 121.5, 118.0, 102.0, 133.75
2023-04-06, 18:50:57, 131.0, 51.25, 19.0, 26.0, 9999.0, 1.0, 1.5, 19.75, 9999.0, 9999.0, 9999.0, 119.0, 122.75, 118.25, 102.0, 133.75
2023-04-06, 18:51:01, 131.0, 51.25, 19.0, 25.75, 9999.0, 1.0, 1.25, 19.5, 9999.0, 9999.0, 9999.0, 119.0, 122.75, 118.25, 102.0, 133.75
2023-04-06, 18:51:05, 130.75, 51.25, 19.0, 26.0, 9999.0, 1.0, 1.25, 19.5, 9999.0, 9999.0, 9999.0, 118.75, 122.75, 118.25, 102.0, 133.5
2023-04-06, 18:51:09, 130.75, 51.25, 19.0, 26.0, 9999.0, 0.75, 0.5, 19.5, 9999.0, 9999.0, 9999.0, 118.75, 122.75, 118.0, 102.0, 133.5
2023-04-06, 18:51:13, 130.75, 51.25, 19.0, 26.0, 9999.0, 1.25, 1.25, 19.5, 9999.0, 9999.0, 9999.0, 118.75, 122.75, 118.25, 102.0, 133.75
2023-04-06, 18:51:17, 130.75, 51.25, 19.0, 26.0, 9999.0, 1.0, 1.25, 19.5, 9999.0, 9999.0, 9999.0, 118.75, 122.75, 118.25, 101.75, 133.5
2023-04-06, 18:51:21, 130.75, 51.25, 18.75, 25.75, 9999.0, 1.25, 1.5, 19.5, 9999.0, 9999.0, 9999.0, 118.75, 122.75, 118.25, 101.75, 133.5
2023-04-06, 18:51:25, 130.75, 51.25, 18.25, 25.25, 9999.0, 0.5, 1.0, 19.5, 9999.0, 9999.0, 9999.0, 118.75, 122.75, 118.25, 102.0, 133.5
2023-04-06, 18:51:29, 131.0, 51.25, 19.0, 26.25, 9999.0, 1.25, 1.25, 19.5, 9999.0, 9999.0, 9999.0, 119.5, 122.75, 118.25, 101.75, 133.5
2023-04-06, 18:51:33, 131.0, 51.25, 19.0, 26.0, 9999.0, 1.25, 1.25, 19.75, 9999.0, 9999.0, 9999.0, 119.25, 122.75, 118.25, 101.75, 133.5
2023-04-06, 18:51:37, 131.0, 51.25, 19.0, 26.0, 9999.0, 1.25, 1.25, 19.5, 9999.0, 9999.0, 9999.0, 119.25, 122.75, 118.0, 101.75, 131.75
2023-04-06, 18:51:41, 130.5, 50.5, 17.0, 26.0, 9999.0, 1.25, 1.5, 19.75, 9999.0, 9999.0, 9999.0, 119.25, 122.75, 118.25, 102.0, 133.5
2023-04-06, 18:51:45, 131.0, 51.25, 19.0, 26.25, 9999.0, 1.25, 1.5, 19.75, 9999.0, 9999.0, 9999.0, 119.25, 122.75, 118.25, 102.0, 133.5
2023-04-06, 18:51:49, 131.0, 51.25, 19.0, 26.25, 9999.0, 1.0, 1.5, 19.5, 9999.0, 9999.0, 9999.0, 119.0, 122.75, 118.25, 102.0, 133.75
2023-04-06, 18:51:53, 130.75, 51.25, 19.0, 26.0, 9999.0, 1.0, 1.25, 19.75, 9999.0, 9999.0, 9999.0, 119.0, 121.75, 117.75, 101.25, 132.0
2023-04-06, 18:51:57, 131.0, 51.25, 19.0, 26.0, 9999.0, 1.25, 1.5, 19.75, 9999.0, 9999.0, 9999.0, 119.0, 123.0, 118.0, 102.0, 133.75
2023-04-06, 18:52:01, 131.0, 51.25, 19.0, 26.0, 9999.0, 1.0, 1.25, 19.75, 9999.0, 9999.0, 9999.0, 119.0, 123.0, 118.25, 102.0, 133.5
2023-04-06, 18:52:05, 131.0, 51.25, 18.75, 26.0, 9999.0, 1.0, 1.25, 19.75, 9999.0, 9999.0, 9999.0, 119.0, 123.0, 118.0, 101.75, 133.5
2023-04-06, 18:52:09, 131.0, 51.25, 19.0, 26.0, 9999.0, 1.25, 1.5, 19.75, 9999.0, 9999.0, 9999.0, 118.0, 122.25, 118.25, 102.0, 133.75
2023-04-06, 18:52:13, 131.0, 51.25, 19.0, 26.0, 9999.0, 1.0, 1.5, 19.75, 9999.0, 9999.0, 9999.0, 119.0, 123.0, 118.25, 102.0, 133.75
2023-04-06, 18:52:17, 131.0, 51.25, 19.0, 26.0, 9999.0, 1.0, 1.25, 19.75, 9999.0, 9999.0, 9999.0, 119.0, 123.0, 118.25, 102.0, 133.75
2023-04-06, 18:52:21, 131.0, 51.25, 19.0, 26.0, 9999.0, 1.0, 1.25, 19.75, 9999.0, 9999.0, 9999.0, 119.0, 122.75, 118.25, 101.75, 133.75
2023-04-06, 18:52:25, 130.75, 51.25, 18.75, 26.0, 9999.0, 1.0, 1.25, 19.5, 9999.0, 9999.0, 9999.0, 118.0, 122.75, 118.25, 102.0, 133.5
2023-04-06, 18:52:29, 131.0, 51.25, 19.0, 26.0, 9999.0, 1.0, 1.5, 19.75, 9999.0, 9999.0, 9999.0, 118.75, 122.75, 118.25, 102.0, 133.75
2023-04-06, 18:52:33, 131.0, 51.25, 19.0, 26.0, 9999.0, 1.25, 1.5, 19.5, 9999.0, 9999.0, 9999.0, 118.75, 122.75, 118.25, 102.0, 133.75
2023-04-06, 18:52:37, 131.0, 51.25, 19.0, 26.0, 9999.0, 1.25, 1.25, 19.75, 9999.0, 9999.0, 9999.0, 118.5, 122.75, 118.25, 102.0, 133.75
2023-04-06, 18:52:41, 131.0, 51.25, 19.0, 26.0, 9999.0, 1.25, 1.0, 19.0, 9999.0, 9999.0, 9999.0, 118.5, 123.0, 118.25, 102.0, 133.75
2023-04-06, 18:52:45, 131.0, 51.25, 19.0, 26.0, 9999.0, 1.25, 1.5, 19.5, 9999.0, 9999.0, 9999.0, 118.75, 122.75, 118.25, 102.0, 133.75
2023-04-06, 18:52:49, 131.0, 51.25, 19.0, 26.0, 9999.0, 1.25, 1.25, 19.75, 9999.0, 9999.0, 9999.0, 119.5, 122.75, 118.25, 102.0, 133.75
2023-04-06, 18:52:53, 131.0, 51.25, 19.0, 26.0, 9999.0, 1.25, 1.25, 19.75, 9999.0, 9999.0, 9999.0, 119.25, 122.75, 118.25, 102.0, 133.75
2023-04-06, 18:52:57, 130.75, 51.25, 19.0, 26.0, 9999.0, 1.25, 0.5, 19.5, 9999.0, 9999.0, 9999.0, 119.25, 122.75, 118.25, 102.0, 133.5
2023-04-06, 18:53:01, 131.0, 51.25, 19.0, 26.0, 9999.0, 1.25, 1.5, 19.75, 9999.0, 9999.0, 9999.0, 119.25, 122.75, 118.25, 102.0, 133.5
2023-04-06, 18:53:05, 131.0, 51.25, 19.0, 26.0, 9999.0, 1.25, 1.5, 19.5, 9999.0, 9999.0, 9999.0, 119.0, 122.75, 118.0, 102.0, 133.75
2023-04-06, 18:53:09, 131.0, 51.25, 19.0, 26.25, 9999.0, 1.25, 1.5, 19.75, 9999.0, 9999.0, 9999.0, 119.0, 122.75, 118.25, 102.0, 133.75
2023-04-06, 18:53:13, 131.0, 51.25, 19.0, 26.0, 9999.0, 0.25, 1.0, 18.5, 9999.0, 9999.0, 9999.0, 119.0, 122.75, 118.0, 102.0, 133.5
2023-04-06, 18:53:17, 131.0, 51.25, 19.0, 26.0, 9999.0, 1.25, 1.5, 19.75, 9999.0, 9999.0, 9999.0, 119.0, 123.0, 118.25, 102.0, 133.75
2023-04-06, 18:53:21, 131.0, 51.25, 19.0, 26.0, 9999.0, 1.25, 1.5, 19.75, 9999.0, 9999.0, 9999.0, 119.0, 123.0, 118.25, 102.0, 133.75
2023-04-06, 18:53:25, 131.0, 51.25, 19.0, 26.0, 9999.0, 1.0, 1.5, 19.75, 9999.0, 9999.0, 9999.0, 119.0, 123.0, 118.25, 102.0, 133.75
2023-04-06, 18:53:29, 131.0, 51.25, 19.0, 26.0, 9999.0, 0.75, 0.5, 19.25, 9999.0, 9999.0, 9999.0, 119.0, 123.0, 118.25, 102.0, 133.75
2023-04-06, 18:53:33, 131.0, 51.25, 19.0, 26.25, 9999.0, 1.0, 1.25, 19.75, 9999.0, 9999.0, 9999.0, 119.0, 123.0, 118.25, 102.0, 133.75
2023-04-06, 18:53:37, 131.0, 51.25, 19.0, 26.25, 9999.0, 1.0, 1.25, 19.75, 9999.0, 9999.0, 9999.0, 119.0, 123.0, 118.25, 102.0, 133.75
2023-04-06, 18:53:41, 131.0, 51.25, 19.0, 26.0, 9999.0, 1.0, 1.5, 19.5, 9999.0, 9999.0, 9999.0, 119.0, 123.0, 118.25, 102.0, 133.75
2023-04-06, 18:53:45, 131.0, 51.25, 19.0, 25.0, 9999.0, -0.25, -1.0, 19.75, 9999.0, 9999.0, 9999.0, 119.0, 123.0, 118.0, 102.0, 133.75
2023-04-06, 18:53:50, 131.0, 51.25, 19.0, 26.0, 9999.0, 1.0, 1.25, 19.5, 9999.0, 9999.0, 9999.0, 118.75, 123.0, 118.25, 102.0, 133.75
2023-04-06, 18:53:54, 131.0, 51.25, 19.0, 26.0, 9999.0, 1.25, 1.25, 19.75, 9999.0, 9999.0, 9999.0, 118.75, 123.0, 118.25, 102.0, 133.75
2023-04-06, 18:53:58, 131.0, 51.25, 19.0, 26.0, 9999.0, 1.25, 1.25, 19.5, 9999.0, 9999.0, 9999.0, 118.75, 123.0, 118.25, 102.0, 133.5
2023-04-06, 18:54:02, 131.0, 51.25, 18.0, 25.75, 9999.0, -3.0, 1.5, 19.75, 9999.0, 9999.0, 9999.0, 118.75, 122.75, 118.25, 102.0, 133.75
2023-04-06, 18:54:06, 131.0, 51.25, 19.0, 26.0, 9999.0, 1.5, 1.5, 19.75, 9999.0, 9999.0, 9999.0, 118.75, 123.0, 118.25, 102.0, 133.75
2023-04-06, 18:54:10, 131.0, 51.5, 19.0, 26.0, 9999.0, 1.25, 1.5, 19.75, 9999.0, 9999.0, 9999.0, 119.5, 122.75, 118.25, 102.0, 133.75
2023-04-06, 18:54:14, 131.0, 51.25, 19.0, 26.0, 9999.0, 1.25, 1.25, 19.75, 9999.0, 9999.0, 9999.0, 119.5, 122.75, 118.25, 102.0, 133.5
2023-04-06, 18:54:18, 131.0, 50.25, 18.75, 24.75, 9999.0, 1.25, 1.5, 19.75, 9999.0, 9999.0, 9999.0, 119.25, 122.75, 118.25, 102.0, 133.75
2023-04-06, 18:54:22, 131.0, 51.25, 19.0, 26.0, 9999.0, 1.25, 1.5, 19.75, 9999.0, 9999.0, 9999.0, 119.25, 122.75, 118.0, 102.0, 133.75
2023-04-06, 18:54:26, 131.0, 51.25, 19.0, 25.75, 9999.0, 1.25, 1.5, 19.75, 9999.0, 9999.0, 9999.0, 119.25, 122.75, 118.25, 102.0, 133.75
2023-04-06, 18:54:30, 131.0, 51.25, 19.0, 26.0, 9999.0, 1.0, 1.5, 19.75, 9999.0, 9999.0, 9999.0, 119.25, 122.75, 118.0, 102.0, 133.5
2023-04-06, 18:54:34, 129.5, 51.25, 17.5, 24.0, 9999.0, 1.25, 1.5, 19.75, 9999.0, 9999.0, 9999.0, 119.0, 122.75, 118.25, 102.0, 133.75
2023-04-06, 18:54:38, 131.0, 51.25, 19.0, 25.75, 9999.0, 1.25, 1.5, 19.75, 9999.0, 9999.0, 9999.0, 119.0, 122.75, 118.25, 102.0, 133.5
2023-04-06, 18:54:42, 131.0, 51.25, 19.0, 25.75, 9999.0, 1.25, 1.5, 19.75, 9999.0, 9999.0, 9999.0, 119.25, 123.0, 118.25, 102.0, 133.75
2023-04-06, 18:54:46, 131.0, 51.25, 19.0, 26.25, 9999.0, 1.25, 1.25, 19.75, 9999.0, 9999.0, 9999.0, 119.0, 123.0, 118.0, 102.0, 131.5
2023-04-06, 18:54:50, 130.5, 50.75, 17.25, 25.75, 9999.0, 1.25, 1.5, 19.75, 9999.0, 9999.0, 9999.0, 119.0, 123.0, 118.25, 102.0, 133.75
2023-04-06, 18:54:54, 131.0, 51.5, 19.0, 26.0, 9999.0, 1.0, 1.5, 19.75, 9999.0, 9999.0, 9999.0, 119.0, 123.0, 118.25, 102.0, 133.75
2023-04-06, 18:54:58, 131.0, 51.25, 19.0, 26.0, 9999.0, 1.0, 1.5, 19.75, 9999.0, 9999.0, 9999.0, 119.0, 123.0, 118.25, 102.0, 133.75
2023-04-06, 18:55:02, 131.0, 51.5, 19.0, 26.0, 9999.0, 1.0, 1.5, 19.75, 9999.0, 9999.0, 9999.0, 118.75, 123.0, 118.25, 101.5, 132.5
2023-04-06, 18:55:06, 130.25, 50.5, 18.5, 26.25, 9999.0, 1.0, 1.5, 19.75, 9999.0, 9999.0, 9999.0, 119.0, 123.0, 118.25, 102.0, 133.75
2023-04-06, 18:55:10, 131.0, 51.25, 19.0, 26.0, 9999.0, 1.0, 1.25, 19.75, 9999.0, 9999.0, 9999.0, 118.75, 123.0, 118.25, 102.0, 133.75
2023-04-06, 18:55:14, 131.0, 51.25, 19.0, 25.75, 9999.0, 1.25, 1.5, 19.75, 9999.0, 9999.0, 9999.0, 118.75, 123.0, 118.25, 102.0, 133.75
2023-04-06, 18:55:18, 131.0, 51.25, 18.75, 25.75, 9999.0, 1.25, 1.5, 19.75, 9999.0, 9999.0, 9999.0, 118.75, 122.75, 118.25, 101.25, 133.25
2023-04-06, 18:55:22, 130.0, 50.75, 19.0, 26.0, 9999.0, 1.25, 1.5, 19.75, 9999.0, 9999.0, 9999.0, 118.75, 123.0, 118.25, 102.0, 133.75
2023-04-06, 18:55:26, 131.0, 51.25, 19.0, 26.0, 9999.0, 1.5, 1.5, 19.75, 9999.0, 9999.0, 9999.0, 118.75, 123.0, 118.25, 102.0, 133.75
2023-04-06, 18:55:30, 131.0, 51.25, 19.0, 26.0, 9999.0, 1.5, 1.5, 19.75, 9999.0, 9999.0, 9999.0, 119.5, 122.75, 118.25, 102.0, 133.75
2023-04-06, 18:55:34, 131.0, 51.25, 19.0, 26.0, 9999.0, 1.5, 1.5, 19.75, 9999.0, 9999.0, 9999.0, 119.25, 122.75, 117.5, 101.75, 132.0
2023-04-06, 18:55:38, 129.25, 51.25, 19.25, 26.0, 9999.0, 1.25, 1.5, 19.75, 9999.0, 9999.0, 9999.0, 119.25, 123.0, 118.25, 102.0, 133.75
2023-04-06, 18:55:42, 131.0, 51.25, 19.0, 26.0, 9999.0, 1.25, 1.5, 19.75, 9999.0, 9999.0, 9999.0, 119.25, 122.75, 118.25, 102.0, 133.5
2023-04-06, 18:55:46, 131.0, 51.25, 19.0, 26.0, 9999.0, 1.25, 1.5, 19.75, 9999.0, 9999.0, 9999.0, 119.25, 122.75, 118.25, 102.0, 133.75
2023-04-06, 18:55:50, 131.0, 51.25, 19.0, 26.0, 9999.0, 1.25, 1.5, 19.75, 9999.0, 9999.0, 9999.0, 119.25, 121.75, 118.0, 101.25, 130.5
2023-04-06, 18:55:54, 131.0, 51.25, 18.75, 26.25, 9999.0, 1.25, 1.5, 19.75, 9999.0, 9999.0, 9999.0, 119.25, 122.75, 118.0, 102.0, 133.75
2023-04-06, 18:55:58, 131.0, 51.25, 19.0, 26.0, 9999.0, 1.25, 1.5, 19.75, 9999.0, 9999.0, 9999.0, 119.0, 122.75, 118.25, 102.0, 133.75
2023-04-06, 18:56:02, 131.0, 51.25, 19.0, 26.0, 9999.0, 1.25, 1.5, 19.75, 9999.0, 9999.0, 9999.0, 119.25, 123.0, 118.25, 102.0, 133.75
2023-04-06, 18:56:06, 130.75, 51.25, 19.0, 26.0, 9999.0, 1.25, 1.5, 19.75, 9999.0, 9999.0, 9999.0, 117.5, 122.5, 117.25, 100.75, 133.75
2023-04-06, 18:56:10, 131.0, 51.5, 19.0, 26.0, 9999.0, 1.25, 1.5, 19.75, 9999.0, 9999.0, 9999.0, 119.0, 123.0, 118.25, 102.0, 133.75
2023-04-06, 18:56:14, 131.0, 51.25, 19.0, 25.75, 9999.0, 1.0, 1.5, 19.75, 9999.0, 9999.0, 9999.0, 119.0, 123.0, 118.25, 102.0, 133.75
2023-04-06, 18:56:18, 131.0, 51.25, 19.0, 26.0, 9999.0, 1.0, 1.5, 19.75, 9999.0, 9999.0, 9999.0, 119.0, 122.75, 118.25, 102.0, 133.5
2023-04-06, 18:56:22, 131.0, 51.25, 19.0, 26.0, 9999.0, 1.0, 1.5, 19.75, 9999.0, 9999.0, 9999.0, 118.25, 122.25, 116.5, 101.75, 133.5
2023-04-06, 18:56:26, 131.0, 51.25, 19.0, 26.0, 9999.0, 1.0, 1.5, 19.75, 9999.0, 9999.0, 9999.0, 119.0, 122.75, 118.25, 102.0, 133.75
2023-04-06, 18:56:30, 131.0, 51.25, 19.0, 26.0, 9999.0, 1.0, 1.5, 19.75, 9999.0, 9999.0, 9999.0, 119.0, 123.0, 118.25, 102.0, 133.75
2023-04-06, 18:56:34, 131.0, 51.25, 19.0, 26.25, 9999.0, 1.25, 1.5, 19.75, 9999.0, 9999.0, 9999.0, 118.75, 122.75, 118.25, 102.0, 133.5
2023-04-06, 18:56:38, 131.0, 51.25, 19.0, 26.0, 9999.0, 1.25, 1.25, 19.75, 9999.0, 9999.0, 9999.0, 118.0, 122.0, 117.75, 102.0, 133.75
2023-04-06, 18:56:42, 131.0, 51.25, 19.0, 26.25, 9999.0, 1.25, 1.5, 19.75, 9999.0, 9999.0, 9999.0, 118.75, 122.75, 118.25, 102.0, 133.75
2023-04-06, 18:56:46, 131.0, 51.25, 19.0, 26.0, 9999.0, 1.5, 1.5, 19.75, 9999.0, 9999.0, 9999.0, 118.75, 122.75, 118.25, 102.0, 133.75
2023-04-06, 18:56:50, 131.0, 51.25, 18.75, 25.75, 9999.0, 1.5, 1.5, 19.75, 9999.0, 9999.0, 9999.0, 119.5, 123.0, 118.0, 101.75, 133.5
2023-04-06, 18:56:54, 131.0, 51.25, 19.0, 25.75, 9999.0, 1.5, 1.5, 19.75, 9999.0, 9999.0, 9999.0, 118.75, 121.5, 118.25, 102.0, 133.75
2023-04-06, 18:56:58, 131.0, 51.25, 19.0, 25.75, 9999.0, 1.25, 1.5, 19.75, 9999.0, 9999.0, 9999.0, 119.25, 122.75, 118.25, 102.0, 133.75
2023-04-06, 18:57:02, 131.0, 51.25, 19.0, 25.75, 9999.0, 1.25, 1.5, 19.75, 9999.0, 9999.0, 9999.0, 119.25, 122.75, 118.25, 102.0, 133.75
2023-04-06, 18:57:06, 131.0, 51.25, 19.0, 26.0, 9999.0, 1.25, 1.5, 19.75, 9999.0, 9999.0, 9999.0, 119.25, 122.5, 118.0, 102.0, 133.75
2023-04-06, 18:57:10, 131.0, 51.25, 19.0, 26.0, 9999.0, 1.25, 1.25, 19.5, 9999.0, 9999.0, 9999.0, 114.25, 122.75, 118.25, 102.0, 133.75
2023-04-06, 18:57:14, 131.0, 51.25, 19.0, 26.0, 9999.0, 1.25, 1.5, 19.75, 9999.0, 9999.0, 9999.0, 119.0, 122.75, 118.25, 102.0, 133.75
2023-04-06, 18:57:18, 131.0, 51.25, 19.0, 25.75, 9999.0, 1.25, 1.5, 19.75, 9999.0, 9999.0, 9999.0, 119.0, 123.0, 118.0, 102.0, 133.75
2023-04-06, 18:57:22, 131.0, 51.25, 19.0, 26.0, 9999.0, 1.25, 1.5, 19.75, 9999.0, 9999.0, 9999.0, 119.0, 122.75, 118.25, 102.0, 133.75
2023-04-06, 18:57:26, 131.0, 51.25, 19.0, 25.75, 9999.0, 1.0, 1.5, 19.0, 9999.0, 9999.0, 9999.0, 119.25, 123.0, 118.25, 102.0, 133.75
2023-04-06, 18:57:30, 131.0, 51.25, 19.0, 25.75, 9999.0, 1.25, 1.5, 19.5, 9999.0, 9999.0, 9999.0, 119.0, 123.0, 118.25, 102.0, 133.75
2023-04-06, 18:57:34, 131.0, 51.25, 19.0, 25.75, 9999.0, 1.0, 1.25, 19.75, 9999.0, 9999.0, 9999.0, 119.0, 123.0, 118.25, 102.0, 133.75
2023-04-06, 18:57:38, 131.0, 51.25, 19.0, 26.0, 9999.0, 1.0, 1.5, 19.75, 9999.0, 9999.0, 9999.0, 118.75, 122.75, 118.0, 102.0, 133.75
2023-04-06, 18:57:42, 131.0, 51.25, 19.0, 26.0, 9999.0, 1.0, -0.25, 19.25, 9999.0, 9999.0, 9999.0, 119.0, 123.0, 118.25, 102.0, 133.75
2023-04-06, 18:57:46, 131.0, 51.25, 19.0, 26.0, 9999.0, 1.0, 1.5, 19.75, 9999.0, 9999.0, 9999.0, 119.0, 122.75, 118.25, 102.0, 133.75
2023-04-06, 18:57:50, 131.0, 51.25, 19.0, 25.75, 9999.0, 1.0, 1.5, 19.75, 9999.0, 9999.0, 9999.0, 119.0, 122.75, 118.25, 102.0, 133.75
2023-04-06, 18:57:54, 131.0, 51.25, 19.0, 26.0, 9999.0, 1.25, 1.5, 19.5, 9999.0, 9999.0, 9999.0, 118.75, 122.75, 118.25, 102.0, 133.75
2023-04-06, 18:57:58, 131.0, 51.25, 19.0, 26.0, 9999.0, 1.0, 0.5, 19.25, 9999.0, 9999.0, 9999.0, 118.75, 122.75, 118.25, 102.0, 133.75
2023-04-06, 18:58:02, 131.0, 51.25, 19.0, 25.75, 9999.0, 1.25, 1.5, 19.75, 9999.0, 9999.0, 9999.0, 118.75, 122.75, 118.25, 102.0, 133.5
2023-04-06, 18:58:06, 131.0, 51.25, 19.0, 25.75, 9999.0, 1.5, 1.5, 19.75, 9999.0, 9999.0, 9999.0, 118.75, 122.75, 118.25, 102.0, 133.75
2023-04-06, 18:58:10, 131.0, 51.25, 19.0, 25.75, 9999.0, 1.5, 1.5, 19.75, 9999.0, 9999.0, 9999.0, 119.25, 122.75, 118.25, 102.0, 133.75
2023-04-06, 18:58:14, 131.0, 51.25, 19.0, 25.75, 9999.0, 0.25, 1.0, 19.0, 9999.0, 9999.0, 9999.0, 119.5, 122.75, 118.25, 102.0, 133.75
2023-04-06, 18:58:19, 131.0, 51.25, 19.0, 25.75, 9999.0, 1.25, 1.5, 19.75, 9999.0, 9999.0, 9999.0, 119.25, 122.75, 118.25, 102.0, 133.5
2023-04-06, 18:58:23, 131.0, 51.25, 19.0, 26.0, 9999.0, 1.25, 1.5, 19.75, 9999.0, 9999.0, 9999.0, 119.25, 122.75, 118.25, 102.0, 133.5
2023-04-06, 18:58:27, 131.0, 51.25, 19.0, 26.0, 9999.0, 1.25, 1.5, 19.75, 9999.0, 9999.0, 9999.0, 119.25, 122.75, 118.25, 102.0, 133.5
2023-04-06, 18:58:31, 131.0, 51.25, 19.0, 26.0, 9999.0, 0.75, 0.5, 18.25, 9999.0, 9999.0, 9999.0, 119.25, 122.75, 118.25, 102.0, 133.75
2023-04-06, 18:58:35, 131.0, 51.25, 18.75, 25.75, 9999.0, 1.25, 1.25, 19.75, 9999.0, 9999.0, 9999.0, 119.0, 122.75, 118.25, 102.0, 133.75
2023-04-06, 18:58:39, 131.0, 51.25, 18.75, 25.5, 9999.0, 1.25, 1.5, 19.5, 9999.0, 9999.0, 9999.0, 119.0, 122.75, 118.25, 101.75, 133.5
2023-04-06, 18:58:43, 131.0, 51.25, 19.0, 25.75, 9999.0, 1.0, 1.25, 19.75, 9999.0, 9999.0, 9999.0, 119.0, 123.0, 118.25, 102.0, 133.5
2023-04-06, 18:58:47, 131.0, 51.25, 19.0, 25.25, 9999.0, 0.25, 0.5, 19.5, 9999.0, 9999.0, 9999.0, 119.0, 123.0, 118.25, 102.0, 133.75
2023-04-06, 18:58:51, 131.0, 51.25, 19.0, 26.0, 9999.0, 1.0, 1.5, 19.75, 9999.0, 9999.0, 9999.0, 119.0, 123.0, 118.25, 102.0, 133.5
2023-04-06, 18:58:55, 131.0, 51.25, 19.0, 25.75, 9999.0, 1.0, 1.25, 19.75, 9999.0, 9999.0, 9999.0, 119.0, 123.0, 118.0, 102.0, 133.75
2023-04-06, 18:58:59, 131.0, 51.25, 18.75, 25.75, 9999.0, 1.0, 1.25, 19.5, 9999.0, 9999.0, 9999.0, 119.0, 123.0, 118.25, 102.0, 133.5
2023-04-06, 18:59:03, 130.75, 51.25, 18.75, 25.0, 9999.0, -0.5, -0.5, 19.75, 9999.0, 9999.0, 9999.0, 119.0, 123.0, 118.25, 102.0, 133.75
2023-04-06, 18:59:07, 131.0, 51.25, 19.0, 26.0, 9999.0, 1.0, 1.25, 19.75, 9999.0, 9999.0, 9999.0, 119.0, 123.0, 118.25, 102.0, 133.75
2023-04-06, 18:59:11, 131.0, 51.25, 18.75, 26.0, 9999.0, 1.0, 1.25, 19.75, 9999.0, 9999.0, 9999.0, 118.75, 122.75, 118.25, 102.0, 133.75
2023-04-06, 18:59:15, 131.0, 51.25, 19.0, 26.0, 9999.0, 1.25, 1.25, 19.25, 9999.0, 9999.0, 9999.0, 118.75, 122.75, 118.25, 102.0, 133.5
2023-04-06, 18:59:19, 130.75, 51.25, 17.5, 25.75, 9999.0, -0.5, 1.25, 19.5, 9999.0, 9999.0, 9999.0, 118.75, 122.75, 118.25, 102.0, 133.75
2023-04-06, 18:59:23, 131.0, 51.25, 19.0, 26.0, 9999.0, 1.25, 1.25, 19.5, 9999.0, 9999.0, 9999.0, 118.75, 123.0, 118.25, 102.0, 133.5
2023-04-06, 18:59:27, 131.0, 51.25, 19.0, 25.75, 9999.0, 1.5, 1.5, 19.75, 9999.0, 9999.0, 9999.0, 118.75, 122.75, 118.25, 102.0, 133.5
2023-04-06, 18:59:31, 131.0, 51.25, 19.0, 26.0, 9999.0, 1.25, 1.25, 19.5, 9999.0, 9999.0, 9999.0, 119.5, 122.75, 118.25, 102.0, 133.5
2023-04-06, 18:59:35, 131.0, 50.5, 18.0, 25.25, 9999.0, 0.75, 1.25, 19.75, 9999.0, 9999.0, 9999.0, 119.25, 122.75, 118.25, 102.0, 133.5
2023-04-06, 18:59:39, 131.0, 51.25, 19.0, 25.75, 9999.0, 1.25, 1.5, 19.75, 9999.0, 9999.0, 9999.0, 119.25, 122.75, 118.25, 102.0, 133.5
2023-04-06, 18:59:43, 131.0, 51.25, 19.0, 25.75, 9999.0, 1.25, 1.5, 19.75, 9999.0, 9999.0, 9999.0, 119.25, 122.75, 118.25, 102.0, 133.75
2023-04-06, 18:59:47, 131.0, 51.25, 19.0, 25.75, 9999.0, 1.0, 1.25, 19.75, 9999.0, 9999.0, 9999.0, 119.25, 122.75, 118.25, 102.0, 133.5
2023-04-06, 18:59:51, 130.75, 50.25, 18.5, 24.5, 9999.0, 1.0, 1.25, 19.75, 9999.0, 9999.0, 9999.0, 119.25, 122.75, 118.25, 102.0, 133.5
2023-04-06, 18:59:55, 131.0, 51.25, 18.75, 26.0, 9999.0, 1.25, 1.5, 19.75, 9999.0, 9999.0, 9999.0, 119.0, 122.75, 118.25, 102.0, 133.5
2023-04-06, 18:59:59, 131.0, 51.25, 19.0, 26.0, 9999.0, 1.25, 1.5, 19.75, 9999.0, 9999.0, 9999.0, 119.0, 123.0, 118.25, 102.0, 133.75
2023-04-06, 19:00:03, 130.75, 51.25, 19.0, 25.75, 9999.0, 1.0, 1.25, 19.75, 9999.0, 9999.0, 9999.0, 119.0, 123.0, 118.0, 102.0, 133.25
2023-04-06, 19:00:07, 130.0, 51.0, 17.75, 24.5, 9999.0, 1.0, 1.5, 19.75, 9999.0, 9999.0, 9999.0, 119.0, 123.0, 118.25, 102.0, 133.5
2023-04-06, 19:00:11, 131.0, 51.25, 18.75, 25.75, 9999.0, 1.0, 1.25, 19.75, 9999.0, 9999.0, 9999.0, 119.0, 123.0, 118.25, 102.0, 133.75
2023-04-06, 19:00:15, 131.0, 51.25, 19.0, 26.0, 9999.0, 1.0, 1.5, 19.75, 9999.0, 9999.0, 9999.0, 119.0, 123.0, 118.25, 102.0, 133.75
2023-04-06, 19:00:19, 131.0, 51.25, 19.0, 26.0, 9999.0, 1.0, 1.25, 19.5, 9999.0, 9999.0, 9999.0, 119.0, 122.75, 118.25, 102.0, 131.5
2023-04-06, 19:00:29, 130.75, 50.0, 14.25, 25.75, 9999.0, 1.0, 1.25, 19.5, 9999.0, 9999.0, 9999.0, 119.0, 122.75, 118.25, 102.0, 133.75
2023-04-06, 19:00:30, 131.0, 51.25, 19.0, 26.0, 9999.0, 1.0, 1.25, 19.5, 9999.0, 9999.0, 9999.0, 119.0, 122.75, 118.25, 102.0, 133.75
2023-04-06, 19:00:31, 131.0, 51.25, 19.0, 26.0, 9999.0, 1.0, 1.25, 19.75, 9999.0, 9999.0, 9999.0, 118.75, 122.75, 118.25, 102.0, 133.75
2023-04-06, 19:00:35, 131.0, 51.25, 19.0, 26.0, 9999.0, 1.0, 1.25, 19.75, 9999.0, 9999.0, 9999.0, 118.75, 122.75, 118.25, 100.75, 133.0
2023-04-06, 19:00:39, 130.0, 49.5, 18.5, 25.75, 9999.0, 1.0, 1.25, 19.75, 9999.0, 9999.0, 9999.0, 118.75, 122.75, 118.25, 102.0, 133.5
2023-04-06, 19:00:43, 130.75, 51.25, 19.0, 26.0, 9999.0, 1.25, 1.5, 19.5, 9999.0, 9999.0, 9999.0, 118.75, 122.75, 118.0, 102.0, 133.75
2023-04-06, 19:00:47, 131.0, 51.25, 19.0, 26.0, 9999.0, 1.25, 1.25, 19.75, 9999.0, 9999.0, 9999.0, 118.75, 122.75, 118.25, 102.0, 133.75
2023-04-06, 19:00:51, 131.0, 51.25, 18.75, 26.0, 9999.0, 1.25, 1.5, 19.75, 9999.0, 9999.0, 9999.0, 119.25, 122.75, 117.5, 101.5, 132.5
2023-04-06, 19:00:55, 130.0, 51.0, 18.75, 26.0, 9999.0, 1.25, 1.5, 19.75, 9999.0, 9999.0, 9999.0, 119.25, 122.75, 118.25, 102.0, 133.5
2023-04-06, 19:00:59, 131.0, 51.25, 19.0, 26.0, 9999.0, 1.25, 1.25, 19.75, 9999.0, 9999.0, 9999.0, 119.25, 122.75, 118.25, 102.0, 133.75
2023-04-06, 19:01:03, 131.0, 51.25, 19.0, 26.0, 9999.0, 1.25, 1.5, 19.75, 9999.0, 9999.0, 9999.0, 119.25, 122.75, 118.25, 102.0, 133.75
2023-04-06, 19:01:07, 130.75, 51.0, 19.0, 26.0, 9999.0, 1.25, 1.25, 19.5, 9999.0, 9999.0, 9999.0, 119.25, 121.75, 117.25, 101.5, 132.5
2023-04-06, 19:01:11, 130.25, 51.25, 18.75, 26.0, 9999.0, 1.25, 1.5, 19.5, 9999.0, 9999.0, 9999.0, 119.25, 122.75, 118.25, 102.0, 133.5
2023-04-06, 19:01:15, 131.0, 51.25, 19.0, 26.0, 9999.0, 1.25, 1.25, 19.75, 9999.0, 9999.0, 9999.0, 119.0, 122.75, 118.25, 102.0, 133.75
2023-04-06, 19:01:19, 131.0, 51.25, 19.0, 25.75, 9999.0, 1.25, 1.5, 19.5, 9999.0, 9999.0, 9999.0, 119.0, 122.75, 118.25, 102.0, 133.5
2023-04-06, 19:01:23, 130.75, 51.0, 19.0, 26.0, 9999.0, 1.0, 1.25, 19.5, 9999.0, 9999.0, 9999.0, 119.0, 121.75, 117.75, 101.0, 132.75
2023-04-06, 19:01:27, 131.0, 51.25, 19.0, 26.0, 9999.0, 1.0, 1.25, 19.75, 9999.0, 9999.0, 9999.0, 119.0, 122.75, 118.25, 102.0, 133.5
2023-04-06, 19:01:31, 131.0, 51.25, 18.75, 26.0, 9999.0, 1.0, 1.5, 19.75, 9999.0, 9999.0, 9999.0, 119.0, 122.75, 118.25, 102.0, 133.5
2023-04-06, 19:01:35, 131.0, 51.25, 18.75, 26.0, 9999.0, 1.0, 1.25, 19.75, 9999.0, 9999.0, 9999.0, 119.0, 122.75, 118.25, 102.0, 133.75
2023-04-06, 19:01:39, 130.75, 51.25, 19.0, 26.0, 9999.0, 1.0, 1.5, 19.5, 9999.0, 9999.0, 9999.0, 118.0, 122.5, 116.75, 99.75, 133.5
2023-04-06, 19:01:43, 131.0, 51.25, 19.0, 26.0, 9999.0, 1.0, 1.25, 19.75, 9999.0, 9999.0, 9999.0, 119.0, 122.75, 118.25, 102.0, 133.5
2023-04-06, 19:01:47, 131.0, 51.25, 19.0, 26.0, 9999.0, 1.0, 1.25, 19.75, 9999.0, 9999.0, 9999.0, 119.0, 122.75, 118.25, 102.0, 133.75
2023-04-06, 19:01:51, 130.75, 51.25, 19.0, 26.0, 9999.0, 1.0, 1.25, 19.5, 9999.0, 9999.0, 9999.0, 118.75, 122.75, 118.25, 102.0, 133.5
2023-04-06, 19:01:55, 131.0, 51.25, 18.75, 26.0, 9999.0, 1.25, 1.25, 19.75, 9999.0, 9999.0, 9999.0, 118.5, 121.75, 116.75, 102.0, 133.5
2023-04-06, 19:01:59, 130.75, 51.25, 19.0, 26.0, 9999.0, 1.25, 1.25, 19.5, 9999.0, 9999.0, 9999.0, 118.75, 122.75, 118.25, 102.0, 133.5
2023-04-06, 19:02:03, 130.75, 51.25, 19.0, 25.5, 9999.0, 1.25, 1.5, 19.5, 9999.0, 9999.0, 9999.0, 118.75, 122.75, 118.25, 102.0, 133.5
2023-04-06, 19:02:07, 131.0, 51.25, 19.0, 25.75, 9999.0, 1.25, 1.25, 19.75, 9999.0, 9999.0, 9999.0, 118.75, 122.75, 118.25, 102.0, 133.5
2023-04-06, 19:02:11, 130.75, 51.25, 18.75, 25.75, 9999.0, 1.5, 1.25, 19.5, 9999.0, 9999.0, 9999.0, 118.5, 121.25, 118.0, 102.0, 133.75
2023-04-06, 19:02:15, 131.0, 51.25, 19.0, 26.0, 9999.0, 1.25, 1.5, 19.75, 9999.0, 9999.0, 9999.0, 119.25, 122.75, 118.0, 102.0, 133.5
2023-04-06, 19:02:19, 130.75, 51.25, 19.0, 26.0, 9999.0, 1.25, 1.5, 19.75, 9999.0, 9999.0, 9999.0, 119.25, 122.75, 118.25, 102.0, 133.5
2023-04-06, 19:02:23, 131.0, 51.25, 19.0, 26.0, 9999.0, 1.25, 1.5, 19.75, 9999.0, 9999.0, 9999.0, 119.25, 122.75, 118.0, 102.0, 133.5
2023-04-06, 19:02:27, 131.0, 51.25, 18.75, 26.0, 9999.0, 1.25, 1.25, 19.75, 9999.0, 9999.0, 9999.0, 118.25, 122.5, 118.0, 102.0, 133.5
2023-04-06, 19:02:31, 131.0, 51.25, 18.75, 26.0, 9999.0, 1.25, 1.5, 19.75, 9999.0, 9999.0, 9999.0, 119.25, 122.75, 118.0, 102.0, 133.5
2023-04-06, 19:02:35, 131.0, 51.25, 18.75, 26.0, 9999.0, 1.25, 1.25, 19.75, 9999.0, 9999.0, 9999.0, 119.0, 122.75, 118.25, 102.0, 133.5
2023-04-06, 19:02:39, 131.0, 51.25, 18.75, 26.0, 9999.0, 1.0, 1.5, 19.5, 9999.0, 9999.0, 9999.0, 119.0, 122.5, 118.0, 102.0, 133.75
2023-04-06, 19:02:44, 131.0, 51.25, 18.75, 25.75, 9999.0, 1.0, 1.25, 19.0, 9999.0, 9999.0, 9999.0, 118.5, 122.75, 118.25, 102.0, 133.5
2023-04-06, 19:02:48, 131.0, 51.25, 18.75, 26.0, 9999.0, 1.0, 1.5, 19.75, 9999.0, 9999.0, 9999.0, 119.0, 122.75, 118.25, 102.0, 133.75
2023-04-06, 19:02:52, 131.0, 51.25, 18.75, 26.0, 9999.0, 1.0, 1.25, 19.5, 9999.0, 9999.0, 9999.0, 119.0, 122.75, 118.25, 102.0, 133.5
2023-04-06, 19:02:56, 131.0, 51.25, 18.75, 26.0, 9999.0, 1.0, 1.25, 19.75, 9999.0, 9999.0, 9999.0, 118.75, 122.75, 118.0, 102.0, 133.5
2023-04-06, 19:03:00, 130.75, 51.25, 18.75, 26.0, 9999.0, 1.0, 1.25, 19.0, 9999.0, 9999.0, 9999.0, 119.0, 122.75, 118.0, 102.0, 133.75
2023-04-06, 19:03:04, 131.0, 51.25, 18.75, 26.0, 9999.0, 1.0, 1.25, 19.75, 9999.0, 9999.0, 9999.0, 119.0, 122.75, 118.25, 102.0, 133.5
2023-04-06, 19:03:08, 131.0, 51.25, 19.0, 26.0, 9999.0, 1.0, 1.25, 19.5, 9999.0, 9999.0, 9999.0, 119.0, 122.75, 118.0, 102.0, 133.5
2023-04-06, 19:03:12, 131.0, 51.25, 19.0, 26.0, 9999.0, 1.0, 1.25, 19.75, 9999.0, 9999.0, 9999.0, 118.75, 122.75, 118.25, 102.0, 133.5
2023-04-06, 19:03:16, 131.0, 51.25, 19.0, 26.0, 9999.0, 1.25, 0.5, 19.5, 9999.0, 9999.0, 9999.0, 118.75, 122.75, 118.25, 102.0, 133.5
2023-04-06, 19:03:20, 131.0, 51.25, 19.0, 25.75, 9999.0, 1.25, 1.25, 19.75, 9999.0, 9999.0, 9999.0, 118.75, 122.75, 118.25, 102.0, 133.75
2023-04-06, 19:03:24, 130.75, 51.25, 19.0, 26.0, 9999.0, 1.25, 1.25, 19.75, 9999.0, 9999.0, 9999.0, 118.75, 122.75, 118.25, 102.0, 133.75
2023-04-06, 19:03:28, 131.0, 51.25, 19.0, 26.0, 9999.0, 1.25, 1.25, 19.75, 9999.0, 9999.0, 9999.0, 118.5, 122.75, 118.0, 102.0, 133.5
2023-04-06, 19:03:32, 130.75, 51.25, 19.0, 26.0, 9999.0, 0.0, 1.0, 18.75, 9999.0, 9999.0, 9999.0, 119.5, 122.75, 118.25, 102.0, 133.5
2023-04-06, 19:03:36, 131.0, 51.25, 18.75, 26.0, 9999.0, 1.25, 1.5, 19.75, 9999.0, 9999.0, 9999.0, 119.25, 122.75, 118.0, 102.0, 133.75
2023-04-06, 19:03:40, 131.0, 51.25, 19.0, 26.0, 9999.0, 1.25, 1.25, 19.5, 9999.0, 9999.0, 9999.0, 119.25, 122.75, 118.0, 102.0, 133.5
2023-04-06, 19:03:44, 130.75, 51.25, 19.0, 26.0, 9999.0, 1.25, 1.25, 19.75, 9999.0, 9999.0, 9999.0, 119.25, 122.75, 118.0, 102.0, 133.5
2023-04-06, 19:03:48, 130.75, 51.25, 19.0, 26.0, 9999.0, 0.75, 0.5, 18.25, 9999.0, 9999.0, 9999.0, 119.25, 122.75, 118.0, 102.0, 133.5
2023-04-06, 19:03:52, 131.0, 51.25, 19.0, 26.0, 9999.0, 1.25, 1.5, 19.75, 9999.0, 9999.0, 9999.0, 119.0, 122.75, 118.0, 102.0, 133.5
2023-04-06, 19:03:56, 131.0, 51.25, 19.0, 25.75, 9999.0, 1.25, 1.25, 19.75, 9999.0, 9999.0, 9999.0, 119.0, 122.75, 118.25, 102.0, 133.5
2023-04-06, 19:04:00, 131.0, 51.25, 19.0, 26.0, 9999.0, 1.0, 1.25, 19.75, 9999.0, 9999.0, 9999.0, 119.0, 122.75, 118.0, 102.0, 133.5
2023-04-06, 19:04:04, 130.75, 51.25, 18.75, 25.0, 9999.0, 0.25, 0.5, 19.5, 9999.0, 9999.0, 9999.0, 119.0, 123.0, 118.0, 102.0, 133.5
2023-04-06, 19:04:08, 131.0, 51.25, 19.0, 26.0, 9999.0, 1.0, 1.25, 19.75, 9999.0, 9999.0, 9999.0, 119.0, 122.75, 118.0, 102.0, 133.5
2023-04-06, 19:04:12, 131.0, 51.25, 18.75, 26.0, 9999.0, 1.25, 1.5, 19.75, 9999.0, 9999.0, 9999.0, 119.0, 122.75, 118.25, 102.0, 133.75
2023-04-06, 19:04:16, 131.0, 51.25, 19.0, 25.75, 9999.0, 1.0, 1.5, 19.5, 9999.0, 9999.0, 9999.0, 119.0, 123.0, 118.0, 102.0, 133.5
2023-04-06, 19:04:20, 131.0, 51.25, 18.0, 25.0, 9999.0, 0.0, 0.75, 19.75, 9999.0, 9999.0, 9999.0, 119.0, 122.75, 118.0, 102.0, 133.75
2023-04-06, 19:04:24, 131.0, 51.25, 19.0, 26.0, 9999.0, 1.0, 1.5, 19.75, 9999.0, 9999.0, 9999.0, 119.0, 122.75, 118.0, 102.0, 133.75
2023-04-06, 19:04:28, 131.0, 51.25, 19.0, 26.0, 9999.0, 1.0, 1.25, 19.75, 9999.0, 9999.0, 9999.0, 119.0, 122.75, 118.25, 102.0, 133.5
2023-04-06, 19:04:32, 131.0, 51.25, 18.75, 26.0, 9999.0, 1.0, 1.25, 19.5, 9999.0, 9999.0, 9999.0, 119.0, 122.75, 118.0, 102.0, 133.5
2023-04-06, 19:04:36, 131.0, 51.25, 18.0, 25.5, 9999.0, 0.25, 1.25, 19.75, 9999.0, 9999.0, 9999.0, 118.75, 122.75, 118.25, 102.0, 133.5
2023-04-06, 19:04:40, 131.0, 51.25, 19.0, 26.0, 9999.0, 1.25, 1.0, 19.75, 9999.0, 9999.0, 9999.0, 118.75, 122.75, 118.25, 102.0, 133.75
2023-04-06, 19:04:44, 130.75, 51.25, 19.0, 26.0, 9999.0, 1.25, 1.5, 19.5, 9999.0, 9999.0, 9999.0, 118.75, 122.75, 118.25, 102.0, 133.5
2023-04-06, 19:04:48, 131.0, 51.25, 18.75, 26.0, 9999.0, 1.25, 1.25, 19.5, 9999.0, 9999.0, 9999.0, 118.75, 122.75, 118.0, 102.0, 133.5
2023-04-06, 19:04:52, 130.75, 50.25, 18.5, 24.75, 9999.0, 1.5, 1.5, 19.75, 9999.0, 9999.0, 9999.0, 118.5, 122.75, 118.0, 102.0, 133.75
2023-04-06, 19:04:56, 130.75, 51.25, 19.0, 26.0, 9999.0, 1.5, 1.5, 19.75, 9999.0, 9999.0, 9999.0, 119.5, 122.75, 118.25, 102.0, 133.75
2023-04-06, 19:05:00, 131.0, 51.25, 19.0, 25.75, 9999.0, 1.25, 1.5, 19.75, 9999.0, 9999.0, 9999.0, 119.25, 122.75, 118.25, 102.0, 133.5
2023-04-06, 19:05:04, 131.0, 51.25, 18.75, 26.0, 9999.0, 1.25, 1.5, 19.75, 9999.0, 9999.0, 9999.0, 119.25, 122.75, 118.0, 102.0, 133.5
2023-04-06, 19:05:08, 129.5, 51.0, 18.0, 24.0, 9999.0, 1.25, 1.5, 19.75, 9999.0, 9999.0, 9999.0, 119.25, 122.75, 118.0, 102.0, 133.5
2023-04-06, 19:05:12, 131.0, 51.25, 18.75, 26.0, 9999.0, 1.25, 1.5, 19.75, 9999.0, 9999.0, 9999.0, 119.25, 122.75, 118.0, 102.0, 133.5
2023-04-06, 19:05:16, 131.0, 51.25, 18.75, 26.0, 9999.0, 1.25, 1.25, 19.75, 9999.0, 9999.0, 9999.0, 119.0, 122.75, 118.0, 102.0, 133.5
2023-04-06, 19:05:20, 130.75, 51.25, 19.0, 26.0, 9999.0, 1.25, 1.5, 19.75, 9999.0, 9999.0, 9999.0, 119.0, 122.75, 118.0, 102.0, 131.75
2023-04-06, 19:05:24, 130.75, 50.25, 17.0, 25.5, 9999.0, 1.25, 1.5, 19.75, 9999.0, 9999.0, 9999.0, 119.0, 123.0, 118.0, 102.0, 133.5
2023-04-06, 19:05:28, 131.0, 51.25, 18.75, 25.5, 9999.0, 1.25, 1.5, 19.75, 9999.0, 9999.0, 9999.0, 119.0, 123.0, 118.25, 102.0, 133.75
2023-04-06, 19:05:32, 131.0, 51.25, 18.75, 25.5, 9999.0, 1.0, 1.5, 19.75, 9999.0, 9999.0, 9999.0, 119.0, 123.0, 118.25, 102.0, 133.5
2023-04-06, 19:05:36, 131.0, 51.25, 19.0, 25.75, 9999.0, 1.0, 1.5, 19.75, 9999.0, 9999.0, 9999.0, 119.0, 123.0, 118.0, 101.0, 132.5
2023-04-06, 19:05:40, 130.0, 50.25, 18.75, 26.0, 9999.0, 1.0, 1.5, 19.75, 9999.0, 9999.0, 9999.0, 119.0, 123.0, 118.25, 102.0, 133.75
2023-04-06, 19:05:44, 131.0, 51.25, 19.0, 26.25, 9999.0, 1.0, 1.5, 19.75, 9999.0, 9999.0, 9999.0, 119.0, 123.0, 118.0, 102.0, 133.5
2023-04-06, 19:05:48, 131.0, 51.25, 19.0, 26.25, 9999.0, 1.0, 1.5, 19.75, 9999.0, 9999.0, 9999.0, 119.0, 122.75, 118.0, 102.0, 133.5
2023-04-06, 19:05:52, 131.0, 51.25, 18.75, 26.0, 9999.0, 1.0, 1.5, 19.75, 9999.0, 9999.0, 9999.0, 118.75, 122.75, 118.0, 101.25, 133.25
2023-04-06, 19:05:56, 130.0, 50.5, 19.0, 26.25, 9999.0, 1.25, 1.5, 19.75, 9999.0, 9999.0, 9999.0, 118.75, 122.75, 118.25, 102.0, 133.75
2023-04-06, 19:06:00, 131.0, 51.25, 19.0, 26.0, 9999.0, 1.25, 1.5, 19.75, 9999.0, 9999.0, 9999.0, 118.75, 122.75, 118.25, 102.0, 133.75
2023-04-06, 19:06:04, 131.0, 51.25, 19.0, 26.0, 9999.0, 1.5, 1.5, 19.75, 9999.0, 9999.0, 9999.0, 118.75, 122.75, 118.25, 102.0, 133.5
2023-04-06, 19:06:08, 131.0, 51.0, 18.75, 25.75, 9999.0, 1.5, 1.5, 19.75, 9999.0, 9999.0, 9999.0, 118.75, 122.75, 117.25, 101.75, 132.0
2023-04-06, 19:06:12, 128.75, 51.0, 19.0, 26.0, 9999.0, 1.5, 1.5, 19.75, 9999.0, 9999.0, 9999.0, 119.5, 122.75, 118.25, 102.0, 133.75
2023-04-06, 19:06:16, 131.0, 51.25, 19.0, 26.0, 9999.0, 1.25, 1.5, 19.75, 9999.0, 9999.0, 9999.0, 119.25, 122.75, 118.25, 102.0, 133.75
2023-04-06, 19:06:20, 131.0, 51.25, 19.0, 26.0, 9999.0, 1.25, 1.5, 19.75, 9999.0, 9999.0, 9999.0, 119.25, 122.75, 118.0, 102.0, 133.5
2023-04-06, 19:06:24, 131.0, 51.25, 18.75, 26.0, 9999.0, 1.25, 1.25, 19.75, 9999.0, 9999.0, 9999.0, 119.25, 121.75, 118.0, 101.25, 129.75
2023-04-06, 19:06:28, 131.0, 51.25, 19.0, 26.0, 9999.0, 1.25, 1.5, 19.75, 9999.0, 9999.0, 9999.0, 119.25, 122.75, 118.25, 102.0, 133.75
2023-04-06, 19:06:32, 130.75, 51.25, 19.0, 26.0, 9999.0, 1.25, 1.5, 19.75, 9999.0, 9999.0, 9999.0, 119.0, 122.75, 118.25, 102.0, 133.75
2023-04-06, 19:06:36, 131.0, 51.25, 19.0, 26.0, 9999.0, 1.25, 1.5, 19.75, 9999.0, 9999.0, 9999.0, 119.0, 122.75, 118.0, 102.0, 133.5
2023-04-06, 19:06:40, 131.0, 51.25, 19.0, 26.0, 9999.0, 1.25, 1.25, 19.75, 9999.0, 9999.0, 9999.0, 117.75, 122.5, 117.25, 100.75, 133.5
2023-04-06, 19:06:44, 130.75, 51.25, 19.0, 26.0, 9999.0, 1.0, 1.5, 19.75, 9999.0, 9999.0, 9999.0, 119.25, 123.0, 118.25, 102.0, 133.75
2023-04-06, 19:06:48, 131.0, 51.25, 19.0, 26.25, 9999.0, 1.0, 1.5, 19.75, 9999.0, 9999.0, 9999.0, 119.0, 123.0, 118.25, 102.0, 133.5
2023-04-06, 19:06:52, 131.0, 51.25, 19.0, 26.0, 9999.0, 1.0, 1.5, 19.75, 9999.0, 9999.0, 9999.0, 119.0, 122.75, 118.0, 102.0, 133.5
2023-04-06, 19:06:56, 130.75, 51.25, 19.0, 26.25, 9999.0, 1.0, 1.25, 19.75, 9999.0, 9999.0, 9999.0, 118.75, 121.75, 116.25, 101.75, 133.75
2023-04-06, 19:07:00, 131.0, 51.25, 19.0, 26.25, 9999.0, 1.0, 1.25, 19.75, 9999.0, 9999.0, 9999.0, 119.0, 123.0, 118.25, 102.0, 133.75
2023-04-06, 19:07:04, 130.75, 51.25, 18.75, 26.25, 9999.0, 1.0, 1.5, 19.75, 9999.0, 9999.0, 9999.0, 119.0, 122.75, 118.25, 102.0, 133.5
2023-04-06, 19:07:08, 131.0, 51.25, 19.0, 26.25, 9999.0, 1.0, 1.5, 19.75, 9999.0, 9999.0, 9999.0, 119.0, 122.75, 118.0, 101.75, 133.5
2023-04-06, 19:07:13, 131.0, 51.25, 19.0, 26.25, 9999.0, 1.0, 1.25, 19.75, 9999.0, 9999.0, 9999.0, 117.75, 121.75, 117.5, 102.0, 133.5
2023-04-06, 19:07:17, 131.0, 51.25, 19.0, 26.25, 9999.0, 1.25, 1.25, 19.75, 9999.0, 9999.0, 9999.0, 118.75, 122.75, 118.25, 102.0, 133.75
2023-04-06, 19:07:21, 131.0, 51.25, 19.0, 26.0, 9999.0, 1.25, 1.25, 19.75, 9999.0, 9999.0, 9999.0, 118.75, 122.75, 118.0, 102.0, 133.75
2023-04-06, 19:07:25, 130.75, 51.25, 18.75, 26.0, 9999.0, 1.25, 1.25, 19.75, 9999.0, 9999.0, 9999.0, 118.75, 122.75, 118.0, 102.0, 133.5
2023-04-06, 19:07:29, 131.0, 51.25, 19.0, 26.0, 9999.0, 1.5, 1.25, 19.5, 9999.0, 9999.0, 9999.0, 117.25, 122.0, 118.0, 102.0, 133.5
2023-04-06, 19:07:33, 130.75, 51.25, 19.0, 26.0, 9999.0, 1.25, 1.25, 19.75, 9999.0, 9999.0, 9999.0, 119.5, 122.75, 118.25, 102.0, 133.5
2023-04-06, 19:07:37, 131.0, 51.25, 19.0, 26.0, 9999.0, 1.25, 1.5, 19.5, 9999.0, 9999.0, 9999.0, 119.5, 122.75, 118.0, 102.0, 133.5
2023-04-06, 19:07:41, 131.0, 51.25, 19.0, 26.0, 9999.0, 1.25, 1.5, 19.75, 9999.0, 9999.0, 9999.0, 119.25, 122.5, 118.0, 102.0, 133.5
2023-04-06, 19:07:45, 131.0, 51.25, 19.0, 26.0, 9999.0, 1.25, 1.5, 19.5, 9999.0, 9999.0, 9999.0, 117.25, 122.5, 118.0, 102.0, 133.5
2023-04-06, 19:07:49, 131.0, 51.25, 19.0, 26.0, 9999.0, 1.25, 1.5, 19.5, 9999.0, 9999.0, 9999.0, 119.25, 122.75, 118.25, 102.0, 133.5
2023-04-06, 19:07:53, 131.0, 51.25, 18.75, 26.25, 9999.0, 1.25, 1.25, 19.75, 9999.0, 9999.0, 9999.0, 119.0, 122.75, 118.25, 101.75, 133.5
2023-04-06, 19:07:57, 131.0, 51.25, 19.0, 26.0, 9999.0, 1.25, 1.25, 19.75, 9999.0, 9999.0, 9999.0, 119.0, 122.5, 118.0, 102.0, 133.5
2023-04-06, 19:08:01, 131.0, 51.25, 18.75, 26.25, 9999.0, 1.0, 1.25, 19.0, 9999.0, 9999.0, 9999.0, 119.0, 123.0, 118.0, 102.0, 133.5
2023-04-06, 19:08:05, 131.0, 51.25, 19.0, 26.0, 9999.0, 1.0, 1.5, 19.75, 9999.0, 9999.0, 9999.0, 119.0, 123.0, 118.25, 102.0, 133.5
2023-04-06, 19:08:09, 131.0, 51.25, 19.0, 26.0, 9999.0, 1.0, 1.25, 19.5, 9999.0, 9999.0, 9999.0, 119.0, 122.75, 118.0, 102.0, 133.5
2023-04-06, 19:08:13, 131.0, 51.25, 19.0, 26.0, 9999.0, 1.0, 1.25, 19.75, 9999.0, 9999.0, 9999.0, 119.0, 122.75, 118.0, 101.75, 133.5
2023-04-06, 19:08:17, 131.0, 51.25, 19.0, 26.0, 9999.0, 1.0, 0.0, 19.5, 9999.0, 9999.0, 9999.0, 119.0, 122.75, 118.0, 102.0, 133.5
2023-04-06, 19:08:21, 131.0, 51.25, 19.0, 26.25, 9999.0, 1.0, 1.25, 19.75, 9999.0, 9999.0, 9999.0, 119.0, 123.0, 118.0, 102.0, 133.75
2023-04-06, 19:08:25, 130.75, 51.25, 18.75, 26.25, 9999.0, 1.0, 1.25, 19.5, 9999.0, 9999.0, 9999.0, 119.0, 122.75, 118.0, 102.0, 133.5
2023-04-06, 19:08:29, 130.75, 51.25, 19.0, 26.0, 9999.0, 1.0, 1.25, 19.5, 9999.0, 9999.0, 9999.0, 118.75, 122.75, 118.0, 102.0, 133.5
2023-04-06, 19:08:33, 131.0, 51.25, 19.0, 26.0, 9999.0, -0.25, 1.0, 18.5, 9999.0, 9999.0, 9999.0, 118.75, 122.75, 118.25, 101.75, 133.5
2023-04-06, 19:08:37, 131.0, 51.25, 19.0, 26.0, 9999.0, 1.25, 1.25, 19.5, 9999.0, 9999.0, 9999.0, 118.75, 122.75, 118.25, 102.0, 133.75
2023-04-06, 19:08:41, 130.75, 51.25, 19.0, 26.0, 9999.0, 1.25, 1.25, 19.75, 9999.0, 9999.0, 9999.0, 118.75, 122.75, 118.25, 102.0, 133.75
2023-04-06, 19:08:45, 130.75, 51.25, 19.0, 26.0, 9999.0, 1.25, 1.25, 19.75, 9999.0, 9999.0, 9999.0, 118.75, 122.75, 118.25, 102.0, 133.5
2023-04-06, 19:08:49, 131.0, 51.25, 19.0, 26.0, 9999.0, 0.5, 0.25, 18.5, 9999.0, 9999.0, 9999.0, 118.75, 122.75, 118.25, 102.0, 133.5
2023-04-06, 19:08:53, 131.0, 51.25, 19.0, 26.0, 9999.0, 1.5, 1.25, 19.75, 9999.0, 9999.0, 9999.0, 119.5, 122.75, 118.25, 102.0, 133.5
2023-04-06, 19:08:57, 131.0, 51.25, 19.0, 26.0, 9999.0, 1.5, 1.5, 19.75, 9999.0, 9999.0, 9999.0, 119.25, 122.75, 118.25, 101.75, 133.5
2023-04-06, 19:09:01, 131.0, 51.25, 19.0, 26.0, 9999.0, 1.25, 1.25, 19.5, 9999.0, 9999.0, 9999.0, 119.25, 122.75, 118.25, 102.0, 133.5
2023-04-06, 19:09:05, 131.0, 51.25, 19.0, 25.5, 9999.0, 0.75, 0.0, 19.0, 9999.0, 9999.0, 9999.0, 119.25, 122.75, 118.25, 102.0, 133.5
2023-04-06, 19:09:09, 131.0, 51.25, 18.75, 26.0, 9999.0, 1.25, 1.5, 19.75, 9999.0, 9999.0, 9999.0, 119.25, 122.75, 118.25, 102.0, 133.5
2023-04-06, 19:09:13, 131.0, 51.25, 19.0, 26.0, 9999.0, 1.25, 1.5, 19.5, 9999.0, 9999.0, 9999.0, 119.25, 122.75, 118.0, 102.0, 133.5
2023-04-06, 19:09:17, 131.0, 51.25, 19.0, 26.0, 9999.0, 1.25, 1.5, 19.5, 9999.0, 9999.0, 9999.0, 119.0, 122.75, 118.25, 102.0, 133.5
2023-04-06, 19:09:21, 131.0, 51.25, 18.75, 25.25, 9999.0, 0.0, 0.0, 19.5, 9999.0, 9999.0, 9999.0, 119.0, 122.75, 118.0, 102.0, 133.5
2023-04-06, 19:09:25, 131.0, 51.25, 19.0, 26.0, 9999.0, 1.0, 1.5, 19.75, 9999.0, 9999.0, 9999.0, 119.0, 122.75, 118.25, 102.0, 133.5
2023-04-06, 19:09:29, 131.0, 51.25, 19.0, 26.0, 9999.0, 1.0, 1.5, 19.5, 9999.0, 9999.0, 9999.0, 119.0, 123.0, 118.25, 102.0, 133.5
2023-04-06, 19:09:33, 131.0, 51.25, 19.0, 26.0, 9999.0, 1.0, 1.25, 19.5, 9999.0, 9999.0, 9999.0, 119.0, 122.75, 118.0, 101.75, 133.5
2023-04-06, 19:09:37, 131.0, 51.25, 18.25, 25.75, 9999.0, -0.5, 1.25, 19.5, 9999.0, 9999.0, 9999.0, 119.0, 122.75, 118.25, 102.0, 133.5
2023-04-06, 19:09:41, 130.75, 51.25, 19.0, 26.25, 9999.0, 1.0, 1.25, 19.5, 9999.0, 9999.0, 9999.0, 119.0, 122.75, 118.0, 102.0, 133.75
2023-04-06, 19:09:45, 130.75, 51.25, 19.0, 26.0, 9999.0, 1.0, 1.25, 19.75, 9999.0, 9999.0, 9999.0, 118.75, 122.75, 118.0, 101.75, 133.75
2023-04-06, 19:09:49, 131.0, 51.25, 19.0, 26.0, 9999.0, 0.75, 1.25, 19.5, 9999.0, 9999.0, 9999.0, 119.0, 122.75, 118.0, 102.0, 133.5
2023-04-06, 19:09:53, 131.0, 50.0, 18.75, 25.25, 9999.0, 1.0, 1.25, 19.75, 9999.0, 9999.0, 9999.0, 118.75, 122.75, 118.25, 101.75, 133.5
2023-04-06, 19:09:57, 131.0, 51.25, 19.0, 26.0, 9999.0, 1.25, 1.25, 19.75, 9999.0, 9999.0, 9999.0, 118.75, 122.75, 118.25, 101.75, 133.5
2023-04-06, 19:10:01, 130.75, 51.25, 19.0, 26.0, 9999.0, 1.25, 1.25, 19.5, 9999.0, 9999.0, 9999.0, 118.75, 122.75, 118.0, 101.75, 133.5
2023-04-06, 19:10:05, 131.0, 51.25, 19.0, 26.25, 9999.0, 1.0, 1.25, 19.75, 9999.0, 9999.0, 9999.0, 118.75, 122.75, 118.0, 101.75, 133.5
2023-04-06, 19:10:09, 129.5, 51.0, 17.75, 22.75, 9999.0, 1.25, 1.25, 19.75, 9999.0, 9999.0, 9999.0, 118.75, 122.75, 118.25, 101.75, 133.5
2023-04-06, 19:10:13, 130.75, 51.25, 18.75, 26.0, 9999.0, 1.25, 1.5, 19.75, 9999.0, 9999.0, 9999.0, 119.5, 122.75, 118.25, 101.75, 133.75
2023-04-06, 19:10:17, 130.75, 51.25, 19.0, 26.0, 9999.0, 1.25, 1.25, 19.75, 9999.0, 9999.0, 9999.0, 119.25, 122.75, 118.25, 102.0, 133.5
2023-04-06, 19:10:21, 131.0, 51.25, 19.0, 25.75, 9999.0, 1.0, 1.25, 19.5, 9999.0, 9999.0, 9999.0, 119.25, 122.75, 118.25, 102.0, 131.5
2023-04-06, 19:10:25, 130.0, 50.0, 17.25, 25.0, 9999.0, 1.25, 1.25, 19.75, 9999.0, 9999.0, 9999.0, 119.25, 122.75, 118.25, 102.0, 133.5
2023-04-06, 19:10:29, 130.75, 51.25, 19.0, 26.0, 9999.0, 1.25, 1.5, 19.5, 9999.0, 9999.0, 9999.0, 119.25, 122.75, 118.0, 102.0, 133.5
2023-04-06, 19:10:33, 131.0, 51.25, 19.0, 26.0, 9999.0, 1.25, 1.25, 19.5, 9999.0, 9999.0, 9999.0, 119.25, 122.75, 118.0, 101.75, 133.5
2023-04-06, 19:10:37, 130.75, 51.25, 19.0, 25.75, 9999.0, 1.0, 1.25, 19.5, 9999.0, 9999.0, 9999.0, 119.0, 122.75, 118.25, 101.75, 132.75
2023-04-06, 19:10:41, 130.5, 50.0, 18.5, 25.75, 9999.0, 1.0, 1.5, 19.75, 9999.0, 9999.0, 9999.0, 119.0, 122.75, 118.25, 102.0, 133.5
2023-04-06, 19:10:45, 130.75, 51.25, 19.0, 26.0, 9999.0, 1.0, 1.5, 19.75, 9999.0, 9999.0, 9999.0, 119.0, 122.75, 118.0, 102.0, 133.5
2023-04-06, 19:10:49, 131.0, 51.25, 19.0, 26.0, 9999.0, 1.0, 1.25, 19.75, 9999.0, 9999.0, 9999.0, 119.0, 122.75, 118.25, 102.0, 133.5
2023-04-06, 19:10:53, 130.75, 51.25, 18.75, 26.25, 9999.0, 1.0, 1.25, 19.75, 9999.0, 9999.0, 9999.0, 119.0, 123.0, 117.75, 101.25, 133.25
2023-04-06, 19:10:57, 129.75, 50.0, 18.75, 25.75, 9999.0, 1.0, 1.25, 19.75, 9999.0, 9999.0, 9999.0, 119.0, 122.75, 118.0, 102.0, 133.5
2023-04-06, 19:11:01, 130.75, 51.25, 18.75, 26.0, 9999.0, 1.0, 1.25, 19.75, 9999.0, 9999.0, 9999.0, 119.0, 122.75, 118.25, 102.0, 133.75
2023-04-06, 19:11:05, 130.75, 51.25, 19.0, 26.0, 9999.0, 1.0, 1.25, 19.75, 9999.0, 9999.0, 9999.0, 119.0, 123.0, 118.25, 102.0, 133.75
2023-04-06, 19:11:09, 130.75, 51.0, 18.75, 25.75, 9999.0, 1.0, 1.25, 19.75, 9999.0, 9999.0, 9999.0, 119.0, 123.0, 117.25, 101.5, 132.5
2023-04-06, 19:11:13, 130.25, 51.25, 18.75, 25.75, 9999.0, 1.0, 1.25, 19.5, 9999.0, 9999.0, 9999.0, 118.75, 122.75, 118.25, 102.0, 133.5
2023-04-06, 19:11:17, 130.75, 51.25, 18.75, 25.75, 9999.0, 1.25, 1.25, 19.5, 9999.0, 9999.0, 9999.0, 118.75, 123.0, 118.25, 102.0, 133.75
2023-04-06, 19:11:21, 131.0, 51.25, 19.0, 25.75, 9999.0, 1.25, 1.25, 19.5, 9999.0, 9999.0, 9999.0, 118.75, 123.0, 118.25, 102.0, 133.5
2023-04-06, 19:11:25, 130.5, 51.25, 18.75, 26.0, 9999.0, 1.25, 1.25, 19.5, 9999.0, 9999.0, 9999.0, 118.5, 121.75, 118.0, 101.0, 127.0
2023-04-06, 19:11:29, 130.75, 51.25, 19.0, 26.0, 9999.0, 1.25, 1.25, 19.75, 9999.0, 9999.0, 9999.0, 118.5, 122.75, 118.25, 102.0, 133.5
2023-04-06, 19:11:33, 131.0, 51.25, 19.0, 26.0, 9999.0, 1.25, 1.5, 19.75, 9999.0, 9999.0, 9999.0, 119.25, 122.75, 118.25, 101.75, 133.75
2023-04-06, 19:11:38, 131.0, 51.25, 19.0, 26.0, 9999.0, 1.25, 1.5, 19.75, 9999.0, 9999.0, 9999.0, 119.5, 122.75, 118.25, 102.0, 133.5
2023-04-06, 19:11:42, 130.75, 51.25, 18.75, 26.0, 9999.0, 1.25, 1.25, 19.5, 9999.0, 9999.0, 9999.0, 117.75, 122.5, 117.0, 100.5, 133.5
2023-04-06, 19:11:46, 130.75, 51.25, 18.75, 26.0, 9999.0, 1.25, 1.5, 19.75, 9999.0, 9999.0, 9999.0, 119.25, 122.75, 118.25, 102.0, 133.5
2023-04-06, 19:11:50, 130.75, 51.25, 19.0, 26.0, 9999.0, 1.25, 1.5, 19.5, 9999.0, 9999.0, 9999.0, 119.25, 122.75, 118.25, 101.75, 133.5
2023-04-06, 19:11:54, 131.0, 51.25, 18.75, 26.0, 9999.0, 1.0, 1.25, 19.5, 9999.0, 9999.0, 9999.0, 119.0, 122.75, 118.25, 102.0, 133.25
2023-04-06, 19:11:58, 130.75, 51.25, 19.0, 26.0, 9999.0, 1.0, 1.25, 19.5, 9999.0, 9999.0, 9999.0, 118.25, 121.5, 116.5, 101.25, 133.5
2023-04-06, 19:12:02, 131.0, 51.25, 18.75, 26.0, 9999.0, 1.0, 1.25, 19.5, 9999.0, 9999.0, 9999.0, 119.0, 122.75, 118.25, 102.0, 133.75
2023-04-06, 19:12:06, 131.0, 51.25, 19.0, 26.0, 9999.0, 1.0, 1.5, 19.5, 9999.0, 9999.0, 9999.0, 119.0, 123.0, 118.25, 102.0, 133.5
2023-04-06, 19:12:10, 131.0, 51.25, 19.0, 26.0, 9999.0, 1.0, 1.25, 19.5, 9999.0, 9999.0, 9999.0, 119.0, 123.0, 118.25, 101.75, 133.5
2023-04-06, 19:12:14, 130.75, 51.25, 19.0, 26.0, 9999.0, 1.0, 1.5, 19.5, 9999.0, 9999.0, 9999.0, 118.5, 121.75, 117.5, 102.0, 133.5
2023-04-06, 19:12:18, 131.0, 51.25, 19.0, 26.0, 9999.0, 1.0, 1.5, 19.75, 9999.0, 9999.0, 9999.0, 119.0, 123.0, 118.25, 101.75, 133.5
2023-04-06, 19:12:22, 131.0, 51.25, 19.0, 26.0, 9999.0, 1.0, 1.25, 19.5, 9999.0, 9999.0, 9999.0, 119.0, 123.0, 118.25, 102.0, 133.75
2023-04-06, 19:12:26, 131.0, 51.25, 19.0, 26.0, 9999.0, 1.0, 1.25, 19.75, 9999.0, 9999.0, 9999.0, 119.0, 123.0, 118.0, 101.75, 133.5
2023-04-06, 19:12:30, 130.75, 51.25, 19.0, 26.0, 9999.0, 1.0, 1.25, 19.5, 9999.0, 9999.0, 9999.0, 117.5, 119.75, 118.25, 102.0, 133.5
2023-04-06, 19:12:34, 131.0, 51.25, 19.0, 26.0, 9999.0, 1.0, 1.25, 19.75, 9999.0, 9999.0, 9999.0, 118.75, 122.75, 118.25, 101.75, 133.75
2023-04-06, 19:12:38, 131.0, 51.25, 19.0, 26.0, 9999.0, 1.25, 1.25, 19.5, 9999.0, 9999.0, 9999.0, 118.75, 122.75, 118.25, 102.0, 133.5
2023-04-06, 19:12:42, 131.0, 51.25, 19.0, 26.0, 9999.0, 1.0, 1.25, 19.5, 9999.0, 9999.0, 9999.0, 118.75, 122.75, 118.25, 102.0, 133.75
2023-04-06, 19:12:46, 130.75, 51.25, 19.0, 26.0, 9999.0, 1.25, 1.25, 19.5, 9999.0, 9999.0, 9999.0, 117.5, 122.75, 118.25, 102.0, 133.75
2023-04-06, 19:12:50, 130.75, 51.25, 19.0, 26.0, 9999.0, 1.5, 1.5, 19.75, 9999.0, 9999.0, 9999.0, 118.5, 122.75, 118.25, 102.0, 133.5
2023-04-06, 19:12:54, 131.0, 51.25, 19.0, 26.0, 9999.0, 1.25, 1.5, 19.5, 9999.0, 9999.0, 9999.0, 119.5, 122.75, 118.25, 102.0, 133.75
2023-04-06, 19:12:58, 131.0, 51.25, 19.0, 26.0, 9999.0, 1.25, 1.25, 19.75, 9999.0, 9999.0, 9999.0, 119.25, 122.75, 118.25, 102.0, 133.5
2023-04-06, 19:13:02, 131.0, 51.25, 19.0, 26.0, 9999.0, 1.25, 1.25, 18.75, 9999.0, 9999.0, 9999.0, 119.25, 122.75, 118.25, 102.0, 133.5
2023-04-06, 19:13:06, 131.0, 51.25, 19.0, 26.0, 9999.0, 1.25, 1.5, 19.75, 9999.0, 9999.0, 9999.0, 119.25, 122.75, 118.0, 102.0, 133.75
2023-04-06, 19:13:10, 131.0, 51.25, 19.0, 26.0, 9999.0, 1.25, 1.5, 19.75, 9999.0, 9999.0, 9999.0, 119.25, 122.75, 118.25, 102.0, 133.75
2023-04-06, 19:13:14, 131.0, 51.25, 19.0, 26.0, 9999.0, 1.25, 1.5, 19.75, 9999.0, 9999.0, 9999.0, 119.0, 122.75, 118.25, 102.0, 133.5
2023-04-06, 19:13:18, 131.0, 51.0, 19.0, 26.0, 9999.0, 1.25, -0.25, 19.5, 9999.0, 9999.0, 9999.0, 119.0, 122.75, 118.25, 102.0, 133.5
2023-04-06, 19:13:22, 131.0, 51.25, 19.0, 26.0, 9999.0, 1.25, 1.25, 19.75, 9999.0, 9999.0, 9999.0, 119.0, 122.75, 118.0, 101.75, 133.5
2023-04-06, 19:13:26, 131.0, 51.25, 18.75, 26.0, 9999.0, 1.0, 1.5, 19.75, 9999.0, 9999.0, 9999.0, 119.0, 123.0, 118.25, 102.0, 133.75
2023-04-06, 19:13:30, 131.0, 51.25, 19.0, 26.0, 9999.0, 1.0, 1.5, 19.75, 9999.0, 9999.0, 9999.0, 119.0, 122.75, 118.25, 102.0, 133.5
2023-04-06, 19:13:34, 131.0, 51.25, 19.0, 25.75, 9999.0, 0.0, 0.5, 18.75, 9999.0, 9999.0, 9999.0, 119.0, 122.75, 118.25, 102.0, 133.75
2023-04-06, 19:13:38, 131.0, 51.25, 19.0, 25.5, 9999.0, 1.0, 1.5, 19.75, 9999.0, 9999.0, 9999.0, 119.0, 123.0, 118.0, 101.75, 133.75
2023-04-06, 19:13:42, 131.0, 51.25, 19.0, 25.75, 9999.0, 1.0, 1.25, 19.5, 9999.0, 9999.0, 9999.0, 119.0, 122.75, 118.25, 102.0, 133.5
2023-04-06, 19:13:46, 131.0, 51.25, 19.0, 26.0, 9999.0, 1.0, 1.5, 19.75, 9999.0, 9999.0, 9999.0, 119.0, 122.75, 118.0, 102.0, 133.5
2023-04-06, 19:13:50, 131.0, 51.25, 19.0, 26.0, 9999.0, 0.25, 1.0, 19.0, 9999.0, 9999.0, 9999.0, 118.75, 122.75, 118.25, 102.0, 133.75
2023-04-06, 19:13:54, 131.0, 51.25, 19.0, 26.0, 9999.0, 1.0, 1.5, 19.75, 9999.0, 9999.0, 9999.0, 118.75, 122.75, 118.25, 102.0, 133.75
2023-04-06, 19:13:58, 131.0, 51.25, 19.0, 26.0, 9999.0, 1.25, 1.5, 19.5, 9999.0, 9999.0, 9999.0, 118.75, 122.75, 118.25, 102.0, 133.75
2023-04-06, 19:14:02, 131.0, 51.25, 19.0, 26.0, 9999.0, 1.25, 1.25, 19.75, 9999.0, 9999.0, 9999.0, 118.75, 122.75, 118.0, 102.0, 133.5
2023-04-06, 19:14:06, 131.0, 51.25, 19.0, 25.75, 9999.0, 0.75, 0.25, 18.25, 9999.0, 9999.0, 9999.0, 118.75, 122.75, 118.0, 102.0, 133.75
2023-04-06, 19:14:10, 131.0, 51.25, 19.0, 25.75, 9999.0, 1.5, 1.5, 19.75, 9999.0, 9999.0, 9999.0, 118.5, 122.75, 118.25, 102.0, 133.75
2023-04-06, 19:14:14, 131.0, 51.25, 19.0, 26.0, 9999.0, 1.5, 1.5, 19.75, 9999.0, 9999.0, 9999.0, 119.5, 122.75, 118.25, 102.0, 133.75
2023-04-06, 19:14:18, 131.0, 51.25, 19.0, 26.0, 9999.0, 1.5, 1.25, 19.75, 9999.0, 9999.0, 9999.0, 119.5, 122.75, 118.25, 102.0, 133.5
2023-04-06, 19:14:22, 131.0, 51.25, 19.0, 25.5, 9999.0, 0.75, -0.25, 19.25, 9999.0, 9999.0, 9999.0, 119.25, 122.75, 118.25, 102.0, 133.5
2023-04-06, 19:14:26, 131.0, 51.25, 19.0, 26.0, 9999.0, 1.25, 1.5, 19.75, 9999.0, 9999.0, 9999.0, 119.25, 122.75, 118.0, 102.0, 133.75
2023-04-06, 19:14:30, 131.0, 51.25, 19.0, 26.0, 9999.0, 1.25, 1.5, 19.75, 9999.0, 9999.0, 9999.0, 119.25, 122.75, 118.0, 101.75, 133.75
2023-04-06, 19:14:34, 131.0, 51.25, 19.0, 26.25, 9999.0, 1.25, 1.5, 19.5, 9999.0, 9999.0, 9999.0, 119.25, 122.75, 118.0, 102.0, 133.75
2023-04-06, 19:14:38, 131.0, 51.25, 19.0, 25.25, 9999.0, 0.0, -1.5, 19.75, 9999.0, 9999.0, 9999.0, 119.25, 122.75, 118.0, 102.0, 133.5
2023-04-06, 19:14:42, 131.0, 51.25, 19.0, 26.25, 9999.0, 1.25, 1.5, 19.75, 9999.0, 9999.0, 9999.0, 119.0, 122.75, 118.25, 102.0, 133.75
2023-04-06, 19:14:46, 131.0, 51.5, 18.75, 26.0, 9999.0, 1.25, 1.5, 19.75, 9999.0, 9999.0, 9999.0, 119.25, 123.0, 118.25, 102.0, 133.75
2023-04-06, 19:14:50, 131.0, 51.25, 19.0, 25.75, 9999.0, 1.25, 1.5, 19.75, 9999.0, 9999.0, 9999.0, 119.0, 123.0, 118.0, 102.0, 133.75
2023-04-06, 19:14:54, 131.0, 51.25, 17.5, 25.5, 9999.0, -1.0, 1.25, 19.75, 9999.0, 9999.0, 9999.0, 119.0, 123.0, 118.0, 102.0, 133.75
2023-04-06, 19:14:58, 131.0, 51.25, 19.0, 25.75, 9999.0, 1.25, 1.5, 19.75, 9999.0, 9999.0, 9999.0, 119.0, 123.0, 118.25, 102.0, 133.75
2023-04-06, 19:15:02, 131.0, 51.25, 19.0, 25.75, 9999.0, 1.0, 1.5, 19.75, 9999.0, 9999.0, 9999.0, 119.0, 123.0, 118.25, 102.0, 133.75
2023-04-06, 19:15:06, 131.0, 51.25, 19.0, 25.75, 9999.0, 1.25, 1.25, 19.5, 9999.0, 9999.0, 9999.0, 119.0, 122.75, 118.0, 102.0, 133.75
2023-04-06, 19:15:10, 131.0, 51.0, 18.25, 25.25, 9999.0, 0.75, 1.5, 19.75, 9999.0, 9999.0, 9999.0, 119.0, 122.75, 118.25, 102.0, 133.75
2023-04-06, 19:15:14, 131.0, 51.25, 19.25, 26.0, 9999.0, 1.0, 1.5, 19.75, 9999.0, 9999.0, 9999.0, 118.75, 122.75, 118.25, 102.0, 133.75
2023-04-06, 19:15:18, 131.0, 51.5, 19.0, 26.0, 9999.0, 1.25, 1.5, 19.75, 9999.0, 9999.0, 9999.0, 118.75, 122.75, 118.25, 102.0, 133.75
2023-04-06, 19:15:22, 131.0, 51.25, 19.0, 26.0, 9999.0, 1.0, 1.25, 19.75, 9999.0, 9999.0, 9999.0, 118.75, 122.75, 118.25, 102.0, 133.75
2023-04-06, 19:15:26, 130.5, 50.5, 18.75, 24.75, 9999.0, 1.25, 1.5, 19.75, 9999.0, 9999.0, 9999.0, 118.75, 122.75, 118.25, 102.0, 133.75
2023-04-06, 19:15:30, 131.0, 51.5, 19.0, 25.75, 9999.0, 1.5, 1.5, 19.75, 9999.0, 9999.0, 9999.0, 118.75, 122.75, 118.25, 102.0, 133.75
2023-04-06, 19:15:34, 131.0, 51.5, 19.0, 26.0, 9999.0, 1.5, 1.5, 19.75, 9999.0, 9999.0, 9999.0, 119.5, 122.75, 118.25, 102.0, 133.75
2023-04-06, 19:15:38, 131.0, 51.5, 18.75, 26.0, 9999.0, 1.5, 1.5, 19.75, 9999.0, 9999.0, 9999.0, 119.5, 122.75, 118.0, 102.0, 133.5
2023-04-06, 19:15:42, 130.25, 51.0, 17.5, 23.75, 9999.0, 1.5, 1.5, 19.75, 9999.0, 9999.0, 9999.0, 119.25, 122.75, 118.0, 102.0, 133.75
2023-04-06, 19:15:46, 131.0, 51.25, 19.0, 26.0, 9999.0, 1.5, 1.5, 19.75, 9999.0, 9999.0, 9999.0, 119.25, 122.75, 118.25, 102.0, 133.75
2023-04-06, 19:15:50, 131.0, 51.5, 19.0, 26.0, 9999.0, 1.25, 1.5, 19.75, 9999.0, 9999.0, 9999.0, 119.25, 122.75, 118.25, 102.0, 133.75
2023-04-06, 19:15:54, 131.0, 51.25, 19.0, 26.0, 9999.0, 1.25, 1.5, 19.75, 9999.0, 9999.0, 9999.0, 119.25, 122.75, 118.0, 102.0, 132.25
2023-04-06, 19:15:58, 131.0, 50.5, 14.25, 26.0, 9999.0, 1.25, 1.5, 19.75, 9999.0, 9999.0, 9999.0, 119.25, 122.75, 118.0, 102.0, 133.75
2023-04-06, 19:16:02, 131.25, 51.5, 19.0, 26.0, 9999.0, 1.25, 1.5, 19.75, 9999.0, 9999.0, 9999.0, 119.0, 122.75, 118.0, 102.0, 133.75
2023-04-06, 19:16:07, 131.0, 51.25, 19.0, 26.0, 9999.0, 1.25, 1.5, 19.75, 9999.0, 9999.0, 9999.0, 119.25, 123.0, 118.25, 102.0, 133.75
2023-04-06, 19:16:11, 131.0, 51.5, 19.0, 26.0, 9999.0, 1.25, 1.5, 19.75, 9999.0, 9999.0, 9999.0, 119.0, 123.0, 118.0, 100.75, 133.5
2023-04-06, 19:16:15, 130.0, 49.5, 19.0, 26.25, 9999.0, 1.25, 1.5, 19.75, 9999.0, 9999.0, 9999.0, 119.0, 123.0, 118.0, 102.0, 133.75
2023-04-06, 19:16:19, 131.25, 51.5, 19.0, 26.0, 9999.0, 1.25, 1.5, 19.75, 9999.0, 9999.0, 9999.0, 119.0, 123.0, 118.0, 102.0, 133.75
2023-04-06, 19:16:23, 131.0, 51.5, 18.75, 26.0, 9999.0, 1.25, 1.5, 19.75, 9999.0, 9999.0, 9999.0, 119.0, 122.75, 118.0, 102.0, 133.75
2023-04-06, 19:16:27, 131.0, 51.5, 18.75, 26.0, 9999.0, 1.25, 1.5, 19.75, 9999.0, 9999.0, 9999.0, 119.0, 122.75, 116.5, 101.5, 133.0
2023-04-06, 19:16:31, 129.25, 50.75, 19.0, 26.0, 9999.0, 1.25, 1.5, 19.75, 9999.0, 9999.0, 9999.0, 119.0, 123.0, 118.25, 102.0, 133.75
2023-04-06, 19:16:35, 131.25, 51.25, 19.0, 25.75, 9999.0, 1.25, 1.5, 19.75, 9999.0, 9999.0, 9999.0, 119.0, 122.75, 118.25, 102.0, 133.75
2023-04-06, 19:16:39, 131.25, 51.5, 19.0, 25.75, 9999.0, 1.25, 1.5, 19.75, 9999.0, 9999.0, 9999.0, 119.0, 123.0, 118.25, 102.0, 133.75
2023-04-06, 19:16:43, 131.0, 51.25, 19.0, 26.0, 9999.0, 1.25, 1.5, 19.75, 9999.0, 9999.0, 9999.0, 118.75, 122.5, 117.25, 101.5, 132.75
2023-04-06, 19:16:47, 130.5, 51.5, 19.0, 26.0, 9999.0, 1.25, 1.5, 19.75, 9999.0, 9999.0, 9999.0, 118.75, 122.75, 118.25, 102.0, 133.75
2023-04-06, 19:16:51, 131.0, 51.5, 19.25, 26.0, 9999.0, 1.5, 1.5, 19.75, 9999.0, 9999.0, 9999.0, 118.75, 122.75, 118.25, 102.0, 133.75
2023-04-06, 19:16:55, 131.25, 51.5, 19.0, 25.75, 9999.0, 1.5, 1.5, 19.75, 9999.0, 9999.0, 9999.0, 119.5, 122.75, 118.25, 102.0, 133.75
2023-04-06, 19:16:59, 131.0, 51.25, 19.0, 26.0, 9999.0, 1.5, 1.5, 19.75, 9999.0, 9999.0, 9999.0, 119.5, 121.75, 118.0, 101.0, 132.5
2023-04-06, 19:17:03, 131.0, 51.25, 19.0, 26.0, 9999.0, 1.5, 1.5, 19.75, 9999.0, 9999.0, 9999.0, 119.5, 122.75, 118.25, 102.0, 133.75
2023-04-06, 19:17:07, 131.0, 51.25, 19.0, 26.0, 9999.0, 1.25, 1.5, 19.75, 9999.0, 9999.0, 9999.0, 119.25, 122.75, 118.25, 102.0, 133.75
2023-04-06, 19:17:11, 131.25, 51.25, 19.25, 26.25, 9999.0, 1.5, 1.5, 19.75, 9999.0, 9999.0, 9999.0, 119.25, 122.75, 118.25, 102.0, 133.5
2023-04-06, 19:17:15, 131.0, 51.25, 19.25, 26.25, 9999.0, 1.25, 1.5, 19.75, 9999.0, 9999.0, 9999.0, 118.0, 122.25, 117.25, 98.5, 133.75
2023-04-06, 19:17:19, 131.25, 51.25, 19.0, 26.0, 9999.0, 1.25, 1.5, 19.75, 9999.0, 9999.0, 9999.0, 119.25, 122.75, 118.25, 102.0, 133.75
2023-04-06, 19:17:23, 131.0, 51.5, 19.0, 26.0, 9999.0, 1.25, 1.5, 19.75, 9999.0, 9999.0, 9999.0, 119.25, 122.75, 118.25, 102.0, 133.75
2023-04-06, 19:17:27, 131.25, 51.5, 19.0, 26.0, 9999.0, 1.25, 1.5, 19.75, 9999.0, 9999.0, 9999.0, 119.25, 122.75, 118.0, 102.0, 133.5
2023-04-06, 19:17:31, 131.0, 51.5, 19.0, 26.0, 9999.0, 1.25, 1.5, 19.75, 9999.0, 9999.0, 9999.0, 119.0, 121.75, 113.75, 102.0, 133.75
2023-04-06, 19:17:35, 131.0, 51.5, 19.0, 25.75, 9999.0, 1.25, 1.5, 19.75, 9999.0, 9999.0, 9999.0, 119.0, 122.75, 118.25, 102.0, 133.75
2023-04-06, 19:17:39, 131.25, 51.5, 19.25, 25.75, 9999.0, 1.25, 1.5, 19.75, 9999.0, 9999.0, 9999.0, 119.0, 122.75, 118.25, 102.0, 133.75
2023-04-06, 19:17:43, 131.0, 51.5, 19.0, 26.0, 9999.0, 1.25, 1.5, 19.75, 9999.0, 9999.0, 9999.0, 119.0, 122.75, 118.25, 101.75, 133.75
2023-04-06, 19:17:47, 131.0, 51.5, 19.0, 26.0, 9999.0, 1.25, 1.5, 19.75, 9999.0, 9999.0, 9999.0, 117.75, 121.0, 118.0, 102.0, 133.75
2023-04-06, 19:17:51, 131.0, 51.5, 19.0, 26.0, 9999.0, 1.0, 1.5, 19.75, 9999.0, 9999.0, 9999.0, 119.0, 122.75, 118.25, 102.0, 133.75
2023-04-06, 19:17:55, 131.0, 51.5, 19.0, 26.0, 9999.0, 1.0, 1.5, 19.75, 9999.0, 9999.0, 9999.0, 119.0, 122.75, 118.25, 102.0, 133.75
2023-04-06, 19:17:59, 131.0, 51.5, 19.0, 26.0, 9999.0, 1.25, 1.5, 19.75, 9999.0, 9999.0, 9999.0, 118.75, 122.75, 118.0, 102.0, 133.75
2023-04-06, 19:18:03, 131.0, 51.5, 19.25, 26.25, 9999.0, 1.25, 1.5, 19.75, 9999.0, 9999.0, 9999.0, 117.0, 122.25, 118.25, 102.0, 133.75
2023-04-06, 19:18:07, 131.25, 51.5, 19.0, 26.0, 9999.0, 1.25, 1.5, 19.75, 9999.0, 9999.0, 9999.0, 118.75, 122.75, 118.25, 102.0, 133.75
2023-04-06, 19:18:11, 131.0, 51.25, 19.0, 26.0, 9999.0, 1.5, 1.5, 19.75, 9999.0, 9999.0, 9999.0, 118.75, 122.75, 118.25, 102.0, 133.75
2023-04-06, 19:18:15, 131.25, 51.5, 19.0, 26.0, 9999.0, 1.25, 1.5, 19.75, 9999.0, 9999.0, 9999.0, 119.5, 122.75, 118.0, 102.0, 133.75
2023-04-06, 19:18:19, 131.0, 51.5, 19.0, 26.0, 9999.0, 1.5, 1.5, 19.5, 9999.0, 9999.0, 9999.0, 118.75, 122.75, 118.25, 102.0, 133.75
2023-04-06, 19:18:23, 131.0, 51.5, 19.0, 26.0, 9999.0, 1.5, 1.5, 19.75, 9999.0, 9999.0, 9999.0, 119.25, 122.75, 118.25, 102.0, 133.75
2023-04-06, 19:18:27, 131.0, 51.5, 19.0, 26.0, 9999.0, 1.5, 1.5, 19.75, 9999.0, 9999.0, 9999.0, 119.25, 122.75, 118.25, 102.0, 133.75
2023-04-06, 19:18:31, 131.25, 51.5, 19.0, 26.0, 9999.0, 1.25, 1.5, 19.75, 9999.0, 9999.0, 9999.0, 119.0, 122.75, 118.25, 102.0, 133.75
2023-04-06, 19:18:35, 131.0, 51.25, 19.0, 26.0, 9999.0, 1.25, 1.5, 19.0, 9999.0, 9999.0, 9999.0, 119.25, 122.75, 118.25, 101.75, 133.75
2023-04-06, 19:18:39, 131.0, 51.5, 19.0, 26.0, 9999.0, 1.25, 1.5, 19.75, 9999.0, 9999.0, 9999.0, 119.25, 122.75, 118.25, 102.0, 133.75
2023-04-06, 19:18:43, 131.0, 51.5, 19.0, 26.0, 9999.0, 1.25, 1.5, 19.75, 9999.0, 9999.0, 9999.0, 119.0, 122.75, 118.25, 102.0, 133.75
2023-04-06, 19:18:47, 131.0, 51.5, 19.0, 26.0, 9999.0, 1.25, 1.5, 19.75, 9999.0, 9999.0, 9999.0, 119.0, 122.75, 118.0, 102.0, 133.75
2023-04-06, 19:18:51, 131.0, 51.5, 19.0, 26.0, 9999.0, 1.25, 0.5, 19.5, 9999.0, 9999.0, 9999.0, 119.25, 123.0, 118.25, 102.0, 133.75
2023-04-06, 19:18:55, 131.25, 51.5, 19.0, 26.0, 9999.0, 1.25, 1.5, 19.75, 9999.0, 9999.0, 9999.0, 119.0, 123.0, 118.25, 102.0, 133.75
2023-04-06, 19:18:59, 131.0, 51.5, 19.0, 26.0, 9999.0, 1.25, 1.25, 19.75, 9999.0, 9999.0, 9999.0, 119.0, 123.0, 118.25, 102.0, 133.75
2023-04-06, 19:19:03, 131.0, 51.5, 19.0, 26.0, 9999.0, 1.25, 1.5, 19.75, 9999.0, 9999.0, 9999.0, 119.0, 123.0, 118.25, 102.0, 133.75
2023-04-06, 19:19:07, 131.0, 51.25, 19.0, 26.25, 9999.0, 0.25, 1.25, 18.75, 9999.0, 9999.0, 9999.0, 119.0, 123.0, 118.25, 102.0, 133.75
2023-04-06, 19:19:11, 131.0, 51.5, 19.0, 26.25, 9999.0, 1.0, 1.5, 19.75, 9999.0, 9999.0, 9999.0, 119.0, 122.75, 118.25, 102.0, 133.75
2023-04-06, 19:19:15, 131.0, 51.25, 19.0, 26.0, 9999.0, 1.0, 1.5, 19.75, 9999.0, 9999.0, 9999.0, 119.0, 122.75, 118.25, 101.75, 133.75
2023-04-06, 19:19:19, 131.0, 51.5, 19.0, 26.0, 9999.0, 1.25, 1.5, 19.75, 9999.0, 9999.0, 9999.0, 118.75, 122.75, 118.25, 102.0, 133.75
2023-04-06, 19:19:23, 131.0, 51.25, 19.0, 26.0, 9999.0, 0.75, 0.5, 18.25, 9999.0, 9999.0, 9999.0, 118.75, 122.75, 118.25, 102.0, 133.75
2023-04-06, 19:19:27, 131.0, 51.25, 19.0, 26.0, 9999.0, 1.25, 1.5, 19.75, 9999.0, 9999.0, 9999.0, 118.75, 122.75, 118.25, 101.75, 133.75
2023-04-06, 19:19:31, 131.0, 51.25, 19.0, 26.0, 9999.0, 1.5, 1.5, 19.75, 9999.0, 9999.0, 9999.0, 118.75, 122.75, 118.25, 101.75, 133.75
2023-04-06, 19:19:35, 131.0, 51.5, 19.0, 26.0, 9999.0, 1.5, 1.5, 19.75, 9999.0, 9999.0, 9999.0, 119.5, 122.75, 118.25, 102.0, 133.75
2023-04-06, 19:19:39, 131.0, 51.25, 19.0, 25.25, 9999.0, 0.5, 0.0, 19.5, 9999.0, 9999.0, 9999.0, 119.5, 122.75, 118.25, 102.0, 133.5
2023-04-06, 19:19:43, 131.0, 51.5, 19.0, 26.0, 9999.0, 1.5, 1.5, 19.75, 9999.0, 9999.0, 9999.0, 119.25, 122.75, 118.25, 102.0, 133.75
2023-04-06, 19:19:47, 131.0, 51.25, 19.0, 26.0, 9999.0, 1.5, 1.5, 19.75, 9999.0, 9999.0, 9999.0, 119.25, 122.75, 118.25, 102.0, 133.5
2023-04-06, 19:19:51, 131.0, 51.25, 19.0, 26.0, 9999.0, 1.25, 1.5, 19.5, 9999.0, 9999.0, 9999.0, 119.25, 122.75, 118.25, 102.0, 133.75
2023-04-06, 19:19:55, 131.0, 51.25, 18.25, 25.0, 9999.0, 0.25, 0.75, 19.75, 9999.0, 9999.0, 9999.0, 119.0, 122.75, 118.25, 102.0, 133.5
2023-04-06, 19:19:59, 131.0, 51.25, 19.0, 26.0, 9999.0, 1.25, 1.5, 19.75, 9999.0, 9999.0, 9999.0, 119.0, 122.75, 118.0, 102.0, 133.5
2023-04-06, 19:20:03, 131.0, 51.25, 19.0, 26.0, 9999.0, 1.25, 1.5, 19.75, 9999.0, 9999.0, 9999.0, 119.0, 122.75, 118.0, 101.75, 133.75
2023-04-06, 19:20:07, 131.0, 51.5, 19.0, 26.25, 9999.0, 1.25, 1.25, 19.75, 9999.0, 9999.0, 9999.0, 119.0, 123.0, 118.25, 102.0, 133.75
2023-04-06, 19:20:11, 131.0, 51.25, 18.0, 25.75, 9999.0, 0.5, 1.5, 19.75, 9999.0, 9999.0, 9999.0, 119.25, 123.0, 118.25, 102.0, 133.75
2023-04-06, 19:20:15, 131.0, 51.25, 19.0, 25.75, 9999.0, 1.25, 1.5, 19.75, 9999.0, 9999.0, 9999.0, 119.0, 123.0, 118.25, 102.0, 133.75
2023-04-06, 19:20:19, 131.0, 51.25, 19.0, 26.0, 9999.0, 1.25, 1.5, 19.75, 9999.0, 9999.0, 9999.0, 119.0, 123.0, 118.25, 102.0, 133.75
2023-04-06, 19:20:23, 131.0, 51.25, 19.0, 26.0, 9999.0, 1.0, 1.5, 19.75, 9999.0, 9999.0, 9999.0, 119.0, 122.75, 118.25, 102.0, 133.75
2023-04-06, 19:20:27, 131.0, 50.5, 18.5, 24.75, 9999.0, 1.0, 1.5, 19.75, 9999.0, 9999.0, 9999.0, 119.0, 123.0, 118.25, 102.0, 133.75
2023-04-06, 19:20:32, 131.0, 51.25, 19.0, 26.0, 9999.0, 1.0, 1.5, 19.75, 9999.0, 9999.0, 9999.0, 119.0, 123.0, 118.25, 102.0, 133.75
2023-04-06, 19:20:36, 131.0, 51.25, 19.0, 26.25, 9999.0, 1.0, 1.5, 19.75, 9999.0, 9999.0, 9999.0, 119.0, 123.0, 118.25, 102.0, 133.75
2023-04-06, 19:20:40, 131.0, 51.25, 19.0, 26.25, 9999.0, 1.25, 1.5, 19.75, 9999.0, 9999.0, 9999.0, 118.75, 122.75, 118.25, 101.75, 133.75
2023-04-06, 19:20:44, 130.25, 51.25, 18.0, 22.75, 9999.0, 1.25, 1.5, 19.75, 9999.0, 9999.0, 9999.0, 118.75, 122.75, 118.25, 102.0, 133.75
2023-04-06, 19:20:48, 131.0, 51.25, 19.0, 26.0, 9999.0, 1.25, 1.5, 19.75, 9999.0, 9999.0, 9999.0, 118.75, 122.75, 118.25, 102.0, 133.75
2023-04-06, 19:20:52, 131.0, 51.25, 19.0, 26.0, 9999.0, 1.5, 1.5, 19.75, 9999.0, 9999.0, 9999.0, 118.75, 122.75, 118.25, 102.0, 133.75
2023-04-06, 19:20:56, 131.0, 51.25, 19.0, 26.0, 9999.0, 1.5, 1.5, 19.75, 9999.0, 9999.0, 9999.0, 119.5, 122.75, 118.25, 101.75, 131.75
2023-04-06, 19:21:00, 130.75, 50.25, 17.25, 25.75, 9999.0, 1.25, 1.5, 19.75, 9999.0, 9999.0, 9999.0, 119.5, 122.75, 118.25, 101.75, 133.75
2023-04-06, 19:21:04, 131.0, 51.25, 19.0, 26.0, 9999.0, 1.25, 1.5, 19.75, 9999.0, 9999.0, 9999.0, 119.25, 122.75, 118.25, 101.75, 133.5
2023-04-06, 19:21:08, 131.0, 51.25, 18.75, 26.0, 9999.0, 1.5, 1.5, 19.75, 9999.0, 9999.0, 9999.0, 119.25, 122.75, 118.25, 102.0, 133.75
2023-04-06, 19:21:12, 131.0, 51.25, 19.0, 25.5, 9999.0, 1.25, 1.5, 19.75, 9999.0, 9999.0, 9999.0, 119.25, 122.75, 118.25, 101.25, 133.25
2023-04-06, 19:21:16, 130.25, 49.25, 18.5, 25.5, 9999.0, 1.25, 1.5, 19.75, 9999.0, 9999.0, 9999.0, 119.0, 122.75, 118.25, 102.0, 133.75
2023-04-06, 19:21:20, 131.0, 51.25, 18.75, 25.75, 9999.0, 1.25, 1.5, 19.75, 9999.0, 9999.0, 9999.0, 119.0, 122.75, 118.25, 102.0, 133.75
2023-04-06, 19:21:24, 131.0, 51.25, 19.0, 26.0, 9999.0, 1.25, 1.5, 19.75, 9999.0, 9999.0, 9999.0, 119.0, 122.75, 118.25, 102.0, 133.5
2023-04-06, 19:21:28, 131.0, 51.25, 18.75, 26.0, 9999.0, 1.25, 1.5, 19.75, 9999.0, 9999.0, 9999.0, 119.0, 123.0, 117.25, 101.0, 132.5
2023-04-06, 19:21:32, 130.0, 50.5, 19.0, 26.0, 9999.0, 1.25, 1.5, 19.75, 9999.0, 9999.0, 9999.0, 119.0, 123.0, 118.25, 102.0, 133.75
2023-04-06, 19:21:36, 131.0, 51.25, 19.0, 26.0, 9999.0, 1.0, 1.5, 19.75, 9999.0, 9999.0, 9999.0, 119.0, 123.0, 118.25, 102.0, 133.75
2023-04-06, 19:21:40, 131.0, 51.25, 19.0, 26.0, 9999.0, 1.0, 1.25, 19.75, 9999.0, 9999.0, 9999.0, 119.0, 123.0, 118.25, 101.75, 133.75
2023-04-06, 19:21:44, 131.0, 51.0, 18.75, 26.0, 9999.0, 1.0, 1.5, 19.75, 9999.0, 9999.0, 9999.0, 119.0, 122.75, 117.25, 101.5, 132.25
2023-04-06, 19:21:48, 130.25, 51.25, 18.75, 26.0, 9999.0, 1.0, 1.25, 19.75, 9999.0, 9999.0, 9999.0, 119.0, 122.75, 118.25, 101.75, 133.75
2023-04-06, 19:21:52, 131.0, 51.25, 19.0, 26.0, 9999.0, 1.0, 1.25, 19.75, 9999.0, 9999.0, 9999.0, 119.0, 122.75, 118.25, 101.75, 133.75
2023-04-06, 19:21:56, 131.0, 51.25, 19.0, 26.0, 9999.0, 1.0, 1.25, 19.75, 9999.0, 9999.0, 9999.0, 118.75, 123.0, 118.25, 102.0, 133.75
2023-04-06, 19:22:00, 130.75, 51.25, 19.0, 26.0, 9999.0, 1.25, 1.25, 19.75, 9999.0, 9999.0, 9999.0, 118.75, 122.0, 118.0, 100.75, 129.75
2023-04-06, 19:22:04, 131.0, 51.25, 19.0, 26.0, 9999.0, 1.25, 1.25, 19.75, 9999.0, 9999.0, 9999.0, 118.75, 123.0, 118.25, 101.75, 133.75
2023-04-06, 19:22:08, 131.0, 51.25, 19.0, 26.0, 9999.0, 1.25, 1.25, 19.75, 9999.0, 9999.0, 9999.0, 118.75, 122.75, 118.25, 101.75, 133.5
2023-04-06, 19:22:12, 131.0, 51.25, 19.0, 26.0, 9999.0, 1.25, 1.5, 19.75, 9999.0, 9999.0, 9999.0, 118.5, 122.75, 118.25, 101.75, 133.5
2023-04-06, 19:22:16, 130.75, 51.25, 19.0, 26.0, 9999.0, 1.25, 1.25, 19.75, 9999.0, 9999.0, 9999.0, 118.0, 122.5, 117.5, 100.0, 133.5
2023-04-06, 19:22:20, 131.0, 51.25, 19.0, 26.0, 9999.0, 1.25, 1.5, 19.75, 9999.0, 9999.0, 9999.0, 119.25, 122.75, 118.25, 101.75, 133.5
2023-04-06, 19:22:24, 131.0, 51.25, 19.0, 26.0, 9999.0, 1.25, 1.5, 19.75, 9999.0, 9999.0, 9999.0, 119.25, 122.75, 118.25, 101.75, 133.75
2023-04-06, 19:22:28, 131.0, 51.25, 19.0, 26.0, 9999.0, 1.25, 1.5, 19.75, 9999.0, 9999.0, 9999.0, 119.25, 122.75, 118.25, 101.75, 133.5
2023-04-06, 19:22:32, 131.0, 51.25, 19.0, 26.0, 9999.0, 1.25, 1.5, 19.75, 9999.0, 9999.0, 9999.0, 119.0, 121.75, 116.5, 101.75, 133.75
2023-04-06, 19:22:36, 131.0, 51.25, 19.0, 26.0, 9999.0, 1.0, 1.5, 19.75, 9999.0, 9999.0, 9999.0, 119.0, 122.75, 118.25, 101.75, 133.5
2023-04-06, 19:22:40, 131.0, 51.25, 18.75, 26.0, 9999.0, 1.25, 1.25, 19.75, 9999.0, 9999.0, 9999.0, 119.0, 122.75, 118.0, 101.75, 133.75
2023-04-06, 19:22:44, 131.0, 51.25, 19.0, 26.0, 9999.0, 1.25, 1.25, 19.75, 9999.0, 9999.0, 9999.0, 119.0, 122.75, 118.25, 101.75, 133.5
2023-04-06, 19:22:48, 131.0, 51.25, 19.0, 25.75, 9999.0, 1.0, 1.5, 19.5, 9999.0, 9999.0, 9999.0, 118.0, 121.75, 118.0, 101.75, 133.5
2023-04-06, 19:22:52, 131.0, 51.25, 18.75, 25.75, 9999.0, 1.0, 1.25, 19.5, 9999.0, 9999.0, 9999.0, 119.0, 122.75, 118.0, 101.75, 133.5
2023-04-06, 19:22:56, 131.0, 51.25, 19.0, 25.75, 9999.0, 1.0, 1.5, 19.5, 9999.0, 9999.0, 9999.0, 119.0, 122.75, 118.25, 101.75, 133.5
2023-04-06, 19:23:00, 131.0, 51.25, 18.75, 25.75, 9999.0, 1.0, 1.5, 19.75, 9999.0, 9999.0, 9999.0, 119.0, 122.75, 118.0, 101.75, 133.5
2023-04-06, 19:23:04, 131.0, 51.25, 18.75, 25.75, 9999.0, 1.0, 1.5, 19.5, 9999.0, 9999.0, 9999.0, 117.75, 122.0, 118.25, 101.75, 133.5
2023-04-06, 19:23:08, 131.0, 51.25, 18.75, 26.0, 9999.0, 1.0, 1.5, 19.75, 9999.0, 9999.0, 9999.0, 118.75, 122.75, 118.25, 101.75, 133.5
2023-04-06, 19:23:12, 131.0, 51.25, 19.0, 26.0, 9999.0, 1.0, 1.5, 19.75, 9999.0, 9999.0, 9999.0, 118.75, 122.75, 118.25, 101.75, 133.5
2023-04-06, 19:23:16, 131.0, 51.25, 19.0, 25.75, 9999.0, 1.0, 1.25, 19.5, 9999.0, 9999.0, 9999.0, 118.75, 122.5, 118.25, 101.75, 133.5
2023-04-06, 19:23:20, 131.0, 51.25, 18.75, 25.75, 9999.0, 1.25, 1.25, 19.5, 9999.0, 9999.0, 9999.0, 118.0, 122.75, 118.25, 101.75, 133.5
2023-04-06, 19:23:24, 130.75, 51.25, 18.75, 25.75, 9999.0, 1.0, 1.25, 19.5, 9999.0, 9999.0, 9999.0, 118.75, 122.5, 118.25, 101.75, 133.5
2023-04-06, 19:23:28, 130.75, 51.25, 18.75, 25.75, 9999.0, 1.25, 1.5, 19.5, 9999.0, 9999.0, 9999.0, 118.75, 122.75, 118.25, 101.75, 133.5
2023-04-06, 19:23:32, 131.0, 51.25, 19.0, 26.0, 9999.0, 1.25, 1.25, 19.5, 9999.0, 9999.0, 9999.0, 118.5, 122.5, 118.0, 101.75, 133.5
2023-04-06, 19:23:36, 131.0, 51.25, 19.0, 26.0, 9999.0, 1.25, 1.25, 19.0, 9999.0, 9999.0, 9999.0, 119.25, 122.75, 118.25, 101.75, 133.5
2023-04-06, 19:23:40, 131.0, 51.25, 19.0, 26.0, 9999.0, 1.25, 1.5, 19.5, 9999.0, 9999.0, 9999.0, 119.25, 122.75, 118.25, 101.75, 133.5
2023-04-06, 19:23:44, 130.75, 51.25, 19.0, 26.0, 9999.0, 1.25, 1.25, 19.5, 9999.0, 9999.0, 9999.0, 119.25, 122.75, 118.25, 101.75, 133.5
2023-04-06, 19:23:48, 131.0, 51.25, 19.0, 26.0, 9999.0, 1.25, 1.5, 19.75, 9999.0, 9999.0, 9999.0, 119.0, 122.75, 118.25, 101.75, 133.5
2023-04-06, 19:23:52, 131.0, 51.25, 18.75, 26.0, 9999.0, 1.25, 0.0, 19.5, 9999.0, 9999.0, 9999.0, 119.0, 122.5, 118.0, 101.75, 133.5
2023-04-06, 19:23:56, 131.0, 51.25, 19.0, 26.0, 9999.0, 1.25, 1.25, 19.75, 9999.0, 9999.0, 9999.0, 119.0, 122.75, 118.0, 101.75, 133.5
2023-04-06, 19:24:00, 131.0, 51.25, 19.0, 26.0, 9999.0, 1.25, 1.5, 19.5, 9999.0, 9999.0, 9999.0, 119.0, 122.75, 118.0, 101.75, 133.5
2023-04-06, 19:24:04, 131.0, 51.25, 19.0, 26.0, 9999.0, 1.0, 1.5, 19.75, 9999.0, 9999.0, 9999.0, 119.0, 122.75, 118.0, 101.75, 133.5
2023-04-06, 19:24:08, 131.0, 51.25, 18.75, 26.0, 9999.0, -0.25, 1.0, 19.0, 9999.0, 9999.0, 9999.0, 119.0, 123.0, 118.25, 101.75, 133.5
2023-04-06, 19:24:12, 131.0, 51.25, 19.0, 26.0, 9999.0, 1.25, 1.5, 19.5, 9999.0, 9999.0, 9999.0, 119.0, 123.0, 118.25, 101.75, 133.75
2023-04-06, 19:24:16, 131.0, 51.25, 19.0, 26.0, 9999.0, 1.0, 1.25, 19.5, 9999.0, 9999.0, 9999.0, 119.0, 122.75, 118.25, 101.75, 133.5
2023-04-06, 19:24:20, 131.0, 51.25, 18.75, 26.0, 9999.0, 1.0, 1.25, 19.5, 9999.0, 9999.0, 9999.0, 119.0, 122.75, 118.25, 101.75, 133.5
2023-04-06, 19:24:24, 131.0, 51.25, 19.0, 26.0, 9999.0, 0.75, 0.25, 18.5, 9999.0, 9999.0, 9999.0, 118.75, 122.75, 118.25, 101.75, 133.75
2023-04-06, 19:24:28, 131.0, 51.25, 19.0, 26.0, 9999.0, 1.0, 1.25, 19.75, 9999.0, 9999.0, 9999.0, 118.75, 122.75, 118.0, 101.75, 133.5
2023-04-06, 19:24:32, 131.0, 51.25, 19.0, 25.75, 9999.0, 1.0, 1.25, 19.5, 9999.0, 9999.0, 9999.0, 118.75, 122.75, 118.0, 101.75, 133.5
2023-04-06, 19:24:36, 131.0, 51.25, 18.75, 25.75, 9999.0, 1.25, 1.25, 19.5, 9999.0, 9999.0, 9999.0, 118.75, 122.75, 118.25, 101.75, 133.5
2023-04-06, 19:24:40, 131.0, 51.25, 19.0, 24.5, 9999.0, 0.75, 0.0, 19.0, 9999.0, 9999.0, 9999.0, 118.75, 122.75, 118.25, 101.75, 133.5
2023-04-06, 19:24:44, 131.0, 51.25, 19.0, 26.0, 9999.0, 1.25, 1.5, 19.5, 9999.0, 9999.0, 9999.0, 118.75, 122.75, 118.25, 101.75, 133.5
2023-04-06, 19:24:48, 131.0, 51.25, 19.0, 26.0, 9999.0, 1.25, 1.5, 19.5, 9999.0, 9999.0, 9999.0, 118.75, 122.75, 118.0, 101.75, 133.5
2023-04-06, 19:24:52, 131.0, 51.25, 18.75, 26.0, 9999.0, 1.25, 1.5, 19.25, 9999.0, 9999.0, 9999.0, 118.5, 122.75, 118.25, 101.75, 133.5
2023-04-06, 19:24:56, 131.0, 51.25, 18.75, 25.0, 9999.0, 0.0, 0.75, 19.5, 9999.0, 9999.0, 9999.0, 119.25, 122.75, 118.25, 101.75, 133.5
2023-04-06, 19:25:01, 131.0, 51.25, 19.0, 26.0, 9999.0, 1.25, 1.5, 19.75, 9999.0, 9999.0, 9999.0, 119.25, 122.75, 118.25, 101.75, 133.5
2023-04-06, 19:25:05, 131.0, 51.25, 19.0, 26.0, 9999.0, 1.25, 1.25, 19.75, 9999.0, 9999.0, 9999.0, 119.25, 122.75, 118.25, 101.75, 133.75
2023-04-06, 19:25:09, 131.0, 51.25, 19.0, 26.0, 9999.0, 1.25, 1.25, 19.5, 9999.0, 9999.0, 9999.0, 119.25, 122.75, 118.0, 101.75, 133.5
2023-04-06, 19:25:13, 131.0, 51.0, 18.25, 25.75, 9999.0, -0.5, 1.5, 19.75, 9999.0, 9999.0, 9999.0, 119.0, 122.75, 118.0, 101.75, 133.5
2023-04-06, 19:25:17, 131.0, 51.25, 19.0, 26.0, 9999.0, 1.25, 1.5, 19.75, 9999.0, 9999.0, 9999.0, 119.0, 122.75, 118.0, 102.0, 133.5
2023-04-06, 19:25:21, 131.0, 51.25, 19.0, 26.0, 9999.0, 1.25, 1.5, 19.5, 9999.0, 9999.0, 9999.0, 119.0, 122.75, 118.0, 102.0, 133.5
2023-04-06, 19:25:25, 131.0, 51.25, 19.0, 26.0, 9999.0, 1.0, 1.25, 19.5, 9999.0, 9999.0, 9999.0, 119.0, 122.75, 118.0, 102.0, 133.5
2023-04-06, 19:25:29, 130.75, 50.0, 18.75, 25.25, 9999.0, 1.0, 1.5, 19.75, 9999.0, 9999.0, 9999.0, 119.0, 122.75, 118.25, 102.0, 133.5
2023-04-06, 19:25:33, 131.0, 51.25, 19.0, 26.0, 9999.0, 1.0, 1.25, 19.5, 9999.0, 9999.0, 9999.0, 119.0, 122.75, 118.25, 102.0, 133.5
2023-04-06, 19:25:37, 131.0, 51.25, 18.75, 25.75, 9999.0, 1.0, 1.25, 19.5, 9999.0, 9999.0, 9999.0, 119.0, 122.75, 118.0, 102.0, 133.5
2023-04-06, 19:25:41, 131.0, 51.25, 18.75, 26.0, 9999.0, 1.0, 1.25, 19.5, 9999.0, 9999.0, 9999.0, 119.0, 122.75, 118.0, 101.75, 133.5
2023-04-06, 19:25:45, 129.75, 51.0, 18.25, 23.25, 9999.0, 1.0, 1.5, 19.5, 9999.0, 9999.0, 9999.0, 119.0, 122.75, 118.0, 102.0, 133.5
2023-04-06, 19:25:49, 131.0, 51.25, 19.0, 26.0, 9999.0, 1.0, 1.25, 19.5, 9999.0, 9999.0, 9999.0, 119.0, 122.75, 118.0, 102.0, 133.5
2023-04-06, 19:25:53, 131.0, 51.25, 18.75, 25.75, 9999.0, 1.0, 1.25, 19.75, 9999.0, 9999.0, 9999.0, 118.75, 122.75, 118.25, 101.75, 133.5
2023-04-06, 19:25:57, 131.0, 51.25, 19.0, 25.75, 9999.0, 1.25, 1.25, 19.5, 9999.0, 9999.0, 9999.0, 118.75, 122.75, 118.0, 101.75, 131.75
2023-04-06, 19:26:01, 130.75, 50.0, 17.5, 25.75, 9999.0, 1.25, 1.25, 19.75, 9999.0, 9999.0, 9999.0, 118.5, 122.75, 118.0, 102.0, 133.5
2023-04-06, 19:26:05, 131.0, 51.25, 19.0, 25.75, 9999.0, 1.25, 1.25, 19.5, 9999.0, 9999.0, 9999.0, 118.75, 122.75, 118.25, 102.0, 133.5
2023-04-06, 19:26:09, 131.0, 51.25, 19.0, 26.0, 9999.0, 1.5, 1.5, 19.75, 9999.0, 9999.0, 9999.0, 118.75, 122.75, 118.0, 102.0, 133.5
2023-04-06, 19:26:13, 131.0, 51.25, 19.0, 26.0, 9999.0, 1.25, 1.5, 19.75, 9999.0, 9999.0, 9999.0, 119.25, 122.5, 118.0, 100.75, 132.5
2023-04-06, 19:26:17, 130.5, 49.75, 18.25, 26.0, 9999.0, 1.5, 1.25, 19.75, 9999.0, 9999.0, 9999.0, 119.25, 122.75, 118.0, 102.0, 133.5
2023-04-06, 19:26:21, 131.0, 51.25, 19.0, 26.0, 9999.0, 1.25, 1.25, 19.75, 9999.0, 9999.0, 9999.0, 119.25, 122.5, 118.25, 102.0, 133.5
2023-04-06, 19:26:25, 131.0, 51.25, 19.0, 26.0, 9999.0, 1.25, 1.25, 19.75, 9999.0, 9999.0, 9999.0, 119.25, 122.75, 118.0, 102.0, 133.5
2023-04-06, 19:26:29, 131.0, 51.25, 18.75, 26.0, 9999.0, 1.25, 1.5, 19.75, 9999.0, 9999.0, 9999.0, 119.25, 122.5, 118.0, 101.25, 133.0
2023-04-06, 19:26:33, 129.75, 50.5, 18.75, 26.0, 9999.0, 1.25, 1.25, 19.75, 9999.0, 9999.0, 9999.0, 119.25, 122.5, 118.0, 101.75, 133.5
2023-04-06, 19:26:37, 131.0, 51.25, 18.75, 26.0, 9999.0, 1.25, 1.5, 19.5, 9999.0, 9999.0, 9999.0, 119.0, 122.5, 118.0, 102.0, 133.5
2023-04-06, 19:26:41, 130.75, 51.25, 19.0, 26.0, 9999.0, 1.25, 1.5, 19.75, 9999.0, 9999.0, 9999.0, 119.0, 122.75, 118.0, 102.0, 133.75
2023-04-06, 19:26:45, 131.0, 51.0, 19.0, 26.0, 9999.0, 1.25, 1.25, 19.75, 9999.0, 9999.0, 9999.0, 119.0, 122.75, 117.25, 101.75, 132.0
2023-04-06, 19:26:49, 129.5, 51.25, 18.75, 26.25, 9999.0, 1.0, 1.5, 19.75, 9999.0, 9999.0, 9999.0, 119.0, 122.75, 118.0, 101.75, 133.5
2023-04-06, 19:26:53, 131.0, 51.25, 19.0, 26.25, 9999.0, 1.0, 1.5, 19.75, 9999.0, 9999.0, 9999.0, 119.0, 122.75, 118.0, 101.75, 133.5
2023-04-06, 19:26:57, 131.0, 51.25, 19.0, 26.0, 9999.0, 1.0, 1.5, 19.75, 9999.0, 9999.0, 9999.0, 119.0, 122.75, 118.25, 101.75, 133.75
2023-04-06, 19:27:01, 130.75, 51.25, 19.0, 26.25, 9999.0, 1.0, 1.5, 19.75, 9999.0, 9999.0, 9999.0, 119.0, 123.0, 118.0, 102.0, 133.5
2023-04-06, 19:27:05, 131.0, 51.25, 19.0, 26.0, 9999.0, 1.0, 1.5, 19.75, 9999.0, 9999.0, 9999.0, 118.75, 122.75, 118.0, 102.0, 133.5
2023-04-06, 19:27:09, 131.0, 51.25, 19.0, 26.0, 9999.0, 1.0, 1.25, 19.5, 9999.0, 9999.0, 9999.0, 119.0, 122.75, 118.0, 101.75, 133.75
2023-04-06, 19:27:13, 131.0, 51.25, 19.0, 26.0, 9999.0, 1.0, 1.5, 19.75, 9999.0, 9999.0, 9999.0, 118.75, 122.75, 118.0, 102.0, 133.5
2023-04-06, 19:27:17, 131.0, 51.25, 19.0, 26.0, 9999.0, 1.25, 1.25, 19.5, 9999.0, 9999.0, 9999.0, 118.75, 122.75, 118.25, 102.0, 133.75
2023-04-06, 19:27:21, 131.0, 51.25, 19.0, 26.0, 9999.0, 1.25, 1.25, 19.5, 9999.0, 9999.0, 9999.0, 118.75, 122.75, 118.25, 102.0, 133.75
2023-04-06, 19:27:25, 130.75, 51.25, 19.0, 26.0, 9999.0, 1.25, 1.5, 19.75, 9999.0, 9999.0, 9999.0, 118.75, 122.75, 118.25, 102.0, 133.75
2023-04-06, 19:27:29, 131.0, 51.5, 18.75, 26.0, 9999.0, 1.25, 1.5, 19.75, 9999.0, 9999.0, 9999.0, 118.75, 122.75, 118.25, 101.75, 133.5
2023-04-06, 19:27:33, 131.0, 51.25, 18.75, 26.0, 9999.0, 1.5, 1.5, 19.75, 9999.0, 9999.0, 9999.0, 119.25, 122.75, 118.25, 102.0, 133.75
2023-04-06, 19:27:37, 131.0, 51.25, 18.75, 26.25, 9999.0, 1.25, 1.5, 19.75, 9999.0, 9999.0, 9999.0, 119.25, 122.75, 118.0, 102.0, 133.75
2023-04-06, 19:27:41, 131.0, 51.25, 19.0, 26.0, 9999.0, 1.25, 1.25, 19.5, 9999.0, 9999.0, 9999.0, 119.25, 122.75, 118.0, 102.0, 133.75
2023-04-06, 19:27:45, 130.75, 51.25, 19.0, 26.0, 9999.0, 1.25, 1.5, 19.75, 9999.0, 9999.0, 9999.0, 119.25, 122.75, 118.0, 102.0, 133.5
2023-04-06, 19:27:49, 131.0, 51.25, 19.0, 26.0, 9999.0, 1.25, 1.5, 19.75, 9999.0, 9999.0, 9999.0, 119.0, 122.75, 118.0, 101.75, 133.75
2023-04-06, 19:27:53, 131.0, 51.25, 19.0, 26.0, 9999.0, 1.25, 1.5, 19.75, 9999.0, 9999.0, 9999.0, 119.25, 122.75, 118.0, 102.0, 133.75
2023-04-06, 19:27:57, 131.0, 51.5, 19.0, 26.0, 9999.0, 1.25, 1.5, 19.75, 9999.0, 9999.0, 9999.0, 119.0, 122.75, 118.0, 101.75, 133.75
2023-04-06, 19:28:01, 131.0, 51.25, 19.0, 26.0, 9999.0, 1.25, 1.5, 19.75, 9999.0, 9999.0, 9999.0, 119.0, 122.75, 118.0, 101.75, 133.75
2023-04-06, 19:28:05, 131.0, 51.5, 19.0, 26.0, 9999.0, 1.0, 1.5, 19.75, 9999.0, 9999.0, 9999.0, 119.0, 123.0, 118.25, 102.0, 133.75
2023-04-06, 19:28:09, 131.0, 51.5, 19.0, 26.0, 9999.0, 1.25, 1.5, 19.75, 9999.0, 9999.0, 9999.0, 119.0, 123.0, 118.25, 102.0, 133.75
2023-04-06, 19:28:13, 131.0, 51.5, 18.75, 25.75, 9999.0, 1.25, 1.5, 19.75, 9999.0, 9999.0, 9999.0, 119.0, 122.75, 118.0, 102.0, 133.75
2023-04-06, 19:28:17, 131.0, 51.25, 19.0, 26.0, 9999.0, 1.0, 1.5, 19.75, 9999.0, 9999.0, 9999.0, 119.0, 123.0, 118.0, 102.0, 133.75
2023-04-06, 19:28:21, 131.0, 51.5, 19.0, 26.0, 9999.0, 1.0, 1.5, 19.75, 9999.0, 9999.0, 9999.0, 119.0, 123.0, 118.25, 102.0, 133.75
2023-04-06, 19:28:25, 131.0, 51.25, 19.0, 26.0, 9999.0, 1.0, 1.5, 19.75, 9999.0, 9999.0, 9999.0, 118.75, 123.0, 118.25, 102.0, 133.75
2023-04-06, 19:28:29, 131.0, 51.5, 19.0, 26.0, 9999.0, 1.0, 1.5, 19.5, 9999.0, 9999.0, 9999.0, 118.75, 123.0, 118.25, 102.0, 133.75
2023-04-06, 19:28:33, 130.75, 51.5, 19.0, 25.75, 9999.0, 1.0, 1.5, 19.75, 9999.0, 9999.0, 9999.0, 118.75, 123.0, 118.25, 101.75, 133.5
2023-04-06, 19:28:37, 131.0, 51.5, 19.0, 26.0, 9999.0, 1.25, 1.25, 19.75, 9999.0, 9999.0, 9999.0, 118.75, 122.75, 118.25, 102.0, 133.75
2023-04-06, 19:28:41, 131.0, 51.5, 19.0, 26.0, 9999.0, 1.25, 1.5, 19.5, 9999.0, 9999.0, 9999.0, 118.75, 122.75, 118.25, 102.0, 133.75
2023-04-06, 19:28:45, 130.75, 51.25, 19.0, 26.0, 9999.0, 1.25, 1.5, 19.75, 9999.0, 9999.0, 9999.0, 118.75, 123.0, 118.25, 102.0, 133.5
2023-04-06, 19:28:49, 131.0, 51.25, 19.0, 26.0, 9999.0, 1.5, 1.5, 19.75, 9999.0, 9999.0, 9999.0, 118.75, 122.75, 118.25, 101.75, 133.75
2023-04-06, 19:28:53, 131.0, 51.5, 19.0, 26.0, 9999.0, 1.5, 1.5, 19.5, 9999.0, 9999.0, 9999.0, 119.5, 122.75, 118.25, 102.0, 133.75
2023-04-06, 19:28:57, 131.0, 51.25, 19.0, 26.25, 9999.0, 1.25, 1.5, 19.75, 9999.0, 9999.0, 9999.0, 119.25, 122.75, 118.25, 102.0, 133.75
2023-04-06, 19:29:01, 131.0, 51.25, 19.0, 26.25, 9999.0, 1.25, 1.5, 19.75, 9999.0, 9999.0, 9999.0, 119.25, 122.75, 118.25, 102.0, 133.75
2023-04-06, 19:29:05, 131.0, 51.25, 19.0, 26.25, 9999.0, 1.25, 1.5, 19.75, 9999.0, 9999.0, 9999.0, 119.25, 122.75, 118.25, 102.0, 133.75
2023-04-06, 19:29:09, 131.0, 51.5, 19.0, 26.0, 9999.0, 1.25, 1.5, 19.75, 9999.0, 9999.0, 9999.0, 119.0, 122.75, 118.25, 102.0, 133.75
2023-04-06, 19:29:13, 131.0, 51.5, 19.0, 25.75, 9999.0, 1.25, 1.5, 19.75, 9999.0, 9999.0, 9999.0, 119.0, 122.75, 118.25, 102.0, 133.5
2023-04-06, 19:29:17, 131.0, 51.25, 18.75, 25.75, 9999.0, 1.25, 1.5, 19.75, 9999.0, 9999.0, 9999.0, 119.0, 122.75, 118.25, 102.0, 133.75
2023-04-06, 19:29:21, 131.0, 51.25, 19.0, 26.0, 9999.0, 1.25, 1.5, 19.75, 9999.0, 9999.0, 9999.0, 119.0, 123.0, 118.25, 102.0, 133.75
2023-04-06, 19:29:26, 131.0, 51.5, 19.0, 26.0, 9999.0, 1.25, 1.25, 19.75, 9999.0, 9999.0, 9999.0, 119.0, 123.0, 118.25, 102.0, 133.75
2023-04-06, 19:29:30, 131.0, 51.5, 19.0, 26.0, 9999.0, 1.25, 1.25, 19.75, 9999.0, 9999.0, 9999.0, 119.0, 123.0, 118.25, 102.0, 133.75
2023-04-06, 19:29:34, 131.0, 51.5, 18.75, 25.75, 9999.0, 1.0, 1.5, 19.75, 9999.0, 9999.0, 9999.0, 119.0, 123.0, 118.25, 102.0, 133.75
2023-04-06, 19:29:38, 131.0, 51.25, 19.0, 25.75, 9999.0, 1.0, 1.5, 19.75, 9999.0, 9999.0, 9999.0, 119.0, 123.0, 118.25, 101.75, 133.75
2023-04-06, 19:29:42, 131.0, 51.25, 19.0, 26.0, 9999.0, 1.0, 1.25, 19.75, 9999.0, 9999.0, 9999.0, 119.0, 123.0, 118.25, 101.75, 133.75
2023-04-06, 19:29:46, 131.0, 51.25, 19.0, 25.75, 9999.0, 1.0, 1.5, 19.5, 9999.0, 9999.0, 9999.0, 119.0, 122.75, 118.25, 101.75, 133.75
2023-04-06, 19:29:50, 131.0, 51.5, 19.0, 25.75, 9999.0, 1.0, 1.5, 19.75, 9999.0, 9999.0, 9999.0, 118.75, 122.75, 118.25, 102.0, 133.75
2023-04-06, 19:29:54, 131.0, 51.25, 19.0, 26.0, 9999.0, 1.0, 1.5, 19.75, 9999.0, 9999.0, 9999.0, 119.0, 123.0, 118.25, 102.0, 133.5
2023-04-06, 19:29:58, 131.0, 51.5, 19.0, 26.0, 9999.0, 1.25, 1.25, 19.5, 9999.0, 9999.0, 9999.0, 118.75, 123.0, 118.25, 102.0, 133.75
2023-04-06, 19:30:02, 131.0, 51.5, 19.0, 26.0, 9999.0, 1.25, 1.25, 19.75, 9999.0, 9999.0, 9999.0, 118.75, 123.0, 118.25, 101.75, 133.75
2023-04-06, 19:30:06, 131.0, 51.5, 19.0, 26.0, 9999.0, 1.5, 1.5, 19.75, 9999.0, 9999.0, 9999.0, 118.75, 122.75, 118.25, 101.75, 133.5
2023-04-06, 19:30:10, 131.0, 51.5, 19.0, 26.0, 9999.0, 1.25, 1.5, 19.75, 9999.0, 9999.0, 9999.0, 118.75, 122.75, 118.25, 101.75, 133.75
2023-04-06, 19:30:14, 131.0, 51.5, 19.0, 26.0, 9999.0, 1.25, 1.5, 19.5, 9999.0, 9999.0, 9999.0, 119.5, 122.75, 118.25, 101.75, 133.5
2023-04-06, 19:30:18, 131.0, 51.5, 19.0, 26.0, 9999.0, 1.25, 1.5, 19.75, 9999.0, 9999.0, 9999.0, 119.25, 122.75, 118.0, 102.0, 133.75
2023-04-06, 19:30:22, 131.0, 51.25, 18.75, 26.0, 9999.0, 1.25, 1.5, 19.75, 9999.0, 9999.0, 9999.0, 119.25, 122.75, 118.25, 102.0, 133.5
2023-04-06, 19:30:26, 131.0, 51.25, 18.75, 25.75, 9999.0, 1.25, 1.5, 19.75, 9999.0, 9999.0, 9999.0, 119.25, 122.75, 118.25, 101.75, 133.75
2023-04-06, 19:30:30, 131.0, 51.5, 19.0, 26.0, 9999.0, 1.25, 1.5, 19.75, 9999.0, 9999.0, 9999.0, 119.25, 122.75, 118.0, 101.75, 133.75
2023-04-06, 19:30:34, 131.0, 51.5, 19.0, 26.0, 9999.0, 1.25, 1.25, 19.5, 9999.0, 9999.0, 9999.0, 119.0, 122.75, 118.25, 101.75, 133.75
2023-04-06, 19:30:38, 131.0, 51.25, 19.0, 26.0, 9999.0, 1.25, 1.5, 19.75, 9999.0, 9999.0, 9999.0, 119.0, 122.75, 118.0, 102.0, 133.75
2023-04-06, 19:30:42, 131.0, 51.5, 19.0, 26.0, 9999.0, 1.25, 1.25, 19.5, 9999.0, 9999.0, 9999.0, 119.0, 123.0, 118.25, 101.75, 133.75
2023-04-06, 19:30:46, 131.0, 51.5, 19.0, 26.0, 9999.0, 1.0, 1.5, 19.75, 9999.0, 9999.0, 9999.0, 119.0, 123.0, 118.25, 101.75, 133.75
2023-04-06, 19:30:50, 131.0, 51.5, 18.75, 26.0, 9999.0, 1.25, 1.5, 19.5, 9999.0, 9999.0, 9999.0, 119.0, 123.0, 118.25, 102.0, 133.75
2023-04-06, 19:30:54, 130.75, 51.25, 19.0, 25.75, 9999.0, 1.0, 1.25, 19.5, 9999.0, 9999.0, 9999.0, 119.0, 123.0, 118.0, 101.75, 133.5
2023-04-06, 19:30:58, 131.0, 51.25, 19.0, 26.0, 9999.0, 1.0, 1.25, 19.5, 9999.0, 9999.0, 9999.0, 119.0, 123.0, 118.25, 101.75, 133.75
2023-04-06, 19:31:02, 131.0, 51.25, 19.0, 25.5, 9999.0, 1.0, 1.5, 19.5, 9999.0, 9999.0, 9999.0, 119.0, 123.0, 118.25, 102.0, 133.5
2023-04-06, 19:31:06, 131.0, 51.5, 19.0, 25.5, 9999.0, 1.0, 1.5, 19.5, 9999.0, 9999.0, 9999.0, 119.0, 122.75, 118.25, 101.75, 133.5
2023-04-06, 19:31:10, 130.75, 51.25, 18.75, 25.75, 9999.0, 1.0, 1.25, 19.5, 9999.0, 9999.0, 9999.0, 118.75, 122.75, 118.25, 101.75, 133.75
2023-04-06, 19:31:14, 131.0, 51.25, 19.0, 25.75, 9999.0, 1.25, 1.5, 19.5, 9999.0, 9999.0, 9999.0, 118.75, 122.75, 118.25, 101.75, 133.75
2023-04-06, 19:31:18, 131.0, 51.25, 19.0, 25.75, 9999.0, 1.25, 1.5, 19.5, 9999.0, 9999.0, 9999.0, 118.75, 122.75, 118.25, 102.0, 133.5
2023-04-06, 19:31:22, 131.0, 51.25, 19.0, 25.75, 9999.0, 1.25, 1.25, 19.75, 9999.0, 9999.0, 9999.0, 118.75, 122.75, 118.25, 101.75, 133.75
2023-04-06, 19:31:26, 130.75, 51.25, 19.0, 25.5, 9999.0, 1.5, 1.5, 19.5, 9999.0, 9999.0, 9999.0, 118.75, 122.75, 118.25, 102.0, 133.5
2023-04-06, 19:31:30, 131.0, 51.25, 19.0, 25.75, 9999.0, 1.25, 1.25, 19.75, 9999.0, 9999.0, 9999.0, 118.5, 122.75, 118.25, 101.75, 133.75
2023-04-06, 19:31:34, 131.0, 51.5, 19.0, 25.75, 9999.0, 1.5, 1.25, 19.75, 9999.0, 9999.0, 9999.0, 119.5, 122.75, 118.25, 102.0, 133.5
2023-04-06, 19:31:38, 131.0, 51.5, 19.0, 25.75, 9999.0, 1.25, 1.5, 19.75, 9999.0, 9999.0, 9999.0, 119.25, 122.75, 118.0, 101.75, 133.5
2023-04-06, 19:31:42, 131.0, 51.5, 19.0, 26.0, 9999.0, 1.25, 1.5, 19.75, 9999.0, 9999.0, 9999.0, 119.25, 122.75, 118.25, 102.0, 133.5
2023-04-06, 19:31:46, 131.0, 51.25, 19.0, 26.0, 9999.0, 1.25, 1.5, 19.75, 9999.0, 9999.0, 9999.0, 119.25, 122.75, 118.25, 101.75, 133.5
2023-04-06, 19:31:50, 131.0, 51.5, 19.0, 26.0, 9999.0, 1.25, 1.25, 19.75, 9999.0, 9999.0, 9999.0, 119.0, 122.75, 118.0, 101.75, 133.5
2023-04-06, 19:31:54, 130.75, 51.25, 19.0, 26.0, 9999.0, 1.25, 1.5, 19.75, 9999.0, 9999.0, 9999.0, 119.0, 122.5, 118.0, 101.75, 133.5
2023-04-06, 19:31:58, 130.75, 51.25, 19.0, 26.0, 9999.0, 1.25, 1.25, 19.75, 9999.0, 9999.0, 9999.0, 119.0, 122.75, 118.25, 101.75, 133.5
2023-04-06, 19:32:02, 131.0, 51.5, 19.0, 26.0, 9999.0, 1.0, 1.25, 19.5, 9999.0, 9999.0, 9999.0, 119.0, 122.75, 118.25, 101.75, 133.5
2023-04-06, 19:32:06, 130.75, 51.25, 18.75, 26.0, 9999.0, 1.25, 1.25, 19.75, 9999.0, 9999.0, 9999.0, 119.0, 122.75, 118.25, 101.75, 133.5
2023-04-06, 19:32:10, 131.0, 51.25, 19.0, 26.0, 9999.0, 1.0, 1.5, 19.5, 9999.0, 9999.0, 9999.0, 119.0, 122.75, 118.0, 101.75, 133.75
2023-04-06, 19:32:14, 131.0, 51.25, 19.0, 26.0, 9999.0, 1.0, 1.25, 19.5, 9999.0, 9999.0, 9999.0, 119.0, 123.0, 118.25, 101.75, 133.75
2023-04-06, 19:32:18, 131.0, 51.25, 18.75, 26.0, 9999.0, 1.0, 1.25, 19.75, 9999.0, 9999.0, 9999.0, 119.0, 122.75, 118.25, 101.75, 133.5
2023-04-06, 19:32:22, 130.75, 51.25, 18.75, 26.0, 9999.0, 1.0, 1.25, 19.75, 9999.0, 9999.0, 9999.0, 119.0, 122.75, 118.25, 101.75, 133.5
2023-04-06, 19:32:26, 131.0, 51.5, 19.0, 26.0, 9999.0, 1.0, 1.5, 19.75, 9999.0, 9999.0, 9999.0, 119.0, 123.0, 118.25, 101.75, 133.5
2023-04-06, 19:32:30, 131.0, 51.5, 18.75, 26.0, 9999.0, 1.0, 1.25, 19.75, 9999.0, 9999.0, 9999.0, 118.75, 123.0, 118.25, 101.75, 133.75
2023-04-06, 19:32:34, 131.0, 51.5, 18.75, 26.0, 9999.0, 1.25, 1.25, 19.5, 9999.0, 9999.0, 9999.0, 118.75, 122.75, 118.25, 101.75, 133.5
2023-04-06, 19:32:38, 131.0, 51.25, 19.0, 26.0, 9999.0, 1.25, 1.25, 19.5, 9999.0, 9999.0, 9999.0, 118.75, 122.75, 118.25, 102.0, 133.5
2023-04-06, 19:32:42, 131.0, 51.25, 18.75, 26.0, 9999.0, 1.25, 1.25, 19.5, 9999.0, 9999.0, 9999.0, 118.75, 122.75, 118.25, 101.75, 133.75
2023-04-06, 19:32:46, 131.0, 51.5, 18.75, 26.0, 9999.0, 1.25, 1.25, 19.5, 9999.0, 9999.0, 9999.0, 118.75, 122.75, 118.25, 101.75, 133.5
2023-04-06, 19:32:50, 131.0, 51.25, 18.75, 26.0, 9999.0, 1.25, 1.25, 19.75, 9999.0, 9999.0, 9999.0, 118.75, 122.75, 118.25, 101.75, 133.5
2023-04-06, 19:32:54, 130.75, 51.25, 18.75, 26.0, 9999.0, 1.25, 1.25, 19.75, 9999.0, 9999.0, 9999.0, 119.25, 122.75, 118.25, 101.75, 133.5
2023-04-06, 19:32:58, 131.0, 51.25, 18.75, 26.0, 9999.0, 1.25, 1.25, 19.75, 9999.0, 9999.0, 9999.0, 119.25, 122.75, 118.25, 101.75, 133.75
2023-04-06, 19:33:02, 131.0, 51.25, 18.75, 26.0, 9999.0, 1.25, 1.25, 19.75, 9999.0, 9999.0, 9999.0, 119.25, 122.75, 118.25, 101.75, 133.75
2023-04-06, 19:33:06, 131.0, 51.25, 19.0, 26.0, 9999.0, 1.25, 1.5, 19.5, 9999.0, 9999.0, 9999.0, 119.25, 122.75, 118.25, 101.75, 133.75
2023-04-06, 19:33:10, 131.0, 51.25, 18.75, 26.25, 9999.0, 1.25, 1.5, 19.5, 9999.0, 9999.0, 9999.0, 119.25, 122.75, 118.25, 101.75, 133.5
2023-04-06, 19:33:14, 131.0, 51.25, 18.75, 26.0, 9999.0, 1.25, 1.5, 19.5, 9999.0, 9999.0, 9999.0, 119.0, 122.75, 118.0, 101.75, 133.5
2023-04-06, 19:33:18, 131.0, 51.25, 19.0, 26.0, 9999.0, 1.25, 1.25, 19.75, 9999.0, 9999.0, 9999.0, 119.0, 122.75, 118.25, 101.75, 133.75
2023-04-06, 19:33:22, 131.0, 51.25, 19.0, 26.0, 9999.0, 1.0, 1.25, 19.5, 9999.0, 9999.0, 9999.0, 119.0, 123.0, 118.0, 101.75, 133.75
2023-04-06, 19:33:26, 131.0, 51.25, 19.0, 26.0, 9999.0, 1.0, 1.25, 19.75, 9999.0, 9999.0, 9999.0, 119.0, 123.0, 118.25, 101.75, 133.5
2023-04-06, 19:33:30, 131.0, 51.5, 19.0, 26.0, 9999.0, 1.0, 1.25, 19.5, 9999.0, 9999.0, 9999.0, 119.0, 123.0, 118.25, 101.75, 133.5
2023-04-06, 19:33:34, 131.0, 51.5, 19.0, 26.0, 9999.0, 1.0, 1.25, 19.75, 9999.0, 9999.0, 9999.0, 119.0, 123.0, 118.25, 101.75, 133.75
2023-04-06, 19:33:38, 131.0, 51.25, 19.0, 26.0, 9999.0, 1.0, 1.25, 19.5, 9999.0, 9999.0, 9999.0, 119.0, 122.75, 118.25, 101.75, 133.75
2023-04-06, 19:33:42, 131.0, 51.25, 18.75, 26.0, 9999.0, 1.0, 1.25, 19.75, 9999.0, 9999.0, 9999.0, 119.0, 123.0, 118.0, 101.75, 133.75
2023-04-06, 19:33:46, 131.0, 51.25, 19.0, 25.75, 9999.0, 1.0, 1.25, 19.5, 9999.0, 9999.0, 9999.0, 119.0, 122.75, 118.25, 101.75, 133.75
2023-04-06, 19:33:50, 131.0, 51.25, 18.75, 25.75, 9999.0, 1.0, 1.25, 19.5, 9999.0, 9999.0, 9999.0, 118.75, 122.75, 118.25, 101.75, 133.5
2023-04-06, 19:33:55, 131.0, 51.25, 19.0, 25.75, 9999.0, 1.25, 1.25, 19.5, 9999.0, 9999.0, 9999.0, 118.75, 122.75, 118.25, 101.75, 133.5
2023-04-06, 19:33:59, 131.0, 51.5, 19.0, 25.75, 9999.0, 1.25, 1.25, 19.5, 9999.0, 9999.0, 9999.0, 118.75, 122.75, 118.25, 101.75, 133.75
2023-04-06, 19:34:03, 131.0, 51.5, 18.75, 26.0, 9999.0, 1.25, 1.25, 19.5, 9999.0, 9999.0, 9999.0, 118.75, 122.75, 118.25, 101.75, 133.5
2023-04-06, 19:34:07, 131.0, 51.5, 19.0, 26.0, 9999.0, 1.25, 1.25, 19.75, 9999.0, 9999.0, 9999.0, 118.75, 123.0, 118.25, 101.75, 133.75
2023-04-06, 19:34:11, 131.0, 51.25, 19.0, 26.0, 9999.0, 1.25, 1.5, 19.5, 9999.0, 9999.0, 9999.0, 118.75, 122.75, 118.25, 101.75, 133.75
2023-04-06, 19:34:15, 131.0, 51.25, 19.0, 26.0, 9999.0, 1.25, 1.25, 19.5, 9999.0, 9999.0, 9999.0, 119.5, 122.75, 118.25, 101.75, 133.75
2023-04-06, 19:34:19, 131.0, 51.25, 19.0, 26.0, 9999.0, 1.25, 1.25, 19.5, 9999.0, 9999.0, 9999.0, 119.25, 122.75, 118.25, 101.75, 133.75
2023-04-06, 19:34:23, 131.0, 51.25, 19.0, 25.75, 9999.0, 1.25, 1.25, 19.5, 9999.0, 9999.0, 9999.0, 119.25, 122.75, 118.25, 101.75, 133.75
2023-04-06, 19:34:27, 131.0, 51.25, 18.75, 25.75, 9999.0, 1.25, 1.5, 19.5, 9999.0, 9999.0, 9999.0, 119.25, 122.75, 118.25, 101.75, 133.75
2023-04-06, 19:34:31, 131.0, 51.5, 18.75, 25.75, 9999.0, 1.25, 1.25, 19.5, 9999.0, 9999.0, 9999.0, 119.25, 122.75, 118.25, 101.75, 133.75
2023-04-06, 19:34:35, 131.0, 51.5, 19.0, 26.0, 9999.0, 1.25, 1.25, 19.5, 9999.0, 9999.0, 9999.0, 119.0, 122.75, 118.25, 101.75, 133.75
2023-04-06, 19:34:39, 131.0, 51.5, 19.0, 26.0, 9999.0, 1.0, 1.5, 19.5, 9999.0, 9999.0, 9999.0, 119.0, 122.5, 118.25, 101.75, 133.75
2023-04-06, 19:34:43, 131.0, 51.5, 18.75, 26.0, 9999.0, 1.0, 1.5, 19.75, 9999.0, 9999.0, 9999.0, 119.25, 122.75, 118.25, 101.75, 133.75
2023-04-06, 19:34:47, 131.0, 51.5, 18.75, 26.0, 9999.0, 1.0, 1.5, 19.75, 9999.0, 9999.0, 9999.0, 119.0, 123.0, 118.25, 101.75, 133.5
2023-04-06, 19:34:51, 131.0, 51.5, 18.75, 26.0, 9999.0, 1.0, 1.25, 19.5, 9999.0, 9999.0, 9999.0, 119.0, 123.0, 118.0, 102.0, 133.5
2023-04-06, 19:34:55, 131.0, 51.5, 18.75, 26.0, 9999.0, 1.0, 1.5, 19.5, 9999.0, 9999.0, 9999.0, 119.0, 123.0, 118.25, 101.75, 133.75
2023-04-06, 19:34:59, 131.0, 51.5, 18.75, 26.0, 9999.0, 1.0, 1.25, 19.75, 9999.0, 9999.0, 9999.0, 119.0, 122.75, 118.25, 101.75, 133.75
2023-04-06, 19:35:03, 131.0, 51.5, 18.75, 26.0, 9999.0, 1.0, 1.25, 19.75, 9999.0, 9999.0, 9999.0, 119.0, 123.0, 118.25, 102.0, 133.75
2023-04-06, 19:35:07, 131.0, 51.5, 18.75, 26.0, 9999.0, 1.0, 1.25, 19.75, 9999.0, 9999.0, 9999.0, 119.0, 123.0, 118.25, 102.0, 133.75
2023-04-06, 19:35:11, 131.0, 51.5, 19.0, 26.0, 9999.0, 1.0, 1.25, 19.75, 9999.0, 9999.0, 9999.0, 119.0, 123.0, 118.25, 102.0, 133.5
2023-04-06, 19:35:15, 131.0, 51.25, 18.75, 26.0, 9999.0, 1.25, 1.5, 19.75, 9999.0, 9999.0, 9999.0, 118.75, 122.75, 118.25, 101.75, 133.75
2023-04-06, 19:35:19, 131.0, 51.5, 18.75, 26.0, 9999.0, 1.25, 1.25, 19.5, 9999.0, 9999.0, 9999.0, 118.75, 123.0, 118.25, 102.0, 133.75
2023-04-06, 19:35:23, 131.0, 51.5, 19.0, 26.25, 9999.0, 1.25, 1.25, 19.75, 9999.0, 9999.0, 9999.0, 118.75, 123.0, 118.25, 102.0, 133.75
2023-04-06, 19:35:27, 131.0, 51.5, 18.75, 26.0, 9999.0, 1.25, 1.5, 19.75, 9999.0, 9999.0, 9999.0, 118.75, 122.75, 118.25, 102.0, 133.75
2023-04-06, 19:35:31, 131.0, 51.5, 19.0, 26.0, 9999.0, 1.25, 1.5, 19.75, 9999.0, 9999.0, 9999.0, 119.5, 123.0, 118.25, 101.75, 133.75
2023-04-06, 19:35:35, 131.0, 51.5, 19.0, 26.0, 9999.0, 1.25, 1.5, 19.75, 9999.0, 9999.0, 9999.0, 119.5, 122.75, 118.25, 102.0, 133.75
2023-04-06, 19:35:39, 131.0, 51.5, 19.0, 26.0, 9999.0, 1.25, 1.5, 19.75, 9999.0, 9999.0, 9999.0, 119.25, 122.75, 118.25, 101.75, 133.75
2023-04-06, 19:35:43, 131.0, 51.25, 19.0, 26.0, 9999.0, 1.25, 1.5, 19.75, 9999.0, 9999.0, 9999.0, 119.25, 122.75, 118.25, 102.0, 133.75
2023-04-06, 19:35:47, 131.0, 51.5, 19.0, 26.0, 9999.0, 1.25, 1.5, 19.75, 9999.0, 9999.0, 9999.0, 119.25, 123.0, 118.25, 101.75, 133.75
2023-04-06, 19:35:51, 131.0, 51.25, 19.0, 26.0, 9999.0, 1.25, 1.5, 19.5, 9999.0, 9999.0, 9999.0, 119.25, 122.75, 118.0, 102.0, 133.75
2023-04-06, 19:35:55, 131.0, 51.25, 19.0, 26.0, 9999.0, 1.25, 1.5, 19.75, 9999.0, 9999.0, 9999.0, 119.25, 122.75, 118.25, 102.0, 133.75
2023-04-06, 19:35:59, 131.0, 51.5, 19.0, 26.0, 9999.0, 1.25, 1.5, 19.5, 9999.0, 9999.0, 9999.0, 119.0, 122.75, 118.25, 102.0, 133.75
2023-04-06, 19:36:03, 131.0, 51.5, 19.0, 26.0, 9999.0, 1.25, 1.25, 19.75, 9999.0, 9999.0, 9999.0, 119.0, 123.0, 118.25, 101.75, 133.75
2023-04-06, 19:36:07, 131.0, 51.5, 19.0, 26.0, 9999.0, 1.0, 1.5, 19.5, 9999.0, 9999.0, 9999.0, 119.0, 123.0, 118.25, 102.0, 133.75
2023-04-06, 19:36:11, 131.0, 51.5, 19.0, 26.0, 9999.0, 1.0, 1.5, 19.75, 9999.0, 9999.0, 9999.0, 119.0, 123.0, 118.25, 102.0, 133.75
2023-04-06, 19:36:15, 131.0, 51.5, 19.0, 26.0, 9999.0, 1.0, 1.5, 19.75, 9999.0, 9999.0, 9999.0, 119.0, 123.0, 118.25, 102.0, 133.75
2023-04-06, 19:36:19, 131.0, 51.5, 19.0, 26.0, 9999.0, 1.0, 1.5, 19.75, 9999.0, 9999.0, 9999.0, 119.0, 123.0, 118.25, 102.0, 133.75
2023-04-06, 19:36:23, 131.0, 51.5, 19.0, 26.0, 9999.0, 1.0, 1.5, 19.75, 9999.0, 9999.0, 9999.0, 119.0, 123.0, 118.25, 102.0, 133.5
2023-04-06, 19:36:27, 131.0, 51.5, 19.0, 26.0, 9999.0, 1.0, 1.25, 19.75, 9999.0, 9999.0, 9999.0, 119.0, 123.0, 118.25, 102.0, 133.75
2023-04-06, 19:36:31, 131.0, 51.5, 19.0, 26.0, 9999.0, 1.0, 1.25, 19.5, 9999.0, 9999.0, 9999.0, 118.75, 123.0, 118.25, 102.0, 133.75
2023-04-06, 19:36:35, 131.0, 51.5, 19.0, 26.0, 9999.0, 1.25, 1.5, 19.75, 9999.0, 9999.0, 9999.0, 118.75, 123.0, 118.25, 102.0, 133.75
2023-04-06, 19:36:39, 131.0, 51.5, 19.0, 26.0, 9999.0, 1.25, 1.25, 19.75, 9999.0, 9999.0, 9999.0, 118.75, 123.0, 118.25, 102.0, 133.75
2023-04-06, 19:36:43, 131.0, 51.5, 19.0, 26.0, 9999.0, 1.25, 1.5, 19.75, 9999.0, 9999.0, 9999.0, 118.75, 123.0, 118.25, 102.0, 133.75
2023-04-06, 19:36:47, 131.0, 51.5, 19.0, 26.0, 9999.0, 1.5, 1.5, 19.75, 9999.0, 9999.0, 9999.0, 118.75, 123.0, 118.25, 102.0, 133.75
2023-04-06, 19:36:51, 131.0, 51.5, 19.0, 26.0, 9999.0, 1.5, 1.5, 19.75, 9999.0, 9999.0, 9999.0, 119.5, 123.0, 118.25, 102.0, 133.75
2023-04-06, 19:36:55, 131.0, 51.5, 19.0, 26.25, 9999.0, 1.25, 1.5, 19.75, 9999.0, 9999.0, 9999.0, 119.5, 123.0, 118.25, 102.0, 133.75
2023-04-06, 19:36:59, 131.0, 51.5, 19.0, 26.25, 9999.0, 1.25, 1.25, 19.75, 9999.0, 9999.0, 9999.0, 119.25, 123.0, 118.25, 102.0, 133.75
2023-04-06, 19:37:03, 131.0, 51.5, 19.0, 26.0, 9999.0, 1.25, 1.5, 19.75, 9999.0, 9999.0, 9999.0, 119.25, 122.75, 118.25, 102.0, 133.75
2023-04-06, 19:37:07, 131.0, 51.5, 19.0, 26.0, 9999.0, 1.25, 1.5, 19.75, 9999.0, 9999.0, 9999.0, 119.25, 123.0, 118.25, 102.0, 133.75
2023-04-06, 19:37:11, 131.0, 51.5, 19.0, 26.0, 9999.0, 1.25, 1.5, 19.75, 9999.0, 9999.0, 9999.0, 119.25, 123.0, 118.25, 102.0, 133.75
2023-04-06, 19:37:15, 131.0, 51.5, 19.0, 26.0, 9999.0, 1.25, 1.5, 19.75, 9999.0, 9999.0, 9999.0, 119.25, 122.75, 118.25, 102.0, 133.75
2023-04-06, 19:37:19, 131.0, 51.5, 19.0, 26.0, 9999.0, 1.25, 1.5, 19.75, 9999.0, 9999.0, 9999.0, 119.0, 123.0, 118.25, 102.0, 133.75
2023-04-06, 19:37:23, 131.0, 51.5, 19.0, 25.75, 9999.0, 1.25, 1.5, 19.75, 9999.0, 9999.0, 9999.0, 119.0, 123.0, 118.25, 102.0, 133.75
2023-04-06, 19:37:27, 131.0, 51.5, 19.0, 25.75, 9999.0, 1.25, 1.5, 19.75, 9999.0, 9999.0, 9999.0, 119.25, 123.0, 118.25, 102.0, 133.75
2023-04-06, 19:37:31, 131.0, 51.5, 19.0, 26.0, 9999.0, 1.0, 1.5, 19.75, 9999.0, 9999.0, 9999.0, 119.0, 123.0, 118.25, 102.0, 133.75
2023-04-06, 19:37:35, 131.0, 51.5, 19.0, 26.25, 9999.0, 1.25, 1.5, 19.75, 9999.0, 9999.0, 9999.0, 119.0, 123.0, 118.25, 102.0, 133.75
2023-04-06, 19:37:39, 131.0, 51.5, 19.0, 25.75, 9999.0, 1.0, 1.5, 19.75, 9999.0, 9999.0, 9999.0, 119.0, 123.0, 118.25, 102.0, 133.75
2023-04-06, 19:37:43, 131.25, 51.5, 19.0, 26.0, 9999.0, 1.0, 1.5, 19.75, 9999.0, 9999.0, 9999.0, 119.0, 123.0, 118.25, 102.0, 133.75
2023-04-06, 19:37:47, 131.0, 51.5, 19.0, 26.0, 9999.0, 1.0, 1.5, 19.75, 9999.0, 9999.0, 9999.0, 119.0, 123.0, 118.25, 102.0, 133.75
2023-04-06, 19:37:51, 131.0, 51.5, 19.0, 26.0, 9999.0, 1.0, 1.5, 19.75, 9999.0, 9999.0, 9999.0, 119.0, 123.0, 118.25, 102.0, 133.75
2023-04-06, 19:37:55, 131.0, 51.5, 19.0, 26.0, 9999.0, 1.25, 1.5, 19.75, 9999.0, 9999.0, 9999.0, 119.0, 123.0, 118.25, 102.0, 133.75
2023-04-06, 19:37:59, 131.0, 51.5, 19.0, 26.0, 9999.0, 1.25, 1.25, 19.75, 9999.0, 9999.0, 9999.0, 118.75, 123.0, 118.25, 102.0, 133.75
2023-04-06, 19:38:03, 131.0, 51.5, 19.0, 26.0, 9999.0, 1.25, 1.5, 19.75, 9999.0, 9999.0, 9999.0, 118.75, 122.75, 118.25, 101.75, 133.75
2023-04-06, 19:38:07, 131.0, 51.5, 19.0, 26.0, 9999.0, 1.5, 1.5, 19.75, 9999.0, 9999.0, 9999.0, 118.75, 122.75, 118.25, 101.75, 133.75
2023-04-06, 19:38:11, 131.0, 51.5, 19.0, 26.0, 9999.0, 1.25, 1.5, 19.75, 9999.0, 9999.0, 9999.0, 119.5, 122.75, 118.25, 101.75, 133.75
2023-04-06, 19:38:15, 131.0, 51.5, 19.0, 26.0, 9999.0, 1.25, 1.5, 19.75, 9999.0, 9999.0, 9999.0, 119.5, 122.75, 118.25, 101.75, 133.75
2023-04-06, 19:38:20, 131.0, 51.5, 19.0, 26.0, 9999.0, 1.5, 1.5, 19.75, 9999.0, 9999.0, 9999.0, 119.25, 122.75, 118.25, 102.0, 133.75
2023-04-06, 19:38:24, 131.0, 51.5, 19.0, 26.0, 9999.0, 1.25, 1.5, 19.75, 9999.0, 9999.0, 9999.0, 119.25, 122.75, 118.25, 102.0, 133.75
2023-04-06, 19:38:28, 131.0, 51.5, 19.0, 26.0, 9999.0, 1.25, 1.5, 19.75, 9999.0, 9999.0, 9999.0, 119.25, 122.75, 118.25, 101.75, 133.75
2023-04-06, 19:38:32, 131.0, 51.5, 18.75, 26.0, 9999.0, 1.25, 1.5, 19.75, 9999.0, 9999.0, 9999.0, 119.25, 122.75, 118.25, 102.0, 133.75
2023-04-06, 19:38:36, 131.0, 51.5, 19.0, 26.0, 9999.0, 1.25, 1.5, 19.75, 9999.0, 9999.0, 9999.0, 119.0, 122.75, 118.25, 102.0, 133.75
2023-04-06, 19:38:40, 131.0, 51.5, 19.0, 26.0, 9999.0, 1.25, 1.25, 19.75, 9999.0, 9999.0, 9999.0, 119.0, 123.0, 118.25, 102.0, 133.75
2023-04-06, 19:38:44, 131.0, 51.5, 19.0, 26.0, 9999.0, 1.25, 1.5, 19.5, 9999.0, 9999.0, 9999.0, 119.25, 123.0, 118.25, 102.0, 133.75
2023-04-06, 19:38:48, 131.25, 51.5, 19.0, 26.0, 9999.0, 1.25, 1.5, 19.75, 9999.0, 9999.0, 9999.0, 119.0, 123.0, 118.25, 102.0, 133.75
2023-04-06, 19:38:52, 131.0, 51.5, 19.0, 26.0, 9999.0, 1.25, 1.5, 19.75, 9999.0, 9999.0, 9999.0, 119.0, 123.0, 118.25, 102.0, 133.75
2023-04-06, 19:38:56, 131.0, 51.5, 19.0, 26.0, 9999.0, 1.25, 1.5, 19.75, 9999.0, 9999.0, 9999.0, 119.0, 123.0, 118.25, 102.0, 133.75
2023-04-06, 19:39:00, 131.0, 51.5, 19.0, 26.0, 9999.0, 1.0, 1.25, 19.75, 9999.0, 9999.0, 9999.0, 119.0, 123.0, 118.25, 101.75, 133.75
2023-04-06, 19:39:04, 131.0, 51.5, 19.0, 26.0, 9999.0, 1.0, 1.25, 19.75, 9999.0, 9999.0, 9999.0, 119.0, 123.0, 118.25, 101.75, 133.75
2023-04-06, 19:39:08, 131.0, 51.5, 19.0, 25.75, 9999.0, 1.0, 1.5, 19.75, 9999.0, 9999.0, 9999.0, 118.75, 123.0, 118.25, 101.75, 133.75
2023-04-06, 19:39:12, 131.0, 51.5, 19.0, 26.0, 9999.0, 1.0, 1.25, 19.75, 9999.0, 9999.0, 9999.0, 119.0, 123.0, 118.25, 101.75, 133.75
2023-04-06, 19:39:16, 131.0, 51.5, 19.0, 26.0, 9999.0, 1.25, 1.25, 19.75, 9999.0, 9999.0, 9999.0, 118.75, 123.0, 118.25, 102.0, 133.75
2023-04-06, 19:39:20, 131.0, 51.5, 19.0, 26.0, 9999.0, 1.25, 1.5, 19.75, 9999.0, 9999.0, 9999.0, 118.75, 123.0, 118.25, 101.75, 133.75
2023-04-06, 19:39:24, 131.0, 51.5, 19.0, 26.0, 9999.0, 1.5, 1.5, 19.75, 9999.0, 9999.0, 9999.0, 118.75, 122.75, 118.0, 101.75, 133.75
2023-04-06, 19:39:28, 131.0, 51.5, 19.0, 25.75, 9999.0, 1.5, 1.5, 19.75, 9999.0, 9999.0, 9999.0, 118.75, 122.75, 118.25, 101.75, 133.75
2023-04-06, 19:39:32, 131.25, 51.5, 19.0, 25.75, 9999.0, 1.25, 1.5, 19.75, 9999.0, 9999.0, 9999.0, 119.5, 123.0, 118.25, 102.0, 133.75
2023-04-06, 19:39:36, 131.0, 51.5, 19.0, 26.0, 9999.0, 1.5, 1.5, 19.75, 9999.0, 9999.0, 9999.0, 119.5, 122.75, 118.25, 101.75, 133.75
2023-04-06, 19:39:40, 131.0, 51.5, 19.0, 26.0, 9999.0, 1.25, 1.5, 19.75, 9999.0, 9999.0, 9999.0, 119.25, 122.75, 118.25, 101.75, 133.75
2023-04-06, 19:39:44, 131.25, 51.5, 19.0, 26.0, 9999.0, 1.25, 1.5, 19.75, 9999.0, 9999.0, 9999.0, 119.25, 123.0, 118.25, 101.75, 133.75
2023-04-06, 19:39:48, 131.0, 51.5, 19.0, 26.0, 9999.0, 1.25, 1.5, 19.75, 9999.0, 9999.0, 9999.0, 119.25, 122.75, 118.25, 101.75, 133.75
2023-04-06, 19:39:52, 131.0, 51.5, 19.0, 26.0, 9999.0, 1.25, 1.5, 19.75, 9999.0, 9999.0, 9999.0, 119.0, 122.75, 118.25, 101.75, 133.75
2023-04-06, 19:39:56, 131.25, 51.5, 19.0, 26.0, 9999.0, 1.25, 1.5, 19.75, 9999.0, 9999.0, 9999.0, 119.0, 122.75, 118.25, 101.75, 133.75
2023-04-06, 19:40:00, 131.0, 51.5, 19.0, 26.0, 9999.0, 1.25, 1.5, 19.75, 9999.0, 9999.0, 9999.0, 119.0, 123.0, 118.25, 101.75, 133.75
2023-04-06, 19:40:04, 131.0, 51.5, 19.0, 25.75, 9999.0, 1.25, 1.5, 19.75, 9999.0, 9999.0, 9999.0, 119.25, 123.0, 118.25, 102.0, 133.75
2023-04-06, 19:40:08, 131.0, 51.25, 19.0, 26.0, 9999.0, 1.25, 1.5, 19.75, 9999.0, 9999.0, 9999.0, 119.0, 123.0, 118.25, 101.75, 133.75
2023-04-06, 19:40:12, 131.0, 51.5, 19.0, 25.75, 9999.0, 1.0, 1.5, 19.5, 9999.0, 9999.0, 9999.0, 119.0, 123.0, 118.25, 102.0, 133.75
2023-04-06, 19:40:16, 131.0, 51.5, 19.0, 25.5, 9999.0, 1.25, 1.5, 19.75, 9999.0, 9999.0, 9999.0, 119.0, 123.0, 118.25, 102.0, 133.75
2023-04-06, 19:40:20, 131.0, 51.5, 19.0, 25.5, 9999.0, 1.0, 1.5, 19.75, 9999.0, 9999.0, 9999.0, 119.0, 123.0, 118.25, 102.0, 133.75
2023-04-06, 19:40:24, 131.0, 51.5, 19.0, 25.75, 9999.0, 1.0, 1.5, 19.75, 9999.0, 9999.0, 9999.0, 119.0, 123.0, 118.25, 101.75, 133.75
2023-04-06, 19:40:28, 131.0, 51.5, 18.75, 26.0, 9999.0, 1.0, 1.5, 19.75, 9999.0, 9999.0, 9999.0, 118.75, 123.0, 118.25, 101.75, 133.75
2023-04-06, 19:40:32, 131.0, 51.5, 18.75, 26.0, 9999.0, 1.0, 1.25, 19.75, 9999.0, 9999.0, 9999.0, 119.0, 123.0, 118.25, 102.0, 133.75
2023-04-06, 19:40:36, 131.0, 51.5, 18.75, 26.0, 9999.0, 1.25, 1.25, 19.75, 9999.0, 9999.0, 9999.0, 118.75, 123.0, 118.25, 101.75, 133.75
2023-04-06, 19:40:40, 131.0, 51.5, 18.75, 26.0, 9999.0, 1.25, 1.25, 19.75, 9999.0, 9999.0, 9999.0, 118.75, 122.75, 118.25, 101.75, 133.75
2023-04-06, 19:40:44, 131.0, 51.5, 19.0, 25.75, 9999.0, 1.25, 1.5, 19.5, 9999.0, 9999.0, 9999.0, 118.75, 123.0, 118.25, 101.75, 133.75
2023-04-06, 19:40:48, 131.0, 51.5, 19.0, 25.75, 9999.0, 1.25, 1.5, 19.75, 9999.0, 9999.0, 9999.0, 118.75, 122.75, 118.25, 101.75, 133.75
2023-04-06, 19:40:52, 131.0, 51.5, 18.75, 25.75, 9999.0, 1.25, 1.5, 19.75, 9999.0, 9999.0, 9999.0, 119.5, 123.0, 118.25, 101.75, 133.75
2023-04-06, 19:40:56, 131.0, 51.5, 18.75, 26.0, 9999.0, 1.25, 1.5, 19.75, 9999.0, 9999.0, 9999.0, 119.25, 122.75, 118.25, 101.75, 133.75
2023-04-06, 19:41:00, 131.0, 51.5, 19.0, 26.0, 9999.0, 1.25, 1.25, 19.75, 9999.0, 9999.0, 9999.0, 119.25, 123.0, 118.25, 102.0, 133.5
2023-04-06, 19:41:04, 131.0, 51.5, 18.75, 25.75, 9999.0, 1.25, 1.5, 19.75, 9999.0, 9999.0, 9999.0, 119.25, 123.0, 118.25, 101.75, 133.75
2023-04-06, 19:41:08, 131.0, 51.5, 18.75, 26.0, 9999.0, 1.25, 1.5, 19.75, 9999.0, 9999.0, 9999.0, 119.25, 122.75, 118.25, 101.75, 133.75
2023-04-06, 19:41:12, 131.0, 51.5, 19.0, 26.0, 9999.0, 1.25, 1.5, 19.75, 9999.0, 9999.0, 9999.0, 119.0, 122.75, 118.25, 101.75, 133.75
2023-04-06, 19:41:16, 131.0, 51.5, 19.0, 26.0, 9999.0, 1.25, 1.5, 19.5, 9999.0, 9999.0, 9999.0, 119.0, 122.75, 118.25, 102.0, 133.75
2023-04-06, 19:41:20, 131.0, 51.5, 19.0, 26.0, 9999.0, 1.25, 1.5, 19.5, 9999.0, 9999.0, 9999.0, 119.0, 123.0, 118.25, 101.75, 133.75
2023-04-06, 19:41:24, 131.0, 51.5, 19.0, 26.0, 9999.0, 1.25, 1.5, 19.5, 9999.0, 9999.0, 9999.0, 119.0, 123.0, 118.25, 101.75, 133.75
2023-04-06, 19:41:28, 131.0, 51.5, 19.0, 26.0, 9999.0, 1.25, 1.5, 19.75, 9999.0, 9999.0, 9999.0, 119.0, 123.0, 118.25, 101.75, 133.75
2023-04-06, 19:41:32, 131.0, 51.5, 19.0, 25.75, 9999.0, 1.25, 1.25, 19.75, 9999.0, 9999.0, 9999.0, 119.0, 123.0, 118.25, 101.75, 133.75
2023-04-06, 19:41:36, 131.0, 51.5, 19.0, 25.75, 9999.0, 1.0, 1.25, 19.75, 9999.0, 9999.0, 9999.0, 119.0, 123.0, 118.25, 101.75, 133.75
2023-04-06, 19:41:40, 131.0, 51.5, 19.0, 26.0, 9999.0, 1.0, 1.5, 19.75, 9999.0, 9999.0, 9999.0, 119.0, 123.0, 118.25, 101.75, 133.75
2023-04-06, 19:41:44, 131.0, 51.5, 18.75, 26.0, 9999.0, 1.0, 1.25, 19.75, 9999.0, 9999.0, 9999.0, 118.75, 123.0, 118.25, 102.0, 133.75
2023-04-06, 19:41:48, 131.0, 51.5, 18.75, 26.0, 9999.0, 1.0, 1.25, 19.5, 9999.0, 9999.0, 9999.0, 118.75, 123.0, 118.25, 101.75, 133.75
2023-04-06, 19:41:52, 131.0, 51.5, 18.75, 26.0, 9999.0, 1.0, 1.25, 19.5, 9999.0, 9999.0, 9999.0, 118.75, 123.0, 118.25, 101.75, 133.75
2023-04-06, 19:41:56, 131.0, 51.5, 19.0, 26.0, 9999.0, 1.25, 1.5, 19.75, 9999.0, 9999.0, 9999.0, 118.75, 123.0, 118.25, 101.75, 133.75
2023-04-06, 19:42:00, 131.0, 51.5, 19.0, 25.75, 9999.0, 1.25, 1.25, 19.5, 9999.0, 9999.0, 9999.0, 118.75, 123.0, 118.25, 101.75, 133.75
2023-04-06, 19:42:04, 131.0, 51.25, 18.75, 26.0, 9999.0, 1.5, 1.5, 19.75, 9999.0, 9999.0, 9999.0, 118.75, 123.0, 118.25, 101.75, 133.75
2023-04-06, 19:42:08, 131.0, 51.5, 19.0, 26.0, 9999.0, 1.5, 1.25, 19.75, 9999.0, 9999.0, 9999.0, 118.75, 123.0, 118.25, 101.75, 133.75
2023-04-06, 19:42:12, 131.0, 51.25, 19.0, 26.0, 9999.0, 1.25, 1.5, 19.75, 9999.0, 9999.0, 9999.0, 119.5, 123.0, 118.25, 101.75, 133.75
2023-04-06, 19:42:16, 131.0, 51.5, 18.75, 26.0, 9999.0, 1.25, 1.5, 19.75, 9999.0, 9999.0, 9999.0, 119.25, 123.0, 118.25, 101.75, 133.75
2023-04-06, 19:42:20, 131.0, 51.5, 18.75, 26.0, 9999.0, 1.25, 1.5, 19.5, 9999.0, 9999.0, 9999.0, 119.25, 122.75, 118.25, 101.75, 133.75
2023-04-06, 19:42:24, 131.0, 51.5, 18.75, 26.0, 9999.0, 1.25, 1.5, 19.75, 9999.0, 9999.0, 9999.0, 119.25, 122.75, 118.25, 101.75, 133.75
2023-04-06, 19:42:28, 131.0, 51.5, 18.75, 26.0, 9999.0, 1.25, 1.5, 19.75, 9999.0, 9999.0, 9999.0, 119.25, 122.75, 118.0, 101.75, 133.75
2023-04-06, 19:42:32, 131.0, 51.5, 19.0, 26.0, 9999.0, 1.25, 1.5, 19.5, 9999.0, 9999.0, 9999.0, 119.0, 122.75, 118.25, 101.75, 133.75
2023-04-06, 19:42:36, 131.0, 51.5, 19.0, 25.75, 9999.0, 1.25, 1.5, 19.5, 9999.0, 9999.0, 9999.0, 119.0, 122.75, 118.25, 101.75, 133.75
2023-04-06, 19:42:40, 131.0, 51.5, 18.75, 25.75, 9999.0, 1.25, 1.5, 19.75, 9999.0, 9999.0, 9999.0, 119.0, 123.0, 118.25, 101.75, 133.75
2023-04-06, 19:42:44, 131.0, 51.5, 18.75, 26.0, 9999.0, 1.0, 1.5, 19.75, 9999.0, 9999.0, 9999.0, 119.0, 123.0, 118.25, 101.75, 133.75
2023-04-06, 19:42:49, 131.0, 51.5, 19.0, 26.0, 9999.0, 1.25, 1.5, 19.75, 9999.0, 9999.0, 9999.0, 119.0, 123.0, 118.25, 101.75, 133.75
2023-04-06, 19:42:53, 131.0, 51.5, 18.75, 26.0, 9999.0, 1.0, 1.5, 19.5, 9999.0, 9999.0, 9999.0, 119.0, 123.0, 118.25, 101.75, 133.75
2023-04-06, 19:42:57, 131.0, 51.5, 18.75, 26.0, 9999.0, 1.0, 1.25, 19.75, 9999.0, 9999.0, 9999.0, 119.0, 123.0, 118.25, 101.75, 133.75
2023-04-06, 19:43:01, 131.0, 51.5, 18.75, 26.0, 9999.0, 1.0, 1.25, 19.75, 9999.0, 9999.0, 9999.0, 119.0, 123.0, 118.25, 101.75, 133.75
2023-04-06, 19:43:05, 131.0, 51.5, 18.75, 26.0, 9999.0, 1.0, 1.5, 19.5, 9999.0, 9999.0, 9999.0, 119.0, 123.0, 118.25, 101.75, 133.5
2023-04-06, 19:43:09, 131.0, 51.5, 19.0, 26.0, 9999.0, 1.0, 1.25, 19.5, 9999.0, 9999.0, 9999.0, 118.75, 123.0, 118.25, 101.75, 133.75
2023-04-06, 19:43:13, 131.0, 51.25, 18.75, 26.0, 9999.0, 1.25, 1.25, 19.75, 9999.0, 9999.0, 9999.0, 118.75, 123.0, 118.25, 101.75, 133.75
2023-04-06, 19:43:17, 131.0, 51.5, 19.0, 26.0, 9999.0, 1.25, 1.5, 19.5, 9999.0, 9999.0, 9999.0, 118.75, 123.0, 118.25, 101.75, 133.75
2023-04-06, 19:43:21, 131.0, 51.25, 18.75, 26.0, 9999.0, 1.25, 1.25, 19.75, 9999.0, 9999.0, 9999.0, 118.75, 123.0, 118.25, 101.75, 133.75
2023-04-06, 19:43:25, 131.0, 51.25, 18.75, 26.0, 9999.0, 1.25, 1.5, 19.75, 9999.0, 9999.0, 9999.0, 118.75, 122.75, 118.25, 101.75, 133.75
2023-04-06, 19:43:29, 131.0, 51.5, 19.0, 25.75, 9999.0, 1.25, 1.25, 19.75, 9999.0, 9999.0, 9999.0, 118.75, 122.75, 118.25, 101.75, 133.75
2023-04-06, 19:43:33, 131.0, 51.5, 19.0, 25.75, 9999.0, 1.25, 1.25, 19.75, 9999.0, 9999.0, 9999.0, 119.5, 123.0, 118.25, 101.75, 133.75
2023-04-06, 19:43:37, 131.0, 51.25, 18.75, 25.75, 9999.0, 1.25, 1.5, 19.75, 9999.0, 9999.0, 9999.0, 119.25, 123.0, 118.25, 101.75, 133.75
2023-04-06, 19:43:41, 131.0, 51.5, 19.0, 26.0, 9999.0, 1.25, 1.5, 19.75, 9999.0, 9999.0, 9999.0, 119.25, 123.0, 118.25, 101.75, 133.75
2023-04-06, 19:43:45, 131.0, 51.5, 19.0, 26.0, 9999.0, 1.25, 1.5, 19.75, 9999.0, 9999.0, 9999.0, 119.25, 122.75, 118.0, 101.75, 133.75
2023-04-06, 19:43:49, 131.0, 51.25, 18.75, 26.0, 9999.0, 1.25, 1.25, 19.75, 9999.0, 9999.0, 9999.0, 119.25, 123.0, 118.25, 101.75, 133.75
2023-04-06, 19:43:53, 131.0, 51.5, 18.75, 26.0, 9999.0, 1.25, 1.25, 19.5, 9999.0, 9999.0, 9999.0, 119.25, 123.0, 118.25, 101.75, 133.75
2023-04-06, 19:43:57, 131.0, 51.25, 18.75, 25.75, 9999.0, 1.0, 1.25, 19.5, 9999.0, 9999.0, 9999.0, 119.25, 122.75, 118.25, 101.75, 133.75
2023-04-06, 19:44:01, 131.0, 51.25, 19.0, 25.75, 9999.0, 1.0, 1.25, 19.5, 9999.0, 9999.0, 9999.0, 119.0, 123.0, 118.25, 101.75, 133.75
2023-04-06, 19:44:05, 131.0, 51.25, 18.75, 25.75, 9999.0, 1.0, 1.25, 19.5, 9999.0, 9999.0, 9999.0, 119.0, 123.0, 118.25, 101.75, 133.75
2023-04-06, 19:44:09, 131.0, 51.5, 18.75, 25.75, 9999.0, 1.0, 1.25, 19.75, 9999.0, 9999.0, 9999.0, 119.0, 123.0, 118.25, 101.75, 133.75
2023-04-06, 19:44:13, 131.0, 51.5, 19.0, 26.0, 9999.0, 1.0, 1.25, 19.5, 9999.0, 9999.0, 9999.0, 119.0, 123.0, 118.25, 101.75, 133.75
2023-04-06, 19:44:17, 131.0, 51.25, 19.0, 26.0, 9999.0, 1.0, 1.25, 19.5, 9999.0, 9999.0, 9999.0, 119.0, 123.0, 118.25, 101.75, 133.75
2023-04-06, 19:44:21, 131.0, 51.25, 19.0, 26.0, 9999.0, 1.0, 1.25, 19.75, 9999.0, 9999.0, 9999.0, 119.0, 123.0, 118.25, 101.75, 133.75
2023-04-06, 19:44:25, 131.0, 51.5, 18.75, 25.75, 9999.0, 1.0, 1.25, 19.5, 9999.0, 9999.0, 9999.0, 118.75, 123.0, 118.25, 101.75, 133.75
2023-04-06, 19:44:29, 131.0, 51.25, 19.0, 25.75, 9999.0, 1.0, 1.25, 19.5, 9999.0, 9999.0, 9999.0, 118.75, 123.0, 118.25, 101.75, 133.75
2023-04-06, 19:44:33, 131.0, 51.25, 18.5, 25.75, 9999.0, 1.0, 1.25, 19.5, 9999.0, 9999.0, 9999.0, 118.75, 123.0, 118.25, 101.75, 133.75
2023-04-06, 19:44:37, 131.0, 51.25, 18.75, 26.0, 9999.0, 1.25, 1.25, 19.5, 9999.0, 9999.0, 9999.0, 118.75, 123.0, 118.25, 101.75, 133.5
2023-04-06, 19:44:41, 131.0, 51.25, 18.75, 26.0, 9999.0, 1.25, 1.25, 19.5, 9999.0, 9999.0, 9999.0, 118.75, 123.0, 118.25, 101.75, 133.75
2023-04-06, 19:44:45, 131.0, 51.25, 18.75, 26.0, 9999.0, 1.25, 1.25, 19.5, 9999.0, 9999.0, 9999.0, 118.75, 122.75, 118.25, 101.75, 133.75
2023-04-06, 19:44:49, 131.0, 51.25, 18.75, 26.0, 9999.0, 1.25, 1.25, 19.75, 9999.0, 9999.0, 9999.0, 119.5, 123.0, 118.25, 101.75, 133.75
2023-04-06, 19:44:53, 131.0, 51.5, 19.0, 26.0, 9999.0, 1.25, 1.25, 19.5, 9999.0, 9999.0, 9999.0, 119.25, 123.0, 118.25, 101.75, 133.75
2023-04-06, 19:44:57, 131.0, 51.25, 19.0, 26.0, 9999.0, 1.25, 1.25, 19.5, 9999.0, 9999.0, 9999.0, 119.5, 123.0, 118.25, 101.75, 133.75
2023-04-06, 19:45:01, 131.0, 51.25, 18.75, 26.0, 9999.0, 1.25, 1.25, 19.5, 9999.0, 9999.0, 9999.0, 119.25, 122.75, 118.25, 101.75, 133.5
2023-04-06, 19:45:05, 131.0, 51.25, 19.0, 26.0, 9999.0, 1.0, 1.25, 19.5, 9999.0, 9999.0, 9999.0, 119.25, 122.75, 118.25, 101.75, 133.75
2023-04-06, 19:45:09, 131.0, 51.25, 19.0, 26.0, 9999.0, 1.0, 1.25, 19.5, 9999.0, 9999.0, 9999.0, 119.0, 122.75, 118.25, 102.0, 133.75
2023-04-06, 19:45:13, 131.0, 51.5, 18.75, 26.0, 9999.0, 1.0, 1.25, 19.5, 9999.0, 9999.0, 9999.0, 119.0, 122.75, 118.25, 101.75, 133.75
2023-04-06, 19:45:17, 131.0, 51.25, 18.75, 26.0, 9999.0, 1.0, 1.5, 19.5, 9999.0, 9999.0, 9999.0, 119.0, 122.75, 118.25, 101.75, 133.75
2023-04-06, 19:45:21, 131.0, 51.25, 18.75, 26.0, 9999.0, 1.0, 1.25, 19.5, 9999.0, 9999.0, 9999.0, 119.0, 123.0, 118.25, 101.75, 133.75
2023-04-06, 19:45:25, 131.0, 51.25, 18.75, 26.0, 9999.0, 1.0, 1.25, 19.5, 9999.0, 9999.0, 9999.0, 119.0, 123.0, 118.25, 102.0, 133.75
2023-04-06, 19:45:29, 131.0, 51.25, 18.75, 26.0, 9999.0, 1.0, 1.5, 19.5, 9999.0, 9999.0, 9999.0, 119.0, 123.0, 118.25, 101.75, 133.75
2023-04-06, 19:45:33, 131.0, 51.25, 18.75, 25.75, 9999.0, 1.0, 1.25, 19.5, 9999.0, 9999.0, 9999.0, 119.0, 123.0, 118.25, 101.75, 133.75
2023-04-06, 19:45:37, 131.0, 51.25, 19.0, 25.75, 9999.0, 1.0, 1.5, 19.75, 9999.0, 9999.0, 9999.0, 119.0, 123.0, 118.25, 101.75, 133.75
2023-04-06, 19:45:41, 131.0, 51.25, 19.0, 25.75, 9999.0, 1.0, 1.25, 19.5, 9999.0, 9999.0, 9999.0, 119.0, 123.0, 118.25, 101.75, 133.75
2023-04-06, 19:45:45, 131.0, 51.25, 18.75, 25.75, 9999.0, 1.0, 1.25, 19.5, 9999.0, 9999.0, 9999.0, 118.75, 123.0, 118.25, 101.75, 133.75
2023-04-06, 19:45:49, 131.0, 51.25, 18.75, 25.75, 9999.0, 1.0, 1.25, 19.75, 9999.0, 9999.0, 9999.0, 118.75, 123.0, 118.25, 101.75, 133.75
2023-04-06, 19:45:53, 131.0, 51.5, 18.75, 25.75, 9999.0, 1.25, 1.25, 19.75, 9999.0, 9999.0, 9999.0, 118.75, 123.0, 118.25, 102.0, 133.75
2023-04-06, 19:45:57, 131.0, 51.25, 18.75, 25.75, 9999.0, 1.0, 1.25, 19.5, 9999.0, 9999.0, 9999.0, 118.75, 123.0, 118.25, 102.0, 133.75
2023-04-06, 19:46:01, 131.0, 51.5, 18.75, 25.5, 9999.0, 1.25, 1.25, 19.75, 9999.0, 9999.0, 9999.0, 118.75, 123.0, 118.25, 102.0, 133.75
2023-04-06, 19:46:05, 131.0, 51.5, 18.75, 25.75, 9999.0, 1.25, 1.5, 19.5, 9999.0, 9999.0, 9999.0, 118.5, 123.0, 118.25, 102.0, 133.75
2023-04-06, 19:46:09, 131.0, 51.25, 18.75, 25.75, 9999.0, 1.25, 1.25, 19.75, 9999.0, 9999.0, 9999.0, 119.5, 123.0, 118.25, 102.0, 133.75
2023-04-06, 19:46:13, 131.0, 51.25, 19.0, 25.75, 9999.0, 1.25, 1.25, 19.5, 9999.0, 9999.0, 9999.0, 119.5, 123.0, 118.25, 102.0, 133.75
2023-04-06, 19:46:17, 131.0, 51.25, 19.0, 25.5, 9999.0, 1.25, 1.5, 19.75, 9999.0, 9999.0, 9999.0, 119.25, 122.75, 118.25, 102.0, 133.75
2023-04-06, 19:46:21, 131.0, 51.25, 19.0, 25.75, 9999.0, 1.25, 1.5, 19.5, 9999.0, 9999.0, 9999.0, 119.25, 123.0, 118.25, 102.0, 133.75
2023-04-06, 19:46:25, 131.0, 51.25, 19.0, 25.75, 9999.0, 1.25, 1.5, 19.75, 9999.0, 9999.0, 9999.0, 119.25, 122.75, 118.25, 102.0, 133.75
2023-04-06, 19:46:29, 131.0, 51.5, 18.75, 26.0, 9999.0, 1.25, 1.5, 19.75, 9999.0, 9999.0, 9999.0, 119.25, 122.75, 118.25, 102.0, 133.75
2023-04-06, 19:46:33, 131.0, 51.5, 19.0, 26.0, 9999.0, 1.25, 1.25, 19.5, 9999.0, 9999.0, 9999.0, 119.25, 122.75, 118.25, 102.0, 133.75
2023-04-06, 19:46:37, 131.0, 51.25, 19.0, 26.0, 9999.0, 1.0, 1.5, 19.75, 9999.0, 9999.0, 9999.0, 119.0, 123.0, 118.25, 102.0, 133.75
2023-04-06, 19:46:41, 131.0, 51.25, 18.75, 25.5, 9999.0, 1.25, 1.25, 19.5, 9999.0, 9999.0, 9999.0, 119.0, 123.0, 118.25, 102.0, 133.75
2023-04-06, 19:46:45, 131.0, 51.5, 18.75, 25.75, 9999.0, 1.0, 1.25, 19.75, 9999.0, 9999.0, 9999.0, 119.0, 123.0, 118.25, 102.0, 133.75
2023-04-06, 19:46:49, 131.0, 51.5, 19.0, 26.0, 9999.0, 1.0, 1.25, 19.75, 9999.0, 9999.0, 9999.0, 119.0, 123.0, 118.25, 102.0, 133.75
2023-04-06, 19:46:53, 131.0, 51.5, 18.75, 26.0, 9999.0, 1.0, 1.5, 19.5, 9999.0, 9999.0, 9999.0, 119.0, 123.0, 118.25, 102.0, 133.75
2023-04-06, 19:46:57, 131.0, 51.5, 18.75, 26.0, 9999.0, 1.0, 1.25, 19.75, 9999.0, 9999.0, 9999.0, 119.0, 123.0, 118.25, 102.0, 133.75
2023-04-06, 19:47:01, 131.0, 51.25, 18.75, 26.0, 9999.0, 1.0, 1.25, 19.75, 9999.0, 9999.0, 9999.0, 118.75, 123.0, 118.25, 102.0, 133.75
2023-04-06, 19:47:05, 131.0, 51.25, 18.75, 26.0, 9999.0, 1.0, 1.25, 19.5, 9999.0, 9999.0, 9999.0, 118.75, 123.0, 118.25, 102.0, 133.75
2023-04-06, 19:47:09, 131.0, 51.25, 19.0, 25.75, 9999.0, 1.0, 1.25, 19.75, 9999.0, 9999.0, 9999.0, 118.75, 123.0, 118.25, 102.0, 133.75
2023-04-06, 19:47:13, 131.0, 51.5, 19.0, 25.75, 9999.0, 1.25, 1.25, 19.75, 9999.0, 9999.0, 9999.0, 119.0, 123.0, 118.25, 102.0, 133.75
2023-04-06, 19:47:18, 131.0, 51.5, 19.0, 25.75, 9999.0, 1.0, 1.25, 19.5, 9999.0, 9999.0, 9999.0, 118.75, 123.0, 118.25, 102.0, 133.75
2023-04-06, 19:47:22, 131.0, 51.25, 19.0, 25.75, 9999.0, 1.25, 1.5, 19.5, 9999.0, 9999.0, 9999.0, 118.75, 123.0, 118.25, 102.0, 133.75
2023-04-06, 19:47:26, 131.0, 51.5, 19.0, 25.75, 9999.0, 1.5, 1.5, 19.75, 9999.0, 9999.0, 9999.0, 118.75, 123.0, 118.25, 102.0, 133.75
2023-04-06, 19:47:30, 131.0, 51.5, 18.75, 26.0, 9999.0, 1.25, 1.5, 19.75, 9999.0, 9999.0, 9999.0, 119.5, 123.0, 118.25, 102.0, 133.75
2023-04-06, 19:47:34, 131.0, 51.5, 18.75, 26.0, 9999.0, 1.25, 1.5, 19.75, 9999.0, 9999.0, 9999.0, 119.25, 123.0, 118.25, 102.0, 133.75
2023-04-06, 19:47:38, 131.0, 51.5, 19.0, 26.0, 9999.0, 1.25, 1.5, 19.75, 9999.0, 9999.0, 9999.0, 119.25, 122.75, 118.25, 102.0, 133.75
2023-04-06, 19:47:42, 131.0, 51.25, 19.0, 25.75, 9999.0, 1.25, 1.25, 19.75, 9999.0, 9999.0, 9999.0, 119.25, 122.75, 118.25, 102.0, 133.75
2023-04-06, 19:47:46, 131.0, 51.25, 19.0, 26.0, 9999.0, 1.25, 1.5, 19.5, 9999.0, 9999.0, 9999.0, 119.25, 122.75, 118.25, 102.0, 133.75
2023-04-06, 19:47:50, 131.0, 51.25, 18.75, 26.0, 9999.0, 1.25, 1.5, 19.75, 9999.0, 9999.0, 9999.0, 119.25, 122.75, 118.25, 102.0, 133.75
2023-04-06, 19:47:54, 131.0, 51.25, 18.75, 26.0, 9999.0, 1.25, 1.5, 19.75, 9999.0, 9999.0, 9999.0, 119.0, 122.75, 118.25, 102.0, 133.75
2023-04-06, 19:47:58, 131.0, 51.5, 18.75, 26.0, 9999.0, 1.0, 1.5, 19.5, 9999.0, 9999.0, 9999.0, 119.0, 123.0, 118.25, 102.0, 133.75
2023-04-06, 19:48:02, 131.0, 51.5, 18.75, 26.0, 9999.0, 1.0, 1.5, 19.5, 9999.0, 9999.0, 9999.0, 119.0, 123.0, 118.25, 101.75, 133.75
2023-04-06, 19:48:06, 131.0, 51.5, 18.75, 25.75, 9999.0, 1.0, 1.25, 19.75, 9999.0, 9999.0, 9999.0, 119.0, 123.0, 118.25, 101.75, 133.75
2023-04-06, 19:48:10, 131.0, 51.5, 18.75, 25.5, 9999.0, 1.0, 1.25, 19.75, 9999.0, 9999.0, 9999.0, 119.0, 123.0, 118.25, 101.75, 133.75
2023-04-06, 19:48:14, 131.0, 51.25, 18.75, 25.5, 9999.0, 1.0, 1.25, 19.75, 9999.0, 9999.0, 9999.0, 119.0, 123.0, 118.25, 101.75, 133.75
2023-04-06, 19:48:18, 131.0, 51.25, 18.75, 25.5, 9999.0, 1.0, 1.25, 19.75, 9999.0, 9999.0, 9999.0, 119.0, 123.0, 118.25, 102.0, 133.75
2023-04-06, 19:48:22, 131.0, 51.5, 18.75, 25.75, 9999.0, 1.0, 1.25, 19.5, 9999.0, 9999.0, 9999.0, 118.75, 123.0, 118.25, 101.75, 133.75
2023-04-06, 19:48:26, 131.0, 51.5, 18.75, 25.75, 9999.0, 1.0, 1.25, 19.5, 9999.0, 9999.0, 9999.0, 118.75, 123.0, 118.25, 102.0, 133.75
2023-04-06, 19:48:30, 131.0, 51.25, 18.75, 26.0, 9999.0, 1.0, 1.25, 19.5, 9999.0, 9999.0, 9999.0, 118.75, 123.0, 118.25, 102.0, 133.75
2023-04-06, 19:48:34, 131.0, 51.25, 18.75, 26.0, 9999.0, 1.25, 1.25, 19.75, 9999.0, 9999.0, 9999.0, 118.75, 123.0, 118.25, 101.75, 133.75
2023-04-06, 19:48:38, 131.0, 51.25, 18.75, 25.75, 9999.0, 1.25, 1.25, 19.5, 9999.0, 9999.0, 9999.0, 118.75, 123.0, 118.25, 102.0, 133.75
2023-04-06, 19:48:42, 131.0, 51.5, 19.0, 25.75, 9999.0, 1.25, 1.5, 19.5, 9999.0, 9999.0, 9999.0, 118.75, 123.0, 118.25, 101.75, 133.75
2023-04-06, 19:48:46, 131.0, 51.25, 18.75, 25.75, 9999.0, 1.25, 1.25, 19.5, 9999.0, 9999.0, 9999.0, 118.75, 123.0, 118.25, 102.0, 133.75
2023-04-06, 19:48:50, 131.0, 51.5, 18.75, 26.0, 9999.0, 1.25, 1.25, 19.75, 9999.0, 9999.0, 9999.0, 119.5, 123.0, 118.25, 101.75, 133.75
2023-04-06, 19:48:54, 131.0, 51.25, 18.75, 26.0, 9999.0, 1.25, 1.25, 19.75, 9999.0, 9999.0, 9999.0, 119.5, 123.0, 118.25, 101.75, 133.75
2023-04-06, 19:48:58, 131.0, 51.25, 18.75, 26.0, 9999.0, 1.25, 1.25, 19.5, 9999.0, 9999.0, 9999.0, 119.25, 123.0, 118.25, 102.0, 133.75
2023-04-06, 19:49:02, 131.0, 51.25, 19.0, 26.0, 9999.0, 1.25, 1.5, 19.5, 9999.0, 9999.0, 9999.0, 119.25, 123.0, 118.25, 102.0, 133.75
2023-04-06, 19:49:06, 131.0, 51.25, 18.75, 26.0, 9999.0, 1.25, 1.5, 19.5, 9999.0, 9999.0, 9999.0, 119.25, 123.0, 118.25, 101.75, 133.75
2023-04-06, 19:49:10, 131.0, 51.25, 19.0, 26.0, 9999.0, 1.25, 1.5, 19.75, 9999.0, 9999.0, 9999.0, 119.0, 123.0, 118.25, 102.0, 133.75
2023-04-06, 19:49:14, 131.0, 51.25, 19.0, 25.75, 9999.0, 1.0, 1.25, 19.5, 9999.0, 9999.0, 9999.0, 119.25, 122.75, 118.25, 102.0, 133.75
2023-04-06, 19:49:18, 131.0, 51.25, 19.0, 25.75, 9999.0, 1.0, 1.5, 19.5, 9999.0, 9999.0, 9999.0, 119.0, 123.0, 118.25, 102.0, 133.75
2023-04-06, 19:49:22, 131.0, 51.25, 19.0, 25.5, 9999.0, 1.0, 1.25, 19.5, 9999.0, 9999.0, 9999.0, 119.0, 123.0, 118.25, 102.0, 133.75
2023-04-06, 19:49:26, 131.0, 51.25, 19.0, 25.5, 9999.0, 1.0, 1.25, 19.5, 9999.0, 9999.0, 9999.0, 119.0, 123.0, 118.25, 102.0, 133.75
2023-04-06, 19:49:30, 131.0, 51.25, 19.0, 25.75, 9999.0, 1.0, 1.25, 19.5, 9999.0, 9999.0, 9999.0, 119.0, 123.0, 118.25, 102.0, 133.75
2023-04-06, 19:49:34, 131.0, 51.25, 18.75, 26.0, 9999.0, 1.0, 1.5, 19.5, 9999.0, 9999.0, 9999.0, 119.0, 123.0, 118.25, 102.0, 133.75
2023-04-06, 19:49:38, 131.0, 51.25, 18.75, 26.0, 9999.0, 1.0, 1.25, 19.5, 9999.0, 9999.0, 9999.0, 119.0, 123.0, 118.25, 101.75, 133.75
2023-04-06, 19:49:42, 131.0, 51.25, 18.75, 26.0, 9999.0, 1.0, 1.25, 19.5, 9999.0, 9999.0, 9999.0, 119.0, 123.0, 118.25, 101.75, 133.75
2023-04-06, 19:49:46, 131.0, 51.5, 18.75, 26.0, 9999.0, 1.0, 1.25, 19.5, 9999.0, 9999.0, 9999.0, 118.75, 123.0, 118.25, 101.75, 133.75
2023-04-06, 19:49:50, 131.0, 51.25, 18.75, 26.0, 9999.0, 1.0, 1.25, 19.5, 9999.0, 9999.0, 9999.0, 118.75, 123.0, 118.25, 102.0, 133.75
2023-04-06, 19:49:54, 131.0, 51.25, 18.75, 26.0, 9999.0, 1.25, 1.25, 19.5, 9999.0, 9999.0, 9999.0, 119.0, 123.0, 118.25, 101.75, 133.75
2023-04-06, 19:49:58, 131.0, 51.25, 18.75, 26.0, 9999.0, 1.25, 1.25, 19.5, 9999.0, 9999.0, 9999.0, 118.75, 122.75, 118.25, 101.75, 133.75
2023-04-06, 19:50:02, 131.0, 51.25, 18.75, 25.75, 9999.0, 1.0, 1.25, 19.5, 9999.0, 9999.0, 9999.0, 118.75, 123.0, 118.25, 102.0, 133.75
2023-04-06, 19:50:06, 131.0, 51.25, 18.75, 25.75, 9999.0, 1.25, 1.25, 19.5, 9999.0, 9999.0, 9999.0, 118.75, 123.0, 118.25, 102.0, 133.75
2023-04-06, 19:50:10, 131.0, 51.25, 18.75, 25.75, 9999.0, 1.25, 1.25, 19.5, 9999.0, 9999.0, 9999.0, 119.5, 122.75, 118.25, 101.75, 133.75
2023-04-06, 19:50:14, 131.0, 51.25, 18.75, 25.75, 9999.0, 1.25, 1.25, 19.5, 9999.0, 9999.0, 9999.0, 119.25, 123.0, 118.25, 101.75, 133.5
2023-04-06, 19:50:18, 131.0, 51.25, 18.75, 25.5, 9999.0, 1.25, 1.25, 19.5, 9999.0, 9999.0, 9999.0, 119.25, 123.0, 118.25, 102.0, 133.75
2023-04-06, 19:50:22, 131.0, 51.25, 18.75, 25.75, 9999.0, 1.25, 1.25, 19.5, 9999.0, 9999.0, 9999.0, 119.25, 122.75, 118.25, 102.0, 133.75
2023-04-06, 19:50:26, 131.0, 51.25, 18.75, 25.75, 9999.0, 1.25, 1.25, 19.5, 9999.0, 9999.0, 9999.0, 119.25, 122.75, 118.25, 102.0, 133.5
2023-04-06, 19:50:30, 130.5, 51.25, 18.75, 25.75, 9999.0, 1.25, 1.25, 19.5, 9999.0, 9999.0, 9999.0, 119.25, 122.75, 118.25, 102.0, 133.75
2023-04-06, 19:50:34, 131.0, 51.25, 18.75, 26.0, 9999.0, 1.0, 1.25, 19.5, 9999.0, 9999.0, 9999.0, 119.0, 122.75, 118.25, 101.75, 133.75
2023-04-06, 19:50:38, 131.0, 51.25, 18.75, 26.0, 9999.0, 1.0, 1.25, 19.5, 9999.0, 9999.0, 9999.0, 119.0, 122.75, 118.25, 101.75, 133.75
2023-04-06, 19:50:42, 131.0, 51.25, 18.75, 26.0, 9999.0, 1.0, 1.25, 19.5, 9999.0, 9999.0, 9999.0, 119.0, 123.0, 118.25, 101.75, 133.75
2023-04-06, 19:50:46, 131.0, 51.25, 18.75, 26.0, 9999.0, 1.25, 1.25, 19.5, 9999.0, 9999.0, 9999.0, 119.25, 123.0, 118.25, 101.75, 133.75
2023-04-06, 19:50:50, 131.0, 51.25, 18.75, 26.0, 9999.0, 1.0, 1.25, 19.5, 9999.0, 9999.0, 9999.0, 119.0, 123.0, 118.25, 101.75, 133.75
2023-04-06, 19:50:54, 131.0, 51.25, 19.0, 25.75, 9999.0, 1.0, 1.25, 19.5, 9999.0, 9999.0, 9999.0, 119.0, 123.0, 118.25, 101.75, 133.75
2023-04-06, 19:50:58, 131.0, 51.25, 18.75, 25.75, 9999.0, 1.0, 1.25, 19.5, 9999.0, 9999.0, 9999.0, 119.0, 123.0, 118.25, 102.0, 133.75
2023-04-06, 19:51:02, 131.0, 51.25, 18.75, 26.0, 9999.0, 1.0, 1.25, 19.5, 9999.0, 9999.0, 9999.0, 119.0, 123.0, 118.25, 101.75, 133.75
2023-04-06, 19:51:06, 131.0, 51.25, 18.75, 26.0, 9999.0, 0.75, 1.25, 19.5, 9999.0, 9999.0, 9999.0, 118.75, 123.0, 118.25, 102.0, 133.75
2023-04-06, 19:51:10, 131.0, 51.25, 18.75, 25.75, 9999.0, 1.0, 1.25, 19.5, 9999.0, 9999.0, 9999.0, 118.75, 123.0, 118.25, 101.75, 133.75
2023-04-06, 19:51:14, 131.0, 51.25, 18.75, 25.75, 9999.0, 1.25, 1.25, 19.5, 9999.0, 9999.0, 9999.0, 119.0, 123.0, 118.25, 101.75, 133.75
2023-04-06, 19:51:18, 131.0, 51.25, 18.75, 25.75, 9999.0, 1.0, 1.25, 19.5, 9999.0, 9999.0, 9999.0, 118.75, 122.75, 118.25, 101.75, 133.75
2023-04-06, 19:51:22, 131.0, 51.25, 18.75, 25.75, 9999.0, 1.0, 1.25, 19.5, 9999.0, 9999.0, 9999.0, 118.75, 123.0, 118.25, 101.75, 133.75
2023-04-06, 19:51:26, 131.0, 51.25, 18.75, 25.75, 9999.0, 1.25, 1.25, 19.5, 9999.0, 9999.0, 9999.0, 118.75, 122.75, 118.25, 101.75, 133.75
2023-04-06, 19:51:30, 131.0, 51.25, 18.75, 25.75, 9999.0, 1.25, 1.25, 19.5, 9999.0, 9999.0, 9999.0, 119.5, 122.75, 118.25, 101.75, 133.75
2023-04-06, 19:51:34, 131.0, 51.25, 18.75, 25.75, 9999.0, 1.25, 1.25, 19.5, 9999.0, 9999.0, 9999.0, 119.5, 122.75, 118.25, 101.75, 133.75
2023-04-06, 19:51:38, 131.0, 51.25, 18.75, 25.75, 9999.0, 1.25, 1.25, 19.5, 9999.0, 9999.0, 9999.0, 119.25, 122.75, 118.25, 101.75, 133.5
2023-04-06, 19:51:43, 131.0, 51.25, 18.75, 25.75, 9999.0, 1.25, 1.25, 19.5, 9999.0, 9999.0, 9999.0, 119.25, 122.75, 118.25, 101.75, 133.75
2023-04-06, 19:51:47, 131.0, 51.25, 18.75, 25.75, 9999.0, 1.25, 1.25, 19.5, 9999.0, 9999.0, 9999.0, 119.0, 122.75, 118.25, 101.75, 133.75
2023-04-06, 19:51:51, 131.0, 51.25, 18.75, 25.75, 9999.0, 1.0, 1.25, 19.5, 9999.0, 9999.0, 9999.0, 119.25, 122.75, 118.25, 101.75, 133.75
2023-04-06, 19:51:55, 130.75, 51.25, 18.75, 25.75, 9999.0, 1.0, 1.25, 19.5, 9999.0, 9999.0, 9999.0, 119.25, 122.75, 118.25, 101.75, 133.75
2023-04-06, 19:51:59, 131.0, 51.25, 18.75, 26.0, 9999.0, 1.0, 1.25, 19.5, 9999.0, 9999.0, 9999.0, 119.0, 122.75, 118.25, 101.75, 133.75
2023-04-06, 19:52:03, 131.0, 51.25, 18.75, 25.5, 9999.0, 1.0, 1.25, 19.5, 9999.0, 9999.0, 9999.0, 119.0, 123.0, 118.25, 101.75, 133.5
2023-04-06, 19:52:07, 131.0, 51.25, 18.75, 25.75, 9999.0, 1.0, 1.25, 19.5, 9999.0, 9999.0, 9999.0, 119.0, 123.0, 118.25, 101.75, 133.75
2023-04-06, 19:52:11, 131.0, 51.25, 18.75, 25.75, 9999.0, 1.0, 1.25, 19.5, 9999.0, 9999.0, 9999.0, 119.0, 123.0, 118.25, 102.0, 133.75
2023-04-06, 19:52:15, 131.0, 51.25, 19.0, 25.75, 9999.0, 1.0, 1.25, 19.5, 9999.0, 9999.0, 9999.0, 119.0, 123.0, 118.25, 101.75, 133.75
2023-04-06, 19:52:19, 131.0, 51.25, 18.75, 25.75, 9999.0, 1.0, 1.25, 19.5, 9999.0, 9999.0, 9999.0, 119.0, 123.0, 118.25, 101.75, 133.75
2023-04-06, 19:52:23, 131.0, 51.25, 18.75, 25.75, 9999.0, 1.0, 1.25, 19.5, 9999.0, 9999.0, 9999.0, 118.75, 123.0, 118.25, 102.0, 133.75
2023-04-06, 19:52:27, 131.0, 51.25, 18.75, 25.75, 9999.0, 0.75, 1.25, 19.5, 9999.0, 9999.0, 9999.0, 118.75, 123.0, 118.25, 102.0, 133.5
2023-04-06, 19:52:31, 131.0, 51.25, 18.75, 25.75, 9999.0, 0.75, 1.25, 19.5, 9999.0, 9999.0, 9999.0, 118.75, 123.0, 118.25, 101.75, 133.75
2023-04-06, 19:52:35, 131.0, 51.25, 18.75, 25.75, 9999.0, 0.75, 1.25, 19.5, 9999.0, 9999.0, 9999.0, 118.75, 123.0, 118.25, 101.75, 133.75
2023-04-06, 19:52:39, 131.0, 51.25, 18.75, 26.0, 9999.0, 1.0, 1.25, 19.5, 9999.0, 9999.0, 9999.0, 118.75, 122.75, 118.25, 101.75, 133.75
2023-04-06, 19:52:43, 131.0, 51.25, 18.75, 26.0, 9999.0, 1.0, 1.25, 19.5, 9999.0, 9999.0, 9999.0, 118.75, 122.75, 118.25, 102.0, 133.75
2023-04-06, 19:52:47, 131.0, 51.25, 18.75, 26.0, 9999.0, 1.25, 1.25, 19.5, 9999.0, 9999.0, 9999.0, 118.75, 122.75, 118.25, 101.75, 133.75
2023-04-06, 19:52:51, 131.0, 51.25, 18.75, 26.0, 9999.0, 1.25, 1.25, 19.5, 9999.0, 9999.0, 9999.0, 118.5, 122.75, 118.25, 101.75, 133.75
2023-04-06, 19:52:55, 131.0, 51.25, 18.75, 26.0, 9999.0, 1.25, 1.25, 19.5, 9999.0, 9999.0, 9999.0, 119.5, 123.0, 118.25, 102.0, 133.75
2023-04-06, 19:52:59, 130.75, 51.25, 18.75, 25.75, 9999.0, 1.25, 1.25, 19.5, 9999.0, 9999.0, 9999.0, 119.25, 122.75, 118.25, 101.75, 133.75
2023-04-06, 19:53:03, 131.0, 51.25, 18.5, 25.5, 9999.0, 1.25, 1.25, 19.5, 9999.0, 9999.0, 9999.0, 119.25, 122.75, 118.25, 102.0, 133.75
2023-04-06, 19:53:07, 131.0, 51.25, 18.75, 25.75, 9999.0, 1.25, 1.25, 19.5, 9999.0, 9999.0, 9999.0, 119.25, 123.0, 118.25, 102.0, 133.75
2023-04-06, 19:53:11, 131.0, 51.25, 18.75, 25.5, 9999.0, 1.0, 1.25, 19.5, 9999.0, 9999.0, 9999.0, 119.25, 123.0, 118.25, 101.75, 133.75
2023-04-06, 19:53:15, 131.0, 51.25, 18.75, 25.5, 9999.0, 1.0, 1.25, 19.5, 9999.0, 9999.0, 9999.0, 119.0, 122.75, 118.25, 101.75, 133.75
2023-04-06, 19:53:19, 131.0, 51.25, 18.75, 25.5, 9999.0, 1.0, 1.25, 19.5, 9999.0, 9999.0, 9999.0, 119.0, 122.75, 118.25, 101.75, 133.5
2023-04-06, 19:53:23, 131.0, 51.25, 18.75, 25.75, 9999.0, 1.0, 1.25, 19.5, 9999.0, 9999.0, 9999.0, 119.0, 123.0, 118.25, 101.75, 133.75
2023-04-06, 19:53:27, 131.0, 51.25, 18.75, 25.75, 9999.0, 1.0, 1.25, 19.5, 9999.0, 9999.0, 9999.0, 119.0, 123.0, 118.25, 102.0, 133.75
2023-04-06, 19:53:31, 130.75, 51.25, 19.0, 25.75, 9999.0, 1.0, 1.25, 19.5, 9999.0, 9999.0, 9999.0, 119.0, 123.0, 118.25, 101.75, 133.75
2023-04-06, 19:53:35, 131.0, 51.25, 19.0, 25.75, 9999.0, 1.0, 1.25, 19.5, 9999.0, 9999.0, 9999.0, 119.0, 123.0, 118.25, 101.75, 133.75
2023-04-06, 19:53:39, 130.75, 51.25, 18.75, 26.0, 9999.0, 1.0, 1.25, 19.5, 9999.0, 9999.0, 9999.0, 119.0, 123.0, 118.25, 101.75, 133.75
2023-04-06, 19:53:43, 131.0, 51.25, 18.75, 25.75, 9999.0, 1.0, 1.25, 19.5, 9999.0, 9999.0, 9999.0, 119.0, 123.0, 118.25, 101.75, 133.75
2023-04-06, 19:53:47, 131.0, 51.25, 18.75, 25.75, 9999.0, 1.0, 1.25, 19.5, 9999.0, 9999.0, 9999.0, 118.75, 123.0, 118.25, 101.75, 133.75
2023-04-06, 19:53:51, 131.0, 51.25, 18.75, 26.0, 9999.0, 0.75, 1.25, 19.5, 9999.0, 9999.0, 9999.0, 119.0, 123.0, 118.25, 101.75, 133.75
2023-04-06, 19:53:55, 131.0, 51.25, 18.75, 26.0, 9999.0, 0.75, 1.25, 19.5, 9999.0, 9999.0, 9999.0, 118.75, 123.0, 118.25, 101.75, 133.75
2023-04-06, 19:53:59, 131.0, 51.25, 18.75, 26.0, 9999.0, 1.0, 1.25, 19.5, 9999.0, 9999.0, 9999.0, 118.75, 123.0, 118.25, 101.75, 133.5
2023-04-06, 19:54:03, 131.0, 51.25, 18.75, 26.0, 9999.0, 1.0, 1.25, 19.5, 9999.0, 9999.0, 9999.0, 118.75, 123.0, 118.25, 101.75, 133.75
2023-04-06, 19:54:07, 131.0, 51.25, 18.75, 26.0, 9999.0, 1.25, 1.25, 19.5, 9999.0, 9999.0, 9999.0, 118.75, 123.0, 118.25, 102.0, 133.75
2023-04-06, 19:54:11, 131.0, 51.25, 18.75, 25.75, 9999.0, 1.25, 1.25, 19.5, 9999.0, 9999.0, 9999.0, 118.75, 123.0, 118.25, 101.75, 133.75
2023-04-06, 19:54:15, 131.0, 51.25, 18.75, 26.0, 9999.0, 1.25, 1.25, 19.5, 9999.0, 9999.0, 9999.0, 119.5, 122.75, 118.25, 101.75, 133.75
2023-04-06, 19:54:19, 131.0, 51.25, 19.0, 26.0, 9999.0, 1.25, 1.25, 19.5, 9999.0, 9999.0, 9999.0, 119.25, 122.75, 118.25, 101.75, 133.75
2023-04-06, 19:54:23, 131.0, 51.25, 18.75, 25.75, 9999.0, 1.25, 1.25, 19.5, 9999.0, 9999.0, 9999.0, 119.25, 123.0, 118.25, 101.75, 133.75
2023-04-06, 19:54:27, 131.0, 51.25, 18.75, 25.75, 9999.0, 1.0, 1.25, 19.5, 9999.0, 9999.0, 9999.0, 119.25, 122.75, 118.25, 102.0, 133.5
2023-04-06, 19:54:31, 130.75, 51.25, 18.75, 25.75, 9999.0, 1.25, 1.25, 19.5, 9999.0, 9999.0, 9999.0, 119.0, 122.75, 118.25, 101.75, 133.5
2023-04-06, 19:54:35, 130.75, 51.25, 18.75, 25.75, 9999.0, 1.0, 1.25, 19.5, 9999.0, 9999.0, 9999.0, 119.25, 122.75, 118.25, 101.75, 133.5
2023-04-06, 19:54:39, 131.0, 51.25, 18.75, 25.75, 9999.0, 1.0, 1.25, 19.5, 9999.0, 9999.0, 9999.0, 119.25, 122.75, 118.25, 102.0, 133.75
2023-04-06, 19:54:43, 131.0, 51.25, 18.75, 25.5, 9999.0, 1.0, 1.25, 19.5, 9999.0, 9999.0, 9999.0, 119.0, 123.0, 118.25, 101.75, 133.75
2023-04-06, 19:54:47, 131.0, 51.25, 18.5, 25.5, 9999.0, 1.0, 1.25, 19.5, 9999.0, 9999.0, 9999.0, 119.0, 123.0, 118.25, 101.75, 133.5
2023-04-06, 19:54:51, 130.75, 51.25, 18.75, 25.75, 9999.0, 1.0, 1.25, 19.5, 9999.0, 9999.0, 9999.0, 119.0, 123.0, 118.25, 101.75, 133.75
2023-04-06, 19:54:55, 131.0, 51.25, 18.75, 25.75, 9999.0, 1.0, 1.25, 19.5, 9999.0, 9999.0, 9999.0, 119.0, 123.0, 118.25, 101.75, 133.75
2023-04-06, 19:54:59, 131.0, 51.25, 18.75, 26.0, 9999.0, 0.75, 1.25, 19.5, 9999.0, 9999.0, 9999.0, 119.0, 123.0, 118.25, 101.75, 133.75
2023-04-06, 19:55:03, 131.0, 51.25, 18.75, 26.0, 9999.0, 1.0, 1.25, 19.5, 9999.0, 9999.0, 9999.0, 119.0, 123.0, 118.25, 101.75, 133.75
2023-04-06, 19:55:07, 131.0, 51.25, 18.75, 25.75, 9999.0, 0.75, 1.25, 19.5, 9999.0, 9999.0, 9999.0, 119.0, 123.0, 118.25, 102.0, 133.75
2023-04-06, 19:55:11, 131.0, 51.25, 18.75, 25.75, 9999.0, 0.75, 1.25, 19.5, 9999.0, 9999.0, 9999.0, 119.0, 123.0, 118.25, 101.75, 133.75
2023-04-06, 19:55:15, 131.0, 51.25, 18.75, 25.75, 9999.0, 0.75, 1.25, 19.5, 9999.0, 9999.0, 9999.0, 118.75, 123.0, 118.25, 101.75, 133.5
2023-04-06, 19:55:19, 131.0, 51.25, 18.75, 25.75, 9999.0, 1.0, 1.25, 19.5, 9999.0, 9999.0, 9999.0, 118.75, 123.0, 118.25, 101.75, 133.75
2023-04-06, 19:55:23, 131.0, 51.25, 18.75, 26.0, 9999.0, 1.0, 1.25, 19.5, 9999.0, 9999.0, 9999.0, 118.75, 123.0, 118.25, 101.75, 133.75
2023-04-06, 19:55:27, 130.75, 51.25, 18.75, 26.0, 9999.0, 1.25, 1.25, 19.5, 9999.0, 9999.0, 9999.0, 118.75, 123.0, 118.25, 101.75, 133.75
2023-04-06, 19:55:31, 131.0, 51.25, 18.75, 25.75, 9999.0, 1.25, 1.25, 19.5, 9999.0, 9999.0, 9999.0, 118.5, 122.75, 118.25, 101.75, 133.75
2023-04-06, 19:55:35, 131.0, 51.25, 18.75, 25.75, 9999.0, 1.25, 1.25, 19.5, 9999.0, 9999.0, 9999.0, 119.25, 122.75, 118.25, 101.75, 133.75
2023-04-06, 19:55:39, 131.0, 51.25, 18.75, 26.0, 9999.0, 1.25, 1.25, 19.5, 9999.0, 9999.0, 9999.0, 119.25, 122.75, 118.25, 101.75, 133.75
2023-04-06, 19:55:43, 131.0, 51.25, 18.75, 26.0, 9999.0, 1.0, 1.25, 19.5, 9999.0, 9999.0, 9999.0, 119.25, 122.75, 118.25, 101.75, 133.75
2023-04-06, 19:55:47, 131.0, 51.25, 18.75, 26.0, 9999.0, 1.0, 1.25, 19.5, 9999.0, 9999.0, 9999.0, 119.25, 123.0, 118.25, 102.0, 133.75
2023-04-06, 19:55:51, 131.0, 51.25, 18.75, 25.75, 9999.0, 1.25, 1.25, 19.5, 9999.0, 9999.0, 9999.0, 119.25, 122.75, 118.25, 102.0, 133.75
2023-04-06, 19:55:55, 131.0, 51.25, 18.75, 25.75, 9999.0, 1.0, 1.25, 19.5, 9999.0, 9999.0, 9999.0, 119.25, 122.75, 118.25, 102.0, 133.75
2023-04-06, 19:55:59, 131.0, 51.25, 19.0, 26.0, 9999.0, 1.25, 1.25, 19.5, 9999.0, 9999.0, 9999.0, 119.0, 122.75, 118.25, 102.0, 133.5
2023-04-06, 19:56:03, 131.0, 51.25, 18.75, 26.0, 9999.0, 1.0, 1.25, 19.5, 9999.0, 9999.0, 9999.0, 119.0, 123.0, 118.25, 102.0, 133.75
2023-04-06, 19:56:07, 131.0, 51.25, 18.75, 26.0, 9999.0, 1.0, 1.25, 19.5, 9999.0, 9999.0, 9999.0, 119.25, 123.0, 118.25, 102.0, 133.75
2023-04-06, 19:56:12, 131.0, 51.25, 19.0, 26.0, 9999.0, 1.0, 1.25, 19.5, 9999.0, 9999.0, 9999.0, 119.0, 123.0, 118.5, 102.0, 133.75
2023-04-06, 19:56:16, 131.0, 51.25, 19.0, 26.0, 9999.0, 1.0, 1.25, 19.5, 9999.0, 9999.0, 9999.0, 119.0, 123.0, 118.25, 102.0, 133.75
2023-04-06, 19:56:20, 131.0, 51.25, 18.75, 26.0, 9999.0, 1.0, 1.25, 19.5, 9999.0, 9999.0, 9999.0, 119.0, 123.0, 118.25, 102.0, 133.75
2023-04-06, 19:56:24, 131.0, 51.25, 18.5, 26.0, 9999.0, 1.0, 1.25, 19.5, 9999.0, 9999.0, 9999.0, 119.0, 123.0, 118.25, 102.0, 133.75
2023-04-06, 19:56:28, 131.0, 51.25, 18.5, 26.0, 9999.0, 1.0, 1.25, 19.5, 9999.0, 9999.0, 9999.0, 119.0, 123.0, 118.25, 102.0, 133.75
2023-04-06, 19:56:32, 131.0, 51.25, 18.75, 26.0, 9999.0, 1.0, 1.25, 19.5, 9999.0, 9999.0, 9999.0, 119.0, 123.0, 118.25, 102.0, 133.75
2023-04-06, 19:56:36, 131.0, 51.25, 18.75, 26.0, 9999.0, 0.75, 1.25, 19.5, 9999.0, 9999.0, 9999.0, 118.75, 123.0, 118.25, 102.0, 133.75
2023-04-06, 19:56:40, 131.0, 51.25, 18.75, 26.0, 9999.0, 1.25, 1.25, 19.5, 9999.0, 9999.0, 9999.0, 118.75, 122.75, 118.25, 102.0, 133.75
2023-04-06, 19:56:44, 131.0, 51.25, 18.75, 26.0, 9999.0, 1.0, 1.25, 19.5, 9999.0, 9999.0, 9999.0, 118.75, 123.0, 118.25, 102.0, 133.75
2023-04-06, 19:56:48, 131.0, 51.25, 18.75, 26.0, 9999.0, 1.25, 1.25, 19.5, 9999.0, 9999.0, 9999.0, 118.75, 123.0, 118.25, 102.0, 133.75
2023-04-06, 19:56:52, 131.0, 51.25, 18.75, 25.75, 9999.0, 1.25, 1.25, 19.5, 9999.0, 9999.0, 9999.0, 118.75, 123.0, 118.25, 102.0, 133.75
2023-04-06, 19:56:56, 131.0, 51.25, 18.75, 25.75, 9999.0, 1.25, 1.25, 19.5, 9999.0, 9999.0, 9999.0, 119.25, 123.0, 118.25, 102.0, 133.75
2023-04-06, 19:57:00, 131.0, 51.25, 18.75, 25.75, 9999.0, 1.25, 1.25, 19.5, 9999.0, 9999.0, 9999.0, 119.25, 123.0, 118.25, 102.0, 133.75
2023-04-06, 19:57:04, 131.0, 51.25, 18.75, 25.75, 9999.0, 1.25, 1.25, 19.75, 9999.0, 9999.0, 9999.0, 119.25, 123.0, 118.25, 102.0, 133.75
2023-04-06, 19:57:08, 131.0, 51.25, 18.75, 26.0, 9999.0, 1.25, 1.5, 19.5, 9999.0, 9999.0, 9999.0, 119.25, 122.75, 118.25, 102.0, 133.75
2023-04-06, 19:57:12, 131.0, 51.25, 18.75, 26.0, 9999.0, 1.25, 1.5, 19.5, 9999.0, 9999.0, 9999.0, 119.25, 122.75, 118.25, 102.0, 133.75
2023-04-06, 19:57:16, 131.0, 51.25, 18.75, 26.0, 9999.0, 1.25, 1.25, 19.5, 9999.0, 9999.0, 9999.0, 119.25, 122.75, 118.25, 102.0, 133.75
2023-04-06, 19:57:20, 131.0, 51.25, 18.75, 26.0, 9999.0, 1.0, 1.25, 19.5, 9999.0, 9999.0, 9999.0, 119.25, 122.75, 118.25, 102.0, 133.75
2023-04-06, 19:57:24, 131.0, 51.25, 18.75, 25.75, 9999.0, 1.0, 1.25, 19.75, 9999.0, 9999.0, 9999.0, 119.0, 123.0, 118.25, 102.0, 133.75
2023-04-06, 19:57:28, 131.0, 51.25, 19.0, 25.75, 9999.0, 1.0, 1.25, 19.75, 9999.0, 9999.0, 9999.0, 119.25, 123.0, 118.25, 102.0, 133.75
2023-04-06, 19:57:32, 131.0, 51.5, 19.0, 25.75, 9999.0, 1.0, 1.25, 19.5, 9999.0, 9999.0, 9999.0, 119.0, 123.0, 118.25, 102.0, 133.75
2023-04-06, 19:57:36, 131.0, 51.5, 19.0, 26.0, 9999.0, 1.0, 1.25, 19.5, 9999.0, 9999.0, 9999.0, 119.0, 123.0, 118.25, 102.0, 133.75
2023-04-06, 19:57:40, 131.0, 51.25, 19.0, 26.0, 9999.0, 1.0, 1.25, 19.5, 9999.0, 9999.0, 9999.0, 119.0, 123.0, 118.25, 102.0, 133.75
2023-04-06, 19:57:44, 131.0, 51.25, 19.0, 26.0, 9999.0, 1.0, 1.25, 19.5, 9999.0, 9999.0, 9999.0, 119.0, 123.0, 118.25, 102.0, 133.75
2023-04-06, 19:57:48, 131.0, 51.25, 19.0, 26.0, 9999.0, 1.0, 1.25, 19.5, 9999.0, 9999.0, 9999.0, 119.0, 123.0, 118.25, 102.0, 133.75
2023-04-06, 19:57:52, 131.0, 51.25, 19.0, 26.0, 9999.0, 1.0, 1.25, 19.5, 9999.0, 9999.0, 9999.0, 119.0, 123.0, 118.25, 102.0, 133.75
2023-04-06, 19:57:56, 131.0, 51.25, 19.0, 26.0, 9999.0, 1.0, 1.25, 19.75, 9999.0, 9999.0, 9999.0, 119.0, 123.0, 118.25, 102.0, 133.75
2023-04-06, 19:58:00, 131.0, 51.5, 19.0, 26.0, 9999.0, 1.0, 1.25, 19.5, 9999.0, 9999.0, 9999.0, 118.75, 123.0, 118.25, 102.0, 133.75
2023-04-06, 19:58:04, 131.0, 51.5, 18.75, 26.0, 9999.0, 1.0, 1.5, 19.5, 9999.0, 9999.0, 9999.0, 118.75, 123.0, 118.25, 102.0, 133.75
2023-04-06, 19:58:08, 131.25, 51.5, 18.75, 26.0, 9999.0, 1.25, 1.5, 19.75, 9999.0, 9999.0, 9999.0, 118.75, 123.0, 118.25, 102.0, 133.75
2023-04-06, 19:58:12, 131.0, 51.5, 18.75, 25.75, 9999.0, 1.25, 1.25, 19.75, 9999.0, 9999.0, 9999.0, 118.75, 122.75, 118.25, 102.0, 133.75
2023-04-06, 19:58:16, 131.0, 51.5, 18.75, 26.0, 9999.0, 1.25, 1.5, 19.5, 9999.0, 9999.0, 9999.0, 119.5, 123.0, 118.25, 102.0, 133.75
2023-04-06, 19:58:20, 131.0, 51.5, 18.75, 25.75, 9999.0, 1.25, 1.25, 19.5, 9999.0, 9999.0, 9999.0, 119.5, 123.0, 118.25, 102.0, 133.75
2023-04-06, 19:58:24, 131.0, 51.5, 19.0, 26.0, 9999.0, 1.25, 1.25, 19.75, 9999.0, 9999.0, 9999.0, 119.25, 123.0, 118.25, 102.0, 133.75
2023-04-06, 19:58:28, 131.0, 51.5, 18.75, 26.0, 9999.0, 1.25, 1.5, 19.75, 9999.0, 9999.0, 9999.0, 119.25, 122.75, 118.25, 102.0, 133.75
2023-04-06, 19:58:32, 131.0, 51.5, 18.75, 26.0, 9999.0, 1.25, 1.5, 19.75, 9999.0, 9999.0, 9999.0, 119.25, 122.75, 118.25, 102.0, 133.75
2023-04-06, 19:58:36, 131.25, 51.5, 19.0, 25.75, 9999.0, 1.25, 1.5, 19.5, 9999.0, 9999.0, 9999.0, 119.25, 123.0, 118.25, 102.0, 133.75
2023-04-06, 19:58:40, 131.25, 51.25, 18.75, 26.0, 9999.0, 1.25, 1.5, 19.75, 9999.0, 9999.0, 9999.0, 119.25, 122.75, 118.25, 102.0, 133.75
2023-04-06, 19:58:44, 131.0, 51.25, 18.75, 25.75, 9999.0, 1.25, 1.5, 19.75, 9999.0, 9999.0, 9999.0, 119.25, 123.0, 118.25, 102.25, 133.75
2023-04-06, 19:58:48, 131.25, 51.25, 19.0, 25.75, 9999.0, 1.25, 1.5, 19.5, 9999.0, 9999.0, 9999.0, 119.25, 123.0, 118.25, 102.0, 133.75
2023-04-06, 19:58:52, 131.0, 51.25, 18.75, 26.0, 9999.0, 1.0, 1.5, 19.75, 9999.0, 9999.0, 9999.0, 119.25, 123.0, 118.25, 102.0, 133.75
2023-04-06, 19:58:56, 131.25, 51.25, 18.75, 26.0, 9999.0, 1.25, 1.5, 19.75, 9999.0, 9999.0, 9999.0, 119.0, 123.0, 118.25, 102.0, 133.75
2023-04-06, 19:59:00, 131.0, 51.5, 18.75, 26.0, 9999.0, 1.0, 1.25, 19.5, 9999.0, 9999.0, 9999.0, 119.0, 123.0, 118.25, 102.0, 133.75
2023-04-06, 19:59:04, 131.25, 51.5, 19.0, 26.0, 9999.0, 1.0, 1.5, 19.5, 9999.0, 9999.0, 9999.0, 119.0, 123.0, 118.25, 102.0, 133.75
2023-04-06, 19:59:08, 131.0, 51.5, 19.0, 26.0, 9999.0, 1.0, 1.5, 19.75, 9999.0, 9999.0, 9999.0, 119.0, 123.0, 118.25, 102.0, 133.75
2023-04-06, 19:59:12, 131.25, 51.5, 19.0, 25.75, 9999.0, 1.0, 1.5, 19.75, 9999.0, 9999.0, 9999.0, 119.0, 123.0, 118.25, 102.0, 133.75
2023-04-06, 19:59:16, 131.0, 51.5, 19.0, 26.0, 9999.0, 1.0, 1.25, 19.75, 9999.0, 9999.0, 9999.0, 119.0, 123.0, 118.25, 102.0, 133.75
2023-04-06, 19:59:20, 131.0, 51.5, 19.0, 26.0, 9999.0, 1.25, 1.25, 19.75, 9999.0, 9999.0, 9999.0, 118.75, 123.0, 118.25, 102.0, 133.75
2023-04-06, 19:59:24, 131.25, 51.5, 18.75, 25.75, 9999.0, 1.25, 1.25, 19.75, 9999.0, 9999.0, 9999.0, 118.75, 123.0, 118.25, 102.0, 133.75
2023-04-06, 19:59:28, 131.25, 51.5, 19.0, 26.0, 9999.0, 1.5, 1.5, 19.75, 9999.0, 9999.0, 9999.0, 118.75, 123.0, 118.25, 102.0, 133.75
2023-04-06, 19:59:32, 131.0, 51.5, 19.0, 26.0, 9999.0, 1.5, 1.5, 19.75, 9999.0, 9999.0, 9999.0, 118.75, 123.0, 118.25, 102.0, 133.75
2023-04-06, 19:59:36, 131.0, 51.5, 19.0, 25.75, 9999.0, 1.5, 1.5, 19.75, 9999.0, 9999.0, 9999.0, 119.5, 123.0, 118.25, 102.0, 133.75
2023-04-06, 19:59:40, 131.25, 51.5, 19.0, 25.5, 9999.0, 1.5, 1.5, 19.75, 9999.0, 9999.0, 9999.0, 119.5, 123.0, 118.25, 102.0, 133.75
2023-04-06, 19:59:44, 131.25, 51.5, 19.0, 25.5, 9999.0, 1.25, 1.5, 19.75, 9999.0, 9999.0, 9999.0, 119.5, 123.0, 118.25, 102.0, 133.75
2023-04-06, 19:59:48, 131.0, 51.5, 18.75, 25.5, 9999.0, 1.25, 1.5, 19.75, 9999.0, 9999.0, 9999.0, 119.25, 123.0, 118.25, 102.0, 133.75
2023-04-06, 19:59:52, 131.25, 51.5, 18.75, 25.5, 9999.0, 1.25, 1.5, 19.75, 9999.0, 9999.0, 9999.0, 119.25, 122.75, 118.25, 102.0, 133.75
2023-04-06, 19:59:56, 131.0, 51.5, 19.0, 25.75, 9999.0, 1.25, 1.5, 19.75, 9999.0, 9999.0, 9999.0, 119.25, 122.75, 118.25, 102.0, 133.75
2023-04-06, 20:00:00, 131.25, 51.5, 19.0, 26.0, 9999.0, 1.25, 1.5, 19.75, 9999.0, 9999.0, 9999.0, 119.25, 122.75, 118.25, 102.0, 133.75
2023-04-06, 20:00:04, 131.25, 51.5, 19.0, 26.0, 9999.0, 1.25, 1.5, 19.75, 9999.0, 9999.0, 9999.0, 119.25, 123.0, 118.25, 102.0, 133.75
2023-04-06, 20:00:08, 131.0, 51.5, 19.0, 26.0, 9999.0, 1.25, 1.5, 19.75, 9999.0, 9999.0, 9999.0, 119.25, 123.0, 118.25, 102.0, 133.75
2023-04-06, 20:00:12, 131.0, 51.5, 19.0, 26.0, 9999.0, 1.25, 1.5, 19.75, 9999.0, 9999.0, 9999.0, 119.25, 123.0, 118.25, 102.0, 133.75
2023-04-06, 20:00:16, 131.0, 51.5, 19.0, 25.75, 9999.0, 1.0, 1.5, 19.75, 9999.0, 9999.0, 9999.0, 119.0, 123.0, 118.25, 102.0, 133.75
2023-04-06, 20:00:20, 131.25, 51.5, 18.75, 26.0, 9999.0, 1.25, 1.5, 19.75, 9999.0, 9999.0, 9999.0, 119.0, 123.0, 118.25, 102.0, 133.75
2023-04-06, 20:00:24, 131.25, 51.5, 19.0, 26.0, 9999.0, 1.0, 1.5, 19.75, 9999.0, 9999.0, 9999.0, 119.0, 123.0, 118.25, 102.0, 133.75
2023-04-06, 20:00:28, 131.25, 51.5, 19.0, 26.0, 9999.0, 1.0, 1.25, 19.75, 9999.0, 9999.0, 9999.0, 119.0, 123.0, 118.25, 102.0, 133.75
2023-04-06, 20:00:32, 131.0, 51.5, 19.0, 26.0, 9999.0, 1.0, 1.5, 19.75, 9999.0, 9999.0, 9999.0, 119.0, 123.0, 118.5, 102.0, 133.75
2023-04-06, 20:00:37, 131.0, 51.5, 19.0, 26.0, 9999.0, 1.25, 1.25, 19.75, 9999.0, 9999.0, 9999.0, 119.0, 123.0, 118.25, 102.0, 134.0
2023-04-06, 20:00:41, 131.25, 51.5, 19.0, 26.0, 9999.0, 1.25, 1.5, 19.75, 9999.0, 9999.0, 9999.0, 119.0, 123.0, 118.25, 102.0, 133.75
2023-04-06, 20:00:45, 131.25, 51.25, 18.75, 26.0, 9999.0, 1.25, 1.25, 19.75, 9999.0, 9999.0, 9999.0, 118.75, 123.0, 118.25, 102.0, 133.75
2023-04-06, 20:00:49, 131.0, 51.5, 19.0, 26.0, 9999.0, 1.25, 1.5, 19.75, 9999.0, 9999.0, 9999.0, 118.75, 122.75, 118.25, 102.0, 133.75
2023-04-06, 20:00:53, 131.25, 51.5, 19.0, 26.25, 9999.0, 1.25, 1.5, 19.75, 9999.0, 9999.0, 9999.0, 118.75, 123.0, 118.25, 102.0, 133.75
2023-04-06, 20:00:57, 131.0, 51.5, 18.75, 26.0, 9999.0, 1.25, 1.5, 19.75, 9999.0, 9999.0, 9999.0, 119.5, 123.0, 118.25, 102.0, 133.75
2023-04-06, 20:01:01, 131.25, 51.5, 19.0, 26.0, 9999.0, 1.5, 1.5, 19.75, 9999.0, 9999.0, 9999.0, 119.25, 122.75, 118.25, 102.0, 133.75
2023-04-06, 20:01:05, 131.0, 51.5, 18.75, 25.75, 9999.0, 1.25, 1.5, 19.5, 9999.0, 9999.0, 9999.0, 119.25, 123.0, 118.25, 102.0, 133.75
2023-04-06, 20:01:09, 131.0, 51.5, 18.75, 26.0, 9999.0, 1.25, 1.5, 19.75, 9999.0, 9999.0, 9999.0, 119.25, 123.0, 118.25, 102.0, 133.75
2023-04-06, 20:01:13, 131.0, 51.5, 18.75, 26.0, 9999.0, 1.25, 1.5, 19.75, 9999.0, 9999.0, 9999.0, 119.25, 123.0, 118.25, 102.0, 133.75
2023-04-06, 20:01:17, 131.25, 51.25, 19.0, 26.0, 9999.0, 1.25, 1.25, 19.75, 9999.0, 9999.0, 9999.0, 119.25, 123.0, 118.25, 102.0, 133.75
2023-04-06, 20:01:21, 131.25, 51.5, 19.0, 25.75, 9999.0, 1.25, 1.5, 19.75, 9999.0, 9999.0, 9999.0, 119.25, 122.75, 118.25, 102.0, 133.75
2023-04-06, 20:01:25, 131.0, 51.5, 19.0, 26.0, 9999.0, 1.25, 1.25, 19.75, 9999.0, 9999.0, 9999.0, 119.25, 123.0, 118.25, 102.0, 133.75
2023-04-06, 20:01:29, 131.0, 51.5, 19.0, 26.0, 9999.0, 1.25, 1.5, 19.75, 9999.0, 9999.0, 9999.0, 119.25, 123.0, 118.25, 102.0, 133.75
2023-04-06, 20:01:33, 131.25, 51.5, 18.75, 26.0, 9999.0, 1.25, 1.5, 19.5, 9999.0, 9999.0, 9999.0, 119.0, 123.0, 118.25, 102.0, 133.75
2023-04-06, 20:01:37, 131.0, 51.5, 18.75, 26.0, 9999.0, 1.0, 1.5, 19.75, 9999.0, 9999.0, 9999.0, 119.25, 123.0, 118.25, 102.0, 133.75
2023-04-06, 20:01:41, 131.0, 51.5, 19.0, 26.0, 9999.0, 1.0, 1.5, 19.75, 9999.0, 9999.0, 9999.0, 119.0, 123.0, 118.25, 102.0, 133.75
2023-04-06, 20:01:45, 131.0, 51.5, 19.0, 26.0, 9999.0, 1.0, 1.5, 19.5, 9999.0, 9999.0, 9999.0, 119.0, 123.0, 118.25, 102.0, 133.75
2023-04-06, 20:01:49, 131.25, 51.5, 18.75, 26.25, 9999.0, 1.0, 1.5, 19.5, 9999.0, 9999.0, 9999.0, 119.0, 123.0, 118.25, 102.0, 133.75
2023-04-06, 20:01:53, 131.25, 51.5, 18.75, 26.25, 9999.0, 1.0, 1.25, 19.75, 9999.0, 9999.0, 9999.0, 119.0, 123.0, 118.25, 102.0, 133.75
2023-04-06, 20:01:57, 131.25, 51.5, 19.0, 26.25, 9999.0, 1.0, 1.25, 19.5, 9999.0, 9999.0, 9999.0, 119.0, 123.0, 118.25, 102.0, 133.75
2023-04-06, 20:02:01, 131.25, 51.25, 19.0, 26.0, 9999.0, 1.25, 1.25, 19.5, 9999.0, 9999.0, 9999.0, 119.0, 123.0, 118.25, 102.0, 133.75
2023-04-06, 20:02:05, 131.0, 51.25, 19.0, 26.0, 9999.0, 1.25, 1.25, 19.75, 9999.0, 9999.0, 9999.0, 118.75, 123.0, 118.25, 102.0, 133.75
2023-04-06, 20:02:09, 131.25, 51.5, 19.0, 26.0, 9999.0, 1.25, 1.5, 19.5, 9999.0, 9999.0, 9999.0, 118.75, 123.0, 118.25, 102.0, 133.75
2023-04-06, 20:02:13, 131.0, 51.5, 19.0, 26.0, 9999.0, 1.25, 1.25, 19.5, 9999.0, 9999.0, 9999.0, 118.75, 123.0, 118.25, 102.0, 133.75
2023-04-06, 20:02:17, 131.25, 51.25, 18.75, 26.0, 9999.0, 1.25, 1.25, 19.5, 9999.0, 9999.0, 9999.0, 119.5, 123.0, 118.25, 102.0, 133.75
2023-04-06, 20:02:21, 131.25, 51.5, 19.0, 25.5, 9999.0, 1.25, 1.5, 19.75, 9999.0, 9999.0, 9999.0, 119.5, 123.0, 118.25, 102.0, 133.75
2023-04-06, 20:02:25, 131.25, 51.5, 18.75, 25.75, 9999.0, 1.25, 1.25, 19.75, 9999.0, 9999.0, 9999.0, 119.5, 123.0, 118.25, 102.0, 133.75
2023-04-06, 20:02:29, 131.0, 51.5, 19.0, 25.75, 9999.0, 1.25, 1.5, 19.75, 9999.0, 9999.0, 9999.0, 119.25, 123.0, 118.25, 102.0, 133.75
2023-04-06, 20:02:33, 131.0, 51.25, 18.75, 25.75, 9999.0, 1.25, 1.5, 19.75, 9999.0, 9999.0, 9999.0, 119.25, 122.75, 118.25, 102.0, 133.75
2023-04-06, 20:02:37, 131.25, 51.25, 18.75, 25.75, 9999.0, 1.25, 1.5, 19.75, 9999.0, 9999.0, 9999.0, 119.25, 123.0, 118.25, 102.0, 133.75
2023-04-06, 20:02:41, 131.0, 51.25, 18.75, 25.75, 9999.0, 1.0, 1.25, 19.75, 9999.0, 9999.0, 9999.0, 119.25, 123.0, 118.25, 102.0, 133.75
2023-04-06, 20:02:45, 131.0, 51.25, 18.75, 25.75, 9999.0, 1.0, 1.25, 19.5, 9999.0, 9999.0, 9999.0, 119.25, 123.0, 118.25, 102.0, 133.75
2023-04-06, 20:02:49, 131.0, 51.25, 19.0, 26.0, 9999.0, 1.0, 1.5, 19.75, 9999.0, 9999.0, 9999.0, 119.25, 123.25, 118.25, 102.0, 133.75
2023-04-06, 20:02:53, 131.25, 51.5, 18.75, 26.0, 9999.0, 1.0, 1.5, 19.75, 9999.0, 9999.0, 9999.0, 119.25, 123.0, 118.25, 102.0, 134.0
2023-04-06, 20:02:57, 131.0, 51.25, 19.0, 26.0, 9999.0, 1.0, 1.25, 19.75, 9999.0, 9999.0, 9999.0, 119.0, 123.0, 118.25, 102.0, 133.75
2023-04-06, 20:03:01, 131.0, 51.25, 19.0, 26.0, 9999.0, 1.0, 1.5, 19.5, 9999.0, 9999.0, 9999.0, 119.25, 123.0, 118.25, 102.0, 133.75
2023-04-06, 20:03:05, 131.0, 51.25, 18.75, 26.0, 9999.0, 1.0, 1.25, 19.75, 9999.0, 9999.0, 9999.0, 119.0, 123.0, 118.25, 102.0, 133.75
2023-04-06, 20:03:09, 131.0, 51.25, 19.0, 26.0, 9999.0, 1.0, 1.5, 19.75, 9999.0, 9999.0, 9999.0, 119.0, 123.0, 118.25, 102.0, 133.75
2023-04-06, 20:03:13, 131.0, 51.5, 19.0, 26.0, 9999.0, 1.0, 1.25, 19.5, 9999.0, 9999.0, 9999.0, 119.0, 123.0, 118.25, 102.0, 133.75
2023-04-06, 20:03:17, 131.0, 51.25, 19.0, 26.0, 9999.0, 1.25, 1.25, 19.5, 9999.0, 9999.0, 9999.0, 119.0, 123.0, 118.25, 102.0, 133.75
2023-04-06, 20:03:21, 131.0, 51.25, 18.75, 26.0, 9999.0, 1.25, 1.25, 19.75, 9999.0, 9999.0, 9999.0, 119.0, 123.0, 118.25, 102.0, 133.75
2023-04-06, 20:03:25, 131.25, 51.25, 18.75, 26.0, 9999.0, 1.25, 1.25, 19.5, 9999.0, 9999.0, 9999.0, 118.75, 123.0, 118.5, 102.0, 133.75
2023-04-06, 20:03:29, 131.25, 51.25, 18.75, 26.0, 9999.0, 1.25, 1.5, 19.5, 9999.0, 9999.0, 9999.0, 118.75, 123.0, 118.5, 102.0, 133.75
2023-04-06, 20:03:33, 131.25, 51.5, 18.75, 26.0, 9999.0, 1.25, 1.5, 19.5, 9999.0, 9999.0, 9999.0, 118.75, 123.0, 118.25, 102.0, 133.75
2023-04-06, 20:03:37, 131.25, 51.25, 19.0, 26.0, 9999.0, 1.25, 1.5, 19.5, 9999.0, 9999.0, 9999.0, 119.5, 123.0, 118.25, 102.0, 133.75
2023-04-06, 20:03:41, 131.0, 51.25, 19.0, 26.0, 9999.0, 1.25, 1.25, 19.5, 9999.0, 9999.0, 9999.0, 119.5, 123.0, 118.25, 101.75, 133.75
2023-04-06, 20:03:45, 131.0, 51.25, 19.0, 26.0, 9999.0, 1.25, 1.25, 19.5, 9999.0, 9999.0, 9999.0, 119.5, 123.0, 118.5, 102.0, 133.75
2023-04-06, 20:03:49, 131.0, 51.25, 18.75, 26.0, 9999.0, 1.25, 1.5, 19.75, 9999.0, 9999.0, 9999.0, 119.25, 123.0, 118.25, 102.0, 133.75
2023-04-06, 20:03:53, 131.0, 51.25, 18.75, 26.0, 9999.0, 1.25, 1.5, 19.5, 9999.0, 9999.0, 9999.0, 119.25, 123.0, 118.25, 102.0, 133.75
2023-04-06, 20:03:57, 131.0, 51.25, 18.75, 26.0, 9999.0, 1.25, 1.25, 19.5, 9999.0, 9999.0, 9999.0, 119.25, 123.0, 118.25, 102.0, 133.75
2023-04-06, 20:04:01, 131.0, 51.25, 18.75, 25.75, 9999.0, 1.0, 1.25, 19.5, 9999.0, 9999.0, 9999.0, 119.0, 123.0, 118.25, 102.0, 133.75
2023-04-06, 20:04:05, 131.0, 51.5, 18.75, 25.75, 9999.0, 1.0, 1.5, 19.5, 9999.0, 9999.0, 9999.0, 119.25, 123.25, 118.25, 102.0, 133.75
2023-04-06, 20:04:09, 131.0, 51.25, 18.75, 26.0, 9999.0, 1.0, 1.25, 19.5, 9999.0, 9999.0, 9999.0, 119.25, 123.25, 118.25, 102.0, 133.75
2023-04-06, 20:04:13, 131.0, 51.25, 18.75, 26.0, 9999.0, 1.0, 1.25, 19.5, 9999.0, 9999.0, 9999.0, 119.25, 123.0, 118.25, 102.0, 133.75
2023-04-06, 20:04:17, 131.0, 51.25, 18.75, 26.0, 9999.0, 1.0, 1.5, 19.5, 9999.0, 9999.0, 9999.0, 119.25, 123.0, 118.25, 102.0, 133.75
2023-04-06, 20:04:21, 131.0, 51.25, 18.75, 26.0, 9999.0, 1.0, 1.25, 19.5, 9999.0, 9999.0, 9999.0, 119.0, 123.0, 118.25, 102.0, 133.75
2023-04-06, 20:04:25, 131.0, 51.25, 18.75, 26.0, 9999.0, 1.0, 1.25, 19.5, 9999.0, 9999.0, 9999.0, 119.0, 123.0, 118.25, 102.0, 133.75
2023-04-06, 20:04:29, 131.0, 51.25, 19.0, 26.0, 9999.0, 1.0, 1.25, 19.5, 9999.0, 9999.0, 9999.0, 119.0, 123.0, 118.25, 102.0, 133.75
2023-04-06, 20:04:33, 131.0, 51.25, 18.75, 26.0, 9999.0, 1.0, 1.25, 19.5, 9999.0, 9999.0, 9999.0, 119.0, 123.0, 118.5, 102.0, 133.75
2023-04-06, 20:04:37, 131.0, 51.25, 18.75, 26.0, 9999.0, 1.25, 1.25, 19.5, 9999.0, 9999.0, 9999.0, 119.0, 123.0, 118.25, 102.0, 133.75
2023-04-06, 20:04:41, 131.0, 51.25, 19.0, 26.0, 9999.0, 1.25, 1.25, 19.5, 9999.0, 9999.0, 9999.0, 118.75, 123.0, 118.5, 102.0, 133.75
2023-04-06, 20:04:45, 131.0, 51.25, 18.75, 26.0, 9999.0, 1.25, 1.25, 19.5, 9999.0, 9999.0, 9999.0, 119.0, 123.0, 118.5, 102.0, 133.75
2023-04-06, 20:04:49, 131.0, 51.25, 18.75, 26.0, 9999.0, 1.25, 1.25, 19.5, 9999.0, 9999.0, 9999.0, 118.75, 123.0, 118.5, 101.75, 133.75
2023-04-06, 20:04:53, 131.0, 51.25, 18.75, 25.75, 9999.0, 1.25, 1.5, 19.5, 9999.0, 9999.0, 9999.0, 119.5, 123.0, 118.25, 102.0, 133.75
2023-04-06, 20:04:57, 131.0, 51.25, 18.75, 26.0, 9999.0, 1.25, 1.25, 19.5, 9999.0, 9999.0, 9999.0, 119.5, 123.0, 118.25, 102.0, 133.75
2023-04-06, 20:05:01, 131.0, 51.25, 18.75, 26.0, 9999.0, 1.25, 1.25, 19.5, 9999.0, 9999.0, 9999.0, 119.5, 123.0, 118.25, 102.0, 133.75
2023-04-06, 20:05:06, 131.0, 51.25, 18.75, 25.75, 9999.0, 1.25, 1.25, 19.5, 9999.0, 9999.0, 9999.0, 119.25, 123.0, 118.25, 102.0, 133.75
2023-04-06, 20:05:10, 131.0, 51.25, 18.75, 25.75, 9999.0, 1.25, 1.25, 19.5, 9999.0, 9999.0, 9999.0, 119.25, 123.0, 118.25, 102.0, 133.75
2023-04-06, 20:05:14, 131.0, 51.25, 18.75, 25.75, 9999.0, 1.25, 1.25, 19.5, 9999.0, 9999.0, 9999.0, 119.25, 123.0, 118.25, 102.0, 133.75
2023-04-06, 20:05:18, 131.0, 51.25, 18.75, 25.75, 9999.0, 1.0, 1.25, 19.5, 9999.0, 9999.0, 9999.0, 119.25, 122.75, 118.5, 102.0, 133.75
2023-04-06, 20:05:22, 131.0, 51.25, 18.75, 26.0, 9999.0, 1.0, 1.25, 19.5, 9999.0, 9999.0, 9999.0, 119.25, 123.0, 118.25, 102.0, 133.75
2023-04-06, 20:05:26, 131.0, 51.25, 18.75, 26.0, 9999.0, 1.0, 1.25, 19.5, 9999.0, 9999.0, 9999.0, 119.25, 123.0, 118.25, 102.0, 133.75
2023-04-06, 20:05:30, 131.0, 51.25, 18.75, 26.0, 9999.0, 1.0, 1.25, 19.5, 9999.0, 9999.0, 9999.0, 119.25, 123.0, 118.25, 102.0, 133.75
2023-04-06, 20:05:34, 131.0, 51.25, 18.75, 25.75, 9999.0, 1.0, 1.25, 19.5, 9999.0, 9999.0, 9999.0, 119.25, 123.25, 118.25, 102.0, 133.75
2023-04-06, 20:05:38, 131.0, 51.25, 18.75, 25.75, 9999.0, 1.0, 1.25, 19.5, 9999.0, 9999.0, 9999.0, 119.0, 123.0, 118.5, 102.0, 133.75
2023-04-06, 20:05:42, 131.0, 51.25, 18.75, 26.0, 9999.0, 1.0, 1.25, 19.5, 9999.0, 9999.0, 9999.0, 119.0, 123.0, 118.25, 102.0, 133.75
2023-04-06, 20:05:46, 131.0, 51.25, 18.75, 25.75, 9999.0, 1.0, 1.25, 19.5, 9999.0, 9999.0, 9999.0, 119.0, 123.0, 118.5, 102.0, 133.75
2023-04-06, 20:05:50, 131.0, 51.25, 18.75, 25.75, 9999.0, 1.0, 1.25, 19.5, 9999.0, 9999.0, 9999.0, 119.0, 123.0, 118.25, 102.0, 133.75
2023-04-06, 20:05:54, 131.0, 51.25, 18.75, 26.0, 9999.0, 0.75, 1.25, 19.5, 9999.0, 9999.0, 9999.0, 119.0, 123.0, 118.5, 102.0, 133.75
2023-04-06, 20:05:58, 131.0, 51.25, 18.75, 26.0, 9999.0, 1.0, 1.25, 19.5, 9999.0, 9999.0, 9999.0, 119.0, 123.0, 118.5, 102.0, 133.75
2023-04-06, 20:06:02, 131.0, 51.25, 18.75, 26.0, 9999.0, 1.0, 1.25, 19.5, 9999.0, 9999.0, 9999.0, 119.0, 123.0, 118.5, 102.0, 133.75
2023-04-06, 20:06:06, 131.0, 51.25, 18.75, 26.0, 9999.0, 1.25, 1.25, 19.5, 9999.0, 9999.0, 9999.0, 118.75, 123.0, 118.25, 102.0, 133.75
2023-04-06, 20:06:10, 131.0, 51.25, 18.75, 25.75, 9999.0, 1.25, 1.25, 19.5, 9999.0, 9999.0, 9999.0, 118.75, 123.0, 118.25, 101.75, 133.75
2023-04-06, 20:06:14, 131.0, 51.25, 18.75, 25.75, 9999.0, 1.25, 1.25, 19.5, 9999.0, 9999.0, 9999.0, 119.5, 123.0, 118.5, 102.0, 133.75
2023-04-06, 20:06:18, 131.0, 51.25, 18.75, 25.75, 9999.0, 1.25, 1.25, 19.5, 9999.0, 9999.0, 9999.0, 119.5, 123.0, 118.25, 102.0, 133.75
2023-04-06, 20:06:22, 131.0, 51.25, 18.75, 25.75, 9999.0, 1.25, 1.25, 19.5, 9999.0, 9999.0, 9999.0, 119.25, 123.0, 118.25, 102.0, 133.75
2023-04-06, 20:06:26, 131.0, 51.25, 18.75, 26.0, 9999.0, 1.25, 1.25, 19.5, 9999.0, 9999.0, 9999.0, 119.25, 122.75, 118.25, 102.0, 133.75
2023-04-06, 20:06:30, 131.0, 51.25, 18.75, 26.0, 9999.0, 1.0, 1.25, 19.5, 9999.0, 9999.0, 9999.0, 119.25, 123.0, 118.25, 102.0, 133.75
2023-04-06, 20:06:34, 131.0, 51.25, 18.75, 26.0, 9999.0, 1.0, 1.25, 19.5, 9999.0, 9999.0, 9999.0, 119.25, 122.75, 118.25, 102.0, 133.75
2023-04-06, 20:06:38, 131.0, 51.25, 18.75, 25.75, 9999.0, 1.0, 1.25, 19.5, 9999.0, 9999.0, 9999.0, 119.25, 122.75, 118.25, 102.0, 133.75
2023-04-06, 20:06:42, 131.0, 51.25, 18.75, 26.0, 9999.0, 1.0, 1.25, 19.5, 9999.0, 9999.0, 9999.0, 119.25, 123.0, 118.25, 101.75, 133.75
2023-04-06, 20:06:46, 131.0, 51.25, 18.75, 26.0, 9999.0, 1.0, 1.25, 19.5, 9999.0, 9999.0, 9999.0, 119.25, 123.0, 118.25, 102.0, 133.75
2023-04-06, 20:06:50, 131.0, 51.25, 18.75, 26.0, 9999.0, 1.0, 1.25, 19.5, 9999.0, 9999.0, 9999.0, 119.25, 123.0, 118.25, 102.0, 133.75
2023-04-06, 20:06:54, 131.0, 51.25, 18.75, 26.0, 9999.0, 1.0, 1.25, 19.5, 9999.0, 9999.0, 9999.0, 119.25, 123.0, 118.25, 102.0, 133.75
2023-04-06, 20:06:58, 131.0, 51.25, 18.75, 26.0, 9999.0, 1.0, 1.25, 19.5, 9999.0, 9999.0, 9999.0, 119.0, 123.0, 118.25, 102.0, 133.75
2023-04-06, 20:07:02, 131.0, 51.25, 18.75, 26.0, 9999.0, 1.0, 1.25, 19.5, 9999.0, 9999.0, 9999.0, 119.0, 123.0, 118.25, 102.0, 133.75
2023-04-06, 20:07:06, 131.0, 51.25, 18.75, 26.0, 9999.0, 1.0, 1.25, 19.5, 9999.0, 9999.0, 9999.0, 119.0, 122.75, 118.25, 102.0, 133.75
2023-04-06, 20:07:10, 131.0, 51.25, 18.75, 26.0, 9999.0, 1.0, 1.25, 19.5, 9999.0, 9999.0, 9999.0, 118.75, 123.0, 118.5, 102.0, 133.75
2023-04-06, 20:07:14, 131.0, 51.25, 18.75, 26.0, 9999.0, 1.0, 1.25, 19.5, 9999.0, 9999.0, 9999.0, 119.0, 123.0, 118.5, 101.75, 133.75
2023-04-06, 20:07:18, 131.0, 51.25, 18.75, 26.0, 9999.0, 1.0, 1.25, 19.5, 9999.0, 9999.0, 9999.0, 118.75, 123.0, 118.5, 102.0, 133.75
2023-04-06, 20:07:22, 131.0, 51.25, 19.0, 26.0, 9999.0, 1.0, 1.25, 19.5, 9999.0, 9999.0, 9999.0, 118.75, 123.0, 118.5, 102.0, 133.75
2023-04-06, 20:07:26, 131.0, 51.25, 18.75, 25.75, 9999.0, 1.25, 1.25, 19.5, 9999.0, 9999.0, 9999.0, 118.75, 123.0, 118.25, 102.0, 133.75
2023-04-06, 20:07:30, 131.0, 51.25, 19.0, 26.0, 9999.0, 1.25, 1.25, 19.5, 9999.0, 9999.0, 9999.0, 118.75, 122.75, 118.5, 102.0, 133.75
2023-04-06, 20:07:34, 131.0, 51.25, 18.75, 26.0, 9999.0, 1.25, 1.25, 19.5, 9999.0, 9999.0, 9999.0, 119.5, 123.0, 118.25, 102.0, 133.75
2023-04-06, 20:07:38, 131.0, 51.25, 18.75, 26.0, 9999.0, 1.25, 1.25, 19.5, 9999.0, 9999.0, 9999.0, 119.25, 123.0, 118.5, 102.0, 133.75
2023-04-06, 20:07:42, 131.0, 51.25, 18.75, 25.75, 9999.0, 1.25, 1.25, 19.5, 9999.0, 9999.0, 9999.0, 119.25, 122.75, 118.25, 102.0, 133.75
2023-04-06, 20:07:46, 131.0, 51.25, 18.75, 26.0, 9999.0, 1.25, 1.25, 19.5, 9999.0, 9999.0, 9999.0, 119.25, 123.0, 118.5, 102.0, 133.75
2023-04-06, 20:07:50, 131.0, 51.25, 18.75, 26.0, 9999.0, 1.0, 1.25, 19.5, 9999.0, 9999.0, 9999.0, 119.25, 122.75, 118.5, 102.0, 133.75
2023-04-06, 20:07:54, 131.0, 51.25, 18.75, 26.0, 9999.0, 1.0, 1.25, 19.5, 9999.0, 9999.0, 9999.0, 119.25, 123.0, 118.25, 102.0, 133.75
2023-04-06, 20:07:58, 131.0, 51.25, 18.75, 26.0, 9999.0, 1.0, 1.25, 19.5, 9999.0, 9999.0, 9999.0, 119.0, 122.75, 118.25, 102.0, 133.75
2023-04-06, 20:08:02, 131.0, 51.25, 19.0, 26.0, 9999.0, 1.0, 1.25, 19.5, 9999.0, 9999.0, 9999.0, 119.0, 123.0, 118.25, 102.0, 133.75
2023-04-06, 20:08:06, 131.0, 51.25, 18.75, 26.0, 9999.0, 1.0, 1.25, 19.5, 9999.0, 9999.0, 9999.0, 119.0, 123.0, 118.5, 102.0, 133.75
2023-04-06, 20:08:10, 131.0, 51.25, 19.0, 26.0, 9999.0, 1.0, 1.25, 19.5, 9999.0, 9999.0, 9999.0, 119.25, 123.0, 118.25, 102.0, 133.75
2023-04-06, 20:08:14, 131.0, 51.25, 18.75, 26.0, 9999.0, 1.0, 1.25, 19.5, 9999.0, 9999.0, 9999.0, 119.0, 123.0, 118.25, 102.0, 133.75
2023-04-06, 20:08:18, 131.0, 51.25, 18.75, 25.75, 9999.0, 1.0, 1.25, 19.5, 9999.0, 9999.0, 9999.0, 119.0, 123.0, 118.25, 102.0, 133.75
2023-04-06, 20:08:22, 131.0, 51.25, 18.75, 25.75, 9999.0, 0.75, 1.25, 19.5, 9999.0, 9999.0, 9999.0, 119.0, 123.0, 118.25, 102.0, 133.75
2023-04-06, 20:08:26, 131.0, 51.25, 18.75, 26.0, 9999.0, 1.0, 1.25, 19.5, 9999.0, 9999.0, 9999.0, 118.75, 123.0, 118.25, 102.0, 133.75
2023-04-06, 20:08:30, 131.0, 51.25, 18.75, 26.0, 9999.0, 1.0, 1.25, 19.5, 9999.0, 9999.0, 9999.0, 119.0, 123.0, 118.5, 102.0, 133.75
2023-04-06, 20:08:34, 131.0, 51.25, 19.0, 26.0, 9999.0, 1.25, 1.25, 19.5, 9999.0, 9999.0, 9999.0, 118.75, 123.0, 118.5, 102.0, 133.75
2023-04-06, 20:08:38, 131.0, 51.25, 19.0, 26.0, 9999.0, 1.0, 1.25, 19.5, 9999.0, 9999.0, 9999.0, 119.0, 123.0, 118.25, 102.0, 133.75
2023-04-06, 20:08:42, 131.0, 51.25, 18.75, 25.75, 9999.0, 1.0, 1.25, 19.5, 9999.0, 9999.0, 9999.0, 119.0, 123.0, 118.25, 102.0, 133.75
2023-04-06, 20:08:46, 131.0, 51.25, 18.75, 25.75, 9999.0, 1.25, 1.25, 19.5, 9999.0, 9999.0, 9999.0, 118.75, 123.0, 118.25, 102.0, 133.75
2023-04-06, 20:08:50, 131.0, 51.25, 18.75, 25.75, 9999.0, 1.25, 1.25, 19.5, 9999.0, 9999.0, 9999.0, 118.75, 123.0, 118.25, 102.0, 133.75
2023-04-06, 20:08:54, 131.0, 51.25, 18.75, 26.0, 9999.0, 1.25, 1.25, 19.5, 9999.0, 9999.0, 9999.0, 119.5, 123.0, 118.25, 102.0, 133.75
2023-04-06, 20:08:58, 131.0, 51.25, 18.75, 26.0, 9999.0, 1.25, 1.25, 19.5, 9999.0, 9999.0, 9999.0, 119.5, 122.75, 118.25, 102.0, 133.75
2023-04-06, 20:09:02, 131.0, 51.25, 18.75, 26.0, 9999.0, 1.25, 1.25, 19.5, 9999.0, 9999.0, 9999.0, 119.5, 123.0, 118.25, 102.0, 133.75
2023-04-06, 20:09:06, 131.0, 51.25, 18.75, 26.0, 9999.0, 1.25, 1.25, 19.5, 9999.0, 9999.0, 9999.0, 119.25, 123.0, 118.25, 102.0, 133.75
2023-04-06, 20:09:10, 131.0, 51.25, 18.75, 26.0, 9999.0, 1.0, 1.25, 19.5, 9999.0, 9999.0, 9999.0, 119.25, 122.75, 118.25, 102.0, 133.75
2023-04-06, 20:09:14, 131.0, 51.25, 19.0, 26.0, 9999.0, 1.0, 1.25, 19.5, 9999.0, 9999.0, 9999.0, 119.25, 122.75, 118.25, 102.0, 133.75
2023-04-06, 20:09:18, 131.0, 51.25, 19.0, 25.75, 9999.0, 1.0, 1.25, 19.5, 9999.0, 9999.0, 9999.0, 119.0, 122.75, 118.25, 102.0, 133.75
2023-04-06, 20:09:22, 131.0, 51.25, 18.75, 25.75, 9999.0, 1.0, 1.25, 19.5, 9999.0, 9999.0, 9999.0, 119.25, 123.0, 118.25, 102.0, 133.75
2023-04-06, 20:09:26, 131.0, 51.25, 18.75, 25.75, 9999.0, 1.0, 1.25, 19.5, 9999.0, 9999.0, 9999.0, 119.25, 123.0, 118.25, 102.0, 133.75
2023-04-06, 20:09:31, 131.0, 51.25, 19.0, 26.0, 9999.0, 1.0, 1.25, 19.5, 9999.0, 9999.0, 9999.0, 119.25, 123.0, 118.25, 102.0, 133.75
2023-04-06, 20:09:35, 131.0, 51.25, 18.75, 26.0, 9999.0, 1.0, 1.25, 19.5, 9999.0, 9999.0, 9999.0, 119.0, 123.0, 118.25, 102.0, 133.75
2023-04-06, 20:09:39, 131.0, 51.25, 18.75, 26.0, 9999.0, 1.0, 1.25, 19.5, 9999.0, 9999.0, 9999.0, 119.0, 123.0, 118.25, 102.0, 133.75
2023-04-06, 20:09:43, 131.0, 51.25, 18.75, 26.0, 9999.0, 0.75, 1.25, 19.5, 9999.0, 9999.0, 9999.0, 119.0, 123.0, 118.25, 102.0, 133.75
2023-04-06, 20:09:47, 131.0, 51.25, 18.75, 26.0, 9999.0, 1.0, 1.25, 19.5, 9999.0, 9999.0, 9999.0, 119.0, 123.0, 118.25, 102.0, 133.75
2023-04-06, 20:09:51, 131.0, 51.25, 19.0, 26.0, 9999.0, 1.0, 1.25, 19.5, 9999.0, 9999.0, 9999.0, 119.0, 123.0, 118.5, 102.0, 133.75
2023-04-06, 20:09:55, 131.0, 51.25, 19.0, 26.0, 9999.0, 1.25, 1.25, 19.5, 9999.0, 9999.0, 9999.0, 118.75, 123.0, 118.5, 102.0, 133.75
2023-04-06, 20:09:59, 131.0, 51.25, 19.0, 26.0, 9999.0, 1.25, 1.25, 19.5, 9999.0, 9999.0, 9999.0, 118.75, 123.0, 118.25, 102.0, 133.75
2023-04-06, 20:10:03, 131.0, 51.25, 18.75, 26.0, 9999.0, 1.25, 1.25, 19.5, 9999.0, 9999.0, 9999.0, 118.75, 122.75, 118.25, 102.0, 133.75
2023-04-06, 20:10:07, 131.0, 51.25, 18.75, 26.0, 9999.0, 1.25, 1.25, 19.5, 9999.0, 9999.0, 9999.0, 118.75, 122.75, 118.25, 102.0, 133.75
2023-04-06, 20:10:11, 131.0, 51.25, 19.0, 26.0, 9999.0, 1.25, 1.25, 19.5, 9999.0, 9999.0, 9999.0, 118.75, 123.0, 118.25, 102.0, 133.75
2023-04-06, 20:10:15, 131.0, 51.25, 19.0, 26.0, 9999.0, 1.25, 1.25, 19.5, 9999.0, 9999.0, 9999.0, 119.5, 123.0, 118.25, 102.0, 133.75
2023-04-06, 20:10:19, 131.0, 51.25, 19.0, 26.0, 9999.0, 1.25, 1.25, 19.75, 9999.0, 9999.0, 9999.0, 119.25, 123.0, 118.25, 102.0, 133.75
2023-04-06, 20:10:23, 131.0, 51.25, 18.75, 26.0, 9999.0, 1.25, 1.25, 19.5, 9999.0, 9999.0, 9999.0, 119.5, 123.0, 118.25, 102.0, 133.75
2023-04-06, 20:10:27, 131.0, 51.25, 19.0, 26.0, 9999.0, 1.25, 1.25, 19.5, 9999.0, 9999.0, 9999.0, 119.25, 123.0, 118.5, 102.25, 133.75
2023-04-06, 20:10:31, 131.0, 51.25, 18.75, 26.0, 9999.0, 1.25, 1.5, 19.75, 9999.0, 9999.0, 9999.0, 119.25, 123.0, 118.25, 102.0, 133.75
2023-04-06, 20:10:35, 131.0, 51.25, 19.0, 26.0, 9999.0, 1.0, 1.25, 19.5, 9999.0, 9999.0, 9999.0, 119.25, 122.75, 118.25, 102.0, 133.75
2023-04-06, 20:10:39, 131.0, 51.25, 18.75, 26.0, 9999.0, 1.0, 1.25, 19.5, 9999.0, 9999.0, 9999.0, 119.25, 123.0, 118.25, 102.0, 133.75
2023-04-06, 20:10:43, 131.0, 51.25, 18.75, 26.0, 9999.0, 1.0, 1.25, 19.5, 9999.0, 9999.0, 9999.0, 119.25, 123.25, 118.25, 102.0, 133.75
2023-04-06, 20:10:47, 131.0, 51.25, 18.75, 26.0, 9999.0, 1.0, 1.25, 19.5, 9999.0, 9999.0, 9999.0, 119.25, 123.0, 118.5, 102.0, 133.75
2023-04-06, 20:10:51, 131.0, 51.25, 18.75, 26.0, 9999.0, 1.0, 1.5, 19.5, 9999.0, 9999.0, 9999.0, 119.25, 123.25, 118.25, 102.0, 133.75
2023-04-06, 20:10:55, 131.0, 51.25, 19.0, 26.0, 9999.0, 1.0, 1.25, 19.5, 9999.0, 9999.0, 9999.0, 119.0, 123.0, 118.5, 102.25, 133.75
2023-04-06, 20:10:59, 131.0, 51.25, 18.75, 25.75, 9999.0, 1.0, 1.25, 19.5, 9999.0, 9999.0, 9999.0, 119.0, 123.25, 118.25, 102.0, 133.75
2023-04-06, 20:11:03, 131.0, 51.25, 18.75, 25.75, 9999.0, 1.0, 1.25, 19.5, 9999.0, 9999.0, 9999.0, 119.0, 123.25, 118.5, 102.0, 133.75
2023-04-06, 20:11:07, 131.0, 51.25, 18.75, 26.0, 9999.0, 1.0, 1.25, 19.5, 9999.0, 9999.0, 9999.0, 119.0, 123.25, 118.5, 102.0, 133.75
2023-04-06, 20:11:11, 131.0, 51.25, 19.0, 26.0, 9999.0, 1.0, 1.25, 19.5, 9999.0, 9999.0, 9999.0, 119.0, 123.0, 118.25, 102.0, 133.75
2023-04-06, 20:11:15, 131.0, 51.25, 18.75, 26.0, 9999.0, 1.0, 1.25, 19.5, 9999.0, 9999.0, 9999.0, 119.0, 123.0, 118.5, 102.0, 133.75
2023-04-06, 20:11:19, 131.0, 51.25, 18.75, 25.75, 9999.0, 1.25, 1.25, 19.5, 9999.0, 9999.0, 9999.0, 118.75, 123.0, 118.5, 102.0, 133.75
2023-04-06, 20:11:23, 131.0, 51.25, 18.75, 25.75, 9999.0, 1.25, 1.25, 19.5, 9999.0, 9999.0, 9999.0, 118.75, 123.0, 118.5, 102.0, 133.75
2023-04-06, 20:11:27, 131.0, 51.25, 18.75, 25.75, 9999.0, 1.25, 1.25, 19.5, 9999.0, 9999.0, 9999.0, 118.75, 123.0, 118.5, 102.0, 133.75
2023-04-06, 20:11:31, 131.0, 51.25, 18.75, 26.0, 9999.0, 1.25, 1.25, 19.75, 9999.0, 9999.0, 9999.0, 118.75, 123.0, 118.5, 102.0, 133.75
2023-04-06, 20:11:35, 131.0, 51.25, 18.75, 26.0, 9999.0, 1.25, 1.25, 19.75, 9999.0, 9999.0, 9999.0, 119.5, 123.0, 118.25, 102.0, 133.75
2023-04-06, 20:11:39, 131.0, 51.25, 18.75, 26.0, 9999.0, 1.25, 1.5, 19.5, 9999.0, 9999.0, 9999.0, 119.5, 123.0, 118.5, 102.0, 133.75
2023-04-06, 20:11:43, 131.0, 51.25, 18.75, 26.0, 9999.0, 1.25, 1.25, 19.5, 9999.0, 9999.0, 9999.0, 119.25, 122.75, 118.25, 101.75, 133.75
2023-04-06, 20:11:47, 131.0, 51.25, 18.75, 26.0, 9999.0, 1.25, 1.25, 19.5, 9999.0, 9999.0, 9999.0, 119.25, 123.0, 118.25, 102.0, 133.75
2023-04-06, 20:11:51, 131.0, 51.25, 18.75, 26.0, 9999.0, 1.0, 1.25, 19.5, 9999.0, 9999.0, 9999.0, 119.25, 123.0, 118.25, 102.0, 133.75
2023-04-06, 20:11:55, 131.0, 51.25, 18.75, 26.0, 9999.0, 1.0, 1.25, 19.5, 9999.0, 9999.0, 9999.0, 119.25, 123.0, 118.5, 102.0, 133.75
2023-04-06, 20:11:59, 131.0, 51.25, 18.75, 26.0, 9999.0, 1.0, 1.25, 19.5, 9999.0, 9999.0, 9999.0, 119.25, 123.0, 118.25, 102.0, 133.75
2023-04-06, 20:12:03, 131.0, 51.25, 18.75, 26.0, 9999.0, 1.0, 1.25, 19.5, 9999.0, 9999.0, 9999.0, 119.25, 123.0, 118.5, 102.0, 133.75
2023-04-06, 20:12:07, 131.0, 51.25, 18.75, 25.75, 9999.0, 1.0, 1.25, 19.5, 9999.0, 9999.0, 9999.0, 119.25, 123.0, 118.25, 102.0, 133.75
2023-04-06, 20:12:11, 131.0, 51.25, 18.75, 25.75, 9999.0, 1.0, 1.25, 19.5, 9999.0, 9999.0, 9999.0, 119.25, 123.0, 118.5, 102.0, 133.75
2023-04-06, 20:12:15, 131.0, 51.25, 18.75, 26.0, 9999.0, 1.0, 1.25, 19.5, 9999.0, 9999.0, 9999.0, 119.0, 123.0, 118.5, 102.0, 133.75
2023-04-06, 20:12:19, 131.0, 51.25, 18.75, 25.75, 9999.0, 1.0, 1.25, 19.5, 9999.0, 9999.0, 9999.0, 119.0, 123.0, 118.5, 102.0, 133.75
2023-04-06, 20:12:23, 131.0, 51.25, 18.75, 26.0, 9999.0, 1.0, 1.25, 19.5, 9999.0, 9999.0, 9999.0, 119.0, 123.0, 118.25, 102.0, 133.75
2023-04-06, 20:12:27, 131.0, 51.25, 18.75, 26.0, 9999.0, 1.0, 1.25, 19.5, 9999.0, 9999.0, 9999.0, 119.0, 123.0, 118.25, 102.0, 133.75
2023-04-06, 20:12:31, 131.0, 51.25, 19.0, 26.0, 9999.0, 1.0, 1.25, 19.5, 9999.0, 9999.0, 9999.0, 119.0, 123.0, 118.5, 102.0, 133.75
2023-04-06, 20:12:35, 131.0, 51.25, 18.75, 26.0, 9999.0, 1.0, 1.25, 19.5, 9999.0, 9999.0, 9999.0, 119.0, 123.0, 118.5, 102.0, 133.75
2023-04-06, 20:12:39, 131.0, 51.25, 19.0, 26.0, 9999.0, 1.0, 1.25, 19.5, 9999.0, 9999.0, 9999.0, 118.75, 123.0, 118.5, 102.0, 133.75
2023-04-06, 20:12:43, 131.0, 51.25, 18.75, 25.5, 9999.0, 1.0, 1.25, 19.5, 9999.0, 9999.0, 9999.0, 118.75, 123.0, 118.25, 102.0, 133.75
2023-04-06, 20:12:47, 131.0, 51.25, 18.75, 25.75, 9999.0, 1.25, 1.25, 19.5, 9999.0, 9999.0, 9999.0, 118.75, 123.0, 118.25, 102.0, 133.75
2023-04-06, 20:12:51, 131.0, 51.25, 18.75, 25.5, 9999.0, 1.25, 1.25, 19.5, 9999.0, 9999.0, 9999.0, 118.75, 123.0, 118.25, 102.0, 133.75
2023-04-06, 20:12:55, 131.0, 51.25, 18.75, 25.75, 9999.0, 1.25, 1.25, 19.5, 9999.0, 9999.0, 9999.0, 119.5, 123.0, 118.25, 102.0, 133.75
2023-04-06, 20:12:59, 131.0, 51.25, 18.75, 25.75, 9999.0, 1.25, 1.25, 19.5, 9999.0, 9999.0, 9999.0, 119.5, 123.0, 118.25, 102.0, 133.75
2023-04-06, 20:13:03, 131.0, 51.25, 18.75, 25.75, 9999.0, 1.25, 1.25, 19.5, 9999.0, 9999.0, 9999.0, 119.5, 123.0, 118.5, 102.0, 133.75
2023-04-06, 20:13:07, 131.0, 51.25, 18.75, 26.0, 9999.0, 1.25, 1.25, 19.5, 9999.0, 9999.0, 9999.0, 119.25, 123.0, 118.5, 102.0, 133.75
2023-04-06, 20:13:11, 131.0, 51.25, 18.75, 25.75, 9999.0, 1.0, 1.25, 19.5, 9999.0, 9999.0, 9999.0, 119.25, 122.75, 118.5, 102.0, 133.75
2023-04-06, 20:13:15, 131.0, 51.25, 18.75, 26.0, 9999.0, 1.0, 1.25, 19.5, 9999.0, 9999.0, 9999.0, 119.25, 122.75, 118.5, 102.0, 133.75
2023-04-06, 20:13:19, 131.0, 51.25, 18.75, 26.0, 9999.0, 1.0, 1.25, 19.5, 9999.0, 9999.0, 9999.0, 119.25, 123.0, 118.25, 102.0, 133.75
2023-04-06, 20:13:23, 131.0, 51.25, 18.75, 26.0, 9999.0, 1.0, 1.25, 19.5, 9999.0, 9999.0, 9999.0, 119.25, 123.0, 118.25, 102.0, 133.75
2023-04-06, 20:13:27, 131.0, 51.25, 19.0, 26.0, 9999.0, 1.0, 1.25, 19.5, 9999.0, 9999.0, 9999.0, 119.25, 123.0, 118.5, 102.0, 133.75
2023-04-06, 20:13:31, 131.0, 51.25, 18.75, 26.0, 9999.0, 1.0, 1.25, 19.5, 9999.0, 9999.0, 9999.0, 119.25, 123.0, 118.25, 102.0, 133.75
2023-04-06, 20:13:35, 131.0, 51.25, 18.75, 25.75, 9999.0, 1.0, 1.25, 19.5, 9999.0, 9999.0, 9999.0, 119.0, 123.0, 118.25, 102.0, 133.75
2023-04-06, 20:13:39, 131.0, 51.25, 18.75, 25.75, 9999.0, 1.0, 1.25, 19.5, 9999.0, 9999.0, 9999.0, 119.0, 123.0, 118.5, 102.0, 133.75
2023-04-06, 20:13:43, 131.0, 51.25, 18.75, 25.75, 9999.0, 1.0, 1.25, 19.5, 9999.0, 9999.0, 9999.0, 119.0, 123.0, 118.25, 102.0, 133.75
2023-04-06, 20:13:47, 131.0, 51.25, 18.75, 26.0, 9999.0, 0.75, 1.25, 19.5, 9999.0, 9999.0, 9999.0, 119.0, 123.0, 118.5, 102.0, 133.75
2023-04-06, 20:13:51, 131.0, 51.25, 18.75, 26.0, 9999.0, 1.0, 1.25, 19.5, 9999.0, 9999.0, 9999.0, 119.0, 123.0, 118.5, 102.0, 133.75
2023-04-06, 20:13:55, 131.0, 51.25, 18.75, 26.0, 9999.0, 0.75, 1.25, 19.5, 9999.0, 9999.0, 9999.0, 118.75, 123.0, 118.5, 102.0, 133.75
2023-04-06, 20:14:00, 131.0, 51.25, 18.75, 26.0, 9999.0, 1.0, 1.0, 19.5, 9999.0, 9999.0, 9999.0, 119.0, 123.0, 118.5, 102.0, 133.75
2023-04-06, 20:14:04, 131.0, 51.25, 18.75, 26.0, 9999.0, 1.0, 1.25, 19.5, 9999.0, 9999.0, 9999.0, 118.75, 123.0, 118.5, 102.0, 133.75
2023-04-06, 20:14:08, 131.0, 51.25, 18.75, 25.75, 9999.0, 1.25, 1.25, 19.5, 9999.0, 9999.0, 9999.0, 118.75, 123.0, 118.5, 102.0, 133.75
2023-04-06, 20:14:12, 131.0, 51.25, 18.75, 26.0, 9999.0, 1.25, 1.25, 19.5, 9999.0, 9999.0, 9999.0, 118.75, 123.0, 118.5, 102.0, 133.75
2023-04-06, 20:14:16, 131.0, 51.25, 18.75, 26.0, 9999.0, 1.25, 1.25, 19.5, 9999.0, 9999.0, 9999.0, 119.5, 123.0, 118.5, 102.0, 133.75
2023-04-06, 20:14:20, 131.0, 51.25, 18.75, 26.0, 9999.0, 1.25, 1.25, 19.5, 9999.0, 9999.0, 9999.0, 119.5, 123.0, 118.5, 102.0, 133.75
2023-04-06, 20:14:24, 131.0, 51.25, 18.75, 26.0, 9999.0, 1.0, 1.25, 19.5, 9999.0, 9999.0, 9999.0, 119.5, 123.0, 118.25, 102.0, 133.75
2023-04-06, 20:14:28, 131.0, 51.25, 19.0, 25.75, 9999.0, 1.25, 1.25, 19.5, 9999.0, 9999.0, 9999.0, 119.25, 123.0, 118.5, 102.0, 133.75
2023-04-06, 20:14:32, 131.0, 51.25, 18.5, 25.75, 9999.0, 1.0, 1.25, 19.5, 9999.0, 9999.0, 9999.0, 119.25, 123.0, 118.5, 102.0, 133.75
2023-04-06, 20:14:36, 131.0, 51.25, 18.75, 25.75, 9999.0, 1.0, 1.25, 19.5, 9999.0, 9999.0, 9999.0, 119.25, 122.75, 118.5, 102.0, 133.75
2023-04-06, 20:14:40, 131.0, 51.25, 18.75, 25.75, 9999.0, 1.0, 1.25, 19.5, 9999.0, 9999.0, 9999.0, 119.0, 123.0, 118.5, 102.0, 133.75
2023-04-06, 20:14:44, 131.0, 51.25, 18.75, 25.5, 9999.0, 1.0, 1.25, 19.5, 9999.0, 9999.0, 9999.0, 119.25, 123.0, 118.5, 102.0, 133.75
2023-04-06, 20:14:48, 131.0, 51.25, 18.5, 25.75, 9999.0, 1.0, 1.25, 19.5, 9999.0, 9999.0, 9999.0, 119.25, 123.0, 118.5, 102.0, 133.75
2023-04-06, 20:14:52, 131.0, 51.25, 18.75, 25.75, 9999.0, 1.0, 1.25, 19.5, 9999.0, 9999.0, 9999.0, 119.0, 123.0, 118.5, 102.0, 133.75
2023-04-06, 20:14:56, 131.0, 51.25, 18.75, 25.75, 9999.0, 1.0, 1.25, 19.5, 9999.0, 9999.0, 9999.0, 119.0, 123.0, 118.25, 102.0, 133.75
2023-04-06, 20:15:00, 131.0, 51.25, 19.0, 26.0, 9999.0, 0.75, 1.25, 19.5, 9999.0, 9999.0, 9999.0, 119.0, 123.0, 118.25, 102.0, 133.75
2023-04-06, 20:15:04, 131.0, 51.25, 18.75, 26.0, 9999.0, 1.0, 1.25, 19.5, 9999.0, 9999.0, 9999.0, 119.0, 123.0, 118.5, 102.0, 133.75
2023-04-06, 20:15:08, 131.0, 51.25, 18.75, 25.75, 9999.0, 1.0, 1.25, 19.5, 9999.0, 9999.0, 9999.0, 119.0, 123.0, 118.5, 102.0, 133.75
2023-04-06, 20:15:12, 131.0, 51.25, 18.75, 26.0, 9999.0, 0.75, 1.25, 19.5, 9999.0, 9999.0, 9999.0, 119.0, 123.0, 118.25, 102.0, 133.75
2023-04-06, 20:15:16, 131.0, 51.25, 18.75, 25.75, 9999.0, 0.75, 1.25, 19.5, 9999.0, 9999.0, 9999.0, 119.0, 123.0, 118.5, 102.0, 133.75
2023-04-06, 20:15:20, 131.0, 51.25, 18.75, 26.0, 9999.0, 1.0, 1.25, 19.25, 9999.0, 9999.0, 9999.0, 118.75, 123.0, 118.5, 102.0, 133.75
2023-04-06, 20:15:24, 131.0, 51.25, 18.75, 26.0, 9999.0, 1.0, 1.25, 19.5, 9999.0, 9999.0, 9999.0, 118.75, 123.0, 118.5, 102.0, 133.75
2023-04-06, 20:15:28, 131.0, 51.25, 19.0, 26.0, 9999.0, 1.25, 1.25, 19.5, 9999.0, 9999.0, 9999.0, 118.75, 123.0, 118.5, 102.0, 133.75
2023-04-06, 20:15:32, 131.0, 51.25, 19.0, 26.0, 9999.0, 1.25, 1.25, 19.5, 9999.0, 9999.0, 9999.0, 118.75, 123.0, 118.25, 102.0, 133.75
2023-04-06, 20:15:36, 131.0, 51.25, 18.75, 25.75, 9999.0, 1.25, 1.25, 19.5, 9999.0, 9999.0, 9999.0, 119.5, 123.0, 118.5, 102.0, 133.75
2023-04-06, 20:15:40, 131.0, 51.25, 19.0, 25.75, 9999.0, 1.25, 1.0, 19.5, 9999.0, 9999.0, 9999.0, 119.5, 123.0, 118.5, 102.0, 133.75
2023-04-06, 20:15:44, 131.0, 51.25, 18.75, 25.75, 9999.0, 1.25, 1.25, 19.5, 9999.0, 9999.0, 9999.0, 119.25, 123.0, 118.25, 102.0, 133.75
2023-04-06, 20:15:48, 131.0, 51.25, 18.75, 25.75, 9999.0, 1.0, 1.25, 19.5, 9999.0, 9999.0, 9999.0, 119.25, 123.0, 118.5, 102.0, 133.75
2023-04-06, 20:15:52, 131.0, 51.25, 18.75, 25.75, 9999.0, 1.0, 1.25, 19.5, 9999.0, 9999.0, 9999.0, 119.25, 123.0, 118.5, 102.0, 133.75
2023-04-06, 20:15:56, 131.0, 51.25, 18.75, 25.75, 9999.0, 1.0, 1.25, 19.5, 9999.0, 9999.0, 9999.0, 119.25, 123.0, 118.5, 102.0, 133.75
2023-04-06, 20:16:00, 130.75, 51.25, 18.75, 25.75, 9999.0, 1.0, 1.25, 19.5, 9999.0, 9999.0, 9999.0, 119.25, 123.0, 118.25, 102.0, 133.75
2023-04-06, 20:16:04, 131.0, 51.25, 18.75, 26.0, 9999.0, 1.0, 1.25, 19.5, 9999.0, 9999.0, 9999.0, 119.25, 123.0, 118.5, 102.0, 133.75
2023-04-06, 20:16:08, 131.0, 51.25, 18.75, 25.75, 9999.0, 1.0, 1.25, 19.5, 9999.0, 9999.0, 9999.0, 119.25, 123.25, 118.5, 102.0, 133.75
2023-04-06, 20:16:12, 131.0, 51.25, 18.75, 25.5, 9999.0, 1.0, 1.25, 19.5, 9999.0, 9999.0, 9999.0, 119.25, 123.0, 118.5, 102.0, 133.75
2023-04-06, 20:16:16, 131.0, 51.25, 18.75, 26.0, 9999.0, 1.0, 1.25, 19.5, 9999.0, 9999.0, 9999.0, 119.0, 123.0, 118.5, 102.0, 133.75
2023-04-06, 20:16:20, 131.0, 51.25, 18.75, 26.0, 9999.0, 0.75, 1.25, 19.5, 9999.0, 9999.0, 9999.0, 119.0, 123.0, 118.5, 102.0, 133.75
2023-04-06, 20:16:24, 131.0, 51.25, 18.75, 26.0, 9999.0, 1.0, 1.25, 19.5, 9999.0, 9999.0, 9999.0, 119.0, 123.0, 118.25, 102.0, 133.75
2023-04-06, 20:16:28, 131.0, 51.25, 19.0, 26.0, 9999.0, 1.0, 1.25, 19.5, 9999.0, 9999.0, 9999.0, 119.0, 123.0, 118.5, 102.0, 133.75
2023-04-06, 20:16:32, 131.0, 51.25, 19.0, 26.0, 9999.0, 0.75, 1.25, 19.5, 9999.0, 9999.0, 9999.0, 119.0, 123.0, 118.5, 102.0, 133.75
2023-04-06, 20:16:36, 131.0, 51.25, 19.0, 26.0, 9999.0, 0.75, 1.25, 19.5, 9999.0, 9999.0, 9999.0, 119.0, 123.0, 118.5, 102.0, 133.75
2023-04-06, 20:16:40, 131.0, 51.25, 19.0, 26.0, 9999.0, 1.0, 1.25, 19.5, 9999.0, 9999.0, 9999.0, 119.0, 123.0, 118.5, 102.0, 133.75
2023-04-06, 20:16:44, 131.0, 51.25, 19.0, 25.75, 9999.0, 1.0, 1.25, 19.5, 9999.0, 9999.0, 9999.0, 119.0, 123.0, 118.5, 102.0, 133.75
2023-04-06, 20:16:48, 131.0, 51.25, 19.0, 25.75, 9999.0, 1.0, 1.25, 19.5, 9999.0, 9999.0, 9999.0, 118.75, 123.0, 118.5, 102.0, 133.75
2023-04-06, 20:16:52, 131.0, 51.25, 18.75, 25.75, 9999.0, 1.25, 1.25, 19.5, 9999.0, 9999.0, 9999.0, 118.75, 123.0, 118.5, 102.0, 133.75
2023-04-06, 20:16:56, 131.0, 51.25, 18.75, 26.0, 9999.0, 1.25, 1.25, 19.5, 9999.0, 9999.0, 9999.0, 119.5, 123.0, 118.5, 102.0, 133.75
2023-04-06, 20:17:00, 131.0, 51.25, 18.75, 26.0, 9999.0, 1.25, 1.25, 19.5, 9999.0, 9999.0, 9999.0, 119.5, 123.0, 118.5, 102.0, 133.75
2023-04-06, 20:17:04, 131.0, 51.25, 18.75, 25.75, 9999.0, 1.25, 1.25, 19.5, 9999.0, 9999.0, 9999.0, 119.25, 123.0, 118.25, 102.0, 133.75
2023-04-06, 20:17:08, 131.0, 51.25, 18.75, 25.75, 9999.0, 1.0, 1.25, 19.5, 9999.0, 9999.0, 9999.0, 119.25, 123.0, 118.5, 102.0, 133.75
2023-04-06, 20:17:12, 130.75, 51.25, 18.75, 25.75, 9999.0, 1.0, 1.25, 19.5, 9999.0, 9999.0, 9999.0, 119.25, 122.75, 118.5, 102.0, 133.75
2023-04-06, 20:17:16, 130.75, 51.25, 18.75, 26.0, 9999.0, 1.0, 1.25, 19.5, 9999.0, 9999.0, 9999.0, 119.25, 123.0, 118.25, 102.0, 133.75
2023-04-06, 20:17:20, 131.0, 51.25, 18.75, 26.0, 9999.0, 1.0, 1.25, 19.5, 9999.0, 9999.0, 9999.0, 119.25, 122.75, 118.5, 102.0, 133.75
2023-04-06, 20:17:24, 131.0, 51.25, 18.75, 25.75, 9999.0, 1.0, 1.25, 19.5, 9999.0, 9999.0, 9999.0, 119.25, 123.0, 118.5, 102.0, 133.75
2023-04-06, 20:17:28, 131.0, 51.25, 18.75, 25.75, 9999.0, 1.0, 1.25, 19.25, 9999.0, 9999.0, 9999.0, 119.25, 123.0, 118.5, 102.0, 133.75
2023-04-06, 20:17:32, 131.0, 51.0, 18.75, 25.75, 9999.0, 0.75, 1.25, 19.5, 9999.0, 9999.0, 9999.0, 119.25, 123.0, 118.5, 102.0, 133.75
2023-04-06, 20:17:36, 131.0, 51.25, 18.75, 25.75, 9999.0, 1.0, 1.25, 19.5, 9999.0, 9999.0, 9999.0, 119.0, 123.0, 118.5, 102.0, 133.75
2023-04-06, 20:17:40, 131.0, 51.25, 18.75, 26.0, 9999.0, 0.75, 1.0, 19.5, 9999.0, 9999.0, 9999.0, 119.0, 123.0, 118.5, 102.0, 133.75
2023-04-06, 20:17:44, 131.0, 51.25, 18.75, 25.75, 9999.0, 1.0, 1.25, 19.5, 9999.0, 9999.0, 9999.0, 119.0, 123.0, 118.5, 101.75, 133.75
2023-04-06, 20:17:48, 131.0, 51.25, 18.75, 26.0, 9999.0, 0.75, 1.25, 19.5, 9999.0, 9999.0, 9999.0, 119.0, 123.0, 118.5, 102.0, 133.75
2023-04-06, 20:17:52, 130.75, 51.25, 18.75, 25.75, 9999.0, 1.0, 1.25, 19.5, 9999.0, 9999.0, 9999.0, 119.0, 123.0, 118.5, 102.0, 133.75
2023-04-06, 20:17:56, 131.0, 51.25, 18.75, 25.75, 9999.0, 0.75, 1.0, 19.5, 9999.0, 9999.0, 9999.0, 119.0, 123.0, 118.25, 102.0, 133.75
2023-04-06, 20:18:00, 131.0, 51.25, 18.75, 25.75, 9999.0, 1.0, 1.0, 19.5, 9999.0, 9999.0, 9999.0, 119.0, 123.0, 118.25, 102.0, 133.75
2023-04-06, 20:18:04, 130.75, 51.25, 18.75, 26.0, 9999.0, 1.0, 1.25, 19.5, 9999.0, 9999.0, 9999.0, 118.75, 123.0, 118.5, 102.0, 133.75
2023-04-06, 20:18:08, 131.0, 51.25, 18.75, 25.75, 9999.0, 1.0, 1.25, 19.5, 9999.0, 9999.0, 9999.0, 118.75, 123.0, 118.5, 102.0, 133.75
2023-04-06, 20:18:12, 131.0, 51.25, 18.75, 26.0, 9999.0, 1.25, 1.25, 19.5, 9999.0, 9999.0, 9999.0, 118.75, 123.0, 118.5, 102.0, 133.75
2023-04-06, 20:18:16, 130.75, 51.25, 18.75, 25.75, 9999.0, 1.25, 1.25, 19.5, 9999.0, 9999.0, 9999.0, 119.5, 123.0, 118.5, 102.0, 133.75
2023-04-06, 20:18:20, 131.0, 51.25, 18.75, 25.75, 9999.0, 1.0, 1.25, 19.5, 9999.0, 9999.0, 9999.0, 119.5, 123.0, 118.5, 102.0, 133.75
2023-04-06, 20:18:25, 131.0, 51.25, 18.75, 25.5, 9999.0, 1.0, 1.25, 19.5, 9999.0, 9999.0, 9999.0, 119.5, 122.75, 118.5, 102.0, 133.75
2023-04-06, 20:18:29, 131.0, 51.25, 18.75, 25.75, 9999.0, 1.0, 1.25, 19.5, 9999.0, 9999.0, 9999.0, 119.25, 122.75, 118.5, 102.0, 133.75
2023-04-06, 20:18:33, 131.0, 51.25, 18.75, 25.75, 9999.0, 1.0, 1.25, 19.5, 9999.0, 9999.0, 9999.0, 119.25, 123.0, 118.25, 102.0, 133.75
2023-04-06, 20:18:37, 131.0, 51.25, 18.75, 25.75, 9999.0, 1.0, 1.25, 19.5, 9999.0, 9999.0, 9999.0, 119.25, 123.0, 118.5, 102.0, 133.75
2023-04-06, 20:18:41, 131.0, 51.25, 18.75, 25.75, 9999.0, 1.0, 1.25, 19.5, 9999.0, 9999.0, 9999.0, 119.25, 122.75, 118.5, 102.0, 133.75
2023-04-06, 20:18:45, 131.0, 51.25, 18.75, 25.5, 9999.0, 1.0, 1.25, 19.5, 9999.0, 9999.0, 9999.0, 119.25, 122.75, 118.5, 102.0, 133.75
2023-04-06, 20:18:49, 131.0, 51.25, 18.75, 25.75, 9999.0, 1.0, 1.25, 19.5, 9999.0, 9999.0, 9999.0, 119.25, 123.0, 118.5, 102.0, 133.75
2023-04-06, 20:18:53, 131.0, 51.25, 18.75, 25.75, 9999.0, 1.0, 1.25, 19.5, 9999.0, 9999.0, 9999.0, 119.25, 123.0, 118.5, 102.0, 133.75
2023-04-06, 20:18:57, 131.0, 51.25, 19.0, 25.75, 9999.0, 1.0, 1.25, 19.5, 9999.0, 9999.0, 9999.0, 119.25, 123.0, 118.5, 102.0, 133.75
2023-04-06, 20:19:01, 131.0, 51.25, 18.75, 25.5, 9999.0, 0.75, 1.25, 19.5, 9999.0, 9999.0, 9999.0, 119.0, 123.0, 118.5, 102.0, 133.75
2023-04-06, 20:19:05, 131.0, 51.25, 18.75, 25.75, 9999.0, 1.0, 1.25, 19.5, 9999.0, 9999.0, 9999.0, 119.0, 123.0, 118.5, 102.0, 133.75
2023-04-06, 20:19:09, 131.0, 51.25, 18.75, 25.75, 9999.0, 1.0, 1.25, 19.5, 9999.0, 9999.0, 9999.0, 119.0, 123.0, 118.5, 102.0, 133.75
2023-04-06, 20:19:13, 131.0, 51.25, 18.75, 25.75, 9999.0, 0.75, 1.25, 19.5, 9999.0, 9999.0, 9999.0, 119.0, 123.0, 118.5, 102.0, 133.75
2023-04-06, 20:19:17, 131.0, 51.25, 18.75, 25.75, 9999.0, 0.75, 1.25, 19.5, 9999.0, 9999.0, 9999.0, 119.0, 123.0, 118.5, 102.0, 133.75
2023-04-06, 20:19:21, 131.0, 51.25, 18.75, 25.75, 9999.0, 1.0, 1.25, 19.5, 9999.0, 9999.0, 9999.0, 119.0, 123.0, 118.5, 102.0, 133.75
2023-04-06, 20:19:25, 131.0, 51.25, 18.75, 25.75, 9999.0, 1.0, 1.25, 19.5, 9999.0, 9999.0, 9999.0, 118.75, 123.0, 118.5, 102.0, 133.75
2023-04-06, 20:19:29, 131.0, 51.25, 18.75, 25.75, 9999.0, 1.0, 1.25, 19.5, 9999.0, 9999.0, 9999.0, 118.75, 123.0, 118.5, 102.25, 133.75
2023-04-06, 20:19:33, 131.0, 51.25, 18.75, 25.75, 9999.0, 1.25, 1.25, 19.5, 9999.0, 9999.0, 9999.0, 118.75, 123.0, 118.5, 102.0, 133.75
2023-04-06, 20:19:37, 131.0, 51.25, 18.75, 25.75, 9999.0, 1.25, 1.25, 19.5, 9999.0, 9999.0, 9999.0, 119.5, 123.0, 118.5, 102.0, 133.75
2023-04-06, 20:19:41, 131.0, 51.25, 18.75, 25.5, 9999.0, 1.25, 1.25, 19.5, 9999.0, 9999.0, 9999.0, 119.5, 123.0, 118.5, 102.0, 133.75
2023-04-06, 20:19:45, 131.0, 51.25, 18.75, 25.75, 9999.0, 1.25, 1.25, 19.5, 9999.0, 9999.0, 9999.0, 119.25, 123.0, 118.5, 102.0, 133.75
2023-04-06, 20:19:49, 131.0, 51.25, 18.75, 25.75, 9999.0, 1.0, 1.25, 19.5, 9999.0, 9999.0, 9999.0, 119.25, 123.0, 118.5, 102.0, 133.75
2023-04-06, 20:19:53, 131.0, 51.25, 18.75, 25.75, 9999.0, 1.0, 1.25, 19.5, 9999.0, 9999.0, 9999.0, 119.25, 123.0, 118.25, 102.0, 133.75
2023-04-06, 20:19:57, 131.0, 51.25, 18.75, 26.0, 9999.0, 1.0, 1.25, 19.5, 9999.0, 9999.0, 9999.0, 119.25, 123.0, 118.25, 102.0, 133.75
2023-04-06, 20:20:01, 131.0, 51.25, 18.75, 25.75, 9999.0, 1.0, 1.25, 19.5, 9999.0, 9999.0, 9999.0, 119.25, 122.75, 118.5, 102.0, 133.75
2023-04-06, 20:20:05, 131.0, 51.25, 18.75, 26.0, 9999.0, 1.0, 1.25, 19.5, 9999.0, 9999.0, 9999.0, 119.0, 123.0, 118.25, 102.0, 133.75
2023-04-06, 20:20:09, 131.0, 51.25, 18.75, 26.0, 9999.0, 1.0, 1.25, 19.5, 9999.0, 9999.0, 9999.0, 119.25, 123.25, 118.25, 102.25, 133.75
2023-04-06, 20:20:13, 131.0, 51.25, 18.75, 26.0, 9999.0, 1.0, 1.25, 19.5, 9999.0, 9999.0, 9999.0, 119.25, 123.0, 118.5, 102.25, 133.75
2023-04-06, 20:20:17, 131.0, 51.25, 18.75, 26.0, 9999.0, 1.0, 1.25, 19.5, 9999.0, 9999.0, 9999.0, 119.0, 123.0, 118.5, 102.25, 133.75
2023-04-06, 20:20:21, 131.0, 51.25, 18.75, 26.0, 9999.0, 1.0, 1.25, 19.5, 9999.0, 9999.0, 9999.0, 119.25, 123.0, 118.25, 102.0, 133.75
2023-04-06, 20:20:25, 131.0, 51.25, 19.0, 26.0, 9999.0, 1.0, 1.25, 19.5, 9999.0, 9999.0, 9999.0, 119.0, 123.0, 118.25, 102.0, 133.75
2023-04-06, 20:20:29, 131.0, 51.25, 18.75, 26.0, 9999.0, 1.0, 1.25, 19.5, 9999.0, 9999.0, 9999.0, 119.0, 123.0, 118.25, 102.0, 133.75
2023-04-06, 20:20:33, 131.0, 51.25, 19.0, 26.0, 9999.0, 1.0, 1.25, 19.5, 9999.0, 9999.0, 9999.0, 119.0, 123.0, 118.25, 102.25, 133.75
2023-04-06, 20:20:37, 131.0, 51.25, 19.0, 26.0, 9999.0, 1.0, 1.25, 19.5, 9999.0, 9999.0, 9999.0, 119.0, 123.0, 118.5, 102.0, 133.75
2023-04-06, 20:20:41, 131.0, 51.25, 19.0, 26.0, 9999.0, 1.0, 1.25, 19.5, 9999.0, 9999.0, 9999.0, 119.0, 123.0, 118.5, 102.25, 133.75
2023-04-06, 20:20:45, 131.0, 51.25, 18.75, 26.0, 9999.0, 1.0, 1.25, 19.5, 9999.0, 9999.0, 9999.0, 119.0, 123.0, 118.5, 102.25, 133.75
2023-04-06, 20:20:49, 131.0, 51.25, 18.75, 26.0, 9999.0, 1.0, 1.25, 19.5, 9999.0, 9999.0, 9999.0, 119.0, 123.0, 118.25, 102.25, 133.75
2023-04-06, 20:20:53, 131.0, 51.25, 19.0, 26.0, 9999.0, 1.25, 1.25, 19.75, 9999.0, 9999.0, 9999.0, 118.75, 123.0, 118.25, 102.25, 133.75
2023-04-06, 20:20:57, 131.0, 51.25, 18.75, 26.0, 9999.0, 1.25, 1.25, 19.5, 9999.0, 9999.0, 9999.0, 119.5, 123.0, 118.5, 102.25, 133.75
2023-04-06, 20:21:01, 131.0, 51.25, 19.0, 26.0, 9999.0, 1.25, 1.25, 19.5, 9999.0, 9999.0, 9999.0, 119.5, 123.0, 118.5, 102.25, 133.75
2023-04-06, 20:21:05, 131.0, 51.25, 19.0, 26.0, 9999.0, 1.25, 1.25, 19.5, 9999.0, 9999.0, 9999.0, 119.5, 123.0, 118.5, 102.25, 133.75
2023-04-06, 20:21:09, 131.0, 51.25, 18.75, 26.0, 9999.0, 1.25, 1.25, 19.5, 9999.0, 9999.0, 9999.0, 119.5, 123.0, 118.5, 102.25, 133.75
2023-04-06, 20:21:13, 131.0, 51.25, 19.0, 25.75, 9999.0, 1.25, 1.25, 19.5, 9999.0, 9999.0, 9999.0, 119.5, 123.0, 118.5, 102.0, 133.75
2023-04-06, 20:21:17, 131.0, 51.25, 19.0, 25.75, 9999.0, 1.0, 1.25, 19.5, 9999.0, 9999.0, 9999.0, 119.25, 123.0, 118.5, 102.25, 134.0
2023-04-06, 20:21:21, 131.0, 51.5, 19.0, 25.75, 9999.0, 1.0, 1.25, 19.5, 9999.0, 9999.0, 9999.0, 119.25, 123.0, 118.5, 102.25, 133.75
2023-04-06, 20:21:25, 131.0, 51.5, 19.0, 25.75, 9999.0, 1.0, 1.25, 19.5, 9999.0, 9999.0, 9999.0, 119.25, 123.0, 118.25, 102.25, 133.75
2023-04-06, 20:21:29, 131.0, 51.25, 18.75, 25.75, 9999.0, 1.0, 1.25, 19.5, 9999.0, 9999.0, 9999.0, 119.25, 123.0, 118.5, 102.25, 133.75
2023-04-06, 20:21:33, 131.0, 51.25, 19.0, 25.75, 9999.0, 1.0, 1.25, 19.5, 9999.0, 9999.0, 9999.0, 119.25, 123.0, 118.5, 102.25, 134.0
2023-04-06, 20:21:37, 131.0, 51.25, 19.0, 26.0, 9999.0, 1.0, 1.25, 19.5, 9999.0, 9999.0, 9999.0, 119.25, 123.0, 118.5, 102.25, 133.75
2023-04-06, 20:21:41, 131.0, 51.5, 19.0, 26.0, 9999.0, 1.0, 1.25, 19.5, 9999.0, 9999.0, 9999.0, 119.25, 123.0, 118.5, 102.25, 134.0
2023-04-06, 20:21:45, 131.0, 51.25, 19.0, 26.0, 9999.0, 1.0, 1.25, 19.5, 9999.0, 9999.0, 9999.0, 119.25, 123.0, 118.25, 102.25, 133.75
2023-04-06, 20:21:49, 131.0, 51.5, 18.75, 25.75, 9999.0, 1.0, 1.25, 19.75, 9999.0, 9999.0, 9999.0, 119.0, 123.0, 118.5, 102.25, 133.75
2023-04-06, 20:21:53, 131.0, 51.25, 18.75, 26.0, 9999.0, 1.0, 1.25, 19.75, 9999.0, 9999.0, 9999.0, 119.0, 123.0, 118.5, 102.25, 133.75
2023-04-06, 20:21:57, 131.25, 51.5, 19.0, 26.0, 9999.0, 1.0, 1.25, 19.5, 9999.0, 9999.0, 9999.0, 119.0, 123.0, 118.5, 102.25, 133.75
2023-04-06, 20:22:01, 131.0, 51.25, 19.0, 26.0, 9999.0, 1.25, 1.25, 19.75, 9999.0, 9999.0, 9999.0, 119.0, 123.0, 118.5, 102.25, 133.75
2023-04-06, 20:22:05, 131.25, 51.25, 19.0, 26.0, 9999.0, 1.25, 1.25, 19.5, 9999.0, 9999.0, 9999.0, 119.0, 123.0, 118.5, 102.25, 134.0
2023-04-06, 20:22:09, 131.25, 51.5, 19.0, 26.0, 9999.0, 1.25, 1.25, 19.5, 9999.0, 9999.0, 9999.0, 119.0, 123.0, 118.5, 102.0, 133.75
2023-04-06, 20:22:13, 131.25, 51.5, 19.0, 26.0, 9999.0, 1.5, 1.25, 19.75, 9999.0, 9999.0, 9999.0, 119.0, 123.0, 118.5, 102.0, 134.0
2023-04-06, 20:22:17, 131.25, 51.25, 19.0, 26.0, 9999.0, 1.25, 1.25, 19.5, 9999.0, 9999.0, 9999.0, 119.75, 123.0, 118.5, 102.0, 134.0
2023-04-06, 20:22:21, 131.25, 51.5, 19.0, 26.0, 9999.0, 1.25, 1.25, 19.5, 9999.0, 9999.0, 9999.0, 119.5, 123.0, 118.5, 102.25, 133.75
2023-04-06, 20:22:25, 131.0, 51.25, 19.0, 26.0, 9999.0, 1.25, 1.5, 19.5, 9999.0, 9999.0, 9999.0, 119.5, 123.0, 118.5, 102.0, 133.75
2023-04-06, 20:22:29, 131.0, 51.25, 18.75, 26.0, 9999.0, 1.25, 1.5, 19.75, 9999.0, 9999.0, 9999.0, 119.5, 123.0, 118.5, 102.25, 133.75
2023-04-06, 20:22:33, 131.25, 51.25, 19.0, 26.0, 9999.0, 1.25, 1.5, 19.5, 9999.0, 9999.0, 9999.0, 119.25, 123.0, 118.5, 102.25, 134.0
2023-04-06, 20:22:37, 131.25, 51.25, 19.0, 26.0, 9999.0, 1.25, 1.5, 19.5, 9999.0, 9999.0, 9999.0, 119.25, 123.0, 118.5, 102.0, 133.75
2023-04-06, 20:22:41, 131.0, 51.25, 18.75, 26.0, 9999.0, 1.0, 1.5, 19.75, 9999.0, 9999.0, 9999.0, 119.25, 123.0, 118.25, 102.25, 133.75
2023-04-06, 20:22:45, 131.25, 51.5, 19.0, 26.0, 9999.0, 1.0, 1.25, 19.75, 9999.0, 9999.0, 9999.0, 119.25, 123.0, 118.5, 102.0, 133.75
2023-04-06, 20:22:49, 131.0, 51.5, 19.0, 25.75, 9999.0, 1.0, 1.25, 19.5, 9999.0, 9999.0, 9999.0, 119.25, 123.25, 118.5, 102.25, 134.0
2023-04-06, 20:22:54, 131.25, 51.5, 19.0, 25.75, 9999.0, 1.0, 1.5, 19.75, 9999.0, 9999.0, 9999.0, 119.25, 123.0, 118.5, 102.25, 134.0
2023-04-06, 20:22:58, 131.25, 51.5, 19.0, 26.0, 9999.0, 1.0, 1.25, 19.75, 9999.0, 9999.0, 9999.0, 119.25, 123.0, 118.5, 102.25, 134.0
2023-04-06, 20:23:02, 131.0, 51.5, 19.0, 26.0, 9999.0, 1.0, 1.25, 19.75, 9999.0, 9999.0, 9999.0, 119.25, 123.0, 118.5, 102.25, 133.75
2023-04-06, 20:23:06, 131.25, 51.5, 18.75, 26.0, 9999.0, 1.0, 1.25, 19.75, 9999.0, 9999.0, 9999.0, 119.25, 123.0, 118.5, 102.0, 133.75
2023-04-06, 20:23:10, 131.25, 51.5, 18.75, 25.75, 9999.0, 1.0, 1.25, 19.5, 9999.0, 9999.0, 9999.0, 119.0, 123.0, 118.5, 102.25, 133.75
2023-04-06, 20:23:14, 131.0, 51.5, 19.0, 25.75, 9999.0, 1.0, 1.25, 19.75, 9999.0, 9999.0, 9999.0, 119.0, 123.0, 118.5, 102.25, 134.0
2023-04-06, 20:23:18, 131.0, 51.5, 19.0, 25.75, 9999.0, 1.0, 1.25, 19.5, 9999.0, 9999.0, 9999.0, 119.0, 123.0, 118.5, 102.25, 133.75
2023-04-06, 20:23:22, 131.25, 51.5, 19.0, 26.0, 9999.0, 1.25, 1.25, 19.5, 9999.0, 9999.0, 9999.0, 119.0, 123.0, 118.5, 102.25, 133.75
2023-04-06, 20:23:26, 131.0, 51.5, 19.0, 26.0, 9999.0, 1.0, 1.25, 19.5, 9999.0, 9999.0, 9999.0, 119.0, 123.0, 118.5, 102.25, 133.75
2023-04-06, 20:23:30, 131.0, 51.5, 19.0, 25.75, 9999.0, 1.25, 1.25, 19.5, 9999.0, 9999.0, 9999.0, 119.0, 123.0, 118.5, 102.25, 133.75
2023-04-06, 20:23:34, 131.0, 51.25, 18.75, 25.75, 9999.0, 1.25, 1.5, 19.75, 9999.0, 9999.0, 9999.0, 119.0, 123.0, 118.5, 102.0, 133.75
2023-04-06, 20:23:38, 131.25, 51.5, 18.75, 26.0, 9999.0, 1.25, 1.25, 19.75, 9999.0, 9999.0, 9999.0, 119.0, 123.0, 118.5, 102.0, 133.75
2023-04-06, 20:23:42, 131.0, 51.5, 19.0, 26.0, 9999.0, 1.25, 1.5, 19.75, 9999.0, 9999.0, 9999.0, 119.5, 123.0, 118.5, 102.0, 133.75
2023-04-06, 20:23:46, 131.0, 51.5, 18.75, 26.0, 9999.0, 1.25, 1.5, 19.75, 9999.0, 9999.0, 9999.0, 119.5, 123.0, 118.25, 102.0, 133.75
2023-04-06, 20:23:50, 131.25, 51.5, 19.0, 26.0, 9999.0, 1.25, 1.5, 19.75, 9999.0, 9999.0, 9999.0, 119.5, 123.0, 118.5, 102.0, 133.75
2023-04-06, 20:23:54, 131.25, 51.5, 18.75, 25.75, 9999.0, 1.25, 1.5, 19.75, 9999.0, 9999.0, 9999.0, 119.5, 123.0, 118.5, 102.0, 133.75
2023-04-06, 20:23:58, 131.0, 51.5, 18.75, 26.0, 9999.0, 1.25, 1.25, 19.75, 9999.0, 9999.0, 9999.0, 119.25, 123.0, 118.25, 102.0, 133.75
2023-04-06, 20:24:02, 131.0, 51.25, 19.0, 26.0, 9999.0, 1.0, 1.5, 19.75, 9999.0, 9999.0, 9999.0, 119.25, 123.0, 118.5, 102.0, 133.75
2023-04-06, 20:24:06, 131.25, 51.5, 18.75, 26.25, 9999.0, 1.25, 1.25, 19.5, 9999.0, 9999.0, 9999.0, 119.25, 123.0, 118.5, 102.0, 133.75
2023-04-06, 20:24:10, 131.0, 51.25, 18.75, 26.0, 9999.0, 1.0, 1.25, 19.5, 9999.0, 9999.0, 9999.0, 119.25, 123.0, 118.25, 102.0, 134.0
2023-04-06, 20:24:14, 131.0, 51.5, 18.75, 26.25, 9999.0, 1.0, 1.25, 19.75, 9999.0, 9999.0, 9999.0, 119.25, 123.25, 118.5, 102.0, 133.75
2023-04-06, 20:24:18, 131.25, 51.5, 19.0, 26.25, 9999.0, 1.0, 1.5, 19.75, 9999.0, 9999.0, 9999.0, 119.25, 123.25, 118.5, 102.25, 134.0
2023-04-06, 20:24:22, 131.25, 51.5, 19.0, 26.0, 9999.0, 1.0, 1.25, 19.5, 9999.0, 9999.0, 9999.0, 119.25, 123.25, 118.5, 102.25, 134.0
2023-04-06, 20:24:26, 131.25, 51.25, 19.0, 26.0, 9999.0, 1.0, 1.25, 19.5, 9999.0, 9999.0, 9999.0, 119.25, 123.0, 118.5, 102.25, 134.0
2023-04-06, 20:24:30, 131.0, 51.25, 19.0, 26.0, 9999.0, 1.0, 1.25, 19.5, 9999.0, 9999.0, 9999.0, 119.0, 123.0, 118.5, 102.0, 134.0
2023-04-06, 20:24:34, 131.25, 51.5, 18.75, 26.0, 9999.0, 1.0, 1.25, 19.5, 9999.0, 9999.0, 9999.0, 119.0, 123.25, 118.5, 102.0, 133.75
2023-04-06, 20:24:38, 131.25, 51.5, 18.75, 25.75, 9999.0, 1.0, 1.25, 19.5, 9999.0, 9999.0, 9999.0, 119.0, 123.0, 118.5, 102.25, 133.75
2023-04-06, 20:24:42, 131.25, 51.5, 19.0, 25.75, 9999.0, 1.25, 1.25, 19.75, 9999.0, 9999.0, 9999.0, 119.0, 123.0, 118.5, 102.0, 133.75
2023-04-06, 20:24:46, 131.25, 51.25, 19.0, 26.0, 9999.0, 1.25, 1.25, 19.5, 9999.0, 9999.0, 9999.0, 119.0, 123.0, 118.5, 102.0, 133.75
2023-04-06, 20:24:50, 131.25, 51.25, 19.0, 26.0, 9999.0, 1.25, 1.25, 19.5, 9999.0, 9999.0, 9999.0, 119.0, 123.0, 118.5, 102.0, 133.75
2023-04-06, 20:24:54, 131.0, 51.5, 19.0, 26.0, 9999.0, 1.25, 1.25, 19.5, 9999.0, 9999.0, 9999.0, 119.0, 123.0, 118.5, 102.0, 133.75
2023-04-06, 20:24:58, 131.25, 51.5, 19.0, 25.75, 9999.0, 1.5, 1.25, 19.75, 9999.0, 9999.0, 9999.0, 119.0, 123.0, 118.5, 102.0, 134.0
2023-04-06, 20:25:02, 131.25, 51.25, 19.0, 25.75, 9999.0, 1.25, 1.25, 19.75, 9999.0, 9999.0, 9999.0, 119.5, 123.0, 118.5, 102.0, 133.75
2023-04-06, 20:25:06, 131.25, 51.25, 19.0, 25.75, 9999.0, 1.25, 1.25, 19.5, 9999.0, 9999.0, 9999.0, 119.5, 123.0, 118.5, 102.25, 133.75
2023-04-06, 20:25:10, 131.25, 51.25, 18.75, 25.75, 9999.0, 1.25, 1.25, 19.75, 9999.0, 9999.0, 9999.0, 119.5, 123.0, 118.5, 102.0, 133.75
2023-04-06, 20:25:14, 131.0, 51.25, 19.0, 25.75, 9999.0, 1.25, 1.25, 19.75, 9999.0, 9999.0, 9999.0, 119.5, 123.0, 118.25, 102.0, 133.75
2023-04-06, 20:25:18, 131.25, 51.25, 18.75, 26.0, 9999.0, 1.25, 1.5, 19.75, 9999.0, 9999.0, 9999.0, 119.25, 122.75, 118.5, 102.25, 133.75
2023-04-06, 20:25:22, 131.25, 51.5, 19.0, 26.0, 9999.0, 1.0, 1.25, 19.5, 9999.0, 9999.0, 9999.0, 119.25, 122.75, 118.25, 102.25, 133.75
2023-04-06, 20:25:26, 131.0, 51.25, 19.0, 26.0, 9999.0, 1.0, 1.25, 19.5, 9999.0, 9999.0, 9999.0, 119.25, 122.75, 118.5, 102.25, 133.75
2023-04-06, 20:25:30, 131.0, 51.25, 19.0, 26.0, 9999.0, 1.25, 1.5, 19.75, 9999.0, 9999.0, 9999.0, 119.25, 123.0, 118.5, 102.0, 133.75
2023-04-06, 20:25:34, 131.0, 51.5, 19.0, 26.0, 9999.0, 1.0, 1.25, 19.5, 9999.0, 9999.0, 9999.0, 119.25, 123.0, 118.25, 102.25, 133.75
2023-04-06, 20:25:38, 131.0, 51.5, 19.0, 26.0, 9999.0, 1.0, 1.25, 19.5, 9999.0, 9999.0, 9999.0, 119.25, 123.25, 118.5, 102.25, 133.75
2023-04-06, 20:25:42, 131.0, 51.5, 19.0, 26.25, 9999.0, 1.0, 1.25, 19.75, 9999.0, 9999.0, 9999.0, 119.25, 123.0, 118.5, 102.0, 133.75
2023-04-06, 20:25:46, 131.25, 51.5, 18.75, 26.0, 9999.0, 1.0, 1.25, 19.5, 9999.0, 9999.0, 9999.0, 119.25, 123.0, 118.5, 102.0, 134.0
2023-04-06, 20:25:50, 131.0, 51.5, 19.0, 26.25, 9999.0, 1.0, 1.25, 19.75, 9999.0, 9999.0, 9999.0, 119.0, 123.25, 118.25, 102.0, 134.0
2023-04-06, 20:25:54, 131.25, 51.5, 19.0, 26.0, 9999.0, 1.0, 1.25, 19.5, 9999.0, 9999.0, 9999.0, 119.0, 123.25, 118.5, 102.25, 133.75
2023-04-06, 20:25:58, 131.25, 51.5, 18.75, 25.75, 9999.0, 1.0, 1.25, 19.5, 9999.0, 9999.0, 9999.0, 119.0, 123.0, 118.5, 102.25, 133.75
2023-04-06, 20:26:02, 131.25, 51.5, 19.0, 25.75, 9999.0, 1.0, 1.25, 19.5, 9999.0, 9999.0, 9999.0, 119.0, 123.0, 118.5, 102.25, 133.75
2023-04-06, 20:26:06, 131.0, 51.5, 19.0, 26.0, 9999.0, 1.0, 1.25, 19.5, 9999.0, 9999.0, 9999.0, 119.0, 123.0, 118.5, 102.0, 133.75
2023-04-06, 20:26:10, 131.0, 51.5, 19.0, 25.75, 9999.0, 1.0, 1.25, 19.5, 9999.0, 9999.0, 9999.0, 119.0, 123.0, 118.5, 102.0, 133.75
2023-04-06, 20:26:14, 131.0, 51.25, 19.0, 25.75, 9999.0, 1.25, 1.25, 19.5, 9999.0, 9999.0, 9999.0, 119.0, 123.0, 118.5, 102.0, 133.75
2023-04-06, 20:26:18, 131.0, 51.25, 19.0, 25.75, 9999.0, 1.25, 1.25, 19.5, 9999.0, 9999.0, 9999.0, 119.0, 123.0, 118.5, 102.0, 133.75
2023-04-06, 20:26:22, 131.25, 51.25, 19.0, 26.0, 9999.0, 1.25, 1.25, 19.5, 9999.0, 9999.0, 9999.0, 119.75, 123.0, 118.5, 102.25, 133.75
2023-04-06, 20:26:26, 131.0, 51.25, 18.75, 26.0, 9999.0, 1.25, 1.25, 19.5, 9999.0, 9999.0, 9999.0, 119.5, 123.0, 118.5, 102.0, 133.75
2023-04-06, 20:26:30, 131.0, 51.5, 19.0, 26.0, 9999.0, 1.25, 1.25, 19.5, 9999.0, 9999.0, 9999.0, 119.5, 123.0, 118.5, 102.25, 133.75
2023-04-06, 20:26:34, 131.25, 51.5, 19.0, 26.0, 9999.0, 1.25, 1.25, 19.75, 9999.0, 9999.0, 9999.0, 119.5, 123.0, 118.25, 102.25, 133.75
2023-04-06, 20:26:38, 131.25, 51.25, 19.0, 25.75, 9999.0, 1.25, 1.5, 19.5, 9999.0, 9999.0, 9999.0, 119.5, 122.75, 118.5, 102.25, 133.75
2023-04-06, 20:26:42, 131.25, 51.25, 18.75, 26.0, 9999.0, 1.0, 1.25, 19.5, 9999.0, 9999.0, 9999.0, 119.25, 122.75, 118.5, 102.25, 133.75
2023-04-06, 20:26:46, 131.0, 51.25, 19.0, 26.0, 9999.0, 1.0, 1.25, 19.5, 9999.0, 9999.0, 9999.0, 119.25, 122.75, 118.25, 102.0, 133.75
2023-04-06, 20:26:50, 131.0, 51.25, 19.0, 26.0, 9999.0, 1.0, 1.25, 19.5, 9999.0, 9999.0, 9999.0, 119.25, 123.0, 118.25, 102.25, 133.75
2023-04-06, 20:26:54, 131.0, 51.5, 19.0, 26.0, 9999.0, 1.0, 1.25, 19.75, 9999.0, 9999.0, 9999.0, 119.25, 123.0, 118.5, 102.25, 134.0
2023-04-06, 20:26:58, 131.25, 51.25, 19.0, 26.0, 9999.0, 1.0, 1.25, 19.5, 9999.0, 9999.0, 9999.0, 119.25, 123.0, 118.5, 102.25, 133.75
2023-04-06, 20:27:02, 131.25, 51.5, 18.75, 25.75, 9999.0, 1.0, 1.25, 19.5, 9999.0, 9999.0, 9999.0, 119.25, 123.0, 118.5, 102.0, 133.75
2023-04-06, 20:27:06, 131.0, 51.25, 19.0, 26.0, 9999.0, 1.0, 1.25, 19.5, 9999.0, 9999.0, 9999.0, 119.25, 123.0, 118.25, 102.0, 133.75
2023-04-06, 20:27:10, 131.25, 51.25, 18.75, 26.0, 9999.0, 1.0, 1.25, 19.5, 9999.0, 9999.0, 9999.0, 119.0, 123.0, 118.25, 102.25, 133.75
2023-04-06, 20:27:14, 131.0, 51.25, 18.75, 26.0, 9999.0, 1.0, 1.25, 19.5, 9999.0, 9999.0, 9999.0, 119.0, 123.0, 118.5, 102.25, 133.75
2023-04-06, 20:27:19, 131.0, 51.25, 18.75, 25.75, 9999.0, 1.0, 1.25, 19.5, 9999.0, 9999.0, 9999.0, 119.0, 123.0, 118.25, 102.0, 133.75
2023-04-06, 20:27:23, 131.0, 51.25, 18.75, 25.75, 9999.0, 1.0, 1.25, 19.5, 9999.0, 9999.0, 9999.0, 119.0, 123.0, 118.5, 102.0, 133.75
2023-04-06, 20:27:27, 131.0, 51.25, 18.75, 26.0, 9999.0, 1.0, 1.25, 19.5, 9999.0, 9999.0, 9999.0, 119.0, 123.0, 118.5, 102.0, 133.75
2023-04-06, 20:27:31, 131.0, 51.25, 19.0, 26.0, 9999.0, 1.25, 1.25, 19.5, 9999.0, 9999.0, 9999.0, 119.0, 123.0, 118.5, 102.0, 133.75
2023-04-06, 20:27:35, 131.0, 51.5, 18.75, 26.0, 9999.0, 1.25, 1.25, 19.5, 9999.0, 9999.0, 9999.0, 119.0, 123.0, 118.5, 102.0, 133.75
2023-04-06, 20:27:39, 131.0, 51.5, 18.75, 26.0, 9999.0, 1.25, 1.25, 19.75, 9999.0, 9999.0, 9999.0, 118.75, 123.0, 118.5, 102.0, 133.75
2023-04-06, 20:27:43, 131.0, 51.5, 18.75, 26.0, 9999.0, 1.25, 1.25, 19.5, 9999.0, 9999.0, 9999.0, 119.75, 123.0, 118.5, 102.0, 133.75
2023-04-06, 20:27:47, 131.25, 51.25, 18.75, 26.0, 9999.0, 1.25, 1.25, 19.5, 9999.0, 9999.0, 9999.0, 119.5, 123.0, 118.5, 102.0, 133.75
2023-04-06, 20:27:51, 131.0, 51.25, 18.75, 26.25, 9999.0, 1.25, 1.25, 19.5, 9999.0, 9999.0, 9999.0, 119.5, 123.0, 118.5, 102.0, 133.75
2023-04-06, 20:27:55, 131.0, 51.25, 18.75, 26.0, 9999.0, 1.25, 1.5, 19.5, 9999.0, 9999.0, 9999.0, 119.5, 123.0, 118.5, 102.25, 133.75
2023-04-06, 20:27:59, 131.0, 51.25, 19.0, 25.75, 9999.0, 1.25, 1.25, 19.5, 9999.0, 9999.0, 9999.0, 119.25, 123.0, 118.5, 102.0, 133.75
2023-04-06, 20:28:03, 131.0, 51.5, 19.0, 26.0, 9999.0, 1.0, 1.25, 19.5, 9999.0, 9999.0, 9999.0, 119.25, 123.0, 118.5, 102.0, 133.75
2023-04-06, 20:28:07, 131.0, 51.25, 18.75, 26.0, 9999.0, 1.0, 1.25, 19.5, 9999.0, 9999.0, 9999.0, 119.25, 123.0, 118.5, 102.0, 133.75
2023-04-06, 20:28:11, 131.0, 51.25, 19.0, 26.0, 9999.0, 1.0, 1.25, 19.5, 9999.0, 9999.0, 9999.0, 119.25, 123.0, 118.5, 102.0, 133.75
2023-04-06, 20:28:15, 131.25, 51.25, 19.0, 26.0, 9999.0, 1.0, 1.25, 19.5, 9999.0, 9999.0, 9999.0, 119.25, 123.25, 118.5, 102.25, 134.0
2023-04-06, 20:28:19, 131.0, 51.25, 19.0, 26.0, 9999.0, 1.0, 1.25, 19.5, 9999.0, 9999.0, 9999.0, 119.25, 123.0, 118.5, 102.25, 133.75
2023-04-06, 20:28:23, 131.25, 51.25, 19.0, 26.0, 9999.0, 1.0, 1.25, 19.5, 9999.0, 9999.0, 9999.0, 119.25, 123.0, 118.5, 102.0, 133.75
2023-04-06, 20:28:27, 131.0, 51.25, 18.75, 26.0, 9999.0, 1.0, 1.25, 19.5, 9999.0, 9999.0, 9999.0, 119.25, 123.0, 118.25, 102.0, 133.75
2023-04-06, 20:28:31, 131.0, 51.25, 19.0, 26.25, 9999.0, 1.0, 1.25, 19.5, 9999.0, 9999.0, 9999.0, 119.0, 123.0, 118.5, 102.0, 134.0
2023-04-06, 20:28:35, 131.0, 51.25, 19.0, 26.0, 9999.0, 1.0, 1.25, 19.5, 9999.0, 9999.0, 9999.0, 119.0, 123.0, 118.5, 102.0, 133.75
2023-04-06, 20:28:39, 131.0, 51.25, 19.0, 26.0, 9999.0, 1.0, 1.25, 19.5, 9999.0, 9999.0, 9999.0, 119.0, 123.0, 118.5, 102.0, 134.0
2023-04-06, 20:28:43, 131.0, 51.25, 19.0, 26.0, 9999.0, 1.0, 1.25, 19.5, 9999.0, 9999.0, 9999.0, 119.0, 123.0, 118.5, 102.25, 134.0
2023-04-06, 20:28:47, 131.0, 51.25, 18.75, 26.0, 9999.0, 1.0, 1.25, 19.5, 9999.0, 9999.0, 9999.0, 119.0, 123.0, 118.5, 102.0, 133.75
2023-04-06, 20:28:51, 131.0, 51.25, 18.75, 25.75, 9999.0, 1.0, 1.25, 19.5, 9999.0, 9999.0, 9999.0, 119.0, 123.0, 118.5, 102.0, 133.75
2023-04-06, 20:28:55, 131.0, 51.25, 19.0, 26.0, 9999.0, 1.25, 1.25, 19.5, 9999.0, 9999.0, 9999.0, 119.0, 123.0, 118.5, 102.0, 133.75
2023-04-06, 20:28:59, 131.0, 51.25, 19.0, 26.0, 9999.0, 1.25, 1.25, 19.5, 9999.0, 9999.0, 9999.0, 118.75, 123.0, 118.5, 102.0, 133.75
2023-04-06, 20:29:03, 131.0, 51.25, 19.0, 26.0, 9999.0, 1.25, 1.25, 19.5, 9999.0, 9999.0, 9999.0, 119.5, 123.0, 118.5, 102.0, 133.75
2023-04-06, 20:29:07, 131.0, 51.25, 18.75, 26.0, 9999.0, 1.25, 1.25, 19.5, 9999.0, 9999.0, 9999.0, 119.5, 123.0, 118.5, 102.0, 133.75
2023-04-06, 20:29:11, 131.0, 51.25, 19.0, 26.0, 9999.0, 1.25, 1.25, 19.5, 9999.0, 9999.0, 9999.0, 119.5, 123.0, 118.5, 102.25, 133.75
2023-04-06, 20:29:15, 131.0, 51.25, 19.0, 26.0, 9999.0, 1.0, 1.25, 19.5, 9999.0, 9999.0, 9999.0, 119.5, 123.0, 118.5, 102.25, 133.75
2023-04-06, 20:29:19, 131.0, 51.25, 19.0, 26.0, 9999.0, 1.0, 1.25, 19.5, 9999.0, 9999.0, 9999.0, 119.5, 123.0, 118.5, 102.25, 133.75
2023-04-06, 20:29:23, 131.0, 51.25, 18.75, 26.0, 9999.0, 1.0, 1.25, 19.5, 9999.0, 9999.0, 9999.0, 119.25, 122.75, 118.5, 102.0, 133.75
2023-04-06, 20:29:27, 131.0, 51.25, 18.75, 26.0, 9999.0, 1.0, 1.25, 19.75, 9999.0, 9999.0, 9999.0, 119.25, 122.75, 118.5, 102.0, 133.75
2023-04-06, 20:29:31, 131.0, 51.25, 19.0, 26.0, 9999.0, 1.0, 1.25, 19.5, 9999.0, 9999.0, 9999.0, 119.25, 123.0, 118.5, 102.25, 133.75
2023-04-06, 20:29:35, 131.0, 51.25, 19.0, 25.75, 9999.0, 1.0, 1.25, 19.5, 9999.0, 9999.0, 9999.0, 119.25, 123.0, 118.5, 102.0, 133.75
2023-04-06, 20:29:39, 131.0, 51.25, 18.75, 25.75, 9999.0, 1.0, 1.25, 19.5, 9999.0, 9999.0, 9999.0, 119.25, 123.0, 118.5, 102.25, 133.75
2023-04-06, 20:29:43, 131.0, 51.25, 19.0, 26.0, 9999.0, 1.0, 1.25, 19.5, 9999.0, 9999.0, 9999.0, 119.25, 123.0, 118.5, 102.0, 133.75
2023-04-06, 20:29:47, 131.0, 51.25, 18.75, 26.0, 9999.0, 1.0, 1.25, 19.5, 9999.0, 9999.0, 9999.0, 119.25, 123.0, 118.5, 102.25, 133.75
2023-04-06, 20:29:51, 131.0, 51.25, 19.0, 26.0, 9999.0, 1.0, 1.25, 19.75, 9999.0, 9999.0, 9999.0, 119.25, 123.0, 118.5, 102.25, 133.75
2023-04-06, 20:29:55, 131.0, 51.25, 18.75, 26.0, 9999.0, 1.0, 1.25, 19.5, 9999.0, 9999.0, 9999.0, 119.0, 123.0, 118.5, 102.0, 133.75
2023-04-06, 20:29:59, 131.0, 51.25, 18.75, 26.0, 9999.0, 1.0, 1.25, 19.5, 9999.0, 9999.0, 9999.0, 119.0, 123.0, 118.5, 102.25, 133.75
2023-04-06, 20:30:03, 131.0, 51.25, 19.0, 26.0, 9999.0, 1.0, 1.25, 19.5, 9999.0, 9999.0, 9999.0, 119.0, 123.0, 118.5, 102.25, 133.75
2023-04-06, 20:30:07, 131.0, 51.25, 19.0, 26.0, 9999.0, 1.0, 1.25, 19.5, 9999.0, 9999.0, 9999.0, 119.0, 123.0, 118.5, 102.0, 133.75
2023-04-06, 20:30:11, 131.0, 51.25, 19.0, 26.0, 9999.0, 1.0, 1.25, 19.5, 9999.0, 9999.0, 9999.0, 119.0, 123.0, 118.5, 102.0, 133.75
2023-04-06, 20:30:15, 131.0, 51.25, 19.0, 26.0, 9999.0, 1.25, 1.25, 19.5, 9999.0, 9999.0, 9999.0, 119.0, 123.0, 118.5, 102.25, 133.75
2023-04-06, 20:30:19, 131.0, 51.25, 19.0, 26.0, 9999.0, 1.25, 1.25, 19.5, 9999.0, 9999.0, 9999.0, 119.0, 123.0, 118.5, 102.25, 133.75
2023-04-06, 20:30:23, 131.25, 51.25, 19.0, 26.0, 9999.0, 1.25, 1.25, 19.5, 9999.0, 9999.0, 9999.0, 119.5, 123.0, 118.5, 102.25, 133.75
2023-04-06, 20:30:27, 131.0, 51.25, 19.0, 26.0, 9999.0, 1.25, 1.25, 19.5, 9999.0, 9999.0, 9999.0, 119.5, 123.0, 118.5, 102.0, 134.0
2023-04-06, 20:30:31, 131.25, 51.25, 19.0, 26.0, 9999.0, 1.25, 1.25, 19.5, 9999.0, 9999.0, 9999.0, 119.5, 123.0, 118.5, 102.25, 133.75
2023-04-06, 20:30:35, 131.0, 51.25, 18.75, 26.0, 9999.0, 1.25, 1.25, 19.5, 9999.0, 9999.0, 9999.0, 119.5, 123.0, 118.5, 102.25, 133.75
2023-04-06, 20:30:39, 131.0, 51.5, 18.75, 26.0, 9999.0, 1.0, 1.25, 19.5, 9999.0, 9999.0, 9999.0, 119.5, 123.0, 118.5, 102.25, 133.75
2023-04-06, 20:30:43, 131.0, 51.25, 18.75, 26.0, 9999.0, 1.0, 1.25, 19.5, 9999.0, 9999.0, 9999.0, 119.25, 123.0, 118.5, 102.25, 133.75
2023-04-06, 20:30:47, 131.0, 51.25, 18.75, 26.25, 9999.0, 1.0, 1.25, 19.5, 9999.0, 9999.0, 9999.0, 119.25, 123.0, 118.5, 102.25, 133.75
2023-04-06, 20:30:51, 131.0, 51.5, 19.0, 26.0, 9999.0, 1.0, 1.25, 19.5, 9999.0, 9999.0, 9999.0, 119.25, 123.0, 118.5, 102.25, 133.75
2023-04-06, 20:30:55, 131.0, 51.25, 18.75, 26.0, 9999.0, 1.0, 1.25, 19.5, 9999.0, 9999.0, 9999.0, 119.25, 123.0, 118.5, 102.25, 133.75
2023-04-06, 20:30:59, 131.0, 51.25, 19.0, 26.0, 9999.0, 1.0, 1.25, 19.5, 9999.0, 9999.0, 9999.0, 119.25, 123.25, 118.5, 102.25, 133.75
2023-04-06, 20:31:03, 131.25, 51.25, 18.75, 26.0, 9999.0, 1.0, 1.25, 19.5, 9999.0, 9999.0, 9999.0, 119.25, 123.0, 118.5, 102.25, 133.75
2023-04-06, 20:31:07, 131.0, 51.25, 19.0, 26.0, 9999.0, 1.0, 1.25, 19.5, 9999.0, 9999.0, 9999.0, 119.25, 123.25, 118.5, 102.25, 133.75
2023-04-06, 20:31:11, 131.0, 51.25, 19.0, 26.0, 9999.0, 1.0, 1.25, 19.5, 9999.0, 9999.0, 9999.0, 119.0, 123.0, 118.5, 102.25, 133.75
2023-04-06, 20:31:15, 131.0, 51.25, 19.0, 26.25, 9999.0, 1.0, 1.25, 19.5, 9999.0, 9999.0, 9999.0, 119.0, 123.25, 118.5, 102.25, 133.75
2023-04-06, 20:31:19, 131.0, 51.25, 19.0, 26.0, 9999.0, 1.0, 1.25, 19.5, 9999.0, 9999.0, 9999.0, 119.0, 123.0, 118.5, 102.25, 133.75
2023-04-06, 20:31:23, 131.0, 51.25, 19.0, 26.0, 9999.0, 1.0, 1.25, 19.5, 9999.0, 9999.0, 9999.0, 119.0, 123.0, 118.5, 102.25, 134.0
2023-04-06, 20:31:27, 131.0, 51.25, 18.75, 26.0, 9999.0, 1.0, 1.25, 19.5, 9999.0, 9999.0, 9999.0, 118.75, 123.0, 118.5, 102.25, 133.75
2023-04-06, 20:31:31, 131.0, 51.25, 18.75, 26.0, 9999.0, 1.0, 1.25, 19.5, 9999.0, 9999.0, 9999.0, 119.0, 123.0, 118.5, 102.25, 134.0
2023-04-06, 20:31:35, 131.0, 51.25, 18.75, 26.0, 9999.0, 1.25, 1.25, 19.5, 9999.0, 9999.0, 9999.0, 119.0, 123.0, 118.5, 102.25, 133.75
2023-04-06, 20:31:39, 131.0, 51.25, 18.75, 25.75, 9999.0, 1.25, 1.25, 19.5, 9999.0, 9999.0, 9999.0, 119.0, 123.0, 118.5, 102.25, 133.75
2023-04-06, 20:31:43, 131.0, 51.25, 19.0, 25.75, 9999.0, 1.25, 1.25, 19.5, 9999.0, 9999.0, 9999.0, 119.5, 123.0, 118.5, 102.25, 134.0
2023-04-06, 20:31:48, 131.0, 51.25, 19.0, 26.0, 9999.0, 1.25, 1.25, 19.5, 9999.0, 9999.0, 9999.0, 119.5, 123.0, 118.5, 102.25, 133.75
2023-04-06, 20:31:52, 131.0, 51.25, 19.0, 26.0, 9999.0, 1.25, 1.25, 19.5, 9999.0, 9999.0, 9999.0, 119.5, 123.0, 118.5, 102.25, 134.0
2023-04-06, 20:31:56, 131.0, 51.5, 19.0, 26.0, 9999.0, 1.25, 1.25, 19.5, 9999.0, 9999.0, 9999.0, 119.5, 123.0, 118.5, 102.25, 133.75
2023-04-06, 20:32:00, 131.0, 51.5, 19.0, 26.0, 9999.0, 1.25, 1.25, 19.5, 9999.0, 9999.0, 9999.0, 119.5, 123.0, 118.5, 102.25, 134.0
2023-04-06, 20:32:04, 131.0, 51.25, 19.0, 26.0, 9999.0, 1.0, 1.25, 19.5, 9999.0, 9999.0, 9999.0, 119.25, 123.0, 118.5, 102.25, 133.75
2023-04-06, 20:32:08, 131.0, 51.25, 19.0, 26.0, 9999.0, 1.0, 1.25, 19.5, 9999.0, 9999.0, 9999.0, 119.25, 123.0, 118.5, 102.25, 133.75
2023-04-06, 20:32:12, 131.0, 51.25, 19.0, 26.0, 9999.0, 1.0, 1.25, 19.5, 9999.0, 9999.0, 9999.0, 119.25, 123.25, 118.5, 102.25, 133.75
2023-04-06, 20:32:16, 131.0, 51.25, 19.0, 26.0, 9999.0, 1.0, 1.25, 19.5, 9999.0, 9999.0, 9999.0, 119.25, 123.25, 118.5, 102.25, 133.75
2023-04-06, 20:32:20, 131.0, 51.5, 19.0, 26.0, 9999.0, 1.0, 1.25, 19.5, 9999.0, 9999.0, 9999.0, 119.25, 123.25, 118.5, 102.25, 134.0
2023-04-06, 20:32:24, 131.25, 51.5, 19.0, 26.0, 9999.0, 1.0, 1.25, 19.5, 9999.0, 9999.0, 9999.0, 119.25, 123.0, 118.5, 102.25, 134.0
2023-04-06, 20:32:28, 131.25, 51.25, 19.0, 26.0, 9999.0, 1.0, 1.25, 19.75, 9999.0, 9999.0, 9999.0, 119.25, 123.0, 118.5, 102.25, 134.0
2023-04-06, 20:32:32, 131.25, 51.25, 19.0, 26.0, 9999.0, 1.0, 1.25, 19.5, 9999.0, 9999.0, 9999.0, 119.25, 123.0, 118.5, 102.25, 133.75
2023-04-06, 20:32:36, 131.0, 51.5, 19.0, 26.0, 9999.0, 1.0, 1.25, 19.5, 9999.0, 9999.0, 9999.0, 119.0, 123.0, 118.5, 102.25, 134.0
2023-04-06, 20:32:40, 131.25, 51.5, 19.0, 25.75, 9999.0, 1.0, 1.25, 19.5, 9999.0, 9999.0, 9999.0, 119.0, 123.0, 118.5, 102.25, 134.0
2023-04-06, 20:32:44, 131.0, 51.25, 19.0, 26.0, 9999.0, 1.0, 1.25, 19.5, 9999.0, 9999.0, 9999.0, 119.0, 123.0, 118.5, 102.25, 134.0
2023-04-06, 20:32:48, 131.0, 51.25, 19.0, 26.0, 9999.0, 1.25, 1.25, 19.5, 9999.0, 9999.0, 9999.0, 119.0, 123.0, 118.5, 102.25, 133.75
2023-04-06, 20:32:52, 131.25, 51.5, 18.75, 26.0, 9999.0, 1.0, 1.25, 19.75, 9999.0, 9999.0, 9999.0, 119.0, 123.0, 118.5, 102.25, 133.75
2023-04-06, 20:32:56, 131.0, 51.25, 19.0, 26.0, 9999.0, 1.25, 1.25, 19.75, 9999.0, 9999.0, 9999.0, 119.0, 123.0, 118.5, 102.25, 133.75
2023-04-06, 20:33:00, 131.0, 51.5, 19.0, 26.0, 9999.0, 1.25, 1.25, 19.5, 9999.0, 9999.0, 9999.0, 119.0, 123.0, 118.5, 102.25, 134.0
2023-04-06, 20:33:04, 131.0, 51.25, 19.0, 26.0, 9999.0, 1.25, 1.5, 19.5, 9999.0, 9999.0, 9999.0, 119.75, 123.0, 118.5, 102.25, 133.75
2023-04-06, 20:33:08, 131.25, 51.5, 18.75, 26.25, 9999.0, 1.25, 1.25, 19.5, 9999.0, 9999.0, 9999.0, 119.75, 123.0, 118.5, 102.25, 134.0
2023-04-06, 20:33:12, 131.25, 51.25, 18.75, 26.25, 9999.0, 1.25, 1.5, 19.75, 9999.0, 9999.0, 9999.0, 119.5, 123.0, 118.5, 102.25, 133.75
2023-04-06, 20:33:16, 131.0, 51.25, 18.75, 26.0, 9999.0, 1.25, 1.25, 19.5, 9999.0, 9999.0, 9999.0, 119.5, 123.0, 118.5, 102.25, 133.75
2023-04-06, 20:33:20, 131.25, 51.5, 19.0, 26.0, 9999.0, 1.25, 1.5, 19.5, 9999.0, 9999.0, 9999.0, 119.5, 123.0, 118.5, 102.25, 133.75
2023-04-06, 20:33:24, 131.0, 51.5, 19.0, 26.0, 9999.0, 1.0, 1.25, 19.5, 9999.0, 9999.0, 9999.0, 119.25, 123.0, 118.5, 102.25, 134.0
2023-04-06, 20:33:28, 131.0, 51.25, 18.75, 26.25, 9999.0, 1.0, 1.25, 19.5, 9999.0, 9999.0, 9999.0, 119.25, 123.0, 118.5, 102.25, 133.75
2023-04-06, 20:33:32, 131.0, 51.5, 18.75, 26.25, 9999.0, 1.0, 1.25, 19.75, 9999.0, 9999.0, 9999.0, 119.25, 123.0, 118.5, 102.25, 134.0
2023-04-06, 20:33:36, 131.25, 51.25, 18.75, 26.0, 9999.0, 1.0, 1.25, 19.75, 9999.0, 9999.0, 9999.0, 119.25, 123.25, 118.5, 102.25, 134.0
2023-04-06, 20:33:40, 131.0, 51.5, 18.75, 26.0, 9999.0, 1.0, 1.25, 19.5, 9999.0, 9999.0, 9999.0, 119.25, 123.25, 118.5, 102.25, 134.0
2023-04-06, 20:33:44, 131.0, 51.25, 18.75, 26.0, 9999.0, 1.0, 1.25, 19.5, 9999.0, 9999.0, 9999.0, 119.25, 123.25, 118.5, 102.25, 134.0
2023-04-06, 20:33:48, 131.0, 51.25, 18.75, 26.25, 9999.0, 1.0, 1.25, 19.5, 9999.0, 9999.0, 9999.0, 119.25, 123.0, 118.5, 102.25, 134.0
2023-04-06, 20:33:52, 131.0, 51.25, 18.75, 26.25, 9999.0, 1.0, 1.25, 19.5, 9999.0, 9999.0, 9999.0, 119.25, 123.25, 118.5, 102.25, 134.0
2023-04-06, 20:33:56, 131.0, 51.25, 18.75, 26.25, 9999.0, 1.0, 1.25, 19.5, 9999.0, 9999.0, 9999.0, 119.25, 123.0, 118.5, 102.25, 134.0
2023-04-06, 20:34:00, 131.25, 51.25, 19.0, 26.0, 9999.0, 1.0, 1.25, 19.5, 9999.0, 9999.0, 9999.0, 119.25, 123.0, 118.5, 102.25, 133.75
2023-04-06, 20:34:04, 131.25, 51.5, 18.75, 26.25, 9999.0, 1.0, 1.25, 19.5, 9999.0, 9999.0, 9999.0, 119.0, 123.0, 118.5, 102.25, 134.0
2023-04-06, 20:34:08, 131.25, 51.25, 19.0, 26.0, 9999.0, 1.0, 1.25, 19.5, 9999.0, 9999.0, 9999.0, 119.0, 123.0, 118.5, 102.25, 134.0
2023-04-06, 20:34:12, 131.25, 51.25, 18.75, 26.25, 9999.0, 1.0, 1.25, 19.5, 9999.0, 9999.0, 9999.0, 119.0, 123.0, 118.5, 102.25, 133.75
2023-04-06, 20:34:16, 131.0, 51.25, 19.0, 26.25, 9999.0, 1.25, 1.25, 19.5, 9999.0, 9999.0, 9999.0, 119.0, 123.0, 118.5, 102.25, 134.0
2023-04-06, 20:34:20, 131.25, 51.25, 18.75, 26.25, 9999.0, 1.25, 1.25, 19.75, 9999.0, 9999.0, 9999.0, 119.0, 123.0, 118.5, 102.25, 134.0
2023-04-06, 20:34:24, 131.25, 51.25, 18.75, 26.0, 9999.0, 1.25, 1.5, 19.5, 9999.0, 9999.0, 9999.0, 119.75, 123.0, 118.5, 102.25, 134.0
2023-04-06, 20:34:28, 131.0, 51.25, 19.0, 26.25, 9999.0, 1.25, 1.25, 19.5, 9999.0, 9999.0, 9999.0, 119.75, 123.0, 118.5, 102.25, 134.0
2023-04-06, 20:34:32, 131.0, 51.25, 18.75, 26.0, 9999.0, 1.25, 1.25, 19.5, 9999.0, 9999.0, 9999.0, 119.5, 123.0, 118.5, 102.25, 133.75
2023-04-06, 20:34:36, 131.25, 51.25, 19.0, 25.75, 9999.0, 1.25, 1.25, 19.5, 9999.0, 9999.0, 9999.0, 119.5, 123.0, 118.5, 102.25, 134.0
2023-04-06, 20:34:40, 131.25, 51.5, 18.75, 26.0, 9999.0, 1.25, 1.25, 19.5, 9999.0, 9999.0, 9999.0, 119.5, 123.0, 118.5, 102.25, 134.0
2023-04-06, 20:34:44, 131.25, 51.5, 18.75, 26.0, 9999.0, 1.0, 1.25, 19.5, 9999.0, 9999.0, 9999.0, 119.5, 123.0, 118.5, 102.25, 134.0
2023-04-06, 20:34:48, 131.0, 51.25, 19.0, 26.0, 9999.0, 1.0, 1.25, 19.75, 9999.0, 9999.0, 9999.0, 119.25, 123.0, 118.5, 102.25, 134.0
2023-04-06, 20:34:52, 131.25, 51.25, 19.0, 26.0, 9999.0, 1.0, 1.25, 19.5, 9999.0, 9999.0, 9999.0, 119.25, 123.25, 118.5, 102.25, 134.0
2023-04-06, 20:34:56, 131.25, 51.25, 19.0, 26.0, 9999.0, 1.0, 1.25, 19.5, 9999.0, 9999.0, 9999.0, 119.5, 123.25, 118.5, 102.25, 134.0
2023-04-06, 20:35:00, 131.0, 51.25, 19.0, 26.0, 9999.0, 1.0, 1.25, 19.75, 9999.0, 9999.0, 9999.0, 119.5, 123.0, 118.5, 102.25, 134.0
2023-04-06, 20:35:04, 131.0, 51.25, 18.75, 26.0, 9999.0, 1.0, 1.25, 19.5, 9999.0, 9999.0, 9999.0, 119.25, 123.0, 118.5, 102.25, 134.0
2023-04-06, 20:35:08, 131.0, 51.25, 19.0, 25.75, 9999.0, 1.0, 1.25, 19.75, 9999.0, 9999.0, 9999.0, 119.25, 123.0, 118.5, 102.25, 133.75
2023-04-06, 20:35:12, 131.25, 51.25, 18.75, 26.0, 9999.0, 1.0, 1.25, 19.5, 9999.0, 9999.0, 9999.0, 119.0, 123.0, 118.5, 102.25, 134.0
2023-04-06, 20:35:16, 131.25, 51.5, 18.75, 26.0, 9999.0, 1.0, 1.25, 19.5, 9999.0, 9999.0, 9999.0, 119.25, 123.0, 118.5, 102.25, 134.0
2023-04-06, 20:35:20, 131.0, 51.5, 19.0, 26.0, 9999.0, 1.0, 1.25, 19.5, 9999.0, 9999.0, 9999.0, 119.25, 123.0, 118.5, 102.25, 133.75
2023-04-06, 20:35:24, 131.0, 51.25, 19.0, 26.25, 9999.0, 1.0, 1.25, 19.5, 9999.0, 9999.0, 9999.0, 119.0, 123.0, 118.5, 102.25, 134.0
2023-04-06, 20:35:28, 131.25, 51.25, 19.0, 26.0, 9999.0, 1.0, 1.25, 19.5, 9999.0, 9999.0, 9999.0, 119.0, 123.0, 118.5, 102.25, 133.75
2023-04-06, 20:35:32, 131.25, 51.25, 18.75, 25.75, 9999.0, 1.0, 1.25, 19.5, 9999.0, 9999.0, 9999.0, 119.0, 123.0, 118.5, 102.25, 133.75
2023-04-06, 20:35:36, 131.0, 51.25, 19.0, 25.75, 9999.0, 1.25, 1.25, 19.75, 9999.0, 9999.0, 9999.0, 119.0, 123.0, 118.5, 102.25, 134.0
2023-04-06, 20:35:40, 131.25, 51.25, 19.0, 25.75, 9999.0, 1.25, 1.25, 19.5, 9999.0, 9999.0, 9999.0, 119.0, 123.0, 118.5, 102.25, 134.0
2023-04-06, 20:35:44, 131.0, 51.25, 18.75, 26.0, 9999.0, 1.25, 1.25, 19.5, 9999.0, 9999.0, 9999.0, 119.75, 123.0, 118.5, 102.25, 134.0
2023-04-06, 20:35:48, 131.0, 51.25, 18.75, 26.0, 9999.0, 1.25, 1.25, 19.5, 9999.0, 9999.0, 9999.0, 119.5, 123.0, 118.5, 102.25, 133.75
2023-04-06, 20:35:52, 131.0, 51.25, 19.0, 25.75, 9999.0, 1.25, 1.5, 19.5, 9999.0, 9999.0, 9999.0, 119.5, 123.0, 118.5, 102.25, 134.0
2023-04-06, 20:35:56, 131.25, 51.25, 18.75, 25.75, 9999.0, 1.25, 1.25, 19.75, 9999.0, 9999.0, 9999.0, 119.25, 123.0, 118.5, 102.25, 134.0
2023-04-06, 20:36:00, 131.0, 51.25, 18.75, 25.75, 9999.0, 1.25, 1.25, 19.5, 9999.0, 9999.0, 9999.0, 119.5, 123.0, 118.5, 102.25, 133.75
2023-04-06, 20:36:04, 131.0, 51.25, 18.75, 26.0, 9999.0, 1.25, 1.25, 19.75, 9999.0, 9999.0, 9999.0, 119.5, 123.0, 118.5, 102.25, 133.75
2023-04-06, 20:36:08, 131.25, 51.25, 18.75, 25.75, 9999.0, 1.0, 1.25, 19.5, 9999.0, 9999.0, 9999.0, 119.25, 123.0, 118.5, 102.25, 133.75
2023-04-06, 20:36:13, 131.0, 51.5, 18.75, 26.0, 9999.0, 1.0, 1.25, 19.5, 9999.0, 9999.0, 9999.0, 119.25, 123.0, 118.5, 102.25, 133.75
2023-04-06, 20:36:17, 131.25, 51.25, 19.0, 26.0, 9999.0, 1.0, 1.25, 19.5, 9999.0, 9999.0, 9999.0, 119.25, 123.25, 118.5, 102.25, 133.75
2023-04-06, 20:36:21, 131.0, 51.25, 19.0, 26.0, 9999.0, 1.0, 1.25, 19.75, 9999.0, 9999.0, 9999.0, 119.25, 123.0, 118.5, 102.25, 134.0
2023-04-06, 20:36:25, 131.0, 51.25, 19.0, 25.75, 9999.0, 1.0, 1.25, 19.75, 9999.0, 9999.0, 9999.0, 119.25, 123.0, 118.5, 102.25, 133.75
2023-04-06, 20:36:29, 131.25, 51.25, 19.0, 26.0, 9999.0, 1.0, 1.25, 19.75, 9999.0, 9999.0, 9999.0, 119.25, 123.0, 118.5, 102.25, 134.0
2023-04-06, 20:36:33, 131.0, 51.25, 19.0, 26.0, 9999.0, 1.0, 1.25, 19.5, 9999.0, 9999.0, 9999.0, 119.25, 123.0, 118.5, 102.25, 133.75
2023-04-06, 20:36:37, 131.0, 51.25, 19.0, 26.0, 9999.0, 1.0, 1.25, 19.75, 9999.0, 9999.0, 9999.0, 119.25, 123.0, 118.5, 102.25, 134.0
2023-04-06, 20:36:41, 131.25, 51.25, 18.75, 25.5, 9999.0, 1.0, 1.25, 19.75, 9999.0, 9999.0, 9999.0, 119.0, 123.0, 118.5, 102.25, 134.0
2023-04-06, 20:36:45, 131.25, 51.25, 19.0, 25.75, 9999.0, 1.0, 1.25, 19.5, 9999.0, 9999.0, 9999.0, 119.0, 123.25, 118.5, 102.25, 134.0
2023-04-06, 20:36:49, 131.0, 51.25, 18.75, 25.75, 9999.0, 1.25, 1.25, 19.5, 9999.0, 9999.0, 9999.0, 119.0, 123.0, 118.5, 102.25, 134.0
2023-04-06, 20:36:53, 131.0, 51.25, 18.75, 25.75, 9999.0, 1.0, 1.25, 19.5, 9999.0, 9999.0, 9999.0, 119.0, 123.0, 118.5, 102.25, 134.0
2023-04-06, 20:36:57, 131.0, 51.25, 18.75, 25.75, 9999.0, 1.25, 1.25, 19.5, 9999.0, 9999.0, 9999.0, 119.0, 123.0, 118.5, 102.25, 134.0
2023-04-06, 20:37:01, 131.25, 51.5, 19.0, 25.75, 9999.0, 1.25, 1.25, 19.5, 9999.0, 9999.0, 9999.0, 119.0, 123.0, 118.5, 102.0, 134.0
2023-04-06, 20:37:05, 131.0, 51.25, 19.0, 26.0, 9999.0, 1.25, 1.25, 19.5, 9999.0, 9999.0, 9999.0, 119.75, 123.0, 118.5, 102.25, 134.0
2023-04-06, 20:37:09, 131.25, 51.25, 18.75, 26.0, 9999.0, 1.25, 1.25, 19.5, 9999.0, 9999.0, 9999.0, 119.5, 123.0, 118.5, 102.25, 133.75
2023-04-06, 20:37:13, 131.0, 51.25, 18.75, 26.0, 9999.0, 1.25, 1.25, 19.5, 9999.0, 9999.0, 9999.0, 119.5, 123.0, 118.5, 102.25, 133.75
2023-04-06, 20:37:17, 131.0, 51.25, 18.75, 25.75, 9999.0, 1.0, 1.25, 19.5, 9999.0, 9999.0, 9999.0, 119.5, 123.0, 118.5, 102.25, 133.75
2023-04-06, 20:37:21, 131.0, 51.25, 18.75, 25.75, 9999.0, 1.0, 1.25, 19.75, 9999.0, 9999.0, 9999.0, 119.5, 123.0, 118.5, 102.25, 133.75
2023-04-06, 20:37:25, 131.0, 51.25, 18.75, 25.75, 9999.0, 1.0, 1.5, 19.75, 9999.0, 9999.0, 9999.0, 119.25, 123.0, 118.5, 102.25, 133.75
2023-04-06, 20:37:29, 131.0, 51.25, 18.75, 25.75, 9999.0, 1.0, 1.25, 19.5, 9999.0, 9999.0, 9999.0, 119.25, 123.0, 118.5, 102.25, 133.75
2023-04-06, 20:37:33, 131.0, 51.25, 18.75, 25.75, 9999.0, 1.0, 1.25, 19.5, 9999.0, 9999.0, 9999.0, 119.25, 123.0, 118.5, 102.25, 133.75
2023-04-06, 20:37:37, 131.0, 51.5, 18.75, 26.0, 9999.0, 1.0, 1.25, 19.5, 9999.0, 9999.0, 9999.0, 119.25, 123.25, 118.5, 102.25, 133.75
2023-04-06, 20:37:41, 131.0, 51.25, 18.75, 26.0, 9999.0, 1.0, 1.25, 19.5, 9999.0, 9999.0, 9999.0, 119.25, 123.25, 118.5, 102.25, 133.75
2023-04-06, 20:37:45, 131.0, 51.25, 19.0, 26.0, 9999.0, 1.0, 1.25, 19.5, 9999.0, 9999.0, 9999.0, 119.25, 123.0, 118.5, 102.25, 134.0
2023-04-06, 20:37:49, 131.0, 51.25, 18.75, 26.0, 9999.0, 1.0, 1.25, 19.5, 9999.0, 9999.0, 9999.0, 119.25, 123.0, 118.5, 102.25, 133.75
2023-04-06, 20:37:53, 131.0, 51.25, 18.75, 26.0, 9999.0, 1.0, 1.25, 19.5, 9999.0, 9999.0, 9999.0, 119.25, 123.0, 118.5, 102.25, 133.75
2023-04-06, 20:37:57, 131.0, 51.25, 19.0, 26.0, 9999.0, 1.0, 1.25, 19.5, 9999.0, 9999.0, 9999.0, 119.0, 123.0, 118.5, 102.25, 133.75
2023-04-06, 20:38:01, 131.0, 51.5, 19.0, 26.0, 9999.0, 1.0, 1.25, 19.5, 9999.0, 9999.0, 9999.0, 119.0, 123.0, 118.25, 102.25, 133.75
2023-04-06, 20:38:05, 131.0, 51.25, 19.0, 26.0, 9999.0, 1.0, 1.25, 19.5, 9999.0, 9999.0, 9999.0, 119.0, 123.0, 118.5, 102.25, 133.75
2023-04-06, 20:38:09, 131.0, 51.25, 19.0, 25.75, 9999.0, 1.0, 1.25, 19.5, 9999.0, 9999.0, 9999.0, 119.25, 123.0, 118.5, 102.25, 133.75
2023-04-06, 20:38:13, 131.0, 51.25, 19.0, 25.75, 9999.0, 1.25, 1.25, 19.5, 9999.0, 9999.0, 9999.0, 119.0, 123.0, 118.5, 102.25, 133.75
2023-04-06, 20:38:17, 131.25, 51.25, 18.75, 25.75, 9999.0, 1.25, 1.25, 19.5, 9999.0, 9999.0, 9999.0, 119.0, 123.0, 118.5, 102.25, 133.75
2023-04-06, 20:38:21, 131.0, 51.25, 19.0, 25.75, 9999.0, 1.25, 1.25, 19.5, 9999.0, 9999.0, 9999.0, 119.0, 123.0, 118.5, 102.25, 133.75
2023-04-06, 20:38:25, 131.0, 51.25, 19.0, 26.0, 9999.0, 1.25, 1.5, 19.5, 9999.0, 9999.0, 9999.0, 119.5, 123.0, 118.5, 102.25, 134.0
2023-04-06, 20:38:29, 131.0, 51.25, 18.75, 25.75, 9999.0, 1.25, 1.25, 19.5, 9999.0, 9999.0, 9999.0, 119.75, 123.0, 118.5, 102.25, 133.75
2023-04-06, 20:38:33, 131.25, 51.25, 18.75, 25.75, 9999.0, 1.25, 1.25, 19.5, 9999.0, 9999.0, 9999.0, 119.5, 123.0, 118.5, 102.25, 133.75
2023-04-06, 20:38:37, 131.0, 51.25, 18.75, 25.75, 9999.0, 1.25, 1.25, 19.75, 9999.0, 9999.0, 9999.0, 119.5, 123.0, 118.5, 102.25, 133.75
2023-04-06, 20:38:41, 131.0, 51.25, 18.75, 26.0, 9999.0, 1.0, 1.5, 19.5, 9999.0, 9999.0, 9999.0, 119.5, 123.0, 118.5, 102.25, 133.75
2023-04-06, 20:38:45, 131.0, 51.5, 19.0, 26.0, 9999.0, 1.25, 1.25, 19.5, 9999.0, 9999.0, 9999.0, 119.5, 123.0, 118.5, 102.25, 133.75
2023-04-06, 20:38:49, 131.25, 51.25, 18.75, 25.75, 9999.0, 1.0, 1.25, 19.5, 9999.0, 9999.0, 9999.0, 119.25, 122.75, 118.5, 102.25, 133.75
2023-04-06, 20:38:53, 131.0, 51.5, 18.75, 25.75, 9999.0, 1.0, 1.25, 19.5, 9999.0, 9999.0, 9999.0, 119.25, 123.0, 118.5, 102.25, 133.75
2023-04-06, 20:38:57, 131.0, 51.25, 18.75, 26.0, 9999.0, 1.0, 1.5, 19.5, 9999.0, 9999.0, 9999.0, 119.25, 123.0, 118.5, 102.25, 134.0
2023-04-06, 20:39:01, 131.25, 51.5, 18.75, 25.75, 9999.0, 1.0, 1.25, 19.5, 9999.0, 9999.0, 9999.0, 119.25, 123.0, 118.5, 102.25, 134.0
2023-04-06, 20:39:05, 131.25, 51.25, 19.0, 26.0, 9999.0, 1.0, 1.25, 19.5, 9999.0, 9999.0, 9999.0, 119.25, 123.0, 118.5, 102.25, 134.0
2023-04-06, 20:39:09, 131.25, 51.25, 19.0, 26.0, 9999.0, 1.0, 1.25, 19.5, 9999.0, 9999.0, 9999.0, 119.25, 123.0, 118.5, 102.5, 134.0
2023-04-06, 20:39:13, 131.0, 51.25, 18.75, 25.75, 9999.0, 1.0, 1.25, 19.5, 9999.0, 9999.0, 9999.0, 119.25, 123.0, 118.5, 102.25, 133.75
2023-04-06, 20:39:17, 131.0, 51.25, 18.75, 25.5, 9999.0, 1.0, 1.25, 19.5, 9999.0, 9999.0, 9999.0, 119.25, 123.0, 118.5, 102.25, 133.75
2023-04-06, 20:39:21, 131.0, 51.25, 18.75, 25.5, 9999.0, 1.0, 1.25, 19.5, 9999.0, 9999.0, 9999.0, 119.0, 123.0, 118.5, 102.25, 133.75
2023-04-06, 20:39:25, 131.25, 51.25, 19.0, 25.75, 9999.0, 1.0, 1.25, 19.5, 9999.0, 9999.0, 9999.0, 119.25, 123.0, 118.5, 102.25, 133.75
2023-04-06, 20:39:29, 131.0, 51.25, 18.75, 26.0, 9999.0, 1.0, 1.25, 19.5, 9999.0, 9999.0, 9999.0, 119.0, 123.0, 118.5, 102.25, 134.0
2023-04-06, 20:39:33, 131.0, 51.25, 19.0, 25.75, 9999.0, 1.0, 1.25, 19.5, 9999.0, 9999.0, 9999.0, 119.0, 123.0, 118.5, 102.25, 133.75
2023-04-06, 20:39:37, 131.25, 51.25, 19.0, 26.0, 9999.0, 1.25, 1.25, 19.5, 9999.0, 9999.0, 9999.0, 119.0, 123.0, 118.5, 102.25, 134.0
2023-04-06, 20:39:41, 131.0, 51.25, 19.0, 26.25, 9999.0, 1.25, 1.25, 19.75, 9999.0, 9999.0, 9999.0, 119.0, 123.0, 118.5, 102.25, 134.0
2023-04-06, 20:39:45, 131.25, 51.25, 18.75, 26.0, 9999.0, 1.25, 1.25, 19.75, 9999.0, 9999.0, 9999.0, 119.75, 123.0, 118.5, 102.25, 134.0
2023-04-06, 20:39:49, 131.0, 51.25, 18.75, 26.25, 9999.0, 1.25, 1.25, 19.5, 9999.0, 9999.0, 9999.0, 119.5, 123.0, 118.5, 102.25, 134.0
2023-04-06, 20:39:53, 131.0, 51.25, 18.75, 26.25, 9999.0, 1.25, 1.25, 19.5, 9999.0, 9999.0, 9999.0, 119.5, 123.0, 118.5, 102.25, 134.0
2023-04-06, 20:39:57, 131.0, 51.25, 18.75, 26.0, 9999.0, 1.25, 1.25, 19.5, 9999.0, 9999.0, 9999.0, 119.5, 123.0, 118.5, 102.25, 134.0
2023-04-06, 20:40:01, 131.0, 51.5, 19.0, 26.0, 9999.0, 1.25, 1.25, 19.5, 9999.0, 9999.0, 9999.0, 119.5, 123.0, 118.5, 102.25, 134.0
2023-04-06, 20:40:05, 131.0, 51.25, 18.75, 26.0, 9999.0, 1.0, 1.25, 19.5, 9999.0, 9999.0, 9999.0, 119.25, 123.0, 118.5, 102.25, 134.0
2023-04-06, 20:40:09, 131.0, 51.25, 18.75, 26.0, 9999.0, 1.0, 1.25, 19.5, 9999.0, 9999.0, 9999.0, 119.5, 123.0, 118.5, 102.25, 133.75
2023-04-06, 20:40:13, 131.25, 51.25, 18.75, 26.0, 9999.0, 1.25, 1.25, 19.5, 9999.0, 9999.0, 9999.0, 119.25, 123.0, 118.5, 102.25, 133.75
2023-04-06, 20:40:17, 131.25, 51.25, 19.0, 26.25, 9999.0, 1.0, 1.5, 19.5, 9999.0, 9999.0, 9999.0, 119.5, 123.25, 118.5, 102.25, 133.75
2023-04-06, 20:40:21, 131.25, 51.25, 19.0, 26.25, 9999.0, 1.0, 1.25, 19.5, 9999.0, 9999.0, 9999.0, 119.5, 123.25, 118.5, 102.25, 134.0
2023-04-06, 20:40:25, 131.25, 51.25, 19.0, 26.0, 9999.0, 1.0, 1.25, 19.5, 9999.0, 9999.0, 9999.0, 119.25, 123.25, 118.5, 102.25, 134.0
2023-04-06, 20:40:29, 131.25, 51.5, 18.75, 26.0, 9999.0, 1.0, 1.25, 19.5, 9999.0, 9999.0, 9999.0, 119.25, 123.25, 118.5, 102.25, 134.0
2023-04-06, 20:40:33, 131.25, 51.25, 19.0, 26.0, 9999.0, 1.0, 1.25, 19.5, 9999.0, 9999.0, 9999.0, 119.25, 123.25, 118.5, 102.25, 134.0
2023-04-06, 20:40:38, 131.25, 51.5, 19.0, 26.0, 9999.0, 1.0, 1.25, 19.5, 9999.0, 9999.0, 9999.0, 119.25, 123.0, 118.5, 102.25, 134.0
2023-04-06, 20:40:42, 131.25, 51.5, 18.75, 26.0, 9999.0, 1.0, 1.25, 19.5, 9999.0, 9999.0, 9999.0, 119.25, 123.25, 118.75, 102.25, 133.75
2023-04-06, 20:40:46, 131.25, 51.25, 19.0, 26.25, 9999.0, 1.25, 1.25, 19.5, 9999.0, 9999.0, 9999.0, 119.25, 123.0, 118.75, 102.25, 134.0
2023-04-06, 20:40:50, 131.0, 51.5, 19.0, 26.0, 9999.0, 1.0, 1.25, 19.5, 9999.0, 9999.0, 9999.0, 119.0, 123.0, 118.5, 102.25, 134.0
2023-04-06, 20:40:54, 131.25, 51.25, 18.75, 26.0, 9999.0, 1.0, 1.25, 19.5, 9999.0, 9999.0, 9999.0, 119.0, 123.0, 118.75, 102.25, 133.75
2023-04-06, 20:40:58, 131.0, 51.25, 18.75, 26.0, 9999.0, 1.25, 1.25, 19.5, 9999.0, 9999.0, 9999.0, 119.0, 123.0, 118.5, 102.25, 134.0
2023-04-06, 20:41:02, 131.0, 51.25, 19.0, 26.0, 9999.0, 1.25, 1.5, 19.5, 9999.0, 9999.0, 9999.0, 119.0, 123.0, 118.5, 102.25, 134.0
2023-04-06, 20:41:06, 131.25, 51.25, 19.0, 25.75, 9999.0, 1.25, 1.25, 19.5, 9999.0, 9999.0, 9999.0, 119.75, 123.0, 118.5, 102.25, 134.0
2023-04-06, 20:41:10, 131.25, 51.25, 19.0, 25.75, 9999.0, 1.25, 1.25, 19.5, 9999.0, 9999.0, 9999.0, 119.75, 123.0, 118.5, 102.25, 133.75
2023-04-06, 20:41:14, 131.0, 51.25, 19.0, 25.75, 9999.0, 1.25, 1.25, 19.5, 9999.0, 9999.0, 9999.0, 119.5, 123.0, 118.5, 102.25, 134.0
2023-04-06, 20:41:18, 131.0, 51.25, 19.0, 25.75, 9999.0, 1.25, 1.5, 19.5, 9999.0, 9999.0, 9999.0, 119.5, 123.0, 118.5, 102.25, 134.0
2023-04-06, 20:41:22, 131.25, 51.25, 19.0, 25.75, 9999.0, 1.0, 1.25, 19.5, 9999.0, 9999.0, 9999.0, 119.5, 123.0, 118.5, 102.5, 134.0
2023-04-06, 20:41:26, 131.25, 51.25, 19.0, 26.0, 9999.0, 1.0, 1.25, 19.5, 9999.0, 9999.0, 9999.0, 119.5, 123.0, 118.5, 102.25, 134.0
2023-04-06, 20:41:30, 131.25, 51.25, 19.0, 26.0, 9999.0, 1.0, 1.25, 19.5, 9999.0, 9999.0, 9999.0, 119.25, 123.0, 118.5, 102.25, 133.75
2023-04-06, 20:41:34, 131.0, 51.25, 19.0, 26.0, 9999.0, 1.0, 1.25, 19.5, 9999.0, 9999.0, 9999.0, 119.25, 123.25, 118.5, 102.25, 133.75
2023-04-06, 20:41:38, 131.25, 51.25, 19.0, 26.0, 9999.0, 1.0, 1.5, 19.5, 9999.0, 9999.0, 9999.0, 119.5, 123.25, 118.5, 102.5, 134.0
2023-04-06, 20:41:42, 131.25, 51.5, 19.0, 26.0, 9999.0, 1.0, 1.25, 19.5, 9999.0, 9999.0, 9999.0, 119.25, 123.0, 118.5, 102.25, 134.0
2023-04-06, 20:41:46, 131.25, 51.5, 19.0, 26.0, 9999.0, 1.0, 1.25, 19.5, 9999.0, 9999.0, 9999.0, 119.25, 123.25, 118.5, 102.5, 134.0
2023-04-06, 20:41:50, 131.25, 51.5, 18.75, 25.75, 9999.0, 1.0, 1.25, 19.5, 9999.0, 9999.0, 9999.0, 119.25, 123.0, 118.5, 102.5, 134.0
2023-04-06, 20:41:54, 131.25, 51.5, 19.0, 25.5, 9999.0, 1.0, 1.25, 19.5, 9999.0, 9999.0, 9999.0, 119.25, 123.25, 118.5, 102.5, 134.0
2023-04-06, 20:41:58, 131.25, 51.5, 18.75, 25.75, 9999.0, 1.0, 1.25, 19.5, 9999.0, 9999.0, 9999.0, 119.25, 123.25, 118.5, 102.5, 134.0
2023-04-06, 20:42:02, 131.25, 51.5, 19.0, 26.0, 9999.0, 1.0, 1.25, 19.5, 9999.0, 9999.0, 9999.0, 119.25, 123.0, 118.5, 102.5, 134.0
2023-04-06, 20:42:06, 131.25, 51.5, 19.0, 26.0, 9999.0, 1.25, 1.25, 19.5, 9999.0, 9999.0, 9999.0, 119.25, 123.0, 118.75, 102.5, 134.0
2023-04-06, 20:42:10, 131.25, 51.5, 19.0, 26.0, 9999.0, 1.0, 1.25, 19.5, 9999.0, 9999.0, 9999.0, 119.25, 123.0, 118.75, 102.5, 134.0
2023-04-06, 20:42:14, 131.25, 51.25, 19.0, 26.0, 9999.0, 1.25, 1.25, 19.5, 9999.0, 9999.0, 9999.0, 119.0, 123.0, 118.5, 102.5, 134.0
2023-04-06, 20:42:18, 131.25, 51.5, 19.0, 26.0, 9999.0, 1.25, 1.25, 19.5, 9999.0, 9999.0, 9999.0, 119.0, 123.0, 118.5, 102.5, 134.0
2023-04-06, 20:42:22, 131.25, 51.25, 19.0, 25.75, 9999.0, 1.25, 1.5, 19.5, 9999.0, 9999.0, 9999.0, 119.0, 123.0, 118.75, 102.5, 134.0
2023-04-06, 20:42:26, 131.25, 51.5, 19.0, 25.75, 9999.0, 1.25, 1.25, 19.5, 9999.0, 9999.0, 9999.0, 119.75, 123.0, 118.5, 102.5, 134.0
2023-04-06, 20:42:30, 131.25, 51.5, 19.0, 25.5, 9999.0, 1.25, 1.25, 19.75, 9999.0, 9999.0, 9999.0, 119.75, 123.0, 118.5, 102.5, 134.0
2023-04-06, 20:42:34, 131.25, 51.5, 19.0, 25.75, 9999.0, 1.25, 1.25, 19.5, 9999.0, 9999.0, 9999.0, 119.5, 123.0, 118.5, 102.5, 134.0
2023-04-06, 20:42:38, 131.25, 51.5, 19.0, 25.75, 9999.0, 1.25, 1.25, 19.5, 9999.0, 9999.0, 9999.0, 119.5, 123.0, 118.5, 102.5, 134.0
2023-04-06, 20:42:42, 131.25, 51.5, 19.0, 25.75, 9999.0, 1.25, 1.5, 19.5, 9999.0, 9999.0, 9999.0, 119.5, 123.0, 118.5, 102.5, 134.0
2023-04-06, 20:42:46, 131.25, 51.5, 19.0, 25.75, 9999.0, 1.25, 1.5, 19.75, 9999.0, 9999.0, 9999.0, 119.5, 123.0, 118.5, 102.5, 133.75
2023-04-06, 20:42:50, 131.25, 51.5, 19.0, 26.0, 9999.0, 1.0, 1.5, 19.5, 9999.0, 9999.0, 9999.0, 119.25, 123.0, 118.5, 102.5, 134.0
2023-04-06, 20:42:54, 131.25, 51.5, 19.0, 26.0, 9999.0, 1.0, 1.25, 19.5, 9999.0, 9999.0, 9999.0, 119.5, 123.25, 118.5, 102.5, 134.0
2023-04-06, 20:42:58, 131.25, 51.5, 19.0, 26.25, 9999.0, 1.0, 1.25, 19.5, 9999.0, 9999.0, 9999.0, 119.5, 123.25, 118.5, 102.5, 134.0
2023-04-06, 20:43:02, 131.25, 51.5, 19.0, 26.0, 9999.0, 1.0, 1.5, 19.75, 9999.0, 9999.0, 9999.0, 119.5, 123.25, 118.5, 102.5, 134.0
2023-04-06, 20:43:06, 131.25, 51.5, 19.0, 26.0, 9999.0, 1.0, 1.5, 19.5, 9999.0, 9999.0, 9999.0, 119.25, 123.0, 118.5, 102.5, 134.0
2023-04-06, 20:43:10, 131.25, 51.5, 19.0, 26.25, 9999.0, 1.0, 1.25, 19.5, 9999.0, 9999.0, 9999.0, 119.25, 123.0, 118.5, 102.5, 134.0
2023-04-06, 20:43:14, 131.25, 51.5, 19.0, 26.25, 9999.0, 1.0, 1.25, 19.75, 9999.0, 9999.0, 9999.0, 119.25, 123.0, 118.5, 102.5, 134.0
2023-04-06, 20:43:18, 131.25, 51.5, 19.0, 26.0, 9999.0, 1.0, 1.25, 19.5, 9999.0, 9999.0, 9999.0, 119.25, 123.25, 118.5, 102.5, 134.0
2023-04-06, 20:43:22, 131.25, 51.5, 19.0, 26.0, 9999.0, 1.0, 1.25, 19.5, 9999.0, 9999.0, 9999.0, 119.25, 123.25, 118.5, 102.5, 134.0
2023-04-06, 20:43:26, 131.25, 51.5, 19.0, 26.0, 9999.0, 1.25, 1.25, 19.5, 9999.0, 9999.0, 9999.0, 119.25, 123.25, 118.5, 102.5, 134.0
2023-04-06, 20:43:30, 131.25, 51.5, 19.0, 26.0, 9999.0, 1.25, 1.25, 19.5, 9999.0, 9999.0, 9999.0, 119.25, 123.0, 118.5, 102.5, 134.0
2023-04-06, 20:43:34, 131.25, 51.5, 19.0, 26.0, 9999.0, 1.25, 1.25, 19.5, 9999.0, 9999.0, 9999.0, 119.0, 123.0, 118.5, 102.5, 134.0
2023-04-06, 20:43:38, 131.25, 51.5, 19.0, 26.0, 9999.0, 1.5, 1.5, 19.75, 9999.0, 9999.0, 9999.0, 119.0, 123.0, 118.5, 102.5, 134.0
2023-04-06, 20:43:42, 131.25, 51.5, 19.0, 26.0, 9999.0, 1.5, 1.5, 19.5, 9999.0, 9999.0, 9999.0, 119.75, 123.0, 118.75, 102.5, 134.0
2023-04-06, 20:43:46, 131.25, 51.5, 19.0, 26.25, 9999.0, 1.25, 1.25, 19.75, 9999.0, 9999.0, 9999.0, 119.75, 123.0, 118.5, 102.5, 134.0
2023-04-06, 20:43:50, 131.25, 51.5, 19.0, 26.25, 9999.0, 1.25, 1.5, 19.75, 9999.0, 9999.0, 9999.0, 119.75, 123.0, 118.75, 102.5, 134.0
2023-04-06, 20:43:54, 131.25, 51.5, 19.0, 26.25, 9999.0, 1.25, 1.5, 19.75, 9999.0, 9999.0, 9999.0, 119.75, 123.0, 118.5, 102.5, 134.0
2023-04-06, 20:43:58, 131.25, 51.5, 19.0, 26.0, 9999.0, 1.25, 1.5, 19.75, 9999.0, 9999.0, 9999.0, 119.5, 123.0, 118.75, 102.5, 134.0
2023-04-06, 20:44:02, 131.25, 51.5, 19.0, 26.25, 9999.0, 1.25, 1.5, 19.75, 9999.0, 9999.0, 9999.0, 119.5, 123.0, 118.5, 102.5, 134.0
2023-04-06, 20:44:06, 131.25, 51.5, 18.75, 26.25, 9999.0, 1.25, 1.5, 19.75, 9999.0, 9999.0, 9999.0, 119.5, 123.0, 118.75, 102.5, 134.0
2023-04-06, 20:44:10, 131.25, 51.5, 19.0, 26.0, 9999.0, 1.25, 1.5, 19.75, 9999.0, 9999.0, 9999.0, 119.5, 123.0, 118.75, 102.5, 134.0
2023-04-06, 20:44:14, 131.25, 51.5, 19.0, 26.25, 9999.0, 1.0, 1.5, 19.75, 9999.0, 9999.0, 9999.0, 119.5, 123.25, 118.75, 102.5, 134.0
2023-04-06, 20:44:18, 131.25, 51.5, 19.0, 26.0, 9999.0, 1.25, 1.5, 19.75, 9999.0, 9999.0, 9999.0, 119.5, 123.25, 118.5, 102.5, 134.0
2023-04-06, 20:44:22, 131.25, 51.5, 19.0, 26.0, 9999.0, 1.25, 1.5, 19.5, 9999.0, 9999.0, 9999.0, 119.5, 123.25, 118.5, 102.5, 134.0
2023-04-06, 20:44:26, 131.25, 51.5, 19.0, 26.25, 9999.0, 1.0, 1.5, 19.75, 9999.0, 9999.0, 9999.0, 119.5, 123.25, 118.5, 102.5, 134.0
2023-04-06, 20:44:30, 131.25, 51.5, 19.0, 26.0, 9999.0, 1.0, 1.5, 19.75, 9999.0, 9999.0, 9999.0, 119.5, 123.25, 118.75, 102.5, 134.0
2023-04-06, 20:44:34, 131.25, 51.5, 19.0, 26.0, 9999.0, 1.0, 1.25, 19.75, 9999.0, 9999.0, 9999.0, 119.25, 123.25, 118.5, 102.5, 134.0
2023-04-06, 20:44:38, 131.25, 51.5, 19.0, 26.25, 9999.0, 1.0, 1.5, 19.75, 9999.0, 9999.0, 9999.0, 119.25, 123.25, 118.5, 102.5, 134.0
2023-04-06, 20:44:42, 131.25, 51.5, 19.0, 26.0, 9999.0, 1.0, 1.5, 19.75, 9999.0, 9999.0, 9999.0, 119.25, 123.0, 118.5, 102.5, 134.0
2023-04-06, 20:44:46, 131.25, 51.5, 19.0, 26.0, 9999.0, 1.25, 1.5, 19.75, 9999.0, 9999.0, 9999.0, 119.25, 123.25, 118.5, 102.5, 134.0
2023-04-06, 20:44:50, 131.25, 51.5, 19.0, 26.0, 9999.0, 1.25, 1.5, 19.75, 9999.0, 9999.0, 9999.0, 119.25, 123.25, 118.75, 102.5, 134.0
2023-04-06, 20:44:54, 131.25, 51.5, 19.0, 26.0, 9999.0, 1.25, 1.5, 19.75, 9999.0, 9999.0, 9999.0, 119.0, 123.0, 118.5, 102.5, 134.0
2023-04-06, 20:44:58, 131.25, 51.5, 19.25, 26.0, 9999.0, 1.5, 1.5, 19.75, 9999.0, 9999.0, 9999.0, 119.25, 123.0, 118.75, 102.5, 134.0
2023-04-06, 20:45:02, 131.25, 51.5, 19.0, 26.0, 9999.0, 1.5, 1.5, 19.75, 9999.0, 9999.0, 9999.0, 120.0, 123.25, 118.75, 102.5, 134.0
2023-04-06, 20:45:07, 131.25, 51.5, 19.25, 26.25, 9999.0, 1.5, 1.5, 19.75, 9999.0, 9999.0, 9999.0, 119.75, 123.0, 118.5, 102.5, 134.0
2023-04-06, 20:45:11, 131.25, 51.5, 19.0, 26.25, 9999.0, 1.25, 1.5, 19.75, 9999.0, 9999.0, 9999.0, 119.75, 123.0, 118.75, 102.5, 134.0
2023-04-06, 20:45:15, 131.5, 51.5, 19.0, 26.25, 9999.0, 1.25, 1.5, 19.75, 9999.0, 9999.0, 9999.0, 119.5, 123.0, 118.75, 102.5, 134.0
2023-04-06, 20:45:19, 131.25, 51.5, 19.0, 26.0, 9999.0, 1.25, 1.5, 19.75, 9999.0, 9999.0, 9999.0, 119.5, 123.0, 118.75, 102.5, 134.0
2023-04-06, 20:45:23, 131.5, 51.5, 19.0, 26.25, 9999.0, 1.25, 1.5, 19.75, 9999.0, 9999.0, 9999.0, 119.5, 123.0, 118.5, 102.5, 134.0
2023-04-06, 20:45:27, 131.5, 51.5, 19.0, 26.25, 9999.0, 1.25, 1.5, 19.75, 9999.0, 9999.0, 9999.0, 119.5, 123.0, 118.5, 102.5, 134.0
2023-04-06, 20:45:31, 131.25, 51.5, 19.0, 25.75, 9999.0, 1.25, 1.5, 19.75, 9999.0, 9999.0, 9999.0, 119.5, 123.0, 118.75, 102.5, 134.0
2023-04-06, 20:45:35, 131.5, 51.5, 19.0, 26.25, 9999.0, 1.25, 1.5, 19.75, 9999.0, 9999.0, 9999.0, 119.5, 123.25, 118.5, 102.5, 134.0
2023-04-06, 20:45:39, 131.25, 51.5, 19.0, 26.25, 9999.0, 1.25, 1.5, 19.75, 9999.0, 9999.0, 9999.0, 119.5, 123.25, 118.5, 102.5, 134.0
2023-04-06, 20:45:43, 131.5, 51.5, 19.0, 26.25, 9999.0, 1.25, 1.5, 19.75, 9999.0, 9999.0, 9999.0, 119.5, 123.25, 118.75, 102.5, 134.0
2023-04-06, 20:45:47, 131.5, 51.5, 19.0, 26.0, 9999.0, 1.25, 1.5, 19.75, 9999.0, 9999.0, 9999.0, 119.5, 123.25, 118.75, 102.5, 134.0
2023-04-06, 20:45:51, 131.25, 51.5, 19.0, 26.0, 9999.0, 1.25, 1.5, 19.75, 9999.0, 9999.0, 9999.0, 119.25, 123.25, 118.75, 102.5, 134.0
2023-04-06, 20:45:55, 131.25, 51.5, 19.0, 26.25, 9999.0, 1.25, 1.5, 19.75, 9999.0, 9999.0, 9999.0, 119.25, 123.25, 118.5, 102.5, 134.0
2023-04-06, 20:45:59, 131.25, 51.5, 19.0, 26.25, 9999.0, 1.0, 1.5, 19.75, 9999.0, 9999.0, 9999.0, 119.25, 123.25, 118.5, 102.5, 134.0
2023-04-06, 20:46:03, 131.25, 51.5, 19.25, 26.25, 9999.0, 1.0, 1.5, 19.75, 9999.0, 9999.0, 9999.0, 119.25, 123.25, 118.75, 102.5, 134.0
2023-04-06, 20:46:07, 131.25, 51.5, 19.25, 26.25, 9999.0, 1.25, 1.5, 19.75, 9999.0, 9999.0, 9999.0, 119.25, 123.25, 118.5, 102.5, 134.0
2023-04-06, 20:46:11, 131.5, 51.5, 19.0, 26.25, 9999.0, 1.25, 1.5, 19.75, 9999.0, 9999.0, 9999.0, 119.25, 123.25, 118.75, 102.5, 134.0
2023-04-06, 20:46:15, 131.25, 51.5, 19.0, 26.25, 9999.0, 1.25, 1.5, 19.75, 9999.0, 9999.0, 9999.0, 119.25, 123.25, 118.75, 102.5, 134.0
2023-04-06, 20:46:19, 131.25, 51.5, 19.0, 26.0, 9999.0, 1.5, 1.5, 19.75, 9999.0, 9999.0, 9999.0, 119.25, 123.25, 118.5, 102.5, 134.0
2023-04-06, 20:46:23, 131.5, 51.5, 19.0, 26.0, 9999.0, 1.5, 1.5, 19.75, 9999.0, 9999.0, 9999.0, 119.25, 123.25, 118.5, 102.5, 134.0
2023-04-06, 20:46:27, 131.5, 51.5, 19.0, 26.25, 9999.0, 1.5, 1.5, 19.75, 9999.0, 9999.0, 9999.0, 120.0, 123.0, 118.5, 102.5, 134.0
2023-04-06, 20:46:31, 131.25, 51.5, 19.0, 26.25, 9999.0, 1.25, 1.5, 19.5, 9999.0, 9999.0, 9999.0, 119.75, 123.0, 118.75, 102.5, 134.0
2023-04-06, 20:46:35, 131.5, 51.5, 19.0, 26.25, 9999.0, 1.25, 1.5, 19.75, 9999.0, 9999.0, 9999.0, 119.75, 123.25, 118.5, 102.5, 134.0
2023-04-06, 20:46:39, 131.25, 51.5, 19.0, 26.25, 9999.0, 1.25, 1.5, 19.75, 9999.0, 9999.0, 9999.0, 119.75, 123.0, 118.75, 102.5, 134.0
2023-04-06, 20:46:43, 131.5, 51.5, 19.0, 26.25, 9999.0, 1.25, 1.5, 19.75, 9999.0, 9999.0, 9999.0, 119.5, 123.0, 118.5, 102.5, 134.0
2023-04-06, 20:46:47, 131.25, 51.5, 19.25, 26.25, 9999.0, 1.25, 1.5, 19.75, 9999.0, 9999.0, 9999.0, 119.5, 123.0, 118.5, 102.5, 134.0
2023-04-06, 20:46:51, 131.25, 51.5, 19.25, 26.25, 9999.0, 1.25, 1.5, 19.75, 9999.0, 9999.0, 9999.0, 119.5, 123.0, 118.5, 102.5, 134.0
2023-04-06, 20:46:55, 131.5, 51.5, 19.0, 26.25, 9999.0, 1.25, 1.5, 19.75, 9999.0, 9999.0, 9999.0, 119.5, 123.25, 118.5, 102.5, 134.0
2023-04-06, 20:46:59, 131.5, 51.5, 19.0, 26.25, 9999.0, 1.25, 1.5, 19.75, 9999.0, 9999.0, 9999.0, 119.5, 123.25, 118.75, 102.5, 134.0
2023-04-06, 20:47:03, 131.5, 51.5, 19.0, 26.25, 9999.0, 1.25, 1.5, 19.75, 9999.0, 9999.0, 9999.0, 119.5, 123.25, 118.75, 102.5, 134.0
2023-04-06, 20:47:07, 131.5, 51.5, 19.0, 26.25, 9999.0, 1.25, 1.5, 19.75, 9999.0, 9999.0, 9999.0, 119.5, 123.25, 118.5, 102.5, 134.0
2023-04-06, 20:47:11, 131.25, 51.5, 19.0, 26.25, 9999.0, 1.0, 1.5, 19.75, 9999.0, 9999.0, 9999.0, 119.25, 123.25, 118.75, 102.5, 134.0
2023-04-06, 20:47:15, 131.5, 51.5, 19.0, 26.25, 9999.0, 1.25, 1.5, 19.75, 9999.0, 9999.0, 9999.0, 119.25, 123.25, 118.5, 102.5, 134.0
2023-04-06, 20:47:19, 131.5, 51.5, 19.0, 26.25, 9999.0, 1.25, 1.5, 19.75, 9999.0, 9999.0, 9999.0, 119.25, 123.25, 118.5, 102.5, 134.0
2023-04-06, 20:47:23, 131.5, 51.5, 19.0, 26.25, 9999.0, 1.0, 1.5, 19.75, 9999.0, 9999.0, 9999.0, 119.25, 123.25, 118.5, 102.5, 134.0
2023-04-06, 20:47:27, 131.5, 51.5, 19.25, 26.0, 9999.0, 1.0, 1.5, 19.75, 9999.0, 9999.0, 9999.0, 119.25, 123.25, 118.5, 102.5, 134.0
2023-04-06, 20:47:31, 131.5, 51.5, 19.0, 26.25, 9999.0, 1.25, 1.5, 19.75, 9999.0, 9999.0, 9999.0, 119.25, 123.0, 118.75, 102.5, 134.0
2023-04-06, 20:47:35, 131.25, 51.5, 19.0, 26.25, 9999.0, 1.25, 1.5, 19.75, 9999.0, 9999.0, 9999.0, 119.25, 123.25, 118.75, 102.5, 134.0
2023-04-06, 20:47:39, 131.25, 51.5, 19.0, 26.0, 9999.0, 1.5, 1.5, 19.75, 9999.0, 9999.0, 9999.0, 119.25, 123.0, 118.75, 102.5, 134.0
2023-04-06, 20:47:43, 131.25, 51.5, 19.0, 26.0, 9999.0, 1.5, 1.5, 19.75, 9999.0, 9999.0, 9999.0, 119.0, 123.0, 118.5, 102.5, 134.0
2023-04-06, 20:47:47, 131.5, 51.5, 19.0, 26.25, 9999.0, 1.5, 1.5, 19.75, 9999.0, 9999.0, 9999.0, 119.75, 123.0, 118.5, 102.5, 134.0
2023-04-06, 20:47:51, 131.25, 51.5, 19.0, 26.25, 9999.0, 1.5, 1.5, 19.75, 9999.0, 9999.0, 9999.0, 119.75, 123.0, 118.75, 102.5, 134.0
2023-04-06, 20:47:55, 131.25, 51.5, 19.0, 26.25, 9999.0, 1.25, 1.5, 19.75, 9999.0, 9999.0, 9999.0, 119.75, 123.0, 118.5, 102.5, 134.0
2023-04-06, 20:47:59, 131.5, 51.5, 19.0, 26.25, 9999.0, 1.25, 1.5, 19.75, 9999.0, 9999.0, 9999.0, 119.5, 123.0, 118.75, 102.5, 134.0
2023-04-06, 20:48:03, 131.5, 51.5, 19.25, 26.25, 9999.0, 1.25, 1.5, 19.75, 9999.0, 9999.0, 9999.0, 119.5, 123.0, 118.5, 102.5, 134.0
2023-04-06, 20:48:07, 131.25, 51.5, 19.25, 26.25, 9999.0, 1.25, 1.5, 19.75, 9999.0, 9999.0, 9999.0, 119.5, 123.0, 118.5, 102.5, 134.0
2023-04-06, 20:48:11, 131.25, 51.5, 19.0, 26.0, 9999.0, 1.25, 1.5, 19.75, 9999.0, 9999.0, 9999.0, 119.5, 123.0, 118.5, 102.5, 134.0
2023-04-06, 20:48:15, 131.5, 51.5, 19.0, 26.25, 9999.0, 1.25, 1.5, 19.75, 9999.0, 9999.0, 9999.0, 119.5, 123.25, 118.5, 102.5, 134.0
2023-04-06, 20:48:19, 131.25, 51.5, 19.0, 26.25, 9999.0, 1.25, 1.5, 19.75, 9999.0, 9999.0, 9999.0, 119.5, 123.25, 118.75, 102.5, 134.0
2023-04-06, 20:48:23, 131.25, 51.5, 19.0, 26.25, 9999.0, 1.0, 1.5, 19.75, 9999.0, 9999.0, 9999.0, 119.5, 123.25, 118.75, 102.5, 134.0
2023-04-06, 20:48:27, 131.25, 51.5, 19.0, 26.25, 9999.0, 1.25, 1.5, 19.75, 9999.0, 9999.0, 9999.0, 119.25, 123.25, 118.5, 102.5, 134.0
2023-04-06, 20:48:31, 131.25, 51.25, 19.0, 26.25, 9999.0, 1.0, 1.5, 19.75, 9999.0, 9999.0, 9999.0, 119.25, 123.25, 118.5, 102.5, 134.0
2023-04-06, 20:48:35, 131.25, 51.5, 19.25, 26.0, 9999.0, 1.0, 1.5, 19.75, 9999.0, 9999.0, 9999.0, 119.25, 123.0, 118.75, 102.5, 134.0
2023-04-06, 20:48:39, 131.25, 51.5, 19.0, 26.25, 9999.0, 1.0, 1.5, 19.75, 9999.0, 9999.0, 9999.0, 119.25, 123.0, 118.5, 102.5, 134.0
2023-04-06, 20:48:43, 131.25, 51.5, 19.0, 26.0, 9999.0, 1.0, 1.5, 19.75, 9999.0, 9999.0, 9999.0, 119.25, 123.0, 118.5, 102.5, 134.0
2023-04-06, 20:48:47, 131.25, 51.5, 19.0, 26.25, 9999.0, 1.0, 1.5, 19.75, 9999.0, 9999.0, 9999.0, 119.25, 123.0, 118.5, 102.5, 134.0
2023-04-06, 20:48:51, 131.25, 51.5, 19.0, 26.25, 9999.0, 1.25, 1.5, 19.75, 9999.0, 9999.0, 9999.0, 119.25, 123.0, 118.5, 102.5, 134.0
2023-04-06, 20:48:55, 131.25, 51.5, 19.0, 26.25, 9999.0, 1.25, 1.5, 19.75, 9999.0, 9999.0, 9999.0, 119.25, 123.0, 118.5, 102.5, 134.0
2023-04-06, 20:48:59, 131.25, 51.5, 19.0, 26.25, 9999.0, 1.25, 1.5, 19.75, 9999.0, 9999.0, 9999.0, 119.25, 123.0, 118.5, 102.5, 134.0
2023-04-06, 20:49:03, 131.25, 51.5, 19.0, 25.75, 9999.0, 1.5, 1.5, 19.75, 9999.0, 9999.0, 9999.0, 119.0, 123.0, 118.75, 102.5, 134.0
2023-04-06, 20:49:07, 131.25, 51.5, 19.0, 26.0, 9999.0, 1.5, 1.5, 19.5, 9999.0, 9999.0, 9999.0, 119.75, 123.0, 118.75, 102.5, 134.0
2023-04-06, 20:49:11, 131.25, 51.5, 19.0, 26.0, 9999.0, 1.5, 1.5, 19.75, 9999.0, 9999.0, 9999.0, 119.75, 123.0, 118.5, 102.5, 134.0
2023-04-06, 20:49:15, 131.25, 51.5, 19.0, 26.25, 9999.0, 1.25, 1.5, 19.75, 9999.0, 9999.0, 9999.0, 119.75, 123.0, 118.5, 102.5, 134.0
2023-04-06, 20:49:19, 131.25, 51.5, 19.0, 26.0, 9999.0, 1.25, 1.5, 19.75, 9999.0, 9999.0, 9999.0, 119.5, 123.0, 118.5, 102.5, 134.0
2023-04-06, 20:49:23, 131.25, 51.5, 19.0, 26.0, 9999.0, 1.25, 1.5, 19.75, 9999.0, 9999.0, 9999.0, 119.5, 123.0, 118.5, 102.5, 134.0
2023-04-06, 20:49:27, 131.25, 51.5, 19.0, 26.25, 9999.0, 1.25, 1.5, 19.75, 9999.0, 9999.0, 9999.0, 119.5, 123.0, 118.5, 102.5, 134.0
2023-04-06, 20:49:32, 131.25, 51.5, 19.0, 26.25, 9999.0, 1.25, 1.5, 19.75, 9999.0, 9999.0, 9999.0, 119.5, 122.75, 118.5, 102.5, 134.0
2023-04-06, 20:49:36, 131.25, 51.5, 19.0, 26.25, 9999.0, 1.25, 1.5, 19.75, 9999.0, 9999.0, 9999.0, 119.5, 123.0, 118.5, 102.5, 134.0
2023-04-06, 20:49:40, 131.25, 51.5, 19.0, 26.25, 9999.0, 1.0, 1.25, 19.75, 9999.0, 9999.0, 9999.0, 119.5, 123.0, 118.5, 102.5, 134.0
2023-04-06, 20:49:44, 131.25, 51.5, 19.0, 26.25, 9999.0, 1.25, 1.5, 19.75, 9999.0, 9999.0, 9999.0, 119.5, 123.0, 118.5, 102.5, 134.0
2023-04-06, 20:49:48, 131.25, 51.5, 19.0, 26.25, 9999.0, 1.0, 1.5, 19.75, 9999.0, 9999.0, 9999.0, 119.5, 123.0, 118.5, 102.5, 134.0
2023-04-06, 20:49:52, 131.25, 51.5, 19.0, 26.25, 9999.0, 1.0, 1.25, 19.75, 9999.0, 9999.0, 9999.0, 119.25, 123.0, 118.5, 102.5, 134.0
2023-04-06, 20:49:56, 131.25, 51.5, 19.0, 26.25, 9999.0, 1.0, 1.5, 19.75, 9999.0, 9999.0, 9999.0, 119.25, 123.0, 118.5, 102.5, 134.0
2023-04-06, 20:50:00, 131.25, 51.25, 19.0, 26.25, 9999.0, 1.0, 1.5, 19.75, 9999.0, 9999.0, 9999.0, 119.25, 123.0, 118.5, 102.5, 134.0
2023-04-06, 20:50:04, 131.25, 51.5, 19.0, 26.25, 9999.0, 1.0, 1.25, 19.75, 9999.0, 9999.0, 9999.0, 119.25, 123.0, 118.5, 102.5, 134.0
2023-04-06, 20:50:08, 131.25, 51.5, 19.0, 26.25, 9999.0, 1.0, 1.5, 19.75, 9999.0, 9999.0, 9999.0, 119.25, 123.0, 118.75, 102.5, 134.0
2023-04-06, 20:50:12, 131.25, 51.5, 19.0, 26.25, 9999.0, 1.25, 1.25, 19.75, 9999.0, 9999.0, 9999.0, 119.25, 123.0, 118.75, 102.5, 134.0
2023-04-06, 20:50:16, 131.25, 51.5, 19.0, 26.25, 9999.0, 1.25, 1.25, 19.75, 9999.0, 9999.0, 9999.0, 119.25, 123.0, 118.75, 102.5, 134.0
2023-04-06, 20:50:20, 131.25, 51.5, 19.0, 26.25, 9999.0, 1.25, 1.25, 19.75, 9999.0, 9999.0, 9999.0, 119.0, 123.0, 118.5, 102.5, 134.0
2023-04-06, 20:50:24, 131.25, 51.25, 19.0, 26.25, 9999.0, 1.5, 1.5, 19.75, 9999.0, 9999.0, 9999.0, 119.0, 123.0, 118.5, 102.5, 134.0
2023-04-06, 20:50:28, 131.25, 51.5, 19.0, 26.25, 9999.0, 1.25, 1.5, 19.5, 9999.0, 9999.0, 9999.0, 119.75, 123.0, 118.5, 102.5, 134.0
2023-04-06, 20:50:32, 131.25, 51.5, 19.0, 26.25, 9999.0, 1.25, 1.5, 19.75, 9999.0, 9999.0, 9999.0, 119.75, 123.0, 118.5, 102.5, 134.0
2023-04-06, 20:50:36, 131.25, 51.25, 19.0, 26.25, 9999.0, 1.25, 1.25, 19.75, 9999.0, 9999.0, 9999.0, 119.75, 123.0, 118.5, 102.5, 134.0
2023-04-06, 20:50:40, 131.25, 51.5, 19.0, 26.25, 9999.0, 1.25, 1.5, 19.75, 9999.0, 9999.0, 9999.0, 119.75, 123.0, 118.75, 102.5, 134.0
2023-04-06, 20:50:44, 131.25, 51.5, 19.0, 26.25, 9999.0, 1.25, 1.5, 19.75, 9999.0, 9999.0, 9999.0, 119.5, 123.0, 118.5, 102.5, 134.0
2023-04-06, 20:50:48, 131.25, 51.25, 19.0, 26.25, 9999.0, 1.25, 1.5, 19.5, 9999.0, 9999.0, 9999.0, 119.5, 123.0, 118.5, 102.5, 134.0
2023-04-06, 20:50:52, 131.25, 51.25, 19.0, 26.25, 9999.0, 1.25, 1.25, 19.5, 9999.0, 9999.0, 9999.0, 119.5, 123.0, 118.5, 102.5, 134.0
2023-04-06, 20:50:56, 131.0, 51.5, 19.0, 26.25, 9999.0, 1.25, 1.5, 19.5, 9999.0, 9999.0, 9999.0, 119.5, 123.0, 118.5, 102.5, 134.0
2023-04-06, 20:51:00, 131.25, 51.25, 19.0, 26.25, 9999.0, 1.0, 1.5, 19.5, 9999.0, 9999.0, 9999.0, 119.5, 123.0, 118.5, 102.5, 134.0
2023-04-06, 20:51:04, 131.25, 51.25, 19.0, 26.25, 9999.0, 1.25, 1.25, 19.75, 9999.0, 9999.0, 9999.0, 119.5, 123.0, 118.5, 102.5, 134.0
2023-04-06, 20:51:08, 131.25, 51.25, 19.0, 26.25, 9999.0, 1.0, 1.25, 19.5, 9999.0, 9999.0, 9999.0, 119.5, 123.0, 118.5, 102.5, 134.0
2023-04-06, 20:51:12, 131.25, 51.25, 19.0, 26.25, 9999.0, 1.0, 1.25, 19.75, 9999.0, 9999.0, 9999.0, 119.25, 123.0, 118.5, 102.5, 134.0
2023-04-06, 20:51:16, 131.25, 51.25, 19.0, 26.25, 9999.0, 1.0, 1.25, 19.5, 9999.0, 9999.0, 9999.0, 119.25, 123.0, 118.5, 102.5, 134.0
2023-04-06, 20:51:20, 131.0, 51.25, 19.0, 26.25, 9999.0, 1.0, 1.25, 19.5, 9999.0, 9999.0, 9999.0, 119.25, 123.0, 118.5, 102.5, 134.0
2023-04-06, 20:51:24, 131.25, 51.25, 19.0, 26.25, 9999.0, 1.0, 1.25, 19.5, 9999.0, 9999.0, 9999.0, 119.25, 123.0, 118.5, 102.5, 134.0
2023-04-06, 20:51:28, 131.0, 51.25, 19.0, 26.25, 9999.0, 1.0, 1.25, 19.75, 9999.0, 9999.0, 9999.0, 119.25, 123.0, 118.5, 102.25, 134.0
2023-04-06, 20:51:32, 131.0, 51.25, 19.0, 26.25, 9999.0, 1.25, 1.25, 19.5, 9999.0, 9999.0, 9999.0, 119.25, 123.0, 118.5, 102.5, 134.0
2023-04-06, 20:51:36, 131.25, 51.25, 19.0, 26.25, 9999.0, 1.0, 1.25, 19.5, 9999.0, 9999.0, 9999.0, 119.0, 123.0, 118.5, 102.5, 134.0
2023-04-06, 20:51:40, 131.25, 51.25, 19.0, 26.0, 9999.0, 1.25, 1.25, 19.5, 9999.0, 9999.0, 9999.0, 119.0, 123.0, 118.75, 102.5, 134.0
2023-04-06, 20:51:44, 131.0, 51.25, 18.75, 26.0, 9999.0, 1.25, 1.25, 19.75, 9999.0, 9999.0, 9999.0, 119.0, 123.0, 118.5, 102.5, 134.0
2023-04-06, 20:51:48, 131.0, 51.25, 19.0, 26.25, 9999.0, 1.25, 1.25, 19.5, 9999.0, 9999.0, 9999.0, 119.75, 123.0, 118.5, 102.5, 134.0
2023-04-06, 20:51:52, 131.0, 51.25, 19.0, 26.25, 9999.0, 1.25, 1.25, 19.5, 9999.0, 9999.0, 9999.0, 119.75, 123.0, 118.5, 102.5, 134.0
2023-04-06, 20:51:56, 131.25, 51.25, 19.0, 26.25, 9999.0, 1.25, 1.25, 19.5, 9999.0, 9999.0, 9999.0, 119.75, 123.0, 118.5, 102.5, 134.0
2023-04-06, 20:52:00, 131.25, 51.25, 19.0, 26.25, 9999.0, 1.25, 1.5, 19.5, 9999.0, 9999.0, 9999.0, 119.5, 123.0, 118.5, 102.5, 134.0
2023-04-06, 20:52:04, 131.25, 51.25, 19.0, 26.0, 9999.0, 1.25, 1.25, 19.5, 9999.0, 9999.0, 9999.0, 119.5, 123.0, 118.5, 102.5, 134.0
2023-04-06, 20:52:08, 131.0, 51.25, 19.0, 26.0, 9999.0, 1.25, 1.25, 19.5, 9999.0, 9999.0, 9999.0, 119.5, 123.0, 118.5, 102.5, 134.0
2023-04-06, 20:52:12, 131.25, 51.25, 19.0, 26.25, 9999.0, 1.0, 1.25, 19.5, 9999.0, 9999.0, 9999.0, 119.5, 123.0, 118.5, 102.5, 134.0
2023-04-06, 20:52:16, 131.25, 51.25, 19.0, 26.0, 9999.0, 1.0, 1.25, 19.5, 9999.0, 9999.0, 9999.0, 119.25, 123.0, 118.5, 102.5, 134.0
2023-04-06, 20:52:20, 131.0, 51.25, 19.0, 26.25, 9999.0, 1.0, 1.25, 19.5, 9999.0, 9999.0, 9999.0, 119.5, 123.0, 118.5, 102.5, 134.0
2023-04-06, 20:52:24, 131.25, 51.25, 19.0, 26.25, 9999.0, 1.0, 1.25, 19.5, 9999.0, 9999.0, 9999.0, 119.25, 123.0, 118.5, 102.5, 134.0
2023-04-06, 20:52:28, 131.25, 51.25, 18.75, 26.25, 9999.0, 1.0, 1.25, 19.5, 9999.0, 9999.0, 9999.0, 119.25, 123.0, 118.5, 102.5, 134.0
2023-04-06, 20:52:32, 131.0, 51.25, 19.0, 26.25, 9999.0, 1.0, 1.25, 19.5, 9999.0, 9999.0, 9999.0, 119.25, 123.0, 118.5, 102.5, 134.0
2023-04-06, 20:52:36, 131.0, 51.25, 19.0, 26.0, 9999.0, 1.0, 1.25, 19.5, 9999.0, 9999.0, 9999.0, 119.25, 123.0, 118.5, 102.5, 134.0
2023-04-06, 20:52:40, 131.0, 51.25, 19.0, 26.0, 9999.0, 1.0, 1.25, 19.5, 9999.0, 9999.0, 9999.0, 119.25, 123.0, 118.5, 102.5, 134.0
2023-04-06, 20:52:44, 131.0, 51.25, 19.0, 26.0, 9999.0, 1.0, 1.25, 19.5, 9999.0, 9999.0, 9999.0, 119.25, 123.0, 118.5, 102.5, 134.0
2023-04-06, 20:52:48, 131.0, 51.25, 19.0, 26.0, 9999.0, 1.0, 1.25, 19.5, 9999.0, 9999.0, 9999.0, 119.25, 123.0, 118.5, 102.5, 134.0
2023-04-06, 20:52:52, 131.0, 51.25, 19.0, 26.0, 9999.0, 1.0, 1.25, 19.5, 9999.0, 9999.0, 9999.0, 119.0, 123.0, 118.5, 102.5, 134.0
2023-04-06, 20:52:56, 131.0, 51.25, 19.0, 26.0, 9999.0, 1.0, 1.25, 19.5, 9999.0, 9999.0, 9999.0, 119.0, 123.0, 118.5, 102.5, 134.0
2023-04-06, 20:53:00, 131.0, 51.25, 19.0, 26.0, 9999.0, 1.25, 1.25, 19.5, 9999.0, 9999.0, 9999.0, 119.0, 123.0, 118.5, 102.5, 134.0
2023-04-06, 20:53:04, 131.0, 51.25, 19.0, 26.0, 9999.0, 1.25, 1.25, 19.5, 9999.0, 9999.0, 9999.0, 119.0, 123.0, 118.5, 102.5, 133.75
2023-04-06, 20:53:08, 131.0, 51.25, 19.0, 26.0, 9999.0, 1.25, 1.25, 19.5, 9999.0, 9999.0, 9999.0, 119.75, 123.0, 118.5, 102.25, 134.0
2023-04-06, 20:53:12, 131.0, 51.25, 19.0, 26.0, 9999.0, 1.25, 1.25, 19.5, 9999.0, 9999.0, 9999.0, 119.5, 123.0, 118.5, 102.5, 134.0
2023-04-06, 20:53:16, 131.0, 51.25, 19.0, 26.0, 9999.0, 1.0, 1.25, 19.5, 9999.0, 9999.0, 9999.0, 119.5, 123.0, 118.5, 102.5, 134.0
2023-04-06, 20:53:20, 131.0, 51.25, 19.0, 26.25, 9999.0, 1.25, 1.25, 19.5, 9999.0, 9999.0, 9999.0, 119.5, 123.0, 118.5, 102.5, 134.0
2023-04-06, 20:53:24, 131.0, 51.25, 19.0, 26.25, 9999.0, 1.0, 1.25, 19.5, 9999.0, 9999.0, 9999.0, 119.5, 123.0, 118.5, 102.5, 134.0
2023-04-06, 20:53:28, 131.0, 51.25, 19.0, 26.0, 9999.0, 1.0, 1.25, 19.5, 9999.0, 9999.0, 9999.0, 119.5, 123.0, 118.5, 102.5, 134.0
2023-04-06, 20:53:32, 131.0, 51.25, 19.0, 26.0, 9999.0, 1.0, 1.25, 19.25, 9999.0, 9999.0, 9999.0, 119.25, 123.0, 118.5, 102.5, 134.0
2023-04-06, 20:53:36, 131.0, 51.25, 19.0, 26.25, 9999.0, 1.0, 1.25, 19.5, 9999.0, 9999.0, 9999.0, 119.25, 123.0, 118.5, 102.5, 134.0
2023-04-06, 20:53:40, 131.0, 51.25, 18.75, 26.25, 9999.0, 1.0, 1.25, 19.5, 9999.0, 9999.0, 9999.0, 119.25, 123.25, 118.5, 102.5, 134.0
2023-04-06, 20:53:44, 131.0, 51.25, 18.75, 26.0, 9999.0, 1.0, 1.25, 19.5, 9999.0, 9999.0, 9999.0, 119.25, 123.25, 118.5, 102.5, 134.0
2023-04-06, 20:53:48, 131.0, 51.25, 18.75, 26.0, 9999.0, 1.0, 1.25, 19.5, 9999.0, 9999.0, 9999.0, 119.25, 123.25, 118.5, 102.5, 134.0
2023-04-06, 20:53:52, 131.0, 51.25, 19.0, 25.75, 9999.0, 1.0, 1.25, 19.5, 9999.0, 9999.0, 9999.0, 119.25, 123.0, 118.75, 102.5, 134.0
2023-04-06, 20:53:56, 131.0, 51.25, 18.75, 25.75, 9999.0, 1.0, 1.25, 19.5, 9999.0, 9999.0, 9999.0, 119.25, 123.0, 118.75, 102.5, 134.0
2023-04-06, 20:54:01, 131.0, 51.25, 19.0, 26.0, 9999.0, 1.0, 1.25, 19.5, 9999.0, 9999.0, 9999.0, 119.25, 123.0, 118.5, 102.5, 134.0
2023-04-06, 20:54:05, 131.0, 51.25, 18.75, 26.0, 9999.0, 0.75, 1.25, 19.5, 9999.0, 9999.0, 9999.0, 119.25, 123.0, 118.5, 102.5, 133.75
2023-04-06, 20:54:09, 131.0, 51.25, 18.75, 26.0, 9999.0, 1.0, 1.25, 19.5, 9999.0, 9999.0, 9999.0, 119.0, 123.0, 118.5, 102.5, 133.75
2023-04-06, 20:54:13, 131.0, 51.25, 19.0, 26.0, 9999.0, 1.0, 1.25, 19.5, 9999.0, 9999.0, 9999.0, 119.0, 123.0, 118.75, 102.5, 134.0
2023-04-06, 20:54:17, 131.0, 51.25, 19.0, 26.0, 9999.0, 1.0, 1.25, 19.5, 9999.0, 9999.0, 9999.0, 119.0, 123.0, 118.75, 102.5, 134.0
2023-04-06, 20:54:21, 131.0, 51.25, 19.0, 26.25, 9999.0, 1.0, 1.25, 19.5, 9999.0, 9999.0, 9999.0, 119.0, 123.25, 118.75, 102.5, 133.75
2023-04-06, 20:54:25, 131.0, 51.25, 19.0, 26.0, 9999.0, 1.25, 1.25, 19.5, 9999.0, 9999.0, 9999.0, 119.0, 123.0, 118.75, 102.5, 133.75
2023-04-06, 20:54:29, 131.0, 51.25, 19.0, 26.0, 9999.0, 1.25, 1.25, 19.5, 9999.0, 9999.0, 9999.0, 119.75, 123.0, 118.5, 102.25, 133.75
2023-04-06, 20:54:33, 131.0, 51.25, 19.0, 26.0, 9999.0, 1.25, 1.25, 19.5, 9999.0, 9999.0, 9999.0, 119.75, 123.0, 118.75, 102.25, 134.0
2023-04-06, 20:54:37, 131.0, 51.25, 19.0, 26.0, 9999.0, 1.0, 1.0, 19.5, 9999.0, 9999.0, 9999.0, 119.5, 123.0, 118.75, 102.5, 134.0
2023-04-06, 20:54:41, 131.0, 51.25, 19.0, 26.25, 9999.0, 1.0, 1.25, 19.5, 9999.0, 9999.0, 9999.0, 119.5, 123.0, 118.5, 102.25, 134.0
2023-04-06, 20:54:45, 131.0, 51.25, 19.0, 26.25, 9999.0, 1.0, 1.25, 19.5, 9999.0, 9999.0, 9999.0, 119.5, 123.0, 118.75, 102.5, 133.75
2023-04-06, 20:54:49, 131.0, 51.25, 19.0, 26.25, 9999.0, 1.0, 1.25, 19.5, 9999.0, 9999.0, 9999.0, 119.5, 123.0, 118.5, 102.5, 133.75
2023-04-06, 20:54:53, 131.0, 51.25, 19.0, 26.25, 9999.0, 1.0, 1.25, 19.5, 9999.0, 9999.0, 9999.0, 119.5, 123.0, 118.75, 102.5, 134.0
2023-04-06, 20:54:57, 131.0, 51.25, 19.0, 26.25, 9999.0, 1.0, 1.25, 19.5, 9999.0, 9999.0, 9999.0, 119.25, 123.0, 118.75, 102.5, 133.75
2023-04-06, 20:55:01, 131.0, 51.25, 19.0, 26.0, 9999.0, 1.0, 1.25, 19.5, 9999.0, 9999.0, 9999.0, 119.5, 123.25, 118.75, 102.5, 134.0
2023-04-06, 20:55:05, 131.0, 51.25, 19.0, 26.25, 9999.0, 1.0, 1.25, 19.5, 9999.0, 9999.0, 9999.0, 119.5, 123.25, 118.75, 102.5, 133.75
2023-04-06, 20:55:09, 131.0, 51.25, 19.0, 26.25, 9999.0, 1.0, 1.25, 19.5, 9999.0, 9999.0, 9999.0, 119.25, 123.25, 118.5, 102.5, 134.0
2023-04-06, 20:55:13, 131.0, 51.25, 19.0, 26.25, 9999.0, 1.0, 1.25, 19.5, 9999.0, 9999.0, 9999.0, 119.25, 123.25, 118.5, 102.5, 134.0
2023-04-06, 20:55:17, 131.0, 51.25, 19.0, 26.0, 9999.0, 1.0, 1.25, 19.5, 9999.0, 9999.0, 9999.0, 119.25, 123.25, 118.5, 102.5, 134.0
2023-04-06, 20:55:21, 131.0, 51.25, 19.0, 26.0, 9999.0, 1.0, 1.0, 19.25, 9999.0, 9999.0, 9999.0, 119.25, 123.25, 118.75, 102.5, 134.0
2023-04-06, 20:55:25, 131.0, 51.25, 19.0, 26.0, 9999.0, 0.75, 1.0, 19.5, 9999.0, 9999.0, 9999.0, 119.25, 123.25, 118.75, 102.5, 133.75
2023-04-06, 20:55:29, 131.0, 51.25, 19.0, 26.0, 9999.0, 0.75, 1.25, 19.5, 9999.0, 9999.0, 9999.0, 119.25, 123.0, 118.75, 102.5, 133.75
2023-04-06, 20:55:33, 131.0, 51.25, 19.0, 26.0, 9999.0, 1.0, 1.0, 19.5, 9999.0, 9999.0, 9999.0, 119.0, 123.0, 118.75, 102.5, 133.75
2023-04-06, 20:55:37, 131.0, 51.25, 19.0, 26.0, 9999.0, 1.0, 1.0, 19.5, 9999.0, 9999.0, 9999.0, 119.0, 123.0, 118.75, 102.5, 134.0
2023-04-06, 20:55:41, 131.0, 51.25, 19.0, 26.0, 9999.0, 1.0, 1.25, 19.5, 9999.0, 9999.0, 9999.0, 119.0, 123.0, 118.75, 102.25, 133.75
2023-04-06, 20:55:45, 131.0, 51.25, 19.0, 26.0, 9999.0, 1.25, 1.25, 19.5, 9999.0, 9999.0, 9999.0, 119.0, 123.0, 118.75, 102.5, 133.75
2023-04-06, 20:55:49, 131.0, 51.25, 19.0, 26.0, 9999.0, 1.25, 1.0, 19.5, 9999.0, 9999.0, 9999.0, 119.75, 123.0, 118.75, 102.5, 133.75
2023-04-06, 20:55:53, 131.0, 51.25, 19.0, 26.0, 9999.0, 1.0, 1.0, 19.5, 9999.0, 9999.0, 9999.0, 119.75, 123.0, 118.5, 102.5, 133.75
2023-04-06, 20:55:57, 131.0, 51.25, 19.0, 26.0, 9999.0, 1.0, 1.25, 19.5, 9999.0, 9999.0, 9999.0, 119.5, 123.0, 118.75, 102.5, 133.75
2023-04-06, 20:56:01, 131.0, 51.25, 19.0, 26.25, 9999.0, 1.0, 1.25, 19.25, 9999.0, 9999.0, 9999.0, 119.5, 123.0, 118.75, 102.5, 134.0
2023-04-06, 20:56:05, 131.0, 51.25, 19.0, 26.25, 9999.0, 1.0, 1.25, 19.5, 9999.0, 9999.0, 9999.0, 119.5, 123.0, 118.5, 102.5, 134.0
2023-04-06, 20:56:09, 131.0, 51.25, 19.0, 26.0, 9999.0, 1.0, 1.25, 19.5, 9999.0, 9999.0, 9999.0, 119.5, 123.0, 118.75, 102.5, 134.0
2023-04-06, 20:56:13, 131.0, 51.25, 19.0, 26.0, 9999.0, 1.0, 1.25, 19.5, 9999.0, 9999.0, 9999.0, 119.5, 123.0, 118.5, 102.5, 133.75
2023-04-06, 20:56:17, 131.0, 51.25, 19.0, 26.0, 9999.0, 1.0, 1.0, 19.25, 9999.0, 9999.0, 9999.0, 119.25, 123.0, 118.5, 102.5, 133.75
2023-04-06, 20:56:21, 131.0, 51.25, 19.0, 26.0, 9999.0, 1.0, 1.25, 19.25, 9999.0, 9999.0, 9999.0, 119.25, 123.25, 118.75, 102.5, 134.0
2023-04-06, 20:56:25, 131.0, 51.25, 19.0, 26.0, 9999.0, 1.0, 1.25, 19.5, 9999.0, 9999.0, 9999.0, 119.25, 123.0, 118.5, 102.5, 133.75
2023-04-06, 20:56:29, 131.0, 51.25, 19.0, 25.75, 9999.0, 1.0, 1.25, 19.5, 9999.0, 9999.0, 9999.0, 119.25, 123.25, 118.5, 102.5, 133.75
2023-04-06, 20:56:33, 131.0, 51.25, 19.0, 25.75, 9999.0, 1.0, 1.25, 19.5, 9999.0, 9999.0, 9999.0, 119.25, 123.25, 118.75, 102.5, 134.0
2023-04-06, 20:56:37, 131.0, 51.25, 19.0, 26.0, 9999.0, 1.0, 1.25, 19.5, 9999.0, 9999.0, 9999.0, 119.25, 123.25, 118.5, 102.5, 134.0
2023-04-06, 20:56:41, 131.0, 51.25, 19.0, 26.0, 9999.0, 0.75, 1.25, 19.5, 9999.0, 9999.0, 9999.0, 119.25, 123.25, 118.75, 102.5, 134.0
2023-04-06, 20:56:45, 131.0, 51.25, 19.0, 26.0, 9999.0, 1.0, 1.25, 19.25, 9999.0, 9999.0, 9999.0, 119.25, 123.25, 118.75, 102.5, 134.0
2023-04-06, 20:56:49, 131.0, 51.25, 19.0, 26.0, 9999.0, 1.0, 1.25, 19.5, 9999.0, 9999.0, 9999.0, 119.25, 123.0, 118.75, 102.5, 134.0
2023-04-06, 20:56:53, 131.0, 51.25, 19.0, 26.0, 9999.0, 1.0, 1.25, 19.5, 9999.0, 9999.0, 9999.0, 119.25, 123.25, 118.75, 102.5, 134.0
2023-04-06, 20:56:57, 131.0, 51.25, 19.0, 26.0, 9999.0, 1.0, 1.25, 19.5, 9999.0, 9999.0, 9999.0, 119.0, 123.0, 118.75, 102.5, 133.75
2023-04-06, 20:57:01, 131.0, 51.25, 19.0, 26.0, 9999.0, 1.0, 1.25, 19.5, 9999.0, 9999.0, 9999.0, 119.0, 123.0, 118.75, 102.5, 134.0
2023-04-06, 20:57:05, 131.0, 51.25, 19.0, 26.0, 9999.0, 1.25, 1.25, 19.5, 9999.0, 9999.0, 9999.0, 119.0, 123.0, 118.75, 102.5, 133.75
2023-04-06, 20:57:09, 131.0, 51.25, 19.0, 26.0, 9999.0, 1.25, 1.25, 19.5, 9999.0, 9999.0, 9999.0, 119.0, 123.0, 118.75, 102.5, 134.0
2023-04-06, 20:57:13, 131.0, 51.25, 19.0, 26.0, 9999.0, 1.0, 1.25, 19.5, 9999.0, 9999.0, 9999.0, 119.75, 123.0, 118.75, 102.5, 133.75
2023-04-06, 20:57:17, 131.0, 51.25, 19.0, 26.0, 9999.0, 1.0, 1.25, 19.5, 9999.0, 9999.0, 9999.0, 119.5, 123.0, 118.75, 102.5, 134.0
2023-04-06, 20:57:21, 131.0, 51.25, 19.0, 26.0, 9999.0, 1.0, 1.25, 19.5, 9999.0, 9999.0, 9999.0, 119.5, 123.0, 118.75, 102.5, 134.0
2023-04-06, 20:57:25, 131.0, 51.25, 19.0, 26.0, 9999.0, 1.0, 1.25, 19.5, 9999.0, 9999.0, 9999.0, 119.5, 123.0, 118.5, 102.5, 133.75
2023-04-06, 20:57:29, 131.0, 51.25, 19.0, 26.0, 9999.0, 1.0, 1.25, 19.5, 9999.0, 9999.0, 9999.0, 119.5, 123.0, 118.5, 102.5, 134.0
2023-04-06, 20:57:33, 131.25, 51.25, 19.0, 26.0, 9999.0, 1.0, 1.25, 19.5, 9999.0, 9999.0, 9999.0, 119.25, 123.0, 118.5, 102.5, 133.75
2023-04-06, 20:57:37, 131.0, 51.25, 19.0, 26.0, 9999.0, 1.0, 1.25, 19.5, 9999.0, 9999.0, 9999.0, 119.5, 123.0, 118.5, 102.5, 133.75
2023-04-06, 20:57:41, 131.0, 51.25, 19.0, 26.0, 9999.0, 1.0, 1.25, 19.5, 9999.0, 9999.0, 9999.0, 119.5, 123.25, 118.75, 102.5, 134.0
2023-04-06, 20:57:45, 131.0, 51.25, 19.0, 26.0, 9999.0, 1.0, 1.25, 19.5, 9999.0, 9999.0, 9999.0, 119.5, 123.25, 118.5, 102.5, 134.0
2023-04-06, 20:57:49, 131.0, 51.25, 19.0, 25.75, 9999.0, 1.0, 1.25, 19.5, 9999.0, 9999.0, 9999.0, 119.25, 123.25, 118.5, 102.5, 134.0
2023-04-06, 20:57:53, 131.0, 51.25, 19.0, 25.75, 9999.0, 1.0, 1.25, 19.25, 9999.0, 9999.0, 9999.0, 119.25, 123.25, 118.75, 102.5, 134.0
2023-04-06, 20:57:57, 131.0, 51.25, 19.0, 26.0, 9999.0, 1.0, 1.25, 19.5, 9999.0, 9999.0, 9999.0, 119.25, 123.25, 118.5, 102.5, 134.0
2023-04-06, 20:58:01, 131.0, 51.25, 19.0, 26.0, 9999.0, 1.0, 1.25, 19.5, 9999.0, 9999.0, 9999.0, 119.25, 123.0, 118.5, 102.5, 134.0
2023-04-06, 20:58:05, 131.0, 51.25, 19.0, 26.0, 9999.0, 0.75, 1.25, 19.5, 9999.0, 9999.0, 9999.0, 119.25, 123.25, 118.5, 102.5, 133.75
2023-04-06, 20:58:09, 131.0, 51.25, 19.0, 26.0, 9999.0, 1.0, 1.25, 19.5, 9999.0, 9999.0, 9999.0, 119.25, 123.25, 118.5, 102.5, 134.0
2023-04-06, 20:58:13, 131.0, 51.25, 19.0, 26.0, 9999.0, 1.0, 1.25, 19.5, 9999.0, 9999.0, 9999.0, 119.25, 123.25, 118.75, 102.5, 134.0
2023-04-06, 20:58:17, 131.25, 51.25, 19.0, 26.0, 9999.0, 1.0, 1.25, 19.5, 9999.0, 9999.0, 9999.0, 119.0, 123.0, 118.5, 102.5, 134.0
2023-04-06, 20:58:21, 131.0, 51.25, 19.0, 26.25, 9999.0, 1.0, 1.25, 19.5, 9999.0, 9999.0, 9999.0, 119.0, 123.25, 118.5, 102.5, 134.0
2023-04-06, 20:58:26, 131.0, 51.25, 19.0, 26.0, 9999.0, 1.25, 1.25, 19.5, 9999.0, 9999.0, 9999.0, 119.0, 123.0, 118.5, 102.5, 134.0
2023-04-06, 20:58:30, 131.0, 51.25, 19.0, 26.0, 9999.0, 1.25, 1.25, 19.5, 9999.0, 9999.0, 9999.0, 119.0, 123.0, 118.5, 102.5, 133.75
2023-04-06, 20:58:34, 131.0, 51.25, 19.0, 26.0, 9999.0, 1.25, 1.25, 19.5, 9999.0, 9999.0, 9999.0, 119.75, 123.0, 118.5, 102.5, 134.0
2023-04-06, 20:58:38, 131.0, 51.25, 19.0, 26.25, 9999.0, 1.0, 1.25, 19.5, 9999.0, 9999.0, 9999.0, 119.75, 123.0, 118.5, 102.5, 134.0
2023-04-06, 20:58:42, 131.0, 51.25, 19.0, 26.25, 9999.0, 1.0, 1.25, 19.5, 9999.0, 9999.0, 9999.0, 119.5, 123.0, 118.75, 102.5, 134.0
2023-04-06, 20:58:46, 131.25, 51.25, 19.0, 26.25, 9999.0, 1.0, 1.25, 19.5, 9999.0, 9999.0, 9999.0, 119.5, 123.0, 118.5, 102.5, 134.0
2023-04-06, 20:58:50, 131.0, 51.25, 19.0, 26.25, 9999.0, 1.0, 1.25, 19.5, 9999.0, 9999.0, 9999.0, 119.5, 123.0, 118.5, 102.5, 134.0
2023-04-06, 20:58:54, 131.0, 51.25, 19.0, 26.0, 9999.0, 1.0, 1.25, 19.5, 9999.0, 9999.0, 9999.0, 119.5, 123.0, 118.5, 102.5, 134.0
2023-04-06, 20:58:58, 131.25, 51.25, 19.0, 26.0, 9999.0, 1.0, 1.25, 19.5, 9999.0, 9999.0, 9999.0, 119.25, 123.0, 118.5, 102.5, 134.0
2023-04-06, 20:59:02, 131.0, 51.25, 18.75, 26.0, 9999.0, 1.0, 1.25, 19.5, 9999.0, 9999.0, 9999.0, 119.25, 123.25, 118.5, 102.5, 134.0
2023-04-06, 20:59:06, 131.25, 51.25, 19.0, 26.0, 9999.0, 1.0, 1.25, 19.5, 9999.0, 9999.0, 9999.0, 119.5, 123.25, 118.75, 102.5, 134.0
2023-04-06, 20:59:10, 131.0, 51.25, 19.0, 26.0, 9999.0, 1.0, 1.25, 19.5, 9999.0, 9999.0, 9999.0, 119.5, 123.25, 118.5, 102.5, 134.0
2023-04-06, 20:59:14, 131.0, 51.25, 19.0, 26.0, 9999.0, 1.0, 1.25, 19.5, 9999.0, 9999.0, 9999.0, 119.25, 123.25, 118.5, 102.5, 134.0
2023-04-06, 20:59:18, 131.25, 51.25, 19.0, 26.0, 9999.0, 1.0, 1.25, 19.5, 9999.0, 9999.0, 9999.0, 119.25, 123.0, 118.5, 102.5, 134.0
2023-04-06, 20:59:22, 131.25, 51.25, 19.0, 26.0, 9999.0, 1.0, 1.25, 19.5, 9999.0, 9999.0, 9999.0, 119.25, 123.25, 118.5, 102.5, 134.0
2023-04-06, 20:59:26, 131.0, 51.25, 19.0, 26.0, 9999.0, 1.0, 1.25, 19.5, 9999.0, 9999.0, 9999.0, 119.25, 123.25, 118.75, 102.5, 134.0
2023-04-06, 20:59:30, 131.0, 51.25, 19.0, 26.0, 9999.0, 0.75, 1.25, 19.5, 9999.0, 9999.0, 9999.0, 119.25, 123.25, 118.5, 102.5, 134.0
2023-04-06, 20:59:34, 131.0, 51.25, 19.0, 26.0, 9999.0, 1.0, 1.25, 19.5, 9999.0, 9999.0, 9999.0, 119.25, 123.0, 118.5, 102.5, 134.0
2023-04-06, 20:59:38, 131.0, 51.25, 18.75, 26.25, 9999.0, 1.0, 1.25, 19.5, 9999.0, 9999.0, 9999.0, 119.0, 123.25, 118.75, 102.5, 134.0
2023-04-06, 20:59:42, 131.0, 51.25, 18.75, 26.25, 9999.0, 1.0, 1.25, 19.5, 9999.0, 9999.0, 9999.0, 119.0, 123.0, 118.5, 102.5, 134.0
2023-04-06, 20:59:46, 131.0, 51.25, 19.0, 26.0, 9999.0, 1.25, 1.25, 19.5, 9999.0, 9999.0, 9999.0, 119.25, 123.0, 118.75, 102.5, 134.0
2023-04-06, 20:59:50, 131.0, 51.25, 19.0, 26.25, 9999.0, 1.25, 1.25, 19.5, 9999.0, 9999.0, 9999.0, 119.0, 123.0, 118.75, 102.5, 134.0
2023-04-06, 20:59:54, 131.25, 51.25, 19.0, 26.25, 9999.0, 1.25, 1.25, 19.5, 9999.0, 9999.0, 9999.0, 119.75, 123.0, 118.5, 102.5, 134.0
2023-04-06, 20:59:58, 131.0, 51.25, 19.0, 26.25, 9999.0, 1.25, 1.25, 19.5, 9999.0, 9999.0, 9999.0, 119.75, 123.0, 118.75, 102.5, 134.0
2023-04-06, 21:00:02, 131.25, 51.25, 19.0, 26.0, 9999.0, 1.0, 1.25, 19.5, 9999.0, 9999.0, 9999.0, 119.75, 123.25, 118.5, 102.5, 134.0
2023-04-06, 21:00:06, 131.0, 51.25, 19.0, 26.0, 9999.0, 1.0, 1.25, 19.5, 9999.0, 9999.0, 9999.0, 119.5, 123.0, 118.5, 102.5, 134.0
2023-04-06, 21:00:10, 131.25, 51.25, 19.0, 26.0, 9999.0, 1.0, 1.25, 19.5, 9999.0, 9999.0, 9999.0, 119.5, 123.0, 118.5, 102.5, 134.0
2023-04-06, 21:00:14, 131.0, 51.25, 19.0, 26.0, 9999.0, 1.0, 1.25, 19.5, 9999.0, 9999.0, 9999.0, 119.5, 123.0, 118.75, 102.5, 134.0
2023-04-06, 21:00:18, 131.0, 51.25, 19.0, 26.0, 9999.0, 1.0, 1.25, 19.5, 9999.0, 9999.0, 9999.0, 119.25, 123.0, 118.75, 102.5, 134.0
2023-04-06, 21:00:22, 131.25, 51.25, 19.0, 26.25, 9999.0, 1.0, 1.25, 19.5, 9999.0, 9999.0, 9999.0, 119.25, 123.0, 118.5, 102.5, 134.0
2023-04-06, 21:00:26, 131.25, 51.25, 19.0, 26.0, 9999.0, 1.0, 1.25, 19.5, 9999.0, 9999.0, 9999.0, 119.5, 123.25, 118.75, 102.5, 134.0
2023-04-06, 21:00:30, 131.25, 51.25, 19.0, 26.0, 9999.0, 1.0, 1.25, 19.5, 9999.0, 9999.0, 9999.0, 119.5, 123.25, 118.75, 102.5, 134.0
2023-04-06, 21:00:34, 131.25, 51.25, 19.0, 26.25, 9999.0, 1.0, 1.25, 19.5, 9999.0, 9999.0, 9999.0, 119.5, 123.25, 118.75, 102.5, 134.0
2023-04-06, 21:00:38, 131.25, 51.25, 19.0, 26.0, 9999.0, 1.0, 1.25, 19.5, 9999.0, 9999.0, 9999.0, 119.5, 123.25, 118.75, 102.5, 134.0
2023-04-06, 21:00:42, 131.0, 51.25, 19.0, 26.0, 9999.0, 1.0, 1.25, 19.5, 9999.0, 9999.0, 9999.0, 119.25, 123.25, 118.5, 102.5, 134.0
2023-04-06, 21:00:46, 131.25, 51.25, 19.0, 26.0, 9999.0, 1.0, 1.25, 19.5, 9999.0, 9999.0, 9999.0, 119.25, 123.25, 118.75, 102.5, 134.0
2023-04-06, 21:00:50, 131.25, 51.25, 19.0, 26.25, 9999.0, 1.0, 1.25, 19.5, 9999.0, 9999.0, 9999.0, 119.25, 123.25, 118.75, 102.5, 134.0
2023-04-06, 21:00:54, 131.25, 51.25, 19.0, 26.25, 9999.0, 1.0, 1.25, 19.5, 9999.0, 9999.0, 9999.0, 119.25, 123.25, 118.75, 102.5, 134.0
2023-04-06, 21:00:58, 131.0, 51.25, 19.0, 26.0, 9999.0, 1.0, 1.25, 19.5, 9999.0, 9999.0, 9999.0, 119.25, 123.25, 118.75, 102.5, 134.0
2023-04-06, 21:01:02, 131.0, 51.25, 19.0, 25.75, 9999.0, 1.0, 1.25, 19.5, 9999.0, 9999.0, 9999.0, 119.25, 123.0, 118.75, 102.5, 134.0
2023-04-06, 21:01:06, 131.25, 51.25, 19.0, 25.75, 9999.0, 1.25, 1.25, 19.5, 9999.0, 9999.0, 9999.0, 119.0, 123.0, 118.5, 102.5, 134.0
2023-04-06, 21:01:10, 131.25, 51.25, 19.0, 26.0, 9999.0, 1.25, 1.25, 19.5, 9999.0, 9999.0, 9999.0, 119.25, 123.0, 118.75, 102.5, 134.0
2023-04-06, 21:01:14, 131.25, 51.5, 19.0, 26.0, 9999.0, 1.25, 1.25, 19.5, 9999.0, 9999.0, 9999.0, 119.75, 123.0, 118.75, 102.5, 134.0
2023-04-06, 21:01:18, 131.25, 51.25, 19.0, 26.0, 9999.0, 1.25, 1.25, 19.5, 9999.0, 9999.0, 9999.0, 119.75, 123.0, 118.5, 102.5, 134.0
2023-04-06, 21:01:22, 131.25, 51.25, 19.0, 26.0, 9999.0, 1.25, 1.25, 19.5, 9999.0, 9999.0, 9999.0, 119.75, 123.0, 118.75, 102.5, 134.0
2023-04-06, 21:01:26, 131.0, 51.25, 19.0, 26.0, 9999.0, 1.0, 1.25, 19.5, 9999.0, 9999.0, 9999.0, 119.5, 123.0, 118.75, 102.5, 134.0
2023-04-06, 21:01:30, 131.25, 51.25, 19.0, 25.75, 9999.0, 1.0, 1.25, 19.5, 9999.0, 9999.0, 9999.0, 119.5, 123.0, 118.5, 102.5, 134.0
2023-04-06, 21:01:34, 131.25, 51.25, 19.0, 26.0, 9999.0, 1.0, 1.25, 19.5, 9999.0, 9999.0, 9999.0, 119.5, 123.0, 118.5, 102.5, 133.75
2023-04-06, 21:01:38, 131.25, 51.25, 19.0, 26.0, 9999.0, 1.0, 1.25, 19.5, 9999.0, 9999.0, 9999.0, 119.5, 123.0, 118.5, 102.5, 134.0
2023-04-06, 21:01:42, 131.25, 51.25, 19.0, 26.25, 9999.0, 1.0, 1.25, 19.5, 9999.0, 9999.0, 9999.0, 119.5, 123.0, 118.5, 102.5, 134.0
2023-04-06, 21:01:46, 131.25, 51.25, 19.0, 26.25, 9999.0, 1.0, 1.25, 19.5, 9999.0, 9999.0, 9999.0, 119.5, 123.25, 118.75, 102.5, 134.0
2023-04-06, 21:01:50, 131.25, 51.25, 19.0, 26.25, 9999.0, 1.0, 1.25, 19.5, 9999.0, 9999.0, 9999.0, 119.5, 123.25, 118.5, 102.5, 134.0
2023-04-06, 21:01:54, 131.25, 51.25, 19.0, 26.25, 9999.0, 1.0, 1.25, 19.5, 9999.0, 9999.0, 9999.0, 119.5, 123.25, 118.5, 102.5, 134.0
2023-04-06, 21:01:58, 131.25, 51.25, 19.0, 26.25, 9999.0, 1.0, 1.25, 19.5, 9999.0, 9999.0, 9999.0, 119.5, 123.25, 118.75, 102.5, 134.0
2023-04-06, 21:02:02, 131.25, 51.25, 19.0, 26.25, 9999.0, 1.0, 1.25, 19.5, 9999.0, 9999.0, 9999.0, 119.25, 123.25, 118.75, 102.5, 134.0
2023-04-06, 21:02:06, 131.25, 51.25, 19.0, 26.0, 9999.0, 1.0, 1.25, 19.5, 9999.0, 9999.0, 9999.0, 119.25, 123.25, 118.75, 102.5, 134.0
2023-04-06, 21:02:10, 131.25, 51.25, 19.0, 26.25, 9999.0, 1.0, 1.25, 19.5, 9999.0, 9999.0, 9999.0, 119.25, 123.0, 118.5, 102.5, 134.0
2023-04-06, 21:02:14, 131.0, 51.25, 19.0, 26.25, 9999.0, 1.0, 1.25, 19.5, 9999.0, 9999.0, 9999.0, 119.25, 123.25, 118.75, 102.5, 134.0
2023-04-06, 21:02:18, 131.25, 51.25, 19.0, 26.25, 9999.0, 1.0, 1.25, 19.5, 9999.0, 9999.0, 9999.0, 119.25, 123.0, 118.75, 102.5, 134.0
2023-04-06, 21:02:22, 131.25, 51.5, 19.0, 26.25, 9999.0, 1.0, 1.25, 19.5, 9999.0, 9999.0, 9999.0, 119.25, 123.25, 118.75, 102.5, 134.0
2023-04-06, 21:02:26, 131.25, 51.5, 19.0, 26.25, 9999.0, 1.0, 1.25, 19.5, 9999.0, 9999.0, 9999.0, 119.25, 123.0, 118.75, 102.5, 134.0
2023-04-06, 21:02:30, 131.25, 51.25, 19.0, 26.25, 9999.0, 1.25, 1.25, 19.5, 9999.0, 9999.0, 9999.0, 119.0, 123.0, 118.75, 102.5, 134.0
2023-04-06, 21:02:34, 131.25, 51.5, 19.25, 26.25, 9999.0, 1.25, 1.25, 19.5, 9999.0, 9999.0, 9999.0, 119.0, 123.25, 118.75, 102.5, 134.0
2023-04-06, 21:02:38, 131.25, 51.25, 19.0, 26.25, 9999.0, 1.25, 1.25, 19.5, 9999.0, 9999.0, 9999.0, 119.75, 123.0, 118.75, 102.5, 134.0
2023-04-06, 21:02:42, 131.25, 51.25, 19.0, 26.25, 9999.0, 1.25, 1.25, 19.5, 9999.0, 9999.0, 9999.0, 119.75, 123.0, 118.75, 102.5, 134.0
2023-04-06, 21:02:46, 131.25, 51.5, 19.0, 26.25, 9999.0, 1.25, 1.25, 19.5, 9999.0, 9999.0, 9999.0, 119.75, 123.0, 118.75, 102.5, 134.0
2023-04-06, 21:02:51, 131.25, 51.5, 19.0, 26.0, 9999.0, 1.25, 1.25, 19.5, 9999.0, 9999.0, 9999.0, 119.75, 123.0, 118.75, 102.5, 134.0
2023-04-06, 21:02:55, 131.25, 51.5, 19.0, 26.0, 9999.0, 1.25, 1.25, 19.5, 9999.0, 9999.0, 9999.0, 119.5, 123.0, 118.75, 102.5, 134.0
2023-04-06, 21:02:59, 131.25, 51.25, 19.0, 26.0, 9999.0, 1.0, 1.25, 19.5, 9999.0, 9999.0, 9999.0, 119.5, 123.0, 118.75, 102.5, 134.0
2023-04-06, 21:03:03, 131.25, 51.5, 19.25, 26.25, 9999.0, 1.0, 1.25, 19.5, 9999.0, 9999.0, 9999.0, 119.5, 123.0, 118.75, 102.5, 134.0
2023-04-06, 21:03:07, 131.25, 51.5, 19.25, 26.0, 9999.0, 1.0, 1.25, 19.5, 9999.0, 9999.0, 9999.0, 119.5, 123.25, 118.75, 102.5, 134.0
2023-04-06, 21:03:11, 131.25, 51.5, 19.0, 26.25, 9999.0, 1.0, 1.25, 19.5, 9999.0, 9999.0, 9999.0, 119.5, 123.25, 118.75, 102.5, 134.0
2023-04-06, 21:03:15, 131.25, 51.5, 19.0, 26.25, 9999.0, 1.0, 1.25, 19.5, 9999.0, 9999.0, 9999.0, 119.5, 123.25, 118.75, 102.5, 134.0
2023-04-06, 21:03:19, 131.25, 51.5, 19.0, 26.0, 9999.0, 1.0, 1.25, 19.5, 9999.0, 9999.0, 9999.0, 119.5, 123.25, 118.75, 102.5, 134.0
2023-04-06, 21:03:23, 131.25, 51.25, 19.0, 26.0, 9999.0, 1.0, 1.25, 19.5, 9999.0, 9999.0, 9999.0, 119.25, 123.25, 118.75, 102.5, 134.0
2023-04-06, 21:03:27, 131.25, 51.5, 19.0, 26.25, 9999.0, 1.0, 1.25, 19.5, 9999.0, 9999.0, 9999.0, 119.25, 123.25, 118.5, 102.5, 134.0
2023-04-06, 21:03:31, 131.25, 51.5, 19.0, 26.0, 9999.0, 1.0, 1.25, 19.5, 9999.0, 9999.0, 9999.0, 119.25, 123.25, 118.5, 102.5, 134.0
2023-04-06, 21:03:35, 131.25, 51.5, 19.0, 26.0, 9999.0, 1.0, 1.25, 19.5, 9999.0, 9999.0, 9999.0, 119.25, 123.25, 118.75, 102.5, 134.0
2023-04-06, 21:03:39, 131.25, 51.5, 19.0, 26.0, 9999.0, 1.0, 1.25, 19.5, 9999.0, 9999.0, 9999.0, 119.25, 123.25, 118.75, 102.5, 134.0
2023-04-06, 21:03:43, 131.25, 51.5, 19.0, 26.0, 9999.0, 1.25, 1.25, 19.5, 9999.0, 9999.0, 9999.0, 119.25, 123.0, 118.75, 102.5, 134.0
2023-04-06, 21:03:47, 131.25, 51.5, 19.0, 26.25, 9999.0, 1.0, 1.25, 19.5, 9999.0, 9999.0, 9999.0, 119.25, 123.0, 118.75, 102.5, 134.0
2023-04-06, 21:03:51, 131.25, 51.5, 19.0, 26.25, 9999.0, 1.25, 1.25, 19.5, 9999.0, 9999.0, 9999.0, 119.25, 123.0, 118.75, 102.5, 134.0
2023-04-06, 21:03:55, 131.25, 51.5, 19.0, 26.25, 9999.0, 1.25, 1.25, 19.5, 9999.0, 9999.0, 9999.0, 119.0, 123.0, 118.75, 102.5, 134.0
2023-04-06, 21:03:59, 131.25, 51.5, 19.25, 26.25, 9999.0, 1.25, 1.25, 19.75, 9999.0, 9999.0, 9999.0, 120.0, 123.25, 118.75, 102.5, 134.0
2023-04-06, 21:04:03, 131.25, 51.5, 19.0, 26.25, 9999.0, 1.25, 1.25, 19.5, 9999.0, 9999.0, 9999.0, 119.75, 123.0, 118.75, 102.5, 134.0
2023-04-06, 21:04:07, 131.25, 51.5, 19.0, 26.25, 9999.0, 1.25, 1.25, 19.5, 9999.0, 9999.0, 9999.0, 119.75, 123.0, 118.75, 102.5, 134.0
2023-04-06, 21:04:11, 131.25, 51.5, 19.0, 26.25, 9999.0, 1.25, 1.25, 19.5, 9999.0, 9999.0, 9999.0, 119.5, 123.0, 118.75, 102.5, 134.0
2023-04-06, 21:04:15, 131.25, 51.5, 19.0, 26.25, 9999.0, 1.25, 1.25, 19.5, 9999.0, 9999.0, 9999.0, 119.5, 123.0, 118.75, 102.5, 134.0
2023-04-06, 21:04:19, 131.25, 51.5, 19.0, 26.0, 9999.0, 1.25, 1.25, 19.5, 9999.0, 9999.0, 9999.0, 119.5, 123.0, 118.75, 102.5, 134.0
2023-04-06, 21:04:23, 131.25, 51.25, 19.0, 25.75, 9999.0, 1.0, 1.25, 19.5, 9999.0, 9999.0, 9999.0, 119.5, 123.0, 118.5, 102.5, 134.0
2023-04-06, 21:04:27, 131.25, 51.5, 19.0, 26.0, 9999.0, 1.0, 1.25, 19.5, 9999.0, 9999.0, 9999.0, 119.5, 123.0, 118.5, 102.5, 134.0
2023-04-06, 21:04:31, 131.25, 51.5, 19.0, 26.0, 9999.0, 1.0, 1.25, 19.5, 9999.0, 9999.0, 9999.0, 119.5, 123.25, 118.75, 102.5, 134.0
2023-04-06, 21:04:35, 131.25, 51.5, 19.0, 26.0, 9999.0, 1.0, 1.25, 19.5, 9999.0, 9999.0, 9999.0, 119.5, 123.25, 118.75, 102.5, 134.0
2023-04-06, 21:04:39, 131.25, 51.5, 19.0, 26.0, 9999.0, 1.0, 1.25, 19.5, 9999.0, 9999.0, 9999.0, 119.5, 123.25, 118.5, 102.5, 134.0
2023-04-06, 21:04:43, 131.25, 51.5, 19.0, 26.0, 9999.0, 1.0, 1.25, 19.5, 9999.0, 9999.0, 9999.0, 119.25, 123.25, 118.75, 102.5, 134.0
2023-04-06, 21:04:47, 131.25, 51.5, 19.0, 26.0, 9999.0, 1.0, 1.25, 19.5, 9999.0, 9999.0, 9999.0, 119.25, 123.25, 118.5, 102.5, 134.0
2023-04-06, 21:04:51, 131.25, 51.5, 19.0, 26.0, 9999.0, 1.0, 1.25, 19.5, 9999.0, 9999.0, 9999.0, 119.25, 123.25, 118.5, 102.5, 134.0
2023-04-06, 21:04:55, 131.25, 51.5, 19.0, 26.0, 9999.0, 1.0, 1.25, 19.75, 9999.0, 9999.0, 9999.0, 119.25, 123.25, 118.5, 102.5, 134.0
2023-04-06, 21:04:59, 131.25, 51.5, 19.0, 26.0, 9999.0, 1.0, 1.25, 19.5, 9999.0, 9999.0, 9999.0, 119.25, 123.25, 118.75, 102.5, 134.0
2023-04-06, 21:05:03, 131.25, 51.5, 19.25, 26.25, 9999.0, 1.25, 1.25, 19.75, 9999.0, 9999.0, 9999.0, 119.25, 123.25, 118.75, 102.5, 134.0
2023-04-06, 21:05:07, 131.25, 51.5, 19.0, 26.0, 9999.0, 1.0, 1.25, 19.5, 9999.0, 9999.0, 9999.0, 119.25, 123.0, 118.75, 102.5, 134.0
2023-04-06, 21:05:11, 131.25, 51.5, 19.0, 26.25, 9999.0, 1.25, 1.25, 19.5, 9999.0, 9999.0, 9999.0, 119.25, 123.25, 118.75, 102.5, 134.0
2023-04-06, 21:05:15, 131.25, 51.5, 19.0, 26.0, 9999.0, 1.25, 1.25, 19.5, 9999.0, 9999.0, 9999.0, 119.25, 123.25, 118.75, 102.5, 134.0
2023-04-06, 21:05:19, 131.25, 51.5, 19.0, 26.0, 9999.0, 1.25, 1.25, 19.5, 9999.0, 9999.0, 9999.0, 119.0, 123.0, 118.75, 102.5, 134.0
2023-04-06, 21:05:23, 131.25, 51.5, 19.0, 26.0, 9999.0, 1.25, 1.25, 19.75, 9999.0, 9999.0, 9999.0, 119.75, 123.25, 118.75, 102.5, 134.0
2023-04-06, 21:05:27, 131.25, 51.5, 19.0, 26.0, 9999.0, 1.25, 1.25, 19.75, 9999.0, 9999.0, 9999.0, 119.75, 123.0, 118.75, 102.5, 134.0
2023-04-06, 21:05:31, 131.25, 51.5, 19.0, 26.0, 9999.0, 1.25, 1.25, 19.75, 9999.0, 9999.0, 9999.0, 119.75, 123.0, 118.5, 102.5, 134.0
2023-04-06, 21:05:35, 131.25, 51.5, 19.0, 26.0, 9999.0, 1.25, 1.25, 19.5, 9999.0, 9999.0, 9999.0, 119.75, 123.0, 118.75, 102.5, 134.0
2023-04-06, 21:05:39, 131.25, 51.5, 19.0, 26.0, 9999.0, 1.25, 1.25, 19.5, 9999.0, 9999.0, 9999.0, 119.75, 123.25, 118.75, 102.5, 134.0
2023-04-06, 21:05:43, 131.25, 51.5, 19.0, 26.0, 9999.0, 1.25, 1.5, 19.5, 9999.0, 9999.0, 9999.0, 119.5, 123.0, 118.75, 102.5, 134.0
2023-04-06, 21:05:47, 131.25, 51.5, 19.0, 26.0, 9999.0, 1.25, 1.25, 19.75, 9999.0, 9999.0, 9999.0, 119.5, 123.0, 118.75, 102.5, 134.0
2023-04-06, 21:05:51, 131.25, 51.5, 19.0, 26.0, 9999.0, 1.25, 1.5, 19.5, 9999.0, 9999.0, 9999.0, 119.5, 123.25, 118.75, 102.5, 134.0
2023-04-06, 21:05:55, 131.25, 51.5, 19.25, 26.0, 9999.0, 1.0, 1.25, 19.5, 9999.0, 9999.0, 9999.0, 119.5, 123.25, 118.75, 102.5, 134.0
2023-04-06, 21:05:59, 131.25, 51.5, 19.0, 25.75, 9999.0, 1.0, 1.25, 19.5, 9999.0, 9999.0, 9999.0, 119.5, 123.25, 118.75, 102.5, 134.0
2023-04-06, 21:06:03, 131.25, 51.5, 19.25, 26.25, 9999.0, 1.0, 1.25, 19.5, 9999.0, 9999.0, 9999.0, 119.5, 123.25, 118.75, 102.5, 134.0
2023-04-06, 21:06:07, 131.25, 51.5, 19.25, 26.25, 9999.0, 1.0, 1.25, 19.5, 9999.0, 9999.0, 9999.0, 119.5, 123.25, 118.75, 102.5, 134.0
2023-04-06, 21:06:11, 131.25, 51.5, 19.25, 26.25, 9999.0, 1.0, 1.25, 19.5, 9999.0, 9999.0, 9999.0, 119.25, 123.25, 118.75, 102.5, 134.0
2023-04-06, 21:06:15, 131.25, 51.5, 19.25, 26.0, 9999.0, 1.0, 1.25, 19.5, 9999.0, 9999.0, 9999.0, 119.25, 123.25, 118.75, 102.5, 134.0
2023-04-06, 21:06:19, 131.25, 51.5, 19.25, 26.0, 9999.0, 1.0, 1.25, 19.5, 9999.0, 9999.0, 9999.0, 119.25, 123.25, 118.5, 102.5, 134.0
2023-04-06, 21:06:23, 131.25, 51.5, 19.25, 26.0, 9999.0, 1.0, 1.25, 19.5, 9999.0, 9999.0, 9999.0, 119.25, 123.25, 118.75, 102.5, 134.0
2023-04-06, 21:06:27, 131.25, 51.5, 19.0, 26.0, 9999.0, 1.25, 1.25, 19.5, 9999.0, 9999.0, 9999.0, 119.25, 123.25, 118.75, 102.5, 134.0
2023-04-06, 21:06:31, 131.25, 51.5, 19.0, 26.0, 9999.0, 1.0, 1.25, 19.5, 9999.0, 9999.0, 9999.0, 119.25, 123.25, 118.75, 102.5, 134.0
2023-04-06, 21:06:35, 131.25, 51.5, 19.0, 26.0, 9999.0, 1.25, 1.25, 19.75, 9999.0, 9999.0, 9999.0, 119.25, 123.25, 118.75, 102.5, 134.0
2023-04-06, 21:06:39, 131.25, 51.5, 19.0, 26.25, 9999.0, 1.25, 1.25, 19.75, 9999.0, 9999.0, 9999.0, 119.25, 123.0, 118.75, 102.5, 134.0
2023-04-06, 21:06:43, 131.25, 51.5, 19.0, 26.0, 9999.0, 1.25, 1.25, 19.75, 9999.0, 9999.0, 9999.0, 120.0, 123.0, 118.75, 102.5, 134.0
2023-04-06, 21:06:47, 131.25, 51.5, 19.0, 26.0, 9999.0, 1.25, 1.25, 19.5, 9999.0, 9999.0, 9999.0, 119.75, 123.0, 118.75, 102.5, 134.0
2023-04-06, 21:06:51, 131.25, 51.5, 19.25, 26.25, 9999.0, 1.25, 1.25, 19.75, 9999.0, 9999.0, 9999.0, 119.75, 123.0, 118.75, 102.5, 134.0
2023-04-06, 21:06:55, 131.25, 51.5, 19.25, 26.25, 9999.0, 1.25, 1.25, 19.5, 9999.0, 9999.0, 9999.0, 119.75, 123.0, 118.75, 102.5, 134.0
2023-04-06, 21:06:59, 131.25, 51.5, 19.0, 26.0, 9999.0, 1.25, 1.5, 19.5, 9999.0, 9999.0, 9999.0, 119.75, 123.0, 118.75, 102.5, 134.0
2023-04-06, 21:07:03, 131.25, 51.5, 19.0, 26.0, 9999.0, 1.25, 1.25, 19.75, 9999.0, 9999.0, 9999.0, 119.75, 123.0, 118.75, 102.5, 134.0
2023-04-06, 21:07:07, 131.25, 51.5, 19.0, 26.0, 9999.0, 1.25, 1.25, 19.75, 9999.0, 9999.0, 9999.0, 119.5, 123.0, 118.75, 102.5, 134.0
2023-04-06, 21:07:11, 131.25, 51.5, 19.0, 26.0, 9999.0, 1.25, 1.25, 19.75, 9999.0, 9999.0, 9999.0, 119.5, 123.0, 118.75, 102.5, 134.0
2023-04-06, 21:07:15, 131.25, 51.5, 19.25, 26.25, 9999.0, 1.25, 1.25, 19.75, 9999.0, 9999.0, 9999.0, 119.5, 123.25, 118.75, 102.75, 134.0
2023-04-06, 21:07:20, 131.25, 51.5, 19.0, 26.25, 9999.0, 1.0, 1.5, 19.75, 9999.0, 9999.0, 9999.0, 119.5, 123.25, 118.75, 102.5, 134.0
2023-04-06, 21:07:24, 131.25, 51.5, 19.0, 26.25, 9999.0, 1.0, 1.5, 19.75, 9999.0, 9999.0, 9999.0, 119.5, 123.25, 118.5, 102.75, 134.0
2023-04-06, 21:07:28, 131.25, 51.5, 19.0, 26.25, 9999.0, 1.0, 1.25, 19.75, 9999.0, 9999.0, 9999.0, 119.5, 123.25, 118.75, 102.5, 134.25
2023-04-06, 21:07:32, 131.5, 51.5, 19.0, 26.25, 9999.0, 1.0, 1.25, 19.75, 9999.0, 9999.0, 9999.0, 119.5, 123.25, 118.75, 102.5, 134.0
2023-04-06, 21:07:36, 131.5, 51.5, 19.25, 26.0, 9999.0, 1.0, 1.25, 19.5, 9999.0, 9999.0, 9999.0, 119.25, 123.25, 118.75, 102.5, 134.0
2023-04-06, 21:07:40, 131.5, 51.5, 19.0, 26.25, 9999.0, 1.0, 1.25, 19.75, 9999.0, 9999.0, 9999.0, 119.25, 123.25, 118.75, 102.5, 134.0
2023-04-06, 21:07:44, 131.25, 51.5, 19.0, 26.0, 9999.0, 1.0, 1.25, 19.75, 9999.0, 9999.0, 9999.0, 119.25, 123.25, 118.75, 102.5, 134.0
2023-04-06, 21:07:48, 131.5, 51.5, 19.25, 26.0, 9999.0, 1.25, 1.25, 19.75, 9999.0, 9999.0, 9999.0, 119.25, 123.25, 118.75, 102.5, 134.0
2023-04-06, 21:07:52, 131.25, 51.5, 19.25, 26.0, 9999.0, 1.25, 1.25, 19.75, 9999.0, 9999.0, 9999.0, 119.25, 123.25, 118.75, 102.5, 134.25
2023-04-06, 21:07:56, 131.5, 51.5, 19.0, 26.0, 9999.0, 1.25, 1.25, 19.75, 9999.0, 9999.0, 9999.0, 119.25, 123.25, 118.75, 102.5, 134.0
2023-04-06, 21:08:00, 131.25, 51.5, 19.25, 26.0, 9999.0, 1.25, 1.5, 19.75, 9999.0, 9999.0, 9999.0, 119.25, 123.25, 118.75, 102.5, 134.0
2023-04-06, 21:08:04, 131.25, 51.5, 19.25, 26.0, 9999.0, 1.25, 1.5, 19.75, 9999.0, 9999.0, 9999.0, 119.25, 123.0, 118.75, 102.5, 134.0
2023-04-06, 21:08:08, 131.25, 51.5, 19.0, 26.0, 9999.0, 1.25, 1.5, 19.75, 9999.0, 9999.0, 9999.0, 120.0, 123.0, 118.75, 102.5, 134.0
2023-04-06, 21:08:12, 131.25, 51.5, 19.0, 26.0, 9999.0, 1.25, 1.25, 19.75, 9999.0, 9999.0, 9999.0, 120.0, 123.0, 118.75, 102.5, 134.25
2023-04-06, 21:08:16, 131.25, 51.5, 19.0, 26.0, 9999.0, 1.25, 1.5, 19.75, 9999.0, 9999.0, 9999.0, 119.75, 123.0, 118.75, 102.75, 134.0
2023-04-06, 21:08:20, 131.25, 51.5, 19.0, 26.0, 9999.0, 1.25, 1.5, 19.75, 9999.0, 9999.0, 9999.0, 119.75, 123.0, 118.75, 102.5, 134.0
2023-04-06, 21:08:24, 131.25, 51.5, 19.0, 26.0, 9999.0, 1.25, 1.5, 19.75, 9999.0, 9999.0, 9999.0, 119.5, 123.0, 118.75, 102.75, 134.25
2023-04-06, 21:08:28, 131.25, 51.5, 19.25, 26.0, 9999.0, 1.25, 1.5, 19.75, 9999.0, 9999.0, 9999.0, 119.5, 123.0, 118.5, 102.75, 134.0
2023-04-06, 21:08:32, 131.5, 51.5, 19.0, 26.0, 9999.0, 1.25, 1.25, 19.75, 9999.0, 9999.0, 9999.0, 119.5, 123.0, 118.75, 102.75, 134.0
2023-04-06, 21:08:36, 131.5, 51.5, 19.0, 26.0, 9999.0, 1.25, 1.5, 19.75, 9999.0, 9999.0, 9999.0, 119.5, 123.25, 118.75, 102.5, 134.0
2023-04-06, 21:08:40, 131.25, 51.5, 19.0, 26.0, 9999.0, 1.25, 1.5, 19.75, 9999.0, 9999.0, 9999.0, 119.5, 123.25, 118.75, 102.75, 134.0
2023-04-06, 21:08:44, 131.5, 51.5, 19.0, 26.0, 9999.0, 1.25, 1.25, 19.75, 9999.0, 9999.0, 9999.0, 119.5, 123.25, 118.75, 102.75, 134.25
2023-04-06, 21:08:48, 131.25, 51.5, 19.0, 26.0, 9999.0, 1.0, 1.5, 19.75, 9999.0, 9999.0, 9999.0, 119.5, 123.25, 118.75, 102.75, 134.25
2023-04-06, 21:08:52, 131.25, 51.5, 19.25, 26.0, 9999.0, 1.0, 1.5, 19.75, 9999.0, 9999.0, 9999.0, 119.5, 123.25, 118.75, 102.5, 134.0
2023-04-06, 21:08:56, 131.5, 51.5, 19.25, 26.25, 9999.0, 1.0, 1.5, 19.75, 9999.0, 9999.0, 9999.0, 119.5, 123.25, 118.75, 102.5, 134.0
2023-04-06, 21:09:00, 131.5, 51.5, 19.0, 26.0, 9999.0, 1.0, 1.5, 19.75, 9999.0, 9999.0, 9999.0, 119.5, 123.25, 118.75, 102.75, 134.25
2023-04-06, 21:09:04, 131.5, 51.5, 19.0, 25.75, 9999.0, 1.0, 1.5, 19.75, 9999.0, 9999.0, 9999.0, 119.25, 123.25, 118.75, 102.75, 134.0
2023-04-06, 21:09:08, 131.5, 51.5, 19.0, 25.75, 9999.0, 1.0, 1.25, 19.75, 9999.0, 9999.0, 9999.0, 119.25, 123.25, 118.75, 102.5, 134.0
2023-04-06, 21:09:12, 131.5, 51.5, 19.0, 26.0, 9999.0, 1.25, 1.25, 19.5, 9999.0, 9999.0, 9999.0, 119.25, 123.25, 118.75, 102.75, 134.25
2023-04-06, 21:09:16, 131.5, 51.5, 19.25, 26.25, 9999.0, 1.25, 1.25, 19.75, 9999.0, 9999.0, 9999.0, 119.25, 123.25, 118.75, 102.5, 134.25
2023-04-06, 21:09:20, 131.5, 51.5, 19.25, 26.0, 9999.0, 1.25, 1.5, 19.75, 9999.0, 9999.0, 9999.0, 119.25, 123.0, 118.75, 102.5, 134.0
2023-04-06, 21:09:24, 131.5, 51.5, 19.25, 26.25, 9999.0, 1.25, 1.5, 19.75, 9999.0, 9999.0, 9999.0, 119.25, 123.0, 118.75, 102.5, 134.25
2023-04-06, 21:09:28, 131.5, 51.5, 19.0, 26.25, 9999.0, 1.25, 1.5, 19.75, 9999.0, 9999.0, 9999.0, 120.0, 123.0, 118.75, 102.5, 134.0
2023-04-06, 21:09:32, 131.5, 51.5, 19.0, 26.0, 9999.0, 1.25, 1.5, 19.75, 9999.0, 9999.0, 9999.0, 120.0, 123.0, 118.75, 102.5, 134.25
2023-04-06, 21:09:36, 131.5, 51.5, 19.25, 26.0, 9999.0, 1.5, 1.5, 19.75, 9999.0, 9999.0, 9999.0, 119.75, 123.0, 118.75, 102.5, 134.0
2023-04-06, 21:09:40, 131.5, 51.5, 19.25, 26.0, 9999.0, 1.25, 1.5, 19.75, 9999.0, 9999.0, 9999.0, 119.75, 123.0, 118.75, 102.75, 134.0
2023-04-06, 21:09:44, 131.5, 51.5, 19.25, 26.25, 9999.0, 1.25, 1.5, 19.75, 9999.0, 9999.0, 9999.0, 119.75, 123.0, 118.75, 102.5, 134.25
2023-04-06, 21:09:48, 131.5, 51.5, 19.25, 26.25, 9999.0, 1.25, 1.5, 19.75, 9999.0, 9999.0, 9999.0, 119.75, 123.0, 118.75, 102.5, 134.25
2023-04-06, 21:09:52, 131.5, 51.5, 19.0, 26.0, 9999.0, 1.25, 1.5, 19.75, 9999.0, 9999.0, 9999.0, 119.75, 123.0, 118.75, 102.5, 134.0
2023-04-06, 21:09:56, 131.5, 51.5, 19.25, 26.0, 9999.0, 1.25, 1.5, 19.75, 9999.0, 9999.0, 9999.0, 119.5, 123.0, 118.5, 102.5, 134.25
2023-04-06, 21:10:00, 131.5, 51.5, 19.0, 26.0, 9999.0, 1.25, 1.5, 19.75, 9999.0, 9999.0, 9999.0, 119.5, 123.25, 118.75, 102.5, 134.25
2023-04-06, 21:10:04, 131.5, 51.5, 19.25, 26.25, 9999.0, 1.25, 1.5, 19.75, 9999.0, 9999.0, 9999.0, 119.5, 123.25, 118.75, 102.75, 134.0
2023-04-06, 21:10:08, 131.5, 51.5, 19.25, 26.25, 9999.0, 1.25, 1.5, 19.75, 9999.0, 9999.0, 9999.0, 119.5, 123.25, 118.75, 102.75, 134.25
2023-04-06, 21:10:12, 131.5, 51.5, 19.0, 26.0, 9999.0, 1.0, 1.5, 19.75, 9999.0, 9999.0, 9999.0, 119.5, 123.25, 118.75, 102.75, 134.25
2023-04-06, 21:10:16, 131.5, 51.5, 19.0, 26.0, 9999.0, 1.0, 1.5, 19.75, 9999.0, 9999.0, 9999.0, 119.5, 123.0, 118.75, 102.75, 134.0
2023-04-06, 21:10:20, 131.5, 51.5, 19.0, 26.25, 9999.0, 1.25, 1.5, 19.75, 9999.0, 9999.0, 9999.0, 119.5, 123.25, 118.75, 102.5, 134.0
2023-04-06, 21:10:24, 131.5, 51.5, 19.0, 26.0, 9999.0, 1.0, 1.5, 19.75, 9999.0, 9999.0, 9999.0, 119.5, 123.25, 118.75, 102.5, 134.25
2023-04-06, 21:10:28, 131.5, 51.5, 19.25, 26.25, 9999.0, 1.0, 1.5, 19.75, 9999.0, 9999.0, 9999.0, 119.5, 123.25, 118.75, 102.5, 134.0
2023-04-06, 21:10:32, 131.5, 51.5, 19.0, 26.25, 9999.0, 1.25, 1.5, 19.75, 9999.0, 9999.0, 9999.0, 119.25, 123.25, 118.75, 102.5, 134.25
2023-04-06, 21:10:36, 131.5, 51.5, 19.25, 26.0, 9999.0, 1.25, 1.25, 19.75, 9999.0, 9999.0, 9999.0, 119.25, 123.0, 118.75, 102.5, 134.0
2023-04-06, 21:10:40, 131.5, 51.5, 19.25, 26.25, 9999.0, 1.25, 1.25, 19.75, 9999.0, 9999.0, 9999.0, 119.25, 123.0, 118.75, 102.75, 134.0
2023-04-06, 21:10:44, 131.5, 51.5, 19.25, 26.25, 9999.0, 1.5, 1.5, 19.75, 9999.0, 9999.0, 9999.0, 119.25, 123.25, 118.75, 102.75, 134.25
2023-04-06, 21:10:48, 131.5, 51.5, 19.25, 26.25, 9999.0, 1.5, 1.5, 19.75, 9999.0, 9999.0, 9999.0, 119.25, 123.0, 118.75, 102.75, 134.25
2023-04-06, 21:10:52, 131.5, 51.5, 19.0, 26.25, 9999.0, 1.5, 1.5, 19.75, 9999.0, 9999.0, 9999.0, 120.0, 123.0, 118.75, 102.5, 134.25
2023-04-06, 21:10:56, 131.5, 51.5, 19.25, 26.25, 9999.0, 1.5, 1.5, 19.75, 9999.0, 9999.0, 9999.0, 120.0, 123.0, 118.75, 102.75, 134.0
2023-04-06, 21:11:00, 131.5, 51.5, 19.25, 26.25, 9999.0, 1.25, 1.5, 19.75, 9999.0, 9999.0, 9999.0, 119.75, 123.0, 118.75, 102.75, 134.0
2023-04-06, 21:11:04, 131.5, 51.5, 19.25, 26.25, 9999.0, 1.25, 1.5, 19.75, 9999.0, 9999.0, 9999.0, 119.75, 123.0, 118.75, 102.75, 134.25
2023-04-06, 21:11:08, 131.5, 51.5, 19.25, 26.25, 9999.0, 1.25, 1.5, 19.75, 9999.0, 9999.0, 9999.0, 119.75, 123.0, 118.75, 102.75, 134.0
2023-04-06, 21:11:12, 131.5, 51.5, 19.25, 26.25, 9999.0, 1.25, 1.5, 19.75, 9999.0, 9999.0, 9999.0, 119.75, 123.0, 118.75, 102.75, 134.0
2023-04-06, 21:11:16, 131.5, 51.5, 19.25, 26.25, 9999.0, 1.25, 1.5, 19.75, 9999.0, 9999.0, 9999.0, 119.5, 123.0, 118.75, 102.75, 134.25
2023-04-06, 21:11:20, 131.5, 51.5, 19.0, 26.25, 9999.0, 1.25, 1.5, 19.75, 9999.0, 9999.0, 9999.0, 119.5, 123.25, 118.75, 102.75, 134.0
2023-04-06, 21:11:24, 131.5, 51.5, 19.0, 26.25, 9999.0, 1.25, 1.5, 19.75, 9999.0, 9999.0, 9999.0, 119.75, 123.25, 118.75, 102.75, 134.0
2023-04-06, 21:11:28, 131.5, 51.5, 19.25, 26.25, 9999.0, 1.25, 1.5, 19.75, 9999.0, 9999.0, 9999.0, 119.5, 123.25, 118.75, 102.75, 134.0
2023-04-06, 21:11:32, 131.5, 51.5, 19.25, 26.25, 9999.0, 1.25, 1.5, 19.75, 9999.0, 9999.0, 9999.0, 119.5, 123.25, 118.75, 102.75, 134.25
2023-04-06, 21:11:36, 131.5, 51.5, 19.25, 26.25, 9999.0, 1.25, 1.5, 19.75, 9999.0, 9999.0, 9999.0, 119.5, 123.25, 118.75, 102.75, 134.25
2023-04-06, 21:11:40, 131.5, 51.5, 19.25, 26.25, 9999.0, 1.25, 1.5, 19.75, 9999.0, 9999.0, 9999.0, 119.5, 123.25, 118.75, 102.75, 134.0
2023-04-06, 21:11:45, 131.5, 51.5, 19.25, 26.0, 9999.0, 1.25, 1.5, 19.75, 9999.0, 9999.0, 9999.0, 119.5, 123.25, 118.75, 102.75, 134.25
2023-04-06, 21:11:49, 131.5, 51.5, 19.25, 25.75, 9999.0, 1.25, 1.5, 19.75, 9999.0, 9999.0, 9999.0, 119.5, 123.25, 118.75, 102.75, 134.25
2023-04-06, 21:11:53, 131.5, 51.5, 19.0, 26.0, 9999.0, 1.25, 1.5, 19.75, 9999.0, 9999.0, 9999.0, 119.5, 123.25, 118.75, 102.75, 134.25
2023-04-06, 21:11:57, 131.5, 51.5, 19.25, 26.25, 9999.0, 1.25, 1.5, 19.75, 9999.0, 9999.0, 9999.0, 119.25, 123.25, 118.75, 102.75, 134.25
2023-04-06, 21:12:01, 131.5, 51.5, 19.25, 26.0, 9999.0, 1.25, 1.5, 19.75, 9999.0, 9999.0, 9999.0, 119.25, 123.25, 118.75, 102.5, 134.0
2023-04-06, 21:12:05, 131.5, 51.5, 19.25, 26.25, 9999.0, 1.25, 1.5, 19.75, 9999.0, 9999.0, 9999.0, 119.25, 123.0, 118.75, 102.5, 134.25
2023-04-06, 21:12:09, 131.5, 51.5, 19.0, 26.25, 9999.0, 1.5, 1.5, 19.75, 9999.0, 9999.0, 9999.0, 119.25, 123.0, 118.75, 102.5, 134.25
2023-04-06, 21:12:13, 131.5, 51.5, 19.25, 26.25, 9999.0, 1.25, 1.5, 19.75, 9999.0, 9999.0, 9999.0, 120.0, 123.0, 118.75, 102.5, 134.25
2023-04-06, 21:12:17, 131.5, 51.5, 19.25, 26.25, 9999.0, 1.25, 1.5, 19.75, 9999.0, 9999.0, 9999.0, 120.0, 123.0, 118.75, 102.5, 134.25
2023-04-06, 21:12:21, 131.5, 51.5, 19.25, 26.0, 9999.0, 1.25, 1.5, 19.75, 9999.0, 9999.0, 9999.0, 120.0, 123.0, 118.75, 102.75, 134.25
2023-04-06, 21:12:25, 131.5, 51.5, 19.25, 26.25, 9999.0, 1.25, 1.5, 19.75, 9999.0, 9999.0, 9999.0, 119.75, 123.0, 118.75, 102.5, 134.25
2023-04-06, 21:12:29, 131.5, 51.5, 19.25, 26.0, 9999.0, 1.25, 1.5, 19.75, 9999.0, 9999.0, 9999.0, 119.75, 123.0, 118.75, 102.5, 134.0
2023-04-06, 21:12:33, 131.5, 51.5, 19.0, 26.25, 9999.0, 1.25, 1.5, 19.75, 9999.0, 9999.0, 9999.0, 119.75, 123.0, 118.75, 102.75, 134.0
2023-04-06, 21:12:37, 131.5, 51.5, 19.0, 26.25, 9999.0, 1.25, 1.5, 19.75, 9999.0, 9999.0, 9999.0, 119.75, 123.0, 118.75, 102.5, 134.25
2023-04-06, 21:12:41, 131.5, 51.5, 19.25, 26.25, 9999.0, 1.25, 1.5, 19.75, 9999.0, 9999.0, 9999.0, 119.75, 123.0, 118.5, 102.5, 134.0
2023-04-06, 21:12:45, 131.5, 51.5, 19.25, 26.25, 9999.0, 1.25, 1.5, 19.75, 9999.0, 9999.0, 9999.0, 119.5, 123.25, 118.5, 102.5, 134.25
2023-04-06, 21:12:49, 131.5, 51.5, 19.25, 26.25, 9999.0, 1.25, 1.5, 19.75, 9999.0, 9999.0, 9999.0, 119.5, 123.25, 118.75, 102.75, 134.25
2023-04-06, 21:12:53, 131.5, 51.75, 19.25, 26.25, 9999.0, 1.25, 1.5, 19.75, 9999.0, 9999.0, 9999.0, 119.5, 123.25, 118.75, 102.75, 134.25
2023-04-06, 21:12:57, 131.5, 51.5, 19.25, 26.25, 9999.0, 1.25, 1.5, 19.75, 9999.0, 9999.0, 9999.0, 119.5, 123.25, 118.75, 102.5, 134.25
2023-04-06, 21:13:01, 131.5, 51.5, 19.0, 26.25, 9999.0, 1.25, 1.5, 19.75, 9999.0, 9999.0, 9999.0, 119.5, 123.25, 118.5, 102.5, 134.25
2023-04-06, 21:13:05, 131.5, 51.75, 19.25, 26.25, 9999.0, 1.25, 1.5, 19.75, 9999.0, 9999.0, 9999.0, 119.5, 123.25, 118.5, 102.5, 134.25
2023-04-06, 21:13:09, 131.5, 51.75, 19.0, 26.25, 9999.0, 1.25, 1.5, 19.75, 9999.0, 9999.0, 9999.0, 119.5, 123.0, 118.5, 102.5, 134.0
2023-04-06, 21:13:13, 131.5, 51.5, 19.25, 26.25, 9999.0, 1.25, 1.5, 19.75, 9999.0, 9999.0, 9999.0, 119.25, 123.0, 118.75, 102.5, 134.25
2023-04-06, 21:13:17, 131.5, 51.5, 19.25, 26.5, 9999.0, 1.25, 1.5, 19.75, 9999.0, 9999.0, 9999.0, 119.25, 123.25, 118.75, 102.5, 134.25
2023-04-06, 21:13:21, 131.5, 51.75, 19.25, 26.5, 9999.0, 1.25, 1.5, 19.75, 9999.0, 9999.0, 9999.0, 119.25, 123.25, 118.5, 102.5, 134.25
2023-04-06, 21:13:25, 131.5, 51.5, 19.25, 26.5, 9999.0, 1.25, 1.5, 19.75, 9999.0, 9999.0, 9999.0, 119.25, 123.25, 118.75, 102.75, 134.25
2023-04-06, 21:13:29, 131.5, 51.5, 19.25, 26.25, 9999.0, 1.5, 1.5, 19.75, 9999.0, 9999.0, 9999.0, 119.25, 123.25, 118.5, 102.5, 134.25
2023-04-06, 21:13:33, 131.5, 51.75, 19.0, 26.25, 9999.0, 1.5, 1.5, 19.75, 9999.0, 9999.0, 9999.0, 119.25, 123.25, 118.75, 102.5, 134.25
2023-04-06, 21:13:37, 131.5, 51.5, 19.25, 26.25, 9999.0, 1.5, 1.5, 19.75, 9999.0, 9999.0, 9999.0, 120.0, 123.0, 118.75, 102.5, 134.25
2023-04-06, 21:13:41, 131.5, 51.5, 19.25, 26.0, 9999.0, 1.25, 1.5, 19.75, 9999.0, 9999.0, 9999.0, 120.0, 123.0, 118.5, 102.5, 134.25
2023-04-06, 21:13:45, 131.5, 51.5, 19.25, 26.25, 9999.0, 1.25, 1.5, 19.75, 9999.0, 9999.0, 9999.0, 119.75, 123.25, 118.75, 102.75, 134.0
2023-04-06, 21:13:49, 131.5, 51.5, 19.25, 26.25, 9999.0, 1.25, 1.5, 19.75, 9999.0, 9999.0, 9999.0, 119.75, 123.0, 118.75, 102.75, 134.25
2023-04-06, 21:13:53, 131.5, 51.5, 19.25, 26.25, 9999.0, 1.25, 1.5, 19.75, 9999.0, 9999.0, 9999.0, 119.75, 123.0, 118.75, 102.75, 134.25
2023-04-06, 21:13:57, 131.5, 51.75, 19.25, 26.25, 9999.0, 1.25, 1.5, 19.75, 9999.0, 9999.0, 9999.0, 119.75, 123.0, 118.75, 102.75, 134.25
2023-04-06, 21:14:01, 131.5, 51.5, 19.0, 26.25, 9999.0, 1.25, 1.5, 19.75, 9999.0, 9999.0, 9999.0, 119.5, 123.0, 118.75, 102.5, 134.25
2023-04-06, 21:14:05, 131.5, 51.5, 19.25, 26.25, 9999.0, 1.25, 1.5, 19.75, 9999.0, 9999.0, 9999.0, 119.5, 123.25, 118.75, 102.5, 134.25
2023-04-06, 21:14:09, 131.5, 51.5, 19.25, 26.25, 9999.0, 1.25, 1.5, 19.75, 9999.0, 9999.0, 9999.0, 119.5, 123.25, 118.75, 102.75, 134.25
2023-04-06, 21:14:13, 131.5, 51.5, 19.25, 26.25, 9999.0, 1.25, 1.5, 19.75, 9999.0, 9999.0, 9999.0, 119.5, 123.25, 118.75, 102.75, 134.25
2023-04-06, 21:14:17, 131.5, 51.5, 19.25, 26.25, 9999.0, 1.25, 1.5, 19.75, 9999.0, 9999.0, 9999.0, 119.5, 123.25, 118.75, 102.5, 134.25
2023-04-06, 21:14:21, 131.5, 51.5, 19.25, 26.25, 9999.0, 1.25, 1.5, 19.75, 9999.0, 9999.0, 9999.0, 119.5, 123.25, 118.75, 102.5, 134.25
2023-04-06, 21:14:25, 131.5, 51.5, 19.25, 26.25, 9999.0, 1.25, 1.5, 19.75, 9999.0, 9999.0, 9999.0, 119.5, 123.25, 118.75, 102.5, 134.25
2023-04-06, 21:14:29, 131.5, 51.5, 19.25, 26.5, 9999.0, 1.25, 1.5, 19.75, 9999.0, 9999.0, 9999.0, 119.5, 123.25, 118.75, 102.75, 134.0
2023-04-06, 21:14:33, 131.5, 51.5, 19.0, 26.25, 9999.0, 1.25, 1.5, 19.75, 9999.0, 9999.0, 9999.0, 119.5, 123.25, 118.75, 102.75, 134.25
2023-04-06, 21:14:37, 131.5, 51.5, 19.25, 26.25, 9999.0, 1.25, 1.5, 19.75, 9999.0, 9999.0, 9999.0, 119.5, 123.25, 118.75, 102.75, 134.0
2023-04-06, 21:14:41, 131.5, 51.5, 19.25, 26.25, 9999.0, 1.25, 1.5, 19.75, 9999.0, 9999.0, 9999.0, 119.25, 123.25, 118.75, 102.5, 134.25
2023-04-06, 21:14:45, 131.5, 51.5, 19.25, 26.0, 9999.0, 1.25, 1.25, 19.75, 9999.0, 9999.0, 9999.0, 119.25, 123.25, 118.75, 102.5, 134.25
2023-04-06, 21:14:49, 131.5, 51.75, 19.0, 26.25, 9999.0, 1.25, 1.5, 19.75, 9999.0, 9999.0, 9999.0, 119.25, 123.0, 118.75, 102.5, 134.25
2023-04-06, 21:14:53, 131.5, 51.5, 19.25, 26.25, 9999.0, 1.5, 1.5, 19.75, 9999.0, 9999.0, 9999.0, 119.25, 123.0, 118.75, 102.5, 134.25
2023-04-06, 21:14:57, 131.5, 51.5, 19.0, 26.25, 9999.0, 1.5, 1.5, 19.75, 9999.0, 9999.0, 9999.0, 120.0, 123.25, 118.75, 102.5, 134.0
2023-04-06, 21:15:01, 131.5, 51.5, 19.0, 26.25, 9999.0, 1.5, 1.5, 19.75, 9999.0, 9999.0, 9999.0, 120.0, 123.0, 118.75, 102.5, 134.0
2023-04-06, 21:15:05, 131.5, 51.5, 19.0, 26.25, 9999.0, 1.5, 1.5, 19.75, 9999.0, 9999.0, 9999.0, 119.75, 123.0, 118.75, 102.5, 134.25
2023-04-06, 21:15:09, 131.5, 51.5, 19.25, 26.25, 9999.0, 1.25, 1.5, 19.75, 9999.0, 9999.0, 9999.0, 119.75, 123.0, 118.75, 102.5, 134.25
2023-04-06, 21:15:13, 131.5, 51.5, 19.0, 26.25, 9999.0, 1.25, 1.5, 19.75, 9999.0, 9999.0, 9999.0, 119.75, 123.0, 118.75, 102.5, 134.0
2023-04-06, 21:15:17, 131.5, 51.5, 19.25, 26.25, 9999.0, 1.25, 1.5, 19.75, 9999.0, 9999.0, 9999.0, 119.75, 123.0, 118.75, 102.75, 134.0
2023-04-06, 21:15:21, 131.5, 51.5, 19.25, 26.25, 9999.0, 1.25, 1.5, 19.75, 9999.0, 9999.0, 9999.0, 119.75, 123.0, 118.75, 102.75, 134.0
2023-04-06, 21:15:25, 131.5, 51.75, 19.25, 26.25, 9999.0, 1.25, 1.5, 19.75, 9999.0, 9999.0, 9999.0, 119.75, 123.0, 118.75, 102.75, 134.0
2023-04-06, 21:15:29, 131.5, 51.5, 19.25, 26.25, 9999.0, 1.25, 1.5, 19.75, 9999.0, 9999.0, 9999.0, 119.75, 123.25, 118.75, 102.75, 134.25
2023-04-06, 21:15:33, 131.5, 51.5, 19.25, 26.25, 9999.0, 1.25, 1.5, 19.75, 9999.0, 9999.0, 9999.0, 119.75, 123.25, 118.75, 102.5, 134.25
2023-04-06, 21:15:37, 131.5, 51.5, 19.25, 26.25, 9999.0, 1.25, 1.5, 19.75, 9999.0, 9999.0, 9999.0, 119.5, 123.25, 118.75, 102.75, 134.25
2023-04-06, 21:15:41, 131.5, 51.5, 19.25, 26.25, 9999.0, 1.25, 1.5, 19.75, 9999.0, 9999.0, 9999.0, 119.5, 123.25, 118.75, 102.75, 134.0
2023-04-06, 21:15:45, 131.5, 51.5, 19.25, 26.25, 9999.0, 1.25, 1.5, 19.75, 9999.0, 9999.0, 9999.0, 119.5, 123.25, 118.75, 102.75, 134.0
2023-04-06, 21:15:49, 131.5, 51.5, 19.25, 26.25, 9999.0, 1.0, 1.5, 19.75, 9999.0, 9999.0, 9999.0, 119.5, 123.25, 118.75, 102.5, 134.0
2023-04-06, 21:15:53, 131.5, 51.5, 19.25, 26.25, 9999.0, 1.25, 1.5, 19.75, 9999.0, 9999.0, 9999.0, 119.5, 123.0, 118.75, 102.75, 134.25
2023-04-06, 21:15:57, 131.5, 51.5, 19.0, 26.25, 9999.0, 1.25, 1.5, 19.75, 9999.0, 9999.0, 9999.0, 119.25, 123.25, 118.75, 102.75, 134.25
2023-04-06, 21:16:01, 131.5, 51.5, 19.0, 26.25, 9999.0, 1.0, 1.5, 19.75, 9999.0, 9999.0, 9999.0, 119.5, 123.0, 118.75, 102.5, 134.0
2023-04-06, 21:16:05, 131.5, 51.5, 19.25, 26.25, 9999.0, 1.25, 1.5, 19.75, 9999.0, 9999.0, 9999.0, 119.5, 123.0, 118.75, 102.5, 134.0
2023-04-06, 21:16:10, 131.5, 51.5, 19.25, 26.5, 9999.0, 1.25, 1.5, 19.75, 9999.0, 9999.0, 9999.0, 119.25, 123.0, 118.75, 102.75, 134.0
2023-04-06, 21:16:14, 131.5, 51.5, 19.25, 26.25, 9999.0, 1.25, 1.5, 19.75, 9999.0, 9999.0, 9999.0, 119.25, 123.0, 118.75, 102.5, 134.0
2023-04-06, 21:16:18, 131.5, 51.5, 19.0, 26.25, 9999.0, 1.5, 1.5, 19.75, 9999.0, 9999.0, 9999.0, 119.25, 123.0, 118.75, 102.75, 134.25
2023-04-06, 21:16:22, 131.5, 51.5, 19.25, 26.0, 9999.0, 1.5, 1.5, 19.75, 9999.0, 9999.0, 9999.0, 120.0, 123.0, 118.75, 102.5, 134.0
2023-04-06, 21:16:26, 131.5, 51.5, 19.25, 26.0, 9999.0, 1.5, 1.5, 19.75, 9999.0, 9999.0, 9999.0, 120.0, 123.0, 118.75, 102.5, 134.0
2023-04-06, 21:16:30, 131.5, 51.5, 19.25, 26.25, 9999.0, 1.25, 1.5, 19.75, 9999.0, 9999.0, 9999.0, 119.75, 123.0, 118.75, 102.5, 134.0
2023-04-06, 21:16:34, 131.5, 51.5, 19.0, 26.25, 9999.0, 1.25, 1.5, 19.75, 9999.0, 9999.0, 9999.0, 119.75, 123.0, 118.75, 102.5, 134.25
2023-04-06, 21:16:38, 131.5, 51.5, 19.0, 26.0, 9999.0, 1.25, 1.5, 19.75, 9999.0, 9999.0, 9999.0, 119.75, 123.0, 118.75, 102.5, 134.0
2023-04-06, 21:16:42, 131.5, 51.5, 19.25, 26.25, 9999.0, 1.25, 1.5, 19.75, 9999.0, 9999.0, 9999.0, 119.75, 123.0, 118.75, 102.75, 134.25
2023-04-06, 21:16:46, 131.5, 51.5, 19.0, 26.25, 9999.0, 1.25, 1.5, 19.75, 9999.0, 9999.0, 9999.0, 119.75, 123.0, 118.75, 102.5, 134.0
2023-04-06, 21:16:50, 131.5, 51.5, 19.25, 26.25, 9999.0, 1.25, 1.5, 19.75, 9999.0, 9999.0, 9999.0, 119.5, 123.0, 118.75, 102.5, 134.0
2023-04-06, 21:16:54, 131.5, 51.5, 19.0, 26.25, 9999.0, 1.25, 1.5, 19.75, 9999.0, 9999.0, 9999.0, 119.5, 123.25, 118.75, 102.5, 134.0
2023-04-06, 21:16:58, 131.5, 51.5, 19.0, 26.25, 9999.0, 1.25, 1.25, 19.75, 9999.0, 9999.0, 9999.0, 119.75, 123.25, 118.75, 102.75, 134.25
2023-04-06, 21:17:02, 131.5, 51.5, 19.0, 26.5, 9999.0, 1.25, 1.5, 19.75, 9999.0, 9999.0, 9999.0, 119.75, 123.25, 118.75, 102.5, 134.25
2023-04-06, 21:17:06, 131.5, 51.5, 19.25, 26.5, 9999.0, 1.25, 1.5, 19.75, 9999.0, 9999.0, 9999.0, 119.5, 123.25, 118.75, 102.5, 134.0
2023-04-06, 21:17:10, 131.5, 51.5, 19.25, 26.25, 9999.0, 1.25, 1.5, 19.75, 9999.0, 9999.0, 9999.0, 119.5, 123.25, 118.75, 102.5, 134.0
2023-04-06, 21:17:14, 131.5, 51.5, 19.25, 26.25, 9999.0, 1.25, 1.5, 19.75, 9999.0, 9999.0, 9999.0, 119.5, 123.25, 118.75, 102.75, 134.25
2023-04-06, 21:17:18, 131.5, 51.5, 19.0, 26.25, 9999.0, 1.0, 1.5, 19.75, 9999.0, 9999.0, 9999.0, 119.5, 123.25, 118.75, 102.5, 134.25
2023-04-06, 21:17:22, 131.5, 51.5, 19.0, 26.25, 9999.0, 1.0, 1.5, 19.75, 9999.0, 9999.0, 9999.0, 119.25, 123.25, 118.75, 102.5, 134.25
2023-04-06, 21:17:26, 131.5, 51.5, 19.0, 26.0, 9999.0, 1.0, 1.5, 19.75, 9999.0, 9999.0, 9999.0, 119.25, 123.25, 118.75, 102.5, 134.0
2023-04-06, 21:17:30, 131.5, 51.5, 19.0, 26.0, 9999.0, 1.25, 1.5, 19.75, 9999.0, 9999.0, 9999.0, 119.25, 123.0, 118.75, 102.5, 134.0
2023-04-06, 21:17:34, 131.5, 51.5, 19.0, 26.25, 9999.0, 1.25, 1.5, 19.75, 9999.0, 9999.0, 9999.0, 119.25, 123.0, 118.75, 102.5, 134.0
2023-04-06, 21:17:38, 131.5, 51.5, 19.25, 26.25, 9999.0, 1.25, 1.5, 19.75, 9999.0, 9999.0, 9999.0, 119.25, 123.0, 118.75, 102.5, 134.25
2023-04-06, 21:17:42, 131.5, 51.5, 19.25, 26.25, 9999.0, 1.5, 1.5, 19.75, 9999.0, 9999.0, 9999.0, 119.25, 123.0, 118.75, 102.5, 134.25
2023-04-06, 21:17:46, 131.5, 51.5, 19.25, 26.25, 9999.0, 1.5, 1.5, 19.75, 9999.0, 9999.0, 9999.0, 120.0, 123.0, 118.75, 102.75, 134.0
2023-04-06, 21:17:50, 131.5, 51.5, 19.25, 26.0, 9999.0, 1.25, 1.5, 19.75, 9999.0, 9999.0, 9999.0, 120.0, 123.0, 118.75, 102.5, 134.25
2023-04-06, 21:17:54, 131.5, 51.5, 19.25, 26.25, 9999.0, 1.25, 1.5, 19.75, 9999.0, 9999.0, 9999.0, 119.75, 123.0, 118.75, 102.5, 134.0
2023-04-06, 21:17:58, 131.5, 51.5, 19.25, 26.0, 9999.0, 1.25, 1.5, 19.75, 9999.0, 9999.0, 9999.0, 119.75, 123.0, 118.75, 102.75, 134.25
2023-04-06, 21:18:02, 131.5, 51.5, 19.0, 26.25, 9999.0, 1.25, 1.5, 19.75, 9999.0, 9999.0, 9999.0, 119.75, 123.0, 118.75, 102.5, 134.0
2023-04-06, 21:18:06, 131.5, 51.5, 19.25, 26.0, 9999.0, 1.25, 1.5, 19.75, 9999.0, 9999.0, 9999.0, 119.75, 123.0, 118.75, 102.5, 134.0
2023-04-06, 21:18:10, 131.5, 51.5, 19.25, 26.25, 9999.0, 1.25, 1.5, 19.75, 9999.0, 9999.0, 9999.0, 119.75, 123.0, 118.75, 102.5, 134.0
2023-04-06, 21:18:14, 131.5, 51.5, 19.25, 26.25, 9999.0, 1.25, 1.5, 19.75, 9999.0, 9999.0, 9999.0, 119.5, 123.25, 118.75, 102.5, 134.25
2023-04-06, 21:18:18, 131.5, 51.5, 19.0, 26.25, 9999.0, 1.25, 1.5, 19.75, 9999.0, 9999.0, 9999.0, 119.75, 123.25, 118.75, 102.75, 134.0
2023-04-06, 21:18:22, 131.5, 51.5, 19.0, 26.25, 9999.0, 1.25, 1.5, 19.75, 9999.0, 9999.0, 9999.0, 119.5, 123.25, 118.75, 102.5, 134.0
2023-04-06, 21:18:26, 131.5, 51.5, 19.0, 26.25, 9999.0, 1.25, 1.5, 19.75, 9999.0, 9999.0, 9999.0, 119.5, 123.25, 118.75, 102.75, 134.25
2023-04-06, 21:18:30, 131.5, 51.5, 19.25, 26.25, 9999.0, 1.0, 1.5, 19.75, 9999.0, 9999.0, 9999.0, 119.5, 123.25, 118.75, 102.5, 134.25
2023-04-06, 21:18:34, 131.5, 51.5, 19.25, 26.25, 9999.0, 1.0, 1.25, 19.5, 9999.0, 9999.0, 9999.0, 119.5, 123.25, 118.75, 102.5, 134.0
2023-04-06, 21:18:38, 131.5, 51.5, 19.25, 26.25, 9999.0, 1.0, 1.25, 19.75, 9999.0, 9999.0, 9999.0, 119.5, 123.25, 118.5, 102.5, 134.0
2023-04-06, 21:18:42, 131.5, 51.5, 19.0, 26.25, 9999.0, 1.0, 1.5, 19.75, 9999.0, 9999.0, 9999.0, 119.5, 123.25, 118.75, 102.5, 134.0
2023-04-06, 21:18:46, 131.5, 51.5, 19.0, 26.25, 9999.0, 1.0, 1.5, 19.75, 9999.0, 9999.0, 9999.0, 119.25, 123.25, 118.75, 102.5, 134.25
2023-04-06, 21:18:50, 131.5, 51.5, 19.25, 26.25, 9999.0, 1.25, 1.25, 19.75, 9999.0, 9999.0, 9999.0, 119.25, 123.25, 118.75, 102.75, 134.0
2023-04-06, 21:18:54, 131.5, 51.5, 19.25, 26.25, 9999.0, 1.25, 1.25, 19.75, 9999.0, 9999.0, 9999.0, 119.25, 123.0, 118.75, 102.5, 134.0
2023-04-06, 21:18:58, 131.5, 51.5, 19.25, 26.25, 9999.0, 1.25, 1.5, 19.75, 9999.0, 9999.0, 9999.0, 119.25, 123.0, 118.75, 102.5, 134.0
2023-04-06, 21:19:02, 131.5, 51.5, 19.25, 26.25, 9999.0, 1.5, 1.5, 19.75, 9999.0, 9999.0, 9999.0, 119.25, 123.0, 118.75, 102.5, 134.0
2023-04-06, 21:19:06, 131.5, 51.5, 19.25, 26.25, 9999.0, 1.25, 1.5, 19.75, 9999.0, 9999.0, 9999.0, 120.0, 123.0, 118.75, 102.75, 134.25
2023-04-06, 21:19:10, 131.5, 51.5, 19.0, 26.0, 9999.0, 1.25, 1.5, 19.75, 9999.0, 9999.0, 9999.0, 120.0, 123.0, 118.75, 102.5, 134.0
2023-04-06, 21:19:14, 131.5, 51.5, 19.0, 26.0, 9999.0, 1.25, 1.5, 19.75, 9999.0, 9999.0, 9999.0, 119.75, 123.25, 118.75, 102.5, 134.0
2023-04-06, 21:19:18, 131.5, 51.5, 19.0, 26.0, 9999.0, 1.5, 1.5, 19.75, 9999.0, 9999.0, 9999.0, 119.75, 123.0, 118.75, 102.5, 134.0
2023-04-06, 21:19:22, 131.5, 51.5, 19.0, 26.0, 9999.0, 1.25, 1.5, 19.75, 9999.0, 9999.0, 9999.0, 119.75, 123.0, 118.75, 102.5, 134.0
2023-04-06, 21:19:26, 131.5, 51.5, 19.25, 26.0, 9999.0, 1.25, 1.5, 19.75, 9999.0, 9999.0, 9999.0, 119.75, 123.0, 118.75, 102.5, 134.0
2023-04-06, 21:19:30, 131.5, 51.5, 19.0, 26.25, 9999.0, 1.25, 1.25, 19.75, 9999.0, 9999.0, 9999.0, 119.5, 123.0, 118.75, 102.5, 134.0
2023-04-06, 21:19:34, 131.5, 51.5, 19.25, 26.25, 9999.0, 1.25, 1.5, 19.75, 9999.0, 9999.0, 9999.0, 119.5, 123.0, 118.75, 102.5, 134.0
2023-04-06, 21:19:38, 131.5, 51.5, 19.0, 26.25, 9999.0, 1.25, 1.5, 19.75, 9999.0, 9999.0, 9999.0, 119.5, 123.25, 118.75, 102.5, 134.0
2023-04-06, 21:19:42, 131.25, 51.5, 19.0, 26.25, 9999.0, 1.25, 1.5, 19.75, 9999.0, 9999.0, 9999.0, 119.5, 123.25, 118.75, 102.5, 134.0
2023-04-06, 21:19:46, 131.5, 51.5, 19.0, 26.25, 9999.0, 1.25, 1.5, 19.75, 9999.0, 9999.0, 9999.0, 119.5, 123.25, 118.75, 102.5, 134.0
2023-04-06, 21:19:50, 131.5, 51.5, 19.0, 26.0, 9999.0, 1.0, 1.25, 19.5, 9999.0, 9999.0, 9999.0, 119.5, 123.25, 118.75, 102.5, 134.0
2023-04-06, 21:19:54, 131.5, 51.5, 19.0, 26.25, 9999.0, 1.0, 1.25, 19.75, 9999.0, 9999.0, 9999.0, 119.5, 123.0, 118.75, 102.5, 134.0
2023-04-06, 21:19:58, 131.5, 51.5, 19.0, 26.25, 9999.0, 1.0, 1.25, 19.75, 9999.0, 9999.0, 9999.0, 119.5, 123.25, 118.75, 102.5, 134.0
2023-04-06, 21:20:02, 131.5, 51.5, 19.0, 26.25, 9999.0, 1.0, 1.25, 19.5, 9999.0, 9999.0, 9999.0, 119.5, 123.25, 118.75, 102.75, 134.0
2023-04-06, 21:20:06, 131.5, 51.5, 19.25, 26.25, 9999.0, 1.0, 1.25, 19.5, 9999.0, 9999.0, 9999.0, 119.25, 123.25, 118.75, 102.5, 134.25
2023-04-06, 21:20:10, 131.5, 51.5, 19.25, 26.25, 9999.0, 1.0, 1.25, 19.75, 9999.0, 9999.0, 9999.0, 119.25, 123.0, 118.75, 102.5, 134.0
2023-04-06, 21:20:14, 131.5, 51.5, 19.0, 26.25, 9999.0, 1.25, 1.25, 19.75, 9999.0, 9999.0, 9999.0, 119.5, 123.25, 118.75, 102.5, 134.25
2023-04-06, 21:20:18, 131.5, 51.5, 19.0, 26.25, 9999.0, 1.25, 1.25, 19.75, 9999.0, 9999.0, 9999.0, 119.5, 123.0, 118.75, 102.5, 134.0
2023-04-06, 21:20:22, 131.25, 51.5, 19.0, 26.5, 9999.0, 1.25, 1.5, 19.75, 9999.0, 9999.0, 9999.0, 119.25, 123.25, 118.75, 102.75, 134.25
2023-04-06, 21:20:26, 131.5, 51.5, 19.0, 26.25, 9999.0, 1.25, 1.5, 19.75, 9999.0, 9999.0, 9999.0, 119.25, 123.0, 118.75, 102.75, 134.0
2023-04-06, 21:20:30, 131.25, 51.5, 19.25, 26.25, 9999.0, 1.25, 1.5, 19.75, 9999.0, 9999.0, 9999.0, 120.0, 123.0, 118.75, 102.5, 134.25
2023-04-06, 21:20:35, 131.5, 51.5, 19.25, 26.5, 9999.0, 1.25, 1.25, 19.75, 9999.0, 9999.0, 9999.0, 120.0, 123.25, 118.75, 102.75, 134.0
2023-04-06, 21:20:39, 131.5, 51.5, 19.0, 26.25, 9999.0, 1.25, 1.5, 19.75, 9999.0, 9999.0, 9999.0, 119.75, 123.0, 118.75, 102.75, 134.0
2023-04-06, 21:20:43, 131.5, 51.5, 19.0, 26.25, 9999.0, 1.25, 1.5, 19.5, 9999.0, 9999.0, 9999.0, 119.75, 123.25, 118.75, 102.75, 134.0
2023-04-06, 21:20:47, 131.5, 51.5, 19.0, 26.25, 9999.0, 1.25, 1.5, 19.75, 9999.0, 9999.0, 9999.0, 119.75, 123.25, 118.75, 102.5, 134.0
2023-04-06, 21:20:51, 131.5, 51.5, 19.0, 26.25, 9999.0, 1.25, 1.25, 19.5, 9999.0, 9999.0, 9999.0, 119.75, 123.0, 118.75, 102.75, 134.25
2023-04-06, 21:20:55, 131.25, 51.5, 19.25, 26.25, 9999.0, 1.25, 1.25, 19.75, 9999.0, 9999.0, 9999.0, 119.75, 123.0, 118.75, 102.5, 134.0
2023-04-06, 21:20:59, 131.5, 51.5, 19.0, 26.25, 9999.0, 1.25, 1.5, 19.75, 9999.0, 9999.0, 9999.0, 119.5, 123.25, 118.75, 102.5, 134.0
2023-04-06, 21:21:03, 131.5, 51.5, 19.0, 26.0, 9999.0, 1.25, 1.25, 19.75, 9999.0, 9999.0, 9999.0, 119.75, 123.25, 118.75, 102.75, 134.0
2023-04-06, 21:21:07, 131.5, 51.5, 19.25, 26.0, 9999.0, 1.25, 1.5, 19.75, 9999.0, 9999.0, 9999.0, 119.5, 123.25, 118.75, 102.75, 134.25
2023-04-06, 21:21:11, 131.5, 51.5, 19.0, 26.25, 9999.0, 1.25, 1.5, 19.75, 9999.0, 9999.0, 9999.0, 119.5, 123.25, 118.75, 102.75, 134.0
2023-04-06, 21:21:15, 131.5, 51.5, 19.0, 26.25, 9999.0, 1.0, 1.5, 19.75, 9999.0, 9999.0, 9999.0, 119.5, 123.25, 118.75, 102.75, 134.25
2023-04-06, 21:21:19, 131.5, 51.5, 19.25, 26.25, 9999.0, 1.0, 1.25, 19.75, 9999.0, 9999.0, 9999.0, 119.5, 123.25, 118.75, 102.75, 134.25
2023-04-06, 21:21:23, 131.5, 51.5, 19.25, 26.25, 9999.0, 1.0, 1.5, 19.75, 9999.0, 9999.0, 9999.0, 119.5, 123.25, 118.75, 102.75, 134.0
2023-04-06, 21:21:27, 131.5, 51.5, 19.0, 26.25, 9999.0, 1.0, 1.5, 19.75, 9999.0, 9999.0, 9999.0, 119.5, 123.25, 118.75, 102.75, 134.25
2023-04-06, 21:21:31, 131.5, 51.5, 19.0, 26.25, 9999.0, 1.0, 1.5, 19.75, 9999.0, 9999.0, 9999.0, 119.5, 123.25, 118.75, 102.5, 134.0
2023-04-06, 21:21:35, 131.5, 51.5, 19.0, 26.25, 9999.0, 1.25, 1.25, 19.5, 9999.0, 9999.0, 9999.0, 119.5, 123.25, 118.75, 102.5, 134.25
2023-04-06, 21:21:39, 131.5, 51.5, 19.0, 26.25, 9999.0, 1.25, 1.25, 19.75, 9999.0, 9999.0, 9999.0, 119.25, 123.25, 118.75, 102.75, 134.25
2023-04-06, 21:21:43, 131.5, 51.5, 19.25, 26.25, 9999.0, 1.25, 1.5, 19.5, 9999.0, 9999.0, 9999.0, 119.25, 123.25, 118.75, 102.5, 134.0
2023-04-06, 21:21:47, 131.25, 51.5, 19.25, 26.25, 9999.0, 1.5, 1.5, 19.75, 9999.0, 9999.0, 9999.0, 119.25, 123.25, 118.75, 102.75, 134.0
2023-04-06, 21:21:51, 131.5, 51.5, 19.0, 26.5, 9999.0, 1.25, 1.5, 19.75, 9999.0, 9999.0, 9999.0, 120.0, 123.0, 118.75, 102.75, 134.0
2023-04-06, 21:21:55, 131.5, 51.5, 19.25, 26.5, 9999.0, 1.25, 1.25, 19.75, 9999.0, 9999.0, 9999.0, 120.0, 123.25, 118.75, 102.5, 134.0
2023-04-06, 21:21:59, 131.25, 51.5, 19.25, 26.25, 9999.0, 1.25, 1.25, 19.75, 9999.0, 9999.0, 9999.0, 120.0, 123.0, 118.75, 102.75, 134.0
2023-04-06, 21:22:03, 131.25, 51.5, 19.25, 26.25, 9999.0, 1.25, 1.25, 19.75, 9999.0, 9999.0, 9999.0, 119.75, 123.0, 118.75, 102.75, 134.25
2023-04-06, 21:22:07, 131.25, 51.5, 19.25, 26.25, 9999.0, 1.25, 1.5, 19.75, 9999.0, 9999.0, 9999.0, 119.75, 123.0, 118.75, 102.75, 134.25
2023-04-06, 21:22:11, 131.5, 51.5, 19.25, 26.5, 9999.0, 1.25, 1.5, 19.75, 9999.0, 9999.0, 9999.0, 119.75, 123.25, 118.75, 102.75, 134.25
2023-04-06, 21:22:15, 131.5, 51.5, 19.0, 26.25, 9999.0, 1.25, 1.5, 19.75, 9999.0, 9999.0, 9999.0, 119.75, 123.25, 118.75, 102.5, 134.0
2023-04-06, 21:22:19, 131.5, 51.5, 19.0, 26.5, 9999.0, 1.25, 1.5, 19.75, 9999.0, 9999.0, 9999.0, 119.75, 123.25, 118.75, 102.75, 134.0
2023-04-06, 21:22:23, 131.5, 51.5, 19.0, 26.5, 9999.0, 1.25, 1.25, 19.75, 9999.0, 9999.0, 9999.0, 119.75, 123.5, 118.75, 102.75, 134.0
2023-04-06, 21:22:27, 131.5, 51.5, 19.0, 26.25, 9999.0, 1.25, 1.5, 19.5, 9999.0, 9999.0, 9999.0, 119.75, 123.25, 118.75, 102.75, 134.25
2023-04-06, 21:22:31, 131.5, 51.5, 19.25, 26.25, 9999.0, 1.25, 1.5, 19.5, 9999.0, 9999.0, 9999.0, 119.5, 123.25, 118.75, 102.75, 134.25
2023-04-06, 21:22:35, 131.5, 51.5, 19.25, 26.25, 9999.0, 1.0, 1.5, 19.5, 9999.0, 9999.0, 9999.0, 119.5, 123.25, 118.75, 102.75, 134.25
2023-04-06, 21:22:39, 131.5, 51.5, 19.25, 26.25, 9999.0, 1.0, 1.25, 19.75, 9999.0, 9999.0, 9999.0, 119.5, 123.25, 118.75, 102.75, 134.25
2023-04-06, 21:22:43, 131.5, 51.5, 19.25, 26.25, 9999.0, 1.0, 1.25, 19.75, 9999.0, 9999.0, 9999.0, 119.5, 123.25, 118.75, 102.75, 134.25
2023-04-06, 21:22:47, 131.5, 51.5, 19.25, 26.25, 9999.0, 1.0, 1.5, 19.75, 9999.0, 9999.0, 9999.0, 119.5, 123.25, 118.75, 102.75, 134.25
2023-04-06, 21:22:51, 131.5, 51.5, 19.25, 26.25, 9999.0, 1.25, 1.25, 19.75, 9999.0, 9999.0, 9999.0, 119.5, 123.25, 118.75, 102.75, 134.25
2023-04-06, 21:22:55, 131.5, 51.5, 19.25, 26.25, 9999.0, 1.0, 1.25, 19.5, 9999.0, 9999.0, 9999.0, 119.25, 123.25, 118.75, 102.75, 134.25
2023-04-06, 21:22:59, 131.5, 51.5, 19.25, 26.25, 9999.0, 1.25, 1.5, 19.75, 9999.0, 9999.0, 9999.0, 119.25, 123.25, 118.75, 102.75, 134.25
2023-04-06, 21:23:03, 131.5, 51.5, 19.25, 26.25, 9999.0, 1.25, 1.25, 19.75, 9999.0, 9999.0, 9999.0, 119.25, 123.25, 118.75, 102.75, 134.25
2023-04-06, 21:23:07, 131.5, 51.5, 19.0, 26.25, 9999.0, 1.25, 1.5, 19.75, 9999.0, 9999.0, 9999.0, 119.25, 123.25, 118.75, 102.75, 134.0
2023-04-06, 21:23:11, 131.5, 51.5, 19.0, 26.25, 9999.0, 1.5, 1.5, 19.75, 9999.0, 9999.0, 9999.0, 119.25, 123.25, 118.75, 102.75, 134.25
2023-04-06, 21:23:15, 131.5, 51.5, 19.0, 26.25, 9999.0, 1.25, 1.5, 19.75, 9999.0, 9999.0, 9999.0, 120.0, 123.25, 118.75, 102.75, 134.25
2023-04-06, 21:23:19, 131.5, 51.5, 19.25, 26.25, 9999.0, 1.25, 1.5, 19.75, 9999.0, 9999.0, 9999.0, 120.0, 123.25, 118.75, 102.75, 134.25
2023-04-06, 21:23:23, 131.5, 51.5, 19.25, 26.25, 9999.0, 1.25, 1.5, 19.75, 9999.0, 9999.0, 9999.0, 120.0, 123.25, 118.75, 102.75, 134.0
2023-04-06, 21:23:27, 131.5, 51.5, 19.0, 26.0, 9999.0, 1.25, 1.5, 19.75, 9999.0, 9999.0, 9999.0, 119.75, 123.25, 118.75, 102.75, 134.25
2023-04-06, 21:23:31, 131.5, 51.5, 19.25, 26.25, 9999.0, 1.25, 1.5, 19.75, 9999.0, 9999.0, 9999.0, 119.75, 123.25, 118.75, 102.75, 134.25
2023-04-06, 21:23:35, 131.5, 51.5, 19.0, 26.25, 9999.0, 1.25, 1.5, 19.75, 9999.0, 9999.0, 9999.0, 119.75, 123.0, 118.75, 102.75, 134.0
2023-04-06, 21:23:39, 131.5, 51.5, 19.25, 26.25, 9999.0, 1.25, 1.5, 19.75, 9999.0, 9999.0, 9999.0, 119.75, 123.25, 118.75, 102.75, 134.25
2023-04-06, 21:23:43, 131.5, 51.5, 19.0, 26.0, 9999.0, 1.25, 1.5, 19.75, 9999.0, 9999.0, 9999.0, 119.5, 123.0, 118.75, 102.75, 134.25
2023-04-06, 21:23:47, 131.5, 51.5, 19.25, 26.25, 9999.0, 1.25, 1.5, 19.75, 9999.0, 9999.0, 9999.0, 119.5, 123.25, 118.75, 102.75, 134.0
2023-04-06, 21:23:51, 131.5, 51.5, 19.25, 26.25, 9999.0, 1.25, 1.5, 19.75, 9999.0, 9999.0, 9999.0, 119.75, 123.25, 118.75, 102.75, 134.25
2023-04-06, 21:23:55, 131.5, 51.5, 19.0, 26.25, 9999.0, 1.25, 1.5, 19.75, 9999.0, 9999.0, 9999.0, 119.75, 123.25, 118.75, 102.75, 134.25
2023-04-06, 21:23:59, 131.5, 51.5, 19.0, 26.25, 9999.0, 1.25, 1.5, 19.75, 9999.0, 9999.0, 9999.0, 119.5, 123.25, 118.75, 102.75, 134.25
2023-04-06, 21:24:03, 131.5, 51.5, 19.25, 26.25, 9999.0, 1.25, 1.5, 19.75, 9999.0, 9999.0, 9999.0, 119.5, 123.25, 118.75, 102.75, 134.25
2023-04-06, 21:24:07, 131.5, 51.5, 19.25, 26.25, 9999.0, 1.25, 1.5, 19.75, 9999.0, 9999.0, 9999.0, 119.5, 123.25, 118.75, 102.75, 134.25
2023-04-06, 21:24:11, 131.5, 51.5, 19.25, 26.25, 9999.0, 1.25, 1.5, 19.75, 9999.0, 9999.0, 9999.0, 119.5, 123.25, 118.75, 102.75, 134.25
2023-04-06, 21:24:15, 131.5, 51.5, 19.0, 26.5, 9999.0, 1.0, 1.5, 19.75, 9999.0, 9999.0, 9999.0, 119.5, 123.25, 118.75, 102.75, 134.25
2023-04-06, 21:24:19, 131.5, 51.5, 19.0, 26.25, 9999.0, 1.5, 1.5, 19.75, 9999.0, 9999.0, 9999.0, 119.5, 123.25, 118.75, 102.75, 134.25
2023-04-06, 21:24:23, 131.5, 51.5, 19.25, 26.25, 9999.0, 1.25, 1.5, 19.75, 9999.0, 9999.0, 9999.0, 119.5, 123.25, 118.75, 102.75, 134.25
2023-04-06, 21:24:27, 131.5, 51.5, 19.25, 26.25, 9999.0, 1.25, 1.5, 19.75, 9999.0, 9999.0, 9999.0, 119.25, 123.25, 118.75, 102.75, 134.25
2023-04-06, 21:24:31, 131.5, 51.5, 19.25, 26.0, 9999.0, 1.5, 1.5, 19.75, 9999.0, 9999.0, 9999.0, 119.25, 123.25, 118.75, 102.75, 134.25
2023-04-06, 21:24:35, 131.5, 51.5, 19.25, 26.0, 9999.0, 1.5, 1.5, 19.75, 9999.0, 9999.0, 9999.0, 119.25, 123.25, 118.75, 102.75, 134.25
2023-04-06, 21:24:39, 131.5, 51.5, 19.25, 25.75, 9999.0, 1.5, 1.5, 19.75, 9999.0, 9999.0, 9999.0, 120.0, 123.25, 118.75, 102.75, 134.25
2023-04-06, 21:24:43, 131.5, 51.5, 19.0, 26.0, 9999.0, 1.25, 1.5, 19.75, 9999.0, 9999.0, 9999.0, 120.0, 123.25, 118.75, 102.75, 134.0
2023-04-06, 21:24:47, 131.5, 51.5, 19.25, 26.0, 9999.0, 1.25, 1.5, 19.75, 9999.0, 9999.0, 9999.0, 120.0, 123.25, 118.75, 102.75, 134.25
2023-04-06, 21:24:51, 131.5, 51.5, 19.25, 26.0, 9999.0, 1.25, 1.5, 19.75, 9999.0, 9999.0, 9999.0, 119.75, 123.25, 118.75, 102.75, 134.25
2023-04-06, 21:24:55, 131.5, 51.5, 19.25, 26.0, 9999.0, 1.25, 1.5, 19.75, 9999.0, 9999.0, 9999.0, 119.75, 123.25, 118.75, 102.75, 134.25
2023-04-06, 21:25:00, 131.5, 51.5, 19.25, 26.0, 9999.0, 1.25, 1.5, 19.75, 9999.0, 9999.0, 9999.0, 119.75, 123.25, 118.75, 102.75, 134.25
2023-04-06, 21:25:04, 131.5, 51.5, 19.25, 26.0, 9999.0, 1.25, 1.5, 19.75, 9999.0, 9999.0, 9999.0, 119.75, 123.25, 118.75, 102.75, 134.0
2023-04-06, 21:25:08, 131.5, 51.5, 19.25, 26.25, 9999.0, 1.25, 1.5, 19.75, 9999.0, 9999.0, 9999.0, 119.75, 123.25, 118.75, 102.75, 134.25
2023-04-06, 21:25:12, 131.5, 51.5, 19.25, 26.25, 9999.0, 1.25, 1.5, 19.75, 9999.0, 9999.0, 9999.0, 119.75, 123.25, 118.75, 102.75, 134.25
2023-04-06, 21:25:16, 131.5, 51.5, 19.25, 26.25, 9999.0, 1.25, 1.5, 19.75, 9999.0, 9999.0, 9999.0, 119.75, 123.25, 118.75, 102.75, 134.25
2023-04-06, 21:25:20, 131.5, 51.5, 19.25, 26.25, 9999.0, 1.25, 1.5, 19.75, 9999.0, 9999.0, 9999.0, 119.75, 123.25, 118.75, 102.75, 134.25
2023-04-06, 21:25:24, 131.5, 51.5, 19.25, 26.5, 9999.0, 1.25, 1.5, 19.75, 9999.0, 9999.0, 9999.0, 119.5, 123.25, 118.75, 102.75, 134.25
2023-04-06, 21:25:28, 131.5, 51.5, 19.25, 26.5, 9999.0, 1.25, 1.5, 19.75, 9999.0, 9999.0, 9999.0, 119.5, 123.25, 118.75, 102.75, 134.25
2023-04-06, 21:25:32, 131.5, 51.5, 19.25, 26.5, 9999.0, 1.25, 1.5, 19.75, 9999.0, 9999.0, 9999.0, 119.5, 123.25, 118.75, 102.75, 134.25
2023-04-06, 21:25:36, 131.5, 51.5, 19.25, 26.25, 9999.0, 1.0, 1.5, 19.75, 9999.0, 9999.0, 9999.0, 119.5, 123.25, 118.75, 102.75, 134.25
2023-04-06, 21:25:40, 131.5, 51.5, 19.0, 26.25, 9999.0, 1.0, 1.5, 19.75, 9999.0, 9999.0, 9999.0, 119.5, 123.25, 118.75, 102.75, 134.25
2023-04-06, 21:25:44, 131.5, 51.5, 19.25, 26.25, 9999.0, 1.25, 1.5, 19.75, 9999.0, 9999.0, 9999.0, 119.5, 123.25, 118.75, 102.75, 134.25
2023-04-06, 21:25:48, 131.5, 51.5, 19.25, 26.25, 9999.0, 1.25, 1.5, 19.75, 9999.0, 9999.0, 9999.0, 119.5, 123.25, 118.75, 102.75, 134.25
2023-04-06, 21:25:52, 131.5, 51.5, 19.25, 26.0, 9999.0, 1.25, 1.5, 19.75, 9999.0, 9999.0, 9999.0, 119.5, 123.25, 118.75, 102.75, 134.25
2023-04-06, 21:25:56, 131.5, 51.5, 19.25, 26.0, 9999.0, 1.5, 1.5, 19.75, 9999.0, 9999.0, 9999.0, 119.25, 123.25, 118.75, 102.75, 134.25
2023-04-06, 21:26:00, 131.5, 51.5, 19.25, 26.0, 9999.0, 1.5, 1.5, 19.75, 9999.0, 9999.0, 9999.0, 120.0, 123.25, 118.75, 102.75, 134.25
2023-04-06, 21:26:04, 131.5, 51.5, 19.25, 26.0, 9999.0, 1.5, 1.5, 19.75, 9999.0, 9999.0, 9999.0, 120.0, 123.25, 118.75, 102.75, 134.25
2023-04-06, 21:26:08, 131.5, 51.5, 19.25, 26.25, 9999.0, 1.25, 1.5, 19.75, 9999.0, 9999.0, 9999.0, 120.0, 123.25, 118.75, 102.75, 134.25
2023-04-06, 21:26:12, 131.5, 51.5, 19.25, 26.5, 9999.0, 1.25, 1.5, 19.75, 9999.0, 9999.0, 9999.0, 119.75, 123.25, 118.75, 102.75, 134.25
2023-04-06, 21:26:16, 131.5, 51.5, 19.25, 26.25, 9999.0, 1.25, 1.5, 19.75, 9999.0, 9999.0, 9999.0, 119.75, 123.25, 118.75, 102.75, 134.25
2023-04-06, 21:26:20, 131.5, 51.5, 19.0, 26.25, 9999.0, 1.25, 1.5, 19.75, 9999.0, 9999.0, 9999.0, 119.75, 123.25, 118.75, 102.75, 134.25
2023-04-06, 21:26:24, 131.5, 51.5, 19.0, 26.25, 9999.0, 1.25, 1.5, 19.75, 9999.0, 9999.0, 9999.0, 119.75, 123.25, 118.75, 102.75, 134.25
2023-04-06, 21:26:28, 131.5, 51.5, 19.0, 26.25, 9999.0, 1.25, 1.5, 19.75, 9999.0, 9999.0, 9999.0, 119.75, 123.0, 118.75, 102.75, 134.25
2023-04-06, 21:26:32, 131.5, 51.5, 19.25, 26.25, 9999.0, 1.25, 1.5, 19.5, 9999.0, 9999.0, 9999.0, 119.75, 123.25, 118.75, 102.75, 134.25
2023-04-06, 21:26:36, 131.5, 51.5, 19.0, 26.25, 9999.0, 1.25, 1.5, 19.75, 9999.0, 9999.0, 9999.0, 119.75, 123.5, 118.75, 102.75, 134.25
2023-04-06, 21:26:40, 131.5, 51.5, 19.25, 26.25, 9999.0, 1.25, 1.5, 19.75, 9999.0, 9999.0, 9999.0, 119.75, 123.25, 118.75, 102.75, 134.25
2023-04-06, 21:26:44, 131.5, 51.5, 19.25, 26.5, 9999.0, 1.25, 1.5, 19.75, 9999.0, 9999.0, 9999.0, 119.5, 123.25, 118.75, 102.75, 134.25
2023-04-06, 21:26:48, 131.5, 51.5, 19.25, 26.5, 9999.0, 1.25, 1.5, 19.75, 9999.0, 9999.0, 9999.0, 119.5, 123.25, 118.75, 102.75, 134.25
2023-04-06, 21:26:52, 131.5, 51.5, 19.25, 26.25, 9999.0, 1.25, 1.5, 19.75, 9999.0, 9999.0, 9999.0, 119.5, 123.25, 118.75, 102.75, 134.25
2023-04-06, 21:26:56, 131.5, 51.5, 19.25, 26.0, 9999.0, 1.25, 1.5, 19.75, 9999.0, 9999.0, 9999.0, 119.5, 123.25, 118.75, 102.75, 134.25
2023-04-06, 21:27:00, 131.5, 51.5, 19.25, 26.0, 9999.0, 1.25, 1.5, 19.75, 9999.0, 9999.0, 9999.0, 119.5, 123.25, 118.75, 102.75, 134.25
2023-04-06, 21:27:04, 131.5, 51.5, 19.25, 26.25, 9999.0, 1.0, 1.5, 19.75, 9999.0, 9999.0, 9999.0, 119.25, 123.25, 119.0, 102.75, 134.25
2023-04-06, 21:27:08, 131.5, 51.5, 19.0, 26.25, 9999.0, 1.25, 1.25, 19.75, 9999.0, 9999.0, 9999.0, 119.5, 123.25, 119.0, 102.75, 134.25
2023-04-06, 21:27:12, 131.5, 51.5, 19.0, 26.25, 9999.0, 1.25, 1.5, 19.75, 9999.0, 9999.0, 9999.0, 119.5, 123.25, 118.75, 102.75, 134.0
2023-04-06, 21:27:16, 131.5, 51.5, 19.25, 26.25, 9999.0, 1.5, 1.5, 19.75, 9999.0, 9999.0, 9999.0, 119.5, 123.25, 119.0, 102.75, 134.25
2023-04-06, 21:27:20, 131.5, 51.5, 19.25, 26.25, 9999.0, 1.5, 1.5, 19.75, 9999.0, 9999.0, 9999.0, 119.25, 123.25, 118.75, 102.75, 134.25
2023-04-06, 21:27:24, 131.5, 51.5, 19.0, 26.25, 9999.0, 1.25, 1.5, 19.75, 9999.0, 9999.0, 9999.0, 120.0, 123.25, 118.75, 102.75, 134.25
2023-04-06, 21:27:28, 131.5, 51.5, 19.0, 26.25, 9999.0, 1.25, 1.5, 19.75, 9999.0, 9999.0, 9999.0, 120.0, 123.25, 118.75, 102.75, 134.25
2023-04-06, 21:27:32, 131.5, 51.5, 19.0, 26.0, 9999.0, 1.5, 1.5, 19.75, 9999.0, 9999.0, 9999.0, 120.0, 123.25, 118.75, 102.75, 134.25
2023-04-06, 21:27:36, 131.5, 51.75, 19.25, 26.0, 9999.0, 1.25, 1.5, 19.75, 9999.0, 9999.0, 9999.0, 119.75, 123.25, 118.75, 102.75, 134.25
2023-04-06, 21:27:40, 131.5, 51.5, 19.25, 26.25, 9999.0, 1.25, 1.5, 19.75, 9999.0, 9999.0, 9999.0, 119.75, 123.25, 118.75, 102.75, 134.25
2023-04-06, 21:27:44, 131.5, 51.5, 19.25, 26.25, 9999.0, 1.25, 1.5, 19.75, 9999.0, 9999.0, 9999.0, 119.75, 123.25, 119.0, 102.75, 134.25
2023-04-06, 21:27:48, 131.5, 51.75, 19.25, 26.25, 9999.0, 1.25, 1.5, 19.75, 9999.0, 9999.0, 9999.0, 119.75, 123.25, 118.75, 102.75, 134.25
2023-04-06, 21:27:52, 131.5, 51.75, 19.25, 26.0, 9999.0, 1.25, 1.5, 19.75, 9999.0, 9999.0, 9999.0, 119.75, 123.25, 118.75, 102.75, 134.25
2023-04-06, 21:27:56, 131.5, 51.5, 19.25, 26.0, 9999.0, 1.25, 1.5, 19.75, 9999.0, 9999.0, 9999.0, 119.75, 123.5, 118.75, 102.75, 134.25
2023-04-06, 21:28:00, 131.5, 51.5, 19.25, 26.0, 9999.0, 1.25, 1.5, 19.75, 9999.0, 9999.0, 9999.0, 119.75, 123.5, 118.75, 102.75, 134.25
2023-04-06, 21:28:04, 131.5, 51.5, 19.25, 26.25, 9999.0, 1.25, 1.5, 19.75, 9999.0, 9999.0, 9999.0, 119.5, 123.25, 118.75, 102.75, 134.25
2023-04-06, 21:28:08, 131.5, 51.5, 19.25, 26.25, 9999.0, 1.0, 1.5, 19.75, 9999.0, 9999.0, 9999.0, 119.5, 123.5, 119.0, 102.75, 134.25
2023-04-06, 21:28:12, 131.5, 51.5, 19.25, 26.25, 9999.0, 1.0, 1.5, 19.75, 9999.0, 9999.0, 9999.0, 119.5, 123.25, 118.75, 102.75, 134.25
2023-04-06, 21:28:16, 131.5, 51.5, 19.25, 26.25, 9999.0, 1.25, 1.5, 19.75, 9999.0, 9999.0, 9999.0, 119.5, 123.5, 118.75, 102.75, 134.25
2023-04-06, 21:28:20, 131.5, 51.5, 19.25, 26.25, 9999.0, 1.0, 1.5, 19.75, 9999.0, 9999.0, 9999.0, 119.5, 123.25, 118.75, 102.75, 134.25
2023-04-06, 21:28:24, 131.5, 51.5, 19.25, 26.25, 9999.0, 1.0, 1.25, 19.75, 9999.0, 9999.0, 9999.0, 119.5, 123.25, 119.0, 102.75, 134.25
2023-04-06, 21:28:28, 131.5, 51.5, 19.25, 26.25, 9999.0, 1.25, 1.25, 19.75, 9999.0, 9999.0, 9999.0, 119.5, 123.25, 118.75, 102.75, 134.25
2023-04-06, 21:28:32, 131.5, 51.5, 19.25, 26.25, 9999.0, 1.25, 1.25, 19.75, 9999.0, 9999.0, 9999.0, 119.5, 123.25, 118.75, 102.75, 134.25
2023-04-06, 21:28:36, 131.5, 51.5, 19.25, 26.25, 9999.0, 1.25, 1.5, 19.75, 9999.0, 9999.0, 9999.0, 119.5, 123.25, 118.75, 102.75, 134.25
2023-04-06, 21:28:40, 131.5, 51.5, 19.25, 26.0, 9999.0, 1.25, 1.5, 19.75, 9999.0, 9999.0, 9999.0, 119.25, 123.25, 119.0, 102.75, 134.25
2023-04-06, 21:28:44, 131.5, 51.5, 19.25, 26.25, 9999.0, 1.5, 1.5, 19.75, 9999.0, 9999.0, 9999.0, 119.25, 123.25, 118.75, 102.75, 134.25
2023-04-06, 21:28:48, 131.5, 51.5, 19.25, 26.25, 9999.0, 1.25, 1.5, 19.75, 9999.0, 9999.0, 9999.0, 120.0, 123.25, 118.75, 102.75, 134.25
2023-04-06, 21:28:52, 131.5, 51.5, 19.25, 26.25, 9999.0, 1.25, 1.5, 19.75, 9999.0, 9999.0, 9999.0, 120.0, 123.25, 118.75, 102.75, 134.25
2023-04-06, 21:28:56, 131.5, 51.5, 19.25, 26.0, 9999.0, 1.25, 1.25, 19.75, 9999.0, 9999.0, 9999.0, 120.0, 123.25, 118.75, 102.75, 134.25
2023-04-06, 21:29:00, 131.5, 51.5, 19.25, 26.25, 9999.0, 1.25, 1.5, 19.75, 9999.0, 9999.0, 9999.0, 119.75, 123.25, 118.75, 102.75, 134.25
2023-04-06, 21:29:04, 131.5, 51.5, 19.25, 26.25, 9999.0, 1.25, 1.5, 19.5, 9999.0, 9999.0, 9999.0, 119.75, 123.25, 118.75, 102.75, 134.25
2023-04-06, 21:29:08, 131.5, 51.5, 19.25, 26.25, 9999.0, 1.25, 1.5, 19.75, 9999.0, 9999.0, 9999.0, 119.75, 123.25, 118.75, 102.75, 134.25
2023-04-06, 21:29:12, 131.5, 51.5, 19.25, 26.25, 9999.0, 1.25, 1.5, 19.5, 9999.0, 9999.0, 9999.0, 119.75, 123.25, 118.75, 102.75, 134.25
2023-04-06, 21:29:16, 131.5, 51.5, 19.0, 26.25, 9999.0, 1.25, 1.5, 19.75, 9999.0, 9999.0, 9999.0, 119.75, 123.25, 118.75, 102.75, 134.25
2023-04-06, 21:29:20, 131.5, 51.5, 19.0, 26.5, 9999.0, 1.25, 1.5, 19.5, 9999.0, 9999.0, 9999.0, 119.5, 123.5, 118.75, 102.75, 134.0
2023-04-06, 21:29:24, 131.5, 51.5, 19.25, 26.25, 9999.0, 1.25, 1.5, 19.75, 9999.0, 9999.0, 9999.0, 119.75, 123.25, 118.75, 102.75, 134.25
2023-04-06, 21:29:29, 131.5, 51.5, 19.25, 26.25, 9999.0, 1.25, 1.5, 19.75, 9999.0, 9999.0, 9999.0, 119.5, 123.25, 118.75, 102.75, 134.25
2023-04-06, 21:29:33, 131.5, 51.5, 19.25, 26.25, 9999.0, 1.0, 1.5, 19.75, 9999.0, 9999.0, 9999.0, 119.5, 123.25, 118.75, 102.75, 134.25
2023-04-06, 21:29:37, 131.5, 51.5, 19.25, 26.25, 9999.0, 1.25, 1.5, 19.75, 9999.0, 9999.0, 9999.0, 119.5, 123.25, 119.0, 102.75, 134.25
2023-04-06, 21:29:41, 131.5, 51.5, 19.25, 26.25, 9999.0, 1.0, 1.5, 19.75, 9999.0, 9999.0, 9999.0, 119.5, 123.25, 118.75, 102.75, 134.25
2023-04-06, 21:29:45, 131.5, 51.75, 19.25, 26.25, 9999.0, 1.0, 1.5, 19.75, 9999.0, 9999.0, 9999.0, 119.5, 123.25, 118.75, 102.75, 134.25
2023-04-06, 21:29:49, 131.5, 51.5, 19.25, 26.25, 9999.0, 1.25, 1.5, 19.75, 9999.0, 9999.0, 9999.0, 119.25, 123.25, 118.75, 102.75, 134.0
2023-04-06, 21:29:53, 131.5, 51.5, 19.25, 26.25, 9999.0, 1.25, 1.5, 19.75, 9999.0, 9999.0, 9999.0, 119.25, 123.25, 118.75, 102.75, 134.25
2023-04-06, 21:29:57, 131.5, 51.75, 19.25, 26.25, 9999.0, 1.25, 1.25, 19.5, 9999.0, 9999.0, 9999.0, 119.25, 123.25, 118.75, 102.75, 134.25
2023-04-06, 21:30:01, 131.5, 51.5, 19.25, 26.25, 9999.0, 1.25, 1.5, 19.75, 9999.0, 9999.0, 9999.0, 119.25, 123.25, 118.75, 102.75, 134.25
2023-04-06, 21:30:05, 131.5, 51.5, 19.25, 26.0, 9999.0, 1.5, 1.5, 19.75, 9999.0, 9999.0, 9999.0, 119.5, 123.25, 118.75, 102.75, 134.25
2023-04-06, 21:30:09, 131.5, 51.5, 19.25, 26.25, 9999.0, 1.5, 1.5, 19.75, 9999.0, 9999.0, 9999.0, 120.0, 123.25, 118.75, 102.75, 134.25
2023-04-06, 21:30:13, 131.5, 51.5, 19.25, 26.25, 9999.0, 1.5, 1.5, 19.75, 9999.0, 9999.0, 9999.0, 120.0, 123.25, 118.75, 102.75, 134.25
2023-04-06, 21:30:17, 131.5, 51.5, 19.25, 26.0, 9999.0, 1.25, 1.5, 19.75, 9999.0, 9999.0, 9999.0, 120.0, 123.25, 118.75, 102.75, 134.25
2023-04-06, 21:30:21, 131.5, 51.5, 19.25, 26.25, 9999.0, 1.25, 1.5, 19.75, 9999.0, 9999.0, 9999.0, 119.75, 123.25, 118.75, 102.75, 134.25
2023-04-06, 21:30:25, 131.5, 51.5, 19.0, 26.5, 9999.0, 1.25, 1.5, 19.75, 9999.0, 9999.0, 9999.0, 119.75, 123.25, 118.75, 102.75, 134.25
2023-04-06, 21:30:29, 131.5, 51.5, 19.0, 26.5, 9999.0, 1.25, 1.5, 19.5, 9999.0, 9999.0, 9999.0, 119.75, 123.25, 119.0, 102.75, 134.25
2023-04-06, 21:30:33, 131.5, 51.75, 19.25, 26.5, 9999.0, 1.25, 1.5, 19.75, 9999.0, 9999.0, 9999.0, 119.75, 123.25, 118.75, 102.75, 134.25
2023-04-06, 21:30:37, 131.5, 51.5, 19.25, 26.5, 9999.0, 1.25, 1.5, 19.75, 9999.0, 9999.0, 9999.0, 119.75, 123.25, 118.75, 102.75, 134.25
2023-04-06, 21:30:41, 131.5, 51.5, 19.25, 26.25, 9999.0, 1.25, 1.5, 19.75, 9999.0, 9999.0, 9999.0, 119.75, 123.5, 118.75, 102.75, 134.25
2023-04-06, 21:30:45, 131.5, 51.5, 19.25, 26.25, 9999.0, 1.25, 1.5, 19.5, 9999.0, 9999.0, 9999.0, 119.75, 123.5, 118.75, 102.75, 134.25
2023-04-06, 21:30:49, 131.5, 51.5, 19.25, 26.25, 9999.0, 1.25, 1.5, 19.75, 9999.0, 9999.0, 9999.0, 119.75, 123.5, 118.75, 102.75, 134.25
2023-04-06, 21:30:53, 131.5, 51.5, 19.25, 26.25, 9999.0, 1.0, 1.5, 19.75, 9999.0, 9999.0, 9999.0, 119.5, 123.25, 118.75, 102.75, 134.25
2023-04-06, 21:30:57, 131.5, 51.5, 19.25, 26.25, 9999.0, 1.25, 1.5, 19.5, 9999.0, 9999.0, 9999.0, 119.5, 123.25, 118.75, 102.75, 134.25
2023-04-06, 21:31:01, 131.5, 51.5, 19.25, 26.25, 9999.0, 1.25, 1.5, 19.75, 9999.0, 9999.0, 9999.0, 119.5, 123.25, 118.75, 102.75, 134.25
2023-04-06, 21:31:05, 131.5, 51.5, 19.25, 26.0, 9999.0, 1.0, 1.5, 19.75, 9999.0, 9999.0, 9999.0, 119.5, 123.5, 118.75, 102.75, 134.25
2023-04-06, 21:31:09, 131.5, 51.5, 19.25, 26.0, 9999.0, 1.0, 1.25, 19.75, 9999.0, 9999.0, 9999.0, 119.5, 123.25, 119.0, 102.75, 134.25
2023-04-06, 21:31:13, 131.5, 51.5, 19.25, 26.0, 9999.0, 1.25, 1.5, 19.75, 9999.0, 9999.0, 9999.0, 119.5, 123.25, 118.75, 102.75, 134.0
2023-04-06, 21:31:17, 131.5, 51.5, 19.0, 26.25, 9999.0, 1.25, 1.5, 19.75, 9999.0, 9999.0, 9999.0, 119.25, 123.5, 118.75, 102.5, 134.25
2023-04-06, 21:31:21, 131.5, 51.5, 19.0, 26.0, 9999.0, 1.25, 1.25, 19.75, 9999.0, 9999.0, 9999.0, 119.25, 123.25, 118.75, 102.75, 134.25
2023-04-06, 21:31:25, 131.5, 51.5, 19.0, 26.25, 9999.0, 1.5, 1.5, 19.5, 9999.0, 9999.0, 9999.0, 119.25, 123.25, 118.75, 102.75, 134.25
2023-04-06, 21:31:29, 131.5, 51.5, 19.25, 26.25, 9999.0, 1.5, 1.5, 19.75, 9999.0, 9999.0, 9999.0, 119.25, 123.25, 118.75, 102.75, 134.25
2023-04-06, 21:31:33, 131.5, 51.5, 19.25, 26.25, 9999.0, 1.25, 1.5, 19.75, 9999.0, 9999.0, 9999.0, 120.0, 123.25, 118.75, 102.75, 134.25
2023-04-06, 21:31:37, 131.5, 51.5, 19.25, 26.5, 9999.0, 1.25, 1.5, 19.75, 9999.0, 9999.0, 9999.0, 120.0, 123.25, 118.75, 102.75, 134.25
2023-04-06, 21:31:41, 131.5, 51.5, 19.25, 26.5, 9999.0, 1.25, 1.5, 19.75, 9999.0, 9999.0, 9999.0, 120.0, 123.25, 118.75, 102.75, 134.25
2023-04-06, 21:31:45, 131.5, 51.5, 19.25, 26.25, 9999.0, 1.25, 1.5, 19.75, 9999.0, 9999.0, 9999.0, 119.75, 123.25, 118.75, 102.75, 134.25
2023-04-06, 21:31:49, 131.5, 51.5, 19.25, 26.25, 9999.0, 1.25, 1.5, 19.75, 9999.0, 9999.0, 9999.0, 119.75, 123.25, 118.75, 102.75, 134.25
2023-04-06, 21:31:53, 131.5, 51.5, 19.0, 26.25, 9999.0, 1.25, 1.5, 19.75, 9999.0, 9999.0, 9999.0, 119.75, 123.25, 118.75, 102.5, 134.25
2023-04-06, 21:31:57, 131.5, 51.5, 19.25, 26.25, 9999.0, 1.25, 1.5, 19.75, 9999.0, 9999.0, 9999.0, 119.75, 123.25, 118.75, 102.75, 134.25
2023-04-06, 21:32:01, 131.5, 51.5, 19.25, 26.25, 9999.0, 1.25, 1.5, 19.75, 9999.0, 9999.0, 9999.0, 119.75, 123.5, 118.75, 102.75, 134.25
2023-04-06, 21:32:05, 131.5, 51.5, 19.25, 26.5, 9999.0, 1.25, 1.5, 19.75, 9999.0, 9999.0, 9999.0, 119.75, 123.5, 118.75, 102.75, 134.25
2023-04-06, 21:32:09, 131.5, 51.5, 19.25, 26.25, 9999.0, 1.25, 1.5, 19.75, 9999.0, 9999.0, 9999.0, 119.5, 123.5, 118.75, 102.75, 134.25
2023-04-06, 21:32:13, 131.5, 51.5, 19.25, 26.25, 9999.0, 1.25, 1.5, 19.75, 9999.0, 9999.0, 9999.0, 119.75, 123.5, 118.75, 102.75, 134.25
2023-04-06, 21:32:17, 131.5, 51.5, 19.25, 26.25, 9999.0, 1.25, 1.5, 19.75, 9999.0, 9999.0, 9999.0, 119.5, 123.5, 118.75, 102.75, 134.25
2023-04-06, 21:32:21, 131.5, 51.5, 19.25, 26.0, 9999.0, 1.0, 1.25, 19.75, 9999.0, 9999.0, 9999.0, 119.5, 123.5, 118.75, 102.75, 134.25
2023-04-06, 21:32:25, 131.5, 51.5, 19.25, 26.0, 9999.0, 1.25, 1.5, 19.75, 9999.0, 9999.0, 9999.0, 119.5, 123.25, 118.75, 102.75, 134.25
2023-04-06, 21:32:29, 131.5, 51.5, 19.25, 26.25, 9999.0, 1.0, 1.25, 19.75, 9999.0, 9999.0, 9999.0, 119.5, 123.25, 118.75, 102.75, 134.25
2023-04-06, 21:32:33, 131.5, 51.5, 19.25, 26.0, 9999.0, 1.25, 1.25, 19.75, 9999.0, 9999.0, 9999.0, 119.5, 123.25, 119.0, 102.75, 134.25
2023-04-06, 21:32:37, 131.5, 51.5, 19.5, 26.25, 9999.0, 1.25, 1.5, 19.75, 9999.0, 9999.0, 9999.0, 119.5, 123.25, 118.75, 102.75, 134.25
2023-04-06, 21:32:41, 131.5, 51.5, 19.25, 26.25, 9999.0, 1.25, 1.5, 19.75, 9999.0, 9999.0, 9999.0, 119.25, 123.25, 118.75, 102.75, 134.25
2023-04-06, 21:32:45, 131.5, 51.5, 19.25, 26.25, 9999.0, 1.25, 1.5, 19.5, 9999.0, 9999.0, 9999.0, 119.25, 123.25, 118.75, 102.75, 134.25
2023-04-06, 21:32:49, 131.5, 51.5, 19.25, 26.25, 9999.0, 1.5, 1.5, 19.75, 9999.0, 9999.0, 9999.0, 119.25, 123.25, 118.75, 102.75, 134.25
2023-04-06, 21:32:53, 131.5, 51.5, 19.25, 26.25, 9999.0, 1.5, 1.5, 19.75, 9999.0, 9999.0, 9999.0, 120.0, 123.25, 118.75, 102.75, 134.25
2023-04-06, 21:32:57, 131.5, 51.5, 19.25, 26.25, 9999.0, 1.5, 1.5, 19.75, 9999.0, 9999.0, 9999.0, 120.0, 123.25, 118.75, 102.75, 134.25
2023-04-06, 21:33:01, 131.5, 51.5, 19.25, 26.0, 9999.0, 1.25, 1.5, 19.75, 9999.0, 9999.0, 9999.0, 120.0, 123.25, 118.75, 102.75, 134.25
2023-04-06, 21:33:05, 131.5, 51.5, 19.25, 26.0, 9999.0, 1.25, 1.5, 19.5, 9999.0, 9999.0, 9999.0, 120.0, 123.25, 118.75, 102.75, 134.25
2023-04-06, 21:33:09, 131.5, 51.5, 19.25, 26.25, 9999.0, 1.25, 1.5, 19.75, 9999.0, 9999.0, 9999.0, 119.75, 123.25, 118.75, 102.75, 134.25
2023-04-06, 21:33:13, 131.5, 51.5, 19.25, 26.25, 9999.0, 1.25, 1.5, 19.75, 9999.0, 9999.0, 9999.0, 119.75, 123.25, 118.75, 102.75, 134.25
2023-04-06, 21:33:17, 131.5, 51.5, 19.25, 26.25, 9999.0, 1.25, 1.5, 19.75, 9999.0, 9999.0, 9999.0, 119.75, 123.25, 118.75, 102.75, 134.25
2023-04-06, 21:33:21, 131.5, 51.5, 19.25, 26.0, 9999.0, 1.25, 1.5, 19.75, 9999.0, 9999.0, 9999.0, 119.75, 123.25, 118.75, 102.75, 134.25
2023-04-06, 21:33:25, 131.5, 51.5, 19.0, 26.25, 9999.0, 1.25, 1.5, 19.75, 9999.0, 9999.0, 9999.0, 119.75, 123.25, 118.75, 102.75, 134.25
2023-04-06, 21:33:29, 131.5, 51.5, 19.0, 26.25, 9999.0, 1.25, 1.5, 19.75, 9999.0, 9999.0, 9999.0, 119.5, 123.25, 118.75, 102.75, 134.25
2023-04-06, 21:33:33, 131.5, 51.5, 19.25, 26.25, 9999.0, 1.25, 1.5, 19.75, 9999.0, 9999.0, 9999.0, 119.5, 123.5, 118.75, 102.75, 134.25
2023-04-06, 21:33:37, 131.5, 51.5, 19.25, 26.25, 9999.0, 1.25, 1.5, 19.75, 9999.0, 9999.0, 9999.0, 119.5, 123.25, 118.75, 102.75, 134.25
2023-04-06, 21:33:41, 131.5, 51.5, 19.25, 26.25, 9999.0, 1.25, 1.5, 19.75, 9999.0, 9999.0, 9999.0, 119.75, 123.25, 118.75, 102.75, 134.25
2023-04-06, 21:33:45, 131.5, 51.5, 19.25, 26.25, 9999.0, 1.25, 1.5, 19.5, 9999.0, 9999.0, 9999.0, 119.5, 123.25, 118.75, 102.75, 134.25
2023-04-06, 21:33:49, 131.5, 51.5, 19.25, 26.25, 9999.0, 1.25, 1.5, 19.75, 9999.0, 9999.0, 9999.0, 119.5, 123.25, 118.75, 102.75, 134.25
2023-04-06, 21:33:54, 131.5, 51.5, 19.25, 26.25, 9999.0, 1.25, 1.5, 19.75, 9999.0, 9999.0, 9999.0, 119.5, 123.5, 118.75, 102.75, 134.25
2023-04-06, 21:33:58, 131.5, 51.5, 19.25, 26.25, 9999.0, 1.25, 1.5, 19.75, 9999.0, 9999.0, 9999.0, 119.5, 123.25, 118.75, 102.75, 134.25
2023-04-06, 21:34:02, 131.5, 51.5, 19.25, 26.25, 9999.0, 1.25, 1.5, 19.75, 9999.0, 9999.0, 9999.0, 119.25, 123.25, 118.75, 102.75, 134.25
2023-04-06, 21:34:06, 131.5, 51.5, 19.25, 26.25, 9999.0, 1.25, 1.5, 19.5, 9999.0, 9999.0, 9999.0, 119.25, 123.25, 118.75, 102.75, 134.25
2023-04-06, 21:34:10, 131.5, 51.5, 19.25, 26.25, 9999.0, 1.5, 1.5, 19.75, 9999.0, 9999.0, 9999.0, 119.25, 123.25, 118.75, 102.75, 134.25
2023-04-06, 21:34:14, 131.5, 51.5, 19.25, 26.25, 9999.0, 1.5, 1.5, 19.75, 9999.0, 9999.0, 9999.0, 119.25, 123.25, 118.75, 102.75, 134.25
2023-04-06, 21:34:18, 131.5, 51.5, 19.25, 26.0, 9999.0, 1.5, 1.5, 19.75, 9999.0, 9999.0, 9999.0, 120.0, 123.25, 118.75, 102.75, 134.25
2023-04-06, 21:34:22, 131.5, 51.5, 19.25, 26.25, 9999.0, 1.5, 1.5, 19.75, 9999.0, 9999.0, 9999.0, 120.0, 123.25, 118.75, 102.75, 134.25
2023-04-06, 21:34:26, 131.5, 51.5, 19.25, 26.25, 9999.0, 1.5, 1.5, 19.75, 9999.0, 9999.0, 9999.0, 120.0, 123.25, 118.75, 102.75, 134.25
2023-04-06, 21:34:30, 131.5, 51.5, 19.0, 26.5, 9999.0, 1.25, 1.5, 19.75, 9999.0, 9999.0, 9999.0, 120.0, 123.25, 118.75, 102.75, 134.25
2023-04-06, 21:34:34, 131.5, 51.5, 19.0, 26.25, 9999.0, 1.25, 1.5, 19.75, 9999.0, 9999.0, 9999.0, 120.0, 123.25, 118.75, 102.75, 134.25
2023-04-06, 21:34:38, 131.5, 51.5, 19.25, 26.25, 9999.0, 1.25, 1.5, 19.75, 9999.0, 9999.0, 9999.0, 119.75, 123.25, 118.75, 102.75, 134.25
2023-04-06, 21:34:42, 131.5, 51.5, 19.25, 26.25, 9999.0, 1.25, 1.5, 19.75, 9999.0, 9999.0, 9999.0, 119.75, 123.25, 118.75, 102.75, 134.25
2023-04-06, 21:34:46, 131.5, 51.5, 19.25, 26.25, 9999.0, 1.25, 1.5, 19.75, 9999.0, 9999.0, 9999.0, 119.75, 123.25, 118.75, 102.75, 134.25
2023-04-06, 21:34:50, 131.5, 51.5, 19.25, 26.5, 9999.0, 1.25, 1.5, 19.75, 9999.0, 9999.0, 9999.0, 119.75, 123.5, 118.75, 102.75, 134.25
2023-04-06, 21:34:54, 131.5, 51.5, 19.25, 26.25, 9999.0, 1.25, 1.5, 19.75, 9999.0, 9999.0, 9999.0, 119.75, 123.5, 118.75, 102.75, 134.25
2023-04-06, 21:34:58, 131.5, 51.5, 19.25, 26.25, 9999.0, 1.25, 1.5, 19.75, 9999.0, 9999.0, 9999.0, 119.75, 123.5, 118.75, 102.75, 134.25
2023-04-06, 21:35:02, 131.5, 51.5, 19.25, 26.25, 9999.0, 1.25, 1.5, 19.75, 9999.0, 9999.0, 9999.0, 119.5, 123.25, 118.75, 102.75, 134.25
2023-04-06, 21:35:06, 131.5, 51.75, 19.25, 26.25, 9999.0, 1.25, 1.5, 19.75, 9999.0, 9999.0, 9999.0, 119.5, 123.5, 118.75, 102.75, 134.25
2023-04-06, 21:35:10, 131.5, 51.75, 19.25, 26.25, 9999.0, 1.25, 1.5, 19.75, 9999.0, 9999.0, 9999.0, 119.5, 123.25, 118.75, 102.75, 134.25
2023-04-06, 21:35:14, 131.5, 51.75, 19.0, 26.25, 9999.0, 1.25, 1.5, 19.75, 9999.0, 9999.0, 9999.0, 119.5, 123.5, 118.75, 102.75, 134.25
2023-04-06, 21:35:18, 131.5, 51.75, 19.25, 26.25, 9999.0, 1.25, 1.5, 19.75, 9999.0, 9999.0, 9999.0, 119.5, 123.25, 118.75, 102.75, 134.25
2023-04-06, 21:35:22, 131.5, 51.5, 19.25, 26.25, 9999.0, 1.25, 1.5, 19.75, 9999.0, 9999.0, 9999.0, 119.5, 123.25, 118.75, 102.75, 134.25
2023-04-06, 21:35:26, 131.5, 51.5, 19.25, 26.25, 9999.0, 1.25, 1.5, 19.75, 9999.0, 9999.0, 9999.0, 119.25, 123.25, 118.75, 102.75, 134.25
2023-04-06, 21:35:30, 131.5, 51.5, 19.25, 26.25, 9999.0, 1.5, 1.5, 19.75, 9999.0, 9999.0, 9999.0, 119.25, 123.25, 118.75, 102.75, 134.25
2023-04-06, 21:35:34, 131.5, 51.5, 19.25, 26.25, 9999.0, 1.5, 1.5, 19.75, 9999.0, 9999.0, 9999.0, 119.25, 123.25, 118.75, 102.75, 134.25
2023-04-06, 21:35:38, 131.5, 51.5, 19.25, 26.25, 9999.0, 1.5, 1.5, 19.75, 9999.0, 9999.0, 9999.0, 120.0, 123.25, 118.75, 102.75, 134.25
2023-04-06, 21:35:42, 131.5, 51.75, 19.25, 26.25, 9999.0, 1.5, 1.5, 19.75, 9999.0, 9999.0, 9999.0, 120.0, 123.25, 118.75, 102.75, 134.25
2023-04-06, 21:35:46, 131.5, 51.5, 19.25, 26.25, 9999.0, 1.5, 1.5, 19.75, 9999.0, 9999.0, 9999.0, 120.0, 123.25, 118.75, 102.75, 134.25
2023-04-06, 21:35:50, 131.5, 51.5, 19.25, 26.25, 9999.0, 1.5, 1.5, 19.75, 9999.0, 9999.0, 9999.0, 120.0, 123.25, 118.75, 102.75, 134.25
2023-04-06, 21:35:54, 131.5, 51.5, 19.25, 26.25, 9999.0, 1.5, 1.5, 19.75, 9999.0, 9999.0, 9999.0, 119.75, 123.25, 118.75, 102.75, 134.25
2023-04-06, 21:35:58, 131.5, 51.5, 19.25, 26.5, 9999.0, 1.25, 1.5, 19.75, 9999.0, 9999.0, 9999.0, 119.75, 123.25, 118.75, 102.75, 134.25
2023-04-06, 21:36:02, 131.5, 51.5, 19.25, 26.25, 9999.0, 1.25, 1.5, 19.75, 9999.0, 9999.0, 9999.0, 119.75, 123.25, 118.75, 102.75, 134.25
2023-04-06, 21:36:06, 131.5, 51.75, 19.25, 26.25, 9999.0, 1.25, 1.5, 19.75, 9999.0, 9999.0, 9999.0, 119.75, 123.25, 118.75, 102.75, 134.25
2023-04-06, 21:36:10, 131.75, 51.75, 19.25, 26.25, 9999.0, 1.25, 1.5, 19.75, 9999.0, 9999.0, 9999.0, 119.75, 123.5, 118.75, 102.75, 134.25
2023-04-06, 21:36:14, 131.5, 51.75, 19.25, 26.5, 9999.0, 1.25, 1.5, 19.75, 9999.0, 9999.0, 9999.0, 119.75, 123.5, 118.75, 102.75, 134.25
2023-04-06, 21:36:18, 131.5, 51.75, 19.25, 26.5, 9999.0, 1.25, 1.5, 19.75, 9999.0, 9999.0, 9999.0, 119.75, 123.5, 118.75, 102.75, 134.25
2023-04-06, 21:36:22, 131.5, 51.75, 19.25, 26.5, 9999.0, 1.25, 1.5, 19.75, 9999.0, 9999.0, 9999.0, 119.75, 123.5, 118.75, 103.0, 134.25
2023-04-06, 21:36:26, 131.75, 51.75, 19.0, 26.25, 9999.0, 1.25, 1.5, 19.75, 9999.0, 9999.0, 9999.0, 119.5, 123.5, 118.75, 102.75, 134.25
2023-04-06, 21:36:30, 131.5, 51.75, 19.0, 26.25, 9999.0, 1.25, 1.5, 19.75, 9999.0, 9999.0, 9999.0, 119.5, 123.5, 118.75, 102.75, 134.25
2023-04-06, 21:36:34, 131.75, 51.5, 19.25, 26.5, 9999.0, 1.25, 1.5, 19.75, 9999.0, 9999.0, 9999.0, 119.75, 123.25, 118.75, 102.75, 134.25
2023-04-06, 21:36:38, 131.75, 51.75, 19.25, 26.5, 9999.0, 1.25, 1.5, 19.75, 9999.0, 9999.0, 9999.0, 119.25, 123.25, 118.75, 102.75, 134.25
2023-04-06, 21:36:42, 131.5, 51.75, 19.25, 26.25, 9999.0, 1.25, 1.5, 19.75, 9999.0, 9999.0, 9999.0, 119.5, 123.5, 118.75, 102.75, 134.25
2023-04-06, 21:36:46, 131.75, 51.75, 19.25, 26.25, 9999.0, 1.25, 1.5, 19.75, 9999.0, 9999.0, 9999.0, 119.25, 123.5, 118.75, 102.75, 134.25
2023-04-06, 21:36:50, 131.5, 51.75, 19.25, 26.25, 9999.0, 1.25, 1.5, 19.75, 9999.0, 9999.0, 9999.0, 119.25, 123.25, 118.75, 102.75, 134.25
2023-04-06, 21:36:54, 131.75, 51.75, 19.0, 26.5, 9999.0, 1.5, 1.5, 19.75, 9999.0, 9999.0, 9999.0, 119.5, 123.25, 118.75, 102.75, 134.25
2023-04-06, 21:36:58, 131.75, 51.75, 19.25, 26.5, 9999.0, 1.5, 1.5, 19.75, 9999.0, 9999.0, 9999.0, 119.25, 123.5, 118.75, 102.75, 134.25
2023-04-06, 21:37:02, 131.75, 51.5, 19.25, 26.5, 9999.0, 1.5, 1.5, 19.75, 9999.0, 9999.0, 9999.0, 120.0, 123.25, 118.75, 102.75, 134.25
2023-04-06, 21:37:06, 131.5, 51.5, 19.25, 26.5, 9999.0, 1.5, 1.5, 19.75, 9999.0, 9999.0, 9999.0, 120.0, 123.25, 119.0, 102.75, 134.25
2023-04-06, 21:37:10, 131.5, 51.5, 19.25, 26.5, 9999.0, 1.5, 1.5, 19.75, 9999.0, 9999.0, 9999.0, 120.0, 123.25, 118.75, 102.75, 134.25
2023-04-06, 21:37:14, 131.5, 51.5, 19.25, 26.25, 9999.0, 1.25, 1.5, 19.75, 9999.0, 9999.0, 9999.0, 120.0, 123.25, 118.75, 102.75, 134.25
2023-04-06, 21:37:18, 131.5, 51.5, 19.5, 26.5, 9999.0, 1.25, 1.5, 19.75, 9999.0, 9999.0, 9999.0, 119.75, 123.25, 118.75, 102.75, 134.25
2023-04-06, 21:37:22, 131.75, 51.75, 19.25, 26.25, 9999.0, 1.25, 1.5, 19.75, 9999.0, 9999.0, 9999.0, 119.75, 123.25, 118.75, 102.75, 134.25
2023-04-06, 21:37:26, 131.5, 51.5, 19.25, 26.25, 9999.0, 1.5, 1.75, 19.75, 9999.0, 9999.0, 9999.0, 119.75, 123.25, 118.75, 102.75, 134.25
2023-04-06, 21:37:30, 131.75, 51.75, 19.25, 26.25, 9999.0, 1.25, 1.5, 19.75, 9999.0, 9999.0, 9999.0, 119.75, 123.5, 118.75, 102.75, 134.25
2023-04-06, 21:37:34, 131.5, 51.5, 19.25, 26.5, 9999.0, 1.25, 1.5, 19.75, 9999.0, 9999.0, 9999.0, 119.75, 123.5, 118.75, 102.75, 134.25
2023-04-06, 21:37:38, 131.75, 51.5, 19.25, 26.25, 9999.0, 1.25, 1.5, 19.75, 9999.0, 9999.0, 9999.0, 119.75, 123.5, 118.75, 102.75, 134.5
2023-04-06, 21:37:42, 131.5, 51.75, 19.25, 26.25, 9999.0, 1.25, 1.5, 19.75, 9999.0, 9999.0, 9999.0, 119.75, 123.5, 119.0, 102.75, 134.25
2023-04-06, 21:37:46, 131.5, 51.5, 19.25, 26.25, 9999.0, 1.25, 1.5, 19.75, 9999.0, 9999.0, 9999.0, 119.75, 123.5, 118.75, 102.75, 134.25
2023-04-06, 21:37:50, 131.5, 51.5, 19.25, 26.25, 9999.0, 1.25, 1.5, 19.75, 9999.0, 9999.0, 9999.0, 119.5, 123.5, 118.75, 102.75, 134.25
2023-04-06, 21:37:54, 131.75, 51.5, 19.25, 26.25, 9999.0, 1.25, 1.5, 19.75, 9999.0, 9999.0, 9999.0, 119.5, 123.5, 118.75, 102.75, 134.25
2023-04-06, 21:37:58, 131.5, 51.5, 19.25, 26.25, 9999.0, 1.25, 1.5, 19.75, 9999.0, 9999.0, 9999.0, 119.5, 123.25, 118.75, 103.0, 134.25
2023-04-06, 21:38:02, 131.75, 51.75, 19.25, 26.0, 9999.0, 1.25, 1.5, 19.75, 9999.0, 9999.0, 9999.0, 119.5, 123.25, 118.75, 102.75, 134.25
2023-04-06, 21:38:06, 131.5, 51.5, 19.25, 26.25, 9999.0, 1.25, 1.5, 19.75, 9999.0, 9999.0, 9999.0, 119.5, 123.25, 118.75, 102.75, 134.25
2023-04-06, 21:38:10, 131.5, 51.5, 19.25, 26.25, 9999.0, 1.25, 1.5, 19.75, 9999.0, 9999.0, 9999.0, 119.25, 123.5, 118.75, 102.75, 134.25
2023-04-06, 21:38:14, 131.75, 51.75, 19.25, 26.25, 9999.0, 1.25, 1.5, 19.75, 9999.0, 9999.0, 9999.0, 119.5, 123.25, 118.75, 102.75, 134.25
2023-04-06, 21:38:19, 131.5, 51.75, 19.25, 26.5, 9999.0, 1.5, 1.5, 19.75, 9999.0, 9999.0, 9999.0, 119.5, 123.25, 118.75, 102.75, 134.25
2023-04-06, 21:38:23, 131.5, 51.5, 19.25, 26.25, 9999.0, 1.5, 1.5, 19.75, 9999.0, 9999.0, 9999.0, 120.25, 123.25, 118.75, 102.75, 134.25
2023-04-06, 21:38:27, 131.5, 51.5, 19.25, 26.0, 9999.0, 1.5, 1.5, 19.75, 9999.0, 9999.0, 9999.0, 120.0, 123.25, 118.75, 102.75, 134.25
2023-04-06, 21:38:31, 131.75, 51.5, 19.25, 26.0, 9999.0, 1.5, 1.5, 19.75, 9999.0, 9999.0, 9999.0, 120.0, 123.25, 118.75, 102.75, 134.25
2023-04-06, 21:38:35, 131.5, 51.75, 19.25, 26.25, 9999.0, 1.25, 1.5, 19.75, 9999.0, 9999.0, 9999.0, 120.0, 123.25, 118.75, 102.75, 134.25
2023-04-06, 21:38:39, 131.5, 51.5, 19.25, 26.25, 9999.0, 1.5, 1.5, 19.75, 9999.0, 9999.0, 9999.0, 119.75, 123.25, 118.75, 102.75, 134.25
2023-04-06, 21:38:43, 131.75, 51.5, 19.25, 26.25, 9999.0, 1.25, 1.5, 19.75, 9999.0, 9999.0, 9999.0, 119.75, 123.25, 118.75, 102.75, 134.25
2023-04-06, 21:38:47, 131.5, 51.75, 19.25, 26.25, 9999.0, 1.25, 1.5, 19.75, 9999.0, 9999.0, 9999.0, 119.75, 123.25, 118.75, 102.75, 134.25
2023-04-06, 21:38:51, 131.5, 51.75, 19.0, 26.5, 9999.0, 1.25, 1.5, 19.75, 9999.0, 9999.0, 9999.0, 119.75, 123.25, 118.75, 102.75, 134.25
2023-04-06, 21:38:55, 131.5, 51.5, 19.25, 26.25, 9999.0, 1.25, 1.5, 19.75, 9999.0, 9999.0, 9999.0, 119.75, 123.5, 118.75, 102.75, 134.25
2023-04-06, 21:38:59, 131.75, 51.5, 19.25, 26.25, 9999.0, 1.25, 1.5, 19.75, 9999.0, 9999.0, 9999.0, 119.75, 123.5, 118.75, 102.75, 134.25
2023-04-06, 21:39:03, 131.5, 51.75, 19.0, 26.25, 9999.0, 1.25, 1.5, 19.75, 9999.0, 9999.0, 9999.0, 119.75, 123.5, 118.75, 102.75, 134.25
2023-04-06, 21:39:07, 131.5, 51.5, 19.0, 26.25, 9999.0, 1.25, 1.5, 19.75, 9999.0, 9999.0, 9999.0, 119.75, 123.25, 118.75, 102.75, 134.25
2023-04-06, 21:39:11, 131.5, 51.5, 19.25, 26.25, 9999.0, 1.25, 1.5, 19.75, 9999.0, 9999.0, 9999.0, 119.5, 123.25, 118.75, 102.75, 134.25
2023-04-06, 21:39:15, 131.5, 51.5, 19.0, 26.5, 9999.0, 1.25, 1.5, 19.75, 9999.0, 9999.0, 9999.0, 119.5, 123.25, 118.75, 102.75, 134.25
2023-04-06, 21:39:19, 131.5, 51.5, 19.25, 26.5, 9999.0, 1.25, 1.5, 19.75, 9999.0, 9999.0, 9999.0, 119.5, 123.25, 118.75, 102.75, 134.25
2023-04-06, 21:39:23, 131.5, 51.5, 19.0, 26.5, 9999.0, 1.25, 1.5, 19.75, 9999.0, 9999.0, 9999.0, 119.5, 123.25, 118.75, 102.75, 134.25
2023-04-06, 21:39:27, 131.5, 51.75, 19.0, 26.5, 9999.0, 1.25, 1.5, 19.75, 9999.0, 9999.0, 9999.0, 119.5, 123.5, 118.75, 102.75, 134.25
2023-04-06, 21:39:31, 131.5, 51.75, 19.0, 26.5, 9999.0, 1.25, 1.5, 19.75, 9999.0, 9999.0, 9999.0, 119.5, 123.25, 118.75, 102.75, 134.25
2023-04-06, 21:39:35, 131.5, 51.75, 19.25, 26.5, 9999.0, 1.25, 1.5, 19.75, 9999.0, 9999.0, 9999.0, 119.5, 123.25, 119.0, 102.75, 134.25
2023-04-06, 21:39:39, 131.5, 51.5, 19.25, 26.25, 9999.0, 1.5, 1.5, 19.75, 9999.0, 9999.0, 9999.0, 119.25, 123.25, 118.75, 102.75, 134.25
2023-04-06, 21:39:43, 131.5, 51.5, 19.25, 26.25, 9999.0, 1.5, 1.5, 19.75, 9999.0, 9999.0, 9999.0, 120.25, 123.25, 118.75, 102.75, 134.25
2023-04-06, 21:39:47, 131.5, 51.5, 19.25, 26.25, 9999.0, 1.5, 1.5, 19.75, 9999.0, 9999.0, 9999.0, 120.0, 123.25, 118.75, 102.75, 134.25
2023-04-06, 21:39:51, 131.5, 51.5, 19.25, 26.25, 9999.0, 1.25, 1.5, 19.75, 9999.0, 9999.0, 9999.0, 120.0, 123.25, 118.75, 102.75, 134.25
2023-04-06, 21:39:55, 131.5, 51.5, 19.25, 26.25, 9999.0, 1.5, 1.5, 19.75, 9999.0, 9999.0, 9999.0, 120.0, 123.25, 118.75, 102.75, 134.25
2023-04-06, 21:39:59, 131.5, 51.5, 19.25, 26.25, 9999.0, 1.25, 1.5, 19.75, 9999.0, 9999.0, 9999.0, 119.75, 123.25, 118.75, 102.75, 134.25
2023-04-06, 21:40:03, 131.75, 51.5, 19.25, 26.25, 9999.0, 1.25, 1.5, 19.75, 9999.0, 9999.0, 9999.0, 119.75, 123.25, 118.75, 102.75, 134.25
2023-04-06, 21:40:07, 131.5, 51.5, 19.0, 26.25, 9999.0, 1.25, 1.5, 19.75, 9999.0, 9999.0, 9999.0, 119.75, 123.25, 118.75, 102.75, 134.25
2023-04-06, 21:40:11, 131.5, 51.5, 19.25, 26.25, 9999.0, 1.25, 1.5, 19.75, 9999.0, 9999.0, 9999.0, 119.75, 123.25, 118.75, 102.75, 134.25
2023-04-06, 21:40:15, 131.5, 51.5, 19.25, 26.0, 9999.0, 1.25, 1.5, 19.75, 9999.0, 9999.0, 9999.0, 119.75, 123.5, 118.75, 102.75, 134.25
2023-04-06, 21:40:19, 131.5, 51.5, 19.25, 26.0, 9999.0, 1.25, 1.5, 19.75, 9999.0, 9999.0, 9999.0, 119.75, 123.5, 118.75, 102.75, 134.25
2023-04-06, 21:40:23, 131.5, 51.5, 19.25, 26.25, 9999.0, 1.25, 1.5, 19.75, 9999.0, 9999.0, 9999.0, 119.75, 123.5, 118.75, 102.75, 134.25
2023-04-06, 21:40:27, 131.5, 51.5, 19.25, 26.25, 9999.0, 1.25, 1.5, 19.75, 9999.0, 9999.0, 9999.0, 119.75, 123.25, 118.75, 102.75, 134.25
2023-04-06, 21:40:31, 131.5, 51.5, 19.25, 26.25, 9999.0, 1.0, 1.5, 19.75, 9999.0, 9999.0, 9999.0, 119.5, 123.25, 118.75, 102.75, 134.0
2023-04-06, 21:40:35, 131.5, 51.5, 19.0, 26.25, 9999.0, 1.0, 1.25, 19.75, 9999.0, 9999.0, 9999.0, 119.5, 123.25, 118.75, 102.75, 134.25
2023-04-06, 21:40:39, 131.5, 51.5, 19.25, 26.25, 9999.0, 1.25, 1.5, 19.75, 9999.0, 9999.0, 9999.0, 119.5, 123.25, 118.75, 102.75, 134.25
2023-04-06, 21:40:43, 131.5, 51.75, 19.25, 26.25, 9999.0, 1.0, 1.5, 19.75, 9999.0, 9999.0, 9999.0, 119.5, 123.25, 118.75, 102.75, 134.25
2023-04-06, 21:40:47, 131.5, 51.5, 19.0, 26.25, 9999.0, 1.25, 1.5, 19.75, 9999.0, 9999.0, 9999.0, 119.5, 123.25, 118.75, 102.75, 134.25
2023-04-06, 21:40:51, 131.5, 51.5, 19.0, 26.25, 9999.0, 1.25, 1.5, 19.75, 9999.0, 9999.0, 9999.0, 119.25, 123.25, 118.75, 102.75, 134.25
2023-04-06, 21:40:55, 131.5, 51.5, 19.0, 26.25, 9999.0, 1.25, 1.5, 19.75, 9999.0, 9999.0, 9999.0, 119.5, 123.25, 118.75, 102.75, 134.25
2023-04-06, 21:40:59, 131.5, 51.5, 19.25, 26.5, 9999.0, 1.5, 1.5, 19.75, 9999.0, 9999.0, 9999.0, 119.25, 123.25, 118.75, 102.75, 134.25
2023-04-06, 21:41:03, 131.5, 51.5, 19.25, 26.5, 9999.0, 1.5, 1.5, 19.75, 9999.0, 9999.0, 9999.0, 119.25, 123.25, 118.75, 102.75, 134.25
2023-04-06, 21:41:07, 131.5, 51.5, 19.0, 26.5, 9999.0, 1.25, 1.5, 19.75, 9999.0, 9999.0, 9999.0, 120.0, 123.25, 118.75, 102.75, 134.25
2023-04-06, 21:41:11, 131.5, 51.5, 19.0, 26.5, 9999.0, 1.5, 1.5, 19.75, 9999.0, 9999.0, 9999.0, 120.0, 123.25, 118.75, 102.75, 134.25
2023-04-06, 21:41:15, 131.5, 51.5, 19.25, 26.25, 9999.0, 1.25, 1.5, 19.75, 9999.0, 9999.0, 9999.0, 120.0, 123.25, 118.75, 102.75, 134.25
2023-04-06, 21:41:19, 131.5, 51.5, 19.25, 26.25, 9999.0, 1.25, 1.5, 19.75, 9999.0, 9999.0, 9999.0, 120.0, 123.25, 118.75, 102.75, 134.25
2023-04-06, 21:41:23, 131.5, 51.5, 19.25, 26.0, 9999.0, 1.25, 1.5, 19.75, 9999.0, 9999.0, 9999.0, 119.75, 123.25, 118.75, 102.75, 134.25
2023-04-06, 21:41:27, 131.5, 51.5, 19.25, 26.25, 9999.0, 1.25, 1.5, 19.75, 9999.0, 9999.0, 9999.0, 119.75, 123.25, 118.75, 102.75, 134.25
2023-04-06, 21:41:31, 131.5, 51.5, 19.25, 26.25, 9999.0, 1.25, 1.5, 19.75, 9999.0, 9999.0, 9999.0, 119.75, 123.25, 118.75, 102.75, 134.25
2023-04-06, 21:41:35, 131.5, 51.5, 19.25, 26.25, 9999.0, 1.25, 1.5, 19.5, 9999.0, 9999.0, 9999.0, 119.75, 123.5, 118.75, 102.75, 134.25
2023-04-06, 21:41:39, 131.5, 51.5, 19.0, 26.25, 9999.0, 1.25, 1.5, 19.5, 9999.0, 9999.0, 9999.0, 119.75, 123.25, 118.75, 102.75, 134.25
2023-04-06, 21:41:43, 131.5, 51.5, 19.0, 26.25, 9999.0, 1.25, 1.5, 19.75, 9999.0, 9999.0, 9999.0, 119.75, 123.25, 118.75, 102.75, 134.25
2023-04-06, 21:41:47, 131.5, 51.5, 19.0, 26.25, 9999.0, 1.25, 1.5, 19.75, 9999.0, 9999.0, 9999.0, 119.75, 123.5, 118.75, 102.75, 134.25
2023-04-06, 21:41:51, 131.5, 51.5, 19.0, 26.25, 9999.0, 1.25, 1.5, 19.75, 9999.0, 9999.0, 9999.0, 119.5, 123.25, 118.75, 102.75, 134.25
2023-04-06, 21:41:55, 131.5, 51.5, 19.0, 26.25, 9999.0, 1.25, 1.5, 19.75, 9999.0, 9999.0, 9999.0, 119.5, 123.25, 118.75, 102.75, 134.25
2023-04-06, 21:41:59, 131.5, 51.5, 19.25, 26.25, 9999.0, 1.25, 1.5, 19.75, 9999.0, 9999.0, 9999.0, 119.5, 123.25, 118.75, 102.75, 134.25
2023-04-06, 21:42:03, 131.5, 51.5, 19.25, 26.0, 9999.0, 1.25, 1.5, 19.75, 9999.0, 9999.0, 9999.0, 119.5, 123.25, 118.75, 102.75, 134.25
2023-04-06, 21:42:07, 131.75, 51.5, 19.25, 26.25, 9999.0, 1.0, 1.5, 19.75, 9999.0, 9999.0, 9999.0, 119.5, 123.25, 119.0, 102.75, 134.25
2023-04-06, 21:42:11, 131.5, 51.5, 19.0, 26.25, 9999.0, 1.25, 1.5, 19.5, 9999.0, 9999.0, 9999.0, 119.25, 123.25, 119.0, 102.75, 134.25
2023-04-06, 21:42:15, 131.5, 51.5, 19.25, 26.0, 9999.0, 1.25, 1.5, 19.5, 9999.0, 9999.0, 9999.0, 119.5, 123.25, 118.75, 102.75, 134.25
2023-04-06, 21:42:19, 131.5, 51.5, 19.25, 26.25, 9999.0, 1.25, 1.5, 19.5, 9999.0, 9999.0, 9999.0, 119.25, 123.25, 119.0, 102.75, 134.25
2023-04-06, 21:42:23, 131.5, 51.5, 19.0, 26.0, 9999.0, 1.5, 1.5, 19.75, 9999.0, 9999.0, 9999.0, 119.25, 123.25, 118.75, 102.75, 134.25
2023-04-06, 21:42:27, 131.5, 51.5, 19.0, 26.0, 9999.0, 1.5, 1.5, 19.75, 9999.0, 9999.0, 9999.0, 120.0, 123.25, 118.75, 102.75, 134.25
2023-04-06, 21:42:31, 131.5, 51.5, 19.0, 26.25, 9999.0, 1.5, 1.5, 19.75, 9999.0, 9999.0, 9999.0, 120.0, 123.25, 118.75, 102.75, 134.25
2023-04-06, 21:42:35, 131.5, 51.5, 19.0, 26.25, 9999.0, 1.25, 1.5, 19.75, 9999.0, 9999.0, 9999.0, 120.0, 123.25, 118.75, 102.75, 134.25
2023-04-06, 21:42:40, 131.5, 51.5, 19.0, 26.25, 9999.0, 1.25, 1.5, 19.5, 9999.0, 9999.0, 9999.0, 119.75, 123.25, 118.75, 102.75, 134.25
2023-04-06, 21:42:44, 131.5, 51.5, 19.0, 26.0, 9999.0, 1.25, 1.5, 19.75, 9999.0, 9999.0, 9999.0, 119.75, 123.25, 118.75, 102.75, 134.25
2023-04-06, 21:42:48, 131.5, 51.5, 19.25, 26.0, 9999.0, 1.25, 1.5, 19.75, 9999.0, 9999.0, 9999.0, 119.75, 123.0, 118.75, 102.75, 134.25
2023-04-06, 21:42:52, 131.5, 51.5, 19.0, 25.75, 9999.0, 1.25, 1.5, 19.75, 9999.0, 9999.0, 9999.0, 119.75, 123.0, 118.75, 102.75, 134.25
2023-04-06, 21:42:56, 131.5, 51.5, 19.25, 26.0, 9999.0, 1.25, 1.5, 19.75, 9999.0, 9999.0, 9999.0, 119.75, 123.25, 118.75, 102.75, 134.25
2023-04-06, 21:43:00, 131.5, 51.5, 19.25, 26.0, 9999.0, 1.25, 1.5, 19.75, 9999.0, 9999.0, 9999.0, 119.75, 123.25, 118.75, 102.75, 134.25
2023-04-06, 21:43:04, 131.5, 51.5, 19.25, 26.25, 9999.0, 1.25, 1.5, 19.5, 9999.0, 9999.0, 9999.0, 119.75, 123.25, 118.75, 102.75, 134.25
2023-04-06, 21:43:08, 131.5, 51.5, 19.0, 26.25, 9999.0, 1.25, 1.5, 19.75, 9999.0, 9999.0, 9999.0, 119.75, 123.25, 118.75, 102.75, 134.25
2023-04-06, 21:43:12, 131.5, 51.5, 19.0, 26.25, 9999.0, 1.0, 1.5, 19.75, 9999.0, 9999.0, 9999.0, 119.5, 123.25, 118.75, 102.75, 134.25
2023-04-06, 21:43:16, 131.5, 51.5, 19.0, 26.0, 9999.0, 1.25, 1.5, 19.5, 9999.0, 9999.0, 9999.0, 119.5, 123.25, 118.75, 102.75, 134.25
2023-04-06, 21:43:20, 131.5, 51.5, 19.0, 26.0, 9999.0, 1.0, 1.25, 19.75, 9999.0, 9999.0, 9999.0, 119.5, 123.25, 118.75, 102.75, 134.25
2023-04-06, 21:43:24, 131.5, 51.5, 19.0, 26.25, 9999.0, 1.0, 1.25, 19.5, 9999.0, 9999.0, 9999.0, 119.5, 123.25, 118.75, 102.75, 134.25
2023-04-06, 21:43:28, 131.5, 51.5, 19.0, 26.25, 9999.0, 1.0, 1.25, 19.75, 9999.0, 9999.0, 9999.0, 119.25, 123.25, 119.0, 102.75, 134.25
2023-04-06, 21:43:32, 131.5, 51.5, 19.0, 26.25, 9999.0, 1.25, 1.25, 19.75, 9999.0, 9999.0, 9999.0, 119.5, 123.25, 118.75, 102.75, 134.25
2023-04-06, 21:43:36, 131.5, 51.5, 19.0, 26.25, 9999.0, 1.25, 1.25, 19.75, 9999.0, 9999.0, 9999.0, 119.5, 123.25, 118.75, 102.75, 134.25
2023-04-06, 21:43:40, 131.5, 51.5, 19.0, 26.0, 9999.0, 1.25, 1.25, 19.5, 9999.0, 9999.0, 9999.0, 119.25, 123.25, 118.75, 102.75, 134.25
2023-04-06, 21:43:44, 131.5, 51.5, 19.0, 26.0, 9999.0, 1.25, 1.5, 19.75, 9999.0, 9999.0, 9999.0, 119.25, 123.25, 118.75, 102.75, 134.25
2023-04-06, 21:43:48, 131.5, 51.5, 19.0, 26.0, 9999.0, 1.25, 1.5, 19.5, 9999.0, 9999.0, 9999.0, 120.0, 123.25, 118.75, 102.75, 134.25
2023-04-06, 21:43:52, 131.5, 51.5, 19.0, 26.25, 9999.0, 1.5, 1.25, 19.75, 9999.0, 9999.0, 9999.0, 120.0, 123.0, 119.0, 102.75, 134.25
2023-04-06, 21:43:56, 131.5, 51.5, 19.0, 26.0, 9999.0, 1.25, 1.5, 19.75, 9999.0, 9999.0, 9999.0, 120.0, 123.25, 118.75, 102.75, 134.25
2023-04-06, 21:44:00, 131.5, 51.5, 19.0, 26.0, 9999.0, 1.25, 1.5, 19.75, 9999.0, 9999.0, 9999.0, 120.0, 123.0, 118.75, 102.75, 134.25
2023-04-06, 21:44:04, 131.5, 51.5, 19.0, 26.0, 9999.0, 1.25, 1.5, 19.5, 9999.0, 9999.0, 9999.0, 119.75, 123.0, 118.75, 102.75, 134.25
2023-04-06, 21:44:08, 131.5, 51.5, 19.0, 26.0, 9999.0, 1.25, 1.5, 19.75, 9999.0, 9999.0, 9999.0, 119.75, 123.25, 118.75, 102.75, 134.25
2023-04-06, 21:44:12, 131.5, 51.5, 19.0, 26.0, 9999.0, 1.25, 1.5, 19.5, 9999.0, 9999.0, 9999.0, 119.75, 123.25, 118.75, 102.75, 134.25
2023-04-06, 21:44:16, 131.5, 51.5, 19.25, 26.0, 9999.0, 1.25, 1.5, 19.75, 9999.0, 9999.0, 9999.0, 119.5, 123.25, 118.75, 102.75, 134.25
2023-04-06, 21:44:20, 131.5, 51.5, 19.25, 26.0, 9999.0, 1.25, 1.5, 19.5, 9999.0, 9999.0, 9999.0, 119.75, 123.25, 118.75, 102.75, 134.25
2023-04-06, 21:44:24, 131.5, 51.5, 19.0, 26.0, 9999.0, 1.0, 1.25, 19.5, 9999.0, 9999.0, 9999.0, 119.75, 123.25, 118.75, 102.75, 134.25
2023-04-06, 21:44:28, 131.5, 51.5, 19.25, 26.0, 9999.0, 1.25, 1.25, 19.5, 9999.0, 9999.0, 9999.0, 119.75, 123.25, 118.75, 102.75, 134.25
2023-04-06, 21:44:32, 131.5, 51.5, 19.0, 26.0, 9999.0, 1.25, 1.5, 19.75, 9999.0, 9999.0, 9999.0, 119.5, 123.25, 118.75, 102.75, 134.25
2023-04-06, 21:44:36, 131.5, 51.5, 19.25, 26.0, 9999.0, 1.0, 1.25, 19.75, 9999.0, 9999.0, 9999.0, 119.5, 123.25, 118.75, 102.75, 134.25
2023-04-06, 21:44:40, 131.5, 51.5, 19.0, 26.0, 9999.0, 1.0, 1.25, 19.5, 9999.0, 9999.0, 9999.0, 119.5, 123.25, 118.75, 102.75, 134.25
2023-04-06, 21:44:44, 131.5, 51.5, 19.0, 26.25, 9999.0, 1.0, 1.25, 19.5, 9999.0, 9999.0, 9999.0, 119.5, 123.25, 118.75, 102.75, 134.25
2023-04-06, 21:44:48, 131.5, 51.5, 19.0, 26.25, 9999.0, 1.0, 1.25, 19.5, 9999.0, 9999.0, 9999.0, 119.5, 123.25, 118.75, 102.75, 134.25
2023-04-06, 21:44:52, 131.5, 51.5, 19.25, 26.25, 9999.0, 1.25, 1.25, 19.5, 9999.0, 9999.0, 9999.0, 119.5, 123.25, 118.75, 102.75, 134.25
2023-04-06, 21:44:56, 131.5, 51.5, 19.25, 26.25, 9999.0, 1.25, 1.5, 19.5, 9999.0, 9999.0, 9999.0, 119.5, 123.25, 118.75, 102.75, 134.25
2023-04-06, 21:45:00, 131.5, 51.5, 19.0, 26.25, 9999.0, 1.25, 1.25, 19.75, 9999.0, 9999.0, 9999.0, 119.25, 123.25, 118.75, 102.75, 134.25
2023-04-06, 21:45:04, 131.5, 51.5, 19.0, 26.25, 9999.0, 1.25, 1.25, 19.75, 9999.0, 9999.0, 9999.0, 119.25, 123.25, 118.75, 102.75, 134.25
2023-04-06, 21:45:08, 131.5, 51.5, 19.25, 26.25, 9999.0, 1.25, 1.5, 19.75, 9999.0, 9999.0, 9999.0, 120.0, 123.25, 119.0, 102.75, 134.25
2023-04-06, 21:45:12, 131.5, 51.5, 19.0, 26.25, 9999.0, 1.25, 1.5, 19.75, 9999.0, 9999.0, 9999.0, 120.0, 123.25, 118.75, 102.75, 134.25
2023-04-06, 21:45:16, 131.5, 51.5, 19.0, 26.0, 9999.0, 1.25, 1.5, 19.75, 9999.0, 9999.0, 9999.0, 120.0, 123.25, 118.75, 102.75, 134.25
2023-04-06, 21:45:20, 131.5, 51.5, 19.25, 26.25, 9999.0, 1.25, 1.5, 19.5, 9999.0, 9999.0, 9999.0, 120.0, 123.25, 118.75, 102.75, 134.25
2023-04-06, 21:45:24, 131.5, 51.5, 19.25, 26.25, 9999.0, 1.25, 1.5, 19.75, 9999.0, 9999.0, 9999.0, 120.0, 123.25, 118.75, 102.75, 134.25
2023-04-06, 21:45:28, 131.5, 51.5, 19.0, 26.25, 9999.0, 1.25, 1.5, 19.5, 9999.0, 9999.0, 9999.0, 119.75, 123.25, 118.75, 102.75, 134.25
2023-04-06, 21:45:32, 131.5, 51.5, 19.0, 26.25, 9999.0, 1.25, 1.5, 19.75, 9999.0, 9999.0, 9999.0, 119.75, 123.25, 118.75, 102.75, 134.25
2023-04-06, 21:45:36, 131.5, 51.5, 19.0, 26.25, 9999.0, 1.25, 1.5, 19.75, 9999.0, 9999.0, 9999.0, 119.75, 123.25, 118.75, 102.75, 134.25
2023-04-06, 21:45:40, 131.5, 51.5, 19.25, 26.25, 9999.0, 1.25, 1.5, 19.75, 9999.0, 9999.0, 9999.0, 119.75, 123.5, 118.75, 102.75, 134.25
2023-04-06, 21:45:44, 131.5, 51.5, 19.25, 26.5, 9999.0, 1.0, 1.5, 19.75, 9999.0, 9999.0, 9999.0, 119.75, 123.5, 118.75, 102.75, 134.25
2023-04-06, 21:45:48, 131.5, 51.5, 19.25, 26.25, 9999.0, 1.25, 1.25, 19.5, 9999.0, 9999.0, 9999.0, 119.75, 123.5, 118.75, 102.75, 134.25
2023-04-06, 21:45:52, 131.5, 51.5, 19.0, 26.5, 9999.0, 1.25, 1.5, 19.75, 9999.0, 9999.0, 9999.0, 119.5, 123.5, 118.75, 102.75, 134.25
2023-04-06, 21:45:56, 131.5, 51.5, 19.25, 26.5, 9999.0, 1.25, 1.5, 19.75, 9999.0, 9999.0, 9999.0, 119.5, 123.5, 118.75, 102.75, 134.25
2023-04-06, 21:46:00, 131.5, 51.5, 19.25, 26.25, 9999.0, 1.0, 1.25, 19.75, 9999.0, 9999.0, 9999.0, 119.5, 123.25, 118.75, 102.75, 134.25
2023-04-06, 21:46:04, 131.5, 51.5, 19.25, 26.25, 9999.0, 1.25, 1.25, 19.75, 9999.0, 9999.0, 9999.0, 119.5, 123.5, 118.75, 102.75, 134.25
2023-04-06, 21:46:08, 131.5, 51.5, 19.25, 26.5, 9999.0, 1.0, 1.5, 19.75, 9999.0, 9999.0, 9999.0, 119.5, 123.25, 119.0, 102.75, 134.25
2023-04-06, 21:46:12, 131.5, 51.5, 19.25, 26.25, 9999.0, 1.25, 1.5, 19.5, 9999.0, 9999.0, 9999.0, 119.5, 123.25, 119.0, 102.75, 134.25
2023-04-06, 21:46:16, 131.5, 51.5, 19.25, 26.5, 9999.0, 1.25, 1.25, 19.75, 9999.0, 9999.0, 9999.0, 119.5, 123.25, 118.75, 103.0, 134.25
2023-04-06, 21:46:20, 131.5, 51.5, 19.0, 26.5, 9999.0, 1.25, 1.5, 19.5, 9999.0, 9999.0, 9999.0, 119.5, 123.25, 118.75, 102.75, 134.25
2023-04-06, 21:46:24, 131.5, 51.5, 19.25, 26.5, 9999.0, 1.5, 1.5, 19.75, 9999.0, 9999.0, 9999.0, 119.25, 123.25, 118.75, 102.75, 134.25
2023-04-06, 21:46:28, 131.5, 51.5, 19.25, 26.25, 9999.0, 1.5, 1.5, 19.75, 9999.0, 9999.0, 9999.0, 119.5, 123.25, 119.0, 102.75, 134.25
2023-04-06, 21:46:32, 131.5, 51.5, 19.25, 26.25, 9999.0, 1.5, 1.5, 19.75, 9999.0, 9999.0, 9999.0, 120.0, 123.25, 119.0, 102.75, 134.25
2023-04-06, 21:46:36, 131.5, 51.5, 19.25, 26.5, 9999.0, 1.25, 1.25, 19.75, 9999.0, 9999.0, 9999.0, 120.0, 123.25, 118.75, 102.75, 134.25
2023-04-06, 21:46:40, 131.5, 51.5, 19.25, 26.25, 9999.0, 1.25, 1.5, 19.75, 9999.0, 9999.0, 9999.0, 120.0, 123.25, 119.0, 102.75, 134.25
2023-04-06, 21:46:44, 131.5, 51.5, 19.25, 26.0, 9999.0, 1.25, 1.5, 19.75, 9999.0, 9999.0, 9999.0, 120.0, 123.25, 118.75, 102.75, 134.25
2023-04-06, 21:46:48, 131.75, 51.5, 19.25, 26.25, 9999.0, 1.25, 1.5, 19.75, 9999.0, 9999.0, 9999.0, 119.75, 123.25, 118.75, 102.75, 134.25
2023-04-06, 21:46:52, 131.5, 51.5, 19.25, 26.25, 9999.0, 1.25, 1.5, 19.75, 9999.0, 9999.0, 9999.0, 119.75, 123.25, 118.75, 102.75, 134.25
2023-04-06, 21:46:56, 131.75, 51.5, 19.0, 26.25, 9999.0, 1.25, 1.5, 19.75, 9999.0, 9999.0, 9999.0, 119.75, 123.25, 118.75, 102.75, 134.25
2023-04-06, 21:47:00, 131.75, 51.5, 19.25, 26.25, 9999.0, 1.25, 1.5, 19.75, 9999.0, 9999.0, 9999.0, 119.75, 123.5, 118.75, 102.75, 134.25
2023-04-06, 21:47:04, 131.75, 51.5, 19.25, 26.25, 9999.0, 1.25, 1.5, 19.75, 9999.0, 9999.0, 9999.0, 119.75, 123.5, 118.75, 102.75, 134.25
2023-04-06, 21:47:09, 131.5, 51.5, 19.25, 26.25, 9999.0, 1.25, 1.5, 19.75, 9999.0, 9999.0, 9999.0, 119.75, 123.25, 118.75, 102.75, 134.25
2023-04-06, 21:47:13, 131.5, 51.5, 19.25, 26.25, 9999.0, 1.25, 1.5, 19.75, 9999.0, 9999.0, 9999.0, 119.75, 123.5, 118.75, 102.75, 134.25
2023-04-06, 21:47:17, 131.5, 51.5, 19.25, 26.25, 9999.0, 1.25, 1.5, 19.75, 9999.0, 9999.0, 9999.0, 119.5, 123.5, 118.75, 102.75, 134.25
2023-04-06, 21:47:21, 131.5, 51.5, 19.25, 26.25, 9999.0, 1.0, 1.5, 19.75, 9999.0, 9999.0, 9999.0, 119.5, 123.25, 118.75, 102.75, 134.25
2023-04-06, 21:47:25, 131.5, 51.5, 19.25, 26.25, 9999.0, 1.25, 1.25, 19.75, 9999.0, 9999.0, 9999.0, 119.5, 123.25, 118.75, 102.75, 134.25
2023-04-06, 21:47:29, 131.5, 51.5, 19.25, 26.25, 9999.0, 1.25, 1.5, 19.75, 9999.0, 9999.0, 9999.0, 119.5, 123.25, 118.75, 102.75, 134.25
2023-04-06, 21:47:33, 131.5, 51.5, 19.25, 26.25, 9999.0, 1.0, 1.5, 19.75, 9999.0, 9999.0, 9999.0, 119.5, 123.25, 118.75, 102.75, 134.25
2023-04-06, 21:47:37, 131.5, 51.5, 19.25, 26.25, 9999.0, 1.25, 1.5, 19.75, 9999.0, 9999.0, 9999.0, 119.5, 123.25, 119.0, 102.75, 134.25
2023-04-06, 21:47:41, 131.5, 51.5, 19.25, 26.25, 9999.0, 1.25, 1.5, 19.75, 9999.0, 9999.0, 9999.0, 119.5, 123.25, 118.75, 102.75, 134.25
2023-04-06, 21:47:45, 131.5, 51.5, 19.0, 26.25, 9999.0, 1.5, 1.5, 19.75, 9999.0, 9999.0, 9999.0, 119.5, 123.25, 118.75, 102.75, 134.25
2023-04-06, 21:47:49, 131.75, 51.5, 19.25, 26.25, 9999.0, 1.5, 1.5, 19.75, 9999.0, 9999.0, 9999.0, 119.5, 123.25, 119.0, 102.75, 134.25
2023-04-06, 21:47:53, 131.5, 51.5, 19.25, 26.0, 9999.0, 1.5, 1.5, 19.75, 9999.0, 9999.0, 9999.0, 120.0, 123.25, 118.75, 102.75, 134.25
2023-04-06, 21:47:57, 131.75, 51.5, 19.25, 26.25, 9999.0, 1.5, 1.5, 19.75, 9999.0, 9999.0, 9999.0, 120.0, 123.25, 118.75, 102.75, 134.25
2023-04-06, 21:48:01, 131.75, 51.5, 19.25, 26.25, 9999.0, 1.25, 1.5, 19.75, 9999.0, 9999.0, 9999.0, 120.0, 123.25, 118.75, 102.75, 134.25
2023-04-06, 21:48:05, 131.75, 51.5, 19.25, 26.0, 9999.0, 1.25, 1.5, 19.75, 9999.0, 9999.0, 9999.0, 120.0, 123.25, 118.75, 102.75, 134.25
2023-04-06, 21:48:09, 131.75, 51.75, 19.25, 26.25, 9999.0, 1.25, 1.5, 19.75, 9999.0, 9999.0, 9999.0, 119.75, 123.25, 118.75, 102.75, 134.25
2023-04-06, 21:48:13, 131.5, 51.5, 19.25, 26.5, 9999.0, 1.25, 1.5, 19.75, 9999.0, 9999.0, 9999.0, 119.75, 123.25, 118.75, 102.75, 134.25
2023-04-06, 21:48:17, 131.5, 51.75, 19.25, 26.25, 9999.0, 1.25, 1.5, 19.75, 9999.0, 9999.0, 9999.0, 119.75, 123.25, 118.75, 102.75, 134.25
2023-04-06, 21:48:21, 131.75, 51.75, 19.25, 26.5, 9999.0, 1.25, 1.5, 19.75, 9999.0, 9999.0, 9999.0, 119.75, 123.5, 118.75, 102.75, 134.25
2023-04-06, 21:48:25, 131.75, 51.5, 19.25, 26.5, 9999.0, 1.25, 1.5, 19.75, 9999.0, 9999.0, 9999.0, 119.75, 123.5, 118.75, 102.75, 134.25
2023-04-06, 21:48:29, 131.75, 51.75, 19.25, 26.25, 9999.0, 1.25, 1.5, 19.75, 9999.0, 9999.0, 9999.0, 119.75, 123.5, 118.75, 102.75, 134.25
2023-04-06, 21:48:33, 131.75, 51.75, 19.25, 26.25, 9999.0, 1.25, 1.5, 19.75, 9999.0, 9999.0, 9999.0, 119.75, 123.5, 118.75, 102.75, 134.25
2023-04-06, 21:48:37, 131.5, 51.75, 19.25, 26.25, 9999.0, 1.25, 1.5, 19.75, 9999.0, 9999.0, 9999.0, 119.75, 123.25, 118.75, 102.75, 134.25
2023-04-06, 21:48:41, 131.75, 51.5, 19.25, 26.25, 9999.0, 1.25, 1.5, 19.75, 9999.0, 9999.0, 9999.0, 119.75, 123.5, 118.75, 102.75, 134.25
2023-04-06, 21:48:45, 131.75, 51.75, 19.25, 26.25, 9999.0, 1.25, 1.5, 19.75, 9999.0, 9999.0, 9999.0, 119.5, 123.5, 118.75, 102.75, 134.25
2023-04-06, 21:48:49, 131.75, 51.5, 19.5, 26.5, 9999.0, 1.25, 1.5, 19.75, 9999.0, 9999.0, 9999.0, 119.5, 123.5, 119.0, 102.75, 134.25
2023-04-06, 21:48:53, 131.75, 51.75, 19.25, 26.5, 9999.0, 1.25, 1.5, 19.75, 9999.0, 9999.0, 9999.0, 119.5, 123.25, 118.75, 102.75, 134.25
2023-04-06, 21:48:57, 131.75, 51.5, 19.25, 26.0, 9999.0, 1.25, 1.5, 19.75, 9999.0, 9999.0, 9999.0, 119.5, 123.25, 119.0, 102.75, 134.25
2023-04-06, 21:49:01, 131.75, 51.75, 19.25, 26.25, 9999.0, 1.25, 1.5, 19.75, 9999.0, 9999.0, 9999.0, 119.5, 123.25, 118.75, 102.75, 134.25
2023-04-06, 21:49:05, 131.75, 51.75, 19.25, 26.25, 9999.0, 1.25, 1.5, 19.75, 9999.0, 9999.0, 9999.0, 119.5, 123.25, 119.0, 102.75, 134.25
2023-04-06, 21:49:09, 131.5, 51.5, 19.25, 26.25, 9999.0, 1.5, 1.5, 19.75, 9999.0, 9999.0, 9999.0, 119.5, 123.25, 119.0, 102.75, 134.25
2023-04-06, 21:49:13, 131.5, 51.75, 19.25, 26.25, 9999.0, 1.5, 1.5, 19.75, 9999.0, 9999.0, 9999.0, 120.0, 123.25, 118.75, 102.75, 134.25
2023-04-06, 21:49:17, 131.75, 51.75, 19.25, 26.25, 9999.0, 1.5, 1.5, 19.75, 9999.0, 9999.0, 9999.0, 120.0, 123.25, 119.0, 102.75, 134.25
2023-04-06, 21:49:21, 131.75, 51.75, 19.25, 26.25, 9999.0, 1.5, 1.5, 19.75, 9999.0, 9999.0, 9999.0, 120.0, 123.25, 118.75, 102.75, 134.5
2023-04-06, 21:49:25, 131.75, 51.75, 19.25, 26.0, 9999.0, 1.5, 1.5, 19.75, 9999.0, 9999.0, 9999.0, 120.0, 123.25, 118.75, 102.75, 134.25
2023-04-06, 21:49:29, 131.75, 51.75, 19.25, 25.75, 9999.0, 1.25, 1.5, 19.75, 9999.0, 9999.0, 9999.0, 120.0, 123.25, 118.75, 102.75, 134.25
2023-04-06, 21:49:33, 131.75, 51.75, 19.25, 25.75, 9999.0, 1.25, 1.5, 19.75, 9999.0, 9999.0, 9999.0, 120.0, 123.25, 119.0, 102.75, 134.25
2023-04-06, 21:49:37, 131.75, 51.75, 19.25, 26.0, 9999.0, 1.25, 1.5, 19.75, 9999.0, 9999.0, 9999.0, 119.75, 123.25, 119.0, 102.75, 134.25
2023-04-06, 21:49:41, 131.75, 51.75, 19.25, 26.0, 9999.0, 1.25, 1.5, 19.75, 9999.0, 9999.0, 9999.0, 119.75, 123.25, 118.75, 102.75, 134.25
2023-04-06, 21:49:45, 131.5, 51.5, 19.25, 26.0, 9999.0, 1.25, 1.5, 19.75, 9999.0, 9999.0, 9999.0, 119.75, 123.5, 119.0, 102.75, 134.25
2023-04-06, 21:49:49, 131.5, 51.5, 19.25, 26.25, 9999.0, 1.25, 1.5, 19.75, 9999.0, 9999.0, 9999.0, 119.75, 123.5, 119.0, 102.75, 134.25
2023-04-06, 21:49:53, 131.75, 51.75, 19.25, 26.25, 9999.0, 1.25, 1.5, 19.75, 9999.0, 9999.0, 9999.0, 119.75, 123.5, 119.0, 102.75, 134.25
2023-04-06, 21:49:57, 131.75, 51.75, 19.25, 26.25, 9999.0, 1.25, 1.5, 19.75, 9999.0, 9999.0, 9999.0, 119.75, 123.5, 118.75, 102.75, 134.25
2023-04-06, 21:50:01, 131.5, 51.75, 19.25, 26.25, 9999.0, 1.25, 1.5, 19.75, 9999.0, 9999.0, 9999.0, 119.5, 123.25, 118.75, 102.75, 134.25
2023-04-06, 21:50:05, 131.75, 51.75, 19.25, 26.25, 9999.0, 1.25, 1.5, 19.75, 9999.0, 9999.0, 9999.0, 119.75, 123.25, 119.0, 102.75, 134.25
2023-04-06, 21:50:09, 131.75, 51.75, 19.25, 26.0, 9999.0, 1.25, 1.5, 19.75, 9999.0, 9999.0, 9999.0, 119.5, 123.25, 118.75, 102.75, 134.25
2023-04-06, 21:50:13, 131.75, 51.5, 19.25, 26.25, 9999.0, 1.25, 1.5, 19.75, 9999.0, 9999.0, 9999.0, 119.5, 123.25, 118.75, 102.75, 134.25
2023-04-06, 21:50:17, 131.75, 51.75, 19.25, 26.25, 9999.0, 1.0, 1.5, 19.75, 9999.0, 9999.0, 9999.0, 119.5, 123.25, 119.0, 102.75, 134.25
2023-04-06, 21:50:21, 131.75, 51.75, 19.25, 26.0, 9999.0, 1.25, 1.5, 19.75, 9999.0, 9999.0, 9999.0, 119.5, 123.25, 119.0, 102.75, 134.25
2023-04-06, 21:50:25, 131.75, 51.75, 19.25, 26.0, 9999.0, 1.25, 1.5, 19.75, 9999.0, 9999.0, 9999.0, 119.5, 123.25, 118.75, 102.75, 134.25
2023-04-06, 21:50:29, 131.5, 51.75, 19.25, 26.25, 9999.0, 1.5, 1.5, 19.75, 9999.0, 9999.0, 9999.0, 119.5, 123.25, 119.0, 102.75, 134.25
2023-04-06, 21:50:33, 131.75, 51.5, 19.25, 26.25, 9999.0, 1.5, 1.5, 19.75, 9999.0, 9999.0, 9999.0, 119.5, 123.25, 119.0, 102.75, 134.25
2023-04-06, 21:50:37, 131.75, 51.5, 19.25, 26.25, 9999.0, 1.5, 1.5, 19.75, 9999.0, 9999.0, 9999.0, 120.25, 123.25, 118.75, 102.75, 134.25
2023-04-06, 21:50:41, 131.5, 51.75, 19.25, 26.0, 9999.0, 1.5, 1.5, 19.75, 9999.0, 9999.0, 9999.0, 120.0, 123.25, 119.0, 102.75, 134.25
2023-04-06, 21:50:45, 131.75, 51.5, 19.25, 26.25, 9999.0, 1.5, 1.5, 19.75, 9999.0, 9999.0, 9999.0, 120.0, 123.25, 118.75, 102.75, 134.25
2023-04-06, 21:50:49, 131.75, 51.5, 19.25, 26.25, 9999.0, 1.25, 1.5, 19.75, 9999.0, 9999.0, 9999.0, 120.0, 123.25, 119.0, 102.75, 134.25
2023-04-06, 21:50:53, 131.75, 51.5, 19.25, 26.25, 9999.0, 1.5, 1.5, 19.75, 9999.0, 9999.0, 9999.0, 120.0, 123.25, 118.75, 102.75, 134.25
2023-04-06, 21:50:57, 131.75, 51.75, 19.25, 26.25, 9999.0, 1.25, 1.5, 19.75, 9999.0, 9999.0, 9999.0, 120.0, 123.25, 118.75, 102.75, 134.25
2023-04-06, 21:51:01, 131.75, 51.75, 19.25, 26.25, 9999.0, 1.25, 1.5, 19.75, 9999.0, 9999.0, 9999.0, 119.75, 123.25, 118.75, 102.75, 134.25
2023-04-06, 21:51:05, 131.75, 51.75, 19.25, 26.25, 9999.0, 1.25, 1.5, 19.75, 9999.0, 9999.0, 9999.0, 119.75, 123.25, 118.75, 102.75, 134.25
2023-04-06, 21:51:09, 131.75, 51.5, 19.25, 26.25, 9999.0, 1.25, 1.5, 19.75, 9999.0, 9999.0, 9999.0, 119.75, 123.5, 119.0, 102.75, 134.25
2023-04-06, 21:51:13, 131.75, 51.75, 19.25, 26.25, 9999.0, 1.25, 1.5, 19.75, 9999.0, 9999.0, 9999.0, 119.75, 123.5, 118.75, 102.75, 134.25
2023-04-06, 21:51:17, 131.75, 51.5, 19.25, 26.25, 9999.0, 1.25, 1.5, 19.75, 9999.0, 9999.0, 9999.0, 119.75, 123.5, 118.75, 102.75, 134.5
2023-04-06, 21:51:21, 131.75, 51.75, 19.25, 26.25, 9999.0, 1.25, 1.5, 19.75, 9999.0, 9999.0, 9999.0, 119.75, 123.5, 118.75, 102.75, 134.25
2023-04-06, 21:51:25, 131.75, 51.75, 19.25, 26.0, 9999.0, 1.25, 1.5, 19.75, 9999.0, 9999.0, 9999.0, 119.5, 123.25, 118.75, 102.75, 134.25
2023-04-06, 21:51:29, 131.75, 51.75, 19.25, 25.75, 9999.0, 1.25, 1.5, 19.75, 9999.0, 9999.0, 9999.0, 119.75, 123.5, 118.75, 102.75, 134.25
2023-04-06, 21:51:34, 131.75, 51.75, 19.25, 26.0, 9999.0, 1.25, 1.5, 19.75, 9999.0, 9999.0, 9999.0, 119.5, 123.25, 119.0, 102.75, 134.25
2023-04-06, 21:51:38, 131.75, 51.75, 19.25, 26.25, 9999.0, 1.25, 1.5, 19.75, 9999.0, 9999.0, 9999.0, 119.5, 123.5, 118.75, 102.75, 134.25
2023-04-06, 21:51:42, 131.5, 51.75, 19.25, 26.25, 9999.0, 1.25, 1.5, 19.75, 9999.0, 9999.0, 9999.0, 119.5, 123.25, 118.75, 102.75, 134.25
2023-04-06, 21:51:46, 131.75, 51.75, 19.25, 26.25, 9999.0, 1.25, 1.5, 19.75, 9999.0, 9999.0, 9999.0, 119.5, 123.25, 119.0, 102.75, 134.25
2023-04-06, 21:51:50, 131.75, 51.75, 19.25, 26.5, 9999.0, 1.25, 1.5, 19.75, 9999.0, 9999.0, 9999.0, 119.5, 123.25, 119.0, 102.75, 134.25
2023-04-06, 21:51:54, 131.75, 51.5, 19.25, 26.25, 9999.0, 1.5, 1.5, 19.75, 9999.0, 9999.0, 9999.0, 119.5, 123.5, 118.75, 102.75, 134.25
2023-04-06, 21:51:58, 131.75, 51.75, 19.25, 26.0, 9999.0, 1.5, 1.5, 19.75, 9999.0, 9999.0, 9999.0, 119.5, 123.5, 119.0, 102.75, 134.25
2023-04-06, 21:52:02, 131.75, 51.75, 19.25, 25.75, 9999.0, 1.5, 1.5, 19.75, 9999.0, 9999.0, 9999.0, 120.25, 123.5, 119.0, 102.75, 134.25
2023-04-06, 21:52:06, 131.75, 51.75, 19.25, 26.25, 9999.0, 1.5, 1.5, 19.75, 9999.0, 9999.0, 9999.0, 120.0, 123.25, 119.0, 102.75, 134.25
2023-04-06, 21:52:10, 131.75, 51.75, 19.25, 26.25, 9999.0, 1.5, 1.5, 19.75, 9999.0, 9999.0, 9999.0, 120.0, 123.25, 119.0, 103.0, 134.25
2023-04-06, 21:52:14, 131.75, 51.75, 19.25, 26.25, 9999.0, 1.5, 1.5, 19.75, 9999.0, 9999.0, 9999.0, 120.0, 123.25, 118.75, 102.75, 134.25
2023-04-06, 21:52:18, 131.75, 51.75, 19.25, 26.25, 9999.0, 1.25, 1.5, 19.75, 9999.0, 9999.0, 9999.0, 119.75, 123.25, 119.0, 102.75, 134.25
2023-04-06, 21:52:22, 131.5, 51.75, 19.25, 26.25, 9999.0, 1.25, 1.5, 19.75, 9999.0, 9999.0, 9999.0, 119.75, 123.25, 119.0, 102.75, 134.5
2023-04-06, 21:52:26, 131.75, 51.5, 19.25, 26.25, 9999.0, 1.25, 1.5, 19.75, 9999.0, 9999.0, 9999.0, 119.75, 123.25, 118.75, 102.75, 134.25
2023-04-06, 21:52:30, 131.75, 51.5, 19.25, 26.25, 9999.0, 1.25, 1.5, 19.75, 9999.0, 9999.0, 9999.0, 119.75, 123.5, 119.0, 102.75, 134.25
2023-04-06, 21:52:34, 131.75, 51.75, 19.25, 26.25, 9999.0, 1.25, 1.25, 19.75, 9999.0, 9999.0, 9999.0, 119.75, 123.5, 118.75, 102.75, 134.25
2023-04-06, 21:52:38, 131.75, 51.75, 19.25, 26.25, 9999.0, 1.25, 1.5, 19.75, 9999.0, 9999.0, 9999.0, 119.75, 123.5, 119.0, 102.75, 134.25
2023-04-06, 21:52:42, 131.75, 51.75, 19.25, 26.0, 9999.0, 1.25, 1.5, 19.75, 9999.0, 9999.0, 9999.0, 119.75, 123.5, 119.0, 102.75, 134.25
2023-04-06, 21:52:46, 131.75, 51.75, 19.25, 26.25, 9999.0, 1.25, 1.5, 19.75, 9999.0, 9999.0, 9999.0, 119.75, 123.5, 119.0, 102.75, 134.25
2023-04-06, 21:52:50, 131.75, 51.5, 19.25, 26.25, 9999.0, 1.25, 1.5, 19.75, 9999.0, 9999.0, 9999.0, 119.5, 123.5, 118.75, 102.75, 134.25
2023-04-06, 21:52:54, 131.75, 51.5, 19.25, 26.25, 9999.0, 1.25, 1.5, 19.75, 9999.0, 9999.0, 9999.0, 119.75, 123.5, 118.75, 102.75, 134.25
2023-04-06, 21:52:58, 131.75, 51.5, 19.25, 26.5, 9999.0, 1.25, 1.5, 19.75, 9999.0, 9999.0, 9999.0, 119.5, 123.25, 119.0, 102.75, 134.25
2023-04-06, 21:53:02, 131.75, 51.75, 19.25, 26.25, 9999.0, 1.25, 1.5, 19.75, 9999.0, 9999.0, 9999.0, 119.5, 123.25, 119.0, 102.75, 134.25
2023-04-06, 21:53:06, 131.75, 51.5, 19.25, 26.5, 9999.0, 1.25, 1.5, 19.75, 9999.0, 9999.0, 9999.0, 119.5, 123.25, 118.75, 102.75, 134.25
2023-04-06, 21:53:10, 131.75, 51.5, 19.25, 26.5, 9999.0, 1.25, 1.5, 19.75, 9999.0, 9999.0, 9999.0, 119.5, 123.25, 119.0, 102.75, 134.5
2023-04-06, 21:53:14, 131.75, 51.75, 19.25, 26.25, 9999.0, 1.25, 1.5, 19.75, 9999.0, 9999.0, 9999.0, 119.5, 123.25, 119.0, 102.75, 134.25
2023-04-06, 21:53:18, 131.75, 51.75, 19.25, 26.25, 9999.0, 1.5, 1.5, 19.75, 9999.0, 9999.0, 9999.0, 119.25, 123.25, 119.0, 102.75, 134.25
2023-04-06, 21:53:22, 131.75, 51.75, 19.25, 26.0, 9999.0, 1.5, 1.5, 19.75, 9999.0, 9999.0, 9999.0, 119.5, 123.25, 119.0, 102.75, 134.25
2023-04-06, 21:53:26, 131.75, 51.75, 19.25, 26.0, 9999.0, 1.5, 1.5, 19.75, 9999.0, 9999.0, 9999.0, 120.25, 123.0, 119.0, 102.75, 134.25
2023-04-06, 21:53:30, 131.75, 51.75, 19.25, 26.0, 9999.0, 1.5, 1.5, 19.75, 9999.0, 9999.0, 9999.0, 120.25, 123.25, 118.75, 102.75, 134.25
2023-04-06, 21:53:34, 131.75, 51.75, 19.25, 26.25, 9999.0, 1.25, 1.5, 19.75, 9999.0, 9999.0, 9999.0, 120.0, 123.25, 118.75, 102.75, 134.25
2023-04-06, 21:53:38, 131.75, 51.75, 19.25, 26.25, 9999.0, 1.25, 1.5, 19.75, 9999.0, 9999.0, 9999.0, 120.0, 123.25, 118.75, 102.75, 134.25
2023-04-06, 21:53:42, 131.75, 51.75, 19.25, 26.25, 9999.0, 1.5, 1.5, 19.75, 9999.0, 9999.0, 9999.0, 119.75, 123.25, 119.0, 102.75, 134.25
2023-04-06, 21:53:46, 131.75, 51.75, 19.25, 26.25, 9999.0, 1.25, 1.5, 19.75, 9999.0, 9999.0, 9999.0, 119.75, 123.25, 119.0, 102.75, 134.25
2023-04-06, 21:53:50, 131.75, 51.5, 19.25, 26.5, 9999.0, 1.25, 1.5, 19.75, 9999.0, 9999.0, 9999.0, 119.75, 123.25, 119.0, 102.75, 134.25
2023-04-06, 21:53:54, 131.75, 51.75, 19.25, 26.5, 9999.0, 1.25, 1.5, 19.75, 9999.0, 9999.0, 9999.0, 119.75, 123.5, 118.75, 102.75, 134.25
2023-04-06, 21:53:58, 131.75, 51.5, 19.25, 26.25, 9999.0, 1.25, 1.25, 19.75, 9999.0, 9999.0, 9999.0, 120.0, 123.5, 119.0, 102.75, 134.5
2023-04-06, 21:54:02, 131.75, 51.75, 19.25, 26.25, 9999.0, 1.25, 1.5, 19.75, 9999.0, 9999.0, 9999.0, 119.75, 123.5, 119.0, 102.75, 134.25
2023-04-06, 21:54:06, 131.75, 51.5, 19.25, 26.25, 9999.0, 1.25, 1.5, 19.75, 9999.0, 9999.0, 9999.0, 119.75, 123.5, 119.0, 102.75, 134.25
2023-04-06, 21:54:10, 131.75, 51.75, 19.25, 26.5, 9999.0, 1.25, 1.5, 19.75, 9999.0, 9999.0, 9999.0, 119.75, 123.5, 118.75, 102.75, 134.25
2023-04-06, 21:54:14, 131.75, 51.5, 19.25, 26.25, 9999.0, 1.25, 1.5, 19.75, 9999.0, 9999.0, 9999.0, 119.75, 123.5, 119.0, 102.75, 134.5
2023-04-06, 21:54:18, 131.75, 51.75, 19.25, 26.25, 9999.0, 1.25, 1.5, 19.75, 9999.0, 9999.0, 9999.0, 119.75, 123.5, 118.75, 102.75, 134.25
2023-04-06, 21:54:22, 131.75, 51.5, 19.25, 26.25, 9999.0, 1.25, 1.5, 19.75, 9999.0, 9999.0, 9999.0, 119.5, 123.5, 118.75, 102.75, 134.25
2023-04-06, 21:54:26, 131.5, 51.75, 19.25, 26.5, 9999.0, 1.25, 1.5, 19.75, 9999.0, 9999.0, 9999.0, 119.5, 123.25, 119.0, 102.75, 134.25
2023-04-06, 21:54:30, 131.75, 51.75, 19.25, 26.25, 9999.0, 1.25, 1.5, 19.75, 9999.0, 9999.0, 9999.0, 119.5, 123.5, 119.0, 102.75, 134.25
2023-04-06, 21:54:34, 131.75, 51.75, 19.25, 26.0, 9999.0, 1.25, 1.5, 19.75, 9999.0, 9999.0, 9999.0, 119.5, 123.25, 119.0, 102.75, 134.25
2023-04-06, 21:54:38, 131.5, 51.5, 19.25, 26.0, 9999.0, 1.25, 1.5, 19.75, 9999.0, 9999.0, 9999.0, 119.5, 123.25, 118.75, 102.75, 134.25
2023-04-06, 21:54:42, 131.5, 51.75, 19.25, 26.25, 9999.0, 1.5, 1.5, 19.75, 9999.0, 9999.0, 9999.0, 119.5, 123.25, 119.0, 102.75, 134.25
2023-04-06, 21:54:46, 131.75, 51.5, 19.25, 26.25, 9999.0, 1.5, 1.5, 19.75, 9999.0, 9999.0, 9999.0, 119.5, 123.25, 119.0, 102.75, 134.25
2023-04-06, 21:54:50, 131.75, 51.5, 19.25, 26.25, 9999.0, 1.5, 1.5, 19.75, 9999.0, 9999.0, 9999.0, 120.0, 123.25, 118.75, 102.75, 134.25
2023-04-06, 21:54:54, 131.75, 51.75, 19.25, 26.25, 9999.0, 1.25, 1.5, 19.75, 9999.0, 9999.0, 9999.0, 120.0, 123.25, 119.0, 102.75, 134.25
2023-04-06, 21:54:58, 131.75, 51.5, 19.0, 26.25, 9999.0, 1.25, 1.5, 19.75, 9999.0, 9999.0, 9999.0, 120.0, 123.25, 119.0, 102.75, 134.25
2023-04-06, 21:55:02, 131.75, 51.5, 19.0, 26.25, 9999.0, 1.25, 1.5, 19.75, 9999.0, 9999.0, 9999.0, 120.0, 123.25, 119.0, 102.75, 134.25
2023-04-06, 21:55:06, 131.75, 51.5, 19.0, 26.25, 9999.0, 1.25, 1.5, 19.75, 9999.0, 9999.0, 9999.0, 120.0, 123.25, 118.75, 102.75, 134.25
2023-04-06, 21:55:10, 131.75, 51.5, 19.25, 26.25, 9999.0, 1.25, 1.5, 19.75, 9999.0, 9999.0, 9999.0, 119.75, 123.25, 118.75, 102.75, 134.25
2023-04-06, 21:55:14, 131.75, 51.75, 19.25, 26.25, 9999.0, 1.25, 1.5, 19.75, 9999.0, 9999.0, 9999.0, 119.75, 123.25, 119.0, 102.75, 134.25
2023-04-06, 21:55:18, 131.75, 51.5, 19.25, 26.25, 9999.0, 1.25, 1.5, 19.75, 9999.0, 9999.0, 9999.0, 119.75, 123.5, 119.0, 102.75, 134.25
2023-04-06, 21:55:22, 131.75, 51.5, 19.25, 26.0, 9999.0, 1.25, 1.5, 19.75, 9999.0, 9999.0, 9999.0, 120.0, 123.5, 118.75, 102.75, 134.25
2023-04-06, 21:55:26, 131.75, 51.5, 19.0, 26.0, 9999.0, 1.25, 1.5, 19.75, 9999.0, 9999.0, 9999.0, 119.75, 123.25, 118.75, 102.75, 134.25
2023-04-06, 21:55:30, 131.75, 51.5, 19.0, 26.25, 9999.0, 1.25, 1.5, 19.75, 9999.0, 9999.0, 9999.0, 119.75, 123.5, 119.0, 102.75, 134.25
2023-04-06, 21:55:34, 131.75, 51.5, 19.25, 26.0, 9999.0, 1.0, 1.5, 19.75, 9999.0, 9999.0, 9999.0, 119.75, 123.5, 119.0, 102.75, 134.25
2023-04-06, 21:55:38, 131.75, 51.5, 19.25, 26.0, 9999.0, 1.25, 1.5, 19.75, 9999.0, 9999.0, 9999.0, 119.75, 123.25, 118.75, 102.75, 134.25
2023-04-06, 21:55:42, 131.75, 51.5, 19.25, 26.25, 9999.0, 1.25, 1.5, 19.75, 9999.0, 9999.0, 9999.0, 119.5, 123.25, 118.75, 102.75, 134.25
2023-04-06, 21:55:46, 131.75, 51.5, 19.25, 26.5, 9999.0, 1.25, 1.5, 19.75, 9999.0, 9999.0, 9999.0, 119.5, 123.25, 118.75, 102.75, 134.25
2023-04-06, 21:55:50, 131.75, 51.75, 19.25, 26.25, 9999.0, 1.0, 1.5, 19.75, 9999.0, 9999.0, 9999.0, 119.5, 123.25, 119.0, 102.75, 134.25
2023-04-06, 21:55:54, 131.75, 51.5, 19.25, 26.25, 9999.0, 1.25, 1.5, 19.75, 9999.0, 9999.0, 9999.0, 119.5, 123.25, 119.0, 102.75, 134.25
2023-04-06, 21:55:59, 131.75, 51.5, 19.25, 26.25, 9999.0, 1.25, 1.5, 19.75, 9999.0, 9999.0, 9999.0, 119.5, 123.25, 119.0, 102.75, 134.25
2023-04-06, 21:56:03, 131.75, 51.5, 19.25, 26.0, 9999.0, 1.25, 1.5, 19.75, 9999.0, 9999.0, 9999.0, 119.5, 123.25, 119.0, 102.75, 134.25
2023-04-06, 21:56:07, 131.75, 51.5, 19.25, 26.0, 9999.0, 1.5, 1.5, 19.75, 9999.0, 9999.0, 9999.0, 119.5, 123.25, 119.0, 102.75, 134.25
2023-04-06, 21:56:11, 131.5, 51.5, 19.25, 26.25, 9999.0, 1.5, 1.5, 19.75, 9999.0, 9999.0, 9999.0, 120.25, 123.25, 119.0, 102.75, 134.25
2023-04-06, 21:56:15, 131.5, 51.5, 19.25, 25.75, 9999.0, 1.5, 1.5, 19.75, 9999.0, 9999.0, 9999.0, 120.0, 123.25, 119.0, 102.75, 134.25
2023-04-06, 21:56:19, 131.75, 51.5, 19.25, 25.75, 9999.0, 1.25, 1.5, 19.75, 9999.0, 9999.0, 9999.0, 120.0, 123.25, 119.0, 102.75, 134.25
2023-04-06, 21:56:23, 131.75, 51.5, 19.25, 26.0, 9999.0, 1.25, 1.5, 19.75, 9999.0, 9999.0, 9999.0, 120.0, 123.25, 119.0, 102.75, 134.25
2023-04-06, 21:56:27, 131.75, 51.5, 19.0, 26.0, 9999.0, 1.25, 1.5, 19.75, 9999.0, 9999.0, 9999.0, 120.0, 123.0, 118.75, 102.75, 134.25
2023-04-06, 21:56:31, 131.75, 51.5, 19.25, 26.0, 9999.0, 1.25, 1.5, 19.75, 9999.0, 9999.0, 9999.0, 119.75, 123.0, 118.75, 102.75, 134.25
2023-04-06, 21:56:35, 131.5, 51.5, 19.25, 26.25, 9999.0, 1.25, 1.5, 19.75, 9999.0, 9999.0, 9999.0, 119.75, 123.25, 119.0, 102.75, 134.25
2023-04-06, 21:56:39, 131.5, 51.5, 19.25, 26.25, 9999.0, 1.25, 1.5, 19.75, 9999.0, 9999.0, 9999.0, 119.75, 123.0, 118.75, 102.75, 134.25
2023-04-06, 21:56:43, 131.5, 51.5, 19.25, 26.5, 9999.0, 1.25, 1.5, 19.75, 9999.0, 9999.0, 9999.0, 119.75, 123.5, 118.75, 102.75, 134.25
2023-04-06, 21:56:47, 131.75, 51.5, 19.25, 26.25, 9999.0, 1.25, 1.75, 19.75, 9999.0, 9999.0, 9999.0, 119.75, 123.25, 118.75, 102.75, 134.25
2023-04-06, 21:56:51, 131.75, 51.75, 19.25, 26.25, 9999.0, 1.25, 1.5, 19.75, 9999.0, 9999.0, 9999.0, 119.75, 123.5, 119.0, 102.75, 134.25
2023-04-06, 21:56:55, 131.75, 51.5, 19.25, 26.25, 9999.0, 1.25, 1.5, 19.75, 9999.0, 9999.0, 9999.0, 119.75, 123.25, 118.75, 102.75, 134.25
2023-04-06, 21:56:59, 131.75, 51.5, 19.25, 26.5, 9999.0, 1.25, 1.75, 19.75, 9999.0, 9999.0, 9999.0, 119.75, 123.5, 118.75, 102.75, 134.25
2023-04-06, 21:57:03, 131.75, 51.75, 19.0, 26.5, 9999.0, 1.25, 1.5, 19.75, 9999.0, 9999.0, 9999.0, 119.5, 123.25, 119.0, 102.75, 134.25
2023-04-06, 21:57:07, 131.75, 51.5, 19.25, 26.25, 9999.0, 1.25, 1.5, 19.5, 9999.0, 9999.0, 9999.0, 119.5, 123.25, 118.75, 102.75, 134.25
2023-04-06, 21:57:11, 131.5, 51.5, 19.25, 26.25, 9999.0, 1.25, 1.5, 19.75, 9999.0, 9999.0, 9999.0, 119.5, 123.25, 119.0, 102.75, 134.25
2023-04-06, 21:57:15, 131.5, 51.5, 19.25, 26.5, 9999.0, 1.25, 1.5, 19.75, 9999.0, 9999.0, 9999.0, 119.5, 123.25, 119.0, 102.75, 134.25
2023-04-06, 21:57:19, 131.5, 51.5, 19.25, 26.25, 9999.0, 1.5, 1.5, 19.75, 9999.0, 9999.0, 9999.0, 119.25, 123.25, 119.0, 102.75, 134.25
2023-04-06, 21:57:23, 131.5, 51.5, 19.25, 26.5, 9999.0, 1.25, 1.5, 19.75, 9999.0, 9999.0, 9999.0, 119.5, 123.25, 119.0, 102.75, 134.25
2023-04-06, 21:57:27, 131.5, 51.5, 19.25, 26.25, 9999.0, 1.5, 1.5, 19.75, 9999.0, 9999.0, 9999.0, 119.5, 123.25, 119.0, 102.75, 134.25
2023-04-06, 21:57:31, 131.5, 51.5, 19.25, 26.25, 9999.0, 1.5, 1.5, 19.75, 9999.0, 9999.0, 9999.0, 119.25, 123.25, 119.0, 102.75, 134.25
2023-04-06, 21:57:35, 131.5, 51.5, 19.0, 26.25, 9999.0, 1.5, 1.5, 19.75, 9999.0, 9999.0, 9999.0, 120.0, 123.25, 119.0, 102.75, 134.25
2023-04-06, 21:57:39, 131.5, 51.5, 19.25, 26.5, 9999.0, 1.5, 1.5, 19.75, 9999.0, 9999.0, 9999.0, 120.0, 123.25, 119.0, 102.75, 134.25
2023-04-06, 21:57:43, 131.75, 51.5, 19.0, 26.5, 9999.0, 1.5, 1.75, 19.75, 9999.0, 9999.0, 9999.0, 120.0, 123.25, 119.0, 102.75, 134.25
2023-04-06, 21:57:47, 131.75, 51.5, 19.25, 26.5, 9999.0, 1.5, 1.75, 19.75, 9999.0, 9999.0, 9999.0, 120.0, 123.25, 119.0, 102.75, 134.25
2023-04-06, 21:57:51, 131.75, 51.5, 19.25, 26.5, 9999.0, 1.25, 1.75, 19.75, 9999.0, 9999.0, 9999.0, 120.0, 123.25, 119.0, 102.75, 134.25
2023-04-06, 21:57:55, 131.75, 51.5, 19.25, 26.25, 9999.0, 1.25, 1.75, 19.75, 9999.0, 9999.0, 9999.0, 120.0, 123.25, 118.75, 102.75, 134.25
2023-04-06, 21:57:59, 131.5, 51.5, 19.25, 26.5, 9999.0, 1.5, 1.5, 19.75, 9999.0, 9999.0, 9999.0, 119.75, 123.25, 118.75, 102.75, 134.25
2023-04-06, 21:58:03, 131.5, 51.75, 19.25, 26.5, 9999.0, 1.5, 1.5, 19.75, 9999.0, 9999.0, 9999.0, 119.75, 123.25, 118.75, 102.75, 134.25
2023-04-06, 21:58:07, 131.5, 51.75, 19.25, 26.25, 9999.0, 1.25, 1.5, 19.75, 9999.0, 9999.0, 9999.0, 119.75, 123.5, 119.0, 102.75, 134.25
2023-04-06, 21:58:11, 131.75, 51.5, 19.25, 26.25, 9999.0, 1.25, 1.5, 19.75, 9999.0, 9999.0, 9999.0, 119.75, 123.5, 119.0, 102.75, 134.25
2023-04-06, 21:58:15, 131.5, 51.5, 19.25, 26.25, 9999.0, 1.25, 1.5, 19.75, 9999.0, 9999.0, 9999.0, 119.75, 123.5, 119.0, 102.75, 134.25
2023-04-06, 21:58:19, 131.5, 51.75, 19.25, 26.25, 9999.0, 1.25, 1.5, 19.75, 9999.0, 9999.0, 9999.0, 119.75, 123.5, 119.0, 102.75, 134.25
2023-04-06, 21:58:23, 131.75, 51.75, 19.25, 26.25, 9999.0, 1.25, 1.5, 19.75, 9999.0, 9999.0, 9999.0, 119.75, 123.5, 119.0, 102.75, 134.25
2023-04-06, 21:58:27, 131.75, 51.5, 19.25, 26.25, 9999.0, 1.25, 1.5, 19.75, 9999.0, 9999.0, 9999.0, 119.5, 123.5, 118.75, 102.75, 134.25
2023-04-06, 21:58:31, 131.75, 51.75, 19.0, 26.25, 9999.0, 1.25, 1.5, 19.75, 9999.0, 9999.0, 9999.0, 119.75, 123.5, 119.0, 102.75, 134.25
2023-04-06, 21:58:35, 131.5, 51.75, 19.0, 26.0, 9999.0, 1.25, 1.5, 19.75, 9999.0, 9999.0, 9999.0, 119.5, 123.25, 119.0, 102.75, 134.25
2023-04-06, 21:58:39, 131.5, 51.75, 19.25, 26.5, 9999.0, 1.25, 1.5, 19.75, 9999.0, 9999.0, 9999.0, 119.5, 123.5, 119.0, 102.75, 134.5
2023-04-06, 21:58:43, 131.75, 51.75, 19.25, 26.25, 9999.0, 1.25, 1.5, 19.75, 9999.0, 9999.0, 9999.0, 119.5, 123.5, 119.0, 102.75, 134.25
2023-04-06, 21:58:47, 131.5, 51.5, 19.25, 26.25, 9999.0, 1.25, 1.5, 19.75, 9999.0, 9999.0, 9999.0, 119.5, 123.25, 118.75, 102.75, 134.25
2023-04-06, 21:58:51, 131.75, 51.75, 19.25, 26.5, 9999.0, 1.5, 1.5, 19.75, 9999.0, 9999.0, 9999.0, 119.25, 123.25, 119.0, 102.75, 134.25
2023-04-06, 21:58:55, 131.75, 51.5, 19.25, 26.25, 9999.0, 1.5, 1.5, 19.75, 9999.0, 9999.0, 9999.0, 119.25, 123.25, 119.0, 102.75, 134.25
2023-04-06, 21:58:59, 131.5, 51.75, 19.25, 26.5, 9999.0, 1.5, 1.5, 19.75, 9999.0, 9999.0, 9999.0, 120.25, 123.25, 119.0, 102.75, 134.25
2023-04-06, 21:59:03, 131.75, 51.75, 19.25, 26.25, 9999.0, 1.5, 1.5, 19.75, 9999.0, 9999.0, 9999.0, 120.0, 123.25, 119.0, 102.75, 134.25
2023-04-06, 21:59:07, 131.75, 51.75, 19.25, 26.0, 9999.0, 1.5, 1.5, 19.75, 9999.0, 9999.0, 9999.0, 120.0, 123.25, 119.0, 102.75, 134.25
2023-04-06, 21:59:11, 131.5, 51.75, 19.25, 26.0, 9999.0, 1.5, 1.5, 19.75, 9999.0, 9999.0, 9999.0, 120.0, 123.25, 118.75, 102.75, 134.25
2023-04-06, 21:59:15, 131.75, 51.5, 19.25, 26.25, 9999.0, 1.25, 1.5, 19.75, 9999.0, 9999.0, 9999.0, 119.75, 123.25, 119.0, 102.75, 134.25
2023-04-06, 21:59:19, 131.75, 51.5, 19.25, 26.25, 9999.0, 1.25, 1.5, 19.75, 9999.0, 9999.0, 9999.0, 119.75, 123.25, 118.75, 102.75, 134.25
2023-04-06, 21:59:23, 131.75, 51.5, 19.0, 26.25, 9999.0, 1.25, 1.5, 19.75, 9999.0, 9999.0, 9999.0, 119.75, 123.25, 119.0, 102.75, 134.25
2023-04-06, 21:59:27, 131.75, 51.75, 19.25, 26.5, 9999.0, 1.25, 1.5, 19.75, 9999.0, 9999.0, 9999.0, 119.75, 123.5, 118.75, 103.0, 134.25
2023-04-06, 21:59:31, 131.75, 51.5, 19.25, 26.25, 9999.0, 1.25, 1.5, 19.75, 9999.0, 9999.0, 9999.0, 119.75, 123.5, 118.75, 102.75, 134.25
2023-04-06, 21:59:35, 131.75, 51.75, 19.25, 26.25, 9999.0, 1.25, 1.5, 19.75, 9999.0, 9999.0, 9999.0, 119.75, 123.5, 118.75, 103.0, 134.25
2023-04-06, 21:59:39, 131.75, 51.75, 19.25, 26.25, 9999.0, 1.25, 1.5, 19.75, 9999.0, 9999.0, 9999.0, 119.75, 123.25, 119.0, 102.75, 134.5
2023-04-06, 21:59:43, 131.75, 51.75, 19.25, 26.5, 9999.0, 1.25, 1.5, 19.75, 9999.0, 9999.0, 9999.0, 119.75, 123.5, 119.0, 102.75, 134.25
2023-04-06, 21:59:47, 131.75, 51.75, 19.0, 26.25, 9999.0, 1.25, 1.5, 19.75, 9999.0, 9999.0, 9999.0, 119.75, 123.5, 118.75, 103.0, 134.25
2023-04-06, 21:59:51, 131.75, 51.5, 19.25, 26.5, 9999.0, 1.25, 1.5, 19.75, 9999.0, 9999.0, 9999.0, 119.75, 123.5, 119.0, 102.75, 134.5
2023-04-06, 21:59:55, 131.75, 51.75, 19.25, 26.5, 9999.0, 1.25, 1.5, 19.75, 9999.0, 9999.0, 9999.0, 119.75, 123.5, 118.75, 102.75, 134.25
2023-04-06, 21:59:59, 131.75, 51.75, 19.25, 26.5, 9999.0, 1.25, 1.5, 19.75, 9999.0, 9999.0, 9999.0, 119.5, 123.5, 119.0, 102.75, 134.25
2023-04-06, 22:00:03, 131.75, 51.5, 19.25, 26.5, 9999.0, 1.25, 1.5, 19.75, 9999.0, 9999.0, 9999.0, 119.5, 123.25, 118.75, 102.75, 134.25
2023-04-06, 22:00:07, 131.75, 51.75, 19.25, 26.5, 9999.0, 1.25, 1.5, 19.75, 9999.0, 9999.0, 9999.0, 119.5, 123.5, 119.0, 102.75, 134.25
2023-04-06, 22:00:11, 131.75, 51.75, 19.25, 26.5, 9999.0, 1.5, 1.5, 19.75, 9999.0, 9999.0, 9999.0, 119.5, 123.25, 119.0, 102.75, 134.25
2023-04-06, 22:00:15, 131.75, 51.75, 19.25, 26.25, 9999.0, 1.5, 1.5, 19.75, 9999.0, 9999.0, 9999.0, 119.5, 123.5, 118.75, 102.75, 134.25
2023-04-06, 22:00:19, 131.75, 51.5, 19.25, 26.25, 9999.0, 1.5, 1.5, 19.75, 9999.0, 9999.0, 9999.0, 120.25, 123.25, 119.0, 102.75, 134.25
2023-04-06, 22:00:24, 131.75, 51.75, 19.25, 26.5, 9999.0, 1.5, 1.5, 19.75, 9999.0, 9999.0, 9999.0, 120.0, 123.25, 119.0, 102.75, 134.25
2023-04-06, 22:00:28, 131.75, 51.75, 19.25, 26.5, 9999.0, 1.5, 1.5, 19.75, 9999.0, 9999.0, 9999.0, 120.0, 123.25, 118.75, 102.75, 134.5
2023-04-06, 22:00:32, 131.75, 51.75, 19.25, 26.25, 9999.0, 1.5, 1.5, 19.75, 9999.0, 9999.0, 9999.0, 120.0, 123.5, 118.75, 102.75, 134.25
2023-04-06, 22:00:36, 131.75, 51.5, 19.25, 26.25, 9999.0, 1.25, 1.5, 19.75, 9999.0, 9999.0, 9999.0, 120.0, 123.25, 118.75, 102.75, 134.25
2023-04-06, 22:00:40, 131.75, 51.75, 19.25, 26.25, 9999.0, 1.25, 1.5, 19.75, 9999.0, 9999.0, 9999.0, 120.0, 123.25, 119.0, 102.75, 134.25
2023-04-06, 22:00:44, 131.75, 51.5, 19.0, 26.25, 9999.0, 1.25, 1.5, 19.75, 9999.0, 9999.0, 9999.0, 120.0, 123.25, 118.75, 102.75, 134.25
2023-04-06, 22:00:48, 131.5, 51.75, 19.25, 26.25, 9999.0, 1.25, 1.5, 19.75, 9999.0, 9999.0, 9999.0, 119.75, 123.25, 119.0, 102.75, 134.25
2023-04-06, 22:00:52, 131.5, 51.75, 19.25, 26.25, 9999.0, 1.25, 1.5, 19.75, 9999.0, 9999.0, 9999.0, 119.75, 123.5, 119.0, 102.75, 134.25
2023-04-06, 22:00:56, 131.75, 51.5, 19.25, 26.25, 9999.0, 1.25, 1.5, 19.75, 9999.0, 9999.0, 9999.0, 119.75, 123.5, 119.0, 102.75, 134.25
2023-04-06, 22:01:00, 131.75, 51.75, 19.25, 26.25, 9999.0, 1.25, 1.5, 19.75, 9999.0, 9999.0, 9999.0, 119.75, 123.5, 119.0, 102.75, 134.25
2023-04-06, 22:01:04, 131.75, 51.5, 19.25, 26.25, 9999.0, 1.25, 1.5, 19.75, 9999.0, 9999.0, 9999.0, 119.75, 123.5, 119.0, 102.75, 134.25
2023-04-06, 22:01:08, 131.75, 51.5, 19.0, 26.25, 9999.0, 1.25, 1.5, 19.75, 9999.0, 9999.0, 9999.0, 119.5, 123.25, 119.0, 102.75, 134.5
2023-04-06, 22:01:12, 131.75, 51.75, 19.0, 26.25, 9999.0, 1.25, 1.5, 19.75, 9999.0, 9999.0, 9999.0, 119.75, 123.5, 119.0, 102.75, 134.25
2023-04-06, 22:01:16, 131.5, 51.5, 19.25, 26.25, 9999.0, 1.25, 1.5, 19.75, 9999.0, 9999.0, 9999.0, 119.5, 123.25, 118.75, 102.75, 134.25
2023-04-06, 22:01:20, 131.75, 51.5, 19.0, 26.25, 9999.0, 1.0, 1.25, 19.75, 9999.0, 9999.0, 9999.0, 119.5, 123.5, 119.0, 102.75, 134.25
2023-04-06, 22:01:24, 131.5, 51.5, 19.25, 26.5, 9999.0, 1.25, 1.5, 19.75, 9999.0, 9999.0, 9999.0, 119.5, 123.25, 119.0, 102.75, 134.25
2023-04-06, 22:01:28, 131.75, 51.75, 19.25, 26.5, 9999.0, 1.25, 1.5, 19.75, 9999.0, 9999.0, 9999.0, 119.5, 123.25, 119.0, 102.75, 134.25
2023-04-06, 22:01:32, 131.5, 51.5, 19.25, 26.25, 9999.0, 1.25, 1.25, 19.75, 9999.0, 9999.0, 9999.0, 119.5, 123.25, 119.0, 102.75, 134.25
2023-04-06, 22:01:36, 131.5, 51.25, 19.25, 26.25, 9999.0, 1.5, 1.5, 19.75, 9999.0, 9999.0, 9999.0, 119.5, 123.25, 118.75, 102.75, 134.25
2023-04-06, 22:01:40, 131.5, 51.5, 19.25, 26.25, 9999.0, 1.5, 1.5, 19.75, 9999.0, 9999.0, 9999.0, 119.5, 123.25, 118.75, 102.75, 134.25
2023-04-06, 22:01:44, 131.5, 51.75, 19.25, 26.5, 9999.0, 1.5, 1.5, 19.75, 9999.0, 9999.0, 9999.0, 120.25, 123.25, 119.0, 102.75, 134.25
2023-04-06, 22:01:48, 131.75, 51.5, 19.0, 26.5, 9999.0, 1.25, 1.5, 19.75, 9999.0, 9999.0, 9999.0, 120.0, 123.25, 118.75, 102.75, 134.25
2023-04-06, 22:01:52, 131.75, 51.5, 19.0, 26.25, 9999.0, 1.5, 1.5, 19.75, 9999.0, 9999.0, 9999.0, 120.0, 123.25, 119.0, 102.75, 134.25
2023-04-06, 22:01:56, 131.75, 51.75, 19.0, 26.25, 9999.0, 1.5, 1.5, 19.75, 9999.0, 9999.0, 9999.0, 120.0, 123.25, 118.75, 102.75, 134.25
2023-04-06, 22:02:00, 131.5, 51.75, 19.25, 26.25, 9999.0, 1.25, 1.5, 19.75, 9999.0, 9999.0, 9999.0, 120.0, 123.25, 119.0, 102.75, 134.25
2023-04-06, 22:02:04, 131.75, 51.5, 19.25, 26.25, 9999.0, 1.25, 1.5, 19.75, 9999.0, 9999.0, 9999.0, 119.75, 123.25, 119.0, 102.75, 134.25
2023-04-06, 22:02:08, 131.5, 51.5, 19.25, 26.25, 9999.0, 1.25, 1.5, 19.75, 9999.0, 9999.0, 9999.0, 119.75, 123.25, 118.75, 102.75, 134.25
2023-04-06, 22:02:12, 131.75, 51.75, 19.25, 26.25, 9999.0, 1.25, 1.5, 19.75, 9999.0, 9999.0, 9999.0, 119.75, 123.25, 118.75, 102.75, 134.25
2023-04-06, 22:02:16, 131.5, 51.5, 19.25, 26.25, 9999.0, 1.25, 1.5, 19.75, 9999.0, 9999.0, 9999.0, 119.75, 123.5, 118.75, 102.75, 134.25
2023-04-06, 22:02:20, 131.75, 51.75, 19.0, 26.25, 9999.0, 1.25, 1.5, 19.75, 9999.0, 9999.0, 9999.0, 119.75, 123.25, 118.75, 102.75, 134.25
2023-04-06, 22:02:24, 131.5, 51.5, 19.25, 26.25, 9999.0, 1.25, 1.5, 19.75, 9999.0, 9999.0, 9999.0, 119.75, 123.5, 118.75, 102.75, 134.5
2023-04-06, 22:02:28, 131.75, 51.5, 19.25, 26.25, 9999.0, 1.25, 1.5, 19.75, 9999.0, 9999.0, 9999.0, 119.5, 123.25, 118.75, 102.75, 134.25
2023-04-06, 22:02:32, 131.5, 51.5, 19.0, 26.25, 9999.0, 1.25, 1.5, 19.5, 9999.0, 9999.0, 9999.0, 119.75, 123.5, 118.75, 102.75, 134.25
2023-04-06, 22:02:36, 131.75, 51.5, 19.25, 26.25, 9999.0, 1.0, 1.5, 19.75, 9999.0, 9999.0, 9999.0, 119.5, 123.25, 118.75, 102.75, 134.25
2023-04-06, 22:02:40, 131.5, 51.5, 19.25, 26.25, 9999.0, 1.25, 1.5, 19.75, 9999.0, 9999.0, 9999.0, 119.5, 123.5, 119.0, 102.75, 134.25
2023-04-06, 22:02:44, 131.75, 51.5, 19.25, 26.25, 9999.0, 1.0, 1.5, 19.75, 9999.0, 9999.0, 9999.0, 119.5, 123.25, 119.0, 102.75, 134.25
2023-04-06, 22:02:48, 131.5, 51.5, 19.25, 26.25, 9999.0, 1.25, 1.25, 19.75, 9999.0, 9999.0, 9999.0, 119.5, 123.25, 119.0, 102.75, 134.25
2023-04-06, 22:02:52, 131.5, 51.5, 19.25, 26.5, 9999.0, 1.25, 1.5, 19.75, 9999.0, 9999.0, 9999.0, 119.5, 123.5, 118.75, 102.75, 134.25
2023-04-06, 22:02:56, 131.75, 51.5, 19.25, 26.25, 9999.0, 1.25, 1.5, 19.75, 9999.0, 9999.0, 9999.0, 119.5, 123.25, 119.0, 102.75, 134.25
2023-04-06, 22:03:00, 131.75, 51.5, 19.25, 26.25, 9999.0, 1.5, 1.5, 19.75, 9999.0, 9999.0, 9999.0, 119.5, 123.25, 119.0, 102.75, 134.25
2023-04-06, 22:03:04, 131.5, 51.5, 19.25, 26.5, 9999.0, 1.5, 1.5, 19.75, 9999.0, 9999.0, 9999.0, 120.25, 123.25, 118.75, 102.75, 134.25
2023-04-06, 22:03:08, 131.5, 51.5, 19.25, 26.5, 9999.0, 1.25, 1.5, 19.75, 9999.0, 9999.0, 9999.0, 120.25, 123.25, 118.75, 102.75, 134.25
2023-04-06, 22:03:12, 131.5, 51.5, 19.25, 26.5, 9999.0, 1.25, 1.5, 19.75, 9999.0, 9999.0, 9999.0, 120.0, 123.25, 119.0, 102.75, 134.25
2023-04-06, 22:03:16, 131.75, 51.5, 19.25, 26.5, 9999.0, 1.25, 1.5, 19.75, 9999.0, 9999.0, 9999.0, 120.0, 123.25, 119.0, 102.75, 134.25
2023-04-06, 22:03:20, 131.5, 51.5, 19.25, 26.25, 9999.0, 1.25, 1.5, 19.75, 9999.0, 9999.0, 9999.0, 119.75, 123.25, 119.0, 102.75, 134.25
2023-04-06, 22:03:24, 131.75, 51.5, 19.0, 26.25, 9999.0, 1.25, 1.5, 19.75, 9999.0, 9999.0, 9999.0, 119.75, 123.25, 118.75, 102.75, 134.25
2023-04-06, 22:03:28, 131.5, 51.5, 19.25, 26.25, 9999.0, 1.25, 1.5, 19.75, 9999.0, 9999.0, 9999.0, 119.75, 123.25, 118.75, 102.75, 134.25
2023-04-06, 22:03:32, 131.75, 51.5, 19.25, 26.5, 9999.0, 1.25, 1.5, 19.75, 9999.0, 9999.0, 9999.0, 119.75, 123.25, 118.75, 102.75, 134.25
2023-04-06, 22:03:36, 131.5, 51.5, 19.0, 26.25, 9999.0, 1.25, 1.5, 19.75, 9999.0, 9999.0, 9999.0, 119.75, 123.5, 119.0, 102.75, 134.25
2023-04-06, 22:03:40, 131.75, 51.5, 19.0, 26.25, 9999.0, 1.25, 1.5, 19.75, 9999.0, 9999.0, 9999.0, 119.75, 123.5, 118.75, 102.75, 134.25
2023-04-06, 22:03:44, 131.5, 51.5, 19.25, 26.0, 9999.0, 1.25, 1.5, 19.75, 9999.0, 9999.0, 9999.0, 119.75, 123.5, 118.75, 102.75, 134.25
2023-04-06, 22:03:48, 131.5, 51.5, 19.0, 26.0, 9999.0, 1.25, 1.5, 19.75, 9999.0, 9999.0, 9999.0, 119.75, 123.5, 118.75, 102.75, 134.25
2023-04-06, 22:03:52, 131.5, 51.5, 19.25, 25.75, 9999.0, 1.0, 1.5, 19.75, 9999.0, 9999.0, 9999.0, 119.75, 123.5, 119.0, 102.75, 134.25
2023-04-06, 22:03:56, 131.5, 51.5, 19.25, 26.0, 9999.0, 1.25, 1.5, 19.75, 9999.0, 9999.0, 9999.0, 119.5, 123.5, 118.75, 102.75, 134.25
2023-04-06, 22:04:00, 131.75, 51.5, 19.25, 26.0, 9999.0, 1.25, 1.5, 19.75, 9999.0, 9999.0, 9999.0, 119.5, 123.5, 119.0, 102.75, 134.25
2023-04-06, 22:04:04, 131.75, 51.5, 19.25, 26.0, 9999.0, 1.25, 1.5, 19.75, 9999.0, 9999.0, 9999.0, 119.5, 123.5, 119.0, 102.75, 134.25
2023-04-06, 22:04:08, 131.5, 51.5, 19.25, 26.25, 9999.0, 1.0, 1.5, 19.75, 9999.0, 9999.0, 9999.0, 119.5, 123.5, 119.0, 102.75, 134.25
2023-04-06, 22:04:12, 131.5, 51.5, 19.25, 26.25, 9999.0, 1.25, 1.25, 19.75, 9999.0, 9999.0, 9999.0, 119.5, 123.5, 119.0, 102.75, 134.25
2023-04-06, 22:04:16, 131.75, 51.75, 19.25, 26.25, 9999.0, 1.25, 1.5, 19.75, 9999.0, 9999.0, 9999.0, 119.5, 123.5, 119.0, 102.75, 134.25
2023-04-06, 22:04:20, 131.5, 51.5, 19.25, 26.25, 9999.0, 1.5, 1.5, 19.75, 9999.0, 9999.0, 9999.0, 119.5, 123.25, 118.75, 102.75, 134.25
2023-04-06, 22:04:24, 131.5, 51.5, 19.25, 26.25, 9999.0, 1.25, 1.5, 19.75, 9999.0, 9999.0, 9999.0, 119.5, 123.25, 119.0, 102.75, 134.25
2023-04-06, 22:04:28, 131.5, 51.5, 19.25, 26.25, 9999.0, 1.5, 1.5, 19.75, 9999.0, 9999.0, 9999.0, 120.0, 123.25, 118.75, 102.75, 134.25
2023-04-06, 22:04:32, 131.5, 51.5, 19.25, 26.25, 9999.0, 1.25, 1.5, 19.75, 9999.0, 9999.0, 9999.0, 120.0, 123.25, 119.0, 102.5, 134.0
2023-04-06, 22:04:36, 131.75, 51.5, 19.25, 26.5, 9999.0, 1.25, 1.5, 19.75, 9999.0, 9999.0, 9999.0, 120.0, 123.25, 119.0, 102.75, 134.25
2023-04-06, 22:04:40, 131.75, 51.5, 19.25, 26.5, 9999.0, 1.25, 1.5, 19.75, 9999.0, 9999.0, 9999.0, 120.0, 123.25, 119.0, 102.75, 134.25
2023-04-06, 22:04:44, 131.75, 51.5, 19.25, 26.25, 9999.0, 1.25, 1.5, 19.75, 9999.0, 9999.0, 9999.0, 120.0, 123.25, 118.75, 102.75, 134.25
2023-04-06, 22:04:49, 131.5, 51.5, 19.25, 26.25, 9999.0, 1.25, 1.5, 19.75, 9999.0, 9999.0, 9999.0, 119.75, 123.25, 119.0, 102.75, 134.25
2023-04-06, 22:04:53, 131.5, 51.5, 19.25, 26.5, 9999.0, 1.25, 1.5, 19.5, 9999.0, 9999.0, 9999.0, 119.75, 123.25, 118.75, 102.75, 134.25
2023-04-06, 22:04:57, 131.5, 51.5, 19.25, 26.25, 9999.0, 1.25, 1.5, 19.75, 9999.0, 9999.0, 9999.0, 119.75, 123.5, 119.0, 102.75, 134.25
2023-04-06, 22:05:01, 131.5, 51.5, 19.25, 26.5, 9999.0, 1.25, 1.5, 19.75, 9999.0, 9999.0, 9999.0, 119.75, 123.5, 118.75, 102.75, 134.25
2023-04-06, 22:05:05, 131.5, 51.5, 19.25, 26.5, 9999.0, 1.25, 1.5, 19.75, 9999.0, 9999.0, 9999.0, 119.75, 123.5, 119.0, 102.75, 134.25
2023-04-06, 22:05:09, 131.75, 51.5, 19.0, 26.25, 9999.0, 1.0, 1.25, 19.5, 9999.0, 9999.0, 9999.0, 119.75, 123.5, 119.0, 102.75, 134.25
2023-04-06, 22:05:13, 131.5, 51.5, 19.25, 26.25, 9999.0, 1.25, 1.5, 19.75, 9999.0, 9999.0, 9999.0, 119.5, 123.5, 118.75, 102.75, 134.25
2023-04-06, 22:05:17, 131.5, 51.5, 19.25, 26.25, 9999.0, 1.25, 1.5, 19.5, 9999.0, 9999.0, 9999.0, 119.75, 123.25, 118.75, 102.75, 134.25
2023-04-06, 22:05:21, 131.5, 51.5, 19.0, 26.0, 9999.0, 1.25, 1.5, 19.75, 9999.0, 9999.0, 9999.0, 119.5, 123.25, 118.75, 102.75, 134.25
2023-04-06, 22:05:25, 131.5, 51.5, 19.0, 26.0, 9999.0, 1.25, 1.25, 19.75, 9999.0, 9999.0, 9999.0, 119.5, 123.5, 118.75, 102.75, 134.25
2023-04-06, 22:05:29, 131.75, 51.5, 19.0, 26.25, 9999.0, 1.0, 1.5, 19.75, 9999.0, 9999.0, 9999.0, 119.5, 123.5, 119.0, 102.75, 134.25
2023-04-06, 22:05:33, 131.5, 51.5, 19.0, 26.0, 9999.0, 1.25, 1.25, 19.75, 9999.0, 9999.0, 9999.0, 119.5, 123.5, 119.0, 102.75, 134.25
2023-04-06, 22:05:37, 131.5, 51.5, 19.25, 26.0, 9999.0, 1.25, 1.5, 19.5, 9999.0, 9999.0, 9999.0, 119.5, 123.25, 119.0, 102.75, 134.25
2023-04-06, 22:05:41, 131.5, 51.5, 19.25, 26.25, 9999.0, 1.25, 1.25, 19.75, 9999.0, 9999.0, 9999.0, 119.5, 123.5, 119.0, 102.75, 134.25
2023-04-06, 22:05:45, 131.5, 51.5, 19.0, 26.25, 9999.0, 1.25, 1.5, 19.75, 9999.0, 9999.0, 9999.0, 119.5, 123.25, 118.75, 102.75, 134.25
2023-04-06, 22:05:49, 131.75, 51.5, 19.0, 26.25, 9999.0, 1.25, 1.5, 19.75, 9999.0, 9999.0, 9999.0, 120.0, 123.25, 119.0, 102.75, 134.25
2023-04-06, 22:05:53, 131.75, 51.5, 19.25, 26.25, 9999.0, 1.5, 1.25, 19.75, 9999.0, 9999.0, 9999.0, 120.0, 123.25, 119.0, 102.75, 134.25
2023-04-06, 22:05:57, 131.75, 51.5, 19.25, 26.25, 9999.0, 1.25, 1.5, 19.75, 9999.0, 9999.0, 9999.0, 120.0, 123.25, 119.0, 102.75, 134.25
2023-04-06, 22:06:01, 131.5, 51.5, 19.25, 26.25, 9999.0, 1.25, 1.5, 19.75, 9999.0, 9999.0, 9999.0, 120.0, 123.25, 118.75, 102.75, 134.25
2023-04-06, 22:06:05, 131.5, 51.5, 19.5, 26.0, 9999.0, 1.25, 1.5, 19.75, 9999.0, 9999.0, 9999.0, 120.0, 123.25, 118.75, 102.75, 134.25
2023-04-06, 22:06:09, 131.75, 51.5, 19.25, 26.0, 9999.0, 1.25, 1.5, 19.5, 9999.0, 9999.0, 9999.0, 119.75, 123.5, 119.0, 102.75, 134.25
2023-04-06, 22:06:13, 131.75, 51.5, 19.25, 26.25, 9999.0, 1.25, 1.5, 19.5, 9999.0, 9999.0, 9999.0, 119.75, 123.5, 118.75, 102.75, 134.25
2023-04-06, 22:06:17, 131.5, 51.5, 19.25, 26.25, 9999.0, 1.25, 1.25, 19.5, 9999.0, 9999.0, 9999.0, 119.75, 123.25, 119.0, 102.75, 134.25
2023-04-06, 22:06:21, 131.5, 51.5, 19.0, 26.25, 9999.0, 1.25, 1.5, 19.5, 9999.0, 9999.0, 9999.0, 119.75, 123.5, 119.0, 102.75, 134.25
2023-04-06, 22:06:25, 131.75, 51.5, 19.25, 26.0, 9999.0, 1.25, 1.5, 19.75, 9999.0, 9999.0, 9999.0, 119.75, 123.5, 119.0, 102.75, 134.25
2023-04-06, 22:06:29, 131.5, 51.5, 19.0, 26.0, 9999.0, 1.0, 1.5, 19.75, 9999.0, 9999.0, 9999.0, 119.75, 123.5, 119.0, 102.75, 134.25
2023-04-06, 22:06:33, 131.5, 51.5, 19.0, 26.25, 9999.0, 1.0, 1.5, 19.75, 9999.0, 9999.0, 9999.0, 119.5, 123.5, 119.0, 102.75, 134.25
2023-04-06, 22:06:37, 131.75, 51.5, 19.25, 26.0, 9999.0, 1.25, 1.5, 19.5, 9999.0, 9999.0, 9999.0, 119.75, 123.5, 119.0, 102.75, 134.25
2023-04-06, 22:06:41, 131.5, 51.5, 19.25, 26.0, 9999.0, 1.25, 1.25, 19.75, 9999.0, 9999.0, 9999.0, 119.5, 123.5, 118.75, 102.75, 134.25
2023-04-06, 22:06:45, 131.5, 51.5, 19.25, 26.0, 9999.0, 1.0, 1.25, 19.75, 9999.0, 9999.0, 9999.0, 119.5, 123.5, 118.75, 102.75, 134.25
2023-04-06, 22:06:49, 131.5, 51.5, 19.25, 26.25, 9999.0, 1.0, 1.25, 19.75, 9999.0, 9999.0, 9999.0, 119.5, 123.5, 119.0, 102.75, 134.25
2023-04-06, 22:06:53, 131.75, 51.5, 19.25, 26.25, 9999.0, 1.25, 1.5, 19.75, 9999.0, 9999.0, 9999.0, 119.5, 123.25, 119.0, 102.75, 134.25
2023-04-06, 22:06:57, 131.5, 51.5, 19.0, 26.25, 9999.0, 1.25, 1.25, 19.5, 9999.0, 9999.0, 9999.0, 119.5, 123.25, 119.0, 102.75, 134.25
2023-04-06, 22:07:01, 131.5, 51.5, 19.0, 26.25, 9999.0, 1.25, 1.25, 19.75, 9999.0, 9999.0, 9999.0, 119.5, 123.25, 119.0, 102.75, 134.25
2023-04-06, 22:07:05, 131.75, 51.5, 19.25, 26.25, 9999.0, 1.5, 1.5, 19.5, 9999.0, 9999.0, 9999.0, 119.25, 123.25, 119.0, 102.75, 134.25
2023-04-06, 22:07:09, 131.5, 51.5, 19.0, 26.25, 9999.0, 1.25, 1.5, 19.75, 9999.0, 9999.0, 9999.0, 119.5, 123.25, 119.0, 102.75, 134.25
2023-04-06, 22:07:13, 131.5, 51.5, 19.0, 26.25, 9999.0, 1.25, 1.25, 19.75, 9999.0, 9999.0, 9999.0, 120.0, 123.25, 118.75, 102.75, 134.25
2023-04-06, 22:07:17, 131.75, 51.5, 19.0, 26.0, 9999.0, 1.25, 1.5, 19.75, 9999.0, 9999.0, 9999.0, 120.0, 123.25, 118.75, 102.75, 134.25
2023-04-06, 22:07:21, 131.75, 51.5, 19.0, 26.0, 9999.0, 1.25, 1.25, 19.75, 9999.0, 9999.0, 9999.0, 120.0, 123.25, 119.0, 102.75, 134.25
2023-04-06, 22:07:25, 131.5, 51.5, 19.0, 26.0, 9999.0, 1.25, 1.5, 19.75, 9999.0, 9999.0, 9999.0, 120.0, 123.25, 118.75, 102.75, 134.25
2023-04-06, 22:07:29, 131.75, 51.5, 19.0, 26.25, 9999.0, 1.25, 1.5, 19.75, 9999.0, 9999.0, 9999.0, 119.75, 123.25, 119.0, 102.75, 134.25
2023-04-06, 22:07:33, 131.75, 51.5, 19.25, 26.0, 9999.0, 1.25, 1.5, 19.75, 9999.0, 9999.0, 9999.0, 119.75, 123.25, 118.75, 102.75, 134.25
2023-04-06, 22:07:37, 131.75, 51.5, 19.25, 26.0, 9999.0, 1.25, 1.5, 19.5, 9999.0, 9999.0, 9999.0, 119.75, 123.25, 119.0, 102.75, 134.25
2023-04-06, 22:07:41, 131.5, 51.5, 19.0, 26.25, 9999.0, 1.25, 1.5, 19.5, 9999.0, 9999.0, 9999.0, 119.75, 123.5, 119.0, 102.75, 134.25
2023-04-06, 22:07:45, 131.75, 51.5, 19.25, 26.25, 9999.0, 1.25, 1.5, 19.5, 9999.0, 9999.0, 9999.0, 119.75, 123.5, 119.0, 102.75, 134.25
2023-04-06, 22:07:49, 131.5, 51.5, 19.0, 26.25, 9999.0, 1.25, 1.5, 19.5, 9999.0, 9999.0, 9999.0, 119.75, 123.5, 119.0, 102.75, 134.25
2023-04-06, 22:07:53, 131.5, 51.5, 19.25, 26.25, 9999.0, 1.25, 1.5, 19.5, 9999.0, 9999.0, 9999.0, 119.75, 123.5, 119.0, 102.75, 134.25
2023-04-06, 22:07:57, 131.5, 51.5, 19.25, 26.25, 9999.0, 1.25, 1.25, 19.75, 9999.0, 9999.0, 9999.0, 119.75, 123.5, 119.0, 102.75, 134.25
2023-04-06, 22:08:01, 131.5, 51.5, 19.25, 26.0, 9999.0, 1.0, 1.5, 19.75, 9999.0, 9999.0, 9999.0, 119.5, 123.5, 119.0, 102.75, 134.25
2023-04-06, 22:08:05, 131.75, 51.5, 19.25, 26.25, 9999.0, 1.0, 1.5, 19.75, 9999.0, 9999.0, 9999.0, 119.75, 123.5, 119.0, 102.75, 134.25
2023-04-06, 22:08:09, 131.5, 51.5, 19.25, 26.0, 9999.0, 1.25, 1.5, 19.75, 9999.0, 9999.0, 9999.0, 119.5, 123.5, 119.0, 102.75, 134.25
2023-04-06, 22:08:13, 131.5, 51.5, 19.25, 26.25, 9999.0, 1.0, 1.25, 19.5, 9999.0, 9999.0, 9999.0, 119.5, 123.5, 119.0, 102.75, 134.25
2023-04-06, 22:08:17, 131.5, 51.5, 19.25, 26.25, 9999.0, 1.25, 1.5, 19.75, 9999.0, 9999.0, 9999.0, 119.5, 123.5, 119.0, 102.75, 134.25
2023-04-06, 22:08:21, 131.5, 51.5, 19.25, 26.25, 9999.0, 1.25, 1.25, 19.75, 9999.0, 9999.0, 9999.0, 119.5, 123.5, 119.0, 102.75, 134.25
2023-04-06, 22:08:25, 131.5, 51.5, 19.0, 26.0, 9999.0, 1.25, 1.5, 19.75, 9999.0, 9999.0, 9999.0, 119.5, 123.5, 119.0, 102.75, 134.25
2023-04-06, 22:08:29, 131.5, 51.75, 19.25, 26.0, 9999.0, 1.5, 1.5, 19.75, 9999.0, 9999.0, 9999.0, 119.5, 123.25, 118.75, 102.75, 134.25
2023-04-06, 22:08:33, 131.5, 51.5, 19.25, 26.25, 9999.0, 1.25, 1.5, 19.75, 9999.0, 9999.0, 9999.0, 120.25, 123.5, 119.0, 102.75, 134.25
2023-04-06, 22:08:37, 131.5, 51.5, 19.25, 26.25, 9999.0, 1.5, 1.5, 19.75, 9999.0, 9999.0, 9999.0, 120.0, 123.25, 119.0, 102.75, 134.25
2023-04-06, 22:08:41, 131.5, 51.5, 19.0, 26.25, 9999.0, 1.25, 1.25, 19.75, 9999.0, 9999.0, 9999.0, 120.0, 123.25, 119.0, 102.75, 134.25
2023-04-06, 22:08:45, 131.75, 51.5, 19.25, 26.25, 9999.0, 1.25, 1.5, 19.75, 9999.0, 9999.0, 9999.0, 120.0, 123.25, 119.0, 102.75, 134.25
2023-04-06, 22:08:49, 131.5, 51.75, 19.25, 26.0, 9999.0, 1.25, 1.5, 19.75, 9999.0, 9999.0, 9999.0, 120.0, 123.25, 119.0, 102.75, 134.25
2023-04-06, 22:08:53, 131.75, 51.5, 19.25, 26.25, 9999.0, 1.25, 1.5, 19.75, 9999.0, 9999.0, 9999.0, 119.75, 123.25, 119.0, 102.75, 134.25
2023-04-06, 22:08:57, 131.75, 51.5, 19.25, 26.25, 9999.0, 1.25, 1.5, 19.5, 9999.0, 9999.0, 9999.0, 119.75, 123.25, 119.0, 102.75, 134.25
2023-04-06, 22:09:01, 131.75, 51.5, 19.25, 26.25, 9999.0, 1.25, 1.5, 19.5, 9999.0, 9999.0, 9999.0, 119.75, 123.25, 119.0, 102.75, 134.25
2023-04-06, 22:09:05, 131.5, 51.5, 19.5, 26.0, 9999.0, 1.25, 1.5, 19.75, 9999.0, 9999.0, 9999.0, 119.75, 123.5, 119.0, 102.75, 134.25
2023-04-06, 22:09:09, 131.5, 51.5, 19.25, 26.0, 9999.0, 1.25, 1.5, 19.75, 9999.0, 9999.0, 9999.0, 120.0, 123.5, 119.0, 102.75, 134.25
2023-04-06, 22:09:13, 131.75, 51.5, 19.25, 26.0, 9999.0, 1.25, 1.5, 19.75, 9999.0, 9999.0, 9999.0, 119.75, 123.5, 119.0, 102.75, 134.5
2023-04-06, 22:09:18, 131.5, 51.5, 19.25, 26.25, 9999.0, 1.25, 1.5, 19.75, 9999.0, 9999.0, 9999.0, 119.75, 123.5, 119.0, 102.75, 134.25
2023-04-06, 22:09:22, 131.75, 51.5, 19.25, 26.25, 9999.0, 1.25, 1.5, 19.75, 9999.0, 9999.0, 9999.0, 119.75, 123.5, 119.0, 102.75, 134.5
2023-04-06, 22:09:26, 131.75, 51.5, 19.25, 26.25, 9999.0, 1.25, 1.5, 19.75, 9999.0, 9999.0, 9999.0, 119.5, 123.5, 118.75, 102.75, 134.5
2023-04-06, 22:09:30, 131.75, 51.5, 19.25, 26.25, 9999.0, 1.25, 1.5, 19.5, 9999.0, 9999.0, 9999.0, 119.5, 123.5, 119.0, 102.75, 134.25
2023-04-06, 22:09:34, 131.75, 51.75, 19.25, 26.25, 9999.0, 1.25, 1.5, 19.75, 9999.0, 9999.0, 9999.0, 119.5, 123.5, 119.0, 102.75, 134.25
2023-04-06, 22:09:38, 131.75, 51.75, 19.25, 26.25, 9999.0, 1.25, 1.5, 19.75, 9999.0, 9999.0, 9999.0, 119.5, 123.5, 119.0, 102.75, 134.5
2023-04-06, 22:09:42, 131.75, 51.5, 19.25, 26.25, 9999.0, 1.25, 1.5, 19.75, 9999.0, 9999.0, 9999.0, 119.5, 123.25, 119.0, 102.75, 134.25
2023-04-06, 22:09:46, 131.75, 51.75, 19.25, 26.0, 9999.0, 1.25, 1.5, 19.5, 9999.0, 9999.0, 9999.0, 119.5, 123.5, 119.0, 102.75, 134.25
2023-04-06, 22:09:50, 131.5, 51.75, 19.25, 26.25, 9999.0, 1.75, 1.5, 19.75, 9999.0, 9999.0, 9999.0, 119.5, 123.5, 119.0, 102.75, 134.25
2023-04-06, 22:09:54, 131.75, 51.5, 19.25, 26.25, 9999.0, 1.5, 1.5, 19.75, 9999.0, 9999.0, 9999.0, 120.25, 123.5, 119.0, 102.75, 134.25
2023-04-06, 22:09:58, 131.75, 51.75, 19.25, 26.5, 9999.0, 1.5, 1.5, 19.75, 9999.0, 9999.0, 9999.0, 120.0, 123.25, 119.0, 102.75, 134.25
2023-04-06, 22:10:02, 131.75, 51.5, 19.0, 26.25, 9999.0, 1.5, 1.5, 19.75, 9999.0, 9999.0, 9999.0, 120.0, 123.25, 119.0, 102.75, 134.25
2023-04-06, 22:10:06, 131.75, 51.75, 19.25, 26.25, 9999.0, 1.5, 1.5, 19.75, 9999.0, 9999.0, 9999.0, 120.0, 123.25, 119.0, 102.75, 134.25
2023-04-06, 22:10:10, 131.75, 51.75, 19.25, 26.5, 9999.0, 1.5, 1.75, 19.5, 9999.0, 9999.0, 9999.0, 120.0, 123.25, 118.75, 102.75, 134.25
2023-04-06, 22:10:14, 131.75, 51.5, 19.25, 26.5, 9999.0, 1.5, 1.75, 19.75, 9999.0, 9999.0, 9999.0, 120.0, 123.25, 119.0, 102.75, 134.25
2023-04-06, 22:10:18, 131.5, 51.75, 19.25, 26.25, 9999.0, 1.25, 1.5, 19.75, 9999.0, 9999.0, 9999.0, 120.0, 123.25, 119.0, 102.75, 134.25
2023-04-06, 22:10:22, 131.75, 51.75, 19.25, 26.25, 9999.0, 1.25, 1.5, 19.75, 9999.0, 9999.0, 9999.0, 119.75, 123.25, 118.75, 102.75, 134.25
2023-04-06, 22:10:26, 131.75, 51.75, 19.25, 26.25, 9999.0, 1.25, 1.5, 19.75, 9999.0, 9999.0, 9999.0, 119.75, 123.5, 119.0, 102.75, 134.25
2023-04-06, 22:10:30, 131.75, 51.75, 19.25, 26.5, 9999.0, 1.25, 1.5, 19.75, 9999.0, 9999.0, 9999.0, 119.75, 123.5, 119.0, 102.75, 134.25
2023-04-06, 22:10:34, 131.75, 51.75, 19.25, 26.25, 9999.0, 1.25, 1.5, 19.75, 9999.0, 9999.0, 9999.0, 119.75, 123.5, 118.75, 102.75, 134.25
2023-04-06, 22:10:38, 131.75, 51.75, 19.25, 26.25, 9999.0, 1.25, 1.5, 19.75, 9999.0, 9999.0, 9999.0, 119.75, 123.5, 119.0, 102.75, 134.25
2023-04-06, 22:10:42, 131.75, 51.75, 19.25, 26.5, 9999.0, 1.25, 1.5, 19.75, 9999.0, 9999.0, 9999.0, 119.75, 123.5, 119.0, 102.75, 134.5
2023-04-06, 22:10:46, 131.75, 51.75, 19.25, 26.5, 9999.0, 1.25, 1.5, 19.75, 9999.0, 9999.0, 9999.0, 119.5, 123.5, 119.0, 102.75, 134.5
2023-04-06, 22:10:50, 131.75, 51.75, 19.25, 26.5, 9999.0, 1.25, 1.5, 19.75, 9999.0, 9999.0, 9999.0, 119.75, 123.5, 119.0, 102.75, 134.25
2023-04-06, 22:10:54, 131.75, 51.75, 19.25, 26.5, 9999.0, 1.25, 1.5, 19.75, 9999.0, 9999.0, 9999.0, 119.5, 123.5, 119.0, 102.75, 134.25
2023-04-06, 22:10:58, 131.75, 51.75, 19.25, 26.25, 9999.0, 1.0, 1.5, 19.75, 9999.0, 9999.0, 9999.0, 119.5, 123.5, 119.0, 102.75, 134.25
2023-04-06, 22:11:02, 131.75, 51.75, 19.25, 26.25, 9999.0, 1.25, 1.5, 19.75, 9999.0, 9999.0, 9999.0, 119.5, 123.5, 119.0, 102.75, 134.5
2023-04-06, 22:11:06, 131.75, 51.75, 19.25, 26.25, 9999.0, 1.25, 1.5, 19.75, 9999.0, 9999.0, 9999.0, 119.5, 123.5, 119.0, 102.75, 134.25
2023-04-06, 22:11:10, 131.5, 51.75, 19.25, 26.25, 9999.0, 1.5, 1.5, 19.75, 9999.0, 9999.0, 9999.0, 119.5, 123.5, 119.0, 102.75, 134.25
2023-04-06, 22:11:14, 131.75, 51.75, 19.25, 26.25, 9999.0, 1.5, 1.5, 19.75, 9999.0, 9999.0, 9999.0, 119.25, 123.5, 118.75, 102.75, 134.5
2023-04-06, 22:11:18, 131.75, 51.75, 19.25, 26.0, 9999.0, 1.5, 1.5, 19.75, 9999.0, 9999.0, 9999.0, 120.25, 123.5, 119.0, 102.75, 134.5
2023-04-06, 22:11:22, 131.75, 51.75, 19.25, 26.25, 9999.0, 1.5, 1.5, 19.75, 9999.0, 9999.0, 9999.0, 120.25, 123.25, 119.0, 102.75, 134.5
2023-04-06, 22:11:26, 131.75, 51.5, 19.25, 26.25, 9999.0, 1.5, 1.5, 19.75, 9999.0, 9999.0, 9999.0, 120.0, 123.25, 119.0, 102.75, 134.25
2023-04-06, 22:11:30, 131.75, 51.5, 19.25, 26.25, 9999.0, 1.25, 1.5, 19.75, 9999.0, 9999.0, 9999.0, 120.0, 123.25, 119.0, 102.75, 134.5
2023-04-06, 22:11:34, 131.75, 51.75, 19.25, 26.5, 9999.0, 1.25, 1.75, 19.75, 9999.0, 9999.0, 9999.0, 120.0, 123.25, 119.0, 102.75, 134.5
2023-04-06, 22:11:38, 131.75, 51.75, 19.25, 26.5, 9999.0, 1.25, 1.5, 19.75, 9999.0, 9999.0, 9999.0, 119.75, 123.25, 118.75, 102.75, 134.5
2023-04-06, 22:11:42, 131.75, 51.75, 19.25, 26.25, 9999.0, 1.25, 1.5, 19.75, 9999.0, 9999.0, 9999.0, 119.75, 123.25, 119.0, 102.75, 134.25
2023-04-06, 22:11:46, 131.75, 51.75, 19.25, 26.25, 9999.0, 1.25, 1.5, 19.75, 9999.0, 9999.0, 9999.0, 119.75, 123.5, 119.0, 102.75, 134.5
2023-04-06, 22:11:50, 131.75, 51.75, 19.25, 26.25, 9999.0, 1.25, 1.5, 19.75, 9999.0, 9999.0, 9999.0, 119.75, 123.5, 119.0, 102.75, 134.5
2023-04-06, 22:11:54, 131.75, 51.5, 19.25, 26.25, 9999.0, 1.25, 1.5, 19.75, 9999.0, 9999.0, 9999.0, 119.75, 123.5, 119.0, 102.75, 134.25
2023-04-06, 22:11:58, 131.75, 51.75, 19.25, 26.25, 9999.0, 1.25, 1.5, 19.75, 9999.0, 9999.0, 9999.0, 119.75, 123.5, 119.0, 102.75, 134.5
2023-04-06, 22:12:02, 131.75, 51.75, 19.25, 26.25, 9999.0, 1.25, 1.5, 19.75, 9999.0, 9999.0, 9999.0, 119.5, 123.5, 119.0, 102.75, 134.5
2023-04-06, 22:12:06, 131.75, 51.75, 19.25, 26.25, 9999.0, 1.25, 1.5, 19.75, 9999.0, 9999.0, 9999.0, 119.75, 123.5, 119.0, 102.75, 134.5
2023-04-06, 22:12:10, 131.75, 51.75, 19.25, 26.25, 9999.0, 1.25, 1.5, 19.75, 9999.0, 9999.0, 9999.0, 119.75, 123.5, 119.0, 102.75, 134.5
2023-04-06, 22:12:14, 131.75, 51.75, 19.25, 26.25, 9999.0, 1.25, 1.5, 19.75, 9999.0, 9999.0, 9999.0, 119.75, 123.5, 118.75, 102.75, 134.25
2023-04-06, 22:12:18, 131.75, 51.5, 19.25, 26.25, 9999.0, 1.25, 1.5, 19.75, 9999.0, 9999.0, 9999.0, 119.5, 123.25, 119.0, 102.75, 134.5
2023-04-06, 22:12:22, 131.75, 51.75, 19.25, 26.5, 9999.0, 1.25, 1.5, 19.75, 9999.0, 9999.0, 9999.0, 119.5, 123.5, 118.75, 102.75, 134.25
2023-04-06, 22:12:26, 131.75, 51.75, 19.25, 26.25, 9999.0, 1.25, 1.5, 19.75, 9999.0, 9999.0, 9999.0, 119.5, 123.5, 119.0, 102.75, 134.25
2023-04-06, 22:12:30, 131.75, 51.75, 19.25, 26.25, 9999.0, 1.25, 1.5, 19.75, 9999.0, 9999.0, 9999.0, 119.5, 123.5, 119.0, 102.75, 134.25
2023-04-06, 22:12:34, 131.75, 51.75, 19.25, 26.5, 9999.0, 1.5, 1.5, 19.75, 9999.0, 9999.0, 9999.0, 119.5, 123.5, 119.0, 102.75, 134.25
2023-04-06, 22:12:38, 131.75, 51.75, 19.25, 26.5, 9999.0, 1.5, 1.5, 19.75, 9999.0, 9999.0, 9999.0, 120.25, 123.25, 119.0, 102.75, 134.5
2023-04-06, 22:12:42, 131.75, 51.75, 19.25, 26.5, 9999.0, 1.5, 1.75, 19.75, 9999.0, 9999.0, 9999.0, 120.25, 123.25, 118.75, 102.75, 134.5
2023-04-06, 22:12:46, 131.75, 51.75, 19.5, 26.25, 9999.0, 1.5, 1.5, 19.75, 9999.0, 9999.0, 9999.0, 120.0, 123.25, 119.0, 102.75, 134.5
2023-04-06, 22:12:50, 131.75, 51.75, 19.5, 26.5, 9999.0, 1.25, 1.5, 19.75, 9999.0, 9999.0, 9999.0, 120.0, 123.25, 119.0, 102.75, 134.25
2023-04-06, 22:12:54, 131.75, 51.75, 19.25, 26.25, 9999.0, 1.5, 1.5, 19.75, 9999.0, 9999.0, 9999.0, 120.0, 123.25, 119.0, 102.75, 134.5
2023-04-06, 22:12:58, 131.75, 51.75, 19.25, 26.25, 9999.0, 1.5, 1.5, 19.75, 9999.0, 9999.0, 9999.0, 120.0, 123.25, 119.0, 102.75, 134.5
2023-04-06, 22:13:02, 131.75, 51.75, 19.25, 26.25, 9999.0, 1.25, 1.75, 19.75, 9999.0, 9999.0, 9999.0, 119.75, 123.25, 119.0, 102.75, 134.5
2023-04-06, 22:13:06, 131.75, 51.75, 19.25, 26.25, 9999.0, 1.25, 1.5, 19.75, 9999.0, 9999.0, 9999.0, 120.0, 123.25, 118.75, 102.75, 134.5
2023-04-06, 22:13:10, 131.75, 51.75, 19.25, 26.0, 9999.0, 1.25, 1.5, 19.75, 9999.0, 9999.0, 9999.0, 119.75, 123.5, 118.75, 102.75, 134.25
2023-04-06, 22:13:14, 131.75, 51.75, 19.25, 26.25, 9999.0, 1.25, 1.5, 19.75, 9999.0, 9999.0, 9999.0, 119.75, 123.5, 119.0, 102.75, 134.25
2023-04-06, 22:13:18, 131.75, 51.75, 19.25, 26.25, 9999.0, 1.25, 1.5, 19.75, 9999.0, 9999.0, 9999.0, 119.75, 123.5, 119.0, 102.75, 134.5
2023-04-06, 22:13:22, 131.75, 51.75, 19.25, 26.25, 9999.0, 1.25, 1.5, 19.75, 9999.0, 9999.0, 9999.0, 119.75, 123.5, 119.0, 102.75, 134.5
2023-04-06, 22:13:26, 131.75, 51.75, 19.25, 26.0, 9999.0, 1.25, 1.5, 19.75, 9999.0, 9999.0, 9999.0, 119.75, 123.5, 119.0, 102.75, 134.25
2023-04-06, 22:13:30, 131.75, 51.75, 19.25, 26.25, 9999.0, 1.25, 1.5, 19.75, 9999.0, 9999.0, 9999.0, 119.75, 123.5, 118.75, 102.75, 134.5
2023-04-06, 22:13:34, 131.75, 51.75, 19.25, 26.25, 9999.0, 1.25, 1.5, 19.75, 9999.0, 9999.0, 9999.0, 119.75, 123.5, 118.75, 102.75, 134.5
2023-04-06, 22:13:38, 131.75, 51.75, 19.25, 26.25, 9999.0, 1.25, 1.5, 19.75, 9999.0, 9999.0, 9999.0, 119.5, 123.5, 119.0, 102.75, 134.5
2023-04-06, 22:13:43, 131.75, 51.75, 19.25, 26.25, 9999.0, 1.25, 1.5, 19.75, 9999.0, 9999.0, 9999.0, 119.75, 123.5, 119.0, 102.75, 134.5
2023-04-06, 22:13:47, 131.75, 51.75, 19.25, 26.25, 9999.0, 1.25, 1.5, 19.75, 9999.0, 9999.0, 9999.0, 119.5, 123.25, 119.0, 102.75, 134.5
2023-04-06, 22:13:51, 131.75, 51.75, 19.25, 26.25, 9999.0, 1.25, 1.5, 19.75, 9999.0, 9999.0, 9999.0, 119.5, 123.25, 119.0, 102.75, 134.25
2023-04-06, 22:13:55, 131.75, 51.75, 19.5, 26.5, 9999.0, 1.5, 1.5, 19.75, 9999.0, 9999.0, 9999.0, 119.5, 123.25, 118.75, 102.75, 134.25
2023-04-06, 22:13:59, 131.75, 51.75, 19.25, 26.25, 9999.0, 1.5, 1.5, 19.75, 9999.0, 9999.0, 9999.0, 119.5, 123.25, 119.0, 102.75, 134.25
2023-04-06, 22:14:03, 131.75, 51.75, 19.25, 26.25, 9999.0, 1.5, 1.75, 19.75, 9999.0, 9999.0, 9999.0, 120.25, 123.25, 118.75, 102.75, 134.5
2023-04-06, 22:14:07, 131.75, 51.75, 19.0, 26.25, 9999.0, 1.5, 1.5, 19.75, 9999.0, 9999.0, 9999.0, 120.25, 123.25, 119.0, 102.75, 134.5
2023-04-06, 22:14:11, 131.75, 51.75, 19.25, 26.25, 9999.0, 1.5, 1.5, 19.75, 9999.0, 9999.0, 9999.0, 120.0, 123.25, 118.75, 102.75, 134.25
2023-04-06, 22:14:15, 131.75, 51.75, 19.25, 26.25, 9999.0, 1.5, 1.5, 19.75, 9999.0, 9999.0, 9999.0, 120.0, 123.25, 119.0, 102.75, 134.25
2023-04-06, 22:14:19, 131.75, 51.75, 19.5, 26.25, 9999.0, 1.5, 1.5, 19.75, 9999.0, 9999.0, 9999.0, 120.0, 123.25, 118.75, 102.75, 134.5
2023-04-06, 22:14:23, 131.75, 51.75, 19.25, 26.25, 9999.0, 1.25, 1.5, 20.0, 9999.0, 9999.0, 9999.0, 120.0, 123.25, 119.0, 102.75, 134.25
2023-04-06, 22:14:27, 131.75, 51.75, 19.25, 26.5, 9999.0, 1.25, 1.75, 19.75, 9999.0, 9999.0, 9999.0, 119.75, 123.25, 118.75, 102.75, 134.5
2023-04-06, 22:14:31, 131.75, 51.75, 19.25, 26.5, 9999.0, 1.25, 1.5, 19.75, 9999.0, 9999.0, 9999.0, 119.75, 123.25, 119.0, 102.75, 134.25
2023-04-06, 22:14:35, 131.75, 51.75, 19.25, 26.5, 9999.0, 1.25, 1.5, 19.75, 9999.0, 9999.0, 9999.0, 120.0, 123.5, 119.0, 102.75, 134.25
2023-04-06, 22:14:39, 131.75, 51.75, 19.5, 26.25, 9999.0, 1.25, 1.75, 19.75, 9999.0, 9999.0, 9999.0, 120.0, 123.25, 119.0, 102.75, 134.25
2023-04-06, 22:14:43, 131.75, 51.75, 19.25, 26.25, 9999.0, 1.25, 1.5, 19.75, 9999.0, 9999.0, 9999.0, 119.75, 123.25, 119.0, 102.75, 134.25
2023-04-06, 22:14:47, 131.75, 51.75, 19.25, 26.25, 9999.0, 1.25, 1.5, 19.75, 9999.0, 9999.0, 9999.0, 119.75, 123.5, 118.75, 102.75, 134.25
2023-04-06, 22:14:51, 131.75, 51.75, 19.25, 26.25, 9999.0, 1.25, 1.5, 19.75, 9999.0, 9999.0, 9999.0, 119.75, 123.5, 118.75, 102.75, 134.5
2023-04-06, 22:14:55, 131.75, 51.75, 19.25, 26.25, 9999.0, 1.25, 1.5, 19.75, 9999.0, 9999.0, 9999.0, 119.75, 123.5, 118.75, 102.75, 134.5
2023-04-06, 22:14:59, 131.75, 51.75, 19.25, 26.25, 9999.0, 1.25, 1.5, 19.75, 9999.0, 9999.0, 9999.0, 119.5, 123.25, 118.75, 102.75, 134.25
2023-04-06, 22:15:03, 131.75, 51.75, 19.25, 26.25, 9999.0, 1.25, 1.5, 19.75, 9999.0, 9999.0, 9999.0, 119.5, 123.5, 119.0, 102.75, 134.25
2023-04-06, 22:15:07, 131.75, 51.75, 19.25, 26.25, 9999.0, 1.5, 1.5, 19.75, 9999.0, 9999.0, 9999.0, 119.5, 123.25, 119.0, 102.75, 134.25
2023-04-06, 22:15:11, 131.75, 51.75, 19.25, 26.5, 9999.0, 1.25, 1.5, 19.75, 9999.0, 9999.0, 9999.0, 119.5, 123.5, 119.0, 102.75, 134.5
2023-04-06, 22:15:15, 131.75, 51.5, 19.25, 26.25, 9999.0, 1.5, 1.5, 19.75, 9999.0, 9999.0, 9999.0, 119.5, 123.5, 119.0, 102.75, 134.25
2023-04-06, 22:15:19, 131.75, 51.75, 19.25, 26.25, 9999.0, 1.5, 1.75, 19.75, 9999.0, 9999.0, 9999.0, 119.5, 123.25, 119.0, 102.75, 134.25
2023-04-06, 22:15:23, 131.75, 51.75, 19.25, 26.25, 9999.0, 1.5, 1.5, 19.75, 9999.0, 9999.0, 9999.0, 119.5, 123.25, 119.0, 102.75, 134.25
2023-04-06, 22:15:27, 131.75, 51.75, 19.25, 26.25, 9999.0, 1.5, 1.5, 19.75, 9999.0, 9999.0, 9999.0, 120.25, 123.25, 118.75, 102.75, 134.5
2023-04-06, 22:15:31, 131.75, 51.75, 19.25, 26.25, 9999.0, 1.5, 1.5, 19.75, 9999.0, 9999.0, 9999.0, 120.25, 123.25, 119.0, 102.75, 134.25
2023-04-06, 22:15:35, 131.75, 51.75, 19.25, 26.5, 9999.0, 1.5, 1.75, 19.75, 9999.0, 9999.0, 9999.0, 120.0, 123.25, 118.75, 102.75, 134.5
2023-04-06, 22:15:39, 131.75, 51.75, 19.25, 26.5, 9999.0, 1.5, 1.75, 19.75, 9999.0, 9999.0, 9999.0, 120.0, 123.25, 118.75, 102.75, 134.5
2023-04-06, 22:15:43, 131.75, 51.75, 19.0, 26.5, 9999.0, 1.5, 1.5, 19.75, 9999.0, 9999.0, 9999.0, 120.0, 123.25, 119.0, 102.75, 134.5
2023-04-06, 22:15:47, 131.75, 51.75, 19.25, 26.5, 9999.0, 1.5, 1.5, 19.75, 9999.0, 9999.0, 9999.0, 120.0, 123.25, 119.0, 102.75, 134.25
2023-04-06, 22:15:51, 131.75, 51.75, 19.25, 26.5, 9999.0, 1.5, 1.75, 19.75, 9999.0, 9999.0, 9999.0, 120.0, 123.25, 118.75, 102.75, 134.25
2023-04-06, 22:15:55, 131.75, 51.75, 19.25, 26.25, 9999.0, 1.25, 1.5, 19.75, 9999.0, 9999.0, 9999.0, 120.0, 123.5, 119.0, 102.75, 134.5
2023-04-06, 22:15:59, 131.75, 51.75, 19.25, 26.5, 9999.0, 1.25, 1.5, 19.75, 9999.0, 9999.0, 9999.0, 120.0, 123.5, 119.0, 102.75, 134.25
2023-04-06, 22:16:03, 131.75, 51.75, 19.25, 26.5, 9999.0, 1.0, 1.5, 19.75, 9999.0, 9999.0, 9999.0, 119.75, 123.5, 119.0, 102.75, 134.5
2023-04-06, 22:16:07, 131.75, 51.75, 19.25, 26.25, 9999.0, 1.25, 1.75, 19.75, 9999.0, 9999.0, 9999.0, 119.75, 123.25, 119.0, 102.75, 134.25
2023-04-06, 22:16:11, 131.75, 51.75, 19.25, 26.25, 9999.0, 1.25, 1.5, 19.75, 9999.0, 9999.0, 9999.0, 119.75, 123.5, 119.0, 102.75, 134.5
2023-04-06, 22:16:15, 131.75, 51.75, 19.5, 26.5, 9999.0, 1.25, 1.5, 19.75, 9999.0, 9999.0, 9999.0, 119.75, 123.25, 119.0, 102.75, 134.5
2023-04-06, 22:16:19, 131.75, 51.75, 19.25, 26.25, 9999.0, 1.25, 1.5, 19.75, 9999.0, 9999.0, 9999.0, 119.75, 123.25, 119.0, 102.75, 134.5
2023-04-06, 22:16:23, 131.75, 51.75, 19.25, 26.25, 9999.0, 1.25, 1.5, 19.75, 9999.0, 9999.0, 9999.0, 119.5, 123.25, 118.75, 102.75, 134.5
2023-04-06, 22:16:27, 131.75, 51.75, 19.25, 26.25, 9999.0, 1.25, 1.5, 19.75, 9999.0, 9999.0, 9999.0, 119.5, 123.5, 119.0, 102.75, 134.25
2023-04-06, 22:16:31, 131.75, 51.75, 19.25, 26.25, 9999.0, 1.25, 1.5, 19.75, 9999.0, 9999.0, 9999.0, 119.5, 123.25, 119.0, 102.75, 134.25
2023-04-06, 22:16:35, 131.75, 51.75, 19.25, 26.0, 9999.0, 1.25, 1.25, 19.75, 9999.0, 9999.0, 9999.0, 119.5, 123.25, 118.75, 102.75, 134.25
2023-04-06, 22:16:39, 131.75, 51.75, 19.25, 26.25, 9999.0, 1.5, 1.5, 19.75, 9999.0, 9999.0, 9999.0, 119.5, 123.5, 119.0, 102.75, 134.25
2023-04-06, 22:16:43, 131.75, 51.75, 19.25, 26.25, 9999.0, 1.25, 1.5, 19.75, 9999.0, 9999.0, 9999.0, 119.5, 123.25, 119.0, 102.75, 134.25
2023-04-06, 22:16:47, 131.75, 51.75, 19.25, 26.0, 9999.0, 1.5, 1.5, 19.75, 9999.0, 9999.0, 9999.0, 120.25, 123.25, 119.0, 102.75, 134.25
2023-04-06, 22:16:51, 131.75, 51.75, 19.25, 26.25, 9999.0, 1.5, 1.5, 19.75, 9999.0, 9999.0, 9999.0, 120.0, 123.25, 119.0, 102.75, 134.25
2023-04-06, 22:16:55, 131.75, 51.75, 19.25, 26.25, 9999.0, 1.5, 1.5, 19.75, 9999.0, 9999.0, 9999.0, 120.0, 123.25, 119.0, 102.75, 134.25
2023-04-06, 22:16:59, 131.75, 51.75, 19.25, 26.25, 9999.0, 1.25, 1.5, 19.75, 9999.0, 9999.0, 9999.0, 120.0, 123.25, 119.0, 102.75, 134.25
2023-04-06, 22:17:03, 131.75, 51.75, 19.25, 26.25, 9999.0, 1.25, 1.5, 19.75, 9999.0, 9999.0, 9999.0, 120.0, 123.25, 118.75, 102.75, 134.25
2023-04-06, 22:17:07, 131.75, 51.5, 19.25, 26.25, 9999.0, 1.25, 1.5, 19.75, 9999.0, 9999.0, 9999.0, 120.0, 123.25, 118.75, 102.75, 134.25
2023-04-06, 22:17:11, 131.75, 51.5, 19.25, 26.25, 9999.0, 1.25, 1.5, 19.75, 9999.0, 9999.0, 9999.0, 120.0, 123.25, 119.0, 102.75, 134.25
2023-04-06, 22:17:15, 131.75, 51.75, 19.25, 26.5, 9999.0, 1.25, 1.5, 19.75, 9999.0, 9999.0, 9999.0, 119.75, 123.25, 119.0, 102.75, 134.25
2023-04-06, 22:17:19, 131.75, 51.5, 19.5, 26.5, 9999.0, 1.25, 1.5, 19.75, 9999.0, 9999.0, 9999.0, 120.0, 123.5, 119.0, 102.75, 134.25
2023-04-06, 22:17:23, 131.75, 51.5, 19.25, 26.0, 9999.0, 1.25, 1.5, 19.75, 9999.0, 9999.0, 9999.0, 119.75, 123.5, 119.0, 102.75, 134.25
2023-04-06, 22:17:27, 131.75, 51.75, 19.25, 26.25, 9999.0, 1.25, 1.5, 19.75, 9999.0, 9999.0, 9999.0, 119.75, 123.5, 118.75, 102.75, 134.25
2023-04-06, 22:17:31, 131.75, 51.75, 19.5, 26.0, 9999.0, 1.25, 1.5, 19.75, 9999.0, 9999.0, 9999.0, 119.75, 123.5, 119.0, 102.75, 134.25
2023-04-06, 22:17:35, 131.75, 51.5, 19.25, 26.0, 9999.0, 1.25, 1.5, 19.75, 9999.0, 9999.0, 9999.0, 119.75, 123.25, 118.75, 102.75, 134.25
2023-04-06, 22:17:39, 131.75, 51.75, 19.25, 26.0, 9999.0, 1.25, 1.5, 19.75, 9999.0, 9999.0, 9999.0, 119.5, 123.25, 118.75, 102.75, 134.25
2023-04-06, 22:17:43, 131.75, 51.75, 19.25, 26.25, 9999.0, 1.25, 1.5, 19.75, 9999.0, 9999.0, 9999.0, 119.5, 123.25, 118.75, 102.75, 134.25
2023-04-06, 22:17:47, 131.75, 51.75, 19.25, 26.25, 9999.0, 1.25, 1.5, 19.75, 9999.0, 9999.0, 9999.0, 119.5, 123.25, 119.0, 102.75, 134.25
2023-04-06, 22:17:51, 131.75, 51.75, 19.25, 26.25, 9999.0, 1.25, 1.5, 19.75, 9999.0, 9999.0, 9999.0, 119.5, 123.25, 118.75, 102.75, 134.25
2023-04-06, 22:17:55, 131.75, 51.5, 19.25, 26.25, 9999.0, 1.25, 1.5, 19.75, 9999.0, 9999.0, 9999.0, 119.5, 123.25, 119.0, 102.75, 134.25
2023-04-06, 22:17:59, 131.75, 51.75, 19.25, 26.25, 9999.0, 1.25, 1.5, 19.75, 9999.0, 9999.0, 9999.0, 119.5, 123.25, 119.0, 102.75, 134.5
2023-04-06, 22:18:03, 131.75, 51.75, 19.25, 26.25, 9999.0, 1.5, 1.5, 19.75, 9999.0, 9999.0, 9999.0, 119.5, 123.25, 118.75, 102.75, 134.25
2023-04-06, 22:18:08, 131.75, 51.5, 19.25, 26.25, 9999.0, 1.5, 1.5, 19.75, 9999.0, 9999.0, 9999.0, 119.5, 123.25, 119.0, 102.75, 134.25
2023-04-06, 22:18:12, 131.75, 51.5, 19.25, 26.25, 9999.0, 1.5, 1.5, 19.75, 9999.0, 9999.0, 9999.0, 120.0, 123.25, 119.0, 102.75, 134.5
2023-04-06, 22:18:16, 131.75, 51.75, 19.25, 26.25, 9999.0, 1.5, 1.5, 19.75, 9999.0, 9999.0, 9999.0, 120.0, 123.25, 119.0, 102.75, 134.25
2023-04-06, 22:18:20, 131.75, 51.75, 19.25, 26.25, 9999.0, 1.25, 1.5, 19.75, 9999.0, 9999.0, 9999.0, 120.0, 123.25, 119.0, 102.75, 134.5
2023-04-06, 22:18:24, 131.75, 51.5, 19.25, 26.25, 9999.0, 1.25, 1.5, 19.75, 9999.0, 9999.0, 9999.0, 120.0, 123.25, 118.75, 102.75, 134.25
2023-04-06, 22:18:28, 131.75, 51.5, 19.25, 26.25, 9999.0, 1.25, 1.5, 19.75, 9999.0, 9999.0, 9999.0, 120.0, 123.25, 118.75, 102.75, 134.25
2023-04-06, 22:18:32, 131.75, 51.75, 19.25, 26.5, 9999.0, 1.25, 1.5, 19.75, 9999.0, 9999.0, 9999.0, 119.75, 123.25, 119.0, 102.75, 134.25
2023-04-06, 22:18:36, 131.75, 51.5, 19.25, 26.5, 9999.0, 1.25, 1.5, 19.75, 9999.0, 9999.0, 9999.0, 119.75, 123.25, 119.0, 102.75, 134.25
2023-04-06, 22:18:40, 131.75, 51.5, 19.25, 26.25, 9999.0, 1.25, 1.5, 19.75, 9999.0, 9999.0, 9999.0, 119.75, 123.25, 118.75, 102.75, 134.25
2023-04-06, 22:18:44, 131.75, 51.75, 19.25, 26.5, 9999.0, 1.25, 1.5, 19.75, 9999.0, 9999.0, 9999.0, 119.75, 123.5, 118.75, 102.75, 134.25
2023-04-06, 22:18:48, 131.75, 51.5, 19.25, 26.5, 9999.0, 1.25, 1.5, 19.75, 9999.0, 9999.0, 9999.0, 119.75, 123.5, 118.75, 102.75, 134.25
2023-04-06, 22:18:52, 131.75, 51.5, 19.25, 26.5, 9999.0, 1.25, 1.5, 19.75, 9999.0, 9999.0, 9999.0, 119.75, 123.25, 119.0, 102.75, 134.25
2023-04-06, 22:18:56, 131.75, 51.5, 19.0, 26.5, 9999.0, 1.25, 1.5, 19.75, 9999.0, 9999.0, 9999.0, 119.75, 123.25, 118.75, 102.75, 134.25
2023-04-06, 22:19:00, 131.75, 51.75, 19.25, 26.25, 9999.0, 1.25, 1.5, 19.75, 9999.0, 9999.0, 9999.0, 119.5, 123.5, 118.75, 102.75, 134.25
2023-04-06, 22:19:04, 131.75, 51.5, 19.25, 26.25, 9999.0, 1.25, 1.5, 19.75, 9999.0, 9999.0, 9999.0, 119.5, 123.5, 118.75, 102.75, 134.25
2023-04-06, 22:19:08, 131.75, 51.75, 19.25, 26.5, 9999.0, 1.0, 1.5, 19.75, 9999.0, 9999.0, 9999.0, 119.75, 123.25, 119.0, 102.75, 134.25
2023-04-06, 22:19:12, 131.75, 51.5, 19.25, 26.5, 9999.0, 1.25, 1.5, 19.75, 9999.0, 9999.0, 9999.0, 119.5, 123.25, 118.75, 102.75, 134.25
2023-04-06, 22:19:16, 131.75, 51.5, 19.25, 26.25, 9999.0, 1.25, 1.5, 19.75, 9999.0, 9999.0, 9999.0, 119.5, 123.25, 119.0, 102.75, 134.25
2023-04-06, 22:19:20, 131.75, 51.5, 19.25, 26.25, 9999.0, 1.25, 1.5, 19.75, 9999.0, 9999.0, 9999.0, 119.5, 123.5, 118.75, 102.75, 134.25
2023-04-06, 22:19:24, 131.75, 51.75, 19.0, 26.25, 9999.0, 1.5, 1.5, 19.75, 9999.0, 9999.0, 9999.0, 119.5, 123.25, 119.0, 102.75, 134.25
2023-04-06, 22:19:28, 131.75, 51.5, 19.25, 26.25, 9999.0, 1.5, 1.5, 19.75, 9999.0, 9999.0, 9999.0, 119.5, 123.25, 118.75, 102.75, 134.5
2023-04-06, 22:19:32, 131.75, 51.75, 19.25, 26.25, 9999.0, 1.5, 1.5, 19.75, 9999.0, 9999.0, 9999.0, 120.25, 123.25, 119.0, 102.75, 134.5
2023-04-06, 22:19:36, 131.75, 51.5, 19.0, 26.5, 9999.0, 1.5, 1.5, 19.75, 9999.0, 9999.0, 9999.0, 120.0, 123.25, 118.75, 102.75, 134.5
2023-04-06, 22:19:40, 131.75, 51.75, 19.25, 26.25, 9999.0, 1.5, 1.5, 19.75, 9999.0, 9999.0, 9999.0, 120.0, 123.25, 118.75, 102.75, 134.25
2023-04-06, 22:19:44, 131.75, 51.5, 19.25, 26.25, 9999.0, 1.5, 1.5, 19.75, 9999.0, 9999.0, 9999.0, 120.0, 123.25, 118.75, 102.75, 134.5
2023-04-06, 22:19:48, 131.75, 51.75, 19.25, 26.0, 9999.0, 1.25, 1.5, 19.75, 9999.0, 9999.0, 9999.0, 120.0, 123.25, 118.75, 102.75, 134.25
2023-04-06, 22:19:52, 131.75, 51.5, 19.25, 26.25, 9999.0, 1.25, 1.5, 19.75, 9999.0, 9999.0, 9999.0, 120.0, 123.25, 118.75, 102.75, 134.25
2023-04-06, 22:19:56, 131.75, 51.75, 19.25, 26.25, 9999.0, 1.25, 1.5, 19.75, 9999.0, 9999.0, 9999.0, 119.75, 123.25, 118.75, 102.75, 134.25
2023-04-06, 22:20:00, 131.75, 51.75, 19.25, 26.25, 9999.0, 1.25, 1.5, 19.75, 9999.0, 9999.0, 9999.0, 119.75, 123.0, 119.0, 102.75, 134.25
2023-04-06, 22:20:04, 131.75, 51.5, 19.25, 26.25, 9999.0, 1.25, 1.5, 19.75, 9999.0, 9999.0, 9999.0, 120.0, 123.5, 118.75, 102.75, 134.5
2023-04-06, 22:20:08, 131.75, 51.5, 19.25, 26.25, 9999.0, 1.25, 1.5, 19.75, 9999.0, 9999.0, 9999.0, 119.75, 123.25, 118.75, 102.75, 134.25
2023-04-06, 22:20:12, 131.75, 51.5, 19.25, 26.25, 9999.0, 1.25, 1.5, 19.75, 9999.0, 9999.0, 9999.0, 119.75, 123.5, 119.0, 102.75, 134.25
2023-04-06, 22:20:16, 131.75, 51.75, 19.25, 26.25, 9999.0, 1.25, 1.5, 19.75, 9999.0, 9999.0, 9999.0, 119.75, 123.5, 118.75, 102.75, 134.5
2023-04-06, 22:20:20, 131.75, 51.5, 19.25, 26.25, 9999.0, 1.25, 1.5, 19.75, 9999.0, 9999.0, 9999.0, 119.75, 123.5, 118.75, 102.75, 134.25
2023-04-06, 22:20:24, 131.75, 51.75, 19.25, 26.25, 9999.0, 1.25, 1.5, 19.75, 9999.0, 9999.0, 9999.0, 119.5, 123.5, 118.75, 102.75, 134.25
2023-04-06, 22:20:28, 131.75, 51.5, 19.25, 26.0, 9999.0, 1.25, 1.5, 19.75, 9999.0, 9999.0, 9999.0, 119.5, 123.25, 119.0, 102.75, 134.25
2023-04-06, 22:20:32, 131.75, 51.75, 19.25, 26.25, 9999.0, 1.25, 1.5, 19.75, 9999.0, 9999.0, 9999.0, 119.5, 123.5, 119.0, 102.75, 134.5
2023-04-06, 22:20:36, 131.75, 51.75, 19.25, 26.25, 9999.0, 1.25, 1.5, 19.75, 9999.0, 9999.0, 9999.0, 119.5, 123.25, 119.0, 102.75, 134.25
2023-04-06, 22:20:40, 131.75, 51.75, 19.25, 26.25, 9999.0, 1.25, 1.5, 19.75, 9999.0, 9999.0, 9999.0, 119.5, 123.25, 119.0, 102.75, 134.25
2023-04-06, 22:20:44, 131.75, 51.75, 19.5, 26.25, 9999.0, 1.25, 1.5, 19.75, 9999.0, 9999.0, 9999.0, 119.5, 123.25, 119.0, 102.75, 134.25
2023-04-06, 22:20:48, 131.75, 51.75, 19.5, 26.25, 9999.0, 1.5, 1.5, 19.75, 9999.0, 9999.0, 9999.0, 119.5, 123.25, 119.0, 102.75, 134.5
2023-04-06, 22:20:52, 131.75, 51.75, 19.5, 26.25, 9999.0, 1.5, 1.5, 19.75, 9999.0, 9999.0, 9999.0, 119.5, 123.25, 118.75, 102.75, 134.25
2023-04-06, 22:20:56, 131.75, 51.5, 19.25, 26.5, 9999.0, 1.5, 1.5, 19.75, 9999.0, 9999.0, 9999.0, 120.25, 123.25, 118.75, 102.75, 134.25
2023-04-06, 22:21:00, 131.75, 51.5, 19.25, 26.25, 9999.0, 1.5, 1.5, 19.75, 9999.0, 9999.0, 9999.0, 120.0, 123.25, 118.75, 102.75, 134.25
2023-04-06, 22:21:04, 131.75, 51.75, 19.25, 26.25, 9999.0, 1.5, 1.5, 19.75, 9999.0, 9999.0, 9999.0, 120.0, 123.25, 119.0, 102.75, 134.25
2023-04-06, 22:21:08, 131.75, 51.75, 19.25, 26.5, 9999.0, 1.25, 1.5, 19.75, 9999.0, 9999.0, 9999.0, 120.0, 123.25, 118.75, 102.75, 134.5
2023-04-06, 22:21:12, 131.75, 51.5, 19.25, 26.25, 9999.0, 1.25, 1.5, 19.75, 9999.0, 9999.0, 9999.0, 120.0, 123.25, 118.75, 102.75, 134.25
2023-04-06, 22:21:16, 131.75, 51.75, 19.25, 26.25, 9999.0, 1.25, 1.75, 19.75, 9999.0, 9999.0, 9999.0, 120.0, 123.25, 118.75, 102.75, 134.25
2023-04-06, 22:21:20, 131.75, 51.5, 19.25, 26.5, 9999.0, 1.25, 1.5, 19.75, 9999.0, 9999.0, 9999.0, 119.75, 123.25, 118.75, 102.75, 134.5
2023-04-06, 22:21:24, 131.75, 51.5, 19.25, 26.5, 9999.0, 1.25, 1.5, 19.75, 9999.0, 9999.0, 9999.0, 119.75, 123.5, 118.75, 102.75, 134.5
2023-04-06, 22:21:28, 131.75, 51.5, 19.25, 26.5, 9999.0, 1.25, 1.5, 19.75, 9999.0, 9999.0, 9999.0, 120.0, 123.5, 119.0, 102.75, 134.25
2023-04-06, 22:21:32, 131.75, 51.75, 19.25, 26.25, 9999.0, 1.25, 1.5, 19.75, 9999.0, 9999.0, 9999.0, 119.75, 123.5, 118.75, 102.75, 134.5
2023-04-06, 22:21:36, 131.75, 51.75, 19.25, 26.25, 9999.0, 1.25, 1.5, 19.75, 9999.0, 9999.0, 9999.0, 119.75, 123.5, 118.75, 102.75, 134.5
2023-04-06, 22:21:40, 131.75, 51.5, 19.5, 26.5, 9999.0, 1.25, 1.5, 19.75, 9999.0, 9999.0, 9999.0, 119.75, 123.5, 118.75, 102.75, 134.5
2023-04-06, 22:21:44, 131.75, 51.75, 19.25, 26.25, 9999.0, 1.25, 1.5, 19.75, 9999.0, 9999.0, 9999.0, 119.75, 123.25, 118.75, 103.0, 134.25
2023-04-06, 22:21:48, 131.75, 51.5, 19.25, 26.25, 9999.0, 1.25, 1.5, 19.75, 9999.0, 9999.0, 9999.0, 119.75, 123.25, 118.75, 102.75, 134.5
2023-04-06, 22:21:52, 131.75, 51.5, 19.25, 26.25, 9999.0, 1.25, 1.5, 19.75, 9999.0, 9999.0, 9999.0, 119.5, 123.25, 118.75, 102.75, 134.5
2023-04-06, 22:21:56, 131.75, 51.75, 19.25, 26.25, 9999.0, 1.25, 1.5, 19.75, 9999.0, 9999.0, 9999.0, 119.5, 123.5, 118.75, 102.75, 134.25
2023-04-06, 22:22:00, 131.75, 51.75, 19.25, 26.25, 9999.0, 1.25, 1.5, 19.75, 9999.0, 9999.0, 9999.0, 119.5, 123.25, 118.75, 102.75, 134.25
2023-04-06, 22:22:04, 131.75, 51.5, 19.25, 26.25, 9999.0, 1.25, 1.5, 19.75, 9999.0, 9999.0, 9999.0, 119.5, 123.25, 119.0, 102.75, 134.5
2023-04-06, 22:22:08, 131.75, 51.75, 19.25, 26.5, 9999.0, 1.5, 1.5, 19.75, 9999.0, 9999.0, 9999.0, 119.5, 123.25, 118.75, 102.75, 134.25
2023-04-06, 22:22:12, 131.75, 51.75, 19.25, 26.25, 9999.0, 1.5, 1.5, 19.75, 9999.0, 9999.0, 9999.0, 119.5, 123.25, 119.0, 102.75, 134.5
2023-04-06, 22:22:16, 131.75, 51.5, 19.25, 26.25, 9999.0, 1.5, 1.5, 19.75, 9999.0, 9999.0, 9999.0, 120.25, 123.25, 118.75, 102.75, 134.25
2023-04-06, 22:22:20, 131.75, 51.5, 19.25, 26.5, 9999.0, 1.5, 1.5, 19.75, 9999.0, 9999.0, 9999.0, 120.0, 123.25, 118.75, 102.75, 134.25
2023-04-06, 22:22:24, 131.75, 51.75, 19.25, 26.5, 9999.0, 1.5, 1.5, 19.75, 9999.0, 9999.0, 9999.0, 120.0, 123.25, 118.75, 102.75, 134.5
2023-04-06, 22:22:28, 131.75, 51.75, 19.0, 26.5, 9999.0, 1.25, 1.5, 19.75, 9999.0, 9999.0, 9999.0, 120.0, 123.25, 118.75, 102.75, 134.5
2023-04-06, 22:22:33, 131.75, 51.75, 19.25, 26.5, 9999.0, 1.5, 1.75, 19.75, 9999.0, 9999.0, 9999.0, 120.0, 123.25, 118.75, 102.75, 134.25
2023-04-06, 22:22:37, 131.75, 51.5, 19.0, 26.5, 9999.0, 1.25, 1.5, 19.75, 9999.0, 9999.0, 9999.0, 119.75, 123.25, 118.75, 102.75, 134.25
2023-04-06, 22:22:41, 131.75, 51.75, 19.25, 26.25, 9999.0, 1.25, 1.5, 19.75, 9999.0, 9999.0, 9999.0, 119.75, 123.25, 118.75, 102.75, 134.25
2023-04-06, 22:22:45, 131.75, 51.75, 19.25, 26.5, 9999.0, 1.25, 1.5, 19.75, 9999.0, 9999.0, 9999.0, 119.75, 123.25, 118.75, 102.75, 134.25
2023-04-06, 22:22:49, 131.75, 51.5, 19.25, 26.5, 9999.0, 1.25, 1.5, 19.75, 9999.0, 9999.0, 9999.0, 119.75, 123.5, 118.75, 102.75, 134.25
2023-04-06, 22:22:53, 131.75, 51.75, 19.25, 26.5, 9999.0, 1.25, 1.5, 19.75, 9999.0, 9999.0, 9999.0, 119.75, 123.5, 119.0, 102.75, 134.5
2023-04-06, 22:22:57, 131.75, 51.75, 19.25, 26.5, 9999.0, 1.25, 1.5, 19.75, 9999.0, 9999.0, 9999.0, 119.75, 123.5, 118.75, 102.75, 134.5
2023-04-06, 22:23:01, 131.75, 51.75, 19.25, 26.5, 9999.0, 1.25, 1.5, 19.75, 9999.0, 9999.0, 9999.0, 119.75, 123.5, 119.0, 102.75, 134.25
2023-04-06, 22:23:05, 131.75, 51.5, 19.0, 26.5, 9999.0, 1.25, 1.5, 19.75, 9999.0, 9999.0, 9999.0, 119.75, 123.5, 119.0, 102.75, 134.5
2023-04-06, 22:23:09, 131.75, 51.75, 19.25, 26.5, 9999.0, 1.25, 1.5, 19.75, 9999.0, 9999.0, 9999.0, 119.75, 123.5, 118.75, 102.75, 134.25
2023-04-06, 22:23:13, 131.75, 51.75, 19.25, 26.5, 9999.0, 1.25, 1.5, 19.75, 9999.0, 9999.0, 9999.0, 119.75, 123.5, 119.0, 102.75, 134.25
2023-04-06, 22:23:17, 131.75, 51.75, 19.25, 26.25, 9999.0, 1.0, 1.5, 19.75, 9999.0, 9999.0, 9999.0, 119.75, 123.5, 119.0, 102.75, 134.25
2023-04-06, 22:23:21, 131.75, 51.5, 19.25, 26.25, 9999.0, 1.5, 1.25, 19.75, 9999.0, 9999.0, 9999.0, 119.5, 123.5, 119.0, 102.75, 134.25
2023-04-06, 22:23:25, 131.75, 51.5, 19.25, 26.5, 9999.0, 1.25, 1.5, 19.75, 9999.0, 9999.0, 9999.0, 119.5, 123.5, 119.0, 102.75, 134.25
2023-04-06, 22:23:29, 131.75, 51.75, 19.25, 26.5, 9999.0, 1.25, 1.5, 19.75, 9999.0, 9999.0, 9999.0, 119.5, 123.5, 119.0, 102.75, 134.25
2023-04-06, 22:23:33, 131.75, 51.75, 19.0, 26.5, 9999.0, 1.5, 1.5, 19.75, 9999.0, 9999.0, 9999.0, 119.25, 123.25, 118.75, 102.75, 134.25
2023-04-06, 22:23:37, 131.75, 51.5, 19.25, 26.25, 9999.0, 1.5, 1.5, 19.75, 9999.0, 9999.0, 9999.0, 119.5, 123.25, 118.75, 102.75, 134.25
2023-04-06, 22:23:41, 131.75, 51.75, 19.0, 26.25, 9999.0, 1.5, 1.5, 19.75, 9999.0, 9999.0, 9999.0, 120.25, 123.25, 118.75, 102.75, 134.25
2023-04-06, 22:23:45, 131.75, 51.5, 19.25, 26.25, 9999.0, 1.5, 1.5, 19.75, 9999.0, 9999.0, 9999.0, 120.0, 123.25, 118.75, 102.75, 134.25
2023-04-06, 22:23:49, 131.75, 51.5, 19.25, 26.0, 9999.0, 1.5, 1.5, 19.75, 9999.0, 9999.0, 9999.0, 120.0, 123.25, 118.75, 102.75, 134.25
2023-04-06, 22:23:53, 131.5, 51.5, 19.25, 26.25, 9999.0, 1.25, 1.5, 19.75, 9999.0, 9999.0, 9999.0, 120.0, 123.25, 118.75, 102.75, 134.25
2023-04-06, 22:23:57, 131.75, 51.75, 19.0, 26.25, 9999.0, 1.25, 1.5, 19.75, 9999.0, 9999.0, 9999.0, 120.0, 123.25, 118.75, 102.75, 134.25
2023-04-06, 22:24:01, 131.75, 51.5, 19.25, 26.25, 9999.0, 1.25, 1.5, 19.75, 9999.0, 9999.0, 9999.0, 119.75, 123.25, 118.75, 102.75, 134.25
2023-04-06, 22:24:05, 131.75, 51.5, 19.25, 26.25, 9999.0, 1.25, 1.5, 19.75, 9999.0, 9999.0, 9999.0, 119.75, 123.25, 118.75, 102.75, 134.25
2023-04-06, 22:24:09, 131.75, 51.5, 19.25, 26.25, 9999.0, 1.25, 1.5, 19.75, 9999.0, 9999.0, 9999.0, 119.75, 123.25, 118.75, 102.75, 134.25
2023-04-06, 22:24:13, 131.75, 51.5, 19.25, 26.25, 9999.0, 1.25, 1.5, 19.75, 9999.0, 9999.0, 9999.0, 120.0, 123.25, 118.75, 102.75, 134.25
2023-04-06, 22:24:17, 131.75, 51.5, 19.25, 26.25, 9999.0, 1.25, 1.5, 19.75, 9999.0, 9999.0, 9999.0, 119.75, 123.25, 118.75, 102.75, 134.25
2023-04-06, 22:24:21, 131.75, 51.5, 19.25, 26.25, 9999.0, 1.25, 1.5, 19.75, 9999.0, 9999.0, 9999.0, 119.75, 123.5, 118.75, 102.75, 134.25
2023-04-06, 22:24:25, 131.5, 51.75, 19.0, 26.5, 9999.0, 1.25, 1.5, 19.75, 9999.0, 9999.0, 9999.0, 119.75, 123.5, 118.75, 102.75, 134.25
2023-04-06, 22:24:29, 131.75, 51.5, 19.25, 26.25, 9999.0, 1.25, 1.5, 19.75, 9999.0, 9999.0, 9999.0, 119.75, 123.5, 118.75, 102.75, 134.5
2023-04-06, 22:24:33, 131.75, 51.5, 19.25, 26.25, 9999.0, 1.25, 1.5, 19.75, 9999.0, 9999.0, 9999.0, 119.5, 123.25, 118.75, 102.75, 134.25
2023-04-06, 22:24:37, 131.5, 51.5, 19.0, 26.5, 9999.0, 1.0, 1.5, 19.75, 9999.0, 9999.0, 9999.0, 119.5, 123.5, 118.75, 102.75, 134.25
2023-04-06, 22:24:41, 131.75, 51.5, 19.25, 26.5, 9999.0, 1.25, 1.5, 19.75, 9999.0, 9999.0, 9999.0, 119.5, 123.5, 119.0, 102.75, 134.25
2023-04-06, 22:24:45, 131.75, 51.5, 19.25, 26.5, 9999.0, 1.25, 1.5, 19.75, 9999.0, 9999.0, 9999.0, 119.5, 123.5, 118.75, 102.75, 134.25
2023-04-06, 22:24:49, 131.75, 51.5, 19.25, 26.5, 9999.0, 1.25, 1.5, 19.75, 9999.0, 9999.0, 9999.0, 119.5, 123.25, 118.75, 102.75, 134.25
2023-04-06, 22:24:53, 131.5, 51.5, 19.25, 26.5, 9999.0, 1.25, 1.5, 19.75, 9999.0, 9999.0, 9999.0, 119.5, 123.25, 118.75, 102.75, 134.25
2023-04-06, 22:24:57, 131.75, 51.5, 19.25, 26.5, 9999.0, 1.5, 1.5, 19.75, 9999.0, 9999.0, 9999.0, 119.5, 123.25, 118.75, 102.75, 134.25
2023-04-06, 22:25:01, 131.75, 51.5, 19.25, 26.5, 9999.0, 1.5, 1.5, 19.75, 9999.0, 9999.0, 9999.0, 120.25, 123.25, 118.75, 102.75, 134.25
2023-04-06, 22:25:05, 131.5, 51.5, 19.25, 26.25, 9999.0, 1.5, 1.5, 19.75, 9999.0, 9999.0, 9999.0, 120.25, 123.25, 119.0, 102.75, 134.25
2023-04-06, 22:25:09, 131.5, 51.5, 19.25, 26.25, 9999.0, 1.5, 1.5, 19.75, 9999.0, 9999.0, 9999.0, 120.0, 123.25, 118.75, 102.75, 134.25
2023-04-06, 22:25:13, 131.75, 51.5, 19.25, 26.25, 9999.0, 1.25, 1.5, 19.75, 9999.0, 9999.0, 9999.0, 120.0, 123.25, 118.75, 102.75, 134.25
2023-04-06, 22:25:17, 131.75, 51.5, 19.25, 26.25, 9999.0, 1.25, 1.5, 19.75, 9999.0, 9999.0, 9999.0, 120.0, 123.25, 118.75, 102.75, 134.25
2023-04-06, 22:25:21, 131.5, 51.5, 19.0, 26.25, 9999.0, 1.25, 1.5, 19.75, 9999.0, 9999.0, 9999.0, 120.0, 123.25, 118.75, 102.75, 134.25
2023-04-06, 22:25:25, 131.5, 51.5, 19.25, 26.25, 9999.0, 1.25, 1.5, 19.75, 9999.0, 9999.0, 9999.0, 119.75, 123.25, 118.75, 102.75, 134.25
2023-04-06, 22:25:29, 131.75, 51.5, 19.0, 26.25, 9999.0, 1.25, 1.5, 19.75, 9999.0, 9999.0, 9999.0, 119.75, 123.25, 118.75, 102.75, 134.25
2023-04-06, 22:25:33, 131.5, 51.5, 19.25, 26.5, 9999.0, 1.25, 1.5, 19.75, 9999.0, 9999.0, 9999.0, 119.75, 123.5, 118.75, 102.75, 134.25
2023-04-06, 22:25:37, 131.75, 51.5, 19.25, 26.5, 9999.0, 1.25, 1.5, 19.75, 9999.0, 9999.0, 9999.0, 119.75, 123.5, 118.75, 102.75, 134.25
2023-04-06, 22:25:41, 131.75, 51.5, 19.25, 26.5, 9999.0, 1.25, 1.5, 19.75, 9999.0, 9999.0, 9999.0, 119.75, 123.5, 118.75, 102.75, 134.25
2023-04-06, 22:25:45, 131.75, 51.5, 19.25, 26.25, 9999.0, 1.25, 1.5, 19.75, 9999.0, 9999.0, 9999.0, 119.75, 123.5, 118.75, 102.75, 134.25
2023-04-06, 22:25:49, 131.75, 51.5, 19.25, 26.25, 9999.0, 1.25, 1.5, 19.75, 9999.0, 9999.0, 9999.0, 119.75, 123.5, 119.0, 102.75, 134.25
2023-04-06, 22:25:53, 131.5, 51.5, 19.0, 26.25, 9999.0, 1.0, 1.5, 19.75, 9999.0, 9999.0, 9999.0, 119.5, 123.5, 118.75, 102.75, 134.25
2023-04-06, 22:25:57, 131.75, 51.5, 19.25, 26.0, 9999.0, 1.25, 1.25, 19.75, 9999.0, 9999.0, 9999.0, 119.5, 123.5, 118.75, 102.75, 134.25
2023-04-06, 22:26:01, 131.5, 51.5, 19.0, 26.0, 9999.0, 1.25, 1.5, 19.5, 9999.0, 9999.0, 9999.0, 119.5, 123.5, 118.75, 102.75, 134.25
2023-04-06, 22:26:05, 131.5, 51.5, 19.25, 26.0, 9999.0, 1.25, 1.25, 19.75, 9999.0, 9999.0, 9999.0, 119.5, 123.5, 119.0, 102.75, 134.25
2023-04-06, 22:26:09, 131.75, 51.5, 19.25, 26.25, 9999.0, 1.25, 1.5, 19.75, 9999.0, 9999.0, 9999.0, 119.5, 123.5, 119.0, 102.75, 134.25
2023-04-06, 22:26:13, 131.75, 51.5, 19.25, 26.25, 9999.0, 1.25, 1.5, 19.75, 9999.0, 9999.0, 9999.0, 119.5, 123.25, 119.0, 102.75, 134.25
2023-04-06, 22:26:17, 131.5, 51.5, 19.25, 26.25, 9999.0, 1.5, 1.5, 19.75, 9999.0, 9999.0, 9999.0, 119.5, 123.5, 119.0, 102.75, 134.25
2023-04-06, 22:26:21, 131.5, 51.5, 19.25, 26.5, 9999.0, 1.5, 1.5, 19.75, 9999.0, 9999.0, 9999.0, 119.5, 123.5, 118.75, 102.75, 134.25
2023-04-06, 22:26:25, 131.5, 51.5, 19.0, 26.25, 9999.0, 1.25, 1.5, 19.75, 9999.0, 9999.0, 9999.0, 120.25, 123.25, 119.0, 102.75, 134.25
2023-04-06, 22:26:29, 131.75, 51.5, 19.25, 26.25, 9999.0, 1.5, 1.5, 19.75, 9999.0, 9999.0, 9999.0, 120.0, 123.25, 118.75, 102.75, 134.25
2023-04-06, 22:26:33, 131.5, 51.5, 19.25, 26.25, 9999.0, 1.25, 1.5, 19.75, 9999.0, 9999.0, 9999.0, 120.0, 123.25, 118.75, 102.75, 134.25
2023-04-06, 22:26:37, 131.5, 51.5, 19.25, 26.25, 9999.0, 1.25, 1.5, 19.75, 9999.0, 9999.0, 9999.0, 120.0, 123.25, 118.75, 102.75, 134.25
2023-04-06, 22:26:41, 131.75, 51.5, 19.0, 26.5, 9999.0, 1.25, 1.5, 19.75, 9999.0, 9999.0, 9999.0, 120.0, 123.25, 118.75, 102.75, 134.25
2023-04-06, 22:26:45, 131.5, 51.5, 19.25, 26.25, 9999.0, 1.25, 1.5, 19.75, 9999.0, 9999.0, 9999.0, 119.75, 123.25, 118.75, 102.75, 134.25
2023-04-06, 22:26:49, 131.75, 51.5, 19.25, 26.25, 9999.0, 1.25, 1.5, 19.75, 9999.0, 9999.0, 9999.0, 119.75, 123.25, 118.75, 102.75, 134.25
2023-04-06, 22:26:53, 131.75, 51.5, 19.25, 26.0, 9999.0, 1.25, 1.5, 19.75, 9999.0, 9999.0, 9999.0, 119.75, 123.5, 118.75, 102.75, 134.25
2023-04-06, 22:26:58, 131.5, 51.5, 19.0, 26.0, 9999.0, 1.25, 1.5, 19.75, 9999.0, 9999.0, 9999.0, 119.75, 123.5, 118.75, 102.75, 134.25
2023-04-06, 22:27:02, 131.75, 51.5, 19.0, 26.0, 9999.0, 1.25, 1.5, 19.75, 9999.0, 9999.0, 9999.0, 119.75, 123.5, 119.0, 102.75, 134.25
2023-04-06, 22:27:06, 131.5, 51.5, 19.25, 26.25, 9999.0, 1.25, 1.5, 19.75, 9999.0, 9999.0, 9999.0, 119.75, 123.5, 118.75, 102.75, 134.25
2023-04-06, 22:27:10, 131.5, 51.5, 19.25, 26.25, 9999.0, 1.25, 1.5, 19.75, 9999.0, 9999.0, 9999.0, 119.75, 123.5, 119.0, 102.75, 134.25
2023-04-06, 22:27:14, 131.5, 51.5, 19.0, 26.25, 9999.0, 1.25, 1.5, 19.75, 9999.0, 9999.0, 9999.0, 119.75, 123.5, 118.75, 102.75, 134.25
2023-04-06, 22:27:18, 131.75, 51.5, 19.25, 26.5, 9999.0, 1.25, 1.25, 19.75, 9999.0, 9999.0, 9999.0, 119.5, 123.5, 118.75, 102.75, 134.25
2023-04-06, 22:27:22, 131.5, 51.5, 19.25, 26.5, 9999.0, 1.0, 1.25, 19.75, 9999.0, 9999.0, 9999.0, 119.5, 123.5, 118.75, 102.75, 134.25
2023-04-06, 22:27:26, 131.75, 51.5, 19.0, 26.25, 9999.0, 1.0, 1.25, 19.75, 9999.0, 9999.0, 9999.0, 119.5, 123.25, 118.75, 102.75, 134.25
2023-04-06, 22:27:30, 131.5, 51.5, 19.0, 26.0, 9999.0, 1.25, 1.25, 19.75, 9999.0, 9999.0, 9999.0, 119.5, 123.5, 119.0, 102.5, 134.25
2023-04-06, 22:27:34, 131.5, 51.5, 19.25, 26.0, 9999.0, 1.25, 1.5, 19.5, 9999.0, 9999.0, 9999.0, 119.5, 123.25, 118.75, 102.75, 134.25
2023-04-06, 22:27:38, 131.5, 51.5, 19.25, 26.25, 9999.0, 1.25, 1.5, 19.75, 9999.0, 9999.0, 9999.0, 119.5, 123.5, 118.75, 102.75, 134.25
2023-04-06, 22:27:42, 131.5, 51.5, 19.0, 26.25, 9999.0, 1.5, 1.5, 19.75, 9999.0, 9999.0, 9999.0, 119.5, 123.25, 119.0, 102.75, 134.25
2023-04-06, 22:27:46, 131.5, 51.5, 19.25, 26.25, 9999.0, 1.5, 1.5, 19.75, 9999.0, 9999.0, 9999.0, 120.25, 123.25, 119.0, 102.5, 134.25
2023-04-06, 22:27:50, 131.5, 51.5, 19.0, 26.5, 9999.0, 1.25, 1.5, 19.75, 9999.0, 9999.0, 9999.0, 120.0, 123.25, 119.0, 102.75, 134.25
2023-04-06, 22:27:54, 131.5, 51.5, 19.25, 26.5, 9999.0, 1.25, 1.5, 19.75, 9999.0, 9999.0, 9999.0, 120.0, 123.25, 118.75, 102.75, 134.25
2023-04-06, 22:27:58, 131.5, 51.5, 19.0, 26.5, 9999.0, 1.25, 1.5, 19.75, 9999.0, 9999.0, 9999.0, 120.0, 123.25, 118.75, 102.75, 134.25
2023-04-06, 22:28:02, 131.75, 51.5, 19.0, 26.5, 9999.0, 1.25, 1.5, 19.75, 9999.0, 9999.0, 9999.0, 119.75, 123.25, 118.75, 102.75, 134.25
2023-04-06, 22:28:06, 131.75, 51.5, 19.25, 26.5, 9999.0, 1.25, 1.5, 19.75, 9999.0, 9999.0, 9999.0, 119.75, 123.25, 118.75, 102.75, 134.25
2023-04-06, 22:28:10, 131.75, 51.5, 19.0, 26.25, 9999.0, 1.25, 1.5, 19.75, 9999.0, 9999.0, 9999.0, 119.75, 123.25, 119.0, 102.75, 134.25
2023-04-06, 22:28:14, 131.5, 51.5, 19.0, 26.25, 9999.0, 1.25, 1.5, 19.75, 9999.0, 9999.0, 9999.0, 119.75, 123.5, 118.75, 102.75, 134.25
2023-04-06, 22:28:18, 131.5, 51.5, 19.0, 26.25, 9999.0, 1.25, 1.5, 19.75, 9999.0, 9999.0, 9999.0, 119.75, 123.5, 119.0, 102.75, 134.25
2023-04-06, 22:28:22, 131.5, 51.5, 19.0, 26.25, 9999.0, 1.25, 1.5, 19.5, 9999.0, 9999.0, 9999.0, 119.75, 123.5, 119.0, 102.75, 134.25
2023-04-06, 22:28:26, 131.5, 51.5, 19.25, 26.0, 9999.0, 1.25, 1.25, 19.5, 9999.0, 9999.0, 9999.0, 119.75, 123.5, 118.75, 102.75, 134.25
2023-04-06, 22:28:30, 131.5, 51.5, 19.25, 26.25, 9999.0, 1.0, 1.25, 19.75, 9999.0, 9999.0, 9999.0, 119.5, 123.5, 118.75, 102.75, 134.25
2023-04-06, 22:28:34, 131.5, 51.5, 19.25, 26.25, 9999.0, 1.25, 1.5, 19.5, 9999.0, 9999.0, 9999.0, 119.75, 123.5, 118.75, 102.75, 134.25
2023-04-06, 22:28:38, 131.5, 51.5, 19.0, 26.0, 9999.0, 1.0, 1.5, 19.5, 9999.0, 9999.0, 9999.0, 119.75, 123.5, 118.75, 102.75, 134.5
2023-04-06, 22:28:42, 131.75, 51.5, 19.0, 26.25, 9999.0, 1.0, 1.5, 19.75, 9999.0, 9999.0, 9999.0, 119.5, 123.5, 119.0, 102.75, 134.25
2023-04-06, 22:28:46, 131.5, 51.5, 19.25, 26.25, 9999.0, 1.0, 1.5, 19.75, 9999.0, 9999.0, 9999.0, 119.5, 123.25, 118.75, 102.75, 134.25
2023-04-06, 22:28:50, 131.5, 51.5, 19.25, 26.25, 9999.0, 1.25, 1.25, 19.75, 9999.0, 9999.0, 9999.0, 119.5, 123.5, 119.0, 102.75, 134.25
2023-04-06, 22:28:54, 131.5, 51.5, 19.25, 26.25, 9999.0, 1.25, 1.25, 19.5, 9999.0, 9999.0, 9999.0, 119.5, 123.5, 119.0, 102.5, 134.25
2023-04-06, 22:28:58, 131.5, 51.5, 19.25, 26.25, 9999.0, 1.25, 1.5, 19.5, 9999.0, 9999.0, 9999.0, 119.5, 123.25, 118.75, 102.75, 134.25
2023-04-06, 22:29:02, 131.5, 51.5, 19.25, 26.25, 9999.0, 1.25, 1.5, 19.75, 9999.0, 9999.0, 9999.0, 119.5, 123.25, 119.0, 102.75, 134.25
2023-04-06, 22:29:06, 131.5, 51.5, 19.0, 26.25, 9999.0, 1.5, 1.5, 19.5, 9999.0, 9999.0, 9999.0, 120.25, 123.25, 118.75, 102.75, 134.25
2023-04-06, 22:29:10, 131.75, 51.5, 19.0, 26.25, 9999.0, 1.25, 1.25, 19.75, 9999.0, 9999.0, 9999.0, 120.25, 123.25, 118.75, 102.75, 134.25
2023-04-06, 22:29:14, 131.5, 51.5, 19.0, 26.25, 9999.0, 1.25, 1.5, 19.75, 9999.0, 9999.0, 9999.0, 120.0, 123.25, 118.75, 102.75, 134.25
2023-04-06, 22:29:18, 131.5, 51.5, 19.25, 26.25, 9999.0, 1.25, 1.25, 19.75, 9999.0, 9999.0, 9999.0, 120.0, 123.25, 118.75, 102.75, 134.25
2023-04-06, 22:29:22, 131.5, 51.5, 19.25, 26.25, 9999.0, 1.25, 1.5, 19.75, 9999.0, 9999.0, 9999.0, 120.0, 123.25, 118.75, 102.75, 134.25
2023-04-06, 22:29:26, 131.5, 51.5, 19.25, 26.0, 9999.0, 1.25, 1.25, 19.5, 9999.0, 9999.0, 9999.0, 119.75, 123.25, 119.0, 102.75, 134.25
2023-04-06, 22:29:30, 131.5, 51.5, 19.0, 26.0, 9999.0, 1.25, 1.25, 19.75, 9999.0, 9999.0, 9999.0, 119.75, 123.25, 118.75, 102.75, 134.25
2023-04-06, 22:29:34, 131.5, 51.5, 19.0, 26.25, 9999.0, 1.25, 1.25, 19.5, 9999.0, 9999.0, 9999.0, 119.75, 123.25, 118.75, 102.75, 134.25
2023-04-06, 22:29:38, 131.5, 51.5, 19.0, 26.25, 9999.0, 1.25, 1.5, 19.75, 9999.0, 9999.0, 9999.0, 119.75, 123.5, 118.75, 102.75, 134.25
2023-04-06, 22:29:42, 131.5, 51.5, 19.0, 26.25, 9999.0, 1.25, 1.5, 19.5, 9999.0, 9999.0, 9999.0, 119.75, 123.5, 118.75, 102.75, 134.25
2023-04-06, 22:29:46, 131.75, 51.5, 19.25, 26.25, 9999.0, 1.25, 1.5, 19.75, 9999.0, 9999.0, 9999.0, 119.75, 123.5, 118.75, 102.75, 134.25
2023-04-06, 22:29:50, 131.5, 51.5, 19.25, 26.25, 9999.0, 1.25, 1.5, 19.5, 9999.0, 9999.0, 9999.0, 119.75, 123.5, 118.75, 102.75, 134.25
2023-04-06, 22:29:54, 131.75, 51.5, 19.25, 26.25, 9999.0, 1.25, 1.25, 19.75, 9999.0, 9999.0, 9999.0, 119.75, 123.5, 118.75, 102.75, 134.25
2023-04-06, 22:29:58, 131.5, 51.5, 19.25, 26.25, 9999.0, 1.0, 1.25, 19.75, 9999.0, 9999.0, 9999.0, 119.75, 123.5, 118.75, 102.75, 134.25
2023-04-06, 22:30:02, 131.5, 51.5, 19.25, 26.25, 9999.0, 1.0, 1.5, 19.5, 9999.0, 9999.0, 9999.0, 119.5, 123.25, 118.75, 102.75, 134.25
2023-04-06, 22:30:07, 131.5, 51.5, 19.25, 26.25, 9999.0, 1.0, 1.5, 19.75, 9999.0, 9999.0, 9999.0, 119.5, 123.25, 119.0, 102.75, 134.25
2023-04-06, 22:30:10, 131.5, 51.5, 19.25, 26.5, 9999.0, 1.25, 1.5, 19.5, 9999.0, 9999.0, 9999.0, 119.5, 123.5, 119.0, 102.75, 134.25
2023-04-06, 22:30:14, 131.5, 51.5, 19.0, 26.5, 9999.0, 1.25, 1.25, 19.75, 9999.0, 9999.0, 9999.0, 119.5, 123.25, 118.75, 102.75, 134.25
2023-04-06, 22:30:18, 131.5, 51.5, 19.25, 26.5, 9999.0, 1.25, 1.25, 19.75, 9999.0, 9999.0, 9999.0, 119.5, 123.25, 119.0, 102.75, 134.25
2023-04-06, 22:30:22, 131.5, 51.5, 19.25, 26.25, 9999.0, 1.25, 1.5, 19.75, 9999.0, 9999.0, 9999.0, 119.5, 123.25, 118.75, 102.75, 134.25
2023-04-06, 22:30:26, 131.75, 51.5, 19.25, 26.25, 9999.0, 1.5, 1.5, 19.75, 9999.0, 9999.0, 9999.0, 119.5, 123.5, 119.0, 102.75, 134.25
2023-04-06, 22:30:30, 131.75, 51.5, 19.25, 26.25, 9999.0, 1.25, 1.25, 19.75, 9999.0, 9999.0, 9999.0, 120.25, 123.25, 118.75, 102.75, 134.25
2023-04-06, 22:30:34, 131.5, 51.5, 19.25, 26.25, 9999.0, 1.25, 1.5, 19.75, 9999.0, 9999.0, 9999.0, 120.0, 123.25, 118.75, 102.75, 134.25
2023-04-06, 22:30:38, 131.75, 51.5, 19.25, 26.25, 9999.0, 1.25, 1.5, 19.75, 9999.0, 9999.0, 9999.0, 120.0, 123.25, 119.0, 102.75, 134.25
2023-04-06, 22:30:42, 131.75, 51.5, 19.0, 26.25, 9999.0, 1.25, 1.5, 19.75, 9999.0, 9999.0, 9999.0, 120.0, 123.25, 118.75, 102.75, 134.25
2023-04-06, 22:30:46, 131.75, 51.5, 19.25, 26.0, 9999.0, 1.25, 1.5, 19.75, 9999.0, 9999.0, 9999.0, 120.0, 123.25, 118.75, 102.75, 134.25
2023-04-06, 22:30:50, 131.5, 51.5, 19.25, 26.25, 9999.0, 1.25, 1.5, 19.75, 9999.0, 9999.0, 9999.0, 119.75, 123.25, 118.75, 102.75, 134.25
2023-04-06, 22:30:54, 131.75, 51.5, 19.25, 26.0, 9999.0, 1.25, 1.5, 19.75, 9999.0, 9999.0, 9999.0, 119.75, 123.25, 118.75, 102.75, 134.25
2023-04-06, 22:30:58, 131.75, 51.5, 19.25, 26.0, 9999.0, 1.25, 1.5, 19.75, 9999.0, 9999.0, 9999.0, 119.75, 123.5, 118.75, 102.75, 134.25
2023-04-06, 22:31:02, 131.75, 51.5, 19.0, 26.0, 9999.0, 1.25, 1.5, 19.75, 9999.0, 9999.0, 9999.0, 119.75, 123.5, 119.0, 102.75, 134.25
2023-04-06, 22:31:06, 131.75, 51.5, 19.0, 26.25, 9999.0, 1.25, 1.5, 19.75, 9999.0, 9999.0, 9999.0, 119.75, 123.5, 118.75, 102.75, 134.25
2023-04-06, 22:31:10, 131.75, 51.5, 19.25, 26.0, 9999.0, 1.25, 1.5, 19.75, 9999.0, 9999.0, 9999.0, 119.75, 123.5, 118.75, 102.75, 134.25
2023-04-06, 22:31:14, 131.75, 51.5, 19.25, 26.0, 9999.0, 1.25, 1.5, 19.75, 9999.0, 9999.0, 9999.0, 119.75, 123.25, 118.75, 102.75, 134.25
2023-04-06, 22:31:18, 131.5, 51.5, 19.25, 26.25, 9999.0, 1.0, 1.5, 19.75, 9999.0, 9999.0, 9999.0, 119.75, 123.25, 119.0, 102.75, 134.25
2023-04-06, 22:31:23, 131.75, 51.5, 19.0, 26.25, 9999.0, 1.25, 1.5, 19.75, 9999.0, 9999.0, 9999.0, 119.5, 123.5, 118.75, 102.75, 134.25
2023-04-06, 22:31:27, 131.75, 51.5, 19.25, 26.25, 9999.0, 1.25, 1.5, 19.75, 9999.0, 9999.0, 9999.0, 119.5, 123.25, 118.75, 102.75, 134.25
2023-04-06, 22:31:31, 131.5, 51.5, 19.25, 26.25, 9999.0, 1.0, 1.5, 19.75, 9999.0, 9999.0, 9999.0, 119.5, 123.25, 119.0, 102.75, 134.25
2023-04-06, 22:31:35, 131.75, 51.5, 19.0, 26.25, 9999.0, 1.25, 1.5, 19.75, 9999.0, 9999.0, 9999.0, 119.5, 123.25, 119.0, 102.75, 134.25
2023-04-06, 22:31:39, 131.75, 51.5, 19.25, 26.25, 9999.0, 1.25, 1.25, 19.75, 9999.0, 9999.0, 9999.0, 119.5, 123.25, 118.75, 102.75, 134.25
2023-04-06, 22:31:43, 131.75, 51.5, 19.25, 26.25, 9999.0, 1.25, 1.5, 19.75, 9999.0, 9999.0, 9999.0, 119.5, 123.25, 119.0, 102.75, 134.25
2023-04-06, 22:31:47, 131.75, 51.5, 19.0, 26.25, 9999.0, 1.5, 1.5, 19.75, 9999.0, 9999.0, 9999.0, 119.5, 123.25, 119.0, 102.75, 134.25
2023-04-06, 22:31:51, 131.75, 51.5, 19.25, 26.25, 9999.0, 1.5, 1.5, 19.75, 9999.0, 9999.0, 9999.0, 120.25, 123.25, 118.75, 102.75, 134.25
2023-04-06, 22:31:55, 131.75, 51.5, 19.25, 26.25, 9999.0, 1.5, 1.5, 19.75, 9999.0, 9999.0, 9999.0, 120.25, 123.25, 118.75, 102.75, 134.25
2023-04-06, 22:31:59, 131.75, 51.5, 19.25, 26.25, 9999.0, 1.5, 1.5, 19.75, 9999.0, 9999.0, 9999.0, 120.0, 123.25, 118.75, 102.75, 134.25
2023-04-06, 22:32:03, 131.75, 51.5, 19.0, 26.25, 9999.0, 1.25, 1.5, 19.75, 9999.0, 9999.0, 9999.0, 120.0, 123.25, 118.75, 102.75, 134.25
2023-04-06, 22:32:07, 131.5, 51.5, 19.25, 26.25, 9999.0, 1.25, 1.5, 19.75, 9999.0, 9999.0, 9999.0, 120.0, 123.25, 118.75, 102.75, 134.25
2023-04-06, 22:32:11, 131.75, 51.5, 19.25, 26.0, 9999.0, 1.25, 1.5, 19.75, 9999.0, 9999.0, 9999.0, 120.0, 123.25, 118.75, 102.75, 134.25
2023-04-06, 22:32:15, 131.5, 51.5, 19.25, 26.25, 9999.0, 1.25, 1.5, 19.75, 9999.0, 9999.0, 9999.0, 119.75, 123.25, 118.75, 102.75, 134.25
2023-04-06, 22:32:19, 131.75, 51.5, 19.25, 26.0, 9999.0, 1.25, 1.5, 19.75, 9999.0, 9999.0, 9999.0, 119.75, 123.25, 118.75, 102.75, 134.25
2023-04-06, 22:32:23, 131.75, 51.5, 19.25, 26.0, 9999.0, 1.25, 1.5, 19.75, 9999.0, 9999.0, 9999.0, 119.75, 123.5, 119.0, 102.75, 134.25
2023-04-06, 22:32:27, 131.75, 51.5, 19.25, 26.25, 9999.0, 1.25, 1.5, 19.75, 9999.0, 9999.0, 9999.0, 119.75, 123.5, 119.0, 102.75, 134.25
2023-04-06, 22:32:31, 131.75, 51.5, 19.25, 26.25, 9999.0, 1.25, 1.5, 19.75, 9999.0, 9999.0, 9999.0, 119.75, 123.5, 118.75, 102.75, 134.25
2023-04-06, 22:32:35, 131.5, 51.5, 19.25, 26.25, 9999.0, 1.25, 1.5, 19.75, 9999.0, 9999.0, 9999.0, 119.75, 123.5, 118.75, 102.75, 134.25
2023-04-06, 22:32:39, 131.75, 51.5, 19.25, 26.25, 9999.0, 1.25, 1.5, 19.75, 9999.0, 9999.0, 9999.0, 119.75, 123.25, 118.75, 102.75, 134.25
2023-04-06, 22:32:43, 131.75, 51.5, 19.25, 26.25, 9999.0, 1.25, 1.5, 19.75, 9999.0, 9999.0, 9999.0, 119.75, 123.5, 118.75, 102.75, 134.25
2023-04-06, 22:32:47, 131.75, 51.5, 19.25, 26.25, 9999.0, 1.25, 1.5, 19.75, 9999.0, 9999.0, 9999.0, 119.5, 123.5, 118.75, 102.75, 134.25
2023-04-06, 22:32:51, 131.75, 51.5, 19.25, 26.25, 9999.0, 1.0, 1.5, 19.75, 9999.0, 9999.0, 9999.0, 119.5, 123.25, 119.0, 102.75, 134.25
2023-04-06, 22:32:55, 131.75, 51.5, 19.25, 26.25, 9999.0, 1.0, 1.5, 19.75, 9999.0, 9999.0, 9999.0, 119.5, 123.25, 119.0, 102.75, 134.25
2023-04-06, 22:32:59, 131.75, 51.5, 19.25, 26.25, 9999.0, 1.25, 1.5, 19.75, 9999.0, 9999.0, 9999.0, 119.5, 123.25, 119.0, 102.75, 134.25
2023-04-06, 22:33:03, 131.5, 51.5, 19.25, 26.25, 9999.0, 1.25, 1.5, 19.75, 9999.0, 9999.0, 9999.0, 119.5, 123.25, 119.0, 102.75, 134.25
2023-04-06, 22:33:07, 131.75, 51.75, 19.25, 26.25, 9999.0, 1.5, 1.5, 19.75, 9999.0, 9999.0, 9999.0, 119.5, 123.25, 118.75, 102.75, 134.25
2023-04-06, 22:33:11, 131.75, 51.5, 19.25, 26.25, 9999.0, 1.5, 1.5, 19.75, 9999.0, 9999.0, 9999.0, 119.5, 123.25, 119.0, 102.75, 134.25
2023-04-06, 22:33:15, 131.75, 51.75, 19.25, 26.25, 9999.0, 1.5, 1.5, 19.75, 9999.0, 9999.0, 9999.0, 120.25, 123.25, 118.75, 102.75, 134.25
2023-04-06, 22:33:19, 131.75, 51.5, 19.25, 26.25, 9999.0, 1.25, 1.5, 19.75, 9999.0, 9999.0, 9999.0, 120.0, 123.25, 119.0, 102.75, 134.25
2023-04-06, 22:33:23, 131.75, 51.5, 19.25, 26.25, 9999.0, 1.5, 1.5, 19.75, 9999.0, 9999.0, 9999.0, 120.0, 123.25, 119.0, 102.75, 134.25
2023-04-06, 22:33:27, 131.75, 51.75, 19.25, 26.25, 9999.0, 1.5, 1.5, 19.75, 9999.0, 9999.0, 9999.0, 120.0, 123.25, 118.75, 102.75, 134.25
2023-04-06, 22:33:31, 131.75, 51.5, 19.25, 26.5, 9999.0, 1.25, 1.5, 19.75, 9999.0, 9999.0, 9999.0, 120.0, 123.25, 118.75, 102.75, 134.25
2023-04-06, 22:33:35, 131.75, 51.5, 19.25, 26.5, 9999.0, 1.25, 1.5, 19.75, 9999.0, 9999.0, 9999.0, 119.75, 123.25, 118.75, 102.75, 134.25
2023-04-06, 22:33:39, 131.75, 51.5, 19.25, 26.5, 9999.0, 1.5, 1.5, 19.75, 9999.0, 9999.0, 9999.0, 119.75, 123.25, 118.75, 102.75, 134.25
2023-04-06, 22:33:43, 131.75, 51.5, 19.25, 26.5, 9999.0, 1.25, 1.5, 19.75, 9999.0, 9999.0, 9999.0, 119.75, 123.5, 118.75, 102.75, 134.25
2023-04-06, 22:33:47, 131.75, 51.5, 19.25, 26.5, 9999.0, 1.25, 1.5, 19.75, 9999.0, 9999.0, 9999.0, 120.0, 123.5, 118.75, 102.75, 134.25
2023-04-06, 22:33:51, 131.75, 51.75, 19.25, 26.5, 9999.0, 1.25, 1.5, 19.75, 9999.0, 9999.0, 9999.0, 119.75, 123.5, 119.0, 102.75, 134.25
2023-04-06, 22:33:55, 131.75, 51.75, 19.25, 26.5, 9999.0, 1.25, 1.5, 19.75, 9999.0, 9999.0, 9999.0, 119.75, 123.5, 118.75, 102.75, 134.5
2023-04-06, 22:33:59, 131.75, 51.75, 19.25, 26.5, 9999.0, 1.25, 1.5, 19.75, 9999.0, 9999.0, 9999.0, 119.75, 123.5, 118.75, 102.75, 134.5
2023-04-06, 22:34:03, 131.75, 51.75, 19.25, 26.5, 9999.0, 1.25, 1.5, 19.75, 9999.0, 9999.0, 9999.0, 119.75, 123.5, 118.75, 102.75, 134.25
2023-04-06, 22:34:07, 131.75, 51.75, 19.25, 26.25, 9999.0, 1.25, 1.5, 19.75, 9999.0, 9999.0, 9999.0, 119.75, 123.5, 118.75, 102.75, 134.25
2023-04-06, 22:34:11, 131.75, 51.75, 19.25, 26.5, 9999.0, 1.25, 1.5, 19.75, 9999.0, 9999.0, 9999.0, 119.5, 123.5, 118.75, 102.75, 134.5
2023-04-06, 22:34:15, 131.75, 51.75, 19.25, 26.5, 9999.0, 1.25, 1.5, 19.75, 9999.0, 9999.0, 9999.0, 119.5, 123.5, 118.75, 102.75, 134.5
2023-04-06, 22:34:19, 131.75, 51.75, 19.25, 26.5, 9999.0, 1.25, 1.5, 19.75, 9999.0, 9999.0, 9999.0, 119.5, 123.5, 119.0, 102.75, 134.25
2023-04-06, 22:34:23, 131.75, 51.75, 19.25, 26.25, 9999.0, 1.25, 1.5, 19.75, 9999.0, 9999.0, 9999.0, 119.5, 123.5, 118.75, 102.75, 134.25
2023-04-06, 22:34:27, 131.75, 51.75, 19.25, 26.5, 9999.0, 1.5, 1.5, 19.75, 9999.0, 9999.0, 9999.0, 119.5, 123.5, 118.75, 102.75, 134.25
2023-04-06, 22:34:31, 131.75, 51.75, 19.25, 26.25, 9999.0, 1.5, 1.5, 19.75, 9999.0, 9999.0, 9999.0, 119.5, 123.5, 119.0, 102.75, 134.5
2023-04-06, 22:34:35, 131.75, 51.75, 19.25, 26.25, 9999.0, 1.5, 1.5, 19.75, 9999.0, 9999.0, 9999.0, 120.25, 123.5, 119.0, 102.75, 134.5
2023-04-06, 22:34:39, 131.75, 51.75, 19.25, 26.25, 9999.0, 1.5, 1.5, 19.75, 9999.0, 9999.0, 9999.0, 120.25, 123.5, 119.0, 102.75, 134.5
2023-04-06, 22:34:43, 131.75, 51.75, 19.25, 26.5, 9999.0, 1.5, 1.5, 19.75, 9999.0, 9999.0, 9999.0, 120.0, 123.5, 118.75, 102.75, 134.5
2023-04-06, 22:34:47, 131.75, 51.75, 19.25, 26.5, 9999.0, 1.5, 1.5, 19.75, 9999.0, 9999.0, 9999.0, 120.0, 123.25, 119.0, 102.75, 134.5
2023-04-06, 22:34:51, 131.75, 51.75, 19.5, 26.5, 9999.0, 1.25, 1.5, 19.75, 9999.0, 9999.0, 9999.0, 120.0, 123.25, 118.75, 102.75, 134.25
2023-04-06, 22:34:55, 131.75, 51.75, 19.5, 26.25, 9999.0, 1.25, 1.5, 19.75, 9999.0, 9999.0, 9999.0, 120.0, 123.25, 119.0, 102.75, 134.5
2023-04-06, 22:34:59, 131.75, 51.75, 19.25, 26.25, 9999.0, 1.25, 1.5, 19.75, 9999.0, 9999.0, 9999.0, 120.0, 123.25, 118.75, 102.75, 134.25
2023-04-06, 22:35:03, 131.75, 51.75, 19.25, 26.25, 9999.0, 1.25, 1.5, 19.75, 9999.0, 9999.0, 9999.0, 119.75, 123.25, 118.75, 102.75, 134.25
2023-04-06, 22:35:07, 131.75, 51.75, 19.25, 26.25, 9999.0, 1.25, 1.5, 19.75, 9999.0, 9999.0, 9999.0, 119.75, 123.5, 118.75, 102.75, 134.5
2023-04-06, 22:35:11, 131.75, 51.75, 19.25, 26.25, 9999.0, 1.25, 1.5, 19.75, 9999.0, 9999.0, 9999.0, 120.0, 123.5, 118.75, 102.75, 134.25
2023-04-06, 22:35:15, 131.75, 51.75, 19.25, 26.25, 9999.0, 1.25, 1.5, 19.75, 9999.0, 9999.0, 9999.0, 119.75, 123.5, 119.0, 102.75, 134.5
2023-04-06, 22:35:19, 131.75, 51.75, 19.25, 26.5, 9999.0, 1.25, 1.5, 19.75, 9999.0, 9999.0, 9999.0, 119.75, 123.5, 118.75, 102.75, 134.5
2023-04-06, 22:35:23, 131.75, 51.75, 19.25, 26.5, 9999.0, 1.25, 1.5, 19.75, 9999.0, 9999.0, 9999.0, 119.75, 123.5, 119.0, 102.75, 134.5
2023-04-06, 22:35:27, 131.75, 51.75, 19.25, 26.5, 9999.0, 1.25, 1.5, 19.75, 9999.0, 9999.0, 9999.0, 119.75, 123.5, 119.0, 102.75, 134.5
2023-04-06, 22:35:31, 131.75, 51.75, 19.25, 26.25, 9999.0, 1.25, 1.5, 19.75, 9999.0, 9999.0, 9999.0, 119.75, 123.5, 118.75, 102.75, 134.5
2023-04-06, 22:35:35, 131.75, 51.75, 19.25, 26.25, 9999.0, 1.25, 1.5, 19.75, 9999.0, 9999.0, 9999.0, 119.5, 123.5, 118.75, 102.75, 134.5
2023-04-06, 22:35:39, 131.75, 51.75, 19.25, 26.5, 9999.0, 1.0, 1.5, 19.75, 9999.0, 9999.0, 9999.0, 119.5, 123.5, 119.0, 102.75, 134.5
2023-04-06, 22:35:43, 131.75, 51.75, 19.25, 26.5, 9999.0, 1.25, 1.5, 19.75, 9999.0, 9999.0, 9999.0, 119.75, 123.5, 119.0, 102.75, 134.5
2023-04-06, 22:35:47, 131.75, 51.75, 19.25, 26.5, 9999.0, 1.25, 1.5, 20.0, 9999.0, 9999.0, 9999.0, 119.5, 123.25, 119.0, 102.75, 134.5
2023-04-06, 22:35:52, 131.75, 51.75, 19.25, 26.5, 9999.0, 1.5, 1.5, 19.75, 9999.0, 9999.0, 9999.0, 119.5, 123.25, 118.75, 102.75, 134.5
2023-04-06, 22:35:56, 131.75, 51.75, 19.25, 26.5, 9999.0, 1.5, 1.5, 19.75, 9999.0, 9999.0, 9999.0, 119.5, 123.5, 118.75, 102.75, 134.5
2023-04-06, 22:36:00, 131.75, 51.75, 19.25, 26.25, 9999.0, 1.5, 1.5, 19.75, 9999.0, 9999.0, 9999.0, 120.25, 123.5, 118.75, 102.75, 134.5
2023-04-06, 22:36:04, 131.75, 51.75, 19.5, 26.5, 9999.0, 1.5, 1.5, 20.0, 9999.0, 9999.0, 9999.0, 120.0, 123.25, 118.75, 102.75, 134.25
2023-04-06, 22:36:08, 131.75, 51.75, 19.5, 26.25, 9999.0, 1.5, 1.5, 19.75, 9999.0, 9999.0, 9999.0, 120.0, 123.5, 119.0, 102.75, 134.5
2023-04-06, 22:36:12, 131.75, 51.75, 19.5, 26.25, 9999.0, 1.5, 1.5, 19.75, 9999.0, 9999.0, 9999.0, 120.0, 123.5, 119.0, 102.75, 134.5
2023-04-06, 22:36:16, 131.75, 51.75, 19.25, 26.5, 9999.0, 1.25, 1.5, 19.75, 9999.0, 9999.0, 9999.0, 120.0, 123.25, 118.75, 102.75, 134.25
2023-04-06, 22:36:20, 131.75, 51.75, 19.5, 26.5, 9999.0, 1.25, 1.5, 19.75, 9999.0, 9999.0, 9999.0, 120.0, 123.25, 118.75, 102.75, 134.5
2023-04-06, 22:36:24, 131.75, 51.75, 19.25, 26.25, 9999.0, 1.25, 1.5, 19.75, 9999.0, 9999.0, 9999.0, 120.0, 123.25, 119.0, 102.75, 134.5
2023-04-06, 22:36:28, 131.75, 51.75, 19.25, 26.25, 9999.0, 1.25, 1.5, 19.75, 9999.0, 9999.0, 9999.0, 119.75, 123.25, 118.75, 102.75, 134.25
2023-04-06, 22:36:32, 131.75, 51.75, 19.25, 26.25, 9999.0, 1.25, 1.5, 19.75, 9999.0, 9999.0, 9999.0, 119.75, 123.5, 118.75, 102.75, 134.25
2023-04-06, 22:36:36, 131.75, 51.75, 19.25, 26.5, 9999.0, 1.25, 1.5, 19.75, 9999.0, 9999.0, 9999.0, 119.75, 123.5, 119.0, 102.75, 134.5
2023-04-06, 22:36:40, 131.75, 51.75, 19.25, 26.25, 9999.0, 1.25, 1.5, 19.75, 9999.0, 9999.0, 9999.0, 119.75, 123.5, 118.75, 102.75, 134.5
2023-04-06, 22:36:44, 131.75, 51.75, 19.25, 26.25, 9999.0, 1.25, 1.5, 19.75, 9999.0, 9999.0, 9999.0, 119.75, 123.5, 118.75, 102.75, 134.5
2023-04-06, 22:36:48, 131.75, 51.75, 19.25, 26.25, 9999.0, 1.25, 1.5, 19.75, 9999.0, 9999.0, 9999.0, 119.75, 123.25, 118.75, 102.75, 134.5
2023-04-06, 22:36:52, 131.75, 51.75, 19.25, 26.5, 9999.0, 1.25, 1.5, 19.75, 9999.0, 9999.0, 9999.0, 119.75, 123.5, 118.75, 102.75, 134.5
2023-04-06, 22:36:56, 131.75, 51.5, 19.25, 26.25, 9999.0, 1.25, 1.5, 19.75, 9999.0, 9999.0, 9999.0, 119.75, 123.5, 118.75, 102.75, 134.25
2023-04-06, 22:37:00, 131.75, 51.5, 19.25, 26.5, 9999.0, 1.0, 1.5, 19.75, 9999.0, 9999.0, 9999.0, 119.75, 123.25, 118.75, 102.75, 134.25
2023-04-06, 22:37:04, 131.75, 51.75, 19.25, 26.5, 9999.0, 1.5, 1.5, 19.75, 9999.0, 9999.0, 9999.0, 119.5, 123.25, 119.0, 102.75, 134.25
2023-04-06, 22:37:08, 131.75, 51.75, 19.25, 26.25, 9999.0, 1.25, 1.5, 19.75, 9999.0, 9999.0, 9999.0, 119.5, 123.5, 119.0, 102.75, 134.25
2023-04-06, 22:37:12, 131.75, 51.75, 19.25, 26.0, 9999.0, 1.25, 1.5, 19.75, 9999.0, 9999.0, 9999.0, 119.5, 123.25, 119.0, 102.75, 134.25
2023-04-06, 22:37:16, 131.75, 51.5, 19.25, 26.0, 9999.0, 1.5, 1.5, 19.75, 9999.0, 9999.0, 9999.0, 119.5, 123.25, 118.75, 102.75, 134.5
2023-04-06, 22:37:20, 131.75, 51.75, 19.25, 26.25, 9999.0, 1.5, 1.5, 19.75, 9999.0, 9999.0, 9999.0, 119.5, 123.25, 119.0, 102.75, 134.5
2023-04-06, 22:37:24, 131.75, 51.75, 19.25, 26.5, 9999.0, 1.5, 1.5, 19.75, 9999.0, 9999.0, 9999.0, 120.25, 123.25, 118.75, 102.75, 134.25
2023-04-06, 22:37:28, 131.75, 51.75, 19.25, 26.25, 9999.0, 1.5, 1.5, 19.75, 9999.0, 9999.0, 9999.0, 120.25, 123.25, 118.75, 102.75, 134.25
2023-04-06, 22:37:32, 131.75, 51.75, 19.25, 26.5, 9999.0, 1.5, 1.5, 19.75, 9999.0, 9999.0, 9999.0, 120.0, 123.25, 119.0, 102.75, 134.25
2023-04-06, 22:37:36, 131.75, 51.75, 19.25, 26.5, 9999.0, 1.25, 1.5, 19.75, 9999.0, 9999.0, 9999.0, 120.0, 123.25, 119.0, 102.75, 134.25
2023-04-06, 22:37:40, 131.75, 51.5, 19.25, 26.5, 9999.0, 1.5, 1.5, 19.75, 9999.0, 9999.0, 9999.0, 120.0, 123.25, 119.0, 102.75, 134.5
2023-04-06, 22:37:44, 131.75, 51.75, 19.25, 26.5, 9999.0, 1.25, 1.75, 19.75, 9999.0, 9999.0, 9999.0, 120.0, 123.25, 118.75, 102.75, 134.25
2023-04-06, 22:37:48, 131.75, 51.75, 19.25, 26.5, 9999.0, 1.25, 1.5, 19.75, 9999.0, 9999.0, 9999.0, 120.0, 123.25, 118.75, 102.75, 134.25
2023-04-06, 22:37:52, 131.75, 51.75, 19.25, 26.0, 9999.0, 1.25, 1.5, 19.75, 9999.0, 9999.0, 9999.0, 119.75, 123.5, 119.0, 102.75, 134.25
2023-04-06, 22:37:56, 131.75, 51.75, 19.25, 26.25, 9999.0, 1.25, 1.5, 19.75, 9999.0, 9999.0, 9999.0, 119.75, 123.5, 118.75, 102.75, 134.5
2023-04-06, 22:38:00, 131.75, 51.5, 19.5, 26.5, 9999.0, 1.25, 1.5, 19.75, 9999.0, 9999.0, 9999.0, 120.0, 123.5, 118.75, 102.75, 134.25
2023-04-06, 22:38:04, 131.75, 51.5, 19.25, 26.5, 9999.0, 1.25, 1.5, 19.75, 9999.0, 9999.0, 9999.0, 119.75, 123.5, 119.0, 102.75, 134.25
2023-04-06, 22:38:08, 131.75, 51.5, 19.25, 26.25, 9999.0, 1.25, 1.5, 19.75, 9999.0, 9999.0, 9999.0, 119.75, 123.5, 118.75, 102.75, 134.25
2023-04-06, 22:38:12, 131.75, 51.75, 19.25, 26.5, 9999.0, 1.25, 1.5, 19.75, 9999.0, 9999.0, 9999.0, 119.75, 123.5, 119.0, 102.75, 134.25
2023-04-06, 22:38:16, 131.75, 51.5, 19.25, 26.25, 9999.0, 1.25, 1.5, 19.75, 9999.0, 9999.0, 9999.0, 119.75, 123.25, 118.75, 102.75, 134.25
2023-04-06, 22:38:20, 131.75, 51.5, 19.25, 26.0, 9999.0, 1.25, 1.5, 19.75, 9999.0, 9999.0, 9999.0, 119.5, 123.25, 118.75, 102.75, 134.5
2023-04-06, 22:38:24, 131.75, 51.75, 19.25, 26.25, 9999.0, 1.25, 1.5, 19.75, 9999.0, 9999.0, 9999.0, 119.5, 123.25, 119.0, 102.75, 134.25
2023-04-06, 22:38:28, 131.75, 51.75, 19.25, 26.25, 9999.0, 1.25, 1.5, 19.75, 9999.0, 9999.0, 9999.0, 119.75, 123.25, 119.0, 102.75, 134.25
2023-04-06, 22:38:32, 131.75, 51.75, 19.25, 26.25, 9999.0, 1.25, 1.5, 19.75, 9999.0, 9999.0, 9999.0, 119.5, 123.25, 118.75, 102.75, 134.25
2023-04-06, 22:38:36, 131.75, 51.75, 19.5, 26.25, 9999.0, 1.25, 1.5, 19.75, 9999.0, 9999.0, 9999.0, 119.5, 123.25, 119.0, 102.75, 134.25
2023-04-06, 22:38:40, 131.75, 51.5, 19.25, 26.25, 9999.0, 1.5, 1.5, 19.75, 9999.0, 9999.0, 9999.0, 119.5, 123.25, 119.0, 102.75, 134.25
2023-04-06, 22:38:44, 131.75, 51.5, 19.5, 26.0, 9999.0, 1.5, 1.5, 19.75, 9999.0, 9999.0, 9999.0, 119.5, 123.25, 118.75, 102.75, 134.25
2023-04-06, 22:38:48, 131.75, 51.75, 19.25, 26.25, 9999.0, 1.5, 1.5, 19.75, 9999.0, 9999.0, 9999.0, 120.25, 123.25, 119.0, 102.75, 134.25
2023-04-06, 22:38:52, 131.5, 51.75, 19.25, 26.5, 9999.0, 1.5, 1.5, 20.0, 9999.0, 9999.0, 9999.0, 120.25, 123.25, 118.75, 102.75, 134.25
2023-04-06, 22:38:56, 131.75, 51.5, 19.25, 26.25, 9999.0, 1.25, 1.5, 19.75, 9999.0, 9999.0, 9999.0, 120.0, 123.25, 118.75, 102.75, 134.25
2023-04-06, 22:39:00, 131.75, 51.75, 19.25, 26.25, 9999.0, 1.25, 1.5, 19.75, 9999.0, 9999.0, 9999.0, 120.0, 123.25, 119.0, 102.75, 134.25
2023-04-06, 22:39:04, 131.75, 51.5, 19.25, 26.25, 9999.0, 1.25, 1.5, 19.75, 9999.0, 9999.0, 9999.0, 120.0, 123.25, 118.75, 102.75, 134.25
2023-04-06, 22:39:08, 131.75, 51.5, 19.25, 26.25, 9999.0, 1.25, 1.5, 19.75, 9999.0, 9999.0, 9999.0, 120.0, 123.25, 118.75, 102.75, 134.25
2023-04-06, 22:39:12, 131.75, 51.5, 19.25, 26.25, 9999.0, 1.25, 1.5, 19.75, 9999.0, 9999.0, 9999.0, 119.75, 123.25, 118.75, 102.75, 134.5
2023-04-06, 22:39:16, 131.75, 51.5, 19.25, 26.5, 9999.0, 1.25, 1.5, 19.75, 9999.0, 9999.0, 9999.0, 119.75, 123.5, 118.75, 102.75, 134.25
2023-04-06, 22:39:20, 131.75, 51.5, 19.25, 26.25, 9999.0, 1.25, 1.5, 19.75, 9999.0, 9999.0, 9999.0, 120.0, 123.5, 118.75, 102.75, 134.25
2023-04-06, 22:39:24, 131.75, 51.75, 19.25, 26.25, 9999.0, 1.25, 1.5, 19.75, 9999.0, 9999.0, 9999.0, 120.0, 123.5, 118.75, 102.75, 134.25
2023-04-06, 22:39:28, 131.75, 51.5, 19.25, 26.25, 9999.0, 1.25, 1.5, 19.75, 9999.0, 9999.0, 9999.0, 119.75, 123.25, 118.75, 102.75, 134.5
2023-04-06, 22:39:32, 131.75, 51.75, 19.25, 26.5, 9999.0, 1.25, 1.5, 19.75, 9999.0, 9999.0, 9999.0, 119.75, 123.25, 118.75, 102.75, 134.25
2023-04-06, 22:39:36, 131.75, 51.5, 19.25, 26.5, 9999.0, 1.25, 1.5, 19.5, 9999.0, 9999.0, 9999.0, 119.75, 123.25, 118.75, 102.75, 134.25
2023-04-06, 22:39:40, 131.75, 51.75, 19.25, 26.25, 9999.0, 1.0, 1.5, 19.75, 9999.0, 9999.0, 9999.0, 119.75, 123.25, 118.75, 102.75, 134.5
2023-04-06, 22:39:44, 131.75, 51.5, 19.25, 26.0, 9999.0, 1.25, 1.5, 19.75, 9999.0, 9999.0, 9999.0, 119.75, 123.25, 118.75, 102.75, 134.25
2023-04-06, 22:39:48, 131.75, 51.75, 19.25, 26.0, 9999.0, 1.0, 1.5, 19.75, 9999.0, 9999.0, 9999.0, 119.5, 123.25, 118.75, 102.75, 134.25
2023-04-06, 22:39:52, 131.75, 51.5, 19.25, 26.0, 9999.0, 1.25, 1.5, 19.75, 9999.0, 9999.0, 9999.0, 119.5, 123.25, 119.0, 102.75, 134.25
2023-04-06, 22:39:56, 131.75, 51.5, 19.5, 26.25, 9999.0, 1.25, 1.5, 19.75, 9999.0, 9999.0, 9999.0, 119.5, 123.25, 119.0, 102.75, 134.25
2023-04-06, 22:40:00, 131.75, 51.75, 19.25, 26.25, 9999.0, 1.25, 1.5, 19.75, 9999.0, 9999.0, 9999.0, 119.5, 123.25, 119.0, 102.75, 134.25
2023-04-06, 22:40:04, 131.75, 51.5, 19.25, 26.25, 9999.0, 1.5, 1.5, 19.75, 9999.0, 9999.0, 9999.0, 119.5, 123.25, 119.0, 102.75, 134.25
2023-04-06, 22:40:08, 131.75, 51.5, 19.25, 26.25, 9999.0, 1.5, 1.5, 19.75, 9999.0, 9999.0, 9999.0, 120.25, 123.25, 118.75, 102.75, 134.25
2023-04-06, 22:40:12, 131.75, 51.75, 19.25, 26.5, 9999.0, 1.5, 1.5, 19.75, 9999.0, 9999.0, 9999.0, 120.25, 123.25, 119.0, 102.75, 134.25
2023-04-06, 22:40:17, 131.75, 51.5, 19.25, 26.25, 9999.0, 1.5, 1.5, 19.75, 9999.0, 9999.0, 9999.0, 120.0, 123.25, 119.0, 102.75, 134.5
2023-04-06, 22:40:21, 131.5, 51.75, 19.25, 26.5, 9999.0, 1.5, 1.5, 19.75, 9999.0, 9999.0, 9999.0, 120.0, 123.25, 119.0, 102.75, 134.25
2023-04-06, 22:40:25, 131.5, 51.5, 19.25, 26.5, 9999.0, 1.25, 1.5, 19.75, 9999.0, 9999.0, 9999.0, 120.0, 123.25, 118.75, 102.75, 134.25
2023-04-06, 22:40:29, 131.75, 51.5, 19.25, 26.25, 9999.0, 1.25, 1.5, 19.75, 9999.0, 9999.0, 9999.0, 120.0, 123.25, 119.0, 102.75, 134.25
2023-04-06, 22:40:33, 131.75, 51.5, 19.25, 26.25, 9999.0, 1.25, 1.5, 19.75, 9999.0, 9999.0, 9999.0, 119.75, 123.25, 118.75, 102.75, 134.25
2023-04-06, 22:40:37, 131.75, 51.5, 19.25, 26.25, 9999.0, 1.25, 1.5, 19.75, 9999.0, 9999.0, 9999.0, 119.75, 123.25, 118.75, 102.75, 134.25
2023-04-06, 22:40:41, 131.75, 51.5, 19.25, 26.25, 9999.0, 1.25, 1.5, 19.75, 9999.0, 9999.0, 9999.0, 119.75, 123.25, 119.0, 102.75, 134.25
2023-04-06, 22:40:45, 131.5, 51.5, 19.25, 26.25, 9999.0, 1.25, 1.5, 19.75, 9999.0, 9999.0, 9999.0, 119.75, 123.5, 119.0, 102.75, 134.25
2023-04-06, 22:40:49, 131.75, 51.75, 19.25, 26.25, 9999.0, 1.25, 1.5, 19.75, 9999.0, 9999.0, 9999.0, 119.75, 123.25, 118.75, 102.75, 134.25
2023-04-06, 22:40:53, 131.75, 51.75, 19.25, 26.5, 9999.0, 1.25, 1.5, 19.75, 9999.0, 9999.0, 9999.0, 119.75, 123.25, 119.0, 102.75, 134.25
2023-04-06, 22:40:57, 131.75, 51.75, 19.25, 26.5, 9999.0, 1.25, 1.5, 19.75, 9999.0, 9999.0, 9999.0, 119.75, 123.25, 118.75, 102.75, 134.25
2023-04-06, 22:41:01, 131.75, 51.5, 19.25, 26.25, 9999.0, 1.25, 1.5, 19.75, 9999.0, 9999.0, 9999.0, 119.75, 123.25, 119.0, 102.75, 134.25
2023-04-06, 22:41:05, 131.75, 51.5, 19.25, 26.25, 9999.0, 1.25, 1.5, 19.75, 9999.0, 9999.0, 9999.0, 119.75, 123.25, 118.75, 102.75, 134.25
2023-04-06, 22:41:09, 131.75, 51.5, 19.25, 26.5, 9999.0, 1.25, 1.5, 19.75, 9999.0, 9999.0, 9999.0, 119.75, 123.25, 118.75, 102.75, 134.25
2023-04-06, 22:41:13, 131.75, 51.5, 19.25, 26.5, 9999.0, 1.0, 1.5, 19.75, 9999.0, 9999.0, 9999.0, 119.5, 123.25, 119.0, 102.75, 134.25
2023-04-06, 22:41:17, 131.75, 51.5, 19.25, 26.5, 9999.0, 1.25, 1.5, 19.75, 9999.0, 9999.0, 9999.0, 119.5, 123.25, 119.0, 102.75, 134.25
2023-04-06, 22:41:21, 131.75, 51.5, 19.25, 26.5, 9999.0, 1.25, 1.5, 19.75, 9999.0, 9999.0, 9999.0, 119.5, 123.25, 119.0, 102.75, 134.25
2023-04-06, 22:41:25, 131.75, 51.5, 19.25, 26.5, 9999.0, 1.5, 1.5, 19.75, 9999.0, 9999.0, 9999.0, 119.5, 123.25, 119.0, 102.75, 134.25
2023-04-06, 22:41:29, 131.75, 51.5, 19.25, 26.5, 9999.0, 1.5, 1.5, 19.75, 9999.0, 9999.0, 9999.0, 119.5, 123.25, 119.0, 102.75, 134.25
2023-04-06, 22:41:33, 131.75, 51.5, 19.25, 26.5, 9999.0, 1.5, 1.5, 19.75, 9999.0, 9999.0, 9999.0, 120.25, 123.25, 119.0, 102.75, 134.25
2023-04-06, 22:41:37, 131.75, 51.75, 19.25, 26.5, 9999.0, 1.25, 1.5, 19.75, 9999.0, 9999.0, 9999.0, 120.0, 123.25, 119.0, 102.75, 134.25
2023-04-06, 22:41:41, 131.75, 51.5, 19.25, 26.25, 9999.0, 1.5, 1.5, 19.75, 9999.0, 9999.0, 9999.0, 120.0, 123.25, 118.75, 102.75, 134.25
2023-04-06, 22:41:45, 131.75, 51.5, 19.25, 26.25, 9999.0, 1.25, 1.5, 19.75, 9999.0, 9999.0, 9999.0, 120.0, 123.25, 119.0, 102.75, 134.25
2023-04-06, 22:41:49, 131.75, 51.5, 19.25, 26.25, 9999.0, 1.25, 1.5, 19.75, 9999.0, 9999.0, 9999.0, 120.0, 123.25, 119.0, 102.75, 134.5
2023-04-06, 22:41:53, 131.75, 51.5, 19.25, 26.25, 9999.0, 1.25, 1.5, 19.75, 9999.0, 9999.0, 9999.0, 120.0, 123.25, 119.0, 102.75, 134.25
2023-04-06, 22:41:57, 131.75, 51.5, 19.0, 26.25, 9999.0, 1.25, 1.5, 19.75, 9999.0, 9999.0, 9999.0, 120.0, 123.25, 118.75, 102.75, 134.25
2023-04-06, 22:42:01, 131.75, 51.5, 19.25, 26.25, 9999.0, 1.25, 1.5, 19.75, 9999.0, 9999.0, 9999.0, 119.75, 123.25, 119.0, 102.75, 134.25
2023-04-06, 22:42:05, 131.75, 51.5, 19.25, 26.25, 9999.0, 1.25, 1.5, 19.75, 9999.0, 9999.0, 9999.0, 119.75, 123.5, 119.0, 102.75, 134.25
2023-04-06, 22:42:09, 131.75, 51.5, 19.25, 26.5, 9999.0, 1.25, 1.5, 19.75, 9999.0, 9999.0, 9999.0, 119.75, 123.5, 119.0, 102.75, 134.5
2023-04-06, 22:42:13, 131.75, 51.5, 19.25, 26.25, 9999.0, 1.25, 1.5, 19.75, 9999.0, 9999.0, 9999.0, 119.75, 123.25, 119.0, 103.0, 134.5
2023-04-06, 22:42:17, 131.75, 51.5, 19.25, 26.25, 9999.0, 1.25, 1.5, 19.75, 9999.0, 9999.0, 9999.0, 119.75, 123.5, 118.75, 102.75, 134.25
2023-04-06, 22:42:21, 131.75, 51.5, 19.25, 26.25, 9999.0, 1.25, 1.5, 19.75, 9999.0, 9999.0, 9999.0, 119.75, 123.25, 118.75, 102.75, 134.25
2023-04-06, 22:42:25, 131.75, 51.5, 19.25, 26.25, 9999.0, 1.25, 1.5, 19.75, 9999.0, 9999.0, 9999.0, 119.75, 123.5, 119.0, 102.75, 134.25
2023-04-06, 22:42:29, 131.75, 51.5, 19.25, 26.5, 9999.0, 1.25, 1.5, 19.75, 9999.0, 9999.0, 9999.0, 119.75, 123.25, 118.75, 102.75, 134.25
2023-04-06, 22:42:33, 131.75, 51.5, 19.25, 26.5, 9999.0, 1.25, 1.5, 19.75, 9999.0, 9999.0, 9999.0, 119.75, 123.25, 118.75, 102.75, 134.25
2023-04-06, 22:42:37, 131.5, 51.5, 19.25, 26.5, 9999.0, 1.25, 1.25, 19.75, 9999.0, 9999.0, 9999.0, 119.5, 123.25, 119.0, 102.75, 134.25
2023-04-06, 22:42:41, 131.75, 51.5, 19.0, 26.5, 9999.0, 1.25, 1.5, 19.75, 9999.0, 9999.0, 9999.0, 119.5, 123.25, 119.0, 102.75, 134.25
2023-04-06, 22:42:45, 131.75, 51.5, 19.25, 26.5, 9999.0, 1.25, 1.5, 19.75, 9999.0, 9999.0, 9999.0, 119.5, 123.25, 119.0, 102.75, 134.5
2023-04-06, 22:42:49, 131.75, 51.5, 19.25, 26.5, 9999.0, 1.5, 1.5, 19.75, 9999.0, 9999.0, 9999.0, 119.5, 123.25, 119.0, 102.75, 134.25
2023-04-06, 22:42:53, 131.75, 51.5, 19.25, 26.5, 9999.0, 1.5, 1.5, 19.75, 9999.0, 9999.0, 9999.0, 119.5, 123.25, 119.0, 102.75, 134.5
2023-04-06, 22:42:57, 131.75, 51.5, 19.25, 26.0, 9999.0, 1.5, 1.5, 19.75, 9999.0, 9999.0, 9999.0, 120.25, 123.25, 119.0, 102.75, 134.25
2023-04-06, 22:43:01, 131.75, 51.5, 19.25, 26.25, 9999.0, 1.5, 1.5, 19.75, 9999.0, 9999.0, 9999.0, 120.25, 123.25, 119.0, 102.75, 134.5
2023-04-06, 22:43:05, 131.75, 51.5, 19.25, 26.25, 9999.0, 1.5, 1.5, 19.75, 9999.0, 9999.0, 9999.0, 120.0, 123.25, 119.0, 102.75, 134.25
2023-04-06, 22:43:09, 131.75, 51.5, 19.25, 26.25, 9999.0, 1.5, 1.5, 19.75, 9999.0, 9999.0, 9999.0, 120.0, 123.25, 119.0, 102.75, 134.25
2023-04-06, 22:43:13, 131.75, 51.5, 19.25, 26.25, 9999.0, 1.25, 1.5, 19.75, 9999.0, 9999.0, 9999.0, 120.0, 123.25, 119.0, 102.75, 134.5
2023-04-06, 22:43:17, 131.75, 51.5, 19.25, 26.25, 9999.0, 1.25, 1.5, 19.75, 9999.0, 9999.0, 9999.0, 120.0, 123.25, 119.0, 102.75, 134.25
2023-04-06, 22:43:21, 131.75, 51.5, 19.25, 26.25, 9999.0, 1.25, 1.5, 19.75, 9999.0, 9999.0, 9999.0, 119.75, 123.25, 119.0, 102.75, 134.25
2023-04-06, 22:43:25, 131.75, 51.5, 19.0, 26.25, 9999.0, 1.25, 1.5, 19.75, 9999.0, 9999.0, 9999.0, 119.75, 123.25, 119.0, 102.75, 134.25
2023-04-06, 22:43:29, 131.75, 51.5, 19.25, 26.5, 9999.0, 1.25, 1.5, 19.75, 9999.0, 9999.0, 9999.0, 120.0, 123.25, 118.75, 102.75, 134.25
2023-04-06, 22:43:33, 131.75, 51.5, 19.25, 26.25, 9999.0, 1.25, 1.5, 19.75, 9999.0, 9999.0, 9999.0, 120.0, 123.5, 119.0, 103.0, 134.25
2023-04-06, 22:43:37, 131.75, 51.5, 19.25, 26.5, 9999.0, 1.25, 1.5, 19.75, 9999.0, 9999.0, 9999.0, 119.75, 123.5, 119.0, 103.0, 134.5
2023-04-06, 22:43:41, 131.75, 51.5, 19.25, 26.5, 9999.0, 1.25, 1.5, 19.75, 9999.0, 9999.0, 9999.0, 119.75, 123.25, 118.75, 102.75, 134.25
2023-04-06, 22:43:45, 131.75, 51.5, 19.25, 26.5, 9999.0, 1.25, 1.5, 19.75, 9999.0, 9999.0, 9999.0, 119.75, 123.5, 119.0, 102.75, 134.5
2023-04-06, 22:43:49, 131.75, 51.5, 19.25, 26.5, 9999.0, 1.25, 1.5, 19.75, 9999.0, 9999.0, 9999.0, 119.75, 123.25, 119.0, 102.75, 134.5
2023-04-06, 22:43:53, 131.75, 51.5, 19.25, 26.5, 9999.0, 1.25, 1.5, 19.75, 9999.0, 9999.0, 9999.0, 119.5, 123.25, 119.0, 103.0, 134.25
2023-04-06, 22:43:57, 131.75, 51.5, 19.25, 26.5, 9999.0, 1.25, 1.5, 19.75, 9999.0, 9999.0, 9999.0, 119.5, 123.5, 119.0, 102.75, 134.25
2023-04-06, 22:44:01, 131.75, 51.5, 19.25, 26.25, 9999.0, 1.25, 1.5, 19.75, 9999.0, 9999.0, 9999.0, 119.5, 123.25, 119.0, 103.0, 134.25
2023-04-06, 22:44:05, 131.75, 51.5, 19.25, 26.25, 9999.0, 1.25, 1.5, 19.75, 9999.0, 9999.0, 9999.0, 119.5, 123.25, 119.0, 103.0, 134.5
2023-04-06, 22:44:09, 131.75, 51.5, 19.25, 26.5, 9999.0, 1.25, 1.25, 19.75, 9999.0, 9999.0, 9999.0, 119.5, 123.25, 119.0, 102.75, 134.25
2023-04-06, 22:44:13, 131.75, 51.5, 19.25, 26.25, 9999.0, 1.5, 1.5, 19.75, 9999.0, 9999.0, 9999.0, 119.5, 123.25, 119.0, 103.0, 134.25
2023-04-06, 22:44:17, 131.75, 51.5, 19.25, 26.25, 9999.0, 1.5, 1.5, 19.75, 9999.0, 9999.0, 9999.0, 119.5, 123.25, 119.0, 103.0, 134.5
2023-04-06, 22:44:21, 131.75, 51.75, 19.25, 26.5, 9999.0, 1.5, 1.5, 19.75, 9999.0, 9999.0, 9999.0, 120.25, 123.25, 119.0, 102.75, 134.5
2023-04-06, 22:44:25, 131.75, 51.5, 19.5, 26.5, 9999.0, 1.5, 1.5, 19.75, 9999.0, 9999.0, 9999.0, 120.25, 123.25, 119.0, 103.0, 134.25
2023-04-06, 22:44:29, 131.75, 51.5, 19.25, 26.25, 9999.0, 1.5, 1.5, 19.75, 9999.0, 9999.0, 9999.0, 120.0, 123.25, 119.0, 103.0, 134.25
2023-04-06, 22:44:33, 131.75, 51.5, 19.25, 26.5, 9999.0, 1.25, 1.5, 19.75, 9999.0, 9999.0, 9999.0, 120.0, 123.25, 118.75, 102.75, 134.25
2023-04-06, 22:44:37, 131.75, 51.5, 19.25, 26.25, 9999.0, 1.25, 1.5, 19.75, 9999.0, 9999.0, 9999.0, 120.0, 123.25, 119.0, 103.0, 134.25
2023-04-06, 22:44:42, 131.75, 51.5, 19.25, 26.25, 9999.0, 1.25, 1.5, 19.75, 9999.0, 9999.0, 9999.0, 120.0, 123.25, 118.75, 102.75, 134.25
2023-04-06, 22:44:46, 131.75, 51.5, 19.25, 26.25, 9999.0, 1.25, 1.5, 19.75, 9999.0, 9999.0, 9999.0, 120.0, 123.25, 118.75, 102.75, 134.25
2023-04-06, 22:44:50, 131.5, 51.5, 19.25, 26.25, 9999.0, 1.25, 1.5, 19.75, 9999.0, 9999.0, 9999.0, 119.75, 123.25, 118.75, 103.0, 134.25
2023-04-06, 22:44:54, 131.75, 51.75, 19.25, 26.25, 9999.0, 1.25, 1.5, 19.75, 9999.0, 9999.0, 9999.0, 120.0, 123.5, 119.0, 102.75, 134.5
2023-04-06, 22:44:58, 131.75, 51.5, 19.25, 26.5, 9999.0, 1.25, 1.5, 19.75, 9999.0, 9999.0, 9999.0, 119.75, 123.25, 119.0, 103.0, 134.25
2023-04-06, 22:45:02, 131.75, 51.5, 19.25, 26.25, 9999.0, 1.25, 1.5, 19.75, 9999.0, 9999.0, 9999.0, 119.75, 123.25, 119.0, 103.0, 134.5
2023-04-06, 22:45:06, 131.75, 51.5, 19.25, 26.25, 9999.0, 1.25, 1.5, 19.75, 9999.0, 9999.0, 9999.0, 119.75, 123.25, 118.75, 103.0, 134.5
2023-04-06, 22:45:10, 131.75, 51.5, 19.25, 26.25, 9999.0, 1.25, 1.5, 19.75, 9999.0, 9999.0, 9999.0, 119.75, 123.5, 119.0, 103.0, 134.5
2023-04-06, 22:45:14, 131.75, 51.75, 19.25, 26.25, 9999.0, 1.25, 1.5, 19.75, 9999.0, 9999.0, 9999.0, 119.75, 123.5, 118.75, 103.0, 134.5
2023-04-06, 22:45:18, 131.75, 51.5, 19.25, 26.25, 9999.0, 1.25, 1.5, 19.75, 9999.0, 9999.0, 9999.0, 119.75, 123.25, 119.0, 102.75, 134.25
2023-04-06, 22:45:22, 131.75, 51.75, 19.25, 26.5, 9999.0, 1.25, 1.5, 19.75, 9999.0, 9999.0, 9999.0, 119.5, 123.25, 119.0, 103.0, 134.5
2023-04-06, 22:45:26, 131.75, 51.5, 19.25, 26.5, 9999.0, 1.25, 1.5, 19.75, 9999.0, 9999.0, 9999.0, 119.5, 123.25, 118.75, 103.0, 134.25
2023-04-06, 22:45:30, 131.75, 51.5, 19.25, 26.25, 9999.0, 1.25, 1.5, 19.75, 9999.0, 9999.0, 9999.0, 119.5, 123.25, 119.0, 103.0, 134.5
2023-04-06, 22:45:34, 131.75, 51.75, 19.25, 26.5, 9999.0, 1.25, 1.5, 19.75, 9999.0, 9999.0, 9999.0, 119.5, 123.25, 118.75, 103.0, 134.25
2023-04-06, 22:45:38, 131.75, 51.5, 19.25, 26.5, 9999.0, 1.5, 1.5, 19.75, 9999.0, 9999.0, 9999.0, 119.5, 123.25, 119.0, 103.0, 134.25
2023-04-06, 22:45:42, 131.75, 51.75, 19.25, 26.25, 9999.0, 1.5, 1.5, 19.75, 9999.0, 9999.0, 9999.0, 119.5, 123.25, 119.0, 103.0, 134.5
2023-04-06, 22:45:46, 131.75, 51.75, 19.25, 26.25, 9999.0, 1.5, 1.5, 19.75, 9999.0, 9999.0, 9999.0, 120.25, 123.25, 119.0, 103.0, 134.5
2023-04-06, 22:45:50, 131.75, 51.5, 19.25, 26.25, 9999.0, 1.5, 1.5, 19.75, 9999.0, 9999.0, 9999.0, 120.25, 123.25, 119.0, 102.75, 134.25
2023-04-06, 22:45:54, 131.75, 51.5, 19.25, 26.5, 9999.0, 1.5, 1.5, 19.75, 9999.0, 9999.0, 9999.0, 120.25, 123.25, 119.0, 102.75, 134.5
2023-04-06, 22:45:58, 131.75, 51.75, 19.25, 26.25, 9999.0, 1.5, 1.5, 19.75, 9999.0, 9999.0, 9999.0, 120.0, 123.25, 118.75, 103.0, 134.25
2023-04-06, 22:46:02, 131.75, 51.5, 19.25, 26.25, 9999.0, 1.25, 1.5, 19.75, 9999.0, 9999.0, 9999.0, 120.0, 123.25, 118.75, 102.75, 134.25
2023-04-06, 22:46:06, 131.5, 51.5, 19.25, 26.5, 9999.0, 1.25, 1.5, 19.75, 9999.0, 9999.0, 9999.0, 120.0, 123.25, 119.0, 102.75, 134.5
2023-04-06, 22:46:10, 131.75, 51.5, 19.25, 26.25, 9999.0, 1.25, 1.5, 19.75, 9999.0, 9999.0, 9999.0, 120.0, 123.25, 119.0, 102.75, 134.5
2023-04-06, 22:46:14, 131.75, 51.5, 19.25, 26.25, 9999.0, 1.25, 1.5, 19.75, 9999.0, 9999.0, 9999.0, 119.75, 123.25, 119.0, 102.75, 134.25
2023-04-06, 22:46:18, 131.75, 51.5, 19.25, 26.25, 9999.0, 1.25, 1.5, 19.75, 9999.0, 9999.0, 9999.0, 120.0, 123.5, 119.0, 102.75, 134.25
2023-04-06, 22:46:22, 131.5, 51.75, 19.25, 26.25, 9999.0, 1.25, 1.5, 19.75, 9999.0, 9999.0, 9999.0, 119.75, 123.25, 119.0, 103.0, 134.25
2023-04-06, 22:46:26, 131.75, 51.5, 19.25, 26.5, 9999.0, 1.25, 1.5, 19.75, 9999.0, 9999.0, 9999.0, 119.75, 123.5, 119.0, 103.0, 134.25
2023-04-06, 22:46:30, 131.75, 51.75, 19.25, 26.25, 9999.0, 1.25, 1.5, 19.75, 9999.0, 9999.0, 9999.0, 119.75, 123.5, 118.75, 103.0, 134.5
2023-04-06, 22:46:34, 131.75, 51.75, 19.25, 26.5, 9999.0, 1.25, 1.5, 19.75, 9999.0, 9999.0, 9999.0, 119.75, 123.5, 119.0, 103.0, 134.5
2023-04-06, 22:46:38, 131.75, 51.5, 19.25, 26.25, 9999.0, 1.25, 1.5, 19.75, 9999.0, 9999.0, 9999.0, 119.75, 123.5, 119.0, 103.0, 134.25
2023-04-06, 22:46:42, 131.75, 51.75, 19.25, 26.25, 9999.0, 1.25, 1.5, 19.75, 9999.0, 9999.0, 9999.0, 119.75, 123.5, 118.75, 103.0, 134.25
2023-04-06, 22:46:46, 131.75, 51.5, 19.25, 26.25, 9999.0, 1.25, 1.5, 19.75, 9999.0, 9999.0, 9999.0, 119.75, 123.25, 119.0, 102.75, 134.5
2023-04-06, 22:46:50, 131.75, 51.5, 19.25, 26.25, 9999.0, 1.25, 1.5, 19.75, 9999.0, 9999.0, 9999.0, 119.5, 123.5, 119.0, 103.0, 134.25
2023-04-06, 22:46:54, 131.75, 51.5, 19.25, 26.25, 9999.0, 1.25, 1.5, 19.75, 9999.0, 9999.0, 9999.0, 119.5, 123.25, 119.0, 103.0, 134.25
2023-04-06, 22:46:58, 131.75, 51.5, 19.25, 26.5, 9999.0, 1.25, 1.5, 19.75, 9999.0, 9999.0, 9999.0, 119.5, 123.25, 119.0, 103.0, 134.25
2023-04-06, 22:47:02, 131.75, 51.5, 19.25, 26.5, 9999.0, 1.5, 1.5, 19.75, 9999.0, 9999.0, 9999.0, 119.5, 123.25, 119.0, 103.0, 134.5
2023-04-06, 22:47:06, 131.5, 51.5, 19.25, 26.5, 9999.0, 1.5, 1.5, 19.75, 9999.0, 9999.0, 9999.0, 119.5, 123.25, 119.0, 103.0, 134.5
2023-04-06, 22:47:10, 131.75, 51.5, 19.25, 26.5, 9999.0, 1.5, 1.5, 19.75, 9999.0, 9999.0, 9999.0, 120.25, 123.25, 118.75, 102.75, 134.5
2023-04-06, 22:47:14, 131.75, 51.5, 19.25, 26.25, 9999.0, 1.5, 1.5, 19.75, 9999.0, 9999.0, 9999.0, 120.25, 123.25, 119.0, 102.75, 134.5
2023-04-06, 22:47:18, 131.75, 51.5, 19.25, 26.5, 9999.0, 1.5, 1.5, 19.75, 9999.0, 9999.0, 9999.0, 120.25, 123.5, 119.0, 103.0, 134.5
2023-04-06, 22:47:22, 131.75, 51.75, 19.25, 26.5, 9999.0, 1.5, 1.5, 19.75, 9999.0, 9999.0, 9999.0, 120.0, 123.25, 119.0, 103.0, 134.25
2023-04-06, 22:47:26, 131.75, 51.5, 19.25, 26.25, 9999.0, 1.5, 1.5, 19.75, 9999.0, 9999.0, 9999.0, 120.0, 123.25, 119.0, 103.0, 134.5
2023-04-06, 22:47:30, 131.75, 51.5, 19.25, 26.5, 9999.0, 1.25, 1.5, 19.75, 9999.0, 9999.0, 9999.0, 119.75, 123.25, 119.0, 102.75, 134.5
2023-04-06, 22:47:34, 131.75, 51.5, 19.25, 26.5, 9999.0, 1.25, 1.5, 19.75, 9999.0, 9999.0, 9999.0, 120.0, 123.25, 119.0, 102.75, 134.25
2023-04-06, 22:47:38, 131.75, 51.5, 19.25, 26.5, 9999.0, 1.25, 1.5, 19.75, 9999.0, 9999.0, 9999.0, 120.0, 123.5, 119.0, 103.0, 134.25
2023-04-06, 22:47:42, 131.75, 51.5, 19.25, 26.25, 9999.0, 1.25, 1.5, 19.75, 9999.0, 9999.0, 9999.0, 119.75, 123.5, 119.0, 103.0, 134.5
2023-04-06, 22:47:46, 131.75, 51.75, 19.25, 26.5, 9999.0, 1.25, 1.5, 19.75, 9999.0, 9999.0, 9999.0, 119.75, 123.5, 119.0, 103.0, 134.25
2023-04-06, 22:47:50, 131.75, 51.75, 19.25, 26.25, 9999.0, 1.25, 1.5, 19.75, 9999.0, 9999.0, 9999.0, 119.75, 123.5, 119.0, 103.0, 134.5
2023-04-06, 22:47:54, 131.75, 51.5, 19.25, 26.5, 9999.0, 1.25, 1.5, 19.75, 9999.0, 9999.0, 9999.0, 119.75, 123.5, 119.0, 102.75, 134.5
2023-04-06, 22:47:58, 131.75, 51.5, 19.25, 26.5, 9999.0, 1.25, 1.5, 19.75, 9999.0, 9999.0, 9999.0, 119.75, 123.5, 119.0, 103.0, 134.25
2023-04-06, 22:48:02, 131.75, 51.75, 19.5, 26.5, 9999.0, 1.0, 1.5, 19.75, 9999.0, 9999.0, 9999.0, 119.75, 123.5, 119.0, 103.0, 134.5
2023-04-06, 22:48:06, 131.75, 51.5, 19.25, 26.5, 9999.0, 1.25, 1.5, 19.75, 9999.0, 9999.0, 9999.0, 119.75, 123.5, 119.0, 103.0, 134.5
2023-04-06, 22:48:10, 131.75, 51.5, 19.25, 26.5, 9999.0, 1.25, 1.5, 19.75, 9999.0, 9999.0, 9999.0, 119.75, 123.5, 119.0, 102.75, 134.5
2023-04-06, 22:48:14, 131.75, 51.5, 19.25, 26.25, 9999.0, 1.25, 1.25, 19.75, 9999.0, 9999.0, 9999.0, 119.5, 123.5, 119.0, 103.0, 134.5
2023-04-06, 22:48:18, 131.75, 51.75, 19.25, 26.25, 9999.0, 1.25, 1.5, 19.75, 9999.0, 9999.0, 9999.0, 119.5, 123.5, 119.0, 102.75, 134.5
2023-04-06, 22:48:22, 131.75, 51.75, 19.25, 26.25, 9999.0, 1.25, 1.5, 19.75, 9999.0, 9999.0, 9999.0, 119.5, 123.25, 119.0, 103.0, 134.5
2023-04-06, 22:48:26, 131.75, 51.5, 19.25, 26.5, 9999.0, 1.5, 1.5, 19.75, 9999.0, 9999.0, 9999.0, 119.5, 123.25, 119.0, 102.75, 134.5
2023-04-06, 22:48:30, 131.75, 51.75, 19.25, 26.25, 9999.0, 1.5, 1.5, 19.75, 9999.0, 9999.0, 9999.0, 119.5, 123.25, 119.0, 103.0, 134.5
2023-04-06, 22:48:34, 131.75, 51.5, 19.25, 26.5, 9999.0, 1.5, 1.5, 19.75, 9999.0, 9999.0, 9999.0, 120.25, 123.25, 119.0, 102.75, 134.5
2023-04-06, 22:48:38, 131.75, 51.5, 19.0, 26.5, 9999.0, 1.5, 1.5, 19.75, 9999.0, 9999.0, 9999.0, 120.25, 123.25, 119.0, 103.0, 134.5
2023-04-06, 22:48:42, 131.75, 51.75, 19.25, 26.0, 9999.0, 1.5, 1.5, 19.75, 9999.0, 9999.0, 9999.0, 120.0, 123.25, 119.0, 103.0, 134.25
2023-04-06, 22:48:46, 131.75, 51.5, 19.25, 26.0, 9999.0, 1.25, 1.5, 19.75, 9999.0, 9999.0, 9999.0, 120.0, 123.25, 119.0, 103.0, 134.25
2023-04-06, 22:48:50, 131.75, 51.5, 19.25, 26.0, 9999.0, 1.25, 1.5, 19.75, 9999.0, 9999.0, 9999.0, 120.0, 123.25, 119.0, 103.0, 134.5
2023-04-06, 22:48:54, 131.75, 51.5, 19.25, 26.0, 9999.0, 1.25, 1.5, 19.75, 9999.0, 9999.0, 9999.0, 120.0, 123.25, 119.0, 102.75, 134.25
2023-04-06, 22:48:58, 131.75, 51.75, 19.25, 26.25, 9999.0, 1.25, 1.5, 19.75, 9999.0, 9999.0, 9999.0, 119.75, 123.25, 119.0, 103.0, 134.25
2023-04-06, 22:49:02, 131.75, 51.75, 19.5, 26.25, 9999.0, 1.25, 1.5, 19.75, 9999.0, 9999.0, 9999.0, 119.75, 123.5, 119.0, 103.0, 134.25
2023-04-06, 22:49:07, 131.75, 51.75, 19.25, 26.25, 9999.0, 1.25, 1.5, 19.75, 9999.0, 9999.0, 9999.0, 120.0, 123.5, 119.0, 103.0, 134.25
2023-04-06, 22:49:11, 131.75, 51.5, 19.5, 26.25, 9999.0, 1.25, 1.5, 19.75, 9999.0, 9999.0, 9999.0, 119.75, 123.5, 119.0, 103.0, 134.25
2023-04-06, 22:49:15, 131.75, 51.75, 19.25, 26.25, 9999.0, 1.25, 1.5, 19.75, 9999.0, 9999.0, 9999.0, 119.75, 123.5, 119.0, 103.0, 134.25
2023-04-06, 22:49:19, 131.75, 51.75, 19.25, 26.25, 9999.0, 1.25, 1.5, 19.75, 9999.0, 9999.0, 9999.0, 119.75, 123.25, 119.0, 103.0, 134.25
2023-04-06, 22:49:23, 131.75, 51.75, 19.25, 26.0, 9999.0, 1.25, 1.5, 19.75, 9999.0, 9999.0, 9999.0, 119.75, 123.25, 119.0, 103.0, 134.25
2023-04-06, 22:49:27, 131.75, 51.5, 19.25, 26.0, 9999.0, 1.0, 1.5, 19.75, 9999.0, 9999.0, 9999.0, 119.75, 123.25, 119.0, 103.0, 134.5
2023-04-06, 22:49:31, 131.75, 51.75, 19.25, 26.0, 9999.0, 1.0, 1.5, 19.75, 9999.0, 9999.0, 9999.0, 119.75, 123.25, 119.0, 103.0, 134.5
2023-04-06, 22:49:35, 131.75, 51.5, 19.25, 26.0, 9999.0, 1.25, 1.5, 19.75, 9999.0, 9999.0, 9999.0, 119.5, 123.25, 119.0, 103.0, 134.5
2023-04-06, 22:49:39, 131.75, 51.75, 19.25, 26.25, 9999.0, 1.25, 1.5, 19.75, 9999.0, 9999.0, 9999.0, 119.5, 123.25, 119.0, 102.75, 134.25
2023-04-06, 22:49:43, 131.75, 51.5, 19.25, 26.25, 9999.0, 1.25, 1.5, 19.75, 9999.0, 9999.0, 9999.0, 119.5, 123.25, 119.0, 102.75, 134.5
2023-04-06, 22:49:47, 131.75, 51.5, 19.25, 26.25, 9999.0, 1.25, 1.5, 19.75, 9999.0, 9999.0, 9999.0, 119.5, 123.25, 119.0, 102.75, 134.5
2023-04-06, 22:49:51, 131.75, 51.75, 19.25, 26.25, 9999.0, 1.5, 1.5, 19.75, 9999.0, 9999.0, 9999.0, 119.5, 123.25, 119.0, 103.0, 134.25
2023-04-06, 22:49:55, 131.75, 51.75, 19.25, 26.25, 9999.0, 1.5, 1.5, 19.75, 9999.0, 9999.0, 9999.0, 119.5, 123.25, 119.0, 103.0, 134.25
2023-04-06, 22:49:59, 131.75, 51.5, 19.25, 26.25, 9999.0, 1.5, 1.5, 19.75, 9999.0, 9999.0, 9999.0, 120.25, 123.25, 119.0, 103.0, 134.5
2023-04-06, 22:50:03, 131.75, 51.5, 19.25, 26.25, 9999.0, 1.5, 1.5, 19.75, 9999.0, 9999.0, 9999.0, 120.0, 123.25, 119.0, 103.0, 134.25
2023-04-06, 22:50:07, 131.75, 51.75, 19.25, 26.25, 9999.0, 1.25, 1.5, 19.75, 9999.0, 9999.0, 9999.0, 120.0, 123.25, 119.0, 103.0, 134.25
2023-04-06, 22:50:11, 131.75, 51.75, 19.5, 26.5, 9999.0, 1.25, 1.5, 19.75, 9999.0, 9999.0, 9999.0, 120.0, 123.25, 119.0, 103.0, 134.25
2023-04-06, 22:50:15, 131.75, 51.5, 19.25, 26.25, 9999.0, 1.25, 1.5, 19.75, 9999.0, 9999.0, 9999.0, 120.0, 123.25, 119.0, 103.0, 134.25
2023-04-06, 22:50:19, 131.75, 51.5, 19.25, 26.0, 9999.0, 1.25, 1.5, 19.75, 9999.0, 9999.0, 9999.0, 120.0, 123.25, 119.0, 103.0, 134.25
2023-04-06, 22:50:23, 131.5, 51.75, 19.25, 26.25, 9999.0, 1.25, 1.5, 19.75, 9999.0, 9999.0, 9999.0, 119.75, 123.25, 119.0, 103.0, 134.25
2023-04-06, 22:50:27, 131.75, 51.75, 19.25, 26.25, 9999.0, 1.25, 1.5, 19.75, 9999.0, 9999.0, 9999.0, 119.75, 123.25, 119.0, 103.0, 134.25
2023-04-06, 22:50:31, 131.75, 51.5, 19.25, 26.25, 9999.0, 1.25, 1.5, 19.75, 9999.0, 9999.0, 9999.0, 120.0, 123.25, 119.0, 103.0, 134.25
2023-04-06, 22:50:35, 131.75, 51.75, 19.25, 26.25, 9999.0, 1.25, 1.5, 19.75, 9999.0, 9999.0, 9999.0, 119.75, 123.25, 119.0, 103.0, 134.5
2023-04-06, 22:50:39, 131.75, 51.75, 19.25, 26.25, 9999.0, 1.25, 1.5, 19.75, 9999.0, 9999.0, 9999.0, 119.75, 123.5, 119.0, 102.75, 134.25
2023-04-06, 22:50:43, 131.75, 51.75, 19.25, 26.25, 9999.0, 1.25, 1.5, 19.75, 9999.0, 9999.0, 9999.0, 119.75, 123.5, 119.0, 103.0, 134.25
2023-04-06, 22:50:47, 131.75, 51.5, 19.25, 26.25, 9999.0, 1.25, 1.5, 19.75, 9999.0, 9999.0, 9999.0, 119.75, 123.25, 119.0, 103.0, 134.25
2023-04-06, 22:50:51, 131.75, 51.75, 19.25, 26.25, 9999.0, 1.25, 1.5, 19.75, 9999.0, 9999.0, 9999.0, 119.75, 123.25, 119.0, 103.0, 134.25
2023-04-06, 22:50:55, 131.75, 51.75, 19.25, 26.25, 9999.0, 1.25, 1.5, 19.75, 9999.0, 9999.0, 9999.0, 119.75, 123.25, 119.0, 103.0, 134.25
2023-04-06, 22:50:59, 131.75, 51.75, 19.25, 26.5, 9999.0, 1.25, 1.5, 19.75, 9999.0, 9999.0, 9999.0, 119.5, 123.25, 119.0, 103.0, 134.25
2023-04-06, 22:51:03, 131.75, 51.5, 19.25, 26.5, 9999.0, 1.25, 1.5, 19.75, 9999.0, 9999.0, 9999.0, 119.5, 123.25, 119.0, 103.0, 134.25
2023-04-06, 22:51:07, 131.75, 51.5, 19.25, 26.25, 9999.0, 1.25, 1.5, 19.75, 9999.0, 9999.0, 9999.0, 119.5, 123.25, 119.0, 103.0, 134.5
2023-04-06, 22:51:11, 131.75, 51.75, 19.25, 26.25, 9999.0, 1.25, 1.5, 19.75, 9999.0, 9999.0, 9999.0, 119.5, 123.25, 119.0, 103.0, 134.25
2023-04-06, 22:51:15, 131.75, 51.75, 19.25, 26.25, 9999.0, 1.5, 1.5, 19.75, 9999.0, 9999.0, 9999.0, 119.5, 123.25, 119.0, 103.0, 134.5
2023-04-06, 22:51:19, 131.75, 51.75, 19.25, 26.5, 9999.0, 1.5, 1.5, 19.75, 9999.0, 9999.0, 9999.0, 120.25, 123.25, 119.0, 102.75, 134.25
2023-04-06, 22:51:23, 131.75, 51.75, 19.25, 26.5, 9999.0, 1.5, 1.5, 19.75, 9999.0, 9999.0, 9999.0, 120.25, 123.25, 119.0, 103.0, 134.5
2023-04-06, 22:51:27, 131.75, 51.75, 19.25, 26.5, 9999.0, 1.5, 1.5, 19.75, 9999.0, 9999.0, 9999.0, 120.0, 123.25, 119.0, 103.0, 134.25
2023-04-06, 22:51:31, 131.75, 51.5, 19.25, 26.25, 9999.0, 1.5, 1.25, 19.75, 9999.0, 9999.0, 9999.0, 120.0, 123.25, 119.0, 103.0, 134.25
2023-04-06, 22:51:35, 131.75, 51.5, 19.25, 26.25, 9999.0, 1.5, 1.5, 19.75, 9999.0, 9999.0, 9999.0, 120.0, 123.25, 119.0, 103.0, 134.25
2023-04-06, 22:51:39, 131.5, 51.5, 19.25, 26.25, 9999.0, 1.25, 1.5, 19.75, 9999.0, 9999.0, 9999.0, 120.0, 123.25, 119.0, 102.75, 134.25
2023-04-06, 22:51:43, 131.75, 51.5, 19.25, 26.5, 9999.0, 1.25, 1.5, 19.75, 9999.0, 9999.0, 9999.0, 120.0, 123.25, 119.0, 103.0, 134.25
2023-04-06, 22:51:47, 131.75, 51.5, 19.25, 26.25, 9999.0, 1.25, 1.5, 19.75, 9999.0, 9999.0, 9999.0, 119.75, 123.25, 119.0, 103.0, 134.25
2023-04-06, 22:51:51, 131.75, 51.5, 19.25, 26.25, 9999.0, 1.25, 1.5, 19.75, 9999.0, 9999.0, 9999.0, 120.0, 123.5, 119.0, 103.0, 134.5
2023-04-06, 22:51:55, 131.75, 51.75, 19.25, 26.5, 9999.0, 1.25, 1.5, 19.75, 9999.0, 9999.0, 9999.0, 119.75, 123.5, 119.0, 103.0, 134.5
2023-04-06, 22:51:59, 131.75, 51.75, 19.25, 26.5, 9999.0, 1.25, 1.5, 19.75, 9999.0, 9999.0, 9999.0, 119.75, 123.25, 119.0, 103.0, 134.25
2023-04-06, 22:52:03, 131.75, 51.5, 19.25, 26.5, 9999.0, 1.25, 1.5, 19.75, 9999.0, 9999.0, 9999.0, 119.75, 123.25, 119.0, 103.0, 134.5
2023-04-06, 22:52:07, 131.75, 51.75, 19.5, 26.5, 9999.0, 1.25, 1.5, 19.75, 9999.0, 9999.0, 9999.0, 119.75, 123.25, 119.0, 103.0, 134.5
2023-04-06, 22:52:11, 131.75, 51.5, 19.25, 26.25, 9999.0, 1.25, 1.5, 19.75, 9999.0, 9999.0, 9999.0, 119.75, 123.5, 119.0, 103.0, 134.5
2023-04-06, 22:52:15, 131.75, 51.75, 19.25, 26.25, 9999.0, 1.0, 1.5, 19.75, 9999.0, 9999.0, 9999.0, 119.75, 123.25, 119.0, 103.0, 134.25
2023-04-06, 22:52:19, 131.75, 51.5, 19.25, 26.5, 9999.0, 1.25, 1.5, 19.75, 9999.0, 9999.0, 9999.0, 119.75, 123.25, 119.0, 103.0, 134.25
2023-04-06, 22:52:23, 131.75, 51.75, 19.25, 26.25, 9999.0, 1.25, 1.5, 19.75, 9999.0, 9999.0, 9999.0, 119.5, 123.5, 119.0, 103.0, 134.25
2023-04-06, 22:52:27, 131.75, 51.75, 19.0, 26.0, 9999.0, 1.25, 1.5, 19.75, 9999.0, 9999.0, 9999.0, 119.75, 123.25, 119.0, 103.0, 134.25
2023-04-06, 22:52:31, 131.75, 51.5, 19.25, 26.0, 9999.0, 1.25, 1.5, 19.75, 9999.0, 9999.0, 9999.0, 119.5, 123.5, 119.0, 103.0, 134.25
2023-04-06, 22:52:35, 131.75, 51.5, 19.25, 26.25, 9999.0, 1.5, 1.5, 19.75, 9999.0, 9999.0, 9999.0, 119.5, 123.25, 119.0, 103.0, 134.25
2023-04-06, 22:52:39, 131.75, 51.75, 19.25, 26.5, 9999.0, 1.5, 1.5, 19.75, 9999.0, 9999.0, 9999.0, 119.5, 123.25, 119.0, 103.0, 134.5
2023-04-06, 22:52:43, 131.75, 51.75, 19.25, 26.5, 9999.0, 1.5, 1.5, 19.75, 9999.0, 9999.0, 9999.0, 120.25, 123.25, 119.0, 103.0, 134.5
2023-04-06, 22:52:47, 131.75, 51.5, 19.25, 26.5, 9999.0, 1.5, 1.5, 19.75, 9999.0, 9999.0, 9999.0, 120.25, 123.25, 119.0, 102.75, 134.25
2023-04-06, 22:52:51, 131.75, 51.5, 19.25, 26.5, 9999.0, 1.25, 1.5, 19.75, 9999.0, 9999.0, 9999.0, 120.0, 123.25, 119.0, 103.0, 134.5
2023-04-06, 22:52:55, 131.75, 51.75, 19.5, 26.5, 9999.0, 1.25, 1.5, 19.75, 9999.0, 9999.0, 9999.0, 120.0, 123.25, 119.0, 103.0, 134.25
2023-04-06, 22:52:59, 131.75, 51.75, 19.25, 26.5, 9999.0, 1.25, 1.5, 19.75, 9999.0, 9999.0, 9999.0, 120.0, 123.25, 119.0, 103.0, 134.5
2023-04-06, 22:53:03, 131.75, 51.75, 19.25, 26.5, 9999.0, 1.25, 1.5, 19.75, 9999.0, 9999.0, 9999.0, 120.0, 123.25, 119.0, 103.0, 134.5
2023-04-06, 22:53:07, 131.75, 51.5, 19.25, 26.5, 9999.0, 1.25, 1.5, 19.75, 9999.0, 9999.0, 9999.0, 119.75, 123.25, 119.0, 103.0, 134.25
2023-04-06, 22:53:11, 131.75, 51.75, 19.25, 26.25, 9999.0, 1.25, 1.5, 19.75, 9999.0, 9999.0, 9999.0, 119.75, 123.25, 119.0, 103.0, 134.5
2023-04-06, 22:53:15, 131.75, 51.75, 19.25, 26.5, 9999.0, 1.25, 1.5, 19.75, 9999.0, 9999.0, 9999.0, 119.75, 123.5, 119.0, 103.0, 134.25
2023-04-06, 22:53:19, 131.75, 51.75, 19.25, 26.5, 9999.0, 1.25, 1.5, 19.75, 9999.0, 9999.0, 9999.0, 120.0, 123.5, 119.0, 103.0, 134.5
2023-04-06, 22:53:23, 131.75, 51.5, 19.25, 26.5, 9999.0, 1.25, 1.5, 19.75, 9999.0, 9999.0, 9999.0, 119.75, 123.5, 119.0, 103.0, 134.5
2023-04-06, 22:53:27, 131.75, 51.75, 19.25, 26.25, 9999.0, 1.25, 1.5, 19.75, 9999.0, 9999.0, 9999.0, 119.75, 123.5, 119.0, 103.0, 134.5
2023-04-06, 22:53:31, 131.75, 51.5, 19.5, 26.5, 9999.0, 1.25, 1.5, 19.75, 9999.0, 9999.0, 9999.0, 119.75, 123.25, 119.0, 103.0, 134.25
2023-04-06, 22:53:36, 131.75, 51.75, 19.25, 26.25, 9999.0, 1.25, 1.5, 19.75, 9999.0, 9999.0, 9999.0, 119.75, 123.5, 119.0, 102.75, 134.25
2023-04-06, 22:53:40, 131.75, 51.75, 19.5, 26.25, 9999.0, 1.25, 1.5, 19.75, 9999.0, 9999.0, 9999.0, 119.75, 123.5, 119.0, 103.0, 134.5
2023-04-06, 22:53:44, 131.75, 51.5, 19.25, 26.25, 9999.0, 1.25, 1.5, 19.75, 9999.0, 9999.0, 9999.0, 119.75, 123.25, 119.0, 103.0, 134.5
2023-04-06, 22:53:48, 131.75, 51.5, 19.25, 26.25, 9999.0, 1.25, 1.5, 19.75, 9999.0, 9999.0, 9999.0, 119.75, 123.5, 119.0, 103.0, 134.25
2023-04-06, 22:53:52, 131.75, 51.5, 19.25, 26.0, 9999.0, 1.25, 1.5, 19.75, 9999.0, 9999.0, 9999.0, 119.75, 123.25, 119.0, 103.0, 134.25
2023-04-06, 22:53:56, 131.75, 51.75, 19.25, 26.25, 9999.0, 1.25, 1.5, 19.75, 9999.0, 9999.0, 9999.0, 119.5, 123.25, 119.0, 103.0, 134.5
2023-04-06, 22:54:00, 131.75, 51.75, 19.25, 26.25, 9999.0, 1.25, 1.5, 19.75, 9999.0, 9999.0, 9999.0, 119.5, 123.25, 119.0, 102.75, 134.5
2023-04-06, 22:54:04, 131.75, 51.5, 19.5, 26.25, 9999.0, 1.5, 1.5, 19.75, 9999.0, 9999.0, 9999.0, 119.5, 123.25, 119.0, 103.0, 134.5
2023-04-06, 22:54:08, 131.75, 51.75, 19.5, 26.0, 9999.0, 1.5, 1.5, 19.75, 9999.0, 9999.0, 9999.0, 120.25, 123.25, 119.0, 103.0, 134.25
2023-04-06, 22:54:12, 131.75, 51.75, 19.25, 26.25, 9999.0, 1.5, 1.5, 19.75, 9999.0, 9999.0, 9999.0, 120.25, 123.25, 119.0, 102.75, 134.5
2023-04-06, 22:54:16, 131.75, 51.75, 19.25, 26.25, 9999.0, 1.5, 1.5, 19.75, 9999.0, 9999.0, 9999.0, 120.25, 123.25, 119.0, 103.0, 134.5
2023-04-06, 22:54:20, 131.75, 51.75, 19.25, 26.25, 9999.0, 1.5, 1.5, 19.75, 9999.0, 9999.0, 9999.0, 120.0, 123.25, 119.0, 103.0, 134.5
2023-04-06, 22:54:24, 131.75, 51.5, 19.25, 26.25, 9999.0, 1.25, 1.5, 19.75, 9999.0, 9999.0, 9999.0, 120.0, 123.25, 119.0, 103.0, 134.25
2023-04-06, 22:54:28, 131.75, 51.75, 19.5, 26.25, 9999.0, 1.25, 1.5, 19.75, 9999.0, 9999.0, 9999.0, 120.0, 123.25, 119.0, 103.0, 134.5
2023-04-06, 22:54:32, 131.75, 51.75, 19.25, 26.25, 9999.0, 1.25, 1.5, 19.75, 9999.0, 9999.0, 9999.0, 120.0, 123.25, 119.0, 103.0, 134.25
2023-04-06, 22:54:36, 131.75, 51.75, 19.25, 26.5, 9999.0, 1.25, 1.5, 19.75, 9999.0, 9999.0, 9999.0, 120.0, 123.25, 118.75, 102.75, 134.25
2023-04-06, 22:54:40, 131.75, 51.75, 19.25, 26.5, 9999.0, 1.25, 1.5, 19.75, 9999.0, 9999.0, 9999.0, 120.0, 123.25, 119.0, 102.75, 134.25
2023-04-06, 22:54:44, 131.75, 51.75, 19.25, 26.5, 9999.0, 1.25, 1.5, 19.75, 9999.0, 9999.0, 9999.0, 120.0, 123.5, 119.0, 103.0, 134.5
2023-04-06, 22:54:48, 131.75, 51.75, 19.25, 26.25, 9999.0, 1.25, 1.5, 19.75, 9999.0, 9999.0, 9999.0, 119.75, 123.5, 119.0, 103.0, 134.25
2023-04-06, 22:54:52, 131.75, 51.75, 19.25, 26.5, 9999.0, 1.25, 1.5, 19.75, 9999.0, 9999.0, 9999.0, 120.0, 123.25, 119.0, 102.75, 134.25
2023-04-06, 22:54:56, 131.75, 51.75, 19.25, 26.5, 9999.0, 1.25, 1.5, 19.75, 9999.0, 9999.0, 9999.0, 119.75, 123.25, 119.0, 103.0, 134.5
2023-04-06, 22:55:00, 131.75, 51.75, 19.5, 26.25, 9999.0, 1.25, 1.5, 19.75, 9999.0, 9999.0, 9999.0, 119.75, 123.5, 119.0, 103.0, 134.5
2023-04-06, 22:55:04, 131.75, 51.75, 19.25, 26.5, 9999.0, 1.25, 1.5, 19.75, 9999.0, 9999.0, 9999.0, 119.75, 123.25, 119.0, 103.0, 134.5
2023-04-06, 22:55:08, 131.75, 51.75, 19.5, 26.5, 9999.0, 1.25, 1.5, 19.75, 9999.0, 9999.0, 9999.0, 119.75, 123.25, 119.0, 102.75, 134.25
2023-04-06, 22:55:12, 131.75, 51.75, 19.25, 26.5, 9999.0, 1.25, 1.5, 19.75, 9999.0, 9999.0, 9999.0, 119.75, 123.25, 119.0, 103.0, 134.5
2023-04-06, 22:55:16, 131.75, 51.75, 19.25, 26.25, 9999.0, 1.25, 1.5, 19.75, 9999.0, 9999.0, 9999.0, 119.5, 123.25, 119.0, 102.75, 134.25
2023-04-06, 22:55:20, 131.75, 51.75, 19.25, 26.5, 9999.0, 1.25, 1.5, 19.75, 9999.0, 9999.0, 9999.0, 119.5, 123.25, 119.0, 103.0, 134.5
2023-04-06, 22:55:24, 131.75, 51.75, 19.25, 26.5, 9999.0, 1.5, 1.5, 19.75, 9999.0, 9999.0, 9999.0, 119.5, 123.25, 119.0, 102.75, 134.25
2023-04-06, 22:55:28, 131.75, 51.75, 19.5, 26.25, 9999.0, 1.5, 1.5, 19.75, 9999.0, 9999.0, 9999.0, 119.5, 123.25, 119.0, 103.0, 134.25
2023-04-06, 22:55:32, 131.75, 51.75, 19.5, 26.25, 9999.0, 1.5, 1.5, 19.75, 9999.0, 9999.0, 9999.0, 120.25, 123.25, 119.0, 103.0, 134.5
2023-04-06, 22:55:36, 131.75, 51.75, 19.25, 26.5, 9999.0, 1.5, 1.5, 20.0, 9999.0, 9999.0, 9999.0, 120.25, 123.25, 119.0, 103.0, 134.5
2023-04-06, 22:55:40, 131.75, 51.75, 19.25, 26.25, 9999.0, 1.5, 1.5, 20.0, 9999.0, 9999.0, 9999.0, 120.25, 123.25, 119.0, 103.0, 134.5
2023-04-06, 22:55:44, 131.75, 51.75, 19.25, 26.5, 9999.0, 1.5, 1.5, 19.75, 9999.0, 9999.0, 9999.0, 120.0, 123.25, 119.0, 102.75, 134.5
2023-04-06, 22:55:48, 131.75, 51.5, 19.5, 26.5, 9999.0, 1.5, 1.5, 19.75, 9999.0, 9999.0, 9999.0, 120.0, 123.25, 119.0, 103.0, 134.5
2023-04-06, 22:55:52, 131.75, 51.75, 19.5, 26.25, 9999.0, 1.25, 1.5, 19.75, 9999.0, 9999.0, 9999.0, 120.0, 123.25, 119.0, 103.0, 134.5
2023-04-06, 22:55:56, 131.75, 51.75, 19.5, 26.5, 9999.0, 1.25, 1.5, 19.75, 9999.0, 9999.0, 9999.0, 120.0, 123.25, 119.0, 103.0, 134.25
2023-04-06, 22:56:00, 131.75, 51.75, 19.5, 26.5, 9999.0, 1.25, 1.5, 19.75, 9999.0, 9999.0, 9999.0, 119.75, 123.25, 119.0, 103.0, 134.5
2023-04-06, 22:56:04, 131.75, 51.75, 19.5, 26.5, 9999.0, 1.25, 1.5, 19.75, 9999.0, 9999.0, 9999.0, 120.0, 123.5, 119.0, 103.0, 134.5
2023-04-06, 22:56:08, 131.75, 51.75, 19.5, 26.5, 9999.0, 1.25, 1.5, 19.75, 9999.0, 9999.0, 9999.0, 120.0, 123.5, 119.0, 103.0, 134.25
2023-04-06, 22:56:12, 131.75, 51.75, 19.5, 26.5, 9999.0, 1.25, 1.5, 19.75, 9999.0, 9999.0, 9999.0, 120.0, 123.25, 119.0, 103.0, 134.5
2023-04-06, 22:56:16, 131.75, 51.75, 19.25, 26.5, 9999.0, 1.25, 1.5, 19.75, 9999.0, 9999.0, 9999.0, 119.75, 123.5, 119.0, 103.0, 134.5
2023-04-06, 22:56:20, 131.75, 51.75, 19.25, 26.5, 9999.0, 1.25, 1.5, 19.75, 9999.0, 9999.0, 9999.0, 119.75, 123.5, 119.0, 102.75, 134.5
2023-04-06, 22:56:24, 131.75, 51.75, 19.5, 26.5, 9999.0, 1.25, 1.5, 19.75, 9999.0, 9999.0, 9999.0, 119.75, 123.5, 119.0, 102.75, 134.5
2023-04-06, 22:56:28, 131.75, 51.75, 19.25, 26.25, 9999.0, 1.25, 1.5, 20.0, 9999.0, 9999.0, 9999.0, 119.75, 123.5, 119.0, 103.0, 134.5
2023-04-06, 22:56:32, 131.75, 51.75, 19.25, 26.25, 9999.0, 1.25, 1.5, 19.75, 9999.0, 9999.0, 9999.0, 119.75, 123.5, 119.0, 103.0, 134.5
2023-04-06, 22:56:36, 131.75, 51.75, 19.5, 26.5, 9999.0, 1.25, 1.5, 19.75, 9999.0, 9999.0, 9999.0, 119.75, 123.25, 119.0, 103.0, 134.5
2023-04-06, 22:56:40, 131.75, 51.75, 19.25, 26.25, 9999.0, 1.5, 1.5, 19.75, 9999.0, 9999.0, 9999.0, 119.75, 123.25, 119.0, 103.0, 134.5
2023-04-06, 22:56:44, 131.75, 51.75, 19.5, 26.25, 9999.0, 1.25, 1.5, 19.75, 9999.0, 9999.0, 9999.0, 119.5, 123.5, 119.0, 103.0, 134.5
2023-04-06, 22:56:48, 131.75, 51.75, 19.5, 26.5, 9999.0, 1.5, 1.5, 19.75, 9999.0, 9999.0, 9999.0, 119.5, 123.25, 119.0, 102.75, 134.5
2023-04-06, 22:56:52, 131.75, 51.75, 19.25, 26.5, 9999.0, 1.5, 1.5, 19.75, 9999.0, 9999.0, 9999.0, 119.5, 123.25, 119.0, 103.0, 134.5
2023-04-06, 22:56:56, 131.75, 51.75, 19.25, 26.25, 9999.0, 1.5, 1.5, 19.75, 9999.0, 9999.0, 9999.0, 120.25, 123.25, 119.0, 103.0, 134.5
2023-04-06, 22:57:00, 131.75, 51.75, 19.5, 26.25, 9999.0, 1.5, 1.5, 20.0, 9999.0, 9999.0, 9999.0, 120.25, 123.25, 119.0, 102.75, 134.5
2023-04-06, 22:57:04, 131.75, 51.75, 19.25, 26.25, 9999.0, 1.5, 1.5, 20.0, 9999.0, 9999.0, 9999.0, 120.25, 123.25, 119.0, 103.0, 134.25
2023-04-06, 22:57:08, 131.75, 51.75, 19.25, 26.5, 9999.0, 1.5, 1.5, 19.75, 9999.0, 9999.0, 9999.0, 120.25, 123.25, 119.0, 103.0, 134.25
2023-04-06, 22:57:12, 131.75, 51.75, 19.25, 26.5, 9999.0, 1.5, 1.75, 19.75, 9999.0, 9999.0, 9999.0, 120.0, 123.25, 119.0, 103.0, 134.25
2023-04-06, 22:57:16, 131.75, 51.75, 19.5, 26.5, 9999.0, 1.5, 1.5, 19.75, 9999.0, 9999.0, 9999.0, 120.0, 123.25, 119.0, 103.0, 134.25
2023-04-06, 22:57:20, 131.75, 51.75, 19.25, 26.5, 9999.0, 1.5, 1.75, 19.75, 9999.0, 9999.0, 9999.0, 120.0, 123.25, 119.0, 102.75, 134.5
2023-04-06, 22:57:24, 131.75, 51.75, 19.25, 26.5, 9999.0, 1.25, 1.5, 19.75, 9999.0, 9999.0, 9999.0, 119.75, 123.25, 119.0, 102.75, 134.5
2023-04-06, 22:57:28, 131.75, 51.75, 19.25, 26.5, 9999.0, 1.25, 1.5, 19.75, 9999.0, 9999.0, 9999.0, 120.0, 123.5, 119.0, 103.0, 134.5
2023-04-06, 22:57:32, 131.75, 51.75, 19.5, 26.25, 9999.0, 1.25, 1.5, 19.75, 9999.0, 9999.0, 9999.0, 119.75, 123.5, 119.0, 102.75, 134.5
2023-04-06, 22:57:36, 131.75, 51.75, 19.25, 26.25, 9999.0, 1.25, 1.5, 19.75, 9999.0, 9999.0, 9999.0, 119.75, 123.25, 119.0, 102.75, 134.5
2023-04-06, 22:57:40, 131.75, 51.75, 19.25, 26.25, 9999.0, 1.25, 1.5, 19.75, 9999.0, 9999.0, 9999.0, 119.75, 123.5, 119.0, 102.75, 134.5
2023-04-06, 22:57:44, 131.75, 51.75, 19.5, 26.25, 9999.0, 1.25, 1.5, 19.75, 9999.0, 9999.0, 9999.0, 119.75, 123.5, 119.0, 103.0, 134.5
2023-04-06, 22:57:48, 131.75, 51.75, 19.5, 26.5, 9999.0, 1.25, 1.5, 20.0, 9999.0, 9999.0, 9999.0, 119.75, 123.5, 118.75, 102.75, 134.5
2023-04-06, 22:57:52, 131.75, 51.75, 19.5, 26.25, 9999.0, 1.25, 1.5, 19.75, 9999.0, 9999.0, 9999.0, 119.75, 123.5, 119.0, 102.75, 134.5
2023-04-06, 22:57:56, 131.75, 51.75, 19.25, 26.25, 9999.0, 1.25, 1.5, 19.75, 9999.0, 9999.0, 9999.0, 119.75, 123.5, 119.0, 103.0, 134.5
2023-04-06, 22:58:01, 131.75, 51.75, 19.25, 26.25, 9999.0, 1.25, 1.5, 20.0, 9999.0, 9999.0, 9999.0, 119.5, 123.5, 119.0, 102.75, 134.5
2023-04-06, 22:58:05, 131.75, 51.75, 19.5, 26.25, 9999.0, 1.5, 1.5, 20.0, 9999.0, 9999.0, 9999.0, 119.5, 123.25, 119.0, 103.0, 134.5
2023-04-06, 22:58:09, 131.75, 51.75, 19.5, 26.5, 9999.0, 1.25, 1.5, 19.75, 9999.0, 9999.0, 9999.0, 119.5, 123.25, 119.0, 102.75, 134.5
2023-04-06, 22:58:13, 131.75, 51.75, 19.25, 26.5, 9999.0, 1.5, 1.5, 20.0, 9999.0, 9999.0, 9999.0, 119.5, 123.25, 119.0, 103.0, 134.5
2023-04-06, 22:58:17, 131.75, 51.75, 19.5, 26.5, 9999.0, 1.5, 1.5, 20.0, 9999.0, 9999.0, 9999.0, 119.5, 123.25, 119.0, 103.0, 134.5
2023-04-06, 22:58:21, 131.75, 51.75, 19.5, 26.5, 9999.0, 1.5, 1.5, 20.0, 9999.0, 9999.0, 9999.0, 120.25, 123.25, 119.0, 103.0, 134.5
2023-04-06, 22:58:25, 131.75, 51.75, 19.5, 26.5, 9999.0, 1.5, 1.5, 20.0, 9999.0, 9999.0, 9999.0, 120.25, 123.25, 119.0, 103.0, 134.5
2023-04-06, 22:58:29, 131.75, 51.75, 19.25, 26.25, 9999.0, 1.5, 1.5, 19.75, 9999.0, 9999.0, 9999.0, 120.25, 123.25, 119.0, 103.0, 134.5
2023-04-06, 22:58:33, 131.75, 51.75, 19.5, 26.5, 9999.0, 1.5, 1.75, 19.75, 9999.0, 9999.0, 9999.0, 120.0, 123.25, 119.0, 103.0, 134.5
2023-04-06, 22:58:37, 131.75, 51.75, 19.5, 26.5, 9999.0, 1.5, 1.5, 20.0, 9999.0, 9999.0, 9999.0, 120.0, 123.25, 119.0, 103.0, 134.5
2023-04-06, 22:58:41, 131.75, 51.75, 19.5, 26.5, 9999.0, 1.5, 1.75, 19.75, 9999.0, 9999.0, 9999.0, 120.0, 123.25, 119.0, 103.0, 134.5
2023-04-06, 22:58:45, 131.75, 51.75, 19.5, 26.5, 9999.0, 1.5, 1.5, 19.75, 9999.0, 9999.0, 9999.0, 119.75, 123.25, 119.0, 103.0, 134.5
2023-04-06, 22:58:49, 131.75, 51.75, 19.5, 26.25, 9999.0, 1.25, 1.75, 19.75, 9999.0, 9999.0, 9999.0, 120.0, 123.5, 118.75, 103.0, 134.5
2023-04-06, 22:58:53, 131.75, 51.75, 19.5, 26.0, 9999.0, 1.25, 1.5, 20.0, 9999.0, 9999.0, 9999.0, 120.0, 123.5, 119.0, 103.0, 134.5
2023-04-06, 22:58:57, 131.75, 51.75, 19.25, 26.25, 9999.0, 1.25, 1.5, 20.0, 9999.0, 9999.0, 9999.0, 119.75, 123.5, 119.0, 103.0, 134.5
2023-04-06, 22:59:01, 132.0, 51.75, 19.5, 26.25, 9999.0, 1.25, 1.5, 19.75, 9999.0, 9999.0, 9999.0, 119.75, 123.5, 119.0, 102.75, 134.5
2023-04-06, 22:59:05, 131.75, 51.75, 19.25, 26.5, 9999.0, 1.25, 1.5, 20.0, 9999.0, 9999.0, 9999.0, 119.75, 123.5, 119.0, 103.0, 134.5
2023-04-06, 22:59:09, 132.0, 51.75, 19.25, 26.5, 9999.0, 1.25, 1.75, 19.75, 9999.0, 9999.0, 9999.0, 119.75, 123.5, 118.75, 103.0, 134.5
2023-04-06, 22:59:13, 131.75, 51.75, 19.5, 26.5, 9999.0, 1.25, 1.5, 20.0, 9999.0, 9999.0, 9999.0, 119.75, 123.25, 119.0, 103.0, 134.5
2023-04-06, 22:59:17, 131.75, 51.75, 19.5, 26.5, 9999.0, 1.25, 1.5, 19.75, 9999.0, 9999.0, 9999.0, 119.75, 123.5, 119.0, 103.0, 134.5
2023-04-06, 22:59:21, 131.75, 51.75, 19.5, 26.25, 9999.0, 1.25, 1.5, 19.75, 9999.0, 9999.0, 9999.0, 119.75, 123.5, 119.0, 102.75, 134.5
2023-04-06, 22:59:25, 131.75, 51.75, 19.25, 26.5, 9999.0, 1.5, 1.5, 20.0, 9999.0, 9999.0, 9999.0, 119.75, 123.5, 119.0, 102.75, 134.5
2023-04-06, 22:59:29, 131.75, 51.75, 19.5, 26.5, 9999.0, 1.5, 1.5, 19.75, 9999.0, 9999.0, 9999.0, 119.5, 123.5, 119.0, 103.0, 134.5
2023-04-06, 22:59:33, 131.75, 51.75, 19.5, 26.5, 9999.0, 1.5, 1.5, 19.75, 9999.0, 9999.0, 9999.0, 119.5, 123.5, 119.0, 102.75, 134.5
2023-04-06, 22:59:37, 131.75, 51.75, 19.5, 26.75, 9999.0, 1.5, 1.75, 20.0, 9999.0, 9999.0, 9999.0, 119.5, 123.25, 119.0, 102.75, 134.5
2023-04-06, 22:59:41, 131.75, 51.75, 19.25, 26.75, 9999.0, 1.5, 1.75, 19.75, 9999.0, 9999.0, 9999.0, 120.25, 123.25, 119.0, 103.0, 134.5
2023-04-06, 22:59:45, 132.0, 51.75, 19.25, 26.5, 9999.0, 1.5, 1.75, 19.75, 9999.0, 9999.0, 9999.0, 120.25, 123.5, 119.0, 103.0, 134.5
2023-04-06, 22:59:49, 131.75, 51.75, 19.25, 26.5, 9999.0, 1.5, 1.75, 20.0, 9999.0, 9999.0, 9999.0, 120.25, 123.25, 119.0, 103.0, 134.5
2023-04-06, 22:59:53, 131.75, 51.75, 19.5, 26.5, 9999.0, 1.5, 1.75, 19.75, 9999.0, 9999.0, 9999.0, 120.0, 123.25, 119.0, 103.0, 134.5
2023-04-06, 22:59:57, 131.75, 51.75, 19.5, 26.5, 9999.0, 1.5, 1.5, 19.75, 9999.0, 9999.0, 9999.0, 120.25, 123.5, 119.0, 103.0, 134.5
2023-04-06, 23:00:01, 132.0, 51.75, 19.5, 26.5, 9999.0, 1.5, 1.5, 20.0, 9999.0, 9999.0, 9999.0, 120.0, 123.25, 119.0, 103.0, 134.5
2023-04-06, 23:00:05, 132.0, 51.75, 19.25, 26.5, 9999.0, 1.5, 1.75, 19.75, 9999.0, 9999.0, 9999.0, 120.0, 123.25, 119.0, 102.75, 134.5
2023-04-06, 23:00:09, 132.0, 51.75, 19.5, 26.5, 9999.0, 1.5, 1.5, 19.75, 9999.0, 9999.0, 9999.0, 120.0, 123.25, 119.0, 103.0, 134.5
2023-04-06, 23:00:13, 131.75, 51.75, 19.25, 26.25, 9999.0, 1.25, 1.5, 19.75, 9999.0, 9999.0, 9999.0, 120.0, 123.5, 119.0, 103.0, 134.5
2023-04-06, 23:00:17, 131.75, 51.75, 19.25, 26.5, 9999.0, 1.25, 1.5, 19.75, 9999.0, 9999.0, 9999.0, 120.0, 123.5, 119.0, 102.75, 134.5
2023-04-06, 23:00:21, 131.75, 51.75, 19.25, 26.5, 9999.0, 1.25, 1.5, 19.75, 9999.0, 9999.0, 9999.0, 119.75, 123.5, 119.0, 102.75, 134.5
2023-04-06, 23:00:25, 131.75, 51.75, 19.5, 26.5, 9999.0, 1.25, 1.5, 20.0, 9999.0, 9999.0, 9999.0, 119.75, 123.5, 119.0, 102.75, 134.5
2023-04-06, 23:00:29, 131.75, 51.75, 19.25, 26.5, 9999.0, 1.25, 1.5, 19.75, 9999.0, 9999.0, 9999.0, 119.75, 123.5, 118.75, 102.75, 134.5
2023-04-06, 23:00:33, 132.0, 51.75, 19.5, 26.25, 9999.0, 1.25, 1.5, 20.0, 9999.0, 9999.0, 9999.0, 119.75, 123.5, 119.0, 102.75, 134.5
2023-04-06, 23:00:37, 131.75, 51.75, 19.5, 26.25, 9999.0, 1.25, 1.5, 20.0, 9999.0, 9999.0, 9999.0, 119.75, 123.5, 118.75, 102.75, 134.5
2023-04-06, 23:00:41, 131.75, 51.75, 19.5, 26.25, 9999.0, 1.25, 1.5, 19.75, 9999.0, 9999.0, 9999.0, 119.5, 123.25, 119.0, 102.75, 134.5
2023-04-06, 23:00:45, 132.0, 51.75, 19.5, 26.25, 9999.0, 1.25, 1.5, 19.75, 9999.0, 9999.0, 9999.0, 119.75, 123.5, 119.0, 102.75, 134.5
2023-04-06, 23:00:49, 131.75, 51.75, 19.5, 26.25, 9999.0, 1.5, 1.5, 19.75, 9999.0, 9999.0, 9999.0, 119.5, 123.25, 119.0, 102.75, 134.5
2023-04-06, 23:00:53, 131.75, 51.75, 19.5, 26.5, 9999.0, 1.5, 1.5, 19.75, 9999.0, 9999.0, 9999.0, 119.5, 123.25, 119.0, 102.75, 134.5
2023-04-06, 23:00:57, 131.75, 51.75, 19.5, 26.25, 9999.0, 1.5, 1.5, 20.0, 9999.0, 9999.0, 9999.0, 119.5, 123.25, 119.0, 103.0, 134.5
2023-04-06, 23:01:01, 131.75, 51.75, 19.5, 26.25, 9999.0, 1.5, 1.75, 19.75, 9999.0, 9999.0, 9999.0, 119.5, 123.25, 119.0, 102.75, 134.5
2023-04-06, 23:01:05, 131.75, 51.75, 19.5, 26.0, 9999.0, 1.5, 1.5, 20.0, 9999.0, 9999.0, 9999.0, 120.25, 123.25, 119.0, 102.75, 134.5
2023-04-06, 23:01:09, 132.0, 51.75, 19.5, 26.25, 9999.0, 1.5, 1.5, 20.0, 9999.0, 9999.0, 9999.0, 120.25, 123.25, 119.0, 102.75, 134.5
2023-04-06, 23:01:13, 131.75, 51.75, 19.25, 26.5, 9999.0, 1.5, 1.5, 19.75, 9999.0, 9999.0, 9999.0, 120.25, 123.25, 119.0, 102.75, 134.5
2023-04-06, 23:01:17, 131.75, 51.75, 19.5, 26.25, 9999.0, 1.5, 1.75, 19.75, 9999.0, 9999.0, 9999.0, 120.0, 123.25, 119.0, 102.75, 134.25
2023-04-06, 23:01:21, 132.0, 51.75, 19.25, 26.25, 9999.0, 1.5, 1.75, 20.0, 9999.0, 9999.0, 9999.0, 120.0, 123.25, 118.75, 102.75, 134.5
2023-04-06, 23:01:25, 131.75, 51.75, 19.5, 26.25, 9999.0, 1.5, 1.75, 19.75, 9999.0, 9999.0, 9999.0, 120.0, 123.25, 119.0, 103.0, 134.5
2023-04-06, 23:01:29, 132.0, 51.75, 19.25, 26.25, 9999.0, 1.25, 1.5, 19.75, 9999.0, 9999.0, 9999.0, 120.0, 123.25, 119.0, 102.75, 134.5
2023-04-06, 23:01:33, 131.75, 51.75, 19.5, 26.25, 9999.0, 1.25, 1.75, 19.75, 9999.0, 9999.0, 9999.0, 120.0, 123.25, 119.0, 102.75, 134.5
2023-04-06, 23:01:37, 131.75, 51.75, 19.5, 26.25, 9999.0, 1.25, 1.75, 20.0, 9999.0, 9999.0, 9999.0, 120.0, 123.5, 119.0, 103.0, 134.25
2023-04-06, 23:01:41, 131.75, 51.75, 19.5, 26.5, 9999.0, 1.25, 1.5, 19.75, 9999.0, 9999.0, 9999.0, 120.0, 123.25, 119.0, 102.75, 134.5
2023-04-06, 23:01:45, 131.75, 51.75, 19.25, 26.5, 9999.0, 1.25, 1.5, 19.75, 9999.0, 9999.0, 9999.0, 120.0, 123.5, 119.0, 102.75, 134.5
2023-04-06, 23:01:49, 131.75, 51.75, 19.25, 26.25, 9999.0, 1.25, 1.5, 19.75, 9999.0, 9999.0, 9999.0, 119.75, 123.25, 119.0, 102.75, 134.5
2023-04-06, 23:01:53, 131.75, 51.75, 19.5, 26.5, 9999.0, 1.25, 1.5, 20.0, 9999.0, 9999.0, 9999.0, 119.75, 123.25, 119.0, 102.75, 134.5
2023-04-06, 23:01:57, 131.75, 51.75, 19.25, 26.5, 9999.0, 1.25, 1.5, 20.0, 9999.0, 9999.0, 9999.0, 119.75, 123.25, 119.0, 102.75, 134.5
2023-04-06, 23:02:01, 131.75, 51.75, 19.25, 26.5, 9999.0, 1.25, 1.5, 19.75, 9999.0, 9999.0, 9999.0, 119.75, 123.25, 119.0, 103.0, 134.5
2023-04-06, 23:02:05, 131.75, 51.75, 19.25, 26.25, 9999.0, 1.25, 1.75, 19.75, 9999.0, 9999.0, 9999.0, 119.75, 123.5, 119.0, 102.75, 134.5
2023-04-06, 23:02:09, 131.75, 51.75, 19.25, 26.25, 9999.0, 1.5, 1.5, 19.75, 9999.0, 9999.0, 9999.0, 119.5, 123.25, 119.0, 102.75, 134.5
2023-04-06, 23:02:13, 131.75, 51.75, 19.25, 26.5, 9999.0, 1.5, 1.5, 19.75, 9999.0, 9999.0, 9999.0, 119.5, 123.25, 119.0, 102.75, 134.5
2023-04-06, 23:02:17, 131.75, 51.75, 19.25, 26.25, 9999.0, 1.5, 1.5, 19.75, 9999.0, 9999.0, 9999.0, 119.5, 123.25, 119.0, 102.75, 134.5
2023-04-06, 23:02:21, 131.75, 51.75, 19.25, 26.25, 9999.0, 1.5, 1.5, 19.75, 9999.0, 9999.0, 9999.0, 119.5, 123.25, 119.0, 102.75, 134.5
2023-04-06, 23:02:25, 131.75, 51.75, 19.25, 26.0, 9999.0, 1.5, 1.75, 20.0, 9999.0, 9999.0, 9999.0, 120.25, 123.25, 119.0, 102.75, 134.5
2023-04-06, 23:02:30, 131.75, 51.75, 19.25, 26.25, 9999.0, 1.5, 1.5, 20.0, 9999.0, 9999.0, 9999.0, 120.25, 123.25, 119.0, 102.75, 134.5
2023-04-06, 23:02:34, 131.75, 51.75, 19.25, 26.25, 9999.0, 1.5, 1.5, 20.0, 9999.0, 9999.0, 9999.0, 120.25, 123.25, 119.0, 103.0, 134.5
2023-04-06, 23:02:38, 131.75, 51.75, 19.25, 26.25, 9999.0, 1.5, 1.5, 19.75, 9999.0, 9999.0, 9999.0, 120.25, 123.25, 119.0, 102.75, 134.5
2023-04-06, 23:02:42, 131.75, 51.75, 19.25, 26.25, 9999.0, 1.5, 1.75, 20.0, 9999.0, 9999.0, 9999.0, 120.0, 123.25, 119.0, 102.75, 134.25
2023-04-06, 23:02:46, 131.75, 51.75, 19.5, 26.5, 9999.0, 1.5, 1.5, 20.0, 9999.0, 9999.0, 9999.0, 120.0, 123.25, 119.0, 102.75, 134.5
2023-04-06, 23:02:50, 132.0, 51.75, 19.5, 26.25, 9999.0, 1.25, 1.75, 19.75, 9999.0, 9999.0, 9999.0, 120.0, 123.25, 119.0, 102.75, 134.5
2023-04-06, 23:02:54, 131.75, 51.75, 19.25, 26.25, 9999.0, 1.25, 1.5, 20.0, 9999.0, 9999.0, 9999.0, 119.75, 123.25, 119.0, 102.75, 134.25
2023-04-06, 23:02:58, 131.75, 51.75, 19.0, 26.25, 9999.0, 1.25, 1.5, 19.75, 9999.0, 9999.0, 9999.0, 120.0, 123.5, 119.0, 102.75, 134.5
2023-04-06, 23:03:02, 131.75, 51.75, 19.25, 26.5, 9999.0, 1.25, 1.5, 20.0, 9999.0, 9999.0, 9999.0, 120.0, 123.5, 119.0, 102.75, 134.5
2023-04-06, 23:03:06, 131.75, 51.75, 19.5, 26.25, 9999.0, 1.25, 1.5, 19.75, 9999.0, 9999.0, 9999.0, 120.0, 123.5, 119.0, 102.75, 134.5
2023-04-06, 23:03:10, 131.75, 51.75, 19.25, 26.25, 9999.0, 1.25, 1.5, 19.75, 9999.0, 9999.0, 9999.0, 119.75, 123.5, 119.0, 102.75, 134.5
2023-04-06, 23:03:14, 131.75, 51.75, 19.25, 26.25, 9999.0, 1.25, 1.5, 19.75, 9999.0, 9999.0, 9999.0, 119.75, 123.5, 118.75, 102.75, 134.5
2023-04-06, 23:03:18, 131.75, 51.75, 19.25, 26.25, 9999.0, 1.25, 1.5, 19.75, 9999.0, 9999.0, 9999.0, 119.75, 123.5, 119.0, 102.75, 134.5
2023-04-06, 23:03:22, 131.75, 51.75, 19.25, 26.5, 9999.0, 1.25, 1.5, 19.75, 9999.0, 9999.0, 9999.0, 119.75, 123.5, 119.0, 102.75, 134.5
2023-04-06, 23:03:26, 131.75, 51.75, 19.25, 26.25, 9999.0, 1.25, 1.5, 19.75, 9999.0, 9999.0, 9999.0, 119.75, 123.5, 119.0, 102.75, 134.5
2023-04-06, 23:03:30, 131.75, 51.75, 19.25, 26.25, 9999.0, 1.25, 1.5, 19.75, 9999.0, 9999.0, 9999.0, 119.75, 123.5, 119.0, 102.75, 134.25
2023-04-06, 23:03:34, 131.75, 51.75, 19.25, 26.25, 9999.0, 1.25, 1.5, 19.75, 9999.0, 9999.0, 9999.0, 119.5, 123.5, 119.0, 102.75, 134.25
2023-04-06, 23:03:38, 131.75, 51.75, 19.5, 26.25, 9999.0, 1.25, 1.5, 19.75, 9999.0, 9999.0, 9999.0, 119.5, 123.5, 119.0, 102.75, 134.5
2023-04-06, 23:03:42, 131.75, 51.75, 19.25, 26.0, 9999.0, 1.5, 1.5, 19.75, 9999.0, 9999.0, 9999.0, 119.5, 123.5, 119.0, 102.75, 134.25
2023-04-06, 23:03:46, 131.75, 51.75, 19.25, 26.0, 9999.0, 1.5, 1.5, 19.75, 9999.0, 9999.0, 9999.0, 119.5, 123.5, 119.0, 102.75, 134.5
2023-04-06, 23:03:50, 131.75, 51.75, 19.25, 26.5, 9999.0, 1.5, 1.5, 20.0, 9999.0, 9999.0, 9999.0, 120.25, 123.25, 119.0, 102.75, 134.25
2023-04-06, 23:03:54, 131.75, 51.75, 19.5, 26.25, 9999.0, 1.5, 1.5, 19.75, 9999.0, 9999.0, 9999.0, 120.25, 123.25, 119.0, 102.75, 134.5
2023-04-06, 23:03:58, 131.75, 51.75, 19.25, 26.25, 9999.0, 1.5, 1.5, 19.75, 9999.0, 9999.0, 9999.0, 120.25, 123.25, 119.0, 102.75, 134.25
2023-04-06, 23:04:02, 131.75, 51.75, 19.5, 26.5, 9999.0, 1.5, 1.5, 19.75, 9999.0, 9999.0, 9999.0, 120.0, 123.25, 119.0, 102.75, 134.5
2023-04-06, 23:04:06, 131.75, 51.75, 19.25, 26.25, 9999.0, 1.25, 1.5, 19.75, 9999.0, 9999.0, 9999.0, 120.0, 123.25, 119.0, 102.75, 134.5
2023-04-06, 23:04:10, 131.75, 51.75, 19.25, 26.25, 9999.0, 1.25, 1.5, 19.75, 9999.0, 9999.0, 9999.0, 120.0, 123.25, 119.0, 102.75, 134.25
2023-04-06, 23:04:14, 131.75, 51.75, 19.25, 26.25, 9999.0, 1.25, 1.5, 19.75, 9999.0, 9999.0, 9999.0, 120.0, 123.25, 119.0, 102.75, 134.25
2023-04-06, 23:04:18, 131.75, 51.75, 19.25, 26.25, 9999.0, 1.25, 1.5, 19.75, 9999.0, 9999.0, 9999.0, 119.75, 123.25, 119.0, 102.75, 134.25
2023-04-06, 23:04:22, 131.75, 51.75, 19.25, 26.25, 9999.0, 1.25, 1.5, 19.75, 9999.0, 9999.0, 9999.0, 120.0, 123.5, 119.0, 102.75, 134.25
2023-04-06, 23:04:26, 131.75, 51.75, 19.25, 26.25, 9999.0, 1.25, 1.5, 19.75, 9999.0, 9999.0, 9999.0, 119.75, 123.5, 119.0, 102.75, 134.25
2023-04-06, 23:04:30, 131.75, 51.75, 19.25, 26.5, 9999.0, 1.25, 1.5, 19.75, 9999.0, 9999.0, 9999.0, 119.75, 123.5, 119.0, 102.75, 134.25
2023-04-06, 23:04:34, 131.75, 51.75, 19.25, 26.5, 9999.0, 1.25, 1.5, 19.75, 9999.0, 9999.0, 9999.0, 119.75, 123.5, 119.0, 102.75, 134.5
2023-04-06, 23:04:38, 131.75, 51.75, 19.25, 26.5, 9999.0, 1.25, 1.5, 19.75, 9999.0, 9999.0, 9999.0, 119.75, 123.5, 119.0, 102.75, 134.5
2023-04-06, 23:04:42, 131.75, 51.75, 19.25, 26.5, 9999.0, 1.25, 1.5, 19.75, 9999.0, 9999.0, 9999.0, 119.75, 123.25, 119.0, 102.75, 134.25
2023-04-06, 23:04:46, 131.75, 51.75, 19.25, 26.5, 9999.0, 1.25, 1.5, 19.75, 9999.0, 9999.0, 9999.0, 119.5, 123.25, 119.0, 102.75, 134.25
2023-04-06, 23:04:50, 131.75, 51.75, 19.25, 26.5, 9999.0, 1.25, 1.5, 19.75, 9999.0, 9999.0, 9999.0, 119.5, 123.5, 119.0, 102.75, 134.25
2023-04-06, 23:04:54, 131.75, 51.75, 19.25, 26.25, 9999.0, 1.25, 1.5, 19.75, 9999.0, 9999.0, 9999.0, 119.5, 123.25, 119.0, 102.75, 134.25
2023-04-06, 23:04:58, 131.75, 51.75, 19.25, 26.25, 9999.0, 1.25, 1.5, 19.75, 9999.0, 9999.0, 9999.0, 119.5, 123.25, 119.0, 102.75, 134.25
2023-04-06, 23:05:02, 131.75, 51.75, 19.25, 26.25, 9999.0, 1.25, 1.5, 19.75, 9999.0, 9999.0, 9999.0, 119.5, 123.25, 119.0, 102.75, 134.25
2023-04-06, 23:05:06, 131.75, 51.75, 19.25, 26.25, 9999.0, 1.5, 1.5, 19.75, 9999.0, 9999.0, 9999.0, 119.5, 123.25, 118.75, 102.75, 134.25
2023-04-06, 23:05:10, 131.75, 51.75, 19.25, 26.5, 9999.0, 1.5, 1.5, 19.75, 9999.0, 9999.0, 9999.0, 120.25, 123.25, 119.0, 102.75, 134.25
2023-04-06, 23:05:14, 131.75, 51.75, 19.25, 26.5, 9999.0, 1.5, 1.5, 19.75, 9999.0, 9999.0, 9999.0, 120.25, 123.25, 119.0, 102.75, 134.25
2023-04-06, 23:05:18, 131.75, 51.75, 19.0, 26.25, 9999.0, 1.25, 1.5, 19.75, 9999.0, 9999.0, 9999.0, 120.0, 123.25, 119.0, 102.75, 134.25
2023-04-06, 23:05:22, 131.75, 51.75, 19.25, 26.25, 9999.0, 1.5, 1.5, 19.75, 9999.0, 9999.0, 9999.0, 120.0, 123.25, 119.0, 102.75, 134.25
2023-04-06, 23:05:26, 131.75, 51.5, 19.25, 26.5, 9999.0, 1.25, 1.5, 19.75, 9999.0, 9999.0, 9999.0, 120.0, 123.25, 119.0, 102.75, 134.25
2023-04-06, 23:05:30, 131.75, 51.75, 19.25, 26.25, 9999.0, 1.25, 1.5, 19.75, 9999.0, 9999.0, 9999.0, 120.0, 123.25, 119.0, 102.75, 134.25
2023-04-06, 23:05:34, 131.75, 51.5, 19.25, 26.25, 9999.0, 1.25, 1.5, 19.75, 9999.0, 9999.0, 9999.0, 120.0, 123.25, 119.0, 102.75, 134.25
2023-04-06, 23:05:38, 131.75, 51.75, 19.25, 26.25, 9999.0, 1.25, 1.5, 19.75, 9999.0, 9999.0, 9999.0, 119.75, 123.25, 119.0, 102.75, 134.25
2023-04-06, 23:05:42, 131.75, 51.5, 19.25, 26.25, 9999.0, 1.25, 1.5, 19.75, 9999.0, 9999.0, 9999.0, 119.75, 123.25, 119.0, 102.75, 134.25
2023-04-06, 23:05:46, 131.75, 51.75, 19.25, 26.5, 9999.0, 1.25, 1.5, 19.75, 9999.0, 9999.0, 9999.0, 119.75, 123.5, 119.0, 102.75, 134.25
2023-04-06, 23:05:50, 131.75, 51.75, 19.25, 26.5, 9999.0, 1.25, 1.5, 19.75, 9999.0, 9999.0, 9999.0, 119.75, 123.5, 119.0, 102.75, 134.25
2023-04-06, 23:05:54, 131.75, 51.75, 19.25, 26.5, 9999.0, 1.25, 1.5, 19.75, 9999.0, 9999.0, 9999.0, 119.75, 123.25, 119.0, 102.75, 134.25
2023-04-06, 23:05:58, 131.75, 51.75, 19.25, 26.25, 9999.0, 1.25, 1.5, 19.75, 9999.0, 9999.0, 9999.0, 119.75, 123.25, 119.0, 102.75, 134.25
2023-04-06, 23:06:02, 131.75, 51.75, 19.25, 26.25, 9999.0, 1.25, 1.5, 19.75, 9999.0, 9999.0, 9999.0, 119.75, 123.25, 119.0, 102.75, 134.25
2023-04-06, 23:06:06, 131.75, 51.75, 19.25, 26.25, 9999.0, 1.25, 1.5, 19.75, 9999.0, 9999.0, 9999.0, 119.5, 123.5, 118.75, 102.75, 134.25
2023-04-06, 23:06:10, 131.75, 51.75, 19.25, 26.5, 9999.0, 1.25, 1.5, 19.75, 9999.0, 9999.0, 9999.0, 119.5, 123.25, 119.0, 102.75, 134.25
2023-04-06, 23:06:14, 131.75, 51.75, 19.25, 26.5, 9999.0, 1.25, 1.25, 19.75, 9999.0, 9999.0, 9999.0, 119.5, 123.5, 119.0, 102.75, 134.25
2023-04-06, 23:06:18, 131.75, 51.75, 19.25, 26.5, 9999.0, 1.25, 1.5, 19.75, 9999.0, 9999.0, 9999.0, 119.5, 123.25, 119.0, 102.75, 134.25
2023-04-06, 23:06:22, 131.75, 51.75, 19.25, 26.5, 9999.0, 1.25, 1.5, 19.75, 9999.0, 9999.0, 9999.0, 119.5, 123.25, 119.0, 102.75, 134.25
2023-04-06, 23:06:26, 131.75, 51.5, 19.25, 26.5, 9999.0, 1.5, 1.5, 19.75, 9999.0, 9999.0, 9999.0, 119.5, 123.25, 119.0, 102.75, 134.25
2023-04-06, 23:06:30, 131.75, 51.5, 19.25, 26.5, 9999.0, 1.5, 1.5, 19.75, 9999.0, 9999.0, 9999.0, 119.5, 123.25, 119.0, 102.75, 134.25
2023-04-06, 23:06:34, 131.75, 51.5, 19.25, 26.5, 9999.0, 1.5, 1.5, 19.75, 9999.0, 9999.0, 9999.0, 120.25, 123.25, 118.75, 102.75, 134.25
2023-04-06, 23:06:38, 131.75, 51.75, 19.25, 26.5, 9999.0, 1.25, 1.25, 19.75, 9999.0, 9999.0, 9999.0, 120.0, 123.25, 119.0, 102.75, 134.25
2023-04-06, 23:06:42, 131.75, 51.75, 19.25, 26.25, 9999.0, 1.25, 1.5, 19.75, 9999.0, 9999.0, 9999.0, 120.0, 123.25, 118.75, 102.75, 134.25
2023-04-06, 23:06:46, 131.75, 51.75, 19.25, 26.25, 9999.0, 1.25, 1.5, 19.75, 9999.0, 9999.0, 9999.0, 120.0, 123.25, 119.0, 102.75, 134.25
2023-04-06, 23:06:50, 131.75, 51.5, 19.25, 26.25, 9999.0, 1.25, 1.5, 19.75, 9999.0, 9999.0, 9999.0, 120.0, 123.25, 119.0, 102.75, 134.25
2023-04-06, 23:06:55, 131.75, 51.75, 19.25, 26.5, 9999.0, 1.25, 1.5, 19.75, 9999.0, 9999.0, 9999.0, 120.0, 123.25, 118.75, 102.75, 134.25
2023-04-06, 23:06:59, 131.75, 51.5, 19.25, 26.5, 9999.0, 1.25, 1.5, 19.75, 9999.0, 9999.0, 9999.0, 119.75, 123.25, 119.0, 102.75, 134.25
2023-04-06, 23:07:03, 131.75, 51.5, 19.25, 26.25, 9999.0, 1.25, 1.5, 19.75, 9999.0, 9999.0, 9999.0, 119.75, 123.25, 119.0, 102.75, 134.25
2023-04-06, 23:07:07, 131.75, 51.75, 19.25, 26.0, 9999.0, 1.25, 1.5, 19.75, 9999.0, 9999.0, 9999.0, 119.75, 123.5, 119.0, 102.75, 134.25
2023-04-06, 23:07:11, 131.75, 51.75, 19.25, 26.25, 9999.0, 1.25, 1.5, 19.75, 9999.0, 9999.0, 9999.0, 119.75, 123.25, 119.0, 102.75, 134.25
2023-04-06, 23:07:15, 131.75, 51.5, 19.25, 26.25, 9999.0, 1.25, 1.5, 19.75, 9999.0, 9999.0, 9999.0, 119.75, 123.25, 119.0, 102.75, 134.25
2023-04-06, 23:07:19, 131.75, 51.5, 19.25, 26.25, 9999.0, 1.25, 1.5, 19.75, 9999.0, 9999.0, 9999.0, 119.75, 123.25, 119.0, 102.75, 134.25
2023-04-06, 23:07:23, 131.75, 51.5, 19.25, 26.25, 9999.0, 1.25, 1.5, 19.75, 9999.0, 9999.0, 9999.0, 119.75, 123.25, 118.75, 102.75, 134.25
2023-04-06, 23:07:27, 131.75, 51.5, 19.0, 26.0, 9999.0, 1.25, 1.5, 19.75, 9999.0, 9999.0, 9999.0, 119.5, 123.25, 118.75, 102.75, 134.25
2023-04-06, 23:07:31, 131.75, 51.5, 19.25, 26.25, 9999.0, 1.0, 1.25, 19.75, 9999.0, 9999.0, 9999.0, 119.75, 123.25, 119.0, 102.75, 134.25
2023-04-06, 23:07:35, 131.75, 51.5, 19.25, 26.25, 9999.0, 1.0, 1.25, 19.75, 9999.0, 9999.0, 9999.0, 119.5, 123.25, 119.0, 102.75, 134.25
2023-04-06, 23:07:39, 131.75, 51.75, 19.25, 26.25, 9999.0, 1.25, 1.5, 19.75, 9999.0, 9999.0, 9999.0, 119.5, 123.25, 119.0, 102.75, 134.25
2023-04-06, 23:07:43, 131.75, 51.5, 19.25, 26.0, 9999.0, 1.25, 1.5, 19.75, 9999.0, 9999.0, 9999.0, 119.5, 123.25, 119.0, 102.75, 134.25
2023-04-06, 23:07:47, 131.75, 51.5, 19.25, 26.0, 9999.0, 1.25, 1.25, 19.75, 9999.0, 9999.0, 9999.0, 119.5, 123.25, 118.75, 102.75, 134.25
2023-04-06, 23:07:51, 131.75, 51.5, 19.25, 26.0, 9999.0, 1.5, 1.5, 19.75, 9999.0, 9999.0, 9999.0, 119.5, 123.25, 119.0, 102.75, 134.25
2023-04-06, 23:07:55, 131.75, 51.75, 19.25, 26.25, 9999.0, 1.5, 1.5, 19.75, 9999.0, 9999.0, 9999.0, 120.25, 123.25, 119.0, 102.75, 134.25
2023-04-06, 23:07:59, 131.75, 51.5, 19.25, 26.25, 9999.0, 1.25, 1.5, 19.75, 9999.0, 9999.0, 9999.0, 120.25, 123.25, 119.0, 102.75, 134.25
2023-04-06, 23:08:03, 131.75, 51.5, 19.25, 26.25, 9999.0, 1.25, 1.5, 19.75, 9999.0, 9999.0, 9999.0, 120.0, 123.25, 118.75, 102.75, 134.25
2023-04-06, 23:08:07, 131.75, 51.5, 19.0, 26.5, 9999.0, 1.25, 1.5, 19.75, 9999.0, 9999.0, 9999.0, 120.0, 123.25, 118.75, 102.75, 134.25
2023-04-06, 23:08:11, 131.75, 51.75, 19.25, 26.5, 9999.0, 1.25, 1.5, 19.75, 9999.0, 9999.0, 9999.0, 120.0, 123.25, 118.75, 102.75, 134.25
2023-04-06, 23:08:15, 131.75, 51.75, 19.25, 26.5, 9999.0, 1.25, 1.5, 19.75, 9999.0, 9999.0, 9999.0, 120.0, 123.25, 119.0, 102.75, 134.25
2023-04-06, 23:08:19, 131.75, 51.5, 19.25, 26.25, 9999.0, 1.25, 1.5, 19.75, 9999.0, 9999.0, 9999.0, 119.75, 123.0, 119.0, 102.75, 134.25
2023-04-06, 23:08:23, 131.5, 51.5, 19.25, 26.25, 9999.0, 1.25, 1.5, 19.75, 9999.0, 9999.0, 9999.0, 119.75, 123.25, 118.75, 102.75, 134.25
2023-04-06, 23:08:27, 131.75, 51.5, 19.25, 26.25, 9999.0, 1.25, 1.5, 19.75, 9999.0, 9999.0, 9999.0, 119.75, 123.25, 119.0, 102.75, 134.25
2023-04-06, 23:08:31, 131.75, 51.5, 19.25, 26.25, 9999.0, 1.25, 1.5, 19.75, 9999.0, 9999.0, 9999.0, 119.75, 123.25, 118.75, 102.75, 134.25
2023-04-06, 23:08:35, 131.75, 51.5, 19.25, 26.25, 9999.0, 1.25, 1.5, 19.75, 9999.0, 9999.0, 9999.0, 119.75, 123.5, 119.0, 102.75, 134.25
2023-04-06, 23:08:39, 131.75, 51.75, 19.25, 26.25, 9999.0, 1.25, 1.5, 19.75, 9999.0, 9999.0, 9999.0, 119.75, 123.25, 118.75, 102.75, 134.25
2023-04-06, 23:08:43, 131.5, 51.5, 19.25, 26.5, 9999.0, 1.25, 1.5, 19.75, 9999.0, 9999.0, 9999.0, 119.75, 123.25, 119.0, 102.75, 134.25
2023-04-06, 23:08:47, 131.75, 51.5, 19.25, 26.5, 9999.0, 1.0, 1.5, 19.75, 9999.0, 9999.0, 9999.0, 119.75, 123.25, 118.75, 102.75, 134.25
2023-04-06, 23:08:51, 131.75, 51.5, 19.25, 26.5, 9999.0, 1.25, 1.5, 19.75, 9999.0, 9999.0, 9999.0, 119.5, 123.25, 118.75, 102.75, 134.25
2023-04-06, 23:08:55, 131.75, 51.5, 19.25, 26.5, 9999.0, 1.0, 1.5, 19.75, 9999.0, 9999.0, 9999.0, 119.75, 123.25, 119.0, 102.75, 134.25
2023-04-06, 23:08:59, 131.75, 51.5, 19.25, 26.5, 9999.0, 1.25, 1.5, 19.75, 9999.0, 9999.0, 9999.0, 119.5, 123.25, 119.0, 102.75, 134.25
2023-04-06, 23:09:03, 131.5, 51.5, 19.25, 26.5, 9999.0, 1.25, 1.5, 19.75, 9999.0, 9999.0, 9999.0, 119.5, 123.25, 119.0, 102.75, 134.25
2023-04-06, 23:09:07, 131.75, 51.5, 19.25, 26.25, 9999.0, 1.25, 1.5, 19.75, 9999.0, 9999.0, 9999.0, 119.5, 123.25, 119.0, 102.75, 134.25
2023-04-06, 23:09:11, 131.75, 51.5, 19.25, 26.25, 9999.0, 1.5, 1.5, 19.75, 9999.0, 9999.0, 9999.0, 119.5, 123.25, 119.0, 102.75, 134.25
2023-04-06, 23:09:15, 131.75, 51.5, 19.25, 26.25, 9999.0, 1.5, 1.5, 19.75, 9999.0, 9999.0, 9999.0, 119.5, 123.25, 118.75, 102.75, 134.25
2023-04-06, 23:09:19, 131.75, 51.5, 19.25, 26.5, 9999.0, 1.5, 1.5, 19.75, 9999.0, 9999.0, 9999.0, 120.25, 123.25, 119.0, 102.75, 134.25
2023-04-06, 23:09:23, 131.75, 51.5, 19.25, 26.5, 9999.0, 1.25, 1.5, 19.75, 9999.0, 9999.0, 9999.0, 120.0, 123.25, 119.0, 102.75, 134.25
2023-04-06, 23:09:27, 131.75, 51.5, 19.25, 26.5, 9999.0, 1.25, 1.5, 19.75, 9999.0, 9999.0, 9999.0, 120.0, 123.25, 119.0, 102.75, 134.25
2023-04-06, 23:09:31, 131.75, 51.5, 19.25, 26.25, 9999.0, 1.25, 1.25, 19.75, 9999.0, 9999.0, 9999.0, 120.0, 123.25, 118.75, 102.75, 134.25
2023-04-06, 23:09:35, 131.75, 51.5, 19.25, 26.25, 9999.0, 1.25, 1.5, 19.75, 9999.0, 9999.0, 9999.0, 120.0, 123.25, 119.0, 102.75, 134.25
2023-04-06, 23:09:39, 131.75, 51.75, 19.25, 26.5, 9999.0, 1.25, 1.5, 19.75, 9999.0, 9999.0, 9999.0, 120.0, 123.25, 119.0, 102.75, 134.25
2023-04-06, 23:09:43, 131.5, 51.5, 19.25, 26.5, 9999.0, 1.25, 1.5, 19.75, 9999.0, 9999.0, 9999.0, 119.75, 123.25, 119.0, 102.75, 134.25
2023-04-06, 23:09:47, 131.75, 51.5, 19.25, 26.5, 9999.0, 1.25, 1.5, 19.75, 9999.0, 9999.0, 9999.0, 119.75, 123.5, 119.0, 102.75, 134.25
2023-04-06, 23:09:51, 131.75, 51.5, 19.25, 26.5, 9999.0, 1.25, 1.5, 19.75, 9999.0, 9999.0, 9999.0, 119.75, 123.5, 118.75, 102.75, 134.25
2023-04-06, 23:09:55, 131.75, 51.5, 19.25, 26.5, 9999.0, 1.25, 1.5, 19.75, 9999.0, 9999.0, 9999.0, 119.75, 123.5, 118.75, 102.75, 134.25
2023-04-06, 23:09:59, 131.75, 51.5, 19.25, 26.5, 9999.0, 1.25, 1.5, 19.75, 9999.0, 9999.0, 9999.0, 119.75, 123.5, 119.0, 102.75, 134.25
2023-04-06, 23:10:03, 131.75, 51.75, 19.25, 26.5, 9999.0, 1.0, 1.5, 19.75, 9999.0, 9999.0, 9999.0, 119.75, 123.5, 119.0, 102.75, 134.25
2023-04-06, 23:10:07, 131.75, 51.5, 19.25, 26.5, 9999.0, 1.25, 1.5, 19.75, 9999.0, 9999.0, 9999.0, 119.75, 123.5, 118.75, 102.75, 134.25
2023-04-06, 23:10:11, 131.75, 51.5, 19.25, 26.25, 9999.0, 1.0, 1.5, 19.75, 9999.0, 9999.0, 9999.0, 119.75, 123.5, 118.75, 102.75, 134.25
2023-04-06, 23:10:15, 131.5, 51.5, 19.25, 26.25, 9999.0, 1.25, 1.5, 19.75, 9999.0, 9999.0, 9999.0, 119.5, 123.25, 119.0, 102.75, 134.25
2023-04-06, 23:10:19, 131.5, 51.5, 19.25, 26.5, 9999.0, 1.0, 1.5, 19.75, 9999.0, 9999.0, 9999.0, 119.5, 123.5, 119.0, 102.75, 134.25
2023-04-06, 23:10:23, 131.75, 51.5, 19.25, 26.5, 9999.0, 1.25, 1.5, 19.75, 9999.0, 9999.0, 9999.0, 119.5, 123.25, 118.75, 102.75, 134.25
2023-04-06, 23:10:27, 131.75, 51.5, 19.25, 26.5, 9999.0, 1.25, 1.25, 19.75, 9999.0, 9999.0, 9999.0, 119.5, 123.25, 119.0, 102.75, 134.25
2023-04-06, 23:10:31, 131.5, 51.5, 19.25, 26.5, 9999.0, 1.25, 1.5, 19.75, 9999.0, 9999.0, 9999.0, 119.5, 123.25, 119.0, 102.75, 134.5
2023-04-06, 23:10:35, 131.5, 51.5, 19.25, 26.25, 9999.0, 1.5, 1.5, 19.75, 9999.0, 9999.0, 9999.0, 119.5, 123.5, 119.0, 102.75, 134.25
2023-04-06, 23:10:39, 131.75, 51.5, 19.25, 26.25, 9999.0, 1.25, 1.5, 19.75, 9999.0, 9999.0, 9999.0, 120.25, 123.5, 119.0, 102.75, 134.25
2023-04-06, 23:10:43, 131.75, 51.5, 19.25, 26.25, 9999.0, 1.5, 1.5, 19.75, 9999.0, 9999.0, 9999.0, 120.0, 123.25, 119.0, 102.75, 134.25
2023-04-06, 23:10:47, 131.5, 51.5, 19.25, 26.5, 9999.0, 1.25, 1.5, 19.75, 9999.0, 9999.0, 9999.0, 120.25, 123.25, 118.75, 103.0, 134.25
2023-04-06, 23:10:51, 131.75, 51.5, 19.25, 26.5, 9999.0, 1.25, 1.5, 19.5, 9999.0, 9999.0, 9999.0, 120.0, 123.5, 119.0, 102.75, 134.25
2023-04-06, 23:10:55, 131.75, 51.5, 19.25, 26.5, 9999.0, 1.25, 1.5, 19.75, 9999.0, 9999.0, 9999.0, 120.0, 123.25, 119.0, 102.75, 134.25
2023-04-06, 23:10:59, 131.75, 51.5, 19.25, 26.5, 9999.0, 1.25, 1.5, 19.75, 9999.0, 9999.0, 9999.0, 119.75, 123.25, 119.0, 102.75, 134.25
2023-04-06, 23:11:03, 131.5, 51.5, 19.25, 26.5, 9999.0, 1.25, 1.5, 19.75, 9999.0, 9999.0, 9999.0, 119.75, 123.25, 119.0, 102.75, 134.25
2023-04-06, 23:11:07, 131.5, 51.5, 19.25, 26.5, 9999.0, 1.25, 1.5, 19.75, 9999.0, 9999.0, 9999.0, 119.75, 123.25, 119.0, 102.75, 134.25
2023-04-06, 23:11:11, 131.5, 51.5, 19.25, 26.5, 9999.0, 1.25, 1.5, 19.75, 9999.0, 9999.0, 9999.0, 119.75, 123.5, 119.0, 102.75, 134.25
2023-04-06, 23:11:15, 131.75, 51.5, 19.25, 26.5, 9999.0, 1.25, 1.5, 19.75, 9999.0, 9999.0, 9999.0, 119.75, 123.5, 119.0, 102.75, 134.5
2023-04-06, 23:11:20, 131.75, 51.5, 19.25, 26.5, 9999.0, 1.25, 1.5, 19.75, 9999.0, 9999.0, 9999.0, 119.75, 123.5, 119.0, 102.75, 134.25
2023-04-06, 23:11:24, 131.75, 51.5, 19.25, 26.5, 9999.0, 1.25, 1.5, 19.75, 9999.0, 9999.0, 9999.0, 119.75, 123.5, 118.75, 103.0, 134.5
2023-04-06, 23:11:28, 131.75, 51.5, 19.25, 26.5, 9999.0, 1.25, 1.5, 19.75, 9999.0, 9999.0, 9999.0, 119.75, 123.5, 118.75, 103.0, 134.25
2023-04-06, 23:11:32, 131.75, 51.5, 19.25, 26.5, 9999.0, 1.25, 1.5, 19.5, 9999.0, 9999.0, 9999.0, 119.75, 123.5, 118.75, 102.75, 134.25
2023-04-06, 23:11:36, 131.5, 51.5, 19.25, 26.5, 9999.0, 1.25, 1.5, 19.75, 9999.0, 9999.0, 9999.0, 119.5, 123.5, 119.0, 103.0, 134.25
2023-04-06, 23:11:40, 131.75, 51.5, 19.25, 26.5, 9999.0, 1.0, 1.5, 19.75, 9999.0, 9999.0, 9999.0, 119.5, 123.5, 119.0, 102.75, 134.25
2023-04-06, 23:11:44, 131.5, 51.5, 19.25, 26.5, 9999.0, 1.25, 1.5, 19.75, 9999.0, 9999.0, 9999.0, 119.5, 123.5, 119.0, 102.75, 134.25
2023-04-06, 23:11:48, 131.5, 51.5, 19.25, 26.5, 9999.0, 1.25, 1.25, 19.75, 9999.0, 9999.0, 9999.0, 119.5, 123.5, 119.0, 102.75, 134.5
2023-04-06, 23:11:52, 131.75, 51.5, 19.25, 26.5, 9999.0, 1.25, 1.5, 19.75, 9999.0, 9999.0, 9999.0, 119.5, 123.25, 119.0, 103.0, 134.25
2023-04-06, 23:11:56, 131.75, 51.5, 19.25, 26.5, 9999.0, 1.5, 1.5, 19.75, 9999.0, 9999.0, 9999.0, 119.5, 123.25, 119.0, 102.75, 134.25
2023-04-06, 23:12:00, 131.75, 51.5, 19.25, 26.25, 9999.0, 1.5, 1.5, 19.75, 9999.0, 9999.0, 9999.0, 120.25, 123.5, 119.0, 102.75, 134.5
2023-04-06, 23:12:04, 131.75, 51.5, 19.25, 26.25, 9999.0, 1.25, 1.5, 19.75, 9999.0, 9999.0, 9999.0, 120.25, 123.25, 119.0, 102.75, 134.25
2023-04-06, 23:12:08, 131.75, 51.5, 19.25, 26.25, 9999.0, 1.5, 1.25, 19.75, 9999.0, 9999.0, 9999.0, 120.0, 123.25, 119.0, 102.75, 134.25
2023-04-06, 23:12:12, 131.5, 51.5, 19.25, 26.25, 9999.0, 1.25, 1.5, 19.75, 9999.0, 9999.0, 9999.0, 120.0, 123.25, 119.0, 102.75, 134.25
2023-04-06, 23:12:16, 131.5, 51.5, 19.25, 26.5, 9999.0, 1.25, 1.5, 19.5, 9999.0, 9999.0, 9999.0, 120.0, 123.25, 118.75, 102.75, 134.25
2023-04-06, 23:12:20, 131.75, 51.5, 19.0, 26.25, 9999.0, 1.25, 1.5, 19.5, 9999.0, 9999.0, 9999.0, 120.0, 123.5, 119.0, 102.75, 134.5
2023-04-06, 23:12:24, 131.75, 51.5, 19.25, 26.25, 9999.0, 1.25, 1.5, 19.75, 9999.0, 9999.0, 9999.0, 119.75, 123.25, 118.75, 102.75, 134.25
2023-04-06, 23:12:28, 131.5, 51.5, 19.0, 26.5, 9999.0, 1.25, 1.5, 19.75, 9999.0, 9999.0, 9999.0, 119.75, 123.25, 118.75, 102.75, 134.25
2023-04-06, 23:12:32, 131.5, 51.5, 19.25, 26.5, 9999.0, 1.25, 1.5, 19.75, 9999.0, 9999.0, 9999.0, 119.75, 123.5, 118.75, 102.75, 134.25
2023-04-06, 23:12:36, 131.5, 51.5, 19.25, 26.5, 9999.0, 1.25, 1.5, 19.5, 9999.0, 9999.0, 9999.0, 119.75, 123.5, 119.0, 102.75, 134.25
2023-04-06, 23:12:40, 131.75, 51.5, 19.0, 26.5, 9999.0, 1.0, 1.25, 19.5, 9999.0, 9999.0, 9999.0, 119.75, 123.5, 119.0, 102.75, 134.25
2023-04-06, 23:12:44, 131.5, 51.5, 19.25, 26.5, 9999.0, 1.25, 1.5, 19.75, 9999.0, 9999.0, 9999.0, 119.75, 123.5, 119.0, 103.0, 134.25
2023-04-06, 23:12:48, 131.5, 51.5, 19.25, 26.5, 9999.0, 1.25, 1.25, 19.75, 9999.0, 9999.0, 9999.0, 119.75, 123.5, 119.0, 102.75, 134.25
2023-04-06, 23:12:52, 131.5, 51.5, 19.0, 26.25, 9999.0, 1.0, 1.5, 19.5, 9999.0, 9999.0, 9999.0, 119.75, 123.5, 119.0, 102.75, 134.25
2023-04-06, 23:12:56, 131.75, 51.5, 19.25, 26.25, 9999.0, 1.0, 1.5, 19.75, 9999.0, 9999.0, 9999.0, 119.75, 123.5, 118.75, 102.75, 134.25
2023-04-06, 23:13:00, 131.5, 51.5, 19.25, 26.5, 9999.0, 1.0, 1.5, 19.75, 9999.0, 9999.0, 9999.0, 119.5, 123.5, 119.0, 102.75, 134.25
2023-04-06, 23:13:04, 131.5, 51.5, 19.25, 26.5, 9999.0, 1.25, 1.5, 19.75, 9999.0, 9999.0, 9999.0, 119.5, 123.5, 119.0, 102.75, 134.25
2023-04-06, 23:13:08, 131.75, 51.5, 19.25, 26.25, 9999.0, 1.25, 1.25, 19.75, 9999.0, 9999.0, 9999.0, 119.5, 123.25, 119.0, 103.0, 134.25
2023-04-06, 23:13:12, 131.5, 51.5, 19.25, 26.25, 9999.0, 1.25, 1.25, 19.5, 9999.0, 9999.0, 9999.0, 119.5, 123.25, 119.0, 102.75, 134.25
2023-04-06, 23:13:16, 131.5, 51.5, 19.25, 26.25, 9999.0, 1.5, 1.5, 19.75, 9999.0, 9999.0, 9999.0, 119.5, 123.25, 119.0, 102.75, 134.25
2023-04-06, 23:13:20, 131.5, 51.5, 19.25, 26.5, 9999.0, 1.25, 1.5, 19.75, 9999.0, 9999.0, 9999.0, 119.5, 123.25, 119.0, 102.75, 134.25
2023-04-06, 23:13:24, 131.5, 51.5, 19.25, 26.5, 9999.0, 1.25, 1.5, 19.75, 9999.0, 9999.0, 9999.0, 120.25, 123.25, 119.0, 102.75, 134.25
2023-04-06, 23:13:28, 131.5, 51.5, 19.25, 26.5, 9999.0, 1.25, 1.5, 19.75, 9999.0, 9999.0, 9999.0, 120.0, 123.25, 119.0, 102.75, 134.25
2023-04-06, 23:13:32, 131.5, 51.5, 19.25, 26.5, 9999.0, 1.25, 1.5, 19.5, 9999.0, 9999.0, 9999.0, 120.0, 123.25, 119.0, 103.0, 134.25
2023-04-06, 23:13:36, 131.5, 51.5, 19.25, 26.5, 9999.0, 1.25, 1.5, 19.75, 9999.0, 9999.0, 9999.0, 120.0, 123.25, 119.0, 102.75, 134.25
2023-04-06, 23:13:40, 131.5, 51.5, 19.25, 26.5, 9999.0, 1.25, 1.5, 19.5, 9999.0, 9999.0, 9999.0, 120.0, 123.25, 119.0, 102.75, 134.25
2023-04-06, 23:13:44, 131.5, 51.5, 19.25, 26.5, 9999.0, 1.25, 1.5, 19.5, 9999.0, 9999.0, 9999.0, 120.0, 123.25, 118.75, 103.0, 134.25
2023-04-06, 23:13:48, 131.5, 51.5, 19.25, 26.25, 9999.0, 1.25, 1.5, 19.5, 9999.0, 9999.0, 9999.0, 119.75, 123.25, 119.0, 103.0, 134.25
2023-04-06, 23:13:52, 131.5, 51.5, 19.0, 26.25, 9999.0, 1.25, 1.25, 19.75, 9999.0, 9999.0, 9999.0, 119.75, 123.5, 119.0, 102.75, 134.25
2023-04-06, 23:13:56, 131.5, 51.5, 19.0, 26.5, 9999.0, 1.25, 1.25, 19.75, 9999.0, 9999.0, 9999.0, 119.75, 123.5, 119.0, 103.0, 134.25
2023-04-06, 23:14:00, 131.5, 51.5, 19.25, 26.5, 9999.0, 1.25, 1.5, 19.5, 9999.0, 9999.0, 9999.0, 119.75, 123.5, 119.0, 102.75, 134.25
2023-04-06, 23:14:04, 131.5, 51.5, 19.25, 26.5, 9999.0, 1.25, 1.5, 19.5, 9999.0, 9999.0, 9999.0, 119.75, 123.25, 119.0, 103.0, 134.5
2023-04-06, 23:14:08, 131.5, 51.5, 19.25, 26.5, 9999.0, 1.0, 1.25, 19.5, 9999.0, 9999.0, 9999.0, 119.75, 123.5, 119.0, 103.0, 134.25
2023-04-06, 23:14:12, 131.5, 51.5, 19.25, 26.25, 9999.0, 1.25, 1.25, 19.75, 9999.0, 9999.0, 9999.0, 119.75, 123.5, 119.0, 103.0, 134.25
2023-04-06, 23:14:16, 131.5, 51.5, 19.25, 26.5, 9999.0, 1.0, 1.5, 19.75, 9999.0, 9999.0, 9999.0, 119.75, 123.5, 119.0, 103.0, 134.25
2023-04-06, 23:14:20, 131.5, 51.5, 19.25, 26.25, 9999.0, 1.0, 1.5, 19.75, 9999.0, 9999.0, 9999.0, 119.5, 123.5, 118.75, 103.0, 134.25
2023-04-06, 23:14:24, 131.5, 51.5, 19.25, 26.25, 9999.0, 1.0, 1.5, 19.5, 9999.0, 9999.0, 9999.0, 119.5, 123.5, 119.0, 103.0, 134.25
2023-04-06, 23:14:28, 131.5, 51.5, 19.25, 26.25, 9999.0, 1.25, 1.25, 19.5, 9999.0, 9999.0, 9999.0, 119.5, 123.5, 119.0, 103.0, 134.25
2023-04-06, 23:14:32, 131.5, 51.5, 19.25, 26.25, 9999.0, 1.25, 1.25, 19.5, 9999.0, 9999.0, 9999.0, 119.5, 123.5, 119.0, 103.0, 134.25
2023-04-06, 23:14:36, 131.5, 51.5, 19.25, 26.25, 9999.0, 1.25, 1.5, 19.75, 9999.0, 9999.0, 9999.0, 119.5, 123.25, 119.0, 102.75, 134.25
2023-04-06, 23:14:40, 131.5, 51.5, 19.0, 26.25, 9999.0, 1.5, 1.5, 19.5, 9999.0, 9999.0, 9999.0, 119.5, 123.25, 119.0, 103.0, 134.25
2023-04-06, 23:14:44, 131.5, 51.5, 19.25, 26.25, 9999.0, 1.25, 1.5, 19.75, 9999.0, 9999.0, 9999.0, 120.25, 123.25, 119.0, 103.0, 134.25
2023-04-06, 23:14:48, 131.5, 51.5, 19.25, 26.25, 9999.0, 1.25, 1.5, 19.5, 9999.0, 9999.0, 9999.0, 120.25, 123.25, 119.0, 103.0, 134.25
2023-04-06, 23:14:52, 131.5, 51.5, 19.25, 26.25, 9999.0, 1.25, 1.25, 19.75, 9999.0, 9999.0, 9999.0, 120.0, 123.25, 119.0, 103.0, 134.25
2023-04-06, 23:14:56, 131.5, 51.5, 19.0, 26.25, 9999.0, 1.25, 1.5, 19.5, 9999.0, 9999.0, 9999.0, 120.0, 123.25, 119.0, 102.75, 134.25
2023-04-06, 23:15:00, 131.5, 51.25, 19.0, 26.0, 9999.0, 1.25, 1.5, 19.75, 9999.0, 9999.0, 9999.0, 120.0, 123.25, 119.0, 102.75, 134.25
2023-04-06, 23:15:04, 131.5, 51.5, 19.0, 26.25, 9999.0, 1.25, 1.5, 19.5, 9999.0, 9999.0, 9999.0, 120.0, 123.25, 119.0, 103.0, 134.25
2023-04-06, 23:15:08, 131.5, 51.5, 19.0, 26.25, 9999.0, 1.25, 1.25, 19.75, 9999.0, 9999.0, 9999.0, 119.75, 123.25, 119.0, 103.0, 134.25
2023-04-06, 23:15:12, 131.5, 51.5, 19.0, 26.25, 9999.0, 1.25, 1.25, 19.5, 9999.0, 9999.0, 9999.0, 119.75, 123.25, 118.75, 103.0, 134.25
2023-04-06, 23:15:16, 131.5, 51.5, 19.25, 26.25, 9999.0, 1.0, 1.25, 19.5, 9999.0, 9999.0, 9999.0, 119.75, 123.25, 119.0, 103.0, 134.25
2023-04-06, 23:15:20, 131.5, 51.5, 19.25, 26.25, 9999.0, 1.25, 1.5, 19.5, 9999.0, 9999.0, 9999.0, 119.75, 123.25, 119.0, 103.0, 134.25
2023-04-06, 23:15:24, 131.5, 51.5, 19.0, 26.25, 9999.0, 1.25, 1.25, 19.75, 9999.0, 9999.0, 9999.0, 119.75, 123.25, 119.0, 103.0, 134.25
2023-04-06, 23:15:28, 131.5, 51.5, 19.0, 26.25, 9999.0, 1.0, 1.25, 19.5, 9999.0, 9999.0, 9999.0, 119.75, 123.25, 119.0, 103.0, 134.25
2023-04-06, 23:15:32, 131.5, 51.5, 19.25, 26.25, 9999.0, 1.0, 1.25, 19.5, 9999.0, 9999.0, 9999.0, 119.75, 123.25, 119.0, 102.75, 134.25
2023-04-06, 23:15:36, 131.5, 51.5, 19.0, 26.25, 9999.0, 1.0, 1.25, 19.5, 9999.0, 9999.0, 9999.0, 119.75, 123.25, 119.0, 103.0, 134.25
2023-04-06, 23:15:40, 131.5, 51.5, 19.0, 26.5, 9999.0, 1.0, 1.25, 19.5, 9999.0, 9999.0, 9999.0, 119.5, 123.25, 119.0, 103.0, 134.25
2023-04-06, 23:15:45, 131.5, 51.5, 19.25, 26.5, 9999.0, 1.0, 1.25, 19.5, 9999.0, 9999.0, 9999.0, 119.5, 123.25, 119.0, 102.75, 134.25
2023-04-06, 23:15:49, 131.5, 51.5, 19.0, 26.25, 9999.0, 1.25, 1.25, 19.75, 9999.0, 9999.0, 9999.0, 119.5, 123.25, 119.0, 102.75, 134.25
2023-04-06, 23:15:53, 131.5, 51.5, 19.0, 26.25, 9999.0, 1.25, 1.25, 19.5, 9999.0, 9999.0, 9999.0, 119.5, 123.25, 119.0, 103.0, 134.25
2023-04-06, 23:15:57, 131.5, 51.5, 19.0, 26.5, 9999.0, 1.25, 1.25, 19.5, 9999.0, 9999.0, 9999.0, 119.5, 123.25, 119.0, 102.75, 134.25
2023-04-06, 23:16:01, 131.5, 51.5, 19.25, 26.25, 9999.0, 1.25, 1.25, 19.75, 9999.0, 9999.0, 9999.0, 119.5, 123.25, 119.0, 102.75, 134.25
2023-04-06, 23:16:05, 131.5, 51.5, 19.25, 26.25, 9999.0, 1.25, 1.25, 19.75, 9999.0, 9999.0, 9999.0, 120.0, 123.25, 119.0, 102.75, 134.25
2023-04-06, 23:16:09, 131.5, 51.5, 19.25, 26.25, 9999.0, 1.25, 1.5, 19.5, 9999.0, 9999.0, 9999.0, 120.0, 123.25, 119.0, 102.75, 134.25
2023-04-06, 23:16:13, 131.5, 51.5, 19.25, 26.5, 9999.0, 1.25, 1.25, 19.5, 9999.0, 9999.0, 9999.0, 120.0, 123.25, 119.0, 102.75, 134.25
2023-04-06, 23:16:17, 131.5, 51.5, 19.25, 26.25, 9999.0, 1.25, 1.25, 19.5, 9999.0, 9999.0, 9999.0, 120.0, 123.25, 119.0, 102.75, 134.25
2023-04-06, 23:16:21, 131.5, 51.5, 19.25, 26.25, 9999.0, 1.25, 1.5, 19.5, 9999.0, 9999.0, 9999.0, 120.0, 123.25, 119.0, 102.75, 134.25
2023-04-06, 23:16:25, 131.5, 51.5, 19.25, 26.25, 9999.0, 1.25, 1.5, 19.5, 9999.0, 9999.0, 9999.0, 120.0, 123.25, 118.75, 102.75, 134.25
2023-04-06, 23:16:29, 131.5, 51.5, 19.25, 26.25, 9999.0, 1.25, 1.25, 19.5, 9999.0, 9999.0, 9999.0, 119.75, 123.25, 119.0, 102.75, 134.25
2023-04-06, 23:16:33, 131.5, 51.5, 19.0, 26.0, 9999.0, 1.25, 1.25, 19.5, 9999.0, 9999.0, 9999.0, 119.75, 123.25, 119.0, 102.75, 134.25
2023-04-06, 23:16:37, 131.5, 51.5, 19.0, 26.25, 9999.0, 1.25, 1.25, 19.5, 9999.0, 9999.0, 9999.0, 119.75, 123.25, 119.0, 102.75, 134.25
2023-04-06, 23:16:41, 131.5, 51.5, 19.0, 26.0, 9999.0, 1.0, 1.25, 19.5, 9999.0, 9999.0, 9999.0, 119.75, 123.5, 118.75, 102.75, 134.25
2023-04-06, 23:16:45, 131.5, 51.5, 19.25, 26.25, 9999.0, 1.0, 1.25, 19.5, 9999.0, 9999.0, 9999.0, 119.75, 123.5, 119.0, 102.75, 134.25
2023-04-06, 23:16:49, 131.5, 51.5, 19.25, 26.25, 9999.0, 1.0, 1.25, 19.75, 9999.0, 9999.0, 9999.0, 119.75, 123.25, 119.0, 102.75, 134.25
2023-04-06, 23:16:53, 131.5, 51.5, 19.25, 26.25, 9999.0, 1.0, 1.25, 19.5, 9999.0, 9999.0, 9999.0, 119.75, 123.25, 119.0, 102.75, 134.25
2023-04-06, 23:16:57, 131.5, 51.5, 19.0, 26.25, 9999.0, 1.0, 1.25, 19.5, 9999.0, 9999.0, 9999.0, 119.75, 123.25, 118.75, 102.75, 134.25
2023-04-06, 23:17:01, 131.5, 51.5, 19.0, 26.0, 9999.0, 1.0, 1.25, 19.5, 9999.0, 9999.0, 9999.0, 119.5, 123.25, 118.75, 103.0, 134.25
2023-04-06, 23:17:05, 131.5, 51.5, 19.0, 26.25, 9999.0, 1.0, 1.25, 19.75, 9999.0, 9999.0, 9999.0, 119.5, 123.25, 119.0, 103.0, 134.25
2023-04-06, 23:17:09, 131.5, 51.5, 19.25, 26.25, 9999.0, 1.0, 1.25, 19.5, 9999.0, 9999.0, 9999.0, 119.5, 123.25, 119.0, 102.75, 134.25
2023-04-06, 23:17:13, 131.5, 51.5, 19.0, 26.25, 9999.0, 1.25, 1.25, 19.5, 9999.0, 9999.0, 9999.0, 119.5, 123.25, 119.0, 103.0, 134.25
2023-04-06, 23:17:17, 131.5, 51.5, 19.25, 26.25, 9999.0, 1.25, 1.25, 19.5, 9999.0, 9999.0, 9999.0, 119.5, 123.25, 119.0, 103.0, 134.25
2023-04-06, 23:17:21, 131.5, 51.5, 19.0, 26.25, 9999.0, 1.25, 1.25, 19.5, 9999.0, 9999.0, 9999.0, 119.5, 123.25, 119.0, 102.75, 134.25
2023-04-06, 23:17:25, 131.5, 51.5, 19.25, 26.25, 9999.0, 1.25, 1.25, 19.5, 9999.0, 9999.0, 9999.0, 119.5, 123.25, 118.75, 102.75, 134.25
2023-04-06, 23:17:29, 131.5, 51.5, 19.25, 26.25, 9999.0, 1.25, 1.25, 19.5, 9999.0, 9999.0, 9999.0, 120.0, 123.25, 119.0, 102.75, 134.25
2023-04-06, 23:17:33, 131.5, 51.5, 19.25, 26.25, 9999.0, 1.25, 1.25, 19.5, 9999.0, 9999.0, 9999.0, 120.0, 123.25, 119.0, 102.75, 134.25
2023-04-06, 23:17:37, 131.5, 51.5, 19.0, 26.25, 9999.0, 1.25, 1.25, 19.75, 9999.0, 9999.0, 9999.0, 120.0, 123.25, 119.0, 102.75, 134.25
2023-04-06, 23:17:41, 131.5, 51.5, 19.0, 26.5, 9999.0, 1.25, 1.5, 19.75, 9999.0, 9999.0, 9999.0, 119.75, 123.25, 118.75, 102.75, 134.25
2023-04-06, 23:17:45, 131.5, 51.5, 19.0, 26.5, 9999.0, 1.25, 1.5, 19.5, 9999.0, 9999.0, 9999.0, 119.75, 123.25, 119.0, 103.0, 134.25
2023-04-06, 23:17:49, 131.5, 51.5, 19.0, 26.25, 9999.0, 1.25, 1.25, 19.5, 9999.0, 9999.0, 9999.0, 119.75, 123.25, 119.0, 102.75, 134.25
2023-04-06, 23:17:53, 131.5, 51.5, 19.25, 26.0, 9999.0, 1.0, 1.25, 19.5, 9999.0, 9999.0, 9999.0, 119.75, 123.25, 119.0, 102.75, 134.25
2023-04-06, 23:17:57, 131.5, 51.5, 19.0, 26.0, 9999.0, 1.25, 1.5, 19.5, 9999.0, 9999.0, 9999.0, 119.75, 123.5, 119.0, 102.75, 134.25
2023-04-06, 23:18:01, 131.5, 51.5, 19.25, 26.0, 9999.0, 1.0, 1.25, 19.5, 9999.0, 9999.0, 9999.0, 119.75, 123.5, 119.0, 103.0, 134.25
2023-04-06, 23:18:05, 131.5, 51.5, 19.25, 26.0, 9999.0, 1.0, 1.25, 19.5, 9999.0, 9999.0, 9999.0, 119.75, 123.5, 119.0, 103.0, 134.25
2023-04-06, 23:18:09, 131.5, 51.5, 19.25, 26.25, 9999.0, 1.0, 1.25, 19.5, 9999.0, 9999.0, 9999.0, 119.75, 123.5, 119.0, 103.0, 134.25
2023-04-06, 23:18:13, 131.5, 51.5, 19.25, 26.0, 9999.0, 1.0, 1.5, 19.5, 9999.0, 9999.0, 9999.0, 119.75, 123.25, 119.0, 103.0, 134.25
2023-04-06, 23:18:17, 131.5, 51.5, 19.0, 26.0, 9999.0, 1.0, 1.25, 19.5, 9999.0, 9999.0, 9999.0, 119.75, 123.25, 119.0, 102.75, 134.25
2023-04-06, 23:18:21, 131.5, 51.5, 19.0, 26.25, 9999.0, 1.0, 1.25, 19.75, 9999.0, 9999.0, 9999.0, 119.5, 123.25, 119.0, 102.75, 134.25
2023-04-06, 23:18:25, 131.5, 51.5, 19.0, 26.0, 9999.0, 1.0, 1.25, 19.5, 9999.0, 9999.0, 9999.0, 119.5, 123.25, 119.0, 102.75, 134.25
2023-04-06, 23:18:29, 131.5, 51.5, 19.25, 26.25, 9999.0, 1.0, 1.25, 19.5, 9999.0, 9999.0, 9999.0, 119.5, 123.25, 119.0, 103.0, 134.25
2023-04-06, 23:18:33, 131.5, 51.5, 19.25, 26.25, 9999.0, 1.25, 1.25, 19.5, 9999.0, 9999.0, 9999.0, 119.5, 123.25, 119.0, 102.75, 134.25
2023-04-06, 23:18:37, 131.5, 51.5, 19.25, 26.25, 9999.0, 1.25, 1.25, 19.5, 9999.0, 9999.0, 9999.0, 119.5, 123.25, 119.0, 102.75, 134.25
2023-04-06, 23:18:41, 131.5, 51.5, 19.25, 26.25, 9999.0, 1.25, 1.25, 19.75, 9999.0, 9999.0, 9999.0, 119.5, 123.25, 119.0, 102.75, 134.25
2023-04-06, 23:18:45, 131.5, 51.5, 19.25, 26.5, 9999.0, 1.5, 1.25, 19.75, 9999.0, 9999.0, 9999.0, 119.5, 123.25, 119.0, 102.75, 134.25
2023-04-06, 23:18:49, 131.5, 51.5, 19.25, 26.25, 9999.0, 1.25, 1.25, 19.75, 9999.0, 9999.0, 9999.0, 120.25, 123.25, 119.0, 102.75, 134.25
2023-04-06, 23:18:53, 131.5, 51.5, 19.25, 26.25, 9999.0, 1.25, 1.25, 19.5, 9999.0, 9999.0, 9999.0, 120.25, 123.25, 119.0, 102.75, 134.25
2023-04-06, 23:18:57, 131.5, 51.5, 19.25, 26.0, 9999.0, 1.25, 1.25, 19.75, 9999.0, 9999.0, 9999.0, 120.0, 123.25, 119.0, 102.75, 134.25
2023-04-06, 23:19:01, 131.5, 51.5, 19.25, 26.25, 9999.0, 1.25, 1.25, 19.5, 9999.0, 9999.0, 9999.0, 120.0, 123.25, 119.0, 102.75, 134.25
2023-04-06, 23:19:05, 131.5, 51.5, 19.25, 26.5, 9999.0, 1.25, 1.5, 19.75, 9999.0, 9999.0, 9999.0, 120.0, 123.25, 119.0, 102.75, 134.25
2023-04-06, 23:19:09, 131.5, 51.5, 19.25, 26.25, 9999.0, 1.25, 1.5, 19.75, 9999.0, 9999.0, 9999.0, 120.0, 123.25, 119.0, 102.75, 134.25
2023-04-06, 23:19:13, 131.5, 51.5, 19.25, 26.25, 9999.0, 1.25, 1.5, 19.5, 9999.0, 9999.0, 9999.0, 119.75, 123.25, 119.0, 102.75, 134.25
2023-04-06, 23:19:17, 131.5, 51.5, 19.25, 26.25, 9999.0, 1.25, 1.25, 19.75, 9999.0, 9999.0, 9999.0, 119.75, 123.25, 119.0, 102.75, 134.25
2023-04-06, 23:19:21, 131.5, 51.5, 19.25, 26.0, 9999.0, 1.25, 1.25, 19.5, 9999.0, 9999.0, 9999.0, 120.0, 123.5, 119.0, 102.75, 134.25
2023-04-06, 23:19:25, 131.5, 51.5, 19.25, 26.0, 9999.0, 1.25, 1.25, 19.5, 9999.0, 9999.0, 9999.0, 119.75, 123.25, 119.0, 102.75, 134.25
2023-04-06, 23:19:29, 131.5, 51.5, 19.25, 26.0, 9999.0, 1.0, 1.25, 19.5, 9999.0, 9999.0, 9999.0, 119.75, 123.25, 119.0, 102.75, 134.25
2023-04-06, 23:19:33, 131.5, 51.5, 19.25, 26.25, 9999.0, 1.0, 1.25, 19.75, 9999.0, 9999.0, 9999.0, 119.75, 123.25, 119.0, 102.75, 134.25
2023-04-06, 23:19:37, 131.5, 51.5, 19.25, 25.75, 9999.0, 1.0, 1.5, 19.5, 9999.0, 9999.0, 9999.0, 119.75, 123.25, 119.0, 102.75, 134.25
2023-04-06, 23:19:41, 131.5, 51.5, 19.25, 26.0, 9999.0, 1.0, 1.5, 19.75, 9999.0, 9999.0, 9999.0, 119.75, 123.25, 119.0, 102.75, 134.5
2023-04-06, 23:19:45, 131.5, 51.5, 19.25, 26.0, 9999.0, 1.0, 1.25, 19.75, 9999.0, 9999.0, 9999.0, 119.5, 123.25, 119.0, 103.0, 134.25
2023-04-06, 23:19:49, 131.5, 51.5, 19.25, 26.25, 9999.0, 1.0, 1.25, 19.5, 9999.0, 9999.0, 9999.0, 119.5, 123.25, 119.0, 102.75, 134.25
2023-04-06, 23:19:53, 131.5, 51.5, 19.25, 26.25, 9999.0, 1.25, 1.25, 19.75, 9999.0, 9999.0, 9999.0, 119.5, 123.25, 119.0, 103.0, 134.25
2023-04-06, 23:19:57, 131.5, 51.5, 19.25, 26.25, 9999.0, 1.25, 1.25, 19.75, 9999.0, 9999.0, 9999.0, 119.5, 123.25, 119.0, 103.0, 134.25
2023-04-06, 23:20:01, 131.5, 51.5, 19.25, 26.25, 9999.0, 1.25, 1.25, 19.5, 9999.0, 9999.0, 9999.0, 119.5, 123.25, 119.0, 103.0, 134.25
2023-04-06, 23:20:05, 131.5, 51.5, 19.0, 26.25, 9999.0, 1.25, 1.5, 19.75, 9999.0, 9999.0, 9999.0, 119.5, 123.25, 119.0, 103.0, 134.25
2023-04-06, 23:20:10, 131.5, 51.5, 19.25, 26.25, 9999.0, 1.25, 1.5, 19.75, 9999.0, 9999.0, 9999.0, 119.5, 123.25, 119.0, 103.0, 134.25
2023-04-06, 23:20:14, 131.5, 51.5, 19.25, 26.5, 9999.0, 1.25, 1.5, 19.75, 9999.0, 9999.0, 9999.0, 120.25, 123.25, 119.0, 103.0, 134.25
2023-04-06, 23:20:18, 131.5, 51.5, 19.25, 26.5, 9999.0, 1.25, 1.5, 19.75, 9999.0, 9999.0, 9999.0, 120.0, 123.25, 119.0, 103.0, 134.5
2023-04-06, 23:20:22, 131.5, 51.5, 19.25, 26.25, 9999.0, 1.25, 1.5, 19.75, 9999.0, 9999.0, 9999.0, 120.0, 123.25, 119.0, 103.0, 134.25
2023-04-06, 23:20:26, 131.75, 51.5, 19.25, 26.25, 9999.0, 1.25, 1.5, 19.75, 9999.0, 9999.0, 9999.0, 120.0, 123.25, 119.0, 103.0, 134.25
2023-04-06, 23:20:30, 131.5, 51.5, 19.25, 26.25, 9999.0, 1.25, 1.5, 19.75, 9999.0, 9999.0, 9999.0, 120.0, 123.25, 119.0, 103.0, 134.25
2023-04-06, 23:20:34, 131.5, 51.5, 19.25, 26.25, 9999.0, 1.25, 1.5, 19.75, 9999.0, 9999.0, 9999.0, 119.75, 123.25, 119.0, 103.0, 134.25
2023-04-06, 23:20:38, 131.5, 51.5, 19.25, 26.25, 9999.0, 1.25, 1.25, 19.75, 9999.0, 9999.0, 9999.0, 120.0, 123.25, 119.0, 102.75, 134.25
2023-04-06, 23:20:42, 131.75, 51.5, 19.25, 26.25, 9999.0, 1.25, 1.5, 19.75, 9999.0, 9999.0, 9999.0, 119.75, 123.5, 119.0, 103.0, 134.25
2023-04-06, 23:20:46, 131.75, 51.5, 19.25, 26.25, 9999.0, 1.25, 1.5, 19.5, 9999.0, 9999.0, 9999.0, 119.75, 123.25, 119.0, 103.0, 134.25
2023-04-06, 23:20:50, 131.75, 51.5, 19.5, 26.25, 9999.0, 1.25, 1.5, 19.75, 9999.0, 9999.0, 9999.0, 119.75, 123.5, 119.0, 103.0, 134.25
2023-04-06, 23:20:54, 131.75, 51.5, 19.25, 26.25, 9999.0, 1.25, 1.25, 19.75, 9999.0, 9999.0, 9999.0, 119.75, 123.5, 119.0, 103.0, 134.25
2023-04-06, 23:20:58, 131.5, 51.5, 19.25, 26.25, 9999.0, 1.0, 1.25, 19.75, 9999.0, 9999.0, 9999.0, 119.75, 123.5, 119.0, 103.0, 134.25
2023-04-06, 23:21:02, 131.5, 51.5, 19.25, 26.25, 9999.0, 1.25, 1.5, 19.75, 9999.0, 9999.0, 9999.0, 119.75, 123.25, 119.0, 103.0, 134.5
2023-04-06, 23:21:06, 131.75, 51.75, 19.5, 26.25, 9999.0, 1.0, 1.5, 19.75, 9999.0, 9999.0, 9999.0, 119.5, 123.25, 119.0, 103.0, 134.5
2023-04-06, 23:21:10, 131.75, 51.5, 19.25, 26.25, 9999.0, 1.0, 1.5, 19.75, 9999.0, 9999.0, 9999.0, 119.75, 123.25, 119.0, 103.0, 134.5
2023-04-06, 23:21:14, 131.5, 51.5, 19.25, 26.25, 9999.0, 1.0, 1.25, 19.75, 9999.0, 9999.0, 9999.0, 119.5, 123.25, 119.0, 103.0, 134.25
2023-04-06, 23:21:18, 131.75, 51.5, 19.25, 26.25, 9999.0, 1.25, 1.5, 19.75, 9999.0, 9999.0, 9999.0, 119.5, 123.25, 119.0, 103.0, 134.25
2023-04-06, 23:21:22, 131.75, 51.5, 19.25, 26.5, 9999.0, 1.25, 1.5, 19.75, 9999.0, 9999.0, 9999.0, 119.5, 123.25, 119.0, 103.0, 134.25
2023-04-06, 23:21:26, 131.75, 51.5, 19.25, 26.25, 9999.0, 1.25, 1.5, 19.75, 9999.0, 9999.0, 9999.0, 119.5, 123.25, 119.0, 103.0, 134.5
2023-04-06, 23:21:30, 131.75, 51.5, 19.25, 26.25, 9999.0, 1.5, 1.5, 19.75, 9999.0, 9999.0, 9999.0, 119.5, 123.25, 119.0, 103.0, 134.25
2023-04-06, 23:21:34, 131.75, 51.5, 19.25, 26.5, 9999.0, 1.5, 1.5, 19.75, 9999.0, 9999.0, 9999.0, 120.25, 123.25, 119.0, 103.0, 134.25
2023-04-06, 23:21:38, 131.5, 51.5, 19.25, 26.25, 9999.0, 1.25, 1.5, 19.75, 9999.0, 9999.0, 9999.0, 120.25, 123.25, 119.0, 103.0, 134.25
2023-04-06, 23:21:42, 131.75, 51.5, 19.25, 26.25, 9999.0, 1.5, 1.5, 19.75, 9999.0, 9999.0, 9999.0, 120.0, 123.25, 119.0, 103.0, 134.5
2023-04-06, 23:21:46, 131.75, 51.5, 19.25, 26.25, 9999.0, 1.25, 1.5, 19.75, 9999.0, 9999.0, 9999.0, 120.0, 123.25, 119.0, 103.0, 134.25
2023-04-06, 23:21:50, 131.75, 51.5, 19.25, 26.5, 9999.0, 1.25, 1.5, 19.75, 9999.0, 9999.0, 9999.0, 120.0, 123.25, 119.0, 103.0, 134.5
2023-04-06, 23:21:54, 131.75, 51.5, 19.25, 26.5, 9999.0, 1.25, 1.5, 19.75, 9999.0, 9999.0, 9999.0, 120.0, 123.25, 119.0, 103.0, 134.5
2023-04-06, 23:21:58, 131.75, 51.5, 19.25, 26.5, 9999.0, 1.25, 1.5, 19.75, 9999.0, 9999.0, 9999.0, 120.0, 123.25, 119.0, 103.0, 134.5
2023-04-06, 23:22:02, 131.75, 51.75, 19.25, 26.5, 9999.0, 1.25, 1.5, 19.75, 9999.0, 9999.0, 9999.0, 119.75, 123.25, 119.0, 103.0, 134.25
2023-04-06, 23:22:06, 131.75, 51.75, 19.25, 26.5, 9999.0, 1.25, 1.5, 19.75, 9999.0, 9999.0, 9999.0, 119.75, 123.5, 119.0, 103.0, 134.25
2023-04-06, 23:22:10, 131.75, 51.5, 19.25, 26.5, 9999.0, 1.25, 1.5, 19.75, 9999.0, 9999.0, 9999.0, 120.0, 123.5, 119.0, 103.0, 134.25
2023-04-06, 23:22:14, 131.75, 51.75, 19.25, 26.25, 9999.0, 1.25, 1.5, 19.75, 9999.0, 9999.0, 9999.0, 119.75, 123.5, 119.0, 103.0, 134.5
2023-04-06, 23:22:18, 131.75, 51.5, 19.25, 26.25, 9999.0, 1.25, 1.5, 19.75, 9999.0, 9999.0, 9999.0, 119.75, 123.5, 119.0, 103.0, 134.5
2023-04-06, 23:22:22, 131.75, 51.5, 19.25, 26.5, 9999.0, 1.25, 1.5, 19.75, 9999.0, 9999.0, 9999.0, 119.75, 123.5, 119.0, 103.0, 134.25
2023-04-06, 23:22:26, 131.75, 51.75, 19.25, 26.25, 9999.0, 1.25, 1.5, 19.75, 9999.0, 9999.0, 9999.0, 119.75, 123.5, 119.0, 103.0, 134.5
2023-04-06, 23:22:30, 131.75, 51.5, 19.25, 26.5, 9999.0, 1.25, 1.5, 19.75, 9999.0, 9999.0, 9999.0, 119.75, 123.5, 119.0, 103.0, 134.5
2023-04-06, 23:22:34, 131.75, 51.75, 19.25, 26.5, 9999.0, 1.25, 1.5, 19.75, 9999.0, 9999.0, 9999.0, 119.75, 123.25, 119.0, 103.0, 134.25
2023-04-06, 23:22:38, 131.75, 51.5, 19.25, 26.5, 9999.0, 1.25, 1.5, 19.75, 9999.0, 9999.0, 9999.0, 119.5, 123.5, 119.0, 103.0, 134.5
2023-04-06, 23:22:42, 131.75, 51.5, 19.25, 26.5, 9999.0, 1.25, 1.5, 19.75, 9999.0, 9999.0, 9999.0, 119.5, 123.25, 119.0, 103.0, 134.5
2023-04-06, 23:22:46, 131.75, 51.5, 19.25, 26.5, 9999.0, 1.25, 1.5, 19.75, 9999.0, 9999.0, 9999.0, 119.5, 123.5, 119.0, 103.0, 134.5
2023-04-06, 23:22:50, 131.75, 51.5, 19.25, 26.5, 9999.0, 1.5, 1.5, 19.75, 9999.0, 9999.0, 9999.0, 119.5, 123.5, 119.0, 103.0, 134.5
2023-04-06, 23:22:54, 131.75, 51.75, 19.25, 26.5, 9999.0, 1.5, 1.5, 19.75, 9999.0, 9999.0, 9999.0, 119.5, 123.5, 119.0, 103.0, 134.5
2023-04-06, 23:22:58, 131.75, 51.5, 19.5, 26.5, 9999.0, 1.5, 1.5, 19.75, 9999.0, 9999.0, 9999.0, 120.25, 123.5, 119.0, 103.0, 134.5
2023-04-06, 23:23:02, 131.75, 51.75, 19.5, 26.5, 9999.0, 1.5, 1.5, 19.75, 9999.0, 9999.0, 9999.0, 120.25, 123.5, 119.0, 103.0, 134.5
2023-04-06, 23:23:06, 131.75, 51.5, 19.5, 26.5, 9999.0, 1.5, 1.5, 19.75, 9999.0, 9999.0, 9999.0, 120.25, 123.5, 119.0, 103.0, 134.5
2023-04-06, 23:23:10, 131.75, 51.5, 19.25, 26.5, 9999.0, 1.25, 1.5, 19.75, 9999.0, 9999.0, 9999.0, 120.0, 123.25, 119.0, 103.0, 134.5
2023-04-06, 23:23:14, 131.75, 51.5, 19.25, 26.5, 9999.0, 1.25, 1.5, 19.75, 9999.0, 9999.0, 9999.0, 120.0, 123.25, 119.0, 103.0, 134.5
2023-04-06, 23:23:18, 131.75, 51.75, 19.25, 26.5, 9999.0, 1.25, 1.5, 19.75, 9999.0, 9999.0, 9999.0, 120.0, 123.5, 119.0, 103.0, 134.5
2023-04-06, 23:23:22, 131.75, 51.75, 19.25, 26.5, 9999.0, 1.25, 1.5, 19.75, 9999.0, 9999.0, 9999.0, 120.0, 123.5, 119.0, 103.0, 134.5
2023-04-06, 23:23:26, 131.75, 51.5, 19.25, 26.5, 9999.0, 1.25, 1.5, 19.75, 9999.0, 9999.0, 9999.0, 120.0, 123.5, 119.0, 103.0, 134.5
2023-04-06, 23:23:30, 131.75, 51.75, 19.25, 26.25, 9999.0, 1.25, 1.5, 19.75, 9999.0, 9999.0, 9999.0, 120.0, 123.75, 119.0, 103.0, 134.5
2023-04-06, 23:23:34, 131.75, 51.75, 19.25, 26.5, 9999.0, 1.25, 1.5, 19.75, 9999.0, 9999.0, 9999.0, 120.0, 123.5, 119.0, 103.0, 134.5
2023-04-06, 23:23:38, 131.75, 51.5, 19.5, 26.5, 9999.0, 1.25, 1.5, 19.75, 9999.0, 9999.0, 9999.0, 119.75, 123.5, 119.0, 103.0, 134.5
2023-04-06, 23:23:42, 131.75, 51.75, 19.5, 26.25, 9999.0, 1.25, 1.5, 19.75, 9999.0, 9999.0, 9999.0, 119.75, 123.75, 119.0, 103.0, 134.5
2023-04-06, 23:23:46, 131.75, 51.75, 19.5, 26.5, 9999.0, 1.25, 1.5, 19.75, 9999.0, 9999.0, 9999.0, 119.75, 123.5, 119.0, 103.0, 134.5
2023-04-06, 23:23:50, 131.75, 51.5, 19.5, 26.25, 9999.0, 1.25, 1.5, 19.75, 9999.0, 9999.0, 9999.0, 119.75, 123.5, 119.0, 103.0, 134.5
2023-04-06, 23:23:54, 131.75, 51.75, 19.5, 26.25, 9999.0, 1.25, 1.5, 19.75, 9999.0, 9999.0, 9999.0, 119.75, 123.5, 119.0, 103.0, 134.5
2023-04-06, 23:23:58, 131.75, 51.75, 19.5, 26.25, 9999.0, 1.25, 1.5, 19.75, 9999.0, 9999.0, 9999.0, 119.75, 123.5, 119.0, 103.0, 134.5
2023-04-06, 23:24:02, 131.75, 51.5, 19.5, 26.25, 9999.0, 1.25, 1.5, 19.75, 9999.0, 9999.0, 9999.0, 119.5, 123.5, 119.0, 103.0, 134.5
2023-04-06, 23:24:06, 131.75, 51.75, 19.25, 26.5, 9999.0, 1.25, 1.5, 19.75, 9999.0, 9999.0, 9999.0, 119.5, 123.5, 119.0, 103.0, 134.5
2023-04-06, 23:24:10, 131.75, 51.75, 19.25, 26.5, 9999.0, 1.5, 1.5, 19.75, 9999.0, 9999.0, 9999.0, 119.5, 123.5, 119.0, 103.0, 134.5
2023-04-06, 23:24:14, 131.75, 51.75, 19.25, 26.5, 9999.0, 1.5, 1.5, 19.75, 9999.0, 9999.0, 9999.0, 119.5, 123.5, 119.0, 103.0, 134.5
2023-04-06, 23:24:18, 131.75, 51.75, 19.25, 26.5, 9999.0, 1.5, 1.5, 19.75, 9999.0, 9999.0, 9999.0, 120.25, 123.5, 119.0, 103.0, 134.5
2023-04-06, 23:24:22, 131.75, 51.75, 19.25, 26.5, 9999.0, 1.5, 1.5, 19.75, 9999.0, 9999.0, 9999.0, 120.25, 123.5, 119.0, 103.0, 134.5
2023-04-06, 23:24:26, 131.75, 51.75, 19.25, 26.5, 9999.0, 1.25, 1.5, 19.75, 9999.0, 9999.0, 9999.0, 120.25, 123.5, 119.0, 103.0, 134.5
2023-04-06, 23:24:30, 131.75, 51.75, 19.25, 26.5, 9999.0, 1.25, 1.5, 19.75, 9999.0, 9999.0, 9999.0, 120.0, 123.5, 119.0, 103.0, 134.5
2023-04-06, 23:24:35, 131.75, 51.75, 19.25, 26.5, 9999.0, 1.25, 1.5, 19.75, 9999.0, 9999.0, 9999.0, 120.0, 123.5, 119.0, 103.0, 134.5
2023-04-06, 23:24:39, 131.75, 51.5, 19.25, 26.75, 9999.0, 1.5, 1.5, 19.75, 9999.0, 9999.0, 9999.0, 120.0, 123.5, 119.0, 103.0, 134.5
2023-04-06, 23:24:43, 131.75, 51.75, 19.5, 26.5, 9999.0, 1.25, 1.5, 19.75, 9999.0, 9999.0, 9999.0, 120.0, 123.25, 119.0, 103.0, 134.5
2023-04-06, 23:24:47, 131.75, 51.75, 19.25, 26.5, 9999.0, 1.25, 1.5, 19.75, 9999.0, 9999.0, 9999.0, 120.0, 123.5, 119.0, 103.0, 134.5
2023-04-06, 23:24:51, 131.75, 51.75, 19.25, 26.5, 9999.0, 1.25, 1.5, 19.75, 9999.0, 9999.0, 9999.0, 120.0, 123.5, 119.0, 103.0, 134.5
2023-04-06, 23:24:55, 131.75, 51.75, 19.25, 26.5, 9999.0, 1.25, 1.5, 19.75, 9999.0, 9999.0, 9999.0, 120.0, 123.5, 119.0, 103.0, 134.5
2023-04-06, 23:24:59, 131.75, 51.75, 19.5, 26.75, 9999.0, 1.25, 1.5, 19.75, 9999.0, 9999.0, 9999.0, 120.0, 123.5, 119.0, 103.0, 134.5
2023-04-06, 23:25:03, 131.75, 51.75, 19.5, 26.75, 9999.0, 1.25, 1.5, 19.75, 9999.0, 9999.0, 9999.0, 119.75, 123.5, 119.0, 103.0, 134.5
2023-04-06, 23:25:07, 131.75, 51.75, 19.25, 26.5, 9999.0, 1.25, 1.5, 19.75, 9999.0, 9999.0, 9999.0, 119.75, 123.5, 119.0, 103.0, 134.5
2023-04-06, 23:25:11, 131.75, 51.75, 19.25, 26.5, 9999.0, 1.25, 1.5, 19.75, 9999.0, 9999.0, 9999.0, 119.75, 123.5, 119.0, 103.0, 134.5
2023-04-06, 23:25:15, 131.75, 51.75, 19.5, 26.5, 9999.0, 1.25, 1.5, 19.75, 9999.0, 9999.0, 9999.0, 119.75, 123.5, 119.0, 103.0, 134.5
2023-04-06, 23:25:19, 131.75, 51.75, 19.25, 26.5, 9999.0, 1.25, 1.5, 19.75, 9999.0, 9999.0, 9999.0, 119.75, 123.5, 119.0, 103.0, 134.5
2023-04-06, 23:25:23, 131.75, 51.75, 19.25, 26.5, 9999.0, 1.5, 1.5, 19.75, 9999.0, 9999.0, 9999.0, 119.75, 123.5, 119.0, 103.0, 134.5
2023-04-06, 23:25:27, 131.75, 51.75, 19.25, 26.5, 9999.0, 1.5, 1.5, 19.75, 9999.0, 9999.0, 9999.0, 119.75, 123.5, 119.0, 103.0, 134.5
2023-04-06, 23:25:31, 131.75, 51.5, 19.5, 26.5, 9999.0, 1.25, 1.5, 19.75, 9999.0, 9999.0, 9999.0, 119.5, 123.5, 119.0, 103.0, 134.5
2023-04-06, 23:25:35, 131.75, 51.75, 19.25, 26.5, 9999.0, 1.5, 1.5, 19.75, 9999.0, 9999.0, 9999.0, 119.5, 123.5, 119.0, 103.0, 134.5
2023-04-06, 23:25:39, 131.75, 51.5, 19.25, 26.5, 9999.0, 1.5, 1.5, 19.75, 9999.0, 9999.0, 9999.0, 120.25, 123.5, 119.0, 103.0, 134.5
2023-04-06, 23:25:43, 131.75, 51.5, 19.25, 26.5, 9999.0, 1.5, 1.5, 19.75, 9999.0, 9999.0, 9999.0, 120.25, 123.5, 119.0, 103.0, 134.5
2023-04-06, 23:25:47, 131.75, 51.75, 19.25, 26.5, 9999.0, 1.5, 1.5, 19.75, 9999.0, 9999.0, 9999.0, 120.25, 123.5, 119.0, 103.0, 134.5
2023-04-06, 23:25:51, 131.75, 51.75, 19.5, 26.5, 9999.0, 1.5, 1.5, 19.75, 9999.0, 9999.0, 9999.0, 120.25, 123.5, 119.0, 103.0, 134.5
2023-04-06, 23:25:55, 131.75, 51.75, 19.5, 26.5, 9999.0, 1.5, 1.5, 19.75, 9999.0, 9999.0, 9999.0, 120.25, 123.25, 119.0, 103.0, 134.5
2023-04-06, 23:25:59, 131.75, 51.75, 19.25, 26.5, 9999.0, 1.5, 1.75, 19.75, 9999.0, 9999.0, 9999.0, 120.0, 123.25, 119.0, 103.0, 134.5
2023-04-06, 23:26:03, 132.0, 51.75, 19.25, 26.5, 9999.0, 1.25, 1.5, 19.75, 9999.0, 9999.0, 9999.0, 120.0, 123.25, 119.0, 103.0, 134.5
2023-04-06, 23:26:07, 131.75, 51.75, 19.25, 26.5, 9999.0, 1.25, 1.5, 19.75, 9999.0, 9999.0, 9999.0, 120.0, 123.25, 119.0, 103.0, 134.5
2023-04-06, 23:26:11, 131.75, 51.75, 19.5, 26.75, 9999.0, 1.25, 1.5, 19.75, 9999.0, 9999.0, 9999.0, 120.0, 123.5, 119.0, 103.0, 134.5
2023-04-06, 23:26:15, 131.75, 51.5, 19.5, 26.5, 9999.0, 1.25, 1.5, 19.75, 9999.0, 9999.0, 9999.0, 120.0, 123.5, 119.0, 103.0, 134.5
2023-04-06, 23:26:19, 131.75, 51.75, 19.5, 26.5, 9999.0, 1.25, 1.5, 19.75, 9999.0, 9999.0, 9999.0, 120.0, 123.5, 119.0, 103.0, 134.5
2023-04-06, 23:26:23, 131.75, 51.75, 19.5, 26.5, 9999.0, 1.25, 1.5, 19.75, 9999.0, 9999.0, 9999.0, 120.0, 123.5, 119.0, 103.0, 134.5
2023-04-06, 23:26:27, 131.75, 51.75, 19.25, 26.5, 9999.0, 1.25, 1.5, 19.75, 9999.0, 9999.0, 9999.0, 119.75, 123.5, 119.0, 103.0, 134.5
2023-04-06, 23:26:31, 131.75, 51.75, 19.5, 26.5, 9999.0, 1.25, 1.5, 19.75, 9999.0, 9999.0, 9999.0, 119.75, 123.5, 119.0, 103.0, 134.5
2023-04-06, 23:26:35, 131.75, 51.75, 19.25, 26.5, 9999.0, 1.25, 1.5, 19.75, 9999.0, 9999.0, 9999.0, 119.75, 123.5, 119.0, 103.0, 134.5
2023-04-06, 23:26:39, 131.75, 51.75, 19.5, 26.25, 9999.0, 1.25, 1.5, 19.75, 9999.0, 9999.0, 9999.0, 119.75, 123.5, 119.0, 103.0, 134.5
2023-04-06, 23:26:43, 131.75, 51.75, 19.5, 26.25, 9999.0, 1.25, 1.5, 19.75, 9999.0, 9999.0, 9999.0, 119.75, 123.5, 119.0, 103.0, 134.5
2023-04-06, 23:26:47, 132.0, 51.75, 19.5, 26.5, 9999.0, 1.5, 1.5, 19.75, 9999.0, 9999.0, 9999.0, 119.75, 123.5, 119.0, 103.0, 134.5
2023-04-06, 23:26:51, 132.0, 51.75, 19.5, 26.25, 9999.0, 1.25, 1.5, 19.75, 9999.0, 9999.0, 9999.0, 119.75, 123.5, 119.0, 103.0, 134.5
2023-04-06, 23:26:55, 131.75, 51.75, 19.25, 26.25, 9999.0, 1.5, 1.5, 19.75, 9999.0, 9999.0, 9999.0, 119.75, 123.5, 119.0, 103.0, 134.5
2023-04-06, 23:26:59, 132.0, 51.75, 19.5, 26.5, 9999.0, 1.5, 1.5, 19.75, 9999.0, 9999.0, 9999.0, 119.5, 123.5, 119.0, 103.0, 134.5
2023-04-06, 23:27:03, 131.75, 51.75, 19.5, 26.5, 9999.0, 1.5, 1.5, 19.75, 9999.0, 9999.0, 9999.0, 120.25, 123.5, 119.0, 103.0, 134.5
2023-04-06, 23:27:07, 131.75, 51.75, 19.5, 26.5, 9999.0, 1.5, 1.5, 19.75, 9999.0, 9999.0, 9999.0, 120.25, 123.5, 119.0, 103.0, 134.5
2023-04-06, 23:27:11, 131.75, 51.75, 19.5, 26.5, 9999.0, 1.5, 1.5, 19.75, 9999.0, 9999.0, 9999.0, 120.25, 123.5, 119.0, 103.0, 134.5
2023-04-06, 23:27:15, 131.75, 51.75, 19.5, 26.5, 9999.0, 1.5, 1.75, 19.75, 9999.0, 9999.0, 9999.0, 120.25, 123.5, 119.0, 103.0, 134.5
2023-04-06, 23:27:19, 132.0, 51.75, 19.5, 26.5, 9999.0, 1.5, 1.5, 19.75, 9999.0, 9999.0, 9999.0, 120.25, 123.5, 119.0, 103.0, 134.5
2023-04-06, 23:27:23, 131.75, 51.75, 19.25, 26.25, 9999.0, 1.25, 1.5, 19.75, 9999.0, 9999.0, 9999.0, 120.0, 123.5, 119.0, 103.0, 134.5
2023-04-06, 23:27:27, 131.75, 51.75, 19.25, 26.25, 9999.0, 1.25, 1.5, 19.75, 9999.0, 9999.0, 9999.0, 120.0, 123.25, 119.0, 103.0, 134.5
2023-04-06, 23:27:31, 131.75, 51.75, 19.5, 26.25, 9999.0, 1.25, 1.5, 19.75, 9999.0, 9999.0, 9999.0, 120.0, 123.5, 119.0, 103.0, 134.5
2023-04-06, 23:27:35, 131.75, 51.75, 19.25, 26.25, 9999.0, 1.25, 1.5, 19.75, 9999.0, 9999.0, 9999.0, 120.0, 123.5, 119.0, 103.0, 134.5
2023-04-06, 23:27:39, 131.75, 51.75, 19.25, 26.5, 9999.0, 1.25, 1.5, 19.5, 9999.0, 9999.0, 9999.0, 120.0, 123.5, 119.0, 103.0, 134.5
2023-04-06, 23:27:43, 131.75, 51.75, 19.25, 26.5, 9999.0, 1.25, 1.5, 19.75, 9999.0, 9999.0, 9999.0, 119.75, 123.5, 119.0, 103.0, 134.5
2023-04-06, 23:27:47, 131.75, 51.75, 19.25, 26.25, 9999.0, 1.25, 1.5, 19.75, 9999.0, 9999.0, 9999.0, 119.75, 123.5, 119.0, 103.0, 134.5
2023-04-06, 23:27:51, 131.75, 51.75, 19.25, 26.25, 9999.0, 1.25, 1.5, 19.75, 9999.0, 9999.0, 9999.0, 119.75, 123.5, 119.0, 103.0, 134.5
2023-04-06, 23:27:55, 131.75, 51.75, 19.5, 26.25, 9999.0, 1.25, 1.5, 19.75, 9999.0, 9999.0, 9999.0, 119.75, 123.5, 119.0, 103.0, 134.5
2023-04-06, 23:27:59, 131.75, 51.75, 19.5, 26.5, 9999.0, 1.25, 1.5, 19.75, 9999.0, 9999.0, 9999.0, 119.75, 123.5, 119.0, 103.0, 134.5
2023-04-06, 23:28:03, 131.75, 51.75, 19.5, 26.5, 9999.0, 1.25, 1.5, 19.75, 9999.0, 9999.0, 9999.0, 119.75, 123.5, 119.0, 103.0, 134.5
2023-04-06, 23:28:07, 131.75, 51.75, 19.5, 26.5, 9999.0, 1.25, 1.5, 19.75, 9999.0, 9999.0, 9999.0, 119.75, 123.5, 119.0, 103.0, 134.5
2023-04-06, 23:28:11, 131.75, 51.75, 19.25, 26.5, 9999.0, 1.25, 1.5, 19.75, 9999.0, 9999.0, 9999.0, 119.75, 123.5, 119.0, 103.0, 134.5
2023-04-06, 23:28:15, 131.75, 51.75, 19.5, 26.5, 9999.0, 1.5, 1.5, 19.75, 9999.0, 9999.0, 9999.0, 119.75, 123.5, 119.0, 103.0, 134.5
2023-04-06, 23:28:19, 131.75, 51.75, 19.5, 26.5, 9999.0, 1.5, 1.5, 19.75, 9999.0, 9999.0, 9999.0, 119.5, 123.5, 119.0, 103.0, 134.5
2023-04-06, 23:28:23, 131.75, 51.75, 19.5, 26.5, 9999.0, 1.5, 1.5, 19.75, 9999.0, 9999.0, 9999.0, 119.5, 123.5, 119.0, 103.0, 134.5
2023-04-06, 23:28:27, 131.75, 51.75, 19.25, 26.25, 9999.0, 1.5, 1.5, 19.75, 9999.0, 9999.0, 9999.0, 120.25, 123.5, 119.0, 103.0, 134.5
2023-04-06, 23:28:31, 131.75, 51.75, 19.25, 26.5, 9999.0, 1.5, 1.5, 19.75, 9999.0, 9999.0, 9999.0, 120.25, 123.5, 119.0, 103.0, 134.5
2023-04-06, 23:28:35, 131.75, 51.75, 19.25, 26.5, 9999.0, 1.5, 1.5, 19.75, 9999.0, 9999.0, 9999.0, 120.25, 123.5, 119.0, 103.0, 134.5
2023-04-06, 23:28:39, 131.75, 51.75, 19.5, 26.25, 9999.0, 1.5, 1.75, 19.75, 9999.0, 9999.0, 9999.0, 120.25, 123.5, 119.0, 103.0, 134.5
2023-04-06, 23:28:43, 131.75, 51.75, 19.5, 26.5, 9999.0, 1.5, 1.5, 19.75, 9999.0, 9999.0, 9999.0, 120.25, 123.5, 119.0, 103.0, 134.5
2023-04-06, 23:28:47, 131.75, 51.75, 19.25, 26.5, 9999.0, 1.5, 1.5, 19.75, 9999.0, 9999.0, 9999.0, 120.0, 123.5, 119.0, 103.0, 134.5
2023-04-06, 23:28:51, 131.75, 51.75, 19.25, 26.5, 9999.0, 1.25, 1.5, 19.75, 9999.0, 9999.0, 9999.0, 120.0, 123.5, 119.0, 103.0, 134.5
2023-04-06, 23:28:55, 131.75, 51.75, 19.25, 26.5, 9999.0, 1.25, 1.5, 19.75, 9999.0, 9999.0, 9999.0, 120.0, 123.5, 119.0, 103.0, 134.5
2023-04-06, 23:29:00, 131.75, 51.75, 19.25, 26.5, 9999.0, 1.25, 1.5, 19.75, 9999.0, 9999.0, 9999.0, 120.0, 123.5, 119.0, 103.0, 134.5
2023-04-06, 23:29:04, 131.75, 51.75, 19.25, 26.25, 9999.0, 1.25, 1.5, 19.75, 9999.0, 9999.0, 9999.0, 120.0, 123.75, 119.0, 103.0, 134.5
2023-04-06, 23:29:08, 131.75, 51.75, 19.25, 26.25, 9999.0, 1.25, 1.5, 19.75, 9999.0, 9999.0, 9999.0, 120.0, 123.5, 119.0, 103.0, 134.5
2023-04-06, 23:29:12, 131.75, 51.75, 19.25, 26.25, 9999.0, 1.25, 1.5, 19.75, 9999.0, 9999.0, 9999.0, 119.75, 123.75, 119.0, 103.0, 134.5
2023-04-06, 23:29:16, 131.75, 51.75, 19.25, 26.25, 9999.0, 1.25, 1.5, 19.75, 9999.0, 9999.0, 9999.0, 119.75, 123.5, 119.0, 103.0, 134.5
2023-04-06, 23:29:20, 132.0, 51.75, 19.5, 26.5, 9999.0, 1.25, 1.5, 19.75, 9999.0, 9999.0, 9999.0, 119.75, 123.5, 119.0, 103.0, 134.5
2023-04-06, 23:29:24, 131.75, 51.75, 19.5, 26.5, 9999.0, 1.25, 1.5, 19.75, 9999.0, 9999.0, 9999.0, 119.75, 123.5, 119.0, 103.0, 134.5
2023-04-06, 23:29:28, 132.0, 51.75, 19.25, 26.25, 9999.0, 1.25, 1.5, 19.75, 9999.0, 9999.0, 9999.0, 119.75, 123.5, 119.0, 103.0, 134.5
2023-04-06, 23:29:32, 131.75, 51.75, 19.5, 26.5, 9999.0, 1.5, 1.5, 19.75, 9999.0, 9999.0, 9999.0, 119.75, 123.5, 119.0, 103.0, 134.5
2023-04-06, 23:29:36, 131.75, 51.75, 19.25, 26.5, 9999.0, 1.25, 1.5, 19.75, 9999.0, 9999.0, 9999.0, 119.75, 123.5, 119.0, 103.0, 134.5
2023-04-06, 23:29:40, 131.75, 51.75, 19.25, 26.5, 9999.0, 1.5, 1.5, 19.75, 9999.0, 9999.0, 9999.0, 119.75, 123.5, 119.0, 103.0, 134.5
2023-04-06, 23:29:44, 131.75, 51.75, 19.25, 26.25, 9999.0, 1.5, 1.5, 19.75, 9999.0, 9999.0, 9999.0, 119.5, 123.5, 119.0, 103.0, 134.5
2023-04-06, 23:29:48, 131.75, 51.5, 19.5, 26.25, 9999.0, 1.5, 1.5, 19.75, 9999.0, 9999.0, 9999.0, 120.25, 123.5, 119.0, 103.0, 134.5
2023-04-06, 23:29:52, 131.75, 51.75, 19.25, 26.5, 9999.0, 1.5, 1.5, 20.0, 9999.0, 9999.0, 9999.0, 120.25, 123.5, 119.0, 103.0, 134.5
2023-04-06, 23:29:56, 131.75, 51.75, 19.25, 26.5, 9999.0, 1.5, 1.5, 19.75, 9999.0, 9999.0, 9999.0, 120.25, 123.5, 119.0, 103.0, 134.5
2023-04-06, 23:30:00, 131.75, 51.75, 19.5, 26.5, 9999.0, 1.5, 1.5, 19.75, 9999.0, 9999.0, 9999.0, 120.25, 123.5, 119.0, 103.0, 134.5
2023-04-06, 23:30:04, 131.75, 51.75, 19.25, 26.25, 9999.0, 1.5, 1.5, 19.75, 9999.0, 9999.0, 9999.0, 120.0, 123.5, 119.0, 103.0, 134.5
2023-04-06, 23:30:08, 131.75, 51.75, 19.25, 26.5, 9999.0, 1.5, 1.5, 19.75, 9999.0, 9999.0, 9999.0, 120.0, 123.5, 119.0, 103.0, 134.5
2023-04-06, 23:30:12, 131.75, 51.75, 19.25, 26.5, 9999.0, 1.5, 1.5, 19.75, 9999.0, 9999.0, 9999.0, 120.0, 123.5, 119.0, 103.0, 134.5
2023-04-06, 23:30:16, 131.75, 51.75, 19.5, 26.5, 9999.0, 1.5, 1.5, 19.75, 9999.0, 9999.0, 9999.0, 120.0, 123.5, 119.0, 103.0, 134.5
2023-04-06, 23:30:20, 131.75, 51.75, 19.25, 26.25, 9999.0, 1.25, 1.5, 19.75, 9999.0, 9999.0, 9999.0, 120.0, 123.5, 119.0, 103.0, 134.5
2023-04-06, 23:30:24, 131.75, 51.75, 19.25, 26.5, 9999.0, 1.25, 1.5, 19.75, 9999.0, 9999.0, 9999.0, 120.0, 123.5, 119.0, 103.0, 134.5
2023-04-06, 23:30:28, 131.75, 51.75, 19.25, 26.5, 9999.0, 1.25, 1.5, 19.75, 9999.0, 9999.0, 9999.0, 120.0, 123.5, 119.0, 103.0, 134.5
2023-04-06, 23:30:32, 131.75, 51.75, 19.5, 26.25, 9999.0, 1.25, 1.5, 19.75, 9999.0, 9999.0, 9999.0, 119.75, 123.5, 119.0, 103.0, 134.5
2023-04-06, 23:30:36, 131.75, 51.75, 19.5, 26.5, 9999.0, 1.25, 1.5, 19.75, 9999.0, 9999.0, 9999.0, 119.75, 123.5, 119.0, 103.0, 134.5
2023-04-06, 23:30:40, 131.75, 51.75, 19.25, 26.5, 9999.0, 1.25, 1.5, 19.75, 9999.0, 9999.0, 9999.0, 119.75, 123.5, 119.0, 103.0, 134.5
2023-04-06, 23:30:48, 131.75, 51.75, 19.5, 26.5, 9999.0, 1.25, 1.5, 19.75, 9999.0, 9999.0, 9999.0, 119.75, 123.5, 119.0, 103.0, 134.5
2023-04-06, 23:30:49, 131.75, 51.75, 19.5, 26.5, 9999.0, 1.25, 1.5, 19.75, 9999.0, 9999.0, 9999.0, 119.75, 123.5, 119.0, 103.0, 134.5
2023-04-06, 23:30:52, 131.75, 51.75, 19.5, 26.5, 9999.0, 1.25, 1.5, 19.75, 9999.0, 9999.0, 9999.0, 119.75, 123.5, 119.0, 103.0, 134.5
2023-04-06, 23:30:56, 131.75, 51.75, 19.25, 26.5, 9999.0, 1.25, 1.5, 19.75, 9999.0, 9999.0, 9999.0, 119.5, 123.5, 119.0, 103.0, 134.5
2023-04-06, 23:31:00, 131.75, 51.75, 19.25, 26.5, 9999.0, 1.25, 1.5, 19.75, 9999.0, 9999.0, 9999.0, 119.5, 123.5, 119.0, 103.0, 134.5
2023-04-06, 23:31:04, 131.75, 51.75, 19.25, 26.5, 9999.0, 1.5, 1.5, 20.0, 9999.0, 9999.0, 9999.0, 119.5, 123.5, 119.0, 103.0, 134.5
2023-04-06, 23:31:08, 131.75, 51.75, 19.25, 26.75, 9999.0, 1.5, 1.5, 19.75, 9999.0, 9999.0, 9999.0, 119.5, 123.5, 119.0, 103.0, 134.5
2023-04-06, 23:31:12, 132.0, 51.75, 19.5, 26.5, 9999.0, 1.5, 1.5, 19.75, 9999.0, 9999.0, 9999.0, 120.25, 123.25, 119.0, 103.0, 134.5
2023-04-06, 23:31:16, 131.75, 51.75, 19.5, 26.5, 9999.0, 1.5, 1.5, 19.75, 9999.0, 9999.0, 9999.0, 120.25, 123.5, 119.0, 103.0, 134.5
2023-04-06, 23:31:20, 131.75, 51.75, 19.25, 26.25, 9999.0, 1.5, 1.5, 19.75, 9999.0, 9999.0, 9999.0, 120.25, 123.5, 119.0, 103.0, 134.5
2023-04-06, 23:31:24, 131.75, 51.75, 19.5, 26.25, 9999.0, 1.5, 1.5, 19.75, 9999.0, 9999.0, 9999.0, 120.25, 123.5, 119.0, 103.0, 134.5
2023-04-06, 23:31:28, 131.75, 51.75, 19.25, 26.5, 9999.0, 1.5, 1.5, 19.75, 9999.0, 9999.0, 9999.0, 120.0, 123.5, 119.0, 103.0, 134.5
2023-04-06, 23:31:32, 131.75, 51.75, 19.25, 26.25, 9999.0, 1.5, 1.5, 19.75, 9999.0, 9999.0, 9999.0, 120.0, 123.5, 119.0, 103.0, 134.5
2023-04-06, 23:31:36, 131.75, 51.75, 19.25, 26.25, 9999.0, 1.5, 1.75, 19.75, 9999.0, 9999.0, 9999.0, 120.0, 123.5, 119.0, 103.0, 134.5
2023-04-06, 23:31:40, 131.75, 51.75, 19.25, 26.5, 9999.0, 1.25, 1.5, 19.75, 9999.0, 9999.0, 9999.0, 120.0, 123.25, 119.0, 103.0, 134.5
2023-04-06, 23:31:44, 131.75, 51.75, 19.5, 26.5, 9999.0, 1.25, 1.5, 19.75, 9999.0, 9999.0, 9999.0, 120.0, 123.75, 119.0, 103.0, 134.5
2023-04-06, 23:31:48, 132.0, 51.75, 19.5, 26.5, 9999.0, 1.25, 1.5, 19.75, 9999.0, 9999.0, 9999.0, 120.0, 123.5, 119.0, 103.0, 134.5
2023-04-06, 23:31:52, 131.75, 51.75, 19.5, 26.5, 9999.0, 1.25, 1.5, 19.75, 9999.0, 9999.0, 9999.0, 120.0, 123.5, 119.0, 103.0, 134.5
2023-04-06, 23:31:56, 131.75, 51.75, 19.5, 26.5, 9999.0, 1.25, 1.5, 19.75, 9999.0, 9999.0, 9999.0, 119.75, 123.5, 119.0, 103.0, 134.5
2023-04-06, 23:32:00, 131.75, 51.75, 19.5, 26.5, 9999.0, 1.25, 1.5, 19.75, 9999.0, 9999.0, 9999.0, 119.75, 123.5, 119.0, 103.0, 134.5
2023-04-06, 23:32:04, 131.75, 51.75, 19.5, 26.25, 9999.0, 1.25, 1.5, 19.75, 9999.0, 9999.0, 9999.0, 119.75, 123.5, 119.0, 103.0, 134.5
2023-04-06, 23:32:08, 131.75, 51.75, 19.25, 26.25, 9999.0, 1.25, 1.5, 19.75, 9999.0, 9999.0, 9999.0, 119.75, 123.5, 119.0, 103.0, 134.5
2023-04-06, 23:32:12, 131.75, 51.75, 19.5, 26.5, 9999.0, 1.25, 1.5, 19.75, 9999.0, 9999.0, 9999.0, 119.75, 123.5, 119.0, 103.0, 134.5
2023-04-06, 23:32:16, 131.75, 51.75, 19.25, 26.5, 9999.0, 1.5, 1.5, 19.75, 9999.0, 9999.0, 9999.0, 119.75, 123.5, 119.0, 103.0, 134.5
2023-04-06, 23:32:20, 131.75, 51.75, 19.25, 26.5, 9999.0, 1.5, 1.5, 19.75, 9999.0, 9999.0, 9999.0, 119.75, 123.5, 119.0, 103.0, 134.5
2023-04-06, 23:32:24, 131.75, 51.75, 19.5, 26.5, 9999.0, 1.5, 1.5, 19.75, 9999.0, 9999.0, 9999.0, 119.75, 123.5, 119.0, 103.0, 134.5
2023-04-06, 23:32:28, 132.0, 51.75, 19.25, 26.5, 9999.0, 1.5, 1.5, 19.75, 9999.0, 9999.0, 9999.0, 119.5, 123.5, 119.0, 103.0, 134.5
2023-04-06, 23:32:32, 132.0, 51.75, 19.25, 26.25, 9999.0, 1.5, 1.5, 19.75, 9999.0, 9999.0, 9999.0, 119.5, 123.5, 119.0, 103.0, 134.5
2023-04-06, 23:32:36, 131.75, 51.75, 19.25, 26.25, 9999.0, 1.5, 1.5, 19.75, 9999.0, 9999.0, 9999.0, 120.25, 123.5, 119.0, 103.0, 134.5
2023-04-06, 23:32:40, 131.75, 51.75, 19.25, 26.25, 9999.0, 1.5, 1.5, 19.75, 9999.0, 9999.0, 9999.0, 120.25, 123.5, 119.0, 103.0, 134.5
2023-04-06, 23:32:44, 132.0, 51.75, 19.5, 26.25, 9999.0, 1.5, 1.5, 19.75, 9999.0, 9999.0, 9999.0, 120.25, 123.5, 119.0, 103.0, 134.5
2023-04-06, 23:32:48, 131.75, 51.75, 19.25, 26.25, 9999.0, 1.5, 1.75, 19.75, 9999.0, 9999.0, 9999.0, 120.0, 123.5, 119.0, 103.0, 134.5
2023-04-06, 23:32:52, 132.0, 51.75, 19.5, 26.5, 9999.0, 1.5, 1.5, 19.75, 9999.0, 9999.0, 9999.0, 120.0, 123.5, 119.0, 103.0, 134.5
2023-04-06, 23:32:56, 131.75, 51.75, 19.5, 26.5, 9999.0, 1.5, 1.5, 19.75, 9999.0, 9999.0, 9999.0, 120.0, 123.5, 119.0, 103.0, 134.5
2023-04-06, 23:33:00, 131.75, 51.75, 19.5, 26.25, 9999.0, 1.5, 1.5, 19.75, 9999.0, 9999.0, 9999.0, 120.0, 123.5, 119.0, 103.0, 134.5
2023-04-06, 23:33:04, 132.0, 51.75, 19.5, 26.5, 9999.0, 1.5, 1.75, 19.75, 9999.0, 9999.0, 9999.0, 120.0, 123.5, 119.0, 103.0, 134.5
2023-04-06, 23:33:08, 132.0, 51.75, 19.25, 26.5, 9999.0, 1.5, 1.75, 19.75, 9999.0, 9999.0, 9999.0, 120.0, 123.5, 119.0, 103.0, 134.5
2023-04-06, 23:33:12, 132.0, 51.75, 19.25, 26.5, 9999.0, 1.25, 1.75, 19.75, 9999.0, 9999.0, 9999.0, 120.0, 123.5, 119.0, 103.0, 134.5
2023-04-06, 23:33:16, 132.0, 51.75, 19.5, 26.5, 9999.0, 1.25, 1.5, 19.75, 9999.0, 9999.0, 9999.0, 120.0, 123.75, 119.0, 103.0, 134.5
2023-04-06, 23:33:20, 132.0, 51.75, 19.5, 26.25, 9999.0, 1.25, 1.5, 19.75, 9999.0, 9999.0, 9999.0, 119.75, 123.5, 119.0, 103.0, 134.5
2023-04-06, 23:33:24, 132.0, 51.75, 19.25, 26.5, 9999.0, 1.25, 1.75, 19.75, 9999.0, 9999.0, 9999.0, 119.75, 123.5, 119.0, 103.0, 134.5
2023-04-06, 23:33:29, 131.75, 51.75, 19.25, 26.5, 9999.0, 1.25, 1.5, 19.75, 9999.0, 9999.0, 9999.0, 119.75, 123.5, 118.75, 103.0, 134.5
2023-04-06, 23:33:33, 132.0, 51.75, 19.25, 26.5, 9999.0, 1.25, 1.5, 19.75, 9999.0, 9999.0, 9999.0, 119.75, 123.5, 118.75, 103.0, 134.5
2023-04-06, 23:33:37, 132.0, 51.75, 19.25, 26.5, 9999.0, 1.25, 1.5, 19.75, 9999.0, 9999.0, 9999.0, 119.75, 123.5, 119.0, 103.0, 134.5
2023-04-06, 23:33:41, 132.0, 51.75, 19.25, 26.25, 9999.0, 1.5, 1.5, 19.75, 9999.0, 9999.0, 9999.0, 119.75, 123.5, 119.0, 103.0, 134.5
2023-04-06, 23:33:45, 131.75, 51.75, 19.25, 26.0, 9999.0, 1.5, 1.5, 19.75, 9999.0, 9999.0, 9999.0, 119.75, 123.5, 119.0, 103.0, 134.5
2023-04-06, 23:33:49, 132.0, 51.75, 19.25, 26.25, 9999.0, 1.5, 1.5, 20.0, 9999.0, 9999.0, 9999.0, 119.75, 123.5, 119.0, 103.0, 134.5
2023-04-06, 23:33:53, 132.0, 51.75, 19.5, 26.25, 9999.0, 1.75, 1.5, 20.0, 9999.0, 9999.0, 9999.0, 119.5, 123.5, 119.0, 103.0, 134.5
2023-04-06, 23:33:57, 131.75, 51.75, 19.5, 26.25, 9999.0, 1.5, 1.75, 19.75, 9999.0, 9999.0, 9999.0, 120.25, 123.5, 119.0, 102.75, 134.5
2023-04-06, 23:34:01, 131.75, 51.75, 19.25, 26.25, 9999.0, 1.5, 1.75, 19.75, 9999.0, 9999.0, 9999.0, 120.25, 123.25, 119.0, 103.0, 134.5
2023-04-06, 23:34:05, 132.0, 51.75, 19.25, 26.5, 9999.0, 1.5, 1.5, 19.75, 9999.0, 9999.0, 9999.0, 120.25, 123.5, 119.0, 103.0, 134.5
2023-04-06, 23:34:09, 131.75, 51.75, 19.5, 26.5, 9999.0, 1.5, 1.75, 20.0, 9999.0, 9999.0, 9999.0, 120.0, 123.5, 119.0, 103.0, 134.5
2023-04-06, 23:34:13, 131.75, 51.75, 19.25, 26.5, 9999.0, 1.5, 1.75, 19.75, 9999.0, 9999.0, 9999.0, 120.0, 123.5, 119.0, 102.75, 134.5
2023-04-06, 23:34:17, 131.75, 51.75, 19.25, 26.5, 9999.0, 1.5, 1.5, 19.75, 9999.0, 9999.0, 9999.0, 120.0, 123.5, 119.0, 103.0, 134.5
2023-04-06, 23:34:21, 131.75, 51.75, 19.5, 26.5, 9999.0, 1.5, 1.5, 19.75, 9999.0, 9999.0, 9999.0, 120.0, 123.25, 119.0, 103.0, 134.5
2023-04-06, 23:34:25, 132.0, 51.75, 19.25, 26.5, 9999.0, 1.5, 1.5, 19.75, 9999.0, 9999.0, 9999.0, 119.75, 123.25, 119.0, 102.75, 134.5
2023-04-06, 23:34:29, 131.75, 51.75, 19.25, 26.5, 9999.0, 1.25, 1.5, 19.75, 9999.0, 9999.0, 9999.0, 120.0, 123.75, 119.0, 103.0, 134.5
2023-04-06, 23:34:33, 132.0, 51.75, 19.25, 26.5, 9999.0, 1.25, 1.5, 19.75, 9999.0, 9999.0, 9999.0, 120.0, 123.75, 119.0, 103.0, 134.5
2023-04-06, 23:34:37, 132.0, 51.75, 19.25, 26.25, 9999.0, 1.25, 1.5, 19.75, 9999.0, 9999.0, 9999.0, 120.0, 123.5, 118.75, 103.0, 134.5
2023-04-06, 23:34:41, 131.75, 51.75, 19.25, 26.25, 9999.0, 1.25, 1.5, 20.0, 9999.0, 9999.0, 9999.0, 120.0, 123.75, 119.0, 103.0, 134.5
2023-04-06, 23:34:45, 131.75, 51.75, 19.25, 26.5, 9999.0, 1.25, 1.5, 20.0, 9999.0, 9999.0, 9999.0, 119.75, 123.5, 119.0, 103.0, 134.5
2023-04-06, 23:34:49, 131.75, 51.75, 19.25, 26.5, 9999.0, 1.25, 1.5, 19.75, 9999.0, 9999.0, 9999.0, 119.75, 123.5, 119.0, 103.0, 134.5
2023-04-06, 23:34:53, 132.0, 51.75, 19.25, 26.5, 9999.0, 1.25, 1.5, 19.75, 9999.0, 9999.0, 9999.0, 119.75, 123.5, 119.0, 103.0, 134.5
2023-04-06, 23:34:57, 132.0, 51.75, 19.25, 26.5, 9999.0, 1.25, 1.5, 19.75, 9999.0, 9999.0, 9999.0, 119.75, 123.5, 119.0, 103.0, 134.5
2023-04-06, 23:35:01, 131.75, 51.75, 19.25, 26.5, 9999.0, 1.5, 1.5, 19.75, 9999.0, 9999.0, 9999.0, 119.75, 123.5, 119.0, 103.0, 134.5
2023-04-06, 23:35:05, 131.75, 51.75, 19.25, 26.5, 9999.0, 1.5, 1.5, 19.75, 9999.0, 9999.0, 9999.0, 119.5, 123.5, 119.0, 103.0, 134.5
2023-04-06, 23:35:09, 131.75, 51.75, 19.5, 26.5, 9999.0, 1.5, 1.5, 19.75, 9999.0, 9999.0, 9999.0, 119.5, 123.5, 119.0, 102.75, 134.5
2023-04-06, 23:35:13, 131.75, 51.75, 19.25, 26.25, 9999.0, 1.5, 1.5, 19.75, 9999.0, 9999.0, 9999.0, 119.5, 123.5, 119.0, 103.0, 134.5
2023-04-06, 23:35:17, 131.75, 51.75, 19.25, 26.5, 9999.0, 1.5, 1.5, 19.75, 9999.0, 9999.0, 9999.0, 119.5, 123.5, 119.0, 103.0, 134.5
2023-04-06, 23:35:21, 131.75, 51.75, 19.25, 26.25, 9999.0, 1.5, 1.75, 19.75, 9999.0, 9999.0, 9999.0, 120.25, 123.5, 119.0, 103.0, 134.5
2023-04-06, 23:35:25, 131.75, 51.75, 19.25, 26.25, 9999.0, 1.5, 1.5, 19.75, 9999.0, 9999.0, 9999.0, 120.25, 123.5, 119.0, 103.0, 134.5
2023-04-06, 23:35:29, 132.0, 51.75, 19.25, 26.25, 9999.0, 1.5, 1.5, 19.75, 9999.0, 9999.0, 9999.0, 120.25, 123.5, 119.0, 103.0, 134.5
2023-04-06, 23:35:33, 132.0, 51.75, 19.5, 26.5, 9999.0, 1.5, 1.5, 19.75, 9999.0, 9999.0, 9999.0, 120.25, 123.5, 119.0, 103.0, 134.5
2023-04-06, 23:35:37, 132.0, 51.75, 19.5, 26.25, 9999.0, 1.5, 1.5, 19.75, 9999.0, 9999.0, 9999.0, 120.0, 123.5, 119.0, 103.0, 134.5
2023-04-06, 23:35:41, 131.75, 51.75, 19.25, 26.0, 9999.0, 1.25, 1.5, 19.75, 9999.0, 9999.0, 9999.0, 120.25, 123.5, 119.0, 103.0, 134.5
2023-04-06, 23:35:45, 131.75, 51.75, 19.25, 26.25, 9999.0, 1.25, 1.75, 19.75, 9999.0, 9999.0, 9999.0, 120.0, 123.5, 119.0, 103.0, 134.5
2023-04-06, 23:35:49, 131.75, 51.75, 19.25, 26.5, 9999.0, 1.25, 1.5, 19.75, 9999.0, 9999.0, 9999.0, 120.0, 123.5, 119.0, 103.0, 134.5
2023-04-06, 23:35:53, 131.75, 51.75, 19.25, 26.25, 9999.0, 1.25, 1.5, 19.75, 9999.0, 9999.0, 9999.0, 120.0, 123.75, 119.0, 103.0, 134.5
2023-04-06, 23:35:57, 131.75, 51.75, 19.25, 26.5, 9999.0, 1.25, 1.5, 19.75, 9999.0, 9999.0, 9999.0, 120.0, 123.5, 119.0, 103.0, 134.5
2023-04-06, 23:36:01, 131.75, 51.75, 19.25, 26.5, 9999.0, 1.25, 1.5, 19.75, 9999.0, 9999.0, 9999.0, 120.0, 123.5, 119.0, 103.0, 134.5
2023-04-06, 23:36:05, 131.75, 51.75, 19.25, 26.5, 9999.0, 1.25, 1.5, 19.75, 9999.0, 9999.0, 9999.0, 119.75, 123.5, 119.0, 103.0, 134.5
2023-04-06, 23:36:09, 132.0, 51.75, 19.5, 26.5, 9999.0, 1.25, 1.5, 19.75, 9999.0, 9999.0, 9999.0, 120.0, 123.5, 119.0, 103.0, 134.5
2023-04-06, 23:36:13, 131.75, 51.75, 19.5, 26.5, 9999.0, 1.25, 1.5, 19.75, 9999.0, 9999.0, 9999.0, 119.75, 123.5, 119.0, 103.0, 134.5
2023-04-06, 23:36:17, 131.75, 51.75, 19.5, 26.5, 9999.0, 1.25, 1.5, 20.0, 9999.0, 9999.0, 9999.0, 119.75, 123.5, 119.0, 103.0, 134.5
2023-04-06, 23:36:21, 131.75, 51.75, 19.5, 26.5, 9999.0, 1.25, 1.5, 19.75, 9999.0, 9999.0, 9999.0, 119.75, 123.5, 119.0, 103.0, 134.5
2023-04-06, 23:36:25, 131.75, 51.5, 19.25, 26.5, 9999.0, 1.5, 1.5, 19.75, 9999.0, 9999.0, 9999.0, 119.75, 123.5, 119.0, 103.0, 134.5
2023-04-06, 23:36:29, 132.0, 51.75, 19.25, 26.5, 9999.0, 1.25, 1.5, 19.75, 9999.0, 9999.0, 9999.0, 119.75, 123.5, 119.0, 103.0, 134.5
2023-04-06, 23:36:33, 131.75, 51.75, 19.25, 26.5, 9999.0, 1.5, 1.5, 19.75, 9999.0, 9999.0, 9999.0, 119.5, 123.5, 119.0, 103.0, 134.5
2023-04-06, 23:36:37, 131.75, 51.75, 19.5, 26.5, 9999.0, 1.5, 1.75, 19.75, 9999.0, 9999.0, 9999.0, 119.5, 123.5, 119.0, 102.75, 134.5
2023-04-06, 23:36:41, 131.75, 51.75, 19.25, 26.5, 9999.0, 1.5, 1.5, 19.75, 9999.0, 9999.0, 9999.0, 120.25, 123.5, 119.0, 102.75, 134.5
2023-04-06, 23:36:45, 131.75, 51.75, 19.25, 26.75, 9999.0, 1.5, 1.5, 19.75, 9999.0, 9999.0, 9999.0, 120.25, 123.5, 119.0, 103.0, 134.5
2023-04-06, 23:36:49, 131.75, 51.75, 19.25, 26.5, 9999.0, 1.5, 1.5, 19.75, 9999.0, 9999.0, 9999.0, 120.25, 123.5, 119.0, 103.0, 134.5
2023-04-06, 23:36:53, 131.75, 51.75, 19.25, 26.5, 9999.0, 1.5, 1.5, 19.75, 9999.0, 9999.0, 9999.0, 120.25, 123.5, 119.0, 103.0, 134.5
2023-04-06, 23:36:57, 131.75, 51.75, 19.25, 26.5, 9999.0, 1.5, 1.75, 19.75, 9999.0, 9999.0, 9999.0, 120.0, 123.5, 119.0, 103.0, 134.5
2023-04-06, 23:37:01, 131.75, 51.75, 19.25, 26.5, 9999.0, 1.5, 1.75, 19.75, 9999.0, 9999.0, 9999.0, 120.0, 123.5, 119.0, 102.75, 134.5
2023-04-06, 23:37:05, 131.75, 51.75, 19.5, 26.5, 9999.0, 1.5, 1.75, 19.75, 9999.0, 9999.0, 9999.0, 119.75, 123.5, 119.0, 103.0, 134.5
2023-04-06, 23:37:09, 131.75, 51.75, 19.5, 26.5, 9999.0, 1.5, 1.5, 19.75, 9999.0, 9999.0, 9999.0, 120.0, 123.5, 119.0, 103.0, 134.5
2023-04-06, 23:37:13, 131.75, 51.75, 19.5, 26.5, 9999.0, 1.25, 1.5, 19.75, 9999.0, 9999.0, 9999.0, 120.0, 123.75, 119.0, 103.0, 134.5
2023-04-06, 23:37:17, 132.0, 51.75, 19.25, 26.5, 9999.0, 1.25, 1.5, 19.75, 9999.0, 9999.0, 9999.0, 120.0, 123.5, 119.0, 103.0, 134.5
2023-04-06, 23:37:21, 131.75, 51.75, 19.25, 26.5, 9999.0, 1.25, 1.5, 19.75, 9999.0, 9999.0, 9999.0, 119.75, 123.75, 119.0, 103.0, 134.5
2023-04-06, 23:37:25, 132.0, 51.75, 19.25, 26.25, 9999.0, 1.25, 1.5, 19.75, 9999.0, 9999.0, 9999.0, 119.75, 123.75, 119.0, 103.0, 134.5
2023-04-06, 23:37:29, 132.0, 51.75, 19.5, 26.5, 9999.0, 1.25, 1.75, 19.75, 9999.0, 9999.0, 9999.0, 119.75, 123.75, 119.0, 103.0, 134.5
2023-04-06, 23:37:33, 131.75, 51.75, 19.25, 26.25, 9999.0, 1.25, 1.5, 19.75, 9999.0, 9999.0, 9999.0, 119.75, 123.5, 119.0, 103.0, 134.5
2023-04-06, 23:37:37, 132.0, 51.75, 19.25, 26.5, 9999.0, 1.25, 1.5, 19.75, 9999.0, 9999.0, 9999.0, 119.75, 123.5, 118.75, 103.0, 134.5
2023-04-06, 23:37:41, 131.75, 51.75, 19.25, 26.5, 9999.0, 1.25, 1.5, 19.75, 9999.0, 9999.0, 9999.0, 119.75, 123.5, 119.0, 103.0, 134.5
2023-04-06, 23:37:45, 132.0, 51.75, 19.25, 26.5, 9999.0, 1.5, 1.5, 19.75, 9999.0, 9999.0, 9999.0, 119.75, 123.5, 119.0, 103.0, 134.5
2023-04-06, 23:37:49, 131.75, 51.75, 19.25, 26.25, 9999.0, 1.5, 1.5, 19.75, 9999.0, 9999.0, 9999.0, 119.5, 123.5, 119.0, 102.75, 134.5
2023-04-06, 23:37:54, 132.0, 51.75, 19.25, 26.5, 9999.0, 1.5, 1.5, 19.75, 9999.0, 9999.0, 9999.0, 119.5, 123.5, 119.0, 103.0, 134.5
2023-04-06, 23:37:58, 131.75, 51.75, 19.5, 26.5, 9999.0, 1.5, 1.5, 19.75, 9999.0, 9999.0, 9999.0, 119.5, 123.5, 119.0, 102.75, 134.5
2023-04-06, 23:38:02, 131.75, 51.75, 19.25, 26.5, 9999.0, 1.5, 1.5, 19.75, 9999.0, 9999.0, 9999.0, 120.25, 123.5, 119.0, 103.0, 134.5
2023-04-06, 23:38:06, 132.0, 51.75, 19.25, 26.5, 9999.0, 1.5, 1.5, 19.75, 9999.0, 9999.0, 9999.0, 120.25, 123.5, 119.0, 102.75, 134.5
2023-04-06, 23:38:10, 131.75, 51.75, 19.5, 26.5, 9999.0, 1.5, 1.75, 19.75, 9999.0, 9999.0, 9999.0, 120.25, 123.5, 119.0, 103.0, 134.5
2023-04-06, 23:38:14, 131.75, 51.75, 19.5, 26.25, 9999.0, 1.5, 1.5, 19.75, 9999.0, 9999.0, 9999.0, 120.25, 123.5, 119.0, 102.75, 134.5
2023-04-06, 23:38:18, 131.75, 51.75, 19.25, 26.5, 9999.0, 1.5, 1.5, 19.75, 9999.0, 9999.0, 9999.0, 120.0, 123.5, 118.75, 102.75, 134.5
2023-04-06, 23:38:22, 131.75, 51.75, 19.5, 26.5, 9999.0, 1.5, 1.5, 19.75, 9999.0, 9999.0, 9999.0, 120.0, 123.25, 119.0, 103.0, 134.5
2023-04-06, 23:38:26, 131.75, 51.75, 19.25, 26.5, 9999.0, 1.5, 1.75, 19.75, 9999.0, 9999.0, 9999.0, 120.0, 123.5, 119.0, 103.0, 134.5
2023-04-06, 23:38:30, 131.75, 51.75, 19.25, 26.5, 9999.0, 1.5, 1.5, 19.75, 9999.0, 9999.0, 9999.0, 120.0, 123.5, 119.0, 102.75, 134.5
2023-04-06, 23:38:34, 131.75, 51.75, 19.25, 26.5, 9999.0, 1.25, 1.5, 19.75, 9999.0, 9999.0, 9999.0, 120.0, 123.75, 119.0, 102.75, 134.5
2023-04-06, 23:38:38, 131.75, 51.75, 19.25, 26.5, 9999.0, 1.25, 1.5, 19.75, 9999.0, 9999.0, 9999.0, 120.0, 123.5, 119.0, 103.0, 134.5
2023-04-06, 23:38:42, 131.75, 51.5, 19.25, 26.5, 9999.0, 1.25, 1.5, 19.75, 9999.0, 9999.0, 9999.0, 120.0, 123.5, 119.0, 103.0, 134.5
2023-04-06, 23:38:46, 131.75, 51.75, 19.5, 26.5, 9999.0, 1.25, 1.5, 19.75, 9999.0, 9999.0, 9999.0, 119.75, 123.75, 119.0, 103.0, 134.5
2023-04-06, 23:38:50, 131.75, 51.5, 19.25, 26.5, 9999.0, 1.25, 1.5, 19.75, 9999.0, 9999.0, 9999.0, 119.75, 123.75, 119.0, 102.75, 134.5
2023-04-06, 23:38:54, 131.75, 51.75, 19.25, 26.5, 9999.0, 1.25, 1.5, 19.75, 9999.0, 9999.0, 9999.0, 119.75, 123.75, 119.0, 103.0, 134.5
2023-04-06, 23:38:58, 131.75, 51.75, 19.5, 26.5, 9999.0, 1.25, 1.5, 19.75, 9999.0, 9999.0, 9999.0, 119.75, 123.75, 119.0, 103.0, 134.5
2023-04-06, 23:39:02, 131.75, 51.75, 19.5, 26.5, 9999.0, 1.25, 1.5, 19.75, 9999.0, 9999.0, 9999.0, 119.75, 123.5, 119.0, 103.0, 134.5
2023-04-06, 23:39:06, 131.75, 51.5, 19.5, 26.5, 9999.0, 1.25, 1.5, 19.75, 9999.0, 9999.0, 9999.0, 119.75, 123.5, 119.0, 103.0, 134.5
2023-04-06, 23:39:10, 131.75, 51.75, 19.5, 26.5, 9999.0, 1.5, 1.5, 19.75, 9999.0, 9999.0, 9999.0, 119.75, 123.5, 119.0, 103.0, 134.5
2023-04-06, 23:39:14, 131.75, 51.5, 19.25, 26.5, 9999.0, 1.25, 1.5, 19.75, 9999.0, 9999.0, 9999.0, 119.5, 123.5, 119.0, 103.0, 134.5
2023-04-06, 23:39:18, 131.75, 51.5, 19.5, 26.25, 9999.0, 1.5, 1.5, 19.75, 9999.0, 9999.0, 9999.0, 119.5, 123.5, 119.0, 103.0, 134.5
2023-04-06, 23:39:22, 131.75, 51.5, 19.25, 26.25, 9999.0, 1.5, 1.75, 19.75, 9999.0, 9999.0, 9999.0, 119.5, 123.5, 119.0, 102.75, 134.5
2023-04-06, 23:39:26, 131.75, 51.5, 19.25, 26.25, 9999.0, 1.5, 1.5, 19.75, 9999.0, 9999.0, 9999.0, 120.25, 123.5, 119.0, 103.0, 134.5
2023-04-06, 23:39:30, 131.75, 51.75, 19.25, 26.25, 9999.0, 1.5, 1.5, 19.75, 9999.0, 9999.0, 9999.0, 120.25, 123.5, 119.0, 103.0, 134.5
2023-04-06, 23:39:34, 131.75, 51.75, 19.25, 26.5, 9999.0, 1.5, 1.5, 19.75, 9999.0, 9999.0, 9999.0, 120.25, 123.5, 119.0, 103.0, 134.5
2023-04-06, 23:39:38, 131.75, 51.5, 19.25, 26.5, 9999.0, 1.5, 1.5, 19.75, 9999.0, 9999.0, 9999.0, 120.0, 123.25, 119.0, 102.75, 134.25
2023-04-06, 23:39:42, 131.75, 51.75, 19.5, 26.5, 9999.0, 1.25, 1.5, 19.75, 9999.0, 9999.0, 9999.0, 120.0, 123.25, 119.0, 102.75, 134.5
2023-04-06, 23:39:46, 131.75, 51.75, 19.5, 26.25, 9999.0, 1.25, 1.5, 19.75, 9999.0, 9999.0, 9999.0, 120.0, 123.5, 119.0, 102.75, 134.5
2023-04-06, 23:39:50, 132.0, 51.75, 19.25, 26.25, 9999.0, 1.25, 1.5, 19.75, 9999.0, 9999.0, 9999.0, 120.0, 123.25, 119.0, 102.75, 134.5
2023-04-06, 23:39:54, 131.75, 51.5, 19.25, 26.25, 9999.0, 1.25, 1.5, 19.75, 9999.0, 9999.0, 9999.0, 119.75, 123.25, 119.0, 102.75, 134.5
2023-04-06, 23:39:58, 131.75, 51.75, 19.25, 26.25, 9999.0, 1.25, 1.5, 19.75, 9999.0, 9999.0, 9999.0, 120.0, 123.5, 119.0, 102.75, 134.5
2023-04-06, 23:40:02, 131.75, 51.75, 19.25, 26.5, 9999.0, 1.25, 1.5, 19.75, 9999.0, 9999.0, 9999.0, 120.0, 123.5, 119.0, 102.75, 134.5
2023-04-06, 23:40:06, 131.75, 51.75, 19.25, 26.25, 9999.0, 1.25, 1.5, 19.75, 9999.0, 9999.0, 9999.0, 119.75, 123.5, 119.0, 102.75, 134.5
2023-04-06, 23:40:10, 131.75, 51.75, 19.25, 26.25, 9999.0, 1.25, 1.5, 19.75, 9999.0, 9999.0, 9999.0, 119.75, 123.5, 119.0, 102.75, 134.5
2023-04-06, 23:40:14, 131.75, 51.75, 19.25, 26.25, 9999.0, 1.25, 1.5, 19.75, 9999.0, 9999.0, 9999.0, 119.75, 123.5, 119.0, 102.75, 134.5
2023-04-06, 23:40:18, 131.75, 51.75, 19.25, 26.5, 9999.0, 1.25, 1.5, 19.75, 9999.0, 9999.0, 9999.0, 119.75, 123.5, 119.0, 102.75, 134.5
2023-04-06, 23:40:22, 131.75, 51.5, 19.25, 26.5, 9999.0, 1.25, 1.5, 19.75, 9999.0, 9999.0, 9999.0, 119.75, 123.5, 119.0, 102.75, 134.5
2023-04-06, 23:40:26, 131.75, 51.75, 19.25, 26.5, 9999.0, 1.25, 1.5, 19.75, 9999.0, 9999.0, 9999.0, 119.75, 123.5, 119.0, 102.75, 134.5
2023-04-06, 23:40:30, 131.75, 51.5, 19.25, 26.5, 9999.0, 1.25, 1.5, 19.75, 9999.0, 9999.0, 9999.0, 119.75, 123.5, 119.0, 102.75, 134.5
2023-04-06, 23:40:34, 131.75, 51.5, 19.25, 26.5, 9999.0, 1.25, 1.5, 19.75, 9999.0, 9999.0, 9999.0, 119.5, 123.5, 119.0, 102.75, 134.5
2023-04-06, 23:40:38, 131.75, 51.5, 19.25, 26.5, 9999.0, 1.25, 1.5, 19.75, 9999.0, 9999.0, 9999.0, 119.5, 123.5, 119.0, 102.75, 134.5
2023-04-06, 23:40:42, 131.75, 51.5, 19.25, 26.5, 9999.0, 1.5, 1.5, 19.75, 9999.0, 9999.0, 9999.0, 119.5, 123.5, 119.0, 102.75, 134.5
2023-04-06, 23:40:46, 131.75, 51.5, 19.25, 26.5, 9999.0, 1.5, 1.5, 19.75, 9999.0, 9999.0, 9999.0, 119.5, 123.5, 119.0, 102.75, 134.5
2023-04-06, 23:40:50, 131.75, 51.5, 19.25, 26.5, 9999.0, 1.5, 1.5, 19.75, 9999.0, 9999.0, 9999.0, 120.25, 123.5, 119.0, 102.75, 134.25
2023-04-06, 23:40:54, 131.75, 51.5, 19.25, 26.5, 9999.0, 1.5, 1.5, 19.75, 9999.0, 9999.0, 9999.0, 120.25, 123.5, 119.0, 102.75, 134.5
2023-04-06, 23:40:58, 131.75, 51.5, 19.25, 26.5, 9999.0, 1.5, 1.5, 19.75, 9999.0, 9999.0, 9999.0, 120.0, 123.5, 119.0, 103.0, 134.5
2023-04-06, 23:41:02, 131.75, 51.5, 19.25, 26.5, 9999.0, 1.25, 1.5, 19.75, 9999.0, 9999.0, 9999.0, 120.0, 123.5, 119.0, 103.0, 134.5
2023-04-06, 23:41:06, 131.75, 51.75, 19.25, 26.5, 9999.0, 1.25, 1.5, 19.75, 9999.0, 9999.0, 9999.0, 120.0, 123.5, 119.0, 103.0, 134.5
2023-04-06, 23:41:10, 131.75, 51.5, 19.25, 26.5, 9999.0, 1.25, 1.5, 19.75, 9999.0, 9999.0, 9999.0, 120.0, 123.5, 119.0, 102.75, 134.5
2023-04-06, 23:41:14, 131.75, 51.75, 19.25, 26.5, 9999.0, 1.25, 1.5, 19.75, 9999.0, 9999.0, 9999.0, 119.75, 123.5, 119.0, 103.0, 134.5
2023-04-06, 23:41:18, 131.75, 51.5, 19.5, 26.25, 9999.0, 1.25, 1.5, 19.75, 9999.0, 9999.0, 9999.0, 120.0, 123.75, 119.0, 103.0, 134.5
2023-04-06, 23:41:22, 131.75, 51.75, 19.25, 26.0, 9999.0, 1.25, 1.5, 19.75, 9999.0, 9999.0, 9999.0, 120.0, 123.75, 119.0, 103.0, 134.5
2023-04-06, 23:41:26, 131.75, 51.5, 19.25, 26.25, 9999.0, 1.25, 1.5, 19.75, 9999.0, 9999.0, 9999.0, 120.0, 123.75, 119.0, 102.75, 134.5
2023-04-06, 23:41:30, 131.75, 51.75, 19.25, 26.25, 9999.0, 1.25, 1.5, 19.75, 9999.0, 9999.0, 9999.0, 119.75, 123.75, 119.0, 103.0, 134.5
2023-04-06, 23:41:34, 131.75, 51.5, 19.25, 26.5, 9999.0, 1.25, 1.5, 19.75, 9999.0, 9999.0, 9999.0, 119.75, 123.75, 119.0, 103.0, 134.5
2023-04-06, 23:41:38, 131.75, 51.5, 19.25, 26.5, 9999.0, 1.25, 1.5, 19.75, 9999.0, 9999.0, 9999.0, 119.75, 123.5, 119.0, 102.75, 134.25
2023-04-06, 23:41:42, 131.75, 51.5, 19.25, 26.5, 9999.0, 1.25, 1.5, 19.75, 9999.0, 9999.0, 9999.0, 119.75, 123.5, 119.0, 102.75, 134.5
2023-04-06, 23:41:46, 131.75, 51.75, 19.5, 26.5, 9999.0, 1.25, 1.5, 19.75, 9999.0, 9999.0, 9999.0, 119.75, 123.5, 119.0, 102.75, 134.5
2023-04-06, 23:41:50, 131.75, 51.5, 19.25, 26.5, 9999.0, 1.25, 1.5, 19.75, 9999.0, 9999.0, 9999.0, 119.75, 123.5, 119.0, 102.75, 134.5
2023-04-06, 23:41:54, 131.75, 51.5, 19.25, 26.5, 9999.0, 1.25, 1.5, 19.75, 9999.0, 9999.0, 9999.0, 119.5, 123.5, 119.0, 102.75, 134.5
2023-04-06, 23:41:58, 131.75, 51.5, 19.25, 26.5, 9999.0, 1.25, 1.5, 19.75, 9999.0, 9999.0, 9999.0, 119.5, 123.5, 119.0, 102.75, 134.5
2023-04-06, 23:42:02, 131.75, 51.5, 19.25, 26.5, 9999.0, 1.5, 1.5, 19.75, 9999.0, 9999.0, 9999.0, 119.5, 123.5, 119.0, 103.0, 134.5
2023-04-06, 23:42:06, 131.75, 51.5, 19.25, 26.5, 9999.0, 1.5, 1.5, 19.75, 9999.0, 9999.0, 9999.0, 119.5, 123.5, 119.0, 103.0, 134.5
2023-04-06, 23:42:10, 131.75, 51.75, 19.25, 26.5, 9999.0, 1.5, 1.5, 19.75, 9999.0, 9999.0, 9999.0, 120.25, 123.5, 119.0, 102.75, 134.5
2023-04-06, 23:42:14, 131.75, 51.75, 19.5, 26.5, 9999.0, 1.5, 1.5, 19.75, 9999.0, 9999.0, 9999.0, 120.25, 123.5, 119.0, 102.75, 134.5
2023-04-06, 23:42:19, 131.75, 51.75, 19.25, 26.5, 9999.0, 1.5, 1.5, 19.75, 9999.0, 9999.0, 9999.0, 120.25, 123.5, 119.0, 103.0, 134.5
2023-04-06, 23:42:23, 131.75, 51.75, 19.5, 26.5, 9999.0, 1.25, 1.5, 19.75, 9999.0, 9999.0, 9999.0, 120.0, 123.5, 119.0, 103.0, 134.5
2023-04-06, 23:42:27, 131.75, 51.75, 19.25, 26.5, 9999.0, 1.25, 1.5, 19.75, 9999.0, 9999.0, 9999.0, 120.0, 123.25, 119.0, 103.0, 134.5
2023-04-06, 23:42:31, 131.75, 51.5, 19.25, 26.25, 9999.0, 1.5, 1.5, 19.75, 9999.0, 9999.0, 9999.0, 120.0, 123.5, 119.0, 103.0, 134.5
2023-04-06, 23:42:35, 131.75, 51.75, 19.25, 26.5, 9999.0, 1.25, 1.5, 19.75, 9999.0, 9999.0, 9999.0, 120.0, 123.25, 119.0, 103.0, 134.5
2023-04-06, 23:42:39, 131.75, 51.5, 19.25, 26.5, 9999.0, 1.25, 1.5, 19.75, 9999.0, 9999.0, 9999.0, 120.0, 123.5, 119.0, 103.0, 134.5
2023-04-06, 23:42:43, 131.75, 51.5, 19.25, 26.5, 9999.0, 1.25, 1.5, 19.75, 9999.0, 9999.0, 9999.0, 120.0, 123.5, 119.0, 103.0, 134.5
2023-04-06, 23:42:47, 131.75, 51.75, 19.25, 26.5, 9999.0, 1.25, 1.5, 19.75, 9999.0, 9999.0, 9999.0, 119.75, 123.75, 119.0, 103.0, 134.5
2023-04-06, 23:42:51, 131.75, 51.75, 19.25, 26.5, 9999.0, 1.25, 1.5, 19.75, 9999.0, 9999.0, 9999.0, 120.0, 123.5, 119.0, 103.0, 134.5
2023-04-06, 23:42:55, 131.75, 51.5, 19.25, 26.5, 9999.0, 1.25, 1.5, 19.75, 9999.0, 9999.0, 9999.0, 119.75, 123.75, 119.0, 103.0, 134.5
2023-04-06, 23:42:59, 131.75, 51.75, 19.25, 26.5, 9999.0, 1.25, 1.5, 19.75, 9999.0, 9999.0, 9999.0, 119.75, 123.5, 119.0, 103.0, 134.5
2023-04-06, 23:43:03, 131.75, 51.75, 19.25, 26.5, 9999.0, 1.25, 1.5, 19.75, 9999.0, 9999.0, 9999.0, 119.75, 123.5, 119.0, 103.0, 134.5
2023-04-06, 23:43:07, 131.75, 51.5, 19.25, 26.5, 9999.0, 1.25, 1.5, 19.75, 9999.0, 9999.0, 9999.0, 119.75, 123.5, 119.0, 102.75, 134.5
2023-04-06, 23:43:11, 131.75, 51.75, 19.25, 26.25, 9999.0, 1.25, 1.5, 19.75, 9999.0, 9999.0, 9999.0, 119.75, 123.5, 119.0, 103.0, 134.5
2023-04-06, 23:43:15, 131.75, 51.5, 19.25, 26.25, 9999.0, 1.25, 1.5, 19.75, 9999.0, 9999.0, 9999.0, 119.5, 123.5, 119.0, 102.75, 134.5
2023-04-06, 23:43:19, 131.75, 51.5, 19.25, 26.25, 9999.0, 1.25, 1.5, 19.75, 9999.0, 9999.0, 9999.0, 119.5, 123.5, 119.0, 103.0, 134.5
2023-04-06, 23:43:23, 131.75, 51.5, 19.5, 26.0, 9999.0, 1.25, 1.5, 19.75, 9999.0, 9999.0, 9999.0, 119.75, 123.5, 119.0, 103.0, 134.5
2023-04-06, 23:43:27, 131.75, 51.5, 19.25, 26.0, 9999.0, 1.5, 1.5, 19.75, 9999.0, 9999.0, 9999.0, 119.5, 123.5, 119.0, 102.75, 134.5
2023-04-06, 23:43:31, 131.75, 51.5, 19.25, 26.0, 9999.0, 1.5, 1.5, 19.75, 9999.0, 9999.0, 9999.0, 120.25, 123.5, 119.0, 102.75, 134.5
2023-04-06, 23:43:35, 131.75, 51.5, 19.25, 26.25, 9999.0, 1.5, 1.5, 19.75, 9999.0, 9999.0, 9999.0, 120.25, 123.5, 119.0, 103.0, 134.5
2023-04-06, 23:43:39, 131.75, 51.75, 19.25, 26.25, 9999.0, 1.5, 1.5, 19.75, 9999.0, 9999.0, 9999.0, 120.0, 123.5, 119.0, 102.75, 134.5
2023-04-06, 23:43:43, 131.75, 51.5, 19.25, 26.25, 9999.0, 1.5, 1.5, 19.75, 9999.0, 9999.0, 9999.0, 120.25, 123.5, 119.0, 102.75, 134.5
2023-04-06, 23:43:47, 131.75, 51.5, 19.25, 26.25, 9999.0, 1.25, 1.5, 19.75, 9999.0, 9999.0, 9999.0, 120.0, 123.25, 119.0, 102.75, 134.5
2023-04-06, 23:43:51, 131.75, 51.75, 19.25, 26.25, 9999.0, 1.5, 1.5, 19.75, 9999.0, 9999.0, 9999.0, 120.0, 123.5, 119.0, 102.75, 134.5
2023-04-06, 23:43:55, 131.75, 51.5, 19.25, 26.25, 9999.0, 1.25, 1.5, 19.75, 9999.0, 9999.0, 9999.0, 120.0, 123.25, 119.0, 102.75, 134.5
2023-04-06, 23:43:59, 131.75, 51.5, 19.25, 26.5, 9999.0, 1.25, 1.5, 19.75, 9999.0, 9999.0, 9999.0, 119.75, 123.25, 119.0, 102.75, 134.5
2023-04-06, 23:44:03, 131.75, 51.5, 19.25, 26.5, 9999.0, 1.25, 1.5, 19.75, 9999.0, 9999.0, 9999.0, 120.0, 123.5, 119.0, 102.75, 134.5
2023-04-06, 23:44:07, 131.75, 51.5, 19.25, 26.25, 9999.0, 1.25, 1.5, 19.75, 9999.0, 9999.0, 9999.0, 120.0, 123.5, 119.0, 103.0, 134.5
2023-04-06, 23:44:11, 131.75, 51.75, 19.25, 26.5, 9999.0, 1.25, 1.5, 19.75, 9999.0, 9999.0, 9999.0, 120.0, 123.5, 119.0, 103.0, 134.5
2023-04-06, 23:44:15, 131.75, 51.5, 19.25, 26.25, 9999.0, 1.25, 1.5, 19.75, 9999.0, 9999.0, 9999.0, 119.75, 123.5, 119.0, 103.0, 134.5
2023-04-06, 23:44:19, 131.75, 51.75, 19.25, 26.5, 9999.0, 1.25, 1.5, 19.75, 9999.0, 9999.0, 9999.0, 119.75, 123.5, 119.0, 103.0, 134.5
2023-04-06, 23:44:23, 131.75, 51.5, 19.25, 26.5, 9999.0, 1.25, 1.5, 19.75, 9999.0, 9999.0, 9999.0, 119.75, 123.5, 119.0, 103.0, 134.5
2023-04-06, 23:44:27, 131.75, 51.5, 19.25, 26.5, 9999.0, 1.25, 1.5, 19.75, 9999.0, 9999.0, 9999.0, 119.75, 123.5, 119.0, 103.0, 134.5
2023-04-06, 23:44:31, 131.75, 51.5, 19.25, 26.5, 9999.0, 1.25, 1.5, 19.75, 9999.0, 9999.0, 9999.0, 119.75, 123.5, 119.0, 103.0, 134.5
2023-04-06, 23:44:35, 131.75, 51.5, 19.5, 26.25, 9999.0, 1.25, 1.5, 19.75, 9999.0, 9999.0, 9999.0, 119.5, 123.5, 119.0, 103.0, 134.5
2023-04-06, 23:44:39, 131.75, 51.5, 19.5, 26.25, 9999.0, 1.25, 1.5, 19.75, 9999.0, 9999.0, 9999.0, 119.5, 123.25, 118.75, 103.0, 134.5
2023-04-06, 23:44:43, 131.75, 51.5, 19.25, 26.25, 9999.0, 1.25, 1.5, 19.75, 9999.0, 9999.0, 9999.0, 119.5, 123.5, 119.0, 103.0, 134.5
2023-04-06, 23:44:47, 131.75, 51.75, 19.25, 26.25, 9999.0, 1.5, 1.5, 19.75, 9999.0, 9999.0, 9999.0, 119.5, 123.5, 119.0, 103.0, 134.5
2023-04-06, 23:44:51, 131.75, 51.75, 19.25, 26.5, 9999.0, 1.5, 1.5, 19.75, 9999.0, 9999.0, 9999.0, 119.5, 123.5, 119.0, 103.0, 134.5
2023-04-06, 23:44:55, 131.75, 51.75, 19.25, 26.5, 9999.0, 1.5, 1.5, 19.75, 9999.0, 9999.0, 9999.0, 120.25, 123.5, 119.0, 102.75, 134.5
2023-04-06, 23:44:59, 131.75, 51.75, 19.25, 26.25, 9999.0, 1.5, 1.5, 19.75, 9999.0, 9999.0, 9999.0, 120.25, 123.5, 119.0, 103.0, 134.5
2023-04-06, 23:45:03, 131.75, 51.5, 19.25, 26.25, 9999.0, 1.5, 1.5, 19.75, 9999.0, 9999.0, 9999.0, 120.25, 123.5, 119.0, 103.0, 134.5
2023-04-06, 23:45:07, 131.75, 51.75, 19.25, 26.5, 9999.0, 1.25, 1.5, 19.75, 9999.0, 9999.0, 9999.0, 120.0, 123.5, 119.0, 103.0, 134.5
2023-04-06, 23:45:11, 131.75, 51.75, 19.25, 26.25, 9999.0, 1.25, 1.5, 19.75, 9999.0, 9999.0, 9999.0, 120.0, 123.25, 119.0, 103.0, 134.5
2023-04-06, 23:45:15, 131.75, 51.5, 19.25, 26.5, 9999.0, 1.5, 1.5, 19.75, 9999.0, 9999.0, 9999.0, 120.0, 123.5, 119.0, 103.0, 134.5
2023-04-06, 23:45:19, 131.75, 51.75, 19.25, 26.5, 9999.0, 1.25, 1.5, 19.75, 9999.0, 9999.0, 9999.0, 120.0, 123.25, 118.75, 103.0, 134.5
2023-04-06, 23:45:23, 131.75, 51.75, 19.25, 26.5, 9999.0, 1.25, 1.5, 19.75, 9999.0, 9999.0, 9999.0, 119.75, 123.5, 119.0, 103.0, 134.5
2023-04-06, 23:45:27, 131.75, 51.75, 19.25, 26.5, 9999.0, 1.25, 1.5, 19.75, 9999.0, 9999.0, 9999.0, 120.0, 123.5, 119.0, 103.0, 134.5
2023-04-06, 23:45:31, 131.75, 51.5, 19.25, 26.5, 9999.0, 1.25, 1.5, 19.75, 9999.0, 9999.0, 9999.0, 120.0, 123.5, 119.0, 103.0, 134.5
2023-04-06, 23:45:35, 131.75, 51.75, 19.25, 26.5, 9999.0, 1.25, 1.5, 19.75, 9999.0, 9999.0, 9999.0, 119.75, 123.5, 119.0, 103.0, 134.5
2023-04-06, 23:45:39, 131.75, 51.5, 19.25, 26.5, 9999.0, 1.25, 1.5, 19.75, 9999.0, 9999.0, 9999.0, 119.75, 123.5, 119.0, 103.0, 134.5
2023-04-06, 23:45:43, 131.75, 51.75, 19.25, 26.5, 9999.0, 1.25, 1.5, 19.75, 9999.0, 9999.0, 9999.0, 119.75, 123.5, 119.0, 103.0, 134.5
2023-04-06, 23:45:47, 131.75, 51.75, 19.25, 26.5, 9999.0, 1.25, 1.5, 19.75, 9999.0, 9999.0, 9999.0, 119.75, 123.5, 118.75, 103.0, 134.5
2023-04-06, 23:45:51, 131.75, 51.75, 19.25, 26.5, 9999.0, 1.25, 1.5, 19.75, 9999.0, 9999.0, 9999.0, 119.75, 123.5, 119.0, 103.0, 134.5
2023-04-06, 23:45:55, 131.75, 51.75, 19.25, 26.5, 9999.0, 1.25, 1.5, 19.75, 9999.0, 9999.0, 9999.0, 119.75, 123.5, 119.0, 103.0, 134.5
2023-04-06, 23:45:59, 131.75, 51.5, 19.25, 26.5, 9999.0, 1.25, 1.5, 19.75, 9999.0, 9999.0, 9999.0, 119.5, 123.5, 119.0, 103.0, 134.5
2023-04-06, 23:46:03, 131.75, 51.75, 19.25, 26.5, 9999.0, 1.25, 1.5, 19.75, 9999.0, 9999.0, 9999.0, 119.5, 123.5, 119.0, 103.0, 134.5
2023-04-06, 23:46:07, 131.75, 51.75, 19.5, 26.5, 9999.0, 1.5, 1.5, 19.75, 9999.0, 9999.0, 9999.0, 119.5, 123.5, 119.0, 103.0, 134.5
2023-04-06, 23:46:11, 131.75, 51.5, 19.25, 26.5, 9999.0, 1.5, 1.5, 19.75, 9999.0, 9999.0, 9999.0, 119.5, 123.5, 119.0, 103.0, 134.5
2023-04-06, 23:46:15, 131.75, 51.75, 19.25, 26.5, 9999.0, 1.5, 1.5, 19.75, 9999.0, 9999.0, 9999.0, 120.25, 123.5, 119.0, 103.0, 134.5
2023-04-06, 23:46:19, 131.75, 51.75, 19.25, 26.5, 9999.0, 1.5, 1.5, 19.75, 9999.0, 9999.0, 9999.0, 120.25, 123.5, 119.0, 103.0, 134.5
2023-04-06, 23:46:23, 131.75, 51.75, 19.25, 26.5, 9999.0, 1.5, 1.5, 19.75, 9999.0, 9999.0, 9999.0, 120.25, 123.5, 119.0, 103.0, 134.5
2023-04-06, 23:46:27, 131.75, 51.5, 19.25, 26.5, 9999.0, 1.5, 1.5, 19.75, 9999.0, 9999.0, 9999.0, 120.0, 123.5, 119.0, 103.0, 134.5
2023-04-06, 23:46:31, 131.75, 51.5, 19.25, 26.5, 9999.0, 1.25, 1.5, 19.75, 9999.0, 9999.0, 9999.0, 120.0, 123.5, 119.0, 103.0, 134.5
2023-04-06, 23:46:35, 131.75, 51.5, 19.25, 26.5, 9999.0, 1.5, 1.5, 19.75, 9999.0, 9999.0, 9999.0, 120.0, 123.5, 119.0, 103.0, 134.5
2023-04-06, 23:46:39, 131.75, 51.5, 19.25, 26.5, 9999.0, 1.25, 1.5, 19.75, 9999.0, 9999.0, 9999.0, 120.0, 123.5, 119.0, 103.0, 134.5
2023-04-06, 23:46:44, 131.75, 51.5, 19.25, 26.5, 9999.0, 1.25, 1.5, 19.75, 9999.0, 9999.0, 9999.0, 120.0, 123.5, 119.0, 103.0, 134.5
2023-04-06, 23:46:48, 131.75, 51.5, 19.25, 26.5, 9999.0, 1.25, 1.5, 19.75, 9999.0, 9999.0, 9999.0, 120.0, 123.75, 119.0, 103.0, 134.5
2023-04-06, 23:46:52, 131.75, 51.5, 19.25, 26.5, 9999.0, 1.25, 1.5, 19.75, 9999.0, 9999.0, 9999.0, 120.0, 123.75, 119.0, 103.0, 134.5
2023-04-06, 23:46:56, 131.75, 51.75, 19.25, 26.25, 9999.0, 1.25, 1.5, 19.75, 9999.0, 9999.0, 9999.0, 119.75, 123.75, 119.0, 103.0, 134.5
2023-04-06, 23:47:00, 131.75, 51.75, 19.25, 26.5, 9999.0, 1.25, 1.5, 19.75, 9999.0, 9999.0, 9999.0, 120.0, 123.75, 119.0, 103.0, 134.5
2023-04-06, 23:47:04, 131.75, 51.5, 19.0, 26.5, 9999.0, 1.25, 1.5, 19.75, 9999.0, 9999.0, 9999.0, 119.75, 123.75, 119.0, 103.0, 134.5
2023-04-06, 23:47:08, 131.75, 51.5, 19.25, 26.5, 9999.0, 1.25, 1.5, 19.75, 9999.0, 9999.0, 9999.0, 119.75, 123.75, 119.0, 103.0, 134.5
2023-04-06, 23:47:12, 131.75, 51.5, 19.25, 26.5, 9999.0, 1.25, 1.5, 19.75, 9999.0, 9999.0, 9999.0, 119.75, 123.5, 119.0, 103.0, 134.5
2023-04-06, 23:47:16, 131.75, 51.5, 19.25, 26.5, 9999.0, 1.0, 1.5, 19.75, 9999.0, 9999.0, 9999.0, 119.75, 123.75, 119.0, 103.0, 134.5
2023-04-06, 23:47:20, 131.75, 51.5, 19.25, 26.5, 9999.0, 1.25, 1.5, 19.75, 9999.0, 9999.0, 9999.0, 119.75, 123.5, 119.0, 103.0, 134.5
2023-04-06, 23:47:24, 131.75, 51.5, 19.25, 26.5, 9999.0, 1.25, 1.5, 19.75, 9999.0, 9999.0, 9999.0, 119.5, 123.5, 119.0, 103.0, 134.5
2023-04-06, 23:47:28, 131.75, 51.5, 19.25, 26.5, 9999.0, 1.25, 1.5, 19.75, 9999.0, 9999.0, 9999.0, 119.5, 123.75, 119.0, 103.0, 134.5
2023-04-06, 23:47:32, 131.75, 51.5, 19.25, 26.5, 9999.0, 1.5, 1.5, 19.75, 9999.0, 9999.0, 9999.0, 119.5, 123.5, 119.0, 103.0, 134.5
2023-04-06, 23:47:36, 131.75, 51.5, 19.25, 26.25, 9999.0, 1.5, 1.5, 19.75, 9999.0, 9999.0, 9999.0, 120.25, 123.5, 119.0, 103.0, 134.5
2023-04-06, 23:47:40, 131.75, 51.5, 19.25, 26.5, 9999.0, 1.5, 1.5, 19.75, 9999.0, 9999.0, 9999.0, 120.25, 123.5, 119.0, 103.0, 134.5
2023-04-06, 23:47:44, 131.75, 51.5, 19.25, 26.5, 9999.0, 1.5, 1.5, 19.75, 9999.0, 9999.0, 9999.0, 120.25, 123.5, 119.0, 103.0, 134.5
2023-04-06, 23:47:48, 131.75, 51.5, 19.25, 26.5, 9999.0, 1.5, 1.5, 19.75, 9999.0, 9999.0, 9999.0, 120.25, 123.5, 119.0, 103.0, 134.5
2023-04-06, 23:47:52, 131.75, 51.5, 19.25, 26.5, 9999.0, 1.25, 1.5, 19.75, 9999.0, 9999.0, 9999.0, 120.0, 123.5, 119.0, 103.0, 134.5
2023-04-06, 23:47:56, 131.75, 51.5, 19.25, 26.5, 9999.0, 1.25, 1.5, 19.75, 9999.0, 9999.0, 9999.0, 120.0, 123.5, 119.0, 103.0, 134.5
2023-04-06, 23:48:00, 131.75, 51.5, 19.25, 26.5, 9999.0, 1.25, 1.5, 19.75, 9999.0, 9999.0, 9999.0, 120.0, 123.5, 119.0, 103.0, 134.5
2023-04-06, 23:48:04, 131.75, 51.5, 19.25, 26.5, 9999.0, 1.25, 1.5, 19.75, 9999.0, 9999.0, 9999.0, 120.0, 123.5, 119.0, 103.0, 134.5
2023-04-06, 23:48:08, 131.75, 51.5, 19.25, 26.25, 9999.0, 1.25, 1.5, 19.75, 9999.0, 9999.0, 9999.0, 120.0, 123.75, 119.0, 103.0, 134.5
2023-04-06, 23:48:12, 131.75, 51.75, 19.25, 26.25, 9999.0, 1.25, 1.5, 19.75, 9999.0, 9999.0, 9999.0, 120.0, 123.75, 119.0, 103.0, 134.5
2023-04-06, 23:48:16, 131.75, 51.5, 19.25, 26.5, 9999.0, 1.25, 1.5, 19.75, 9999.0, 9999.0, 9999.0, 120.0, 123.75, 119.0, 103.0, 134.5
2023-04-06, 23:48:20, 131.75, 51.5, 19.25, 26.5, 9999.0, 1.25, 1.5, 19.75, 9999.0, 9999.0, 9999.0, 120.0, 123.75, 119.0, 103.0, 134.5
2023-04-06, 23:48:24, 131.75, 51.5, 19.25, 26.5, 9999.0, 1.25, 1.5, 19.75, 9999.0, 9999.0, 9999.0, 119.75, 123.5, 119.0, 103.0, 134.5
2023-04-06, 23:48:28, 131.75, 51.5, 19.25, 26.5, 9999.0, 1.25, 1.5, 19.75, 9999.0, 9999.0, 9999.0, 119.75, 123.75, 119.0, 103.0, 134.5
2023-04-06, 23:48:32, 131.75, 51.5, 19.25, 26.5, 9999.0, 1.25, 1.5, 19.75, 9999.0, 9999.0, 9999.0, 119.75, 123.5, 119.0, 103.0, 134.5
2023-04-06, 23:48:36, 131.75, 51.5, 19.25, 26.5, 9999.0, 1.25, 1.5, 19.75, 9999.0, 9999.0, 9999.0, 119.75, 123.5, 119.0, 103.0, 134.5
2023-04-06, 23:48:40, 131.75, 51.5, 19.25, 26.5, 9999.0, 1.25, 1.5, 19.75, 9999.0, 9999.0, 9999.0, 119.75, 123.75, 119.0, 103.0, 134.5
2023-04-06, 23:48:44, 131.75, 51.5, 19.25, 26.25, 9999.0, 1.25, 1.5, 19.75, 9999.0, 9999.0, 9999.0, 119.75, 123.5, 119.0, 103.0, 134.5
2023-04-06, 23:48:48, 131.75, 51.5, 19.25, 26.5, 9999.0, 1.25, 1.5, 19.75, 9999.0, 9999.0, 9999.0, 119.5, 123.5, 119.0, 103.0, 134.5
2023-04-06, 23:48:52, 131.75, 51.5, 19.25, 26.5, 9999.0, 1.5, 1.5, 19.75, 9999.0, 9999.0, 9999.0, 119.5, 123.5, 119.0, 103.0, 134.5
2023-04-06, 23:48:56, 131.75, 51.5, 19.25, 26.5, 9999.0, 1.5, 1.5, 19.75, 9999.0, 9999.0, 9999.0, 119.5, 123.5, 119.0, 103.0, 134.5
2023-04-06, 23:49:00, 131.75, 51.5, 19.25, 26.5, 9999.0, 1.5, 1.5, 19.75, 9999.0, 9999.0, 9999.0, 120.25, 123.5, 119.0, 103.0, 134.5
2023-04-06, 23:49:04, 131.75, 51.5, 19.25, 26.5, 9999.0, 1.5, 1.5, 19.75, 9999.0, 9999.0, 9999.0, 120.25, 123.5, 119.0, 103.0, 134.5
2023-04-06, 23:49:08, 131.75, 51.5, 19.25, 26.25, 9999.0, 1.5, 1.5, 19.75, 9999.0, 9999.0, 9999.0, 120.25, 123.5, 119.0, 103.0, 134.5
2023-04-06, 23:49:12, 131.75, 51.5, 19.25, 26.25, 9999.0, 1.25, 1.5, 19.75, 9999.0, 9999.0, 9999.0, 120.0, 123.5, 119.0, 103.0, 134.25
2023-04-06, 23:49:16, 131.75, 51.5, 19.25, 26.25, 9999.0, 1.25, 1.5, 19.75, 9999.0, 9999.0, 9999.0, 120.0, 123.5, 119.0, 103.0, 134.5
2023-04-06, 23:49:20, 131.75, 51.5, 19.25, 26.5, 9999.0, 1.25, 1.5, 19.75, 9999.0, 9999.0, 9999.0, 120.0, 123.5, 119.0, 103.0, 134.5
2023-04-06, 23:49:24, 131.75, 51.5, 19.25, 26.5, 9999.0, 1.25, 1.5, 19.75, 9999.0, 9999.0, 9999.0, 120.0, 123.5, 119.0, 103.0, 134.5
2023-04-06, 23:49:28, 131.75, 51.5, 19.25, 26.5, 9999.0, 1.25, 1.5, 19.75, 9999.0, 9999.0, 9999.0, 119.75, 123.75, 119.0, 103.0, 134.5
2023-04-06, 23:49:32, 131.75, 51.5, 19.25, 26.25, 9999.0, 1.25, 1.5, 19.75, 9999.0, 9999.0, 9999.0, 120.0, 123.75, 119.0, 103.0, 134.5
2023-04-06, 23:49:36, 131.75, 51.5, 19.25, 26.5, 9999.0, 1.25, 1.5, 19.75, 9999.0, 9999.0, 9999.0, 120.0, 123.5, 119.0, 103.0, 134.5
2023-04-06, 23:49:40, 131.75, 51.5, 19.25, 26.5, 9999.0, 1.25, 1.5, 19.75, 9999.0, 9999.0, 9999.0, 119.75, 123.5, 119.0, 103.0, 134.5
2023-04-06, 23:49:44, 131.75, 51.5, 19.25, 26.5, 9999.0, 1.25, 1.5, 19.75, 9999.0, 9999.0, 9999.0, 119.75, 123.5, 119.0, 103.0, 134.5
2023-04-06, 23:49:48, 131.75, 51.5, 19.25, 26.5, 9999.0, 1.25, 1.5, 19.75, 9999.0, 9999.0, 9999.0, 119.75, 123.5, 119.0, 103.0, 134.5
2023-04-06, 23:49:52, 131.5, 51.5, 19.25, 26.75, 9999.0, 1.25, 1.5, 19.75, 9999.0, 9999.0, 9999.0, 119.75, 123.5, 119.0, 103.0, 134.5
2023-04-06, 23:49:56, 131.75, 51.5, 19.25, 26.5, 9999.0, 1.25, 1.5, 19.75, 9999.0, 9999.0, 9999.0, 119.75, 123.5, 119.0, 103.0, 134.5
2023-04-06, 23:50:00, 131.75, 51.5, 19.25, 26.5, 9999.0, 1.0, 1.5, 19.5, 9999.0, 9999.0, 9999.0, 119.75, 123.5, 119.0, 103.0, 134.5
2023-04-06, 23:50:04, 131.75, 51.5, 19.25, 26.5, 9999.0, 1.25, 1.5, 19.75, 9999.0, 9999.0, 9999.0, 119.5, 123.5, 119.0, 103.0, 134.5
2023-04-06, 23:50:08, 131.75, 51.5, 19.25, 26.25, 9999.0, 1.25, 1.5, 19.5, 9999.0, 9999.0, 9999.0, 119.5, 123.5, 119.0, 103.0, 134.5
2023-04-06, 23:50:12, 131.5, 51.5, 19.25, 26.5, 9999.0, 1.25, 1.5, 19.75, 9999.0, 9999.0, 9999.0, 119.5, 123.5, 119.0, 103.0, 134.5
2023-04-06, 23:50:16, 131.75, 51.5, 19.25, 26.5, 9999.0, 1.5, 1.5, 19.75, 9999.0, 9999.0, 9999.0, 119.5, 123.5, 119.0, 103.0, 134.5
2023-04-06, 23:50:20, 131.75, 51.5, 19.25, 26.5, 9999.0, 1.25, 1.5, 19.75, 9999.0, 9999.0, 9999.0, 120.25, 123.25, 119.0, 103.0, 134.5
2023-04-06, 23:50:24, 131.75, 51.5, 19.25, 26.5, 9999.0, 1.5, 1.25, 19.75, 9999.0, 9999.0, 9999.0, 120.25, 123.5, 119.0, 103.0, 134.5
2023-04-06, 23:50:28, 131.5, 51.5, 19.25, 26.5, 9999.0, 1.5, 1.5, 19.75, 9999.0, 9999.0, 9999.0, 120.25, 123.5, 119.0, 103.0, 134.25
2023-04-06, 23:50:32, 131.75, 51.5, 19.25, 26.5, 9999.0, 1.25, 1.5, 19.75, 9999.0, 9999.0, 9999.0, 120.0, 123.5, 119.0, 103.0, 134.5
2023-04-06, 23:50:36, 131.75, 51.5, 19.25, 26.25, 9999.0, 1.25, 1.5, 19.75, 9999.0, 9999.0, 9999.0, 120.0, 123.5, 119.0, 103.0, 134.5
2023-04-06, 23:50:40, 131.5, 51.5, 19.25, 26.25, 9999.0, 1.25, 1.5, 19.75, 9999.0, 9999.0, 9999.0, 120.0, 123.5, 119.0, 103.0, 134.5
2023-04-06, 23:50:44, 131.5, 51.5, 19.25, 26.5, 9999.0, 1.25, 1.5, 19.75, 9999.0, 9999.0, 9999.0, 120.0, 123.5, 119.0, 103.0, 134.5
2023-04-06, 23:50:48, 131.5, 51.5, 19.25, 26.25, 9999.0, 1.25, 1.5, 19.5, 9999.0, 9999.0, 9999.0, 119.75, 123.25, 119.0, 103.0, 134.5
2023-04-06, 23:50:52, 131.5, 51.5, 19.25, 26.25, 9999.0, 1.25, 1.25, 19.75, 9999.0, 9999.0, 9999.0, 119.75, 123.5, 119.0, 103.0, 134.5
2023-04-06, 23:50:56, 131.5, 51.5, 19.25, 26.25, 9999.0, 1.25, 1.5, 19.75, 9999.0, 9999.0, 9999.0, 120.0, 123.5, 119.0, 103.0, 134.25
2023-04-06, 23:51:00, 131.75, 51.5, 19.25, 26.5, 9999.0, 1.25, 1.5, 19.5, 9999.0, 9999.0, 9999.0, 119.75, 123.5, 119.0, 103.0, 134.25
2023-04-06, 23:51:04, 131.5, 51.5, 19.25, 26.5, 9999.0, 1.25, 1.5, 19.75, 9999.0, 9999.0, 9999.0, 119.75, 123.5, 119.0, 103.0, 134.5
2023-04-06, 23:51:09, 131.5, 51.5, 19.25, 26.5, 9999.0, 1.25, 1.5, 19.75, 9999.0, 9999.0, 9999.0, 119.75, 123.5, 119.0, 103.0, 134.25
2023-04-06, 23:51:13, 131.5, 51.5, 19.25, 26.5, 9999.0, 1.25, 1.25, 19.75, 9999.0, 9999.0, 9999.0, 119.75, 123.5, 119.0, 103.0, 134.25
2023-04-06, 23:51:17, 131.5, 51.5, 19.25, 26.5, 9999.0, 1.0, 1.5, 19.75, 9999.0, 9999.0, 9999.0, 119.75, 123.5, 119.0, 103.0, 134.5
2023-04-06, 23:51:21, 131.5, 51.5, 19.25, 26.5, 9999.0, 1.0, 1.25, 19.75, 9999.0, 9999.0, 9999.0, 119.5, 123.5, 119.0, 103.0, 134.5
2023-04-06, 23:51:25, 131.5, 51.5, 19.25, 26.5, 9999.0, 1.25, 1.5, 19.75, 9999.0, 9999.0, 9999.0, 119.75, 123.5, 119.0, 103.0, 134.25
2023-04-06, 23:51:29, 131.5, 51.5, 19.25, 26.25, 9999.0, 1.25, 1.25, 19.5, 9999.0, 9999.0, 9999.0, 119.5, 123.5, 119.0, 103.0, 134.5
2023-04-06, 23:51:33, 131.5, 51.5, 19.25, 26.5, 9999.0, 1.25, 1.25, 19.75, 9999.0, 9999.0, 9999.0, 119.5, 123.5, 119.0, 103.0, 134.5
2023-04-06, 23:51:37, 131.5, 51.5, 19.25, 26.5, 9999.0, 1.5, 1.5, 19.75, 9999.0, 9999.0, 9999.0, 119.5, 123.5, 119.0, 103.0, 134.5
2023-04-06, 23:51:41, 131.5, 51.5, 19.0, 26.5, 9999.0, 1.5, 1.25, 19.75, 9999.0, 9999.0, 9999.0, 119.5, 123.5, 119.0, 103.0, 134.5
2023-04-06, 23:51:45, 131.75, 51.5, 19.25, 26.5, 9999.0, 1.5, 1.5, 19.75, 9999.0, 9999.0, 9999.0, 120.25, 123.5, 119.0, 103.0, 134.25
2023-04-06, 23:51:49, 131.75, 51.5, 19.25, 26.5, 9999.0, 1.25, 1.5, 19.75, 9999.0, 9999.0, 9999.0, 120.25, 123.5, 119.0, 103.0, 134.25
2023-04-06, 23:51:53, 131.5, 51.5, 19.25, 26.5, 9999.0, 1.25, 1.5, 19.75, 9999.0, 9999.0, 9999.0, 120.0, 123.5, 119.0, 103.0, 134.5
2023-04-06, 23:51:57, 131.75, 51.5, 19.25, 26.5, 9999.0, 1.25, 1.5, 19.75, 9999.0, 9999.0, 9999.0, 120.0, 123.5, 119.0, 103.0, 134.5
2023-04-06, 23:52:01, 131.5, 51.5, 19.25, 26.5, 9999.0, 1.25, 1.5, 19.75, 9999.0, 9999.0, 9999.0, 120.0, 123.5, 119.0, 103.0, 134.5
2023-04-06, 23:52:05, 131.5, 51.5, 19.25, 26.5, 9999.0, 1.25, 1.5, 19.5, 9999.0, 9999.0, 9999.0, 120.0, 123.5, 119.0, 103.0, 134.5
2023-04-06, 23:52:09, 131.5, 51.5, 19.25, 26.5, 9999.0, 1.25, 1.5, 19.75, 9999.0, 9999.0, 9999.0, 119.75, 123.5, 119.0, 103.0, 134.5
2023-04-06, 23:52:13, 131.5, 51.5, 19.25, 26.5, 9999.0, 1.25, 1.5, 19.75, 9999.0, 9999.0, 9999.0, 120.0, 123.5, 119.0, 103.0, 134.5
2023-04-06, 23:52:17, 131.5, 51.5, 19.25, 26.25, 9999.0, 1.25, 1.5, 19.5, 9999.0, 9999.0, 9999.0, 120.0, 123.75, 119.0, 103.0, 134.5
2023-04-06, 23:52:21, 131.75, 51.5, 19.25, 26.5, 9999.0, 1.25, 1.5, 19.75, 9999.0, 9999.0, 9999.0, 120.0, 123.75, 119.0, 103.0, 134.5
2023-04-06, 23:52:25, 131.75, 51.5, 19.25, 26.5, 9999.0, 1.25, 1.5, 19.75, 9999.0, 9999.0, 9999.0, 120.0, 123.5, 119.0, 103.0, 134.5
2023-04-06, 23:52:29, 131.5, 51.5, 19.25, 26.5, 9999.0, 1.0, 1.5, 19.75, 9999.0, 9999.0, 9999.0, 119.75, 123.5, 119.0, 103.0, 134.25
2023-04-06, 23:52:33, 131.5, 51.5, 19.0, 26.5, 9999.0, 1.25, 1.25, 19.5, 9999.0, 9999.0, 9999.0, 119.75, 123.75, 119.0, 103.0, 134.5
2023-04-06, 23:52:37, 131.75, 51.5, 19.0, 26.5, 9999.0, 1.0, 1.5, 19.75, 9999.0, 9999.0, 9999.0, 119.75, 123.5, 119.0, 103.0, 134.5
2023-04-06, 23:52:41, 131.75, 51.5, 19.25, 26.5, 9999.0, 1.0, 1.5, 19.5, 9999.0, 9999.0, 9999.0, 119.75, 123.75, 119.0, 103.0, 134.5
2023-04-06, 23:52:45, 131.5, 51.5, 19.25, 26.25, 9999.0, 1.25, 1.5, 19.75, 9999.0, 9999.0, 9999.0, 119.5, 123.5, 119.0, 103.0, 134.5
2023-04-06, 23:52:49, 131.5, 51.5, 19.25, 26.5, 9999.0, 1.25, 1.5, 19.5, 9999.0, 9999.0, 9999.0, 119.5, 123.5, 119.0, 103.0, 134.5
2023-04-06, 23:52:53, 131.75, 51.5, 19.25, 26.5, 9999.0, 1.25, 1.5, 19.75, 9999.0, 9999.0, 9999.0, 119.5, 123.5, 119.0, 103.0, 134.5
2023-04-06, 23:52:57, 131.75, 51.5, 19.25, 26.5, 9999.0, 1.25, 1.5, 19.75, 9999.0, 9999.0, 9999.0, 119.5, 123.5, 119.0, 103.0, 134.5
2023-04-06, 23:53:01, 131.75, 51.5, 19.25, 26.5, 9999.0, 1.5, 1.5, 19.75, 9999.0, 9999.0, 9999.0, 119.5, 123.5, 119.0, 103.0, 134.5
2023-04-06, 23:53:05, 131.75, 51.5, 19.25, 26.25, 9999.0, 1.5, 1.5, 19.75, 9999.0, 9999.0, 9999.0, 120.25, 123.5, 119.0, 103.0, 134.5
2023-04-06, 23:53:09, 131.75, 51.5, 19.25, 26.5, 9999.0, 1.5, 1.5, 19.75, 9999.0, 9999.0, 9999.0, 120.25, 123.5, 119.0, 103.0, 134.5
2023-04-06, 23:53:13, 131.75, 51.5, 19.25, 26.5, 9999.0, 1.5, 1.5, 19.75, 9999.0, 9999.0, 9999.0, 120.25, 123.5, 119.0, 103.0, 134.5
2023-04-06, 23:53:17, 131.75, 51.5, 19.25, 26.75, 9999.0, 1.25, 1.5, 19.75, 9999.0, 9999.0, 9999.0, 120.0, 123.5, 119.0, 103.0, 134.5
2023-04-06, 23:53:21, 131.5, 51.5, 19.25, 26.5, 9999.0, 1.25, 1.5, 19.75, 9999.0, 9999.0, 9999.0, 120.0, 123.5, 119.0, 103.0, 134.5
2023-04-06, 23:53:25, 131.75, 51.5, 19.25, 26.5, 9999.0, 1.25, 1.5, 19.75, 9999.0, 9999.0, 9999.0, 120.0, 123.5, 119.0, 103.0, 134.5
2023-04-06, 23:53:29, 131.5, 51.5, 19.25, 26.25, 9999.0, 1.25, 1.5, 19.75, 9999.0, 9999.0, 9999.0, 120.0, 123.5, 119.0, 103.0, 134.5
2023-04-06, 23:53:33, 131.75, 51.5, 19.25, 26.5, 9999.0, 1.25, 1.5, 19.75, 9999.0, 9999.0, 9999.0, 120.0, 123.5, 119.0, 103.0, 134.5
2023-04-06, 23:53:37, 131.75, 51.5, 19.25, 26.25, 9999.0, 1.25, 1.5, 19.75, 9999.0, 9999.0, 9999.0, 120.0, 123.5, 119.0, 103.0, 134.5
2023-04-06, 23:53:41, 131.75, 51.5, 19.25, 26.25, 9999.0, 1.25, 1.25, 19.75, 9999.0, 9999.0, 9999.0, 119.75, 123.75, 119.0, 103.0, 134.5
2023-04-06, 23:53:45, 131.75, 51.5, 19.25, 26.25, 9999.0, 1.25, 1.5, 19.75, 9999.0, 9999.0, 9999.0, 119.75, 123.75, 119.0, 103.0, 134.5
2023-04-06, 23:53:49, 131.75, 51.5, 19.25, 26.25, 9999.0, 1.25, 1.5, 19.75, 9999.0, 9999.0, 9999.0, 119.75, 123.5, 119.0, 103.0, 134.5
2023-04-06, 23:53:53, 131.75, 51.5, 19.25, 26.25, 9999.0, 1.25, 1.5, 19.75, 9999.0, 9999.0, 9999.0, 119.75, 123.5, 119.0, 103.0, 134.5
2023-04-06, 23:53:57, 131.75, 51.5, 19.25, 26.5, 9999.0, 1.25, 1.5, 19.75, 9999.0, 9999.0, 9999.0, 119.75, 123.75, 119.0, 103.0, 134.5
2023-04-06, 23:54:01, 131.75, 51.5, 19.25, 26.25, 9999.0, 1.0, 1.5, 19.75, 9999.0, 9999.0, 9999.0, 119.75, 123.5, 119.0, 103.0, 134.5
2023-04-06, 23:54:05, 131.75, 51.5, 19.0, 26.25, 9999.0, 1.0, 1.5, 19.75, 9999.0, 9999.0, 9999.0, 119.75, 123.75, 119.0, 103.0, 134.5
2023-04-06, 23:54:09, 131.75, 51.5, 19.25, 26.5, 9999.0, 1.25, 1.5, 19.75, 9999.0, 9999.0, 9999.0, 119.5, 123.75, 119.0, 103.0, 134.5
2023-04-06, 23:54:13, 131.75, 51.5, 19.25, 26.25, 9999.0, 1.25, 1.5, 19.75, 9999.0, 9999.0, 9999.0, 119.5, 123.5, 119.0, 103.0, 134.5
2023-04-06, 23:54:17, 131.75, 51.5, 19.25, 26.5, 9999.0, 1.25, 1.5, 19.75, 9999.0, 9999.0, 9999.0, 119.5, 123.5, 119.0, 103.0, 134.5
2023-04-06, 23:54:21, 131.75, 51.5, 19.25, 26.25, 9999.0, 1.5, 1.5, 19.75, 9999.0, 9999.0, 9999.0, 119.5, 123.5, 119.0, 103.0, 134.5
2023-04-06, 23:54:25, 131.75, 51.5, 19.25, 26.25, 9999.0, 1.5, 1.5, 19.75, 9999.0, 9999.0, 9999.0, 119.5, 123.5, 119.0, 103.0, 134.5
2023-04-06, 23:54:29, 131.75, 51.5, 19.25, 26.25, 9999.0, 1.5, 1.5, 19.75, 9999.0, 9999.0, 9999.0, 120.25, 123.5, 119.0, 103.0, 134.5
2023-04-06, 23:54:33, 131.75, 51.5, 19.25, 26.5, 9999.0, 1.25, 1.5, 19.75, 9999.0, 9999.0, 9999.0, 120.25, 123.5, 119.0, 103.0, 134.5
2023-04-06, 23:54:37, 131.75, 51.5, 19.25, 26.5, 9999.0, 1.25, 1.5, 19.75, 9999.0, 9999.0, 9999.0, 120.0, 123.5, 119.0, 103.0, 134.5
2023-04-06, 23:54:41, 131.75, 51.5, 19.25, 26.5, 9999.0, 1.25, 1.5, 19.75, 9999.0, 9999.0, 9999.0, 120.0, 123.5, 119.0, 103.0, 134.5
2023-04-06, 23:54:45, 131.75, 51.5, 19.25, 26.5, 9999.0, 1.25, 1.5, 19.75, 9999.0, 9999.0, 9999.0, 120.0, 123.5, 119.0, 103.0, 134.5
2023-04-06, 23:54:49, 131.75, 51.5, 19.25, 26.5, 9999.0, 1.25, 1.5, 19.75, 9999.0, 9999.0, 9999.0, 120.0, 123.5, 119.0, 103.0, 134.5
2023-04-06, 23:54:53, 131.75, 51.5, 19.25, 26.5, 9999.0, 1.25, 1.5, 19.75, 9999.0, 9999.0, 9999.0, 120.0, 123.5, 119.0, 103.0, 134.5
2023-04-06, 23:54:57, 131.75, 51.5, 19.25, 26.25, 9999.0, 1.0, 1.5, 19.75, 9999.0, 9999.0, 9999.0, 120.0, 123.75, 119.0, 103.0, 134.5
2023-04-06, 23:55:01, 131.75, 51.5, 19.25, 26.25, 9999.0, 1.25, 1.5, 19.75, 9999.0, 9999.0, 9999.0, 120.0, 123.75, 119.0, 103.0, 134.5
2023-04-06, 23:55:05, 131.75, 51.5, 19.25, 26.5, 9999.0, 1.25, 1.5, 19.75, 9999.0, 9999.0, 9999.0, 120.0, 123.75, 119.0, 103.0, 134.5
2023-04-06, 23:55:09, 131.75, 51.75, 19.25, 26.5, 9999.0, 1.25, 1.5, 19.75, 9999.0, 9999.0, 9999.0, 119.75, 123.75, 119.0, 103.0, 134.5
2023-04-06, 23:55:13, 131.75, 51.5, 19.25, 26.5, 9999.0, 1.25, 1.5, 19.75, 9999.0, 9999.0, 9999.0, 119.75, 123.75, 119.0, 103.0, 134.5
2023-04-06, 23:55:17, 131.75, 51.75, 19.25, 26.5, 9999.0, 1.25, 1.5, 19.75, 9999.0, 9999.0, 9999.0, 119.75, 123.5, 119.0, 103.0, 134.5
2023-04-06, 23:55:21, 131.75, 51.75, 19.25, 26.25, 9999.0, 1.25, 1.5, 19.75, 9999.0, 9999.0, 9999.0, 119.75, 123.75, 119.0, 103.0, 134.5
2023-04-06, 23:55:25, 131.75, 51.5, 19.25, 26.5, 9999.0, 1.25, 1.5, 19.75, 9999.0, 9999.0, 9999.0, 119.75, 123.75, 119.0, 103.0, 134.5
2023-04-06, 23:55:29, 131.75, 51.75, 19.25, 26.5, 9999.0, 1.25, 1.5, 19.75, 9999.0, 9999.0, 9999.0, 119.75, 123.5, 119.0, 103.0, 134.5
2023-04-06, 23:55:34, 131.75, 51.75, 19.25, 26.25, 9999.0, 1.25, 1.5, 19.75, 9999.0, 9999.0, 9999.0, 119.75, 123.75, 119.0, 103.0, 134.5
2023-04-06, 23:55:38, 131.75, 51.5, 19.25, 26.25, 9999.0, 1.25, 1.5, 19.75, 9999.0, 9999.0, 9999.0, 119.75, 123.5, 118.75, 103.0, 134.5
2023-04-06, 23:55:42, 131.75, 51.5, 19.25, 26.5, 9999.0, 1.5, 1.5, 19.75, 9999.0, 9999.0, 9999.0, 119.5, 123.5, 119.0, 103.0, 134.5
2023-04-06, 23:55:46, 131.75, 51.75, 19.25, 26.25, 9999.0, 1.5, 1.5, 19.75, 9999.0, 9999.0, 9999.0, 119.5, 123.5, 119.0, 103.0, 134.5
2023-04-06, 23:55:50, 131.75, 51.75, 19.25, 26.5, 9999.0, 1.5, 1.5, 19.75, 9999.0, 9999.0, 9999.0, 120.25, 123.5, 119.0, 103.0, 134.5
2023-04-06, 23:55:54, 131.75, 51.75, 19.25, 26.5, 9999.0, 1.5, 1.5, 19.75, 9999.0, 9999.0, 9999.0, 120.25, 123.5, 119.0, 103.0, 134.5
2023-04-06, 23:55:58, 131.75, 51.75, 19.25, 26.5, 9999.0, 1.5, 1.5, 19.75, 9999.0, 9999.0, 9999.0, 120.25, 123.5, 119.0, 103.0, 134.5
2023-04-06, 23:56:02, 131.75, 51.75, 19.5, 26.25, 9999.0, 1.5, 1.5, 19.75, 9999.0, 9999.0, 9999.0, 120.25, 123.5, 119.0, 103.0, 134.5
2023-04-06, 23:56:06, 131.75, 51.5, 19.5, 26.25, 9999.0, 1.5, 1.5, 19.75, 9999.0, 9999.0, 9999.0, 120.0, 123.5, 119.0, 103.0, 134.5
2023-04-06, 23:56:10, 131.75, 51.75, 19.5, 26.5, 9999.0, 1.25, 1.5, 19.75, 9999.0, 9999.0, 9999.0, 120.0, 123.5, 119.0, 103.0, 134.5
2023-04-06, 23:56:14, 131.75, 51.5, 19.25, 26.5, 9999.0, 1.25, 1.5, 19.75, 9999.0, 9999.0, 9999.0, 120.0, 123.5, 119.0, 103.0, 134.5
2023-04-06, 23:56:18, 131.75, 51.5, 19.25, 26.5, 9999.0, 1.25, 1.5, 19.75, 9999.0, 9999.0, 9999.0, 120.0, 123.5, 119.0, 103.0, 134.5
2023-04-06, 23:56:22, 131.75, 51.5, 19.25, 26.5, 9999.0, 1.25, 1.5, 19.75, 9999.0, 9999.0, 9999.0, 120.0, 123.75, 119.0, 103.0, 134.5
2023-04-06, 23:56:26, 131.75, 51.75, 19.25, 26.5, 9999.0, 1.25, 1.5, 19.75, 9999.0, 9999.0, 9999.0, 120.0, 123.75, 119.0, 103.0, 134.5
2023-04-06, 23:56:30, 131.75, 51.75, 19.25, 26.5, 9999.0, 1.25, 1.5, 19.75, 9999.0, 9999.0, 9999.0, 120.0, 123.75, 119.0, 103.0, 134.5
2023-04-06, 23:56:34, 131.75, 51.75, 19.25, 26.75, 9999.0, 1.25, 1.5, 19.75, 9999.0, 9999.0, 9999.0, 120.0, 123.75, 119.0, 103.0, 134.5
2023-04-06, 23:56:38, 131.75, 51.75, 19.5, 26.75, 9999.0, 1.25, 1.5, 19.75, 9999.0, 9999.0, 9999.0, 119.75, 123.75, 119.0, 103.0, 134.5
2023-04-06, 23:56:42, 131.75, 51.75, 19.5, 26.5, 9999.0, 1.25, 1.5, 19.75, 9999.0, 9999.0, 9999.0, 119.75, 123.75, 119.0, 103.0, 134.5
2023-04-06, 23:56:46, 131.75, 51.75, 19.5, 26.5, 9999.0, 1.25, 1.5, 19.75, 9999.0, 9999.0, 9999.0, 119.75, 123.75, 119.0, 103.0, 134.5
2023-04-06, 23:56:50, 131.75, 51.75, 19.5, 26.5, 9999.0, 1.25, 1.5, 19.75, 9999.0, 9999.0, 9999.0, 119.75, 123.75, 119.0, 103.0, 134.5
2023-04-06, 23:56:54, 131.75, 51.75, 19.25, 26.5, 9999.0, 1.25, 1.5, 19.75, 9999.0, 9999.0, 9999.0, 119.75, 123.75, 119.0, 103.0, 134.5
2023-04-06, 23:56:58, 131.75, 51.75, 19.25, 26.25, 9999.0, 1.25, 1.5, 19.75, 9999.0, 9999.0, 9999.0, 119.75, 123.75, 119.0, 103.0, 134.5
2023-04-06, 23:57:02, 131.75, 51.75, 19.5, 26.25, 9999.0, 1.25, 1.5, 19.75, 9999.0, 9999.0, 9999.0, 119.5, 123.75, 119.0, 103.0, 134.5
2023-04-06, 23:57:06, 131.75, 51.75, 19.5, 26.5, 9999.0, 1.5, 1.5, 19.75, 9999.0, 9999.0, 9999.0, 119.5, 123.75, 119.0, 103.0, 134.5
2023-04-06, 23:57:10, 131.75, 51.75, 19.25, 26.25, 9999.0, 1.5, 1.5, 19.75, 9999.0, 9999.0, 9999.0, 119.5, 123.75, 119.0, 103.0, 134.5
2023-04-06, 23:57:14, 131.75, 51.75, 19.25, 26.25, 9999.0, 1.5, 1.5, 19.75, 9999.0, 9999.0, 9999.0, 120.25, 123.75, 119.0, 103.0, 134.5
2023-04-06, 23:57:18, 131.75, 51.75, 19.25, 26.5, 9999.0, 1.5, 1.5, 19.75, 9999.0, 9999.0, 9999.0, 120.25, 123.5, 119.0, 103.0, 134.5
2023-04-06, 23:57:22, 131.75, 51.75, 19.25, 26.5, 9999.0, 1.5, 1.5, 19.75, 9999.0, 9999.0, 9999.0, 120.25, 123.5, 119.0, 103.0, 134.5
2023-04-06, 23:57:26, 131.75, 51.75, 19.25, 26.5, 9999.0, 1.5, 1.5, 19.75, 9999.0, 9999.0, 9999.0, 120.25, 123.5, 119.0, 103.0, 134.5
2023-04-06, 23:57:30, 131.75, 51.75, 19.25, 26.5, 9999.0, 1.5, 1.5, 19.75, 9999.0, 9999.0, 9999.0, 120.25, 123.5, 119.0, 103.0, 134.5
2023-04-06, 23:57:34, 131.75, 51.75, 19.25, 26.25, 9999.0, 1.5, 1.5, 19.75, 9999.0, 9999.0, 9999.0, 120.0, 123.5, 119.0, 103.0, 134.5
2023-04-06, 23:57:38, 131.75, 51.75, 19.25, 26.25, 9999.0, 1.25, 1.5, 19.75, 9999.0, 9999.0, 9999.0, 120.0, 123.5, 119.0, 103.0, 134.5
2023-04-06, 23:57:42, 131.75, 51.75, 19.25, 26.25, 9999.0, 1.25, 1.5, 19.75, 9999.0, 9999.0, 9999.0, 120.0, 123.5, 119.0, 103.0, 134.5
2023-04-06, 23:57:46, 131.75, 51.75, 19.5, 26.25, 9999.0, 1.25, 1.5, 19.75, 9999.0, 9999.0, 9999.0, 120.0, 123.75, 119.0, 103.0, 134.5
2023-04-06, 23:57:50, 131.75, 51.75, 19.5, 26.25, 9999.0, 1.25, 1.5, 19.75, 9999.0, 9999.0, 9999.0, 120.0, 123.75, 119.0, 103.0, 134.5
2023-04-06, 23:57:54, 131.75, 51.75, 19.5, 26.0, 9999.0, 1.25, 1.5, 19.75, 9999.0, 9999.0, 9999.0, 120.0, 123.75, 119.0, 103.0, 134.5
2023-04-06, 23:57:58, 131.75, 51.75, 19.5, 26.0, 9999.0, 1.25, 1.5, 19.75, 9999.0, 9999.0, 9999.0, 120.0, 123.75, 119.0, 103.0, 134.5
2023-04-06, 23:58:02, 131.75, 51.75, 19.25, 26.25, 9999.0, 1.25, 1.5, 19.75, 9999.0, 9999.0, 9999.0, 119.75, 123.75, 119.0, 103.0, 134.5
2023-04-06, 23:58:06, 131.75, 51.75, 19.5, 26.0, 9999.0, 1.25, 1.5, 19.75, 9999.0, 9999.0, 9999.0, 119.75, 123.75, 119.0, 103.0, 134.5
2023-04-06, 23:58:10, 132.0, 51.75, 19.5, 26.25, 9999.0, 1.25, 1.5, 19.75, 9999.0, 9999.0, 9999.0, 119.75, 123.75, 119.0, 103.0, 134.5
2023-04-06, 23:58:14, 131.75, 51.75, 19.5, 26.25, 9999.0, 1.25, 1.5, 19.75, 9999.0, 9999.0, 9999.0, 119.75, 123.75, 119.0, 103.0, 134.5
2023-04-06, 23:58:18, 132.0, 51.75, 19.25, 26.25, 9999.0, 1.5, 1.5, 19.75, 9999.0, 9999.0, 9999.0, 119.75, 123.5, 119.0, 103.0, 134.5
2023-04-06, 23:58:22, 131.75, 51.75, 19.5, 26.5, 9999.0, 1.5, 1.5, 19.75, 9999.0, 9999.0, 9999.0, 119.75, 123.5, 119.0, 103.0, 134.5
2023-04-06, 23:58:26, 131.75, 51.75, 19.5, 26.5, 9999.0, 1.25, 1.5, 19.75, 9999.0, 9999.0, 9999.0, 119.75, 123.5, 119.0, 103.0, 134.5
2023-04-06, 23:58:30, 131.75, 51.75, 19.5, 26.25, 9999.0, 1.5, 1.5, 19.75, 9999.0, 9999.0, 9999.0, 119.75, 123.5, 119.0, 103.0, 134.5
2023-04-06, 23:58:34, 131.75, 51.75, 19.5, 26.5, 9999.0, 1.5, 1.5, 20.0, 9999.0, 9999.0, 9999.0, 119.5, 123.5, 119.0, 103.0, 134.5
2023-04-06, 23:58:38, 132.0, 51.75, 19.25, 26.5, 9999.0, 1.5, 1.5, 19.75, 9999.0, 9999.0, 9999.0, 120.25, 123.5, 119.0, 103.0, 134.5
2023-04-06, 23:58:42, 132.0, 51.75, 19.5, 26.5, 9999.0, 1.5, 1.5, 19.75, 9999.0, 9999.0, 9999.0, 120.25, 123.5, 119.0, 103.0, 134.5
2023-04-06, 23:58:46, 132.0, 51.75, 19.5, 26.25, 9999.0, 1.5, 1.5, 20.0, 9999.0, 9999.0, 9999.0, 120.25, 123.5, 119.0, 103.25, 134.5
2023-04-06, 23:58:50, 132.0, 51.75, 19.5, 26.25, 9999.0, 1.5, 1.5, 19.75, 9999.0, 9999.0, 9999.0, 120.25, 123.5, 119.0, 103.0, 134.5
2023-04-06, 23:58:54, 132.0, 51.75, 19.5, 26.5, 9999.0, 1.5, 1.75, 20.0, 9999.0, 9999.0, 9999.0, 120.25, 123.5, 119.0, 103.25, 134.5
2023-04-06, 23:58:58, 131.75, 51.75, 19.25, 26.5, 9999.0, 1.5, 1.5, 19.75, 9999.0, 9999.0, 9999.0, 120.0, 123.5, 119.0, 103.0, 134.5
2023-04-06, 23:59:02, 132.0, 51.75, 19.5, 26.5, 9999.0, 1.5, 1.5, 19.75, 9999.0, 9999.0, 9999.0, 120.0, 123.5, 119.0, 103.0, 134.5
2023-04-06, 23:59:06, 132.0, 51.75, 19.5, 26.5, 9999.0, 1.25, 1.5, 19.75, 9999.0, 9999.0, 9999.0, 120.0, 123.75, 119.0, 103.0, 134.5
2023-04-06, 23:59:10, 132.0, 51.75, 19.5, 26.5, 9999.0, 1.25, 1.75, 19.75, 9999.0, 9999.0, 9999.0, 120.0, 123.75, 119.0, 103.0, 134.5
2023-04-06, 23:59:14, 132.0, 51.75, 19.25, 26.5, 9999.0, 1.5, 1.5, 19.75, 9999.0, 9999.0, 9999.0, 120.0, 123.75, 119.0, 103.0, 134.5
2023-04-06, 23:59:18, 131.75, 51.75, 19.25, 26.5, 9999.0, 1.5, 1.5, 19.75, 9999.0, 9999.0, 9999.0, 120.0, 123.75, 119.0, 103.0, 134.75
2023-04-06, 23:59:22, 132.0, 51.75, 19.25, 26.5, 9999.0, 1.25, 1.75, 19.75, 9999.0, 9999.0, 9999.0, 120.0, 123.75, 119.0, 103.0, 134.5
2023-04-06, 23:59:26, 131.75, 51.75, 19.25, 26.5, 9999.0, 1.25, 1.5, 19.75, 9999.0, 9999.0, 9999.0, 120.0, 123.75, 119.0, 103.0, 134.5
2023-04-06, 23:59:30, 131.75, 51.75, 19.25, 26.5, 9999.0, 1.25, 1.5, 20.0, 9999.0, 9999.0, 9999.0, 119.75, 123.75, 119.0, 103.0, 134.5
2023-04-06, 23:59:34, 132.0, 51.75, 19.5, 26.25, 9999.0, 1.25, 1.5, 20.0, 9999.0, 9999.0, 9999.0, 119.75, 123.5, 119.0, 103.0, 134.5
2023-04-06, 23:59:38, 131.75, 51.75, 19.5, 26.25, 9999.0, 1.25, 1.5, 20.0, 9999.0, 9999.0, 9999.0, 119.75, 123.5, 119.0, 103.0, 134.5
2023-04-06, 23:59:42, 131.75, 51.75, 19.5, 26.5, 9999.0, 1.5, 1.5, 19.75, 9999.0, 9999.0, 9999.0, 119.75, 123.75, 119.0, 103.0, 134.5
2023-04-06, 23:59:46, 131.75, 51.75, 19.5, 26.5, 9999.0, 1.5, 1.5, 19.75, 9999.0, 9999.0, 9999.0, 119.75, 123.5, 119.0, 103.0, 134.5
2023-04-06, 23:59:50, 131.75, 51.75, 19.5, 26.5, 9999.0, 1.5, 1.5, 19.75, 9999.0, 9999.0, 9999.0, 119.5, 123.5, 119.0, 103.0, 134.5
2023-04-06, 23:59:54, 131.75, 51.75, 19.5, 26.5, 9999.0, 1.5, 1.5, 19.75, 9999.0, 9999.0, 9999.0, 119.5, 123.5, 119.0, 103.0, 134.5
2023-04-06, 23:59:59, 132.0, 51.75, 19.5, 26.25, 9999.0, 1.5, 1.5, 19.75, 9999.0, 9999.0, 9999.0, 119.5, 123.5, 119.0, 103.0, 134.75
