2018-08-17 00:00:05, , , , 
2018-08-17 00:01:04, , , , 
2018-08-17 00:02:03, , , , 
2018-08-17 00:03:04, 9.29, 0.5, 3.9, 13.69
2018-08-17 00:04:04, 9.29, 0.5, 3.9, 13.69
2018-08-17 00:05:03, 9.29, 0.5, 3.9, 13.69
2018-08-17 00:06:04, 9.29, 0.5, 3.9, 13.69
2018-08-17 00:07:04, 9.29, 0.5, 3.9, 13.69
2018-08-17 00:08:04, 2.5, 0.1, 4.1, 6.7
2018-08-17 00:09:03, 2.5, 0.1, 4.1, 6.7
2018-08-17 00:10:04, 2.5, 0.1, 4.1, 6.7
2018-08-17 00:11:04, 2.5, 0.1, 4.1, 6.7
2018-08-17 00:12:03, 2.5, 0.1, 4.1, 6.7
2018-08-17 00:13:03, 2.47, 0.1, 3.9, 6.47
2018-08-17 00:14:04, 2.47, 0.1, 3.9, 6.47
2018-08-17 00:15:04, 2.47, 0.1, 3.9, 6.47
2018-08-17 00:16:04, 2.47, 0.1, 3.9, 6.47
2018-08-17 00:17:04, 2.47, 0.1, 3.9, 6.47
2018-08-17 00:18:03, 2.48, 0.1, 4.6, 7.18
2018-08-17 00:19:04, 2.48, 0.1, 4.6, 7.18
2018-08-17 00:20:04, 2.48, 0.1, 4.6, 7.18
2018-08-17 00:21:03, 2.48, 0.1, 4.6, 7.18
2018-08-17 00:22:04, 2.48, 0.1, 4.6, 7.18
2018-08-17 00:23:04, 9.18, 0.1, 4.5, 13.78
2018-08-17 00:24:04, 9.18, 0.1, 4.5, 13.78
2018-08-17 00:25:03, 9.18, 0.1, 4.5, 13.78
2018-08-17 00:26:04, 9.18, 0.1, 4.5, 13.78
2018-08-17 00:27:04, 9.18, 0.1, 4.5, 13.78
2018-08-17 00:28:03, 2.48, 0.1, 4.5, 7.08
2018-08-17 00:29:04, 2.48, 0.1, 4.5, 7.08
2018-08-17 00:30:05, 2.48, 0.1, 4.5, 7.08
2018-08-17 00:31:03, 2.48, 0.1, 4.5, 7.08
2018-08-17 00:32:04, 2.48, 0.1, 4.5, 7.08
2018-08-17 00:33:04, 2.47, 0.1, 4.4, 6.97
2018-08-17 00:34:03, 2.47, 0.1, 4.4, 6.97
2018-08-17 00:35:04, 2.47, 0.1, 4.4, 6.97
2018-08-17 00:36:03, 2.47, 0.1, 4.4, 6.97
2018-08-17 00:37:03, 2.47, 0.1, 4.4, 6.97
2018-08-17 00:38:04, 2.48, 0.1, 4.3, 6.88
2018-08-17 00:39:04, 2.48, 0.1, 4.3, 6.88
2018-08-17 00:40:04, 2.48, 0.1, 4.3, 6.88
2018-08-17 00:41:03, 2.48, 0.1, 4.3, 6.88
2018-08-17 00:42:04, 2.48, 0.1, 4.3, 6.88
2018-08-17 00:43:04, 9.27, 0.1, 3.9, 13.27
2018-08-17 00:44:03, 9.27, 0.1, 3.9, 13.27
2018-08-17 00:45:04, 9.27, 0.1, 3.9, 13.27
2018-08-17 00:46:04, 9.27, 0.1, 3.9, 13.27
2018-08-17 00:47:04, 9.27, 0.1, 3.9, 13.27
2018-08-17 00:48:03, 9.21, 0.1, 4.0, 13.31
2018-08-17 00:49:04, 9.21, 0.1, 4.0, 13.31
2018-08-17 00:50:04, 9.21, 0.1, 4.0, 13.31
2018-08-17 00:51:04, 9.21, 0.1, 4.0, 13.31
2018-08-17 00:52:03, 9.21, 0.1, 4.0, 13.31
2018-08-17 00:53:04, 2.5, 0.1, 4.4, 7.0
2018-08-17 00:54:04, 2.5, 0.1, 4.4, 7.0
2018-08-17 00:55:03, 2.5, 0.1, 4.4, 7.0
2018-08-17 00:56:04, 2.5, 0.1, 4.4, 7.0
2018-08-17 00:57:04, 2.5, 0.1, 4.4, 7.0
2018-08-17 00:58:04, 2.49, 0.1, 4.1, 6.69
2018-08-17 00:59:03, 2.49, 0.1, 4.1, 6.69
2018-08-17 01:00:04, 2.49, 0.1, 4.1, 6.69
2018-08-17 01:01:04, 2.49, 0.1, 4.1, 6.69
2018-08-17 01:02:03, 2.49, 0.1, 4.1, 6.69
2018-08-17 01:03:04, 2.49, 0.1, 4.6, 7.19
2018-08-17 01:04:04, 2.49, 0.1, 4.6, 7.19
2018-08-17 01:05:04, 2.49, 0.1, 4.6, 7.19
2018-08-17 01:06:03, 2.49, 0.1, 4.6, 7.19
2018-08-17 01:07:03, 2.49, 0.1, 4.6, 7.19
2018-08-17 01:08:04, 9.22, 0.1, 3.9, 13.22
2018-08-17 01:09:04, 9.22, 0.1, 3.9, 13.22
2018-08-17 01:10:04, 9.22, 0.1, 3.9, 13.22
2018-08-17 01:11:03, 9.22, 0.1, 3.9, 13.22
2018-08-17 01:12:04, 9.22, 0.1, 3.9, 13.22
2018-08-17 01:13:03, 9.3, 0.1, 4.4, 13.8
2018-08-17 01:14:03, 9.3, 0.1, 4.4, 13.8
2018-08-17 01:15:04, 9.3, 0.1, 4.4, 13.8
2018-08-17 01:16:04, 9.3, 0.1, 4.4, 13.8
2018-08-17 01:17:04, 9.3, 0.1, 4.4, 13.8
2018-08-17 01:18:03, 2.49, 0.1, 4.4, 6.99
2018-08-17 01:19:04, 2.49, 0.1, 4.4, 6.99
2018-08-17 01:20:04, 2.49, 0.1, 4.4, 6.99
2018-08-17 01:21:03, 2.49, 0.1, 4.4, 6.99
2018-08-17 01:22:03, 2.49, 0.1, 4.4, 6.99
2018-08-17 01:23:04, 2.5, 0.1, 4.4, 7.0
2018-08-17 01:24:04, 2.5, 0.1, 4.4, 7.0
2018-08-17 01:25:04, 2.5, 0.1, 4.4, 7.0
2018-08-17 01:26:04, 2.5, 0.1, 4.4, 7.0
2018-08-17 01:27:03, 2.5, 0.1, 4.4, 7.0
2018-08-17 01:28:03, 2.5, 0.1, 4.2, 6.8
2018-08-17 01:29:04, 2.5, 0.1, 4.2, 6.8
2018-08-17 01:30:07, 2.5, 0.1, 4.2, 6.8
2018-08-17 01:31:03, 2.5, 0.1, 4.2, 6.8
2018-08-17 01:32:03, 2.5, 0.1, 4.2, 6.8
2018-08-17 01:33:04, 9.43, 0.1, 3.9, 13.43
2018-08-17 01:34:04, 9.43, 0.1, 3.9, 13.43
2018-08-17 01:35:03, 9.43, 0.1, 3.9, 13.43
2018-08-17 01:36:04, 9.43, 0.1, 3.9, 13.43
2018-08-17 01:37:03, 9.43, 0.1, 3.9, 13.43
2018-08-17 01:38:04, 2.49, 0.1, 4.4, 6.99
2018-08-17 01:39:04, 2.49, 0.1, 4.4, 6.99
2018-08-17 01:40:03, 2.49, 0.1, 4.4, 6.99
2018-08-17 01:41:04, 2.49, 0.1, 4.4, 6.99
2018-08-17 01:42:04, 2.49, 0.1, 4.4, 6.99
2018-08-17 01:43:05, 2.49, 0.1, 4.5, 7.09
2018-08-17 01:44:04, 2.49, 0.1, 4.5, 7.09
2018-08-17 01:45:04, 2.49, 0.1, 4.5, 7.09
2018-08-17 01:46:04, 2.49, 0.1, 4.5, 7.09
2018-08-17 01:47:03, 2.49, 0.1, 4.5, 7.09
2018-08-17 01:48:04, 2.49, 0.1, 4.3, 6.89
2018-08-17 01:49:04, 2.49, 0.1, 4.3, 6.89
2018-08-17 01:50:04, 2.49, 0.1, 4.3, 6.89
2018-08-17 01:51:04, 2.49, 0.1, 4.3, 6.89
2018-08-17 01:52:03, 2.49, 0.1, 4.3, 6.89
2018-08-17 01:53:04, 9.4, 0.1, 4.3, 13.8
2018-08-17 01:54:04, 9.4, 0.1, 4.3, 13.8
2018-08-17 01:55:04, 9.4, 0.1, 4.3, 13.8
2018-08-17 01:56:03, 9.4, 0.1, 4.3, 13.8
2018-08-17 01:57:04, 9.4, 0.1, 4.3, 13.8
2018-08-17 01:58:04, 9.24, 0.1, 4.5, 13.84
2018-08-17 01:59:05, 9.24, 0.1, 4.5, 13.84
2018-08-17 02:00:04, 9.24, 0.1, 4.5, 13.84
2018-08-17 02:01:04, 9.24, 0.1, 4.5, 13.84
2018-08-17 02:02:03, 9.24, 0.1, 4.5, 13.84
2018-08-17 02:03:03, 2.5, 0.1, 4.5, 7.1
2018-08-17 02:04:04, 2.5, 0.1, 4.5, 7.1
2018-08-17 02:05:04, 2.5, 0.1, 4.5, 7.1
2018-08-17 02:06:03, 2.5, 0.1, 4.5, 7.1
2018-08-17 02:07:04, 2.5, 0.1, 4.5, 7.1
2018-08-17 02:08:04, 2.5, 0.1, 4.1, 6.7
2018-08-17 02:09:03, 2.5, 0.1, 4.1, 6.7
2018-08-17 02:10:04, 2.5, 0.1, 4.1, 6.7
2018-08-17 02:11:04, 2.5, 0.1, 4.1, 6.7
2018-08-17 02:12:04, 2.5, 0.1, 4.1, 6.7
2018-08-17 02:13:05, 2.5, 0.1, 4.4, 7.0
2018-08-17 02:14:03, 2.5, 0.1, 4.4, 7.0
2018-08-17 02:15:04, 2.5, 0.1, 4.4, 7.0
2018-08-17 02:16:04, 2.5, 0.1, 4.4, 7.0
2018-08-17 02:17:04, 2.5, 0.1, 4.4, 7.0
2018-08-17 02:18:03, 9.4, 0.5, 4.4, 14.3
2018-08-17 02:19:03, 9.4, 0.5, 4.4, 14.3
2018-08-17 02:20:04, 9.4, 0.5, 4.4, 14.3
2018-08-17 02:21:04, 9.4, 0.5, 4.4, 14.3
2018-08-17 02:22:03, 9.4, 0.5, 4.4, 14.3
2018-08-17 02:23:03, 9.47, 0.5, 4.2, 14.17
2018-08-17 02:24:04, 9.47, 0.5, 4.2, 14.17
2018-08-17 02:25:04, 9.47, 0.5, 4.2, 14.17
2018-08-17 02:26:04, 9.47, 0.5, 4.2, 14.17
2018-08-17 02:27:04, 9.47, 0.5, 4.2, 14.17
2018-08-17 02:28:03, 2.49, 0.1, 4.3, 6.89
2018-08-17 02:29:04, 2.49, 0.1, 4.3, 6.89
2018-08-17 02:30:05, 2.49, 0.1, 4.3, 6.89
2018-08-17 02:31:03, 2.49, 0.1, 4.3, 6.89
2018-08-17 02:32:04, 2.49, 0.1, 4.3, 6.89
2018-08-17 02:33:04, 2.51, 0.1, 4.4, 7.01
2018-08-17 02:34:04, 2.51, 0.1, 4.4, 7.01
2018-08-17 02:35:04, 2.51, 0.1, 4.4, 7.01
2018-08-17 02:36:06, 2.51, 0.1, 4.4, 7.01
2018-08-17 02:37:03, 2.51, 0.1, 4.4, 7.01
2018-08-17 02:38:03, 2.49, 0.1, 4.5, 7.09
2018-08-17 02:39:04, 2.49, 0.1, 4.5, 7.09
2018-08-17 02:40:03, 2.49, 0.1, 4.5, 7.09
2018-08-17 02:41:04, 2.49, 0.1, 4.5, 7.09
2018-08-17 02:42:05, 2.49, 0.1, 4.5, 7.09
2018-08-17 02:43:04, 9.41, 0.1, 4.1, 13.61
2018-08-17 02:44:03, 9.41, 0.1, 4.1, 13.61
2018-08-17 02:45:03, 9.41, 0.1, 4.1, 13.61
2018-08-17 02:46:04, 9.41, 0.1, 4.1, 13.61
2018-08-17 02:47:04, 9.41, 0.1, 4.1, 13.61
2018-08-17 02:48:03, 2.48, 0.1, 3.9, 6.48
2018-08-17 02:49:03, 2.48, 0.1, 3.9, 6.48
2018-08-17 02:50:04, 2.48, 0.1, 3.9, 6.48
2018-08-17 02:51:04, 2.48, 0.1, 3.9, 6.48
2018-08-17 02:52:03, 2.48, 0.1, 3.9, 6.48
2018-08-17 02:53:03, 2.5, 0.1, 4.4, 7.0
2018-08-17 02:54:04, 2.5, 0.1, 4.4, 7.0
2018-08-17 02:55:04, 2.5, 0.1, 4.4, 7.0
2018-08-17 02:56:03, 2.5, 0.1, 4.4, 7.0
2018-08-17 02:57:04, 2.5, 0.1, 4.4, 7.0
2018-08-17 02:58:04, 2.5, 0.1, 4.0, 6.6
2018-08-17 02:59:03, 2.5, 0.1, 4.0, 6.6
2018-08-17 03:00:05, 2.5, 0.1, 4.0, 6.6
2018-08-17 03:01:03, 2.5, 0.1, 4.0, 6.6
2018-08-17 03:02:04, 2.5, 0.1, 4.0, 6.6
2018-08-17 03:03:04, 9.25, 0.1, 4.0, 13.35
2018-08-17 03:04:04, 9.25, 0.1, 4.0, 13.35
2018-08-17 03:05:03, 9.25, 0.1, 4.0, 13.35
2018-08-17 03:06:04, 9.25, 0.1, 4.0, 13.35
2018-08-17 03:07:04, 9.25, 0.1, 4.0, 13.35
2018-08-17 03:08:03, 9.46, 0.1, 4.3, 13.86
2018-08-17 03:09:03, 9.46, 0.1, 4.3, 13.86
2018-08-17 03:10:04, 9.46, 0.1, 4.3, 13.86
2018-08-17 03:11:04, 9.46, 0.1, 4.3, 13.86
2018-08-17 03:12:03, 9.46, 0.1, 4.3, 13.86
2018-08-17 03:13:03, 2.48, 0.1, 3.9, 6.48
2018-08-17 03:14:04, 2.48, 0.1, 3.9, 6.48
2018-08-17 03:15:04, 2.48, 0.1, 3.9, 6.48
2018-08-17 03:16:04, 2.48, 0.1, 3.9, 6.48
2018-08-17 03:17:04, 2.48, 0.1, 3.9, 6.48
2018-08-17 03:18:03, 2.49, 0.1, 4.3, 6.89
2018-08-17 03:19:04, 2.49, 0.1, 4.3, 6.89
2018-08-17 03:20:04, 2.49, 0.1, 4.3, 6.89
2018-08-17 03:21:03, 2.49, 0.1, 4.3, 6.89
2018-08-17 03:22:03, 2.49, 0.1, 4.3, 6.89
2018-08-17 03:23:04, 2.51, 0.1, 3.8, 6.41
2018-08-17 03:24:04, 2.51, 0.1, 3.8, 6.41
2018-08-17 03:25:03, 2.51, 0.1, 3.8, 6.41
2018-08-17 03:26:05, 2.51, 0.1, 3.8, 6.41
2018-08-17 03:27:04, 2.51, 0.1, 3.8, 6.41
2018-08-17 03:28:03, 9.4, 0.1, 4.5, 14.0
2018-08-17 03:29:04, 9.4, 0.1, 4.5, 14.0
2018-08-17 03:30:04, 9.4, 0.1, 4.5, 14.0
2018-08-17 03:31:04, 9.4, 0.1, 4.5, 14.0
2018-08-17 03:32:04, 9.4, 0.1, 4.5, 14.0
2018-08-17 03:33:04, 9.47, 0.5, 4.5, 14.47
2018-08-17 03:34:03, 9.47, 0.5, 4.5, 14.47
2018-08-17 03:35:04, 9.47, 0.5, 4.5, 14.47
2018-08-17 03:36:04, 9.47, 0.5, 4.5, 14.47
2018-08-17 03:37:03, 9.47, 0.5, 4.5, 14.47
2018-08-17 03:38:03, 2.51, 0.1, 3.9, 6.51
2018-08-17 03:39:04, 2.51, 0.1, 3.9, 6.51
2018-08-17 03:40:04, 2.51, 0.1, 3.9, 6.51
2018-08-17 03:41:03, 2.51, 0.1, 3.9, 6.51
2018-08-17 03:42:04, 2.51, 0.1, 3.9, 6.51
2018-08-17 03:43:04, 2.49, 0.1, 4.5, 7.09
2018-08-17 03:44:03, 2.49, 0.1, 4.5, 7.09
2018-08-17 03:45:03, 2.49, 0.1, 4.5, 7.09
2018-08-17 03:46:03, 2.49, 0.1, 4.5, 7.09
2018-08-17 03:47:04, 2.49, 0.1, 4.5, 7.09
2018-08-17 03:48:04, 2.49, 0.1, 3.8, 6.39
2018-08-17 03:49:04, 2.49, 0.1, 3.8, 6.39
2018-08-17 03:50:03, 2.49, 0.1, 3.8, 6.39
2018-08-17 03:51:03, 2.49, 0.1, 3.8, 6.39
2018-08-17 03:52:04, 2.49, 0.1, 3.8, 6.39
2018-08-17 03:53:04, 9.43, 0.1, 3.9, 13.43
2018-08-17 03:54:03, 9.43, 0.1, 3.9, 13.43
2018-08-17 03:55:04, 9.43, 0.1, 3.9, 13.43
2018-08-17 03:56:04, 9.43, 0.1, 3.9, 13.43
2018-08-17 03:57:03, 9.43, 0.1, 3.9, 13.43
2018-08-17 03:58:04, 2.48, 0.1, 4.5, 7.08
2018-08-17 03:59:04, 2.48, 0.1, 4.5, 7.08
2018-08-17 04:00:04, 2.48, 0.1, 4.5, 7.08
2018-08-17 04:01:06, 2.48, 0.1, 4.5, 7.08
2018-08-17 04:02:03, 2.48, 0.1, 4.5, 7.08
2018-08-17 04:03:04, 2.49, 0.1, 4.1, 6.69
2018-08-17 04:04:04, 2.49, 0.1, 4.1, 6.69
2018-08-17 04:05:04, 2.49, 0.1, 4.1, 6.69
2018-08-17 04:06:03, 2.49, 0.1, 4.1, 6.69
2018-08-17 04:07:04, 2.49, 0.1, 4.1, 6.69
2018-08-17 04:08:04, 2.49, 0.1, 3.9, 6.49
2018-08-17 04:09:04, 2.49, 0.1, 3.9, 6.49
2018-08-17 04:10:04, 2.49, 0.1, 3.9, 6.49
2018-08-17 04:11:04, 2.49, 0.1, 3.9, 6.49
2018-08-17 04:12:03, 2.49, 0.1, 3.9, 6.49
2018-08-17 04:13:04, 9.38, 0.1, 4.0, 13.48
2018-08-17 04:14:04, 9.38, 0.1, 4.0, 13.48
2018-08-17 04:15:03, 9.38, 0.1, 4.0, 13.48
2018-08-17 04:16:03, 9.38, 0.1, 4.0, 13.48
2018-08-17 04:17:04, 9.38, 0.1, 4.0, 13.48
2018-08-17 04:18:04, 9.48, 0.1, 4.2, 13.78
2018-08-17 04:19:04, 9.48, 0.1, 4.2, 13.78
2018-08-17 04:20:03, 9.48, 0.1, 4.2, 13.78
2018-08-17 04:21:03, 9.48, 0.1, 4.2, 13.78
2018-08-17 04:22:04, 9.48, 0.1, 4.2, 13.78
2018-08-17 04:23:05, 2.49, 0.1, 4.4, 6.99
2018-08-17 04:24:03, 2.49, 0.1, 4.4, 6.99
2018-08-17 04:25:04, 2.49, 0.1, 4.4, 6.99
2018-08-17 04:26:04, 2.49, 0.1, 4.4, 6.99
2018-08-17 04:27:03, 2.49, 0.1, 4.4, 6.99
2018-08-17 04:28:06, 2.5, 0.1, 3.9, 6.5
2018-08-17 04:29:04, 2.5, 0.1, 3.9, 6.5
2018-08-17 04:30:04, 2.5, 0.1, 3.9, 6.5
2018-08-17 04:31:03, 2.5, 0.1, 3.9, 6.5
2018-08-17 04:32:04, 2.5, 0.1, 3.9, 6.5
2018-08-17 04:33:04, 2.52, 0.1, 4.1, 6.72
2018-08-17 04:34:03, 2.52, 0.1, 4.1, 6.72
2018-08-17 04:35:03, 2.52, 0.1, 4.1, 6.72
2018-08-17 04:36:04, 2.52, 0.1, 4.1, 6.72
2018-08-17 04:37:04, 2.52, 0.1, 4.1, 6.72
2018-08-17 04:38:04, 9.44, 0.1, 4.4, 13.94
2018-08-17 04:39:04, 9.44, 0.1, 4.4, 13.94
2018-08-17 04:40:03, 9.44, 0.1, 4.4, 13.94
2018-08-17 04:41:04, 9.44, 0.1, 4.4, 13.94
2018-08-17 04:42:04, 9.44, 0.1, 4.4, 13.94
2018-08-17 04:43:04, 9.27, 0.1, 4.1, 13.47
2018-08-17 04:44:03, 9.27, 0.1, 4.1, 13.47
2018-08-17 04:45:03, 9.27, 0.1, 4.1, 13.47
2018-08-17 04:46:04, 9.27, 0.1, 4.1, 13.47
2018-08-17 04:47:04, 9.27, 0.1, 4.1, 13.47
2018-08-17 04:48:04, 2.5, 0.1, 3.9, 6.5
2018-08-17 04:49:03, 2.5, 0.1, 3.9, 6.5
2018-08-17 04:50:06, 2.5, 0.1, 3.9, 6.5
2018-08-17 04:51:03, 2.5, 0.1, 3.9, 6.5
2018-08-17 04:52:04, 2.5, 0.1, 3.9, 6.5
2018-08-17 04:53:04, 2.49, 0.1, 3.9, 6.49
2018-08-17 04:54:04, 2.49, 0.1, 3.9, 6.49
2018-08-17 04:55:03, 2.49, 0.1, 3.9, 6.49
2018-08-17 04:56:04, 2.49, 0.1, 3.9, 6.49
2018-08-17 04:57:04, 2.49, 0.1, 3.9, 6.49
2018-08-17 04:58:04, 2.51, 0.1, 4.5, 7.11
2018-08-17 04:59:03, 2.51, 0.1, 4.5, 7.11
2018-08-17 05:00:04, 2.51, 0.1, 4.5, 7.11
2018-08-17 05:01:04, 2.51, 0.1, 4.5, 7.11
2018-08-17 05:02:04, 2.51, 0.1, 4.5, 7.11
2018-08-17 05:03:03, 9.44, 0.5, 3.9, 13.84
2018-08-17 05:04:04, 9.44, 0.5, 3.9, 13.84
2018-08-17 05:05:04, 9.44, 0.5, 3.9, 13.84
2018-08-17 05:06:03, 9.44, 0.5, 3.9, 13.84
2018-08-17 05:07:03, 9.44, 0.5, 3.9, 13.84
2018-08-17 05:08:04, 2.52, 0.5, 4.5, 7.52
2018-08-17 05:09:03, 2.52, 0.5, 4.5, 7.52
2018-08-17 05:10:05, 2.52, 0.5, 4.5, 7.52
2018-08-17 05:11:04, 2.52, 0.5, 4.5, 7.52
2018-08-17 05:12:04, 2.52, 0.5, 4.5, 7.52
2018-08-17 05:13:04, 2.51, 0.1, 3.9, 6.51
2018-08-17 05:14:03, 2.51, 0.1, 3.9, 6.51
2018-08-17 05:15:04, 2.51, 0.1, 3.9, 6.51
2018-08-17 05:16:05, 2.51, 0.1, 3.9, 6.51
2018-08-17 05:17:04, 2.51, 0.1, 3.9, 6.51
2018-08-17 05:18:04, 2.5, 0.1, 3.9, 6.5
2018-08-17 05:19:03, 2.5, 0.1, 3.9, 6.5
2018-08-17 05:20:06, 2.5, 0.1, 3.9, 6.5
2018-08-17 05:21:06, 2.5, 0.1, 3.9, 6.5
2018-08-17 05:22:04, 2.5, 0.1, 3.9, 6.5
2018-08-17 05:23:04, 9.32, 0.1, 4.3, 13.72
2018-08-17 05:24:04, 9.32, 0.1, 4.3, 13.72
2018-08-17 05:25:03, 9.32, 0.1, 4.3, 13.72
2018-08-17 05:26:04, 9.32, 0.1, 4.3, 13.72
2018-08-17 05:27:04, 9.32, 0.1, 4.3, 13.72
2018-08-17 05:28:04, 9.46, 0.1, 4.0, 13.56
2018-08-17 05:29:03, 9.46, 0.1, 4.0, 13.56
2018-08-17 05:30:05, 9.46, 0.1, 4.0, 13.56
2018-08-17 05:31:04, 9.46, 0.1, 4.0, 13.56
2018-08-17 05:32:04, 9.46, 0.1, 4.0, 13.56
2018-08-17 05:33:04, 2.51, 0.1, 4.5, 7.11
2018-08-17 05:34:03, 2.51, 0.1, 4.5, 7.11
2018-08-17 05:35:04, 2.51, 0.1, 4.5, 7.11
2018-08-17 05:36:06, 2.51, 0.1, 4.5, 7.11
2018-08-17 05:37:04, 2.51, 0.1, 4.5, 7.11
2018-08-17 05:38:03, 2.51, 0.1, 4.6, 7.21
2018-08-17 05:39:04, 2.51, 0.1, 4.6, 7.21
2018-08-17 05:40:04, 2.51, 0.1, 4.6, 7.21
2018-08-17 05:41:04, 2.51, 0.1, 4.6, 7.21
2018-08-17 05:42:03, 2.51, 0.1, 4.6, 7.21
2018-08-17 05:43:03, 2.51, 0.1, 4.5, 7.11
2018-08-17 05:44:04, 2.51, 0.1, 4.5, 7.11
2018-08-17 05:45:04, 2.51, 0.1, 4.5, 7.11
2018-08-17 05:46:03, 2.51, 0.1, 4.5, 7.11
2018-08-17 05:47:04, 2.51, 0.1, 4.5, 7.11
2018-08-17 05:48:04, 9.39, 0.1, 4.5, 13.99
2018-08-17 05:49:04, 9.39, 0.1, 4.5, 13.99
2018-08-17 05:50:04, 9.39, 0.1, 4.5, 13.99
2018-08-17 05:51:04, 9.39, 0.1, 4.5, 13.99
2018-08-17 05:52:04, 9.39, 0.1, 4.5, 13.99
2018-08-17 05:53:04, 9.48, 0.1, 3.9, 13.48
2018-08-17 05:54:03, 9.48, 0.1, 3.9, 13.48
2018-08-17 05:55:03, 9.48, 0.1, 3.9, 13.48
2018-08-17 05:56:04, 9.48, 0.1, 3.9, 13.48
2018-08-17 05:57:03, 9.48, 0.1, 3.9, 13.48
2018-08-17 05:58:04, 2.52, 0.1, 3.8, 6.42
2018-08-17 05:59:03, 2.52, 0.1, 3.8, 6.42
2018-08-17 06:00:05, 2.52, 0.1, 3.8, 6.42
2018-08-17 06:01:04, 2.52, 0.1, 3.8, 6.42
2018-08-17 06:02:04, 2.52, 0.1, 3.8, 6.42
2018-08-17 06:03:03, 2.51, 0.1, 3.9, 6.51
2018-08-17 06:04:04, 2.51, 0.1, 3.9, 6.51
2018-08-17 06:05:04, 2.51, 0.1, 3.9, 6.51
2018-08-17 06:06:04, 2.51, 0.1, 3.9, 6.51
2018-08-17 06:07:04, 2.51, 0.1, 3.9, 6.51
2018-08-17 06:08:04, 2.5, 0.1, 4.5, 7.1
2018-08-17 06:09:03, 2.5, 0.1, 4.5, 7.1
2018-08-17 06:10:04, 2.5, 0.1, 4.5, 7.1
2018-08-17 06:11:04, 2.5, 0.1, 4.5, 7.1
2018-08-17 06:12:04, 2.5, 0.1, 4.5, 7.1
2018-08-17 06:13:03, 9.39, 0.1, 4.2, 13.69
2018-08-17 06:14:04, 9.39, 0.1, 4.2, 13.69
2018-08-17 06:15:04, 9.39, 0.1, 4.2, 13.69
2018-08-17 06:16:04, 9.39, 0.1, 4.2, 13.69
2018-08-17 06:17:04, 9.39, 0.1, 4.2, 13.69
2018-08-17 06:18:03, 2.48, 0.1, 4.1, 6.68
2018-08-17 06:19:03, 2.48, 0.1, 4.1, 6.68
2018-08-17 06:20:04, 2.48, 0.1, 4.1, 6.68
2018-08-17 06:21:05, 2.48, 0.1, 4.1, 6.68
2018-08-17 06:22:04, 2.48, 0.1, 4.1, 6.68
2018-08-17 06:23:03, 2.48, 0.1, 4.1, 6.68
2018-08-17 06:24:04, 2.48, 0.1, 4.1, 6.68
2018-08-17 06:25:06, 2.48, 0.1, 4.1, 6.68
2018-08-17 06:26:03, 2.48, 0.1, 4.1, 6.68
2018-08-17 06:27:04, 2.48, 0.1, 4.1, 6.68
2018-08-17 06:28:04, 2.49, 0.1, 4.2, 6.79
2018-08-17 06:29:03, 2.49, 0.1, 4.2, 6.79
2018-08-17 06:30:04, 2.49, 0.1, 4.2, 6.79
2018-08-17 06:31:04, 2.49, 0.1, 4.2, 6.79
2018-08-17 06:32:04, 2.49, 0.1, 4.2, 6.79
2018-08-17 06:33:03, 9.4, 0.1, 4.0, 13.5
2018-08-17 06:34:03, 9.4, 0.1, 4.0, 13.5
2018-08-17 06:35:04, 9.4, 0.1, 4.0, 13.5
2018-08-17 06:36:04, 9.4, 0.1, 4.0, 13.5
2018-08-17 06:37:04, 9.4, 0.1, 4.0, 13.5
2018-08-17 06:38:03, 9.43, 0.1, 4.4, 13.93
2018-08-17 06:39:04, 9.43, 0.1, 4.4, 13.93
2018-08-17 06:40:04, 9.43, 0.1, 4.4, 13.93
2018-08-17 06:41:03, 9.43, 0.1, 4.4, 13.93
2018-08-17 06:42:04, 9.43, 0.1, 4.4, 13.93
2018-08-17 06:43:04, 2.5, 0.1, 4.5, 7.1
2018-08-17 06:44:04, 2.5, 0.1, 4.5, 7.1
2018-08-17 06:45:03, 2.5, 0.1, 4.5, 7.1
2018-08-17 06:46:04, 2.5, 0.1, 4.5, 7.1
2018-08-17 06:47:04, 2.5, 0.1, 4.5, 7.1
2018-08-17 06:48:04, 2.49, 0.1, 3.9, 6.49
2018-08-17 06:49:05, 2.49, 0.1, 3.9, 6.49
2018-08-17 06:50:04, 2.49, 0.1, 3.9, 6.49
2018-08-17 06:51:04, 2.49, 0.1, 3.9, 6.49
2018-08-17 06:52:04, 2.49, 0.1, 3.9, 6.49
2018-08-17 06:53:03, 2.5, 0.1, 4.3, 6.9
2018-08-17 06:54:04, 2.5, 0.1, 4.3, 6.9
2018-08-17 06:55:04, 2.5, 0.1, 4.3, 6.9
2018-08-17 06:56:04, 2.5, 0.1, 4.3, 6.9
2018-08-17 06:57:04, 2.5, 0.1, 4.3, 6.9
2018-08-17 06:58:03, 9.37, 0.1, 4.0, 13.47
2018-08-17 06:59:04, 9.37, 0.1, 4.0, 13.47
2018-08-17 07:00:05, 9.37, 0.1, 4.0, 13.47
2018-08-17 07:01:04, 9.37, 0.1, 4.0, 13.47
2018-08-17 07:02:03, 9.37, 0.1, 4.0, 13.47
2018-08-17 07:03:04, 9.27, 0.1, 4.5, 13.87
2018-08-17 07:04:04, 9.27, 0.1, 4.5, 13.87
2018-08-17 07:05:03, 9.27, 0.1, 4.5, 13.87
2018-08-17 07:06:04, 9.27, 0.1, 4.5, 13.87
2018-08-17 07:07:04, 9.27, 0.1, 4.5, 13.87
2018-08-17 07:08:04, 2.49, 0.1, 3.8, 6.39
2018-08-17 07:09:03, 2.49, 0.1, 3.8, 6.39
2018-08-17 07:10:03, 2.49, 0.1, 3.8, 6.39
2018-08-17 07:11:04, 2.49, 0.1, 3.8, 6.39
2018-08-17 07:12:04, 2.49, 0.1, 3.8, 6.39
2018-08-17 07:13:04, 2.49, 0.1, 4.4, 6.99
2018-08-17 07:14:03, 2.49, 0.1, 4.4, 6.99
2018-08-17 07:15:04, 2.49, 0.1, 4.4, 6.99
2018-08-17 07:16:04, 2.49, 0.1, 4.4, 6.99
2018-08-17 07:17:04, 2.49, 0.1, 4.4, 6.99
2018-08-17 07:18:04, 2.49, 0.1, 3.8, 6.39
2018-08-17 07:19:04, 2.49, 0.1, 3.8, 6.39
2018-08-17 07:20:03, 2.49, 0.1, 3.8, 6.39
2018-08-17 07:21:04, 2.49, 0.1, 3.8, 6.39
2018-08-17 07:22:04, 2.49, 0.1, 3.8, 6.39
2018-08-17 07:23:03, 9.3, 0.5, 3.8, 13.6
2018-08-17 07:24:04, 9.3, 0.5, 3.8, 13.6
2018-08-17 07:25:04, 9.3, 0.5, 3.8, 13.6
2018-08-17 07:26:04, 9.3, 0.5, 3.8, 13.6
2018-08-17 07:27:03, 9.3, 0.5, 3.8, 13.6
2018-08-17 07:28:04, 2.49, 0.5, 4.5, 7.49
2018-08-17 07:29:04, 2.49, 0.5, 4.5, 7.49
2018-08-17 07:30:04, 2.49, 0.5, 4.5, 7.49
2018-08-17 07:31:06, 2.49, 0.5, 4.5, 7.49
2018-08-17 07:32:04, 2.49, 0.5, 4.5, 7.49
2018-08-17 07:33:04, 2.48, 0.1, 4.2, 6.78
2018-08-17 07:34:03, 2.48, 0.1, 4.2, 6.78
2018-08-17 07:35:03, 2.48, 0.1, 4.2, 6.78
2018-08-17 07:36:04, 2.48, 0.1, 4.2, 6.78
2018-08-17 07:37:04, 2.48, 0.1, 4.2, 6.78
2018-08-17 07:38:04, 2.48, 0.1, 4.2, 6.78
2018-08-17 07:39:03, 2.48, 0.1, 4.2, 6.78
2018-08-17 07:40:03, 2.48, 0.1, 4.2, 6.78
2018-08-17 07:41:04, 2.48, 0.1, 4.2, 6.78
2018-08-17 07:42:04, 2.48, 0.1, 4.2, 6.78
2018-08-17 07:43:03, 9.14, 0.1, 4.1, 13.34
2018-08-17 07:44:03, 9.14, 0.1, 4.1, 13.34
2018-08-17 07:45:04, 9.14, 0.1, 4.1, 13.34
2018-08-17 07:46:04, 9.14, 0.1, 4.1, 13.34
2018-08-17 07:47:03, 9.14, 0.1, 4.1, 13.34
2018-08-17 07:48:04, 9.28, 0.1, 3.7, 13.08
2018-08-17 07:49:05, 9.28, 0.1, 3.7, 13.08
2018-08-17 07:50:03, 9.28, 0.1, 3.7, 13.08
2018-08-17 07:51:03, 9.28, 0.1, 3.7, 13.08
2018-08-17 07:52:04, 9.28, 0.1, 3.7, 13.08
2018-08-17 07:53:04, 2.48, 0.1, 4.6, 7.18
2018-08-17 07:54:04, 2.48, 0.1, 4.6, 7.18
2018-08-17 07:55:04, 2.48, 0.1, 4.6, 7.18
2018-08-17 07:56:03, 2.48, 0.1, 4.6, 7.18
2018-08-17 07:57:04, 2.48, 0.1, 4.6, 7.18
2018-08-17 07:58:04, 2.48, 0.1, 3.9, 6.48
2018-08-17 07:59:04, 2.48, 0.1, 3.9, 6.48
2018-08-17 08:00:04, 2.48, 0.1, 3.9, 6.48
2018-08-17 08:01:03, 2.48, 0.1, 3.9, 6.48
2018-08-17 08:02:04, 2.48, 0.1, 3.9, 6.48
2018-08-17 08:03:04, 2.47, 0.1, 3.9, 6.47
2018-08-17 08:04:03, 2.47, 0.1, 3.9, 6.47
2018-08-17 08:05:03, 2.47, 0.1, 3.9, 6.47
2018-08-17 08:06:04, 2.47, 0.1, 3.9, 6.47
2018-08-17 08:07:04, 2.47, 0.1, 3.9, 6.47
2018-08-17 08:08:03, 9.31, 0.1, 4.5, 13.91
2018-08-17 08:09:04, 9.31, 0.1, 4.5, 13.91
2018-08-17 08:10:04, 9.31, 0.1, 4.5, 13.91
2018-08-17 08:11:03, 9.31, 0.1, 4.5, 13.91
2018-08-17 08:12:04, 9.31, 0.1, 4.5, 13.91
2018-08-17 08:13:04, 9.28, 0.5, 4.4, 14.18
2018-08-17 08:14:04, 9.28, 0.5, 4.4, 14.18
2018-08-17 08:15:03, 9.28, 0.5, 4.4, 14.18
2018-08-17 08:16:04, 9.28, 0.5, 4.4, 14.18
2018-08-17 08:17:04, 9.28, 0.5, 4.4, 14.18
2018-08-17 08:18:04, 2.5, 0.5, 4.6, 7.6
2018-08-17 08:19:03, 2.5, 0.5, 4.6, 7.6
2018-08-17 08:20:03, 2.5, 0.5, 4.6, 7.6
2018-08-17 08:21:04, 2.5, 0.5, 4.6, 7.6
2018-08-17 08:22:04, 2.5, 0.5, 4.6, 7.6
2018-08-17 08:23:03, 2.5, 0.5, 3.9, 6.9
2018-08-17 08:24:03, 2.5, 0.5, 3.9, 6.9
2018-08-17 08:25:04, 2.5, 0.5, 3.9, 6.9
2018-08-17 08:26:04, 2.5, 0.5, 3.9, 6.9
2018-08-17 08:27:04, 2.5, 0.5, 3.9, 6.9
2018-08-17 08:28:04, 2.5, 0.5, 4.0, 7.0
2018-08-17 08:29:03, 2.5, 0.5, 4.0, 7.0
2018-08-17 08:30:05, 2.5, 0.5, 4.0, 7.0
2018-08-17 08:31:04, 2.5, 0.5, 4.0, 7.0
2018-08-17 08:32:04, 2.5, 0.5, 4.0, 7.0
2018-08-17 08:33:05, 9.26, 0.5, 4.5, 14.26
2018-08-17 08:34:04, 9.26, 0.5, 4.5, 14.26
2018-08-17 08:35:04, 9.26, 0.5, 4.5, 14.26
2018-08-17 08:36:04, 9.26, 0.5, 4.5, 14.26
2018-08-17 08:37:04, 9.26, 0.5, 4.5, 14.26
2018-08-17 08:38:03, 2.5, 0.2, 4.3, 7.0
2018-08-17 08:39:03, 2.5, 0.2, 4.3, 7.0
2018-08-17 08:40:04, 2.5, 0.2, 4.3, 7.0
2018-08-17 08:41:04, 2.5, 0.2, 4.3, 7.0
2018-08-17 08:42:04, 2.5, 0.2, 4.3, 7.0
2018-08-17 08:43:03, 2.52, 0.2, 4.1, 6.82
2018-08-17 08:44:04, 2.52, 0.2, 4.1, 6.82
2018-08-17 08:45:04, 2.52, 0.2, 4.1, 6.82
2018-08-17 08:46:04, 2.52, 0.2, 4.1, 6.82
2018-08-17 08:47:04, 2.52, 0.2, 4.1, 6.82
2018-08-17 08:48:04, 2.51, 0.2, 4.6, 7.31
2018-08-17 08:49:04, 2.51, 0.2, 4.6, 7.31
2018-08-17 08:50:03, 2.51, 0.2, 4.6, 7.31
2018-08-17 08:51:04, 2.51, 0.2, 4.6, 7.31
2018-08-17 08:52:04, 2.51, 0.2, 4.6, 7.31
2018-08-17 08:53:03, 9.24, 0.4, 9.6, 19.24
2018-08-17 08:54:04, 9.24, 0.4, 9.6, 19.24
2018-08-17 08:55:04, 9.24, 0.4, 9.6, 19.24
2018-08-17 08:56:04, 9.24, 0.4, 9.6, 19.24
2018-08-17 08:57:04, 9.24, 0.4, 9.6, 19.24
2018-08-17 08:58:03, 9.28, 0.3, 8.1, 17.68
2018-08-17 08:59:04, 9.28, 0.3, 8.1, 17.68
2018-08-17 09:00:05, 9.28, 0.3, 8.1, 17.68
2018-08-17 09:01:04, 9.28, 0.3, 8.1, 17.68
2018-08-17 09:02:04, 9.28, 0.3, 8.1, 17.68
2018-08-17 09:03:03, 2.49, 0.3, 9.8, 12.59
2018-08-17 09:04:04, 2.49, 0.3, 9.8, 12.59
2018-08-17 09:05:06, 2.49, 0.3, 9.8, 12.59
2018-08-17 09:06:04, 2.49, 0.3, 9.8, 12.59
2018-08-17 09:07:04, 2.49, 0.3, 9.8, 12.59
2018-08-17 09:08:04, 2.5, 0.3, 8.0, 10.8
2018-08-17 09:09:03, 2.5, 0.3, 8.0, 10.8
2018-08-17 09:10:04, 2.5, 0.3, 8.0, 10.8
2018-08-17 09:11:04, 2.5, 0.3, 8.0, 10.8
2018-08-17 09:12:03, 2.5, 0.3, 8.0, 10.8
2018-08-17 09:13:04, 2.5, 0.3, 8.8, 11.6
2018-08-17 09:14:04, 2.5, 0.3, 8.8, 11.6
2018-08-17 09:15:04, 2.5, 0.3, 8.8, 11.6
2018-08-17 09:16:03, 2.5, 0.3, 8.8, 11.6
2018-08-17 09:17:04, 2.5, 0.3, 8.8, 11.6
2018-08-17 09:18:04, 9.24, 0.3, 9.7, 19.24
2018-08-17 09:19:06, 9.24, 0.3, 9.7, 19.24
2018-08-17 09:20:04, 9.24, 0.3, 9.7, 19.24
2018-08-17 09:21:04, 9.24, 0.3, 9.7, 19.24
2018-08-17 09:22:03, 9.24, 0.3, 9.7, 19.24
2018-08-17 09:23:04, 9.34, 0.3, 9.400001, 19.04
2018-08-17 09:24:04, 9.34, 0.3, 9.400001, 19.04
2018-08-17 09:25:05, 9.34, 0.3, 9.400001, 19.04
2018-08-17 09:26:03, 9.34, 0.3, 9.400001, 19.04
2018-08-17 09:27:04, 9.34, 0.3, 9.400001, 19.04
2018-08-17 09:28:04, 2.47, 0.3, 9.400001, 12.17
2018-08-17 09:29:04, 2.47, 0.3, 9.400001, 12.17
2018-08-17 09:30:04, 2.47, 0.3, 9.400001, 12.17
2018-08-17 09:31:03, 2.47, 0.3, 9.400001, 12.17
2018-08-17 09:32:04, 2.47, 0.3, 9.400001, 12.17
2018-08-17 09:33:04, 2.51, 0.3, 8.7, 11.51
2018-08-17 09:34:04, 2.51, 0.3, 8.7, 11.51
2018-08-17 09:35:03, 2.51, 0.3, 8.7, 11.51
2018-08-17 09:36:03, 2.51, 0.3, 8.7, 11.51
2018-08-17 09:37:04, 2.51, 0.3, 8.7, 11.51
2018-08-17 09:38:04, 9.05, 0.3, 15.7, 25.05
2018-08-17 09:39:03, 9.05, 0.3, 15.7, 25.05
2018-08-17 09:40:03, 9.05, 0.3, 15.7, 25.05
2018-08-17 09:41:04, 9.05, 0.3, 15.7, 25.05
2018-08-17 09:42:04, 9.05, 0.3, 15.7, 25.05
2018-08-17 09:43:04, 9.38, 0.7, 9.400001, 19.48
2018-08-17 09:44:03, 9.38, 0.7, 9.400001, 19.48
2018-08-17 09:45:03, 9.38, 0.7, 9.400001, 19.48
2018-08-17 09:46:04, 9.38, 0.7, 9.400001, 19.48
2018-08-17 09:47:04, 9.38, 0.7, 9.400001, 19.48
2018-08-17 09:48:04, 9.42, 0.7, 15.0, 25.12
2018-08-17 09:49:04, 9.42, 0.7, 15.0, 25.12
2018-08-17 09:50:04, 9.42, 0.7, 15.0, 25.12
2018-08-17 09:51:03, 9.42, 0.7, 15.0, 25.12
2018-08-17 09:52:04, 9.42, 0.7, 15.0, 25.12
2018-08-17 09:53:04, 2.48, 0.3, 9.6, 12.38
2018-08-17 09:54:04, 2.48, 0.3, 9.6, 12.38
2018-08-17 09:55:04, 2.48, 0.3, 9.6, 12.38
2018-08-17 09:56:03, 2.48, 0.3, 9.6, 12.38
2018-08-17 09:57:04, 2.48, 0.3, 9.6, 12.38
2018-08-17 09:58:04, 2.48, 0.3, 16.9, 19.68
2018-08-17 09:59:04, 2.48, 0.3, 16.9, 19.68
2018-08-17 10:00:05, 2.48, 0.3, 16.9, 19.68
2018-08-17 10:01:03, 2.48, 0.3, 16.9, 19.68
2018-08-17 10:02:03, 2.48, 0.3, 16.9, 19.68
2018-08-17 10:03:04, 9.35, 0.3, 8.6, 18.25
2018-08-17 10:04:04, 9.35, 0.3, 8.6, 18.25
2018-08-17 10:05:03, 9.35, 0.3, 8.6, 18.25
2018-08-17 10:06:04, 9.35, 0.3, 8.6, 18.25
2018-08-17 10:07:04, 9.35, 0.3, 8.6, 18.25
2018-08-17 10:08:04, 9.4, 0.3, 15.1, 24.8
2018-08-17 10:09:04, 9.4, 0.3, 15.1, 24.8
2018-08-17 10:10:03, 9.4, 0.3, 15.1, 24.8
2018-08-17 10:11:04, 9.4, 0.3, 15.1, 24.8
2018-08-17 10:12:04, 9.4, 0.3, 15.1, 24.8
2018-08-17 10:13:04, 9.45, 0.3, 8.7, 18.45
2018-08-17 10:14:04, 9.45, 0.3, 8.7, 18.45
2018-08-17 10:15:03, 9.45, 0.3, 8.7, 18.45
2018-08-17 10:16:03, 9.45, 0.3, 8.7, 18.45
2018-08-17 10:17:04, 9.45, 0.3, 8.7, 18.45
2018-08-17 10:18:04, 2.48, 0.3, 15.3, 18.08
2018-08-17 10:19:04, 2.48, 0.3, 15.3, 18.08
2018-08-17 10:20:03, 2.48, 0.3, 15.3, 18.08
2018-08-17 10:21:04, 2.48, 0.3, 15.3, 18.08
2018-08-17 10:22:03, 2.48, 0.3, 15.3, 18.08
2018-08-17 10:23:03, 2.47, 0.3, 10.5, 13.27
2018-08-17 10:24:04, 2.47, 0.3, 10.5, 13.27
2018-08-17 10:25:04, 2.47, 0.3, 10.5, 13.27
2018-08-17 10:26:04, 2.47, 0.3, 10.5, 13.27
2018-08-17 10:27:03, 2.47, 0.3, 10.5, 13.27
2018-08-17 10:28:04, 9.35, 0.3, 16.4, 26.05
2018-08-17 10:29:04, 9.35, 0.3, 16.4, 26.05
2018-08-17 10:30:05, 9.35, 0.3, 16.4, 26.05
2018-08-17 10:31:04, 9.35, 0.3, 16.4, 26.05
2018-08-17 10:32:04, 9.35, 0.3, 16.4, 26.05
2018-08-17 10:33:03, 9.44, 0.3, 8.900001, 18.64
2018-08-17 10:34:03, 9.44, 0.3, 8.900001, 18.64
2018-08-17 10:35:04, 9.44, 0.3, 8.900001, 18.64
2018-08-17 10:36:04, 9.44, 0.3, 8.900001, 18.64
2018-08-17 10:37:04, 9.44, 0.3, 8.900001, 18.64
2018-08-17 10:38:04, 9.46, 0.3, 16.4, 26.16
2018-08-17 10:39:03, 9.46, 0.3, 16.4, 26.16
2018-08-17 10:40:03, 9.46, 0.3, 16.4, 26.16
2018-08-17 10:41:04, 9.46, 0.3, 16.4, 26.16
2018-08-17 10:42:04, 9.46, 0.3, 16.4, 26.16
2018-08-17 10:43:04, 2.49, 0.3, 8.900001, 11.69
2018-08-17 10:44:03, 2.49, 0.3, 8.900001, 11.69
2018-08-17 10:45:03, 2.49, 0.3, 8.900001, 11.69
2018-08-17 10:46:04, 2.49, 0.3, 8.900001, 11.69
2018-08-17 10:47:04, 2.49, 0.3, 8.900001, 11.69
2018-08-17 10:48:04, 2.47, 0.3, 15.5, 18.27
2018-08-17 10:49:03, 2.47, 0.3, 15.5, 18.27
2018-08-17 10:50:03, 2.47, 0.3, 15.5, 18.27
2018-08-17 10:51:04, 2.47, 0.3, 15.5, 18.27
2018-08-17 10:52:04, 2.47, 0.3, 15.5, 18.27
2018-08-17 10:53:03, 9.31, 0.7, 9.8, 19.81
2018-08-17 10:54:04, 9.31, 0.7, 9.8, 19.81
2018-08-17 10:55:04, 9.31, 0.7, 9.8, 19.81
2018-08-17 10:56:04, 9.31, 0.7, 9.8, 19.81
2018-08-17 10:57:03, 9.31, 0.7, 9.8, 19.81
2018-08-17 10:58:04, 9.4, 0.7, 16.0, 26.1
2018-08-17 10:59:04, 9.4, 0.7, 16.0, 26.1
2018-08-17 11:00:05, 9.4, 0.7, 16.0, 26.1
2018-08-17 11:01:04, 9.4, 0.7, 16.0, 26.1
2018-08-17 11:02:04, 9.4, 0.7, 16.0, 26.1
2018-08-17 11:03:03, 9.42, 0.7, 10.3, 20.42
2018-08-17 11:04:03, 9.42, 0.7, 10.3, 20.42
2018-08-17 11:05:04, 9.42, 0.7, 10.3, 20.42
2018-08-17 11:06:04, 9.42, 0.7, 10.3, 20.42
2018-08-17 11:07:04, 9.42, 0.7, 10.3, 20.42
2018-08-17 11:08:04, 2.47, 0.3, 15.3, 18.07
2018-08-17 11:09:03, 2.47, 0.3, 15.3, 18.07
2018-08-17 11:10:04, 2.47, 0.3, 15.3, 18.07
2018-08-17 11:11:06, 2.47, 0.3, 15.3, 18.07
2018-08-17 11:12:04, 2.47, 0.3, 15.3, 18.07
2018-08-17 11:13:04, 2.5, 0.4, 10.2, 13.1
2018-08-17 11:14:03, 2.5, 0.4, 10.2, 13.1
2018-08-17 11:15:04, 2.5, 0.4, 10.2, 13.1
2018-08-17 11:16:04, 2.5, 0.4, 10.2, 13.1
2018-08-17 11:17:04, 2.5, 0.4, 10.2, 13.1
2018-08-17 11:18:04, 9.34, 0.3, 10.8, 20.44
2018-08-17 11:19:04, 9.34, 0.3, 10.8, 20.44
2018-08-17 11:20:04, 9.34, 0.3, 10.8, 20.44
2018-08-17 11:21:04, 9.34, 0.3, 10.8, 20.44
2018-08-17 11:22:04, 9.34, 0.3, 10.8, 20.44
2018-08-17 11:23:03, 9.43, 0.3, 11.9, 21.63
2018-08-17 11:24:04, 9.43, 0.3, 11.9, 21.63
2018-08-17 11:25:04, 9.43, 0.3, 11.9, 21.63
2018-08-17 11:26:04, 9.43, 0.3, 11.9, 21.63
2018-08-17 11:27:04, 9.43, 0.3, 11.9, 21.63
2018-08-17 11:28:03, 9.46, 0.3, 8.0, 17.76
2018-08-17 11:29:03, 9.46, 0.3, 8.0, 17.76
2018-08-17 11:30:05, 9.46, 0.3, 8.0, 17.76
2018-08-17 11:31:04, 9.46, 0.3, 8.0, 17.76
2018-08-17 11:32:04, 9.46, 0.3, 8.0, 17.76
2018-08-17 11:33:04, 2.5, 0.3, 15.8, 18.6
2018-08-17 11:34:03, 2.5, 0.3, 15.8, 18.6
2018-08-17 11:35:06, 2.5, 0.3, 15.8, 18.6
2018-08-17 11:36:04, 2.5, 0.3, 15.8, 18.6
2018-08-17 11:37:04, 2.5, 0.3, 15.8, 18.6
2018-08-17 11:38:03, 2.49, 0.3, 8.6, 11.39
2018-08-17 11:39:03, 2.49, 0.3, 8.6, 11.39
2018-08-17 11:40:04, 2.49, 0.3, 8.6, 11.39
2018-08-17 11:41:04, 2.49, 0.3, 8.6, 11.39
2018-08-17 11:42:03, 2.49, 0.3, 8.6, 11.39
2018-08-17 11:43:03, 9.31, 0.3, 16.6, 26.21
2018-08-17 11:44:04, 9.31, 0.3, 16.6, 26.21
2018-08-17 11:45:04, 9.31, 0.3, 16.6, 26.21
2018-08-17 11:46:03, 9.31, 0.3, 16.6, 26.21
2018-08-17 11:47:03, 9.31, 0.3, 16.6, 26.21
2018-08-17 11:48:04, 9.41, 0.7, 10.6, 20.71
2018-08-17 11:49:04, 9.41, 0.7, 10.6, 20.71
2018-08-17 11:50:04, 9.41, 0.7, 10.6, 20.71
2018-08-17 11:51:04, 9.41, 0.7, 10.6, 20.71
2018-08-17 11:52:03, 9.41, 0.7, 10.6, 20.71
2018-08-17 11:53:04, 9.42, 0.7, 12.2, 22.32
2018-08-17 11:54:04, 9.42, 0.7, 12.2, 22.32
2018-08-17 11:55:05, 9.42, 0.7, 12.2, 22.32
2018-08-17 11:56:04, 9.42, 0.7, 12.2, 22.32
2018-08-17 11:57:03, 9.42, 0.7, 12.2, 22.32
2018-08-17 11:58:03, 2.48, 0.3, 11.7, 14.48
2018-08-17 11:59:04, 2.48, 0.3, 11.7, 14.48
2018-08-17 12:00:05, 2.48, 0.3, 11.7, 14.48
2018-08-17 12:01:04, 2.48, 0.3, 11.7, 14.48
2018-08-17 12:02:04, 2.48, 0.3, 11.7, 14.48
2018-08-17 12:03:03, 2.48, 0.3, 9.6, 12.38
2018-08-17 12:04:03, 2.48, 0.3, 9.6, 12.38
2018-08-17 12:05:04, 2.48, 0.3, 9.6, 12.38
2018-08-17 12:06:04, 2.48, 0.3, 9.6, 12.38
2018-08-17 12:07:04, 2.48, 0.3, 9.6, 12.38
2018-08-17 12:08:03, 9.32, 0.3, 15.0, 24.62
2018-08-17 12:09:04, 9.32, 0.3, 15.0, 24.62
2018-08-17 12:10:04, 9.32, 0.3, 15.0, 24.62
2018-08-17 12:11:04, 9.32, 0.3, 15.0, 24.62
2018-08-17 12:12:03, 9.32, 0.3, 15.0, 24.62
2018-08-17 12:13:04, 9.43, 0.3, 9.0, 18.73
2018-08-17 12:14:05, 9.43, 0.3, 9.0, 18.73
2018-08-17 12:15:04, 9.43, 0.3, 9.0, 18.73
2018-08-17 12:16:04, 9.43, 0.3, 9.0, 18.73
2018-08-17 12:17:03, 9.43, 0.3, 9.0, 18.73
2018-08-17 12:18:03, 9.45, 0.3, 15.1, 24.85
2018-08-17 12:19:04, 9.45, 0.3, 15.1, 24.85
2018-08-17 12:20:03, 9.45, 0.3, 15.1, 24.85
2018-08-17 12:21:04, 9.45, 0.3, 15.1, 24.85
2018-08-17 12:22:03, 9.45, 0.3, 15.1, 24.85
2018-08-17 12:23:03, 2.49, 0.4, 9.1, 11.99
2018-08-17 12:24:04, 2.49, 0.4, 9.1, 11.99
2018-08-17 12:25:05, 2.49, 0.4, 9.1, 11.99
2018-08-17 12:26:04, 2.49, 0.4, 9.1, 11.99
2018-08-17 12:27:03, 2.49, 0.4, 9.1, 11.99
2018-08-17 12:28:05, 2.47, 0.4, 16.1, 18.97
2018-08-17 12:29:04, 2.47, 0.4, 16.1, 18.97
2018-08-17 12:30:05, 2.47, 0.4, 16.1, 18.97
2018-08-17 12:31:03, 2.47, 0.4, 16.1, 18.97
2018-08-17 12:32:04, 2.47, 0.4, 16.1, 18.97
2018-08-17 12:33:04, 9.33, 0.8, 8.400001, 18.53
2018-08-17 12:34:04, 9.33, 0.8, 8.400001, 18.53
2018-08-17 12:35:04, 9.33, 0.8, 8.400001, 18.53
2018-08-17 12:36:03, 9.33, 0.8, 8.400001, 18.53
2018-08-17 12:37:04, 9.33, 0.8, 8.400001, 18.53
2018-08-17 12:38:04, 9.39, 0.8, 15.7, 25.89
2018-08-17 12:39:04, 9.39, 0.8, 15.7, 25.89
2018-08-17 12:40:04, 9.39, 0.8, 15.7, 25.89
2018-08-17 12:41:03, 9.39, 0.8, 15.7, 25.89
2018-08-17 12:42:03, 9.39, 0.8, 15.7, 25.89
2018-08-17 12:43:04, 2.5, 0.8, 10.2, 13.5
2018-08-17 12:44:04, 2.5, 0.8, 10.2, 13.5
2018-08-17 12:45:04, 2.5, 0.8, 10.2, 13.5
2018-08-17 12:46:03, 2.5, 0.8, 10.2, 13.5
2018-08-17 12:47:03, 2.5, 0.8, 10.2, 13.5
2018-08-17 12:48:04, 2.49, 0.4, 15.0, 17.89
2018-08-17 12:49:04, 2.49, 0.4, 15.0, 17.89
2018-08-17 12:50:04, 2.49, 0.4, 15.0, 17.89
2018-08-17 12:51:03, 2.49, 0.4, 15.0, 17.89
2018-08-17 12:52:05, 2.49, 0.4, 15.0, 17.89
2018-08-17 12:53:03, 2.51, 0.4, 8.6, 11.51
2018-08-17 12:54:04, 2.51, 0.4, 8.6, 11.51
2018-08-17 12:55:04, 2.51, 0.4, 8.6, 11.51
2018-08-17 12:56:05, 2.51, 0.4, 8.6, 11.51
2018-08-17 12:57:03, 2.51, 0.4, 8.6, 11.51
2018-08-17 12:58:04, 9.36, 0.4, 16.6, 26.36
2018-08-17 12:59:04, 9.36, 0.4, 16.6, 26.36
2018-08-17 13:00:05, 9.36, 0.4, 16.6, 26.36
2018-08-17 13:01:04, 9.36, 0.4, 16.6, 26.36
2018-08-17 13:02:03, 9.36, 0.4, 16.6, 26.36
2018-08-17 13:03:04, 9.4, 0.4, 8.5, 18.3
2018-08-17 13:04:04, 9.4, 0.4, 8.5, 18.3
2018-08-17 13:05:04, 9.4, 0.4, 8.5, 18.3
2018-08-17 13:06:03, 9.4, 0.4, 8.5, 18.3
2018-08-17 13:07:04, 9.4, 0.4, 8.5, 18.3
2018-08-17 13:08:04, 2.49, 0.4, 12.7, 15.59
2018-08-17 13:09:04, 2.49, 0.4, 12.7, 15.59
2018-08-17 13:10:04, 2.49, 0.4, 12.7, 15.59
2018-08-17 13:11:03, 2.49, 0.4, 12.7, 15.59
2018-08-17 13:12:03, 2.49, 0.4, 12.7, 15.59
2018-08-17 13:13:04, 2.48, 0.4, 10.1, 12.98
2018-08-17 13:14:04, 2.48, 0.4, 10.1, 12.98
2018-08-17 13:15:04, 2.48, 0.4, 10.1, 12.98
2018-08-17 13:16:03, 2.48, 0.4, 10.1, 12.98
2018-08-17 13:17:04, 2.48, 0.4, 10.1, 12.98
2018-08-17 13:18:04, 2.49, 0.4, 10.3, 13.19
2018-08-17 13:19:04, 2.49, 0.4, 10.3, 13.19
2018-08-17 13:20:04, 2.49, 0.4, 10.3, 13.19
2018-08-17 13:21:03, 2.49, 0.4, 10.3, 13.19
2018-08-17 13:22:03, 2.49, 0.4, 10.3, 13.19
2018-08-17 13:23:04, 9.42, 0.4, 9.5, 19.32
2018-08-17 13:24:04, 9.42, 0.4, 9.5, 19.32
2018-08-17 13:25:03, 9.42, 0.4, 9.5, 19.32
2018-08-17 13:26:04, 9.42, 0.4, 9.5, 19.32
2018-08-17 13:27:04, 9.42, 0.4, 9.5, 19.32
2018-08-17 13:28:06, 9.51, 0.4, 8.900001, 18.81
2018-08-17 13:29:03, 9.51, 0.4, 8.900001, 18.81
2018-08-17 13:30:05, 9.51, 0.4, 8.900001, 18.81
2018-08-17 13:31:03, 9.51, 0.4, 8.900001, 18.81
2018-08-17 13:32:04, 9.51, 0.4, 8.900001, 18.81
2018-08-17 13:33:04, 2.49, 0.4, 11.7, 14.59
2018-08-17 13:34:04, 2.49, 0.4, 11.7, 14.59
2018-08-17 13:35:04, 2.49, 0.4, 11.7, 14.59
2018-08-17 13:36:03, 2.49, 0.4, 11.7, 14.59
2018-08-17 13:37:04, 2.49, 0.4, 11.7, 14.59
2018-08-17 13:38:04, 2.48, 0.4, 10.1, 12.98
2018-08-17 13:39:04, 2.48, 0.4, 10.1, 12.98
2018-08-17 13:40:03, 2.48, 0.4, 10.1, 12.98
2018-08-17 13:41:04, 2.48, 0.4, 10.1, 12.98
2018-08-17 13:42:04, 2.48, 0.4, 10.1, 12.98
2018-08-17 13:43:04, 2.47, 0.4, 9.2, 12.07
2018-08-17 13:44:03, 2.47, 0.4, 9.2, 12.07
2018-08-17 13:45:04, 2.47, 0.4, 9.2, 12.07
2018-08-17 13:46:04, 2.47, 0.4, 9.2, 12.07
2018-08-17 13:47:05, 2.47, 0.4, 9.2, 12.07
2018-08-17 13:48:04, 9.44, 0.8, 9.2, 19.44
2018-08-17 13:49:04, 9.44, 0.8, 9.2, 19.44
2018-08-17 13:50:04, 9.44, 0.8, 9.2, 19.44
2018-08-17 13:51:03, 9.44, 0.8, 9.2, 19.44
2018-08-17 13:52:04, 9.44, 0.8, 9.2, 19.44
2018-08-17 13:53:04, 9.5, 0.8, 8.1, 18.4
2018-08-17 13:54:03, 9.5, 0.8, 8.1, 18.4
2018-08-17 13:55:03, 9.5, 0.8, 8.1, 18.4
2018-08-17 13:56:04, 9.5, 0.8, 8.1, 18.4
2018-08-17 13:57:04, 9.5, 0.8, 8.1, 18.4
2018-08-17 13:58:04, 2.48, 0.4, 9.5, 12.38
2018-08-17 13:59:04, 2.48, 0.4, 9.5, 12.38
2018-08-17 14:00:05, 2.48, 0.4, 9.5, 12.38
2018-08-17 14:01:04, 2.48, 0.4, 9.5, 12.38
2018-08-17 14:02:04, 2.48, 0.4, 9.5, 12.38
2018-08-17 14:03:04, 2.48, 0.4, 9.6, 12.48
2018-08-17 14:04:03, 2.48, 0.4, 9.6, 12.48
2018-08-17 14:05:04, 2.48, 0.4, 9.6, 12.48
2018-08-17 14:06:04, 2.48, 0.4, 9.6, 12.48
2018-08-17 14:07:04, 2.48, 0.4, 9.6, 12.48
2018-08-17 14:08:04, 2.49, 0.4, 9.5, 12.39
2018-08-17 14:09:04, 2.49, 0.4, 9.5, 12.39
2018-08-17 14:10:04, 2.49, 0.4, 9.5, 12.39
2018-08-17 14:11:03, 2.49, 0.4, 9.5, 12.39
2018-08-17 14:12:03, 2.49, 0.4, 9.5, 12.39
2018-08-17 14:13:04, 9.42, 0.4, 9.6, 19.42
2018-08-17 14:14:03, 9.42, 0.4, 9.6, 19.42
2018-08-17 14:15:03, 9.42, 0.4, 9.6, 19.42
2018-08-17 14:16:04, 9.42, 0.4, 9.6, 19.42
2018-08-17 14:17:04, 9.42, 0.4, 9.6, 19.42
2018-08-17 14:18:04, 9.53, 0.4, 10.2, 20.13
2018-08-17 14:19:04, 9.53, 0.4, 10.2, 20.13
2018-08-17 14:20:03, 9.53, 0.4, 10.2, 20.13
2018-08-17 14:21:04, 9.53, 0.4, 10.2, 20.13
2018-08-17 14:22:04, 9.53, 0.4, 10.2, 20.13
2018-08-17 14:23:04, 2.49, 0.4, 9.5, 12.39
2018-08-17 14:24:04, 2.49, 0.4, 9.5, 12.39
2018-08-17 14:25:03, 2.49, 0.4, 9.5, 12.39
2018-08-17 14:26:03, 2.49, 0.4, 9.5, 12.39
2018-08-17 14:27:04, 2.49, 0.4, 9.5, 12.39
2018-08-17 14:28:04, 2.51, 0.4, 9.8, 12.71
2018-08-17 14:29:04, 2.51, 0.4, 9.8, 12.71
2018-08-17 14:30:05, 2.51, 0.4, 9.8, 12.71
2018-08-17 14:31:04, 2.51, 0.4, 9.8, 12.71
2018-08-17 14:32:03, 2.51, 0.4, 9.8, 12.71
2018-08-17 14:33:04, 2.5, 0.4, 8.1, 11.0
2018-08-17 14:34:04, 2.5, 0.4, 8.1, 11.0
2018-08-17 14:35:04, 2.5, 0.4, 8.1, 11.0
2018-08-17 14:36:04, 2.5, 0.4, 8.1, 11.0
2018-08-17 14:37:04, 2.5, 0.4, 8.1, 11.0
2018-08-17 14:38:03, 9.46, 0.4, 9.6, 19.46
2018-08-17 14:39:04, 9.46, 0.4, 9.6, 19.46
2018-08-17 14:40:04, 9.46, 0.4, 9.6, 19.46
2018-08-17 14:41:04, 9.46, 0.4, 9.6, 19.46
2018-08-17 14:42:06, 9.46, 0.4, 9.6, 19.46
2018-08-17 14:43:04, 9.53, 0.4, 8.1, 18.03
2018-08-17 14:44:03, 9.53, 0.4, 8.1, 18.03
2018-08-17 14:45:04, 9.53, 0.4, 8.1, 18.03
2018-08-17 14:46:04, 9.53, 0.4, 8.1, 18.03
2018-08-17 14:47:04, 9.53, 0.4, 8.1, 18.03
2018-08-17 14:48:03, 2.48, 0.4, 8.5, 11.38
2018-08-17 14:49:04, 2.48, 0.4, 8.5, 11.38
2018-08-17 14:50:04, 2.48, 0.4, 8.5, 11.38
2018-08-17 14:51:04, 2.48, 0.4, 8.5, 11.38
2018-08-17 14:52:04, 2.48, 0.4, 8.5, 11.38
2018-08-17 14:53:03, 2.49, 0.4, 8.0, 10.89
2018-08-17 14:54:03, 2.49, 0.4, 8.0, 10.89
2018-08-17 14:55:04, 2.49, 0.4, 8.0, 10.89
2018-08-17 14:56:04, 2.49, 0.4, 8.0, 10.89
2018-08-17 14:57:04, 2.49, 0.4, 8.0, 10.89
2018-08-17 14:58:03, 2.48, 0.8, 9.1, 12.38
2018-08-17 14:59:03, 2.48, 0.8, 9.1, 12.38
2018-08-17 15:00:06, 2.48, 0.8, 9.1, 12.38
