2024-11-07, 00:00:03, 136.39, 58.25, 22.98, 22.14, 9999.0, 9.75, 10.02, 21.75, 9999.0, 23.98, 9999.0, 117.64, 127.7, 120.02, 91.02, 138.39
2024-11-07, 00:00:07, 136.39, 58.27, 22.98, 22.16, 9999.0, 9.7, 10.02, 21.75, 9999.0, 24.02, 9999.0, 117.66, 127.73, 120.05, 91.02, 138.39
2024-11-07, 00:00:11, 136.39, 58.27, 22.98, 22.18, 9999.0, 9.68, 10.02, 21.75, 9999.0, 24.05, 9999.0, 117.66, 127.75, 120.07, 91.02, 138.39
2024-11-07, 00:00:15, 136.39, 58.27, 22.98, 22.2, 9999.0, 9.66, 10.02, 21.75, 9999.0, 24.05, 9999.0, 117.64, 127.75, 120.07, 91.02, 138.39
2024-11-07, 00:00:19, 136.36, 58.3, 22.98, 22.18, 9999.0, 9.64, 10.02, 21.75, 9999.0, 24.05, 9999.0, 117.61, 127.75, 120.09, 91.02, 138.41
2024-11-07, 00:00:23, 136.34, 58.3, 22.98, 22.18, 9999.0, 9.61, 10.0, 21.75, 9999.0, 24.07, 9999.0, 117.59, 127.75, 120.09, 91.02, 138.39
2024-11-07, 00:00:27, 136.32, 58.3, 22.98, 22.16, 9999.0, 9.61, 10.0, 21.75, 9999.0, 24.09, 9999.0, 117.57, 127.75, 120.09, 91.0, 138.36
2024-11-07, 00:00:31, 136.3, 58.3, 22.98, 22.14, 9999.0, 9.61, 10.0, 21.75, 9999.0, 24.09, 9999.0, 117.55, 127.75, 120.09, 91.0, 138.39
2024-11-07, 00:00:35, 136.3, 58.3, 22.98, 22.11, 9999.0, 9.61, 10.0, 21.75, 9999.0, 24.11, 9999.0, 117.52, 127.75, 120.09, 91.0, 138.41
2024-11-07, 00:00:39, 136.3, 58.3, 22.98, 22.11, 9999.0, 9.64, 10.0, 21.75, 9999.0, 24.09, 9999.0, 117.5, 127.75, 120.09, 91.0, 138.39
2024-11-07, 00:00:44, 136.32, 58.3, 22.98, 22.09, 9999.0, 9.66, 10.0, 21.75, 9999.0, 24.07, 9999.0, 117.5, 127.73, 120.07, 91.0, 138.36
2024-11-07, 00:00:48, 136.32, 58.3, 22.98, 22.09, 9999.0, 9.68, 10.0, 21.75, 9999.0, 24.05, 9999.0, 117.5, 127.73, 120.07, 91.0, 138.34
2024-11-07, 00:00:52, 136.3, 58.27, 22.98, 22.07, 9999.0, 9.7, 10.0, 21.75, 9999.0, 24.02, 9999.0, 117.5, 127.73, 120.05, 91.0, 138.34
2024-11-07, 00:00:56, 136.32, 58.27, 22.98, 22.05, 9999.0, 9.73, 10.0, 21.75, 9999.0, 24.02, 9999.0, 117.52, 127.73, 120.02, 91.0, 138.34
2024-11-07, 00:01:00, 136.3, 58.27, 22.95, 22.02, 9999.0, 9.75, 10.0, 21.75, 9999.0, 24.02, 9999.0, 117.55, 127.73, 120.02, 91.0, 138.34
2024-11-07, 00:01:04, 136.3, 58.25, 22.95, 22.02, 9999.0, 9.77, 10.0, 21.75, 9999.0, 24.05, 9999.0, 117.57, 127.73, 120.0, 91.0, 138.34
2024-11-07, 00:01:08, 136.3, 58.25, 22.95, 22.02, 9999.0, 9.8, 10.0, 21.75, 9999.0, 24.07, 9999.0, 117.59, 127.73, 120.0, 91.0, 138.36
2024-11-07, 00:01:12, 136.32, 58.25, 22.95, 22.05, 9999.0, 9.8, 10.0, 21.75, 9999.0, 24.09, 9999.0, 117.61, 127.73, 120.0, 91.0, 138.36
2024-11-07, 00:01:16, 136.32, 58.25, 22.98, 22.05, 9999.0, 9.8, 10.0, 21.75, 9999.0, 24.11, 9999.0, 117.64, 127.73, 120.0, 91.0, 138.34
2024-11-07, 00:01:20, 136.32, 58.27, 22.98, 22.05, 9999.0, 9.8, 10.0, 21.75, 9999.0, 24.14, 9999.0, 117.68, 127.73, 120.0, 91.0, 138.32
2024-11-07, 00:01:24, 136.32, 58.27, 22.98, 22.05, 9999.0, 9.75, 10.0, 21.75, 9999.0, 24.16, 9999.0, 117.68, 127.73, 120.02, 91.0, 138.34
2024-11-07, 00:01:28, 136.3, 58.3, 22.98, 22.05, 9999.0, 9.7, 10.0, 21.75, 9999.0, 24.18, 9999.0, 117.66, 127.75, 120.02, 91.0, 138.34
2024-11-07, 00:01:32, 136.32, 58.32, 22.95, 22.02, 9999.0, 9.68, 10.0, 21.75, 9999.0, 24.2, 9999.0, 117.66, 127.75, 120.02, 91.0, 138.34
2024-11-07, 00:01:36, 136.32, 58.32, 22.93, 22.02, 9999.0, 9.66, 10.0, 21.75, 9999.0, 24.23, 9999.0, 117.66, 127.75, 120.05, 91.0, 138.34
2024-11-07, 00:01:40, 136.32, 58.32, 22.91, 22.02, 9999.0, 9.64, 10.0, 21.75, 9999.0, 24.25, 9999.0, 117.64, 127.75, 120.05, 91.0, 138.32
2024-11-07, 00:01:44, 136.32, 58.34, 22.91, 22.02, 9999.0, 9.61, 10.0, 21.75, 9999.0, 24.27, 9999.0, 117.61, 127.75, 120.05, 91.0, 138.32
2024-11-07, 00:01:48, 136.32, 58.36, 22.89, 22.02, 9999.0, 9.61, 10.0, 21.75, 9999.0, 24.27, 9999.0, 117.59, 127.75, 120.07, 91.0, 138.3
2024-11-07, 00:01:52, 136.32, 58.36, 22.86, 22.02, 9999.0, 9.61, 10.0, 21.73, 9999.0, 24.27, 9999.0, 117.57, 127.73, 120.07, 91.0, 138.27
2024-11-07, 00:01:56, 136.3, 58.36, 22.84, 22.0, 9999.0, 9.61, 10.0, 21.73, 9999.0, 24.25, 9999.0, 117.55, 127.73, 120.07, 91.0, 138.27
2024-11-07, 00:02:00, 136.3, 58.36, 22.82, 22.0, 9999.0, 9.61, 10.0, 21.73, 9999.0, 24.23, 9999.0, 117.5, 127.73, 120.07, 91.0, 138.27
2024-11-07, 00:02:04, 136.3, 58.34, 22.8, 22.0, 9999.0, 9.61, 10.0, 21.73, 9999.0, 24.18, 9999.0, 117.48, 127.73, 120.07, 91.0, 138.27
2024-11-07, 00:02:08, 136.3, 58.34, 22.8, 22.0, 9999.0, 9.64, 10.0, 21.73, 9999.0, 24.18, 9999.0, 117.48, 127.73, 120.05, 91.02, 138.25
2024-11-07, 00:02:12, 136.32, 58.32, 22.77, 22.02, 9999.0, 9.66, 10.0, 21.73, 9999.0, 24.16, 9999.0, 117.5, 127.73, 120.07, 91.05, 138.25
2024-11-07, 00:02:16, 136.32, 58.3, 22.77, 22.02, 9999.0, 9.68, 10.02, 21.73, 9999.0, 24.14, 9999.0, 117.55, 127.73, 120.07, 91.05, 138.25
2024-11-07, 00:02:20, 136.34, 58.3, 22.77, 22.02, 9999.0, 9.7, 10.02, 21.73, 9999.0, 24.11, 9999.0, 117.57, 127.73, 120.07, 91.05, 138.27
2024-11-07, 00:02:24, 136.32, 58.32, 22.77, 22.02, 9999.0, 9.73, 10.02, 21.73, 9999.0, 24.11, 9999.0, 117.59, 127.73, 120.09, 91.05, 138.27
2024-11-07, 00:02:28, 136.32, 58.32, 22.8, 22.02, 9999.0, 9.75, 10.02, 21.73, 9999.0, 24.09, 9999.0, 117.61, 127.73, 120.09, 91.07, 138.27
2024-11-07, 00:02:32, 136.32, 58.3, 22.8, 22.02, 9999.0, 9.73, 10.02, 21.73, 9999.0, 24.09, 9999.0, 117.64, 127.73, 120.09, 91.07, 138.27
2024-11-07, 00:02:36, 136.32, 58.3, 22.8, 22.02, 9999.0, 9.73, 10.02, 21.73, 9999.0, 24.09, 9999.0, 117.66, 127.75, 120.11, 91.09, 138.3
2024-11-07, 00:02:40, 136.32, 58.3, 22.82, 22.02, 9999.0, 9.73, 10.02, 21.73, 9999.0, 24.11, 9999.0, 117.66, 127.75, 120.11, 91.09, 138.3
2024-11-07, 00:02:44, 136.32, 58.3, 22.82, 22.02, 9999.0, 9.73, 10.02, 21.73, 9999.0, 24.14, 9999.0, 117.68, 127.75, 120.14, 91.09, 138.3
2024-11-07, 00:02:48, 136.34, 58.32, 22.82, 22.02, 9999.0, 9.73, 10.02, 21.7, 9999.0, 24.16, 9999.0, 117.68, 127.75, 120.14, 91.09, 138.3
2024-11-07, 00:02:52, 136.36, 58.32, 22.8, 22.02, 9999.0, 9.7, 10.02, 21.7, 9999.0, 24.16, 9999.0, 117.68, 127.75, 120.14, 91.07, 138.3
2024-11-07, 00:02:56, 136.36, 58.32, 22.8, 22.0, 9999.0, 9.68, 10.02, 21.7, 9999.0, 24.18, 9999.0, 117.66, 127.75, 120.14, 91.05, 138.3
2024-11-07, 00:03:00, 136.36, 58.32, 22.82, 22.0, 9999.0, 9.66, 10.0, 21.7, 9999.0, 24.18, 9999.0, 117.61, 127.75, 120.16, 91.05, 138.32
2024-11-07, 00:03:04, 136.34, 58.32, 22.82, 22.0, 9999.0, 9.66, 10.0, 21.7, 9999.0, 24.2, 9999.0, 117.59, 127.75, 120.16, 91.05, 138.3
2024-11-07, 00:03:08, 136.34, 58.3, 22.82, 22.0, 9999.0, 9.66, 10.0, 21.7, 9999.0, 24.2, 9999.0, 117.57, 127.75, 120.16, 91.05, 138.3
2024-11-07, 00:03:12, 136.34, 58.27, 22.82, 22.0, 9999.0, 9.66, 10.0, 21.7, 9999.0, 24.23, 9999.0, 117.55, 127.75, 120.18, 91.02, 138.3
2024-11-07, 00:03:16, 136.34, 58.27, 22.82, 22.0, 9999.0, 9.68, 10.0, 21.7, 9999.0, 24.23, 9999.0, 117.52, 127.75, 120.18, 91.02, 138.3
2024-11-07, 00:03:20, 136.34, 58.27, 22.84, 22.0, 9999.0, 9.7, 10.0, 21.73, 9999.0, 24.23, 9999.0, 117.5, 127.75, 120.18, 91.0, 138.27
2024-11-07, 00:03:24, 136.34, 58.27, 22.82, 22.0, 9999.0, 9.7, 10.0, 21.7, 9999.0, 24.2, 9999.0, 117.52, 127.75, 120.18, 91.0, 138.27
2024-11-07, 00:03:28, 136.36, 58.27, 22.82, 22.0, 9999.0, 9.7, 10.0, 21.7, 9999.0, 24.2, 9999.0, 117.52, 127.75, 120.16, 91.0, 138.27
2024-11-07, 00:03:32, 136.36, 58.25, 22.84, 22.0, 9999.0, 9.7, 10.0, 21.73, 9999.0, 24.18, 9999.0, 117.55, 127.75, 120.16, 91.0, 138.3
2024-11-07, 00:03:36, 136.36, 58.25, 22.84, 22.0, 9999.0, 9.73, 10.0, 21.73, 9999.0, 24.16, 9999.0, 117.57, 127.75, 120.18, 91.0, 138.3
2024-11-07, 00:03:41, 136.34, 58.27, 22.84, 22.0, 9999.0, 9.75, 10.0, 21.73, 9999.0, 24.14, 9999.0, 117.59, 127.75, 120.18, 91.0, 138.3
2024-11-07, 00:03:45, 136.32, 58.27, 22.82, 22.0, 9999.0, 9.77, 10.0, 21.73, 9999.0, 24.16, 9999.0, 117.61, 127.75, 120.16, 91.0, 138.27
2024-11-07, 00:03:49, 136.34, 58.27, 22.82, 22.0, 9999.0, 9.77, 10.0, 21.73, 9999.0, 24.16, 9999.0, 117.61, 127.73, 120.14, 91.0, 138.27
2024-11-07, 00:03:53, 136.36, 58.27, 22.82, 22.0, 9999.0, 9.75, 10.0, 21.73, 9999.0, 24.18, 9999.0, 117.64, 127.73, 120.14, 91.0, 138.27
2024-11-07, 00:03:57, 136.39, 58.3, 22.8, 22.0, 9999.0, 9.75, 10.0, 21.73, 9999.0, 24.2, 9999.0, 117.66, 127.73, 120.14, 91.0, 138.27
2024-11-07, 00:04:01, 136.41, 58.32, 22.8, 22.0, 9999.0, 9.75, 10.0, 21.73, 9999.0, 24.2, 9999.0, 117.66, 127.73, 120.11, 91.0, 138.27
2024-11-07, 00:04:05, 136.41, 58.32, 22.8, 22.0, 9999.0, 9.7, 10.0, 21.73, 9999.0, 24.2, 9999.0, 117.66, 127.73, 120.09, 91.02, 138.27
2024-11-07, 00:04:09, 136.41, 58.32, 22.82, 22.0, 9999.0, 9.68, 10.0, 21.75, 9999.0, 24.23, 9999.0, 117.64, 127.73, 120.09, 91.02, 138.27
2024-11-07, 00:04:13, 136.39, 58.32, 22.82, 22.0, 9999.0, 9.66, 10.0, 21.75, 9999.0, 24.23, 9999.0, 117.64, 127.73, 120.09, 91.02, 138.27
2024-11-07, 00:04:17, 136.36, 58.32, 22.82, 22.0, 9999.0, 9.64, 10.0, 21.75, 9999.0, 24.25, 9999.0, 117.61, 127.73, 120.09, 91.02, 138.25
2024-11-07, 00:04:21, 136.34, 58.32, 22.82, 22.0, 9999.0, 9.61, 10.0, 21.75, 9999.0, 24.25, 9999.0, 117.59, 127.73, 120.07, 91.02, 138.25
2024-11-07, 00:04:25, 136.34, 58.3, 22.82, 22.0, 9999.0, 9.61, 10.0, 21.73, 9999.0, 24.25, 9999.0, 117.57, 127.73, 120.07, 91.02, 138.25
2024-11-07, 00:04:29, 136.34, 58.3, 22.82, 22.0, 9999.0, 9.61, 10.0, 21.7, 9999.0, 24.23, 9999.0, 117.55, 127.73, 120.09, 91.02, 138.25
2024-11-07, 00:04:33, 136.34, 58.3, 22.82, 22.0, 9999.0, 9.61, 10.0, 21.7, 9999.0, 24.2, 9999.0, 117.55, 127.75, 120.11, 91.02, 138.25
2024-11-07, 00:04:37, 136.32, 58.3, 22.82, 22.0, 9999.0, 9.64, 10.0, 21.68, 9999.0, 24.16, 9999.0, 117.5, 127.75, 120.11, 91.02, 138.25
2024-11-07, 00:04:41, 136.3, 58.27, 22.84, 22.0, 9999.0, 9.64, 10.0, 21.66, 9999.0, 24.11, 9999.0, 117.48, 127.73, 120.11, 91.02, 138.25
2024-11-07, 00:04:45, 136.27, 58.25, 22.84, 22.0, 9999.0, 9.64, 10.0, 21.66, 9999.0, 24.09, 9999.0, 117.48, 127.7, 120.14, 91.02, 138.25
2024-11-07, 00:04:49, 136.27, 58.27, 22.82, 22.0, 9999.0, 9.66, 10.0, 21.66, 9999.0, 24.05, 9999.0, 117.5, 127.7, 120.16, 91.0, 138.25
2024-11-07, 00:04:53, 136.27, 58.27, 22.8, 22.0, 9999.0, 9.68, 10.0, 21.66, 9999.0, 24.02, 9999.0, 117.52, 127.7, 120.16, 91.02, 138.25
2024-11-07, 00:04:57, 136.3, 58.27, 22.82, 22.0, 9999.0, 9.7, 10.0, 21.66, 9999.0, 23.98, 9999.0, 117.55, 127.7, 120.18, 91.02, 138.25
2024-11-07, 00:05:01, 136.32, 58.27, 22.82, 22.0, 9999.0, 9.73, 10.0, 21.66, 9999.0, 23.95, 9999.0, 117.57, 127.7, 120.2, 91.02, 138.25
2024-11-07, 00:05:05, 136.32, 58.27, 22.84, 22.0, 9999.0, 9.75, 10.0, 21.66, 9999.0, 23.95, 9999.0, 117.59, 127.7, 120.2, 91.02, 138.25
2024-11-07, 00:05:09, 136.32, 58.27, 22.86, 22.0, 9999.0, 9.75, 10.0, 21.68, 9999.0, 23.98, 9999.0, 117.59, 127.7, 120.18, 91.02, 138.25
2024-11-07, 00:05:13, 136.34, 58.27, 22.86, 22.0, 9999.0, 9.73, 10.0, 21.7, 9999.0, 24.0, 9999.0, 117.61, 127.7, 120.18, 91.02, 138.25
2024-11-07, 00:05:17, 136.32, 58.27, 22.86, 22.0, 9999.0, 9.73, 10.0, 21.7, 9999.0, 24.02, 9999.0, 117.64, 127.7, 120.16, 91.02, 138.25
2024-11-07, 00:05:21, 136.32, 58.27, 22.86, 22.0, 9999.0, 9.7, 10.0, 21.73, 9999.0, 24.02, 9999.0, 117.66, 127.7, 120.16, 91.02, 138.25
2024-11-07, 00:05:25, 136.32, 58.27, 22.84, 22.0, 9999.0, 9.68, 10.0, 21.75, 9999.0, 24.02, 9999.0, 117.66, 127.73, 120.14, 91.02, 138.25
2024-11-07, 00:05:29, 136.32, 58.27, 22.84, 22.0, 9999.0, 9.66, 10.0, 21.75, 9999.0, 24.02, 9999.0, 117.66, 127.75, 120.14, 91.02, 138.25
2024-11-07, 00:05:33, 136.34, 58.25, 22.84, 22.0, 9999.0, 9.64, 10.0, 21.75, 9999.0, 24.05, 9999.0, 117.64, 127.75, 120.11, 91.02, 138.25
2024-11-07, 00:05:37, 136.36, 58.25, 22.86, 22.0, 9999.0, 9.61, 10.0, 21.73, 9999.0, 24.05, 9999.0, 117.61, 127.75, 120.14, 91.0, 138.25
2024-11-07, 00:05:41, 136.36, 58.25, 22.84, 22.0, 9999.0, 9.61, 10.0, 21.73, 9999.0, 24.07, 9999.0, 117.59, 127.75, 120.11, 91.0, 138.25
2024-11-07, 00:05:45, 136.36, 58.25, 22.82, 22.0, 9999.0, 9.61, 10.0, 21.73, 9999.0, 24.07, 9999.0, 117.57, 127.75, 120.09, 91.0, 138.25
2024-11-07, 00:05:49, 136.36, 58.25, 22.8, 22.0, 9999.0, 9.61, 10.0, 21.73, 9999.0, 24.07, 9999.0, 117.55, 127.73, 120.09, 91.0, 138.25
2024-11-07, 00:05:53, 136.39, 58.25, 22.77, 22.0, 9999.0, 9.61, 10.0, 21.73, 9999.0, 24.05, 9999.0, 117.55, 127.7, 120.11, 91.0, 138.25
2024-11-07, 00:05:57, 136.39, 58.25, 22.77, 22.0, 9999.0, 9.64, 10.0, 21.73, 9999.0, 24.02, 9999.0, 117.52, 127.68, 120.11, 91.0, 138.25
2024-11-07, 00:06:01, 136.39, 58.25, 22.77, 22.0, 9999.0, 9.66, 10.0, 21.73, 9999.0, 23.98, 9999.0, 117.5, 127.66, 120.11, 91.0, 138.25
2024-11-07, 00:06:05, 136.39, 58.25, 22.77, 22.0, 9999.0, 9.68, 10.0, 21.73, 9999.0, 23.98, 9999.0, 117.5, 127.64, 120.11, 91.0, 138.25
2024-11-07, 00:06:09, 136.39, 58.25, 22.77, 22.0, 9999.0, 9.7, 10.0, 21.73, 9999.0, 23.98, 9999.0, 117.52, 127.64, 120.11, 91.0, 138.25
2024-11-07, 00:06:13, 136.41, 58.27, 22.77, 22.0, 9999.0, 9.73, 10.0, 21.73, 9999.0, 23.98, 9999.0, 117.55, 127.64, 120.11, 91.0, 138.25
2024-11-07, 00:06:17, 136.39, 58.27, 22.8, 22.0, 9999.0, 9.75, 10.0, 21.73, 9999.0, 24.0, 9999.0, 117.57, 127.64, 120.11, 91.0, 138.25
2024-11-07, 00:06:21, 136.39, 58.27, 22.77, 22.0, 9999.0, 9.77, 10.0, 21.75, 9999.0, 24.0, 9999.0, 117.59, 127.64, 120.09, 91.0, 138.25
2024-11-07, 00:06:25, 136.39, 58.27, 22.77, 22.0, 9999.0, 9.77, 10.0, 21.75, 9999.0, 24.0, 9999.0, 117.61, 127.64, 120.09, 91.0, 138.25
2024-11-07, 00:06:29, 136.39, 58.27, 22.77, 22.0, 9999.0, 9.77, 10.0, 21.75, 9999.0, 24.02, 9999.0, 117.61, 127.64, 120.11, 91.0, 138.25
2024-11-07, 00:06:33, 136.39, 58.27, 22.77, 22.0, 9999.0, 9.77, 10.0, 21.75, 9999.0, 24.05, 9999.0, 117.61, 127.66, 120.14, 91.0, 138.25
2024-11-07, 00:06:37, 136.39, 58.27, 22.8, 22.0, 9999.0, 9.75, 10.0, 21.75, 9999.0, 24.07, 9999.0, 117.61, 127.68, 120.14, 91.0, 138.25
2024-11-07, 00:06:41, 136.39, 58.3, 22.8, 22.0, 9999.0, 9.73, 10.0, 21.75, 9999.0, 24.09, 9999.0, 117.61, 127.7, 120.14, 91.0, 138.25
2024-11-07, 00:06:45, 136.41, 58.3, 22.8, 22.0, 9999.0, 9.68, 10.0, 21.75, 9999.0, 24.14, 9999.0, 117.61, 127.73, 120.14, 91.02, 138.25
2024-11-07, 00:06:49, 136.41, 58.3, 22.8, 22.0, 9999.0, 9.66, 10.0, 21.75, 9999.0, 24.14, 9999.0, 117.61, 127.75, 120.11, 91.02, 138.25
2024-11-07, 00:06:53, 136.41, 58.3, 22.8, 22.0, 9999.0, 9.64, 10.0, 21.75, 9999.0, 24.14, 9999.0, 117.59, 127.75, 120.11, 91.05, 138.25
2024-11-07, 00:06:57, 136.39, 58.27, 22.8, 22.0, 9999.0, 9.61, 10.0, 21.75, 9999.0, 24.14, 9999.0, 117.57, 127.75, 120.09, 91.05, 138.25
2024-11-07, 00:07:01, 136.41, 58.27, 22.77, 22.0, 9999.0, 9.61, 10.0, 21.75, 9999.0, 24.11, 9999.0, 117.55, 127.75, 120.11, 91.05, 138.25
2024-11-07, 00:07:05, 136.39, 58.27, 22.8, 22.0, 9999.0, 9.61, 10.0, 21.75, 9999.0, 24.11, 9999.0, 117.52, 127.75, 120.11, 91.05, 138.25
2024-11-07, 00:07:09, 136.36, 58.27, 22.8, 22.0, 9999.0, 9.61, 10.0, 21.75, 9999.0, 24.11, 9999.0, 117.5, 127.75, 120.14, 91.05, 138.25
2024-11-07, 00:07:14, 136.34, 58.27, 22.8, 22.0, 9999.0, 9.64, 10.0, 21.75, 9999.0, 24.09, 9999.0, 117.5, 127.75, 120.11, 91.05, 138.25
2024-11-07, 00:07:18, 136.34, 58.27, 22.8, 22.0, 9999.0, 9.64, 10.0, 21.75, 9999.0, 24.05, 9999.0, 117.5, 127.75, 120.11, 91.05, 138.25
2024-11-07, 00:07:22, 136.34, 58.27, 22.77, 22.0, 9999.0, 9.66, 10.0, 21.75, 9999.0, 24.0, 9999.0, 117.5, 127.73, 120.09, 91.05, 138.25
2024-11-07, 00:07:26, 136.34, 58.25, 22.77, 22.0, 9999.0, 9.68, 10.0, 21.75, 9999.0, 23.98, 9999.0, 117.52, 127.73, 120.09, 91.05, 138.25
2024-11-07, 00:07:30, 136.32, 58.25, 22.77, 22.0, 9999.0, 9.7, 10.0, 21.75, 9999.0, 23.93, 9999.0, 117.55, 127.73, 120.11, 91.02, 138.25
2024-11-07, 00:07:34, 136.34, 58.25, 22.77, 22.0, 9999.0, 9.73, 10.0, 21.75, 9999.0, 23.91, 9999.0, 117.57, 127.73, 120.14, 91.02, 138.25
2024-11-07, 00:07:38, 136.34, 58.25, 22.77, 22.0, 9999.0, 9.75, 10.0, 21.75, 9999.0, 23.91, 9999.0, 117.59, 127.73, 120.14, 91.02, 138.25
2024-11-07, 00:07:42, 136.36, 58.25, 22.77, 22.0, 9999.0, 9.77, 10.0, 21.75, 9999.0, 23.91, 9999.0, 117.59, 127.73, 120.14, 91.02, 138.25
2024-11-07, 00:07:46, 136.34, 58.25, 22.77, 22.0, 9999.0, 9.77, 10.0, 21.75, 9999.0, 23.91, 9999.0, 117.59, 127.73, 120.14, 91.02, 138.25
2024-11-07, 00:07:50, 136.34, 58.25, 22.75, 22.0, 9999.0, 9.75, 10.0, 21.75, 9999.0, 23.91, 9999.0, 117.61, 127.73, 120.16, 91.02, 138.25
2024-11-07, 00:07:54, 136.34, 58.25, 22.77, 22.0, 9999.0, 9.75, 10.0, 21.75, 9999.0, 23.91, 9999.0, 117.61, 127.73, 120.16, 91.05, 138.25
2024-11-07, 00:07:58, 136.34, 58.25, 22.77, 22.0, 9999.0, 9.7, 10.0, 21.75, 9999.0, 23.91, 9999.0, 117.61, 127.73, 120.16, 91.05, 138.25
2024-11-07, 00:08:02, 136.34, 58.25, 22.77, 22.0, 9999.0, 9.68, 10.0, 21.75, 9999.0, 23.93, 9999.0, 117.61, 127.73, 120.16, 91.05, 138.25
2024-11-07, 00:08:06, 136.32, 58.25, 22.8, 22.0, 9999.0, 9.66, 10.0, 21.75, 9999.0, 23.95, 9999.0, 117.61, 127.75, 120.18, 91.07, 138.25
2024-11-07, 00:08:10, 136.32, 58.25, 22.82, 22.0, 9999.0, 9.64, 10.0, 21.75, 9999.0, 23.95, 9999.0, 117.59, 127.75, 120.18, 91.07, 138.25
2024-11-07, 00:08:14, 136.34, 58.25, 22.82, 22.0, 9999.0, 9.61, 10.0, 21.75, 9999.0, 23.98, 9999.0, 117.57, 127.75, 120.18, 91.07, 138.25
2024-11-07, 00:08:18, 136.32, 58.25, 22.82, 22.0, 9999.0, 9.59, 10.0, 21.73, 9999.0, 23.98, 9999.0, 117.55, 127.75, 120.18, 91.07, 138.25
2024-11-07, 00:08:22, 136.32, 58.25, 22.82, 22.0, 9999.0, 9.59, 10.0, 21.73, 9999.0, 23.98, 9999.0, 117.52, 127.75, 120.2, 91.05, 138.25
2024-11-07, 00:08:26, 136.3, 58.25, 22.82, 22.0, 9999.0, 9.59, 10.0, 21.73, 9999.0, 23.95, 9999.0, 117.52, 127.75, 120.2, 91.05, 138.25
2024-11-07, 00:08:30, 136.3, 58.25, 22.82, 22.0, 9999.0, 9.61, 10.0, 21.73, 9999.0, 23.93, 9999.0, 117.52, 127.75, 120.2, 91.05, 138.25
2024-11-07, 00:08:34, 136.3, 58.25, 22.82, 22.0, 9999.0, 9.64, 10.0, 21.73, 9999.0, 23.91, 9999.0, 117.5, 127.73, 120.18, 91.05, 138.25
2024-11-07, 00:08:38, 136.32, 58.25, 22.82, 22.0, 9999.0, 9.64, 10.0, 21.73, 9999.0, 23.89, 9999.0, 117.5, 127.73, 120.16, 91.02, 138.25
2024-11-07, 00:08:42, 136.32, 58.25, 22.84, 22.0, 9999.0, 9.66, 10.0, 21.73, 9999.0, 23.86, 9999.0, 117.5, 127.7, 120.16, 91.02, 138.25
2024-11-07, 00:08:46, 136.32, 58.25, 22.84, 22.0, 9999.0, 9.68, 10.0, 21.73, 9999.0, 23.84, 9999.0, 117.52, 127.7, 120.16, 91.02, 138.25
2024-11-07, 00:08:50, 136.32, 58.25, 22.82, 22.0, 9999.0, 9.7, 10.0, 21.73, 9999.0, 23.82, 9999.0, 117.55, 127.7, 120.14, 91.0, 138.25
2024-11-07, 00:08:54, 136.32, 58.25, 22.8, 22.0, 9999.0, 9.73, 10.0, 21.73, 9999.0, 23.8, 9999.0, 117.57, 127.7, 120.14, 91.0, 138.25
2024-11-07, 00:08:58, 136.32, 58.25, 22.82, 22.0, 9999.0, 9.75, 10.0, 21.73, 9999.0, 23.77, 9999.0, 117.59, 127.7, 120.11, 91.0, 138.25
2024-11-07, 00:09:02, 136.34, 58.25, 22.82, 22.0, 9999.0, 9.77, 10.0, 21.75, 9999.0, 23.77, 9999.0, 117.61, 127.7, 120.11, 91.0, 138.25
2024-11-07, 00:09:06, 136.36, 58.25, 22.82, 22.0, 9999.0, 9.77, 10.0, 21.73, 9999.0, 23.75, 9999.0, 117.64, 127.7, 120.11, 91.0, 138.25
2024-11-07, 00:09:10, 136.39, 58.25, 22.82, 22.0, 9999.0, 9.77, 10.0, 21.73, 9999.0, 23.77, 9999.0, 117.64, 127.7, 120.11, 91.0, 138.25
2024-11-07, 00:09:14, 136.39, 58.25, 22.82, 22.0, 9999.0, 9.73, 10.0, 21.73, 9999.0, 23.8, 9999.0, 117.64, 127.7, 120.11, 91.0, 138.25
2024-11-07, 00:09:18, 136.39, 58.25, 22.82, 22.0, 9999.0, 9.7, 10.0, 21.73, 9999.0, 23.82, 9999.0, 117.64, 127.73, 120.14, 91.0, 138.25
2024-11-07, 00:09:22, 136.36, 58.25, 22.8, 22.0, 9999.0, 9.68, 10.0, 21.73, 9999.0, 23.82, 9999.0, 117.64, 127.73, 120.14, 91.0, 138.25
2024-11-07, 00:09:26, 136.39, 58.25, 22.8, 22.0, 9999.0, 9.66, 10.0, 21.73, 9999.0, 23.82, 9999.0, 117.64, 127.75, 120.16, 91.0, 138.25
2024-11-07, 00:09:30, 136.39, 58.25, 22.8, 22.0, 9999.0, 9.64, 10.0, 21.73, 9999.0, 23.82, 9999.0, 117.61, 127.75, 120.14, 91.0, 138.25
2024-11-07, 00:09:34, 136.39, 58.25, 22.8, 22.0, 9999.0, 9.61, 10.0, 21.73, 9999.0, 23.82, 9999.0, 117.59, 127.75, 120.14, 91.0, 138.27
2024-11-07, 00:09:38, 136.36, 58.25, 22.82, 22.0, 9999.0, 9.61, 10.0, 21.73, 9999.0, 23.82, 9999.0, 117.57, 127.75, 120.14, 91.0, 138.27
2024-11-07, 00:09:42, 136.36, 58.25, 22.82, 22.0, 9999.0, 9.61, 10.0, 21.73, 9999.0, 23.82, 9999.0, 117.55, 127.75, 120.14, 91.0, 138.27
2024-11-07, 00:09:46, 136.36, 58.25, 22.84, 22.0, 9999.0, 9.61, 10.0, 21.73, 9999.0, 23.82, 9999.0, 117.52, 127.73, 120.11, 91.0, 138.3
2024-11-07, 00:09:50, 136.34, 58.25, 22.84, 22.0, 9999.0, 9.64, 10.0, 21.75, 9999.0, 23.82, 9999.0, 117.5, 127.73, 120.09, 91.0, 138.3
2024-11-07, 00:09:54, 136.32, 58.25, 22.84, 22.0, 9999.0, 9.66, 10.0, 21.75, 9999.0, 23.8, 9999.0, 117.52, 127.73, 120.11, 91.0, 138.3
2024-11-07, 00:09:58, 136.32, 58.25, 22.86, 22.0, 9999.0, 9.68, 10.0, 21.75, 9999.0, 23.75, 9999.0, 117.52, 127.7, 120.11, 91.0, 138.3
2024-11-07, 00:10:02, 136.32, 58.25, 22.89, 22.0, 9999.0, 9.7, 10.0, 21.75, 9999.0, 23.7, 9999.0, 117.52, 127.68, 120.11, 91.0, 138.32
2024-11-07, 00:10:06, 136.32, 58.25, 22.91, 22.0, 9999.0, 9.73, 10.0, 21.75, 9999.0, 23.68, 9999.0, 117.55, 127.68, 120.14, 91.0, 138.32
2024-11-07, 00:10:10, 136.32, 58.25, 22.91, 22.0, 9999.0, 9.75, 10.0, 21.75, 9999.0, 23.66, 9999.0, 117.57, 127.68, 120.14, 91.0, 138.32
2024-11-07, 00:10:14, 136.34, 58.25, 22.93, 22.0, 9999.0, 9.77, 10.0, 21.75, 9999.0, 23.64, 9999.0, 117.59, 127.68, 120.16, 91.02, 138.32
2024-11-07, 00:10:18, 136.34, 58.25, 22.95, 22.0, 9999.0, 9.8, 10.0, 21.75, 9999.0, 23.64, 9999.0, 117.61, 127.68, 120.16, 91.05, 138.3
2024-11-07, 00:10:22, 136.34, 58.25, 22.93, 22.0, 9999.0, 9.8, 10.0, 21.75, 9999.0, 23.64, 9999.0, 117.64, 127.68, 120.14, 91.05, 138.32
2024-11-07, 00:10:26, 136.32, 58.25, 22.91, 22.0, 9999.0, 9.8, 10.0, 21.75, 9999.0, 23.66, 9999.0, 117.66, 127.68, 120.16, 91.05, 138.32
2024-11-07, 00:10:35, 136.32, 58.25, 22.91, 22.0, 9999.0, 9.77, 10.0, 21.75, 9999.0, 23.68, 9999.0, 117.68, 127.7, 120.18, 91.05, 138.32
2024-11-07, 00:10:39, 136.34, 58.25, 22.93, 22.0, 9999.0, 9.73, 10.0, 21.75, 9999.0, 23.7, 9999.0, 117.68, 127.7, 120.2, 91.05, 138.34
2024-11-07, 00:10:44, 136.36, 58.25, 22.95, 22.0, 9999.0, 9.68, 10.0, 21.75, 9999.0, 23.7, 9999.0, 117.66, 127.7, 120.2, 91.07, 138.36
2024-11-07, 00:10:48, 136.36, 58.25, 22.95, 22.0, 9999.0, 9.66, 10.0, 21.75, 9999.0, 23.73, 9999.0, 117.66, 127.73, 120.2, 91.09, 138.39
2024-11-07, 00:10:52, 136.36, 58.25, 22.95, 22.0, 9999.0, 9.64, 10.0, 21.75, 9999.0, 23.75, 9999.0, 117.66, 127.75, 120.2, 91.09, 138.39
2024-11-07, 00:10:56, 136.36, 58.25, 22.95, 22.0, 9999.0, 9.61, 10.0, 21.75, 9999.0, 23.77, 9999.0, 117.64, 127.75, 120.2, 91.09, 138.41
2024-11-07, 00:11:00, 136.34, 58.25, 22.93, 22.0, 9999.0, 9.59, 10.0, 21.73, 9999.0, 23.8, 9999.0, 117.61, 127.75, 120.2, 91.09, 138.43
2024-11-07, 00:11:04, 136.32, 58.25, 22.91, 22.0, 9999.0, 9.59, 10.0, 21.7, 9999.0, 23.82, 9999.0, 117.59, 127.75, 120.2, 91.07, 138.45
2024-11-07, 00:11:08, 136.32, 58.25, 22.91, 22.0, 9999.0, 9.59, 10.0, 21.7, 9999.0, 23.82, 9999.0, 117.55, 127.75, 120.2, 91.05, 138.48
2024-11-07, 00:11:12, 136.34, 58.25, 22.93, 22.0, 9999.0, 9.59, 10.0, 21.7, 9999.0, 23.8, 9999.0, 117.52, 127.75, 120.2, 91.05, 138.45
2024-11-07, 00:11:16, 136.34, 58.25, 22.95, 22.0, 9999.0, 9.59, 10.0, 21.7, 9999.0, 23.75, 9999.0, 117.48, 127.75, 120.2, 91.05, 138.48
2024-11-07, 00:11:20, 136.32, 58.25, 22.95, 22.0, 9999.0, 9.64, 10.0, 21.7, 9999.0, 23.7, 9999.0, 117.45, 127.75, 120.18, 91.05, 138.48
2024-11-07, 00:11:24, 136.3, 58.25, 22.95, 22.0, 9999.0, 9.66, 10.0, 21.7, 9999.0, 23.66, 9999.0, 117.45, 127.75, 120.18, 91.07, 138.48
2024-11-07, 00:11:28, 136.3, 58.25, 22.95, 22.0, 9999.0, 9.68, 10.0, 21.7, 9999.0, 23.64, 9999.0, 117.48, 127.75, 120.18, 91.05, 138.48
2024-11-07, 00:11:32, 136.3, 58.25, 22.95, 22.0, 9999.0, 9.7, 10.0, 21.7, 9999.0, 23.61, 9999.0, 117.5, 127.75, 120.18, 91.02, 138.48
2024-11-07, 00:11:36, 136.3, 58.25, 22.95, 22.02, 9999.0, 9.73, 10.0, 21.7, 9999.0, 23.59, 9999.0, 117.52, 127.75, 120.18, 91.05, 138.48
2024-11-07, 00:11:40, 136.3, 58.25, 22.95, 22.02, 9999.0, 9.75, 10.0, 21.7, 9999.0, 23.59, 9999.0, 117.55, 127.75, 120.18, 91.05, 138.48
2024-11-07, 00:11:44, 136.32, 58.25, 22.98, 22.05, 9999.0, 9.77, 10.0, 21.73, 9999.0, 23.59, 9999.0, 117.57, 127.75, 120.18, 91.05, 138.48
2024-11-07, 00:11:48, 136.32, 58.25, 23.0, 22.07, 9999.0, 9.77, 10.0, 21.75, 9999.0, 23.59, 9999.0, 117.59, 127.75, 120.16, 91.07, 138.45
2024-11-07, 00:11:52, 136.34, 58.25, 22.98, 22.09, 9999.0, 9.77, 10.0, 21.75, 9999.0, 23.61, 9999.0, 117.64, 127.75, 120.18, 91.09, 138.45
2024-11-07, 00:11:56, 136.32, 58.25, 22.98, 22.11, 9999.0, 9.77, 10.0, 21.75, 9999.0, 23.66, 9999.0, 117.64, 127.75, 120.2, 91.11, 138.48
2024-11-07, 00:12:00, 136.32, 58.25, 22.98, 22.14, 9999.0, 9.77, 10.0, 21.75, 9999.0, 23.7, 9999.0, 117.68, 127.75, 120.18, 91.14, 138.48
2024-11-07, 00:12:04, 136.32, 58.25, 22.98, 22.16, 9999.0, 9.73, 10.0, 21.75, 9999.0, 23.75, 9999.0, 117.68, 127.75, 120.2, 91.14, 138.48
2024-11-07, 00:12:08, 136.34, 58.25, 22.98, 22.18, 9999.0, 9.73, 10.0, 21.75, 9999.0, 23.8, 9999.0, 117.68, 127.75, 120.2, 91.11, 138.48
2024-11-07, 00:12:12, 136.32, 58.25, 22.98, 22.2, 9999.0, 9.7, 10.0, 21.75, 9999.0, 23.84, 9999.0, 117.66, 127.75, 120.18, 91.11, 138.45
2024-11-07, 00:12:16, 136.34, 58.25, 22.98, 22.23, 9999.0, 9.68, 10.0, 21.75, 9999.0, 23.89, 9999.0, 117.64, 127.75, 120.18, 91.11, 138.43
2024-11-07, 00:12:20, 136.34, 58.25, 22.98, 22.2, 9999.0, 9.66, 10.0, 21.75, 9999.0, 23.93, 9999.0, 117.61, 127.75, 120.18, 91.09, 138.43
2024-11-07, 00:12:24, 136.34, 58.25, 22.98, 22.2, 9999.0, 9.66, 10.0, 21.75, 9999.0, 23.93, 9999.0, 117.59, 127.75, 120.18, 91.09, 138.43
2024-11-07, 00:12:28, 136.32, 58.25, 22.98, 22.18, 9999.0, 9.66, 10.0, 21.75, 9999.0, 23.95, 9999.0, 117.57, 127.75, 120.18, 91.09, 138.43
2024-11-07, 00:12:32, 136.32, 58.25, 22.98, 22.18, 9999.0, 9.66, 10.0, 21.75, 9999.0, 23.98, 9999.0, 117.55, 127.75, 120.2, 91.07, 138.45
2024-11-07, 00:12:36, 136.3, 58.25, 22.98, 22.18, 9999.0, 9.68, 10.0, 21.75, 9999.0, 23.95, 9999.0, 117.52, 127.75, 120.2, 91.05, 138.45
2024-11-07, 00:12:40, 136.32, 58.25, 22.98, 22.18, 9999.0, 9.7, 10.0, 21.75, 9999.0, 23.93, 9999.0, 117.55, 127.75, 120.2, 91.02, 138.45
2024-11-07, 00:12:44, 136.34, 58.25, 22.98, 22.18, 9999.0, 9.7, 10.0, 21.75, 9999.0, 23.91, 9999.0, 117.55, 127.75, 120.2, 91.0, 138.45
2024-11-07, 00:12:48, 136.36, 58.25, 22.98, 22.18, 9999.0, 9.73, 10.0, 21.75, 9999.0, 23.89, 9999.0, 117.57, 127.75, 120.2, 91.0, 138.45
2024-11-07, 00:12:52, 136.36, 58.25, 22.98, 22.18, 9999.0, 9.73, 10.0, 21.75, 9999.0, 23.86, 9999.0, 117.59, 127.75, 120.2, 91.02, 138.45
2024-11-07, 00:12:56, 136.39, 58.25, 22.98, 22.18, 9999.0, 9.75, 10.02, 21.75, 9999.0, 23.84, 9999.0, 117.61, 127.75, 120.23, 91.02, 138.48
2024-11-07, 00:13:00, 136.39, 58.25, 22.98, 22.18, 9999.0, 9.77, 10.02, 21.75, 9999.0, 23.82, 9999.0, 117.64, 127.75, 120.23, 91.05, 138.5
2024-11-07, 00:13:04, 136.41, 58.27, 22.98, 22.2, 9999.0, 9.8, 10.02, 21.75, 9999.0, 23.8, 9999.0, 117.66, 127.75, 120.23, 91.05, 138.5
2024-11-07, 00:13:08, 136.43, 58.3, 22.98, 22.23, 9999.0, 9.8, 10.02, 21.75, 9999.0, 23.8, 9999.0, 117.68, 127.75, 120.2, 91.07, 138.48
2024-11-07, 00:13:12, 136.45, 58.3, 22.98, 22.25, 9999.0, 9.8, 10.02, 21.75, 9999.0, 23.8, 9999.0, 117.7, 127.75, 120.18, 91.09, 138.48
2024-11-07, 00:13:16, 136.48, 58.3, 22.98, 22.25, 9999.0, 9.8, 10.02, 21.75, 9999.0, 23.8, 9999.0, 117.73, 127.75, 120.16, 91.11, 138.48
2024-11-07, 00:13:20, 136.5, 58.3, 23.0, 22.23, 9999.0, 9.77, 10.02, 21.75, 9999.0, 23.82, 9999.0, 117.75, 127.75, 120.16, 91.11, 138.48
2024-11-07, 00:13:24, 136.5, 58.3, 22.98, 22.23, 9999.0, 9.73, 10.02, 21.75, 9999.0, 23.84, 9999.0, 117.75, 127.75, 120.16, 91.14, 138.48
2024-11-07, 00:13:28, 136.5, 58.3, 22.98, 22.2, 9999.0, 9.7, 10.02, 21.75, 9999.0, 23.86, 9999.0, 117.73, 127.75, 120.16, 91.14, 138.48
2024-11-07, 00:13:32, 136.48, 58.32, 22.98, 22.18, 9999.0, 9.68, 10.02, 21.75, 9999.0, 23.86, 9999.0, 117.7, 127.75, 120.16, 91.16, 138.48
2024-11-07, 00:13:36, 136.48, 58.32, 22.98, 22.18, 9999.0, 9.66, 10.02, 21.75, 9999.0, 23.86, 9999.0, 117.68, 127.75, 120.16, 91.14, 138.48
2024-11-07, 00:13:40, 136.48, 58.32, 22.98, 22.16, 9999.0, 9.64, 10.0, 21.75, 9999.0, 23.86, 9999.0, 117.66, 127.75, 120.16, 91.16, 138.48
2024-11-07, 00:13:44, 136.48, 58.32, 22.98, 22.16, 9999.0, 9.64, 10.0, 21.75, 9999.0, 23.86, 9999.0, 117.64, 127.75, 120.16, 91.14, 138.48
2024-11-07, 00:13:48, 136.48, 58.3, 22.95, 22.16, 9999.0, 9.64, 10.0, 21.75, 9999.0, 23.86, 9999.0, 117.61, 127.75, 120.16, 91.14, 138.48
2024-11-07, 00:13:52, 136.48, 58.27, 22.95, 22.16, 9999.0, 9.64, 10.0, 21.75, 9999.0, 23.86, 9999.0, 117.59, 127.75, 120.16, 91.14, 138.5
2024-11-07, 00:13:56, 136.48, 58.27, 22.95, 22.16, 9999.0, 9.66, 10.0, 21.75, 9999.0, 23.84, 9999.0, 117.57, 127.75, 120.18, 91.11, 138.5
2024-11-07, 00:14:00, 136.48, 58.27, 22.95, 22.14, 9999.0, 9.66, 10.0, 21.75, 9999.0, 23.82, 9999.0, 117.57, 127.75, 120.2, 91.09, 138.5
2024-11-07, 00:14:04, 136.48, 58.27, 22.93, 22.14, 9999.0, 9.66, 10.0, 21.75, 9999.0, 23.8, 9999.0, 117.57, 127.75, 120.18, 91.09, 138.5
2024-11-07, 00:14:08, 136.45, 58.27, 22.95, 22.14, 9999.0, 9.68, 10.0, 21.75, 9999.0, 23.77, 9999.0, 117.57, 127.75, 120.18, 91.07, 138.5
2024-11-07, 00:14:12, 136.45, 58.27, 22.95, 22.16, 9999.0, 9.7, 10.0, 21.75, 9999.0, 23.75, 9999.0, 117.59, 127.75, 120.2, 91.07, 138.5
2024-11-07, 00:14:17, 136.48, 58.25, 22.95, 22.18, 9999.0, 9.73, 10.0, 21.75, 9999.0, 23.75, 9999.0, 117.61, 127.75, 120.2, 91.07, 138.5
2024-11-07, 00:14:21, 136.48, 58.25, 22.95, 22.16, 9999.0, 9.75, 10.0, 21.75, 9999.0, 23.77, 9999.0, 117.64, 127.75, 120.18, 91.09, 138.5
2024-11-07, 00:14:25, 136.45, 58.25, 22.95, 22.16, 9999.0, 9.77, 10.0, 21.75, 9999.0, 23.8, 9999.0, 117.66, 127.75, 120.18, 91.07, 138.5
2024-11-07, 00:14:29, 136.45, 58.25, 22.95, 22.16, 9999.0, 9.77, 10.0, 21.75, 9999.0, 23.82, 9999.0, 117.68, 127.75, 120.18, 91.09, 138.5
2024-11-07, 00:14:33, 136.45, 58.27, 22.98, 22.16, 9999.0, 9.77, 10.0, 21.75, 9999.0, 23.84, 9999.0, 117.7, 127.75, 120.18, 91.11, 138.48
2024-11-07, 00:14:37, 136.45, 58.3, 22.98, 22.16, 9999.0, 9.77, 10.0, 21.73, 9999.0, 23.86, 9999.0, 117.73, 127.75, 120.2, 91.11, 138.48
2024-11-07, 00:14:41, 136.45, 58.3, 22.98, 22.14, 9999.0, 9.73, 10.0, 21.73, 9999.0, 23.89, 9999.0, 117.75, 127.75, 120.2, 91.14, 138.48
2024-11-07, 00:14:45, 136.43, 58.3, 22.98, 22.14, 9999.0, 9.7, 10.0, 21.73, 9999.0, 23.91, 9999.0, 117.73, 127.75, 120.2, 91.16, 138.48
2024-11-07, 00:14:49, 136.43, 58.3, 23.0, 22.14, 9999.0, 9.7, 10.0, 21.73, 9999.0, 23.93, 9999.0, 117.7, 127.75, 120.23, 91.18, 138.48
2024-11-07, 00:14:53, 136.45, 58.32, 23.0, 22.14, 9999.0, 9.68, 10.0, 21.73, 9999.0, 23.95, 9999.0, 117.68, 127.75, 120.2, 91.18, 138.48
2024-11-07, 00:14:57, 136.43, 58.32, 23.0, 22.14, 9999.0, 9.66, 10.0, 21.73, 9999.0, 23.98, 9999.0, 117.66, 127.75, 120.18, 91.18, 138.48
2024-11-07, 00:15:01, 136.43, 58.32, 23.0, 22.14, 9999.0, 9.64, 10.0, 21.73, 9999.0, 24.0, 9999.0, 117.64, 127.75, 120.18, 91.18, 138.48
2024-11-07, 00:15:05, 136.41, 58.32, 23.0, 22.16, 9999.0, 9.64, 10.0, 21.73, 9999.0, 24.0, 9999.0, 117.61, 127.75, 120.18, 91.18, 138.48
2024-11-07, 00:15:09, 136.43, 58.32, 22.98, 22.16, 9999.0, 9.64, 10.0, 21.73, 9999.0, 24.0, 9999.0, 117.59, 127.75, 120.16, 91.2, 138.48
2024-11-07, 00:15:13, 136.41, 58.32, 22.98, 22.16, 9999.0, 9.64, 10.0, 21.73, 9999.0, 24.0, 9999.0, 117.57, 127.75, 120.14, 91.18, 138.48
2024-11-07, 00:15:17, 136.41, 58.3, 22.98, 22.14, 9999.0, 9.64, 10.0, 21.73, 9999.0, 23.98, 9999.0, 117.52, 127.75, 120.11, 91.16, 138.5
2024-11-07, 00:15:21, 136.39, 58.27, 22.95, 22.14, 9999.0, 9.64, 10.0, 21.75, 9999.0, 23.95, 9999.0, 117.52, 127.75, 120.09, 91.14, 138.5
2024-11-07, 00:15:25, 136.39, 58.27, 22.95, 22.16, 9999.0, 9.68, 10.0, 21.75, 9999.0, 23.93, 9999.0, 117.52, 127.75, 120.07, 91.11, 138.5
2024-11-07, 00:15:30, 136.41, 58.27, 22.93, 22.18, 9999.0, 9.7, 10.0, 21.75, 9999.0, 23.91, 9999.0, 117.55, 127.75, 120.05, 91.09, 138.5
2024-11-07, 00:15:34, 136.41, 58.27, 22.93, 22.18, 9999.0, 9.7, 10.02, 21.75, 9999.0, 23.89, 9999.0, 117.57, 127.75, 120.05, 91.07, 138.5
2024-11-07, 00:15:38, 136.41, 58.25, 22.93, 22.16, 9999.0, 9.73, 10.02, 21.75, 9999.0, 23.86, 9999.0, 117.59, 127.75, 120.05, 91.09, 138.5
2024-11-07, 00:15:42, 136.43, 58.25, 22.93, 22.14, 9999.0, 9.75, 10.02, 21.75, 9999.0, 23.86, 9999.0, 117.61, 127.75, 120.07, 91.09, 138.5
2024-11-07, 00:15:46, 136.43, 58.25, 22.93, 22.11, 9999.0, 9.77, 10.05, 21.75, 9999.0, 23.86, 9999.0, 117.64, 127.75, 120.07, 91.09, 138.5
2024-11-07, 00:15:50, 136.45, 58.25, 22.91, 22.11, 9999.0, 9.77, 10.05, 21.75, 9999.0, 23.86, 9999.0, 117.66, 127.75, 120.07, 91.09, 138.5
2024-11-07, 00:15:54, 136.43, 58.27, 22.93, 22.11, 9999.0, 9.77, 10.05, 21.75, 9999.0, 23.89, 9999.0, 117.68, 127.75, 120.09, 91.09, 138.5
2024-11-07, 00:15:58, 136.45, 58.27, 22.93, 22.11, 9999.0, 9.77, 10.05, 21.75, 9999.0, 23.89, 9999.0, 117.7, 127.75, 120.11, 91.09, 138.5
2024-11-07, 00:16:02, 136.43, 58.27, 22.93, 22.14, 9999.0, 9.77, 10.05, 21.75, 9999.0, 23.91, 9999.0, 117.75, 127.75, 120.11, 91.11, 138.5
2024-11-07, 00:16:06, 136.45, 58.27, 22.93, 22.11, 9999.0, 9.77, 10.05, 21.75, 9999.0, 23.93, 9999.0, 117.73, 127.75, 120.11, 91.11, 138.5
2024-11-07, 00:16:10, 136.43, 58.27, 22.93, 22.11, 9999.0, 9.75, 10.05, 21.75, 9999.0, 23.95, 9999.0, 117.7, 127.75, 120.11, 91.11, 138.5
2024-11-07, 00:16:14, 136.41, 58.27, 22.93, 22.11, 9999.0, 9.73, 10.05, 21.75, 9999.0, 23.98, 9999.0, 117.68, 127.75, 120.11, 91.11, 138.5
2024-11-07, 00:16:18, 136.41, 58.27, 22.91, 22.11, 9999.0, 9.7, 10.02, 21.75, 9999.0, 24.0, 9999.0, 117.66, 127.75, 120.09, 91.14, 138.5
2024-11-07, 00:16:22, 136.41, 58.27, 22.91, 22.11, 9999.0, 9.7, 10.02, 21.75, 9999.0, 24.02, 9999.0, 117.64, 127.75, 120.09, 91.14, 138.5
2024-11-07, 00:16:26, 136.41, 58.3, 22.89, 22.11, 9999.0, 9.7, 10.02, 21.75, 9999.0, 24.02, 9999.0, 117.61, 127.75, 120.09, 91.16, 138.5
2024-11-07, 00:16:30, 136.41, 58.3, 22.89, 22.14, 9999.0, 9.7, 10.0, 21.75, 9999.0, 24.02, 9999.0, 117.59, 127.75, 120.07, 91.16, 138.5
2024-11-07, 00:16:34, 136.39, 58.3, 22.91, 22.11, 9999.0, 9.73, 10.0, 21.75, 9999.0, 24.02, 9999.0, 117.57, 127.75, 120.07, 91.14, 138.5
2024-11-07, 00:16:38, 136.39, 58.27, 22.91, 22.14, 9999.0, 9.75, 10.0, 21.75, 9999.0, 23.98, 9999.0, 117.55, 127.75, 120.05, 91.11, 138.5
2024-11-07, 00:16:42, 136.36, 58.27, 22.91, 22.11, 9999.0, 9.75, 10.0, 21.75, 9999.0, 23.95, 9999.0, 117.55, 127.73, 120.02, 91.14, 138.5
2024-11-07, 00:16:46, 136.39, 58.3, 22.91, 22.09, 9999.0, 9.75, 10.0, 21.75, 9999.0, 23.93, 9999.0, 117.55, 127.7, 120.05, 91.11, 138.5
2024-11-07, 00:16:50, 136.39, 58.32, 22.93, 22.09, 9999.0, 9.75, 10.0, 21.75, 9999.0, 23.91, 9999.0, 117.57, 127.7, 120.05, 91.11, 138.5
2024-11-07, 00:16:54, 136.39, 58.32, 22.91, 22.07, 9999.0, 9.75, 10.02, 21.75, 9999.0, 23.89, 9999.0, 117.59, 127.7, 120.05, 91.11, 138.48
2024-11-07, 00:16:58, 136.39, 58.34, 22.91, 22.05, 9999.0, 9.77, 10.02, 21.75, 9999.0, 23.86, 9999.0, 117.61, 127.7, 120.07, 91.14, 138.48
2024-11-07, 00:17:02, 136.39, 58.34, 22.93, 22.05, 9999.0, 9.8, 10.02, 21.75, 9999.0, 23.86, 9999.0, 117.64, 127.7, 120.07, 91.14, 138.48
2024-11-07, 00:17:06, 136.39, 58.34, 22.93, 22.05, 9999.0, 9.8, 10.02, 21.75, 9999.0, 23.84, 9999.0, 117.66, 127.7, 120.07, 91.11, 138.48
2024-11-07, 00:17:10, 136.36, 58.34, 22.93, 22.05, 9999.0, 9.8, 10.02, 21.75, 9999.0, 23.84, 9999.0, 117.68, 127.7, 120.05, 91.11, 138.48
2024-11-07, 00:17:14, 136.34, 58.34, 22.93, 22.05, 9999.0, 9.8, 10.02, 21.75, 9999.0, 23.86, 9999.0, 117.68, 127.7, 120.05, 91.09, 138.48
2024-11-07, 00:17:18, 136.34, 58.34, 22.93, 22.07, 9999.0, 9.77, 10.02, 21.75, 9999.0, 23.86, 9999.0, 117.7, 127.7, 120.05, 91.09, 138.48
2024-11-07, 00:17:22, 136.34, 58.34, 22.93, 22.05, 9999.0, 9.73, 10.02, 21.75, 9999.0, 23.89, 9999.0, 117.7, 127.7, 120.07, 91.11, 138.48
2024-11-07, 00:17:26, 136.36, 58.34, 22.93, 22.05, 9999.0, 9.7, 10.02, 21.75, 9999.0, 23.91, 9999.0, 117.68, 127.73, 120.09, 91.09, 138.48
2024-11-07, 00:17:30, 136.34, 58.32, 22.93, 22.07, 9999.0, 9.68, 10.02, 21.75, 9999.0, 23.93, 9999.0, 117.66, 127.75, 120.09, 91.11, 138.48
2024-11-07, 00:17:34, 136.32, 58.32, 22.91, 22.09, 9999.0, 9.66, 10.02, 21.75, 9999.0, 23.95, 9999.0, 117.64, 127.75, 120.11, 91.11, 138.48
2024-11-07, 00:17:38, 136.34, 58.32, 22.93, 22.11, 9999.0, 9.64, 10.0, 21.75, 9999.0, 23.98, 9999.0, 117.61, 127.75, 120.14, 91.14, 138.5
2024-11-07, 00:17:42, 136.34, 58.3, 22.95, 22.14, 9999.0, 9.64, 10.0, 21.75, 9999.0, 24.0, 9999.0, 117.59, 127.75, 120.11, 91.11, 138.5
2024-11-07, 00:17:46, 136.32, 58.3, 22.93, 22.14, 9999.0, 9.64, 10.0, 21.75, 9999.0, 24.0, 9999.0, 117.57, 127.75, 120.14, 91.09, 138.5
2024-11-07, 00:17:50, 136.3, 58.3, 22.93, 22.14, 9999.0, 9.64, 10.0, 21.75, 9999.0, 24.02, 9999.0, 117.55, 127.75, 120.14, 91.09, 138.5
2024-11-07, 00:17:54, 136.32, 58.27, 22.95, 22.16, 9999.0, 9.66, 10.02, 21.75, 9999.0, 24.02, 9999.0, 117.52, 127.75, 120.14, 91.07, 138.5
2024-11-07, 00:17:58, 136.34, 58.27, 22.95, 22.16, 9999.0, 9.66, 10.02, 21.75, 9999.0, 23.98, 9999.0, 117.55, 127.75, 120.14, 91.09, 138.5
2024-11-07, 00:18:02, 136.34, 58.27, 22.93, 22.14, 9999.0, 9.66, 10.02, 21.75, 9999.0, 23.95, 9999.0, 117.55, 127.75, 120.14, 91.09, 138.48
2024-11-07, 00:18:06, 136.34, 58.27, 22.93, 22.16, 9999.0, 9.68, 10.02, 21.75, 9999.0, 23.93, 9999.0, 117.57, 127.75, 120.14, 91.07, 138.48
2024-11-07, 00:18:10, 136.34, 58.3, 22.93, 22.18, 9999.0, 9.7, 10.05, 21.75, 9999.0, 23.91, 9999.0, 117.59, 127.75, 120.11, 91.09, 138.48
2024-11-07, 00:18:14, 136.34, 58.3, 22.91, 22.16, 9999.0, 9.73, 10.05, 21.75, 9999.0, 23.89, 9999.0, 117.61, 127.75, 120.09, 91.09, 138.48
2024-11-07, 00:18:18, 136.34, 58.3, 22.93, 22.16, 9999.0, 9.75, 10.07, 21.75, 9999.0, 23.89, 9999.0, 117.64, 127.75, 120.07, 91.11, 138.48
2024-11-07, 00:18:22, 136.34, 58.3, 22.93, 22.14, 9999.0, 9.77, 10.07, 21.75, 9999.0, 23.86, 9999.0, 117.66, 127.73, 120.07, 91.11, 138.48
2024-11-07, 00:18:26, 136.34, 58.3, 22.91, 22.11, 9999.0, 9.77, 10.07, 21.75, 9999.0, 23.84, 9999.0, 117.68, 127.73, 120.07, 91.14, 138.48
2024-11-07, 00:18:30, 136.34, 58.3, 22.93, 22.14, 9999.0, 9.77, 10.07, 21.75, 9999.0, 23.84, 9999.0, 117.7, 127.73, 120.05, 91.14, 138.48
2024-11-07, 00:18:34, 136.36, 58.3, 22.93, 22.14, 9999.0, 9.77, 10.07, 21.75, 9999.0, 23.84, 9999.0, 117.73, 127.73, 120.07, 91.14, 138.48
2024-11-07, 00:18:38, 136.36, 58.3, 22.93, 22.11, 9999.0, 9.75, 10.05, 21.75, 9999.0, 23.84, 9999.0, 117.75, 127.73, 120.09, 91.14, 138.48
2024-11-07, 00:18:42, 136.36, 58.3, 22.91, 22.09, 9999.0, 9.73, 10.05, 21.75, 9999.0, 23.86, 9999.0, 117.73, 127.73, 120.11, 91.11, 138.48
2024-11-07, 00:18:46, 136.39, 58.3, 22.93, 22.09, 9999.0, 9.7, 10.05, 21.75, 9999.0, 23.86, 9999.0, 117.7, 127.73, 120.11, 91.11, 138.5
2024-11-07, 00:18:50, 136.39, 58.3, 22.93, 22.07, 9999.0, 9.68, 10.05, 21.75, 9999.0, 23.86, 9999.0, 117.68, 127.73, 120.11, 91.11, 138.5
2024-11-07, 00:18:54, 136.39, 58.27, 22.91, 22.05, 9999.0, 9.66, 10.02, 21.75, 9999.0, 23.86, 9999.0, 117.66, 127.73, 120.11, 91.09, 138.48
2024-11-07, 00:18:58, 136.41, 58.27, 22.93, 22.05, 9999.0, 9.64, 10.02, 21.75, 9999.0, 23.86, 9999.0, 117.64, 127.73, 120.11, 91.07, 138.48
2024-11-07, 00:19:02, 136.43, 58.25, 22.93, 22.02, 9999.0, 9.64, 10.0, 21.75, 9999.0, 23.84, 9999.0, 117.61, 127.73, 120.11, 91.07, 138.48
2024-11-07, 00:19:06, 136.43, 58.25, 22.91, 22.02, 9999.0, 9.64, 10.0, 21.75, 9999.0, 23.84, 9999.0, 117.59, 127.75, 120.11, 91.05, 138.48
2024-11-07, 00:19:10, 136.43, 58.25, 22.93, 22.05, 9999.0, 9.64, 10.0, 21.75, 9999.0, 23.84, 9999.0, 117.57, 127.75, 120.11, 91.02, 138.48
2024-11-07, 00:19:14, 136.45, 58.25, 22.93, 22.02, 9999.0, 9.66, 10.0, 21.75, 9999.0, 23.82, 9999.0, 117.55, 127.75, 120.11, 91.02, 138.48
2024-11-07, 00:19:19, 136.45, 58.25, 22.93, 22.02, 9999.0, 9.68, 10.0, 21.75, 9999.0, 23.8, 9999.0, 117.52, 127.75, 120.09, 91.02, 138.48
2024-11-07, 00:19:23, 136.43, 58.25, 22.91, 22.02, 9999.0, 9.68, 10.0, 21.75, 9999.0, 23.77, 9999.0, 117.5, 127.75, 120.07, 91.02, 138.48
2024-11-07, 00:19:27, 136.41, 58.25, 22.91, 22.02, 9999.0, 9.7, 10.0, 21.75, 9999.0, 23.75, 9999.0, 117.52, 127.75, 120.07, 91.02, 138.48
2024-11-07, 00:19:31, 136.39, 58.25, 22.91, 22.02, 9999.0, 9.73, 10.0, 21.75, 9999.0, 23.75, 9999.0, 117.55, 127.75, 120.09, 91.02, 138.48
2024-11-07, 00:19:35, 136.41, 58.25, 22.91, 22.02, 9999.0, 9.75, 10.0, 21.75, 9999.0, 23.75, 9999.0, 117.57, 127.75, 120.07, 91.02, 138.48
2024-11-07, 00:19:39, 136.39, 58.25, 22.93, 22.02, 9999.0, 9.77, 10.0, 21.75, 9999.0, 23.75, 9999.0, 117.59, 127.75, 120.07, 91.02, 138.48
2024-11-07, 00:19:43, 136.39, 58.25, 22.93, 22.02, 9999.0, 9.8, 10.0, 21.75, 9999.0, 23.75, 9999.0, 117.61, 127.75, 120.07, 91.05, 138.48
2024-11-07, 00:19:47, 136.36, 58.25, 22.93, 22.02, 9999.0, 9.8, 10.0, 21.75, 9999.0, 23.75, 9999.0, 117.64, 127.75, 120.07, 91.02, 138.48
2024-11-07, 00:19:51, 136.36, 58.25, 22.95, 22.05, 9999.0, 9.8, 10.0, 21.75, 9999.0, 23.77, 9999.0, 117.66, 127.75, 120.07, 91.02, 138.48
2024-11-07, 00:19:55, 136.39, 58.25, 22.95, 22.02, 9999.0, 9.8, 10.0, 21.75, 9999.0, 23.8, 9999.0, 117.66, 127.75, 120.09, 91.05, 138.48
2024-11-07, 00:19:59, 136.36, 58.25, 22.95, 22.02, 9999.0, 9.77, 10.0, 21.75, 9999.0, 23.82, 9999.0, 117.66, 127.75, 120.11, 91.05, 138.48
2024-11-07, 00:20:03, 136.34, 58.25, 22.95, 22.02, 9999.0, 9.73, 10.0, 21.75, 9999.0, 23.84, 9999.0, 117.66, 127.75, 120.11, 91.05, 138.45
2024-11-07, 00:20:07, 136.34, 58.25, 22.98, 22.02, 9999.0, 9.7, 10.0, 21.75, 9999.0, 23.86, 9999.0, 117.66, 127.75, 120.14, 91.07, 138.45
2024-11-07, 00:20:11, 136.36, 58.25, 23.0, 22.02, 9999.0, 9.68, 10.0, 21.75, 9999.0, 23.86, 9999.0, 117.64, 127.75, 120.11, 91.07, 138.45
2024-11-07, 00:20:15, 136.36, 58.25, 23.0, 22.05, 9999.0, 9.66, 10.0, 21.75, 9999.0, 23.86, 9999.0, 117.61, 127.75, 120.09, 91.09, 138.45
2024-11-07, 00:20:23, 136.36, 58.25, 23.0, 22.07, 9999.0, 9.64, 10.0, 21.75, 9999.0, 23.86, 9999.0, 117.59, 127.75, 120.11, 91.11, 138.45
2024-11-07, 00:20:27, 136.36, 58.25, 23.0, 22.09, 9999.0, 9.64, 10.0, 21.75, 9999.0, 23.86, 9999.0, 117.57, 127.75, 120.11, 91.11, 138.48
2024-11-07, 00:20:31, 136.34, 58.25, 23.0, 22.09, 9999.0, 9.64, 10.0, 21.75, 9999.0, 23.86, 9999.0, 117.55, 127.75, 120.14, 91.09, 138.48
2024-11-07, 00:20:35, 136.34, 58.25, 23.0, 22.09, 9999.0, 9.64, 10.0, 21.75, 9999.0, 23.86, 9999.0, 117.52, 127.75, 120.14, 91.11, 138.48
2024-11-07, 00:20:39, 136.34, 58.25, 23.0, 22.07, 9999.0, 9.66, 10.0, 21.75, 9999.0, 23.84, 9999.0, 117.5, 127.75, 120.11, 91.14, 138.48
2024-11-07, 00:20:43, 136.32, 58.25, 23.0, 22.09, 9999.0, 9.68, 10.0, 21.75, 9999.0, 23.82, 9999.0, 117.5, 127.75, 120.09, 91.11, 138.48
2024-11-07, 00:20:47, 136.32, 58.25, 23.0, 22.09, 9999.0, 9.68, 10.0, 21.75, 9999.0, 23.8, 9999.0, 117.5, 127.75, 120.07, 91.11, 138.48
2024-11-07, 00:20:51, 136.32, 58.25, 23.0, 22.09, 9999.0, 9.7, 10.0, 21.75, 9999.0, 23.77, 9999.0, 117.52, 127.75, 120.09, 91.11, 138.5
2024-11-07, 00:20:55, 136.34, 58.25, 23.0, 22.11, 9999.0, 9.73, 10.0, 21.75, 9999.0, 23.75, 9999.0, 117.55, 127.75, 120.09, 91.09, 138.5
2024-11-07, 00:20:59, 136.34, 58.25, 23.0, 22.14, 9999.0, 9.75, 10.0, 21.75, 9999.0, 23.75, 9999.0, 117.57, 127.75, 120.09, 91.09, 138.5
2024-11-07, 00:21:03, 136.34, 58.27, 23.0, 22.14, 9999.0, 9.77, 10.0, 21.75, 9999.0, 23.77, 9999.0, 117.59, 127.75, 120.11, 91.07, 138.5
2024-11-07, 00:21:07, 136.32, 58.27, 23.0, 22.14, 9999.0, 9.8, 10.0, 21.75, 9999.0, 23.77, 9999.0, 117.61, 127.75, 120.09, 91.05, 138.5
2024-11-07, 00:21:11, 136.32, 58.27, 23.0, 22.11, 9999.0, 9.8, 10.0, 21.75, 9999.0, 23.8, 9999.0, 117.64, 127.75, 120.09, 91.07, 138.5
2024-11-07, 00:21:15, 136.32, 58.27, 23.0, 22.11, 9999.0, 9.8, 10.0, 21.75, 9999.0, 23.82, 9999.0, 117.66, 127.75, 120.07, 91.07, 138.5
2024-11-07, 00:21:19, 136.32, 58.27, 23.0, 22.11, 9999.0, 9.8, 10.0, 21.75, 9999.0, 23.84, 9999.0, 117.66, 127.75, 120.09, 91.05, 138.5
2024-11-07, 00:21:23, 136.32, 58.27, 23.0, 22.11, 9999.0, 9.77, 10.0, 21.75, 9999.0, 23.86, 9999.0, 117.66, 127.75, 120.11, 91.02, 138.5
2024-11-07, 00:21:27, 136.32, 58.27, 23.0, 22.11, 9999.0, 9.75, 10.0, 21.75, 9999.0, 23.89, 9999.0, 117.66, 127.75, 120.11, 91.02, 138.5
2024-11-07, 00:21:31, 136.34, 58.27, 23.0, 22.14, 9999.0, 9.73, 10.0, 21.75, 9999.0, 23.91, 9999.0, 117.66, 127.75, 120.11, 91.05, 138.5
2024-11-07, 00:21:35, 136.34, 58.27, 23.0, 22.16, 9999.0, 9.7, 10.0, 21.75, 9999.0, 23.93, 9999.0, 117.64, 127.75, 120.09, 91.05, 138.5
2024-11-07, 00:21:39, 136.32, 58.27, 23.0, 22.14, 9999.0, 9.68, 10.0, 21.75, 9999.0, 23.93, 9999.0, 117.61, 127.75, 120.09, 91.05, 138.5
2024-11-07, 00:21:43, 136.3, 58.27, 23.0, 22.11, 9999.0, 9.66, 10.0, 21.75, 9999.0, 23.93, 9999.0, 117.59, 127.75, 120.09, 91.05, 138.5
2024-11-07, 00:21:47, 136.3, 58.25, 23.0, 22.09, 9999.0, 9.66, 10.0, 21.75, 9999.0, 23.91, 9999.0, 117.57, 127.75, 120.07, 91.05, 138.5
2024-11-07, 00:21:51, 136.3, 58.25, 23.0, 22.07, 9999.0, 9.66, 10.0, 21.75, 9999.0, 23.91, 9999.0, 117.52, 127.75, 120.07, 91.05, 138.5
2024-11-07, 00:21:55, 136.32, 58.25, 23.0, 22.07, 9999.0, 9.68, 10.0, 21.75, 9999.0, 23.89, 9999.0, 117.5, 127.75, 120.07, 91.02, 138.5
2024-11-07, 00:21:59, 136.34, 58.25, 22.98, 22.07, 9999.0, 9.7, 10.0, 21.75, 9999.0, 23.86, 9999.0, 117.48, 127.75, 120.09, 91.02, 138.5
2024-11-07, 00:22:03, 136.36, 58.25, 22.98, 22.09, 9999.0, 9.73, 10.0, 21.75, 9999.0, 23.84, 9999.0, 117.5, 127.75, 120.07, 91.02, 138.5
2024-11-07, 00:22:07, 136.36, 58.25, 22.98, 22.11, 9999.0, 9.73, 10.0, 21.75, 9999.0, 23.82, 9999.0, 117.5, 127.75, 120.05, 91.02, 138.5
2024-11-07, 00:22:11, 136.36, 58.25, 22.98, 22.11, 9999.0, 9.73, 10.0, 21.75, 9999.0, 23.8, 9999.0, 117.52, 127.75, 120.05, 91.02, 138.5
2024-11-07, 00:22:15, 136.34, 58.25, 22.98, 22.11, 9999.0, 9.75, 10.0, 21.75, 9999.0, 23.77, 9999.0, 117.55, 127.75, 120.05, 91.0, 138.5
2024-11-07, 00:22:19, 136.34, 58.25, 22.98, 22.09, 9999.0, 9.77, 10.0, 21.75, 9999.0, 23.75, 9999.0, 117.57, 127.75, 120.07, 91.0, 138.5
2024-11-07, 00:22:23, 136.34, 58.25, 22.98, 22.11, 9999.0, 9.8, 10.0, 21.75, 9999.0, 23.77, 9999.0, 117.59, 127.75, 120.05, 91.02, 138.5
2024-11-07, 00:22:27, 136.36, 58.25, 22.98, 22.14, 9999.0, 9.82, 10.0, 21.75, 9999.0, 23.8, 9999.0, 117.61, 127.75, 120.05, 91.02, 138.5
2024-11-07, 00:22:31, 136.36, 58.25, 22.98, 22.14, 9999.0, 9.82, 10.0, 21.75, 9999.0, 23.82, 9999.0, 117.64, 127.75, 120.05, 91.02, 138.5
2024-11-07, 00:22:35, 136.36, 58.25, 22.98, 22.14, 9999.0, 9.8, 10.0, 21.75, 9999.0, 23.86, 9999.0, 117.68, 127.75, 120.05, 91.02, 138.5
2024-11-07, 00:22:39, 136.36, 58.25, 22.98, 22.14, 9999.0, 9.75, 10.0, 21.75, 9999.0, 23.89, 9999.0, 117.7, 127.75, 120.05, 91.02, 138.5
2024-11-07, 00:22:43, 136.34, 58.25, 23.0, 22.14, 9999.0, 9.7, 10.0, 21.75, 9999.0, 23.91, 9999.0, 117.7, 127.75, 120.02, 91.02, 138.5
2024-11-07, 00:22:47, 136.32, 58.25, 23.0, 22.11, 9999.0, 9.66, 10.0, 21.75, 9999.0, 23.93, 9999.0, 117.68, 127.75, 120.05, 91.02, 138.5
2024-11-07, 00:22:51, 136.3, 58.25, 23.0, 22.09, 9999.0, 9.64, 10.0, 21.75, 9999.0, 23.95, 9999.0, 117.68, 127.75, 120.05, 91.05, 138.5
2024-11-07, 00:22:55, 136.3, 58.25, 23.0, 22.09, 9999.0, 9.61, 10.0, 21.75, 9999.0, 23.98, 9999.0, 117.66, 127.75, 120.05, 91.05, 138.5
2024-11-07, 00:22:59, 136.32, 58.25, 23.0, 22.09, 9999.0, 9.59, 10.0, 21.75, 9999.0, 24.0, 9999.0, 117.64, 127.75, 120.05, 91.05, 138.5
2024-11-07, 00:23:03, 136.32, 58.25, 23.0, 22.09, 9999.0, 9.59, 10.0, 21.75, 9999.0, 24.02, 9999.0, 117.61, 127.75, 120.02, 91.05, 138.5
2024-11-07, 00:23:07, 136.32, 58.25, 23.0, 22.07, 9999.0, 9.59, 10.0, 21.75, 9999.0, 24.02, 9999.0, 117.59, 127.75, 120.05, 91.02, 138.5
2024-11-07, 00:23:11, 136.3, 58.25, 23.0, 22.05, 9999.0, 9.59, 10.0, 21.75, 9999.0, 24.02, 9999.0, 117.57, 127.73, 120.05, 91.05, 138.5
2024-11-07, 00:23:15, 136.3, 58.25, 23.0, 22.05, 9999.0, 9.61, 10.0, 21.75, 9999.0, 24.0, 9999.0, 117.55, 127.73, 120.07, 91.05, 138.5
2024-11-07, 00:23:19, 136.3, 58.25, 23.0, 22.05, 9999.0, 9.66, 10.0, 21.75, 9999.0, 23.95, 9999.0, 117.55, 127.7, 120.07, 91.05, 138.5
2024-11-07, 00:23:23, 136.3, 58.25, 23.0, 22.07, 9999.0, 9.68, 10.0, 21.75, 9999.0, 23.93, 9999.0, 117.55, 127.68, 120.07, 91.05, 138.5
2024-11-07, 00:23:27, 136.32, 58.25, 23.0, 22.09, 9999.0, 9.7, 10.0, 21.75, 9999.0, 23.91, 9999.0, 117.57, 127.68, 120.07, 91.05, 138.5
2024-11-07, 00:23:31, 136.34, 58.25, 23.0, 22.09, 9999.0, 9.73, 10.0, 21.75, 9999.0, 23.89, 9999.0, 117.61, 127.68, 120.05, 91.07, 138.5
2024-11-07, 00:23:35, 136.36, 58.25, 23.0, 22.09, 9999.0, 9.75, 10.0, 21.75, 9999.0, 23.86, 9999.0, 117.64, 127.68, 120.07, 91.05, 138.5
2024-11-07, 00:23:39, 136.39, 58.25, 23.0, 22.09, 9999.0, 9.77, 10.0, 21.75, 9999.0, 23.86, 9999.0, 117.66, 127.68, 120.09, 91.05, 138.5
2024-11-07, 00:23:43, 136.36, 58.25, 23.0, 22.09, 9999.0, 9.8, 10.0, 21.75, 9999.0, 23.86, 9999.0, 117.68, 127.68, 120.11, 91.05, 138.5
2024-11-07, 00:23:48, 136.39, 58.25, 23.0, 22.11, 9999.0, 9.8, 10.0, 21.75, 9999.0, 23.86, 9999.0, 117.7, 127.68, 120.11, 91.05, 138.5
2024-11-07, 00:23:52, 136.39, 58.25, 23.0, 22.14, 9999.0, 9.8, 10.0, 21.75, 9999.0, 23.86, 9999.0, 117.73, 127.68, 120.09, 91.07, 138.5
2024-11-07, 00:23:56, 136.41, 58.25, 23.0, 22.14, 9999.0, 9.8, 10.0, 21.75, 9999.0, 23.86, 9999.0, 117.75, 127.7, 120.09, 91.05, 138.5
2024-11-07, 00:24:00, 136.43, 58.25, 23.0, 22.14, 9999.0, 9.77, 10.0, 21.75, 9999.0, 23.91, 9999.0, 117.77, 127.7, 120.07, 91.05, 138.5
2024-11-07, 00:24:04, 136.45, 58.25, 23.0, 22.16, 9999.0, 9.75, 10.0, 21.75, 9999.0, 23.93, 9999.0, 117.75, 127.73, 120.07, 91.05, 138.5
2024-11-07, 00:24:08, 136.45, 58.25, 23.0, 22.16, 9999.0, 9.73, 10.0, 21.75, 9999.0, 23.95, 9999.0, 117.73, 127.75, 120.09, 91.05, 138.5
2024-11-07, 00:24:12, 136.45, 58.25, 23.0, 22.16, 9999.0, 9.7, 10.0, 21.75, 9999.0, 23.98, 9999.0, 117.7, 127.75, 120.09, 91.05, 138.5
2024-11-07, 00:24:16, 136.45, 58.25, 22.98, 22.18, 9999.0, 9.68, 10.0, 21.75, 9999.0, 24.0, 9999.0, 117.66, 127.75, 120.09, 91.02, 138.5
2024-11-07, 00:24:20, 136.43, 58.25, 22.98, 22.2, 9999.0, 9.66, 10.0, 21.73, 9999.0, 24.02, 9999.0, 117.64, 127.75, 120.07, 91.02, 138.5
2024-11-07, 00:24:24, 136.43, 58.25, 22.98, 22.2, 9999.0, 9.66, 10.0, 21.73, 9999.0, 24.02, 9999.0, 117.61, 127.75, 120.05, 91.02, 138.5
2024-11-07, 00:24:28, 136.43, 58.25, 22.98, 22.2, 9999.0, 9.66, 10.0, 21.73, 9999.0, 24.02, 9999.0, 117.59, 127.75, 120.02, 91.02, 138.5
2024-11-07, 00:24:32, 136.41, 58.25, 22.98, 22.18, 9999.0, 9.66, 10.0, 21.73, 9999.0, 24.02, 9999.0, 117.57, 127.75, 120.02, 91.02, 138.48
2024-11-07, 00:24:36, 136.41, 58.25, 22.95, 22.16, 9999.0, 9.68, 10.0, 21.73, 9999.0, 24.02, 9999.0, 117.55, 127.75, 120.05, 91.0, 138.48
2024-11-07, 00:24:40, 136.39, 58.25, 22.95, 22.16, 9999.0, 9.68, 10.0, 21.73, 9999.0, 24.02, 9999.0, 117.52, 127.75, 120.05, 91.0, 138.48
2024-11-07, 00:24:44, 136.36, 58.25, 22.95, 22.16, 9999.0, 9.68, 10.0, 21.73, 9999.0, 23.98, 9999.0, 117.5, 127.73, 120.05, 91.0, 138.48
2024-11-07, 00:24:48, 136.34, 58.25, 22.95, 22.16, 9999.0, 9.68, 10.0, 21.73, 9999.0, 23.95, 9999.0, 117.52, 127.73, 120.07, 91.0, 138.45
2024-11-07, 00:24:52, 136.34, 58.25, 22.95, 22.16, 9999.0, 9.7, 10.0, 21.73, 9999.0, 23.93, 9999.0, 117.55, 127.73, 120.07, 91.0, 138.45
2024-11-07, 00:24:56, 136.32, 58.25, 22.95, 22.16, 9999.0, 9.73, 10.0, 21.73, 9999.0, 23.91, 9999.0, 117.57, 127.73, 120.07, 91.02, 138.45
2024-11-07, 00:25:00, 136.3, 58.25, 22.98, 22.16, 9999.0, 9.75, 10.0, 21.73, 9999.0, 23.91, 9999.0, 117.59, 127.73, 120.07, 91.02, 138.45
2024-11-07, 00:25:04, 136.3, 58.25, 22.98, 22.16, 9999.0, 9.77, 10.0, 21.75, 9999.0, 23.91, 9999.0, 117.61, 127.73, 120.07, 91.02, 138.45
2024-11-07, 00:25:08, 136.27, 58.25, 22.98, 22.16, 9999.0, 9.77, 10.0, 21.75, 9999.0, 23.91, 9999.0, 117.61, 127.73, 120.07, 91.02, 138.45
2024-11-07, 00:25:12, 136.27, 58.25, 22.95, 22.16, 9999.0, 9.77, 10.0, 21.75, 9999.0, 23.93, 9999.0, 117.64, 127.73, 120.09, 91.02, 138.45
2024-11-07, 00:25:16, 136.27, 58.25, 22.95, 22.18, 9999.0, 9.75, 10.0, 21.75, 9999.0, 23.95, 9999.0, 117.64, 127.73, 120.09, 91.02, 138.48
2024-11-07, 00:25:20, 136.27, 58.25, 22.95, 22.2, 9999.0, 9.7, 10.0, 21.75, 9999.0, 23.98, 9999.0, 117.64, 127.73, 120.07, 91.02, 138.48
2024-11-07, 00:25:24, 136.27, 58.25, 22.95, 22.23, 9999.0, 9.68, 10.0, 21.75, 9999.0, 24.0, 9999.0, 117.64, 127.73, 120.07, 91.02, 138.48
2024-11-07, 00:25:28, 136.27, 58.25, 22.95, 22.25, 9999.0, 9.66, 10.0, 21.75, 9999.0, 24.05, 9999.0, 117.64, 127.75, 120.07, 91.02, 138.48
2024-11-07, 00:25:32, 136.27, 58.25, 22.95, 22.25, 9999.0, 9.64, 10.0, 21.75, 9999.0, 24.07, 9999.0, 117.61, 127.75, 120.05, 91.02, 138.5
2024-11-07, 00:25:36, 136.25, 58.25, 22.95, 22.23, 9999.0, 9.61, 10.0, 21.75, 9999.0, 24.09, 9999.0, 117.59, 127.75, 120.02, 91.02, 138.5
2024-11-07, 00:25:40, 136.25, 58.25, 22.95, 22.2, 9999.0, 9.59, 10.0, 21.75, 9999.0, 24.14, 9999.0, 117.57, 127.75, 120.02, 91.0, 138.5
2024-11-07, 00:25:44, 136.25, 58.25, 22.93, 22.18, 9999.0, 9.59, 10.0, 21.75, 9999.0, 24.14, 9999.0, 117.55, 127.75, 120.02, 91.0, 138.5
2024-11-07, 00:25:48, 136.25, 58.25, 22.93, 22.16, 9999.0, 9.57, 10.0, 21.75, 9999.0, 24.14, 9999.0, 117.52, 127.75, 120.02, 91.0, 138.5
2024-11-07, 00:25:52, 136.27, 58.25, 22.93, 22.14, 9999.0, 9.57, 10.0, 21.75, 9999.0, 24.14, 9999.0, 117.52, 127.75, 120.02, 91.0, 138.48
2024-11-07, 00:25:56, 136.3, 58.25, 22.93, 22.11, 9999.0, 9.57, 10.0, 21.75, 9999.0, 24.11, 9999.0, 117.5, 127.75, 120.0, 91.0, 138.45
2024-11-07, 00:26:00, 136.3, 58.25, 22.93, 22.09, 9999.0, 9.59, 10.0, 21.75, 9999.0, 24.09, 9999.0, 117.52, 127.75, 120.02, 91.0, 138.45
2024-11-07, 00:26:04, 136.3, 58.25, 22.93, 22.07, 9999.0, 9.61, 10.0, 21.75, 9999.0, 24.07, 9999.0, 117.52, 127.75, 120.02, 91.0, 138.43
2024-11-07, 00:26:08, 136.3, 58.25, 22.93, 22.05, 9999.0, 9.64, 10.0, 21.75, 9999.0, 24.05, 9999.0, 117.55, 127.75, 120.02, 91.0, 138.43
2024-11-07, 00:26:12, 136.32, 58.25, 22.93, 22.02, 9999.0, 9.66, 10.0, 21.75, 9999.0, 24.02, 9999.0, 117.57, 127.75, 120.05, 91.0, 138.41
2024-11-07, 00:26:16, 136.32, 58.25, 22.93, 22.0, 9999.0, 9.68, 10.0, 21.75, 9999.0, 24.02, 9999.0, 117.59, 127.75, 120.05, 91.0, 138.39
2024-11-07, 00:26:20, 136.32, 58.25, 22.93, 22.0, 9999.0, 9.7, 10.0, 21.75, 9999.0, 24.02, 9999.0, 117.61, 127.75, 120.07, 91.0, 138.36
2024-11-07, 00:26:24, 136.32, 58.25, 22.91, 22.0, 9999.0, 9.7, 10.0, 21.75, 9999.0, 24.0, 9999.0, 117.64, 127.75, 120.07, 91.0, 138.34
2024-11-07, 00:26:28, 136.32, 58.25, 22.93, 22.0, 9999.0, 9.68, 10.0, 21.75, 9999.0, 24.02, 9999.0, 117.66, 127.75, 120.09, 91.0, 138.32
2024-11-07, 00:26:32, 136.32, 58.25, 22.93, 22.0, 9999.0, 9.7, 10.0, 21.75, 9999.0, 24.05, 9999.0, 117.68, 127.75, 120.11, 91.0, 138.3
2024-11-07, 00:26:36, 136.3, 58.25, 22.93, 22.0, 9999.0, 9.7, 10.0, 21.75, 9999.0, 24.07, 9999.0, 117.7, 127.75, 120.11, 91.0, 138.32
2024-11-07, 00:26:40, 136.3, 58.25, 22.95, 22.0, 9999.0, 9.68, 10.0, 21.75, 9999.0, 24.09, 9999.0, 117.7, 127.75, 120.11, 91.0, 138.32
2024-11-07, 00:26:44, 136.3, 58.25, 22.93, 22.0, 9999.0, 9.66, 10.0, 21.75, 9999.0, 24.11, 9999.0, 117.68, 127.75, 120.11, 91.0, 138.32
2024-11-07, 00:26:48, 136.32, 58.25, 22.95, 22.0, 9999.0, 9.64, 10.0, 21.75, 9999.0, 24.11, 9999.0, 117.68, 127.75, 120.14, 91.0, 138.34
2024-11-07, 00:26:52, 136.32, 58.25, 22.95, 22.0, 9999.0, 9.61, 10.0, 21.75, 9999.0, 24.11, 9999.0, 117.66, 127.75, 120.14, 91.0, 138.32
2024-11-07, 00:26:56, 136.32, 58.25, 22.93, 22.02, 9999.0, 9.59, 10.0, 21.75, 9999.0, 24.11, 9999.0, 117.64, 127.75, 120.14, 91.0, 138.34
2024-11-07, 00:27:00, 136.32, 58.25, 22.93, 22.02, 9999.0, 9.59, 10.0, 21.75, 9999.0, 24.11, 9999.0, 117.61, 127.75, 120.16, 91.0, 138.34
2024-11-07, 00:27:05, 136.32, 58.25, 22.93, 22.02, 9999.0, 9.57, 10.0, 21.75, 9999.0, 24.11, 9999.0, 117.59, 127.75, 120.16, 91.0, 138.34
2024-11-07, 00:27:09, 136.32, 58.27, 22.95, 22.02, 9999.0, 9.59, 10.0, 21.73, 9999.0, 24.11, 9999.0, 117.57, 127.75, 120.16, 91.0, 138.36
2024-11-07, 00:27:13, 136.32, 58.27, 22.93, 22.02, 9999.0, 9.61, 10.0, 21.73, 9999.0, 24.09, 9999.0, 117.55, 127.75, 120.16, 91.0, 138.36
2024-11-07, 00:27:17, 136.32, 58.27, 22.91, 22.02, 9999.0, 9.64, 10.0, 21.73, 9999.0, 24.07, 9999.0, 117.52, 127.75, 120.14, 91.02, 138.36
2024-11-07, 00:27:21, 136.34, 58.27, 22.89, 22.02, 9999.0, 9.64, 10.0, 21.73, 9999.0, 24.05, 9999.0, 117.5, 127.75, 120.16, 91.02, 138.34
2024-11-07, 00:27:25, 136.32, 58.27, 22.89, 22.02, 9999.0, 9.66, 10.0, 21.73, 9999.0, 24.02, 9999.0, 117.5, 127.73, 120.16, 91.02, 138.34
2024-11-07, 00:27:29, 136.34, 58.3, 22.91, 22.05, 9999.0, 9.68, 10.0, 21.73, 9999.0, 24.0, 9999.0, 117.52, 127.73, 120.16, 91.02, 138.32
2024-11-07, 00:27:33, 136.32, 58.3, 22.91, 22.05, 9999.0, 9.7, 10.0, 21.73, 9999.0, 24.0, 9999.0, 117.55, 127.73, 120.16, 91.02, 138.3
2024-11-07, 00:27:37, 136.32, 58.3, 22.89, 22.05, 9999.0, 9.73, 10.0, 21.73, 9999.0, 23.98, 9999.0, 117.57, 127.73, 120.16, 91.02, 138.3
2024-11-07, 00:27:41, 136.32, 58.3, 22.89, 22.02, 9999.0, 9.75, 10.0, 21.73, 9999.0, 23.98, 9999.0, 117.59, 127.73, 120.14, 91.02, 138.27
2024-11-07, 00:27:45, 136.34, 58.3, 22.89, 22.02, 9999.0, 9.75, 10.0, 21.73, 9999.0, 23.98, 9999.0, 117.61, 127.73, 120.14, 91.02, 138.27
2024-11-07, 00:27:49, 136.36, 58.3, 22.86, 22.02, 9999.0, 9.77, 10.0, 21.73, 9999.0, 24.0, 9999.0, 117.64, 127.73, 120.14, 91.05, 138.27
2024-11-07, 00:27:53, 136.36, 58.27, 22.84, 22.05, 9999.0, 9.75, 10.0, 21.75, 9999.0, 24.02, 9999.0, 117.66, 127.73, 120.14, 91.05, 138.25
2024-11-07, 00:27:57, 136.36, 58.27, 22.84, 22.05, 9999.0, 9.73, 10.0, 21.75, 9999.0, 24.05, 9999.0, 117.66, 127.73, 120.11, 91.05, 138.25
2024-11-07, 00:28:01, 136.39, 58.3, 22.84, 22.07, 9999.0, 9.7, 10.0, 21.75, 9999.0, 24.07, 9999.0, 117.68, 127.73, 120.11, 91.02, 138.25
2024-11-07, 00:28:05, 136.39, 58.3, 22.84, 22.07, 9999.0, 9.68, 10.0, 21.75, 9999.0, 24.07, 9999.0, 117.68, 127.73, 120.11, 91.02, 138.25
2024-11-07, 00:28:09, 136.39, 58.3, 22.84, 22.07, 9999.0, 9.66, 10.0, 21.75, 9999.0, 24.09, 9999.0, 117.68, 127.75, 120.11, 91.02, 138.25
2024-11-07, 00:28:13, 136.36, 58.27, 22.82, 22.05, 9999.0, 9.64, 10.0, 21.75, 9999.0, 24.09, 9999.0, 117.66, 127.75, 120.11, 91.02, 138.25
2024-11-07, 00:28:17, 136.36, 58.27, 22.82, 22.05, 9999.0, 9.61, 10.0, 21.73, 9999.0, 24.09, 9999.0, 117.64, 127.75, 120.09, 91.02, 138.25
2024-11-07, 00:28:21, 136.36, 58.27, 22.84, 22.05, 9999.0, 9.61, 10.0, 21.7, 9999.0, 24.11, 9999.0, 117.61, 127.75, 120.11, 91.02, 138.27
2024-11-07, 00:28:25, 136.34, 58.27, 22.84, 22.05, 9999.0, 9.61, 10.0, 21.7, 9999.0, 24.14, 9999.0, 117.59, 127.75, 120.11, 91.02, 138.27
2024-11-07, 00:28:29, 136.32, 58.27, 22.84, 22.05, 9999.0, 9.61, 10.0, 21.7, 9999.0, 24.14, 9999.0, 117.57, 127.73, 120.11, 91.02, 138.27
2024-11-07, 00:28:33, 136.32, 58.27, 22.84, 22.05, 9999.0, 9.64, 10.0, 21.7, 9999.0, 24.11, 9999.0, 117.55, 127.73, 120.11, 91.0, 138.3
2024-11-07, 00:28:37, 136.32, 58.27, 22.86, 22.02, 9999.0, 9.66, 10.0, 21.7, 9999.0, 24.09, 9999.0, 117.55, 127.73, 120.11, 91.0, 138.3
2024-11-07, 00:28:41, 136.34, 58.27, 22.86, 22.02, 9999.0, 9.68, 10.0, 21.7, 9999.0, 24.07, 9999.0, 117.55, 127.73, 120.11, 91.0, 138.3
2024-11-07, 00:28:45, 136.32, 58.25, 22.86, 22.0, 9999.0, 9.68, 10.0, 21.68, 9999.0, 24.05, 9999.0, 117.55, 127.73, 120.11, 91.0, 138.3
2024-11-07, 00:28:49, 136.3, 58.25, 22.89, 22.0, 9999.0, 9.7, 10.0, 21.68, 9999.0, 24.05, 9999.0, 117.59, 127.73, 120.09, 91.0, 138.32
2024-11-07, 00:28:53, 136.32, 58.25, 22.86, 22.0, 9999.0, 9.73, 10.0, 21.68, 9999.0, 24.02, 9999.0, 117.61, 127.73, 120.09, 91.0, 138.34
2024-11-07, 00:28:57, 136.32, 58.25, 22.89, 22.0, 9999.0, 9.75, 10.0, 21.68, 9999.0, 24.02, 9999.0, 117.64, 127.73, 120.09, 91.0, 138.34
2024-11-07, 00:29:01, 136.32, 58.25, 22.86, 22.0, 9999.0, 9.77, 10.0, 21.7, 9999.0, 24.05, 9999.0, 117.66, 127.73, 120.11, 91.0, 138.34
2024-11-07, 00:29:05, 136.32, 58.25, 22.84, 22.0, 9999.0, 9.75, 10.0, 21.73, 9999.0, 24.07, 9999.0, 117.66, 127.73, 120.09, 91.0, 138.32
2024-11-07, 00:29:09, 136.32, 58.25, 22.84, 22.0, 9999.0, 9.73, 10.0, 21.73, 9999.0, 24.07, 9999.0, 117.68, 127.73, 120.09, 91.0, 138.32
2024-11-07, 00:29:13, 136.34, 58.25, 22.84, 22.0, 9999.0, 9.7, 10.0, 21.73, 9999.0, 24.09, 9999.0, 117.7, 127.75, 120.09, 91.0, 138.32
2024-11-07, 00:29:17, 136.32, 58.25, 22.84, 22.0, 9999.0, 9.68, 10.0, 21.73, 9999.0, 24.11, 9999.0, 117.7, 127.75, 120.09, 91.0, 138.3
2024-11-07, 00:29:21, 136.32, 58.25, 22.84, 22.0, 9999.0, 9.66, 10.0, 21.73, 9999.0, 24.14, 9999.0, 117.68, 127.75, 120.09, 91.02, 138.3
2024-11-07, 00:29:25, 136.32, 58.25, 22.86, 22.0, 9999.0, 9.64, 10.0, 21.73, 9999.0, 24.16, 9999.0, 117.68, 127.75, 120.11, 91.02, 138.3
2024-11-07, 00:29:29, 136.32, 58.25, 22.86, 22.0, 9999.0, 9.61, 10.0, 21.73, 9999.0, 24.18, 9999.0, 117.66, 127.75, 120.14, 91.02, 138.3
2024-11-07, 00:29:33, 136.34, 58.25, 22.86, 22.0, 9999.0, 9.59, 10.0, 21.73, 9999.0, 24.18, 9999.0, 117.61, 127.75, 120.14, 91.02, 138.27
2024-11-07, 00:29:37, 136.34, 58.25, 22.89, 22.0, 9999.0, 9.59, 10.0, 21.73, 9999.0, 24.18, 9999.0, 117.59, 127.75, 120.14, 91.02, 138.25
2024-11-07, 00:29:41, 136.36, 58.25, 22.89, 22.0, 9999.0, 9.59, 10.0, 21.7, 9999.0, 24.18, 9999.0, 117.57, 127.75, 120.14, 91.02, 138.25
2024-11-07, 00:29:45, 136.39, 58.25, 22.91, 22.0, 9999.0, 9.59, 10.0, 21.7, 9999.0, 24.16, 9999.0, 117.55, 127.75, 120.11, 91.02, 138.25
2024-11-07, 00:29:49, 136.41, 58.25, 22.93, 22.0, 9999.0, 9.64, 10.0, 21.7, 9999.0, 24.14, 9999.0, 117.55, 127.73, 120.11, 91.02, 138.25
2024-11-07, 00:29:53, 136.43, 58.25, 22.95, 22.0, 9999.0, 9.68, 10.0, 21.7, 9999.0, 24.11, 9999.0, 117.55, 127.73, 120.14, 91.02, 138.27
2024-11-07, 00:29:57, 136.43, 58.25, 22.95, 22.0, 9999.0, 9.7, 10.0, 21.7, 9999.0, 24.09, 9999.0, 117.52, 127.73, 120.14, 91.02, 138.27
2024-11-07, 00:30:01, 136.45, 58.25, 22.98, 22.0, 9999.0, 9.7, 10.0, 21.7, 9999.0, 24.07, 9999.0, 117.55, 127.73, 120.14, 91.02, 138.27
2024-11-07, 00:30:05, 136.48, 58.25, 22.95, 22.0, 9999.0, 9.73, 10.0, 21.7, 9999.0, 24.05, 9999.0, 117.59, 127.73, 120.16, 91.02, 138.27
2024-11-07, 00:30:09, 136.48, 58.25, 22.93, 22.0, 9999.0, 9.75, 10.0, 21.68, 9999.0, 24.02, 9999.0, 117.61, 127.73, 120.16, 91.02, 138.3
2024-11-07, 00:30:13, 136.5, 58.25, 22.93, 22.0, 9999.0, 9.77, 10.0, 21.7, 9999.0, 24.0, 9999.0, 117.64, 127.73, 120.16, 91.02, 138.3
2024-11-07, 00:30:17, 136.5, 58.25, 22.91, 22.0, 9999.0, 9.8, 10.0, 21.7, 9999.0, 24.0, 9999.0, 117.66, 127.73, 120.16, 91.02, 138.3
2024-11-07, 00:30:22, 136.5, 58.25, 22.91, 22.0, 9999.0, 9.8, 10.0, 21.7, 9999.0, 24.0, 9999.0, 117.68, 127.73, 120.18, 91.02, 138.3
2024-11-07, 00:30:26, 136.5, 58.25, 22.91, 22.02, 9999.0, 9.8, 10.0, 21.73, 9999.0, 24.02, 9999.0, 117.7, 127.73, 120.18, 91.02, 138.3
2024-11-07, 00:30:33, 136.48, 58.25, 22.91, 22.02, 9999.0, 9.77, 10.0, 21.73, 9999.0, 24.05, 9999.0, 117.73, 127.73, 120.2, 91.02, 138.3
2024-11-07, 00:30:37, 136.45, 58.25, 22.89, 22.02, 9999.0, 9.73, 10.0, 21.73, 9999.0, 24.07, 9999.0, 117.75, 127.75, 120.23, 91.02, 138.3
2024-11-07, 00:30:41, 136.45, 58.27, 22.86, 22.02, 9999.0, 9.68, 10.0, 21.73, 9999.0, 24.07, 9999.0, 117.75, 127.75, 120.2, 91.02, 138.27
2024-11-07, 00:30:45, 136.43, 58.27, 22.84, 22.02, 9999.0, 9.66, 10.0, 21.73, 9999.0, 24.07, 9999.0, 117.77, 127.75, 120.2, 91.05, 138.27
2024-11-07, 00:30:49, 136.43, 58.27, 22.82, 22.02, 9999.0, 9.64, 10.0, 21.73, 9999.0, 24.07, 9999.0, 117.75, 127.75, 120.18, 91.05, 138.27
2024-11-07, 00:30:53, 136.41, 58.27, 22.82, 22.02, 9999.0, 9.61, 10.0, 21.7, 9999.0, 24.07, 9999.0, 117.7, 127.75, 120.16, 91.02, 138.27
2024-11-07, 00:30:57, 136.39, 58.27, 22.82, 22.02, 9999.0, 9.59, 10.0, 21.7, 9999.0, 24.07, 9999.0, 117.68, 127.75, 120.16, 91.02, 138.25
2024-11-07, 00:31:01, 136.36, 58.27, 22.82, 22.02, 9999.0, 9.59, 10.0, 21.7, 9999.0, 24.07, 9999.0, 117.66, 127.73, 120.14, 91.02, 138.25
2024-11-07, 00:31:05, 136.34, 58.27, 22.82, 22.02, 9999.0, 9.59, 10.0, 21.7, 9999.0, 24.07, 9999.0, 117.64, 127.73, 120.16, 91.02, 138.25
2024-11-07, 00:31:09, 136.34, 58.27, 22.8, 22.02, 9999.0, 9.59, 10.0, 21.7, 9999.0, 24.07, 9999.0, 117.61, 127.73, 120.14, 91.02, 138.25
2024-11-07, 00:31:13, 136.34, 58.27, 22.77, 22.0, 9999.0, 9.59, 10.0, 21.7, 9999.0, 24.05, 9999.0, 117.59, 127.7, 120.14, 91.02, 138.25
2024-11-07, 00:31:17, 136.36, 58.27, 22.75, 22.0, 9999.0, 9.64, 10.0, 21.7, 9999.0, 24.02, 9999.0, 117.57, 127.7, 120.14, 91.02, 138.25
2024-11-07, 00:31:21, 136.36, 58.27, 22.75, 22.0, 9999.0, 9.66, 10.0, 21.7, 9999.0, 23.98, 9999.0, 117.55, 127.7, 120.11, 91.02, 138.25
2024-11-07, 00:31:25, 136.34, 58.25, 22.77, 22.0, 9999.0, 9.68, 10.0, 21.7, 9999.0, 23.95, 9999.0, 117.55, 127.7, 120.11, 91.02, 138.25
2024-11-07, 00:31:29, 136.36, 58.27, 22.77, 22.0, 9999.0, 9.7, 10.0, 21.7, 9999.0, 23.93, 9999.0, 117.55, 127.7, 120.09, 91.0, 138.25
2024-11-07, 00:31:33, 136.36, 58.27, 22.8, 22.0, 9999.0, 9.73, 10.0, 21.7, 9999.0, 23.91, 9999.0, 117.57, 127.7, 120.11, 91.0, 138.25
2024-11-07, 00:31:37, 136.36, 58.27, 22.8, 22.0, 9999.0, 9.75, 10.0, 21.73, 9999.0, 23.91, 9999.0, 117.59, 127.7, 120.14, 91.0, 138.25
2024-11-07, 00:31:41, 136.39, 58.27, 22.8, 22.0, 9999.0, 9.77, 10.0, 21.75, 9999.0, 23.91, 9999.0, 117.61, 127.7, 120.14, 91.02, 138.25
2024-11-07, 00:31:45, 136.41, 58.27, 22.82, 22.0, 9999.0, 9.77, 10.0, 21.75, 9999.0, 23.91, 9999.0, 117.64, 127.73, 120.16, 91.02, 138.25
2024-11-07, 00:31:49, 136.43, 58.27, 22.84, 22.0, 9999.0, 9.77, 10.0, 21.75, 9999.0, 23.91, 9999.0, 117.66, 127.73, 120.16, 91.02, 138.25
2024-11-07, 00:31:53, 136.43, 58.27, 22.84, 22.0, 9999.0, 9.77, 10.0, 21.75, 9999.0, 23.91, 9999.0, 117.68, 127.73, 120.16, 91.02, 138.25
2024-11-07, 00:31:57, 136.43, 58.27, 22.84, 22.0, 9999.0, 9.77, 10.0, 21.75, 9999.0, 23.91, 9999.0, 117.68, 127.75, 120.16, 91.02, 138.25
2024-11-07, 00:32:01, 136.43, 58.27, 22.86, 22.0, 9999.0, 9.73, 10.0, 21.75, 9999.0, 23.89, 9999.0, 117.7, 127.75, 120.14, 91.02, 138.25
2024-11-07, 00:32:06, 136.43, 58.27, 22.89, 22.0, 9999.0, 9.7, 10.0, 21.75, 9999.0, 23.91, 9999.0, 117.7, 127.75, 120.14, 91.02, 138.27
2024-11-07, 00:32:10, 136.45, 58.27, 22.89, 22.0, 9999.0, 9.68, 10.0, 21.75, 9999.0, 23.93, 9999.0, 117.68, 127.75, 120.16, 91.02, 138.27
2024-11-07, 00:32:14, 136.45, 58.25, 22.91, 22.0, 9999.0, 9.66, 10.0, 21.75, 9999.0, 23.95, 9999.0, 117.66, 127.75, 120.18, 91.02, 138.27
2024-11-07, 00:32:18, 136.45, 58.25, 22.91, 22.0, 9999.0, 9.64, 10.0, 21.75, 9999.0, 23.95, 9999.0, 117.64, 127.75, 120.16, 91.02, 138.27
2024-11-07, 00:32:22, 136.48, 58.25, 22.93, 22.0, 9999.0, 9.64, 10.0, 21.75, 9999.0, 23.95, 9999.0, 117.61, 127.75, 120.14, 91.02, 138.27
2024-11-07, 00:32:26, 136.48, 58.25, 22.93, 22.0, 9999.0, 9.64, 10.0, 21.75, 9999.0, 23.93, 9999.0, 117.59, 127.75, 120.14, 91.0, 138.27
2024-11-07, 00:32:30, 136.48, 58.25, 22.91, 22.0, 9999.0, 9.64, 10.0, 21.75, 9999.0, 23.93, 9999.0, 117.57, 127.73, 120.11, 91.0, 138.27
2024-11-07, 00:32:34, 136.45, 58.25, 22.89, 22.0, 9999.0, 9.64, 10.0, 21.75, 9999.0, 23.93, 9999.0, 117.55, 127.73, 120.11, 91.0, 138.27
2024-11-07, 00:32:38, 136.43, 58.25, 22.91, 22.0, 9999.0, 9.64, 10.0, 21.75, 9999.0, 23.93, 9999.0, 117.55, 127.7, 120.14, 91.0, 138.27
2024-11-07, 00:32:42, 136.41, 58.25, 22.93, 22.0, 9999.0, 9.64, 10.0, 21.75, 9999.0, 23.93, 9999.0, 117.55, 127.7, 120.14, 91.0, 138.27
2024-11-07, 00:32:46, 136.41, 58.25, 22.93, 22.0, 9999.0, 9.66, 10.0, 21.75, 9999.0, 23.93, 9999.0, 117.55, 127.7, 120.16, 91.0, 138.3
2024-11-07, 00:32:50, 136.43, 58.25, 22.91, 22.0, 9999.0, 9.68, 10.0, 21.75, 9999.0, 23.91, 9999.0, 117.57, 127.7, 120.18, 91.0, 138.27
2024-11-07, 00:32:54, 136.41, 58.25, 22.91, 22.0, 9999.0, 9.7, 10.0, 21.75, 9999.0, 23.89, 9999.0, 117.59, 127.7, 120.18, 91.0, 138.27
2024-11-07, 00:32:58, 136.39, 58.25, 22.89, 22.0, 9999.0, 9.73, 10.0, 21.75, 9999.0, 23.89, 9999.0, 117.61, 127.7, 120.16, 91.0, 138.27
2024-11-07, 00:33:02, 136.39, 58.25, 22.89, 22.0, 9999.0, 9.75, 10.0, 21.75, 9999.0, 23.91, 9999.0, 117.64, 127.7, 120.16, 91.0, 138.27
2024-11-07, 00:33:06, 136.36, 58.25, 22.89, 22.0, 9999.0, 9.75, 10.0, 21.75, 9999.0, 23.91, 9999.0, 117.66, 127.7, 120.16, 91.0, 138.27
2024-11-07, 00:33:10, 136.36, 58.25, 22.89, 22.0, 9999.0, 9.75, 10.0, 21.75, 9999.0, 23.93, 9999.0, 117.68, 127.7, 120.16, 91.0, 138.27
2024-11-07, 00:33:14, 136.36, 58.25, 22.89, 22.0, 9999.0, 9.75, 10.0, 21.75, 9999.0, 23.93, 9999.0, 117.7, 127.73, 120.18, 91.0, 138.27
2024-11-07, 00:33:18, 136.36, 58.25, 22.89, 22.0, 9999.0, 9.73, 10.0, 21.75, 9999.0, 23.91, 9999.0, 117.7, 127.73, 120.18, 91.0, 138.27
2024-11-07, 00:33:22, 136.36, 58.25, 22.86, 22.0, 9999.0, 9.7, 10.0, 21.75, 9999.0, 23.89, 9999.0, 117.68, 127.75, 120.18, 91.0, 138.27
2024-11-07, 00:33:26, 136.36, 58.25, 22.84, 22.0, 9999.0, 9.68, 10.0, 21.75, 9999.0, 23.86, 9999.0, 117.68, 127.75, 120.16, 91.0, 138.27
2024-11-07, 00:33:30, 136.34, 58.25, 22.82, 22.0, 9999.0, 9.66, 10.0, 21.75, 9999.0, 23.86, 9999.0, 117.66, 127.75, 120.14, 91.0, 138.25
2024-11-07, 00:33:34, 136.32, 58.25, 22.82, 22.0, 9999.0, 9.64, 10.0, 21.75, 9999.0, 23.86, 9999.0, 117.64, 127.75, 120.11, 91.0, 138.25
2024-11-07, 00:33:38, 136.34, 58.25, 22.8, 22.0, 9999.0, 9.64, 10.0, 21.75, 9999.0, 23.86, 9999.0, 117.61, 127.75, 120.11, 91.0, 138.25
2024-11-07, 00:33:42, 136.36, 58.25, 22.82, 22.0, 9999.0, 9.64, 10.0, 21.75, 9999.0, 23.84, 9999.0, 117.59, 127.75, 120.14, 91.0, 138.25
2024-11-07, 00:33:46, 136.36, 58.25, 22.82, 22.0, 9999.0, 9.64, 10.0, 21.75, 9999.0, 23.82, 9999.0, 117.57, 127.75, 120.16, 91.0, 138.25
2024-11-07, 00:33:50, 136.39, 58.25, 22.8, 22.0, 9999.0, 9.66, 10.0, 21.75, 9999.0, 23.8, 9999.0, 117.55, 127.75, 120.16, 91.0, 138.27
2024-11-07, 00:33:54, 136.39, 58.25, 22.82, 22.0, 9999.0, 9.66, 10.0, 21.75, 9999.0, 23.77, 9999.0, 117.55, 127.75, 120.16, 91.0, 138.27
2024-11-07, 00:33:58, 136.39, 58.25, 22.84, 22.0, 9999.0, 9.66, 10.0, 21.75, 9999.0, 23.75, 9999.0, 117.55, 127.75, 120.16, 91.0, 138.3
2024-11-07, 00:34:02, 136.39, 58.25, 22.86, 22.0, 9999.0, 9.68, 10.0, 21.75, 9999.0, 23.75, 9999.0, 117.57, 127.75, 120.16, 91.0, 138.3
2024-11-07, 00:34:06, 136.39, 58.25, 22.89, 22.0, 9999.0, 9.7, 10.0, 21.75, 9999.0, 23.75, 9999.0, 117.59, 127.75, 120.16, 91.0, 138.32
2024-11-07, 00:34:10, 136.39, 58.25, 22.91, 22.0, 9999.0, 9.73, 10.0, 21.75, 9999.0, 23.75, 9999.0, 117.64, 127.75, 120.18, 91.0, 138.34
2024-11-07, 00:34:14, 136.41, 58.25, 22.93, 22.0, 9999.0, 9.75, 10.0, 21.75, 9999.0, 23.75, 9999.0, 117.66, 127.75, 120.2, 91.0, 138.36
2024-11-07, 00:34:18, 136.41, 58.25, 22.93, 22.0, 9999.0, 9.77, 10.0, 21.75, 9999.0, 23.75, 9999.0, 117.68, 127.75, 120.2, 91.0, 138.39
2024-11-07, 00:34:22, 136.41, 58.25, 22.95, 22.0, 9999.0, 9.77, 10.0, 21.75, 9999.0, 23.75, 9999.0, 117.7, 127.75, 120.2, 91.0, 138.39
2024-11-07, 00:34:26, 136.41, 58.25, 22.95, 22.0, 9999.0, 9.77, 10.0, 21.75, 9999.0, 23.77, 9999.0, 117.73, 127.75, 120.2, 91.0, 138.39
2024-11-07, 00:34:30, 136.39, 58.25, 22.93, 22.0, 9999.0, 9.75, 10.0, 21.75, 9999.0, 23.8, 9999.0, 117.73, 127.75, 120.2, 91.0, 138.41
2024-11-07, 00:34:34, 136.36, 58.25, 22.93, 22.0, 9999.0, 9.7, 10.0, 21.75, 9999.0, 23.82, 9999.0, 117.73, 127.75, 120.23, 91.0, 138.41
2024-11-07, 00:34:38, 136.34, 58.25, 22.91, 22.0, 9999.0, 9.68, 10.0, 21.75, 9999.0, 23.84, 9999.0, 117.7, 127.75, 120.23, 91.0, 138.41
2024-11-07, 00:34:42, 136.34, 58.25, 22.91, 22.0, 9999.0, 9.66, 10.0, 21.75, 9999.0, 23.84, 9999.0, 117.7, 127.75, 120.23, 91.0, 138.41
2024-11-07, 00:34:46, 136.34, 58.25, 22.91, 22.0, 9999.0, 9.64, 10.0, 21.75, 9999.0, 23.84, 9999.0, 117.68, 127.75, 120.23, 91.0, 138.43
2024-11-07, 00:34:50, 136.36, 58.25, 22.89, 22.0, 9999.0, 9.61, 10.0, 21.75, 9999.0, 23.84, 9999.0, 117.66, 127.75, 120.23, 91.0, 138.41
2024-11-07, 00:34:54, 136.36, 58.25, 22.86, 22.0, 9999.0, 9.59, 10.0, 21.75, 9999.0, 23.84, 9999.0, 117.61, 127.75, 120.23, 91.0, 138.41
2024-11-07, 00:34:58, 136.36, 58.25, 22.86, 22.0, 9999.0, 9.59, 10.0, 21.75, 9999.0, 23.84, 9999.0, 117.59, 127.75, 120.23, 91.0, 138.41
2024-11-07, 00:35:02, 136.36, 58.25, 22.89, 22.0, 9999.0, 9.59, 10.0, 21.75, 9999.0, 23.84, 9999.0, 117.57, 127.75, 120.25, 91.0, 138.41
2024-11-07, 00:35:06, 136.34, 58.25, 22.89, 22.0, 9999.0, 9.61, 10.0, 21.75, 9999.0, 23.84, 9999.0, 117.55, 127.75, 120.25, 91.0, 138.43
2024-11-07, 00:35:10, 136.32, 58.25, 22.86, 22.0, 9999.0, 9.64, 10.0, 21.75, 9999.0, 23.82, 9999.0, 117.52, 127.75, 120.25, 91.0, 138.43
2024-11-07, 00:35:14, 136.34, 58.25, 22.89, 22.0, 9999.0, 9.66, 10.0, 21.73, 9999.0, 23.77, 9999.0, 117.52, 127.75, 120.25, 91.0, 138.41
2024-11-07, 00:35:18, 136.34, 58.25, 22.91, 22.0, 9999.0, 9.68, 10.0, 21.73, 9999.0, 23.73, 9999.0, 117.55, 127.75, 120.25, 91.0, 138.41
2024-11-07, 00:35:22, 136.36, 58.25, 22.93, 22.0, 9999.0, 9.7, 10.0, 21.73, 9999.0, 23.68, 9999.0, 117.57, 127.75, 120.25, 91.02, 138.43
2024-11-07, 00:35:26, 136.36, 58.25, 22.91, 22.0, 9999.0, 9.73, 10.0, 21.73, 9999.0, 23.68, 9999.0, 117.59, 127.75, 120.25, 91.05, 138.41
2024-11-07, 00:35:30, 136.36, 58.25, 22.91, 22.02, 9999.0, 9.75, 10.0, 21.73, 9999.0, 23.68, 9999.0, 117.61, 127.75, 120.25, 91.05, 138.41
2024-11-07, 00:35:34, 136.34, 58.25, 22.91, 22.02, 9999.0, 9.77, 10.0, 21.73, 9999.0, 23.68, 9999.0, 117.64, 127.75, 120.25, 91.05, 138.43
2024-11-07, 00:35:39, 136.36, 58.25, 22.93, 22.05, 9999.0, 9.8, 10.0, 21.73, 9999.0, 23.68, 9999.0, 117.66, 127.75, 120.23, 91.05, 138.43
2024-11-07, 00:35:43, 136.36, 58.25, 22.93, 22.05, 9999.0, 9.8, 10.0, 21.73, 9999.0, 23.7, 9999.0, 117.68, 127.75, 120.23, 91.07, 138.43
2024-11-07, 00:35:47, 136.39, 58.25, 22.93, 22.07, 9999.0, 9.8, 10.0, 21.73, 9999.0, 23.73, 9999.0, 117.7, 127.75, 120.2, 91.07, 138.43
2024-11-07, 00:35:51, 136.39, 58.25, 22.93, 22.07, 9999.0, 9.77, 10.0, 21.73, 9999.0, 23.75, 9999.0, 117.73, 127.75, 120.2, 91.07, 138.43
2024-11-07, 00:35:55, 136.39, 58.25, 22.95, 22.07, 9999.0, 9.73, 10.0, 21.7, 9999.0, 23.77, 9999.0, 117.75, 127.75, 120.2, 91.07, 138.43
2024-11-07, 00:35:59, 136.39, 58.25, 22.95, 22.07, 9999.0, 9.7, 10.0, 21.73, 9999.0, 23.82, 9999.0, 117.77, 127.75, 120.2, 91.07, 138.45
2024-11-07, 00:36:03, 136.39, 58.25, 22.95, 22.07, 9999.0, 9.68, 10.0, 21.73, 9999.0, 23.86, 9999.0, 117.75, 127.75, 120.2, 91.07, 138.45
2024-11-07, 00:36:07, 136.36, 58.25, 22.95, 22.07, 9999.0, 9.66, 10.0, 21.73, 9999.0, 23.91, 9999.0, 117.73, 127.75, 120.2, 91.05, 138.45
2024-11-07, 00:36:11, 136.34, 58.25, 22.98, 22.07, 9999.0, 9.64, 10.0, 21.73, 9999.0, 23.93, 9999.0, 117.68, 127.75, 120.2, 91.02, 138.45
2024-11-07, 00:36:15, 136.34, 58.25, 22.98, 22.05, 9999.0, 9.64, 10.0, 21.73, 9999.0, 23.95, 9999.0, 117.66, 127.75, 120.2, 91.02, 138.45
2024-11-07, 00:36:19, 136.36, 58.25, 22.98, 22.07, 9999.0, 9.64, 10.0, 21.73, 9999.0, 23.95, 9999.0, 117.64, 127.75, 120.2, 91.02, 138.43
2024-11-07, 00:36:23, 136.34, 58.25, 22.98, 22.07, 9999.0, 9.64, 10.0, 21.73, 9999.0, 23.95, 9999.0, 117.61, 127.75, 120.23, 91.02, 138.43
2024-11-07, 00:36:27, 136.32, 58.25, 22.95, 22.07, 9999.0, 9.66, 10.0, 21.73, 9999.0, 23.93, 9999.0, 117.59, 127.75, 120.23, 91.0, 138.41
2024-11-07, 00:36:31, 136.3, 58.25, 22.93, 22.07, 9999.0, 9.66, 10.0, 21.73, 9999.0, 23.91, 9999.0, 117.59, 127.75, 120.25, 91.0, 138.41
2024-11-07, 00:36:35, 136.32, 58.25, 22.91, 22.07, 9999.0, 9.66, 10.0, 21.73, 9999.0, 23.89, 9999.0, 117.59, 127.75, 120.23, 91.0, 138.41
2024-11-07, 00:36:39, 136.34, 58.25, 22.91, 22.07, 9999.0, 9.68, 10.0, 21.75, 9999.0, 23.86, 9999.0, 117.59, 127.75, 120.23, 91.0, 138.43
2024-11-07, 00:36:43, 136.34, 58.25, 22.91, 22.09, 9999.0, 9.7, 10.0, 21.75, 9999.0, 23.84, 9999.0, 117.59, 127.75, 120.23, 91.0, 138.43
2024-11-07, 00:36:47, 136.34, 58.25, 22.89, 22.09, 9999.0, 9.73, 10.0, 21.75, 9999.0, 23.82, 9999.0, 117.61, 127.75, 120.23, 91.0, 138.43
2024-11-07, 00:36:51, 136.36, 58.25, 22.89, 22.09, 9999.0, 9.75, 10.0, 21.75, 9999.0, 23.82, 9999.0, 117.64, 127.75, 120.23, 91.0, 138.43
2024-11-07, 00:36:55, 136.39, 58.25, 22.86, 22.09, 9999.0, 9.77, 10.0, 21.75, 9999.0, 23.8, 9999.0, 117.66, 127.75, 120.23, 91.0, 138.43
2024-11-07, 00:36:59, 136.41, 58.25, 22.86, 22.09, 9999.0, 9.77, 10.0, 21.75, 9999.0, 23.77, 9999.0, 117.68, 127.75, 120.23, 91.0, 138.43
2024-11-07, 00:37:03, 136.39, 58.25, 22.89, 22.07, 9999.0, 9.77, 10.0, 21.75, 9999.0, 23.8, 9999.0, 117.7, 127.75, 120.23, 91.0, 138.43
2024-11-07, 00:37:07, 136.41, 58.25, 22.89, 22.05, 9999.0, 9.77, 10.0, 21.75, 9999.0, 23.82, 9999.0, 117.73, 127.75, 120.2, 91.02, 138.43
2024-11-07, 00:37:11, 136.43, 58.25, 22.91, 22.07, 9999.0, 9.75, 10.0, 21.75, 9999.0, 23.84, 9999.0, 117.73, 127.75, 120.2, 91.02, 138.45
2024-11-07, 00:37:15, 136.43, 58.25, 22.93, 22.07, 9999.0, 9.73, 10.0, 21.73, 9999.0, 23.86, 9999.0, 117.7, 127.75, 120.2, 91.02, 138.45
2024-11-07, 00:37:19, 136.41, 58.25, 22.95, 22.09, 9999.0, 9.7, 10.0, 21.73, 9999.0, 23.89, 9999.0, 117.7, 127.75, 120.2, 91.05, 138.45
2024-11-07, 00:37:23, 136.39, 58.25, 22.95, 22.09, 9999.0, 9.68, 10.0, 21.73, 9999.0, 23.91, 9999.0, 117.68, 127.75, 120.2, 91.05, 138.45
2024-11-07, 00:37:27, 136.36, 58.25, 22.95, 22.07, 9999.0, 9.66, 10.0, 21.73, 9999.0, 23.93, 9999.0, 117.66, 127.75, 120.18, 91.05, 138.45
2024-11-07, 00:37:31, 136.36, 58.25, 22.98, 22.07, 9999.0, 9.64, 10.0, 21.73, 9999.0, 23.95, 9999.0, 117.64, 127.75, 120.18, 91.05, 138.45
2024-11-07, 00:37:35, 136.36, 58.25, 22.98, 22.07, 9999.0, 9.64, 10.0, 21.73, 9999.0, 23.93, 9999.0, 117.61, 127.75, 120.18, 91.05, 138.45
2024-11-07, 00:37:39, 136.36, 58.25, 23.0, 22.07, 9999.0, 9.64, 10.0, 21.73, 9999.0, 23.93, 9999.0, 117.59, 127.75, 120.16, 91.05, 138.48
2024-11-07, 00:37:43, 136.36, 58.25, 23.0, 22.07, 9999.0, 9.64, 10.0, 21.73, 9999.0, 23.93, 9999.0, 117.57, 127.75, 120.16, 91.05, 138.48
2024-11-07, 00:37:47, 136.39, 58.25, 23.0, 22.07, 9999.0, 9.66, 10.0, 21.73, 9999.0, 23.91, 9999.0, 117.55, 127.75, 120.14, 91.05, 138.5
2024-11-07, 00:37:51, 136.39, 58.25, 23.0, 22.09, 9999.0, 9.68, 10.0, 21.73, 9999.0, 23.89, 9999.0, 117.55, 127.75, 120.16, 91.02, 138.48
2024-11-07, 00:37:55, 136.39, 58.25, 23.0, 22.07, 9999.0, 9.68, 10.0, 21.73, 9999.0, 23.86, 9999.0, 117.55, 127.75, 120.16, 91.02, 138.48
2024-11-07, 00:37:59, 136.41, 58.25, 23.0, 22.07, 9999.0, 9.7, 10.0, 21.75, 9999.0, 23.84, 9999.0, 117.57, 127.75, 120.16, 91.02, 138.48
2024-11-07, 00:38:03, 136.41, 58.25, 22.98, 22.07, 9999.0, 9.73, 10.0, 21.75, 9999.0, 23.82, 9999.0, 117.59, 127.75, 120.18, 91.02, 138.48
2024-11-07, 00:38:07, 136.43, 58.25, 22.95, 22.09, 9999.0, 9.75, 10.0, 21.75, 9999.0, 23.8, 9999.0, 117.61, 127.75, 120.18, 91.02, 138.48
2024-11-07, 00:38:11, 136.45, 58.25, 22.95, 22.11, 9999.0, 9.77, 10.0, 21.75, 9999.0, 23.8, 9999.0, 117.64, 127.75, 120.18, 91.02, 138.48
2024-11-07, 00:38:15, 136.48, 58.25, 22.95, 22.11, 9999.0, 9.8, 10.0, 21.75, 9999.0, 23.8, 9999.0, 117.66, 127.75, 120.18, 91.02, 138.48
2024-11-07, 00:38:19, 136.45, 58.25, 22.95, 22.11, 9999.0, 9.8, 10.0, 21.75, 9999.0, 23.82, 9999.0, 117.68, 127.75, 120.18, 91.05, 138.48
2024-11-07, 00:38:23, 136.45, 58.25, 22.95, 22.11, 9999.0, 9.8, 10.0, 21.75, 9999.0, 23.86, 9999.0, 117.7, 127.75, 120.2, 91.05, 138.48
2024-11-07, 00:38:27, 136.45, 58.25, 22.93, 22.14, 9999.0, 9.77, 10.0, 21.75, 9999.0, 23.89, 9999.0, 117.73, 127.75, 120.2, 91.05, 138.48
2024-11-07, 00:38:31, 136.43, 58.25, 22.93, 22.16, 9999.0, 9.75, 10.0, 21.75, 9999.0, 23.91, 9999.0, 117.75, 127.75, 120.23, 91.07, 138.45
2024-11-07, 00:38:35, 136.41, 58.25, 22.93, 22.14, 9999.0, 9.73, 10.0, 21.75, 9999.0, 23.93, 9999.0, 117.73, 127.75, 120.2, 91.09, 138.48
2024-11-07, 00:38:39, 136.41, 58.27, 22.93, 22.14, 9999.0, 9.7, 10.0, 21.73, 9999.0, 23.95, 9999.0, 117.75, 127.75, 120.18, 91.11, 138.48
2024-11-07, 00:38:43, 136.41, 58.3, 22.91, 22.11, 9999.0, 9.68, 10.0, 21.73, 9999.0, 23.98, 9999.0, 117.73, 127.75, 120.18, 91.11, 138.48
2024-11-07, 00:38:47, 136.41, 58.3, 22.93, 22.11, 9999.0, 9.66, 10.0, 21.73, 9999.0, 23.98, 9999.0, 117.68, 127.75, 120.18, 91.11, 138.48
2024-11-07, 00:38:51, 136.39, 58.3, 22.95, 22.09, 9999.0, 9.66, 10.0, 21.73, 9999.0, 24.0, 9999.0, 117.66, 127.75, 120.18, 91.11, 138.48
2024-11-07, 00:38:55, 136.39, 58.32, 22.95, 22.09, 9999.0, 9.66, 10.0, 21.73, 9999.0, 24.0, 9999.0, 117.64, 127.75, 120.2, 91.11, 138.45
2024-11-07, 00:38:59, 136.39, 58.32, 22.95, 22.11, 9999.0, 9.66, 10.0, 21.7, 9999.0, 24.0, 9999.0, 117.61, 127.75, 120.2, 91.11, 138.45
2024-11-07, 00:39:03, 136.41, 58.32, 22.95, 22.11, 9999.0, 9.68, 10.0, 21.7, 9999.0, 24.0, 9999.0, 117.59, 127.75, 120.18, 91.09, 138.43
2024-11-07, 00:39:07, 136.41, 58.32, 22.95, 22.11, 9999.0, 9.7, 10.0, 21.7, 9999.0, 23.95, 9999.0, 117.59, 127.75, 120.18, 91.09, 138.43
2024-11-07, 00:39:12, 136.41, 58.34, 22.95, 22.09, 9999.0, 9.73, 10.0, 21.7, 9999.0, 23.93, 9999.0, 117.59, 127.75, 120.16, 91.09, 138.43
2024-11-07, 00:39:16, 136.41, 58.34, 22.95, 22.07, 9999.0, 9.73, 10.0, 21.7, 9999.0, 23.91, 9999.0, 117.59, 127.73, 120.16, 91.07, 138.45
2024-11-07, 00:39:20, 136.43, 58.34, 22.95, 22.07, 9999.0, 9.73, 10.0, 21.7, 9999.0, 23.89, 9999.0, 117.64, 127.73, 120.16, 91.05, 138.45
2024-11-07, 00:39:24, 136.43, 58.32, 22.95, 22.07, 9999.0, 9.75, 10.02, 21.73, 9999.0, 23.86, 9999.0, 117.64, 127.73, 120.16, 91.05, 138.45
2024-11-07, 00:39:28, 136.41, 58.32, 22.98, 22.07, 9999.0, 9.77, 10.02, 21.73, 9999.0, 23.82, 9999.0, 117.66, 127.73, 120.14, 91.05, 138.45
2024-11-07, 00:39:32, 136.41, 58.32, 22.98, 22.05, 9999.0, 9.8, 10.02, 21.73, 9999.0, 23.82, 9999.0, 117.68, 127.73, 120.14, 91.02, 138.45
2024-11-07, 00:39:36, 136.43, 58.32, 22.98, 22.05, 9999.0, 9.8, 10.02, 21.73, 9999.0, 23.8, 9999.0, 117.7, 127.73, 120.14, 91.02, 138.43
2024-11-07, 00:39:40, 136.43, 58.3, 22.95, 22.02, 9999.0, 9.77, 10.02, 21.73, 9999.0, 23.8, 9999.0, 117.73, 127.73, 120.11, 91.05, 138.45
2024-11-07, 00:39:44, 136.43, 58.3, 22.95, 22.0, 9999.0, 9.77, 10.02, 21.75, 9999.0, 23.8, 9999.0, 117.75, 127.73, 120.11, 91.05, 138.45
2024-11-07, 00:39:48, 136.43, 58.3, 22.95, 22.02, 9999.0, 9.75, 10.02, 21.75, 9999.0, 23.8, 9999.0, 117.77, 127.73, 120.14, 91.07, 138.48
2024-11-07, 00:39:52, 136.43, 58.32, 22.95, 22.05, 9999.0, 9.73, 10.02, 21.75, 9999.0, 23.82, 9999.0, 117.77, 127.73, 120.14, 91.07, 138.48
2024-11-07, 00:39:56, 136.43, 58.3, 22.98, 22.07, 9999.0, 9.7, 10.02, 21.75, 9999.0, 23.84, 9999.0, 117.75, 127.73, 120.16, 91.07, 138.48
2024-11-07, 00:40:00, 136.45, 58.3, 22.98, 22.07, 9999.0, 9.68, 10.02, 21.75, 9999.0, 23.86, 9999.0, 117.73, 127.75, 120.14, 91.09, 138.48
2024-11-07, 00:40:04, 136.43, 58.3, 22.98, 22.09, 9999.0, 9.66, 10.02, 21.75, 9999.0, 23.86, 9999.0, 117.68, 127.75, 120.16, 91.11, 138.48
2024-11-07, 00:40:08, 136.43, 58.3, 22.98, 22.09, 9999.0, 9.64, 10.0, 21.75, 9999.0, 23.86, 9999.0, 117.66, 127.75, 120.18, 91.09, 138.48
2024-11-07, 00:40:12, 136.45, 58.27, 22.98, 22.09, 9999.0, 9.64, 10.0, 21.75, 9999.0, 23.89, 9999.0, 117.64, 127.75, 120.2, 91.11, 138.48
2024-11-07, 00:40:16, 136.45, 58.27, 22.95, 22.09, 9999.0, 9.64, 10.0, 21.75, 9999.0, 23.89, 9999.0, 117.61, 127.75, 120.18, 91.11, 138.48
2024-11-07, 00:40:20, 136.45, 58.27, 22.93, 22.09, 9999.0, 9.64, 10.0, 21.75, 9999.0, 23.89, 9999.0, 117.59, 127.75, 120.18, 91.11, 138.5
2024-11-07, 00:40:24, 136.45, 58.27, 22.95, 22.09, 9999.0, 9.68, 10.0, 21.75, 9999.0, 23.89, 9999.0, 117.57, 127.75, 120.2, 91.11, 138.5
2024-11-07, 00:40:28, 136.45, 58.27, 22.95, 22.09, 9999.0, 9.7, 10.0, 21.75, 9999.0, 23.86, 9999.0, 117.57, 127.73, 120.2, 91.11, 138.5
2024-11-07, 00:40:32, 136.43, 58.27, 22.95, 22.09, 9999.0, 9.7, 10.0, 21.75, 9999.0, 23.84, 9999.0, 117.57, 127.73, 120.2, 91.09, 138.5
2024-11-07, 00:40:36, 136.43, 58.25, 22.95, 22.09, 9999.0, 9.73, 10.0, 21.75, 9999.0, 23.82, 9999.0, 117.57, 127.73, 120.18, 91.09, 138.48
2024-11-07, 00:40:40, 136.43, 58.25, 22.95, 22.07, 9999.0, 9.75, 10.0, 21.75, 9999.0, 23.8, 9999.0, 117.61, 127.73, 120.18, 91.09, 138.48
2024-11-07, 00:40:44, 136.43, 58.25, 22.95, 22.07, 9999.0, 9.77, 10.0, 21.75, 9999.0, 23.77, 9999.0, 117.64, 127.73, 120.18, 91.09, 138.48
2024-11-07, 00:40:48, 136.45, 58.25, 22.95, 22.07, 9999.0, 9.8, 10.0, 21.75, 9999.0, 23.77, 9999.0, 117.66, 127.73, 120.18, 91.07, 138.48
2024-11-07, 00:40:52, 136.45, 58.25, 22.95, 22.07, 9999.0, 9.82, 10.0, 21.75, 9999.0, 23.8, 9999.0, 117.68, 127.73, 120.18, 91.09, 138.48
2024-11-07, 00:40:56, 136.45, 58.25, 22.93, 22.09, 9999.0, 9.82, 10.02, 21.75, 9999.0, 23.82, 9999.0, 117.7, 127.73, 120.18, 91.09, 138.45
2024-11-07, 00:41:00, 136.48, 58.25, 22.95, 22.11, 9999.0, 9.82, 10.02, 21.75, 9999.0, 23.86, 9999.0, 117.73, 127.73, 120.2, 91.11, 138.45
2024-11-07, 00:41:04, 136.45, 58.25, 22.98, 22.11, 9999.0, 9.8, 10.02, 21.75, 9999.0, 23.91, 9999.0, 117.75, 127.73, 120.2, 91.14, 138.45
2024-11-07, 00:41:08, 136.45, 58.25, 22.98, 22.14, 9999.0, 9.75, 10.02, 21.75, 9999.0, 23.93, 9999.0, 117.77, 127.73, 120.2, 91.11, 138.45
2024-11-07, 00:41:12, 136.45, 58.25, 22.98, 22.14, 9999.0, 9.73, 10.02, 21.75, 9999.0, 23.98, 9999.0, 117.77, 127.75, 120.2, 91.11, 138.45
2024-11-07, 00:41:16, 136.48, 58.25, 22.98, 22.11, 9999.0, 9.7, 10.02, 21.75, 9999.0, 24.0, 9999.0, 117.77, 127.75, 120.18, 91.14, 138.45
2024-11-07, 00:41:20, 136.48, 58.27, 22.98, 22.11, 9999.0, 9.66, 10.02, 21.75, 9999.0, 24.02, 9999.0, 117.75, 127.75, 120.18, 91.16, 138.48
2024-11-07, 00:41:24, 136.48, 58.27, 22.98, 22.11, 9999.0, 9.64, 10.02, 21.75, 9999.0, 24.05, 9999.0, 117.7, 127.75, 120.16, 91.16, 138.48
2024-11-07, 00:41:28, 136.48, 58.27, 22.98, 22.11, 9999.0, 9.61, 10.02, 21.75, 9999.0, 24.07, 9999.0, 117.68, 127.75, 120.18, 91.16, 138.45
2024-11-07, 00:41:32, 136.48, 58.27, 22.95, 22.09, 9999.0, 9.61, 10.02, 21.75, 9999.0, 24.07, 9999.0, 117.66, 127.75, 120.18, 91.16, 138.45
2024-11-07, 00:41:36, 136.45, 58.27, 22.95, 22.11, 9999.0, 9.61, 10.02, 21.75, 9999.0, 24.07, 9999.0, 117.64, 127.75, 120.18, 91.14, 138.45
2024-11-07, 00:41:40, 136.45, 58.27, 22.98, 22.09, 9999.0, 9.61, 10.0, 21.75, 9999.0, 24.05, 9999.0, 117.61, 127.75, 120.18, 91.14, 138.48
2024-11-07, 00:41:44, 136.45, 58.27, 22.98, 22.09, 9999.0, 9.64, 10.0, 21.75, 9999.0, 24.0, 9999.0, 117.59, 127.73, 120.18, 91.11, 138.48
2024-11-07, 00:41:48, 136.45, 58.27, 22.98, 22.11, 9999.0, 9.68, 10.0, 21.75, 9999.0, 23.95, 9999.0, 117.59, 127.73, 120.18, 91.09, 138.48
2024-11-07, 00:41:52, 136.45, 58.3, 22.98, 22.11, 9999.0, 9.7, 10.0, 21.75, 9999.0, 23.91, 9999.0, 117.59, 127.73, 120.18, 91.09, 138.48
2024-11-07, 00:41:56, 136.43, 58.3, 22.98, 22.11, 9999.0, 9.7, 10.0, 21.75, 9999.0, 23.86, 9999.0, 117.59, 127.73, 120.16, 91.11, 138.48
2024-11-07, 00:42:00, 136.43, 58.3, 22.95, 22.14, 9999.0, 9.73, 10.02, 21.75, 9999.0, 23.84, 9999.0, 117.61, 127.73, 120.18, 91.09, 138.48
2024-11-07, 00:42:04, 136.41, 58.27, 22.95, 22.11, 9999.0, 9.75, 10.02, 21.75, 9999.0, 23.82, 9999.0, 117.64, 127.73, 120.18, 91.09, 138.48
2024-11-07, 00:42:08, 136.41, 58.27, 22.95, 22.14, 9999.0, 9.77, 10.05, 21.75, 9999.0, 23.82, 9999.0, 117.66, 127.73, 120.2, 91.11, 138.48
2024-11-07, 00:42:12, 136.39, 58.27, 22.95, 22.14, 9999.0, 9.8, 10.05, 21.75, 9999.0, 23.8, 9999.0, 117.68, 127.7, 120.18, 91.11, 138.5
2024-11-07, 00:42:16, 136.39, 58.27, 22.98, 22.14, 9999.0, 9.8, 10.05, 21.75, 9999.0, 23.8, 9999.0, 117.7, 127.7, 120.18, 91.14, 138.5
2024-11-07, 00:42:20, 136.41, 58.27, 22.98, 22.11, 9999.0, 9.8, 10.05, 21.75, 9999.0, 23.8, 9999.0, 117.73, 127.7, 120.16, 91.14, 138.5
2024-11-07, 00:42:24, 136.41, 58.3, 22.98, 22.14, 9999.0, 9.8, 10.05, 21.75, 9999.0, 23.82, 9999.0, 117.75, 127.7, 120.14, 91.14, 138.5
2024-11-07, 00:42:28, 136.41, 58.3, 22.98, 22.14, 9999.0, 9.77, 10.05, 21.75, 9999.0, 23.84, 9999.0, 117.77, 127.73, 120.14, 91.14, 138.5
2024-11-07, 00:42:32, 136.43, 58.3, 22.98, 22.11, 9999.0, 9.75, 10.05, 21.75, 9999.0, 23.86, 9999.0, 117.77, 127.73, 120.14, 91.14, 138.5
2024-11-07, 00:42:36, 136.43, 58.27, 22.95, 22.09, 9999.0, 9.73, 10.05, 21.75, 9999.0, 23.89, 9999.0, 117.75, 127.73, 120.14, 91.14, 138.5
2024-11-07, 00:42:40, 136.43, 58.27, 22.93, 22.11, 9999.0, 9.7, 10.05, 21.75, 9999.0, 23.89, 9999.0, 117.73, 127.73, 120.14, 91.11, 138.5
2024-11-07, 00:42:45, 136.43, 58.27, 22.95, 22.09, 9999.0, 9.68, 10.02, 21.75, 9999.0, 23.89, 9999.0, 117.68, 127.73, 120.14, 91.14, 138.5
2024-11-07, 00:42:49, 136.45, 58.27, 22.95, 22.09, 9999.0, 9.66, 10.02, 21.75, 9999.0, 23.89, 9999.0, 117.66, 127.73, 120.16, 91.11, 138.5
2024-11-07, 00:42:53, 136.45, 58.27, 22.95, 22.07, 9999.0, 9.66, 10.0, 21.75, 9999.0, 23.86, 9999.0, 117.64, 127.73, 120.16, 91.09, 138.5
2024-11-07, 00:42:57, 136.48, 58.27, 22.95, 22.07, 9999.0, 9.66, 10.0, 21.75, 9999.0, 23.86, 9999.0, 117.61, 127.73, 120.16, 91.07, 138.5
2024-11-07, 00:43:01, 136.48, 58.27, 22.95, 22.07, 9999.0, 9.68, 10.0, 21.75, 9999.0, 23.86, 9999.0, 117.59, 127.73, 120.14, 91.07, 138.5
2024-11-07, 00:43:05, 136.48, 58.27, 22.93, 22.07, 9999.0, 9.7, 10.0, 21.75, 9999.0, 23.84, 9999.0, 117.57, 127.7, 120.16, 91.07, 138.5
2024-11-07, 00:43:09, 136.48, 58.25, 22.93, 22.05, 9999.0, 9.73, 10.0, 21.75, 9999.0, 23.82, 9999.0, 117.57, 127.68, 120.18, 91.07, 138.5
2024-11-07, 00:43:13, 136.45, 58.25, 22.93, 22.02, 9999.0, 9.73, 10.0, 21.75, 9999.0, 23.8, 9999.0, 117.57, 127.68, 120.18, 91.09, 138.5
2024-11-07, 00:43:17, 136.43, 58.25, 22.93, 22.02, 9999.0, 9.73, 10.0, 21.75, 9999.0, 23.75, 9999.0, 117.57, 127.68, 120.16, 91.11, 138.5
2024-11-07, 00:43:21, 136.43, 58.25, 22.95, 22.02, 9999.0, 9.75, 10.0, 21.75, 9999.0, 23.7, 9999.0, 117.61, 127.68, 120.16, 91.11, 138.5
2024-11-07, 00:43:25, 136.45, 58.25, 22.98, 22.0, 9999.0, 9.77, 10.0, 21.75, 9999.0, 23.68, 9999.0, 117.64, 127.68, 120.18, 91.14, 138.5
2024-11-07, 00:43:29, 136.43, 58.25, 22.95, 22.0, 9999.0, 9.8, 10.0, 21.75, 9999.0, 23.66, 9999.0, 117.66, 127.68, 120.16, 91.11, 138.5
2024-11-07, 00:43:33, 136.43, 58.25, 22.93, 22.02, 9999.0, 9.82, 10.0, 21.75, 9999.0, 23.64, 9999.0, 117.68, 127.68, 120.16, 91.14, 138.5
2024-11-07, 00:43:37, 136.43, 58.25, 22.93, 22.05, 9999.0, 9.82, 10.0, 21.75, 9999.0, 23.64, 9999.0, 117.7, 127.68, 120.16, 91.16, 138.5
2024-11-07, 00:43:41, 136.41, 58.25, 22.91, 22.07, 9999.0, 9.8, 10.0, 21.75, 9999.0, 23.66, 9999.0, 117.73, 127.7, 120.16, 91.18, 138.5
2024-11-07, 00:43:45, 136.41, 58.25, 22.89, 22.07, 9999.0, 9.77, 10.0, 21.75, 9999.0, 23.66, 9999.0, 117.75, 127.7, 120.16, 91.18, 138.5
2024-11-07, 00:43:49, 136.39, 58.25, 22.91, 22.07, 9999.0, 9.75, 10.0, 21.75, 9999.0, 23.66, 9999.0, 117.75, 127.73, 120.16, 91.2, 138.5
2024-11-07, 00:43:53, 136.39, 58.25, 22.91, 22.09, 9999.0, 9.7, 10.0, 21.75, 9999.0, 23.66, 9999.0, 117.75, 127.75, 120.16, 91.2, 138.5
2024-11-07, 00:43:57, 136.39, 58.25, 22.91, 22.09, 9999.0, 9.68, 10.0, 21.75, 9999.0, 23.66, 9999.0, 117.73, 127.75, 120.16, 91.2, 138.5
2024-11-07, 00:44:01, 136.41, 58.25, 22.91, 22.09, 9999.0, 9.66, 10.0, 21.75, 9999.0, 23.68, 9999.0, 117.7, 127.75, 120.18, 91.2, 138.5
2024-11-07, 00:44:05, 136.41, 58.25, 22.91, 22.11, 9999.0, 9.64, 10.0, 21.75, 9999.0, 23.7, 9999.0, 117.66, 127.75, 120.18, 91.23, 138.5
2024-11-07, 00:44:09, 136.41, 58.25, 22.91, 22.14, 9999.0, 9.61, 10.0, 21.75, 9999.0, 23.73, 9999.0, 117.66, 127.75, 120.16, 91.23, 138.5
2024-11-07, 00:44:13, 136.43, 58.25, 22.93, 22.16, 9999.0, 9.61, 10.0, 21.75, 9999.0, 23.75, 9999.0, 117.64, 127.75, 120.16, 91.23, 138.5
2024-11-07, 00:44:17, 136.43, 58.27, 22.95, 22.14, 9999.0, 9.61, 10.0, 21.75, 9999.0, 23.77, 9999.0, 117.61, 127.75, 120.16, 91.23, 138.5
2024-11-07, 00:44:21, 136.43, 58.27, 22.95, 22.11, 9999.0, 9.64, 10.0, 21.75, 9999.0, 23.77, 9999.0, 117.59, 127.75, 120.14, 91.2, 138.5
2024-11-07, 00:44:25, 136.45, 58.27, 22.98, 22.11, 9999.0, 9.68, 10.02, 21.75, 9999.0, 23.73, 9999.0, 117.57, 127.75, 120.14, 91.2, 138.5
2024-11-07, 00:44:29, 136.45, 58.27, 23.0, 22.14, 9999.0, 9.68, 10.02, 21.75, 9999.0, 23.73, 9999.0, 117.57, 127.75, 120.16, 91.2, 138.5
2024-11-07, 00:44:33, 136.45, 58.27, 23.0, 22.16, 9999.0, 9.68, 10.05, 21.75, 9999.0, 23.7, 9999.0, 117.57, 127.75, 120.16, 91.18, 138.5
2024-11-07, 00:44:37, 136.45, 58.27, 22.98, 22.14, 9999.0, 9.7, 10.05, 21.75, 9999.0, 23.7, 9999.0, 117.57, 127.75, 120.14, 91.18, 138.5
2024-11-07, 00:44:41, 136.48, 58.27, 22.98, 22.14, 9999.0, 9.73, 10.07, 21.75, 9999.0, 23.7, 9999.0, 117.59, 127.75, 120.14, 91.18, 138.5
2024-11-07, 00:44:45, 136.48, 58.27, 22.98, 22.14, 9999.0, 9.75, 10.07, 21.75, 9999.0, 23.7, 9999.0, 117.61, 127.75, 120.14, 91.18, 138.5
2024-11-07, 00:44:49, 136.45, 58.27, 22.98, 22.14, 9999.0, 9.77, 10.07, 21.75, 9999.0, 23.7, 9999.0, 117.64, 127.75, 120.14, 91.18, 138.5
2024-11-07, 00:44:53, 136.45, 58.27, 22.98, 22.14, 9999.0, 9.8, 10.07, 21.75, 9999.0, 23.7, 9999.0, 117.64, 127.75, 120.14, 91.16, 138.5
2024-11-07, 00:44:57, 136.43, 58.27, 22.98, 22.11, 9999.0, 9.8, 10.07, 21.75, 9999.0, 23.73, 9999.0, 117.66, 127.75, 120.16, 91.18, 138.5
2024-11-07, 00:45:01, 136.43, 58.25, 22.98, 22.11, 9999.0, 9.8, 10.07, 21.75, 9999.0, 23.75, 9999.0, 117.68, 127.75, 120.16, 91.16, 138.5
2024-11-07, 00:45:05, 136.43, 58.27, 22.98, 22.14, 9999.0, 9.77, 10.07, 21.75, 9999.0, 23.77, 9999.0, 117.7, 127.75, 120.16, 91.16, 138.5
2024-11-07, 00:45:09, 136.43, 58.27, 22.98, 22.14, 9999.0, 9.75, 10.05, 21.75, 9999.0, 23.82, 9999.0, 117.73, 127.75, 120.18, 91.16, 138.5
2024-11-07, 00:45:13, 136.43, 58.27, 22.98, 22.11, 9999.0, 9.75, 10.05, 21.75, 9999.0, 23.84, 9999.0, 117.73, 127.75, 120.18, 91.14, 138.5
2024-11-07, 00:45:17, 136.45, 58.27, 22.98, 22.11, 9999.0, 9.75, 10.02, 21.75, 9999.0, 23.86, 9999.0, 117.73, 127.75, 120.16, 91.16, 138.5
2024-11-07, 00:45:21, 136.45, 58.27, 23.0, 22.11, 9999.0, 9.73, 10.02, 21.75, 9999.0, 23.86, 9999.0, 117.7, 127.75, 120.16, 91.14, 138.5
2024-11-07, 00:45:25, 136.45, 58.27, 23.0, 22.11, 9999.0, 9.7, 10.0, 21.75, 9999.0, 23.86, 9999.0, 117.68, 127.75, 120.14, 91.14, 138.5
2024-11-07, 00:45:29, 136.43, 58.27, 23.0, 22.14, 9999.0, 9.68, 10.0, 21.75, 9999.0, 23.89, 9999.0, 117.66, 127.75, 120.14, 91.14, 138.5
2024-11-07, 00:45:33, 136.45, 58.27, 23.0, 22.14, 9999.0, 9.68, 10.0, 21.75, 9999.0, 23.91, 9999.0, 117.64, 127.75, 120.11, 91.11, 138.5
2024-11-07, 00:45:37, 136.45, 58.27, 23.0, 22.11, 9999.0, 9.68, 10.0, 21.75, 9999.0, 23.91, 9999.0, 117.61, 127.75, 120.11, 91.11, 138.5
2024-11-07, 00:45:41, 136.45, 58.27, 23.0, 22.14, 9999.0, 9.7, 10.0, 21.75, 9999.0, 23.91, 9999.0, 117.59, 127.75, 120.11, 91.11, 138.5
2024-11-07, 00:45:45, 136.45, 58.27, 23.0, 22.16, 9999.0, 9.73, 10.0, 21.75, 9999.0, 23.89, 9999.0, 117.57, 127.73, 120.11, 91.11, 138.5
2024-11-07, 00:45:49, 136.45, 58.25, 23.0, 22.16, 9999.0, 9.75, 10.0, 21.75, 9999.0, 23.89, 9999.0, 117.57, 127.73, 120.14, 91.14, 138.5
2024-11-07, 00:45:53, 136.43, 58.25, 23.0, 22.14, 9999.0, 9.75, 10.0, 21.75, 9999.0, 23.86, 9999.0, 117.57, 127.7, 120.11, 91.14, 138.5
2024-11-07, 00:45:57, 136.43, 58.25, 23.0, 22.14, 9999.0, 9.75, 10.0, 21.75, 9999.0, 23.84, 9999.0, 117.57, 127.7, 120.11, 91.16, 138.5
2024-11-07, 00:46:01, 136.43, 58.25, 22.98, 22.14, 9999.0, 9.75, 10.0, 21.75, 9999.0, 23.84, 9999.0, 117.59, 127.7, 120.11, 91.16, 138.5
2024-11-07, 00:46:05, 136.43, 58.25, 22.98, 22.16, 9999.0, 9.77, 10.0, 21.75, 9999.0, 23.84, 9999.0, 117.61, 127.7, 120.14, 91.16, 138.5
2024-11-07, 00:46:09, 136.43, 58.25, 22.98, 22.18, 9999.0, 9.8, 10.0, 21.75, 9999.0, 23.86, 9999.0, 117.64, 127.7, 120.14, 91.16, 138.5
2024-11-07, 00:46:13, 136.45, 58.25, 22.95, 22.18, 9999.0, 9.82, 10.0, 21.75, 9999.0, 23.86, 9999.0, 117.66, 127.7, 120.11, 91.16, 138.5
2024-11-07, 00:46:18, 136.45, 58.25, 22.95, 22.18, 9999.0, 9.82, 10.0, 21.75, 9999.0, 23.86, 9999.0, 117.68, 127.7, 120.14, 91.18, 138.5
2024-11-07, 00:46:22, 136.45, 58.25, 22.95, 22.18, 9999.0, 9.82, 10.0, 21.75, 9999.0, 23.89, 9999.0, 117.7, 127.7, 120.16, 91.2, 138.5
2024-11-07, 00:46:26, 136.45, 58.25, 22.95, 22.18, 9999.0, 9.8, 10.0, 21.75, 9999.0, 23.91, 9999.0, 117.73, 127.7, 120.16, 91.2, 138.5
2024-11-07, 00:46:30, 136.45, 58.25, 22.93, 22.18, 9999.0, 9.75, 10.0, 21.75, 9999.0, 23.93, 9999.0, 117.75, 127.73, 120.16, 91.23, 138.5
2024-11-07, 00:46:34, 136.45, 58.25, 22.91, 22.16, 9999.0, 9.7, 10.0, 21.75, 9999.0, 23.93, 9999.0, 117.75, 127.73, 120.16, 91.2, 138.5
2024-11-07, 00:46:38, 136.48, 58.25, 22.91, 22.18, 9999.0, 9.68, 10.0, 21.75, 9999.0, 23.95, 9999.0, 117.75, 127.75, 120.16, 91.2, 138.5
2024-11-07, 00:46:42, 136.48, 58.25, 22.91, 22.2, 9999.0, 9.66, 10.0, 21.75, 9999.0, 23.98, 9999.0, 117.73, 127.75, 120.14, 91.2, 138.5
2024-11-07, 00:46:46, 136.48, 58.27, 22.93, 22.2, 9999.0, 9.64, 10.0, 21.75, 9999.0, 24.0, 9999.0, 117.7, 127.75, 120.14, 91.18, 138.5
2024-11-07, 00:46:50, 136.48, 58.27, 22.93, 22.2, 9999.0, 9.64, 10.0, 21.75, 9999.0, 24.02, 9999.0, 117.68, 127.75, 120.11, 91.18, 138.5
2024-11-07, 00:46:54, 136.48, 58.27, 22.93, 22.2, 9999.0, 9.64, 10.0, 21.75, 9999.0, 24.02, 9999.0, 117.66, 127.75, 120.14, 91.18, 138.5
2024-11-07, 00:46:58, 136.48, 58.27, 22.95, 22.18, 9999.0, 9.64, 10.0, 21.75, 9999.0, 24.0, 9999.0, 117.64, 127.75, 120.14, 91.18, 138.5
2024-11-07, 00:47:02, 136.48, 58.27, 22.95, 22.18, 9999.0, 9.66, 10.0, 21.75, 9999.0, 23.98, 9999.0, 117.61, 127.75, 120.11, 91.16, 138.5
2024-11-07, 00:47:06, 136.48, 58.27, 22.93, 22.2, 9999.0, 9.68, 10.0, 21.75, 9999.0, 23.98, 9999.0, 117.59, 127.75, 120.09, 91.14, 138.5
2024-11-07, 00:47:10, 136.48, 58.27, 22.93, 22.18, 9999.0, 9.7, 10.0, 21.75, 9999.0, 23.93, 9999.0, 117.59, 127.75, 120.09, 91.11, 138.5
2024-11-07, 00:47:14, 136.48, 58.27, 22.95, 22.18, 9999.0, 9.75, 10.0, 21.75, 9999.0, 23.91, 9999.0, 117.59, 127.75, 120.09, 91.11, 138.5
2024-11-07, 00:47:18, 136.48, 58.27, 22.98, 22.2, 9999.0, 9.77, 10.0, 21.75, 9999.0, 23.89, 9999.0, 117.61, 127.75, 120.07, 91.11, 138.5
2024-11-07, 00:47:22, 136.48, 58.3, 22.98, 22.2, 9999.0, 9.8, 10.0, 21.75, 9999.0, 23.86, 9999.0, 117.61, 127.75, 120.09, 91.11, 138.5
2024-11-07, 00:47:26, 136.45, 58.3, 22.98, 22.18, 9999.0, 9.82, 10.02, 21.75, 9999.0, 23.84, 9999.0, 117.66, 127.75, 120.09, 91.11, 138.5
2024-11-07, 00:47:30, 136.45, 58.27, 22.98, 22.16, 9999.0, 9.84, 10.02, 21.75, 9999.0, 23.84, 9999.0, 117.68, 127.75, 120.11, 91.14, 138.5
2024-11-07, 00:47:34, 136.45, 58.27, 22.98, 22.14, 9999.0, 9.84, 10.02, 21.75, 9999.0, 23.84, 9999.0, 117.7, 127.75, 120.11, 91.16, 138.5
2024-11-07, 00:47:38, 136.45, 58.3, 22.98, 22.14, 9999.0, 9.84, 10.02, 21.75, 9999.0, 23.86, 9999.0, 117.73, 127.75, 120.11, 91.16, 138.5
2024-11-07, 00:47:42, 136.45, 58.3, 22.98, 22.14, 9999.0, 9.84, 10.05, 21.75, 9999.0, 23.91, 9999.0, 117.75, 127.75, 120.14, 91.16, 138.5
2024-11-07, 00:47:46, 136.45, 58.3, 22.98, 22.14, 9999.0, 9.82, 10.05, 21.75, 9999.0, 23.95, 9999.0, 117.77, 127.75, 120.16, 91.18, 138.5
2024-11-07, 00:47:50, 136.45, 58.3, 22.98, 22.11, 9999.0, 9.8, 10.05, 21.75, 9999.0, 23.98, 9999.0, 117.8, 127.75, 120.16, 91.2, 138.5
2024-11-07, 00:47:54, 136.48, 58.32, 22.98, 22.14, 9999.0, 9.77, 10.05, 21.75, 9999.0, 24.02, 9999.0, 117.77, 127.75, 120.14, 91.23, 138.5
2024-11-07, 00:47:58, 136.45, 58.32, 22.95, 22.11, 9999.0, 9.75, 10.05, 21.75, 9999.0, 24.05, 9999.0, 117.77, 127.75, 120.14, 91.2, 138.5
2024-11-07, 00:48:02, 136.45, 58.32, 22.95, 22.11, 9999.0, 9.73, 10.05, 21.75, 9999.0, 24.07, 9999.0, 117.75, 127.75, 120.16, 91.23, 138.5
2024-11-07, 00:48:06, 136.45, 58.32, 22.95, 22.09, 9999.0, 9.7, 10.05, 21.75, 9999.0, 24.09, 9999.0, 117.73, 127.75, 120.14, 91.23, 138.5
2024-11-07, 00:48:10, 136.48, 58.34, 22.93, 22.09, 9999.0, 9.7, 10.02, 21.75, 9999.0, 24.11, 9999.0, 117.68, 127.75, 120.14, 91.23, 138.5
2024-11-07, 00:48:14, 136.45, 58.34, 22.93, 22.09, 9999.0, 9.7, 10.02, 21.75, 9999.0, 24.11, 9999.0, 117.66, 127.75, 120.14, 91.2, 138.5
2024-11-07, 00:48:18, 136.45, 58.34, 22.93, 22.09, 9999.0, 9.7, 10.02, 21.75, 9999.0, 24.11, 9999.0, 117.64, 127.75, 120.14, 91.2, 138.5
2024-11-07, 00:48:22, 136.43, 58.32, 22.93, 22.07, 9999.0, 9.73, 10.02, 21.75, 9999.0, 24.09, 9999.0, 117.61, 127.75, 120.14, 91.2, 138.5
2024-11-07, 00:48:26, 136.43, 58.32, 22.93, 22.07, 9999.0, 9.73, 10.0, 21.75, 9999.0, 24.07, 9999.0, 117.61, 127.73, 120.11, 91.18, 138.5
2024-11-07, 00:48:30, 136.43, 58.34, 22.93, 22.05, 9999.0, 9.73, 10.0, 21.75, 9999.0, 24.05, 9999.0, 117.59, 127.73, 120.11, 91.18, 138.5
2024-11-07, 00:48:34, 136.43, 58.36, 22.95, 22.05, 9999.0, 9.73, 10.0, 21.75, 9999.0, 24.02, 9999.0, 117.59, 127.73, 120.11, 91.18, 138.5
2024-11-07, 00:48:38, 136.43, 58.34, 22.95, 22.02, 9999.0, 9.73, 10.0, 21.75, 9999.0, 24.0, 9999.0, 117.64, 127.73, 120.14, 91.18, 138.5
2024-11-07, 00:48:42, 136.45, 58.34, 22.95, 22.02, 9999.0, 9.73, 10.0, 21.75, 9999.0, 24.0, 9999.0, 117.66, 127.73, 120.14, 91.2, 138.5
2024-11-07, 00:48:46, 136.45, 58.34, 22.95, 22.0, 9999.0, 9.75, 10.0, 21.75, 9999.0, 24.02, 9999.0, 117.68, 127.73, 120.14, 91.2, 138.5
2024-11-07, 00:48:50, 136.45, 58.32, 22.95, 22.0, 9999.0, 9.77, 10.0, 21.75, 9999.0, 24.05, 9999.0, 117.7, 127.73, 120.14, 91.2, 138.5
2024-11-07, 00:48:54, 136.45, 58.3, 22.98, 22.02, 9999.0, 9.77, 10.0, 21.75, 9999.0, 24.07, 9999.0, 117.73, 127.73, 120.14, 91.2, 138.5
2024-11-07, 00:48:58, 136.48, 58.32, 22.95, 22.02, 9999.0, 9.77, 10.0, 21.75, 9999.0, 24.11, 9999.0, 117.75, 127.73, 120.14, 91.23, 138.5
2024-11-07, 00:49:02, 136.48, 58.32, 22.95, 22.05, 9999.0, 9.77, 10.0, 21.75, 9999.0, 24.14, 9999.0, 117.77, 127.73, 120.16, 91.23, 138.5
2024-11-07, 00:49:06, 136.5, 58.32, 22.95, 22.07, 9999.0, 9.75, 10.0, 21.75, 9999.0, 24.18, 9999.0, 117.8, 127.73, 120.16, 91.23, 138.5
2024-11-07, 00:49:10, 136.5, 58.34, 22.95, 22.07, 9999.0, 9.75, 10.0, 21.75, 9999.0, 24.2, 9999.0, 117.8, 127.75, 120.18, 91.25, 138.48
2024-11-07, 00:49:14, 136.5, 58.32, 22.95, 22.09, 9999.0, 9.73, 10.0, 21.75, 9999.0, 24.25, 9999.0, 117.82, 127.75, 120.18, 91.25, 138.48
2024-11-07, 00:49:18, 136.5, 58.3, 22.95, 22.09, 9999.0, 9.7, 10.0, 21.75, 9999.0, 24.27, 9999.0, 117.8, 127.75, 120.18, 91.23, 138.48
2024-11-07, 00:49:22, 136.5, 58.3, 22.93, 22.09, 9999.0, 9.68, 10.0, 21.75, 9999.0, 24.3, 9999.0, 117.75, 127.75, 120.18, 91.23, 138.48
2024-11-07, 00:49:26, 136.5, 58.3, 22.93, 22.09, 9999.0, 9.66, 10.0, 21.75, 9999.0, 24.32, 9999.0, 117.7, 127.75, 120.18, 91.23, 138.48
2024-11-07, 00:49:30, 136.5, 58.3, 22.93, 22.09, 9999.0, 9.66, 10.0, 21.75, 9999.0, 24.32, 9999.0, 117.66, 127.73, 120.16, 91.23, 138.45
2024-11-07, 00:49:34, 136.5, 58.3, 22.93, 22.11, 9999.0, 9.66, 10.0, 21.75, 9999.0, 24.32, 9999.0, 117.64, 127.73, 120.18, 91.23, 138.43
2024-11-07, 00:49:38, 136.5, 58.3, 22.93, 22.09, 9999.0, 9.66, 10.0, 21.75, 9999.0, 24.32, 9999.0, 117.61, 127.7, 120.2, 91.23, 138.43
2024-11-07, 00:49:42, 136.48, 58.27, 22.95, 22.11, 9999.0, 9.68, 10.0, 21.75, 9999.0, 24.3, 9999.0, 117.59, 127.68, 120.18, 91.23, 138.41
2024-11-07, 00:49:47, 136.45, 58.27, 22.93, 22.09, 9999.0, 9.7, 10.0, 21.75, 9999.0, 24.3, 9999.0, 117.59, 127.68, 120.18, 91.2, 138.39
2024-11-07, 00:49:51, 136.45, 58.27, 22.91, 22.09, 9999.0, 9.7, 10.0, 21.75, 9999.0, 24.27, 9999.0, 117.59, 127.68, 120.16, 91.2, 138.36
2024-11-07, 00:49:55, 136.45, 58.25, 22.89, 22.11, 9999.0, 9.7, 10.0, 21.75, 9999.0, 24.25, 9999.0, 117.59, 127.68, 120.16, 91.2, 138.36
2024-11-07, 00:49:59, 136.43, 58.25, 22.89, 22.09, 9999.0, 9.73, 10.0, 21.75, 9999.0, 24.23, 9999.0, 117.61, 127.68, 120.16, 91.18, 138.36
2024-11-07, 00:50:03, 136.43, 58.25, 22.89, 22.09, 9999.0, 9.75, 10.0, 21.75, 9999.0, 24.2, 9999.0, 117.64, 127.68, 120.18, 91.2, 138.34
2024-11-07, 00:50:07, 136.43, 58.25, 22.89, 22.09, 9999.0, 9.77, 10.0, 21.75, 9999.0, 24.2, 9999.0, 117.68, 127.68, 120.18, 91.2, 138.34
2024-11-07, 00:50:11, 136.43, 58.25, 22.89, 22.09, 9999.0, 9.8, 10.0, 21.75, 9999.0, 24.2, 9999.0, 117.7, 127.66, 120.16, 91.18, 138.32
2024-11-07, 00:50:15, 136.41, 58.25, 22.86, 22.11, 9999.0, 9.8, 10.0, 21.75, 9999.0, 24.2, 9999.0, 117.73, 127.68, 120.18, 91.18, 138.32
2024-11-07, 00:50:19, 136.41, 58.25, 22.86, 22.11, 9999.0, 9.77, 10.0, 21.75, 9999.0, 24.23, 9999.0, 117.75, 127.68, 120.18, 91.18, 138.34
2024-11-07, 00:50:23, 136.41, 58.25, 22.86, 22.11, 9999.0, 9.77, 10.02, 21.75, 9999.0, 24.23, 9999.0, 117.77, 127.7, 120.18, 91.18, 138.34
2024-11-07, 00:50:27, 136.43, 58.25, 22.84, 22.11, 9999.0, 9.75, 10.02, 21.75, 9999.0, 24.23, 9999.0, 117.8, 127.73, 120.2, 91.18, 138.34
2024-11-07, 00:50:33, 136.45, 58.25, 22.86, 22.11, 9999.0, 9.7, 10.02, 21.75, 9999.0, 24.25, 9999.0, 117.8, 127.73, 120.2, 91.18, 138.36
2024-11-07, 00:50:40, 136.43, 58.25, 22.86, 22.09, 9999.0, 9.7, 10.02, 21.75, 9999.0, 24.25, 9999.0, 117.8, 127.73, 120.2, 91.16, 138.36
2024-11-07, 00:50:44, 136.43, 58.25, 22.86, 22.09, 9999.0, 9.68, 10.02, 21.75, 9999.0, 24.27, 9999.0, 117.77, 127.73, 120.2, 91.16, 138.39
2024-11-07, 00:50:49, 136.45, 58.25, 22.84, 22.11, 9999.0, 9.66, 10.02, 21.75, 9999.0, 24.27, 9999.0, 117.73, 127.73, 120.2, 91.18, 138.36
2024-11-07, 00:50:53, 136.43, 58.25, 22.82, 22.14, 9999.0, 9.64, 10.02, 21.75, 9999.0, 24.3, 9999.0, 117.73, 127.73, 120.2, 91.16, 138.36
2024-11-07, 00:50:57, 136.43, 58.25, 22.84, 22.14, 9999.0, 9.64, 10.02, 21.75, 9999.0, 24.3, 9999.0, 117.68, 127.73, 120.2, 91.16, 138.34
2024-11-07, 00:51:01, 136.43, 58.25, 22.86, 22.14, 9999.0, 9.64, 10.02, 21.75, 9999.0, 24.3, 9999.0, 117.66, 127.73, 120.23, 91.18, 138.34
2024-11-07, 00:51:05, 136.43, 58.25, 22.89, 22.14, 9999.0, 9.66, 10.02, 21.75, 9999.0, 24.3, 9999.0, 117.64, 127.73, 120.23, 91.18, 138.36
2024-11-07, 00:51:09, 136.43, 58.25, 22.89, 22.11, 9999.0, 9.7, 10.02, 21.75, 9999.0, 24.25, 9999.0, 117.61, 127.73, 120.2, 91.18, 138.34
2024-11-07, 00:51:13, 136.43, 58.27, 22.86, 22.14, 9999.0, 9.73, 10.0, 21.75, 9999.0, 24.25, 9999.0, 117.61, 127.7, 120.18, 91.18, 138.32
2024-11-07, 00:51:19, 136.43, 58.27, 22.86, 22.11, 9999.0, 9.73, 10.0, 21.75, 9999.0, 24.23, 9999.0, 117.59, 127.7, 120.16, 91.18, 138.32
2024-11-07, 00:51:23, 136.43, 58.27, 22.84, 22.14, 9999.0, 9.75, 10.0, 21.75, 9999.0, 24.18, 9999.0, 117.59, 127.7, 120.16, 91.18, 138.32
2024-11-07, 00:51:27, 136.45, 58.27, 22.84, 22.16, 9999.0, 9.75, 10.0, 21.75, 9999.0, 24.18, 9999.0, 117.59, 127.7, 120.18, 91.2, 138.32
2024-11-07, 00:51:31, 136.45, 58.27, 22.84, 22.16, 9999.0, 9.77, 10.0, 21.75, 9999.0, 24.16, 9999.0, 117.61, 127.68, 120.18, 91.2, 138.3
2024-11-07, 00:51:35, 136.43, 58.27, 22.86, 22.16, 9999.0, 9.8, 10.0, 21.75, 9999.0, 24.16, 9999.0, 117.64, 127.68, 120.18, 91.18, 138.3
2024-11-07, 00:51:39, 136.45, 58.27, 22.86, 22.14, 9999.0, 9.82, 10.0, 21.75, 9999.0, 24.16, 9999.0, 117.64, 127.68, 120.16, 91.18, 138.32
2024-11-07, 00:51:43, 136.45, 58.3, 22.84, 22.14, 9999.0, 9.82, 10.0, 21.75, 9999.0, 24.16, 9999.0, 117.66, 127.68, 120.16, 91.16, 138.34
2024-11-07, 00:51:47, 136.45, 58.3, 22.84, 22.14, 9999.0, 9.82, 10.0, 21.75, 9999.0, 24.16, 9999.0, 117.68, 127.7, 120.16, 91.16, 138.34
2024-11-07, 00:51:51, 136.48, 58.32, 22.82, 22.14, 9999.0, 9.8, 10.0, 21.75, 9999.0, 24.16, 9999.0, 117.7, 127.7, 120.16, 91.14, 138.32
2024-11-07, 00:51:56, 136.48, 58.32, 22.8, 22.16, 9999.0, 9.77, 10.0, 21.75, 9999.0, 24.18, 9999.0, 117.7, 127.7, 120.18, 91.14, 138.32
2024-11-07, 00:52:00, 136.48, 58.3, 22.82, 22.14, 9999.0, 9.73, 10.0, 21.75, 9999.0, 24.18, 9999.0, 117.68, 127.73, 120.2, 91.14, 138.34
2024-11-07, 00:52:04, 136.48, 58.32, 22.84, 22.14, 9999.0, 9.7, 10.0, 21.75, 9999.0, 24.2, 9999.0, 117.68, 127.73, 120.23, 91.14, 138.34
2024-11-07, 00:52:08, 136.48, 58.32, 22.84, 22.11, 9999.0, 9.68, 10.0, 21.75, 9999.0, 24.2, 9999.0, 117.66, 127.73, 120.23, 91.16, 138.32
2024-11-07, 00:52:12, 136.48, 58.32, 22.86, 22.09, 9999.0, 9.66, 10.0, 21.75, 9999.0, 24.18, 9999.0, 117.64, 127.73, 120.2, 91.16, 138.32
2024-11-07, 00:52:16, 136.45, 58.32, 22.89, 22.07, 9999.0, 9.66, 10.0, 21.75, 9999.0, 24.18, 9999.0, 117.61, 127.73, 120.18, 91.16, 138.32
2024-11-07, 00:52:20, 136.48, 58.32, 22.89, 22.05, 9999.0, 9.66, 10.0, 21.75, 9999.0, 24.16, 9999.0, 117.59, 127.73, 120.18, 91.18, 138.32
2024-11-07, 00:52:24, 136.48, 58.32, 22.91, 22.05, 9999.0, 9.66, 10.0, 21.75, 9999.0, 24.14, 9999.0, 117.57, 127.7, 120.18, 91.18, 138.3
2024-11-07, 00:52:28, 136.48, 58.3, 22.91, 22.05, 9999.0, 9.68, 10.0, 21.75, 9999.0, 24.11, 9999.0, 117.55, 127.7, 120.18, 91.18, 138.27
2024-11-07, 00:52:32, 136.48, 58.3, 22.91, 22.05, 9999.0, 9.7, 10.0, 21.75, 9999.0, 24.09, 9999.0, 117.55, 127.7, 120.18, 91.18, 138.27
2024-11-07, 00:52:36, 136.48, 58.27, 22.91, 22.02, 9999.0, 9.7, 10.0, 21.75, 9999.0, 24.07, 9999.0, 117.55, 127.68, 120.16, 91.2, 138.27
2024-11-07, 00:52:40, 136.48, 58.27, 22.93, 22.0, 9999.0, 9.7, 10.0, 21.75, 9999.0, 24.05, 9999.0, 117.57, 127.68, 120.14, 91.2, 138.27
2024-11-07, 00:52:44, 136.48, 58.27, 22.91, 22.0, 9999.0, 9.73, 10.0, 21.75, 9999.0, 24.02, 9999.0, 117.61, 127.68, 120.14, 91.2, 138.25
2024-11-07, 00:52:48, 136.48, 58.25, 22.89, 22.0, 9999.0, 9.75, 10.0, 21.75, 9999.0, 24.0, 9999.0, 117.66, 127.68, 120.14, 91.2, 138.25
2024-11-07, 00:52:52, 136.48, 58.25, 22.89, 22.0, 9999.0, 9.77, 10.0, 21.75, 9999.0, 24.02, 9999.0, 117.68, 127.68, 120.14, 91.2, 138.27
2024-11-07, 00:52:56, 136.48, 58.25, 22.86, 22.0, 9999.0, 9.8, 10.0, 21.75, 9999.0, 24.05, 9999.0, 117.7, 127.66, 120.16, 91.2, 138.27
2024-11-07, 00:53:00, 136.48, 58.25, 22.84, 22.0, 9999.0, 9.8, 10.0, 21.75, 9999.0, 24.05, 9999.0, 117.73, 127.68, 120.18, 91.2, 138.27
2024-11-07, 00:53:04, 136.48, 58.25, 22.84, 22.0, 9999.0, 9.8, 10.0, 21.75, 9999.0, 24.07, 9999.0, 117.75, 127.68, 120.18, 91.18, 138.27
2024-11-07, 00:53:08, 136.48, 58.25, 22.84, 22.0, 9999.0, 9.8, 10.0, 21.75, 9999.0, 24.09, 9999.0, 117.77, 127.7, 120.2, 91.18, 138.27
2024-11-07, 00:53:12, 136.48, 58.25, 22.84, 22.0, 9999.0, 9.77, 10.0, 21.75, 9999.0, 24.11, 9999.0, 117.8, 127.7, 120.2, 91.18, 138.27
2024-11-07, 00:53:16, 136.48, 58.25, 22.82, 22.0, 9999.0, 9.73, 10.0, 21.75, 9999.0, 24.14, 9999.0, 117.8, 127.7, 120.2, 91.16, 138.27
2024-11-07, 00:53:20, 136.48, 58.25, 22.82, 22.0, 9999.0, 9.7, 10.0, 21.75, 9999.0, 24.16, 9999.0, 117.77, 127.73, 120.23, 91.14, 138.27
2024-11-07, 00:53:24, 136.48, 58.25, 22.82, 22.0, 9999.0, 9.68, 10.0, 21.75, 9999.0, 24.18, 9999.0, 117.75, 127.73, 120.25, 91.11, 138.3
2024-11-07, 00:53:28, 136.48, 58.25, 22.82, 22.02, 9999.0, 9.66, 10.0, 21.75, 9999.0, 24.18, 9999.0, 117.7, 127.7, 120.25, 91.09, 138.3
2024-11-07, 00:53:32, 136.45, 58.25, 22.82, 22.05, 9999.0, 9.64, 10.0, 21.75, 9999.0, 24.18, 9999.0, 117.66, 127.68, 120.25, 91.07, 138.3
2024-11-07, 00:53:36, 136.45, 58.25, 22.82, 22.05, 9999.0, 9.64, 10.0, 21.75, 9999.0, 24.16, 9999.0, 117.64, 127.68, 120.23, 91.05, 138.27
2024-11-07, 00:53:40, 136.45, 58.25, 22.82, 22.05, 9999.0, 9.64, 10.0, 21.75, 9999.0, 24.14, 9999.0, 117.61, 127.7, 120.2, 91.02, 138.27
2024-11-07, 00:53:44, 136.48, 58.25, 22.84, 22.05, 9999.0, 9.66, 10.0, 21.75, 9999.0, 24.14, 9999.0, 117.59, 127.68, 120.2, 91.0, 138.27
2024-11-07, 00:53:48, 136.48, 58.25, 22.82, 22.05, 9999.0, 9.68, 10.0, 21.75, 9999.0, 24.11, 9999.0, 117.57, 127.68, 120.18, 91.0, 138.27
2024-11-07, 00:53:52, 136.48, 58.25, 22.82, 22.05, 9999.0, 9.68, 10.0, 21.75, 9999.0, 24.09, 9999.0, 117.57, 127.66, 120.18, 91.0, 138.27
2024-11-07, 00:53:56, 136.48, 58.25, 22.84, 22.05, 9999.0, 9.7, 10.0, 21.75, 9999.0, 24.05, 9999.0, 117.55, 127.64, 120.18, 91.02, 138.27
2024-11-07, 00:54:00, 136.48, 58.25, 22.86, 22.05, 9999.0, 9.73, 10.0, 21.75, 9999.0, 24.0, 9999.0, 117.55, 127.61, 120.18, 91.02, 138.27
2024-11-07, 00:54:04, 136.48, 58.25, 22.86, 22.05, 9999.0, 9.75, 10.0, 21.75, 9999.0, 23.95, 9999.0, 117.57, 127.61, 120.18, 91.02, 138.27
2024-11-07, 00:54:08, 136.48, 58.25, 22.86, 22.05, 9999.0, 9.77, 10.0, 21.75, 9999.0, 23.91, 9999.0, 117.59, 127.61, 120.18, 91.05, 138.25
2024-11-07, 00:54:12, 136.48, 58.25, 22.86, 22.02, 9999.0, 9.8, 10.0, 21.75, 9999.0, 23.91, 9999.0, 117.61, 127.64, 120.18, 91.05, 138.25
2024-11-07, 00:54:16, 136.5, 58.25, 22.86, 22.0, 9999.0, 9.82, 10.0, 21.75, 9999.0, 23.91, 9999.0, 117.64, 127.66, 120.18, 91.07, 138.25
2024-11-07, 00:54:20, 136.5, 58.25, 22.89, 22.0, 9999.0, 9.82, 10.0, 21.75, 9999.0, 23.91, 9999.0, 117.66, 127.66, 120.18, 91.09, 138.25
2024-11-07, 00:54:24, 136.5, 58.25, 22.89, 22.0, 9999.0, 9.8, 10.0, 21.75, 9999.0, 23.93, 9999.0, 117.68, 127.66, 120.2, 91.11, 138.25
2024-11-07, 00:54:28, 136.5, 58.25, 22.86, 22.0, 9999.0, 9.77, 10.0, 21.75, 9999.0, 23.95, 9999.0, 117.7, 127.68, 120.18, 91.11, 138.25
2024-11-07, 00:54:32, 136.5, 58.25, 22.86, 22.0, 9999.0, 9.75, 10.0, 21.75, 9999.0, 23.98, 9999.0, 117.73, 127.68, 120.18, 91.14, 138.25
2024-11-07, 00:54:36, 136.48, 58.25, 22.86, 22.0, 9999.0, 9.73, 10.0, 21.75, 9999.0, 23.98, 9999.0, 117.73, 127.7, 120.18, 91.14, 138.25
2024-11-07, 00:54:40, 136.48, 58.25, 22.84, 22.0, 9999.0, 9.68, 10.0, 21.75, 9999.0, 24.0, 9999.0, 117.73, 127.73, 120.18, 91.11, 138.25
2024-11-07, 00:54:44, 136.48, 58.25, 22.82, 22.0, 9999.0, 9.66, 10.0, 21.75, 9999.0, 24.02, 9999.0, 117.7, 127.75, 120.16, 91.11, 138.25
2024-11-07, 00:54:48, 136.48, 58.25, 22.84, 22.0, 9999.0, 9.64, 10.0, 21.75, 9999.0, 24.05, 9999.0, 117.68, 127.75, 120.14, 91.11, 138.25
2024-11-07, 00:54:52, 136.48, 58.25, 22.82, 22.0, 9999.0, 9.61, 10.0, 21.75, 9999.0, 24.07, 9999.0, 117.68, 127.75, 120.14, 91.09, 138.25
2024-11-07, 00:54:56, 136.48, 58.25, 22.82, 22.0, 9999.0, 9.61, 10.0, 21.75, 9999.0, 24.07, 9999.0, 117.66, 127.75, 120.11, 91.09, 138.25
2024-11-07, 00:55:00, 136.48, 58.25, 22.84, 22.0, 9999.0, 9.61, 10.0, 21.75, 9999.0, 24.07, 9999.0, 117.64, 127.73, 120.11, 91.09, 138.25
2024-11-07, 00:55:04, 136.48, 58.25, 22.82, 22.0, 9999.0, 9.64, 10.0, 21.75, 9999.0, 24.05, 9999.0, 117.61, 127.7, 120.14, 91.07, 138.25
2024-11-07, 00:55:08, 136.45, 58.25, 22.84, 22.0, 9999.0, 9.68, 10.0, 21.75, 9999.0, 24.0, 9999.0, 117.59, 127.7, 120.11, 91.07, 138.25
2024-11-07, 00:55:12, 136.45, 58.25, 22.84, 22.0, 9999.0, 9.68, 10.0, 21.75, 9999.0, 23.95, 9999.0, 117.59, 127.7, 120.11, 91.09, 138.25
2024-11-07, 00:55:16, 136.43, 58.25, 22.86, 22.0, 9999.0, 9.68, 10.0, 21.75, 9999.0, 23.91, 9999.0, 117.59, 127.68, 120.14, 91.09, 138.25
2024-11-07, 00:55:20, 136.45, 58.25, 22.84, 22.0, 9999.0, 9.7, 10.0, 21.75, 9999.0, 23.89, 9999.0, 117.59, 127.68, 120.14, 91.11, 138.25
2024-11-07, 00:55:24, 136.45, 58.25, 22.86, 22.0, 9999.0, 9.73, 10.0, 21.75, 9999.0, 23.86, 9999.0, 117.64, 127.68, 120.14, 91.14, 138.27
2024-11-07, 00:55:28, 136.45, 58.25, 22.86, 22.0, 9999.0, 9.75, 10.0, 21.75, 9999.0, 23.84, 9999.0, 117.66, 127.68, 120.14, 91.14, 138.3
2024-11-07, 00:55:32, 136.45, 58.25, 22.84, 22.0, 9999.0, 9.77, 10.0, 21.75, 9999.0, 23.84, 9999.0, 117.68, 127.68, 120.16, 91.16, 138.3
2024-11-07, 00:55:37, 136.45, 58.25, 22.86, 22.0, 9999.0, 9.8, 10.0, 21.75, 9999.0, 23.84, 9999.0, 117.68, 127.68, 120.14, 91.16, 138.32
2024-11-07, 00:55:41, 136.45, 58.25, 22.89, 22.0, 9999.0, 9.8, 10.0, 21.75, 9999.0, 23.84, 9999.0, 117.7, 127.68, 120.14, 91.16, 138.32
2024-11-07, 00:55:45, 136.45, 58.25, 22.86, 22.0, 9999.0, 9.8, 10.0, 21.75, 9999.0, 23.84, 9999.0, 117.73, 127.7, 120.14, 91.14, 138.34
2024-11-07, 00:55:49, 136.43, 58.25, 22.86, 22.0, 9999.0, 9.75, 10.0, 21.75, 9999.0, 23.86, 9999.0, 117.75, 127.73, 120.14, 91.16, 138.36
2024-11-07, 00:55:53, 136.45, 58.25, 22.86, 22.0, 9999.0, 9.7, 10.0, 21.75, 9999.0, 23.89, 9999.0, 117.75, 127.73, 120.16, 91.16, 138.36
2024-11-07, 00:55:57, 136.43, 58.25, 22.89, 22.0, 9999.0, 9.68, 10.0, 21.75, 9999.0, 23.91, 9999.0, 117.73, 127.73, 120.18, 91.14, 138.39
2024-11-07, 00:56:01, 136.43, 58.25, 22.86, 22.02, 9999.0, 9.66, 10.0, 21.75, 9999.0, 23.91, 9999.0, 117.7, 127.75, 120.18, 91.14, 138.41
2024-11-07, 00:56:05, 136.43, 58.25, 22.86, 22.02, 9999.0, 9.64, 10.0, 21.75, 9999.0, 23.91, 9999.0, 117.68, 127.75, 120.16, 91.14, 138.43
2024-11-07, 00:56:09, 136.43, 58.25, 22.86, 22.05, 9999.0, 9.64, 10.0, 21.75, 9999.0, 23.91, 9999.0, 117.64, 127.75, 120.14, 91.11, 138.41
2024-11-07, 00:56:13, 136.43, 58.25, 22.89, 22.05, 9999.0, 9.64, 10.0, 21.75, 9999.0, 23.91, 9999.0, 117.61, 127.75, 120.14, 91.11, 138.41
2024-11-07, 00:56:17, 136.43, 58.25, 22.91, 22.05, 9999.0, 9.64, 10.0, 21.75, 9999.0, 23.89, 9999.0, 117.59, 127.75, 120.11, 91.09, 138.43
2024-11-07, 00:56:21, 136.41, 58.25, 22.91, 22.07, 9999.0, 9.66, 10.0, 21.75, 9999.0, 23.86, 9999.0, 117.57, 127.75, 120.14, 91.11, 138.41
2024-11-07, 00:56:25, 136.41, 58.25, 22.91, 22.07, 9999.0, 9.68, 10.0, 21.75, 9999.0, 23.84, 9999.0, 117.57, 127.75, 120.16, 91.11, 138.43
2024-11-07, 00:56:29, 136.39, 58.25, 22.93, 22.07, 9999.0, 9.68, 10.0, 21.75, 9999.0, 23.82, 9999.0, 117.57, 127.75, 120.16, 91.11, 138.41
2024-11-07, 00:56:33, 136.39, 58.25, 22.95, 22.07, 9999.0, 9.7, 10.0, 21.75, 9999.0, 23.8, 9999.0, 117.55, 127.75, 120.16, 91.09, 138.41
2024-11-07, 00:56:37, 136.36, 58.25, 22.95, 22.07, 9999.0, 9.73, 10.0, 21.75, 9999.0, 23.77, 9999.0, 117.57, 127.75, 120.16, 91.07, 138.43
2024-11-07, 00:56:41, 136.39, 58.25, 22.93, 22.07, 9999.0, 9.75, 10.0, 21.75, 9999.0, 23.75, 9999.0, 117.61, 127.75, 120.16, 91.09, 138.41
2024-11-07, 00:56:45, 136.41, 58.25, 22.95, 22.05, 9999.0, 9.77, 10.0, 21.75, 9999.0, 23.75, 9999.0, 117.64, 127.75, 120.16, 91.09, 138.39
2024-11-07, 00:56:49, 136.41, 58.25, 22.95, 22.05, 9999.0, 9.8, 10.0, 21.75, 9999.0, 23.77, 9999.0, 117.66, 127.75, 120.16, 91.09, 138.36
2024-11-07, 00:56:53, 136.39, 58.25, 22.93, 22.02, 9999.0, 9.8, 10.0, 21.75, 9999.0, 23.8, 9999.0, 117.68, 127.75, 120.16, 91.09, 138.36
2024-11-07, 00:56:57, 136.36, 58.25, 22.93, 22.02, 9999.0, 9.8, 10.0, 21.75, 9999.0, 23.82, 9999.0, 117.7, 127.75, 120.18, 91.11, 138.36
2024-11-07, 00:57:01, 136.34, 58.25, 22.93, 22.05, 9999.0, 9.8, 10.0, 21.75, 9999.0, 23.84, 9999.0, 117.73, 127.75, 120.18, 91.14, 138.34
2024-11-07, 00:57:05, 136.36, 58.25, 22.93, 22.05, 9999.0, 9.75, 10.0, 21.75, 9999.0, 23.86, 9999.0, 117.75, 127.75, 120.18, 91.14, 138.36
2024-11-07, 00:57:09, 136.36, 58.25, 22.93, 22.07, 9999.0, 9.7, 10.0, 21.75, 9999.0, 23.89, 9999.0, 117.75, 127.75, 120.18, 91.14, 138.36
2024-11-07, 00:57:13, 136.39, 58.25, 22.93, 22.07, 9999.0, 9.68, 10.0, 21.75, 9999.0, 23.91, 9999.0, 117.73, 127.75, 120.16, 91.16, 138.39
2024-11-07, 00:57:17, 136.39, 58.25, 22.93, 22.07, 9999.0, 9.66, 10.0, 21.75, 9999.0, 23.93, 9999.0, 117.75, 127.75, 120.16, 91.16, 138.39
2024-11-07, 00:57:21, 136.41, 58.25, 22.93, 22.09, 9999.0, 9.64, 10.0, 21.75, 9999.0, 23.93, 9999.0, 117.73, 127.75, 120.16, 91.18, 138.39
2024-11-07, 00:57:25, 136.41, 58.25, 22.93, 22.11, 9999.0, 9.61, 10.0, 21.75, 9999.0, 23.93, 9999.0, 117.68, 127.75, 120.16, 91.18, 138.41
2024-11-07, 00:57:29, 136.41, 58.25, 22.93, 22.11, 9999.0, 9.61, 10.0, 21.75, 9999.0, 23.93, 9999.0, 117.66, 127.75, 120.16, 91.18, 138.43
2024-11-07, 00:57:33, 136.41, 58.25, 22.95, 22.11, 9999.0, 9.61, 10.0, 21.75, 9999.0, 23.91, 9999.0, 117.64, 127.75, 120.18, 91.16, 138.43
2024-11-07, 00:57:37, 136.41, 58.25, 22.98, 22.11, 9999.0, 9.61, 10.0, 21.75, 9999.0, 23.89, 9999.0, 117.61, 127.75, 120.2, 91.16, 138.45
2024-11-07, 00:57:41, 136.43, 58.25, 22.98, 22.11, 9999.0, 9.64, 10.0, 21.75, 9999.0, 23.86, 9999.0, 117.59, 127.75, 120.2, 91.16, 138.45
2024-11-07, 00:57:45, 136.45, 58.25, 22.98, 22.09, 9999.0, 9.66, 10.0, 21.75, 9999.0, 23.84, 9999.0, 117.59, 127.75, 120.23, 91.16, 138.48
2024-11-07, 00:57:49, 136.45, 58.25, 22.95, 22.09, 9999.0, 9.68, 10.0, 21.75, 9999.0, 23.82, 9999.0, 117.59, 127.75, 120.23, 91.14, 138.48
2024-11-07, 00:57:53, 136.45, 58.25, 22.95, 22.07, 9999.0, 9.7, 10.0, 21.75, 9999.0, 23.8, 9999.0, 117.59, 127.75, 120.23, 91.16, 138.48
2024-11-07, 00:57:57, 136.43, 58.25, 22.95, 22.07, 9999.0, 9.73, 10.0, 21.75, 9999.0, 23.77, 9999.0, 117.64, 127.75, 120.25, 91.16, 138.45
2024-11-07, 00:58:01, 136.45, 58.25, 22.95, 22.07, 9999.0, 9.75, 10.0, 21.75, 9999.0, 23.75, 9999.0, 117.64, 127.75, 120.25, 91.18, 138.45
2024-11-07, 00:58:05, 136.45, 58.25, 22.95, 22.05, 9999.0, 9.77, 10.0, 21.75, 9999.0, 23.75, 9999.0, 117.66, 127.75, 120.25, 91.16, 138.45
2024-11-07, 00:58:09, 136.43, 58.25, 22.98, 22.05, 9999.0, 9.8, 10.0, 21.75, 9999.0, 23.75, 9999.0, 117.68, 127.75, 120.23, 91.16, 138.45
2024-11-07, 00:58:13, 136.43, 58.25, 22.98, 22.07, 9999.0, 9.8, 10.0, 21.75, 9999.0, 23.77, 9999.0, 117.7, 127.75, 120.23, 91.16, 138.45
2024-11-07, 00:58:17, 136.43, 58.25, 22.95, 22.07, 9999.0, 9.8, 10.0, 21.75, 9999.0, 23.82, 9999.0, 117.73, 127.75, 120.23, 91.16, 138.48
2024-11-07, 00:58:21, 136.43, 58.25, 22.95, 22.07, 9999.0, 9.8, 10.0, 21.75, 9999.0, 23.84, 9999.0, 117.75, 127.75, 120.23, 91.18, 138.48
2024-11-07, 00:58:25, 136.43, 58.25, 22.93, 22.07, 9999.0, 9.77, 10.0, 21.75, 9999.0, 23.86, 9999.0, 117.77, 127.75, 120.2, 91.18, 138.48
2024-11-07, 00:58:29, 136.43, 58.25, 22.93, 22.07, 9999.0, 9.73, 10.0, 21.75, 9999.0, 23.89, 9999.0, 117.77, 127.75, 120.2, 91.18, 138.48
2024-11-07, 00:58:33, 136.43, 58.25, 22.95, 22.07, 9999.0, 9.7, 10.0, 21.75, 9999.0, 23.91, 9999.0, 117.77, 127.75, 120.2, 91.18, 138.48
2024-11-07, 00:58:37, 136.41, 58.25, 22.95, 22.09, 9999.0, 9.68, 10.0, 21.75, 9999.0, 23.93, 9999.0, 117.75, 127.75, 120.2, 91.16, 138.48
2024-11-07, 00:58:41, 136.43, 58.25, 22.95, 22.11, 9999.0, 9.66, 10.0, 21.75, 9999.0, 23.95, 9999.0, 117.7, 127.75, 120.18, 91.16, 138.5
2024-11-07, 00:58:45, 136.43, 58.25, 22.95, 22.14, 9999.0, 9.64, 10.0, 21.75, 9999.0, 23.98, 9999.0, 117.68, 127.75, 120.18, 91.14, 138.5
2024-11-07, 00:58:49, 136.41, 58.25, 22.95, 22.16, 9999.0, 9.64, 10.0, 21.75, 9999.0, 23.98, 9999.0, 117.66, 127.75, 120.18, 91.16, 138.5
2024-11-07, 00:58:53, 136.43, 58.25, 22.93, 22.14, 9999.0, 9.64, 10.0, 21.75, 9999.0, 23.98, 9999.0, 117.64, 127.75, 120.2, 91.16, 138.5
2024-11-07, 00:58:57, 136.41, 58.25, 22.93, 22.14, 9999.0, 9.64, 10.0, 21.75, 9999.0, 23.95, 9999.0, 117.61, 127.75, 120.2, 91.14, 138.5
2024-11-07, 00:59:01, 136.41, 58.25, 22.95, 22.16, 9999.0, 9.66, 10.0, 21.75, 9999.0, 23.91, 9999.0, 117.59, 127.75, 120.2, 91.14, 138.5
2024-11-07, 00:59:05, 136.43, 58.25, 22.93, 22.18, 9999.0, 9.68, 10.0, 21.75, 9999.0, 23.89, 9999.0, 117.59, 127.73, 120.2, 91.11, 138.5
2024-11-07, 00:59:10, 136.43, 58.25, 22.95, 22.18, 9999.0, 9.68, 10.0, 21.75, 9999.0, 23.86, 9999.0, 117.59, 127.7, 120.2, 91.11, 138.5
2024-11-07, 00:59:14, 136.41, 58.25, 22.95, 22.18, 9999.0, 9.7, 10.0, 21.75, 9999.0, 23.84, 9999.0, 117.59, 127.7, 120.2, 91.09, 138.5
2024-11-07, 00:59:18, 136.39, 58.25, 22.93, 22.18, 9999.0, 9.73, 10.0, 21.75, 9999.0, 23.82, 9999.0, 117.61, 127.7, 120.2, 91.11, 138.5
2024-11-07, 00:59:22, 136.41, 58.25, 22.93, 22.16, 9999.0, 9.75, 10.0, 21.75, 9999.0, 23.8, 9999.0, 117.66, 127.7, 120.18, 91.14, 138.5
2024-11-07, 00:59:26, 136.39, 58.25, 22.93, 22.16, 9999.0, 9.77, 10.0, 21.75, 9999.0, 23.8, 9999.0, 117.68, 127.7, 120.2, 91.14, 138.5
2024-11-07, 00:59:30, 136.39, 58.25, 22.93, 22.16, 9999.0, 9.8, 10.0, 21.75, 9999.0, 23.8, 9999.0, 117.7, 127.7, 120.2, 91.16, 138.5
2024-11-07, 00:59:34, 136.41, 58.25, 22.93, 22.16, 9999.0, 9.8, 10.0, 21.75, 9999.0, 23.82, 9999.0, 117.73, 127.7, 120.2, 91.14, 138.5
2024-11-07, 00:59:38, 136.41, 58.25, 22.93, 22.18, 9999.0, 9.8, 10.0, 21.75, 9999.0, 23.86, 9999.0, 117.75, 127.7, 120.2, 91.14, 138.5
2024-11-07, 00:59:42, 136.41, 58.25, 22.93, 22.18, 9999.0, 9.8, 10.0, 21.75, 9999.0, 23.91, 9999.0, 117.77, 127.7, 120.2, 91.16, 138.5
2024-11-07, 00:59:46, 136.39, 58.25, 22.91, 22.18, 9999.0, 9.77, 10.0, 21.75, 9999.0, 23.95, 9999.0, 117.8, 127.7, 120.2, 91.18, 138.5
2024-11-07, 00:59:50, 136.36, 58.25, 22.93, 22.16, 9999.0, 9.73, 10.0, 21.75, 9999.0, 23.98, 9999.0, 117.8, 127.73, 120.2, 91.2, 138.5
2024-11-07, 00:59:54, 136.36, 58.25, 22.93, 22.16, 9999.0, 9.7, 10.0, 21.75, 9999.0, 24.0, 9999.0, 117.8, 127.75, 120.23, 91.2, 138.5
2024-11-07, 00:59:58, 136.39, 58.25, 22.93, 22.16, 9999.0, 9.68, 10.0, 21.75, 9999.0, 24.02, 9999.0, 117.77, 127.75, 120.23, 91.2, 138.5
2024-11-07, 01:00:02, 136.41, 58.25, 22.95, 22.14, 9999.0, 9.66, 10.0, 21.75, 9999.0, 24.05, 9999.0, 117.73, 127.75, 120.23, 91.18, 138.5
2024-11-07, 01:00:06, 136.41, 58.25, 22.95, 22.16, 9999.0, 9.64, 10.0, 21.75, 9999.0, 24.07, 9999.0, 117.68, 127.75, 120.25, 91.16, 138.5
2024-11-07, 01:00:10, 136.43, 58.25, 22.95, 22.16, 9999.0, 9.64, 10.0, 21.75, 9999.0, 24.07, 9999.0, 117.66, 127.75, 120.25, 91.14, 138.5
2024-11-07, 01:00:14, 136.43, 58.25, 22.95, 22.14, 9999.0, 9.64, 10.0, 21.75, 9999.0, 24.05, 9999.0, 117.64, 127.75, 120.25, 91.11, 138.5
2024-11-07, 01:00:18, 136.41, 58.25, 22.95, 22.11, 9999.0, 9.64, 10.0, 21.75, 9999.0, 24.02, 9999.0, 117.61, 127.75, 120.23, 91.14, 138.5
2024-11-07, 01:00:43, 136.41, 58.25, 22.98, 22.09, 9999.0, 9.66, 10.0, 21.75, 9999.0, 23.98, 9999.0, 117.59, 127.75, 120.23, 91.11, 138.5
2024-11-07, 01:00:47, 136.43, 58.25, 22.98, 22.07, 9999.0, 9.66, 10.0, 21.75, 9999.0, 23.95, 9999.0, 117.59, 127.75, 120.23, 91.09, 138.5
2024-11-07, 01:00:51, 136.45, 58.25, 23.0, 22.05, 9999.0, 9.66, 10.0, 21.75, 9999.0, 23.93, 9999.0, 117.59, 127.75, 120.23, 91.09, 138.5
2024-11-07, 01:00:55, 136.48, 58.25, 22.98, 22.07, 9999.0, 9.7, 10.0, 21.75, 9999.0, 23.91, 9999.0, 117.59, 127.75, 120.2, 91.09, 138.5
2024-11-07, 01:00:59, 136.48, 58.25, 22.98, 22.07, 9999.0, 9.73, 10.0, 21.75, 9999.0, 23.89, 9999.0, 117.59, 127.75, 120.2, 91.09, 138.5
2024-11-07, 01:01:03, 136.48, 58.25, 22.98, 22.09, 9999.0, 9.75, 10.0, 21.75, 9999.0, 23.86, 9999.0, 117.61, 127.75, 120.2, 91.11, 138.5
2024-11-07, 01:01:07, 136.48, 58.25, 22.95, 22.11, 9999.0, 9.77, 10.0, 21.75, 9999.0, 23.86, 9999.0, 117.64, 127.75, 120.2, 91.14, 138.5
2024-11-07, 01:01:11, 136.48, 58.25, 22.95, 22.09, 9999.0, 9.8, 10.0, 21.75, 9999.0, 23.86, 9999.0, 117.66, 127.75, 120.2, 91.16, 138.5
2024-11-07, 01:01:15, 136.45, 58.25, 22.93, 22.09, 9999.0, 9.8, 10.0, 21.75, 9999.0, 23.86, 9999.0, 117.68, 127.75, 120.2, 91.16, 138.5
2024-11-07, 01:01:19, 136.45, 58.25, 22.93, 22.11, 9999.0, 9.8, 10.0, 21.75, 9999.0, 23.91, 9999.0, 117.7, 127.75, 120.2, 91.16, 138.5
2024-11-07, 01:01:23, 136.48, 58.25, 22.93, 22.11, 9999.0, 9.8, 10.0, 21.75, 9999.0, 23.93, 9999.0, 117.73, 127.75, 120.23, 91.16, 138.5
2024-11-07, 01:01:27, 136.48, 58.25, 22.93, 22.11, 9999.0, 9.75, 10.0, 21.75, 9999.0, 23.95, 9999.0, 117.75, 127.75, 120.23, 91.16, 138.5
2024-11-07, 01:01:31, 136.45, 58.25, 22.93, 22.11, 9999.0, 9.73, 10.0, 21.75, 9999.0, 23.95, 9999.0, 117.73, 127.75, 120.23, 91.16, 138.5
2024-11-07, 01:01:35, 136.45, 58.25, 22.93, 22.11, 9999.0, 9.7, 10.0, 21.75, 9999.0, 23.95, 9999.0, 117.73, 127.75, 120.23, 91.14, 138.5
2024-11-07, 01:01:39, 136.45, 58.25, 22.93, 22.11, 9999.0, 9.66, 10.0, 21.75, 9999.0, 23.98, 9999.0, 117.7, 127.75, 120.25, 91.11, 138.5
2024-11-07, 01:01:43, 136.45, 58.25, 22.91, 22.14, 9999.0, 9.64, 10.0, 21.75, 9999.0, 24.0, 9999.0, 117.68, 127.75, 120.25, 91.09, 138.5
2024-11-07, 01:01:47, 136.45, 58.25, 22.91, 22.11, 9999.0, 9.61, 10.0, 21.75, 9999.0, 24.02, 9999.0, 117.66, 127.75, 120.25, 91.09, 138.5
2024-11-07, 01:01:51, 136.45, 58.25, 22.93, 22.09, 9999.0, 9.61, 10.0, 21.75, 9999.0, 24.02, 9999.0, 117.64, 127.75, 120.25, 91.09, 138.5
2024-11-07, 01:01:56, 136.43, 58.25, 22.91, 22.09, 9999.0, 9.61, 10.0, 21.75, 9999.0, 24.0, 9999.0, 117.61, 127.75, 120.25, 91.07, 138.5
2024-11-07, 01:02:00, 136.45, 58.25, 22.93, 22.07, 9999.0, 9.61, 10.0, 21.75, 9999.0, 23.98, 9999.0, 117.59, 127.75, 120.25, 91.07, 138.5
2024-11-07, 01:02:04, 136.45, 58.25, 22.93, 22.07, 9999.0, 9.61, 10.0, 21.75, 9999.0, 23.93, 9999.0, 117.57, 127.75, 120.25, 91.07, 138.5
2024-11-07, 01:02:08, 136.43, 58.25, 22.93, 22.07, 9999.0, 9.61, 10.0, 21.75, 9999.0, 23.91, 9999.0, 117.57, 127.75, 120.25, 91.07, 138.5
2024-11-07, 01:02:12, 136.41, 58.25, 22.91, 22.07, 9999.0, 9.64, 10.0, 21.75, 9999.0, 23.89, 9999.0, 117.57, 127.75, 120.25, 91.07, 138.5
2024-11-07, 01:02:16, 136.41, 58.25, 22.91, 22.07, 9999.0, 9.66, 10.0, 21.75, 9999.0, 23.86, 9999.0, 117.59, 127.75, 120.25, 91.09, 138.5
2024-11-07, 01:02:20, 136.41, 58.25, 22.91, 22.07, 9999.0, 9.68, 10.0, 21.75, 9999.0, 23.84, 9999.0, 117.61, 127.75, 120.25, 91.11, 138.5
2024-11-07, 01:02:24, 136.41, 58.25, 22.93, 22.05, 9999.0, 9.7, 10.0, 21.75, 9999.0, 23.8, 9999.0, 117.66, 127.75, 120.25, 91.14, 138.48
2024-11-07, 01:02:28, 136.39, 58.25, 22.95, 22.02, 9999.0, 9.73, 10.0, 21.75, 9999.0, 23.8, 9999.0, 117.68, 127.75, 120.25, 91.14, 138.48
2024-11-07, 01:02:32, 136.39, 58.25, 22.95, 22.02, 9999.0, 9.75, 10.0, 21.75, 9999.0, 23.77, 9999.0, 117.7, 127.75, 120.25, 91.14, 138.48
2024-11-07, 01:02:36, 136.36, 58.25, 22.95, 22.02, 9999.0, 9.75, 10.0, 21.75, 9999.0, 23.77, 9999.0, 117.73, 127.75, 120.25, 91.14, 138.48
2024-11-07, 01:02:40, 136.36, 58.25, 22.98, 22.02, 9999.0, 9.75, 10.0, 21.75, 9999.0, 23.8, 9999.0, 117.75, 127.75, 120.25, 91.16, 138.48
2024-11-07, 01:02:44, 136.36, 58.25, 22.95, 22.02, 9999.0, 9.75, 10.0, 21.75, 9999.0, 23.82, 9999.0, 117.77, 127.75, 120.25, 91.18, 138.48
2024-11-07, 01:02:48, 136.36, 58.25, 22.95, 22.0, 9999.0, 9.73, 10.0, 21.75, 9999.0, 23.84, 9999.0, 117.8, 127.75, 120.25, 91.2, 138.48
2024-11-07, 01:02:52, 136.39, 58.25, 22.95, 22.0, 9999.0, 9.7, 10.0, 21.75, 9999.0, 23.86, 9999.0, 117.8, 127.75, 120.25, 91.2, 138.48
2024-11-07, 01:02:56, 136.41, 58.25, 22.98, 22.0, 9999.0, 9.68, 10.0, 21.75, 9999.0, 23.89, 9999.0, 117.77, 127.75, 120.25, 91.2, 138.48
2024-11-07, 01:03:00, 136.41, 58.25, 22.98, 22.0, 9999.0, 9.66, 10.0, 21.75, 9999.0, 23.91, 9999.0, 117.75, 127.75, 120.25, 91.18, 138.48
2024-11-07, 01:03:04, 136.41, 58.25, 22.98, 22.0, 9999.0, 9.64, 10.0, 21.75, 9999.0, 23.93, 9999.0, 117.7, 127.75, 120.25, 91.16, 138.48
2024-11-07, 01:03:12, 136.41, 58.25, 22.95, 22.02, 9999.0, 9.64, 10.0, 21.75, 9999.0, 23.98, 9999.0, 117.68, 127.75, 120.25, 91.14, 138.5
2024-11-07, 01:03:16, 136.43, 58.25, 22.95, 22.02, 9999.0, 9.64, 10.0, 21.75, 9999.0, 23.98, 9999.0, 117.68, 127.75, 120.25, 91.14, 138.5
2024-11-07, 01:03:20, 136.43, 58.25, 22.95, 22.02, 9999.0, 9.61, 10.0, 21.75, 9999.0, 24.0, 9999.0, 117.66, 127.75, 120.25, 91.11, 138.5
2024-11-07, 01:03:24, 136.45, 58.25, 22.95, 22.02, 9999.0, 9.59, 10.0, 21.75, 9999.0, 23.98, 9999.0, 117.64, 127.75, 120.25, 91.11, 138.5
2024-11-07, 01:03:28, 136.48, 58.25, 22.93, 22.02, 9999.0, 9.57, 10.0, 21.75, 9999.0, 23.95, 9999.0, 117.61, 127.75, 120.25, 91.11, 138.48
2024-11-07, 01:03:32, 136.45, 58.25, 22.93, 22.02, 9999.0, 9.55, 10.0, 21.75, 9999.0, 23.93, 9999.0, 117.59, 127.75, 120.25, 91.11, 138.48
2024-11-07, 01:03:36, 136.43, 58.25, 22.93, 22.02, 9999.0, 9.57, 10.0, 21.75, 9999.0, 23.91, 9999.0, 117.57, 127.75, 120.25, 91.11, 138.48
2024-11-07, 01:03:40, 136.43, 58.25, 22.93, 22.02, 9999.0, 9.59, 10.0, 21.75, 9999.0, 23.89, 9999.0, 117.55, 127.75, 120.25, 91.11, 138.48
2024-11-07, 01:03:44, 136.43, 58.25, 22.91, 22.02, 9999.0, 9.61, 10.0, 21.75, 9999.0, 23.86, 9999.0, 117.55, 127.75, 120.25, 91.14, 138.48
2024-11-07, 01:03:48, 136.45, 58.25, 22.91, 22.02, 9999.0, 9.66, 10.0, 21.75, 9999.0, 23.84, 9999.0, 117.55, 127.75, 120.25, 91.14, 138.48
2024-11-07, 01:03:52, 136.45, 58.25, 22.89, 22.02, 9999.0, 9.68, 10.0, 21.75, 9999.0, 23.82, 9999.0, 117.57, 127.75, 120.25, 91.16, 138.48
2024-11-07, 01:03:56, 136.45, 58.25, 22.89, 22.0, 9999.0, 9.68, 10.0, 21.75, 9999.0, 23.77, 9999.0, 117.57, 127.75, 120.25, 91.16, 138.48
2024-11-07, 01:04:00, 136.45, 58.25, 22.86, 22.02, 9999.0, 9.68, 10.0, 21.75, 9999.0, 23.73, 9999.0, 117.57, 127.75, 120.25, 91.18, 138.48
2024-11-07, 01:04:04, 136.43, 58.25, 22.84, 22.02, 9999.0, 9.7, 10.0, 21.75, 9999.0, 23.68, 9999.0, 117.61, 127.75, 120.25, 91.18, 138.48
2024-11-07, 01:04:08, 136.43, 58.25, 22.82, 22.05, 9999.0, 9.73, 10.0, 21.75, 9999.0, 23.66, 9999.0, 117.64, 127.75, 120.25, 91.18, 138.48
2024-11-07, 01:04:12, 136.43, 58.25, 22.82, 22.05, 9999.0, 9.75, 10.0, 21.75, 9999.0, 23.66, 9999.0, 117.66, 127.75, 120.25, 91.16, 138.5
2024-11-07, 01:04:16, 136.45, 58.25, 22.84, 22.05, 9999.0, 9.77, 10.0, 21.75, 9999.0, 23.66, 9999.0, 117.68, 127.75, 120.25, 91.16, 138.5
2024-11-07, 01:04:20, 136.45, 58.25, 22.84, 22.05, 9999.0, 9.75, 10.0, 21.75, 9999.0, 23.66, 9999.0, 117.7, 127.75, 120.25, 91.16, 138.5
2024-11-07, 01:04:24, 136.45, 58.25, 22.84, 22.07, 9999.0, 9.75, 10.0, 21.75, 9999.0, 23.68, 9999.0, 117.73, 127.75, 120.25, 91.16, 138.5
2024-11-07, 01:04:28, 136.45, 58.25, 22.86, 22.07, 9999.0, 9.75, 10.0, 21.75, 9999.0, 23.7, 9999.0, 117.75, 127.75, 120.25, 91.16, 138.5
2024-11-07, 01:04:32, 136.45, 58.25, 22.86, 22.07, 9999.0, 9.73, 10.0, 21.75, 9999.0, 23.73, 9999.0, 117.77, 127.75, 120.25, 91.18, 138.5
2024-11-07, 01:04:36, 136.45, 58.25, 22.89, 22.07, 9999.0, 9.7, 10.0, 21.75, 9999.0, 23.73, 9999.0, 117.77, 127.75, 120.25, 91.18, 138.5
2024-11-07, 01:04:40, 136.45, 58.25, 22.89, 22.07, 9999.0, 9.7, 10.0, 21.75, 9999.0, 23.75, 9999.0, 117.77, 127.75, 120.25, 91.18, 138.5
2024-11-07, 01:04:44, 136.45, 58.25, 22.91, 22.05, 9999.0, 9.68, 10.0, 21.75, 9999.0, 23.77, 9999.0, 117.77, 127.75, 120.25, 91.18, 138.5
2024-11-07, 01:04:48, 136.48, 58.25, 22.93, 22.05, 9999.0, 9.68, 10.0, 21.75, 9999.0, 23.8, 9999.0, 117.75, 127.75, 120.25, 91.2, 138.5
2024-11-07, 01:04:52, 136.45, 58.25, 22.95, 22.02, 9999.0, 9.66, 10.0, 21.75, 9999.0, 23.82, 9999.0, 117.73, 127.75, 120.25, 91.18, 138.5
2024-11-07, 01:04:56, 136.45, 58.25, 22.98, 22.05, 9999.0, 9.66, 10.0, 21.75, 9999.0, 23.82, 9999.0, 117.7, 127.75, 120.25, 91.18, 138.5
2024-11-07, 01:05:00, 136.43, 58.25, 22.98, 22.07, 9999.0, 9.66, 10.0, 21.75, 9999.0, 23.82, 9999.0, 117.68, 127.75, 120.25, 91.16, 138.5
2024-11-07, 01:05:04, 136.45, 58.25, 22.98, 22.09, 9999.0, 9.68, 10.0, 21.75, 9999.0, 23.82, 9999.0, 117.66, 127.75, 120.25, 91.16, 138.5
2024-11-07, 01:05:08, 136.45, 58.25, 22.98, 22.09, 9999.0, 9.7, 10.0, 21.75, 9999.0, 23.8, 9999.0, 117.64, 127.75, 120.25, 91.16, 138.5
2024-11-07, 01:05:12, 136.45, 58.25, 22.98, 22.11, 9999.0, 9.73, 10.0, 21.75, 9999.0, 23.77, 9999.0, 117.64, 127.75, 120.25, 91.14, 138.5
2024-11-07, 01:05:16, 136.43, 58.25, 22.95, 22.14, 9999.0, 9.73, 10.0, 21.75, 9999.0, 23.73, 9999.0, 117.64, 127.75, 120.25, 91.14, 138.5
2024-11-07, 01:05:20, 136.43, 58.25, 22.95, 22.16, 9999.0, 9.75, 10.0, 21.75, 9999.0, 23.7, 9999.0, 117.64, 127.75, 120.23, 91.11, 138.5
2024-11-07, 01:05:24, 136.43, 58.25, 22.98, 22.18, 9999.0, 9.75, 10.0, 21.75, 9999.0, 23.68, 9999.0, 117.64, 127.75, 120.2, 91.14, 138.5
2024-11-07, 01:05:28, 136.41, 58.25, 22.98, 22.2, 9999.0, 9.77, 10.0, 21.73, 9999.0, 23.66, 9999.0, 117.64, 127.75, 120.2, 91.14, 138.5
2024-11-07, 01:05:32, 136.41, 58.25, 22.98, 22.23, 9999.0, 9.77, 10.0, 21.73, 9999.0, 23.66, 9999.0, 117.64, 127.75, 120.2, 91.14, 138.48
2024-11-07, 01:05:36, 136.41, 58.25, 22.98, 22.23, 9999.0, 9.8, 10.0, 21.73, 9999.0, 23.66, 9999.0, 117.66, 127.75, 120.2, 91.14, 138.48
2024-11-07, 01:05:41, 136.41, 58.25, 22.98, 22.2, 9999.0, 9.8, 10.0, 21.73, 9999.0, 23.66, 9999.0, 117.68, 127.75, 120.2, 91.14, 138.48
2024-11-07, 01:05:45, 136.43, 58.25, 22.98, 22.18, 9999.0, 9.8, 10.0, 21.73, 9999.0, 23.68, 9999.0, 117.7, 127.75, 120.2, 91.14, 138.48
2024-11-07, 01:05:49, 136.43, 58.25, 22.98, 22.16, 9999.0, 9.77, 10.0, 21.73, 9999.0, 23.7, 9999.0, 117.73, 127.75, 120.18, 91.14, 138.48
2024-11-07, 01:05:53, 136.43, 58.25, 22.98, 22.14, 9999.0, 9.75, 10.0, 21.73, 9999.0, 23.73, 9999.0, 117.75, 127.75, 120.18, 91.14, 138.48
2024-11-07, 01:05:57, 136.43, 58.25, 22.98, 22.14, 9999.0, 9.7, 10.0, 21.73, 9999.0, 23.75, 9999.0, 117.75, 127.75, 120.16, 91.14, 138.48
2024-11-07, 01:06:01, 136.45, 58.25, 23.0, 22.14, 9999.0, 9.68, 10.0, 21.73, 9999.0, 23.8, 9999.0, 117.75, 127.75, 120.16, 91.14, 138.48
2024-11-07, 01:06:05, 136.45, 58.25, 22.98, 22.11, 9999.0, 9.66, 10.0, 21.73, 9999.0, 23.82, 9999.0, 117.73, 127.75, 120.18, 91.16, 138.48
2024-11-07, 01:06:09, 136.43, 58.25, 22.95, 22.09, 9999.0, 9.64, 10.0, 21.73, 9999.0, 23.84, 9999.0, 117.7, 127.75, 120.18, 91.16, 138.48
2024-11-07, 01:06:13, 136.45, 58.25, 22.95, 22.07, 9999.0, 9.61, 10.0, 21.75, 9999.0, 23.86, 9999.0, 117.68, 127.75, 120.18, 91.16, 138.48
2024-11-07, 01:06:17, 136.43, 58.25, 22.95, 22.07, 9999.0, 9.61, 10.0, 21.75, 9999.0, 23.86, 9999.0, 117.66, 127.75, 120.18, 91.16, 138.5
2024-11-07, 01:06:21, 136.43, 58.25, 22.93, 22.07, 9999.0, 9.61, 10.0, 21.75, 9999.0, 23.86, 9999.0, 117.64, 127.73, 120.18, 91.16, 138.5
2024-11-07, 01:06:25, 136.43, 58.25, 22.93, 22.07, 9999.0, 9.61, 10.0, 21.75, 9999.0, 23.86, 9999.0, 117.61, 127.73, 120.18, 91.18, 138.5
2024-11-07, 01:06:29, 136.43, 58.25, 22.93, 22.09, 9999.0, 9.64, 10.0, 21.75, 9999.0, 23.84, 9999.0, 117.59, 127.73, 120.18, 91.2, 138.5
2024-11-07, 01:06:33, 136.43, 58.25, 22.93, 22.11, 9999.0, 9.68, 10.0, 21.75, 9999.0, 23.82, 9999.0, 117.59, 127.73, 120.2, 91.2, 138.5
2024-11-07, 01:06:37, 136.43, 58.25, 22.93, 22.14, 9999.0, 9.68, 10.0, 21.75, 9999.0, 23.8, 9999.0, 117.59, 127.73, 120.18, 91.2, 138.5
2024-11-07, 01:06:41, 136.43, 58.25, 22.93, 22.11, 9999.0, 9.7, 10.0, 21.75, 9999.0, 23.77, 9999.0, 117.59, 127.73, 120.18, 91.23, 138.5
2024-11-07, 01:06:45, 136.43, 58.25, 22.93, 22.09, 9999.0, 9.73, 10.0, 21.75, 9999.0, 23.75, 9999.0, 117.61, 127.73, 120.18, 91.23, 138.5
2024-11-07, 01:06:49, 136.43, 58.25, 22.95, 22.11, 9999.0, 9.75, 10.02, 21.75, 9999.0, 23.75, 9999.0, 117.66, 127.7, 120.18, 91.23, 138.5
2024-11-07, 01:06:53, 136.43, 58.25, 22.98, 22.14, 9999.0, 9.77, 10.02, 21.75, 9999.0, 23.77, 9999.0, 117.68, 127.7, 120.2, 91.23, 138.5
2024-11-07, 01:06:57, 136.43, 58.25, 22.98, 22.16, 9999.0, 9.8, 10.02, 21.75, 9999.0, 23.8, 9999.0, 117.7, 127.7, 120.2, 91.23, 138.5
2024-11-07, 01:07:01, 136.45, 58.25, 22.98, 22.16, 9999.0, 9.8, 10.02, 21.75, 9999.0, 23.82, 9999.0, 117.73, 127.7, 120.18, 91.23, 138.5
2024-11-07, 01:07:05, 136.45, 58.25, 23.0, 22.18, 9999.0, 9.8, 10.02, 21.75, 9999.0, 23.86, 9999.0, 117.75, 127.73, 120.18, 91.25, 138.5
2024-11-07, 01:07:09, 136.45, 58.25, 23.0, 22.2, 9999.0, 9.8, 10.02, 21.75, 9999.0, 23.89, 9999.0, 117.77, 127.73, 120.18, 91.23, 138.5
2024-11-07, 01:07:13, 136.45, 58.25, 23.0, 22.2, 9999.0, 9.77, 10.02, 21.75, 9999.0, 23.93, 9999.0, 117.77, 127.73, 120.16, 91.23, 138.5
2024-11-07, 01:07:17, 136.45, 58.25, 23.0, 22.18, 9999.0, 9.75, 10.02, 21.75, 9999.0, 23.95, 9999.0, 117.75, 127.73, 120.16, 91.2, 138.5
2024-11-07, 01:07:21, 136.45, 58.25, 23.0, 22.18, 9999.0, 9.75, 10.02, 21.75, 9999.0, 24.0, 9999.0, 117.75, 127.73, 120.18, 91.2, 138.5
2024-11-07, 01:07:25, 136.45, 58.25, 23.0, 22.2, 9999.0, 9.73, 10.02, 21.75, 9999.0, 24.02, 9999.0, 117.75, 127.73, 120.2, 91.2, 138.5
2024-11-07, 01:07:29, 136.45, 58.25, 23.0, 22.2, 9999.0, 9.7, 10.02, 21.75, 9999.0, 24.05, 9999.0, 117.7, 127.73, 120.2, 91.2, 138.5
2024-11-07, 01:07:33, 136.45, 58.25, 23.0, 22.18, 9999.0, 9.68, 10.0, 21.75, 9999.0, 24.07, 9999.0, 117.66, 127.75, 120.18, 91.2, 138.5
2024-11-07, 01:07:37, 136.45, 58.25, 22.98, 22.18, 9999.0, 9.68, 10.0, 21.75, 9999.0, 24.07, 9999.0, 117.64, 127.75, 120.18, 91.2, 138.5
2024-11-07, 01:07:41, 136.45, 58.25, 22.98, 22.18, 9999.0, 9.68, 10.0, 21.75, 9999.0, 24.07, 9999.0, 117.61, 127.73, 120.18, 91.2, 138.5
2024-11-07, 01:07:45, 136.45, 58.25, 22.98, 22.16, 9999.0, 9.68, 10.0, 21.75, 9999.0, 24.07, 9999.0, 117.59, 127.73, 120.2, 91.2, 138.5
2024-11-07, 01:07:49, 136.45, 58.25, 22.98, 22.14, 9999.0, 9.7, 10.02, 21.75, 9999.0, 24.05, 9999.0, 117.57, 127.73, 120.2, 91.18, 138.5
2024-11-07, 01:07:53, 136.45, 58.25, 22.98, 22.11, 9999.0, 9.73, 10.02, 21.75, 9999.0, 24.05, 9999.0, 117.57, 127.73, 120.18, 91.18, 138.5
2024-11-07, 01:07:57, 136.45, 58.25, 22.98, 22.11, 9999.0, 9.75, 10.02, 21.75, 9999.0, 24.02, 9999.0, 117.59, 127.73, 120.18, 91.16, 138.5
2024-11-07, 01:08:01, 136.43, 58.25, 22.98, 22.14, 9999.0, 9.75, 10.02, 21.75, 9999.0, 24.0, 9999.0, 117.61, 127.73, 120.18, 91.18, 138.5
2024-11-07, 01:08:05, 136.41, 58.25, 22.98, 22.14, 9999.0, 9.75, 10.02, 21.75, 9999.0, 23.95, 9999.0, 117.61, 127.73, 120.18, 91.16, 138.5
2024-11-07, 01:08:09, 136.41, 58.25, 22.98, 22.14, 9999.0, 9.77, 10.05, 21.75, 9999.0, 23.95, 9999.0, 117.61, 127.73, 120.18, 91.16, 138.5
2024-11-07, 01:08:13, 136.39, 58.25, 22.95, 22.16, 9999.0, 9.8, 10.05, 21.75, 9999.0, 23.95, 9999.0, 117.64, 127.73, 120.18, 91.16, 138.5
2024-11-07, 01:08:17, 136.39, 58.25, 22.93, 22.18, 9999.0, 9.82, 10.07, 21.75, 9999.0, 23.95, 9999.0, 117.66, 127.73, 120.2, 91.14, 138.5
2024-11-07, 01:08:21, 136.41, 58.25, 22.93, 22.18, 9999.0, 9.82, 10.07, 21.75, 9999.0, 23.95, 9999.0, 117.68, 127.73, 120.2, 91.14, 138.5
2024-11-07, 01:08:25, 136.41, 58.25, 22.93, 22.16, 9999.0, 9.82, 10.07, 21.75, 9999.0, 23.95, 9999.0, 117.7, 127.75, 120.2, 91.14, 138.5
2024-11-07, 01:08:29, 136.41, 58.25, 22.93, 22.16, 9999.0, 9.82, 10.07, 21.75, 9999.0, 23.95, 9999.0, 117.73, 127.75, 120.18, 91.14, 138.5
2024-11-07, 01:08:33, 136.43, 58.25, 22.93, 22.16, 9999.0, 9.8, 10.05, 21.75, 9999.0, 23.95, 9999.0, 117.75, 127.75, 120.18, 91.16, 138.5
2024-11-07, 01:08:37, 136.43, 58.25, 22.93, 22.16, 9999.0, 9.77, 10.05, 21.75, 9999.0, 23.95, 9999.0, 117.75, 127.75, 120.2, 91.18, 138.5
2024-11-07, 01:08:41, 136.43, 58.27, 22.93, 22.14, 9999.0, 9.73, 10.05, 21.75, 9999.0, 23.95, 9999.0, 117.75, 127.75, 120.23, 91.2, 138.5
2024-11-07, 01:08:45, 136.45, 58.27, 22.93, 22.14, 9999.0, 9.7, 10.05, 21.75, 9999.0, 23.98, 9999.0, 117.73, 127.75, 120.23, 91.18, 138.5
2024-11-07, 01:08:49, 136.48, 58.27, 22.91, 22.11, 9999.0, 9.68, 10.05, 21.75, 9999.0, 23.98, 9999.0, 117.73, 127.75, 120.23, 91.2, 138.5
2024-11-07, 01:08:53, 136.48, 58.27, 22.91, 22.09, 9999.0, 9.66, 10.02, 21.75, 9999.0, 23.98, 9999.0, 117.7, 127.75, 120.23, 91.2, 138.5
2024-11-07, 01:08:57, 136.5, 58.27, 22.93, 22.07, 9999.0, 9.66, 10.02, 21.75, 9999.0, 23.98, 9999.0, 117.68, 127.75, 120.23, 91.18, 138.5
2024-11-07, 01:09:01, 136.5, 58.27, 22.95, 22.05, 9999.0, 9.66, 10.0, 21.75, 9999.0, 23.98, 9999.0, 117.66, 127.75, 120.23, 91.2, 138.5
2024-11-07, 01:09:05, 136.48, 58.27, 22.98, 22.02, 9999.0, 9.68, 10.0, 21.75, 9999.0, 23.98, 9999.0, 117.64, 127.75, 120.23, 91.2, 138.5
2024-11-07, 01:09:09, 136.48, 58.27, 22.98, 22.05, 9999.0, 9.68, 10.02, 21.75, 9999.0, 23.98, 9999.0, 117.61, 127.75, 120.2, 91.18, 138.5
2024-11-07, 01:09:13, 136.45, 58.3, 22.95, 22.05, 9999.0, 9.7, 10.02, 21.75, 9999.0, 23.98, 9999.0, 117.61, 127.75, 120.23, 91.18, 138.5
2024-11-07, 01:09:17, 136.45, 58.3, 22.93, 22.07, 9999.0, 9.7, 10.02, 21.75, 9999.0, 23.98, 9999.0, 117.59, 127.75, 120.2, 91.16, 138.5
2024-11-07, 01:09:21, 136.45, 58.3, 22.93, 22.09, 9999.0, 9.7, 10.02, 21.75, 9999.0, 23.98, 9999.0, 117.59, 127.75, 120.2, 91.16, 138.5
2024-11-07, 01:09:26, 136.45, 58.27, 22.91, 22.09, 9999.0, 9.73, 10.02, 21.75, 9999.0, 23.98, 9999.0, 117.59, 127.75, 120.2, 91.16, 138.5
2024-11-07, 01:09:30, 136.45, 58.27, 22.91, 22.07, 9999.0, 9.75, 10.05, 21.75, 9999.0, 23.98, 9999.0, 117.61, 127.75, 120.2, 91.18, 138.5
2024-11-07, 01:09:34, 136.45, 58.3, 22.93, 22.07, 9999.0, 9.77, 10.05, 21.75, 9999.0, 24.02, 9999.0, 117.61, 127.75, 120.18, 91.18, 138.5
2024-11-07, 01:09:38, 136.45, 58.3, 22.93, 22.07, 9999.0, 9.8, 10.05, 21.75, 9999.0, 24.02, 9999.0, 117.64, 127.75, 120.18, 91.18, 138.5
2024-11-07, 01:09:42, 136.43, 58.3, 22.93, 22.07, 9999.0, 9.8, 10.05, 21.75, 9999.0, 24.05, 9999.0, 117.66, 127.75, 120.16, 91.2, 138.5
2024-11-07, 01:09:46, 136.43, 58.3, 22.93, 22.09, 9999.0, 9.8, 10.05, 21.75, 9999.0, 24.07, 9999.0, 117.68, 127.75, 120.14, 91.2, 138.48
2024-11-07, 01:09:50, 136.45, 58.3, 22.93, 22.09, 9999.0, 9.75, 10.05, 21.75, 9999.0, 24.09, 9999.0, 117.7, 127.75, 120.14, 91.2, 138.45
2024-11-07, 01:09:54, 136.43, 58.3, 22.93, 22.09, 9999.0, 9.75, 10.02, 21.75, 9999.0, 24.11, 9999.0, 117.73, 127.75, 120.16, 91.23, 138.45
2024-11-07, 01:09:58, 136.43, 58.27, 22.95, 22.11, 9999.0, 9.7, 10.02, 21.75, 9999.0, 24.11, 9999.0, 117.73, 127.75, 120.16, 91.23, 138.45
2024-11-07, 01:10:02, 136.43, 58.27, 22.95, 22.11, 9999.0, 9.7, 10.02, 21.75, 9999.0, 24.14, 9999.0, 117.73, 127.75, 120.18, 91.23, 138.43
2024-11-07, 01:10:06, 136.43, 58.27, 22.95, 22.11, 9999.0, 9.68, 10.02, 21.75, 9999.0, 24.14, 9999.0, 117.7, 127.75, 120.16, 91.23, 138.43
2024-11-07, 01:10:10, 136.41, 58.27, 22.95, 22.11, 9999.0, 9.66, 10.02, 21.75, 9999.0, 24.14, 9999.0, 117.68, 127.75, 120.16, 91.2, 138.43
2024-11-07, 01:10:14, 136.41, 58.27, 22.95, 22.14, 9999.0, 9.66, 10.0, 21.75, 9999.0, 24.14, 9999.0, 117.66, 127.75, 120.16, 91.18, 138.43
2024-11-07, 01:10:18, 136.39, 58.25, 22.95, 22.14, 9999.0, 9.66, 10.0, 21.75, 9999.0, 24.11, 9999.0, 117.64, 127.75, 120.18, 91.18, 138.41
2024-11-07, 01:10:22, 136.39, 58.25, 22.93, 22.16, 9999.0, 9.66, 10.0, 21.75, 9999.0, 24.11, 9999.0, 117.61, 127.75, 120.16, 91.18, 138.41
2024-11-07, 01:10:26, 136.41, 58.25, 22.93, 22.18, 9999.0, 9.66, 10.0, 21.75, 9999.0, 24.09, 9999.0, 117.59, 127.75, 120.18, 91.16, 138.41
2024-11-07, 01:10:57, 136.41, 58.25, 22.91, 22.16, 9999.0, 9.68, 10.0, 21.75, 9999.0, 24.07, 9999.0, 117.57, 127.75, 120.2, 91.16, 138.43
2024-11-07, 01:11:01, 136.41, 58.25, 22.89, 22.18, 9999.0, 9.7, 10.0, 21.75, 9999.0, 24.05, 9999.0, 117.55, 127.75, 120.18, 91.14, 138.45
2024-11-07, 01:11:05, 136.43, 58.25, 22.86, 22.16, 9999.0, 9.7, 10.0, 21.75, 9999.0, 24.02, 9999.0, 117.55, 127.75, 120.18, 91.14, 138.43
2024-11-07, 01:11:15, 136.45, 58.25, 22.84, 22.14, 9999.0, 9.73, 10.0, 21.75, 9999.0, 24.02, 9999.0, 117.55, 127.75, 120.18, 91.14, 138.43
2024-11-07, 01:11:19, 136.43, 58.25, 22.86, 22.14, 9999.0, 9.73, 10.0, 21.75, 9999.0, 24.0, 9999.0, 117.57, 127.75, 120.18, 91.16, 138.43
2024-11-07, 01:11:23, 136.43, 58.25, 22.86, 22.11, 9999.0, 9.75, 10.0, 21.75, 9999.0, 23.98, 9999.0, 117.59, 127.75, 120.2, 91.16, 138.43
2024-11-07, 01:11:27, 136.45, 58.25, 22.89, 22.14, 9999.0, 9.77, 10.0, 21.75, 9999.0, 23.98, 9999.0, 117.61, 127.75, 120.18, 91.18, 138.43
2024-11-07, 01:11:31, 136.43, 58.25, 22.89, 22.11, 9999.0, 9.77, 10.0, 21.75, 9999.0, 23.98, 9999.0, 117.64, 127.75, 120.18, 91.18, 138.43
2024-11-07, 01:11:35, 136.45, 58.25, 22.89, 22.11, 9999.0, 9.77, 10.0, 21.75, 9999.0, 24.0, 9999.0, 117.66, 127.75, 120.18, 91.18, 138.45
2024-11-07, 01:11:39, 136.45, 58.25, 22.91, 22.09, 9999.0, 9.77, 10.0, 21.75, 9999.0, 24.02, 9999.0, 117.68, 127.75, 120.2, 91.18, 138.45
2024-11-07, 01:11:43, 136.45, 58.25, 22.91, 22.07, 9999.0, 9.75, 10.0, 21.75, 9999.0, 24.05, 9999.0, 117.7, 127.75, 120.18, 91.2, 138.45
2024-11-07, 01:11:47, 136.45, 58.25, 22.93, 22.07, 9999.0, 9.73, 10.0, 21.75, 9999.0, 24.07, 9999.0, 117.7, 127.75, 120.16, 91.2, 138.45
2024-11-07, 01:11:51, 136.45, 58.25, 22.93, 22.05, 9999.0, 9.7, 10.0, 21.75, 9999.0, 24.09, 9999.0, 117.73, 127.75, 120.18, 91.23, 138.43
2024-11-07, 01:11:55, 136.45, 58.25, 22.95, 22.05, 9999.0, 9.68, 10.0, 21.75, 9999.0, 24.11, 9999.0, 117.7, 127.75, 120.16, 91.2, 138.45
2024-11-07, 01:12:00, 136.45, 58.25, 22.98, 22.07, 9999.0, 9.66, 10.0, 21.75, 9999.0, 24.14, 9999.0, 117.68, 127.75, 120.16, 91.2, 138.45
2024-11-07, 01:12:04, 136.48, 58.25, 22.98, 22.07, 9999.0, 9.64, 10.0, 21.75, 9999.0, 24.14, 9999.0, 117.66, 127.75, 120.16, 91.2, 138.48
2024-11-07, 01:12:08, 136.48, 58.25, 22.95, 22.09, 9999.0, 9.64, 10.0, 21.75, 9999.0, 24.18, 9999.0, 117.64, 127.75, 120.16, 91.2, 138.48
2024-11-07, 01:12:12, 136.48, 58.25, 22.95, 22.07, 9999.0, 9.64, 10.0, 21.75, 9999.0, 24.2, 9999.0, 117.61, 127.75, 120.18, 91.18, 138.45
2024-11-07, 01:12:16, 136.5, 58.25, 22.95, 22.09, 9999.0, 9.64, 10.0, 21.75, 9999.0, 24.23, 9999.0, 117.59, 127.75, 120.16, 91.18, 138.43
2024-11-07, 01:12:20, 136.5, 58.25, 22.95, 22.11, 9999.0, 9.66, 10.0, 21.75, 9999.0, 24.2, 9999.0, 117.57, 127.75, 120.14, 91.16, 138.43
2024-11-07, 01:12:24, 136.5, 58.25, 22.93, 22.11, 9999.0, 9.68, 10.0, 21.75, 9999.0, 24.18, 9999.0, 117.57, 127.75, 120.14, 91.16, 138.43
2024-11-07, 01:12:28, 136.5, 58.25, 22.93, 22.14, 9999.0, 9.7, 10.0, 21.75, 9999.0, 24.18, 9999.0, 117.55, 127.75, 120.16, 91.14, 138.43
2024-11-07, 01:12:32, 136.5, 58.25, 22.93, 22.16, 9999.0, 9.73, 10.0, 21.75, 9999.0, 24.18, 9999.0, 117.55, 127.75, 120.18, 91.14, 138.43
2024-11-07, 01:12:36, 136.5, 58.25, 22.95, 22.16, 9999.0, 9.75, 10.0, 21.75, 9999.0, 24.18, 9999.0, 117.55, 127.75, 120.16, 91.14, 138.45
2024-11-07, 01:12:40, 136.5, 58.25, 22.95, 22.16, 9999.0, 9.77, 10.0, 21.75, 9999.0, 24.16, 9999.0, 117.57, 127.75, 120.16, 91.16, 138.43
2024-11-07, 01:12:44, 136.5, 58.25, 22.93, 22.14, 9999.0, 9.8, 10.0, 21.75, 9999.0, 24.16, 9999.0, 117.59, 127.75, 120.14, 91.16, 138.43
2024-11-07, 01:12:48, 136.48, 58.25, 22.91, 22.11, 9999.0, 9.82, 10.0, 21.75, 9999.0, 24.18, 9999.0, 117.61, 127.75, 120.14, 91.16, 138.41
2024-11-07, 01:12:52, 136.48, 58.25, 22.91, 22.09, 9999.0, 9.82, 10.0, 21.75, 9999.0, 24.18, 9999.0, 117.64, 127.75, 120.14, 91.16, 138.41
2024-11-07, 01:12:56, 136.48, 58.25, 22.89, 22.09, 9999.0, 9.82, 10.0, 21.75, 9999.0, 24.18, 9999.0, 117.66, 127.75, 120.11, 91.18, 138.41
2024-11-07, 01:13:00, 136.48, 58.25, 22.89, 22.07, 9999.0, 9.82, 10.0, 21.75, 9999.0, 24.2, 9999.0, 117.68, 127.75, 120.11, 91.2, 138.43
2024-11-07, 01:13:04, 136.48, 58.25, 22.86, 22.05, 9999.0, 9.77, 10.0, 21.75, 9999.0, 24.23, 9999.0, 117.7, 127.75, 120.14, 91.23, 138.43
2024-11-07, 01:13:08, 136.45, 58.25, 22.86, 22.05, 9999.0, 9.73, 10.0, 21.75, 9999.0, 24.25, 9999.0, 117.68, 127.75, 120.11, 91.23, 138.43
2024-11-07, 01:13:12, 136.45, 58.25, 22.86, 22.05, 9999.0, 9.7, 10.0, 21.75, 9999.0, 24.25, 9999.0, 117.68, 127.75, 120.11, 91.25, 138.43
2024-11-07, 01:13:16, 136.43, 58.25, 22.86, 22.05, 9999.0, 9.66, 10.0, 21.75, 9999.0, 24.25, 9999.0, 117.68, 127.75, 120.11, 91.25, 138.41
2024-11-07, 01:13:20, 136.43, 58.25, 22.84, 22.05, 9999.0, 9.64, 10.0, 21.75, 9999.0, 24.25, 9999.0, 117.66, 127.75, 120.14, 91.25, 138.39
2024-11-07, 01:13:24, 136.43, 58.25, 22.84, 22.05, 9999.0, 9.61, 10.0, 21.75, 9999.0, 24.25, 9999.0, 117.64, 127.75, 120.14, 91.25, 138.41
2024-11-07, 01:13:28, 136.43, 58.25, 22.84, 22.05, 9999.0, 9.61, 10.0, 21.75, 9999.0, 24.23, 9999.0, 117.61, 127.75, 120.14, 91.25, 138.39
2024-11-07, 01:13:32, 136.45, 58.25, 22.84, 22.05, 9999.0, 9.61, 10.0, 21.75, 9999.0, 24.2, 9999.0, 117.59, 127.75, 120.14, 91.25, 138.39
2024-11-07, 01:13:36, 136.43, 58.25, 22.84, 22.05, 9999.0, 9.61, 10.0, 21.75, 9999.0, 24.18, 9999.0, 117.57, 127.75, 120.14, 91.25, 138.36
2024-11-07, 01:13:40, 136.43, 58.25, 22.86, 22.05, 9999.0, 9.64, 10.0, 21.75, 9999.0, 24.16, 9999.0, 117.55, 127.75, 120.14, 91.25, 138.36
2024-11-07, 01:13:44, 136.43, 58.25, 22.84, 22.05, 9999.0, 9.66, 10.0, 21.75, 9999.0, 24.11, 9999.0, 117.52, 127.73, 120.16, 91.25, 138.34
2024-11-07, 01:13:48, 136.43, 58.25, 22.84, 22.05, 9999.0, 9.68, 10.0, 21.75, 9999.0, 24.09, 9999.0, 117.52, 127.73, 120.16, 91.25, 138.32
2024-11-07, 01:13:52, 136.45, 58.27, 22.84, 22.05, 9999.0, 9.7, 10.0, 21.75, 9999.0, 24.07, 9999.0, 117.55, 127.73, 120.16, 91.25, 138.3
2024-11-07, 01:13:56, 136.45, 58.27, 22.84, 22.02, 9999.0, 9.73, 10.0, 21.73, 9999.0, 24.05, 9999.0, 117.57, 127.73, 120.16, 91.25, 138.27
2024-11-07, 01:14:00, 136.48, 58.27, 22.82, 22.0, 9999.0, 9.75, 10.0, 21.73, 9999.0, 24.02, 9999.0, 117.59, 127.73, 120.16, 91.25, 138.27
2024-11-07, 01:14:04, 136.48, 58.27, 22.84, 22.0, 9999.0, 9.77, 10.0, 21.73, 9999.0, 24.0, 9999.0, 117.61, 127.73, 120.16, 91.23, 138.27
2024-11-07, 01:14:08, 136.48, 58.27, 22.84, 22.0, 9999.0, 9.8, 10.0, 21.73, 9999.0, 24.0, 9999.0, 117.64, 127.73, 120.16, 91.23, 138.25
2024-11-07, 01:14:12, 136.48, 58.27, 22.86, 22.0, 9999.0, 9.8, 10.0, 21.73, 9999.0, 24.02, 9999.0, 117.66, 127.73, 120.16, 91.23, 138.25
2024-11-07, 01:14:16, 136.48, 58.27, 22.86, 22.0, 9999.0, 9.8, 10.0, 21.73, 9999.0, 24.05, 9999.0, 117.66, 127.73, 120.16, 91.23, 138.25
2024-11-07, 01:14:20, 136.5, 58.27, 22.89, 22.0, 9999.0, 9.8, 10.0, 21.73, 9999.0, 24.07, 9999.0, 117.68, 127.73, 120.14, 91.23, 138.27
2024-11-07, 01:14:24, 136.5, 58.27, 22.86, 22.0, 9999.0, 9.75, 10.0, 21.73, 9999.0, 24.09, 9999.0, 117.68, 127.73, 120.16, 91.23, 138.27
2024-11-07, 01:14:28, 136.5, 58.27, 22.89, 22.0, 9999.0, 9.73, 10.0, 21.73, 9999.0, 24.09, 9999.0, 117.68, 127.75, 120.16, 91.23, 138.3
2024-11-07, 01:14:32, 136.5, 58.3, 22.91, 22.0, 9999.0, 9.7, 10.0, 21.73, 9999.0, 24.11, 9999.0, 117.66, 127.75, 120.14, 91.23, 138.32
2024-11-07, 01:14:36, 136.48, 58.27, 22.93, 22.0, 9999.0, 9.68, 10.0, 21.73, 9999.0, 24.14, 9999.0, 117.64, 127.75, 120.16, 91.23, 138.32
2024-11-07, 01:14:40, 136.48, 58.27, 22.93, 22.0, 9999.0, 9.66, 10.0, 21.75, 9999.0, 24.14, 9999.0, 117.61, 127.75, 120.16, 91.23, 138.32
2024-11-07, 01:14:44, 136.48, 58.27, 22.95, 22.0, 9999.0, 9.66, 10.0, 21.75, 9999.0, 24.14, 9999.0, 117.59, 127.75, 120.14, 91.2, 138.34
2024-11-07, 01:14:48, 136.45, 58.27, 22.93, 22.0, 9999.0, 9.66, 10.0, 21.75, 9999.0, 24.16, 9999.0, 117.57, 127.75, 120.14, 91.23, 138.34
2024-11-07, 01:14:52, 136.45, 58.27, 22.93, 22.0, 9999.0, 9.66, 10.0, 21.75, 9999.0, 24.16, 9999.0, 117.55, 127.75, 120.16, 91.2, 138.34
2024-11-07, 01:14:56, 136.43, 58.27, 22.91, 22.0, 9999.0, 9.66, 10.0, 21.75, 9999.0, 24.14, 9999.0, 117.52, 127.75, 120.18, 91.18, 138.34
2024-11-07, 01:15:00, 136.43, 58.27, 22.91, 22.0, 9999.0, 9.68, 10.0, 21.75, 9999.0, 24.11, 9999.0, 117.52, 127.75, 120.18, 91.18, 138.34
2024-11-07, 01:15:04, 136.43, 58.27, 22.91, 22.0, 9999.0, 9.68, 10.0, 21.75, 9999.0, 24.09, 9999.0, 117.52, 127.73, 120.18, 91.18, 138.32
2024-11-07, 01:15:08, 136.41, 58.27, 22.93, 22.0, 9999.0, 9.7, 10.0, 21.75, 9999.0, 24.07, 9999.0, 117.52, 127.73, 120.16, 91.18, 138.32
2024-11-07, 01:15:12, 136.41, 58.27, 22.91, 22.02, 9999.0, 9.7, 10.0, 21.75, 9999.0, 24.07, 9999.0, 117.55, 127.73, 120.16, 91.18, 138.3
2024-11-07, 01:15:16, 136.39, 58.25, 22.91, 22.05, 9999.0, 9.73, 10.0, 21.75, 9999.0, 24.05, 9999.0, 117.57, 127.73, 120.16, 91.18, 138.27
2024-11-07, 01:15:20, 136.41, 58.25, 22.89, 22.07, 9999.0, 9.75, 10.0, 21.75, 9999.0, 24.0, 9999.0, 117.59, 127.73, 120.16, 91.16, 138.27
2024-11-07, 01:15:24, 136.41, 58.25, 22.86, 22.07, 9999.0, 9.77, 10.0, 21.75, 9999.0, 24.0, 9999.0, 117.61, 127.73, 120.14, 91.14, 138.27
2024-11-07, 01:15:28, 136.41, 58.25, 22.84, 22.07, 9999.0, 9.77, 10.0, 21.75, 9999.0, 24.0, 9999.0, 117.64, 127.73, 120.14, 91.16, 138.25
2024-11-07, 01:15:32, 136.41, 58.25, 22.86, 22.07, 9999.0, 9.77, 10.0, 21.75, 9999.0, 23.98, 9999.0, 117.66, 127.73, 120.11, 91.16, 138.25
2024-11-07, 01:15:36, 136.39, 58.25, 22.86, 22.07, 9999.0, 9.77, 10.0, 21.75, 9999.0, 24.0, 9999.0, 117.68, 127.73, 120.11, 91.16, 138.25
2024-11-07, 01:15:41, 136.41, 58.25, 22.89, 22.07, 9999.0, 9.77, 10.0, 21.75, 9999.0, 24.0, 9999.0, 117.7, 127.73, 120.09, 91.18, 138.25
2024-11-07, 01:15:45, 136.41, 58.25, 22.89, 22.07, 9999.0, 9.73, 10.0, 21.75, 9999.0, 24.0, 9999.0, 117.7, 127.73, 120.09, 91.18, 138.27
2024-11-07, 01:15:49, 136.41, 58.25, 22.89, 22.07, 9999.0, 9.7, 10.0, 21.75, 9999.0, 24.0, 9999.0, 117.68, 127.75, 120.09, 91.18, 138.27
2024-11-07, 01:15:53, 136.41, 58.25, 22.86, 22.07, 9999.0, 9.68, 10.0, 21.75, 9999.0, 24.0, 9999.0, 117.68, 127.75, 120.09, 91.18, 138.27
2024-11-07, 01:15:57, 136.41, 58.25, 22.86, 22.05, 9999.0, 9.66, 10.0, 21.75, 9999.0, 24.0, 9999.0, 117.66, 127.75, 120.07, 91.18, 138.27
2024-11-07, 01:16:01, 136.41, 58.25, 22.86, 22.02, 9999.0, 9.64, 10.0, 21.75, 9999.0, 24.0, 9999.0, 117.64, 127.75, 120.09, 91.16, 138.27
2024-11-07, 01:16:05, 136.41, 58.25, 22.89, 22.0, 9999.0, 9.64, 10.0, 21.75, 9999.0, 24.02, 9999.0, 117.61, 127.75, 120.09, 91.16, 138.27
2024-11-07, 01:16:09, 136.41, 58.25, 22.91, 22.0, 9999.0, 9.64, 10.0, 21.75, 9999.0, 24.02, 9999.0, 117.59, 127.75, 120.09, 91.16, 138.27
2024-11-07, 01:16:13, 136.39, 58.25, 22.93, 22.0, 9999.0, 9.64, 10.0, 21.75, 9999.0, 24.02, 9999.0, 117.57, 127.75, 120.09, 91.16, 138.27
2024-11-07, 01:16:17, 136.41, 58.25, 22.91, 22.0, 9999.0, 9.64, 10.0, 21.75, 9999.0, 24.0, 9999.0, 117.55, 127.75, 120.11, 91.14, 138.27
2024-11-07, 01:16:21, 136.43, 58.25, 22.89, 22.0, 9999.0, 9.66, 10.0, 21.75, 9999.0, 23.95, 9999.0, 117.52, 127.75, 120.09, 91.14, 138.27
2024-11-07, 01:16:25, 136.43, 58.25, 22.86, 22.0, 9999.0, 9.68, 10.0, 21.75, 9999.0, 23.95, 9999.0, 117.5, 127.75, 120.11, 91.11, 138.27
2024-11-07, 01:16:29, 136.41, 58.25, 22.89, 22.0, 9999.0, 9.7, 10.0, 21.75, 9999.0, 23.95, 9999.0, 117.5, 127.75, 120.09, 91.09, 138.25
2024-11-07, 01:16:33, 136.39, 58.25, 22.86, 22.0, 9999.0, 9.73, 10.0, 21.75, 9999.0, 23.95, 9999.0, 117.52, 127.75, 120.09, 91.07, 138.25
2024-11-07, 01:16:37, 136.39, 58.25, 22.86, 22.0, 9999.0, 9.75, 10.0, 21.75, 9999.0, 23.95, 9999.0, 117.55, 127.75, 120.09, 91.07, 138.25
2024-11-07, 01:16:41, 136.39, 58.25, 22.86, 22.0, 9999.0, 9.77, 10.0, 21.75, 9999.0, 23.93, 9999.0, 117.55, 127.75, 120.09, 91.05, 138.25
2024-11-07, 01:16:45, 136.41, 58.25, 22.84, 22.02, 9999.0, 9.8, 10.0, 21.75, 9999.0, 23.93, 9999.0, 117.57, 127.75, 120.07, 91.05, 138.25
2024-11-07, 01:16:49, 136.39, 58.25, 22.84, 22.02, 9999.0, 9.8, 10.0, 21.75, 9999.0, 23.93, 9999.0, 117.59, 127.75, 120.05, 91.05, 138.25
2024-11-07, 01:16:53, 136.39, 58.25, 22.82, 22.02, 9999.0, 9.77, 10.0, 21.75, 9999.0, 23.95, 9999.0, 117.61, 127.75, 120.07, 91.05, 138.25
2024-11-07, 01:16:57, 136.41, 58.25, 22.82, 22.02, 9999.0, 9.75, 10.0, 21.75, 9999.0, 23.98, 9999.0, 117.64, 127.75, 120.09, 91.02, 138.25
2024-11-07, 01:17:01, 136.41, 58.25, 22.84, 22.02, 9999.0, 9.75, 10.0, 21.75, 9999.0, 24.02, 9999.0, 117.64, 127.75, 120.07, 91.02, 138.25
2024-11-07, 01:17:05, 136.41, 58.25, 22.84, 22.02, 9999.0, 9.7, 10.0, 21.75, 9999.0, 24.05, 9999.0, 117.64, 127.75, 120.09, 91.02, 138.25
2024-11-07, 01:17:09, 136.41, 58.25, 22.86, 22.02, 9999.0, 9.66, 10.0, 21.75, 9999.0, 24.05, 9999.0, 117.64, 127.75, 120.07, 91.02, 138.25
2024-11-07, 01:17:13, 136.43, 58.25, 22.84, 22.02, 9999.0, 9.64, 10.0, 21.75, 9999.0, 24.05, 9999.0, 117.64, 127.75, 120.07, 91.02, 138.25
2024-11-07, 01:17:17, 136.43, 58.25, 22.86, 22.02, 9999.0, 9.61, 10.0, 21.75, 9999.0, 24.05, 9999.0, 117.61, 127.75, 120.09, 91.02, 138.25
2024-11-07, 01:17:21, 136.45, 58.25, 22.89, 22.02, 9999.0, 9.59, 10.0, 21.75, 9999.0, 24.05, 9999.0, 117.59, 127.75, 120.09, 91.02, 138.25
2024-11-07, 01:17:25, 136.45, 58.25, 22.89, 22.02, 9999.0, 9.59, 10.0, 21.75, 9999.0, 24.05, 9999.0, 117.59, 127.75, 120.09, 91.02, 138.25
2024-11-07, 01:17:29, 136.45, 58.25, 22.89, 22.0, 9999.0, 9.59, 10.0, 21.75, 9999.0, 24.02, 9999.0, 117.57, 127.75, 120.09, 91.05, 138.25
2024-11-07, 01:17:33, 136.45, 58.25, 22.86, 22.0, 9999.0, 9.59, 10.0, 21.75, 9999.0, 24.0, 9999.0, 117.55, 127.73, 120.09, 91.05, 138.25
2024-11-07, 01:17:37, 136.43, 58.25, 22.89, 22.0, 9999.0, 9.64, 10.0, 21.75, 9999.0, 23.95, 9999.0, 117.52, 127.73, 120.07, 91.05, 138.25
2024-11-07, 01:17:41, 136.43, 58.25, 22.86, 22.0, 9999.0, 9.68, 10.0, 21.75, 9999.0, 23.91, 9999.0, 117.5, 127.73, 120.05, 91.05, 138.27
2024-11-07, 01:17:45, 136.43, 58.25, 22.86, 22.0, 9999.0, 9.68, 10.0, 21.75, 9999.0, 23.86, 9999.0, 117.52, 127.73, 120.05, 91.07, 138.27
2024-11-07, 01:17:49, 136.41, 58.25, 22.86, 22.0, 9999.0, 9.7, 10.0, 21.75, 9999.0, 23.84, 9999.0, 117.52, 127.7, 120.02, 91.07, 138.27
2024-11-07, 01:17:53, 136.39, 58.25, 22.86, 22.0, 9999.0, 9.73, 10.0, 21.75, 9999.0, 23.82, 9999.0, 117.55, 127.7, 120.05, 91.09, 138.27
2024-11-07, 01:17:57, 136.36, 58.25, 22.86, 22.0, 9999.0, 9.75, 10.0, 21.75, 9999.0, 23.8, 9999.0, 117.57, 127.7, 120.07, 91.09, 138.27
2024-11-07, 01:18:01, 136.36, 58.25, 22.84, 22.0, 9999.0, 9.77, 10.0, 21.75, 9999.0, 23.77, 9999.0, 117.59, 127.7, 120.05, 91.11, 138.27
2024-11-07, 01:18:05, 136.36, 58.25, 22.82, 22.02, 9999.0, 9.8, 10.0, 21.75, 9999.0, 23.77, 9999.0, 117.61, 127.7, 120.05, 91.09, 138.27
2024-11-07, 01:18:09, 136.34, 58.25, 22.82, 22.05, 9999.0, 9.8, 10.0, 21.75, 9999.0, 23.8, 9999.0, 117.64, 127.7, 120.05, 91.11, 138.3
2024-11-07, 01:18:13, 136.32, 58.25, 22.82, 22.05, 9999.0, 9.8, 10.0, 21.75, 9999.0, 23.82, 9999.0, 117.66, 127.7, 120.05, 91.11, 138.3
2024-11-07, 01:18:17, 136.34, 58.25, 22.82, 22.05, 9999.0, 9.8, 10.0, 21.75, 9999.0, 23.86, 9999.0, 117.68, 127.73, 120.05, 91.11, 138.32
2024-11-07, 01:18:21, 136.34, 58.25, 22.8, 22.05, 9999.0, 9.75, 10.0, 21.75, 9999.0, 23.89, 9999.0, 117.68, 127.73, 120.07, 91.11, 138.34
2024-11-07, 01:18:25, 136.32, 58.25, 22.8, 22.07, 9999.0, 9.7, 10.0, 21.75, 9999.0, 23.91, 9999.0, 117.7, 127.73, 120.09, 91.11, 138.32
2024-11-07, 01:18:29, 136.3, 58.25, 22.77, 22.07, 9999.0, 9.68, 10.0, 21.75, 9999.0, 23.93, 9999.0, 117.68, 127.73, 120.09, 91.09, 138.32
2024-11-07, 01:18:33, 136.32, 58.25, 22.8, 22.07, 9999.0, 9.66, 10.0, 21.75, 9999.0, 23.98, 9999.0, 117.68, 127.75, 120.09, 91.11, 138.32
2024-11-07, 01:18:37, 136.34, 58.25, 22.8, 22.07, 9999.0, 9.64, 10.0, 21.75, 9999.0, 24.0, 9999.0, 117.66, 127.75, 120.07, 91.09, 138.32
2024-11-07, 01:18:41, 136.34, 58.25, 22.82, 22.07, 9999.0, 9.61, 10.0, 21.75, 9999.0, 24.02, 9999.0, 117.64, 127.75, 120.07, 91.09, 138.32
2024-11-07, 01:18:45, 136.34, 58.25, 22.84, 22.07, 9999.0, 9.61, 10.0, 21.75, 9999.0, 24.02, 9999.0, 117.61, 127.75, 120.09, 91.07, 138.32
2024-11-07, 01:18:49, 136.32, 58.25, 22.86, 22.05, 9999.0, 9.61, 10.0, 21.75, 9999.0, 24.0, 9999.0, 117.59, 127.75, 120.11, 91.07, 138.34
2024-11-07, 01:18:53, 136.32, 58.25, 22.89, 22.02, 9999.0, 9.61, 10.0, 21.75, 9999.0, 23.98, 9999.0, 117.57, 127.75, 120.11, 91.05, 138.32
2024-11-07, 01:18:57, 136.32, 58.25, 22.89, 22.02, 9999.0, 9.64, 10.0, 21.75, 9999.0, 23.95, 9999.0, 117.55, 127.75, 120.14, 91.02, 138.34
2024-11-07, 01:19:01, 136.3, 58.25, 22.91, 22.02, 9999.0, 9.66, 10.0, 21.75, 9999.0, 23.91, 9999.0, 117.52, 127.73, 120.16, 91.02, 138.32
2024-11-07, 01:19:05, 136.3, 58.25, 22.93, 22.02, 9999.0, 9.68, 10.0, 21.75, 9999.0, 23.89, 9999.0, 117.52, 127.7, 120.16, 91.02, 138.3
2024-11-07, 01:19:09, 136.3, 58.25, 22.95, 22.0, 9999.0, 9.7, 10.0, 21.75, 9999.0, 23.86, 9999.0, 117.5, 127.7, 120.14, 91.02, 138.3
2024-11-07, 01:19:13, 136.3, 58.25, 22.98, 22.0, 9999.0, 9.73, 10.0, 21.75, 9999.0, 23.84, 9999.0, 117.52, 127.7, 120.14, 91.05, 138.3
2024-11-07, 01:19:17, 136.3, 58.25, 22.98, 22.0, 9999.0, 9.75, 10.0, 21.75, 9999.0, 23.8, 9999.0, 117.55, 127.7, 120.14, 91.02, 138.32
2024-11-07, 01:19:21, 136.3, 58.25, 22.98, 22.0, 9999.0, 9.77, 10.0, 21.75, 9999.0, 23.77, 9999.0, 117.57, 127.7, 120.16, 91.05, 138.34
2024-11-07, 01:19:25, 136.3, 58.25, 22.98, 22.0, 9999.0, 9.8, 10.0, 21.75, 9999.0, 23.75, 9999.0, 117.59, 127.7, 120.16, 91.07, 138.34
2024-11-07, 01:19:30, 136.3, 58.25, 22.98, 22.0, 9999.0, 9.8, 10.0, 21.75, 9999.0, 23.75, 9999.0, 117.61, 127.7, 120.16, 91.09, 138.34
2024-11-07, 01:19:34, 136.32, 58.25, 22.98, 22.0, 9999.0, 9.77, 10.0, 21.75, 9999.0, 23.77, 9999.0, 117.64, 127.7, 120.16, 91.09, 138.32
2024-11-07, 01:19:38, 136.34, 58.25, 22.95, 22.0, 9999.0, 9.75, 10.0, 21.75, 9999.0, 23.8, 9999.0, 117.66, 127.7, 120.18, 91.09, 138.34
2024-11-07, 01:19:42, 136.36, 58.25, 22.95, 22.0, 9999.0, 9.73, 10.0, 21.75, 9999.0, 23.82, 9999.0, 117.68, 127.7, 120.16, 91.09, 138.34
2024-11-07, 01:19:46, 136.39, 58.25, 22.93, 22.02, 9999.0, 9.68, 10.0, 21.75, 9999.0, 23.84, 9999.0, 117.7, 127.73, 120.16, 91.11, 138.34
2024-11-07, 01:19:50, 136.41, 58.25, 22.91, 22.05, 9999.0, 9.66, 10.0, 21.75, 9999.0, 23.86, 9999.0, 117.7, 127.75, 120.14, 91.14, 138.36
2024-11-07, 01:19:54, 136.43, 58.25, 22.91, 22.05, 9999.0, 9.64, 10.0, 21.75, 9999.0, 23.89, 9999.0, 117.7, 127.75, 120.14, 91.14, 138.39
2024-11-07, 01:19:58, 136.45, 58.25, 22.91, 22.05, 9999.0, 9.61, 10.0, 21.75, 9999.0, 23.91, 9999.0, 117.68, 127.75, 120.14, 91.11, 138.41
2024-11-07, 01:20:02, 136.45, 58.25, 22.91, 22.05, 9999.0, 9.59, 10.0, 21.75, 9999.0, 23.93, 9999.0, 117.66, 127.75, 120.14, 91.14, 138.41
2024-11-07, 01:20:06, 136.45, 58.25, 22.91, 22.05, 9999.0, 9.59, 10.0, 21.75, 9999.0, 23.95, 9999.0, 117.64, 127.75, 120.11, 91.14, 138.39
2024-11-07, 01:20:10, 136.48, 58.25, 22.91, 22.05, 9999.0, 9.59, 10.0, 21.75, 9999.0, 23.98, 9999.0, 117.61, 127.75, 120.11, 91.14, 138.39
2024-11-07, 01:20:14, 136.5, 58.25, 22.91, 22.05, 9999.0, 9.59, 9.98, 21.75, 9999.0, 24.0, 9999.0, 117.59, 127.75, 120.09, 91.11, 138.41
2024-11-07, 01:20:18, 136.48, 58.25, 22.89, 22.05, 9999.0, 9.64, 9.98, 21.75, 9999.0, 24.0, 9999.0, 117.57, 127.75, 120.07, 91.11, 138.43
2024-11-07, 01:20:22, 136.45, 58.25, 22.91, 22.05, 9999.0, 9.66, 9.98, 21.75, 9999.0, 24.0, 9999.0, 117.57, 127.75, 120.05, 91.11, 138.43
2024-11-07, 01:20:26, 136.45, 58.25, 22.93, 22.05, 9999.0, 9.66, 9.98, 21.75, 9999.0, 24.0, 9999.0, 117.57, 127.75, 120.05, 91.11, 138.43
2024-11-07, 01:20:30, 136.43, 58.25, 22.95, 22.02, 9999.0, 9.68, 9.98, 21.75, 9999.0, 23.98, 9999.0, 117.57, 127.75, 120.02, 91.11, 138.45
2024-11-07, 01:20:34, 136.41, 58.25, 22.98, 22.0, 9999.0, 9.7, 9.98, 21.75, 9999.0, 23.95, 9999.0, 117.59, 127.75, 120.05, 91.09, 138.45
2024-11-07, 01:20:38, 136.39, 58.25, 22.98, 22.0, 9999.0, 9.73, 9.98, 21.75, 9999.0, 23.93, 9999.0, 117.61, 127.75, 120.07, 91.09, 138.45
2024-11-07, 01:20:42, 136.36, 58.25, 22.98, 22.0, 9999.0, 9.75, 9.98, 21.75, 9999.0, 23.93, 9999.0, 117.64, 127.75, 120.07, 91.09, 138.43
2024-11-07, 01:20:46, 136.36, 58.25, 22.98, 22.0, 9999.0, 9.77, 9.98, 21.75, 9999.0, 23.93, 9999.0, 117.66, 127.75, 120.09, 91.07, 138.41
2024-11-07, 01:20:50, 136.36, 58.25, 22.98, 22.0, 9999.0, 9.77, 9.98, 21.75, 9999.0, 23.93, 9999.0, 117.68, 127.75, 120.11, 91.05, 138.43
2024-11-07, 01:20:54, 136.34, 58.25, 22.98, 22.0, 9999.0, 9.77, 9.98, 21.75, 9999.0, 23.95, 9999.0, 117.7, 127.75, 120.11, 91.05, 138.43
2024-11-07, 01:20:58, 136.34, 58.25, 22.98, 22.0, 9999.0, 9.77, 10.0, 21.75, 9999.0, 23.98, 9999.0, 117.73, 127.75, 120.14, 91.07, 138.43
2024-11-07, 01:21:02, 136.34, 58.25, 23.0, 22.0, 9999.0, 9.73, 10.0, 21.75, 9999.0, 24.0, 9999.0, 117.73, 127.75, 120.14, 91.07, 138.41
2024-11-07, 01:21:06, 136.34, 58.25, 23.0, 22.0, 9999.0, 9.73, 10.0, 21.75, 9999.0, 24.0, 9999.0, 117.7, 127.75, 120.16, 91.07, 138.41
2024-11-07, 01:21:10, 136.34, 58.25, 22.98, 22.0, 9999.0, 9.7, 10.0, 21.75, 9999.0, 24.0, 9999.0, 117.68, 127.75, 120.18, 91.07, 138.41
2024-11-07, 01:21:14, 136.34, 58.25, 22.98, 22.0, 9999.0, 9.68, 10.0, 21.75, 9999.0, 24.02, 9999.0, 117.66, 127.75, 120.18, 91.05, 138.41
2024-11-07, 01:21:18, 136.34, 58.25, 22.95, 22.0, 9999.0, 9.66, 10.0, 21.75, 9999.0, 24.05, 9999.0, 117.64, 127.75, 120.16, 91.05, 138.39
2024-11-07, 01:21:22, 136.34, 58.25, 22.95, 22.0, 9999.0, 9.64, 10.0, 21.75, 9999.0, 24.05, 9999.0, 117.61, 127.75, 120.16, 91.05, 138.39
2024-11-07, 01:21:26, 136.34, 58.25, 22.95, 22.0, 9999.0, 9.64, 10.0, 21.75, 9999.0, 24.05, 9999.0, 117.59, 127.75, 120.16, 91.05, 138.39
2024-11-07, 01:21:30, 136.32, 58.25, 22.93, 22.0, 9999.0, 9.64, 10.0, 21.75, 9999.0, 24.05, 9999.0, 117.57, 127.75, 120.16, 91.05, 138.39
2024-11-07, 01:21:34, 136.32, 58.25, 22.93, 22.0, 9999.0, 9.64, 10.0, 21.75, 9999.0, 24.02, 9999.0, 117.55, 127.75, 120.16, 91.05, 138.36
2024-11-07, 01:21:38, 136.32, 58.25, 22.91, 22.0, 9999.0, 9.64, 10.0, 21.75, 9999.0, 23.98, 9999.0, 117.52, 127.75, 120.16, 91.02, 138.39
2024-11-07, 01:21:42, 136.3, 58.25, 22.91, 22.0, 9999.0, 9.66, 10.0, 21.75, 9999.0, 23.93, 9999.0, 117.5, 127.75, 120.16, 91.0, 138.39
2024-11-07, 01:21:46, 136.3, 58.25, 22.89, 22.0, 9999.0, 9.68, 10.0, 21.75, 9999.0, 23.91, 9999.0, 117.5, 127.75, 120.16, 91.02, 138.39
2024-11-07, 01:21:50, 136.3, 58.25, 22.89, 22.0, 9999.0, 9.68, 10.0, 21.75, 9999.0, 23.91, 9999.0, 117.52, 127.75, 120.16, 91.05, 138.39
2024-11-07, 01:21:54, 136.3, 58.25, 22.91, 22.0, 9999.0, 9.7, 10.0, 21.75, 9999.0, 23.91, 9999.0, 117.55, 127.75, 120.16, 91.07, 138.36
2024-11-07, 01:21:58, 136.32, 58.25, 22.91, 22.0, 9999.0, 9.73, 10.0, 21.75, 9999.0, 23.91, 9999.0, 117.57, 127.75, 120.18, 91.09, 138.36
2024-11-07, 01:22:02, 136.32, 58.25, 22.91, 22.0, 9999.0, 9.75, 10.0, 21.73, 9999.0, 23.91, 9999.0, 117.59, 127.75, 120.2, 91.11, 138.39
2024-11-07, 01:22:06, 136.34, 58.25, 22.89, 22.0, 9999.0, 9.77, 10.0, 21.73, 9999.0, 23.93, 9999.0, 117.61, 127.75, 120.2, 91.14, 138.39
2024-11-07, 01:22:10, 136.36, 58.25, 22.86, 22.0, 9999.0, 9.77, 10.0, 21.73, 9999.0, 23.93, 9999.0, 117.64, 127.75, 120.2, 91.16, 138.41
2024-11-07, 01:22:14, 136.39, 58.25, 22.89, 22.0, 9999.0, 9.77, 10.0, 21.73, 9999.0, 23.95, 9999.0, 117.66, 127.75, 120.2, 91.18, 138.43
2024-11-07, 01:22:18, 136.39, 58.25, 22.86, 22.0, 9999.0, 9.75, 10.0, 21.73, 9999.0, 24.0, 9999.0, 117.66, 127.75, 120.2, 91.2, 138.45
2024-11-07, 01:22:22, 136.41, 58.25, 22.86, 22.0, 9999.0, 9.75, 10.0, 21.73, 9999.0, 24.05, 9999.0, 117.66, 127.75, 120.2, 91.23, 138.45
2024-11-07, 01:22:26, 136.43, 58.25, 22.84, 22.0, 9999.0, 9.7, 10.0, 21.73, 9999.0, 24.07, 9999.0, 117.68, 127.75, 120.2, 91.25, 138.43
2024-11-07, 01:22:30, 136.45, 58.25, 22.84, 22.0, 9999.0, 9.68, 10.0, 21.73, 9999.0, 24.07, 9999.0, 117.68, 127.75, 120.23, 91.25, 138.45
2024-11-07, 01:22:34, 136.48, 58.25, 22.82, 22.0, 9999.0, 9.66, 10.0, 21.73, 9999.0, 24.07, 9999.0, 117.66, 127.75, 120.23, 91.23, 138.43
2024-11-07, 01:22:38, 136.48, 58.25, 22.82, 22.0, 9999.0, 9.64, 10.0, 21.73, 9999.0, 24.07, 9999.0, 117.64, 127.75, 120.23, 91.2, 138.45
2024-11-07, 01:22:42, 136.45, 58.25, 22.8, 22.0, 9999.0, 9.64, 10.0, 21.7, 9999.0, 24.07, 9999.0, 117.61, 127.75, 120.23, 91.2, 138.45
2024-11-07, 01:22:46, 136.48, 58.25, 22.8, 22.0, 9999.0, 9.64, 10.0, 21.7, 9999.0, 24.07, 9999.0, 117.59, 127.75, 120.23, 91.18, 138.45
2024-11-07, 01:22:50, 136.45, 58.25, 22.8, 22.0, 9999.0, 9.64, 10.0, 21.68, 9999.0, 24.07, 9999.0, 117.57, 127.75, 120.23, 91.16, 138.43
2024-11-07, 01:22:54, 136.43, 58.25, 22.8, 22.0, 9999.0, 9.66, 10.0, 21.68, 9999.0, 24.07, 9999.0, 117.55, 127.75, 120.25, 91.16, 138.41
2024-11-07, 01:22:58, 136.41, 58.25, 22.77, 22.0, 9999.0, 9.66, 10.0, 21.68, 9999.0, 24.05, 9999.0, 117.55, 127.75, 120.23, 91.16, 138.39
2024-11-07, 01:23:02, 136.41, 58.25, 22.77, 22.0, 9999.0, 9.68, 10.0, 21.68, 9999.0, 24.02, 9999.0, 117.55, 127.75, 120.2, 91.14, 138.39
2024-11-07, 01:23:06, 136.41, 58.25, 22.77, 22.0, 9999.0, 9.68, 10.0, 21.68, 9999.0, 23.98, 9999.0, 117.55, 127.75, 120.18, 91.11, 138.36
2024-11-07, 01:23:11, 136.41, 58.25, 22.77, 22.0, 9999.0, 9.7, 10.0, 21.68, 9999.0, 23.95, 9999.0, 117.55, 127.75, 120.18, 91.09, 138.39
2024-11-07, 01:23:15, 136.41, 58.25, 22.77, 22.0, 9999.0, 9.73, 10.0, 21.68, 9999.0, 23.93, 9999.0, 117.57, 127.75, 120.16, 91.09, 138.39
2024-11-07, 01:23:19, 136.41, 58.27, 22.77, 22.0, 9999.0, 9.75, 10.0, 21.68, 9999.0, 23.91, 9999.0, 117.59, 127.75, 120.16, 91.09, 138.41
2024-11-07, 01:23:23, 136.41, 58.27, 22.75, 22.0, 9999.0, 9.77, 10.0, 21.68, 9999.0, 23.91, 9999.0, 117.61, 127.75, 120.16, 91.09, 138.41
2024-11-07, 01:23:27, 136.43, 58.27, 22.75, 22.0, 9999.0, 9.77, 10.0, 21.7, 9999.0, 23.89, 9999.0, 117.64, 127.75, 120.16, 91.07, 138.41
2024-11-07, 01:23:31, 136.43, 58.27, 22.75, 22.0, 9999.0, 9.77, 10.0, 21.73, 9999.0, 23.89, 9999.0, 117.66, 127.75, 120.16, 91.09, 138.41
2024-11-07, 01:23:35, 136.45, 58.27, 22.75, 22.0, 9999.0, 9.77, 10.0, 21.75, 9999.0, 23.89, 9999.0, 117.68, 127.75, 120.16, 91.11, 138.43
2024-11-07, 01:23:39, 136.48, 58.27, 22.77, 22.0, 9999.0, 9.73, 10.0, 21.75, 9999.0, 23.89, 9999.0, 117.68, 127.75, 120.16, 91.11, 138.45
2024-11-07, 01:23:43, 136.5, 58.27, 22.8, 22.0, 9999.0, 9.7, 10.0, 21.73, 9999.0, 23.89, 9999.0, 117.66, 127.75, 120.16, 91.11, 138.48
2024-11-07, 01:23:47, 136.5, 58.27, 22.82, 22.0, 9999.0, 9.68, 10.0, 21.73, 9999.0, 23.86, 9999.0, 117.66, 127.75, 120.18, 91.14, 138.45
2024-11-07, 01:23:51, 136.5, 58.27, 22.82, 22.0, 9999.0, 9.66, 10.0, 21.73, 9999.0, 23.86, 9999.0, 117.66, 127.75, 120.2, 91.16, 138.48
2024-11-07, 01:23:55, 136.5, 58.27, 22.82, 22.0, 9999.0, 9.64, 10.0, 21.73, 9999.0, 23.86, 9999.0, 117.64, 127.75, 120.2, 91.16, 138.48
2024-11-07, 01:23:59, 136.48, 58.27, 22.82, 22.0, 9999.0, 9.61, 10.0, 21.73, 9999.0, 23.89, 9999.0, 117.61, 127.75, 120.2, 91.14, 138.48
2024-11-07, 01:24:03, 136.48, 58.25, 22.82, 22.0, 9999.0, 9.61, 10.0, 21.73, 9999.0, 23.89, 9999.0, 117.59, 127.75, 120.18, 91.14, 138.48
2024-11-07, 01:24:07, 136.45, 58.25, 22.82, 22.0, 9999.0, 9.61, 10.0, 21.73, 9999.0, 23.89, 9999.0, 117.57, 127.75, 120.18, 91.16, 138.48
2024-11-07, 01:24:11, 136.45, 58.25, 22.82, 22.0, 9999.0, 9.61, 10.0, 21.73, 9999.0, 23.89, 9999.0, 117.55, 127.75, 120.16, 91.18, 138.45
2024-11-07, 01:24:15, 136.45, 58.25, 22.82, 22.0, 9999.0, 9.61, 10.0, 21.73, 9999.0, 23.86, 9999.0, 117.52, 127.75, 120.14, 91.16, 138.45
2024-11-07, 01:24:19, 136.45, 58.25, 22.82, 22.0, 9999.0, 9.61, 10.0, 21.73, 9999.0, 23.84, 9999.0, 117.52, 127.75, 120.11, 91.14, 138.45
2024-11-07, 01:24:23, 136.43, 58.25, 22.8, 22.0, 9999.0, 9.64, 10.0, 21.73, 9999.0, 23.82, 9999.0, 117.52, 127.75, 120.09, 91.11, 138.43
2024-11-07, 01:24:27, 136.43, 58.25, 22.77, 22.0, 9999.0, 9.66, 10.0, 21.75, 9999.0, 23.8, 9999.0, 117.52, 127.75, 120.09, 91.09, 138.43
2024-11-07, 01:24:31, 136.41, 58.25, 22.77, 22.0, 9999.0, 9.68, 10.0, 21.75, 9999.0, 23.8, 9999.0, 117.55, 127.75, 120.09, 91.09, 138.43
2024-11-07, 01:24:35, 136.41, 58.25, 22.77, 22.0, 9999.0, 9.7, 10.0, 21.75, 9999.0, 23.8, 9999.0, 117.57, 127.75, 120.07, 91.09, 138.41
2024-11-07, 01:24:39, 136.39, 58.25, 22.77, 22.0, 9999.0, 9.73, 10.0, 21.75, 9999.0, 23.82, 9999.0, 117.59, 127.75, 120.07, 91.11, 138.41
2024-11-07, 01:24:43, 136.41, 58.25, 22.77, 22.0, 9999.0, 9.75, 10.0, 21.75, 9999.0, 23.82, 9999.0, 117.61, 127.75, 120.07, 91.14, 138.41
2024-11-07, 01:24:47, 136.41, 58.25, 22.77, 22.0, 9999.0, 9.75, 10.0, 21.75, 9999.0, 23.84, 9999.0, 117.64, 127.75, 120.07, 91.16, 138.41
2024-11-07, 01:24:51, 136.43, 58.25, 22.77, 22.0, 9999.0, 9.75, 10.0, 21.75, 9999.0, 23.84, 9999.0, 117.66, 127.75, 120.07, 91.16, 138.41
2024-11-07, 01:24:55, 136.43, 58.25, 22.8, 22.0, 9999.0, 9.75, 10.0, 21.75, 9999.0, 23.86, 9999.0, 117.66, 127.75, 120.09, 91.16, 138.43
2024-11-07, 01:24:59, 136.43, 58.25, 22.8, 22.0, 9999.0, 9.73, 10.0, 21.75, 9999.0, 23.89, 9999.0, 117.68, 127.75, 120.11, 91.18, 138.43
2024-11-07, 01:25:03, 136.43, 58.25, 22.82, 22.0, 9999.0, 9.7, 10.0, 21.75, 9999.0, 23.91, 9999.0, 117.68, 127.75, 120.11, 91.2, 138.43
2024-11-07, 01:25:07, 136.45, 58.25, 22.82, 22.0, 9999.0, 9.7, 10.0, 21.75, 9999.0, 23.93, 9999.0, 117.68, 127.75, 120.11, 91.23, 138.45
2024-11-07, 01:25:11, 136.45, 58.25, 22.84, 22.0, 9999.0, 9.68, 10.0, 21.75, 9999.0, 23.95, 9999.0, 117.68, 127.75, 120.11, 91.25, 138.45
2024-11-07, 01:25:15, 136.48, 58.25, 22.84, 22.0, 9999.0, 9.66, 10.0, 21.73, 9999.0, 23.98, 9999.0, 117.66, 127.75, 120.09, 91.25, 138.48
2024-11-07, 01:25:19, 136.48, 58.25, 22.86, 22.0, 9999.0, 9.64, 10.0, 21.73, 9999.0, 24.0, 9999.0, 117.64, 127.75, 120.11, 91.25, 138.5
2024-11-07, 01:25:23, 136.5, 58.25, 22.86, 22.0, 9999.0, 9.64, 10.0, 21.73, 9999.0, 23.98, 9999.0, 117.61, 127.75, 120.09, 91.25, 138.5
2024-11-07, 01:25:27, 136.5, 58.25, 22.86, 22.0, 9999.0, 9.64, 10.0, 21.7, 9999.0, 23.95, 9999.0, 117.59, 127.75, 120.11, 91.23, 138.5
2024-11-07, 01:25:31, 136.5, 58.25, 22.89, 22.0, 9999.0, 9.64, 10.0, 21.7, 9999.0, 23.93, 9999.0, 117.57, 127.75, 120.11, 91.23, 138.5
2024-11-07, 01:25:35, 136.5, 58.25, 22.91, 22.0, 9999.0, 9.66, 10.0, 21.7, 9999.0, 23.91, 9999.0, 117.55, 127.75, 120.09, 91.23, 138.5
2024-11-07, 01:25:39, 136.48, 58.25, 22.91, 22.0, 9999.0, 9.68, 10.0, 21.7, 9999.0, 23.89, 9999.0, 117.55, 127.75, 120.09, 91.2, 138.5
2024-11-07, 01:25:43, 136.45, 58.25, 22.91, 22.0, 9999.0, 9.7, 10.0, 21.7, 9999.0, 23.86, 9999.0, 117.52, 127.75, 120.09, 91.2, 138.5
2024-11-07, 01:25:47, 136.45, 58.25, 22.89, 22.0, 9999.0, 9.73, 10.0, 21.7, 9999.0, 23.84, 9999.0, 117.52, 127.75, 120.11, 91.2, 138.48
2024-11-07, 01:25:51, 136.43, 58.25, 22.89, 22.0, 9999.0, 9.73, 10.0, 21.7, 9999.0, 23.82, 9999.0, 117.55, 127.75, 120.14, 91.2, 138.48
2024-11-07, 01:25:55, 136.43, 58.25, 22.86, 22.0, 9999.0, 9.75, 10.0, 21.7, 9999.0, 23.8, 9999.0, 117.57, 127.75, 120.16, 91.2, 138.48
2024-11-07, 01:25:59, 136.41, 58.25, 22.84, 22.0, 9999.0, 9.77, 10.0, 21.7, 9999.0, 23.8, 9999.0, 117.59, 127.75, 120.18, 91.2, 138.45
2024-11-07, 01:26:03, 136.41, 58.25, 22.84, 22.0, 9999.0, 9.8, 10.0, 21.7, 9999.0, 23.8, 9999.0, 117.61, 127.75, 120.18, 91.2, 138.45
2024-11-07, 01:26:07, 136.39, 58.25, 22.86, 22.02, 9999.0, 9.8, 10.0, 21.7, 9999.0, 23.82, 9999.0, 117.64, 127.75, 120.18, 91.2, 138.45
2024-11-07, 01:26:11, 136.39, 58.25, 22.89, 22.02, 9999.0, 9.8, 10.0, 21.73, 9999.0, 23.84, 9999.0, 117.66, 127.75, 120.18, 91.23, 138.43
2024-11-07, 01:26:15, 136.39, 58.25, 22.86, 22.02, 9999.0, 9.8, 10.0, 21.73, 9999.0, 23.86, 9999.0, 117.68, 127.75, 120.2, 91.23, 138.43
2024-11-07, 01:26:19, 136.39, 58.25, 22.84, 22.02, 9999.0, 9.75, 10.0, 21.73, 9999.0, 23.89, 9999.0, 117.7, 127.75, 120.23, 91.23, 138.43
2024-11-07, 01:26:23, 136.41, 58.25, 22.84, 22.02, 9999.0, 9.7, 10.0, 21.73, 9999.0, 23.89, 9999.0, 117.7, 127.75, 120.23, 91.23, 138.43
2024-11-07, 01:26:27, 136.43, 58.25, 22.86, 22.02, 9999.0, 9.68, 10.0, 21.73, 9999.0, 23.89, 9999.0, 117.7, 127.75, 120.23, 91.2, 138.43
2024-11-07, 01:26:31, 136.43, 58.25, 22.86, 22.02, 9999.0, 9.66, 10.0, 21.73, 9999.0, 23.89, 9999.0, 117.68, 127.75, 120.2, 91.2, 138.45
2024-11-07, 01:26:35, 136.45, 58.25, 22.89, 22.02, 9999.0, 9.64, 10.0, 21.73, 9999.0, 23.89, 9999.0, 117.66, 127.75, 120.2, 91.2, 138.45
2024-11-07, 01:26:39, 136.45, 58.25, 22.91, 22.02, 9999.0, 9.64, 10.0, 21.73, 9999.0, 23.89, 9999.0, 117.64, 127.75, 120.2, 91.2, 138.45
2024-11-07, 01:26:43, 136.48, 58.25, 22.91, 22.02, 9999.0, 9.64, 10.0, 21.75, 9999.0, 23.84, 9999.0, 117.61, 127.75, 120.2, 91.2, 138.48
2024-11-07, 01:26:47, 136.48, 58.25, 22.89, 22.02, 9999.0, 9.64, 10.0, 21.75, 9999.0, 23.8, 9999.0, 117.59, 127.75, 120.2, 91.2, 138.48
2024-11-07, 01:26:51, 136.5, 58.25, 22.86, 22.0, 9999.0, 9.66, 10.0, 21.75, 9999.0, 23.75, 9999.0, 117.57, 127.75, 120.23, 91.2, 138.48
2024-11-07, 01:26:56, 136.5, 58.25, 22.84, 22.0, 9999.0, 9.66, 10.0, 21.75, 9999.0, 23.7, 9999.0, 117.57, 127.75, 120.23, 91.18, 138.5
2024-11-07, 01:27:00, 136.48, 58.25, 22.86, 22.0, 9999.0, 9.66, 10.0, 21.75, 9999.0, 23.66, 9999.0, 117.55, 127.75, 120.2, 91.18, 138.5
2024-11-07, 01:27:04, 136.48, 58.25, 22.86, 22.0, 9999.0, 9.68, 10.0, 21.75, 9999.0, 23.61, 9999.0, 117.52, 127.75, 120.2, 91.16, 138.5
2024-11-07, 01:27:08, 136.45, 58.25, 22.86, 22.0, 9999.0, 9.7, 10.0, 21.75, 9999.0, 23.59, 9999.0, 117.55, 127.75, 120.18, 91.18, 138.5
2024-11-07, 01:27:12, 136.45, 58.25, 22.86, 22.0, 9999.0, 9.73, 10.0, 21.75, 9999.0, 23.57, 9999.0, 117.57, 127.75, 120.18, 91.2, 138.5
2024-11-07, 01:27:16, 136.43, 58.25, 22.89, 22.0, 9999.0, 9.75, 10.02, 21.75, 9999.0, 23.55, 9999.0, 117.59, 127.75, 120.2, 91.18, 138.5
2024-11-07, 01:27:20, 136.41, 58.25, 22.89, 22.0, 9999.0, 9.77, 10.02, 21.75, 9999.0, 23.52, 9999.0, 117.61, 127.75, 120.2, 91.16, 138.5
2024-11-07, 01:27:24, 136.41, 58.25, 22.86, 22.0, 9999.0, 9.77, 10.02, 21.75, 9999.0, 23.5, 9999.0, 117.64, 127.75, 120.2, 91.16, 138.5
2024-11-07, 01:27:28, 136.41, 58.25, 22.86, 22.0, 9999.0, 9.77, 10.02, 21.75, 9999.0, 23.52, 9999.0, 117.66, 127.75, 120.2, 91.16, 138.5
2024-11-07, 01:27:32, 136.41, 58.25, 22.89, 22.0, 9999.0, 9.77, 10.02, 21.75, 9999.0, 23.55, 9999.0, 117.68, 127.75, 120.2, 91.16, 138.5
2024-11-07, 01:27:36, 136.41, 58.25, 22.91, 22.0, 9999.0, 9.73, 10.02, 21.75, 9999.0, 23.57, 9999.0, 117.7, 127.75, 120.18, 91.16, 138.5
2024-11-07, 01:27:40, 136.41, 58.25, 22.91, 22.02, 9999.0, 9.7, 10.02, 21.75, 9999.0, 23.59, 9999.0, 117.68, 127.75, 120.18, 91.18, 138.5
2024-11-07, 01:27:44, 136.43, 58.25, 22.91, 22.02, 9999.0, 9.7, 10.02, 21.75, 9999.0, 23.61, 9999.0, 117.7, 127.75, 120.2, 91.18, 138.5
2024-11-07, 01:27:48, 136.43, 58.25, 22.93, 22.02, 9999.0, 9.68, 10.02, 21.75, 9999.0, 23.64, 9999.0, 117.7, 127.75, 120.2, 91.2, 138.5
2024-11-07, 01:27:52, 136.45, 58.25, 22.93, 22.02, 9999.0, 9.66, 10.02, 21.75, 9999.0, 23.66, 9999.0, 117.68, 127.75, 120.2, 91.2, 138.5
2024-11-07, 01:27:56, 136.45, 58.25, 22.93, 22.02, 9999.0, 9.64, 10.02, 21.75, 9999.0, 23.68, 9999.0, 117.66, 127.75, 120.18, 91.18, 138.5
2024-11-07, 01:28:00, 136.48, 58.25, 22.93, 22.02, 9999.0, 9.64, 10.0, 21.75, 9999.0, 23.7, 9999.0, 117.64, 127.75, 120.18, 91.18, 138.5
2024-11-07, 01:28:04, 136.48, 58.25, 22.93, 22.02, 9999.0, 9.64, 10.0, 21.75, 9999.0, 23.73, 9999.0, 117.61, 127.75, 120.18, 91.2, 138.5
2024-11-07, 01:28:08, 136.48, 58.25, 22.95, 22.05, 9999.0, 9.64, 10.0, 21.75, 9999.0, 23.73, 9999.0, 117.59, 127.75, 120.16, 91.2, 138.5
2024-11-07, 01:28:12, 136.45, 58.25, 22.95, 22.05, 9999.0, 9.66, 10.0, 21.75, 9999.0, 23.73, 9999.0, 117.57, 127.75, 120.14, 91.2, 138.48
2024-11-07, 01:28:16, 136.45, 58.25, 22.95, 22.07, 9999.0, 9.66, 10.0, 21.75, 9999.0, 23.73, 9999.0, 117.57, 127.75, 120.14, 91.18, 138.48
2024-11-07, 01:28:20, 136.43, 58.25, 22.95, 22.07, 9999.0, 9.68, 10.0, 21.75, 9999.0, 23.73, 9999.0, 117.57, 127.75, 120.16, 91.16, 138.48
2024-11-07, 01:28:24, 136.41, 58.25, 22.98, 22.05, 9999.0, 9.7, 10.0, 21.75, 9999.0, 23.7, 9999.0, 117.59, 127.73, 120.16, 91.16, 138.48
2024-11-07, 01:28:28, 136.39, 58.25, 22.98, 22.05, 9999.0, 9.7, 10.0, 21.75, 9999.0, 23.68, 9999.0, 117.59, 127.73, 120.16, 91.16, 138.48
2024-11-07, 01:28:32, 136.39, 58.25, 22.98, 22.07, 9999.0, 9.73, 10.0, 21.73, 9999.0, 23.68, 9999.0, 117.61, 127.73, 120.16, 91.16, 138.48
2024-11-07, 01:28:36, 136.36, 58.25, 22.95, 22.07, 9999.0, 9.75, 10.0, 21.7, 9999.0, 23.68, 9999.0, 117.64, 127.73, 120.18, 91.16, 138.48
2024-11-07, 01:28:40, 136.36, 58.25, 22.95, 22.07, 9999.0, 9.77, 10.0, 21.7, 9999.0, 23.68, 9999.0, 117.66, 127.73, 120.2, 91.18, 138.48
2024-11-07, 01:28:44, 136.36, 58.25, 22.95, 22.07, 9999.0, 9.77, 10.0, 21.7, 9999.0, 23.68, 9999.0, 117.68, 127.73, 120.2, 91.2, 138.48
2024-11-07, 01:28:48, 136.36, 58.25, 22.95, 22.07, 9999.0, 9.77, 10.0, 21.7, 9999.0, 23.68, 9999.0, 117.7, 127.73, 120.2, 91.2, 138.48
2024-11-07, 01:28:52, 136.36, 58.25, 22.93, 22.07, 9999.0, 9.77, 10.0, 21.7, 9999.0, 23.7, 9999.0, 117.73, 127.73, 120.23, 91.2, 138.48
2024-11-07, 01:28:56, 136.36, 58.25, 22.93, 22.09, 9999.0, 9.73, 10.0, 21.68, 9999.0, 23.7, 9999.0, 117.75, 127.73, 120.25, 91.2, 138.5
2024-11-07, 01:29:00, 136.36, 58.25, 22.93, 22.09, 9999.0, 9.7, 10.0, 21.68, 9999.0, 23.7, 9999.0, 117.75, 127.73, 120.25, 91.23, 138.5
2024-11-07, 01:29:04, 136.39, 58.25, 22.93, 22.09, 9999.0, 9.68, 10.0, 21.66, 9999.0, 23.7, 9999.0, 117.75, 127.73, 120.25, 91.25, 138.5
2024-11-07, 01:29:08, 136.41, 58.25, 22.93, 22.09, 9999.0, 9.66, 10.0, 21.66, 9999.0, 23.73, 9999.0, 117.73, 127.75, 120.23, 91.25, 138.5
2024-11-07, 01:29:12, 136.43, 58.25, 22.93, 22.09, 9999.0, 9.64, 10.0, 21.66, 9999.0, 23.75, 9999.0, 117.7, 127.75, 120.23, 91.25, 138.5
2024-11-07, 01:29:16, 136.41, 58.25, 22.93, 22.07, 9999.0, 9.61, 10.0, 21.68, 9999.0, 23.75, 9999.0, 117.68, 127.75, 120.2, 91.25, 138.5
2024-11-07, 01:29:20, 136.41, 58.25, 22.93, 22.07, 9999.0, 9.61, 10.0, 21.7, 9999.0, 23.75, 9999.0, 117.66, 127.75, 120.2, 91.23, 138.5
2024-11-07, 01:29:24, 136.41, 58.25, 22.93, 22.07, 9999.0, 9.61, 10.0, 21.7, 9999.0, 23.75, 9999.0, 117.64, 127.75, 120.18, 91.23, 138.5
2024-11-07, 01:29:28, 136.41, 58.25, 22.91, 22.07, 9999.0, 9.61, 10.0, 21.7, 9999.0, 23.75, 9999.0, 117.61, 127.75, 120.18, 91.23, 138.5
2024-11-07, 01:29:32, 136.43, 58.25, 22.91, 22.07, 9999.0, 9.64, 10.0, 21.7, 9999.0, 23.75, 9999.0, 117.59, 127.75, 120.18, 91.2, 138.5
2024-11-07, 01:29:36, 136.43, 58.25, 22.93, 22.05, 9999.0, 9.64, 10.0, 21.7, 9999.0, 23.75, 9999.0, 117.59, 127.75, 120.18, 91.2, 138.5
2024-11-07, 01:29:40, 136.45, 58.25, 22.95, 22.05, 9999.0, 9.66, 10.0, 21.73, 9999.0, 23.75, 9999.0, 117.59, 127.75, 120.18, 91.2, 138.5
2024-11-07, 01:29:44, 136.43, 58.25, 22.95, 22.02, 9999.0, 9.68, 10.02, 21.73, 9999.0, 23.75, 9999.0, 117.59, 127.75, 120.16, 91.2, 138.5
2024-11-07, 01:29:48, 136.43, 58.25, 22.95, 22.02, 9999.0, 9.7, 10.05, 21.75, 9999.0, 23.75, 9999.0, 117.61, 127.75, 120.16, 91.2, 138.5
2024-11-07, 01:29:52, 136.43, 58.25, 22.93, 22.02, 9999.0, 9.73, 10.05, 21.75, 9999.0, 23.75, 9999.0, 117.64, 127.75, 120.18, 91.18, 138.5
2024-11-07, 01:29:56, 136.41, 58.25, 22.93, 22.05, 9999.0, 9.75, 10.05, 21.73, 9999.0, 23.75, 9999.0, 117.66, 127.75, 120.18, 91.18, 138.5
2024-11-07, 01:30:00, 136.41, 58.25, 22.93, 22.07, 9999.0, 9.77, 10.05, 21.73, 9999.0, 23.75, 9999.0, 117.68, 127.75, 120.2, 91.16, 138.5
2024-11-07, 01:30:04, 136.41, 58.25, 22.95, 22.07, 9999.0, 9.77, 10.05, 21.73, 9999.0, 23.75, 9999.0, 117.7, 127.75, 120.2, 91.18, 138.5
2024-11-07, 01:30:08, 136.41, 58.25, 22.95, 22.09, 9999.0, 9.77, 10.05, 21.73, 9999.0, 23.77, 9999.0, 117.73, 127.75, 120.2, 91.18, 138.5
2024-11-07, 01:30:12, 136.39, 58.25, 22.98, 22.11, 9999.0, 9.75, 10.05, 21.73, 9999.0, 23.77, 9999.0, 117.75, 127.75, 120.2, 91.18, 138.5
2024-11-07, 01:30:16, 136.36, 58.25, 22.98, 22.11, 9999.0, 9.7, 10.05, 21.73, 9999.0, 23.8, 9999.0, 117.77, 127.75, 120.2, 91.2, 138.5
2024-11-07, 01:30:20, 136.36, 58.25, 22.98, 22.11, 9999.0, 9.68, 10.05, 21.73, 9999.0, 23.8, 9999.0, 117.75, 127.75, 120.2, 91.2, 138.5
2024-11-07, 01:30:24, 136.34, 58.25, 22.98, 22.09, 9999.0, 9.66, 10.05, 21.73, 9999.0, 23.8, 9999.0, 117.73, 127.75, 120.2, 91.18, 138.5
2024-11-07, 01:30:28, 136.34, 58.25, 22.98, 22.09, 9999.0, 9.64, 10.02, 21.73, 9999.0, 23.8, 9999.0, 117.73, 127.75, 120.23, 91.16, 138.5
2024-11-07, 01:30:32, 136.32, 58.25, 22.98, 22.09, 9999.0, 9.61, 10.0, 21.73, 9999.0, 23.77, 9999.0, 117.68, 127.75, 120.23, 91.14, 138.5
2024-11-07, 01:30:36, 136.3, 58.25, 23.0, 22.09, 9999.0, 9.59, 10.0, 21.73, 9999.0, 23.77, 9999.0, 117.66, 127.75, 120.2, 91.16, 138.5
2024-11-07, 01:30:41, 136.3, 58.25, 23.0, 22.07, 9999.0, 9.59, 10.0, 21.75, 9999.0, 23.77, 9999.0, 117.64, 127.75, 120.18, 91.14, 138.5
2024-11-07, 01:30:45, 136.3, 58.25, 23.0, 22.07, 9999.0, 9.59, 10.0, 21.75, 9999.0, 23.77, 9999.0, 117.61, 127.75, 120.18, 91.14, 138.5
2024-11-07, 01:30:49, 136.32, 58.25, 23.0, 22.07, 9999.0, 9.59, 10.0, 21.75, 9999.0, 23.75, 9999.0, 117.59, 127.75, 120.18, 91.14, 138.5
2024-11-07, 01:30:53, 136.3, 58.25, 23.0, 22.05, 9999.0, 9.59, 10.0, 21.75, 9999.0, 23.7, 9999.0, 117.57, 127.75, 120.2, 91.14, 138.5
2024-11-07, 01:30:57, 136.3, 58.25, 23.0, 22.05, 9999.0, 9.61, 10.0, 21.75, 9999.0, 23.7, 9999.0, 117.57, 127.75, 120.18, 91.11, 138.5
2024-11-07, 01:31:01, 136.32, 58.25, 23.0, 22.05, 9999.0, 9.64, 10.0, 21.75, 9999.0, 23.66, 9999.0, 117.57, 127.75, 120.18, 91.09, 138.5
2024-11-07, 01:31:05, 136.32, 58.25, 23.0, 22.07, 9999.0, 9.66, 10.0, 21.75, 9999.0, 23.66, 9999.0, 117.59, 127.75, 120.18, 91.07, 138.5
2024-11-07, 01:31:09, 136.34, 58.25, 23.0, 22.07, 9999.0, 9.68, 10.0, 21.75, 9999.0, 23.64, 9999.0, 117.64, 127.75, 120.18, 91.07, 138.5
2024-11-07, 01:31:13, 136.36, 58.25, 23.0, 22.09, 9999.0, 9.7, 10.0, 21.75, 9999.0, 23.61, 9999.0, 117.64, 127.75, 120.18, 91.07, 138.5
2024-11-07, 01:31:17, 136.39, 58.25, 23.0, 22.11, 9999.0, 9.73, 10.0, 21.75, 9999.0, 23.64, 9999.0, 117.66, 127.75, 120.18, 91.07, 138.5
2024-11-07, 01:31:21, 136.39, 58.25, 23.0, 22.11, 9999.0, 9.75, 10.0, 21.75, 9999.0, 23.64, 9999.0, 117.68, 127.75, 120.18, 91.07, 138.5
2024-11-07, 01:31:25, 136.41, 58.25, 23.0, 22.14, 9999.0, 9.75, 10.0, 21.75, 9999.0, 23.66, 9999.0, 117.7, 127.75, 120.2, 91.09, 138.5
2024-11-07, 01:31:29, 136.41, 58.25, 23.0, 22.11, 9999.0, 9.75, 10.0, 21.75, 9999.0, 23.68, 9999.0, 117.73, 127.75, 120.2, 91.11, 138.5
2024-11-07, 01:31:33, 136.41, 58.25, 23.0, 22.11, 9999.0, 9.75, 10.0, 21.75, 9999.0, 23.75, 9999.0, 117.75, 127.75, 120.18, 91.11, 138.5
2024-11-07, 01:31:37, 136.43, 58.25, 22.98, 22.11, 9999.0, 9.73, 10.0, 21.75, 9999.0, 23.8, 9999.0, 117.75, 127.75, 120.18, 91.11, 138.5
2024-11-07, 01:31:41, 136.43, 58.25, 22.98, 22.09, 9999.0, 9.7, 10.0, 21.75, 9999.0, 23.82, 9999.0, 117.75, 127.75, 120.2, 91.14, 138.5
2024-11-07, 01:31:45, 136.43, 58.25, 22.98, 22.09, 9999.0, 9.7, 10.0, 21.75, 9999.0, 23.86, 9999.0, 117.75, 127.75, 120.2, 91.16, 138.5
2024-11-07, 01:31:49, 136.43, 58.25, 22.95, 22.07, 9999.0, 9.68, 10.0, 21.75, 9999.0, 23.89, 9999.0, 117.73, 127.75, 120.2, 91.18, 138.5
2024-11-07, 01:31:53, 136.43, 58.25, 22.95, 22.07, 9999.0, 9.66, 10.0, 21.75, 9999.0, 23.93, 9999.0, 117.68, 127.75, 120.2, 91.18, 138.5
2024-11-07, 01:31:57, 136.41, 58.25, 22.95, 22.07, 9999.0, 9.66, 10.0, 21.75, 9999.0, 23.98, 9999.0, 117.66, 127.75, 120.2, 91.18, 138.5
2024-11-07, 01:32:01, 136.41, 58.25, 22.95, 22.07, 9999.0, 9.66, 10.0, 21.75, 9999.0, 24.0, 9999.0, 117.64, 127.75, 120.18, 91.18, 138.5
2024-11-07, 01:32:05, 136.43, 58.25, 22.95, 22.07, 9999.0, 9.66, 10.0, 21.75, 9999.0, 24.02, 9999.0, 117.61, 127.75, 120.18, 91.16, 138.5
2024-11-07, 01:32:09, 136.43, 58.25, 22.95, 22.07, 9999.0, 9.68, 10.0, 21.75, 9999.0, 24.02, 9999.0, 117.59, 127.75, 120.18, 91.16, 138.5
2024-11-07, 01:32:13, 136.45, 58.25, 22.95, 22.07, 9999.0, 9.68, 10.0, 21.75, 9999.0, 24.02, 9999.0, 117.59, 127.75, 120.16, 91.16, 138.5
2024-11-07, 01:32:17, 136.45, 58.25, 22.95, 22.07, 9999.0, 9.68, 10.0, 21.75, 9999.0, 23.98, 9999.0, 117.59, 127.75, 120.18, 91.16, 138.5
2024-11-07, 01:32:21, 136.43, 58.25, 22.98, 22.09, 9999.0, 9.7, 10.0, 21.75, 9999.0, 23.95, 9999.0, 117.59, 127.75, 120.16, 91.16, 138.5
2024-11-07, 01:32:25, 136.43, 58.25, 22.98, 22.09, 9999.0, 9.73, 10.0, 21.75, 9999.0, 23.93, 9999.0, 117.59, 127.75, 120.16, 91.16, 138.5
2024-11-07, 01:32:29, 136.41, 58.25, 22.98, 22.09, 9999.0, 9.73, 10.0, 21.75, 9999.0, 23.91, 9999.0, 117.59, 127.75, 120.16, 91.16, 138.5
2024-11-07, 01:32:33, 136.41, 58.25, 23.0, 22.09, 9999.0, 9.75, 10.0, 21.75, 9999.0, 23.89, 9999.0, 117.61, 127.75, 120.16, 91.16, 138.5
2024-11-07, 01:32:37, 136.41, 58.25, 23.0, 22.09, 9999.0, 9.77, 10.0, 21.75, 9999.0, 23.89, 9999.0, 117.64, 127.75, 120.16, 91.18, 138.5
2024-11-07, 01:32:41, 136.41, 58.25, 23.0, 22.07, 9999.0, 9.77, 10.0, 21.75, 9999.0, 23.89, 9999.0, 117.66, 127.75, 120.16, 91.2, 138.5
2024-11-07, 01:32:45, 136.39, 58.25, 23.0, 22.07, 9999.0, 9.77, 10.0, 21.75, 9999.0, 23.89, 9999.0, 117.68, 127.75, 120.18, 91.23, 138.5
2024-11-07, 01:32:49, 136.39, 58.27, 23.0, 22.09, 9999.0, 9.75, 10.0, 21.75, 9999.0, 23.89, 9999.0, 117.7, 127.75, 120.2, 91.25, 138.5
2024-11-07, 01:32:53, 136.39, 58.27, 23.0, 22.07, 9999.0, 9.7, 10.0, 21.75, 9999.0, 23.89, 9999.0, 117.73, 127.75, 120.2, 91.25, 138.5
2024-11-07, 01:32:57, 136.36, 58.27, 23.0, 22.09, 9999.0, 9.68, 10.0, 21.75, 9999.0, 23.89, 9999.0, 117.73, 127.75, 120.23, 91.25, 138.5
2024-11-07, 01:33:01, 136.34, 58.27, 23.0, 22.09, 9999.0, 9.66, 10.0, 21.75, 9999.0, 23.91, 9999.0, 117.73, 127.75, 120.23, 91.23, 138.5
2024-11-07, 01:33:05, 136.36, 58.27, 23.0, 22.07, 9999.0, 9.64, 10.0, 21.75, 9999.0, 23.93, 9999.0, 117.75, 127.75, 120.25, 91.23, 138.5
2024-11-07, 01:33:09, 136.39, 58.27, 23.0, 22.07, 9999.0, 9.61, 10.0, 21.75, 9999.0, 23.95, 9999.0, 117.75, 127.75, 120.25, 91.2, 138.5
2024-11-07, 01:33:13, 136.41, 58.27, 22.98, 22.07, 9999.0, 9.59, 10.0, 21.75, 9999.0, 23.95, 9999.0, 117.75, 127.75, 120.25, 91.18, 138.5
2024-11-07, 01:33:17, 136.39, 58.27, 22.98, 22.09, 9999.0, 9.59, 10.0, 21.75, 9999.0, 23.98, 9999.0, 117.73, 127.75, 120.23, 91.18, 138.5
2024-11-07, 01:33:21, 136.39, 58.27, 22.98, 22.09, 9999.0, 9.59, 10.0, 21.75, 9999.0, 23.98, 9999.0, 117.7, 127.75, 120.23, 91.18, 138.5
2024-11-07, 01:33:25, 136.39, 58.27, 22.95, 22.09, 9999.0, 9.59, 10.0, 21.75, 9999.0, 23.98, 9999.0, 117.68, 127.75, 120.23, 91.16, 138.5
2024-11-07, 01:33:29, 136.39, 58.27, 22.93, 22.07, 9999.0, 9.59, 10.0, 21.75, 9999.0, 23.95, 9999.0, 117.66, 127.75, 120.23, 91.14, 138.5
2024-11-07, 01:33:33, 136.39, 58.25, 22.93, 22.05, 9999.0, 9.64, 10.0, 21.75, 9999.0, 23.93, 9999.0, 117.66, 127.75, 120.2, 91.14, 138.5
2024-11-07, 01:33:37, 136.39, 58.25, 22.93, 22.05, 9999.0, 9.68, 10.0, 21.75, 9999.0, 23.93, 9999.0, 117.66, 127.75, 120.2, 91.14, 138.5
2024-11-07, 01:33:41, 136.41, 58.25, 22.93, 22.02, 9999.0, 9.7, 10.0, 21.75, 9999.0, 23.91, 9999.0, 117.66, 127.75, 120.2, 91.14, 138.5
2024-11-07, 01:33:45, 136.43, 58.25, 22.93, 22.02, 9999.0, 9.73, 10.0, 21.75, 9999.0, 23.89, 9999.0, 117.68, 127.75, 120.2, 91.16, 138.5
2024-11-07, 01:33:49, 136.41, 58.25, 22.93, 22.02, 9999.0, 9.75, 10.0, 21.75, 9999.0, 23.86, 9999.0, 117.7, 127.75, 120.2, 91.14, 138.5
2024-11-07, 01:33:53, 136.41, 58.25, 22.93, 22.02, 9999.0, 9.77, 10.0, 21.75, 9999.0, 23.84, 9999.0, 117.7, 127.75, 120.2, 91.16, 138.5
2024-11-07, 01:33:57, 136.39, 58.25, 22.93, 22.02, 9999.0, 9.8, 10.0, 21.75, 9999.0, 23.86, 9999.0, 117.7, 127.75, 120.2, 91.18, 138.5
2024-11-07, 01:34:01, 136.41, 58.25, 22.91, 22.0, 9999.0, 9.77, 10.0, 21.75, 9999.0, 23.86, 9999.0, 117.73, 127.75, 120.23, 91.18, 138.5
2024-11-07, 01:34:05, 136.41, 58.25, 22.89, 22.0, 9999.0, 9.75, 10.0, 21.75, 9999.0, 23.89, 9999.0, 117.75, 127.75, 120.23, 91.18, 138.5
2024-11-07, 01:34:09, 136.43, 58.25, 22.89, 22.0, 9999.0, 9.75, 10.0, 21.75, 9999.0, 23.89, 9999.0, 117.77, 127.75, 120.23, 91.2, 138.5
2024-11-07, 01:34:13, 136.45, 58.25, 22.91, 22.0, 9999.0, 9.73, 10.0, 21.75, 9999.0, 23.91, 9999.0, 117.8, 127.75, 120.23, 91.23, 138.5
2024-11-07, 01:34:17, 136.43, 58.25, 22.91, 22.0, 9999.0, 9.68, 10.0, 21.75, 9999.0, 23.93, 9999.0, 117.8, 127.75, 120.25, 91.2, 138.5
2024-11-07, 01:34:21, 136.43, 58.25, 22.89, 22.0, 9999.0, 9.64, 10.0, 21.75, 9999.0, 23.93, 9999.0, 117.8, 127.75, 120.25, 91.2, 138.5
2024-11-07, 01:34:26, 136.41, 58.25, 22.89, 22.0, 9999.0, 9.61, 10.0, 21.73, 9999.0, 23.95, 9999.0, 117.77, 127.75, 120.23, 91.2, 138.5
2024-11-07, 01:34:30, 136.41, 58.25, 22.89, 22.0, 9999.0, 9.59, 10.0, 21.73, 9999.0, 23.95, 9999.0, 117.75, 127.75, 120.23, 91.2, 138.5
2024-11-07, 01:34:34, 136.41, 58.25, 22.86, 22.0, 9999.0, 9.57, 10.0, 21.73, 9999.0, 23.98, 9999.0, 117.7, 127.75, 120.23, 91.2, 138.5
2024-11-07, 01:34:38, 136.39, 58.25, 22.84, 22.0, 9999.0, 9.57, 10.0, 21.73, 9999.0, 24.0, 9999.0, 117.68, 127.75, 120.23, 91.18, 138.5
2024-11-07, 01:34:42, 136.39, 58.25, 22.84, 22.0, 9999.0, 9.55, 10.0, 21.73, 9999.0, 23.98, 9999.0, 117.66, 127.75, 120.23, 91.16, 138.5
2024-11-07, 01:34:46, 136.39, 58.25, 22.86, 22.0, 9999.0, 9.57, 10.0, 21.7, 9999.0, 23.98, 9999.0, 117.64, 127.75, 120.2, 91.14, 138.5
2024-11-07, 01:34:50, 136.36, 58.25, 22.89, 22.0, 9999.0, 9.61, 10.0, 21.7, 9999.0, 23.95, 9999.0, 117.61, 127.75, 120.2, 91.14, 138.5
2024-11-07, 01:34:54, 136.34, 58.25, 22.89, 22.0, 9999.0, 9.61, 10.0, 21.7, 9999.0, 23.93, 9999.0, 117.61, 127.75, 120.18, 91.14, 138.5
2024-11-07, 01:34:58, 136.32, 58.25, 22.86, 22.0, 9999.0, 9.64, 10.0, 21.7, 9999.0, 23.93, 9999.0, 117.61, 127.75, 120.16, 91.14, 138.5
2024-11-07, 01:35:02, 136.34, 58.25, 22.84, 22.0, 9999.0, 9.66, 10.0, 21.7, 9999.0, 23.91, 9999.0, 117.61, 127.75, 120.16, 91.16, 138.5
2024-11-07, 01:35:06, 136.34, 58.25, 22.84, 22.0, 9999.0, 9.68, 10.0, 21.7, 9999.0, 23.91, 9999.0, 117.61, 127.75, 120.16, 91.16, 138.5
2024-11-07, 01:35:10, 136.36, 58.25, 22.84, 22.0, 9999.0, 9.7, 10.0, 21.73, 9999.0, 23.91, 9999.0, 117.66, 127.75, 120.18, 91.16, 138.5
2024-11-07, 01:35:14, 136.34, 58.25, 22.84, 22.0, 9999.0, 9.73, 10.0, 21.73, 9999.0, 23.91, 9999.0, 117.68, 127.75, 120.18, 91.16, 138.5
2024-11-07, 01:35:18, 136.36, 58.25, 22.86, 22.0, 9999.0, 9.75, 10.02, 21.73, 9999.0, 23.91, 9999.0, 117.7, 127.75, 120.18, 91.18, 138.5
2024-11-07, 01:35:22, 136.39, 58.25, 22.89, 22.0, 9999.0, 9.75, 10.02, 21.73, 9999.0, 23.91, 9999.0, 117.73, 127.75, 120.18, 91.18, 138.5
2024-11-07, 01:35:26, 136.41, 58.25, 22.89, 22.0, 9999.0, 9.75, 10.02, 21.73, 9999.0, 23.95, 9999.0, 117.75, 127.75, 120.18, 91.2, 138.48
2024-11-07, 01:35:30, 136.41, 58.25, 22.89, 22.0, 9999.0, 9.73, 10.02, 21.75, 9999.0, 23.98, 9999.0, 117.77, 127.75, 120.2, 91.23, 138.45
2024-11-07, 01:35:34, 136.41, 58.25, 22.86, 22.0, 9999.0, 9.68, 10.02, 21.75, 9999.0, 24.0, 9999.0, 117.8, 127.75, 120.2, 91.23, 138.45
2024-11-07, 01:35:38, 136.43, 58.25, 22.86, 22.0, 9999.0, 9.66, 10.02, 21.75, 9999.0, 24.05, 9999.0, 117.8, 127.75, 120.2, 91.23, 138.45
2024-11-07, 01:35:42, 136.45, 58.25, 22.86, 22.0, 9999.0, 9.64, 10.02, 21.75, 9999.0, 24.05, 9999.0, 117.8, 127.75, 120.23, 91.2, 138.45
2024-11-07, 01:35:46, 136.45, 58.25, 22.89, 22.0, 9999.0, 9.61, 10.02, 21.75, 9999.0, 24.07, 9999.0, 117.77, 127.75, 120.2, 91.18, 138.45
2024-11-07, 01:35:50, 136.43, 58.25, 22.89, 22.0, 9999.0, 9.59, 10.02, 21.75, 9999.0, 24.07, 9999.0, 117.75, 127.75, 120.18, 91.18, 138.45
2024-11-07, 01:35:54, 136.41, 58.25, 22.86, 22.0, 9999.0, 9.57, 10.02, 21.75, 9999.0, 24.07, 9999.0, 117.7, 127.75, 120.18, 91.16, 138.45
2024-11-07, 01:35:58, 136.41, 58.25, 22.84, 22.0, 9999.0, 9.57, 10.02, 21.75, 9999.0, 24.09, 9999.0, 117.66, 127.75, 120.16, 91.14, 138.45
2024-11-07, 01:36:02, 136.41, 58.25, 22.82, 22.0, 9999.0, 9.57, 10.0, 21.75, 9999.0, 24.09, 9999.0, 117.64, 127.75, 120.14, 91.11, 138.43
2024-11-07, 01:36:06, 136.39, 58.25, 22.82, 22.02, 9999.0, 9.57, 10.0, 21.75, 9999.0, 24.09, 9999.0, 117.61, 127.75, 120.14, 91.11, 138.43
2024-11-07, 01:36:10, 136.36, 58.25, 22.82, 22.02, 9999.0, 9.59, 10.0, 21.75, 9999.0, 24.07, 9999.0, 117.59, 127.75, 120.11, 91.09, 138.43
2024-11-07, 01:36:14, 136.36, 58.25, 22.8, 22.02, 9999.0, 9.61, 10.0, 21.75, 9999.0, 24.05, 9999.0, 117.59, 127.75, 120.09, 91.09, 138.43
2024-11-07, 01:36:18, 136.39, 58.25, 22.8, 22.02, 9999.0, 9.64, 10.0, 21.75, 9999.0, 24.02, 9999.0, 117.59, 127.75, 120.09, 91.09, 138.41
2024-11-07, 01:36:22, 136.39, 58.25, 22.8, 22.02, 9999.0, 9.66, 10.0, 21.75, 9999.0, 24.0, 9999.0, 117.59, 127.75, 120.11, 91.07, 138.39
2024-11-07, 01:36:26, 136.36, 58.27, 22.8, 22.02, 9999.0, 9.68, 10.0, 21.75, 9999.0, 24.0, 9999.0, 117.61, 127.75, 120.11, 91.09, 138.36
2024-11-07, 01:36:30, 136.36, 58.27, 22.8, 22.02, 9999.0, 9.7, 10.0, 21.75, 9999.0, 24.0, 9999.0, 117.66, 127.75, 120.14, 91.09, 138.36
2024-11-07, 01:36:34, 136.39, 58.27, 22.8, 22.02, 9999.0, 9.73, 10.0, 21.75, 9999.0, 23.98, 9999.0, 117.68, 127.75, 120.16, 91.09, 138.34
2024-11-07, 01:36:38, 136.41, 58.27, 22.8, 22.02, 9999.0, 9.75, 10.0, 21.75, 9999.0, 23.98, 9999.0, 117.7, 127.75, 120.16, 91.11, 138.34
2024-11-07, 01:36:42, 136.43, 58.27, 22.8, 22.02, 9999.0, 9.75, 10.0, 21.75, 9999.0, 23.98, 9999.0, 117.73, 127.75, 120.16, 91.14, 138.32
2024-11-07, 01:36:46, 136.43, 58.27, 22.82, 22.02, 9999.0, 9.75, 10.0, 21.75, 9999.0, 23.98, 9999.0, 117.75, 127.75, 120.18, 91.16, 138.34
2024-11-07, 01:36:50, 136.45, 58.27, 22.8, 22.0, 9999.0, 9.73, 10.0, 21.75, 9999.0, 24.0, 9999.0, 117.77, 127.75, 120.16, 91.18, 138.34
2024-11-07, 01:36:54, 136.48, 58.27, 22.8, 22.0, 9999.0, 9.73, 10.0, 21.75, 9999.0, 24.02, 9999.0, 117.8, 127.75, 120.16, 91.2, 138.36
2024-11-07, 01:36:58, 136.48, 58.3, 22.8, 22.0, 9999.0, 9.7, 10.0, 21.75, 9999.0, 24.05, 9999.0, 117.8, 127.75, 120.16, 91.18, 138.36
2024-11-07, 01:37:02, 136.48, 58.3, 22.8, 22.0, 9999.0, 9.68, 10.0, 21.75, 9999.0, 24.07, 9999.0, 117.8, 127.75, 120.14, 91.18, 138.39
2024-11-07, 01:37:06, 136.48, 58.3, 22.8, 22.0, 9999.0, 9.66, 10.0, 21.75, 9999.0, 24.09, 9999.0, 117.77, 127.75, 120.11, 91.2, 138.41
2024-11-07, 01:37:10, 136.5, 58.27, 22.8, 22.0, 9999.0, 9.64, 10.0, 21.73, 9999.0, 24.09, 9999.0, 117.73, 127.75, 120.09, 91.18, 138.43
2024-11-07, 01:37:14, 136.5, 58.27, 22.77, 22.0, 9999.0, 9.61, 10.0, 21.7, 9999.0, 24.09, 9999.0, 117.68, 127.75, 120.07, 91.2, 138.41
2024-11-07, 01:37:18, 136.5, 58.27, 22.77, 22.02, 9999.0, 9.61, 10.0, 21.7, 9999.0, 24.11, 9999.0, 117.66, 127.75, 120.07, 91.2, 138.43
2024-11-07, 01:37:22, 136.5, 58.27, 22.8, 22.02, 9999.0, 9.61, 10.0, 21.7, 9999.0, 24.11, 9999.0, 117.64, 127.75, 120.05, 91.2, 138.41
2024-11-07, 01:37:26, 136.48, 58.27, 22.8, 22.02, 9999.0, 9.61, 10.0, 21.7, 9999.0, 24.11, 9999.0, 117.61, 127.75, 120.05, 91.2, 138.43
2024-11-07, 01:37:30, 136.45, 58.27, 22.77, 22.02, 9999.0, 9.64, 10.0, 21.7, 9999.0, 24.11, 9999.0, 117.59, 127.75, 120.05, 91.18, 138.41
2024-11-07, 01:37:34, 136.45, 58.27, 22.77, 22.02, 9999.0, 9.66, 10.0, 21.7, 9999.0, 24.09, 9999.0, 117.59, 127.73, 120.07, 91.18, 138.39
2024-11-07, 01:37:38, 136.45, 58.27, 22.77, 22.02, 9999.0, 9.66, 10.0, 21.7, 9999.0, 24.07, 9999.0, 117.59, 127.73, 120.09, 91.16, 138.36
2024-11-07, 01:37:42, 136.45, 58.25, 22.77, 22.05, 9999.0, 9.68, 10.0, 21.7, 9999.0, 24.02, 9999.0, 117.59, 127.73, 120.11, 91.18, 138.36
2024-11-07, 01:37:46, 136.45, 58.25, 22.77, 22.05, 9999.0, 9.7, 10.0, 21.7, 9999.0, 23.98, 9999.0, 117.61, 127.73, 120.14, 91.18, 138.36
2024-11-07, 01:37:50, 136.45, 58.25, 22.8, 22.05, 9999.0, 9.73, 10.0, 21.7, 9999.0, 23.93, 9999.0, 117.64, 127.73, 120.16, 91.18, 138.36
2024-11-07, 01:37:54, 136.45, 58.25, 22.8, 22.05, 9999.0, 9.75, 10.0, 21.73, 9999.0, 23.93, 9999.0, 117.66, 127.73, 120.16, 91.2, 138.34
2024-11-07, 01:37:58, 136.45, 58.25, 22.82, 22.05, 9999.0, 9.77, 10.0, 21.75, 9999.0, 23.93, 9999.0, 117.68, 127.73, 120.18, 91.2, 138.36
2024-11-07, 01:38:02, 136.45, 58.25, 22.84, 22.02, 9999.0, 9.77, 10.0, 21.75, 9999.0, 23.93, 9999.0, 117.7, 127.73, 120.16, 91.2, 138.34
2024-11-07, 01:38:06, 136.45, 58.25, 22.82, 22.02, 9999.0, 9.75, 10.0, 21.75, 9999.0, 23.95, 9999.0, 117.73, 127.73, 120.18, 91.2, 138.34
2024-11-07, 01:38:11, 136.48, 58.25, 22.82, 22.02, 9999.0, 9.75, 10.0, 21.75, 9999.0, 23.98, 9999.0, 117.75, 127.73, 120.18, 91.18, 138.32
2024-11-07, 01:38:15, 136.5, 58.27, 22.84, 22.05, 9999.0, 9.73, 10.0, 21.75, 9999.0, 24.0, 9999.0, 117.77, 127.73, 120.18, 91.18, 138.32
2024-11-07, 01:38:19, 136.5, 58.27, 22.86, 22.05, 9999.0, 9.7, 10.0, 21.75, 9999.0, 24.02, 9999.0, 117.75, 127.75, 120.18, 91.18, 138.32
2024-11-07, 01:38:23, 136.48, 58.27, 22.86, 22.05, 9999.0, 9.68, 10.0, 21.73, 9999.0, 24.05, 9999.0, 117.75, 127.75, 120.18, 91.18, 138.32
2024-11-07, 01:38:27, 136.48, 58.27, 22.86, 22.02, 9999.0, 9.66, 10.0, 21.7, 9999.0, 24.07, 9999.0, 117.73, 127.75, 120.16, 91.16, 138.34
2024-11-07, 01:38:31, 136.48, 58.27, 22.86, 22.02, 9999.0, 9.64, 10.0, 21.7, 9999.0, 24.09, 9999.0, 117.68, 127.75, 120.14, 91.16, 138.32
2024-11-07, 01:38:35, 136.48, 58.27, 22.86, 22.02, 9999.0, 9.61, 10.0, 21.7, 9999.0, 24.11, 9999.0, 117.66, 127.75, 120.14, 91.16, 138.32
2024-11-07, 01:38:39, 136.48, 58.27, 22.86, 22.02, 9999.0, 9.61, 10.0, 21.7, 9999.0, 24.11, 9999.0, 117.64, 127.75, 120.14, 91.14, 138.32
2024-11-07, 01:38:43, 136.48, 58.27, 22.84, 22.02, 9999.0, 9.61, 10.0, 21.7, 9999.0, 24.11, 9999.0, 117.61, 127.73, 120.11, 91.14, 138.32
2024-11-07, 01:38:47, 136.48, 58.27, 22.84, 22.02, 9999.0, 9.61, 10.0, 21.7, 9999.0, 24.11, 9999.0, 117.59, 127.73, 120.14, 91.11, 138.32
2024-11-07, 01:38:51, 136.48, 58.27, 22.86, 22.02, 9999.0, 9.66, 10.0, 21.7, 9999.0, 24.09, 9999.0, 117.57, 127.73, 120.14, 91.09, 138.32
2024-11-07, 01:38:55, 136.48, 58.27, 22.86, 22.02, 9999.0, 9.66, 10.0, 21.7, 9999.0, 24.07, 9999.0, 117.57, 127.7, 120.14, 91.09, 138.32
2024-11-07, 01:38:59, 136.45, 58.25, 22.84, 22.0, 9999.0, 9.66, 10.0, 21.7, 9999.0, 24.05, 9999.0, 117.57, 127.7, 120.11, 91.11, 138.32
2024-11-07, 01:39:03, 136.43, 58.25, 22.84, 22.0, 9999.0, 9.68, 10.0, 21.7, 9999.0, 24.02, 9999.0, 117.59, 127.7, 120.09, 91.11, 138.32
2024-11-07, 01:39:07, 136.45, 58.25, 22.86, 22.0, 9999.0, 9.7, 10.0, 21.73, 9999.0, 23.98, 9999.0, 117.59, 127.7, 120.07, 91.11, 138.32
2024-11-07, 01:39:11, 136.43, 58.25, 22.86, 22.0, 9999.0, 9.73, 10.0, 21.75, 9999.0, 23.95, 9999.0, 117.64, 127.7, 120.09, 91.14, 138.32
2024-11-07, 01:39:15, 136.43, 58.25, 22.89, 22.0, 9999.0, 9.75, 10.0, 21.75, 9999.0, 23.95, 9999.0, 117.66, 127.7, 120.11, 91.14, 138.34
2024-11-07, 01:39:19, 136.41, 58.25, 22.86, 22.0, 9999.0, 9.77, 10.0, 21.75, 9999.0, 23.95, 9999.0, 117.68, 127.7, 120.11, 91.14, 138.34
2024-11-07, 01:39:23, 136.39, 58.25, 22.86, 22.0, 9999.0, 9.77, 10.0, 21.75, 9999.0, 23.95, 9999.0, 117.7, 127.7, 120.14, 91.14, 138.36
2024-11-07, 01:39:27, 136.36, 58.25, 22.86, 22.0, 9999.0, 9.77, 10.0, 21.75, 9999.0, 23.98, 9999.0, 117.73, 127.73, 120.16, 91.14, 138.34
2024-11-07, 01:39:31, 136.36, 58.25, 22.84, 22.0, 9999.0, 9.77, 10.0, 21.75, 9999.0, 24.0, 9999.0, 117.75, 127.73, 120.14, 91.16, 138.36
2024-11-07, 01:39:35, 136.34, 58.25, 22.84, 22.0, 9999.0, 9.73, 10.0, 21.75, 9999.0, 24.02, 9999.0, 117.77, 127.73, 120.14, 91.18, 138.39
2024-11-07, 01:39:39, 136.34, 58.25, 22.86, 22.0, 9999.0, 9.7, 10.0, 21.75, 9999.0, 24.02, 9999.0, 117.77, 127.75, 120.16, 91.2, 138.41
2024-11-07, 01:39:43, 136.34, 58.25, 22.86, 22.0, 9999.0, 9.68, 10.0, 21.75, 9999.0, 24.02, 9999.0, 117.77, 127.75, 120.18, 91.18, 138.43
2024-11-07, 01:39:47, 136.34, 58.25, 22.86, 22.0, 9999.0, 9.66, 10.0, 21.75, 9999.0, 24.02, 9999.0, 117.75, 127.75, 120.18, 91.18, 138.45
2024-11-07, 01:39:51, 136.34, 58.25, 22.86, 22.02, 9999.0, 9.64, 10.0, 21.75, 9999.0, 24.05, 9999.0, 117.73, 127.75, 120.2, 91.2, 138.45
2024-11-07, 01:39:55, 136.34, 58.25, 22.89, 22.02, 9999.0, 9.61, 10.0, 21.75, 9999.0, 24.07, 9999.0, 117.68, 127.75, 120.18, 91.18, 138.43
2024-11-07, 01:39:59, 136.34, 58.25, 22.89, 22.02, 9999.0, 9.61, 10.0, 21.75, 9999.0, 24.07, 9999.0, 117.66, 127.75, 120.18, 91.16, 138.43
2024-11-07, 01:40:03, 136.36, 58.25, 22.89, 22.02, 9999.0, 9.61, 10.0, 21.75, 9999.0, 24.07, 9999.0, 117.64, 127.75, 120.18, 91.14, 138.41
2024-11-07, 01:40:07, 136.36, 58.25, 22.91, 22.02, 9999.0, 9.61, 10.0, 21.75, 9999.0, 24.07, 9999.0, 117.61, 127.75, 120.18, 91.14, 138.39
2024-11-07, 01:40:11, 136.39, 58.25, 22.93, 22.02, 9999.0, 9.64, 10.0, 21.75, 9999.0, 24.05, 9999.0, 117.59, 127.75, 120.18, 91.14, 138.41
2024-11-07, 01:40:15, 136.39, 58.25, 22.95, 22.02, 9999.0, 9.66, 10.0, 21.73, 9999.0, 24.02, 9999.0, 117.59, 127.75, 120.2, 91.14, 138.41
2024-11-07, 01:40:19, 136.41, 58.25, 22.93, 22.02, 9999.0, 9.68, 10.0, 21.7, 9999.0, 23.98, 9999.0, 117.59, 127.75, 120.18, 91.11, 138.41
2024-11-07, 01:40:35, 136.41, 58.25, 22.91, 22.02, 9999.0, 9.7, 10.0, 21.7, 9999.0, 23.95, 9999.0, 117.59, 127.75, 120.18, 91.11, 138.41
2024-11-07, 01:40:39, 136.43, 58.25, 22.91, 22.02, 9999.0, 9.73, 10.0, 21.7, 9999.0, 23.93, 9999.0, 117.59, 127.75, 120.16, 91.14, 138.41
2024-11-07, 01:40:43, 136.45, 58.25, 22.89, 22.02, 9999.0, 9.75, 10.0, 21.7, 9999.0, 23.91, 9999.0, 117.61, 127.75, 120.18, 91.14, 138.39
2024-11-07, 01:40:47, 136.45, 58.25, 22.86, 22.02, 9999.0, 9.77, 10.0, 21.7, 9999.0, 23.91, 9999.0, 117.64, 127.75, 120.16, 91.14, 138.39
2024-11-07, 01:40:51, 136.48, 58.25, 22.86, 22.05, 9999.0, 9.8, 10.0, 21.7, 9999.0, 23.91, 9999.0, 117.66, 127.75, 120.18, 91.16, 138.39
2024-11-07, 01:40:55, 136.45, 58.25, 22.84, 22.07, 9999.0, 9.8, 10.0, 21.7, 9999.0, 23.91, 9999.0, 117.68, 127.75, 120.18, 91.18, 138.39
2024-11-07, 01:40:59, 136.45, 58.25, 22.86, 22.07, 9999.0, 9.77, 10.0, 21.7, 9999.0, 23.91, 9999.0, 117.7, 127.75, 120.18, 91.18, 138.39
2024-11-07, 01:41:03, 136.48, 58.25, 22.86, 22.07, 9999.0, 9.77, 10.0, 21.7, 9999.0, 23.91, 9999.0, 117.73, 127.75, 120.18, 91.2, 138.39
2024-11-07, 01:41:07, 136.48, 58.25, 22.86, 22.07, 9999.0, 9.73, 10.0, 21.7, 9999.0, 23.91, 9999.0, 117.75, 127.75, 120.18, 91.18, 138.39
2024-11-07, 01:41:11, 136.48, 58.25, 22.84, 22.07, 9999.0, 9.68, 10.0, 21.73, 9999.0, 23.91, 9999.0, 117.73, 127.75, 120.18, 91.18, 138.39
2024-11-07, 01:41:15, 136.48, 58.27, 22.84, 22.07, 9999.0, 9.66, 10.0, 21.75, 9999.0, 23.93, 9999.0, 117.7, 127.75, 120.2, 91.18, 138.39
2024-11-07, 01:41:20, 136.48, 58.27, 22.84, 22.07, 9999.0, 9.64, 10.0, 21.75, 9999.0, 23.95, 9999.0, 117.68, 127.75, 120.2, 91.18, 138.36
2024-11-07, 01:41:24, 136.48, 58.27, 22.86, 22.07, 9999.0, 9.61, 10.0, 21.75, 9999.0, 23.98, 9999.0, 117.66, 127.75, 120.23, 91.16, 138.34
2024-11-07, 01:41:28, 136.48, 58.27, 22.86, 22.09, 9999.0, 9.59, 10.0, 21.75, 9999.0, 24.0, 9999.0, 117.64, 127.75, 120.23, 91.16, 138.34
2024-11-07, 01:41:32, 136.45, 58.27, 22.86, 22.09, 9999.0, 9.59, 10.0, 21.75, 9999.0, 24.0, 9999.0, 117.61, 127.75, 120.23, 91.16, 138.34
2024-11-07, 01:41:36, 136.43, 58.27, 22.86, 22.07, 9999.0, 9.59, 10.0, 21.75, 9999.0, 23.98, 9999.0, 117.59, 127.75, 120.2, 91.14, 138.34
2024-11-07, 01:41:40, 136.45, 58.27, 22.86, 22.05, 9999.0, 9.59, 10.0, 21.75, 9999.0, 23.95, 9999.0, 117.57, 127.75, 120.2, 91.11, 138.32
2024-11-07, 01:41:44, 136.45, 58.27, 22.86, 22.05, 9999.0, 9.64, 10.0, 21.75, 9999.0, 23.93, 9999.0, 117.55, 127.75, 120.2, 91.14, 138.32
2024-11-07, 01:41:48, 136.45, 58.27, 22.84, 22.05, 9999.0, 9.66, 10.0, 21.75, 9999.0, 23.93, 9999.0, 117.55, 127.75, 120.2, 91.11, 138.32
2024-11-07, 01:41:52, 136.45, 58.27, 22.82, 22.05, 9999.0, 9.68, 10.0, 21.75, 9999.0, 23.93, 9999.0, 117.55, 127.73, 120.2, 91.11, 138.3
2024-11-07, 01:41:56, 136.43, 58.27, 22.84, 22.07, 9999.0, 9.7, 10.0, 21.75, 9999.0, 23.93, 9999.0, 117.57, 127.73, 120.18, 91.09, 138.27
2024-11-07, 01:42:00, 136.41, 58.25, 22.84, 22.07, 9999.0, 9.73, 10.0, 21.75, 9999.0, 23.91, 9999.0, 117.61, 127.73, 120.18, 91.09, 138.25
2024-11-07, 01:42:04, 136.41, 58.25, 22.84, 22.07, 9999.0, 9.75, 10.0, 21.75, 9999.0, 23.89, 9999.0, 117.66, 127.73, 120.18, 91.09, 138.25
2024-11-07, 01:42:08, 136.41, 58.25, 22.82, 22.07, 9999.0, 9.77, 10.0, 21.75, 9999.0, 23.86, 9999.0, 117.7, 127.73, 120.16, 91.09, 138.27
2024-11-07, 01:42:12, 136.41, 58.25, 22.84, 22.05, 9999.0, 9.8, 10.0, 21.75, 9999.0, 23.86, 9999.0, 117.73, 127.73, 120.16, 91.09, 138.3
2024-11-07, 01:42:16, 136.41, 58.25, 22.86, 22.02, 9999.0, 9.8, 10.0, 21.75, 9999.0, 23.86, 9999.0, 117.75, 127.73, 120.18, 91.09, 138.3
2024-11-07, 01:42:20, 136.41, 58.25, 22.86, 22.02, 9999.0, 9.8, 10.0, 21.75, 9999.0, 23.89, 9999.0, 117.77, 127.73, 120.2, 91.09, 138.32
2024-11-07, 01:42:24, 136.39, 58.25, 22.86, 22.05, 9999.0, 9.77, 10.0, 21.75, 9999.0, 23.91, 9999.0, 117.8, 127.73, 120.2, 91.09, 138.34
2024-11-07, 01:42:28, 136.39, 58.25, 22.84, 22.07, 9999.0, 9.75, 10.0, 21.75, 9999.0, 23.93, 9999.0, 117.82, 127.73, 120.2, 91.07, 138.36
2024-11-07, 01:42:32, 136.39, 58.25, 22.86, 22.07, 9999.0, 9.7, 10.0, 21.75, 9999.0, 23.93, 9999.0, 117.82, 127.73, 120.2, 91.09, 138.39
2024-11-07, 01:42:36, 136.39, 58.25, 22.86, 22.07, 9999.0, 9.68, 10.0, 21.75, 9999.0, 23.93, 9999.0, 117.82, 127.75, 120.18, 91.11, 138.41
2024-11-07, 01:42:40, 136.39, 58.25, 22.84, 22.05, 9999.0, 9.66, 10.0, 21.75, 9999.0, 23.93, 9999.0, 117.8, 127.75, 120.18, 91.14, 138.43
2024-11-07, 01:42:44, 136.41, 58.25, 22.86, 22.05, 9999.0, 9.64, 10.0, 21.75, 9999.0, 23.95, 9999.0, 117.75, 127.75, 120.18, 91.16, 138.45
2024-11-07, 01:42:48, 136.39, 58.25, 22.89, 22.07, 9999.0, 9.61, 10.0, 21.75, 9999.0, 23.95, 9999.0, 117.7, 127.75, 120.18, 91.14, 138.48
2024-11-07, 01:42:52, 136.36, 58.25, 22.91, 22.07, 9999.0, 9.61, 10.0, 21.75, 9999.0, 23.98, 9999.0, 117.66, 127.75, 120.2, 91.14, 138.48
2024-11-07, 01:42:56, 136.36, 58.25, 22.91, 22.07, 9999.0, 9.61, 10.0, 21.73, 9999.0, 23.98, 9999.0, 117.64, 127.75, 120.2, 91.11, 138.48
2024-11-07, 01:43:00, 136.39, 58.25, 22.91, 22.07, 9999.0, 9.61, 10.0, 21.73, 9999.0, 23.98, 9999.0, 117.61, 127.75, 120.2, 91.09, 138.48
2024-11-07, 01:43:04, 136.39, 58.25, 22.89, 22.09, 9999.0, 9.64, 10.0, 21.73, 9999.0, 23.98, 9999.0, 117.59, 127.75, 120.2, 91.09, 138.48
2024-11-07, 01:43:08, 136.39, 58.25, 22.89, 22.07, 9999.0, 9.68, 10.0, 21.73, 9999.0, 23.98, 9999.0, 117.59, 127.75, 120.18, 91.11, 138.45
2024-11-07, 01:43:12, 136.39, 58.25, 22.89, 22.05, 9999.0, 9.68, 10.0, 21.73, 9999.0, 23.98, 9999.0, 117.59, 127.75, 120.16, 91.11, 138.43
2024-11-07, 01:43:16, 136.39, 58.25, 22.86, 22.05, 9999.0, 9.7, 10.0, 21.73, 9999.0, 23.98, 9999.0, 117.59, 127.75, 120.14, 91.09, 138.41
2024-11-07, 01:43:20, 136.39, 58.25, 22.89, 22.07, 9999.0, 9.73, 10.0, 21.73, 9999.0, 23.98, 9999.0, 117.61, 127.75, 120.16, 91.09, 138.39
2024-11-07, 01:43:24, 136.41, 58.25, 22.91, 22.07, 9999.0, 9.75, 10.0, 21.73, 9999.0, 23.98, 9999.0, 117.66, 127.75, 120.18, 91.07, 138.39
2024-11-07, 01:43:28, 136.41, 58.25, 22.91, 22.07, 9999.0, 9.77, 10.0, 21.73, 9999.0, 23.95, 9999.0, 117.68, 127.75, 120.18, 91.05, 138.39
2024-11-07, 01:43:32, 136.43, 58.25, 22.91, 22.07, 9999.0, 9.8, 10.0, 21.73, 9999.0, 23.98, 9999.0, 117.7, 127.75, 120.18, 91.07, 138.39
2024-11-07, 01:43:36, 136.45, 58.25, 22.89, 22.09, 9999.0, 9.8, 10.0, 21.73, 9999.0, 23.98, 9999.0, 117.73, 127.75, 120.16, 91.07, 138.39
2024-11-07, 01:43:40, 136.45, 58.25, 22.86, 22.09, 9999.0, 9.77, 10.0, 21.75, 9999.0, 24.0, 9999.0, 117.75, 127.75, 120.14, 91.07, 138.39
2024-11-07, 01:43:44, 136.45, 58.25, 22.86, 22.09, 9999.0, 9.77, 10.0, 21.75, 9999.0, 24.02, 9999.0, 117.77, 127.75, 120.14, 91.07, 138.41
2024-11-07, 01:43:48, 136.48, 58.25, 22.86, 22.09, 9999.0, 9.73, 10.0, 21.75, 9999.0, 24.02, 9999.0, 117.8, 127.75, 120.11, 91.07, 138.39
2024-11-07, 01:43:52, 136.5, 58.27, 22.86, 22.09, 9999.0, 9.7, 10.0, 21.75, 9999.0, 24.05, 9999.0, 117.8, 127.75, 120.14, 91.05, 138.41
2024-11-07, 01:43:56, 136.5, 58.27, 22.89, 22.11, 9999.0, 9.68, 10.0, 21.75, 9999.0, 24.07, 9999.0, 117.8, 127.75, 120.14, 91.05, 138.43
2024-11-07, 01:44:00, 136.5, 58.27, 22.91, 22.11, 9999.0, 9.66, 10.0, 21.75, 9999.0, 24.09, 9999.0, 117.77, 127.75, 120.16, 91.07, 138.45
2024-11-07, 01:44:04, 136.5, 58.27, 22.91, 22.11, 9999.0, 9.64, 10.0, 21.75, 9999.0, 24.09, 9999.0, 117.73, 127.75, 120.16, 91.05, 138.48
2024-11-07, 01:44:08, 136.5, 58.27, 22.89, 22.11, 9999.0, 9.61, 10.0, 21.75, 9999.0, 24.09, 9999.0, 117.7, 127.75, 120.16, 91.05, 138.45
2024-11-07, 01:44:12, 136.5, 58.27, 22.89, 22.11, 9999.0, 9.61, 10.0, 21.75, 9999.0, 24.11, 9999.0, 117.68, 127.75, 120.16, 91.05, 138.45
2024-11-07, 01:44:16, 136.5, 58.27, 22.86, 22.11, 9999.0, 9.61, 10.0, 21.75, 9999.0, 24.11, 9999.0, 117.66, 127.75, 120.16, 91.05, 138.43
2024-11-07, 01:44:20, 136.5, 58.27, 22.89, 22.11, 9999.0, 9.61, 10.0, 21.75, 9999.0, 24.11, 9999.0, 117.64, 127.75, 120.18, 91.05, 138.41
2024-11-07, 01:44:24, 136.5, 58.27, 22.89, 22.11, 9999.0, 9.66, 10.0, 21.75, 9999.0, 24.09, 9999.0, 117.61, 127.75, 120.2, 91.05, 138.41
2024-11-07, 01:44:28, 136.5, 58.27, 22.86, 22.11, 9999.0, 9.68, 10.0, 21.75, 9999.0, 24.07, 9999.0, 117.61, 127.75, 120.2, 91.05, 138.41
2024-11-07, 01:44:32, 136.5, 58.27, 22.89, 22.09, 9999.0, 9.73, 10.0, 21.75, 9999.0, 24.07, 9999.0, 117.61, 127.75, 120.23, 91.05, 138.41
2024-11-07, 01:44:36, 136.48, 58.25, 22.91, 22.09, 9999.0, 9.73, 10.0, 21.75, 9999.0, 24.05, 9999.0, 117.61, 127.75, 120.2, 91.05, 138.39
2024-11-07, 01:44:40, 136.45, 58.25, 22.89, 22.07, 9999.0, 9.75, 10.0, 21.75, 9999.0, 24.02, 9999.0, 117.64, 127.75, 120.23, 91.07, 138.36
2024-11-07, 01:44:44, 136.45, 58.25, 22.89, 22.07, 9999.0, 9.77, 10.0, 21.75, 9999.0, 24.0, 9999.0, 117.68, 127.75, 120.23, 91.07, 138.36
2024-11-07, 01:44:48, 136.45, 58.25, 22.89, 22.05, 9999.0, 9.8, 10.0, 21.75, 9999.0, 24.0, 9999.0, 117.7, 127.75, 120.23, 91.09, 138.34
2024-11-07, 01:44:52, 136.45, 58.25, 22.91, 22.05, 9999.0, 9.82, 10.0, 21.75, 9999.0, 24.0, 9999.0, 117.7, 127.75, 120.23, 91.09, 138.34
2024-11-07, 01:44:56, 136.45, 58.25, 22.91, 22.05, 9999.0, 9.82, 10.0, 21.75, 9999.0, 24.0, 9999.0, 117.73, 127.75, 120.23, 91.11, 138.32
2024-11-07, 01:45:01, 136.45, 58.25, 22.91, 22.02, 9999.0, 9.82, 10.0, 21.75, 9999.0, 24.0, 9999.0, 117.75, 127.75, 120.23, 91.09, 138.32
2024-11-07, 01:45:05, 136.45, 58.25, 22.89, 22.02, 9999.0, 9.8, 10.0, 21.75, 9999.0, 24.02, 9999.0, 117.77, 127.75, 120.23, 91.11, 138.34
2024-11-07, 01:45:09, 136.45, 58.25, 22.91, 22.02, 9999.0, 9.77, 10.0, 21.75, 9999.0, 24.05, 9999.0, 117.8, 127.75, 120.23, 91.11, 138.32
2024-11-07, 01:45:13, 136.43, 58.27, 22.93, 22.02, 9999.0, 9.73, 10.0, 21.73, 9999.0, 24.07, 9999.0, 117.8, 127.75, 120.23, 91.14, 138.3
2024-11-07, 01:45:17, 136.43, 58.27, 22.91, 22.02, 9999.0, 9.68, 10.0, 21.73, 9999.0, 24.07, 9999.0, 117.77, 127.75, 120.23, 91.16, 138.32
2024-11-07, 01:45:21, 136.45, 58.27, 22.91, 22.02, 9999.0, 9.66, 10.0, 21.73, 9999.0, 24.07, 9999.0, 117.75, 127.75, 120.25, 91.18, 138.34
2024-11-07, 01:45:25, 136.48, 58.27, 22.91, 22.02, 9999.0, 9.64, 10.0, 21.73, 9999.0, 24.07, 9999.0, 117.7, 127.75, 120.23, 91.18, 138.34
2024-11-07, 01:45:29, 136.48, 58.27, 22.89, 22.02, 9999.0, 9.61, 10.0, 21.73, 9999.0, 24.07, 9999.0, 117.66, 127.75, 120.23, 91.16, 138.32
2024-11-07, 01:45:33, 136.48, 58.27, 22.86, 22.02, 9999.0, 9.61, 10.0, 21.73, 9999.0, 24.07, 9999.0, 117.64, 127.75, 120.23, 91.16, 138.34
2024-11-07, 01:45:37, 136.48, 58.27, 22.84, 22.02, 9999.0, 9.61, 10.0, 21.73, 9999.0, 24.07, 9999.0, 117.61, 127.75, 120.23, 91.18, 138.34
2024-11-07, 01:45:41, 136.45, 58.27, 22.82, 22.02, 9999.0, 9.61, 10.0, 21.73, 9999.0, 24.07, 9999.0, 117.59, 127.75, 120.23, 91.16, 138.36
2024-11-07, 01:45:45, 136.43, 58.27, 22.84, 22.02, 9999.0, 9.64, 10.0, 21.73, 9999.0, 24.07, 9999.0, 117.57, 127.75, 120.23, 91.16, 138.36
2024-11-07, 01:45:49, 136.43, 58.27, 22.84, 22.0, 9999.0, 9.68, 10.0, 21.73, 9999.0, 24.02, 9999.0, 117.57, 127.75, 120.2, 91.14, 138.36
2024-11-07, 01:45:53, 136.43, 58.27, 22.82, 22.0, 9999.0, 9.68, 10.0, 21.73, 9999.0, 24.0, 9999.0, 117.57, 127.75, 120.2, 91.14, 138.39
2024-11-07, 01:45:57, 136.45, 58.25, 22.8, 22.02, 9999.0, 9.7, 10.0, 21.75, 9999.0, 23.98, 9999.0, 117.57, 127.75, 120.2, 91.11, 138.39
2024-11-07, 01:46:01, 136.45, 58.25, 22.82, 22.02, 9999.0, 9.73, 10.0, 21.75, 9999.0, 23.95, 9999.0, 117.59, 127.75, 120.2, 91.09, 138.36
2024-11-07, 01:46:05, 136.45, 58.25, 22.8, 22.02, 9999.0, 9.75, 10.0, 21.75, 9999.0, 23.93, 9999.0, 117.64, 127.75, 120.2, 91.09, 138.34
2024-11-07, 01:46:09, 136.45, 58.25, 22.8, 22.02, 9999.0, 9.77, 10.0, 21.75, 9999.0, 23.91, 9999.0, 117.66, 127.75, 120.23, 91.09, 138.34
2024-11-07, 01:46:13, 136.45, 58.25, 22.8, 22.02, 9999.0, 9.8, 10.0, 21.75, 9999.0, 23.91, 9999.0, 117.68, 127.75, 120.23, 91.09, 138.36
2024-11-07, 01:46:17, 136.45, 58.25, 22.82, 22.02, 9999.0, 9.8, 10.0, 21.75, 9999.0, 23.91, 9999.0, 117.7, 127.75, 120.23, 91.09, 138.34
2024-11-07, 01:46:21, 136.43, 58.25, 22.84, 22.02, 9999.0, 9.8, 10.0, 21.75, 9999.0, 23.93, 9999.0, 117.73, 127.75, 120.23, 91.07, 138.36
2024-11-07, 01:46:25, 136.45, 58.25, 22.84, 22.02, 9999.0, 9.8, 10.0, 21.75, 9999.0, 23.95, 9999.0, 117.75, 127.75, 120.23, 91.09, 138.34
2024-11-07, 01:46:29, 136.48, 58.25, 22.82, 22.02, 9999.0, 9.75, 10.0, 21.75, 9999.0, 23.98, 9999.0, 117.77, 127.75, 120.2, 91.11, 138.36
2024-11-07, 01:46:33, 136.45, 58.25, 22.82, 22.02, 9999.0, 9.7, 10.0, 21.75, 9999.0, 24.02, 9999.0, 117.77, 127.75, 120.23, 91.11, 138.36
2024-11-07, 01:46:37, 136.45, 58.25, 22.82, 22.05, 9999.0, 9.68, 10.0, 21.75, 9999.0, 24.05, 9999.0, 117.77, 127.75, 120.23, 91.14, 138.34
2024-11-07, 01:46:41, 136.45, 58.25, 22.82, 22.02, 9999.0, 9.66, 10.0, 21.75, 9999.0, 24.05, 9999.0, 117.75, 127.75, 120.23, 91.14, 138.34
2024-11-07, 01:46:45, 136.45, 58.25, 22.8, 22.02, 9999.0, 9.64, 10.0, 21.75, 9999.0, 24.07, 9999.0, 117.75, 127.75, 120.2, 91.14, 138.36
2024-11-07, 01:46:49, 136.45, 58.25, 22.8, 22.02, 9999.0, 9.61, 10.0, 21.75, 9999.0, 24.09, 9999.0, 117.73, 127.75, 120.2, 91.14, 138.36
2024-11-07, 01:46:53, 136.45, 58.25, 22.8, 22.02, 9999.0, 9.61, 10.0, 21.75, 9999.0, 24.11, 9999.0, 117.7, 127.75, 120.2, 91.14, 138.36
2024-11-07, 01:46:57, 136.45, 58.25, 22.82, 22.02, 9999.0, 9.61, 10.0, 21.73, 9999.0, 24.11, 9999.0, 117.68, 127.75, 120.2, 91.14, 138.34
2024-11-07, 01:47:01, 136.45, 58.25, 22.8, 22.02, 9999.0, 9.61, 10.0, 21.73, 9999.0, 24.11, 9999.0, 117.66, 127.75, 120.2, 91.11, 138.34
2024-11-07, 01:47:05, 136.48, 58.25, 22.77, 22.02, 9999.0, 9.64, 10.0, 21.73, 9999.0, 24.07, 9999.0, 117.64, 127.75, 120.2, 91.11, 138.32
2024-11-07, 01:47:09, 136.48, 58.25, 22.77, 22.02, 9999.0, 9.64, 10.0, 21.73, 9999.0, 24.05, 9999.0, 117.64, 127.75, 120.2, 91.09, 138.32
2024-11-07, 01:47:13, 136.48, 58.25, 22.77, 22.02, 9999.0, 9.66, 10.0, 21.7, 9999.0, 24.0, 9999.0, 117.64, 127.75, 120.2, 91.07, 138.32
2024-11-07, 01:47:17, 136.5, 58.25, 22.8, 22.02, 9999.0, 9.68, 10.0, 21.7, 9999.0, 23.95, 9999.0, 117.64, 127.75, 120.2, 91.07, 138.3
2024-11-07, 01:47:21, 136.5, 58.25, 22.8, 22.0, 9999.0, 9.7, 10.0, 21.7, 9999.0, 23.91, 9999.0, 117.64, 127.75, 120.2, 91.07, 138.32
2024-11-07, 01:47:25, 136.5, 58.25, 22.8, 22.0, 9999.0, 9.73, 10.0, 21.7, 9999.0, 23.89, 9999.0, 117.68, 127.75, 120.2, 91.07, 138.34
2024-11-07, 01:47:29, 136.5, 58.25, 22.8, 22.0, 9999.0, 9.75, 10.0, 21.7, 9999.0, 23.86, 9999.0, 117.68, 127.75, 120.23, 91.09, 138.32
2024-11-07, 01:47:33, 136.5, 58.25, 22.8, 22.0, 9999.0, 9.77, 10.0, 21.7, 9999.0, 23.86, 9999.0, 117.68, 127.75, 120.23, 91.07, 138.34
2024-11-07, 01:47:37, 136.5, 58.25, 22.82, 22.0, 9999.0, 9.77, 10.0, 21.7, 9999.0, 23.86, 9999.0, 117.7, 127.75, 120.23, 91.05, 138.36
2024-11-07, 01:47:41, 136.5, 58.25, 22.82, 22.0, 9999.0, 9.77, 10.0, 21.73, 9999.0, 23.86, 9999.0, 117.73, 127.75, 120.23, 91.05, 138.36
2024-11-07, 01:47:45, 136.5, 58.25, 22.82, 22.0, 9999.0, 9.77, 10.0, 21.73, 9999.0, 23.86, 9999.0, 117.75, 127.75, 120.23, 91.05, 138.39
2024-11-07, 01:47:49, 136.5, 58.25, 22.82, 22.0, 9999.0, 9.73, 10.0, 21.73, 9999.0, 23.89, 9999.0, 117.77, 127.75, 120.23, 91.05, 138.41
2024-11-07, 01:47:53, 136.5, 58.25, 22.82, 22.0, 9999.0, 9.7, 10.0, 21.73, 9999.0, 23.89, 9999.0, 117.77, 127.75, 120.2, 91.05, 138.41
2024-11-07, 01:47:57, 136.48, 58.25, 22.82, 22.0, 9999.0, 9.68, 10.0, 21.75, 9999.0, 23.91, 9999.0, 117.77, 127.75, 120.23, 91.05, 138.39
2024-11-07, 01:48:01, 136.48, 58.25, 22.8, 22.0, 9999.0, 9.66, 10.0, 21.73, 9999.0, 23.93, 9999.0, 117.77, 127.75, 120.2, 91.05, 138.39
2024-11-07, 01:48:05, 136.48, 58.25, 22.8, 22.0, 9999.0, 9.64, 10.0, 21.73, 9999.0, 23.95, 9999.0, 117.75, 127.75, 120.18, 91.05, 138.39
2024-11-07, 01:48:09, 136.45, 58.25, 22.8, 22.0, 9999.0, 9.61, 10.0, 21.73, 9999.0, 23.98, 9999.0, 117.73, 127.75, 120.18, 91.07, 138.36
2024-11-07, 01:48:13, 136.43, 58.25, 22.82, 22.0, 9999.0, 9.61, 10.0, 21.73, 9999.0, 23.98, 9999.0, 117.7, 127.75, 120.18, 91.05, 138.36
2024-11-07, 01:48:17, 136.43, 58.25, 22.82, 22.0, 9999.0, 9.61, 10.0, 21.7, 9999.0, 23.95, 9999.0, 117.68, 127.75, 120.18, 91.05, 138.36
2024-11-07, 01:48:21, 136.41, 58.25, 22.8, 22.0, 9999.0, 9.61, 10.0, 21.7, 9999.0, 23.93, 9999.0, 117.66, 127.75, 120.16, 91.05, 138.34
2024-11-07, 01:48:25, 136.41, 58.25, 22.8, 22.0, 9999.0, 9.64, 10.0, 21.7, 9999.0, 23.91, 9999.0, 117.64, 127.75, 120.16, 91.05, 138.34
2024-11-07, 01:48:29, 136.39, 58.25, 22.8, 22.0, 9999.0, 9.64, 10.0, 21.7, 9999.0, 23.89, 9999.0, 117.64, 127.75, 120.14, 91.05, 138.32
2024-11-07, 01:48:33, 136.36, 58.25, 22.8, 22.0, 9999.0, 9.66, 10.0, 21.7, 9999.0, 23.86, 9999.0, 117.64, 127.75, 120.11, 91.05, 138.3
2024-11-07, 01:48:37, 136.36, 58.25, 22.8, 22.0, 9999.0, 9.68, 10.0, 21.7, 9999.0, 23.84, 9999.0, 117.64, 127.75, 120.11, 91.07, 138.3
2024-11-07, 01:48:41, 136.39, 58.25, 22.8, 22.0, 9999.0, 9.7, 10.0, 21.7, 9999.0, 23.82, 9999.0, 117.66, 127.75, 120.11, 91.09, 138.3
2024-11-07, 01:48:46, 136.39, 58.25, 22.8, 22.0, 9999.0, 9.73, 10.0, 21.73, 9999.0, 23.8, 9999.0, 117.68, 127.75, 120.14, 91.11, 138.32
2024-11-07, 01:48:50, 136.39, 58.25, 22.82, 22.0, 9999.0, 9.75, 10.0, 21.73, 9999.0, 23.77, 9999.0, 117.7, 127.75, 120.16, 91.11, 138.3
2024-11-07, 01:48:54, 136.41, 58.25, 22.82, 22.0, 9999.0, 9.77, 10.0, 21.73, 9999.0, 23.77, 9999.0, 117.7, 127.75, 120.16, 91.11, 138.32
2024-11-07, 01:48:58, 136.43, 58.25, 22.8, 22.0, 9999.0, 9.77, 10.0, 21.7, 9999.0, 23.8, 9999.0, 117.73, 127.75, 120.16, 91.11, 138.32
2024-11-07, 01:49:02, 136.41, 58.25, 22.8, 22.0, 9999.0, 9.75, 10.0, 21.73, 9999.0, 23.82, 9999.0, 117.75, 127.75, 120.16, 91.14, 138.32
2024-11-07, 01:49:06, 136.43, 58.25, 22.82, 22.0, 9999.0, 9.73, 10.0, 21.73, 9999.0, 23.84, 9999.0, 117.77, 127.75, 120.18, 91.14, 138.32
2024-11-07, 01:49:10, 136.43, 58.25, 22.8, 22.0, 9999.0, 9.68, 10.0, 21.73, 9999.0, 23.89, 9999.0, 117.8, 127.75, 120.18, 91.16, 138.34
2024-11-07, 01:49:14, 136.43, 58.25, 22.82, 22.0, 9999.0, 9.66, 10.0, 21.73, 9999.0, 23.91, 9999.0, 117.8, 127.75, 120.18, 91.18, 138.34
2024-11-07, 01:49:18, 136.45, 58.25, 22.82, 22.0, 9999.0, 9.64, 10.0, 21.73, 9999.0, 23.93, 9999.0, 117.8, 127.75, 120.18, 91.18, 138.36
2024-11-07, 01:49:22, 136.45, 58.25, 22.82, 22.0, 9999.0, 9.61, 10.0, 21.73, 9999.0, 23.95, 9999.0, 117.77, 127.75, 120.2, 91.16, 138.39
2024-11-07, 01:49:26, 136.45, 58.25, 22.82, 22.0, 9999.0, 9.59, 10.0, 21.73, 9999.0, 23.98, 9999.0, 117.73, 127.75, 120.18, 91.14, 138.39
2024-11-07, 01:49:30, 136.45, 58.25, 22.82, 22.0, 9999.0, 9.57, 10.0, 21.73, 9999.0, 24.0, 9999.0, 117.68, 127.75, 120.16, 91.11, 138.36
2024-11-07, 01:49:34, 136.43, 58.25, 22.82, 22.0, 9999.0, 9.57, 10.0, 21.73, 9999.0, 24.02, 9999.0, 117.66, 127.75, 120.16, 91.09, 138.36
2024-11-07, 01:49:38, 136.43, 58.25, 22.84, 22.0, 9999.0, 9.57, 10.0, 21.73, 9999.0, 24.02, 9999.0, 117.64, 127.75, 120.16, 91.07, 138.34
2024-11-07, 01:49:42, 136.41, 58.25, 22.84, 22.0, 9999.0, 9.57, 10.0, 21.75, 9999.0, 24.0, 9999.0, 117.61, 127.73, 120.16, 91.07, 138.36
2024-11-07, 01:49:46, 136.43, 58.25, 22.86, 22.0, 9999.0, 9.59, 10.0, 21.75, 9999.0, 23.98, 9999.0, 117.59, 127.73, 120.16, 91.05, 138.36
2024-11-07, 01:49:50, 136.43, 58.25, 22.86, 22.0, 9999.0, 9.61, 10.0, 21.75, 9999.0, 23.95, 9999.0, 117.59, 127.73, 120.16, 91.05, 138.36
2024-11-07, 01:49:54, 136.41, 58.25, 22.86, 22.0, 9999.0, 9.64, 10.0, 21.75, 9999.0, 23.91, 9999.0, 117.59, 127.73, 120.16, 91.02, 138.34
2024-11-07, 01:49:58, 136.43, 58.25, 22.84, 22.0, 9999.0, 9.66, 10.0, 21.75, 9999.0, 23.89, 9999.0, 117.59, 127.73, 120.16, 91.02, 138.34
2024-11-07, 01:50:02, 136.41, 58.25, 22.84, 22.0, 9999.0, 9.68, 10.0, 21.75, 9999.0, 23.84, 9999.0, 117.61, 127.73, 120.18, 91.02, 138.32
2024-11-07, 01:50:06, 136.39, 58.25, 22.84, 22.0, 9999.0, 9.7, 10.0, 21.75, 9999.0, 23.8, 9999.0, 117.64, 127.73, 120.18, 91.02, 138.32
2024-11-07, 01:50:10, 136.39, 58.25, 22.86, 22.0, 9999.0, 9.73, 10.0, 21.75, 9999.0, 23.77, 9999.0, 117.66, 127.73, 120.2, 91.02, 138.34
2024-11-07, 01:50:14, 136.39, 58.25, 22.89, 22.0, 9999.0, 9.75, 10.0, 21.75, 9999.0, 23.75, 9999.0, 117.68, 127.73, 120.23, 91.05, 138.36
2024-11-07, 01:50:18, 136.39, 58.25, 22.89, 22.0, 9999.0, 9.75, 10.0, 21.75, 9999.0, 23.73, 9999.0, 117.7, 127.73, 120.23, 91.07, 138.39
2024-11-07, 01:50:22, 136.39, 58.25, 22.89, 22.0, 9999.0, 9.75, 10.0, 21.75, 9999.0, 23.73, 9999.0, 117.73, 127.73, 120.23, 91.09, 138.41
2024-11-07, 01:50:26, 136.41, 58.25, 22.89, 22.0, 9999.0, 9.75, 10.0, 21.75, 9999.0, 23.73, 9999.0, 117.75, 127.75, 120.2, 91.09, 138.41
2024-11-07, 01:50:30, 136.41, 58.25, 22.86, 22.0, 9999.0, 9.73, 10.0, 21.75, 9999.0, 23.73, 9999.0, 117.77, 127.75, 120.2, 91.11, 138.41
2024-11-07, 01:50:34, 136.41, 58.25, 22.86, 22.0, 9999.0, 9.7, 10.0, 21.75, 9999.0, 23.73, 9999.0, 117.77, 127.75, 120.2, 91.14, 138.43
2024-11-07, 01:51:23, 136.43, 58.25, 22.86, 22.0, 9999.0, 9.68, 10.0, 21.73, 9999.0, 23.7, 9999.0, 117.77, 127.75, 120.2, 91.14, 138.45
2024-11-07, 01:51:27, 136.43, 58.25, 22.86, 22.0, 9999.0, 9.66, 10.0, 21.73, 9999.0, 23.68, 9999.0, 117.77, 127.75, 120.23, 91.11, 138.48
2024-11-07, 01:51:31, 136.45, 58.25, 22.86, 22.0, 9999.0, 9.64, 10.0, 21.73, 9999.0, 23.7, 9999.0, 117.75, 127.75, 120.23, 91.14, 138.5
2024-11-07, 01:51:35, 136.48, 58.25, 22.89, 22.0, 9999.0, 9.61, 10.0, 21.73, 9999.0, 23.7, 9999.0, 117.73, 127.75, 120.23, 91.14, 138.5
2024-11-07, 01:51:39, 136.48, 58.25, 22.89, 22.0, 9999.0, 9.61, 10.0, 21.73, 9999.0, 23.68, 9999.0, 117.7, 127.75, 120.23, 91.14, 138.5
2024-11-07, 01:51:43, 136.48, 58.25, 22.86, 22.0, 9999.0, 9.61, 10.0, 21.73, 9999.0, 23.66, 9999.0, 117.68, 127.75, 120.23, 91.11, 138.5
2024-11-07, 01:51:47, 136.48, 58.25, 22.86, 22.0, 9999.0, 9.64, 10.0, 21.73, 9999.0, 23.64, 9999.0, 117.66, 127.75, 120.23, 91.11, 138.5
2024-11-07, 01:51:51, 136.48, 58.25, 22.86, 22.0, 9999.0, 9.66, 10.0, 21.73, 9999.0, 23.59, 9999.0, 117.64, 127.75, 120.2, 91.11, 138.5
2024-11-07, 01:51:55, 136.48, 58.25, 22.86, 22.0, 9999.0, 9.68, 10.0, 21.73, 9999.0, 23.57, 9999.0, 117.64, 127.75, 120.23, 91.14, 138.48
2024-11-07, 01:51:59, 136.48, 58.25, 22.86, 22.0, 9999.0, 9.7, 10.0, 21.73, 9999.0, 23.55, 9999.0, 117.64, 127.75, 120.2, 91.14, 138.48
2024-11-07, 01:52:03, 136.48, 58.25, 22.84, 22.0, 9999.0, 9.73, 10.0, 21.73, 9999.0, 23.52, 9999.0, 117.64, 127.75, 120.2, 91.14, 138.48
2024-11-07, 01:52:07, 136.48, 58.25, 22.84, 22.0, 9999.0, 9.75, 10.02, 21.75, 9999.0, 23.52, 9999.0, 117.66, 127.75, 120.2, 91.16, 138.48
2024-11-07, 01:52:11, 136.45, 58.25, 22.86, 22.0, 9999.0, 9.77, 10.02, 21.75, 9999.0, 23.52, 9999.0, 117.68, 127.75, 120.2, 91.16, 138.48
2024-11-07, 01:52:15, 136.45, 58.25, 22.89, 22.0, 9999.0, 9.8, 10.02, 21.75, 9999.0, 23.52, 9999.0, 117.68, 127.75, 120.2, 91.16, 138.48
2024-11-07, 01:52:19, 136.45, 58.25, 22.89, 22.02, 9999.0, 9.82, 10.02, 21.75, 9999.0, 23.55, 9999.0, 117.7, 127.75, 120.2, 91.18, 138.48
2024-11-07, 01:52:23, 136.45, 58.25, 22.86, 22.02, 9999.0, 9.82, 10.02, 21.75, 9999.0, 23.57, 9999.0, 117.73, 127.75, 120.2, 91.2, 138.48
2024-11-07, 01:52:27, 136.43, 58.25, 22.89, 22.02, 9999.0, 9.8, 10.02, 21.75, 9999.0, 23.59, 9999.0, 117.75, 127.75, 120.2, 91.2, 138.48
2024-11-07, 01:52:31, 136.45, 58.25, 22.86, 22.02, 9999.0, 9.77, 10.02, 21.75, 9999.0, 23.61, 9999.0, 117.77, 127.75, 120.2, 91.2, 138.48
2024-11-07, 01:52:35, 136.43, 58.25, 22.86, 22.02, 9999.0, 9.73, 10.02, 21.75, 9999.0, 23.64, 9999.0, 117.8, 127.75, 120.23, 91.2, 138.48
2024-11-07, 01:52:39, 136.41, 58.25, 22.89, 22.05, 9999.0, 9.68, 10.02, 21.75, 9999.0, 23.66, 9999.0, 117.77, 127.75, 120.23, 91.18, 138.5
2024-11-07, 01:52:43, 136.39, 58.25, 22.91, 22.05, 9999.0, 9.66, 10.02, 21.75, 9999.0, 23.68, 9999.0, 117.77, 127.75, 120.25, 91.16, 138.5
2024-11-07, 01:52:47, 136.39, 58.25, 22.93, 22.05, 9999.0, 9.64, 10.02, 21.73, 9999.0, 23.68, 9999.0, 117.77, 127.75, 120.25, 91.14, 138.5
2024-11-07, 01:52:52, 136.39, 58.25, 22.95, 22.05, 9999.0, 9.61, 10.0, 21.73, 9999.0, 23.68, 9999.0, 117.73, 127.75, 120.25, 91.14, 138.5
2024-11-07, 01:52:56, 136.41, 58.25, 22.95, 22.05, 9999.0, 9.61, 10.0, 21.73, 9999.0, 23.68, 9999.0, 117.68, 127.75, 120.25, 91.16, 138.5
2024-11-07, 01:53:00, 136.39, 58.25, 22.95, 22.05, 9999.0, 9.61, 10.0, 21.73, 9999.0, 23.66, 9999.0, 117.66, 127.75, 120.25, 91.16, 138.5
2024-11-07, 01:53:04, 136.36, 58.25, 22.93, 22.02, 9999.0, 9.61, 10.0, 21.73, 9999.0, 23.64, 9999.0, 117.64, 127.75, 120.23, 91.14, 138.5
2024-11-07, 01:53:08, 136.36, 58.25, 22.95, 22.02, 9999.0, 9.64, 10.0, 21.73, 9999.0, 23.61, 9999.0, 117.61, 127.75, 120.23, 91.11, 138.5
2024-11-07, 01:53:12, 136.39, 58.25, 22.95, 22.02, 9999.0, 9.68, 10.0, 21.73, 9999.0, 23.59, 9999.0, 117.59, 127.75, 120.2, 91.14, 138.5
2024-11-07, 01:53:16, 136.39, 58.25, 22.98, 22.02, 9999.0, 9.7, 10.0, 21.73, 9999.0, 23.57, 9999.0, 117.59, 127.75, 120.2, 91.11, 138.5
2024-11-07, 01:53:20, 136.41, 58.25, 22.95, 22.05, 9999.0, 9.73, 10.0, 21.73, 9999.0, 23.55, 9999.0, 117.59, 127.75, 120.2, 91.09, 138.5
2024-11-07, 01:53:24, 136.43, 58.25, 22.95, 22.05, 9999.0, 9.75, 10.0, 21.73, 9999.0, 23.52, 9999.0, 117.61, 127.75, 120.2, 91.11, 138.5
2024-11-07, 01:53:28, 136.45, 58.25, 22.93, 22.05, 9999.0, 9.77, 10.0, 21.73, 9999.0, 23.5, 9999.0, 117.64, 127.75, 120.2, 91.14, 138.5
2024-11-07, 01:53:32, 136.45, 58.25, 22.93, 22.05, 9999.0, 9.8, 10.0, 21.75, 9999.0, 23.5, 9999.0, 117.66, 127.75, 120.2, 91.16, 138.5
2024-11-07, 01:53:36, 136.45, 58.25, 22.93, 22.05, 9999.0, 9.82, 10.0, 21.75, 9999.0, 23.5, 9999.0, 117.68, 127.75, 120.2, 91.16, 138.5
2024-11-07, 01:53:40, 136.43, 58.25, 22.93, 22.07, 9999.0, 9.82, 10.0, 21.75, 9999.0, 23.52, 9999.0, 117.7, 127.75, 120.18, 91.16, 138.5
2024-11-07, 01:53:44, 136.43, 58.25, 22.93, 22.07, 9999.0, 9.82, 10.0, 21.75, 9999.0, 23.57, 9999.0, 117.75, 127.75, 120.18, 91.16, 138.5
2024-11-07, 01:53:48, 136.45, 58.25, 22.95, 22.07, 9999.0, 9.8, 10.0, 21.75, 9999.0, 23.61, 9999.0, 117.77, 127.75, 120.2, 91.16, 138.5
2024-11-07, 01:53:52, 136.45, 58.25, 22.95, 22.09, 9999.0, 9.75, 10.0, 21.75, 9999.0, 23.66, 9999.0, 117.8, 127.75, 120.2, 91.16, 138.5
2024-11-07, 01:53:56, 136.43, 58.25, 22.95, 22.11, 9999.0, 9.73, 10.0, 21.75, 9999.0, 23.68, 9999.0, 117.82, 127.75, 120.23, 91.16, 138.5
2024-11-07, 01:54:00, 136.43, 58.25, 22.95, 22.14, 9999.0, 9.7, 10.0, 21.75, 9999.0, 23.7, 9999.0, 117.82, 127.75, 120.23, 91.18, 138.5
2024-11-07, 01:54:04, 136.43, 58.25, 22.98, 22.11, 9999.0, 9.68, 10.0, 21.75, 9999.0, 23.73, 9999.0, 117.82, 127.75, 120.23, 91.2, 138.5
2024-11-07, 01:54:08, 136.43, 58.25, 22.98, 22.11, 9999.0, 9.66, 10.0, 21.75, 9999.0, 23.75, 9999.0, 117.82, 127.75, 120.23, 91.18, 138.5
2024-11-07, 01:54:12, 136.43, 58.25, 23.0, 22.11, 9999.0, 9.64, 10.0, 21.75, 9999.0, 23.77, 9999.0, 117.77, 127.75, 120.23, 91.18, 138.5
2024-11-07, 01:54:16, 136.43, 58.25, 23.0, 22.14, 9999.0, 9.64, 10.0, 21.75, 9999.0, 23.8, 9999.0, 117.75, 127.75, 120.23, 91.18, 138.5
2024-11-07, 01:54:20, 136.43, 58.25, 23.0, 22.16, 9999.0, 9.64, 10.0, 21.75, 9999.0, 23.8, 9999.0, 117.73, 127.75, 120.23, 91.18, 138.5
2024-11-07, 01:54:24, 136.45, 58.25, 23.0, 22.16, 9999.0, 9.64, 10.0, 21.75, 9999.0, 23.77, 9999.0, 117.7, 127.75, 120.23, 91.18, 138.5
2024-11-07, 01:54:28, 136.48, 58.25, 22.98, 22.16, 9999.0, 9.66, 10.0, 21.75, 9999.0, 23.73, 9999.0, 117.68, 127.75, 120.23, 91.18, 138.5
2024-11-07, 01:54:32, 136.48, 58.25, 22.95, 22.16, 9999.0, 9.7, 10.0, 21.75, 9999.0, 23.68, 9999.0, 117.68, 127.75, 120.23, 91.18, 138.5
2024-11-07, 01:54:36, 136.45, 58.25, 22.95, 22.14, 9999.0, 9.75, 10.0, 21.75, 9999.0, 23.64, 9999.0, 117.68, 127.75, 120.23, 91.18, 138.5
2024-11-07, 01:54:40, 136.48, 58.25, 22.95, 22.14, 9999.0, 9.75, 10.0, 21.75, 9999.0, 23.61, 9999.0, 117.68, 127.75, 120.23, 91.16, 138.5
2024-11-07, 01:54:44, 136.45, 58.25, 22.95, 22.14, 9999.0, 9.75, 10.0, 21.75, 9999.0, 23.59, 9999.0, 117.7, 127.75, 120.23, 91.16, 138.5
2024-11-07, 01:54:48, 136.45, 58.27, 22.95, 22.14, 9999.0, 9.77, 10.02, 21.75, 9999.0, 23.57, 9999.0, 117.73, 127.75, 120.23, 91.14, 138.5
2024-11-07, 01:54:52, 136.43, 58.27, 22.95, 22.14, 9999.0, 9.8, 10.02, 21.75, 9999.0, 23.55, 9999.0, 117.75, 127.75, 120.23, 91.16, 138.5
2024-11-07, 01:54:56, 136.43, 58.27, 22.95, 22.16, 9999.0, 9.82, 10.02, 21.75, 9999.0, 23.55, 9999.0, 117.77, 127.75, 120.23, 91.16, 138.5
2024-11-07, 01:55:00, 136.43, 58.27, 22.95, 22.16, 9999.0, 9.82, 10.02, 21.75, 9999.0, 23.55, 9999.0, 117.8, 127.75, 120.23, 91.16, 138.5
2024-11-07, 01:55:04, 136.43, 58.27, 22.95, 22.14, 9999.0, 9.82, 10.02, 21.75, 9999.0, 23.59, 9999.0, 117.82, 127.75, 120.23, 91.16, 138.5
2024-11-07, 01:55:08, 136.41, 58.27, 22.95, 22.11, 9999.0, 9.82, 10.02, 21.75, 9999.0, 23.64, 9999.0, 117.84, 127.75, 120.25, 91.16, 138.5
2024-11-07, 01:55:12, 136.39, 58.27, 22.98, 22.14, 9999.0, 9.77, 10.02, 21.75, 9999.0, 23.68, 9999.0, 117.84, 127.75, 120.25, 91.16, 138.5
2024-11-07, 01:55:16, 136.39, 58.27, 23.0, 22.16, 9999.0, 9.73, 10.02, 21.75, 9999.0, 23.73, 9999.0, 117.84, 127.75, 120.25, 91.16, 138.5
2024-11-07, 01:55:20, 136.41, 58.27, 23.0, 22.18, 9999.0, 9.7, 10.02, 21.75, 9999.0, 23.77, 9999.0, 117.84, 127.75, 120.25, 91.18, 138.5
2024-11-07, 01:55:24, 136.39, 58.27, 23.0, 22.18, 9999.0, 9.68, 10.02, 21.75, 9999.0, 23.82, 9999.0, 117.84, 127.75, 120.25, 91.2, 138.5
2024-11-07, 01:55:28, 136.41, 58.27, 23.0, 22.18, 9999.0, 9.68, 10.02, 21.75, 9999.0, 23.86, 9999.0, 117.82, 127.75, 120.25, 91.2, 138.5
2024-11-07, 01:55:32, 136.41, 58.25, 23.0, 22.18, 9999.0, 9.66, 10.0, 21.75, 9999.0, 23.89, 9999.0, 117.77, 127.75, 120.25, 91.23, 138.5
2024-11-07, 01:55:36, 136.43, 58.25, 23.0, 22.16, 9999.0, 9.66, 10.0, 21.75, 9999.0, 23.91, 9999.0, 117.73, 127.75, 120.25, 91.2, 138.5
2024-11-07, 01:55:40, 136.41, 58.25, 22.98, 22.16, 9999.0, 9.66, 10.0, 21.75, 9999.0, 23.91, 9999.0, 117.7, 127.75, 120.25, 91.18, 138.5
2024-11-07, 01:55:44, 136.41, 58.25, 22.95, 22.16, 9999.0, 9.66, 10.0, 21.75, 9999.0, 23.91, 9999.0, 117.66, 127.75, 120.25, 91.18, 138.5
2024-11-07, 01:55:48, 136.39, 58.25, 22.95, 22.18, 9999.0, 9.66, 10.0, 21.75, 9999.0, 23.89, 9999.0, 117.64, 127.75, 120.25, 91.16, 138.5
2024-11-07, 01:55:52, 136.39, 58.25, 22.95, 22.2, 9999.0, 9.66, 10.0, 21.75, 9999.0, 23.86, 9999.0, 117.64, 127.75, 120.23, 91.16, 138.5
2024-11-07, 01:55:56, 136.39, 58.25, 22.95, 22.18, 9999.0, 9.68, 10.0, 21.75, 9999.0, 23.84, 9999.0, 117.64, 127.75, 120.23, 91.16, 138.5
2024-11-07, 01:56:00, 136.39, 58.25, 22.95, 22.18, 9999.0, 9.7, 10.0, 21.75, 9999.0, 23.82, 9999.0, 117.64, 127.75, 120.2, 91.18, 138.5
2024-11-07, 01:56:04, 136.36, 58.25, 22.95, 22.16, 9999.0, 9.7, 10.02, 21.75, 9999.0, 23.8, 9999.0, 117.66, 127.75, 120.2, 91.16, 138.5
2024-11-07, 01:56:08, 136.39, 58.25, 22.95, 22.14, 9999.0, 9.73, 10.02, 21.75, 9999.0, 23.77, 9999.0, 117.68, 127.75, 120.2, 91.14, 138.5
2024-11-07, 01:56:12, 136.36, 58.25, 22.95, 22.11, 9999.0, 9.73, 10.02, 21.75, 9999.0, 23.77, 9999.0, 117.7, 127.75, 120.2, 91.11, 138.5
2024-11-07, 01:56:16, 136.36, 58.25, 22.95, 22.11, 9999.0, 9.75, 10.02, 21.75, 9999.0, 23.8, 9999.0, 117.73, 127.75, 120.2, 91.11, 138.5
2024-11-07, 01:56:20, 136.36, 58.25, 22.95, 22.11, 9999.0, 9.75, 10.02, 21.75, 9999.0, 23.82, 9999.0, 117.75, 127.75, 120.2, 91.11, 138.5
2024-11-07, 01:56:24, 136.36, 58.25, 22.98, 22.11, 9999.0, 9.75, 10.02, 21.75, 9999.0, 23.84, 9999.0, 117.77, 127.75, 120.2, 91.11, 138.5
2024-11-07, 01:56:28, 136.34, 58.25, 23.0, 22.09, 9999.0, 9.73, 10.02, 21.75, 9999.0, 23.89, 9999.0, 117.8, 127.75, 120.2, 91.09, 138.5
2024-11-07, 01:56:32, 136.36, 58.25, 23.0, 22.07, 9999.0, 9.73, 10.02, 21.75, 9999.0, 23.91, 9999.0, 117.82, 127.75, 120.2, 91.09, 138.5
2024-11-07, 01:56:36, 136.36, 58.25, 23.0, 22.05, 9999.0, 9.7, 10.02, 21.75, 9999.0, 23.93, 9999.0, 117.82, 127.75, 120.23, 91.07, 138.5
2024-11-07, 01:56:41, 136.39, 58.25, 23.0, 22.05, 9999.0, 9.68, 10.02, 21.75, 9999.0, 23.95, 9999.0, 117.82, 127.75, 120.23, 91.05, 138.5
2024-11-07, 01:56:45, 136.36, 58.25, 23.0, 22.02, 9999.0, 9.66, 10.02, 21.75, 9999.0, 23.98, 9999.0, 117.82, 127.75, 120.25, 91.05, 138.5
2024-11-07, 01:56:49, 136.36, 58.25, 23.0, 22.02, 9999.0, 9.64, 10.0, 21.75, 9999.0, 24.0, 9999.0, 117.8, 127.75, 120.25, 91.07, 138.5
2024-11-07, 01:56:53, 136.34, 58.25, 23.0, 22.02, 9999.0, 9.61, 10.0, 21.75, 9999.0, 24.02, 9999.0, 117.77, 127.75, 120.25, 91.07, 138.5
2024-11-07, 01:56:57, 136.36, 58.25, 23.0, 22.02, 9999.0, 9.61, 10.0, 21.75, 9999.0, 24.02, 9999.0, 117.75, 127.75, 120.25, 91.07, 138.5
2024-11-07, 01:57:01, 136.36, 58.25, 23.0, 22.02, 9999.0, 9.61, 10.0, 21.75, 9999.0, 24.02, 9999.0, 117.75, 127.75, 120.25, 91.05, 138.5
2024-11-07, 01:57:05, 136.36, 58.25, 23.0, 22.02, 9999.0, 9.61, 10.0, 21.75, 9999.0, 24.02, 9999.0, 117.73, 127.75, 120.25, 91.05, 138.5
2024-11-07, 01:57:09, 136.36, 58.25, 23.0, 22.02, 9999.0, 9.64, 10.0, 21.75, 9999.0, 24.02, 9999.0, 117.7, 127.75, 120.25, 91.05, 138.5
2024-11-07, 01:57:13, 136.36, 58.25, 23.0, 22.02, 9999.0, 9.66, 10.0, 21.75, 9999.0, 24.0, 9999.0, 117.7, 127.75, 120.25, 91.07, 138.5
2024-11-07, 01:57:17, 136.36, 58.25, 23.0, 22.02, 9999.0, 9.68, 10.0, 21.75, 9999.0, 23.98, 9999.0, 117.7, 127.75, 120.23, 91.07, 138.5
2024-11-07, 01:57:21, 136.39, 58.25, 23.0, 22.02, 9999.0, 9.7, 10.0, 21.75, 9999.0, 23.98, 9999.0, 117.73, 127.75, 120.23, 91.09, 138.5
2024-11-07, 01:57:25, 136.39, 58.25, 23.0, 22.05, 9999.0, 9.73, 10.0, 21.75, 9999.0, 23.98, 9999.0, 117.75, 127.75, 120.23, 91.09, 138.5
2024-11-07, 01:57:29, 136.39, 58.25, 23.0, 22.07, 9999.0, 9.75, 10.0, 21.75, 9999.0, 23.98, 9999.0, 117.77, 127.75, 120.23, 91.09, 138.5
2024-11-07, 01:57:33, 136.41, 58.25, 23.0, 22.07, 9999.0, 9.77, 10.0, 21.75, 9999.0, 23.98, 9999.0, 117.77, 127.75, 120.23, 91.07, 138.5
2024-11-07, 01:57:37, 136.43, 58.25, 23.0, 22.09, 9999.0, 9.8, 10.0, 21.75, 9999.0, 23.98, 9999.0, 117.8, 127.75, 120.23, 91.09, 138.5
2024-11-07, 01:57:41, 136.41, 58.25, 23.0, 22.11, 9999.0, 9.8, 10.0, 21.75, 9999.0, 24.0, 9999.0, 117.82, 127.75, 120.23, 91.11, 138.5
2024-11-07, 01:57:45, 136.41, 58.25, 23.0, 22.14, 9999.0, 9.8, 10.0, 21.75, 9999.0, 24.0, 9999.0, 117.82, 127.75, 120.23, 91.14, 138.5
2024-11-07, 01:57:49, 136.39, 58.25, 23.0, 22.16, 9999.0, 9.8, 10.0, 21.75, 9999.0, 24.0, 9999.0, 117.84, 127.75, 120.23, 91.16, 138.5
2024-11-07, 01:57:53, 136.39, 58.25, 23.0, 22.16, 9999.0, 9.77, 10.0, 21.75, 9999.0, 24.0, 9999.0, 117.86, 127.75, 120.23, 91.18, 138.5
2024-11-07, 01:57:57, 136.41, 58.25, 23.0, 22.16, 9999.0, 9.77, 10.0, 21.75, 9999.0, 24.0, 9999.0, 117.86, 127.75, 120.23, 91.16, 138.5
2024-11-07, 01:58:01, 136.39, 58.25, 23.0, 22.16, 9999.0, 9.73, 10.0, 21.75, 9999.0, 24.02, 9999.0, 117.86, 127.75, 120.25, 91.18, 138.5
2024-11-07, 01:58:05, 136.36, 58.25, 23.0, 22.16, 9999.0, 9.7, 10.0, 21.75, 9999.0, 24.0, 9999.0, 117.82, 127.75, 120.25, 91.18, 138.5
2024-11-07, 01:58:09, 136.36, 58.25, 22.98, 22.16, 9999.0, 9.68, 10.0, 21.75, 9999.0, 24.0, 9999.0, 117.8, 127.75, 120.25, 91.2, 138.5
2024-11-07, 01:58:13, 136.39, 58.25, 22.98, 22.14, 9999.0, 9.68, 10.0, 21.75, 9999.0, 24.0, 9999.0, 117.75, 127.75, 120.25, 91.2, 138.5
2024-11-07, 01:58:17, 136.39, 58.25, 22.98, 22.14, 9999.0, 9.68, 10.0, 21.75, 9999.0, 23.98, 9999.0, 117.73, 127.75, 120.25, 91.23, 138.5
2024-11-07, 01:58:21, 136.36, 58.25, 22.98, 22.11, 9999.0, 9.68, 10.0, 21.75, 9999.0, 23.95, 9999.0, 117.68, 127.75, 120.25, 91.23, 138.5
2024-11-07, 01:58:25, 136.36, 58.25, 22.98, 22.09, 9999.0, 9.7, 10.02, 21.75, 9999.0, 23.91, 9999.0, 117.64, 127.75, 120.25, 91.2, 138.5
2024-11-07, 01:58:29, 136.36, 58.27, 22.95, 22.07, 9999.0, 9.7, 10.02, 21.75, 9999.0, 23.89, 9999.0, 117.61, 127.75, 120.25, 91.2, 138.5
2024-11-07, 01:58:33, 136.39, 58.27, 22.95, 22.07, 9999.0, 9.7, 10.02, 21.75, 9999.0, 23.86, 9999.0, 117.61, 127.75, 120.25, 91.18, 138.5
2024-11-07, 01:58:37, 136.41, 58.27, 22.93, 22.07, 9999.0, 9.7, 10.02, 21.75, 9999.0, 23.84, 9999.0, 117.61, 127.75, 120.25, 91.16, 138.5
2024-11-07, 01:58:41, 136.41, 58.27, 22.93, 22.07, 9999.0, 9.7, 10.02, 21.75, 9999.0, 23.84, 9999.0, 117.64, 127.75, 120.25, 91.18, 138.5
2024-11-07, 01:58:45, 136.43, 58.27, 22.91, 22.09, 9999.0, 9.73, 10.05, 21.75, 9999.0, 23.82, 9999.0, 117.66, 127.75, 120.25, 91.18, 138.5
2024-11-07, 01:58:49, 136.45, 58.27, 22.91, 22.11, 9999.0, 9.75, 10.05, 21.73, 9999.0, 23.82, 9999.0, 117.68, 127.75, 120.25, 91.18, 138.5
2024-11-07, 01:58:53, 136.43, 58.27, 22.93, 22.09, 9999.0, 9.77, 10.05, 21.7, 9999.0, 23.82, 9999.0, 117.7, 127.75, 120.25, 91.18, 138.5
2024-11-07, 01:58:57, 136.43, 58.27, 22.93, 22.09, 9999.0, 9.77, 10.05, 21.7, 9999.0, 23.82, 9999.0, 117.73, 127.75, 120.23, 91.18, 138.5
2024-11-07, 01:59:01, 136.41, 58.27, 22.93, 22.09, 9999.0, 9.75, 10.05, 21.7, 9999.0, 23.86, 9999.0, 117.75, 127.75, 120.23, 91.18, 138.5
2024-11-07, 01:59:05, 136.43, 58.27, 22.91, 22.09, 9999.0, 9.75, 10.05, 21.7, 9999.0, 23.89, 9999.0, 117.77, 127.75, 120.23, 91.16, 138.5
2024-11-07, 01:59:09, 136.45, 58.27, 22.91, 22.09, 9999.0, 9.73, 10.02, 21.7, 9999.0, 23.93, 9999.0, 117.8, 127.75, 120.23, 91.18, 138.5
2024-11-07, 01:59:13, 136.45, 58.27, 22.93, 22.09, 9999.0, 9.7, 10.02, 21.7, 9999.0, 23.95, 9999.0, 117.82, 127.75, 120.23, 91.18, 138.5
2024-11-07, 01:59:17, 136.45, 58.27, 22.93, 22.07, 9999.0, 9.68, 10.02, 21.7, 9999.0, 23.98, 9999.0, 117.8, 127.75, 120.23, 91.2, 138.5
2024-11-07, 01:59:21, 136.43, 58.27, 22.95, 22.05, 9999.0, 9.66, 10.02, 21.7, 9999.0, 24.0, 9999.0, 117.8, 127.75, 120.23, 91.2, 138.5
2024-11-07, 01:59:25, 136.43, 58.27, 22.95, 22.05, 9999.0, 9.64, 10.02, 21.7, 9999.0, 24.0, 9999.0, 117.77, 127.75, 120.23, 91.18, 138.5
2024-11-07, 01:59:29, 136.43, 58.27, 22.95, 22.02, 9999.0, 9.61, 10.0, 21.7, 9999.0, 24.02, 9999.0, 117.75, 127.75, 120.23, 91.18, 138.5
2024-11-07, 01:59:33, 136.41, 58.27, 22.93, 22.0, 9999.0, 9.61, 10.0, 21.73, 9999.0, 24.05, 9999.0, 117.73, 127.75, 120.23, 91.16, 138.5
2024-11-07, 01:59:37, 136.43, 58.27, 22.91, 22.02, 9999.0, 9.61, 10.0, 21.75, 9999.0, 24.05, 9999.0, 117.68, 127.75, 120.23, 91.14, 138.5
2024-11-07, 01:59:41, 136.43, 58.27, 22.89, 22.02, 9999.0, 9.61, 10.0, 21.75, 9999.0, 24.05, 9999.0, 117.66, 127.75, 120.25, 91.11, 138.5
2024-11-07, 01:59:45, 136.45, 58.27, 22.86, 22.02, 9999.0, 9.66, 10.0, 21.75, 9999.0, 24.02, 9999.0, 117.64, 127.75, 120.25, 91.11, 138.5
2024-11-07, 01:59:49, 136.45, 58.27, 22.86, 22.05, 9999.0, 9.66, 10.0, 21.75, 9999.0, 24.0, 9999.0, 117.64, 127.75, 120.25, 91.14, 138.5
2024-11-07, 01:59:53, 136.45, 58.27, 22.84, 22.05, 9999.0, 9.66, 10.0, 21.75, 9999.0, 23.95, 9999.0, 117.64, 127.75, 120.25, 91.11, 138.5
2024-11-07, 01:59:57, 136.45, 58.25, 22.84, 22.05, 9999.0, 9.68, 10.0, 21.75, 9999.0, 23.93, 9999.0, 117.64, 127.75, 120.23, 91.11, 138.5
2024-11-07, 02:00:01, 136.43, 58.25, 22.82, 22.05, 9999.0, 9.7, 10.02, 21.75, 9999.0, 23.91, 9999.0, 117.68, 127.75, 120.23, 91.11, 138.5
2024-11-07, 02:00:05, 136.43, 58.25, 22.82, 22.05, 9999.0, 9.73, 10.02, 21.75, 9999.0, 23.89, 9999.0, 117.68, 127.75, 120.23, 91.14, 138.5
2024-11-07, 02:00:09, 136.43, 58.25, 22.82, 22.05, 9999.0, 9.75, 10.02, 21.75, 9999.0, 23.86, 9999.0, 117.68, 127.75, 120.23, 91.16, 138.5
2024-11-07, 02:00:13, 136.41, 58.25, 22.82, 22.05, 9999.0, 9.77, 10.02, 21.75, 9999.0, 23.86, 9999.0, 117.68, 127.75, 120.23, 91.16, 138.5
2024-11-07, 02:00:17, 136.43, 58.25, 22.84, 22.05, 9999.0, 9.77, 10.02, 21.75, 9999.0, 23.86, 9999.0, 117.7, 127.75, 120.23, 91.16, 138.48
2024-11-07, 02:00:27, 136.43, 58.25, 22.86, 22.02, 9999.0, 9.77, 10.02, 21.75, 9999.0, 23.89, 9999.0, 117.73, 127.75, 120.23, 91.16, 138.48
2024-11-07, 02:00:31, 136.41, 58.25, 22.89, 22.02, 9999.0, 9.77, 10.02, 21.75, 9999.0, 23.91, 9999.0, 117.75, 127.75, 120.23, 91.18, 138.48
2024-11-07, 02:00:35, 136.41, 58.25, 22.91, 22.02, 9999.0, 9.73, 10.02, 21.75, 9999.0, 23.93, 9999.0, 117.77, 127.75, 120.23, 91.18, 138.48
2024-11-07, 02:00:39, 136.41, 58.25, 22.93, 22.02, 9999.0, 9.73, 10.02, 21.75, 9999.0, 23.95, 9999.0, 117.77, 127.75, 120.23, 91.18, 138.48
2024-11-07, 02:00:43, 136.41, 58.25, 22.95, 22.02, 9999.0, 9.73, 10.02, 21.75, 9999.0, 23.98, 9999.0, 117.77, 127.75, 120.2, 91.2, 138.48
2024-11-07, 02:00:47, 136.39, 58.25, 22.93, 22.02, 9999.0, 9.7, 10.02, 21.75, 9999.0, 24.02, 9999.0, 117.75, 127.75, 120.23, 91.2, 138.48
2024-11-07, 02:00:51, 136.41, 58.25, 22.95, 22.02, 9999.0, 9.68, 10.0, 21.75, 9999.0, 24.05, 9999.0, 117.7, 127.75, 120.23, 91.2, 138.48
2024-11-07, 02:00:55, 136.43, 58.25, 22.93, 22.02, 9999.0, 9.66, 10.0, 21.75, 9999.0, 24.07, 9999.0, 117.68, 127.75, 120.23, 91.2, 138.48
2024-11-07, 02:00:59, 136.41, 58.25, 22.91, 22.02, 9999.0, 9.66, 10.0, 21.75, 9999.0, 24.09, 9999.0, 117.66, 127.75, 120.23, 91.18, 138.45
2024-11-07, 02:01:03, 136.43, 58.25, 22.93, 22.02, 9999.0, 9.66, 10.0, 21.75, 9999.0, 24.09, 9999.0, 117.64, 127.75, 120.23, 91.18, 138.45
2024-11-07, 02:01:07, 136.43, 58.25, 22.91, 22.02, 9999.0, 9.66, 10.0, 21.75, 9999.0, 24.09, 9999.0, 117.61, 127.75, 120.23, 91.18, 138.48
2024-11-07, 02:01:12, 136.43, 58.25, 22.91, 22.02, 9999.0, 9.68, 10.0, 21.75, 9999.0, 24.07, 9999.0, 117.59, 127.75, 120.23, 91.2, 138.48
2024-11-07, 02:01:16, 136.43, 58.25, 22.89, 22.02, 9999.0, 9.68, 10.02, 21.75, 9999.0, 24.05, 9999.0, 117.59, 127.75, 120.2, 91.2, 138.45
2024-11-07, 02:01:20, 136.41, 58.25, 22.89, 22.02, 9999.0, 9.73, 10.02, 21.75, 9999.0, 24.02, 9999.0, 117.59, 127.75, 120.2, 91.18, 138.45
2024-11-07, 02:01:24, 136.41, 58.25, 22.86, 22.0, 9999.0, 9.73, 10.02, 21.75, 9999.0, 24.02, 9999.0, 117.59, 127.75, 120.2, 91.16, 138.45
2024-11-07, 02:01:28, 136.41, 58.25, 22.86, 22.0, 9999.0, 9.73, 10.02, 21.75, 9999.0, 24.02, 9999.0, 117.61, 127.75, 120.23, 91.16, 138.45
2024-11-07, 02:01:32, 136.43, 58.25, 22.86, 22.0, 9999.0, 9.75, 10.02, 21.75, 9999.0, 24.0, 9999.0, 117.66, 127.75, 120.23, 91.16, 138.45
2024-11-07, 02:01:36, 136.43, 58.25, 22.86, 22.0, 9999.0, 9.77, 10.02, 21.75, 9999.0, 24.02, 9999.0, 117.68, 127.75, 120.2, 91.16, 138.43
2024-11-07, 02:01:40, 136.43, 58.25, 22.89, 22.02, 9999.0, 9.8, 10.02, 21.75, 9999.0, 24.05, 9999.0, 117.7, 127.75, 120.2, 91.16, 138.43
2024-11-07, 02:01:44, 136.45, 58.25, 22.91, 22.02, 9999.0, 9.8, 10.02, 21.75, 9999.0, 24.07, 9999.0, 117.73, 127.75, 120.2, 91.18, 138.43
2024-11-07, 02:01:48, 136.45, 58.25, 22.91, 22.02, 9999.0, 9.8, 10.02, 21.75, 9999.0, 24.11, 9999.0, 117.75, 127.75, 120.2, 91.18, 138.43
2024-11-07, 02:01:52, 136.45, 58.25, 22.91, 22.02, 9999.0, 9.77, 10.02, 21.75, 9999.0, 24.14, 9999.0, 117.77, 127.75, 120.2, 91.2, 138.41
2024-11-07, 02:01:56, 136.45, 58.25, 22.89, 22.05, 9999.0, 9.75, 10.02, 21.75, 9999.0, 24.16, 9999.0, 117.8, 127.75, 120.18, 91.2, 138.41
2024-11-07, 02:02:00, 136.48, 58.25, 22.91, 22.07, 9999.0, 9.75, 10.0, 21.75, 9999.0, 24.18, 9999.0, 117.8, 127.75, 120.2, 91.18, 138.41
2024-11-07, 02:02:04, 136.5, 58.25, 22.89, 22.07, 9999.0, 9.73, 10.0, 21.75, 9999.0, 24.2, 9999.0, 117.77, 127.75, 120.2, 91.2, 138.39
2024-11-07, 02:02:08, 136.5, 58.25, 22.91, 22.07, 9999.0, 9.7, 10.0, 21.75, 9999.0, 24.2, 9999.0, 117.75, 127.75, 120.2, 91.23, 138.36
2024-11-07, 02:02:12, 136.5, 58.25, 22.91, 22.07, 9999.0, 9.68, 10.0, 21.73, 9999.0, 24.23, 9999.0, 117.73, 127.73, 120.2, 91.23, 138.34
2024-11-07, 02:02:16, 136.5, 58.27, 22.93, 22.09, 9999.0, 9.66, 10.0, 21.73, 9999.0, 24.23, 9999.0, 117.68, 127.73, 120.2, 91.23, 138.32
2024-11-07, 02:02:20, 136.5, 58.27, 22.93, 22.09, 9999.0, 9.66, 10.0, 21.7, 9999.0, 24.2, 9999.0, 117.66, 127.73, 120.23, 91.2, 138.34
2024-11-07, 02:02:24, 136.5, 58.27, 22.93, 22.07, 9999.0, 9.66, 10.0, 21.7, 9999.0, 24.18, 9999.0, 117.64, 127.73, 120.23, 91.18, 138.34
2024-11-07, 02:02:28, 136.5, 58.27, 22.91, 22.07, 9999.0, 9.66, 10.0, 21.7, 9999.0, 24.16, 9999.0, 117.61, 127.7, 120.23, 91.16, 138.34
2024-11-07, 02:02:32, 136.5, 58.27, 22.91, 22.07, 9999.0, 9.66, 10.0, 21.7, 9999.0, 24.11, 9999.0, 117.59, 127.7, 120.2, 91.16, 138.34
2024-11-07, 02:02:36, 136.5, 58.27, 22.93, 22.07, 9999.0, 9.68, 10.0, 21.7, 9999.0, 24.09, 9999.0, 117.59, 127.7, 120.18, 91.14, 138.34
2024-11-07, 02:02:40, 136.5, 58.27, 22.93, 22.05, 9999.0, 9.7, 10.0, 21.7, 9999.0, 24.07, 9999.0, 117.59, 127.7, 120.2, 91.11, 138.34
2024-11-07, 02:02:44, 136.48, 58.27, 22.93, 22.02, 9999.0, 9.7, 10.0, 21.7, 9999.0, 24.05, 9999.0, 117.61, 127.7, 120.18, 91.14, 138.34
2024-11-07, 02:02:48, 136.48, 58.27, 22.93, 22.02, 9999.0, 9.7, 10.0, 21.7, 9999.0, 24.02, 9999.0, 117.66, 127.7, 120.18, 91.14, 138.36
2024-11-07, 02:02:52, 136.45, 58.27, 22.91, 22.05, 9999.0, 9.73, 10.0, 21.7, 9999.0, 24.0, 9999.0, 117.68, 127.7, 120.18, 91.14, 138.39
2024-11-07, 02:02:56, 136.43, 58.27, 22.91, 22.05, 9999.0, 9.75, 10.0, 21.73, 9999.0, 23.98, 9999.0, 117.7, 127.73, 120.16, 91.14, 138.41
2024-11-07, 02:03:00, 136.43, 58.25, 22.91, 22.02, 9999.0, 9.77, 10.0, 21.73, 9999.0, 23.98, 9999.0, 117.73, 127.73, 120.16, 91.14, 138.41
2024-11-07, 02:03:04, 136.41, 58.25, 22.91, 22.02, 9999.0, 9.77, 10.0, 21.73, 9999.0, 24.0, 9999.0, 117.75, 127.73, 120.16, 91.16, 138.41
2024-11-07, 02:03:08, 136.41, 58.25, 22.89, 22.02, 9999.0, 9.77, 10.0, 21.73, 9999.0, 24.02, 9999.0, 117.77, 127.73, 120.16, 91.18, 138.41
2024-11-07, 02:03:12, 136.41, 58.25, 22.91, 22.05, 9999.0, 9.77, 10.0, 21.73, 9999.0, 24.05, 9999.0, 117.8, 127.75, 120.14, 91.18, 138.41
2024-11-07, 02:03:16, 136.41, 58.25, 22.91, 22.05, 9999.0, 9.75, 10.0, 21.73, 9999.0, 24.07, 9999.0, 117.8, 127.75, 120.16, 91.16, 138.39
2024-11-07, 02:03:20, 136.39, 58.25, 22.89, 22.07, 9999.0, 9.73, 10.0, 21.73, 9999.0, 24.09, 9999.0, 117.77, 127.75, 120.18, 91.16, 138.39
2024-11-07, 02:03:24, 136.39, 58.25, 22.91, 22.09, 9999.0, 9.68, 10.0, 21.73, 9999.0, 24.11, 9999.0, 117.75, 127.75, 120.16, 91.18, 138.39
2024-11-07, 02:03:28, 136.41, 58.25, 22.89, 22.09, 9999.0, 9.68, 10.0, 21.73, 9999.0, 24.14, 9999.0, 117.7, 127.75, 120.18, 91.16, 138.39
2024-11-07, 02:03:32, 136.39, 58.25, 22.91, 22.09, 9999.0, 9.66, 10.0, 21.73, 9999.0, 24.14, 9999.0, 117.66, 127.75, 120.18, 91.16, 138.36
2024-11-07, 02:03:36, 136.39, 58.25, 22.91, 22.07, 9999.0, 9.66, 10.0, 21.73, 9999.0, 24.16, 9999.0, 117.64, 127.75, 120.18, 91.16, 138.36
2024-11-07, 02:03:40, 136.41, 58.25, 22.91, 22.07, 9999.0, 9.66, 10.0, 21.73, 9999.0, 24.16, 9999.0, 117.59, 127.75, 120.2, 91.16, 138.34
2024-11-07, 02:03:44, 136.39, 58.25, 22.89, 22.07, 9999.0, 9.66, 10.0, 21.73, 9999.0, 24.16, 9999.0, 117.57, 127.73, 120.18, 91.16, 138.34
2024-11-07, 02:03:48, 136.41, 58.25, 22.86, 22.07, 9999.0, 9.68, 10.0, 21.75, 9999.0, 24.14, 9999.0, 117.55, 127.73, 120.16, 91.14, 138.32
2024-11-07, 02:03:52, 136.41, 58.25, 22.86, 22.07, 9999.0, 9.7, 10.0, 21.75, 9999.0, 24.11, 9999.0, 117.52, 127.73, 120.16, 91.14, 138.3
2024-11-07, 02:03:56, 136.39, 58.25, 22.84, 22.05, 9999.0, 9.73, 10.0, 21.75, 9999.0, 24.09, 9999.0, 117.52, 127.7, 120.18, 91.14, 138.3
2024-11-07, 02:04:00, 136.39, 58.25, 22.82, 22.05, 9999.0, 9.75, 10.0, 21.75, 9999.0, 24.07, 9999.0, 117.55, 127.68, 120.18, 91.16, 138.3
2024-11-07, 02:04:04, 136.41, 58.25, 22.84, 22.02, 9999.0, 9.77, 10.0, 21.75, 9999.0, 24.02, 9999.0, 117.57, 127.68, 120.18, 91.18, 138.3
2024-11-07, 02:04:08, 136.39, 58.25, 22.84, 22.0, 9999.0, 9.8, 10.0, 21.73, 9999.0, 24.0, 9999.0, 117.61, 127.68, 120.2, 91.18, 138.27
2024-11-07, 02:04:12, 136.39, 58.25, 22.84, 22.0, 9999.0, 9.8, 10.0, 21.73, 9999.0, 23.98, 9999.0, 117.64, 127.68, 120.2, 91.2, 138.3
2024-11-07, 02:04:16, 136.41, 58.25, 22.82, 22.0, 9999.0, 9.82, 10.0, 21.73, 9999.0, 23.98, 9999.0, 117.66, 127.68, 120.2, 91.2, 138.3
2024-11-07, 02:04:20, 136.43, 58.25, 22.84, 22.0, 9999.0, 9.82, 10.0, 21.73, 9999.0, 23.98, 9999.0, 117.68, 127.68, 120.2, 91.2, 138.3
2024-11-07, 02:04:24, 136.43, 58.25, 22.82, 22.02, 9999.0, 9.82, 10.0, 21.73, 9999.0, 23.98, 9999.0, 117.7, 127.68, 120.2, 91.2, 138.3
2024-11-07, 02:04:28, 136.43, 58.25, 22.84, 22.05, 9999.0, 9.82, 10.0, 21.7, 9999.0, 24.0, 9999.0, 117.73, 127.7, 120.23, 91.18, 138.32
2024-11-07, 02:04:32, 136.41, 58.25, 22.86, 22.07, 9999.0, 9.77, 10.0, 21.7, 9999.0, 24.02, 9999.0, 117.73, 127.7, 120.25, 91.18, 138.34
2024-11-07, 02:04:36, 136.39, 58.25, 22.89, 22.07, 9999.0, 9.75, 10.0, 21.7, 9999.0, 24.05, 9999.0, 117.75, 127.7, 120.23, 91.18, 138.36
2024-11-07, 02:04:40, 136.39, 58.25, 22.91, 22.07, 9999.0, 9.7, 10.0, 21.7, 9999.0, 24.05, 9999.0, 117.75, 127.73, 120.2, 91.2, 138.39
2024-11-07, 02:04:45, 136.39, 58.25, 22.91, 22.09, 9999.0, 9.68, 10.0, 21.7, 9999.0, 24.05, 9999.0, 117.73, 127.75, 120.18, 91.18, 138.39
2024-11-07, 02:04:49, 136.39, 58.25, 22.89, 22.11, 9999.0, 9.66, 10.0, 21.7, 9999.0, 24.07, 9999.0, 117.7, 127.75, 120.18, 91.18, 138.39
2024-11-07, 02:04:53, 136.39, 58.25, 22.86, 22.11, 9999.0, 9.64, 10.0, 21.73, 9999.0, 24.07, 9999.0, 117.66, 127.75, 120.18, 91.18, 138.39
2024-11-07, 02:04:57, 136.36, 58.25, 22.86, 22.11, 9999.0, 9.64, 10.0, 21.7, 9999.0, 24.07, 9999.0, 117.64, 127.75, 120.18, 91.16, 138.39
2024-11-07, 02:05:01, 136.36, 58.25, 22.89, 22.11, 9999.0, 9.64, 10.0, 21.7, 9999.0, 24.07, 9999.0, 117.61, 127.75, 120.16, 91.16, 138.41
2024-11-07, 02:05:05, 136.36, 58.25, 22.89, 22.11, 9999.0, 9.64, 10.0, 21.7, 9999.0, 24.07, 9999.0, 117.59, 127.75, 120.16, 91.16, 138.39
2024-11-07, 02:05:09, 136.34, 58.25, 22.89, 22.09, 9999.0, 9.66, 10.0, 21.7, 9999.0, 24.05, 9999.0, 117.57, 127.75, 120.16, 91.14, 138.39
2024-11-07, 02:05:13, 136.34, 58.25, 22.89, 22.07, 9999.0, 9.68, 10.0, 21.7, 9999.0, 24.0, 9999.0, 117.57, 127.75, 120.14, 91.14, 138.39
2024-11-07, 02:05:17, 136.36, 58.25, 22.89, 22.05, 9999.0, 9.7, 10.0, 21.7, 9999.0, 23.95, 9999.0, 117.59, 127.73, 120.11, 91.16, 138.39
2024-11-07, 02:05:21, 136.39, 58.25, 22.86, 22.05, 9999.0, 9.7, 10.0, 21.7, 9999.0, 23.91, 9999.0, 117.59, 127.73, 120.11, 91.14, 138.36
2024-11-07, 02:05:25, 136.41, 58.25, 22.84, 22.05, 9999.0, 9.73, 10.0, 21.7, 9999.0, 23.89, 9999.0, 117.61, 127.73, 120.14, 91.14, 138.36
2024-11-07, 02:05:29, 136.39, 58.25, 22.86, 22.02, 9999.0, 9.75, 10.0, 21.7, 9999.0, 23.86, 9999.0, 117.66, 127.73, 120.16, 91.16, 138.36
2024-11-07, 02:05:33, 136.36, 58.25, 22.89, 22.0, 9999.0, 9.77, 10.0, 21.7, 9999.0, 23.84, 9999.0, 117.68, 127.73, 120.14, 91.14, 138.39
2024-11-07, 02:05:37, 136.36, 58.25, 22.91, 22.0, 9999.0, 9.8, 10.0, 21.7, 9999.0, 23.84, 9999.0, 117.7, 127.73, 120.11, 91.14, 138.39
2024-11-07, 02:05:41, 136.39, 58.25, 22.91, 22.0, 9999.0, 9.8, 10.0, 21.73, 9999.0, 23.84, 9999.0, 117.73, 127.73, 120.09, 91.14, 138.39
2024-11-07, 02:05:45, 136.36, 58.25, 22.91, 22.0, 9999.0, 9.8, 10.0, 21.73, 9999.0, 23.84, 9999.0, 117.75, 127.73, 120.11, 91.14, 138.39
2024-11-07, 02:05:49, 136.34, 58.25, 22.91, 22.02, 9999.0, 9.8, 10.0, 21.73, 9999.0, 23.86, 9999.0, 117.77, 127.73, 120.11, 91.11, 138.39
2024-11-07, 02:05:53, 136.36, 58.25, 22.91, 22.05, 9999.0, 9.77, 10.0, 21.73, 9999.0, 23.89, 9999.0, 117.8, 127.73, 120.11, 91.11, 138.41
2024-11-07, 02:05:57, 136.39, 58.25, 22.89, 22.05, 9999.0, 9.75, 10.0, 21.75, 9999.0, 23.93, 9999.0, 117.8, 127.73, 120.11, 91.14, 138.39
2024-11-07, 02:06:01, 136.39, 58.25, 22.86, 22.07, 9999.0, 9.73, 10.0, 21.75, 9999.0, 23.98, 9999.0, 117.77, 127.75, 120.14, 91.11, 138.39
2024-11-07, 02:06:05, 136.39, 58.25, 22.89, 22.07, 9999.0, 9.7, 10.0, 21.75, 9999.0, 24.0, 9999.0, 117.77, 127.75, 120.16, 91.14, 138.41
2024-11-07, 02:06:09, 136.39, 58.25, 22.91, 22.07, 9999.0, 9.68, 10.0, 21.73, 9999.0, 24.02, 9999.0, 117.73, 127.75, 120.14, 91.14, 138.39
2024-11-07, 02:06:13, 136.41, 58.25, 22.89, 22.07, 9999.0, 9.66, 10.0, 21.73, 9999.0, 24.05, 9999.0, 117.68, 127.75, 120.11, 91.14, 138.41
2024-11-07, 02:06:17, 136.41, 58.25, 22.89, 22.07, 9999.0, 9.66, 10.0, 21.73, 9999.0, 24.09, 9999.0, 117.66, 127.75, 120.14, 91.14, 138.41
2024-11-07, 02:06:21, 136.41, 58.25, 22.86, 22.09, 9999.0, 9.66, 10.0, 21.73, 9999.0, 24.09, 9999.0, 117.64, 127.75, 120.16, 91.14, 138.43
2024-11-07, 02:06:25, 136.41, 58.25, 22.89, 22.09, 9999.0, 9.66, 10.0, 21.73, 9999.0, 24.09, 9999.0, 117.61, 127.75, 120.16, 91.16, 138.43
2024-11-07, 02:06:29, 136.43, 58.25, 22.89, 22.09, 9999.0, 9.68, 10.0, 21.73, 9999.0, 24.09, 9999.0, 117.59, 127.75, 120.14, 91.14, 138.41
2024-11-07, 02:06:33, 136.45, 58.25, 22.89, 22.07, 9999.0, 9.68, 10.0, 21.73, 9999.0, 24.07, 9999.0, 117.59, 127.75, 120.14, 91.14, 138.41
2024-11-07, 02:06:37, 136.45, 58.25, 22.89, 22.05, 9999.0, 9.68, 10.0, 21.73, 9999.0, 24.07, 9999.0, 117.59, 127.75, 120.11, 91.14, 138.39
2024-11-07, 02:06:41, 136.43, 58.25, 22.91, 22.05, 9999.0, 9.68, 10.0, 21.73, 9999.0, 24.05, 9999.0, 117.59, 127.75, 120.14, 91.11, 138.39
2024-11-07, 02:06:45, 136.41, 58.25, 22.91, 22.02, 9999.0, 9.7, 10.0, 21.73, 9999.0, 24.02, 9999.0, 117.64, 127.75, 120.11, 91.14, 138.39
2024-11-07, 02:06:49, 136.41, 58.25, 22.89, 22.02, 9999.0, 9.73, 10.0, 21.73, 9999.0, 24.02, 9999.0, 117.64, 127.75, 120.11, 91.14, 138.36
2024-11-07, 02:06:53, 136.41, 58.25, 22.89, 22.02, 9999.0, 9.75, 10.0, 21.75, 9999.0, 24.02, 9999.0, 117.66, 127.75, 120.11, 91.11, 138.39
2024-11-07, 02:06:57, 136.39, 58.25, 22.89, 22.02, 9999.0, 9.77, 10.0, 21.75, 9999.0, 24.02, 9999.0, 117.68, 127.75, 120.11, 91.09, 138.36
2024-11-07, 02:07:01, 136.41, 58.25, 22.89, 22.02, 9999.0, 9.77, 10.0, 21.75, 9999.0, 24.0, 9999.0, 117.7, 127.75, 120.11, 91.09, 138.36
2024-11-07, 02:07:05, 136.41, 58.25, 22.89, 22.0, 9999.0, 9.77, 10.0, 21.75, 9999.0, 24.02, 9999.0, 117.73, 127.75, 120.11, 91.09, 138.34
2024-11-07, 02:07:09, 136.39, 58.25, 22.89, 22.0, 9999.0, 9.77, 10.0, 21.75, 9999.0, 24.05, 9999.0, 117.75, 127.75, 120.14, 91.09, 138.32
2024-11-07, 02:07:13, 136.36, 58.25, 22.86, 22.0, 9999.0, 9.75, 10.0, 21.75, 9999.0, 24.07, 9999.0, 117.77, 127.75, 120.16, 91.11, 138.32
2024-11-07, 02:07:17, 136.36, 58.25, 22.84, 22.0, 9999.0, 9.75, 10.0, 21.75, 9999.0, 24.09, 9999.0, 117.77, 127.75, 120.16, 91.14, 138.32
2024-11-07, 02:07:21, 136.34, 58.25, 22.84, 22.0, 9999.0, 9.73, 10.0, 21.75, 9999.0, 24.11, 9999.0, 117.75, 127.75, 120.18, 91.14, 138.32
2024-11-07, 02:07:25, 136.36, 58.25, 22.84, 22.0, 9999.0, 9.7, 10.0, 21.75, 9999.0, 24.14, 9999.0, 117.73, 127.75, 120.16, 91.14, 138.34
2024-11-07, 02:07:29, 136.39, 58.25, 22.86, 22.0, 9999.0, 9.68, 10.0, 21.75, 9999.0, 24.14, 9999.0, 117.68, 127.75, 120.18, 91.11, 138.34
2024-11-07, 02:07:33, 136.39, 58.25, 22.86, 22.02, 9999.0, 9.66, 10.0, 21.75, 9999.0, 24.14, 9999.0, 117.66, 127.75, 120.18, 91.09, 138.36
2024-11-07, 02:07:37, 136.36, 58.25, 22.84, 22.02, 9999.0, 9.66, 10.0, 21.75, 9999.0, 24.14, 9999.0, 117.64, 127.75, 120.2, 91.09, 138.36
2024-11-07, 02:07:41, 136.39, 58.25, 22.86, 22.02, 9999.0, 9.66, 10.0, 21.75, 9999.0, 24.14, 9999.0, 117.61, 127.75, 120.23, 91.09, 138.39
2024-11-07, 02:07:45, 136.39, 58.25, 22.84, 22.02, 9999.0, 9.66, 10.0, 21.75, 9999.0, 24.14, 9999.0, 117.59, 127.75, 120.23, 91.09, 138.39
2024-11-07, 02:07:49, 136.41, 58.25, 22.84, 22.02, 9999.0, 9.68, 10.0, 21.75, 9999.0, 24.11, 9999.0, 117.57, 127.75, 120.23, 91.07, 138.39
2024-11-07, 02:07:53, 136.43, 58.25, 22.84, 22.02, 9999.0, 9.68, 10.0, 21.75, 9999.0, 24.09, 9999.0, 117.57, 127.75, 120.23, 91.05, 138.39
2024-11-07, 02:07:57, 136.45, 58.25, 22.84, 22.02, 9999.0, 9.68, 10.0, 21.75, 9999.0, 24.07, 9999.0, 117.57, 127.75, 120.23, 91.02, 138.41
2024-11-07, 02:08:01, 136.43, 58.25, 22.84, 22.02, 9999.0, 9.68, 10.0, 21.75, 9999.0, 24.05, 9999.0, 117.57, 127.75, 120.23, 91.0, 138.41
2024-11-07, 02:08:05, 136.45, 58.25, 22.84, 22.02, 9999.0, 9.7, 10.0, 21.75, 9999.0, 24.02, 9999.0, 117.59, 127.75, 120.23, 91.0, 138.41
2024-11-07, 02:08:09, 136.45, 58.25, 22.84, 22.02, 9999.0, 9.73, 10.0, 21.75, 9999.0, 24.0, 9999.0, 117.61, 127.75, 120.25, 91.02, 138.39
2024-11-07, 02:08:14, 136.45, 58.25, 22.82, 22.02, 9999.0, 9.75, 10.0, 21.75, 9999.0, 24.0, 9999.0, 117.64, 127.75, 120.25, 91.02, 138.36
2024-11-07, 02:08:18, 136.45, 58.25, 22.84, 22.0, 9999.0, 9.77, 10.0, 21.75, 9999.0, 24.0, 9999.0, 117.66, 127.75, 120.25, 91.02, 138.36
2024-11-07, 02:08:22, 136.48, 58.25, 22.84, 22.0, 9999.0, 9.77, 10.0, 21.75, 9999.0, 24.02, 9999.0, 117.68, 127.75, 120.25, 91.02, 138.34
2024-11-07, 02:08:26, 136.48, 58.25, 22.82, 22.0, 9999.0, 9.77, 10.0, 21.75, 9999.0, 24.05, 9999.0, 117.7, 127.75, 120.25, 91.02, 138.32
2024-11-07, 02:08:30, 136.45, 58.25, 22.82, 22.0, 9999.0, 9.77, 10.0, 21.75, 9999.0, 24.07, 9999.0, 117.73, 127.75, 120.25, 91.02, 138.3
2024-11-07, 02:08:34, 136.45, 58.25, 22.82, 22.0, 9999.0, 9.75, 10.0, 21.75, 9999.0, 24.09, 9999.0, 117.73, 127.75, 120.23, 91.02, 138.32
2024-11-07, 02:08:38, 136.45, 58.25, 22.8, 22.0, 9999.0, 9.73, 10.0, 21.75, 9999.0, 24.11, 9999.0, 117.73, 127.75, 120.23, 91.02, 138.32
2024-11-07, 02:08:42, 136.45, 58.25, 22.82, 22.0, 9999.0, 9.7, 10.0, 21.75, 9999.0, 24.11, 9999.0, 117.73, 127.75, 120.23, 91.02, 138.3
2024-11-07, 02:08:46, 136.48, 58.25, 22.82, 22.0, 9999.0, 9.68, 10.0, 21.75, 9999.0, 24.11, 9999.0, 117.73, 127.75, 120.23, 91.02, 138.3
2024-11-07, 02:08:50, 136.48, 58.25, 22.84, 22.0, 9999.0, 9.66, 10.0, 21.75, 9999.0, 24.11, 9999.0, 117.7, 127.75, 120.23, 91.02, 138.3
2024-11-07, 02:08:54, 136.48, 58.25, 22.82, 22.0, 9999.0, 9.66, 10.0, 21.75, 9999.0, 24.11, 9999.0, 117.68, 127.75, 120.23, 91.0, 138.3
2024-11-07, 02:08:58, 136.48, 58.25, 22.82, 22.0, 9999.0, 9.66, 10.0, 21.73, 9999.0, 24.11, 9999.0, 117.66, 127.75, 120.2, 91.0, 138.32
2024-11-07, 02:09:02, 136.48, 58.25, 22.8, 22.0, 9999.0, 9.66, 10.0, 21.7, 9999.0, 24.11, 9999.0, 117.64, 127.75, 120.2, 91.0, 138.3
2024-11-07, 02:09:06, 136.48, 58.25, 22.82, 22.0, 9999.0, 9.68, 10.0, 21.7, 9999.0, 24.09, 9999.0, 117.61, 127.75, 120.2, 91.0, 138.3
2024-11-07, 02:09:10, 136.48, 58.25, 22.82, 22.0, 9999.0, 9.68, 10.0, 21.7, 9999.0, 24.07, 9999.0, 117.59, 127.75, 120.2, 91.0, 138.3
2024-11-07, 02:09:14, 136.48, 58.25, 22.82, 22.0, 9999.0, 9.68, 10.0, 21.7, 9999.0, 24.05, 9999.0, 117.59, 127.75, 120.18, 91.0, 138.3
2024-11-07, 02:09:18, 136.48, 58.25, 22.82, 22.0, 9999.0, 9.68, 10.0, 21.7, 9999.0, 24.0, 9999.0, 117.61, 127.75, 120.18, 91.0, 138.27
2024-11-07, 02:09:22, 136.48, 58.25, 22.82, 22.02, 9999.0, 9.7, 10.0, 21.7, 9999.0, 23.95, 9999.0, 117.61, 127.75, 120.18, 91.0, 138.27
2024-11-07, 02:09:26, 136.48, 58.25, 22.8, 22.02, 9999.0, 9.73, 10.0, 21.7, 9999.0, 23.93, 9999.0, 117.61, 127.75, 120.18, 91.0, 138.27
2024-11-07, 02:09:30, 136.48, 58.25, 22.82, 22.02, 9999.0, 9.75, 10.0, 21.7, 9999.0, 23.91, 9999.0, 117.61, 127.75, 120.18, 91.02, 138.3
2024-11-07, 02:09:34, 136.48, 58.25, 22.82, 22.02, 9999.0, 9.77, 10.0, 21.68, 9999.0, 23.91, 9999.0, 117.64, 127.75, 120.18, 91.02, 138.3
2024-11-07, 02:09:38, 136.45, 58.25, 22.84, 22.02, 9999.0, 9.77, 10.0, 21.68, 9999.0, 23.91, 9999.0, 117.66, 127.75, 120.18, 91.02, 138.3
2024-11-07, 02:09:42, 136.43, 58.25, 22.84, 22.02, 9999.0, 9.77, 10.0, 21.7, 9999.0, 23.91, 9999.0, 117.68, 127.75, 120.2, 91.05, 138.27
2024-11-07, 02:09:46, 136.43, 58.25, 22.84, 22.02, 9999.0, 9.75, 10.0, 21.73, 9999.0, 23.91, 9999.0, 117.7, 127.75, 120.2, 91.05, 138.3
2024-11-07, 02:09:50, 136.43, 58.25, 22.82, 22.02, 9999.0, 9.73, 10.0, 21.73, 9999.0, 23.91, 9999.0, 117.73, 127.75, 120.2, 91.05, 138.3
2024-11-07, 02:09:54, 136.43, 58.25, 22.82, 22.02, 9999.0, 9.7, 10.0, 21.7, 9999.0, 23.91, 9999.0, 117.75, 127.75, 120.2, 91.05, 138.3
2024-11-07, 02:09:58, 136.45, 58.25, 22.82, 22.02, 9999.0, 9.68, 10.0, 21.7, 9999.0, 23.91, 9999.0, 117.73, 127.75, 120.23, 91.05, 138.3
2024-11-07, 02:10:02, 136.45, 58.25, 22.82, 22.02, 9999.0, 9.66, 10.0, 21.7, 9999.0, 23.93, 9999.0, 117.7, 127.75, 120.25, 91.05, 138.32
2024-11-07, 02:10:06, 136.45, 58.25, 22.82, 22.0, 9999.0, 9.64, 10.0, 21.7, 9999.0, 23.95, 9999.0, 117.68, 127.75, 120.25, 91.05, 138.32
2024-11-07, 02:10:10, 136.43, 58.25, 22.82, 22.0, 9999.0, 9.61, 10.0, 21.7, 9999.0, 23.98, 9999.0, 117.66, 127.75, 120.25, 91.05, 138.32
2024-11-07, 02:10:14, 136.43, 58.25, 22.8, 22.0, 9999.0, 9.61, 10.0, 21.7, 9999.0, 24.0, 9999.0, 117.64, 127.75, 120.25, 91.02, 138.3
2024-11-07, 02:10:18, 136.43, 58.25, 22.77, 22.0, 9999.0, 9.61, 10.0, 21.7, 9999.0, 24.0, 9999.0, 117.61, 127.75, 120.25, 91.02, 138.3
2024-11-07, 02:10:22, 136.45, 58.25, 22.75, 22.0, 9999.0, 9.61, 10.0, 21.7, 9999.0, 24.0, 9999.0, 117.59, 127.75, 120.25, 91.02, 138.3
2024-11-07, 02:10:26, 136.48, 58.25, 22.77, 22.0, 9999.0, 9.61, 10.0, 21.7, 9999.0, 24.0, 9999.0, 117.57, 127.75, 120.25, 91.0, 138.3
2024-11-07, 02:10:30, 136.48, 58.25, 22.8, 22.0, 9999.0, 9.64, 10.0, 21.7, 9999.0, 23.98, 9999.0, 117.57, 127.75, 120.25, 91.0, 138.3
2024-11-07, 02:10:34, 136.48, 58.25, 22.8, 22.0, 9999.0, 9.64, 10.0, 21.7, 9999.0, 23.95, 9999.0, 117.57, 127.73, 120.25, 91.0, 138.3
2024-11-07, 02:10:38, 136.45, 58.25, 22.82, 22.0, 9999.0, 9.66, 10.0, 21.73, 9999.0, 23.93, 9999.0, 117.55, 127.73, 120.25, 91.0, 138.3
2024-11-07, 02:10:42, 136.45, 58.25, 22.82, 22.0, 9999.0, 9.68, 10.0, 21.73, 9999.0, 23.91, 9999.0, 117.57, 127.73, 120.25, 91.0, 138.32
2024-11-07, 02:10:46, 136.45, 58.25, 22.82, 22.0, 9999.0, 9.7, 10.0, 21.7, 9999.0, 23.91, 9999.0, 117.59, 127.73, 120.25, 91.0, 138.3
2024-11-07, 02:10:50, 136.45, 58.25, 22.82, 22.0, 9999.0, 9.73, 10.0, 21.7, 9999.0, 23.91, 9999.0, 117.61, 127.73, 120.25, 91.02, 138.3
2024-11-07, 02:10:54, 136.48, 58.25, 22.82, 22.0, 9999.0, 9.75, 10.0, 21.7, 9999.0, 23.91, 9999.0, 117.64, 127.73, 120.23, 91.02, 138.3
2024-11-07, 02:10:58, 136.48, 58.25, 22.82, 22.0, 9999.0, 9.75, 10.0, 21.7, 9999.0, 23.91, 9999.0, 117.66, 127.73, 120.23, 91.02, 138.32
2024-11-07, 02:11:02, 136.48, 58.25, 22.84, 22.0, 9999.0, 9.75, 10.0, 21.73, 9999.0, 23.93, 9999.0, 117.68, 127.73, 120.23, 91.02, 138.32
2024-11-07, 02:11:06, 136.48, 58.25, 22.86, 22.0, 9999.0, 9.75, 10.0, 21.73, 9999.0, 23.95, 9999.0, 117.7, 127.73, 120.23, 91.02, 138.32
2024-11-07, 02:11:10, 136.48, 58.25, 22.84, 22.0, 9999.0, 9.75, 10.0, 21.73, 9999.0, 23.98, 9999.0, 117.73, 127.73, 120.23, 91.02, 138.32
2024-11-07, 02:11:14, 136.48, 58.25, 22.82, 22.0, 9999.0, 9.73, 10.0, 21.73, 9999.0, 24.0, 9999.0, 117.7, 127.73, 120.2, 91.02, 138.3
2024-11-07, 02:11:18, 136.48, 58.25, 22.82, 22.0, 9999.0, 9.7, 10.0, 21.73, 9999.0, 24.02, 9999.0, 117.68, 127.75, 120.2, 91.02, 138.3
2024-11-07, 02:11:22, 136.5, 58.25, 22.8, 22.0, 9999.0, 9.68, 10.0, 21.73, 9999.0, 24.05, 9999.0, 117.68, 127.75, 120.2, 91.05, 138.3
2024-11-07, 02:11:26, 136.5, 58.25, 22.8, 22.0, 9999.0, 9.66, 10.0, 21.73, 9999.0, 24.07, 9999.0, 117.66, 127.75, 120.2, 91.05, 138.3
2024-11-07, 02:11:30, 136.48, 58.25, 22.8, 22.0, 9999.0, 9.64, 10.0, 21.75, 9999.0, 24.07, 9999.0, 117.64, 127.75, 120.18, 91.05, 138.32
2024-11-07, 02:11:34, 136.45, 58.25, 22.8, 22.0, 9999.0, 9.64, 10.0, 21.75, 9999.0, 24.07, 9999.0, 117.61, 127.75, 120.18, 91.05, 138.32
2024-11-07, 02:11:38, 136.45, 58.25, 22.8, 22.0, 9999.0, 9.64, 10.0, 21.73, 9999.0, 24.07, 9999.0, 117.59, 127.75, 120.2, 91.07, 138.32
2024-11-07, 02:11:42, 136.45, 58.25, 22.8, 22.0, 9999.0, 9.64, 10.0, 21.73, 9999.0, 24.07, 9999.0, 117.57, 127.73, 120.2, 91.07, 138.32
2024-11-07, 02:11:47, 136.45, 58.25, 22.77, 22.0, 9999.0, 9.64, 10.0, 21.73, 9999.0, 24.05, 9999.0, 117.55, 127.73, 120.2, 91.07, 138.34
2024-11-07, 02:11:51, 136.45, 58.25, 22.75, 22.0, 9999.0, 9.64, 10.0, 21.73, 9999.0, 24.02, 9999.0, 117.55, 127.73, 120.2, 91.07, 138.34
2024-11-07, 02:11:55, 136.45, 58.25, 22.77, 22.0, 9999.0, 9.66, 10.0, 21.73, 9999.0, 24.0, 9999.0, 117.55, 127.7, 120.18, 91.09, 138.36
2024-11-07, 02:11:59, 136.43, 58.25, 22.77, 22.0, 9999.0, 9.68, 10.0, 21.73, 9999.0, 24.0, 9999.0, 117.57, 127.68, 120.2, 91.11, 138.36
2024-11-07, 02:12:03, 136.43, 58.25, 22.77, 22.0, 9999.0, 9.7, 10.0, 21.73, 9999.0, 24.0, 9999.0, 117.61, 127.68, 120.2, 91.14, 138.39
2024-11-07, 02:12:07, 136.43, 58.25, 22.8, 22.0, 9999.0, 9.73, 10.0, 21.73, 9999.0, 23.98, 9999.0, 117.64, 127.68, 120.2, 91.14, 138.41
2024-11-07, 02:12:11, 136.43, 58.25, 22.82, 22.0, 9999.0, 9.75, 10.0, 21.73, 9999.0, 23.98, 9999.0, 117.66, 127.68, 120.2, 91.16, 138.39
2024-11-07, 02:12:15, 136.45, 58.25, 22.82, 22.0, 9999.0, 9.77, 10.0, 21.73, 9999.0, 23.98, 9999.0, 117.68, 127.68, 120.23, 91.16, 138.36
2024-11-07, 02:12:19, 136.48, 58.25, 22.84, 22.0, 9999.0, 9.77, 10.0, 21.73, 9999.0, 23.98, 9999.0, 117.7, 127.68, 120.2, 91.16, 138.36
2024-11-07, 02:12:23, 136.45, 58.25, 22.84, 22.0, 9999.0, 9.75, 10.0, 21.75, 9999.0, 24.0, 9999.0, 117.73, 127.68, 120.2, 91.16, 138.39
2024-11-07, 02:12:27, 136.45, 58.25, 22.84, 22.0, 9999.0, 9.75, 10.0, 21.75, 9999.0, 24.02, 9999.0, 117.75, 127.7, 120.2, 91.18, 138.39
2024-11-07, 02:12:31, 136.45, 58.25, 22.86, 22.0, 9999.0, 9.73, 10.0, 21.75, 9999.0, 24.02, 9999.0, 117.75, 127.7, 120.2, 91.2, 138.36
2024-11-07, 02:12:35, 136.45, 58.25, 22.86, 22.0, 9999.0, 9.7, 10.0, 21.75, 9999.0, 24.02, 9999.0, 117.73, 127.7, 120.2, 91.23, 138.39
2024-11-07, 02:12:39, 136.45, 58.25, 22.86, 22.0, 9999.0, 9.66, 10.0, 21.75, 9999.0, 24.02, 9999.0, 117.7, 127.73, 120.23, 91.23, 138.36
2024-11-07, 02:12:43, 136.48, 58.25, 22.86, 22.0, 9999.0, 9.64, 10.0, 21.75, 9999.0, 24.02, 9999.0, 117.68, 127.75, 120.23, 91.23, 138.39
2024-11-07, 02:12:47, 136.45, 58.25, 22.86, 22.0, 9999.0, 9.61, 10.0, 21.75, 9999.0, 24.02, 9999.0, 117.64, 127.75, 120.23, 91.23, 138.39
2024-11-07, 02:12:51, 136.45, 58.25, 22.84, 22.0, 9999.0, 9.59, 10.0, 21.75, 9999.0, 24.05, 9999.0, 117.61, 127.75, 120.23, 91.2, 138.36
2024-11-07, 02:12:55, 136.43, 58.25, 22.84, 22.0, 9999.0, 9.59, 10.0, 21.75, 9999.0, 24.05, 9999.0, 117.59, 127.75, 120.23, 91.2, 138.36
2024-11-07, 02:12:59, 136.43, 58.25, 22.84, 22.0, 9999.0, 9.59, 10.0, 21.75, 9999.0, 24.05, 9999.0, 117.57, 127.75, 120.23, 91.2, 138.39
2024-11-07, 02:13:03, 136.43, 58.25, 22.82, 22.0, 9999.0, 9.61, 10.0, 21.75, 9999.0, 24.05, 9999.0, 117.55, 127.75, 120.25, 91.18, 138.39
2024-11-07, 02:13:07, 136.45, 58.25, 22.82, 22.0, 9999.0, 9.66, 10.0, 21.75, 9999.0, 24.02, 9999.0, 117.52, 127.75, 120.23, 91.16, 138.36
2024-11-07, 02:13:11, 136.45, 58.25, 22.84, 22.0, 9999.0, 9.66, 10.0, 21.75, 9999.0, 24.0, 9999.0, 117.52, 127.75, 120.23, 91.16, 138.34
2024-11-07, 02:13:15, 136.45, 58.25, 22.82, 22.0, 9999.0, 9.68, 10.0, 21.75, 9999.0, 23.98, 9999.0, 117.55, 127.75, 120.23, 91.14, 138.36
2024-11-07, 02:13:19, 136.45, 58.25, 22.82, 22.0, 9999.0, 9.7, 10.0, 21.75, 9999.0, 23.95, 9999.0, 117.57, 127.75, 120.23, 91.11, 138.36
2024-11-07, 02:13:23, 136.45, 58.25, 22.8, 22.0, 9999.0, 9.73, 10.0, 21.75, 9999.0, 23.93, 9999.0, 117.59, 127.75, 120.23, 91.11, 138.39
2024-11-07, 02:13:27, 136.45, 58.25, 22.8, 22.0, 9999.0, 9.75, 10.0, 21.75, 9999.0, 23.89, 9999.0, 117.61, 127.75, 120.23, 91.09, 138.36
2024-11-07, 02:13:31, 136.48, 58.25, 22.8, 22.0, 9999.0, 9.77, 10.0, 21.75, 9999.0, 23.86, 9999.0, 117.64, 127.75, 120.23, 91.09, 138.36
2024-11-07, 02:13:35, 136.48, 58.25, 22.8, 22.0, 9999.0, 9.8, 10.0, 21.75, 9999.0, 23.84, 9999.0, 117.66, 127.75, 120.23, 91.11, 138.36
2024-11-07, 02:13:39, 136.5, 58.25, 22.77, 22.0, 9999.0, 9.8, 10.0, 21.73, 9999.0, 23.82, 9999.0, 117.68, 127.75, 120.23, 91.11, 138.36
2024-11-07, 02:13:43, 136.48, 58.25, 22.8, 22.0, 9999.0, 9.8, 10.0, 21.73, 9999.0, 23.82, 9999.0, 117.7, 127.75, 120.23, 91.11, 138.36
2024-11-07, 02:13:47, 136.48, 58.25, 22.82, 22.0, 9999.0, 9.75, 10.0, 21.73, 9999.0, 23.8, 9999.0, 117.73, 127.75, 120.23, 91.14, 138.39
2024-11-07, 02:13:51, 136.48, 58.25, 22.82, 22.0, 9999.0, 9.7, 10.0, 21.73, 9999.0, 23.77, 9999.0, 117.75, 127.75, 120.25, 91.14, 138.41
2024-11-07, 02:13:55, 136.48, 58.25, 22.8, 22.0, 9999.0, 9.68, 10.0, 21.73, 9999.0, 23.75, 9999.0, 117.73, 127.75, 120.25, 91.14, 138.43
2024-11-07, 02:13:59, 136.45, 58.25, 22.8, 22.0, 9999.0, 9.66, 10.0, 21.73, 9999.0, 23.75, 9999.0, 117.7, 127.75, 120.25, 91.14, 138.41
2024-11-07, 02:14:03, 136.43, 58.25, 22.82, 22.0, 9999.0, 9.64, 10.0, 21.7, 9999.0, 23.75, 9999.0, 117.68, 127.75, 120.25, 91.16, 138.41
2024-11-07, 02:14:07, 136.43, 58.25, 22.82, 22.0, 9999.0, 9.61, 10.0, 21.7, 9999.0, 23.75, 9999.0, 117.66, 127.75, 120.25, 91.14, 138.41
2024-11-07, 02:14:11, 136.43, 58.25, 22.84, 22.0, 9999.0, 9.61, 10.0, 21.7, 9999.0, 23.77, 9999.0, 117.64, 127.75, 120.25, 91.16, 138.43
2024-11-07, 02:14:15, 136.43, 58.25, 22.86, 22.0, 9999.0, 9.61, 10.0, 21.7, 9999.0, 23.75, 9999.0, 117.61, 127.75, 120.25, 91.14, 138.41
2024-11-07, 02:14:19, 136.43, 58.25, 22.89, 22.0, 9999.0, 9.61, 10.0, 21.7, 9999.0, 23.73, 9999.0, 117.59, 127.75, 120.25, 91.11, 138.43
2024-11-07, 02:14:23, 136.43, 58.25, 22.91, 22.0, 9999.0, 9.64, 10.0, 21.73, 9999.0, 23.7, 9999.0, 117.57, 127.75, 120.25, 91.11, 138.45
2024-11-07, 02:14:27, 136.43, 58.25, 22.89, 22.0, 9999.0, 9.64, 10.0, 21.73, 9999.0, 23.66, 9999.0, 117.57, 127.75, 120.25, 91.11, 138.45
2024-11-07, 02:14:31, 136.41, 58.25, 22.89, 22.0, 9999.0, 9.66, 10.0, 21.73, 9999.0, 23.61, 9999.0, 117.55, 127.75, 120.25, 91.09, 138.45
2024-11-07, 02:14:35, 136.41, 58.25, 22.91, 22.0, 9999.0, 9.68, 10.0, 21.73, 9999.0, 23.57, 9999.0, 117.52, 127.75, 120.25, 91.09, 138.45
2024-11-07, 02:14:39, 136.41, 58.25, 22.93, 22.0, 9999.0, 9.7, 10.0, 21.73, 9999.0, 23.55, 9999.0, 117.55, 127.75, 120.25, 91.09, 138.45
2024-11-07, 02:14:43, 136.43, 58.25, 22.95, 22.0, 9999.0, 9.73, 10.0, 21.73, 9999.0, 23.52, 9999.0, 117.57, 127.75, 120.25, 91.11, 138.48
2024-11-07, 02:14:47, 136.45, 58.25, 22.95, 22.0, 9999.0, 9.75, 10.0, 21.75, 9999.0, 23.5, 9999.0, 117.59, 127.75, 120.25, 91.11, 138.48
2024-11-07, 02:14:51, 136.45, 58.25, 22.98, 22.0, 9999.0, 9.77, 10.0, 21.75, 9999.0, 23.5, 9999.0, 117.61, 127.75, 120.25, 91.14, 138.48
2024-11-07, 02:14:55, 136.45, 58.25, 22.95, 22.0, 9999.0, 9.77, 10.0, 21.75, 9999.0, 23.48, 9999.0, 117.64, 127.75, 120.25, 91.11, 138.48
2024-11-07, 02:14:59, 136.45, 58.25, 22.95, 22.0, 9999.0, 9.77, 10.0, 21.75, 9999.0, 23.5, 9999.0, 117.66, 127.75, 120.25, 91.14, 138.5
2024-11-07, 02:15:03, 136.45, 58.25, 22.93, 22.0, 9999.0, 9.77, 10.0, 21.75, 9999.0, 23.52, 9999.0, 117.68, 127.75, 120.25, 91.16, 138.5
2024-11-07, 02:15:07, 136.45, 58.25, 22.91, 22.0, 9999.0, 9.75, 10.0, 21.75, 9999.0, 23.55, 9999.0, 117.7, 127.75, 120.25, 91.16, 138.5
2024-11-07, 02:15:11, 136.48, 58.25, 22.93, 22.0, 9999.0, 9.73, 10.0, 21.75, 9999.0, 23.57, 9999.0, 117.7, 127.75, 120.25, 91.18, 138.5
2024-11-07, 02:15:15, 136.5, 58.25, 22.93, 22.0, 9999.0, 9.7, 10.0, 21.75, 9999.0, 23.61, 9999.0, 117.73, 127.75, 120.25, 91.2, 138.5
2024-11-07, 02:15:19, 136.5, 58.25, 22.93, 22.0, 9999.0, 9.68, 10.0, 21.75, 9999.0, 23.64, 9999.0, 117.75, 127.75, 120.25, 91.2, 138.5
2024-11-07, 02:15:23, 136.5, 58.25, 22.93, 22.0, 9999.0, 9.66, 10.0, 21.75, 9999.0, 23.66, 9999.0, 117.75, 127.75, 120.25, 91.2, 138.5
2024-11-07, 02:15:27, 136.5, 58.25, 22.91, 22.0, 9999.0, 9.64, 10.0, 21.75, 9999.0, 23.68, 9999.0, 117.73, 127.75, 120.25, 91.2, 138.5
2024-11-07, 02:15:31, 136.5, 58.25, 22.91, 22.0, 9999.0, 9.64, 10.0, 21.75, 9999.0, 23.68, 9999.0, 117.7, 127.75, 120.25, 91.2, 138.5
2024-11-07, 02:15:36, 136.5, 58.25, 22.91, 22.0, 9999.0, 9.64, 10.0, 21.73, 9999.0, 23.66, 9999.0, 117.68, 127.75, 120.25, 91.2, 138.5
2024-11-07, 02:15:40, 136.5, 58.25, 22.91, 22.0, 9999.0, 9.64, 10.0, 21.73, 9999.0, 23.66, 9999.0, 117.66, 127.75, 120.25, 91.23, 138.5
2024-11-07, 02:15:44, 136.5, 58.25, 22.91, 22.02, 9999.0, 9.66, 10.0, 21.73, 9999.0, 23.64, 9999.0, 117.64, 127.75, 120.25, 91.2, 138.5
2024-11-07, 02:15:48, 136.5, 58.25, 22.93, 22.02, 9999.0, 9.68, 10.0, 21.73, 9999.0, 23.61, 9999.0, 117.64, 127.75, 120.25, 91.18, 138.5
2024-11-07, 02:15:52, 136.48, 58.25, 22.95, 22.02, 9999.0, 9.7, 10.0, 21.73, 9999.0, 23.59, 9999.0, 117.64, 127.75, 120.23, 91.18, 138.5
2024-11-07, 02:15:56, 136.48, 58.25, 22.95, 22.02, 9999.0, 9.73, 10.0, 21.73, 9999.0, 23.57, 9999.0, 117.64, 127.75, 120.23, 91.18, 138.5
2024-11-07, 02:16:00, 136.48, 58.25, 22.95, 22.02, 9999.0, 9.75, 10.0, 21.73, 9999.0, 23.55, 9999.0, 117.66, 127.75, 120.23, 91.18, 138.5
2024-11-07, 02:16:04, 136.45, 58.25, 22.95, 22.02, 9999.0, 9.77, 10.0, 21.73, 9999.0, 23.55, 9999.0, 117.66, 127.75, 120.23, 91.2, 138.5
2024-11-07, 02:16:08, 136.43, 58.25, 22.95, 22.02, 9999.0, 9.8, 10.0, 21.73, 9999.0, 23.52, 9999.0, 117.66, 127.75, 120.23, 91.2, 138.5
2024-11-07, 02:16:12, 136.43, 58.25, 22.95, 22.02, 9999.0, 9.82, 10.0, 21.73, 9999.0, 23.5, 9999.0, 117.68, 127.75, 120.23, 91.2, 138.5
2024-11-07, 02:16:16, 136.43, 58.25, 22.95, 22.02, 9999.0, 9.82, 10.0, 21.73, 9999.0, 23.52, 9999.0, 117.7, 127.75, 120.23, 91.2, 138.5
2024-11-07, 02:16:20, 136.43, 58.25, 22.95, 22.02, 9999.0, 9.82, 10.0, 21.75, 9999.0, 23.57, 9999.0, 117.73, 127.75, 120.23, 91.2, 138.5
2024-11-07, 02:16:24, 136.43, 58.25, 22.98, 22.05, 9999.0, 9.82, 10.0, 21.75, 9999.0, 23.59, 9999.0, 117.75, 127.75, 120.23, 91.2, 138.5
2024-11-07, 02:16:28, 136.43, 58.25, 22.98, 22.02, 9999.0, 9.8, 10.0, 21.75, 9999.0, 23.61, 9999.0, 117.77, 127.75, 120.23, 91.23, 138.5
2024-11-07, 02:16:32, 136.43, 58.25, 22.98, 22.05, 9999.0, 9.77, 10.0, 21.75, 9999.0, 23.64, 9999.0, 117.75, 127.75, 120.23, 91.25, 138.5
2024-11-07, 02:16:36, 136.45, 58.25, 22.98, 22.05, 9999.0, 9.73, 10.0, 21.75, 9999.0, 23.66, 9999.0, 117.73, 127.75, 120.25, 91.23, 138.5
2024-11-07, 02:16:40, 136.45, 58.25, 22.98, 22.07, 9999.0, 9.7, 10.0, 21.75, 9999.0, 23.68, 9999.0, 117.73, 127.75, 120.25, 91.23, 138.5
2024-11-07, 02:16:44, 136.45, 58.25, 22.98, 22.09, 9999.0, 9.68, 10.0, 21.75, 9999.0, 23.7, 9999.0, 117.68, 127.75, 120.25, 91.23, 138.5
2024-11-07, 02:16:48, 136.48, 58.25, 22.98, 22.11, 9999.0, 9.66, 10.0, 21.75, 9999.0, 23.7, 9999.0, 117.66, 127.75, 120.25, 91.2, 138.5
2024-11-07, 02:16:52, 136.48, 58.25, 22.98, 22.14, 9999.0, 9.66, 10.0, 21.75, 9999.0, 23.73, 9999.0, 117.64, 127.75, 120.25, 91.2, 138.5
2024-11-07, 02:16:56, 136.45, 58.25, 23.0, 22.16, 9999.0, 9.66, 10.0, 21.75, 9999.0, 23.73, 9999.0, 117.61, 127.75, 120.25, 91.2, 138.5
2024-11-07, 02:17:00, 136.45, 58.25, 23.0, 22.18, 9999.0, 9.68, 10.02, 21.75, 9999.0, 23.73, 9999.0, 117.59, 127.75, 120.25, 91.2, 138.5
2024-11-07, 02:17:04, 136.43, 58.25, 23.0, 22.2, 9999.0, 9.7, 10.02, 21.75, 9999.0, 23.68, 9999.0, 117.57, 127.75, 120.25, 91.2, 138.5
2024-11-07, 02:17:08, 136.41, 58.25, 23.0, 22.2, 9999.0, 9.73, 10.02, 21.75, 9999.0, 23.66, 9999.0, 117.57, 127.75, 120.25, 91.2, 138.5
2024-11-07, 02:17:12, 136.41, 58.25, 23.0, 22.23, 9999.0, 9.73, 10.02, 21.75, 9999.0, 23.64, 9999.0, 117.57, 127.75, 120.25, 91.2, 138.5
2024-11-07, 02:17:16, 136.41, 58.25, 23.0, 22.2, 9999.0, 9.75, 10.02, 21.75, 9999.0, 23.61, 9999.0, 117.61, 127.75, 120.25, 91.2, 138.5
2024-11-07, 02:17:20, 136.39, 58.25, 23.0, 22.2, 9999.0, 9.77, 10.05, 21.75, 9999.0, 23.59, 9999.0, 117.66, 127.75, 120.25, 91.2, 138.5
2024-11-07, 02:17:24, 136.36, 58.25, 23.0, 22.18, 9999.0, 9.8, 10.05, 21.75, 9999.0, 23.57, 9999.0, 117.68, 127.75, 120.25, 91.2, 138.5
2024-11-07, 02:17:28, 136.36, 58.25, 23.0, 22.16, 9999.0, 9.82, 10.05, 21.75, 9999.0, 23.57, 9999.0, 117.7, 127.75, 120.25, 91.2, 138.5
2024-11-07, 02:17:32, 136.34, 58.25, 23.0, 22.16, 9999.0, 9.84, 10.05, 21.75, 9999.0, 23.59, 9999.0, 117.73, 127.75, 120.25, 91.23, 138.5
2024-11-07, 02:17:36, 136.36, 58.25, 23.0, 22.16, 9999.0, 9.84, 10.05, 21.75, 9999.0, 23.61, 9999.0, 117.75, 127.75, 120.25, 91.23, 138.5
2024-11-07, 02:17:40, 136.39, 58.25, 23.0, 22.14, 9999.0, 9.84, 10.05, 21.75, 9999.0, 23.66, 9999.0, 117.77, 127.75, 120.25, 91.23, 138.5
2024-11-07, 02:17:44, 136.39, 58.25, 23.0, 22.14, 9999.0, 9.82, 10.02, 21.75, 9999.0, 23.68, 9999.0, 117.8, 127.77, 120.25, 91.23, 138.5
2024-11-07, 02:17:48, 136.41, 58.25, 23.0, 22.11, 9999.0, 9.8, 10.02, 21.75, 9999.0, 23.7, 9999.0, 117.82, 127.77, 120.25, 91.23, 138.5
2024-11-07, 02:17:52, 136.43, 58.25, 23.0, 22.11, 9999.0, 9.75, 10.02, 21.75, 9999.0, 23.73, 9999.0, 117.82, 127.77, 120.25, 91.2, 138.5
2024-11-07, 02:17:56, 136.43, 58.25, 23.0, 22.09, 9999.0, 9.73, 10.05, 21.75, 9999.0, 23.75, 9999.0, 117.82, 127.77, 120.25, 91.18, 138.5
2024-11-07, 02:18:00, 136.43, 58.25, 23.0, 22.11, 9999.0, 9.68, 10.05, 21.75, 9999.0, 23.77, 9999.0, 117.8, 127.77, 120.25, 91.16, 138.5
2024-11-07, 02:18:04, 136.45, 58.25, 23.0, 22.11, 9999.0, 9.66, 10.02, 21.75, 9999.0, 23.8, 9999.0, 117.75, 127.77, 120.25, 91.18, 138.5
2024-11-07, 02:18:08, 136.48, 58.25, 23.0, 22.14, 9999.0, 9.66, 10.02, 21.75, 9999.0, 23.82, 9999.0, 117.73, 127.77, 120.25, 91.18, 138.5
2024-11-07, 02:18:12, 136.48, 58.25, 23.0, 22.16, 9999.0, 9.66, 10.02, 21.75, 9999.0, 23.82, 9999.0, 117.7, 127.77, 120.25, 91.18, 138.5
2024-11-07, 02:18:16, 136.5, 58.25, 23.0, 22.14, 9999.0, 9.66, 10.02, 21.73, 9999.0, 23.8, 9999.0, 117.68, 127.77, 120.25, 91.18, 138.5
2024-11-07, 02:18:20, 136.5, 58.25, 23.0, 22.14, 9999.0, 9.68, 10.02, 21.73, 9999.0, 23.75, 9999.0, 117.66, 127.77, 120.25, 91.18, 138.5
2024-11-07, 02:18:24, 136.48, 58.25, 23.0, 22.14, 9999.0, 9.7, 10.02, 21.73, 9999.0, 23.7, 9999.0, 117.66, 127.77, 120.25, 91.18, 138.5
2024-11-07, 02:18:28, 136.48, 58.25, 23.0, 22.14, 9999.0, 9.7, 10.02, 21.73, 9999.0, 23.66, 9999.0, 117.66, 127.75, 120.25, 91.18, 138.5
2024-11-07, 02:18:32, 136.48, 58.25, 23.0, 22.14, 9999.0, 9.7, 10.02, 21.73, 9999.0, 23.64, 9999.0, 117.66, 127.75, 120.25, 91.16, 138.5
2024-11-07, 02:18:36, 136.48, 58.25, 23.0, 22.14, 9999.0, 9.73, 10.02, 21.73, 9999.0, 23.64, 9999.0, 117.68, 127.75, 120.25, 91.16, 138.5
2024-11-07, 02:18:40, 136.45, 58.25, 23.0, 22.16, 9999.0, 9.75, 10.0, 21.73, 9999.0, 23.61, 9999.0, 117.68, 127.75, 120.25, 91.18, 138.5
2024-11-07, 02:18:44, 136.45, 58.27, 23.0, 22.14, 9999.0, 9.77, 10.0, 21.73, 9999.0, 23.61, 9999.0, 117.68, 127.75, 120.25, 91.2, 138.5
2024-11-07, 02:18:48, 136.45, 58.27, 23.0, 22.14, 9999.0, 9.8, 10.0, 21.73, 9999.0, 23.61, 9999.0, 117.7, 127.75, 120.25, 91.2, 138.5
2024-11-07, 02:18:52, 136.45, 58.27, 23.0, 22.14, 9999.0, 9.8, 10.0, 21.73, 9999.0, 23.61, 9999.0, 117.7, 127.75, 120.25, 91.18, 138.5
2024-11-07, 02:18:56, 136.45, 58.27, 23.0, 22.14, 9999.0, 9.8, 10.0, 21.73, 9999.0, 23.64, 9999.0, 117.73, 127.77, 120.25, 91.18, 138.5
2024-11-07, 02:19:00, 136.43, 58.27, 23.0, 22.16, 9999.0, 9.8, 10.0, 21.75, 9999.0, 23.68, 9999.0, 117.75, 127.77, 120.25, 91.18, 138.5
2024-11-07, 02:19:04, 136.43, 58.27, 23.0, 22.16, 9999.0, 9.77, 10.0, 21.75, 9999.0, 23.73, 9999.0, 117.77, 127.77, 120.25, 91.18, 138.5
2024-11-07, 02:19:08, 136.45, 58.27, 23.0, 22.16, 9999.0, 9.75, 10.0, 21.75, 9999.0, 23.77, 9999.0, 117.77, 127.77, 120.25, 91.18, 138.5
2024-11-07, 02:19:12, 136.45, 58.3, 23.0, 22.16, 9999.0, 9.73, 10.0, 21.75, 9999.0, 23.82, 9999.0, 117.77, 127.77, 120.25, 91.18, 138.5
2024-11-07, 02:19:16, 136.45, 58.3, 23.0, 22.18, 9999.0, 9.73, 10.0, 21.75, 9999.0, 23.86, 9999.0, 117.77, 127.77, 120.25, 91.18, 138.5
2024-11-07, 02:19:20, 136.45, 58.3, 23.0, 22.16, 9999.0, 9.73, 10.0, 21.75, 9999.0, 23.89, 9999.0, 117.75, 127.77, 120.25, 91.18, 138.5
2024-11-07, 02:19:25, 136.48, 58.3, 23.0, 22.16, 9999.0, 9.7, 10.0, 21.75, 9999.0, 23.93, 9999.0, 117.73, 127.77, 120.25, 91.16, 138.5
2024-11-07, 02:19:29, 136.48, 58.27, 23.0, 22.18, 9999.0, 9.7, 10.0, 21.75, 9999.0, 23.93, 9999.0, 117.7, 127.77, 120.25, 91.14, 138.5
2024-11-07, 02:19:33, 136.48, 58.27, 23.0, 22.2, 9999.0, 9.7, 10.0, 21.75, 9999.0, 23.93, 9999.0, 117.68, 127.77, 120.25, 91.14, 138.5
2024-11-07, 02:19:37, 136.48, 58.27, 23.0, 22.18, 9999.0, 9.73, 10.0, 21.75, 9999.0, 23.93, 9999.0, 117.66, 127.77, 120.25, 91.14, 138.5
2024-11-07, 02:19:41, 136.48, 58.27, 23.0, 22.18, 9999.0, 9.75, 10.0, 21.75, 9999.0, 23.91, 9999.0, 117.64, 127.75, 120.25, 91.14, 138.5
2024-11-07, 02:19:45, 136.5, 58.27, 23.0, 22.16, 9999.0, 9.77, 10.0, 21.75, 9999.0, 23.89, 9999.0, 117.64, 127.75, 120.25, 91.11, 138.5
2024-11-07, 02:19:49, 136.5, 58.27, 23.0, 22.16, 9999.0, 9.77, 10.0, 21.75, 9999.0, 23.86, 9999.0, 117.64, 127.75, 120.25, 91.09, 138.5
2024-11-07, 02:19:53, 136.5, 58.27, 23.0, 22.18, 9999.0, 9.77, 10.0, 21.75, 9999.0, 23.84, 9999.0, 117.66, 127.75, 120.25, 91.07, 138.5
2024-11-07, 02:19:57, 136.5, 58.25, 23.0, 22.18, 9999.0, 9.8, 10.0, 21.75, 9999.0, 23.82, 9999.0, 117.68, 127.75, 120.25, 91.07, 138.5
2024-11-07, 02:20:01, 136.48, 58.25, 23.0, 22.18, 9999.0, 9.8, 10.0, 21.75, 9999.0, 23.8, 9999.0, 117.7, 127.75, 120.25, 91.09, 138.5
2024-11-07, 02:20:05, 136.48, 58.25, 23.0, 22.2, 9999.0, 9.8, 10.0, 21.75, 9999.0, 23.8, 9999.0, 117.7, 127.75, 120.25, 91.11, 138.5
2024-11-07, 02:20:09, 136.48, 58.25, 23.0, 22.2, 9999.0, 9.82, 10.02, 21.75, 9999.0, 23.8, 9999.0, 117.73, 127.75, 120.25, 91.11, 138.5
2024-11-07, 02:20:13, 136.48, 58.25, 23.0, 22.2, 9999.0, 9.82, 10.02, 21.75, 9999.0, 23.82, 9999.0, 117.75, 127.75, 120.25, 91.14, 138.5
2024-11-07, 02:20:42, 136.48, 58.25, 23.0, 22.2, 9999.0, 9.82, 10.02, 21.75, 9999.0, 23.86, 9999.0, 117.77, 127.75, 120.25, 91.11, 138.5
2024-11-07, 02:20:46, 136.48, 58.25, 23.0, 22.23, 9999.0, 9.77, 10.02, 21.75, 9999.0, 23.89, 9999.0, 117.8, 127.75, 120.25, 91.11, 138.5
2024-11-07, 02:20:51, 136.48, 58.25, 23.0, 22.23, 9999.0, 9.75, 10.02, 21.75, 9999.0, 23.91, 9999.0, 117.82, 127.75, 120.25, 91.09, 138.5
2024-11-07, 02:20:55, 136.48, 58.25, 23.0, 22.25, 9999.0, 9.7, 10.02, 21.75, 9999.0, 23.93, 9999.0, 117.82, 127.75, 120.25, 91.09, 138.5
2024-11-07, 02:20:59, 136.48, 58.25, 23.0, 22.25, 9999.0, 9.68, 10.02, 21.75, 9999.0, 23.98, 9999.0, 117.8, 127.75, 120.25, 91.09, 138.5
2024-11-07, 02:21:03, 136.48, 58.25, 23.0, 22.25, 9999.0, 9.66, 10.02, 21.75, 9999.0, 24.0, 9999.0, 117.75, 127.75, 120.25, 91.09, 138.5
2024-11-07, 02:21:07, 136.48, 58.25, 23.0, 22.25, 9999.0, 9.64, 10.02, 21.75, 9999.0, 24.02, 9999.0, 117.7, 127.75, 120.25, 91.07, 138.5
2024-11-07, 02:21:11, 136.48, 58.27, 23.0, 22.25, 9999.0, 9.64, 10.02, 21.75, 9999.0, 24.05, 9999.0, 117.66, 127.75, 120.25, 91.05, 138.5
2024-11-07, 02:21:15, 136.48, 58.27, 23.0, 22.25, 9999.0, 9.64, 10.02, 21.75, 9999.0, 24.05, 9999.0, 117.64, 127.75, 120.25, 91.02, 138.5
2024-11-07, 02:21:19, 136.48, 58.27, 23.0, 22.25, 9999.0, 9.64, 10.0, 21.75, 9999.0, 24.05, 9999.0, 117.61, 127.75, 120.25, 91.02, 138.5
2024-11-07, 02:21:23, 136.48, 58.27, 23.0, 22.23, 9999.0, 9.66, 10.0, 21.75, 9999.0, 24.05, 9999.0, 117.59, 127.75, 120.25, 91.02, 138.5
2024-11-07, 02:21:27, 136.48, 58.27, 23.0, 22.23, 9999.0, 9.68, 10.0, 21.75, 9999.0, 24.02, 9999.0, 117.59, 127.75, 120.25, 91.05, 138.5
2024-11-07, 02:21:31, 136.48, 58.27, 23.0, 22.2, 9999.0, 9.73, 10.0, 21.75, 9999.0, 24.02, 9999.0, 117.59, 127.75, 120.25, 91.05, 138.5
2024-11-07, 02:21:35, 136.48, 58.27, 23.0, 22.18, 9999.0, 9.73, 10.0, 21.75, 9999.0, 24.02, 9999.0, 117.59, 127.75, 120.23, 91.07, 138.5
2024-11-07, 02:21:39, 136.48, 58.27, 23.0, 22.16, 9999.0, 9.75, 10.0, 21.75, 9999.0, 24.0, 9999.0, 117.61, 127.75, 120.23, 91.09, 138.5
2024-11-07, 02:21:43, 136.45, 58.27, 23.0, 22.14, 9999.0, 9.77, 10.0, 21.75, 9999.0, 23.98, 9999.0, 117.66, 127.75, 120.23, 91.11, 138.5
2024-11-07, 02:21:47, 136.45, 58.27, 23.0, 22.11, 9999.0, 9.8, 10.0, 21.75, 9999.0, 23.95, 9999.0, 117.7, 127.75, 120.23, 91.14, 138.5
2024-11-07, 02:21:51, 136.45, 58.27, 23.0, 22.09, 9999.0, 9.82, 10.0, 21.75, 9999.0, 23.95, 9999.0, 117.73, 127.75, 120.23, 91.16, 138.5
2024-11-07, 02:21:57, 136.48, 58.25, 23.0, 22.07, 9999.0, 9.82, 10.02, 21.75, 9999.0, 23.95, 9999.0, 117.75, 127.75, 120.23, 91.18, 138.5
2024-11-07, 02:22:07, 136.48, 58.25, 23.0, 22.05, 9999.0, 9.82, 10.02, 21.75, 9999.0, 23.98, 9999.0, 117.77, 127.75, 120.23, 91.2, 138.5
2024-11-07, 02:22:11, 136.48, 58.25, 23.0, 22.05, 9999.0, 9.82, 10.02, 21.75, 9999.0, 24.0, 9999.0, 117.8, 127.75, 120.23, 91.23, 138.5
2024-11-07, 02:22:15, 136.48, 58.25, 23.0, 22.05, 9999.0, 9.77, 10.02, 21.75, 9999.0, 24.02, 9999.0, 117.82, 127.75, 120.23, 91.23, 138.5
2024-11-07, 02:22:19, 136.48, 58.25, 23.0, 22.05, 9999.0, 9.73, 10.02, 21.75, 9999.0, 24.02, 9999.0, 117.82, 127.75, 120.23, 91.23, 138.5
2024-11-07, 02:22:23, 136.48, 58.25, 23.0, 22.07, 9999.0, 9.68, 10.02, 21.75, 9999.0, 24.02, 9999.0, 117.82, 127.75, 120.23, 91.25, 138.5
2024-11-07, 02:22:27, 136.48, 58.25, 23.0, 22.09, 9999.0, 9.66, 10.02, 21.75, 9999.0, 24.02, 9999.0, 117.82, 127.75, 120.23, 91.25, 138.5
2024-11-07, 02:22:32, 136.48, 58.27, 23.0, 22.11, 9999.0, 9.64, 10.02, 21.75, 9999.0, 24.02, 9999.0, 117.77, 127.75, 120.23, 91.25, 138.5
2024-11-07, 02:22:36, 136.5, 58.27, 23.0, 22.11, 9999.0, 9.61, 10.02, 21.75, 9999.0, 24.0, 9999.0, 117.73, 127.75, 120.23, 91.23, 138.5
2024-11-07, 02:22:40, 136.5, 58.27, 23.0, 22.11, 9999.0, 9.61, 10.02, 21.75, 9999.0, 24.0, 9999.0, 117.68, 127.75, 120.23, 91.23, 138.5
2024-11-07, 02:22:44, 136.5, 58.27, 23.0, 22.11, 9999.0, 9.61, 10.02, 21.75, 9999.0, 23.98, 9999.0, 117.66, 127.75, 120.23, 91.23, 138.48
2024-11-07, 02:22:48, 136.5, 58.27, 23.0, 22.11, 9999.0, 9.61, 10.0, 21.75, 9999.0, 23.95, 9999.0, 117.64, 127.75, 120.2, 91.23, 138.48
2024-11-07, 02:22:52, 136.5, 58.3, 23.0, 22.11, 9999.0, 9.64, 10.0, 21.75, 9999.0, 23.91, 9999.0, 117.61, 127.75, 120.2, 91.23, 138.48
2024-11-07, 02:22:56, 136.5, 58.3, 22.98, 22.09, 9999.0, 9.64, 10.0, 21.75, 9999.0, 23.86, 9999.0, 117.61, 127.75, 120.2, 91.2, 138.48
2024-11-07, 02:23:00, 136.5, 58.3, 22.98, 22.09, 9999.0, 9.68, 10.0, 21.75, 9999.0, 23.82, 9999.0, 117.61, 127.75, 120.2, 91.2, 138.48
2024-11-07, 02:23:04, 136.5, 58.3, 22.98, 22.07, 9999.0, 9.7, 10.0, 21.75, 9999.0, 23.8, 9999.0, 117.61, 127.75, 120.2, 91.2, 138.48
2024-11-07, 02:23:08, 136.5, 58.3, 22.98, 22.05, 9999.0, 9.73, 10.0, 21.75, 9999.0, 23.77, 9999.0, 117.64, 127.75, 120.2, 91.2, 138.48
2024-11-07, 02:23:12, 136.5, 58.3, 22.98, 22.02, 9999.0, 9.75, 10.0, 21.75, 9999.0, 23.75, 9999.0, 117.64, 127.75, 120.23, 91.2, 138.48
2024-11-07, 02:23:24, 136.5, 58.27, 22.95, 22.0, 9999.0, 9.77, 10.0, 21.75, 9999.0, 23.75, 9999.0, 117.66, 127.75, 120.23, 91.18, 138.48
2024-11-07, 02:23:28, 136.5, 58.27, 22.95, 22.0, 9999.0, 9.8, 10.0, 21.75, 9999.0, 23.77, 9999.0, 117.68, 127.75, 120.23, 91.2, 138.48
2024-11-07, 02:23:32, 136.5, 58.27, 22.93, 22.02, 9999.0, 9.8, 10.0, 21.75, 9999.0, 23.8, 9999.0, 117.68, 127.75, 120.23, 91.18, 138.48
2024-11-07, 02:23:36, 136.48, 58.27, 22.91, 22.02, 9999.0, 9.8, 10.0, 21.75, 9999.0, 23.8, 9999.0, 117.73, 127.75, 120.23, 91.16, 138.5
2024-11-07, 02:23:40, 136.45, 58.27, 22.91, 22.02, 9999.0, 9.8, 10.0, 21.75, 9999.0, 23.8, 9999.0, 117.77, 127.75, 120.25, 91.14, 138.5
2024-11-07, 02:23:44, 136.43, 58.25, 22.89, 22.05, 9999.0, 9.77, 10.0, 21.75, 9999.0, 23.8, 9999.0, 117.8, 127.75, 120.25, 91.11, 138.5
2024-11-07, 02:23:48, 136.43, 58.25, 22.91, 22.05, 9999.0, 9.77, 10.0, 21.75, 9999.0, 23.82, 9999.0, 117.8, 127.75, 120.25, 91.11, 138.5
2024-11-07, 02:23:52, 136.43, 58.25, 22.91, 22.05, 9999.0, 9.75, 10.0, 21.75, 9999.0, 23.84, 9999.0, 117.8, 127.75, 120.25, 91.11, 138.5
2024-11-07, 02:23:56, 136.43, 58.25, 22.89, 22.05, 9999.0, 9.75, 10.0, 21.75, 9999.0, 23.89, 9999.0, 117.8, 127.75, 120.25, 91.09, 138.5
2024-11-07, 02:24:00, 136.43, 58.25, 22.89, 22.05, 9999.0, 9.73, 10.0, 21.75, 9999.0, 23.93, 9999.0, 117.77, 127.75, 120.25, 91.09, 138.5
2024-11-07, 02:24:04, 136.43, 58.25, 22.89, 22.05, 9999.0, 9.73, 10.0, 21.75, 9999.0, 23.98, 9999.0, 117.77, 127.75, 120.25, 91.09, 138.5
2024-11-07, 02:24:08, 136.43, 58.25, 22.91, 22.05, 9999.0, 9.73, 10.0, 21.75, 9999.0, 24.0, 9999.0, 117.75, 127.75, 120.25, 91.11, 138.5
2024-11-07, 02:24:12, 136.43, 58.25, 22.91, 22.05, 9999.0, 9.7, 10.0, 21.75, 9999.0, 24.0, 9999.0, 117.75, 127.75, 120.25, 91.11, 138.48
2024-11-07, 02:24:16, 136.43, 58.25, 22.93, 22.02, 9999.0, 9.68, 10.0, 21.75, 9999.0, 24.0, 9999.0, 117.75, 127.75, 120.25, 91.14, 138.48
2024-11-07, 02:24:20, 136.45, 58.25, 22.95, 22.02, 9999.0, 9.66, 10.0, 21.75, 9999.0, 24.02, 9999.0, 117.73, 127.75, 120.25, 91.16, 138.48
2024-11-07, 02:24:24, 136.48, 58.25, 22.95, 22.02, 9999.0, 9.64, 10.0, 21.75, 9999.0, 24.05, 9999.0, 117.68, 127.75, 120.25, 91.18, 138.48
2024-11-07, 02:24:28, 136.5, 58.25, 22.98, 22.0, 9999.0, 9.64, 10.0, 21.75, 9999.0, 24.07, 9999.0, 117.66, 127.75, 120.25, 91.2, 138.45
2024-11-07, 02:24:32, 136.5, 58.25, 22.98, 22.0, 9999.0, 9.64, 10.0, 21.75, 9999.0, 24.05, 9999.0, 117.64, 127.75, 120.25, 91.23, 138.45
2024-11-07, 02:24:36, 136.5, 58.25, 22.95, 22.0, 9999.0, 9.64, 10.0, 21.75, 9999.0, 24.05, 9999.0, 117.61, 127.75, 120.25, 91.23, 138.45
2024-11-07, 02:24:40, 136.5, 58.25, 22.98, 22.0, 9999.0, 9.66, 10.0, 21.75, 9999.0, 24.0, 9999.0, 117.59, 127.75, 120.25, 91.25, 138.45
2024-11-07, 02:24:44, 136.5, 58.27, 22.98, 22.02, 9999.0, 9.68, 10.0, 21.75, 9999.0, 23.95, 9999.0, 117.59, 127.75, 120.25, 91.23, 138.45
2024-11-07, 02:24:48, 136.5, 58.27, 22.95, 22.02, 9999.0, 9.68, 10.0, 21.75, 9999.0, 23.91, 9999.0, 117.59, 127.75, 120.25, 91.2, 138.43
2024-11-07, 02:24:52, 136.5, 58.27, 22.93, 22.02, 9999.0, 9.68, 10.0, 21.75, 9999.0, 23.91, 9999.0, 117.61, 127.75, 120.25, 91.18, 138.43
2024-11-07, 02:24:56, 136.48, 58.27, 22.93, 22.02, 9999.0, 9.7, 10.0, 21.75, 9999.0, 23.91, 9999.0, 117.61, 127.75, 120.25, 91.18, 138.43
2024-11-07, 02:25:00, 136.48, 58.27, 22.93, 22.02, 9999.0, 9.73, 10.0, 21.75, 9999.0, 23.91, 9999.0, 117.64, 127.75, 120.25, 91.18, 138.43
2024-11-07, 02:25:04, 136.48, 58.27, 22.93, 22.02, 9999.0, 9.75, 10.0, 21.75, 9999.0, 23.91, 9999.0, 117.64, 127.75, 120.25, 91.18, 138.43
2024-11-07, 02:25:08, 136.48, 58.27, 22.93, 22.02, 9999.0, 9.77, 10.0, 21.75, 9999.0, 23.91, 9999.0, 117.66, 127.75, 120.25, 91.16, 138.43
2024-11-07, 02:25:12, 136.48, 58.27, 22.93, 22.02, 9999.0, 9.77, 10.0, 21.75, 9999.0, 23.93, 9999.0, 117.68, 127.75, 120.25, 91.16, 138.43
2024-11-07, 02:25:16, 136.48, 58.27, 22.91, 22.05, 9999.0, 9.77, 10.0, 21.75, 9999.0, 23.98, 9999.0, 117.7, 127.75, 120.25, 91.16, 138.43
2024-11-07, 02:25:20, 136.48, 58.27, 22.93, 22.05, 9999.0, 9.75, 10.0, 21.75, 9999.0, 24.0, 9999.0, 117.73, 127.75, 120.25, 91.16, 138.43
2024-11-07, 02:25:24, 136.45, 58.27, 22.93, 22.05, 9999.0, 9.7, 10.0, 21.75, 9999.0, 24.05, 9999.0, 117.75, 127.75, 120.25, 91.14, 138.43
2024-11-07, 02:25:28, 136.43, 58.25, 22.93, 22.02, 9999.0, 9.7, 10.0, 21.75, 9999.0, 24.07, 9999.0, 117.73, 127.75, 120.25, 91.14, 138.43
2024-11-07, 02:25:32, 136.41, 58.25, 22.93, 22.02, 9999.0, 9.68, 10.0, 21.75, 9999.0, 24.09, 9999.0, 117.7, 127.75, 120.25, 91.16, 138.45
2024-11-07, 02:25:36, 136.39, 58.25, 22.93, 22.05, 9999.0, 9.66, 10.0, 21.75, 9999.0, 24.09, 9999.0, 117.68, 127.75, 120.25, 91.18, 138.45
2024-11-07, 02:25:40, 136.41, 58.25, 22.91, 22.05, 9999.0, 9.64, 10.0, 21.75, 9999.0, 24.09, 9999.0, 117.66, 127.75, 120.23, 91.16, 138.48
2024-11-07, 02:25:44, 136.39, 58.25, 22.91, 22.05, 9999.0, 9.61, 10.0, 21.75, 9999.0, 24.09, 9999.0, 117.64, 127.75, 120.23, 91.16, 138.48
2024-11-07, 02:25:48, 136.36, 58.25, 22.91, 22.05, 9999.0, 9.61, 10.0, 21.75, 9999.0, 24.09, 9999.0, 117.61, 127.75, 120.23, 91.16, 138.48
2024-11-07, 02:25:52, 136.34, 58.25, 22.91, 22.05, 9999.0, 9.61, 10.0, 21.75, 9999.0, 24.09, 9999.0, 117.59, 127.75, 120.23, 91.16, 138.45
2024-11-07, 02:25:56, 136.32, 58.25, 22.89, 22.07, 9999.0, 9.64, 10.0, 21.75, 9999.0, 24.07, 9999.0, 117.57, 127.75, 120.23, 91.16, 138.48
2024-11-07, 02:26:00, 136.32, 58.25, 22.89, 22.05, 9999.0, 9.64, 10.0, 21.75, 9999.0, 24.05, 9999.0, 117.55, 127.75, 120.23, 91.14, 138.45
2024-11-07, 02:26:04, 136.32, 58.25, 22.86, 22.05, 9999.0, 9.66, 10.0, 21.75, 9999.0, 24.02, 9999.0, 117.55, 127.75, 120.23, 91.14, 138.43
2024-11-07, 02:26:09, 136.34, 58.25, 22.84, 22.05, 9999.0, 9.68, 10.0, 21.75, 9999.0, 24.0, 9999.0, 117.52, 127.75, 120.23, 91.16, 138.43
2024-11-07, 02:26:13, 136.34, 58.25, 22.82, 22.07, 9999.0, 9.68, 10.0, 21.75, 9999.0, 24.0, 9999.0, 117.55, 127.75, 120.23, 91.18, 138.41
2024-11-07, 02:26:17, 136.36, 58.25, 22.84, 22.07, 9999.0, 9.7, 10.0, 21.75, 9999.0, 23.98, 9999.0, 117.59, 127.75, 120.23, 91.18, 138.41
2024-11-07, 02:26:21, 136.39, 58.25, 22.86, 22.05, 9999.0, 9.73, 10.0, 21.75, 9999.0, 23.95, 9999.0, 117.61, 127.75, 120.23, 91.18, 138.41
2024-11-07, 02:26:25, 136.36, 58.25, 22.86, 22.05, 9999.0, 9.75, 10.0, 21.75, 9999.0, 23.95, 9999.0, 117.64, 127.75, 120.25, 91.2, 138.41
2024-11-07, 02:26:29, 136.39, 58.25, 22.84, 22.05, 9999.0, 9.77, 10.0, 21.75, 9999.0, 23.95, 9999.0, 117.66, 127.75, 120.25, 91.2, 138.39
2024-11-07, 02:26:33, 136.41, 58.25, 22.82, 22.05, 9999.0, 9.77, 10.0, 21.75, 9999.0, 23.95, 9999.0, 117.68, 127.75, 120.25, 91.2, 138.36
2024-11-07, 02:26:37, 136.41, 58.25, 22.82, 22.05, 9999.0, 9.75, 10.0, 21.75, 9999.0, 23.98, 9999.0, 117.7, 127.75, 120.25, 91.23, 138.39
2024-11-07, 02:26:41, 136.43, 58.25, 22.84, 22.02, 9999.0, 9.73, 10.0, 21.75, 9999.0, 24.0, 9999.0, 117.73, 127.75, 120.23, 91.23, 138.36
2024-11-07, 02:26:45, 136.41, 58.25, 22.84, 22.02, 9999.0, 9.7, 10.0, 21.75, 9999.0, 24.0, 9999.0, 117.73, 127.75, 120.23, 91.23, 138.36
2024-11-07, 02:26:49, 136.39, 58.25, 22.84, 22.02, 9999.0, 9.68, 10.0, 21.75, 9999.0, 24.0, 9999.0, 117.7, 127.75, 120.2, 91.23, 138.39
2024-11-07, 02:26:53, 136.39, 58.25, 22.86, 22.02, 9999.0, 9.66, 10.0, 21.75, 9999.0, 24.0, 9999.0, 117.73, 127.75, 120.2, 91.2, 138.39
2024-11-07, 02:26:57, 136.41, 58.25, 22.89, 22.0, 9999.0, 9.64, 10.0, 21.75, 9999.0, 24.0, 9999.0, 117.7, 127.75, 120.18, 91.2, 138.41
2024-11-07, 02:27:01, 136.41, 58.25, 22.89, 22.02, 9999.0, 9.61, 10.0, 21.75, 9999.0, 24.02, 9999.0, 117.66, 127.75, 120.18, 91.2, 138.41
2024-11-07, 02:27:05, 136.39, 58.25, 22.86, 22.02, 9999.0, 9.61, 10.0, 21.75, 9999.0, 24.05, 9999.0, 117.64, 127.75, 120.18, 91.2, 138.41
2024-11-07, 02:27:09, 136.39, 58.25, 22.89, 22.05, 9999.0, 9.61, 10.0, 21.75, 9999.0, 24.05, 9999.0, 117.61, 127.75, 120.18, 91.18, 138.41
2024-11-07, 02:27:13, 136.36, 58.25, 22.89, 22.05, 9999.0, 9.61, 10.0, 21.75, 9999.0, 24.05, 9999.0, 117.59, 127.75, 120.18, 91.16, 138.43
2024-11-07, 02:27:17, 136.36, 58.25, 22.91, 22.05, 9999.0, 9.64, 10.0, 21.75, 9999.0, 24.05, 9999.0, 117.57, 127.75, 120.18, 91.14, 138.45
2024-11-07, 02:27:21, 136.39, 58.25, 22.91, 22.05, 9999.0, 9.66, 10.0, 21.75, 9999.0, 24.02, 9999.0, 117.57, 127.75, 120.18, 91.11, 138.45
2024-11-07, 02:27:25, 136.39, 58.25, 22.91, 22.05, 9999.0, 9.66, 10.0, 21.75, 9999.0, 24.0, 9999.0, 117.57, 127.75, 120.2, 91.09, 138.48
2024-11-07, 02:27:29, 136.41, 58.25, 22.93, 22.05, 9999.0, 9.68, 10.0, 21.75, 9999.0, 24.0, 9999.0, 117.59, 127.75, 120.2, 91.09, 138.5
2024-11-07, 02:27:33, 136.43, 58.25, 22.93, 22.05, 9999.0, 9.7, 10.0, 21.75, 9999.0, 24.0, 9999.0, 117.61, 127.75, 120.23, 91.07, 138.48
2024-11-07, 02:27:37, 136.43, 58.25, 22.91, 22.05, 9999.0, 9.73, 10.0, 21.75, 9999.0, 23.98, 9999.0, 117.61, 127.75, 120.2, 91.09, 138.48
2024-11-07, 02:27:41, 136.43, 58.25, 22.91, 22.05, 9999.0, 9.75, 10.0, 21.75, 9999.0, 23.98, 9999.0, 117.64, 127.75, 120.23, 91.09, 138.45
2024-11-07, 02:27:45, 136.43, 58.25, 22.89, 22.02, 9999.0, 9.77, 10.0, 21.75, 9999.0, 23.98, 9999.0, 117.66, 127.75, 120.23, 91.07, 138.45
2024-11-07, 02:27:49, 136.43, 58.25, 22.89, 22.02, 9999.0, 9.75, 10.0, 21.73, 9999.0, 23.98, 9999.0, 117.68, 127.75, 120.23, 91.05, 138.45
2024-11-07, 02:27:53, 136.45, 58.25, 22.89, 22.0, 9999.0, 9.75, 10.0, 21.73, 9999.0, 24.0, 9999.0, 117.7, 127.75, 120.23, 91.05, 138.45
2024-11-07, 02:27:57, 136.48, 58.25, 22.89, 22.0, 9999.0, 9.73, 10.0, 21.73, 9999.0, 24.02, 9999.0, 117.73, 127.75, 120.2, 91.05, 138.45
2024-11-07, 02:28:01, 136.48, 58.25, 22.89, 22.0, 9999.0, 9.68, 10.0, 21.73, 9999.0, 24.05, 9999.0, 117.73, 127.75, 120.2, 91.05, 138.45
2024-11-07, 02:28:05, 136.48, 58.25, 22.89, 22.02, 9999.0, 9.66, 10.0, 21.73, 9999.0, 24.05, 9999.0, 117.73, 127.75, 120.18, 91.07, 138.43
2024-11-07, 02:28:09, 136.45, 58.25, 22.89, 22.02, 9999.0, 9.64, 10.0, 21.73, 9999.0, 24.05, 9999.0, 117.7, 127.75, 120.16, 91.07, 138.43
2024-11-07, 02:28:13, 136.45, 58.25, 22.89, 22.02, 9999.0, 9.61, 10.0, 21.73, 9999.0, 24.05, 9999.0, 117.68, 127.75, 120.16, 91.07, 138.43
2024-11-07, 02:28:17, 136.45, 58.25, 22.89, 22.02, 9999.0, 9.59, 10.0, 21.73, 9999.0, 24.05, 9999.0, 117.66, 127.75, 120.16, 91.09, 138.43
2024-11-07, 02:28:21, 136.43, 58.25, 22.89, 22.02, 9999.0, 9.59, 10.0, 21.73, 9999.0, 24.07, 9999.0, 117.64, 127.75, 120.18, 91.07, 138.41
2024-11-07, 02:28:25, 136.43, 58.25, 22.89, 22.02, 9999.0, 9.59, 10.0, 21.7, 9999.0, 24.07, 9999.0, 117.61, 127.75, 120.16, 91.05, 138.43
2024-11-07, 02:28:29, 136.41, 58.25, 22.89, 22.02, 9999.0, 9.59, 10.0, 21.7, 9999.0, 24.07, 9999.0, 117.59, 127.75, 120.16, 91.05, 138.43
2024-11-07, 02:28:33, 136.43, 58.25, 22.89, 22.02, 9999.0, 9.64, 10.0, 21.73, 9999.0, 24.07, 9999.0, 117.57, 127.75, 120.16, 91.05, 138.43
2024-11-07, 02:28:37, 136.43, 58.25, 22.86, 22.02, 9999.0, 9.66, 10.0, 21.73, 9999.0, 24.05, 9999.0, 117.57, 127.75, 120.16, 91.05, 138.41
2024-11-07, 02:28:41, 136.41, 58.25, 22.86, 22.02, 9999.0, 9.7, 10.0, 21.73, 9999.0, 24.02, 9999.0, 117.55, 127.75, 120.18, 91.07, 138.39
2024-11-07, 02:28:45, 136.41, 58.25, 22.84, 22.02, 9999.0, 9.73, 10.0, 21.73, 9999.0, 24.0, 9999.0, 117.55, 127.73, 120.18, 91.07, 138.36
2024-11-07, 02:28:49, 136.41, 58.25, 22.82, 22.0, 9999.0, 9.75, 10.0, 21.73, 9999.0, 24.0, 9999.0, 117.55, 127.73, 120.2, 91.05, 138.36
2024-11-07, 02:28:53, 136.41, 58.25, 22.8, 22.02, 9999.0, 9.77, 10.0, 21.73, 9999.0, 23.98, 9999.0, 117.59, 127.73, 120.2, 91.07, 138.34
2024-11-07, 02:28:57, 136.41, 58.25, 22.77, 22.02, 9999.0, 9.8, 10.0, 21.73, 9999.0, 23.95, 9999.0, 117.61, 127.73, 120.2, 91.09, 138.34
2024-11-07, 02:29:01, 136.41, 58.25, 22.8, 22.02, 9999.0, 9.82, 10.0, 21.7, 9999.0, 23.95, 9999.0, 117.64, 127.73, 120.2, 91.07, 138.34
2024-11-07, 02:29:05, 136.43, 58.25, 22.8, 22.02, 9999.0, 9.82, 10.0, 21.7, 9999.0, 23.95, 9999.0, 117.66, 127.73, 120.18, 91.07, 138.36
2024-11-07, 02:29:09, 136.43, 58.27, 22.77, 22.02, 9999.0, 9.8, 10.0, 21.73, 9999.0, 23.98, 9999.0, 117.68, 127.73, 120.2, 91.07, 138.34
2024-11-07, 02:29:13, 136.45, 58.27, 22.77, 22.02, 9999.0, 9.77, 10.0, 21.73, 9999.0, 24.0, 9999.0, 117.7, 127.73, 120.2, 91.09, 138.34
2024-11-07, 02:29:17, 136.43, 58.27, 22.77, 22.02, 9999.0, 9.75, 10.0, 21.73, 9999.0, 24.02, 9999.0, 117.73, 127.73, 120.2, 91.09, 138.32
2024-11-07, 02:29:21, 136.43, 58.27, 22.77, 22.02, 9999.0, 9.7, 10.0, 21.7, 9999.0, 24.05, 9999.0, 117.7, 127.73, 120.18, 91.09, 138.34
2024-11-07, 02:29:25, 136.43, 58.27, 22.77, 22.02, 9999.0, 9.66, 10.0, 21.68, 9999.0, 24.05, 9999.0, 117.7, 127.73, 120.18, 91.09, 138.36
2024-11-07, 02:29:29, 136.43, 58.27, 22.77, 22.02, 9999.0, 9.64, 10.0, 21.68, 9999.0, 24.05, 9999.0, 117.73, 127.75, 120.16, 91.09, 138.36
2024-11-07, 02:29:33, 136.41, 58.27, 22.77, 22.02, 9999.0, 9.61, 10.0, 21.68, 9999.0, 24.05, 9999.0, 117.7, 127.75, 120.16, 91.11, 138.39
2024-11-07, 02:29:37, 136.43, 58.27, 22.77, 22.0, 9999.0, 9.59, 10.0, 21.66, 9999.0, 24.07, 9999.0, 117.66, 127.75, 120.18, 91.11, 138.39
2024-11-07, 02:29:42, 136.43, 58.27, 22.8, 22.0, 9999.0, 9.59, 10.0, 21.66, 9999.0, 24.09, 9999.0, 117.64, 127.75, 120.18, 91.09, 138.39
2024-11-07, 02:29:46, 136.41, 58.27, 22.77, 22.0, 9999.0, 9.57, 10.0, 21.68, 9999.0, 24.09, 9999.0, 117.61, 127.75, 120.18, 91.09, 138.39
2024-11-07, 02:29:50, 136.41, 58.27, 22.77, 22.0, 9999.0, 9.57, 10.0, 21.68, 9999.0, 24.09, 9999.0, 117.59, 127.75, 120.2, 91.09, 138.39
2024-11-07, 02:29:54, 136.39, 58.25, 22.8, 22.0, 9999.0, 9.61, 10.0, 21.68, 9999.0, 24.07, 9999.0, 117.57, 127.75, 120.2, 91.09, 138.39
2024-11-07, 02:29:58, 136.36, 58.25, 22.8, 22.0, 9999.0, 9.64, 10.0, 21.68, 9999.0, 24.05, 9999.0, 117.57, 127.75, 120.2, 91.07, 138.39
2024-11-07, 02:30:02, 136.36, 58.25, 22.8, 22.0, 9999.0, 9.64, 10.0, 21.68, 9999.0, 24.02, 9999.0, 117.55, 127.75, 120.2, 91.07, 138.41
2024-11-07, 02:30:06, 136.36, 58.25, 22.8, 22.0, 9999.0, 9.66, 10.0, 21.7, 9999.0, 24.0, 9999.0, 117.57, 127.75, 120.23, 91.07, 138.39
2024-11-07, 02:30:10, 136.39, 58.25, 22.8, 22.0, 9999.0, 9.68, 10.0, 21.73, 9999.0, 24.0, 9999.0, 117.59, 127.75, 120.23, 91.05, 138.39
2024-11-07, 02:30:14, 136.36, 58.25, 22.8, 22.0, 9999.0, 9.7, 10.0, 21.73, 9999.0, 24.0, 9999.0, 117.59, 127.75, 120.25, 91.05, 138.39
2024-11-07, 02:30:18, 136.39, 58.25, 22.82, 22.02, 9999.0, 9.73, 10.0, 21.73, 9999.0, 24.02, 9999.0, 117.61, 127.75, 120.25, 91.05, 138.39
2024-11-07, 02:30:37, 136.39, 58.25, 22.84, 22.02, 9999.0, 9.75, 10.0, 21.73, 9999.0, 24.02, 9999.0, 117.64, 127.75, 120.23, 91.05, 138.39
2024-11-07, 02:30:41, 136.39, 58.25, 22.82, 22.02, 9999.0, 9.75, 10.0, 21.73, 9999.0, 24.02, 9999.0, 117.66, 127.75, 120.23, 91.05, 138.36
2024-11-07, 02:30:46, 136.41, 58.25, 22.82, 22.02, 9999.0, 9.77, 10.0, 21.73, 9999.0, 24.05, 9999.0, 117.68, 127.75, 120.23, 91.05, 138.39
2024-11-07, 02:30:50, 136.41, 58.25, 22.82, 22.02, 9999.0, 9.77, 10.0, 21.73, 9999.0, 24.07, 9999.0, 117.7, 127.75, 120.23, 91.07, 138.39
2024-11-07, 02:30:54, 136.43, 58.25, 22.8, 22.02, 9999.0, 9.73, 10.0, 21.73, 9999.0, 24.09, 9999.0, 117.7, 127.75, 120.23, 91.07, 138.39
2024-11-07, 02:30:58, 136.45, 58.25, 22.82, 22.02, 9999.0, 9.7, 10.0, 21.73, 9999.0, 24.11, 9999.0, 117.68, 127.75, 120.23, 91.07, 138.36
2024-11-07, 02:31:02, 136.45, 58.25, 22.82, 22.02, 9999.0, 9.68, 10.0, 21.7, 9999.0, 24.14, 9999.0, 117.68, 127.75, 120.23, 91.07, 138.36
2024-11-07, 02:31:06, 136.45, 58.25, 22.82, 22.02, 9999.0, 9.66, 10.0, 21.7, 9999.0, 24.14, 9999.0, 117.66, 127.75, 120.23, 91.09, 138.36
2024-11-07, 02:31:10, 136.45, 58.25, 22.84, 22.02, 9999.0, 9.64, 10.0, 21.7, 9999.0, 24.14, 9999.0, 117.64, 127.75, 120.23, 91.09, 138.34
2024-11-07, 02:31:14, 136.45, 58.25, 22.84, 22.05, 9999.0, 9.64, 10.0, 21.7, 9999.0, 24.14, 9999.0, 117.61, 127.75, 120.2, 91.09, 138.34
2024-11-07, 02:31:18, 136.43, 58.25, 22.82, 22.02, 9999.0, 9.64, 10.0, 21.68, 9999.0, 24.11, 9999.0, 117.59, 127.75, 120.18, 91.07, 138.34
2024-11-07, 02:31:22, 136.41, 58.25, 22.82, 22.02, 9999.0, 9.64, 10.0, 21.7, 9999.0, 24.11, 9999.0, 117.57, 127.73, 120.2, 91.05, 138.34
2024-11-07, 02:31:26, 136.41, 58.25, 22.82, 22.02, 9999.0, 9.64, 10.0, 21.7, 9999.0, 24.11, 9999.0, 117.55, 127.7, 120.18, 91.05, 138.36
2024-11-07, 02:31:30, 136.39, 58.25, 22.82, 22.02, 9999.0, 9.64, 10.0, 21.7, 9999.0, 24.09, 9999.0, 117.52, 127.7, 120.16, 91.05, 138.34
2024-11-07, 02:31:34, 136.39, 58.25, 22.82, 22.02, 9999.0, 9.64, 10.0, 21.7, 9999.0, 24.07, 9999.0, 117.52, 127.68, 120.16, 91.05, 138.32
2024-11-07, 02:31:38, 136.36, 58.25, 22.84, 22.02, 9999.0, 9.66, 10.0, 21.7, 9999.0, 24.05, 9999.0, 117.55, 127.68, 120.14, 91.05, 138.32
2024-11-07, 02:31:42, 136.34, 58.25, 22.84, 22.02, 9999.0, 9.68, 10.0, 21.68, 9999.0, 24.02, 9999.0, 117.59, 127.68, 120.14, 91.07, 138.34
2024-11-07, 02:31:46, 136.34, 58.25, 22.84, 22.02, 9999.0, 9.7, 10.0, 21.7, 9999.0, 24.0, 9999.0, 117.61, 127.68, 120.14, 91.07, 138.32
2024-11-07, 02:31:50, 136.32, 58.25, 22.86, 22.02, 9999.0, 9.73, 10.0, 21.7, 9999.0, 24.0, 9999.0, 117.64, 127.68, 120.14, 91.05, 138.34
2024-11-07, 02:31:54, 136.32, 58.25, 22.84, 22.02, 9999.0, 9.75, 10.0, 21.7, 9999.0, 24.0, 9999.0, 117.66, 127.68, 120.14, 91.07, 138.34
2024-11-07, 02:31:58, 136.34, 58.25, 22.84, 22.0, 9999.0, 9.75, 10.0, 21.7, 9999.0, 24.0, 9999.0, 117.68, 127.68, 120.14, 91.07, 138.36
2024-11-07, 02:32:02, 136.34, 58.25, 22.84, 22.02, 9999.0, 9.75, 10.0, 21.73, 9999.0, 24.02, 9999.0, 117.7, 127.68, 120.16, 91.07, 138.34
2024-11-07, 02:32:06, 136.36, 58.25, 22.82, 22.02, 9999.0, 9.75, 10.0, 21.73, 9999.0, 24.05, 9999.0, 117.73, 127.7, 120.16, 91.09, 138.34
2024-11-07, 02:32:10, 136.36, 58.25, 22.84, 22.02, 9999.0, 9.73, 10.0, 21.73, 9999.0, 24.07, 9999.0, 117.75, 127.73, 120.18, 91.09, 138.32
2024-11-07, 02:32:14, 136.36, 58.25, 22.86, 22.02, 9999.0, 9.7, 10.0, 21.73, 9999.0, 24.09, 9999.0, 117.75, 127.73, 120.2, 91.09, 138.34
2024-11-07, 02:32:18, 136.36, 58.25, 22.89, 22.02, 9999.0, 9.68, 10.0, 21.73, 9999.0, 24.11, 9999.0, 117.73, 127.75, 120.2, 91.09, 138.34
2024-11-07, 02:32:22, 136.39, 58.25, 22.86, 22.02, 9999.0, 9.66, 10.0, 21.73, 9999.0, 24.14, 9999.0, 117.73, 127.75, 120.23, 91.11, 138.34
2024-11-07, 02:32:26, 136.39, 58.25, 22.84, 22.02, 9999.0, 9.64, 10.0, 21.73, 9999.0, 24.14, 9999.0, 117.68, 127.75, 120.23, 91.09, 138.34
2024-11-07, 02:32:30, 136.41, 58.25, 22.84, 22.02, 9999.0, 9.61, 10.0, 21.7, 9999.0, 24.14, 9999.0, 117.66, 127.75, 120.23, 91.09, 138.36
2024-11-07, 02:32:34, 136.43, 58.25, 22.82, 22.02, 9999.0, 9.61, 10.0, 21.7, 9999.0, 24.14, 9999.0, 117.64, 127.73, 120.23, 91.09, 138.34
2024-11-07, 02:32:38, 136.43, 58.25, 22.82, 22.02, 9999.0, 9.61, 10.0, 21.7, 9999.0, 24.14, 9999.0, 117.61, 127.73, 120.2, 91.09, 138.34
2024-11-07, 02:32:42, 136.43, 58.27, 22.84, 22.02, 9999.0, 9.61, 10.0, 21.7, 9999.0, 24.14, 9999.0, 117.59, 127.73, 120.23, 91.09, 138.32
2024-11-07, 02:32:46, 136.45, 58.27, 22.84, 22.0, 9999.0, 9.64, 10.0, 21.7, 9999.0, 24.11, 9999.0, 117.57, 127.73, 120.23, 91.11, 138.32
2024-11-07, 02:32:50, 136.45, 58.27, 22.84, 22.0, 9999.0, 9.66, 10.0, 21.7, 9999.0, 24.09, 9999.0, 117.57, 127.73, 120.23, 91.11, 138.32
2024-11-07, 02:32:54, 136.45, 58.27, 22.82, 22.0, 9999.0, 9.68, 10.0, 21.7, 9999.0, 24.07, 9999.0, 117.57, 127.73, 120.23, 91.14, 138.32
2024-11-07, 02:32:58, 136.45, 58.27, 22.82, 22.0, 9999.0, 9.7, 10.0, 21.7, 9999.0, 24.05, 9999.0, 117.59, 127.73, 120.23, 91.14, 138.32
2024-11-07, 02:33:02, 136.43, 58.27, 22.82, 22.0, 9999.0, 9.73, 10.0, 21.7, 9999.0, 24.0, 9999.0, 117.61, 127.73, 120.23, 91.14, 138.32
2024-11-07, 02:33:06, 136.43, 58.27, 22.82, 22.0, 9999.0, 9.75, 10.0, 21.7, 9999.0, 23.95, 9999.0, 117.61, 127.73, 120.2, 91.14, 138.32
2024-11-07, 02:33:10, 136.43, 58.27, 22.82, 22.0, 9999.0, 9.77, 10.0, 21.7, 9999.0, 23.95, 9999.0, 117.64, 127.73, 120.2, 91.14, 138.3
2024-11-07, 02:33:14, 136.43, 58.27, 22.84, 22.0, 9999.0, 9.8, 10.0, 21.73, 9999.0, 23.95, 9999.0, 117.66, 127.73, 120.2, 91.14, 138.27
2024-11-07, 02:33:18, 136.43, 58.27, 22.84, 22.0, 9999.0, 9.8, 10.0, 21.73, 9999.0, 23.95, 9999.0, 117.68, 127.75, 120.2, 91.16, 138.27
2024-11-07, 02:33:22, 136.43, 58.27, 22.84, 22.0, 9999.0, 9.8, 10.0, 21.73, 9999.0, 23.98, 9999.0, 117.7, 127.75, 120.23, 91.14, 138.27
2024-11-07, 02:33:26, 136.43, 58.25, 22.84, 22.0, 9999.0, 9.77, 10.0, 21.73, 9999.0, 23.98, 9999.0, 117.73, 127.75, 120.23, 91.14, 138.27
2024-11-07, 02:33:30, 136.43, 58.25, 22.84, 22.0, 9999.0, 9.73, 10.0, 21.73, 9999.0, 23.98, 9999.0, 117.75, 127.75, 120.23, 91.11, 138.27
2024-11-07, 02:33:34, 136.41, 58.25, 22.84, 22.0, 9999.0, 9.68, 10.0, 21.73, 9999.0, 23.98, 9999.0, 117.75, 127.75, 120.23, 91.11, 138.3
2024-11-07, 02:33:38, 136.41, 58.25, 22.86, 22.0, 9999.0, 9.66, 10.0, 21.73, 9999.0, 23.98, 9999.0, 117.73, 127.75, 120.2, 91.11, 138.3
2024-11-07, 02:33:42, 136.43, 58.25, 22.86, 22.0, 9999.0, 9.64, 10.0, 21.73, 9999.0, 23.98, 9999.0, 117.7, 127.75, 120.2, 91.14, 138.27
2024-11-07, 02:33:47, 136.45, 58.25, 22.86, 22.0, 9999.0, 9.61, 10.0, 21.73, 9999.0, 24.0, 9999.0, 117.68, 127.75, 120.2, 91.14, 138.27
2024-11-07, 02:33:51, 136.45, 58.25, 22.89, 22.0, 9999.0, 9.61, 10.0, 21.73, 9999.0, 24.02, 9999.0, 117.66, 127.75, 120.23, 91.14, 138.3
2024-11-07, 02:33:55, 136.48, 58.25, 22.89, 22.0, 9999.0, 9.61, 10.0, 21.73, 9999.0, 24.02, 9999.0, 117.64, 127.75, 120.23, 91.16, 138.32
2024-11-07, 02:33:59, 136.48, 58.25, 22.86, 22.0, 9999.0, 9.61, 10.0, 21.73, 9999.0, 24.02, 9999.0, 117.61, 127.75, 120.23, 91.18, 138.34
2024-11-07, 02:34:03, 136.48, 58.25, 22.86, 22.0, 9999.0, 9.64, 10.0, 21.73, 9999.0, 24.02, 9999.0, 117.59, 127.75, 120.23, 91.18, 138.34
2024-11-07, 02:34:07, 136.48, 58.25, 22.89, 22.0, 9999.0, 9.66, 10.0, 21.73, 9999.0, 24.0, 9999.0, 117.59, 127.75, 120.23, 91.18, 138.34
2024-11-07, 02:34:11, 136.48, 58.25, 22.86, 22.0, 9999.0, 9.68, 10.0, 21.73, 9999.0, 23.98, 9999.0, 117.59, 127.75, 120.2, 91.2, 138.34
2024-11-07, 02:34:15, 136.48, 58.25, 22.86, 22.0, 9999.0, 9.7, 10.0, 21.73, 9999.0, 23.95, 9999.0, 117.59, 127.75, 120.18, 91.23, 138.34
2024-11-07, 02:34:19, 136.48, 58.25, 22.86, 22.0, 9999.0, 9.73, 10.0, 21.73, 9999.0, 23.93, 9999.0, 117.59, 127.75, 120.18, 91.23, 138.32
2024-11-07, 02:34:23, 136.48, 58.25, 22.84, 22.0, 9999.0, 9.75, 10.0, 21.73, 9999.0, 23.91, 9999.0, 117.64, 127.75, 120.2, 91.23, 138.34
2024-11-07, 02:34:27, 136.48, 58.25, 22.82, 22.0, 9999.0, 9.77, 10.0, 21.73, 9999.0, 23.89, 9999.0, 117.66, 127.75, 120.2, 91.23, 138.34
2024-11-07, 02:34:31, 136.48, 58.25, 22.82, 22.0, 9999.0, 9.8, 10.0, 21.73, 9999.0, 23.89, 9999.0, 117.68, 127.75, 120.2, 91.23, 138.34
2024-11-07, 02:34:35, 136.45, 58.25, 22.8, 22.0, 9999.0, 9.8, 10.0, 21.73, 9999.0, 23.86, 9999.0, 117.7, 127.75, 120.2, 91.23, 138.32
2024-11-07, 02:34:39, 136.45, 58.25, 22.8, 22.0, 9999.0, 9.8, 10.0, 21.75, 9999.0, 23.86, 9999.0, 117.73, 127.75, 120.2, 91.23, 138.3
2024-11-07, 02:34:43, 136.45, 58.25, 22.8, 22.0, 9999.0, 9.8, 10.0, 21.75, 9999.0, 23.86, 9999.0, 117.75, 127.75, 120.2, 91.23, 138.3
2024-11-07, 02:34:47, 136.45, 58.25, 22.8, 22.0, 9999.0, 9.75, 10.0, 21.75, 9999.0, 23.86, 9999.0, 117.77, 127.75, 120.2, 91.23, 138.32
2024-11-07, 02:34:51, 136.45, 58.27, 22.77, 22.0, 9999.0, 9.7, 10.0, 21.75, 9999.0, 23.86, 9999.0, 117.77, 127.75, 120.2, 91.25, 138.32
2024-11-07, 02:34:55, 136.45, 58.27, 22.77, 22.0, 9999.0, 9.68, 10.0, 21.75, 9999.0, 23.89, 9999.0, 117.75, 127.75, 120.23, 91.25, 138.34
2024-11-07, 02:34:59, 136.45, 58.27, 22.77, 22.0, 9999.0, 9.66, 10.0, 21.75, 9999.0, 23.91, 9999.0, 117.73, 127.75, 120.25, 91.25, 138.36
2024-11-07, 02:35:03, 136.48, 58.27, 22.77, 22.0, 9999.0, 9.64, 10.0, 21.75, 9999.0, 23.93, 9999.0, 117.7, 127.75, 120.25, 91.25, 138.39
2024-11-07, 02:35:07, 136.48, 58.27, 22.77, 22.0, 9999.0, 9.61, 10.0, 21.75, 9999.0, 23.95, 9999.0, 117.66, 127.75, 120.25, 91.25, 138.36
2024-11-07, 02:35:11, 136.48, 58.27, 22.77, 22.0, 9999.0, 9.61, 10.0, 21.75, 9999.0, 23.98, 9999.0, 117.64, 127.75, 120.25, 91.25, 138.36
2024-11-07, 02:35:15, 136.48, 58.27, 22.75, 22.0, 9999.0, 9.61, 10.0, 21.75, 9999.0, 23.98, 9999.0, 117.61, 127.75, 120.25, 91.25, 138.36
2024-11-07, 02:35:19, 136.48, 58.27, 22.75, 22.0, 9999.0, 9.61, 10.0, 21.75, 9999.0, 24.0, 9999.0, 117.59, 127.75, 120.25, 91.25, 138.36
2024-11-07, 02:35:23, 136.48, 58.27, 22.75, 22.0, 9999.0, 9.64, 10.0, 21.75, 9999.0, 24.0, 9999.0, 117.57, 127.73, 120.25, 91.25, 138.39
2024-11-07, 02:35:27, 136.48, 58.27, 22.77, 22.0, 9999.0, 9.64, 10.0, 21.75, 9999.0, 23.98, 9999.0, 117.57, 127.73, 120.25, 91.25, 138.36
2024-11-07, 02:35:31, 136.45, 58.27, 22.77, 22.0, 9999.0, 9.66, 10.0, 21.75, 9999.0, 23.98, 9999.0, 117.57, 127.73, 120.25, 91.25, 138.34
2024-11-07, 02:35:35, 136.45, 58.25, 22.77, 22.0, 9999.0, 9.68, 10.0, 21.75, 9999.0, 23.95, 9999.0, 117.57, 127.73, 120.25, 91.25, 138.34
2024-11-07, 02:35:39, 136.45, 58.25, 22.77, 22.0, 9999.0, 9.7, 10.0, 21.75, 9999.0, 23.93, 9999.0, 117.59, 127.73, 120.25, 91.25, 138.32
2024-11-07, 02:35:43, 136.43, 58.25, 22.8, 22.0, 9999.0, 9.73, 10.0, 21.73, 9999.0, 23.91, 9999.0, 117.61, 127.73, 120.25, 91.23, 138.32
2024-11-07, 02:35:47, 136.43, 58.27, 22.8, 22.0, 9999.0, 9.75, 10.0, 21.73, 9999.0, 23.91, 9999.0, 117.64, 127.73, 120.25, 91.2, 138.3
2024-11-07, 02:35:51, 136.43, 58.3, 22.8, 22.0, 9999.0, 9.77, 10.0, 21.73, 9999.0, 23.91, 9999.0, 117.66, 127.73, 120.25, 91.2, 138.3
2024-11-07, 02:35:55, 136.43, 58.32, 22.82, 22.0, 9999.0, 9.77, 10.0, 21.73, 9999.0, 23.91, 9999.0, 117.68, 127.73, 120.25, 91.18, 138.3
2024-11-07, 02:35:59, 136.43, 58.32, 22.82, 22.0, 9999.0, 9.77, 10.0, 21.73, 9999.0, 23.93, 9999.0, 117.7, 127.73, 120.25, 91.18, 138.32
2024-11-07, 02:36:03, 136.45, 58.34, 22.82, 22.0, 9999.0, 9.75, 10.0, 21.73, 9999.0, 23.95, 9999.0, 117.73, 127.73, 120.25, 91.16, 138.32
2024-11-07, 02:36:07, 136.45, 58.34, 22.82, 22.0, 9999.0, 9.7, 10.0, 21.73, 9999.0, 23.95, 9999.0, 117.75, 127.75, 120.25, 91.14, 138.32
2024-11-07, 02:36:11, 136.45, 58.34, 22.8, 22.0, 9999.0, 9.68, 10.0, 21.73, 9999.0, 23.98, 9999.0, 117.73, 127.75, 120.25, 91.11, 138.34
2024-11-07, 02:36:15, 136.48, 58.34, 22.82, 22.0, 9999.0, 9.66, 10.0, 21.73, 9999.0, 23.98, 9999.0, 117.7, 127.75, 120.23, 91.11, 138.36
2024-11-07, 02:36:19, 136.48, 58.34, 22.82, 22.0, 9999.0, 9.64, 10.0, 21.73, 9999.0, 23.98, 9999.0, 117.68, 127.75, 120.23, 91.11, 138.39
2024-11-07, 02:36:23, 136.48, 58.34, 22.84, 22.0, 9999.0, 9.61, 10.0, 21.73, 9999.0, 23.98, 9999.0, 117.66, 127.75, 120.23, 91.11, 138.41
2024-11-07, 02:36:27, 136.5, 58.34, 22.82, 22.0, 9999.0, 9.61, 10.0, 21.75, 9999.0, 23.98, 9999.0, 117.64, 127.75, 120.23, 91.14, 138.39
2024-11-07, 02:36:31, 136.48, 58.32, 22.82, 22.0, 9999.0, 9.61, 10.0, 21.75, 9999.0, 23.95, 9999.0, 117.61, 127.75, 120.23, 91.16, 138.39
2024-11-07, 02:36:35, 136.48, 58.3, 22.82, 22.0, 9999.0, 9.61, 10.0, 21.75, 9999.0, 23.93, 9999.0, 117.59, 127.75, 120.23, 91.14, 138.41
2024-11-07, 02:36:39, 136.45, 58.27, 22.8, 22.0, 9999.0, 9.61, 10.0, 21.75, 9999.0, 23.91, 9999.0, 117.57, 127.75, 120.23, 91.16, 138.41
2024-11-07, 02:36:43, 136.45, 58.27, 22.82, 22.0, 9999.0, 9.61, 10.0, 21.75, 9999.0, 23.86, 9999.0, 117.57, 127.75, 120.23, 91.16, 138.41
2024-11-07, 02:36:47, 136.45, 58.25, 22.84, 22.0, 9999.0, 9.64, 10.0, 21.75, 9999.0, 23.82, 9999.0, 117.57, 127.75, 120.23, 91.18, 138.41
2024-11-07, 02:36:51, 136.45, 58.25, 22.84, 22.0, 9999.0, 9.66, 10.0, 21.75, 9999.0, 23.8, 9999.0, 117.57, 127.75, 120.23, 91.2, 138.41
2024-11-07, 02:36:55, 136.45, 58.25, 22.84, 22.0, 9999.0, 9.68, 10.0, 21.75, 9999.0, 23.75, 9999.0, 117.61, 127.75, 120.23, 91.23, 138.39
2024-11-07, 02:36:59, 136.45, 58.25, 22.82, 22.0, 9999.0, 9.7, 10.0, 21.75, 9999.0, 23.7, 9999.0, 117.64, 127.75, 120.25, 91.23, 138.36
2024-11-07, 02:37:03, 136.45, 58.25, 22.82, 22.0, 9999.0, 9.73, 10.0, 21.75, 9999.0, 23.68, 9999.0, 117.66, 127.75, 120.25, 91.2, 138.36
2024-11-07, 02:37:07, 136.45, 58.25, 22.8, 22.0, 9999.0, 9.75, 10.0, 21.75, 9999.0, 23.68, 9999.0, 117.68, 127.75, 120.25, 91.2, 138.36
2024-11-07, 02:37:11, 136.45, 58.25, 22.8, 22.0, 9999.0, 9.75, 10.0, 21.75, 9999.0, 23.68, 9999.0, 117.7, 127.75, 120.25, 91.2, 138.36
2024-11-07, 02:37:15, 136.45, 58.25, 22.82, 22.0, 9999.0, 9.75, 10.0, 21.75, 9999.0, 23.7, 9999.0, 117.73, 127.75, 120.25, 91.2, 138.39
2024-11-07, 02:37:20, 136.45, 58.25, 22.84, 22.0, 9999.0, 9.75, 10.0, 21.75, 9999.0, 23.73, 9999.0, 117.75, 127.75, 120.25, 91.23, 138.39
2024-11-07, 02:37:24, 136.48, 58.25, 22.84, 22.0, 9999.0, 9.73, 10.0, 21.75, 9999.0, 23.73, 9999.0, 117.77, 127.75, 120.25, 91.23, 138.41
2024-11-07, 02:37:28, 136.45, 58.25, 22.82, 22.0, 9999.0, 9.7, 10.0, 21.75, 9999.0, 23.73, 9999.0, 117.77, 127.75, 120.25, 91.23, 138.41
2024-11-07, 02:37:32, 136.45, 58.25, 22.82, 22.0, 9999.0, 9.68, 10.0, 21.75, 9999.0, 23.73, 9999.0, 117.75, 127.75, 120.25, 91.23, 138.43
2024-11-07, 02:37:36, 136.45, 58.25, 22.84, 22.0, 9999.0, 9.66, 10.0, 21.75, 9999.0, 23.73, 9999.0, 117.75, 127.75, 120.23, 91.23, 138.41
2024-11-07, 02:37:40, 136.45, 58.25, 22.86, 22.0, 9999.0, 9.64, 10.0, 21.75, 9999.0, 23.75, 9999.0, 117.7, 127.75, 120.23, 91.23, 138.43
2024-11-07, 02:37:44, 136.45, 58.25, 22.86, 22.0, 9999.0, 9.61, 10.0, 21.75, 9999.0, 23.77, 9999.0, 117.68, 127.75, 120.23, 91.23, 138.43
2024-11-07, 02:37:48, 136.45, 58.25, 22.86, 22.0, 9999.0, 9.61, 10.0, 21.75, 9999.0, 23.8, 9999.0, 117.66, 127.75, 120.23, 91.25, 138.43
2024-11-07, 02:37:52, 136.45, 58.25, 22.86, 22.0, 9999.0, 9.61, 10.0, 21.75, 9999.0, 23.77, 9999.0, 117.64, 127.75, 120.23, 91.25, 138.43
2024-11-07, 02:37:56, 136.43, 58.25, 22.86, 22.0, 9999.0, 9.61, 10.0, 21.75, 9999.0, 23.75, 9999.0, 117.61, 127.75, 120.23, 91.25, 138.45
2024-11-07, 02:38:00, 136.45, 58.25, 22.84, 22.0, 9999.0, 9.61, 10.0, 21.75, 9999.0, 23.7, 9999.0, 117.59, 127.75, 120.23, 91.25, 138.45
2024-11-07, 02:38:04, 136.45, 58.25, 22.82, 22.0, 9999.0, 9.64, 10.0, 21.75, 9999.0, 23.66, 9999.0, 117.59, 127.75, 120.23, 91.25, 138.45
2024-11-07, 02:38:08, 136.43, 58.25, 22.84, 22.0, 9999.0, 9.68, 10.0, 21.75, 9999.0, 23.64, 9999.0, 117.59, 127.75, 120.23, 91.25, 138.45
2024-11-07, 02:38:12, 136.43, 58.25, 22.86, 22.0, 9999.0, 9.7, 10.0, 21.75, 9999.0, 23.61, 9999.0, 117.59, 127.75, 120.23, 91.25, 138.45
2024-11-07, 02:38:16, 136.43, 58.25, 22.84, 22.0, 9999.0, 9.73, 10.0, 21.75, 9999.0, 23.59, 9999.0, 117.64, 127.75, 120.23, 91.25, 138.45
2024-11-07, 02:38:20, 136.43, 58.25, 22.82, 22.0, 9999.0, 9.75, 10.0, 21.75, 9999.0, 23.57, 9999.0, 117.64, 127.75, 120.25, 91.25, 138.48
2024-11-07, 02:38:24, 136.43, 58.25, 22.8, 22.0, 9999.0, 9.77, 10.0, 21.75, 9999.0, 23.57, 9999.0, 117.66, 127.75, 120.25, 91.25, 138.48
2024-11-07, 02:38:28, 136.43, 58.25, 22.82, 22.0, 9999.0, 9.8, 10.0, 21.75, 9999.0, 23.57, 9999.0, 117.68, 127.75, 120.25, 91.25, 138.5
2024-11-07, 02:38:32, 136.43, 58.25, 22.84, 22.0, 9999.0, 9.8, 10.0, 21.75, 9999.0, 23.57, 9999.0, 117.7, 127.75, 120.25, 91.25, 138.5
2024-11-07, 02:38:36, 136.43, 58.25, 22.84, 22.0, 9999.0, 9.8, 10.0, 21.75, 9999.0, 23.59, 9999.0, 117.73, 127.75, 120.25, 91.25, 138.48
2024-11-07, 02:38:40, 136.45, 58.25, 22.86, 22.0, 9999.0, 9.77, 10.02, 21.75, 9999.0, 23.61, 9999.0, 117.75, 127.75, 120.25, 91.23, 138.48
2024-11-07, 02:38:44, 136.45, 58.25, 22.89, 22.0, 9999.0, 9.77, 10.02, 21.75, 9999.0, 23.64, 9999.0, 117.77, 127.75, 120.25, 91.23, 138.48
2024-11-07, 02:38:48, 136.45, 58.25, 22.91, 22.0, 9999.0, 9.75, 10.02, 21.75, 9999.0, 23.66, 9999.0, 117.77, 127.75, 120.25, 91.23, 138.48
2024-11-07, 02:38:52, 136.48, 58.25, 22.89, 22.0, 9999.0, 9.73, 10.02, 21.75, 9999.0, 23.66, 9999.0, 117.77, 127.75, 120.25, 91.23, 138.48
2024-11-07, 02:38:56, 136.5, 58.25, 22.89, 22.0, 9999.0, 9.7, 10.02, 21.75, 9999.0, 23.66, 9999.0, 117.75, 127.75, 120.23, 91.23, 138.48
2024-11-07, 02:39:00, 136.5, 58.25, 22.89, 22.0, 9999.0, 9.68, 10.02, 21.75, 9999.0, 23.66, 9999.0, 117.7, 127.75, 120.2, 91.2, 138.48
2024-11-07, 02:39:04, 136.48, 58.25, 22.91, 22.0, 9999.0, 9.66, 10.02, 21.75, 9999.0, 23.66, 9999.0, 117.68, 127.75, 120.2, 91.2, 138.48
2024-11-07, 02:39:08, 136.48, 58.25, 22.91, 22.0, 9999.0, 9.66, 10.02, 21.75, 9999.0, 23.64, 9999.0, 117.66, 127.75, 120.2, 91.2, 138.48
2024-11-07, 02:39:12, 136.48, 58.25, 22.91, 22.0, 9999.0, 9.66, 10.02, 21.75, 9999.0, 23.61, 9999.0, 117.64, 127.75, 120.2, 91.18, 138.48
2024-11-07, 02:39:16, 136.48, 58.25, 22.91, 22.02, 9999.0, 9.68, 10.02, 21.75, 9999.0, 23.59, 9999.0, 117.61, 127.75, 120.2, 91.18, 138.48
2024-11-07, 02:39:20, 136.48, 58.25, 22.91, 22.02, 9999.0, 9.7, 10.02, 21.75, 9999.0, 23.57, 9999.0, 117.59, 127.75, 120.2, 91.16, 138.5
2024-11-07, 02:39:24, 136.48, 58.27, 22.91, 22.02, 9999.0, 9.75, 10.0, 21.75, 9999.0, 23.55, 9999.0, 117.59, 127.75, 120.2, 91.18, 138.5
2024-11-07, 02:39:28, 136.45, 58.27, 22.91, 22.02, 9999.0, 9.75, 10.0, 21.75, 9999.0, 23.52, 9999.0, 117.59, 127.75, 120.2, 91.18, 138.5
2024-11-07, 02:39:32, 136.45, 58.27, 22.91, 22.02, 9999.0, 9.75, 10.0, 21.75, 9999.0, 23.5, 9999.0, 117.59, 127.75, 120.2, 91.18, 138.5
2024-11-07, 02:39:36, 136.45, 58.27, 22.93, 22.02, 9999.0, 9.75, 10.02, 21.75, 9999.0, 23.5, 9999.0, 117.61, 127.75, 120.2, 91.18, 138.5
2024-11-07, 02:39:40, 136.45, 58.27, 22.93, 22.02, 9999.0, 9.77, 10.02, 21.75, 9999.0, 23.5, 9999.0, 117.64, 127.75, 120.23, 91.18, 138.5
2024-11-07, 02:39:44, 136.45, 58.27, 22.93, 22.02, 9999.0, 9.8, 10.05, 21.75, 9999.0, 23.52, 9999.0, 117.66, 127.75, 120.25, 91.2, 138.5
2024-11-07, 02:39:48, 136.48, 58.27, 22.93, 22.05, 9999.0, 9.82, 10.05, 21.75, 9999.0, 23.55, 9999.0, 117.68, 127.75, 120.25, 91.2, 138.5
2024-11-07, 02:39:52, 136.45, 58.27, 22.95, 22.07, 9999.0, 9.82, 10.05, 21.75, 9999.0, 23.57, 9999.0, 117.7, 127.75, 120.25, 91.2, 138.5
2024-11-07, 02:39:56, 136.45, 58.27, 22.95, 22.07, 9999.0, 9.82, 10.05, 21.75, 9999.0, 23.59, 9999.0, 117.73, 127.75, 120.25, 91.23, 138.5
2024-11-07, 02:40:00, 136.43, 58.27, 22.95, 22.05, 9999.0, 9.8, 10.05, 21.75, 9999.0, 23.61, 9999.0, 117.75, 127.75, 120.25, 91.23, 138.5
2024-11-07, 02:40:04, 136.43, 58.27, 22.95, 22.07, 9999.0, 9.77, 10.05, 21.75, 9999.0, 23.64, 9999.0, 117.77, 127.75, 120.25, 91.25, 138.5
2024-11-07, 02:40:08, 136.41, 58.25, 22.95, 22.09, 9999.0, 9.75, 10.05, 21.75, 9999.0, 23.66, 9999.0, 117.77, 127.75, 120.25, 91.25, 138.5
2024-11-07, 02:40:12, 136.41, 58.25, 22.95, 22.11, 9999.0, 9.73, 10.05, 21.75, 9999.0, 23.68, 9999.0, 117.77, 127.75, 120.25, 91.25, 138.5
2024-11-07, 02:40:16, 136.41, 58.25, 22.95, 22.14, 9999.0, 9.7, 10.05, 21.75, 9999.0, 23.7, 9999.0, 117.75, 127.75, 120.25, 91.25, 138.5
2024-11-07, 02:40:30, 136.41, 58.25, 22.95, 22.16, 9999.0, 9.68, 10.02, 21.75, 9999.0, 23.73, 9999.0, 117.73, 127.75, 120.25, 91.25, 138.5
2024-11-07, 02:40:34, 136.41, 58.25, 22.95, 22.16, 9999.0, 9.68, 10.02, 21.75, 9999.0, 23.75, 9999.0, 117.73, 127.75, 120.25, 91.25, 138.5
2024-11-07, 02:40:38, 136.41, 58.25, 22.98, 22.16, 9999.0, 9.68, 10.0, 21.73, 9999.0, 23.75, 9999.0, 117.7, 127.75, 120.25, 91.25, 138.5
2024-11-07, 02:40:42, 136.41, 58.25, 22.98, 22.16, 9999.0, 9.68, 10.0, 21.73, 9999.0, 23.75, 9999.0, 117.68, 127.75, 120.25, 91.25, 138.5
2024-11-07, 02:40:46, 136.43, 58.25, 22.98, 22.16, 9999.0, 9.7, 10.0, 21.73, 9999.0, 23.75, 9999.0, 117.66, 127.75, 120.25, 91.25, 138.5
2024-11-07, 02:40:50, 136.43, 58.25, 22.98, 22.18, 9999.0, 9.7, 10.02, 21.73, 9999.0, 23.75, 9999.0, 117.66, 127.75, 120.25, 91.25, 138.5
2024-11-07, 02:40:54, 136.45, 58.25, 22.98, 22.18, 9999.0, 9.7, 10.02, 21.73, 9999.0, 23.75, 9999.0, 117.66, 127.75, 120.25, 91.23, 138.5
2024-11-07, 02:40:58, 136.45, 58.25, 23.0, 22.16, 9999.0, 9.73, 10.02, 21.73, 9999.0, 23.75, 9999.0, 117.66, 127.75, 120.25, 91.23, 138.5
2024-11-07, 02:41:02, 136.45, 58.25, 23.0, 22.16, 9999.0, 9.73, 10.05, 21.73, 9999.0, 23.73, 9999.0, 117.68, 127.75, 120.25, 91.23, 138.5
2024-11-07, 02:41:06, 136.48, 58.25, 23.0, 22.16, 9999.0, 9.75, 10.07, 21.73, 9999.0, 23.7, 9999.0, 117.7, 127.75, 120.25, 91.23, 138.5
2024-11-07, 02:41:10, 136.48, 58.25, 22.98, 22.16, 9999.0, 9.77, 10.07, 21.73, 9999.0, 23.7, 9999.0, 117.75, 127.75, 120.25, 91.23, 138.5
2024-11-07, 02:41:15, 136.48, 58.25, 22.95, 22.16, 9999.0, 9.8, 10.07, 21.73, 9999.0, 23.7, 9999.0, 117.75, 127.75, 120.25, 91.23, 138.5
2024-11-07, 02:41:19, 136.48, 58.25, 22.95, 22.16, 9999.0, 9.8, 10.07, 21.73, 9999.0, 23.7, 9999.0, 117.75, 127.75, 120.25, 91.23, 138.5
2024-11-07, 02:41:23, 136.48, 58.25, 22.95, 22.18, 9999.0, 9.8, 10.09, 21.75, 9999.0, 23.73, 9999.0, 117.77, 127.75, 120.25, 91.23, 138.5
2024-11-07, 02:41:27, 136.48, 58.25, 22.95, 22.16, 9999.0, 9.8, 10.11, 21.75, 9999.0, 23.75, 9999.0, 117.8, 127.75, 120.25, 91.23, 138.5
2024-11-07, 02:41:31, 136.48, 58.25, 22.95, 22.14, 9999.0, 9.75, 10.14, 21.75, 9999.0, 23.77, 9999.0, 117.82, 127.75, 120.25, 91.23, 138.5
2024-11-07, 02:41:35, 136.48, 58.25, 22.95, 22.14, 9999.0, 9.73, 10.11, 21.75, 9999.0, 23.8, 9999.0, 117.82, 127.75, 120.25, 91.23, 138.5
2024-11-07, 02:41:39, 136.48, 58.25, 22.93, 22.16, 9999.0, 9.73, 10.11, 21.75, 9999.0, 23.8, 9999.0, 117.8, 127.75, 120.25, 91.25, 138.5
2024-11-07, 02:41:43, 136.48, 58.25, 22.91, 22.18, 9999.0, 9.68, 10.11, 21.75, 9999.0, 23.8, 9999.0, 117.77, 127.75, 120.25, 91.25, 138.5
2024-11-07, 02:41:47, 136.5, 58.25, 22.91, 22.18, 9999.0, 9.66, 10.09, 21.75, 9999.0, 23.82, 9999.0, 117.75, 127.75, 120.25, 91.23, 138.5
2024-11-07, 02:41:51, 136.5, 58.25, 22.91, 22.18, 9999.0, 9.64, 10.07, 21.75, 9999.0, 23.84, 9999.0, 117.7, 127.75, 120.25, 91.23, 138.5
2024-11-07, 02:41:55, 136.48, 58.25, 22.93, 22.18, 9999.0, 9.64, 10.07, 21.75, 9999.0, 23.84, 9999.0, 117.66, 127.75, 120.25, 91.23, 138.5
2024-11-07, 02:41:59, 136.48, 58.25, 22.95, 22.18, 9999.0, 9.64, 10.07, 21.75, 9999.0, 23.84, 9999.0, 117.64, 127.75, 120.23, 91.23, 138.5
2024-11-07, 02:42:03, 136.45, 58.25, 22.95, 22.2, 9999.0, 9.66, 10.07, 21.75, 9999.0, 23.84, 9999.0, 117.61, 127.75, 120.23, 91.23, 138.5
2024-11-07, 02:42:07, 136.45, 58.25, 22.95, 22.2, 9999.0, 9.68, 10.07, 21.75, 9999.0, 23.82, 9999.0, 117.59, 127.75, 120.23, 91.23, 138.5
2024-11-07, 02:42:11, 136.45, 58.25, 22.95, 22.23, 9999.0, 9.68, 10.07, 21.75, 9999.0, 23.8, 9999.0, 117.59, 127.75, 120.23, 91.23, 138.5
2024-11-07, 02:42:15, 136.45, 58.25, 22.95, 22.23, 9999.0, 9.7, 10.05, 21.75, 9999.0, 23.77, 9999.0, 117.59, 127.75, 120.23, 91.23, 138.5
2024-11-07, 02:42:19, 136.45, 58.25, 22.95, 22.2, 9999.0, 9.73, 10.05, 21.75, 9999.0, 23.75, 9999.0, 117.61, 127.75, 120.23, 91.23, 138.5
2024-11-07, 02:42:23, 136.45, 58.25, 22.98, 22.18, 9999.0, 9.73, 10.05, 21.75, 9999.0, 23.75, 9999.0, 117.66, 127.75, 120.23, 91.23, 138.5
2024-11-07, 02:42:27, 136.45, 58.25, 23.0, 22.16, 9999.0, 9.75, 10.07, 21.75, 9999.0, 23.73, 9999.0, 117.7, 127.75, 120.23, 91.23, 138.5
2024-11-07, 02:42:31, 136.45, 58.25, 23.0, 22.16, 9999.0, 9.77, 10.07, 21.75, 9999.0, 23.75, 9999.0, 117.7, 127.75, 120.23, 91.25, 138.5
2024-11-07, 02:42:35, 136.45, 58.27, 23.0, 22.14, 9999.0, 9.8, 10.07, 21.75, 9999.0, 23.75, 9999.0, 117.73, 127.75, 120.23, 91.23, 138.5
2024-11-07, 02:42:39, 136.48, 58.27, 23.0, 22.11, 9999.0, 9.8, 10.07, 21.75, 9999.0, 23.77, 9999.0, 117.75, 127.75, 120.23, 91.23, 138.5
2024-11-07, 02:42:43, 136.48, 58.27, 23.0, 22.11, 9999.0, 9.77, 10.07, 21.75, 9999.0, 23.8, 9999.0, 117.77, 127.75, 120.25, 91.23, 138.5
2024-11-07, 02:42:47, 136.5, 58.27, 23.0, 22.11, 9999.0, 9.73, 10.07, 21.75, 9999.0, 23.82, 9999.0, 117.8, 127.75, 120.25, 91.23, 138.5
2024-11-07, 02:42:51, 136.48, 58.27, 23.0, 22.11, 9999.0, 9.7, 10.05, 21.75, 9999.0, 23.84, 9999.0, 117.82, 127.75, 120.25, 91.23, 138.5
2024-11-07, 02:42:55, 136.48, 58.27, 23.0, 22.09, 9999.0, 9.7, 10.02, 21.75, 9999.0, 23.86, 9999.0, 117.82, 127.75, 120.25, 91.23, 138.5
2024-11-07, 02:42:59, 136.48, 58.27, 23.0, 22.09, 9999.0, 9.68, 10.02, 21.75, 9999.0, 23.86, 9999.0, 117.82, 127.75, 120.25, 91.23, 138.5
2024-11-07, 02:43:03, 136.48, 58.27, 23.0, 22.09, 9999.0, 9.66, 10.02, 21.75, 9999.0, 23.86, 9999.0, 117.77, 127.75, 120.25, 91.23, 138.5
2024-11-07, 02:43:07, 136.48, 58.27, 23.0, 22.09, 9999.0, 9.66, 10.02, 21.75, 9999.0, 23.86, 9999.0, 117.73, 127.75, 120.25, 91.23, 138.5
2024-11-07, 02:43:11, 136.48, 58.27, 23.0, 22.09, 9999.0, 9.66, 10.0, 21.75, 9999.0, 23.89, 9999.0, 117.68, 127.75, 120.25, 91.23, 138.5
2024-11-07, 02:43:15, 136.48, 58.27, 23.0, 22.09, 9999.0, 9.66, 10.0, 21.75, 9999.0, 23.86, 9999.0, 117.66, 127.75, 120.25, 91.23, 138.5
2024-11-07, 02:43:19, 136.48, 58.27, 23.0, 22.09, 9999.0, 9.68, 10.0, 21.75, 9999.0, 23.86, 9999.0, 117.64, 127.75, 120.25, 91.25, 138.5
2024-11-07, 02:43:23, 136.48, 58.27, 23.0, 22.11, 9999.0, 9.7, 10.0, 21.75, 9999.0, 23.84, 9999.0, 117.64, 127.75, 120.25, 91.25, 138.5
2024-11-07, 02:43:27, 136.48, 58.27, 23.0, 22.09, 9999.0, 9.73, 10.0, 21.75, 9999.0, 23.82, 9999.0, 117.64, 127.75, 120.25, 91.25, 138.5
2024-11-07, 02:43:31, 136.48, 58.27, 23.0, 22.07, 9999.0, 9.75, 10.0, 21.75, 9999.0, 23.8, 9999.0, 117.64, 127.75, 120.25, 91.25, 138.5
2024-11-07, 02:43:35, 136.5, 58.27, 23.0, 22.07, 9999.0, 9.75, 10.02, 21.75, 9999.0, 23.77, 9999.0, 117.66, 127.75, 120.25, 91.25, 138.5
2024-11-07, 02:43:39, 136.5, 58.27, 23.0, 22.07, 9999.0, 9.75, 10.02, 21.75, 9999.0, 23.75, 9999.0, 117.68, 127.75, 120.25, 91.25, 138.5
2024-11-07, 02:43:43, 136.48, 58.27, 23.0, 22.09, 9999.0, 9.77, 10.02, 21.75, 9999.0, 23.77, 9999.0, 117.68, 127.75, 120.25, 91.25, 138.5
2024-11-07, 02:43:47, 136.48, 58.27, 23.0, 22.11, 9999.0, 9.8, 10.02, 21.75, 9999.0, 23.8, 9999.0, 117.7, 127.75, 120.25, 91.25, 138.5
2024-11-07, 02:43:51, 136.48, 58.27, 23.0, 22.11, 9999.0, 9.8, 10.02, 21.75, 9999.0, 23.82, 9999.0, 117.73, 127.75, 120.25, 91.25, 138.5
2024-11-07, 02:43:55, 136.48, 58.27, 23.0, 22.11, 9999.0, 9.77, 10.05, 21.75, 9999.0, 23.84, 9999.0, 117.75, 127.75, 120.25, 91.25, 138.5
2024-11-07, 02:43:59, 136.48, 58.27, 23.0, 22.11, 9999.0, 9.75, 10.05, 21.75, 9999.0, 23.86, 9999.0, 117.77, 127.75, 120.25, 91.25, 138.5
2024-11-07, 02:44:03, 136.48, 58.25, 23.0, 22.11, 9999.0, 9.73, 10.05, 21.75, 9999.0, 23.89, 9999.0, 117.8, 127.75, 120.25, 91.25, 138.5
2024-11-07, 02:44:07, 136.48, 58.25, 23.0, 22.11, 9999.0, 9.7, 10.05, 21.75, 9999.0, 23.91, 9999.0, 117.8, 127.75, 120.25, 91.25, 138.5
2024-11-07, 02:44:11, 136.48, 58.25, 23.0, 22.11, 9999.0, 9.68, 10.05, 21.75, 9999.0, 23.93, 9999.0, 117.8, 127.75, 120.25, 91.25, 138.5
2024-11-07, 02:44:15, 136.48, 58.25, 23.0, 22.11, 9999.0, 9.66, 10.05, 21.75, 9999.0, 23.95, 9999.0, 117.8, 127.75, 120.25, 91.25, 138.5
2024-11-07, 02:44:19, 136.48, 58.25, 23.0, 22.09, 9999.0, 9.64, 10.02, 21.75, 9999.0, 23.98, 9999.0, 117.75, 127.75, 120.25, 91.25, 138.5
2024-11-07, 02:44:23, 136.48, 58.25, 23.0, 22.09, 9999.0, 9.61, 10.02, 21.75, 9999.0, 24.0, 9999.0, 117.7, 127.75, 120.25, 91.25, 138.5
2024-11-07, 02:44:27, 136.5, 58.25, 22.98, 22.07, 9999.0, 9.61, 10.02, 21.75, 9999.0, 24.0, 9999.0, 117.68, 127.75, 120.25, 91.25, 138.5
2024-11-07, 02:44:31, 136.5, 58.25, 22.98, 22.05, 9999.0, 9.61, 10.02, 21.75, 9999.0, 24.0, 9999.0, 117.66, 127.75, 120.25, 91.25, 138.5
2024-11-07, 02:44:35, 136.48, 58.25, 22.98, 22.05, 9999.0, 9.64, 10.02, 21.75, 9999.0, 24.0, 9999.0, 117.64, 127.75, 120.25, 91.25, 138.5
2024-11-07, 02:44:39, 136.48, 58.25, 22.95, 22.05, 9999.0, 9.68, 10.0, 21.75, 9999.0, 23.98, 9999.0, 117.61, 127.75, 120.25, 91.25, 138.5
2024-11-07, 02:44:43, 136.48, 58.25, 22.93, 22.05, 9999.0, 9.7, 10.0, 21.75, 9999.0, 23.95, 9999.0, 117.61, 127.75, 120.25, 91.25, 138.5
2024-11-07, 02:44:48, 136.48, 58.25, 22.93, 22.05, 9999.0, 9.7, 10.0, 21.75, 9999.0, 23.93, 9999.0, 117.61, 127.75, 120.25, 91.25, 138.5
2024-11-07, 02:44:52, 136.48, 58.25, 22.93, 22.02, 9999.0, 9.7, 10.0, 21.75, 9999.0, 23.91, 9999.0, 117.61, 127.75, 120.25, 91.25, 138.5
2024-11-07, 02:44:56, 136.48, 58.25, 22.91, 22.02, 9999.0, 9.73, 10.0, 21.75, 9999.0, 23.89, 9999.0, 117.61, 127.75, 120.25, 91.25, 138.5
2024-11-07, 02:45:00, 136.48, 58.25, 22.91, 22.02, 9999.0, 9.75, 10.0, 21.75, 9999.0, 23.86, 9999.0, 117.61, 127.75, 120.25, 91.25, 138.5
2024-11-07, 02:45:04, 136.48, 58.25, 22.89, 22.05, 9999.0, 9.77, 10.0, 21.75, 9999.0, 23.86, 9999.0, 117.64, 127.75, 120.25, 91.25, 138.5
2024-11-07, 02:45:08, 136.48, 58.25, 22.89, 22.05, 9999.0, 9.8, 10.0, 21.75, 9999.0, 23.86, 9999.0, 117.66, 127.75, 120.25, 91.25, 138.5
2024-11-07, 02:45:12, 136.48, 58.27, 22.89, 22.05, 9999.0, 9.8, 10.0, 21.75, 9999.0, 23.89, 9999.0, 117.68, 127.75, 120.25, 91.25, 138.5
2024-11-07, 02:45:16, 136.48, 58.27, 22.89, 22.05, 9999.0, 9.8, 10.0, 21.75, 9999.0, 23.91, 9999.0, 117.7, 127.75, 120.25, 91.25, 138.5
2024-11-07, 02:45:20, 136.5, 58.27, 22.86, 22.05, 9999.0, 9.77, 10.0, 21.75, 9999.0, 23.93, 9999.0, 117.73, 127.75, 120.25, 91.25, 138.5
2024-11-07, 02:45:24, 136.5, 58.27, 22.89, 22.05, 9999.0, 9.73, 10.0, 21.73, 9999.0, 23.98, 9999.0, 117.75, 127.75, 120.25, 91.25, 138.5
2024-11-07, 02:45:28, 136.5, 58.27, 22.91, 22.02, 9999.0, 9.73, 10.0, 21.73, 9999.0, 24.0, 9999.0, 117.75, 127.75, 120.25, 91.25, 138.5
2024-11-07, 02:45:32, 136.5, 58.27, 22.91, 22.05, 9999.0, 9.7, 10.0, 21.73, 9999.0, 24.02, 9999.0, 117.75, 127.75, 120.25, 91.25, 138.5
2024-11-07, 02:45:36, 136.5, 58.27, 22.91, 22.05, 9999.0, 9.68, 10.0, 21.73, 9999.0, 24.05, 9999.0, 117.73, 127.75, 120.25, 91.25, 138.5
2024-11-07, 02:45:40, 136.5, 58.27, 22.93, 22.05, 9999.0, 9.66, 10.0, 21.73, 9999.0, 24.07, 9999.0, 117.7, 127.75, 120.25, 91.25, 138.5
2024-11-07, 02:45:44, 136.5, 58.27, 22.93, 22.05, 9999.0, 9.66, 10.0, 21.73, 9999.0, 24.09, 9999.0, 117.68, 127.75, 120.25, 91.25, 138.5
2024-11-07, 02:45:48, 136.5, 58.27, 22.93, 22.02, 9999.0, 9.66, 10.0, 21.73, 9999.0, 24.11, 9999.0, 117.66, 127.75, 120.25, 91.25, 138.5
2024-11-07, 02:45:52, 136.5, 58.27, 22.91, 22.02, 9999.0, 9.66, 10.0, 21.73, 9999.0, 24.11, 9999.0, 117.64, 127.75, 120.25, 91.25, 138.5
2024-11-07, 02:45:56, 136.5, 58.25, 22.93, 22.02, 9999.0, 9.66, 10.0, 21.73, 9999.0, 24.09, 9999.0, 117.61, 127.75, 120.25, 91.25, 138.5
2024-11-07, 02:46:00, 136.5, 58.25, 22.91, 22.02, 9999.0, 9.68, 10.0, 21.73, 9999.0, 24.07, 9999.0, 117.61, 127.75, 120.25, 91.25, 138.5
2024-11-07, 02:46:04, 136.5, 58.25, 22.93, 22.02, 9999.0, 9.68, 10.0, 21.73, 9999.0, 24.05, 9999.0, 117.59, 127.75, 120.25, 91.25, 138.5
2024-11-07, 02:46:08, 136.5, 58.25, 22.93, 22.02, 9999.0, 9.7, 10.0, 21.75, 9999.0, 24.02, 9999.0, 117.59, 127.75, 120.25, 91.25, 138.5
2024-11-07, 02:46:12, 136.5, 58.27, 22.93, 22.02, 9999.0, 9.7, 10.0, 21.75, 9999.0, 24.02, 9999.0, 117.61, 127.75, 120.25, 91.25, 138.5
2024-11-07, 02:46:16, 136.5, 58.27, 22.93, 22.0, 9999.0, 9.73, 10.0, 21.75, 9999.0, 24.02, 9999.0, 117.64, 127.75, 120.25, 91.25, 138.5
2024-11-07, 02:46:20, 136.5, 58.27, 22.93, 22.0, 9999.0, 9.75, 10.0, 21.75, 9999.0, 24.02, 9999.0, 117.66, 127.75, 120.25, 91.25, 138.5
2024-11-07, 02:46:24, 136.5, 58.3, 22.93, 22.0, 9999.0, 9.77, 10.0, 21.75, 9999.0, 24.05, 9999.0, 117.68, 127.75, 120.25, 91.25, 138.5
2024-11-07, 02:46:28, 136.5, 58.3, 22.93, 22.0, 9999.0, 9.77, 10.0, 21.75, 9999.0, 24.05, 9999.0, 117.7, 127.75, 120.25, 91.25, 138.5
2024-11-07, 02:46:32, 136.5, 58.3, 22.93, 22.0, 9999.0, 9.77, 10.0, 21.75, 9999.0, 24.05, 9999.0, 117.73, 127.75, 120.25, 91.25, 138.5
2024-11-07, 02:46:36, 136.5, 58.3, 22.93, 22.02, 9999.0, 9.77, 10.0, 21.75, 9999.0, 24.07, 9999.0, 117.75, 127.75, 120.25, 91.25, 138.5
2024-11-07, 02:46:40, 136.5, 58.32, 22.93, 22.05, 9999.0, 9.75, 10.0, 21.75, 9999.0, 24.09, 9999.0, 117.77, 127.75, 120.25, 91.25, 138.5
2024-11-07, 02:46:44, 136.48, 58.34, 22.95, 22.05, 9999.0, 9.7, 10.0, 21.75, 9999.0, 24.11, 9999.0, 117.77, 127.75, 120.25, 91.25, 138.5
2024-11-07, 02:46:48, 136.48, 58.36, 22.93, 22.05, 9999.0, 9.68, 10.0, 21.75, 9999.0, 24.11, 9999.0, 117.8, 127.75, 120.25, 91.25, 138.5
2024-11-07, 02:46:52, 136.48, 58.36, 22.91, 22.05, 9999.0, 9.68, 10.0, 21.75, 9999.0, 24.14, 9999.0, 117.77, 127.75, 120.25, 91.25, 138.5
2024-11-07, 02:46:56, 136.48, 58.34, 22.91, 22.05, 9999.0, 9.66, 10.0, 21.75, 9999.0, 24.14, 9999.0, 117.73, 127.75, 120.25, 91.25, 138.5
2024-11-07, 02:47:00, 136.48, 58.34, 22.89, 22.07, 9999.0, 9.64, 10.0, 21.75, 9999.0, 24.11, 9999.0, 117.68, 127.75, 120.25, 91.25, 138.5
2024-11-07, 02:47:04, 136.48, 58.36, 22.89, 22.07, 9999.0, 9.64, 10.0, 21.75, 9999.0, 24.09, 9999.0, 117.66, 127.75, 120.25, 91.25, 138.5
2024-11-07, 02:47:08, 136.48, 58.36, 22.86, 22.07, 9999.0, 9.64, 10.0, 21.75, 9999.0, 24.05, 9999.0, 117.64, 127.75, 120.25, 91.25, 138.5
2024-11-07, 02:47:12, 136.48, 58.36, 22.84, 22.07, 9999.0, 9.66, 10.0, 21.75, 9999.0, 24.02, 9999.0, 117.61, 127.75, 120.25, 91.25, 138.5
2024-11-07, 02:47:16, 136.48, 58.36, 22.86, 22.07, 9999.0, 9.68, 10.0, 21.75, 9999.0, 24.0, 9999.0, 117.59, 127.75, 120.25, 91.25, 138.5
2024-11-07, 02:47:20, 136.48, 58.36, 22.89, 22.05, 9999.0, 9.7, 10.0, 21.75, 9999.0, 23.95, 9999.0, 117.59, 127.75, 120.25, 91.25, 138.5
2024-11-07, 02:47:24, 136.48, 58.34, 22.86, 22.02, 9999.0, 9.73, 10.0, 21.75, 9999.0, 23.93, 9999.0, 117.59, 127.75, 120.25, 91.25, 138.5
2024-11-07, 02:47:28, 136.5, 58.34, 22.84, 22.02, 9999.0, 9.75, 10.0, 21.75, 9999.0, 23.91, 9999.0, 117.59, 127.75, 120.25, 91.25, 138.5
2024-11-07, 02:47:32, 136.5, 58.34, 22.84, 22.05, 9999.0, 9.77, 10.0, 21.75, 9999.0, 23.91, 9999.0, 117.61, 127.75, 120.25, 91.25, 138.5
2024-11-07, 02:47:36, 136.5, 58.34, 22.86, 22.05, 9999.0, 9.77, 10.0, 21.75, 9999.0, 23.89, 9999.0, 117.66, 127.75, 120.25, 91.25, 138.5
2024-11-07, 02:47:40, 136.5, 58.34, 22.86, 22.05, 9999.0, 9.8, 10.0, 21.75, 9999.0, 23.89, 9999.0, 117.68, 127.75, 120.25, 91.25, 138.5
2024-11-07, 02:47:44, 136.5, 58.36, 22.89, 22.02, 9999.0, 9.82, 10.02, 21.75, 9999.0, 23.91, 9999.0, 117.7, 127.75, 120.25, 91.25, 138.5
2024-11-07, 02:47:48, 136.5, 58.34, 22.89, 22.02, 9999.0, 9.82, 10.02, 21.75, 9999.0, 23.95, 9999.0, 117.73, 127.75, 120.25, 91.25, 138.5
2024-11-07, 02:47:52, 136.5, 58.32, 22.89, 22.02, 9999.0, 9.82, 10.02, 21.75, 9999.0, 24.0, 9999.0, 117.75, 127.75, 120.25, 91.25, 138.5
2024-11-07, 02:47:56, 136.5, 58.32, 22.91, 22.02, 9999.0, 9.77, 10.02, 21.75, 9999.0, 24.05, 9999.0, 117.77, 127.75, 120.25, 91.25, 138.5
2024-11-07, 02:48:00, 136.5, 58.34, 22.91, 22.02, 9999.0, 9.75, 10.02, 21.75, 9999.0, 24.07, 9999.0, 117.8, 127.75, 120.25, 91.25, 138.5
2024-11-07, 02:48:04, 136.5, 58.34, 22.89, 22.02, 9999.0, 9.73, 10.02, 21.75, 9999.0, 24.09, 9999.0, 117.8, 127.75, 120.25, 91.25, 138.5
2024-11-07, 02:48:08, 136.5, 58.36, 22.89, 22.02, 9999.0, 9.73, 10.02, 21.75, 9999.0, 24.09, 9999.0, 117.8, 127.75, 120.25, 91.25, 138.5
2024-11-07, 02:48:12, 136.5, 58.34, 22.91, 22.02, 9999.0, 9.73, 10.02, 21.75, 9999.0, 24.09, 9999.0, 117.77, 127.75, 120.25, 91.25, 138.5
2024-11-07, 02:48:17, 136.5, 58.32, 22.93, 22.0, 9999.0, 9.7, 10.02, 21.75, 9999.0, 24.09, 9999.0, 117.75, 127.75, 120.25, 91.25, 138.5
2024-11-07, 02:48:21, 136.5, 58.32, 22.93, 22.02, 9999.0, 9.7, 10.02, 21.75, 9999.0, 24.09, 9999.0, 117.7, 127.75, 120.25, 91.25, 138.5
2024-11-07, 02:48:25, 136.5, 58.32, 22.91, 22.02, 9999.0, 9.7, 10.02, 21.75, 9999.0, 24.07, 9999.0, 117.68, 127.75, 120.25, 91.25, 138.5
2024-11-07, 02:48:29, 136.5, 58.3, 22.89, 22.02, 9999.0, 9.7, 10.0, 21.75, 9999.0, 24.07, 9999.0, 117.66, 127.75, 120.25, 91.25, 138.5
2024-11-07, 02:48:33, 136.48, 58.3, 22.86, 22.02, 9999.0, 9.73, 10.0, 21.75, 9999.0, 24.05, 9999.0, 117.64, 127.75, 120.25, 91.25, 138.5
2024-11-07, 02:48:37, 136.48, 58.3, 22.89, 22.02, 9999.0, 9.75, 10.0, 21.75, 9999.0, 24.02, 9999.0, 117.64, 127.75, 120.25, 91.25, 138.48
2024-11-07, 02:48:41, 136.45, 58.32, 22.89, 22.02, 9999.0, 9.8, 10.0, 21.75, 9999.0, 24.0, 9999.0, 117.61, 127.75, 120.25, 91.25, 138.48
2024-11-07, 02:48:45, 136.43, 58.32, 22.89, 22.02, 9999.0, 9.8, 10.0, 21.75, 9999.0, 23.95, 9999.0, 117.61, 127.75, 120.25, 91.25, 138.48
2024-11-07, 02:48:49, 136.43, 58.32, 22.89, 22.02, 9999.0, 9.8, 10.0, 21.75, 9999.0, 23.95, 9999.0, 117.61, 127.75, 120.25, 91.25, 138.48
2024-11-07, 02:48:53, 136.43, 58.3, 22.91, 22.02, 9999.0, 9.8, 10.02, 21.75, 9999.0, 23.95, 9999.0, 117.61, 127.75, 120.25, 91.25, 138.48
2024-11-07, 02:48:57, 136.41, 58.3, 22.91, 22.02, 9999.0, 9.8, 10.02, 21.75, 9999.0, 23.93, 9999.0, 117.64, 127.75, 120.25, 91.25, 138.48
2024-11-07, 02:49:01, 136.39, 58.3, 22.91, 22.05, 9999.0, 9.82, 10.02, 21.75, 9999.0, 23.93, 9999.0, 117.64, 127.75, 120.25, 91.25, 138.48
2024-11-07, 02:49:05, 136.39, 58.3, 22.89, 22.05, 9999.0, 9.82, 10.02, 21.75, 9999.0, 23.93, 9999.0, 117.66, 127.75, 120.25, 91.25, 138.48
2024-11-07, 02:49:09, 136.39, 58.32, 22.91, 22.07, 9999.0, 9.82, 10.02, 21.75, 9999.0, 23.98, 9999.0, 117.68, 127.75, 120.25, 91.25, 138.48
2024-11-07, 02:49:13, 136.36, 58.32, 22.91, 22.09, 9999.0, 9.8, 10.02, 21.75, 9999.0, 24.0, 9999.0, 117.7, 127.75, 120.25, 91.25, 138.48
2024-11-07, 02:49:17, 136.39, 58.32, 22.91, 22.11, 9999.0, 9.77, 10.02, 21.75, 9999.0, 24.0, 9999.0, 117.73, 127.75, 120.25, 91.25, 138.48
2024-11-07, 02:49:21, 136.39, 58.32, 22.91, 22.11, 9999.0, 9.75, 10.02, 21.75, 9999.0, 24.0, 9999.0, 117.73, 127.75, 120.25, 91.25, 138.5
2024-11-07, 02:49:25, 136.41, 58.32, 22.91, 22.14, 9999.0, 9.7, 10.02, 21.75, 9999.0, 24.0, 9999.0, 117.75, 127.75, 120.25, 91.25, 138.5
2024-11-07, 02:49:29, 136.43, 58.3, 22.91, 22.14, 9999.0, 9.7, 10.02, 21.73, 9999.0, 24.05, 9999.0, 117.73, 127.75, 120.25, 91.25, 138.5
2024-11-07, 02:49:33, 136.43, 58.3, 22.93, 22.14, 9999.0, 9.68, 10.02, 21.73, 9999.0, 24.05, 9999.0, 117.7, 127.75, 120.25, 91.25, 138.5
2024-11-07, 02:49:37, 136.43, 58.3, 22.93, 22.14, 9999.0, 9.66, 10.0, 21.73, 9999.0, 24.05, 9999.0, 117.68, 127.75, 120.25, 91.25, 138.5
2024-11-07, 02:49:41, 136.45, 58.3, 22.93, 22.16, 9999.0, 9.66, 10.0, 21.73, 9999.0, 24.07, 9999.0, 117.66, 127.75, 120.25, 91.25, 138.5
2024-11-07, 02:49:45, 136.48, 58.3, 22.91, 22.16, 9999.0, 9.66, 10.0, 21.7, 9999.0, 24.07, 9999.0, 117.64, 127.75, 120.25, 91.25, 138.5
2024-11-07, 02:49:49, 136.48, 58.3, 22.93, 22.14, 9999.0, 9.68, 10.0, 21.7, 9999.0, 24.05, 9999.0, 117.61, 127.75, 120.25, 91.25, 138.5
2024-11-07, 02:49:53, 136.48, 58.27, 22.93, 22.11, 9999.0, 9.7, 10.0, 21.7, 9999.0, 24.0, 9999.0, 117.59, 127.75, 120.25, 91.25, 138.5
2024-11-07, 02:49:57, 136.5, 58.27, 22.95, 22.09, 9999.0, 9.75, 10.0, 21.7, 9999.0, 23.98, 9999.0, 117.59, 127.75, 120.25, 91.25, 138.48
2024-11-07, 02:50:01, 136.5, 58.27, 22.98, 22.07, 9999.0, 9.75, 10.0, 21.7, 9999.0, 23.98, 9999.0, 117.59, 127.75, 120.25, 91.25, 138.45
2024-11-07, 02:50:05, 136.5, 58.27, 22.95, 22.07, 9999.0, 9.75, 10.0, 21.7, 9999.0, 23.98, 9999.0, 117.59, 127.75, 120.25, 91.25, 138.43
2024-11-07, 02:50:09, 136.5, 58.25, 22.95, 22.05, 9999.0, 9.77, 10.0, 21.7, 9999.0, 23.95, 9999.0, 117.59, 127.75, 120.25, 91.25, 138.43
2024-11-07, 02:50:13, 136.5, 58.25, 22.95, 22.05, 9999.0, 9.77, 10.0, 21.73, 9999.0, 23.91, 9999.0, 117.61, 127.75, 120.25, 91.25, 138.43
2024-11-07, 02:50:17, 136.5, 58.25, 22.95, 22.05, 9999.0, 9.8, 10.0, 21.73, 9999.0, 23.91, 9999.0, 117.64, 127.75, 120.25, 91.25, 138.43
2024-11-07, 02:50:21, 136.48, 58.25, 22.95, 22.05, 9999.0, 9.82, 10.0, 21.73, 9999.0, 23.93, 9999.0, 117.66, 127.75, 120.25, 91.25, 138.43
2024-11-07, 02:50:25, 136.48, 58.25, 22.95, 22.02, 9999.0, 9.82, 10.0, 21.73, 9999.0, 23.95, 9999.0, 117.68, 127.75, 120.25, 91.25, 138.43
2024-11-07, 02:50:42, 136.48, 58.25, 22.98, 22.0, 9999.0, 9.82, 10.0, 21.75, 9999.0, 23.98, 9999.0, 117.7, 127.75, 120.25, 91.25, 138.43
2024-11-07, 02:50:46, 136.48, 58.25, 22.98, 22.02, 9999.0, 9.77, 10.0, 21.75, 9999.0, 24.02, 9999.0, 117.73, 127.75, 120.25, 91.25, 138.43
2024-11-07, 02:50:50, 136.48, 58.25, 22.95, 22.05, 9999.0, 9.75, 10.0, 21.75, 9999.0, 24.07, 9999.0, 117.75, 127.75, 120.25, 91.25, 138.43
2024-11-07, 02:50:54, 136.48, 58.25, 22.95, 22.07, 9999.0, 9.7, 10.0, 21.75, 9999.0, 24.09, 9999.0, 117.75, 127.75, 120.25, 91.23, 138.45
2024-11-07, 02:50:58, 136.48, 58.25, 22.95, 22.09, 9999.0, 9.68, 10.0, 21.75, 9999.0, 24.11, 9999.0, 117.73, 127.75, 120.25, 91.2, 138.48
2024-11-07, 02:51:02, 136.48, 58.25, 22.95, 22.11, 9999.0, 9.66, 10.0, 21.75, 9999.0, 24.14, 9999.0, 117.7, 127.75, 120.25, 91.2, 138.5
2024-11-07, 02:51:06, 136.45, 58.25, 22.93, 22.11, 9999.0, 9.64, 10.0, 21.75, 9999.0, 24.16, 9999.0, 117.68, 127.75, 120.25, 91.2, 138.5
2024-11-07, 02:51:10, 136.45, 58.25, 22.93, 22.14, 9999.0, 9.64, 10.0, 21.75, 9999.0, 24.2, 9999.0, 117.66, 127.75, 120.25, 91.2, 138.5
2024-11-07, 02:51:14, 136.43, 58.25, 22.93, 22.14, 9999.0, 9.64, 10.0, 21.75, 9999.0, 24.2, 9999.0, 117.64, 127.75, 120.25, 91.2, 138.5
2024-11-07, 02:51:18, 136.45, 58.25, 22.93, 22.14, 9999.0, 9.64, 10.0, 21.75, 9999.0, 24.18, 9999.0, 117.61, 127.75, 120.25, 91.2, 138.5
2024-11-07, 02:51:22, 136.45, 58.25, 22.91, 22.14, 9999.0, 9.66, 10.0, 21.75, 9999.0, 24.16, 9999.0, 117.59, 127.75, 120.25, 91.2, 138.5
2024-11-07, 02:51:26, 136.45, 58.25, 22.91, 22.14, 9999.0, 9.66, 10.0, 21.75, 9999.0, 24.14, 9999.0, 117.59, 127.75, 120.25, 91.2, 138.5
2024-11-07, 02:51:30, 136.45, 58.25, 22.91, 22.11, 9999.0, 9.68, 10.0, 21.75, 9999.0, 24.11, 9999.0, 117.59, 127.75, 120.25, 91.2, 138.5
2024-11-07, 02:51:34, 136.45, 58.25, 22.93, 22.09, 9999.0, 9.7, 10.0, 21.75, 9999.0, 24.09, 9999.0, 117.59, 127.75, 120.23, 91.2, 138.5
2024-11-07, 02:51:38, 136.45, 58.25, 22.91, 22.07, 9999.0, 9.73, 10.0, 21.75, 9999.0, 24.05, 9999.0, 117.59, 127.75, 120.23, 91.23, 138.5
2024-11-07, 02:51:42, 136.45, 58.25, 22.89, 22.07, 9999.0, 9.75, 10.0, 21.75, 9999.0, 24.02, 9999.0, 117.61, 127.75, 120.23, 91.25, 138.5
2024-11-07, 02:51:46, 136.45, 58.25, 22.91, 22.05, 9999.0, 9.77, 10.0, 21.75, 9999.0, 23.98, 9999.0, 117.64, 127.75, 120.23, 91.25, 138.5
2024-11-07, 02:51:50, 136.48, 58.25, 22.93, 22.05, 9999.0, 9.8, 10.0, 21.75, 9999.0, 24.0, 9999.0, 117.66, 127.75, 120.23, 91.25, 138.5
2024-11-07, 02:51:54, 136.48, 58.25, 22.93, 22.02, 9999.0, 9.8, 10.0, 21.75, 9999.0, 24.0, 9999.0, 117.68, 127.75, 120.23, 91.25, 138.5
2024-11-07, 02:51:58, 136.5, 58.25, 22.91, 22.05, 9999.0, 9.8, 10.0, 21.75, 9999.0, 24.02, 9999.0, 117.7, 127.75, 120.23, 91.25, 138.5
2024-11-07, 02:52:02, 136.5, 58.25, 22.91, 22.07, 9999.0, 9.8, 10.0, 21.73, 9999.0, 24.05, 9999.0, 117.73, 127.75, 120.23, 91.25, 138.5
2024-11-07, 02:52:06, 136.5, 58.25, 22.91, 22.07, 9999.0, 9.77, 10.0, 21.73, 9999.0, 24.07, 9999.0, 117.73, 127.75, 120.23, 91.25, 138.5
2024-11-07, 02:52:10, 136.5, 58.25, 22.91, 22.09, 9999.0, 9.75, 10.0, 21.73, 9999.0, 24.07, 9999.0, 117.7, 127.75, 120.23, 91.25, 138.5
2024-11-07, 02:52:14, 136.5, 58.25, 22.91, 22.09, 9999.0, 9.73, 10.0, 21.73, 9999.0, 24.09, 9999.0, 117.7, 127.75, 120.23, 91.25, 138.5
2024-11-07, 02:52:18, 136.5, 58.25, 22.91, 22.11, 9999.0, 9.68, 10.0, 21.73, 9999.0, 24.09, 9999.0, 117.68, 127.75, 120.25, 91.25, 138.5
2024-11-07, 02:52:22, 136.5, 58.25, 22.93, 22.11, 9999.0, 9.68, 10.0, 21.7, 9999.0, 24.11, 9999.0, 117.66, 127.75, 120.25, 91.25, 138.5
2024-11-07, 02:52:26, 136.5, 58.25, 22.95, 22.09, 9999.0, 9.66, 10.0, 21.7, 9999.0, 24.11, 9999.0, 117.64, 127.75, 120.25, 91.25, 138.5
2024-11-07, 02:52:30, 136.5, 58.25, 22.93, 22.09, 9999.0, 9.66, 10.0, 21.7, 9999.0, 24.14, 9999.0, 117.61, 127.75, 120.23, 91.25, 138.5
2024-11-07, 02:52:34, 136.5, 58.25, 22.93, 22.09, 9999.0, 9.66, 10.0, 21.7, 9999.0, 24.11, 9999.0, 117.59, 127.75, 120.23, 91.25, 138.5
2024-11-07, 02:52:38, 136.48, 58.27, 22.93, 22.09, 9999.0, 9.66, 10.0, 21.7, 9999.0, 24.09, 9999.0, 117.57, 127.75, 120.23, 91.25, 138.5
2024-11-07, 02:52:42, 136.48, 58.27, 22.93, 22.07, 9999.0, 9.68, 10.0, 21.7, 9999.0, 24.07, 9999.0, 117.55, 127.75, 120.23, 91.23, 138.48
2024-11-07, 02:52:46, 136.48, 58.27, 22.93, 22.05, 9999.0, 9.7, 10.0, 21.73, 9999.0, 24.05, 9999.0, 117.52, 127.75, 120.23, 91.23, 138.45
2024-11-07, 02:52:50, 136.45, 58.27, 22.95, 22.07, 9999.0, 9.73, 10.0, 21.73, 9999.0, 24.02, 9999.0, 117.55, 127.75, 120.2, 91.23, 138.45
2024-11-07, 02:52:54, 136.43, 58.27, 22.95, 22.05, 9999.0, 9.75, 10.0, 21.73, 9999.0, 24.02, 9999.0, 117.57, 127.75, 120.18, 91.23, 138.45
2024-11-07, 02:52:58, 136.41, 58.27, 22.93, 22.05, 9999.0, 9.77, 10.0, 21.73, 9999.0, 24.0, 9999.0, 117.59, 127.75, 120.18, 91.23, 138.45
2024-11-07, 02:53:02, 136.41, 58.27, 22.91, 22.02, 9999.0, 9.8, 10.0, 21.73, 9999.0, 23.98, 9999.0, 117.61, 127.75, 120.18, 91.2, 138.45
2024-11-07, 02:53:06, 136.39, 58.27, 22.89, 22.02, 9999.0, 9.8, 10.0, 21.75, 9999.0, 23.98, 9999.0, 117.64, 127.75, 120.18, 91.18, 138.43
2024-11-07, 02:53:10, 136.39, 58.27, 22.86, 22.05, 9999.0, 9.82, 10.0, 21.75, 9999.0, 23.98, 9999.0, 117.66, 127.75, 120.18, 91.18, 138.41
2024-11-07, 02:53:14, 136.36, 58.27, 22.89, 22.05, 9999.0, 9.82, 10.0, 21.75, 9999.0, 23.98, 9999.0, 117.68, 127.75, 120.2, 91.18, 138.41
2024-11-07, 02:53:18, 136.36, 58.27, 22.89, 22.07, 9999.0, 9.82, 10.0, 21.75, 9999.0, 24.0, 9999.0, 117.7, 127.75, 120.2, 91.18, 138.41
2024-11-07, 02:53:22, 136.39, 58.25, 22.86, 22.09, 9999.0, 9.82, 10.0, 21.75, 9999.0, 24.02, 9999.0, 117.73, 127.75, 120.2, 91.18, 138.41
2024-11-07, 02:53:26, 136.39, 58.25, 22.86, 22.11, 9999.0, 9.77, 10.0, 21.75, 9999.0, 24.05, 9999.0, 117.75, 127.75, 120.2, 91.18, 138.41
2024-11-07, 02:53:30, 136.39, 58.25, 22.86, 22.14, 9999.0, 9.73, 10.0, 21.75, 9999.0, 24.07, 9999.0, 117.75, 127.75, 120.18, 91.16, 138.43
2024-11-07, 02:53:34, 136.41, 58.25, 22.86, 22.11, 9999.0, 9.68, 10.0, 21.73, 9999.0, 24.09, 9999.0, 117.73, 127.75, 120.2, 91.16, 138.43
2024-11-07, 02:53:38, 136.43, 58.27, 22.84, 22.14, 9999.0, 9.66, 10.0, 21.73, 9999.0, 24.11, 9999.0, 117.7, 127.75, 120.23, 91.14, 138.43
2024-11-07, 02:53:42, 136.45, 58.27, 22.86, 22.14, 9999.0, 9.64, 10.0, 21.73, 9999.0, 24.11, 9999.0, 117.66, 127.75, 120.23, 91.14, 138.43
2024-11-07, 02:53:46, 136.45, 58.27, 22.89, 22.14, 9999.0, 9.64, 10.0, 21.73, 9999.0, 24.16, 9999.0, 117.64, 127.75, 120.23, 91.14, 138.41
2024-11-07, 02:53:50, 136.48, 58.27, 22.89, 22.16, 9999.0, 9.64, 10.0, 21.73, 9999.0, 24.18, 9999.0, 117.61, 127.75, 120.23, 91.16, 138.41
2024-11-07, 02:53:54, 136.48, 58.27, 22.89, 22.14, 9999.0, 9.64, 10.0, 21.73, 9999.0, 24.18, 9999.0, 117.59, 127.75, 120.23, 91.16, 138.43
2024-11-07, 02:53:59, 136.5, 58.27, 22.89, 22.16, 9999.0, 9.66, 10.0, 21.73, 9999.0, 24.2, 9999.0, 117.57, 127.75, 120.23, 91.14, 138.41
2024-11-07, 02:54:03, 136.5, 58.27, 22.89, 22.16, 9999.0, 9.68, 10.0, 21.73, 9999.0, 24.18, 9999.0, 117.55, 127.75, 120.23, 91.11, 138.41
2024-11-07, 02:54:07, 136.5, 58.27, 22.91, 22.16, 9999.0, 9.68, 10.0, 21.73, 9999.0, 24.18, 9999.0, 117.52, 127.75, 120.23, 91.11, 138.39
2024-11-07, 02:54:11, 136.5, 58.27, 22.91, 22.16, 9999.0, 9.7, 10.0, 21.73, 9999.0, 24.16, 9999.0, 117.5, 127.75, 120.23, 91.11, 138.39
2024-11-07, 02:54:15, 136.5, 58.27, 22.89, 22.14, 9999.0, 9.73, 10.0, 21.73, 9999.0, 24.14, 9999.0, 117.52, 127.75, 120.25, 91.11, 138.36
2024-11-07, 02:54:19, 136.5, 58.27, 22.86, 22.14, 9999.0, 9.75, 10.0, 21.75, 9999.0, 24.11, 9999.0, 117.55, 127.75, 120.25, 91.09, 138.36
2024-11-07, 02:54:23, 136.5, 58.25, 22.89, 22.11, 9999.0, 9.77, 10.0, 21.75, 9999.0, 24.09, 9999.0, 117.57, 127.75, 120.25, 91.09, 138.36
2024-11-07, 02:54:27, 136.5, 58.25, 22.89, 22.11, 9999.0, 9.8, 10.0, 21.75, 9999.0, 24.11, 9999.0, 117.59, 127.75, 120.25, 91.07, 138.36
2024-11-07, 02:54:31, 136.48, 58.25, 22.86, 22.14, 9999.0, 9.8, 10.0, 21.73, 9999.0, 24.09, 9999.0, 117.61, 127.75, 120.25, 91.07, 138.39
2024-11-07, 02:54:35, 136.45, 58.25, 22.86, 22.11, 9999.0, 9.8, 10.0, 21.73, 9999.0, 24.09, 9999.0, 117.64, 127.75, 120.25, 91.05, 138.41
2024-11-07, 02:54:39, 136.43, 58.25, 22.86, 22.11, 9999.0, 9.77, 10.0, 21.73, 9999.0, 24.14, 9999.0, 117.66, 127.75, 120.25, 91.05, 138.39
2024-11-07, 02:54:43, 136.43, 58.25, 22.84, 22.09, 9999.0, 9.73, 10.0, 21.7, 9999.0, 24.14, 9999.0, 117.68, 127.75, 120.25, 91.05, 138.41
2024-11-07, 02:54:47, 136.43, 58.25, 22.84, 22.07, 9999.0, 9.7, 10.0, 21.68, 9999.0, 24.16, 9999.0, 117.68, 127.75, 120.25, 91.05, 138.41
2024-11-07, 02:54:51, 136.43, 58.25, 22.84, 22.05, 9999.0, 9.68, 10.0, 21.68, 9999.0, 24.16, 9999.0, 117.7, 127.75, 120.25, 91.02, 138.41
2024-11-07, 02:54:55, 136.41, 58.25, 22.86, 22.02, 9999.0, 9.66, 10.0, 21.68, 9999.0, 24.18, 9999.0, 117.7, 127.75, 120.25, 91.02, 138.41
2024-11-07, 02:54:59, 136.41, 58.25, 22.86, 22.02, 9999.0, 9.64, 10.0, 21.68, 9999.0, 24.2, 9999.0, 117.68, 127.75, 120.25, 91.05, 138.43
2024-11-07, 02:55:03, 136.39, 58.25, 22.89, 22.02, 9999.0, 9.61, 10.0, 21.68, 9999.0, 24.23, 9999.0, 117.66, 127.75, 120.25, 91.05, 138.43
2024-11-07, 02:55:07, 136.36, 58.25, 22.89, 22.02, 9999.0, 9.61, 10.0, 21.68, 9999.0, 24.25, 9999.0, 117.64, 127.75, 120.25, 91.07, 138.43
2024-11-07, 02:55:11, 136.36, 58.25, 22.86, 22.02, 9999.0, 9.61, 10.0, 21.68, 9999.0, 24.25, 9999.0, 117.61, 127.75, 120.25, 91.07, 138.41
2024-11-07, 02:55:15, 136.36, 58.25, 22.86, 22.0, 9999.0, 9.61, 10.0, 21.7, 9999.0, 24.27, 9999.0, 117.59, 127.73, 120.25, 91.07, 138.39
2024-11-07, 02:55:19, 136.36, 58.25, 22.86, 22.0, 9999.0, 9.64, 10.0, 21.7, 9999.0, 24.27, 9999.0, 117.57, 127.7, 120.25, 91.07, 138.36
2024-11-07, 02:55:23, 136.39, 58.25, 22.89, 22.0, 9999.0, 9.66, 10.0, 21.7, 9999.0, 24.25, 9999.0, 117.57, 127.68, 120.25, 91.07, 138.36
2024-11-07, 02:55:27, 136.39, 58.25, 22.91, 22.0, 9999.0, 9.68, 10.0, 21.73, 9999.0, 24.23, 9999.0, 117.57, 127.66, 120.25, 91.07, 138.36
2024-11-07, 02:55:33, 136.39, 58.25, 22.89, 22.0, 9999.0, 9.68, 10.0, 21.75, 9999.0, 24.2, 9999.0, 117.59, 127.64, 120.25, 91.09, 138.34
2024-11-07, 02:55:37, 136.39, 58.25, 22.86, 22.0, 9999.0, 9.7, 10.0, 21.75, 9999.0, 24.18, 9999.0, 117.59, 127.64, 120.25, 91.11, 138.34
2024-11-07, 02:55:41, 136.39, 58.25, 22.86, 22.0, 9999.0, 9.73, 10.0, 21.75, 9999.0, 24.16, 9999.0, 117.61, 127.64, 120.25, 91.14, 138.36
2024-11-07, 02:55:45, 136.39, 58.25, 22.89, 22.0, 9999.0, 9.75, 10.0, 21.75, 9999.0, 24.14, 9999.0, 117.64, 127.64, 120.25, 91.11, 138.36
2024-11-07, 02:55:49, 136.41, 58.25, 22.89, 22.0, 9999.0, 9.77, 10.0, 21.75, 9999.0, 24.14, 9999.0, 117.66, 127.64, 120.25, 91.14, 138.34
2024-11-07, 02:55:53, 136.43, 58.25, 22.89, 22.0, 9999.0, 9.77, 10.0, 21.75, 9999.0, 24.14, 9999.0, 117.68, 127.64, 120.25, 91.11, 138.32
2024-11-07, 02:55:57, 136.43, 58.25, 22.89, 22.0, 9999.0, 9.77, 10.0, 21.75, 9999.0, 24.14, 9999.0, 117.7, 127.64, 120.25, 91.11, 138.34
2024-11-07, 02:56:01, 136.45, 58.25, 22.91, 22.0, 9999.0, 9.77, 10.0, 21.75, 9999.0, 24.14, 9999.0, 117.73, 127.66, 120.25, 91.14, 138.36
2024-11-07, 02:56:05, 136.48, 58.25, 22.91, 22.0, 9999.0, 9.75, 10.0, 21.73, 9999.0, 24.14, 9999.0, 117.73, 127.68, 120.25, 91.14, 138.39
2024-11-07, 02:56:09, 136.48, 58.25, 22.89, 22.0, 9999.0, 9.73, 10.0, 21.73, 9999.0, 24.14, 9999.0, 117.7, 127.7, 120.25, 91.14, 138.41
2024-11-07, 02:56:13, 136.48, 58.25, 22.86, 22.0, 9999.0, 9.7, 10.0, 21.73, 9999.0, 24.16, 9999.0, 117.68, 127.73, 120.25, 91.16, 138.39
2024-11-07, 02:56:17, 136.48, 58.25, 22.89, 22.0, 9999.0, 9.68, 10.0, 21.73, 9999.0, 24.16, 9999.0, 117.66, 127.75, 120.25, 91.16, 138.41
2024-11-07, 02:56:21, 136.48, 58.25, 22.89, 22.0, 9999.0, 9.66, 10.0, 21.7, 9999.0, 24.16, 9999.0, 117.64, 127.75, 120.23, 91.14, 138.43
2024-11-07, 02:56:25, 136.5, 58.25, 22.86, 22.0, 9999.0, 9.64, 10.0, 21.7, 9999.0, 24.16, 9999.0, 117.61, 127.75, 120.23, 91.14, 138.41
2024-11-07, 02:56:29, 136.48, 58.25, 22.84, 22.0, 9999.0, 9.64, 10.0, 21.7, 9999.0, 24.16, 9999.0, 117.59, 127.75, 120.23, 91.16, 138.41
2024-11-07, 02:56:33, 136.48, 58.25, 22.84, 22.0, 9999.0, 9.64, 10.0, 21.7, 9999.0, 24.14, 9999.0, 117.57, 127.75, 120.23, 91.14, 138.41
2024-11-07, 02:56:37, 136.45, 58.25, 22.84, 22.0, 9999.0, 9.64, 10.0, 21.7, 9999.0, 24.11, 9999.0, 117.55, 127.75, 120.23, 91.14, 138.41
2024-11-07, 02:56:41, 136.45, 58.25, 22.84, 22.0, 9999.0, 9.66, 10.0, 21.7, 9999.0, 24.09, 9999.0, 117.52, 127.73, 120.23, 91.16, 138.39
2024-11-07, 02:56:45, 136.45, 58.25, 22.82, 22.0, 9999.0, 9.68, 10.0, 21.7, 9999.0, 24.07, 9999.0, 117.52, 127.73, 120.23, 91.16, 138.36
2024-11-07, 02:56:49, 136.45, 58.25, 22.82, 22.0, 9999.0, 9.68, 10.0, 21.73, 9999.0, 24.05, 9999.0, 117.52, 127.7, 120.23, 91.18, 138.36
2024-11-07, 02:56:55, 136.45, 58.25, 22.84, 22.0, 9999.0, 9.7, 10.0, 21.73, 9999.0, 24.02, 9999.0, 117.55, 127.7, 120.23, 91.18, 138.34
2024-11-07, 02:56:59, 136.45, 58.25, 22.84, 22.0, 9999.0, 9.73, 10.0, 21.73, 9999.0, 24.0, 9999.0, 117.59, 127.7, 120.23, 91.18, 138.34
2024-11-07, 02:57:03, 136.45, 58.25, 22.82, 22.0, 9999.0, 9.75, 10.0, 21.73, 9999.0, 23.98, 9999.0, 117.61, 127.7, 120.23, 91.18, 138.34
2024-11-07, 02:57:07, 136.45, 58.25, 22.82, 22.0, 9999.0, 9.77, 10.0, 21.75, 9999.0, 23.98, 9999.0, 117.64, 127.7, 120.25, 91.2, 138.32
2024-11-07, 02:57:11, 136.45, 58.25, 22.82, 22.0, 9999.0, 9.8, 10.0, 21.75, 9999.0, 23.98, 9999.0, 117.66, 127.7, 120.25, 91.2, 138.34
2024-11-07, 02:57:15, 136.48, 58.25, 22.82, 22.0, 9999.0, 9.8, 10.0, 21.75, 9999.0, 23.98, 9999.0, 117.68, 127.7, 120.25, 91.2, 138.32
2024-11-07, 02:57:19, 136.48, 58.25, 22.82, 22.0, 9999.0, 9.8, 10.0, 21.75, 9999.0, 24.0, 9999.0, 117.7, 127.7, 120.25, 91.23, 138.34
2024-11-07, 02:57:23, 136.5, 58.25, 22.8, 22.0, 9999.0, 9.8, 10.0, 21.75, 9999.0, 24.0, 9999.0, 117.73, 127.7, 120.25, 91.25, 138.34
2024-11-07, 02:57:27, 136.5, 58.25, 22.8, 22.0, 9999.0, 9.75, 10.0, 21.75, 9999.0, 24.0, 9999.0, 117.75, 127.73, 120.25, 91.25, 138.34
2024-11-07, 02:57:31, 136.5, 58.25, 22.8, 22.0, 9999.0, 9.73, 10.0, 21.75, 9999.0, 24.0, 9999.0, 117.73, 127.73, 120.25, 91.25, 138.34
2024-11-07, 02:57:35, 136.5, 58.25, 22.8, 22.0, 9999.0, 9.7, 10.0, 21.75, 9999.0, 24.0, 9999.0, 117.73, 127.75, 120.25, 91.25, 138.32
2024-11-07, 02:57:39, 136.5, 58.25, 22.8, 22.0, 9999.0, 9.68, 10.0, 21.75, 9999.0, 24.0, 9999.0, 117.7, 127.75, 120.25, 91.25, 138.32
2024-11-07, 02:57:43, 136.5, 58.25, 22.8, 22.0, 9999.0, 9.66, 10.0, 21.75, 9999.0, 24.0, 9999.0, 117.66, 127.75, 120.23, 91.25, 138.32
2024-11-07, 02:57:47, 136.48, 58.25, 22.82, 22.0, 9999.0, 9.64, 10.0, 21.75, 9999.0, 24.02, 9999.0, 117.64, 127.75, 120.23, 91.25, 138.32
2024-11-07, 02:57:51, 136.48, 58.25, 22.82, 22.0, 9999.0, 9.64, 10.0, 21.75, 9999.0, 24.02, 9999.0, 117.61, 127.75, 120.23, 91.25, 138.34
2024-11-07, 02:57:55, 136.45, 58.25, 22.82, 22.0, 9999.0, 9.64, 10.0, 21.73, 9999.0, 24.02, 9999.0, 117.59, 127.75, 120.23, 91.25, 138.34
2024-11-07, 02:57:59, 136.43, 58.25, 22.82, 22.0, 9999.0, 9.64, 10.0, 21.73, 9999.0, 24.02, 9999.0, 117.57, 127.75, 120.2, 91.25, 138.34
2024-11-07, 02:58:03, 136.43, 58.25, 22.8, 22.0, 9999.0, 9.66, 10.0, 21.73, 9999.0, 24.0, 9999.0, 117.55, 127.75, 120.2, 91.25, 138.34
2024-11-07, 02:58:07, 136.43, 58.25, 22.8, 22.0, 9999.0, 9.68, 10.0, 21.73, 9999.0, 24.0, 9999.0, 117.55, 127.75, 120.2, 91.25, 138.36
2024-11-07, 02:58:11, 136.43, 58.25, 22.8, 22.0, 9999.0, 9.7, 10.0, 21.73, 9999.0, 24.0, 9999.0, 117.52, 127.75, 120.2, 91.23, 138.39
2024-11-07, 02:58:15, 136.43, 58.25, 22.8, 22.0, 9999.0, 9.7, 10.0, 21.73, 9999.0, 23.98, 9999.0, 117.55, 127.75, 120.18, 91.23, 138.41
2024-11-07, 02:58:19, 136.43, 58.25, 22.8, 22.0, 9999.0, 9.73, 10.0, 21.73, 9999.0, 23.98, 9999.0, 117.57, 127.75, 120.18, 91.23, 138.41
2024-11-07, 02:58:23, 136.43, 58.25, 22.77, 22.0, 9999.0, 9.75, 10.0, 21.73, 9999.0, 23.98, 9999.0, 117.59, 127.75, 120.18, 91.23, 138.43
2024-11-07, 02:58:27, 136.43, 58.25, 22.77, 22.0, 9999.0, 9.77, 10.0, 21.73, 9999.0, 23.98, 9999.0, 117.61, 127.75, 120.2, 91.23, 138.45
2024-11-07, 02:58:31, 136.45, 58.25, 22.75, 22.0, 9999.0, 9.8, 10.0, 21.73, 9999.0, 23.98, 9999.0, 117.64, 127.75, 120.2, 91.23, 138.45
2024-11-07, 02:58:35, 136.45, 58.25, 22.77, 22.0, 9999.0, 9.8, 10.0, 21.73, 9999.0, 23.98, 9999.0, 117.66, 127.75, 120.2, 91.23, 138.43
2024-11-07, 02:58:39, 136.48, 58.25, 22.77, 22.0, 9999.0, 9.8, 10.0, 21.75, 9999.0, 24.0, 9999.0, 117.68, 127.75, 120.2, 91.23, 138.41
2024-11-07, 02:58:43, 136.5, 58.25, 22.8, 22.0, 9999.0, 9.8, 10.0, 21.75, 9999.0, 24.02, 9999.0, 117.7, 127.75, 120.23, 91.23, 138.43
2024-11-07, 02:58:47, 136.5, 58.25, 22.82, 22.0, 9999.0, 9.77, 10.0, 21.75, 9999.0, 24.05, 9999.0, 117.7, 127.75, 120.23, 91.23, 138.43
2024-11-07, 02:58:51, 136.5, 58.25, 22.84, 22.0, 9999.0, 9.73, 10.0, 21.75, 9999.0, 24.07, 9999.0, 117.7, 127.75, 120.23, 91.23, 138.43
2024-11-07, 02:58:55, 136.5, 58.25, 22.84, 22.0, 9999.0, 9.7, 10.0, 21.75, 9999.0, 24.09, 9999.0, 117.7, 127.75, 120.23, 91.25, 138.43
2024-11-07, 02:58:59, 136.5, 58.25, 22.86, 22.0, 9999.0, 9.68, 10.0, 21.75, 9999.0, 24.14, 9999.0, 117.68, 127.75, 120.25, 91.25, 138.43
2024-11-07, 02:59:03, 136.5, 58.25, 22.86, 22.0, 9999.0, 9.66, 10.0, 21.75, 9999.0, 24.14, 9999.0, 117.66, 127.75, 120.25, 91.25, 138.43
2024-11-07, 02:59:07, 136.5, 58.25, 22.86, 22.0, 9999.0, 9.64, 10.0, 21.75, 9999.0, 24.14, 9999.0, 117.64, 127.75, 120.25, 91.25, 138.43
2024-11-07, 02:59:11, 136.5, 58.25, 22.86, 22.0, 9999.0, 9.64, 10.0, 21.75, 9999.0, 24.14, 9999.0, 117.61, 127.75, 120.25, 91.25, 138.43
2024-11-07, 02:59:15, 136.5, 58.25, 22.86, 22.0, 9999.0, 9.64, 10.0, 21.75, 9999.0, 24.14, 9999.0, 117.59, 127.75, 120.23, 91.25, 138.43
2024-11-07, 02:59:19, 136.5, 58.25, 22.84, 22.0, 9999.0, 9.64, 10.0, 21.75, 9999.0, 24.11, 9999.0, 117.57, 127.75, 120.2, 91.25, 138.43
2024-11-07, 02:59:23, 136.5, 58.25, 22.84, 22.0, 9999.0, 9.66, 10.0, 21.75, 9999.0, 24.07, 9999.0, 117.55, 127.75, 120.2, 91.25, 138.43
2024-11-07, 02:59:27, 136.5, 58.25, 22.84, 22.0, 9999.0, 9.66, 10.0, 21.75, 9999.0, 24.02, 9999.0, 117.55, 127.75, 120.18, 91.25, 138.43
2024-11-07, 02:59:31, 136.5, 58.25, 22.82, 22.0, 9999.0, 9.66, 10.0, 21.75, 9999.0, 23.98, 9999.0, 117.55, 127.75, 120.18, 91.23, 138.43
2024-11-07, 02:59:35, 136.5, 58.25, 22.82, 22.0, 9999.0, 9.68, 10.0, 21.75, 9999.0, 23.93, 9999.0, 117.55, 127.75, 120.18, 91.23, 138.43
2024-11-07, 02:59:40, 136.5, 58.25, 22.84, 22.0, 9999.0, 9.7, 10.0, 21.75, 9999.0, 23.89, 9999.0, 117.57, 127.75, 120.18, 91.23, 138.43
2024-11-07, 02:59:44, 136.5, 58.25, 22.82, 22.0, 9999.0, 9.73, 10.0, 21.75, 9999.0, 23.84, 9999.0, 117.59, 127.75, 120.18, 91.23, 138.41
2024-11-07, 02:59:48, 136.5, 58.25, 22.84, 22.0, 9999.0, 9.75, 10.0, 21.75, 9999.0, 23.84, 9999.0, 117.61, 127.75, 120.18, 91.23, 138.43
2024-11-07, 02:59:52, 136.5, 58.25, 22.84, 22.0, 9999.0, 9.77, 10.0, 21.75, 9999.0, 23.84, 9999.0, 117.64, 127.75, 120.18, 91.23, 138.43
2024-11-07, 02:59:56, 136.5, 58.25, 22.84, 22.0, 9999.0, 9.77, 10.0, 21.75, 9999.0, 23.82, 9999.0, 117.66, 127.75, 120.18, 91.23, 138.41
2024-11-07, 03:00:00, 136.5, 58.25, 22.84, 22.0, 9999.0, 9.77, 10.0, 21.75, 9999.0, 23.82, 9999.0, 117.68, 127.75, 120.2, 91.2, 138.41
2024-11-07, 03:00:04, 136.5, 58.25, 22.84, 22.0, 9999.0, 9.77, 10.0, 21.73, 9999.0, 23.84, 9999.0, 117.7, 127.75, 120.23, 91.18, 138.43
2024-11-07, 03:00:08, 136.5, 58.25, 22.86, 22.0, 9999.0, 9.73, 10.0, 21.73, 9999.0, 23.86, 9999.0, 117.73, 127.75, 120.23, 91.18, 138.43
2024-11-07, 03:00:12, 136.5, 58.25, 22.84, 22.0, 9999.0, 9.7, 10.0, 21.73, 9999.0, 23.89, 9999.0, 117.7, 127.75, 120.25, 91.18, 138.41
2024-11-07, 03:00:16, 136.5, 58.25, 22.84, 22.0, 9999.0, 9.68, 10.0, 21.73, 9999.0, 23.91, 9999.0, 117.73, 127.75, 120.25, 91.2, 138.41
2024-11-07, 03:00:20, 136.5, 58.25, 22.82, 22.0, 9999.0, 9.66, 10.0, 21.73, 9999.0, 23.91, 9999.0, 117.7, 127.73, 120.25, 91.2, 138.41
2024-11-07, 03:00:24, 136.5, 58.25, 22.82, 22.0, 9999.0, 9.64, 10.0, 21.7, 9999.0, 23.91, 9999.0, 117.68, 127.73, 120.25, 91.2, 138.39
2024-11-07, 03:00:28, 136.5, 58.25, 22.84, 22.0, 9999.0, 9.61, 10.0, 21.7, 9999.0, 23.91, 9999.0, 117.66, 127.73, 120.25, 91.2, 138.39
2024-11-07, 03:00:32, 136.5, 58.25, 22.84, 22.0, 9999.0, 9.61, 10.0, 21.68, 9999.0, 23.89, 9999.0, 117.64, 127.73, 120.25, 91.2, 138.39
2024-11-07, 03:00:42, 136.5, 58.25, 22.84, 21.98, 9999.0, 9.61, 10.0, 21.66, 9999.0, 23.86, 9999.0, 117.61, 127.73, 120.25, 91.2, 138.39
2024-11-07, 03:00:46, 136.5, 58.25, 22.84, 21.98, 9999.0, 9.61, 10.0, 21.64, 9999.0, 23.86, 9999.0, 117.59, 127.73, 120.23, 91.2, 138.41
2024-11-07, 03:00:50, 136.5, 58.25, 22.84, 21.98, 9999.0, 9.64, 10.0, 21.64, 9999.0, 23.84, 9999.0, 117.57, 127.73, 120.2, 91.23, 138.41
2024-11-07, 03:00:54, 136.5, 58.25, 22.84, 21.98, 9999.0, 9.64, 10.0, 21.64, 9999.0, 23.82, 9999.0, 117.57, 127.73, 120.2, 91.25, 138.41
2024-11-07, 03:00:58, 136.5, 58.25, 22.82, 21.98, 9999.0, 9.66, 10.0, 21.64, 9999.0, 23.77, 9999.0, 117.55, 127.73, 120.2, 91.25, 138.43
2024-11-07, 03:01:02, 136.5, 58.25, 22.84, 21.98, 9999.0, 9.68, 10.0, 21.64, 9999.0, 23.73, 9999.0, 117.57, 127.73, 120.18, 91.25, 138.45
2024-11-07, 03:01:06, 136.5, 58.25, 22.84, 21.98, 9999.0, 9.7, 10.0, 21.64, 9999.0, 23.68, 9999.0, 117.57, 127.73, 120.18, 91.25, 138.45
2024-11-07, 03:01:10, 136.5, 58.25, 22.84, 21.98, 9999.0, 9.73, 10.0, 21.61, 9999.0, 23.66, 9999.0, 117.59, 127.75, 120.18, 91.25, 138.45
2024-11-07, 03:01:14, 136.5, 58.25, 22.82, 21.98, 9999.0, 9.75, 10.0, 21.61, 9999.0, 23.66, 9999.0, 117.61, 127.75, 120.18, 91.25, 138.45
2024-11-07, 03:01:18, 136.5, 58.25, 22.82, 21.98, 9999.0, 9.77, 10.0, 21.61, 9999.0, 23.66, 9999.0, 117.64, 127.75, 120.18, 91.25, 138.48
2024-11-07, 03:01:22, 136.5, 58.25, 22.8, 21.98, 9999.0, 9.77, 10.0, 21.64, 9999.0, 23.68, 9999.0, 117.66, 127.75, 120.18, 91.25, 138.48
2024-11-07, 03:01:26, 136.5, 58.25, 22.8, 22.0, 9999.0, 9.75, 10.0, 21.66, 9999.0, 23.7, 9999.0, 117.68, 127.75, 120.18, 91.25, 138.48
2024-11-07, 03:01:30, 136.5, 58.25, 22.8, 22.0, 9999.0, 9.73, 10.0, 21.68, 9999.0, 23.73, 9999.0, 117.7, 127.75, 120.2, 91.25, 138.48
2024-11-07, 03:01:34, 136.5, 58.25, 22.82, 22.0, 9999.0, 9.7, 10.0, 21.68, 9999.0, 23.75, 9999.0, 117.73, 127.75, 120.23, 91.25, 138.48
2024-11-07, 03:01:38, 136.5, 58.25, 22.84, 22.0, 9999.0, 9.68, 10.0, 21.7, 9999.0, 23.77, 9999.0, 117.7, 127.75, 120.2, 91.25, 138.45
2024-11-07, 03:01:42, 136.5, 58.25, 22.84, 22.0, 9999.0, 9.66, 10.0, 21.7, 9999.0, 23.8, 9999.0, 117.7, 127.75, 120.2, 91.25, 138.43
2024-11-07, 03:01:46, 136.5, 58.25, 22.82, 22.0, 9999.0, 9.64, 10.0, 21.7, 9999.0, 23.82, 9999.0, 117.68, 127.75, 120.23, 91.23, 138.43
2024-11-07, 03:01:50, 136.48, 58.25, 22.82, 22.0, 9999.0, 9.61, 10.0, 21.68, 9999.0, 23.84, 9999.0, 117.66, 127.75, 120.23, 91.23, 138.43
2024-11-07, 03:01:54, 136.48, 58.25, 22.84, 22.0, 9999.0, 9.59, 10.0, 21.7, 9999.0, 23.86, 9999.0, 117.64, 127.75, 120.23, 91.23, 138.43
2024-11-07, 03:01:58, 136.48, 58.25, 22.84, 22.0, 9999.0, 9.59, 10.0, 21.73, 9999.0, 23.86, 9999.0, 117.61, 127.75, 120.23, 91.23, 138.45
2024-11-07, 03:02:02, 136.48, 58.25, 22.82, 22.0, 9999.0, 9.59, 10.0, 21.73, 9999.0, 23.86, 9999.0, 117.59, 127.75, 120.23, 91.23, 138.45
2024-11-07, 03:02:06, 136.48, 58.25, 22.82, 22.0, 9999.0, 9.59, 10.0, 21.73, 9999.0, 23.82, 9999.0, 117.57, 127.75, 120.23, 91.23, 138.45
2024-11-07, 03:02:11, 136.48, 58.25, 22.82, 22.0, 9999.0, 9.61, 10.0, 21.73, 9999.0, 23.8, 9999.0, 117.55, 127.75, 120.2, 91.23, 138.45
2024-11-07, 03:02:15, 136.48, 58.25, 22.84, 22.0, 9999.0, 9.64, 10.0, 21.73, 9999.0, 23.75, 9999.0, 117.55, 127.75, 120.2, 91.23, 138.45
2024-11-07, 03:02:19, 136.48, 58.25, 22.82, 22.0, 9999.0, 9.64, 10.0, 21.73, 9999.0, 23.7, 9999.0, 117.55, 127.75, 120.2, 91.23, 138.45
2024-11-07, 03:02:23, 136.48, 58.25, 22.8, 22.0, 9999.0, 9.66, 10.0, 21.73, 9999.0, 23.66, 9999.0, 117.57, 127.75, 120.23, 91.23, 138.48
2024-11-07, 03:02:27, 136.48, 58.25, 22.82, 22.0, 9999.0, 9.68, 10.0, 21.73, 9999.0, 23.64, 9999.0, 117.59, 127.75, 120.23, 91.23, 138.5
2024-11-07, 03:02:31, 136.48, 58.25, 22.84, 22.0, 9999.0, 9.7, 10.0, 21.73, 9999.0, 23.61, 9999.0, 117.61, 127.75, 120.23, 91.25, 138.5
2024-11-07, 03:02:35, 136.5, 58.25, 22.84, 22.0, 9999.0, 9.73, 10.0, 21.75, 9999.0, 23.59, 9999.0, 117.64, 127.75, 120.23, 91.25, 138.5
2024-11-07, 03:02:39, 136.5, 58.25, 22.84, 22.0, 9999.0, 9.75, 10.0, 21.75, 9999.0, 23.57, 9999.0, 117.66, 127.75, 120.23, 91.25, 138.5
2024-11-07, 03:02:43, 136.5, 58.25, 22.86, 22.0, 9999.0, 9.75, 10.0, 21.75, 9999.0, 23.57, 9999.0, 117.68, 127.75, 120.23, 91.25, 138.5
2024-11-07, 03:02:47, 136.5, 58.25, 22.86, 22.0, 9999.0, 9.75, 10.0, 21.75, 9999.0, 23.57, 9999.0, 117.7, 127.75, 120.23, 91.25, 138.5
2024-11-07, 03:02:51, 136.5, 58.25, 22.86, 22.0, 9999.0, 9.73, 10.0, 21.75, 9999.0, 23.59, 9999.0, 117.7, 127.75, 120.23, 91.25, 138.5
2024-11-07, 03:02:55, 136.5, 58.25, 22.86, 22.0, 9999.0, 9.7, 10.0, 21.75, 9999.0, 23.59, 9999.0, 117.73, 127.75, 120.25, 91.25, 138.5
2024-11-07, 03:02:59, 136.5, 58.25, 22.86, 22.0, 9999.0, 9.68, 10.0, 21.75, 9999.0, 23.61, 9999.0, 117.7, 127.75, 120.25, 91.25, 138.5
2024-11-07, 03:03:03, 136.5, 58.25, 22.89, 22.0, 9999.0, 9.66, 10.0, 21.75, 9999.0, 23.61, 9999.0, 117.7, 127.75, 120.25, 91.25, 138.5
2024-11-07, 03:03:07, 136.5, 58.25, 22.89, 22.0, 9999.0, 9.64, 10.0, 21.75, 9999.0, 23.61, 9999.0, 117.68, 127.75, 120.25, 91.25, 138.5
2024-11-07, 03:03:11, 136.48, 58.25, 22.89, 22.0, 9999.0, 9.61, 10.0, 21.75, 9999.0, 23.64, 9999.0, 117.66, 127.75, 120.25, 91.25, 138.5
2024-11-07, 03:03:15, 136.48, 58.25, 22.89, 22.0, 9999.0, 9.61, 10.0, 21.75, 9999.0, 23.64, 9999.0, 117.64, 127.75, 120.25, 91.25, 138.5
2024-11-07, 03:03:19, 136.48, 58.25, 22.89, 22.0, 9999.0, 9.61, 10.0, 21.75, 9999.0, 23.64, 9999.0, 117.61, 127.75, 120.25, 91.25, 138.5
2024-11-07, 03:03:23, 136.48, 58.25, 22.89, 22.0, 9999.0, 9.61, 10.0, 21.75, 9999.0, 23.64, 9999.0, 117.59, 127.75, 120.25, 91.25, 138.5
2024-11-07, 03:03:27, 136.48, 58.25, 22.86, 22.0, 9999.0, 9.64, 10.0, 21.75, 9999.0, 23.61, 9999.0, 117.57, 127.75, 120.25, 91.25, 138.5
2024-11-07, 03:03:31, 136.48, 58.25, 22.86, 22.0, 9999.0, 9.66, 10.0, 21.75, 9999.0, 23.59, 9999.0, 117.55, 127.75, 120.25, 91.25, 138.5
2024-11-07, 03:03:35, 136.48, 58.25, 22.86, 22.0, 9999.0, 9.68, 10.0, 21.75, 9999.0, 23.57, 9999.0, 117.57, 127.75, 120.25, 91.25, 138.5
2024-11-07, 03:03:39, 136.45, 58.25, 22.89, 22.0, 9999.0, 9.7, 10.0, 21.75, 9999.0, 23.55, 9999.0, 117.57, 127.75, 120.25, 91.25, 138.5
2024-11-07, 03:03:43, 136.45, 58.25, 22.89, 22.0, 9999.0, 9.73, 10.0, 21.75, 9999.0, 23.52, 9999.0, 117.59, 127.75, 120.25, 91.25, 138.5
2024-11-07, 03:03:47, 136.45, 58.25, 22.89, 22.0, 9999.0, 9.75, 10.0, 21.75, 9999.0, 23.52, 9999.0, 117.59, 127.75, 120.25, 91.25, 138.5
2024-11-07, 03:03:51, 136.45, 58.25, 22.91, 22.02, 9999.0, 9.77, 10.0, 21.75, 9999.0, 23.52, 9999.0, 117.61, 127.75, 120.25, 91.25, 138.5
2024-11-07, 03:03:55, 136.48, 58.25, 22.91, 22.05, 9999.0, 9.8, 10.0, 21.75, 9999.0, 23.52, 9999.0, 117.64, 127.75, 120.25, 91.25, 138.5
2024-11-07, 03:03:59, 136.48, 58.25, 22.91, 22.07, 9999.0, 9.8, 10.0, 21.75, 9999.0, 23.55, 9999.0, 117.66, 127.75, 120.25, 91.25, 138.5
2024-11-07, 03:04:03, 136.48, 58.25, 22.93, 22.07, 9999.0, 9.8, 10.0, 21.75, 9999.0, 23.59, 9999.0, 117.68, 127.75, 120.25, 91.25, 138.5
2024-11-07, 03:04:07, 136.48, 58.25, 22.93, 22.09, 9999.0, 9.8, 10.0, 21.75, 9999.0, 23.64, 9999.0, 117.7, 127.75, 120.25, 91.25, 138.5
2024-11-07, 03:04:11, 136.48, 58.25, 22.95, 22.11, 9999.0, 9.77, 10.0, 21.75, 9999.0, 23.68, 9999.0, 117.73, 127.75, 120.25, 91.25, 138.5
2024-11-07, 03:04:15, 136.48, 58.25, 22.98, 22.11, 9999.0, 9.73, 10.0, 21.75, 9999.0, 23.73, 9999.0, 117.75, 127.75, 120.25, 91.25, 138.5
2024-11-07, 03:04:19, 136.48, 58.25, 23.0, 22.11, 9999.0, 9.7, 10.0, 21.75, 9999.0, 23.77, 9999.0, 117.75, 127.75, 120.25, 91.25, 138.5
2024-11-07, 03:04:23, 136.5, 58.25, 23.0, 22.11, 9999.0, 9.68, 10.0, 21.75, 9999.0, 23.82, 9999.0, 117.75, 127.75, 120.25, 91.25, 138.5
2024-11-07, 03:04:27, 136.5, 58.25, 23.0, 22.14, 9999.0, 9.66, 10.0, 21.75, 9999.0, 23.86, 9999.0, 117.75, 127.75, 120.25, 91.25, 138.5
2024-11-07, 03:04:31, 136.5, 58.25, 22.98, 22.14, 9999.0, 9.64, 10.0, 21.75, 9999.0, 23.89, 9999.0, 117.73, 127.75, 120.25, 91.25, 138.5
2024-11-07, 03:04:35, 136.5, 58.25, 22.98, 22.11, 9999.0, 9.64, 10.0, 21.75, 9999.0, 23.91, 9999.0, 117.7, 127.75, 120.25, 91.25, 138.5
2024-11-07, 03:04:39, 136.5, 58.25, 22.98, 22.09, 9999.0, 9.64, 10.0, 21.75, 9999.0, 23.91, 9999.0, 117.68, 127.75, 120.25, 91.25, 138.5
2024-11-07, 03:04:43, 136.5, 58.25, 22.98, 22.07, 9999.0, 9.64, 10.0, 21.75, 9999.0, 23.91, 9999.0, 117.66, 127.75, 120.25, 91.25, 138.5
2024-11-07, 03:04:47, 136.5, 58.25, 22.98, 22.07, 9999.0, 9.66, 10.0, 21.75, 9999.0, 23.89, 9999.0, 117.64, 127.75, 120.23, 91.25, 138.5
2024-11-07, 03:04:51, 136.5, 58.25, 22.98, 22.05, 9999.0, 9.68, 10.0, 21.75, 9999.0, 23.86, 9999.0, 117.64, 127.75, 120.2, 91.23, 138.5
2024-11-07, 03:04:55, 136.48, 58.25, 22.98, 22.02, 9999.0, 9.68, 10.0, 21.75, 9999.0, 23.84, 9999.0, 117.64, 127.75, 120.18, 91.23, 138.5
2024-11-07, 03:04:59, 136.48, 58.25, 22.95, 22.02, 9999.0, 9.7, 10.0, 21.75, 9999.0, 23.82, 9999.0, 117.64, 127.75, 120.18, 91.23, 138.5
2024-11-07, 03:05:03, 136.48, 58.25, 22.95, 22.02, 9999.0, 9.73, 10.02, 21.75, 9999.0, 23.8, 9999.0, 117.66, 127.75, 120.18, 91.23, 138.5
2024-11-07, 03:05:07, 136.48, 58.25, 22.95, 22.02, 9999.0, 9.75, 10.02, 21.75, 9999.0, 23.77, 9999.0, 117.68, 127.75, 120.18, 91.23, 138.5
2024-11-07, 03:05:11, 136.48, 58.25, 22.95, 22.02, 9999.0, 9.77, 10.02, 21.75, 9999.0, 23.77, 9999.0, 117.68, 127.75, 120.18, 91.2, 138.5
2024-11-07, 03:05:15, 136.48, 58.25, 22.98, 22.05, 9999.0, 9.8, 10.02, 21.75, 9999.0, 23.77, 9999.0, 117.7, 127.75, 120.18, 91.2, 138.5
2024-11-07, 03:05:19, 136.45, 58.25, 22.98, 22.05, 9999.0, 9.8, 10.02, 21.75, 9999.0, 23.8, 9999.0, 117.73, 127.75, 120.18, 91.2, 138.5
2024-11-07, 03:05:23, 136.45, 58.25, 22.98, 22.05, 9999.0, 9.77, 10.02, 21.75, 9999.0, 23.82, 9999.0, 117.75, 127.75, 120.18, 91.2, 138.5
2024-11-07, 03:05:27, 136.45, 58.25, 22.98, 22.07, 9999.0, 9.77, 10.02, 21.75, 9999.0, 23.84, 9999.0, 117.77, 127.75, 120.18, 91.2, 138.5
2024-11-07, 03:05:32, 136.45, 58.25, 22.98, 22.09, 9999.0, 9.73, 10.02, 21.75, 9999.0, 23.86, 9999.0, 117.8, 127.75, 120.2, 91.2, 138.5
2024-11-07, 03:05:36, 136.45, 58.25, 22.98, 22.11, 9999.0, 9.68, 10.02, 21.73, 9999.0, 23.89, 9999.0, 117.8, 127.75, 120.23, 91.23, 138.5
2024-11-07, 03:05:40, 136.48, 58.27, 22.98, 22.11, 9999.0, 9.66, 10.02, 21.7, 9999.0, 23.91, 9999.0, 117.77, 127.75, 120.25, 91.23, 138.5
2024-11-07, 03:05:44, 136.48, 58.27, 23.0, 22.14, 9999.0, 9.64, 10.02, 21.7, 9999.0, 23.93, 9999.0, 117.77, 127.75, 120.25, 91.23, 138.5
2024-11-07, 03:05:48, 136.48, 58.27, 23.0, 22.16, 9999.0, 9.61, 10.0, 21.7, 9999.0, 23.93, 9999.0, 117.73, 127.75, 120.25, 91.23, 138.5
2024-11-07, 03:05:52, 136.48, 58.27, 22.98, 22.18, 9999.0, 9.59, 10.0, 21.7, 9999.0, 23.93, 9999.0, 117.68, 127.75, 120.25, 91.23, 138.5
2024-11-07, 03:05:56, 136.48, 58.27, 22.98, 22.16, 9999.0, 9.59, 10.0, 21.7, 9999.0, 23.91, 9999.0, 117.66, 127.75, 120.23, 91.25, 138.5
2024-11-07, 03:06:00, 136.48, 58.27, 22.98, 22.14, 9999.0, 9.59, 10.0, 21.68, 9999.0, 23.91, 9999.0, 117.64, 127.75, 120.23, 91.25, 138.5
2024-11-07, 03:06:04, 136.5, 58.27, 22.98, 22.14, 9999.0, 9.59, 10.0, 21.68, 9999.0, 23.89, 9999.0, 117.61, 127.75, 120.23, 91.25, 138.5
2024-11-07, 03:06:08, 136.5, 58.27, 22.95, 22.14, 9999.0, 9.64, 10.0, 21.68, 9999.0, 23.86, 9999.0, 117.59, 127.75, 120.23, 91.25, 138.5
2024-11-07, 03:06:12, 136.5, 58.27, 22.95, 22.11, 9999.0, 9.64, 10.0, 21.68, 9999.0, 23.84, 9999.0, 117.59, 127.75, 120.23, 91.25, 138.5
2024-11-07, 03:06:16, 136.5, 58.27, 22.95, 22.09, 9999.0, 9.66, 10.0, 21.68, 9999.0, 23.82, 9999.0, 117.59, 127.75, 120.23, 91.25, 138.5
2024-11-07, 03:06:20, 136.5, 58.27, 22.93, 22.07, 9999.0, 9.68, 10.0, 21.7, 9999.0, 23.8, 9999.0, 117.59, 127.75, 120.23, 91.25, 138.5
2024-11-07, 03:06:24, 136.48, 58.25, 22.93, 22.07, 9999.0, 9.7, 10.0, 21.73, 9999.0, 23.77, 9999.0, 117.64, 127.75, 120.23, 91.25, 138.5
2024-11-07, 03:06:28, 136.45, 58.25, 22.91, 22.05, 9999.0, 9.73, 10.0, 21.73, 9999.0, 23.75, 9999.0, 117.64, 127.75, 120.23, 91.25, 138.5
2024-11-07, 03:06:32, 136.45, 58.25, 22.91, 22.05, 9999.0, 9.75, 10.0, 21.73, 9999.0, 23.77, 9999.0, 117.66, 127.75, 120.23, 91.25, 138.5
2024-11-07, 03:06:36, 136.45, 58.25, 22.93, 22.02, 9999.0, 9.77, 10.0, 21.73, 9999.0, 23.8, 9999.0, 117.68, 127.75, 120.23, 91.25, 138.5
2024-11-07, 03:06:40, 136.45, 58.25, 22.93, 22.02, 9999.0, 9.77, 10.0, 21.7, 9999.0, 23.82, 9999.0, 117.7, 127.75, 120.25, 91.25, 138.5
2024-11-07, 03:06:44, 136.45, 58.25, 22.93, 22.02, 9999.0, 9.77, 10.0, 21.73, 9999.0, 23.84, 9999.0, 117.7, 127.75, 120.25, 91.25, 138.5
2024-11-07, 03:06:48, 136.43, 58.25, 22.93, 22.05, 9999.0, 9.75, 10.0, 21.73, 9999.0, 23.86, 9999.0, 117.73, 127.75, 120.25, 91.25, 138.5
2024-11-07, 03:06:52, 136.43, 58.25, 22.95, 22.07, 9999.0, 9.73, 10.0, 21.73, 9999.0, 23.91, 9999.0, 117.75, 127.75, 120.25, 91.25, 138.5
2024-11-07, 03:06:56, 136.43, 58.25, 22.95, 22.07, 9999.0, 9.73, 10.0, 21.73, 9999.0, 23.93, 9999.0, 117.75, 127.75, 120.25, 91.25, 138.5
2024-11-07, 03:07:00, 136.41, 58.25, 22.95, 22.07, 9999.0, 9.7, 10.0, 21.73, 9999.0, 23.95, 9999.0, 117.73, 127.75, 120.25, 91.25, 138.5
2024-11-07, 03:07:04, 136.41, 58.27, 22.98, 22.07, 9999.0, 9.68, 10.0, 21.73, 9999.0, 23.98, 9999.0, 117.7, 127.75, 120.25, 91.25, 138.5
2024-11-07, 03:07:08, 136.43, 58.27, 22.98, 22.07, 9999.0, 9.66, 10.0, 21.73, 9999.0, 24.0, 9999.0, 117.66, 127.75, 120.25, 91.25, 138.5
2024-11-07, 03:07:12, 136.43, 58.27, 23.0, 22.07, 9999.0, 9.64, 10.0, 21.73, 9999.0, 24.02, 9999.0, 117.64, 127.75, 120.25, 91.25, 138.5
2024-11-07, 03:07:16, 136.43, 58.27, 23.0, 22.05, 9999.0, 9.64, 10.0, 21.73, 9999.0, 24.02, 9999.0, 117.61, 127.75, 120.23, 91.25, 138.5
2024-11-07, 03:07:20, 136.43, 58.27, 23.0, 22.05, 9999.0, 9.64, 10.0, 21.73, 9999.0, 24.02, 9999.0, 117.59, 127.75, 120.23, 91.25, 138.5
2024-11-07, 03:07:24, 136.41, 58.27, 23.0, 22.05, 9999.0, 9.64, 10.0, 21.75, 9999.0, 24.02, 9999.0, 117.57, 127.75, 120.23, 91.25, 138.5
2024-11-07, 03:07:28, 136.41, 58.27, 23.0, 22.05, 9999.0, 9.66, 10.0, 21.75, 9999.0, 24.0, 9999.0, 117.57, 127.75, 120.23, 91.25, 138.5
2024-11-07, 03:07:32, 136.43, 58.27, 23.0, 22.02, 9999.0, 9.68, 10.0, 21.75, 9999.0, 24.0, 9999.0, 117.57, 127.75, 120.23, 91.25, 138.5
2024-11-07, 03:07:36, 136.43, 58.27, 23.0, 22.0, 9999.0, 9.68, 10.0, 21.75, 9999.0, 23.95, 9999.0, 117.57, 127.75, 120.2, 91.23, 138.5
2024-11-07, 03:07:40, 136.43, 58.27, 22.98, 22.02, 9999.0, 9.68, 10.0, 21.75, 9999.0, 23.93, 9999.0, 117.57, 127.75, 120.2, 91.23, 138.5
2024-11-07, 03:07:44, 136.45, 58.27, 22.95, 22.02, 9999.0, 9.7, 10.0, 21.75, 9999.0, 23.91, 9999.0, 117.61, 127.75, 120.2, 91.23, 138.5
2024-11-07, 03:07:48, 136.45, 58.25, 22.93, 22.02, 9999.0, 9.73, 10.0, 21.75, 9999.0, 23.89, 9999.0, 117.64, 127.75, 120.2, 91.23, 138.5
2024-11-07, 03:07:52, 136.45, 58.25, 22.91, 22.02, 9999.0, 9.75, 10.0, 21.75, 9999.0, 23.89, 9999.0, 117.66, 127.75, 120.2, 91.2, 138.5
2024-11-07, 03:07:56, 136.45, 58.25, 22.89, 22.02, 9999.0, 9.77, 10.0, 21.75, 9999.0, 23.89, 9999.0, 117.68, 127.75, 120.2, 91.18, 138.5
2024-11-07, 03:08:00, 136.45, 58.25, 22.89, 22.02, 9999.0, 9.77, 10.0, 21.75, 9999.0, 23.89, 9999.0, 117.7, 127.75, 120.23, 91.18, 138.5
2024-11-07, 03:08:04, 136.45, 58.25, 22.89, 22.05, 9999.0, 9.77, 10.0, 21.73, 9999.0, 23.89, 9999.0, 117.73, 127.75, 120.23, 91.18, 138.5
2024-11-07, 03:08:08, 136.48, 58.25, 22.89, 22.05, 9999.0, 9.75, 10.0, 21.73, 9999.0, 23.89, 9999.0, 117.75, 127.75, 120.23, 91.18, 138.5
2024-11-07, 03:08:12, 136.48, 58.25, 22.86, 22.07, 9999.0, 9.7, 10.0, 21.73, 9999.0, 23.91, 9999.0, 117.75, 127.75, 120.23, 91.18, 138.5
2024-11-07, 03:08:16, 136.48, 58.25, 22.84, 22.07, 9999.0, 9.68, 10.0, 21.73, 9999.0, 23.91, 9999.0, 117.75, 127.75, 120.23, 91.18, 138.5
2024-11-07, 03:08:20, 136.48, 58.25, 22.84, 22.07, 9999.0, 9.66, 10.0, 21.73, 9999.0, 23.93, 9999.0, 117.75, 127.75, 120.25, 91.2, 138.5
2024-11-07, 03:08:24, 136.48, 58.25, 22.86, 22.05, 9999.0, 9.64, 10.0, 21.73, 9999.0, 23.98, 9999.0, 117.73, 127.75, 120.25, 91.18, 138.5
2024-11-07, 03:08:28, 136.48, 58.25, 22.89, 22.05, 9999.0, 9.61, 10.0, 21.73, 9999.0, 24.0, 9999.0, 117.68, 127.75, 120.23, 91.16, 138.5
2024-11-07, 03:08:32, 136.48, 58.25, 22.91, 22.05, 9999.0, 9.61, 10.0, 21.7, 9999.0, 24.02, 9999.0, 117.66, 127.75, 120.23, 91.16, 138.5
2024-11-07, 03:08:36, 136.48, 58.25, 22.93, 22.07, 9999.0, 9.61, 10.0, 21.68, 9999.0, 24.02, 9999.0, 117.64, 127.75, 120.23, 91.18, 138.5
2024-11-07, 03:08:40, 136.5, 58.25, 22.95, 22.07, 9999.0, 9.61, 10.0, 21.68, 9999.0, 24.02, 9999.0, 117.61, 127.75, 120.2, 91.2, 138.5
2024-11-07, 03:08:44, 136.5, 58.25, 22.95, 22.07, 9999.0, 9.64, 10.0, 21.68, 9999.0, 24.02, 9999.0, 117.59, 127.75, 120.18, 91.2, 138.5
2024-11-07, 03:08:48, 136.48, 58.25, 22.93, 22.05, 9999.0, 9.64, 10.0, 21.7, 9999.0, 24.02, 9999.0, 117.59, 127.75, 120.18, 91.2, 138.5
2024-11-07, 03:08:52, 136.48, 58.25, 22.93, 22.05, 9999.0, 9.66, 10.0, 21.7, 9999.0, 24.02, 9999.0, 117.59, 127.75, 120.16, 91.2, 138.5
2024-11-07, 03:08:56, 136.48, 58.25, 22.93, 22.02, 9999.0, 9.68, 10.0, 21.7, 9999.0, 24.02, 9999.0, 117.59, 127.75, 120.14, 91.2, 138.5
2024-11-07, 03:09:00, 136.45, 58.25, 22.95, 22.02, 9999.0, 9.7, 10.0, 21.7, 9999.0, 24.02, 9999.0, 117.59, 127.75, 120.14, 91.2, 138.5
2024-11-07, 03:09:04, 136.45, 58.25, 22.95, 22.02, 9999.0, 9.73, 10.0, 21.7, 9999.0, 24.02, 9999.0, 117.59, 127.75, 120.11, 91.2, 138.5
2024-11-07, 03:09:08, 136.45, 58.25, 22.93, 22.05, 9999.0, 9.75, 10.0, 21.7, 9999.0, 24.0, 9999.0, 117.61, 127.75, 120.11, 91.23, 138.5
2024-11-07, 03:09:12, 136.45, 58.25, 22.93, 22.05, 9999.0, 9.75, 10.0, 21.7, 9999.0, 24.0, 9999.0, 117.64, 127.75, 120.14, 91.25, 138.5
2024-11-07, 03:09:16, 136.45, 58.25, 22.93, 22.07, 9999.0, 9.75, 10.0, 21.73, 9999.0, 24.0, 9999.0, 117.66, 127.75, 120.11, 91.25, 138.5
2024-11-07, 03:09:21, 136.45, 58.25, 22.91, 22.05, 9999.0, 9.75, 10.0, 21.75, 9999.0, 24.02, 9999.0, 117.68, 127.75, 120.11, 91.25, 138.5
2024-11-07, 03:09:25, 136.45, 58.25, 22.91, 22.05, 9999.0, 9.75, 10.0, 21.75, 9999.0, 24.05, 9999.0, 117.7, 127.75, 120.14, 91.25, 138.5
2024-11-07, 03:09:29, 136.45, 58.25, 22.91, 22.05, 9999.0, 9.7, 10.0, 21.75, 9999.0, 24.05, 9999.0, 117.73, 127.75, 120.16, 91.25, 138.5
2024-11-07, 03:09:33, 136.48, 58.25, 22.91, 22.05, 9999.0, 9.7, 10.0, 21.75, 9999.0, 24.07, 9999.0, 117.7, 127.75, 120.16, 91.25, 138.5
2024-11-07, 03:09:37, 136.48, 58.25, 22.89, 22.05, 9999.0, 9.68, 10.0, 21.75, 9999.0, 24.07, 9999.0, 117.7, 127.75, 120.16, 91.25, 138.5
2024-11-07, 03:09:41, 136.45, 58.25, 22.91, 22.05, 9999.0, 9.66, 10.0, 21.75, 9999.0, 24.07, 9999.0, 117.7, 127.75, 120.16, 91.25, 138.5
2024-11-07, 03:09:45, 136.48, 58.25, 22.91, 22.05, 9999.0, 9.64, 10.0, 21.75, 9999.0, 24.07, 9999.0, 117.68, 127.75, 120.16, 91.25, 138.5
2024-11-07, 03:09:49, 136.48, 58.25, 22.89, 22.05, 9999.0, 9.61, 10.0, 21.75, 9999.0, 24.07, 9999.0, 117.66, 127.75, 120.18, 91.25, 138.5
2024-11-07, 03:09:53, 136.48, 58.27, 22.91, 22.02, 9999.0, 9.61, 10.0, 21.75, 9999.0, 24.07, 9999.0, 117.64, 127.75, 120.16, 91.25, 138.5
2024-11-07, 03:09:57, 136.48, 58.27, 22.89, 22.02, 9999.0, 9.64, 10.0, 21.73, 9999.0, 24.07, 9999.0, 117.61, 127.75, 120.14, 91.23, 138.5
2024-11-07, 03:10:01, 136.48, 58.27, 22.86, 22.0, 9999.0, 9.64, 10.0, 21.73, 9999.0, 24.05, 9999.0, 117.59, 127.73, 120.16, 91.23, 138.5
2024-11-07, 03:10:05, 136.48, 58.27, 22.86, 22.0, 9999.0, 9.66, 10.0, 21.73, 9999.0, 24.0, 9999.0, 117.57, 127.73, 120.14, 91.23, 138.5
2024-11-07, 03:10:09, 136.48, 58.27, 22.84, 22.0, 9999.0, 9.66, 10.0, 21.73, 9999.0, 23.98, 9999.0, 117.55, 127.73, 120.14, 91.23, 138.5
2024-11-07, 03:10:13, 136.45, 58.27, 22.82, 22.0, 9999.0, 9.68, 10.0, 21.7, 9999.0, 23.98, 9999.0, 117.55, 127.73, 120.11, 91.2, 138.5
2024-11-07, 03:10:24, 136.43, 58.27, 22.84, 22.02, 9999.0, 9.68, 10.0, 21.7, 9999.0, 23.93, 9999.0, 117.57, 127.73, 120.11, 91.2, 138.5
2024-11-07, 03:10:28, 136.43, 58.27, 22.84, 22.05, 9999.0, 9.7, 10.0, 21.7, 9999.0, 23.91, 9999.0, 117.57, 127.73, 120.14, 91.2, 138.5
2024-11-07, 03:10:32, 136.45, 58.27, 22.84, 22.07, 9999.0, 9.73, 10.0, 21.7, 9999.0, 23.89, 9999.0, 117.59, 127.73, 120.16, 91.2, 138.5
2024-11-07, 03:10:36, 136.45, 58.3, 22.84, 22.09, 9999.0, 9.75, 10.0, 21.7, 9999.0, 23.89, 9999.0, 117.61, 127.73, 120.16, 91.2, 138.5
2024-11-07, 03:10:40, 136.45, 58.3, 22.86, 22.09, 9999.0, 9.77, 10.0, 21.7, 9999.0, 23.86, 9999.0, 117.64, 127.73, 120.16, 91.2, 138.5
2024-11-07, 03:10:44, 136.45, 58.27, 22.84, 22.09, 9999.0, 9.77, 10.0, 21.7, 9999.0, 23.86, 9999.0, 117.66, 127.73, 120.18, 91.2, 138.5
2024-11-07, 03:10:48, 136.45, 58.27, 22.84, 22.11, 9999.0, 9.77, 10.0, 21.73, 9999.0, 23.86, 9999.0, 117.68, 127.73, 120.2, 91.23, 138.5
2024-11-07, 03:10:52, 136.45, 58.27, 22.86, 22.11, 9999.0, 9.75, 10.0, 21.73, 9999.0, 23.89, 9999.0, 117.7, 127.75, 120.2, 91.23, 138.5
2024-11-07, 03:10:56, 136.45, 58.27, 22.89, 22.14, 9999.0, 9.7, 10.0, 21.73, 9999.0, 23.91, 9999.0, 117.7, 127.75, 120.23, 91.23, 138.5
2024-11-07, 03:11:00, 136.45, 58.27, 22.91, 22.14, 9999.0, 9.68, 10.0, 21.73, 9999.0, 23.91, 9999.0, 117.73, 127.75, 120.23, 91.23, 138.5
2024-11-07, 03:11:04, 136.48, 58.27, 22.91, 22.14, 9999.0, 9.66, 10.0, 21.75, 9999.0, 23.91, 9999.0, 117.7, 127.75, 120.25, 91.23, 138.5
2024-11-07, 03:11:08, 136.5, 58.27, 22.91, 22.11, 9999.0, 9.64, 10.0, 21.75, 9999.0, 23.93, 9999.0, 117.68, 127.75, 120.25, 91.23, 138.5
2024-11-07, 03:11:12, 136.5, 58.27, 22.93, 22.09, 9999.0, 9.61, 10.0, 21.75, 9999.0, 23.95, 9999.0, 117.66, 127.75, 120.25, 91.23, 138.5
2024-11-07, 03:11:16, 136.5, 58.27, 22.93, 22.07, 9999.0, 9.61, 10.0, 21.75, 9999.0, 23.98, 9999.0, 117.64, 127.75, 120.25, 91.23, 138.5
2024-11-07, 03:11:20, 136.5, 58.25, 22.93, 22.05, 9999.0, 9.61, 10.0, 21.75, 9999.0, 23.98, 9999.0, 117.61, 127.75, 120.25, 91.23, 138.5
2024-11-07, 03:11:24, 136.5, 58.25, 22.91, 22.05, 9999.0, 9.61, 10.0, 21.75, 9999.0, 24.0, 9999.0, 117.59, 127.75, 120.23, 91.23, 138.5
2024-11-07, 03:11:28, 136.48, 58.25, 22.93, 22.07, 9999.0, 9.64, 10.0, 21.75, 9999.0, 24.0, 9999.0, 117.57, 127.75, 120.2, 91.23, 138.5
2024-11-07, 03:11:32, 136.45, 58.25, 22.95, 22.05, 9999.0, 9.66, 10.0, 21.75, 9999.0, 24.0, 9999.0, 117.57, 127.75, 120.18, 91.23, 138.5
2024-11-07, 03:11:36, 136.43, 58.25, 22.93, 22.05, 9999.0, 9.68, 10.0, 21.75, 9999.0, 24.0, 9999.0, 117.57, 127.75, 120.18, 91.23, 138.5
2024-11-07, 03:11:41, 136.43, 58.25, 22.93, 22.02, 9999.0, 9.7, 10.0, 21.75, 9999.0, 24.0, 9999.0, 117.57, 127.75, 120.16, 91.23, 138.5
2024-11-07, 03:11:45, 136.41, 58.27, 22.93, 22.02, 9999.0, 9.73, 10.0, 21.73, 9999.0, 23.98, 9999.0, 117.59, 127.75, 120.16, 91.23, 138.5
2024-11-07, 03:11:49, 136.41, 58.27, 22.95, 22.02, 9999.0, 9.75, 10.0, 21.7, 9999.0, 23.98, 9999.0, 117.61, 127.75, 120.16, 91.25, 138.5
2024-11-07, 03:11:53, 136.39, 58.27, 22.95, 22.02, 9999.0, 9.77, 10.0, 21.68, 9999.0, 23.98, 9999.0, 117.64, 127.75, 120.16, 91.25, 138.5
2024-11-07, 03:11:57, 136.39, 58.27, 22.93, 22.02, 9999.0, 9.8, 10.0, 21.68, 9999.0, 23.98, 9999.0, 117.66, 127.75, 120.14, 91.25, 138.5
2024-11-07, 03:12:01, 136.39, 58.27, 22.93, 22.02, 9999.0, 9.8, 10.0, 21.66, 9999.0, 23.98, 9999.0, 117.68, 127.75, 120.14, 91.25, 138.5
2024-11-07, 03:12:05, 136.39, 58.27, 22.91, 22.02, 9999.0, 9.8, 10.0, 21.66, 9999.0, 23.98, 9999.0, 117.7, 127.75, 120.14, 91.25, 138.5
2024-11-07, 03:12:09, 136.36, 58.27, 22.93, 22.05, 9999.0, 9.77, 10.0, 21.66, 9999.0, 23.98, 9999.0, 117.73, 127.75, 120.16, 91.25, 138.5
2024-11-07, 03:12:13, 136.39, 58.27, 22.91, 22.02, 9999.0, 9.75, 10.0, 21.66, 9999.0, 23.98, 9999.0, 117.73, 127.75, 120.18, 91.25, 138.5
2024-11-07, 03:12:17, 136.41, 58.27, 22.89, 22.02, 9999.0, 9.73, 10.0, 21.66, 9999.0, 23.98, 9999.0, 117.7, 127.75, 120.2, 91.25, 138.5
2024-11-07, 03:12:21, 136.43, 58.27, 22.91, 22.02, 9999.0, 9.7, 10.0, 21.66, 9999.0, 23.98, 9999.0, 117.68, 127.75, 120.2, 91.25, 138.5
2024-11-07, 03:12:25, 136.41, 58.27, 22.89, 22.02, 9999.0, 9.68, 10.0, 21.64, 9999.0, 23.98, 9999.0, 117.68, 127.75, 120.2, 91.25, 138.5
2024-11-07, 03:12:29, 136.43, 58.25, 22.89, 22.02, 9999.0, 9.66, 10.0, 21.66, 9999.0, 24.0, 9999.0, 117.64, 127.75, 120.18, 91.25, 138.48
2024-11-07, 03:12:33, 136.43, 58.25, 22.86, 22.02, 9999.0, 9.64, 10.0, 21.68, 9999.0, 23.98, 9999.0, 117.61, 127.75, 120.16, 91.25, 138.45
2024-11-07, 03:12:37, 136.45, 58.25, 22.84, 22.02, 9999.0, 9.64, 10.0, 21.68, 9999.0, 23.98, 9999.0, 117.59, 127.75, 120.16, 91.25, 138.45
2024-11-07, 03:12:41, 136.45, 58.25, 22.86, 22.02, 9999.0, 9.64, 10.0, 21.68, 9999.0, 23.95, 9999.0, 117.57, 127.75, 120.18, 91.25, 138.45
2024-11-07, 03:12:45, 136.45, 58.25, 22.86, 22.02, 9999.0, 9.66, 10.0, 21.7, 9999.0, 23.93, 9999.0, 117.55, 127.75, 120.18, 91.25, 138.45
2024-11-07, 03:12:49, 136.43, 58.25, 22.89, 22.02, 9999.0, 9.68, 10.0, 21.7, 9999.0, 23.93, 9999.0, 117.52, 127.75, 120.18, 91.25, 138.45
2024-11-07, 03:12:53, 136.45, 58.25, 22.89, 22.0, 9999.0, 9.7, 10.0, 21.68, 9999.0, 23.93, 9999.0, 117.52, 127.75, 120.18, 91.25, 138.45
2024-11-07, 03:12:57, 136.43, 58.25, 22.91, 22.0, 9999.0, 9.7, 10.0, 21.68, 9999.0, 23.91, 9999.0, 117.55, 127.75, 120.16, 91.25, 138.45
2024-11-07, 03:13:01, 136.41, 58.25, 22.93, 22.0, 9999.0, 9.7, 10.0, 21.66, 9999.0, 23.89, 9999.0, 117.57, 127.75, 120.16, 91.25, 138.45
2024-11-07, 03:13:05, 136.39, 58.25, 22.93, 22.0, 9999.0, 9.73, 10.0, 21.64, 9999.0, 23.86, 9999.0, 117.59, 127.75, 120.16, 91.25, 138.45
2024-11-07, 03:13:09, 136.39, 58.25, 22.95, 22.0, 9999.0, 9.75, 10.0, 21.66, 9999.0, 23.84, 9999.0, 117.61, 127.75, 120.16, 91.25, 138.45
2024-11-07, 03:13:13, 136.36, 58.25, 22.95, 22.0, 9999.0, 9.77, 10.0, 21.64, 9999.0, 23.84, 9999.0, 117.64, 127.75, 120.18, 91.25, 138.48
2024-11-07, 03:13:17, 136.34, 58.25, 22.98, 22.0, 9999.0, 9.8, 10.0, 21.64, 9999.0, 23.86, 9999.0, 117.66, 127.75, 120.18, 91.25, 138.5
2024-11-07, 03:13:21, 136.34, 58.25, 23.0, 22.0, 9999.0, 9.8, 10.0, 21.66, 9999.0, 23.89, 9999.0, 117.68, 127.75, 120.18, 91.25, 138.5
2024-11-07, 03:13:25, 136.34, 58.25, 23.0, 22.0, 9999.0, 9.8, 10.0, 21.66, 9999.0, 23.91, 9999.0, 117.7, 127.75, 120.16, 91.25, 138.5
2024-11-07, 03:13:29, 136.34, 58.25, 23.0, 22.0, 9999.0, 9.77, 10.0, 21.66, 9999.0, 23.95, 9999.0, 117.73, 127.75, 120.14, 91.25, 138.5
2024-11-07, 03:13:33, 136.36, 58.25, 23.0, 22.0, 9999.0, 9.75, 10.0, 21.64, 9999.0, 23.95, 9999.0, 117.75, 127.75, 120.14, 91.25, 138.5
2024-11-07, 03:13:37, 136.34, 58.25, 23.0, 22.0, 9999.0, 9.73, 10.0, 21.66, 9999.0, 23.98, 9999.0, 117.73, 127.75, 120.11, 91.25, 138.5
2024-11-07, 03:13:41, 136.36, 58.25, 23.0, 22.0, 9999.0, 9.7, 10.0, 21.66, 9999.0, 24.02, 9999.0, 117.7, 127.75, 120.14, 91.25, 138.5
2024-11-07, 03:13:45, 136.36, 58.25, 23.0, 22.02, 9999.0, 9.68, 10.0, 21.66, 9999.0, 24.05, 9999.0, 117.68, 127.75, 120.14, 91.25, 138.5
2024-11-07, 03:13:49, 136.36, 58.25, 23.0, 22.02, 9999.0, 9.66, 10.0, 21.68, 9999.0, 24.07, 9999.0, 117.66, 127.75, 120.14, 91.25, 138.5
2024-11-07, 03:13:53, 136.39, 58.25, 22.98, 22.02, 9999.0, 9.66, 10.0, 21.68, 9999.0, 24.09, 9999.0, 117.64, 127.75, 120.16, 91.25, 138.5
2024-11-07, 03:13:57, 136.41, 58.25, 22.95, 22.02, 9999.0, 9.66, 10.0, 21.7, 9999.0, 24.09, 9999.0, 117.61, 127.75, 120.14, 91.25, 138.5
2024-11-07, 03:14:01, 136.41, 58.25, 22.95, 22.02, 9999.0, 9.66, 10.0, 21.7, 9999.0, 24.09, 9999.0, 117.59, 127.75, 120.16, 91.23, 138.5
2024-11-07, 03:14:05, 136.41, 58.25, 22.93, 22.02, 9999.0, 9.66, 10.0, 21.7, 9999.0, 24.07, 9999.0, 117.57, 127.75, 120.14, 91.2, 138.5
2024-11-07, 03:14:09, 136.41, 58.25, 22.93, 22.02, 9999.0, 9.68, 10.0, 21.7, 9999.0, 24.07, 9999.0, 117.57, 127.75, 120.16, 91.2, 138.48
2024-11-07, 03:14:13, 136.41, 58.25, 22.91, 22.02, 9999.0, 9.68, 10.0, 21.7, 9999.0, 24.05, 9999.0, 117.57, 127.75, 120.18, 91.18, 138.48
2024-11-07, 03:14:17, 136.41, 58.25, 22.89, 22.02, 9999.0, 9.68, 10.0, 21.73, 9999.0, 24.05, 9999.0, 117.55, 127.75, 120.16, 91.18, 138.48
2024-11-07, 03:14:21, 136.43, 58.25, 22.89, 22.05, 9999.0, 9.7, 10.0, 21.73, 9999.0, 24.02, 9999.0, 117.57, 127.75, 120.16, 91.18, 138.48
2024-11-07, 03:14:25, 136.43, 58.25, 22.86, 22.05, 9999.0, 9.73, 10.0, 21.73, 9999.0, 24.0, 9999.0, 117.59, 127.75, 120.16, 91.18, 138.48
2024-11-07, 03:14:29, 136.45, 58.25, 22.84, 22.02, 9999.0, 9.75, 10.0, 21.75, 9999.0, 24.0, 9999.0, 117.61, 127.75, 120.16, 91.18, 138.48
2024-11-07, 03:14:33, 136.48, 58.25, 22.84, 22.05, 9999.0, 9.77, 10.0, 21.75, 9999.0, 24.0, 9999.0, 117.64, 127.75, 120.16, 91.18, 138.48
2024-11-07, 03:14:37, 136.48, 58.25, 22.86, 22.05, 9999.0, 9.77, 10.0, 21.73, 9999.0, 24.0, 9999.0, 117.66, 127.75, 120.16, 91.18, 138.48
2024-11-07, 03:14:41, 136.48, 58.25, 22.86, 22.05, 9999.0, 9.77, 10.0, 21.73, 9999.0, 24.02, 9999.0, 117.68, 127.75, 120.18, 91.18, 138.48
2024-11-07, 03:14:45, 136.5, 58.25, 22.84, 22.05, 9999.0, 9.75, 10.0, 21.7, 9999.0, 24.05, 9999.0, 117.7, 127.75, 120.18, 91.2, 138.48
2024-11-07, 03:14:49, 136.5, 58.25, 22.86, 22.05, 9999.0, 9.73, 10.0, 21.68, 9999.0, 24.07, 9999.0, 117.73, 127.75, 120.2, 91.23, 138.48
2024-11-07, 03:14:53, 136.5, 58.25, 22.86, 22.07, 9999.0, 9.68, 10.0, 21.68, 9999.0, 24.07, 9999.0, 117.7, 127.75, 120.18, 91.23, 138.48
2024-11-07, 03:14:57, 136.5, 58.25, 22.86, 22.07, 9999.0, 9.66, 10.0, 21.66, 9999.0, 24.09, 9999.0, 117.7, 127.75, 120.18, 91.23, 138.48
2024-11-07, 03:15:01, 136.5, 58.25, 22.89, 22.07, 9999.0, 9.64, 10.0, 21.66, 9999.0, 24.09, 9999.0, 117.7, 127.75, 120.18, 91.2, 138.45
2024-11-07, 03:15:05, 136.5, 58.25, 22.89, 22.05, 9999.0, 9.61, 10.0, 21.64, 9999.0, 24.09, 9999.0, 117.68, 127.75, 120.2, 91.18, 138.43
2024-11-07, 03:15:09, 136.5, 58.25, 22.91, 22.05, 9999.0, 9.59, 9.98, 21.64, 9999.0, 24.09, 9999.0, 117.66, 127.75, 120.2, 91.18, 138.41
2024-11-07, 03:15:13, 136.5, 58.25, 22.93, 22.05, 9999.0, 9.59, 9.98, 21.64, 9999.0, 24.09, 9999.0, 117.64, 127.75, 120.2, 91.18, 138.39
2024-11-07, 03:15:17, 136.48, 58.25, 22.93, 22.02, 9999.0, 9.59, 9.98, 21.64, 9999.0, 24.09, 9999.0, 117.61, 127.75, 120.2, 91.18, 138.39
2024-11-07, 03:15:21, 136.48, 58.25, 22.91, 22.02, 9999.0, 9.59, 9.98, 21.66, 9999.0, 24.09, 9999.0, 117.59, 127.75, 120.2, 91.16, 138.39
2024-11-07, 03:15:25, 136.48, 58.25, 22.93, 22.02, 9999.0, 9.59, 9.98, 21.66, 9999.0, 24.07, 9999.0, 117.57, 127.75, 120.2, 91.16, 138.36
2024-11-07, 03:15:30, 136.48, 58.25, 22.93, 22.02, 9999.0, 9.61, 9.98, 21.68, 9999.0, 24.05, 9999.0, 117.57, 127.75, 120.2, 91.16, 138.36
2024-11-07, 03:15:34, 136.45, 58.25, 22.93, 22.02, 9999.0, 9.64, 9.98, 21.7, 9999.0, 24.02, 9999.0, 117.55, 127.75, 120.2, 91.14, 138.36
2024-11-07, 03:15:38, 136.45, 58.25, 22.93, 22.0, 9999.0, 9.66, 9.98, 21.68, 9999.0, 24.02, 9999.0, 117.57, 127.75, 120.23, 91.11, 138.39
2024-11-07, 03:15:42, 136.45, 58.25, 22.95, 22.0, 9999.0, 9.68, 9.98, 21.7, 9999.0, 24.0, 9999.0, 117.57, 127.75, 120.23, 91.14, 138.39
2024-11-07, 03:15:46, 136.45, 58.25, 22.93, 22.0, 9999.0, 9.7, 9.98, 21.7, 9999.0, 24.0, 9999.0, 117.59, 127.75, 120.25, 91.16, 138.41
2024-11-07, 03:15:50, 136.45, 58.25, 22.91, 22.0, 9999.0, 9.73, 9.98, 21.73, 9999.0, 24.0, 9999.0, 117.61, 127.75, 120.25, 91.18, 138.41
2024-11-07, 03:15:54, 136.45, 58.25, 22.91, 22.02, 9999.0, 9.73, 10.0, 21.73, 9999.0, 24.0, 9999.0, 117.61, 127.75, 120.23, 91.18, 138.41
2024-11-07, 03:15:58, 136.45, 58.25, 22.91, 22.05, 9999.0, 9.73, 10.0, 21.7, 9999.0, 24.0, 9999.0, 117.64, 127.75, 120.23, 91.18, 138.43
2024-11-07, 03:16:02, 136.48, 58.25, 22.91, 22.05, 9999.0, 9.7, 10.0, 21.7, 9999.0, 24.02, 9999.0, 117.66, 127.75, 120.23, 91.18, 138.41
2024-11-07, 03:16:06, 136.48, 58.25, 22.91, 22.05, 9999.0, 9.68, 10.0, 21.68, 9999.0, 24.05, 9999.0, 117.68, 127.75, 120.23, 91.2, 138.41
2024-11-07, 03:16:10, 136.48, 58.25, 22.89, 22.05, 9999.0, 9.66, 10.0, 21.68, 9999.0, 24.05, 9999.0, 117.68, 127.75, 120.23, 91.2, 138.43
2024-11-07, 03:16:14, 136.48, 58.25, 22.91, 22.05, 9999.0, 9.64, 10.0, 21.68, 9999.0, 24.05, 9999.0, 117.66, 127.75, 120.23, 91.2, 138.43
2024-11-07, 03:16:18, 136.5, 58.25, 22.89, 22.07, 9999.0, 9.61, 10.0, 21.68, 9999.0, 24.07, 9999.0, 117.66, 127.75, 120.23, 91.2, 138.43
2024-11-07, 03:16:22, 136.48, 58.25, 22.89, 22.07, 9999.0, 9.59, 10.0, 21.68, 9999.0, 24.07, 9999.0, 117.64, 127.75, 120.23, 91.23, 138.43
2024-11-07, 03:16:26, 136.45, 58.25, 22.89, 22.07, 9999.0, 9.57, 10.0, 21.68, 9999.0, 24.07, 9999.0, 117.61, 127.75, 120.2, 91.2, 138.41
2024-11-07, 03:16:30, 136.45, 58.25, 22.91, 22.07, 9999.0, 9.55, 10.0, 21.68, 9999.0, 24.07, 9999.0, 117.59, 127.75, 120.2, 91.18, 138.39
2024-11-07, 03:16:34, 136.45, 58.25, 22.93, 22.07, 9999.0, 9.52, 10.0, 21.66, 9999.0, 24.07, 9999.0, 117.57, 127.75, 120.18, 91.18, 138.41
2024-11-07, 03:16:38, 136.43, 58.25, 22.91, 22.05, 9999.0, 9.55, 10.0, 21.66, 9999.0, 24.07, 9999.0, 117.57, 127.75, 120.2, 91.18, 138.43
2024-11-07, 03:16:42, 136.43, 58.25, 22.89, 22.05, 9999.0, 9.55, 10.0, 21.68, 9999.0, 24.09, 9999.0, 117.55, 127.75, 120.18, 91.16, 138.43
2024-11-07, 03:16:46, 136.43, 58.25, 22.89, 22.05, 9999.0, 9.57, 10.0, 21.68, 9999.0, 24.07, 9999.0, 117.52, 127.75, 120.18, 91.14, 138.43
2024-11-07, 03:16:50, 136.43, 58.25, 22.91, 22.05, 9999.0, 9.59, 10.0, 21.68, 9999.0, 24.05, 9999.0, 117.5, 127.75, 120.16, 91.11, 138.41
2024-11-07, 03:16:54, 136.43, 58.25, 22.91, 22.05, 9999.0, 9.61, 10.0, 21.68, 9999.0, 24.05, 9999.0, 117.5, 127.75, 120.16, 91.09, 138.41
2024-11-07, 03:16:58, 136.43, 58.25, 22.91, 22.05, 9999.0, 9.64, 10.0, 21.68, 9999.0, 24.05, 9999.0, 117.52, 127.75, 120.16, 91.09, 138.39
2024-11-07, 03:17:02, 136.41, 58.25, 22.91, 22.02, 9999.0, 9.66, 10.0, 21.68, 9999.0, 24.02, 9999.0, 117.55, 127.75, 120.16, 91.11, 138.39
2024-11-07, 03:17:06, 136.43, 58.25, 22.89, 22.02, 9999.0, 9.68, 10.0, 21.7, 9999.0, 24.02, 9999.0, 117.57, 127.75, 120.16, 91.09, 138.39
2024-11-07, 03:17:10, 136.45, 58.25, 22.89, 22.02, 9999.0, 9.7, 10.0, 21.7, 9999.0, 24.05, 9999.0, 117.59, 127.75, 120.18, 91.11, 138.39
2024-11-07, 03:17:14, 136.45, 58.25, 22.89, 22.02, 9999.0, 9.73, 10.0, 21.7, 9999.0, 24.07, 9999.0, 117.61, 127.75, 120.18, 91.14, 138.41
2024-11-07, 03:17:18, 136.45, 58.25, 22.89, 22.02, 9999.0, 9.75, 10.0, 21.73, 9999.0, 24.09, 9999.0, 117.64, 127.75, 120.2, 91.14, 138.41
2024-11-07, 03:17:22, 136.48, 58.25, 22.91, 22.02, 9999.0, 9.73, 10.0, 21.7, 9999.0, 24.11, 9999.0, 117.66, 127.75, 120.2, 91.11, 138.39
2024-11-07, 03:17:26, 136.48, 58.25, 22.91, 22.0, 9999.0, 9.7, 10.0, 21.7, 9999.0, 24.11, 9999.0, 117.66, 127.75, 120.23, 91.14, 138.39
2024-11-07, 03:17:30, 136.48, 58.25, 22.89, 22.0, 9999.0, 9.68, 10.0, 21.7, 9999.0, 24.11, 9999.0, 117.66, 127.75, 120.2, 91.16, 138.41
2024-11-07, 03:17:34, 136.45, 58.25, 22.86, 22.0, 9999.0, 9.66, 10.0, 21.73, 9999.0, 24.14, 9999.0, 117.66, 127.75, 120.23, 91.16, 138.41
2024-11-07, 03:17:38, 136.43, 58.25, 22.89, 22.0, 9999.0, 9.64, 10.0, 21.73, 9999.0, 24.14, 9999.0, 117.66, 127.75, 120.2, 91.18, 138.39
2024-11-07, 03:17:42, 136.41, 58.25, 22.86, 22.0, 9999.0, 9.61, 10.0, 21.73, 9999.0, 24.14, 9999.0, 117.64, 127.75, 120.18, 91.18, 138.41
2024-11-07, 03:17:46, 136.43, 58.25, 22.89, 22.0, 9999.0, 9.59, 10.0, 21.73, 9999.0, 24.14, 9999.0, 117.61, 127.75, 120.18, 91.18, 138.41
2024-11-07, 03:17:50, 136.43, 58.25, 22.91, 22.0, 9999.0, 9.59, 10.0, 21.73, 9999.0, 24.14, 9999.0, 117.59, 127.75, 120.18, 91.18, 138.41
2024-11-07, 03:17:54, 136.41, 58.25, 22.89, 22.0, 9999.0, 9.59, 10.0, 21.73, 9999.0, 24.11, 9999.0, 117.57, 127.75, 120.16, 91.16, 138.43
2024-11-07, 03:17:58, 136.39, 58.25, 22.86, 22.0, 9999.0, 9.59, 10.0, 21.7, 9999.0, 24.09, 9999.0, 117.55, 127.73, 120.14, 91.14, 138.41
2024-11-07, 03:18:02, 136.39, 58.25, 22.84, 22.0, 9999.0, 9.61, 10.0, 21.7, 9999.0, 24.07, 9999.0, 117.52, 127.7, 120.14, 91.11, 138.39
2024-11-07, 03:18:06, 136.39, 58.25, 22.82, 22.0, 9999.0, 9.64, 10.0, 21.73, 9999.0, 24.05, 9999.0, 117.52, 127.7, 120.14, 91.11, 138.41
2024-11-07, 03:18:10, 136.39, 58.25, 22.82, 22.0, 9999.0, 9.66, 10.0, 21.73, 9999.0, 24.02, 9999.0, 117.52, 127.7, 120.14, 91.09, 138.39
2024-11-07, 03:18:14, 136.36, 58.25, 22.84, 22.0, 9999.0, 9.68, 10.0, 21.7, 9999.0, 24.05, 9999.0, 117.55, 127.7, 120.16, 91.07, 138.39
2024-11-07, 03:18:18, 136.39, 58.25, 22.84, 22.0, 9999.0, 9.7, 10.0, 21.7, 9999.0, 24.02, 9999.0, 117.57, 127.7, 120.16, 91.09, 138.41
2024-11-07, 03:18:22, 136.41, 58.25, 22.82, 22.0, 9999.0, 9.73, 10.0, 21.7, 9999.0, 24.02, 9999.0, 117.59, 127.7, 120.16, 91.09, 138.43
2024-11-07, 03:18:26, 136.43, 58.25, 22.84, 22.0, 9999.0, 9.75, 10.0, 21.7, 9999.0, 24.05, 9999.0, 117.61, 127.7, 120.18, 91.07, 138.43
2024-11-07, 03:18:30, 136.43, 58.25, 22.82, 22.0, 9999.0, 9.77, 10.0, 21.68, 9999.0, 24.05, 9999.0, 117.64, 127.7, 120.18, 91.07, 138.41
2024-11-07, 03:18:34, 136.43, 58.25, 22.82, 22.0, 9999.0, 9.77, 10.0, 21.68, 9999.0, 24.07, 9999.0, 117.66, 127.7, 120.18, 91.09, 138.39
2024-11-07, 03:18:38, 136.45, 58.25, 22.82, 22.0, 9999.0, 9.75, 10.0, 21.68, 9999.0, 24.11, 9999.0, 117.68, 127.7, 120.18, 91.11, 138.36
2024-11-07, 03:18:42, 136.48, 58.25, 22.82, 22.0, 9999.0, 9.73, 10.0, 21.68, 9999.0, 24.16, 9999.0, 117.7, 127.73, 120.2, 91.14, 138.39
2024-11-07, 03:18:46, 136.48, 58.25, 22.82, 22.0, 9999.0, 9.68, 10.0, 21.68, 9999.0, 24.18, 9999.0, 117.73, 127.75, 120.2, 91.14, 138.41
2024-11-07, 03:18:50, 136.48, 58.25, 22.84, 22.0, 9999.0, 9.66, 10.0, 21.68, 9999.0, 24.2, 9999.0, 117.7, 127.75, 120.2, 91.14, 138.39
2024-11-07, 03:18:54, 136.48, 58.25, 22.86, 22.0, 9999.0, 9.64, 10.0, 21.68, 9999.0, 24.23, 9999.0, 117.7, 127.75, 120.18, 91.16, 138.39
2024-11-07, 03:18:58, 136.5, 58.25, 22.86, 22.0, 9999.0, 9.61, 10.0, 21.7, 9999.0, 24.23, 9999.0, 117.68, 127.75, 120.18, 91.18, 138.39
2024-11-07, 03:19:02, 136.5, 58.25, 22.86, 22.0, 9999.0, 9.59, 10.0, 21.7, 9999.0, 24.23, 9999.0, 117.66, 127.75, 120.18, 91.18, 138.36
2024-11-07, 03:19:06, 136.48, 58.25, 22.86, 22.0, 9999.0, 9.57, 10.0, 21.7, 9999.0, 24.25, 9999.0, 117.64, 127.75, 120.2, 91.16, 138.36
2024-11-07, 03:19:10, 136.48, 58.25, 22.84, 22.0, 9999.0, 9.57, 10.0, 21.7, 9999.0, 24.25, 9999.0, 117.61, 127.75, 120.2, 91.16, 138.34
2024-11-07, 03:19:14, 136.48, 58.25, 22.86, 22.0, 9999.0, 9.57, 10.0, 21.7, 9999.0, 24.25, 9999.0, 117.59, 127.75, 120.2, 91.16, 138.36
2024-11-07, 03:19:19, 136.48, 58.25, 22.86, 22.0, 9999.0, 9.57, 10.0, 21.7, 9999.0, 24.25, 9999.0, 117.57, 127.75, 120.2, 91.16, 138.39
2024-11-07, 03:19:23, 136.48, 58.27, 22.86, 22.0, 9999.0, 9.59, 10.0, 21.68, 9999.0, 24.2, 9999.0, 117.55, 127.75, 120.2, 91.16, 138.39
2024-11-07, 03:19:27, 136.48, 58.27, 22.86, 22.0, 9999.0, 9.61, 10.0, 21.7, 9999.0, 24.16, 9999.0, 117.52, 127.75, 120.2, 91.14, 138.36
2024-11-07, 03:19:31, 136.48, 58.27, 22.86, 22.0, 9999.0, 9.64, 10.0, 21.7, 9999.0, 24.14, 9999.0, 117.5, 127.75, 120.2, 91.14, 138.36
2024-11-07, 03:19:35, 136.48, 58.27, 22.84, 22.0, 9999.0, 9.66, 10.0, 21.7, 9999.0, 24.11, 9999.0, 117.52, 127.75, 120.2, 91.14, 138.36
2024-11-07, 03:19:39, 136.48, 58.27, 22.82, 22.0, 9999.0, 9.68, 10.0, 21.7, 9999.0, 24.09, 9999.0, 117.55, 127.75, 120.23, 91.11, 138.36
2024-11-07, 03:19:43, 136.48, 58.3, 22.82, 22.0, 9999.0, 9.7, 10.0, 21.7, 9999.0, 24.07, 9999.0, 117.57, 127.75, 120.23, 91.11, 138.36
2024-11-07, 03:19:47, 136.45, 58.3, 22.82, 22.0, 9999.0, 9.73, 10.0, 21.7, 9999.0, 24.09, 9999.0, 117.59, 127.75, 120.23, 91.11, 138.39
2024-11-07, 03:19:51, 136.48, 58.3, 22.82, 22.0, 9999.0, 9.75, 10.0, 21.68, 9999.0, 24.07, 9999.0, 117.61, 127.75, 120.23, 91.14, 138.36
2024-11-07, 03:19:55, 136.45, 58.3, 22.82, 22.0, 9999.0, 9.75, 10.0, 21.68, 9999.0, 24.07, 9999.0, 117.64, 127.75, 120.23, 91.16, 138.39
2024-11-07, 03:19:59, 136.45, 58.3, 22.8, 22.0, 9999.0, 9.75, 10.0, 21.7, 9999.0, 24.09, 9999.0, 117.66, 127.75, 120.23, 91.16, 138.39
2024-11-07, 03:20:03, 136.45, 58.3, 22.8, 22.0, 9999.0, 9.73, 10.0, 21.68, 9999.0, 24.09, 9999.0, 117.68, 127.75, 120.23, 91.16, 138.39
2024-11-07, 03:20:07, 136.45, 58.27, 22.8, 22.0, 9999.0, 9.7, 10.0, 21.7, 9999.0, 24.11, 9999.0, 117.68, 127.75, 120.23, 91.16, 138.39
2024-11-07, 03:20:11, 136.45, 58.27, 22.82, 22.0, 9999.0, 9.68, 10.0, 21.7, 9999.0, 24.14, 9999.0, 117.68, 127.75, 120.23, 91.18, 138.39
2024-11-07, 03:20:15, 136.45, 58.27, 22.82, 22.0, 9999.0, 9.66, 10.0, 21.68, 9999.0, 24.16, 9999.0, 117.68, 127.75, 120.23, 91.2, 138.36
2024-11-07, 03:20:19, 136.45, 58.27, 22.82, 22.0, 9999.0, 9.64, 10.0, 21.68, 9999.0, 24.18, 9999.0, 117.66, 127.75, 120.23, 91.23, 138.36
2024-11-07, 03:20:23, 136.45, 58.27, 22.82, 22.0, 9999.0, 9.61, 10.0, 21.68, 9999.0, 24.18, 9999.0, 117.64, 127.75, 120.23, 91.23, 138.39
2024-11-07, 03:20:27, 136.45, 58.25, 22.8, 22.0, 9999.0, 9.61, 10.0, 21.68, 9999.0, 24.18, 9999.0, 117.61, 127.75, 120.23, 91.23, 138.39
2024-11-07, 03:20:31, 136.48, 58.25, 22.8, 22.0, 9999.0, 9.61, 10.0, 21.68, 9999.0, 24.16, 9999.0, 117.59, 127.75, 120.23, 91.2, 138.39
2024-11-07, 03:20:35, 136.48, 58.25, 22.8, 22.0, 9999.0, 9.61, 10.0, 21.7, 9999.0, 24.16, 9999.0, 117.57, 127.75, 120.23, 91.2, 138.39
2024-11-07, 03:20:39, 136.5, 58.25, 22.8, 22.0, 9999.0, 9.64, 10.0, 21.7, 9999.0, 24.14, 9999.0, 117.55, 127.75, 120.2, 91.2, 138.39
2024-11-07, 03:20:43, 136.5, 58.25, 22.8, 22.0, 9999.0, 9.64, 10.0, 21.7, 9999.0, 24.11, 9999.0, 117.55, 127.75, 120.2, 91.18, 138.36
2024-11-07, 03:20:47, 136.48, 58.25, 22.77, 22.0, 9999.0, 9.66, 10.0, 21.73, 9999.0, 24.09, 9999.0, 117.55, 127.75, 120.18, 91.16, 138.34
2024-11-07, 03:20:51, 136.48, 58.25, 22.77, 22.0, 9999.0, 9.68, 10.0, 21.73, 9999.0, 24.07, 9999.0, 117.55, 127.75, 120.2, 91.14, 138.34
2024-11-07, 03:20:55, 136.48, 58.25, 22.75, 22.0, 9999.0, 9.7, 10.0, 21.73, 9999.0, 24.05, 9999.0, 117.57, 127.75, 120.2, 91.14, 138.34
2024-11-07, 03:20:59, 136.48, 58.25, 22.77, 22.0, 9999.0, 9.73, 10.0, 21.75, 9999.0, 24.02, 9999.0, 117.59, 127.75, 120.2, 91.14, 138.36
2024-11-07, 03:21:03, 136.48, 58.25, 22.77, 22.0, 9999.0, 9.75, 10.0, 21.75, 9999.0, 24.0, 9999.0, 117.61, 127.75, 120.2, 91.14, 138.36
2024-11-07, 03:21:07, 136.48, 58.25, 22.8, 22.0, 9999.0, 9.77, 10.0, 21.75, 9999.0, 24.0, 9999.0, 117.64, 127.75, 120.2, 91.14, 138.36
2024-11-07, 03:21:11, 136.48, 58.25, 22.8, 22.0, 9999.0, 9.77, 10.0, 21.75, 9999.0, 24.0, 9999.0, 117.66, 127.75, 120.2, 91.11, 138.34
2024-11-07, 03:21:15, 136.48, 58.25, 22.8, 22.0, 9999.0, 9.77, 10.0, 21.75, 9999.0, 24.02, 9999.0, 117.68, 127.75, 120.2, 91.14, 138.32
2024-11-07, 03:21:19, 136.48, 58.25, 22.8, 22.0, 9999.0, 9.77, 10.0, 21.73, 9999.0, 24.05, 9999.0, 117.68, 127.75, 120.2, 91.14, 138.34
2024-11-07, 03:21:23, 136.48, 58.25, 22.8, 22.0, 9999.0, 9.73, 10.0, 21.73, 9999.0, 24.07, 9999.0, 117.7, 127.75, 120.2, 91.14, 138.32
2024-11-07, 03:21:27, 136.48, 58.25, 22.8, 22.0, 9999.0, 9.7, 10.0, 21.73, 9999.0, 24.09, 9999.0, 117.68, 127.75, 120.2, 91.14, 138.32
2024-11-07, 03:21:31, 136.5, 58.25, 22.8, 22.0, 9999.0, 9.68, 10.0, 21.73, 9999.0, 24.09, 9999.0, 117.66, 127.75, 120.2, 91.14, 138.32
2024-11-07, 03:21:35, 136.5, 58.27, 22.8, 22.0, 9999.0, 9.66, 10.0, 21.73, 9999.0, 24.11, 9999.0, 117.66, 127.75, 120.18, 91.14, 138.32
2024-11-07, 03:21:39, 136.5, 58.27, 22.8, 22.0, 9999.0, 9.64, 10.0, 21.7, 9999.0, 24.11, 9999.0, 117.64, 127.75, 120.16, 91.11, 138.32
2024-11-07, 03:21:43, 136.5, 58.27, 22.8, 22.0, 9999.0, 9.61, 10.0, 21.7, 9999.0, 24.11, 9999.0, 117.61, 127.75, 120.16, 91.11, 138.32
2024-11-07, 03:21:47, 136.5, 58.27, 22.8, 22.0, 9999.0, 9.61, 10.0, 21.68, 9999.0, 24.14, 9999.0, 117.59, 127.75, 120.16, 91.11, 138.32
2024-11-07, 03:21:51, 136.5, 58.27, 22.77, 22.0, 9999.0, 9.61, 10.0, 21.68, 9999.0, 24.14, 9999.0, 117.57, 127.75, 120.14, 91.11, 138.3
2024-11-07, 03:21:55, 136.5, 58.27, 22.77, 22.0, 9999.0, 9.61, 10.0, 21.68, 9999.0, 24.14, 9999.0, 117.55, 127.75, 120.11, 91.11, 138.3
2024-11-07, 03:21:59, 136.5, 58.27, 22.77, 22.0, 9999.0, 9.61, 10.0, 21.68, 9999.0, 24.11, 9999.0, 117.52, 127.75, 120.09, 91.11, 138.3
2024-11-07, 03:22:03, 136.5, 58.27, 22.77, 22.0, 9999.0, 9.61, 10.0, 21.7, 9999.0, 24.09, 9999.0, 117.55, 127.75, 120.09, 91.09, 138.27
2024-11-07, 03:22:07, 136.5, 58.27, 22.77, 22.0, 9999.0, 9.64, 10.0, 21.7, 9999.0, 24.07, 9999.0, 117.52, 127.75, 120.11, 91.07, 138.27
2024-11-07, 03:22:11, 136.5, 58.27, 22.77, 22.0, 9999.0, 9.66, 10.0, 21.68, 9999.0, 24.05, 9999.0, 117.55, 127.75, 120.11, 91.09, 138.27
2024-11-07, 03:22:15, 136.5, 58.27, 22.77, 22.0, 9999.0, 9.68, 10.0, 21.68, 9999.0, 24.05, 9999.0, 117.57, 127.75, 120.11, 91.11, 138.27
2024-11-07, 03:22:19, 136.5, 58.25, 22.77, 22.0, 9999.0, 9.7, 10.0, 21.68, 9999.0, 24.02, 9999.0, 117.59, 127.75, 120.14, 91.14, 138.27
2024-11-07, 03:22:23, 136.5, 58.25, 22.77, 22.0, 9999.0, 9.73, 10.0, 21.7, 9999.0, 24.05, 9999.0, 117.61, 127.75, 120.16, 91.16, 138.3
2024-11-07, 03:22:27, 136.5, 58.25, 22.77, 22.0, 9999.0, 9.75, 10.0, 21.7, 9999.0, 24.07, 9999.0, 117.64, 127.75, 120.16, 91.16, 138.27
2024-11-07, 03:22:31, 136.48, 58.25, 22.8, 22.0, 9999.0, 9.75, 10.0, 21.7, 9999.0, 24.07, 9999.0, 117.66, 127.75, 120.14, 91.16, 138.27
2024-11-07, 03:22:35, 136.48, 58.25, 22.82, 22.0, 9999.0, 9.73, 10.0, 21.7, 9999.0, 24.09, 9999.0, 117.68, 127.75, 120.16, 91.18, 138.27
2024-11-07, 03:22:39, 136.48, 58.25, 22.82, 22.0, 9999.0, 9.73, 10.0, 21.7, 9999.0, 24.11, 9999.0, 117.7, 127.75, 120.16, 91.2, 138.27
2024-11-07, 03:22:43, 136.48, 58.25, 22.82, 22.0, 9999.0, 9.7, 10.0, 21.7, 9999.0, 24.14, 9999.0, 117.7, 127.75, 120.16, 91.2, 138.3
2024-11-07, 03:22:47, 136.45, 58.25, 22.82, 22.0, 9999.0, 9.68, 10.0, 21.7, 9999.0, 24.14, 9999.0, 117.68, 127.75, 120.14, 91.2, 138.3
2024-11-07, 03:22:51, 136.45, 58.25, 22.82, 22.0, 9999.0, 9.66, 10.0, 21.7, 9999.0, 24.14, 9999.0, 117.68, 127.75, 120.14, 91.23, 138.3
2024-11-07, 03:22:55, 136.45, 58.25, 22.82, 22.0, 9999.0, 9.64, 10.0, 21.73, 9999.0, 24.14, 9999.0, 117.66, 127.75, 120.11, 91.23, 138.3
2024-11-07, 03:22:59, 136.43, 58.25, 22.82, 22.0, 9999.0, 9.61, 10.0, 21.73, 9999.0, 24.14, 9999.0, 117.64, 127.75, 120.14, 91.23, 138.3
2024-11-07, 03:23:03, 136.43, 58.25, 22.84, 22.0, 9999.0, 9.59, 10.0, 21.7, 9999.0, 24.14, 9999.0, 117.61, 127.75, 120.14, 91.2, 138.32
2024-11-07, 03:23:08, 136.43, 58.27, 22.84, 22.0, 9999.0, 9.59, 10.0, 21.7, 9999.0, 24.11, 9999.0, 117.59, 127.75, 120.11, 91.18, 138.3
2024-11-07, 03:23:12, 136.43, 58.27, 22.82, 22.0, 9999.0, 9.59, 10.0, 21.7, 9999.0, 24.09, 9999.0, 117.57, 127.75, 120.11, 91.18, 138.3
2024-11-07, 03:23:16, 136.45, 58.27, 22.8, 22.0, 9999.0, 9.59, 10.0, 21.73, 9999.0, 24.07, 9999.0, 117.55, 127.75, 120.11, 91.18, 138.3
2024-11-07, 03:23:20, 136.45, 58.27, 22.8, 22.0, 9999.0, 9.64, 10.0, 21.73, 9999.0, 24.02, 9999.0, 117.52, 127.73, 120.09, 91.18, 138.3
2024-11-07, 03:23:24, 136.45, 58.27, 22.8, 22.0, 9999.0, 9.64, 10.0, 21.73, 9999.0, 23.98, 9999.0, 117.5, 127.7, 120.09, 91.18, 138.3
2024-11-07, 03:23:28, 136.43, 58.27, 22.8, 22.0, 9999.0, 9.66, 10.0, 21.73, 9999.0, 23.93, 9999.0, 117.52, 127.7, 120.11, 91.18, 138.3
2024-11-07, 03:23:32, 136.45, 58.27, 22.8, 22.0, 9999.0, 9.68, 10.0, 21.73, 9999.0, 23.91, 9999.0, 117.55, 127.7, 120.14, 91.2, 138.3
2024-11-07, 03:23:36, 136.43, 58.27, 22.82, 22.0, 9999.0, 9.7, 10.0, 21.73, 9999.0, 23.89, 9999.0, 117.57, 127.7, 120.14, 91.2, 138.3
2024-11-07, 03:23:40, 136.43, 58.27, 22.82, 22.0, 9999.0, 9.73, 10.0, 21.73, 9999.0, 23.86, 9999.0, 117.59, 127.7, 120.16, 91.2, 138.3
2024-11-07, 03:23:44, 136.45, 58.27, 22.82, 22.0, 9999.0, 9.75, 10.0, 21.73, 9999.0, 23.86, 9999.0, 117.61, 127.7, 120.16, 91.2, 138.3
2024-11-07, 03:23:48, 136.45, 58.27, 22.8, 22.0, 9999.0, 9.75, 10.0, 21.75, 9999.0, 23.84, 9999.0, 117.64, 127.7, 120.14, 91.23, 138.27
2024-11-07, 03:23:52, 136.45, 58.25, 22.82, 22.0, 9999.0, 9.73, 10.0, 21.75, 9999.0, 23.84, 9999.0, 117.66, 127.7, 120.16, 91.25, 138.3
2024-11-07, 03:23:56, 136.45, 58.25, 22.82, 22.0, 9999.0, 9.73, 10.0, 21.75, 9999.0, 23.84, 9999.0, 117.68, 127.7, 120.14, 91.25, 138.3
2024-11-07, 03:24:00, 136.45, 58.25, 22.82, 22.0, 9999.0, 9.73, 10.0, 21.75, 9999.0, 23.84, 9999.0, 117.7, 127.7, 120.16, 91.23, 138.32
2024-11-07, 03:24:04, 136.45, 58.25, 22.8, 22.0, 9999.0, 9.68, 10.0, 21.75, 9999.0, 23.86, 9999.0, 117.7, 127.73, 120.18, 91.23, 138.32
2024-11-07, 03:24:08, 136.45, 58.25, 22.82, 22.0, 9999.0, 9.66, 10.0, 21.75, 9999.0, 23.89, 9999.0, 117.7, 127.75, 120.18, 91.23, 138.34
2024-11-07, 03:24:12, 136.48, 58.25, 22.84, 22.0, 9999.0, 9.64, 10.0, 21.75, 9999.0, 23.91, 9999.0, 117.68, 127.75, 120.16, 91.23, 138.32
2024-11-07, 03:24:16, 136.45, 58.25, 22.86, 22.0, 9999.0, 9.61, 10.0, 21.73, 9999.0, 23.93, 9999.0, 117.66, 127.75, 120.16, 91.23, 138.32
2024-11-07, 03:24:20, 136.48, 58.25, 22.86, 22.0, 9999.0, 9.59, 10.0, 21.73, 9999.0, 23.93, 9999.0, 117.64, 127.75, 120.16, 91.2, 138.32
2024-11-07, 03:24:24, 136.48, 58.25, 22.86, 22.0, 9999.0, 9.59, 10.0, 21.73, 9999.0, 23.93, 9999.0, 117.61, 127.75, 120.16, 91.2, 138.34
2024-11-07, 03:24:28, 136.48, 58.25, 22.86, 22.0, 9999.0, 9.59, 10.0, 21.73, 9999.0, 23.91, 9999.0, 117.59, 127.75, 120.16, 91.2, 138.36
2024-11-07, 03:24:32, 136.48, 58.27, 22.89, 22.0, 9999.0, 9.61, 10.0, 21.73, 9999.0, 23.91, 9999.0, 117.57, 127.75, 120.16, 91.18, 138.36
2024-11-07, 03:24:36, 136.45, 58.27, 22.86, 22.0, 9999.0, 9.64, 10.0, 21.73, 9999.0, 23.89, 9999.0, 117.55, 127.75, 120.16, 91.18, 138.34
2024-11-07, 03:24:40, 136.43, 58.27, 22.89, 22.0, 9999.0, 9.64, 10.0, 21.73, 9999.0, 23.86, 9999.0, 117.52, 127.73, 120.16, 91.18, 138.34
2024-11-07, 03:24:44, 136.43, 58.27, 22.91, 22.0, 9999.0, 9.64, 10.0, 21.73, 9999.0, 23.84, 9999.0, 117.5, 127.7, 120.16, 91.18, 138.32
2024-11-07, 03:24:48, 136.43, 58.27, 22.93, 22.0, 9999.0, 9.66, 10.0, 21.73, 9999.0, 23.82, 9999.0, 117.5, 127.7, 120.14, 91.16, 138.32
2024-11-07, 03:24:52, 136.43, 58.27, 22.91, 22.0, 9999.0, 9.68, 10.0, 21.73, 9999.0, 23.8, 9999.0, 117.52, 127.7, 120.16, 91.16, 138.3
2024-11-07, 03:24:56, 136.43, 58.27, 22.91, 22.0, 9999.0, 9.7, 10.0, 21.73, 9999.0, 23.77, 9999.0, 117.55, 127.7, 120.18, 91.16, 138.32
2024-11-07, 03:25:00, 136.45, 58.27, 22.91, 22.0, 9999.0, 9.73, 10.0, 21.75, 9999.0, 23.75, 9999.0, 117.57, 127.7, 120.18, 91.16, 138.34
2024-11-07, 03:25:04, 136.45, 58.27, 22.91, 22.0, 9999.0, 9.75, 10.0, 21.75, 9999.0, 23.75, 9999.0, 117.59, 127.7, 120.18, 91.18, 138.34
2024-11-07, 03:25:08, 136.45, 58.27, 22.93, 22.0, 9999.0, 9.75, 10.0, 21.75, 9999.0, 23.75, 9999.0, 117.61, 127.7, 120.18, 91.18, 138.34
2024-11-07, 03:25:12, 136.43, 58.27, 22.93, 22.0, 9999.0, 9.75, 10.0, 21.75, 9999.0, 23.77, 9999.0, 117.64, 127.7, 120.16, 91.18, 138.34
2024-11-07, 03:25:16, 136.43, 58.25, 22.91, 22.0, 9999.0, 9.75, 10.0, 21.75, 9999.0, 23.8, 9999.0, 117.64, 127.7, 120.18, 91.2, 138.36
2024-11-07, 03:25:20, 136.45, 58.25, 22.93, 22.0, 9999.0, 9.75, 10.0, 21.75, 9999.0, 23.82, 9999.0, 117.64, 127.7, 120.16, 91.2, 138.39
2024-11-07, 03:25:24, 136.48, 58.25, 22.91, 22.0, 9999.0, 9.75, 10.0, 21.75, 9999.0, 23.84, 9999.0, 117.64, 127.73, 120.18, 91.2, 138.41
2024-11-07, 03:25:28, 136.45, 58.25, 22.89, 22.02, 9999.0, 9.73, 10.0, 21.75, 9999.0, 23.84, 9999.0, 117.64, 127.75, 120.18, 91.2, 138.43
2024-11-07, 03:25:32, 136.45, 58.25, 22.86, 22.05, 9999.0, 9.7, 10.0, 21.75, 9999.0, 23.84, 9999.0, 117.64, 127.75, 120.2, 91.23, 138.45
2024-11-07, 03:25:36, 136.43, 58.25, 22.86, 22.07, 9999.0, 9.68, 10.0, 21.75, 9999.0, 23.84, 9999.0, 117.61, 127.75, 120.2, 91.2, 138.48
2024-11-07, 03:25:40, 136.41, 58.25, 22.86, 22.07, 9999.0, 9.66, 10.0, 21.75, 9999.0, 23.84, 9999.0, 117.59, 127.75, 120.2, 91.18, 138.48
2024-11-07, 03:25:44, 136.41, 58.25, 22.84, 22.07, 9999.0, 9.66, 10.0, 21.75, 9999.0, 23.84, 9999.0, 117.57, 127.75, 120.2, 91.16, 138.48
2024-11-07, 03:25:48, 136.41, 58.25, 22.84, 22.07, 9999.0, 9.66, 10.0, 21.75, 9999.0, 23.84, 9999.0, 117.55, 127.75, 120.2, 91.14, 138.5
2024-11-07, 03:25:52, 136.41, 58.25, 22.82, 22.07, 9999.0, 9.66, 10.0, 21.75, 9999.0, 23.84, 9999.0, 117.52, 127.75, 120.2, 91.14, 138.5
2024-11-07, 03:25:56, 136.43, 58.25, 22.84, 22.07, 9999.0, 9.68, 10.0, 21.75, 9999.0, 23.8, 9999.0, 117.5, 127.75, 120.23, 91.14, 138.5
2024-11-07, 03:26:00, 136.41, 58.25, 22.84, 22.07, 9999.0, 9.68, 10.0, 21.75, 9999.0, 23.77, 9999.0, 117.5, 127.75, 120.23, 91.14, 138.5
2024-11-07, 03:26:04, 136.41, 58.25, 22.84, 22.07, 9999.0, 9.68, 10.0, 21.75, 9999.0, 23.73, 9999.0, 117.5, 127.75, 120.25, 91.14, 138.5
2024-11-07, 03:26:08, 136.39, 58.25, 22.84, 22.07, 9999.0, 9.68, 10.0, 21.75, 9999.0, 23.68, 9999.0, 117.52, 127.75, 120.25, 91.14, 138.5
2024-11-07, 03:26:12, 136.41, 58.25, 22.86, 22.05, 9999.0, 9.7, 10.0, 21.75, 9999.0, 23.66, 9999.0, 117.55, 127.75, 120.25, 91.16, 138.5
2024-11-07, 03:26:16, 136.41, 58.25, 22.89, 22.02, 9999.0, 9.73, 10.0, 21.75, 9999.0, 23.64, 9999.0, 117.57, 127.75, 120.25, 91.16, 138.5
2024-11-07, 03:26:20, 136.41, 58.25, 22.89, 22.0, 9999.0, 9.75, 10.0, 21.75, 9999.0, 23.64, 9999.0, 117.59, 127.75, 120.25, 91.18, 138.5
2024-11-07, 03:26:24, 136.43, 58.25, 22.89, 22.0, 9999.0, 9.77, 10.0, 21.75, 9999.0, 23.64, 9999.0, 117.61, 127.75, 120.25, 91.2, 138.5
2024-11-07, 03:26:28, 136.43, 58.25, 22.89, 22.0, 9999.0, 9.77, 10.0, 21.75, 9999.0, 23.64, 9999.0, 117.64, 127.75, 120.25, 91.23, 138.5
2024-11-07, 03:26:32, 136.43, 58.25, 22.89, 22.0, 9999.0, 9.77, 10.0, 21.75, 9999.0, 23.66, 9999.0, 117.66, 127.75, 120.25, 91.25, 138.5
2024-11-07, 03:26:36, 136.43, 58.25, 22.91, 22.0, 9999.0, 9.77, 10.0, 21.75, 9999.0, 23.66, 9999.0, 117.68, 127.75, 120.25, 91.25, 138.5
2024-11-07, 03:26:40, 136.43, 58.25, 22.89, 22.0, 9999.0, 9.75, 10.0, 21.75, 9999.0, 23.7, 9999.0, 117.7, 127.75, 120.23, 91.25, 138.5
2024-11-07, 03:26:44, 136.45, 58.25, 22.89, 22.0, 9999.0, 9.75, 10.0, 21.75, 9999.0, 23.7, 9999.0, 117.7, 127.75, 120.23, 91.25, 138.5
2024-11-07, 03:26:48, 136.45, 58.25, 22.86, 22.0, 9999.0, 9.73, 10.0, 21.75, 9999.0, 23.73, 9999.0, 117.7, 127.75, 120.23, 91.25, 138.5
2024-11-07, 03:26:52, 136.48, 58.25, 22.89, 22.0, 9999.0, 9.7, 10.0, 21.75, 9999.0, 23.75, 9999.0, 117.68, 127.75, 120.23, 91.25, 138.5
2024-11-07, 03:26:57, 136.48, 58.25, 22.89, 22.0, 9999.0, 9.68, 10.0, 21.73, 9999.0, 23.77, 9999.0, 117.66, 127.75, 120.23, 91.25, 138.5
2024-11-07, 03:27:01, 136.48, 58.25, 22.89, 22.0, 9999.0, 9.66, 10.0, 21.73, 9999.0, 23.77, 9999.0, 117.64, 127.75, 120.23, 91.25, 138.5
2024-11-07, 03:27:05, 136.5, 58.25, 22.91, 22.0, 9999.0, 9.66, 10.0, 21.73, 9999.0, 23.75, 9999.0, 117.61, 127.75, 120.23, 91.25, 138.5
2024-11-07, 03:27:09, 136.5, 58.25, 22.91, 22.0, 9999.0, 9.66, 10.0, 21.73, 9999.0, 23.73, 9999.0, 117.59, 127.75, 120.23, 91.25, 138.5
2024-11-07, 03:27:13, 136.5, 58.25, 22.93, 22.0, 9999.0, 9.68, 10.0, 21.73, 9999.0, 23.7, 9999.0, 117.57, 127.75, 120.23, 91.25, 138.5
2024-11-07, 03:27:17, 136.5, 58.25, 22.93, 22.0, 9999.0, 9.7, 10.0, 21.73, 9999.0, 23.66, 9999.0, 117.55, 127.75, 120.23, 91.25, 138.5
2024-11-07, 03:27:21, 136.5, 58.25, 22.93, 22.0, 9999.0, 9.73, 10.0, 21.73, 9999.0, 23.66, 9999.0, 117.52, 127.75, 120.23, 91.25, 138.5
2024-11-07, 03:27:25, 136.5, 58.25, 22.95, 22.0, 9999.0, 9.73, 10.0, 21.73, 9999.0, 23.61, 9999.0, 117.5, 127.75, 120.23, 91.23, 138.5
2024-11-07, 03:27:29, 136.5, 58.25, 22.98, 22.0, 9999.0, 9.73, 10.0, 21.73, 9999.0, 23.59, 9999.0, 117.55, 127.75, 120.23, 91.23, 138.5
2024-11-07, 03:27:33, 136.5, 58.25, 23.0, 22.02, 9999.0, 9.75, 10.02, 21.73, 9999.0, 23.59, 9999.0, 117.59, 127.75, 120.23, 91.23, 138.5
2024-11-07, 03:27:37, 136.5, 58.25, 22.98, 22.02, 9999.0, 9.77, 10.02, 21.73, 9999.0, 23.59, 9999.0, 117.61, 127.75, 120.23, 91.23, 138.5
2024-11-07, 03:27:41, 136.5, 58.25, 22.98, 22.05, 9999.0, 9.8, 10.02, 21.75, 9999.0, 23.59, 9999.0, 117.64, 127.75, 120.23, 91.23, 138.5
2024-11-07, 03:27:45, 136.5, 58.25, 22.98, 22.05, 9999.0, 9.82, 10.02, 21.75, 9999.0, 23.61, 9999.0, 117.66, 127.75, 120.23, 91.23, 138.5
2024-11-07, 03:27:49, 136.5, 58.25, 22.98, 22.07, 9999.0, 9.82, 10.02, 21.75, 9999.0, 23.66, 9999.0, 117.68, 127.75, 120.23, 91.23, 138.5
2024-11-07, 03:27:53, 136.5, 58.25, 22.98, 22.09, 9999.0, 9.82, 10.02, 21.75, 9999.0, 23.7, 9999.0, 117.7, 127.75, 120.23, 91.23, 138.5
2024-11-07, 03:27:57, 136.5, 58.25, 22.95, 22.09, 9999.0, 9.8, 10.02, 21.75, 9999.0, 23.75, 9999.0, 117.73, 127.75, 120.23, 91.23, 138.5
2024-11-07, 03:28:01, 136.5, 58.25, 22.95, 22.11, 9999.0, 9.75, 10.02, 21.75, 9999.0, 23.77, 9999.0, 117.75, 127.75, 120.23, 91.23, 138.5
2024-11-07, 03:28:05, 136.5, 58.25, 22.95, 22.14, 9999.0, 9.7, 10.02, 21.75, 9999.0, 23.77, 9999.0, 117.75, 127.75, 120.23, 91.23, 138.5
2024-11-07, 03:28:09, 136.5, 58.25, 22.95, 22.16, 9999.0, 9.68, 10.02, 21.75, 9999.0, 23.8, 9999.0, 117.75, 127.75, 120.25, 91.25, 138.5
2024-11-07, 03:28:13, 136.5, 58.25, 22.95, 22.16, 9999.0, 9.66, 10.02, 21.75, 9999.0, 23.82, 9999.0, 117.7, 127.75, 120.25, 91.25, 138.5
2024-11-07, 03:28:17, 136.5, 58.25, 22.95, 22.14, 9999.0, 9.64, 10.0, 21.75, 9999.0, 23.82, 9999.0, 117.66, 127.75, 120.25, 91.25, 138.5
2024-11-07, 03:28:21, 136.5, 58.25, 22.98, 22.16, 9999.0, 9.64, 10.0, 21.75, 9999.0, 23.82, 9999.0, 117.64, 127.75, 120.25, 91.25, 138.5
2024-11-07, 03:28:25, 136.5, 58.25, 22.98, 22.14, 9999.0, 9.64, 10.0, 21.75, 9999.0, 23.8, 9999.0, 117.61, 127.75, 120.25, 91.25, 138.5
2024-11-07, 03:28:29, 136.48, 58.25, 22.98, 22.16, 9999.0, 9.64, 10.0, 21.75, 9999.0, 23.8, 9999.0, 117.59, 127.75, 120.25, 91.25, 138.5
2024-11-07, 03:28:33, 136.48, 58.25, 22.98, 22.16, 9999.0, 9.66, 10.0, 21.75, 9999.0, 23.75, 9999.0, 117.57, 127.75, 120.25, 91.25, 138.5
2024-11-07, 03:28:37, 136.48, 58.25, 22.98, 22.16, 9999.0, 9.68, 10.0, 21.75, 9999.0, 23.7, 9999.0, 117.57, 127.75, 120.25, 91.25, 138.5
2024-11-07, 03:28:41, 136.45, 58.25, 23.0, 22.16, 9999.0, 9.68, 10.0, 21.75, 9999.0, 23.68, 9999.0, 117.57, 127.75, 120.25, 91.25, 138.5
2024-11-07, 03:28:45, 136.45, 58.25, 23.0, 22.16, 9999.0, 9.7, 10.0, 21.75, 9999.0, 23.66, 9999.0, 117.57, 127.75, 120.23, 91.25, 138.5
2024-11-07, 03:28:49, 136.45, 58.25, 23.0, 22.16, 9999.0, 9.73, 10.0, 21.75, 9999.0, 23.66, 9999.0, 117.61, 127.75, 120.23, 91.25, 138.5
2024-11-07, 03:28:53, 136.45, 58.25, 23.0, 22.14, 9999.0, 9.75, 10.0, 21.75, 9999.0, 23.66, 9999.0, 117.64, 127.75, 120.23, 91.25, 138.5
2024-11-07, 03:28:57, 136.45, 58.25, 23.0, 22.16, 9999.0, 9.77, 10.0, 21.75, 9999.0, 23.66, 9999.0, 117.66, 127.75, 120.23, 91.25, 138.5
2024-11-07, 03:29:01, 136.45, 58.25, 23.0, 22.18, 9999.0, 9.77, 10.0, 21.75, 9999.0, 23.66, 9999.0, 117.68, 127.75, 120.23, 91.25, 138.5
2024-11-07, 03:29:05, 136.45, 58.25, 22.98, 22.16, 9999.0, 9.77, 10.0, 21.75, 9999.0, 23.66, 9999.0, 117.7, 127.75, 120.23, 91.25, 138.5
2024-11-07, 03:29:09, 136.45, 58.25, 22.98, 22.18, 9999.0, 9.77, 10.0, 21.75, 9999.0, 23.7, 9999.0, 117.73, 127.75, 120.23, 91.25, 138.5
2024-11-07, 03:29:13, 136.48, 58.25, 22.98, 22.18, 9999.0, 9.77, 10.0, 21.75, 9999.0, 23.73, 9999.0, 117.75, 127.75, 120.23, 91.25, 138.5
2024-11-07, 03:29:17, 136.48, 58.25, 22.98, 22.18, 9999.0, 9.75, 10.0, 21.75, 9999.0, 23.77, 9999.0, 117.77, 127.75, 120.23, 91.23, 138.5
2024-11-07, 03:29:21, 136.48, 58.25, 22.98, 22.18, 9999.0, 9.73, 10.0, 21.75, 9999.0, 23.82, 9999.0, 117.77, 127.75, 120.23, 91.23, 138.5
2024-11-07, 03:29:25, 136.5, 58.25, 22.98, 22.18, 9999.0, 9.7, 10.0, 21.75, 9999.0, 23.84, 9999.0, 117.75, 127.75, 120.23, 91.23, 138.5
2024-11-07, 03:29:29, 136.48, 58.25, 22.98, 22.16, 9999.0, 9.68, 10.0, 21.75, 9999.0, 23.89, 9999.0, 117.75, 127.75, 120.25, 91.23, 138.5
2024-11-07, 03:29:33, 136.48, 58.25, 22.98, 22.16, 9999.0, 9.66, 10.0, 21.75, 9999.0, 23.91, 9999.0, 117.7, 127.75, 120.25, 91.23, 138.5
2024-11-07, 03:29:37, 136.48, 58.25, 22.98, 22.16, 9999.0, 9.64, 10.0, 21.75, 9999.0, 23.93, 9999.0, 117.68, 127.75, 120.25, 91.23, 138.5
2024-11-07, 03:29:41, 136.48, 58.25, 22.95, 22.16, 9999.0, 9.64, 10.0, 21.75, 9999.0, 23.95, 9999.0, 117.66, 127.75, 120.25, 91.23, 138.5
2024-11-07, 03:29:45, 136.48, 58.25, 22.95, 22.14, 9999.0, 9.66, 10.0, 21.75, 9999.0, 23.95, 9999.0, 117.64, 127.75, 120.25, 91.2, 138.5
2024-11-07, 03:29:49, 136.48, 58.25, 22.98, 22.14, 9999.0, 9.66, 10.0, 21.75, 9999.0, 23.95, 9999.0, 117.61, 127.75, 120.25, 91.2, 138.5
2024-11-07, 03:29:53, 136.45, 58.25, 22.98, 22.14, 9999.0, 9.68, 10.0, 21.75, 9999.0, 23.93, 9999.0, 117.59, 127.75, 120.25, 91.2, 138.5
2024-11-07, 03:29:57, 136.45, 58.25, 22.98, 22.11, 9999.0, 9.68, 10.0, 21.75, 9999.0, 23.91, 9999.0, 117.59, 127.75, 120.25, 91.18, 138.5
2024-11-07, 03:30:01, 136.43, 58.25, 22.98, 22.09, 9999.0, 9.68, 10.0, 21.75, 9999.0, 23.89, 9999.0, 117.57, 127.75, 120.25, 91.2, 138.5
2024-11-07, 03:30:05, 136.43, 58.25, 22.98, 22.09, 9999.0, 9.68, 10.0, 21.75, 9999.0, 23.86, 9999.0, 117.57, 127.75, 120.25, 91.2, 138.5
2024-11-07, 03:30:09, 136.43, 58.25, 22.98, 22.11, 9999.0, 9.7, 10.0, 21.75, 9999.0, 23.84, 9999.0, 117.59, 127.75, 120.25, 91.2, 138.5
2024-11-07, 03:30:13, 136.45, 58.25, 22.98, 22.11, 9999.0, 9.73, 10.0, 21.75, 9999.0, 23.8, 9999.0, 117.59, 127.75, 120.25, 91.2, 138.5
2024-11-07, 03:30:17, 136.45, 58.25, 22.98, 22.09, 9999.0, 9.75, 10.02, 21.75, 9999.0, 23.77, 9999.0, 117.61, 127.75, 120.25, 91.2, 138.5
2024-11-07, 03:30:21, 136.45, 58.25, 22.98, 22.09, 9999.0, 9.77, 10.02, 21.75, 9999.0, 23.75, 9999.0, 117.64, 127.75, 120.25, 91.2, 138.5
2024-11-07, 03:30:25, 136.43, 58.25, 22.98, 22.09, 9999.0, 9.77, 10.02, 21.75, 9999.0, 23.75, 9999.0, 117.66, 127.75, 120.25, 91.2, 138.5
2024-11-07, 03:30:29, 136.43, 58.25, 22.95, 22.09, 9999.0, 9.77, 10.02, 21.75, 9999.0, 23.77, 9999.0, 117.68, 127.75, 120.25, 91.23, 138.5
2024-11-07, 03:30:33, 136.43, 58.25, 22.95, 22.09, 9999.0, 9.77, 10.02, 21.75, 9999.0, 23.8, 9999.0, 117.7, 127.75, 120.25, 91.23, 138.5
2024-11-07, 03:30:37, 136.45, 58.25, 22.95, 22.07, 9999.0, 9.73, 10.02, 21.75, 9999.0, 23.82, 9999.0, 117.7, 127.75, 120.25, 91.23, 138.5
2024-11-07, 03:30:41, 136.43, 58.25, 22.95, 22.07, 9999.0, 9.73, 10.02, 21.75, 9999.0, 23.84, 9999.0, 117.7, 127.75, 120.25, 91.25, 138.5
2024-11-07, 03:30:46, 136.45, 58.25, 22.95, 22.07, 9999.0, 9.73, 10.02, 21.75, 9999.0, 23.86, 9999.0, 117.73, 127.75, 120.25, 91.25, 138.5
2024-11-07, 03:30:50, 136.45, 58.25, 22.95, 22.07, 9999.0, 9.7, 10.02, 21.75, 9999.0, 23.89, 9999.0, 117.7, 127.75, 120.25, 91.25, 138.5
2024-11-07, 03:30:54, 136.45, 58.25, 22.95, 22.05, 9999.0, 9.68, 10.02, 21.75, 9999.0, 23.91, 9999.0, 117.68, 127.75, 120.25, 91.25, 138.5
2024-11-07, 03:30:58, 136.45, 58.25, 22.95, 22.07, 9999.0, 9.66, 10.02, 21.73, 9999.0, 23.95, 9999.0, 117.66, 127.75, 120.25, 91.25, 138.5
2024-11-07, 03:31:02, 136.45, 58.25, 22.95, 22.07, 9999.0, 9.66, 10.0, 21.73, 9999.0, 23.98, 9999.0, 117.64, 127.75, 120.25, 91.25, 138.5
2024-11-07, 03:31:06, 136.45, 58.25, 22.93, 22.07, 9999.0, 9.66, 10.0, 21.73, 9999.0, 23.98, 9999.0, 117.61, 127.75, 120.25, 91.25, 138.5
2024-11-07, 03:31:10, 136.45, 58.25, 22.95, 22.05, 9999.0, 9.68, 10.0, 21.73, 9999.0, 23.98, 9999.0, 117.59, 127.75, 120.25, 91.25, 138.5
2024-11-07, 03:31:14, 136.43, 58.25, 22.98, 22.05, 9999.0, 9.7, 10.0, 21.73, 9999.0, 23.98, 9999.0, 117.57, 127.75, 120.25, 91.25, 138.5
2024-11-07, 03:31:18, 136.43, 58.25, 22.98, 22.05, 9999.0, 9.7, 10.0, 21.73, 9999.0, 23.95, 9999.0, 117.57, 127.75, 120.25, 91.25, 138.5
2024-11-07, 03:31:22, 136.41, 58.25, 22.98, 22.05, 9999.0, 9.75, 10.0, 21.73, 9999.0, 23.95, 9999.0, 117.59, 127.75, 120.23, 91.25, 138.5
2024-11-07, 03:31:26, 136.43, 58.25, 22.98, 22.07, 9999.0, 9.75, 10.0, 21.73, 9999.0, 23.93, 9999.0, 117.59, 127.75, 120.23, 91.25, 138.5
2024-11-07, 03:31:30, 136.43, 58.27, 22.98, 22.07, 9999.0, 9.75, 10.0, 21.73, 9999.0, 23.91, 9999.0, 117.59, 127.75, 120.23, 91.25, 138.5
2024-11-07, 03:31:34, 136.43, 58.27, 22.98, 22.05, 9999.0, 9.77, 10.0, 21.73, 9999.0, 23.89, 9999.0, 117.61, 127.75, 120.23, 91.25, 138.5
2024-11-07, 03:31:38, 136.41, 58.27, 22.95, 22.05, 9999.0, 9.8, 10.0, 21.73, 9999.0, 23.91, 9999.0, 117.64, 127.75, 120.23, 91.25, 138.5
2024-11-07, 03:31:42, 136.41, 58.27, 22.95, 22.02, 9999.0, 9.82, 10.0, 21.75, 9999.0, 23.91, 9999.0, 117.66, 127.75, 120.2, 91.25, 138.5
2024-11-07, 03:31:46, 136.41, 58.27, 22.95, 22.02, 9999.0, 9.82, 10.0, 21.75, 9999.0, 23.91, 9999.0, 117.68, 127.75, 120.2, 91.25, 138.5
2024-11-07, 03:31:50, 136.41, 58.27, 22.95, 22.02, 9999.0, 9.8, 10.0, 21.75, 9999.0, 23.95, 9999.0, 117.7, 127.75, 120.2, 91.25, 138.5
2024-11-07, 03:31:54, 136.43, 58.27, 22.95, 22.02, 9999.0, 9.75, 10.0, 21.75, 9999.0, 23.95, 9999.0, 117.7, 127.75, 120.2, 91.25, 138.5
2024-11-07, 03:31:58, 136.45, 58.27, 22.93, 22.05, 9999.0, 9.73, 10.0, 21.75, 9999.0, 23.95, 9999.0, 117.73, 127.75, 120.2, 91.23, 138.5
2024-11-07, 03:32:02, 136.45, 58.27, 22.93, 22.05, 9999.0, 9.7, 10.0, 21.75, 9999.0, 23.98, 9999.0, 117.73, 127.75, 120.18, 91.2, 138.5
2024-11-07, 03:32:06, 136.48, 58.27, 22.93, 22.05, 9999.0, 9.66, 10.0, 21.75, 9999.0, 23.98, 9999.0, 117.7, 127.75, 120.2, 91.18, 138.5
2024-11-07, 03:32:10, 136.48, 58.27, 22.93, 22.02, 9999.0, 9.64, 10.0, 21.73, 9999.0, 24.0, 9999.0, 117.68, 127.75, 120.2, 91.16, 138.5
2024-11-07, 03:32:14, 136.48, 58.25, 22.93, 22.05, 9999.0, 9.61, 10.0, 21.7, 9999.0, 24.02, 9999.0, 117.66, 127.75, 120.2, 91.16, 138.5
2024-11-07, 03:32:18, 136.48, 58.25, 22.91, 22.07, 9999.0, 9.61, 10.0, 21.7, 9999.0, 24.05, 9999.0, 117.64, 127.75, 120.2, 91.16, 138.5
2024-11-07, 03:32:22, 136.5, 58.25, 22.93, 22.07, 9999.0, 9.61, 10.0, 21.7, 9999.0, 24.02, 9999.0, 117.61, 127.75, 120.2, 91.16, 138.5
2024-11-07, 03:32:26, 136.5, 58.25, 22.93, 22.07, 9999.0, 9.61, 10.0, 21.7, 9999.0, 24.02, 9999.0, 117.59, 127.75, 120.2, 91.14, 138.5
2024-11-07, 03:32:30, 136.5, 58.25, 22.93, 22.07, 9999.0, 9.64, 10.0, 21.7, 9999.0, 24.02, 9999.0, 117.57, 127.75, 120.2, 91.14, 138.5
2024-11-07, 03:32:34, 136.5, 58.25, 22.93, 22.07, 9999.0, 9.66, 10.0, 21.7, 9999.0, 24.0, 9999.0, 117.57, 127.75, 120.2, 91.14, 138.5
2024-11-07, 03:32:38, 136.5, 58.25, 22.91, 22.09, 9999.0, 9.68, 10.0, 21.7, 9999.0, 24.0, 9999.0, 117.57, 127.75, 120.18, 91.14, 138.5
2024-11-07, 03:32:42, 136.5, 58.25, 22.93, 22.09, 9999.0, 9.68, 10.0, 21.7, 9999.0, 23.98, 9999.0, 117.57, 127.75, 120.18, 91.16, 138.5
2024-11-07, 03:32:46, 136.5, 58.25, 22.93, 22.09, 9999.0, 9.7, 10.0, 21.7, 9999.0, 23.95, 9999.0, 117.59, 127.75, 120.2, 91.16, 138.5
2024-11-07, 03:32:50, 136.48, 58.25, 22.93, 22.09, 9999.0, 9.73, 10.0, 21.7, 9999.0, 23.93, 9999.0, 117.61, 127.75, 120.2, 91.18, 138.5
2024-11-07, 03:32:54, 136.48, 58.25, 22.91, 22.11, 9999.0, 9.75, 10.0, 21.73, 9999.0, 23.91, 9999.0, 117.64, 127.75, 120.2, 91.18, 138.5
2024-11-07, 03:32:58, 136.48, 58.25, 22.89, 22.11, 9999.0, 9.77, 10.0, 21.75, 9999.0, 23.91, 9999.0, 117.66, 127.75, 120.2, 91.16, 138.5
2024-11-07, 03:33:02, 136.45, 58.25, 22.91, 22.11, 9999.0, 9.77, 10.0, 21.75, 9999.0, 23.91, 9999.0, 117.68, 127.75, 120.18, 91.16, 138.5
2024-11-07, 03:33:06, 136.45, 58.25, 22.89, 22.14, 9999.0, 9.77, 10.0, 21.75, 9999.0, 23.91, 9999.0, 117.7, 127.75, 120.18, 91.16, 138.5
2024-11-07, 03:33:10, 136.45, 58.27, 22.86, 22.14, 9999.0, 9.75, 10.0, 21.75, 9999.0, 23.91, 9999.0, 117.73, 127.75, 120.2, 91.18, 138.5
2024-11-07, 03:33:14, 136.45, 58.3, 22.86, 22.14, 9999.0, 9.73, 10.0, 21.73, 9999.0, 23.91, 9999.0, 117.73, 127.75, 120.2, 91.18, 138.5
2024-11-07, 03:33:18, 136.45, 58.3, 22.89, 22.14, 9999.0, 9.7, 10.0, 21.73, 9999.0, 23.91, 9999.0, 117.7, 127.75, 120.18, 91.18, 138.5
2024-11-07, 03:33:22, 136.45, 58.3, 22.91, 22.11, 9999.0, 9.68, 10.0, 21.73, 9999.0, 23.91, 9999.0, 117.7, 127.75, 120.2, 91.18, 138.5
2024-11-07, 03:33:26, 136.45, 58.3, 22.89, 22.09, 9999.0, 9.66, 10.0, 21.73, 9999.0, 23.93, 9999.0, 117.68, 127.75, 120.18, 91.18, 138.5
2024-11-07, 03:33:30, 136.43, 58.3, 22.86, 22.09, 9999.0, 9.64, 10.0, 21.73, 9999.0, 23.95, 9999.0, 117.64, 127.75, 120.16, 91.2, 138.5
2024-11-07, 03:33:34, 136.43, 58.3, 22.84, 22.11, 9999.0, 9.61, 10.0, 21.73, 9999.0, 23.98, 9999.0, 117.61, 127.75, 120.16, 91.2, 138.5
2024-11-07, 03:33:38, 136.43, 58.3, 22.86, 22.09, 9999.0, 9.61, 10.0, 21.7, 9999.0, 24.0, 9999.0, 117.59, 127.75, 120.16, 91.23, 138.5
2024-11-07, 03:33:42, 136.43, 58.3, 22.86, 22.07, 9999.0, 9.61, 10.0, 21.7, 9999.0, 24.0, 9999.0, 117.57, 127.75, 120.16, 91.25, 138.5
2024-11-07, 03:33:46, 136.43, 58.3, 22.86, 22.05, 9999.0, 9.61, 10.0, 21.7, 9999.0, 23.98, 9999.0, 117.55, 127.75, 120.18, 91.25, 138.5
2024-11-07, 03:33:50, 136.43, 58.32, 22.86, 22.02, 9999.0, 9.64, 10.0, 21.7, 9999.0, 23.95, 9999.0, 117.52, 127.75, 120.18, 91.25, 138.5
2024-11-07, 03:33:54, 136.41, 58.3, 22.89, 22.02, 9999.0, 9.68, 10.0, 21.7, 9999.0, 23.93, 9999.0, 117.52, 127.75, 120.18, 91.25, 138.5
2024-11-07, 03:33:58, 136.39, 58.27, 22.86, 22.02, 9999.0, 9.68, 10.0, 21.73, 9999.0, 23.91, 9999.0, 117.52, 127.75, 120.18, 91.25, 138.5
2024-11-07, 03:34:02, 136.39, 58.27, 22.86, 22.02, 9999.0, 9.7, 10.0, 21.73, 9999.0, 23.89, 9999.0, 117.55, 127.75, 120.2, 91.25, 138.5
2024-11-07, 03:34:06, 136.39, 58.27, 22.84, 22.02, 9999.0, 9.73, 10.0, 21.73, 9999.0, 23.86, 9999.0, 117.57, 127.75, 120.2, 91.25, 138.5
2024-11-07, 03:34:10, 136.39, 58.3, 22.84, 22.02, 9999.0, 9.75, 10.0, 21.73, 9999.0, 23.84, 9999.0, 117.59, 127.75, 120.23, 91.25, 138.5
2024-11-07, 03:34:14, 136.41, 58.32, 22.84, 22.02, 9999.0, 9.77, 10.0, 21.73, 9999.0, 23.84, 9999.0, 117.61, 127.75, 120.25, 91.25, 138.5
2024-11-07, 03:34:18, 136.41, 58.34, 22.84, 22.0, 9999.0, 9.8, 10.0, 21.73, 9999.0, 23.82, 9999.0, 117.64, 127.75, 120.25, 91.25, 138.5
2024-11-07, 03:34:22, 136.41, 58.34, 22.84, 22.0, 9999.0, 9.8, 10.0, 21.75, 9999.0, 23.82, 9999.0, 117.66, 127.75, 120.25, 91.25, 138.5
2024-11-07, 03:34:26, 136.41, 58.36, 22.86, 22.0, 9999.0, 9.8, 10.0, 21.73, 9999.0, 23.82, 9999.0, 117.68, 127.75, 120.25, 91.25, 138.5
2024-11-07, 03:34:31, 136.43, 58.36, 22.86, 22.0, 9999.0, 9.77, 10.0, 21.73, 9999.0, 23.84, 9999.0, 117.7, 127.75, 120.25, 91.25, 138.5
2024-11-07, 03:34:35, 136.43, 58.36, 22.89, 22.0, 9999.0, 9.73, 10.0, 21.73, 9999.0, 23.86, 9999.0, 117.73, 127.75, 120.25, 91.25, 138.5
2024-11-07, 03:34:39, 136.45, 58.36, 22.89, 22.0, 9999.0, 9.68, 10.0, 21.73, 9999.0, 23.89, 9999.0, 117.73, 127.75, 120.25, 91.25, 138.5
2024-11-07, 03:34:43, 136.48, 58.36, 22.91, 22.0, 9999.0, 9.66, 10.0, 21.73, 9999.0, 23.91, 9999.0, 117.73, 127.75, 120.25, 91.25, 138.5
2024-11-07, 03:34:47, 136.48, 58.39, 22.89, 22.0, 9999.0, 9.64, 10.0, 21.73, 9999.0, 23.93, 9999.0, 117.73, 127.75, 120.25, 91.25, 138.5
2024-11-07, 03:34:51, 136.48, 58.39, 22.89, 22.0, 9999.0, 9.61, 10.0, 21.7, 9999.0, 23.95, 9999.0, 117.7, 127.75, 120.25, 91.25, 138.5
2024-11-07, 03:34:55, 136.45, 58.36, 22.89, 22.02, 9999.0, 9.59, 10.0, 21.7, 9999.0, 23.98, 9999.0, 117.68, 127.75, 120.25, 91.25, 138.5
2024-11-07, 03:34:59, 136.45, 58.36, 22.89, 22.05, 9999.0, 9.59, 10.0, 21.68, 9999.0, 23.98, 9999.0, 117.66, 127.75, 120.25, 91.25, 138.5
2024-11-07, 03:35:03, 136.48, 58.34, 22.89, 22.05, 9999.0, 9.57, 10.0, 21.68, 9999.0, 23.98, 9999.0, 117.64, 127.75, 120.25, 91.25, 138.5
2024-11-07, 03:35:07, 136.48, 58.34, 22.86, 22.05, 9999.0, 9.57, 10.0, 21.68, 9999.0, 23.95, 9999.0, 117.61, 127.75, 120.25, 91.25, 138.5
2024-11-07, 03:35:11, 136.48, 58.32, 22.84, 22.05, 9999.0, 9.59, 10.0, 21.7, 9999.0, 23.93, 9999.0, 117.59, 127.75, 120.25, 91.25, 138.5
2024-11-07, 03:35:15, 136.48, 58.34, 22.82, 22.05, 9999.0, 9.61, 10.0, 21.7, 9999.0, 23.91, 9999.0, 117.59, 127.75, 120.23, 91.25, 138.5
2024-11-07, 03:35:19, 136.48, 58.32, 22.8, 22.05, 9999.0, 9.66, 10.0, 21.7, 9999.0, 23.89, 9999.0, 117.57, 127.75, 120.23, 91.25, 138.5
2024-11-07, 03:35:23, 136.45, 58.34, 22.8, 22.05, 9999.0, 9.68, 10.0, 21.68, 9999.0, 23.86, 9999.0, 117.57, 127.75, 120.23, 91.25, 138.5
2024-11-07, 03:35:27, 136.45, 58.34, 22.77, 22.05, 9999.0, 9.7, 10.0, 21.68, 9999.0, 23.84, 9999.0, 117.59, 127.75, 120.23, 91.25, 138.5
2024-11-07, 03:35:31, 136.45, 58.34, 22.77, 22.05, 9999.0, 9.73, 10.0, 21.68, 9999.0, 23.82, 9999.0, 117.59, 127.75, 120.23, 91.25, 138.5
2024-11-07, 03:35:35, 136.43, 58.34, 22.8, 22.05, 9999.0, 9.75, 10.0, 21.68, 9999.0, 23.82, 9999.0, 117.61, 127.75, 120.23, 91.25, 138.5
2024-11-07, 03:35:39, 136.45, 58.36, 22.8, 22.02, 9999.0, 9.77, 10.0, 21.68, 9999.0, 23.8, 9999.0, 117.64, 127.75, 120.23, 91.25, 138.5
2024-11-07, 03:35:43, 136.45, 58.34, 22.8, 22.0, 9999.0, 9.77, 10.0, 21.7, 9999.0, 23.8, 9999.0, 117.66, 127.75, 120.23, 91.25, 138.5
2024-11-07, 03:35:47, 136.45, 58.36, 22.8, 22.0, 9999.0, 9.8, 10.0, 21.68, 9999.0, 23.84, 9999.0, 117.68, 127.75, 120.23, 91.25, 138.5
2024-11-07, 03:35:51, 136.45, 58.36, 22.8, 22.0, 9999.0, 9.8, 10.0, 21.68, 9999.0, 23.89, 9999.0, 117.7, 127.75, 120.23, 91.25, 138.5
2024-11-07, 03:35:55, 136.45, 58.36, 22.8, 22.0, 9999.0, 9.77, 10.0, 21.68, 9999.0, 23.91, 9999.0, 117.7, 127.75, 120.23, 91.25, 138.5
2024-11-07, 03:35:59, 136.45, 58.34, 22.8, 22.02, 9999.0, 9.77, 10.0, 21.68, 9999.0, 23.93, 9999.0, 117.68, 127.75, 120.25, 91.23, 138.5
2024-11-07, 03:36:03, 136.45, 58.36, 22.82, 22.02, 9999.0, 9.73, 10.0, 21.68, 9999.0, 23.95, 9999.0, 117.68, 127.75, 120.25, 91.23, 138.5
2024-11-07, 03:36:07, 136.48, 58.34, 22.8, 22.02, 9999.0, 9.7, 10.0, 21.7, 9999.0, 23.98, 9999.0, 117.66, 127.75, 120.25, 91.23, 138.5
2024-11-07, 03:36:11, 136.48, 58.34, 22.82, 22.02, 9999.0, 9.68, 10.0, 21.7, 9999.0, 24.0, 9999.0, 117.64, 127.75, 120.25, 91.23, 138.5
2024-11-07, 03:36:15, 136.48, 58.34, 22.82, 22.02, 9999.0, 9.68, 10.0, 21.7, 9999.0, 24.02, 9999.0, 117.61, 127.75, 120.25, 91.23, 138.5
2024-11-07, 03:36:19, 136.5, 58.34, 22.8, 22.02, 9999.0, 9.68, 10.0, 21.73, 9999.0, 24.0, 9999.0, 117.59, 127.75, 120.25, 91.23, 138.5
2024-11-07, 03:36:23, 136.48, 58.32, 22.8, 22.02, 9999.0, 9.68, 10.0, 21.73, 9999.0, 24.02, 9999.0, 117.57, 127.75, 120.25, 91.23, 138.5
2024-11-07, 03:36:27, 136.48, 58.32, 22.8, 22.02, 9999.0, 9.7, 10.0, 21.73, 9999.0, 24.02, 9999.0, 117.55, 127.75, 120.25, 91.23, 138.5
2024-11-07, 03:36:31, 136.48, 58.3, 22.8, 22.02, 9999.0, 9.7, 10.0, 21.75, 9999.0, 24.0, 9999.0, 117.55, 127.75, 120.25, 91.23, 138.5
2024-11-07, 03:36:35, 136.48, 58.3, 22.82, 22.05, 9999.0, 9.7, 10.0, 21.75, 9999.0, 23.98, 9999.0, 117.55, 127.75, 120.23, 91.23, 138.5
2024-11-07, 03:36:39, 136.48, 58.3, 22.82, 22.07, 9999.0, 9.7, 10.0, 21.75, 9999.0, 23.98, 9999.0, 117.57, 127.75, 120.23, 91.23, 138.5
2024-11-07, 03:36:43, 136.48, 58.3, 22.82, 22.05, 9999.0, 9.7, 10.0, 21.75, 9999.0, 23.98, 9999.0, 117.59, 127.75, 120.23, 91.25, 138.5
2024-11-07, 03:36:47, 136.48, 58.27, 22.8, 22.05, 9999.0, 9.73, 10.0, 21.73, 9999.0, 23.98, 9999.0, 117.61, 127.75, 120.23, 91.25, 138.5
2024-11-07, 03:36:51, 136.45, 58.27, 22.8, 22.05, 9999.0, 9.75, 10.0, 21.73, 9999.0, 23.98, 9999.0, 117.64, 127.75, 120.23, 91.25, 138.5
2024-11-07, 03:36:55, 136.45, 58.27, 22.77, 22.05, 9999.0, 9.77, 10.0, 21.73, 9999.0, 23.98, 9999.0, 117.66, 127.75, 120.23, 91.25, 138.5
2024-11-07, 03:36:59, 136.43, 58.25, 22.8, 22.05, 9999.0, 9.77, 10.0, 21.73, 9999.0, 23.98, 9999.0, 117.66, 127.75, 120.23, 91.25, 138.5
2024-11-07, 03:37:03, 136.43, 58.27, 22.8, 22.05, 9999.0, 9.75, 10.0, 21.73, 9999.0, 24.02, 9999.0, 117.68, 127.75, 120.23, 91.25, 138.5
2024-11-07, 03:37:07, 136.45, 58.27, 22.8, 22.05, 9999.0, 9.73, 10.0, 21.7, 9999.0, 24.05, 9999.0, 117.7, 127.75, 120.23, 91.25, 138.5
2024-11-07, 03:37:11, 136.45, 58.27, 22.82, 22.05, 9999.0, 9.68, 10.0, 21.68, 9999.0, 24.07, 9999.0, 117.73, 127.75, 120.23, 91.25, 138.5
2024-11-07, 03:37:15, 136.45, 58.27, 22.84, 22.05, 9999.0, 9.66, 10.0, 21.68, 9999.0, 24.07, 9999.0, 117.7, 127.75, 120.23, 91.25, 138.5
2024-11-07, 03:37:19, 136.43, 58.3, 22.84, 22.02, 9999.0, 9.64, 10.0, 21.68, 9999.0, 24.07, 9999.0, 117.68, 127.75, 120.25, 91.25, 138.5
2024-11-07, 03:37:23, 136.43, 58.32, 22.84, 22.0, 9999.0, 9.61, 10.0, 21.66, 9999.0, 24.07, 9999.0, 117.68, 127.75, 120.25, 91.25, 138.5
2024-11-07, 03:37:27, 136.43, 58.32, 22.84, 22.0, 9999.0, 9.59, 10.0, 21.66, 9999.0, 24.07, 9999.0, 117.66, 127.75, 120.25, 91.25, 138.5
2024-11-07, 03:37:31, 136.41, 58.34, 22.86, 22.0, 9999.0, 9.57, 10.0, 21.68, 9999.0, 24.07, 9999.0, 117.64, 127.75, 120.25, 91.25, 138.5
2024-11-07, 03:37:35, 136.43, 58.34, 22.89, 22.0, 9999.0, 9.57, 10.0, 21.68, 9999.0, 24.07, 9999.0, 117.61, 127.75, 120.25, 91.25, 138.5
2024-11-07, 03:37:39, 136.43, 58.34, 22.89, 22.0, 9999.0, 9.57, 10.0, 21.68, 9999.0, 24.07, 9999.0, 117.59, 127.75, 120.25, 91.25, 138.48
2024-11-07, 03:37:43, 136.45, 58.34, 22.89, 22.0, 9999.0, 9.59, 10.0, 21.68, 9999.0, 24.07, 9999.0, 117.59, 127.75, 120.25, 91.25, 138.48
2024-11-07, 03:37:47, 136.45, 58.32, 22.91, 22.02, 9999.0, 9.64, 10.0, 21.68, 9999.0, 24.05, 9999.0, 117.57, 127.75, 120.25, 91.25, 138.48
2024-11-07, 03:37:51, 136.45, 58.32, 22.91, 22.05, 9999.0, 9.66, 10.0, 21.7, 9999.0, 24.02, 9999.0, 117.57, 127.75, 120.25, 91.25, 138.48
2024-11-07, 03:37:55, 136.45, 58.32, 22.89, 22.05, 9999.0, 9.68, 10.0, 21.73, 9999.0, 24.0, 9999.0, 117.57, 127.75, 120.25, 91.25, 138.48
2024-11-07, 03:37:59, 136.45, 58.32, 22.86, 22.07, 9999.0, 9.7, 10.0, 21.73, 9999.0, 23.98, 9999.0, 117.61, 127.75, 120.25, 91.25, 138.48
2024-11-07, 03:38:03, 136.45, 58.3, 22.84, 22.07, 9999.0, 9.73, 10.0, 21.73, 9999.0, 23.95, 9999.0, 117.64, 127.75, 120.25, 91.25, 138.48
2024-11-07, 03:38:07, 136.45, 58.27, 22.84, 22.07, 9999.0, 9.75, 10.0, 21.75, 9999.0, 23.93, 9999.0, 117.64, 127.75, 120.25, 91.25, 138.48
2024-11-07, 03:38:11, 136.45, 58.3, 22.84, 22.07, 9999.0, 9.77, 10.0, 21.75, 9999.0, 23.93, 9999.0, 117.66, 127.75, 120.25, 91.25, 138.48
2024-11-07, 03:38:16, 136.45, 58.27, 22.84, 22.07, 9999.0, 9.8, 10.0, 21.75, 9999.0, 23.93, 9999.0, 117.68, 127.75, 120.25, 91.25, 138.48
2024-11-07, 03:38:20, 136.45, 58.3, 22.84, 22.07, 9999.0, 9.77, 10.0, 21.75, 9999.0, 23.93, 9999.0, 117.7, 127.75, 120.25, 91.25, 138.48
2024-11-07, 03:38:24, 136.45, 58.3, 22.84, 22.07, 9999.0, 9.77, 10.0, 21.75, 9999.0, 23.95, 9999.0, 117.73, 127.75, 120.25, 91.25, 138.5
2024-11-07, 03:38:28, 136.45, 58.3, 22.84, 22.07, 9999.0, 9.75, 10.0, 21.75, 9999.0, 23.95, 9999.0, 117.75, 127.75, 120.25, 91.25, 138.5
2024-11-07, 03:38:32, 136.45, 58.3, 22.84, 22.05, 9999.0, 9.7, 10.0, 21.75, 9999.0, 23.95, 9999.0, 117.77, 127.75, 120.25, 91.25, 138.5
2024-11-07, 03:38:36, 136.45, 58.3, 22.84, 22.02, 9999.0, 9.68, 10.0, 21.73, 9999.0, 23.98, 9999.0, 117.75, 127.75, 120.25, 91.25, 138.5
2024-11-07, 03:38:40, 136.43, 58.3, 22.86, 22.02, 9999.0, 9.66, 10.0, 21.73, 9999.0, 23.98, 9999.0, 117.73, 127.75, 120.25, 91.25, 138.5
2024-11-07, 03:38:44, 136.41, 58.3, 22.89, 22.0, 9999.0, 9.64, 10.0, 21.73, 9999.0, 24.02, 9999.0, 117.68, 127.75, 120.25, 91.25, 138.5
2024-11-07, 03:38:48, 136.43, 58.3, 22.91, 22.0, 9999.0, 9.61, 10.0, 21.73, 9999.0, 24.07, 9999.0, 117.66, 127.75, 120.25, 91.25, 138.5
2024-11-07, 03:38:52, 136.43, 58.3, 22.93, 22.0, 9999.0, 9.61, 10.0, 21.7, 9999.0, 24.09, 9999.0, 117.64, 127.75, 120.25, 91.25, 138.5
2024-11-07, 03:38:56, 136.43, 58.27, 22.95, 22.0, 9999.0, 9.61, 10.0, 21.7, 9999.0, 24.09, 9999.0, 117.61, 127.75, 120.25, 91.25, 138.5
2024-11-07, 03:39:00, 136.45, 58.27, 22.95, 22.02, 9999.0, 9.61, 10.0, 21.7, 9999.0, 24.09, 9999.0, 117.59, 127.75, 120.25, 91.25, 138.5
2024-11-07, 03:39:04, 136.45, 58.25, 22.93, 22.02, 9999.0, 9.66, 10.0, 21.7, 9999.0, 24.09, 9999.0, 117.57, 127.75, 120.25, 91.25, 138.5
2024-11-07, 03:39:08, 136.45, 58.25, 22.93, 22.02, 9999.0, 9.66, 10.0, 21.7, 9999.0, 24.07, 9999.0, 117.57, 127.75, 120.25, 91.25, 138.5
2024-11-07, 03:39:12, 136.45, 58.25, 22.93, 22.02, 9999.0, 9.66, 10.0, 21.7, 9999.0, 24.07, 9999.0, 117.57, 127.75, 120.23, 91.25, 138.5
2024-11-07, 03:39:16, 136.45, 58.25, 22.91, 22.02, 9999.0, 9.68, 10.0, 21.7, 9999.0, 24.07, 9999.0, 117.55, 127.75, 120.23, 91.25, 138.5
2024-11-07, 03:39:20, 136.45, 58.25, 22.91, 22.05, 9999.0, 9.7, 10.0, 21.73, 9999.0, 24.05, 9999.0, 117.57, 127.75, 120.23, 91.25, 138.5
2024-11-07, 03:39:24, 136.45, 58.25, 22.91, 22.07, 9999.0, 9.73, 10.0, 21.7, 9999.0, 24.02, 9999.0, 117.59, 127.75, 120.23, 91.25, 138.48
2024-11-07, 03:39:28, 136.48, 58.25, 22.91, 22.07, 9999.0, 9.75, 10.0, 21.7, 9999.0, 24.0, 9999.0, 117.61, 127.75, 120.23, 91.25, 138.48
2024-11-07, 03:39:32, 136.48, 58.25, 22.89, 22.07, 9999.0, 9.77, 10.0, 21.7, 9999.0, 23.98, 9999.0, 117.64, 127.75, 120.23, 91.25, 138.48
2024-11-07, 03:39:36, 136.48, 58.27, 22.86, 22.07, 9999.0, 9.77, 10.0, 21.73, 9999.0, 23.98, 9999.0, 117.66, 127.75, 120.23, 91.25, 138.48
2024-11-07, 03:39:40, 136.48, 58.27, 22.86, 22.07, 9999.0, 9.75, 10.0, 21.73, 9999.0, 24.0, 9999.0, 117.68, 127.75, 120.23, 91.25, 138.48
2024-11-07, 03:39:44, 136.48, 58.27, 22.84, 22.05, 9999.0, 9.73, 10.0, 21.73, 9999.0, 24.02, 9999.0, 117.7, 127.75, 120.23, 91.25, 138.48
2024-11-07, 03:39:48, 136.48, 58.27, 22.84, 22.05, 9999.0, 9.68, 10.0, 21.73, 9999.0, 24.05, 9999.0, 117.73, 127.75, 120.2, 91.25, 138.48
2024-11-07, 03:39:52, 136.45, 58.27, 22.84, 22.07, 9999.0, 9.66, 10.0, 21.73, 9999.0, 24.07, 9999.0, 117.73, 127.75, 120.2, 91.25, 138.48
2024-11-07, 03:39:56, 136.45, 58.27, 22.84, 22.07, 9999.0, 9.64, 10.0, 21.73, 9999.0, 24.07, 9999.0, 117.7, 127.75, 120.23, 91.25, 138.48
2024-11-07, 03:40:00, 136.45, 58.27, 22.86, 22.07, 9999.0, 9.61, 10.0, 21.73, 9999.0, 24.07, 9999.0, 117.7, 127.75, 120.23, 91.25, 138.48
2024-11-07, 03:40:04, 136.45, 58.27, 22.89, 22.05, 9999.0, 9.59, 10.0, 21.7, 9999.0, 24.07, 9999.0, 117.68, 127.75, 120.2, 91.25, 138.45
2024-11-07, 03:40:08, 136.48, 58.27, 22.89, 22.02, 9999.0, 9.57, 10.0, 21.7, 9999.0, 24.09, 9999.0, 117.66, 127.75, 120.2, 91.25, 138.48
2024-11-07, 03:40:12, 136.48, 58.27, 22.89, 22.02, 9999.0, 9.57, 10.0, 21.7, 9999.0, 24.09, 9999.0, 117.64, 127.75, 120.2, 91.25, 138.48
2024-11-07, 03:40:16, 136.48, 58.27, 22.91, 22.02, 9999.0, 9.57, 10.0, 21.7, 9999.0, 24.09, 9999.0, 117.61, 127.75, 120.2, 91.25, 138.45
2024-11-07, 03:40:29, 136.48, 58.25, 22.91, 22.02, 9999.0, 9.57, 10.0, 21.7, 9999.0, 24.09, 9999.0, 117.59, 127.75, 120.2, 91.25, 138.45
2024-11-07, 03:40:43, 136.48, 58.25, 22.89, 22.02, 9999.0, 9.59, 10.0, 21.7, 9999.0, 24.07, 9999.0, 117.57, 127.75, 120.2, 91.25, 138.45
2024-11-07, 03:40:47, 136.48, 58.25, 22.91, 22.02, 9999.0, 9.61, 10.0, 21.7, 9999.0, 24.02, 9999.0, 117.57, 127.75, 120.2, 91.25, 138.45
2024-11-07, 03:40:51, 136.48, 58.25, 22.93, 22.02, 9999.0, 9.64, 10.0, 21.7, 9999.0, 24.0, 9999.0, 117.57, 127.75, 120.23, 91.25, 138.45
2024-11-07, 03:40:55, 136.5, 58.25, 22.93, 22.0, 9999.0, 9.66, 10.0, 21.7, 9999.0, 23.98, 9999.0, 117.57, 127.75, 120.23, 91.25, 138.45
2024-11-07, 03:40:59, 136.5, 58.25, 22.91, 22.0, 9999.0, 9.68, 10.0, 21.7, 9999.0, 23.98, 9999.0, 117.59, 127.75, 120.23, 91.25, 138.45
2024-11-07, 03:41:03, 136.5, 58.25, 22.91, 22.0, 9999.0, 9.7, 10.0, 21.7, 9999.0, 23.98, 9999.0, 117.61, 127.75, 120.23, 91.25, 138.45
2024-11-07, 03:41:07, 136.5, 58.25, 22.91, 22.0, 9999.0, 9.73, 10.0, 21.73, 9999.0, 23.98, 9999.0, 117.64, 127.75, 120.25, 91.25, 138.48
2024-11-07, 03:41:11, 136.5, 58.25, 22.89, 22.0, 9999.0, 9.75, 10.0, 21.75, 9999.0, 24.0, 9999.0, 117.66, 127.75, 120.25, 91.25, 138.48
2024-11-07, 03:41:15, 136.48, 58.25, 22.89, 22.0, 9999.0, 9.75, 10.0, 21.73, 9999.0, 24.02, 9999.0, 117.68, 127.75, 120.25, 91.25, 138.48
2024-11-07, 03:41:19, 136.48, 58.25, 22.86, 22.0, 9999.0, 9.73, 10.0, 21.73, 9999.0, 24.07, 9999.0, 117.7, 127.75, 120.25, 91.25, 138.5
2024-11-07, 03:41:23, 136.48, 58.25, 22.89, 22.0, 9999.0, 9.7, 10.0, 21.73, 9999.0, 24.09, 9999.0, 117.73, 127.75, 120.23, 91.25, 138.5
2024-11-07, 03:41:27, 136.48, 58.25, 22.89, 22.0, 9999.0, 9.68, 10.0, 21.73, 9999.0, 24.11, 9999.0, 117.75, 127.75, 120.23, 91.25, 138.5
2024-11-07, 03:41:31, 136.48, 58.25, 22.89, 22.0, 9999.0, 9.66, 10.0, 21.73, 9999.0, 24.16, 9999.0, 117.73, 127.75, 120.2, 91.25, 138.5
2024-11-07, 03:41:35, 136.48, 58.25, 22.89, 22.0, 9999.0, 9.64, 10.0, 21.73, 9999.0, 24.18, 9999.0, 117.7, 127.75, 120.2, 91.25, 138.5
2024-11-07, 03:41:39, 136.48, 58.25, 22.89, 22.0, 9999.0, 9.61, 10.0, 21.73, 9999.0, 24.2, 9999.0, 117.68, 127.75, 120.2, 91.25, 138.5
2024-11-07, 03:41:43, 136.45, 58.25, 22.91, 22.0, 9999.0, 9.59, 10.0, 21.73, 9999.0, 24.23, 9999.0, 117.66, 127.75, 120.2, 91.25, 138.48
2024-11-07, 03:41:47, 136.45, 58.25, 22.91, 22.0, 9999.0, 9.59, 10.0, 21.7, 9999.0, 24.23, 9999.0, 117.64, 127.75, 120.18, 91.25, 138.45
2024-11-07, 03:41:51, 136.45, 58.25, 22.91, 22.0, 9999.0, 9.59, 10.0, 21.7, 9999.0, 24.23, 9999.0, 117.61, 127.75, 120.18, 91.25, 138.43
2024-11-07, 03:41:55, 136.43, 58.25, 22.91, 22.0, 9999.0, 9.59, 10.0, 21.7, 9999.0, 24.2, 9999.0, 117.59, 127.75, 120.18, 91.25, 138.41
2024-11-07, 03:41:59, 136.45, 58.25, 22.89, 22.0, 9999.0, 9.61, 10.0, 21.73, 9999.0, 24.18, 9999.0, 117.57, 127.75, 120.18, 91.25, 138.41
2024-11-07, 03:42:04, 136.45, 58.25, 22.91, 22.0, 9999.0, 9.66, 10.0, 21.73, 9999.0, 24.16, 9999.0, 117.55, 127.75, 120.18, 91.23, 138.39
2024-11-07, 03:42:08, 136.45, 58.25, 22.91, 22.0, 9999.0, 9.68, 10.0, 21.73, 9999.0, 24.14, 9999.0, 117.52, 127.75, 120.2, 91.23, 138.39
2024-11-07, 03:42:12, 136.45, 58.25, 22.91, 22.0, 9999.0, 9.7, 10.0, 21.73, 9999.0, 24.14, 9999.0, 117.52, 127.75, 120.2, 91.23, 138.39
2024-11-07, 03:42:16, 136.45, 58.25, 22.89, 22.0, 9999.0, 9.73, 10.0, 21.73, 9999.0, 24.11, 9999.0, 117.55, 127.75, 120.23, 91.23, 138.39
2024-11-07, 03:42:20, 136.45, 58.25, 22.89, 22.0, 9999.0, 9.75, 10.0, 21.73, 9999.0, 24.09, 9999.0, 117.57, 127.75, 120.2, 91.2, 138.39
2024-11-07, 03:42:24, 136.45, 58.25, 22.89, 22.0, 9999.0, 9.75, 10.0, 21.73, 9999.0, 24.09, 9999.0, 117.59, 127.75, 120.2, 91.2, 138.39
2024-11-07, 03:42:28, 136.48, 58.25, 22.89, 22.0, 9999.0, 9.77, 10.0, 21.73, 9999.0, 24.09, 9999.0, 117.61, 127.75, 120.2, 91.2, 138.41
2024-11-07, 03:42:32, 136.48, 58.25, 22.89, 22.0, 9999.0, 9.77, 10.0, 21.75, 9999.0, 24.11, 9999.0, 117.64, 127.75, 120.23, 91.2, 138.41
2024-11-07, 03:42:36, 136.48, 58.25, 22.86, 22.0, 9999.0, 9.75, 10.0, 21.75, 9999.0, 24.14, 9999.0, 117.66, 127.75, 120.23, 91.2, 138.41
2024-11-07, 03:42:40, 136.5, 58.25, 22.86, 22.0, 9999.0, 9.73, 10.0, 21.75, 9999.0, 24.16, 9999.0, 117.68, 127.75, 120.23, 91.2, 138.43
2024-11-07, 03:42:44, 136.5, 58.25, 22.86, 22.0, 9999.0, 9.68, 10.0, 21.75, 9999.0, 24.18, 9999.0, 117.68, 127.75, 120.23, 91.2, 138.43
2024-11-07, 03:42:48, 136.5, 58.25, 22.84, 22.0, 9999.0, 9.64, 10.0, 21.75, 9999.0, 24.18, 9999.0, 117.68, 127.75, 120.23, 91.23, 138.45
2024-11-07, 03:42:52, 136.5, 58.25, 22.82, 22.0, 9999.0, 9.61, 10.0, 21.75, 9999.0, 24.2, 9999.0, 117.68, 127.75, 120.23, 91.23, 138.45
2024-11-07, 03:42:56, 136.5, 58.25, 22.82, 22.0, 9999.0, 9.59, 10.0, 21.73, 9999.0, 24.2, 9999.0, 117.66, 127.75, 120.23, 91.23, 138.45
2024-11-07, 03:43:00, 136.5, 58.25, 22.82, 22.0, 9999.0, 9.57, 10.0, 21.73, 9999.0, 24.23, 9999.0, 117.64, 127.75, 120.23, 91.23, 138.45
2024-11-07, 03:43:04, 136.5, 58.25, 22.8, 22.0, 9999.0, 9.55, 10.0, 21.73, 9999.0, 24.25, 9999.0, 117.61, 127.75, 120.23, 91.25, 138.45
2024-11-07, 03:43:08, 136.5, 58.25, 22.82, 22.0, 9999.0, 9.57, 10.0, 21.73, 9999.0, 24.25, 9999.0, 117.59, 127.75, 120.23, 91.25, 138.45
2024-11-07, 03:43:12, 136.5, 58.25, 22.8, 22.0, 9999.0, 9.57, 10.0, 21.73, 9999.0, 24.25, 9999.0, 117.57, 127.75, 120.23, 91.23, 138.43
2024-11-07, 03:43:16, 136.5, 58.25, 22.77, 22.02, 9999.0, 9.57, 10.0, 21.73, 9999.0, 24.25, 9999.0, 117.55, 127.75, 120.23, 91.23, 138.45
2024-11-07, 03:43:20, 136.5, 58.25, 22.77, 22.05, 9999.0, 9.61, 10.0, 21.73, 9999.0, 24.25, 9999.0, 117.52, 127.75, 120.23, 91.23, 138.48
2024-11-07, 03:43:24, 136.5, 58.25, 22.77, 22.07, 9999.0, 9.64, 10.0, 21.73, 9999.0, 24.23, 9999.0, 117.5, 127.75, 120.23, 91.23, 138.45
2024-11-07, 03:43:28, 136.5, 58.25, 22.77, 22.09, 9999.0, 9.66, 10.0, 21.73, 9999.0, 24.2, 9999.0, 117.5, 127.75, 120.23, 91.23, 138.43
2024-11-07, 03:43:32, 136.5, 58.25, 22.77, 22.11, 9999.0, 9.68, 10.0, 21.73, 9999.0, 24.18, 9999.0, 117.52, 127.75, 120.23, 91.23, 138.43
2024-11-07, 03:43:36, 136.5, 58.25, 22.77, 22.11, 9999.0, 9.7, 10.0, 21.73, 9999.0, 24.16, 9999.0, 117.57, 127.75, 120.23, 91.23, 138.43
2024-11-07, 03:43:40, 136.5, 58.25, 22.77, 22.11, 9999.0, 9.73, 10.0, 21.75, 9999.0, 24.14, 9999.0, 117.59, 127.75, 120.23, 91.23, 138.41
2024-11-07, 03:43:44, 136.5, 58.25, 22.77, 22.11, 9999.0, 9.75, 10.0, 21.75, 9999.0, 24.14, 9999.0, 117.61, 127.75, 120.23, 91.23, 138.39
2024-11-07, 03:43:48, 136.5, 58.25, 22.77, 22.11, 9999.0, 9.77, 10.0, 21.75, 9999.0, 24.14, 9999.0, 117.64, 127.75, 120.25, 91.23, 138.39
2024-11-07, 03:43:52, 136.5, 58.25, 22.75, 22.11, 9999.0, 9.77, 10.0, 21.75, 9999.0, 24.14, 9999.0, 117.66, 127.75, 120.25, 91.23, 138.36
2024-11-07, 03:43:56, 136.5, 58.25, 22.75, 22.11, 9999.0, 9.75, 10.0, 21.75, 9999.0, 24.16, 9999.0, 117.68, 127.75, 120.23, 91.25, 138.36
2024-11-07, 03:44:00, 136.5, 58.25, 22.75, 22.09, 9999.0, 9.73, 10.0, 21.75, 9999.0, 24.16, 9999.0, 117.68, 127.75, 120.23, 91.25, 138.36
2024-11-07, 03:44:04, 136.5, 58.25, 22.75, 22.07, 9999.0, 9.68, 10.0, 21.75, 9999.0, 24.16, 9999.0, 117.68, 127.75, 120.23, 91.25, 138.34
2024-11-07, 03:44:08, 136.5, 58.25, 22.75, 22.05, 9999.0, 9.66, 10.0, 21.75, 9999.0, 24.18, 9999.0, 117.68, 127.75, 120.23, 91.25, 138.34
2024-11-07, 03:44:12, 136.5, 58.25, 22.75, 22.02, 9999.0, 9.64, 10.0, 21.75, 9999.0, 24.2, 9999.0, 117.68, 127.75, 120.23, 91.25, 138.36
2024-11-07, 03:44:16, 136.5, 58.25, 22.77, 22.0, 9999.0, 9.61, 10.0, 21.75, 9999.0, 24.23, 9999.0, 117.66, 127.75, 120.23, 91.25, 138.34
2024-11-07, 03:44:20, 136.5, 58.25, 22.77, 22.0, 9999.0, 9.59, 10.0, 21.75, 9999.0, 24.25, 9999.0, 117.61, 127.75, 120.23, 91.25, 138.32
2024-11-07, 03:44:24, 136.5, 58.25, 22.8, 22.0, 9999.0, 9.59, 10.0, 21.75, 9999.0, 24.25, 9999.0, 117.59, 127.75, 120.23, 91.25, 138.34
2024-11-07, 03:44:28, 136.48, 58.25, 22.82, 22.0, 9999.0, 9.59, 10.0, 21.75, 9999.0, 24.23, 9999.0, 117.57, 127.75, 120.23, 91.23, 138.34
2024-11-07, 03:44:32, 136.48, 58.25, 22.82, 22.0, 9999.0, 9.59, 10.0, 21.75, 9999.0, 24.2, 9999.0, 117.55, 127.75, 120.23, 91.2, 138.32
2024-11-07, 03:44:36, 136.45, 58.25, 22.82, 22.0, 9999.0, 9.61, 10.0, 21.75, 9999.0, 24.18, 9999.0, 117.52, 127.75, 120.23, 91.18, 138.32
2024-11-07, 03:44:40, 136.45, 58.25, 22.82, 22.0, 9999.0, 9.66, 10.0, 21.75, 9999.0, 24.14, 9999.0, 117.52, 127.75, 120.25, 91.16, 138.32
2024-11-07, 03:44:44, 136.45, 58.25, 22.82, 22.0, 9999.0, 9.68, 10.0, 21.75, 9999.0, 24.11, 9999.0, 117.52, 127.75, 120.25, 91.16, 138.3
2024-11-07, 03:44:48, 136.43, 58.25, 22.82, 22.0, 9999.0, 9.7, 10.0, 21.75, 9999.0, 24.09, 9999.0, 117.52, 127.75, 120.23, 91.16, 138.3
2024-11-07, 03:44:52, 136.41, 58.25, 22.82, 22.0, 9999.0, 9.73, 10.0, 21.75, 9999.0, 24.07, 9999.0, 117.55, 127.75, 120.2, 91.14, 138.32
2024-11-07, 03:44:56, 136.41, 58.25, 22.82, 22.0, 9999.0, 9.75, 10.0, 21.75, 9999.0, 24.02, 9999.0, 117.57, 127.75, 120.2, 91.14, 138.3
2024-11-07, 03:45:00, 136.41, 58.25, 22.8, 22.0, 9999.0, 9.77, 10.0, 21.75, 9999.0, 23.98, 9999.0, 117.59, 127.75, 120.2, 91.14, 138.32
2024-11-07, 03:45:04, 136.41, 58.25, 22.8, 22.0, 9999.0, 9.8, 10.0, 21.75, 9999.0, 23.95, 9999.0, 117.61, 127.75, 120.2, 91.14, 138.32
2024-11-07, 03:45:08, 136.41, 58.25, 22.77, 22.0, 9999.0, 9.8, 10.0, 21.75, 9999.0, 23.95, 9999.0, 117.64, 127.75, 120.18, 91.14, 138.3
2024-11-07, 03:45:12, 136.43, 58.25, 22.77, 22.0, 9999.0, 9.8, 10.0, 21.75, 9999.0, 23.98, 9999.0, 117.66, 127.75, 120.18, 91.16, 138.3
2024-11-07, 03:45:16, 136.43, 58.25, 22.77, 22.0, 9999.0, 9.8, 10.0, 21.75, 9999.0, 24.0, 9999.0, 117.68, 127.75, 120.18, 91.18, 138.3
2024-11-07, 03:45:20, 136.45, 58.25, 22.77, 22.0, 9999.0, 9.75, 10.0, 21.75, 9999.0, 24.02, 9999.0, 117.68, 127.75, 120.18, 91.2, 138.3
2024-11-07, 03:45:24, 136.45, 58.25, 22.8, 22.0, 9999.0, 9.7, 10.0, 21.75, 9999.0, 24.02, 9999.0, 117.66, 127.75, 120.18, 91.23, 138.3
2024-11-07, 03:45:28, 136.45, 58.25, 22.82, 22.0, 9999.0, 9.68, 10.0, 21.75, 9999.0, 24.02, 9999.0, 117.66, 127.75, 120.18, 91.23, 138.3
2024-11-07, 03:45:32, 136.48, 58.25, 22.82, 22.0, 9999.0, 9.66, 10.0, 21.75, 9999.0, 24.02, 9999.0, 117.66, 127.75, 120.2, 91.23, 138.3
2024-11-07, 03:45:36, 136.5, 58.25, 22.82, 22.0, 9999.0, 9.64, 10.0, 21.75, 9999.0, 24.02, 9999.0, 117.66, 127.75, 120.23, 91.25, 138.27
2024-11-07, 03:45:40, 136.5, 58.25, 22.82, 22.0, 9999.0, 9.61, 10.0, 21.75, 9999.0, 24.05, 9999.0, 117.64, 127.75, 120.23, 91.25, 138.27
2024-11-07, 03:45:44, 136.5, 58.27, 22.82, 22.0, 9999.0, 9.61, 10.0, 21.75, 9999.0, 24.07, 9999.0, 117.61, 127.75, 120.23, 91.25, 138.25
2024-11-07, 03:45:48, 136.5, 58.27, 22.84, 22.0, 9999.0, 9.61, 10.0, 21.75, 9999.0, 24.07, 9999.0, 117.59, 127.75, 120.23, 91.25, 138.25
2024-11-07, 03:45:53, 136.5, 58.27, 22.84, 22.0, 9999.0, 9.61, 10.0, 21.75, 9999.0, 24.07, 9999.0, 117.57, 127.75, 120.25, 91.25, 138.25
2024-11-07, 03:45:57, 136.5, 58.27, 22.82, 22.0, 9999.0, 9.64, 10.0, 21.75, 9999.0, 24.05, 9999.0, 117.55, 127.75, 120.25, 91.25, 138.25
2024-11-07, 03:46:01, 136.5, 58.3, 22.82, 22.0, 9999.0, 9.64, 10.0, 21.75, 9999.0, 24.02, 9999.0, 117.55, 127.75, 120.25, 91.25, 138.25
2024-11-07, 03:46:05, 136.5, 58.3, 22.82, 22.0, 9999.0, 9.66, 10.0, 21.75, 9999.0, 24.0, 9999.0, 117.55, 127.75, 120.25, 91.25, 138.27
2024-11-07, 03:46:09, 136.5, 58.32, 22.8, 22.0, 9999.0, 9.68, 10.0, 21.75, 9999.0, 23.98, 9999.0, 117.57, 127.75, 120.25, 91.25, 138.27
2024-11-07, 03:46:13, 136.5, 58.32, 22.77, 22.0, 9999.0, 9.7, 10.0, 21.75, 9999.0, 23.95, 9999.0, 117.59, 127.75, 120.25, 91.25, 138.27
2024-11-07, 03:46:17, 136.5, 58.32, 22.77, 22.0, 9999.0, 9.73, 10.0, 21.75, 9999.0, 23.93, 9999.0, 117.61, 127.75, 120.25, 91.25, 138.27
2024-11-07, 03:46:21, 136.5, 58.32, 22.77, 22.0, 9999.0, 9.75, 10.0, 21.73, 9999.0, 23.93, 9999.0, 117.61, 127.75, 120.25, 91.25, 138.27
2024-11-07, 03:46:25, 136.5, 58.32, 22.77, 22.0, 9999.0, 9.77, 10.0, 21.73, 9999.0, 23.93, 9999.0, 117.64, 127.75, 120.25, 91.25, 138.27
2024-11-07, 03:46:29, 136.5, 58.3, 22.77, 22.0, 9999.0, 9.77, 10.0, 21.73, 9999.0, 23.93, 9999.0, 117.66, 127.75, 120.25, 91.25, 138.27
2024-11-07, 03:46:33, 136.5, 58.3, 22.75, 22.0, 9999.0, 9.77, 10.0, 21.73, 9999.0, 23.95, 9999.0, 117.66, 127.75, 120.25, 91.25, 138.27
2024-11-07, 03:46:37, 136.5, 58.3, 22.75, 22.0, 9999.0, 9.75, 10.0, 21.73, 9999.0, 23.98, 9999.0, 117.68, 127.75, 120.25, 91.25, 138.27
2024-11-07, 03:46:41, 136.5, 58.3, 22.75, 22.0, 9999.0, 9.73, 10.0, 21.7, 9999.0, 24.0, 9999.0, 117.7, 127.75, 120.25, 91.25, 138.27
2024-11-07, 03:46:45, 136.5, 58.27, 22.75, 22.0, 9999.0, 9.7, 10.0, 21.7, 9999.0, 24.0, 9999.0, 117.68, 127.75, 120.25, 91.25, 138.27
2024-11-07, 03:46:49, 136.5, 58.27, 22.77, 22.0, 9999.0, 9.68, 10.0, 21.7, 9999.0, 24.02, 9999.0, 117.68, 127.75, 120.25, 91.25, 138.25
2024-11-07, 03:46:53, 136.5, 58.25, 22.77, 22.0, 9999.0, 9.66, 10.0, 21.7, 9999.0, 24.07, 9999.0, 117.66, 127.75, 120.25, 91.25, 138.27
2024-11-07, 03:46:57, 136.5, 58.25, 22.8, 22.0, 9999.0, 9.64, 10.0, 21.7, 9999.0, 24.09, 9999.0, 117.64, 127.75, 120.25, 91.25, 138.3
2024-11-07, 03:47:01, 136.5, 58.25, 22.8, 22.0, 9999.0, 9.61, 10.0, 21.68, 9999.0, 24.11, 9999.0, 117.61, 127.75, 120.25, 91.25, 138.3
2024-11-07, 03:47:05, 136.5, 58.25, 22.8, 22.0, 9999.0, 9.61, 10.0, 21.7, 9999.0, 24.11, 9999.0, 117.59, 127.75, 120.25, 91.25, 138.3
2024-11-07, 03:47:09, 136.48, 58.25, 22.8, 22.0, 9999.0, 9.61, 10.0, 21.7, 9999.0, 24.11, 9999.0, 117.57, 127.75, 120.25, 91.25, 138.3
2024-11-07, 03:47:13, 136.48, 58.25, 22.8, 22.0, 9999.0, 9.61, 10.0, 21.7, 9999.0, 24.11, 9999.0, 117.55, 127.75, 120.25, 91.23, 138.3
2024-11-07, 03:47:17, 136.48, 58.25, 22.8, 22.0, 9999.0, 9.61, 10.0, 21.7, 9999.0, 24.09, 9999.0, 117.55, 127.75, 120.25, 91.23, 138.3
2024-11-07, 03:47:21, 136.48, 58.25, 22.8, 22.0, 9999.0, 9.66, 10.0, 21.7, 9999.0, 24.07, 9999.0, 117.55, 127.75, 120.23, 91.23, 138.3
2024-11-07, 03:47:25, 136.48, 58.25, 22.8, 22.0, 9999.0, 9.66, 10.0, 21.73, 9999.0, 24.02, 9999.0, 117.52, 127.73, 120.2, 91.23, 138.3
2024-11-07, 03:47:29, 136.48, 58.25, 22.8, 22.0, 9999.0, 9.68, 10.0, 21.73, 9999.0, 24.0, 9999.0, 117.55, 127.73, 120.2, 91.23, 138.3
2024-11-07, 03:47:33, 136.48, 58.25, 22.77, 22.0, 9999.0, 9.7, 10.0, 21.73, 9999.0, 23.98, 9999.0, 117.57, 127.73, 120.2, 91.23, 138.3
2024-11-07, 03:47:37, 136.48, 58.25, 22.77, 22.0, 9999.0, 9.73, 10.0, 21.73, 9999.0, 23.93, 9999.0, 117.59, 127.73, 120.2, 91.23, 138.3
2024-11-07, 03:47:41, 136.48, 58.25, 22.75, 22.0, 9999.0, 9.75, 10.0, 21.73, 9999.0, 23.93, 9999.0, 117.61, 127.73, 120.2, 91.23, 138.3
2024-11-07, 03:47:45, 136.48, 58.25, 22.75, 22.0, 9999.0, 9.77, 10.0, 21.75, 9999.0, 23.93, 9999.0, 117.64, 127.73, 120.2, 91.23, 138.3
2024-11-07, 03:47:49, 136.48, 58.25, 22.75, 22.0, 9999.0, 9.77, 10.0, 21.75, 9999.0, 23.95, 9999.0, 117.64, 127.73, 120.2, 91.23, 138.3
2024-11-07, 03:47:53, 136.5, 58.25, 22.75, 22.0, 9999.0, 9.77, 10.0, 21.75, 9999.0, 23.98, 9999.0, 117.66, 127.73, 120.2, 91.23, 138.3
2024-11-07, 03:47:57, 136.48, 58.25, 22.75, 22.0, 9999.0, 9.75, 10.0, 21.75, 9999.0, 23.98, 9999.0, 117.68, 127.73, 120.2, 91.25, 138.3
2024-11-07, 03:48:01, 136.48, 58.25, 22.77, 22.0, 9999.0, 9.75, 10.0, 21.75, 9999.0, 23.98, 9999.0, 117.68, 127.73, 120.2, 91.25, 138.3
2024-11-07, 03:48:05, 136.48, 58.25, 22.77, 22.0, 9999.0, 9.7, 10.0, 21.75, 9999.0, 23.98, 9999.0, 117.66, 127.73, 120.23, 91.25, 138.3
2024-11-07, 03:48:09, 136.45, 58.25, 22.77, 22.0, 9999.0, 9.68, 10.0, 21.75, 9999.0, 24.0, 9999.0, 117.66, 127.75, 120.25, 91.25, 138.32
2024-11-07, 03:48:13, 136.45, 58.25, 22.77, 22.0, 9999.0, 9.66, 10.0, 21.75, 9999.0, 24.02, 9999.0, 117.64, 127.75, 120.25, 91.25, 138.32
2024-11-07, 03:48:17, 136.45, 58.25, 22.77, 22.0, 9999.0, 9.64, 10.0, 21.75, 9999.0, 24.02, 9999.0, 117.61, 127.75, 120.25, 91.25, 138.32
2024-11-07, 03:48:21, 136.45, 58.25, 22.77, 22.0, 9999.0, 9.64, 10.0, 21.75, 9999.0, 24.05, 9999.0, 117.59, 127.75, 120.25, 91.25, 138.3
2024-11-07, 03:48:25, 136.45, 58.25, 22.8, 22.0, 9999.0, 9.64, 10.0, 21.75, 9999.0, 24.05, 9999.0, 117.57, 127.75, 120.25, 91.25, 138.27
2024-11-07, 03:48:29, 136.45, 58.25, 22.8, 22.0, 9999.0, 9.64, 10.0, 21.75, 9999.0, 24.02, 9999.0, 117.55, 127.75, 120.25, 91.25, 138.27
2024-11-07, 03:48:33, 136.45, 58.25, 22.8, 22.0, 9999.0, 9.66, 10.0, 21.75, 9999.0, 23.98, 9999.0, 117.55, 127.75, 120.23, 91.25, 138.27
2024-11-07, 03:48:37, 136.45, 58.25, 22.8, 22.0, 9999.0, 9.66, 10.0, 21.75, 9999.0, 23.93, 9999.0, 117.52, 127.75, 120.23, 91.25, 138.27
2024-11-07, 03:48:41, 136.48, 58.25, 22.8, 22.0, 9999.0, 9.68, 10.0, 21.75, 9999.0, 23.91, 9999.0, 117.5, 127.75, 120.23, 91.25, 138.27
2024-11-07, 03:48:45, 136.48, 58.25, 22.8, 22.0, 9999.0, 9.68, 10.0, 21.75, 9999.0, 23.89, 9999.0, 117.52, 127.75, 120.23, 91.25, 138.27
2024-11-07, 03:48:49, 136.45, 58.25, 22.8, 22.0, 9999.0, 9.7, 10.0, 21.75, 9999.0, 23.86, 9999.0, 117.55, 127.75, 120.23, 91.25, 138.3
2024-11-07, 03:48:53, 136.48, 58.25, 22.82, 22.0, 9999.0, 9.73, 10.0, 21.75, 9999.0, 23.84, 9999.0, 117.59, 127.75, 120.23, 91.25, 138.3
2024-11-07, 03:48:57, 136.48, 58.25, 22.82, 22.0, 9999.0, 9.75, 10.0, 21.75, 9999.0, 23.82, 9999.0, 117.61, 127.75, 120.23, 91.25, 138.32
2024-11-07, 03:49:01, 136.48, 58.25, 22.84, 22.0, 9999.0, 9.77, 10.0, 21.75, 9999.0, 23.8, 9999.0, 117.64, 127.75, 120.23, 91.25, 138.32
2024-11-07, 03:49:05, 136.48, 58.25, 22.86, 22.0, 9999.0, 9.77, 10.0, 21.75, 9999.0, 23.77, 9999.0, 117.66, 127.75, 120.23, 91.25, 138.32
2024-11-07, 03:49:09, 136.48, 58.25, 22.84, 22.0, 9999.0, 9.77, 10.0, 21.75, 9999.0, 23.77, 9999.0, 117.68, 127.75, 120.23, 91.25, 138.34
2024-11-07, 03:49:13, 136.45, 58.25, 22.84, 22.0, 9999.0, 9.75, 10.0, 21.75, 9999.0, 23.8, 9999.0, 117.7, 127.75, 120.23, 91.25, 138.36
2024-11-07, 03:49:17, 136.45, 58.25, 22.86, 22.0, 9999.0, 9.7, 10.0, 21.75, 9999.0, 23.82, 9999.0, 117.73, 127.75, 120.25, 91.25, 138.39
2024-11-07, 03:49:21, 136.45, 58.25, 22.89, 22.0, 9999.0, 9.68, 10.0, 21.75, 9999.0, 23.84, 9999.0, 117.73, 127.75, 120.25, 91.25, 138.39
2024-11-07, 03:49:25, 136.45, 58.25, 22.89, 22.0, 9999.0, 9.66, 10.0, 21.75, 9999.0, 23.86, 9999.0, 117.73, 127.75, 120.25, 91.25, 138.39
2024-11-07, 03:49:29, 136.45, 58.25, 22.86, 22.0, 9999.0, 9.64, 10.0, 21.75, 9999.0, 23.89, 9999.0, 117.7, 127.75, 120.25, 91.25, 138.39
2024-11-07, 03:49:33, 136.48, 58.25, 22.86, 22.0, 9999.0, 9.61, 10.0, 21.75, 9999.0, 23.89, 9999.0, 117.68, 127.75, 120.25, 91.25, 138.39
2024-11-07, 03:49:37, 136.48, 58.25, 22.84, 22.0, 9999.0, 9.59, 10.0, 21.75, 9999.0, 23.89, 9999.0, 117.64, 127.75, 120.25, 91.25, 138.39
2024-11-07, 03:49:42, 136.48, 58.25, 22.84, 22.0, 9999.0, 9.59, 10.0, 21.75, 9999.0, 23.89, 9999.0, 117.61, 127.75, 120.25, 91.25, 138.39
2024-11-07, 03:49:46, 136.48, 58.25, 22.82, 22.0, 9999.0, 9.59, 10.0, 21.75, 9999.0, 23.89, 9999.0, 117.59, 127.75, 120.25, 91.25, 138.39
2024-11-07, 03:49:50, 136.45, 58.25, 22.82, 22.0, 9999.0, 9.59, 10.0, 21.75, 9999.0, 23.89, 9999.0, 117.57, 127.75, 120.25, 91.25, 138.41
2024-11-07, 03:49:54, 136.43, 58.25, 22.82, 22.0, 9999.0, 9.61, 10.0, 21.75, 9999.0, 23.86, 9999.0, 117.55, 127.75, 120.25, 91.25, 138.41
2024-11-07, 03:49:58, 136.45, 58.25, 22.84, 22.0, 9999.0, 9.64, 10.0, 21.75, 9999.0, 23.84, 9999.0, 117.52, 127.75, 120.25, 91.25, 138.39
2024-11-07, 03:50:02, 136.43, 58.25, 22.82, 22.0, 9999.0, 9.66, 10.0, 21.75, 9999.0, 23.82, 9999.0, 117.5, 127.75, 120.25, 91.25, 138.39
2024-11-07, 03:50:06, 136.43, 58.25, 22.82, 22.0, 9999.0, 9.68, 10.0, 21.75, 9999.0, 23.8, 9999.0, 117.5, 127.75, 120.25, 91.25, 138.39
2024-11-07, 03:50:10, 136.43, 58.25, 22.82, 22.0, 9999.0, 9.7, 10.0, 21.75, 9999.0, 23.75, 9999.0, 117.52, 127.75, 120.25, 91.25, 138.41
2024-11-07, 03:50:14, 136.43, 58.25, 22.84, 22.0, 9999.0, 9.73, 10.0, 21.75, 9999.0, 23.7, 9999.0, 117.55, 127.75, 120.25, 91.25, 138.43
2024-11-07, 03:50:18, 136.43, 58.25, 22.86, 22.0, 9999.0, 9.75, 10.0, 21.75, 9999.0, 23.68, 9999.0, 117.57, 127.75, 120.25, 91.25, 138.43
2024-11-07, 03:50:22, 136.43, 58.25, 22.89, 22.0, 9999.0, 9.77, 10.0, 21.75, 9999.0, 23.68, 9999.0, 117.59, 127.75, 120.25, 91.25, 138.43
2024-11-07, 03:50:26, 136.43, 58.25, 22.89, 22.0, 9999.0, 9.77, 10.0, 21.73, 9999.0, 23.68, 9999.0, 117.61, 127.75, 120.25, 91.25, 138.43
2024-11-07, 03:50:37, 136.43, 58.25, 22.91, 22.02, 9999.0, 9.75, 10.0, 21.73, 9999.0, 23.7, 9999.0, 117.64, 127.75, 120.25, 91.25, 138.45
2024-11-07, 03:50:41, 136.43, 58.25, 22.89, 22.05, 9999.0, 9.75, 10.0, 21.73, 9999.0, 23.73, 9999.0, 117.66, 127.75, 120.25, 91.25, 138.45
2024-11-07, 03:50:45, 136.45, 58.25, 22.91, 22.05, 9999.0, 9.73, 10.0, 21.73, 9999.0, 23.75, 9999.0, 117.68, 127.75, 120.25, 91.25, 138.45
2024-11-07, 03:50:49, 136.43, 58.25, 22.91, 22.05, 9999.0, 9.7, 10.0, 21.73, 9999.0, 23.77, 9999.0, 117.68, 127.75, 120.25, 91.25, 138.48
2024-11-07, 03:50:53, 136.45, 58.25, 22.93, 22.05, 9999.0, 9.68, 10.0, 21.73, 9999.0, 23.77, 9999.0, 117.68, 127.75, 120.25, 91.25, 138.48
2024-11-07, 03:50:57, 136.45, 58.25, 22.93, 22.05, 9999.0, 9.66, 10.0, 21.73, 9999.0, 23.77, 9999.0, 117.7, 127.75, 120.25, 91.25, 138.5
2024-11-07, 03:51:01, 136.45, 58.25, 22.95, 22.05, 9999.0, 9.64, 10.0, 21.73, 9999.0, 23.77, 9999.0, 117.68, 127.75, 120.25, 91.25, 138.5
2024-11-07, 03:51:05, 136.45, 58.25, 22.95, 22.05, 9999.0, 9.61, 10.0, 21.73, 9999.0, 23.77, 9999.0, 117.66, 127.75, 120.25, 91.25, 138.5
2024-11-07, 03:51:09, 136.43, 58.25, 22.93, 22.05, 9999.0, 9.61, 10.0, 21.73, 9999.0, 23.77, 9999.0, 117.64, 127.75, 120.25, 91.25, 138.5
2024-11-07, 03:51:13, 136.41, 58.25, 22.91, 22.05, 9999.0, 9.61, 10.0, 21.73, 9999.0, 23.75, 9999.0, 117.61, 127.75, 120.25, 91.25, 138.5
2024-11-07, 03:51:17, 136.41, 58.25, 22.93, 22.05, 9999.0, 9.61, 10.0, 21.75, 9999.0, 23.73, 9999.0, 117.59, 127.75, 120.25, 91.25, 138.5
2024-11-07, 03:51:21, 136.41, 58.25, 22.93, 22.02, 9999.0, 9.66, 10.0, 21.75, 9999.0, 23.68, 9999.0, 117.57, 127.75, 120.25, 91.25, 138.5
2024-11-07, 03:51:25, 136.43, 58.25, 22.93, 22.0, 9999.0, 9.66, 10.0, 21.75, 9999.0, 23.64, 9999.0, 117.57, 127.75, 120.25, 91.25, 138.5
2024-11-07, 03:51:29, 136.43, 58.25, 22.93, 22.0, 9999.0, 9.68, 10.0, 21.75, 9999.0, 23.59, 9999.0, 117.55, 127.75, 120.25, 91.25, 138.5
2024-11-07, 03:51:33, 136.45, 58.25, 22.91, 22.0, 9999.0, 9.7, 10.0, 21.75, 9999.0, 23.55, 9999.0, 117.57, 127.75, 120.25, 91.25, 138.5
2024-11-07, 03:51:37, 136.45, 58.25, 22.91, 22.0, 9999.0, 9.73, 10.0, 21.75, 9999.0, 23.52, 9999.0, 117.59, 127.75, 120.25, 91.25, 138.5
2024-11-07, 03:51:41, 136.45, 58.25, 22.91, 22.0, 9999.0, 9.75, 10.0, 21.75, 9999.0, 23.5, 9999.0, 117.59, 127.75, 120.25, 91.25, 138.5
2024-11-07, 03:51:45, 136.45, 58.25, 22.91, 22.0, 9999.0, 9.77, 10.0, 21.75, 9999.0, 23.52, 9999.0, 117.61, 127.75, 120.25, 91.25, 138.5
2024-11-07, 03:51:49, 136.43, 58.25, 22.91, 22.0, 9999.0, 9.8, 10.0, 21.75, 9999.0, 23.55, 9999.0, 117.64, 127.75, 120.25, 91.25, 138.5
2024-11-07, 03:51:53, 136.45, 58.25, 22.93, 22.0, 9999.0, 9.8, 10.0, 21.75, 9999.0, 23.55, 9999.0, 117.66, 127.75, 120.25, 91.25, 138.5
2024-11-07, 03:51:57, 136.48, 58.25, 22.95, 22.0, 9999.0, 9.8, 10.0, 21.75, 9999.0, 23.57, 9999.0, 117.68, 127.75, 120.25, 91.25, 138.5
2024-11-07, 03:52:01, 136.48, 58.25, 22.95, 22.0, 9999.0, 9.77, 10.0, 21.75, 9999.0, 23.59, 9999.0, 117.7, 127.75, 120.25, 91.25, 138.5
2024-11-07, 03:52:05, 136.48, 58.25, 22.93, 22.0, 9999.0, 9.75, 10.0, 21.75, 9999.0, 23.61, 9999.0, 117.73, 127.75, 120.25, 91.25, 138.5
2024-11-07, 03:52:09, 136.48, 58.25, 22.95, 22.0, 9999.0, 9.73, 10.0, 21.75, 9999.0, 23.64, 9999.0, 117.73, 127.75, 120.25, 91.25, 138.5
2024-11-07, 03:52:13, 136.48, 58.25, 22.95, 22.0, 9999.0, 9.68, 10.0, 21.75, 9999.0, 23.66, 9999.0, 117.73, 127.75, 120.25, 91.25, 138.5
2024-11-07, 03:52:17, 136.48, 58.25, 22.98, 22.0, 9999.0, 9.66, 10.0, 21.75, 9999.0, 23.68, 9999.0, 117.7, 127.75, 120.25, 91.25, 138.5
2024-11-07, 03:52:21, 136.48, 58.25, 22.98, 22.0, 9999.0, 9.64, 10.0, 21.75, 9999.0, 23.68, 9999.0, 117.68, 127.75, 120.25, 91.25, 138.5
2024-11-07, 03:52:25, 136.48, 58.25, 22.98, 22.0, 9999.0, 9.61, 10.0, 21.75, 9999.0, 23.68, 9999.0, 117.66, 127.75, 120.25, 91.25, 138.5
2024-11-07, 03:52:30, 136.48, 58.25, 22.98, 22.0, 9999.0, 9.61, 10.0, 21.75, 9999.0, 23.68, 9999.0, 117.64, 127.75, 120.25, 91.25, 138.5
2024-11-07, 03:52:34, 136.5, 58.25, 22.98, 22.0, 9999.0, 9.61, 10.0, 21.75, 9999.0, 23.68, 9999.0, 117.61, 127.75, 120.25, 91.25, 138.5
2024-11-07, 03:52:38, 136.48, 58.25, 22.98, 22.0, 9999.0, 9.61, 10.0, 21.75, 9999.0, 23.7, 9999.0, 117.59, 127.75, 120.25, 91.25, 138.5
2024-11-07, 03:52:42, 136.48, 58.25, 22.98, 22.0, 9999.0, 9.64, 10.0, 21.75, 9999.0, 23.68, 9999.0, 117.57, 127.75, 120.25, 91.25, 138.5
2024-11-07, 03:52:46, 136.48, 58.25, 22.98, 22.0, 9999.0, 9.68, 10.0, 21.75, 9999.0, 23.66, 9999.0, 117.57, 127.75, 120.25, 91.25, 138.5
2024-11-07, 03:52:50, 136.48, 58.25, 23.0, 22.0, 9999.0, 9.68, 10.0, 21.75, 9999.0, 23.64, 9999.0, 117.57, 127.75, 120.25, 91.25, 138.5
2024-11-07, 03:52:54, 136.48, 58.25, 23.0, 22.0, 9999.0, 9.7, 10.0, 21.75, 9999.0, 23.61, 9999.0, 117.57, 127.75, 120.25, 91.25, 138.5
2024-11-07, 03:52:58, 136.48, 58.25, 23.0, 22.0, 9999.0, 9.73, 10.0, 21.75, 9999.0, 23.59, 9999.0, 117.59, 127.75, 120.25, 91.25, 138.5
2024-11-07, 03:53:02, 136.48, 58.25, 23.0, 22.02, 9999.0, 9.75, 10.0, 21.75, 9999.0, 23.57, 9999.0, 117.64, 127.75, 120.25, 91.25, 138.5
2024-11-07, 03:53:06, 136.48, 58.25, 23.0, 22.05, 9999.0, 9.77, 10.0, 21.75, 9999.0, 23.59, 9999.0, 117.66, 127.75, 120.25, 91.25, 138.5
2024-11-07, 03:53:10, 136.48, 58.25, 23.0, 22.07, 9999.0, 9.8, 10.0, 21.75, 9999.0, 23.61, 9999.0, 117.68, 127.75, 120.25, 91.25, 138.5
2024-11-07, 03:53:14, 136.48, 58.25, 23.0, 22.07, 9999.0, 9.8, 10.0, 21.75, 9999.0, 23.61, 9999.0, 117.7, 127.75, 120.25, 91.25, 138.5
2024-11-07, 03:53:18, 136.48, 58.25, 23.0, 22.07, 9999.0, 9.8, 10.0, 21.75, 9999.0, 23.64, 9999.0, 117.73, 127.75, 120.25, 91.25, 138.5
2024-11-07, 03:53:22, 136.5, 58.25, 23.0, 22.09, 9999.0, 9.8, 10.0, 21.75, 9999.0, 23.64, 9999.0, 117.75, 127.75, 120.25, 91.25, 138.5
2024-11-07, 03:53:26, 136.5, 58.25, 23.0, 22.11, 9999.0, 9.77, 10.0, 21.75, 9999.0, 23.66, 9999.0, 117.77, 127.75, 120.25, 91.25, 138.5
2024-11-07, 03:53:30, 136.5, 58.25, 23.0, 22.14, 9999.0, 9.73, 10.0, 21.75, 9999.0, 23.7, 9999.0, 117.75, 127.75, 120.25, 91.25, 138.5
2024-11-07, 03:53:34, 136.5, 58.25, 23.0, 22.16, 9999.0, 9.7, 10.0, 21.75, 9999.0, 23.75, 9999.0, 117.75, 127.75, 120.25, 91.25, 138.5
2024-11-07, 03:53:38, 136.5, 58.25, 23.0, 22.16, 9999.0, 9.68, 10.0, 21.75, 9999.0, 23.77, 9999.0, 117.73, 127.75, 120.25, 91.25, 138.5
2024-11-07, 03:53:42, 136.5, 58.25, 23.0, 22.16, 9999.0, 9.66, 10.0, 21.75, 9999.0, 23.8, 9999.0, 117.7, 127.75, 120.25, 91.25, 138.5
2024-11-07, 03:53:46, 136.5, 58.25, 23.0, 22.14, 9999.0, 9.64, 10.0, 21.75, 9999.0, 23.82, 9999.0, 117.66, 127.75, 120.25, 91.25, 138.5
2024-11-07, 03:53:50, 136.5, 58.25, 23.0, 22.14, 9999.0, 9.64, 10.0, 21.75, 9999.0, 23.82, 9999.0, 117.64, 127.75, 120.25, 91.25, 138.5
2024-11-07, 03:53:54, 136.5, 58.25, 23.0, 22.14, 9999.0, 9.64, 10.0, 21.75, 9999.0, 23.82, 9999.0, 117.61, 127.75, 120.25, 91.25, 138.5
2024-11-07, 03:53:58, 136.5, 58.25, 23.0, 22.16, 9999.0, 9.64, 10.0, 21.75, 9999.0, 23.82, 9999.0, 117.59, 127.75, 120.25, 91.25, 138.5
2024-11-07, 03:54:02, 136.5, 58.25, 23.0, 22.18, 9999.0, 9.64, 10.0, 21.75, 9999.0, 23.8, 9999.0, 117.57, 127.75, 120.25, 91.25, 138.5
2024-11-07, 03:54:06, 136.5, 58.25, 23.0, 22.18, 9999.0, 9.64, 10.0, 21.75, 9999.0, 23.8, 9999.0, 117.57, 127.75, 120.25, 91.25, 138.5
2024-11-07, 03:54:10, 136.5, 58.25, 23.0, 22.18, 9999.0, 9.64, 10.0, 21.75, 9999.0, 23.8, 9999.0, 117.57, 127.75, 120.25, 91.25, 138.5
2024-11-07, 03:54:14, 136.5, 58.25, 23.0, 22.16, 9999.0, 9.66, 10.0, 21.75, 9999.0, 23.77, 9999.0, 117.61, 127.75, 120.25, 91.25, 138.5
2024-11-07, 03:54:18, 136.48, 58.25, 23.0, 22.14, 9999.0, 9.68, 10.0, 21.75, 9999.0, 23.75, 9999.0, 117.64, 127.75, 120.25, 91.25, 138.5
2024-11-07, 03:54:22, 136.48, 58.25, 23.0, 22.14, 9999.0, 9.7, 10.02, 21.75, 9999.0, 23.75, 9999.0, 117.66, 127.75, 120.25, 91.25, 138.5
2024-11-07, 03:54:26, 136.48, 58.25, 23.0, 22.14, 9999.0, 9.73, 10.02, 21.75, 9999.0, 23.77, 9999.0, 117.68, 127.75, 120.25, 91.25, 138.5
2024-11-07, 03:54:30, 136.48, 58.25, 23.0, 22.14, 9999.0, 9.75, 10.02, 21.75, 9999.0, 23.8, 9999.0, 117.7, 127.75, 120.25, 91.25, 138.5
2024-11-07, 03:54:34, 136.48, 58.25, 23.0, 22.14, 9999.0, 9.73, 10.02, 21.75, 9999.0, 23.82, 9999.0, 117.73, 127.75, 120.25, 91.25, 138.5
2024-11-07, 03:54:38, 136.48, 58.25, 23.0, 22.11, 9999.0, 9.73, 10.02, 21.75, 9999.0, 23.84, 9999.0, 117.75, 127.75, 120.25, 91.25, 138.5
2024-11-07, 03:54:42, 136.48, 58.25, 23.0, 22.11, 9999.0, 9.73, 10.02, 21.75, 9999.0, 23.86, 9999.0, 117.77, 127.75, 120.25, 91.25, 138.5
2024-11-07, 03:54:46, 136.45, 58.25, 23.0, 22.11, 9999.0, 9.73, 10.02, 21.75, 9999.0, 23.89, 9999.0, 117.8, 127.75, 120.25, 91.25, 138.5
2024-11-07, 03:54:50, 136.45, 58.25, 23.0, 22.09, 9999.0, 9.7, 10.02, 21.75, 9999.0, 23.91, 9999.0, 117.8, 127.75, 120.25, 91.25, 138.5
2024-11-07, 03:54:54, 136.45, 58.25, 23.0, 22.07, 9999.0, 9.68, 10.02, 21.75, 9999.0, 23.93, 9999.0, 117.8, 127.75, 120.25, 91.25, 138.5
2024-11-07, 03:54:58, 136.45, 58.25, 23.0, 22.07, 9999.0, 9.66, 10.02, 21.75, 9999.0, 23.93, 9999.0, 117.77, 127.75, 120.25, 91.25, 138.5
2024-11-07, 03:55:02, 136.48, 58.25, 23.0, 22.09, 9999.0, 9.64, 10.02, 21.75, 9999.0, 23.93, 9999.0, 117.73, 127.75, 120.25, 91.25, 138.5
2024-11-07, 03:55:06, 136.48, 58.25, 23.0, 22.11, 9999.0, 9.64, 10.0, 21.75, 9999.0, 23.95, 9999.0, 117.7, 127.75, 120.25, 91.25, 138.5
2024-11-07, 03:55:10, 136.45, 58.25, 22.98, 22.14, 9999.0, 9.64, 10.0, 21.75, 9999.0, 23.93, 9999.0, 117.68, 127.75, 120.25, 91.25, 138.5
2024-11-07, 03:55:14, 136.45, 58.25, 22.98, 22.16, 9999.0, 9.64, 10.0, 21.75, 9999.0, 23.91, 9999.0, 117.66, 127.75, 120.25, 91.25, 138.5
2024-11-07, 03:55:18, 136.43, 58.25, 22.98, 22.16, 9999.0, 9.68, 10.0, 21.75, 9999.0, 23.89, 9999.0, 117.64, 127.75, 120.25, 91.25, 138.5
2024-11-07, 03:55:22, 136.43, 58.25, 22.98, 22.16, 9999.0, 9.7, 10.0, 21.75, 9999.0, 23.86, 9999.0, 117.64, 127.75, 120.25, 91.25, 138.5
2024-11-07, 03:55:26, 136.41, 58.25, 22.98, 22.14, 9999.0, 9.7, 10.0, 21.75, 9999.0, 23.84, 9999.0, 117.64, 127.75, 120.25, 91.25, 138.5
2024-11-07, 03:55:30, 136.43, 58.27, 22.98, 22.11, 9999.0, 9.7, 10.0, 21.75, 9999.0, 23.82, 9999.0, 117.64, 127.75, 120.25, 91.25, 138.5
2024-11-07, 03:55:34, 136.43, 58.27, 22.98, 22.14, 9999.0, 9.73, 10.0, 21.75, 9999.0, 23.8, 9999.0, 117.64, 127.75, 120.25, 91.25, 138.5
2024-11-07, 03:55:38, 136.43, 58.27, 22.98, 22.16, 9999.0, 9.75, 10.0, 21.75, 9999.0, 23.77, 9999.0, 117.66, 127.75, 120.25, 91.25, 138.5
2024-11-07, 03:55:42, 136.43, 58.27, 22.98, 22.16, 9999.0, 9.77, 10.0, 21.75, 9999.0, 23.77, 9999.0, 117.66, 127.75, 120.25, 91.25, 138.5
2024-11-07, 03:55:46, 136.43, 58.27, 22.95, 22.16, 9999.0, 9.8, 10.0, 21.75, 9999.0, 23.8, 9999.0, 117.68, 127.75, 120.25, 91.25, 138.5
2024-11-07, 03:55:50, 136.43, 58.27, 22.95, 22.16, 9999.0, 9.77, 10.0, 21.75, 9999.0, 23.77, 9999.0, 117.7, 127.75, 120.25, 91.25, 138.5
2024-11-07, 03:55:54, 136.45, 58.27, 22.98, 22.16, 9999.0, 9.77, 10.0, 21.75, 9999.0, 23.8, 9999.0, 117.73, 127.75, 120.25, 91.25, 138.5
2024-11-07, 03:55:58, 136.43, 58.27, 22.98, 22.14, 9999.0, 9.77, 10.0, 21.75, 9999.0, 23.82, 9999.0, 117.75, 127.75, 120.25, 91.25, 138.5
2024-11-07, 03:56:02, 136.45, 58.27, 22.95, 22.11, 9999.0, 9.73, 10.0, 21.75, 9999.0, 23.84, 9999.0, 117.77, 127.75, 120.25, 91.25, 138.5
2024-11-07, 03:56:06, 136.45, 58.27, 22.95, 22.11, 9999.0, 9.7, 10.02, 21.75, 9999.0, 23.86, 9999.0, 117.75, 127.75, 120.25, 91.25, 138.5
2024-11-07, 03:56:10, 136.45, 58.27, 22.95, 22.14, 9999.0, 9.68, 10.02, 21.75, 9999.0, 23.89, 9999.0, 117.75, 127.75, 120.25, 91.25, 138.5
2024-11-07, 03:56:14, 136.45, 58.25, 22.95, 22.16, 9999.0, 9.66, 10.02, 21.75, 9999.0, 23.91, 9999.0, 117.73, 127.75, 120.25, 91.25, 138.5
2024-11-07, 03:56:19, 136.45, 58.25, 22.95, 22.14, 9999.0, 9.64, 10.02, 21.75, 9999.0, 23.91, 9999.0, 117.73, 127.75, 120.25, 91.25, 138.5
2024-11-07, 03:56:23, 136.45, 58.25, 22.95, 22.14, 9999.0, 9.61, 10.02, 21.75, 9999.0, 23.91, 9999.0, 117.68, 127.75, 120.25, 91.25, 138.5
2024-11-07, 03:56:27, 136.45, 58.25, 22.95, 22.14, 9999.0, 9.61, 10.02, 21.75, 9999.0, 23.93, 9999.0, 117.66, 127.75, 120.25, 91.25, 138.5
2024-11-07, 03:56:31, 136.45, 58.25, 22.98, 22.11, 9999.0, 9.61, 10.02, 21.75, 9999.0, 23.91, 9999.0, 117.64, 127.75, 120.25, 91.25, 138.5
2024-11-07, 03:56:35, 136.43, 58.25, 22.98, 22.09, 9999.0, 9.64, 10.02, 21.75, 9999.0, 23.91, 9999.0, 117.61, 127.75, 120.25, 91.25, 138.5
2024-11-07, 03:56:39, 136.43, 58.25, 22.98, 22.07, 9999.0, 9.66, 10.02, 21.75, 9999.0, 23.89, 9999.0, 117.59, 127.75, 120.25, 91.25, 138.5
2024-11-07, 03:56:43, 136.45, 58.25, 22.95, 22.09, 9999.0, 9.68, 10.02, 21.75, 9999.0, 23.86, 9999.0, 117.59, 127.75, 120.25, 91.25, 138.5
2024-11-07, 03:56:47, 136.45, 58.25, 22.98, 22.11, 9999.0, 9.7, 10.02, 21.75, 9999.0, 23.84, 9999.0, 117.59, 127.75, 120.25, 91.25, 138.5
2024-11-07, 03:56:51, 136.45, 58.27, 22.98, 22.14, 9999.0, 9.7, 10.0, 21.75, 9999.0, 23.82, 9999.0, 117.61, 127.75, 120.25, 91.25, 138.5
2024-11-07, 03:56:55, 136.48, 58.3, 22.98, 22.14, 9999.0, 9.73, 10.0, 21.75, 9999.0, 23.8, 9999.0, 117.64, 127.75, 120.25, 91.25, 138.5
2024-11-07, 03:56:59, 136.48, 58.32, 22.98, 22.14, 9999.0, 9.75, 10.0, 21.75, 9999.0, 23.77, 9999.0, 117.66, 127.75, 120.25, 91.25, 138.5
2024-11-07, 03:57:03, 136.48, 58.34, 22.98, 22.14, 9999.0, 9.77, 10.0, 21.75, 9999.0, 23.77, 9999.0, 117.66, 127.75, 120.25, 91.25, 138.5
2024-11-07, 03:57:07, 136.48, 58.34, 22.98, 22.11, 9999.0, 9.8, 10.0, 21.75, 9999.0, 23.77, 9999.0, 117.68, 127.75, 120.25, 91.25, 138.5
2024-11-07, 03:57:11, 136.48, 58.36, 22.98, 22.11, 9999.0, 9.8, 10.0, 21.75, 9999.0, 23.75, 9999.0, 117.7, 127.75, 120.25, 91.25, 138.5
2024-11-07, 03:57:15, 136.48, 58.36, 22.95, 22.11, 9999.0, 9.8, 10.0, 21.75, 9999.0, 23.77, 9999.0, 117.73, 127.75, 120.25, 91.25, 138.5
2024-11-07, 03:57:19, 136.5, 58.36, 22.95, 22.11, 9999.0, 9.8, 10.0, 21.75, 9999.0, 23.8, 9999.0, 117.75, 127.75, 120.25, 91.25, 138.5
2024-11-07, 03:57:23, 136.5, 58.36, 22.95, 22.11, 9999.0, 9.75, 10.0, 21.75, 9999.0, 23.82, 9999.0, 117.77, 127.75, 120.25, 91.25, 138.5
2024-11-07, 03:57:27, 136.5, 58.36, 22.98, 22.09, 9999.0, 9.73, 10.0, 21.75, 9999.0, 23.84, 9999.0, 117.77, 127.75, 120.25, 91.25, 138.5
2024-11-07, 03:57:31, 136.5, 58.36, 22.95, 22.07, 9999.0, 9.73, 10.0, 21.75, 9999.0, 23.86, 9999.0, 117.77, 127.75, 120.25, 91.25, 138.5
2024-11-07, 03:57:35, 136.5, 58.36, 22.95, 22.05, 9999.0, 9.7, 10.0, 21.75, 9999.0, 23.86, 9999.0, 117.77, 127.75, 120.25, 91.25, 138.5
2024-11-07, 03:57:39, 136.5, 58.34, 22.93, 22.02, 9999.0, 9.68, 10.0, 21.75, 9999.0, 23.89, 9999.0, 117.75, 127.75, 120.25, 91.25, 138.5
2024-11-07, 03:57:43, 136.5, 58.32, 22.91, 22.0, 9999.0, 9.66, 10.0, 21.75, 9999.0, 23.89, 9999.0, 117.73, 127.75, 120.25, 91.25, 138.5
2024-11-07, 03:57:47, 136.5, 58.3, 22.89, 22.02, 9999.0, 9.66, 10.0, 21.75, 9999.0, 23.89, 9999.0, 117.7, 127.75, 120.25, 91.25, 138.5
2024-11-07, 03:57:51, 136.5, 58.32, 22.89, 22.02, 9999.0, 9.66, 10.0, 21.75, 9999.0, 23.89, 9999.0, 117.68, 127.75, 120.25, 91.25, 138.5
2024-11-07, 03:57:55, 136.5, 58.3, 22.86, 22.02, 9999.0, 9.68, 10.0, 21.75, 9999.0, 23.89, 9999.0, 117.66, 127.75, 120.25, 91.25, 138.5
2024-11-07, 03:57:59, 136.5, 58.3, 22.89, 22.05, 9999.0, 9.7, 10.02, 21.75, 9999.0, 23.86, 9999.0, 117.64, 127.75, 120.25, 91.25, 138.5
2024-11-07, 03:58:03, 136.5, 58.3, 22.89, 22.05, 9999.0, 9.73, 10.02, 21.75, 9999.0, 23.84, 9999.0, 117.64, 127.75, 120.25, 91.25, 138.5
2024-11-07, 03:58:07, 136.5, 58.3, 22.89, 22.05, 9999.0, 9.75, 10.02, 21.75, 9999.0, 23.8, 9999.0, 117.64, 127.75, 120.25, 91.25, 138.5
2024-11-07, 03:58:11, 136.5, 58.3, 22.89, 22.05, 9999.0, 9.75, 10.02, 21.75, 9999.0, 23.77, 9999.0, 117.64, 127.75, 120.25, 91.25, 138.5
2024-11-07, 03:58:15, 136.5, 58.3, 22.91, 22.05, 9999.0, 9.75, 10.02, 21.75, 9999.0, 23.75, 9999.0, 117.64, 127.75, 120.25, 91.25, 138.5
2024-11-07, 03:58:19, 136.5, 58.27, 22.91, 22.05, 9999.0, 9.77, 10.02, 21.75, 9999.0, 23.75, 9999.0, 117.66, 127.75, 120.25, 91.25, 138.5
2024-11-07, 03:58:23, 136.5, 58.27, 22.93, 22.07, 9999.0, 9.8, 10.05, 21.75, 9999.0, 23.73, 9999.0, 117.66, 127.75, 120.25, 91.25, 138.5
2024-11-07, 03:58:27, 136.5, 58.27, 22.93, 22.07, 9999.0, 9.82, 10.05, 21.75, 9999.0, 23.75, 9999.0, 117.68, 127.75, 120.25, 91.25, 138.5
2024-11-07, 03:58:31, 136.5, 58.27, 22.93, 22.05, 9999.0, 9.82, 10.05, 21.75, 9999.0, 23.77, 9999.0, 117.7, 127.75, 120.25, 91.25, 138.5
2024-11-07, 03:58:35, 136.5, 58.27, 22.91, 22.05, 9999.0, 9.82, 10.05, 21.75, 9999.0, 23.82, 9999.0, 117.73, 127.75, 120.25, 91.25, 138.5
2024-11-07, 03:58:39, 136.5, 58.27, 22.91, 22.07, 9999.0, 9.8, 10.05, 21.75, 9999.0, 23.84, 9999.0, 117.75, 127.75, 120.25, 91.25, 138.5
2024-11-07, 03:58:43, 136.5, 58.27, 22.91, 22.07, 9999.0, 9.77, 10.02, 21.75, 9999.0, 23.89, 9999.0, 117.77, 127.75, 120.25, 91.25, 138.5
2024-11-07, 03:58:47, 136.5, 58.27, 22.89, 22.09, 9999.0, 9.73, 10.02, 21.75, 9999.0, 23.91, 9999.0, 117.77, 127.75, 120.25, 91.25, 138.5
2024-11-07, 03:58:51, 136.5, 58.3, 22.89, 22.09, 9999.0, 9.73, 10.02, 21.73, 9999.0, 23.95, 9999.0, 117.75, 127.75, 120.25, 91.25, 138.5
2024-11-07, 03:58:55, 136.5, 58.3, 22.89, 22.11, 9999.0, 9.7, 10.02, 21.73, 9999.0, 23.98, 9999.0, 117.73, 127.75, 120.25, 91.25, 138.5
2024-11-07, 03:58:59, 136.48, 58.32, 22.89, 22.11, 9999.0, 9.68, 10.02, 21.73, 9999.0, 24.0, 9999.0, 117.7, 127.75, 120.25, 91.25, 138.5
2024-11-07, 03:59:03, 136.45, 58.32, 22.86, 22.11, 9999.0, 9.66, 10.02, 21.73, 9999.0, 24.0, 9999.0, 117.66, 127.75, 120.25, 91.25, 138.5
2024-11-07, 03:59:07, 136.45, 58.34, 22.84, 22.09, 9999.0, 9.66, 10.0, 21.73, 9999.0, 24.0, 9999.0, 117.64, 127.75, 120.25, 91.25, 138.5
2024-11-07, 03:59:11, 136.45, 58.36, 22.86, 22.09, 9999.0, 9.66, 10.0, 21.73, 9999.0, 23.98, 9999.0, 117.61, 127.75, 120.25, 91.25, 138.5
2024-11-07, 03:59:15, 136.43, 58.39, 22.89, 22.09, 9999.0, 9.66, 10.0, 21.73, 9999.0, 23.98, 9999.0, 117.59, 127.75, 120.25, 91.25, 138.5
2024-11-07, 03:59:19, 136.43, 58.36, 22.91, 22.09, 9999.0, 9.68, 10.02, 21.73, 9999.0, 23.93, 9999.0, 117.57, 127.75, 120.25, 91.25, 138.5
2024-11-07, 03:59:23, 136.43, 58.39, 22.93, 22.09, 9999.0, 9.7, 10.02, 21.73, 9999.0, 23.91, 9999.0, 117.57, 127.75, 120.25, 91.25, 138.5
2024-11-07, 03:59:27, 136.43, 58.39, 22.93, 22.07, 9999.0, 9.7, 10.02, 21.73, 9999.0, 23.89, 9999.0, 117.57, 127.75, 120.25, 91.25, 138.5
2024-11-07, 03:59:31, 136.43, 58.39, 22.93, 22.05, 9999.0, 9.73, 10.02, 21.73, 9999.0, 23.86, 9999.0, 117.57, 127.75, 120.25, 91.25, 138.5
2024-11-07, 03:59:35, 136.43, 58.36, 22.91, 22.05, 9999.0, 9.73, 10.02, 21.75, 9999.0, 23.84, 9999.0, 117.61, 127.75, 120.25, 91.25, 138.5
2024-11-07, 03:59:39, 136.43, 58.36, 22.91, 22.02, 9999.0, 9.75, 10.02, 21.75, 9999.0, 23.82, 9999.0, 117.64, 127.75, 120.25, 91.25, 138.5
2024-11-07, 03:59:43, 136.45, 58.34, 22.91, 22.02, 9999.0, 9.77, 10.02, 21.75, 9999.0, 23.82, 9999.0, 117.66, 127.75, 120.25, 91.25, 138.5
2024-11-07, 03:59:47, 136.48, 58.36, 22.91, 22.02, 9999.0, 9.8, 10.02, 21.75, 9999.0, 23.82, 9999.0, 117.68, 127.75, 120.25, 91.25, 138.5
2024-11-07, 03:59:51, 136.48, 58.34, 22.91, 22.02, 9999.0, 9.8, 10.02, 21.75, 9999.0, 23.84, 9999.0, 117.7, 127.75, 120.25, 91.25, 138.5
2024-11-07, 03:59:55, 136.48, 58.32, 22.91, 22.02, 9999.0, 9.8, 10.02, 21.75, 9999.0, 23.89, 9999.0, 117.73, 127.75, 120.25, 91.25, 138.5
2024-11-07, 03:59:59, 136.5, 58.3, 22.89, 22.02, 9999.0, 9.8, 10.02, 21.75, 9999.0, 23.89, 9999.0, 117.75, 127.75, 120.25, 91.25, 138.5
2024-11-07, 04:00:04, 136.5, 58.3, 22.86, 22.02, 9999.0, 9.77, 10.0, 21.75, 9999.0, 23.91, 9999.0, 117.77, 127.75, 120.25, 91.25, 138.5
2024-11-07, 04:00:08, 136.5, 58.27, 22.86, 22.0, 9999.0, 9.73, 10.0, 21.75, 9999.0, 23.93, 9999.0, 117.75, 127.75, 120.25, 91.25, 138.5
2024-11-07, 04:00:12, 136.5, 58.27, 22.86, 22.0, 9999.0, 9.7, 10.0, 21.75, 9999.0, 23.93, 9999.0, 117.75, 127.75, 120.25, 91.25, 138.5
2024-11-07, 04:00:16, 136.5, 58.27, 22.86, 22.0, 9999.0, 9.68, 10.02, 21.75, 9999.0, 23.95, 9999.0, 117.73, 127.75, 120.25, 91.25, 138.5
2024-11-07, 04:00:20, 136.5, 58.3, 22.86, 22.0, 9999.0, 9.66, 10.02, 21.75, 9999.0, 23.98, 9999.0, 117.68, 127.75, 120.25, 91.25, 138.5
2024-11-07, 04:00:24, 136.48, 58.3, 22.86, 22.0, 9999.0, 9.66, 10.02, 21.75, 9999.0, 24.0, 9999.0, 117.66, 127.75, 120.25, 91.25, 138.5
2024-11-07, 04:00:28, 136.48, 58.3, 22.86, 22.0, 9999.0, 9.66, 10.02, 21.73, 9999.0, 24.0, 9999.0, 117.64, 127.75, 120.25, 91.25, 138.5
2024-11-07, 04:00:32, 136.48, 58.27, 22.86, 22.0, 9999.0, 9.66, 10.02, 21.73, 9999.0, 24.02, 9999.0, 117.61, 127.75, 120.25, 91.25, 138.5
2024-11-07, 04:00:36, 136.48, 58.27, 22.89, 22.0, 9999.0, 9.68, 10.02, 21.73, 9999.0, 24.02, 9999.0, 117.59, 127.75, 120.25, 91.25, 138.5
2024-11-07, 04:00:40, 136.48, 58.27, 22.89, 22.0, 9999.0, 9.7, 10.02, 21.73, 9999.0, 24.0, 9999.0, 117.57, 127.75, 120.25, 91.25, 138.5
2024-11-07, 04:00:44, 136.45, 58.27, 22.89, 22.0, 9999.0, 9.7, 10.02, 21.73, 9999.0, 23.98, 9999.0, 117.57, 127.75, 120.25, 91.25, 138.5
2024-11-07, 04:00:48, 136.45, 58.3, 22.91, 22.0, 9999.0, 9.7, 10.02, 21.73, 9999.0, 23.95, 9999.0, 117.57, 127.75, 120.25, 91.25, 138.5
2024-11-07, 04:00:52, 136.43, 58.3, 22.91, 22.0, 9999.0, 9.73, 10.02, 21.73, 9999.0, 23.93, 9999.0, 117.59, 127.75, 120.25, 91.25, 138.5
2024-11-07, 04:00:56, 136.43, 58.3, 22.91, 22.0, 9999.0, 9.75, 10.02, 21.73, 9999.0, 23.91, 9999.0, 117.61, 127.75, 120.25, 91.25, 138.5
2024-11-07, 04:01:00, 136.43, 58.3, 22.93, 22.0, 9999.0, 9.77, 10.0, 21.73, 9999.0, 23.89, 9999.0, 117.64, 127.75, 120.25, 91.25, 138.5
2024-11-07, 04:01:04, 136.43, 58.27, 22.93, 22.0, 9999.0, 9.8, 10.0, 21.73, 9999.0, 23.86, 9999.0, 117.66, 127.75, 120.25, 91.25, 138.5
2024-11-07, 04:01:08, 136.45, 58.27, 22.91, 22.0, 9999.0, 9.8, 10.0, 21.73, 9999.0, 23.86, 9999.0, 117.68, 127.75, 120.25, 91.25, 138.5
2024-11-07, 04:01:12, 136.45, 58.27, 22.91, 22.0, 9999.0, 9.8, 10.0, 21.75, 9999.0, 23.86, 9999.0, 117.7, 127.75, 120.25, 91.25, 138.5
2024-11-07, 04:01:16, 136.45, 58.27, 22.91, 22.0, 9999.0, 9.8, 10.0, 21.75, 9999.0, 23.86, 9999.0, 117.73, 127.75, 120.25, 91.25, 138.5
2024-11-07, 04:01:20, 136.45, 58.27, 22.91, 22.0, 9999.0, 9.77, 10.0, 21.75, 9999.0, 23.86, 9999.0, 117.73, 127.75, 120.25, 91.25, 138.5
2024-11-07, 04:01:24, 136.45, 58.27, 22.89, 22.0, 9999.0, 9.75, 10.0, 21.75, 9999.0, 23.86, 9999.0, 117.75, 127.75, 120.25, 91.25, 138.5
2024-11-07, 04:01:28, 136.48, 58.27, 22.91, 22.02, 9999.0, 9.73, 10.0, 21.75, 9999.0, 23.89, 9999.0, 117.73, 127.75, 120.25, 91.25, 138.5
2024-11-07, 04:01:32, 136.45, 58.25, 22.91, 22.02, 9999.0, 9.7, 10.0, 21.75, 9999.0, 23.93, 9999.0, 117.7, 127.75, 120.25, 91.25, 138.5
2024-11-07, 04:01:36, 136.48, 58.25, 22.91, 22.05, 9999.0, 9.68, 10.0, 21.75, 9999.0, 23.95, 9999.0, 117.68, 127.75, 120.25, 91.25, 138.5
2024-11-07, 04:01:40, 136.48, 58.25, 22.91, 22.07, 9999.0, 9.66, 10.0, 21.75, 9999.0, 23.98, 9999.0, 117.64, 127.75, 120.25, 91.25, 138.5
2024-11-07, 04:01:44, 136.48, 58.25, 22.89, 22.09, 9999.0, 9.66, 10.0, 21.75, 9999.0, 24.0, 9999.0, 117.61, 127.75, 120.25, 91.25, 138.5
2024-11-07, 04:01:48, 136.48, 58.25, 22.89, 22.11, 9999.0, 9.66, 10.0, 21.75, 9999.0, 24.02, 9999.0, 117.59, 127.75, 120.25, 91.25, 138.5
2024-11-07, 04:01:52, 136.45, 58.25, 22.89, 22.11, 9999.0, 9.66, 10.0, 21.75, 9999.0, 24.02, 9999.0, 117.57, 127.75, 120.25, 91.25, 138.5
2024-11-07, 04:01:56, 136.45, 58.25, 22.89, 22.11, 9999.0, 9.68, 10.0, 21.75, 9999.0, 24.02, 9999.0, 117.55, 127.75, 120.25, 91.25, 138.5
2024-11-07, 04:02:00, 136.45, 58.25, 22.91, 22.11, 9999.0, 9.68, 10.0, 21.75, 9999.0, 24.0, 9999.0, 117.55, 127.75, 120.25, 91.25, 138.5
2024-11-07, 04:02:04, 136.43, 58.25, 22.89, 22.11, 9999.0, 9.68, 10.0, 21.75, 9999.0, 23.98, 9999.0, 117.55, 127.75, 120.25, 91.25, 138.5
2024-11-07, 04:02:08, 136.43, 58.25, 22.89, 22.11, 9999.0, 9.68, 10.0, 21.75, 9999.0, 23.95, 9999.0, 117.55, 127.75, 120.25, 91.25, 138.5
2024-11-07, 04:02:12, 136.43, 58.27, 22.86, 22.09, 9999.0, 9.7, 10.02, 21.75, 9999.0, 23.93, 9999.0, 117.57, 127.75, 120.25, 91.25, 138.5
2024-11-07, 04:02:16, 136.45, 58.27, 22.86, 22.09, 9999.0, 9.73, 10.02, 21.75, 9999.0, 23.89, 9999.0, 117.59, 127.75, 120.25, 91.25, 138.5
2024-11-07, 04:02:20, 136.45, 58.27, 22.86, 22.09, 9999.0, 9.75, 10.02, 21.75, 9999.0, 23.89, 9999.0, 117.61, 127.75, 120.25, 91.25, 138.5
2024-11-07, 04:02:24, 136.43, 58.27, 22.86, 22.07, 9999.0, 9.77, 10.02, 21.75, 9999.0, 23.89, 9999.0, 117.64, 127.75, 120.25, 91.25, 138.5
2024-11-07, 04:02:28, 136.43, 58.27, 22.89, 22.05, 9999.0, 9.77, 10.02, 21.75, 9999.0, 23.89, 9999.0, 117.66, 127.75, 120.25, 91.25, 138.5
2024-11-07, 04:02:32, 136.43, 58.27, 22.89, 22.02, 9999.0, 9.75, 10.02, 21.75, 9999.0, 23.89, 9999.0, 117.68, 127.75, 120.25, 91.25, 138.5
2024-11-07, 04:02:36, 136.45, 58.27, 22.89, 22.02, 9999.0, 9.73, 10.02, 21.75, 9999.0, 23.89, 9999.0, 117.7, 127.75, 120.25, 91.25, 138.5
2024-11-07, 04:02:40, 136.45, 58.27, 22.86, 22.02, 9999.0, 9.7, 10.02, 21.75, 9999.0, 23.89, 9999.0, 117.7, 127.75, 120.25, 91.25, 138.5
2024-11-07, 04:02:44, 136.45, 58.27, 22.86, 22.02, 9999.0, 9.68, 10.02, 21.75, 9999.0, 23.91, 9999.0, 117.7, 127.75, 120.25, 91.25, 138.5
2024-11-07, 04:02:48, 136.48, 58.27, 22.86, 22.02, 9999.0, 9.66, 10.02, 21.75, 9999.0, 23.93, 9999.0, 117.7, 127.75, 120.25, 91.25, 138.5
2024-11-07, 04:02:52, 136.48, 58.27, 22.86, 22.05, 9999.0, 9.64, 10.02, 21.75, 9999.0, 23.95, 9999.0, 117.68, 127.75, 120.25, 91.25, 138.5
2024-11-07, 04:02:56, 136.48, 58.25, 22.86, 22.05, 9999.0, 9.61, 10.0, 21.75, 9999.0, 23.98, 9999.0, 117.68, 127.75, 120.25, 91.23, 138.5
2024-11-07, 04:03:00, 136.45, 58.25, 22.86, 22.07, 9999.0, 9.59, 10.0, 21.75, 9999.0, 24.0, 9999.0, 117.66, 127.75, 120.25, 91.23, 138.5
2024-11-07, 04:03:04, 136.45, 58.25, 22.86, 22.05, 9999.0, 9.59, 10.0, 21.73, 9999.0, 24.0, 9999.0, 117.64, 127.75, 120.25, 91.23, 138.5
2024-11-07, 04:03:08, 136.48, 58.25, 22.86, 22.05, 9999.0, 9.59, 10.0, 21.73, 9999.0, 24.0, 9999.0, 117.61, 127.75, 120.25, 91.23, 138.5
2024-11-07, 04:03:12, 136.45, 58.25, 22.86, 22.07, 9999.0, 9.61, 10.0, 21.73, 9999.0, 24.0, 9999.0, 117.59, 127.75, 120.25, 91.23, 138.5
2024-11-07, 04:03:16, 136.45, 58.25, 22.86, 22.07, 9999.0, 9.64, 10.0, 21.73, 9999.0, 24.0, 9999.0, 117.57, 127.75, 120.25, 91.23, 138.5
2024-11-07, 04:03:20, 136.43, 58.25, 22.89, 22.07, 9999.0, 9.68, 10.0, 21.73, 9999.0, 23.98, 9999.0, 117.55, 127.75, 120.25, 91.23, 138.5
2024-11-07, 04:03:24, 136.43, 58.25, 22.91, 22.07, 9999.0, 9.68, 10.0, 21.73, 9999.0, 23.95, 9999.0, 117.57, 127.75, 120.23, 91.23, 138.5
2024-11-07, 04:03:28, 136.41, 58.25, 22.89, 22.07, 9999.0, 9.7, 10.0, 21.73, 9999.0, 23.93, 9999.0, 117.57, 127.75, 120.23, 91.23, 138.5
2024-11-07, 04:03:32, 136.39, 58.25, 22.89, 22.07, 9999.0, 9.73, 10.0, 21.73, 9999.0, 23.91, 9999.0, 117.61, 127.75, 120.23, 91.23, 138.5
2024-11-07, 04:03:36, 136.39, 58.25, 22.89, 22.05, 9999.0, 9.75, 10.0, 21.73, 9999.0, 23.89, 9999.0, 117.64, 127.75, 120.23, 91.23, 138.5
2024-11-07, 04:03:40, 136.36, 58.25, 22.89, 22.05, 9999.0, 9.77, 10.0, 21.73, 9999.0, 23.89, 9999.0, 117.64, 127.75, 120.23, 91.25, 138.5
2024-11-07, 04:03:44, 136.36, 58.25, 22.86, 22.02, 9999.0, 9.8, 10.0, 21.73, 9999.0, 23.89, 9999.0, 117.66, 127.75, 120.23, 91.25, 138.5
2024-11-07, 04:03:48, 136.36, 58.25, 22.86, 22.05, 9999.0, 9.77, 10.0, 21.75, 9999.0, 23.89, 9999.0, 117.68, 127.75, 120.23, 91.25, 138.5
2024-11-07, 04:03:52, 136.36, 58.25, 22.86, 22.07, 9999.0, 9.77, 10.0, 21.75, 9999.0, 23.91, 9999.0, 117.7, 127.75, 120.23, 91.25, 138.5
2024-11-07, 04:03:57, 136.39, 58.25, 22.84, 22.07, 9999.0, 9.73, 10.0, 21.75, 9999.0, 23.93, 9999.0, 117.73, 127.75, 120.23, 91.25, 138.5
2024-11-07, 04:04:01, 136.36, 58.25, 22.86, 22.07, 9999.0, 9.7, 10.0, 21.75, 9999.0, 23.93, 9999.0, 117.75, 127.75, 120.23, 91.25, 138.5
2024-11-07, 04:04:05, 136.39, 58.25, 22.84, 22.07, 9999.0, 9.66, 10.0, 21.75, 9999.0, 23.95, 9999.0, 117.75, 127.75, 120.23, 91.25, 138.5
2024-11-07, 04:04:09, 136.39, 58.25, 22.84, 22.07, 9999.0, 9.64, 10.0, 21.75, 9999.0, 23.98, 9999.0, 117.75, 127.75, 120.25, 91.25, 138.5
2024-11-07, 04:04:13, 136.39, 58.25, 22.84, 22.07, 9999.0, 9.61, 10.0, 21.75, 9999.0, 24.0, 9999.0, 117.73, 127.75, 120.25, 91.25, 138.5
2024-11-07, 04:04:17, 136.41, 58.25, 22.86, 22.07, 9999.0, 9.59, 10.0, 21.75, 9999.0, 24.02, 9999.0, 117.7, 127.75, 120.25, 91.25, 138.5
2024-11-07, 04:04:21, 136.39, 58.25, 22.86, 22.07, 9999.0, 9.59, 10.0, 21.75, 9999.0, 24.05, 9999.0, 117.68, 127.75, 120.25, 91.25, 138.5
2024-11-07, 04:04:25, 136.39, 58.25, 22.89, 22.09, 9999.0, 9.59, 10.0, 21.75, 9999.0, 24.05, 9999.0, 117.66, 127.75, 120.25, 91.25, 138.5
2024-11-07, 04:04:29, 136.41, 58.25, 22.91, 22.09, 9999.0, 9.59, 10.0, 21.75, 9999.0, 24.05, 9999.0, 117.64, 127.75, 120.25, 91.25, 138.5
2024-11-07, 04:04:33, 136.41, 58.25, 22.91, 22.07, 9999.0, 9.64, 10.0, 21.75, 9999.0, 24.05, 9999.0, 117.61, 127.75, 120.25, 91.25, 138.5
2024-11-07, 04:04:37, 136.41, 58.25, 22.89, 22.05, 9999.0, 9.66, 10.0, 21.75, 9999.0, 24.02, 9999.0, 117.61, 127.75, 120.25, 91.25, 138.5
2024-11-07, 04:04:41, 136.41, 58.25, 22.89, 22.02, 9999.0, 9.68, 10.0, 21.75, 9999.0, 24.0, 9999.0, 117.61, 127.75, 120.25, 91.25, 138.5
2024-11-07, 04:04:45, 136.43, 58.25, 22.86, 22.02, 9999.0, 9.7, 10.0, 21.75, 9999.0, 24.0, 9999.0, 117.61, 127.75, 120.25, 91.25, 138.5
2024-11-07, 04:04:49, 136.41, 58.25, 22.89, 22.02, 9999.0, 9.73, 10.0, 21.75, 9999.0, 24.0, 9999.0, 117.66, 127.75, 120.25, 91.23, 138.5
2024-11-07, 04:04:53, 136.41, 58.25, 22.86, 22.05, 9999.0, 9.75, 10.0, 21.75, 9999.0, 24.0, 9999.0, 117.68, 127.75, 120.25, 91.23, 138.5
2024-11-07, 04:04:57, 136.41, 58.25, 22.86, 22.07, 9999.0, 9.77, 10.0, 21.75, 9999.0, 24.02, 9999.0, 117.7, 127.75, 120.25, 91.23, 138.5
2024-11-07, 04:05:01, 136.41, 58.25, 22.84, 22.09, 9999.0, 9.8, 10.0, 21.75, 9999.0, 24.05, 9999.0, 117.7, 127.75, 120.25, 91.2, 138.5
2024-11-07, 04:05:05, 136.43, 58.25, 22.86, 22.09, 9999.0, 9.8, 10.0, 21.75, 9999.0, 24.07, 9999.0, 117.73, 127.75, 120.25, 91.2, 138.5
2024-11-07, 04:05:09, 136.45, 58.25, 22.86, 22.07, 9999.0, 9.8, 10.0, 21.75, 9999.0, 24.09, 9999.0, 117.75, 127.75, 120.25, 91.18, 138.5
2024-11-07, 04:05:13, 136.45, 58.25, 22.84, 22.09, 9999.0, 9.8, 10.0, 21.75, 9999.0, 24.11, 9999.0, 117.75, 127.75, 120.25, 91.16, 138.5
2024-11-07, 04:05:17, 136.45, 58.25, 22.84, 22.09, 9999.0, 9.75, 10.0, 21.75, 9999.0, 24.14, 9999.0, 117.75, 127.75, 120.25, 91.16, 138.5
2024-11-07, 04:05:21, 136.45, 58.25, 22.84, 22.11, 9999.0, 9.7, 10.0, 21.75, 9999.0, 24.16, 9999.0, 117.75, 127.75, 120.25, 91.16, 138.5
2024-11-07, 04:05:25, 136.45, 58.25, 22.84, 22.14, 9999.0, 9.68, 10.0, 21.75, 9999.0, 24.18, 9999.0, 117.75, 127.75, 120.25, 91.16, 138.5
2024-11-07, 04:05:29, 136.45, 58.25, 22.84, 22.14, 9999.0, 9.68, 10.0, 21.75, 9999.0, 24.2, 9999.0, 117.73, 127.75, 120.25, 91.16, 138.5
2024-11-07, 04:05:33, 136.48, 58.25, 22.84, 22.14, 9999.0, 9.66, 10.0, 21.75, 9999.0, 24.23, 9999.0, 117.68, 127.75, 120.25, 91.16, 138.5
2024-11-07, 04:05:37, 136.48, 58.25, 22.86, 22.11, 9999.0, 9.64, 10.0, 21.75, 9999.0, 24.25, 9999.0, 117.64, 127.75, 120.25, 91.16, 138.5
2024-11-07, 04:05:41, 136.5, 58.25, 22.86, 22.09, 9999.0, 9.64, 10.0, 21.75, 9999.0, 24.23, 9999.0, 117.61, 127.75, 120.23, 91.16, 138.48
2024-11-07, 04:05:45, 136.48, 58.25, 22.86, 22.07, 9999.0, 9.64, 10.0, 21.75, 9999.0, 24.23, 9999.0, 117.59, 127.75, 120.23, 91.18, 138.48
2024-11-07, 04:05:49, 136.48, 58.25, 22.86, 22.07, 9999.0, 9.64, 10.0, 21.75, 9999.0, 24.23, 9999.0, 117.57, 127.75, 120.23, 91.18, 138.48
2024-11-07, 04:05:53, 136.45, 58.25, 22.86, 22.07, 9999.0, 9.64, 10.0, 21.75, 9999.0, 24.2, 9999.0, 117.55, 127.75, 120.2, 91.2, 138.48
2024-11-07, 04:05:57, 136.43, 58.25, 22.89, 22.05, 9999.0, 9.64, 10.0, 21.75, 9999.0, 24.2, 9999.0, 117.57, 127.75, 120.2, 91.23, 138.48
2024-11-07, 04:06:01, 136.41, 58.25, 22.89, 22.05, 9999.0, 9.66, 10.0, 21.75, 9999.0, 24.18, 9999.0, 117.57, 127.75, 120.2, 91.2, 138.48
2024-11-07, 04:06:05, 136.41, 58.25, 22.89, 22.02, 9999.0, 9.68, 10.0, 21.75, 9999.0, 24.16, 9999.0, 117.57, 127.75, 120.2, 91.2, 138.45
2024-11-07, 04:06:09, 136.41, 58.25, 22.89, 22.0, 9999.0, 9.7, 10.0, 21.75, 9999.0, 24.14, 9999.0, 117.57, 127.75, 120.2, 91.2, 138.43
2024-11-07, 04:06:13, 136.41, 58.25, 22.89, 22.0, 9999.0, 9.7, 10.0, 21.75, 9999.0, 24.11, 9999.0, 117.59, 127.75, 120.2, 91.2, 138.41
2024-11-07, 04:06:17, 136.41, 58.25, 22.89, 22.0, 9999.0, 9.73, 10.0, 21.73, 9999.0, 24.11, 9999.0, 117.61, 127.75, 120.2, 91.23, 138.39
2024-11-07, 04:06:21, 136.41, 58.25, 22.86, 22.0, 9999.0, 9.75, 10.0, 21.73, 9999.0, 24.11, 9999.0, 117.64, 127.75, 120.2, 91.23, 138.39
2024-11-07, 04:06:25, 136.41, 58.25, 22.89, 22.0, 9999.0, 9.75, 10.0, 21.73, 9999.0, 24.14, 9999.0, 117.66, 127.75, 120.23, 91.2, 138.41
2024-11-07, 04:06:29, 136.43, 58.25, 22.91, 22.0, 9999.0, 9.75, 10.0, 21.73, 9999.0, 24.14, 9999.0, 117.68, 127.75, 120.23, 91.2, 138.39
2024-11-07, 04:06:33, 136.43, 58.25, 22.89, 22.0, 9999.0, 9.73, 10.0, 21.73, 9999.0, 24.14, 9999.0, 117.68, 127.75, 120.23, 91.2, 138.39
2024-11-07, 04:06:37, 136.45, 58.25, 22.86, 22.0, 9999.0, 9.73, 10.0, 21.73, 9999.0, 24.16, 9999.0, 117.7, 127.75, 120.25, 91.2, 138.39
2024-11-07, 04:06:41, 136.48, 58.25, 22.86, 22.02, 9999.0, 9.7, 10.0, 21.73, 9999.0, 24.16, 9999.0, 117.68, 127.75, 120.25, 91.2, 138.39
2024-11-07, 04:06:45, 136.48, 58.25, 22.86, 22.02, 9999.0, 9.68, 10.0, 21.73, 9999.0, 24.18, 9999.0, 117.68, 127.75, 120.25, 91.23, 138.39
2024-11-07, 04:06:49, 136.48, 58.25, 22.89, 22.02, 9999.0, 9.66, 10.0, 21.73, 9999.0, 24.2, 9999.0, 117.66, 127.75, 120.25, 91.23, 138.41
2024-11-07, 04:06:53, 136.48, 58.25, 22.89, 22.02, 9999.0, 9.64, 10.0, 21.73, 9999.0, 24.2, 9999.0, 117.64, 127.75, 120.25, 91.2, 138.43
2024-11-07, 04:06:57, 136.45, 58.25, 22.91, 22.02, 9999.0, 9.64, 10.0, 21.73, 9999.0, 24.23, 9999.0, 117.61, 127.75, 120.25, 91.18, 138.45
2024-11-07, 04:07:01, 136.43, 58.25, 22.91, 22.02, 9999.0, 9.64, 10.0, 21.75, 9999.0, 24.2, 9999.0, 117.59, 127.75, 120.25, 91.18, 138.45
2024-11-07, 04:07:05, 136.41, 58.25, 22.91, 22.05, 9999.0, 9.64, 10.0, 21.75, 9999.0, 24.18, 9999.0, 117.57, 127.75, 120.23, 91.18, 138.43
2024-11-07, 04:07:09, 136.41, 58.25, 22.89, 22.07, 9999.0, 9.66, 10.0, 21.75, 9999.0, 24.16, 9999.0, 117.55, 127.75, 120.23, 91.2, 138.43
2024-11-07, 04:07:13, 136.41, 58.25, 22.86, 22.07, 9999.0, 9.68, 10.0, 21.75, 9999.0, 24.14, 9999.0, 117.55, 127.75, 120.23, 91.2, 138.43
2024-11-07, 04:07:17, 136.41, 58.25, 22.89, 22.07, 9999.0, 9.73, 10.0, 21.75, 9999.0, 24.11, 9999.0, 117.57, 127.75, 120.23, 91.18, 138.43
2024-11-07, 04:07:21, 136.41, 58.25, 22.89, 22.07, 9999.0, 9.73, 10.0, 21.75, 9999.0, 24.09, 9999.0, 117.55, 127.75, 120.23, 91.18, 138.43
2024-11-07, 04:07:25, 136.41, 58.25, 22.86, 22.05, 9999.0, 9.75, 10.0, 21.75, 9999.0, 24.07, 9999.0, 117.59, 127.75, 120.23, 91.18, 138.43
2024-11-07, 04:07:29, 136.43, 58.25, 22.86, 22.05, 9999.0, 9.77, 10.0, 21.75, 9999.0, 24.02, 9999.0, 117.61, 127.75, 120.23, 91.18, 138.43
2024-11-07, 04:07:33, 136.43, 58.25, 22.86, 22.07, 9999.0, 9.8, 10.0, 21.75, 9999.0, 24.0, 9999.0, 117.64, 127.75, 120.23, 91.18, 138.43
2024-11-07, 04:07:37, 136.43, 58.25, 22.86, 22.09, 9999.0, 9.82, 10.0, 21.75, 9999.0, 24.0, 9999.0, 117.66, 127.75, 120.23, 91.2, 138.43
2024-11-07, 04:07:41, 136.45, 58.25, 22.84, 22.09, 9999.0, 9.82, 10.0, 21.75, 9999.0, 23.98, 9999.0, 117.68, 127.75, 120.23, 91.23, 138.43
2024-11-07, 04:07:46, 136.48, 58.25, 22.82, 22.09, 9999.0, 9.82, 10.0, 21.75, 9999.0, 24.0, 9999.0, 117.7, 127.75, 120.23, 91.2, 138.45
2024-11-07, 04:07:50, 136.5, 58.25, 22.82, 22.07, 9999.0, 9.82, 10.0, 21.75, 9999.0, 24.02, 9999.0, 117.73, 127.75, 120.25, 91.2, 138.45
2024-11-07, 04:07:54, 136.5, 58.25, 22.82, 22.05, 9999.0, 9.8, 10.0, 21.75, 9999.0, 24.05, 9999.0, 117.75, 127.75, 120.25, 91.2, 138.43
2024-11-07, 04:07:58, 136.5, 58.25, 22.84, 22.05, 9999.0, 9.75, 10.0, 21.75, 9999.0, 24.07, 9999.0, 117.73, 127.75, 120.25, 91.2, 138.45
2024-11-07, 04:08:02, 136.5, 58.25, 22.82, 22.05, 9999.0, 9.7, 10.0, 21.75, 9999.0, 24.07, 9999.0, 117.7, 127.75, 120.25, 91.23, 138.45
2024-11-07, 04:08:06, 136.5, 58.25, 22.84, 22.05, 9999.0, 9.68, 10.0, 21.73, 9999.0, 24.07, 9999.0, 117.7, 127.75, 120.25, 91.23, 138.45
2024-11-07, 04:08:10, 136.5, 58.25, 22.84, 22.05, 9999.0, 9.66, 10.0, 21.73, 9999.0, 24.07, 9999.0, 117.66, 127.75, 120.25, 91.23, 138.45
2024-11-07, 04:08:14, 136.5, 58.25, 22.82, 22.05, 9999.0, 9.64, 10.0, 21.73, 9999.0, 24.09, 9999.0, 117.64, 127.75, 120.25, 91.23, 138.45
2024-11-07, 04:08:18, 136.5, 58.25, 22.82, 22.02, 9999.0, 9.64, 10.0, 21.73, 9999.0, 24.09, 9999.0, 117.61, 127.75, 120.25, 91.23, 138.45
2024-11-07, 04:08:22, 136.5, 58.25, 22.82, 22.0, 9999.0, 9.64, 10.0, 21.7, 9999.0, 24.09, 9999.0, 117.59, 127.75, 120.25, 91.23, 138.43
2024-11-07, 04:08:26, 136.5, 58.25, 22.82, 22.0, 9999.0, 9.64, 10.0, 21.7, 9999.0, 24.09, 9999.0, 117.57, 127.75, 120.25, 91.2, 138.41
2024-11-07, 04:08:30, 136.48, 58.25, 22.82, 22.0, 9999.0, 9.66, 10.0, 21.7, 9999.0, 24.07, 9999.0, 117.55, 127.75, 120.25, 91.23, 138.39
2024-11-07, 04:08:34, 136.48, 58.25, 22.82, 22.0, 9999.0, 9.66, 10.0, 21.7, 9999.0, 24.05, 9999.0, 117.52, 127.75, 120.25, 91.2, 138.39
2024-11-07, 04:08:38, 136.48, 58.25, 22.82, 22.0, 9999.0, 9.66, 10.0, 21.7, 9999.0, 24.02, 9999.0, 117.5, 127.75, 120.25, 91.18, 138.41
2024-11-07, 04:08:42, 136.45, 58.25, 22.8, 22.0, 9999.0, 9.68, 10.0, 21.7, 9999.0, 23.98, 9999.0, 117.52, 127.75, 120.25, 91.18, 138.41
2024-11-07, 04:08:46, 136.43, 58.25, 22.8, 22.0, 9999.0, 9.7, 10.0, 21.7, 9999.0, 23.95, 9999.0, 117.55, 127.75, 120.25, 91.18, 138.41
2024-11-07, 04:08:50, 136.43, 58.25, 22.8, 22.0, 9999.0, 9.73, 10.0, 21.73, 9999.0, 23.93, 9999.0, 117.57, 127.75, 120.25, 91.18, 138.39
2024-11-07, 04:08:54, 136.43, 58.25, 22.8, 22.0, 9999.0, 9.75, 10.0, 21.73, 9999.0, 23.93, 9999.0, 117.59, 127.75, 120.25, 91.18, 138.36
2024-11-07, 04:08:59, 136.43, 58.25, 22.82, 22.0, 9999.0, 9.77, 10.0, 21.73, 9999.0, 23.93, 9999.0, 117.61, 127.75, 120.25, 91.18, 138.36
2024-11-07, 04:09:03, 136.43, 58.25, 22.8, 22.0, 9999.0, 9.77, 10.0, 21.73, 9999.0, 23.95, 9999.0, 117.64, 127.75, 120.25, 91.18, 138.36
2024-11-07, 04:09:07, 136.43, 58.25, 22.8, 22.0, 9999.0, 9.77, 10.0, 21.75, 9999.0, 23.98, 9999.0, 117.66, 127.75, 120.25, 91.18, 138.36
2024-11-07, 04:09:11, 136.43, 58.25, 22.82, 22.0, 9999.0, 9.75, 10.0, 21.75, 9999.0, 24.0, 9999.0, 117.68, 127.75, 120.25, 91.2, 138.39
2024-11-07, 04:09:15, 136.43, 58.25, 22.84, 22.0, 9999.0, 9.7, 10.0, 21.75, 9999.0, 24.0, 9999.0, 117.7, 127.75, 120.25, 91.2, 138.41
2024-11-07, 04:09:19, 136.43, 58.25, 22.84, 22.0, 9999.0, 9.68, 10.0, 21.75, 9999.0, 24.02, 9999.0, 117.7, 127.75, 120.25, 91.23, 138.43
2024-11-07, 04:09:23, 136.43, 58.25, 22.84, 22.0, 9999.0, 9.66, 10.0, 21.75, 9999.0, 24.05, 9999.0, 117.7, 127.75, 120.25, 91.25, 138.43
2024-11-07, 04:09:27, 136.45, 58.25, 22.84, 22.0, 9999.0, 9.64, 10.0, 21.75, 9999.0, 24.09, 9999.0, 117.68, 127.75, 120.25, 91.25, 138.43
2024-11-07, 04:09:31, 136.48, 58.25, 22.84, 22.0, 9999.0, 9.61, 10.0, 21.75, 9999.0, 24.14, 9999.0, 117.66, 127.75, 120.25, 91.25, 138.43
2024-11-07, 04:09:35, 136.45, 58.25, 22.82, 22.0, 9999.0, 9.61, 10.0, 21.75, 9999.0, 24.16, 9999.0, 117.64, 127.75, 120.25, 91.25, 138.45
2024-11-07, 04:09:39, 136.45, 58.25, 22.82, 22.02, 9999.0, 9.61, 10.0, 21.75, 9999.0, 24.18, 9999.0, 117.61, 127.75, 120.25, 91.25, 138.45
2024-11-07, 04:09:43, 136.45, 58.25, 22.82, 22.02, 9999.0, 9.61, 10.0, 21.75, 9999.0, 24.2, 9999.0, 117.59, 127.75, 120.25, 91.25, 138.45
2024-11-07, 04:09:47, 136.45, 58.25, 22.82, 22.05, 9999.0, 9.64, 10.0, 21.75, 9999.0, 24.18, 9999.0, 117.57, 127.75, 120.23, 91.25, 138.45
2024-11-07, 04:09:51, 136.43, 58.25, 22.84, 22.05, 9999.0, 9.64, 10.0, 21.75, 9999.0, 24.16, 9999.0, 117.57, 127.75, 120.2, 91.25, 138.45
2024-11-07, 04:09:55, 136.43, 58.25, 22.84, 22.05, 9999.0, 9.66, 10.0, 21.73, 9999.0, 24.14, 9999.0, 117.55, 127.75, 120.2, 91.23, 138.43
2024-11-07, 04:09:59, 136.45, 58.25, 22.82, 22.05, 9999.0, 9.68, 10.0, 21.73, 9999.0, 24.14, 9999.0, 117.55, 127.75, 120.18, 91.2, 138.43
2024-11-07, 04:10:03, 136.43, 58.25, 22.82, 22.05, 9999.0, 9.7, 10.0, 21.73, 9999.0, 24.11, 9999.0, 117.57, 127.75, 120.18, 91.2, 138.43
2024-11-07, 04:10:07, 136.43, 58.25, 22.84, 22.07, 9999.0, 9.73, 10.0, 21.73, 9999.0, 24.09, 9999.0, 117.59, 127.75, 120.18, 91.2, 138.43
2024-11-07, 04:10:11, 136.43, 58.25, 22.86, 22.07, 9999.0, 9.75, 10.0, 21.73, 9999.0, 24.07, 9999.0, 117.61, 127.75, 120.18, 91.2, 138.41
2024-11-07, 04:10:15, 136.43, 58.25, 22.89, 22.07, 9999.0, 9.77, 10.0, 21.73, 9999.0, 24.07, 9999.0, 117.64, 127.75, 120.18, 91.2, 138.41
2024-11-07, 04:10:20, 136.45, 58.25, 22.91, 22.07, 9999.0, 9.75, 10.0, 21.73, 9999.0, 24.07, 9999.0, 117.64, 127.75, 120.18, 91.2, 138.39
2024-11-07, 04:10:24, 136.45, 58.25, 22.91, 22.05, 9999.0, 9.75, 10.0, 21.73, 9999.0, 24.07, 9999.0, 117.66, 127.75, 120.18, 91.2, 138.39
2024-11-07, 04:10:28, 136.45, 58.25, 22.91, 22.05, 9999.0, 9.75, 10.0, 21.73, 9999.0, 24.07, 9999.0, 117.68, 127.75, 120.18, 91.2, 138.36
2024-11-07, 04:10:43, 136.45, 58.25, 22.93, 22.02, 9999.0, 9.73, 10.0, 21.73, 9999.0, 24.09, 9999.0, 117.68, 127.75, 120.2, 91.2, 138.36
2024-11-07, 04:10:47, 136.48, 58.25, 22.93, 22.02, 9999.0, 9.73, 10.0, 21.73, 9999.0, 24.11, 9999.0, 117.66, 127.75, 120.23, 91.2, 138.39
2024-11-07, 04:10:51, 136.48, 58.25, 22.93, 22.02, 9999.0, 9.7, 10.0, 21.75, 9999.0, 24.14, 9999.0, 117.66, 127.75, 120.2, 91.2, 138.41
2024-11-07, 04:10:56, 136.45, 58.25, 22.95, 22.02, 9999.0, 9.68, 10.0, 21.75, 9999.0, 24.16, 9999.0, 117.64, 127.75, 120.23, 91.2, 138.41
2024-11-07, 04:11:02, 136.48, 58.25, 22.95, 22.02, 9999.0, 9.66, 10.0, 21.75, 9999.0, 24.18, 9999.0, 117.61, 127.75, 120.23, 91.2, 138.39
2024-11-07, 04:11:06, 136.48, 58.25, 22.93, 22.0, 9999.0, 9.64, 10.0, 21.75, 9999.0, 24.2, 9999.0, 117.59, 127.75, 120.23, 91.18, 138.36
2024-11-07, 04:11:10, 136.48, 58.25, 22.93, 22.0, 9999.0, 9.64, 10.0, 21.75, 9999.0, 24.23, 9999.0, 117.57, 127.75, 120.23, 91.18, 138.36
2024-11-07, 04:11:14, 136.48, 58.25, 22.91, 22.0, 9999.0, 9.61, 10.0, 21.75, 9999.0, 24.23, 9999.0, 117.55, 127.75, 120.23, 91.16, 138.34
2024-11-07, 04:11:18, 136.48, 58.25, 22.89, 22.0, 9999.0, 9.66, 10.0, 21.75, 9999.0, 24.25, 9999.0, 117.55, 127.75, 120.23, 91.16, 138.34
2024-11-07, 04:11:22, 136.48, 58.25, 22.89, 22.0, 9999.0, 9.68, 10.0, 21.75, 9999.0, 24.23, 9999.0, 117.52, 127.75, 120.23, 91.16, 138.34
2024-11-07, 04:11:26, 136.48, 58.25, 22.86, 22.0, 9999.0, 9.68, 10.0, 21.75, 9999.0, 24.2, 9999.0, 117.52, 127.75, 120.23, 91.14, 138.34
2024-11-07, 04:11:30, 136.48, 58.25, 22.84, 22.02, 9999.0, 9.68, 10.0, 21.75, 9999.0, 24.18, 9999.0, 117.52, 127.75, 120.23, 91.14, 138.34
2024-11-07, 04:11:34, 136.48, 58.25, 22.84, 22.02, 9999.0, 9.68, 10.0, 21.75, 9999.0, 24.16, 9999.0, 117.55, 127.75, 120.23, 91.14, 138.32
2024-11-07, 04:11:38, 136.48, 58.25, 22.84, 22.02, 9999.0, 9.7, 10.0, 21.75, 9999.0, 24.14, 9999.0, 117.57, 127.75, 120.25, 91.16, 138.32
2024-11-07, 04:11:42, 136.48, 58.25, 22.82, 22.02, 9999.0, 9.73, 10.0, 21.75, 9999.0, 24.11, 9999.0, 117.59, 127.75, 120.25, 91.18, 138.32
2024-11-07, 04:11:46, 136.48, 58.25, 22.82, 22.02, 9999.0, 9.75, 10.0, 21.73, 9999.0, 24.09, 9999.0, 117.61, 127.75, 120.25, 91.18, 138.32
2024-11-07, 04:11:50, 136.48, 58.25, 22.84, 22.02, 9999.0, 9.77, 10.0, 21.73, 9999.0, 24.07, 9999.0, 117.64, 127.75, 120.25, 91.2, 138.34
2024-11-07, 04:11:54, 136.48, 58.25, 22.84, 22.02, 9999.0, 9.77, 10.0, 21.73, 9999.0, 24.05, 9999.0, 117.66, 127.75, 120.25, 91.2, 138.34
2024-11-07, 04:11:58, 136.48, 58.25, 22.84, 22.02, 9999.0, 9.8, 10.0, 21.73, 9999.0, 24.02, 9999.0, 117.68, 127.75, 120.25, 91.2, 138.36
2024-11-07, 04:12:02, 136.48, 58.25, 22.86, 22.02, 9999.0, 9.77, 10.0, 21.73, 9999.0, 24.0, 9999.0, 117.7, 127.75, 120.25, 91.2, 138.36
2024-11-07, 04:12:06, 136.48, 58.25, 22.86, 22.02, 9999.0, 9.73, 10.0, 21.73, 9999.0, 24.0, 9999.0, 117.7, 127.75, 120.25, 91.2, 138.39
2024-11-07, 04:12:10, 136.48, 58.25, 22.86, 22.02, 9999.0, 9.7, 10.0, 21.73, 9999.0, 24.0, 9999.0, 117.68, 127.75, 120.25, 91.23, 138.39
2024-11-07, 04:12:14, 136.48, 58.25, 22.89, 22.0, 9999.0, 9.68, 10.0, 21.73, 9999.0, 24.0, 9999.0, 117.68, 127.75, 120.25, 91.2, 138.36
2024-11-07, 04:12:18, 136.48, 58.25, 22.89, 22.0, 9999.0, 9.66, 10.0, 21.73, 9999.0, 24.0, 9999.0, 117.66, 127.75, 120.25, 91.2, 138.39
2024-11-07, 04:12:22, 136.48, 58.25, 22.89, 22.0, 9999.0, 9.64, 10.0, 21.73, 9999.0, 23.98, 9999.0, 117.64, 127.75, 120.25, 91.2, 138.36
2024-11-07, 04:12:26, 136.5, 58.25, 22.89, 22.0, 9999.0, 9.64, 10.0, 21.73, 9999.0, 23.95, 9999.0, 117.61, 127.75, 120.25, 91.2, 138.34
2024-11-07, 04:12:30, 136.5, 58.25, 22.89, 22.0, 9999.0, 9.64, 10.0, 21.75, 9999.0, 23.93, 9999.0, 117.59, 127.75, 120.25, 91.2, 138.36
2024-11-07, 04:12:34, 136.5, 58.25, 22.86, 22.0, 9999.0, 9.64, 10.0, 21.75, 9999.0, 23.91, 9999.0, 117.57, 127.75, 120.25, 91.2, 138.34
2024-11-07, 04:12:38, 136.5, 58.25, 22.86, 22.0, 9999.0, 9.66, 10.0, 21.75, 9999.0, 23.89, 9999.0, 117.55, 127.75, 120.25, 91.2, 138.34
2024-11-07, 04:12:42, 136.5, 58.25, 22.89, 22.0, 9999.0, 9.66, 10.0, 21.75, 9999.0, 23.86, 9999.0, 117.52, 127.75, 120.25, 91.23, 138.34
2024-11-07, 04:12:46, 136.5, 58.25, 22.89, 22.0, 9999.0, 9.66, 10.0, 21.75, 9999.0, 23.84, 9999.0, 117.52, 127.75, 120.25, 91.23, 138.34
2024-11-07, 04:12:50, 136.5, 58.25, 22.89, 22.0, 9999.0, 9.68, 10.0, 21.75, 9999.0, 23.82, 9999.0, 117.52, 127.75, 120.25, 91.23, 138.32
2024-11-07, 04:12:54, 136.5, 58.25, 22.89, 22.0, 9999.0, 9.7, 10.0, 21.75, 9999.0, 23.8, 9999.0, 117.55, 127.75, 120.25, 91.23, 138.34
2024-11-07, 04:12:59, 136.5, 58.25, 22.89, 22.0, 9999.0, 9.73, 10.0, 21.75, 9999.0, 23.77, 9999.0, 117.59, 127.75, 120.25, 91.25, 138.34
2024-11-07, 04:13:03, 136.5, 58.25, 22.86, 22.0, 9999.0, 9.75, 10.0, 21.73, 9999.0, 23.75, 9999.0, 117.61, 127.75, 120.25, 91.25, 138.32
2024-11-07, 04:13:07, 136.5, 58.25, 22.86, 22.0, 9999.0, 9.77, 10.0, 21.73, 9999.0, 23.75, 9999.0, 117.64, 127.75, 120.23, 91.25, 138.34
2024-11-07, 04:13:11, 136.5, 58.25, 22.86, 22.0, 9999.0, 9.77, 10.0, 21.73, 9999.0, 23.75, 9999.0, 117.66, 127.75, 120.23, 91.25, 138.34
2024-11-07, 04:13:15, 136.5, 58.25, 22.86, 22.0, 9999.0, 9.77, 10.0, 21.73, 9999.0, 23.77, 9999.0, 117.68, 127.75, 120.23, 91.25, 138.34
2024-11-07, 04:13:19, 136.5, 58.25, 22.86, 22.0, 9999.0, 9.77, 10.0, 21.73, 9999.0, 23.8, 9999.0, 117.7, 127.75, 120.23, 91.25, 138.36
2024-11-07, 04:13:23, 136.5, 58.25, 22.84, 22.0, 9999.0, 9.73, 10.0, 21.73, 9999.0, 23.82, 9999.0, 117.7, 127.75, 120.23, 91.25, 138.39
2024-11-07, 04:13:27, 136.5, 58.25, 22.84, 22.0, 9999.0, 9.7, 10.0, 21.73, 9999.0, 23.84, 9999.0, 117.7, 127.75, 120.23, 91.25, 138.39
2024-11-07, 04:13:31, 136.5, 58.25, 22.84, 22.0, 9999.0, 9.68, 10.0, 21.73, 9999.0, 23.86, 9999.0, 117.68, 127.75, 120.23, 91.25, 138.39
2024-11-07, 04:13:35, 136.5, 58.25, 22.84, 22.0, 9999.0, 9.66, 10.0, 21.73, 9999.0, 23.86, 9999.0, 117.68, 127.75, 120.23, 91.23, 138.41
2024-11-07, 04:13:39, 136.5, 58.25, 22.86, 22.0, 9999.0, 9.64, 10.0, 21.73, 9999.0, 23.86, 9999.0, 117.66, 127.75, 120.23, 91.23, 138.39
2024-11-07, 04:13:43, 136.5, 58.25, 22.84, 22.0, 9999.0, 9.61, 10.0, 21.73, 9999.0, 23.86, 9999.0, 117.61, 127.75, 120.23, 91.23, 138.39
2024-11-07, 04:13:47, 136.5, 58.25, 22.86, 22.0, 9999.0, 9.61, 10.0, 21.73, 9999.0, 23.86, 9999.0, 117.59, 127.75, 120.23, 91.23, 138.39
2024-11-07, 04:13:51, 136.5, 58.25, 22.86, 22.0, 9999.0, 9.61, 10.0, 21.7, 9999.0, 23.86, 9999.0, 117.57, 127.75, 120.25, 91.23, 138.39
2024-11-07, 04:13:55, 136.5, 58.25, 22.86, 22.0, 9999.0, 9.61, 10.0, 21.7, 9999.0, 23.86, 9999.0, 117.55, 127.75, 120.25, 91.23, 138.39
2024-11-07, 04:13:59, 136.5, 58.25, 22.89, 22.0, 9999.0, 9.64, 10.0, 21.7, 9999.0, 23.84, 9999.0, 117.52, 127.75, 120.25, 91.23, 138.36
2024-11-07, 04:14:03, 136.5, 58.25, 22.91, 22.0, 9999.0, 9.66, 10.0, 21.7, 9999.0, 23.8, 9999.0, 117.5, 127.75, 120.25, 91.2, 138.36
2024-11-07, 04:14:07, 136.48, 58.25, 22.93, 22.0, 9999.0, 9.68, 10.0, 21.7, 9999.0, 23.75, 9999.0, 117.52, 127.75, 120.25, 91.2, 138.34
2024-11-07, 04:14:11, 136.48, 58.25, 22.91, 22.0, 9999.0, 9.7, 10.0, 21.7, 9999.0, 23.7, 9999.0, 117.55, 127.75, 120.25, 91.2, 138.34
2024-11-07, 04:14:15, 136.48, 58.25, 22.89, 22.0, 9999.0, 9.73, 10.0, 21.7, 9999.0, 23.66, 9999.0, 117.57, 127.75, 120.25, 91.2, 138.36
2024-11-07, 04:14:19, 136.48, 58.25, 22.89, 22.0, 9999.0, 9.75, 10.0, 21.7, 9999.0, 23.64, 9999.0, 117.59, 127.75, 120.25, 91.23, 138.36
2024-11-07, 04:14:23, 136.48, 58.25, 22.86, 22.0, 9999.0, 9.77, 10.0, 21.7, 9999.0, 23.64, 9999.0, 117.61, 127.75, 120.25, 91.23, 138.39
2024-11-07, 04:14:27, 136.48, 58.25, 22.89, 22.0, 9999.0, 9.8, 10.0, 21.7, 9999.0, 23.64, 9999.0, 117.64, 127.75, 120.25, 91.23, 138.41
2024-11-07, 04:14:31, 136.48, 58.25, 22.89, 22.0, 9999.0, 9.8, 10.0, 21.73, 9999.0, 23.64, 9999.0, 117.66, 127.75, 120.25, 91.23, 138.43
2024-11-07, 04:14:35, 136.48, 58.25, 22.89, 22.0, 9999.0, 9.8, 10.0, 21.75, 9999.0, 23.66, 9999.0, 117.68, 127.75, 120.25, 91.23, 138.43
2024-11-07, 04:14:39, 136.48, 58.25, 22.91, 22.0, 9999.0, 9.77, 10.0, 21.75, 9999.0, 23.68, 9999.0, 117.7, 127.75, 120.25, 91.23, 138.45
2024-11-07, 04:14:43, 136.48, 58.25, 22.91, 22.0, 9999.0, 9.73, 10.0, 21.75, 9999.0, 23.7, 9999.0, 117.73, 127.75, 120.25, 91.23, 138.48
2024-11-07, 04:14:47, 136.48, 58.25, 22.91, 22.0, 9999.0, 9.68, 10.0, 21.75, 9999.0, 23.73, 9999.0, 117.73, 127.75, 120.25, 91.25, 138.48
2024-11-07, 04:14:51, 136.48, 58.25, 22.91, 22.0, 9999.0, 9.66, 10.0, 21.75, 9999.0, 23.75, 9999.0, 117.7, 127.75, 120.25, 91.25, 138.5
2024-11-07, 04:14:55, 136.48, 58.25, 22.91, 22.0, 9999.0, 9.64, 10.0, 21.75, 9999.0, 23.77, 9999.0, 117.68, 127.75, 120.25, 91.25, 138.5
2024-11-07, 04:14:59, 136.48, 58.25, 22.93, 22.0, 9999.0, 9.61, 10.0, 21.75, 9999.0, 23.8, 9999.0, 117.66, 127.75, 120.25, 91.25, 138.48
2024-11-07, 04:15:03, 136.45, 58.25, 22.95, 22.0, 9999.0, 9.61, 10.0, 21.75, 9999.0, 23.82, 9999.0, 117.64, 127.75, 120.25, 91.25, 138.48
2024-11-07, 04:15:07, 136.43, 58.25, 22.95, 22.0, 9999.0, 9.61, 10.0, 21.75, 9999.0, 23.82, 9999.0, 117.61, 127.75, 120.25, 91.25, 138.48
2024-11-07, 04:15:11, 136.43, 58.25, 22.93, 22.0, 9999.0, 9.61, 10.0, 21.75, 9999.0, 23.82, 9999.0, 117.59, 127.75, 120.25, 91.25, 138.45
2024-11-07, 04:15:15, 136.43, 58.25, 22.91, 22.0, 9999.0, 9.64, 10.0, 21.75, 9999.0, 23.82, 9999.0, 117.57, 127.75, 120.25, 91.25, 138.45
2024-11-07, 04:15:19, 136.41, 58.25, 22.91, 22.0, 9999.0, 9.64, 10.0, 21.75, 9999.0, 23.8, 9999.0, 117.55, 127.75, 120.25, 91.25, 138.45
2024-11-07, 04:15:23, 136.39, 58.25, 22.91, 22.0, 9999.0, 9.66, 10.0, 21.75, 9999.0, 23.77, 9999.0, 117.55, 127.75, 120.25, 91.25, 138.45
2024-11-07, 04:15:27, 136.39, 58.25, 22.89, 22.0, 9999.0, 9.68, 10.0, 21.75, 9999.0, 23.75, 9999.0, 117.52, 127.75, 120.25, 91.25, 138.43
2024-11-07, 04:15:31, 136.39, 58.25, 22.89, 22.0, 9999.0, 9.7, 10.0, 21.73, 9999.0, 23.75, 9999.0, 117.55, 127.75, 120.25, 91.25, 138.43
2024-11-07, 04:15:35, 136.41, 58.25, 22.89, 22.0, 9999.0, 9.73, 10.0, 21.73, 9999.0, 23.73, 9999.0, 117.57, 127.75, 120.25, 91.25, 138.43
2024-11-07, 04:15:39, 136.41, 58.25, 22.91, 22.0, 9999.0, 9.75, 10.0, 21.73, 9999.0, 23.73, 9999.0, 117.59, 127.75, 120.25, 91.23, 138.43
2024-11-07, 04:15:43, 136.39, 58.25, 22.91, 22.0, 9999.0, 9.77, 10.0, 21.73, 9999.0, 23.75, 9999.0, 117.61, 127.75, 120.25, 91.23, 138.45
2024-11-07, 04:15:47, 136.41, 58.25, 22.91, 22.0, 9999.0, 9.77, 10.0, 21.73, 9999.0, 23.75, 9999.0, 117.64, 127.75, 120.25, 91.23, 138.45
2024-11-07, 04:15:51, 136.43, 58.25, 22.91, 22.0, 9999.0, 9.77, 10.0, 21.73, 9999.0, 23.77, 9999.0, 117.66, 127.75, 120.25, 91.23, 138.45
2024-11-07, 04:15:55, 136.43, 58.25, 22.93, 22.0, 9999.0, 9.77, 10.0, 21.73, 9999.0, 23.8, 9999.0, 117.68, 127.75, 120.25, 91.23, 138.48
2024-11-07, 04:15:59, 136.43, 58.25, 22.93, 22.0, 9999.0, 9.75, 10.0, 21.73, 9999.0, 23.82, 9999.0, 117.7, 127.75, 120.25, 91.23, 138.48
2024-11-07, 04:16:03, 136.45, 58.25, 22.91, 22.0, 9999.0, 9.73, 10.0, 21.73, 9999.0, 23.84, 9999.0, 117.73, 127.75, 120.25, 91.23, 138.48
2024-11-07, 04:16:07, 136.48, 58.25, 22.91, 22.0, 9999.0, 9.7, 10.0, 21.73, 9999.0, 23.84, 9999.0, 117.7, 127.75, 120.25, 91.23, 138.48
2024-11-07, 04:16:11, 136.48, 58.25, 22.91, 22.0, 9999.0, 9.68, 10.0, 21.73, 9999.0, 23.84, 9999.0, 117.7, 127.75, 120.25, 91.23, 138.5
2024-11-07, 04:16:15, 136.48, 58.25, 22.91, 22.0, 9999.0, 9.66, 10.0, 21.75, 9999.0, 23.84, 9999.0, 117.68, 127.75, 120.25, 91.23, 138.5
2024-11-07, 04:16:19, 136.48, 58.25, 22.91, 22.0, 9999.0, 9.64, 10.0, 21.75, 9999.0, 23.86, 9999.0, 117.66, 127.75, 120.25, 91.23, 138.5
2024-11-07, 04:16:23, 136.48, 58.25, 22.91, 22.0, 9999.0, 9.64, 10.0, 21.75, 9999.0, 23.86, 9999.0, 117.64, 127.75, 120.25, 91.25, 138.5
2024-11-07, 04:16:27, 136.5, 58.25, 22.89, 22.0, 9999.0, 9.64, 10.0, 21.75, 9999.0, 23.84, 9999.0, 117.61, 127.75, 120.25, 91.25, 138.5
2024-11-07, 04:16:31, 136.5, 58.25, 22.89, 22.0, 9999.0, 9.64, 10.0, 21.75, 9999.0, 23.84, 9999.0, 117.59, 127.75, 120.23, 91.25, 138.5
2024-11-07, 04:16:35, 136.48, 58.25, 22.91, 22.0, 9999.0, 9.66, 10.0, 21.75, 9999.0, 23.82, 9999.0, 117.57, 127.75, 120.23, 91.25, 138.5
2024-11-07, 04:16:39, 136.45, 58.25, 22.91, 22.0, 9999.0, 9.66, 10.0, 21.75, 9999.0, 23.8, 9999.0, 117.57, 127.75, 120.23, 91.25, 138.5
2024-11-07, 04:16:43, 136.43, 58.25, 22.91, 22.0, 9999.0, 9.66, 10.0, 21.75, 9999.0, 23.75, 9999.0, 117.57, 127.75, 120.23, 91.25, 138.5
2024-11-07, 04:16:48, 136.43, 58.25, 22.93, 22.0, 9999.0, 9.68, 10.0, 21.75, 9999.0, 23.7, 9999.0, 117.57, 127.75, 120.23, 91.25, 138.5
2024-11-07, 04:16:52, 136.43, 58.25, 22.91, 22.0, 9999.0, 9.7, 10.0, 21.73, 9999.0, 23.68, 9999.0, 117.61, 127.75, 120.23, 91.25, 138.5
2024-11-07, 04:16:56, 136.41, 58.25, 22.91, 22.0, 9999.0, 9.73, 10.0, 21.73, 9999.0, 23.66, 9999.0, 117.64, 127.75, 120.23, 91.25, 138.5
2024-11-07, 04:17:00, 136.41, 58.25, 22.91, 22.02, 9999.0, 9.75, 10.0, 21.73, 9999.0, 23.66, 9999.0, 117.66, 127.75, 120.23, 91.25, 138.5
2024-11-07, 04:17:04, 136.41, 58.25, 22.91, 22.05, 9999.0, 9.77, 10.0, 21.73, 9999.0, 23.66, 9999.0, 117.68, 127.75, 120.23, 91.25, 138.5
2024-11-07, 04:17:08, 136.41, 58.25, 22.89, 22.05, 9999.0, 9.77, 10.0, 21.73, 9999.0, 23.66, 9999.0, 117.7, 127.75, 120.23, 91.23, 138.5
2024-11-07, 04:17:12, 136.41, 58.25, 22.91, 22.05, 9999.0, 9.75, 10.0, 21.73, 9999.0, 23.68, 9999.0, 117.73, 127.75, 120.23, 91.2, 138.5
2024-11-07, 04:17:16, 136.39, 58.25, 22.91, 22.05, 9999.0, 9.75, 10.0, 21.7, 9999.0, 23.7, 9999.0, 117.75, 127.75, 120.25, 91.2, 138.5
2024-11-07, 04:17:20, 136.39, 58.25, 22.89, 22.05, 9999.0, 9.7, 10.0, 21.7, 9999.0, 23.7, 9999.0, 117.75, 127.75, 120.25, 91.2, 138.5
2024-11-07, 04:17:24, 136.41, 58.25, 22.89, 22.05, 9999.0, 9.7, 10.0, 21.7, 9999.0, 23.7, 9999.0, 117.73, 127.75, 120.25, 91.2, 138.5
2024-11-07, 04:17:28, 136.43, 58.25, 22.91, 22.05, 9999.0, 9.68, 10.0, 21.7, 9999.0, 23.73, 9999.0, 117.7, 127.75, 120.25, 91.2, 138.5
2024-11-07, 04:17:32, 136.43, 58.25, 22.91, 22.05, 9999.0, 9.66, 10.0, 21.7, 9999.0, 23.75, 9999.0, 117.68, 127.75, 120.25, 91.2, 138.5
2024-11-07, 04:17:36, 136.43, 58.25, 22.91, 22.05, 9999.0, 9.64, 10.0, 21.73, 9999.0, 23.77, 9999.0, 117.64, 127.75, 120.25, 91.2, 138.5
2024-11-07, 04:17:40, 136.45, 58.25, 22.91, 22.05, 9999.0, 9.61, 10.0, 21.7, 9999.0, 23.8, 9999.0, 117.61, 127.75, 120.25, 91.2, 138.5
2024-11-07, 04:17:44, 136.45, 58.25, 22.89, 22.02, 9999.0, 9.61, 10.0, 21.7, 9999.0, 23.8, 9999.0, 117.59, 127.75, 120.23, 91.18, 138.5
2024-11-07, 04:17:48, 136.45, 58.25, 22.86, 22.0, 9999.0, 9.61, 10.0, 21.7, 9999.0, 23.8, 9999.0, 117.57, 127.75, 120.23, 91.16, 138.5
2024-11-07, 04:17:52, 136.43, 58.25, 22.86, 22.0, 9999.0, 9.64, 10.0, 21.7, 9999.0, 23.8, 9999.0, 117.55, 127.75, 120.23, 91.16, 138.5
2024-11-07, 04:17:56, 136.43, 58.25, 22.84, 22.0, 9999.0, 9.66, 10.0, 21.7, 9999.0, 23.77, 9999.0, 117.52, 127.75, 120.23, 91.18, 138.5
2024-11-07, 04:18:00, 136.45, 58.25, 22.84, 22.0, 9999.0, 9.66, 10.0, 21.73, 9999.0, 23.75, 9999.0, 117.52, 127.75, 120.2, 91.18, 138.5
2024-11-07, 04:18:04, 136.48, 58.25, 22.84, 22.0, 9999.0, 9.68, 10.0, 21.73, 9999.0, 23.75, 9999.0, 117.55, 127.75, 120.2, 91.18, 138.5
2024-11-07, 04:18:08, 136.48, 58.25, 22.82, 22.0, 9999.0, 9.68, 10.0, 21.73, 9999.0, 23.75, 9999.0, 117.57, 127.75, 120.2, 91.18, 138.5
2024-11-07, 04:18:12, 136.48, 58.25, 22.8, 22.0, 9999.0, 9.7, 10.0, 21.73, 9999.0, 23.75, 9999.0, 117.61, 127.75, 120.2, 91.18, 138.5
2024-11-07, 04:18:16, 136.48, 58.25, 22.8, 22.0, 9999.0, 9.73, 10.0, 21.7, 9999.0, 23.75, 9999.0, 117.64, 127.75, 120.2, 91.18, 138.5
2024-11-07, 04:18:20, 136.48, 58.25, 22.82, 22.0, 9999.0, 9.75, 10.0, 21.7, 9999.0, 23.77, 9999.0, 117.66, 127.75, 120.2, 91.18, 138.5
2024-11-07, 04:18:24, 136.48, 58.25, 22.84, 22.0, 9999.0, 9.77, 10.0, 21.73, 9999.0, 23.8, 9999.0, 117.68, 127.75, 120.2, 91.18, 138.5
2024-11-07, 04:18:28, 136.48, 58.25, 22.86, 22.0, 9999.0, 9.77, 10.0, 21.73, 9999.0, 23.82, 9999.0, 117.7, 127.75, 120.23, 91.2, 138.5
2024-11-07, 04:18:32, 136.48, 58.25, 22.89, 22.0, 9999.0, 9.75, 10.0, 21.73, 9999.0, 23.84, 9999.0, 117.73, 127.75, 120.23, 91.23, 138.5
2024-11-07, 04:18:36, 136.5, 58.25, 22.91, 22.0, 9999.0, 9.7, 10.0, 21.73, 9999.0, 23.86, 9999.0, 117.75, 127.75, 120.23, 91.25, 138.5
2024-11-07, 04:18:40, 136.5, 58.25, 22.91, 22.0, 9999.0, 9.68, 10.0, 21.73, 9999.0, 23.89, 9999.0, 117.77, 127.75, 120.23, 91.25, 138.5
2024-11-07, 04:18:44, 136.5, 58.25, 22.91, 22.0, 9999.0, 9.68, 10.0, 21.73, 9999.0, 23.91, 9999.0, 117.77, 127.75, 120.25, 91.25, 138.5
2024-11-07, 04:18:48, 136.5, 58.25, 22.91, 22.0, 9999.0, 9.66, 10.0, 21.73, 9999.0, 23.93, 9999.0, 117.75, 127.75, 120.25, 91.25, 138.5
2024-11-07, 04:18:52, 136.5, 58.25, 22.93, 22.0, 9999.0, 9.64, 10.0, 21.73, 9999.0, 23.95, 9999.0, 117.73, 127.75, 120.25, 91.23, 138.5
2024-11-07, 04:18:56, 136.5, 58.25, 22.93, 22.0, 9999.0, 9.61, 10.0, 21.7, 9999.0, 23.98, 9999.0, 117.68, 127.75, 120.25, 91.2, 138.5
2024-11-07, 04:19:00, 136.5, 58.25, 22.93, 22.0, 9999.0, 9.61, 10.0, 21.7, 9999.0, 23.98, 9999.0, 117.66, 127.75, 120.25, 91.2, 138.5
2024-11-07, 04:19:04, 136.5, 58.25, 22.93, 22.0, 9999.0, 9.61, 10.0, 21.7, 9999.0, 23.98, 9999.0, 117.64, 127.75, 120.25, 91.2, 138.5
2024-11-07, 04:19:08, 136.5, 58.25, 22.91, 22.02, 9999.0, 9.61, 10.0, 21.7, 9999.0, 23.95, 9999.0, 117.61, 127.75, 120.25, 91.2, 138.5
2024-11-07, 04:19:12, 136.5, 58.25, 22.91, 22.02, 9999.0, 9.64, 10.02, 21.7, 9999.0, 23.93, 9999.0, 117.59, 127.75, 120.25, 91.18, 138.5
2024-11-07, 04:19:16, 136.5, 58.25, 22.89, 22.02, 9999.0, 9.68, 10.02, 21.7, 9999.0, 23.91, 9999.0, 117.59, 127.75, 120.25, 91.18, 138.5
2024-11-07, 04:19:20, 136.5, 58.25, 22.89, 22.02, 9999.0, 9.73, 10.02, 21.7, 9999.0, 23.89, 9999.0, 117.59, 127.75, 120.25, 91.18, 138.5
2024-11-07, 04:19:24, 136.5, 58.25, 22.89, 22.02, 9999.0, 9.75, 10.02, 21.7, 9999.0, 23.84, 9999.0, 117.57, 127.75, 120.25, 91.18, 138.5
2024-11-07, 04:19:28, 136.5, 58.25, 22.86, 22.02, 9999.0, 9.75, 10.02, 21.7, 9999.0, 23.8, 9999.0, 117.59, 127.75, 120.25, 91.18, 138.5
2024-11-07, 04:19:32, 136.48, 58.25, 22.86, 22.02, 9999.0, 9.77, 10.02, 21.7, 9999.0, 23.75, 9999.0, 117.61, 127.75, 120.25, 91.18, 138.5
2024-11-07, 04:19:36, 136.48, 58.25, 22.84, 22.05, 9999.0, 9.8, 10.02, 21.68, 9999.0, 23.7, 9999.0, 117.64, 127.75, 120.25, 91.2, 138.5
2024-11-07, 04:19:40, 136.48, 58.25, 22.86, 22.07, 9999.0, 9.82, 10.02, 21.7, 9999.0, 23.68, 9999.0, 117.66, 127.75, 120.25, 91.23, 138.5
2024-11-07, 04:19:44, 136.45, 58.25, 22.84, 22.07, 9999.0, 9.82, 10.02, 21.73, 9999.0, 23.68, 9999.0, 117.68, 127.75, 120.25, 91.23, 138.5
2024-11-07, 04:19:48, 136.45, 58.25, 22.84, 22.07, 9999.0, 9.82, 10.02, 21.73, 9999.0, 23.68, 9999.0, 117.7, 127.75, 120.25, 91.23, 138.5
2024-11-07, 04:19:52, 136.45, 58.25, 22.86, 22.05, 9999.0, 9.8, 10.02, 21.73, 9999.0, 23.68, 9999.0, 117.73, 127.75, 120.25, 91.23, 138.5
2024-11-07, 04:19:56, 136.45, 58.25, 22.86, 22.05, 9999.0, 9.77, 10.0, 21.73, 9999.0, 23.7, 9999.0, 117.75, 127.75, 120.25, 91.25, 138.5
2024-11-07, 04:20:00, 136.45, 58.25, 22.89, 22.05, 9999.0, 9.75, 10.0, 21.73, 9999.0, 23.7, 9999.0, 117.75, 127.75, 120.25, 91.25, 138.5
2024-11-07, 04:20:04, 136.45, 58.25, 22.89, 22.05, 9999.0, 9.7, 10.0, 21.73, 9999.0, 23.7, 9999.0, 117.73, 127.75, 120.25, 91.25, 138.5
2024-11-07, 04:20:08, 136.43, 58.25, 22.91, 22.05, 9999.0, 9.68, 10.0, 21.73, 9999.0, 23.73, 9999.0, 117.75, 127.75, 120.25, 91.25, 138.5
2024-11-07, 04:20:12, 136.43, 58.25, 22.93, 22.07, 9999.0, 9.66, 10.0, 21.73, 9999.0, 23.75, 9999.0, 117.7, 127.75, 120.25, 91.25, 138.5
2024-11-07, 04:20:39, 136.45, 58.25, 22.95, 22.07, 9999.0, 9.64, 10.0, 21.73, 9999.0, 23.77, 9999.0, 117.68, 127.75, 120.25, 91.25, 138.5
2024-11-07, 04:20:43, 136.45, 58.25, 22.95, 22.07, 9999.0, 9.64, 10.0, 21.75, 9999.0, 23.77, 9999.0, 117.66, 127.75, 120.25, 91.25, 138.5
2024-11-07, 04:20:47, 136.45, 58.25, 22.93, 22.07, 9999.0, 9.64, 10.0, 21.73, 9999.0, 23.77, 9999.0, 117.64, 127.75, 120.25, 91.25, 138.5
2024-11-07, 04:20:55, 136.45, 58.25, 22.95, 22.09, 9999.0, 9.64, 10.0, 21.73, 9999.0, 23.77, 9999.0, 117.61, 127.75, 120.25, 91.25, 138.5
2024-11-07, 04:20:59, 136.45, 58.25, 22.93, 22.09, 9999.0, 9.66, 10.0, 21.73, 9999.0, 23.75, 9999.0, 117.59, 127.75, 120.25, 91.25, 138.5
2024-11-07, 04:21:03, 136.45, 58.25, 22.91, 22.09, 9999.0, 9.7, 10.0, 21.73, 9999.0, 23.75, 9999.0, 117.59, 127.75, 120.25, 91.25, 138.5
2024-11-07, 04:21:07, 136.45, 58.25, 22.89, 22.09, 9999.0, 9.7, 10.0, 21.73, 9999.0, 23.73, 9999.0, 117.59, 127.75, 120.25, 91.25, 138.5
2024-11-07, 04:21:11, 136.45, 58.25, 22.86, 22.09, 9999.0, 9.7, 10.0, 21.73, 9999.0, 23.73, 9999.0, 117.59, 127.75, 120.25, 91.25, 138.5
2024-11-07, 04:21:15, 136.45, 58.25, 22.86, 22.09, 9999.0, 9.73, 10.0, 21.73, 9999.0, 23.73, 9999.0, 117.61, 127.75, 120.25, 91.25, 138.5
2024-11-07, 04:21:19, 136.48, 58.25, 22.86, 22.09, 9999.0, 9.75, 10.0, 21.73, 9999.0, 23.73, 9999.0, 117.61, 127.75, 120.25, 91.25, 138.5
2024-11-07, 04:21:23, 136.48, 58.25, 22.86, 22.07, 9999.0, 9.77, 10.0, 21.73, 9999.0, 23.75, 9999.0, 117.64, 127.75, 120.25, 91.25, 138.5
2024-11-07, 04:21:27, 136.48, 58.25, 22.86, 22.07, 9999.0, 9.8, 10.0, 21.73, 9999.0, 23.77, 9999.0, 117.66, 127.75, 120.25, 91.25, 138.5
2024-11-07, 04:21:31, 136.45, 58.25, 22.89, 22.07, 9999.0, 9.8, 10.0, 21.7, 9999.0, 23.82, 9999.0, 117.68, 127.75, 120.25, 91.25, 138.5
2024-11-07, 04:21:35, 136.45, 58.25, 22.91, 22.05, 9999.0, 9.8, 10.0, 21.73, 9999.0, 23.84, 9999.0, 117.7, 127.75, 120.25, 91.25, 138.5
2024-11-07, 04:21:39, 136.48, 58.25, 22.91, 22.02, 9999.0, 9.77, 10.0, 21.73, 9999.0, 23.86, 9999.0, 117.73, 127.75, 120.23, 91.25, 138.5
2024-11-07, 04:21:43, 136.48, 58.25, 22.93, 22.02, 9999.0, 9.73, 10.0, 21.73, 9999.0, 23.89, 9999.0, 117.75, 127.75, 120.23, 91.25, 138.5
2024-11-07, 04:21:47, 136.48, 58.25, 22.95, 22.02, 9999.0, 9.68, 10.0, 21.7, 9999.0, 23.91, 9999.0, 117.75, 127.75, 120.23, 91.25, 138.5
2024-11-07, 04:21:51, 136.45, 58.25, 22.98, 22.02, 9999.0, 9.68, 10.0, 21.7, 9999.0, 23.93, 9999.0, 117.73, 127.75, 120.23, 91.25, 138.5
2024-11-07, 04:21:55, 136.45, 58.25, 22.98, 22.02, 9999.0, 9.66, 10.0, 21.7, 9999.0, 23.93, 9999.0, 117.7, 127.75, 120.23, 91.25, 138.5
2024-11-07, 04:21:59, 136.43, 58.25, 22.98, 22.02, 9999.0, 9.64, 10.0, 21.7, 9999.0, 23.95, 9999.0, 117.68, 127.75, 120.23, 91.25, 138.5
2024-11-07, 04:22:03, 136.41, 58.25, 22.98, 22.02, 9999.0, 9.61, 10.0, 21.68, 9999.0, 23.98, 9999.0, 117.66, 127.75, 120.23, 91.25, 138.5
2024-11-07, 04:22:07, 136.41, 58.25, 22.95, 22.02, 9999.0, 9.61, 10.0, 21.68, 9999.0, 23.98, 9999.0, 117.64, 127.75, 120.23, 91.23, 138.5
2024-11-07, 04:22:11, 136.41, 58.25, 22.95, 22.02, 9999.0, 9.61, 10.0, 21.68, 9999.0, 23.98, 9999.0, 117.61, 127.75, 120.23, 91.2, 138.5
2024-11-07, 04:22:15, 136.43, 58.25, 22.95, 22.0, 9999.0, 9.64, 10.0, 21.7, 9999.0, 23.98, 9999.0, 117.59, 127.75, 120.23, 91.18, 138.5
2024-11-07, 04:22:19, 136.41, 58.25, 22.93, 22.0, 9999.0, 9.66, 10.0, 21.7, 9999.0, 23.98, 9999.0, 117.57, 127.75, 120.23, 91.16, 138.5
2024-11-07, 04:22:23, 136.41, 58.25, 22.91, 22.0, 9999.0, 9.68, 10.0, 21.7, 9999.0, 23.95, 9999.0, 117.57, 127.75, 120.25, 91.16, 138.5
2024-11-07, 04:22:27, 136.41, 58.25, 22.91, 22.0, 9999.0, 9.7, 10.0, 21.68, 9999.0, 23.93, 9999.0, 117.55, 127.75, 120.25, 91.16, 138.5
2024-11-07, 04:22:31, 136.39, 58.25, 22.89, 22.02, 9999.0, 9.73, 10.0, 21.7, 9999.0, 23.91, 9999.0, 117.55, 127.75, 120.25, 91.16, 138.5
2024-11-07, 04:22:35, 136.41, 58.25, 22.89, 22.02, 9999.0, 9.73, 10.0, 21.7, 9999.0, 23.89, 9999.0, 117.59, 127.75, 120.25, 91.16, 138.5
2024-11-07, 04:22:39, 136.39, 58.25, 22.91, 22.02, 9999.0, 9.75, 10.0, 21.7, 9999.0, 23.89, 9999.0, 117.61, 127.75, 120.25, 91.16, 138.5
2024-11-07, 04:22:43, 136.41, 58.25, 22.91, 22.05, 9999.0, 9.77, 10.0, 21.7, 9999.0, 23.89, 9999.0, 117.64, 127.75, 120.25, 91.16, 138.5
2024-11-07, 04:22:47, 136.43, 58.25, 22.89, 22.05, 9999.0, 9.8, 10.0, 21.73, 9999.0, 23.89, 9999.0, 117.66, 127.75, 120.25, 91.16, 138.5
2024-11-07, 04:22:51, 136.43, 58.25, 22.89, 22.05, 9999.0, 9.8, 10.0, 21.73, 9999.0, 23.89, 9999.0, 117.68, 127.75, 120.25, 91.18, 138.5
2024-11-07, 04:22:55, 136.43, 58.25, 22.86, 22.07, 9999.0, 9.8, 10.0, 21.73, 9999.0, 23.89, 9999.0, 117.7, 127.77, 120.25, 91.2, 138.5
2024-11-07, 04:22:59, 136.43, 58.25, 22.86, 22.09, 9999.0, 9.77, 10.0, 21.73, 9999.0, 23.89, 9999.0, 117.73, 127.77, 120.25, 91.23, 138.5
2024-11-07, 04:23:04, 136.45, 58.25, 22.89, 22.09, 9999.0, 9.73, 10.0, 21.73, 9999.0, 23.89, 9999.0, 117.75, 127.77, 120.23, 91.25, 138.5
2024-11-07, 04:23:16, 136.45, 58.25, 22.91, 22.11, 9999.0, 9.73, 10.0, 21.7, 9999.0, 23.89, 9999.0, 117.75, 127.77, 120.23, 91.25, 138.5
2024-11-07, 04:23:20, 136.45, 58.25, 22.91, 22.11, 9999.0, 9.73, 10.0, 21.73, 9999.0, 23.91, 9999.0, 117.77, 127.77, 120.23, 91.25, 138.5
2024-11-07, 04:23:24, 136.45, 58.25, 22.91, 22.11, 9999.0, 9.7, 10.0, 21.73, 9999.0, 23.93, 9999.0, 117.77, 127.77, 120.23, 91.25, 138.5
2024-11-07, 04:23:28, 136.45, 58.25, 22.91, 22.14, 9999.0, 9.68, 10.0, 21.73, 9999.0, 23.95, 9999.0, 117.75, 127.77, 120.23, 91.25, 138.5
2024-11-07, 04:23:32, 136.45, 58.25, 22.89, 22.14, 9999.0, 9.68, 10.0, 21.73, 9999.0, 23.98, 9999.0, 117.75, 127.77, 120.23, 91.25, 138.5
2024-11-07, 04:23:36, 136.45, 58.25, 22.89, 22.11, 9999.0, 9.66, 10.0, 21.73, 9999.0, 23.98, 9999.0, 117.73, 127.77, 120.23, 91.25, 138.5
2024-11-07, 04:23:40, 136.45, 58.25, 22.91, 22.11, 9999.0, 9.64, 10.0, 21.73, 9999.0, 23.98, 9999.0, 117.73, 127.77, 120.23, 91.25, 138.5
2024-11-07, 04:23:44, 136.43, 58.25, 22.93, 22.11, 9999.0, 9.61, 10.0, 21.73, 9999.0, 23.98, 9999.0, 117.73, 127.77, 120.23, 91.25, 138.5
2024-11-07, 04:23:48, 136.41, 58.25, 22.95, 22.11, 9999.0, 9.59, 10.0, 21.73, 9999.0, 23.98, 9999.0, 117.73, 127.75, 120.23, 91.25, 138.5
2024-11-07, 04:23:52, 136.41, 58.25, 22.95, 22.09, 9999.0, 9.59, 10.0, 21.73, 9999.0, 23.98, 9999.0, 117.7, 127.75, 120.23, 91.25, 138.5
2024-11-07, 04:23:56, 136.39, 58.25, 22.95, 22.11, 9999.0, 9.61, 10.0, 21.73, 9999.0, 23.98, 9999.0, 117.68, 127.75, 120.25, 91.25, 138.5
2024-11-07, 04:24:00, 136.36, 58.25, 22.93, 22.11, 9999.0, 9.61, 10.0, 21.75, 9999.0, 23.98, 9999.0, 117.66, 127.75, 120.25, 91.25, 138.5
2024-11-07, 04:24:04, 136.36, 58.25, 22.91, 22.11, 9999.0, 9.64, 10.0, 21.75, 9999.0, 23.95, 9999.0, 117.64, 127.75, 120.25, 91.25, 138.5
2024-11-07, 04:24:08, 136.39, 58.25, 22.93, 22.11, 9999.0, 9.66, 10.0, 21.75, 9999.0, 23.93, 9999.0, 117.64, 127.75, 120.25, 91.25, 138.5
2024-11-07, 04:24:12, 136.39, 58.25, 22.93, 22.09, 9999.0, 9.68, 10.0, 21.75, 9999.0, 23.91, 9999.0, 117.64, 127.75, 120.25, 91.25, 138.5
2024-11-07, 04:24:16, 136.41, 58.25, 22.93, 22.11, 9999.0, 9.68, 10.0, 21.75, 9999.0, 23.89, 9999.0, 117.64, 127.75, 120.25, 91.25, 138.5
2024-11-07, 04:24:20, 136.41, 58.25, 22.93, 22.11, 9999.0, 9.7, 10.0, 21.75, 9999.0, 23.86, 9999.0, 117.66, 127.75, 120.25, 91.25, 138.5
2024-11-07, 04:24:24, 136.41, 58.25, 22.91, 22.11, 9999.0, 9.73, 10.0, 21.75, 9999.0, 23.84, 9999.0, 117.66, 127.75, 120.25, 91.25, 138.5
2024-11-07, 04:24:28, 136.43, 58.25, 22.91, 22.14, 9999.0, 9.75, 10.0, 21.75, 9999.0, 23.82, 9999.0, 117.66, 127.75, 120.25, 91.25, 138.5
2024-11-07, 04:24:32, 136.45, 58.25, 22.89, 22.14, 9999.0, 9.77, 10.0, 21.75, 9999.0, 23.8, 9999.0, 117.66, 127.75, 120.25, 91.25, 138.5
2024-11-07, 04:24:36, 136.45, 58.25, 22.86, 22.14, 9999.0, 9.77, 10.0, 21.75, 9999.0, 23.8, 9999.0, 117.68, 127.75, 120.25, 91.25, 138.5
2024-11-07, 04:24:40, 136.48, 58.25, 22.84, 22.11, 9999.0, 9.75, 10.0, 21.75, 9999.0, 23.8, 9999.0, 117.7, 127.75, 120.25, 91.25, 138.5
2024-11-07, 04:24:44, 136.5, 58.25, 22.84, 22.09, 9999.0, 9.75, 10.0, 21.75, 9999.0, 23.84, 9999.0, 117.73, 127.75, 120.25, 91.25, 138.5
2024-11-07, 04:24:48, 136.5, 58.25, 22.86, 22.09, 9999.0, 9.7, 10.0, 21.75, 9999.0, 23.86, 9999.0, 117.75, 127.75, 120.25, 91.25, 138.5
2024-11-07, 04:24:52, 136.5, 58.25, 22.84, 22.07, 9999.0, 9.68, 10.0, 21.75, 9999.0, 23.89, 9999.0, 117.75, 127.75, 120.25, 91.25, 138.5
2024-11-07, 04:24:56, 136.5, 58.25, 22.82, 22.09, 9999.0, 9.68, 10.0, 21.75, 9999.0, 23.91, 9999.0, 117.75, 127.75, 120.25, 91.25, 138.5
2024-11-07, 04:25:00, 136.5, 58.25, 22.84, 22.07, 9999.0, 9.66, 10.0, 21.75, 9999.0, 23.93, 9999.0, 117.73, 127.75, 120.25, 91.23, 138.5
2024-11-07, 04:25:04, 136.5, 58.25, 22.82, 22.07, 9999.0, 9.64, 10.0, 21.75, 9999.0, 23.95, 9999.0, 117.7, 127.75, 120.25, 91.2, 138.5
2024-11-07, 04:25:08, 136.5, 58.25, 22.84, 22.09, 9999.0, 9.61, 10.0, 21.75, 9999.0, 23.95, 9999.0, 117.68, 127.75, 120.25, 91.2, 138.5
2024-11-07, 04:25:12, 136.5, 58.25, 22.84, 22.07, 9999.0, 9.61, 10.0, 21.75, 9999.0, 23.98, 9999.0, 117.66, 127.75, 120.25, 91.2, 138.5
2024-11-07, 04:25:16, 136.5, 58.25, 22.84, 22.05, 9999.0, 9.61, 10.0, 21.75, 9999.0, 24.0, 9999.0, 117.64, 127.75, 120.25, 91.2, 138.5
2024-11-07, 04:25:20, 136.5, 58.25, 22.84, 22.07, 9999.0, 9.61, 10.0, 21.75, 9999.0, 23.98, 9999.0, 117.61, 127.75, 120.25, 91.2, 138.5
2024-11-07, 04:25:24, 136.5, 58.25, 22.84, 22.07, 9999.0, 9.66, 10.0, 21.75, 9999.0, 23.95, 9999.0, 117.59, 127.75, 120.25, 91.2, 138.5
2024-11-07, 04:25:28, 136.5, 58.25, 22.86, 22.07, 9999.0, 9.68, 10.0, 21.75, 9999.0, 23.93, 9999.0, 117.59, 127.75, 120.25, 91.2, 138.5
2024-11-07, 04:25:32, 136.5, 58.25, 22.86, 22.07, 9999.0, 9.7, 10.0, 21.75, 9999.0, 23.91, 9999.0, 117.59, 127.75, 120.25, 91.2, 138.5
2024-11-07, 04:25:36, 136.48, 58.25, 22.86, 22.07, 9999.0, 9.73, 10.0, 21.75, 9999.0, 23.91, 9999.0, 117.59, 127.75, 120.25, 91.2, 138.5
2024-11-07, 04:25:40, 136.48, 58.25, 22.86, 22.07, 9999.0, 9.73, 10.0, 21.75, 9999.0, 23.91, 9999.0, 117.59, 127.75, 120.25, 91.2, 138.5
2024-11-07, 04:25:44, 136.48, 58.25, 22.86, 22.09, 9999.0, 9.75, 10.0, 21.75, 9999.0, 23.91, 9999.0, 117.64, 127.75, 120.25, 91.23, 138.5
2024-11-07, 04:25:48, 136.48, 58.25, 22.89, 22.09, 9999.0, 9.75, 10.0, 21.75, 9999.0, 23.91, 9999.0, 117.66, 127.75, 120.25, 91.25, 138.5
2024-11-07, 04:25:52, 136.48, 58.25, 22.86, 22.09, 9999.0, 9.77, 10.0, 21.75, 9999.0, 23.93, 9999.0, 117.68, 127.75, 120.25, 91.25, 138.5
2024-11-07, 04:25:56, 136.48, 58.25, 22.84, 22.11, 9999.0, 9.77, 10.0, 21.75, 9999.0, 23.93, 9999.0, 117.7, 127.75, 120.25, 91.25, 138.5
2024-11-07, 04:26:00, 136.48, 58.25, 22.86, 22.11, 9999.0, 9.77, 10.0, 21.75, 9999.0, 23.95, 9999.0, 117.73, 127.75, 120.25, 91.25, 138.5
2024-11-07, 04:26:04, 136.48, 58.25, 22.89, 22.09, 9999.0, 9.75, 10.0, 21.75, 9999.0, 24.0, 9999.0, 117.75, 127.75, 120.25, 91.25, 138.5
2024-11-07, 04:26:08, 136.48, 58.25, 22.89, 22.11, 9999.0, 9.7, 10.0, 21.75, 9999.0, 24.02, 9999.0, 117.77, 127.75, 120.25, 91.25, 138.5
2024-11-07, 04:26:12, 136.48, 58.25, 22.89, 22.11, 9999.0, 9.66, 10.0, 21.75, 9999.0, 24.02, 9999.0, 117.77, 127.75, 120.25, 91.25, 138.5
2024-11-07, 04:26:16, 136.48, 58.25, 22.89, 22.11, 9999.0, 9.64, 10.0, 21.75, 9999.0, 24.05, 9999.0, 117.75, 127.75, 120.25, 91.25, 138.5
2024-11-07, 04:26:20, 136.5, 58.25, 22.89, 22.11, 9999.0, 9.61, 10.0, 21.75, 9999.0, 24.05, 9999.0, 117.73, 127.75, 120.25, 91.25, 138.5
2024-11-07, 04:26:24, 136.5, 58.25, 22.91, 22.09, 9999.0, 9.59, 10.0, 21.75, 9999.0, 24.05, 9999.0, 117.7, 127.75, 120.25, 91.25, 138.5
2024-11-07, 04:26:28, 136.5, 58.25, 22.89, 22.07, 9999.0, 9.59, 10.0, 21.75, 9999.0, 24.05, 9999.0, 117.66, 127.75, 120.25, 91.23, 138.5
2024-11-07, 04:26:32, 136.5, 58.25, 22.89, 22.07, 9999.0, 9.61, 10.0, 21.75, 9999.0, 24.05, 9999.0, 117.64, 127.75, 120.23, 91.23, 138.5
2024-11-07, 04:26:36, 136.5, 58.25, 22.89, 22.05, 9999.0, 9.59, 10.0, 21.75, 9999.0, 24.05, 9999.0, 117.61, 127.75, 120.23, 91.23, 138.5
2024-11-07, 04:26:40, 136.5, 58.25, 22.89, 22.02, 9999.0, 9.61, 10.0, 21.75, 9999.0, 24.05, 9999.0, 117.59, 127.75, 120.23, 91.23, 138.5
2024-11-07, 04:26:44, 136.5, 58.25, 22.86, 22.02, 9999.0, 9.61, 10.0, 21.75, 9999.0, 24.02, 9999.0, 117.59, 127.75, 120.23, 91.23, 138.5
2024-11-07, 04:26:48, 136.48, 58.25, 22.84, 22.02, 9999.0, 9.64, 10.0, 21.75, 9999.0, 24.0, 9999.0, 117.59, 127.75, 120.23, 91.23, 138.5
2024-11-07, 04:26:52, 136.48, 58.25, 22.84, 22.02, 9999.0, 9.66, 10.0, 21.75, 9999.0, 23.98, 9999.0, 117.59, 127.75, 120.23, 91.23, 138.5
2024-11-07, 04:26:57, 136.45, 58.25, 22.82, 22.05, 9999.0, 9.68, 10.0, 21.75, 9999.0, 23.95, 9999.0, 117.59, 127.75, 120.23, 91.23, 138.5
2024-11-07, 04:27:01, 136.45, 58.25, 22.8, 22.05, 9999.0, 9.7, 10.0, 21.75, 9999.0, 23.93, 9999.0, 117.61, 127.75, 120.23, 91.2, 138.5
2024-11-07, 04:27:05, 136.45, 58.25, 22.8, 22.05, 9999.0, 9.73, 10.0, 21.75, 9999.0, 23.93, 9999.0, 117.64, 127.75, 120.23, 91.2, 138.5
2024-11-07, 04:27:09, 136.45, 58.25, 22.77, 22.05, 9999.0, 9.75, 10.0, 21.75, 9999.0, 23.93, 9999.0, 117.66, 127.75, 120.23, 91.2, 138.5
2024-11-07, 04:27:13, 136.45, 58.25, 22.77, 22.07, 9999.0, 9.73, 10.0, 21.75, 9999.0, 23.93, 9999.0, 117.68, 127.75, 120.23, 91.2, 138.5
2024-11-07, 04:27:17, 136.45, 58.25, 22.75, 22.07, 9999.0, 9.7, 10.0, 21.75, 9999.0, 23.95, 9999.0, 117.7, 127.75, 120.25, 91.2, 138.5
2024-11-07, 04:27:21, 136.45, 58.25, 22.77, 22.07, 9999.0, 9.7, 10.0, 21.75, 9999.0, 23.98, 9999.0, 117.73, 127.77, 120.25, 91.2, 138.5
2024-11-07, 04:27:25, 136.45, 58.25, 22.8, 22.07, 9999.0, 9.66, 10.0, 21.75, 9999.0, 24.0, 9999.0, 117.75, 127.77, 120.25, 91.18, 138.5
2024-11-07, 04:27:29, 136.43, 58.25, 22.8, 22.09, 9999.0, 9.64, 10.0, 21.75, 9999.0, 24.02, 9999.0, 117.75, 127.77, 120.25, 91.18, 138.5
2024-11-07, 04:27:33, 136.45, 58.25, 22.82, 22.09, 9999.0, 9.61, 10.0, 21.75, 9999.0, 24.05, 9999.0, 117.75, 127.77, 120.25, 91.18, 138.5
2024-11-07, 04:27:37, 136.45, 58.25, 22.82, 22.07, 9999.0, 9.59, 10.0, 21.73, 9999.0, 24.09, 9999.0, 117.73, 127.77, 120.25, 91.18, 138.5
2024-11-07, 04:27:41, 136.48, 58.25, 22.82, 22.05, 9999.0, 9.57, 10.0, 21.73, 9999.0, 24.14, 9999.0, 117.7, 127.77, 120.25, 91.18, 138.5
2024-11-07, 04:27:45, 136.45, 58.25, 22.84, 22.07, 9999.0, 9.55, 10.0, 21.73, 9999.0, 24.18, 9999.0, 117.68, 127.77, 120.23, 91.18, 138.5
2024-11-07, 04:27:49, 136.45, 58.25, 22.86, 22.07, 9999.0, 9.55, 10.0, 21.73, 9999.0, 24.2, 9999.0, 117.66, 127.77, 120.23, 91.16, 138.5
2024-11-07, 04:27:53, 136.45, 58.25, 22.86, 22.07, 9999.0, 9.55, 10.0, 21.7, 9999.0, 24.23, 9999.0, 117.64, 127.77, 120.23, 91.14, 138.5
2024-11-07, 04:27:57, 136.43, 58.25, 22.86, 22.07, 9999.0, 9.57, 10.0, 21.7, 9999.0, 24.23, 9999.0, 117.61, 127.77, 120.23, 91.16, 138.5
2024-11-07, 04:28:01, 136.43, 58.25, 22.89, 22.09, 9999.0, 9.61, 10.0, 21.7, 9999.0, 24.23, 9999.0, 117.59, 127.77, 120.23, 91.14, 138.5
2024-11-07, 04:28:05, 136.43, 58.25, 22.89, 22.09, 9999.0, 9.66, 10.0, 21.7, 9999.0, 24.2, 9999.0, 117.59, 127.75, 120.23, 91.14, 138.5
2024-11-07, 04:28:09, 136.43, 58.25, 22.86, 22.09, 9999.0, 9.68, 10.0, 21.7, 9999.0, 24.18, 9999.0, 117.59, 127.75, 120.23, 91.16, 138.5
2024-11-07, 04:28:13, 136.45, 58.25, 22.86, 22.09, 9999.0, 9.7, 10.0, 21.7, 9999.0, 24.16, 9999.0, 117.59, 127.75, 120.2, 91.16, 138.5
2024-11-07, 04:28:17, 136.45, 58.25, 22.84, 22.09, 9999.0, 9.73, 10.0, 21.7, 9999.0, 24.14, 9999.0, 117.59, 127.75, 120.2, 91.16, 138.5
2024-11-07, 04:28:21, 136.45, 58.25, 22.84, 22.09, 9999.0, 9.75, 10.0, 21.73, 9999.0, 24.11, 9999.0, 117.61, 127.75, 120.2, 91.14, 138.5
2024-11-07, 04:28:25, 136.45, 58.25, 22.84, 22.09, 9999.0, 9.77, 10.0, 21.7, 9999.0, 24.11, 9999.0, 117.64, 127.75, 120.2, 91.14, 138.5
2024-11-07, 04:28:29, 136.48, 58.25, 22.82, 22.07, 9999.0, 9.77, 10.0, 21.7, 9999.0, 24.09, 9999.0, 117.66, 127.75, 120.23, 91.16, 138.5
2024-11-07, 04:28:33, 136.45, 58.25, 22.8, 22.07, 9999.0, 9.77, 10.0, 21.68, 9999.0, 24.07, 9999.0, 117.68, 127.75, 120.23, 91.18, 138.5
2024-11-07, 04:28:37, 136.43, 58.25, 22.8, 22.07, 9999.0, 9.77, 10.0, 21.68, 9999.0, 24.07, 9999.0, 117.7, 127.75, 120.23, 91.2, 138.5
2024-11-07, 04:28:41, 136.45, 58.25, 22.8, 22.05, 9999.0, 9.77, 10.0, 21.66, 9999.0, 24.09, 9999.0, 117.73, 127.75, 120.23, 91.18, 138.48
2024-11-07, 04:28:45, 136.45, 58.25, 22.8, 22.02, 9999.0, 9.73, 10.0, 21.66, 9999.0, 24.09, 9999.0, 117.75, 127.75, 120.23, 91.2, 138.48
2024-11-07, 04:28:49, 136.45, 58.25, 22.77, 22.02, 9999.0, 9.68, 10.0, 21.66, 9999.0, 24.11, 9999.0, 117.75, 127.75, 120.23, 91.2, 138.48
2024-11-07, 04:28:53, 136.45, 58.25, 22.77, 22.02, 9999.0, 9.66, 10.0, 21.66, 9999.0, 24.14, 9999.0, 117.73, 127.75, 120.23, 91.18, 138.48
2024-11-07, 04:28:57, 136.43, 58.25, 22.8, 22.0, 9999.0, 9.64, 10.0, 21.64, 9999.0, 24.14, 9999.0, 117.7, 127.75, 120.25, 91.18, 138.48
2024-11-07, 04:29:01, 136.43, 58.25, 22.82, 22.0, 9999.0, 9.61, 10.0, 21.64, 9999.0, 24.16, 9999.0, 117.68, 127.75, 120.25, 91.18, 138.48
2024-11-07, 04:29:05, 136.43, 58.25, 22.82, 22.0, 9999.0, 9.59, 10.0, 21.64, 9999.0, 24.16, 9999.0, 117.66, 127.75, 120.25, 91.2, 138.48
2024-11-07, 04:29:09, 136.43, 58.25, 22.82, 22.0, 9999.0, 9.59, 10.0, 21.66, 9999.0, 24.14, 9999.0, 117.64, 127.75, 120.25, 91.2, 138.48
2024-11-07, 04:29:13, 136.41, 58.25, 22.82, 22.0, 9999.0, 9.61, 10.0, 21.66, 9999.0, 24.14, 9999.0, 117.61, 127.75, 120.25, 91.2, 138.45
2024-11-07, 04:29:17, 136.43, 58.25, 22.82, 22.0, 9999.0, 9.61, 10.0, 21.68, 9999.0, 24.14, 9999.0, 117.59, 127.75, 120.25, 91.2, 138.45
2024-11-07, 04:29:21, 136.45, 58.25, 22.82, 22.0, 9999.0, 9.61, 10.0, 21.7, 9999.0, 24.09, 9999.0, 117.57, 127.75, 120.25, 91.2, 138.45
2024-11-07, 04:29:25, 136.45, 58.25, 22.82, 22.0, 9999.0, 9.61, 10.0, 21.73, 9999.0, 24.07, 9999.0, 117.55, 127.75, 120.25, 91.23, 138.45
2024-11-07, 04:29:29, 136.45, 58.25, 22.8, 22.0, 9999.0, 9.64, 10.0, 21.73, 9999.0, 24.05, 9999.0, 117.52, 127.75, 120.25, 91.23, 138.45
2024-11-07, 04:29:33, 136.45, 58.25, 22.8, 22.0, 9999.0, 9.66, 10.0, 21.73, 9999.0, 24.0, 9999.0, 117.52, 127.75, 120.25, 91.23, 138.45
2024-11-07, 04:29:37, 136.45, 58.27, 22.8, 22.0, 9999.0, 9.68, 10.0, 21.73, 9999.0, 23.95, 9999.0, 117.57, 127.75, 120.25, 91.25, 138.45
2024-11-07, 04:29:41, 136.48, 58.27, 22.8, 22.0, 9999.0, 9.7, 10.0, 21.73, 9999.0, 23.93, 9999.0, 117.59, 127.75, 120.25, 91.25, 138.45
2024-11-07, 04:29:45, 136.48, 58.27, 22.8, 22.0, 9999.0, 9.73, 10.0, 21.73, 9999.0, 23.91, 9999.0, 117.61, 127.75, 120.25, 91.25, 138.45
2024-11-07, 04:29:49, 136.48, 58.27, 22.82, 22.0, 9999.0, 9.75, 10.0, 21.73, 9999.0, 23.91, 9999.0, 117.64, 127.75, 120.25, 91.25, 138.45
2024-11-07, 04:29:53, 136.48, 58.27, 22.84, 22.0, 9999.0, 9.75, 10.0, 21.73, 9999.0, 23.91, 9999.0, 117.66, 127.75, 120.25, 91.25, 138.45
2024-11-07, 04:29:57, 136.5, 58.27, 22.86, 22.0, 9999.0, 9.73, 10.0, 21.73, 9999.0, 23.93, 9999.0, 117.68, 127.75, 120.25, 91.25, 138.48
2024-11-07, 04:30:01, 136.5, 58.27, 22.89, 22.0, 9999.0, 9.7, 10.0, 21.73, 9999.0, 23.95, 9999.0, 117.7, 127.75, 120.25, 91.25, 138.48
2024-11-07, 04:30:05, 136.5, 58.27, 22.89, 22.0, 9999.0, 9.68, 10.0, 21.73, 9999.0, 24.0, 9999.0, 117.7, 127.75, 120.25, 91.25, 138.48
2024-11-07, 04:30:09, 136.5, 58.27, 22.89, 22.0, 9999.0, 9.66, 10.0, 21.73, 9999.0, 24.02, 9999.0, 117.73, 127.75, 120.25, 91.25, 138.48
2024-11-07, 04:30:13, 136.5, 58.27, 22.89, 22.0, 9999.0, 9.64, 10.0, 21.73, 9999.0, 24.05, 9999.0, 117.75, 127.75, 120.25, 91.25, 138.45
2024-11-07, 04:30:17, 136.5, 58.3, 22.89, 22.0, 9999.0, 9.61, 10.0, 21.73, 9999.0, 24.09, 9999.0, 117.73, 127.75, 120.25, 91.25, 138.45
2024-11-07, 04:30:21, 136.5, 58.27, 22.89, 22.0, 9999.0, 9.59, 10.0, 21.73, 9999.0, 24.14, 9999.0, 117.68, 127.75, 120.25, 91.25, 138.43
2024-11-07, 04:30:25, 136.5, 58.27, 22.86, 22.0, 9999.0, 9.57, 10.0, 21.75, 9999.0, 24.18, 9999.0, 117.66, 127.75, 120.25, 91.25, 138.43
2024-11-07, 04:30:29, 136.5, 58.27, 22.86, 22.0, 9999.0, 9.57, 10.0, 21.75, 9999.0, 24.2, 9999.0, 117.64, 127.75, 120.25, 91.25, 138.43
2024-11-07, 04:30:44, 136.5, 58.27, 22.84, 22.0, 9999.0, 9.57, 10.0, 21.75, 9999.0, 24.2, 9999.0, 117.61, 127.75, 120.25, 91.25, 138.41
2024-11-07, 04:30:48, 136.5, 58.27, 22.84, 22.0, 9999.0, 9.57, 10.0, 21.75, 9999.0, 24.2, 9999.0, 117.59, 127.75, 120.25, 91.25, 138.41
2024-11-07, 04:30:52, 136.5, 58.27, 22.82, 22.0, 9999.0, 9.59, 10.0, 21.75, 9999.0, 24.18, 9999.0, 117.57, 127.75, 120.25, 91.23, 138.39
2024-11-07, 04:30:57, 136.5, 58.27, 22.8, 22.0, 9999.0, 9.61, 10.0, 21.75, 9999.0, 24.16, 9999.0, 117.57, 127.75, 120.25, 91.23, 138.36
2024-11-07, 04:31:01, 136.5, 58.27, 22.8, 22.0, 9999.0, 9.64, 10.0, 21.75, 9999.0, 24.14, 9999.0, 117.59, 127.75, 120.25, 91.23, 138.34
2024-11-07, 04:31:05, 136.48, 58.27, 22.82, 22.0, 9999.0, 9.66, 10.0, 21.75, 9999.0, 24.11, 9999.0, 117.59, 127.75, 120.25, 91.23, 138.34
2024-11-07, 04:31:09, 136.48, 58.27, 22.82, 22.0, 9999.0, 9.68, 10.0, 21.75, 9999.0, 24.09, 9999.0, 117.59, 127.75, 120.25, 91.23, 138.36
2024-11-07, 04:31:13, 136.48, 58.25, 22.82, 22.0, 9999.0, 9.7, 10.0, 21.75, 9999.0, 24.07, 9999.0, 117.61, 127.75, 120.25, 91.23, 138.36
2024-11-07, 04:31:17, 136.48, 58.25, 22.82, 22.0, 9999.0, 9.73, 10.0, 21.75, 9999.0, 24.05, 9999.0, 117.64, 127.75, 120.25, 91.23, 138.39
2024-11-07, 04:31:21, 136.48, 58.25, 22.82, 22.0, 9999.0, 9.75, 10.0, 21.75, 9999.0, 24.05, 9999.0, 117.66, 127.75, 120.25, 91.23, 138.36
2024-11-07, 04:31:25, 136.48, 58.25, 22.8, 22.0, 9999.0, 9.75, 10.0, 21.75, 9999.0, 24.05, 9999.0, 117.68, 127.75, 120.25, 91.2, 138.36
2024-11-07, 04:31:29, 136.48, 58.25, 22.8, 22.0, 9999.0, 9.75, 10.0, 21.75, 9999.0, 24.07, 9999.0, 117.7, 127.75, 120.25, 91.2, 138.39
2024-11-07, 04:31:33, 136.48, 58.25, 22.77, 22.0, 9999.0, 9.73, 10.0, 21.75, 9999.0, 24.09, 9999.0, 117.73, 127.75, 120.25, 91.2, 138.39
2024-11-07, 04:31:37, 136.48, 58.25, 22.77, 22.0, 9999.0, 9.7, 10.0, 21.75, 9999.0, 24.11, 9999.0, 117.75, 127.75, 120.25, 91.23, 138.39
2024-11-07, 04:31:41, 136.48, 58.25, 22.77, 22.02, 9999.0, 9.68, 10.0, 21.75, 9999.0, 24.14, 9999.0, 117.73, 127.75, 120.25, 91.23, 138.41
2024-11-07, 04:31:45, 136.48, 58.25, 22.77, 22.02, 9999.0, 9.66, 10.0, 21.75, 9999.0, 24.16, 9999.0, 117.7, 127.75, 120.25, 91.23, 138.41
2024-11-07, 04:31:49, 136.5, 58.25, 22.75, 22.02, 9999.0, 9.64, 10.0, 21.75, 9999.0, 24.18, 9999.0, 117.68, 127.75, 120.25, 91.23, 138.41
2024-11-07, 04:31:53, 136.5, 58.25, 22.75, 22.02, 9999.0, 9.61, 10.0, 21.75, 9999.0, 24.2, 9999.0, 117.66, 127.75, 120.25, 91.23, 138.39
2024-11-07, 04:31:57, 136.5, 58.25, 22.75, 22.02, 9999.0, 9.61, 10.0, 21.73, 9999.0, 24.23, 9999.0, 117.64, 127.75, 120.25, 91.23, 138.39
2024-11-07, 04:32:01, 136.5, 58.25, 22.75, 22.02, 9999.0, 9.61, 10.0, 21.73, 9999.0, 24.25, 9999.0, 117.61, 127.75, 120.25, 91.23, 138.36
2024-11-07, 04:32:05, 136.5, 58.25, 22.75, 22.02, 9999.0, 9.61, 10.0, 21.7, 9999.0, 24.25, 9999.0, 117.59, 127.75, 120.25, 91.23, 138.36
2024-11-07, 04:32:09, 136.5, 58.25, 22.75, 22.02, 9999.0, 9.61, 10.0, 21.7, 9999.0, 24.23, 9999.0, 117.55, 127.75, 120.25, 91.23, 138.34
2024-11-07, 04:32:13, 136.5, 58.25, 22.75, 22.02, 9999.0, 9.61, 10.0, 21.7, 9999.0, 24.2, 9999.0, 117.55, 127.75, 120.25, 91.23, 138.34
2024-11-07, 04:32:17, 136.5, 58.25, 22.75, 22.05, 9999.0, 9.66, 10.0, 21.7, 9999.0, 24.18, 9999.0, 117.55, 127.75, 120.25, 91.23, 138.34
2024-11-07, 04:32:21, 136.5, 58.25, 22.75, 22.05, 9999.0, 9.68, 10.0, 21.7, 9999.0, 24.16, 9999.0, 117.52, 127.73, 120.25, 91.23, 138.34
2024-11-07, 04:32:25, 136.5, 58.25, 22.75, 22.02, 9999.0, 9.7, 10.0, 21.7, 9999.0, 24.14, 9999.0, 117.57, 127.73, 120.25, 91.23, 138.34
2024-11-07, 04:32:29, 136.5, 58.25, 22.75, 22.02, 9999.0, 9.73, 10.0, 21.7, 9999.0, 24.11, 9999.0, 117.59, 127.73, 120.25, 91.23, 138.34
2024-11-07, 04:32:33, 136.5, 58.25, 22.77, 22.02, 9999.0, 9.75, 10.0, 21.7, 9999.0, 24.09, 9999.0, 117.61, 127.73, 120.25, 91.23, 138.36
2024-11-07, 04:32:37, 136.5, 58.25, 22.8, 22.02, 9999.0, 9.77, 10.0, 21.7, 9999.0, 24.09, 9999.0, 117.64, 127.73, 120.25, 91.23, 138.39
2024-11-07, 04:32:41, 136.5, 58.25, 22.8, 22.02, 9999.0, 9.77, 10.0, 21.73, 9999.0, 24.07, 9999.0, 117.66, 127.73, 120.25, 91.23, 138.36
2024-11-07, 04:32:45, 136.5, 58.25, 22.8, 22.02, 9999.0, 9.77, 10.0, 21.73, 9999.0, 24.07, 9999.0, 117.68, 127.73, 120.25, 91.23, 138.36
2024-11-07, 04:32:49, 136.5, 58.27, 22.8, 22.02, 9999.0, 9.75, 10.0, 21.75, 9999.0, 24.07, 9999.0, 117.7, 127.73, 120.25, 91.23, 138.36
2024-11-07, 04:32:53, 136.5, 58.27, 22.8, 22.02, 9999.0, 9.73, 10.0, 21.75, 9999.0, 24.09, 9999.0, 117.75, 127.73, 120.25, 91.25, 138.36
2024-11-07, 04:32:57, 136.5, 58.27, 22.8, 22.02, 9999.0, 9.7, 10.0, 21.73, 9999.0, 24.11, 9999.0, 117.75, 127.73, 120.25, 91.25, 138.36
2024-11-07, 04:33:01, 136.5, 58.27, 22.8, 22.0, 9999.0, 9.66, 10.0, 21.73, 9999.0, 24.14, 9999.0, 117.73, 127.73, 120.25, 91.25, 138.34
2024-11-07, 04:33:05, 136.5, 58.27, 22.8, 22.0, 9999.0, 9.64, 10.0, 21.7, 9999.0, 24.14, 9999.0, 117.73, 127.75, 120.25, 91.25, 138.34
2024-11-07, 04:33:09, 136.5, 58.27, 22.8, 22.0, 9999.0, 9.61, 10.0, 21.7, 9999.0, 24.14, 9999.0, 117.68, 127.75, 120.25, 91.25, 138.34
2024-11-07, 04:33:13, 136.5, 58.27, 22.8, 22.0, 9999.0, 9.59, 10.0, 21.7, 9999.0, 24.14, 9999.0, 117.66, 127.75, 120.25, 91.25, 138.34
2024-11-07, 04:33:17, 136.5, 58.27, 22.77, 22.0, 9999.0, 9.59, 10.0, 21.7, 9999.0, 24.14, 9999.0, 117.64, 127.75, 120.25, 91.25, 138.32
2024-11-07, 04:33:21, 136.5, 58.27, 22.75, 22.0, 9999.0, 9.59, 10.0, 21.7, 9999.0, 24.11, 9999.0, 117.61, 127.75, 120.25, 91.25, 138.32
2024-11-07, 04:33:25, 136.5, 58.27, 22.75, 22.0, 9999.0, 9.59, 10.0, 21.7, 9999.0, 24.11, 9999.0, 117.59, 127.75, 120.25, 91.25, 138.32
2024-11-07, 04:33:29, 136.5, 58.27, 22.75, 22.0, 9999.0, 9.61, 10.0, 21.7, 9999.0, 24.09, 9999.0, 117.57, 127.75, 120.25, 91.25, 138.34
2024-11-07, 04:33:33, 136.5, 58.25, 22.75, 22.0, 9999.0, 9.64, 10.0, 21.7, 9999.0, 24.07, 9999.0, 117.57, 127.75, 120.25, 91.23, 138.34
2024-11-07, 04:33:37, 136.5, 58.25, 22.75, 22.0, 9999.0, 9.66, 10.0, 21.7, 9999.0, 24.02, 9999.0, 117.57, 127.75, 120.25, 91.23, 138.34
2024-11-07, 04:33:41, 136.48, 58.25, 22.75, 22.0, 9999.0, 9.68, 10.0, 21.73, 9999.0, 24.0, 9999.0, 117.57, 127.75, 120.25, 91.23, 138.32
2024-11-07, 04:33:45, 136.48, 58.25, 22.75, 22.0, 9999.0, 9.7, 10.0, 21.73, 9999.0, 23.95, 9999.0, 117.61, 127.75, 120.25, 91.23, 138.32
2024-11-07, 04:33:49, 136.48, 58.25, 22.75, 22.0, 9999.0, 9.73, 10.0, 21.75, 9999.0, 23.93, 9999.0, 117.64, 127.75, 120.25, 91.23, 138.32
2024-11-07, 04:33:53, 136.48, 58.25, 22.75, 22.0, 9999.0, 9.75, 10.0, 21.75, 9999.0, 23.93, 9999.0, 117.66, 127.75, 120.25, 91.23, 138.3
2024-11-07, 04:33:57, 136.48, 58.25, 22.75, 22.0, 9999.0, 9.75, 10.0, 21.75, 9999.0, 23.93, 9999.0, 117.68, 127.75, 120.25, 91.23, 138.3
2024-11-07, 04:34:01, 136.48, 58.25, 22.77, 22.0, 9999.0, 9.75, 10.0, 21.75, 9999.0, 23.93, 9999.0, 117.7, 127.75, 120.25, 91.23, 138.3
2024-11-07, 04:34:05, 136.48, 58.25, 22.77, 22.0, 9999.0, 9.73, 10.0, 21.75, 9999.0, 23.93, 9999.0, 117.73, 127.75, 120.25, 91.23, 138.27
2024-11-07, 04:34:09, 136.48, 58.25, 22.77, 22.0, 9999.0, 9.7, 10.0, 21.75, 9999.0, 23.93, 9999.0, 117.75, 127.75, 120.25, 91.23, 138.27
2024-11-07, 04:34:13, 136.48, 58.25, 22.77, 22.0, 9999.0, 9.66, 10.0, 21.75, 9999.0, 23.93, 9999.0, 117.77, 127.75, 120.25, 91.23, 138.27
2024-11-07, 04:34:17, 136.48, 58.25, 22.77, 22.0, 9999.0, 9.64, 10.0, 21.73, 9999.0, 23.93, 9999.0, 117.75, 127.75, 120.25, 91.25, 138.27
2024-11-07, 04:34:21, 136.48, 58.25, 22.77, 22.0, 9999.0, 9.61, 10.0, 21.7, 9999.0, 23.95, 9999.0, 117.73, 127.75, 120.25, 91.25, 138.27
2024-11-07, 04:34:25, 136.48, 58.25, 22.77, 22.0, 9999.0, 9.59, 10.0, 21.7, 9999.0, 23.95, 9999.0, 117.7, 127.75, 120.25, 91.25, 138.27
2024-11-07, 04:34:29, 136.48, 58.25, 22.8, 22.0, 9999.0, 9.57, 10.0, 21.7, 9999.0, 23.98, 9999.0, 117.66, 127.75, 120.25, 91.25, 138.27
2024-11-07, 04:34:33, 136.45, 58.25, 22.82, 22.0, 9999.0, 9.55, 10.0, 21.7, 9999.0, 24.0, 9999.0, 117.64, 127.75, 120.25, 91.25, 138.27
2024-11-07, 04:34:37, 136.45, 58.25, 22.82, 22.0, 9999.0, 9.55, 10.0, 21.68, 9999.0, 24.0, 9999.0, 117.61, 127.75, 120.25, 91.25, 138.27
2024-11-07, 04:34:41, 136.43, 58.25, 22.82, 22.0, 9999.0, 9.57, 10.0, 21.68, 9999.0, 24.0, 9999.0, 117.59, 127.75, 120.25, 91.25, 138.3
2024-11-07, 04:34:46, 136.41, 58.25, 22.8, 22.0, 9999.0, 9.59, 10.0, 21.68, 9999.0, 24.0, 9999.0, 117.57, 127.75, 120.25, 91.25, 138.32
2024-11-07, 04:34:50, 136.39, 58.25, 22.8, 22.0, 9999.0, 9.61, 10.0, 21.68, 9999.0, 24.0, 9999.0, 117.55, 127.75, 120.25, 91.25, 138.32
2024-11-07, 04:34:54, 136.39, 58.25, 22.8, 22.0, 9999.0, 9.66, 10.0, 21.68, 9999.0, 23.98, 9999.0, 117.55, 127.75, 120.25, 91.25, 138.32
2024-11-07, 04:34:58, 136.39, 58.25, 22.82, 22.0, 9999.0, 9.68, 10.0, 21.68, 9999.0, 23.95, 9999.0, 117.55, 127.75, 120.25, 91.25, 138.3
2024-11-07, 04:35:02, 136.36, 58.25, 22.82, 22.0, 9999.0, 9.7, 10.0, 21.7, 9999.0, 23.95, 9999.0, 117.57, 127.75, 120.25, 91.25, 138.3
2024-11-07, 04:35:06, 136.36, 58.25, 22.84, 22.0, 9999.0, 9.73, 10.0, 21.7, 9999.0, 23.93, 9999.0, 117.59, 127.75, 120.25, 91.25, 138.32
2024-11-07, 04:35:10, 136.39, 58.25, 22.84, 22.0, 9999.0, 9.75, 10.0, 21.7, 9999.0, 23.91, 9999.0, 117.61, 127.75, 120.25, 91.25, 138.34
2024-11-07, 04:35:14, 136.36, 58.25, 22.84, 22.0, 9999.0, 9.77, 10.0, 21.68, 9999.0, 23.89, 9999.0, 117.64, 127.75, 120.25, 91.25, 138.34
2024-11-07, 04:35:18, 136.39, 58.25, 22.84, 22.0, 9999.0, 9.8, 10.0, 21.68, 9999.0, 23.86, 9999.0, 117.66, 127.75, 120.25, 91.25, 138.34
2024-11-07, 04:35:22, 136.36, 58.25, 22.84, 22.0, 9999.0, 9.8, 10.0, 21.7, 9999.0, 23.86, 9999.0, 117.68, 127.75, 120.25, 91.25, 138.34
2024-11-07, 04:35:26, 136.39, 58.25, 22.86, 22.0, 9999.0, 9.77, 10.0, 21.7, 9999.0, 23.86, 9999.0, 117.7, 127.75, 120.25, 91.25, 138.32
2024-11-07, 04:35:30, 136.41, 58.25, 22.86, 22.0, 9999.0, 9.73, 10.0, 21.7, 9999.0, 23.86, 9999.0, 117.7, 127.75, 120.25, 91.25, 138.3
2024-11-07, 04:35:34, 136.43, 58.25, 22.86, 22.0, 9999.0, 9.7, 10.0, 21.7, 9999.0, 23.86, 9999.0, 117.7, 127.75, 120.25, 91.25, 138.32
2024-11-07, 04:35:38, 136.43, 58.25, 22.89, 22.0, 9999.0, 9.66, 10.0, 21.68, 9999.0, 23.89, 9999.0, 117.68, 127.75, 120.25, 91.25, 138.34
2024-11-07, 04:35:42, 136.43, 58.25, 22.86, 22.0, 9999.0, 9.64, 10.0, 21.68, 9999.0, 23.91, 9999.0, 117.66, 127.75, 120.25, 91.25, 138.36
2024-11-07, 04:35:46, 136.45, 58.25, 22.86, 22.0, 9999.0, 9.61, 10.0, 21.68, 9999.0, 23.91, 9999.0, 117.64, 127.75, 120.25, 91.25, 138.39
2024-11-07, 04:35:50, 136.45, 58.25, 22.84, 22.0, 9999.0, 9.59, 10.0, 21.68, 9999.0, 23.91, 9999.0, 117.61, 127.75, 120.25, 91.25, 138.36
2024-11-07, 04:35:54, 136.45, 58.25, 22.86, 22.0, 9999.0, 9.59, 10.0, 21.68, 9999.0, 23.93, 9999.0, 117.59, 127.75, 120.25, 91.25, 138.34
2024-11-07, 04:35:58, 136.45, 58.25, 22.84, 22.0, 9999.0, 9.59, 10.0, 21.7, 9999.0, 23.93, 9999.0, 117.57, 127.75, 120.25, 91.25, 138.34
2024-11-07, 04:36:02, 136.45, 58.25, 22.82, 22.0, 9999.0, 9.59, 10.0, 21.68, 9999.0, 23.93, 9999.0, 117.55, 127.75, 120.25, 91.25, 138.34
2024-11-07, 04:36:06, 136.48, 58.25, 22.84, 22.0, 9999.0, 9.59, 10.0, 21.68, 9999.0, 23.91, 9999.0, 117.52, 127.75, 120.25, 91.25, 138.36
2024-11-07, 04:36:10, 136.48, 58.25, 22.82, 22.0, 9999.0, 9.61, 10.0, 21.68, 9999.0, 23.89, 9999.0, 117.52, 127.75, 120.25, 91.25, 138.39
2024-11-07, 04:36:14, 136.48, 58.25, 22.82, 22.0, 9999.0, 9.64, 10.0, 21.68, 9999.0, 23.86, 9999.0, 117.55, 127.75, 120.25, 91.25, 138.39
2024-11-07, 04:36:18, 136.48, 58.25, 22.82, 22.0, 9999.0, 9.66, 10.0, 21.68, 9999.0, 23.84, 9999.0, 117.57, 127.75, 120.25, 91.25, 138.39
2024-11-07, 04:36:22, 136.48, 58.25, 22.8, 22.0, 9999.0, 9.68, 10.0, 21.7, 9999.0, 23.8, 9999.0, 117.59, 127.75, 120.25, 91.25, 138.39
2024-11-07, 04:36:26, 136.45, 58.25, 22.82, 22.0, 9999.0, 9.7, 10.0, 21.7, 9999.0, 23.77, 9999.0, 117.61, 127.75, 120.23, 91.25, 138.39
2024-11-07, 04:36:30, 136.45, 58.25, 22.82, 22.0, 9999.0, 9.73, 10.0, 21.7, 9999.0, 23.73, 9999.0, 117.64, 127.75, 120.23, 91.25, 138.39
2024-11-07, 04:36:34, 136.43, 58.25, 22.82, 22.0, 9999.0, 9.75, 10.0, 21.73, 9999.0, 23.73, 9999.0, 117.66, 127.75, 120.23, 91.25, 138.41
2024-11-07, 04:36:38, 136.41, 58.25, 22.8, 22.0, 9999.0, 9.75, 10.0, 21.73, 9999.0, 23.7, 9999.0, 117.68, 127.75, 120.23, 91.25, 138.43
2024-11-07, 04:36:42, 136.43, 58.25, 22.8, 22.0, 9999.0, 9.75, 10.0, 21.73, 9999.0, 23.73, 9999.0, 117.7, 127.75, 120.23, 91.25, 138.45
2024-11-07, 04:36:46, 136.41, 58.25, 22.82, 22.0, 9999.0, 9.75, 10.0, 21.75, 9999.0, 23.75, 9999.0, 117.73, 127.75, 120.23, 91.25, 138.48
2024-11-07, 04:36:50, 136.39, 58.25, 22.8, 22.0, 9999.0, 9.73, 10.0, 21.75, 9999.0, 23.77, 9999.0, 117.73, 127.75, 120.23, 91.25, 138.48
2024-11-07, 04:36:54, 136.39, 58.25, 22.82, 22.0, 9999.0, 9.7, 10.0, 21.75, 9999.0, 23.8, 9999.0, 117.73, 127.75, 120.23, 91.25, 138.48
2024-11-07, 04:36:58, 136.39, 58.25, 22.82, 22.0, 9999.0, 9.68, 10.0, 21.75, 9999.0, 23.8, 9999.0, 117.73, 127.75, 120.23, 91.25, 138.5
2024-11-07, 04:37:02, 136.39, 58.25, 22.82, 22.0, 9999.0, 9.66, 10.0, 21.75, 9999.0, 23.82, 9999.0, 117.7, 127.75, 120.23, 91.25, 138.5
2024-11-07, 04:37:06, 136.39, 58.25, 22.82, 22.0, 9999.0, 9.64, 10.0, 21.75, 9999.0, 23.84, 9999.0, 117.68, 127.75, 120.23, 91.25, 138.5
2024-11-07, 04:37:10, 136.39, 58.25, 22.82, 22.0, 9999.0, 9.61, 10.0, 21.75, 9999.0, 23.86, 9999.0, 117.66, 127.75, 120.25, 91.25, 138.5
2024-11-07, 04:37:14, 136.39, 58.25, 22.84, 22.0, 9999.0, 9.61, 10.0, 21.75, 9999.0, 23.89, 9999.0, 117.64, 127.75, 120.25, 91.25, 138.5
2024-11-07, 04:37:18, 136.41, 58.25, 22.86, 22.0, 9999.0, 9.61, 10.0, 21.75, 9999.0, 23.89, 9999.0, 117.61, 127.75, 120.25, 91.25, 138.5
2024-11-07, 04:37:22, 136.43, 58.25, 22.89, 22.0, 9999.0, 9.61, 10.0, 21.75, 9999.0, 23.89, 9999.0, 117.59, 127.75, 120.25, 91.25, 138.5
2024-11-07, 04:37:26, 136.43, 58.25, 22.91, 22.0, 9999.0, 9.61, 10.0, 21.75, 9999.0, 23.86, 9999.0, 117.57, 127.75, 120.25, 91.25, 138.5
2024-11-07, 04:37:30, 136.45, 58.25, 22.89, 22.0, 9999.0, 9.64, 10.0, 21.75, 9999.0, 23.84, 9999.0, 117.57, 127.75, 120.25, 91.25, 138.5
2024-11-07, 04:37:34, 136.48, 58.25, 22.91, 22.0, 9999.0, 9.66, 10.0, 21.75, 9999.0, 23.82, 9999.0, 117.59, 127.75, 120.25, 91.25, 138.5
2024-11-07, 04:37:38, 136.48, 58.25, 22.89, 22.0, 9999.0, 9.68, 10.0, 21.75, 9999.0, 23.8, 9999.0, 117.59, 127.75, 120.25, 91.25, 138.5
2024-11-07, 04:37:42, 136.45, 58.25, 22.89, 22.0, 9999.0, 9.7, 10.0, 21.75, 9999.0, 23.8, 9999.0, 117.59, 127.75, 120.25, 91.25, 138.5
2024-11-07, 04:37:46, 136.45, 58.25, 22.91, 22.0, 9999.0, 9.73, 10.0, 21.75, 9999.0, 23.77, 9999.0, 117.61, 127.75, 120.25, 91.25, 138.5
2024-11-07, 04:37:50, 136.45, 58.25, 22.93, 22.0, 9999.0, 9.75, 10.0, 21.75, 9999.0, 23.8, 9999.0, 117.64, 127.75, 120.25, 91.25, 138.5
2024-11-07, 04:37:54, 136.48, 58.25, 22.93, 22.0, 9999.0, 9.77, 10.0, 21.75, 9999.0, 23.77, 9999.0, 117.66, 127.75, 120.25, 91.25, 138.5
2024-11-07, 04:37:58, 136.48, 58.25, 22.91, 22.0, 9999.0, 9.75, 10.0, 21.75, 9999.0, 23.77, 9999.0, 117.68, 127.75, 120.25, 91.25, 138.5
2024-11-07, 04:38:02, 136.48, 58.25, 22.91, 22.0, 9999.0, 9.75, 10.0, 21.73, 9999.0, 23.8, 9999.0, 117.7, 127.77, 120.25, 91.25, 138.5
2024-11-07, 04:38:06, 136.48, 58.25, 22.89, 22.0, 9999.0, 9.75, 10.0, 21.73, 9999.0, 23.82, 9999.0, 117.73, 127.77, 120.25, 91.25, 138.5
2024-11-07, 04:38:10, 136.48, 58.25, 22.89, 22.0, 9999.0, 9.73, 10.0, 21.73, 9999.0, 23.84, 9999.0, 117.73, 127.77, 120.25, 91.25, 138.5
2024-11-07, 04:38:14, 136.48, 58.25, 22.91, 22.0, 9999.0, 9.68, 10.0, 21.73, 9999.0, 23.84, 9999.0, 117.7, 127.77, 120.25, 91.25, 138.5
2024-11-07, 04:38:18, 136.48, 58.25, 22.89, 22.0, 9999.0, 9.66, 10.0, 21.73, 9999.0, 23.84, 9999.0, 117.7, 127.77, 120.25, 91.25, 138.5
2024-11-07, 04:38:22, 136.45, 58.25, 22.91, 22.0, 9999.0, 9.64, 10.0, 21.73, 9999.0, 23.84, 9999.0, 117.68, 127.77, 120.25, 91.25, 138.5
2024-11-07, 04:38:26, 136.48, 58.25, 22.91, 22.0, 9999.0, 9.61, 10.0, 21.73, 9999.0, 23.84, 9999.0, 117.66, 127.77, 120.25, 91.25, 138.5
2024-11-07, 04:38:30, 136.48, 58.25, 22.89, 22.0, 9999.0, 9.61, 10.0, 21.73, 9999.0, 23.84, 9999.0, 117.64, 127.77, 120.25, 91.25, 138.5
2024-11-07, 04:38:34, 136.48, 58.25, 22.89, 22.0, 9999.0, 9.61, 10.0, 21.7, 9999.0, 23.82, 9999.0, 117.61, 127.77, 120.25, 91.25, 138.5
2024-11-07, 04:38:39, 136.48, 58.25, 22.89, 22.0, 9999.0, 9.61, 10.0, 21.7, 9999.0, 23.82, 9999.0, 117.59, 127.77, 120.25, 91.25, 138.5
2024-11-07, 04:38:43, 136.45, 58.25, 22.91, 22.0, 9999.0, 9.66, 10.0, 21.7, 9999.0, 23.82, 9999.0, 117.57, 127.77, 120.25, 91.25, 138.5
2024-11-07, 04:38:47, 136.43, 58.25, 22.89, 22.0, 9999.0, 9.66, 10.0, 21.73, 9999.0, 23.8, 9999.0, 117.57, 127.75, 120.25, 91.25, 138.5
2024-11-07, 04:38:51, 136.41, 58.25, 22.91, 22.0, 9999.0, 9.66, 10.0, 21.73, 9999.0, 23.77, 9999.0, 117.57, 127.75, 120.25, 91.25, 138.5
2024-11-07, 04:38:55, 136.41, 58.25, 22.89, 22.0, 9999.0, 9.68, 10.0, 21.73, 9999.0, 23.75, 9999.0, 117.59, 127.75, 120.25, 91.25, 138.5
2024-11-07, 04:38:59, 136.41, 58.25, 22.86, 22.02, 9999.0, 9.7, 10.0, 21.73, 9999.0, 23.73, 9999.0, 117.64, 127.75, 120.25, 91.25, 138.5
2024-11-07, 04:39:03, 136.41, 58.25, 22.86, 22.02, 9999.0, 9.73, 10.0, 21.73, 9999.0, 23.7, 9999.0, 117.66, 127.75, 120.25, 91.25, 138.5
2024-11-07, 04:39:07, 136.43, 58.25, 22.86, 22.02, 9999.0, 9.75, 10.0, 21.73, 9999.0, 23.68, 9999.0, 117.68, 127.75, 120.25, 91.25, 138.5
2024-11-07, 04:39:11, 136.43, 58.25, 22.86, 22.02, 9999.0, 9.75, 10.0, 21.73, 9999.0, 23.68, 9999.0, 117.7, 127.75, 120.25, 91.25, 138.5
2024-11-07, 04:39:15, 136.43, 58.25, 22.89, 22.02, 9999.0, 9.75, 10.0, 21.73, 9999.0, 23.68, 9999.0, 117.73, 127.75, 120.25, 91.25, 138.5
2024-11-07, 04:39:19, 136.43, 58.25, 22.89, 22.05, 9999.0, 9.75, 10.0, 21.75, 9999.0, 23.7, 9999.0, 117.75, 127.75, 120.25, 91.25, 138.5
2024-11-07, 04:39:23, 136.43, 58.25, 22.89, 22.05, 9999.0, 9.75, 10.0, 21.75, 9999.0, 23.73, 9999.0, 117.77, 127.75, 120.25, 91.25, 138.5
2024-11-07, 04:39:27, 136.45, 58.25, 22.89, 22.05, 9999.0, 9.7, 10.0, 21.75, 9999.0, 23.75, 9999.0, 117.8, 127.75, 120.25, 91.25, 138.5
2024-11-07, 04:39:31, 136.45, 58.25, 22.91, 22.05, 9999.0, 9.7, 10.0, 21.75, 9999.0, 23.77, 9999.0, 117.8, 127.75, 120.25, 91.25, 138.5
2024-11-07, 04:39:35, 136.48, 58.25, 22.91, 22.05, 9999.0, 9.68, 10.0, 21.75, 9999.0, 23.77, 9999.0, 117.8, 127.75, 120.25, 91.25, 138.5
2024-11-07, 04:39:39, 136.48, 58.25, 22.91, 22.05, 9999.0, 9.66, 10.0, 21.75, 9999.0, 23.77, 9999.0, 117.77, 127.75, 120.25, 91.25, 138.5
2024-11-07, 04:39:43, 136.45, 58.25, 22.91, 22.02, 9999.0, 9.64, 10.0, 21.75, 9999.0, 23.8, 9999.0, 117.73, 127.75, 120.25, 91.25, 138.5
2024-11-07, 04:39:47, 136.45, 58.25, 22.93, 22.02, 9999.0, 9.61, 10.0, 21.75, 9999.0, 23.82, 9999.0, 117.68, 127.75, 120.25, 91.25, 138.5
2024-11-07, 04:39:51, 136.45, 58.25, 22.93, 22.05, 9999.0, 9.61, 10.0, 21.75, 9999.0, 23.84, 9999.0, 117.66, 127.75, 120.25, 91.25, 138.5
2024-11-07, 04:39:55, 136.45, 58.25, 22.95, 22.05, 9999.0, 9.64, 10.0, 21.75, 9999.0, 23.82, 9999.0, 117.64, 127.75, 120.25, 91.25, 138.5
2024-11-07, 04:39:59, 136.45, 58.25, 22.95, 22.05, 9999.0, 9.64, 10.0, 21.75, 9999.0, 23.8, 9999.0, 117.61, 127.75, 120.25, 91.25, 138.5
2024-11-07, 04:40:03, 136.43, 58.25, 22.95, 22.02, 9999.0, 9.66, 10.0, 21.75, 9999.0, 23.75, 9999.0, 117.59, 127.75, 120.25, 91.25, 138.5
2024-11-07, 04:40:07, 136.43, 58.25, 22.95, 22.05, 9999.0, 9.68, 10.0, 21.75, 9999.0, 23.7, 9999.0, 117.59, 127.75, 120.25, 91.25, 138.5
2024-11-07, 04:40:11, 136.43, 58.25, 22.95, 22.05, 9999.0, 9.73, 10.0, 21.75, 9999.0, 23.66, 9999.0, 117.59, 127.75, 120.25, 91.25, 138.5
2024-11-07, 04:40:15, 136.45, 58.25, 22.93, 22.05, 9999.0, 9.73, 10.0, 21.75, 9999.0, 23.61, 9999.0, 117.59, 127.75, 120.25, 91.25, 138.5
2024-11-07, 04:40:19, 136.45, 58.25, 22.93, 22.05, 9999.0, 9.75, 10.0, 21.75, 9999.0, 23.59, 9999.0, 117.59, 127.75, 120.25, 91.25, 138.5
2024-11-07, 04:40:23, 136.45, 58.25, 22.95, 22.05, 9999.0, 9.77, 10.0, 21.75, 9999.0, 23.57, 9999.0, 117.61, 127.75, 120.25, 91.25, 138.5
2024-11-07, 04:40:27, 136.48, 58.25, 22.98, 22.05, 9999.0, 9.8, 10.0, 21.75, 9999.0, 23.57, 9999.0, 117.64, 127.75, 120.25, 91.25, 138.5
2024-11-07, 04:40:31, 136.48, 58.25, 22.98, 22.05, 9999.0, 9.82, 10.0, 21.75, 9999.0, 23.57, 9999.0, 117.66, 127.75, 120.25, 91.25, 138.5
2024-11-07, 04:40:35, 136.45, 58.25, 22.98, 22.02, 9999.0, 9.82, 10.0, 21.75, 9999.0, 23.57, 9999.0, 117.68, 127.75, 120.25, 91.25, 138.5
2024-11-07, 04:40:39, 136.43, 58.25, 22.98, 22.02, 9999.0, 9.82, 10.0, 21.75, 9999.0, 23.59, 9999.0, 117.7, 127.77, 120.25, 91.25, 138.5
2024-11-07, 04:40:43, 136.43, 58.25, 22.98, 22.02, 9999.0, 9.8, 10.0, 21.75, 9999.0, 23.61, 9999.0, 117.73, 127.77, 120.25, 91.25, 138.5
2024-11-07, 04:40:47, 136.45, 58.25, 22.95, 22.02, 9999.0, 9.77, 10.0, 21.75, 9999.0, 23.64, 9999.0, 117.75, 127.77, 120.25, 91.25, 138.5
2024-11-07, 04:40:51, 136.45, 58.25, 22.95, 22.02, 9999.0, 9.75, 10.0, 21.75, 9999.0, 23.66, 9999.0, 117.75, 127.77, 120.25, 91.25, 138.5
2024-11-07, 04:40:55, 136.45, 58.25, 22.95, 22.05, 9999.0, 9.7, 10.0, 21.73, 9999.0, 23.68, 9999.0, 117.75, 127.77, 120.25, 91.25, 138.5
2024-11-07, 04:40:59, 136.45, 58.25, 22.98, 22.07, 9999.0, 9.7, 10.0, 21.73, 9999.0, 23.7, 9999.0, 117.75, 127.77, 120.25, 91.25, 138.5
2024-11-07, 04:41:03, 136.45, 58.25, 22.98, 22.07, 9999.0, 9.68, 10.0, 21.73, 9999.0, 23.73, 9999.0, 117.75, 127.77, 120.25, 91.23, 138.5
2024-11-07, 04:41:07, 136.43, 58.25, 22.95, 22.09, 9999.0, 9.66, 10.0, 21.7, 9999.0, 23.75, 9999.0, 117.73, 127.77, 120.25, 91.23, 138.5
2024-11-07, 04:41:11, 136.41, 58.25, 22.95, 22.09, 9999.0, 9.66, 10.0, 21.7, 9999.0, 23.75, 9999.0, 117.7, 127.77, 120.25, 91.2, 138.5
2024-11-07, 04:41:15, 136.39, 58.25, 22.95, 22.11, 9999.0, 9.66, 10.0, 21.7, 9999.0, 23.75, 9999.0, 117.68, 127.77, 120.25, 91.2, 138.5
2024-11-07, 04:41:19, 136.41, 58.25, 22.93, 22.11, 9999.0, 9.66, 10.0, 21.7, 9999.0, 23.75, 9999.0, 117.66, 127.77, 120.25, 91.18, 138.5
2024-11-07, 04:41:23, 136.43, 58.25, 22.93, 22.11, 9999.0, 9.68, 10.0, 21.7, 9999.0, 23.75, 9999.0, 117.64, 127.75, 120.25, 91.18, 138.5
2024-11-07, 04:41:27, 136.43, 58.25, 22.93, 22.11, 9999.0, 9.7, 10.0, 21.7, 9999.0, 23.75, 9999.0, 117.64, 127.75, 120.25, 91.18, 138.5
2024-11-07, 04:41:31, 136.43, 58.25, 22.95, 22.11, 9999.0, 9.7, 10.0, 21.7, 9999.0, 23.75, 9999.0, 117.64, 127.75, 120.25, 91.18, 138.5
2024-11-07, 04:41:35, 136.41, 58.25, 22.93, 22.11, 9999.0, 9.7, 10.0, 21.7, 9999.0, 23.75, 9999.0, 117.64, 127.75, 120.25, 91.18, 138.5
2024-11-07, 04:41:39, 136.41, 58.25, 22.93, 22.11, 9999.0, 9.73, 10.0, 21.73, 9999.0, 23.75, 9999.0, 117.66, 127.75, 120.25, 91.18, 138.5
2024-11-07, 04:41:43, 136.41, 58.25, 22.91, 22.09, 9999.0, 9.73, 10.0, 21.73, 9999.0, 23.75, 9999.0, 117.68, 127.75, 120.25, 91.18, 138.5
2024-11-07, 04:41:47, 136.39, 58.25, 22.91, 22.09, 9999.0, 9.75, 10.0, 21.73, 9999.0, 23.77, 9999.0, 117.68, 127.75, 120.25, 91.2, 138.5
2024-11-07, 04:41:51, 136.41, 58.25, 22.91, 22.09, 9999.0, 9.77, 10.0, 21.75, 9999.0, 23.77, 9999.0, 117.7, 127.75, 120.25, 91.2, 138.5
2024-11-07, 04:41:55, 136.41, 58.25, 22.91, 22.09, 9999.0, 9.75, 10.0, 21.75, 9999.0, 23.77, 9999.0, 117.73, 127.75, 120.25, 91.23, 138.5
2024-11-07, 04:41:59, 136.43, 58.25, 22.89, 22.09, 9999.0, 9.75, 10.0, 21.75, 9999.0, 23.8, 9999.0, 117.75, 127.75, 120.25, 91.23, 138.5
2024-11-07, 04:42:03, 136.43, 58.25, 22.91, 22.09, 9999.0, 9.75, 10.0, 21.75, 9999.0, 23.82, 9999.0, 117.77, 127.75, 120.25, 91.25, 138.5
2024-11-07, 04:42:07, 136.43, 58.25, 22.89, 22.11, 9999.0, 9.73, 10.0, 21.75, 9999.0, 23.84, 9999.0, 117.8, 127.75, 120.25, 91.25, 138.5
2024-11-07, 04:42:11, 136.41, 58.25, 22.89, 22.14, 9999.0, 9.7, 10.0, 21.75, 9999.0, 23.86, 9999.0, 117.8, 127.75, 120.25, 91.25, 138.5
2024-11-07, 04:42:15, 136.41, 58.25, 22.89, 22.16, 9999.0, 9.68, 10.0, 21.75, 9999.0, 23.89, 9999.0, 117.8, 127.75, 120.25, 91.25, 138.5
2024-11-07, 04:42:19, 136.43, 58.25, 22.91, 22.16, 9999.0, 9.66, 10.0, 21.75, 9999.0, 23.91, 9999.0, 117.77, 127.75, 120.25, 91.25, 138.5
2024-11-07, 04:42:24, 136.43, 58.25, 22.91, 22.16, 9999.0, 9.64, 10.0, 21.75, 9999.0, 23.93, 9999.0, 117.73, 127.75, 120.25, 91.25, 138.5
2024-11-07, 04:42:28, 136.43, 58.25, 22.93, 22.16, 9999.0, 9.61, 10.0, 21.75, 9999.0, 23.93, 9999.0, 117.68, 127.75, 120.25, 91.25, 138.5
2024-11-07, 04:42:32, 136.43, 58.25, 22.93, 22.16, 9999.0, 9.61, 10.0, 21.75, 9999.0, 23.91, 9999.0, 117.66, 127.75, 120.25, 91.25, 138.5
2024-11-07, 04:42:36, 136.43, 58.25, 22.95, 22.14, 9999.0, 9.61, 10.0, 21.75, 9999.0, 23.91, 9999.0, 117.64, 127.75, 120.25, 91.25, 138.5
2024-11-07, 04:42:40, 136.43, 58.25, 22.93, 22.16, 9999.0, 9.64, 10.0, 21.75, 9999.0, 23.91, 9999.0, 117.61, 127.75, 120.25, 91.25, 138.5
2024-11-07, 04:42:44, 136.41, 58.25, 22.93, 22.16, 9999.0, 9.64, 10.0, 21.75, 9999.0, 23.86, 9999.0, 117.59, 127.75, 120.25, 91.25, 138.5
2024-11-07, 04:42:48, 136.41, 58.25, 22.93, 22.16, 9999.0, 9.64, 10.0, 21.75, 9999.0, 23.84, 9999.0, 117.59, 127.75, 120.25, 91.25, 138.5
2024-11-07, 04:42:52, 136.39, 58.25, 22.95, 22.14, 9999.0, 9.64, 10.0, 21.75, 9999.0, 23.8, 9999.0, 117.59, 127.75, 120.25, 91.25, 138.5
2024-11-07, 04:42:56, 136.39, 58.25, 22.95, 22.11, 9999.0, 9.66, 10.0, 21.75, 9999.0, 23.77, 9999.0, 117.59, 127.75, 120.25, 91.25, 138.5
2024-11-07, 04:43:00, 136.39, 58.25, 22.93, 22.09, 9999.0, 9.68, 10.0, 21.75, 9999.0, 23.73, 9999.0, 117.61, 127.75, 120.25, 91.25, 138.5
2024-11-07, 04:43:04, 136.39, 58.25, 22.93, 22.07, 9999.0, 9.7, 10.02, 21.75, 9999.0, 23.7, 9999.0, 117.66, 127.75, 120.25, 91.25, 138.5
2024-11-07, 04:43:08, 136.36, 58.25, 22.91, 22.07, 9999.0, 9.73, 10.02, 21.75, 9999.0, 23.68, 9999.0, 117.68, 127.75, 120.25, 91.25, 138.5
2024-11-07, 04:43:12, 136.34, 58.25, 22.91, 22.07, 9999.0, 9.75, 10.02, 21.75, 9999.0, 23.68, 9999.0, 117.7, 127.75, 120.25, 91.25, 138.5
2024-11-07, 04:43:16, 136.36, 58.25, 22.91, 22.09, 9999.0, 9.75, 10.02, 21.75, 9999.0, 23.68, 9999.0, 117.73, 127.75, 120.25, 91.25, 138.5
2024-11-07, 04:43:20, 136.36, 58.25, 22.89, 22.09, 9999.0, 9.75, 10.02, 21.75, 9999.0, 23.7, 9999.0, 117.75, 127.75, 120.25, 91.25, 138.5
2024-11-07, 04:43:24, 136.36, 58.25, 22.91, 22.07, 9999.0, 9.73, 10.02, 21.75, 9999.0, 23.73, 9999.0, 117.77, 127.75, 120.25, 91.25, 138.5
2024-11-07, 04:43:28, 136.39, 58.25, 22.93, 22.05, 9999.0, 9.73, 10.02, 21.75, 9999.0, 23.77, 9999.0, 117.8, 127.75, 120.25, 91.25, 138.5
2024-11-07, 04:43:32, 136.39, 58.25, 22.91, 22.07, 9999.0, 9.7, 10.02, 21.75, 9999.0, 23.8, 9999.0, 117.8, 127.75, 120.25, 91.25, 138.5
2024-11-07, 04:43:36, 136.41, 58.25, 22.91, 22.07, 9999.0, 9.68, 10.02, 21.75, 9999.0, 23.84, 9999.0, 117.8, 127.75, 120.25, 91.25, 138.5
2024-11-07, 04:43:40, 136.43, 58.25, 22.89, 22.07, 9999.0, 9.66, 10.02, 21.75, 9999.0, 23.86, 9999.0, 117.8, 127.75, 120.25, 91.25, 138.5
2024-11-07, 04:43:44, 136.43, 58.25, 22.91, 22.07, 9999.0, 9.64, 10.02, 21.75, 9999.0, 23.91, 9999.0, 117.75, 127.75, 120.25, 91.25, 138.5
2024-11-07, 04:43:48, 136.43, 58.25, 22.89, 22.07, 9999.0, 9.61, 10.0, 21.75, 9999.0, 23.91, 9999.0, 117.7, 127.75, 120.25, 91.25, 138.5
2024-11-07, 04:43:52, 136.45, 58.25, 22.91, 22.07, 9999.0, 9.61, 10.0, 21.75, 9999.0, 23.93, 9999.0, 117.68, 127.75, 120.25, 91.25, 138.5
2024-11-07, 04:43:56, 136.48, 58.25, 22.91, 22.09, 9999.0, 9.59, 10.0, 21.75, 9999.0, 23.95, 9999.0, 117.66, 127.75, 120.25, 91.25, 138.5
2024-11-07, 04:44:00, 136.45, 58.25, 22.91, 22.09, 9999.0, 9.59, 10.0, 21.75, 9999.0, 23.98, 9999.0, 117.64, 127.75, 120.25, 91.25, 138.5
2024-11-07, 04:44:04, 136.45, 58.25, 22.93, 22.09, 9999.0, 9.59, 10.0, 21.75, 9999.0, 23.95, 9999.0, 117.61, 127.75, 120.25, 91.25, 138.5
2024-11-07, 04:44:08, 136.48, 58.25, 22.91, 22.09, 9999.0, 9.61, 10.0, 21.75, 9999.0, 23.95, 9999.0, 117.61, 127.75, 120.25, 91.23, 138.5
2024-11-07, 04:44:12, 136.48, 58.25, 22.89, 22.09, 9999.0, 9.64, 10.0, 21.75, 9999.0, 23.93, 9999.0, 117.61, 127.75, 120.25, 91.23, 138.5
2024-11-07, 04:44:16, 136.48, 58.25, 22.91, 22.09, 9999.0, 9.66, 10.0, 21.75, 9999.0, 23.91, 9999.0, 117.61, 127.75, 120.25, 91.23, 138.5
2024-11-07, 04:44:20, 136.48, 58.25, 22.91, 22.11, 9999.0, 9.68, 10.0, 21.75, 9999.0, 23.89, 9999.0, 117.64, 127.75, 120.25, 91.23, 138.5
2024-11-07, 04:44:24, 136.48, 58.25, 22.93, 22.14, 9999.0, 9.7, 10.0, 21.75, 9999.0, 23.86, 9999.0, 117.66, 127.75, 120.25, 91.23, 138.5
2024-11-07, 04:44:28, 136.48, 58.25, 22.91, 22.14, 9999.0, 9.73, 10.0, 21.75, 9999.0, 23.86, 9999.0, 117.68, 127.75, 120.25, 91.23, 138.5
2024-11-07, 04:44:32, 136.48, 58.25, 22.93, 22.14, 9999.0, 9.73, 10.0, 21.73, 9999.0, 23.89, 9999.0, 117.7, 127.75, 120.25, 91.23, 138.5
2024-11-07, 04:44:36, 136.48, 58.25, 22.93, 22.11, 9999.0, 9.73, 10.0, 21.7, 9999.0, 23.91, 9999.0, 117.73, 127.75, 120.25, 91.23, 138.5
2024-11-07, 04:44:40, 136.48, 58.25, 22.93, 22.09, 9999.0, 9.75, 10.0, 21.7, 9999.0, 23.93, 9999.0, 117.75, 127.75, 120.25, 91.23, 138.5
2024-11-07, 04:44:44, 136.5, 58.27, 22.93, 22.09, 9999.0, 9.73, 10.0, 21.68, 9999.0, 23.95, 9999.0, 117.77, 127.75, 120.25, 91.23, 138.5
2024-11-07, 04:44:48, 136.5, 58.27, 22.93, 22.09, 9999.0, 9.7, 10.0, 21.66, 9999.0, 23.98, 9999.0, 117.8, 127.75, 120.25, 91.23, 138.5
2024-11-07, 04:44:52, 136.5, 58.27, 22.95, 22.09, 9999.0, 9.68, 10.0, 21.66, 9999.0, 23.98, 9999.0, 117.77, 127.75, 120.25, 91.25, 138.5
2024-11-07, 04:44:56, 136.5, 58.27, 22.95, 22.09, 9999.0, 9.64, 10.0, 21.66, 9999.0, 24.0, 9999.0, 117.75, 127.75, 120.25, 91.25, 138.5
2024-11-07, 04:45:00, 136.5, 58.27, 22.93, 22.07, 9999.0, 9.61, 10.0, 21.66, 9999.0, 24.0, 9999.0, 117.73, 127.75, 120.25, 91.25, 138.5
2024-11-07, 04:45:04, 136.5, 58.27, 22.93, 22.05, 9999.0, 9.59, 10.0, 21.66, 9999.0, 24.02, 9999.0, 117.68, 127.75, 120.25, 91.25, 138.5
2024-11-07, 04:45:08, 136.5, 58.27, 22.91, 22.02, 9999.0, 9.59, 10.0, 21.66, 9999.0, 24.02, 9999.0, 117.64, 127.75, 120.25, 91.25, 138.5
2024-11-07, 04:45:12, 136.5, 58.27, 22.93, 22.02, 9999.0, 9.59, 10.0, 21.66, 9999.0, 24.02, 9999.0, 117.61, 127.75, 120.25, 91.25, 138.5
2024-11-07, 04:45:16, 136.5, 58.27, 22.93, 22.02, 9999.0, 9.61, 10.0, 21.68, 9999.0, 24.0, 9999.0, 117.59, 127.75, 120.25, 91.25, 138.5
2024-11-07, 04:45:20, 136.5, 58.27, 22.93, 22.02, 9999.0, 9.64, 10.0, 21.7, 9999.0, 23.98, 9999.0, 117.57, 127.75, 120.25, 91.25, 138.5
2024-11-07, 04:45:24, 136.5, 58.27, 22.93, 22.05, 9999.0, 9.66, 10.0, 21.7, 9999.0, 23.95, 9999.0, 117.57, 127.75, 120.25, 91.25, 138.5
2024-11-07, 04:45:28, 136.5, 58.25, 22.93, 22.05, 9999.0, 9.68, 10.0, 21.73, 9999.0, 23.91, 9999.0, 117.57, 127.75, 120.25, 91.25, 138.5
2024-11-07, 04:45:32, 136.5, 58.25, 22.93, 22.05, 9999.0, 9.7, 10.0, 21.75, 9999.0, 23.89, 9999.0, 117.57, 127.75, 120.23, 91.25, 138.5
2024-11-07, 04:45:36, 136.5, 58.25, 22.91, 22.07, 9999.0, 9.73, 10.0, 21.75, 9999.0, 23.89, 9999.0, 117.61, 127.75, 120.23, 91.25, 138.5
2024-11-07, 04:45:40, 136.5, 58.25, 22.91, 22.09, 9999.0, 9.75, 10.0, 21.75, 9999.0, 23.86, 9999.0, 117.64, 127.75, 120.23, 91.25, 138.5
2024-11-07, 04:45:44, 136.5, 58.25, 22.93, 22.09, 9999.0, 9.77, 10.0, 21.75, 9999.0, 23.86, 9999.0, 117.66, 127.75, 120.23, 91.25, 138.5
2024-11-07, 04:45:48, 136.5, 58.27, 22.91, 22.11, 9999.0, 9.8, 10.0, 21.75, 9999.0, 23.86, 9999.0, 117.68, 127.75, 120.23, 91.25, 138.5
2024-11-07, 04:45:52, 136.48, 58.27, 22.91, 22.11, 9999.0, 9.8, 10.0, 21.75, 9999.0, 23.89, 9999.0, 117.7, 127.75, 120.23, 91.25, 138.5
2024-11-07, 04:45:56, 136.48, 58.3, 22.91, 22.11, 9999.0, 9.8, 10.0, 21.73, 9999.0, 23.89, 9999.0, 117.73, 127.75, 120.23, 91.25, 138.5
2024-11-07, 04:46:00, 136.48, 58.32, 22.91, 22.11, 9999.0, 9.8, 10.0, 21.73, 9999.0, 23.91, 9999.0, 117.75, 127.75, 120.23, 91.25, 138.5
2024-11-07, 04:46:04, 136.48, 58.32, 22.89, 22.14, 9999.0, 9.75, 10.0, 21.7, 9999.0, 23.91, 9999.0, 117.77, 127.75, 120.23, 91.25, 138.5
2024-11-07, 04:46:09, 136.45, 58.32, 22.89, 22.11, 9999.0, 9.7, 10.0, 21.7, 9999.0, 23.93, 9999.0, 117.75, 127.75, 120.23, 91.25, 138.5
2024-11-07, 04:46:13, 136.43, 58.32, 22.89, 22.09, 9999.0, 9.68, 10.0, 21.7, 9999.0, 23.95, 9999.0, 117.75, 127.75, 120.23, 91.25, 138.5
2024-11-07, 04:46:17, 136.43, 58.32, 22.86, 22.09, 9999.0, 9.66, 10.0, 21.68, 9999.0, 23.98, 9999.0, 117.73, 127.75, 120.25, 91.25, 138.5
2024-11-07, 04:46:21, 136.43, 58.34, 22.86, 22.07, 9999.0, 9.64, 10.0, 21.68, 9999.0, 23.98, 9999.0, 117.68, 127.75, 120.25, 91.25, 138.5
2024-11-07, 04:46:25, 136.43, 58.34, 22.86, 22.05, 9999.0, 9.61, 10.0, 21.68, 9999.0, 24.0, 9999.0, 117.66, 127.75, 120.25, 91.25, 138.5
2024-11-07, 04:46:29, 136.43, 58.34, 22.86, 22.05, 9999.0, 9.61, 10.0, 21.68, 9999.0, 24.02, 9999.0, 117.64, 127.75, 120.25, 91.25, 138.5
2024-11-07, 04:46:33, 136.43, 58.32, 22.86, 22.02, 9999.0, 9.61, 10.0, 21.66, 9999.0, 24.02, 9999.0, 117.61, 127.75, 120.25, 91.25, 138.5
2024-11-07, 04:46:37, 136.45, 58.32, 22.86, 22.02, 9999.0, 9.61, 10.0, 21.66, 9999.0, 24.02, 9999.0, 117.59, 127.75, 120.25, 91.25, 138.5
2024-11-07, 04:46:41, 136.45, 58.3, 22.86, 22.02, 9999.0, 9.64, 10.0, 21.68, 9999.0, 24.02, 9999.0, 117.57, 127.75, 120.25, 91.25, 138.5
2024-11-07, 04:46:45, 136.45, 58.27, 22.86, 22.02, 9999.0, 9.66, 10.0, 21.68, 9999.0, 24.02, 9999.0, 117.57, 127.75, 120.25, 91.25, 138.5
2024-11-07, 04:46:49, 136.45, 58.27, 22.89, 22.02, 9999.0, 9.68, 10.0, 21.7, 9999.0, 24.02, 9999.0, 117.57, 127.75, 120.25, 91.25, 138.5
2024-11-07, 04:46:53, 136.48, 58.27, 22.89, 22.02, 9999.0, 9.7, 10.0, 21.7, 9999.0, 24.0, 9999.0, 117.59, 127.75, 120.23, 91.25, 138.5
2024-11-07, 04:46:57, 136.5, 58.27, 22.89, 22.02, 9999.0, 9.73, 10.0, 21.7, 9999.0, 24.0, 9999.0, 117.61, 127.75, 120.23, 91.25, 138.5
2024-11-07, 04:47:01, 136.5, 58.27, 22.91, 22.02, 9999.0, 9.75, 10.0, 21.73, 9999.0, 24.0, 9999.0, 117.66, 127.75, 120.23, 91.25, 138.5
2024-11-07, 04:47:05, 136.48, 58.25, 22.93, 22.02, 9999.0, 9.77, 10.0, 21.73, 9999.0, 23.98, 9999.0, 117.68, 127.75, 120.23, 91.25, 138.5
2024-11-07, 04:47:09, 136.48, 58.25, 22.95, 22.05, 9999.0, 9.8, 10.0, 21.73, 9999.0, 23.98, 9999.0, 117.7, 127.75, 120.23, 91.25, 138.5
2024-11-07, 04:47:13, 136.48, 58.25, 22.95, 22.07, 9999.0, 9.8, 10.0, 21.73, 9999.0, 23.98, 9999.0, 117.73, 127.75, 120.23, 91.25, 138.5
2024-11-07, 04:47:17, 136.48, 58.25, 22.95, 22.09, 9999.0, 9.8, 10.0, 21.75, 9999.0, 24.0, 9999.0, 117.75, 127.75, 120.23, 91.25, 138.5
2024-11-07, 04:47:21, 136.48, 58.25, 22.98, 22.09, 9999.0, 9.8, 10.0, 21.75, 9999.0, 24.02, 9999.0, 117.77, 127.75, 120.23, 91.25, 138.5
2024-11-07, 04:47:25, 136.48, 58.25, 22.98, 22.09, 9999.0, 9.77, 10.0, 21.73, 9999.0, 24.05, 9999.0, 117.8, 127.75, 120.23, 91.25, 138.5
2024-11-07, 04:47:29, 136.48, 58.25, 22.95, 22.09, 9999.0, 9.75, 10.0, 21.73, 9999.0, 24.07, 9999.0, 117.8, 127.75, 120.23, 91.25, 138.5
2024-11-07, 04:47:33, 136.48, 58.25, 22.95, 22.07, 9999.0, 9.73, 10.0, 21.73, 9999.0, 24.09, 9999.0, 117.77, 127.75, 120.23, 91.25, 138.5
2024-11-07, 04:47:37, 136.48, 58.27, 22.95, 22.07, 9999.0, 9.73, 10.0, 21.73, 9999.0, 24.09, 9999.0, 117.77, 127.75, 120.25, 91.25, 138.5
2024-11-07, 04:47:41, 136.48, 58.27, 22.95, 22.07, 9999.0, 9.7, 10.0, 21.73, 9999.0, 24.11, 9999.0, 117.75, 127.75, 120.25, 91.25, 138.5
2024-11-07, 04:47:45, 136.45, 58.27, 22.95, 22.07, 9999.0, 9.68, 10.0, 21.73, 9999.0, 24.14, 9999.0, 117.7, 127.75, 120.25, 91.25, 138.5
2024-11-07, 04:47:49, 136.48, 58.27, 22.95, 22.09, 9999.0, 9.68, 10.0, 21.73, 9999.0, 24.18, 9999.0, 117.68, 127.75, 120.25, 91.25, 138.5
2024-11-07, 04:47:53, 136.48, 58.3, 22.93, 22.07, 9999.0, 9.68, 10.0, 21.7, 9999.0, 24.18, 9999.0, 117.66, 127.75, 120.25, 91.25, 138.5
2024-11-07, 04:47:57, 136.48, 58.32, 22.93, 22.05, 9999.0, 9.68, 10.0, 21.7, 9999.0, 24.18, 9999.0, 117.64, 127.75, 120.25, 91.25, 138.5
2024-11-07, 04:48:01, 136.48, 58.32, 22.95, 22.05, 9999.0, 9.7, 10.0, 21.7, 9999.0, 24.16, 9999.0, 117.61, 127.75, 120.25, 91.25, 138.5
2024-11-07, 04:48:05, 136.48, 58.32, 22.95, 22.05, 9999.0, 9.73, 10.0, 21.7, 9999.0, 24.14, 9999.0, 117.59, 127.75, 120.25, 91.25, 138.5
2024-11-07, 04:48:09, 136.45, 58.32, 22.95, 22.05, 9999.0, 9.73, 10.0, 21.73, 9999.0, 24.11, 9999.0, 117.59, 127.75, 120.25, 91.25, 138.5
2024-11-07, 04:48:13, 136.45, 58.32, 22.95, 22.07, 9999.0, 9.73, 10.0, 21.73, 9999.0, 24.07, 9999.0, 117.59, 127.75, 120.25, 91.25, 138.5
2024-11-07, 04:48:17, 136.45, 58.32, 22.95, 22.07, 9999.0, 9.75, 10.02, 21.73, 9999.0, 24.05, 9999.0, 117.61, 127.75, 120.25, 91.25, 138.5
2024-11-07, 04:48:21, 136.45, 58.3, 22.95, 22.09, 9999.0, 9.75, 10.02, 21.73, 9999.0, 24.02, 9999.0, 117.61, 127.75, 120.25, 91.25, 138.5
2024-11-07, 04:48:25, 136.45, 58.3, 22.95, 22.09, 9999.0, 9.77, 10.02, 21.73, 9999.0, 24.0, 9999.0, 117.61, 127.75, 120.25, 91.25, 138.5
2024-11-07, 04:48:29, 136.48, 58.3, 22.93, 22.09, 9999.0, 9.8, 10.02, 21.73, 9999.0, 23.98, 9999.0, 117.64, 127.75, 120.25, 91.25, 138.5
2024-11-07, 04:48:33, 136.48, 58.3, 22.91, 22.09, 9999.0, 9.8, 10.02, 21.73, 9999.0, 23.95, 9999.0, 117.66, 127.75, 120.25, 91.25, 138.5
2024-11-07, 04:48:37, 136.48, 58.27, 22.91, 22.09, 9999.0, 9.8, 10.02, 21.75, 9999.0, 23.98, 9999.0, 117.68, 127.75, 120.25, 91.25, 138.5
2024-11-07, 04:48:41, 136.48, 58.25, 22.89, 22.09, 9999.0, 9.8, 10.02, 21.75, 9999.0, 24.0, 9999.0, 117.7, 127.75, 120.25, 91.25, 138.5
2024-11-07, 04:48:45, 136.48, 58.25, 22.86, 22.07, 9999.0, 9.77, 10.02, 21.75, 9999.0, 24.0, 9999.0, 117.73, 127.75, 120.25, 91.25, 138.5
2024-11-07, 04:48:49, 136.48, 58.25, 22.86, 22.07, 9999.0, 9.75, 10.02, 21.75, 9999.0, 24.0, 9999.0, 117.73, 127.75, 120.25, 91.25, 138.5
2024-11-07, 04:48:53, 136.5, 58.25, 22.84, 22.07, 9999.0, 9.73, 10.02, 21.75, 9999.0, 24.0, 9999.0, 117.7, 127.75, 120.25, 91.25, 138.5
2024-11-07, 04:48:57, 136.5, 58.25, 22.84, 22.05, 9999.0, 9.7, 10.02, 21.75, 9999.0, 24.02, 9999.0, 117.7, 127.75, 120.23, 91.25, 138.5
2024-11-07, 04:49:01, 136.5, 58.25, 22.84, 22.05, 9999.0, 9.68, 10.0, 21.75, 9999.0, 24.02, 9999.0, 117.68, 127.75, 120.23, 91.25, 138.5
2024-11-07, 04:49:05, 136.48, 58.25, 22.84, 22.02, 9999.0, 9.66, 10.0, 21.75, 9999.0, 24.05, 9999.0, 117.66, 127.75, 120.23, 91.25, 138.48
2024-11-07, 04:49:09, 136.45, 58.25, 22.82, 22.02, 9999.0, 9.66, 10.0, 21.75, 9999.0, 24.05, 9999.0, 117.64, 127.75, 120.23, 91.23, 138.48
2024-11-07, 04:49:13, 136.45, 58.25, 22.84, 22.02, 9999.0, 9.66, 10.0, 21.73, 9999.0, 24.05, 9999.0, 117.61, 127.75, 120.23, 91.23, 138.48
2024-11-07, 04:49:17, 136.45, 58.25, 22.86, 22.02, 9999.0, 9.66, 10.0, 21.73, 9999.0, 24.05, 9999.0, 117.59, 127.75, 120.23, 91.23, 138.45
2024-11-07, 04:49:21, 136.45, 58.25, 22.89, 22.02, 9999.0, 9.68, 10.0, 21.73, 9999.0, 24.02, 9999.0, 117.57, 127.75, 120.23, 91.23, 138.45
2024-11-07, 04:49:25, 136.43, 58.25, 22.91, 22.02, 9999.0, 9.7, 10.0, 21.73, 9999.0, 24.0, 9999.0, 117.57, 127.75, 120.23, 91.23, 138.43
2024-11-07, 04:49:29, 136.41, 58.25, 22.93, 22.02, 9999.0, 9.7, 10.0, 21.73, 9999.0, 24.0, 9999.0, 117.57, 127.75, 120.23, 91.23, 138.41
2024-11-07, 04:49:33, 136.41, 58.25, 22.91, 22.02, 9999.0, 9.7, 10.0, 21.73, 9999.0, 24.0, 9999.0, 117.59, 127.75, 120.23, 91.23, 138.41
2024-11-07, 04:49:37, 136.41, 58.25, 22.93, 22.02, 9999.0, 9.73, 10.0, 21.73, 9999.0, 24.0, 9999.0, 117.64, 127.75, 120.23, 91.23, 138.41
2024-11-07, 04:49:42, 136.41, 58.25, 22.95, 22.02, 9999.0, 9.75, 10.0, 21.73, 9999.0, 23.98, 9999.0, 117.66, 127.75, 120.25, 91.23, 138.41
2024-11-07, 04:49:46, 136.41, 58.25, 22.93, 22.02, 9999.0, 9.77, 10.0, 21.73, 9999.0, 23.98, 9999.0, 117.68, 127.75, 120.25, 91.23, 138.41
2024-11-07, 04:49:50, 136.43, 58.25, 22.91, 22.05, 9999.0, 9.8, 10.0, 21.73, 9999.0, 23.98, 9999.0, 117.7, 127.75, 120.25, 91.23, 138.43
2024-11-07, 04:49:54, 136.45, 58.25, 22.91, 22.07, 9999.0, 9.8, 10.0, 21.73, 9999.0, 23.98, 9999.0, 117.73, 127.75, 120.25, 91.25, 138.43
2024-11-07, 04:49:58, 136.45, 58.25, 22.91, 22.07, 9999.0, 9.8, 10.0, 21.75, 9999.0, 23.98, 9999.0, 117.75, 127.75, 120.25, 91.25, 138.43
2024-11-07, 04:50:02, 136.43, 58.25, 22.91, 22.05, 9999.0, 9.8, 10.0, 21.73, 9999.0, 23.98, 9999.0, 117.77, 127.75, 120.25, 91.25, 138.45
2024-11-07, 04:50:06, 136.41, 58.25, 22.89, 22.07, 9999.0, 9.75, 10.0, 21.73, 9999.0, 23.98, 9999.0, 117.8, 127.75, 120.25, 91.25, 138.45
2024-11-07, 04:50:10, 136.43, 58.25, 22.86, 22.07, 9999.0, 9.7, 10.0, 21.73, 9999.0, 23.98, 9999.0, 117.8, 127.75, 120.25, 91.25, 138.48
2024-11-07, 04:50:14, 136.45, 58.25, 22.84, 22.07, 9999.0, 9.7, 10.0, 21.73, 9999.0, 23.98, 9999.0, 117.8, 127.75, 120.25, 91.25, 138.5
2024-11-07, 04:50:18, 136.45, 58.25, 22.84, 22.07, 9999.0, 9.68, 10.0, 21.73, 9999.0, 23.98, 9999.0, 117.77, 127.75, 120.25, 91.25, 138.5
2024-11-07, 04:50:22, 136.45, 58.25, 22.84, 22.07, 9999.0, 9.66, 10.0, 21.73, 9999.0, 23.95, 9999.0, 117.73, 127.75, 120.25, 91.25, 138.5
2024-11-07, 04:50:26, 136.45, 58.25, 22.82, 22.07, 9999.0, 9.64, 10.0, 21.73, 9999.0, 23.98, 9999.0, 117.68, 127.75, 120.25, 91.25, 138.5
2024-11-07, 04:50:30, 136.45, 58.25, 22.82, 22.07, 9999.0, 9.64, 10.0, 21.73, 9999.0, 23.98, 9999.0, 117.66, 127.75, 120.23, 91.25, 138.48
2024-11-07, 04:50:34, 136.45, 58.25, 22.82, 22.07, 9999.0, 9.64, 10.0, 21.73, 9999.0, 23.98, 9999.0, 117.64, 127.75, 120.23, 91.25, 138.48
2024-11-07, 04:50:38, 136.45, 58.25, 22.84, 22.05, 9999.0, 9.66, 10.0, 21.73, 9999.0, 23.98, 9999.0, 117.61, 127.75, 120.23, 91.25, 138.48
2024-11-07, 04:50:42, 136.43, 58.25, 22.84, 22.05, 9999.0, 9.68, 10.0, 21.73, 9999.0, 23.98, 9999.0, 117.59, 127.75, 120.23, 91.25, 138.48
2024-11-07, 04:50:46, 136.45, 58.25, 22.84, 22.05, 9999.0, 9.7, 10.0, 21.75, 9999.0, 23.98, 9999.0, 117.59, 127.75, 120.23, 91.25, 138.48
2024-11-07, 04:50:50, 136.48, 58.25, 22.86, 22.02, 9999.0, 9.73, 10.0, 21.75, 9999.0, 23.95, 9999.0, 117.57, 127.75, 120.23, 91.25, 138.45
2024-11-07, 04:50:54, 136.48, 58.25, 22.89, 22.02, 9999.0, 9.75, 10.0, 21.75, 9999.0, 23.93, 9999.0, 117.57, 127.75, 120.23, 91.23, 138.45
2024-11-07, 04:50:58, 136.48, 58.25, 22.91, 22.02, 9999.0, 9.75, 10.0, 21.75, 9999.0, 23.91, 9999.0, 117.59, 127.75, 120.23, 91.23, 138.45
2024-11-07, 04:51:02, 136.48, 58.25, 22.91, 22.05, 9999.0, 9.77, 10.0, 21.75, 9999.0, 23.89, 9999.0, 117.61, 127.75, 120.23, 91.23, 138.45
2024-11-07, 04:51:06, 136.48, 58.25, 22.91, 22.05, 9999.0, 9.8, 10.0, 21.75, 9999.0, 23.91, 9999.0, 117.64, 127.75, 120.23, 91.23, 138.45
2024-11-07, 04:51:10, 136.45, 58.25, 22.91, 22.05, 9999.0, 9.82, 10.0, 21.75, 9999.0, 23.91, 9999.0, 117.66, 127.75, 120.23, 91.23, 138.45
2024-11-07, 04:51:14, 136.45, 58.25, 22.93, 22.05, 9999.0, 9.82, 10.0, 21.75, 9999.0, 23.91, 9999.0, 117.68, 127.75, 120.25, 91.23, 138.48
2024-11-07, 04:51:18, 136.45, 58.25, 22.95, 22.02, 9999.0, 9.82, 10.0, 21.75, 9999.0, 23.93, 9999.0, 117.7, 127.75, 120.25, 91.23, 138.48
2024-11-07, 04:51:22, 136.45, 58.25, 22.95, 22.02, 9999.0, 9.77, 10.0, 21.75, 9999.0, 23.95, 9999.0, 117.73, 127.75, 120.25, 91.23, 138.48
2024-11-07, 04:51:26, 136.45, 58.25, 22.95, 22.02, 9999.0, 9.73, 10.0, 21.75, 9999.0, 23.98, 9999.0, 117.75, 127.75, 120.25, 91.23, 138.48
2024-11-07, 04:51:30, 136.45, 58.25, 22.95, 22.02, 9999.0, 9.68, 10.0, 21.75, 9999.0, 23.98, 9999.0, 117.75, 127.75, 120.25, 91.23, 138.48
2024-11-07, 04:51:34, 136.43, 58.25, 22.95, 22.02, 9999.0, 9.68, 10.0, 21.75, 9999.0, 24.0, 9999.0, 117.75, 127.75, 120.25, 91.23, 138.5
2024-11-07, 04:51:38, 136.43, 58.25, 22.95, 22.05, 9999.0, 9.66, 10.0, 21.75, 9999.0, 24.02, 9999.0, 117.73, 127.75, 120.25, 91.25, 138.5
2024-11-07, 04:51:42, 136.41, 58.25, 22.93, 22.05, 9999.0, 9.64, 10.0, 21.75, 9999.0, 24.05, 9999.0, 117.68, 127.75, 120.25, 91.25, 138.5
2024-11-07, 04:51:46, 136.39, 58.25, 22.95, 22.05, 9999.0, 9.61, 10.0, 21.75, 9999.0, 24.07, 9999.0, 117.66, 127.75, 120.25, 91.25, 138.5
2024-11-07, 04:51:50, 136.39, 58.25, 22.95, 22.05, 9999.0, 9.61, 10.0, 21.75, 9999.0, 24.07, 9999.0, 117.64, 127.75, 120.25, 91.25, 138.5
2024-11-07, 04:51:54, 136.39, 58.25, 22.98, 22.07, 9999.0, 9.61, 10.0, 21.75, 9999.0, 24.07, 9999.0, 117.61, 127.75, 120.25, 91.23, 138.5
2024-11-07, 04:51:58, 136.39, 58.25, 22.98, 22.09, 9999.0, 9.61, 10.0, 21.75, 9999.0, 24.07, 9999.0, 117.59, 127.75, 120.25, 91.23, 138.5
2024-11-07, 04:52:02, 136.39, 58.25, 22.98, 22.11, 9999.0, 9.64, 10.0, 21.75, 9999.0, 24.05, 9999.0, 117.57, 127.75, 120.25, 91.23, 138.5
2024-11-07, 04:52:06, 136.39, 58.25, 22.95, 22.11, 9999.0, 9.66, 10.0, 21.75, 9999.0, 24.0, 9999.0, 117.57, 127.75, 120.25, 91.23, 138.5
2024-11-07, 04:52:10, 136.39, 58.25, 22.95, 22.11, 9999.0, 9.68, 10.0, 21.75, 9999.0, 23.95, 9999.0, 117.55, 127.75, 120.25, 91.23, 138.5
2024-11-07, 04:52:14, 136.39, 58.25, 22.93, 22.11, 9999.0, 9.7, 10.0, 21.75, 9999.0, 23.95, 9999.0, 117.55, 127.75, 120.25, 91.23, 138.5
2024-11-07, 04:52:18, 136.41, 58.25, 22.93, 22.11, 9999.0, 9.7, 10.0, 21.75, 9999.0, 23.95, 9999.0, 117.57, 127.75, 120.25, 91.23, 138.48
2024-11-07, 04:52:22, 136.41, 58.25, 22.91, 22.09, 9999.0, 9.73, 10.0, 21.75, 9999.0, 23.95, 9999.0, 117.59, 127.75, 120.25, 91.23, 138.45
2024-11-07, 04:52:26, 136.43, 58.25, 22.91, 22.09, 9999.0, 9.75, 10.0, 21.75, 9999.0, 23.95, 9999.0, 117.61, 127.75, 120.25, 91.23, 138.43
2024-11-07, 04:52:30, 136.45, 58.25, 22.89, 22.07, 9999.0, 9.75, 10.0, 21.75, 9999.0, 23.95, 9999.0, 117.64, 127.75, 120.25, 91.2, 138.43
2024-11-07, 04:52:34, 136.45, 58.25, 22.86, 22.07, 9999.0, 9.73, 10.0, 21.75, 9999.0, 23.98, 9999.0, 117.66, 127.75, 120.25, 91.2, 138.43
2024-11-07, 04:52:38, 136.48, 58.25, 22.84, 22.07, 9999.0, 9.73, 10.0, 21.75, 9999.0, 24.0, 9999.0, 117.68, 127.75, 120.25, 91.23, 138.43
2024-11-07, 04:52:42, 136.48, 58.25, 22.82, 22.05, 9999.0, 9.73, 10.0, 21.75, 9999.0, 24.02, 9999.0, 117.7, 127.75, 120.25, 91.23, 138.43
2024-11-07, 04:52:46, 136.48, 58.25, 22.8, 22.02, 9999.0, 9.68, 10.0, 21.75, 9999.0, 24.05, 9999.0, 117.73, 127.75, 120.25, 91.23, 138.43
2024-11-07, 04:52:50, 136.48, 58.25, 22.8, 22.05, 9999.0, 9.66, 10.0, 21.75, 9999.0, 24.09, 9999.0, 117.7, 127.75, 120.25, 91.23, 138.43
2024-11-07, 04:52:54, 136.5, 58.25, 22.77, 22.05, 9999.0, 9.64, 10.0, 21.75, 9999.0, 24.14, 9999.0, 117.7, 127.75, 120.25, 91.23, 138.43
2024-11-07, 04:52:58, 136.5, 58.25, 22.77, 22.05, 9999.0, 9.61, 10.0, 21.75, 9999.0, 24.16, 9999.0, 117.68, 127.75, 120.25, 91.23, 138.43
2024-11-07, 04:53:02, 136.5, 58.25, 22.75, 22.05, 9999.0, 9.59, 10.0, 21.75, 9999.0, 24.16, 9999.0, 117.66, 127.75, 120.25, 91.2, 138.45
2024-11-07, 04:53:07, 136.5, 58.25, 22.75, 22.07, 9999.0, 9.57, 10.0, 21.75, 9999.0, 24.16, 9999.0, 117.64, 127.75, 120.25, 91.18, 138.48
2024-11-07, 04:53:11, 136.5, 58.25, 22.77, 22.07, 9999.0, 9.57, 10.0, 21.75, 9999.0, 24.16, 9999.0, 117.61, 127.75, 120.25, 91.18, 138.48
2024-11-07, 04:53:15, 136.5, 58.25, 22.77, 22.07, 9999.0, 9.57, 10.0, 21.75, 9999.0, 24.16, 9999.0, 117.59, 127.75, 120.25, 91.18, 138.45
2024-11-07, 04:53:19, 136.48, 58.25, 22.77, 22.07, 9999.0, 9.61, 10.0, 21.75, 9999.0, 24.14, 9999.0, 117.57, 127.75, 120.23, 91.18, 138.43
2024-11-07, 04:53:23, 136.48, 58.25, 22.77, 22.07, 9999.0, 9.61, 10.0, 21.73, 9999.0, 24.09, 9999.0, 117.55, 127.75, 120.23, 91.16, 138.43
2024-11-07, 04:53:27, 136.48, 58.25, 22.8, 22.07, 9999.0, 9.61, 10.0, 21.73, 9999.0, 24.07, 9999.0, 117.55, 127.75, 120.23, 91.14, 138.43
2024-11-07, 04:53:31, 136.48, 58.25, 22.8, 22.07, 9999.0, 9.64, 10.0, 21.73, 9999.0, 24.05, 9999.0, 117.55, 127.75, 120.23, 91.11, 138.43
2024-11-07, 04:53:35, 136.45, 58.25, 22.8, 22.05, 9999.0, 9.66, 10.0, 21.73, 9999.0, 24.02, 9999.0, 117.59, 127.75, 120.23, 91.11, 138.43
2024-11-07, 04:53:39, 136.45, 58.25, 22.82, 22.05, 9999.0, 9.68, 10.0, 21.73, 9999.0, 24.0, 9999.0, 117.61, 127.75, 120.23, 91.11, 138.43
2024-11-07, 04:53:43, 136.43, 58.25, 22.82, 22.07, 9999.0, 9.7, 10.0, 21.73, 9999.0, 23.98, 9999.0, 117.64, 127.75, 120.23, 91.11, 138.43
2024-11-07, 04:53:47, 136.43, 58.25, 22.82, 22.07, 9999.0, 9.73, 10.0, 21.73, 9999.0, 24.0, 9999.0, 117.66, 127.75, 120.23, 91.11, 138.43
2024-11-07, 04:53:51, 136.43, 58.25, 22.82, 22.05, 9999.0, 9.75, 10.0, 21.73, 9999.0, 24.0, 9999.0, 117.68, 127.75, 120.23, 91.14, 138.41
2024-11-07, 04:53:55, 136.43, 58.25, 22.82, 22.05, 9999.0, 9.75, 10.0, 21.73, 9999.0, 24.02, 9999.0, 117.7, 127.75, 120.23, 91.14, 138.43
2024-11-07, 04:53:59, 136.43, 58.25, 22.82, 22.05, 9999.0, 9.75, 10.0, 21.73, 9999.0, 24.07, 9999.0, 117.73, 127.75, 120.23, 91.16, 138.45
2024-11-07, 04:54:03, 136.45, 58.25, 22.84, 22.05, 9999.0, 9.7, 10.0, 21.73, 9999.0, 24.11, 9999.0, 117.75, 127.75, 120.25, 91.16, 138.48
2024-11-07, 04:54:07, 136.45, 58.25, 22.86, 22.02, 9999.0, 9.68, 10.0, 21.75, 9999.0, 24.18, 9999.0, 117.77, 127.75, 120.25, 91.18, 138.45
2024-11-07, 04:54:11, 136.45, 58.25, 22.84, 22.02, 9999.0, 9.66, 10.0, 21.75, 9999.0, 24.2, 9999.0, 117.75, 127.75, 120.25, 91.18, 138.45
2024-11-07, 04:54:15, 136.43, 58.25, 22.84, 22.02, 9999.0, 9.64, 10.0, 21.75, 9999.0, 24.23, 9999.0, 117.73, 127.75, 120.25, 91.2, 138.45
2024-11-07, 04:54:19, 136.45, 58.25, 22.84, 22.05, 9999.0, 9.61, 10.0, 21.73, 9999.0, 24.25, 9999.0, 117.68, 127.75, 120.25, 91.18, 138.45
2024-11-07, 04:54:23, 136.45, 58.25, 22.82, 22.05, 9999.0, 9.59, 10.0, 21.73, 9999.0, 24.25, 9999.0, 117.66, 127.75, 120.25, 91.18, 138.43
2024-11-07, 04:54:27, 136.48, 58.25, 22.82, 22.02, 9999.0, 9.59, 10.0, 21.7, 9999.0, 24.25, 9999.0, 117.64, 127.75, 120.25, 91.18, 138.43
2024-11-07, 04:54:31, 136.48, 58.25, 22.84, 22.02, 9999.0, 9.57, 10.0, 21.7, 9999.0, 24.23, 9999.0, 117.61, 127.75, 120.25, 91.2, 138.43
2024-11-07, 04:54:35, 136.48, 58.25, 22.84, 22.02, 9999.0, 9.57, 10.0, 21.7, 9999.0, 24.23, 9999.0, 117.59, 127.75, 120.25, 91.2, 138.45
2024-11-07, 04:54:39, 136.45, 58.25, 22.82, 22.02, 9999.0, 9.59, 10.0, 21.7, 9999.0, 24.2, 9999.0, 117.57, 127.75, 120.25, 91.2, 138.45
2024-11-07, 04:54:43, 136.45, 58.25, 22.82, 22.02, 9999.0, 9.61, 10.0, 21.7, 9999.0, 24.16, 9999.0, 117.57, 127.75, 120.25, 91.2, 138.45
2024-11-07, 04:54:47, 136.43, 58.25, 22.8, 22.02, 9999.0, 9.66, 10.0, 21.7, 9999.0, 24.11, 9999.0, 117.55, 127.75, 120.25, 91.2, 138.45
2024-11-07, 04:54:51, 136.43, 58.25, 22.77, 22.02, 9999.0, 9.68, 10.0, 21.7, 9999.0, 24.07, 9999.0, 117.52, 127.75, 120.25, 91.2, 138.48
2024-11-07, 04:54:55, 136.41, 58.25, 22.8, 22.02, 9999.0, 9.7, 10.0, 21.7, 9999.0, 24.05, 9999.0, 117.55, 127.75, 120.25, 91.23, 138.48
2024-11-07, 04:54:59, 136.43, 58.25, 22.8, 22.02, 9999.0, 9.73, 10.0, 21.68, 9999.0, 24.02, 9999.0, 117.57, 127.75, 120.25, 91.23, 138.48
2024-11-07, 04:55:03, 136.43, 58.25, 22.82, 22.02, 9999.0, 9.75, 10.0, 21.7, 9999.0, 24.0, 9999.0, 117.59, 127.75, 120.25, 91.25, 138.45
2024-11-07, 04:55:07, 136.43, 58.25, 22.82, 22.02, 9999.0, 9.77, 10.0, 21.7, 9999.0, 24.02, 9999.0, 117.61, 127.75, 120.25, 91.25, 138.48
2024-11-07, 04:55:11, 136.43, 58.25, 22.82, 22.02, 9999.0, 9.77, 10.0, 21.73, 9999.0, 24.02, 9999.0, 117.64, 127.75, 120.25, 91.25, 138.48
2024-11-07, 04:55:15, 136.43, 58.27, 22.8, 22.02, 9999.0, 9.8, 10.0, 21.73, 9999.0, 24.05, 9999.0, 117.66, 127.75, 120.25, 91.25, 138.48
2024-11-07, 04:55:19, 136.43, 58.27, 22.82, 22.02, 9999.0, 9.8, 10.0, 21.73, 9999.0, 24.07, 9999.0, 117.68, 127.75, 120.25, 91.25, 138.48
2024-11-07, 04:55:23, 136.45, 58.27, 22.84, 22.02, 9999.0, 9.77, 10.0, 21.73, 9999.0, 24.09, 9999.0, 117.7, 127.75, 120.25, 91.25, 138.48
2024-11-07, 04:55:27, 136.45, 58.27, 22.84, 22.02, 9999.0, 9.75, 10.0, 21.73, 9999.0, 24.11, 9999.0, 117.68, 127.75, 120.25, 91.25, 138.48
2024-11-07, 04:55:31, 136.48, 58.27, 22.86, 22.02, 9999.0, 9.7, 10.0, 21.73, 9999.0, 24.11, 9999.0, 117.68, 127.75, 120.25, 91.25, 138.48
2024-11-07, 04:55:35, 136.48, 58.27, 22.86, 22.02, 9999.0, 9.68, 10.0, 21.73, 9999.0, 24.11, 9999.0, 117.68, 127.75, 120.25, 91.25, 138.48
2024-11-07, 04:55:39, 136.5, 58.27, 22.84, 22.02, 9999.0, 9.66, 10.0, 21.73, 9999.0, 24.11, 9999.0, 117.66, 127.75, 120.25, 91.25, 138.48
2024-11-07, 04:55:43, 136.5, 58.27, 22.86, 22.02, 9999.0, 9.64, 10.0, 21.75, 9999.0, 24.14, 9999.0, 117.64, 127.75, 120.25, 91.25, 138.48
2024-11-07, 04:55:47, 136.5, 58.27, 22.84, 22.0, 9999.0, 9.64, 10.0, 21.75, 9999.0, 24.14, 9999.0, 117.61, 127.75, 120.23, 91.25, 138.48
2024-11-07, 04:55:51, 136.5, 58.27, 22.84, 22.0, 9999.0, 9.64, 10.0, 21.75, 9999.0, 24.11, 9999.0, 117.59, 127.75, 120.23, 91.25, 138.45
2024-11-07, 04:55:55, 136.5, 58.27, 22.84, 22.0, 9999.0, 9.64, 10.0, 21.75, 9999.0, 24.11, 9999.0, 117.57, 127.75, 120.23, 91.25, 138.43
2024-11-07, 04:55:59, 136.5, 58.25, 22.84, 22.0, 9999.0, 9.66, 10.0, 21.75, 9999.0, 24.09, 9999.0, 117.55, 127.75, 120.23, 91.25, 138.41
2024-11-07, 04:56:03, 136.5, 58.25, 22.84, 22.0, 9999.0, 9.66, 10.0, 21.75, 9999.0, 24.07, 9999.0, 117.52, 127.75, 120.23, 91.25, 138.39
2024-11-07, 04:56:07, 136.5, 58.25, 22.84, 22.0, 9999.0, 9.66, 10.0, 21.75, 9999.0, 24.05, 9999.0, 117.52, 127.75, 120.23, 91.25, 138.36
2024-11-07, 04:56:11, 136.48, 58.25, 22.84, 22.02, 9999.0, 9.68, 10.0, 21.75, 9999.0, 24.02, 9999.0, 117.55, 127.75, 120.23, 91.25, 138.34
2024-11-07, 04:56:15, 136.45, 58.25, 22.82, 22.05, 9999.0, 9.7, 10.0, 21.75, 9999.0, 24.02, 9999.0, 117.57, 127.75, 120.23, 91.25, 138.34
2024-11-07, 04:56:19, 136.45, 58.25, 22.82, 22.07, 9999.0, 9.73, 10.0, 21.75, 9999.0, 24.02, 9999.0, 117.59, 127.75, 120.23, 91.25, 138.34
2024-11-07, 04:56:23, 136.43, 58.25, 22.82, 22.07, 9999.0, 9.75, 10.0, 21.75, 9999.0, 24.05, 9999.0, 117.61, 127.75, 120.23, 91.25, 138.32
2024-11-07, 04:56:27, 136.43, 58.25, 22.82, 22.07, 9999.0, 9.77, 10.0, 21.75, 9999.0, 24.05, 9999.0, 117.64, 127.75, 120.23, 91.25, 138.32
2024-11-07, 04:56:31, 136.43, 58.25, 22.84, 22.07, 9999.0, 9.77, 10.0, 21.75, 9999.0, 24.05, 9999.0, 117.66, 127.75, 120.25, 91.25, 138.34
2024-11-07, 04:56:35, 136.43, 58.25, 22.84, 22.09, 9999.0, 9.77, 10.0, 21.75, 9999.0, 24.07, 9999.0, 117.68, 127.75, 120.25, 91.25, 138.36
2024-11-07, 04:56:40, 136.43, 58.27, 22.84, 22.09, 9999.0, 9.75, 10.0, 21.75, 9999.0, 24.09, 9999.0, 117.7, 127.75, 120.25, 91.25, 138.39
2024-11-07, 04:56:44, 136.43, 58.27, 22.84, 22.09, 9999.0, 9.7, 10.0, 21.75, 9999.0, 24.11, 9999.0, 117.7, 127.75, 120.25, 91.25, 138.41
2024-11-07, 04:56:48, 136.43, 58.27, 22.84, 22.09, 9999.0, 9.68, 10.0, 21.73, 9999.0, 24.14, 9999.0, 117.7, 127.75, 120.25, 91.25, 138.43
2024-11-07, 04:56:52, 136.43, 58.3, 22.84, 22.09, 9999.0, 9.66, 10.0, 21.73, 9999.0, 24.16, 9999.0, 117.7, 127.75, 120.25, 91.25, 138.45
2024-11-07, 04:56:56, 136.45, 58.3, 22.86, 22.07, 9999.0, 9.64, 10.0, 21.73, 9999.0, 24.18, 9999.0, 117.68, 127.75, 120.25, 91.25, 138.45
2024-11-07, 04:57:00, 136.48, 58.3, 22.89, 22.07, 9999.0, 9.61, 10.0, 21.73, 9999.0, 24.18, 9999.0, 117.66, 127.75, 120.25, 91.25, 138.43
2024-11-07, 04:57:04, 136.48, 58.3, 22.91, 22.07, 9999.0, 9.59, 10.0, 21.73, 9999.0, 24.18, 9999.0, 117.64, 127.75, 120.25, 91.25, 138.43
2024-11-07, 04:57:08, 136.5, 58.3, 22.93, 22.07, 9999.0, 9.59, 10.0, 21.73, 9999.0, 24.16, 9999.0, 117.61, 127.73, 120.25, 91.25, 138.45
2024-11-07, 04:57:12, 136.5, 58.3, 22.91, 22.07, 9999.0, 9.59, 10.0, 21.73, 9999.0, 24.14, 9999.0, 117.59, 127.73, 120.25, 91.25, 138.45
2024-11-07, 04:57:16, 136.5, 58.3, 22.91, 22.07, 9999.0, 9.59, 10.0, 21.73, 9999.0, 24.14, 9999.0, 117.57, 127.73, 120.25, 91.25, 138.43
2024-11-07, 04:57:20, 136.5, 58.3, 22.91, 22.05, 9999.0, 9.59, 10.0, 21.73, 9999.0, 24.11, 9999.0, 117.55, 127.73, 120.25, 91.25, 138.41
2024-11-07, 04:57:24, 136.5, 58.27, 22.91, 22.05, 9999.0, 9.64, 10.0, 21.73, 9999.0, 24.09, 9999.0, 117.52, 127.73, 120.25, 91.25, 138.39
2024-11-07, 04:57:28, 136.5, 58.27, 22.91, 22.05, 9999.0, 9.66, 10.0, 21.73, 9999.0, 24.07, 9999.0, 117.52, 127.73, 120.25, 91.25, 138.36
2024-11-07, 04:57:32, 136.5, 58.27, 22.91, 22.05, 9999.0, 9.68, 10.0, 21.75, 9999.0, 24.05, 9999.0, 117.55, 127.73, 120.25, 91.25, 138.36
2024-11-07, 04:57:36, 136.5, 58.25, 22.89, 22.05, 9999.0, 9.7, 10.0, 21.73, 9999.0, 24.02, 9999.0, 117.55, 127.73, 120.25, 91.25, 138.36
2024-11-07, 04:57:40, 136.5, 58.25, 22.89, 22.05, 9999.0, 9.73, 10.0, 21.73, 9999.0, 24.0, 9999.0, 117.57, 127.73, 120.25, 91.25, 138.36
2024-11-07, 04:57:44, 136.5, 58.27, 22.86, 22.02, 9999.0, 9.75, 10.0, 21.73, 9999.0, 24.0, 9999.0, 117.59, 127.73, 120.23, 91.25, 138.36
2024-11-07, 04:57:48, 136.5, 58.27, 22.84, 22.0, 9999.0, 9.77, 10.0, 21.73, 9999.0, 24.0, 9999.0, 117.61, 127.73, 120.23, 91.25, 138.36
2024-11-07, 04:57:52, 136.5, 58.27, 22.82, 22.0, 9999.0, 9.77, 10.0, 21.7, 9999.0, 24.0, 9999.0, 117.64, 127.75, 120.23, 91.25, 138.34
2024-11-07, 04:57:56, 136.5, 58.27, 22.82, 22.0, 9999.0, 9.77, 10.0, 21.7, 9999.0, 24.02, 9999.0, 117.66, 127.75, 120.23, 91.25, 138.32
2024-11-07, 04:58:00, 136.5, 58.3, 22.8, 22.0, 9999.0, 9.75, 10.0, 21.7, 9999.0, 24.05, 9999.0, 117.68, 127.75, 120.23, 91.25, 138.32
2024-11-07, 04:58:04, 136.5, 58.3, 22.82, 22.0, 9999.0, 9.73, 10.0, 21.7, 9999.0, 24.07, 9999.0, 117.7, 127.75, 120.23, 91.25, 138.32
2024-11-07, 04:58:08, 136.5, 58.3, 22.82, 22.0, 9999.0, 9.68, 10.0, 21.7, 9999.0, 24.09, 9999.0, 117.7, 127.75, 120.23, 91.25, 138.32
2024-11-07, 04:58:12, 136.5, 58.3, 22.82, 22.0, 9999.0, 9.66, 10.0, 21.7, 9999.0, 24.09, 9999.0, 117.7, 127.75, 120.23, 91.25, 138.32
2024-11-07, 04:58:16, 136.5, 58.32, 22.8, 22.0, 9999.0, 9.64, 10.0, 21.7, 9999.0, 24.09, 9999.0, 117.68, 127.75, 120.23, 91.25, 138.3
2024-11-07, 04:58:20, 136.48, 58.32, 22.82, 22.0, 9999.0, 9.61, 10.0, 21.7, 9999.0, 24.09, 9999.0, 117.66, 127.75, 120.23, 91.25, 138.27
2024-11-07, 04:58:24, 136.48, 58.32, 22.8, 22.0, 9999.0, 9.59, 10.0, 21.7, 9999.0, 24.09, 9999.0, 117.64, 127.75, 120.23, 91.25, 138.27
2024-11-07, 04:58:28, 136.48, 58.3, 22.8, 22.0, 9999.0, 9.59, 10.0, 21.7, 9999.0, 24.09, 9999.0, 117.61, 127.75, 120.25, 91.25, 138.27
2024-11-07, 04:58:32, 136.48, 58.3, 22.8, 22.0, 9999.0, 9.59, 10.0, 21.7, 9999.0, 24.09, 9999.0, 117.59, 127.75, 120.25, 91.25, 138.25
2024-11-07, 04:58:36, 136.48, 58.3, 22.8, 22.0, 9999.0, 9.59, 10.0, 21.73, 9999.0, 24.09, 9999.0, 117.57, 127.75, 120.25, 91.23, 138.25
2024-11-07, 04:58:40, 136.48, 58.3, 22.8, 22.0, 9999.0, 9.59, 10.0, 21.73, 9999.0, 24.07, 9999.0, 117.55, 127.75, 120.25, 91.23, 138.27
2024-11-07, 04:58:44, 136.48, 58.27, 22.8, 22.0, 9999.0, 9.61, 10.0, 21.73, 9999.0, 24.05, 9999.0, 117.55, 127.75, 120.25, 91.23, 138.27
2024-11-07, 04:58:48, 136.48, 58.27, 22.77, 22.0, 9999.0, 9.64, 10.0, 21.73, 9999.0, 24.02, 9999.0, 117.55, 127.75, 120.25, 91.2, 138.27
2024-11-07, 04:58:52, 136.48, 58.27, 22.77, 22.0, 9999.0, 9.66, 10.0, 21.73, 9999.0, 24.0, 9999.0, 117.57, 127.75, 120.25, 91.2, 138.3
2024-11-07, 04:58:56, 136.48, 58.27, 22.77, 22.0, 9999.0, 9.68, 10.0, 21.73, 9999.0, 24.0, 9999.0, 117.59, 127.75, 120.25, 91.2, 138.32
2024-11-07, 04:59:00, 136.48, 58.27, 22.77, 22.0, 9999.0, 9.7, 10.0, 21.73, 9999.0, 24.0, 9999.0, 117.61, 127.75, 120.25, 91.2, 138.34
2024-11-07, 04:59:04, 136.5, 58.27, 22.75, 22.0, 9999.0, 9.73, 10.0, 21.75, 9999.0, 24.0, 9999.0, 117.64, 127.75, 120.25, 91.2, 138.34
2024-11-07, 04:59:08, 136.5, 58.27, 22.75, 22.0, 9999.0, 9.75, 10.0, 21.75, 9999.0, 24.0, 9999.0, 117.66, 127.75, 120.25, 91.2, 138.36
2024-11-07, 04:59:12, 136.5, 58.27, 22.77, 22.0, 9999.0, 9.75, 10.0, 21.75, 9999.0, 24.0, 9999.0, 117.68, 127.75, 120.25, 91.2, 138.36
2024-11-07, 04:59:16, 136.48, 58.27, 22.8, 22.0, 9999.0, 9.73, 10.0, 21.75, 9999.0, 24.0, 9999.0, 117.7, 127.75, 120.25, 91.18, 138.36
2024-11-07, 04:59:20, 136.48, 58.27, 22.8, 22.0, 9999.0, 9.73, 10.0, 21.75, 9999.0, 24.0, 9999.0, 117.73, 127.75, 120.25, 91.2, 138.36
2024-11-07, 04:59:24, 136.48, 58.27, 22.82, 22.0, 9999.0, 9.7, 10.0, 21.75, 9999.0, 24.0, 9999.0, 117.73, 127.75, 120.25, 91.2, 138.34
2024-11-07, 04:59:28, 136.45, 58.27, 22.82, 22.0, 9999.0, 9.68, 10.0, 21.75, 9999.0, 24.0, 9999.0, 117.7, 127.75, 120.25, 91.2, 138.36
2024-11-07, 04:59:32, 136.45, 58.27, 22.82, 22.0, 9999.0, 9.66, 10.0, 21.75, 9999.0, 24.0, 9999.0, 117.68, 127.75, 120.25, 91.23, 138.39
2024-11-07, 04:59:36, 136.45, 58.27, 22.82, 22.0, 9999.0, 9.64, 10.0, 21.75, 9999.0, 24.0, 9999.0, 117.66, 127.75, 120.25, 91.23, 138.39
2024-11-07, 04:59:40, 136.45, 58.27, 22.82, 22.0, 9999.0, 9.61, 10.0, 21.75, 9999.0, 23.98, 9999.0, 117.64, 127.75, 120.25, 91.23, 138.36
2024-11-07, 04:59:44, 136.43, 58.25, 22.82, 22.0, 9999.0, 9.59, 10.0, 21.75, 9999.0, 23.95, 9999.0, 117.61, 127.75, 120.25, 91.23, 138.34
2024-11-07, 04:59:48, 136.43, 58.25, 22.84, 22.0, 9999.0, 9.59, 10.0, 21.75, 9999.0, 23.95, 9999.0, 117.59, 127.75, 120.25, 91.23, 138.34
2024-11-07, 04:59:52, 136.43, 58.25, 22.84, 22.0, 9999.0, 9.59, 10.0, 21.75, 9999.0, 23.95, 9999.0, 117.57, 127.75, 120.25, 91.23, 138.32
2024-11-07, 04:59:56, 136.43, 58.25, 22.84, 22.0, 9999.0, 9.61, 10.0, 21.75, 9999.0, 23.95, 9999.0, 117.55, 127.75, 120.25, 91.23, 138.32
2024-11-07, 05:00:00, 136.45, 58.25, 22.82, 22.0, 9999.0, 9.64, 10.0, 21.75, 9999.0, 23.95, 9999.0, 117.52, 127.75, 120.25, 91.25, 138.32
2024-11-07, 05:00:04, 136.45, 58.25, 22.82, 22.0, 9999.0, 9.64, 10.0, 21.75, 9999.0, 23.95, 9999.0, 117.5, 127.75, 120.25, 91.25, 138.34
2024-11-07, 05:00:08, 136.45, 58.25, 22.82, 22.0, 9999.0, 9.66, 10.0, 21.75, 9999.0, 23.93, 9999.0, 117.5, 127.75, 120.25, 91.25, 138.34
2024-11-07, 05:00:13, 136.48, 58.25, 22.84, 22.0, 9999.0, 9.68, 10.0, 21.75, 9999.0, 23.91, 9999.0, 117.52, 127.75, 120.25, 91.25, 138.34
2024-11-07, 05:00:17, 136.48, 58.25, 22.86, 22.0, 9999.0, 9.7, 10.0, 21.75, 9999.0, 23.89, 9999.0, 117.55, 127.75, 120.25, 91.25, 138.34
2024-11-07, 05:00:21, 136.48, 58.25, 22.86, 22.0, 9999.0, 9.73, 10.0, 21.75, 9999.0, 23.86, 9999.0, 117.57, 127.75, 120.25, 91.25, 138.32
2024-11-07, 05:00:25, 136.48, 58.25, 22.86, 22.02, 9999.0, 9.75, 10.0, 21.75, 9999.0, 23.89, 9999.0, 117.59, 127.75, 120.25, 91.25, 138.32
2024-11-07, 05:00:29, 136.5, 58.25, 22.89, 22.02, 9999.0, 9.77, 10.0, 21.75, 9999.0, 23.91, 9999.0, 117.61, 127.75, 120.25, 91.25, 138.32
2024-11-07, 05:00:33, 136.5, 58.25, 22.89, 22.02, 9999.0, 9.75, 10.0, 21.75, 9999.0, 23.91, 9999.0, 117.64, 127.75, 120.25, 91.25, 138.32
2024-11-07, 05:00:37, 136.5, 58.25, 22.91, 22.02, 9999.0, 9.73, 10.0, 21.75, 9999.0, 23.91, 9999.0, 117.66, 127.75, 120.25, 91.25, 138.32
2024-11-07, 05:00:41, 136.5, 58.25, 22.89, 22.02, 9999.0, 9.68, 10.0, 21.75, 9999.0, 23.91, 9999.0, 117.68, 127.75, 120.25, 91.25, 138.32
2024-11-07, 05:00:45, 136.5, 58.25, 22.91, 22.02, 9999.0, 9.68, 10.0, 21.75, 9999.0, 23.89, 9999.0, 117.68, 127.75, 120.25, 91.25, 138.34
2024-11-07, 05:00:49, 136.5, 58.25, 22.91, 22.02, 9999.0, 9.66, 10.0, 21.75, 9999.0, 23.86, 9999.0, 117.68, 127.75, 120.25, 91.25, 138.34
2024-11-07, 05:00:53, 136.5, 58.25, 22.89, 22.02, 9999.0, 9.64, 10.0, 21.75, 9999.0, 23.86, 9999.0, 117.7, 127.75, 120.25, 91.25, 138.36
2024-11-07, 05:00:57, 136.5, 58.25, 22.89, 22.02, 9999.0, 9.61, 10.0, 21.75, 9999.0, 23.86, 9999.0, 117.68, 127.75, 120.25, 91.25, 138.36
2024-11-07, 05:01:01, 136.5, 58.25, 22.86, 22.02, 9999.0, 9.59, 10.0, 21.73, 9999.0, 23.86, 9999.0, 117.66, 127.75, 120.25, 91.25, 138.36
2024-11-07, 05:01:05, 136.5, 58.25, 22.89, 22.02, 9999.0, 9.59, 10.0, 21.73, 9999.0, 23.86, 9999.0, 117.64, 127.75, 120.25, 91.25, 138.39
2024-11-07, 05:01:09, 136.5, 58.25, 22.89, 22.0, 9999.0, 9.59, 10.0, 21.73, 9999.0, 23.84, 9999.0, 117.61, 127.75, 120.25, 91.23, 138.41
2024-11-07, 05:01:13, 136.48, 58.25, 22.86, 22.0, 9999.0, 9.59, 10.0, 21.73, 9999.0, 23.82, 9999.0, 117.59, 127.75, 120.25, 91.23, 138.43
2024-11-07, 05:01:17, 136.45, 58.25, 22.84, 22.0, 9999.0, 9.64, 10.0, 21.73, 9999.0, 23.8, 9999.0, 117.57, 127.75, 120.25, 91.23, 138.45
2024-11-07, 05:01:21, 136.43, 58.25, 22.84, 22.0, 9999.0, 9.66, 10.0, 21.73, 9999.0, 23.75, 9999.0, 117.55, 127.75, 120.25, 91.23, 138.48
2024-11-07, 05:01:25, 136.43, 58.25, 22.86, 22.0, 9999.0, 9.7, 10.0, 21.73, 9999.0, 23.73, 9999.0, 117.55, 127.75, 120.25, 91.23, 138.5
2024-11-07, 05:01:29, 136.41, 58.25, 22.84, 22.0, 9999.0, 9.7, 10.0, 21.73, 9999.0, 23.7, 9999.0, 117.57, 127.75, 120.25, 91.23, 138.5
2024-11-07, 05:01:33, 136.41, 58.25, 22.84, 22.0, 9999.0, 9.73, 10.0, 21.73, 9999.0, 23.7, 9999.0, 117.61, 127.75, 120.25, 91.23, 138.5
2024-11-07, 05:01:37, 136.41, 58.25, 22.84, 22.0, 9999.0, 9.75, 10.0, 21.73, 9999.0, 23.68, 9999.0, 117.61, 127.75, 120.25, 91.23, 138.48
2024-11-07, 05:01:41, 136.41, 58.25, 22.84, 22.0, 9999.0, 9.77, 10.0, 21.73, 9999.0, 23.66, 9999.0, 117.64, 127.75, 120.25, 91.23, 138.48
2024-11-07, 05:01:45, 136.41, 58.25, 22.86, 22.0, 9999.0, 9.8, 10.0, 21.75, 9999.0, 23.66, 9999.0, 117.66, 127.75, 120.25, 91.23, 138.48
2024-11-07, 05:01:49, 136.41, 58.25, 22.86, 22.0, 9999.0, 9.8, 10.0, 21.75, 9999.0, 23.66, 9999.0, 117.68, 127.75, 120.25, 91.23, 138.48
2024-11-07, 05:01:53, 136.41, 58.25, 22.89, 22.0, 9999.0, 9.8, 10.0, 21.75, 9999.0, 23.68, 9999.0, 117.7, 127.75, 120.25, 91.25, 138.48
2024-11-07, 05:01:57, 136.43, 58.25, 22.89, 22.0, 9999.0, 9.77, 10.02, 21.75, 9999.0, 23.7, 9999.0, 117.73, 127.75, 120.25, 91.25, 138.48
2024-11-07, 05:02:01, 136.45, 58.25, 22.91, 22.0, 9999.0, 9.73, 10.02, 21.75, 9999.0, 23.73, 9999.0, 117.75, 127.75, 120.25, 91.25, 138.48
2024-11-07, 05:02:05, 136.48, 58.25, 22.91, 22.0, 9999.0, 9.7, 10.02, 21.75, 9999.0, 23.77, 9999.0, 117.75, 127.77, 120.25, 91.25, 138.48
2024-11-07, 05:02:09, 136.48, 58.25, 22.91, 22.0, 9999.0, 9.66, 10.02, 21.75, 9999.0, 23.8, 9999.0, 117.73, 127.77, 120.25, 91.25, 138.48
2024-11-07, 05:02:13, 136.5, 58.25, 22.93, 22.0, 9999.0, 9.64, 10.02, 21.75, 9999.0, 23.82, 9999.0, 117.7, 127.77, 120.25, 91.25, 138.48
2024-11-07, 05:02:17, 136.48, 58.25, 22.95, 22.02, 9999.0, 9.61, 10.02, 21.75, 9999.0, 23.82, 9999.0, 117.66, 127.77, 120.25, 91.25, 138.45
2024-11-07, 05:02:21, 136.48, 58.25, 22.98, 22.02, 9999.0, 9.59, 10.02, 21.75, 9999.0, 23.84, 9999.0, 117.64, 127.77, 120.25, 91.25, 138.48
2024-11-07, 05:02:25, 136.45, 58.25, 22.95, 22.02, 9999.0, 9.59, 10.02, 21.75, 9999.0, 23.86, 9999.0, 117.61, 127.77, 120.25, 91.25, 138.48
2024-11-07, 05:02:29, 136.45, 58.25, 22.95, 22.02, 9999.0, 9.59, 10.02, 21.75, 9999.0, 23.86, 9999.0, 117.59, 127.77, 120.25, 91.25, 138.48
2024-11-07, 05:02:33, 136.45, 58.25, 22.95, 22.02, 9999.0, 9.59, 10.02, 21.75, 9999.0, 23.86, 9999.0, 117.57, 127.77, 120.25, 91.25, 138.48
2024-11-07, 05:02:37, 136.45, 58.25, 22.95, 22.02, 9999.0, 9.61, 10.02, 21.75, 9999.0, 23.84, 9999.0, 117.55, 127.77, 120.25, 91.25, 138.48
2024-11-07, 05:02:41, 136.45, 58.25, 22.98, 22.02, 9999.0, 9.66, 10.0, 21.75, 9999.0, 23.8, 9999.0, 117.55, 127.77, 120.25, 91.25, 138.48
2024-11-07, 05:02:45, 136.45, 58.25, 22.95, 22.02, 9999.0, 9.68, 10.0, 21.75, 9999.0, 23.77, 9999.0, 117.55, 127.77, 120.25, 91.25, 138.48
2024-11-07, 05:02:49, 136.45, 58.25, 22.95, 22.05, 9999.0, 9.7, 10.0, 21.75, 9999.0, 23.75, 9999.0, 117.57, 127.75, 120.25, 91.25, 138.48
2024-11-07, 05:02:53, 136.45, 58.25, 22.93, 22.07, 9999.0, 9.73, 10.0, 21.75, 9999.0, 23.73, 9999.0, 117.61, 127.75, 120.25, 91.25, 138.48
2024-11-07, 05:02:57, 136.45, 58.25, 22.93, 22.07, 9999.0, 9.75, 10.0, 21.75, 9999.0, 23.7, 9999.0, 117.64, 127.75, 120.25, 91.25, 138.48
2024-11-07, 05:03:01, 136.48, 58.25, 22.93, 22.05, 9999.0, 9.77, 10.0, 21.75, 9999.0, 23.7, 9999.0, 117.66, 127.75, 120.25, 91.25, 138.5
2024-11-07, 05:03:05, 136.48, 58.25, 22.93, 22.05, 9999.0, 9.8, 10.0, 21.75, 9999.0, 23.7, 9999.0, 117.68, 127.75, 120.25, 91.25, 138.5
2024-11-07, 05:03:09, 136.5, 58.25, 22.95, 22.05, 9999.0, 9.8, 10.0, 21.75, 9999.0, 23.7, 9999.0, 117.7, 127.75, 120.25, 91.25, 138.5
2024-11-07, 05:03:13, 136.5, 58.25, 22.95, 22.05, 9999.0, 9.8, 10.0, 21.75, 9999.0, 23.73, 9999.0, 117.73, 127.75, 120.25, 91.25, 138.5
2024-11-07, 05:03:17, 136.5, 58.25, 22.95, 22.05, 9999.0, 9.8, 10.0, 21.75, 9999.0, 23.73, 9999.0, 117.75, 127.75, 120.25, 91.25, 138.5
2024-11-07, 05:03:21, 136.5, 58.25, 22.95, 22.05, 9999.0, 9.77, 10.0, 21.75, 9999.0, 23.73, 9999.0, 117.77, 127.75, 120.25, 91.25, 138.5
2024-11-07, 05:03:25, 136.5, 58.25, 22.95, 22.05, 9999.0, 9.73, 10.0, 21.75, 9999.0, 23.75, 9999.0, 117.77, 127.75, 120.25, 91.25, 138.5
2024-11-07, 05:03:29, 136.5, 58.25, 22.98, 22.07, 9999.0, 9.7, 10.0, 21.75, 9999.0, 23.75, 9999.0, 117.77, 127.75, 120.25, 91.25, 138.5
2024-11-07, 05:03:33, 136.5, 58.25, 22.98, 22.05, 9999.0, 9.68, 10.0, 21.75, 9999.0, 23.75, 9999.0, 117.77, 127.75, 120.25, 91.25, 138.5
2024-11-07, 05:03:37, 136.48, 58.25, 23.0, 22.02, 9999.0, 9.66, 10.0, 21.75, 9999.0, 23.75, 9999.0, 117.73, 127.75, 120.25, 91.25, 138.5
2024-11-07, 05:03:41, 136.45, 58.25, 23.0, 22.02, 9999.0, 9.64, 10.0, 21.75, 9999.0, 23.77, 9999.0, 117.7, 127.75, 120.25, 91.25, 138.5
2024-11-07, 05:03:45, 136.43, 58.25, 23.0, 22.02, 9999.0, 9.64, 10.0, 21.75, 9999.0, 23.77, 9999.0, 117.68, 127.75, 120.25, 91.25, 138.5
2024-11-07, 05:03:49, 136.41, 58.25, 23.0, 22.02, 9999.0, 9.64, 10.0, 21.75, 9999.0, 23.77, 9999.0, 117.66, 127.75, 120.25, 91.25, 138.5
2024-11-07, 05:03:54, 136.41, 58.25, 23.0, 22.02, 9999.0, 9.64, 10.0, 21.75, 9999.0, 23.77, 9999.0, 117.64, 127.75, 120.25, 91.25, 138.5
2024-11-07, 05:03:58, 136.41, 58.25, 23.0, 22.02, 9999.0, 9.66, 10.0, 21.75, 9999.0, 23.73, 9999.0, 117.61, 127.75, 120.25, 91.25, 138.5
2024-11-07, 05:04:02, 136.41, 58.25, 23.0, 22.02, 9999.0, 9.66, 10.0, 21.75, 9999.0, 23.73, 9999.0, 117.61, 127.75, 120.25, 91.25, 138.5
2024-11-07, 05:04:06, 136.39, 58.25, 23.0, 22.05, 9999.0, 9.66, 10.0, 21.75, 9999.0, 23.7, 9999.0, 117.59, 127.75, 120.25, 91.25, 138.5
2024-11-07, 05:04:10, 136.39, 58.25, 23.0, 22.07, 9999.0, 9.68, 10.0, 21.75, 9999.0, 23.68, 9999.0, 117.59, 127.75, 120.25, 91.25, 138.5
2024-11-07, 05:04:14, 136.39, 58.25, 23.0, 22.05, 9999.0, 9.7, 10.0, 21.75, 9999.0, 23.66, 9999.0, 117.59, 127.75, 120.25, 91.25, 138.5
2024-11-07, 05:04:18, 136.39, 58.25, 23.0, 22.05, 9999.0, 9.73, 10.0, 21.75, 9999.0, 23.66, 9999.0, 117.59, 127.75, 120.25, 91.25, 138.5
2024-11-07, 05:04:22, 136.41, 58.25, 23.0, 22.05, 9999.0, 9.75, 10.0, 21.75, 9999.0, 23.66, 9999.0, 117.61, 127.75, 120.25, 91.25, 138.5
2024-11-07, 05:04:26, 136.43, 58.25, 23.0, 22.05, 9999.0, 9.77, 10.0, 21.75, 9999.0, 23.66, 9999.0, 117.64, 127.75, 120.25, 91.25, 138.5
2024-11-07, 05:04:30, 136.45, 58.25, 23.0, 22.07, 9999.0, 9.77, 10.0, 21.75, 9999.0, 23.68, 9999.0, 117.66, 127.75, 120.25, 91.25, 138.5
2024-11-07, 05:04:34, 136.45, 58.25, 23.0, 22.07, 9999.0, 9.77, 10.0, 21.75, 9999.0, 23.7, 9999.0, 117.68, 127.75, 120.25, 91.25, 138.5
2024-11-07, 05:04:38, 136.45, 58.25, 23.0, 22.09, 9999.0, 9.75, 10.0, 21.75, 9999.0, 23.73, 9999.0, 117.7, 127.75, 120.25, 91.25, 138.5
2024-11-07, 05:04:42, 136.45, 58.25, 23.0, 22.09, 9999.0, 9.7, 10.0, 21.75, 9999.0, 23.75, 9999.0, 117.73, 127.75, 120.25, 91.25, 138.5
2024-11-07, 05:04:46, 136.45, 58.25, 23.0, 22.11, 9999.0, 9.68, 10.0, 21.75, 9999.0, 23.77, 9999.0, 117.7, 127.75, 120.25, 91.25, 138.5
2024-11-07, 05:04:50, 136.48, 58.25, 23.0, 22.11, 9999.0, 9.66, 10.0, 21.75, 9999.0, 23.82, 9999.0, 117.7, 127.75, 120.25, 91.25, 138.5
2024-11-07, 05:04:54, 136.48, 58.25, 23.0, 22.09, 9999.0, 9.64, 10.0, 21.75, 9999.0, 23.84, 9999.0, 117.68, 127.75, 120.25, 91.25, 138.5
2024-11-07, 05:04:58, 136.48, 58.25, 23.0, 22.11, 9999.0, 9.61, 10.0, 21.75, 9999.0, 23.86, 9999.0, 117.66, 127.75, 120.25, 91.25, 138.5
2024-11-07, 05:05:02, 136.48, 58.25, 23.0, 22.14, 9999.0, 9.59, 10.0, 21.75, 9999.0, 23.86, 9999.0, 117.64, 127.75, 120.25, 91.25, 138.5
2024-11-07, 05:05:06, 136.48, 58.25, 23.0, 22.14, 9999.0, 9.59, 10.0, 21.75, 9999.0, 23.86, 9999.0, 117.61, 127.75, 120.25, 91.25, 138.5
2024-11-07, 05:05:10, 136.45, 58.25, 23.0, 22.16, 9999.0, 9.59, 10.0, 21.75, 9999.0, 23.86, 9999.0, 117.59, 127.75, 120.25, 91.25, 138.5
2024-11-07, 05:05:14, 136.45, 58.25, 23.0, 22.16, 9999.0, 9.61, 10.0, 21.75, 9999.0, 23.84, 9999.0, 117.57, 127.75, 120.25, 91.25, 138.5
2024-11-07, 05:05:18, 136.48, 58.25, 23.0, 22.18, 9999.0, 9.64, 10.0, 21.75, 9999.0, 23.82, 9999.0, 117.55, 127.75, 120.25, 91.25, 138.5
2024-11-07, 05:05:22, 136.48, 58.25, 23.0, 22.16, 9999.0, 9.66, 10.0, 21.75, 9999.0, 23.77, 9999.0, 117.55, 127.75, 120.25, 91.25, 138.5
2024-11-07, 05:05:26, 136.48, 58.25, 23.0, 22.16, 9999.0, 9.68, 10.0, 21.75, 9999.0, 23.77, 9999.0, 117.55, 127.75, 120.25, 91.25, 138.5
2024-11-07, 05:05:30, 136.48, 58.25, 23.0, 22.16, 9999.0, 9.7, 10.0, 21.75, 9999.0, 23.75, 9999.0, 117.57, 127.75, 120.25, 91.25, 138.5
2024-11-07, 05:05:34, 136.48, 58.25, 23.0, 22.16, 9999.0, 9.73, 10.0, 21.75, 9999.0, 23.7, 9999.0, 117.61, 127.75, 120.25, 91.25, 138.5
2024-11-07, 05:05:38, 136.48, 58.25, 23.0, 22.18, 9999.0, 9.75, 10.0, 21.75, 9999.0, 23.68, 9999.0, 117.64, 127.75, 120.25, 91.25, 138.5
2024-11-07, 05:05:42, 136.48, 58.25, 23.0, 22.18, 9999.0, 9.77, 10.0, 21.75, 9999.0, 23.68, 9999.0, 117.66, 127.75, 120.25, 91.25, 138.5
2024-11-07, 05:05:46, 136.48, 58.25, 23.0, 22.18, 9999.0, 9.8, 10.0, 21.75, 9999.0, 23.68, 9999.0, 117.68, 127.75, 120.25, 91.25, 138.5
2024-11-07, 05:05:50, 136.48, 58.25, 23.0, 22.2, 9999.0, 9.8, 10.0, 21.75, 9999.0, 23.7, 9999.0, 117.7, 127.77, 120.25, 91.25, 138.5
2024-11-07, 05:05:54, 136.5, 58.25, 23.0, 22.2, 9999.0, 9.8, 10.0, 21.75, 9999.0, 23.73, 9999.0, 117.73, 127.77, 120.25, 91.25, 138.5
2024-11-07, 05:05:58, 136.48, 58.25, 23.0, 22.18, 9999.0, 9.77, 10.0, 21.75, 9999.0, 23.75, 9999.0, 117.75, 127.77, 120.25, 91.25, 138.5
2024-11-07, 05:06:02, 136.48, 58.25, 23.0, 22.18, 9999.0, 9.75, 10.0, 21.75, 9999.0, 23.77, 9999.0, 117.77, 127.77, 120.25, 91.25, 138.5
2024-11-07, 05:06:06, 136.48, 58.25, 23.0, 22.18, 9999.0, 9.73, 10.0, 21.75, 9999.0, 23.82, 9999.0, 117.77, 127.77, 120.25, 91.25, 138.5
2024-11-07, 05:06:10, 136.48, 58.25, 23.0, 22.18, 9999.0, 9.7, 10.0, 21.73, 9999.0, 23.84, 9999.0, 117.77, 127.77, 120.25, 91.25, 138.5
2024-11-07, 05:06:14, 136.48, 58.27, 23.0, 22.18, 9999.0, 9.68, 10.0, 21.7, 9999.0, 23.86, 9999.0, 117.75, 127.77, 120.25, 91.25, 138.5
2024-11-07, 05:06:18, 136.48, 58.27, 23.0, 22.16, 9999.0, 9.66, 10.0, 21.7, 9999.0, 23.91, 9999.0, 117.7, 127.77, 120.25, 91.25, 138.5
2024-11-07, 05:06:22, 136.48, 58.27, 23.0, 22.14, 9999.0, 9.66, 10.0, 21.68, 9999.0, 23.95, 9999.0, 117.68, 127.77, 120.25, 91.25, 138.5
2024-11-07, 05:06:26, 136.48, 58.27, 23.0, 22.14, 9999.0, 9.66, 10.0, 21.68, 9999.0, 23.98, 9999.0, 117.66, 127.77, 120.25, 91.25, 138.5
2024-11-07, 05:06:30, 136.48, 58.27, 23.0, 22.14, 9999.0, 9.66, 10.0, 21.68, 9999.0, 24.0, 9999.0, 117.64, 127.77, 120.25, 91.25, 138.5
2024-11-07, 05:06:34, 136.48, 58.27, 23.0, 22.14, 9999.0, 9.66, 10.0, 21.68, 9999.0, 24.0, 9999.0, 117.61, 127.75, 120.25, 91.25, 138.5
2024-11-07, 05:06:38, 136.48, 58.27, 22.98, 22.11, 9999.0, 9.68, 10.0, 21.68, 9999.0, 24.0, 9999.0, 117.61, 127.75, 120.25, 91.25, 138.5
2024-11-07, 05:06:42, 136.5, 58.27, 22.98, 22.14, 9999.0, 9.68, 10.0, 21.68, 9999.0, 23.98, 9999.0, 117.61, 127.75, 120.25, 91.25, 138.5
2024-11-07, 05:06:46, 136.5, 58.27, 22.98, 22.14, 9999.0, 9.68, 10.0, 21.66, 9999.0, 23.95, 9999.0, 117.61, 127.75, 120.25, 91.25, 138.5
2024-11-07, 05:06:50, 136.5, 58.27, 22.98, 22.16, 9999.0, 9.7, 10.0, 21.66, 9999.0, 23.93, 9999.0, 117.64, 127.75, 120.25, 91.25, 138.5
2024-11-07, 05:06:54, 136.5, 58.27, 22.98, 22.18, 9999.0, 9.73, 10.0, 21.68, 9999.0, 23.91, 9999.0, 117.64, 127.75, 120.25, 91.25, 138.5
2024-11-07, 05:06:58, 136.5, 58.27, 22.98, 22.16, 9999.0, 9.75, 10.0, 21.7, 9999.0, 23.89, 9999.0, 117.66, 127.75, 120.25, 91.25, 138.5
2024-11-07, 05:07:02, 136.5, 58.27, 22.98, 22.18, 9999.0, 9.77, 10.0, 21.7, 9999.0, 23.89, 9999.0, 117.68, 127.75, 120.25, 91.25, 138.5
2024-11-07, 05:07:06, 136.5, 58.27, 22.98, 22.2, 9999.0, 9.77, 10.0, 21.73, 9999.0, 23.89, 9999.0, 117.7, 127.75, 120.25, 91.25, 138.5
2024-11-07, 05:07:10, 136.5, 58.27, 22.98, 22.18, 9999.0, 9.77, 10.0, 21.73, 9999.0, 23.89, 9999.0, 117.73, 127.75, 120.25, 91.25, 138.5
2024-11-07, 05:07:14, 136.5, 58.27, 22.98, 22.16, 9999.0, 9.75, 10.0, 21.73, 9999.0, 23.89, 9999.0, 117.75, 127.75, 120.25, 91.25, 138.5
2024-11-07, 05:07:18, 136.48, 58.27, 22.98, 22.14, 9999.0, 9.73, 10.0, 21.73, 9999.0, 23.89, 9999.0, 117.77, 127.75, 120.25, 91.25, 138.5
2024-11-07, 05:07:22, 136.45, 58.27, 23.0, 22.14, 9999.0, 9.68, 10.0, 21.7, 9999.0, 23.89, 9999.0, 117.77, 127.75, 120.25, 91.25, 138.5
2024-11-07, 05:07:26, 136.45, 58.27, 23.0, 22.11, 9999.0, 9.66, 10.0, 21.7, 9999.0, 23.91, 9999.0, 117.77, 127.75, 120.25, 91.25, 138.5
2024-11-07, 05:07:30, 136.45, 58.27, 23.0, 22.09, 9999.0, 9.64, 10.0, 21.73, 9999.0, 23.93, 9999.0, 117.75, 127.75, 120.25, 91.23, 138.5
2024-11-07, 05:07:34, 136.45, 58.27, 23.0, 22.09, 9999.0, 9.61, 10.0, 21.73, 9999.0, 23.95, 9999.0, 117.7, 127.75, 120.25, 91.23, 138.5
2024-11-07, 05:07:39, 136.45, 58.27, 23.0, 22.09, 9999.0, 9.59, 10.0, 21.7, 9999.0, 23.95, 9999.0, 117.68, 127.75, 120.25, 91.23, 138.5
2024-11-07, 05:07:43, 136.43, 58.25, 23.0, 22.09, 9999.0, 9.59, 10.0, 21.7, 9999.0, 23.98, 9999.0, 117.66, 127.75, 120.25, 91.23, 138.5
2024-11-07, 05:07:47, 136.41, 58.25, 23.0, 22.09, 9999.0, 9.59, 10.0, 21.7, 9999.0, 23.98, 9999.0, 117.64, 127.75, 120.25, 91.23, 138.5
2024-11-07, 05:07:51, 136.39, 58.25, 22.98, 22.09, 9999.0, 9.59, 10.0, 21.7, 9999.0, 23.98, 9999.0, 117.61, 127.75, 120.25, 91.2, 138.5
2024-11-07, 05:07:55, 136.39, 58.25, 22.95, 22.11, 9999.0, 9.59, 10.0, 21.7, 9999.0, 23.98, 9999.0, 117.59, 127.75, 120.25, 91.2, 138.5
2024-11-07, 05:07:59, 136.39, 58.25, 22.93, 22.11, 9999.0, 9.61, 10.0, 21.7, 9999.0, 23.95, 9999.0, 117.59, 127.75, 120.25, 91.2, 138.5
2024-11-07, 05:08:03, 136.41, 58.25, 22.91, 22.11, 9999.0, 9.64, 10.0, 21.7, 9999.0, 23.93, 9999.0, 117.59, 127.75, 120.25, 91.2, 138.5
2024-11-07, 05:08:07, 136.43, 58.25, 22.91, 22.14, 9999.0, 9.66, 10.0, 21.73, 9999.0, 23.91, 9999.0, 117.59, 127.75, 120.25, 91.2, 138.5
2024-11-07, 05:08:11, 136.43, 58.25, 22.91, 22.16, 9999.0, 9.68, 10.0, 21.73, 9999.0, 23.89, 9999.0, 117.61, 127.75, 120.25, 91.2, 138.5
2024-11-07, 05:08:15, 136.41, 58.27, 22.91, 22.16, 9999.0, 9.7, 10.0, 21.73, 9999.0, 23.86, 9999.0, 117.64, 127.75, 120.25, 91.23, 138.5
2024-11-07, 05:08:19, 136.41, 58.27, 22.91, 22.16, 9999.0, 9.73, 10.0, 21.73, 9999.0, 23.86, 9999.0, 117.66, 127.75, 120.25, 91.23, 138.5
2024-11-07, 05:08:23, 136.41, 58.27, 22.91, 22.14, 9999.0, 9.75, 10.0, 21.75, 9999.0, 23.89, 9999.0, 117.68, 127.75, 120.25, 91.23, 138.5
2024-11-07, 05:08:27, 136.43, 58.27, 22.91, 22.14, 9999.0, 9.75, 10.0, 21.75, 9999.0, 23.89, 9999.0, 117.7, 127.77, 120.25, 91.23, 138.5
2024-11-07, 05:08:31, 136.45, 58.27, 22.91, 22.11, 9999.0, 9.75, 10.0, 21.75, 9999.0, 23.91, 9999.0, 117.73, 127.77, 120.25, 91.23, 138.5
2024-11-07, 05:08:35, 136.48, 58.27, 22.93, 22.09, 9999.0, 9.75, 10.0, 21.75, 9999.0, 23.91, 9999.0, 117.75, 127.77, 120.25, 91.25, 138.5
2024-11-07, 05:08:39, 136.48, 58.27, 22.95, 22.07, 9999.0, 9.73, 10.0, 21.75, 9999.0, 23.91, 9999.0, 117.77, 127.8, 120.25, 91.25, 138.5
2024-11-07, 05:08:43, 136.48, 58.27, 22.98, 22.07, 9999.0, 9.73, 10.0, 21.75, 9999.0, 23.93, 9999.0, 117.77, 127.8, 120.25, 91.25, 138.5
2024-11-07, 05:08:47, 136.48, 58.27, 23.0, 22.07, 9999.0, 9.7, 10.0, 21.75, 9999.0, 23.95, 9999.0, 117.77, 127.8, 120.25, 91.25, 138.5
2024-11-07, 05:08:51, 136.48, 58.27, 23.0, 22.05, 9999.0, 9.68, 10.0, 21.75, 9999.0, 23.98, 9999.0, 117.75, 127.8, 120.25, 91.25, 138.5
2024-11-07, 05:08:55, 136.45, 58.27, 23.0, 22.02, 9999.0, 9.66, 10.0, 21.75, 9999.0, 24.0, 9999.0, 117.73, 127.8, 120.25, 91.25, 138.5
2024-11-07, 05:08:59, 136.48, 58.25, 23.0, 22.02, 9999.0, 9.64, 10.0, 21.75, 9999.0, 24.02, 9999.0, 117.73, 127.8, 120.25, 91.25, 138.5
2024-11-07, 05:09:03, 136.48, 58.25, 23.0, 22.0, 9999.0, 9.64, 10.0, 21.75, 9999.0, 24.0, 9999.0, 117.7, 127.8, 120.25, 91.25, 138.5
2024-11-07, 05:09:07, 136.48, 58.27, 23.0, 22.0, 9999.0, 9.64, 10.0, 21.75, 9999.0, 23.98, 9999.0, 117.68, 127.8, 120.25, 91.25, 138.5
2024-11-07, 05:09:11, 136.48, 58.27, 22.98, 22.02, 9999.0, 9.64, 10.0, 21.75, 9999.0, 23.95, 9999.0, 117.66, 127.77, 120.25, 91.25, 138.5
2024-11-07, 05:09:15, 136.48, 58.27, 22.98, 22.05, 9999.0, 9.64, 10.0, 21.73, 9999.0, 23.91, 9999.0, 117.64, 127.77, 120.25, 91.25, 138.5
2024-11-07, 05:09:19, 136.48, 58.27, 22.95, 22.05, 9999.0, 9.64, 10.0, 21.73, 9999.0, 23.89, 9999.0, 117.64, 127.77, 120.25, 91.25, 138.5
2024-11-07, 05:09:23, 136.48, 58.3, 22.95, 22.07, 9999.0, 9.66, 10.0, 21.73, 9999.0, 23.86, 9999.0, 117.64, 127.75, 120.25, 91.25, 138.5
2024-11-07, 05:09:27, 136.48, 58.3, 22.93, 22.07, 9999.0, 9.66, 10.0, 21.73, 9999.0, 23.84, 9999.0, 117.64, 127.75, 120.25, 91.25, 138.5
2024-11-07, 05:09:31, 136.48, 58.3, 22.93, 22.07, 9999.0, 9.68, 10.0, 21.73, 9999.0, 23.82, 9999.0, 117.66, 127.75, 120.25, 91.25, 138.5
2024-11-07, 05:09:35, 136.48, 58.3, 22.91, 22.07, 9999.0, 9.7, 10.0, 21.73, 9999.0, 23.8, 9999.0, 117.7, 127.75, 120.25, 91.25, 138.5
2024-11-07, 05:09:39, 136.5, 58.3, 22.89, 22.07, 9999.0, 9.73, 10.0, 21.73, 9999.0, 23.77, 9999.0, 117.7, 127.75, 120.25, 91.25, 138.5
2024-11-07, 05:09:43, 136.5, 58.3, 22.89, 22.07, 9999.0, 9.75, 10.0, 21.73, 9999.0, 23.75, 9999.0, 117.7, 127.75, 120.25, 91.25, 138.5
2024-11-07, 05:09:47, 136.5, 58.3, 22.89, 22.07, 9999.0, 9.75, 10.0, 21.73, 9999.0, 23.77, 9999.0, 117.73, 127.75, 120.25, 91.25, 138.5
2024-11-07, 05:09:51, 136.5, 58.27, 22.86, 22.07, 9999.0, 9.75, 10.0, 21.73, 9999.0, 23.82, 9999.0, 117.75, 127.75, 120.25, 91.25, 138.5
2024-11-07, 05:09:55, 136.5, 58.27, 22.86, 22.05, 9999.0, 9.73, 10.0, 21.73, 9999.0, 23.84, 9999.0, 117.77, 127.75, 120.25, 91.25, 138.5
2024-11-07, 05:09:59, 136.5, 58.27, 22.84, 22.02, 9999.0, 9.73, 10.0, 21.75, 9999.0, 23.86, 9999.0, 117.8, 127.75, 120.25, 91.25, 138.5
2024-11-07, 05:10:03, 136.48, 58.27, 22.86, 22.02, 9999.0, 9.7, 10.0, 21.75, 9999.0, 23.89, 9999.0, 117.8, 127.75, 120.25, 91.25, 138.5
2024-11-07, 05:10:07, 136.48, 58.25, 22.86, 22.0, 9999.0, 9.68, 10.0, 21.75, 9999.0, 23.91, 9999.0, 117.77, 127.75, 120.25, 91.25, 138.5
2024-11-07, 05:10:11, 136.48, 58.25, 22.89, 22.0, 9999.0, 9.66, 10.0, 21.75, 9999.0, 23.93, 9999.0, 117.75, 127.75, 120.25, 91.25, 138.5
2024-11-07, 05:10:15, 136.48, 58.25, 22.89, 22.0, 9999.0, 9.64, 10.0, 21.75, 9999.0, 23.95, 9999.0, 117.7, 127.75, 120.25, 91.25, 138.5
2024-11-07, 05:10:19, 136.48, 58.25, 22.91, 22.0, 9999.0, 9.61, 10.0, 21.75, 9999.0, 23.98, 9999.0, 117.66, 127.75, 120.25, 91.25, 138.5
2024-11-07, 05:10:23, 136.48, 58.25, 22.91, 22.02, 9999.0, 9.61, 10.0, 21.75, 9999.0, 24.0, 9999.0, 117.64, 127.75, 120.25, 91.25, 138.5
2024-11-07, 05:10:27, 136.48, 58.25, 22.89, 22.02, 9999.0, 9.61, 10.0, 21.75, 9999.0, 24.02, 9999.0, 117.61, 127.75, 120.25, 91.25, 138.5
2024-11-07, 05:10:31, 136.48, 58.25, 22.86, 22.05, 9999.0, 9.61, 10.0, 21.75, 9999.0, 24.02, 9999.0, 117.59, 127.75, 120.25, 91.25, 138.5
2024-11-07, 05:10:35, 136.48, 58.25, 22.86, 22.05, 9999.0, 9.64, 10.0, 21.75, 9999.0, 24.0, 9999.0, 117.57, 127.75, 120.25, 91.25, 138.5
2024-11-07, 05:10:39, 136.48, 58.25, 22.89, 22.05, 9999.0, 9.68, 10.0, 21.75, 9999.0, 23.98, 9999.0, 117.57, 127.75, 120.25, 91.25, 138.5
2024-11-07, 05:10:43, 136.48, 58.25, 22.91, 22.07, 9999.0, 9.68, 10.0, 21.75, 9999.0, 23.95, 9999.0, 117.57, 127.75, 120.25, 91.25, 138.5
2024-11-07, 05:10:47, 136.5, 58.25, 22.91, 22.07, 9999.0, 9.7, 10.0, 21.75, 9999.0, 23.93, 9999.0, 117.57, 127.75, 120.25, 91.25, 138.5
2024-11-07, 05:10:51, 136.5, 58.25, 22.91, 22.07, 9999.0, 9.73, 10.0, 21.75, 9999.0, 23.91, 9999.0, 117.61, 127.75, 120.25, 91.25, 138.5
2024-11-07, 05:10:55, 136.48, 58.25, 22.91, 22.07, 9999.0, 9.75, 10.0, 21.75, 9999.0, 23.89, 9999.0, 117.66, 127.75, 120.25, 91.25, 138.5
2024-11-07, 05:10:59, 136.48, 58.25, 22.91, 22.07, 9999.0, 9.77, 10.02, 21.75, 9999.0, 23.89, 9999.0, 117.68, 127.75, 120.25, 91.25, 138.5
2024-11-07, 05:11:03, 136.48, 58.27, 22.91, 22.07, 9999.0, 9.8, 10.02, 21.75, 9999.0, 23.89, 9999.0, 117.7, 127.75, 120.25, 91.25, 138.5
2024-11-07, 05:11:07, 136.48, 58.27, 22.91, 22.05, 9999.0, 9.8, 10.02, 21.75, 9999.0, 23.89, 9999.0, 117.73, 127.75, 120.25, 91.25, 138.5
2024-11-07, 05:11:11, 136.48, 58.27, 22.91, 22.05, 9999.0, 9.8, 10.02, 21.75, 9999.0, 23.91, 9999.0, 117.75, 127.75, 120.25, 91.25, 138.5
2024-11-07, 05:11:15, 136.48, 58.27, 22.93, 22.02, 9999.0, 9.8, 10.02, 21.75, 9999.0, 23.93, 9999.0, 117.77, 127.75, 120.25, 91.25, 138.5
2024-11-07, 05:11:19, 136.48, 58.27, 22.95, 22.02, 9999.0, 9.75, 10.02, 21.75, 9999.0, 23.95, 9999.0, 117.8, 127.75, 120.25, 91.25, 138.5
2024-11-07, 05:11:23, 136.48, 58.27, 22.95, 22.02, 9999.0, 9.7, 10.02, 21.75, 9999.0, 23.98, 9999.0, 117.8, 127.75, 120.25, 91.25, 138.5
2024-11-07, 05:11:27, 136.48, 58.27, 22.93, 22.02, 9999.0, 9.68, 10.02, 21.75, 9999.0, 24.0, 9999.0, 117.8, 127.75, 120.25, 91.25, 138.5
2024-11-07, 05:11:32, 136.48, 58.27, 22.91, 22.02, 9999.0, 9.66, 10.02, 21.75, 9999.0, 24.02, 9999.0, 117.77, 127.75, 120.25, 91.25, 138.5
2024-11-07, 05:11:36, 136.48, 58.27, 22.91, 22.05, 9999.0, 9.64, 10.02, 21.75, 9999.0, 24.05, 9999.0, 117.73, 127.75, 120.25, 91.25, 138.5
2024-11-07, 05:11:40, 136.5, 58.27, 22.89, 22.05, 9999.0, 9.61, 10.02, 21.75, 9999.0, 24.07, 9999.0, 117.68, 127.75, 120.25, 91.25, 138.5
2024-11-07, 05:11:44, 136.5, 58.27, 22.86, 22.05, 9999.0, 9.61, 10.0, 21.75, 9999.0, 24.07, 9999.0, 117.66, 127.75, 120.25, 91.25, 138.5
2024-11-07, 05:11:48, 136.5, 58.25, 22.86, 22.05, 9999.0, 9.61, 10.0, 21.75, 9999.0, 24.07, 9999.0, 117.64, 127.75, 120.25, 91.25, 138.5
2024-11-07, 05:11:52, 136.5, 58.25, 22.86, 22.07, 9999.0, 9.64, 10.0, 21.75, 9999.0, 24.07, 9999.0, 117.61, 127.75, 120.25, 91.25, 138.5
2024-11-07, 05:11:56, 136.5, 58.25, 22.86, 22.07, 9999.0, 9.66, 10.0, 21.75, 9999.0, 24.02, 9999.0, 117.59, 127.75, 120.25, 91.25, 138.5
2024-11-07, 05:12:00, 136.5, 58.25, 22.86, 22.07, 9999.0, 9.66, 10.0, 21.75, 9999.0, 24.0, 9999.0, 117.59, 127.75, 120.25, 91.25, 138.5
2024-11-07, 05:12:04, 136.5, 58.25, 22.86, 22.07, 9999.0, 9.68, 10.0, 21.73, 9999.0, 23.98, 9999.0, 117.59, 127.75, 120.25, 91.25, 138.5
2024-11-07, 05:12:08, 136.5, 58.25, 22.86, 22.07, 9999.0, 9.7, 10.0, 21.73, 9999.0, 23.98, 9999.0, 117.59, 127.75, 120.25, 91.25, 138.5
2024-11-07, 05:12:12, 136.5, 58.25, 22.89, 22.05, 9999.0, 9.73, 10.0, 21.73, 9999.0, 23.95, 9999.0, 117.61, 127.75, 120.25, 91.25, 138.5
2024-11-07, 05:12:16, 136.5, 58.25, 22.91, 22.05, 9999.0, 9.75, 10.0, 21.73, 9999.0, 23.95, 9999.0, 117.64, 127.75, 120.25, 91.25, 138.5
2024-11-07, 05:12:20, 136.5, 58.25, 22.89, 22.02, 9999.0, 9.77, 10.0, 21.73, 9999.0, 23.95, 9999.0, 117.66, 127.75, 120.25, 91.25, 138.5
2024-11-07, 05:12:24, 136.5, 58.25, 22.91, 22.02, 9999.0, 9.77, 10.0, 21.73, 9999.0, 23.95, 9999.0, 117.68, 127.75, 120.25, 91.25, 138.5
2024-11-07, 05:12:28, 136.5, 58.25, 22.93, 22.02, 9999.0, 9.77, 10.0, 21.73, 9999.0, 23.95, 9999.0, 117.7, 127.75, 120.25, 91.25, 138.5
2024-11-07, 05:12:32, 136.48, 58.25, 22.93, 22.02, 9999.0, 9.77, 10.0, 21.73, 9999.0, 23.98, 9999.0, 117.73, 127.75, 120.25, 91.25, 138.5
2024-11-07, 05:12:36, 136.48, 58.25, 22.95, 22.0, 9999.0, 9.73, 10.0, 21.7, 9999.0, 24.0, 9999.0, 117.75, 127.75, 120.25, 91.25, 138.5
2024-11-07, 05:12:40, 136.48, 58.25, 22.98, 22.0, 9999.0, 9.68, 10.0, 21.7, 9999.0, 24.02, 9999.0, 117.77, 127.75, 120.25, 91.25, 138.5
2024-11-07, 05:12:44, 136.45, 58.25, 22.95, 22.0, 9999.0, 9.66, 10.0, 21.7, 9999.0, 24.02, 9999.0, 117.75, 127.75, 120.25, 91.25, 138.5
2024-11-07, 05:12:48, 136.45, 58.25, 22.95, 22.0, 9999.0, 9.64, 10.0, 21.73, 9999.0, 24.02, 9999.0, 117.75, 127.75, 120.25, 91.25, 138.5
2024-11-07, 05:12:52, 136.45, 58.25, 22.93, 22.0, 9999.0, 9.61, 10.0, 21.73, 9999.0, 24.02, 9999.0, 117.75, 127.75, 120.25, 91.25, 138.5
2024-11-07, 05:12:56, 136.43, 58.25, 22.93, 22.0, 9999.0, 9.59, 10.0, 21.73, 9999.0, 24.05, 9999.0, 117.7, 127.75, 120.25, 91.25, 138.5
2024-11-07, 05:13:00, 136.43, 58.25, 22.93, 22.02, 9999.0, 9.59, 10.0, 21.73, 9999.0, 24.05, 9999.0, 117.7, 127.75, 120.25, 91.25, 138.48
2024-11-07, 05:13:04, 136.43, 58.25, 22.95, 22.02, 9999.0, 9.59, 10.0, 21.73, 9999.0, 24.05, 9999.0, 117.68, 127.75, 120.25, 91.25, 138.48
2024-11-07, 05:13:08, 136.43, 58.25, 22.95, 22.02, 9999.0, 9.61, 10.0, 21.73, 9999.0, 24.05, 9999.0, 117.66, 127.75, 120.25, 91.25, 138.48
2024-11-07, 05:13:12, 136.43, 58.25, 22.95, 22.02, 9999.0, 9.64, 10.0, 21.73, 9999.0, 24.05, 9999.0, 117.64, 127.75, 120.25, 91.25, 138.48
2024-11-07, 05:13:16, 136.45, 58.25, 22.95, 22.05, 9999.0, 9.66, 10.0, 21.73, 9999.0, 24.0, 9999.0, 117.64, 127.75, 120.25, 91.25, 138.48
2024-11-07, 05:13:20, 136.45, 58.25, 22.95, 22.05, 9999.0, 9.68, 10.0, 21.75, 9999.0, 23.95, 9999.0, 117.64, 127.75, 120.25, 91.25, 138.48
2024-11-07, 05:13:24, 136.45, 58.25, 22.95, 22.07, 9999.0, 9.7, 10.0, 21.75, 9999.0, 23.93, 9999.0, 117.64, 127.75, 120.25, 91.25, 138.48
2024-11-07, 05:13:28, 136.48, 58.25, 22.95, 22.09, 9999.0, 9.73, 10.0, 21.73, 9999.0, 23.91, 9999.0, 117.68, 127.75, 120.25, 91.25, 138.48
2024-11-07, 05:13:32, 136.48, 58.25, 22.95, 22.11, 9999.0, 9.75, 10.0, 21.73, 9999.0, 23.89, 9999.0, 117.7, 127.75, 120.25, 91.25, 138.48
2024-11-07, 05:13:36, 136.48, 58.25, 22.98, 22.14, 9999.0, 9.77, 10.0, 21.73, 9999.0, 23.86, 9999.0, 117.73, 127.75, 120.25, 91.25, 138.48
2024-11-07, 05:13:40, 136.5, 58.25, 22.98, 22.14, 9999.0, 9.8, 10.0, 21.73, 9999.0, 23.86, 9999.0, 117.75, 127.75, 120.25, 91.25, 138.48
2024-11-07, 05:13:44, 136.48, 58.25, 22.98, 22.11, 9999.0, 9.8, 10.0, 21.73, 9999.0, 23.86, 9999.0, 117.75, 127.75, 120.25, 91.25, 138.5
2024-11-07, 05:13:48, 136.48, 58.25, 22.98, 22.14, 9999.0, 9.8, 10.0, 21.73, 9999.0, 23.86, 9999.0, 117.77, 127.75, 120.25, 91.25, 138.5
2024-11-07, 05:13:52, 136.48, 58.25, 22.98, 22.14, 9999.0, 9.8, 10.0, 21.7, 9999.0, 23.86, 9999.0, 117.8, 127.75, 120.25, 91.25, 138.5
2024-11-07, 05:13:56, 136.48, 58.25, 22.98, 22.16, 9999.0, 9.75, 10.0, 21.7, 9999.0, 23.86, 9999.0, 117.82, 127.75, 120.25, 91.25, 138.5
2024-11-07, 05:14:00, 136.48, 58.25, 22.98, 22.16, 9999.0, 9.73, 10.0, 21.7, 9999.0, 23.89, 9999.0, 117.82, 127.75, 120.25, 91.25, 138.5
2024-11-07, 05:14:04, 136.48, 58.27, 22.95, 22.16, 9999.0, 9.73, 10.0, 21.7, 9999.0, 23.91, 9999.0, 117.82, 127.75, 120.25, 91.25, 138.5
2024-11-07, 05:14:08, 136.48, 58.27, 22.95, 22.14, 9999.0, 9.7, 10.0, 21.7, 9999.0, 23.93, 9999.0, 117.8, 127.75, 120.25, 91.25, 138.5
2024-11-07, 05:14:12, 136.48, 58.3, 22.98, 22.14, 9999.0, 9.68, 10.0, 21.73, 9999.0, 23.95, 9999.0, 117.75, 127.75, 120.25, 91.25, 138.5
2024-11-07, 05:14:16, 136.48, 58.3, 22.98, 22.14, 9999.0, 9.66, 10.0, 21.73, 9999.0, 23.98, 9999.0, 117.7, 127.75, 120.25, 91.25, 138.5
2024-11-07, 05:14:20, 136.48, 58.3, 22.95, 22.14, 9999.0, 9.66, 10.0, 21.73, 9999.0, 24.0, 9999.0, 117.66, 127.75, 120.25, 91.25, 138.5
2024-11-07, 05:14:24, 136.45, 58.3, 22.95, 22.16, 9999.0, 9.66, 10.0, 21.73, 9999.0, 24.0, 9999.0, 117.64, 127.75, 120.25, 91.25, 138.5
2024-11-07, 05:14:28, 136.48, 58.3, 22.95, 22.16, 9999.0, 9.66, 10.0, 21.73, 9999.0, 24.0, 9999.0, 117.61, 127.75, 120.25, 91.25, 138.5
2024-11-07, 05:14:32, 136.48, 58.3, 22.93, 22.14, 9999.0, 9.68, 10.0, 21.73, 9999.0, 24.0, 9999.0, 117.59, 127.75, 120.25, 91.25, 138.5
2024-11-07, 05:14:36, 136.48, 58.3, 22.91, 22.16, 9999.0, 9.7, 10.0, 21.75, 9999.0, 24.0, 9999.0, 117.59, 127.75, 120.25, 91.25, 138.5
2024-11-07, 05:14:40, 136.45, 58.3, 22.91, 22.14, 9999.0, 9.73, 10.0, 21.75, 9999.0, 24.0, 9999.0, 117.59, 127.75, 120.25, 91.25, 138.5
2024-11-07, 05:14:44, 136.45, 58.3, 22.91, 22.11, 9999.0, 9.73, 10.0, 21.75, 9999.0, 24.0, 9999.0, 117.59, 127.75, 120.25, 91.25, 138.5
2024-11-07, 05:14:48, 136.45, 58.27, 22.93, 22.11, 9999.0, 9.73, 10.0, 21.75, 9999.0, 24.0, 9999.0, 117.61, 127.75, 120.25, 91.25, 138.5
2024-11-07, 05:14:52, 136.43, 58.27, 22.93, 22.14, 9999.0, 9.75, 10.0, 21.73, 9999.0, 23.98, 9999.0, 117.66, 127.75, 120.25, 91.25, 138.5
2024-11-07, 05:14:56, 136.41, 58.25, 22.91, 22.11, 9999.0, 9.77, 10.0, 21.73, 9999.0, 23.95, 9999.0, 117.68, 127.75, 120.25, 91.25, 138.48
2024-11-07, 05:15:00, 136.39, 58.25, 22.91, 22.09, 9999.0, 9.8, 10.0, 21.73, 9999.0, 23.95, 9999.0, 117.7, 127.75, 120.25, 91.25, 138.48
2024-11-07, 05:15:04, 136.39, 58.25, 22.93, 22.09, 9999.0, 9.8, 10.0, 21.73, 9999.0, 23.95, 9999.0, 117.73, 127.75, 120.25, 91.25, 138.48
2024-11-07, 05:15:08, 136.41, 58.25, 22.93, 22.09, 9999.0, 9.8, 10.0, 21.73, 9999.0, 23.98, 9999.0, 117.75, 127.75, 120.25, 91.25, 138.48
2024-11-07, 05:15:12, 136.41, 58.27, 22.93, 22.09, 9999.0, 9.8, 10.0, 21.7, 9999.0, 24.0, 9999.0, 117.77, 127.77, 120.25, 91.25, 138.48
2024-11-07, 05:15:17, 136.41, 58.27, 22.93, 22.09, 9999.0, 9.75, 10.0, 21.7, 9999.0, 24.02, 9999.0, 117.8, 127.77, 120.25, 91.25, 138.48
2024-11-07, 05:15:21, 136.41, 58.27, 22.95, 22.07, 9999.0, 9.73, 10.0, 21.7, 9999.0, 24.05, 9999.0, 117.8, 127.77, 120.25, 91.25, 138.48
2024-11-07, 05:15:25, 136.43, 58.27, 22.95, 22.07, 9999.0, 9.7, 10.0, 21.68, 9999.0, 24.05, 9999.0, 117.8, 127.77, 120.25, 91.25, 138.45
2024-11-07, 05:15:29, 136.43, 58.27, 22.95, 22.07, 9999.0, 9.68, 10.0, 21.68, 9999.0, 24.05, 9999.0, 117.8, 127.77, 120.25, 91.23, 138.45
2024-11-07, 05:15:33, 136.41, 58.27, 22.95, 22.09, 9999.0, 9.66, 10.0, 21.68, 9999.0, 24.05, 9999.0, 117.75, 127.77, 120.25, 91.23, 138.45
2024-11-07, 05:15:37, 136.41, 58.27, 22.93, 22.07, 9999.0, 9.64, 10.0, 21.68, 9999.0, 24.07, 9999.0, 117.7, 127.77, 120.25, 91.23, 138.43
2024-11-07, 05:15:41, 136.43, 58.27, 22.95, 22.07, 9999.0, 9.64, 10.0, 21.68, 9999.0, 24.09, 9999.0, 117.68, 127.77, 120.25, 91.23, 138.43
2024-11-07, 05:15:45, 136.43, 58.27, 22.93, 22.07, 9999.0, 9.64, 10.0, 21.68, 9999.0, 24.09, 9999.0, 117.66, 127.77, 120.25, 91.23, 138.43
2024-11-07, 05:15:49, 136.41, 58.27, 22.91, 22.05, 9999.0, 9.64, 10.0, 21.66, 9999.0, 24.09, 9999.0, 117.64, 127.77, 120.25, 91.23, 138.43
2024-11-07, 05:15:53, 136.41, 58.27, 22.91, 22.02, 9999.0, 9.66, 10.0, 21.66, 9999.0, 24.07, 9999.0, 117.61, 127.77, 120.25, 91.23, 138.43
2024-11-07, 05:15:57, 136.41, 58.25, 22.89, 22.02, 9999.0, 9.68, 10.0, 21.68, 9999.0, 24.05, 9999.0, 117.61, 127.75, 120.25, 91.2, 138.41
2024-11-07, 05:16:01, 136.41, 58.25, 22.91, 22.05, 9999.0, 9.7, 10.0, 21.68, 9999.0, 24.0, 9999.0, 117.61, 127.75, 120.25, 91.2, 138.41
2024-11-07, 05:16:05, 136.39, 58.25, 22.91, 22.05, 9999.0, 9.7, 10.0, 21.68, 9999.0, 23.95, 9999.0, 117.61, 127.75, 120.25, 91.2, 138.39
2024-11-07, 05:16:09, 136.36, 58.25, 22.89, 22.05, 9999.0, 9.73, 10.0, 21.7, 9999.0, 23.93, 9999.0, 117.64, 127.75, 120.25, 91.2, 138.41
2024-11-07, 05:16:13, 136.36, 58.25, 22.86, 22.07, 9999.0, 9.75, 10.0, 21.7, 9999.0, 23.91, 9999.0, 117.64, 127.75, 120.25, 91.23, 138.41
2024-11-07, 05:16:17, 136.39, 58.25, 22.84, 22.05, 9999.0, 9.77, 10.0, 21.7, 9999.0, 23.89, 9999.0, 117.66, 127.75, 120.25, 91.2, 138.41
2024-11-07, 05:16:21, 136.41, 58.25, 22.84, 22.05, 9999.0, 9.8, 10.0, 21.73, 9999.0, 23.89, 9999.0, 117.7, 127.75, 120.23, 91.2, 138.43
2024-11-07, 05:16:25, 136.41, 58.25, 22.84, 22.05, 9999.0, 9.8, 10.0, 21.73, 9999.0, 23.89, 9999.0, 117.73, 127.75, 120.23, 91.2, 138.45
2024-11-07, 05:16:29, 136.43, 58.25, 22.84, 22.05, 9999.0, 9.8, 10.0, 21.73, 9999.0, 23.91, 9999.0, 117.75, 127.75, 120.23, 91.2, 138.45
2024-11-07, 05:16:33, 136.43, 58.25, 22.86, 22.05, 9999.0, 9.8, 10.0, 21.75, 9999.0, 23.93, 9999.0, 117.77, 127.75, 120.23, 91.2, 138.45
2024-11-07, 05:16:37, 136.43, 58.25, 22.86, 22.05, 9999.0, 9.77, 10.0, 21.75, 9999.0, 23.93, 9999.0, 117.8, 127.75, 120.23, 91.2, 138.45
2024-11-07, 05:16:41, 136.43, 58.25, 22.86, 22.05, 9999.0, 9.73, 10.0, 21.75, 9999.0, 23.93, 9999.0, 117.8, 127.75, 120.23, 91.23, 138.48
2024-11-07, 05:16:45, 136.41, 58.25, 22.86, 22.02, 9999.0, 9.7, 10.0, 21.75, 9999.0, 23.98, 9999.0, 117.8, 127.75, 120.23, 91.23, 138.48
2024-11-07, 05:16:49, 136.43, 58.25, 22.84, 22.02, 9999.0, 9.68, 10.0, 21.75, 9999.0, 24.02, 9999.0, 117.8, 127.75, 120.23, 91.23, 138.5
2024-11-07, 05:16:53, 136.45, 58.25, 22.84, 22.02, 9999.0, 9.66, 10.0, 21.75, 9999.0, 24.05, 9999.0, 117.77, 127.75, 120.2, 91.23, 138.5
2024-11-07, 05:16:57, 136.45, 58.25, 22.86, 22.0, 9999.0, 9.64, 10.0, 21.75, 9999.0, 24.09, 9999.0, 117.75, 127.75, 120.18, 91.23, 138.5
2024-11-07, 05:17:01, 136.43, 58.25, 22.89, 22.02, 9999.0, 9.64, 10.0, 21.75, 9999.0, 24.11, 9999.0, 117.73, 127.75, 120.18, 91.25, 138.5
2024-11-07, 05:17:05, 136.41, 58.25, 22.89, 22.02, 9999.0, 9.64, 10.0, 21.75, 9999.0, 24.11, 9999.0, 117.68, 127.75, 120.2, 91.23, 138.5
2024-11-07, 05:17:09, 136.41, 58.25, 22.86, 22.02, 9999.0, 9.64, 10.0, 21.73, 9999.0, 24.11, 9999.0, 117.66, 127.75, 120.2, 91.23, 138.5
2024-11-07, 05:17:13, 136.39, 58.25, 22.89, 22.05, 9999.0, 9.66, 10.0, 21.7, 9999.0, 24.09, 9999.0, 117.64, 127.75, 120.2, 91.23, 138.5
2024-11-07, 05:17:17, 136.41, 58.25, 22.86, 22.05, 9999.0, 9.66, 10.0, 21.7, 9999.0, 24.07, 9999.0, 117.64, 127.75, 120.2, 91.23, 138.5
2024-11-07, 05:17:21, 136.41, 58.25, 22.86, 22.05, 9999.0, 9.66, 10.0, 21.7, 9999.0, 24.05, 9999.0, 117.64, 127.75, 120.2, 91.23, 138.48
2024-11-07, 05:17:25, 136.39, 58.25, 22.86, 22.05, 9999.0, 9.68, 10.0, 21.7, 9999.0, 24.02, 9999.0, 117.64, 127.75, 120.2, 91.23, 138.48
2024-11-07, 05:17:29, 136.41, 58.25, 22.84, 22.05, 9999.0, 9.7, 10.0, 21.7, 9999.0, 24.0, 9999.0, 117.66, 127.75, 120.2, 91.23, 138.45
2024-11-07, 05:17:33, 136.41, 58.25, 22.84, 22.05, 9999.0, 9.73, 10.0, 21.7, 9999.0, 23.98, 9999.0, 117.66, 127.75, 120.2, 91.23, 138.43
2024-11-07, 05:17:37, 136.41, 58.25, 22.84, 22.05, 9999.0, 9.73, 10.0, 21.7, 9999.0, 24.0, 9999.0, 117.66, 127.75, 120.23, 91.23, 138.43
2024-11-07, 05:17:41, 136.41, 58.25, 22.82, 22.05, 9999.0, 9.75, 10.0, 21.7, 9999.0, 23.98, 9999.0, 117.7, 127.75, 120.25, 91.23, 138.43
2024-11-07, 05:17:45, 136.43, 58.25, 22.82, 22.02, 9999.0, 9.75, 10.0, 21.7, 9999.0, 23.98, 9999.0, 117.73, 127.75, 120.25, 91.23, 138.43
2024-11-07, 05:17:49, 136.45, 58.25, 22.84, 22.02, 9999.0, 9.75, 10.0, 21.7, 9999.0, 24.0, 9999.0, 117.75, 127.75, 120.25, 91.25, 138.43
2024-11-07, 05:17:53, 136.45, 58.25, 22.86, 22.02, 9999.0, 9.75, 10.0, 21.73, 9999.0, 24.02, 9999.0, 117.77, 127.75, 120.25, 91.25, 138.43
2024-11-07, 05:17:57, 136.48, 58.25, 22.84, 22.0, 9999.0, 9.7, 10.0, 21.73, 9999.0, 24.05, 9999.0, 117.8, 127.75, 120.25, 91.25, 138.41
2024-11-07, 05:18:01, 136.48, 58.25, 22.86, 22.0, 9999.0, 9.68, 10.0, 21.73, 9999.0, 24.07, 9999.0, 117.8, 127.75, 120.25, 91.25, 138.41
2024-11-07, 05:18:05, 136.48, 58.25, 22.86, 22.0, 9999.0, 9.66, 10.0, 21.73, 9999.0, 24.11, 9999.0, 117.8, 127.75, 120.25, 91.25, 138.43
2024-11-07, 05:18:09, 136.5, 58.25, 22.89, 22.0, 9999.0, 9.64, 10.0, 21.73, 9999.0, 24.16, 9999.0, 117.8, 127.75, 120.25, 91.25, 138.43
2024-11-07, 05:18:13, 136.5, 58.25, 22.91, 22.0, 9999.0, 9.61, 10.0, 21.73, 9999.0, 24.16, 9999.0, 117.77, 127.75, 120.25, 91.25, 138.45
2024-11-07, 05:18:17, 136.5, 58.25, 22.91, 22.0, 9999.0, 9.59, 10.0, 21.73, 9999.0, 24.16, 9999.0, 117.77, 127.75, 120.25, 91.25, 138.45
2024-11-07, 05:18:21, 136.5, 58.25, 22.91, 22.0, 9999.0, 9.61, 10.0, 21.73, 9999.0, 24.14, 9999.0, 117.75, 127.75, 120.25, 91.25, 138.45
2024-11-07, 05:18:25, 136.5, 58.25, 22.93, 22.0, 9999.0, 9.61, 10.0, 21.7, 9999.0, 24.14, 9999.0, 117.73, 127.75, 120.25, 91.25, 138.43
2024-11-07, 05:18:29, 136.5, 58.25, 22.93, 22.0, 9999.0, 9.61, 10.0, 21.68, 9999.0, 24.14, 9999.0, 117.7, 127.75, 120.25, 91.25, 138.43
2024-11-07, 05:18:33, 136.48, 58.25, 22.93, 22.0, 9999.0, 9.64, 10.0, 21.68, 9999.0, 24.11, 9999.0, 117.68, 127.75, 120.25, 91.25, 138.41
2024-11-07, 05:18:37, 136.48, 58.25, 22.93, 22.0, 9999.0, 9.64, 10.0, 21.68, 9999.0, 24.09, 9999.0, 117.68, 127.75, 120.25, 91.23, 138.39
2024-11-07, 05:18:41, 136.48, 58.25, 22.93, 22.02, 9999.0, 9.66, 10.0, 21.7, 9999.0, 24.07, 9999.0, 117.68, 127.75, 120.25, 91.23, 138.39
2024-11-07, 05:18:45, 136.48, 58.25, 22.91, 22.02, 9999.0, 9.68, 10.0, 21.7, 9999.0, 24.05, 9999.0, 117.7, 127.75, 120.25, 91.23, 138.39
2024-11-07, 05:18:49, 136.48, 58.25, 22.89, 22.02, 9999.0, 9.7, 10.0, 21.7, 9999.0, 24.02, 9999.0, 117.73, 127.75, 120.25, 91.23, 138.39
2024-11-07, 05:18:53, 136.48, 58.25, 22.89, 22.02, 9999.0, 9.73, 10.0, 21.7, 9999.0, 24.0, 9999.0, 117.75, 127.75, 120.25, 91.23, 138.39
2024-11-07, 05:18:58, 136.48, 58.25, 22.89, 22.02, 9999.0, 9.75, 10.0, 21.68, 9999.0, 24.02, 9999.0, 117.77, 127.75, 120.25, 91.23, 138.39
2024-11-07, 05:19:02, 136.48, 58.25, 22.91, 22.02, 9999.0, 9.77, 10.0, 21.68, 9999.0, 24.05, 9999.0, 117.77, 127.75, 120.25, 91.2, 138.39
2024-11-07, 05:19:06, 136.48, 58.25, 22.91, 22.02, 9999.0, 9.77, 10.0, 21.68, 9999.0, 24.07, 9999.0, 117.8, 127.75, 120.25, 91.2, 138.39
2024-11-07, 05:19:10, 136.48, 58.25, 22.91, 22.02, 9999.0, 9.75, 10.0, 21.68, 9999.0, 24.11, 9999.0, 117.8, 127.75, 120.25, 91.2, 138.41
2024-11-07, 05:19:14, 136.48, 58.25, 22.89, 22.02, 9999.0, 9.75, 10.0, 21.68, 9999.0, 24.14, 9999.0, 117.82, 127.75, 120.25, 91.2, 138.41
2024-11-07, 05:19:18, 136.5, 58.25, 22.86, 22.02, 9999.0, 9.7, 10.0, 21.68, 9999.0, 24.16, 9999.0, 117.84, 127.75, 120.25, 91.2, 138.43
2024-11-07, 05:19:22, 136.5, 58.25, 22.84, 22.02, 9999.0, 9.68, 10.0, 21.68, 9999.0, 24.18, 9999.0, 117.84, 127.75, 120.25, 91.23, 138.45
2024-11-07, 05:19:26, 136.5, 58.25, 22.86, 22.0, 9999.0, 9.66, 10.0, 21.68, 9999.0, 24.2, 9999.0, 117.84, 127.75, 120.25, 91.23, 138.48
2024-11-07, 05:19:30, 136.5, 58.25, 22.89, 22.0, 9999.0, 9.64, 10.0, 21.66, 9999.0, 24.23, 9999.0, 117.82, 127.75, 120.25, 91.23, 138.48
2024-11-07, 05:19:34, 136.48, 58.25, 22.89, 22.0, 9999.0, 9.61, 10.0, 21.66, 9999.0, 24.23, 9999.0, 117.8, 127.75, 120.25, 91.23, 138.48
2024-11-07, 05:19:38, 136.48, 58.25, 22.86, 22.0, 9999.0, 9.61, 10.0, 21.66, 9999.0, 24.25, 9999.0, 117.75, 127.75, 120.25, 91.23, 138.48
2024-11-07, 05:19:42, 136.48, 58.25, 22.84, 22.0, 9999.0, 9.59, 10.0, 21.68, 9999.0, 24.23, 9999.0, 117.73, 127.75, 120.25, 91.23, 138.48
2024-11-07, 05:19:46, 136.48, 58.25, 22.82, 22.0, 9999.0, 9.59, 10.0, 21.68, 9999.0, 24.2, 9999.0, 117.7, 127.75, 120.25, 91.25, 138.48
2024-11-07, 05:19:50, 136.48, 58.25, 22.84, 22.0, 9999.0, 9.61, 10.0, 21.68, 9999.0, 24.18, 9999.0, 117.68, 127.75, 120.25, 91.25, 138.48
2024-11-07, 05:19:54, 136.48, 58.25, 22.82, 22.0, 9999.0, 9.64, 10.0, 21.7, 9999.0, 24.14, 9999.0, 117.66, 127.75, 120.25, 91.25, 138.48
2024-11-07, 05:19:58, 136.48, 58.25, 22.82, 22.0, 9999.0, 9.66, 10.0, 21.73, 9999.0, 24.11, 9999.0, 117.66, 127.75, 120.25, 91.25, 138.48
2024-11-07, 05:20:02, 136.48, 58.25, 22.82, 22.0, 9999.0, 9.68, 10.0, 21.73, 9999.0, 24.07, 9999.0, 117.66, 127.75, 120.25, 91.23, 138.48
2024-11-07, 05:20:06, 136.45, 58.25, 22.82, 22.0, 9999.0, 9.7, 10.0, 21.73, 9999.0, 24.05, 9999.0, 117.68, 127.75, 120.25, 91.23, 138.48
2024-11-07, 05:20:10, 136.45, 58.25, 22.8, 22.0, 9999.0, 9.73, 10.0, 21.7, 9999.0, 24.02, 9999.0, 117.7, 127.75, 120.25, 91.23, 138.48
2024-11-07, 05:20:14, 136.45, 58.25, 22.8, 22.0, 9999.0, 9.75, 10.0, 21.7, 9999.0, 23.98, 9999.0, 117.73, 127.75, 120.25, 91.23, 138.45
2024-11-07, 05:20:18, 136.48, 58.25, 22.8, 22.0, 9999.0, 9.77, 10.0, 21.7, 9999.0, 23.98, 9999.0, 117.75, 127.75, 120.25, 91.23, 138.45
2024-11-07, 05:20:22, 136.48, 58.25, 22.8, 22.0, 9999.0, 9.77, 10.0, 21.68, 9999.0, 23.95, 9999.0, 117.77, 127.75, 120.25, 91.23, 138.45
2024-11-07, 05:20:26, 136.48, 58.25, 22.8, 22.0, 9999.0, 9.77, 10.0, 21.68, 9999.0, 23.95, 9999.0, 117.77, 127.75, 120.25, 91.23, 138.45
2024-11-07, 05:20:30, 136.48, 58.25, 22.8, 22.0, 9999.0, 9.75, 10.0, 21.68, 9999.0, 23.98, 9999.0, 117.8, 127.75, 120.25, 91.23, 138.48
2024-11-07, 05:20:34, 136.48, 58.25, 22.77, 22.0, 9999.0, 9.7, 10.0, 21.68, 9999.0, 24.0, 9999.0, 117.82, 127.75, 120.25, 91.23, 138.48
2024-11-07, 05:20:38, 136.48, 58.25, 22.77, 22.0, 9999.0, 9.68, 10.0, 21.68, 9999.0, 24.02, 9999.0, 117.84, 127.75, 120.25, 91.23, 138.45
2024-11-07, 05:20:42, 136.48, 58.25, 22.77, 22.0, 9999.0, 9.64, 10.0, 21.68, 9999.0, 24.05, 9999.0, 117.84, 127.75, 120.25, 91.23, 138.45
2024-11-07, 05:20:46, 136.48, 58.25, 22.77, 22.0, 9999.0, 9.61, 10.0, 21.66, 9999.0, 24.07, 9999.0, 117.84, 127.75, 120.25, 91.25, 138.45
2024-11-07, 05:20:50, 136.5, 58.25, 22.77, 22.0, 9999.0, 9.59, 10.0, 21.66, 9999.0, 24.07, 9999.0, 117.82, 127.75, 120.25, 91.23, 138.43
2024-11-07, 05:20:54, 136.5, 58.25, 22.8, 22.0, 9999.0, 9.57, 10.0, 21.68, 9999.0, 24.07, 9999.0, 117.8, 127.75, 120.25, 91.23, 138.43
2024-11-07, 05:20:58, 136.5, 58.25, 22.8, 22.0, 9999.0, 9.57, 10.0, 21.68, 9999.0, 24.09, 9999.0, 117.75, 127.75, 120.25, 91.23, 138.43
2024-11-07, 05:21:02, 136.5, 58.25, 22.8, 22.0, 9999.0, 9.57, 10.0, 21.68, 9999.0, 24.09, 9999.0, 117.7, 127.75, 120.25, 91.23, 138.43
2024-11-07, 05:21:06, 136.5, 58.25, 22.8, 22.0, 9999.0, 9.57, 10.0, 21.7, 9999.0, 24.09, 9999.0, 117.7, 127.75, 120.25, 91.23, 138.43
2024-11-07, 05:21:10, 136.5, 58.25, 22.8, 22.0, 9999.0, 9.61, 10.0, 21.68, 9999.0, 24.09, 9999.0, 117.68, 127.75, 120.25, 91.23, 138.41
2024-11-07, 05:21:14, 136.5, 58.25, 22.8, 22.0, 9999.0, 9.64, 10.0, 21.68, 9999.0, 24.07, 9999.0, 117.68, 127.75, 120.25, 91.2, 138.41
2024-11-07, 05:21:18, 136.5, 58.25, 22.82, 22.0, 9999.0, 9.66, 10.0, 21.68, 9999.0, 24.05, 9999.0, 117.68, 127.75, 120.25, 91.18, 138.39
2024-11-07, 05:21:22, 136.5, 58.25, 22.82, 22.0, 9999.0, 9.68, 10.0, 21.66, 9999.0, 24.02, 9999.0, 117.68, 127.75, 120.25, 91.18, 138.39
2024-11-07, 05:21:26, 136.5, 58.25, 22.82, 22.0, 9999.0, 9.7, 10.0, 21.66, 9999.0, 24.0, 9999.0, 117.7, 127.75, 120.25, 91.16, 138.39
2024-11-07, 05:21:30, 136.5, 58.25, 22.82, 22.0, 9999.0, 9.73, 10.0, 21.68, 9999.0, 24.0, 9999.0, 117.73, 127.75, 120.25, 91.16, 138.39
2024-11-07, 05:21:34, 136.5, 58.25, 22.84, 22.0, 9999.0, 9.75, 10.0, 21.68, 9999.0, 24.0, 9999.0, 117.75, 127.75, 120.25, 91.18, 138.41
2024-11-07, 05:21:38, 136.5, 58.25, 22.82, 22.0, 9999.0, 9.77, 10.0, 21.68, 9999.0, 24.0, 9999.0, 117.75, 127.75, 120.25, 91.18, 138.41
2024-11-07, 05:21:42, 136.5, 58.25, 22.8, 22.0, 9999.0, 9.75, 10.0, 21.7, 9999.0, 24.0, 9999.0, 117.77, 127.75, 120.25, 91.16, 138.43
2024-11-07, 05:21:46, 136.5, 58.25, 22.8, 22.0, 9999.0, 9.75, 10.0, 21.68, 9999.0, 24.02, 9999.0, 117.8, 127.75, 120.25, 91.16, 138.41
2024-11-07, 05:21:50, 136.5, 58.25, 22.82, 22.0, 9999.0, 9.73, 10.0, 21.66, 9999.0, 24.05, 9999.0, 117.8, 127.75, 120.25, 91.16, 138.41
2024-11-07, 05:21:54, 136.5, 58.25, 22.82, 22.0, 9999.0, 9.68, 10.0, 21.66, 9999.0, 24.07, 9999.0, 117.82, 127.75, 120.25, 91.16, 138.41
2024-11-07, 05:21:58, 136.5, 58.25, 22.82, 22.0, 9999.0, 9.66, 10.0, 21.64, 9999.0, 24.09, 9999.0, 117.82, 127.75, 120.25, 91.18, 138.41
2024-11-07, 05:22:02, 136.5, 58.25, 22.8, 22.0, 9999.0, 9.64, 10.0, 21.64, 9999.0, 24.09, 9999.0, 117.82, 127.75, 120.25, 91.2, 138.43
2024-11-07, 05:22:06, 136.5, 58.25, 22.82, 22.0, 9999.0, 9.61, 10.0, 21.66, 9999.0, 24.09, 9999.0, 117.82, 127.75, 120.25, 91.2, 138.45
2024-11-07, 05:22:16, 136.5, 58.25, 22.82, 22.0, 9999.0, 9.59, 10.0, 21.66, 9999.0, 24.09, 9999.0, 117.8, 127.75, 120.25, 91.23, 138.43
2024-11-07, 05:22:20, 136.48, 58.25, 22.84, 22.0, 9999.0, 9.57, 10.0, 21.64, 9999.0, 24.09, 9999.0, 117.77, 127.75, 120.25, 91.23, 138.43
2024-11-07, 05:22:24, 136.48, 58.25, 22.82, 22.0, 9999.0, 9.57, 10.0, 21.64, 9999.0, 24.09, 9999.0, 117.73, 127.75, 120.25, 91.23, 138.43
2024-11-07, 05:22:28, 136.48, 58.25, 22.82, 22.0, 9999.0, 9.57, 10.0, 21.64, 9999.0, 24.09, 9999.0, 117.7, 127.75, 120.25, 91.23, 138.43
2024-11-07, 05:22:32, 136.48, 58.25, 22.82, 22.0, 9999.0, 9.59, 10.0, 21.61, 9999.0, 24.09, 9999.0, 117.68, 127.75, 120.25, 91.25, 138.41
2024-11-07, 05:22:36, 136.48, 58.25, 22.82, 22.0, 9999.0, 9.61, 10.0, 21.64, 9999.0, 24.07, 9999.0, 117.66, 127.75, 120.25, 91.23, 138.43
2024-11-07, 05:22:40, 136.48, 58.25, 22.82, 22.0, 9999.0, 9.66, 10.0, 21.66, 9999.0, 24.02, 9999.0, 117.66, 127.75, 120.25, 91.2, 138.41
2024-11-07, 05:22:44, 136.48, 58.25, 22.82, 22.0, 9999.0, 9.68, 10.0, 21.68, 9999.0, 23.98, 9999.0, 117.66, 127.75, 120.25, 91.18, 138.41
2024-11-07, 05:22:48, 136.48, 58.25, 22.82, 22.0, 9999.0, 9.7, 10.0, 21.7, 9999.0, 23.93, 9999.0, 117.66, 127.75, 120.25, 91.18, 138.39
2024-11-07, 05:22:52, 136.48, 58.25, 22.82, 22.0, 9999.0, 9.73, 10.0, 21.68, 9999.0, 23.91, 9999.0, 117.68, 127.75, 120.25, 91.18, 138.39
2024-11-07, 05:22:56, 136.48, 58.25, 22.8, 22.0, 9999.0, 9.75, 10.0, 21.68, 9999.0, 23.89, 9999.0, 117.7, 127.75, 120.25, 91.18, 138.36
2024-11-07, 05:23:00, 136.48, 58.25, 22.8, 22.0, 9999.0, 9.77, 10.0, 21.68, 9999.0, 23.86, 9999.0, 117.73, 127.75, 120.25, 91.16, 138.39
2024-11-07, 05:23:04, 136.5, 58.25, 22.77, 22.0, 9999.0, 9.8, 10.0, 21.7, 9999.0, 23.86, 9999.0, 117.75, 127.75, 120.25, 91.16, 138.39
2024-11-07, 05:23:08, 136.5, 58.25, 22.8, 22.0, 9999.0, 9.8, 10.0, 21.68, 9999.0, 23.86, 9999.0, 117.77, 127.75, 120.25, 91.16, 138.39
2024-11-07, 05:23:12, 136.5, 58.25, 22.82, 22.0, 9999.0, 9.8, 10.0, 21.66, 9999.0, 23.89, 9999.0, 117.8, 127.75, 120.25, 91.16, 138.36
2024-11-07, 05:23:16, 136.5, 58.25, 22.84, 22.0, 9999.0, 9.77, 10.0, 21.66, 9999.0, 23.91, 9999.0, 117.82, 127.75, 120.25, 91.16, 138.39
2024-11-07, 05:23:20, 136.48, 58.25, 22.86, 22.0, 9999.0, 9.73, 10.0, 21.66, 9999.0, 23.93, 9999.0, 117.86, 127.75, 120.25, 91.18, 138.36
2024-11-07, 05:23:24, 136.48, 58.25, 22.84, 22.0, 9999.0, 9.68, 10.0, 21.66, 9999.0, 23.95, 9999.0, 117.86, 127.75, 120.25, 91.2, 138.39
2024-11-07, 05:23:28, 136.48, 58.25, 22.84, 22.0, 9999.0, 9.66, 10.0, 21.66, 9999.0, 23.98, 9999.0, 117.86, 127.75, 120.25, 91.23, 138.41
2024-11-07, 05:23:32, 136.48, 58.25, 22.84, 22.0, 9999.0, 9.64, 10.0, 21.66, 9999.0, 24.0, 9999.0, 117.86, 127.75, 120.25, 91.23, 138.43
2024-11-07, 05:23:36, 136.48, 58.25, 22.84, 22.0, 9999.0, 9.61, 10.0, 21.66, 9999.0, 24.02, 9999.0, 117.84, 127.75, 120.25, 91.23, 138.43
2024-11-07, 05:23:40, 136.48, 58.25, 22.84, 22.0, 9999.0, 9.59, 10.0, 21.64, 9999.0, 24.05, 9999.0, 117.82, 127.75, 120.25, 91.23, 138.45
2024-11-07, 05:23:44, 136.48, 58.25, 22.84, 22.0, 9999.0, 9.59, 10.0, 21.61, 9999.0, 24.07, 9999.0, 117.77, 127.75, 120.25, 91.25, 138.45
2024-11-07, 05:23:48, 136.45, 58.25, 22.84, 22.0, 9999.0, 9.59, 10.0, 21.61, 9999.0, 24.07, 9999.0, 117.73, 127.75, 120.25, 91.23, 138.43
2024-11-07, 05:23:52, 136.45, 58.25, 22.82, 22.0, 9999.0, 9.59, 10.0, 21.64, 9999.0, 24.07, 9999.0, 117.7, 127.75, 120.25, 91.23, 138.43
2024-11-07, 05:23:56, 136.45, 58.25, 22.82, 22.0, 9999.0, 9.59, 10.0, 21.64, 9999.0, 24.02, 9999.0, 117.68, 127.75, 120.25, 91.23, 138.43
2024-11-07, 05:24:00, 136.45, 58.25, 22.8, 22.0, 9999.0, 9.61, 10.0, 21.66, 9999.0, 23.98, 9999.0, 117.68, 127.75, 120.25, 91.23, 138.43
2024-11-07, 05:24:04, 136.48, 58.25, 22.8, 22.0, 9999.0, 9.64, 10.0, 21.66, 9999.0, 23.93, 9999.0, 117.66, 127.75, 120.25, 91.23, 138.45
2024-11-07, 05:24:08, 136.48, 58.25, 22.82, 22.0, 9999.0, 9.66, 10.0, 21.66, 9999.0, 23.91, 9999.0, 117.66, 127.75, 120.25, 91.23, 138.45
2024-11-07, 05:24:12, 136.48, 58.25, 22.82, 22.0, 9999.0, 9.68, 10.0, 21.66, 9999.0, 23.89, 9999.0, 117.68, 127.75, 120.25, 91.23, 138.45
2024-11-07, 05:24:16, 136.48, 58.25, 22.82, 22.0, 9999.0, 9.7, 10.0, 21.66, 9999.0, 23.86, 9999.0, 117.7, 127.75, 120.25, 91.23, 138.45
2024-11-07, 05:24:20, 136.48, 58.25, 22.82, 22.0, 9999.0, 9.73, 10.0, 21.68, 9999.0, 23.84, 9999.0, 117.73, 127.75, 120.25, 91.23, 138.45
2024-11-07, 05:24:24, 136.48, 58.25, 22.82, 22.0, 9999.0, 9.75, 10.0, 21.68, 9999.0, 23.82, 9999.0, 117.75, 127.75, 120.25, 91.23, 138.45
2024-11-07, 05:24:28, 136.48, 58.25, 22.82, 22.0, 9999.0, 9.73, 10.0, 21.7, 9999.0, 23.8, 9999.0, 117.77, 127.75, 120.25, 91.23, 138.45
2024-11-07, 05:24:32, 136.5, 58.25, 22.84, 22.0, 9999.0, 9.7, 10.0, 21.68, 9999.0, 23.77, 9999.0, 117.82, 127.75, 120.25, 91.25, 138.45
2024-11-07, 05:24:36, 136.5, 58.25, 22.84, 22.0, 9999.0, 9.7, 10.0, 21.68, 9999.0, 23.77, 9999.0, 117.84, 127.75, 120.25, 91.25, 138.45
2024-11-07, 05:24:40, 136.48, 58.25, 22.82, 22.0, 9999.0, 9.68, 10.0, 21.7, 9999.0, 23.8, 9999.0, 117.86, 127.75, 120.25, 91.25, 138.48
2024-11-07, 05:24:44, 136.48, 58.25, 22.82, 22.0, 9999.0, 9.66, 10.0, 21.7, 9999.0, 23.82, 9999.0, 117.86, 127.75, 120.25, 91.25, 138.48
2024-11-07, 05:24:48, 136.48, 58.25, 22.8, 22.0, 9999.0, 9.64, 10.0, 21.7, 9999.0, 23.84, 9999.0, 117.86, 127.75, 120.25, 91.23, 138.48
2024-11-07, 05:24:52, 136.48, 58.25, 22.77, 22.0, 9999.0, 9.61, 10.0, 21.7, 9999.0, 23.84, 9999.0, 117.86, 127.75, 120.25, 91.23, 138.48
2024-11-07, 05:24:56, 136.45, 58.25, 22.77, 22.0, 9999.0, 9.59, 10.0, 21.7, 9999.0, 23.84, 9999.0, 117.84, 127.75, 120.25, 91.23, 138.48
2024-11-07, 05:25:00, 136.45, 58.25, 22.8, 22.0, 9999.0, 9.57, 10.0, 21.7, 9999.0, 23.84, 9999.0, 117.82, 127.75, 120.25, 91.23, 138.48
2024-11-07, 05:25:04, 136.45, 58.25, 22.8, 22.0, 9999.0, 9.57, 10.0, 21.7, 9999.0, 23.84, 9999.0, 117.8, 127.75, 120.25, 91.23, 138.48
2024-11-07, 05:25:08, 136.45, 58.25, 22.8, 22.0, 9999.0, 9.57, 10.0, 21.73, 9999.0, 23.84, 9999.0, 117.75, 127.75, 120.25, 91.23, 138.48
2024-11-07, 05:25:12, 136.45, 58.25, 22.82, 22.0, 9999.0, 9.59, 10.0, 21.73, 9999.0, 23.84, 9999.0, 117.73, 127.75, 120.25, 91.23, 138.48
2024-11-07, 05:25:16, 136.45, 58.25, 22.8, 22.0, 9999.0, 9.64, 10.0, 21.75, 9999.0, 23.84, 9999.0, 117.68, 127.75, 120.25, 91.23, 138.5
2024-11-07, 05:25:21, 136.45, 58.25, 22.8, 22.0, 9999.0, 9.64, 10.0, 21.75, 9999.0, 23.82, 9999.0, 117.68, 127.75, 120.25, 91.23, 138.5
2024-11-07, 05:25:25, 136.48, 58.25, 22.8, 22.0, 9999.0, 9.66, 10.0, 21.75, 9999.0, 23.8, 9999.0, 117.68, 127.75, 120.25, 91.23, 138.5
2024-11-07, 05:25:29, 136.48, 58.25, 22.82, 22.0, 9999.0, 9.68, 10.0, 21.75, 9999.0, 23.77, 9999.0, 117.68, 127.75, 120.25, 91.23, 138.5
2024-11-07, 05:25:33, 136.48, 58.25, 22.82, 22.0, 9999.0, 9.7, 10.0, 21.73, 9999.0, 23.75, 9999.0, 117.7, 127.75, 120.25, 91.25, 138.48
2024-11-07, 05:25:37, 136.48, 58.25, 22.82, 22.0, 9999.0, 9.73, 10.0, 21.73, 9999.0, 23.73, 9999.0, 117.73, 127.75, 120.25, 91.25, 138.48
2024-11-07, 05:25:41, 136.5, 58.25, 22.82, 22.0, 9999.0, 9.75, 10.0, 21.73, 9999.0, 23.7, 9999.0, 117.75, 127.75, 120.25, 91.25, 138.48
2024-11-07, 05:25:45, 136.5, 58.25, 22.8, 22.0, 9999.0, 9.77, 10.0, 21.73, 9999.0, 23.7, 9999.0, 117.77, 127.75, 120.25, 91.25, 138.48
2024-11-07, 05:25:49, 136.5, 58.25, 22.8, 22.0, 9999.0, 9.77, 10.0, 21.73, 9999.0, 23.7, 9999.0, 117.8, 127.75, 120.25, 91.25, 138.48
2024-11-07, 05:25:53, 136.48, 58.25, 22.82, 22.0, 9999.0, 9.77, 10.0, 21.7, 9999.0, 23.73, 9999.0, 117.82, 127.75, 120.25, 91.23, 138.48
2024-11-07, 05:25:57, 136.48, 58.25, 22.82, 22.0, 9999.0, 9.77, 10.0, 21.7, 9999.0, 23.75, 9999.0, 117.86, 127.75, 120.25, 91.23, 138.48
2024-11-07, 05:26:01, 136.48, 58.25, 22.82, 22.0, 9999.0, 9.73, 10.0, 21.7, 9999.0, 23.75, 9999.0, 117.89, 127.75, 120.25, 91.23, 138.48
2024-11-07, 05:26:05, 136.48, 58.25, 22.82, 22.0, 9999.0, 9.73, 10.0, 21.7, 9999.0, 23.75, 9999.0, 117.89, 127.75, 120.25, 91.23, 138.48
2024-11-07, 05:26:09, 136.48, 58.25, 22.82, 22.0, 9999.0, 9.7, 10.0, 21.7, 9999.0, 23.75, 9999.0, 117.89, 127.75, 120.25, 91.23, 138.48
2024-11-07, 05:26:13, 136.48, 58.25, 22.82, 22.0, 9999.0, 9.68, 10.0, 21.7, 9999.0, 23.75, 9999.0, 117.89, 127.75, 120.25, 91.23, 138.48
2024-11-07, 05:26:17, 136.48, 58.25, 22.84, 22.0, 9999.0, 9.66, 10.0, 21.73, 9999.0, 23.75, 9999.0, 117.86, 127.75, 120.25, 91.23, 138.5
2024-11-07, 05:26:21, 136.48, 58.25, 22.84, 22.0, 9999.0, 9.64, 10.0, 21.73, 9999.0, 23.77, 9999.0, 117.84, 127.75, 120.25, 91.23, 138.5
2024-11-07, 05:26:25, 136.48, 58.25, 22.86, 22.0, 9999.0, 9.64, 10.0, 21.73, 9999.0, 23.8, 9999.0, 117.82, 127.75, 120.25, 91.23, 138.5
2024-11-07, 05:26:29, 136.45, 58.25, 22.89, 22.0, 9999.0, 9.64, 10.0, 21.73, 9999.0, 23.8, 9999.0, 117.8, 127.75, 120.25, 91.23, 138.5
2024-11-07, 05:26:33, 136.45, 58.25, 22.89, 22.0, 9999.0, 9.64, 10.0, 21.73, 9999.0, 23.8, 9999.0, 117.77, 127.75, 120.25, 91.2, 138.5
2024-11-07, 05:26:37, 136.45, 58.25, 22.89, 22.0, 9999.0, 9.66, 10.0, 21.75, 9999.0, 23.75, 9999.0, 117.75, 127.75, 120.25, 91.23, 138.5
2024-11-07, 05:26:41, 136.45, 58.25, 22.89, 22.0, 9999.0, 9.66, 10.0, 21.75, 9999.0, 23.73, 9999.0, 117.73, 127.75, 120.25, 91.23, 138.5
2024-11-07, 05:26:45, 136.45, 58.25, 22.89, 22.0, 9999.0, 9.68, 10.0, 21.75, 9999.0, 23.7, 9999.0, 117.73, 127.75, 120.25, 91.23, 138.5
2024-11-07, 05:26:49, 136.45, 58.25, 22.91, 22.0, 9999.0, 9.68, 10.0, 21.75, 9999.0, 23.68, 9999.0, 117.73, 127.75, 120.25, 91.23, 138.5
2024-11-07, 05:26:53, 136.43, 58.25, 22.91, 22.0, 9999.0, 9.7, 10.0, 21.75, 9999.0, 23.66, 9999.0, 117.75, 127.75, 120.25, 91.23, 138.5
2024-11-07, 05:26:57, 136.43, 58.25, 22.89, 22.0, 9999.0, 9.73, 10.0, 21.75, 9999.0, 23.64, 9999.0, 117.77, 127.75, 120.25, 91.23, 138.5
2024-11-07, 05:27:01, 136.43, 58.25, 22.89, 22.0, 9999.0, 9.75, 10.0, 21.75, 9999.0, 23.61, 9999.0, 117.8, 127.75, 120.25, 91.23, 138.5
2024-11-07, 05:27:05, 136.43, 58.25, 22.91, 22.0, 9999.0, 9.77, 10.0, 21.73, 9999.0, 23.61, 9999.0, 117.82, 127.75, 120.25, 91.23, 138.5
2024-11-07, 05:27:09, 136.43, 58.25, 22.89, 22.0, 9999.0, 9.77, 10.0, 21.73, 9999.0, 23.61, 9999.0, 117.84, 127.75, 120.25, 91.23, 138.5
2024-11-07, 05:27:13, 136.45, 58.25, 22.89, 22.0, 9999.0, 9.77, 10.0, 21.73, 9999.0, 23.61, 9999.0, 117.86, 127.75, 120.25, 91.23, 138.5
2024-11-07, 05:27:17, 136.45, 58.25, 22.91, 22.0, 9999.0, 9.77, 10.0, 21.73, 9999.0, 23.64, 9999.0, 117.86, 127.75, 120.25, 91.25, 138.5
2024-11-07, 05:27:21, 136.48, 58.25, 22.91, 22.0, 9999.0, 9.73, 10.0, 21.73, 9999.0, 23.68, 9999.0, 117.89, 127.75, 120.25, 91.25, 138.5
2024-11-07, 05:27:25, 136.48, 58.25, 22.89, 22.0, 9999.0, 9.7, 10.0, 21.73, 9999.0, 23.68, 9999.0, 117.89, 127.75, 120.25, 91.25, 138.5
2024-11-07, 05:27:29, 136.48, 58.25, 22.91, 22.0, 9999.0, 9.7, 10.0, 21.73, 9999.0, 23.7, 9999.0, 117.89, 127.75, 120.25, 91.25, 138.5
2024-11-07, 05:27:33, 136.48, 58.25, 22.91, 22.0, 9999.0, 9.68, 10.0, 21.73, 9999.0, 23.73, 9999.0, 117.89, 127.75, 120.25, 91.25, 138.5
2024-11-07, 05:27:37, 136.5, 58.25, 22.93, 22.0, 9999.0, 9.66, 10.0, 21.73, 9999.0, 23.75, 9999.0, 117.86, 127.75, 120.25, 91.25, 138.5
2024-11-07, 05:27:41, 136.5, 58.25, 22.95, 22.0, 9999.0, 9.64, 10.0, 21.73, 9999.0, 23.77, 9999.0, 117.84, 127.75, 120.25, 91.25, 138.5
2024-11-07, 05:27:45, 136.5, 58.25, 22.95, 22.0, 9999.0, 9.64, 10.0, 21.73, 9999.0, 23.8, 9999.0, 117.82, 127.75, 120.25, 91.25, 138.5
2024-11-07, 05:27:49, 136.48, 58.25, 22.95, 22.0, 9999.0, 9.64, 10.0, 21.75, 9999.0, 23.8, 9999.0, 117.8, 127.75, 120.25, 91.25, 138.5
2024-11-07, 05:27:53, 136.48, 58.25, 22.98, 22.0, 9999.0, 9.64, 10.0, 21.75, 9999.0, 23.8, 9999.0, 117.77, 127.75, 120.25, 91.25, 138.5
2024-11-07, 05:27:57, 136.48, 58.25, 22.98, 22.0, 9999.0, 9.66, 10.0, 21.75, 9999.0, 23.8, 9999.0, 117.73, 127.75, 120.25, 91.25, 138.5
2024-11-07, 05:28:01, 136.45, 58.25, 22.98, 22.0, 9999.0, 9.68, 10.0, 21.75, 9999.0, 23.77, 9999.0, 117.7, 127.75, 120.25, 91.25, 138.5
2024-11-07, 05:28:05, 136.43, 58.25, 22.98, 22.0, 9999.0, 9.7, 10.0, 21.75, 9999.0, 23.75, 9999.0, 117.7, 127.75, 120.25, 91.23, 138.5
2024-11-07, 05:28:09, 136.43, 58.25, 23.0, 22.02, 9999.0, 9.73, 10.0, 21.75, 9999.0, 23.75, 9999.0, 117.7, 127.75, 120.25, 91.2, 138.5
2024-11-07, 05:28:13, 136.43, 58.25, 23.0, 22.05, 9999.0, 9.73, 10.0, 21.75, 9999.0, 23.75, 9999.0, 117.73, 127.75, 120.25, 91.2, 138.5
2024-11-07, 05:28:17, 136.43, 58.25, 23.0, 22.05, 9999.0, 9.75, 10.0, 21.73, 9999.0, 23.75, 9999.0, 117.75, 127.75, 120.25, 91.2, 138.5
2024-11-07, 05:28:21, 136.43, 58.25, 23.0, 22.05, 9999.0, 9.77, 10.0, 21.73, 9999.0, 23.75, 9999.0, 117.77, 127.75, 120.25, 91.2, 138.5
2024-11-07, 05:28:25, 136.43, 58.25, 23.0, 22.05, 9999.0, 9.8, 10.0, 21.73, 9999.0, 23.75, 9999.0, 117.8, 127.75, 120.25, 91.18, 138.5
2024-11-07, 05:28:29, 136.43, 58.27, 23.0, 22.05, 9999.0, 9.8, 10.0, 21.73, 9999.0, 23.75, 9999.0, 117.82, 127.75, 120.25, 91.18, 138.5
2024-11-07, 05:28:33, 136.45, 58.27, 23.0, 22.07, 9999.0, 9.8, 10.0, 21.73, 9999.0, 23.75, 9999.0, 117.84, 127.75, 120.25, 91.18, 138.5
2024-11-07, 05:28:37, 136.45, 58.27, 23.0, 22.09, 9999.0, 9.8, 10.0, 21.73, 9999.0, 23.77, 9999.0, 117.86, 127.75, 120.25, 91.18, 138.5
2024-11-07, 05:28:41, 136.45, 58.27, 23.0, 22.09, 9999.0, 9.77, 10.0, 21.7, 9999.0, 23.8, 9999.0, 117.91, 127.75, 120.25, 91.18, 138.5
2024-11-07, 05:28:45, 136.48, 58.27, 23.0, 22.09, 9999.0, 9.73, 10.0, 21.7, 9999.0, 23.82, 9999.0, 117.95, 127.75, 120.25, 91.18, 138.5
2024-11-07, 05:28:49, 136.5, 58.27, 22.98, 22.11, 9999.0, 9.7, 10.0, 21.7, 9999.0, 23.82, 9999.0, 117.95, 127.75, 120.25, 91.2, 138.5
2024-11-07, 05:28:53, 136.5, 58.27, 22.98, 22.09, 9999.0, 9.68, 10.0, 21.7, 9999.0, 23.82, 9999.0, 117.95, 127.75, 120.25, 91.23, 138.5
2024-11-07, 05:28:58, 136.5, 58.27, 22.95, 22.07, 9999.0, 9.66, 10.0, 21.7, 9999.0, 23.82, 9999.0, 117.93, 127.75, 120.25, 91.23, 138.5
2024-11-07, 05:29:02, 136.48, 58.27, 22.95, 22.07, 9999.0, 9.64, 10.0, 21.73, 9999.0, 23.82, 9999.0, 117.91, 127.75, 120.25, 91.23, 138.5
2024-11-07, 05:29:06, 136.48, 58.27, 22.95, 22.07, 9999.0, 9.64, 10.0, 21.73, 9999.0, 23.82, 9999.0, 117.89, 127.75, 120.25, 91.23, 138.5
2024-11-07, 05:29:10, 136.48, 58.27, 22.93, 22.09, 9999.0, 9.64, 10.0, 21.73, 9999.0, 23.82, 9999.0, 117.86, 127.75, 120.25, 91.23, 138.5
2024-11-07, 05:29:14, 136.48, 58.25, 22.91, 22.09, 9999.0, 9.64, 10.0, 21.73, 9999.0, 23.82, 9999.0, 117.84, 127.75, 120.25, 91.23, 138.5
2024-11-07, 05:29:18, 136.48, 58.25, 22.89, 22.09, 9999.0, 9.66, 10.0, 21.73, 9999.0, 23.82, 9999.0, 117.82, 127.75, 120.25, 91.23, 138.5
2024-11-07, 05:29:22, 136.48, 58.25, 22.89, 22.07, 9999.0, 9.68, 10.0, 21.73, 9999.0, 23.8, 9999.0, 117.77, 127.75, 120.25, 91.2, 138.5
2024-11-07, 05:29:26, 136.48, 58.25, 22.89, 22.07, 9999.0, 9.7, 10.0, 21.75, 9999.0, 23.77, 9999.0, 117.77, 127.75, 120.25, 91.18, 138.5
2024-11-07, 05:29:30, 136.48, 58.25, 22.89, 22.07, 9999.0, 9.73, 10.0, 21.75, 9999.0, 23.75, 9999.0, 117.75, 127.75, 120.25, 91.18, 138.5
2024-11-07, 05:29:34, 136.45, 58.25, 22.91, 22.05, 9999.0, 9.75, 10.0, 21.75, 9999.0, 23.75, 9999.0, 117.77, 127.75, 120.25, 91.18, 138.5
2024-11-07, 05:29:38, 136.45, 58.25, 22.91, 22.05, 9999.0, 9.77, 10.0, 21.75, 9999.0, 23.75, 9999.0, 117.8, 127.75, 120.25, 91.18, 138.5
2024-11-07, 05:29:42, 136.45, 58.25, 22.93, 22.05, 9999.0, 9.8, 10.0, 21.75, 9999.0, 23.75, 9999.0, 117.82, 127.75, 120.25, 91.18, 138.5
2024-11-07, 05:29:46, 136.48, 58.25, 22.93, 22.05, 9999.0, 9.82, 10.0, 21.75, 9999.0, 23.75, 9999.0, 117.84, 127.75, 120.25, 91.18, 138.5
2024-11-07, 05:29:50, 136.45, 58.25, 22.93, 22.05, 9999.0, 9.82, 10.0, 21.73, 9999.0, 23.75, 9999.0, 117.86, 127.75, 120.25, 91.18, 138.5
2024-11-07, 05:29:54, 136.45, 58.25, 22.95, 22.02, 9999.0, 9.82, 10.0, 21.73, 9999.0, 23.77, 9999.0, 117.89, 127.75, 120.25, 91.2, 138.5
2024-11-07, 05:29:58, 136.45, 58.25, 22.98, 22.02, 9999.0, 9.82, 10.0, 21.73, 9999.0, 23.8, 9999.0, 117.91, 127.75, 120.25, 91.2, 138.5
2024-11-07, 05:30:02, 136.45, 58.25, 23.0, 22.0, 9999.0, 9.8, 10.0, 21.73, 9999.0, 23.82, 9999.0, 117.91, 127.75, 120.25, 91.2, 138.5
2024-11-07, 05:30:06, 136.45, 58.25, 23.0, 22.0, 9999.0, 9.75, 10.0, 21.73, 9999.0, 23.84, 9999.0, 117.93, 127.75, 120.25, 91.23, 138.5
2024-11-07, 05:30:10, 136.45, 58.25, 23.0, 22.0, 9999.0, 9.7, 10.0, 21.73, 9999.0, 23.86, 9999.0, 117.91, 127.75, 120.25, 91.25, 138.5
2024-11-07, 05:30:14, 136.45, 58.25, 23.0, 22.0, 9999.0, 9.68, 10.0, 21.73, 9999.0, 23.89, 9999.0, 117.91, 127.75, 120.25, 91.25, 138.5
2024-11-07, 05:30:18, 136.48, 58.25, 23.0, 22.0, 9999.0, 9.66, 10.0, 21.73, 9999.0, 23.91, 9999.0, 117.89, 127.75, 120.25, 91.25, 138.5
2024-11-07, 05:30:22, 136.48, 58.25, 22.98, 22.0, 9999.0, 9.64, 10.0, 21.73, 9999.0, 23.93, 9999.0, 117.86, 127.75, 120.25, 91.25, 138.5
2024-11-07, 05:30:26, 136.48, 58.25, 22.98, 22.02, 9999.0, 9.64, 10.0, 21.73, 9999.0, 23.93, 9999.0, 117.84, 127.75, 120.25, 91.25, 138.5
2024-11-07, 05:30:30, 136.48, 58.25, 22.98, 22.02, 9999.0, 9.64, 10.0, 21.73, 9999.0, 23.93, 9999.0, 117.82, 127.75, 120.25, 91.25, 138.5
2024-11-07, 05:30:34, 136.5, 58.25, 22.98, 22.02, 9999.0, 9.64, 10.0, 21.75, 9999.0, 23.93, 9999.0, 117.8, 127.75, 120.25, 91.25, 138.5
2024-11-07, 05:30:38, 136.5, 58.25, 22.98, 22.02, 9999.0, 9.66, 10.0, 21.75, 9999.0, 23.91, 9999.0, 117.77, 127.75, 120.25, 91.25, 138.5
2024-11-07, 05:30:42, 136.5, 58.25, 22.98, 22.02, 9999.0, 9.66, 10.02, 21.75, 9999.0, 23.89, 9999.0, 117.75, 127.75, 120.25, 91.25, 138.5
2024-11-07, 05:30:46, 136.5, 58.25, 22.95, 22.02, 9999.0, 9.66, 10.02, 21.75, 9999.0, 23.86, 9999.0, 117.75, 127.75, 120.25, 91.25, 138.5
2024-11-07, 05:30:50, 136.48, 58.25, 22.95, 22.05, 9999.0, 9.68, 10.02, 21.75, 9999.0, 23.84, 9999.0, 117.75, 127.75, 120.25, 91.25, 138.5
2024-11-07, 05:30:54, 136.48, 58.25, 22.95, 22.05, 9999.0, 9.7, 10.02, 21.75, 9999.0, 23.82, 9999.0, 117.77, 127.75, 120.25, 91.25, 138.5
2024-11-07, 05:30:58, 136.45, 58.25, 22.95, 22.05, 9999.0, 9.73, 10.02, 21.75, 9999.0, 23.8, 9999.0, 117.8, 127.75, 120.25, 91.25, 138.5
2024-11-07, 05:31:02, 136.45, 58.25, 22.95, 22.05, 9999.0, 9.75, 10.02, 21.75, 9999.0, 23.75, 9999.0, 117.82, 127.75, 120.25, 91.25, 138.5
2024-11-07, 05:31:06, 136.45, 58.25, 22.98, 22.05, 9999.0, 9.77, 10.02, 21.75, 9999.0, 23.73, 9999.0, 117.84, 127.75, 120.25, 91.25, 138.5
2024-11-07, 05:31:10, 136.45, 58.25, 22.98, 22.02, 9999.0, 9.77, 10.02, 21.75, 9999.0, 23.73, 9999.0, 117.86, 127.75, 120.25, 91.25, 138.5
2024-11-07, 05:31:14, 136.45, 58.25, 22.95, 22.02, 9999.0, 9.75, 10.02, 21.75, 9999.0, 23.73, 9999.0, 117.89, 127.75, 120.25, 91.25, 138.5
2024-11-07, 05:31:18, 136.45, 58.25, 22.95, 22.02, 9999.0, 9.75, 10.02, 21.75, 9999.0, 23.75, 9999.0, 117.91, 127.75, 120.25, 91.25, 138.5
2024-11-07, 05:31:22, 136.45, 58.25, 22.95, 22.02, 9999.0, 9.7, 10.02, 21.75, 9999.0, 23.77, 9999.0, 117.93, 127.75, 120.25, 91.25, 138.5
2024-11-07, 05:31:26, 136.43, 58.25, 22.93, 22.05, 9999.0, 9.68, 10.0, 21.75, 9999.0, 23.8, 9999.0, 117.93, 127.75, 120.25, 91.25, 138.5
2024-11-07, 05:31:30, 136.43, 58.25, 22.93, 22.05, 9999.0, 9.66, 10.0, 21.75, 9999.0, 23.82, 9999.0, 117.93, 127.75, 120.25, 91.25, 138.5
2024-11-07, 05:31:34, 136.45, 58.25, 22.91, 22.05, 9999.0, 9.64, 10.0, 21.75, 9999.0, 23.84, 9999.0, 117.93, 127.75, 120.25, 91.25, 138.5
2024-11-07, 05:31:38, 136.45, 58.25, 22.91, 22.05, 9999.0, 9.61, 10.0, 21.75, 9999.0, 23.86, 9999.0, 117.91, 127.75, 120.25, 91.25, 138.5
2024-11-07, 05:31:42, 136.48, 58.25, 22.89, 22.05, 9999.0, 9.59, 10.0, 21.75, 9999.0, 23.89, 9999.0, 117.89, 127.75, 120.25, 91.25, 138.5
2024-11-07, 05:31:46, 136.48, 58.25, 22.89, 22.05, 9999.0, 9.59, 10.0, 21.75, 9999.0, 23.93, 9999.0, 117.86, 127.75, 120.25, 91.25, 138.5
2024-11-07, 05:31:50, 136.48, 58.25, 22.89, 22.05, 9999.0, 9.59, 10.0, 21.75, 9999.0, 23.95, 9999.0, 117.84, 127.75, 120.25, 91.25, 138.5
2024-11-07, 05:31:54, 136.48, 58.25, 22.86, 22.05, 9999.0, 9.59, 10.0, 21.75, 9999.0, 23.95, 9999.0, 117.82, 127.75, 120.25, 91.25, 138.5
2024-11-07, 05:31:58, 136.48, 58.25, 22.89, 22.05, 9999.0, 9.64, 10.0, 21.75, 9999.0, 23.95, 9999.0, 117.8, 127.75, 120.25, 91.25, 138.5
2024-11-07, 05:32:02, 136.48, 58.25, 22.86, 22.05, 9999.0, 9.64, 10.0, 21.75, 9999.0, 23.93, 9999.0, 117.8, 127.75, 120.25, 91.23, 138.5
2024-11-07, 05:32:06, 136.48, 58.25, 22.84, 22.05, 9999.0, 9.66, 10.0, 21.75, 9999.0, 23.91, 9999.0, 117.77, 127.75, 120.25, 91.2, 138.5
2024-11-07, 05:32:10, 136.5, 58.25, 22.84, 22.02, 9999.0, 9.68, 10.0, 21.75, 9999.0, 23.89, 9999.0, 117.77, 127.75, 120.25, 91.2, 138.5
2024-11-07, 05:32:14, 136.5, 58.25, 22.86, 22.02, 9999.0, 9.7, 10.0, 21.75, 9999.0, 23.86, 9999.0, 117.8, 127.75, 120.25, 91.2, 138.5
2024-11-07, 05:32:18, 136.5, 58.25, 22.86, 22.02, 9999.0, 9.73, 10.0, 21.75, 9999.0, 23.84, 9999.0, 117.82, 127.75, 120.25, 91.2, 138.5
2024-11-07, 05:32:22, 136.5, 58.25, 22.86, 22.02, 9999.0, 9.75, 10.0, 21.73, 9999.0, 23.82, 9999.0, 117.84, 127.75, 120.25, 91.2, 138.5
2024-11-07, 05:32:26, 136.5, 58.25, 22.86, 22.02, 9999.0, 9.77, 10.0, 21.73, 9999.0, 23.82, 9999.0, 117.86, 127.75, 120.25, 91.2, 138.5
2024-11-07, 05:32:31, 136.5, 58.25, 22.84, 22.02, 9999.0, 9.77, 10.0, 21.73, 9999.0, 23.8, 9999.0, 117.89, 127.75, 120.25, 91.2, 138.5
2024-11-07, 05:32:35, 136.5, 58.25, 22.84, 22.05, 9999.0, 9.75, 10.0, 21.73, 9999.0, 23.8, 9999.0, 117.91, 127.75, 120.25, 91.18, 138.5
2024-11-07, 05:32:39, 136.5, 58.25, 22.86, 22.05, 9999.0, 9.75, 10.0, 21.73, 9999.0, 23.82, 9999.0, 117.93, 127.75, 120.25, 91.18, 138.5
2024-11-07, 05:32:43, 136.5, 58.25, 22.84, 22.05, 9999.0, 9.73, 10.0, 21.73, 9999.0, 23.84, 9999.0, 117.95, 127.75, 120.25, 91.18, 138.5
2024-11-07, 05:32:47, 136.5, 58.25, 22.86, 22.07, 9999.0, 9.7, 10.0, 21.7, 9999.0, 23.86, 9999.0, 117.95, 127.75, 120.25, 91.2, 138.5
2024-11-07, 05:32:51, 136.5, 58.25, 22.86, 22.07, 9999.0, 9.7, 10.0, 21.7, 9999.0, 23.89, 9999.0, 117.95, 127.75, 120.25, 91.23, 138.5
2024-11-07, 05:32:55, 136.5, 58.25, 22.89, 22.09, 9999.0, 9.68, 10.0, 21.7, 9999.0, 23.91, 9999.0, 117.95, 127.75, 120.25, 91.23, 138.5
2024-11-07, 05:32:59, 136.5, 58.25, 22.89, 22.09, 9999.0, 9.66, 10.0, 21.7, 9999.0, 23.91, 9999.0, 117.93, 127.75, 120.25, 91.23, 138.5
2024-11-07, 05:33:03, 136.5, 58.25, 22.89, 22.07, 9999.0, 9.64, 10.0, 21.7, 9999.0, 23.91, 9999.0, 117.91, 127.75, 120.25, 91.23, 138.5
2024-11-07, 05:33:07, 136.5, 58.25, 22.89, 22.07, 9999.0, 9.64, 10.0, 21.73, 9999.0, 23.91, 9999.0, 117.89, 127.75, 120.25, 91.23, 138.5
2024-11-07, 05:33:11, 136.5, 58.25, 22.91, 22.07, 9999.0, 9.64, 10.0, 21.73, 9999.0, 23.89, 9999.0, 117.86, 127.75, 120.25, 91.23, 138.5
2024-11-07, 05:33:15, 136.5, 58.25, 22.91, 22.07, 9999.0, 9.64, 10.0, 21.73, 9999.0, 23.89, 9999.0, 117.84, 127.75, 120.25, 91.23, 138.5
2024-11-07, 05:33:19, 136.48, 58.25, 22.91, 22.05, 9999.0, 9.68, 10.0, 21.73, 9999.0, 23.86, 9999.0, 117.82, 127.75, 120.25, 91.25, 138.5
2024-11-07, 05:33:23, 136.45, 58.25, 22.91, 22.05, 9999.0, 9.7, 10.0, 21.73, 9999.0, 23.84, 9999.0, 117.82, 127.75, 120.25, 91.25, 138.5
2024-11-07, 05:33:27, 136.45, 58.25, 22.93, 22.05, 9999.0, 9.7, 10.0, 21.7, 9999.0, 23.82, 9999.0, 117.82, 127.75, 120.25, 91.25, 138.5
2024-11-07, 05:33:31, 136.45, 58.25, 22.93, 22.02, 9999.0, 9.73, 10.0, 21.73, 9999.0, 23.8, 9999.0, 117.82, 127.75, 120.25, 91.25, 138.5
2024-11-07, 05:33:35, 136.45, 58.25, 22.93, 22.02, 9999.0, 9.73, 10.0, 21.73, 9999.0, 23.77, 9999.0, 117.84, 127.75, 120.25, 91.25, 138.5
2024-11-07, 05:33:39, 136.45, 58.25, 22.91, 22.0, 9999.0, 9.75, 10.0, 21.73, 9999.0, 23.75, 9999.0, 117.86, 127.75, 120.25, 91.25, 138.5
2024-11-07, 05:33:43, 136.45, 58.25, 22.91, 22.0, 9999.0, 9.77, 10.0, 21.73, 9999.0, 23.75, 9999.0, 117.89, 127.75, 120.25, 91.25, 138.5
2024-11-07, 05:33:47, 136.43, 58.25, 22.91, 22.0, 9999.0, 9.8, 10.0, 21.73, 9999.0, 23.75, 9999.0, 117.91, 127.75, 120.25, 91.25, 138.5
2024-11-07, 05:33:51, 136.41, 58.25, 22.89, 22.0, 9999.0, 9.8, 10.0, 21.73, 9999.0, 23.75, 9999.0, 117.93, 127.75, 120.25, 91.25, 138.5
2024-11-07, 05:33:55, 136.41, 58.25, 22.89, 22.0, 9999.0, 9.8, 10.0, 21.73, 9999.0, 23.77, 9999.0, 117.95, 127.75, 120.25, 91.25, 138.5
2024-11-07, 05:33:59, 136.41, 58.25, 22.91, 22.0, 9999.0, 9.8, 10.0, 21.73, 9999.0, 23.8, 9999.0, 117.98, 127.75, 120.25, 91.25, 138.5
2024-11-07, 05:34:03, 136.43, 58.25, 22.89, 22.0, 9999.0, 9.77, 10.0, 21.73, 9999.0, 23.82, 9999.0, 117.98, 127.75, 120.25, 91.25, 138.5
2024-11-07, 05:34:07, 136.45, 58.25, 22.86, 22.0, 9999.0, 9.73, 10.0, 21.73, 9999.0, 23.84, 9999.0, 117.95, 127.75, 120.25, 91.25, 138.5
2024-11-07, 05:34:11, 136.45, 58.25, 22.86, 22.0, 9999.0, 9.7, 10.0, 21.75, 9999.0, 23.86, 9999.0, 117.93, 127.75, 120.25, 91.25, 138.5
2024-11-07, 05:34:15, 136.45, 58.25, 22.86, 22.0, 9999.0, 9.68, 10.0, 21.75, 9999.0, 23.89, 9999.0, 117.91, 127.75, 120.25, 91.25, 138.5
2024-11-07, 05:34:19, 136.45, 58.25, 22.86, 22.0, 9999.0, 9.66, 10.0, 21.75, 9999.0, 23.91, 9999.0, 117.89, 127.75, 120.25, 91.25, 138.5
2024-11-07, 05:34:23, 136.45, 58.25, 22.86, 22.0, 9999.0, 9.64, 10.0, 21.75, 9999.0, 23.91, 9999.0, 117.86, 127.75, 120.25, 91.25, 138.5
2024-11-07, 05:34:27, 136.45, 58.25, 22.86, 22.0, 9999.0, 9.64, 10.0, 21.75, 9999.0, 23.93, 9999.0, 117.84, 127.75, 120.25, 91.25, 138.5
2024-11-07, 05:34:31, 136.48, 58.25, 22.89, 22.0, 9999.0, 9.64, 10.0, 21.75, 9999.0, 23.93, 9999.0, 117.82, 127.75, 120.25, 91.25, 138.5
2024-11-07, 05:34:35, 136.5, 58.25, 22.91, 22.0, 9999.0, 9.64, 10.0, 21.75, 9999.0, 23.95, 9999.0, 117.8, 127.75, 120.25, 91.25, 138.5
2024-11-07, 05:34:39, 136.48, 58.27, 22.89, 22.0, 9999.0, 9.66, 10.0, 21.75, 9999.0, 23.93, 9999.0, 117.77, 127.75, 120.25, 91.25, 138.5
2024-11-07, 05:34:43, 136.48, 58.3, 22.89, 22.0, 9999.0, 9.68, 10.0, 21.75, 9999.0, 23.91, 9999.0, 117.77, 127.75, 120.25, 91.25, 138.5
2024-11-07, 05:34:47, 136.48, 58.3, 22.91, 22.0, 9999.0, 9.68, 10.0, 21.75, 9999.0, 23.89, 9999.0, 117.77, 127.75, 120.25, 91.25, 138.5
2024-11-07, 05:34:51, 136.48, 58.3, 22.93, 22.0, 9999.0, 9.7, 10.0, 21.75, 9999.0, 23.86, 9999.0, 117.8, 127.75, 120.25, 91.25, 138.5
2024-11-07, 05:34:55, 136.48, 58.3, 22.91, 22.0, 9999.0, 9.73, 10.0, 21.73, 9999.0, 23.84, 9999.0, 117.82, 127.75, 120.25, 91.25, 138.5
2024-11-07, 05:34:59, 136.48, 58.3, 22.91, 22.0, 9999.0, 9.75, 10.02, 21.73, 9999.0, 23.82, 9999.0, 117.84, 127.75, 120.25, 91.25, 138.5
2024-11-07, 05:35:03, 136.48, 58.32, 22.93, 22.0, 9999.0, 9.77, 10.02, 21.73, 9999.0, 23.82, 9999.0, 117.86, 127.75, 120.25, 91.25, 138.5
2024-11-07, 05:35:07, 136.48, 58.34, 22.95, 22.0, 9999.0, 9.8, 10.02, 21.73, 9999.0, 23.82, 9999.0, 117.89, 127.75, 120.25, 91.25, 138.5
2024-11-07, 05:35:11, 136.45, 58.34, 22.93, 22.0, 9999.0, 9.8, 10.02, 21.73, 9999.0, 23.82, 9999.0, 117.91, 127.75, 120.25, 91.25, 138.5
2024-11-07, 05:35:15, 136.45, 58.36, 22.91, 22.0, 9999.0, 9.77, 10.02, 21.73, 9999.0, 23.84, 9999.0, 117.93, 127.75, 120.25, 91.25, 138.5
2024-11-07, 05:35:19, 136.45, 58.36, 22.89, 22.0, 9999.0, 9.77, 10.02, 21.73, 9999.0, 23.84, 9999.0, 117.93, 127.75, 120.25, 91.25, 138.5
2024-11-07, 05:35:23, 136.48, 58.34, 22.89, 22.0, 9999.0, 9.75, 10.02, 21.73, 9999.0, 23.86, 9999.0, 117.95, 127.75, 120.25, 91.25, 138.5
2024-11-07, 05:35:27, 136.48, 58.32, 22.89, 22.0, 9999.0, 9.7, 10.02, 21.73, 9999.0, 23.89, 9999.0, 117.93, 127.75, 120.25, 91.25, 138.5
2024-11-07, 05:35:31, 136.48, 58.32, 22.89, 22.0, 9999.0, 9.7, 10.02, 21.73, 9999.0, 23.91, 9999.0, 117.93, 127.75, 120.25, 91.25, 138.5
2024-11-07, 05:35:35, 136.48, 58.32, 22.89, 22.0, 9999.0, 9.68, 10.02, 21.73, 9999.0, 23.93, 9999.0, 117.91, 127.75, 120.25, 91.25, 138.5
2024-11-07, 05:35:39, 136.48, 58.32, 22.89, 22.0, 9999.0, 9.66, 10.02, 21.73, 9999.0, 23.95, 9999.0, 117.89, 127.75, 120.25, 91.25, 138.5
2024-11-07, 05:35:43, 136.45, 58.32, 22.86, 22.0, 9999.0, 9.66, 10.0, 21.7, 9999.0, 23.98, 9999.0, 117.86, 127.75, 120.25, 91.25, 138.5
2024-11-07, 05:35:47, 136.45, 58.3, 22.86, 22.02, 9999.0, 9.66, 10.0, 21.68, 9999.0, 23.98, 9999.0, 117.84, 127.75, 120.25, 91.25, 138.5
2024-11-07, 05:35:51, 136.45, 58.27, 22.86, 22.02, 9999.0, 9.66, 10.0, 21.66, 9999.0, 23.98, 9999.0, 117.82, 127.75, 120.25, 91.25, 138.5
2024-11-07, 05:35:55, 136.48, 58.27, 22.89, 22.02, 9999.0, 9.68, 10.0, 21.66, 9999.0, 23.95, 9999.0, 117.8, 127.75, 120.25, 91.25, 138.5
2024-11-07, 05:35:59, 136.48, 58.25, 22.91, 22.02, 9999.0, 9.73, 10.0, 21.66, 9999.0, 23.93, 9999.0, 117.77, 127.75, 120.25, 91.23, 138.5
2024-11-07, 05:36:04, 136.48, 58.25, 22.93, 22.02, 9999.0, 9.73, 10.0, 21.66, 9999.0, 23.91, 9999.0, 117.8, 127.75, 120.25, 91.23, 138.5
2024-11-07, 05:36:08, 136.48, 58.25, 22.95, 22.02, 9999.0, 9.73, 10.0, 21.66, 9999.0, 23.89, 9999.0, 117.77, 127.75, 120.25, 91.23, 138.5
2024-11-07, 05:36:12, 136.48, 58.25, 22.95, 22.05, 9999.0, 9.75, 10.0, 21.66, 9999.0, 23.86, 9999.0, 117.8, 127.75, 120.25, 91.23, 138.5
2024-11-07, 05:36:16, 136.48, 58.25, 22.95, 22.05, 9999.0, 9.75, 10.0, 21.66, 9999.0, 23.84, 9999.0, 117.82, 127.75, 120.25, 91.23, 138.5
2024-11-07, 05:36:20, 136.45, 58.25, 22.93, 22.05, 9999.0, 9.77, 10.0, 21.66, 9999.0, 23.82, 9999.0, 117.84, 127.75, 120.25, 91.23, 138.5
2024-11-07, 05:36:24, 136.45, 58.25, 22.95, 22.05, 9999.0, 9.8, 10.0, 21.68, 9999.0, 23.82, 9999.0, 117.86, 127.75, 120.25, 91.23, 138.5
2024-11-07, 05:36:28, 136.48, 58.25, 22.98, 22.05, 9999.0, 9.8, 10.0, 21.7, 9999.0, 23.82, 9999.0, 117.89, 127.75, 120.25, 91.23, 138.5
2024-11-07, 05:36:32, 136.48, 58.25, 22.98, 22.05, 9999.0, 9.8, 10.0, 21.73, 9999.0, 23.82, 9999.0, 117.89, 127.75, 120.25, 91.23, 138.5
2024-11-07, 05:36:36, 136.48, 58.25, 22.98, 22.07, 9999.0, 9.77, 10.0, 21.75, 9999.0, 23.86, 9999.0, 117.89, 127.75, 120.25, 91.23, 138.5
2024-11-07, 05:36:40, 136.48, 58.25, 22.95, 22.07, 9999.0, 9.73, 10.0, 21.75, 9999.0, 23.91, 9999.0, 117.89, 127.75, 120.25, 91.23, 138.5
2024-11-07, 05:36:44, 136.45, 58.25, 22.93, 22.07, 9999.0, 9.68, 10.0, 21.75, 9999.0, 23.93, 9999.0, 117.89, 127.75, 120.25, 91.25, 138.5
2024-11-07, 05:36:48, 136.45, 58.25, 22.93, 22.07, 9999.0, 9.66, 10.0, 21.75, 9999.0, 23.95, 9999.0, 117.86, 127.75, 120.25, 91.25, 138.5
2024-11-07, 05:36:52, 136.45, 58.25, 22.93, 22.07, 9999.0, 9.64, 10.0, 21.75, 9999.0, 23.98, 9999.0, 117.86, 127.75, 120.25, 91.25, 138.5
2024-11-07, 05:36:56, 136.45, 58.25, 22.93, 22.05, 9999.0, 9.61, 10.0, 21.75, 9999.0, 24.0, 9999.0, 117.84, 127.75, 120.25, 91.25, 138.5
2024-11-07, 05:37:00, 136.45, 58.25, 22.93, 22.07, 9999.0, 9.59, 10.0, 21.75, 9999.0, 24.02, 9999.0, 117.82, 127.75, 120.25, 91.25, 138.5
2024-11-07, 05:37:04, 136.48, 58.25, 22.95, 22.07, 9999.0, 9.59, 10.0, 21.73, 9999.0, 24.05, 9999.0, 117.8, 127.75, 120.25, 91.25, 138.5
2024-11-07, 05:37:08, 136.48, 58.25, 22.95, 22.07, 9999.0, 9.59, 10.0, 21.7, 9999.0, 24.02, 9999.0, 117.77, 127.75, 120.25, 91.25, 138.5
2024-11-07, 05:37:12, 136.48, 58.25, 22.95, 22.07, 9999.0, 9.59, 10.0, 21.7, 9999.0, 24.0, 9999.0, 117.75, 127.75, 120.25, 91.25, 138.5
2024-11-07, 05:37:16, 136.48, 58.25, 22.93, 22.05, 9999.0, 9.61, 10.0, 21.7, 9999.0, 23.98, 9999.0, 117.75, 127.75, 120.25, 91.25, 138.5
2024-11-07, 05:37:20, 136.48, 58.25, 22.93, 22.02, 9999.0, 9.66, 10.0, 21.7, 9999.0, 23.93, 9999.0, 117.77, 127.75, 120.25, 91.25, 138.5
2024-11-07, 05:37:24, 136.45, 58.25, 22.93, 22.02, 9999.0, 9.68, 10.0, 21.7, 9999.0, 23.89, 9999.0, 117.8, 127.75, 120.25, 91.25, 138.5
2024-11-07, 05:37:28, 136.48, 58.25, 22.95, 22.02, 9999.0, 9.7, 10.0, 21.7, 9999.0, 23.86, 9999.0, 117.8, 127.75, 120.25, 91.25, 138.5
2024-11-07, 05:37:32, 136.48, 58.25, 22.93, 22.05, 9999.0, 9.73, 10.0, 21.7, 9999.0, 23.84, 9999.0, 117.82, 127.75, 120.25, 91.25, 138.5
2024-11-07, 05:37:36, 136.48, 58.25, 22.91, 22.05, 9999.0, 9.75, 10.0, 21.7, 9999.0, 23.82, 9999.0, 117.84, 127.75, 120.25, 91.25, 138.5
2024-11-07, 05:37:40, 136.48, 58.25, 22.91, 22.05, 9999.0, 9.77, 10.0, 21.7, 9999.0, 23.82, 9999.0, 117.86, 127.75, 120.25, 91.25, 138.5
2024-11-07, 05:37:44, 136.48, 58.25, 22.89, 22.05, 9999.0, 9.8, 10.0, 21.7, 9999.0, 23.82, 9999.0, 117.89, 127.75, 120.25, 91.25, 138.5
2024-11-07, 05:37:48, 136.48, 58.25, 22.89, 22.05, 9999.0, 9.8, 10.0, 21.7, 9999.0, 23.82, 9999.0, 117.91, 127.75, 120.25, 91.25, 138.5
2024-11-07, 05:37:52, 136.48, 58.25, 22.86, 22.05, 9999.0, 9.8, 10.0, 21.7, 9999.0, 23.84, 9999.0, 117.93, 127.75, 120.25, 91.25, 138.5
2024-11-07, 05:37:56, 136.48, 58.25, 22.86, 22.05, 9999.0, 9.8, 10.0, 21.7, 9999.0, 23.86, 9999.0, 117.95, 127.75, 120.25, 91.25, 138.5
2024-11-07, 05:38:00, 136.48, 58.25, 22.86, 22.07, 9999.0, 9.75, 10.0, 21.7, 9999.0, 23.89, 9999.0, 117.98, 127.75, 120.25, 91.25, 138.5
2024-11-07, 05:38:04, 136.48, 58.25, 22.86, 22.07, 9999.0, 9.73, 10.0, 21.7, 9999.0, 23.91, 9999.0, 117.95, 127.75, 120.25, 91.25, 138.5
2024-11-07, 05:38:08, 136.5, 58.25, 22.89, 22.07, 9999.0, 9.73, 10.0, 21.7, 9999.0, 23.93, 9999.0, 117.93, 127.75, 120.25, 91.25, 138.5
2024-11-07, 05:38:12, 136.48, 58.25, 22.89, 22.07, 9999.0, 9.7, 10.0, 21.7, 9999.0, 23.95, 9999.0, 117.93, 127.75, 120.25, 91.25, 138.5
2024-11-07, 05:38:16, 136.48, 58.25, 22.89, 22.07, 9999.0, 9.68, 10.0, 21.68, 9999.0, 23.98, 9999.0, 117.91, 127.75, 120.25, 91.23, 138.5
2024-11-07, 05:38:20, 136.48, 58.25, 22.91, 22.09, 9999.0, 9.66, 10.0, 21.68, 9999.0, 24.0, 9999.0, 117.89, 127.75, 120.25, 91.23, 138.5
2024-11-07, 05:38:24, 136.48, 58.25, 22.89, 22.09, 9999.0, 9.66, 10.0, 21.68, 9999.0, 23.98, 9999.0, 117.86, 127.75, 120.25, 91.2, 138.5
2024-11-07, 05:38:28, 136.48, 58.25, 22.89, 22.09, 9999.0, 9.66, 10.0, 21.66, 9999.0, 23.98, 9999.0, 117.84, 127.75, 120.25, 91.2, 138.5
2024-11-07, 05:38:32, 136.48, 58.25, 22.89, 22.09, 9999.0, 9.66, 10.0, 21.68, 9999.0, 23.95, 9999.0, 117.82, 127.75, 120.25, 91.2, 138.5
2024-11-07, 05:38:36, 136.48, 58.25, 22.89, 22.09, 9999.0, 9.66, 10.0, 21.7, 9999.0, 23.93, 9999.0, 117.8, 127.75, 120.25, 91.2, 138.5
2024-11-07, 05:38:40, 136.48, 58.25, 22.89, 22.09, 9999.0, 9.68, 10.0, 21.7, 9999.0, 23.91, 9999.0, 117.8, 127.75, 120.25, 91.18, 138.5
2024-11-07, 05:38:44, 136.48, 58.25, 22.89, 22.09, 9999.0, 9.7, 10.0, 21.7, 9999.0, 23.89, 9999.0, 117.77, 127.75, 120.25, 91.18, 138.5
2024-11-07, 05:38:48, 136.45, 58.25, 22.86, 22.09, 9999.0, 9.7, 10.0, 21.7, 9999.0, 23.86, 9999.0, 117.8, 127.75, 120.25, 91.18, 138.5
2024-11-07, 05:38:52, 136.45, 58.25, 22.84, 22.09, 9999.0, 9.7, 10.0, 21.7, 9999.0, 23.84, 9999.0, 117.84, 127.75, 120.25, 91.18, 138.5
2024-11-07, 05:38:56, 136.48, 58.25, 22.82, 22.09, 9999.0, 9.73, 10.0, 21.7, 9999.0, 23.82, 9999.0, 117.86, 127.75, 120.25, 91.18, 138.5
2024-11-07, 05:39:00, 136.48, 58.25, 22.84, 22.07, 9999.0, 9.75, 10.0, 21.73, 9999.0, 23.82, 9999.0, 117.89, 127.75, 120.25, 91.2, 138.5
2024-11-07, 05:39:04, 136.45, 58.25, 22.84, 22.05, 9999.0, 9.77, 10.0, 21.73, 9999.0, 23.82, 9999.0, 117.91, 127.75, 120.25, 91.2, 138.5
2024-11-07, 05:39:08, 136.45, 58.25, 22.86, 22.07, 9999.0, 9.77, 10.0, 21.73, 9999.0, 23.84, 9999.0, 117.93, 127.75, 120.25, 91.23, 138.5
2024-11-07, 05:39:12, 136.45, 58.25, 22.86, 22.05, 9999.0, 9.77, 10.0, 21.75, 9999.0, 23.86, 9999.0, 117.95, 127.75, 120.25, 91.23, 138.5
2024-11-07, 05:39:16, 136.45, 58.25, 22.86, 22.05, 9999.0, 9.77, 10.0, 21.75, 9999.0, 23.91, 9999.0, 117.98, 127.75, 120.25, 91.23, 138.5
2024-11-07, 05:39:20, 136.45, 58.25, 22.89, 22.07, 9999.0, 9.75, 10.0, 21.75, 9999.0, 23.95, 9999.0, 118.0, 127.75, 120.25, 91.23, 138.5
2024-11-07, 05:39:24, 136.45, 58.25, 22.89, 22.07, 9999.0, 9.7, 10.0, 21.75, 9999.0, 24.0, 9999.0, 117.98, 127.75, 120.25, 91.25, 138.5
2024-11-07, 05:39:28, 136.45, 58.25, 22.91, 22.05, 9999.0, 9.68, 10.0, 21.75, 9999.0, 24.05, 9999.0, 117.98, 127.75, 120.25, 91.25, 138.5
2024-11-07, 05:39:32, 136.48, 58.25, 22.93, 22.05, 9999.0, 9.66, 10.0, 21.73, 9999.0, 24.07, 9999.0, 117.95, 127.75, 120.25, 91.25, 138.5
2024-11-07, 05:39:37, 136.48, 58.25, 22.93, 22.05, 9999.0, 9.64, 10.0, 21.73, 9999.0, 24.09, 9999.0, 117.91, 127.75, 120.25, 91.25, 138.5
2024-11-07, 05:39:41, 136.48, 58.25, 22.93, 22.05, 9999.0, 9.61, 10.0, 21.73, 9999.0, 24.11, 9999.0, 117.89, 127.75, 120.25, 91.23, 138.5
2024-11-07, 05:39:45, 136.45, 58.25, 22.91, 22.05, 9999.0, 9.61, 10.0, 21.73, 9999.0, 24.11, 9999.0, 117.86, 127.75, 120.25, 91.23, 138.5
2024-11-07, 05:39:49, 136.48, 58.25, 22.91, 22.05, 9999.0, 9.59, 10.0, 21.73, 9999.0, 24.11, 9999.0, 117.84, 127.75, 120.25, 91.23, 138.5
2024-11-07, 05:39:53, 136.48, 58.25, 22.89, 22.05, 9999.0, 9.59, 10.0, 21.73, 9999.0, 24.11, 9999.0, 117.82, 127.75, 120.25, 91.23, 138.5
2024-11-07, 05:39:57, 136.48, 58.25, 22.91, 22.07, 9999.0, 9.59, 10.0, 21.73, 9999.0, 24.09, 9999.0, 117.8, 127.75, 120.25, 91.23, 138.5
2024-11-07, 05:40:01, 136.45, 58.25, 22.91, 22.09, 9999.0, 9.59, 10.0, 21.73, 9999.0, 24.07, 9999.0, 117.77, 127.75, 120.25, 91.23, 138.5
2024-11-07, 05:40:05, 136.43, 58.25, 22.89, 22.09, 9999.0, 9.61, 10.0, 21.73, 9999.0, 24.05, 9999.0, 117.75, 127.75, 120.25, 91.2, 138.5
2024-11-07, 05:40:09, 136.43, 58.25, 22.86, 22.09, 9999.0, 9.64, 10.0, 21.73, 9999.0, 24.02, 9999.0, 117.77, 127.75, 120.25, 91.2, 138.5
2024-11-07, 05:40:13, 136.43, 58.25, 22.86, 22.09, 9999.0, 9.66, 10.0, 21.73, 9999.0, 23.98, 9999.0, 117.8, 127.75, 120.25, 91.18, 138.5
2024-11-07, 05:40:17, 136.43, 58.25, 22.84, 22.09, 9999.0, 9.68, 10.0, 21.75, 9999.0, 23.98, 9999.0, 117.82, 127.75, 120.25, 91.18, 138.5
2024-11-07, 05:40:21, 136.43, 58.27, 22.86, 22.09, 9999.0, 9.7, 10.0, 21.75, 9999.0, 23.98, 9999.0, 117.84, 127.75, 120.25, 91.16, 138.5
2024-11-07, 05:40:25, 136.43, 58.27, 22.89, 22.09, 9999.0, 9.73, 10.0, 21.75, 9999.0, 23.98, 9999.0, 117.86, 127.75, 120.25, 91.18, 138.5
2024-11-07, 05:40:29, 136.43, 58.27, 22.89, 22.09, 9999.0, 9.7, 10.0, 21.73, 9999.0, 23.98, 9999.0, 117.89, 127.75, 120.25, 91.18, 138.5
2024-11-07, 05:40:33, 136.43, 58.27, 22.86, 22.09, 9999.0, 9.7, 10.0, 21.73, 9999.0, 24.0, 9999.0, 117.91, 127.75, 120.25, 91.18, 138.5
2024-11-07, 05:40:37, 136.43, 58.27, 22.89, 22.09, 9999.0, 9.68, 10.0, 21.73, 9999.0, 24.0, 9999.0, 117.93, 127.75, 120.25, 91.18, 138.5
2024-11-07, 05:40:41, 136.43, 58.27, 22.89, 22.07, 9999.0, 9.66, 10.0, 21.73, 9999.0, 24.0, 9999.0, 117.93, 127.75, 120.25, 91.18, 138.5
2024-11-07, 05:40:45, 136.45, 58.27, 22.86, 22.05, 9999.0, 9.64, 10.0, 21.73, 9999.0, 24.0, 9999.0, 117.93, 127.75, 120.25, 91.18, 138.5
2024-11-07, 05:40:49, 136.48, 58.27, 22.89, 22.02, 9999.0, 9.61, 10.0, 21.7, 9999.0, 24.0, 9999.0, 117.93, 127.75, 120.25, 91.2, 138.5
2024-11-07, 05:40:53, 136.48, 58.27, 22.91, 22.02, 9999.0, 9.59, 10.0, 21.7, 9999.0, 24.0, 9999.0, 117.91, 127.75, 120.25, 91.2, 138.5
2024-11-07, 05:40:57, 136.45, 58.27, 22.91, 22.02, 9999.0, 9.57, 10.0, 21.7, 9999.0, 24.02, 9999.0, 117.89, 127.75, 120.25, 91.23, 138.5
2024-11-07, 05:41:01, 136.43, 58.27, 22.91, 22.02, 9999.0, 9.55, 10.0, 21.7, 9999.0, 24.02, 9999.0, 117.86, 127.75, 120.25, 91.23, 138.5
2024-11-07, 05:41:05, 136.43, 58.25, 22.89, 22.02, 9999.0, 9.55, 10.0, 21.7, 9999.0, 24.05, 9999.0, 117.84, 127.75, 120.25, 91.25, 138.5
2024-11-07, 05:41:09, 136.43, 58.25, 22.86, 22.02, 9999.0, 9.55, 10.0, 21.7, 9999.0, 24.05, 9999.0, 117.82, 127.75, 120.25, 91.25, 138.5
2024-11-07, 05:41:13, 136.45, 58.25, 22.86, 22.02, 9999.0, 9.57, 10.0, 21.73, 9999.0, 24.05, 9999.0, 117.77, 127.75, 120.25, 91.25, 138.5
2024-11-07, 05:41:17, 136.45, 58.25, 22.86, 22.02, 9999.0, 9.61, 10.0, 21.73, 9999.0, 24.02, 9999.0, 117.75, 127.75, 120.25, 91.25, 138.5
2024-11-07, 05:41:21, 136.45, 58.25, 22.84, 22.0, 9999.0, 9.64, 10.0, 21.73, 9999.0, 24.05, 9999.0, 117.73, 127.75, 120.25, 91.25, 138.5
2024-11-07, 05:41:25, 136.45, 58.25, 22.84, 22.0, 9999.0, 9.66, 10.0, 21.73, 9999.0, 24.05, 9999.0, 117.73, 127.75, 120.25, 91.25, 138.5
2024-11-07, 05:41:29, 136.45, 58.25, 22.84, 22.0, 9999.0, 9.68, 10.0, 21.73, 9999.0, 24.05, 9999.0, 117.75, 127.75, 120.25, 91.25, 138.5
2024-11-07, 05:41:33, 136.45, 58.25, 22.82, 22.0, 9999.0, 9.7, 10.0, 21.75, 9999.0, 24.05, 9999.0, 117.77, 127.75, 120.25, 91.25, 138.5
2024-11-07, 05:41:37, 136.45, 58.25, 22.8, 22.0, 9999.0, 9.73, 10.0, 21.75, 9999.0, 24.05, 9999.0, 117.8, 127.75, 120.25, 91.25, 138.5
2024-11-07, 05:41:41, 136.48, 58.25, 22.77, 22.0, 9999.0, 9.75, 10.0, 21.75, 9999.0, 24.07, 9999.0, 117.82, 127.75, 120.25, 91.23, 138.5
2024-11-07, 05:41:45, 136.5, 58.25, 22.77, 22.0, 9999.0, 9.75, 10.0, 21.75, 9999.0, 24.09, 9999.0, 117.84, 127.75, 120.25, 91.23, 138.5
2024-11-07, 05:41:49, 136.5, 58.25, 22.8, 22.0, 9999.0, 9.73, 10.0, 21.75, 9999.0, 24.09, 9999.0, 117.84, 127.75, 120.25, 91.23, 138.5
2024-11-07, 05:41:53, 136.5, 58.25, 22.8, 22.0, 9999.0, 9.73, 10.0, 21.75, 9999.0, 24.11, 9999.0, 117.86, 127.75, 120.25, 91.2, 138.5
2024-11-07, 05:41:57, 136.5, 58.25, 22.8, 22.02, 9999.0, 9.73, 10.0, 21.75, 9999.0, 24.14, 9999.0, 117.89, 127.75, 120.25, 91.2, 138.5
2024-11-07, 05:42:01, 136.5, 58.25, 22.8, 22.02, 9999.0, 9.68, 10.0, 21.75, 9999.0, 24.16, 9999.0, 117.89, 127.75, 120.25, 91.18, 138.5
2024-11-07, 05:42:05, 136.5, 58.25, 22.82, 22.02, 9999.0, 9.66, 10.0, 21.75, 9999.0, 24.16, 9999.0, 117.89, 127.75, 120.25, 91.18, 138.5
2024-11-07, 05:42:09, 136.5, 58.25, 22.82, 22.02, 9999.0, 9.64, 10.0, 21.75, 9999.0, 24.18, 9999.0, 117.89, 127.75, 120.25, 91.18, 138.5
2024-11-07, 05:42:13, 136.5, 58.25, 22.84, 22.02, 9999.0, 9.61, 10.0, 21.75, 9999.0, 24.2, 9999.0, 117.86, 127.75, 120.25, 91.18, 138.48
2024-11-07, 05:42:17, 136.5, 58.25, 22.84, 22.02, 9999.0, 9.59, 10.0, 21.75, 9999.0, 24.23, 9999.0, 117.84, 127.75, 120.25, 91.18, 138.48
2024-11-07, 05:42:21, 136.5, 58.25, 22.86, 22.02, 9999.0, 9.57, 10.0, 21.73, 9999.0, 24.23, 9999.0, 117.82, 127.75, 120.25, 91.18, 138.48
2024-11-07, 05:42:25, 136.5, 58.25, 22.89, 22.02, 9999.0, 9.57, 10.0, 21.7, 9999.0, 24.23, 9999.0, 117.8, 127.75, 120.25, 91.2, 138.48
2024-11-07, 05:42:29, 136.48, 58.25, 22.89, 22.02, 9999.0, 9.59, 10.0, 21.7, 9999.0, 24.23, 9999.0, 117.77, 127.75, 120.25, 91.2, 138.48
2024-11-07, 05:42:33, 136.48, 58.25, 22.89, 22.02, 9999.0, 9.61, 10.0, 21.7, 9999.0, 24.23, 9999.0, 117.75, 127.75, 120.25, 91.2, 138.48
2024-11-07, 05:42:37, 136.48, 58.25, 22.89, 22.02, 9999.0, 9.64, 10.0, 21.7, 9999.0, 24.23, 9999.0, 117.73, 127.75, 120.25, 91.2, 138.48
2024-11-07, 05:42:41, 136.48, 58.25, 22.91, 22.0, 9999.0, 9.64, 10.0, 21.7, 9999.0, 24.2, 9999.0, 117.73, 127.75, 120.25, 91.2, 138.45
2024-11-07, 05:42:45, 136.48, 58.25, 22.93, 22.0, 9999.0, 9.66, 10.0, 21.7, 9999.0, 24.18, 9999.0, 117.73, 127.75, 120.25, 91.23, 138.45
2024-11-07, 05:42:49, 136.48, 58.25, 22.93, 22.0, 9999.0, 9.68, 10.0, 21.7, 9999.0, 24.16, 9999.0, 117.75, 127.75, 120.25, 91.23, 138.45
2024-11-07, 05:42:53, 136.48, 58.25, 22.93, 22.0, 9999.0, 9.7, 10.0, 21.7, 9999.0, 24.14, 9999.0, 117.77, 127.75, 120.25, 91.23, 138.45
2024-11-07, 05:42:57, 136.45, 58.25, 22.93, 22.0, 9999.0, 9.73, 10.0, 21.7, 9999.0, 24.11, 9999.0, 117.8, 127.75, 120.25, 91.23, 138.48
2024-11-07, 05:43:01, 136.43, 58.25, 22.95, 22.0, 9999.0, 9.75, 10.0, 21.7, 9999.0, 24.11, 9999.0, 117.82, 127.75, 120.25, 91.23, 138.48
2024-11-07, 05:43:06, 136.43, 58.25, 22.93, 22.0, 9999.0, 9.77, 10.0, 21.73, 9999.0, 24.14, 9999.0, 117.84, 127.75, 120.25, 91.23, 138.48
2024-11-07, 05:43:10, 136.43, 58.25, 22.91, 22.0, 9999.0, 9.77, 10.0, 21.75, 9999.0, 24.14, 9999.0, 117.86, 127.75, 120.25, 91.23, 138.45
2024-11-07, 05:43:14, 136.45, 58.25, 22.91, 22.0, 9999.0, 9.77, 10.0, 21.75, 9999.0, 24.14, 9999.0, 117.89, 127.75, 120.25, 91.23, 138.43
2024-11-07, 05:43:18, 136.45, 58.25, 22.89, 22.0, 9999.0, 9.75, 10.0, 21.75, 9999.0, 24.14, 9999.0, 117.91, 127.75, 120.25, 91.23, 138.43
2024-11-07, 05:43:22, 136.45, 58.25, 22.89, 22.0, 9999.0, 9.7, 10.0, 21.75, 9999.0, 24.14, 9999.0, 117.93, 127.75, 120.25, 91.25, 138.43
2024-11-07, 05:43:26, 136.45, 58.25, 22.86, 22.0, 9999.0, 9.68, 10.0, 21.75, 9999.0, 24.16, 9999.0, 117.93, 127.75, 120.25, 91.25, 138.45
2024-11-07, 05:43:30, 136.45, 58.25, 22.84, 22.0, 9999.0, 9.66, 10.0, 21.75, 9999.0, 24.16, 9999.0, 117.93, 127.75, 120.25, 91.25, 138.45
2024-11-07, 05:43:34, 136.45, 58.25, 22.82, 22.0, 9999.0, 9.64, 10.0, 21.75, 9999.0, 24.16, 9999.0, 117.91, 127.75, 120.25, 91.25, 138.43
2024-11-07, 05:43:38, 136.45, 58.25, 22.8, 22.0, 9999.0, 9.61, 10.0, 21.75, 9999.0, 24.16, 9999.0, 117.89, 127.75, 120.25, 91.25, 138.43
2024-11-07, 05:43:42, 136.48, 58.25, 22.77, 22.0, 9999.0, 9.61, 10.0, 21.75, 9999.0, 24.16, 9999.0, 117.84, 127.75, 120.25, 91.23, 138.43
2024-11-07, 05:43:46, 136.5, 58.27, 22.75, 22.0, 9999.0, 9.61, 10.0, 21.75, 9999.0, 24.14, 9999.0, 117.82, 127.75, 120.25, 91.23, 138.43
2024-11-07, 05:43:50, 136.5, 58.27, 22.75, 22.0, 9999.0, 9.61, 10.0, 21.75, 9999.0, 24.11, 9999.0, 117.8, 127.75, 120.25, 91.23, 138.43
2024-11-07, 05:43:54, 136.5, 58.27, 22.75, 22.0, 9999.0, 9.64, 10.0, 21.75, 9999.0, 24.09, 9999.0, 117.75, 127.75, 120.25, 91.23, 138.45
2024-11-07, 05:43:58, 136.5, 58.27, 22.75, 22.0, 9999.0, 9.64, 10.0, 21.75, 9999.0, 24.05, 9999.0, 117.73, 127.75, 120.25, 91.23, 138.48
2024-11-07, 05:44:02, 136.5, 58.27, 22.75, 22.0, 9999.0, 9.66, 10.0, 21.75, 9999.0, 24.02, 9999.0, 117.75, 127.75, 120.25, 91.23, 138.48
2024-11-07, 05:44:06, 136.5, 58.27, 22.75, 22.0, 9999.0, 9.68, 10.0, 21.75, 9999.0, 24.0, 9999.0, 117.73, 127.75, 120.25, 91.2, 138.48
2024-11-07, 05:44:10, 136.5, 58.27, 22.77, 22.0, 9999.0, 9.7, 10.0, 21.75, 9999.0, 23.98, 9999.0, 117.75, 127.75, 120.25, 91.2, 138.48
2024-11-07, 05:44:14, 136.5, 58.27, 22.8, 22.0, 9999.0, 9.73, 10.0, 21.75, 9999.0, 23.98, 9999.0, 117.77, 127.75, 120.25, 91.2, 138.48
2024-11-07, 05:44:18, 136.48, 58.27, 22.8, 22.0, 9999.0, 9.75, 10.0, 21.75, 9999.0, 23.95, 9999.0, 117.8, 127.75, 120.25, 91.2, 138.5
2024-11-07, 05:44:22, 136.48, 58.27, 22.8, 22.0, 9999.0, 9.77, 10.0, 21.75, 9999.0, 23.95, 9999.0, 117.82, 127.75, 120.25, 91.2, 138.5
2024-11-07, 05:44:26, 136.48, 58.27, 22.8, 22.0, 9999.0, 9.77, 10.0, 21.75, 9999.0, 23.95, 9999.0, 117.86, 127.75, 120.25, 91.23, 138.5
2024-11-07, 05:44:30, 136.48, 58.25, 22.8, 22.0, 9999.0, 9.77, 10.0, 21.75, 9999.0, 23.98, 9999.0, 117.89, 127.75, 120.25, 91.23, 138.5
2024-11-07, 05:44:34, 136.48, 58.25, 22.82, 22.0, 9999.0, 9.75, 10.0, 21.73, 9999.0, 24.0, 9999.0, 117.91, 127.75, 120.25, 91.23, 138.5
2024-11-07, 05:44:38, 136.48, 58.25, 22.82, 22.0, 9999.0, 9.7, 10.0, 21.73, 9999.0, 24.02, 9999.0, 117.93, 127.75, 120.25, 91.23, 138.5
2024-11-07, 05:44:42, 136.48, 58.27, 22.82, 22.0, 9999.0, 9.68, 10.0, 21.73, 9999.0, 24.05, 9999.0, 117.93, 127.75, 120.25, 91.23, 138.48
2024-11-07, 05:44:46, 136.48, 58.27, 22.82, 22.0, 9999.0, 9.66, 10.0, 21.73, 9999.0, 24.05, 9999.0, 117.91, 127.75, 120.25, 91.23, 138.48
2024-11-07, 05:44:50, 136.48, 58.27, 22.82, 22.0, 9999.0, 9.64, 10.0, 21.73, 9999.0, 24.05, 9999.0, 117.91, 127.75, 120.25, 91.25, 138.48
2024-11-07, 05:44:54, 136.48, 58.27, 22.8, 22.0, 9999.0, 9.61, 10.0, 21.7, 9999.0, 24.05, 9999.0, 117.89, 127.75, 120.25, 91.25, 138.48
2024-11-07, 05:44:58, 136.48, 58.3, 22.77, 22.0, 9999.0, 9.59, 10.0, 21.7, 9999.0, 24.05, 9999.0, 117.86, 127.75, 120.25, 91.25, 138.48
2024-11-07, 05:45:02, 136.5, 58.3, 22.77, 22.0, 9999.0, 9.59, 10.0, 21.7, 9999.0, 24.07, 9999.0, 117.84, 127.75, 120.25, 91.25, 138.48
2024-11-07, 05:45:06, 136.5, 58.3, 22.77, 22.0, 9999.0, 9.59, 10.0, 21.7, 9999.0, 24.07, 9999.0, 117.82, 127.75, 120.25, 91.23, 138.48
2024-11-07, 05:45:10, 136.5, 58.3, 22.77, 22.0, 9999.0, 9.59, 10.0, 21.7, 9999.0, 24.07, 9999.0, 117.77, 127.75, 120.25, 91.23, 138.48
2024-11-07, 05:45:14, 136.5, 58.3, 22.77, 22.0, 9999.0, 9.61, 10.0, 21.7, 9999.0, 24.05, 9999.0, 117.75, 127.75, 120.25, 91.23, 138.45
2024-11-07, 05:45:18, 136.48, 58.3, 22.75, 22.0, 9999.0, 9.64, 10.0, 21.73, 9999.0, 24.02, 9999.0, 117.75, 127.75, 120.25, 91.23, 138.43
2024-11-07, 05:45:22, 136.48, 58.3, 22.75, 22.0, 9999.0, 9.66, 10.0, 21.73, 9999.0, 24.0, 9999.0, 117.75, 127.75, 120.25, 91.23, 138.43
2024-11-07, 05:45:26, 136.48, 58.27, 22.75, 22.0, 9999.0, 9.68, 10.0, 21.73, 9999.0, 23.98, 9999.0, 117.75, 127.73, 120.25, 91.2, 138.45
2024-11-07, 05:45:30, 136.48, 58.27, 22.75, 22.0, 9999.0, 9.7, 10.0, 21.73, 9999.0, 23.98, 9999.0, 117.77, 127.73, 120.25, 91.2, 138.45
2024-11-07, 05:45:34, 136.48, 58.27, 22.75, 22.0, 9999.0, 9.73, 10.0, 21.73, 9999.0, 23.98, 9999.0, 117.8, 127.73, 120.25, 91.2, 138.45
2024-11-07, 05:45:38, 136.48, 58.27, 22.75, 22.0, 9999.0, 9.75, 10.0, 21.75, 9999.0, 23.98, 9999.0, 117.82, 127.73, 120.25, 91.2, 138.43
2024-11-07, 05:45:42, 136.48, 58.25, 22.75, 22.0, 9999.0, 9.77, 10.0, 21.75, 9999.0, 24.0, 9999.0, 117.84, 127.73, 120.25, 91.2, 138.43
2024-11-07, 05:45:46, 136.48, 58.25, 22.77, 22.0, 9999.0, 9.77, 10.0, 21.73, 9999.0, 24.0, 9999.0, 117.86, 127.73, 120.25, 91.2, 138.41
2024-11-07, 05:45:50, 136.48, 58.25, 22.77, 22.0, 9999.0, 9.77, 10.0, 21.73, 9999.0, 24.02, 9999.0, 117.89, 127.73, 120.25, 91.23, 138.39
2024-11-07, 05:45:54, 136.48, 58.25, 22.77, 22.0, 9999.0, 9.77, 10.0, 21.73, 9999.0, 24.05, 9999.0, 117.93, 127.73, 120.25, 91.23, 138.39
2024-11-07, 05:45:58, 136.48, 58.25, 22.77, 22.0, 9999.0, 9.73, 10.0, 21.73, 9999.0, 24.07, 9999.0, 117.93, 127.73, 120.25, 91.23, 138.41
2024-11-07, 05:46:02, 136.5, 58.25, 22.77, 22.0, 9999.0, 9.7, 10.0, 21.73, 9999.0, 24.07, 9999.0, 117.91, 127.73, 120.25, 91.23, 138.43
2024-11-07, 05:46:06, 136.5, 58.25, 22.77, 22.0, 9999.0, 9.68, 10.0, 21.73, 9999.0, 24.07, 9999.0, 117.91, 127.73, 120.25, 91.23, 138.43
2024-11-07, 05:46:10, 136.5, 58.25, 22.77, 22.0, 9999.0, 9.66, 10.0, 21.73, 9999.0, 24.09, 9999.0, 117.91, 127.75, 120.25, 91.25, 138.43
2024-11-07, 05:46:14, 136.5, 58.25, 22.77, 22.0, 9999.0, 9.64, 10.0, 21.73, 9999.0, 24.09, 9999.0, 117.89, 127.75, 120.25, 91.25, 138.43
2024-11-07, 05:46:18, 136.5, 58.25, 22.77, 22.0, 9999.0, 9.61, 10.0, 21.73, 9999.0, 24.09, 9999.0, 117.86, 127.75, 120.25, 91.25, 138.43
2024-11-07, 05:46:22, 136.5, 58.25, 22.77, 22.0, 9999.0, 9.61, 10.0, 21.73, 9999.0, 24.07, 9999.0, 117.84, 127.75, 120.25, 91.25, 138.45
2024-11-07, 05:46:26, 136.5, 58.25, 22.8, 22.0, 9999.0, 9.61, 10.0, 21.73, 9999.0, 24.02, 9999.0, 117.82, 127.75, 120.25, 91.25, 138.45
2024-11-07, 05:46:30, 136.5, 58.25, 22.77, 22.0, 9999.0, 9.61, 10.0, 21.75, 9999.0, 24.0, 9999.0, 117.8, 127.75, 120.25, 91.25, 138.48
2024-11-07, 05:46:34, 136.5, 58.25, 22.77, 22.0, 9999.0, 9.64, 10.0, 21.73, 9999.0, 23.95, 9999.0, 117.77, 127.75, 120.25, 91.25, 138.5
2024-11-07, 05:46:39, 136.5, 58.25, 22.77, 22.0, 9999.0, 9.64, 10.0, 21.73, 9999.0, 23.91, 9999.0, 117.77, 127.75, 120.25, 91.25, 138.48
2024-11-07, 05:46:43, 136.5, 58.25, 22.77, 22.0, 9999.0, 9.66, 10.0, 21.73, 9999.0, 23.86, 9999.0, 117.8, 127.75, 120.25, 91.25, 138.45
2024-11-07, 05:46:47, 136.5, 58.25, 22.8, 22.0, 9999.0, 9.68, 10.0, 21.73, 9999.0, 23.84, 9999.0, 117.8, 127.75, 120.25, 91.25, 138.43
2024-11-07, 05:46:51, 136.5, 58.25, 22.8, 22.0, 9999.0, 9.7, 10.0, 21.73, 9999.0, 23.82, 9999.0, 117.82, 127.75, 120.25, 91.25, 138.43
2024-11-07, 05:46:55, 136.5, 58.25, 22.82, 22.0, 9999.0, 9.73, 10.0, 21.73, 9999.0, 23.8, 9999.0, 117.84, 127.75, 120.25, 91.25, 138.41
2024-11-07, 05:46:59, 136.5, 58.25, 22.82, 22.0, 9999.0, 9.75, 10.0, 21.73, 9999.0, 23.77, 9999.0, 117.86, 127.75, 120.25, 91.25, 138.41
2024-11-07, 05:47:03, 136.5, 58.25, 22.82, 22.0, 9999.0, 9.75, 10.0, 21.73, 9999.0, 23.77, 9999.0, 117.89, 127.75, 120.25, 91.25, 138.41
2024-11-07, 05:47:07, 136.5, 58.25, 22.84, 22.0, 9999.0, 9.75, 10.0, 21.73, 9999.0, 23.8, 9999.0, 117.91, 127.75, 120.25, 91.25, 138.41
2024-11-07, 05:47:11, 136.5, 58.25, 22.82, 22.0, 9999.0, 9.73, 10.0, 21.73, 9999.0, 23.82, 9999.0, 117.93, 127.75, 120.25, 91.25, 138.41
2024-11-07, 05:47:15, 136.5, 58.25, 22.84, 22.0, 9999.0, 9.73, 10.0, 21.73, 9999.0, 23.84, 9999.0, 117.95, 127.75, 120.25, 91.25, 138.41
2024-11-07, 05:47:19, 136.48, 58.25, 22.84, 22.0, 9999.0, 9.68, 10.0, 21.75, 9999.0, 23.86, 9999.0, 117.98, 127.75, 120.25, 91.25, 138.41
2024-11-07, 05:47:23, 136.48, 58.25, 22.84, 22.0, 9999.0, 9.66, 10.0, 21.75, 9999.0, 23.89, 9999.0, 117.95, 127.75, 120.25, 91.25, 138.43
2024-11-07, 05:47:27, 136.48, 58.25, 22.86, 22.0, 9999.0, 9.64, 10.0, 21.75, 9999.0, 23.91, 9999.0, 117.93, 127.75, 120.25, 91.25, 138.45
2024-11-07, 05:47:31, 136.48, 58.25, 22.86, 22.0, 9999.0, 9.61, 10.0, 21.75, 9999.0, 23.93, 9999.0, 117.93, 127.75, 120.25, 91.25, 138.48
2024-11-07, 05:47:35, 136.48, 58.25, 22.89, 22.0, 9999.0, 9.59, 10.0, 21.75, 9999.0, 23.95, 9999.0, 117.91, 127.75, 120.25, 91.25, 138.48
2024-11-07, 05:47:39, 136.48, 58.25, 22.89, 22.0, 9999.0, 9.57, 10.0, 21.75, 9999.0, 23.98, 9999.0, 117.89, 127.75, 120.25, 91.25, 138.5
2024-11-07, 05:47:43, 136.48, 58.25, 22.89, 22.0, 9999.0, 9.57, 10.0, 21.75, 9999.0, 24.0, 9999.0, 117.86, 127.75, 120.25, 91.25, 138.5
2024-11-07, 05:47:47, 136.48, 58.25, 22.89, 22.0, 9999.0, 9.59, 10.0, 21.75, 9999.0, 23.98, 9999.0, 117.84, 127.75, 120.25, 91.25, 138.5
2024-11-07, 05:47:51, 136.45, 58.25, 22.89, 22.0, 9999.0, 9.59, 10.0, 21.75, 9999.0, 23.95, 9999.0, 117.82, 127.75, 120.25, 91.25, 138.5
2024-11-07, 05:47:55, 136.45, 58.25, 22.89, 22.0, 9999.0, 9.61, 10.0, 21.75, 9999.0, 23.93, 9999.0, 117.8, 127.75, 120.25, 91.23, 138.5
2024-11-07, 05:47:59, 136.45, 58.25, 22.86, 22.0, 9999.0, 9.61, 10.0, 21.75, 9999.0, 23.91, 9999.0, 117.8, 127.75, 120.25, 91.23, 138.5
2024-11-07, 05:48:03, 136.48, 58.25, 22.86, 22.0, 9999.0, 9.64, 10.0, 21.75, 9999.0, 23.89, 9999.0, 117.77, 127.75, 120.25, 91.23, 138.5
2024-11-07, 05:48:07, 136.48, 58.25, 22.89, 22.0, 9999.0, 9.66, 10.0, 21.75, 9999.0, 23.86, 9999.0, 117.8, 127.75, 120.25, 91.23, 138.5
2024-11-07, 05:48:11, 136.45, 58.25, 22.86, 22.0, 9999.0, 9.68, 10.0, 21.75, 9999.0, 23.82, 9999.0, 117.82, 127.75, 120.25, 91.23, 138.5
2024-11-07, 05:48:15, 136.45, 58.25, 22.84, 22.0, 9999.0, 9.7, 10.0, 21.75, 9999.0, 23.77, 9999.0, 117.84, 127.75, 120.25, 91.23, 138.5
2024-11-07, 05:48:19, 136.45, 58.25, 22.82, 22.0, 9999.0, 9.73, 10.0, 21.75, 9999.0, 23.75, 9999.0, 117.86, 127.75, 120.25, 91.23, 138.5
2024-11-07, 05:48:23, 136.45, 58.25, 22.82, 22.0, 9999.0, 9.75, 10.0, 21.73, 9999.0, 23.73, 9999.0, 117.89, 127.75, 120.25, 91.23, 138.5
2024-11-07, 05:48:27, 136.45, 58.25, 22.84, 22.0, 9999.0, 9.75, 10.0, 21.73, 9999.0, 23.7, 9999.0, 117.91, 127.75, 120.25, 91.23, 138.5
2024-11-07, 05:48:31, 136.45, 58.25, 22.84, 22.0, 9999.0, 9.75, 10.0, 21.73, 9999.0, 23.73, 9999.0, 117.93, 127.75, 120.25, 91.23, 138.5
2024-11-07, 05:48:35, 136.48, 58.25, 22.84, 22.0, 9999.0, 9.75, 10.0, 21.73, 9999.0, 23.75, 9999.0, 117.95, 127.75, 120.25, 91.23, 138.5
2024-11-07, 05:48:39, 136.48, 58.25, 22.86, 22.0, 9999.0, 9.75, 10.0, 21.73, 9999.0, 23.77, 9999.0, 117.95, 127.75, 120.25, 91.25, 138.5
2024-11-07, 05:48:43, 136.48, 58.25, 22.86, 22.0, 9999.0, 9.73, 10.0, 21.73, 9999.0, 23.8, 9999.0, 117.93, 127.75, 120.25, 91.25, 138.5
2024-11-07, 05:48:47, 136.48, 58.25, 22.86, 22.0, 9999.0, 9.7, 10.0, 21.73, 9999.0, 23.82, 9999.0, 117.93, 127.75, 120.25, 91.25, 138.5
2024-11-07, 05:48:51, 136.48, 58.25, 22.86, 22.0, 9999.0, 9.68, 10.0, 21.7, 9999.0, 23.82, 9999.0, 117.91, 127.75, 120.25, 91.25, 138.5
2024-11-07, 05:48:55, 136.5, 58.25, 22.89, 22.0, 9999.0, 9.66, 10.0, 21.68, 9999.0, 23.84, 9999.0, 117.89, 127.75, 120.25, 91.25, 138.5
2024-11-07, 05:48:59, 136.48, 58.25, 22.89, 22.0, 9999.0, 9.64, 10.0, 21.68, 9999.0, 23.86, 9999.0, 117.86, 127.75, 120.25, 91.25, 138.5
2024-11-07, 05:49:03, 136.45, 58.25, 22.89, 22.0, 9999.0, 9.64, 10.0, 21.68, 9999.0, 23.86, 9999.0, 117.84, 127.75, 120.25, 91.23, 138.5
2024-11-07, 05:49:07, 136.45, 58.25, 22.89, 22.0, 9999.0, 9.64, 10.0, 21.7, 9999.0, 23.86, 9999.0, 117.82, 127.75, 120.25, 91.23, 138.5
2024-11-07, 05:49:11, 136.45, 58.25, 22.86, 22.0, 9999.0, 9.64, 10.0, 21.7, 9999.0, 23.86, 9999.0, 117.8, 127.75, 120.25, 91.23, 138.5
2024-11-07, 05:49:15, 136.45, 58.25, 22.89, 22.0, 9999.0, 9.66, 10.0, 21.7, 9999.0, 23.84, 9999.0, 117.77, 127.75, 120.25, 91.23, 138.5
2024-11-07, 05:49:19, 136.45, 58.25, 22.89, 22.0, 9999.0, 9.68, 10.0, 21.7, 9999.0, 23.82, 9999.0, 117.77, 127.75, 120.25, 91.23, 138.5
2024-11-07, 05:49:23, 136.45, 58.25, 22.89, 22.0, 9999.0, 9.68, 10.0, 21.7, 9999.0, 23.8, 9999.0, 117.8, 127.75, 120.25, 91.23, 138.5
2024-11-07, 05:49:27, 136.45, 58.25, 22.89, 22.0, 9999.0, 9.7, 10.0, 21.7, 9999.0, 23.77, 9999.0, 117.82, 127.75, 120.25, 91.23, 138.5
2024-11-07, 05:49:31, 136.45, 58.25, 22.89, 22.0, 9999.0, 9.73, 10.0, 21.7, 9999.0, 23.73, 9999.0, 117.84, 127.75, 120.25, 91.23, 138.5
2024-11-07, 05:49:35, 136.45, 58.25, 22.89, 22.0, 9999.0, 9.75, 10.0, 21.73, 9999.0, 23.7, 9999.0, 117.86, 127.75, 120.25, 91.23, 138.5
2024-11-07, 05:49:39, 136.45, 58.25, 22.86, 22.0, 9999.0, 9.77, 10.0, 21.75, 9999.0, 23.7, 9999.0, 117.89, 127.75, 120.25, 91.23, 138.5
2024-11-07, 05:49:43, 136.48, 58.25, 22.89, 22.0, 9999.0, 9.8, 10.0, 21.75, 9999.0, 23.7, 9999.0, 117.91, 127.75, 120.25, 91.23, 138.5
2024-11-07, 05:49:47, 136.5, 58.25, 22.89, 22.0, 9999.0, 9.8, 10.0, 21.75, 9999.0, 23.7, 9999.0, 117.93, 127.75, 120.25, 91.25, 138.5
2024-11-07, 05:49:51, 136.5, 58.25, 22.89, 22.0, 9999.0, 9.8, 10.0, 21.75, 9999.0, 23.73, 9999.0, 117.95, 127.75, 120.25, 91.25, 138.5
2024-11-07, 05:49:55, 136.5, 58.25, 22.91, 22.0, 9999.0, 9.8, 10.0, 21.75, 9999.0, 23.73, 9999.0, 117.98, 127.75, 120.25, 91.25, 138.5
2024-11-07, 05:49:59, 136.5, 58.25, 22.91, 22.0, 9999.0, 9.77, 10.0, 21.73, 9999.0, 23.73, 9999.0, 118.0, 127.75, 120.25, 91.25, 138.5
2024-11-07, 05:50:03, 136.5, 58.25, 22.89, 22.0, 9999.0, 9.73, 10.0, 21.73, 9999.0, 23.73, 9999.0, 117.98, 127.75, 120.25, 91.25, 138.5
2024-11-07, 05:50:07, 136.5, 58.25, 22.89, 22.0, 9999.0, 9.7, 10.0, 21.73, 9999.0, 23.73, 9999.0, 117.95, 127.75, 120.25, 91.25, 138.5
2024-11-07, 05:50:12, 136.5, 58.25, 22.91, 22.0, 9999.0, 9.68, 10.0, 21.73, 9999.0, 23.73, 9999.0, 117.93, 127.75, 120.25, 91.25, 138.5
2024-11-07, 05:50:16, 136.48, 58.25, 22.91, 22.0, 9999.0, 9.66, 10.0, 21.73, 9999.0, 23.75, 9999.0, 117.91, 127.75, 120.25, 91.25, 138.5
2024-11-07, 05:50:20, 136.48, 58.25, 22.89, 22.0, 9999.0, 9.64, 10.0, 21.73, 9999.0, 23.77, 9999.0, 117.89, 127.75, 120.25, 91.25, 138.5
2024-11-07, 05:50:24, 136.48, 58.25, 22.91, 22.0, 9999.0, 9.64, 10.0, 21.73, 9999.0, 23.77, 9999.0, 117.86, 127.75, 120.25, 91.23, 138.5
2024-11-07, 05:50:28, 136.45, 58.25, 22.91, 22.0, 9999.0, 9.64, 10.0, 21.73, 9999.0, 23.77, 9999.0, 117.84, 127.75, 120.25, 91.2, 138.5
2024-11-07, 05:50:32, 136.45, 58.25, 22.91, 22.0, 9999.0, 9.64, 10.0, 21.73, 9999.0, 23.77, 9999.0, 117.82, 127.75, 120.25, 91.2, 138.5
2024-11-07, 05:50:36, 136.45, 58.25, 22.89, 22.0, 9999.0, 9.66, 10.0, 21.7, 9999.0, 23.75, 9999.0, 117.8, 127.75, 120.25, 91.2, 138.5
2024-11-07, 05:50:40, 136.45, 58.25, 22.89, 22.0, 9999.0, 9.66, 10.0, 21.7, 9999.0, 23.75, 9999.0, 117.8, 127.75, 120.25, 91.2, 138.5
2024-11-07, 05:50:44, 136.45, 58.25, 22.86, 22.0, 9999.0, 9.66, 10.0, 21.73, 9999.0, 23.75, 9999.0, 117.77, 127.75, 120.25, 91.18, 138.5
2024-11-07, 05:50:48, 136.43, 58.25, 22.89, 22.0, 9999.0, 9.68, 10.0, 21.73, 9999.0, 23.75, 9999.0, 117.8, 127.75, 120.25, 91.16, 138.5
2024-11-07, 05:50:52, 136.43, 58.25, 22.89, 22.0, 9999.0, 9.7, 10.0, 21.73, 9999.0, 23.75, 9999.0, 117.82, 127.75, 120.25, 91.16, 138.5
2024-11-07, 05:50:56, 136.43, 58.25, 22.89, 22.0, 9999.0, 9.73, 10.0, 21.73, 9999.0, 23.75, 9999.0, 117.84, 127.75, 120.25, 91.16, 138.5
2024-11-07, 05:51:00, 136.45, 58.25, 22.91, 22.0, 9999.0, 9.75, 10.0, 21.73, 9999.0, 23.75, 9999.0, 117.86, 127.75, 120.25, 91.16, 138.5
2024-11-07, 05:51:04, 136.45, 58.25, 22.93, 22.0, 9999.0, 9.75, 10.0, 21.73, 9999.0, 23.75, 9999.0, 117.89, 127.75, 120.25, 91.16, 138.5
2024-11-07, 05:51:08, 136.45, 58.25, 22.93, 22.0, 9999.0, 9.75, 10.0, 21.73, 9999.0, 23.77, 9999.0, 117.91, 127.75, 120.25, 91.18, 138.5
2024-11-07, 05:51:12, 136.48, 58.25, 22.91, 22.0, 9999.0, 9.75, 10.0, 21.73, 9999.0, 23.8, 9999.0, 117.93, 127.75, 120.25, 91.2, 138.5
2024-11-07, 05:51:16, 136.48, 58.25, 22.93, 22.0, 9999.0, 9.73, 10.0, 21.73, 9999.0, 23.82, 9999.0, 117.95, 127.75, 120.25, 91.2, 138.5
2024-11-07, 05:51:20, 136.48, 58.25, 22.93, 22.0, 9999.0, 9.68, 10.0, 21.75, 9999.0, 23.84, 9999.0, 117.98, 127.75, 120.25, 91.2, 138.5
2024-11-07, 05:51:24, 136.48, 58.25, 22.93, 22.0, 9999.0, 9.66, 10.0, 21.75, 9999.0, 23.86, 9999.0, 117.95, 127.75, 120.25, 91.2, 138.5
2024-11-07, 05:51:28, 136.48, 58.25, 22.95, 22.0, 9999.0, 9.64, 10.0, 21.75, 9999.0, 23.89, 9999.0, 117.95, 127.75, 120.25, 91.23, 138.5
2024-11-07, 05:51:32, 136.5, 58.25, 22.95, 22.0, 9999.0, 9.61, 10.0, 21.75, 9999.0, 23.91, 9999.0, 117.93, 127.75, 120.25, 91.25, 138.5
2024-11-07, 05:51:36, 136.5, 58.25, 22.95, 22.02, 9999.0, 9.59, 10.0, 21.75, 9999.0, 23.93, 9999.0, 117.91, 127.75, 120.25, 91.25, 138.5
2024-11-07, 05:51:40, 136.5, 58.25, 22.95, 22.02, 9999.0, 9.59, 10.0, 21.75, 9999.0, 23.95, 9999.0, 117.89, 127.75, 120.25, 91.23, 138.5
2024-11-07, 05:51:44, 136.5, 58.25, 22.95, 22.02, 9999.0, 9.59, 10.0, 21.75, 9999.0, 23.98, 9999.0, 117.86, 127.75, 120.25, 91.2, 138.5
2024-11-07, 05:51:48, 136.5, 58.25, 22.95, 22.02, 9999.0, 9.61, 10.0, 21.75, 9999.0, 24.0, 9999.0, 117.84, 127.75, 120.25, 91.2, 138.5
2024-11-07, 05:51:52, 136.5, 58.25, 22.95, 22.02, 9999.0, 9.61, 10.0, 21.75, 9999.0, 23.98, 9999.0, 117.82, 127.75, 120.25, 91.2, 138.5
2024-11-07, 05:51:56, 136.5, 58.25, 22.98, 22.05, 9999.0, 9.64, 10.0, 21.75, 9999.0, 23.98, 9999.0, 117.82, 127.75, 120.25, 91.2, 138.5
2024-11-07, 05:52:00, 136.5, 58.25, 22.95, 22.05, 9999.0, 9.66, 10.0, 21.75, 9999.0, 23.98, 9999.0, 117.82, 127.75, 120.25, 91.18, 138.5
2024-11-07, 05:52:04, 136.5, 58.25, 22.98, 22.05, 9999.0, 9.68, 10.0, 21.75, 9999.0, 23.95, 9999.0, 117.82, 127.73, 120.25, 91.18, 138.5
2024-11-07, 05:52:08, 136.5, 58.25, 22.98, 22.07, 9999.0, 9.7, 10.0, 21.75, 9999.0, 23.93, 9999.0, 117.84, 127.73, 120.25, 91.16, 138.5
2024-11-07, 05:52:12, 136.5, 58.25, 22.98, 22.09, 9999.0, 9.73, 10.0, 21.75, 9999.0, 23.91, 9999.0, 117.86, 127.73, 120.25, 91.16, 138.5
2024-11-07, 05:52:16, 136.5, 58.25, 22.98, 22.09, 9999.0, 9.75, 10.0, 21.75, 9999.0, 23.89, 9999.0, 117.89, 127.73, 120.25, 91.16, 138.5
2024-11-07, 05:52:20, 136.5, 58.25, 22.98, 22.07, 9999.0, 9.77, 10.0, 21.75, 9999.0, 23.86, 9999.0, 117.91, 127.73, 120.25, 91.16, 138.5
2024-11-07, 05:52:24, 136.5, 58.25, 22.98, 22.07, 9999.0, 9.77, 10.0, 21.75, 9999.0, 23.84, 9999.0, 117.93, 127.73, 120.25, 91.18, 138.5
2024-11-07, 05:52:28, 136.5, 58.25, 22.98, 22.07, 9999.0, 9.77, 10.0, 21.75, 9999.0, 23.84, 9999.0, 117.95, 127.73, 120.25, 91.2, 138.5
2024-11-07, 05:52:32, 136.5, 58.25, 22.98, 22.07, 9999.0, 9.75, 10.0, 21.75, 9999.0, 23.84, 9999.0, 117.98, 127.73, 120.25, 91.2, 138.5
2024-11-07, 05:52:36, 136.5, 58.25, 22.98, 22.07, 9999.0, 9.73, 10.0, 21.75, 9999.0, 23.86, 9999.0, 117.98, 127.73, 120.25, 91.2, 138.5
2024-11-07, 05:52:40, 136.5, 58.25, 22.98, 22.07, 9999.0, 9.68, 10.0, 21.75, 9999.0, 23.86, 9999.0, 117.98, 127.73, 120.25, 91.2, 138.5
2024-11-07, 05:52:44, 136.48, 58.25, 23.0, 22.07, 9999.0, 9.66, 10.0, 21.75, 9999.0, 23.86, 9999.0, 117.95, 127.73, 120.25, 91.2, 138.5
2024-11-07, 05:52:48, 136.48, 58.25, 23.0, 22.07, 9999.0, 9.64, 10.0, 21.75, 9999.0, 23.86, 9999.0, 117.93, 127.75, 120.25, 91.2, 138.5
2024-11-07, 05:52:52, 136.48, 58.25, 23.0, 22.05, 9999.0, 9.61, 10.0, 21.73, 9999.0, 23.89, 9999.0, 117.91, 127.75, 120.25, 91.2, 138.5
2024-11-07, 05:52:56, 136.48, 58.25, 23.0, 22.02, 9999.0, 9.59, 10.0, 21.73, 9999.0, 23.91, 9999.0, 117.89, 127.75, 120.25, 91.2, 138.5
2024-11-07, 05:53:00, 136.45, 58.25, 23.0, 22.02, 9999.0, 9.59, 10.0, 21.73, 9999.0, 23.91, 9999.0, 117.86, 127.75, 120.25, 91.2, 138.5
2024-11-07, 05:53:04, 136.45, 58.25, 23.0, 22.02, 9999.0, 9.59, 10.0, 21.73, 9999.0, 23.91, 9999.0, 117.84, 127.75, 120.25, 91.2, 138.5
2024-11-07, 05:53:08, 136.45, 58.25, 22.98, 22.05, 9999.0, 9.59, 10.0, 21.73, 9999.0, 23.91, 9999.0, 117.82, 127.75, 120.25, 91.2, 138.5
2024-11-07, 05:53:12, 136.45, 58.25, 22.98, 22.05, 9999.0, 9.61, 10.0, 21.73, 9999.0, 23.89, 9999.0, 117.8, 127.75, 120.25, 91.2, 138.5
2024-11-07, 05:53:16, 136.45, 58.25, 22.98, 22.07, 9999.0, 9.64, 10.0, 21.73, 9999.0, 23.86, 9999.0, 117.8, 127.75, 120.25, 91.2, 138.5
2024-11-07, 05:53:20, 136.45, 58.25, 22.98, 22.09, 9999.0, 9.66, 10.0, 21.73, 9999.0, 23.84, 9999.0, 117.8, 127.75, 120.25, 91.2, 138.5
2024-11-07, 05:53:24, 136.45, 58.25, 22.95, 22.07, 9999.0, 9.68, 10.0, 21.73, 9999.0, 23.82, 9999.0, 117.8, 127.75, 120.25, 91.2, 138.5
2024-11-07, 05:53:28, 136.48, 58.25, 22.93, 22.07, 9999.0, 9.7, 10.0, 21.73, 9999.0, 23.8, 9999.0, 117.82, 127.75, 120.25, 91.23, 138.5
2024-11-07, 05:53:32, 136.48, 58.25, 22.91, 22.07, 9999.0, 9.73, 10.02, 21.73, 9999.0, 23.8, 9999.0, 117.84, 127.75, 120.25, 91.23, 138.5
2024-11-07, 05:53:36, 136.48, 58.27, 22.89, 22.07, 9999.0, 9.75, 10.02, 21.75, 9999.0, 23.77, 9999.0, 117.86, 127.75, 120.25, 91.25, 138.5
2024-11-07, 05:53:40, 136.48, 58.27, 22.89, 22.07, 9999.0, 9.77, 10.02, 21.75, 9999.0, 23.75, 9999.0, 117.89, 127.75, 120.25, 91.25, 138.5
2024-11-07, 05:53:44, 136.5, 58.3, 22.86, 22.07, 9999.0, 9.77, 10.02, 21.75, 9999.0, 23.75, 9999.0, 117.91, 127.75, 120.25, 91.25, 138.5
2024-11-07, 05:53:49, 136.5, 58.3, 22.84, 22.07, 9999.0, 9.77, 10.02, 21.75, 9999.0, 23.77, 9999.0, 117.93, 127.75, 120.25, 91.23, 138.5
2024-11-07, 05:53:53, 136.5, 58.3, 22.86, 22.05, 9999.0, 9.77, 10.02, 21.75, 9999.0, 23.8, 9999.0, 117.95, 127.75, 120.25, 91.2, 138.5
2024-11-07, 05:53:57, 136.5, 58.3, 22.86, 22.07, 9999.0, 9.75, 10.02, 21.75, 9999.0, 23.82, 9999.0, 117.98, 127.75, 120.25, 91.2, 138.5
2024-11-07, 05:54:01, 136.5, 58.3, 22.86, 22.05, 9999.0, 9.75, 10.02, 21.75, 9999.0, 23.84, 9999.0, 117.98, 127.75, 120.25, 91.2, 138.5
2024-11-07, 05:54:05, 136.5, 58.32, 22.86, 22.02, 9999.0, 9.75, 10.02, 21.75, 9999.0, 23.86, 9999.0, 117.98, 127.75, 120.25, 91.2, 138.5
2024-11-07, 05:54:09, 136.5, 58.32, 22.89, 22.02, 9999.0, 9.73, 10.02, 21.75, 9999.0, 23.86, 9999.0, 117.95, 127.75, 120.25, 91.2, 138.5
2024-11-07, 05:54:13, 136.5, 58.32, 22.91, 22.02, 9999.0, 9.7, 10.02, 21.75, 9999.0, 23.86, 9999.0, 117.93, 127.75, 120.25, 91.18, 138.5
2024-11-07, 05:54:17, 136.5, 58.32, 22.91, 22.02, 9999.0, 9.68, 10.0, 21.73, 9999.0, 23.86, 9999.0, 117.91, 127.75, 120.25, 91.18, 138.5
2024-11-07, 05:54:21, 136.5, 58.3, 22.93, 22.02, 9999.0, 9.68, 10.0, 21.73, 9999.0, 23.86, 9999.0, 117.89, 127.75, 120.25, 91.18, 138.5
2024-11-07, 05:54:25, 136.5, 58.3, 22.91, 22.02, 9999.0, 9.68, 10.0, 21.73, 9999.0, 23.89, 9999.0, 117.86, 127.75, 120.25, 91.18, 138.5
2024-11-07, 05:54:29, 136.5, 58.27, 22.91, 22.02, 9999.0, 9.68, 10.0, 21.73, 9999.0, 23.91, 9999.0, 117.84, 127.75, 120.25, 91.18, 138.5
2024-11-07, 05:54:33, 136.5, 58.27, 22.91, 22.02, 9999.0, 9.7, 10.0, 21.73, 9999.0, 23.89, 9999.0, 117.82, 127.75, 120.25, 91.2, 138.5
2024-11-07, 05:54:37, 136.5, 58.27, 22.91, 22.02, 9999.0, 9.7, 10.0, 21.73, 9999.0, 23.86, 9999.0, 117.8, 127.75, 120.25, 91.23, 138.5
2024-11-07, 05:54:41, 136.5, 58.27, 22.91, 22.0, 9999.0, 9.7, 10.0, 21.73, 9999.0, 23.84, 9999.0, 117.77, 127.75, 120.25, 91.23, 138.5
2024-11-07, 05:54:45, 136.5, 58.27, 22.89, 22.0, 9999.0, 9.7, 10.0, 21.73, 9999.0, 23.82, 9999.0, 117.77, 127.75, 120.25, 91.23, 138.5
2024-11-07, 05:54:49, 136.5, 58.25, 22.89, 22.0, 9999.0, 9.7, 10.0, 21.73, 9999.0, 23.8, 9999.0, 117.82, 127.75, 120.25, 91.23, 138.5
2024-11-07, 05:54:53, 136.5, 58.27, 22.86, 22.0, 9999.0, 9.73, 10.0, 21.73, 9999.0, 23.8, 9999.0, 117.84, 127.75, 120.25, 91.23, 138.5
2024-11-07, 05:54:57, 136.5, 58.3, 22.86, 22.0, 9999.0, 9.75, 10.0, 21.73, 9999.0, 23.82, 9999.0, 117.86, 127.75, 120.25, 91.25, 138.5
2024-11-07, 05:55:01, 136.5, 58.3, 22.89, 22.0, 9999.0, 9.77, 10.0, 21.75, 9999.0, 23.84, 9999.0, 117.89, 127.75, 120.25, 91.25, 138.5
2024-11-07, 05:55:05, 136.5, 58.3, 22.86, 22.0, 9999.0, 9.77, 10.0, 21.75, 9999.0, 23.84, 9999.0, 117.91, 127.75, 120.25, 91.25, 138.5
2024-11-07, 05:55:09, 136.5, 58.3, 22.89, 22.0, 9999.0, 9.75, 10.0, 21.75, 9999.0, 23.84, 9999.0, 117.93, 127.75, 120.25, 91.25, 138.5
2024-11-07, 05:55:13, 136.5, 58.3, 22.89, 22.02, 9999.0, 9.75, 10.0, 21.75, 9999.0, 23.84, 9999.0, 117.95, 127.75, 120.25, 91.25, 138.5
2024-11-07, 05:55:17, 136.5, 58.32, 22.91, 22.02, 9999.0, 9.7, 10.0, 21.73, 9999.0, 23.86, 9999.0, 117.98, 127.75, 120.25, 91.25, 138.5
2024-11-07, 05:55:21, 136.5, 58.32, 22.89, 22.02, 9999.0, 9.7, 10.0, 21.73, 9999.0, 23.89, 9999.0, 117.98, 127.75, 120.25, 91.25, 138.5
2024-11-07, 05:55:25, 136.5, 58.34, 22.89, 22.02, 9999.0, 9.68, 10.0, 21.73, 9999.0, 23.89, 9999.0, 118.0, 127.75, 120.25, 91.25, 138.5
2024-11-07, 05:55:29, 136.5, 58.36, 22.89, 22.02, 9999.0, 9.66, 10.0, 21.73, 9999.0, 23.89, 9999.0, 117.98, 127.75, 120.25, 91.25, 138.5
2024-11-07, 05:55:33, 136.5, 58.36, 22.89, 22.02, 9999.0, 9.64, 10.0, 21.73, 9999.0, 23.89, 9999.0, 117.93, 127.75, 120.25, 91.25, 138.5
2024-11-07, 05:55:37, 136.5, 58.34, 22.91, 22.02, 9999.0, 9.61, 10.0, 21.73, 9999.0, 23.89, 9999.0, 117.91, 127.75, 120.25, 91.25, 138.5
2024-11-07, 05:55:41, 136.5, 58.32, 22.89, 22.02, 9999.0, 9.61, 10.0, 21.73, 9999.0, 23.86, 9999.0, 117.89, 127.75, 120.25, 91.25, 138.5
2024-11-07, 05:55:45, 136.5, 58.32, 22.89, 22.02, 9999.0, 9.61, 10.0, 21.73, 9999.0, 23.84, 9999.0, 117.86, 127.75, 120.25, 91.25, 138.5
2024-11-07, 05:55:49, 136.5, 58.32, 22.91, 22.02, 9999.0, 9.61, 10.0, 21.73, 9999.0, 23.84, 9999.0, 117.84, 127.75, 120.25, 91.25, 138.5
2024-11-07, 05:55:53, 136.5, 58.32, 22.91, 22.02, 9999.0, 9.66, 10.0, 21.73, 9999.0, 23.82, 9999.0, 117.82, 127.75, 120.25, 91.25, 138.5
2024-11-07, 05:55:57, 136.5, 58.34, 22.93, 22.0, 9999.0, 9.68, 10.0, 21.73, 9999.0, 23.8, 9999.0, 117.82, 127.75, 120.25, 91.25, 138.5
2024-11-07, 05:56:01, 136.5, 58.34, 22.91, 22.0, 9999.0, 9.7, 10.0, 21.75, 9999.0, 23.75, 9999.0, 117.82, 127.75, 120.25, 91.25, 138.5
2024-11-07, 05:56:05, 136.5, 58.34, 22.93, 22.0, 9999.0, 9.7, 10.0, 21.75, 9999.0, 23.7, 9999.0, 117.84, 127.75, 120.25, 91.25, 138.5
2024-11-07, 05:56:09, 136.5, 58.34, 22.91, 22.0, 9999.0, 9.73, 10.0, 21.75, 9999.0, 23.7, 9999.0, 117.84, 127.75, 120.25, 91.25, 138.5
2024-11-07, 05:56:13, 136.5, 58.32, 22.93, 22.0, 9999.0, 9.75, 10.0, 21.75, 9999.0, 23.68, 9999.0, 117.86, 127.75, 120.25, 91.25, 138.5
2024-11-07, 05:56:17, 136.5, 58.32, 22.91, 22.0, 9999.0, 9.77, 10.0, 21.75, 9999.0, 23.68, 9999.0, 117.89, 127.75, 120.25, 91.25, 138.5
2024-11-07, 05:56:21, 136.5, 58.32, 22.89, 22.0, 9999.0, 9.8, 10.0, 21.75, 9999.0, 23.68, 9999.0, 117.91, 127.75, 120.25, 91.25, 138.5
2024-11-07, 05:56:25, 136.5, 58.34, 22.91, 22.0, 9999.0, 9.8, 10.0, 21.75, 9999.0, 23.68, 9999.0, 117.93, 127.75, 120.25, 91.25, 138.5
2024-11-07, 05:56:29, 136.5, 58.34, 22.91, 22.0, 9999.0, 9.8, 10.0, 21.75, 9999.0, 23.7, 9999.0, 117.95, 127.77, 120.25, 91.25, 138.5
2024-11-07, 05:56:33, 136.5, 58.34, 22.91, 22.0, 9999.0, 9.77, 10.0, 21.75, 9999.0, 23.73, 9999.0, 117.98, 127.77, 120.25, 91.25, 138.5
2024-11-07, 05:56:37, 136.5, 58.34, 22.89, 22.0, 9999.0, 9.73, 10.0, 21.75, 9999.0, 23.75, 9999.0, 118.0, 127.77, 120.25, 91.25, 138.5
2024-11-07, 05:56:41, 136.5, 58.32, 22.89, 22.0, 9999.0, 9.7, 10.0, 21.75, 9999.0, 23.77, 9999.0, 118.0, 127.77, 120.25, 91.25, 138.5
2024-11-07, 05:56:45, 136.5, 58.3, 22.91, 22.0, 9999.0, 9.68, 10.0, 21.75, 9999.0, 23.82, 9999.0, 118.0, 127.77, 120.25, 91.25, 138.5
2024-11-07, 05:56:49, 136.48, 58.3, 22.91, 22.0, 9999.0, 9.66, 10.0, 21.75, 9999.0, 23.86, 9999.0, 117.98, 127.77, 120.25, 91.25, 138.5
2024-11-07, 05:56:53, 136.48, 58.27, 22.93, 22.0, 9999.0, 9.64, 10.0, 21.75, 9999.0, 23.89, 9999.0, 117.95, 127.77, 120.25, 91.25, 138.5
2024-11-07, 05:56:57, 136.48, 58.27, 22.93, 22.0, 9999.0, 9.61, 10.0, 21.75, 9999.0, 23.93, 9999.0, 117.93, 127.77, 120.25, 91.25, 138.5
2024-11-07, 05:57:01, 136.48, 58.27, 22.93, 22.0, 9999.0, 9.61, 10.0, 21.75, 9999.0, 23.93, 9999.0, 117.91, 127.77, 120.25, 91.25, 138.5
2024-11-07, 05:57:05, 136.48, 58.27, 22.93, 22.0, 9999.0, 9.61, 10.0, 21.75, 9999.0, 23.95, 9999.0, 117.89, 127.77, 120.25, 91.25, 138.5
2024-11-07, 05:57:09, 136.45, 58.25, 22.91, 22.0, 9999.0, 9.61, 10.0, 21.75, 9999.0, 23.95, 9999.0, 117.86, 127.77, 120.25, 91.25, 138.5
2024-11-07, 05:57:13, 136.45, 58.27, 22.89, 22.0, 9999.0, 9.64, 10.0, 21.75, 9999.0, 23.93, 9999.0, 117.84, 127.75, 120.25, 91.25, 138.5
2024-11-07, 05:57:17, 136.45, 58.27, 22.89, 22.0, 9999.0, 9.68, 10.0, 21.75, 9999.0, 23.91, 9999.0, 117.84, 127.75, 120.25, 91.25, 138.5
2024-11-07, 05:57:22, 136.45, 58.27, 22.89, 22.0, 9999.0, 9.7, 10.0, 21.75, 9999.0, 23.89, 9999.0, 117.82, 127.75, 120.25, 91.25, 138.5
2024-11-07, 05:57:26, 136.45, 58.27, 22.89, 22.0, 9999.0, 9.7, 10.0, 21.75, 9999.0, 23.86, 9999.0, 117.82, 127.75, 120.25, 91.25, 138.5
2024-11-07, 05:57:30, 136.45, 58.27, 22.89, 22.02, 9999.0, 9.73, 10.02, 21.75, 9999.0, 23.84, 9999.0, 117.82, 127.75, 120.25, 91.25, 138.5
2024-11-07, 05:57:34, 136.48, 58.27, 22.89, 22.02, 9999.0, 9.75, 10.02, 21.75, 9999.0, 23.82, 9999.0, 117.84, 127.75, 120.25, 91.25, 138.5
2024-11-07, 05:57:38, 136.48, 58.27, 22.86, 22.02, 9999.0, 9.77, 10.02, 21.75, 9999.0, 23.8, 9999.0, 117.86, 127.75, 120.25, 91.25, 138.5
2024-11-07, 05:57:42, 136.48, 58.3, 22.84, 22.02, 9999.0, 9.8, 10.02, 21.75, 9999.0, 23.77, 9999.0, 117.89, 127.75, 120.25, 91.25, 138.5
2024-11-07, 05:57:46, 136.48, 58.3, 22.86, 22.02, 9999.0, 9.8, 10.02, 21.75, 9999.0, 23.77, 9999.0, 117.91, 127.75, 120.25, 91.25, 138.5
2024-11-07, 05:57:50, 136.48, 58.3, 22.89, 22.02, 9999.0, 9.8, 10.02, 21.75, 9999.0, 23.77, 9999.0, 117.93, 127.75, 120.25, 91.25, 138.5
2024-11-07, 05:57:54, 136.5, 58.3, 22.89, 22.02, 9999.0, 9.77, 10.02, 21.75, 9999.0, 23.8, 9999.0, 117.95, 127.75, 120.25, 91.25, 138.5
2024-11-07, 05:57:58, 136.5, 58.3, 22.89, 22.02, 9999.0, 9.73, 10.02, 21.75, 9999.0, 23.82, 9999.0, 117.98, 127.75, 120.25, 91.25, 138.5
2024-11-07, 05:58:02, 136.5, 58.3, 22.89, 22.02, 9999.0, 9.7, 10.02, 21.75, 9999.0, 23.84, 9999.0, 117.95, 127.75, 120.25, 91.25, 138.5
2024-11-07, 05:58:06, 136.5, 58.3, 22.91, 22.02, 9999.0, 9.68, 10.02, 21.75, 9999.0, 23.86, 9999.0, 117.98, 127.75, 120.25, 91.25, 138.5
2024-11-07, 05:58:10, 136.5, 58.3, 22.89, 22.05, 9999.0, 9.68, 10.02, 21.75, 9999.0, 23.89, 9999.0, 117.95, 127.75, 120.25, 91.25, 138.5
2024-11-07, 05:58:14, 136.5, 58.32, 22.86, 22.02, 9999.0, 9.66, 10.0, 21.75, 9999.0, 23.91, 9999.0, 117.93, 127.75, 120.25, 91.25, 138.5
2024-11-07, 05:58:18, 136.5, 58.32, 22.86, 22.02, 9999.0, 9.64, 10.0, 21.73, 9999.0, 23.93, 9999.0, 117.91, 127.75, 120.25, 91.25, 138.5
2024-11-07, 05:58:22, 136.5, 58.32, 22.89, 22.02, 9999.0, 9.64, 10.0, 21.73, 9999.0, 23.95, 9999.0, 117.89, 127.75, 120.25, 91.25, 138.5
2024-11-07, 05:58:26, 136.5, 58.3, 22.91, 22.02, 9999.0, 9.64, 10.0, 21.73, 9999.0, 23.95, 9999.0, 117.86, 127.75, 120.25, 91.25, 138.5
2024-11-07, 05:58:30, 136.5, 58.3, 22.91, 22.02, 9999.0, 9.64, 10.0, 21.7, 9999.0, 23.95, 9999.0, 117.84, 127.75, 120.25, 91.25, 138.5
2024-11-07, 05:58:34, 136.5, 58.3, 22.91, 22.02, 9999.0, 9.64, 10.0, 21.7, 9999.0, 23.93, 9999.0, 117.82, 127.75, 120.25, 91.25, 138.5
2024-11-07, 05:58:38, 136.48, 58.3, 22.93, 22.02, 9999.0, 9.66, 10.0, 21.7, 9999.0, 23.91, 9999.0, 117.82, 127.75, 120.25, 91.25, 138.5
2024-11-07, 05:58:42, 136.48, 58.27, 22.95, 22.02, 9999.0, 9.7, 10.0, 21.7, 9999.0, 23.89, 9999.0, 117.82, 127.75, 120.25, 91.25, 138.5
2024-11-07, 05:58:46, 136.45, 58.27, 22.95, 22.02, 9999.0, 9.7, 10.0, 21.7, 9999.0, 23.86, 9999.0, 117.82, 127.75, 120.25, 91.25, 138.5
2024-11-07, 05:58:50, 136.45, 58.27, 22.93, 22.02, 9999.0, 9.73, 10.0, 21.7, 9999.0, 23.82, 9999.0, 117.82, 127.75, 120.25, 91.25, 138.5
2024-11-07, 05:58:54, 136.45, 58.27, 22.95, 22.0, 9999.0, 9.73, 10.02, 21.7, 9999.0, 23.8, 9999.0, 117.84, 127.75, 120.25, 91.25, 138.5
2024-11-07, 05:58:58, 136.45, 58.25, 22.98, 22.0, 9999.0, 9.75, 10.02, 21.7, 9999.0, 23.77, 9999.0, 117.86, 127.75, 120.25, 91.25, 138.5
2024-11-07, 05:59:02, 136.45, 58.25, 22.98, 22.0, 9999.0, 9.77, 10.02, 21.73, 9999.0, 23.75, 9999.0, 117.86, 127.75, 120.25, 91.25, 138.5
2024-11-07, 05:59:06, 136.45, 58.25, 22.98, 22.0, 9999.0, 9.77, 10.02, 21.73, 9999.0, 23.73, 9999.0, 117.89, 127.75, 120.25, 91.25, 138.5
2024-11-07, 05:59:10, 136.45, 58.25, 22.98, 22.0, 9999.0, 9.75, 10.02, 21.73, 9999.0, 23.75, 9999.0, 117.91, 127.75, 120.25, 91.25, 138.5
2024-11-07, 05:59:14, 136.45, 58.25, 22.98, 22.0, 9999.0, 9.73, 10.02, 21.75, 9999.0, 23.77, 9999.0, 117.93, 127.75, 120.25, 91.25, 138.5
2024-11-07, 05:59:18, 136.45, 58.25, 22.98, 22.0, 9999.0, 9.73, 10.02, 21.73, 9999.0, 23.8, 9999.0, 117.95, 127.75, 120.25, 91.25, 138.5
2024-11-07, 05:59:22, 136.48, 58.25, 22.98, 22.0, 9999.0, 9.73, 10.02, 21.73, 9999.0, 23.82, 9999.0, 117.95, 127.75, 120.25, 91.25, 138.5
2024-11-07, 05:59:26, 136.48, 58.25, 22.98, 22.0, 9999.0, 9.68, 10.02, 21.73, 9999.0, 23.84, 9999.0, 117.93, 127.75, 120.25, 91.25, 138.5
2024-11-07, 05:59:30, 136.5, 58.25, 22.95, 22.0, 9999.0, 9.66, 10.02, 21.73, 9999.0, 23.84, 9999.0, 117.93, 127.75, 120.25, 91.25, 138.5
2024-11-07, 05:59:34, 136.5, 58.25, 22.98, 22.02, 9999.0, 9.64, 10.02, 21.73, 9999.0, 23.86, 9999.0, 117.91, 127.75, 120.25, 91.23, 138.5
2024-11-07, 05:59:38, 136.5, 58.25, 22.95, 22.02, 9999.0, 9.61, 10.0, 21.73, 9999.0, 23.86, 9999.0, 117.89, 127.75, 120.25, 91.23, 138.5
2024-11-07, 05:59:42, 136.5, 58.25, 22.95, 22.02, 9999.0, 9.61, 10.0, 21.73, 9999.0, 23.86, 9999.0, 117.86, 127.75, 120.25, 91.23, 138.5
2024-11-07, 05:59:46, 136.5, 58.25, 22.95, 22.05, 9999.0, 9.61, 10.0, 21.73, 9999.0, 23.86, 9999.0, 117.86, 127.75, 120.25, 91.23, 138.5
2024-11-07, 05:59:50, 136.5, 58.25, 22.95, 22.05, 9999.0, 9.61, 10.0, 21.73, 9999.0, 23.86, 9999.0, 117.84, 127.75, 120.25, 91.23, 138.5
2024-11-07, 05:59:54, 136.5, 58.25, 22.95, 22.05, 9999.0, 9.64, 10.0, 21.73, 9999.0, 23.84, 9999.0, 117.82, 127.75, 120.25, 91.23, 138.5
2024-11-07, 05:59:58, 136.5, 58.25, 22.93, 22.05, 9999.0, 9.68, 10.0, 21.73, 9999.0, 23.82, 9999.0, 117.82, 127.75, 120.25, 91.23, 138.5
2024-11-07, 06:00:02, 136.5, 58.25, 22.91, 22.05, 9999.0, 9.68, 10.0, 21.75, 9999.0, 23.8, 9999.0, 117.82, 127.75, 120.25, 91.23, 138.5
2024-11-07, 06:00:06, 136.5, 58.25, 22.91, 22.05, 9999.0, 9.68, 10.0, 21.75, 9999.0, 23.77, 9999.0, 117.82, 127.75, 120.25, 91.23, 138.5
2024-11-07, 06:00:10, 136.5, 58.25, 22.91, 22.07, 9999.0, 9.7, 10.0, 21.75, 9999.0, 23.75, 9999.0, 117.84, 127.75, 120.25, 91.23, 138.5
2024-11-07, 06:00:14, 136.5, 58.25, 22.93, 22.07, 9999.0, 9.73, 10.0, 21.75, 9999.0, 23.75, 9999.0, 117.89, 127.75, 120.25, 91.23, 138.5
2024-11-07, 06:00:18, 136.5, 58.25, 22.93, 22.05, 9999.0, 9.75, 10.0, 21.75, 9999.0, 23.77, 9999.0, 117.91, 127.75, 120.25, 91.25, 138.5
2024-11-07, 06:00:22, 136.5, 58.25, 22.95, 22.05, 9999.0, 9.77, 10.0, 21.75, 9999.0, 23.77, 9999.0, 117.93, 127.75, 120.25, 91.25, 138.5
2024-11-07, 06:00:26, 136.5, 58.25, 22.95, 22.05, 9999.0, 9.75, 10.0, 21.75, 9999.0, 23.8, 9999.0, 117.95, 127.75, 120.25, 91.25, 138.5
2024-11-07, 06:00:30, 136.48, 58.25, 22.95, 22.02, 9999.0, 9.73, 10.0, 21.75, 9999.0, 23.84, 9999.0, 117.98, 127.75, 120.25, 91.25, 138.5
2024-11-07, 06:00:34, 136.48, 58.25, 22.95, 22.02, 9999.0, 9.73, 10.0, 21.75, 9999.0, 23.89, 9999.0, 118.0, 127.75, 120.25, 91.23, 138.5
2024-11-07, 06:00:38, 136.48, 58.25, 22.95, 22.02, 9999.0, 9.7, 10.0, 21.75, 9999.0, 23.91, 9999.0, 118.02, 127.75, 120.25, 91.23, 138.5
2024-11-07, 06:00:42, 136.48, 58.25, 22.98, 22.02, 9999.0, 9.66, 10.0, 21.75, 9999.0, 23.93, 9999.0, 118.0, 127.75, 120.25, 91.23, 138.5
2024-11-07, 06:00:46, 136.48, 58.25, 23.0, 22.02, 9999.0, 9.64, 10.0, 21.75, 9999.0, 23.95, 9999.0, 117.98, 127.75, 120.25, 91.23, 138.5
2024-11-07, 06:00:50, 136.48, 58.25, 22.98, 22.05, 9999.0, 9.61, 10.0, 21.75, 9999.0, 23.98, 9999.0, 117.95, 127.75, 120.25, 91.23, 138.5
2024-11-07, 06:00:55, 136.48, 58.25, 22.95, 22.02, 9999.0, 9.59, 10.0, 21.75, 9999.0, 23.98, 9999.0, 117.93, 127.75, 120.25, 91.23, 138.5
2024-11-07, 06:00:59, 136.45, 58.25, 22.95, 22.02, 9999.0, 9.57, 10.0, 21.75, 9999.0, 24.0, 9999.0, 117.89, 127.75, 120.25, 91.23, 138.5
2024-11-07, 06:01:03, 136.45, 58.25, 22.95, 22.02, 9999.0, 9.57, 10.0, 21.73, 9999.0, 24.0, 9999.0, 117.86, 127.75, 120.25, 91.23, 138.5
2024-11-07, 06:01:07, 136.45, 58.25, 22.93, 22.02, 9999.0, 9.57, 10.0, 21.73, 9999.0, 24.0, 9999.0, 117.84, 127.75, 120.25, 91.23, 138.5
2024-11-07, 06:01:11, 136.45, 58.25, 22.93, 22.05, 9999.0, 9.59, 10.0, 21.73, 9999.0, 24.0, 9999.0, 117.82, 127.75, 120.25, 91.2, 138.5
2024-11-07, 06:01:15, 136.48, 58.25, 22.91, 22.07, 9999.0, 9.61, 10.0, 21.73, 9999.0, 23.95, 9999.0, 117.8, 127.75, 120.25, 91.2, 138.5
2024-11-07, 06:01:19, 136.45, 58.25, 22.91, 22.07, 9999.0, 9.61, 10.0, 21.73, 9999.0, 23.93, 9999.0, 117.8, 127.75, 120.25, 91.23, 138.5
2024-11-07, 06:01:23, 136.45, 58.25, 22.89, 22.07, 9999.0, 9.64, 10.0, 21.73, 9999.0, 23.93, 9999.0, 117.8, 127.75, 120.25, 91.23, 138.5
2024-11-07, 06:01:27, 136.45, 58.25, 22.86, 22.07, 9999.0, 9.66, 10.0, 21.73, 9999.0, 23.93, 9999.0, 117.82, 127.75, 120.25, 91.23, 138.5
2024-11-07, 06:01:31, 136.45, 58.25, 22.86, 22.07, 9999.0, 9.68, 10.0, 21.73, 9999.0, 23.91, 9999.0, 117.84, 127.75, 120.25, 91.23, 138.5
2024-11-07, 06:01:35, 136.45, 58.25, 22.89, 22.05, 9999.0, 9.7, 10.0, 21.73, 9999.0, 23.89, 9999.0, 117.86, 127.75, 120.25, 91.23, 138.5
2024-11-07, 06:01:39, 136.45, 58.25, 22.89, 22.05, 9999.0, 9.73, 10.0, 21.73, 9999.0, 23.91, 9999.0, 117.89, 127.75, 120.25, 91.23, 138.5
2024-11-07, 06:01:43, 136.48, 58.25, 22.89, 22.05, 9999.0, 9.75, 10.0, 21.7, 9999.0, 23.91, 9999.0, 117.91, 127.75, 120.25, 91.23, 138.5
2024-11-07, 06:01:47, 136.48, 58.25, 22.89, 22.05, 9999.0, 9.75, 10.0, 21.73, 9999.0, 23.91, 9999.0, 117.93, 127.75, 120.25, 91.23, 138.5
2024-11-07, 06:01:51, 136.48, 58.25, 22.91, 22.07, 9999.0, 9.73, 10.0, 21.73, 9999.0, 23.93, 9999.0, 117.95, 127.75, 120.25, 91.23, 138.5
2024-11-07, 06:01:55, 136.48, 58.25, 22.91, 22.05, 9999.0, 9.73, 10.0, 21.73, 9999.0, 23.95, 9999.0, 117.98, 127.75, 120.25, 91.25, 138.5
2024-11-07, 06:01:59, 136.48, 58.25, 22.93, 22.02, 9999.0, 9.7, 10.0, 21.73, 9999.0, 24.0, 9999.0, 117.98, 127.75, 120.25, 91.25, 138.5
2024-11-07, 06:02:03, 136.5, 58.25, 22.93, 22.02, 9999.0, 9.68, 10.0, 21.73, 9999.0, 24.0, 9999.0, 117.98, 127.75, 120.25, 91.25, 138.5
2024-11-07, 06:02:07, 136.5, 58.25, 22.95, 22.02, 9999.0, 9.66, 10.0, 21.73, 9999.0, 24.02, 9999.0, 117.95, 127.75, 120.25, 91.23, 138.5
2024-11-07, 06:02:11, 136.5, 58.27, 22.95, 22.02, 9999.0, 9.64, 10.0, 21.73, 9999.0, 24.02, 9999.0, 117.95, 127.75, 120.25, 91.2, 138.5
2024-11-07, 06:02:15, 136.5, 58.27, 22.95, 22.02, 9999.0, 9.61, 10.0, 21.73, 9999.0, 24.05, 9999.0, 117.93, 127.75, 120.25, 91.18, 138.5
2024-11-07, 06:02:19, 136.5, 58.27, 22.95, 22.02, 9999.0, 9.61, 10.0, 21.7, 9999.0, 24.07, 9999.0, 117.91, 127.75, 120.25, 91.16, 138.5
2024-11-07, 06:02:23, 136.5, 58.27, 22.95, 22.02, 9999.0, 9.61, 10.0, 21.7, 9999.0, 24.07, 9999.0, 117.89, 127.75, 120.25, 91.16, 138.5
2024-11-07, 06:02:27, 136.5, 58.27, 22.95, 22.02, 9999.0, 9.61, 10.0, 21.73, 9999.0, 24.07, 9999.0, 117.86, 127.75, 120.25, 91.16, 138.5
2024-11-07, 06:02:31, 136.5, 58.27, 22.93, 22.02, 9999.0, 9.61, 10.0, 21.73, 9999.0, 24.07, 9999.0, 117.84, 127.75, 120.25, 91.16, 138.5
2024-11-07, 06:02:35, 136.5, 58.27, 22.93, 22.0, 9999.0, 9.66, 10.0, 21.73, 9999.0, 24.07, 9999.0, 117.82, 127.75, 120.25, 91.16, 138.5
2024-11-07, 06:02:39, 136.48, 58.27, 22.93, 22.0, 9999.0, 9.66, 10.0, 21.73, 9999.0, 24.05, 9999.0, 117.82, 127.75, 120.25, 91.14, 138.5
2024-11-07, 06:02:43, 136.48, 58.27, 22.93, 22.0, 9999.0, 9.68, 10.0, 21.73, 9999.0, 24.02, 9999.0, 117.82, 127.75, 120.25, 91.11, 138.5
2024-11-07, 06:02:47, 136.48, 58.27, 22.93, 22.0, 9999.0, 9.7, 10.0, 21.73, 9999.0, 24.02, 9999.0, 117.82, 127.75, 120.25, 91.11, 138.5
2024-11-07, 06:02:51, 136.48, 58.27, 22.93, 22.0, 9999.0, 9.73, 10.0, 21.73, 9999.0, 23.98, 9999.0, 117.84, 127.75, 120.25, 91.14, 138.5
2024-11-07, 06:02:55, 136.48, 58.25, 22.95, 22.0, 9999.0, 9.75, 10.0, 21.73, 9999.0, 23.98, 9999.0, 117.84, 127.75, 120.25, 91.14, 138.5
2024-11-07, 06:02:59, 136.48, 58.25, 22.95, 22.0, 9999.0, 9.77, 10.0, 21.73, 9999.0, 23.98, 9999.0, 117.86, 127.75, 120.25, 91.16, 138.5
2024-11-07, 06:03:03, 136.48, 58.25, 22.93, 22.0, 9999.0, 9.75, 10.0, 21.75, 9999.0, 23.98, 9999.0, 117.89, 127.75, 120.25, 91.18, 138.5
2024-11-07, 06:03:07, 136.48, 58.25, 22.95, 22.0, 9999.0, 9.75, 10.0, 21.75, 9999.0, 23.98, 9999.0, 117.91, 127.75, 120.25, 91.18, 138.5
2024-11-07, 06:03:11, 136.45, 58.25, 22.93, 22.0, 9999.0, 9.75, 10.0, 21.75, 9999.0, 24.0, 9999.0, 117.93, 127.75, 120.25, 91.18, 138.5
2024-11-07, 06:03:15, 136.45, 58.25, 22.95, 22.0, 9999.0, 9.73, 10.0, 21.75, 9999.0, 24.0, 9999.0, 117.93, 127.75, 120.25, 91.18, 138.5
2024-11-07, 06:03:19, 136.45, 58.27, 22.93, 22.0, 9999.0, 9.68, 10.0, 21.75, 9999.0, 24.0, 9999.0, 117.93, 127.75, 120.25, 91.18, 138.5
2024-11-07, 06:03:23, 136.48, 58.27, 22.91, 22.0, 9999.0, 9.66, 10.0, 21.75, 9999.0, 24.0, 9999.0, 117.91, 127.75, 120.25, 91.2, 138.5
2024-11-07, 06:03:27, 136.48, 58.27, 22.89, 22.0, 9999.0, 9.64, 10.0, 21.75, 9999.0, 24.0, 9999.0, 117.91, 127.75, 120.25, 91.23, 138.5
2024-11-07, 06:03:31, 136.48, 58.27, 22.86, 22.0, 9999.0, 9.61, 10.0, 21.75, 9999.0, 24.0, 9999.0, 117.89, 127.75, 120.25, 91.23, 138.5
2024-11-07, 06:03:35, 136.48, 58.27, 22.86, 22.0, 9999.0, 9.59, 10.0, 21.75, 9999.0, 24.02, 9999.0, 117.86, 127.75, 120.25, 91.23, 138.5
2024-11-07, 06:03:39, 136.48, 58.27, 22.84, 22.0, 9999.0, 9.59, 10.0, 21.75, 9999.0, 24.02, 9999.0, 117.84, 127.75, 120.25, 91.23, 138.5
2024-11-07, 06:03:43, 136.48, 58.27, 22.82, 22.02, 9999.0, 9.59, 10.0, 21.75, 9999.0, 24.0, 9999.0, 117.82, 127.75, 120.25, 91.23, 138.5
2024-11-07, 06:03:47, 136.48, 58.27, 22.84, 22.02, 9999.0, 9.61, 10.0, 21.75, 9999.0, 24.0, 9999.0, 117.8, 127.75, 120.25, 91.23, 138.5
2024-11-07, 06:03:51, 136.48, 58.27, 22.82, 22.02, 9999.0, 9.64, 10.0, 21.75, 9999.0, 24.0, 9999.0, 117.75, 127.75, 120.25, 91.23, 138.5
2024-11-07, 06:03:55, 136.5, 58.27, 22.82, 22.02, 9999.0, 9.64, 10.0, 21.75, 9999.0, 23.98, 9999.0, 117.73, 127.75, 120.25, 91.23, 138.5
2024-11-07, 06:03:59, 136.5, 58.27, 22.8, 22.02, 9999.0, 9.66, 10.0, 21.75, 9999.0, 23.98, 9999.0, 117.75, 127.75, 120.25, 91.2, 138.5
2024-11-07, 06:04:03, 136.5, 58.25, 22.8, 22.02, 9999.0, 9.68, 10.0, 21.75, 9999.0, 23.95, 9999.0, 117.75, 127.75, 120.25, 91.2, 138.5
2024-11-07, 06:04:07, 136.5, 58.25, 22.82, 22.02, 9999.0, 9.7, 10.0, 21.75, 9999.0, 23.93, 9999.0, 117.77, 127.75, 120.25, 91.18, 138.5
2024-11-07, 06:04:11, 136.5, 58.25, 22.82, 22.02, 9999.0, 9.73, 10.0, 21.75, 9999.0, 23.91, 9999.0, 117.8, 127.75, 120.25, 91.18, 138.5
2024-11-07, 06:04:15, 136.5, 58.25, 22.82, 22.05, 9999.0, 9.75, 10.0, 21.75, 9999.0, 23.91, 9999.0, 117.82, 127.75, 120.25, 91.18, 138.5
2024-11-07, 06:04:19, 136.5, 58.25, 22.8, 22.05, 9999.0, 9.77, 10.0, 21.75, 9999.0, 23.91, 9999.0, 117.84, 127.75, 120.25, 91.18, 138.5
2024-11-07, 06:04:23, 136.5, 58.25, 22.8, 22.05, 9999.0, 9.75, 10.0, 21.75, 9999.0, 23.91, 9999.0, 117.86, 127.75, 120.25, 91.2, 138.5
2024-11-07, 06:04:28, 136.5, 58.25, 22.8, 22.02, 9999.0, 9.75, 10.0, 21.75, 9999.0, 23.95, 9999.0, 117.86, 127.75, 120.25, 91.2, 138.5
2024-11-07, 06:04:32, 136.5, 58.25, 22.77, 22.02, 9999.0, 9.73, 10.0, 21.75, 9999.0, 23.98, 9999.0, 117.86, 127.75, 120.25, 91.18, 138.5
2024-11-07, 06:04:36, 136.5, 58.25, 22.77, 22.02, 9999.0, 9.68, 10.0, 21.75, 9999.0, 24.0, 9999.0, 117.89, 127.75, 120.25, 91.18, 138.5
2024-11-07, 06:04:40, 136.5, 58.25, 22.77, 22.02, 9999.0, 9.66, 10.0, 21.75, 9999.0, 24.02, 9999.0, 117.89, 127.75, 120.25, 91.18, 138.5
2024-11-07, 06:04:44, 136.5, 58.25, 22.77, 22.02, 9999.0, 9.64, 10.0, 21.73, 9999.0, 24.05, 9999.0, 117.86, 127.75, 120.25, 91.2, 138.5
2024-11-07, 06:04:48, 136.5, 58.25, 22.77, 22.02, 9999.0, 9.61, 10.0, 21.73, 9999.0, 24.09, 9999.0, 117.86, 127.75, 120.25, 91.2, 138.5
2024-11-07, 06:04:52, 136.5, 58.27, 22.75, 22.02, 9999.0, 9.59, 10.0, 21.73, 9999.0, 24.11, 9999.0, 117.84, 127.75, 120.25, 91.23, 138.5
2024-11-07, 06:04:56, 136.5, 58.27, 22.77, 22.02, 9999.0, 9.57, 10.0, 21.73, 9999.0, 24.14, 9999.0, 117.82, 127.75, 120.25, 91.23, 138.5
2024-11-07, 06:05:00, 136.5, 58.27, 22.77, 22.0, 9999.0, 9.57, 10.0, 21.7, 9999.0, 24.14, 9999.0, 117.8, 127.75, 120.25, 91.23, 138.5
2024-11-07, 06:05:04, 136.5, 58.27, 22.77, 22.0, 9999.0, 9.57, 10.0, 21.7, 9999.0, 24.14, 9999.0, 117.77, 127.75, 120.25, 91.2, 138.5
2024-11-07, 06:05:08, 136.5, 58.3, 22.8, 22.0, 9999.0, 9.59, 10.0, 21.7, 9999.0, 24.14, 9999.0, 117.73, 127.75, 120.25, 91.2, 138.5
2024-11-07, 06:05:12, 136.5, 58.3, 22.8, 22.0, 9999.0, 9.61, 10.0, 21.7, 9999.0, 24.11, 9999.0, 117.7, 127.75, 120.25, 91.2, 138.5
2024-11-07, 06:05:16, 136.5, 58.3, 22.8, 22.0, 9999.0, 9.64, 10.0, 21.7, 9999.0, 24.09, 9999.0, 117.7, 127.75, 120.25, 91.23, 138.5
2024-11-07, 06:05:20, 136.5, 58.32, 22.82, 22.0, 9999.0, 9.66, 10.0, 21.7, 9999.0, 24.05, 9999.0, 117.7, 127.75, 120.25, 91.23, 138.5
2024-11-07, 06:05:24, 136.5, 58.32, 22.82, 22.0, 9999.0, 9.68, 10.0, 21.7, 9999.0, 24.02, 9999.0, 117.73, 127.75, 120.25, 91.23, 138.5
2024-11-07, 06:05:28, 136.5, 58.32, 22.82, 22.0, 9999.0, 9.7, 10.0, 21.73, 9999.0, 23.98, 9999.0, 117.75, 127.75, 120.25, 91.23, 138.5
2024-11-07, 06:05:32, 136.5, 58.32, 22.82, 22.0, 9999.0, 9.73, 10.0, 21.73, 9999.0, 23.93, 9999.0, 117.77, 127.75, 120.25, 91.23, 138.5
2024-11-07, 06:05:36, 136.5, 58.3, 22.82, 22.0, 9999.0, 9.75, 10.0, 21.73, 9999.0, 23.93, 9999.0, 117.8, 127.75, 120.25, 91.23, 138.5
2024-11-07, 06:05:40, 136.5, 58.3, 22.82, 22.0, 9999.0, 9.77, 10.0, 21.73, 9999.0, 23.93, 9999.0, 117.82, 127.75, 120.25, 91.23, 138.5
2024-11-07, 06:05:44, 136.5, 58.3, 22.84, 22.0, 9999.0, 9.77, 10.0, 21.75, 9999.0, 23.95, 9999.0, 117.84, 127.75, 120.25, 91.23, 138.5
2024-11-07, 06:05:48, 136.5, 58.3, 22.84, 22.0, 9999.0, 9.77, 10.0, 21.75, 9999.0, 23.98, 9999.0, 117.86, 127.75, 120.25, 91.25, 138.5
2024-11-07, 06:05:52, 136.5, 58.3, 22.82, 22.0, 9999.0, 9.77, 10.0, 21.75, 9999.0, 24.0, 9999.0, 117.91, 127.75, 120.25, 91.25, 138.48
2024-11-07, 06:05:56, 136.5, 58.32, 22.82, 22.0, 9999.0, 9.73, 10.0, 21.75, 9999.0, 24.0, 9999.0, 117.93, 127.75, 120.25, 91.25, 138.48
2024-11-07, 06:06:00, 136.5, 58.34, 22.84, 22.0, 9999.0, 9.7, 10.0, 21.75, 9999.0, 24.0, 9999.0, 117.93, 127.75, 120.25, 91.25, 138.48
2024-11-07, 06:06:04, 136.5, 58.34, 22.84, 22.0, 9999.0, 9.68, 10.0, 21.75, 9999.0, 24.02, 9999.0, 117.93, 127.75, 120.25, 91.25, 138.48
2024-11-07, 06:06:08, 136.5, 58.34, 22.84, 22.0, 9999.0, 9.66, 10.0, 21.75, 9999.0, 24.02, 9999.0, 117.91, 127.75, 120.25, 91.25, 138.48
2024-11-07, 06:06:12, 136.5, 58.36, 22.84, 22.0, 9999.0, 9.64, 10.0, 21.75, 9999.0, 24.05, 9999.0, 117.89, 127.75, 120.25, 91.25, 138.48
2024-11-07, 06:06:16, 136.5, 58.36, 22.84, 22.0, 9999.0, 9.64, 10.0, 21.75, 9999.0, 24.07, 9999.0, 117.86, 127.75, 120.25, 91.25, 138.48
2024-11-07, 06:06:20, 136.5, 58.36, 22.84, 22.0, 9999.0, 9.64, 10.0, 21.75, 9999.0, 24.07, 9999.0, 117.84, 127.75, 120.25, 91.25, 138.48
2024-11-07, 06:06:24, 136.5, 58.36, 22.82, 22.0, 9999.0, 9.64, 10.0, 21.75, 9999.0, 24.07, 9999.0, 117.82, 127.75, 120.25, 91.25, 138.48
2024-11-07, 06:06:28, 136.5, 58.36, 22.8, 22.0, 9999.0, 9.66, 10.0, 21.75, 9999.0, 24.05, 9999.0, 117.77, 127.75, 120.25, 91.25, 138.48
2024-11-07, 06:06:32, 136.5, 58.39, 22.8, 22.0, 9999.0, 9.66, 10.0, 21.75, 9999.0, 24.02, 9999.0, 117.77, 127.75, 120.25, 91.25, 138.48
2024-11-07, 06:06:36, 136.5, 58.36, 22.8, 22.0, 9999.0, 9.66, 10.0, 21.75, 9999.0, 24.0, 9999.0, 117.75, 127.75, 120.25, 91.25, 138.5
2024-11-07, 06:06:40, 136.5, 58.34, 22.8, 22.0, 9999.0, 9.68, 10.0, 21.75, 9999.0, 24.0, 9999.0, 117.77, 127.75, 120.25, 91.25, 138.5
2024-11-07, 06:06:44, 136.5, 58.32, 22.77, 22.0, 9999.0, 9.7, 10.0, 21.75, 9999.0, 24.0, 9999.0, 117.82, 127.75, 120.25, 91.25, 138.5
2024-11-07, 06:06:48, 136.5, 58.3, 22.75, 22.0, 9999.0, 9.73, 10.0, 21.75, 9999.0, 24.0, 9999.0, 117.84, 127.75, 120.25, 91.25, 138.5
2024-11-07, 06:06:52, 136.5, 58.32, 22.77, 22.0, 9999.0, 9.75, 10.0, 21.75, 9999.0, 24.02, 9999.0, 117.86, 127.75, 120.25, 91.25, 138.48
2024-11-07, 06:06:56, 136.5, 58.3, 22.77, 22.0, 9999.0, 9.77, 10.0, 21.75, 9999.0, 24.05, 9999.0, 117.89, 127.75, 120.25, 91.25, 138.45
2024-11-07, 06:07:00, 136.5, 58.3, 22.77, 22.0, 9999.0, 9.77, 10.0, 21.75, 9999.0, 24.07, 9999.0, 117.91, 127.75, 120.25, 91.25, 138.43
2024-11-07, 06:07:04, 136.5, 58.3, 22.77, 22.0, 9999.0, 9.77, 10.0, 21.75, 9999.0, 24.09, 9999.0, 117.91, 127.75, 120.25, 91.25, 138.43
2024-11-07, 06:07:08, 136.5, 58.32, 22.77, 22.0, 9999.0, 9.75, 10.0, 21.75, 9999.0, 24.11, 9999.0, 117.91, 127.75, 120.25, 91.25, 138.41
2024-11-07, 06:07:12, 136.5, 58.32, 22.77, 22.0, 9999.0, 9.7, 10.0, 21.75, 9999.0, 24.14, 9999.0, 117.93, 127.75, 120.25, 91.25, 138.41
2024-11-07, 06:07:16, 136.5, 58.3, 22.77, 22.0, 9999.0, 9.68, 10.0, 21.75, 9999.0, 24.16, 9999.0, 117.91, 127.75, 120.25, 91.25, 138.41
2024-11-07, 06:07:20, 136.5, 58.3, 22.77, 22.0, 9999.0, 9.68, 10.0, 21.75, 9999.0, 24.18, 9999.0, 117.91, 127.75, 120.25, 91.25, 138.41
2024-11-07, 06:07:24, 136.5, 58.3, 22.8, 22.0, 9999.0, 9.66, 10.0, 21.75, 9999.0, 24.2, 9999.0, 117.89, 127.75, 120.25, 91.25, 138.41
2024-11-07, 06:07:28, 136.5, 58.3, 22.8, 22.0, 9999.0, 9.64, 10.0, 21.73, 9999.0, 24.23, 9999.0, 117.84, 127.75, 120.25, 91.25, 138.41
2024-11-07, 06:07:32, 136.5, 58.3, 22.8, 22.0, 9999.0, 9.61, 10.0, 21.73, 9999.0, 24.25, 9999.0, 117.82, 127.75, 120.25, 91.25, 138.41
2024-11-07, 06:07:36, 136.5, 58.27, 22.77, 22.0, 9999.0, 9.61, 10.0, 21.73, 9999.0, 24.25, 9999.0, 117.8, 127.75, 120.25, 91.25, 138.41
2024-11-07, 06:07:40, 136.5, 58.27, 22.77, 22.02, 9999.0, 9.61, 10.0, 21.73, 9999.0, 24.25, 9999.0, 117.77, 127.75, 120.25, 91.25, 138.43
2024-11-07, 06:07:44, 136.5, 58.27, 22.8, 22.02, 9999.0, 9.61, 10.0, 21.73, 9999.0, 24.23, 9999.0, 117.73, 127.75, 120.25, 91.25, 138.45
2024-11-07, 06:07:48, 136.5, 58.27, 22.82, 22.02, 9999.0, 9.64, 10.0, 21.73, 9999.0, 24.2, 9999.0, 117.7, 127.75, 120.25, 91.25, 138.45
2024-11-07, 06:07:52, 136.5, 58.27, 22.82, 22.02, 9999.0, 9.68, 10.0, 21.73, 9999.0, 24.2, 9999.0, 117.73, 127.75, 120.25, 91.25, 138.48
2024-11-07, 06:07:56, 136.5, 58.27, 22.82, 22.02, 9999.0, 9.7, 10.0, 21.73, 9999.0, 24.18, 9999.0, 117.73, 127.75, 120.25, 91.25, 138.48
2024-11-07, 06:08:01, 136.5, 58.27, 22.82, 22.02, 9999.0, 9.73, 10.0, 21.73, 9999.0, 24.16, 9999.0, 117.75, 127.75, 120.25, 91.25, 138.48
2024-11-07, 06:08:05, 136.5, 58.27, 22.84, 22.02, 9999.0, 9.73, 10.0, 21.73, 9999.0, 24.14, 9999.0, 117.77, 127.75, 120.25, 91.25, 138.48
2024-11-07, 06:08:09, 136.5, 58.27, 22.84, 22.02, 9999.0, 9.75, 10.0, 21.73, 9999.0, 24.09, 9999.0, 117.8, 127.75, 120.25, 91.23, 138.48
2024-11-07, 06:08:13, 136.5, 58.27, 22.84, 22.02, 9999.0, 9.77, 10.0, 21.75, 9999.0, 24.07, 9999.0, 117.82, 127.75, 120.25, 91.23, 138.45
2024-11-07, 06:08:17, 136.5, 58.27, 22.84, 22.02, 9999.0, 9.8, 10.0, 21.75, 9999.0, 24.05, 9999.0, 117.84, 127.75, 120.25, 91.2, 138.43
2024-11-07, 06:08:21, 136.5, 58.27, 22.84, 22.02, 9999.0, 9.8, 10.0, 21.75, 9999.0, 24.02, 9999.0, 117.84, 127.75, 120.25, 91.2, 138.45
2024-11-07, 06:08:25, 136.5, 58.27, 22.84, 22.0, 9999.0, 9.8, 10.0, 21.75, 9999.0, 24.02, 9999.0, 117.84, 127.75, 120.25, 91.2, 138.43
2024-11-07, 06:08:29, 136.5, 58.27, 22.82, 22.0, 9999.0, 9.8, 10.0, 21.75, 9999.0, 24.05, 9999.0, 117.89, 127.75, 120.25, 91.2, 138.43
2024-11-07, 06:08:33, 136.5, 58.27, 22.8, 22.0, 9999.0, 9.77, 10.0, 21.73, 9999.0, 24.07, 9999.0, 117.91, 127.75, 120.25, 91.2, 138.43
2024-11-07, 06:08:37, 136.5, 58.25, 22.8, 22.0, 9999.0, 9.73, 10.0, 21.73, 9999.0, 24.05, 9999.0, 117.89, 127.75, 120.25, 91.2, 138.43
2024-11-07, 06:08:41, 136.5, 58.25, 22.82, 22.0, 9999.0, 9.7, 10.0, 21.73, 9999.0, 24.07, 9999.0, 117.89, 127.75, 120.25, 91.2, 138.41
2024-11-07, 06:08:45, 136.5, 58.25, 22.82, 22.0, 9999.0, 9.68, 10.0, 21.7, 9999.0, 24.09, 9999.0, 117.86, 127.75, 120.25, 91.2, 138.41
2024-11-07, 06:08:49, 136.5, 58.25, 22.8, 22.0, 9999.0, 9.66, 10.0, 21.7, 9999.0, 24.09, 9999.0, 117.84, 127.75, 120.25, 91.2, 138.41
2024-11-07, 06:08:53, 136.5, 58.25, 22.77, 22.0, 9999.0, 9.64, 10.0, 21.7, 9999.0, 24.11, 9999.0, 117.82, 127.75, 120.25, 91.23, 138.39
2024-11-07, 06:08:57, 136.5, 58.25, 22.77, 22.0, 9999.0, 9.64, 10.0, 21.7, 9999.0, 24.11, 9999.0, 117.8, 127.75, 120.25, 91.23, 138.39
2024-11-07, 06:09:01, 136.5, 58.25, 22.8, 22.0, 9999.0, 9.64, 10.0, 21.7, 9999.0, 24.11, 9999.0, 117.77, 127.75, 120.25, 91.25, 138.39
2024-11-07, 06:09:05, 136.5, 58.25, 22.8, 22.0, 9999.0, 9.64, 10.0, 21.7, 9999.0, 24.11, 9999.0, 117.75, 127.75, 120.25, 91.25, 138.39
2024-11-07, 06:09:09, 136.5, 58.25, 22.8, 22.0, 9999.0, 9.64, 10.0, 21.7, 9999.0, 24.09, 9999.0, 117.73, 127.75, 120.25, 91.25, 138.39
2024-11-07, 06:09:13, 136.5, 58.25, 22.8, 22.0, 9999.0, 9.64, 10.0, 21.7, 9999.0, 24.07, 9999.0, 117.73, 127.73, 120.25, 91.25, 138.39
2024-11-07, 06:09:17, 136.5, 58.27, 22.8, 22.0, 9999.0, 9.64, 10.0, 21.73, 9999.0, 24.05, 9999.0, 117.73, 127.73, 120.25, 91.25, 138.39
2024-11-07, 06:09:21, 136.5, 58.27, 22.82, 22.0, 9999.0, 9.66, 10.0, 21.73, 9999.0, 24.02, 9999.0, 117.75, 127.73, 120.25, 91.25, 138.36
2024-11-07, 06:09:25, 136.5, 58.27, 22.82, 22.0, 9999.0, 9.68, 10.0, 21.73, 9999.0, 23.98, 9999.0, 117.77, 127.73, 120.25, 91.25, 138.39
2024-11-07, 06:09:29, 136.5, 58.27, 22.82, 22.0, 9999.0, 9.7, 10.0, 21.75, 9999.0, 23.93, 9999.0, 117.8, 127.73, 120.25, 91.25, 138.36
2024-11-07, 06:09:33, 136.5, 58.27, 22.82, 22.0, 9999.0, 9.73, 10.0, 21.75, 9999.0, 23.93, 9999.0, 117.82, 127.73, 120.25, 91.25, 138.34
2024-11-07, 06:09:37, 136.5, 58.27, 22.82, 22.0, 9999.0, 9.75, 10.0, 21.75, 9999.0, 23.93, 9999.0, 117.82, 127.73, 120.25, 91.25, 138.34
2024-11-07, 06:09:41, 136.5, 58.27, 22.84, 22.0, 9999.0, 9.75, 10.0, 21.75, 9999.0, 23.93, 9999.0, 117.84, 127.73, 120.25, 91.23, 138.36
2024-11-07, 06:09:45, 136.5, 58.27, 22.82, 22.0, 9999.0, 9.73, 10.0, 21.75, 9999.0, 23.95, 9999.0, 117.86, 127.73, 120.25, 91.23, 138.39
2024-11-07, 06:09:49, 136.5, 58.27, 22.82, 22.0, 9999.0, 9.73, 10.0, 21.75, 9999.0, 23.98, 9999.0, 117.91, 127.73, 120.25, 91.23, 138.39
2024-11-07, 06:09:53, 136.5, 58.27, 22.82, 22.0, 9999.0, 9.7, 10.0, 21.73, 9999.0, 24.0, 9999.0, 117.95, 127.73, 120.25, 91.23, 138.41
2024-11-07, 06:09:57, 136.5, 58.27, 22.82, 22.0, 9999.0, 9.68, 10.0, 21.73, 9999.0, 24.0, 9999.0, 117.93, 127.75, 120.25, 91.23, 138.39
2024-11-07, 06:10:01, 136.5, 58.25, 22.82, 22.0, 9999.0, 9.66, 10.0, 21.7, 9999.0, 24.0, 9999.0, 117.93, 127.75, 120.25, 91.23, 138.39
2024-11-07, 06:10:05, 136.5, 58.25, 22.82, 22.0, 9999.0, 9.64, 10.0, 21.7, 9999.0, 24.02, 9999.0, 117.91, 127.75, 120.25, 91.23, 138.41
2024-11-07, 06:10:09, 136.5, 58.25, 22.8, 22.0, 9999.0, 9.61, 10.0, 21.7, 9999.0, 24.05, 9999.0, 117.89, 127.75, 120.25, 91.23, 138.41
2024-11-07, 06:10:13, 136.5, 58.25, 22.8, 22.0, 9999.0, 9.61, 10.0, 21.7, 9999.0, 24.07, 9999.0, 117.86, 127.75, 120.25, 91.23, 138.43
2024-11-07, 06:10:17, 136.5, 58.25, 22.8, 22.0, 9999.0, 9.61, 10.0, 21.68, 9999.0, 24.07, 9999.0, 117.84, 127.75, 120.25, 91.2, 138.45
2024-11-07, 06:10:21, 136.5, 58.25, 22.8, 22.0, 9999.0, 9.59, 10.0, 21.68, 9999.0, 24.07, 9999.0, 117.84, 127.75, 120.25, 91.2, 138.48
2024-11-07, 06:10:25, 136.5, 58.25, 22.77, 22.0, 9999.0, 9.59, 10.0, 21.68, 9999.0, 24.07, 9999.0, 117.82, 127.75, 120.25, 91.2, 138.48
2024-11-07, 06:10:29, 136.5, 58.25, 22.8, 22.0, 9999.0, 9.64, 10.0, 21.68, 9999.0, 24.02, 9999.0, 117.8, 127.75, 120.25, 91.2, 138.48
2024-11-07, 06:10:33, 136.5, 58.25, 22.8, 22.0, 9999.0, 9.64, 10.0, 21.66, 9999.0, 23.98, 9999.0, 117.8, 127.75, 120.25, 91.2, 138.45
2024-11-07, 06:10:37, 136.5, 58.25, 22.82, 22.0, 9999.0, 9.66, 10.0, 21.68, 9999.0, 23.93, 9999.0, 117.8, 127.75, 120.25, 91.2, 138.45
2024-11-07, 06:10:41, 136.48, 58.25, 22.84, 22.0, 9999.0, 9.68, 10.0, 21.68, 9999.0, 23.91, 9999.0, 117.82, 127.75, 120.25, 91.2, 138.45
2024-11-07, 06:10:45, 136.48, 58.25, 22.84, 22.0, 9999.0, 9.7, 10.0, 21.7, 9999.0, 23.89, 9999.0, 117.84, 127.75, 120.25, 91.2, 138.45
2024-11-07, 06:10:49, 136.48, 58.25, 22.82, 22.0, 9999.0, 9.73, 10.0, 21.7, 9999.0, 23.86, 9999.0, 117.86, 127.75, 120.25, 91.2, 138.43
2024-11-07, 06:10:53, 136.48, 58.25, 22.82, 22.0, 9999.0, 9.75, 10.0, 21.7, 9999.0, 23.86, 9999.0, 117.89, 127.75, 120.25, 91.2, 138.43
2024-11-07, 06:10:57, 136.48, 58.25, 22.82, 22.0, 9999.0, 9.75, 10.0, 21.7, 9999.0, 23.84, 9999.0, 117.91, 127.75, 120.25, 91.2, 138.43
2024-11-07, 06:11:01, 136.48, 58.25, 22.84, 22.0, 9999.0, 9.75, 10.0, 21.73, 9999.0, 23.84, 9999.0, 117.93, 127.75, 120.25, 91.23, 138.43
2024-11-07, 06:11:05, 136.48, 58.25, 22.84, 22.0, 9999.0, 9.75, 10.0, 21.73, 9999.0, 23.84, 9999.0, 117.95, 127.75, 120.25, 91.23, 138.43
2024-11-07, 06:11:09, 136.48, 58.25, 22.84, 22.0, 9999.0, 9.73, 10.0, 21.73, 9999.0, 23.84, 9999.0, 117.95, 127.75, 120.25, 91.25, 138.43
2024-11-07, 06:11:13, 136.48, 58.25, 22.82, 22.0, 9999.0, 9.68, 10.0, 21.73, 9999.0, 23.86, 9999.0, 117.95, 127.75, 120.25, 91.25, 138.43
2024-11-07, 06:11:17, 136.48, 58.25, 22.82, 22.0, 9999.0, 9.66, 10.0, 21.75, 9999.0, 23.89, 9999.0, 117.93, 127.75, 120.25, 91.25, 138.45
2024-11-07, 06:11:21, 136.48, 58.25, 22.82, 22.0, 9999.0, 9.64, 10.0, 21.75, 9999.0, 23.91, 9999.0, 117.91, 127.75, 120.25, 91.25, 138.45
2024-11-07, 06:11:25, 136.48, 58.25, 22.8, 22.0, 9999.0, 9.61, 10.0, 21.75, 9999.0, 23.91, 9999.0, 117.89, 127.75, 120.25, 91.25, 138.48
2024-11-07, 06:11:29, 136.45, 58.25, 22.82, 22.02, 9999.0, 9.59, 10.0, 21.75, 9999.0, 23.91, 9999.0, 117.86, 127.75, 120.25, 91.25, 138.48
2024-11-07, 06:11:34, 136.45, 58.25, 22.82, 22.02, 9999.0, 9.59, 10.0, 21.75, 9999.0, 23.91, 9999.0, 117.84, 127.75, 120.25, 91.25, 138.5
2024-11-07, 06:11:38, 136.45, 58.25, 22.82, 22.02, 9999.0, 9.59, 10.0, 21.75, 9999.0, 23.89, 9999.0, 117.82, 127.75, 120.25, 91.25, 138.48
2024-11-07, 06:11:42, 136.45, 58.25, 22.84, 22.02, 9999.0, 9.59, 10.0, 21.75, 9999.0, 23.89, 9999.0, 117.77, 127.75, 120.25, 91.25, 138.48
2024-11-07, 06:11:46, 136.45, 58.25, 22.82, 22.02, 9999.0, 9.61, 10.0, 21.75, 9999.0, 23.86, 9999.0, 117.75, 127.75, 120.25, 91.25, 138.48
2024-11-07, 06:11:50, 136.45, 58.25, 22.82, 22.02, 9999.0, 9.64, 10.0, 21.75, 9999.0, 23.84, 9999.0, 117.75, 127.75, 120.25, 91.25, 138.48
2024-11-07, 06:11:54, 136.45, 58.25, 22.84, 22.02, 9999.0, 9.66, 10.0, 21.75, 9999.0, 23.82, 9999.0, 117.75, 127.75, 120.25, 91.25, 138.48
2024-11-07, 06:11:58, 136.45, 58.25, 22.86, 22.02, 9999.0, 9.68, 10.0, 21.75, 9999.0, 23.8, 9999.0, 117.75, 127.75, 120.25, 91.25, 138.48
2024-11-07, 06:12:02, 136.45, 58.25, 22.89, 22.02, 9999.0, 9.7, 10.0, 21.75, 9999.0, 23.77, 9999.0, 117.77, 127.75, 120.25, 91.25, 138.45
2024-11-07, 06:12:06, 136.45, 58.25, 22.89, 22.05, 9999.0, 9.73, 10.0, 21.75, 9999.0, 23.75, 9999.0, 117.8, 127.75, 120.25, 91.25, 138.45
2024-11-07, 06:12:10, 136.48, 58.25, 22.91, 22.07, 9999.0, 9.75, 10.0, 21.75, 9999.0, 23.75, 9999.0, 117.82, 127.75, 120.25, 91.25, 138.45
2024-11-07, 06:12:14, 136.48, 58.25, 22.91, 22.05, 9999.0, 9.77, 10.0, 21.73, 9999.0, 23.77, 9999.0, 117.84, 127.75, 120.25, 91.25, 138.45
2024-11-07, 06:12:18, 136.48, 58.25, 22.93, 22.05, 9999.0, 9.77, 10.0, 21.73, 9999.0, 23.8, 9999.0, 117.86, 127.75, 120.25, 91.25, 138.45
2024-11-07, 06:12:22, 136.48, 58.25, 22.95, 22.05, 9999.0, 9.77, 10.0, 21.7, 9999.0, 23.84, 9999.0, 117.89, 127.75, 120.25, 91.23, 138.48
2024-11-07, 06:12:26, 136.45, 58.25, 22.95, 22.05, 9999.0, 9.75, 10.0, 21.7, 9999.0, 23.89, 9999.0, 117.93, 127.75, 120.25, 91.23, 138.48
2024-11-07, 06:12:30, 136.45, 58.25, 22.98, 22.05, 9999.0, 9.7, 10.0, 21.68, 9999.0, 23.91, 9999.0, 117.95, 127.75, 120.25, 91.2, 138.48
2024-11-07, 06:12:34, 136.45, 58.25, 23.0, 22.05, 9999.0, 9.68, 10.0, 21.68, 9999.0, 23.93, 9999.0, 117.93, 127.75, 120.25, 91.18, 138.45
2024-11-07, 06:12:38, 136.43, 58.25, 23.0, 22.05, 9999.0, 9.66, 10.0, 21.68, 9999.0, 23.95, 9999.0, 117.93, 127.75, 120.25, 91.16, 138.45
2024-11-07, 06:12:42, 136.43, 58.25, 22.98, 22.05, 9999.0, 9.64, 10.0, 21.66, 9999.0, 23.98, 9999.0, 117.93, 127.75, 120.25, 91.14, 138.45
2024-11-07, 06:12:46, 136.43, 58.25, 22.98, 22.05, 9999.0, 9.61, 10.0, 21.66, 9999.0, 24.0, 9999.0, 117.91, 127.75, 120.25, 91.11, 138.48
2024-11-07, 06:12:50, 136.43, 58.25, 22.95, 22.02, 9999.0, 9.59, 9.98, 21.66, 9999.0, 24.02, 9999.0, 117.89, 127.75, 120.25, 91.09, 138.48
2024-11-07, 06:12:54, 136.43, 58.25, 22.93, 22.0, 9999.0, 9.59, 9.98, 21.64, 9999.0, 24.05, 9999.0, 117.86, 127.75, 120.25, 91.07, 138.48
2024-11-07, 06:12:58, 136.45, 58.25, 22.93, 22.0, 9999.0, 9.59, 9.98, 21.66, 9999.0, 24.02, 9999.0, 117.84, 127.75, 120.25, 91.07, 138.48
2024-11-07, 06:13:02, 136.45, 58.25, 22.91, 22.0, 9999.0, 9.59, 9.98, 21.66, 9999.0, 24.0, 9999.0, 117.82, 127.73, 120.25, 91.07, 138.48
2024-11-07, 06:13:06, 136.45, 58.25, 22.89, 22.0, 9999.0, 9.61, 9.98, 21.68, 9999.0, 23.95, 9999.0, 117.8, 127.73, 120.25, 91.09, 138.48
2024-11-07, 06:13:10, 136.48, 58.25, 22.89, 22.0, 9999.0, 9.64, 9.98, 21.68, 9999.0, 23.91, 9999.0, 117.8, 127.73, 120.25, 91.07, 138.48
2024-11-07, 06:13:14, 136.48, 58.25, 22.86, 22.0, 9999.0, 9.66, 9.98, 21.7, 9999.0, 23.89, 9999.0, 117.77, 127.73, 120.25, 91.09, 138.48
2024-11-07, 06:13:18, 136.48, 58.25, 22.84, 22.0, 9999.0, 9.68, 9.98, 21.7, 9999.0, 23.86, 9999.0, 117.8, 127.73, 120.25, 91.11, 138.5
2024-11-07, 06:13:22, 136.5, 58.25, 22.82, 22.0, 9999.0, 9.7, 9.98, 21.7, 9999.0, 23.84, 9999.0, 117.82, 127.73, 120.25, 91.14, 138.5
2024-11-07, 06:13:26, 136.5, 58.25, 22.82, 22.0, 9999.0, 9.73, 9.98, 21.73, 9999.0, 23.82, 9999.0, 117.84, 127.73, 120.25, 91.16, 138.5
2024-11-07, 06:13:30, 136.48, 58.25, 22.82, 22.02, 9999.0, 9.75, 9.98, 21.73, 9999.0, 23.82, 9999.0, 117.86, 127.73, 120.25, 91.16, 138.5
2024-11-07, 06:13:34, 136.48, 58.25, 22.82, 22.05, 9999.0, 9.77, 10.0, 21.73, 9999.0, 23.82, 9999.0, 117.89, 127.73, 120.25, 91.18, 138.5
2024-11-07, 06:13:38, 136.48, 58.27, 22.82, 22.05, 9999.0, 9.77, 10.0, 21.75, 9999.0, 23.82, 9999.0, 117.91, 127.73, 120.25, 91.2, 138.5
2024-11-07, 06:13:42, 136.48, 58.27, 22.82, 22.05, 9999.0, 9.75, 10.0, 21.75, 9999.0, 23.84, 9999.0, 117.93, 127.73, 120.25, 91.2, 138.5
2024-11-07, 06:13:46, 136.45, 58.27, 22.82, 22.05, 9999.0, 9.73, 10.0, 21.73, 9999.0, 23.86, 9999.0, 117.95, 127.75, 120.25, 91.2, 138.5
2024-11-07, 06:13:50, 136.45, 58.27, 22.84, 22.05, 9999.0, 9.68, 10.0, 21.73, 9999.0, 23.89, 9999.0, 117.98, 127.75, 120.25, 91.2, 138.5
2024-11-07, 06:13:54, 136.45, 58.27, 22.84, 22.05, 9999.0, 9.66, 10.0, 21.73, 9999.0, 23.91, 9999.0, 117.95, 127.75, 120.25, 91.23, 138.5
2024-11-07, 06:13:58, 136.45, 58.27, 22.86, 22.05, 9999.0, 9.64, 10.0, 21.73, 9999.0, 23.93, 9999.0, 117.95, 127.75, 120.25, 91.23, 138.5
2024-11-07, 06:14:02, 136.43, 58.27, 22.89, 22.05, 9999.0, 9.61, 10.0, 21.73, 9999.0, 23.95, 9999.0, 117.93, 127.75, 120.25, 91.23, 138.5
2024-11-07, 06:14:06, 136.43, 58.27, 22.91, 22.05, 9999.0, 9.59, 10.0, 21.73, 9999.0, 23.98, 9999.0, 117.91, 127.75, 120.25, 91.23, 138.5
2024-11-07, 06:14:10, 136.43, 58.27, 22.91, 22.05, 9999.0, 9.57, 10.0, 21.73, 9999.0, 24.0, 9999.0, 117.89, 127.75, 120.25, 91.2, 138.5
2024-11-07, 06:14:14, 136.45, 58.27, 22.91, 22.02, 9999.0, 9.57, 10.0, 21.73, 9999.0, 23.98, 9999.0, 117.86, 127.75, 120.25, 91.23, 138.5
2024-11-07, 06:14:18, 136.45, 58.27, 22.93, 22.02, 9999.0, 9.57, 10.0, 21.73, 9999.0, 23.95, 9999.0, 117.84, 127.75, 120.25, 91.23, 138.5
2024-11-07, 06:14:22, 136.43, 58.25, 22.93, 22.02, 9999.0, 9.57, 10.0, 21.73, 9999.0, 23.95, 9999.0, 117.82, 127.75, 120.25, 91.23, 138.5
2024-11-07, 06:14:26, 136.43, 58.25, 22.91, 22.02, 9999.0, 9.59, 10.0, 21.73, 9999.0, 23.95, 9999.0, 117.8, 127.75, 120.25, 91.23, 138.5
2024-11-07, 06:14:30, 136.45, 58.25, 22.93, 22.02, 9999.0, 9.61, 10.0, 21.75, 9999.0, 23.95, 9999.0, 117.8, 127.75, 120.25, 91.23, 138.5
2024-11-07, 06:14:34, 136.45, 58.25, 22.93, 22.02, 9999.0, 9.64, 10.0, 21.75, 9999.0, 23.95, 9999.0, 117.8, 127.75, 120.25, 91.23, 138.48
2024-11-07, 06:14:38, 136.45, 58.25, 22.93, 22.02, 9999.0, 9.66, 10.0, 21.75, 9999.0, 23.95, 9999.0, 117.82, 127.75, 120.25, 91.2, 138.48
2024-11-07, 06:14:42, 136.45, 58.25, 22.91, 22.02, 9999.0, 9.68, 10.0, 21.73, 9999.0, 23.95, 9999.0, 117.86, 127.75, 120.25, 91.2, 138.48
2024-11-07, 06:14:46, 136.48, 58.25, 22.89, 22.02, 9999.0, 9.7, 10.0, 21.73, 9999.0, 23.93, 9999.0, 117.89, 127.75, 120.25, 91.2, 138.48
2024-11-07, 06:14:50, 136.48, 58.25, 22.89, 22.02, 9999.0, 9.73, 10.0, 21.7, 9999.0, 23.93, 9999.0, 117.91, 127.75, 120.25, 91.2, 138.48
2024-11-07, 06:14:54, 136.48, 58.25, 22.89, 22.02, 9999.0, 9.75, 10.0, 21.7, 9999.0, 23.93, 9999.0, 117.93, 127.75, 120.25, 91.23, 138.48
2024-11-07, 06:14:58, 136.48, 58.25, 22.89, 22.02, 9999.0, 9.75, 10.0, 21.68, 9999.0, 23.95, 9999.0, 117.95, 127.75, 120.25, 91.23, 138.48
2024-11-07, 06:15:02, 136.48, 58.25, 22.89, 22.0, 9999.0, 9.73, 10.0, 21.66, 9999.0, 23.98, 9999.0, 117.98, 127.75, 120.25, 91.23, 138.48
2024-11-07, 06:15:06, 136.5, 58.25, 22.91, 22.0, 9999.0, 9.7, 10.0, 21.66, 9999.0, 23.98, 9999.0, 118.0, 127.75, 120.25, 91.23, 138.48
2024-11-07, 06:15:10, 136.5, 58.25, 22.93, 22.0, 9999.0, 9.68, 10.0, 21.66, 9999.0, 23.98, 9999.0, 118.0, 127.75, 120.25, 91.23, 138.48
2024-11-07, 06:15:15, 136.5, 58.25, 22.91, 22.0, 9999.0, 9.66, 10.0, 21.66, 9999.0, 23.98, 9999.0, 117.98, 127.75, 120.25, 91.23, 138.48
2024-11-07, 06:15:19, 136.5, 58.25, 22.89, 22.0, 9999.0, 9.64, 10.0, 21.66, 9999.0, 23.98, 9999.0, 117.95, 127.75, 120.25, 91.23, 138.5
2024-11-07, 06:15:23, 136.5, 58.25, 22.86, 22.0, 9999.0, 9.61, 10.0, 21.64, 9999.0, 23.95, 9999.0, 117.93, 127.75, 120.25, 91.25, 138.5
2024-11-07, 06:15:27, 136.5, 58.25, 22.89, 22.0, 9999.0, 9.59, 10.0, 21.66, 9999.0, 23.93, 9999.0, 117.89, 127.73, 120.25, 91.25, 138.5
2024-11-07, 06:15:31, 136.5, 58.25, 22.89, 22.0, 9999.0, 9.59, 10.0, 21.66, 9999.0, 23.93, 9999.0, 117.86, 127.73, 120.25, 91.25, 138.5
2024-11-07, 06:15:35, 136.5, 58.25, 22.86, 22.02, 9999.0, 9.59, 10.0, 21.68, 9999.0, 23.91, 9999.0, 117.84, 127.73, 120.25, 91.23, 138.5
2024-11-07, 06:15:39, 136.5, 58.25, 22.89, 22.05, 9999.0, 9.59, 10.0, 21.68, 9999.0, 23.89, 9999.0, 117.82, 127.73, 120.25, 91.23, 138.5
2024-11-07, 06:15:43, 136.5, 58.25, 22.89, 22.05, 9999.0, 9.61, 10.0, 21.7, 9999.0, 23.86, 9999.0, 117.8, 127.73, 120.25, 91.23, 138.5
2024-11-07, 06:15:47, 136.5, 58.25, 22.89, 22.05, 9999.0, 9.66, 10.0, 21.73, 9999.0, 23.84, 9999.0, 117.77, 127.73, 120.25, 91.23, 138.5
2024-11-07, 06:15:51, 136.48, 58.25, 22.86, 22.05, 9999.0, 9.68, 10.0, 21.73, 9999.0, 23.82, 9999.0, 117.77, 127.73, 120.25, 91.23, 138.5
2024-11-07, 06:15:55, 136.48, 58.25, 22.84, 22.05, 9999.0, 9.7, 10.0, 21.73, 9999.0, 23.8, 9999.0, 117.8, 127.73, 120.25, 91.23, 138.5
2024-11-07, 06:15:59, 136.48, 58.25, 22.84, 22.05, 9999.0, 9.73, 10.0, 21.73, 9999.0, 23.77, 9999.0, 117.82, 127.73, 120.25, 91.23, 138.5
2024-11-07, 06:16:03, 136.48, 58.25, 22.86, 22.05, 9999.0, 9.75, 10.0, 21.73, 9999.0, 23.75, 9999.0, 117.84, 127.73, 120.25, 91.23, 138.5
2024-11-07, 06:16:07, 136.48, 58.25, 22.86, 22.05, 9999.0, 9.77, 10.0, 21.75, 9999.0, 23.75, 9999.0, 117.86, 127.73, 120.25, 91.23, 138.5
2024-11-07, 06:16:11, 136.48, 58.25, 22.84, 22.05, 9999.0, 9.8, 10.0, 21.75, 9999.0, 23.77, 9999.0, 117.89, 127.75, 120.25, 91.23, 138.5
2024-11-07, 06:16:15, 136.48, 58.25, 22.84, 22.05, 9999.0, 9.8, 10.0, 21.75, 9999.0, 23.8, 9999.0, 117.91, 127.75, 120.25, 91.23, 138.5
2024-11-07, 06:16:19, 136.48, 58.25, 22.84, 22.02, 9999.0, 9.8, 10.0, 21.75, 9999.0, 23.82, 9999.0, 117.93, 127.75, 120.25, 91.25, 138.5
2024-11-07, 06:16:23, 136.48, 58.25, 22.84, 22.0, 9999.0, 9.8, 10.0, 21.75, 9999.0, 23.86, 9999.0, 117.95, 127.75, 120.25, 91.25, 138.5
2024-11-07, 06:16:27, 136.48, 58.25, 22.82, 22.0, 9999.0, 9.77, 10.0, 21.75, 9999.0, 23.91, 9999.0, 117.95, 127.75, 120.25, 91.25, 138.5
2024-11-07, 06:16:31, 136.48, 58.25, 22.8, 22.02, 9999.0, 9.73, 10.0, 21.75, 9999.0, 23.93, 9999.0, 117.95, 127.75, 120.25, 91.25, 138.5
2024-11-07, 06:16:35, 136.5, 58.25, 22.8, 22.02, 9999.0, 9.7, 10.0, 21.75, 9999.0, 23.95, 9999.0, 117.93, 127.75, 120.25, 91.25, 138.5
2024-11-07, 06:16:39, 136.5, 58.25, 22.8, 22.02, 9999.0, 9.68, 10.0, 21.75, 9999.0, 23.98, 9999.0, 117.91, 127.75, 120.25, 91.23, 138.5
2024-11-07, 06:16:43, 136.5, 58.25, 22.8, 22.02, 9999.0, 9.66, 10.0, 21.75, 9999.0, 24.0, 9999.0, 117.89, 127.75, 120.25, 91.2, 138.5
2024-11-07, 06:16:47, 136.5, 58.25, 22.77, 22.02, 9999.0, 9.64, 10.0, 21.75, 9999.0, 24.02, 9999.0, 117.86, 127.75, 120.25, 91.18, 138.5
2024-11-07, 06:16:51, 136.5, 58.25, 22.8, 22.02, 9999.0, 9.64, 10.0, 21.73, 9999.0, 24.05, 9999.0, 117.84, 127.75, 120.25, 91.18, 138.5
2024-11-07, 06:16:55, 136.5, 58.25, 22.82, 22.02, 9999.0, 9.64, 10.0, 21.73, 9999.0, 24.05, 9999.0, 117.82, 127.75, 120.25, 91.18, 138.5
2024-11-07, 06:16:59, 136.5, 58.25, 22.84, 22.02, 9999.0, 9.64, 10.0, 21.73, 9999.0, 24.05, 9999.0, 117.8, 127.75, 120.25, 91.18, 138.5
2024-11-07, 06:17:03, 136.5, 58.25, 22.84, 22.02, 9999.0, 9.66, 10.0, 21.73, 9999.0, 24.05, 9999.0, 117.77, 127.75, 120.25, 91.16, 138.5
2024-11-07, 06:17:07, 136.5, 58.27, 22.82, 22.02, 9999.0, 9.66, 10.0, 21.73, 9999.0, 24.02, 9999.0, 117.77, 127.75, 120.25, 91.14, 138.5
2024-11-07, 06:17:11, 136.5, 58.27, 22.82, 22.02, 9999.0, 9.66, 10.0, 21.73, 9999.0, 23.98, 9999.0, 117.8, 127.75, 120.25, 91.14, 138.5
2024-11-07, 06:17:15, 136.5, 58.27, 22.84, 22.0, 9999.0, 9.68, 10.0, 21.73, 9999.0, 23.95, 9999.0, 117.82, 127.75, 120.25, 91.14, 138.5
2024-11-07, 06:17:19, 136.5, 58.27, 22.84, 22.0, 9999.0, 9.7, 10.0, 21.73, 9999.0, 23.93, 9999.0, 117.84, 127.75, 120.25, 91.14, 138.5
2024-11-07, 06:17:23, 136.5, 58.27, 22.86, 22.0, 9999.0, 9.73, 10.0, 21.73, 9999.0, 23.91, 9999.0, 117.86, 127.75, 120.25, 91.16, 138.5
2024-11-07, 06:17:27, 136.5, 58.27, 22.86, 22.0, 9999.0, 9.75, 10.0, 21.73, 9999.0, 23.89, 9999.0, 117.89, 127.75, 120.25, 91.18, 138.5
2024-11-07, 06:17:31, 136.5, 58.3, 22.89, 22.0, 9999.0, 9.77, 10.0, 21.73, 9999.0, 23.86, 9999.0, 117.91, 127.75, 120.25, 91.2, 138.5
2024-11-07, 06:17:35, 136.5, 58.3, 22.86, 22.0, 9999.0, 9.77, 10.0, 21.73, 9999.0, 23.84, 9999.0, 117.93, 127.75, 120.25, 91.2, 138.5
2024-11-07, 06:17:39, 136.5, 58.3, 22.84, 22.0, 9999.0, 9.77, 10.0, 21.73, 9999.0, 23.84, 9999.0, 117.95, 127.75, 120.25, 91.2, 138.5
2024-11-07, 06:17:43, 136.5, 58.3, 22.82, 22.0, 9999.0, 9.75, 10.0, 21.73, 9999.0, 23.84, 9999.0, 117.98, 127.75, 120.25, 91.2, 138.5
2024-11-07, 06:17:47, 136.5, 58.3, 22.82, 22.0, 9999.0, 9.7, 10.0, 21.73, 9999.0, 23.84, 9999.0, 118.0, 127.75, 120.25, 91.23, 138.5
2024-11-07, 06:17:51, 136.5, 58.27, 22.82, 22.0, 9999.0, 9.7, 10.0, 21.73, 9999.0, 23.84, 9999.0, 118.0, 127.75, 120.25, 91.25, 138.5
2024-11-07, 06:17:55, 136.5, 58.27, 22.82, 22.0, 9999.0, 9.68, 10.0, 21.73, 9999.0, 23.86, 9999.0, 117.98, 127.75, 120.25, 91.25, 138.5
2024-11-07, 06:17:59, 136.5, 58.27, 22.8, 22.0, 9999.0, 9.66, 10.0, 21.73, 9999.0, 23.86, 9999.0, 117.95, 127.75, 120.25, 91.25, 138.5
2024-11-07, 06:18:03, 136.5, 58.27, 22.82, 22.0, 9999.0, 9.64, 10.0, 21.73, 9999.0, 23.86, 9999.0, 117.93, 127.75, 120.25, 91.25, 138.5
2024-11-07, 06:18:07, 136.5, 58.27, 22.8, 22.0, 9999.0, 9.61, 10.0, 21.73, 9999.0, 23.86, 9999.0, 117.91, 127.75, 120.25, 91.25, 138.5
2024-11-07, 06:18:11, 136.5, 58.27, 22.8, 22.0, 9999.0, 9.61, 10.0, 21.73, 9999.0, 23.86, 9999.0, 117.89, 127.75, 120.25, 91.25, 138.5
2024-11-07, 06:18:15, 136.5, 58.25, 22.8, 22.0, 9999.0, 9.61, 10.0, 21.73, 9999.0, 23.86, 9999.0, 117.86, 127.75, 120.25, 91.25, 138.5
2024-11-07, 06:18:19, 136.5, 58.25, 22.8, 22.0, 9999.0, 9.61, 10.0, 21.75, 9999.0, 23.86, 9999.0, 117.84, 127.75, 120.25, 91.25, 138.5
2024-11-07, 06:18:23, 136.5, 58.25, 22.8, 22.0, 9999.0, 9.64, 10.0, 21.75, 9999.0, 23.84, 9999.0, 117.82, 127.75, 120.25, 91.25, 138.5
2024-11-07, 06:18:27, 136.5, 58.25, 22.82, 22.0, 9999.0, 9.68, 10.0, 21.75, 9999.0, 23.82, 9999.0, 117.82, 127.75, 120.25, 91.25, 138.5
2024-11-07, 06:18:31, 136.5, 58.25, 22.82, 22.0, 9999.0, 9.7, 10.0, 21.75, 9999.0, 23.8, 9999.0, 117.82, 127.75, 120.25, 91.25, 138.5
2024-11-07, 06:18:35, 136.5, 58.25, 22.82, 22.0, 9999.0, 9.7, 10.0, 21.75, 9999.0, 23.77, 9999.0, 117.82, 127.75, 120.25, 91.25, 138.5
2024-11-07, 06:18:39, 136.5, 58.25, 22.82, 22.0, 9999.0, 9.73, 10.0, 21.75, 9999.0, 23.75, 9999.0, 117.84, 127.75, 120.25, 91.25, 138.5
2024-11-07, 06:18:43, 136.5, 58.25, 22.82, 22.0, 9999.0, 9.75, 10.0, 21.75, 9999.0, 23.73, 9999.0, 117.89, 127.75, 120.25, 91.25, 138.5
2024-11-07, 06:18:48, 136.5, 58.25, 22.82, 22.0, 9999.0, 9.77, 10.0, 21.75, 9999.0, 23.73, 9999.0, 117.91, 127.75, 120.25, 91.25, 138.5
2024-11-07, 06:18:52, 136.5, 58.25, 22.84, 22.0, 9999.0, 9.8, 10.0, 21.75, 9999.0, 23.73, 9999.0, 117.93, 127.75, 120.25, 91.25, 138.5
2024-11-07, 06:18:56, 136.5, 58.27, 22.86, 22.0, 9999.0, 9.8, 10.0, 21.75, 9999.0, 23.73, 9999.0, 117.95, 127.75, 120.25, 91.25, 138.5
2024-11-07, 06:19:00, 136.5, 58.27, 22.86, 22.0, 9999.0, 9.8, 10.0, 21.75, 9999.0, 23.75, 9999.0, 117.98, 127.75, 120.25, 91.25, 138.5
2024-11-07, 06:19:04, 136.5, 58.3, 22.86, 22.0, 9999.0, 9.8, 10.0, 21.73, 9999.0, 23.77, 9999.0, 118.0, 127.75, 120.25, 91.25, 138.5
2024-11-07, 06:19:08, 136.5, 58.3, 22.86, 22.0, 9999.0, 9.75, 10.0, 21.73, 9999.0, 23.8, 9999.0, 118.02, 127.75, 120.25, 91.25, 138.5
2024-11-07, 06:19:12, 136.5, 58.32, 22.84, 22.0, 9999.0, 9.7, 10.0, 21.7, 9999.0, 23.8, 9999.0, 118.02, 127.75, 120.25, 91.25, 138.5
2024-11-07, 06:19:16, 136.5, 58.34, 22.84, 22.0, 9999.0, 9.68, 10.0, 21.7, 9999.0, 23.82, 9999.0, 118.0, 127.75, 120.25, 91.25, 138.5
2024-11-07, 06:19:20, 136.5, 58.34, 22.84, 22.0, 9999.0, 9.66, 10.0, 21.7, 9999.0, 23.82, 9999.0, 117.98, 127.75, 120.25, 91.25, 138.5
2024-11-07, 06:19:24, 136.5, 58.34, 22.86, 22.0, 9999.0, 9.64, 10.0, 21.68, 9999.0, 23.82, 9999.0, 117.95, 127.75, 120.25, 91.25, 138.5
2024-11-07, 06:19:28, 136.5, 58.34, 22.86, 22.0, 9999.0, 9.61, 10.0, 21.68, 9999.0, 23.84, 9999.0, 117.91, 127.75, 120.25, 91.25, 138.5
2024-11-07, 06:19:32, 136.5, 58.34, 22.84, 22.0, 9999.0, 9.61, 10.0, 21.68, 9999.0, 23.84, 9999.0, 117.89, 127.75, 120.25, 91.25, 138.5
2024-11-07, 06:19:36, 136.5, 58.34, 22.82, 22.0, 9999.0, 9.61, 10.0, 21.66, 9999.0, 23.84, 9999.0, 117.86, 127.75, 120.25, 91.25, 138.5
2024-11-07, 06:19:40, 136.5, 58.32, 22.8, 22.0, 9999.0, 9.64, 10.0, 21.66, 9999.0, 23.84, 9999.0, 117.84, 127.75, 120.25, 91.25, 138.5
2024-11-07, 06:19:44, 136.5, 58.32, 22.77, 22.0, 9999.0, 9.66, 10.0, 21.66, 9999.0, 23.82, 9999.0, 117.82, 127.75, 120.25, 91.25, 138.5
2024-11-07, 06:19:48, 136.5, 58.3, 22.8, 22.0, 9999.0, 9.66, 10.0, 21.68, 9999.0, 23.8, 9999.0, 117.82, 127.75, 120.25, 91.25, 138.5
2024-11-07, 06:19:52, 136.5, 58.3, 22.82, 22.0, 9999.0, 9.68, 10.0, 21.68, 9999.0, 23.77, 9999.0, 117.82, 127.75, 120.25, 91.25, 138.5
2024-11-07, 06:19:56, 136.5, 58.3, 22.82, 22.0, 9999.0, 9.7, 10.0, 21.7, 9999.0, 23.77, 9999.0, 117.84, 127.75, 120.25, 91.25, 138.5
2024-11-07, 06:20:00, 136.5, 58.27, 22.82, 22.0, 9999.0, 9.73, 10.0, 21.68, 9999.0, 23.75, 9999.0, 117.89, 127.75, 120.25, 91.25, 138.5
2024-11-07, 06:20:04, 136.5, 58.27, 22.84, 22.0, 9999.0, 9.75, 10.0, 21.68, 9999.0, 23.75, 9999.0, 117.91, 127.75, 120.25, 91.25, 138.5
2024-11-07, 06:20:08, 136.5, 58.27, 22.84, 22.0, 9999.0, 9.77, 10.0, 21.7, 9999.0, 23.77, 9999.0, 117.93, 127.75, 120.25, 91.25, 138.5
2024-11-07, 06:20:12, 136.5, 58.27, 22.86, 22.0, 9999.0, 9.8, 10.0, 21.7, 9999.0, 23.8, 9999.0, 117.95, 127.75, 120.25, 91.25, 138.5
2024-11-07, 06:20:16, 136.5, 58.27, 22.89, 22.0, 9999.0, 9.8, 10.0, 21.7, 9999.0, 23.82, 9999.0, 117.98, 127.75, 120.25, 91.25, 138.5
2024-11-07, 06:20:20, 136.5, 58.27, 22.91, 22.0, 9999.0, 9.8, 10.0, 21.73, 9999.0, 23.84, 9999.0, 118.0, 127.75, 120.25, 91.25, 138.5
2024-11-07, 06:20:24, 136.5, 58.3, 22.91, 22.0, 9999.0, 9.75, 10.0, 21.73, 9999.0, 23.84, 9999.0, 118.02, 127.75, 120.25, 91.25, 138.5
2024-11-07, 06:20:28, 136.5, 58.3, 22.93, 22.0, 9999.0, 9.7, 10.0, 21.73, 9999.0, 23.86, 9999.0, 118.05, 127.75, 120.25, 91.25, 138.5
2024-11-07, 06:20:32, 136.5, 58.3, 22.91, 22.0, 9999.0, 9.7, 10.0, 21.73, 9999.0, 23.89, 9999.0, 118.02, 127.75, 120.25, 91.25, 138.5
2024-11-07, 06:20:36, 136.5, 58.3, 22.89, 22.0, 9999.0, 9.68, 10.0, 21.7, 9999.0, 23.89, 9999.0, 118.0, 127.75, 120.25, 91.25, 138.5
2024-11-07, 06:20:40, 136.5, 58.27, 22.91, 22.0, 9999.0, 9.66, 10.0, 21.7, 9999.0, 23.89, 9999.0, 117.95, 127.75, 120.25, 91.25, 138.5
2024-11-07, 06:20:46, 136.5, 58.27, 22.91, 22.0, 9999.0, 9.64, 10.0, 21.73, 9999.0, 23.89, 9999.0, 117.91, 127.75, 120.25, 91.25, 138.5
2024-11-07, 06:20:50, 136.5, 58.27, 22.89, 22.0, 9999.0, 9.64, 10.0, 21.73, 9999.0, 23.89, 9999.0, 117.89, 127.75, 120.25, 91.25, 138.5
2024-11-07, 06:20:54, 136.5, 58.27, 22.86, 22.0, 9999.0, 9.64, 10.0, 21.73, 9999.0, 23.86, 9999.0, 117.86, 127.75, 120.25, 91.25, 138.5
2024-11-07, 06:20:58, 136.5, 58.27, 22.84, 22.0, 9999.0, 9.64, 10.0, 21.73, 9999.0, 23.82, 9999.0, 117.84, 127.75, 120.25, 91.25, 138.5
2024-11-07, 06:21:02, 136.5, 58.27, 22.82, 22.0, 9999.0, 9.66, 10.0, 21.73, 9999.0, 23.8, 9999.0, 117.82, 127.75, 120.25, 91.25, 138.5
2024-11-07, 06:21:06, 136.5, 58.27, 22.82, 22.0, 9999.0, 9.68, 10.0, 21.73, 9999.0, 23.77, 9999.0, 117.82, 127.75, 120.25, 91.25, 138.5
2024-11-07, 06:21:10, 136.5, 58.25, 22.82, 22.0, 9999.0, 9.73, 10.0, 21.73, 9999.0, 23.75, 9999.0, 117.82, 127.75, 120.25, 91.25, 138.5
2024-11-07, 06:21:14, 136.5, 58.25, 22.8, 22.0, 9999.0, 9.75, 10.0, 21.73, 9999.0, 23.7, 9999.0, 117.82, 127.75, 120.25, 91.25, 138.5
2024-11-07, 06:21:18, 136.48, 58.25, 22.8, 22.0, 9999.0, 9.75, 10.0, 21.73, 9999.0, 23.66, 9999.0, 117.86, 127.75, 120.25, 91.25, 138.5
2024-11-07, 06:21:22, 136.48, 58.25, 22.8, 22.0, 9999.0, 9.77, 10.0, 21.75, 9999.0, 23.64, 9999.0, 117.89, 127.75, 120.25, 91.25, 138.5
2024-11-07, 06:21:26, 136.48, 58.25, 22.8, 22.0, 9999.0, 9.8, 10.0, 21.75, 9999.0, 23.64, 9999.0, 117.91, 127.75, 120.25, 91.25, 138.5
2024-11-07, 06:21:30, 136.48, 58.25, 22.82, 22.0, 9999.0, 9.82, 10.0, 21.75, 9999.0, 23.64, 9999.0, 117.93, 127.75, 120.25, 91.25, 138.5
2024-11-07, 06:21:34, 136.48, 58.25, 22.82, 22.0, 9999.0, 9.82, 10.0, 21.75, 9999.0, 23.64, 9999.0, 117.95, 127.75, 120.25, 91.25, 138.5
2024-11-07, 06:21:38, 136.48, 58.25, 22.84, 22.0, 9999.0, 9.82, 10.0, 21.75, 9999.0, 23.66, 9999.0, 117.98, 127.75, 120.25, 91.25, 138.5
2024-11-07, 06:21:42, 136.48, 58.25, 22.86, 22.0, 9999.0, 9.82, 10.0, 21.73, 9999.0, 23.7, 9999.0, 118.0, 127.75, 120.25, 91.25, 138.5
2024-11-07, 06:21:46, 136.48, 58.25, 22.89, 22.0, 9999.0, 9.77, 10.0, 21.73, 9999.0, 23.73, 9999.0, 118.02, 127.75, 120.25, 91.25, 138.5
2024-11-07, 06:21:50, 136.48, 58.25, 22.89, 22.0, 9999.0, 9.73, 10.0, 21.73, 9999.0, 23.75, 9999.0, 118.02, 127.75, 120.25, 91.25, 138.5
2024-11-07, 06:21:54, 136.48, 58.25, 22.91, 22.0, 9999.0, 9.68, 10.0, 21.73, 9999.0, 23.77, 9999.0, 118.0, 127.75, 120.25, 91.25, 138.5
2024-11-07, 06:21:58, 136.48, 58.25, 22.93, 22.0, 9999.0, 9.66, 10.0, 21.73, 9999.0, 23.8, 9999.0, 118.0, 127.75, 120.25, 91.25, 138.5
2024-11-07, 06:22:02, 136.5, 58.25, 22.95, 22.0, 9999.0, 9.64, 10.0, 21.73, 9999.0, 23.82, 9999.0, 117.95, 127.75, 120.25, 91.25, 138.5
2024-11-07, 06:22:06, 136.5, 58.25, 22.98, 22.0, 9999.0, 9.61, 10.0, 21.73, 9999.0, 23.84, 9999.0, 117.93, 127.75, 120.25, 91.25, 138.5
2024-11-07, 06:22:10, 136.5, 58.25, 22.95, 22.0, 9999.0, 9.61, 10.0, 21.73, 9999.0, 23.84, 9999.0, 117.91, 127.75, 120.25, 91.25, 138.5
2024-11-07, 06:22:14, 136.48, 58.25, 22.95, 22.0, 9999.0, 9.61, 10.0, 21.73, 9999.0, 23.84, 9999.0, 117.89, 127.75, 120.25, 91.25, 138.5
2024-11-07, 06:22:18, 136.48, 58.25, 22.98, 22.0, 9999.0, 9.61, 10.0, 21.73, 9999.0, 23.84, 9999.0, 117.86, 127.75, 120.25, 91.25, 138.5
2024-11-07, 06:22:22, 136.45, 58.25, 22.98, 22.0, 9999.0, 9.64, 10.0, 21.73, 9999.0, 23.82, 9999.0, 117.84, 127.75, 120.25, 91.23, 138.5
2024-11-07, 06:22:26, 136.45, 58.25, 22.95, 22.0, 9999.0, 9.64, 10.0, 21.75, 9999.0, 23.8, 9999.0, 117.84, 127.75, 120.25, 91.23, 138.5
2024-11-07, 06:22:30, 136.45, 58.25, 22.93, 22.0, 9999.0, 9.66, 10.0, 21.75, 9999.0, 23.77, 9999.0, 117.84, 127.75, 120.25, 91.23, 138.5
2024-11-07, 06:22:34, 136.45, 58.25, 22.93, 22.02, 9999.0, 9.68, 10.0, 21.75, 9999.0, 23.73, 9999.0, 117.84, 127.75, 120.25, 91.23, 138.5
2024-11-07, 06:22:38, 136.43, 58.25, 22.93, 22.05, 9999.0, 9.7, 10.02, 21.75, 9999.0, 23.7, 9999.0, 117.86, 127.75, 120.25, 91.23, 138.5
2024-11-07, 06:22:42, 136.43, 58.25, 22.91, 22.05, 9999.0, 9.73, 10.02, 21.75, 9999.0, 23.68, 9999.0, 117.86, 127.75, 120.25, 91.23, 138.5
2024-11-07, 06:22:46, 136.43, 58.25, 22.89, 22.07, 9999.0, 9.75, 10.02, 21.75, 9999.0, 23.68, 9999.0, 117.89, 127.75, 120.25, 91.23, 138.5
2024-11-07, 06:22:50, 136.43, 58.25, 22.89, 22.09, 9999.0, 9.77, 10.02, 21.75, 9999.0, 23.68, 9999.0, 117.91, 127.75, 120.25, 91.23, 138.5
2024-11-07, 06:22:54, 136.43, 58.25, 22.91, 22.11, 9999.0, 9.75, 10.02, 21.75, 9999.0, 23.68, 9999.0, 117.93, 127.75, 120.25, 91.23, 138.5
2024-11-07, 06:22:58, 136.45, 58.25, 22.89, 22.11, 9999.0, 9.75, 10.02, 21.75, 9999.0, 23.7, 9999.0, 117.95, 127.75, 120.25, 91.23, 138.5
2024-11-07, 06:23:02, 136.45, 58.25, 22.86, 22.11, 9999.0, 9.73, 10.02, 21.75, 9999.0, 23.73, 9999.0, 117.98, 127.75, 120.25, 91.23, 138.5
2024-11-07, 06:23:06, 136.48, 58.25, 22.84, 22.14, 9999.0, 9.68, 10.02, 21.75, 9999.0, 23.75, 9999.0, 118.0, 127.75, 120.25, 91.25, 138.5
2024-11-07, 06:23:10, 136.48, 58.25, 22.86, 22.16, 9999.0, 9.66, 10.02, 21.75, 9999.0, 23.77, 9999.0, 118.0, 127.75, 120.25, 91.25, 138.5
2024-11-07, 06:23:14, 136.48, 58.25, 22.89, 22.16, 9999.0, 9.66, 10.02, 21.75, 9999.0, 23.8, 9999.0, 118.0, 127.75, 120.25, 91.25, 138.5
2024-11-07, 06:23:18, 136.48, 58.25, 22.86, 22.14, 9999.0, 9.64, 10.02, 21.75, 9999.0, 23.84, 9999.0, 117.98, 127.75, 120.25, 91.25, 138.5
2024-11-07, 06:23:22, 136.5, 58.25, 22.84, 22.11, 9999.0, 9.61, 10.0, 21.75, 9999.0, 23.86, 9999.0, 117.95, 127.75, 120.25, 91.25, 138.5
2024-11-07, 06:23:27, 136.5, 58.25, 22.86, 22.11, 9999.0, 9.61, 10.0, 21.73, 9999.0, 23.89, 9999.0, 117.93, 127.75, 120.25, 91.25, 138.5
2024-11-07, 06:23:31, 136.5, 58.25, 22.86, 22.09, 9999.0, 9.61, 10.0, 21.73, 9999.0, 23.89, 9999.0, 117.91, 127.75, 120.25, 91.25, 138.5
2024-11-07, 06:23:35, 136.5, 58.25, 22.84, 22.07, 9999.0, 9.61, 10.0, 21.73, 9999.0, 23.89, 9999.0, 117.89, 127.75, 120.25, 91.25, 138.5
2024-11-07, 06:23:39, 136.48, 58.25, 22.84, 22.05, 9999.0, 9.66, 10.0, 21.73, 9999.0, 23.89, 9999.0, 117.86, 127.75, 120.25, 91.25, 138.5
2024-11-07, 06:23:43, 136.48, 58.25, 22.84, 22.05, 9999.0, 9.68, 10.0, 21.73, 9999.0, 23.86, 9999.0, 117.84, 127.75, 120.25, 91.25, 138.5
2024-11-07, 06:23:47, 136.48, 58.25, 22.84, 22.05, 9999.0, 9.73, 10.0, 21.73, 9999.0, 23.84, 9999.0, 117.84, 127.75, 120.25, 91.25, 138.5
2024-11-07, 06:23:51, 136.48, 58.25, 22.84, 22.02, 9999.0, 9.75, 10.0, 21.73, 9999.0, 23.82, 9999.0, 117.84, 127.75, 120.25, 91.25, 138.5
2024-11-07, 06:23:55, 136.48, 58.25, 22.82, 22.0, 9999.0, 9.77, 10.0, 21.73, 9999.0, 23.8, 9999.0, 117.86, 127.77, 120.25, 91.25, 138.5
2024-11-07, 06:23:59, 136.48, 58.25, 22.82, 22.02, 9999.0, 9.77, 10.0, 21.73, 9999.0, 23.77, 9999.0, 117.86, 127.77, 120.25, 91.25, 138.5
2024-11-07, 06:24:03, 136.48, 58.25, 22.82, 22.02, 9999.0, 9.8, 10.0, 21.73, 9999.0, 23.75, 9999.0, 117.89, 127.77, 120.25, 91.25, 138.5
2024-11-07, 06:24:07, 136.48, 58.25, 22.84, 22.02, 9999.0, 9.82, 10.0, 21.73, 9999.0, 23.75, 9999.0, 117.91, 127.77, 120.25, 91.25, 138.5
2024-11-07, 06:24:11, 136.48, 58.25, 22.84, 22.02, 9999.0, 9.82, 10.0, 21.75, 9999.0, 23.77, 9999.0, 117.93, 127.77, 120.25, 91.23, 138.5
2024-11-07, 06:24:15, 136.48, 58.25, 22.86, 22.02, 9999.0, 9.8, 10.0, 21.75, 9999.0, 23.8, 9999.0, 117.95, 127.77, 120.25, 91.23, 138.5
2024-11-07, 06:24:19, 136.48, 58.25, 22.89, 22.02, 9999.0, 9.8, 10.0, 21.75, 9999.0, 23.82, 9999.0, 117.98, 127.77, 120.25, 91.2, 138.5
2024-11-07, 06:24:23, 136.5, 58.25, 22.89, 22.02, 9999.0, 9.77, 10.0, 21.75, 9999.0, 23.84, 9999.0, 118.0, 127.77, 120.25, 91.18, 138.5
2024-11-07, 06:24:27, 136.5, 58.25, 22.89, 22.02, 9999.0, 9.73, 10.0, 21.75, 9999.0, 23.86, 9999.0, 118.02, 127.77, 120.25, 91.16, 138.5
2024-11-07, 06:24:31, 136.5, 58.25, 22.91, 22.05, 9999.0, 9.7, 10.0, 21.75, 9999.0, 23.89, 9999.0, 118.02, 127.77, 120.25, 91.16, 138.5
2024-11-07, 06:24:35, 136.5, 58.25, 22.93, 22.05, 9999.0, 9.68, 10.0, 21.75, 9999.0, 23.91, 9999.0, 118.02, 127.77, 120.25, 91.16, 138.5
2024-11-07, 06:24:39, 136.5, 58.25, 22.93, 22.05, 9999.0, 9.66, 10.0, 21.75, 9999.0, 23.91, 9999.0, 118.0, 127.75, 120.25, 91.16, 138.5
2024-11-07, 06:24:43, 136.5, 58.25, 22.93, 22.02, 9999.0, 9.64, 10.0, 21.75, 9999.0, 23.91, 9999.0, 117.98, 127.75, 120.25, 91.16, 138.52
2024-11-07, 06:24:47, 136.5, 58.25, 22.95, 22.05, 9999.0, 9.64, 10.0, 21.75, 9999.0, 23.93, 9999.0, 117.95, 127.75, 120.25, 91.16, 138.52
2024-11-07, 06:24:51, 136.5, 58.25, 22.93, 22.07, 9999.0, 9.64, 10.0, 21.75, 9999.0, 23.93, 9999.0, 117.93, 127.75, 120.25, 91.16, 138.52
2024-11-07, 06:24:55, 136.5, 58.25, 22.93, 22.07, 9999.0, 9.64, 10.0, 21.75, 9999.0, 23.93, 9999.0, 117.91, 127.75, 120.25, 91.18, 138.52
2024-11-07, 06:24:59, 136.5, 58.25, 22.93, 22.07, 9999.0, 9.68, 10.0, 21.75, 9999.0, 23.91, 9999.0, 117.89, 127.75, 120.25, 91.18, 138.52
2024-11-07, 06:25:03, 136.5, 58.25, 22.93, 22.07, 9999.0, 9.7, 10.0, 21.75, 9999.0, 23.89, 9999.0, 117.89, 127.75, 120.25, 91.2, 138.52
2024-11-07, 06:25:07, 136.5, 58.25, 22.93, 22.07, 9999.0, 9.73, 10.0, 21.75, 9999.0, 23.86, 9999.0, 117.89, 127.75, 120.25, 91.23, 138.52
2024-11-07, 06:25:11, 136.5, 58.25, 22.93, 22.07, 9999.0, 9.75, 10.0, 21.75, 9999.0, 23.86, 9999.0, 117.89, 127.75, 120.25, 91.25, 138.52
2024-11-07, 06:25:15, 136.5, 58.25, 22.93, 22.05, 9999.0, 9.75, 10.0, 21.75, 9999.0, 23.86, 9999.0, 117.91, 127.75, 120.25, 91.25, 138.52
2024-11-07, 06:25:19, 136.5, 58.25, 22.93, 22.05, 9999.0, 9.77, 10.0, 21.75, 9999.0, 23.84, 9999.0, 117.91, 127.75, 120.25, 91.25, 138.52
2024-11-07, 06:25:23, 136.5, 58.25, 22.93, 22.05, 9999.0, 9.8, 10.0, 21.75, 9999.0, 23.86, 9999.0, 117.93, 127.75, 120.25, 91.25, 138.52
2024-11-07, 06:25:27, 136.5, 58.25, 22.91, 22.05, 9999.0, 9.82, 10.0, 21.75, 9999.0, 23.89, 9999.0, 117.95, 127.75, 120.25, 91.25, 138.5
2024-11-07, 06:25:31, 136.5, 58.25, 22.91, 22.05, 9999.0, 9.82, 10.0, 21.75, 9999.0, 23.89, 9999.0, 117.98, 127.75, 120.25, 91.25, 138.5
2024-11-07, 06:25:35, 136.5, 58.25, 22.93, 22.05, 9999.0, 9.82, 10.0, 21.75, 9999.0, 23.93, 9999.0, 118.02, 127.75, 120.25, 91.25, 138.5
2024-11-07, 06:25:39, 136.5, 58.25, 22.93, 22.05, 9999.0, 9.8, 10.0, 21.75, 9999.0, 23.95, 9999.0, 118.05, 127.75, 120.25, 91.25, 138.5
2024-11-07, 06:25:43, 136.5, 58.25, 22.91, 22.05, 9999.0, 9.75, 10.0, 21.75, 9999.0, 24.0, 9999.0, 118.07, 127.75, 120.25, 91.25, 138.5
2024-11-07, 06:25:47, 136.5, 58.27, 22.91, 22.05, 9999.0, 9.73, 10.0, 21.75, 9999.0, 24.02, 9999.0, 118.07, 127.75, 120.25, 91.25, 138.5
2024-11-07, 06:25:51, 136.5, 58.27, 22.91, 22.05, 9999.0, 9.68, 10.0, 21.75, 9999.0, 24.07, 9999.0, 118.07, 127.75, 120.25, 91.25, 138.5
2024-11-07, 06:25:55, 136.5, 58.3, 22.93, 22.05, 9999.0, 9.66, 10.0, 21.75, 9999.0, 24.07, 9999.0, 118.05, 127.75, 120.25, 91.25, 138.5
2024-11-07, 06:25:59, 136.5, 58.3, 22.93, 22.05, 9999.0, 9.64, 10.0, 21.73, 9999.0, 24.07, 9999.0, 118.0, 127.75, 120.25, 91.25, 138.5
2024-11-07, 06:26:03, 136.5, 58.3, 22.93, 22.07, 9999.0, 9.61, 10.0, 21.73, 9999.0, 24.09, 9999.0, 117.98, 127.75, 120.25, 91.25, 138.5
2024-11-07, 06:26:07, 136.5, 58.3, 22.93, 22.07, 9999.0, 9.61, 10.0, 21.73, 9999.0, 24.09, 9999.0, 117.93, 127.75, 120.25, 91.25, 138.5
2024-11-07, 06:26:11, 136.5, 58.3, 22.93, 22.07, 9999.0, 9.61, 10.0, 21.73, 9999.0, 24.09, 9999.0, 117.91, 127.75, 120.25, 91.25, 138.5
2024-11-07, 06:26:15, 136.5, 58.3, 22.93, 22.05, 9999.0, 9.64, 10.0, 21.73, 9999.0, 24.09, 9999.0, 117.89, 127.75, 120.25, 91.25, 138.5
2024-11-07, 06:26:19, 136.5, 58.3, 22.91, 22.02, 9999.0, 9.64, 10.0, 21.73, 9999.0, 24.07, 9999.0, 117.84, 127.75, 120.25, 91.25, 138.5
2024-11-07, 06:26:23, 136.5, 58.3, 22.91, 22.02, 9999.0, 9.68, 10.0, 21.73, 9999.0, 24.05, 9999.0, 117.84, 127.75, 120.25, 91.25, 138.5
2024-11-07, 06:26:27, 136.5, 58.3, 22.93, 22.05, 9999.0, 9.7, 10.0, 21.73, 9999.0, 24.02, 9999.0, 117.84, 127.75, 120.25, 91.25, 138.5
2024-11-07, 06:26:31, 136.5, 58.3, 22.91, 22.05, 9999.0, 9.7, 10.0, 21.73, 9999.0, 24.02, 9999.0, 117.84, 127.75, 120.25, 91.25, 138.5
2024-11-07, 06:26:35, 136.5, 58.3, 22.89, 22.05, 9999.0, 9.73, 10.0, 21.73, 9999.0, 24.0, 9999.0, 117.86, 127.75, 120.25, 91.25, 138.5
2024-11-07, 06:26:39, 136.5, 58.27, 22.89, 22.07, 9999.0, 9.75, 10.0, 21.73, 9999.0, 24.0, 9999.0, 117.89, 127.75, 120.25, 91.25, 138.5
2024-11-07, 06:26:43, 136.5, 58.3, 22.89, 22.09, 9999.0, 9.77, 10.0, 21.75, 9999.0, 24.02, 9999.0, 117.91, 127.75, 120.25, 91.25, 138.5
2024-11-07, 06:26:47, 136.5, 58.3, 22.89, 22.07, 9999.0, 9.8, 10.0, 21.75, 9999.0, 24.05, 9999.0, 117.93, 127.75, 120.25, 91.25, 138.5
2024-11-07, 06:26:51, 136.5, 58.3, 22.91, 22.07, 9999.0, 9.8, 10.0, 21.75, 9999.0, 24.07, 9999.0, 117.95, 127.75, 120.25, 91.25, 138.5
2024-11-07, 06:26:56, 136.5, 58.3, 22.91, 22.09, 9999.0, 9.8, 10.0, 21.73, 9999.0, 24.09, 9999.0, 117.98, 127.75, 120.25, 91.25, 138.5
2024-11-07, 06:27:00, 136.5, 58.32, 22.91, 22.11, 9999.0, 9.77, 10.0, 21.73, 9999.0, 24.11, 9999.0, 118.0, 127.75, 120.25, 91.25, 138.5
2024-11-07, 06:27:04, 136.5, 58.32, 22.91, 22.11, 9999.0, 9.75, 10.0, 21.7, 9999.0, 24.14, 9999.0, 118.02, 127.75, 120.25, 91.23, 138.5
2024-11-07, 06:27:08, 136.5, 58.34, 22.91, 22.11, 9999.0, 9.73, 10.0, 21.7, 9999.0, 24.16, 9999.0, 118.0, 127.75, 120.25, 91.23, 138.5
2024-11-07, 06:27:12, 136.5, 58.34, 22.89, 22.09, 9999.0, 9.7, 10.0, 21.7, 9999.0, 24.18, 9999.0, 117.98, 127.75, 120.25, 91.23, 138.5
2024-11-07, 06:27:16, 136.5, 58.32, 22.89, 22.09, 9999.0, 9.68, 10.0, 21.68, 9999.0, 24.18, 9999.0, 117.95, 127.75, 120.25, 91.23, 138.5
2024-11-07, 06:27:20, 136.5, 58.32, 22.89, 22.11, 9999.0, 9.66, 10.0, 21.68, 9999.0, 24.18, 9999.0, 117.91, 127.75, 120.25, 91.23, 138.5
2024-11-07, 06:27:24, 136.5, 58.34, 22.86, 22.09, 9999.0, 9.66, 10.0, 21.68, 9999.0, 24.18, 9999.0, 117.89, 127.75, 120.27, 91.23, 138.5
2024-11-07, 06:27:28, 136.5, 58.34, 22.84, 22.07, 9999.0, 9.66, 10.0, 21.68, 9999.0, 24.16, 9999.0, 117.89, 127.75, 120.27, 91.23, 138.5
2024-11-07, 06:27:32, 136.5, 58.34, 22.82, 22.07, 9999.0, 9.66, 10.0, 21.68, 9999.0, 24.14, 9999.0, 117.86, 127.75, 120.27, 91.23, 138.5
2024-11-07, 06:27:36, 136.5, 58.34, 22.8, 22.07, 9999.0, 9.66, 10.0, 21.68, 9999.0, 24.11, 9999.0, 117.84, 127.75, 120.3, 91.23, 138.5
2024-11-07, 06:27:40, 136.5, 58.34, 22.82, 22.05, 9999.0, 9.66, 10.0, 21.7, 9999.0, 24.09, 9999.0, 117.84, 127.75, 120.3, 91.23, 138.5
2024-11-07, 06:27:44, 136.5, 58.32, 22.82, 22.02, 9999.0, 9.66, 10.0, 21.68, 9999.0, 24.07, 9999.0, 117.84, 127.75, 120.3, 91.23, 138.5
2024-11-07, 06:27:48, 136.5, 58.34, 22.84, 22.02, 9999.0, 9.68, 10.0, 21.7, 9999.0, 24.05, 9999.0, 117.84, 127.75, 120.3, 91.25, 138.5
2024-11-07, 06:27:52, 136.5, 58.32, 22.84, 22.02, 9999.0, 9.68, 10.0, 21.7, 9999.0, 24.02, 9999.0, 117.89, 127.75, 120.3, 91.25, 138.5
2024-11-07, 06:27:56, 136.5, 58.32, 22.86, 22.05, 9999.0, 9.7, 10.0, 21.7, 9999.0, 24.0, 9999.0, 117.93, 127.75, 120.32, 91.25, 138.5
2024-11-07, 06:28:00, 136.5, 58.34, 22.89, 22.05, 9999.0, 9.73, 10.0, 21.73, 9999.0, 24.0, 9999.0, 117.95, 127.75, 120.32, 91.25, 138.5
2024-11-07, 06:28:04, 136.5, 58.36, 22.91, 22.02, 9999.0, 9.75, 10.0, 21.73, 9999.0, 24.02, 9999.0, 117.98, 127.75, 120.34, 91.25, 138.5
2024-11-07, 06:28:08, 136.5, 58.34, 22.93, 22.02, 9999.0, 9.73, 10.0, 21.73, 9999.0, 24.05, 9999.0, 118.0, 127.75, 120.32, 91.25, 138.5
2024-11-07, 06:28:12, 136.5, 58.32, 22.93, 22.02, 9999.0, 9.73, 10.0, 21.73, 9999.0, 24.07, 9999.0, 118.0, 127.75, 120.32, 91.25, 138.5
2024-11-07, 06:28:16, 136.5, 58.34, 22.93, 22.02, 9999.0, 9.7, 10.0, 21.7, 9999.0, 24.09, 9999.0, 118.02, 127.75, 120.32, 91.23, 138.5
2024-11-07, 06:28:20, 136.5, 58.36, 22.95, 22.02, 9999.0, 9.68, 10.0, 21.7, 9999.0, 24.09, 9999.0, 118.05, 127.75, 120.3, 91.23, 138.5
2024-11-07, 06:28:24, 136.5, 58.36, 22.93, 22.02, 9999.0, 9.66, 10.0, 21.68, 9999.0, 24.11, 9999.0, 118.05, 127.75, 120.3, 91.2, 138.5
2024-11-07, 06:28:28, 136.5, 58.39, 22.91, 22.02, 9999.0, 9.64, 10.0, 21.7, 9999.0, 24.11, 9999.0, 118.05, 127.75, 120.3, 91.2, 138.5
2024-11-07, 06:28:32, 136.5, 58.39, 22.89, 22.02, 9999.0, 9.61, 10.0, 21.7, 9999.0, 24.14, 9999.0, 118.05, 127.75, 120.3, 91.2, 138.5
2024-11-07, 06:28:36, 136.5, 58.39, 22.86, 22.02, 9999.0, 9.59, 10.0, 21.7, 9999.0, 24.14, 9999.0, 118.0, 127.75, 120.3, 91.2, 138.5
2024-11-07, 06:28:40, 136.5, 58.39, 22.84, 22.0, 9999.0, 9.59, 10.0, 21.7, 9999.0, 24.14, 9999.0, 117.95, 127.75, 120.27, 91.2, 138.5
2024-11-07, 06:28:44, 136.5, 58.36, 22.82, 22.0, 9999.0, 9.59, 10.0, 21.7, 9999.0, 24.14, 9999.0, 117.93, 127.75, 120.27, 91.2, 138.5
2024-11-07, 06:28:48, 136.5, 58.36, 22.8, 22.0, 9999.0, 9.57, 10.0, 21.7, 9999.0, 24.11, 9999.0, 117.91, 127.75, 120.25, 91.2, 138.5
2024-11-07, 06:28:52, 136.5, 58.39, 22.77, 22.0, 9999.0, 9.61, 10.0, 21.7, 9999.0, 24.09, 9999.0, 117.89, 127.75, 120.25, 91.2, 138.5
2024-11-07, 06:28:56, 136.5, 58.39, 22.77, 22.0, 9999.0, 9.64, 10.0, 21.7, 9999.0, 24.07, 9999.0, 117.86, 127.75, 120.25, 91.2, 138.5
2024-11-07, 06:29:00, 136.5, 58.36, 22.8, 22.02, 9999.0, 9.66, 10.0, 21.73, 9999.0, 24.07, 9999.0, 117.86, 127.75, 120.25, 91.23, 138.5
2024-11-07, 06:29:04, 136.5, 58.34, 22.77, 22.02, 9999.0, 9.68, 10.0, 21.73, 9999.0, 24.07, 9999.0, 117.86, 127.75, 120.25, 91.23, 138.5
2024-11-07, 06:29:08, 136.5, 58.34, 22.77, 22.02, 9999.0, 9.7, 10.0, 21.73, 9999.0, 24.05, 9999.0, 117.86, 127.75, 120.25, 91.25, 138.5
2024-11-07, 06:29:12, 136.5, 58.32, 22.77, 22.02, 9999.0, 9.73, 10.0, 21.73, 9999.0, 24.05, 9999.0, 117.89, 127.75, 120.25, 91.25, 138.5
2024-11-07, 06:29:16, 136.5, 58.3, 22.8, 22.02, 9999.0, 9.75, 10.0, 21.73, 9999.0, 24.02, 9999.0, 117.89, 127.75, 120.25, 91.25, 138.5
2024-11-07, 06:29:20, 136.5, 58.32, 22.82, 22.02, 9999.0, 9.77, 10.0, 21.73, 9999.0, 24.05, 9999.0, 117.91, 127.75, 120.25, 91.25, 138.5
2024-11-07, 06:29:24, 136.5, 58.32, 22.84, 22.02, 9999.0, 9.77, 10.0, 21.73, 9999.0, 24.07, 9999.0, 117.93, 127.75, 120.25, 91.25, 138.5
2024-11-07, 06:29:28, 136.5, 58.34, 22.86, 22.02, 9999.0, 9.75, 10.0, 21.73, 9999.0, 24.11, 9999.0, 117.95, 127.75, 120.25, 91.25, 138.5
2024-11-07, 06:29:32, 136.5, 58.34, 22.86, 22.02, 9999.0, 9.77, 10.0, 21.73, 9999.0, 24.14, 9999.0, 117.98, 127.75, 120.25, 91.25, 138.5
2024-11-07, 06:29:36, 136.5, 58.32, 22.89, 22.02, 9999.0, 9.73, 10.0, 21.7, 9999.0, 24.16, 9999.0, 118.0, 127.75, 120.25, 91.25, 138.5
2024-11-07, 06:29:40, 136.5, 58.34, 22.89, 22.02, 9999.0, 9.7, 10.0, 21.7, 9999.0, 24.18, 9999.0, 118.02, 127.75, 120.25, 91.25, 138.5
2024-11-07, 06:29:44, 136.5, 58.34, 22.89, 22.0, 9999.0, 9.68, 10.0, 21.7, 9999.0, 24.18, 9999.0, 118.02, 127.75, 120.25, 91.25, 138.5
2024-11-07, 06:29:48, 136.5, 58.34, 22.89, 22.0, 9999.0, 9.66, 10.0, 21.7, 9999.0, 24.2, 9999.0, 118.0, 127.75, 120.25, 91.25, 138.5
2024-11-07, 06:29:52, 136.5, 58.34, 22.91, 22.0, 9999.0, 9.64, 10.0, 21.73, 9999.0, 24.23, 9999.0, 117.98, 127.75, 120.25, 91.25, 138.5
2024-11-07, 06:29:56, 136.5, 58.34, 22.93, 22.0, 9999.0, 9.61, 10.0, 21.73, 9999.0, 24.25, 9999.0, 117.93, 127.75, 120.25, 91.25, 138.5
2024-11-07, 06:30:00, 136.5, 58.36, 22.91, 22.0, 9999.0, 9.61, 10.0, 21.73, 9999.0, 24.27, 9999.0, 117.91, 127.75, 120.25, 91.23, 138.5
2024-11-07, 06:30:04, 136.5, 58.34, 22.91, 22.0, 9999.0, 9.61, 10.0, 21.7, 9999.0, 24.27, 9999.0, 117.89, 127.75, 120.25, 91.23, 138.5
2024-11-07, 06:30:08, 136.5, 58.36, 22.91, 22.0, 9999.0, 9.61, 10.0, 21.7, 9999.0, 24.25, 9999.0, 117.86, 127.75, 120.25, 91.23, 138.5
2024-11-07, 06:30:12, 136.5, 58.34, 22.89, 22.0, 9999.0, 9.66, 10.0, 21.7, 9999.0, 24.23, 9999.0, 117.84, 127.75, 120.25, 91.23, 138.5
2024-11-07, 06:30:16, 136.5, 58.34, 22.91, 22.0, 9999.0, 9.66, 10.0, 21.7, 9999.0, 24.2, 9999.0, 117.84, 127.75, 120.25, 91.2, 138.5
2024-11-07, 06:30:20, 136.5, 58.34, 22.91, 22.0, 9999.0, 9.7, 10.0, 21.73, 9999.0, 24.18, 9999.0, 117.84, 127.75, 120.25, 91.2, 138.5
2024-11-07, 06:30:24, 136.5, 58.32, 22.93, 22.0, 9999.0, 9.7, 10.0, 21.73, 9999.0, 24.16, 9999.0, 117.84, 127.75, 120.25, 91.2, 138.5
2024-11-07, 06:30:28, 136.5, 58.32, 22.93, 22.0, 9999.0, 9.73, 10.0, 21.73, 9999.0, 24.14, 9999.0, 117.86, 127.75, 120.25, 91.2, 138.5
2024-11-07, 06:30:33, 136.5, 58.32, 22.95, 22.0, 9999.0, 9.75, 10.02, 21.73, 9999.0, 24.11, 9999.0, 117.89, 127.75, 120.25, 91.2, 138.5
2024-11-07, 06:30:37, 136.5, 58.32, 22.93, 22.0, 9999.0, 9.77, 10.02, 21.73, 9999.0, 24.11, 9999.0, 117.91, 127.75, 120.25, 91.2, 138.5
2024-11-07, 06:30:41, 136.5, 58.32, 22.91, 22.0, 9999.0, 9.8, 10.02, 21.73, 9999.0, 24.11, 9999.0, 117.93, 127.75, 120.25, 91.2, 138.5
2024-11-07, 06:30:45, 136.5, 58.3, 22.91, 22.0, 9999.0, 9.8, 10.02, 21.73, 9999.0, 24.11, 9999.0, 117.95, 127.75, 120.25, 91.23, 138.5
2024-11-07, 06:30:49, 136.5, 58.3, 22.91, 22.0, 9999.0, 9.77, 10.02, 21.75, 9999.0, 24.11, 9999.0, 117.98, 127.75, 120.25, 91.23, 138.5
2024-11-07, 06:30:53, 136.5, 58.27, 22.91, 22.02, 9999.0, 9.77, 10.02, 21.75, 9999.0, 24.14, 9999.0, 118.0, 127.75, 120.25, 91.23, 138.5
2024-11-07, 06:30:57, 136.5, 58.27, 22.93, 22.05, 9999.0, 9.73, 10.02, 21.75, 9999.0, 24.14, 9999.0, 118.0, 127.75, 120.25, 91.23, 138.5
2024-11-07, 06:31:01, 136.5, 58.25, 22.91, 22.05, 9999.0, 9.7, 10.02, 21.75, 9999.0, 24.16, 9999.0, 118.0, 127.75, 120.25, 91.25, 138.5
2024-11-07, 06:31:05, 136.5, 58.25, 22.89, 22.05, 9999.0, 9.66, 10.02, 21.75, 9999.0, 24.16, 9999.0, 117.98, 127.75, 120.25, 91.25, 138.5
2024-11-07, 06:31:09, 136.5, 58.25, 22.86, 22.05, 9999.0, 9.64, 10.02, 21.75, 9999.0, 24.16, 9999.0, 117.95, 127.75, 120.25, 91.25, 138.5
2024-11-07, 06:31:13, 136.5, 58.27, 22.84, 22.05, 9999.0, 9.61, 10.02, 21.75, 9999.0, 24.16, 9999.0, 117.91, 127.75, 120.25, 91.25, 138.5
2024-11-07, 06:31:17, 136.5, 58.27, 22.82, 22.05, 9999.0, 9.61, 10.0, 21.75, 9999.0, 24.14, 9999.0, 117.89, 127.75, 120.25, 91.25, 138.5
2024-11-07, 06:31:21, 136.5, 58.27, 22.82, 22.05, 9999.0, 9.61, 10.0, 21.75, 9999.0, 24.09, 9999.0, 117.86, 127.75, 120.25, 91.25, 138.5
2024-11-07, 06:31:25, 136.5, 58.27, 22.82, 22.05, 9999.0, 9.61, 10.0, 21.75, 9999.0, 24.07, 9999.0, 117.84, 127.75, 120.25, 91.25, 138.5
2024-11-07, 06:31:29, 136.5, 58.27, 22.82, 22.05, 9999.0, 9.64, 10.0, 21.75, 9999.0, 24.05, 9999.0, 117.82, 127.75, 120.25, 91.25, 138.5
2024-11-07, 06:31:33, 136.5, 58.27, 22.82, 22.05, 9999.0, 9.66, 10.0, 21.75, 9999.0, 24.0, 9999.0, 117.8, 127.75, 120.25, 91.25, 138.5
2024-11-07, 06:31:37, 136.5, 58.3, 22.8, 22.02, 9999.0, 9.68, 10.0, 21.75, 9999.0, 23.95, 9999.0, 117.8, 127.75, 120.25, 91.25, 138.5
2024-11-07, 06:31:41, 136.5, 58.3, 22.77, 22.0, 9999.0, 9.7, 10.0, 21.75, 9999.0, 23.91, 9999.0, 117.82, 127.75, 120.25, 91.25, 138.5
2024-11-07, 06:31:45, 136.5, 58.3, 22.77, 22.0, 9999.0, 9.73, 10.0, 21.75, 9999.0, 23.86, 9999.0, 117.82, 127.75, 120.25, 91.25, 138.5
2024-11-07, 06:31:49, 136.5, 58.3, 22.77, 22.0, 9999.0, 9.75, 10.0, 21.75, 9999.0, 23.84, 9999.0, 117.84, 127.75, 120.25, 91.25, 138.5
2024-11-07, 06:31:53, 136.5, 58.3, 22.77, 22.0, 9999.0, 9.77, 10.0, 21.75, 9999.0, 23.82, 9999.0, 117.86, 127.75, 120.25, 91.25, 138.5
2024-11-07, 06:31:57, 136.5, 58.27, 22.77, 22.0, 9999.0, 9.8, 10.0, 21.75, 9999.0, 23.82, 9999.0, 117.89, 127.75, 120.25, 91.25, 138.5
2024-11-07, 06:32:01, 136.5, 58.27, 22.77, 22.0, 9999.0, 9.8, 10.0, 21.75, 9999.0, 23.84, 9999.0, 117.91, 127.75, 120.25, 91.25, 138.5
2024-11-07, 06:32:05, 136.5, 58.27, 22.77, 22.0, 9999.0, 9.8, 10.0, 21.75, 9999.0, 23.86, 9999.0, 117.93, 127.75, 120.25, 91.25, 138.5
2024-11-07, 06:32:09, 136.5, 58.3, 22.77, 22.0, 9999.0, 9.8, 10.0, 21.75, 9999.0, 23.89, 9999.0, 117.95, 127.75, 120.25, 91.25, 138.5
2024-11-07, 06:32:13, 136.5, 58.32, 22.77, 22.0, 9999.0, 9.77, 10.0, 21.75, 9999.0, 23.91, 9999.0, 117.98, 127.75, 120.25, 91.25, 138.5
2024-11-07, 06:32:17, 136.5, 58.32, 22.75, 22.0, 9999.0, 9.75, 10.0, 21.75, 9999.0, 23.95, 9999.0, 118.0, 127.75, 120.25, 91.25, 138.5
2024-11-07, 06:32:21, 136.5, 58.3, 22.77, 22.0, 9999.0, 9.7, 10.0, 21.75, 9999.0, 23.98, 9999.0, 117.98, 127.75, 120.25, 91.25, 138.48
2024-11-07, 06:32:25, 136.5, 58.3, 22.8, 22.0, 9999.0, 9.68, 10.0, 21.75, 9999.0, 24.0, 9999.0, 117.95, 127.75, 120.25, 91.25, 138.45
2024-11-07, 06:32:29, 136.5, 58.3, 22.82, 22.0, 9999.0, 9.66, 10.0, 21.75, 9999.0, 24.02, 9999.0, 117.93, 127.75, 120.25, 91.25, 138.45
2024-11-07, 06:32:33, 136.5, 58.3, 22.82, 22.0, 9999.0, 9.64, 10.0, 21.75, 9999.0, 24.05, 9999.0, 117.91, 127.75, 120.25, 91.25, 138.43
2024-11-07, 06:32:37, 136.5, 58.3, 22.84, 22.0, 9999.0, 9.64, 10.0, 21.75, 9999.0, 24.07, 9999.0, 117.89, 127.75, 120.25, 91.25, 138.43
2024-11-07, 06:32:41, 136.5, 58.3, 22.84, 22.0, 9999.0, 9.64, 10.0, 21.75, 9999.0, 24.07, 9999.0, 117.86, 127.75, 120.25, 91.25, 138.43
2024-11-07, 06:32:45, 136.5, 58.3, 22.86, 22.0, 9999.0, 9.64, 10.0, 21.75, 9999.0, 24.07, 9999.0, 117.84, 127.75, 120.25, 91.25, 138.43
2024-11-07, 06:32:49, 136.5, 58.3, 22.89, 22.0, 9999.0, 9.66, 10.0, 21.75, 9999.0, 24.07, 9999.0, 117.82, 127.75, 120.25, 91.25, 138.43
2024-11-07, 06:32:53, 136.5, 58.27, 22.91, 22.0, 9999.0, 9.68, 10.0, 21.75, 9999.0, 24.02, 9999.0, 117.82, 127.75, 120.25, 91.25, 138.43
2024-11-07, 06:32:57, 136.5, 58.25, 22.93, 22.0, 9999.0, 9.68, 10.0, 21.75, 9999.0, 23.98, 9999.0, 117.82, 127.75, 120.25, 91.25, 138.43
2024-11-07, 06:33:01, 136.5, 58.25, 22.93, 22.0, 9999.0, 9.7, 10.0, 21.75, 9999.0, 23.93, 9999.0, 117.82, 127.75, 120.25, 91.25, 138.43
2024-11-07, 06:33:05, 136.5, 58.25, 22.91, 22.0, 9999.0, 9.73, 10.0, 21.75, 9999.0, 23.91, 9999.0, 117.86, 127.75, 120.25, 91.25, 138.45
2024-11-07, 06:33:09, 136.5, 58.25, 22.89, 22.0, 9999.0, 9.75, 10.0, 21.75, 9999.0, 23.89, 9999.0, 117.89, 127.75, 120.25, 91.25, 138.48
2024-11-07, 06:33:13, 136.5, 58.25, 22.86, 22.0, 9999.0, 9.77, 10.0, 21.75, 9999.0, 23.89, 9999.0, 117.91, 127.75, 120.25, 91.25, 138.48
2024-11-07, 06:33:17, 136.5, 58.25, 22.86, 22.0, 9999.0, 9.8, 10.0, 21.75, 9999.0, 23.89, 9999.0, 117.93, 127.75, 120.25, 91.25, 138.5
2024-11-07, 06:33:21, 136.5, 58.25, 22.86, 22.0, 9999.0, 9.8, 10.0, 21.75, 9999.0, 23.89, 9999.0, 117.95, 127.75, 120.25, 91.25, 138.5
2024-11-07, 06:33:25, 136.5, 58.25, 22.86, 22.0, 9999.0, 9.8, 10.0, 21.75, 9999.0, 23.91, 9999.0, 117.98, 127.75, 120.25, 91.25, 138.5
2024-11-07, 06:33:29, 136.5, 58.25, 22.84, 22.0, 9999.0, 9.77, 10.0, 21.75, 9999.0, 23.91, 9999.0, 118.0, 127.75, 120.25, 91.25, 138.5
2024-11-07, 06:33:33, 136.5, 58.25, 22.82, 22.0, 9999.0, 9.73, 10.0, 21.75, 9999.0, 23.91, 9999.0, 118.0, 127.75, 120.25, 91.25, 138.5
2024-11-07, 06:33:37, 136.5, 58.25, 22.8, 22.0, 9999.0, 9.68, 10.0, 21.75, 9999.0, 23.93, 9999.0, 118.0, 127.75, 120.25, 91.23, 138.5
2024-11-07, 06:33:41, 136.5, 58.25, 22.77, 22.0, 9999.0, 9.66, 10.0, 21.73, 9999.0, 23.95, 9999.0, 117.98, 127.75, 120.25, 91.23, 138.5
2024-11-07, 06:33:45, 136.5, 58.25, 22.77, 22.0, 9999.0, 9.64, 10.0, 21.73, 9999.0, 23.98, 9999.0, 117.95, 127.75, 120.25, 91.23, 138.5
2024-11-07, 06:33:49, 136.5, 58.25, 22.8, 22.0, 9999.0, 9.61, 10.0, 21.73, 9999.0, 24.0, 9999.0, 117.91, 127.75, 120.25, 91.23, 138.5
2024-11-07, 06:33:53, 136.5, 58.25, 22.82, 22.0, 9999.0, 9.59, 10.0, 21.73, 9999.0, 24.02, 9999.0, 117.89, 127.75, 120.25, 91.2, 138.5
2024-11-07, 06:33:57, 136.5, 58.25, 22.82, 22.0, 9999.0, 9.59, 10.0, 21.73, 9999.0, 24.02, 9999.0, 117.86, 127.75, 120.25, 91.18, 138.48
2024-11-07, 06:34:01, 136.5, 58.25, 22.82, 22.0, 9999.0, 9.59, 10.0, 21.73, 9999.0, 24.0, 9999.0, 117.84, 127.75, 120.25, 91.18, 138.48
2024-11-07, 06:34:06, 136.5, 58.25, 22.82, 22.0, 9999.0, 9.59, 10.0, 21.73, 9999.0, 23.98, 9999.0, 117.82, 127.75, 120.25, 91.18, 138.48
2024-11-07, 06:34:10, 136.5, 58.25, 22.82, 22.0, 9999.0, 9.59, 10.0, 21.73, 9999.0, 23.93, 9999.0, 117.8, 127.75, 120.25, 91.18, 138.48
2024-11-07, 06:34:14, 136.5, 58.25, 22.82, 22.0, 9999.0, 9.61, 10.0, 21.73, 9999.0, 23.91, 9999.0, 117.8, 127.75, 120.25, 91.18, 138.48
2024-11-07, 06:34:18, 136.5, 58.25, 22.82, 22.0, 9999.0, 9.64, 10.0, 21.73, 9999.0, 23.89, 9999.0, 117.8, 127.75, 120.25, 91.16, 138.48
2024-11-07, 06:34:22, 136.5, 58.25, 22.82, 22.0, 9999.0, 9.66, 10.0, 21.73, 9999.0, 23.86, 9999.0, 117.8, 127.75, 120.25, 91.18, 138.45
2024-11-07, 06:34:26, 136.5, 58.25, 22.84, 22.0, 9999.0, 9.68, 10.0, 21.75, 9999.0, 23.84, 9999.0, 117.82, 127.75, 120.25, 91.18, 138.45
2024-11-07, 06:34:30, 136.5, 58.25, 22.84, 22.0, 9999.0, 9.7, 10.0, 21.75, 9999.0, 23.82, 9999.0, 117.84, 127.75, 120.25, 91.18, 138.45
2024-11-07, 06:34:34, 136.5, 58.25, 22.84, 22.0, 9999.0, 9.73, 10.0, 21.75, 9999.0, 23.8, 9999.0, 117.86, 127.75, 120.25, 91.18, 138.45
2024-11-07, 06:34:38, 136.5, 58.25, 22.84, 22.0, 9999.0, 9.75, 10.0, 21.75, 9999.0, 23.8, 9999.0, 117.89, 127.75, 120.25, 91.2, 138.45
2024-11-07, 06:34:42, 136.5, 58.25, 22.86, 22.0, 9999.0, 9.75, 10.0, 21.73, 9999.0, 23.8, 9999.0, 117.91, 127.75, 120.25, 91.23, 138.48
2024-11-07, 06:34:46, 136.5, 58.25, 22.86, 22.0, 9999.0, 9.75, 10.0, 21.73, 9999.0, 23.84, 9999.0, 117.93, 127.75, 120.25, 91.23, 138.48
2024-11-07, 06:34:50, 136.5, 58.25, 22.84, 22.0, 9999.0, 9.75, 10.0, 21.73, 9999.0, 23.86, 9999.0, 117.95, 127.75, 120.25, 91.23, 138.48
2024-11-07, 06:34:54, 136.5, 58.25, 22.84, 22.0, 9999.0, 9.73, 10.0, 21.73, 9999.0, 23.89, 9999.0, 117.95, 127.75, 120.25, 91.23, 138.48
2024-11-07, 06:34:58, 136.5, 58.25, 22.86, 22.0, 9999.0, 9.7, 10.0, 21.73, 9999.0, 23.91, 9999.0, 117.95, 127.75, 120.25, 91.23, 138.48
2024-11-07, 06:35:02, 136.5, 58.25, 22.89, 22.0, 9999.0, 9.68, 10.0, 21.73, 9999.0, 23.93, 9999.0, 117.95, 127.75, 120.25, 91.25, 138.45
2024-11-07, 06:35:06, 136.5, 58.25, 22.89, 22.0, 9999.0, 9.66, 10.0, 21.73, 9999.0, 23.95, 9999.0, 117.93, 127.75, 120.25, 91.25, 138.48
2024-11-07, 06:35:10, 136.5, 58.25, 22.86, 22.0, 9999.0, 9.64, 10.0, 21.73, 9999.0, 23.98, 9999.0, 117.91, 127.75, 120.25, 91.25, 138.48
2024-11-07, 06:35:14, 136.5, 58.25, 22.86, 22.0, 9999.0, 9.64, 10.0, 21.73, 9999.0, 24.0, 9999.0, 117.89, 127.75, 120.25, 91.25, 138.48
2024-11-07, 06:35:18, 136.5, 58.25, 22.84, 22.0, 9999.0, 9.64, 10.0, 21.73, 9999.0, 24.02, 9999.0, 117.86, 127.75, 120.25, 91.25, 138.48
2024-11-07, 06:35:22, 136.5, 58.25, 22.84, 22.0, 9999.0, 9.64, 10.0, 21.73, 9999.0, 24.02, 9999.0, 117.84, 127.75, 120.25, 91.25, 138.48
2024-11-07, 06:35:26, 136.5, 58.25, 22.84, 22.0, 9999.0, 9.66, 10.0, 21.75, 9999.0, 24.02, 9999.0, 117.82, 127.75, 120.25, 91.25, 138.48
2024-11-07, 06:35:30, 136.5, 58.25, 22.84, 22.0, 9999.0, 9.66, 10.0, 21.75, 9999.0, 24.0, 9999.0, 117.82, 127.75, 120.25, 91.25, 138.48
2024-11-07, 06:35:34, 136.5, 58.25, 22.84, 22.0, 9999.0, 9.66, 10.0, 21.75, 9999.0, 23.98, 9999.0, 117.8, 127.75, 120.25, 91.25, 138.48
2024-11-07, 06:35:38, 136.5, 58.25, 22.84, 22.0, 9999.0, 9.68, 10.0, 21.75, 9999.0, 23.95, 9999.0, 117.82, 127.75, 120.25, 91.25, 138.48
2024-11-07, 06:35:42, 136.5, 58.25, 22.82, 22.0, 9999.0, 9.7, 10.0, 21.75, 9999.0, 23.93, 9999.0, 117.82, 127.75, 120.25, 91.25, 138.48
2024-11-07, 06:35:46, 136.5, 58.25, 22.82, 22.0, 9999.0, 9.73, 10.0, 21.75, 9999.0, 23.91, 9999.0, 117.84, 127.75, 120.25, 91.25, 138.5
2024-11-07, 06:35:50, 136.5, 58.25, 22.82, 22.0, 9999.0, 9.75, 10.0, 21.75, 9999.0, 23.89, 9999.0, 117.86, 127.75, 120.25, 91.25, 138.5
2024-11-07, 06:35:54, 136.5, 58.25, 22.82, 22.0, 9999.0, 9.77, 10.0, 21.75, 9999.0, 23.86, 9999.0, 117.89, 127.75, 120.25, 91.25, 138.5
2024-11-07, 06:35:58, 136.5, 58.25, 22.82, 22.02, 9999.0, 9.77, 10.0, 21.75, 9999.0, 23.84, 9999.0, 117.91, 127.75, 120.25, 91.25, 138.48
2024-11-07, 06:36:02, 136.5, 58.25, 22.82, 22.02, 9999.0, 9.77, 10.0, 21.75, 9999.0, 23.84, 9999.0, 117.93, 127.75, 120.25, 91.25, 138.48
2024-11-07, 06:36:06, 136.48, 58.25, 22.82, 22.02, 9999.0, 9.75, 10.0, 21.75, 9999.0, 23.84, 9999.0, 117.95, 127.75, 120.25, 91.25, 138.48
2024-11-07, 06:36:10, 136.48, 58.25, 22.8, 22.02, 9999.0, 9.7, 10.0, 21.75, 9999.0, 23.84, 9999.0, 117.98, 127.75, 120.25, 91.25, 138.48
2024-11-07, 06:36:14, 136.48, 58.25, 22.8, 22.02, 9999.0, 9.68, 10.0, 21.75, 9999.0, 23.84, 9999.0, 117.95, 127.75, 120.25, 91.25, 138.48
2024-11-07, 06:36:18, 136.48, 58.25, 22.82, 22.02, 9999.0, 9.66, 10.0, 21.75, 9999.0, 23.86, 9999.0, 117.98, 127.75, 120.25, 91.23, 138.48
2024-11-07, 06:36:22, 136.48, 58.25, 22.84, 22.02, 9999.0, 9.64, 10.0, 21.75, 9999.0, 23.89, 9999.0, 117.95, 127.75, 120.25, 91.23, 138.48
2024-11-07, 06:36:26, 136.48, 58.25, 22.84, 22.02, 9999.0, 9.61, 10.0, 21.75, 9999.0, 23.89, 9999.0, 117.93, 127.75, 120.25, 91.23, 138.48
2024-11-07, 06:36:30, 136.48, 58.25, 22.82, 22.02, 9999.0, 9.59, 10.0, 21.75, 9999.0, 23.89, 9999.0, 117.91, 127.75, 120.25, 91.23, 138.48
2024-11-07, 06:36:34, 136.48, 58.25, 22.84, 22.02, 9999.0, 9.59, 10.0, 21.75, 9999.0, 23.89, 9999.0, 117.89, 127.75, 120.25, 91.23, 138.48
2024-11-07, 06:36:38, 136.48, 58.25, 22.86, 22.02, 9999.0, 9.59, 10.0, 21.75, 9999.0, 23.89, 9999.0, 117.86, 127.75, 120.25, 91.23, 138.48
2024-11-07, 06:36:42, 136.48, 58.25, 22.89, 22.0, 9999.0, 9.59, 10.0, 21.75, 9999.0, 23.89, 9999.0, 117.84, 127.75, 120.25, 91.23, 138.5
2024-11-07, 06:36:46, 136.48, 58.25, 22.89, 22.0, 9999.0, 9.61, 10.0, 21.75, 9999.0, 23.86, 9999.0, 117.82, 127.75, 120.25, 91.23, 138.5
2024-11-07, 06:36:50, 136.5, 58.25, 22.86, 22.0, 9999.0, 9.64, 10.0, 21.75, 9999.0, 23.84, 9999.0, 117.82, 127.75, 120.25, 91.2, 138.5
2024-11-07, 06:36:54, 136.5, 58.25, 22.89, 22.0, 9999.0, 9.66, 10.0, 21.75, 9999.0, 23.82, 9999.0, 117.8, 127.75, 120.25, 91.18, 138.5
2024-11-07, 06:36:58, 136.5, 58.25, 22.89, 22.0, 9999.0, 9.68, 10.0, 21.75, 9999.0, 23.8, 9999.0, 117.82, 127.75, 120.25, 91.18, 138.5
2024-11-07, 06:37:02, 136.5, 58.25, 22.86, 22.0, 9999.0, 9.7, 10.0, 21.75, 9999.0, 23.77, 9999.0, 117.82, 127.75, 120.25, 91.2, 138.5
2024-11-07, 06:37:06, 136.5, 58.25, 22.84, 22.0, 9999.0, 9.73, 10.0, 21.75, 9999.0, 23.75, 9999.0, 117.84, 127.75, 120.25, 91.2, 138.5
2024-11-07, 06:37:10, 136.5, 58.25, 22.86, 22.0, 9999.0, 9.75, 10.0, 21.75, 9999.0, 23.75, 9999.0, 117.86, 127.75, 120.25, 91.2, 138.5
2024-11-07, 06:37:14, 136.5, 58.25, 22.89, 22.0, 9999.0, 9.77, 10.0, 21.75, 9999.0, 23.77, 9999.0, 117.89, 127.75, 120.25, 91.2, 138.5
2024-11-07, 06:37:18, 136.5, 58.25, 22.86, 22.0, 9999.0, 9.77, 10.0, 21.75, 9999.0, 23.8, 9999.0, 117.91, 127.75, 120.25, 91.2, 138.5
2024-11-07, 06:37:22, 136.5, 58.25, 22.86, 22.0, 9999.0, 9.75, 10.0, 21.75, 9999.0, 23.84, 9999.0, 117.93, 127.75, 120.25, 91.2, 138.5
2024-11-07, 06:37:26, 136.5, 58.25, 22.84, 22.0, 9999.0, 9.73, 10.0, 21.75, 9999.0, 23.89, 9999.0, 117.95, 127.75, 120.25, 91.2, 138.5
2024-11-07, 06:37:30, 136.5, 58.25, 22.86, 22.0, 9999.0, 9.68, 10.0, 21.75, 9999.0, 23.93, 9999.0, 117.95, 127.75, 120.25, 91.2, 138.5
2024-11-07, 06:37:35, 136.5, 58.25, 22.86, 22.0, 9999.0, 9.66, 10.0, 21.75, 9999.0, 23.98, 9999.0, 117.95, 127.75, 120.25, 91.23, 138.5
2024-11-07, 06:37:39, 136.5, 58.25, 22.86, 22.0, 9999.0, 9.64, 10.0, 21.75, 9999.0, 24.0, 9999.0, 117.95, 127.75, 120.25, 91.25, 138.5
2024-11-07, 06:37:43, 136.5, 58.25, 22.89, 22.0, 9999.0, 9.61, 10.0, 21.75, 9999.0, 24.02, 9999.0, 117.93, 127.75, 120.25, 91.25, 138.5
2024-11-07, 06:37:47, 136.5, 58.25, 22.89, 22.0, 9999.0, 9.59, 10.0, 21.75, 9999.0, 24.05, 9999.0, 117.91, 127.75, 120.25, 91.25, 138.5
2024-11-07, 06:37:51, 136.5, 58.25, 22.89, 22.0, 9999.0, 9.57, 10.0, 21.75, 9999.0, 24.07, 9999.0, 117.89, 127.75, 120.25, 91.25, 138.5
2024-11-07, 06:37:55, 136.5, 58.25, 22.89, 22.0, 9999.0, 9.57, 10.0, 21.75, 9999.0, 24.09, 9999.0, 117.86, 127.75, 120.25, 91.23, 138.5
2024-11-07, 06:37:59, 136.5, 58.25, 22.89, 22.0, 9999.0, 9.57, 10.0, 21.73, 9999.0, 24.09, 9999.0, 117.84, 127.75, 120.25, 91.2, 138.5
2024-11-07, 06:38:03, 136.5, 58.25, 22.91, 22.0, 9999.0, 9.57, 10.0, 21.73, 9999.0, 24.07, 9999.0, 117.82, 127.75, 120.25, 91.2, 138.5
2024-11-07, 06:38:07, 136.5, 58.25, 22.89, 22.0, 9999.0, 9.59, 10.0, 21.73, 9999.0, 24.05, 9999.0, 117.77, 127.75, 120.25, 91.2, 138.5
2024-11-07, 06:38:11, 136.5, 58.25, 22.91, 22.0, 9999.0, 9.61, 10.0, 21.73, 9999.0, 24.02, 9999.0, 117.75, 127.75, 120.25, 91.2, 138.5
2024-11-07, 06:38:15, 136.5, 58.25, 22.89, 22.0, 9999.0, 9.64, 10.0, 21.73, 9999.0, 24.0, 9999.0, 117.75, 127.75, 120.25, 91.18, 138.5
2024-11-07, 06:38:19, 136.5, 58.25, 22.89, 22.0, 9999.0, 9.66, 10.0, 21.73, 9999.0, 23.98, 9999.0, 117.75, 127.75, 120.25, 91.18, 138.5
2024-11-07, 06:38:23, 136.5, 58.25, 22.89, 22.02, 9999.0, 9.68, 10.0, 21.73, 9999.0, 23.98, 9999.0, 117.77, 127.75, 120.25, 91.18, 138.5
2024-11-07, 06:38:27, 136.5, 58.25, 22.86, 22.02, 9999.0, 9.7, 10.0, 21.73, 9999.0, 23.95, 9999.0, 117.8, 127.75, 120.25, 91.18, 138.5
2024-11-07, 06:38:31, 136.5, 58.25, 22.89, 22.02, 9999.0, 9.73, 10.0, 21.73, 9999.0, 23.95, 9999.0, 117.82, 127.75, 120.25, 91.18, 138.5
2024-11-07, 06:38:35, 136.5, 58.25, 22.89, 22.05, 9999.0, 9.75, 10.0, 21.73, 9999.0, 23.93, 9999.0, 117.84, 127.75, 120.25, 91.16, 138.5
2024-11-07, 06:38:39, 136.5, 58.25, 22.86, 22.05, 9999.0, 9.73, 10.0, 21.73, 9999.0, 23.93, 9999.0, 117.86, 127.75, 120.25, 91.18, 138.5
2024-11-07, 06:38:43, 136.5, 58.25, 22.86, 22.05, 9999.0, 9.7, 10.0, 21.75, 9999.0, 23.93, 9999.0, 117.89, 127.75, 120.25, 91.2, 138.5
2024-11-07, 06:38:47, 136.5, 58.25, 22.86, 22.05, 9999.0, 9.68, 10.0, 21.75, 9999.0, 23.95, 9999.0, 117.91, 127.75, 120.25, 91.2, 138.5
2024-11-07, 06:38:51, 136.5, 58.25, 22.86, 22.05, 9999.0, 9.66, 10.0, 21.75, 9999.0, 23.95, 9999.0, 117.95, 127.75, 120.25, 91.2, 138.5
2024-11-07, 06:38:55, 136.5, 58.25, 22.84, 22.05, 9999.0, 9.64, 10.0, 21.75, 9999.0, 23.95, 9999.0, 117.98, 127.75, 120.25, 91.2, 138.5
2024-11-07, 06:38:59, 136.5, 58.25, 22.84, 22.05, 9999.0, 9.61, 10.0, 21.75, 9999.0, 23.95, 9999.0, 117.98, 127.75, 120.25, 91.23, 138.5
2024-11-07, 06:39:03, 136.5, 58.25, 22.86, 22.05, 9999.0, 9.59, 10.0, 21.73, 9999.0, 23.93, 9999.0, 117.95, 127.75, 120.25, 91.2, 138.5
2024-11-07, 06:39:07, 136.5, 58.25, 22.86, 22.02, 9999.0, 9.57, 10.0, 21.73, 9999.0, 23.91, 9999.0, 117.93, 127.75, 120.25, 91.2, 138.5
2024-11-07, 06:39:11, 136.5, 58.25, 22.86, 22.02, 9999.0, 9.57, 10.0, 21.73, 9999.0, 23.91, 9999.0, 117.91, 127.75, 120.25, 91.2, 138.5
2024-11-07, 06:39:15, 136.5, 58.25, 22.86, 22.02, 9999.0, 9.57, 10.0, 21.73, 9999.0, 23.89, 9999.0, 117.89, 127.75, 120.25, 91.2, 138.5
2024-11-07, 06:39:19, 136.5, 58.25, 22.89, 22.0, 9999.0, 9.57, 10.0, 21.7, 9999.0, 23.89, 9999.0, 117.86, 127.75, 120.25, 91.23, 138.5
2024-11-07, 06:39:23, 136.5, 58.25, 22.91, 22.0, 9999.0, 9.61, 10.0, 21.7, 9999.0, 23.86, 9999.0, 117.84, 127.75, 120.25, 91.23, 138.5
2024-11-07, 06:39:27, 136.5, 58.25, 22.91, 22.0, 9999.0, 9.66, 10.0, 21.7, 9999.0, 23.84, 9999.0, 117.82, 127.75, 120.25, 91.23, 138.5
2024-11-07, 06:39:31, 136.5, 58.25, 22.89, 22.0, 9999.0, 9.68, 10.0, 21.7, 9999.0, 23.82, 9999.0, 117.82, 127.75, 120.25, 91.23, 138.5
2024-11-07, 06:39:35, 136.5, 58.25, 22.89, 22.0, 9999.0, 9.7, 10.0, 21.7, 9999.0, 23.8, 9999.0, 117.8, 127.75, 120.25, 91.23, 138.5
2024-11-07, 06:39:39, 136.5, 58.25, 22.91, 22.0, 9999.0, 9.73, 10.0, 21.7, 9999.0, 23.77, 9999.0, 117.8, 127.75, 120.25, 91.23, 138.5
2024-11-07, 06:39:43, 136.48, 58.25, 22.91, 22.0, 9999.0, 9.75, 10.0, 21.7, 9999.0, 23.75, 9999.0, 117.82, 127.75, 120.25, 91.23, 138.5
2024-11-07, 06:39:47, 136.48, 58.25, 22.89, 22.0, 9999.0, 9.77, 10.0, 21.73, 9999.0, 23.75, 9999.0, 117.84, 127.75, 120.25, 91.25, 138.5
2024-11-07, 06:39:51, 136.48, 58.25, 22.86, 22.0, 9999.0, 9.8, 10.0, 21.73, 9999.0, 23.75, 9999.0, 117.86, 127.75, 120.25, 91.25, 138.5
2024-11-07, 06:39:55, 136.48, 58.25, 22.89, 22.0, 9999.0, 9.8, 10.0, 21.73, 9999.0, 23.75, 9999.0, 117.89, 127.75, 120.25, 91.25, 138.5
2024-11-07, 06:39:59, 136.48, 58.25, 22.89, 22.0, 9999.0, 9.8, 10.0, 21.73, 9999.0, 23.77, 9999.0, 117.91, 127.75, 120.25, 91.25, 138.5
2024-11-07, 06:40:03, 136.48, 58.25, 22.86, 22.0, 9999.0, 9.77, 10.0, 21.75, 9999.0, 23.8, 9999.0, 117.93, 127.75, 120.25, 91.23, 138.5
2024-11-07, 06:40:07, 136.48, 58.25, 22.84, 22.0, 9999.0, 9.73, 10.0, 21.75, 9999.0, 23.82, 9999.0, 117.95, 127.75, 120.25, 91.2, 138.5
2024-11-07, 06:40:11, 136.48, 58.25, 22.82, 22.0, 9999.0, 9.68, 10.0, 21.75, 9999.0, 23.84, 9999.0, 117.95, 127.75, 120.25, 91.2, 138.5
2024-11-07, 06:40:15, 136.48, 58.25, 22.84, 22.0, 9999.0, 9.66, 10.0, 21.75, 9999.0, 23.86, 9999.0, 117.93, 127.75, 120.25, 91.2, 138.5
2024-11-07, 06:40:19, 136.48, 58.25, 22.86, 22.0, 9999.0, 9.64, 10.0, 21.75, 9999.0, 23.89, 9999.0, 117.93, 127.75, 120.25, 91.2, 138.5
2024-11-07, 06:40:23, 136.45, 58.25, 22.84, 22.0, 9999.0, 9.61, 10.0, 21.73, 9999.0, 23.89, 9999.0, 117.91, 127.75, 120.25, 91.2, 138.5
2024-11-07, 06:40:27, 136.48, 58.25, 22.84, 22.0, 9999.0, 9.59, 10.0, 21.73, 9999.0, 23.89, 9999.0, 117.89, 127.75, 120.25, 91.18, 138.5
2024-11-07, 06:40:31, 136.48, 58.25, 22.84, 22.0, 9999.0, 9.59, 10.0, 21.73, 9999.0, 23.89, 9999.0, 117.86, 127.75, 120.25, 91.18, 138.5
2024-11-07, 06:40:35, 136.48, 58.25, 22.84, 22.0, 9999.0, 9.59, 10.0, 21.73, 9999.0, 23.89, 9999.0, 117.84, 127.75, 120.25, 91.18, 138.5
2024-11-07, 06:40:41, 136.48, 58.25, 22.82, 22.0, 9999.0, 9.59, 10.0, 21.73, 9999.0, 23.89, 9999.0, 117.82, 127.75, 120.25, 91.18, 138.5
2024-11-07, 06:40:45, 136.48, 58.27, 22.8, 22.0, 9999.0, 9.61, 10.0, 21.73, 9999.0, 23.86, 9999.0, 117.8, 127.75, 120.25, 91.18, 138.5
2024-11-07, 06:40:49, 136.45, 58.27, 22.8, 22.0, 9999.0, 9.64, 10.0, 21.73, 9999.0, 23.84, 9999.0, 117.77, 127.75, 120.25, 91.2, 138.5
2024-11-07, 06:40:53, 136.45, 58.27, 22.8, 22.0, 9999.0, 9.66, 10.0, 21.73, 9999.0, 23.82, 9999.0, 117.75, 127.75, 120.25, 91.23, 138.5
2024-11-07, 06:40:57, 136.45, 58.27, 22.8, 22.0, 9999.0, 9.68, 10.0, 21.73, 9999.0, 23.77, 9999.0, 117.75, 127.75, 120.25, 91.23, 138.5
2024-11-07, 06:41:01, 136.43, 58.27, 22.77, 22.0, 9999.0, 9.7, 10.0, 21.73, 9999.0, 23.73, 9999.0, 117.77, 127.75, 120.25, 91.23, 138.5
2024-11-07, 06:41:05, 136.43, 58.27, 22.75, 22.0, 9999.0, 9.73, 10.0, 21.73, 9999.0, 23.68, 9999.0, 117.8, 127.75, 120.25, 91.23, 138.5
2024-11-07, 06:41:09, 136.45, 58.27, 22.77, 22.0, 9999.0, 9.75, 10.0, 21.75, 9999.0, 23.68, 9999.0, 117.82, 127.75, 120.25, 91.23, 138.5
2024-11-07, 06:41:13, 136.45, 58.27, 22.77, 22.0, 9999.0, 9.77, 10.0, 21.75, 9999.0, 23.68, 9999.0, 117.84, 127.75, 120.25, 91.25, 138.5
2024-11-07, 06:41:17, 136.45, 58.3, 22.8, 22.0, 9999.0, 9.77, 10.0, 21.75, 9999.0, 23.68, 9999.0, 117.86, 127.75, 120.25, 91.25, 138.5
2024-11-07, 06:41:21, 136.45, 58.3, 22.8, 22.0, 9999.0, 9.77, 10.0, 21.75, 9999.0, 23.7, 9999.0, 117.89, 127.75, 120.25, 91.25, 138.5
2024-11-07, 06:41:25, 136.45, 58.3, 22.8, 22.0, 9999.0, 9.77, 10.0, 21.75, 9999.0, 23.73, 9999.0, 117.91, 127.75, 120.25, 91.25, 138.5
2024-11-07, 06:41:29, 136.45, 58.27, 22.8, 22.0, 9999.0, 9.75, 10.0, 21.75, 9999.0, 23.75, 9999.0, 117.93, 127.75, 120.25, 91.25, 138.5
2024-11-07, 06:41:33, 136.48, 58.27, 22.8, 22.0, 9999.0, 9.73, 10.0, 21.75, 9999.0, 23.77, 9999.0, 117.95, 127.75, 120.25, 91.25, 138.5
2024-11-07, 06:41:37, 136.48, 58.27, 22.8, 22.0, 9999.0, 9.7, 10.0, 21.75, 9999.0, 23.77, 9999.0, 117.95, 127.75, 120.25, 91.23, 138.5
2024-11-07, 06:41:42, 136.48, 58.27, 22.8, 22.0, 9999.0, 9.68, 10.0, 21.75, 9999.0, 23.8, 9999.0, 117.95, 127.75, 120.25, 91.23, 138.5
2024-11-07, 06:41:46, 136.5, 58.27, 22.8, 22.0, 9999.0, 9.66, 10.0, 21.75, 9999.0, 23.82, 9999.0, 117.93, 127.75, 120.25, 91.23, 138.5
2024-11-07, 06:41:50, 136.5, 58.27, 22.8, 22.0, 9999.0, 9.64, 10.0, 21.75, 9999.0, 23.84, 9999.0, 117.91, 127.75, 120.25, 91.23, 138.5
2024-11-07, 06:41:54, 136.5, 58.27, 22.77, 22.0, 9999.0, 9.64, 10.0, 21.75, 9999.0, 23.84, 9999.0, 117.89, 127.75, 120.25, 91.23, 138.5
2024-11-07, 06:41:58, 136.5, 58.27, 22.8, 22.0, 9999.0, 9.64, 10.0, 21.75, 9999.0, 23.84, 9999.0, 117.86, 127.75, 120.25, 91.23, 138.5
2024-11-07, 06:42:02, 136.5, 58.25, 22.8, 22.0, 9999.0, 9.64, 10.0, 21.75, 9999.0, 23.84, 9999.0, 117.84, 127.75, 120.25, 91.23, 138.5
2024-11-07, 06:42:06, 136.5, 58.25, 22.8, 22.0, 9999.0, 9.66, 10.0, 21.75, 9999.0, 23.82, 9999.0, 117.82, 127.75, 120.25, 91.23, 138.5
2024-11-07, 06:42:10, 136.5, 58.25, 22.8, 22.0, 9999.0, 9.66, 10.0, 21.75, 9999.0, 23.8, 9999.0, 117.82, 127.75, 120.25, 91.23, 138.5
2024-11-07, 06:42:14, 136.5, 58.25, 22.8, 22.0, 9999.0, 9.66, 10.0, 21.75, 9999.0, 23.77, 9999.0, 117.82, 127.75, 120.25, 91.23, 138.5
2024-11-07, 06:42:18, 136.5, 58.25, 22.8, 22.0, 9999.0, 9.68, 10.0, 21.75, 9999.0, 23.75, 9999.0, 117.82, 127.75, 120.25, 91.23, 138.5
2024-11-07, 06:42:22, 136.5, 58.25, 22.8, 22.0, 9999.0, 9.7, 10.0, 21.75, 9999.0, 23.75, 9999.0, 117.84, 127.75, 120.25, 91.25, 138.5
2024-11-07, 06:42:26, 136.5, 58.25, 22.82, 22.0, 9999.0, 9.73, 10.0, 21.75, 9999.0, 23.73, 9999.0, 117.86, 127.75, 120.25, 91.25, 138.5
2024-11-07, 06:42:30, 136.48, 58.25, 22.82, 22.0, 9999.0, 9.75, 10.0, 21.75, 9999.0, 23.73, 9999.0, 117.89, 127.75, 120.25, 91.25, 138.5
2024-11-07, 06:42:34, 136.48, 58.25, 22.84, 22.0, 9999.0, 9.77, 10.0, 21.75, 9999.0, 23.73, 9999.0, 117.91, 127.75, 120.25, 91.25, 138.5
2024-11-07, 06:42:38, 136.48, 58.25, 22.84, 22.0, 9999.0, 9.77, 10.0, 21.75, 9999.0, 23.73, 9999.0, 117.93, 127.75, 120.25, 91.25, 138.5
2024-11-07, 06:42:42, 136.48, 58.27, 22.82, 22.0, 9999.0, 9.77, 10.0, 21.75, 9999.0, 23.73, 9999.0, 117.95, 127.75, 120.25, 91.25, 138.5
2024-11-07, 06:42:46, 136.48, 58.27, 22.8, 22.0, 9999.0, 9.77, 10.0, 21.75, 9999.0, 23.73, 9999.0, 117.98, 127.75, 120.25, 91.25, 138.5
2024-11-07, 06:42:50, 136.48, 58.27, 22.8, 22.0, 9999.0, 9.73, 10.0, 21.75, 9999.0, 23.73, 9999.0, 117.98, 127.75, 120.25, 91.25, 138.5
2024-11-07, 06:42:54, 136.48, 58.27, 22.82, 22.0, 9999.0, 9.73, 10.0, 21.75, 9999.0, 23.73, 9999.0, 117.95, 127.75, 120.25, 91.25, 138.5
2024-11-07, 06:42:58, 136.48, 58.27, 22.84, 22.0, 9999.0, 9.7, 10.0, 21.75, 9999.0, 23.73, 9999.0, 117.93, 127.75, 120.25, 91.25, 138.5
2024-11-07, 06:43:02, 136.48, 58.27, 22.86, 22.0, 9999.0, 9.68, 10.0, 21.75, 9999.0, 23.73, 9999.0, 117.91, 127.75, 120.25, 91.25, 138.5
2024-11-07, 06:43:06, 136.48, 58.27, 22.86, 22.0, 9999.0, 9.66, 10.0, 21.75, 9999.0, 23.73, 9999.0, 117.89, 127.75, 120.25, 91.25, 138.5
2024-11-07, 06:43:10, 136.48, 58.27, 22.86, 22.0, 9999.0, 9.66, 10.0, 21.75, 9999.0, 23.75, 9999.0, 117.86, 127.75, 120.25, 91.25, 138.5
2024-11-07, 06:43:14, 136.5, 58.27, 22.86, 22.0, 9999.0, 9.66, 10.0, 21.75, 9999.0, 23.75, 9999.0, 117.84, 127.75, 120.25, 91.25, 138.5
2024-11-07, 06:43:18, 136.5, 58.27, 22.84, 22.0, 9999.0, 9.66, 10.0, 21.75, 9999.0, 23.75, 9999.0, 117.82, 127.75, 120.25, 91.25, 138.5
2024-11-07, 06:43:22, 136.5, 58.27, 22.84, 22.0, 9999.0, 9.68, 10.0, 21.75, 9999.0, 23.75, 9999.0, 117.8, 127.75, 120.25, 91.25, 138.5
2024-11-07, 06:43:26, 136.5, 58.25, 22.84, 22.0, 9999.0, 9.68, 10.0, 21.75, 9999.0, 23.75, 9999.0, 117.8, 127.75, 120.25, 91.25, 138.5
2024-11-07, 06:43:30, 136.5, 58.25, 22.86, 22.0, 9999.0, 9.68, 10.0, 21.75, 9999.0, 23.75, 9999.0, 117.8, 127.75, 120.25, 91.25, 138.5
2024-11-07, 06:43:34, 136.5, 58.25, 22.86, 22.0, 9999.0, 9.7, 10.0, 21.75, 9999.0, 23.75, 9999.0, 117.8, 127.75, 120.25, 91.25, 138.5
2024-11-07, 06:43:38, 136.5, 58.25, 22.84, 22.0, 9999.0, 9.7, 10.0, 21.75, 9999.0, 23.75, 9999.0, 117.82, 127.75, 120.25, 91.25, 138.5
2024-11-07, 06:43:42, 136.5, 58.25, 22.84, 22.0, 9999.0, 9.73, 10.0, 21.75, 9999.0, 23.75, 9999.0, 117.84, 127.75, 120.25, 91.25, 138.5
2024-11-07, 06:43:46, 136.5, 58.25, 22.82, 22.0, 9999.0, 9.75, 10.0, 21.75, 9999.0, 23.75, 9999.0, 117.86, 127.75, 120.25, 91.25, 138.5
2024-11-07, 06:43:50, 136.5, 58.25, 22.84, 22.0, 9999.0, 9.77, 10.0, 21.75, 9999.0, 23.75, 9999.0, 117.89, 127.75, 120.25, 91.25, 138.5
2024-11-07, 06:43:54, 136.5, 58.25, 22.84, 22.0, 9999.0, 9.77, 10.0, 21.75, 9999.0, 23.75, 9999.0, 117.91, 127.75, 120.25, 91.25, 138.5
2024-11-07, 06:43:58, 136.5, 58.25, 22.84, 22.0, 9999.0, 9.77, 10.0, 21.75, 9999.0, 23.77, 9999.0, 117.91, 127.75, 120.25, 91.25, 138.5
2024-11-07, 06:44:02, 136.5, 58.25, 22.84, 22.0, 9999.0, 9.77, 10.0, 21.75, 9999.0, 23.8, 9999.0, 117.93, 127.75, 120.25, 91.25, 138.5
2024-11-07, 06:44:06, 136.5, 58.25, 22.86, 22.0, 9999.0, 9.75, 10.0, 21.73, 9999.0, 23.82, 9999.0, 117.95, 127.75, 120.25, 91.25, 138.5
2024-11-07, 06:44:10, 136.5, 58.25, 22.89, 22.0, 9999.0, 9.73, 10.0, 21.73, 9999.0, 23.84, 9999.0, 117.93, 127.75, 120.25, 91.25, 138.5
2024-11-07, 06:44:14, 136.5, 58.25, 22.86, 22.0, 9999.0, 9.7, 10.0, 21.73, 9999.0, 23.86, 9999.0, 117.91, 127.75, 120.25, 91.25, 138.5
2024-11-07, 06:44:18, 136.5, 58.25, 22.86, 22.0, 9999.0, 9.68, 10.0, 21.73, 9999.0, 23.89, 9999.0, 117.91, 127.75, 120.25, 91.25, 138.5
2024-11-07, 06:44:22, 136.5, 58.25, 22.86, 22.0, 9999.0, 9.66, 10.0, 21.73, 9999.0, 23.89, 9999.0, 117.89, 127.75, 120.25, 91.25, 138.5
2024-11-07, 06:44:26, 136.48, 58.25, 22.84, 22.0, 9999.0, 9.64, 10.0, 21.73, 9999.0, 23.91, 9999.0, 117.86, 127.75, 120.25, 91.25, 138.5
2024-11-07, 06:44:30, 136.48, 58.25, 22.86, 22.0, 9999.0, 9.64, 10.0, 21.73, 9999.0, 23.91, 9999.0, 117.82, 127.75, 120.25, 91.25, 138.5
2024-11-07, 06:44:34, 136.48, 58.25, 22.86, 22.0, 9999.0, 9.64, 10.0, 21.73, 9999.0, 23.91, 9999.0, 117.8, 127.75, 120.25, 91.25, 138.5
2024-11-07, 06:44:38, 136.48, 58.25, 22.84, 22.0, 9999.0, 9.64, 10.0, 21.73, 9999.0, 23.91, 9999.0, 117.75, 127.75, 120.25, 91.23, 138.5
2024-11-07, 06:44:42, 136.48, 58.25, 22.84, 22.0, 9999.0, 9.66, 10.0, 21.73, 9999.0, 23.89, 9999.0, 117.75, 127.75, 120.25, 91.23, 138.5
2024-11-07, 06:44:46, 136.48, 58.25, 22.84, 22.0, 9999.0, 9.68, 10.0, 21.73, 9999.0, 23.86, 9999.0, 117.75, 127.75, 120.25, 91.23, 138.5
2024-11-07, 06:44:50, 136.48, 58.25, 22.84, 22.0, 9999.0, 9.68, 10.0, 21.75, 9999.0, 23.84, 9999.0, 117.73, 127.75, 120.25, 91.23, 138.5
2024-11-07, 06:44:54, 136.48, 58.25, 22.82, 22.0, 9999.0, 9.7, 10.0, 21.73, 9999.0, 23.82, 9999.0, 117.75, 127.75, 120.25, 91.23, 138.5
2024-11-07, 06:44:58, 136.48, 58.25, 22.82, 22.0, 9999.0, 9.73, 10.0, 21.73, 9999.0, 23.8, 9999.0, 117.77, 127.75, 120.25, 91.23, 138.5
2024-11-07, 06:45:02, 136.48, 58.25, 22.82, 22.0, 9999.0, 9.75, 10.0, 21.73, 9999.0, 23.77, 9999.0, 117.8, 127.75, 120.25, 91.23, 138.5
2024-11-07, 06:45:06, 136.48, 58.25, 22.82, 22.0, 9999.0, 9.77, 10.0, 21.73, 9999.0, 23.77, 9999.0, 117.82, 127.75, 120.25, 91.23, 138.5
2024-11-07, 06:45:10, 136.5, 58.25, 22.84, 22.0, 9999.0, 9.8, 10.0, 21.7, 9999.0, 23.77, 9999.0, 117.84, 127.75, 120.25, 91.23, 138.5
2024-11-07, 06:45:14, 136.5, 58.25, 22.82, 22.0, 9999.0, 9.8, 10.0, 21.7, 9999.0, 23.8, 9999.0, 117.89, 127.75, 120.25, 91.23, 138.5
2024-11-07, 06:45:19, 136.5, 58.25, 22.8, 22.0, 9999.0, 9.8, 10.0, 21.7, 9999.0, 23.82, 9999.0, 117.91, 127.75, 120.25, 91.23, 138.5
2024-11-07, 06:45:23, 136.5, 58.25, 22.8, 22.0, 9999.0, 9.8, 10.0, 21.7, 9999.0, 23.84, 9999.0, 117.95, 127.75, 120.25, 91.25, 138.5
2024-11-07, 06:45:27, 136.5, 58.25, 22.8, 22.0, 9999.0, 9.77, 10.0, 21.7, 9999.0, 23.86, 9999.0, 117.95, 127.75, 120.25, 91.25, 138.5
2024-11-07, 06:45:31, 136.5, 58.25, 22.82, 22.0, 9999.0, 9.73, 10.0, 21.7, 9999.0, 23.89, 9999.0, 117.93, 127.75, 120.25, 91.23, 138.5
2024-11-07, 06:45:35, 136.5, 58.25, 22.8, 22.02, 9999.0, 9.7, 10.0, 21.7, 9999.0, 23.89, 9999.0, 117.93, 127.75, 120.25, 91.23, 138.5
2024-11-07, 06:45:39, 136.5, 58.25, 22.82, 22.02, 9999.0, 9.68, 10.0, 21.73, 9999.0, 23.91, 9999.0, 117.91, 127.75, 120.25, 91.23, 138.5
2024-11-07, 06:45:43, 136.5, 58.25, 22.82, 22.02, 9999.0, 9.66, 10.0, 21.73, 9999.0, 23.91, 9999.0, 117.89, 127.75, 120.25, 91.23, 138.5
2024-11-07, 06:45:47, 136.5, 58.25, 22.84, 22.02, 9999.0, 9.66, 10.0, 21.73, 9999.0, 23.91, 9999.0, 117.86, 127.75, 120.25, 91.23, 138.5
2024-11-07, 06:45:51, 136.5, 58.25, 22.86, 22.02, 9999.0, 9.66, 10.0, 21.73, 9999.0, 23.91, 9999.0, 117.84, 127.75, 120.25, 91.23, 138.5
2024-11-07, 06:45:55, 136.5, 58.25, 22.84, 22.02, 9999.0, 9.66, 10.0, 21.75, 9999.0, 23.89, 9999.0, 117.82, 127.75, 120.25, 91.23, 138.5
2024-11-07, 06:45:59, 136.48, 58.25, 22.86, 22.02, 9999.0, 9.68, 10.0, 21.75, 9999.0, 23.86, 9999.0, 117.77, 127.75, 120.25, 91.23, 138.5
2024-11-07, 06:46:03, 136.48, 58.25, 22.86, 22.02, 9999.0, 9.7, 10.0, 21.75, 9999.0, 23.84, 9999.0, 117.75, 127.75, 120.25, 91.23, 138.5
2024-11-07, 06:46:07, 136.48, 58.25, 22.89, 22.05, 9999.0, 9.73, 10.0, 21.75, 9999.0, 23.8, 9999.0, 117.75, 127.75, 120.25, 91.23, 138.5
2024-11-07, 06:46:11, 136.48, 58.25, 22.91, 22.05, 9999.0, 9.73, 10.0, 21.75, 9999.0, 23.75, 9999.0, 117.75, 127.75, 120.25, 91.23, 138.5
2024-11-07, 06:46:15, 136.48, 58.25, 22.89, 22.05, 9999.0, 9.75, 10.0, 21.75, 9999.0, 23.73, 9999.0, 117.77, 127.75, 120.25, 91.25, 138.5
2024-11-07, 06:46:19, 136.48, 58.25, 22.89, 22.02, 9999.0, 9.77, 10.0, 21.75, 9999.0, 23.73, 9999.0, 117.8, 127.75, 120.25, 91.25, 138.5
2024-11-07, 06:46:23, 136.48, 58.25, 22.86, 22.02, 9999.0, 9.8, 10.0, 21.73, 9999.0, 23.7, 9999.0, 117.82, 127.75, 120.25, 91.25, 138.5
2024-11-07, 06:46:27, 136.48, 58.25, 22.89, 22.02, 9999.0, 9.82, 10.0, 21.73, 9999.0, 23.73, 9999.0, 117.84, 127.75, 120.25, 91.25, 138.5
2024-11-07, 06:46:31, 136.48, 58.25, 22.89, 22.02, 9999.0, 9.82, 10.0, 21.73, 9999.0, 23.73, 9999.0, 117.86, 127.75, 120.25, 91.23, 138.5
2024-11-07, 06:46:35, 136.48, 58.25, 22.89, 22.02, 9999.0, 9.82, 10.0, 21.73, 9999.0, 23.75, 9999.0, 117.89, 127.75, 120.25, 91.23, 138.5
2024-11-07, 06:46:39, 136.48, 58.25, 22.89, 22.02, 9999.0, 9.82, 10.0, 21.73, 9999.0, 23.77, 9999.0, 117.89, 127.75, 120.25, 91.23, 138.5
2024-11-07, 06:46:43, 136.5, 58.25, 22.86, 22.02, 9999.0, 9.77, 10.0, 21.73, 9999.0, 23.8, 9999.0, 117.91, 127.75, 120.25, 91.23, 138.5
2024-11-07, 06:46:47, 136.5, 58.25, 22.89, 22.02, 9999.0, 9.73, 10.0, 21.73, 9999.0, 23.82, 9999.0, 117.91, 127.75, 120.25, 91.23, 138.5
2024-11-07, 06:46:51, 136.5, 58.25, 22.86, 22.0, 9999.0, 9.68, 10.0, 21.73, 9999.0, 23.86, 9999.0, 117.89, 127.75, 120.25, 91.23, 138.5
2024-11-07, 06:46:55, 136.5, 58.25, 22.86, 22.0, 9999.0, 9.66, 10.0, 21.73, 9999.0, 23.89, 9999.0, 117.89, 127.75, 120.25, 91.23, 138.5
2024-11-07, 06:46:59, 136.5, 58.25, 22.89, 22.0, 9999.0, 9.64, 10.0, 21.73, 9999.0, 23.91, 9999.0, 117.86, 127.75, 120.25, 91.23, 138.5
2024-11-07, 06:47:03, 136.5, 58.25, 22.91, 22.0, 9999.0, 9.61, 10.0, 21.73, 9999.0, 23.91, 9999.0, 117.84, 127.75, 120.25, 91.23, 138.5
2024-11-07, 06:47:07, 136.5, 58.25, 22.93, 22.0, 9999.0, 9.61, 10.0, 21.73, 9999.0, 23.91, 9999.0, 117.82, 127.75, 120.25, 91.23, 138.5
2024-11-07, 06:47:11, 136.5, 58.25, 22.91, 22.0, 9999.0, 9.61, 10.0, 21.73, 9999.0, 23.89, 9999.0, 117.77, 127.75, 120.25, 91.2, 138.5
2024-11-07, 06:47:15, 136.5, 58.25, 22.91, 22.02, 9999.0, 9.61, 10.0, 21.73, 9999.0, 23.89, 9999.0, 117.73, 127.75, 120.25, 91.23, 138.5
2024-11-07, 06:47:19, 136.5, 58.25, 22.89, 22.02, 9999.0, 9.61, 10.0, 21.73, 9999.0, 23.86, 9999.0, 117.7, 127.75, 120.25, 91.23, 138.5
2024-11-07, 06:47:23, 136.5, 58.25, 22.91, 22.02, 9999.0, 9.64, 10.0, 21.73, 9999.0, 23.84, 9999.0, 117.7, 127.75, 120.25, 91.2, 138.5
2024-11-07, 06:47:27, 136.5, 58.25, 22.91, 22.02, 9999.0, 9.66, 10.0, 21.73, 9999.0, 23.82, 9999.0, 117.7, 127.75, 120.25, 91.2, 138.5
2024-11-07, 06:47:31, 136.5, 58.25, 22.91, 22.02, 9999.0, 9.7, 10.0, 21.73, 9999.0, 23.8, 9999.0, 117.7, 127.75, 120.25, 91.2, 138.5
2024-11-07, 06:47:35, 136.5, 58.25, 22.93, 22.02, 9999.0, 9.73, 10.02, 21.73, 9999.0, 23.77, 9999.0, 117.73, 127.75, 120.25, 91.2, 138.5
2024-11-07, 06:47:39, 136.5, 58.25, 22.91, 22.02, 9999.0, 9.75, 10.02, 21.73, 9999.0, 23.77, 9999.0, 117.75, 127.75, 120.25, 91.2, 138.5
2024-11-07, 06:47:43, 136.5, 58.25, 22.89, 22.02, 9999.0, 9.77, 10.02, 21.73, 9999.0, 23.77, 9999.0, 117.77, 127.75, 120.25, 91.2, 138.5
2024-11-07, 06:47:47, 136.5, 58.25, 22.89, 22.02, 9999.0, 9.8, 10.02, 21.73, 9999.0, 23.77, 9999.0, 117.8, 127.75, 120.25, 91.2, 138.5
2024-11-07, 06:47:51, 136.5, 58.25, 22.89, 22.02, 9999.0, 9.77, 10.02, 21.75, 9999.0, 23.77, 9999.0, 117.82, 127.75, 120.25, 91.2, 138.5
2024-11-07, 06:47:55, 136.5, 58.25, 22.91, 22.02, 9999.0, 9.77, 10.02, 21.75, 9999.0, 23.82, 9999.0, 117.86, 127.75, 120.25, 91.23, 138.5
2024-11-07, 06:47:59, 136.5, 58.25, 22.91, 22.0, 9999.0, 9.75, 10.02, 21.75, 9999.0, 23.84, 9999.0, 117.91, 127.75, 120.25, 91.23, 138.5
2024-11-07, 06:48:03, 136.5, 58.27, 22.91, 22.0, 9999.0, 9.75, 10.02, 21.75, 9999.0, 23.86, 9999.0, 117.93, 127.75, 120.25, 91.23, 138.5
2024-11-07, 06:48:07, 136.5, 58.27, 22.89, 22.0, 9999.0, 9.7, 10.02, 21.75, 9999.0, 23.89, 9999.0, 117.93, 127.75, 120.25, 91.25, 138.5
2024-11-07, 06:48:11, 136.5, 58.27, 22.91, 22.0, 9999.0, 9.68, 10.02, 21.75, 9999.0, 23.91, 9999.0, 117.93, 127.75, 120.25, 91.25, 138.5
2024-11-07, 06:48:15, 136.5, 58.27, 22.89, 22.0, 9999.0, 9.64, 10.02, 21.75, 9999.0, 23.93, 9999.0, 117.93, 127.75, 120.25, 91.25, 138.5
2024-11-07, 06:48:19, 136.5, 58.27, 22.89, 22.02, 9999.0, 9.61, 10.0, 21.75, 9999.0, 23.95, 9999.0, 117.91, 127.75, 120.25, 91.25, 138.5
2024-11-07, 06:48:23, 136.5, 58.27, 22.91, 22.02, 9999.0, 9.59, 10.0, 21.75, 9999.0, 23.98, 9999.0, 117.89, 127.75, 120.25, 91.25, 138.5
2024-11-07, 06:48:27, 136.5, 58.27, 22.93, 22.02, 9999.0, 9.59, 10.0, 21.75, 9999.0, 23.98, 9999.0, 117.86, 127.75, 120.25, 91.25, 138.5
2024-11-07, 06:48:31, 136.5, 58.27, 22.91, 22.02, 9999.0, 9.59, 10.0, 21.75, 9999.0, 23.98, 9999.0, 117.84, 127.75, 120.25, 91.23, 138.5
2024-11-07, 06:48:35, 136.5, 58.27, 22.89, 22.02, 9999.0, 9.64, 10.0, 21.75, 9999.0, 23.98, 9999.0, 117.8, 127.75, 120.25, 91.23, 138.5
2024-11-07, 06:48:39, 136.5, 58.27, 22.86, 22.02, 9999.0, 9.64, 10.0, 21.75, 9999.0, 23.93, 9999.0, 117.77, 127.75, 120.25, 91.23, 138.5
2024-11-07, 06:48:43, 136.5, 58.27, 22.86, 22.02, 9999.0, 9.66, 10.0, 21.75, 9999.0, 23.91, 9999.0, 117.77, 127.75, 120.25, 91.23, 138.5
2024-11-07, 06:48:47, 136.5, 58.25, 22.89, 22.02, 9999.0, 9.66, 10.02, 21.75, 9999.0, 23.89, 9999.0, 117.77, 127.75, 120.25, 91.23, 138.5
2024-11-07, 06:48:51, 136.48, 58.25, 22.91, 22.02, 9999.0, 9.68, 10.02, 21.75, 9999.0, 23.86, 9999.0, 117.8, 127.75, 120.25, 91.23, 138.5
2024-11-07, 06:48:55, 136.48, 58.25, 22.91, 22.02, 9999.0, 9.7, 10.02, 21.75, 9999.0, 23.84, 9999.0, 117.82, 127.75, 120.25, 91.23, 138.5
2024-11-07, 06:48:59, 136.48, 58.25, 22.93, 22.02, 9999.0, 9.73, 10.02, 21.75, 9999.0, 23.82, 9999.0, 117.84, 127.75, 120.25, 91.23, 138.5
2024-11-07, 06:49:04, 136.48, 58.25, 22.93, 22.0, 9999.0, 9.75, 10.05, 21.75, 9999.0, 23.82, 9999.0, 117.86, 127.75, 120.25, 91.23, 138.5
2024-11-07, 06:49:08, 136.48, 58.25, 22.93, 22.0, 9999.0, 9.77, 10.05, 21.75, 9999.0, 23.82, 9999.0, 117.89, 127.75, 120.25, 91.23, 138.5
2024-11-07, 06:49:12, 136.48, 58.25, 22.93, 22.0, 9999.0, 9.77, 10.05, 21.75, 9999.0, 23.82, 9999.0, 117.91, 127.75, 120.25, 91.2, 138.5
2024-11-07, 06:49:16, 136.48, 58.25, 22.93, 22.0, 9999.0, 9.75, 10.05, 21.75, 9999.0, 23.86, 9999.0, 117.93, 127.75, 120.25, 91.23, 138.5
2024-11-07, 06:49:20, 136.48, 58.25, 22.93, 22.0, 9999.0, 9.73, 10.05, 21.75, 9999.0, 23.89, 9999.0, 117.98, 127.75, 120.25, 91.23, 138.5
2024-11-07, 06:49:24, 136.48, 58.25, 22.93, 22.0, 9999.0, 9.73, 10.05, 21.75, 9999.0, 23.91, 9999.0, 117.98, 127.75, 120.25, 91.23, 138.5
2024-11-07, 06:49:28, 136.48, 58.25, 22.93, 22.0, 9999.0, 9.7, 10.05, 21.75, 9999.0, 23.93, 9999.0, 117.95, 127.75, 120.25, 91.23, 138.5
2024-11-07, 06:49:32, 136.48, 58.25, 22.93, 22.0, 9999.0, 9.68, 10.02, 21.75, 9999.0, 23.95, 9999.0, 117.93, 127.75, 120.25, 91.23, 138.5
2024-11-07, 06:49:36, 136.5, 58.25, 22.93, 22.02, 9999.0, 9.66, 10.02, 21.75, 9999.0, 23.98, 9999.0, 117.91, 127.75, 120.25, 91.23, 138.5
2024-11-07, 06:49:40, 136.5, 58.25, 22.91, 22.02, 9999.0, 9.64, 10.02, 21.75, 9999.0, 24.0, 9999.0, 117.89, 127.75, 120.25, 91.23, 138.5
2024-11-07, 06:49:44, 136.5, 58.25, 22.91, 22.05, 9999.0, 9.64, 10.02, 21.75, 9999.0, 24.02, 9999.0, 117.86, 127.75, 120.25, 91.23, 138.5
2024-11-07, 06:49:48, 136.5, 58.25, 22.89, 22.05, 9999.0, 9.64, 10.0, 21.75, 9999.0, 24.02, 9999.0, 117.84, 127.75, 120.25, 91.23, 138.5
2024-11-07, 06:49:52, 136.5, 58.25, 22.86, 22.05, 9999.0, 9.64, 10.0, 21.75, 9999.0, 24.02, 9999.0, 117.82, 127.75, 120.25, 91.23, 138.5
2024-11-07, 06:49:56, 136.5, 58.25, 22.84, 22.05, 9999.0, 9.64, 10.0, 21.75, 9999.0, 24.02, 9999.0, 117.8, 127.75, 120.25, 91.25, 138.5
2024-11-07, 06:50:00, 136.5, 58.25, 22.86, 22.05, 9999.0, 9.68, 10.0, 21.75, 9999.0, 24.0, 9999.0, 117.77, 127.75, 120.25, 91.23, 138.5
2024-11-07, 06:50:04, 136.5, 58.25, 22.86, 22.05, 9999.0, 9.7, 10.0, 21.75, 9999.0, 24.0, 9999.0, 117.75, 127.75, 120.25, 91.2, 138.5
2024-11-07, 06:50:08, 136.5, 58.25, 22.86, 22.05, 9999.0, 9.7, 10.0, 21.75, 9999.0, 24.0, 9999.0, 117.75, 127.75, 120.25, 91.18, 138.5
2024-11-07, 06:50:12, 136.5, 58.25, 22.86, 22.05, 9999.0, 9.73, 10.0, 21.75, 9999.0, 24.0, 9999.0, 117.77, 127.75, 120.25, 91.16, 138.5
2024-11-07, 06:50:16, 136.5, 58.25, 22.86, 22.05, 9999.0, 9.75, 10.0, 21.75, 9999.0, 24.0, 9999.0, 117.8, 127.75, 120.25, 91.14, 138.5
2024-11-07, 06:50:39, 136.5, 58.25, 22.86, 22.02, 9999.0, 9.77, 10.0, 21.75, 9999.0, 23.98, 9999.0, 117.82, 127.75, 120.25, 91.11, 138.5
2024-11-07, 06:50:43, 136.5, 58.25, 22.89, 22.02, 9999.0, 9.8, 10.0, 21.75, 9999.0, 23.98, 9999.0, 117.84, 127.75, 120.25, 91.11, 138.5
2024-11-07, 06:50:47, 136.5, 58.25, 22.89, 22.02, 9999.0, 9.8, 10.0, 21.75, 9999.0, 23.98, 9999.0, 117.86, 127.75, 120.25, 91.11, 138.5
2024-11-07, 06:50:51, 136.5, 58.25, 22.89, 22.02, 9999.0, 9.8, 10.0, 21.75, 9999.0, 23.98, 9999.0, 117.89, 127.77, 120.25, 91.11, 138.5
2024-11-07, 06:50:55, 136.5, 58.25, 22.91, 22.02, 9999.0, 9.8, 10.0, 21.75, 9999.0, 24.0, 9999.0, 117.91, 127.77, 120.25, 91.11, 138.5
2024-11-07, 06:50:59, 136.5, 58.25, 22.91, 22.02, 9999.0, 9.77, 10.0, 21.75, 9999.0, 24.02, 9999.0, 117.91, 127.77, 120.25, 91.11, 138.5
2024-11-07, 06:51:03, 136.5, 58.25, 22.91, 22.02, 9999.0, 9.73, 10.0, 21.75, 9999.0, 24.02, 9999.0, 117.91, 127.77, 120.25, 91.14, 138.5
2024-11-07, 06:51:07, 136.5, 58.25, 22.91, 22.02, 9999.0, 9.68, 10.0, 21.75, 9999.0, 24.05, 9999.0, 117.91, 127.77, 120.25, 91.16, 138.5
2024-11-07, 06:51:11, 136.5, 58.25, 22.93, 22.02, 9999.0, 9.66, 10.0, 21.75, 9999.0, 24.07, 9999.0, 117.91, 127.77, 120.25, 91.18, 138.5
2024-11-07, 06:51:15, 136.5, 58.25, 22.91, 22.05, 9999.0, 9.64, 10.0, 21.75, 9999.0, 24.09, 9999.0, 117.89, 127.77, 120.25, 91.2, 138.5
2024-11-07, 06:51:19, 136.5, 58.25, 22.91, 22.07, 9999.0, 9.61, 10.0, 21.75, 9999.0, 24.11, 9999.0, 117.86, 127.77, 120.25, 91.23, 138.5
2024-11-07, 06:51:23, 136.5, 58.25, 22.89, 22.07, 9999.0, 9.61, 10.0, 21.75, 9999.0, 24.14, 9999.0, 117.84, 127.77, 120.25, 91.23, 138.5
2024-11-07, 06:51:29, 136.5, 58.25, 22.86, 22.09, 9999.0, 9.61, 10.0, 21.75, 9999.0, 24.14, 9999.0, 117.8, 127.77, 120.25, 91.23, 138.5
2024-11-07, 06:51:33, 136.48, 58.25, 22.84, 22.07, 9999.0, 9.61, 10.0, 21.75, 9999.0, 24.14, 9999.0, 117.77, 127.77, 120.25, 91.2, 138.5
2024-11-07, 06:51:37, 136.48, 58.25, 22.86, 22.07, 9999.0, 9.64, 10.0, 21.75, 9999.0, 24.14, 9999.0, 117.73, 127.75, 120.25, 91.18, 138.5
2024-11-07, 06:51:41, 136.48, 58.25, 22.84, 22.07, 9999.0, 9.64, 10.0, 21.75, 9999.0, 24.11, 9999.0, 117.7, 127.75, 120.25, 91.18, 138.5
2024-11-07, 06:51:45, 136.48, 58.27, 22.84, 22.07, 9999.0, 9.66, 10.0, 21.75, 9999.0, 24.09, 9999.0, 117.7, 127.75, 120.25, 91.18, 138.5
2024-11-07, 06:51:49, 136.45, 58.27, 22.82, 22.07, 9999.0, 9.68, 10.0, 21.75, 9999.0, 24.09, 9999.0, 117.73, 127.75, 120.25, 91.18, 138.5
2024-11-07, 06:51:53, 136.45, 58.27, 22.84, 22.07, 9999.0, 9.7, 10.0, 21.75, 9999.0, 24.07, 9999.0, 117.75, 127.75, 120.25, 91.18, 138.5
2024-11-07, 06:51:57, 136.45, 58.3, 22.82, 22.07, 9999.0, 9.73, 10.0, 21.75, 9999.0, 24.05, 9999.0, 117.77, 127.75, 120.25, 91.18, 138.5
2024-11-07, 06:52:01, 136.45, 58.32, 22.82, 22.05, 9999.0, 9.75, 10.0, 21.75, 9999.0, 24.05, 9999.0, 117.8, 127.75, 120.25, 91.18, 138.5
2024-11-07, 06:52:05, 136.45, 58.34, 22.82, 22.02, 9999.0, 9.77, 10.0, 21.75, 9999.0, 24.05, 9999.0, 117.82, 127.75, 120.25, 91.18, 138.5
2024-11-07, 06:52:09, 136.45, 58.34, 22.82, 22.02, 9999.0, 9.77, 10.0, 21.75, 9999.0, 24.07, 9999.0, 117.84, 127.75, 120.25, 91.2, 138.5
2024-11-07, 06:52:13, 136.45, 58.34, 22.84, 22.0, 9999.0, 9.77, 10.0, 21.75, 9999.0, 24.09, 9999.0, 117.89, 127.75, 120.25, 91.2, 138.5
2024-11-07, 06:52:17, 136.48, 58.34, 22.86, 22.0, 9999.0, 9.75, 10.0, 21.75, 9999.0, 24.11, 9999.0, 117.91, 127.75, 120.25, 91.2, 138.5
2024-11-07, 06:52:21, 136.48, 58.34, 22.86, 22.02, 9999.0, 9.7, 10.0, 21.75, 9999.0, 24.14, 9999.0, 117.93, 127.75, 120.25, 91.23, 138.5
2024-11-07, 06:52:25, 136.48, 58.34, 22.86, 22.02, 9999.0, 9.68, 10.0, 21.75, 9999.0, 24.18, 9999.0, 117.93, 127.75, 120.25, 91.23, 138.5
2024-11-07, 06:52:29, 136.48, 58.32, 22.86, 22.05, 9999.0, 9.68, 10.0, 21.75, 9999.0, 24.2, 9999.0, 117.93, 127.75, 120.25, 91.23, 138.5
2024-11-07, 06:52:33, 136.5, 58.32, 22.86, 22.05, 9999.0, 9.66, 10.0, 21.75, 9999.0, 24.23, 9999.0, 117.91, 127.75, 120.25, 91.2, 138.5
2024-11-07, 06:52:37, 136.5, 58.32, 22.84, 22.05, 9999.0, 9.64, 10.0, 21.75, 9999.0, 24.25, 9999.0, 117.89, 127.75, 120.25, 91.2, 138.5
2024-11-07, 06:52:41, 136.5, 58.32, 22.84, 22.07, 9999.0, 9.61, 10.0, 21.75, 9999.0, 24.27, 9999.0, 117.86, 127.75, 120.25, 91.2, 138.5
2024-11-07, 06:52:45, 136.5, 58.3, 22.86, 22.07, 9999.0, 9.61, 10.0, 21.75, 9999.0, 24.27, 9999.0, 117.84, 127.75, 120.25, 91.2, 138.5
2024-11-07, 06:52:49, 136.5, 58.27, 22.86, 22.07, 9999.0, 9.61, 10.0, 21.75, 9999.0, 24.27, 9999.0, 117.82, 127.75, 120.25, 91.2, 138.5
2024-11-07, 06:52:53, 136.5, 58.27, 22.89, 22.07, 9999.0, 9.61, 10.0, 21.75, 9999.0, 24.25, 9999.0, 117.8, 127.75, 120.25, 91.18, 138.5
2024-11-07, 06:52:57, 136.5, 58.27, 22.86, 22.07, 9999.0, 9.61, 10.0, 21.75, 9999.0, 24.23, 9999.0, 117.75, 127.75, 120.25, 91.16, 138.5
2024-11-07, 06:53:01, 136.5, 58.3, 22.84, 22.07, 9999.0, 9.66, 10.0, 21.75, 9999.0, 24.2, 9999.0, 117.73, 127.75, 120.25, 91.18, 138.5
2024-11-07, 06:53:05, 136.5, 58.3, 22.82, 22.05, 9999.0, 9.68, 10.0, 21.75, 9999.0, 24.18, 9999.0, 117.73, 127.75, 120.25, 91.16, 138.5
2024-11-07, 06:53:09, 136.5, 58.32, 22.82, 22.05, 9999.0, 9.7, 10.0, 21.75, 9999.0, 24.14, 9999.0, 117.75, 127.75, 120.25, 91.14, 138.5
2024-11-07, 06:53:13, 136.5, 58.32, 22.82, 22.02, 9999.0, 9.7, 10.0, 21.75, 9999.0, 24.11, 9999.0, 117.77, 127.75, 120.25, 91.14, 138.5
2024-11-07, 06:53:17, 136.5, 58.32, 22.82, 22.02, 9999.0, 9.73, 10.0, 21.75, 9999.0, 24.09, 9999.0, 117.8, 127.75, 120.25, 91.16, 138.5
2024-11-07, 06:53:21, 136.5, 58.32, 22.82, 22.02, 9999.0, 9.75, 10.0, 21.75, 9999.0, 24.07, 9999.0, 117.82, 127.75, 120.25, 91.16, 138.5
2024-11-07, 06:53:25, 136.5, 58.3, 22.84, 22.0, 9999.0, 9.77, 10.0, 21.75, 9999.0, 24.05, 9999.0, 117.82, 127.75, 120.25, 91.16, 138.5
2024-11-07, 06:53:29, 136.5, 58.32, 22.84, 22.0, 9999.0, 9.77, 10.0, 21.75, 9999.0, 24.05, 9999.0, 117.84, 127.75, 120.25, 91.16, 138.5
2024-11-07, 06:53:33, 136.5, 58.34, 22.82, 22.0, 9999.0, 9.77, 10.0, 21.75, 9999.0, 24.05, 9999.0, 117.86, 127.75, 120.25, 91.16, 138.5
2024-11-07, 06:53:37, 136.5, 58.36, 22.8, 22.0, 9999.0, 9.77, 10.0, 21.75, 9999.0, 24.07, 9999.0, 117.86, 127.75, 120.25, 91.18, 138.5
2024-11-07, 06:53:41, 136.5, 58.39, 22.82, 22.0, 9999.0, 9.77, 10.0, 21.75, 9999.0, 24.09, 9999.0, 117.89, 127.75, 120.25, 91.2, 138.5
2024-11-07, 06:53:45, 136.5, 58.36, 22.84, 22.0, 9999.0, 9.73, 10.0, 21.75, 9999.0, 24.11, 9999.0, 117.89, 127.75, 120.25, 91.2, 138.5
2024-11-07, 06:53:49, 136.5, 58.36, 22.86, 22.0, 9999.0, 9.7, 10.0, 21.75, 9999.0, 24.14, 9999.0, 117.89, 127.75, 120.25, 91.23, 138.48
2024-11-07, 06:53:53, 136.5, 58.34, 22.89, 22.0, 9999.0, 9.68, 10.0, 21.75, 9999.0, 24.16, 9999.0, 117.86, 127.75, 120.25, 91.25, 138.48
2024-11-07, 06:53:57, 136.5, 58.34, 22.89, 22.0, 9999.0, 9.66, 10.0, 21.75, 9999.0, 24.18, 9999.0, 117.84, 127.75, 120.25, 91.25, 138.48
2024-11-07, 06:54:01, 136.5, 58.36, 22.89, 22.0, 9999.0, 9.66, 10.0, 21.75, 9999.0, 24.2, 9999.0, 117.82, 127.75, 120.25, 91.25, 138.48
2024-11-07, 06:54:05, 136.48, 58.39, 22.91, 22.0, 9999.0, 9.66, 10.0, 21.75, 9999.0, 24.23, 9999.0, 117.8, 127.75, 120.25, 91.25, 138.48
2024-11-07, 06:54:09, 136.48, 58.39, 22.89, 22.0, 9999.0, 9.66, 10.0, 21.75, 9999.0, 24.23, 9999.0, 117.8, 127.75, 120.25, 91.23, 138.48
2024-11-07, 06:54:13, 136.48, 58.36, 22.86, 22.0, 9999.0, 9.68, 10.0, 21.75, 9999.0, 24.2, 9999.0, 117.77, 127.75, 120.25, 91.23, 138.48
2024-11-07, 06:54:17, 136.48, 58.34, 22.86, 22.0, 9999.0, 9.7, 10.0, 21.75, 9999.0, 24.18, 9999.0, 117.77, 127.73, 120.25, 91.23, 138.48
2024-11-07, 06:54:21, 136.48, 58.32, 22.89, 22.0, 9999.0, 9.7, 10.0, 21.75, 9999.0, 24.18, 9999.0, 117.77, 127.73, 120.25, 91.23, 138.48
2024-11-07, 06:54:25, 136.48, 58.3, 22.86, 22.0, 9999.0, 9.7, 10.0, 21.75, 9999.0, 24.16, 9999.0, 117.77, 127.7, 120.25, 91.23, 138.48
2024-11-07, 06:54:29, 136.48, 58.3, 22.84, 22.0, 9999.0, 9.73, 10.0, 21.75, 9999.0, 24.14, 9999.0, 117.8, 127.7, 120.25, 91.23, 138.48
2024-11-07, 06:54:33, 136.48, 58.3, 22.82, 22.0, 9999.0, 9.75, 10.0, 21.75, 9999.0, 24.11, 9999.0, 117.82, 127.7, 120.25, 91.23, 138.5
2024-11-07, 06:54:37, 136.48, 58.3, 22.8, 22.0, 9999.0, 9.77, 10.0, 21.75, 9999.0, 24.09, 9999.0, 117.84, 127.7, 120.25, 91.2, 138.5
2024-11-07, 06:54:41, 136.48, 58.32, 22.8, 22.0, 9999.0, 9.8, 10.0, 21.75, 9999.0, 24.09, 9999.0, 117.86, 127.7, 120.25, 91.18, 138.5
2024-11-07, 06:54:45, 136.45, 58.3, 22.8, 22.0, 9999.0, 9.8, 10.0, 21.75, 9999.0, 24.09, 9999.0, 117.89, 127.7, 120.25, 91.18, 138.5
2024-11-07, 06:54:49, 136.48, 58.27, 22.77, 22.0, 9999.0, 9.8, 10.0, 21.75, 9999.0, 24.11, 9999.0, 117.91, 127.7, 120.25, 91.18, 138.5
2024-11-07, 06:54:53, 136.48, 58.3, 22.77, 22.0, 9999.0, 9.8, 10.0, 21.75, 9999.0, 24.14, 9999.0, 117.91, 127.7, 120.25, 91.2, 138.5
2024-11-07, 06:54:57, 136.48, 58.3, 22.8, 22.0, 9999.0, 9.75, 10.0, 21.75, 9999.0, 24.16, 9999.0, 117.91, 127.7, 120.25, 91.2, 138.5
2024-11-07, 06:55:01, 136.48, 58.3, 22.82, 22.0, 9999.0, 9.73, 10.0, 21.75, 9999.0, 24.18, 9999.0, 117.89, 127.73, 120.25, 91.2, 138.5
2024-11-07, 06:55:05, 136.48, 58.3, 22.8, 22.0, 9999.0, 9.7, 10.0, 21.75, 9999.0, 24.18, 9999.0, 117.89, 127.73, 120.25, 91.2, 138.5
2024-11-07, 06:55:09, 136.48, 58.32, 22.8, 22.0, 9999.0, 9.68, 10.0, 21.75, 9999.0, 24.2, 9999.0, 117.89, 127.75, 120.25, 91.2, 138.5
2024-11-07, 06:55:14, 136.48, 58.32, 22.8, 22.0, 9999.0, 9.66, 10.0, 21.75, 9999.0, 24.23, 9999.0, 117.86, 127.75, 120.25, 91.2, 138.48
2024-11-07, 06:55:18, 136.48, 58.32, 22.8, 22.0, 9999.0, 9.64, 10.0, 21.75, 9999.0, 24.23, 9999.0, 117.82, 127.75, 120.25, 91.2, 138.48
2024-11-07, 06:55:22, 136.48, 58.34, 22.8, 22.0, 9999.0, 9.64, 10.0, 21.75, 9999.0, 24.23, 9999.0, 117.77, 127.75, 120.25, 91.23, 138.48
2024-11-07, 06:55:26, 136.48, 58.32, 22.8, 22.0, 9999.0, 9.64, 10.0, 21.75, 9999.0, 24.18, 9999.0, 117.73, 127.75, 120.25, 91.23, 138.45
2024-11-07, 06:55:30, 136.5, 58.32, 22.82, 22.0, 9999.0, 9.64, 10.0, 21.75, 9999.0, 24.16, 9999.0, 117.68, 127.75, 120.25, 91.23, 138.45
2024-11-07, 06:55:34, 136.5, 58.32, 22.82, 22.0, 9999.0, 9.66, 10.0, 21.75, 9999.0, 24.11, 9999.0, 117.64, 127.75, 120.25, 91.23, 138.45
2024-11-07, 06:55:38, 136.5, 58.3, 22.82, 22.0, 9999.0, 9.66, 10.0, 21.75, 9999.0, 24.09, 9999.0, 117.64, 127.75, 120.25, 91.23, 138.45
2024-11-07, 06:55:42, 136.5, 58.3, 22.8, 22.0, 9999.0, 9.68, 10.0, 21.75, 9999.0, 24.07, 9999.0, 117.64, 127.75, 120.25, 91.23, 138.45
2024-11-07, 06:55:46, 136.5, 58.3, 22.77, 22.0, 9999.0, 9.68, 10.0, 21.75, 9999.0, 24.05, 9999.0, 117.64, 127.75, 120.25, 91.23, 138.43
2024-11-07, 06:55:50, 136.5, 58.3, 22.77, 22.0, 9999.0, 9.7, 10.0, 21.75, 9999.0, 24.02, 9999.0, 117.66, 127.75, 120.25, 91.23, 138.41
2024-11-07, 06:55:54, 136.5, 58.27, 22.77, 22.0, 9999.0, 9.73, 10.0, 21.75, 9999.0, 23.98, 9999.0, 117.68, 127.75, 120.25, 91.23, 138.41
2024-11-07, 06:55:58, 136.5, 58.27, 22.8, 22.0, 9999.0, 9.75, 10.0, 21.75, 9999.0, 23.95, 9999.0, 117.7, 127.75, 120.25, 91.23, 138.43
2024-11-07, 06:56:02, 136.5, 58.27, 22.82, 22.0, 9999.0, 9.77, 10.0, 21.75, 9999.0, 23.95, 9999.0, 117.75, 127.75, 120.25, 91.23, 138.43
2024-11-07, 06:56:06, 136.5, 58.25, 22.82, 22.0, 9999.0, 9.77, 10.0, 21.75, 9999.0, 23.95, 9999.0, 117.8, 127.75, 120.25, 91.2, 138.41
2024-11-07, 06:56:10, 136.5, 58.25, 22.82, 22.0, 9999.0, 9.77, 10.0, 21.73, 9999.0, 24.0, 9999.0, 117.84, 127.75, 120.25, 91.23, 138.41
2024-11-07, 06:56:14, 136.5, 58.25, 22.8, 22.0, 9999.0, 9.75, 10.0, 21.73, 9999.0, 24.02, 9999.0, 117.86, 127.75, 120.25, 91.23, 138.41
2024-11-07, 06:56:18, 136.5, 58.25, 22.8, 22.0, 9999.0, 9.7, 10.0, 21.73, 9999.0, 24.05, 9999.0, 117.89, 127.75, 120.25, 91.23, 138.41
2024-11-07, 06:56:22, 136.5, 58.25, 22.8, 22.0, 9999.0, 9.68, 10.0, 21.73, 9999.0, 24.07, 9999.0, 117.89, 127.75, 120.25, 91.23, 138.41
2024-11-07, 06:56:26, 136.5, 58.25, 22.82, 22.0, 9999.0, 9.66, 10.0, 21.73, 9999.0, 24.09, 9999.0, 117.89, 127.75, 120.25, 91.2, 138.39
2024-11-07, 06:56:30, 136.5, 58.25, 22.82, 22.0, 9999.0, 9.64, 10.0, 21.73, 9999.0, 24.09, 9999.0, 117.89, 127.75, 120.25, 91.2, 138.39
2024-11-07, 06:56:34, 136.5, 58.25, 22.82, 22.0, 9999.0, 9.61, 10.0, 21.73, 9999.0, 24.09, 9999.0, 117.84, 127.75, 120.25, 91.2, 138.39
2024-11-07, 06:56:38, 136.5, 58.25, 22.82, 22.0, 9999.0, 9.59, 10.0, 21.73, 9999.0, 24.11, 9999.0, 117.82, 127.75, 120.25, 91.2, 138.39
2024-11-07, 06:56:42, 136.5, 58.25, 22.8, 22.0, 9999.0, 9.59, 10.0, 21.73, 9999.0, 24.11, 9999.0, 117.77, 127.75, 120.25, 91.2, 138.36
2024-11-07, 06:56:46, 136.5, 58.25, 22.77, 22.0, 9999.0, 9.59, 10.0, 21.73, 9999.0, 24.11, 9999.0, 117.73, 127.75, 120.25, 91.2, 138.34
2024-11-07, 06:56:50, 136.5, 58.25, 22.77, 22.0, 9999.0, 9.59, 10.0, 21.73, 9999.0, 24.11, 9999.0, 117.68, 127.75, 120.25, 91.23, 138.34
2024-11-07, 06:56:54, 136.5, 58.25, 22.77, 22.0, 9999.0, 9.61, 10.0, 21.75, 9999.0, 24.09, 9999.0, 117.64, 127.75, 120.25, 91.23, 138.34
2024-11-07, 06:56:58, 136.5, 58.25, 22.77, 22.0, 9999.0, 9.64, 10.0, 21.75, 9999.0, 24.07, 9999.0, 117.64, 127.75, 120.25, 91.23, 138.34
2024-11-07, 06:57:02, 136.5, 58.25, 22.77, 22.0, 9999.0, 9.66, 10.0, 21.75, 9999.0, 24.05, 9999.0, 117.64, 127.75, 120.25, 91.23, 138.34
2024-11-07, 06:57:06, 136.5, 58.25, 22.77, 22.0, 9999.0, 9.68, 10.0, 21.75, 9999.0, 24.02, 9999.0, 117.66, 127.75, 120.25, 91.23, 138.32
2024-11-07, 06:57:10, 136.5, 58.25, 22.75, 22.0, 9999.0, 9.7, 10.0, 21.75, 9999.0, 24.0, 9999.0, 117.68, 127.75, 120.25, 91.25, 138.34
2024-11-07, 06:57:14, 136.5, 58.25, 22.77, 22.0, 9999.0, 9.73, 10.0, 21.75, 9999.0, 23.98, 9999.0, 117.7, 127.75, 120.25, 91.25, 138.36
2024-11-07, 06:57:18, 136.5, 58.25, 22.8, 22.0, 9999.0, 9.75, 10.0, 21.75, 9999.0, 23.98, 9999.0, 117.75, 127.75, 120.25, 91.25, 138.39
2024-11-07, 06:57:22, 136.5, 58.25, 22.8, 22.0, 9999.0, 9.75, 10.0, 21.75, 9999.0, 23.98, 9999.0, 117.75, 127.75, 120.25, 91.25, 138.36
2024-11-07, 06:57:26, 136.5, 58.25, 22.82, 22.0, 9999.0, 9.75, 10.0, 21.75, 9999.0, 24.0, 9999.0, 117.8, 127.75, 120.25, 91.25, 138.39
2024-11-07, 06:57:30, 136.5, 58.25, 22.82, 22.0, 9999.0, 9.73, 10.0, 21.75, 9999.0, 24.02, 9999.0, 117.84, 127.75, 120.25, 91.25, 138.41
2024-11-07, 06:57:34, 136.5, 58.25, 22.82, 22.0, 9999.0, 9.7, 10.0, 21.75, 9999.0, 24.05, 9999.0, 117.86, 127.75, 120.25, 91.25, 138.43
2024-11-07, 06:57:38, 136.5, 58.25, 22.82, 22.0, 9999.0, 9.66, 10.0, 21.75, 9999.0, 24.05, 9999.0, 117.89, 127.75, 120.25, 91.25, 138.45
2024-11-07, 06:57:42, 136.5, 58.25, 22.82, 22.02, 9999.0, 9.64, 10.0, 21.75, 9999.0, 24.05, 9999.0, 117.89, 127.75, 120.25, 91.25, 138.45
2024-11-07, 06:57:46, 136.5, 58.25, 22.84, 22.02, 9999.0, 9.61, 10.0, 21.75, 9999.0, 24.05, 9999.0, 117.89, 127.75, 120.25, 91.25, 138.45
2024-11-07, 06:57:50, 136.5, 58.25, 22.84, 22.02, 9999.0, 9.59, 10.0, 21.75, 9999.0, 24.05, 9999.0, 117.86, 127.75, 120.25, 91.25, 138.48
2024-11-07, 06:57:54, 136.5, 58.25, 22.84, 22.02, 9999.0, 9.57, 10.0, 21.75, 9999.0, 24.05, 9999.0, 117.84, 127.75, 120.25, 91.25, 138.45
2024-11-07, 06:57:58, 136.5, 58.25, 22.82, 22.02, 9999.0, 9.57, 10.0, 21.75, 9999.0, 24.07, 9999.0, 117.82, 127.75, 120.25, 91.25, 138.45
2024-11-07, 06:58:02, 136.5, 58.25, 22.8, 22.02, 9999.0, 9.57, 10.0, 21.75, 9999.0, 24.07, 9999.0, 117.8, 127.75, 120.25, 91.25, 138.45
2024-11-07, 06:58:06, 136.5, 58.25, 22.82, 22.02, 9999.0, 9.59, 10.0, 21.75, 9999.0, 24.07, 9999.0, 117.77, 127.75, 120.25, 91.25, 138.48
2024-11-07, 06:58:10, 136.5, 58.25, 22.8, 22.02, 9999.0, 9.61, 10.0, 21.75, 9999.0, 24.05, 9999.0, 117.73, 127.75, 120.25, 91.23, 138.48
2024-11-07, 06:58:14, 136.5, 58.25, 22.8, 22.02, 9999.0, 9.66, 10.0, 21.75, 9999.0, 24.0, 9999.0, 117.68, 127.75, 120.25, 91.23, 138.48
2024-11-07, 06:58:18, 136.5, 58.25, 22.8, 22.02, 9999.0, 9.68, 10.0, 21.75, 9999.0, 23.95, 9999.0, 117.68, 127.75, 120.25, 91.23, 138.45
2024-11-07, 06:58:22, 136.5, 58.25, 22.8, 22.02, 9999.0, 9.73, 10.0, 21.75, 9999.0, 23.93, 9999.0, 117.68, 127.75, 120.25, 91.23, 138.45
2024-11-07, 06:58:26, 136.5, 58.25, 22.8, 22.0, 9999.0, 9.75, 10.0, 21.75, 9999.0, 23.91, 9999.0, 117.7, 127.75, 120.25, 91.23, 138.45
2024-11-07, 06:58:30, 136.5, 58.25, 22.77, 22.0, 9999.0, 9.77, 10.0, 21.75, 9999.0, 23.89, 9999.0, 117.73, 127.75, 120.25, 91.23, 138.43
2024-11-07, 06:58:34, 136.48, 58.25, 22.77, 22.0, 9999.0, 9.8, 10.0, 21.75, 9999.0, 23.86, 9999.0, 117.75, 127.75, 120.25, 91.23, 138.41
2024-11-07, 06:58:38, 136.48, 58.25, 22.77, 22.0, 9999.0, 9.82, 10.0, 21.75, 9999.0, 23.86, 9999.0, 117.77, 127.75, 120.25, 91.23, 138.43
2024-11-07, 06:58:42, 136.48, 58.25, 22.77, 22.0, 9999.0, 9.82, 10.0, 21.75, 9999.0, 23.86, 9999.0, 117.77, 127.75, 120.25, 91.23, 138.43
2024-11-07, 06:58:46, 136.48, 58.25, 22.77, 22.0, 9999.0, 9.8, 10.0, 21.75, 9999.0, 23.86, 9999.0, 117.77, 127.75, 120.25, 91.2, 138.43
2024-11-07, 06:58:50, 136.48, 58.25, 22.75, 22.0, 9999.0, 9.77, 10.0, 21.75, 9999.0, 23.86, 9999.0, 117.8, 127.75, 120.25, 91.18, 138.43
2024-11-07, 06:58:54, 136.48, 58.25, 22.75, 22.0, 9999.0, 9.75, 10.0, 21.75, 9999.0, 23.86, 9999.0, 117.82, 127.75, 120.25, 91.2, 138.43
2024-11-07, 06:58:59, 136.48, 58.25, 22.75, 22.0, 9999.0, 9.73, 10.0, 21.75, 9999.0, 23.89, 9999.0, 117.84, 127.75, 120.25, 91.2, 138.43
2024-11-07, 06:59:03, 136.48, 58.25, 22.75, 22.0, 9999.0, 9.7, 10.0, 21.75, 9999.0, 23.91, 9999.0, 117.84, 127.75, 120.25, 91.2, 138.45
2024-11-07, 06:59:07, 136.48, 58.25, 22.77, 22.0, 9999.0, 9.66, 10.0, 21.75, 9999.0, 23.93, 9999.0, 117.84, 127.75, 120.25, 91.2, 138.45
2024-11-07, 06:59:11, 136.48, 58.25, 22.8, 22.0, 9999.0, 9.64, 10.0, 21.75, 9999.0, 23.95, 9999.0, 117.82, 127.75, 120.25, 91.2, 138.45
2024-11-07, 06:59:15, 136.48, 58.25, 22.8, 22.0, 9999.0, 9.61, 10.0, 21.75, 9999.0, 23.98, 9999.0, 117.8, 127.75, 120.25, 91.2, 138.48
2024-11-07, 06:59:19, 136.5, 58.25, 22.8, 22.0, 9999.0, 9.61, 10.0, 21.75, 9999.0, 24.0, 9999.0, 117.77, 127.75, 120.25, 91.2, 138.5
2024-11-07, 06:59:23, 136.5, 58.25, 22.8, 22.0, 9999.0, 9.61, 10.0, 21.75, 9999.0, 24.0, 9999.0, 117.73, 127.75, 120.25, 91.2, 138.5
2024-11-07, 06:59:27, 136.5, 58.25, 22.8, 22.0, 9999.0, 9.61, 10.0, 21.75, 9999.0, 24.0, 9999.0, 117.73, 127.75, 120.25, 91.2, 138.5
2024-11-07, 06:59:31, 136.5, 58.25, 22.82, 22.0, 9999.0, 9.66, 10.0, 21.75, 9999.0, 24.0, 9999.0, 117.7, 127.75, 120.25, 91.23, 138.5
2024-11-07, 06:59:35, 136.5, 58.25, 22.82, 22.0, 9999.0, 9.68, 10.0, 21.75, 9999.0, 23.98, 9999.0, 117.7, 127.75, 120.25, 91.25, 138.5
2024-11-07, 06:59:39, 136.5, 58.25, 22.82, 22.0, 9999.0, 9.68, 10.0, 21.75, 9999.0, 23.95, 9999.0, 117.7, 127.75, 120.25, 91.25, 138.5
2024-11-07, 06:59:43, 136.5, 58.25, 22.82, 22.0, 9999.0, 9.68, 10.0, 21.75, 9999.0, 23.93, 9999.0, 117.7, 127.75, 120.25, 91.25, 138.5
2024-11-07, 06:59:47, 136.5, 58.25, 22.82, 22.0, 9999.0, 9.7, 10.0, 21.75, 9999.0, 23.91, 9999.0, 117.73, 127.75, 120.25, 91.25, 138.5
2024-11-07, 06:59:51, 136.5, 58.25, 22.8, 22.0, 9999.0, 9.73, 10.0, 21.75, 9999.0, 23.89, 9999.0, 117.75, 127.75, 120.25, 91.25, 138.5
2024-11-07, 06:59:55, 136.5, 58.25, 22.77, 22.0, 9999.0, 9.75, 10.0, 21.75, 9999.0, 23.86, 9999.0, 117.77, 127.75, 120.25, 91.25, 138.5
2024-11-07, 06:59:59, 136.5, 58.25, 22.77, 22.0, 9999.0, 9.77, 10.0, 21.75, 9999.0, 23.86, 9999.0, 117.77, 127.75, 120.25, 91.25, 138.5
2024-11-07, 07:00:03, 136.5, 58.25, 22.77, 22.0, 9999.0, 9.75, 10.0, 21.75, 9999.0, 23.86, 9999.0, 117.77, 127.75, 120.25, 91.25, 138.5
2024-11-07, 07:00:07, 136.5, 58.25, 22.77, 22.0, 9999.0, 9.75, 10.0, 21.75, 9999.0, 23.89, 9999.0, 117.82, 127.75, 120.25, 91.25, 138.5
2024-11-07, 07:00:11, 136.5, 58.25, 22.77, 22.0, 9999.0, 9.73, 10.0, 21.75, 9999.0, 23.91, 9999.0, 117.84, 127.75, 120.25, 91.23, 138.5
2024-11-07, 07:00:15, 136.5, 58.25, 22.75, 22.0, 9999.0, 9.68, 10.0, 21.75, 9999.0, 23.93, 9999.0, 117.86, 127.75, 120.25, 91.2, 138.5
2024-11-07, 07:00:19, 136.5, 58.25, 22.75, 22.0, 9999.0, 9.66, 10.0, 21.75, 9999.0, 23.95, 9999.0, 117.86, 127.75, 120.25, 91.18, 138.5
2024-11-07, 07:01:05, 136.5, 58.25, 22.75, 22.0, 9999.0, 9.64, 10.0, 21.75, 9999.0, 23.98, 9999.0, 117.86, 127.75, 120.25, 91.16, 138.5
2024-11-07, 07:01:09, 136.5, 58.25, 22.75, 22.0, 9999.0, 9.61, 10.0, 21.75, 9999.0, 24.02, 9999.0, 117.86, 127.75, 120.25, 91.14, 138.5
2024-11-07, 07:01:13, 136.5, 58.25, 22.77, 22.0, 9999.0, 9.59, 10.0, 21.75, 9999.0, 24.05, 9999.0, 117.84, 127.75, 120.25, 91.11, 138.5
2024-11-07, 07:01:17, 136.5, 58.25, 22.77, 22.0, 9999.0, 9.57, 10.0, 21.75, 9999.0, 24.07, 9999.0, 117.8, 127.75, 120.25, 91.09, 138.5
2024-11-07, 07:01:21, 136.5, 58.25, 22.8, 22.0, 9999.0, 9.57, 10.0, 21.75, 9999.0, 24.09, 9999.0, 117.75, 127.75, 120.25, 91.09, 138.5
2024-11-07, 07:01:25, 136.5, 58.25, 22.8, 22.0, 9999.0, 9.57, 10.0, 21.75, 9999.0, 24.09, 9999.0, 117.73, 127.75, 120.25, 91.07, 138.5
2024-11-07, 07:01:29, 136.5, 58.25, 22.8, 22.0, 9999.0, 9.59, 10.0, 21.75, 9999.0, 24.09, 9999.0, 117.7, 127.75, 120.25, 91.07, 138.5
2024-11-07, 07:01:33, 136.5, 58.25, 22.8, 22.0, 9999.0, 9.61, 10.0, 21.75, 9999.0, 24.07, 9999.0, 117.66, 127.75, 120.25, 91.05, 138.5
2024-11-07, 07:01:37, 136.5, 58.25, 22.8, 22.0, 9999.0, 9.66, 10.0, 21.75, 9999.0, 24.05, 9999.0, 117.64, 127.75, 120.25, 91.05, 138.5
2024-11-07, 07:01:41, 136.5, 58.25, 22.8, 22.0, 9999.0, 9.68, 10.0, 21.75, 9999.0, 24.02, 9999.0, 117.64, 127.75, 120.25, 91.07, 138.5
2024-11-07, 07:01:45, 136.5, 58.25, 22.8, 22.0, 9999.0, 9.7, 10.0, 21.75, 9999.0, 24.02, 9999.0, 117.64, 127.75, 120.25, 91.09, 138.5
2024-11-07, 07:01:49, 136.5, 58.25, 22.8, 22.0, 9999.0, 9.73, 10.0, 21.75, 9999.0, 24.02, 9999.0, 117.66, 127.75, 120.25, 91.11, 138.5
2024-11-07, 07:01:53, 136.5, 58.25, 22.8, 22.0, 9999.0, 9.75, 10.0, 21.75, 9999.0, 23.98, 9999.0, 117.68, 127.75, 120.25, 91.11, 138.5
2024-11-07, 07:01:57, 136.5, 58.25, 22.77, 22.0, 9999.0, 9.77, 10.0, 21.75, 9999.0, 23.98, 9999.0, 117.7, 127.75, 120.25, 91.11, 138.5
2024-11-07, 07:02:01, 136.5, 58.25, 22.77, 22.0, 9999.0, 9.8, 10.0, 21.75, 9999.0, 23.98, 9999.0, 117.73, 127.75, 120.25, 91.11, 138.5
2024-11-07, 07:02:05, 136.5, 58.25, 22.75, 22.0, 9999.0, 9.8, 10.0, 21.75, 9999.0, 23.98, 9999.0, 117.75, 127.75, 120.25, 91.09, 138.5
2024-11-07, 07:02:09, 136.5, 58.27, 22.75, 22.0, 9999.0, 9.77, 10.0, 21.75, 9999.0, 24.0, 9999.0, 117.77, 127.75, 120.25, 91.11, 138.5
2024-11-07, 07:02:13, 136.5, 58.27, 22.75, 22.0, 9999.0, 9.77, 10.0, 21.75, 9999.0, 24.02, 9999.0, 117.8, 127.75, 120.25, 91.11, 138.5
2024-11-07, 07:02:17, 136.5, 58.27, 22.75, 22.0, 9999.0, 9.75, 10.0, 21.75, 9999.0, 24.02, 9999.0, 117.82, 127.75, 120.25, 91.14, 138.5
2024-11-07, 07:02:21, 136.5, 58.27, 22.75, 22.0, 9999.0, 9.73, 10.0, 21.75, 9999.0, 24.02, 9999.0, 117.82, 127.75, 120.25, 91.16, 138.5
2024-11-07, 07:02:25, 136.5, 58.27, 22.75, 22.0, 9999.0, 9.7, 10.0, 21.75, 9999.0, 24.02, 9999.0, 117.82, 127.75, 120.25, 91.16, 138.5
2024-11-07, 07:02:29, 136.5, 58.27, 22.77, 22.0, 9999.0, 9.68, 10.0, 21.75, 9999.0, 24.02, 9999.0, 117.82, 127.75, 120.25, 91.16, 138.5
2024-11-07, 07:02:33, 136.5, 58.27, 22.8, 22.0, 9999.0, 9.66, 10.0, 21.73, 9999.0, 24.02, 9999.0, 117.8, 127.75, 120.25, 91.16, 138.5
2024-11-07, 07:02:37, 136.5, 58.27, 22.8, 22.0, 9999.0, 9.64, 10.0, 21.73, 9999.0, 24.05, 9999.0, 117.75, 127.75, 120.25, 91.18, 138.5
2024-11-07, 07:02:41, 136.5, 58.27, 22.8, 22.0, 9999.0, 9.64, 10.0, 21.73, 9999.0, 24.05, 9999.0, 117.7, 127.75, 120.25, 91.18, 138.5
2024-11-07, 07:02:45, 136.5, 58.27, 22.8, 22.0, 9999.0, 9.64, 10.0, 21.73, 9999.0, 24.05, 9999.0, 117.68, 127.75, 120.25, 91.18, 138.5
2024-11-07, 07:02:49, 136.5, 58.27, 22.8, 22.0, 9999.0, 9.66, 10.0, 21.73, 9999.0, 24.02, 9999.0, 117.66, 127.75, 120.25, 91.18, 138.5
2024-11-07, 07:02:53, 136.5, 58.27, 22.8, 22.0, 9999.0, 9.7, 10.0, 21.73, 9999.0, 23.98, 9999.0, 117.64, 127.75, 120.25, 91.16, 138.5
2024-11-07, 07:02:57, 136.5, 58.27, 22.82, 22.0, 9999.0, 9.7, 10.0, 21.73, 9999.0, 23.93, 9999.0, 117.64, 127.75, 120.23, 91.16, 138.5
2024-11-07, 07:03:01, 136.5, 58.27, 22.82, 22.0, 9999.0, 9.7, 10.0, 21.73, 9999.0, 23.91, 9999.0, 117.64, 127.75, 120.23, 91.16, 138.5
2024-11-07, 07:03:05, 136.5, 58.27, 22.82, 22.0, 9999.0, 9.7, 10.0, 21.73, 9999.0, 23.89, 9999.0, 117.66, 127.75, 120.23, 91.16, 138.5
2024-11-07, 07:03:09, 136.5, 58.27, 22.82, 22.0, 9999.0, 9.73, 10.0, 21.73, 9999.0, 23.86, 9999.0, 117.68, 127.75, 120.23, 91.16, 138.5
2024-11-07, 07:03:13, 136.5, 58.27, 22.8, 22.0, 9999.0, 9.75, 10.0, 21.73, 9999.0, 23.84, 9999.0, 117.68, 127.75, 120.23, 91.16, 138.5
2024-11-07, 07:03:17, 136.5, 58.27, 22.77, 22.0, 9999.0, 9.77, 10.0, 21.75, 9999.0, 23.84, 9999.0, 117.7, 127.75, 120.23, 91.16, 138.5
2024-11-07, 07:03:21, 136.5, 58.27, 22.77, 22.0, 9999.0, 9.8, 10.0, 21.75, 9999.0, 23.82, 9999.0, 117.75, 127.75, 120.23, 91.16, 138.5
2024-11-07, 07:03:25, 136.5, 58.27, 22.8, 22.0, 9999.0, 9.8, 10.0, 21.75, 9999.0, 23.8, 9999.0, 117.77, 127.75, 120.23, 91.18, 138.5
2024-11-07, 07:03:30, 136.5, 58.27, 22.8, 22.0, 9999.0, 9.8, 10.0, 21.75, 9999.0, 23.8, 9999.0, 117.8, 127.75, 120.23, 91.2, 138.5
2024-11-07, 07:03:34, 136.5, 58.27, 22.82, 22.0, 9999.0, 9.77, 10.0, 21.75, 9999.0, 23.82, 9999.0, 117.82, 127.75, 120.23, 91.23, 138.5
2024-11-07, 07:03:38, 136.5, 58.25, 22.82, 22.0, 9999.0, 9.73, 10.0, 21.75, 9999.0, 23.82, 9999.0, 117.84, 127.75, 120.23, 91.25, 138.5
2024-11-07, 07:03:42, 136.5, 58.27, 22.8, 22.0, 9999.0, 9.7, 10.0, 21.75, 9999.0, 23.82, 9999.0, 117.84, 127.75, 120.25, 91.25, 138.5
2024-11-07, 07:03:46, 136.5, 58.27, 22.8, 22.0, 9999.0, 9.68, 10.0, 21.75, 9999.0, 23.82, 9999.0, 117.84, 127.75, 120.25, 91.25, 138.5
2024-11-07, 07:03:50, 136.5, 58.27, 22.8, 22.0, 9999.0, 9.66, 10.0, 21.75, 9999.0, 23.82, 9999.0, 117.82, 127.75, 120.25, 91.25, 138.5
2024-11-07, 07:03:54, 136.5, 58.27, 22.8, 22.0, 9999.0, 9.64, 10.0, 21.75, 9999.0, 23.82, 9999.0, 117.77, 127.75, 120.25, 91.25, 138.5
2024-11-07, 07:03:58, 136.5, 58.27, 22.8, 22.0, 9999.0, 9.64, 10.0, 21.75, 9999.0, 23.82, 9999.0, 117.77, 127.75, 120.25, 91.25, 138.5
2024-11-07, 07:04:02, 136.5, 58.27, 22.8, 22.0, 9999.0, 9.64, 10.0, 21.75, 9999.0, 23.8, 9999.0, 117.75, 127.75, 120.25, 91.25, 138.5
2024-11-07, 07:04:06, 136.5, 58.27, 22.8, 22.0, 9999.0, 9.64, 10.0, 21.75, 9999.0, 23.8, 9999.0, 117.7, 127.75, 120.25, 91.23, 138.5
2024-11-07, 07:04:10, 136.5, 58.27, 22.77, 22.0, 9999.0, 9.66, 10.0, 21.75, 9999.0, 23.8, 9999.0, 117.68, 127.75, 120.25, 91.2, 138.5
2024-11-07, 07:04:14, 136.5, 58.27, 22.77, 22.0, 9999.0, 9.68, 10.0, 21.75, 9999.0, 23.77, 9999.0, 117.66, 127.75, 120.25, 91.2, 138.5
2024-11-07, 07:04:18, 136.5, 58.27, 22.75, 22.0, 9999.0, 9.68, 10.0, 21.75, 9999.0, 23.75, 9999.0, 117.66, 127.75, 120.25, 91.2, 138.5
2024-11-07, 07:04:22, 136.5, 58.27, 22.75, 22.0, 9999.0, 9.7, 10.0, 21.75, 9999.0, 23.75, 9999.0, 117.66, 127.75, 120.25, 91.2, 138.5
2024-11-07, 07:04:26, 136.5, 58.25, 22.75, 22.0, 9999.0, 9.73, 10.0, 21.75, 9999.0, 23.75, 9999.0, 117.68, 127.75, 120.25, 91.18, 138.5
2024-11-07, 07:04:30, 136.5, 58.25, 22.75, 22.0, 9999.0, 9.75, 10.0, 21.75, 9999.0, 23.75, 9999.0, 117.7, 127.75, 120.25, 91.18, 138.5
2024-11-07, 07:04:34, 136.5, 58.27, 22.75, 22.0, 9999.0, 9.77, 10.0, 21.75, 9999.0, 23.75, 9999.0, 117.73, 127.75, 120.25, 91.18, 138.5
2024-11-07, 07:04:38, 136.5, 58.27, 22.75, 22.0, 9999.0, 9.8, 10.0, 21.75, 9999.0, 23.75, 9999.0, 117.77, 127.75, 120.25, 91.18, 138.5
2024-11-07, 07:04:42, 136.5, 58.3, 22.75, 22.0, 9999.0, 9.8, 10.0, 21.75, 9999.0, 23.77, 9999.0, 117.77, 127.75, 120.25, 91.18, 138.5
2024-11-07, 07:04:46, 136.5, 58.3, 22.75, 22.0, 9999.0, 9.8, 10.0, 21.75, 9999.0, 23.82, 9999.0, 117.77, 127.75, 120.25, 91.18, 138.5
2024-11-07, 07:04:50, 136.5, 58.3, 22.75, 22.0, 9999.0, 9.8, 10.0, 21.75, 9999.0, 23.86, 9999.0, 117.8, 127.75, 120.25, 91.2, 138.5
2024-11-07, 07:04:54, 136.5, 58.3, 22.75, 22.0, 9999.0, 9.77, 10.0, 21.75, 9999.0, 23.89, 9999.0, 117.82, 127.75, 120.25, 91.23, 138.5
2024-11-07, 07:04:58, 136.5, 58.3, 22.77, 22.0, 9999.0, 9.75, 10.0, 21.75, 9999.0, 23.91, 9999.0, 117.84, 127.75, 120.25, 91.23, 138.5
2024-11-07, 07:05:02, 136.5, 58.3, 22.77, 22.0, 9999.0, 9.73, 10.0, 21.75, 9999.0, 23.93, 9999.0, 117.84, 127.75, 120.25, 91.23, 138.5
2024-11-07, 07:05:06, 136.5, 58.3, 22.77, 22.0, 9999.0, 9.7, 10.0, 21.75, 9999.0, 23.95, 9999.0, 117.84, 127.75, 120.25, 91.23, 138.5
2024-11-07, 07:05:10, 136.5, 58.3, 22.77, 22.0, 9999.0, 9.68, 10.0, 21.75, 9999.0, 23.98, 9999.0, 117.82, 127.75, 120.25, 91.25, 138.5
2024-11-07, 07:05:14, 136.5, 58.3, 22.8, 22.0, 9999.0, 9.66, 10.0, 21.75, 9999.0, 24.0, 9999.0, 117.77, 127.75, 120.25, 91.25, 138.5
2024-11-07, 07:05:18, 136.5, 58.27, 22.8, 22.0, 9999.0, 9.66, 10.0, 21.75, 9999.0, 24.02, 9999.0, 117.73, 127.75, 120.25, 91.25, 138.5
2024-11-07, 07:05:22, 136.5, 58.27, 22.8, 22.0, 9999.0, 9.66, 10.0, 21.75, 9999.0, 24.02, 9999.0, 117.68, 127.75, 120.25, 91.25, 138.5
2024-11-07, 07:05:26, 136.5, 58.25, 22.8, 22.0, 9999.0, 9.66, 10.0, 21.75, 9999.0, 24.0, 9999.0, 117.66, 127.75, 120.25, 91.23, 138.5
2024-11-07, 07:05:30, 136.5, 58.25, 22.8, 22.0, 9999.0, 9.68, 10.0, 21.75, 9999.0, 23.95, 9999.0, 117.64, 127.75, 120.25, 91.2, 138.5
2024-11-07, 07:05:34, 136.5, 58.25, 22.8, 22.0, 9999.0, 9.68, 10.0, 21.75, 9999.0, 23.91, 9999.0, 117.64, 127.75, 120.25, 91.18, 138.5
2024-11-07, 07:05:38, 136.5, 58.25, 22.82, 22.0, 9999.0, 9.68, 10.0, 21.75, 9999.0, 23.89, 9999.0, 117.64, 127.75, 120.25, 91.16, 138.5
2024-11-07, 07:05:42, 136.5, 58.25, 22.82, 22.0, 9999.0, 9.68, 10.0, 21.75, 9999.0, 23.86, 9999.0, 117.64, 127.75, 120.25, 91.16, 138.5
2024-11-07, 07:05:46, 136.5, 58.25, 22.82, 22.0, 9999.0, 9.7, 10.0, 21.75, 9999.0, 23.84, 9999.0, 117.66, 127.75, 120.25, 91.14, 138.5
2024-11-07, 07:05:50, 136.5, 58.25, 22.82, 22.0, 9999.0, 9.73, 10.0, 21.75, 9999.0, 23.82, 9999.0, 117.68, 127.75, 120.25, 91.14, 138.5
2024-11-07, 07:05:54, 136.5, 58.25, 22.82, 22.0, 9999.0, 9.75, 10.0, 21.75, 9999.0, 23.82, 9999.0, 117.7, 127.75, 120.25, 91.14, 138.5
2024-11-07, 07:05:58, 136.5, 58.25, 22.8, 22.0, 9999.0, 9.77, 10.0, 21.75, 9999.0, 23.8, 9999.0, 117.75, 127.75, 120.25, 91.14, 138.5
2024-11-07, 07:06:02, 136.5, 58.25, 22.8, 22.0, 9999.0, 9.77, 10.02, 21.75, 9999.0, 23.77, 9999.0, 117.8, 127.75, 120.25, 91.11, 138.5
2024-11-07, 07:06:06, 136.5, 58.25, 22.82, 22.0, 9999.0, 9.77, 10.02, 21.75, 9999.0, 23.8, 9999.0, 117.84, 127.75, 120.25, 91.11, 138.5
2024-11-07, 07:06:10, 136.5, 58.25, 22.84, 22.0, 9999.0, 9.77, 10.02, 21.75, 9999.0, 23.82, 9999.0, 117.86, 127.75, 120.25, 91.14, 138.5
2024-11-07, 07:06:14, 136.5, 58.25, 22.84, 22.0, 9999.0, 9.75, 10.02, 21.75, 9999.0, 23.84, 9999.0, 117.89, 127.75, 120.25, 91.16, 138.5
2024-11-07, 07:06:18, 136.5, 58.25, 22.84, 22.0, 9999.0, 9.73, 10.02, 21.75, 9999.0, 23.86, 9999.0, 117.89, 127.75, 120.25, 91.18, 138.5
2024-11-07, 07:06:22, 136.5, 58.25, 22.82, 22.0, 9999.0, 9.7, 10.02, 21.75, 9999.0, 23.86, 9999.0, 117.89, 127.75, 120.25, 91.2, 138.5
2024-11-07, 07:06:26, 136.5, 58.25, 22.82, 22.0, 9999.0, 9.68, 10.02, 21.75, 9999.0, 23.86, 9999.0, 117.89, 127.75, 120.25, 91.2, 138.5
2024-11-07, 07:06:30, 136.5, 58.25, 22.82, 22.0, 9999.0, 9.66, 10.02, 21.75, 9999.0, 23.86, 9999.0, 117.86, 127.75, 120.25, 91.23, 138.5
2024-11-07, 07:06:34, 136.5, 58.25, 22.82, 22.0, 9999.0, 9.64, 10.02, 21.75, 9999.0, 23.86, 9999.0, 117.84, 127.75, 120.25, 91.23, 138.5
2024-11-07, 07:06:38, 136.5, 58.27, 22.82, 22.0, 9999.0, 9.64, 10.02, 21.75, 9999.0, 23.84, 9999.0, 117.82, 127.75, 120.25, 91.23, 138.5
2024-11-07, 07:06:42, 136.5, 58.27, 22.82, 22.0, 9999.0, 9.64, 10.02, 21.75, 9999.0, 23.84, 9999.0, 117.8, 127.75, 120.25, 91.23, 138.5
2024-11-07, 07:06:46, 136.5, 58.27, 22.84, 22.0, 9999.0, 9.64, 10.0, 21.75, 9999.0, 23.84, 9999.0, 117.75, 127.75, 120.25, 91.25, 138.5
2024-11-07, 07:06:50, 136.5, 58.27, 22.82, 22.0, 9999.0, 9.66, 10.0, 21.75, 9999.0, 23.82, 9999.0, 117.7, 127.75, 120.25, 91.25, 138.5
2024-11-07, 07:06:54, 136.5, 58.27, 22.8, 22.0, 9999.0, 9.68, 10.0, 21.75, 9999.0, 23.77, 9999.0, 117.7, 127.75, 120.25, 91.23, 138.5
2024-11-07, 07:06:58, 136.5, 58.27, 22.8, 22.0, 9999.0, 9.7, 10.0, 21.75, 9999.0, 23.73, 9999.0, 117.7, 127.75, 120.25, 91.2, 138.5
2024-11-07, 07:07:02, 136.5, 58.27, 22.82, 22.0, 9999.0, 9.73, 10.0, 21.75, 9999.0, 23.7, 9999.0, 117.7, 127.75, 120.25, 91.2, 138.5
2024-11-07, 07:07:06, 136.5, 58.27, 22.84, 22.0, 9999.0, 9.75, 10.02, 21.75, 9999.0, 23.7, 9999.0, 117.73, 127.75, 120.25, 91.2, 138.5
2024-11-07, 07:07:10, 136.5, 58.27, 22.82, 22.0, 9999.0, 9.77, 10.02, 21.75, 9999.0, 23.68, 9999.0, 117.75, 127.75, 120.25, 91.2, 138.5
2024-11-07, 07:07:15, 136.5, 58.27, 22.84, 22.0, 9999.0, 9.8, 10.02, 21.75, 9999.0, 23.68, 9999.0, 117.77, 127.75, 120.25, 91.2, 138.5
2024-11-07, 07:07:19, 136.5, 58.27, 22.84, 22.0, 9999.0, 9.82, 10.02, 21.75, 9999.0, 23.68, 9999.0, 117.77, 127.75, 120.25, 91.2, 138.5
2024-11-07, 07:07:23, 136.5, 58.25, 22.84, 22.0, 9999.0, 9.82, 10.02, 21.75, 9999.0, 23.68, 9999.0, 117.8, 127.75, 120.25, 91.2, 138.5
2024-11-07, 07:07:27, 136.5, 58.25, 22.84, 22.0, 9999.0, 9.82, 10.02, 21.75, 9999.0, 23.7, 9999.0, 117.8, 127.75, 120.25, 91.2, 138.5
2024-11-07, 07:07:31, 136.5, 58.25, 22.82, 22.0, 9999.0, 9.82, 10.02, 21.75, 9999.0, 23.73, 9999.0, 117.82, 127.75, 120.25, 91.2, 138.5
2024-11-07, 07:07:35, 136.5, 58.25, 22.84, 22.0, 9999.0, 9.8, 10.02, 21.75, 9999.0, 23.73, 9999.0, 117.84, 127.75, 120.25, 91.2, 138.5
2024-11-07, 07:07:39, 136.5, 58.25, 22.86, 22.0, 9999.0, 9.77, 10.02, 21.75, 9999.0, 23.75, 9999.0, 117.84, 127.75, 120.25, 91.23, 138.5
2024-11-07, 07:07:43, 136.5, 58.25, 22.89, 22.0, 9999.0, 9.73, 10.02, 21.75, 9999.0, 23.77, 9999.0, 117.84, 127.75, 120.25, 91.25, 138.5
2024-11-07, 07:07:47, 136.5, 58.25, 22.89, 22.0, 9999.0, 9.7, 10.02, 21.75, 9999.0, 23.77, 9999.0, 117.84, 127.75, 120.25, 91.25, 138.5
2024-11-07, 07:07:51, 136.5, 58.25, 22.89, 22.0, 9999.0, 9.68, 10.0, 21.75, 9999.0, 23.77, 9999.0, 117.82, 127.75, 120.25, 91.25, 138.5
2024-11-07, 07:07:55, 136.5, 58.25, 22.89, 22.0, 9999.0, 9.66, 10.0, 21.75, 9999.0, 23.8, 9999.0, 117.8, 127.75, 120.25, 91.25, 138.5
2024-11-07, 07:07:59, 136.5, 58.25, 22.89, 22.0, 9999.0, 9.66, 10.0, 21.75, 9999.0, 23.8, 9999.0, 117.77, 127.75, 120.25, 91.25, 138.5
2024-11-07, 07:08:03, 136.5, 58.25, 22.89, 22.0, 9999.0, 9.66, 10.0, 21.75, 9999.0, 23.8, 9999.0, 117.77, 127.75, 120.25, 91.25, 138.5
2024-11-07, 07:08:07, 136.5, 58.25, 22.89, 22.0, 9999.0, 9.68, 10.0, 21.75, 9999.0, 23.8, 9999.0, 117.73, 127.75, 120.25, 91.25, 138.5
2024-11-07, 07:08:11, 136.5, 58.25, 22.89, 22.0, 9999.0, 9.7, 10.0, 21.75, 9999.0, 23.77, 9999.0, 117.7, 127.75, 120.25, 91.25, 138.5
2024-11-07, 07:08:15, 136.5, 58.25, 22.89, 22.0, 9999.0, 9.7, 10.0, 21.75, 9999.0, 23.75, 9999.0, 117.7, 127.75, 120.25, 91.25, 138.5
2024-11-07, 07:08:19, 136.5, 58.25, 22.89, 22.0, 9999.0, 9.7, 10.0, 21.75, 9999.0, 23.75, 9999.0, 117.7, 127.75, 120.25, 91.25, 138.5
2024-11-07, 07:08:23, 136.5, 58.25, 22.89, 22.0, 9999.0, 9.7, 10.0, 21.75, 9999.0, 23.73, 9999.0, 117.73, 127.75, 120.25, 91.25, 138.5
2024-11-07, 07:08:27, 136.5, 58.25, 22.89, 22.0, 9999.0, 9.73, 10.0, 21.75, 9999.0, 23.7, 9999.0, 117.75, 127.75, 120.25, 91.25, 138.5
2024-11-07, 07:08:31, 136.5, 58.25, 22.89, 22.0, 9999.0, 9.75, 10.0, 21.75, 9999.0, 23.68, 9999.0, 117.77, 127.75, 120.25, 91.25, 138.5
2024-11-07, 07:08:35, 136.5, 58.25, 22.86, 22.0, 9999.0, 9.77, 10.02, 21.75, 9999.0, 23.68, 9999.0, 117.8, 127.75, 120.25, 91.25, 138.5
2024-11-07, 07:08:39, 136.5, 58.25, 22.86, 22.0, 9999.0, 9.8, 10.02, 21.75, 9999.0, 23.66, 9999.0, 117.8, 127.75, 120.25, 91.25, 138.5
2024-11-07, 07:08:43, 136.5, 58.25, 22.84, 22.02, 9999.0, 9.8, 10.05, 21.75, 9999.0, 23.66, 9999.0, 117.8, 127.75, 120.25, 91.25, 138.5
2024-11-07, 07:08:47, 136.5, 58.25, 22.86, 22.02, 9999.0, 9.8, 10.05, 21.75, 9999.0, 23.68, 9999.0, 117.8, 127.75, 120.25, 91.25, 138.5
2024-11-07, 07:08:51, 136.5, 58.27, 22.89, 22.02, 9999.0, 9.77, 10.05, 21.75, 9999.0, 23.7, 9999.0, 117.82, 127.75, 120.25, 91.25, 138.5
2024-11-07, 07:08:55, 136.5, 58.3, 22.91, 22.02, 9999.0, 9.75, 10.05, 21.75, 9999.0, 23.7, 9999.0, 117.84, 127.75, 120.25, 91.25, 138.5
2024-11-07, 07:08:59, 136.5, 58.3, 22.91, 22.02, 9999.0, 9.73, 10.07, 21.75, 9999.0, 23.7, 9999.0, 117.84, 127.75, 120.25, 91.25, 138.5
2024-11-07, 07:09:03, 136.5, 58.3, 22.91, 22.02, 9999.0, 9.73, 10.07, 21.75, 9999.0, 23.73, 9999.0, 117.84, 127.75, 120.25, 91.25, 138.5
2024-11-07, 07:09:07, 136.5, 58.3, 22.91, 22.02, 9999.0, 9.7, 10.07, 21.75, 9999.0, 23.75, 9999.0, 117.82, 127.75, 120.25, 91.25, 138.5
2024-11-07, 07:09:11, 136.5, 58.3, 22.91, 22.02, 9999.0, 9.68, 10.07, 21.75, 9999.0, 23.77, 9999.0, 117.8, 127.75, 120.25, 91.25, 138.5
2024-11-07, 07:09:15, 136.5, 58.3, 22.91, 22.05, 9999.0, 9.68, 10.07, 21.75, 9999.0, 23.8, 9999.0, 117.77, 127.75, 120.25, 91.25, 138.5
2024-11-07, 07:09:19, 136.5, 58.3, 22.91, 22.05, 9999.0, 9.68, 10.05, 21.75, 9999.0, 23.8, 9999.0, 117.75, 127.75, 120.25, 91.25, 138.5
2024-11-07, 07:09:23, 136.5, 58.32, 22.93, 22.05, 9999.0, 9.68, 10.05, 21.75, 9999.0, 23.82, 9999.0, 117.73, 127.75, 120.25, 91.25, 138.5
2024-11-07, 07:09:27, 136.5, 58.32, 22.95, 22.02, 9999.0, 9.7, 10.02, 21.75, 9999.0, 23.82, 9999.0, 117.7, 127.75, 120.25, 91.25, 138.5
2024-11-07, 07:09:31, 136.5, 58.32, 22.95, 22.02, 9999.0, 9.73, 10.05, 21.75, 9999.0, 23.8, 9999.0, 117.7, 127.75, 120.25, 91.25, 138.5
2024-11-07, 07:09:35, 136.5, 58.3, 22.95, 22.02, 9999.0, 9.75, 10.05, 21.75, 9999.0, 23.77, 9999.0, 117.7, 127.75, 120.25, 91.25, 138.5
2024-11-07, 07:09:39, 136.5, 58.27, 22.93, 22.02, 9999.0, 9.77, 10.05, 21.75, 9999.0, 23.77, 9999.0, 117.7, 127.75, 120.25, 91.25, 138.5
2024-11-07, 07:09:43, 136.5, 58.27, 22.95, 22.02, 9999.0, 9.8, 10.05, 21.75, 9999.0, 23.77, 9999.0, 117.73, 127.75, 120.25, 91.25, 138.5
2024-11-07, 07:09:47, 136.48, 58.27, 22.95, 22.05, 9999.0, 9.8, 10.05, 21.75, 9999.0, 23.75, 9999.0, 117.75, 127.75, 120.25, 91.25, 138.5
2024-11-07, 07:09:51, 136.48, 58.27, 22.95, 22.05, 9999.0, 9.82, 10.05, 21.75, 9999.0, 23.73, 9999.0, 117.77, 127.75, 120.25, 91.25, 138.5
2024-11-07, 07:09:55, 136.48, 58.27, 22.93, 22.05, 9999.0, 9.84, 10.05, 21.75, 9999.0, 23.73, 9999.0, 117.8, 127.75, 120.25, 91.25, 138.5
2024-11-07, 07:09:59, 136.48, 58.27, 22.91, 22.02, 9999.0, 9.84, 10.05, 21.75, 9999.0, 23.73, 9999.0, 117.82, 127.75, 120.25, 91.25, 138.5
2024-11-07, 07:10:03, 136.48, 58.27, 22.93, 22.02, 9999.0, 9.84, 10.05, 21.75, 9999.0, 23.73, 9999.0, 117.82, 127.75, 120.25, 91.25, 138.5
2024-11-07, 07:10:07, 136.48, 58.25, 22.93, 22.05, 9999.0, 9.84, 10.05, 21.75, 9999.0, 23.73, 9999.0, 117.84, 127.75, 120.25, 91.25, 138.5
2024-11-07, 07:10:11, 136.48, 58.25, 22.93, 22.05, 9999.0, 9.82, 10.05, 21.75, 9999.0, 23.75, 9999.0, 117.86, 127.75, 120.25, 91.25, 138.5
2024-11-07, 07:10:15, 136.48, 58.25, 22.93, 22.07, 9999.0, 9.8, 10.02, 21.75, 9999.0, 23.77, 9999.0, 117.86, 127.75, 120.25, 91.25, 138.5
2024-11-07, 07:10:19, 136.48, 58.25, 22.93, 22.07, 9999.0, 9.75, 10.02, 21.75, 9999.0, 23.77, 9999.0, 117.86, 127.75, 120.25, 91.25, 138.5
2024-11-07, 07:10:23, 136.48, 58.25, 22.95, 22.07, 9999.0, 9.73, 10.02, 21.75, 9999.0, 23.77, 9999.0, 117.86, 127.75, 120.25, 91.25, 138.5
2024-11-07, 07:10:27, 136.48, 58.25, 22.95, 22.07, 9999.0, 9.73, 10.0, 21.75, 9999.0, 23.77, 9999.0, 117.84, 127.75, 120.25, 91.25, 138.5
2024-11-07, 07:10:31, 136.5, 58.25, 22.95, 22.07, 9999.0, 9.7, 10.0, 21.75, 9999.0, 23.77, 9999.0, 117.82, 127.75, 120.25, 91.25, 138.5
2024-11-07, 07:10:35, 136.5, 58.27, 22.95, 22.07, 9999.0, 9.7, 10.0, 21.75, 9999.0, 23.8, 9999.0, 117.8, 127.75, 120.25, 91.25, 138.5
2024-11-07, 07:10:39, 136.5, 58.27, 22.95, 22.07, 9999.0, 9.7, 10.0, 21.75, 9999.0, 23.8, 9999.0, 117.77, 127.75, 120.25, 91.25, 138.5
2024-11-07, 07:10:43, 136.5, 58.27, 22.95, 22.07, 9999.0, 9.7, 10.0, 21.75, 9999.0, 23.8, 9999.0, 117.75, 127.75, 120.25, 91.25, 138.5
2024-11-07, 07:11:19, 136.5, 58.27, 22.95, 22.09, 9999.0, 9.73, 10.02, 21.75, 9999.0, 23.8, 9999.0, 117.73, 127.75, 120.25, 91.25, 138.5
2024-11-07, 07:11:23, 136.5, 58.27, 22.95, 22.09, 9999.0, 9.75, 10.02, 21.75, 9999.0, 23.8, 9999.0, 117.73, 127.75, 120.25, 91.25, 138.5
2024-11-07, 07:11:27, 136.5, 58.27, 22.95, 22.11, 9999.0, 9.77, 10.02, 21.75, 9999.0, 23.77, 9999.0, 117.73, 127.75, 120.25, 91.25, 138.5
2024-11-07, 07:11:31, 136.5, 58.27, 22.93, 22.09, 9999.0, 9.77, 10.02, 21.75, 9999.0, 23.75, 9999.0, 117.73, 127.75, 120.25, 91.25, 138.5
2024-11-07, 07:11:35, 136.5, 58.27, 22.93, 22.09, 9999.0, 9.82, 10.02, 21.75, 9999.0, 23.75, 9999.0, 117.75, 127.75, 120.25, 91.25, 138.5
2024-11-07, 07:11:39, 136.5, 58.27, 22.93, 22.09, 9999.0, 9.82, 10.05, 21.75, 9999.0, 23.73, 9999.0, 117.77, 127.75, 120.25, 91.25, 138.5
2024-11-07, 07:11:43, 136.5, 58.27, 22.91, 22.09, 9999.0, 9.82, 10.05, 21.75, 9999.0, 23.73, 9999.0, 117.8, 127.75, 120.25, 91.25, 138.5
2024-11-07, 07:11:47, 136.5, 58.3, 22.91, 22.07, 9999.0, 9.84, 10.07, 21.75, 9999.0, 23.73, 9999.0, 117.82, 127.75, 120.25, 91.25, 138.5
2024-11-07, 07:11:51, 136.5, 58.27, 22.91, 22.09, 9999.0, 9.84, 10.09, 21.75, 9999.0, 23.73, 9999.0, 117.82, 127.75, 120.25, 91.25, 138.5
2024-11-07, 07:11:55, 136.5, 58.27, 22.93, 22.11, 9999.0, 9.84, 10.09, 21.75, 9999.0, 23.75, 9999.0, 117.84, 127.75, 120.25, 91.25, 138.5
2024-11-07, 07:11:59, 136.5, 58.27, 22.95, 22.14, 9999.0, 9.84, 10.09, 21.75, 9999.0, 23.77, 9999.0, 117.84, 127.75, 120.25, 91.25, 138.5
2024-11-07, 07:12:03, 136.5, 58.27, 22.95, 22.11, 9999.0, 9.8, 10.07, 21.75, 9999.0, 23.8, 9999.0, 117.86, 127.75, 120.25, 91.25, 138.5
2024-11-07, 07:12:07, 136.5, 58.27, 22.95, 22.11, 9999.0, 9.75, 10.07, 21.75, 9999.0, 23.82, 9999.0, 117.86, 127.75, 120.25, 91.25, 138.5
2024-11-07, 07:12:11, 136.5, 58.27, 22.95, 22.11, 9999.0, 9.73, 10.07, 21.75, 9999.0, 23.82, 9999.0, 117.86, 127.75, 120.25, 91.25, 138.5
2024-11-07, 07:12:15, 136.5, 58.27, 22.98, 22.11, 9999.0, 9.7, 10.07, 21.75, 9999.0, 23.84, 9999.0, 117.86, 127.75, 120.25, 91.25, 138.5
2024-11-07, 07:12:19, 136.5, 58.3, 22.98, 22.11, 9999.0, 9.68, 10.07, 21.75, 9999.0, 23.84, 9999.0, 117.84, 127.75, 120.25, 91.25, 138.5
2024-11-07, 07:12:23, 136.5, 58.32, 22.98, 22.14, 9999.0, 9.66, 10.05, 21.75, 9999.0, 23.86, 9999.0, 117.82, 127.75, 120.25, 91.25, 138.5
2024-11-07, 07:12:27, 136.5, 58.34, 22.98, 22.16, 9999.0, 9.66, 10.05, 21.75, 9999.0, 23.89, 9999.0, 117.8, 127.75, 120.25, 91.25, 138.5
2024-11-07, 07:12:31, 136.5, 58.34, 22.98, 22.16, 9999.0, 9.66, 10.02, 21.75, 9999.0, 23.89, 9999.0, 117.75, 127.75, 120.25, 91.25, 138.5
2024-11-07, 07:12:35, 136.5, 58.34, 22.98, 22.14, 9999.0, 9.68, 10.0, 21.75, 9999.0, 23.89, 9999.0, 117.75, 127.75, 120.25, 91.25, 138.5
2024-11-07, 07:12:39, 136.5, 58.36, 22.98, 22.11, 9999.0, 9.7, 10.0, 21.75, 9999.0, 23.86, 9999.0, 117.73, 127.75, 120.25, 91.25, 138.5
2024-11-07, 07:12:43, 136.5, 58.36, 22.98, 22.11, 9999.0, 9.7, 10.0, 21.75, 9999.0, 23.84, 9999.0, 117.73, 127.75, 120.25, 91.25, 138.5
2024-11-07, 07:12:47, 136.5, 58.36, 22.98, 22.11, 9999.0, 9.73, 10.02, 21.75, 9999.0, 23.82, 9999.0, 117.73, 127.75, 120.25, 91.25, 138.5
2024-11-07, 07:12:51, 136.5, 58.36, 22.98, 22.09, 9999.0, 9.75, 10.02, 21.75, 9999.0, 23.8, 9999.0, 117.75, 127.75, 120.25, 91.25, 138.5
2024-11-07, 07:12:55, 136.5, 58.36, 22.95, 22.09, 9999.0, 9.75, 10.02, 21.75, 9999.0, 23.8, 9999.0, 117.77, 127.75, 120.25, 91.25, 138.5
2024-11-07, 07:12:59, 136.5, 58.36, 22.95, 22.09, 9999.0, 9.77, 10.02, 21.75, 9999.0, 23.77, 9999.0, 117.8, 127.75, 120.25, 91.25, 138.5
2024-11-07, 07:13:03, 136.5, 58.36, 22.95, 22.09, 9999.0, 9.77, 10.05, 21.75, 9999.0, 23.8, 9999.0, 117.82, 127.75, 120.25, 91.25, 138.5
2024-11-07, 07:13:07, 136.5, 58.34, 22.95, 22.07, 9999.0, 9.8, 10.07, 21.75, 9999.0, 23.82, 9999.0, 117.84, 127.75, 120.25, 91.25, 138.5
2024-11-07, 07:13:11, 136.5, 58.32, 22.98, 22.05, 9999.0, 9.8, 10.07, 21.75, 9999.0, 23.82, 9999.0, 117.86, 127.75, 120.25, 91.25, 138.5
2024-11-07, 07:13:15, 136.5, 58.3, 22.95, 22.07, 9999.0, 9.8, 10.07, 21.75, 9999.0, 23.86, 9999.0, 117.91, 127.75, 120.25, 91.25, 138.5
2024-11-07, 07:13:19, 136.5, 58.3, 22.95, 22.09, 9999.0, 9.77, 10.07, 21.75, 9999.0, 23.89, 9999.0, 117.91, 127.75, 120.25, 91.23, 138.5
2024-11-07, 07:13:23, 136.5, 58.27, 22.93, 22.09, 9999.0, 9.73, 10.07, 21.75, 9999.0, 23.91, 9999.0, 117.93, 127.75, 120.25, 91.23, 138.5
2024-11-07, 07:13:27, 136.5, 58.27, 22.93, 22.07, 9999.0, 9.73, 10.07, 21.75, 9999.0, 23.93, 9999.0, 117.93, 127.75, 120.25, 91.23, 138.5
2024-11-07, 07:13:31, 136.5, 58.27, 22.93, 22.07, 9999.0, 9.73, 10.05, 21.75, 9999.0, 23.95, 9999.0, 117.93, 127.75, 120.25, 91.23, 138.5
2024-11-07, 07:13:35, 136.5, 58.27, 22.93, 22.09, 9999.0, 9.73, 10.05, 21.75, 9999.0, 23.98, 9999.0, 117.91, 127.75, 120.25, 91.23, 138.5
2024-11-07, 07:13:39, 136.5, 58.27, 22.95, 22.09, 9999.0, 9.7, 10.05, 21.75, 9999.0, 24.0, 9999.0, 117.89, 127.75, 120.25, 91.23, 138.5
2024-11-07, 07:13:51, 136.5, 58.27, 22.95, 22.11, 9999.0, 9.7, 10.05, 21.75, 9999.0, 24.05, 9999.0, 117.86, 127.75, 120.25, 91.23, 138.5
2024-11-07, 07:13:55, 136.5, 58.25, 22.95, 22.11, 9999.0, 9.7, 10.02, 21.75, 9999.0, 24.07, 9999.0, 117.84, 127.75, 120.25, 91.23, 138.5
2024-11-07, 07:13:59, 136.5, 58.25, 22.93, 22.14, 9999.0, 9.7, 10.0, 21.75, 9999.0, 24.09, 9999.0, 117.82, 127.75, 120.25, 91.23, 138.5
2024-11-07, 07:14:03, 136.5, 58.27, 22.91, 22.14, 9999.0, 9.68, 10.0, 21.75, 9999.0, 24.09, 9999.0, 117.8, 127.75, 120.25, 91.23, 138.5
2024-11-07, 07:14:07, 136.5, 58.27, 22.91, 22.14, 9999.0, 9.66, 10.0, 21.75, 9999.0, 24.09, 9999.0, 117.77, 127.75, 120.25, 91.23, 138.5
2024-11-07, 07:14:11, 136.5, 58.3, 22.91, 22.11, 9999.0, 9.66, 10.0, 21.75, 9999.0, 24.11, 9999.0, 117.77, 127.75, 120.25, 91.25, 138.5
2024-11-07, 07:14:15, 136.5, 58.3, 22.93, 22.11, 9999.0, 9.68, 10.0, 21.75, 9999.0, 24.11, 9999.0, 117.75, 127.75, 120.25, 91.25, 138.5
2024-11-07, 07:14:19, 136.5, 58.32, 22.93, 22.11, 9999.0, 9.68, 10.0, 21.75, 9999.0, 24.11, 9999.0, 117.75, 127.75, 120.25, 91.23, 138.5
2024-11-07, 07:14:23, 136.5, 58.32, 22.93, 22.11, 9999.0, 9.7, 10.0, 21.75, 9999.0, 24.11, 9999.0, 117.73, 127.75, 120.25, 91.2, 138.5
2024-11-07, 07:14:27, 136.5, 58.34, 22.93, 22.09, 9999.0, 9.73, 10.0, 21.75, 9999.0, 24.11, 9999.0, 117.73, 127.75, 120.25, 91.2, 138.5
2024-11-07, 07:14:31, 136.5, 58.34, 22.93, 22.09, 9999.0, 9.77, 10.0, 21.75, 9999.0, 24.09, 9999.0, 117.73, 127.75, 120.25, 91.18, 138.5
2024-11-07, 07:14:35, 136.5, 58.34, 22.93, 22.09, 9999.0, 9.77, 10.0, 21.75, 9999.0, 24.07, 9999.0, 117.73, 127.75, 120.25, 91.18, 138.5
2024-11-07, 07:14:40, 136.5, 58.34, 22.93, 22.11, 9999.0, 9.77, 10.02, 21.75, 9999.0, 24.02, 9999.0, 117.75, 127.75, 120.25, 91.18, 138.5
2024-11-07, 07:14:44, 136.5, 58.36, 22.95, 22.09, 9999.0, 9.77, 10.02, 21.75, 9999.0, 23.98, 9999.0, 117.77, 127.75, 120.25, 91.16, 138.5
2024-11-07, 07:14:48, 136.5, 58.34, 22.98, 22.09, 9999.0, 9.8, 10.02, 21.75, 9999.0, 23.98, 9999.0, 117.8, 127.75, 120.25, 91.16, 138.5
2024-11-07, 07:14:52, 136.5, 58.36, 23.0, 22.07, 9999.0, 9.82, 10.02, 21.75, 9999.0, 23.95, 9999.0, 117.82, 127.75, 120.25, 91.16, 138.5
2024-11-07, 07:14:56, 136.5, 58.34, 22.98, 22.07, 9999.0, 9.82, 10.02, 21.75, 9999.0, 23.93, 9999.0, 117.82, 127.75, 120.25, 91.16, 138.5
2024-11-07, 07:15:00, 136.5, 58.34, 22.98, 22.09, 9999.0, 9.82, 10.02, 21.75, 9999.0, 23.95, 9999.0, 117.82, 127.75, 120.25, 91.16, 138.5
2024-11-07, 07:15:04, 136.5, 58.34, 22.95, 22.11, 9999.0, 9.8, 10.02, 21.75, 9999.0, 23.98, 9999.0, 117.82, 127.75, 120.25, 91.18, 138.5
2024-11-07, 07:15:08, 136.5, 58.34, 22.95, 22.11, 9999.0, 9.77, 10.02, 21.75, 9999.0, 24.0, 9999.0, 117.84, 127.75, 120.25, 91.2, 138.5
2024-11-07, 07:15:12, 136.5, 58.32, 22.95, 22.11, 9999.0, 9.73, 10.02, 21.75, 9999.0, 24.02, 9999.0, 117.84, 127.75, 120.25, 91.18, 138.5
2024-11-07, 07:15:16, 136.5, 58.34, 22.93, 22.09, 9999.0, 9.68, 10.02, 21.75, 9999.0, 24.07, 9999.0, 117.84, 127.75, 120.25, 91.18, 138.5
2024-11-07, 07:15:20, 136.5, 58.34, 22.93, 22.07, 9999.0, 9.66, 10.02, 21.75, 9999.0, 24.09, 9999.0, 117.84, 127.75, 120.25, 91.16, 138.5
2024-11-07, 07:15:24, 136.5, 58.34, 22.93, 22.07, 9999.0, 9.66, 10.0, 21.75, 9999.0, 24.14, 9999.0, 117.82, 127.75, 120.25, 91.16, 138.5
2024-11-07, 07:15:28, 136.5, 58.32, 22.93, 22.07, 9999.0, 9.64, 10.0, 21.75, 9999.0, 24.18, 9999.0, 117.8, 127.75, 120.25, 91.16, 138.5
2024-11-07, 07:15:32, 136.5, 58.32, 22.93, 22.07, 9999.0, 9.64, 10.0, 21.73, 9999.0, 24.2, 9999.0, 117.75, 127.75, 120.25, 91.14, 138.5
2024-11-07, 07:15:36, 136.5, 58.32, 22.93, 22.07, 9999.0, 9.64, 10.0, 21.73, 9999.0, 24.2, 9999.0, 117.7, 127.75, 120.25, 91.14, 138.5
2024-11-07, 07:15:40, 136.5, 58.32, 22.95, 22.09, 9999.0, 9.66, 10.0, 21.73, 9999.0, 24.23, 9999.0, 117.68, 127.75, 120.25, 91.14, 138.5
2024-11-07, 07:15:44, 136.5, 58.32, 22.93, 22.09, 9999.0, 9.66, 10.0, 21.73, 9999.0, 24.2, 9999.0, 117.66, 127.75, 120.25, 91.14, 138.5
2024-11-07, 07:15:48, 136.5, 58.3, 22.95, 22.09, 9999.0, 9.7, 10.0, 21.73, 9999.0, 24.2, 9999.0, 117.66, 127.75, 120.25, 91.14, 138.5
2024-11-07, 07:15:52, 136.5, 58.3, 22.95, 22.11, 9999.0, 9.7, 10.0, 21.73, 9999.0, 24.18, 9999.0, 117.66, 127.75, 120.25, 91.14, 138.5
2024-11-07, 07:15:56, 136.5, 58.32, 22.95, 22.11, 9999.0, 9.73, 10.0, 21.73, 9999.0, 24.16, 9999.0, 117.68, 127.75, 120.25, 91.16, 138.5
2024-11-07, 07:16:00, 136.5, 58.32, 22.95, 22.11, 9999.0, 9.75, 10.0, 21.73, 9999.0, 24.14, 9999.0, 117.7, 127.75, 120.25, 91.18, 138.5
2024-11-07, 07:16:04, 136.5, 58.34, 22.93, 22.11, 9999.0, 9.77, 10.0, 21.73, 9999.0, 24.11, 9999.0, 117.73, 127.75, 120.25, 91.2, 138.48
2024-11-07, 07:16:08, 136.5, 58.36, 22.93, 22.09, 9999.0, 9.77, 10.0, 21.73, 9999.0, 24.11, 9999.0, 117.73, 127.75, 120.25, 91.2, 138.48
2024-11-07, 07:16:12, 136.5, 58.39, 22.91, 22.11, 9999.0, 9.8, 10.0, 21.73, 9999.0, 24.11, 9999.0, 117.73, 127.75, 120.25, 91.23, 138.45
2024-11-07, 07:16:16, 136.5, 58.39, 22.89, 22.11, 9999.0, 9.8, 10.0, 21.75, 9999.0, 24.11, 9999.0, 117.75, 127.75, 120.25, 91.25, 138.45
2024-11-07, 07:16:20, 136.5, 58.39, 22.89, 22.14, 9999.0, 9.8, 10.0, 21.75, 9999.0, 24.14, 9999.0, 117.8, 127.75, 120.25, 91.25, 138.45
2024-11-07, 07:16:24, 136.5, 58.39, 22.86, 22.11, 9999.0, 9.77, 10.0, 21.75, 9999.0, 24.14, 9999.0, 117.82, 127.75, 120.25, 91.25, 138.45
2024-11-07, 07:16:28, 136.5, 58.41, 22.86, 22.09, 9999.0, 9.77, 10.0, 21.75, 9999.0, 24.16, 9999.0, 117.84, 127.75, 120.25, 91.25, 138.45
2024-11-07, 07:16:32, 136.5, 58.43, 22.86, 22.09, 9999.0, 9.75, 10.0, 21.75, 9999.0, 24.16, 9999.0, 117.84, 127.75, 120.25, 91.25, 138.45
2024-11-07, 07:16:36, 136.5, 58.45, 22.86, 22.07, 9999.0, 9.73, 10.0, 21.75, 9999.0, 24.16, 9999.0, 117.84, 127.75, 120.25, 91.25, 138.45
2024-11-07, 07:16:40, 136.5, 58.45, 22.86, 22.09, 9999.0, 9.7, 10.0, 21.75, 9999.0, 24.16, 9999.0, 117.82, 127.75, 120.25, 91.25, 138.45
2024-11-07, 07:16:44, 136.5, 58.43, 22.86, 22.09, 9999.0, 9.68, 10.0, 21.75, 9999.0, 24.16, 9999.0, 117.8, 127.75, 120.25, 91.25, 138.43
2024-11-07, 07:16:48, 136.5, 58.43, 22.86, 22.11, 9999.0, 9.68, 10.0, 21.75, 9999.0, 24.16, 9999.0, 117.75, 127.75, 120.25, 91.25, 138.45
2024-11-07, 07:16:52, 136.5, 58.41, 22.86, 22.11, 9999.0, 9.68, 10.0, 21.75, 9999.0, 24.14, 9999.0, 117.75, 127.75, 120.25, 91.25, 138.45
2024-11-07, 07:16:56, 136.5, 58.41, 22.89, 22.09, 9999.0, 9.68, 10.0, 21.75, 9999.0, 24.11, 9999.0, 117.73, 127.75, 120.25, 91.25, 138.48
2024-11-07, 07:17:00, 136.5, 58.43, 22.89, 22.09, 9999.0, 9.7, 10.0, 21.75, 9999.0, 24.09, 9999.0, 117.7, 127.75, 120.25, 91.25, 138.48
2024-11-07, 07:17:04, 136.5, 58.43, 22.86, 22.07, 9999.0, 9.73, 10.0, 21.75, 9999.0, 24.07, 9999.0, 117.68, 127.75, 120.25, 91.25, 138.48
2024-11-07, 07:17:08, 136.5, 58.45, 22.89, 22.07, 9999.0, 9.73, 10.0, 21.75, 9999.0, 24.05, 9999.0, 117.68, 127.75, 120.25, 91.25, 138.48
2024-11-07, 07:17:12, 136.48, 58.45, 22.91, 22.07, 9999.0, 9.73, 10.0, 21.75, 9999.0, 24.02, 9999.0, 117.68, 127.75, 120.25, 91.25, 138.48
2024-11-07, 07:17:16, 136.48, 58.45, 22.89, 22.05, 9999.0, 9.73, 10.0, 21.75, 9999.0, 24.0, 9999.0, 117.7, 127.75, 120.25, 91.25, 138.48
2024-11-07, 07:17:20, 136.48, 58.45, 22.86, 22.05, 9999.0, 9.75, 10.0, 21.75, 9999.0, 23.98, 9999.0, 117.73, 127.75, 120.25, 91.25, 138.45
2024-11-07, 07:17:24, 136.48, 58.45, 22.84, 22.02, 9999.0, 9.77, 10.0, 21.75, 9999.0, 23.98, 9999.0, 117.73, 127.75, 120.25, 91.25, 138.45
2024-11-07, 07:17:28, 136.48, 58.48, 22.84, 22.05, 9999.0, 9.8, 10.0, 21.75, 9999.0, 23.98, 9999.0, 117.73, 127.75, 120.25, 91.25, 138.45
2024-11-07, 07:17:32, 136.48, 58.48, 22.84, 22.02, 9999.0, 9.8, 10.0, 21.75, 9999.0, 23.98, 9999.0, 117.75, 127.75, 120.25, 91.25, 138.43
2024-11-07, 07:17:36, 136.48, 58.48, 22.84, 22.02, 9999.0, 9.8, 10.0, 21.75, 9999.0, 23.98, 9999.0, 117.75, 127.75, 120.25, 91.25, 138.43
2024-11-07, 07:17:40, 136.48, 58.48, 22.84, 22.02, 9999.0, 9.8, 10.0, 21.75, 9999.0, 24.0, 9999.0, 117.77, 127.75, 120.25, 91.25, 138.43
2024-11-07, 07:17:44, 136.48, 58.48, 22.86, 22.02, 9999.0, 9.75, 10.0, 21.75, 9999.0, 24.02, 9999.0, 117.8, 127.75, 120.25, 91.25, 138.43
2024-11-07, 07:17:48, 136.48, 58.48, 22.89, 22.02, 9999.0, 9.7, 10.0, 21.75, 9999.0, 24.05, 9999.0, 117.8, 127.75, 120.25, 91.25, 138.43
2024-11-07, 07:17:52, 136.48, 58.48, 22.86, 22.02, 9999.0, 9.68, 10.0, 21.75, 9999.0, 24.07, 9999.0, 117.8, 127.75, 120.25, 91.23, 138.43
2024-11-07, 07:17:56, 136.5, 58.48, 22.86, 22.02, 9999.0, 9.66, 10.0, 21.75, 9999.0, 24.09, 9999.0, 117.77, 127.75, 120.25, 91.23, 138.43
2024-11-07, 07:18:00, 136.5, 58.48, 22.89, 22.02, 9999.0, 9.64, 10.0, 21.75, 9999.0, 24.11, 9999.0, 117.75, 127.75, 120.25, 91.23, 138.43
2024-11-07, 07:18:04, 136.5, 58.45, 22.89, 22.02, 9999.0, 9.61, 10.0, 21.75, 9999.0, 24.16, 9999.0, 117.7, 127.75, 120.25, 91.23, 138.43
2024-11-07, 07:18:08, 136.5, 58.43, 22.91, 22.02, 9999.0, 9.61, 10.0, 21.75, 9999.0, 24.18, 9999.0, 117.68, 127.75, 120.25, 91.23, 138.43
2024-11-07, 07:18:12, 136.5, 58.43, 22.91, 22.0, 9999.0, 9.61, 10.0, 21.75, 9999.0, 24.18, 9999.0, 117.66, 127.75, 120.25, 91.2, 138.43
2024-11-07, 07:18:16, 136.5, 58.41, 22.91, 22.0, 9999.0, 9.61, 10.0, 21.75, 9999.0, 24.18, 9999.0, 117.64, 127.75, 120.25, 91.2, 138.45
2024-11-07, 07:18:20, 136.5, 58.43, 22.89, 22.0, 9999.0, 9.64, 10.0, 21.75, 9999.0, 24.18, 9999.0, 117.61, 127.75, 120.25, 91.2, 138.45
2024-11-07, 07:18:25, 136.5, 58.43, 22.86, 22.0, 9999.0, 9.66, 10.0, 21.75, 9999.0, 24.16, 9999.0, 117.61, 127.75, 120.25, 91.2, 138.45
2024-11-07, 07:18:29, 136.5, 58.41, 22.84, 22.0, 9999.0, 9.68, 10.0, 21.75, 9999.0, 24.14, 9999.0, 117.61, 127.75, 120.25, 91.2, 138.43
2024-11-07, 07:18:33, 136.5, 58.41, 22.84, 22.0, 9999.0, 9.7, 10.0, 21.75, 9999.0, 24.11, 9999.0, 117.61, 127.75, 120.25, 91.2, 138.43
2024-11-07, 07:18:37, 136.5, 58.39, 22.86, 22.0, 9999.0, 9.73, 10.0, 21.75, 9999.0, 24.09, 9999.0, 117.64, 127.75, 120.25, 91.23, 138.43
2024-11-07, 07:18:41, 136.5, 58.39, 22.86, 22.0, 9999.0, 9.75, 10.0, 21.75, 9999.0, 24.07, 9999.0, 117.68, 127.75, 120.25, 91.23, 138.43
2024-11-07, 07:18:45, 136.5, 58.36, 22.86, 22.0, 9999.0, 9.77, 10.0, 21.75, 9999.0, 24.07, 9999.0, 117.68, 127.75, 120.25, 91.23, 138.43
2024-11-07, 07:18:49, 136.5, 58.36, 22.86, 22.0, 9999.0, 9.8, 10.0, 21.75, 9999.0, 24.07, 9999.0, 117.7, 127.75, 120.25, 91.23, 138.45
2024-11-07, 07:18:53, 136.5, 58.36, 22.84, 22.0, 9999.0, 9.8, 10.0, 21.75, 9999.0, 24.07, 9999.0, 117.73, 127.75, 120.25, 91.23, 138.45
2024-11-07, 07:18:57, 136.5, 58.34, 22.84, 22.0, 9999.0, 9.8, 10.0, 21.75, 9999.0, 24.09, 9999.0, 117.75, 127.75, 120.25, 91.25, 138.48
2024-11-07, 07:19:01, 136.5, 58.34, 22.86, 22.0, 9999.0, 9.8, 10.0, 21.75, 9999.0, 24.11, 9999.0, 117.77, 127.75, 120.25, 91.25, 138.48
2024-11-07, 07:19:05, 136.5, 58.32, 22.86, 22.0, 9999.0, 9.75, 10.0, 21.75, 9999.0, 24.14, 9999.0, 117.8, 127.75, 120.25, 91.25, 138.48
2024-11-07, 07:19:09, 136.5, 58.3, 22.89, 22.0, 9999.0, 9.73, 10.0, 21.75, 9999.0, 24.16, 9999.0, 117.8, 127.75, 120.25, 91.25, 138.48
2024-11-07, 07:19:13, 136.5, 58.3, 22.91, 22.0, 9999.0, 9.7, 10.0, 21.75, 9999.0, 24.16, 9999.0, 117.8, 127.75, 120.25, 91.25, 138.5
2024-11-07, 07:19:17, 136.5, 58.27, 22.91, 22.0, 9999.0, 9.68, 10.0, 21.75, 9999.0, 24.16, 9999.0, 117.8, 127.75, 120.25, 91.25, 138.5
2024-11-07, 07:19:21, 136.5, 58.27, 22.89, 22.0, 9999.0, 9.66, 10.0, 21.75, 9999.0, 24.16, 9999.0, 117.75, 127.75, 120.25, 91.25, 138.48
2024-11-07, 07:19:25, 136.5, 58.25, 22.86, 22.0, 9999.0, 9.66, 10.0, 21.75, 9999.0, 24.16, 9999.0, 117.7, 127.75, 120.25, 91.23, 138.48
2024-11-07, 07:19:29, 136.5, 58.25, 22.86, 22.0, 9999.0, 9.66, 10.0, 21.75, 9999.0, 24.14, 9999.0, 117.68, 127.75, 120.25, 91.23, 138.48
2024-11-07, 07:19:33, 136.5, 58.27, 22.89, 22.0, 9999.0, 9.66, 10.0, 21.75, 9999.0, 24.11, 9999.0, 117.66, 127.75, 120.25, 91.23, 138.48
2024-11-07, 07:19:37, 136.5, 58.27, 22.89, 22.0, 9999.0, 9.68, 10.0, 21.75, 9999.0, 24.09, 9999.0, 117.64, 127.75, 120.25, 91.23, 138.45
2024-11-07, 07:19:41, 136.5, 58.27, 22.91, 22.0, 9999.0, 9.7, 10.0, 21.75, 9999.0, 24.07, 9999.0, 117.64, 127.75, 120.25, 91.2, 138.45
2024-11-07, 07:19:45, 136.5, 58.27, 22.89, 22.0, 9999.0, 9.7, 10.0, 21.75, 9999.0, 24.02, 9999.0, 117.64, 127.75, 120.25, 91.18, 138.45
2024-11-07, 07:19:49, 136.5, 58.27, 22.91, 22.0, 9999.0, 9.73, 10.0, 21.75, 9999.0, 24.0, 9999.0, 117.64, 127.75, 120.25, 91.18, 138.43
2024-11-07, 07:19:53, 136.5, 58.27, 22.91, 22.02, 9999.0, 9.73, 10.0, 21.75, 9999.0, 23.98, 9999.0, 117.66, 127.75, 120.25, 91.18, 138.43
2024-11-07, 07:19:57, 136.5, 58.27, 22.91, 22.02, 9999.0, 9.75, 10.0, 21.75, 9999.0, 23.95, 9999.0, 117.68, 127.75, 120.25, 91.18, 138.43
2024-11-07, 07:20:01, 136.5, 58.27, 22.91, 22.02, 9999.0, 9.77, 10.0, 21.75, 9999.0, 23.98, 9999.0, 117.7, 127.75, 120.25, 91.16, 138.43
2024-11-07, 07:20:05, 136.5, 58.27, 22.91, 22.02, 9999.0, 9.8, 10.0, 21.75, 9999.0, 23.98, 9999.0, 117.75, 127.75, 120.25, 91.16, 138.45
2024-11-07, 07:20:09, 136.48, 58.27, 22.93, 22.02, 9999.0, 9.77, 10.0, 21.73, 9999.0, 24.0, 9999.0, 117.77, 127.75, 120.25, 91.16, 138.43
2024-11-07, 07:20:13, 136.48, 58.27, 22.91, 22.02, 9999.0, 9.75, 10.0, 21.73, 9999.0, 24.02, 9999.0, 117.82, 127.75, 120.25, 91.14, 138.43
2024-11-07, 07:20:17, 136.48, 58.25, 22.89, 22.02, 9999.0, 9.73, 10.0, 21.73, 9999.0, 24.05, 9999.0, 117.84, 127.75, 120.25, 91.11, 138.43
2024-11-07, 07:20:21, 136.48, 58.25, 22.89, 22.02, 9999.0, 9.68, 10.0, 21.73, 9999.0, 24.05, 9999.0, 117.86, 127.75, 120.25, 91.11, 138.45
2024-11-07, 07:20:25, 136.48, 58.25, 22.89, 22.02, 9999.0, 9.64, 10.0, 21.73, 9999.0, 24.05, 9999.0, 117.86, 127.75, 120.25, 91.14, 138.43
2024-11-07, 07:20:29, 136.48, 58.25, 22.89, 22.02, 9999.0, 9.61, 10.0, 21.73, 9999.0, 24.07, 9999.0, 117.86, 127.75, 120.25, 91.14, 138.43
2024-11-07, 07:20:33, 136.48, 58.27, 22.86, 22.02, 9999.0, 9.59, 10.0, 21.73, 9999.0, 24.07, 9999.0, 117.86, 127.75, 120.25, 91.11, 138.45
2024-11-07, 07:20:37, 136.48, 58.27, 22.86, 22.0, 9999.0, 9.57, 10.0, 21.73, 9999.0, 24.07, 9999.0, 117.82, 127.75, 120.25, 91.09, 138.45
2024-11-07, 07:20:41, 136.48, 58.27, 22.84, 22.0, 9999.0, 9.57, 9.98, 21.73, 9999.0, 24.09, 9999.0, 117.77, 127.75, 120.25, 91.09, 138.43
2024-11-07, 07:20:45, 136.48, 58.27, 22.82, 22.0, 9999.0, 9.57, 9.98, 21.7, 9999.0, 24.07, 9999.0, 117.73, 127.75, 120.25, 91.09, 138.43
2024-11-07, 07:20:49, 136.48, 58.27, 22.84, 22.0, 9999.0, 9.57, 9.98, 21.7, 9999.0, 24.07, 9999.0, 117.68, 127.75, 120.25, 91.09, 138.43
2024-11-07, 07:20:53, 136.5, 58.27, 22.82, 22.0, 9999.0, 9.61, 9.98, 21.73, 9999.0, 24.05, 9999.0, 117.66, 127.75, 120.25, 91.11, 138.45
2024-11-07, 07:20:57, 136.5, 58.27, 22.82, 22.0, 9999.0, 9.64, 9.98, 21.73, 9999.0, 24.02, 9999.0, 117.61, 127.73, 120.25, 91.14, 138.45
2024-11-07, 07:21:01, 136.5, 58.27, 22.82, 22.0, 9999.0, 9.66, 9.98, 21.73, 9999.0, 24.0, 9999.0, 117.61, 127.73, 120.25, 91.14, 138.45
2024-11-07, 07:21:05, 136.5, 58.27, 22.82, 22.0, 9999.0, 9.68, 9.98, 21.73, 9999.0, 23.98, 9999.0, 117.61, 127.7, 120.25, 91.14, 138.45
2024-11-07, 07:21:09, 136.5, 58.27, 22.82, 22.0, 9999.0, 9.7, 9.98, 21.73, 9999.0, 23.95, 9999.0, 117.64, 127.7, 120.25, 91.14, 138.48
2024-11-07, 07:21:13, 136.5, 58.27, 22.82, 22.0, 9999.0, 9.73, 9.98, 21.73, 9999.0, 23.93, 9999.0, 117.66, 127.7, 120.25, 91.16, 138.48
2024-11-07, 07:21:17, 136.5, 58.25, 22.82, 22.0, 9999.0, 9.75, 9.98, 21.73, 9999.0, 23.91, 9999.0, 117.66, 127.7, 120.25, 91.18, 138.48
2024-11-07, 07:21:21, 136.5, 58.25, 22.8, 22.0, 9999.0, 9.77, 9.98, 21.73, 9999.0, 23.91, 9999.0, 117.68, 127.7, 120.25, 91.2, 138.48
2024-11-07, 07:21:25, 136.5, 58.25, 22.8, 22.0, 9999.0, 9.77, 10.0, 21.73, 9999.0, 23.91, 9999.0, 117.7, 127.7, 120.25, 91.18, 138.48
2024-11-07, 07:21:29, 136.5, 58.25, 22.8, 22.0, 9999.0, 9.77, 10.0, 21.75, 9999.0, 23.91, 9999.0, 117.73, 127.7, 120.25, 91.18, 138.48
2024-11-07, 07:21:33, 136.5, 58.25, 22.77, 22.0, 9999.0, 9.75, 10.0, 21.75, 9999.0, 23.91, 9999.0, 117.75, 127.7, 120.25, 91.18, 138.48
2024-11-07, 07:21:37, 136.5, 58.25, 22.77, 22.0, 9999.0, 9.7, 10.0, 21.75, 9999.0, 23.91, 9999.0, 117.77, 127.7, 120.25, 91.18, 138.48
2024-11-07, 07:21:41, 136.5, 58.25, 22.77, 22.0, 9999.0, 9.68, 10.0, 21.75, 9999.0, 23.91, 9999.0, 117.8, 127.73, 120.25, 91.18, 138.48
2024-11-07, 07:21:45, 136.5, 58.25, 22.77, 22.02, 9999.0, 9.66, 10.0, 21.75, 9999.0, 23.91, 9999.0, 117.8, 127.73, 120.25, 91.18, 138.48
2024-11-07, 07:21:49, 136.5, 58.25, 22.8, 22.02, 9999.0, 9.64, 10.0, 21.75, 9999.0, 23.93, 9999.0, 117.8, 127.75, 120.25, 91.16, 138.48
2024-11-07, 07:21:53, 136.5, 58.25, 22.77, 22.02, 9999.0, 9.61, 10.0, 21.75, 9999.0, 23.95, 9999.0, 117.75, 127.75, 120.25, 91.16, 138.48
2024-11-07, 07:21:57, 136.5, 58.25, 22.77, 22.02, 9999.0, 9.59, 10.0, 21.75, 9999.0, 23.98, 9999.0, 117.7, 127.75, 120.25, 91.16, 138.48
2024-11-07, 07:22:01, 136.5, 58.25, 22.8, 22.02, 9999.0, 9.59, 10.0, 21.75, 9999.0, 24.0, 9999.0, 117.68, 127.75, 120.25, 91.16, 138.48
2024-11-07, 07:22:05, 136.5, 58.27, 22.8, 22.02, 9999.0, 9.59, 10.0, 21.75, 9999.0, 24.0, 9999.0, 117.66, 127.75, 120.25, 91.14, 138.48
2024-11-07, 07:22:10, 136.5, 58.27, 22.8, 22.02, 9999.0, 9.59, 10.0, 21.75, 9999.0, 24.0, 9999.0, 117.66, 127.75, 120.25, 91.16, 138.5
2024-11-07, 07:22:14, 136.5, 58.27, 22.8, 22.02, 9999.0, 9.59, 10.0, 21.75, 9999.0, 23.98, 9999.0, 117.64, 127.75, 120.25, 91.18, 138.5
2024-11-07, 07:22:18, 136.5, 58.27, 22.8, 22.02, 9999.0, 9.61, 10.0, 21.75, 9999.0, 23.95, 9999.0, 117.64, 127.75, 120.25, 91.18, 138.5
2024-11-07, 07:22:22, 136.5, 58.27, 22.8, 22.02, 9999.0, 9.64, 10.0, 21.75, 9999.0, 23.93, 9999.0, 117.64, 127.75, 120.25, 91.18, 138.5
2024-11-07, 07:22:26, 136.5, 58.27, 22.82, 22.02, 9999.0, 9.66, 10.0, 21.75, 9999.0, 23.91, 9999.0, 117.64, 127.75, 120.25, 91.18, 138.5
2024-11-07, 07:22:30, 136.5, 58.27, 22.84, 22.0, 9999.0, 9.68, 10.0, 21.75, 9999.0, 23.89, 9999.0, 117.66, 127.75, 120.25, 91.2, 138.5
2024-11-07, 07:22:34, 136.5, 58.27, 22.84, 22.0, 9999.0, 9.7, 10.0, 21.75, 9999.0, 23.89, 9999.0, 117.68, 127.75, 120.25, 91.23, 138.5
2024-11-07, 07:22:38, 136.5, 58.27, 22.84, 22.0, 9999.0, 9.73, 10.0, 21.75, 9999.0, 23.89, 9999.0, 117.73, 127.75, 120.25, 91.23, 138.5
2024-11-07, 07:22:42, 136.5, 58.27, 22.84, 22.0, 9999.0, 9.75, 10.0, 21.75, 9999.0, 23.89, 9999.0, 117.75, 127.75, 120.25, 91.2, 138.5
2024-11-07, 07:22:46, 136.5, 58.27, 22.84, 22.0, 9999.0, 9.75, 10.0, 21.75, 9999.0, 23.89, 9999.0, 117.77, 127.75, 120.25, 91.2, 138.5
2024-11-07, 07:22:50, 136.5, 58.27, 22.86, 22.0, 9999.0, 9.75, 10.0, 21.75, 9999.0, 23.91, 9999.0, 117.8, 127.75, 120.25, 91.23, 138.5
2024-11-07, 07:22:54, 136.5, 58.27, 22.86, 22.0, 9999.0, 9.73, 10.0, 21.75, 9999.0, 23.93, 9999.0, 117.8, 127.75, 120.25, 91.23, 138.5
2024-11-07, 07:22:58, 136.5, 58.27, 22.86, 22.0, 9999.0, 9.7, 10.0, 21.75, 9999.0, 23.98, 9999.0, 117.82, 127.75, 120.25, 91.23, 138.5
2024-11-07, 07:23:02, 136.5, 58.27, 22.89, 22.0, 9999.0, 9.68, 10.0, 21.75, 9999.0, 24.0, 9999.0, 117.82, 127.75, 120.25, 91.23, 138.5
2024-11-07, 07:23:06, 136.5, 58.27, 22.91, 22.0, 9999.0, 9.66, 10.0, 21.73, 9999.0, 24.02, 9999.0, 117.82, 127.75, 120.25, 91.23, 138.5
2024-11-07, 07:23:10, 136.5, 58.27, 22.91, 22.0, 9999.0, 9.64, 10.0, 21.73, 9999.0, 24.05, 9999.0, 117.82, 127.75, 120.25, 91.23, 138.5
2024-11-07, 07:23:14, 136.5, 58.27, 22.89, 22.0, 9999.0, 9.61, 10.0, 21.73, 9999.0, 24.05, 9999.0, 117.8, 127.75, 120.25, 91.23, 138.5
2024-11-07, 07:23:18, 136.5, 58.27, 22.89, 22.0, 9999.0, 9.61, 10.0, 21.73, 9999.0, 24.05, 9999.0, 117.75, 127.75, 120.25, 91.23, 138.5
2024-11-07, 07:23:22, 136.5, 58.27, 22.91, 22.0, 9999.0, 9.61, 10.0, 21.73, 9999.0, 24.05, 9999.0, 117.7, 127.75, 120.25, 91.23, 138.48
2024-11-07, 07:23:26, 136.5, 58.3, 22.93, 22.0, 9999.0, 9.61, 10.0, 21.73, 9999.0, 24.05, 9999.0, 117.68, 127.75, 120.25, 91.25, 138.48
2024-11-07, 07:23:30, 136.5, 58.3, 22.93, 22.0, 9999.0, 9.61, 10.0, 21.73, 9999.0, 24.02, 9999.0, 117.66, 127.75, 120.25, 91.25, 138.48
2024-11-07, 07:23:34, 136.5, 58.3, 22.91, 22.0, 9999.0, 9.64, 10.0, 21.73, 9999.0, 24.0, 9999.0, 117.66, 127.75, 120.25, 91.25, 138.48
2024-11-07, 07:23:38, 136.5, 58.3, 22.91, 22.0, 9999.0, 9.66, 10.0, 21.73, 9999.0, 23.98, 9999.0, 117.66, 127.75, 120.25, 91.23, 138.48
2024-11-07, 07:23:42, 136.5, 58.3, 22.93, 22.0, 9999.0, 9.68, 10.0, 21.73, 9999.0, 23.93, 9999.0, 117.66, 127.75, 120.25, 91.23, 138.48
2024-11-07, 07:23:46, 136.48, 58.3, 22.91, 22.0, 9999.0, 9.7, 10.0, 21.73, 9999.0, 23.93, 9999.0, 117.68, 127.75, 120.25, 91.23, 138.48
2024-11-07, 07:23:50, 136.48, 58.3, 22.89, 22.0, 9999.0, 9.73, 10.0, 21.75, 9999.0, 23.91, 9999.0, 117.7, 127.75, 120.25, 91.23, 138.48
2024-11-07, 07:23:54, 136.48, 58.3, 22.89, 22.0, 9999.0, 9.75, 10.0, 21.75, 9999.0, 23.91, 9999.0, 117.73, 127.75, 120.25, 91.23, 138.48
2024-11-07, 07:23:58, 136.48, 58.3, 22.89, 22.0, 9999.0, 9.77, 10.0, 21.75, 9999.0, 23.93, 9999.0, 117.75, 127.75, 120.25, 91.23, 138.48
2024-11-07, 07:24:02, 136.48, 58.3, 22.89, 22.0, 9999.0, 9.75, 10.0, 21.75, 9999.0, 23.93, 9999.0, 117.77, 127.75, 120.25, 91.23, 138.48
2024-11-07, 07:24:06, 136.48, 58.3, 22.89, 22.0, 9999.0, 9.73, 10.0, 21.73, 9999.0, 23.95, 9999.0, 117.8, 127.75, 120.25, 91.2, 138.5
2024-11-07, 07:24:10, 136.48, 58.27, 22.86, 22.0, 9999.0, 9.7, 10.0, 21.73, 9999.0, 23.95, 9999.0, 117.82, 127.75, 120.25, 91.2, 138.5
2024-11-07, 07:24:14, 136.48, 58.27, 22.86, 22.0, 9999.0, 9.68, 10.0, 21.7, 9999.0, 24.0, 9999.0, 117.84, 127.75, 120.25, 91.18, 138.5
2024-11-07, 07:24:18, 136.48, 58.25, 22.86, 22.0, 9999.0, 9.64, 10.0, 21.7, 9999.0, 24.0, 9999.0, 117.84, 127.75, 120.25, 91.18, 138.5
2024-11-07, 07:24:22, 136.48, 58.25, 22.89, 22.0, 9999.0, 9.61, 10.0, 21.7, 9999.0, 24.0, 9999.0, 117.84, 127.75, 120.25, 91.18, 138.5
2024-11-07, 07:24:26, 136.48, 58.27, 22.86, 22.0, 9999.0, 9.59, 10.0, 21.7, 9999.0, 24.02, 9999.0, 117.84, 127.75, 120.25, 91.18, 138.5
2024-11-07, 07:24:30, 136.5, 58.27, 22.89, 22.0, 9999.0, 9.57, 10.0, 21.7, 9999.0, 24.02, 9999.0, 117.82, 127.75, 120.25, 91.16, 138.5
2024-11-07, 07:24:34, 136.5, 58.27, 22.89, 22.0, 9999.0, 9.55, 10.0, 21.7, 9999.0, 24.05, 9999.0, 117.8, 127.75, 120.25, 91.16, 138.5
2024-11-07, 07:24:38, 136.5, 58.27, 22.86, 22.0, 9999.0, 9.55, 10.0, 21.7, 9999.0, 24.05, 9999.0, 117.77, 127.75, 120.25, 91.14, 138.5
2024-11-07, 07:24:42, 136.5, 58.27, 22.86, 22.0, 9999.0, 9.55, 10.0, 21.7, 9999.0, 24.05, 9999.0, 117.73, 127.75, 120.25, 91.14, 138.5
2024-11-07, 07:24:46, 136.5, 58.27, 22.84, 22.0, 9999.0, 9.57, 10.0, 21.7, 9999.0, 24.05, 9999.0, 117.7, 127.75, 120.25, 91.14, 138.5
2024-11-07, 07:24:50, 136.5, 58.27, 22.82, 22.0, 9999.0, 9.59, 10.0, 21.7, 9999.0, 24.02, 9999.0, 117.68, 127.75, 120.25, 91.16, 138.5
2024-11-07, 07:24:54, 136.5, 58.27, 22.82, 22.0, 9999.0, 9.61, 10.0, 21.7, 9999.0, 24.02, 9999.0, 117.68, 127.75, 120.25, 91.16, 138.5
2024-11-07, 07:24:58, 136.5, 58.27, 22.82, 22.0, 9999.0, 9.64, 10.0, 21.73, 9999.0, 23.98, 9999.0, 117.68, 127.75, 120.25, 91.18, 138.5
2024-11-07, 07:25:02, 136.5, 58.27, 22.82, 22.0, 9999.0, 9.66, 10.0, 21.73, 9999.0, 23.95, 9999.0, 117.7, 127.75, 120.25, 91.18, 138.5
2024-11-07, 07:25:06, 136.5, 58.27, 22.8, 22.0, 9999.0, 9.68, 10.0, 21.73, 9999.0, 23.93, 9999.0, 117.73, 127.75, 120.25, 91.2, 138.5
2024-11-07, 07:25:10, 136.5, 58.25, 22.8, 22.0, 9999.0, 9.7, 10.0, 21.73, 9999.0, 23.91, 9999.0, 117.75, 127.75, 120.25, 91.2, 138.5
2024-11-07, 07:25:14, 136.5, 58.25, 22.8, 22.0, 9999.0, 9.73, 10.0, 21.7, 9999.0, 23.91, 9999.0, 117.77, 127.75, 120.25, 91.23, 138.5
2024-11-07, 07:25:18, 136.5, 58.25, 22.8, 22.0, 9999.0, 9.75, 10.0, 21.68, 9999.0, 23.91, 9999.0, 117.77, 127.75, 120.25, 91.23, 138.5
2024-11-07, 07:25:22, 136.5, 58.27, 22.82, 22.0, 9999.0, 9.73, 10.0, 21.68, 9999.0, 23.91, 9999.0, 117.8, 127.75, 120.25, 91.25, 138.5
2024-11-07, 07:25:26, 136.5, 58.3, 22.82, 22.0, 9999.0, 9.73, 10.0, 21.68, 9999.0, 23.91, 9999.0, 117.82, 127.75, 120.25, 91.25, 138.5
2024-11-07, 07:25:30, 136.5, 58.3, 22.82, 22.0, 9999.0, 9.73, 10.0, 21.68, 9999.0, 23.91, 9999.0, 117.84, 127.75, 120.25, 91.25, 138.5
2024-11-07, 07:25:34, 136.5, 58.3, 22.82, 22.0, 9999.0, 9.7, 10.0, 21.7, 9999.0, 23.91, 9999.0, 117.86, 127.75, 120.25, 91.23, 138.5
2024-11-07, 07:25:38, 136.5, 58.32, 22.82, 22.0, 9999.0, 9.68, 10.0, 21.68, 9999.0, 23.91, 9999.0, 117.86, 127.75, 120.25, 91.23, 138.5
2024-11-07, 07:25:42, 136.5, 58.32, 22.82, 22.0, 9999.0, 9.66, 10.0, 21.66, 9999.0, 23.93, 9999.0, 117.86, 127.75, 120.25, 91.23, 138.5
2024-11-07, 07:25:46, 136.5, 58.32, 22.82, 22.0, 9999.0, 9.64, 10.0, 21.66, 9999.0, 23.95, 9999.0, 117.82, 127.75, 120.25, 91.23, 138.5
2024-11-07, 07:25:50, 136.5, 58.32, 22.82, 22.0, 9999.0, 9.61, 10.0, 21.66, 9999.0, 23.98, 9999.0, 117.8, 127.75, 120.25, 91.23, 138.5
2024-11-07, 07:25:55, 136.48, 58.32, 22.82, 22.0, 9999.0, 9.61, 10.0, 21.64, 9999.0, 24.0, 9999.0, 117.75, 127.75, 120.25, 91.23, 138.5
2024-11-07, 07:25:59, 136.48, 58.32, 22.8, 22.0, 9999.0, 9.61, 10.0, 21.66, 9999.0, 23.98, 9999.0, 117.73, 127.75, 120.25, 91.23, 138.5
2024-11-07, 07:26:03, 136.48, 58.32, 22.8, 22.0, 9999.0, 9.61, 10.0, 21.68, 9999.0, 23.95, 9999.0, 117.7, 127.75, 120.25, 91.2, 138.5
2024-11-07, 07:26:07, 136.48, 58.32, 22.77, 22.0, 9999.0, 9.64, 10.0, 21.68, 9999.0, 23.93, 9999.0, 117.66, 127.75, 120.25, 91.2, 138.5
2024-11-07, 07:26:11, 136.48, 58.3, 22.77, 22.0, 9999.0, 9.64, 10.0, 21.68, 9999.0, 23.91, 9999.0, 117.66, 127.73, 120.25, 91.18, 138.5
2024-11-07, 07:26:15, 136.48, 58.3, 22.77, 22.0, 9999.0, 9.64, 10.0, 21.68, 9999.0, 23.89, 9999.0, 117.66, 127.73, 120.25, 91.18, 138.5
2024-11-07, 07:26:19, 136.48, 58.32, 22.8, 22.0, 9999.0, 9.66, 10.0, 21.66, 9999.0, 23.86, 9999.0, 117.66, 127.73, 120.25, 91.2, 138.5
2024-11-07, 07:26:23, 136.48, 58.3, 22.8, 22.0, 9999.0, 9.68, 10.0, 21.68, 9999.0, 23.84, 9999.0, 117.68, 127.73, 120.25, 91.2, 138.5
2024-11-07, 07:26:27, 136.48, 58.3, 22.77, 22.0, 9999.0, 9.7, 10.0, 21.7, 9999.0, 23.82, 9999.0, 117.7, 127.73, 120.25, 91.2, 138.5
2024-11-07, 07:26:31, 136.48, 58.3, 22.77, 22.0, 9999.0, 9.73, 10.0, 21.7, 9999.0, 23.8, 9999.0, 117.75, 127.73, 120.25, 91.2, 138.5
2024-11-07, 07:26:35, 136.48, 58.3, 22.77, 22.0, 9999.0, 9.75, 10.0, 21.7, 9999.0, 23.77, 9999.0, 117.75, 127.73, 120.25, 91.2, 138.5
2024-11-07, 07:26:39, 136.5, 58.3, 22.77, 22.0, 9999.0, 9.75, 10.0, 21.7, 9999.0, 23.77, 9999.0, 117.77, 127.73, 120.25, 91.2, 138.5
2024-11-07, 07:26:43, 136.5, 58.32, 22.8, 22.0, 9999.0, 9.75, 10.0, 21.68, 9999.0, 23.8, 9999.0, 117.77, 127.73, 120.25, 91.2, 138.5
2024-11-07, 07:26:47, 136.5, 58.32, 22.8, 22.0, 9999.0, 9.73, 10.0, 21.68, 9999.0, 23.82, 9999.0, 117.8, 127.73, 120.25, 91.23, 138.5
2024-11-07, 07:26:51, 136.5, 58.3, 22.8, 22.0, 9999.0, 9.7, 10.0, 21.66, 9999.0, 23.84, 9999.0, 117.82, 127.73, 120.25, 91.23, 138.5
2024-11-07, 07:26:55, 136.5, 58.3, 22.82, 22.0, 9999.0, 9.68, 10.0, 21.64, 9999.0, 23.86, 9999.0, 117.82, 127.75, 120.25, 91.25, 138.5
2024-11-07, 07:26:59, 136.5, 58.3, 22.82, 22.0, 9999.0, 9.66, 10.0, 21.61, 9999.0, 23.89, 9999.0, 117.82, 127.75, 120.25, 91.25, 138.5
2024-11-07, 07:27:03, 136.5, 58.27, 22.8, 22.0, 9999.0, 9.64, 10.0, 21.61, 9999.0, 23.89, 9999.0, 117.82, 127.75, 120.25, 91.25, 138.5
2024-11-07, 07:27:07, 136.5, 58.27, 22.8, 22.0, 9999.0, 9.61, 10.0, 21.61, 9999.0, 23.89, 9999.0, 117.8, 127.75, 120.25, 91.25, 138.5
2024-11-07, 07:27:11, 136.5, 58.27, 22.8, 22.0, 9999.0, 9.59, 10.0, 21.61, 9999.0, 23.89, 9999.0, 117.75, 127.75, 120.25, 91.25, 138.5
2024-11-07, 07:27:15, 136.5, 58.27, 22.8, 22.0, 9999.0, 9.59, 10.0, 21.61, 9999.0, 23.89, 9999.0, 117.7, 127.75, 120.25, 91.25, 138.48
2024-11-07, 07:27:19, 136.5, 58.27, 22.8, 22.0, 9999.0, 9.59, 10.0, 21.59, 9999.0, 23.89, 9999.0, 117.68, 127.75, 120.25, 91.25, 138.48
2024-11-07, 07:27:23, 136.5, 58.27, 22.82, 22.0, 9999.0, 9.59, 10.0, 21.61, 9999.0, 23.86, 9999.0, 117.66, 127.73, 120.25, 91.25, 138.45
2024-11-07, 07:27:27, 136.5, 58.25, 22.8, 22.0, 9999.0, 9.61, 10.0, 21.64, 9999.0, 23.84, 9999.0, 117.64, 127.73, 120.25, 91.25, 138.45
2024-11-07, 07:27:31, 136.5, 58.27, 22.8, 22.0, 9999.0, 9.64, 10.0, 21.61, 9999.0, 23.82, 9999.0, 117.64, 127.73, 120.25, 91.25, 138.45
2024-11-07, 07:27:35, 136.5, 58.27, 22.82, 22.0, 9999.0, 9.66, 10.0, 21.64, 9999.0, 23.8, 9999.0, 117.64, 127.73, 120.25, 91.25, 138.45
2024-11-07, 07:27:39, 136.5, 58.27, 22.8, 22.0, 9999.0, 9.68, 10.0, 21.66, 9999.0, 23.77, 9999.0, 117.64, 127.73, 120.25, 91.25, 138.45
2024-11-07, 07:27:43, 136.5, 58.27, 22.8, 22.0, 9999.0, 9.7, 10.0, 21.66, 9999.0, 23.75, 9999.0, 117.66, 127.73, 120.25, 91.25, 138.45
2024-11-07, 07:27:47, 136.5, 58.27, 22.82, 22.0, 9999.0, 9.73, 10.0, 21.68, 9999.0, 23.73, 9999.0, 117.68, 127.73, 120.25, 91.25, 138.45
2024-11-07, 07:27:51, 136.5, 58.3, 22.82, 22.0, 9999.0, 9.75, 10.0, 21.68, 9999.0, 23.73, 9999.0, 117.7, 127.73, 120.25, 91.25, 138.45
2024-11-07, 07:27:55, 136.5, 58.3, 22.82, 22.0, 9999.0, 9.77, 10.0, 21.68, 9999.0, 23.73, 9999.0, 117.75, 127.73, 120.25, 91.25, 138.45
2024-11-07, 07:27:59, 136.5, 58.3, 22.84, 22.0, 9999.0, 9.77, 10.0, 21.66, 9999.0, 23.75, 9999.0, 117.77, 127.73, 120.25, 91.23, 138.48
2024-11-07, 07:28:03, 136.5, 58.3, 22.86, 22.0, 9999.0, 9.77, 10.0, 21.66, 9999.0, 23.77, 9999.0, 117.8, 127.73, 120.25, 91.2, 138.48
2024-11-07, 07:28:07, 136.5, 58.32, 22.84, 22.0, 9999.0, 9.75, 10.0, 21.66, 9999.0, 23.8, 9999.0, 117.82, 127.75, 120.25, 91.18, 138.5
2024-11-07, 07:28:11, 136.5, 58.34, 22.84, 22.0, 9999.0, 9.7, 10.0, 21.66, 9999.0, 23.82, 9999.0, 117.84, 127.75, 120.25, 91.16, 138.5
2024-11-07, 07:28:15, 136.5, 58.34, 22.86, 22.0, 9999.0, 9.68, 10.0, 21.68, 9999.0, 23.82, 9999.0, 117.84, 127.75, 120.25, 91.16, 138.5
2024-11-07, 07:28:19, 136.5, 58.34, 22.86, 22.0, 9999.0, 9.66, 10.0, 21.68, 9999.0, 23.82, 9999.0, 117.84, 127.75, 120.25, 91.16, 138.5
2024-11-07, 07:28:23, 136.5, 58.34, 22.89, 22.0, 9999.0, 9.66, 10.0, 21.68, 9999.0, 23.82, 9999.0, 117.82, 127.75, 120.25, 91.16, 138.5
2024-11-07, 07:28:27, 136.5, 58.34, 22.89, 22.0, 9999.0, 9.66, 10.0, 21.7, 9999.0, 23.82, 9999.0, 117.77, 127.75, 120.25, 91.16, 138.5
2024-11-07, 07:28:31, 136.5, 58.36, 22.86, 22.0, 9999.0, 9.66, 10.0, 21.7, 9999.0, 23.82, 9999.0, 117.73, 127.75, 120.25, 91.16, 138.5
2024-11-07, 07:28:35, 136.5, 58.36, 22.86, 22.0, 9999.0, 9.66, 10.0, 21.7, 9999.0, 23.8, 9999.0, 117.68, 127.75, 120.25, 91.16, 138.5
2024-11-07, 07:28:39, 136.5, 58.36, 22.86, 22.0, 9999.0, 9.66, 10.0, 21.7, 9999.0, 23.77, 9999.0, 117.64, 127.75, 120.25, 91.16, 138.5
2024-11-07, 07:28:43, 136.5, 58.36, 22.84, 22.0, 9999.0, 9.68, 10.0, 21.73, 9999.0, 23.73, 9999.0, 117.61, 127.75, 120.25, 91.18, 138.5
2024-11-07, 07:28:47, 136.5, 58.36, 22.82, 22.0, 9999.0, 9.68, 10.0, 21.75, 9999.0, 23.68, 9999.0, 117.61, 127.75, 120.25, 91.2, 138.5
2024-11-07, 07:28:51, 136.5, 58.34, 22.82, 22.02, 9999.0, 9.7, 10.0, 21.75, 9999.0, 23.64, 9999.0, 117.61, 127.75, 120.25, 91.23, 138.5
2024-11-07, 07:28:55, 136.5, 58.32, 22.82, 22.02, 9999.0, 9.73, 10.0, 21.75, 9999.0, 23.59, 9999.0, 117.61, 127.75, 120.25, 91.25, 138.5
2024-11-07, 07:28:59, 136.5, 58.3, 22.8, 22.02, 9999.0, 9.75, 10.0, 21.75, 9999.0, 23.57, 9999.0, 117.64, 127.75, 120.25, 91.25, 138.5
2024-11-07, 07:29:03, 136.5, 58.3, 22.77, 22.02, 9999.0, 9.77, 10.0, 21.75, 9999.0, 23.55, 9999.0, 117.66, 127.75, 120.25, 91.25, 138.5
2024-11-07, 07:29:07, 136.5, 58.3, 22.77, 22.02, 9999.0, 9.77, 10.0, 21.75, 9999.0, 23.52, 9999.0, 117.7, 127.75, 120.25, 91.25, 138.5
2024-11-07, 07:29:11, 136.5, 58.32, 22.8, 22.02, 9999.0, 9.77, 10.0, 21.75, 9999.0, 23.52, 9999.0, 117.73, 127.75, 120.25, 91.25, 138.5
2024-11-07, 07:29:15, 136.5, 58.3, 22.8, 22.02, 9999.0, 9.77, 10.0, 21.73, 9999.0, 23.55, 9999.0, 117.75, 127.75, 120.25, 91.25, 138.5
2024-11-07, 07:29:19, 136.5, 58.27, 22.82, 22.02, 9999.0, 9.77, 10.0, 21.73, 9999.0, 23.59, 9999.0, 117.77, 127.75, 120.25, 91.25, 138.5
2024-11-07, 07:29:23, 136.5, 58.3, 22.84, 22.02, 9999.0, 9.75, 10.0, 21.73, 9999.0, 23.64, 9999.0, 117.8, 127.75, 120.25, 91.25, 138.5
2024-11-07, 07:29:27, 136.5, 58.3, 22.86, 22.02, 9999.0, 9.7, 10.0, 21.73, 9999.0, 23.68, 9999.0, 117.82, 127.75, 120.25, 91.25, 138.5
2024-11-07, 07:29:31, 136.5, 58.3, 22.89, 22.02, 9999.0, 9.68, 10.0, 21.73, 9999.0, 23.7, 9999.0, 117.82, 127.75, 120.25, 91.25, 138.5
2024-11-07, 07:29:35, 136.5, 58.3, 22.91, 22.0, 9999.0, 9.66, 10.0, 21.73, 9999.0, 23.73, 9999.0, 117.82, 127.75, 120.25, 91.25, 138.5
2024-11-07, 07:29:39, 136.5, 58.3, 22.93, 22.0, 9999.0, 9.64, 10.0, 21.73, 9999.0, 23.75, 9999.0, 117.82, 127.75, 120.25, 91.25, 138.5
2024-11-07, 07:29:44, 136.5, 58.3, 22.93, 22.0, 9999.0, 9.61, 10.0, 21.73, 9999.0, 23.77, 9999.0, 117.8, 127.75, 120.25, 91.25, 138.5
2024-11-07, 07:29:48, 136.5, 58.3, 22.95, 22.0, 9999.0, 9.59, 10.0, 21.7, 9999.0, 23.8, 9999.0, 117.77, 127.75, 120.25, 91.25, 138.5
2024-11-07, 07:29:52, 136.5, 58.3, 22.93, 22.0, 9999.0, 9.59, 10.0, 21.7, 9999.0, 23.82, 9999.0, 117.75, 127.75, 120.25, 91.25, 138.5
2024-11-07, 07:29:56, 136.5, 58.27, 22.93, 22.0, 9999.0, 9.59, 10.0, 21.68, 9999.0, 23.82, 9999.0, 117.73, 127.75, 120.25, 91.25, 138.5
2024-11-07, 07:30:00, 136.5, 58.27, 22.93, 22.0, 9999.0, 9.59, 10.0, 21.68, 9999.0, 23.82, 9999.0, 117.73, 127.75, 120.25, 91.25, 138.5
2024-11-07, 07:30:04, 136.5, 58.27, 22.93, 22.0, 9999.0, 9.59, 10.0, 21.68, 9999.0, 23.8, 9999.0, 117.7, 127.75, 120.25, 91.25, 138.5
2024-11-07, 07:30:08, 136.5, 58.25, 22.93, 22.0, 9999.0, 9.61, 10.0, 21.68, 9999.0, 23.77, 9999.0, 117.7, 127.75, 120.25, 91.25, 138.5
2024-11-07, 07:30:12, 136.5, 58.25, 22.93, 22.0, 9999.0, 9.64, 10.0, 21.68, 9999.0, 23.73, 9999.0, 117.7, 127.75, 120.25, 91.25, 138.5
2024-11-07, 07:30:16, 136.5, 58.25, 22.93, 22.0, 9999.0, 9.66, 10.0, 21.68, 9999.0, 23.7, 9999.0, 117.7, 127.75, 120.25, 91.25, 138.5
2024-11-07, 07:30:20, 136.5, 58.25, 22.93, 22.0, 9999.0, 9.68, 10.0, 21.68, 9999.0, 23.68, 9999.0, 117.73, 127.75, 120.25, 91.25, 138.5
2024-11-07, 07:30:43, 136.5, 58.25, 22.93, 22.0, 9999.0, 9.7, 10.0, 21.68, 9999.0, 23.66, 9999.0, 117.75, 127.75, 120.25, 91.25, 138.5
2024-11-07, 07:30:47, 136.5, 58.25, 22.95, 22.0, 9999.0, 9.73, 10.0, 21.68, 9999.0, 23.66, 9999.0, 117.75, 127.75, 120.25, 91.25, 138.5
2024-11-07, 07:30:51, 136.5, 58.25, 22.95, 22.0, 9999.0, 9.75, 10.0, 21.7, 9999.0, 23.66, 9999.0, 117.75, 127.75, 120.25, 91.25, 138.5
2024-11-07, 07:30:55, 136.5, 58.25, 22.95, 22.0, 9999.0, 9.75, 10.0, 21.7, 9999.0, 23.66, 9999.0, 117.75, 127.75, 120.25, 91.25, 138.5
2024-11-07, 07:30:59, 136.5, 58.25, 22.95, 22.0, 9999.0, 9.73, 10.0, 21.73, 9999.0, 23.66, 9999.0, 117.77, 127.75, 120.25, 91.25, 138.5
2024-11-07, 07:31:03, 136.5, 58.25, 22.98, 22.0, 9999.0, 9.7, 10.0, 21.75, 9999.0, 23.66, 9999.0, 117.77, 127.75, 120.25, 91.25, 138.5
2024-11-07, 07:31:07, 136.5, 58.25, 22.95, 22.0, 9999.0, 9.7, 10.0, 21.75, 9999.0, 23.66, 9999.0, 117.8, 127.75, 120.25, 91.25, 138.5
2024-11-07, 07:31:11, 136.5, 58.25, 22.95, 22.0, 9999.0, 9.68, 10.0, 21.75, 9999.0, 23.66, 9999.0, 117.8, 127.75, 120.25, 91.25, 138.5
2024-11-07, 07:31:15, 136.5, 58.25, 22.93, 22.0, 9999.0, 9.66, 10.0, 21.75, 9999.0, 23.68, 9999.0, 117.8, 127.75, 120.25, 91.25, 138.5
2024-11-07, 07:31:19, 136.5, 58.25, 22.93, 22.0, 9999.0, 9.64, 10.0, 21.75, 9999.0, 23.7, 9999.0, 117.8, 127.75, 120.25, 91.25, 138.5
2024-11-07, 07:31:23, 136.5, 58.25, 22.93, 22.0, 9999.0, 9.61, 10.0, 21.75, 9999.0, 23.73, 9999.0, 117.77, 127.75, 120.25, 91.25, 138.5
2024-11-07, 07:31:27, 136.5, 58.25, 22.93, 22.0, 9999.0, 9.61, 10.0, 21.75, 9999.0, 23.75, 9999.0, 117.73, 127.75, 120.25, 91.25, 138.5
2024-11-07, 07:31:31, 136.5, 58.27, 22.93, 22.0, 9999.0, 9.61, 10.0, 21.75, 9999.0, 23.75, 9999.0, 117.7, 127.75, 120.25, 91.25, 138.5
2024-11-07, 07:31:35, 136.5, 58.27, 22.93, 22.0, 9999.0, 9.61, 10.0, 21.75, 9999.0, 23.75, 9999.0, 117.68, 127.75, 120.25, 91.25, 138.5
2024-11-07, 07:31:39, 136.5, 58.27, 22.95, 22.0, 9999.0, 9.64, 10.0, 21.75, 9999.0, 23.75, 9999.0, 117.68, 127.75, 120.25, 91.25, 138.5
2024-11-07, 07:31:43, 136.5, 58.27, 22.95, 22.0, 9999.0, 9.68, 10.0, 21.75, 9999.0, 23.73, 9999.0, 117.68, 127.75, 120.25, 91.25, 138.5
2024-11-07, 07:31:47, 136.5, 58.27, 22.95, 22.02, 9999.0, 9.73, 10.0, 21.75, 9999.0, 23.7, 9999.0, 117.68, 127.75, 120.25, 91.25, 138.5
2024-11-07, 07:31:51, 136.5, 58.27, 22.98, 22.02, 9999.0, 9.73, 10.0, 21.75, 9999.0, 23.68, 9999.0, 117.68, 127.75, 120.25, 91.25, 138.5
2024-11-07, 07:31:56, 136.5, 58.27, 22.98, 22.02, 9999.0, 9.75, 10.0, 21.75, 9999.0, 23.66, 9999.0, 117.7, 127.75, 120.25, 91.25, 138.5
2024-11-07, 07:32:00, 136.5, 58.27, 23.0, 22.05, 9999.0, 9.77, 10.0, 21.75, 9999.0, 23.66, 9999.0, 117.73, 127.75, 120.25, 91.25, 138.5
2024-11-07, 07:32:04, 136.5, 58.27, 23.0, 22.05, 9999.0, 9.8, 10.0, 21.75, 9999.0, 23.68, 9999.0, 117.75, 127.75, 120.25, 91.25, 138.5
2024-11-07, 07:32:08, 136.5, 58.27, 23.0, 22.07, 9999.0, 9.82, 10.0, 21.75, 9999.0, 23.68, 9999.0, 117.77, 127.75, 120.25, 91.25, 138.5
2024-11-07, 07:32:12, 136.5, 58.27, 23.0, 22.09, 9999.0, 9.82, 10.0, 21.75, 9999.0, 23.68, 9999.0, 117.8, 127.75, 120.25, 91.25, 138.5
2024-11-07, 07:32:16, 136.5, 58.25, 23.0, 22.11, 9999.0, 9.82, 10.0, 21.75, 9999.0, 23.7, 9999.0, 117.82, 127.75, 120.25, 91.25, 138.5
2024-11-07, 07:32:20, 136.5, 58.25, 23.0, 22.14, 9999.0, 9.82, 10.0, 21.75, 9999.0, 23.73, 9999.0, 117.84, 127.75, 120.25, 91.25, 138.5
2024-11-07, 07:32:24, 136.5, 58.25, 23.0, 22.16, 9999.0, 9.8, 10.0, 21.75, 9999.0, 23.75, 9999.0, 117.84, 127.75, 120.25, 91.25, 138.5
2024-11-07, 07:32:28, 136.5, 58.25, 23.0, 22.18, 9999.0, 9.75, 10.0, 21.75, 9999.0, 23.8, 9999.0, 117.84, 127.75, 120.25, 91.25, 138.5
2024-11-07, 07:32:32, 136.5, 58.25, 23.0, 22.16, 9999.0, 9.7, 10.0, 21.75, 9999.0, 23.82, 9999.0, 117.84, 127.75, 120.25, 91.25, 138.5
2024-11-07, 07:32:36, 136.5, 58.27, 23.0, 22.16, 9999.0, 9.68, 10.0, 21.75, 9999.0, 23.84, 9999.0, 117.84, 127.75, 120.25, 91.25, 138.5
2024-11-07, 07:32:40, 136.5, 58.27, 23.0, 22.18, 9999.0, 9.66, 10.0, 21.75, 9999.0, 23.86, 9999.0, 117.82, 127.75, 120.25, 91.25, 138.5
2024-11-07, 07:32:44, 136.5, 58.27, 23.0, 22.16, 9999.0, 9.64, 10.0, 21.75, 9999.0, 23.86, 9999.0, 117.8, 127.75, 120.25, 91.25, 138.5
2024-11-07, 07:32:48, 136.5, 58.27, 23.0, 22.18, 9999.0, 9.64, 10.0, 21.75, 9999.0, 23.84, 9999.0, 117.77, 127.75, 120.25, 91.25, 138.5
2024-11-07, 07:32:52, 136.5, 58.27, 23.0, 22.16, 9999.0, 9.64, 10.0, 21.75, 9999.0, 23.84, 9999.0, 117.75, 127.75, 120.25, 91.25, 138.5
2024-11-07, 07:32:56, 136.5, 58.27, 23.0, 22.14, 9999.0, 9.64, 10.0, 21.75, 9999.0, 23.84, 9999.0, 117.75, 127.75, 120.25, 91.25, 138.5
2024-11-07, 07:33:00, 136.5, 58.27, 23.0, 22.14, 9999.0, 9.66, 10.0, 21.75, 9999.0, 23.82, 9999.0, 117.73, 127.75, 120.25, 91.25, 138.5
2024-11-07, 07:33:04, 136.5, 58.27, 23.0, 22.11, 9999.0, 9.66, 10.0, 21.75, 9999.0, 23.8, 9999.0, 117.73, 127.75, 120.25, 91.25, 138.5
2024-11-07, 07:33:08, 136.5, 58.27, 23.0, 22.09, 9999.0, 9.66, 10.0, 21.75, 9999.0, 23.77, 9999.0, 117.73, 127.75, 120.25, 91.25, 138.5
2024-11-07, 07:33:12, 136.5, 58.27, 23.0, 22.09, 9999.0, 9.68, 10.0, 21.75, 9999.0, 23.75, 9999.0, 117.75, 127.75, 120.25, 91.23, 138.5
2024-11-07, 07:33:16, 136.5, 58.27, 23.0, 22.11, 9999.0, 9.7, 10.0, 21.75, 9999.0, 23.75, 9999.0, 117.77, 127.75, 120.25, 91.23, 138.5
2024-11-07, 07:33:20, 136.5, 58.25, 23.0, 22.11, 9999.0, 9.73, 10.0, 21.75, 9999.0, 23.75, 9999.0, 117.77, 127.75, 120.25, 91.23, 138.5
2024-11-07, 07:33:24, 136.5, 58.25, 23.0, 22.11, 9999.0, 9.75, 10.0, 21.75, 9999.0, 23.75, 9999.0, 117.8, 127.75, 120.25, 91.23, 138.5
2024-11-07, 07:33:28, 136.5, 58.25, 23.0, 22.14, 9999.0, 9.77, 10.0, 21.75, 9999.0, 23.75, 9999.0, 117.82, 127.75, 120.25, 91.23, 138.5
2024-11-07, 07:33:32, 136.5, 58.25, 23.0, 22.14, 9999.0, 9.77, 10.0, 21.75, 9999.0, 23.77, 9999.0, 117.84, 127.75, 120.25, 91.23, 138.5
2024-11-07, 07:33:36, 136.5, 58.25, 23.0, 22.16, 9999.0, 9.77, 10.0, 21.75, 9999.0, 23.8, 9999.0, 117.86, 127.75, 120.25, 91.23, 138.5
2024-11-07, 07:33:40, 136.5, 58.25, 23.0, 22.16, 9999.0, 9.77, 10.0, 21.75, 9999.0, 23.8, 9999.0, 117.86, 127.75, 120.25, 91.23, 138.5
2024-11-07, 07:33:44, 136.5, 58.25, 23.0, 22.14, 9999.0, 9.75, 10.0, 21.75, 9999.0, 23.82, 9999.0, 117.89, 127.75, 120.25, 91.23, 138.5
2024-11-07, 07:33:48, 136.5, 58.27, 23.0, 22.14, 9999.0, 9.75, 10.0, 21.75, 9999.0, 23.84, 9999.0, 117.89, 127.75, 120.25, 91.23, 138.5
2024-11-07, 07:33:52, 136.5, 58.27, 22.98, 22.14, 9999.0, 9.75, 10.0, 21.75, 9999.0, 23.84, 9999.0, 117.89, 127.75, 120.25, 91.23, 138.5
2024-11-07, 07:33:56, 136.5, 58.27, 22.98, 22.14, 9999.0, 9.73, 10.0, 21.75, 9999.0, 23.84, 9999.0, 117.86, 127.75, 120.25, 91.25, 138.5
2024-11-07, 07:34:00, 136.5, 58.27, 22.98, 22.11, 9999.0, 9.7, 10.0, 21.75, 9999.0, 23.84, 9999.0, 117.84, 127.75, 120.25, 91.25, 138.5
2024-11-07, 07:34:04, 136.5, 58.27, 22.98, 22.11, 9999.0, 9.7, 10.0, 21.75, 9999.0, 23.84, 9999.0, 117.84, 127.75, 120.25, 91.25, 138.5
2024-11-07, 07:34:08, 136.5, 58.27, 22.98, 22.11, 9999.0, 9.7, 10.0, 21.75, 9999.0, 23.84, 9999.0, 117.8, 127.75, 120.25, 91.25, 138.5
2024-11-07, 07:34:12, 136.5, 58.27, 22.98, 22.09, 9999.0, 9.7, 10.0, 21.75, 9999.0, 23.84, 9999.0, 117.75, 127.75, 120.25, 91.25, 138.5
2024-11-07, 07:34:16, 136.5, 58.27, 22.98, 22.07, 9999.0, 9.73, 10.0, 21.75, 9999.0, 23.82, 9999.0, 117.73, 127.75, 120.25, 91.25, 138.5
2024-11-07, 07:34:20, 136.5, 58.27, 22.98, 22.07, 9999.0, 9.75, 10.0, 21.75, 9999.0, 23.8, 9999.0, 117.7, 127.75, 120.25, 91.25, 138.5
2024-11-07, 07:34:24, 136.5, 58.27, 22.98, 22.07, 9999.0, 9.77, 10.0, 21.75, 9999.0, 23.8, 9999.0, 117.7, 127.75, 120.25, 91.25, 138.5
2024-11-07, 07:34:28, 136.5, 58.27, 22.98, 22.07, 9999.0, 9.77, 10.0, 21.75, 9999.0, 23.77, 9999.0, 117.73, 127.75, 120.25, 91.23, 138.5
2024-11-07, 07:34:32, 136.5, 58.25, 22.98, 22.07, 9999.0, 9.77, 10.0, 21.75, 9999.0, 23.75, 9999.0, 117.75, 127.75, 120.25, 91.23, 138.5
2024-11-07, 07:34:36, 136.5, 58.25, 23.0, 22.07, 9999.0, 9.77, 10.0, 21.75, 9999.0, 23.75, 9999.0, 117.77, 127.75, 120.25, 91.23, 138.5
2024-11-07, 07:34:40, 136.5, 58.25, 23.0, 22.05, 9999.0, 9.8, 10.0, 21.75, 9999.0, 23.77, 9999.0, 117.8, 127.75, 120.25, 91.2, 138.5
2024-11-07, 07:34:44, 136.5, 58.25, 23.0, 22.05, 9999.0, 9.82, 10.0, 21.75, 9999.0, 23.8, 9999.0, 117.8, 127.75, 120.25, 91.2, 138.5
2024-11-07, 07:34:48, 136.5, 58.25, 23.0, 22.05, 9999.0, 9.82, 10.0, 21.75, 9999.0, 23.8, 9999.0, 117.8, 127.75, 120.25, 91.2, 138.5
2024-11-07, 07:34:52, 136.5, 58.25, 22.98, 22.05, 9999.0, 9.82, 10.0, 21.75, 9999.0, 23.82, 9999.0, 117.84, 127.75, 120.25, 91.2, 138.5
2024-11-07, 07:34:56, 136.5, 58.25, 22.98, 22.07, 9999.0, 9.82, 10.0, 21.75, 9999.0, 23.84, 9999.0, 117.86, 127.75, 120.25, 91.2, 138.5
2024-11-07, 07:35:00, 136.5, 58.25, 22.98, 22.09, 9999.0, 9.77, 10.0, 21.75, 9999.0, 23.86, 9999.0, 117.86, 127.75, 120.25, 91.2, 138.5
2024-11-07, 07:35:04, 136.5, 58.25, 22.98, 22.09, 9999.0, 9.73, 10.0, 21.75, 9999.0, 23.89, 9999.0, 117.86, 127.75, 120.25, 91.2, 138.5
2024-11-07, 07:35:08, 136.5, 58.27, 22.98, 22.11, 9999.0, 9.68, 10.0, 21.75, 9999.0, 23.91, 9999.0, 117.86, 127.75, 120.25, 91.2, 138.5
2024-11-07, 07:35:12, 136.5, 58.27, 22.98, 22.14, 9999.0, 9.66, 10.0, 21.75, 9999.0, 23.93, 9999.0, 117.84, 127.75, 120.25, 91.23, 138.5
2024-11-07, 07:35:16, 136.5, 58.27, 22.98, 22.16, 9999.0, 9.64, 10.0, 21.75, 9999.0, 23.95, 9999.0, 117.82, 127.75, 120.25, 91.23, 138.5
2024-11-07, 07:35:20, 136.5, 58.27, 22.98, 22.18, 9999.0, 9.61, 10.0, 21.75, 9999.0, 23.98, 9999.0, 117.8, 127.75, 120.25, 91.23, 138.5
2024-11-07, 07:35:24, 136.5, 58.27, 22.98, 22.18, 9999.0, 9.61, 10.0, 21.75, 9999.0, 23.98, 9999.0, 117.77, 127.75, 120.25, 91.25, 138.5
2024-11-07, 07:35:28, 136.5, 58.27, 22.98, 22.2, 9999.0, 9.61, 10.0, 21.75, 9999.0, 23.98, 9999.0, 117.77, 127.75, 120.25, 91.25, 138.5
2024-11-07, 07:35:32, 136.5, 58.27, 22.98, 22.2, 9999.0, 9.61, 10.0, 21.75, 9999.0, 24.0, 9999.0, 117.77, 127.75, 120.25, 91.23, 138.5
2024-11-07, 07:35:36, 136.5, 58.27, 22.98, 22.18, 9999.0, 9.64, 10.0, 21.75, 9999.0, 24.0, 9999.0, 117.73, 127.75, 120.25, 91.23, 138.5
2024-11-07, 07:35:40, 136.5, 58.27, 22.98, 22.16, 9999.0, 9.66, 10.0, 21.75, 9999.0, 24.0, 9999.0, 117.73, 127.75, 120.25, 91.23, 138.5
2024-11-07, 07:35:45, 136.5, 58.3, 22.98, 22.16, 9999.0, 9.7, 10.0, 21.75, 9999.0, 23.98, 9999.0, 117.73, 127.75, 120.25, 91.23, 138.5
2024-11-07, 07:35:49, 136.5, 58.3, 22.98, 22.16, 9999.0, 9.73, 10.0, 21.75, 9999.0, 23.95, 9999.0, 117.75, 127.75, 120.25, 91.23, 138.5
2024-11-07, 07:35:53, 136.5, 58.27, 22.98, 22.16, 9999.0, 9.75, 10.0, 21.75, 9999.0, 23.93, 9999.0, 117.77, 127.75, 120.25, 91.23, 138.5
2024-11-07, 07:35:57, 136.5, 58.27, 22.98, 22.16, 9999.0, 9.77, 10.0, 21.75, 9999.0, 23.91, 9999.0, 117.8, 127.75, 120.25, 91.23, 138.5
2024-11-07, 07:36:01, 136.5, 58.27, 22.98, 22.14, 9999.0, 9.8, 10.0, 21.75, 9999.0, 23.91, 9999.0, 117.82, 127.75, 120.25, 91.2, 138.5
2024-11-07, 07:36:05, 136.5, 58.27, 22.98, 22.11, 9999.0, 9.82, 10.0, 21.75, 9999.0, 23.91, 9999.0, 117.82, 127.75, 120.25, 91.2, 138.5
2024-11-07, 07:36:09, 136.5, 58.3, 22.98, 22.14, 9999.0, 9.8, 10.0, 21.75, 9999.0, 23.91, 9999.0, 117.84, 127.75, 120.25, 91.2, 138.5
2024-11-07, 07:36:13, 136.5, 58.3, 22.98, 22.11, 9999.0, 9.8, 10.0, 21.75, 9999.0, 23.93, 9999.0, 117.84, 127.75, 120.25, 91.2, 138.5
2024-11-07, 07:36:17, 136.5, 58.3, 22.95, 22.11, 9999.0, 9.8, 10.0, 21.75, 9999.0, 23.93, 9999.0, 117.84, 127.75, 120.25, 91.23, 138.5
2024-11-07, 07:36:21, 136.5, 58.32, 22.98, 22.14, 9999.0, 9.77, 10.0, 21.75, 9999.0, 23.93, 9999.0, 117.86, 127.75, 120.25, 91.2, 138.5
2024-11-07, 07:36:25, 136.5, 58.32, 22.98, 22.16, 9999.0, 9.73, 10.0, 21.75, 9999.0, 23.93, 9999.0, 117.86, 127.75, 120.25, 91.2, 138.5
2024-11-07, 07:36:29, 136.5, 58.3, 22.98, 22.14, 9999.0, 9.68, 10.0, 21.75, 9999.0, 23.95, 9999.0, 117.86, 127.75, 120.25, 91.2, 138.5
2024-11-07, 07:36:33, 136.5, 58.3, 22.98, 22.14, 9999.0, 9.66, 10.0, 21.75, 9999.0, 23.98, 9999.0, 117.84, 127.75, 120.25, 91.18, 138.5
2024-11-07, 07:36:37, 136.5, 58.3, 22.98, 22.14, 9999.0, 9.64, 10.0, 21.75, 9999.0, 24.0, 9999.0, 117.82, 127.75, 120.25, 91.16, 138.5
2024-11-07, 07:36:41, 136.5, 58.3, 22.98, 22.11, 9999.0, 9.64, 10.0, 21.73, 9999.0, 24.02, 9999.0, 117.8, 127.75, 120.25, 91.16, 138.5
2024-11-07, 07:36:45, 136.5, 58.3, 22.98, 22.11, 9999.0, 9.61, 10.0, 21.73, 9999.0, 24.02, 9999.0, 117.77, 127.75, 120.25, 91.18, 138.5
2024-11-07, 07:36:49, 136.5, 58.3, 22.98, 22.11, 9999.0, 9.61, 10.0, 21.73, 9999.0, 24.02, 9999.0, 117.75, 127.75, 120.25, 91.16, 138.5
2024-11-07, 07:36:53, 136.5, 58.27, 22.98, 22.09, 9999.0, 9.64, 10.0, 21.73, 9999.0, 24.02, 9999.0, 117.73, 127.75, 120.25, 91.16, 138.5
2024-11-07, 07:36:57, 136.5, 58.27, 22.98, 22.11, 9999.0, 9.66, 10.0, 21.73, 9999.0, 24.0, 9999.0, 117.73, 127.75, 120.25, 91.16, 138.5
2024-11-07, 07:37:01, 136.5, 58.27, 23.0, 22.11, 9999.0, 9.66, 10.0, 21.73, 9999.0, 23.98, 9999.0, 117.73, 127.75, 120.25, 91.16, 138.5
2024-11-07, 07:37:05, 136.5, 58.25, 23.0, 22.09, 9999.0, 9.66, 10.0, 21.73, 9999.0, 23.95, 9999.0, 117.75, 127.75, 120.25, 91.18, 138.5
2024-11-07, 07:37:09, 136.5, 58.25, 22.98, 22.09, 9999.0, 9.68, 10.0, 21.73, 9999.0, 23.93, 9999.0, 117.77, 127.75, 120.25, 91.18, 138.5
2024-11-07, 07:37:13, 136.5, 58.25, 22.98, 22.09, 9999.0, 9.7, 10.0, 21.73, 9999.0, 23.91, 9999.0, 117.8, 127.75, 120.25, 91.18, 138.5
2024-11-07, 07:37:17, 136.5, 58.25, 22.95, 22.09, 9999.0, 9.73, 10.0, 21.73, 9999.0, 23.91, 9999.0, 117.82, 127.75, 120.25, 91.2, 138.5
2024-11-07, 07:37:21, 136.5, 58.25, 22.95, 22.07, 9999.0, 9.75, 10.0, 21.73, 9999.0, 23.91, 9999.0, 117.82, 127.75, 120.25, 91.23, 138.5
2024-11-07, 07:37:25, 136.5, 58.27, 22.95, 22.09, 9999.0, 9.75, 10.0, 21.75, 9999.0, 23.91, 9999.0, 117.84, 127.75, 120.25, 91.23, 138.5
2024-11-07, 07:37:29, 136.5, 58.27, 22.93, 22.11, 9999.0, 9.77, 10.0, 21.75, 9999.0, 23.93, 9999.0, 117.84, 127.75, 120.25, 91.23, 138.5
2024-11-07, 07:37:33, 136.5, 58.27, 22.93, 22.11, 9999.0, 9.75, 10.0, 21.73, 9999.0, 23.93, 9999.0, 117.86, 127.75, 120.25, 91.23, 138.5
2024-11-07, 07:37:37, 136.5, 58.27, 22.93, 22.14, 9999.0, 9.73, 10.0, 21.73, 9999.0, 23.93, 9999.0, 117.86, 127.75, 120.25, 91.23, 138.5
2024-11-07, 07:37:41, 136.5, 58.3, 22.93, 22.14, 9999.0, 9.7, 10.0, 21.73, 9999.0, 23.93, 9999.0, 117.86, 127.75, 120.25, 91.2, 138.5
2024-11-07, 07:37:45, 136.5, 58.32, 22.93, 22.16, 9999.0, 9.68, 10.0, 21.73, 9999.0, 23.95, 9999.0, 117.86, 127.75, 120.25, 91.18, 138.5
2024-11-07, 07:37:49, 136.5, 58.32, 22.93, 22.18, 9999.0, 9.66, 10.0, 21.73, 9999.0, 23.98, 9999.0, 117.84, 127.75, 120.25, 91.16, 138.5
2024-11-07, 07:37:53, 136.5, 58.32, 22.93, 22.16, 9999.0, 9.64, 10.0, 21.73, 9999.0, 24.0, 9999.0, 117.82, 127.75, 120.25, 91.14, 138.5
2024-11-07, 07:37:57, 136.5, 58.32, 22.93, 22.16, 9999.0, 9.61, 10.0, 21.73, 9999.0, 24.02, 9999.0, 117.8, 127.75, 120.25, 91.11, 138.5
2024-11-07, 07:38:01, 136.5, 58.32, 22.93, 22.16, 9999.0, 9.61, 10.0, 21.73, 9999.0, 24.02, 9999.0, 117.75, 127.75, 120.25, 91.09, 138.5
2024-11-07, 07:38:05, 136.5, 58.32, 22.93, 22.18, 9999.0, 9.61, 10.0, 21.73, 9999.0, 24.02, 9999.0, 117.73, 127.75, 120.25, 91.07, 138.5
2024-11-07, 07:38:09, 136.5, 58.3, 22.91, 22.16, 9999.0, 9.61, 10.0, 21.73, 9999.0, 24.02, 9999.0, 117.7, 127.75, 120.25, 91.07, 138.5
2024-11-07, 07:38:13, 136.5, 58.3, 22.91, 22.14, 9999.0, 9.64, 10.0, 21.73, 9999.0, 24.0, 9999.0, 117.68, 127.75, 120.25, 91.05, 138.5
2024-11-07, 07:38:17, 136.5, 58.32, 22.91, 22.14, 9999.0, 9.66, 10.0, 21.75, 9999.0, 24.0, 9999.0, 117.68, 127.75, 120.25, 91.05, 138.5
2024-11-07, 07:38:21, 136.5, 58.34, 22.91, 22.11, 9999.0, 9.68, 10.0, 21.75, 9999.0, 23.98, 9999.0, 117.68, 127.75, 120.25, 91.02, 138.5
2024-11-07, 07:38:25, 136.5, 58.32, 22.89, 22.09, 9999.0, 9.68, 10.0, 21.75, 9999.0, 23.95, 9999.0, 117.7, 127.75, 120.25, 91.05, 138.5
2024-11-07, 07:38:29, 136.5, 58.3, 22.86, 22.07, 9999.0, 9.7, 10.0, 21.75, 9999.0, 23.93, 9999.0, 117.73, 127.75, 120.25, 91.05, 138.5
2024-11-07, 07:38:33, 136.5, 58.3, 22.84, 22.05, 9999.0, 9.73, 10.0, 21.75, 9999.0, 23.91, 9999.0, 117.75, 127.75, 120.25, 91.05, 138.5
2024-11-07, 07:38:37, 136.5, 58.3, 22.86, 22.05, 9999.0, 9.75, 10.0, 21.75, 9999.0, 23.91, 9999.0, 117.75, 127.75, 120.25, 91.07, 138.5
2024-11-07, 07:38:41, 136.5, 58.3, 22.86, 22.05, 9999.0, 9.75, 10.0, 21.73, 9999.0, 23.91, 9999.0, 117.77, 127.75, 120.25, 91.09, 138.5
2024-11-07, 07:38:45, 136.5, 58.3, 22.89, 22.02, 9999.0, 9.73, 10.0, 21.73, 9999.0, 23.93, 9999.0, 117.82, 127.75, 120.25, 91.11, 138.5
2024-11-07, 07:38:49, 136.5, 58.3, 22.89, 22.0, 9999.0, 9.7, 10.0, 21.73, 9999.0, 23.95, 9999.0, 117.86, 127.75, 120.25, 91.14, 138.5
2024-11-07, 07:38:53, 136.5, 58.32, 22.91, 22.0, 9999.0, 9.7, 10.0, 21.7, 9999.0, 23.98, 9999.0, 117.86, 127.75, 120.25, 91.14, 138.5
2024-11-07, 07:38:57, 136.5, 58.32, 22.93, 22.0, 9999.0, 9.68, 10.0, 21.7, 9999.0, 24.0, 9999.0, 117.89, 127.75, 120.25, 91.14, 138.5
2024-11-07, 07:39:01, 136.5, 58.3, 22.93, 22.0, 9999.0, 9.66, 10.0, 21.7, 9999.0, 24.02, 9999.0, 117.89, 127.75, 120.25, 91.16, 138.5
2024-11-07, 07:39:05, 136.5, 58.27, 22.93, 22.0, 9999.0, 9.64, 10.0, 21.68, 9999.0, 24.07, 9999.0, 117.89, 127.75, 120.25, 91.16, 138.5
2024-11-07, 07:39:09, 136.5, 58.27, 22.93, 22.0, 9999.0, 9.61, 10.0, 21.68, 9999.0, 24.09, 9999.0, 117.86, 127.75, 120.25, 91.16, 138.5
2024-11-07, 07:39:13, 136.5, 58.27, 22.93, 22.0, 9999.0, 9.59, 10.0, 21.68, 9999.0, 24.11, 9999.0, 117.84, 127.75, 120.25, 91.18, 138.5
2024-11-07, 07:39:17, 136.5, 58.27, 22.95, 22.0, 9999.0, 9.59, 10.0, 21.68, 9999.0, 24.16, 9999.0, 117.82, 127.75, 120.25, 91.2, 138.5
2024-11-07, 07:39:21, 136.5, 58.27, 22.95, 22.0, 9999.0, 9.59, 10.0, 21.68, 9999.0, 24.16, 9999.0, 117.8, 127.75, 120.25, 91.2, 138.5
2024-11-07, 07:39:25, 136.5, 58.3, 22.93, 22.02, 9999.0, 9.61, 10.0, 21.7, 9999.0, 24.16, 9999.0, 117.75, 127.73, 120.25, 91.2, 138.5
2024-11-07, 07:39:29, 136.5, 58.3, 22.93, 22.02, 9999.0, 9.64, 10.0, 21.7, 9999.0, 24.14, 9999.0, 117.7, 127.73, 120.25, 91.2, 138.5
2024-11-07, 07:39:34, 136.5, 58.3, 22.93, 22.05, 9999.0, 9.66, 10.0, 21.7, 9999.0, 24.14, 9999.0, 117.68, 127.73, 120.25, 91.2, 138.5
2024-11-07, 07:39:38, 136.5, 58.27, 22.91, 22.07, 9999.0, 9.66, 10.0, 21.73, 9999.0, 24.11, 9999.0, 117.68, 127.73, 120.25, 91.2, 138.5
2024-11-07, 07:39:42, 136.5, 58.27, 22.91, 22.07, 9999.0, 9.66, 10.0, 21.73, 9999.0, 24.09, 9999.0, 117.68, 127.73, 120.25, 91.23, 138.5
2024-11-07, 07:39:46, 136.5, 58.27, 22.91, 22.07, 9999.0, 9.68, 10.0, 21.73, 9999.0, 24.07, 9999.0, 117.7, 127.73, 120.25, 91.23, 138.5
2024-11-07, 07:39:50, 136.5, 58.3, 22.91, 22.07, 9999.0, 9.7, 10.0, 21.75, 9999.0, 24.05, 9999.0, 117.73, 127.73, 120.25, 91.25, 138.5
2024-11-07, 07:39:54, 136.5, 58.3, 22.93, 22.07, 9999.0, 9.73, 10.0, 21.75, 9999.0, 24.05, 9999.0, 117.73, 127.73, 120.25, 91.25, 138.5
2024-11-07, 07:39:58, 136.5, 58.3, 22.95, 22.07, 9999.0, 9.73, 10.0, 21.75, 9999.0, 24.05, 9999.0, 117.73, 127.73, 120.25, 91.25, 138.5
2024-11-07, 07:40:02, 136.5, 58.3, 22.95, 22.07, 9999.0, 9.73, 10.0, 21.75, 9999.0, 24.05, 9999.0, 117.75, 127.73, 120.25, 91.25, 138.5
2024-11-07, 07:40:06, 136.5, 58.32, 22.95, 22.09, 9999.0, 9.73, 10.0, 21.75, 9999.0, 24.07, 9999.0, 117.77, 127.73, 120.25, 91.23, 138.5
2024-11-07, 07:40:10, 136.5, 58.3, 22.98, 22.07, 9999.0, 9.73, 10.0, 21.75, 9999.0, 24.09, 9999.0, 117.8, 127.75, 120.25, 91.23, 138.5
2024-11-07, 07:40:14, 136.5, 58.3, 22.98, 22.07, 9999.0, 9.73, 10.0, 21.75, 9999.0, 24.11, 9999.0, 117.82, 127.75, 120.25, 91.23, 138.5
2024-11-07, 07:40:18, 136.5, 58.3, 22.98, 22.05, 9999.0, 9.7, 10.0, 21.75, 9999.0, 24.11, 9999.0, 117.82, 127.75, 120.25, 91.23, 138.5
2024-11-07, 07:40:22, 136.5, 58.3, 23.0, 22.02, 9999.0, 9.68, 10.0, 21.75, 9999.0, 24.14, 9999.0, 117.82, 127.75, 120.25, 91.23, 138.5
2024-11-07, 07:40:26, 136.5, 58.32, 23.0, 22.02, 9999.0, 9.66, 10.0, 21.75, 9999.0, 24.16, 9999.0, 117.82, 127.75, 120.25, 91.23, 138.5
2024-11-07, 07:40:30, 136.5, 58.34, 23.0, 22.02, 9999.0, 9.64, 10.0, 21.75, 9999.0, 24.18, 9999.0, 117.8, 127.75, 120.23, 91.23, 138.48
2024-11-07, 07:40:34, 136.5, 58.34, 23.0, 22.05, 9999.0, 9.61, 10.0, 21.75, 9999.0, 24.2, 9999.0, 117.77, 127.75, 120.23, 91.23, 138.48
2024-11-07, 07:40:38, 136.5, 58.34, 23.0, 22.05, 9999.0, 9.61, 9.98, 21.75, 9999.0, 24.23, 9999.0, 117.77, 127.75, 120.23, 91.23, 138.48
2024-11-07, 07:40:42, 136.5, 58.34, 22.98, 22.05, 9999.0, 9.64, 9.98, 21.73, 9999.0, 24.25, 9999.0, 117.75, 127.75, 120.23, 91.23, 138.48
2024-11-07, 07:40:46, 136.5, 58.36, 22.98, 22.05, 9999.0, 9.64, 9.98, 21.73, 9999.0, 24.25, 9999.0, 117.7, 127.75, 120.23, 91.23, 138.48
2024-11-07, 07:40:51, 136.5, 58.36, 22.98, 22.02, 9999.0, 9.66, 9.98, 21.73, 9999.0, 24.23, 9999.0, 117.68, 127.75, 120.23, 91.25, 138.48
2024-11-07, 07:40:55, 136.5, 58.39, 22.95, 22.02, 9999.0, 9.66, 9.98, 21.73, 9999.0, 24.23, 9999.0, 117.68, 127.75, 120.23, 91.23, 138.48
2024-11-07, 07:40:59, 136.5, 58.39, 22.93, 22.05, 9999.0, 9.66, 9.98, 21.73, 9999.0, 24.23, 9999.0, 117.68, 127.75, 120.23, 91.2, 138.48
2024-11-07, 07:41:03, 136.5, 58.39, 22.93, 22.05, 9999.0, 9.68, 9.98, 21.73, 9999.0, 24.23, 9999.0, 117.7, 127.75, 120.23, 91.18, 138.48
2024-11-07, 07:41:07, 136.5, 58.39, 22.91, 22.05, 9999.0, 9.7, 9.98, 21.73, 9999.0, 24.2, 9999.0, 117.73, 127.75, 120.23, 91.18, 138.48
2024-11-07, 07:41:11, 136.5, 58.39, 22.89, 22.07, 9999.0, 9.73, 9.98, 21.73, 9999.0, 24.2, 9999.0, 117.75, 127.75, 120.23, 91.16, 138.48
2024-11-07, 07:41:15, 136.5, 58.39, 22.89, 22.09, 9999.0, 9.75, 9.98, 21.73, 9999.0, 24.2, 9999.0, 117.77, 127.75, 120.25, 91.16, 138.5
2024-11-07, 07:41:19, 136.5, 58.36, 22.89, 22.07, 9999.0, 9.77, 9.98, 21.7, 9999.0, 24.2, 9999.0, 117.8, 127.75, 120.25, 91.16, 138.5
2024-11-07, 07:41:23, 136.5, 58.36, 22.89, 22.09, 9999.0, 9.77, 10.0, 21.7, 9999.0, 24.2, 9999.0, 117.8, 127.75, 120.25, 91.16, 138.5
2024-11-07, 07:41:27, 136.5, 58.36, 22.91, 22.11, 9999.0, 9.77, 10.0, 21.73, 9999.0, 24.2, 9999.0, 117.82, 127.75, 120.25, 91.16, 138.5
2024-11-07, 07:41:31, 136.5, 58.34, 22.91, 22.11, 9999.0, 9.75, 10.0, 21.73, 9999.0, 24.2, 9999.0, 117.84, 127.75, 120.25, 91.16, 138.5
2024-11-07, 07:41:35, 136.5, 58.32, 22.89, 22.11, 9999.0, 9.7, 10.0, 21.73, 9999.0, 24.23, 9999.0, 117.86, 127.75, 120.25, 91.16, 138.5
2024-11-07, 07:41:39, 136.5, 58.32, 22.89, 22.14, 9999.0, 9.68, 10.0, 21.73, 9999.0, 24.23, 9999.0, 117.86, 127.75, 120.25, 91.18, 138.5
2024-11-07, 07:41:43, 136.5, 58.34, 22.89, 22.14, 9999.0, 9.66, 10.0, 21.73, 9999.0, 24.23, 9999.0, 117.86, 127.75, 120.25, 91.2, 138.5
2024-11-07, 07:41:47, 136.5, 58.34, 22.89, 22.14, 9999.0, 9.64, 10.0, 21.73, 9999.0, 24.23, 9999.0, 117.84, 127.75, 120.25, 91.2, 138.5
2024-11-07, 07:41:51, 136.5, 58.34, 22.91, 22.16, 9999.0, 9.61, 10.0, 21.73, 9999.0, 24.25, 9999.0, 117.82, 127.75, 120.25, 91.2, 138.5
2024-11-07, 07:41:55, 136.5, 58.34, 22.91, 22.14, 9999.0, 9.61, 10.0, 21.7, 9999.0, 24.25, 9999.0, 117.77, 127.75, 120.25, 91.23, 138.5
2024-11-07, 07:41:59, 136.5, 58.34, 22.91, 22.11, 9999.0, 9.61, 10.0, 21.68, 9999.0, 24.23, 9999.0, 117.73, 127.75, 120.25, 91.23, 138.5
2024-11-07, 07:42:03, 136.5, 58.34, 22.91, 22.11, 9999.0, 9.61, 10.0, 21.7, 9999.0, 24.2, 9999.0, 117.68, 127.75, 120.25, 91.23, 138.48
2024-11-07, 07:42:07, 136.5, 58.36, 22.89, 22.09, 9999.0, 9.64, 10.0, 21.7, 9999.0, 24.18, 9999.0, 117.66, 127.75, 120.25, 91.23, 138.48
2024-11-07, 07:42:11, 136.5, 58.36, 22.86, 22.07, 9999.0, 9.64, 10.0, 21.7, 9999.0, 24.16, 9999.0, 117.66, 127.75, 120.25, 91.23, 138.48
2024-11-07, 07:42:15, 136.5, 58.36, 22.86, 22.07, 9999.0, 9.66, 10.0, 21.7, 9999.0, 24.14, 9999.0, 117.66, 127.75, 120.25, 91.23, 138.48
2024-11-07, 07:42:19, 136.5, 58.36, 22.89, 22.07, 9999.0, 9.68, 10.0, 21.7, 9999.0, 24.11, 9999.0, 117.66, 127.75, 120.25, 91.23, 138.48
2024-11-07, 07:42:24, 136.5, 58.36, 22.91, 22.05, 9999.0, 9.7, 10.0, 21.7, 9999.0, 24.09, 9999.0, 117.68, 127.75, 120.25, 91.23, 138.48
2024-11-07, 07:42:28, 136.5, 58.36, 22.93, 22.02, 9999.0, 9.73, 10.0, 21.7, 9999.0, 24.07, 9999.0, 117.7, 127.75, 120.25, 91.23, 138.48
2024-11-07, 07:42:32, 136.5, 58.39, 22.93, 22.02, 9999.0, 9.75, 10.0, 21.7, 9999.0, 24.05, 9999.0, 117.7, 127.75, 120.25, 91.25, 138.48
2024-11-07, 07:42:36, 136.5, 58.39, 22.93, 22.0, 9999.0, 9.77, 10.0, 21.68, 9999.0, 24.02, 9999.0, 117.73, 127.75, 120.25, 91.25, 138.48
2024-11-07, 07:42:40, 136.5, 58.36, 22.93, 22.0, 9999.0, 9.77, 10.0, 21.7, 9999.0, 24.02, 9999.0, 117.75, 127.75, 120.25, 91.25, 138.48
2024-11-07, 07:42:44, 136.5, 58.34, 22.91, 22.0, 9999.0, 9.77, 10.0, 21.73, 9999.0, 24.05, 9999.0, 117.77, 127.75, 120.25, 91.25, 138.48
2024-11-07, 07:42:48, 136.5, 58.34, 22.89, 22.0, 9999.0, 9.75, 10.0, 21.73, 9999.0, 24.07, 9999.0, 117.8, 127.75, 120.25, 91.25, 138.5
2024-11-07, 07:42:52, 136.5, 58.32, 22.91, 22.0, 9999.0, 9.7, 10.0, 21.73, 9999.0, 24.09, 9999.0, 117.82, 127.75, 120.25, 91.25, 138.5
2024-11-07, 07:42:56, 136.5, 58.32, 22.93, 22.0, 9999.0, 9.68, 10.0, 21.73, 9999.0, 24.11, 9999.0, 117.82, 127.75, 120.25, 91.25, 138.5
2024-11-07, 07:43:00, 136.5, 58.32, 22.93, 22.0, 9999.0, 9.66, 10.0, 21.7, 9999.0, 24.11, 9999.0, 117.82, 127.75, 120.25, 91.25, 138.5
2024-11-07, 07:43:04, 136.5, 58.32, 22.91, 22.0, 9999.0, 9.64, 10.0, 21.7, 9999.0, 24.11, 9999.0, 117.8, 127.75, 120.25, 91.25, 138.5
2024-11-07, 07:43:08, 136.5, 58.3, 22.89, 22.0, 9999.0, 9.61, 10.0, 21.7, 9999.0, 24.11, 9999.0, 117.77, 127.75, 120.25, 91.25, 138.48
2024-11-07, 07:43:12, 136.5, 58.27, 22.86, 22.0, 9999.0, 9.59, 10.0, 21.68, 9999.0, 24.11, 9999.0, 117.73, 127.75, 120.25, 91.25, 138.48
2024-11-07, 07:43:16, 136.5, 58.25, 22.86, 22.0, 9999.0, 9.59, 10.0, 21.68, 9999.0, 24.11, 9999.0, 117.7, 127.75, 120.25, 91.25, 138.48
2024-11-07, 07:43:20, 136.5, 58.25, 22.84, 22.0, 9999.0, 9.59, 10.0, 21.7, 9999.0, 24.11, 9999.0, 117.66, 127.75, 120.25, 91.25, 138.48
2024-11-07, 07:43:24, 136.5, 58.25, 22.84, 22.0, 9999.0, 9.59, 10.0, 21.7, 9999.0, 24.09, 9999.0, 117.64, 127.75, 120.25, 91.25, 138.45
2024-11-07, 07:43:28, 136.5, 58.25, 22.84, 22.0, 9999.0, 9.61, 10.0, 21.7, 9999.0, 24.07, 9999.0, 117.61, 127.75, 120.25, 91.23, 138.45
2024-11-07, 07:43:32, 136.5, 58.27, 22.86, 22.0, 9999.0, 9.66, 10.0, 21.7, 9999.0, 24.05, 9999.0, 117.61, 127.75, 120.25, 91.23, 138.45
2024-11-07, 07:43:36, 136.5, 58.27, 22.84, 22.0, 9999.0, 9.68, 10.0, 21.7, 9999.0, 24.02, 9999.0, 117.61, 127.75, 120.25, 91.23, 138.45
2024-11-07, 07:43:40, 136.5, 58.27, 22.82, 22.0, 9999.0, 9.7, 10.0, 21.7, 9999.0, 24.0, 9999.0, 117.61, 127.75, 120.25, 91.23, 138.43
2024-11-07, 07:43:44, 136.5, 58.27, 22.82, 22.0, 9999.0, 9.73, 10.0, 21.73, 9999.0, 23.98, 9999.0, 117.64, 127.75, 120.25, 91.23, 138.43
2024-11-07, 07:43:48, 136.5, 58.27, 22.82, 22.02, 9999.0, 9.75, 10.0, 21.73, 9999.0, 23.95, 9999.0, 117.68, 127.75, 120.25, 91.23, 138.43
2024-11-07, 07:43:52, 136.5, 58.27, 22.84, 22.02, 9999.0, 9.77, 10.0, 21.73, 9999.0, 23.95, 9999.0, 117.7, 127.75, 120.25, 91.23, 138.45
2024-11-07, 07:43:56, 136.5, 58.27, 22.86, 22.05, 9999.0, 9.8, 10.0, 21.75, 9999.0, 23.95, 9999.0, 117.75, 127.75, 120.25, 91.2, 138.45
2024-11-07, 07:44:00, 136.5, 58.27, 22.86, 22.07, 9999.0, 9.77, 10.0, 21.75, 9999.0, 23.95, 9999.0, 117.77, 127.75, 120.25, 91.2, 138.45
2024-11-07, 07:44:04, 136.5, 58.27, 22.86, 22.07, 9999.0, 9.75, 10.0, 21.75, 9999.0, 23.98, 9999.0, 117.8, 127.75, 120.25, 91.2, 138.45
2024-11-07, 07:44:08, 136.5, 58.27, 22.89, 22.07, 9999.0, 9.73, 10.0, 21.75, 9999.0, 24.0, 9999.0, 117.82, 127.75, 120.25, 91.2, 138.48
2024-11-07, 07:44:12, 136.5, 58.27, 22.89, 22.07, 9999.0, 9.68, 10.0, 21.75, 9999.0, 24.0, 9999.0, 117.84, 127.75, 120.25, 91.23, 138.48
2024-11-07, 07:44:16, 136.5, 58.27, 22.86, 22.09, 9999.0, 9.64, 10.0, 21.75, 9999.0, 24.0, 9999.0, 117.84, 127.75, 120.25, 91.23, 138.48
2024-11-07, 07:44:20, 136.5, 58.27, 22.86, 22.09, 9999.0, 9.61, 10.0, 21.75, 9999.0, 24.0, 9999.0, 117.84, 127.75, 120.25, 91.23, 138.48
2024-11-07, 07:44:24, 136.5, 58.27, 22.86, 22.09, 9999.0, 9.59, 10.0, 21.75, 9999.0, 24.0, 9999.0, 117.84, 127.75, 120.25, 91.23, 138.5
2024-11-07, 07:44:28, 136.5, 58.27, 22.86, 22.09, 9999.0, 9.57, 10.0, 21.75, 9999.0, 24.0, 9999.0, 117.82, 127.75, 120.25, 91.23, 138.5
2024-11-07, 07:44:32, 136.5, 58.27, 22.89, 22.07, 9999.0, 9.55, 10.0, 21.75, 9999.0, 24.02, 9999.0, 117.8, 127.75, 120.25, 91.23, 138.5
2024-11-07, 07:44:36, 136.5, 58.27, 22.89, 22.07, 9999.0, 9.55, 10.0, 21.75, 9999.0, 24.0, 9999.0, 117.75, 127.75, 120.25, 91.23, 138.5
2024-11-07, 07:44:40, 136.5, 58.27, 22.86, 22.05, 9999.0, 9.55, 10.0, 21.73, 9999.0, 24.0, 9999.0, 117.7, 127.75, 120.25, 91.25, 138.5
2024-11-07, 07:44:44, 136.5, 58.27, 22.86, 22.02, 9999.0, 9.57, 10.0, 21.73, 9999.0, 24.0, 9999.0, 117.68, 127.75, 120.25, 91.23, 138.5
2024-11-07, 07:44:48, 136.5, 58.27, 22.86, 22.02, 9999.0, 9.59, 10.0, 21.73, 9999.0, 23.95, 9999.0, 117.66, 127.75, 120.25, 91.2, 138.5
2024-11-07, 07:44:52, 136.5, 58.27, 22.86, 22.02, 9999.0, 9.61, 10.0, 21.73, 9999.0, 23.91, 9999.0, 117.66, 127.75, 120.25, 91.18, 138.5
2024-11-07, 07:44:56, 136.5, 58.27, 22.89, 22.02, 9999.0, 9.64, 10.0, 21.73, 9999.0, 23.89, 9999.0, 117.66, 127.75, 120.25, 91.18, 138.5
2024-11-07, 07:45:00, 136.5, 58.25, 22.91, 22.0, 9999.0, 9.66, 10.0, 21.73, 9999.0, 23.86, 9999.0, 117.66, 127.75, 120.25, 91.18, 138.5
2024-11-07, 07:45:04, 136.5, 58.25, 22.91, 22.0, 9999.0, 9.68, 10.0, 21.73, 9999.0, 23.84, 9999.0, 117.68, 127.75, 120.25, 91.18, 138.5
2024-11-07, 07:45:08, 136.5, 58.25, 22.91, 22.0, 9999.0, 9.7, 10.0, 21.73, 9999.0, 23.82, 9999.0, 117.7, 127.75, 120.25, 91.18, 138.5
2024-11-07, 07:45:12, 136.5, 58.25, 22.89, 22.0, 9999.0, 9.73, 10.0, 21.73, 9999.0, 23.82, 9999.0, 117.73, 127.75, 120.25, 91.18, 138.48
2024-11-07, 07:45:16, 136.5, 58.25, 22.86, 22.0, 9999.0, 9.75, 10.0, 21.73, 9999.0, 23.8, 9999.0, 117.73, 127.75, 120.25, 91.18, 138.48
2024-11-07, 07:45:20, 136.5, 58.25, 22.86, 22.0, 9999.0, 9.75, 10.0, 21.73, 9999.0, 23.82, 9999.0, 117.75, 127.75, 120.25, 91.18, 138.48
2024-11-07, 07:45:24, 136.5, 58.25, 22.86, 22.0, 9999.0, 9.73, 10.0, 21.75, 9999.0, 23.82, 9999.0, 117.77, 127.75, 120.25, 91.18, 138.48
2024-11-07, 07:45:28, 136.5, 58.25, 22.84, 22.0, 9999.0, 9.73, 10.0, 21.75, 9999.0, 23.82, 9999.0, 117.8, 127.75, 120.25, 91.2, 138.48
2024-11-07, 07:45:32, 136.5, 58.25, 22.84, 22.0, 9999.0, 9.7, 10.0, 21.75, 9999.0, 23.84, 9999.0, 117.82, 127.75, 120.25, 91.23, 138.48
2024-11-07, 07:45:36, 136.5, 58.25, 22.84, 22.0, 9999.0, 9.68, 10.0, 21.75, 9999.0, 23.86, 9999.0, 117.82, 127.75, 120.25, 91.25, 138.48
2024-11-07, 07:45:40, 136.5, 58.25, 22.82, 22.0, 9999.0, 9.66, 10.0, 21.75, 9999.0, 23.86, 9999.0, 117.82, 127.75, 120.25, 91.25, 138.48
2024-11-07, 07:45:44, 136.5, 58.25, 22.8, 22.0, 9999.0, 9.64, 10.0, 21.75, 9999.0, 23.89, 9999.0, 117.82, 127.75, 120.25, 91.23, 138.48
2024-11-07, 07:45:48, 136.5, 58.25, 22.8, 22.02, 9999.0, 9.61, 10.0, 21.75, 9999.0, 23.91, 9999.0, 117.8, 127.75, 120.25, 91.2, 138.48
2024-11-07, 07:45:52, 136.5, 58.25, 22.8, 22.02, 9999.0, 9.59, 10.0, 21.75, 9999.0, 23.91, 9999.0, 117.75, 127.75, 120.25, 91.18, 138.48
2024-11-07, 07:45:56, 136.5, 58.25, 22.8, 22.02, 9999.0, 9.59, 10.0, 21.75, 9999.0, 23.91, 9999.0, 117.7, 127.75, 120.25, 91.18, 138.5
2024-11-07, 07:46:00, 136.5, 58.25, 22.82, 22.02, 9999.0, 9.59, 10.0, 21.75, 9999.0, 23.93, 9999.0, 117.68, 127.75, 120.23, 91.16, 138.5
2024-11-07, 07:46:04, 136.5, 58.25, 22.82, 22.02, 9999.0, 9.61, 10.0, 21.75, 9999.0, 23.93, 9999.0, 117.66, 127.75, 120.23, 91.14, 138.5
2024-11-07, 07:46:08, 136.5, 58.25, 22.84, 22.02, 9999.0, 9.66, 10.0, 21.75, 9999.0, 23.93, 9999.0, 117.64, 127.75, 120.23, 91.14, 138.5
2024-11-07, 07:46:13, 136.5, 58.25, 22.86, 22.02, 9999.0, 9.66, 10.0, 21.75, 9999.0, 23.93, 9999.0, 117.64, 127.75, 120.23, 91.11, 138.5
2024-11-07, 07:46:17, 136.5, 58.25, 22.86, 22.02, 9999.0, 9.68, 10.0, 21.75, 9999.0, 23.93, 9999.0, 117.64, 127.75, 120.23, 91.11, 138.5
2024-11-07, 07:46:21, 136.5, 58.25, 22.84, 22.02, 9999.0, 9.7, 10.0, 21.75, 9999.0, 23.93, 9999.0, 117.66, 127.75, 120.23, 91.11, 138.5
2024-11-07, 07:46:25, 136.5, 58.25, 22.84, 22.02, 9999.0, 9.73, 10.0, 21.75, 9999.0, 23.95, 9999.0, 117.68, 127.75, 120.23, 91.11, 138.5
2024-11-07, 07:46:29, 136.5, 58.25, 22.86, 22.02, 9999.0, 9.75, 10.0, 21.75, 9999.0, 23.93, 9999.0, 117.7, 127.75, 120.23, 91.14, 138.5
2024-11-07, 07:46:33, 136.5, 58.25, 22.89, 22.0, 9999.0, 9.77, 10.0, 21.75, 9999.0, 23.93, 9999.0, 117.73, 127.75, 120.23, 91.16, 138.5
2024-11-07, 07:46:37, 136.5, 58.25, 22.89, 22.0, 9999.0, 9.8, 10.0, 21.75, 9999.0, 23.95, 9999.0, 117.75, 127.75, 120.23, 91.18, 138.5
2024-11-07, 07:46:41, 136.5, 58.25, 22.89, 22.0, 9999.0, 9.8, 10.0, 21.75, 9999.0, 23.98, 9999.0, 117.77, 127.75, 120.23, 91.18, 138.5
2024-11-07, 07:46:45, 136.5, 58.25, 22.89, 22.0, 9999.0, 9.8, 10.0, 21.75, 9999.0, 24.0, 9999.0, 117.8, 127.75, 120.25, 91.18, 138.5
2024-11-07, 07:46:49, 136.5, 58.25, 22.86, 22.0, 9999.0, 9.77, 10.0, 21.75, 9999.0, 24.0, 9999.0, 117.82, 127.75, 120.25, 91.2, 138.5
2024-11-07, 07:46:53, 136.5, 58.25, 22.84, 22.0, 9999.0, 9.73, 10.0, 21.75, 9999.0, 24.0, 9999.0, 117.84, 127.75, 120.25, 91.2, 138.5
2024-11-07, 07:46:57, 136.5, 58.25, 22.82, 22.0, 9999.0, 9.7, 10.0, 21.75, 9999.0, 24.0, 9999.0, 117.84, 127.75, 120.25, 91.23, 138.5
2024-11-07, 07:47:01, 136.5, 58.25, 22.84, 22.0, 9999.0, 9.68, 10.0, 21.75, 9999.0, 24.0, 9999.0, 117.84, 127.75, 120.25, 91.23, 138.5
2024-11-07, 07:47:05, 136.5, 58.25, 22.86, 22.0, 9999.0, 9.66, 10.0, 21.75, 9999.0, 24.0, 9999.0, 117.82, 127.75, 120.25, 91.2, 138.5
2024-11-07, 07:47:09, 136.5, 58.25, 22.86, 22.0, 9999.0, 9.64, 10.0, 21.75, 9999.0, 24.0, 9999.0, 117.77, 127.75, 120.25, 91.2, 138.5
2024-11-07, 07:47:13, 136.5, 58.25, 22.84, 22.02, 9999.0, 9.64, 10.0, 21.75, 9999.0, 24.02, 9999.0, 117.73, 127.75, 120.25, 91.2, 138.5
2024-11-07, 07:47:17, 136.5, 58.25, 22.82, 22.02, 9999.0, 9.64, 10.0, 21.75, 9999.0, 24.02, 9999.0, 117.68, 127.75, 120.25, 91.2, 138.5
2024-11-07, 07:47:21, 136.5, 58.25, 22.82, 22.02, 9999.0, 9.64, 10.0, 21.75, 9999.0, 24.02, 9999.0, 117.66, 127.75, 120.25, 91.18, 138.5
2024-11-07, 07:47:25, 136.5, 58.25, 22.82, 22.02, 9999.0, 9.66, 10.0, 21.75, 9999.0, 24.02, 9999.0, 117.64, 127.75, 120.25, 91.16, 138.5
2024-11-07, 07:47:29, 136.5, 58.25, 22.8, 22.02, 9999.0, 9.66, 10.0, 21.75, 9999.0, 24.0, 9999.0, 117.66, 127.75, 120.25, 91.18, 138.5
2024-11-07, 07:47:33, 136.5, 58.25, 22.8, 22.02, 9999.0, 9.66, 10.0, 21.75, 9999.0, 24.0, 9999.0, 117.66, 127.75, 120.25, 91.18, 138.5
2024-11-07, 07:47:37, 136.5, 58.25, 22.82, 22.02, 9999.0, 9.68, 10.0, 21.75, 9999.0, 24.0, 9999.0, 117.66, 127.75, 120.25, 91.18, 138.5
2024-11-07, 07:47:41, 136.5, 58.25, 22.84, 22.02, 9999.0, 9.7, 10.0, 21.75, 9999.0, 23.98, 9999.0, 117.68, 127.75, 120.25, 91.18, 138.5
2024-11-07, 07:47:45, 136.5, 58.25, 22.82, 22.02, 9999.0, 9.73, 10.0, 21.75, 9999.0, 23.95, 9999.0, 117.7, 127.75, 120.25, 91.18, 138.5
2024-11-07, 07:47:49, 136.5, 58.25, 22.8, 22.02, 9999.0, 9.75, 10.0, 21.75, 9999.0, 23.95, 9999.0, 117.7, 127.75, 120.25, 91.2, 138.5
2024-11-07, 07:47:53, 136.5, 58.25, 22.8, 22.02, 9999.0, 9.77, 10.0, 21.75, 9999.0, 23.95, 9999.0, 117.73, 127.75, 120.25, 91.2, 138.5
2024-11-07, 07:47:57, 136.5, 58.27, 22.8, 22.0, 9999.0, 9.77, 10.0, 21.75, 9999.0, 23.95, 9999.0, 117.75, 127.75, 120.25, 91.2, 138.5
2024-11-07, 07:48:01, 136.5, 58.3, 22.8, 22.0, 9999.0, 9.77, 10.0, 21.75, 9999.0, 23.98, 9999.0, 117.77, 127.75, 120.25, 91.2, 138.5
2024-11-07, 07:48:05, 136.5, 58.3, 22.82, 22.0, 9999.0, 9.77, 10.0, 21.75, 9999.0, 24.0, 9999.0, 117.8, 127.75, 120.25, 91.23, 138.5
2024-11-07, 07:48:09, 136.5, 58.3, 22.84, 22.0, 9999.0, 9.73, 10.0, 21.75, 9999.0, 24.02, 9999.0, 117.82, 127.75, 120.25, 91.25, 138.5
2024-11-07, 07:48:13, 136.5, 58.3, 22.86, 22.0, 9999.0, 9.7, 10.0, 21.75, 9999.0, 24.05, 9999.0, 117.8, 127.75, 120.25, 91.25, 138.5
2024-11-07, 07:48:17, 136.5, 58.3, 22.86, 22.02, 9999.0, 9.68, 10.0, 21.75, 9999.0, 24.07, 9999.0, 117.8, 127.75, 120.25, 91.23, 138.5
2024-11-07, 07:48:21, 136.5, 58.3, 22.84, 22.02, 9999.0, 9.66, 10.0, 21.75, 9999.0, 24.07, 9999.0, 117.8, 127.75, 120.25, 91.23, 138.5
2024-11-07, 07:48:25, 136.5, 58.3, 22.84, 22.02, 9999.0, 9.64, 10.0, 21.75, 9999.0, 24.09, 9999.0, 117.77, 127.75, 120.25, 91.23, 138.5
2024-11-07, 07:48:29, 136.5, 58.3, 22.86, 22.02, 9999.0, 9.61, 10.0, 21.75, 9999.0, 24.11, 9999.0, 117.73, 127.75, 120.25, 91.23, 138.5
2024-11-07, 07:48:33, 136.5, 58.3, 22.89, 22.02, 9999.0, 9.61, 10.0, 21.75, 9999.0, 24.11, 9999.0, 117.7, 127.75, 120.25, 91.23, 138.5
2024-11-07, 07:48:37, 136.5, 58.3, 22.89, 22.02, 9999.0, 9.61, 10.0, 21.75, 9999.0, 24.11, 9999.0, 117.7, 127.75, 120.25, 91.23, 138.5
2024-11-07, 07:48:41, 136.5, 58.3, 22.89, 22.02, 9999.0, 9.61, 10.0, 21.75, 9999.0, 24.11, 9999.0, 117.68, 127.75, 120.25, 91.23, 138.5
2024-11-07, 07:48:45, 136.5, 58.27, 22.89, 22.02, 9999.0, 9.61, 10.0, 21.75, 9999.0, 24.09, 9999.0, 117.66, 127.75, 120.25, 91.23, 138.5
2024-11-07, 07:48:49, 136.5, 58.3, 22.86, 22.02, 9999.0, 9.64, 10.0, 21.75, 9999.0, 24.07, 9999.0, 117.66, 127.75, 120.25, 91.23, 138.5
2024-11-07, 07:48:53, 136.5, 58.3, 22.84, 22.02, 9999.0, 9.66, 10.0, 21.75, 9999.0, 24.05, 9999.0, 117.66, 127.75, 120.25, 91.23, 138.5
2024-11-07, 07:48:57, 136.5, 58.32, 22.84, 22.02, 9999.0, 9.68, 10.0, 21.75, 9999.0, 24.0, 9999.0, 117.66, 127.75, 120.25, 91.23, 138.5
2024-11-07, 07:49:01, 136.5, 58.32, 22.84, 22.0, 9999.0, 9.7, 10.0, 21.75, 9999.0, 23.95, 9999.0, 117.68, 127.75, 120.25, 91.25, 138.5
2024-11-07, 07:49:05, 136.5, 58.32, 22.84, 22.0, 9999.0, 9.73, 10.0, 21.75, 9999.0, 23.93, 9999.0, 117.7, 127.75, 120.25, 91.25, 138.5
2024-11-07, 07:49:09, 136.5, 58.34, 22.82, 22.0, 9999.0, 9.75, 10.0, 21.75, 9999.0, 23.93, 9999.0, 117.7, 127.75, 120.25, 91.25, 138.5
2024-11-07, 07:49:13, 136.5, 58.34, 22.8, 22.0, 9999.0, 9.77, 10.0, 21.75, 9999.0, 23.93, 9999.0, 117.73, 127.75, 120.25, 91.25, 138.5
2024-11-07, 07:49:17, 136.5, 58.34, 22.77, 22.0, 9999.0, 9.77, 10.0, 21.75, 9999.0, 23.91, 9999.0, 117.75, 127.75, 120.25, 91.25, 138.5
2024-11-07, 07:49:21, 136.5, 58.36, 22.77, 22.0, 9999.0, 9.77, 10.0, 21.75, 9999.0, 23.91, 9999.0, 117.75, 127.75, 120.25, 91.25, 138.5
2024-11-07, 07:49:25, 136.5, 58.34, 22.77, 22.0, 9999.0, 9.75, 10.0, 21.75, 9999.0, 23.91, 9999.0, 117.77, 127.75, 120.25, 91.25, 138.5
2024-11-07, 07:49:29, 136.5, 58.36, 22.8, 22.0, 9999.0, 9.75, 10.0, 21.73, 9999.0, 23.91, 9999.0, 117.8, 127.75, 120.25, 91.25, 138.5
2024-11-07, 07:49:33, 136.5, 58.34, 22.8, 22.0, 9999.0, 9.7, 10.0, 21.73, 9999.0, 23.91, 9999.0, 117.8, 127.75, 120.25, 91.25, 138.5
2024-11-07, 07:49:37, 136.5, 58.34, 22.8, 22.0, 9999.0, 9.68, 10.0, 21.73, 9999.0, 23.91, 9999.0, 117.8, 127.75, 120.25, 91.25, 138.5
2024-11-07, 07:49:41, 136.5, 58.32, 22.8, 22.0, 9999.0, 9.66, 10.0, 21.73, 9999.0, 23.91, 9999.0, 117.8, 127.75, 120.25, 91.25, 138.5
2024-11-07, 07:49:45, 136.5, 58.32, 22.82, 22.0, 9999.0, 9.64, 10.0, 21.73, 9999.0, 23.93, 9999.0, 117.77, 127.75, 120.25, 91.25, 138.5
2024-11-07, 07:49:49, 136.5, 58.32, 22.84, 22.0, 9999.0, 9.61, 10.0, 21.73, 9999.0, 23.93, 9999.0, 117.75, 127.75, 120.25, 91.25, 138.5
2024-11-07, 07:49:53, 136.5, 58.3, 22.86, 22.0, 9999.0, 9.61, 10.0, 21.73, 9999.0, 23.93, 9999.0, 117.75, 127.75, 120.25, 91.25, 138.5
2024-11-07, 07:49:58, 136.5, 58.3, 22.86, 22.0, 9999.0, 9.61, 10.0, 21.73, 9999.0, 23.93, 9999.0, 117.73, 127.75, 120.25, 91.25, 138.5
2024-11-07, 07:50:02, 136.5, 58.3, 22.89, 22.0, 9999.0, 9.61, 10.0, 21.73, 9999.0, 23.93, 9999.0, 117.7, 127.75, 120.25, 91.25, 138.5
2024-11-07, 07:50:06, 136.5, 58.27, 22.89, 22.0, 9999.0, 9.64, 10.0, 21.73, 9999.0, 23.91, 9999.0, 117.68, 127.75, 120.25, 91.23, 138.5
2024-11-07, 07:50:10, 136.5, 58.27, 22.89, 22.0, 9999.0, 9.66, 10.0, 21.73, 9999.0, 23.89, 9999.0, 117.68, 127.75, 120.25, 91.23, 138.5
2024-11-07, 07:50:14, 136.5, 58.25, 22.89, 22.0, 9999.0, 9.66, 10.0, 21.75, 9999.0, 23.86, 9999.0, 117.68, 127.75, 120.25, 91.2, 138.5
2024-11-07, 07:50:18, 136.5, 58.25, 22.89, 22.0, 9999.0, 9.68, 10.0, 21.75, 9999.0, 23.84, 9999.0, 117.68, 127.75, 120.25, 91.18, 138.5
2024-11-07, 07:50:22, 136.5, 58.25, 22.89, 22.0, 9999.0, 9.7, 10.0, 21.75, 9999.0, 23.82, 9999.0, 117.7, 127.75, 120.25, 91.16, 138.5
2024-11-07, 07:50:26, 136.5, 58.27, 22.86, 22.0, 9999.0, 9.73, 10.0, 21.75, 9999.0, 23.82, 9999.0, 117.73, 127.75, 120.25, 91.14, 138.5
2024-11-07, 07:50:30, 136.5, 58.3, 22.84, 22.0, 9999.0, 9.75, 10.0, 21.75, 9999.0, 23.82, 9999.0, 117.73, 127.75, 120.25, 91.11, 138.5
2024-11-07, 07:50:34, 136.5, 58.3, 22.84, 22.0, 9999.0, 9.77, 10.0, 21.75, 9999.0, 23.82, 9999.0, 117.73, 127.75, 120.25, 91.09, 138.5
2024-11-07, 07:50:38, 136.5, 58.3, 22.84, 22.0, 9999.0, 9.77, 10.0, 21.75, 9999.0, 23.8, 9999.0, 117.73, 127.75, 120.25, 91.07, 138.5
2024-11-07, 07:50:42, 136.5, 58.3, 22.84, 22.0, 9999.0, 9.77, 10.0, 21.75, 9999.0, 23.8, 9999.0, 117.75, 127.75, 120.25, 91.07, 138.5
2024-11-07, 07:50:46, 136.5, 58.3, 22.82, 22.0, 9999.0, 9.75, 10.0, 21.75, 9999.0, 23.82, 9999.0, 117.77, 127.75, 120.25, 91.07, 138.5
2024-11-07, 07:50:50, 136.5, 58.3, 22.84, 22.0, 9999.0, 9.73, 10.0, 21.75, 9999.0, 23.84, 9999.0, 117.8, 127.75, 120.25, 91.09, 138.5
2024-11-07, 07:50:54, 136.5, 58.3, 22.84, 22.0, 9999.0, 9.73, 10.0, 21.75, 9999.0, 23.86, 9999.0, 117.8, 127.75, 120.25, 91.09, 138.5
2024-11-07, 07:50:58, 136.5, 58.3, 22.82, 22.0, 9999.0, 9.7, 10.0, 21.75, 9999.0, 23.89, 9999.0, 117.8, 127.75, 120.25, 91.11, 138.5
2024-11-07, 07:51:02, 136.5, 58.3, 22.82, 22.0, 9999.0, 9.68, 10.0, 21.75, 9999.0, 23.91, 9999.0, 117.8, 127.75, 120.25, 91.14, 138.5
2024-11-07, 07:51:06, 136.5, 58.3, 22.82, 22.0, 9999.0, 9.66, 10.0, 21.75, 9999.0, 23.93, 9999.0, 117.77, 127.75, 120.25, 91.16, 138.5
2024-11-07, 07:51:10, 136.5, 58.3, 22.82, 22.0, 9999.0, 9.64, 10.0, 21.75, 9999.0, 23.95, 9999.0, 117.75, 127.75, 120.25, 91.16, 138.5
2024-11-07, 07:51:14, 136.5, 58.3, 22.82, 22.0, 9999.0, 9.64, 10.0, 21.75, 9999.0, 23.93, 9999.0, 117.73, 127.75, 120.25, 91.16, 138.5
2024-11-07, 07:51:18, 136.5, 58.3, 22.8, 22.0, 9999.0, 9.64, 10.0, 21.75, 9999.0, 23.93, 9999.0, 117.7, 127.75, 120.25, 91.18, 138.5
2024-11-07, 07:51:22, 136.5, 58.32, 22.77, 22.0, 9999.0, 9.66, 10.0, 21.75, 9999.0, 23.93, 9999.0, 117.68, 127.75, 120.25, 91.18, 138.5
2024-11-07, 07:51:26, 136.5, 58.32, 22.77, 22.0, 9999.0, 9.66, 10.0, 21.75, 9999.0, 23.93, 9999.0, 117.68, 127.75, 120.25, 91.18, 138.5
2024-11-07, 07:51:30, 136.5, 58.32, 22.8, 22.0, 9999.0, 9.68, 10.0, 21.75, 9999.0, 23.91, 9999.0, 117.68, 127.75, 120.25, 91.18, 138.5
2024-11-07, 07:51:34, 136.5, 58.32, 22.77, 22.0, 9999.0, 9.68, 10.0, 21.75, 9999.0, 23.89, 9999.0, 117.68, 127.75, 120.25, 91.18, 138.5
2024-11-07, 07:51:38, 136.5, 58.34, 22.77, 22.0, 9999.0, 9.68, 10.0, 21.75, 9999.0, 23.86, 9999.0, 117.68, 127.75, 120.25, 91.16, 138.5
2024-11-07, 07:51:42, 136.5, 58.34, 22.77, 22.0, 9999.0, 9.73, 10.0, 21.75, 9999.0, 23.86, 9999.0, 117.7, 127.75, 120.25, 91.16, 138.5
2024-11-07, 07:51:46, 136.5, 58.34, 22.77, 22.0, 9999.0, 9.75, 10.0, 21.75, 9999.0, 23.84, 9999.0, 117.7, 127.75, 120.25, 91.16, 138.5
2024-11-07, 07:51:50, 136.5, 58.36, 22.77, 22.02, 9999.0, 9.77, 10.0, 21.75, 9999.0, 23.84, 9999.0, 117.73, 127.75, 120.25, 91.16, 138.5
2024-11-07, 07:51:54, 136.5, 58.34, 22.8, 22.02, 9999.0, 9.8, 10.0, 21.75, 9999.0, 23.84, 9999.0, 117.75, 127.75, 120.25, 91.18, 138.5
2024-11-07, 07:51:58, 136.5, 58.34, 22.8, 22.02, 9999.0, 9.8, 10.0, 21.75, 9999.0, 23.84, 9999.0, 117.77, 127.75, 120.25, 91.2, 138.5
2024-11-07, 07:52:02, 136.5, 58.36, 22.82, 22.02, 9999.0, 9.77, 10.0, 21.75, 9999.0, 23.86, 9999.0, 117.8, 127.75, 120.25, 91.2, 138.5
2024-11-07, 07:52:06, 136.5, 58.34, 22.82, 22.02, 9999.0, 9.75, 10.0, 21.75, 9999.0, 23.89, 9999.0, 117.82, 127.75, 120.25, 91.23, 138.5
2024-11-07, 07:52:10, 136.5, 58.34, 22.82, 22.02, 9999.0, 9.73, 10.0, 21.75, 9999.0, 23.89, 9999.0, 117.82, 127.75, 120.25, 91.23, 138.5
2024-11-07, 07:52:14, 136.5, 58.34, 22.82, 22.02, 9999.0, 9.7, 10.0, 21.75, 9999.0, 23.91, 9999.0, 117.82, 127.75, 120.25, 91.23, 138.5
2024-11-07, 07:52:18, 136.5, 58.36, 22.84, 22.02, 9999.0, 9.68, 10.0, 21.75, 9999.0, 23.93, 9999.0, 117.82, 127.75, 120.25, 91.23, 138.5
2024-11-07, 07:52:22, 136.5, 58.34, 22.86, 22.02, 9999.0, 9.66, 10.0, 21.75, 9999.0, 23.95, 9999.0, 117.82, 127.75, 120.25, 91.25, 138.5
2024-11-07, 07:52:26, 136.5, 58.34, 22.89, 22.02, 9999.0, 9.61, 10.0, 21.73, 9999.0, 23.95, 9999.0, 117.8, 127.75, 120.25, 91.25, 138.5
2024-11-07, 07:52:30, 136.5, 58.36, 22.91, 22.02, 9999.0, 9.59, 10.0, 21.73, 9999.0, 23.95, 9999.0, 117.77, 127.75, 120.25, 91.25, 138.5
2024-11-07, 07:52:34, 136.5, 58.34, 22.93, 22.0, 9999.0, 9.59, 10.0, 21.73, 9999.0, 23.93, 9999.0, 117.73, 127.75, 120.25, 91.25, 138.5
2024-11-07, 07:52:38, 136.5, 58.34, 22.91, 22.0, 9999.0, 9.59, 10.0, 21.7, 9999.0, 23.91, 9999.0, 117.68, 127.75, 120.25, 91.25, 138.5
2024-11-07, 07:52:42, 136.5, 58.32, 22.91, 22.0, 9999.0, 9.59, 10.0, 21.7, 9999.0, 23.91, 9999.0, 117.66, 127.75, 120.25, 91.25, 138.5
2024-11-07, 07:52:46, 136.5, 58.32, 22.91, 22.0, 9999.0, 9.64, 10.0, 21.7, 9999.0, 23.89, 9999.0, 117.64, 127.75, 120.25, 91.25, 138.5
2024-11-07, 07:52:50, 136.5, 58.32, 22.93, 22.0, 9999.0, 9.66, 10.0, 21.7, 9999.0, 23.86, 9999.0, 117.64, 127.75, 120.25, 91.25, 138.5
2024-11-07, 07:52:54, 136.5, 58.32, 22.95, 22.0, 9999.0, 9.68, 10.02, 21.7, 9999.0, 23.84, 9999.0, 117.64, 127.75, 120.25, 91.25, 138.5
2024-11-07, 07:52:58, 136.5, 58.32, 22.95, 22.0, 9999.0, 9.73, 10.02, 21.7, 9999.0, 23.8, 9999.0, 117.64, 127.75, 120.25, 91.25, 138.5
2024-11-07, 07:53:02, 136.5, 58.3, 22.95, 22.0, 9999.0, 9.75, 10.02, 21.7, 9999.0, 23.75, 9999.0, 117.66, 127.75, 120.25, 91.25, 138.5
2024-11-07, 07:53:06, 136.5, 58.3, 22.95, 22.0, 9999.0, 9.77, 10.02, 21.7, 9999.0, 23.7, 9999.0, 117.68, 127.75, 120.25, 91.25, 138.5
2024-11-07, 07:53:10, 136.5, 58.3, 22.95, 22.0, 9999.0, 9.8, 10.02, 21.73, 9999.0, 23.68, 9999.0, 117.7, 127.75, 120.25, 91.25, 138.5
2024-11-07, 07:53:14, 136.5, 58.27, 22.95, 22.0, 9999.0, 9.82, 10.02, 21.73, 9999.0, 23.68, 9999.0, 117.73, 127.75, 120.25, 91.25, 138.5
2024-11-07, 07:53:18, 136.5, 58.27, 22.93, 22.0, 9999.0, 9.82, 10.05, 21.73, 9999.0, 23.68, 9999.0, 117.75, 127.75, 120.25, 91.25, 138.5
2024-11-07, 07:53:22, 136.5, 58.27, 22.93, 22.0, 9999.0, 9.82, 10.05, 21.75, 9999.0, 23.7, 9999.0, 117.77, 127.75, 120.25, 91.25, 138.5
2024-11-07, 07:53:26, 136.5, 58.27, 22.95, 22.0, 9999.0, 9.82, 10.05, 21.75, 9999.0, 23.73, 9999.0, 117.8, 127.75, 120.25, 91.25, 138.5
2024-11-07, 07:53:30, 136.5, 58.25, 22.93, 22.0, 9999.0, 9.8, 10.05, 21.75, 9999.0, 23.73, 9999.0, 117.82, 127.75, 120.25, 91.25, 138.5
2024-11-07, 07:53:34, 136.5, 58.25, 22.93, 22.0, 9999.0, 9.77, 10.05, 21.75, 9999.0, 23.73, 9999.0, 117.82, 127.75, 120.25, 91.25, 138.5
2024-11-07, 07:53:38, 136.5, 58.25, 22.91, 22.0, 9999.0, 9.75, 10.02, 21.75, 9999.0, 23.73, 9999.0, 117.82, 127.75, 120.25, 91.25, 138.5
2024-11-07, 07:53:42, 136.5, 58.25, 22.89, 22.0, 9999.0, 9.7, 10.02, 21.75, 9999.0, 23.75, 9999.0, 117.82, 127.75, 120.25, 91.25, 138.5
2024-11-07, 07:53:47, 136.5, 58.25, 22.89, 22.0, 9999.0, 9.68, 10.02, 21.75, 9999.0, 23.77, 9999.0, 117.8, 127.75, 120.25, 91.25, 138.5
2024-11-07, 07:53:51, 136.5, 58.25, 22.89, 22.0, 9999.0, 9.66, 10.02, 21.75, 9999.0, 23.8, 9999.0, 117.77, 127.75, 120.25, 91.25, 138.5
2024-11-07, 07:53:55, 136.5, 58.25, 22.89, 22.0, 9999.0, 9.66, 10.02, 21.75, 9999.0, 23.8, 9999.0, 117.75, 127.75, 120.25, 91.25, 138.5
2024-11-07, 07:53:59, 136.5, 58.25, 22.89, 22.0, 9999.0, 9.66, 10.02, 21.75, 9999.0, 23.77, 9999.0, 117.73, 127.75, 120.25, 91.25, 138.5
2024-11-07, 07:54:03, 136.5, 58.25, 22.91, 22.0, 9999.0, 9.68, 10.0, 21.75, 9999.0, 23.77, 9999.0, 117.7, 127.75, 120.25, 91.25, 138.5
2024-11-07, 07:54:07, 136.5, 58.25, 22.93, 22.0, 9999.0, 9.7, 10.0, 21.75, 9999.0, 23.73, 9999.0, 117.68, 127.75, 120.25, 91.25, 138.5
2024-11-07, 07:54:11, 136.5, 58.25, 22.93, 22.0, 9999.0, 9.73, 10.0, 21.75, 9999.0, 23.68, 9999.0, 117.68, 127.75, 120.25, 91.25, 138.5
2024-11-07, 07:54:15, 136.5, 58.25, 22.95, 22.0, 9999.0, 9.73, 10.0, 21.75, 9999.0, 23.66, 9999.0, 117.68, 127.75, 120.25, 91.25, 138.5
2024-11-07, 07:54:19, 136.5, 58.25, 22.95, 22.0, 9999.0, 9.73, 10.0, 21.75, 9999.0, 23.64, 9999.0, 117.7, 127.75, 120.25, 91.25, 138.5
2024-11-07, 07:54:23, 136.5, 58.25, 22.98, 22.0, 9999.0, 9.75, 10.0, 21.75, 9999.0, 23.61, 9999.0, 117.73, 127.75, 120.25, 91.25, 138.5
2024-11-07, 07:54:27, 136.5, 58.25, 23.0, 22.0, 9999.0, 9.77, 10.0, 21.75, 9999.0, 23.59, 9999.0, 117.75, 127.75, 120.25, 91.25, 138.5
2024-11-07, 07:54:31, 136.5, 58.25, 22.98, 22.0, 9999.0, 9.8, 10.0, 21.75, 9999.0, 23.59, 9999.0, 117.77, 127.75, 120.25, 91.25, 138.5
2024-11-07, 07:54:35, 136.5, 58.25, 22.98, 22.0, 9999.0, 9.82, 10.0, 21.75, 9999.0, 23.59, 9999.0, 117.8, 127.75, 120.25, 91.25, 138.5
2024-11-07, 07:54:39, 136.5, 58.25, 22.98, 22.0, 9999.0, 9.82, 10.02, 21.75, 9999.0, 23.59, 9999.0, 117.8, 127.75, 120.25, 91.25, 138.5
2024-11-07, 07:54:43, 136.5, 58.25, 22.98, 22.02, 9999.0, 9.82, 10.02, 21.75, 9999.0, 23.64, 9999.0, 117.82, 127.75, 120.25, 91.25, 138.5
2024-11-07, 07:54:47, 136.5, 58.25, 22.98, 22.02, 9999.0, 9.8, 10.02, 21.75, 9999.0, 23.66, 9999.0, 117.84, 127.75, 120.25, 91.25, 138.5
2024-11-07, 07:54:51, 136.5, 58.25, 22.98, 22.02, 9999.0, 9.75, 10.02, 21.75, 9999.0, 23.68, 9999.0, 117.86, 127.75, 120.25, 91.25, 138.5
2024-11-07, 07:54:55, 136.5, 58.25, 22.98, 22.05, 9999.0, 9.7, 10.02, 21.75, 9999.0, 23.7, 9999.0, 117.86, 127.75, 120.25, 91.25, 138.5
2024-11-07, 07:54:59, 136.5, 58.25, 22.98, 22.07, 9999.0, 9.68, 10.02, 21.75, 9999.0, 23.73, 9999.0, 117.86, 127.75, 120.25, 91.25, 138.5
2024-11-07, 07:55:03, 136.5, 58.25, 22.95, 22.07, 9999.0, 9.66, 10.02, 21.75, 9999.0, 23.75, 9999.0, 117.84, 127.75, 120.25, 91.25, 138.5
2024-11-07, 07:55:07, 136.5, 58.25, 22.95, 22.07, 9999.0, 9.66, 10.02, 21.75, 9999.0, 23.77, 9999.0, 117.82, 127.75, 120.25, 91.25, 138.5
2024-11-07, 07:55:11, 136.5, 58.25, 22.95, 22.07, 9999.0, 9.66, 10.02, 21.75, 9999.0, 23.8, 9999.0, 117.8, 127.75, 120.25, 91.25, 138.5
2024-11-07, 07:55:15, 136.5, 58.25, 22.98, 22.07, 9999.0, 9.66, 10.02, 21.75, 9999.0, 23.8, 9999.0, 117.75, 127.75, 120.25, 91.25, 138.5
2024-11-07, 07:55:19, 136.5, 58.25, 22.98, 22.09, 9999.0, 9.66, 10.02, 21.75, 9999.0, 23.8, 9999.0, 117.7, 127.75, 120.25, 91.25, 138.5
2024-11-07, 07:55:23, 136.5, 58.25, 22.98, 22.09, 9999.0, 9.68, 10.0, 21.75, 9999.0, 23.8, 9999.0, 117.7, 127.75, 120.25, 91.25, 138.5
2024-11-07, 07:55:27, 136.5, 58.25, 22.98, 22.07, 9999.0, 9.7, 10.02, 21.75, 9999.0, 23.77, 9999.0, 117.68, 127.75, 120.25, 91.25, 138.5
2024-11-07, 07:55:31, 136.5, 58.25, 22.98, 22.09, 9999.0, 9.7, 10.02, 21.75, 9999.0, 23.75, 9999.0, 117.68, 127.75, 120.25, 91.25, 138.5
2024-11-07, 07:55:35, 136.5, 58.25, 22.98, 22.11, 9999.0, 9.73, 10.02, 21.75, 9999.0, 23.75, 9999.0, 117.68, 127.75, 120.25, 91.25, 138.5
2024-11-07, 07:55:39, 136.5, 58.25, 22.98, 22.09, 9999.0, 9.75, 10.02, 21.75, 9999.0, 23.75, 9999.0, 117.7, 127.75, 120.25, 91.25, 138.5
2024-11-07, 07:55:43, 136.5, 58.25, 22.98, 22.07, 9999.0, 9.77, 10.02, 21.75, 9999.0, 23.75, 9999.0, 117.73, 127.75, 120.25, 91.25, 138.5
2024-11-07, 07:55:47, 136.5, 58.25, 23.0, 22.09, 9999.0, 9.8, 10.02, 21.75, 9999.0, 23.75, 9999.0, 117.75, 127.75, 120.25, 91.25, 138.5
2024-11-07, 07:55:51, 136.5, 58.25, 23.0, 22.11, 9999.0, 9.8, 10.02, 21.75, 9999.0, 23.75, 9999.0, 117.77, 127.75, 120.25, 91.25, 138.5
2024-11-07, 07:55:55, 136.5, 58.25, 23.0, 22.14, 9999.0, 9.8, 10.02, 21.75, 9999.0, 23.75, 9999.0, 117.8, 127.75, 120.25, 91.25, 138.5
2024-11-07, 07:55:59, 136.5, 58.25, 23.0, 22.16, 9999.0, 9.8, 10.02, 21.75, 9999.0, 23.75, 9999.0, 117.82, 127.75, 120.25, 91.25, 138.5
2024-11-07, 07:56:03, 136.5, 58.25, 23.0, 22.16, 9999.0, 9.8, 10.02, 21.75, 9999.0, 23.77, 9999.0, 117.84, 127.75, 120.25, 91.25, 138.5
2024-11-07, 07:56:07, 136.5, 58.25, 23.0, 22.18, 9999.0, 9.77, 10.02, 21.75, 9999.0, 23.8, 9999.0, 117.84, 127.75, 120.25, 91.25, 138.5
2024-11-07, 07:56:11, 136.5, 58.25, 22.98, 22.2, 9999.0, 9.73, 10.0, 21.75, 9999.0, 23.82, 9999.0, 117.86, 127.75, 120.25, 91.25, 138.5
2024-11-07, 07:56:15, 136.5, 58.25, 22.98, 22.2, 9999.0, 9.73, 10.0, 21.75, 9999.0, 23.82, 9999.0, 117.86, 127.75, 120.25, 91.25, 138.5
2024-11-07, 07:56:19, 136.5, 58.25, 22.98, 22.2, 9999.0, 9.7, 10.0, 21.75, 9999.0, 23.82, 9999.0, 117.86, 127.75, 120.25, 91.25, 138.5
2024-11-07, 07:56:23, 136.5, 58.25, 22.98, 22.2, 9999.0, 9.68, 10.0, 21.75, 9999.0, 23.82, 9999.0, 117.84, 127.75, 120.25, 91.25, 138.5
2024-11-07, 07:56:27, 136.5, 58.25, 22.98, 22.23, 9999.0, 9.68, 10.0, 21.75, 9999.0, 23.82, 9999.0, 117.82, 127.75, 120.25, 91.25, 138.5
2024-11-07, 07:56:31, 136.5, 58.25, 22.98, 22.23, 9999.0, 9.66, 10.0, 21.75, 9999.0, 23.82, 9999.0, 117.8, 127.75, 120.25, 91.25, 138.5
2024-11-07, 07:56:35, 136.5, 58.25, 22.98, 22.23, 9999.0, 9.66, 10.0, 21.75, 9999.0, 23.82, 9999.0, 117.75, 127.75, 120.25, 91.23, 138.5
2024-11-07, 07:56:39, 136.5, 58.25, 22.98, 22.23, 9999.0, 9.66, 10.0, 21.75, 9999.0, 23.82, 9999.0, 117.73, 127.75, 120.25, 91.23, 138.5
2024-11-07, 07:56:43, 136.48, 58.25, 22.98, 22.23, 9999.0, 9.68, 10.0, 21.75, 9999.0, 23.8, 9999.0, 117.73, 127.75, 120.25, 91.23, 138.5
2024-11-07, 07:56:47, 136.48, 58.25, 22.98, 22.2, 9999.0, 9.7, 10.0, 21.75, 9999.0, 23.77, 9999.0, 117.7, 127.75, 120.25, 91.23, 138.5
2024-11-07, 07:56:51, 136.48, 58.25, 22.98, 22.18, 9999.0, 9.73, 10.0, 21.75, 9999.0, 23.73, 9999.0, 117.7, 127.75, 120.25, 91.23, 138.5
2024-11-07, 07:56:55, 136.48, 58.25, 23.0, 22.18, 9999.0, 9.75, 10.0, 21.75, 9999.0, 23.7, 9999.0, 117.7, 127.75, 120.23, 91.23, 138.5
2024-11-07, 07:56:59, 136.48, 58.25, 23.0, 22.18, 9999.0, 9.75, 10.0, 21.75, 9999.0, 23.68, 9999.0, 117.73, 127.75, 120.23, 91.23, 138.5
2024-11-07, 07:57:03, 136.48, 58.25, 22.98, 22.18, 9999.0, 9.77, 10.0, 21.75, 9999.0, 23.66, 9999.0, 117.75, 127.75, 120.23, 91.23, 138.5
2024-11-07, 07:57:07, 136.48, 58.25, 22.95, 22.2, 9999.0, 9.8, 10.02, 21.75, 9999.0, 23.64, 9999.0, 117.77, 127.75, 120.23, 91.23, 138.5
2024-11-07, 07:57:11, 136.48, 58.25, 22.95, 22.18, 9999.0, 9.8, 10.02, 21.75, 9999.0, 23.64, 9999.0, 117.77, 127.75, 120.23, 91.23, 138.5
2024-11-07, 07:57:15, 136.48, 58.25, 22.95, 22.18, 9999.0, 9.82, 10.02, 21.75, 9999.0, 23.64, 9999.0, 117.77, 127.75, 120.23, 91.23, 138.5
2024-11-07, 07:57:19, 136.48, 58.25, 22.95, 22.18, 9999.0, 9.82, 10.02, 21.75, 9999.0, 23.64, 9999.0, 117.8, 127.77, 120.23, 91.25, 138.5
2024-11-07, 07:57:23, 136.48, 58.25, 22.95, 22.18, 9999.0, 9.82, 10.02, 21.75, 9999.0, 23.66, 9999.0, 117.82, 127.77, 120.23, 91.25, 138.52
2024-11-07, 07:57:27, 136.5, 58.27, 22.93, 22.16, 9999.0, 9.8, 10.02, 21.75, 9999.0, 23.68, 9999.0, 117.82, 127.77, 120.23, 91.25, 138.52
2024-11-07, 07:57:31, 136.5, 58.27, 22.93, 22.18, 9999.0, 9.77, 10.02, 21.75, 9999.0, 23.68, 9999.0, 117.84, 127.77, 120.23, 91.25, 138.52
2024-11-07, 07:57:36, 136.5, 58.27, 22.93, 22.2, 9999.0, 9.75, 10.02, 21.75, 9999.0, 23.7, 9999.0, 117.84, 127.77, 120.23, 91.25, 138.52
2024-11-07, 07:57:40, 136.5, 58.27, 22.93, 22.2, 9999.0, 9.73, 10.02, 21.75, 9999.0, 23.7, 9999.0, 117.84, 127.77, 120.25, 91.25, 138.52
2024-11-07, 07:57:44, 136.5, 58.27, 22.93, 22.2, 9999.0, 9.7, 10.02, 21.75, 9999.0, 23.73, 9999.0, 117.82, 127.77, 120.25, 91.25, 138.52
2024-11-07, 07:57:48, 136.5, 58.27, 22.95, 22.2, 9999.0, 9.68, 10.02, 21.75, 9999.0, 23.75, 9999.0, 117.8, 127.77, 120.25, 91.25, 138.52
2024-11-07, 07:57:52, 136.5, 58.27, 22.98, 22.18, 9999.0, 9.66, 10.0, 21.75, 9999.0, 23.77, 9999.0, 117.75, 127.77, 120.25, 91.25, 138.52
2024-11-07, 07:57:56, 136.5, 58.27, 22.98, 22.2, 9999.0, 9.66, 10.0, 21.75, 9999.0, 23.75, 9999.0, 117.75, 127.77, 120.25, 91.25, 138.55
2024-11-07, 07:58:00, 136.5, 58.27, 22.98, 22.18, 9999.0, 9.66, 10.0, 21.75, 9999.0, 23.75, 9999.0, 117.73, 127.77, 120.25, 91.25, 138.55
2024-11-07, 07:58:04, 136.5, 58.27, 22.98, 22.16, 9999.0, 9.68, 10.0, 21.75, 9999.0, 23.75, 9999.0, 117.73, 127.75, 120.25, 91.25, 138.55
2024-11-07, 07:58:08, 136.5, 58.27, 22.98, 22.14, 9999.0, 9.7, 10.0, 21.75, 9999.0, 23.73, 9999.0, 117.7, 127.75, 120.25, 91.25, 138.52
2024-11-07, 07:58:12, 136.5, 58.25, 23.0, 22.14, 9999.0, 9.73, 10.0, 21.75, 9999.0, 23.73, 9999.0, 117.7, 127.75, 120.25, 91.23, 138.52
2024-11-07, 07:58:16, 136.5, 58.25, 23.0, 22.14, 9999.0, 9.73, 10.0, 21.75, 9999.0, 23.73, 9999.0, 117.7, 127.75, 120.25, 91.23, 138.52
2024-11-07, 07:58:20, 136.5, 58.27, 23.0, 22.14, 9999.0, 9.73, 10.0, 21.75, 9999.0, 23.73, 9999.0, 117.7, 127.75, 120.25, 91.23, 138.52
2024-11-07, 07:58:24, 136.5, 58.3, 23.0, 22.14, 9999.0, 9.75, 10.02, 21.75, 9999.0, 23.73, 9999.0, 117.73, 127.75, 120.25, 91.23, 138.52
2024-11-07, 07:58:28, 136.5, 58.3, 23.0, 22.11, 9999.0, 9.77, 10.02, 21.75, 9999.0, 23.73, 9999.0, 117.75, 127.75, 120.25, 91.23, 138.52
2024-11-07, 07:58:32, 136.5, 58.3, 23.0, 22.11, 9999.0, 9.8, 10.02, 21.75, 9999.0, 23.75, 9999.0, 117.77, 127.75, 120.25, 91.23, 138.52
2024-11-07, 07:58:36, 136.5, 58.3, 23.0, 22.14, 9999.0, 9.82, 10.02, 21.75, 9999.0, 23.77, 9999.0, 117.82, 127.75, 120.25, 91.23, 138.52
2024-11-07, 07:58:40, 136.5, 58.3, 23.0, 22.14, 9999.0, 9.82, 10.02, 21.75, 9999.0, 23.82, 9999.0, 117.82, 127.75, 120.25, 91.23, 138.5
2024-11-07, 07:58:44, 136.5, 58.3, 22.98, 22.16, 9999.0, 9.82, 10.02, 21.75, 9999.0, 23.84, 9999.0, 117.84, 127.75, 120.25, 91.23, 138.5
2024-11-07, 07:58:48, 136.5, 58.3, 22.98, 22.18, 9999.0, 9.8, 10.02, 21.75, 9999.0, 23.86, 9999.0, 117.84, 127.75, 120.25, 91.23, 138.52
2024-11-07, 07:58:52, 136.5, 58.3, 22.98, 22.2, 9999.0, 9.77, 10.02, 21.75, 9999.0, 23.89, 9999.0, 117.84, 127.75, 120.25, 91.23, 138.55
2024-11-07, 07:58:56, 136.5, 58.3, 22.98, 22.23, 9999.0, 9.75, 10.02, 21.75, 9999.0, 23.91, 9999.0, 117.84, 127.77, 120.25, 91.25, 138.55
2024-11-07, 07:59:00, 136.5, 58.32, 22.98, 22.23, 9999.0, 9.73, 10.02, 21.75, 9999.0, 23.93, 9999.0, 117.84, 127.77, 120.25, 91.23, 138.57
2024-11-07, 07:59:04, 136.5, 58.3, 22.98, 22.23, 9999.0, 9.7, 10.02, 21.75, 9999.0, 23.95, 9999.0, 117.84, 127.77, 120.25, 91.23, 138.57
2024-11-07, 07:59:08, 136.5, 58.27, 22.98, 22.2, 9999.0, 9.68, 10.0, 21.75, 9999.0, 23.98, 9999.0, 117.82, 127.77, 120.25, 91.23, 138.57
2024-11-07, 07:59:12, 136.5, 58.27, 22.98, 22.2, 9999.0, 9.66, 10.0, 21.75, 9999.0, 24.0, 9999.0, 117.8, 127.77, 120.25, 91.23, 138.57
2024-11-07, 07:59:16, 136.5, 58.3, 22.98, 22.18, 9999.0, 9.66, 10.0, 21.75, 9999.0, 23.98, 9999.0, 117.77, 127.77, 120.25, 91.23, 138.57
2024-11-07, 07:59:20, 136.5, 58.3, 22.98, 22.16, 9999.0, 9.66, 10.0, 21.75, 9999.0, 23.95, 9999.0, 117.73, 127.77, 120.25, 91.23, 138.57
2024-11-07, 07:59:24, 136.5, 58.3, 22.98, 22.16, 9999.0, 9.68, 10.0, 21.75, 9999.0, 23.95, 9999.0, 117.73, 127.77, 120.25, 91.2, 138.57
2024-11-07, 07:59:28, 136.5, 58.32, 23.0, 22.16, 9999.0, 9.68, 10.0, 21.75, 9999.0, 23.93, 9999.0, 117.7, 127.77, 120.25, 91.2, 138.57
2024-11-07, 07:59:32, 136.5, 58.32, 23.0, 22.14, 9999.0, 9.68, 10.02, 21.75, 9999.0, 23.91, 9999.0, 117.7, 127.77, 120.25, 91.2, 138.55
2024-11-07, 07:59:36, 136.5, 58.32, 23.0, 22.11, 9999.0, 9.68, 10.02, 21.75, 9999.0, 23.89, 9999.0, 117.7, 127.77, 120.25, 91.2, 138.52
2024-11-07, 07:59:40, 136.5, 58.34, 23.0, 22.09, 9999.0, 9.68, 10.02, 21.75, 9999.0, 23.86, 9999.0, 117.73, 127.75, 120.25, 91.2, 138.52
2024-11-07, 07:59:44, 136.5, 58.32, 23.0, 22.09, 9999.0, 9.7, 10.02, 21.75, 9999.0, 23.84, 9999.0, 117.75, 127.75, 120.25, 91.23, 138.5
2024-11-07, 07:59:48, 136.5, 58.32, 23.0, 22.07, 9999.0, 9.73, 10.02, 21.75, 9999.0, 23.82, 9999.0, 117.77, 127.75, 120.25, 91.23, 138.5
2024-11-07, 07:59:52, 136.5, 58.32, 23.0, 22.07, 9999.0, 9.75, 10.02, 21.75, 9999.0, 23.8, 9999.0, 117.77, 127.75, 120.25, 91.23, 138.5
2024-11-07, 07:59:56, 136.5, 58.32, 22.98, 22.07, 9999.0, 9.77, 10.02, 21.75, 9999.0, 23.77, 9999.0, 117.8, 127.75, 120.25, 91.23, 138.5
2024-11-07, 08:00:00, 136.5, 58.3, 22.98, 22.07, 9999.0, 9.77, 10.02, 21.75, 9999.0, 23.8, 9999.0, 117.8, 127.75, 120.25, 91.23, 138.5
2024-11-07, 08:00:04, 136.5, 58.3, 22.98, 22.09, 9999.0, 9.77, 10.02, 21.75, 9999.0, 23.84, 9999.0, 117.82, 127.77, 120.25, 91.23, 138.5
2024-11-07, 08:00:08, 136.5, 58.3, 22.98, 22.09, 9999.0, 9.75, 10.02, 21.75, 9999.0, 23.86, 9999.0, 117.82, 127.77, 120.25, 91.25, 138.5
2024-11-07, 08:00:12, 136.5, 58.27, 22.95, 22.09, 9999.0, 9.75, 10.02, 21.75, 9999.0, 23.89, 9999.0, 117.84, 127.77, 120.25, 91.25, 138.52
2024-11-07, 08:00:16, 136.5, 58.27, 22.95, 22.11, 9999.0, 9.75, 10.0, 21.75, 9999.0, 23.91, 9999.0, 117.84, 127.77, 120.25, 91.25, 138.52
2024-11-07, 08:00:22, 136.5, 58.27, 22.95, 22.14, 9999.0, 9.73, 10.0, 21.75, 9999.0, 23.93, 9999.0, 117.84, 127.77, 120.25, 91.25, 138.52
2024-11-07, 08:00:26, 136.5, 58.25, 22.95, 22.14, 9999.0, 9.7, 10.0, 21.75, 9999.0, 23.95, 9999.0, 117.82, 127.77, 120.25, 91.25, 138.52
2024-11-07, 08:00:30, 136.5, 58.25, 22.93, 22.14, 9999.0, 9.68, 10.0, 21.75, 9999.0, 23.98, 9999.0, 117.8, 127.77, 120.25, 91.23, 138.52
2024-11-07, 08:00:34, 136.5, 58.25, 22.93, 22.14, 9999.0, 9.68, 10.0, 21.75, 9999.0, 24.0, 9999.0, 117.75, 127.77, 120.25, 91.2, 138.52
2024-11-07, 08:00:38, 136.5, 58.27, 22.91, 22.14, 9999.0, 9.68, 10.0, 21.75, 9999.0, 24.0, 9999.0, 117.75, 127.77, 120.25, 91.2, 138.52
2024-11-07, 08:00:42, 136.5, 58.3, 22.93, 22.14, 9999.0, 9.68, 10.0, 21.75, 9999.0, 24.0, 9999.0, 117.7, 127.77, 120.25, 91.2, 138.52
2024-11-07, 08:00:46, 136.5, 58.3, 22.93, 22.14, 9999.0, 9.7, 10.0, 21.75, 9999.0, 23.98, 9999.0, 117.68, 127.77, 120.25, 91.2, 138.52
2024-11-07, 08:00:50, 136.5, 58.3, 22.93, 22.11, 9999.0, 9.73, 10.0, 21.75, 9999.0, 23.93, 9999.0, 117.68, 127.75, 120.25, 91.2, 138.52
2024-11-07, 08:00:54, 136.5, 58.32, 22.91, 22.09, 9999.0, 9.75, 10.0, 21.75, 9999.0, 23.89, 9999.0, 117.68, 127.75, 120.25, 91.2, 138.52
2024-11-07, 08:00:58, 136.5, 58.32, 22.93, 22.07, 9999.0, 9.77, 10.0, 21.75, 9999.0, 23.86, 9999.0, 117.68, 127.75, 120.25, 91.2, 138.5
2024-11-07, 08:01:02, 136.5, 58.32, 22.93, 22.05, 9999.0, 9.77, 10.0, 21.75, 9999.0, 23.84, 9999.0, 117.68, 127.75, 120.25, 91.2, 138.5
2024-11-07, 08:01:06, 136.5, 58.32, 22.93, 22.05, 9999.0, 9.8, 10.0, 21.75, 9999.0, 23.82, 9999.0, 117.7, 127.75, 120.25, 91.2, 138.5
2024-11-07, 08:01:10, 136.5, 58.32, 22.93, 22.05, 9999.0, 9.82, 10.02, 21.75, 9999.0, 23.8, 9999.0, 117.7, 127.75, 120.25, 91.2, 138.5
2024-11-07, 08:01:14, 136.5, 58.34, 22.95, 22.02, 9999.0, 9.84, 10.02, 21.75, 9999.0, 23.8, 9999.0, 117.73, 127.75, 120.25, 91.23, 138.5
2024-11-07, 08:01:18, 136.5, 58.34, 22.95, 22.05, 9999.0, 9.84, 10.02, 21.75, 9999.0, 23.8, 9999.0, 117.75, 127.75, 120.25, 91.25, 138.5
2024-11-07, 08:01:22, 136.5, 58.32, 22.98, 22.05, 9999.0, 9.82, 10.02, 21.75, 9999.0, 23.84, 9999.0, 117.75, 127.75, 120.25, 91.25, 138.5
2024-11-07, 08:01:26, 136.5, 58.3, 22.95, 22.07, 9999.0, 9.82, 10.02, 21.75, 9999.0, 23.89, 9999.0, 117.77, 127.75, 120.25, 91.25, 138.5
2024-11-07, 08:01:30, 136.5, 58.3, 22.95, 22.07, 9999.0, 9.8, 10.02, 21.75, 9999.0, 23.93, 9999.0, 117.8, 127.75, 120.25, 91.25, 138.5
2024-11-07, 08:01:34, 136.5, 58.3, 22.95, 22.07, 9999.0, 9.77, 10.02, 21.75, 9999.0, 23.98, 9999.0, 117.8, 127.75, 120.25, 91.25, 138.5
2024-11-07, 08:01:38, 136.5, 58.27, 22.98, 22.07, 9999.0, 9.75, 10.02, 21.75, 9999.0, 24.02, 9999.0, 117.8, 127.75, 120.25, 91.25, 138.5
2024-11-07, 08:01:42, 136.5, 58.27, 22.98, 22.07, 9999.0, 9.7, 10.02, 21.73, 9999.0, 24.07, 9999.0, 117.8, 127.75, 120.25, 91.25, 138.5
2024-11-07, 08:01:46, 136.5, 58.27, 22.95, 22.07, 9999.0, 9.68, 10.02, 21.73, 9999.0, 24.11, 9999.0, 117.8, 127.75, 120.25, 91.25, 138.5
2024-11-07, 08:01:50, 136.5, 58.3, 22.95, 22.07, 9999.0, 9.66, 10.02, 21.7, 9999.0, 24.14, 9999.0, 117.77, 127.75, 120.25, 91.25, 138.5
2024-11-07, 08:01:54, 136.5, 58.32, 22.95, 22.07, 9999.0, 9.66, 10.0, 21.7, 9999.0, 24.16, 9999.0, 117.77, 127.75, 120.25, 91.25, 138.5
2024-11-07, 08:01:58, 136.5, 58.3, 22.95, 22.07, 9999.0, 9.66, 10.0, 21.7, 9999.0, 24.16, 9999.0, 117.73, 127.75, 120.25, 91.25, 138.5
2024-11-07, 08:02:02, 136.5, 58.3, 22.95, 22.05, 9999.0, 9.66, 10.0, 21.7, 9999.0, 24.16, 9999.0, 117.7, 127.75, 120.25, 91.25, 138.5
2024-11-07, 08:02:06, 136.5, 58.3, 22.95, 22.07, 9999.0, 9.7, 10.0, 21.7, 9999.0, 24.14, 9999.0, 117.68, 127.75, 120.25, 91.25, 138.5
2024-11-07, 08:02:10, 136.5, 58.3, 22.95, 22.07, 9999.0, 9.73, 10.0, 21.7, 9999.0, 24.11, 9999.0, 117.68, 127.75, 120.25, 91.25, 138.5
2024-11-07, 08:02:14, 136.5, 58.3, 22.95, 22.07, 9999.0, 9.73, 10.0, 21.7, 9999.0, 24.09, 9999.0, 117.68, 127.75, 120.25, 91.25, 138.5
2024-11-07, 08:02:18, 136.5, 58.3, 22.93, 22.07, 9999.0, 9.73, 10.0, 21.7, 9999.0, 24.07, 9999.0, 117.68, 127.75, 120.25, 91.25, 138.5
2024-11-07, 08:02:22, 136.5, 58.3, 22.93, 22.07, 9999.0, 9.73, 10.0, 21.7, 9999.0, 24.05, 9999.0, 117.7, 127.75, 120.25, 91.25, 138.5
2024-11-07, 08:02:26, 136.5, 58.3, 22.93, 22.07, 9999.0, 9.75, 10.0, 21.73, 9999.0, 24.02, 9999.0, 117.73, 127.75, 120.25, 91.25, 138.5
2024-11-07, 08:02:30, 136.5, 58.3, 22.95, 22.07, 9999.0, 9.77, 10.0, 21.73, 9999.0, 24.0, 9999.0, 117.75, 127.75, 120.25, 91.25, 138.5
2024-11-07, 08:02:34, 136.5, 58.27, 22.93, 22.05, 9999.0, 9.8, 10.0, 21.75, 9999.0, 24.0, 9999.0, 117.75, 127.75, 120.25, 91.23, 138.5
2024-11-07, 08:02:38, 136.5, 58.25, 22.93, 22.05, 9999.0, 9.8, 10.0, 21.75, 9999.0, 24.0, 9999.0, 117.75, 127.75, 120.25, 91.2, 138.5
2024-11-07, 08:02:42, 136.5, 58.25, 22.93, 22.05, 9999.0, 9.8, 10.0, 21.75, 9999.0, 24.02, 9999.0, 117.77, 127.75, 120.25, 91.2, 138.5
2024-11-07, 08:02:46, 136.5, 58.25, 22.93, 22.07, 9999.0, 9.8, 10.0, 21.75, 9999.0, 24.05, 9999.0, 117.8, 127.75, 120.25, 91.2, 138.5
2024-11-07, 08:02:50, 136.5, 58.25, 22.91, 22.07, 9999.0, 9.77, 10.0, 21.75, 9999.0, 24.05, 9999.0, 117.82, 127.75, 120.25, 91.2, 138.5
2024-11-07, 08:02:54, 136.5, 58.25, 22.91, 22.05, 9999.0, 9.73, 10.0, 21.75, 9999.0, 24.05, 9999.0, 117.82, 127.75, 120.25, 91.2, 138.5
2024-11-07, 08:02:58, 136.5, 58.25, 22.91, 22.05, 9999.0, 9.7, 10.0, 21.75, 9999.0, 24.05, 9999.0, 117.82, 127.75, 120.25, 91.2, 138.5
2024-11-07, 08:03:02, 136.5, 58.27, 22.93, 22.05, 9999.0, 9.7, 10.0, 21.75, 9999.0, 24.05, 9999.0, 117.8, 127.75, 120.25, 91.2, 138.5
2024-11-07, 08:03:06, 136.5, 58.27, 22.93, 22.05, 9999.0, 9.68, 10.0, 21.75, 9999.0, 24.07, 9999.0, 117.75, 127.75, 120.25, 91.2, 138.5
2024-11-07, 08:03:10, 136.5, 58.3, 22.93, 22.05, 9999.0, 9.66, 10.0, 21.75, 9999.0, 24.07, 9999.0, 117.73, 127.75, 120.25, 91.18, 138.5
2024-11-07, 08:03:14, 136.5, 58.3, 22.91, 22.07, 9999.0, 9.66, 10.0, 21.75, 9999.0, 24.07, 9999.0, 117.68, 127.75, 120.25, 91.18, 138.5
2024-11-07, 08:03:18, 136.5, 58.3, 22.91, 22.07, 9999.0, 9.66, 10.0, 21.75, 9999.0, 24.07, 9999.0, 117.66, 127.75, 120.25, 91.2, 138.5
2024-11-07, 08:03:22, 136.5, 58.3, 22.91, 22.09, 9999.0, 9.66, 10.0, 21.75, 9999.0, 24.07, 9999.0, 117.64, 127.75, 120.25, 91.23, 138.5
2024-11-07, 08:03:26, 136.5, 58.3, 22.91, 22.11, 9999.0, 9.68, 10.0, 21.75, 9999.0, 24.02, 9999.0, 117.61, 127.75, 120.23, 91.23, 138.5
2024-11-07, 08:03:30, 136.5, 58.3, 22.89, 22.09, 9999.0, 9.7, 10.0, 21.75, 9999.0, 24.0, 9999.0, 117.61, 127.75, 120.23, 91.23, 138.5
2024-11-07, 08:03:34, 136.5, 58.32, 22.89, 22.07, 9999.0, 9.7, 10.0, 21.75, 9999.0, 23.98, 9999.0, 117.61, 127.75, 120.23, 91.23, 138.5
2024-11-07, 08:03:38, 136.5, 58.32, 22.89, 22.07, 9999.0, 9.73, 10.0, 21.75, 9999.0, 23.95, 9999.0, 117.61, 127.75, 120.23, 91.2, 138.5
2024-11-07, 08:03:43, 136.5, 58.32, 22.89, 22.09, 9999.0, 9.75, 10.0, 21.75, 9999.0, 23.93, 9999.0, 117.64, 127.75, 120.23, 91.2, 138.5
2024-11-07, 08:03:47, 136.5, 58.3, 22.89, 22.09, 9999.0, 9.75, 10.0, 21.75, 9999.0, 23.91, 9999.0, 117.68, 127.75, 120.23, 91.2, 138.5
2024-11-07, 08:03:51, 136.5, 58.3, 22.89, 22.09, 9999.0, 9.77, 10.0, 21.75, 9999.0, 23.89, 9999.0, 117.7, 127.75, 120.23, 91.2, 138.5
2024-11-07, 08:03:55, 136.5, 58.3, 22.89, 22.11, 9999.0, 9.8, 10.0, 21.75, 9999.0, 23.89, 9999.0, 117.73, 127.75, 120.23, 91.23, 138.5
2024-11-07, 08:03:59, 136.5, 58.3, 22.91, 22.09, 9999.0, 9.8, 10.0, 21.75, 9999.0, 23.89, 9999.0, 117.75, 127.75, 120.23, 91.23, 138.5
2024-11-07, 08:04:03, 136.5, 58.32, 22.93, 22.09, 9999.0, 9.8, 10.0, 21.75, 9999.0, 23.91, 9999.0, 117.77, 127.75, 120.23, 91.23, 138.5
2024-11-07, 08:04:07, 136.5, 58.34, 22.93, 22.07, 9999.0, 9.77, 10.0, 21.73, 9999.0, 23.93, 9999.0, 117.8, 127.75, 120.23, 91.23, 138.5
2024-11-07, 08:04:11, 136.5, 58.36, 22.91, 22.05, 9999.0, 9.73, 10.0, 21.73, 9999.0, 23.98, 9999.0, 117.82, 127.75, 120.25, 91.23, 138.5
2024-11-07, 08:04:15, 136.5, 58.39, 22.93, 22.05, 9999.0, 9.68, 10.0, 21.73, 9999.0, 24.0, 9999.0, 117.82, 127.75, 120.25, 91.23, 138.5
2024-11-07, 08:04:19, 136.5, 58.36, 22.93, 22.07, 9999.0, 9.66, 10.0, 21.7, 9999.0, 24.05, 9999.0, 117.82, 127.75, 120.25, 91.23, 138.5
2024-11-07, 08:04:23, 136.5, 58.36, 22.95, 22.07, 9999.0, 9.64, 10.0, 21.7, 9999.0, 24.09, 9999.0, 117.82, 127.75, 120.25, 91.25, 138.5
2024-11-07, 08:04:27, 136.5, 58.36, 22.93, 22.07, 9999.0, 9.61, 10.0, 21.7, 9999.0, 24.14, 9999.0, 117.77, 127.75, 120.25, 91.25, 138.5
2024-11-07, 08:04:31, 136.5, 58.36, 22.93, 22.07, 9999.0, 9.59, 10.0, 21.7, 9999.0, 24.16, 9999.0, 117.75, 127.75, 120.25, 91.25, 138.5
2024-11-07, 08:04:35, 136.5, 58.36, 22.91, 22.07, 9999.0, 9.59, 10.0, 21.7, 9999.0, 24.18, 9999.0, 117.73, 127.75, 120.25, 91.23, 138.5
2024-11-07, 08:04:39, 136.5, 58.36, 22.91, 22.05, 9999.0, 9.59, 10.0, 21.7, 9999.0, 24.18, 9999.0, 117.68, 127.75, 120.25, 91.23, 138.5
2024-11-07, 08:04:43, 136.5, 58.36, 22.89, 22.07, 9999.0, 9.59, 10.0, 21.7, 9999.0, 24.18, 9999.0, 117.66, 127.75, 120.25, 91.2, 138.5
2024-11-07, 08:04:47, 136.5, 58.34, 22.86, 22.07, 9999.0, 9.59, 10.0, 21.7, 9999.0, 24.16, 9999.0, 117.64, 127.75, 120.25, 91.18, 138.5
2024-11-07, 08:04:51, 136.5, 58.32, 22.86, 22.07, 9999.0, 9.61, 10.0, 21.73, 9999.0, 24.14, 9999.0, 117.64, 127.75, 120.25, 91.18, 138.5
2024-11-07, 08:04:55, 136.5, 58.3, 22.89, 22.07, 9999.0, 9.64, 10.0, 21.73, 9999.0, 24.11, 9999.0, 117.64, 127.75, 120.25, 91.18, 138.5
2024-11-07, 08:04:59, 136.5, 58.27, 22.89, 22.09, 9999.0, 9.66, 10.0, 21.73, 9999.0, 24.09, 9999.0, 117.64, 127.75, 120.25, 91.18, 138.5
2024-11-07, 08:05:03, 136.5, 58.3, 22.91, 22.07, 9999.0, 9.68, 10.0, 21.75, 9999.0, 24.07, 9999.0, 117.66, 127.75, 120.25, 91.18, 138.5
2024-11-07, 08:05:07, 136.5, 58.3, 22.89, 22.07, 9999.0, 9.7, 10.0, 21.75, 9999.0, 24.05, 9999.0, 117.68, 127.75, 120.25, 91.16, 138.5
2024-11-07, 08:05:11, 136.5, 58.32, 22.91, 22.05, 9999.0, 9.73, 10.0, 21.73, 9999.0, 24.02, 9999.0, 117.73, 127.75, 120.25, 91.16, 138.5
2024-11-07, 08:05:15, 136.5, 58.34, 22.89, 22.05, 9999.0, 9.75, 10.0, 21.7, 9999.0, 24.02, 9999.0, 117.73, 127.75, 120.25, 91.16, 138.5
2024-11-07, 08:05:19, 136.5, 58.34, 22.89, 22.05, 9999.0, 9.75, 10.0, 21.7, 9999.0, 24.02, 9999.0, 117.75, 127.75, 120.25, 91.18, 138.5
2024-11-07, 08:05:23, 136.5, 58.32, 22.86, 22.05, 9999.0, 9.75, 10.0, 21.7, 9999.0, 24.05, 9999.0, 117.77, 127.75, 120.25, 91.18, 138.48
2024-11-07, 08:05:27, 136.5, 58.32, 22.86, 22.05, 9999.0, 9.73, 10.0, 21.7, 9999.0, 24.07, 9999.0, 117.8, 127.75, 120.25, 91.2, 138.48
2024-11-07, 08:05:31, 136.5, 58.32, 22.89, 22.05, 9999.0, 9.73, 10.0, 21.7, 9999.0, 24.09, 9999.0, 117.82, 127.75, 120.25, 91.23, 138.48
2024-11-07, 08:05:35, 136.5, 58.34, 22.86, 22.05, 9999.0, 9.7, 10.0, 21.7, 9999.0, 24.09, 9999.0, 117.82, 127.75, 120.25, 91.23, 138.45
2024-11-07, 08:05:39, 136.5, 58.36, 22.84, 22.05, 9999.0, 9.68, 10.0, 21.7, 9999.0, 24.11, 9999.0, 117.82, 127.75, 120.25, 91.23, 138.43
2024-11-07, 08:05:43, 136.5, 58.39, 22.82, 22.02, 9999.0, 9.66, 10.0, 21.7, 9999.0, 24.11, 9999.0, 117.82, 127.75, 120.25, 91.23, 138.43
2024-11-07, 08:05:47, 136.5, 58.39, 22.82, 22.02, 9999.0, 9.64, 10.0, 21.7, 9999.0, 24.11, 9999.0, 117.8, 127.75, 120.25, 91.23, 138.43
2024-11-07, 08:05:51, 136.5, 58.39, 22.84, 22.02, 9999.0, 9.61, 10.0, 21.68, 9999.0, 24.11, 9999.0, 117.75, 127.75, 120.25, 91.25, 138.43
2024-11-07, 08:05:55, 136.5, 58.36, 22.84, 22.02, 9999.0, 9.61, 10.0, 21.7, 9999.0, 24.11, 9999.0, 117.7, 127.75, 120.25, 91.25, 138.43
2024-11-07, 08:05:59, 136.5, 58.34, 22.84, 22.02, 9999.0, 9.61, 10.0, 21.73, 9999.0, 24.11, 9999.0, 117.68, 127.75, 120.25, 91.25, 138.43
2024-11-07, 08:06:03, 136.5, 58.34, 22.84, 22.05, 9999.0, 9.64, 10.0, 21.73, 9999.0, 24.09, 9999.0, 117.66, 127.75, 120.25, 91.25, 138.43
2024-11-07, 08:06:07, 136.5, 58.36, 22.84, 22.07, 9999.0, 9.66, 10.0, 21.73, 9999.0, 24.07, 9999.0, 117.64, 127.75, 120.25, 91.25, 138.43
2024-11-07, 08:06:11, 136.5, 58.36, 22.86, 22.07, 9999.0, 9.68, 10.0, 21.73, 9999.0, 24.05, 9999.0, 117.64, 127.75, 120.25, 91.25, 138.43
2024-11-07, 08:06:15, 136.5, 58.39, 22.84, 22.07, 9999.0, 9.68, 10.0, 21.73, 9999.0, 24.02, 9999.0, 117.64, 127.75, 120.25, 91.25, 138.43
2024-11-07, 08:06:19, 136.5, 58.36, 22.84, 22.07, 9999.0, 9.7, 10.0, 21.73, 9999.0, 24.0, 9999.0, 117.66, 127.75, 120.25, 91.23, 138.45
2024-11-07, 08:06:23, 136.5, 58.34, 22.86, 22.07, 9999.0, 9.73, 10.0, 21.73, 9999.0, 23.98, 9999.0, 117.66, 127.75, 120.25, 91.23, 138.48
2024-11-07, 08:06:27, 136.5, 58.32, 22.86, 22.07, 9999.0, 9.75, 10.0, 21.73, 9999.0, 23.98, 9999.0, 117.68, 127.75, 120.25, 91.23, 138.48
2024-11-07, 08:06:31, 136.5, 58.3, 22.84, 22.09, 9999.0, 9.77, 10.0, 21.73, 9999.0, 24.0, 9999.0, 117.68, 127.75, 120.25, 91.23, 138.48
2024-11-07, 08:06:35, 136.5, 58.3, 22.84, 22.09, 9999.0, 9.8, 10.0, 21.75, 9999.0, 24.0, 9999.0, 117.7, 127.75, 120.25, 91.23, 138.48
2024-11-07, 08:06:39, 136.5, 58.3, 22.84, 22.09, 9999.0, 9.8, 10.0, 21.75, 9999.0, 24.02, 9999.0, 117.73, 127.75, 120.25, 91.23, 138.48
2024-11-07, 08:06:43, 136.5, 58.32, 22.86, 22.09, 9999.0, 9.8, 10.0, 21.73, 9999.0, 24.05, 9999.0, 117.75, 127.75, 120.25, 91.23, 138.48
2024-11-07, 08:06:47, 136.5, 58.32, 22.89, 22.07, 9999.0, 9.75, 10.0, 21.73, 9999.0, 24.07, 9999.0, 117.77, 127.75, 120.25, 91.23, 138.48
2024-11-07, 08:06:51, 136.5, 58.3, 22.89, 22.05, 9999.0, 9.7, 10.0, 21.73, 9999.0, 24.07, 9999.0, 117.8, 127.75, 120.25, 91.23, 138.5
2024-11-07, 08:06:55, 136.5, 58.3, 22.86, 22.02, 9999.0, 9.68, 10.0, 21.73, 9999.0, 24.07, 9999.0, 117.8, 127.75, 120.25, 91.23, 138.5
2024-11-07, 08:06:59, 136.5, 58.3, 22.89, 22.02, 9999.0, 9.66, 10.0, 21.73, 9999.0, 24.07, 9999.0, 117.8, 127.75, 120.25, 91.23, 138.48
2024-11-07, 08:07:03, 136.5, 58.3, 22.89, 22.02, 9999.0, 9.64, 10.0, 21.73, 9999.0, 24.09, 9999.0, 117.75, 127.75, 120.25, 91.25, 138.48
2024-11-07, 08:07:07, 136.5, 58.3, 22.86, 22.02, 9999.0, 9.61, 10.0, 21.73, 9999.0, 24.09, 9999.0, 117.73, 127.75, 120.25, 91.23, 138.48
2024-11-07, 08:07:11, 136.5, 58.3, 22.86, 22.02, 9999.0, 9.61, 10.0, 21.73, 9999.0, 24.09, 9999.0, 117.68, 127.75, 120.25, 91.2, 138.48
2024-11-07, 08:07:15, 136.5, 58.3, 22.89, 22.02, 9999.0, 9.61, 10.0, 21.73, 9999.0, 24.07, 9999.0, 117.66, 127.75, 120.25, 91.18, 138.48
2024-11-07, 08:07:19, 136.5, 58.3, 22.86, 22.02, 9999.0, 9.61, 10.0, 21.73, 9999.0, 24.07, 9999.0, 117.66, 127.75, 120.25, 91.18, 138.45
2024-11-07, 08:07:23, 136.5, 58.3, 22.86, 22.05, 9999.0, 9.64, 10.0, 21.73, 9999.0, 24.05, 9999.0, 117.64, 127.75, 120.25, 91.16, 138.45
2024-11-07, 08:07:27, 136.5, 58.27, 22.84, 22.05, 9999.0, 9.64, 10.0, 21.75, 9999.0, 24.02, 9999.0, 117.64, 127.75, 120.25, 91.14, 138.45
2024-11-07, 08:07:32, 136.5, 58.27, 22.84, 22.07, 9999.0, 9.66, 10.0, 21.75, 9999.0, 24.0, 9999.0, 117.64, 127.75, 120.25, 91.14, 138.45
2024-11-07, 08:07:36, 136.5, 58.27, 22.84, 22.09, 9999.0, 9.68, 10.0, 21.75, 9999.0, 24.0, 9999.0, 117.64, 127.75, 120.25, 91.11, 138.45
2024-11-07, 08:07:40, 136.48, 58.27, 22.84, 22.09, 9999.0, 9.7, 10.0, 21.75, 9999.0, 23.98, 9999.0, 117.66, 127.75, 120.25, 91.11, 138.45
2024-11-07, 08:07:44, 136.48, 58.25, 22.84, 22.09, 9999.0, 9.73, 10.0, 21.75, 9999.0, 23.95, 9999.0, 117.68, 127.75, 120.25, 91.11, 138.45
2024-11-07, 08:07:48, 136.48, 58.25, 22.86, 22.09, 9999.0, 9.75, 10.0, 21.75, 9999.0, 23.93, 9999.0, 117.73, 127.75, 120.25, 91.11, 138.45
2024-11-07, 08:07:52, 136.48, 58.25, 22.89, 22.09, 9999.0, 9.77, 10.0, 21.75, 9999.0, 23.93, 9999.0, 117.75, 127.75, 120.25, 91.14, 138.45
2024-11-07, 08:07:56, 136.48, 58.25, 22.91, 22.09, 9999.0, 9.75, 10.0, 21.75, 9999.0, 23.93, 9999.0, 117.77, 127.75, 120.25, 91.16, 138.43
2024-11-07, 08:08:00, 136.48, 58.25, 22.91, 22.07, 9999.0, 9.75, 10.0, 21.75, 9999.0, 23.95, 9999.0, 117.8, 127.75, 120.25, 91.18, 138.43
2024-11-07, 08:08:04, 136.48, 58.25, 22.93, 22.07, 9999.0, 9.75, 10.0, 21.75, 9999.0, 23.98, 9999.0, 117.8, 127.75, 120.25, 91.16, 138.45
2024-11-07, 08:08:08, 136.48, 58.25, 22.93, 22.05, 9999.0, 9.7, 10.0, 21.75, 9999.0, 24.0, 9999.0, 117.82, 127.75, 120.25, 91.18, 138.45
2024-11-07, 08:08:12, 136.48, 58.25, 22.95, 22.05, 9999.0, 9.68, 10.0, 21.75, 9999.0, 24.0, 9999.0, 117.82, 127.75, 120.25, 91.2, 138.43
2024-11-07, 08:08:16, 136.48, 58.25, 22.95, 22.02, 9999.0, 9.66, 10.0, 21.75, 9999.0, 24.0, 9999.0, 117.82, 127.75, 120.25, 91.18, 138.43
2024-11-07, 08:08:20, 136.48, 58.25, 22.95, 22.02, 9999.0, 9.64, 10.0, 21.75, 9999.0, 24.02, 9999.0, 117.82, 127.75, 120.25, 91.18, 138.43
2024-11-07, 08:08:24, 136.5, 58.25, 22.98, 22.02, 9999.0, 9.61, 10.0, 21.75, 9999.0, 24.05, 9999.0, 117.77, 127.75, 120.25, 91.18, 138.43
2024-11-07, 08:08:28, 136.5, 58.25, 22.95, 22.02, 9999.0, 9.59, 10.0, 21.75, 9999.0, 24.09, 9999.0, 117.73, 127.75, 120.25, 91.18, 138.45
2024-11-07, 08:08:32, 136.5, 58.27, 22.95, 22.02, 9999.0, 9.59, 10.0, 21.75, 9999.0, 24.11, 9999.0, 117.68, 127.75, 120.25, 91.16, 138.43
2024-11-07, 08:08:36, 136.5, 58.27, 22.95, 22.02, 9999.0, 9.59, 9.98, 21.75, 9999.0, 24.11, 9999.0, 117.66, 127.75, 120.25, 91.16, 138.41
2024-11-07, 08:08:40, 136.5, 58.27, 22.93, 22.02, 9999.0, 9.61, 9.98, 21.75, 9999.0, 24.11, 9999.0, 117.64, 127.75, 120.25, 91.16, 138.43
2024-11-07, 08:08:44, 136.5, 58.27, 22.91, 22.02, 9999.0, 9.64, 9.98, 21.75, 9999.0, 24.09, 9999.0, 117.61, 127.75, 120.25, 91.14, 138.43
2024-11-07, 08:08:48, 136.5, 58.27, 22.89, 22.02, 9999.0, 9.64, 9.98, 21.75, 9999.0, 24.07, 9999.0, 117.61, 127.75, 120.25, 91.14, 138.43
2024-11-07, 08:08:52, 136.5, 58.27, 22.89, 22.02, 9999.0, 9.68, 9.98, 21.75, 9999.0, 24.05, 9999.0, 117.61, 127.75, 120.25, 91.14, 138.41
2024-11-07, 08:08:56, 136.5, 58.27, 22.86, 22.02, 9999.0, 9.7, 9.98, 21.75, 9999.0, 24.05, 9999.0, 117.61, 127.75, 120.25, 91.11, 138.43
2024-11-07, 08:09:00, 136.5, 58.27, 22.84, 22.02, 9999.0, 9.73, 9.98, 21.75, 9999.0, 24.02, 9999.0, 117.64, 127.75, 120.25, 91.11, 138.43
2024-11-07, 08:09:04, 136.5, 58.27, 22.84, 22.0, 9999.0, 9.75, 9.98, 21.75, 9999.0, 23.98, 9999.0, 117.66, 127.75, 120.25, 91.11, 138.43
2024-11-07, 08:09:08, 136.5, 58.27, 22.82, 22.02, 9999.0, 9.77, 9.98, 21.75, 9999.0, 23.98, 9999.0, 117.7, 127.75, 120.25, 91.11, 138.43
2024-11-07, 08:09:12, 136.5, 58.27, 22.84, 22.02, 9999.0, 9.8, 9.98, 21.75, 9999.0, 23.95, 9999.0, 117.73, 127.75, 120.25, 91.11, 138.41
2024-11-07, 08:09:16, 136.5, 58.25, 22.82, 22.02, 9999.0, 9.8, 9.98, 21.75, 9999.0, 23.95, 9999.0, 117.75, 127.75, 120.25, 91.14, 138.43
2024-11-07, 08:09:20, 136.5, 58.25, 22.82, 22.02, 9999.0, 9.8, 10.0, 21.75, 9999.0, 23.98, 9999.0, 117.77, 127.75, 120.25, 91.14, 138.45
2024-11-07, 08:09:24, 136.5, 58.25, 22.82, 22.05, 9999.0, 9.8, 10.0, 21.75, 9999.0, 24.0, 9999.0, 117.8, 127.75, 120.25, 91.14, 138.45
2024-11-07, 08:09:28, 136.5, 58.25, 22.82, 22.05, 9999.0, 9.75, 10.0, 21.75, 9999.0, 24.02, 9999.0, 117.82, 127.75, 120.25, 91.16, 138.45
2024-11-07, 08:09:32, 136.5, 58.25, 22.84, 22.05, 9999.0, 9.73, 10.0, 21.75, 9999.0, 24.05, 9999.0, 117.82, 127.75, 120.25, 91.16, 138.45
2024-11-07, 08:09:36, 136.5, 58.25, 22.82, 22.05, 9999.0, 9.68, 10.0, 21.75, 9999.0, 24.05, 9999.0, 117.82, 127.75, 120.25, 91.16, 138.48
2024-11-07, 08:09:40, 136.5, 58.25, 22.84, 22.05, 9999.0, 9.66, 10.0, 21.75, 9999.0, 24.05, 9999.0, 117.82, 127.75, 120.25, 91.16, 138.48
2024-11-07, 08:09:44, 136.5, 58.25, 22.86, 22.05, 9999.0, 9.64, 10.0, 21.75, 9999.0, 24.07, 9999.0, 117.8, 127.75, 120.25, 91.16, 138.48
2024-11-07, 08:09:48, 136.5, 58.25, 22.89, 22.05, 9999.0, 9.61, 10.0, 21.75, 9999.0, 24.09, 9999.0, 117.75, 127.75, 120.25, 91.16, 138.48
2024-11-07, 08:09:52, 136.5, 58.25, 22.91, 22.02, 9999.0, 9.61, 9.98, 21.75, 9999.0, 24.09, 9999.0, 117.7, 127.75, 120.25, 91.14, 138.48
2024-11-07, 08:09:56, 136.5, 58.25, 22.91, 22.02, 9999.0, 9.61, 9.98, 21.75, 9999.0, 24.09, 9999.0, 117.68, 127.75, 120.25, 91.11, 138.48
2024-11-07, 08:10:00, 136.5, 58.25, 22.91, 22.02, 9999.0, 9.61, 9.98, 21.75, 9999.0, 24.07, 9999.0, 117.66, 127.75, 120.25, 91.09, 138.48
2024-11-07, 08:10:04, 136.5, 58.25, 22.91, 22.02, 9999.0, 9.61, 9.98, 21.75, 9999.0, 24.02, 9999.0, 117.64, 127.75, 120.25, 91.09, 138.48
2024-11-07, 08:10:08, 136.5, 58.25, 22.91, 22.0, 9999.0, 9.61, 9.98, 21.75, 9999.0, 24.0, 9999.0, 117.64, 127.75, 120.25, 91.07, 138.48
2024-11-07, 08:10:12, 136.5, 58.25, 22.91, 22.0, 9999.0, 9.64, 9.98, 21.75, 9999.0, 23.98, 9999.0, 117.64, 127.75, 120.25, 91.05, 138.45
2024-11-07, 08:10:16, 136.5, 58.27, 22.89, 22.02, 9999.0, 9.66, 9.98, 21.75, 9999.0, 23.93, 9999.0, 117.66, 127.75, 120.25, 91.05, 138.45
2024-11-07, 08:10:20, 136.5, 58.27, 22.89, 22.02, 9999.0, 9.68, 9.98, 21.75, 9999.0, 23.91, 9999.0, 117.66, 127.75, 120.25, 91.05, 138.43
2024-11-07, 08:10:24, 136.5, 58.27, 22.86, 22.02, 9999.0, 9.7, 9.98, 21.75, 9999.0, 23.89, 9999.0, 117.66, 127.75, 120.25, 91.07, 138.43
2024-11-07, 08:10:28, 136.5, 58.27, 22.84, 22.02, 9999.0, 9.73, 9.98, 21.75, 9999.0, 23.89, 9999.0, 117.66, 127.75, 120.25, 91.07, 138.41
2024-11-07, 08:10:32, 136.5, 58.27, 22.82, 22.02, 9999.0, 9.75, 9.98, 21.75, 9999.0, 23.89, 9999.0, 117.68, 127.75, 120.25, 91.07, 138.41
2024-11-07, 08:10:37, 136.5, 58.27, 22.82, 22.02, 9999.0, 9.73, 10.0, 21.75, 9999.0, 23.89, 9999.0, 117.7, 127.75, 120.25, 91.09, 138.41
2024-11-07, 08:10:41, 136.5, 58.27, 22.8, 22.02, 9999.0, 9.73, 10.0, 21.75, 9999.0, 23.89, 9999.0, 117.73, 127.75, 120.25, 91.09, 138.43
2024-11-07, 08:10:45, 136.5, 58.27, 22.82, 22.02, 9999.0, 9.7, 10.0, 21.75, 9999.0, 23.91, 9999.0, 117.75, 127.75, 120.25, 91.11, 138.43
2024-11-07, 08:10:49, 136.5, 58.27, 22.8, 22.02, 9999.0, 9.68, 10.0, 21.75, 9999.0, 23.93, 9999.0, 117.77, 127.75, 120.25, 91.11, 138.43
2024-11-07, 08:10:53, 136.5, 58.27, 22.82, 22.02, 9999.0, 9.66, 10.0, 21.75, 9999.0, 23.93, 9999.0, 117.75, 127.75, 120.25, 91.11, 138.43
2024-11-07, 08:10:57, 136.5, 58.27, 22.82, 22.02, 9999.0, 9.64, 10.0, 21.75, 9999.0, 23.93, 9999.0, 117.73, 127.75, 120.25, 91.14, 138.45
2024-11-07, 08:11:01, 136.5, 58.25, 22.84, 22.0, 9999.0, 9.61, 10.0, 21.75, 9999.0, 23.95, 9999.0, 117.68, 127.75, 120.25, 91.16, 138.45
2024-11-07, 08:11:05, 136.5, 58.25, 22.84, 22.0, 9999.0, 9.59, 10.0, 21.75, 9999.0, 23.98, 9999.0, 117.66, 127.75, 120.25, 91.16, 138.48
2024-11-07, 08:11:09, 136.5, 58.25, 22.84, 22.0, 9999.0, 9.59, 10.0, 21.75, 9999.0, 24.0, 9999.0, 117.64, 127.75, 120.25, 91.16, 138.48
2024-11-07, 08:11:13, 136.5, 58.25, 22.84, 22.0, 9999.0, 9.59, 10.0, 21.75, 9999.0, 24.0, 9999.0, 117.61, 127.75, 120.25, 91.16, 138.5
2024-11-07, 08:11:17, 136.5, 58.25, 22.86, 22.0, 9999.0, 9.59, 10.0, 21.73, 9999.0, 24.0, 9999.0, 117.59, 127.75, 120.25, 91.18, 138.48
2024-11-07, 08:11:21, 136.5, 58.25, 22.84, 22.0, 9999.0, 9.61, 10.0, 21.73, 9999.0, 23.98, 9999.0, 117.57, 127.75, 120.25, 91.18, 138.48
2024-11-07, 08:11:25, 136.5, 58.25, 22.84, 22.0, 9999.0, 9.61, 10.0, 21.73, 9999.0, 23.95, 9999.0, 117.57, 127.75, 120.25, 91.2, 138.48
2024-11-07, 08:11:29, 136.5, 58.25, 22.82, 22.0, 9999.0, 9.64, 10.0, 21.73, 9999.0, 23.93, 9999.0, 117.57, 127.75, 120.25, 91.18, 138.45
2024-11-07, 08:11:33, 136.5, 58.25, 22.82, 22.0, 9999.0, 9.66, 10.0, 21.73, 9999.0, 23.93, 9999.0, 117.57, 127.75, 120.25, 91.18, 138.45
2024-11-07, 08:11:37, 136.5, 58.25, 22.8, 22.0, 9999.0, 9.68, 10.0, 21.73, 9999.0, 23.91, 9999.0, 117.61, 127.75, 120.25, 91.2, 138.45
2024-11-07, 08:11:41, 136.5, 58.25, 22.8, 22.0, 9999.0, 9.7, 10.0, 21.73, 9999.0, 23.89, 9999.0, 117.64, 127.75, 120.25, 91.2, 138.45
2024-11-07, 08:11:45, 136.5, 58.25, 22.77, 22.0, 9999.0, 9.73, 10.0, 21.73, 9999.0, 23.89, 9999.0, 117.66, 127.75, 120.25, 91.18, 138.45
2024-11-07, 08:11:49, 136.5, 58.25, 22.77, 22.0, 9999.0, 9.75, 10.0, 21.73, 9999.0, 23.89, 9999.0, 117.68, 127.75, 120.25, 91.16, 138.43
2024-11-07, 08:11:53, 136.5, 58.25, 22.77, 22.0, 9999.0, 9.75, 10.0, 21.73, 9999.0, 23.89, 9999.0, 117.7, 127.75, 120.25, 91.14, 138.43
2024-11-07, 08:11:57, 136.5, 58.25, 22.77, 22.0, 9999.0, 9.73, 10.0, 21.73, 9999.0, 23.91, 9999.0, 117.73, 127.75, 120.25, 91.14, 138.41
2024-11-07, 08:12:01, 136.5, 58.25, 22.75, 22.0, 9999.0, 9.7, 10.0, 21.75, 9999.0, 23.93, 9999.0, 117.75, 127.75, 120.25, 91.14, 138.43
2024-11-07, 08:12:05, 136.5, 58.25, 22.75, 22.0, 9999.0, 9.68, 10.0, 21.75, 9999.0, 23.98, 9999.0, 117.77, 127.75, 120.25, 91.14, 138.43
2024-11-07, 08:12:10, 136.5, 58.25, 22.75, 22.0, 9999.0, 9.66, 10.0, 21.75, 9999.0, 24.02, 9999.0, 117.77, 127.75, 120.25, 91.14, 138.41
2024-11-07, 08:12:14, 136.5, 58.25, 22.75, 22.0, 9999.0, 9.64, 10.0, 21.75, 9999.0, 24.05, 9999.0, 117.77, 127.75, 120.25, 91.16, 138.43
2024-11-07, 08:12:18, 136.5, 58.25, 22.75, 22.0, 9999.0, 9.61, 10.0, 21.75, 9999.0, 24.05, 9999.0, 117.77, 127.75, 120.25, 91.16, 138.41
2024-11-07, 08:12:22, 136.5, 58.25, 22.75, 22.0, 9999.0, 9.59, 10.0, 21.75, 9999.0, 24.07, 9999.0, 117.75, 127.75, 120.25, 91.14, 138.41
2024-11-07, 08:12:26, 136.5, 58.25, 22.75, 22.0, 9999.0, 9.57, 10.0, 21.75, 9999.0, 24.09, 9999.0, 117.73, 127.75, 120.25, 91.11, 138.41
2024-11-07, 08:12:30, 136.48, 58.25, 22.75, 22.0, 9999.0, 9.57, 10.0, 21.75, 9999.0, 24.09, 9999.0, 117.7, 127.75, 120.25, 91.11, 138.41
2024-11-07, 08:12:34, 136.48, 58.25, 22.75, 22.0, 9999.0, 9.57, 10.0, 21.75, 9999.0, 24.09, 9999.0, 117.68, 127.75, 120.25, 91.14, 138.41
2024-11-07, 08:12:38, 136.48, 58.25, 22.75, 22.0, 9999.0, 9.57, 10.0, 21.75, 9999.0, 24.09, 9999.0, 117.66, 127.75, 120.25, 91.14, 138.41
2024-11-07, 08:12:42, 136.48, 58.25, 22.75, 22.0, 9999.0, 9.59, 10.0, 21.75, 9999.0, 24.07, 9999.0, 117.64, 127.75, 120.25, 91.14, 138.43
2024-11-07, 08:12:46, 136.48, 58.25, 22.75, 22.0, 9999.0, 9.61, 10.0, 21.75, 9999.0, 24.02, 9999.0, 117.64, 127.75, 120.25, 91.11, 138.43
2024-11-07, 08:12:50, 136.48, 58.25, 22.75, 22.0, 9999.0, 9.64, 10.0, 21.75, 9999.0, 24.0, 9999.0, 117.64, 127.75, 120.25, 91.11, 138.43
2024-11-07, 08:12:54, 136.48, 58.25, 22.75, 22.0, 9999.0, 9.66, 10.0, 21.75, 9999.0, 23.95, 9999.0, 117.64, 127.75, 120.25, 91.11, 138.45
2024-11-07, 08:12:58, 136.48, 58.25, 22.75, 22.0, 9999.0, 9.68, 10.0, 21.75, 9999.0, 23.93, 9999.0, 117.66, 127.75, 120.25, 91.09, 138.45
2024-11-07, 08:13:02, 136.48, 58.25, 22.75, 22.0, 9999.0, 9.7, 10.0, 21.75, 9999.0, 23.91, 9999.0, 117.66, 127.75, 120.25, 91.09, 138.48
2024-11-07, 08:13:06, 136.48, 58.25, 22.75, 22.0, 9999.0, 9.73, 10.0, 21.75, 9999.0, 23.89, 9999.0, 117.66, 127.75, 120.25, 91.09, 138.48
2024-11-07, 08:13:10, 136.48, 58.25, 22.75, 22.0, 9999.0, 9.75, 10.0, 21.75, 9999.0, 23.89, 9999.0, 117.68, 127.75, 120.25, 91.09, 138.48
2024-11-07, 08:13:14, 136.5, 58.25, 22.75, 22.0, 9999.0, 9.75, 10.0, 21.75, 9999.0, 23.89, 9999.0, 117.7, 127.75, 120.25, 91.11, 138.45
2024-11-07, 08:13:18, 136.5, 58.25, 22.75, 22.0, 9999.0, 9.75, 10.0, 21.75, 9999.0, 23.91, 9999.0, 117.73, 127.75, 120.25, 91.11, 138.48
2024-11-07, 08:13:22, 136.5, 58.25, 22.75, 22.0, 9999.0, 9.75, 10.0, 21.75, 9999.0, 23.91, 9999.0, 117.75, 127.75, 120.25, 91.14, 138.48
2024-11-07, 08:13:26, 136.5, 58.27, 22.75, 22.0, 9999.0, 9.73, 10.0, 21.75, 9999.0, 23.91, 9999.0, 117.77, 127.75, 120.25, 91.14, 138.48
2024-11-07, 08:13:30, 136.5, 58.27, 22.75, 22.0, 9999.0, 9.7, 10.0, 21.75, 9999.0, 23.93, 9999.0, 117.77, 127.75, 120.25, 91.14, 138.48
2024-11-07, 08:13:34, 136.5, 58.27, 22.75, 22.0, 9999.0, 9.68, 10.0, 21.75, 9999.0, 23.93, 9999.0, 117.77, 127.75, 120.25, 91.11, 138.48
2024-11-07, 08:13:38, 136.5, 58.3, 22.75, 22.0, 9999.0, 9.66, 10.0, 21.75, 9999.0, 23.95, 9999.0, 117.75, 127.75, 120.25, 91.09, 138.48
2024-11-07, 08:13:42, 136.5, 58.3, 22.75, 22.0, 9999.0, 9.64, 10.0, 21.75, 9999.0, 23.98, 9999.0, 117.73, 127.75, 120.25, 91.09, 138.48
2024-11-07, 08:13:46, 136.5, 58.3, 22.75, 22.0, 9999.0, 9.64, 10.0, 21.75, 9999.0, 24.0, 9999.0, 117.7, 127.75, 120.25, 91.09, 138.48
2024-11-07, 08:13:50, 136.5, 58.3, 22.75, 22.0, 9999.0, 9.64, 10.0, 21.75, 9999.0, 24.02, 9999.0, 117.68, 127.75, 120.25, 91.09, 138.48
2024-11-07, 08:13:54, 136.5, 58.3, 22.75, 22.0, 9999.0, 9.64, 10.0, 21.75, 9999.0, 24.02, 9999.0, 117.66, 127.75, 120.25, 91.09, 138.48
2024-11-07, 08:13:58, 136.5, 58.3, 22.75, 22.0, 9999.0, 9.64, 10.0, 21.75, 9999.0, 24.02, 9999.0, 117.64, 127.75, 120.25, 91.09, 138.5
2024-11-07, 08:14:02, 136.5, 58.3, 22.75, 22.0, 9999.0, 9.66, 10.0, 21.75, 9999.0, 24.0, 9999.0, 117.61, 127.75, 120.25, 91.07, 138.5
2024-11-07, 08:14:06, 136.5, 58.3, 22.75, 22.0, 9999.0, 9.66, 10.0, 21.75, 9999.0, 24.0, 9999.0, 117.61, 127.75, 120.25, 91.05, 138.5
2024-11-07, 08:14:10, 136.5, 58.27, 22.77, 22.0, 9999.0, 9.7, 10.0, 21.75, 9999.0, 23.98, 9999.0, 117.61, 127.75, 120.25, 91.05, 138.5
2024-11-07, 08:14:14, 136.5, 58.27, 22.77, 22.0, 9999.0, 9.73, 10.0, 21.75, 9999.0, 23.95, 9999.0, 117.61, 127.75, 120.25, 91.05, 138.5
2024-11-07, 08:14:18, 136.5, 58.27, 22.77, 22.0, 9999.0, 9.75, 10.0, 21.75, 9999.0, 23.93, 9999.0, 117.64, 127.75, 120.25, 91.07, 138.5
2024-11-07, 08:14:22, 136.5, 58.25, 22.77, 22.0, 9999.0, 9.77, 10.0, 21.75, 9999.0, 23.91, 9999.0, 117.66, 127.75, 120.25, 91.09, 138.5
2024-11-07, 08:14:26, 136.5, 58.25, 22.77, 22.0, 9999.0, 9.8, 10.0, 21.75, 9999.0, 23.91, 9999.0, 117.66, 127.75, 120.25, 91.11, 138.5
2024-11-07, 08:14:30, 136.5, 58.25, 22.77, 22.0, 9999.0, 9.8, 10.0, 21.75, 9999.0, 23.91, 9999.0, 117.68, 127.75, 120.25, 91.09, 138.5
2024-11-07, 08:14:34, 136.5, 58.25, 22.77, 22.0, 9999.0, 9.8, 10.0, 21.73, 9999.0, 23.91, 9999.0, 117.7, 127.75, 120.25, 91.11, 138.5
2024-11-07, 08:14:38, 136.5, 58.25, 22.77, 22.0, 9999.0, 9.77, 10.0, 21.73, 9999.0, 23.91, 9999.0, 117.73, 127.77, 120.25, 91.14, 138.5
2024-11-07, 08:14:42, 136.5, 58.25, 22.77, 22.0, 9999.0, 9.75, 10.0, 21.73, 9999.0, 23.93, 9999.0, 117.75, 127.77, 120.25, 91.14, 138.5
2024-11-07, 08:14:46, 136.5, 58.27, 22.77, 22.0, 9999.0, 9.7, 10.0, 21.73, 9999.0, 23.93, 9999.0, 117.77, 127.77, 120.25, 91.14, 138.5
2024-11-07, 08:14:50, 136.5, 58.27, 22.8, 22.0, 9999.0, 9.68, 10.0, 21.73, 9999.0, 23.93, 9999.0, 117.77, 127.77, 120.25, 91.14, 138.5
2024-11-07, 08:14:54, 136.5, 58.27, 22.77, 22.02, 9999.0, 9.64, 10.0, 21.73, 9999.0, 23.95, 9999.0, 117.75, 127.77, 120.25, 91.16, 138.5
2024-11-07, 08:14:58, 136.5, 58.27, 22.77, 22.02, 9999.0, 9.61, 10.0, 21.73, 9999.0, 23.98, 9999.0, 117.75, 127.77, 120.25, 91.18, 138.5
2024-11-07, 08:15:02, 136.5, 58.27, 22.77, 22.02, 9999.0, 9.59, 10.0, 21.73, 9999.0, 24.0, 9999.0, 117.73, 127.77, 120.25, 91.18, 138.5
2024-11-07, 08:15:06, 136.5, 58.27, 22.77, 22.02, 9999.0, 9.59, 10.0, 21.73, 9999.0, 24.02, 9999.0, 117.7, 127.77, 120.25, 91.18, 138.5
2024-11-07, 08:15:10, 136.5, 58.27, 22.77, 22.05, 9999.0, 9.59, 10.0, 21.73, 9999.0, 24.0, 9999.0, 117.68, 127.77, 120.25, 91.16, 138.5
2024-11-07, 08:15:14, 136.5, 58.27, 22.77, 22.05, 9999.0, 9.59, 10.0, 21.73, 9999.0, 23.98, 9999.0, 117.66, 127.77, 120.25, 91.16, 138.5
2024-11-07, 08:15:18, 136.5, 58.27, 22.77, 22.05, 9999.0, 9.61, 10.0, 21.75, 9999.0, 23.95, 9999.0, 117.64, 127.77, 120.25, 91.14, 138.5
2024-11-07, 08:15:22, 136.5, 58.27, 22.77, 22.05, 9999.0, 9.64, 10.0, 21.75, 9999.0, 23.93, 9999.0, 117.64, 127.75, 120.25, 91.14, 138.5
2024-11-07, 08:15:26, 136.48, 58.27, 22.77, 22.05, 9999.0, 9.66, 10.0, 21.75, 9999.0, 23.89, 9999.0, 117.64, 127.75, 120.25, 91.11, 138.5
2024-11-07, 08:15:30, 136.48, 58.25, 22.77, 22.05, 9999.0, 9.68, 10.0, 21.75, 9999.0, 23.86, 9999.0, 117.64, 127.75, 120.25, 91.14, 138.5
2024-11-07, 08:15:34, 136.48, 58.25, 22.77, 22.05, 9999.0, 9.7, 10.0, 21.75, 9999.0, 23.84, 9999.0, 117.66, 127.75, 120.25, 91.16, 138.5
2024-11-07, 08:15:38, 136.48, 58.27, 22.77, 22.02, 9999.0, 9.73, 10.0, 21.75, 9999.0, 23.82, 9999.0, 117.7, 127.75, 120.25, 91.16, 138.5
2024-11-07, 08:15:42, 136.48, 58.27, 22.8, 22.02, 9999.0, 9.75, 10.0, 21.75, 9999.0, 23.8, 9999.0, 117.7, 127.75, 120.25, 91.16, 138.5
2024-11-07, 08:15:46, 136.48, 58.27, 22.8, 22.02, 9999.0, 9.77, 10.0, 21.75, 9999.0, 23.8, 9999.0, 117.73, 127.75, 120.25, 91.16, 138.5
2024-11-07, 08:15:50, 136.48, 58.27, 22.8, 22.02, 9999.0, 9.77, 10.0, 21.75, 9999.0, 23.77, 9999.0, 117.75, 127.75, 120.25, 91.16, 138.5
2024-11-07, 08:15:54, 136.48, 58.27, 22.82, 22.0, 9999.0, 9.77, 10.0, 21.75, 9999.0, 23.8, 9999.0, 117.77, 127.75, 120.25, 91.18, 138.5
2024-11-07, 08:15:59, 136.48, 58.27, 22.82, 22.0, 9999.0, 9.77, 10.0, 21.75, 9999.0, 23.82, 9999.0, 117.8, 127.75, 120.25, 91.2, 138.5
2024-11-07, 08:16:03, 136.48, 58.27, 22.82, 22.0, 9999.0, 9.73, 10.0, 21.75, 9999.0, 23.84, 9999.0, 117.82, 127.75, 120.25, 91.23, 138.5
2024-11-07, 08:16:07, 136.48, 58.27, 22.82, 22.0, 9999.0, 9.7, 10.0, 21.75, 9999.0, 23.86, 9999.0, 117.82, 127.75, 120.25, 91.23, 138.5
2024-11-07, 08:16:11, 136.5, 58.27, 22.82, 22.0, 9999.0, 9.7, 10.0, 21.75, 9999.0, 23.86, 9999.0, 117.82, 127.75, 120.25, 91.25, 138.5
2024-11-07, 08:16:15, 136.5, 58.27, 22.82, 22.0, 9999.0, 9.68, 10.0, 21.75, 9999.0, 23.86, 9999.0, 117.82, 127.75, 120.25, 91.25, 138.5
2024-11-07, 08:16:19, 136.5, 58.27, 22.8, 22.0, 9999.0, 9.66, 10.0, 21.75, 9999.0, 23.86, 9999.0, 117.77, 127.75, 120.25, 91.23, 138.5
2024-11-07, 08:16:23, 136.5, 58.25, 22.8, 22.0, 9999.0, 9.64, 10.0, 21.75, 9999.0, 23.84, 9999.0, 117.73, 127.75, 120.25, 91.23, 138.5
2024-11-07, 08:16:27, 136.5, 58.25, 22.77, 22.0, 9999.0, 9.64, 10.0, 21.75, 9999.0, 23.82, 9999.0, 117.7, 127.75, 120.25, 91.23, 138.5
2024-11-07, 08:16:31, 136.5, 58.25, 22.77, 22.0, 9999.0, 9.64, 10.0, 21.75, 9999.0, 23.8, 9999.0, 117.66, 127.75, 120.25, 91.23, 138.5
2024-11-07, 08:16:35, 136.5, 58.25, 22.77, 22.0, 9999.0, 9.64, 10.0, 21.75, 9999.0, 23.77, 9999.0, 117.64, 127.75, 120.25, 91.23, 138.5
2024-11-07, 08:16:39, 136.5, 58.25, 22.75, 22.0, 9999.0, 9.66, 10.0, 21.75, 9999.0, 23.73, 9999.0, 117.61, 127.75, 120.25, 91.23, 138.5
2024-11-07, 08:16:43, 136.5, 58.25, 22.75, 22.0, 9999.0, 9.66, 10.0, 21.75, 9999.0, 23.68, 9999.0, 117.61, 127.75, 120.25, 91.23, 138.5
2024-11-07, 08:16:47, 136.5, 58.25, 22.75, 22.0, 9999.0, 9.68, 10.0, 21.75, 9999.0, 23.64, 9999.0, 117.61, 127.75, 120.25, 91.23, 138.5
2024-11-07, 08:16:51, 136.5, 58.25, 22.75, 22.0, 9999.0, 9.7, 10.0, 21.75, 9999.0, 23.59, 9999.0, 117.61, 127.75, 120.25, 91.23, 138.5
2024-11-07, 08:16:55, 136.5, 58.25, 22.75, 22.0, 9999.0, 9.7, 10.0, 21.75, 9999.0, 23.57, 9999.0, 117.64, 127.75, 120.25, 91.23, 138.5
2024-11-07, 08:16:59, 136.5, 58.25, 22.75, 22.0, 9999.0, 9.73, 10.0, 21.75, 9999.0, 23.55, 9999.0, 117.66, 127.75, 120.25, 91.23, 138.5
2024-11-07, 08:17:03, 136.5, 58.25, 22.75, 22.0, 9999.0, 9.75, 10.0, 21.75, 9999.0, 23.55, 9999.0, 117.68, 127.75, 120.25, 91.25, 138.5
2024-11-07, 08:17:07, 136.5, 58.25, 22.75, 22.0, 9999.0, 9.77, 10.0, 21.75, 9999.0, 23.57, 9999.0, 117.7, 127.75, 120.25, 91.25, 138.5
2024-11-07, 08:17:11, 136.5, 58.25, 22.77, 22.0, 9999.0, 9.77, 10.0, 21.75, 9999.0, 23.59, 9999.0, 117.73, 127.75, 120.25, 91.25, 138.5
2024-11-07, 08:17:15, 136.5, 58.25, 22.77, 22.0, 9999.0, 9.77, 10.0, 21.75, 9999.0, 23.61, 9999.0, 117.75, 127.75, 120.25, 91.25, 138.5
2024-11-07, 08:17:19, 136.5, 58.25, 22.77, 22.0, 9999.0, 9.77, 10.0, 21.75, 9999.0, 23.64, 9999.0, 117.77, 127.75, 120.25, 91.25, 138.5
2024-11-07, 08:17:23, 136.5, 58.27, 22.77, 22.0, 9999.0, 9.75, 10.0, 21.75, 9999.0, 23.66, 9999.0, 117.8, 127.75, 120.25, 91.25, 138.5
2024-11-07, 08:17:27, 136.5, 58.27, 22.77, 22.0, 9999.0, 9.73, 10.0, 21.75, 9999.0, 23.68, 9999.0, 117.8, 127.75, 120.25, 91.25, 138.5
2024-11-07, 08:17:31, 136.5, 58.27, 22.77, 22.0, 9999.0, 9.7, 10.0, 21.75, 9999.0, 23.7, 9999.0, 117.8, 127.75, 120.25, 91.25, 138.5
2024-11-07, 08:17:35, 136.5, 58.27, 22.8, 22.02, 9999.0, 9.68, 10.0, 21.75, 9999.0, 23.73, 9999.0, 117.8, 127.75, 120.25, 91.25, 138.5
2024-11-07, 08:17:39, 136.5, 58.27, 22.8, 22.02, 9999.0, 9.66, 10.0, 21.75, 9999.0, 23.75, 9999.0, 117.75, 127.75, 120.25, 91.25, 138.5
2024-11-07, 08:17:43, 136.5, 58.27, 22.82, 22.02, 9999.0, 9.64, 10.0, 21.75, 9999.0, 23.75, 9999.0, 117.73, 127.75, 120.25, 91.25, 138.5
2024-11-07, 08:17:47, 136.5, 58.27, 22.82, 22.02, 9999.0, 9.64, 10.0, 21.75, 9999.0, 23.73, 9999.0, 117.73, 127.75, 120.25, 91.25, 138.5
2024-11-07, 08:17:51, 136.5, 58.27, 22.82, 22.02, 9999.0, 9.64, 10.0, 21.75, 9999.0, 23.7, 9999.0, 117.7, 127.75, 120.25, 91.23, 138.5
2024-11-07, 08:17:55, 136.5, 58.27, 22.8, 22.02, 9999.0, 9.64, 10.0, 21.75, 9999.0, 23.68, 9999.0, 117.68, 127.75, 120.25, 91.23, 138.5
2024-11-07, 08:17:59, 136.5, 58.27, 22.8, 22.02, 9999.0, 9.66, 10.0, 21.75, 9999.0, 23.64, 9999.0, 117.66, 127.75, 120.25, 91.23, 138.5
2024-11-07, 08:18:03, 136.5, 58.27, 22.82, 22.02, 9999.0, 9.66, 10.0, 21.75, 9999.0, 23.61, 9999.0, 117.66, 127.75, 120.25, 91.23, 138.5
2024-11-07, 08:18:07, 136.5, 58.25, 22.84, 22.02, 9999.0, 9.66, 10.0, 21.75, 9999.0, 23.59, 9999.0, 117.68, 127.75, 120.25, 91.23, 138.5
2024-11-07, 08:18:11, 136.5, 58.25, 22.84, 22.02, 9999.0, 9.68, 10.0, 21.75, 9999.0, 23.57, 9999.0, 117.7, 127.75, 120.25, 91.23, 138.5
2024-11-07, 08:18:15, 136.5, 58.25, 22.84, 22.02, 9999.0, 9.7, 10.0, 21.75, 9999.0, 23.55, 9999.0, 117.73, 127.75, 120.25, 91.23, 138.5
2024-11-07, 08:18:19, 136.5, 58.25, 22.84, 22.0, 9999.0, 9.73, 10.0, 21.75, 9999.0, 23.52, 9999.0, 117.75, 127.75, 120.25, 91.23, 138.5
2024-11-07, 08:18:23, 136.5, 58.25, 22.84, 22.0, 9999.0, 9.75, 10.02, 21.75, 9999.0, 23.52, 9999.0, 117.8, 127.75, 120.25, 91.23, 138.5
2024-11-07, 08:18:27, 136.5, 58.25, 22.84, 22.0, 9999.0, 9.77, 10.02, 21.75, 9999.0, 23.55, 9999.0, 117.8, 127.75, 120.25, 91.23, 138.5
2024-11-07, 08:18:31, 136.5, 58.25, 22.86, 22.0, 9999.0, 9.77, 10.02, 21.75, 9999.0, 23.57, 9999.0, 117.8, 127.75, 120.25, 91.23, 138.5
2024-11-07, 08:18:35, 136.5, 58.25, 22.89, 22.0, 9999.0, 9.77, 10.02, 21.75, 9999.0, 23.61, 9999.0, 117.82, 127.75, 120.25, 91.25, 138.5
2024-11-07, 08:18:39, 136.5, 58.25, 22.91, 22.0, 9999.0, 9.77, 10.02, 21.75, 9999.0, 23.64, 9999.0, 117.84, 127.75, 120.25, 91.25, 138.5
2024-11-07, 08:18:43, 136.5, 58.25, 22.93, 22.02, 9999.0, 9.75, 10.02, 21.75, 9999.0, 23.66, 9999.0, 117.86, 127.75, 120.25, 91.25, 138.5
2024-11-07, 08:18:47, 136.5, 58.25, 22.93, 22.02, 9999.0, 9.75, 10.02, 21.75, 9999.0, 23.68, 9999.0, 117.86, 127.75, 120.25, 91.25, 138.5
2024-11-07, 08:18:51, 136.5, 58.25, 22.93, 22.02, 9999.0, 9.73, 10.02, 21.75, 9999.0, 23.7, 9999.0, 117.84, 127.75, 120.25, 91.25, 138.5
2024-11-07, 08:18:55, 136.5, 58.25, 22.95, 22.02, 9999.0, 9.7, 10.02, 21.75, 9999.0, 23.73, 9999.0, 117.82, 127.75, 120.25, 91.25, 138.5
2024-11-07, 08:18:59, 136.5, 58.25, 22.98, 22.02, 9999.0, 9.68, 10.02, 21.75, 9999.0, 23.75, 9999.0, 117.8, 127.75, 120.25, 91.25, 138.5
2024-11-07, 08:19:03, 136.5, 58.25, 22.98, 22.02, 9999.0, 9.66, 10.02, 21.75, 9999.0, 23.75, 9999.0, 117.77, 127.75, 120.25, 91.25, 138.5
2024-11-07, 08:19:07, 136.5, 58.25, 23.0, 22.05, 9999.0, 9.66, 10.0, 21.75, 9999.0, 23.75, 9999.0, 117.73, 127.75, 120.25, 91.23, 138.5
2024-11-07, 08:19:11, 136.5, 58.25, 23.0, 22.05, 9999.0, 9.66, 10.0, 21.75, 9999.0, 23.73, 9999.0, 117.7, 127.75, 120.25, 91.23, 138.5
2024-11-07, 08:19:15, 136.5, 58.25, 23.0, 22.07, 9999.0, 9.68, 10.0, 21.75, 9999.0, 23.7, 9999.0, 117.68, 127.75, 120.25, 91.23, 138.5
2024-11-07, 08:19:19, 136.5, 58.25, 23.0, 22.07, 9999.0, 9.7, 10.0, 21.75, 9999.0, 23.66, 9999.0, 117.66, 127.75, 120.25, 91.23, 138.5
2024-11-07, 08:19:23, 136.5, 58.25, 22.98, 22.07, 9999.0, 9.73, 10.02, 21.75, 9999.0, 23.64, 9999.0, 117.66, 127.75, 120.25, 91.23, 138.5
2024-11-07, 08:19:27, 136.5, 58.25, 22.98, 22.07, 9999.0, 9.75, 10.02, 21.75, 9999.0, 23.61, 9999.0, 117.66, 127.75, 120.25, 91.23, 138.5
2024-11-07, 08:19:31, 136.5, 58.25, 22.98, 22.07, 9999.0, 9.75, 10.02, 21.75, 9999.0, 23.59, 9999.0, 117.68, 127.75, 120.25, 91.23, 138.5
2024-11-07, 08:19:35, 136.5, 58.25, 22.98, 22.07, 9999.0, 9.77, 10.05, 21.75, 9999.0, 23.57, 9999.0, 117.7, 127.75, 120.25, 91.23, 138.5
2024-11-07, 08:19:39, 136.5, 58.25, 22.98, 22.09, 9999.0, 9.8, 10.05, 21.75, 9999.0, 23.55, 9999.0, 117.73, 127.75, 120.25, 91.23, 138.5
2024-11-07, 08:19:43, 136.5, 58.25, 22.98, 22.11, 9999.0, 9.82, 10.05, 21.75, 9999.0, 23.55, 9999.0, 117.75, 127.75, 120.25, 91.23, 138.5
2024-11-07, 08:19:48, 136.5, 58.25, 22.98, 22.11, 9999.0, 9.84, 10.05, 21.75, 9999.0, 23.57, 9999.0, 117.75, 127.75, 120.25, 91.23, 138.5
2024-11-07, 08:19:52, 136.5, 58.25, 22.98, 22.11, 9999.0, 9.84, 10.05, 21.75, 9999.0, 23.57, 9999.0, 117.77, 127.75, 120.25, 91.25, 138.5
2024-11-07, 08:19:56, 136.5, 58.25, 22.98, 22.14, 9999.0, 9.84, 10.05, 21.75, 9999.0, 23.59, 9999.0, 117.8, 127.75, 120.25, 91.25, 138.5
2024-11-07, 08:20:00, 136.5, 58.25, 22.98, 22.11, 9999.0, 9.82, 10.05, 21.75, 9999.0, 23.61, 9999.0, 117.82, 127.75, 120.25, 91.25, 138.5
2024-11-07, 08:20:04, 136.5, 58.25, 22.98, 22.11, 9999.0, 9.8, 10.05, 21.75, 9999.0, 23.64, 9999.0, 117.84, 127.75, 120.25, 91.25, 138.5
2024-11-07, 08:20:08, 136.5, 58.25, 23.0, 22.11, 9999.0, 9.77, 10.02, 21.75, 9999.0, 23.66, 9999.0, 117.84, 127.75, 120.25, 91.25, 138.5
2024-11-07, 08:20:12, 136.5, 58.25, 23.0, 22.09, 9999.0, 9.73, 10.02, 21.75, 9999.0, 23.68, 9999.0, 117.84, 127.75, 120.25, 91.25, 138.5
2024-11-07, 08:20:16, 136.5, 58.25, 23.0, 22.11, 9999.0, 9.73, 10.02, 21.75, 9999.0, 23.7, 9999.0, 117.82, 127.75, 120.25, 91.25, 138.5
2024-11-07, 08:20:20, 136.5, 58.25, 23.0, 22.14, 9999.0, 9.7, 10.0, 21.75, 9999.0, 23.73, 9999.0, 117.8, 127.75, 120.25, 91.25, 138.5
2024-11-07, 08:20:24, 136.48, 58.25, 23.0, 22.14, 9999.0, 9.7, 10.0, 21.75, 9999.0, 23.75, 9999.0, 117.77, 127.75, 120.25, 91.25, 138.5
2024-11-07, 08:20:28, 136.48, 58.25, 23.0, 22.11, 9999.0, 9.7, 10.0, 21.75, 9999.0, 23.73, 9999.0, 117.75, 127.75, 120.25, 91.23, 138.5
2024-11-07, 08:20:32, 136.48, 58.25, 23.0, 22.14, 9999.0, 9.7, 10.0, 21.75, 9999.0, 23.73, 9999.0, 117.73, 127.75, 120.25, 91.23, 138.5
2024-11-07, 08:20:36, 136.48, 58.25, 23.0, 22.11, 9999.0, 9.73, 10.02, 21.75, 9999.0, 23.7, 9999.0, 117.7, 127.75, 120.25, 91.23, 138.5
2024-11-07, 08:20:40, 136.48, 58.25, 23.0, 22.09, 9999.0, 9.75, 10.02, 21.75, 9999.0, 23.7, 9999.0, 117.7, 127.75, 120.25, 91.23, 138.5
2024-11-07, 08:20:44, 136.48, 58.25, 23.0, 22.11, 9999.0, 9.77, 10.02, 21.75, 9999.0, 23.68, 9999.0, 117.7, 127.75, 120.25, 91.23, 138.5
2024-11-07, 08:20:48, 136.48, 58.25, 23.0, 22.14, 9999.0, 9.77, 10.02, 21.75, 9999.0, 23.66, 9999.0, 117.7, 127.75, 120.25, 91.23, 138.5
2024-11-07, 08:20:52, 136.48, 58.25, 23.0, 22.14, 9999.0, 9.77, 10.02, 21.75, 9999.0, 23.64, 9999.0, 117.73, 127.75, 120.25, 91.23, 138.5
2024-11-07, 08:20:56, 136.48, 58.27, 23.0, 22.16, 9999.0, 9.8, 10.02, 21.75, 9999.0, 23.61, 9999.0, 117.75, 127.75, 120.25, 91.23, 138.5
2024-11-07, 08:21:00, 136.48, 58.27, 23.0, 22.16, 9999.0, 9.8, 10.05, 21.75, 9999.0, 23.59, 9999.0, 117.77, 127.75, 120.25, 91.23, 138.5
2024-11-07, 08:21:04, 136.48, 58.27, 23.0, 22.16, 9999.0, 9.82, 10.07, 21.75, 9999.0, 23.59, 9999.0, 117.8, 127.75, 120.25, 91.23, 138.5
2024-11-07, 08:21:08, 136.5, 58.27, 23.0, 22.16, 9999.0, 9.82, 10.09, 21.75, 9999.0, 23.59, 9999.0, 117.8, 127.75, 120.25, 91.23, 138.5
2024-11-07, 08:21:12, 136.5, 58.27, 23.0, 22.18, 9999.0, 9.82, 10.11, 21.75, 9999.0, 23.64, 9999.0, 117.8, 127.75, 120.25, 91.25, 138.5
2024-11-07, 08:21:16, 136.5, 58.27, 23.0, 22.18, 9999.0, 9.82, 10.11, 21.75, 9999.0, 23.66, 9999.0, 117.82, 127.75, 120.25, 91.25, 138.5
2024-11-07, 08:21:21, 136.5, 58.27, 23.0, 22.2, 9999.0, 9.8, 10.09, 21.75, 9999.0, 23.7, 9999.0, 117.84, 127.75, 120.25, 91.25, 138.5
2024-11-07, 08:21:25, 136.5, 58.27, 23.0, 22.23, 9999.0, 9.77, 10.09, 21.75, 9999.0, 23.73, 9999.0, 117.84, 127.77, 120.25, 91.25, 138.5
2024-11-07, 08:21:29, 136.5, 58.3, 23.0, 22.23, 9999.0, 9.73, 10.11, 21.75, 9999.0, 23.77, 9999.0, 117.84, 127.77, 120.25, 91.25, 138.5
2024-11-07, 08:21:33, 136.5, 58.3, 23.0, 22.23, 9999.0, 9.7, 10.11, 21.75, 9999.0, 23.82, 9999.0, 117.84, 127.77, 120.25, 91.25, 138.5
2024-11-07, 08:21:37, 136.5, 58.32, 23.0, 22.25, 9999.0, 9.7, 10.11, 21.75, 9999.0, 23.86, 9999.0, 117.82, 127.77, 120.25, 91.25, 138.5
2024-11-07, 08:21:41, 136.5, 58.3, 23.0, 22.25, 9999.0, 9.68, 10.11, 21.75, 9999.0, 23.89, 9999.0, 117.8, 127.77, 120.25, 91.25, 138.5
2024-11-07, 08:21:45, 136.5, 58.3, 23.0, 22.25, 9999.0, 9.68, 10.09, 21.75, 9999.0, 23.91, 9999.0, 117.77, 127.77, 120.25, 91.25, 138.5
2024-11-07, 08:21:49, 136.5, 58.3, 23.0, 22.25, 9999.0, 9.68, 10.07, 21.75, 9999.0, 23.91, 9999.0, 117.75, 127.77, 120.25, 91.25, 138.5
2024-11-07, 08:21:53, 136.5, 58.32, 22.98, 22.25, 9999.0, 9.68, 10.05, 21.75, 9999.0, 23.91, 9999.0, 117.73, 127.77, 120.25, 91.25, 138.5
2024-11-07, 08:21:57, 136.5, 58.32, 22.98, 22.25, 9999.0, 9.7, 10.02, 21.75, 9999.0, 23.89, 9999.0, 117.7, 127.77, 120.25, 91.25, 138.5
2024-11-07, 08:22:01, 136.5, 58.32, 22.98, 22.23, 9999.0, 9.7, 10.02, 21.75, 9999.0, 23.86, 9999.0, 117.7, 127.77, 120.25, 91.25, 138.5
2024-11-07, 08:22:05, 136.5, 58.34, 22.98, 22.2, 9999.0, 9.73, 10.02, 21.75, 9999.0, 23.84, 9999.0, 117.7, 127.77, 120.25, 91.25, 138.5
2024-11-07, 08:22:09, 136.5, 58.36, 22.98, 22.18, 9999.0, 9.73, 10.02, 21.75, 9999.0, 23.82, 9999.0, 117.73, 127.75, 120.25, 91.25, 138.5
2024-11-07, 08:22:13, 136.5, 58.34, 22.98, 22.18, 9999.0, 9.75, 10.0, 21.75, 9999.0, 23.8, 9999.0, 117.75, 127.75, 120.25, 91.25, 138.5
2024-11-07, 08:22:23, 136.5, 58.36, 22.98, 22.18, 9999.0, 9.77, 10.02, 21.75, 9999.0, 23.77, 9999.0, 117.77, 127.75, 120.25, 91.25, 138.5
2024-11-07, 08:22:27, 136.5, 58.34, 22.98, 22.16, 9999.0, 9.77, 10.02, 21.75, 9999.0, 23.77, 9999.0, 117.8, 127.75, 120.25, 91.25, 138.5
2024-11-07, 08:22:31, 136.5, 58.36, 22.98, 22.14, 9999.0, 9.8, 10.05, 21.75, 9999.0, 23.8, 9999.0, 117.8, 127.75, 120.25, 91.25, 138.5
2024-11-07, 08:22:35, 136.5, 58.39, 22.98, 22.14, 9999.0, 9.8, 10.07, 21.75, 9999.0, 23.82, 9999.0, 117.8, 127.75, 120.25, 91.25, 138.5
2024-11-07, 08:22:39, 136.5, 58.39, 22.98, 22.14, 9999.0, 9.8, 10.09, 21.75, 9999.0, 23.84, 9999.0, 117.8, 127.75, 120.25, 91.25, 138.5
2024-11-07, 08:22:43, 136.5, 58.36, 23.0, 22.14, 9999.0, 9.8, 10.09, 21.75, 9999.0, 23.86, 9999.0, 117.82, 127.77, 120.25, 91.25, 138.52
2024-11-07, 08:22:47, 136.5, 58.36, 23.0, 22.14, 9999.0, 9.77, 10.09, 21.75, 9999.0, 23.91, 9999.0, 117.84, 127.77, 120.25, 91.25, 138.55
2024-11-07, 08:22:51, 136.5, 58.36, 23.0, 22.16, 9999.0, 9.75, 10.09, 21.75, 9999.0, 23.93, 9999.0, 117.84, 127.77, 120.25, 91.25, 138.55
2024-11-07, 08:22:55, 136.5, 58.34, 23.0, 22.18, 9999.0, 9.73, 10.09, 21.75, 9999.0, 23.95, 9999.0, 117.84, 127.77, 120.25, 91.25, 138.55
2024-11-07, 08:22:59, 136.5, 58.32, 23.0, 22.2, 9999.0, 9.73, 10.09, 21.75, 9999.0, 23.98, 9999.0, 117.8, 127.77, 120.25, 91.25, 138.55
2024-11-07, 08:23:03, 136.5, 58.32, 23.0, 22.2, 9999.0, 9.7, 10.09, 21.75, 9999.0, 24.0, 9999.0, 117.77, 127.77, 120.25, 91.25, 138.55
2024-11-07, 08:23:07, 136.5, 58.3, 23.0, 22.2, 9999.0, 9.7, 10.07, 21.75, 9999.0, 24.02, 9999.0, 117.75, 127.77, 120.25, 91.25, 138.55
2024-11-07, 08:23:11, 136.5, 58.32, 23.0, 22.23, 9999.0, 9.7, 10.07, 21.75, 9999.0, 24.02, 9999.0, 117.73, 127.77, 120.25, 91.25, 138.55
2024-11-07, 08:23:15, 136.5, 58.3, 22.98, 22.25, 9999.0, 9.7, 10.05, 21.75, 9999.0, 24.02, 9999.0, 117.7, 127.77, 120.25, 91.25, 138.55
2024-11-07, 08:23:19, 136.5, 58.3, 22.98, 22.25, 9999.0, 9.73, 10.02, 21.75, 9999.0, 24.02, 9999.0, 117.68, 127.77, 120.25, 91.25, 138.55
2024-11-07, 08:23:23, 136.5, 58.32, 22.98, 22.25, 9999.0, 9.73, 10.0, 21.75, 9999.0, 24.02, 9999.0, 117.68, 127.77, 120.25, 91.25, 138.55
2024-11-07, 08:23:27, 136.5, 58.32, 22.98, 22.25, 9999.0, 9.73, 10.0, 21.75, 9999.0, 24.02, 9999.0, 117.68, 127.75, 120.25, 91.25, 138.52
2024-11-07, 08:23:31, 136.5, 58.32, 22.98, 22.23, 9999.0, 9.73, 10.0, 21.75, 9999.0, 23.98, 9999.0, 117.68, 127.75, 120.25, 91.25, 138.5
2024-11-07, 08:23:35, 136.5, 58.32, 22.98, 22.23, 9999.0, 9.75, 10.02, 21.75, 9999.0, 23.95, 9999.0, 117.7, 127.75, 120.25, 91.25, 138.5
2024-11-07, 08:23:39, 136.5, 58.34, 22.98, 22.23, 9999.0, 9.75, 10.02, 21.75, 9999.0, 23.93, 9999.0, 117.73, 127.75, 120.25, 91.25, 138.5
2024-11-07, 08:23:43, 136.5, 58.34, 22.98, 22.23, 9999.0, 9.75, 10.02, 21.75, 9999.0, 23.91, 9999.0, 117.77, 127.75, 120.25, 91.25, 138.5
2024-11-07, 08:23:47, 136.5, 58.34, 22.98, 22.2, 9999.0, 9.77, 10.02, 21.75, 9999.0, 23.91, 9999.0, 117.77, 127.75, 120.25, 91.25, 138.5
2024-11-07, 08:23:51, 136.5, 58.34, 22.95, 22.2, 9999.0, 9.77, 10.02, 21.75, 9999.0, 23.89, 9999.0, 117.77, 127.75, 120.25, 91.25, 138.5
2024-11-07, 08:23:55, 136.5, 58.32, 22.95, 22.2, 9999.0, 9.77, 10.02, 21.75, 9999.0, 23.89, 9999.0, 117.77, 127.75, 120.25, 91.25, 138.5
2024-11-07, 08:23:59, 136.5, 58.32, 22.98, 22.2, 9999.0, 9.77, 10.02, 21.75, 9999.0, 23.89, 9999.0, 117.8, 127.75, 120.25, 91.25, 138.5
2024-11-07, 08:24:03, 136.5, 58.32, 22.98, 22.18, 9999.0, 9.75, 10.02, 21.75, 9999.0, 23.89, 9999.0, 117.82, 127.75, 120.25, 91.25, 138.5
2024-11-07, 08:24:07, 136.5, 58.3, 22.98, 22.18, 9999.0, 9.75, 10.02, 21.75, 9999.0, 23.89, 9999.0, 117.82, 127.75, 120.25, 91.25, 138.5
2024-11-07, 08:24:11, 136.5, 58.3, 22.98, 22.18, 9999.0, 9.75, 10.02, 21.75, 9999.0, 23.89, 9999.0, 117.82, 127.75, 120.25, 91.25, 138.5
2024-11-07, 08:24:15, 136.5, 58.3, 22.98, 22.2, 9999.0, 9.75, 10.02, 21.75, 9999.0, 23.91, 9999.0, 117.82, 127.75, 120.25, 91.25, 138.5
2024-11-07, 08:24:19, 136.5, 58.3, 22.98, 22.2, 9999.0, 9.73, 10.0, 21.75, 9999.0, 23.93, 9999.0, 117.8, 127.75, 120.25, 91.25, 138.5
2024-11-07, 08:24:23, 136.5, 58.3, 22.95, 22.2, 9999.0, 9.7, 10.02, 21.75, 9999.0, 23.95, 9999.0, 117.77, 127.75, 120.25, 91.25, 138.5
2024-11-07, 08:24:27, 136.5, 58.3, 22.95, 22.2, 9999.0, 9.7, 10.02, 21.75, 9999.0, 23.98, 9999.0, 117.75, 127.75, 120.25, 91.25, 138.5
2024-11-07, 08:24:31, 136.48, 58.3, 22.95, 22.23, 9999.0, 9.7, 10.02, 21.75, 9999.0, 23.98, 9999.0, 117.73, 127.75, 120.25, 91.25, 138.5
2024-11-07, 08:24:35, 136.48, 58.3, 22.98, 22.23, 9999.0, 9.73, 10.02, 21.75, 9999.0, 23.98, 9999.0, 117.7, 127.75, 120.25, 91.25, 138.5
2024-11-07, 08:24:39, 136.48, 58.3, 22.98, 22.2, 9999.0, 9.75, 10.02, 21.75, 9999.0, 23.95, 9999.0, 117.68, 127.75, 120.25, 91.25, 138.5
2024-11-07, 08:24:43, 136.48, 58.3, 22.95, 22.2, 9999.0, 9.75, 10.02, 21.75, 9999.0, 23.93, 9999.0, 117.68, 127.75, 120.25, 91.25, 138.5
2024-11-07, 08:24:47, 136.48, 58.3, 22.95, 22.2, 9999.0, 9.77, 10.02, 21.75, 9999.0, 23.91, 9999.0, 117.68, 127.75, 120.25, 91.25, 138.5
2024-11-07, 08:24:51, 136.48, 58.3, 22.95, 22.2, 9999.0, 9.77, 10.02, 21.75, 9999.0, 23.89, 9999.0, 117.68, 127.75, 120.25, 91.25, 138.5
2024-11-07, 08:24:55, 136.48, 58.3, 22.95, 22.18, 9999.0, 9.77, 10.02, 21.75, 9999.0, 23.86, 9999.0, 117.7, 127.75, 120.25, 91.25, 138.5
2024-11-07, 08:24:59, 136.48, 58.3, 22.95, 22.16, 9999.0, 9.77, 10.05, 21.75, 9999.0, 23.84, 9999.0, 117.73, 127.75, 120.25, 91.25, 138.5
2024-11-07, 08:25:03, 136.48, 58.3, 22.93, 22.16, 9999.0, 9.8, 10.05, 21.75, 9999.0, 23.84, 9999.0, 117.75, 127.75, 120.25, 91.25, 138.5
2024-11-07, 08:25:07, 136.48, 58.27, 22.95, 22.16, 9999.0, 9.82, 10.02, 21.75, 9999.0, 23.84, 9999.0, 117.75, 127.75, 120.25, 91.25, 138.5
2024-11-07, 08:25:11, 136.48, 58.3, 22.95, 22.16, 9999.0, 9.82, 10.05, 21.75, 9999.0, 23.84, 9999.0, 117.75, 127.75, 120.25, 91.25, 138.5
2024-11-07, 08:25:15, 136.5, 58.3, 22.95, 22.16, 9999.0, 9.82, 10.05, 21.75, 9999.0, 23.86, 9999.0, 117.77, 127.75, 120.25, 91.25, 138.5
2024-11-07, 08:25:19, 136.5, 58.32, 22.95, 22.16, 9999.0, 9.8, 10.05, 21.75, 9999.0, 23.91, 9999.0, 117.8, 127.75, 120.25, 91.25, 138.5
2024-11-07, 08:25:23, 136.5, 58.32, 22.93, 22.16, 9999.0, 9.77, 10.05, 21.75, 9999.0, 23.93, 9999.0, 117.82, 127.75, 120.25, 91.25, 138.5
2024-11-07, 08:25:28, 136.5, 58.32, 22.95, 22.14, 9999.0, 9.75, 10.05, 21.75, 9999.0, 23.95, 9999.0, 117.82, 127.75, 120.25, 91.25, 138.5
2024-11-07, 08:25:32, 136.5, 58.32, 22.95, 22.14, 9999.0, 9.7, 10.05, 21.75, 9999.0, 23.98, 9999.0, 117.82, 127.75, 120.25, 91.25, 138.5
2024-11-07, 08:25:36, 136.5, 58.32, 22.95, 22.11, 9999.0, 9.68, 10.05, 21.75, 9999.0, 24.0, 9999.0, 117.82, 127.75, 120.25, 91.25, 138.5
2024-11-07, 08:25:40, 136.5, 58.34, 22.95, 22.14, 9999.0, 9.66, 10.05, 21.75, 9999.0, 24.02, 9999.0, 117.8, 127.75, 120.25, 91.25, 138.5
2024-11-07, 08:25:44, 136.5, 58.36, 22.95, 22.14, 9999.0, 9.66, 10.02, 21.75, 9999.0, 24.05, 9999.0, 117.77, 127.75, 120.25, 91.25, 138.5
2024-11-07, 08:25:48, 136.5, 58.36, 22.98, 22.11, 9999.0, 9.66, 10.02, 21.75, 9999.0, 24.05, 9999.0, 117.73, 127.75, 120.25, 91.25, 138.5
2024-11-07, 08:25:52, 136.5, 58.39, 22.98, 22.11, 9999.0, 9.66, 10.02, 21.75, 9999.0, 24.05, 9999.0, 117.7, 127.75, 120.25, 91.25, 138.5
2024-11-07, 08:25:56, 136.5, 58.36, 22.98, 22.09, 9999.0, 9.68, 10.0, 21.75, 9999.0, 24.05, 9999.0, 117.68, 127.75, 120.25, 91.25, 138.5
2024-11-07, 08:26:00, 136.5, 58.36, 22.98, 22.07, 9999.0, 9.7, 10.02, 21.75, 9999.0, 24.02, 9999.0, 117.68, 127.75, 120.25, 91.25, 138.5
2024-11-07, 08:26:04, 136.5, 58.34, 22.98, 22.05, 9999.0, 9.7, 10.02, 21.75, 9999.0, 24.0, 9999.0, 117.68, 127.75, 120.25, 91.25, 138.5
2024-11-07, 08:26:08, 136.5, 58.34, 23.0, 22.07, 9999.0, 9.7, 10.02, 21.75, 9999.0, 24.0, 9999.0, 117.68, 127.75, 120.25, 91.25, 138.5
2024-11-07, 08:26:12, 136.5, 58.36, 23.0, 22.07, 9999.0, 9.73, 10.02, 21.75, 9999.0, 24.0, 9999.0, 117.7, 127.75, 120.25, 91.25, 138.5
2024-11-07, 08:26:16, 136.5, 58.34, 22.98, 22.09, 9999.0, 9.75, 10.02, 21.75, 9999.0, 24.0, 9999.0, 117.73, 127.75, 120.25, 91.25, 138.5
2024-11-07, 08:26:20, 136.5, 58.36, 22.98, 22.09, 9999.0, 9.77, 10.02, 21.75, 9999.0, 24.0, 9999.0, 117.73, 127.75, 120.25, 91.25, 138.5
2024-11-07, 08:26:24, 136.5, 58.36, 22.98, 22.09, 9999.0, 9.8, 10.02, 21.75, 9999.0, 24.02, 9999.0, 117.75, 127.75, 120.25, 91.25, 138.5
2024-11-07, 08:26:28, 136.5, 58.34, 22.98, 22.09, 9999.0, 9.8, 10.02, 21.75, 9999.0, 24.05, 9999.0, 117.77, 127.75, 120.25, 91.25, 138.5
2024-11-07, 08:26:32, 136.5, 58.36, 22.98, 22.09, 9999.0, 9.8, 10.02, 21.75, 9999.0, 24.07, 9999.0, 117.8, 127.75, 120.25, 91.25, 138.5
2024-11-07, 08:26:36, 136.5, 58.36, 22.98, 22.07, 9999.0, 9.8, 10.02, 21.75, 9999.0, 24.09, 9999.0, 117.82, 127.75, 120.25, 91.25, 138.5
2024-11-07, 08:26:40, 136.5, 58.36, 22.98, 22.07, 9999.0, 9.77, 10.02, 21.75, 9999.0, 24.11, 9999.0, 117.84, 127.75, 120.25, 91.25, 138.5
2024-11-07, 08:26:44, 136.5, 58.36, 22.98, 22.07, 9999.0, 9.75, 10.0, 21.75, 9999.0, 24.14, 9999.0, 117.84, 127.75, 120.25, 91.25, 138.5
2024-11-07, 08:26:48, 136.5, 58.39, 22.98, 22.07, 9999.0, 9.73, 10.0, 21.75, 9999.0, 24.16, 9999.0, 117.84, 127.75, 120.25, 91.25, 138.5
2024-11-07, 08:26:52, 136.5, 58.41, 22.98, 22.07, 9999.0, 9.7, 10.0, 21.75, 9999.0, 24.18, 9999.0, 117.84, 127.75, 120.25, 91.25, 138.5
2024-11-07, 08:26:56, 136.5, 58.39, 22.98, 22.09, 9999.0, 9.68, 10.0, 21.75, 9999.0, 24.2, 9999.0, 117.82, 127.75, 120.25, 91.25, 138.5
2024-11-07, 08:27:00, 136.5, 58.39, 23.0, 22.09, 9999.0, 9.66, 10.0, 21.75, 9999.0, 24.23, 9999.0, 117.8, 127.75, 120.25, 91.25, 138.5
2024-11-07, 08:27:04, 136.5, 58.36, 23.0, 22.11, 9999.0, 9.66, 10.0, 21.75, 9999.0, 24.23, 9999.0, 117.77, 127.75, 120.25, 91.25, 138.5
2024-11-07, 08:27:08, 136.5, 58.34, 23.0, 22.11, 9999.0, 9.66, 10.0, 21.75, 9999.0, 24.2, 9999.0, 117.73, 127.75, 120.25, 91.25, 138.5
2024-11-07, 08:27:12, 136.5, 58.34, 23.0, 22.14, 9999.0, 9.66, 10.0, 21.75, 9999.0, 24.18, 9999.0, 117.68, 127.75, 120.25, 91.25, 138.5
2024-11-07, 08:27:16, 136.5, 58.32, 23.0, 22.14, 9999.0, 9.68, 10.0, 21.75, 9999.0, 24.16, 9999.0, 117.66, 127.75, 120.25, 91.25, 138.5
2024-11-07, 08:27:20, 136.5, 58.32, 23.0, 22.14, 9999.0, 9.7, 10.0, 21.75, 9999.0, 24.14, 9999.0, 117.66, 127.75, 120.25, 91.25, 138.5
2024-11-07, 08:27:24, 136.5, 58.34, 23.0, 22.16, 9999.0, 9.73, 10.0, 21.75, 9999.0, 24.11, 9999.0, 117.66, 127.75, 120.25, 91.25, 138.5
2024-11-07, 08:27:28, 136.5, 58.34, 23.0, 22.16, 9999.0, 9.73, 10.0, 21.75, 9999.0, 24.09, 9999.0, 117.66, 127.75, 120.25, 91.25, 138.5
2024-11-07, 08:27:32, 136.5, 58.34, 22.98, 22.18, 9999.0, 9.75, 10.0, 21.75, 9999.0, 24.05, 9999.0, 117.68, 127.75, 120.25, 91.25, 138.5
2024-11-07, 08:27:36, 136.5, 58.34, 22.98, 22.16, 9999.0, 9.77, 10.0, 21.75, 9999.0, 24.02, 9999.0, 117.7, 127.75, 120.25, 91.25, 138.5
2024-11-07, 08:27:40, 136.5, 58.34, 22.98, 22.14, 9999.0, 9.8, 10.0, 21.75, 9999.0, 24.0, 9999.0, 117.7, 127.75, 120.25, 91.25, 138.5
2024-11-07, 08:27:44, 136.5, 58.34, 22.95, 22.14, 9999.0, 9.82, 10.0, 21.75, 9999.0, 23.98, 9999.0, 117.7, 127.75, 120.25, 91.25, 138.5
2024-11-07, 08:27:48, 136.5, 58.36, 22.93, 22.11, 9999.0, 9.82, 10.0, 21.75, 9999.0, 23.98, 9999.0, 117.73, 127.75, 120.25, 91.25, 138.5
2024-11-07, 08:27:52, 136.5, 58.39, 22.93, 22.11, 9999.0, 9.82, 10.0, 21.75, 9999.0, 23.98, 9999.0, 117.75, 127.75, 120.25, 91.25, 138.5
2024-11-07, 08:27:56, 136.5, 58.39, 22.93, 22.09, 9999.0, 9.82, 10.0, 21.75, 9999.0, 23.98, 9999.0, 117.77, 127.75, 120.25, 91.25, 138.5
2024-11-07, 08:28:00, 136.5, 58.39, 22.93, 22.09, 9999.0, 9.77, 10.0, 21.75, 9999.0, 23.98, 9999.0, 117.8, 127.75, 120.25, 91.25, 138.5
2024-11-07, 08:28:04, 136.5, 58.36, 22.93, 22.09, 9999.0, 9.75, 10.0, 21.75, 9999.0, 24.0, 9999.0, 117.8, 127.75, 120.25, 91.25, 138.5
2024-11-07, 08:28:08, 136.5, 58.36, 22.93, 22.07, 9999.0, 9.73, 10.0, 21.75, 9999.0, 24.02, 9999.0, 117.8, 127.75, 120.25, 91.25, 138.5
2024-11-07, 08:28:12, 136.5, 58.36, 22.93, 22.09, 9999.0, 9.73, 10.0, 21.75, 9999.0, 24.02, 9999.0, 117.77, 127.75, 120.25, 91.25, 138.5
2024-11-07, 08:28:16, 136.5, 58.36, 22.93, 22.09, 9999.0, 9.7, 10.0, 21.75, 9999.0, 24.07, 9999.0, 117.73, 127.75, 120.25, 91.25, 138.5
2024-11-07, 08:28:20, 136.5, 58.36, 22.93, 22.09, 9999.0, 9.7, 10.0, 21.75, 9999.0, 24.07, 9999.0, 117.68, 127.75, 120.25, 91.25, 138.5
2024-11-07, 08:28:24, 136.5, 58.39, 22.91, 22.09, 9999.0, 9.7, 10.0, 21.75, 9999.0, 24.07, 9999.0, 117.66, 127.75, 120.25, 91.25, 138.5
2024-11-07, 08:28:28, 136.5, 58.41, 22.91, 22.09, 9999.0, 9.7, 10.0, 21.75, 9999.0, 24.07, 9999.0, 117.66, 127.75, 120.25, 91.25, 138.48
2024-11-07, 08:28:32, 136.5, 58.41, 22.91, 22.09, 9999.0, 9.73, 10.02, 21.75, 9999.0, 24.07, 9999.0, 117.64, 127.75, 120.25, 91.23, 138.48
2024-11-07, 08:28:36, 136.5, 58.41, 22.91, 22.07, 9999.0, 9.75, 10.02, 21.75, 9999.0, 24.07, 9999.0, 117.64, 127.75, 120.25, 91.23, 138.48
2024-11-07, 08:28:40, 136.5, 58.43, 22.91, 22.07, 9999.0, 9.77, 10.02, 21.75, 9999.0, 24.07, 9999.0, 117.64, 127.75, 120.25, 91.23, 138.48
2024-11-07, 08:28:44, 136.5, 58.45, 22.91, 22.07, 9999.0, 9.8, 10.02, 21.75, 9999.0, 24.07, 9999.0, 117.64, 127.75, 120.25, 91.2, 138.48
2024-11-07, 08:28:48, 136.5, 58.45, 22.89, 22.07, 9999.0, 9.8, 10.05, 21.75, 9999.0, 24.05, 9999.0, 117.66, 127.75, 120.25, 91.2, 138.48
2024-11-07, 08:28:52, 136.5, 58.43, 22.86, 22.07, 9999.0, 9.8, 10.05, 21.75, 9999.0, 24.02, 9999.0, 117.68, 127.75, 120.25, 91.2, 138.48
2024-11-07, 08:28:56, 136.5, 58.45, 22.84, 22.05, 9999.0, 9.8, 10.05, 21.75, 9999.0, 24.05, 9999.0, 117.7, 127.75, 120.25, 91.2, 138.48
2024-11-07, 08:29:01, 136.5, 58.45, 22.86, 22.05, 9999.0, 9.82, 10.05, 21.75, 9999.0, 24.05, 9999.0, 117.73, 127.75, 120.25, 91.2, 138.48
2024-11-07, 08:29:05, 136.5, 58.43, 22.86, 22.07, 9999.0, 9.82, 10.05, 21.75, 9999.0, 24.07, 9999.0, 117.75, 127.75, 120.25, 91.2, 138.48
2024-11-07, 08:29:09, 136.5, 58.43, 22.89, 22.07, 9999.0, 9.82, 10.05, 21.75, 9999.0, 24.09, 9999.0, 117.77, 127.75, 120.25, 91.2, 138.48
2024-11-07, 08:29:13, 136.5, 58.43, 22.91, 22.05, 9999.0, 9.82, 10.05, 21.75, 9999.0, 24.11, 9999.0, 117.77, 127.75, 120.25, 91.2, 138.5
2024-11-07, 08:29:17, 136.5, 58.43, 22.93, 22.05, 9999.0, 9.8, 10.02, 21.75, 9999.0, 24.14, 9999.0, 117.8, 127.75, 120.25, 91.23, 138.5
2024-11-07, 08:29:21, 136.5, 58.41, 22.93, 22.07, 9999.0, 9.75, 10.02, 21.75, 9999.0, 24.16, 9999.0, 117.8, 127.75, 120.25, 91.23, 138.5
2024-11-07, 08:29:25, 136.5, 58.39, 22.93, 22.09, 9999.0, 9.73, 10.02, 21.75, 9999.0, 24.18, 9999.0, 117.77, 127.75, 120.25, 91.23, 138.5
2024-11-07, 08:29:29, 136.5, 58.36, 22.91, 22.09, 9999.0, 9.7, 10.02, 21.75, 9999.0, 24.2, 9999.0, 117.75, 127.75, 120.25, 91.25, 138.5
2024-11-07, 08:29:33, 136.5, 58.39, 22.93, 22.09, 9999.0, 9.68, 10.0, 21.75, 9999.0, 24.2, 9999.0, 117.73, 127.75, 120.25, 91.25, 138.5
2024-11-07, 08:29:37, 136.5, 58.39, 22.95, 22.09, 9999.0, 9.66, 10.0, 21.75, 9999.0, 24.2, 9999.0, 117.68, 127.75, 120.25, 91.25, 138.5
2024-11-07, 08:29:41, 136.48, 58.36, 22.98, 22.09, 9999.0, 9.66, 10.0, 21.75, 9999.0, 24.18, 9999.0, 117.66, 127.75, 120.25, 91.25, 138.5
2024-11-07, 08:29:45, 136.45, 58.34, 22.98, 22.07, 9999.0, 9.66, 10.0, 21.75, 9999.0, 24.16, 9999.0, 117.64, 127.75, 120.25, 91.25, 138.5
2024-11-07, 08:29:49, 136.45, 58.34, 22.95, 22.07, 9999.0, 9.68, 10.0, 21.75, 9999.0, 24.14, 9999.0, 117.61, 127.75, 120.25, 91.25, 138.5
2024-11-07, 08:29:53, 136.45, 58.32, 22.95, 22.07, 9999.0, 9.68, 10.0, 21.75, 9999.0, 24.11, 9999.0, 117.59, 127.75, 120.25, 91.25, 138.5
2024-11-07, 08:29:57, 136.45, 58.32, 22.93, 22.07, 9999.0, 9.68, 10.0, 21.75, 9999.0, 24.09, 9999.0, 117.59, 127.75, 120.25, 91.25, 138.5
2024-11-07, 08:30:01, 136.45, 58.3, 22.91, 22.07, 9999.0, 9.68, 10.0, 21.75, 9999.0, 24.07, 9999.0, 117.59, 127.75, 120.25, 91.23, 138.5
2024-11-07, 08:30:05, 136.45, 58.32, 22.89, 22.05, 9999.0, 9.7, 10.0, 21.75, 9999.0, 24.05, 9999.0, 117.59, 127.75, 120.25, 91.23, 138.5
2024-11-07, 08:30:09, 136.45, 58.32, 22.86, 22.05, 9999.0, 9.7, 10.0, 21.75, 9999.0, 24.02, 9999.0, 117.64, 127.75, 120.25, 91.23, 138.5
2024-11-07, 08:30:13, 136.45, 58.32, 22.86, 22.05, 9999.0, 9.73, 10.0, 21.75, 9999.0, 24.0, 9999.0, 117.66, 127.75, 120.25, 91.23, 138.5
2024-11-07, 08:30:17, 136.45, 58.32, 22.86, 22.07, 9999.0, 9.75, 10.0, 21.75, 9999.0, 24.02, 9999.0, 117.66, 127.75, 120.25, 91.23, 138.5
2024-11-07, 08:30:21, 136.45, 58.32, 22.84, 22.07, 9999.0, 9.77, 10.0, 21.75, 9999.0, 24.02, 9999.0, 117.68, 127.75, 120.25, 91.23, 138.5
2024-11-07, 08:30:25, 136.45, 58.32, 22.84, 22.07, 9999.0, 9.77, 10.0, 21.75, 9999.0, 24.05, 9999.0, 117.7, 127.75, 120.25, 91.23, 138.5
2024-11-07, 08:30:29, 136.48, 58.34, 22.82, 22.09, 9999.0, 9.75, 10.0, 21.75, 9999.0, 24.07, 9999.0, 117.73, 127.75, 120.25, 91.23, 138.5
2024-11-07, 08:30:33, 136.48, 58.34, 22.84, 22.09, 9999.0, 9.73, 10.0, 21.75, 9999.0, 24.09, 9999.0, 117.75, 127.75, 120.25, 91.23, 138.5
2024-11-07, 08:30:37, 136.48, 58.34, 22.84, 22.11, 9999.0, 9.73, 10.0, 21.75, 9999.0, 24.11, 9999.0, 117.77, 127.75, 120.25, 91.23, 138.5
2024-11-07, 08:30:41, 136.48, 58.32, 22.86, 22.14, 9999.0, 9.73, 10.0, 21.75, 9999.0, 24.14, 9999.0, 117.77, 127.75, 120.25, 91.23, 138.5
2024-11-07, 08:30:45, 136.48, 58.34, 22.89, 22.14, 9999.0, 9.7, 10.0, 21.75, 9999.0, 24.14, 9999.0, 117.75, 127.75, 120.25, 91.25, 138.5
2024-11-07, 08:30:49, 136.48, 58.34, 22.91, 22.14, 9999.0, 9.68, 10.0, 21.75, 9999.0, 24.14, 9999.0, 117.73, 127.75, 120.25, 91.25, 138.5
2024-11-07, 08:30:53, 136.48, 58.34, 22.93, 22.11, 9999.0, 9.66, 10.0, 21.75, 9999.0, 24.14, 9999.0, 117.68, 127.75, 120.25, 91.25, 138.5
2024-11-07, 08:30:57, 136.48, 58.34, 22.95, 22.11, 9999.0, 9.66, 10.0, 21.75, 9999.0, 24.14, 9999.0, 117.66, 127.75, 120.25, 91.25, 138.5
2024-11-07, 08:31:01, 136.48, 58.34, 22.95, 22.09, 9999.0, 9.66, 10.0, 21.75, 9999.0, 24.11, 9999.0, 117.64, 127.75, 120.25, 91.25, 138.5
2024-11-07, 08:31:05, 136.48, 58.34, 22.95, 22.09, 9999.0, 9.66, 10.0, 21.75, 9999.0, 24.09, 9999.0, 117.61, 127.75, 120.25, 91.25, 138.5
2024-11-07, 08:31:09, 136.5, 58.36, 22.93, 22.09, 9999.0, 9.68, 10.0, 21.75, 9999.0, 24.07, 9999.0, 117.59, 127.75, 120.25, 91.25, 138.5
2024-11-07, 08:31:13, 136.5, 58.34, 22.93, 22.07, 9999.0, 9.73, 10.02, 21.75, 9999.0, 24.02, 9999.0, 117.59, 127.75, 120.25, 91.25, 138.5
2024-11-07, 08:31:17, 136.5, 58.34, 22.91, 22.05, 9999.0, 9.73, 10.02, 21.75, 9999.0, 24.0, 9999.0, 117.59, 127.75, 120.25, 91.25, 138.5
2024-11-07, 08:31:21, 136.5, 58.34, 22.89, 22.02, 9999.0, 9.73, 10.02, 21.75, 9999.0, 23.95, 9999.0, 117.59, 127.75, 120.25, 91.25, 138.5
2024-11-07, 08:31:25, 136.5, 58.34, 22.89, 22.0, 9999.0, 9.73, 10.02, 21.75, 9999.0, 23.93, 9999.0, 117.61, 127.75, 120.25, 91.25, 138.5
2024-11-07, 08:31:29, 136.5, 58.32, 22.89, 22.02, 9999.0, 9.75, 10.02, 21.75, 9999.0, 23.93, 9999.0, 117.64, 127.75, 120.25, 91.25, 138.5
2024-11-07, 08:31:33, 136.5, 58.32, 22.89, 22.02, 9999.0, 9.77, 10.02, 21.75, 9999.0, 23.93, 9999.0, 117.66, 127.75, 120.25, 91.25, 138.5
2024-11-07, 08:31:37, 136.5, 58.32, 22.89, 22.02, 9999.0, 9.8, 10.02, 21.75, 9999.0, 23.95, 9999.0, 117.68, 127.75, 120.25, 91.25, 138.5
2024-11-07, 08:31:41, 136.5, 58.34, 22.89, 22.02, 9999.0, 9.8, 10.02, 21.75, 9999.0, 23.95, 9999.0, 117.7, 127.75, 120.25, 91.25, 138.5
2024-11-07, 08:31:45, 136.5, 58.32, 22.89, 22.02, 9999.0, 9.77, 10.02, 21.75, 9999.0, 23.98, 9999.0, 117.73, 127.75, 120.25, 91.25, 138.5
2024-11-07, 08:31:49, 136.5, 58.32, 22.91, 22.05, 9999.0, 9.77, 10.02, 21.75, 9999.0, 24.02, 9999.0, 117.75, 127.75, 120.25, 91.23, 138.5
2024-11-07, 08:31:53, 136.5, 58.3, 22.93, 22.05, 9999.0, 9.75, 10.02, 21.75, 9999.0, 24.05, 9999.0, 117.77, 127.75, 120.25, 91.2, 138.5
2024-11-07, 08:31:57, 136.5, 58.32, 22.93, 22.05, 9999.0, 9.73, 10.0, 21.75, 9999.0, 24.07, 9999.0, 117.75, 127.75, 120.25, 91.2, 138.5
2024-11-07, 08:32:01, 136.5, 58.32, 22.95, 22.05, 9999.0, 9.7, 10.0, 21.75, 9999.0, 24.09, 9999.0, 117.75, 127.75, 120.25, 91.18, 138.48
2024-11-07, 08:32:05, 136.5, 58.32, 22.95, 22.05, 9999.0, 9.68, 10.0, 21.75, 9999.0, 24.11, 9999.0, 117.75, 127.75, 120.25, 91.18, 138.48
2024-11-07, 08:32:09, 136.5, 58.32, 22.93, 22.05, 9999.0, 9.66, 10.0, 21.75, 9999.0, 24.11, 9999.0, 117.7, 127.75, 120.23, 91.18, 138.48
2024-11-07, 08:32:13, 136.5, 58.32, 22.93, 22.02, 9999.0, 9.64, 10.0, 21.75, 9999.0, 24.11, 9999.0, 117.68, 127.75, 120.23, 91.18, 138.48
2024-11-07, 08:32:17, 136.5, 58.32, 22.91, 22.02, 9999.0, 9.64, 10.0, 21.75, 9999.0, 24.11, 9999.0, 117.66, 127.75, 120.23, 91.16, 138.48
2024-11-07, 08:32:21, 136.5, 58.32, 22.91, 22.02, 9999.0, 9.64, 10.0, 21.75, 9999.0, 24.09, 9999.0, 117.64, 127.75, 120.2, 91.14, 138.45
2024-11-07, 08:32:25, 136.5, 58.3, 22.91, 22.02, 9999.0, 9.66, 10.0, 21.75, 9999.0, 24.09, 9999.0, 117.61, 127.75, 120.2, 91.11, 138.45
2024-11-07, 08:32:29, 136.5, 58.3, 22.89, 22.02, 9999.0, 9.7, 10.0, 21.75, 9999.0, 24.07, 9999.0, 117.59, 127.75, 120.2, 91.09, 138.45
2024-11-07, 08:32:34, 136.5, 58.3, 22.89, 22.0, 9999.0, 9.73, 10.0, 21.75, 9999.0, 24.05, 9999.0, 117.59, 127.75, 120.2, 91.09, 138.45
2024-11-07, 08:32:38, 136.5, 58.3, 22.89, 22.0, 9999.0, 9.73, 10.0, 21.75, 9999.0, 24.02, 9999.0, 117.59, 127.75, 120.2, 91.09, 138.45
2024-11-07, 08:32:42, 136.5, 58.27, 22.91, 22.0, 9999.0, 9.73, 10.0, 21.75, 9999.0, 24.02, 9999.0, 117.64, 127.75, 120.2, 91.07, 138.45
2024-11-07, 08:32:46, 136.5, 58.27, 22.91, 22.0, 9999.0, 9.75, 10.0, 21.75, 9999.0, 24.0, 9999.0, 117.66, 127.75, 120.2, 91.09, 138.48
2024-11-07, 08:32:50, 136.5, 58.27, 22.93, 22.0, 9999.0, 9.77, 10.0, 21.75, 9999.0, 24.0, 9999.0, 117.66, 127.75, 120.2, 91.07, 138.48
2024-11-07, 08:32:54, 136.5, 58.3, 22.95, 22.0, 9999.0, 9.8, 10.0, 21.75, 9999.0, 24.0, 9999.0, 117.68, 127.75, 120.23, 91.07, 138.48
2024-11-07, 08:32:58, 136.5, 58.3, 22.95, 22.0, 9999.0, 9.82, 10.0, 21.75, 9999.0, 24.0, 9999.0, 117.7, 127.75, 120.23, 91.05, 138.48
2024-11-07, 08:33:02, 136.5, 58.27, 22.98, 22.0, 9999.0, 9.82, 10.0, 21.75, 9999.0, 24.0, 9999.0, 117.73, 127.75, 120.2, 91.07, 138.48
2024-11-07, 08:33:06, 136.5, 58.27, 22.98, 22.0, 9999.0, 9.82, 10.0, 21.75, 9999.0, 24.02, 9999.0, 117.75, 127.75, 120.23, 91.09, 138.5
2024-11-07, 08:33:10, 136.5, 58.27, 22.98, 22.0, 9999.0, 9.77, 10.0, 21.75, 9999.0, 24.02, 9999.0, 117.77, 127.75, 120.23, 91.11, 138.48
2024-11-07, 08:33:14, 136.5, 58.27, 23.0, 22.0, 9999.0, 9.73, 10.0, 21.75, 9999.0, 24.02, 9999.0, 117.77, 127.75, 120.23, 91.11, 138.48
2024-11-07, 08:33:18, 136.5, 58.27, 22.98, 22.0, 9999.0, 9.7, 10.0, 21.75, 9999.0, 24.02, 9999.0, 117.77, 127.75, 120.23, 91.14, 138.48
2024-11-07, 08:33:22, 136.5, 58.27, 22.98, 22.0, 9999.0, 9.68, 10.0, 21.73, 9999.0, 24.02, 9999.0, 117.75, 127.75, 120.23, 91.16, 138.48
2024-11-07, 08:33:26, 136.5, 58.27, 22.95, 22.0, 9999.0, 9.66, 10.0, 21.73, 9999.0, 24.02, 9999.0, 117.7, 127.75, 120.23, 91.16, 138.45
2024-11-07, 08:33:30, 136.5, 58.27, 22.95, 22.0, 9999.0, 9.64, 10.0, 21.73, 9999.0, 24.02, 9999.0, 117.66, 127.75, 120.23, 91.16, 138.43
2024-11-07, 08:33:34, 136.5, 58.27, 22.93, 22.0, 9999.0, 9.64, 10.0, 21.73, 9999.0, 24.02, 9999.0, 117.64, 127.75, 120.23, 91.18, 138.43
2024-11-07, 08:33:38, 136.5, 58.25, 22.93, 22.0, 9999.0, 9.64, 10.0, 21.73, 9999.0, 24.02, 9999.0, 117.61, 127.75, 120.23, 91.18, 138.41
2024-11-07, 08:33:42, 136.5, 58.25, 22.93, 22.0, 9999.0, 9.64, 10.0, 21.73, 9999.0, 24.02, 9999.0, 117.59, 127.75, 120.23, 91.18, 138.41
2024-11-07, 08:33:46, 136.5, 58.25, 22.91, 22.0, 9999.0, 9.66, 10.0, 21.73, 9999.0, 24.02, 9999.0, 117.57, 127.75, 120.25, 91.16, 138.41
2024-11-07, 08:33:50, 136.5, 58.25, 22.91, 22.0, 9999.0, 9.66, 10.0, 21.73, 9999.0, 24.0, 9999.0, 117.57, 127.75, 120.25, 91.14, 138.39
2024-11-07, 08:33:54, 136.5, 58.25, 22.89, 22.02, 9999.0, 9.7, 10.0, 21.73, 9999.0, 24.0, 9999.0, 117.57, 127.75, 120.25, 91.14, 138.41
2024-11-07, 08:33:58, 136.5, 58.25, 22.89, 22.02, 9999.0, 9.73, 10.0, 21.73, 9999.0, 24.0, 9999.0, 117.59, 127.75, 120.25, 91.16, 138.39
2024-11-07, 08:34:02, 136.5, 58.25, 22.91, 22.02, 9999.0, 9.73, 10.0, 21.73, 9999.0, 23.98, 9999.0, 117.59, 127.75, 120.25, 91.16, 138.39
2024-11-07, 08:34:06, 136.5, 58.25, 22.91, 22.02, 9999.0, 9.75, 10.0, 21.75, 9999.0, 23.95, 9999.0, 117.64, 127.75, 120.25, 91.16, 138.36
2024-11-07, 08:34:10, 136.5, 58.25, 22.91, 22.02, 9999.0, 9.77, 10.0, 21.75, 9999.0, 23.95, 9999.0, 117.66, 127.75, 120.25, 91.18, 138.36
2024-11-07, 08:34:14, 136.5, 58.25, 22.89, 22.02, 9999.0, 9.8, 10.0, 21.75, 9999.0, 23.95, 9999.0, 117.68, 127.75, 120.25, 91.16, 138.36
2024-11-07, 08:34:18, 136.5, 58.25, 22.89, 22.02, 9999.0, 9.8, 10.0, 21.75, 9999.0, 23.95, 9999.0, 117.7, 127.75, 120.25, 91.14, 138.36
2024-11-07, 08:34:22, 136.5, 58.25, 22.86, 22.02, 9999.0, 9.8, 10.0, 21.75, 9999.0, 23.98, 9999.0, 117.73, 127.75, 120.25, 91.14, 138.36
2024-11-07, 08:34:26, 136.5, 58.25, 22.86, 22.02, 9999.0, 9.8, 10.0, 21.75, 9999.0, 24.0, 9999.0, 117.75, 127.75, 120.25, 91.14, 138.36
2024-11-07, 08:34:30, 136.5, 58.25, 22.89, 22.02, 9999.0, 9.75, 10.0, 21.75, 9999.0, 24.02, 9999.0, 117.77, 127.75, 120.25, 91.16, 138.34
2024-11-07, 08:34:34, 136.5, 58.25, 22.86, 22.02, 9999.0, 9.75, 10.0, 21.75, 9999.0, 24.05, 9999.0, 117.75, 127.75, 120.25, 91.18, 138.36
2024-11-07, 08:34:38, 136.5, 58.27, 22.86, 22.0, 9999.0, 9.7, 10.0, 21.75, 9999.0, 24.07, 9999.0, 117.73, 127.75, 120.25, 91.18, 138.36
2024-11-07, 08:34:42, 136.5, 58.27, 22.86, 22.0, 9999.0, 9.68, 10.0, 21.75, 9999.0, 24.09, 9999.0, 117.7, 127.75, 120.25, 91.18, 138.39
2024-11-07, 08:34:46, 136.5, 58.27, 22.86, 22.0, 9999.0, 9.66, 10.0, 21.75, 9999.0, 24.11, 9999.0, 117.68, 127.75, 120.25, 91.16, 138.36
2024-11-07, 08:34:50, 136.5, 58.27, 22.86, 22.02, 9999.0, 9.64, 10.0, 21.75, 9999.0, 24.14, 9999.0, 117.64, 127.75, 120.25, 91.16, 138.36
2024-11-07, 08:34:54, 136.5, 58.27, 22.89, 22.02, 9999.0, 9.64, 10.0, 21.75, 9999.0, 24.14, 9999.0, 117.61, 127.75, 120.25, 91.14, 138.36
2024-11-07, 08:34:58, 136.5, 58.27, 22.89, 22.02, 9999.0, 9.64, 10.0, 21.75, 9999.0, 24.14, 9999.0, 117.59, 127.75, 120.25, 91.14, 138.36
2024-11-07, 08:35:02, 136.5, 58.27, 22.91, 22.02, 9999.0, 9.66, 10.0, 21.75, 9999.0, 24.14, 9999.0, 117.57, 127.75, 120.25, 91.16, 138.34
2024-11-07, 08:35:06, 136.5, 58.27, 22.93, 22.02, 9999.0, 9.68, 10.0, 21.75, 9999.0, 24.11, 9999.0, 117.55, 127.75, 120.25, 91.14, 138.36
2024-11-07, 08:35:10, 136.5, 58.27, 22.91, 22.02, 9999.0, 9.68, 10.0, 21.75, 9999.0, 24.09, 9999.0, 117.55, 127.75, 120.25, 91.14, 138.36
2024-11-07, 08:35:14, 136.5, 58.27, 22.89, 22.02, 9999.0, 9.7, 10.0, 21.75, 9999.0, 24.05, 9999.0, 117.52, 127.75, 120.25, 91.11, 138.39
2024-11-07, 08:35:18, 136.5, 58.27, 22.91, 22.02, 9999.0, 9.7, 10.0, 21.75, 9999.0, 24.0, 9999.0, 117.55, 127.75, 120.25, 91.11, 138.39
2024-11-07, 08:35:22, 136.5, 58.25, 22.93, 22.02, 9999.0, 9.73, 10.0, 21.75, 9999.0, 23.95, 9999.0, 117.59, 127.75, 120.25, 91.11, 138.39
2024-11-07, 08:35:26, 136.5, 58.25, 22.93, 22.02, 9999.0, 9.75, 10.0, 21.75, 9999.0, 23.91, 9999.0, 117.61, 127.75, 120.25, 91.11, 138.39
2024-11-07, 08:35:30, 136.5, 58.25, 22.93, 22.02, 9999.0, 9.77, 10.0, 21.75, 9999.0, 23.91, 9999.0, 117.64, 127.75, 120.23, 91.14, 138.41
2024-11-07, 08:35:34, 136.5, 58.25, 22.93, 22.0, 9999.0, 9.8, 10.0, 21.75, 9999.0, 23.91, 9999.0, 117.66, 127.75, 120.23, 91.14, 138.43
2024-11-07, 08:35:38, 136.5, 58.25, 22.91, 22.0, 9999.0, 9.8, 10.0, 21.75, 9999.0, 23.91, 9999.0, 117.68, 127.75, 120.23, 91.16, 138.45
2024-11-07, 08:35:42, 136.5, 58.25, 22.91, 22.0, 9999.0, 9.8, 10.0, 21.75, 9999.0, 23.91, 9999.0, 117.7, 127.75, 120.23, 91.18, 138.48
2024-11-07, 08:35:46, 136.5, 58.25, 22.89, 22.0, 9999.0, 9.77, 10.0, 21.75, 9999.0, 23.91, 9999.0, 117.7, 127.75, 120.23, 91.16, 138.5
2024-11-07, 08:35:50, 136.5, 58.25, 22.86, 22.0, 9999.0, 9.73, 10.0, 21.75, 9999.0, 23.91, 9999.0, 117.73, 127.75, 120.23, 91.16, 138.5
2024-11-07, 08:35:54, 136.5, 58.25, 22.89, 22.0, 9999.0, 9.73, 10.0, 21.75, 9999.0, 23.91, 9999.0, 117.7, 127.75, 120.23, 91.18, 138.48
2024-11-07, 08:35:59, 136.5, 58.25, 22.89, 22.0, 9999.0, 9.7, 10.0, 21.75, 9999.0, 23.93, 9999.0, 117.7, 127.75, 120.23, 91.18, 138.45
2024-11-07, 08:36:03, 136.5, 58.25, 22.86, 22.0, 9999.0, 9.68, 10.0, 21.75, 9999.0, 23.95, 9999.0, 117.68, 127.75, 120.23, 91.16, 138.45
2024-11-07, 08:36:07, 136.5, 58.25, 22.84, 22.0, 9999.0, 9.66, 10.0, 21.75, 9999.0, 23.98, 9999.0, 117.64, 127.75, 120.23, 91.14, 138.43
2024-11-07, 08:36:11, 136.5, 58.25, 22.84, 22.0, 9999.0, 9.66, 10.0, 21.75, 9999.0, 24.0, 9999.0, 117.61, 127.75, 120.23, 91.11, 138.41
2024-11-07, 08:36:15, 136.5, 58.27, 22.84, 22.0, 9999.0, 9.66, 10.0, 21.75, 9999.0, 23.98, 9999.0, 117.59, 127.75, 120.25, 91.09, 138.39
2024-11-07, 08:36:19, 136.48, 58.27, 22.84, 22.0, 9999.0, 9.66, 10.0, 21.75, 9999.0, 23.98, 9999.0, 117.57, 127.75, 120.25, 91.09, 138.36
2024-11-07, 08:36:23, 136.48, 58.27, 22.86, 22.0, 9999.0, 9.68, 10.0, 21.75, 9999.0, 23.95, 9999.0, 117.55, 127.75, 120.25, 91.09, 138.34
2024-11-07, 08:36:27, 136.48, 58.27, 22.89, 22.0, 9999.0, 9.7, 10.0, 21.75, 9999.0, 23.93, 9999.0, 117.55, 127.75, 120.25, 91.07, 138.32
2024-11-07, 08:36:31, 136.45, 58.27, 22.91, 22.0, 9999.0, 9.7, 10.0, 21.75, 9999.0, 23.91, 9999.0, 117.57, 127.75, 120.25, 91.07, 138.3
2024-11-07, 08:36:35, 136.45, 58.27, 22.91, 22.0, 9999.0, 9.73, 10.0, 21.75, 9999.0, 23.89, 9999.0, 117.57, 127.75, 120.23, 91.09, 138.27
2024-11-07, 08:36:39, 136.45, 58.27, 22.89, 22.0, 9999.0, 9.73, 10.0, 21.75, 9999.0, 23.86, 9999.0, 117.59, 127.75, 120.23, 91.09, 138.3
2024-11-07, 08:36:43, 136.45, 58.27, 22.89, 22.0, 9999.0, 9.75, 10.0, 21.75, 9999.0, 23.84, 9999.0, 117.61, 127.75, 120.23, 91.11, 138.32
2024-11-07, 08:36:47, 136.43, 58.27, 22.89, 22.0, 9999.0, 9.77, 10.0, 21.75, 9999.0, 23.84, 9999.0, 117.64, 127.75, 120.23, 91.14, 138.3
2024-11-07, 08:36:51, 136.43, 58.27, 22.89, 22.0, 9999.0, 9.8, 10.0, 21.75, 9999.0, 23.84, 9999.0, 117.66, 127.75, 120.23, 91.14, 138.32
2024-11-07, 08:36:55, 136.43, 58.27, 22.89, 22.0, 9999.0, 9.8, 10.0, 21.75, 9999.0, 23.84, 9999.0, 117.68, 127.75, 120.23, 91.14, 138.32
2024-11-07, 08:36:59, 136.43, 58.25, 22.86, 22.0, 9999.0, 9.8, 10.0, 21.73, 9999.0, 23.91, 9999.0, 117.7, 127.75, 120.23, 91.14, 138.34
2024-11-07, 08:37:03, 136.45, 58.25, 22.84, 22.0, 9999.0, 9.8, 10.0, 21.73, 9999.0, 23.93, 9999.0, 117.73, 127.75, 120.23, 91.11, 138.36
2024-11-07, 08:37:07, 136.45, 58.25, 22.84, 22.0, 9999.0, 9.77, 10.0, 21.73, 9999.0, 23.98, 9999.0, 117.75, 127.75, 120.23, 91.09, 138.36
2024-11-07, 08:37:11, 136.45, 58.25, 22.82, 22.0, 9999.0, 9.75, 10.0, 21.73, 9999.0, 24.02, 9999.0, 117.75, 127.75, 120.23, 91.09, 138.39
2024-11-07, 08:37:15, 136.48, 58.25, 22.8, 22.0, 9999.0, 9.73, 10.0, 21.73, 9999.0, 24.07, 9999.0, 117.73, 127.75, 120.23, 91.11, 138.41
2024-11-07, 08:37:19, 136.48, 58.25, 22.8, 22.0, 9999.0, 9.7, 10.0, 21.73, 9999.0, 24.09, 9999.0, 117.7, 127.75, 120.25, 91.11, 138.41
2024-11-07, 08:37:23, 136.48, 58.25, 22.8, 22.0, 9999.0, 9.68, 10.0, 21.73, 9999.0, 24.11, 9999.0, 117.68, 127.75, 120.25, 91.09, 138.41
2024-11-07, 08:37:27, 136.48, 58.25, 22.8, 22.0, 9999.0, 9.66, 10.0, 21.73, 9999.0, 24.14, 9999.0, 117.66, 127.75, 120.25, 91.09, 138.41
2024-11-07, 08:37:31, 136.5, 58.25, 22.82, 22.0, 9999.0, 9.66, 10.0, 21.73, 9999.0, 24.14, 9999.0, 117.64, 127.75, 120.25, 91.07, 138.41
2024-11-07, 08:37:35, 136.5, 58.25, 22.82, 22.0, 9999.0, 9.66, 10.0, 21.73, 9999.0, 24.14, 9999.0, 117.61, 127.75, 120.25, 91.07, 138.39
2024-11-07, 08:37:39, 136.5, 58.25, 22.8, 22.0, 9999.0, 9.66, 10.0, 21.73, 9999.0, 24.11, 9999.0, 117.59, 127.75, 120.25, 91.07, 138.41
2024-11-07, 08:37:43, 136.5, 58.25, 22.8, 22.0, 9999.0, 9.68, 10.0, 21.75, 9999.0, 24.05, 9999.0, 117.57, 127.75, 120.25, 91.09, 138.41
2024-11-07, 08:37:47, 136.5, 58.25, 22.8, 22.0, 9999.0, 9.7, 10.0, 21.75, 9999.0, 24.0, 9999.0, 117.57, 127.75, 120.25, 91.11, 138.41
2024-11-07, 08:37:51, 136.5, 58.25, 22.77, 22.0, 9999.0, 9.7, 10.0, 21.75, 9999.0, 23.95, 9999.0, 117.55, 127.75, 120.25, 91.14, 138.43
2024-11-07, 08:37:55, 136.5, 58.25, 22.77, 22.0, 9999.0, 9.7, 10.0, 21.75, 9999.0, 23.91, 9999.0, 117.55, 127.75, 120.25, 91.16, 138.41
2024-11-07, 08:37:59, 136.5, 58.25, 22.8, 22.0, 9999.0, 9.73, 10.0, 21.75, 9999.0, 23.84, 9999.0, 117.57, 127.75, 120.25, 91.16, 138.41
2024-11-07, 08:38:03, 136.5, 58.27, 22.8, 22.0, 9999.0, 9.75, 10.0, 21.75, 9999.0, 23.8, 9999.0, 117.59, 127.75, 120.25, 91.16, 138.43
2024-11-07, 08:38:07, 136.5, 58.3, 22.8, 22.0, 9999.0, 9.77, 10.0, 21.75, 9999.0, 23.77, 9999.0, 117.61, 127.75, 120.25, 91.18, 138.43
2024-11-07, 08:38:11, 136.5, 58.3, 22.8, 22.0, 9999.0, 9.8, 10.0, 21.75, 9999.0, 23.75, 9999.0, 117.64, 127.75, 120.25, 91.18, 138.43
2024-11-07, 08:38:15, 136.5, 58.32, 22.77, 22.0, 9999.0, 9.8, 10.0, 21.75, 9999.0, 23.75, 9999.0, 117.66, 127.75, 120.25, 91.2, 138.43
2024-11-07, 08:38:19, 136.5, 58.32, 22.77, 22.0, 9999.0, 9.8, 10.0, 21.75, 9999.0, 23.77, 9999.0, 117.68, 127.75, 120.25, 91.23, 138.45
2024-11-07, 08:38:23, 136.5, 58.34, 22.77, 22.0, 9999.0, 9.8, 10.0, 21.75, 9999.0, 23.8, 9999.0, 117.7, 127.75, 120.25, 91.25, 138.43
2024-11-07, 08:38:27, 136.5, 58.34, 22.77, 22.0, 9999.0, 9.77, 10.0, 21.75, 9999.0, 23.82, 9999.0, 117.73, 127.75, 120.25, 91.25, 138.41
2024-11-07, 08:38:31, 136.5, 58.34, 22.77, 22.0, 9999.0, 9.73, 10.0, 21.75, 9999.0, 23.84, 9999.0, 117.73, 127.75, 120.25, 91.25, 138.41
2024-11-07, 08:38:35, 136.48, 58.36, 22.77, 22.0, 9999.0, 9.7, 10.0, 21.75, 9999.0, 23.86, 9999.0, 117.75, 127.75, 120.25, 91.23, 138.39
2024-11-07, 08:38:39, 136.48, 58.36, 22.77, 22.0, 9999.0, 9.68, 10.0, 21.75, 9999.0, 23.86, 9999.0, 117.73, 127.75, 120.25, 91.23, 138.39
2024-11-07, 08:38:43, 136.48, 58.39, 22.75, 22.0, 9999.0, 9.68, 10.0, 21.75, 9999.0, 23.89, 9999.0, 117.7, 127.75, 120.25, 91.2, 138.36
2024-11-07, 08:38:47, 136.48, 58.36, 22.75, 22.0, 9999.0, 9.68, 10.0, 21.75, 9999.0, 23.91, 9999.0, 117.68, 127.75, 120.25, 91.2, 138.34
2024-11-07, 08:38:51, 136.48, 58.34, 22.75, 22.0, 9999.0, 9.68, 10.0, 21.75, 9999.0, 23.91, 9999.0, 117.66, 127.75, 120.25, 91.18, 138.32
2024-11-07, 08:38:55, 136.48, 58.34, 22.75, 22.0, 9999.0, 9.68, 10.0, 21.73, 9999.0, 23.91, 9999.0, 117.64, 127.75, 120.25, 91.18, 138.3
2024-11-07, 08:38:59, 136.48, 58.32, 22.75, 22.0, 9999.0, 9.7, 10.0, 21.73, 9999.0, 23.89, 9999.0, 117.61, 127.75, 120.25, 91.16, 138.32
2024-11-07, 08:39:03, 136.48, 58.32, 22.77, 22.0, 9999.0, 9.7, 10.0, 21.73, 9999.0, 23.84, 9999.0, 117.61, 127.75, 120.25, 91.16, 138.3
2024-11-07, 08:39:07, 136.48, 58.3, 22.8, 22.0, 9999.0, 9.73, 10.0, 21.73, 9999.0, 23.82, 9999.0, 117.59, 127.73, 120.25, 91.16, 138.32
2024-11-07, 08:39:11, 136.48, 58.3, 22.8, 22.0, 9999.0, 9.73, 10.0, 21.73, 9999.0, 23.8, 9999.0, 117.59, 127.73, 120.23, 91.16, 138.34
2024-11-07, 08:39:15, 136.48, 58.3, 22.8, 22.0, 9999.0, 9.75, 10.0, 21.73, 9999.0, 23.77, 9999.0, 117.61, 127.73, 120.23, 91.16, 138.34
2024-11-07, 08:39:19, 136.5, 58.27, 22.8, 22.0, 9999.0, 9.77, 10.0, 21.73, 9999.0, 23.75, 9999.0, 117.64, 127.73, 120.23, 91.18, 138.36
2024-11-07, 08:39:23, 136.5, 58.3, 22.8, 22.0, 9999.0, 9.8, 10.0, 21.73, 9999.0, 23.75, 9999.0, 117.68, 127.73, 120.23, 91.18, 138.39
2024-11-07, 08:39:28, 136.5, 58.3, 22.8, 22.0, 9999.0, 9.8, 10.0, 21.73, 9999.0, 23.77, 9999.0, 117.7, 127.73, 120.23, 91.2, 138.41
2024-11-07, 08:39:32, 136.5, 58.32, 22.8, 22.0, 9999.0, 9.8, 10.0, 21.73, 9999.0, 23.77, 9999.0, 117.73, 127.7, 120.23, 91.18, 138.43
2024-11-07, 08:39:36, 136.5, 58.32, 22.8, 22.0, 9999.0, 9.8, 10.0, 21.73, 9999.0, 23.8, 9999.0, 117.75, 127.7, 120.23, 91.18, 138.43
2024-11-07, 08:39:40, 136.5, 58.32, 22.8, 22.0, 9999.0, 9.8, 10.0, 21.75, 9999.0, 23.82, 9999.0, 117.77, 127.7, 120.23, 91.18, 138.45
2024-11-07, 08:39:44, 136.5, 58.32, 22.8, 22.0, 9999.0, 9.77, 10.0, 21.75, 9999.0, 23.84, 9999.0, 117.77, 127.7, 120.23, 91.2, 138.45
2024-11-07, 08:39:48, 136.5, 58.34, 22.77, 22.0, 9999.0, 9.75, 10.0, 21.75, 9999.0, 23.86, 9999.0, 117.75, 127.7, 120.23, 91.2, 138.48
2024-11-07, 08:39:52, 136.5, 58.34, 22.75, 22.0, 9999.0, 9.7, 10.0, 21.75, 9999.0, 23.89, 9999.0, 117.75, 127.73, 120.23, 91.2, 138.45
2024-11-07, 08:39:56, 136.5, 58.36, 22.75, 22.02, 9999.0, 9.68, 10.0, 21.75, 9999.0, 23.91, 9999.0, 117.73, 127.73, 120.25, 91.18, 138.45
2024-11-07, 08:40:00, 136.5, 58.36, 22.75, 22.02, 9999.0, 9.66, 10.0, 21.75, 9999.0, 23.93, 9999.0, 117.68, 127.73, 120.25, 91.16, 138.45
2024-11-07, 08:40:04, 136.5, 58.36, 22.75, 22.02, 9999.0, 9.64, 10.0, 21.75, 9999.0, 23.93, 9999.0, 117.64, 127.73, 120.25, 91.14, 138.45
2024-11-07, 08:40:08, 136.48, 58.36, 22.75, 22.02, 9999.0, 9.64, 10.0, 21.75, 9999.0, 23.93, 9999.0, 117.59, 127.7, 120.25, 91.11, 138.45
2024-11-07, 08:40:12, 136.48, 58.34, 22.75, 22.02, 9999.0, 9.64, 10.0, 21.75, 9999.0, 23.91, 9999.0, 117.57, 127.7, 120.25, 91.09, 138.45
2024-11-07, 08:40:19, 136.48, 58.32, 22.75, 22.02, 9999.0, 9.66, 10.0, 21.75, 9999.0, 23.91, 9999.0, 117.55, 127.73, 120.25, 91.09, 138.45
2024-11-07, 08:40:23, 136.48, 58.34, 22.75, 22.02, 9999.0, 9.68, 10.02, 21.75, 9999.0, 23.86, 9999.0, 117.52, 127.73, 120.25, 91.09, 138.48
2024-11-07, 08:40:27, 136.48, 58.34, 22.77, 22.02, 9999.0, 9.7, 10.02, 21.75, 9999.0, 23.84, 9999.0, 117.52, 127.73, 120.25, 91.09, 138.48
2024-11-07, 08:40:31, 136.48, 58.34, 22.77, 22.02, 9999.0, 9.7, 10.02, 21.75, 9999.0, 23.8, 9999.0, 117.52, 127.73, 120.25, 91.09, 138.48
2024-11-07, 08:40:35, 136.48, 58.32, 22.77, 22.02, 9999.0, 9.73, 10.02, 21.75, 9999.0, 23.75, 9999.0, 117.55, 127.73, 120.25, 91.09, 138.48
2024-11-07, 08:40:39, 136.48, 58.32, 22.8, 22.02, 9999.0, 9.75, 10.02, 21.75, 9999.0, 23.7, 9999.0, 117.59, 127.73, 120.25, 91.07, 138.5
2024-11-07, 08:40:43, 136.48, 58.3, 22.8, 22.0, 9999.0, 9.77, 10.02, 21.75, 9999.0, 23.66, 9999.0, 117.61, 127.73, 120.25, 91.09, 138.5
2024-11-07, 08:40:47, 136.48, 58.3, 22.82, 22.0, 9999.0, 9.8, 10.02, 21.75, 9999.0, 23.64, 9999.0, 117.66, 127.73, 120.25, 91.11, 138.5
2024-11-07, 08:40:51, 136.48, 58.3, 22.82, 22.0, 9999.0, 9.82, 10.02, 21.75, 9999.0, 23.64, 9999.0, 117.68, 127.73, 120.25, 91.14, 138.5
2024-11-07, 08:40:55, 136.5, 58.27, 22.84, 22.0, 9999.0, 9.82, 10.02, 21.75, 9999.0, 23.64, 9999.0, 117.7, 127.75, 120.25, 91.14, 138.5
2024-11-07, 08:40:59, 136.5, 58.27, 22.86, 22.0, 9999.0, 9.82, 10.02, 21.75, 9999.0, 23.66, 9999.0, 117.73, 127.75, 120.25, 91.16, 138.5
2024-11-07, 08:41:03, 136.5, 58.27, 22.89, 22.0, 9999.0, 9.8, 10.02, 21.75, 9999.0, 23.68, 9999.0, 117.75, 127.75, 120.25, 91.18, 138.5
2024-11-07, 08:41:07, 136.5, 58.27, 22.91, 22.0, 9999.0, 9.77, 10.0, 21.75, 9999.0, 23.73, 9999.0, 117.77, 127.75, 120.25, 91.2, 138.5
2024-11-07, 08:41:11, 136.5, 58.27, 22.91, 22.0, 9999.0, 9.73, 10.0, 21.75, 9999.0, 23.73, 9999.0, 117.75, 127.75, 120.25, 91.2, 138.5
2024-11-07, 08:41:15, 136.5, 58.27, 22.93, 22.0, 9999.0, 9.7, 10.0, 21.75, 9999.0, 23.75, 9999.0, 117.75, 127.75, 120.25, 91.2, 138.5
2024-11-07, 08:41:19, 136.5, 58.27, 22.93, 22.0, 9999.0, 9.68, 10.0, 21.75, 9999.0, 23.8, 9999.0, 117.73, 127.75, 120.25, 91.2, 138.5
2024-11-07, 08:41:23, 136.5, 58.27, 22.91, 22.0, 9999.0, 9.66, 10.0, 21.75, 9999.0, 23.82, 9999.0, 117.68, 127.75, 120.25, 91.2, 138.5
2024-11-07, 08:41:27, 136.5, 58.27, 22.93, 22.0, 9999.0, 9.64, 10.0, 21.75, 9999.0, 23.84, 9999.0, 117.66, 127.75, 120.25, 91.2, 138.5
2024-11-07, 08:41:31, 136.5, 58.27, 22.93, 22.0, 9999.0, 9.64, 10.0, 21.75, 9999.0, 23.84, 9999.0, 117.61, 127.75, 120.25, 91.18, 138.5
2024-11-07, 08:41:36, 136.5, 58.27, 22.95, 22.0, 9999.0, 9.64, 10.0, 21.75, 9999.0, 23.84, 9999.0, 117.59, 127.75, 120.25, 91.18, 138.5
2024-11-07, 08:41:40, 136.5, 58.27, 22.95, 22.02, 9999.0, 9.66, 10.0, 21.75, 9999.0, 23.84, 9999.0, 117.57, 127.75, 120.25, 91.2, 138.5
2024-11-07, 08:41:44, 136.5, 58.27, 22.93, 22.02, 9999.0, 9.68, 10.0, 21.75, 9999.0, 23.8, 9999.0, 117.55, 127.75, 120.25, 91.2, 138.5
2024-11-07, 08:41:48, 136.5, 58.27, 22.93, 22.02, 9999.0, 9.68, 10.0, 21.75, 9999.0, 23.75, 9999.0, 117.55, 127.75, 120.25, 91.2, 138.5
2024-11-07, 08:41:52, 136.5, 58.25, 22.91, 22.02, 9999.0, 9.68, 10.0, 21.75, 9999.0, 23.7, 9999.0, 117.55, 127.75, 120.25, 91.18, 138.5
2024-11-07, 08:41:56, 136.5, 58.25, 22.91, 22.02, 9999.0, 9.7, 10.0, 21.75, 9999.0, 23.68, 9999.0, 117.57, 127.75, 120.25, 91.18, 138.5
2024-11-07, 08:42:00, 136.5, 58.25, 22.91, 22.02, 9999.0, 9.73, 10.0, 21.75, 9999.0, 23.66, 9999.0, 117.59, 127.75, 120.25, 91.18, 138.5
2024-11-07, 08:42:04, 136.5, 58.27, 22.91, 22.02, 9999.0, 9.75, 10.0, 21.75, 9999.0, 23.61, 9999.0, 117.61, 127.75, 120.25, 91.18, 138.5
2024-11-07, 08:42:08, 136.5, 58.27, 22.91, 22.02, 9999.0, 9.77, 10.0, 21.75, 9999.0, 23.61, 9999.0, 117.64, 127.75, 120.25, 91.2, 138.5
2024-11-07, 08:42:12, 136.5, 58.27, 22.91, 22.02, 9999.0, 9.8, 10.0, 21.75, 9999.0, 23.61, 9999.0, 117.66, 127.75, 120.25, 91.2, 138.5
2024-11-07, 08:42:16, 136.5, 58.27, 22.91, 22.02, 9999.0, 9.8, 10.02, 21.75, 9999.0, 23.61, 9999.0, 117.68, 127.75, 120.25, 91.23, 138.48
2024-11-07, 08:42:20, 136.5, 58.27, 22.91, 22.02, 9999.0, 9.8, 10.05, 21.75, 9999.0, 23.64, 9999.0, 117.7, 127.75, 120.25, 91.23, 138.48
2024-11-07, 08:42:24, 136.5, 58.27, 22.91, 22.0, 9999.0, 9.77, 10.05, 21.75, 9999.0, 23.64, 9999.0, 117.73, 127.75, 120.25, 91.2, 138.48
2024-11-07, 08:42:28, 136.5, 58.27, 22.93, 22.0, 9999.0, 9.75, 10.05, 21.75, 9999.0, 23.66, 9999.0, 117.75, 127.75, 120.25, 91.2, 138.48
2024-11-07, 08:42:32, 136.5, 58.27, 22.93, 22.0, 9999.0, 9.75, 10.05, 21.75, 9999.0, 23.68, 9999.0, 117.73, 127.75, 120.25, 91.2, 138.48
2024-11-07, 08:42:36, 136.5, 58.27, 22.95, 22.0, 9999.0, 9.73, 10.05, 21.75, 9999.0, 23.7, 9999.0, 117.7, 127.75, 120.25, 91.23, 138.48
2024-11-07, 08:42:40, 136.5, 58.3, 22.95, 22.0, 9999.0, 9.7, 10.05, 21.75, 9999.0, 23.73, 9999.0, 117.68, 127.75, 120.25, 91.2, 138.48
2024-11-07, 08:42:44, 136.5, 58.32, 22.95, 22.0, 9999.0, 9.7, 10.05, 21.75, 9999.0, 23.75, 9999.0, 117.68, 127.75, 120.25, 91.18, 138.48
2024-11-07, 08:42:48, 136.5, 58.3, 22.98, 22.0, 9999.0, 9.7, 10.05, 21.75, 9999.0, 23.77, 9999.0, 117.66, 127.75, 120.25, 91.18, 138.48
2024-11-07, 08:42:52, 136.5, 58.3, 23.0, 22.0, 9999.0, 9.7, 10.05, 21.75, 9999.0, 23.75, 9999.0, 117.64, 127.75, 120.25, 91.18, 138.48
2024-11-07, 08:42:56, 136.5, 58.3, 23.0, 22.0, 9999.0, 9.7, 10.05, 21.75, 9999.0, 23.73, 9999.0, 117.61, 127.75, 120.25, 91.18, 138.48
2024-11-07, 08:43:00, 136.5, 58.32, 22.98, 22.0, 9999.0, 9.73, 10.02, 21.75, 9999.0, 23.7, 9999.0, 117.59, 127.75, 120.25, 91.18, 138.5
2024-11-07, 08:43:04, 136.5, 58.32, 22.98, 22.0, 9999.0, 9.75, 10.0, 21.75, 9999.0, 23.66, 9999.0, 117.57, 127.75, 120.25, 91.18, 138.5
2024-11-07, 08:43:08, 136.5, 58.34, 22.98, 22.0, 9999.0, 9.75, 10.0, 21.75, 9999.0, 23.64, 9999.0, 117.57, 127.75, 120.25, 91.18, 138.5
2024-11-07, 08:43:12, 136.5, 58.34, 22.98, 22.02, 9999.0, 9.75, 10.02, 21.75, 9999.0, 23.61, 9999.0, 117.57, 127.75, 120.25, 91.18, 138.5
2024-11-07, 08:43:16, 136.5, 58.36, 22.95, 22.02, 9999.0, 9.75, 10.02, 21.75, 9999.0, 23.59, 9999.0, 117.61, 127.75, 120.25, 91.18, 138.5
2024-11-07, 08:43:20, 136.5, 58.36, 22.95, 22.02, 9999.0, 9.77, 10.05, 21.75, 9999.0, 23.57, 9999.0, 117.66, 127.75, 120.25, 91.18, 138.5
2024-11-07, 08:43:24, 136.5, 58.34, 22.95, 22.02, 9999.0, 9.8, 10.05, 21.75, 9999.0, 23.55, 9999.0, 117.7, 127.75, 120.25, 91.2, 138.5
2024-11-07, 08:43:28, 136.5, 58.32, 22.95, 22.02, 9999.0, 9.8, 10.05, 21.75, 9999.0, 23.55, 9999.0, 117.7, 127.75, 120.25, 91.23, 138.5
2024-11-07, 08:43:32, 136.5, 58.32, 22.95, 22.02, 9999.0, 9.8, 10.05, 21.75, 9999.0, 23.55, 9999.0, 117.73, 127.75, 120.25, 91.23, 138.5
2024-11-07, 08:43:36, 136.5, 58.32, 22.95, 22.02, 9999.0, 9.8, 10.05, 21.75, 9999.0, 23.57, 9999.0, 117.75, 127.75, 120.25, 91.23, 138.5
2024-11-07, 08:43:40, 136.5, 58.32, 22.93, 22.05, 9999.0, 9.8, 10.05, 21.75, 9999.0, 23.59, 9999.0, 117.77, 127.75, 120.25, 91.23, 138.5
2024-11-07, 08:43:44, 136.5, 58.3, 22.95, 22.07, 9999.0, 9.77, 10.05, 21.75, 9999.0, 23.61, 9999.0, 117.8, 127.75, 120.25, 91.23, 138.5
2024-11-07, 08:43:48, 136.5, 58.32, 22.95, 22.09, 9999.0, 9.75, 10.05, 21.75, 9999.0, 23.64, 9999.0, 117.82, 127.75, 120.25, 91.23, 138.5
2024-11-07, 08:43:52, 136.5, 58.32, 22.93, 22.11, 9999.0, 9.75, 10.05, 21.75, 9999.0, 23.66, 9999.0, 117.82, 127.75, 120.25, 91.25, 138.5
2024-11-07, 08:43:56, 136.5, 58.32, 22.93, 22.11, 9999.0, 9.75, 10.02, 21.75, 9999.0, 23.68, 9999.0, 117.82, 127.75, 120.25, 91.25, 138.5
2024-11-07, 08:44:00, 136.5, 58.3, 22.95, 22.14, 9999.0, 9.73, 10.02, 21.75, 9999.0, 23.7, 9999.0, 117.8, 127.75, 120.25, 91.25, 138.5
2024-11-07, 08:44:04, 136.5, 58.3, 22.95, 22.14, 9999.0, 9.7, 10.0, 21.75, 9999.0, 23.73, 9999.0, 117.75, 127.75, 120.25, 91.25, 138.5
2024-11-07, 08:44:08, 136.5, 58.3, 22.95, 22.14, 9999.0, 9.7, 10.0, 21.75, 9999.0, 23.75, 9999.0, 117.7, 127.75, 120.25, 91.23, 138.5
2024-11-07, 08:44:12, 136.5, 58.32, 22.95, 22.16, 9999.0, 9.7, 10.0, 21.75, 9999.0, 23.75, 9999.0, 117.68, 127.75, 120.25, 91.23, 138.5
2024-11-07, 08:44:16, 136.5, 58.34, 22.95, 22.18, 9999.0, 9.7, 10.0, 21.75, 9999.0, 23.75, 9999.0, 117.66, 127.75, 120.25, 91.2, 138.5
2024-11-07, 08:44:20, 136.5, 58.34, 22.95, 22.2, 9999.0, 9.73, 10.02, 21.75, 9999.0, 23.75, 9999.0, 117.64, 127.75, 120.25, 91.2, 138.5
2024-11-07, 08:44:24, 136.5, 58.34, 22.98, 22.2, 9999.0, 9.75, 10.05, 21.75, 9999.0, 23.75, 9999.0, 117.64, 127.75, 120.25, 91.2, 138.5
2024-11-07, 08:44:28, 136.5, 58.34, 22.98, 22.2, 9999.0, 9.77, 10.05, 21.75, 9999.0, 23.75, 9999.0, 117.64, 127.75, 120.23, 91.2, 138.5
2024-11-07, 08:44:32, 136.5, 58.32, 22.98, 22.18, 9999.0, 9.77, 10.05, 21.75, 9999.0, 23.75, 9999.0, 117.64, 127.75, 120.23, 91.2, 138.5
2024-11-07, 08:44:36, 136.5, 58.32, 23.0, 22.16, 9999.0, 9.77, 10.07, 21.75, 9999.0, 23.75, 9999.0, 117.66, 127.75, 120.23, 91.2, 138.5
2024-11-07, 08:44:40, 136.5, 58.34, 23.0, 22.16, 9999.0, 9.77, 10.09, 21.75, 9999.0, 23.75, 9999.0, 117.68, 127.75, 120.23, 91.2, 138.5
2024-11-07, 08:44:44, 136.5, 58.36, 23.0, 22.14, 9999.0, 9.8, 10.09, 21.75, 9999.0, 23.75, 9999.0, 117.7, 127.75, 120.23, 91.18, 138.5
2024-11-07, 08:44:48, 136.5, 58.36, 23.0, 22.14, 9999.0, 9.82, 10.09, 21.75, 9999.0, 23.75, 9999.0, 117.73, 127.75, 120.23, 91.18, 138.5
2024-11-07, 08:44:52, 136.5, 58.39, 23.0, 22.16, 9999.0, 9.82, 10.09, 21.75, 9999.0, 23.75, 9999.0, 117.75, 127.75, 120.23, 91.2, 138.5
2024-11-07, 08:44:56, 136.5, 58.39, 23.0, 22.14, 9999.0, 9.82, 10.11, 21.75, 9999.0, 23.77, 9999.0, 117.77, 127.75, 120.23, 91.2, 138.5
2024-11-07, 08:45:00, 136.5, 58.36, 23.0, 22.11, 9999.0, 9.82, 10.11, 21.75, 9999.0, 23.82, 9999.0, 117.8, 127.75, 120.23, 91.23, 138.5
2024-11-07, 08:45:04, 136.5, 58.39, 23.0, 22.11, 9999.0, 9.8, 10.11, 21.75, 9999.0, 23.86, 9999.0, 117.82, 127.75, 120.23, 91.23, 138.5
2024-11-07, 08:45:09, 136.5, 58.39, 22.98, 22.11, 9999.0, 9.77, 10.09, 21.75, 9999.0, 23.89, 9999.0, 117.82, 127.75, 120.23, 91.23, 138.5
2024-11-07, 08:45:13, 136.5, 58.39, 22.95, 22.09, 9999.0, 9.75, 10.09, 21.75, 9999.0, 23.91, 9999.0, 117.82, 127.75, 120.25, 91.23, 138.5
2024-11-07, 08:45:17, 136.5, 58.41, 22.93, 22.11, 9999.0, 9.73, 10.09, 21.75, 9999.0, 23.93, 9999.0, 117.8, 127.75, 120.25, 91.23, 138.5
2024-11-07, 08:45:21, 136.5, 58.41, 22.93, 22.14, 9999.0, 9.73, 10.07, 21.75, 9999.0, 23.95, 9999.0, 117.77, 127.75, 120.25, 91.23, 138.5
2024-11-07, 08:45:25, 136.5, 58.41, 22.93, 22.14, 9999.0, 9.7, 10.05, 21.75, 9999.0, 23.98, 9999.0, 117.75, 127.75, 120.25, 91.23, 138.5
2024-11-07, 08:45:29, 136.5, 58.39, 22.93, 22.14, 9999.0, 9.7, 10.05, 21.73, 9999.0, 24.0, 9999.0, 117.7, 127.75, 120.25, 91.25, 138.5
2024-11-07, 08:45:33, 136.5, 58.39, 22.93, 22.16, 9999.0, 9.7, 10.05, 21.73, 9999.0, 24.02, 9999.0, 117.68, 127.75, 120.25, 91.25, 138.5
2024-11-07, 08:45:37, 136.5, 58.39, 22.91, 22.14, 9999.0, 9.7, 10.05, 21.73, 9999.0, 24.05, 9999.0, 117.66, 127.75, 120.25, 91.25, 138.5
2024-11-07, 08:45:41, 136.5, 58.36, 22.91, 22.16, 9999.0, 9.73, 10.02, 21.73, 9999.0, 24.05, 9999.0, 117.64, 127.75, 120.25, 91.23, 138.5
2024-11-07, 08:45:45, 136.5, 58.36, 22.91, 22.16, 9999.0, 9.75, 10.02, 21.73, 9999.0, 24.0, 9999.0, 117.64, 127.75, 120.25, 91.23, 138.5
2024-11-07, 08:45:49, 136.5, 58.36, 22.91, 22.16, 9999.0, 9.77, 10.0, 21.73, 9999.0, 23.95, 9999.0, 117.64, 127.75, 120.25, 91.23, 138.5
2024-11-07, 08:45:53, 136.5, 58.39, 22.93, 22.16, 9999.0, 9.77, 10.0, 21.73, 9999.0, 23.93, 9999.0, 117.64, 127.75, 120.25, 91.23, 138.5
2024-11-07, 08:45:57, 136.5, 58.39, 22.95, 22.18, 9999.0, 9.77, 10.0, 21.73, 9999.0, 23.91, 9999.0, 117.66, 127.75, 120.25, 91.23, 138.5
2024-11-07, 08:46:01, 136.5, 58.36, 22.98, 22.18, 9999.0, 9.8, 10.0, 21.73, 9999.0, 23.89, 9999.0, 117.68, 127.75, 120.25, 91.2, 138.5
2024-11-07, 08:46:05, 136.5, 58.36, 22.98, 22.16, 9999.0, 9.8, 10.0, 21.73, 9999.0, 23.86, 9999.0, 117.68, 127.75, 120.25, 91.2, 138.5
2024-11-07, 08:46:09, 136.5, 58.36, 22.98, 22.16, 9999.0, 9.82, 10.0, 21.73, 9999.0, 23.86, 9999.0, 117.68, 127.75, 120.25, 91.2, 138.5
2024-11-07, 08:46:13, 136.5, 58.39, 22.98, 22.18, 9999.0, 9.82, 10.0, 21.75, 9999.0, 23.84, 9999.0, 117.7, 127.75, 120.25, 91.2, 138.5
2024-11-07, 08:46:17, 136.5, 58.41, 22.98, 22.16, 9999.0, 9.82, 10.0, 21.75, 9999.0, 23.84, 9999.0, 117.73, 127.75, 120.25, 91.2, 138.5
2024-11-07, 08:46:21, 136.5, 58.41, 23.0, 22.18, 9999.0, 9.82, 10.0, 21.75, 9999.0, 23.84, 9999.0, 117.75, 127.75, 120.25, 91.2, 138.5
2024-11-07, 08:46:25, 136.5, 58.41, 23.0, 22.18, 9999.0, 9.8, 10.0, 21.75, 9999.0, 23.84, 9999.0, 117.77, 127.75, 120.25, 91.23, 138.5
2024-11-07, 08:46:29, 136.5, 58.41, 22.98, 22.18, 9999.0, 9.77, 10.0, 21.75, 9999.0, 23.86, 9999.0, 117.77, 127.75, 120.25, 91.23, 138.5
2024-11-07, 08:46:33, 136.5, 58.41, 22.98, 22.18, 9999.0, 9.75, 10.0, 21.75, 9999.0, 23.89, 9999.0, 117.77, 127.75, 120.25, 91.23, 138.5
2024-11-07, 08:46:37, 136.5, 58.41, 22.98, 22.16, 9999.0, 9.73, 10.0, 21.75, 9999.0, 23.89, 9999.0, 117.77, 127.75, 120.25, 91.23, 138.5
2024-11-07, 08:46:41, 136.48, 58.41, 22.98, 22.14, 9999.0, 9.7, 10.0, 21.75, 9999.0, 23.91, 9999.0, 117.73, 127.75, 120.25, 91.2, 138.5
2024-11-07, 08:46:45, 136.45, 58.43, 22.98, 22.11, 9999.0, 9.68, 10.0, 21.75, 9999.0, 23.91, 9999.0, 117.7, 127.75, 120.25, 91.23, 138.5
2024-11-07, 08:46:49, 136.45, 58.43, 22.98, 22.11, 9999.0, 9.68, 10.0, 21.75, 9999.0, 23.93, 9999.0, 117.68, 127.75, 120.25, 91.23, 138.5
2024-11-07, 08:46:53, 136.45, 58.43, 22.98, 22.09, 9999.0, 9.68, 10.0, 21.75, 9999.0, 23.93, 9999.0, 117.66, 127.75, 120.25, 91.23, 138.5
2024-11-07, 08:46:57, 136.45, 58.43, 22.98, 22.07, 9999.0, 9.68, 10.0, 21.75, 9999.0, 23.93, 9999.0, 117.64, 127.75, 120.23, 91.23, 138.5
2024-11-07, 08:47:01, 136.45, 58.41, 22.95, 22.07, 9999.0, 9.7, 10.0, 21.75, 9999.0, 23.91, 9999.0, 117.61, 127.75, 120.23, 91.23, 138.5
2024-11-07, 08:47:05, 136.45, 58.39, 22.95, 22.05, 9999.0, 9.73, 10.0, 21.75, 9999.0, 23.89, 9999.0, 117.61, 127.75, 120.23, 91.23, 138.5
2024-11-07, 08:47:09, 136.45, 58.41, 22.95, 22.02, 9999.0, 9.73, 10.0, 21.75, 9999.0, 23.86, 9999.0, 117.61, 127.75, 120.23, 91.2, 138.5
2024-11-07, 08:47:13, 136.43, 58.41, 22.95, 22.02, 9999.0, 9.73, 10.0, 21.75, 9999.0, 23.84, 9999.0, 117.61, 127.75, 120.23, 91.2, 138.5
2024-11-07, 08:47:17, 136.43, 58.41, 22.95, 22.0, 9999.0, 9.73, 10.0, 21.75, 9999.0, 23.82, 9999.0, 117.64, 127.75, 120.23, 91.2, 138.5
2024-11-07, 08:47:21, 136.43, 58.39, 22.93, 22.0, 9999.0, 9.75, 10.0, 21.75, 9999.0, 23.82, 9999.0, 117.66, 127.75, 120.23, 91.2, 138.5
2024-11-07, 08:47:25, 136.45, 58.39, 22.93, 22.0, 9999.0, 9.77, 10.02, 21.75, 9999.0, 23.8, 9999.0, 117.7, 127.75, 120.23, 91.23, 138.5
2024-11-07, 08:47:29, 136.48, 58.36, 22.91, 22.0, 9999.0, 9.8, 10.05, 21.75, 9999.0, 23.8, 9999.0, 117.73, 127.75, 120.23, 91.23, 138.5
2024-11-07, 08:47:33, 136.48, 58.36, 22.91, 22.02, 9999.0, 9.8, 10.05, 21.75, 9999.0, 23.77, 9999.0, 117.75, 127.75, 120.23, 91.23, 138.5
2024-11-07, 08:47:37, 136.48, 58.36, 22.91, 22.02, 9999.0, 9.8, 10.05, 21.75, 9999.0, 23.77, 9999.0, 117.77, 127.75, 120.23, 91.23, 138.5
2024-11-07, 08:47:41, 136.48, 58.36, 22.89, 22.02, 9999.0, 9.8, 10.05, 21.75, 9999.0, 23.8, 9999.0, 117.8, 127.75, 120.25, 91.23, 138.5
2024-11-07, 08:47:45, 136.48, 58.36, 22.91, 22.02, 9999.0, 9.77, 10.05, 21.75, 9999.0, 23.82, 9999.0, 117.82, 127.75, 120.25, 91.23, 138.5
2024-11-07, 08:47:49, 136.48, 58.39, 22.91, 22.02, 9999.0, 9.73, 10.05, 21.75, 9999.0, 23.84, 9999.0, 117.82, 127.75, 120.25, 91.23, 138.5
2024-11-07, 08:47:53, 136.48, 58.36, 22.91, 22.05, 9999.0, 9.73, 10.05, 21.75, 9999.0, 23.86, 9999.0, 117.8, 127.75, 120.25, 91.25, 138.5
2024-11-07, 08:47:57, 136.48, 58.39, 22.93, 22.05, 9999.0, 9.7, 10.05, 21.75, 9999.0, 23.89, 9999.0, 117.77, 127.75, 120.25, 91.25, 138.5
2024-11-07, 08:48:01, 136.48, 58.39, 22.93, 22.05, 9999.0, 9.68, 10.05, 21.75, 9999.0, 23.91, 9999.0, 117.73, 127.75, 120.25, 91.25, 138.5
2024-11-07, 08:48:05, 136.48, 58.39, 22.93, 22.05, 9999.0, 9.66, 10.05, 21.75, 9999.0, 23.93, 9999.0, 117.68, 127.75, 120.25, 91.25, 138.5
2024-11-07, 08:48:09, 136.48, 58.41, 22.93, 22.05, 9999.0, 9.66, 10.02, 21.75, 9999.0, 23.95, 9999.0, 117.64, 127.75, 120.25, 91.25, 138.5
2024-11-07, 08:48:13, 136.45, 58.43, 22.95, 22.05, 9999.0, 9.66, 10.0, 21.75, 9999.0, 23.98, 9999.0, 117.61, 127.75, 120.25, 91.25, 138.5
2024-11-07, 08:48:17, 136.43, 58.43, 22.95, 22.02, 9999.0, 9.66, 10.0, 21.75, 9999.0, 24.0, 9999.0, 117.59, 127.75, 120.25, 91.23, 138.5
2024-11-07, 08:48:21, 136.43, 58.41, 22.95, 22.05, 9999.0, 9.68, 10.02, 21.75, 9999.0, 24.0, 9999.0, 117.57, 127.75, 120.25, 91.23, 138.5
2024-11-07, 08:48:25, 136.43, 58.39, 22.95, 22.05, 9999.0, 9.68, 10.02, 21.75, 9999.0, 23.98, 9999.0, 117.57, 127.75, 120.25, 91.23, 138.5
2024-11-07, 08:48:29, 136.43, 58.41, 22.93, 22.05, 9999.0, 9.7, 10.02, 21.75, 9999.0, 23.98, 9999.0, 117.57, 127.75, 120.25, 91.23, 138.5
2024-11-07, 08:48:33, 136.43, 58.39, 22.91, 22.05, 9999.0, 9.73, 10.02, 21.75, 9999.0, 23.95, 9999.0, 117.57, 127.75, 120.25, 91.23, 138.5
2024-11-07, 08:48:37, 136.43, 58.39, 22.91, 22.05, 9999.0, 9.73, 10.02, 21.75, 9999.0, 23.95, 9999.0, 117.61, 127.75, 120.25, 91.23, 138.5
2024-11-07, 08:48:42, 136.45, 58.36, 22.91, 22.05, 9999.0, 9.75, 10.02, 21.75, 9999.0, 23.93, 9999.0, 117.64, 127.75, 120.25, 91.23, 138.5
2024-11-07, 08:48:46, 136.43, 58.36, 22.91, 22.05, 9999.0, 9.77, 10.02, 21.75, 9999.0, 23.93, 9999.0, 117.68, 127.75, 120.25, 91.23, 138.5
2024-11-07, 08:48:50, 136.43, 58.36, 22.93, 22.05, 9999.0, 9.8, 10.02, 21.75, 9999.0, 23.93, 9999.0, 117.7, 127.75, 120.25, 91.23, 138.5
2024-11-07, 08:48:54, 136.43, 58.36, 22.93, 22.05, 9999.0, 9.8, 10.02, 21.75, 9999.0, 23.93, 9999.0, 117.73, 127.75, 120.25, 91.23, 138.5
2024-11-07, 08:48:58, 136.45, 58.34, 22.93, 22.05, 9999.0, 9.8, 10.02, 21.75, 9999.0, 23.95, 9999.0, 117.75, 127.75, 120.25, 91.23, 138.5
2024-11-07, 08:49:02, 136.48, 58.32, 22.93, 22.05, 9999.0, 9.8, 10.02, 21.75, 9999.0, 23.98, 9999.0, 117.77, 127.75, 120.25, 91.25, 138.5
2024-11-07, 08:49:06, 136.48, 58.34, 22.93, 22.02, 9999.0, 9.75, 10.0, 21.75, 9999.0, 23.98, 9999.0, 117.8, 127.75, 120.25, 91.25, 138.5
2024-11-07, 08:49:10, 136.48, 58.36, 22.93, 22.05, 9999.0, 9.73, 10.0, 21.75, 9999.0, 24.0, 9999.0, 117.8, 127.75, 120.25, 91.25, 138.5
2024-11-07, 08:49:14, 136.45, 58.36, 22.95, 22.05, 9999.0, 9.68, 10.0, 21.75, 9999.0, 24.0, 9999.0, 117.77, 127.75, 120.25, 91.25, 138.5
2024-11-07, 08:49:18, 136.45, 58.36, 22.95, 22.05, 9999.0, 9.66, 10.0, 21.75, 9999.0, 24.02, 9999.0, 117.75, 127.75, 120.25, 91.25, 138.5
2024-11-07, 08:49:22, 136.45, 58.39, 22.93, 22.05, 9999.0, 9.64, 10.0, 21.75, 9999.0, 24.02, 9999.0, 117.7, 127.75, 120.25, 91.25, 138.5
2024-11-07, 08:49:26, 136.45, 58.41, 22.93, 22.07, 9999.0, 9.64, 10.0, 21.75, 9999.0, 24.05, 9999.0, 117.68, 127.75, 120.25, 91.25, 138.5
2024-11-07, 08:49:30, 136.48, 58.39, 22.91, 22.07, 9999.0, 9.64, 10.0, 21.75, 9999.0, 24.05, 9999.0, 117.64, 127.75, 120.25, 91.23, 138.5
2024-11-07, 08:49:34, 136.48, 58.41, 22.89, 22.09, 9999.0, 9.64, 10.0, 21.75, 9999.0, 24.02, 9999.0, 117.61, 127.75, 120.25, 91.23, 138.5
2024-11-07, 08:49:38, 136.48, 58.41, 22.89, 22.11, 9999.0, 9.66, 10.0, 21.75, 9999.0, 24.02, 9999.0, 117.59, 127.75, 120.25, 91.23, 138.5
2024-11-07, 08:49:42, 136.48, 58.41, 22.89, 22.14, 9999.0, 9.68, 10.0, 21.75, 9999.0, 24.0, 9999.0, 117.57, 127.75, 120.25, 91.23, 138.5
2024-11-07, 08:49:46, 136.48, 58.41, 22.89, 22.16, 9999.0, 9.7, 10.0, 21.75, 9999.0, 23.98, 9999.0, 117.57, 127.75, 120.25, 91.23, 138.5
2024-11-07, 08:49:50, 136.48, 58.41, 22.89, 22.16, 9999.0, 9.73, 10.0, 21.75, 9999.0, 23.98, 9999.0, 117.57, 127.75, 120.25, 91.23, 138.5
2024-11-07, 08:49:54, 136.48, 58.39, 22.89, 22.14, 9999.0, 9.75, 10.0, 21.75, 9999.0, 23.98, 9999.0, 117.59, 127.75, 120.25, 91.23, 138.5
2024-11-07, 08:49:58, 136.5, 58.36, 22.89, 22.16, 9999.0, 9.77, 10.02, 21.75, 9999.0, 23.98, 9999.0, 117.64, 127.75, 120.25, 91.23, 138.5
2024-11-07, 08:50:02, 136.5, 58.39, 22.91, 22.18, 9999.0, 9.8, 10.05, 21.75, 9999.0, 23.95, 9999.0, 117.68, 127.75, 120.25, 91.23, 138.5
2024-11-07, 08:50:06, 136.5, 58.36, 22.93, 22.16, 9999.0, 9.82, 10.05, 21.75, 9999.0, 23.95, 9999.0, 117.73, 127.75, 120.25, 91.2, 138.5
2024-11-07, 08:50:10, 136.5, 58.34, 22.93, 22.14, 9999.0, 9.82, 10.05, 21.75, 9999.0, 23.95, 9999.0, 117.75, 127.75, 120.25, 91.2, 138.5
2024-11-07, 08:50:14, 136.5, 58.36, 22.93, 22.16, 9999.0, 9.82, 10.05, 21.75, 9999.0, 23.98, 9999.0, 117.77, 127.75, 120.25, 91.23, 138.5
2024-11-07, 08:50:18, 136.5, 58.36, 22.95, 22.14, 9999.0, 9.82, 10.05, 21.75, 9999.0, 24.02, 9999.0, 117.8, 127.75, 120.25, 91.23, 138.5
2024-11-07, 08:50:37, 136.5, 58.36, 22.93, 22.14, 9999.0, 9.77, 10.05, 21.75, 9999.0, 24.05, 9999.0, 117.82, 127.75, 120.25, 91.23, 138.5
2024-11-07, 08:50:41, 136.5, 58.39, 22.91, 22.11, 9999.0, 9.75, 10.05, 21.75, 9999.0, 24.07, 9999.0, 117.84, 127.75, 120.25, 91.2, 138.5
2024-11-07, 08:50:45, 136.5, 58.41, 22.91, 22.09, 9999.0, 9.7, 10.05, 21.75, 9999.0, 24.09, 9999.0, 117.84, 127.75, 120.25, 91.2, 138.5
2024-11-07, 08:50:49, 136.5, 58.39, 22.89, 22.09, 9999.0, 9.68, 10.05, 21.75, 9999.0, 24.09, 9999.0, 117.82, 127.75, 120.25, 91.2, 138.5
2024-11-07, 08:50:53, 136.5, 58.41, 22.89, 22.11, 9999.0, 9.66, 10.05, 21.75, 9999.0, 24.09, 9999.0, 117.77, 127.75, 120.25, 91.2, 138.5
2024-11-07, 08:50:57, 136.5, 58.43, 22.89, 22.09, 9999.0, 9.64, 10.02, 21.75, 9999.0, 24.09, 9999.0, 117.73, 127.73, 120.25, 91.2, 138.5
2024-11-07, 08:51:01, 136.5, 58.41, 22.89, 22.09, 9999.0, 9.64, 10.0, 21.75, 9999.0, 24.11, 9999.0, 117.68, 127.73, 120.25, 91.2, 138.5
2024-11-07, 08:51:05, 136.5, 58.41, 22.89, 22.11, 9999.0, 9.64, 10.0, 21.75, 9999.0, 24.11, 9999.0, 117.64, 127.73, 120.25, 91.23, 138.5
2024-11-07, 08:51:09, 136.5, 58.41, 22.89, 22.11, 9999.0, 9.64, 10.0, 21.75, 9999.0, 24.11, 9999.0, 117.61, 127.7, 120.25, 91.23, 138.5
2024-11-07, 08:51:13, 136.5, 58.41, 22.91, 22.09, 9999.0, 9.66, 10.0, 21.75, 9999.0, 24.09, 9999.0, 117.59, 127.7, 120.25, 91.23, 138.5
2024-11-07, 08:51:17, 136.5, 58.41, 22.91, 22.09, 9999.0, 9.68, 10.0, 21.75, 9999.0, 24.07, 9999.0, 117.59, 127.7, 120.25, 91.2, 138.5
2024-11-07, 08:51:21, 136.5, 58.39, 22.93, 22.07, 9999.0, 9.73, 10.0, 21.75, 9999.0, 24.05, 9999.0, 117.59, 127.7, 120.25, 91.18, 138.5
2024-11-07, 08:51:25, 136.5, 58.36, 22.95, 22.09, 9999.0, 9.73, 10.0, 21.75, 9999.0, 24.02, 9999.0, 117.59, 127.68, 120.25, 91.2, 138.5
2024-11-07, 08:51:29, 136.5, 58.34, 22.95, 22.09, 9999.0, 9.75, 10.0, 21.75, 9999.0, 24.0, 9999.0, 117.61, 127.68, 120.25, 91.2, 138.5
2024-11-07, 08:51:33, 136.5, 58.36, 22.98, 22.09, 9999.0, 9.77, 10.0, 21.75, 9999.0, 23.98, 9999.0, 117.66, 127.68, 120.25, 91.2, 138.5
2024-11-07, 08:51:37, 136.5, 58.34, 22.98, 22.07, 9999.0, 9.8, 10.0, 21.75, 9999.0, 23.95, 9999.0, 117.68, 127.68, 120.25, 91.2, 138.5
2024-11-07, 08:51:41, 136.5, 58.32, 22.95, 22.07, 9999.0, 9.82, 10.0, 21.75, 9999.0, 23.95, 9999.0, 117.7, 127.7, 120.25, 91.2, 138.5
2024-11-07, 08:51:45, 136.5, 58.32, 22.93, 22.05, 9999.0, 9.82, 10.0, 21.75, 9999.0, 23.93, 9999.0, 117.73, 127.7, 120.25, 91.2, 138.5
2024-11-07, 08:51:49, 136.5, 58.32, 22.93, 22.05, 9999.0, 9.82, 10.0, 21.75, 9999.0, 23.93, 9999.0, 117.75, 127.7, 120.25, 91.2, 138.5
2024-11-07, 08:51:54, 136.5, 58.34, 22.93, 22.05, 9999.0, 9.82, 10.0, 21.75, 9999.0, 23.95, 9999.0, 117.77, 127.73, 120.25, 91.2, 138.48
2024-11-07, 08:51:58, 136.48, 58.32, 22.91, 22.05, 9999.0, 9.8, 10.0, 21.75, 9999.0, 23.98, 9999.0, 117.8, 127.73, 120.25, 91.2, 138.48
2024-11-07, 08:52:02, 136.48, 58.3, 22.91, 22.07, 9999.0, 9.77, 10.0, 21.75, 9999.0, 23.98, 9999.0, 117.8, 127.73, 120.25, 91.23, 138.48
2024-11-07, 08:52:06, 136.48, 58.3, 22.91, 22.09, 9999.0, 9.73, 10.0, 21.75, 9999.0, 24.0, 9999.0, 117.8, 127.73, 120.25, 91.25, 138.48
2024-11-07, 08:52:10, 136.48, 58.3, 22.91, 22.09, 9999.0, 9.73, 10.0, 21.75, 9999.0, 24.0, 9999.0, 117.8, 127.75, 120.25, 91.23, 138.48
2024-11-07, 08:52:14, 136.48, 58.3, 22.91, 22.09, 9999.0, 9.7, 10.0, 21.75, 9999.0, 24.0, 9999.0, 117.75, 127.75, 120.25, 91.23, 138.48
2024-11-07, 08:52:18, 136.48, 58.27, 22.91, 22.11, 9999.0, 9.68, 10.0, 21.75, 9999.0, 24.02, 9999.0, 117.7, 127.75, 120.25, 91.23, 138.48
2024-11-07, 08:52:22, 136.48, 58.27, 22.93, 22.14, 9999.0, 9.68, 10.0, 21.75, 9999.0, 24.05, 9999.0, 117.68, 127.75, 120.25, 91.23, 138.48
2024-11-07, 08:52:26, 136.48, 58.27, 22.95, 22.16, 9999.0, 9.68, 10.0, 21.75, 9999.0, 24.05, 9999.0, 117.66, 127.75, 120.25, 91.23, 138.48
2024-11-07, 08:52:30, 136.48, 58.27, 22.98, 22.16, 9999.0, 9.68, 10.0, 21.75, 9999.0, 24.07, 9999.0, 117.64, 127.75, 120.25, 91.23, 138.48
2024-11-07, 08:52:34, 136.48, 58.27, 22.98, 22.14, 9999.0, 9.7, 10.0, 21.75, 9999.0, 24.07, 9999.0, 117.61, 127.75, 120.25, 91.23, 138.48
2024-11-07, 08:52:38, 136.48, 58.25, 22.98, 22.14, 9999.0, 9.7, 10.0, 21.75, 9999.0, 24.05, 9999.0, 117.61, 127.75, 120.25, 91.23, 138.5
2024-11-07, 08:52:42, 136.5, 58.25, 23.0, 22.14, 9999.0, 9.73, 10.0, 21.75, 9999.0, 24.0, 9999.0, 117.61, 127.75, 120.25, 91.23, 138.5
2024-11-07, 08:52:46, 136.5, 58.25, 23.0, 22.14, 9999.0, 9.73, 10.0, 21.75, 9999.0, 23.98, 9999.0, 117.61, 127.75, 120.25, 91.23, 138.5
2024-11-07, 08:52:50, 136.5, 58.25, 22.98, 22.11, 9999.0, 9.75, 10.0, 21.75, 9999.0, 23.93, 9999.0, 117.64, 127.75, 120.25, 91.23, 138.5
2024-11-07, 08:52:54, 136.48, 58.25, 22.98, 22.09, 9999.0, 9.75, 10.0, 21.75, 9999.0, 23.91, 9999.0, 117.66, 127.75, 120.25, 91.25, 138.5
2024-11-07, 08:52:58, 136.48, 58.27, 22.98, 22.09, 9999.0, 9.77, 10.0, 21.75, 9999.0, 23.93, 9999.0, 117.7, 127.75, 120.25, 91.23, 138.5
2024-11-07, 08:53:02, 136.48, 58.27, 22.95, 22.07, 9999.0, 9.8, 10.0, 21.75, 9999.0, 23.93, 9999.0, 117.73, 127.75, 120.25, 91.2, 138.5
2024-11-07, 08:53:06, 136.48, 58.27, 22.95, 22.07, 9999.0, 9.8, 10.0, 21.75, 9999.0, 23.93, 9999.0, 117.75, 127.75, 120.25, 91.2, 138.5
2024-11-07, 08:53:10, 136.45, 58.27, 22.95, 22.07, 9999.0, 9.8, 10.0, 21.75, 9999.0, 23.95, 9999.0, 117.77, 127.75, 120.25, 91.2, 138.5
2024-11-07, 08:53:14, 136.45, 58.27, 22.95, 22.09, 9999.0, 9.77, 10.0, 21.75, 9999.0, 23.98, 9999.0, 117.8, 127.75, 120.25, 91.18, 138.5
2024-11-07, 08:53:18, 136.45, 58.27, 22.95, 22.09, 9999.0, 9.73, 10.0, 21.75, 9999.0, 24.0, 9999.0, 117.82, 127.75, 120.25, 91.18, 138.5
2024-11-07, 08:53:22, 136.45, 58.27, 22.95, 22.09, 9999.0, 9.73, 10.0, 21.75, 9999.0, 24.02, 9999.0, 117.82, 127.75, 120.25, 91.18, 138.5
2024-11-07, 08:53:26, 136.45, 58.27, 22.93, 22.09, 9999.0, 9.68, 10.0, 21.75, 9999.0, 24.07, 9999.0, 117.82, 127.75, 120.25, 91.18, 138.5
2024-11-07, 08:53:30, 136.45, 58.27, 22.93, 22.07, 9999.0, 9.66, 10.0, 21.75, 9999.0, 24.09, 9999.0, 117.82, 127.75, 120.25, 91.16, 138.5
2024-11-07, 08:53:34, 136.45, 58.27, 22.95, 22.09, 9999.0, 9.64, 10.0, 21.75, 9999.0, 24.11, 9999.0, 117.77, 127.75, 120.25, 91.16, 138.5
2024-11-07, 08:53:38, 136.45, 58.27, 22.95, 22.09, 9999.0, 9.61, 10.0, 21.75, 9999.0, 24.14, 9999.0, 117.73, 127.75, 120.25, 91.16, 138.5
2024-11-07, 08:53:42, 136.45, 58.27, 22.95, 22.09, 9999.0, 9.61, 10.0, 21.75, 9999.0, 24.11, 9999.0, 117.68, 127.75, 120.25, 91.18, 138.5
2024-11-07, 08:53:46, 136.45, 58.27, 22.98, 22.09, 9999.0, 9.61, 10.0, 21.75, 9999.0, 24.11, 9999.0, 117.66, 127.75, 120.25, 91.2, 138.5
2024-11-07, 08:53:50, 136.45, 58.27, 22.95, 22.09, 9999.0, 9.64, 10.0, 21.75, 9999.0, 24.11, 9999.0, 117.64, 127.75, 120.25, 91.18, 138.5
2024-11-07, 08:53:54, 136.48, 58.27, 22.95, 22.07, 9999.0, 9.66, 10.0, 21.75, 9999.0, 24.09, 9999.0, 117.61, 127.75, 120.25, 91.18, 138.5
2024-11-07, 08:53:58, 136.48, 58.3, 22.95, 22.05, 9999.0, 9.7, 10.0, 21.75, 9999.0, 24.05, 9999.0, 117.61, 127.75, 120.23, 91.18, 138.5
2024-11-07, 08:54:02, 136.48, 58.3, 22.95, 22.07, 9999.0, 9.73, 10.0, 21.75, 9999.0, 24.02, 9999.0, 117.61, 127.75, 120.23, 91.16, 138.5
2024-11-07, 08:54:06, 136.48, 58.3, 22.95, 22.09, 9999.0, 9.73, 10.0, 21.75, 9999.0, 24.0, 9999.0, 117.61, 127.75, 120.23, 91.16, 138.5
2024-11-07, 08:54:10, 136.48, 58.32, 22.98, 22.11, 9999.0, 9.75, 10.0, 21.75, 9999.0, 23.95, 9999.0, 117.61, 127.75, 120.23, 91.16, 138.5
2024-11-07, 08:54:14, 136.45, 58.34, 22.98, 22.14, 9999.0, 9.77, 10.0, 21.75, 9999.0, 23.95, 9999.0, 117.61, 127.75, 120.23, 91.18, 138.5
2024-11-07, 08:54:18, 136.45, 58.34, 22.98, 22.11, 9999.0, 9.8, 10.0, 21.75, 9999.0, 23.95, 9999.0, 117.64, 127.75, 120.23, 91.18, 138.5
2024-11-07, 08:54:22, 136.48, 58.36, 22.98, 22.14, 9999.0, 9.82, 10.0, 21.75, 9999.0, 23.95, 9999.0, 117.66, 127.75, 120.23, 91.18, 138.5
2024-11-07, 08:54:26, 136.48, 58.34, 22.98, 22.16, 9999.0, 9.82, 10.0, 21.75, 9999.0, 23.95, 9999.0, 117.68, 127.75, 120.23, 91.18, 138.5
2024-11-07, 08:54:30, 136.48, 58.36, 22.95, 22.16, 9999.0, 9.82, 10.0, 21.75, 9999.0, 23.98, 9999.0, 117.7, 127.75, 120.23, 91.18, 138.5
2024-11-07, 08:54:34, 136.48, 58.36, 22.95, 22.14, 9999.0, 9.8, 10.0, 21.75, 9999.0, 23.98, 9999.0, 117.73, 127.75, 120.23, 91.2, 138.5
2024-11-07, 08:54:38, 136.48, 58.39, 22.95, 22.16, 9999.0, 9.77, 10.0, 21.75, 9999.0, 24.0, 9999.0, 117.73, 127.75, 120.23, 91.2, 138.5
2024-11-07, 08:54:42, 136.48, 58.36, 22.93, 22.18, 9999.0, 9.73, 10.0, 21.75, 9999.0, 24.05, 9999.0, 117.73, 127.75, 120.25, 91.23, 138.5
2024-11-07, 08:54:46, 136.48, 58.36, 22.91, 22.18, 9999.0, 9.7, 10.0, 21.75, 9999.0, 24.05, 9999.0, 117.7, 127.75, 120.25, 91.25, 138.5
2024-11-07, 08:54:50, 136.48, 58.36, 22.89, 22.16, 9999.0, 9.68, 10.0, 21.75, 9999.0, 24.05, 9999.0, 117.7, 127.75, 120.25, 91.25, 138.5
2024-11-07, 08:54:54, 136.48, 58.36, 22.86, 22.14, 9999.0, 9.66, 10.0, 21.75, 9999.0, 24.07, 9999.0, 117.68, 127.75, 120.25, 91.25, 138.5
2024-11-07, 08:54:58, 136.5, 58.34, 22.84, 22.14, 9999.0, 9.66, 10.0, 21.75, 9999.0, 24.07, 9999.0, 117.66, 127.75, 120.25, 91.25, 138.5
2024-11-07, 08:55:02, 136.5, 58.34, 22.82, 22.14, 9999.0, 9.66, 10.0, 21.75, 9999.0, 24.07, 9999.0, 117.64, 127.75, 120.25, 91.25, 138.5
2024-11-07, 08:55:06, 136.5, 58.32, 22.82, 22.11, 9999.0, 9.66, 10.0, 21.75, 9999.0, 24.07, 9999.0, 117.61, 127.75, 120.23, 91.23, 138.5
2024-11-07, 08:55:10, 136.5, 58.32, 22.8, 22.09, 9999.0, 9.68, 10.0, 21.75, 9999.0, 24.07, 9999.0, 117.59, 127.75, 120.23, 91.2, 138.5
2024-11-07, 08:55:14, 136.5, 58.3, 22.8, 22.09, 9999.0, 9.7, 10.0, 21.75, 9999.0, 24.05, 9999.0, 117.57, 127.75, 120.23, 91.2, 138.5
2024-11-07, 08:55:18, 136.5, 58.3, 22.82, 22.09, 9999.0, 9.7, 10.0, 21.75, 9999.0, 24.05, 9999.0, 117.57, 127.75, 120.23, 91.18, 138.48
2024-11-07, 08:55:22, 136.5, 58.27, 22.82, 22.07, 9999.0, 9.7, 10.0, 21.75, 9999.0, 24.02, 9999.0, 117.59, 127.75, 120.23, 91.18, 138.48
2024-11-07, 08:55:26, 136.5, 58.3, 22.84, 22.05, 9999.0, 9.73, 10.0, 21.75, 9999.0, 24.0, 9999.0, 117.59, 127.75, 120.23, 91.18, 138.48
2024-11-07, 08:55:30, 136.48, 58.3, 22.86, 22.02, 9999.0, 9.75, 10.0, 21.75, 9999.0, 23.98, 9999.0, 117.64, 127.75, 120.23, 91.18, 138.48
2024-11-07, 08:55:34, 136.48, 58.3, 22.89, 22.02, 9999.0, 9.77, 10.0, 21.75, 9999.0, 23.95, 9999.0, 117.64, 127.75, 120.23, 91.18, 138.45
2024-11-07, 08:55:38, 136.48, 58.27, 22.91, 22.05, 9999.0, 9.8, 10.0, 21.75, 9999.0, 23.95, 9999.0, 117.66, 127.75, 120.2, 91.16, 138.45
2024-11-07, 08:55:43, 136.48, 58.27, 22.93, 22.05, 9999.0, 9.8, 10.0, 21.75, 9999.0, 23.95, 9999.0, 117.68, 127.75, 120.2, 91.16, 138.43
2024-11-07, 08:55:47, 136.48, 58.27, 22.93, 22.07, 9999.0, 9.8, 10.0, 21.75, 9999.0, 23.98, 9999.0, 117.7, 127.75, 120.2, 91.16, 138.43
2024-11-07, 08:55:51, 136.48, 58.27, 22.93, 22.09, 9999.0, 9.8, 10.0, 21.75, 9999.0, 24.0, 9999.0, 117.73, 127.75, 120.23, 91.16, 138.43
2024-11-07, 08:55:55, 136.48, 58.27, 22.93, 22.11, 9999.0, 9.77, 10.0, 21.75, 9999.0, 24.02, 9999.0, 117.75, 127.75, 120.23, 91.16, 138.43
2024-11-07, 08:55:59, 136.48, 58.27, 22.93, 22.11, 9999.0, 9.75, 10.0, 21.75, 9999.0, 24.05, 9999.0, 117.77, 127.75, 120.23, 91.14, 138.43
2024-11-07, 08:56:03, 136.48, 58.3, 22.91, 22.11, 9999.0, 9.75, 10.0, 21.75, 9999.0, 24.07, 9999.0, 117.77, 127.75, 120.23, 91.14, 138.45
2024-11-07, 08:56:07, 136.48, 58.3, 22.89, 22.14, 9999.0, 9.73, 10.0, 21.75, 9999.0, 24.09, 9999.0, 117.75, 127.75, 120.23, 91.11, 138.45
2024-11-07, 08:56:11, 136.48, 58.27, 22.89, 22.16, 9999.0, 9.7, 10.0, 21.75, 9999.0, 24.11, 9999.0, 117.73, 127.75, 120.23, 91.09, 138.45
2024-11-07, 08:56:15, 136.48, 58.27, 22.89, 22.16, 9999.0, 9.68, 10.0, 21.75, 9999.0, 24.14, 9999.0, 117.68, 127.75, 120.23, 91.07, 138.45
2024-11-07, 08:56:19, 136.48, 58.27, 22.89, 22.16, 9999.0, 9.68, 10.0, 21.75, 9999.0, 24.16, 9999.0, 117.66, 127.75, 120.23, 91.05, 138.48
2024-11-07, 08:56:23, 136.48, 58.27, 22.89, 22.14, 9999.0, 9.68, 10.0, 21.75, 9999.0, 24.16, 9999.0, 117.64, 127.75, 120.25, 91.05, 138.48
2024-11-07, 08:56:27, 136.48, 58.27, 22.89, 22.14, 9999.0, 9.68, 10.0, 21.75, 9999.0, 24.16, 9999.0, 117.61, 127.75, 120.25, 91.02, 138.48
2024-11-07, 08:56:31, 136.48, 58.27, 22.91, 22.11, 9999.0, 9.7, 10.0, 21.75, 9999.0, 24.14, 9999.0, 117.59, 127.75, 120.25, 91.0, 138.45
2024-11-07, 08:56:35, 136.48, 58.27, 22.91, 22.09, 9999.0, 9.7, 10.0, 21.75, 9999.0, 24.09, 9999.0, 117.59, 127.73, 120.25, 91.02, 138.45
2024-11-07, 08:56:39, 136.48, 58.3, 22.93, 22.09, 9999.0, 9.7, 10.0, 21.75, 9999.0, 24.05, 9999.0, 117.59, 127.73, 120.25, 91.05, 138.43
2024-11-07, 08:56:43, 136.45, 58.3, 22.95, 22.09, 9999.0, 9.7, 10.0, 21.75, 9999.0, 24.02, 9999.0, 117.59, 127.73, 120.25, 91.05, 138.43
2024-11-07, 08:56:47, 136.45, 58.27, 22.95, 22.11, 9999.0, 9.7, 10.0, 21.75, 9999.0, 23.98, 9999.0, 117.59, 127.73, 120.25, 91.07, 138.41
2024-11-07, 08:56:51, 136.45, 58.27, 22.95, 22.09, 9999.0, 9.73, 10.0, 21.75, 9999.0, 23.93, 9999.0, 117.64, 127.73, 120.25, 91.09, 138.41
2024-11-07, 08:56:55, 136.45, 58.27, 22.95, 22.07, 9999.0, 9.75, 10.0, 21.75, 9999.0, 23.89, 9999.0, 117.66, 127.73, 120.25, 91.09, 138.39
2024-11-07, 08:56:59, 136.48, 58.27, 22.95, 22.07, 9999.0, 9.77, 10.0, 21.75, 9999.0, 23.89, 9999.0, 117.68, 127.73, 120.25, 91.11, 138.39
2024-11-07, 08:57:03, 136.48, 58.27, 22.93, 22.07, 9999.0, 9.77, 10.0, 21.75, 9999.0, 23.89, 9999.0, 117.7, 127.7, 120.25, 91.14, 138.39
2024-11-07, 08:57:07, 136.45, 58.27, 22.91, 22.09, 9999.0, 9.75, 10.0, 21.75, 9999.0, 23.91, 9999.0, 117.73, 127.7, 120.25, 91.16, 138.39
2024-11-07, 08:57:11, 136.45, 58.27, 22.89, 22.07, 9999.0, 9.75, 10.0, 21.75, 9999.0, 23.93, 9999.0, 117.75, 127.7, 120.25, 91.18, 138.41
2024-11-07, 08:57:15, 136.45, 58.27, 22.86, 22.07, 9999.0, 9.73, 10.0, 21.75, 9999.0, 23.95, 9999.0, 117.77, 127.7, 120.25, 91.18, 138.43
2024-11-07, 08:57:19, 136.45, 58.27, 22.84, 22.07, 9999.0, 9.7, 10.0, 21.75, 9999.0, 24.0, 9999.0, 117.75, 127.73, 120.25, 91.18, 138.43
2024-11-07, 08:57:23, 136.43, 58.27, 22.82, 22.05, 9999.0, 9.68, 10.0, 21.75, 9999.0, 24.05, 9999.0, 117.75, 127.73, 120.25, 91.18, 138.45
2024-11-07, 08:57:27, 136.45, 58.27, 22.8, 22.05, 9999.0, 9.66, 10.0, 21.75, 9999.0, 24.07, 9999.0, 117.73, 127.73, 120.25, 91.18, 138.45
2024-11-07, 08:57:31, 136.45, 58.27, 22.82, 22.02, 9999.0, 9.64, 10.0, 21.75, 9999.0, 24.09, 9999.0, 117.7, 127.73, 120.25, 91.16, 138.48
2024-11-07, 08:57:35, 136.45, 58.27, 22.84, 22.02, 9999.0, 9.61, 10.0, 21.75, 9999.0, 24.11, 9999.0, 117.66, 127.7, 120.25, 91.14, 138.45
2024-11-07, 08:57:39, 136.45, 58.3, 22.82, 22.02, 9999.0, 9.61, 10.0, 21.75, 9999.0, 24.14, 9999.0, 117.64, 127.7, 120.25, 91.16, 138.48
2024-11-07, 08:57:43, 136.45, 58.3, 22.8, 22.02, 9999.0, 9.61, 10.0, 21.75, 9999.0, 24.14, 9999.0, 117.61, 127.7, 120.25, 91.16, 138.45
2024-11-07, 08:57:47, 136.45, 58.3, 22.8, 22.02, 9999.0, 9.61, 10.0, 21.75, 9999.0, 24.14, 9999.0, 117.59, 127.73, 120.25, 91.14, 138.45
2024-11-07, 08:57:51, 136.48, 58.3, 22.8, 22.0, 9999.0, 9.64, 10.0, 21.75, 9999.0, 24.09, 9999.0, 117.57, 127.7, 120.25, 91.14, 138.43
2024-11-07, 08:57:55, 136.48, 58.3, 22.82, 22.0, 9999.0, 9.66, 10.0, 21.75, 9999.0, 24.05, 9999.0, 117.57, 127.7, 120.25, 91.14, 138.43
2024-11-07, 08:57:59, 136.48, 58.3, 22.82, 22.0, 9999.0, 9.66, 10.0, 21.75, 9999.0, 24.0, 9999.0, 117.57, 127.7, 120.25, 91.16, 138.43
2024-11-07, 08:58:03, 136.48, 58.3, 22.84, 22.0, 9999.0, 9.68, 10.0, 21.75, 9999.0, 23.98, 9999.0, 117.59, 127.7, 120.25, 91.16, 138.41
2024-11-07, 08:58:07, 136.5, 58.27, 22.84, 22.0, 9999.0, 9.7, 10.0, 21.75, 9999.0, 23.93, 9999.0, 117.61, 127.7, 120.25, 91.16, 138.39
2024-11-07, 08:58:11, 136.5, 58.27, 22.84, 22.0, 9999.0, 9.73, 10.0, 21.75, 9999.0, 23.89, 9999.0, 117.64, 127.7, 120.25, 91.18, 138.36
2024-11-07, 08:58:15, 136.5, 58.27, 22.82, 22.0, 9999.0, 9.75, 10.0, 21.75, 9999.0, 23.89, 9999.0, 117.66, 127.7, 120.25, 91.2, 138.34
2024-11-07, 08:58:19, 136.5, 58.27, 22.82, 22.0, 9999.0, 9.77, 10.0, 21.75, 9999.0, 23.89, 9999.0, 117.68, 127.73, 120.25, 91.2, 138.36
2024-11-07, 08:58:23, 136.5, 58.25, 22.82, 22.0, 9999.0, 9.77, 10.0, 21.73, 9999.0, 23.89, 9999.0, 117.7, 127.73, 120.25, 91.18, 138.36
2024-11-07, 08:58:27, 136.5, 58.25, 22.82, 22.0, 9999.0, 9.75, 10.0, 21.7, 9999.0, 23.91, 9999.0, 117.73, 127.73, 120.25, 91.16, 138.36
2024-11-07, 08:58:31, 136.5, 58.25, 22.84, 22.0, 9999.0, 9.73, 10.0, 21.7, 9999.0, 23.93, 9999.0, 117.75, 127.73, 120.25, 91.16, 138.34
2024-11-07, 08:58:35, 136.5, 58.25, 22.84, 22.0, 9999.0, 9.7, 10.0, 21.7, 9999.0, 23.98, 9999.0, 117.77, 127.75, 120.25, 91.16, 138.36
2024-11-07, 08:58:39, 136.5, 58.25, 22.84, 22.0, 9999.0, 9.66, 10.0, 21.7, 9999.0, 24.02, 9999.0, 117.75, 127.75, 120.25, 91.16, 138.36
2024-11-07, 08:58:43, 136.48, 58.27, 22.84, 22.0, 9999.0, 9.64, 10.0, 21.7, 9999.0, 24.07, 9999.0, 117.73, 127.75, 120.25, 91.16, 138.36
2024-11-07, 08:58:47, 136.45, 58.27, 22.82, 22.0, 9999.0, 9.61, 10.0, 21.7, 9999.0, 24.07, 9999.0, 117.73, 127.75, 120.25, 91.14, 138.39
2024-11-07, 08:58:51, 136.45, 58.27, 22.82, 22.0, 9999.0, 9.59, 10.0, 21.7, 9999.0, 24.09, 9999.0, 117.7, 127.75, 120.25, 91.11, 138.39
2024-11-07, 08:58:55, 136.45, 58.27, 22.82, 22.0, 9999.0, 9.57, 10.0, 21.7, 9999.0, 24.11, 9999.0, 117.68, 127.75, 120.25, 91.11, 138.41
2024-11-07, 08:58:59, 136.43, 58.27, 22.82, 22.0, 9999.0, 9.57, 10.0, 21.7, 9999.0, 24.11, 9999.0, 117.66, 127.75, 120.25, 91.11, 138.43
2024-11-07, 08:59:03, 136.43, 58.27, 22.8, 22.02, 9999.0, 9.57, 10.0, 21.68, 9999.0, 24.11, 9999.0, 117.64, 127.75, 120.25, 91.14, 138.41
2024-11-07, 08:59:07, 136.43, 58.27, 22.8, 22.02, 9999.0, 9.57, 10.0, 21.7, 9999.0, 24.11, 9999.0, 117.61, 127.75, 120.25, 91.16, 138.41
2024-11-07, 08:59:11, 136.43, 58.27, 22.8, 22.02, 9999.0, 9.59, 10.0, 21.73, 9999.0, 24.09, 9999.0, 117.59, 127.75, 120.25, 91.18, 138.43
2024-11-07, 08:59:15, 136.43, 58.27, 22.77, 22.02, 9999.0, 9.64, 10.0, 21.73, 9999.0, 24.07, 9999.0, 117.59, 127.75, 120.23, 91.18, 138.45
2024-11-07, 08:59:19, 136.43, 58.27, 22.77, 22.02, 9999.0, 9.66, 10.0, 21.73, 9999.0, 24.05, 9999.0, 117.59, 127.75, 120.23, 91.16, 138.45
2024-11-07, 08:59:23, 136.43, 58.27, 22.75, 22.02, 9999.0, 9.68, 10.0, 21.73, 9999.0, 24.0, 9999.0, 117.61, 127.73, 120.23, 91.14, 138.45
2024-11-07, 08:59:27, 136.45, 58.25, 22.75, 22.02, 9999.0, 9.7, 10.0, 21.73, 9999.0, 23.98, 9999.0, 117.64, 127.73, 120.23, 91.11, 138.45
2024-11-07, 08:59:32, 136.48, 58.25, 22.75, 22.02, 9999.0, 9.73, 10.0, 21.73, 9999.0, 23.95, 9999.0, 117.64, 127.73, 120.23, 91.11, 138.45
2024-11-07, 08:59:36, 136.48, 58.25, 22.75, 22.02, 9999.0, 9.75, 10.0, 21.73, 9999.0, 23.95, 9999.0, 117.64, 127.73, 120.23, 91.11, 138.45
2024-11-07, 08:59:40, 136.48, 58.25, 22.77, 22.02, 9999.0, 9.77, 10.0, 21.73, 9999.0, 23.93, 9999.0, 117.66, 127.73, 120.23, 91.09, 138.45
2024-11-07, 08:59:44, 136.5, 58.25, 22.77, 22.02, 9999.0, 9.77, 10.0, 21.73, 9999.0, 23.93, 9999.0, 117.68, 127.73, 120.23, 91.09, 138.43
2024-11-07, 08:59:48, 136.5, 58.25, 22.77, 22.0, 9999.0, 9.75, 10.0, 21.73, 9999.0, 23.93, 9999.0, 117.7, 127.73, 120.23, 91.07, 138.45
2024-11-07, 08:59:52, 136.5, 58.25, 22.77, 22.0, 9999.0, 9.73, 10.0, 21.73, 9999.0, 23.93, 9999.0, 117.73, 127.73, 120.23, 91.05, 138.45
2024-11-07, 08:59:56, 136.5, 58.25, 22.8, 22.0, 9999.0, 9.7, 10.0, 21.7, 9999.0, 23.93, 9999.0, 117.75, 127.73, 120.23, 91.02, 138.45
2024-11-07, 09:00:00, 136.48, 58.25, 22.82, 22.0, 9999.0, 9.66, 10.0, 21.68, 9999.0, 23.93, 9999.0, 117.73, 127.73, 120.25, 91.05, 138.43
2024-11-07, 09:00:04, 136.48, 58.25, 22.82, 22.0, 9999.0, 9.64, 10.0, 21.68, 9999.0, 23.93, 9999.0, 117.73, 127.73, 120.25, 91.07, 138.43
2024-11-07, 09:00:08, 136.45, 58.25, 22.82, 22.0, 9999.0, 9.61, 10.0, 21.68, 9999.0, 23.95, 9999.0, 117.7, 127.75, 120.25, 91.07, 138.43
2024-11-07, 09:00:12, 136.45, 58.25, 22.82, 22.0, 9999.0, 9.59, 10.0, 21.68, 9999.0, 23.95, 9999.0, 117.68, 127.75, 120.25, 91.09, 138.41
2024-11-07, 09:00:16, 136.45, 58.25, 22.82, 22.0, 9999.0, 9.57, 10.0, 21.68, 9999.0, 23.98, 9999.0, 117.66, 127.75, 120.25, 91.11, 138.39
2024-11-07, 09:00:20, 136.45, 58.25, 22.82, 22.0, 9999.0, 9.57, 10.0, 21.68, 9999.0, 23.95, 9999.0, 117.64, 127.75, 120.25, 91.11, 138.39
2024-11-07, 09:00:24, 136.45, 58.25, 22.8, 22.0, 9999.0, 9.57, 10.0, 21.68, 9999.0, 23.95, 9999.0, 117.61, 127.75, 120.25, 91.11, 138.39
2024-11-07, 09:00:28, 136.43, 58.25, 22.8, 22.0, 9999.0, 9.57, 10.0, 21.68, 9999.0, 23.95, 9999.0, 117.59, 127.75, 120.25, 91.09, 138.41
2024-11-07, 09:00:32, 136.43, 58.25, 22.82, 22.0, 9999.0, 9.61, 10.0, 21.7, 9999.0, 23.95, 9999.0, 117.57, 127.75, 120.25, 91.11, 138.41
2024-11-07, 09:00:36, 136.43, 58.25, 22.82, 22.0, 9999.0, 9.64, 10.0, 21.7, 9999.0, 23.95, 9999.0, 117.57, 127.75, 120.25, 91.14, 138.39
2024-11-07, 09:00:40, 136.43, 58.25, 22.8, 22.0, 9999.0, 9.66, 10.0, 21.73, 9999.0, 23.93, 9999.0, 117.57, 127.75, 120.25, 91.16, 138.39
2024-11-07, 09:00:44, 136.45, 58.25, 22.77, 22.0, 9999.0, 9.68, 10.0, 21.75, 9999.0, 23.91, 9999.0, 117.59, 127.75, 120.25, 91.14, 138.39
2024-11-07, 09:00:48, 136.45, 58.25, 22.77, 22.0, 9999.0, 9.7, 10.0, 21.75, 9999.0, 23.89, 9999.0, 117.61, 127.75, 120.25, 91.14, 138.36
2024-11-07, 09:00:52, 136.48, 58.25, 22.77, 22.0, 9999.0, 9.73, 10.0, 21.75, 9999.0, 23.86, 9999.0, 117.64, 127.75, 120.25, 91.16, 138.34
2024-11-07, 09:00:56, 136.48, 58.27, 22.77, 22.0, 9999.0, 9.75, 10.0, 21.75, 9999.0, 23.84, 9999.0, 117.66, 127.75, 120.25, 91.16, 138.36
2024-11-07, 09:01:00, 136.48, 58.27, 22.77, 22.0, 9999.0, 9.77, 10.0, 21.75, 9999.0, 23.84, 9999.0, 117.68, 127.75, 120.25, 91.16, 138.36
2024-11-07, 09:01:04, 136.48, 58.27, 22.77, 22.0, 9999.0, 9.77, 10.0, 21.75, 9999.0, 23.84, 9999.0, 117.7, 127.75, 120.25, 91.18, 138.39
2024-11-07, 09:01:08, 136.48, 58.27, 22.77, 22.0, 9999.0, 9.75, 10.0, 21.73, 9999.0, 23.86, 9999.0, 117.73, 127.75, 120.25, 91.18, 138.39
2024-11-07, 09:01:12, 136.48, 58.27, 22.77, 22.0, 9999.0, 9.75, 10.0, 21.73, 9999.0, 23.86, 9999.0, 117.75, 127.75, 120.25, 91.2, 138.36
2024-11-07, 09:01:16, 136.45, 58.27, 22.75, 22.0, 9999.0, 9.7, 10.0, 21.73, 9999.0, 23.89, 9999.0, 117.75, 127.75, 120.25, 91.2, 138.34
2024-11-07, 09:01:20, 136.45, 58.27, 22.75, 22.0, 9999.0, 9.68, 10.0, 21.73, 9999.0, 23.91, 9999.0, 117.73, 127.75, 120.25, 91.2, 138.36
2024-11-07, 09:01:24, 136.45, 58.27, 22.75, 22.0, 9999.0, 9.68, 10.0, 21.73, 9999.0, 23.95, 9999.0, 117.7, 127.75, 120.25, 91.2, 138.34
2024-11-07, 09:01:28, 136.45, 58.27, 22.77, 22.0, 9999.0, 9.66, 10.0, 21.73, 9999.0, 24.0, 9999.0, 117.68, 127.75, 120.25, 91.23, 138.36
2024-11-07, 09:01:32, 136.43, 58.27, 22.77, 22.0, 9999.0, 9.64, 10.0, 21.73, 9999.0, 24.02, 9999.0, 117.64, 127.75, 120.25, 91.23, 138.36
2024-11-07, 09:01:36, 136.43, 58.27, 22.77, 22.0, 9999.0, 9.61, 10.0, 21.7, 9999.0, 24.05, 9999.0, 117.61, 127.75, 120.25, 91.23, 138.36
2024-11-07, 09:01:40, 136.41, 58.25, 22.77, 22.0, 9999.0, 9.61, 10.0, 21.68, 9999.0, 24.05, 9999.0, 117.59, 127.75, 120.25, 91.2, 138.34
2024-11-07, 09:01:44, 136.39, 58.25, 22.8, 22.0, 9999.0, 9.61, 10.0, 21.66, 9999.0, 24.02, 9999.0, 117.57, 127.75, 120.25, 91.18, 138.36
2024-11-07, 09:01:48, 136.36, 58.25, 22.8, 22.0, 9999.0, 9.61, 10.0, 21.66, 9999.0, 24.05, 9999.0, 117.55, 127.75, 120.25, 91.16, 138.34
2024-11-07, 09:01:52, 136.36, 58.25, 22.8, 22.0, 9999.0, 9.66, 10.0, 21.68, 9999.0, 24.05, 9999.0, 117.52, 127.75, 120.25, 91.16, 138.34
2024-11-07, 09:01:56, 136.39, 58.25, 22.8, 22.0, 9999.0, 9.68, 10.0, 21.68, 9999.0, 24.05, 9999.0, 117.52, 127.75, 120.25, 91.14, 138.34
2024-11-07, 09:02:00, 136.41, 58.25, 22.82, 22.0, 9999.0, 9.7, 10.0, 21.68, 9999.0, 24.0, 9999.0, 117.55, 127.73, 120.25, 91.11, 138.34
2024-11-07, 09:02:04, 136.41, 58.25, 22.82, 22.0, 9999.0, 9.73, 10.0, 21.68, 9999.0, 23.95, 9999.0, 117.57, 127.73, 120.25, 91.09, 138.32
2024-11-07, 09:02:08, 136.41, 58.25, 22.82, 22.0, 9999.0, 9.73, 10.0, 21.68, 9999.0, 23.91, 9999.0, 117.61, 127.73, 120.25, 91.07, 138.34
2024-11-07, 09:02:12, 136.41, 58.25, 22.82, 22.0, 9999.0, 9.75, 10.0, 21.68, 9999.0, 23.86, 9999.0, 117.66, 127.73, 120.25, 91.05, 138.34
2024-11-07, 09:02:16, 136.43, 58.25, 22.82, 22.0, 9999.0, 9.77, 10.0, 21.66, 9999.0, 23.84, 9999.0, 117.68, 127.73, 120.25, 91.05, 138.36
2024-11-07, 09:02:20, 136.43, 58.25, 22.82, 22.0, 9999.0, 9.8, 10.0, 21.68, 9999.0, 23.82, 9999.0, 117.7, 127.73, 120.25, 91.02, 138.39
2024-11-07, 09:02:24, 136.45, 58.25, 22.84, 22.0, 9999.0, 9.8, 10.0, 21.7, 9999.0, 23.84, 9999.0, 117.73, 127.73, 120.25, 91.05, 138.41
2024-11-07, 09:02:28, 136.48, 58.25, 22.82, 22.0, 9999.0, 9.77, 10.0, 21.73, 9999.0, 23.86, 9999.0, 117.75, 127.73, 120.25, 91.05, 138.39
2024-11-07, 09:02:32, 136.5, 58.25, 22.84, 22.0, 9999.0, 9.75, 10.0, 21.73, 9999.0, 23.86, 9999.0, 117.75, 127.73, 120.25, 91.07, 138.41
2024-11-07, 09:02:36, 136.5, 58.25, 22.84, 22.0, 9999.0, 9.7, 10.0, 21.7, 9999.0, 23.86, 9999.0, 117.77, 127.73, 120.25, 91.09, 138.41
2024-11-07, 09:02:40, 136.5, 58.25, 22.84, 22.0, 9999.0, 9.66, 10.0, 21.7, 9999.0, 23.86, 9999.0, 117.75, 127.73, 120.25, 91.11, 138.41
2024-11-07, 09:02:44, 136.5, 58.25, 22.84, 22.0, 9999.0, 9.64, 10.0, 21.7, 9999.0, 23.89, 9999.0, 117.73, 127.75, 120.25, 91.14, 138.43
2024-11-07, 09:02:48, 136.48, 58.25, 22.84, 22.0, 9999.0, 9.61, 10.0, 21.7, 9999.0, 23.89, 9999.0, 117.7, 127.75, 120.25, 91.16, 138.45
2024-11-07, 09:02:52, 136.48, 58.25, 22.84, 22.0, 9999.0, 9.59, 10.0, 21.68, 9999.0, 23.89, 9999.0, 117.66, 127.75, 120.25, 91.18, 138.45
2024-11-07, 09:02:56, 136.48, 58.25, 22.82, 22.0, 9999.0, 9.57, 10.0, 21.68, 9999.0, 23.89, 9999.0, 117.61, 127.75, 120.25, 91.2, 138.45
2024-11-07, 09:03:00, 136.45, 58.25, 22.82, 22.0, 9999.0, 9.57, 10.0, 21.7, 9999.0, 23.89, 9999.0, 117.59, 127.75, 120.25, 91.2, 138.45
2024-11-07, 09:03:04, 136.45, 58.25, 22.84, 22.0, 9999.0, 9.57, 10.0, 21.7, 9999.0, 23.89, 9999.0, 117.57, 127.75, 120.25, 91.23, 138.43
2024-11-07, 09:03:08, 136.45, 58.25, 22.84, 22.0, 9999.0, 9.57, 10.0, 21.7, 9999.0, 23.86, 9999.0, 117.55, 127.75, 120.25, 91.23, 138.43
2024-11-07, 09:03:12, 136.45, 58.25, 22.84, 22.0, 9999.0, 9.61, 10.0, 21.7, 9999.0, 23.84, 9999.0, 117.52, 127.75, 120.23, 91.25, 138.45
2024-11-07, 09:03:16, 136.45, 58.25, 22.82, 22.0, 9999.0, 9.64, 10.0, 21.7, 9999.0, 23.82, 9999.0, 117.55, 127.73, 120.23, 91.25, 138.45
2024-11-07, 09:03:21, 136.45, 58.25, 22.82, 22.0, 9999.0, 9.66, 10.0, 21.73, 9999.0, 23.8, 9999.0, 117.55, 127.73, 120.23, 91.25, 138.43
2024-11-07, 09:03:25, 136.45, 58.25, 22.82, 22.0, 9999.0, 9.68, 10.0, 21.73, 9999.0, 23.77, 9999.0, 117.57, 127.73, 120.23, 91.25, 138.45
2024-11-07, 09:03:29, 136.45, 58.25, 22.8, 22.0, 9999.0, 9.7, 10.0, 21.73, 9999.0, 23.73, 9999.0, 117.61, 127.73, 120.23, 91.25, 138.45
2024-11-07, 09:03:33, 136.45, 58.25, 22.82, 22.0, 9999.0, 9.73, 10.0, 21.73, 9999.0, 23.7, 9999.0, 117.66, 127.73, 120.23, 91.25, 138.45
2024-11-07, 09:03:37, 136.45, 58.25, 22.82, 22.0, 9999.0, 9.75, 10.0, 21.75, 9999.0, 23.7, 9999.0, 117.68, 127.73, 120.23, 91.25, 138.45
2024-11-07, 09:03:41, 136.45, 58.25, 22.82, 22.0, 9999.0, 9.77, 10.0, 21.75, 9999.0, 23.7, 9999.0, 117.73, 127.73, 120.23, 91.23, 138.45
2024-11-07, 09:03:45, 136.45, 58.25, 22.82, 22.0, 9999.0, 9.77, 10.0, 21.75, 9999.0, 23.7, 9999.0, 117.75, 127.73, 120.23, 91.23, 138.45
2024-11-07, 09:03:49, 136.45, 58.25, 22.8, 22.0, 9999.0, 9.77, 10.0, 21.75, 9999.0, 23.73, 9999.0, 117.77, 127.73, 120.23, 91.23, 138.48
2024-11-07, 09:03:53, 136.45, 58.25, 22.8, 22.0, 9999.0, 9.75, 10.0, 21.75, 9999.0, 23.73, 9999.0, 117.8, 127.73, 120.23, 91.2, 138.48
2024-11-07, 09:03:57, 136.43, 58.25, 22.8, 22.0, 9999.0, 9.7, 10.0, 21.75, 9999.0, 23.73, 9999.0, 117.82, 127.73, 120.25, 91.18, 138.48
2024-11-07, 09:04:01, 136.43, 58.25, 22.82, 22.0, 9999.0, 9.68, 10.0, 21.75, 9999.0, 23.75, 9999.0, 117.82, 127.75, 120.25, 91.16, 138.48
2024-11-07, 09:04:05, 136.43, 58.25, 22.82, 22.0, 9999.0, 9.66, 10.0, 21.75, 9999.0, 23.75, 9999.0, 117.8, 127.75, 120.25, 91.14, 138.5
2024-11-07, 09:04:09, 136.43, 58.25, 22.82, 22.0, 9999.0, 9.64, 10.0, 21.75, 9999.0, 23.75, 9999.0, 117.77, 127.75, 120.25, 91.14, 138.5
2024-11-07, 09:04:13, 136.43, 58.25, 22.84, 22.0, 9999.0, 9.61, 10.0, 21.75, 9999.0, 23.77, 9999.0, 117.73, 127.75, 120.25, 91.11, 138.5
2024-11-07, 09:04:17, 136.45, 58.25, 22.84, 22.0, 9999.0, 9.59, 10.0, 21.73, 9999.0, 23.8, 9999.0, 117.68, 127.75, 120.25, 91.09, 138.5
2024-11-07, 09:04:21, 136.43, 58.25, 22.84, 22.0, 9999.0, 9.59, 10.0, 21.7, 9999.0, 23.8, 9999.0, 117.66, 127.75, 120.25, 91.07, 138.5
2024-11-07, 09:04:25, 136.41, 58.25, 22.86, 22.0, 9999.0, 9.59, 10.0, 21.7, 9999.0, 23.77, 9999.0, 117.61, 127.75, 120.25, 91.09, 138.48
2024-11-07, 09:04:29, 136.41, 58.25, 22.86, 22.0, 9999.0, 9.59, 10.0, 21.7, 9999.0, 23.75, 9999.0, 117.59, 127.75, 120.25, 91.09, 138.48
2024-11-07, 09:04:33, 136.41, 58.25, 22.86, 22.0, 9999.0, 9.59, 10.0, 21.7, 9999.0, 23.7, 9999.0, 117.57, 127.75, 120.25, 91.09, 138.48
2024-11-07, 09:04:37, 136.41, 58.25, 22.84, 22.0, 9999.0, 9.61, 10.0, 21.7, 9999.0, 23.68, 9999.0, 117.57, 127.75, 120.25, 91.11, 138.48
2024-11-07, 09:04:41, 136.43, 58.25, 22.84, 22.02, 9999.0, 9.64, 10.0, 21.7, 9999.0, 23.66, 9999.0, 117.57, 127.75, 120.25, 91.11, 138.45
2024-11-07, 09:04:45, 136.43, 58.25, 22.84, 22.02, 9999.0, 9.66, 10.0, 21.7, 9999.0, 23.61, 9999.0, 117.57, 127.75, 120.25, 91.14, 138.45
2024-11-07, 09:04:49, 136.43, 58.25, 22.86, 22.02, 9999.0, 9.68, 10.0, 21.7, 9999.0, 23.59, 9999.0, 117.61, 127.75, 120.25, 91.16, 138.45
2024-11-07, 09:04:53, 136.43, 58.25, 22.89, 22.02, 9999.0, 9.7, 10.0, 21.7, 9999.0, 23.57, 9999.0, 117.66, 127.75, 120.25, 91.16, 138.45
2024-11-07, 09:04:57, 136.43, 58.25, 22.89, 22.02, 9999.0, 9.73, 10.0, 21.7, 9999.0, 23.57, 9999.0, 117.68, 127.75, 120.25, 91.18, 138.45
2024-11-07, 09:05:01, 136.43, 58.25, 22.89, 22.02, 9999.0, 9.73, 10.0, 21.73, 9999.0, 23.57, 9999.0, 117.7, 127.75, 120.25, 91.2, 138.45
2024-11-07, 09:05:05, 136.45, 58.25, 22.91, 22.02, 9999.0, 9.73, 10.0, 21.75, 9999.0, 23.57, 9999.0, 117.73, 127.75, 120.25, 91.23, 138.45
2024-11-07, 09:05:09, 136.45, 58.25, 22.91, 22.02, 9999.0, 9.7, 10.0, 21.75, 9999.0, 23.61, 9999.0, 117.75, 127.75, 120.25, 91.23, 138.48
2024-11-07, 09:05:13, 136.48, 58.25, 22.93, 22.02, 9999.0, 9.7, 10.0, 21.75, 9999.0, 23.64, 9999.0, 117.77, 127.75, 120.25, 91.23, 138.48
2024-11-07, 09:05:17, 136.48, 58.25, 22.95, 22.02, 9999.0, 9.68, 10.0, 21.75, 9999.0, 23.66, 9999.0, 117.8, 127.75, 120.25, 91.2, 138.48
2024-11-07, 09:05:21, 136.48, 58.25, 22.98, 22.02, 9999.0, 9.66, 10.0, 21.75, 9999.0, 23.68, 9999.0, 117.77, 127.75, 120.25, 91.18, 138.48
2024-11-07, 09:05:25, 136.48, 58.25, 23.0, 22.0, 9999.0, 9.64, 10.0, 21.75, 9999.0, 23.7, 9999.0, 117.75, 127.75, 120.25, 91.2, 138.5
2024-11-07, 09:05:29, 136.48, 58.25, 23.0, 22.0, 9999.0, 9.61, 10.0, 21.73, 9999.0, 23.73, 9999.0, 117.73, 127.75, 120.25, 91.2, 138.5
2024-11-07, 09:05:33, 136.48, 58.25, 23.0, 22.0, 9999.0, 9.59, 10.0, 21.73, 9999.0, 23.75, 9999.0, 117.68, 127.75, 120.25, 91.18, 138.5
2024-11-07, 09:05:37, 136.48, 58.25, 23.0, 22.0, 9999.0, 9.57, 10.0, 21.73, 9999.0, 23.77, 9999.0, 117.64, 127.75, 120.25, 91.18, 138.5
2024-11-07, 09:05:41, 136.48, 58.25, 23.0, 22.0, 9999.0, 9.57, 10.0, 21.73, 9999.0, 23.77, 9999.0, 117.61, 127.75, 120.25, 91.18, 138.5
2024-11-07, 09:05:45, 136.48, 58.25, 23.0, 22.0, 9999.0, 9.59, 10.0, 21.73, 9999.0, 23.75, 9999.0, 117.59, 127.75, 120.25, 91.18, 138.5
2024-11-07, 09:05:49, 136.48, 58.25, 23.0, 22.0, 9999.0, 9.59, 10.0, 21.73, 9999.0, 23.75, 9999.0, 117.57, 127.75, 120.25, 91.18, 138.5
2024-11-07, 09:05:53, 136.5, 58.25, 23.0, 22.0, 9999.0, 9.64, 10.0, 21.73, 9999.0, 23.7, 9999.0, 117.55, 127.75, 120.25, 91.16, 138.5
2024-11-07, 09:05:57, 136.5, 58.25, 23.0, 22.0, 9999.0, 9.64, 10.0, 21.73, 9999.0, 23.68, 9999.0, 117.55, 127.75, 120.25, 91.16, 138.5
2024-11-07, 09:06:01, 136.5, 58.25, 23.0, 22.0, 9999.0, 9.66, 10.0, 21.73, 9999.0, 23.66, 9999.0, 117.55, 127.75, 120.25, 91.18, 138.5
2024-11-07, 09:06:05, 136.5, 58.25, 22.98, 22.0, 9999.0, 9.68, 10.0, 21.73, 9999.0, 23.64, 9999.0, 117.57, 127.75, 120.25, 91.2, 138.5
2024-11-07, 09:06:09, 136.5, 58.25, 22.98, 22.0, 9999.0, 9.7, 10.0, 21.73, 9999.0, 23.61, 9999.0, 117.61, 127.75, 120.25, 91.2, 138.5
2024-11-07, 09:06:13, 136.5, 58.25, 22.98, 22.0, 9999.0, 9.73, 10.0, 21.75, 9999.0, 23.59, 9999.0, 117.66, 127.75, 120.25, 91.2, 138.5
2024-11-07, 09:06:17, 136.5, 58.25, 22.98, 22.0, 9999.0, 9.75, 10.0, 21.75, 9999.0, 23.59, 9999.0, 117.68, 127.75, 120.25, 91.23, 138.5
2024-11-07, 09:06:21, 136.48, 58.25, 22.98, 22.0, 9999.0, 9.77, 10.0, 21.75, 9999.0, 23.59, 9999.0, 117.7, 127.75, 120.25, 91.23, 138.5
2024-11-07, 09:06:25, 136.48, 58.25, 22.98, 22.0, 9999.0, 9.77, 10.0, 21.75, 9999.0, 23.59, 9999.0, 117.73, 127.75, 120.25, 91.23, 138.5
2024-11-07, 09:06:29, 136.48, 58.25, 22.95, 22.0, 9999.0, 9.75, 10.0, 21.75, 9999.0, 23.64, 9999.0, 117.75, 127.75, 120.25, 91.23, 138.5
2024-11-07, 09:06:33, 136.48, 58.25, 22.95, 22.0, 9999.0, 9.75, 10.0, 21.75, 9999.0, 23.64, 9999.0, 117.77, 127.75, 120.25, 91.23, 138.5
2024-11-07, 09:06:37, 136.48, 58.25, 22.93, 22.0, 9999.0, 9.7, 10.0, 21.75, 9999.0, 23.66, 9999.0, 117.8, 127.75, 120.25, 91.25, 138.5
2024-11-07, 09:06:41, 136.48, 58.25, 22.93, 22.0, 9999.0, 9.68, 10.0, 21.75, 9999.0, 23.68, 9999.0, 117.8, 127.75, 120.25, 91.25, 138.5
2024-11-07, 09:06:46, 136.48, 58.25, 22.93, 22.0, 9999.0, 9.66, 10.0, 21.75, 9999.0, 23.7, 9999.0, 117.8, 127.75, 120.25, 91.25, 138.5
2024-11-07, 09:06:50, 136.48, 58.25, 22.95, 22.0, 9999.0, 9.64, 10.0, 21.75, 9999.0, 23.73, 9999.0, 117.8, 127.75, 120.25, 91.25, 138.5
2024-11-07, 09:06:54, 136.48, 58.25, 22.93, 22.0, 9999.0, 9.61, 10.0, 21.75, 9999.0, 23.75, 9999.0, 117.75, 127.75, 120.25, 91.25, 138.5
2024-11-07, 09:06:58, 136.48, 58.25, 22.93, 22.02, 9999.0, 9.59, 10.0, 21.75, 9999.0, 23.77, 9999.0, 117.7, 127.75, 120.25, 91.25, 138.5
2024-11-07, 09:07:02, 136.48, 58.25, 22.93, 22.05, 9999.0, 9.59, 10.0, 21.75, 9999.0, 23.75, 9999.0, 117.68, 127.75, 120.25, 91.25, 138.5
2024-11-07, 09:07:06, 136.5, 58.25, 22.93, 22.05, 9999.0, 9.59, 10.0, 21.75, 9999.0, 23.75, 9999.0, 117.66, 127.75, 120.25, 91.25, 138.5
2024-11-07, 09:07:10, 136.5, 58.25, 22.93, 22.05, 9999.0, 9.59, 10.0, 21.75, 9999.0, 23.75, 9999.0, 117.64, 127.75, 120.25, 91.25, 138.5
2024-11-07, 09:07:14, 136.5, 58.25, 22.95, 22.05, 9999.0, 9.64, 10.0, 21.75, 9999.0, 23.73, 9999.0, 117.61, 127.75, 120.25, 91.25, 138.5
2024-11-07, 09:07:18, 136.5, 58.25, 22.95, 22.05, 9999.0, 9.64, 10.0, 21.75, 9999.0, 23.73, 9999.0, 117.61, 127.75, 120.25, 91.25, 138.5
2024-11-07, 09:07:22, 136.5, 58.25, 22.98, 22.05, 9999.0, 9.66, 10.0, 21.75, 9999.0, 23.73, 9999.0, 117.61, 127.75, 120.25, 91.25, 138.5
2024-11-07, 09:07:26, 136.5, 58.25, 22.98, 22.07, 9999.0, 9.68, 10.0, 21.75, 9999.0, 23.73, 9999.0, 117.61, 127.75, 120.25, 91.25, 138.5
2024-11-07, 09:07:30, 136.5, 58.27, 22.98, 22.07, 9999.0, 9.7, 10.0, 21.75, 9999.0, 23.73, 9999.0, 117.64, 127.75, 120.25, 91.25, 138.5
2024-11-07, 09:07:34, 136.5, 58.27, 22.98, 22.07, 9999.0, 9.73, 10.0, 21.75, 9999.0, 23.73, 9999.0, 117.66, 127.75, 120.25, 91.25, 138.5
2024-11-07, 09:07:38, 136.5, 58.27, 23.0, 22.07, 9999.0, 9.75, 10.0, 21.75, 9999.0, 23.75, 9999.0, 117.68, 127.75, 120.25, 91.25, 138.5
2024-11-07, 09:07:42, 136.5, 58.27, 23.0, 22.07, 9999.0, 9.77, 10.0, 21.75, 9999.0, 23.77, 9999.0, 117.7, 127.75, 120.25, 91.25, 138.5
2024-11-07, 09:07:46, 136.5, 58.27, 23.0, 22.07, 9999.0, 9.77, 10.0, 21.75, 9999.0, 23.82, 9999.0, 117.73, 127.75, 120.25, 91.25, 138.5
2024-11-07, 09:07:50, 136.48, 58.27, 23.0, 22.09, 9999.0, 9.77, 10.0, 21.75, 9999.0, 23.86, 9999.0, 117.75, 127.75, 120.25, 91.25, 138.5
2024-11-07, 09:07:54, 136.48, 58.27, 22.98, 22.11, 9999.0, 9.75, 10.0, 21.75, 9999.0, 23.89, 9999.0, 117.77, 127.75, 120.25, 91.25, 138.5
2024-11-07, 09:07:58, 136.48, 58.27, 22.98, 22.14, 9999.0, 9.7, 10.0, 21.75, 9999.0, 23.89, 9999.0, 117.8, 127.75, 120.25, 91.25, 138.5
2024-11-07, 09:08:02, 136.48, 58.27, 22.98, 22.16, 9999.0, 9.7, 10.0, 21.75, 9999.0, 23.91, 9999.0, 117.8, 127.75, 120.25, 91.25, 138.5
2024-11-07, 09:08:06, 136.48, 58.27, 22.98, 22.18, 9999.0, 9.68, 10.0, 21.73, 9999.0, 23.91, 9999.0, 117.77, 127.75, 120.25, 91.25, 138.5
2024-11-07, 09:08:10, 136.48, 58.27, 22.98, 22.16, 9999.0, 9.66, 10.0, 21.73, 9999.0, 23.91, 9999.0, 117.75, 127.75, 120.25, 91.25, 138.5
2024-11-07, 09:08:14, 136.48, 58.25, 22.98, 22.16, 9999.0, 9.64, 10.0, 21.73, 9999.0, 23.91, 9999.0, 117.7, 127.75, 120.25, 91.25, 138.5
2024-11-07, 09:08:18, 136.48, 58.25, 22.98, 22.16, 9999.0, 9.61, 10.0, 21.73, 9999.0, 23.91, 9999.0, 117.66, 127.75, 120.25, 91.25, 138.5
2024-11-07, 09:08:22, 136.48, 58.25, 22.98, 22.16, 9999.0, 9.61, 10.0, 21.73, 9999.0, 23.89, 9999.0, 117.64, 127.75, 120.25, 91.25, 138.5
2024-11-07, 09:08:26, 136.48, 58.25, 22.98, 22.14, 9999.0, 9.61, 10.0, 21.73, 9999.0, 23.84, 9999.0, 117.61, 127.75, 120.25, 91.25, 138.5
2024-11-07, 09:08:30, 136.45, 58.25, 22.98, 22.11, 9999.0, 9.61, 10.0, 21.73, 9999.0, 23.82, 9999.0, 117.59, 127.75, 120.25, 91.23, 138.5
2024-11-07, 09:08:34, 136.48, 58.25, 22.98, 22.11, 9999.0, 9.64, 10.0, 21.73, 9999.0, 23.77, 9999.0, 117.57, 127.75, 120.25, 91.2, 138.5
2024-11-07, 09:08:38, 136.48, 58.25, 23.0, 22.11, 9999.0, 9.68, 10.0, 21.73, 9999.0, 23.75, 9999.0, 117.57, 127.75, 120.25, 91.18, 138.5
2024-11-07, 09:08:42, 136.48, 58.25, 22.98, 22.11, 9999.0, 9.7, 10.0, 21.73, 9999.0, 23.75, 9999.0, 117.57, 127.75, 120.25, 91.16, 138.5
2024-11-07, 09:08:46, 136.48, 58.25, 22.98, 22.11, 9999.0, 9.7, 10.0, 21.73, 9999.0, 23.73, 9999.0, 117.57, 127.75, 120.25, 91.16, 138.5
2024-11-07, 09:08:50, 136.48, 58.25, 22.95, 22.09, 9999.0, 9.73, 10.0, 21.75, 9999.0, 23.73, 9999.0, 117.61, 127.75, 120.25, 91.16, 138.5
2024-11-07, 09:08:54, 136.48, 58.25, 22.95, 22.11, 9999.0, 9.75, 10.0, 21.75, 9999.0, 23.73, 9999.0, 117.66, 127.75, 120.25, 91.16, 138.5
2024-11-07, 09:08:58, 136.48, 58.25, 22.95, 22.14, 9999.0, 9.77, 10.0, 21.75, 9999.0, 23.75, 9999.0, 117.68, 127.75, 120.25, 91.16, 138.5
2024-11-07, 09:09:02, 136.48, 58.25, 22.95, 22.16, 9999.0, 9.8, 10.0, 21.75, 9999.0, 23.77, 9999.0, 117.7, 127.75, 120.25, 91.16, 138.5
2024-11-07, 09:09:06, 136.48, 58.25, 22.95, 22.16, 9999.0, 9.8, 10.0, 21.75, 9999.0, 23.8, 9999.0, 117.73, 127.75, 120.25, 91.16, 138.5
2024-11-07, 09:09:10, 136.48, 58.25, 22.95, 22.18, 9999.0, 9.8, 10.0, 21.75, 9999.0, 23.84, 9999.0, 117.75, 127.75, 120.25, 91.16, 138.5
2024-11-07, 09:09:14, 136.5, 58.25, 22.95, 22.18, 9999.0, 9.8, 10.0, 21.75, 9999.0, 23.86, 9999.0, 117.77, 127.75, 120.25, 91.18, 138.5
2024-11-07, 09:09:18, 136.5, 58.25, 22.95, 22.18, 9999.0, 9.77, 10.0, 21.75, 9999.0, 23.89, 9999.0, 117.8, 127.75, 120.25, 91.18, 138.5
2024-11-07, 09:09:22, 136.5, 58.27, 22.95, 22.16, 9999.0, 9.73, 10.0, 21.75, 9999.0, 23.91, 9999.0, 117.8, 127.75, 120.25, 91.18, 138.5
2024-11-07, 09:09:26, 136.5, 58.3, 22.98, 22.16, 9999.0, 9.7, 10.0, 21.75, 9999.0, 23.93, 9999.0, 117.8, 127.75, 120.25, 91.2, 138.5
2024-11-07, 09:09:30, 136.5, 58.3, 22.98, 22.16, 9999.0, 9.68, 10.0, 21.75, 9999.0, 23.95, 9999.0, 117.77, 127.75, 120.25, 91.2, 138.5
2024-11-07, 09:09:34, 136.5, 58.3, 23.0, 22.16, 9999.0, 9.66, 10.0, 21.75, 9999.0, 23.95, 9999.0, 117.75, 127.75, 120.25, 91.2, 138.5
2024-11-07, 09:09:38, 136.5, 58.3, 23.0, 22.14, 9999.0, 9.66, 10.0, 21.75, 9999.0, 23.95, 9999.0, 117.7, 127.75, 120.25, 91.18, 138.5
2024-11-07, 09:09:42, 136.5, 58.3, 23.0, 22.11, 9999.0, 9.66, 10.0, 21.75, 9999.0, 23.93, 9999.0, 117.68, 127.75, 120.25, 91.18, 138.5
2024-11-07, 09:09:46, 136.5, 58.3, 22.98, 22.11, 9999.0, 9.66, 10.0, 21.75, 9999.0, 23.91, 9999.0, 117.66, 127.75, 120.25, 91.18, 138.5
2024-11-07, 09:09:50, 136.5, 58.3, 22.98, 22.14, 9999.0, 9.68, 10.0, 21.75, 9999.0, 23.89, 9999.0, 117.64, 127.75, 120.25, 91.18, 138.5
2024-11-07, 09:09:54, 136.5, 58.3, 22.98, 22.11, 9999.0, 9.68, 10.0, 21.75, 9999.0, 23.86, 9999.0, 117.64, 127.75, 120.25, 91.18, 138.5
2024-11-07, 09:09:58, 136.5, 58.3, 22.95, 22.11, 9999.0, 9.68, 10.0, 21.75, 9999.0, 23.84, 9999.0, 117.64, 127.75, 120.25, 91.18, 138.5
2024-11-07, 09:10:02, 136.5, 58.3, 22.95, 22.11, 9999.0, 9.68, 10.0, 21.75, 9999.0, 23.82, 9999.0, 117.64, 127.75, 120.25, 91.2, 138.5
2024-11-07, 09:10:06, 136.5, 58.27, 22.95, 22.11, 9999.0, 9.7, 10.0, 21.75, 9999.0, 23.8, 9999.0, 117.66, 127.75, 120.25, 91.23, 138.5
2024-11-07, 09:10:10, 136.5, 58.27, 22.95, 22.09, 9999.0, 9.73, 10.0, 21.75, 9999.0, 23.77, 9999.0, 117.68, 127.75, 120.25, 91.23, 138.5
2024-11-07, 09:10:14, 136.5, 58.27, 22.95, 22.09, 9999.0, 9.75, 10.0, 21.75, 9999.0, 23.75, 9999.0, 117.73, 127.75, 120.25, 91.23, 138.5
2024-11-07, 09:10:18, 136.5, 58.27, 22.95, 22.09, 9999.0, 9.77, 10.0, 21.73, 9999.0, 23.77, 9999.0, 117.73, 127.75, 120.25, 91.23, 138.5
2024-11-07, 09:10:27, 136.5, 58.27, 22.93, 22.09, 9999.0, 9.77, 10.0, 21.73, 9999.0, 23.8, 9999.0, 117.75, 127.75, 120.25, 91.25, 138.5
2024-11-07, 09:10:31, 136.5, 58.27, 22.91, 22.09, 9999.0, 9.77, 10.0, 21.73, 9999.0, 23.82, 9999.0, 117.77, 127.75, 120.25, 91.25, 138.5
2024-11-07, 09:10:35, 136.48, 58.27, 22.91, 22.07, 9999.0, 9.77, 10.0, 21.73, 9999.0, 23.86, 9999.0, 117.8, 127.75, 120.25, 91.25, 138.5
2024-11-07, 09:10:39, 136.48, 58.27, 22.91, 22.05, 9999.0, 9.75, 10.0, 21.73, 9999.0, 23.91, 9999.0, 117.82, 127.75, 120.25, 91.25, 138.5
2024-11-07, 09:10:43, 136.48, 58.27, 22.91, 22.05, 9999.0, 9.73, 10.0, 21.73, 9999.0, 23.93, 9999.0, 117.82, 127.75, 120.25, 91.25, 138.5
2024-11-07, 09:10:47, 136.48, 58.3, 22.91, 22.05, 9999.0, 9.7, 10.0, 21.73, 9999.0, 23.95, 9999.0, 117.82, 127.75, 120.25, 91.25, 138.5
2024-11-07, 09:10:51, 136.48, 58.3, 22.91, 22.02, 9999.0, 9.68, 10.0, 21.73, 9999.0, 23.98, 9999.0, 117.82, 127.75, 120.25, 91.25, 138.5
2024-11-07, 09:10:55, 136.48, 58.3, 22.91, 22.02, 9999.0, 9.66, 10.0, 21.73, 9999.0, 24.0, 9999.0, 117.8, 127.75, 120.25, 91.25, 138.5
2024-11-07, 09:10:59, 136.48, 58.3, 22.91, 22.02, 9999.0, 9.64, 10.0, 21.73, 9999.0, 24.02, 9999.0, 117.75, 127.75, 120.25, 91.25, 138.5
2024-11-07, 09:11:03, 136.48, 58.3, 22.91, 22.0, 9999.0, 9.64, 10.0, 21.73, 9999.0, 24.02, 9999.0, 117.7, 127.75, 120.25, 91.25, 138.5
2024-11-07, 09:11:07, 136.48, 58.3, 22.89, 22.02, 9999.0, 9.64, 10.0, 21.75, 9999.0, 24.0, 9999.0, 117.68, 127.75, 120.25, 91.25, 138.5
2024-11-07, 09:11:11, 136.48, 58.3, 22.89, 22.05, 9999.0, 9.64, 10.0, 21.75, 9999.0, 23.98, 9999.0, 117.66, 127.75, 120.25, 91.25, 138.5
2024-11-07, 09:11:15, 136.48, 58.3, 22.89, 22.05, 9999.0, 9.66, 10.0, 21.75, 9999.0, 23.95, 9999.0, 117.64, 127.75, 120.25, 91.25, 138.5
2024-11-07, 09:11:19, 136.5, 58.32, 22.89, 22.05, 9999.0, 9.68, 10.0, 21.73, 9999.0, 23.91, 9999.0, 117.64, 127.75, 120.25, 91.25, 138.5
2024-11-07, 09:11:23, 136.5, 58.32, 22.89, 22.05, 9999.0, 9.68, 10.0, 21.73, 9999.0, 23.86, 9999.0, 117.64, 127.75, 120.25, 91.25, 138.5
2024-11-07, 09:11:27, 136.5, 58.32, 22.89, 22.07, 9999.0, 9.7, 10.0, 21.73, 9999.0, 23.84, 9999.0, 117.64, 127.75, 120.25, 91.25, 138.5
2024-11-07, 09:11:31, 136.5, 58.3, 22.91, 22.07, 9999.0, 9.73, 10.0, 21.73, 9999.0, 23.82, 9999.0, 117.66, 127.75, 120.25, 91.25, 138.5
2024-11-07, 09:11:35, 136.5, 58.32, 22.91, 22.07, 9999.0, 9.75, 10.0, 21.73, 9999.0, 23.8, 9999.0, 117.68, 127.75, 120.25, 91.25, 138.5
2024-11-07, 09:11:39, 136.5, 58.32, 22.91, 22.07, 9999.0, 9.77, 10.0, 21.73, 9999.0, 23.8, 9999.0, 117.68, 127.75, 120.25, 91.25, 138.5
2024-11-07, 09:11:44, 136.5, 58.3, 22.91, 22.07, 9999.0, 9.8, 10.0, 21.73, 9999.0, 23.8, 9999.0, 117.7, 127.75, 120.25, 91.25, 138.5
2024-11-07, 09:11:48, 136.5, 58.32, 22.89, 22.07, 9999.0, 9.8, 10.0, 21.73, 9999.0, 23.82, 9999.0, 117.73, 127.75, 120.25, 91.25, 138.5
2024-11-07, 09:11:52, 136.5, 58.32, 22.89, 22.05, 9999.0, 9.77, 10.0, 21.73, 9999.0, 23.86, 9999.0, 117.75, 127.75, 120.25, 91.23, 138.5
2024-11-07, 09:11:56, 136.5, 58.34, 22.89, 22.02, 9999.0, 9.75, 10.0, 21.73, 9999.0, 23.91, 9999.0, 117.77, 127.75, 120.25, 91.23, 138.5
2024-11-07, 09:12:00, 136.5, 58.36, 22.91, 22.02, 9999.0, 9.73, 10.0, 21.7, 9999.0, 23.95, 9999.0, 117.8, 127.75, 120.25, 91.23, 138.5
2024-11-07, 09:12:04, 136.5, 58.36, 22.91, 22.02, 9999.0, 9.68, 10.0, 21.73, 9999.0, 23.98, 9999.0, 117.8, 127.75, 120.25, 91.23, 138.5
2024-11-07, 09:12:08, 136.5, 58.36, 22.91, 22.05, 9999.0, 9.68, 10.0, 21.73, 9999.0, 24.02, 9999.0, 117.8, 127.75, 120.25, 91.2, 138.5
2024-11-07, 09:12:12, 136.5, 58.36, 22.91, 22.05, 9999.0, 9.66, 10.0, 21.73, 9999.0, 24.05, 9999.0, 117.8, 127.75, 120.25, 91.2, 138.5
2024-11-07, 09:12:16, 136.5, 58.36, 22.91, 22.07, 9999.0, 9.64, 10.0, 21.73, 9999.0, 24.07, 9999.0, 117.77, 127.75, 120.25, 91.2, 138.5
2024-11-07, 09:12:20, 136.5, 58.36, 22.89, 22.09, 9999.0, 9.61, 10.0, 21.73, 9999.0, 24.09, 9999.0, 117.73, 127.75, 120.25, 91.2, 138.5
2024-11-07, 09:12:24, 136.5, 58.36, 22.89, 22.11, 9999.0, 9.61, 10.0, 21.73, 9999.0, 24.09, 9999.0, 117.73, 127.75, 120.25, 91.2, 138.5
2024-11-07, 09:12:28, 136.5, 58.36, 22.89, 22.11, 9999.0, 9.61, 10.0, 21.73, 9999.0, 24.07, 9999.0, 117.7, 127.75, 120.25, 91.18, 138.5
2024-11-07, 09:12:32, 136.5, 58.36, 22.91, 22.14, 9999.0, 9.64, 10.02, 21.73, 9999.0, 24.05, 9999.0, 117.68, 127.75, 120.25, 91.18, 138.5
2024-11-07, 09:12:36, 136.5, 58.36, 22.93, 22.16, 9999.0, 9.68, 10.02, 21.73, 9999.0, 24.0, 9999.0, 117.66, 127.75, 120.25, 91.2, 138.5
2024-11-07, 09:12:40, 136.5, 58.34, 22.95, 22.16, 9999.0, 9.73, 10.02, 21.73, 9999.0, 23.98, 9999.0, 117.66, 127.75, 120.25, 91.2, 138.5
2024-11-07, 09:12:44, 136.5, 58.32, 22.93, 22.16, 9999.0, 9.73, 10.02, 21.75, 9999.0, 23.95, 9999.0, 117.66, 127.75, 120.25, 91.2, 138.5
2024-11-07, 09:12:48, 136.5, 58.32, 22.95, 22.18, 9999.0, 9.75, 10.02, 21.75, 9999.0, 23.93, 9999.0, 117.68, 127.75, 120.25, 91.18, 138.5
2024-11-07, 09:12:52, 136.48, 58.34, 22.93, 22.18, 9999.0, 9.75, 10.02, 21.75, 9999.0, 23.89, 9999.0, 117.7, 127.75, 120.25, 91.2, 138.5
2024-11-07, 09:12:56, 136.48, 58.34, 22.91, 22.18, 9999.0, 9.77, 10.02, 21.75, 9999.0, 23.86, 9999.0, 117.73, 127.75, 120.25, 91.2, 138.5
2024-11-07, 09:13:00, 136.48, 58.34, 22.91, 22.16, 9999.0, 9.8, 10.02, 21.75, 9999.0, 23.86, 9999.0, 117.75, 127.75, 120.25, 91.2, 138.5
2024-11-07, 09:13:04, 136.48, 58.34, 22.93, 22.14, 9999.0, 9.82, 10.02, 21.75, 9999.0, 23.86, 9999.0, 117.8, 127.75, 120.25, 91.2, 138.5
2024-11-07, 09:13:08, 136.48, 58.34, 22.91, 22.11, 9999.0, 9.82, 10.02, 21.75, 9999.0, 23.89, 9999.0, 117.8, 127.75, 120.23, 91.2, 138.5
2024-11-07, 09:13:12, 136.48, 58.36, 22.91, 22.11, 9999.0, 9.82, 10.02, 21.75, 9999.0, 23.93, 9999.0, 117.82, 127.75, 120.23, 91.23, 138.5
2024-11-07, 09:13:16, 136.48, 58.34, 22.89, 22.11, 9999.0, 9.8, 10.0, 21.75, 9999.0, 23.98, 9999.0, 117.84, 127.75, 120.23, 91.23, 138.5
2024-11-07, 09:13:20, 136.48, 58.34, 22.89, 22.09, 9999.0, 9.75, 10.0, 21.75, 9999.0, 24.02, 9999.0, 117.86, 127.75, 120.23, 91.23, 138.5
2024-11-07, 09:13:24, 136.48, 58.36, 22.86, 22.11, 9999.0, 9.7, 10.0, 21.75, 9999.0, 24.02, 9999.0, 117.86, 127.75, 120.23, 91.23, 138.5
2024-11-07, 09:13:28, 136.48, 58.36, 22.89, 22.11, 9999.0, 9.68, 10.0, 21.75, 9999.0, 24.05, 9999.0, 117.86, 127.75, 120.23, 91.23, 138.5
2024-11-07, 09:13:32, 136.48, 58.34, 22.89, 22.09, 9999.0, 9.66, 10.0, 21.75, 9999.0, 24.07, 9999.0, 117.84, 127.75, 120.23, 91.25, 138.5
2024-11-07, 09:13:36, 136.48, 58.34, 22.89, 22.07, 9999.0, 9.64, 10.0, 21.75, 9999.0, 24.11, 9999.0, 117.82, 127.75, 120.23, 91.25, 138.5
2024-11-07, 09:13:40, 136.45, 58.34, 22.89, 22.07, 9999.0, 9.64, 10.0, 21.75, 9999.0, 24.16, 9999.0, 117.77, 127.75, 120.23, 91.25, 138.5
2024-11-07, 09:13:44, 136.45, 58.34, 22.86, 22.07, 9999.0, 9.64, 10.0, 21.75, 9999.0, 24.18, 9999.0, 117.73, 127.75, 120.23, 91.25, 138.5
2024-11-07, 09:13:48, 136.45, 58.32, 22.86, 22.07, 9999.0, 9.64, 10.0, 21.75, 9999.0, 24.18, 9999.0, 117.68, 127.75, 120.23, 91.25, 138.5
2024-11-07, 09:13:52, 136.45, 58.32, 22.89, 22.07, 9999.0, 9.66, 10.0, 21.75, 9999.0, 24.16, 9999.0, 117.66, 127.75, 120.25, 91.23, 138.5
2024-11-07, 09:13:56, 136.45, 58.32, 22.89, 22.07, 9999.0, 9.66, 10.0, 21.75, 9999.0, 24.14, 9999.0, 117.66, 127.75, 120.25, 91.2, 138.5
2024-11-07, 09:14:00, 136.45, 58.32, 22.89, 22.05, 9999.0, 9.66, 10.0, 21.75, 9999.0, 24.11, 9999.0, 117.66, 127.75, 120.25, 91.2, 138.5
2024-11-07, 09:14:04, 136.45, 58.32, 22.86, 22.07, 9999.0, 9.68, 10.0, 21.75, 9999.0, 24.09, 9999.0, 117.66, 127.75, 120.25, 91.2, 138.5
2024-11-07, 09:14:08, 136.45, 58.3, 22.89, 22.07, 9999.0, 9.7, 10.0, 21.75, 9999.0, 24.07, 9999.0, 117.68, 127.75, 120.25, 91.2, 138.5
2024-11-07, 09:14:12, 136.45, 58.3, 22.86, 22.07, 9999.0, 9.73, 10.0, 21.75, 9999.0, 24.02, 9999.0, 117.7, 127.75, 120.23, 91.2, 138.5
2024-11-07, 09:14:16, 136.45, 58.32, 22.86, 22.07, 9999.0, 9.75, 10.0, 21.75, 9999.0, 24.02, 9999.0, 117.73, 127.75, 120.23, 91.2, 138.5
2024-11-07, 09:14:20, 136.48, 58.3, 22.86, 22.09, 9999.0, 9.77, 10.0, 21.75, 9999.0, 24.0, 9999.0, 117.73, 127.75, 120.23, 91.2, 138.5
2024-11-07, 09:14:24, 136.5, 58.32, 22.86, 22.07, 9999.0, 9.77, 10.0, 21.75, 9999.0, 23.95, 9999.0, 117.75, 127.75, 120.23, 91.2, 138.5
2024-11-07, 09:14:28, 136.5, 58.34, 22.86, 22.07, 9999.0, 9.77, 10.0, 21.75, 9999.0, 23.93, 9999.0, 117.8, 127.75, 120.23, 91.2, 138.5
2024-11-07, 09:14:32, 136.5, 58.34, 22.86, 22.07, 9999.0, 9.75, 10.0, 21.75, 9999.0, 23.93, 9999.0, 117.82, 127.75, 120.23, 91.2, 138.5
2024-11-07, 09:14:36, 136.5, 58.36, 22.84, 22.07, 9999.0, 9.73, 10.0, 21.73, 9999.0, 23.93, 9999.0, 117.84, 127.75, 120.23, 91.23, 138.5
2024-11-07, 09:14:40, 136.48, 58.36, 22.82, 22.07, 9999.0, 9.7, 10.0, 21.73, 9999.0, 23.93, 9999.0, 117.84, 127.75, 120.23, 91.25, 138.5
2024-11-07, 09:14:44, 136.48, 58.39, 22.84, 22.07, 9999.0, 9.68, 10.0, 21.73, 9999.0, 23.93, 9999.0, 117.84, 127.75, 120.2, 91.25, 138.5
2024-11-07, 09:14:48, 136.48, 58.41, 22.84, 22.05, 9999.0, 9.66, 10.0, 21.73, 9999.0, 23.93, 9999.0, 117.84, 127.75, 120.2, 91.25, 138.5
2024-11-07, 09:14:52, 136.48, 58.41, 22.84, 22.05, 9999.0, 9.64, 10.0, 21.73, 9999.0, 23.95, 9999.0, 117.82, 127.75, 120.2, 91.23, 138.5
2024-11-07, 09:14:56, 136.48, 58.41, 22.84, 22.05, 9999.0, 9.61, 10.0, 21.73, 9999.0, 23.98, 9999.0, 117.8, 127.75, 120.23, 91.23, 138.48
2024-11-07, 09:15:00, 136.48, 58.41, 22.84, 22.05, 9999.0, 9.61, 10.0, 21.73, 9999.0, 23.98, 9999.0, 117.75, 127.75, 120.23, 91.23, 138.48
2024-11-07, 09:15:04, 136.48, 58.41, 22.86, 22.02, 9999.0, 9.61, 10.0, 21.73, 9999.0, 23.98, 9999.0, 117.73, 127.75, 120.23, 91.23, 138.48
2024-11-07, 09:15:08, 136.48, 58.39, 22.86, 22.02, 9999.0, 9.61, 10.0, 21.73, 9999.0, 24.0, 9999.0, 117.7, 127.73, 120.23, 91.23, 138.48
2024-11-07, 09:15:12, 136.48, 58.36, 22.89, 22.02, 9999.0, 9.64, 10.0, 21.73, 9999.0, 24.0, 9999.0, 117.66, 127.73, 120.23, 91.2, 138.48
2024-11-07, 09:15:16, 136.48, 58.36, 22.89, 22.02, 9999.0, 9.68, 10.0, 21.73, 9999.0, 23.98, 9999.0, 117.66, 127.73, 120.23, 91.18, 138.48
2024-11-07, 09:15:20, 136.48, 58.34, 22.89, 22.02, 9999.0, 9.68, 10.0, 21.75, 9999.0, 23.98, 9999.0, 117.66, 127.73, 120.23, 91.16, 138.48
2024-11-07, 09:15:24, 136.5, 58.32, 22.89, 22.02, 9999.0, 9.7, 10.0, 21.75, 9999.0, 23.95, 9999.0, 117.66, 127.7, 120.23, 91.16, 138.48
2024-11-07, 09:15:28, 136.5, 58.3, 22.86, 22.02, 9999.0, 9.73, 10.0, 21.75, 9999.0, 23.93, 9999.0, 117.68, 127.7, 120.25, 91.16, 138.48
2024-11-07, 09:15:32, 136.48, 58.27, 22.89, 22.02, 9999.0, 9.75, 10.0, 21.75, 9999.0, 23.91, 9999.0, 117.68, 127.7, 120.25, 91.14, 138.48
2024-11-07, 09:15:37, 136.48, 58.27, 22.89, 22.02, 9999.0, 9.77, 10.0, 21.75, 9999.0, 23.91, 9999.0, 117.7, 127.7, 120.25, 91.16, 138.48
2024-11-07, 09:15:41, 136.48, 58.27, 22.89, 22.02, 9999.0, 9.8, 10.0, 21.75, 9999.0, 23.91, 9999.0, 117.7, 127.7, 120.25, 91.16, 138.5
2024-11-07, 09:15:45, 136.48, 58.25, 22.86, 22.05, 9999.0, 9.8, 10.0, 21.75, 9999.0, 23.91, 9999.0, 117.73, 127.7, 120.25, 91.16, 138.5
2024-11-07, 09:15:49, 136.48, 58.25, 22.86, 22.05, 9999.0, 9.77, 10.0, 21.75, 9999.0, 23.91, 9999.0, 117.75, 127.7, 120.25, 91.16, 138.5
2024-11-07, 09:15:53, 136.48, 58.25, 22.86, 22.05, 9999.0, 9.77, 10.0, 21.75, 9999.0, 23.91, 9999.0, 117.77, 127.73, 120.25, 91.16, 138.5
2024-11-07, 09:15:57, 136.48, 58.25, 22.86, 22.05, 9999.0, 9.75, 10.0, 21.75, 9999.0, 23.91, 9999.0, 117.8, 127.73, 120.25, 91.18, 138.5
2024-11-07, 09:16:01, 136.48, 58.25, 22.86, 22.07, 9999.0, 9.7, 10.0, 21.75, 9999.0, 23.93, 9999.0, 117.8, 127.73, 120.25, 91.2, 138.5
2024-11-07, 09:16:05, 136.48, 58.25, 22.86, 22.07, 9999.0, 9.68, 10.0, 21.75, 9999.0, 23.93, 9999.0, 117.8, 127.73, 120.25, 91.23, 138.5
2024-11-07, 09:16:09, 136.48, 58.25, 22.89, 22.07, 9999.0, 9.66, 10.0, 21.75, 9999.0, 23.95, 9999.0, 117.77, 127.75, 120.25, 91.23, 138.5
2024-11-07, 09:16:13, 136.48, 58.25, 22.91, 22.07, 9999.0, 9.64, 10.0, 21.75, 9999.0, 23.98, 9999.0, 117.73, 127.75, 120.25, 91.23, 138.5
2024-11-07, 09:16:17, 136.5, 58.25, 22.89, 22.07, 9999.0, 9.61, 10.0, 21.75, 9999.0, 24.0, 9999.0, 117.7, 127.75, 120.25, 91.25, 138.5
2024-11-07, 09:16:21, 136.5, 58.25, 22.89, 22.07, 9999.0, 9.61, 10.0, 21.75, 9999.0, 24.0, 9999.0, 117.68, 127.75, 120.25, 91.25, 138.5
2024-11-07, 09:16:25, 136.5, 58.25, 22.89, 22.07, 9999.0, 9.61, 10.0, 21.75, 9999.0, 24.0, 9999.0, 117.66, 127.75, 120.25, 91.25, 138.5
2024-11-07, 09:16:29, 136.5, 58.25, 22.91, 22.07, 9999.0, 9.61, 10.0, 21.75, 9999.0, 24.0, 9999.0, 117.64, 127.75, 120.25, 91.25, 138.5
2024-11-07, 09:16:33, 136.5, 58.25, 22.91, 22.07, 9999.0, 9.66, 10.0, 21.75, 9999.0, 24.0, 9999.0, 117.61, 127.75, 120.25, 91.25, 138.5
2024-11-07, 09:16:37, 136.5, 58.25, 22.93, 22.07, 9999.0, 9.68, 10.0, 21.75, 9999.0, 24.0, 9999.0, 117.61, 127.75, 120.25, 91.23, 138.5
2024-11-07, 09:16:41, 136.5, 58.25, 22.93, 22.07, 9999.0, 9.68, 10.0, 21.73, 9999.0, 23.98, 9999.0, 117.61, 127.75, 120.25, 91.23, 138.5
2024-11-07, 09:16:45, 136.48, 58.25, 22.93, 22.07, 9999.0, 9.7, 10.0, 21.73, 9999.0, 23.95, 9999.0, 117.61, 127.75, 120.25, 91.23, 138.5
2024-11-07, 09:16:49, 136.48, 58.25, 22.95, 22.07, 9999.0, 9.73, 10.0, 21.73, 9999.0, 23.95, 9999.0, 117.64, 127.75, 120.25, 91.23, 138.5
2024-11-07, 09:16:53, 136.48, 58.25, 22.95, 22.09, 9999.0, 9.75, 10.0, 21.73, 9999.0, 23.93, 9999.0, 117.68, 127.75, 120.25, 91.23, 138.5
2024-11-07, 09:16:57, 136.48, 58.25, 22.95, 22.09, 9999.0, 9.77, 10.0, 21.73, 9999.0, 23.93, 9999.0, 117.7, 127.75, 120.25, 91.23, 138.5
2024-11-07, 09:17:01, 136.48, 58.25, 22.95, 22.09, 9999.0, 9.8, 10.0, 21.73, 9999.0, 23.93, 9999.0, 117.73, 127.75, 120.25, 91.2, 138.5
2024-11-07, 09:17:05, 136.48, 58.25, 22.93, 22.07, 9999.0, 9.8, 10.0, 21.73, 9999.0, 23.95, 9999.0, 117.73, 127.75, 120.25, 91.2, 138.5
2024-11-07, 09:17:09, 136.48, 58.25, 22.95, 22.09, 9999.0, 9.77, 10.0, 21.73, 9999.0, 23.98, 9999.0, 117.75, 127.75, 120.23, 91.2, 138.5
2024-11-07, 09:17:13, 136.48, 58.25, 22.95, 22.09, 9999.0, 9.75, 10.0, 21.73, 9999.0, 24.0, 9999.0, 117.77, 127.75, 120.23, 91.2, 138.5
2024-11-07, 09:17:17, 136.48, 58.25, 22.95, 22.11, 9999.0, 9.7, 10.0, 21.73, 9999.0, 24.02, 9999.0, 117.8, 127.75, 120.23, 91.2, 138.48
2024-11-07, 09:17:21, 136.48, 58.25, 22.95, 22.14, 9999.0, 9.66, 10.0, 21.73, 9999.0, 24.05, 9999.0, 117.8, 127.75, 120.23, 91.23, 138.48
2024-11-07, 09:17:25, 136.48, 58.25, 22.93, 22.14, 9999.0, 9.64, 10.0, 21.75, 9999.0, 24.09, 9999.0, 117.8, 127.75, 120.23, 91.23, 138.48
2024-11-07, 09:17:29, 136.5, 58.25, 22.93, 22.14, 9999.0, 9.61, 10.0, 21.75, 9999.0, 24.11, 9999.0, 117.8, 127.75, 120.23, 91.23, 138.48
2024-11-07, 09:17:33, 136.5, 58.25, 22.93, 22.14, 9999.0, 9.59, 10.0, 21.75, 9999.0, 24.11, 9999.0, 117.77, 127.73, 120.23, 91.2, 138.48
2024-11-07, 09:17:37, 136.5, 58.25, 22.91, 22.11, 9999.0, 9.59, 10.0, 21.75, 9999.0, 24.14, 9999.0, 117.73, 127.73, 120.23, 91.18, 138.48
2024-11-07, 09:17:41, 136.5, 58.25, 22.91, 22.11, 9999.0, 9.59, 10.0, 21.75, 9999.0, 24.14, 9999.0, 117.7, 127.73, 120.23, 91.16, 138.48
2024-11-07, 09:17:45, 136.5, 58.25, 22.93, 22.11, 9999.0, 9.59, 10.0, 21.75, 9999.0, 24.14, 9999.0, 117.68, 127.73, 120.23, 91.16, 138.48
2024-11-07, 09:17:49, 136.5, 58.25, 22.95, 22.11, 9999.0, 9.59, 10.0, 21.75, 9999.0, 24.09, 9999.0, 117.66, 127.73, 120.23, 91.16, 138.48
2024-11-07, 09:17:53, 136.48, 58.25, 22.95, 22.09, 9999.0, 9.64, 10.0, 21.75, 9999.0, 24.07, 9999.0, 117.64, 127.73, 120.25, 91.14, 138.48
2024-11-07, 09:17:57, 136.48, 58.25, 22.95, 22.09, 9999.0, 9.66, 10.0, 21.75, 9999.0, 24.05, 9999.0, 117.64, 127.73, 120.25, 91.11, 138.48
2024-11-07, 09:18:01, 136.45, 58.25, 22.95, 22.07, 9999.0, 9.68, 10.0, 21.75, 9999.0, 24.02, 9999.0, 117.64, 127.73, 120.25, 91.11, 138.5
2024-11-07, 09:18:05, 136.45, 58.25, 22.95, 22.05, 9999.0, 9.7, 10.0, 21.75, 9999.0, 23.98, 9999.0, 117.66, 127.73, 120.25, 91.11, 138.5
2024-11-07, 09:18:09, 136.45, 58.25, 22.98, 22.05, 9999.0, 9.73, 10.0, 21.75, 9999.0, 23.93, 9999.0, 117.68, 127.73, 120.25, 91.09, 138.5
2024-11-07, 09:18:13, 136.45, 58.25, 22.98, 22.05, 9999.0, 9.75, 10.0, 21.75, 9999.0, 23.91, 9999.0, 117.7, 127.73, 120.25, 91.09, 138.5
2024-11-07, 09:18:17, 136.45, 58.25, 22.98, 22.05, 9999.0, 9.77, 10.0, 21.75, 9999.0, 23.91, 9999.0, 117.7, 127.75, 120.25, 91.09, 138.5
2024-11-07, 09:18:21, 136.45, 58.25, 23.0, 22.05, 9999.0, 9.77, 10.0, 21.75, 9999.0, 23.91, 9999.0, 117.73, 127.75, 120.25, 91.11, 138.5
2024-11-07, 09:18:25, 136.45, 58.25, 23.0, 22.05, 9999.0, 9.77, 10.0, 21.75, 9999.0, 23.93, 9999.0, 117.75, 127.75, 120.25, 91.14, 138.5
2024-11-07, 09:18:29, 136.45, 58.25, 23.0, 22.07, 9999.0, 9.77, 10.0, 21.75, 9999.0, 23.95, 9999.0, 117.77, 127.75, 120.25, 91.16, 138.5
2024-11-07, 09:18:33, 136.45, 58.25, 22.98, 22.07, 9999.0, 9.75, 10.0, 21.75, 9999.0, 24.0, 9999.0, 117.8, 127.75, 120.25, 91.16, 138.5
2024-11-07, 09:18:37, 136.48, 58.25, 22.95, 22.07, 9999.0, 9.7, 10.0, 21.75, 9999.0, 24.0, 9999.0, 117.82, 127.75, 120.25, 91.18, 138.5
2024-11-07, 09:18:41, 136.48, 58.25, 22.95, 22.05, 9999.0, 9.68, 10.0, 21.75, 9999.0, 24.02, 9999.0, 117.82, 127.75, 120.25, 91.2, 138.5
2024-11-07, 09:18:45, 136.5, 58.25, 22.93, 22.05, 9999.0, 9.66, 10.0, 21.73, 9999.0, 24.02, 9999.0, 117.82, 127.75, 120.25, 91.2, 138.5
2024-11-07, 09:18:49, 136.5, 58.25, 22.93, 22.07, 9999.0, 9.64, 10.0, 21.73, 9999.0, 24.05, 9999.0, 117.8, 127.75, 120.25, 91.2, 138.5
2024-11-07, 09:18:53, 136.5, 58.25, 22.93, 22.07, 9999.0, 9.61, 10.0, 21.73, 9999.0, 24.07, 9999.0, 117.75, 127.75, 120.25, 91.23, 138.5
2024-11-07, 09:18:57, 136.5, 58.25, 22.91, 22.05, 9999.0, 9.61, 10.0, 21.73, 9999.0, 24.09, 9999.0, 117.7, 127.75, 120.25, 91.23, 138.5
2024-11-07, 09:19:01, 136.5, 58.25, 22.89, 22.05, 9999.0, 9.61, 10.0, 21.73, 9999.0, 24.07, 9999.0, 117.68, 127.75, 120.23, 91.25, 138.5
2024-11-07, 09:19:05, 136.5, 58.25, 22.86, 22.05, 9999.0, 9.61, 10.0, 21.73, 9999.0, 24.05, 9999.0, 117.66, 127.73, 120.23, 91.23, 138.5
2024-11-07, 09:19:09, 136.5, 58.27, 22.84, 22.05, 9999.0, 9.61, 10.0, 21.73, 9999.0, 24.0, 9999.0, 117.64, 127.7, 120.23, 91.23, 138.5
2024-11-07, 09:19:13, 136.5, 58.27, 22.84, 22.02, 9999.0, 9.61, 10.0, 21.73, 9999.0, 23.95, 9999.0, 117.64, 127.7, 120.23, 91.23, 138.48
2024-11-07, 09:19:17, 136.5, 58.27, 22.86, 22.02, 9999.0, 9.64, 10.0, 21.73, 9999.0, 23.91, 9999.0, 117.64, 127.7, 120.23, 91.23, 138.48
2024-11-07, 09:19:21, 136.5, 58.27, 22.86, 22.02, 9999.0, 9.66, 10.0, 21.73, 9999.0, 23.89, 9999.0, 117.64, 127.7, 120.2, 91.23, 138.48
2024-11-07, 09:19:26, 136.5, 58.27, 22.84, 22.02, 9999.0, 9.68, 10.0, 21.73, 9999.0, 23.84, 9999.0, 117.66, 127.7, 120.2, 91.23, 138.48
2024-11-07, 09:19:30, 136.5, 58.27, 22.84, 22.02, 9999.0, 9.7, 10.0, 21.75, 9999.0, 23.82, 9999.0, 117.68, 127.7, 120.2, 91.23, 138.48
2024-11-07, 09:19:34, 136.5, 58.27, 22.82, 22.0, 9999.0, 9.73, 10.0, 21.75, 9999.0, 23.8, 9999.0, 117.7, 127.7, 120.2, 91.23, 138.48
2024-11-07, 09:19:38, 136.5, 58.27, 22.8, 22.0, 9999.0, 9.75, 10.0, 21.75, 9999.0, 23.77, 9999.0, 117.73, 127.7, 120.2, 91.2, 138.48
2024-11-07, 09:19:42, 136.5, 58.27, 22.82, 22.0, 9999.0, 9.73, 10.0, 21.75, 9999.0, 23.75, 9999.0, 117.75, 127.7, 120.2, 91.2, 138.45
2024-11-07, 09:19:46, 136.5, 58.27, 22.82, 22.0, 9999.0, 9.73, 10.0, 21.75, 9999.0, 23.8, 9999.0, 117.77, 127.7, 120.23, 91.2, 138.43
2024-11-07, 09:19:50, 136.5, 58.27, 22.84, 22.0, 9999.0, 9.73, 10.0, 21.75, 9999.0, 23.82, 9999.0, 117.8, 127.73, 120.23, 91.2, 138.43
2024-11-07, 09:19:54, 136.48, 58.25, 22.86, 22.0, 9999.0, 9.7, 10.0, 21.75, 9999.0, 23.84, 9999.0, 117.82, 127.75, 120.23, 91.2, 138.43
2024-11-07, 09:19:58, 136.48, 58.25, 22.86, 22.0, 9999.0, 9.7, 10.0, 21.75, 9999.0, 23.86, 9999.0, 117.82, 127.75, 120.23, 91.2, 138.43
2024-11-07, 09:20:02, 136.48, 58.25, 22.86, 22.0, 9999.0, 9.68, 10.0, 21.75, 9999.0, 23.91, 9999.0, 117.82, 127.75, 120.23, 91.2, 138.43
2024-11-07, 09:20:06, 136.48, 58.25, 22.86, 22.0, 9999.0, 9.66, 10.0, 21.75, 9999.0, 23.95, 9999.0, 117.82, 127.75, 120.25, 91.2, 138.43
2024-11-07, 09:20:10, 136.48, 58.25, 22.89, 22.0, 9999.0, 9.64, 10.0, 21.75, 9999.0, 24.0, 9999.0, 117.77, 127.75, 120.25, 91.2, 138.43
2024-11-07, 09:20:14, 136.45, 58.25, 22.89, 22.0, 9999.0, 9.61, 10.0, 21.75, 9999.0, 24.02, 9999.0, 117.73, 127.75, 120.25, 91.2, 138.43
2024-11-07, 09:20:18, 136.45, 58.25, 22.89, 22.0, 9999.0, 9.61, 10.0, 21.75, 9999.0, 24.05, 9999.0, 117.68, 127.73, 120.25, 91.2, 138.43
2024-11-07, 09:20:22, 136.45, 58.25, 22.89, 22.0, 9999.0, 9.61, 10.0, 21.75, 9999.0, 24.07, 9999.0, 117.66, 127.73, 120.25, 91.23, 138.43
2024-11-07, 09:20:26, 136.45, 58.25, 22.86, 22.0, 9999.0, 9.64, 10.0, 21.75, 9999.0, 24.09, 9999.0, 117.64, 127.73, 120.25, 91.2, 138.45
2024-11-07, 09:20:30, 136.45, 58.25, 22.86, 22.02, 9999.0, 9.66, 10.0, 21.75, 9999.0, 24.07, 9999.0, 117.61, 127.73, 120.25, 91.2, 138.45
2024-11-07, 09:20:34, 136.45, 58.25, 22.84, 22.02, 9999.0, 9.66, 10.0, 21.75, 9999.0, 24.07, 9999.0, 117.61, 127.73, 120.25, 91.23, 138.43
2024-11-07, 09:20:38, 136.48, 58.25, 22.84, 22.02, 9999.0, 9.68, 10.0, 21.73, 9999.0, 24.07, 9999.0, 117.61, 127.73, 120.25, 91.23, 138.41
2024-11-07, 09:20:58, 136.48, 58.25, 22.82, 22.02, 9999.0, 9.68, 10.0, 21.73, 9999.0, 24.07, 9999.0, 117.61, 127.7, 120.25, 91.23, 138.43
2024-11-07, 09:21:02, 136.48, 58.25, 22.8, 22.02, 9999.0, 9.7, 10.0, 21.73, 9999.0, 24.05, 9999.0, 117.64, 127.7, 120.25, 91.23, 138.43
2024-11-07, 09:21:06, 136.48, 58.25, 22.82, 22.02, 9999.0, 9.73, 10.0, 21.73, 9999.0, 24.02, 9999.0, 117.64, 127.7, 120.25, 91.23, 138.43
2024-11-07, 09:21:10, 136.48, 58.27, 22.8, 22.02, 9999.0, 9.75, 10.0, 21.73, 9999.0, 24.0, 9999.0, 117.66, 127.7, 120.25, 91.2, 138.41
2024-11-07, 09:21:14, 136.5, 58.3, 22.8, 22.02, 9999.0, 9.77, 10.0, 21.73, 9999.0, 24.02, 9999.0, 117.68, 127.7, 120.25, 91.2, 138.41
2024-11-07, 09:21:18, 136.5, 58.3, 22.8, 22.02, 9999.0, 9.77, 10.0, 21.73, 9999.0, 24.05, 9999.0, 117.7, 127.73, 120.25, 91.18, 138.39
2024-11-07, 09:21:22, 136.5, 58.3, 22.8, 22.02, 9999.0, 9.77, 10.0, 21.73, 9999.0, 24.07, 9999.0, 117.73, 127.73, 120.25, 91.16, 138.39
2024-11-07, 09:21:26, 136.5, 58.3, 22.82, 22.02, 9999.0, 9.77, 10.0, 21.73, 9999.0, 24.09, 9999.0, 117.75, 127.73, 120.25, 91.18, 138.36
2024-11-07, 09:21:30, 136.5, 58.3, 22.84, 22.0, 9999.0, 9.73, 10.0, 21.73, 9999.0, 24.11, 9999.0, 117.77, 127.73, 120.25, 91.18, 138.39
2024-11-07, 09:21:34, 136.5, 58.3, 22.84, 22.0, 9999.0, 9.7, 10.0, 21.73, 9999.0, 24.14, 9999.0, 117.77, 127.73, 120.23, 91.16, 138.41
2024-11-07, 09:21:38, 136.5, 58.3, 22.84, 22.0, 9999.0, 9.68, 10.0, 21.75, 9999.0, 24.16, 9999.0, 117.77, 127.73, 120.23, 91.14, 138.43
2024-11-07, 09:21:42, 136.5, 58.32, 22.84, 22.0, 9999.0, 9.66, 10.0, 21.75, 9999.0, 24.18, 9999.0, 117.77, 127.75, 120.23, 91.14, 138.43
2024-11-07, 09:21:46, 136.5, 58.32, 22.86, 22.0, 9999.0, 9.64, 10.0, 21.75, 9999.0, 24.2, 9999.0, 117.73, 127.75, 120.23, 91.11, 138.43
2024-11-07, 09:21:50, 136.5, 58.32, 22.84, 22.0, 9999.0, 9.61, 10.0, 21.75, 9999.0, 24.2, 9999.0, 117.7, 127.75, 120.2, 91.09, 138.41
2024-11-07, 09:21:54, 136.5, 58.3, 22.86, 22.0, 9999.0, 9.61, 10.0, 21.73, 9999.0, 24.2, 9999.0, 117.68, 127.75, 120.2, 91.11, 138.41
2024-11-07, 09:21:58, 136.5, 58.27, 22.86, 22.0, 9999.0, 9.61, 10.0, 21.73, 9999.0, 24.18, 9999.0, 117.66, 127.75, 120.2, 91.11, 138.41
2024-11-07, 09:22:02, 136.5, 58.27, 22.86, 22.0, 9999.0, 9.61, 10.0, 21.73, 9999.0, 24.16, 9999.0, 117.64, 127.75, 120.2, 91.14, 138.43
2024-11-07, 09:22:06, 136.5, 58.27, 22.86, 22.0, 9999.0, 9.61, 10.0, 21.73, 9999.0, 24.14, 9999.0, 117.61, 127.75, 120.2, 91.16, 138.41
2024-11-07, 09:22:10, 136.5, 58.27, 22.86, 22.0, 9999.0, 9.61, 10.0, 21.73, 9999.0, 24.11, 9999.0, 117.61, 127.73, 120.2, 91.16, 138.41
2024-11-07, 09:22:14, 136.5, 58.27, 22.84, 22.0, 9999.0, 9.64, 10.0, 21.73, 9999.0, 24.09, 9999.0, 117.61, 127.73, 120.2, 91.14, 138.41
2024-11-07, 09:22:18, 136.5, 58.27, 22.84, 22.0, 9999.0, 9.66, 10.0, 21.73, 9999.0, 24.07, 9999.0, 117.61, 127.73, 120.23, 91.16, 138.41
2024-11-07, 09:22:22, 136.5, 58.27, 22.82, 22.0, 9999.0, 9.68, 10.0, 21.73, 9999.0, 24.02, 9999.0, 117.61, 127.73, 120.23, 91.18, 138.41
2024-11-07, 09:22:26, 136.5, 58.25, 22.82, 22.0, 9999.0, 9.7, 10.0, 21.73, 9999.0, 23.98, 9999.0, 117.64, 127.73, 120.23, 91.18, 138.41
2024-11-07, 09:22:30, 136.5, 58.25, 22.8, 22.0, 9999.0, 9.73, 10.0, 21.73, 9999.0, 23.95, 9999.0, 117.66, 127.73, 120.23, 91.2, 138.41
2024-11-07, 09:22:34, 136.5, 58.25, 22.8, 22.0, 9999.0, 9.73, 10.0, 21.73, 9999.0, 23.95, 9999.0, 117.68, 127.73, 120.25, 91.2, 138.41
2024-11-07, 09:22:38, 136.5, 58.27, 22.77, 22.0, 9999.0, 9.73, 10.0, 21.75, 9999.0, 23.98, 9999.0, 117.7, 127.73, 120.25, 91.18, 138.41
2024-11-07, 09:22:42, 136.5, 58.27, 22.77, 22.0, 9999.0, 9.7, 10.0, 21.75, 9999.0, 24.0, 9999.0, 117.73, 127.73, 120.25, 91.18, 138.41
2024-11-07, 09:22:47, 136.5, 58.27, 22.8, 22.0, 9999.0, 9.7, 10.0, 21.75, 9999.0, 24.02, 9999.0, 117.75, 127.73, 120.25, 91.18, 138.41
2024-11-07, 09:22:51, 136.5, 58.27, 22.8, 22.0, 9999.0, 9.68, 10.0, 21.75, 9999.0, 24.05, 9999.0, 117.77, 127.73, 120.25, 91.16, 138.43
2024-11-07, 09:22:55, 136.5, 58.27, 22.77, 22.0, 9999.0, 9.66, 10.0, 21.75, 9999.0, 24.05, 9999.0, 117.77, 127.75, 120.25, 91.14, 138.43
2024-11-07, 09:22:59, 136.5, 58.27, 22.77, 22.0, 9999.0, 9.64, 10.0, 21.73, 9999.0, 24.07, 9999.0, 117.77, 127.75, 120.25, 91.14, 138.43
2024-11-07, 09:23:03, 136.5, 58.27, 22.77, 22.0, 9999.0, 9.61, 10.0, 21.73, 9999.0, 24.09, 9999.0, 117.75, 127.75, 120.25, 91.14, 138.41
2024-11-07, 09:23:07, 136.5, 58.27, 22.77, 22.0, 9999.0, 9.59, 10.0, 21.73, 9999.0, 24.11, 9999.0, 117.73, 127.75, 120.25, 91.14, 138.41
2024-11-07, 09:23:11, 136.5, 58.27, 22.77, 22.0, 9999.0, 9.57, 10.0, 21.73, 9999.0, 24.14, 9999.0, 117.68, 127.75, 120.25, 91.11, 138.41
2024-11-07, 09:23:15, 136.5, 58.27, 22.77, 22.0, 9999.0, 9.57, 10.0, 21.73, 9999.0, 24.14, 9999.0, 117.68, 127.75, 120.25, 91.09, 138.39
2024-11-07, 09:23:19, 136.5, 58.27, 22.77, 22.0, 9999.0, 9.57, 10.0, 21.73, 9999.0, 24.14, 9999.0, 117.66, 127.75, 120.25, 91.11, 138.39
2024-11-07, 09:23:23, 136.5, 58.25, 22.77, 22.0, 9999.0, 9.57, 10.0, 21.73, 9999.0, 24.11, 9999.0, 117.64, 127.73, 120.23, 91.14, 138.39
2024-11-07, 09:23:27, 136.5, 58.25, 22.77, 22.0, 9999.0, 9.61, 10.0, 21.73, 9999.0, 24.09, 9999.0, 117.61, 127.73, 120.23, 91.11, 138.39
2024-11-07, 09:23:31, 136.5, 58.25, 22.77, 22.0, 9999.0, 9.61, 10.0, 21.73, 9999.0, 24.07, 9999.0, 117.61, 127.7, 120.23, 91.09, 138.36
2024-11-07, 09:23:35, 136.5, 58.25, 22.8, 22.0, 9999.0, 9.64, 10.0, 21.73, 9999.0, 24.05, 9999.0, 117.61, 127.7, 120.23, 91.09, 138.34
2024-11-07, 09:23:39, 136.5, 58.25, 22.8, 22.0, 9999.0, 9.66, 10.0, 21.73, 9999.0, 24.05, 9999.0, 117.64, 127.7, 120.23, 91.11, 138.36
2024-11-07, 09:23:43, 136.5, 58.25, 22.8, 22.0, 9999.0, 9.68, 10.0, 21.75, 9999.0, 24.02, 9999.0, 117.64, 127.7, 120.23, 91.11, 138.34
2024-11-07, 09:23:47, 136.5, 58.25, 22.8, 22.0, 9999.0, 9.7, 10.0, 21.75, 9999.0, 23.98, 9999.0, 117.66, 127.7, 120.23, 91.11, 138.34
2024-11-07, 09:23:51, 136.5, 58.25, 22.8, 22.0, 9999.0, 9.73, 10.0, 21.75, 9999.0, 24.0, 9999.0, 117.68, 127.7, 120.23, 91.11, 138.34
2024-11-07, 09:23:55, 136.48, 58.25, 22.82, 22.0, 9999.0, 9.73, 10.0, 21.75, 9999.0, 24.0, 9999.0, 117.73, 127.7, 120.23, 91.14, 138.34
2024-11-07, 09:23:59, 136.48, 58.25, 22.84, 22.0, 9999.0, 9.7, 10.0, 21.75, 9999.0, 24.02, 9999.0, 117.73, 127.7, 120.23, 91.16, 138.36
2024-11-07, 09:24:03, 136.48, 58.25, 22.86, 22.0, 9999.0, 9.7, 10.0, 21.75, 9999.0, 24.05, 9999.0, 117.75, 127.7, 120.23, 91.16, 138.39
2024-11-07, 09:24:07, 136.48, 58.25, 22.89, 22.0, 9999.0, 9.68, 10.0, 21.73, 9999.0, 24.07, 9999.0, 117.77, 127.73, 120.25, 91.16, 138.41
2024-11-07, 09:24:11, 136.48, 58.25, 22.89, 22.0, 9999.0, 9.66, 10.0, 21.73, 9999.0, 24.07, 9999.0, 117.8, 127.73, 120.25, 91.16, 138.39
2024-11-07, 09:24:15, 136.48, 58.25, 22.86, 22.0, 9999.0, 9.64, 10.0, 21.7, 9999.0, 24.07, 9999.0, 117.8, 127.75, 120.25, 91.18, 138.41
2024-11-07, 09:24:19, 136.48, 58.27, 22.84, 22.0, 9999.0, 9.61, 10.0, 21.7, 9999.0, 24.07, 9999.0, 117.77, 127.75, 120.25, 91.2, 138.41
2024-11-07, 09:24:23, 136.48, 58.27, 22.84, 22.0, 9999.0, 9.59, 10.0, 21.7, 9999.0, 24.07, 9999.0, 117.73, 127.75, 120.25, 91.2, 138.41
2024-11-07, 09:24:27, 136.48, 58.27, 22.86, 22.0, 9999.0, 9.57, 10.0, 21.7, 9999.0, 24.07, 9999.0, 117.7, 127.73, 120.25, 91.23, 138.41
2024-11-07, 09:24:31, 136.48, 58.27, 22.89, 22.0, 9999.0, 9.57, 10.0, 21.7, 9999.0, 24.09, 9999.0, 117.7, 127.73, 120.25, 91.2, 138.41
2024-11-07, 09:24:35, 136.48, 58.27, 22.89, 22.0, 9999.0, 9.57, 10.0, 21.7, 9999.0, 24.07, 9999.0, 117.68, 127.73, 120.23, 91.2, 138.41
2024-11-07, 09:24:39, 136.5, 58.27, 22.86, 22.0, 9999.0, 9.59, 10.0, 21.7, 9999.0, 24.07, 9999.0, 117.64, 127.73, 120.23, 91.18, 138.39
2024-11-07, 09:24:43, 136.5, 58.27, 22.84, 22.0, 9999.0, 9.64, 10.0, 21.68, 9999.0, 24.05, 9999.0, 117.61, 127.73, 120.23, 91.18, 138.36
2024-11-07, 09:24:47, 136.5, 58.27, 22.82, 22.0, 9999.0, 9.66, 10.0, 21.68, 9999.0, 24.0, 9999.0, 117.61, 127.73, 120.23, 91.18, 138.36
2024-11-07, 09:24:51, 136.5, 58.27, 22.8, 22.0, 9999.0, 9.68, 10.0, 21.7, 9999.0, 23.95, 9999.0, 117.61, 127.7, 120.2, 91.18, 138.36
2024-11-07, 09:24:55, 136.5, 58.27, 22.8, 22.0, 9999.0, 9.68, 10.0, 21.7, 9999.0, 23.93, 9999.0, 117.61, 127.68, 120.2, 91.2, 138.36
2024-11-07, 09:24:59, 136.5, 58.27, 22.8, 22.0, 9999.0, 9.7, 10.0, 21.73, 9999.0, 23.91, 9999.0, 117.64, 127.68, 120.2, 91.2, 138.34
2024-11-07, 09:25:03, 136.5, 58.25, 22.8, 22.0, 9999.0, 9.73, 10.0, 21.73, 9999.0, 23.89, 9999.0, 117.66, 127.68, 120.2, 91.2, 138.34
2024-11-07, 09:25:07, 136.5, 58.25, 22.8, 22.0, 9999.0, 9.75, 10.0, 21.73, 9999.0, 23.86, 9999.0, 117.68, 127.68, 120.2, 91.2, 138.34
2024-11-07, 09:25:11, 136.48, 58.25, 22.77, 22.0, 9999.0, 9.77, 10.0, 21.73, 9999.0, 23.86, 9999.0, 117.7, 127.7, 120.2, 91.2, 138.36
2024-11-07, 09:25:15, 136.48, 58.25, 22.75, 22.0, 9999.0, 9.77, 10.0, 21.73, 9999.0, 23.86, 9999.0, 117.7, 127.7, 120.2, 91.23, 138.39
2024-11-07, 09:25:19, 136.48, 58.25, 22.75, 22.0, 9999.0, 9.75, 10.0, 21.73, 9999.0, 23.86, 9999.0, 117.73, 127.7, 120.23, 91.23, 138.39
2024-11-07, 09:25:23, 136.48, 58.25, 22.75, 22.0, 9999.0, 9.73, 10.0, 21.73, 9999.0, 23.86, 9999.0, 117.75, 127.7, 120.23, 91.25, 138.41
2024-11-07, 09:25:27, 136.48, 58.25, 22.77, 22.0, 9999.0, 9.68, 10.0, 21.75, 9999.0, 23.86, 9999.0, 117.77, 127.7, 120.23, 91.25, 138.43
2024-11-07, 09:25:31, 136.48, 58.25, 22.77, 22.0, 9999.0, 9.66, 10.0, 21.75, 9999.0, 23.89, 9999.0, 117.77, 127.7, 120.23, 91.25, 138.41
2024-11-07, 09:25:35, 136.45, 58.27, 22.77, 22.0, 9999.0, 9.64, 10.0, 21.73, 9999.0, 23.91, 9999.0, 117.77, 127.73, 120.25, 91.23, 138.39
2024-11-07, 09:25:39, 136.45, 58.27, 22.77, 22.0, 9999.0, 9.61, 10.0, 21.73, 9999.0, 23.91, 9999.0, 117.77, 127.75, 120.25, 91.23, 138.41
2024-11-07, 09:25:43, 136.45, 58.27, 22.77, 22.0, 9999.0, 9.59, 10.0, 21.73, 9999.0, 23.91, 9999.0, 117.75, 127.75, 120.25, 91.23, 138.41
2024-11-07, 09:25:47, 136.45, 58.27, 22.77, 22.0, 9999.0, 9.57, 10.0, 21.73, 9999.0, 23.91, 9999.0, 117.75, 127.75, 120.25, 91.2, 138.43
2024-11-07, 09:25:51, 136.43, 58.27, 22.77, 22.0, 9999.0, 9.57, 10.0, 21.7, 9999.0, 23.91, 9999.0, 117.73, 127.75, 120.25, 91.18, 138.41
2024-11-07, 09:25:55, 136.45, 58.27, 22.8, 22.0, 9999.0, 9.57, 10.0, 21.7, 9999.0, 23.89, 9999.0, 117.7, 127.75, 120.25, 91.16, 138.41
2024-11-07, 09:25:59, 136.45, 58.27, 22.8, 22.0, 9999.0, 9.57, 10.0, 21.7, 9999.0, 23.86, 9999.0, 117.68, 127.75, 120.25, 91.16, 138.39
2024-11-07, 09:26:03, 136.45, 58.27, 22.8, 22.0, 9999.0, 9.59, 10.0, 21.7, 9999.0, 23.84, 9999.0, 117.66, 127.75, 120.25, 91.16, 138.39
2024-11-07, 09:26:07, 136.45, 58.27, 22.8, 22.0, 9999.0, 9.61, 10.0, 21.7, 9999.0, 23.82, 9999.0, 117.66, 127.73, 120.25, 91.14, 138.39
2024-11-07, 09:26:11, 136.45, 58.27, 22.77, 22.0, 9999.0, 9.64, 10.0, 21.7, 9999.0, 23.8, 9999.0, 117.66, 127.7, 120.25, 91.11, 138.36
2024-11-07, 09:26:15, 136.45, 58.27, 22.77, 22.0, 9999.0, 9.66, 10.0, 21.7, 9999.0, 23.77, 9999.0, 117.66, 127.7, 120.25, 91.11, 138.39
2024-11-07, 09:26:19, 136.48, 58.25, 22.77, 22.0, 9999.0, 9.68, 10.0, 21.73, 9999.0, 23.75, 9999.0, 117.68, 127.7, 120.25, 91.14, 138.41
2024-11-07, 09:26:23, 136.48, 58.27, 22.8, 22.0, 9999.0, 9.7, 10.0, 21.73, 9999.0, 23.75, 9999.0, 117.7, 127.7, 120.25, 91.14, 138.39
2024-11-07, 09:26:27, 136.48, 58.27, 22.82, 22.0, 9999.0, 9.73, 10.0, 21.73, 9999.0, 23.73, 9999.0, 117.7, 127.7, 120.25, 91.14, 138.41
2024-11-07, 09:26:32, 136.48, 58.27, 22.82, 22.0, 9999.0, 9.75, 10.0, 21.73, 9999.0, 23.73, 9999.0, 117.7, 127.7, 120.25, 91.16, 138.41
2024-11-07, 09:26:36, 136.5, 58.27, 22.82, 22.0, 9999.0, 9.75, 10.0, 21.75, 9999.0, 23.73, 9999.0, 117.73, 127.7, 120.25, 91.16, 138.43
2024-11-07, 09:26:40, 136.5, 58.27, 22.8, 22.0, 9999.0, 9.73, 10.0, 21.73, 9999.0, 23.75, 9999.0, 117.75, 127.7, 120.25, 91.18, 138.43
2024-11-07, 09:26:44, 136.5, 58.27, 22.8, 22.0, 9999.0, 9.73, 10.0, 21.73, 9999.0, 23.77, 9999.0, 117.77, 127.7, 120.25, 91.18, 138.43
2024-11-07, 09:26:48, 136.5, 58.27, 22.82, 22.0, 9999.0, 9.7, 10.0, 21.73, 9999.0, 23.8, 9999.0, 117.8, 127.7, 120.25, 91.18, 138.43
2024-11-07, 09:26:52, 136.48, 58.27, 22.82, 22.0, 9999.0, 9.68, 10.0, 21.73, 9999.0, 23.8, 9999.0, 117.8, 127.73, 120.25, 91.18, 138.43
2024-11-07, 09:26:56, 136.48, 58.27, 22.82, 22.0, 9999.0, 9.66, 10.0, 21.73, 9999.0, 23.8, 9999.0, 117.8, 127.75, 120.25, 91.2, 138.45
2024-11-07, 09:27:00, 136.48, 58.27, 22.82, 22.0, 9999.0, 9.64, 10.0, 21.73, 9999.0, 23.8, 9999.0, 117.8, 127.75, 120.25, 91.2, 138.45
2024-11-07, 09:27:04, 136.48, 58.27, 22.82, 22.0, 9999.0, 9.61, 10.0, 21.73, 9999.0, 23.8, 9999.0, 117.75, 127.75, 120.25, 91.2, 138.43
2024-11-07, 09:27:08, 136.45, 58.25, 22.82, 22.0, 9999.0, 9.59, 10.0, 21.7, 9999.0, 23.8, 9999.0, 117.7, 127.75, 120.25, 91.2, 138.45
2024-11-07, 09:27:12, 136.45, 58.27, 22.8, 22.0, 9999.0, 9.59, 10.0, 21.68, 9999.0, 23.82, 9999.0, 117.68, 127.75, 120.25, 91.2, 138.45
2024-11-07, 09:27:16, 136.45, 58.27, 22.8, 22.0, 9999.0, 9.57, 10.0, 21.68, 9999.0, 23.82, 9999.0, 117.66, 127.73, 120.25, 91.2, 138.43
2024-11-07, 09:27:20, 136.43, 58.27, 22.8, 22.0, 9999.0, 9.57, 10.0, 21.68, 9999.0, 23.82, 9999.0, 117.64, 127.73, 120.25, 91.2, 138.43
2024-11-07, 09:27:24, 136.43, 58.27, 22.82, 22.0, 9999.0, 9.61, 10.0, 21.7, 9999.0, 23.8, 9999.0, 117.61, 127.73, 120.25, 91.2, 138.41
2024-11-07, 09:27:28, 136.43, 58.27, 22.82, 22.0, 9999.0, 9.61, 10.0, 21.7, 9999.0, 23.77, 9999.0, 117.61, 127.73, 120.25, 91.2, 138.43
2024-11-07, 09:27:32, 136.43, 58.27, 22.8, 22.0, 9999.0, 9.64, 10.0, 21.7, 9999.0, 23.75, 9999.0, 117.61, 127.73, 120.25, 91.2, 138.43
2024-11-07, 09:27:36, 136.45, 58.27, 22.82, 22.0, 9999.0, 9.66, 10.0, 21.7, 9999.0, 23.75, 9999.0, 117.61, 127.73, 120.25, 91.23, 138.43
2024-11-07, 09:27:40, 136.45, 58.27, 22.82, 22.0, 9999.0, 9.68, 10.0, 21.7, 9999.0, 23.75, 9999.0, 117.64, 127.73, 120.25, 91.23, 138.43
2024-11-07, 09:27:44, 136.45, 58.27, 22.84, 22.0, 9999.0, 9.7, 10.0, 21.7, 9999.0, 23.75, 9999.0, 117.66, 127.73, 120.25, 91.23, 138.43
2024-11-07, 09:27:48, 136.45, 58.27, 22.84, 22.0, 9999.0, 9.73, 10.0, 21.7, 9999.0, 23.77, 9999.0, 117.68, 127.73, 120.25, 91.23, 138.45
2024-11-07, 09:27:52, 136.45, 58.27, 22.84, 22.0, 9999.0, 9.75, 10.0, 21.7, 9999.0, 23.77, 9999.0, 117.7, 127.73, 120.25, 91.23, 138.45
2024-11-07, 09:27:56, 136.45, 58.25, 22.86, 22.02, 9999.0, 9.75, 10.0, 21.73, 9999.0, 23.77, 9999.0, 117.73, 127.73, 120.25, 91.23, 138.45
2024-11-07, 09:28:00, 136.45, 58.25, 22.86, 22.02, 9999.0, 9.77, 10.0, 21.73, 9999.0, 23.8, 9999.0, 117.75, 127.75, 120.25, 91.23, 138.45
2024-11-07, 09:28:04, 136.48, 58.25, 22.86, 22.02, 9999.0, 9.75, 10.0, 21.73, 9999.0, 23.82, 9999.0, 117.77, 127.75, 120.25, 91.25, 138.45
2024-11-07, 09:28:08, 136.48, 58.25, 22.86, 22.02, 9999.0, 9.7, 10.0, 21.73, 9999.0, 23.84, 9999.0, 117.8, 127.75, 120.25, 91.25, 138.48
2024-11-07, 09:28:12, 136.48, 58.25, 22.89, 22.02, 9999.0, 9.68, 10.0, 21.73, 9999.0, 23.84, 9999.0, 117.8, 127.75, 120.25, 91.25, 138.48
2024-11-07, 09:28:16, 136.48, 58.25, 22.89, 22.02, 9999.0, 9.66, 10.0, 21.73, 9999.0, 23.84, 9999.0, 117.8, 127.75, 120.25, 91.25, 138.48
2024-11-07, 09:28:20, 136.48, 58.25, 22.89, 22.02, 9999.0, 9.64, 10.0, 21.73, 9999.0, 23.84, 9999.0, 117.8, 127.75, 120.25, 91.25, 138.48
2024-11-07, 09:28:24, 136.48, 58.25, 22.91, 22.02, 9999.0, 9.61, 10.0, 21.73, 9999.0, 23.84, 9999.0, 117.75, 127.75, 120.25, 91.23, 138.48
2024-11-07, 09:28:28, 136.48, 58.25, 22.89, 22.02, 9999.0, 9.59, 10.0, 21.73, 9999.0, 23.84, 9999.0, 117.7, 127.75, 120.25, 91.2, 138.48
2024-11-07, 09:28:32, 136.48, 58.25, 22.89, 22.02, 9999.0, 9.59, 10.0, 21.7, 9999.0, 23.82, 9999.0, 117.68, 127.75, 120.25, 91.2, 138.48
2024-11-07, 09:28:36, 136.5, 58.25, 22.86, 22.05, 9999.0, 9.59, 10.0, 21.73, 9999.0, 23.82, 9999.0, 117.66, 127.75, 120.25, 91.2, 138.48
2024-11-07, 09:28:40, 136.5, 58.25, 22.86, 22.02, 9999.0, 9.59, 10.0, 21.73, 9999.0, 23.82, 9999.0, 117.64, 127.75, 120.25, 91.2, 138.48
2024-11-07, 09:28:44, 136.5, 58.25, 22.86, 22.02, 9999.0, 9.59, 10.0, 21.73, 9999.0, 23.77, 9999.0, 117.61, 127.75, 120.25, 91.18, 138.5
2024-11-07, 09:28:48, 136.5, 58.25, 22.86, 22.02, 9999.0, 9.61, 10.0, 21.73, 9999.0, 23.73, 9999.0, 117.61, 127.75, 120.25, 91.18, 138.5
2024-11-07, 09:28:52, 136.5, 58.25, 22.84, 22.02, 9999.0, 9.64, 10.0, 21.73, 9999.0, 23.68, 9999.0, 117.61, 127.73, 120.25, 91.16, 138.5
2024-11-07, 09:28:56, 136.5, 58.25, 22.84, 22.02, 9999.0, 9.66, 10.0, 21.73, 9999.0, 23.66, 9999.0, 117.61, 127.73, 120.25, 91.16, 138.5
2024-11-07, 09:29:00, 136.5, 58.25, 22.84, 22.02, 9999.0, 9.68, 10.0, 21.73, 9999.0, 23.64, 9999.0, 117.64, 127.73, 120.25, 91.16, 138.5
2024-11-07, 09:29:04, 136.5, 58.25, 22.84, 22.02, 9999.0, 9.7, 10.0, 21.73, 9999.0, 23.61, 9999.0, 117.66, 127.73, 120.25, 91.16, 138.5
2024-11-07, 09:29:08, 136.48, 58.25, 22.82, 22.02, 9999.0, 9.73, 10.0, 21.73, 9999.0, 23.61, 9999.0, 117.7, 127.73, 120.25, 91.18, 138.5
2024-11-07, 09:29:12, 136.48, 58.25, 22.82, 22.02, 9999.0, 9.75, 10.0, 21.73, 9999.0, 23.61, 9999.0, 117.73, 127.73, 120.25, 91.2, 138.5
2024-11-07, 09:29:16, 136.48, 58.25, 22.84, 22.02, 9999.0, 9.75, 10.0, 21.75, 9999.0, 23.61, 9999.0, 117.75, 127.73, 120.25, 91.2, 138.5
2024-11-07, 09:29:20, 136.48, 58.25, 22.86, 22.0, 9999.0, 9.75, 10.0, 21.75, 9999.0, 23.61, 9999.0, 117.77, 127.73, 120.25, 91.2, 138.5
2024-11-07, 09:29:24, 136.48, 58.25, 22.86, 22.0, 9999.0, 9.75, 10.0, 21.73, 9999.0, 23.61, 9999.0, 117.8, 127.73, 120.25, 91.2, 138.5
2024-11-07, 09:29:28, 136.48, 58.25, 22.89, 22.0, 9999.0, 9.73, 10.0, 21.73, 9999.0, 23.64, 9999.0, 117.82, 127.73, 120.25, 91.23, 138.5
2024-11-07, 09:29:32, 136.48, 58.25, 22.89, 22.0, 9999.0, 9.7, 10.0, 21.73, 9999.0, 23.66, 9999.0, 117.82, 127.73, 120.25, 91.23, 138.5
2024-11-07, 09:29:36, 136.48, 58.25, 22.91, 22.0, 9999.0, 9.68, 10.0, 21.73, 9999.0, 23.68, 9999.0, 117.82, 127.75, 120.25, 91.25, 138.5
2024-11-07, 09:29:40, 136.48, 58.25, 22.89, 22.0, 9999.0, 9.66, 10.0, 21.73, 9999.0, 23.7, 9999.0, 117.82, 127.75, 120.25, 91.25, 138.5
2024-11-07, 09:29:44, 136.48, 58.25, 22.91, 22.0, 9999.0, 9.64, 10.0, 21.73, 9999.0, 23.73, 9999.0, 117.8, 127.75, 120.25, 91.25, 138.5
2024-11-07, 09:29:48, 136.48, 58.25, 22.89, 22.0, 9999.0, 9.61, 10.0, 21.73, 9999.0, 23.75, 9999.0, 117.75, 127.75, 120.25, 91.25, 138.5
2024-11-07, 09:29:52, 136.5, 58.25, 22.89, 22.0, 9999.0, 9.61, 10.0, 21.73, 9999.0, 23.75, 9999.0, 117.7, 127.75, 120.25, 91.25, 138.5
2024-11-07, 09:29:56, 136.5, 58.25, 22.91, 22.0, 9999.0, 9.61, 10.0, 21.73, 9999.0, 23.73, 9999.0, 117.68, 127.75, 120.25, 91.25, 138.5
2024-11-07, 09:30:00, 136.5, 58.25, 22.91, 22.0, 9999.0, 9.61, 10.0, 21.73, 9999.0, 23.7, 9999.0, 117.66, 127.75, 120.25, 91.25, 138.5
2024-11-07, 09:30:04, 136.5, 58.25, 22.91, 22.0, 9999.0, 9.64, 10.0, 21.73, 9999.0, 23.68, 9999.0, 117.64, 127.75, 120.25, 91.25, 138.5
2024-11-07, 09:30:08, 136.5, 58.25, 22.91, 22.0, 9999.0, 9.64, 10.0, 21.75, 9999.0, 23.66, 9999.0, 117.64, 127.75, 120.25, 91.25, 138.5
2024-11-07, 09:30:12, 136.5, 58.25, 22.89, 22.0, 9999.0, 9.66, 10.0, 21.75, 9999.0, 23.64, 9999.0, 117.64, 127.75, 120.25, 91.25, 138.5
2024-11-07, 09:30:16, 136.5, 58.25, 22.91, 22.0, 9999.0, 9.68, 10.0, 21.75, 9999.0, 23.61, 9999.0, 117.64, 127.75, 120.25, 91.25, 138.5
2024-11-07, 09:30:21, 136.5, 58.25, 22.91, 22.0, 9999.0, 9.7, 10.0, 21.75, 9999.0, 23.59, 9999.0, 117.66, 127.75, 120.25, 91.25, 138.5
2024-11-07, 09:30:25, 136.5, 58.25, 22.91, 22.0, 9999.0, 9.73, 10.0, 21.75, 9999.0, 23.57, 9999.0, 117.68, 127.75, 120.25, 91.25, 138.5
2024-11-07, 09:30:37, 136.5, 58.25, 22.91, 22.0, 9999.0, 9.75, 10.0, 21.75, 9999.0, 23.57, 9999.0, 117.68, 127.75, 120.25, 91.25, 138.5
2024-11-07, 09:30:41, 136.5, 58.25, 22.93, 22.0, 9999.0, 9.77, 10.0, 21.75, 9999.0, 23.57, 9999.0, 117.7, 127.75, 120.25, 91.25, 138.5
2024-11-07, 09:30:46, 136.48, 58.25, 22.95, 22.0, 9999.0, 9.77, 10.0, 21.75, 9999.0, 23.57, 9999.0, 117.73, 127.75, 120.25, 91.25, 138.5
2024-11-07, 09:30:50, 136.48, 58.25, 22.95, 22.0, 9999.0, 9.77, 10.0, 21.75, 9999.0, 23.61, 9999.0, 117.75, 127.75, 120.25, 91.25, 138.5
2024-11-07, 09:30:54, 136.48, 58.25, 22.95, 22.0, 9999.0, 9.77, 10.0, 21.73, 9999.0, 23.66, 9999.0, 117.77, 127.75, 120.25, 91.25, 138.5
2024-11-07, 09:30:58, 136.48, 58.25, 22.95, 22.0, 9999.0, 9.73, 10.0, 21.73, 9999.0, 23.68, 9999.0, 117.8, 127.75, 120.25, 91.25, 138.5
2024-11-07, 09:31:02, 136.48, 58.25, 22.95, 22.0, 9999.0, 9.73, 10.0, 21.7, 9999.0, 23.73, 9999.0, 117.8, 127.75, 120.25, 91.25, 138.5
2024-11-07, 09:31:06, 136.48, 58.25, 22.95, 22.02, 9999.0, 9.7, 10.0, 21.7, 9999.0, 23.75, 9999.0, 117.8, 127.75, 120.25, 91.25, 138.5
2024-11-07, 09:31:10, 136.48, 58.25, 22.93, 22.02, 9999.0, 9.68, 10.0, 21.7, 9999.0, 23.77, 9999.0, 117.77, 127.75, 120.25, 91.25, 138.5
2024-11-07, 09:31:14, 136.45, 58.25, 22.93, 22.05, 9999.0, 9.66, 10.0, 21.7, 9999.0, 23.8, 9999.0, 117.75, 127.75, 120.25, 91.23, 138.5
2024-11-07, 09:31:28, 136.45, 58.25, 22.95, 22.05, 9999.0, 9.64, 10.0, 21.7, 9999.0, 23.82, 9999.0, 117.7, 127.75, 120.25, 91.23, 138.5
2024-11-07, 09:31:34, 136.45, 58.25, 22.95, 22.07, 9999.0, 9.64, 10.0, 21.7, 9999.0, 23.82, 9999.0, 117.68, 127.75, 120.25, 91.2, 138.5
2024-11-07, 09:31:38, 136.45, 58.25, 22.95, 22.07, 9999.0, 9.64, 10.0, 21.7, 9999.0, 23.82, 9999.0, 117.68, 127.75, 120.25, 91.18, 138.5
2024-11-07, 09:31:42, 136.48, 58.25, 22.93, 22.07, 9999.0, 9.64, 10.0, 21.7, 9999.0, 23.82, 9999.0, 117.66, 127.75, 120.25, 91.16, 138.5
2024-11-07, 09:31:46, 136.48, 58.25, 22.93, 22.09, 9999.0, 9.64, 10.0, 21.7, 9999.0, 23.8, 9999.0, 117.64, 127.75, 120.25, 91.14, 138.5
2024-11-07, 09:31:50, 136.48, 58.25, 22.93, 22.09, 9999.0, 9.64, 10.0, 21.73, 9999.0, 23.77, 9999.0, 117.64, 127.75, 120.25, 91.11, 138.5
2024-11-07, 09:31:54, 136.48, 58.25, 22.93, 22.09, 9999.0, 9.66, 10.0, 21.73, 9999.0, 23.77, 9999.0, 117.64, 127.75, 120.25, 91.09, 138.5
2024-11-07, 09:31:58, 136.48, 58.25, 22.93, 22.11, 9999.0, 9.66, 10.0, 21.75, 9999.0, 23.75, 9999.0, 117.64, 127.75, 120.25, 91.09, 138.5
2024-11-07, 09:32:02, 136.48, 58.25, 22.95, 22.09, 9999.0, 9.68, 10.0, 21.75, 9999.0, 23.73, 9999.0, 117.66, 127.75, 120.25, 91.09, 138.5
2024-11-07, 09:32:06, 136.48, 58.25, 22.95, 22.09, 9999.0, 9.7, 10.0, 21.75, 9999.0, 23.7, 9999.0, 117.7, 127.75, 120.25, 91.09, 138.5
2024-11-07, 09:32:10, 136.5, 58.25, 22.95, 22.09, 9999.0, 9.73, 10.0, 21.75, 9999.0, 23.7, 9999.0, 117.73, 127.75, 120.25, 91.11, 138.5
2024-11-07, 09:32:14, 136.5, 58.25, 22.95, 22.09, 9999.0, 9.75, 10.0, 21.75, 9999.0, 23.7, 9999.0, 117.75, 127.75, 120.25, 91.09, 138.5
2024-11-07, 09:32:18, 136.5, 58.25, 22.93, 22.07, 9999.0, 9.75, 10.0, 21.75, 9999.0, 23.73, 9999.0, 117.77, 127.75, 120.25, 91.11, 138.5
2024-11-07, 09:32:22, 136.5, 58.25, 22.93, 22.07, 9999.0, 9.75, 10.0, 21.75, 9999.0, 23.75, 9999.0, 117.77, 127.75, 120.25, 91.14, 138.5
2024-11-07, 09:32:26, 136.5, 58.25, 22.95, 22.09, 9999.0, 9.73, 10.0, 21.75, 9999.0, 23.77, 9999.0, 117.8, 127.75, 120.25, 91.16, 138.5
2024-11-07, 09:32:30, 136.5, 58.25, 22.93, 22.09, 9999.0, 9.7, 10.0, 21.75, 9999.0, 23.8, 9999.0, 117.82, 127.75, 120.25, 91.18, 138.5
2024-11-07, 09:32:34, 136.5, 58.25, 22.93, 22.09, 9999.0, 9.68, 10.0, 21.75, 9999.0, 23.82, 9999.0, 117.82, 127.75, 120.25, 91.18, 138.5
2024-11-07, 09:32:38, 136.5, 58.25, 22.93, 22.09, 9999.0, 9.66, 10.0, 21.75, 9999.0, 23.84, 9999.0, 117.82, 127.75, 120.25, 91.2, 138.5
2024-11-07, 09:32:42, 136.5, 58.25, 22.91, 22.07, 9999.0, 9.64, 10.0, 21.75, 9999.0, 23.86, 9999.0, 117.82, 127.75, 120.25, 91.2, 138.5
2024-11-07, 09:32:46, 136.5, 58.25, 22.91, 22.07, 9999.0, 9.61, 10.0, 21.75, 9999.0, 23.91, 9999.0, 117.77, 127.75, 120.25, 91.2, 138.5
2024-11-07, 09:32:50, 136.48, 58.25, 22.91, 22.09, 9999.0, 9.59, 10.0, 21.75, 9999.0, 23.95, 9999.0, 117.73, 127.75, 120.25, 91.2, 138.5
2024-11-07, 09:32:55, 136.48, 58.25, 22.91, 22.07, 9999.0, 9.59, 10.0, 21.75, 9999.0, 23.95, 9999.0, 117.7, 127.75, 120.25, 91.2, 138.5
2024-11-07, 09:32:59, 136.48, 58.25, 22.89, 22.07, 9999.0, 9.59, 10.0, 21.75, 9999.0, 23.95, 9999.0, 117.68, 127.75, 120.25, 91.23, 138.5
2024-11-07, 09:33:03, 136.48, 58.25, 22.91, 22.07, 9999.0, 9.61, 10.0, 21.75, 9999.0, 23.93, 9999.0, 117.66, 127.75, 120.25, 91.23, 138.5
2024-11-07, 09:33:07, 136.45, 58.25, 22.91, 22.07, 9999.0, 9.64, 10.0, 21.75, 9999.0, 23.91, 9999.0, 117.64, 127.75, 120.25, 91.23, 138.5
2024-11-07, 09:33:11, 136.45, 58.25, 22.89, 22.05, 9999.0, 9.68, 10.0, 21.75, 9999.0, 23.89, 9999.0, 117.64, 127.75, 120.25, 91.23, 138.5
2024-11-07, 09:33:15, 136.45, 58.25, 22.91, 22.02, 9999.0, 9.7, 10.0, 21.75, 9999.0, 23.84, 9999.0, 117.64, 127.75, 120.25, 91.23, 138.5
2024-11-07, 09:33:19, 136.43, 58.25, 22.91, 22.02, 9999.0, 9.73, 10.0, 21.75, 9999.0, 23.82, 9999.0, 117.66, 127.75, 120.25, 91.25, 138.5
2024-11-07, 09:33:23, 136.43, 58.25, 22.89, 22.02, 9999.0, 9.75, 10.0, 21.75, 9999.0, 23.8, 9999.0, 117.68, 127.75, 120.25, 91.25, 138.5
2024-11-07, 09:33:27, 136.43, 58.25, 22.91, 22.02, 9999.0, 9.77, 10.0, 21.75, 9999.0, 23.77, 9999.0, 117.7, 127.75, 120.25, 91.25, 138.5
2024-11-07, 09:33:31, 136.43, 58.25, 22.91, 22.05, 9999.0, 9.8, 10.0, 21.75, 9999.0, 23.75, 9999.0, 117.73, 127.75, 120.25, 91.25, 138.5
2024-11-07, 09:33:35, 136.45, 58.25, 22.91, 22.02, 9999.0, 9.82, 10.0, 21.75, 9999.0, 23.73, 9999.0, 117.75, 127.75, 120.25, 91.25, 138.5
2024-11-07, 09:33:39, 136.45, 58.25, 22.91, 22.05, 9999.0, 9.82, 10.0, 21.75, 9999.0, 23.75, 9999.0, 117.75, 127.75, 120.25, 91.25, 138.5
2024-11-07, 09:33:43, 136.45, 58.25, 22.91, 22.05, 9999.0, 9.8, 10.0, 21.75, 9999.0, 23.77, 9999.0, 117.77, 127.75, 120.25, 91.25, 138.5
2024-11-07, 09:33:47, 136.45, 58.25, 22.89, 22.05, 9999.0, 9.75, 10.0, 21.75, 9999.0, 23.8, 9999.0, 117.8, 127.75, 120.25, 91.25, 138.5
2024-11-07, 09:33:51, 136.48, 58.25, 22.86, 22.05, 9999.0, 9.7, 10.0, 21.73, 9999.0, 23.82, 9999.0, 117.82, 127.75, 120.25, 91.25, 138.5
2024-11-07, 09:33:55, 136.48, 58.25, 22.89, 22.05, 9999.0, 9.66, 10.0, 21.73, 9999.0, 23.84, 9999.0, 117.82, 127.75, 120.25, 91.25, 138.5
2024-11-07, 09:33:59, 136.48, 58.25, 22.89, 22.05, 9999.0, 9.64, 10.0, 21.73, 9999.0, 23.86, 9999.0, 117.82, 127.75, 120.25, 91.25, 138.5
2024-11-07, 09:34:03, 136.5, 58.25, 22.89, 22.05, 9999.0, 9.61, 10.0, 21.73, 9999.0, 23.86, 9999.0, 117.8, 127.75, 120.25, 91.25, 138.5
2024-11-07, 09:34:07, 136.5, 58.25, 22.89, 22.05, 9999.0, 9.59, 10.0, 21.73, 9999.0, 23.86, 9999.0, 117.77, 127.75, 120.25, 91.25, 138.5
2024-11-07, 09:34:11, 136.5, 58.25, 22.89, 22.07, 9999.0, 9.59, 10.0, 21.73, 9999.0, 23.86, 9999.0, 117.73, 127.75, 120.25, 91.25, 138.5
2024-11-07, 09:34:15, 136.5, 58.25, 22.89, 22.05, 9999.0, 9.59, 10.0, 21.73, 9999.0, 23.86, 9999.0, 117.73, 127.75, 120.25, 91.25, 138.5
2024-11-07, 09:34:19, 136.5, 58.25, 22.91, 22.05, 9999.0, 9.59, 10.0, 21.73, 9999.0, 23.86, 9999.0, 117.7, 127.75, 120.25, 91.25, 138.5
2024-11-07, 09:34:23, 136.5, 58.25, 22.91, 22.02, 9999.0, 9.61, 10.0, 21.73, 9999.0, 23.84, 9999.0, 117.68, 127.75, 120.25, 91.23, 138.5
2024-11-07, 09:34:27, 136.5, 58.27, 22.93, 22.02, 9999.0, 9.66, 10.0, 21.73, 9999.0, 23.82, 9999.0, 117.68, 127.75, 120.25, 91.23, 138.5
2024-11-07, 09:34:31, 136.5, 58.3, 22.95, 22.02, 9999.0, 9.68, 10.0, 21.73, 9999.0, 23.8, 9999.0, 117.68, 127.75, 120.25, 91.23, 138.5
2024-11-07, 09:34:35, 136.5, 58.3, 22.98, 22.02, 9999.0, 9.7, 10.0, 21.75, 9999.0, 23.77, 9999.0, 117.68, 127.75, 120.25, 91.23, 138.5
2024-11-07, 09:34:39, 136.5, 58.3, 22.98, 22.02, 9999.0, 9.73, 10.0, 21.75, 9999.0, 23.75, 9999.0, 117.7, 127.75, 120.25, 91.23, 138.5
2024-11-07, 09:34:43, 136.5, 58.3, 22.98, 22.02, 9999.0, 9.75, 10.0, 21.75, 9999.0, 23.75, 9999.0, 117.73, 127.75, 120.25, 91.23, 138.5
2024-11-07, 09:34:47, 136.5, 58.3, 22.98, 22.02, 9999.0, 9.77, 10.0, 21.75, 9999.0, 23.77, 9999.0, 117.75, 127.75, 120.25, 91.23, 138.5
2024-11-07, 09:34:51, 136.5, 58.3, 22.98, 22.02, 9999.0, 9.8, 10.0, 21.75, 9999.0, 23.77, 9999.0, 117.75, 127.75, 120.25, 91.23, 138.5
2024-11-07, 09:34:55, 136.5, 58.32, 22.98, 22.0, 9999.0, 9.77, 10.0, 21.75, 9999.0, 23.8, 9999.0, 117.77, 127.75, 120.25, 91.23, 138.5
2024-11-07, 09:34:59, 136.5, 58.34, 22.95, 22.0, 9999.0, 9.77, 10.0, 21.75, 9999.0, 23.82, 9999.0, 117.77, 127.75, 120.25, 91.23, 138.5
2024-11-07, 09:35:03, 136.5, 58.34, 22.93, 22.0, 9999.0, 9.77, 10.0, 21.75, 9999.0, 23.86, 9999.0, 117.8, 127.75, 120.25, 91.23, 138.5
2024-11-07, 09:35:07, 136.5, 58.34, 22.91, 22.0, 9999.0, 9.73, 10.0, 21.75, 9999.0, 23.89, 9999.0, 117.82, 127.75, 120.25, 91.25, 138.5
2024-11-07, 09:35:11, 136.48, 58.32, 22.89, 22.0, 9999.0, 9.68, 10.0, 21.75, 9999.0, 23.91, 9999.0, 117.82, 127.75, 120.25, 91.25, 138.5
2024-11-07, 09:35:15, 136.48, 58.3, 22.89, 22.0, 9999.0, 9.66, 10.0, 21.75, 9999.0, 23.93, 9999.0, 117.82, 127.75, 120.25, 91.25, 138.5
2024-11-07, 09:35:19, 136.48, 58.3, 22.89, 22.0, 9999.0, 9.64, 10.0, 21.75, 9999.0, 23.95, 9999.0, 117.82, 127.75, 120.25, 91.25, 138.5
2024-11-07, 09:35:23, 136.48, 58.3, 22.89, 22.0, 9999.0, 9.61, 10.0, 21.75, 9999.0, 23.98, 9999.0, 117.8, 127.75, 120.25, 91.25, 138.5
2024-11-07, 09:35:27, 136.48, 58.3, 22.86, 22.0, 9999.0, 9.59, 10.0, 21.75, 9999.0, 24.0, 9999.0, 117.75, 127.75, 120.25, 91.25, 138.5
2024-11-07, 09:35:31, 136.48, 58.3, 22.84, 22.0, 9999.0, 9.59, 10.0, 21.75, 9999.0, 24.0, 9999.0, 117.7, 127.75, 120.25, 91.25, 138.5
2024-11-07, 09:35:35, 136.48, 58.3, 22.84, 22.0, 9999.0, 9.59, 10.0, 21.73, 9999.0, 24.02, 9999.0, 117.68, 127.75, 120.25, 91.25, 138.5
2024-11-07, 09:35:39, 136.48, 58.27, 22.82, 22.0, 9999.0, 9.61, 10.0, 21.73, 9999.0, 24.0, 9999.0, 117.66, 127.75, 120.25, 91.25, 138.5
2024-11-07, 09:35:43, 136.48, 58.27, 22.82, 22.0, 9999.0, 9.61, 10.0, 21.73, 9999.0, 23.98, 9999.0, 117.64, 127.75, 120.25, 91.25, 138.5
2024-11-07, 09:35:47, 136.48, 58.27, 22.82, 22.0, 9999.0, 9.61, 10.0, 21.73, 9999.0, 23.93, 9999.0, 117.64, 127.75, 120.25, 91.25, 138.5
2024-11-07, 09:35:51, 136.48, 58.27, 22.82, 22.0, 9999.0, 9.64, 10.0, 21.73, 9999.0, 23.91, 9999.0, 117.64, 127.75, 120.25, 91.23, 138.5
2024-11-07, 09:35:55, 136.5, 58.27, 22.84, 22.0, 9999.0, 9.66, 10.0, 21.73, 9999.0, 23.89, 9999.0, 117.64, 127.75, 120.25, 91.2, 138.5
2024-11-07, 09:35:59, 136.5, 58.27, 22.84, 22.02, 9999.0, 9.68, 10.0, 21.73, 9999.0, 23.86, 9999.0, 117.66, 127.75, 120.25, 91.2, 138.5
2024-11-07, 09:36:03, 136.5, 58.27, 22.84, 22.05, 9999.0, 9.7, 10.0, 21.73, 9999.0, 23.84, 9999.0, 117.66, 127.75, 120.25, 91.2, 138.5
2024-11-07, 09:36:07, 136.5, 58.27, 22.82, 22.05, 9999.0, 9.73, 10.0, 21.73, 9999.0, 23.84, 9999.0, 117.66, 127.75, 120.25, 91.2, 138.5
2024-11-07, 09:36:11, 136.5, 58.27, 22.82, 22.05, 9999.0, 9.75, 10.0, 21.73, 9999.0, 23.84, 9999.0, 117.68, 127.75, 120.25, 91.2, 138.5
2024-11-07, 09:36:15, 136.5, 58.27, 22.82, 22.05, 9999.0, 9.75, 10.0, 21.73, 9999.0, 23.84, 9999.0, 117.7, 127.75, 120.25, 91.2, 138.5
2024-11-07, 09:36:19, 136.5, 58.27, 22.82, 22.07, 9999.0, 9.75, 10.0, 21.73, 9999.0, 23.86, 9999.0, 117.73, 127.75, 120.25, 91.2, 138.5
2024-11-07, 09:36:24, 136.5, 58.27, 22.82, 22.07, 9999.0, 9.75, 10.0, 21.73, 9999.0, 23.91, 9999.0, 117.75, 127.75, 120.25, 91.2, 138.5
2024-11-07, 09:36:28, 136.5, 58.25, 22.84, 22.07, 9999.0, 9.73, 10.0, 21.73, 9999.0, 23.93, 9999.0, 117.77, 127.75, 120.25, 91.2, 138.5
2024-11-07, 09:36:32, 136.5, 58.25, 22.84, 22.07, 9999.0, 9.7, 10.0, 21.73, 9999.0, 23.95, 9999.0, 117.77, 127.75, 120.25, 91.2, 138.5
2024-11-07, 09:36:36, 136.48, 58.25, 22.84, 22.07, 9999.0, 9.68, 10.0, 21.73, 9999.0, 23.98, 9999.0, 117.77, 127.75, 120.25, 91.2, 138.5
2024-11-07, 09:36:40, 136.48, 58.25, 22.84, 22.07, 9999.0, 9.66, 10.0, 21.73, 9999.0, 24.0, 9999.0, 117.77, 127.75, 120.25, 91.23, 138.5
2024-11-07, 09:36:44, 136.48, 58.25, 22.84, 22.05, 9999.0, 9.64, 10.0, 21.73, 9999.0, 24.02, 9999.0, 117.73, 127.75, 120.25, 91.23, 138.5
2024-11-07, 09:36:48, 136.48, 58.25, 22.82, 22.02, 9999.0, 9.64, 10.0, 21.73, 9999.0, 24.05, 9999.0, 117.73, 127.75, 120.25, 91.2, 138.5
2024-11-07, 09:36:52, 136.48, 58.25, 22.84, 22.02, 9999.0, 9.64, 10.0, 21.73, 9999.0, 24.05, 9999.0, 117.7, 127.75, 120.25, 91.2, 138.5
2024-11-07, 09:36:56, 136.48, 58.25, 22.86, 22.02, 9999.0, 9.64, 10.0, 21.73, 9999.0, 24.05, 9999.0, 117.68, 127.75, 120.25, 91.2, 138.5
2024-11-07, 09:37:00, 136.45, 58.25, 22.86, 22.02, 9999.0, 9.66, 10.0, 21.73, 9999.0, 24.05, 9999.0, 117.66, 127.75, 120.25, 91.2, 138.5
2024-11-07, 09:37:04, 136.45, 58.25, 22.89, 22.0, 9999.0, 9.68, 10.0, 21.75, 9999.0, 24.02, 9999.0, 117.64, 127.75, 120.25, 91.2, 138.5
2024-11-07, 09:37:08, 136.45, 58.27, 22.91, 22.0, 9999.0, 9.68, 10.0, 21.75, 9999.0, 24.0, 9999.0, 117.64, 127.75, 120.25, 91.2, 138.5
2024-11-07, 09:37:12, 136.45, 58.27, 22.89, 22.0, 9999.0, 9.7, 10.0, 21.75, 9999.0, 23.98, 9999.0, 117.64, 127.75, 120.25, 91.2, 138.5
2024-11-07, 09:37:16, 136.45, 58.27, 22.91, 22.0, 9999.0, 9.73, 10.0, 21.75, 9999.0, 23.98, 9999.0, 117.66, 127.75, 120.25, 91.2, 138.5
2024-11-07, 09:37:20, 136.48, 58.27, 22.93, 22.0, 9999.0, 9.75, 10.0, 21.75, 9999.0, 23.95, 9999.0, 117.68, 127.75, 120.25, 91.23, 138.5
2024-11-07, 09:37:24, 136.48, 58.27, 22.93, 22.0, 9999.0, 9.77, 10.0, 21.75, 9999.0, 23.93, 9999.0, 117.68, 127.75, 120.25, 91.23, 138.5
2024-11-07, 09:37:28, 136.48, 58.27, 22.93, 22.02, 9999.0, 9.8, 10.0, 21.75, 9999.0, 23.93, 9999.0, 117.7, 127.75, 120.25, 91.23, 138.5
2024-11-07, 09:37:32, 136.48, 58.27, 22.93, 22.02, 9999.0, 9.8, 10.0, 21.75, 9999.0, 23.93, 9999.0, 117.7, 127.75, 120.25, 91.25, 138.5
2024-11-07, 09:37:36, 136.48, 58.3, 22.93, 22.05, 9999.0, 9.8, 10.0, 21.73, 9999.0, 23.93, 9999.0, 117.73, 127.75, 120.25, 91.25, 138.5
2024-11-07, 09:37:40, 136.48, 58.3, 22.91, 22.07, 9999.0, 9.8, 10.0, 21.73, 9999.0, 23.95, 9999.0, 117.75, 127.75, 120.25, 91.25, 138.5
2024-11-07, 09:37:44, 136.5, 58.3, 22.91, 22.07, 9999.0, 9.77, 10.0, 21.73, 9999.0, 23.98, 9999.0, 117.77, 127.75, 120.25, 91.25, 138.5
2024-11-07, 09:37:48, 136.5, 58.32, 22.91, 22.09, 9999.0, 9.75, 10.0, 21.73, 9999.0, 23.98, 9999.0, 117.8, 127.75, 120.25, 91.25, 138.5
2024-11-07, 09:37:52, 136.5, 58.3, 22.91, 22.09, 9999.0, 9.73, 10.0, 21.73, 9999.0, 23.98, 9999.0, 117.8, 127.75, 120.23, 91.25, 138.5
2024-11-07, 09:37:56, 136.5, 58.3, 22.91, 22.09, 9999.0, 9.7, 10.0, 21.7, 9999.0, 24.0, 9999.0, 117.8, 127.75, 120.23, 91.25, 138.5
2024-11-07, 09:38:00, 136.5, 58.3, 22.89, 22.09, 9999.0, 9.68, 10.0, 21.7, 9999.0, 24.0, 9999.0, 117.77, 127.75, 120.23, 91.23, 138.5
2024-11-07, 09:38:04, 136.5, 58.3, 22.89, 22.11, 9999.0, 9.66, 10.0, 21.7, 9999.0, 24.02, 9999.0, 117.75, 127.75, 120.23, 91.23, 138.5
2024-11-07, 09:38:08, 136.5, 58.3, 22.89, 22.11, 9999.0, 9.66, 10.0, 21.68, 9999.0, 24.05, 9999.0, 117.73, 127.75, 120.23, 91.23, 138.5
2024-11-07, 09:38:12, 136.5, 58.3, 22.86, 22.09, 9999.0, 9.66, 10.0, 21.68, 9999.0, 24.02, 9999.0, 117.7, 127.75, 120.23, 91.23, 138.5
2024-11-07, 09:38:16, 136.5, 58.3, 22.86, 22.09, 9999.0, 9.66, 10.0, 21.68, 9999.0, 24.0, 9999.0, 117.68, 127.73, 120.23, 91.23, 138.48
2024-11-07, 09:38:20, 136.5, 58.27, 22.86, 22.07, 9999.0, 9.68, 10.0, 21.7, 9999.0, 23.98, 9999.0, 117.66, 127.73, 120.23, 91.23, 138.48
2024-11-07, 09:38:24, 136.5, 58.27, 22.89, 22.05, 9999.0, 9.68, 10.0, 21.7, 9999.0, 23.93, 9999.0, 117.66, 127.73, 120.23, 91.2, 138.48
2024-11-07, 09:38:28, 136.5, 58.27, 22.91, 22.07, 9999.0, 9.68, 10.0, 21.7, 9999.0, 23.89, 9999.0, 117.66, 127.73, 120.23, 91.2, 138.48
2024-11-07, 09:38:32, 136.5, 58.25, 22.91, 22.05, 9999.0, 9.68, 10.0, 21.7, 9999.0, 23.86, 9999.0, 117.66, 127.73, 120.23, 91.2, 138.48
2024-11-07, 09:38:36, 136.5, 58.25, 22.91, 22.05, 9999.0, 9.7, 10.0, 21.7, 9999.0, 23.84, 9999.0, 117.68, 127.73, 120.25, 91.2, 138.45
2024-11-07, 09:38:40, 136.5, 58.25, 22.91, 22.05, 9999.0, 9.73, 10.0, 21.73, 9999.0, 23.82, 9999.0, 117.7, 127.73, 120.25, 91.2, 138.45
2024-11-07, 09:38:44, 136.5, 58.25, 22.93, 22.05, 9999.0, 9.75, 10.0, 21.73, 9999.0, 23.82, 9999.0, 117.7, 127.73, 120.25, 91.23, 138.45
2024-11-07, 09:38:48, 136.5, 58.25, 22.93, 22.02, 9999.0, 9.77, 10.0, 21.73, 9999.0, 23.82, 9999.0, 117.7, 127.73, 120.25, 91.23, 138.45
2024-11-07, 09:38:52, 136.5, 58.25, 22.91, 22.02, 9999.0, 9.75, 10.0, 21.75, 9999.0, 23.82, 9999.0, 117.73, 127.73, 120.25, 91.23, 138.45
2024-11-07, 09:38:56, 136.5, 58.25, 22.91, 22.02, 9999.0, 9.75, 10.0, 21.75, 9999.0, 23.84, 9999.0, 117.75, 127.73, 120.25, 91.23, 138.45
2024-11-07, 09:39:00, 136.5, 58.25, 22.93, 22.02, 9999.0, 9.75, 10.0, 21.75, 9999.0, 23.86, 9999.0, 117.77, 127.75, 120.25, 91.23, 138.48
2024-11-07, 09:39:04, 136.5, 58.25, 22.91, 22.02, 9999.0, 9.73, 10.0, 21.75, 9999.0, 23.89, 9999.0, 117.8, 127.75, 120.23, 91.2, 138.48
2024-11-07, 09:39:08, 136.5, 58.25, 22.91, 22.02, 9999.0, 9.7, 10.0, 21.75, 9999.0, 23.91, 9999.0, 117.8, 127.75, 120.23, 91.23, 138.48
2024-11-07, 09:39:12, 136.5, 58.25, 22.91, 22.0, 9999.0, 9.7, 10.0, 21.75, 9999.0, 23.93, 9999.0, 117.8, 127.75, 120.23, 91.23, 138.48
2024-11-07, 09:39:16, 136.5, 58.25, 22.89, 22.0, 9999.0, 9.68, 10.0, 21.75, 9999.0, 23.95, 9999.0, 117.77, 127.75, 120.23, 91.23, 138.48
2024-11-07, 09:39:20, 136.5, 58.25, 22.89, 22.0, 9999.0, 9.66, 10.0, 21.75, 9999.0, 23.98, 9999.0, 117.75, 127.75, 120.23, 91.23, 138.5
2024-11-07, 09:39:24, 136.5, 58.25, 22.89, 22.0, 9999.0, 9.64, 10.0, 21.75, 9999.0, 23.98, 9999.0, 117.73, 127.75, 120.23, 91.2, 138.5
2024-11-07, 09:39:28, 136.5, 58.25, 22.86, 22.02, 9999.0, 9.64, 10.0, 21.75, 9999.0, 23.95, 9999.0, 117.7, 127.75, 120.23, 91.2, 138.5
2024-11-07, 09:39:32, 136.5, 58.25, 22.84, 22.05, 9999.0, 9.64, 10.0, 21.75, 9999.0, 23.93, 9999.0, 117.68, 127.75, 120.23, 91.2, 138.5
2024-11-07, 09:39:36, 136.5, 58.25, 22.84, 22.05, 9999.0, 9.66, 10.0, 21.75, 9999.0, 23.91, 9999.0, 117.66, 127.75, 120.23, 91.2, 138.5
2024-11-07, 09:39:40, 136.5, 58.25, 22.84, 22.05, 9999.0, 9.66, 10.0, 21.75, 9999.0, 23.89, 9999.0, 117.64, 127.75, 120.23, 91.2, 138.5
2024-11-07, 09:39:44, 136.5, 58.25, 22.82, 22.05, 9999.0, 9.68, 10.0, 21.75, 9999.0, 23.86, 9999.0, 117.64, 127.75, 120.23, 91.2, 138.5
2024-11-07, 09:39:48, 136.5, 58.25, 22.82, 22.05, 9999.0, 9.68, 10.0, 21.75, 9999.0, 23.84, 9999.0, 117.64, 127.75, 120.25, 91.2, 138.5
2024-11-07, 09:39:52, 136.5, 58.25, 22.82, 22.07, 9999.0, 9.7, 10.0, 21.75, 9999.0, 23.82, 9999.0, 117.64, 127.75, 120.25, 91.18, 138.5
2024-11-07, 09:39:57, 136.5, 58.25, 22.82, 22.07, 9999.0, 9.7, 10.0, 21.75, 9999.0, 23.8, 9999.0, 117.66, 127.75, 120.25, 91.18, 138.5
2024-11-07, 09:40:01, 136.5, 58.25, 22.82, 22.09, 9999.0, 9.73, 10.0, 21.75, 9999.0, 23.77, 9999.0, 117.68, 127.75, 120.25, 91.18, 138.5
2024-11-07, 09:40:05, 136.5, 58.25, 22.82, 22.09, 9999.0, 9.75, 10.0, 21.75, 9999.0, 23.77, 9999.0, 117.7, 127.75, 120.25, 91.18, 138.48
2024-11-07, 09:40:09, 136.5, 58.25, 22.82, 22.09, 9999.0, 9.77, 10.0, 21.75, 9999.0, 23.8, 9999.0, 117.7, 127.75, 120.23, 91.2, 138.48
2024-11-07, 09:40:13, 136.48, 58.27, 22.84, 22.07, 9999.0, 9.75, 10.0, 21.75, 9999.0, 23.82, 9999.0, 117.73, 127.75, 120.23, 91.18, 138.48
2024-11-07, 09:40:17, 136.48, 58.27, 22.86, 22.05, 9999.0, 9.75, 10.0, 21.75, 9999.0, 23.86, 9999.0, 117.75, 127.75, 120.23, 91.16, 138.48
2024-11-07, 09:40:21, 136.48, 58.27, 22.89, 22.05, 9999.0, 9.73, 10.0, 21.75, 9999.0, 23.89, 9999.0, 117.77, 127.75, 120.23, 91.16, 138.48
2024-11-07, 09:40:25, 136.48, 58.27, 22.91, 22.05, 9999.0, 9.7, 10.0, 21.75, 9999.0, 23.91, 9999.0, 117.8, 127.75, 120.23, 91.16, 138.48
2024-11-07, 09:40:29, 136.48, 58.27, 22.93, 22.05, 9999.0, 9.66, 10.0, 21.75, 9999.0, 23.93, 9999.0, 117.8, 127.75, 120.23, 91.16, 138.48
2024-11-07, 09:40:33, 136.48, 58.3, 22.95, 22.05, 9999.0, 9.64, 10.0, 21.75, 9999.0, 23.95, 9999.0, 117.8, 127.75, 120.23, 91.16, 138.48
2024-11-07, 09:40:37, 136.48, 58.3, 22.95, 22.02, 9999.0, 9.61, 10.0, 21.75, 9999.0, 23.98, 9999.0, 117.77, 127.75, 120.23, 91.18, 138.48
2024-11-07, 09:40:41, 136.48, 58.32, 22.95, 22.02, 9999.0, 9.59, 10.0, 21.75, 9999.0, 24.0, 9999.0, 117.73, 127.75, 120.23, 91.16, 138.48
2024-11-07, 09:40:45, 136.48, 58.32, 22.98, 22.0, 9999.0, 9.59, 10.0, 21.75, 9999.0, 24.0, 9999.0, 117.7, 127.75, 120.23, 91.16, 138.48
2024-11-07, 09:40:49, 136.48, 58.32, 22.95, 22.0, 9999.0, 9.59, 10.0, 21.75, 9999.0, 23.98, 9999.0, 117.66, 127.75, 120.23, 91.16, 138.5
2024-11-07, 09:40:53, 136.48, 58.32, 22.95, 22.0, 9999.0, 9.59, 10.0, 21.75, 9999.0, 23.98, 9999.0, 117.64, 127.75, 120.25, 91.16, 138.5
2024-11-07, 09:40:57, 136.5, 58.3, 22.93, 22.0, 9999.0, 9.61, 10.0, 21.75, 9999.0, 23.98, 9999.0, 117.61, 127.75, 120.25, 91.16, 138.5
2024-11-07, 09:41:01, 136.48, 58.3, 22.93, 22.02, 9999.0, 9.64, 10.0, 21.75, 9999.0, 23.95, 9999.0, 117.59, 127.75, 120.25, 91.18, 138.5
2024-11-07, 09:41:05, 136.48, 58.3, 22.93, 22.02, 9999.0, 9.68, 10.0, 21.75, 9999.0, 23.95, 9999.0, 117.59, 127.75, 120.25, 91.16, 138.5
2024-11-07, 09:41:09, 136.48, 58.3, 22.91, 22.02, 9999.0, 9.7, 10.0, 21.75, 9999.0, 23.95, 9999.0, 117.57, 127.75, 120.25, 91.16, 138.48
2024-11-07, 09:41:13, 136.45, 58.3, 22.89, 22.05, 9999.0, 9.73, 10.0, 21.75, 9999.0, 23.93, 9999.0, 117.57, 127.75, 120.25, 91.14, 138.48
2024-11-07, 09:41:17, 136.45, 58.3, 22.89, 22.05, 9999.0, 9.75, 10.0, 21.75, 9999.0, 23.91, 9999.0, 117.57, 127.75, 120.25, 91.16, 138.48
2024-11-07, 09:41:21, 136.45, 58.3, 22.89, 22.07, 9999.0, 9.77, 10.0, 21.75, 9999.0, 23.89, 9999.0, 117.61, 127.75, 120.25, 91.16, 138.45
2024-11-07, 09:41:25, 136.45, 58.27, 22.89, 22.07, 9999.0, 9.8, 10.0, 21.75, 9999.0, 23.89, 9999.0, 117.64, 127.75, 120.25, 91.18, 138.43
2024-11-07, 09:41:29, 136.45, 58.27, 22.86, 22.09, 9999.0, 9.77, 10.0, 21.75, 9999.0, 23.91, 9999.0, 117.66, 127.75, 120.25, 91.18, 138.41
2024-11-07, 09:41:33, 136.45, 58.27, 22.89, 22.09, 9999.0, 9.77, 10.0, 21.75, 9999.0, 23.95, 9999.0, 117.68, 127.75, 120.25, 91.18, 138.39
2024-11-07, 09:41:37, 136.45, 58.27, 22.91, 22.09, 9999.0, 9.77, 10.0, 21.75, 9999.0, 23.98, 9999.0, 117.7, 127.75, 120.25, 91.18, 138.39
2024-11-07, 09:41:41, 136.45, 58.27, 22.93, 22.09, 9999.0, 9.75, 10.0, 21.75, 9999.0, 24.0, 9999.0, 117.73, 127.75, 120.25, 91.2, 138.39
2024-11-07, 09:41:45, 136.48, 58.27, 22.91, 22.07, 9999.0, 9.7, 10.0, 21.75, 9999.0, 24.0, 9999.0, 117.75, 127.75, 120.25, 91.2, 138.39
2024-11-07, 09:41:49, 136.45, 58.27, 22.91, 22.09, 9999.0, 9.66, 10.0, 21.75, 9999.0, 24.0, 9999.0, 117.73, 127.75, 120.25, 91.23, 138.39
2024-11-07, 09:41:53, 136.45, 58.27, 22.93, 22.11, 9999.0, 9.64, 10.0, 21.75, 9999.0, 24.0, 9999.0, 117.73, 127.75, 120.23, 91.23, 138.39
2024-11-07, 09:41:57, 136.48, 58.27, 22.95, 22.09, 9999.0, 9.61, 10.0, 21.75, 9999.0, 24.02, 9999.0, 117.7, 127.75, 120.23, 91.25, 138.39
2024-11-07, 09:42:01, 136.48, 58.25, 22.93, 22.09, 9999.0, 9.59, 10.0, 21.75, 9999.0, 24.05, 9999.0, 117.68, 127.75, 120.2, 91.25, 138.39
2024-11-07, 09:42:05, 136.48, 58.25, 22.91, 22.09, 9999.0, 9.59, 10.0, 21.75, 9999.0, 24.07, 9999.0, 117.64, 127.75, 120.2, 91.25, 138.41
2024-11-07, 09:42:09, 136.45, 58.25, 22.89, 22.11, 9999.0, 9.59, 10.0, 21.75, 9999.0, 24.07, 9999.0, 117.61, 127.75, 120.2, 91.25, 138.43
2024-11-07, 09:42:13, 136.45, 58.25, 22.91, 22.11, 9999.0, 9.61, 10.0, 21.75, 9999.0, 24.05, 9999.0, 117.59, 127.75, 120.2, 91.25, 138.45
2024-11-07, 09:42:17, 136.43, 58.25, 22.91, 22.11, 9999.0, 9.64, 10.0, 21.75, 9999.0, 24.0, 9999.0, 117.57, 127.73, 120.2, 91.25, 138.45
2024-11-07, 09:42:21, 136.43, 58.25, 22.89, 22.11, 9999.0, 9.64, 10.0, 21.75, 9999.0, 23.98, 9999.0, 117.57, 127.73, 120.2, 91.23, 138.45
2024-11-07, 09:42:25, 136.41, 58.25, 22.89, 22.11, 9999.0, 9.66, 10.0, 21.75, 9999.0, 23.93, 9999.0, 117.57, 127.73, 120.2, 91.2, 138.45
2024-11-07, 09:42:29, 136.41, 58.25, 22.89, 22.11, 9999.0, 9.68, 10.0, 21.75, 9999.0, 23.91, 9999.0, 117.57, 127.73, 120.2, 91.2, 138.45
2024-11-07, 09:42:33, 136.43, 58.25, 22.89, 22.09, 9999.0, 9.7, 10.0, 21.75, 9999.0, 23.89, 9999.0, 117.59, 127.73, 120.2, 91.2, 138.45
2024-11-07, 09:42:37, 136.41, 58.25, 22.89, 22.07, 9999.0, 9.73, 10.0, 21.75, 9999.0, 23.86, 9999.0, 117.64, 127.73, 120.2, 91.2, 138.48
2024-11-07, 09:42:41, 136.41, 58.25, 22.89, 22.07, 9999.0, 9.75, 10.0, 21.75, 9999.0, 23.86, 9999.0, 117.66, 127.73, 120.2, 91.18, 138.48
2024-11-07, 09:42:45, 136.41, 58.25, 22.89, 22.09, 9999.0, 9.77, 10.0, 21.75, 9999.0, 23.86, 9999.0, 117.68, 127.73, 120.23, 91.18, 138.48
2024-11-07, 09:42:49, 136.41, 58.25, 22.91, 22.07, 9999.0, 9.77, 10.0, 21.75, 9999.0, 23.86, 9999.0, 117.7, 127.73, 120.23, 91.18, 138.48
2024-11-07, 09:42:53, 136.43, 58.27, 22.91, 22.05, 9999.0, 9.77, 10.0, 21.75, 9999.0, 23.89, 9999.0, 117.73, 127.73, 120.23, 91.18, 138.48
2024-11-07, 09:42:57, 136.43, 58.27, 22.91, 22.02, 9999.0, 9.75, 10.0, 21.75, 9999.0, 23.93, 9999.0, 117.75, 127.73, 120.23, 91.18, 138.48
2024-11-07, 09:43:01, 136.45, 58.27, 22.89, 22.05, 9999.0, 9.7, 10.0, 21.73, 9999.0, 23.98, 9999.0, 117.77, 127.75, 120.23, 91.18, 138.48
2024-11-07, 09:43:05, 136.45, 58.27, 22.91, 22.05, 9999.0, 9.68, 10.0, 21.73, 9999.0, 24.0, 9999.0, 117.77, 127.75, 120.23, 91.2, 138.48
2024-11-07, 09:43:09, 136.48, 58.27, 22.91, 22.05, 9999.0, 9.66, 10.0, 21.73, 9999.0, 24.05, 9999.0, 117.75, 127.75, 120.23, 91.23, 138.48
2024-11-07, 09:43:13, 136.48, 58.27, 22.91, 22.05, 9999.0, 9.64, 10.0, 21.73, 9999.0, 24.07, 9999.0, 117.73, 127.75, 120.23, 91.23, 138.48
2024-11-07, 09:43:17, 136.45, 58.27, 22.89, 22.05, 9999.0, 9.61, 10.0, 21.73, 9999.0, 24.09, 9999.0, 117.7, 127.75, 120.23, 91.23, 138.48
2024-11-07, 09:43:21, 136.48, 58.27, 22.86, 22.05, 9999.0, 9.59, 10.0, 21.73, 9999.0, 24.11, 9999.0, 117.66, 127.75, 120.25, 91.23, 138.48
2024-11-07, 09:43:25, 136.45, 58.27, 22.86, 22.05, 9999.0, 9.59, 10.0, 21.73, 9999.0, 24.11, 9999.0, 117.64, 127.75, 120.25, 91.25, 138.48
2024-11-07, 09:43:30, 136.45, 58.27, 22.86, 22.02, 9999.0, 9.59, 10.0, 21.73, 9999.0, 24.11, 9999.0, 117.61, 127.75, 120.25, 91.25, 138.48
2024-11-07, 09:43:34, 136.43, 58.27, 22.84, 22.02, 9999.0, 9.61, 10.0, 21.7, 9999.0, 24.11, 9999.0, 117.59, 127.75, 120.23, 91.25, 138.48
2024-11-07, 09:43:38, 136.43, 58.25, 22.84, 22.02, 9999.0, 9.64, 10.0, 21.7, 9999.0, 24.09, 9999.0, 117.57, 127.75, 120.23, 91.25, 138.48
2024-11-07, 09:43:42, 136.43, 58.25, 22.82, 22.02, 9999.0, 9.66, 10.0, 21.7, 9999.0, 24.07, 9999.0, 117.57, 127.75, 120.2, 91.23, 138.48
2024-11-07, 09:43:46, 136.43, 58.25, 22.84, 22.0, 9999.0, 9.68, 10.0, 21.73, 9999.0, 24.05, 9999.0, 117.57, 127.75, 120.2, 91.23, 138.5
2024-11-07, 09:43:50, 136.43, 58.25, 22.82, 22.02, 9999.0, 9.7, 10.0, 21.73, 9999.0, 24.02, 9999.0, 117.57, 127.75, 120.2, 91.23, 138.5
2024-11-07, 09:43:54, 136.43, 58.25, 22.82, 22.02, 9999.0, 9.73, 10.0, 21.73, 9999.0, 24.0, 9999.0, 117.59, 127.75, 120.2, 91.23, 138.48
2024-11-07, 09:43:58, 136.43, 58.25, 22.84, 22.02, 9999.0, 9.75, 10.0, 21.73, 9999.0, 23.98, 9999.0, 117.61, 127.75, 120.2, 91.23, 138.48
2024-11-07, 09:44:02, 136.45, 58.25, 22.84, 22.02, 9999.0, 9.77, 10.0, 21.73, 9999.0, 23.98, 9999.0, 117.64, 127.75, 120.18, 91.23, 138.45
2024-11-07, 09:44:06, 136.45, 58.25, 22.86, 22.02, 9999.0, 9.8, 10.0, 21.7, 9999.0, 23.98, 9999.0, 117.66, 127.75, 120.18, 91.23, 138.45
2024-11-07, 09:44:10, 136.48, 58.25, 22.86, 22.02, 9999.0, 9.8, 10.0, 21.68, 9999.0, 24.0, 9999.0, 117.68, 127.75, 120.18, 91.23, 138.45
2024-11-07, 09:44:14, 136.48, 58.25, 22.86, 22.02, 9999.0, 9.77, 10.0, 21.68, 9999.0, 24.02, 9999.0, 117.7, 127.75, 120.16, 91.23, 138.45
2024-11-07, 09:44:18, 136.5, 58.25, 22.89, 22.05, 9999.0, 9.73, 10.0, 21.7, 9999.0, 24.05, 9999.0, 117.73, 127.75, 120.18, 91.2, 138.45
2024-11-07, 09:44:22, 136.5, 58.27, 22.89, 22.05, 9999.0, 9.68, 10.0, 21.7, 9999.0, 24.07, 9999.0, 117.75, 127.75, 120.18, 91.2, 138.43
2024-11-07, 09:44:26, 136.48, 58.27, 22.91, 22.05, 9999.0, 9.66, 10.0, 21.7, 9999.0, 24.07, 9999.0, 117.75, 127.75, 120.2, 91.23, 138.41
2024-11-07, 09:44:30, 136.48, 58.27, 22.91, 22.05, 9999.0, 9.64, 10.0, 21.7, 9999.0, 24.07, 9999.0, 117.75, 127.75, 120.18, 91.23, 138.41
2024-11-07, 09:44:34, 136.48, 58.27, 22.93, 22.02, 9999.0, 9.61, 10.0, 21.7, 9999.0, 24.07, 9999.0, 117.73, 127.75, 120.18, 91.23, 138.41
2024-11-07, 09:44:38, 136.48, 58.27, 22.93, 22.02, 9999.0, 9.59, 10.0, 21.7, 9999.0, 24.07, 9999.0, 117.7, 127.75, 120.18, 91.23, 138.43
2024-11-07, 09:44:42, 136.48, 58.27, 22.91, 22.02, 9999.0, 9.59, 10.0, 21.7, 9999.0, 24.07, 9999.0, 117.68, 127.75, 120.16, 91.23, 138.43
2024-11-07, 09:44:46, 136.48, 58.3, 22.91, 22.02, 9999.0, 9.59, 10.0, 21.68, 9999.0, 24.07, 9999.0, 117.66, 127.75, 120.16, 91.23, 138.45
2024-11-07, 09:44:50, 136.48, 58.3, 22.91, 22.02, 9999.0, 9.59, 10.0, 21.68, 9999.0, 24.07, 9999.0, 117.64, 127.75, 120.16, 91.23, 138.45
2024-11-07, 09:44:54, 136.45, 58.3, 22.89, 22.02, 9999.0, 9.61, 10.0, 21.7, 9999.0, 24.05, 9999.0, 117.61, 127.75, 120.16, 91.23, 138.45
2024-11-07, 09:44:58, 136.45, 58.3, 22.91, 22.02, 9999.0, 9.64, 10.0, 21.7, 9999.0, 24.02, 9999.0, 117.61, 127.75, 120.18, 91.23, 138.43
2024-11-07, 09:45:02, 136.45, 58.3, 22.91, 22.0, 9999.0, 9.66, 10.0, 21.7, 9999.0, 23.98, 9999.0, 117.61, 127.75, 120.18, 91.25, 138.41
2024-11-07, 09:45:06, 136.45, 58.27, 22.91, 22.0, 9999.0, 9.68, 10.0, 21.7, 9999.0, 23.93, 9999.0, 117.61, 127.75, 120.18, 91.25, 138.43
2024-11-07, 09:45:10, 136.48, 58.27, 22.89, 22.0, 9999.0, 9.7, 10.0, 21.7, 9999.0, 23.91, 9999.0, 117.64, 127.75, 120.18, 91.25, 138.45
2024-11-07, 09:45:14, 136.48, 58.3, 22.89, 22.0, 9999.0, 9.73, 10.0, 21.68, 9999.0, 23.89, 9999.0, 117.64, 127.75, 120.2, 91.25, 138.45
2024-11-07, 09:45:18, 136.48, 58.3, 22.86, 22.0, 9999.0, 9.75, 10.0, 21.68, 9999.0, 23.89, 9999.0, 117.66, 127.75, 120.2, 91.25, 138.45
2024-11-07, 09:45:22, 136.48, 58.3, 22.84, 22.0, 9999.0, 9.77, 10.0, 21.68, 9999.0, 23.89, 9999.0, 117.68, 127.75, 120.2, 91.23, 138.45
2024-11-07, 09:45:26, 136.45, 58.3, 22.86, 22.0, 9999.0, 9.77, 10.0, 21.68, 9999.0, 23.91, 9999.0, 117.7, 127.75, 120.23, 91.23, 138.45
2024-11-07, 09:45:30, 136.45, 58.27, 22.86, 22.0, 9999.0, 9.75, 10.0, 21.7, 9999.0, 23.93, 9999.0, 117.73, 127.75, 120.25, 91.23, 138.45
2024-11-07, 09:45:34, 136.45, 58.3, 22.84, 22.0, 9999.0, 9.73, 10.0, 21.7, 9999.0, 23.95, 9999.0, 117.75, 127.75, 120.25, 91.2, 138.45
2024-11-07, 09:45:38, 136.48, 58.3, 22.84, 22.0, 9999.0, 9.68, 10.0, 21.7, 9999.0, 23.98, 9999.0, 117.77, 127.75, 120.25, 91.2, 138.45
2024-11-07, 09:45:42, 136.48, 58.3, 22.84, 22.0, 9999.0, 9.66, 10.0, 21.7, 9999.0, 24.0, 9999.0, 117.77, 127.75, 120.25, 91.2, 138.48
2024-11-07, 09:45:46, 136.48, 58.3, 22.82, 22.0, 9999.0, 9.64, 10.0, 21.7, 9999.0, 24.05, 9999.0, 117.75, 127.75, 120.25, 91.2, 138.48
2024-11-07, 09:45:50, 136.48, 58.3, 22.84, 22.0, 9999.0, 9.61, 10.0, 21.7, 9999.0, 24.09, 9999.0, 117.73, 127.75, 120.25, 91.2, 138.45
2024-11-07, 09:45:54, 136.48, 58.3, 22.86, 22.0, 9999.0, 9.59, 10.0, 21.7, 9999.0, 24.11, 9999.0, 117.68, 127.75, 120.25, 91.2, 138.45
2024-11-07, 09:45:58, 136.48, 58.27, 22.84, 22.0, 9999.0, 9.59, 10.0, 21.7, 9999.0, 24.14, 9999.0, 117.66, 127.75, 120.25, 91.2, 138.43
2024-11-07, 09:46:02, 136.48, 58.27, 22.84, 22.0, 9999.0, 9.59, 10.0, 21.7, 9999.0, 24.14, 9999.0, 117.64, 127.75, 120.25, 91.2, 138.43
2024-11-07, 09:46:06, 136.45, 58.27, 22.84, 22.0, 9999.0, 9.59, 10.0, 21.7, 9999.0, 24.14, 9999.0, 117.61, 127.75, 120.25, 91.23, 138.43
2024-11-07, 09:46:10, 136.48, 58.27, 22.82, 22.0, 9999.0, 9.59, 10.0, 21.7, 9999.0, 24.14, 9999.0, 117.59, 127.75, 120.25, 91.23, 138.41
2024-11-07, 09:46:14, 136.48, 58.27, 22.82, 22.0, 9999.0, 9.61, 10.0, 21.7, 9999.0, 24.11, 9999.0, 117.57, 127.75, 120.25, 91.23, 138.41
2024-11-07, 09:46:18, 136.48, 58.25, 22.82, 22.0, 9999.0, 9.64, 10.0, 21.73, 9999.0, 24.09, 9999.0, 117.57, 127.73, 120.25, 91.25, 138.39
2024-11-07, 09:46:22, 136.48, 58.25, 22.82, 22.0, 9999.0, 9.66, 10.0, 21.73, 9999.0, 24.07, 9999.0, 117.57, 127.73, 120.25, 91.25, 138.36
2024-11-07, 09:46:26, 136.48, 58.25, 22.8, 22.0, 9999.0, 9.68, 10.0, 21.73, 9999.0, 24.05, 9999.0, 117.57, 127.73, 120.25, 91.25, 138.34
2024-11-07, 09:46:30, 136.48, 58.25, 22.8, 22.0, 9999.0, 9.7, 10.0, 21.73, 9999.0, 24.02, 9999.0, 117.61, 127.73, 120.25, 91.25, 138.36
2024-11-07, 09:46:34, 136.48, 58.25, 22.77, 22.0, 9999.0, 9.73, 10.0, 21.73, 9999.0, 24.0, 9999.0, 117.64, 127.73, 120.25, 91.25, 138.39
2024-11-07, 09:46:38, 136.45, 58.25, 22.75, 22.0, 9999.0, 9.75, 10.0, 21.73, 9999.0, 24.02, 9999.0, 117.66, 127.73, 120.25, 91.25, 138.39
2024-11-07, 09:46:42, 136.45, 58.25, 22.75, 22.0, 9999.0, 9.75, 10.0, 21.75, 9999.0, 24.02, 9999.0, 117.68, 127.73, 120.25, 91.25, 138.39
2024-11-07, 09:46:46, 136.45, 58.25, 22.75, 22.0, 9999.0, 9.75, 10.0, 21.75, 9999.0, 24.05, 9999.0, 117.7, 127.73, 120.25, 91.25, 138.39
2024-11-07, 09:46:50, 136.48, 58.25, 22.75, 22.0, 9999.0, 9.75, 10.0, 21.75, 9999.0, 24.07, 9999.0, 117.73, 127.73, 120.25, 91.25, 138.36
2024-11-07, 09:46:54, 136.48, 58.25, 22.75, 22.0, 9999.0, 9.73, 10.0, 21.75, 9999.0, 24.09, 9999.0, 117.75, 127.73, 120.25, 91.25, 138.36
2024-11-07, 09:46:58, 136.48, 58.25, 22.75, 22.0, 9999.0, 9.7, 10.0, 21.75, 9999.0, 24.11, 9999.0, 117.77, 127.73, 120.25, 91.25, 138.34
2024-11-07, 09:47:03, 136.48, 58.25, 22.75, 22.0, 9999.0, 9.68, 10.0, 21.75, 9999.0, 24.14, 9999.0, 117.75, 127.75, 120.25, 91.23, 138.36
2024-11-07, 09:47:07, 136.45, 58.25, 22.75, 22.0, 9999.0, 9.66, 10.0, 21.75, 9999.0, 24.16, 9999.0, 117.73, 127.75, 120.25, 91.23, 138.39
2024-11-07, 09:47:11, 136.45, 58.25, 22.75, 22.0, 9999.0, 9.64, 10.0, 21.75, 9999.0, 24.18, 9999.0, 117.7, 127.75, 120.23, 91.23, 138.39
2024-11-07, 09:47:15, 136.43, 58.25, 22.75, 22.0, 9999.0, 9.61, 10.0, 21.75, 9999.0, 24.2, 9999.0, 117.66, 127.75, 120.23, 91.23, 138.39
2024-11-07, 09:47:19, 136.43, 58.25, 22.75, 22.0, 9999.0, 9.61, 10.0, 21.73, 9999.0, 24.2, 9999.0, 117.64, 127.75, 120.23, 91.23, 138.36
2024-11-07, 09:47:23, 136.45, 58.25, 22.75, 22.0, 9999.0, 9.61, 10.0, 21.73, 9999.0, 24.18, 9999.0, 117.61, 127.75, 120.23, 91.23, 138.34
2024-11-07, 09:47:27, 136.45, 58.25, 22.75, 22.0, 9999.0, 9.61, 10.0, 21.73, 9999.0, 24.2, 9999.0, 117.59, 127.75, 120.23, 91.23, 138.34
2024-11-07, 09:47:31, 136.45, 58.25, 22.75, 22.0, 9999.0, 9.64, 10.0, 21.73, 9999.0, 24.18, 9999.0, 117.57, 127.73, 120.23, 91.23, 138.32
2024-11-07, 09:47:35, 136.45, 58.25, 22.75, 22.0, 9999.0, 9.64, 10.0, 21.73, 9999.0, 24.16, 9999.0, 117.57, 127.73, 120.23, 91.2, 138.34
2024-11-07, 09:47:39, 136.45, 58.25, 22.75, 22.0, 9999.0, 9.66, 10.0, 21.73, 9999.0, 24.14, 9999.0, 117.57, 127.73, 120.23, 91.2, 138.36
2024-11-07, 09:47:43, 136.45, 58.25, 22.75, 22.0, 9999.0, 9.68, 10.0, 21.73, 9999.0, 24.11, 9999.0, 117.57, 127.73, 120.23, 91.2, 138.36
2024-11-07, 09:47:47, 136.45, 58.25, 22.75, 22.0, 9999.0, 9.7, 10.0, 21.73, 9999.0, 24.09, 9999.0, 117.61, 127.73, 120.23, 91.23, 138.34
2024-11-07, 09:47:51, 136.48, 58.25, 22.75, 22.0, 9999.0, 9.73, 10.0, 21.73, 9999.0, 24.05, 9999.0, 117.64, 127.73, 120.23, 91.23, 138.32
2024-11-07, 09:47:55, 136.48, 58.25, 22.75, 22.0, 9999.0, 9.75, 10.0, 21.73, 9999.0, 24.02, 9999.0, 117.66, 127.73, 120.25, 91.23, 138.32
2024-11-07, 09:47:59, 136.5, 58.25, 22.75, 22.0, 9999.0, 9.77, 10.0, 21.73, 9999.0, 24.0, 9999.0, 117.68, 127.73, 120.25, 91.23, 138.3
2024-11-07, 09:48:03, 136.5, 58.25, 22.75, 22.0, 9999.0, 9.77, 10.0, 21.75, 9999.0, 24.0, 9999.0, 117.7, 127.73, 120.25, 91.23, 138.3
2024-11-07, 09:48:07, 136.5, 58.25, 22.75, 22.0, 9999.0, 9.75, 10.0, 21.75, 9999.0, 24.02, 9999.0, 117.73, 127.73, 120.25, 91.23, 138.3
2024-11-07, 09:48:11, 136.5, 58.27, 22.75, 22.0, 9999.0, 9.73, 10.0, 21.73, 9999.0, 24.0, 9999.0, 117.75, 127.73, 120.25, 91.23, 138.32
2024-11-07, 09:48:15, 136.5, 58.27, 22.75, 22.0, 9999.0, 9.68, 10.0, 21.73, 9999.0, 24.0, 9999.0, 117.77, 127.75, 120.25, 91.23, 138.34
2024-11-07, 09:48:19, 136.5, 58.27, 22.75, 22.0, 9999.0, 9.66, 10.0, 21.73, 9999.0, 24.0, 9999.0, 117.77, 127.75, 120.25, 91.25, 138.32
2024-11-07, 09:48:23, 136.5, 58.27, 22.75, 22.0, 9999.0, 9.64, 10.0, 21.73, 9999.0, 24.0, 9999.0, 117.75, 127.75, 120.25, 91.25, 138.32
2024-11-07, 09:48:27, 136.5, 58.3, 22.75, 22.0, 9999.0, 9.61, 10.0, 21.73, 9999.0, 24.0, 9999.0, 117.73, 127.75, 120.25, 91.25, 138.32
2024-11-07, 09:48:31, 136.5, 58.32, 22.75, 22.0, 9999.0, 9.59, 10.0, 21.73, 9999.0, 24.0, 9999.0, 117.68, 127.75, 120.25, 91.25, 138.32
2024-11-07, 09:48:35, 136.5, 58.32, 22.75, 22.0, 9999.0, 9.57, 10.0, 21.73, 9999.0, 24.0, 9999.0, 117.66, 127.75, 120.25, 91.25, 138.32
2024-11-07, 09:48:39, 136.5, 58.32, 22.75, 22.0, 9999.0, 9.57, 10.0, 21.73, 9999.0, 23.98, 9999.0, 117.64, 127.75, 120.25, 91.25, 138.34
2024-11-07, 09:48:43, 136.5, 58.32, 22.75, 22.0, 9999.0, 9.57, 10.0, 21.7, 9999.0, 23.98, 9999.0, 117.61, 127.75, 120.25, 91.25, 138.34
2024-11-07, 09:48:47, 136.5, 58.34, 22.75, 22.0, 9999.0, 9.57, 10.0, 21.7, 9999.0, 23.98, 9999.0, 117.59, 127.75, 120.25, 91.25, 138.36
2024-11-07, 09:48:51, 136.5, 58.34, 22.75, 22.0, 9999.0, 9.59, 10.0, 21.7, 9999.0, 23.93, 9999.0, 117.57, 127.73, 120.25, 91.23, 138.39
2024-11-07, 09:48:55, 136.5, 58.32, 22.75, 22.0, 9999.0, 9.61, 10.0, 21.73, 9999.0, 23.93, 9999.0, 117.57, 127.7, 120.25, 91.23, 138.36
2024-11-07, 09:48:59, 136.5, 58.32, 22.75, 22.0, 9999.0, 9.64, 10.0, 21.73, 9999.0, 23.91, 9999.0, 117.57, 127.68, 120.25, 91.23, 138.34
2024-11-07, 09:49:03, 136.5, 58.32, 22.75, 22.0, 9999.0, 9.66, 10.0, 21.73, 9999.0, 23.89, 9999.0, 117.59, 127.68, 120.25, 91.23, 138.36
2024-11-07, 09:49:07, 136.5, 58.34, 22.75, 22.0, 9999.0, 9.68, 10.0, 21.73, 9999.0, 23.86, 9999.0, 117.61, 127.68, 120.25, 91.23, 138.34
2024-11-07, 09:49:11, 136.5, 58.32, 22.75, 22.0, 9999.0, 9.7, 10.0, 21.73, 9999.0, 23.84, 9999.0, 117.64, 127.68, 120.25, 91.23, 138.36
2024-11-07, 09:49:15, 136.5, 58.3, 22.75, 22.0, 9999.0, 9.73, 10.0, 21.73, 9999.0, 23.84, 9999.0, 117.66, 127.68, 120.25, 91.2, 138.36
2024-11-07, 09:49:19, 136.5, 58.3, 22.75, 22.0, 9999.0, 9.75, 10.0, 21.73, 9999.0, 23.86, 9999.0, 117.68, 127.68, 120.25, 91.2, 138.39
2024-11-07, 09:49:23, 136.5, 58.32, 22.75, 22.0, 9999.0, 9.75, 10.0, 21.73, 9999.0, 23.89, 9999.0, 117.7, 127.68, 120.25, 91.2, 138.36
2024-11-07, 09:49:27, 136.5, 58.32, 22.75, 22.0, 9999.0, 9.73, 10.0, 21.75, 9999.0, 23.91, 9999.0, 117.73, 127.68, 120.25, 91.2, 138.39
2024-11-07, 09:49:31, 136.5, 58.3, 22.75, 22.0, 9999.0, 9.7, 10.0, 21.73, 9999.0, 23.91, 9999.0, 117.75, 127.68, 120.25, 91.2, 138.39
2024-11-07, 09:49:35, 136.5, 58.3, 22.75, 22.0, 9999.0, 9.68, 10.0, 21.73, 9999.0, 23.93, 9999.0, 117.77, 127.7, 120.25, 91.23, 138.36
2024-11-07, 09:49:39, 136.5, 58.3, 22.75, 22.0, 9999.0, 9.66, 10.0, 21.73, 9999.0, 23.93, 9999.0, 117.75, 127.73, 120.25, 91.23, 138.36
2024-11-07, 09:49:43, 136.5, 58.3, 22.75, 22.0, 9999.0, 9.64, 10.0, 21.7, 9999.0, 23.95, 9999.0, 117.73, 127.75, 120.25, 91.23, 138.36
2024-11-07, 09:49:47, 136.5, 58.3, 22.75, 22.0, 9999.0, 9.61, 10.0, 21.68, 9999.0, 23.98, 9999.0, 117.68, 127.75, 120.25, 91.23, 138.34
2024-11-07, 09:49:51, 136.5, 58.27, 22.75, 22.0, 9999.0, 9.59, 10.0, 21.68, 9999.0, 24.0, 9999.0, 117.66, 127.75, 120.25, 91.23, 138.34
2024-11-07, 09:49:55, 136.5, 58.27, 22.75, 22.0, 9999.0, 9.59, 10.0, 21.68, 9999.0, 24.0, 9999.0, 117.64, 127.75, 120.25, 91.23, 138.32
2024-11-07, 09:49:59, 136.5, 58.27, 22.75, 22.0, 9999.0, 9.57, 10.0, 21.66, 9999.0, 23.98, 9999.0, 117.61, 127.75, 120.25, 91.25, 138.32
2024-11-07, 09:50:03, 136.5, 58.27, 22.75, 22.0, 9999.0, 9.57, 10.0, 21.66, 9999.0, 23.95, 9999.0, 117.59, 127.73, 120.25, 91.25, 138.32
2024-11-07, 09:50:07, 136.5, 58.25, 22.75, 22.0, 9999.0, 9.59, 10.0, 21.66, 9999.0, 23.93, 9999.0, 117.57, 127.73, 120.25, 91.23, 138.34
2024-11-07, 09:50:11, 136.5, 58.25, 22.75, 22.0, 9999.0, 9.64, 10.0, 21.66, 9999.0, 23.89, 9999.0, 117.55, 127.73, 120.25, 91.23, 138.32
2024-11-07, 09:50:15, 136.48, 58.25, 22.75, 22.0, 9999.0, 9.66, 10.0, 21.68, 9999.0, 23.86, 9999.0, 117.55, 127.73, 120.25, 91.23, 138.3
2024-11-07, 09:50:19, 136.45, 58.25, 22.77, 22.0, 9999.0, 9.68, 10.0, 21.68, 9999.0, 23.84, 9999.0, 117.55, 127.73, 120.25, 91.2, 138.3
2024-11-07, 09:50:23, 136.45, 58.25, 22.77, 22.0, 9999.0, 9.7, 10.0, 21.68, 9999.0, 23.82, 9999.0, 117.59, 127.73, 120.25, 91.2, 138.3
2024-11-07, 09:50:36, 136.45, 58.25, 22.77, 22.0, 9999.0, 9.73, 10.0, 21.7, 9999.0, 23.8, 9999.0, 117.61, 127.73, 120.25, 91.2, 138.3
2024-11-07, 09:50:40, 136.45, 58.25, 22.77, 22.0, 9999.0, 9.75, 10.0, 21.73, 9999.0, 23.77, 9999.0, 117.64, 127.73, 120.25, 91.2, 138.3
2024-11-07, 09:50:44, 136.45, 58.25, 22.77, 22.0, 9999.0, 9.77, 10.0, 21.73, 9999.0, 23.75, 9999.0, 117.66, 127.73, 120.25, 91.2, 138.32
2024-11-07, 09:50:50, 136.45, 58.25, 22.77, 22.0, 9999.0, 9.75, 10.0, 21.73, 9999.0, 23.75, 9999.0, 117.68, 127.73, 120.25, 91.2, 138.32
2024-11-07, 09:50:54, 136.45, 58.25, 22.77, 22.0, 9999.0, 9.75, 10.0, 21.73, 9999.0, 23.8, 9999.0, 117.7, 127.73, 120.25, 91.2, 138.32
2024-11-07, 09:50:58, 136.45, 58.25, 22.77, 22.0, 9999.0, 9.73, 10.0, 21.7, 9999.0, 23.82, 9999.0, 117.73, 127.75, 120.25, 91.2, 138.32
2024-11-07, 09:51:02, 136.45, 58.25, 22.77, 22.0, 9999.0, 9.68, 10.0, 21.68, 9999.0, 23.84, 9999.0, 117.75, 127.75, 120.25, 91.23, 138.32
2024-11-07, 09:51:06, 136.45, 58.25, 22.77, 22.0, 9999.0, 9.64, 10.0, 21.68, 9999.0, 23.86, 9999.0, 117.75, 127.75, 120.25, 91.23, 138.32
2024-11-07, 09:51:10, 136.48, 58.25, 22.77, 22.0, 9999.0, 9.61, 10.0, 21.68, 9999.0, 23.89, 9999.0, 117.73, 127.75, 120.25, 91.23, 138.34
2024-11-07, 09:51:14, 136.5, 58.25, 22.75, 22.0, 9999.0, 9.59, 10.0, 21.68, 9999.0, 23.89, 9999.0, 117.73, 127.75, 120.25, 91.25, 138.36
2024-11-07, 09:51:18, 136.5, 58.25, 22.75, 22.0, 9999.0, 9.57, 10.0, 21.66, 9999.0, 23.89, 9999.0, 117.68, 127.75, 120.25, 91.25, 138.36
2024-11-07, 09:51:23, 136.5, 58.25, 22.75, 22.0, 9999.0, 9.55, 10.0, 21.66, 9999.0, 23.89, 9999.0, 117.66, 127.75, 120.25, 91.25, 138.39
2024-11-07, 09:51:27, 136.5, 58.25, 22.77, 22.0, 9999.0, 9.55, 10.0, 21.66, 9999.0, 23.89, 9999.0, 117.64, 127.75, 120.25, 91.25, 138.39
2024-11-07, 09:51:31, 136.5, 58.25, 22.77, 22.0, 9999.0, 9.55, 10.0, 21.66, 9999.0, 23.89, 9999.0, 117.61, 127.75, 120.25, 91.25, 138.39
2024-11-07, 09:51:35, 136.5, 58.25, 22.77, 22.0, 9999.0, 9.57, 10.0, 21.66, 9999.0, 23.89, 9999.0, 117.59, 127.73, 120.25, 91.25, 138.41
2024-11-07, 09:51:39, 136.5, 58.25, 22.77, 22.0, 9999.0, 9.59, 10.0, 21.68, 9999.0, 23.82, 9999.0, 117.57, 127.73, 120.25, 91.25, 138.43
2024-11-07, 09:51:43, 136.5, 58.25, 22.77, 22.0, 9999.0, 9.61, 10.0, 21.7, 9999.0, 23.8, 9999.0, 117.55, 127.73, 120.25, 91.25, 138.41
2024-11-07, 09:51:47, 136.5, 58.25, 22.8, 22.0, 9999.0, 9.64, 10.0, 21.7, 9999.0, 23.75, 9999.0, 117.55, 127.73, 120.25, 91.23, 138.41
2024-11-07, 09:51:51, 136.5, 58.25, 22.8, 22.0, 9999.0, 9.66, 10.0, 21.7, 9999.0, 23.73, 9999.0, 117.59, 127.73, 120.25, 91.23, 138.43
2024-11-07, 09:51:55, 136.5, 58.25, 22.8, 22.0, 9999.0, 9.68, 10.0, 21.7, 9999.0, 23.68, 9999.0, 117.61, 127.73, 120.25, 91.23, 138.43
2024-11-07, 09:51:59, 136.5, 58.27, 22.8, 22.0, 9999.0, 9.7, 10.0, 21.68, 9999.0, 23.68, 9999.0, 117.61, 127.73, 120.25, 91.23, 138.41
2024-11-07, 09:52:03, 136.5, 58.27, 22.8, 22.0, 9999.0, 9.73, 10.0, 21.7, 9999.0, 23.68, 9999.0, 117.64, 127.73, 120.25, 91.23, 138.43
2024-11-07, 09:52:07, 136.5, 58.27, 22.8, 22.0, 9999.0, 9.73, 10.0, 21.7, 9999.0, 23.68, 9999.0, 117.66, 127.73, 120.25, 91.23, 138.41
2024-11-07, 09:52:11, 136.5, 58.27, 22.8, 22.0, 9999.0, 9.73, 10.0, 21.7, 9999.0, 23.7, 9999.0, 117.68, 127.73, 120.25, 91.23, 138.43
2024-11-07, 09:52:15, 136.5, 58.3, 22.82, 22.0, 9999.0, 9.7, 10.0, 21.68, 9999.0, 23.73, 9999.0, 117.7, 127.73, 120.25, 91.23, 138.43
2024-11-07, 09:52:19, 136.5, 58.3, 22.82, 22.0, 9999.0, 9.68, 10.0, 21.68, 9999.0, 23.75, 9999.0, 117.73, 127.75, 120.25, 91.23, 138.43
2024-11-07, 09:52:23, 136.5, 58.3, 22.82, 22.0, 9999.0, 9.66, 10.0, 21.68, 9999.0, 23.77, 9999.0, 117.75, 127.75, 120.25, 91.23, 138.43
2024-11-07, 09:52:27, 136.5, 58.3, 22.84, 22.0, 9999.0, 9.64, 10.0, 21.68, 9999.0, 23.8, 9999.0, 117.75, 127.75, 120.25, 91.23, 138.45
2024-11-07, 09:52:31, 136.5, 58.3, 22.82, 22.0, 9999.0, 9.61, 10.0, 21.7, 9999.0, 23.82, 9999.0, 117.73, 127.75, 120.25, 91.25, 138.45
2024-11-07, 09:52:35, 136.5, 58.3, 22.82, 22.0, 9999.0, 9.59, 10.0, 21.7, 9999.0, 23.82, 9999.0, 117.68, 127.75, 120.25, 91.23, 138.45
2024-11-07, 09:52:39, 136.5, 58.3, 22.82, 22.0, 9999.0, 9.57, 10.0, 21.7, 9999.0, 23.84, 9999.0, 117.66, 127.75, 120.25, 91.23, 138.45
2024-11-07, 09:52:43, 136.5, 58.27, 22.82, 22.0, 9999.0, 9.57, 10.0, 21.73, 9999.0, 23.84, 9999.0, 117.64, 127.73, 120.25, 91.23, 138.48
2024-11-07, 09:52:47, 136.5, 58.27, 22.84, 22.0, 9999.0, 9.57, 10.0, 21.7, 9999.0, 23.84, 9999.0, 117.61, 127.73, 120.25, 91.23, 138.48
2024-11-07, 09:52:51, 136.5, 58.27, 22.84, 22.0, 9999.0, 9.59, 10.0, 21.7, 9999.0, 23.82, 9999.0, 117.59, 127.73, 120.25, 91.23, 138.5
2024-11-07, 09:52:55, 136.5, 58.27, 22.82, 22.0, 9999.0, 9.59, 10.0, 21.7, 9999.0, 23.8, 9999.0, 117.57, 127.73, 120.25, 91.23, 138.5
2024-11-07, 09:52:59, 136.5, 58.25, 22.82, 22.0, 9999.0, 9.61, 10.0, 21.73, 9999.0, 23.77, 9999.0, 117.57, 127.73, 120.25, 91.2, 138.48
2024-11-07, 09:53:03, 136.5, 58.25, 22.82, 22.0, 9999.0, 9.64, 10.0, 21.7, 9999.0, 23.75, 9999.0, 117.57, 127.73, 120.25, 91.2, 138.48
2024-11-07, 09:53:07, 136.5, 58.25, 22.82, 22.0, 9999.0, 9.66, 10.0, 21.7, 9999.0, 23.73, 9999.0, 117.57, 127.73, 120.25, 91.2, 138.48
2024-11-07, 09:53:11, 136.5, 58.25, 22.82, 22.0, 9999.0, 9.68, 10.0, 21.7, 9999.0, 23.68, 9999.0, 117.61, 127.73, 120.25, 91.2, 138.48
2024-11-07, 09:53:15, 136.5, 58.25, 22.84, 22.0, 9999.0, 9.7, 10.0, 21.7, 9999.0, 23.66, 9999.0, 117.66, 127.73, 120.25, 91.2, 138.48
2024-11-07, 09:53:19, 136.5, 58.25, 22.84, 22.0, 9999.0, 9.73, 10.0, 21.7, 9999.0, 23.66, 9999.0, 117.68, 127.73, 120.25, 91.23, 138.48
2024-11-07, 09:53:23, 136.48, 58.25, 22.84, 22.0, 9999.0, 9.75, 10.0, 21.7, 9999.0, 23.66, 9999.0, 117.7, 127.73, 120.25, 91.23, 138.48
2024-11-07, 09:53:27, 136.48, 58.25, 22.84, 22.0, 9999.0, 9.73, 10.0, 21.7, 9999.0, 23.66, 9999.0, 117.73, 127.75, 120.25, 91.23, 138.48
2024-11-07, 09:53:31, 136.48, 58.25, 22.82, 22.0, 9999.0, 9.7, 10.0, 21.73, 9999.0, 23.66, 9999.0, 117.75, 127.75, 120.25, 91.23, 138.48
2024-11-07, 09:53:35, 136.48, 58.25, 22.82, 22.0, 9999.0, 9.68, 10.0, 21.7, 9999.0, 23.68, 9999.0, 117.77, 127.75, 120.25, 91.23, 138.48
2024-11-07, 09:53:39, 136.48, 58.25, 22.82, 22.0, 9999.0, 9.66, 10.0, 21.7, 9999.0, 23.68, 9999.0, 117.8, 127.75, 120.25, 91.23, 138.48
2024-11-07, 09:53:43, 136.48, 58.25, 22.82, 22.0, 9999.0, 9.64, 10.0, 21.7, 9999.0, 23.68, 9999.0, 117.8, 127.75, 120.25, 91.25, 138.5
2024-11-07, 09:53:47, 136.48, 58.25, 22.82, 22.0, 9999.0, 9.61, 10.0, 21.73, 9999.0, 23.68, 9999.0, 117.77, 127.75, 120.25, 91.25, 138.5
2024-11-07, 09:53:51, 136.48, 58.25, 22.82, 22.0, 9999.0, 9.59, 10.0, 21.73, 9999.0, 23.7, 9999.0, 117.77, 127.75, 120.25, 91.25, 138.5
2024-11-07, 09:53:55, 136.48, 58.25, 22.82, 22.0, 9999.0, 9.57, 10.0, 21.73, 9999.0, 23.73, 9999.0, 117.75, 127.75, 120.25, 91.25, 138.5
2024-11-07, 09:53:59, 136.48, 58.25, 22.82, 22.0, 9999.0, 9.55, 10.0, 21.73, 9999.0, 23.75, 9999.0, 117.7, 127.75, 120.25, 91.25, 138.5
2024-11-07, 09:54:03, 136.48, 58.25, 22.82, 22.0, 9999.0, 9.55, 10.0, 21.7, 9999.0, 23.75, 9999.0, 117.68, 127.75, 120.25, 91.23, 138.5
2024-11-07, 09:54:07, 136.5, 58.25, 22.82, 22.0, 9999.0, 9.55, 10.0, 21.7, 9999.0, 23.75, 9999.0, 117.68, 127.75, 120.25, 91.23, 138.5
2024-11-07, 09:54:12, 136.5, 58.25, 22.84, 22.0, 9999.0, 9.57, 10.0, 21.7, 9999.0, 23.75, 9999.0, 117.66, 127.75, 120.25, 91.23, 138.5
2024-11-07, 09:54:16, 136.5, 58.25, 22.84, 22.0, 9999.0, 9.59, 10.0, 21.7, 9999.0, 23.75, 9999.0, 117.64, 127.75, 120.25, 91.23, 138.5
2024-11-07, 09:54:20, 136.5, 58.25, 22.84, 22.0, 9999.0, 9.61, 10.0, 21.73, 9999.0, 23.75, 9999.0, 117.64, 127.75, 120.25, 91.23, 138.5
2024-11-07, 09:54:24, 136.5, 58.25, 22.86, 22.0, 9999.0, 9.64, 10.0, 21.73, 9999.0, 23.73, 9999.0, 117.64, 127.75, 120.25, 91.23, 138.5
2024-11-07, 09:54:28, 136.5, 58.25, 22.86, 22.0, 9999.0, 9.66, 10.0, 21.73, 9999.0, 23.73, 9999.0, 117.64, 127.75, 120.25, 91.23, 138.5
2024-11-07, 09:54:32, 136.5, 58.25, 22.86, 22.0, 9999.0, 9.68, 10.0, 21.73, 9999.0, 23.73, 9999.0, 117.68, 127.75, 120.25, 91.23, 138.5
2024-11-07, 09:54:36, 136.5, 58.25, 22.86, 22.02, 9999.0, 9.7, 10.0, 21.73, 9999.0, 23.73, 9999.0, 117.7, 127.75, 120.25, 91.23, 138.5
2024-11-07, 09:54:40, 136.48, 58.25, 22.84, 22.02, 9999.0, 9.73, 10.0, 21.73, 9999.0, 23.73, 9999.0, 117.73, 127.75, 120.25, 91.23, 138.5
2024-11-07, 09:54:44, 136.48, 58.25, 22.82, 22.02, 9999.0, 9.75, 10.0, 21.73, 9999.0, 23.73, 9999.0, 117.75, 127.75, 120.25, 91.23, 138.5
2024-11-07, 09:54:48, 136.48, 58.25, 22.82, 22.02, 9999.0, 9.75, 10.0, 21.75, 9999.0, 23.73, 9999.0, 117.77, 127.75, 120.25, 91.25, 138.5
2024-11-07, 09:54:52, 136.48, 58.25, 22.82, 22.02, 9999.0, 9.73, 10.0, 21.75, 9999.0, 23.75, 9999.0, 117.77, 127.75, 120.25, 91.25, 138.5
2024-11-07, 09:54:56, 136.48, 58.25, 22.82, 22.02, 9999.0, 9.7, 10.0, 21.75, 9999.0, 23.77, 9999.0, 117.8, 127.75, 120.25, 91.25, 138.5
2024-11-07, 09:55:00, 136.45, 58.25, 22.82, 22.05, 9999.0, 9.68, 10.0, 21.75, 9999.0, 23.8, 9999.0, 117.82, 127.75, 120.25, 91.23, 138.5
2024-11-07, 09:55:04, 136.45, 58.25, 22.82, 22.05, 9999.0, 9.66, 10.0, 21.73, 9999.0, 23.82, 9999.0, 117.82, 127.75, 120.25, 91.2, 138.5
2024-11-07, 09:55:08, 136.45, 58.25, 22.8, 22.07, 9999.0, 9.64, 10.0, 21.73, 9999.0, 23.86, 9999.0, 117.8, 127.75, 120.25, 91.18, 138.5
2024-11-07, 09:55:12, 136.45, 58.25, 22.8, 22.09, 9999.0, 9.61, 10.0, 21.73, 9999.0, 23.89, 9999.0, 117.8, 127.75, 120.25, 91.16, 138.5
2024-11-07, 09:55:16, 136.45, 58.25, 22.82, 22.09, 9999.0, 9.59, 10.0, 21.73, 9999.0, 23.91, 9999.0, 117.77, 127.75, 120.25, 91.14, 138.5
2024-11-07, 09:55:20, 136.45, 58.25, 22.84, 22.07, 9999.0, 9.57, 10.0, 21.73, 9999.0, 23.91, 9999.0, 117.73, 127.75, 120.25, 91.11, 138.5
2024-11-07, 09:55:24, 136.48, 58.25, 22.86, 22.07, 9999.0, 9.57, 10.0, 21.73, 9999.0, 23.91, 9999.0, 117.68, 127.75, 120.25, 91.11, 138.5
2024-11-07, 09:55:28, 136.48, 58.25, 22.86, 22.07, 9999.0, 9.57, 10.0, 21.73, 9999.0, 23.91, 9999.0, 117.66, 127.75, 120.25, 91.11, 138.5
2024-11-07, 09:55:32, 136.48, 58.25, 22.89, 22.07, 9999.0, 9.57, 10.0, 21.73, 9999.0, 23.91, 9999.0, 117.64, 127.75, 120.25, 91.09, 138.5
2024-11-07, 09:55:36, 136.48, 58.25, 22.91, 22.07, 9999.0, 9.61, 10.0, 21.73, 9999.0, 23.89, 9999.0, 117.61, 127.75, 120.25, 91.07, 138.5
2024-11-07, 09:55:40, 136.48, 58.25, 22.89, 22.07, 9999.0, 9.64, 10.0, 21.73, 9999.0, 23.86, 9999.0, 117.61, 127.75, 120.23, 91.05, 138.5
2024-11-07, 09:55:44, 136.5, 58.25, 22.91, 22.05, 9999.0, 9.66, 10.0, 21.73, 9999.0, 23.84, 9999.0, 117.61, 127.75, 120.23, 91.07, 138.5
2024-11-07, 09:55:48, 136.5, 58.25, 22.93, 22.05, 9999.0, 9.68, 10.0, 21.73, 9999.0, 23.82, 9999.0, 117.61, 127.75, 120.23, 91.07, 138.5
2024-11-07, 09:55:52, 136.5, 58.25, 22.93, 22.02, 9999.0, 9.7, 10.0, 21.73, 9999.0, 23.8, 9999.0, 117.66, 127.75, 120.23, 91.09, 138.5
2024-11-07, 09:55:56, 136.5, 58.25, 22.93, 22.0, 9999.0, 9.73, 10.0, 21.7, 9999.0, 23.77, 9999.0, 117.66, 127.75, 120.23, 91.11, 138.5
2024-11-07, 09:56:00, 136.5, 58.25, 22.91, 22.0, 9999.0, 9.75, 10.0, 21.7, 9999.0, 23.75, 9999.0, 117.68, 127.75, 120.23, 91.14, 138.5
2024-11-07, 09:56:04, 136.5, 58.25, 22.91, 22.0, 9999.0, 9.77, 10.0, 21.7, 9999.0, 23.77, 9999.0, 117.7, 127.75, 120.23, 91.16, 138.5
2024-11-07, 09:56:08, 136.48, 58.25, 22.91, 22.0, 9999.0, 9.75, 10.0, 21.7, 9999.0, 23.8, 9999.0, 117.73, 127.75, 120.23, 91.16, 138.5
2024-11-07, 09:56:12, 136.48, 58.25, 22.91, 22.0, 9999.0, 9.75, 10.0, 21.7, 9999.0, 23.82, 9999.0, 117.75, 127.75, 120.23, 91.16, 138.5
2024-11-07, 09:56:16, 136.48, 58.25, 22.89, 22.0, 9999.0, 9.73, 10.0, 21.7, 9999.0, 23.84, 9999.0, 117.77, 127.75, 120.23, 91.18, 138.5
2024-11-07, 09:56:20, 136.48, 58.25, 22.89, 22.0, 9999.0, 9.68, 10.0, 21.68, 9999.0, 23.86, 9999.0, 117.8, 127.75, 120.23, 91.2, 138.5
2024-11-07, 09:56:24, 136.48, 58.25, 22.91, 22.0, 9999.0, 9.66, 10.0, 21.68, 9999.0, 23.89, 9999.0, 117.77, 127.75, 120.25, 91.23, 138.5
2024-11-07, 09:56:28, 136.48, 58.25, 22.89, 22.0, 9999.0, 9.64, 10.0, 21.68, 9999.0, 23.91, 9999.0, 117.77, 127.75, 120.25, 91.2, 138.5
2024-11-07, 09:56:32, 136.48, 58.25, 22.86, 22.0, 9999.0, 9.61, 10.0, 21.7, 9999.0, 23.91, 9999.0, 117.77, 127.75, 120.25, 91.23, 138.5
2024-11-07, 09:56:36, 136.45, 58.25, 22.89, 22.0, 9999.0, 9.59, 10.0, 21.7, 9999.0, 23.91, 9999.0, 117.73, 127.75, 120.23, 91.23, 138.5
2024-11-07, 09:56:40, 136.45, 58.27, 22.89, 22.0, 9999.0, 9.59, 10.0, 21.73, 9999.0, 23.91, 9999.0, 117.7, 127.75, 120.23, 91.2, 138.5
2024-11-07, 09:56:44, 136.45, 58.27, 22.89, 22.0, 9999.0, 9.59, 10.0, 21.73, 9999.0, 23.91, 9999.0, 117.66, 127.75, 120.23, 91.2, 138.5
2024-11-07, 09:56:48, 136.45, 58.27, 22.89, 22.0, 9999.0, 9.59, 10.0, 21.73, 9999.0, 23.89, 9999.0, 117.64, 127.75, 120.23, 91.2, 138.5
2024-11-07, 09:56:52, 136.48, 58.3, 22.86, 22.0, 9999.0, 9.64, 10.0, 21.7, 9999.0, 23.86, 9999.0, 117.61, 127.75, 120.23, 91.2, 138.5
2024-11-07, 09:56:56, 136.48, 58.3, 22.86, 22.0, 9999.0, 9.64, 10.0, 21.7, 9999.0, 23.84, 9999.0, 117.61, 127.75, 120.23, 91.2, 138.5
2024-11-07, 09:57:00, 136.48, 58.3, 22.89, 22.0, 9999.0, 9.66, 10.0, 21.7, 9999.0, 23.82, 9999.0, 117.61, 127.75, 120.23, 91.2, 138.5
2024-11-07, 09:57:04, 136.48, 58.32, 22.86, 22.0, 9999.0, 9.68, 10.0, 21.73, 9999.0, 23.8, 9999.0, 117.61, 127.75, 120.23, 91.18, 138.5
2024-11-07, 09:57:08, 136.48, 58.32, 22.84, 22.02, 9999.0, 9.7, 10.0, 21.73, 9999.0, 23.77, 9999.0, 117.66, 127.75, 120.23, 91.18, 138.5
2024-11-07, 09:57:12, 136.48, 58.32, 22.86, 22.05, 9999.0, 9.73, 10.0, 21.73, 9999.0, 23.75, 9999.0, 117.66, 127.75, 120.23, 91.2, 138.5
2024-11-07, 09:57:16, 136.48, 58.32, 22.89, 22.05, 9999.0, 9.75, 10.0, 21.73, 9999.0, 23.75, 9999.0, 117.68, 127.75, 120.2, 91.2, 138.5
2024-11-07, 09:57:20, 136.5, 58.32, 22.89, 22.05, 9999.0, 9.77, 10.0, 21.73, 9999.0, 23.77, 9999.0, 117.7, 127.75, 120.2, 91.18, 138.5
2024-11-07, 09:57:24, 136.5, 58.3, 22.86, 22.05, 9999.0, 9.77, 10.0, 21.73, 9999.0, 23.8, 9999.0, 117.73, 127.75, 120.2, 91.2, 138.5
2024-11-07, 09:57:28, 136.5, 58.3, 22.89, 22.05, 9999.0, 9.77, 10.0, 21.7, 9999.0, 23.84, 9999.0, 117.75, 127.75, 120.2, 91.18, 138.5
2024-11-07, 09:57:32, 136.5, 58.3, 22.89, 22.07, 9999.0, 9.75, 10.0, 21.7, 9999.0, 23.86, 9999.0, 117.77, 127.75, 120.2, 91.18, 138.5
2024-11-07, 09:57:36, 136.5, 58.27, 22.91, 22.07, 9999.0, 9.73, 10.0, 21.73, 9999.0, 23.89, 9999.0, 117.8, 127.75, 120.2, 91.18, 138.5
2024-11-07, 09:57:40, 136.5, 58.27, 22.91, 22.07, 9999.0, 9.7, 10.0, 21.73, 9999.0, 23.91, 9999.0, 117.8, 127.75, 120.2, 91.18, 138.5
2024-11-07, 09:57:44, 136.5, 58.27, 22.91, 22.07, 9999.0, 9.68, 10.0, 21.7, 9999.0, 23.93, 9999.0, 117.8, 127.75, 120.2, 91.18, 138.5
2024-11-07, 09:57:49, 136.5, 58.25, 22.93, 22.07, 9999.0, 9.68, 10.0, 21.7, 9999.0, 23.95, 9999.0, 117.8, 127.75, 120.18, 91.2, 138.5
2024-11-07, 09:57:53, 136.48, 58.25, 22.95, 22.05, 9999.0, 9.66, 10.0, 21.7, 9999.0, 23.98, 9999.0, 117.75, 127.75, 120.18, 91.18, 138.5
2024-11-07, 09:57:57, 136.48, 58.25, 22.95, 22.02, 9999.0, 9.64, 10.0, 21.68, 9999.0, 23.98, 9999.0, 117.73, 127.75, 120.18, 91.16, 138.48
2024-11-07, 09:58:01, 136.48, 58.25, 22.93, 22.02, 9999.0, 9.64, 10.0, 21.68, 9999.0, 24.0, 9999.0, 117.68, 127.75, 120.2, 91.16, 138.48
2024-11-07, 09:58:05, 136.48, 58.25, 22.91, 22.02, 9999.0, 9.64, 10.0, 21.66, 9999.0, 23.98, 9999.0, 117.66, 127.75, 120.2, 91.18, 138.48
2024-11-07, 09:58:09, 136.48, 58.25, 22.91, 22.02, 9999.0, 9.64, 10.0, 21.66, 9999.0, 23.93, 9999.0, 117.66, 127.75, 120.2, 91.16, 138.48
2024-11-07, 09:58:13, 136.48, 58.25, 22.91, 22.05, 9999.0, 9.66, 10.0, 21.68, 9999.0, 23.86, 9999.0, 117.64, 127.75, 120.2, 91.18, 138.48
2024-11-07, 09:58:17, 136.48, 58.25, 22.89, 22.02, 9999.0, 9.7, 10.0, 21.68, 9999.0, 23.82, 9999.0, 117.64, 127.73, 120.2, 91.18, 138.48
2024-11-07, 09:58:21, 136.48, 58.25, 22.86, 22.02, 9999.0, 9.7, 10.0, 21.66, 9999.0, 23.8, 9999.0, 117.64, 127.73, 120.2, 91.18, 138.48
2024-11-07, 09:58:25, 136.45, 58.25, 22.89, 22.02, 9999.0, 9.73, 10.0, 21.66, 9999.0, 23.77, 9999.0, 117.64, 127.73, 120.2, 91.18, 138.48
2024-11-07, 09:58:29, 136.45, 58.25, 22.89, 22.02, 9999.0, 9.75, 10.02, 21.68, 9999.0, 23.75, 9999.0, 117.66, 127.73, 120.2, 91.18, 138.48
2024-11-07, 09:58:33, 136.45, 58.25, 22.89, 22.02, 9999.0, 9.75, 10.02, 21.68, 9999.0, 23.73, 9999.0, 117.68, 127.73, 120.23, 91.18, 138.48
2024-11-07, 09:58:37, 136.48, 58.25, 22.89, 22.02, 9999.0, 9.77, 10.02, 21.68, 9999.0, 23.73, 9999.0, 117.7, 127.73, 120.23, 91.2, 138.48
2024-11-07, 09:58:41, 136.48, 58.25, 22.89, 22.02, 9999.0, 9.8, 10.02, 21.7, 9999.0, 23.73, 9999.0, 117.73, 127.73, 120.23, 91.23, 138.5
2024-11-07, 09:58:45, 136.48, 58.27, 22.89, 22.02, 9999.0, 9.8, 10.02, 21.7, 9999.0, 23.7, 9999.0, 117.75, 127.73, 120.23, 91.23, 138.5
2024-11-07, 09:58:49, 136.45, 58.27, 22.91, 22.02, 9999.0, 9.8, 10.02, 21.73, 9999.0, 23.73, 9999.0, 117.77, 127.73, 120.25, 91.23, 138.5
2024-11-07, 09:58:53, 136.45, 58.3, 22.93, 22.02, 9999.0, 9.77, 10.02, 21.73, 9999.0, 23.77, 9999.0, 117.77, 127.73, 120.25, 91.25, 138.5
2024-11-07, 09:58:57, 136.45, 58.3, 22.93, 22.02, 9999.0, 9.75, 10.02, 21.73, 9999.0, 23.82, 9999.0, 117.8, 127.73, 120.25, 91.25, 138.5
2024-11-07, 09:59:01, 136.45, 58.32, 22.93, 22.02, 9999.0, 9.7, 10.02, 21.73, 9999.0, 23.86, 9999.0, 117.8, 127.75, 120.25, 91.25, 138.5
2024-11-07, 09:59:05, 136.43, 58.34, 22.93, 22.02, 9999.0, 9.68, 10.02, 21.75, 9999.0, 23.89, 9999.0, 117.77, 127.75, 120.25, 91.25, 138.5
2024-11-07, 09:59:09, 136.45, 58.36, 22.91, 22.02, 9999.0, 9.66, 10.02, 21.75, 9999.0, 23.91, 9999.0, 117.77, 127.75, 120.25, 91.25, 138.5
2024-11-07, 09:59:13, 136.45, 58.36, 22.89, 22.02, 9999.0, 9.64, 10.0, 21.75, 9999.0, 23.93, 9999.0, 117.75, 127.75, 120.25, 91.25, 138.5
2024-11-07, 09:59:17, 136.45, 58.36, 22.86, 22.02, 9999.0, 9.61, 10.0, 21.73, 9999.0, 23.93, 9999.0, 117.7, 127.75, 120.25, 91.25, 138.5
2024-11-07, 09:59:21, 136.45, 58.39, 22.84, 22.02, 9999.0, 9.61, 10.0, 21.73, 9999.0, 23.91, 9999.0, 117.68, 127.75, 120.25, 91.25, 138.5
2024-11-07, 09:59:25, 136.45, 58.39, 22.84, 22.02, 9999.0, 9.61, 10.0, 21.73, 9999.0, 23.91, 9999.0, 117.66, 127.75, 120.25, 91.25, 138.5
2024-11-07, 09:59:29, 136.45, 58.39, 22.84, 22.02, 9999.0, 9.61, 10.0, 21.73, 9999.0, 23.91, 9999.0, 117.64, 127.75, 120.25, 91.25, 138.5
2024-11-07, 09:59:33, 136.48, 58.41, 22.82, 22.02, 9999.0, 9.64, 10.0, 21.73, 9999.0, 23.89, 9999.0, 117.61, 127.75, 120.25, 91.25, 138.5
2024-11-07, 09:59:37, 136.48, 58.39, 22.8, 22.02, 9999.0, 9.68, 10.0, 21.73, 9999.0, 23.86, 9999.0, 117.61, 127.75, 120.25, 91.25, 138.5
2024-11-07, 09:59:41, 136.48, 58.39, 22.8, 22.0, 9999.0, 9.68, 10.0, 21.73, 9999.0, 23.84, 9999.0, 117.61, 127.75, 120.23, 91.25, 138.5
2024-11-07, 09:59:45, 136.48, 58.39, 22.82, 22.0, 9999.0, 9.7, 10.0, 21.73, 9999.0, 23.82, 9999.0, 117.64, 127.75, 120.23, 91.25, 138.5
2024-11-07, 09:59:49, 136.5, 58.39, 22.84, 22.0, 9999.0, 9.73, 10.0, 21.73, 9999.0, 23.8, 9999.0, 117.68, 127.75, 120.23, 91.25, 138.5
2024-11-07, 09:59:53, 136.5, 58.39, 22.86, 22.0, 9999.0, 9.75, 10.0, 21.73, 9999.0, 23.77, 9999.0, 117.7, 127.75, 120.23, 91.25, 138.5
2024-11-07, 09:59:57, 136.5, 58.39, 22.86, 22.0, 9999.0, 9.77, 10.0, 21.73, 9999.0, 23.77, 9999.0, 117.7, 127.75, 120.23, 91.25, 138.5
2024-11-07, 10:00:01, 136.5, 58.41, 22.89, 22.0, 9999.0, 9.8, 10.0, 21.73, 9999.0, 23.8, 9999.0, 117.73, 127.75, 120.23, 91.25, 138.5
2024-11-07, 10:00:05, 136.5, 58.39, 22.89, 22.0, 9999.0, 9.8, 10.0, 21.73, 9999.0, 23.82, 9999.0, 117.75, 127.75, 120.23, 91.25, 138.5
2024-11-07, 10:00:09, 136.5, 58.39, 22.89, 22.0, 9999.0, 9.77, 10.0, 21.73, 9999.0, 23.86, 9999.0, 117.77, 127.75, 120.23, 91.25, 138.5
2024-11-07, 10:00:13, 136.5, 58.36, 22.91, 22.0, 9999.0, 9.75, 10.0, 21.73, 9999.0, 23.91, 9999.0, 117.8, 127.75, 120.23, 91.25, 138.5
2024-11-07, 10:00:17, 136.5, 58.34, 22.93, 22.0, 9999.0, 9.73, 10.0, 21.73, 9999.0, 23.95, 9999.0, 117.82, 127.75, 120.23, 91.25, 138.5
2024-11-07, 10:00:21, 136.5, 58.36, 22.95, 22.0, 9999.0, 9.68, 10.0, 21.73, 9999.0, 23.98, 9999.0, 117.82, 127.75, 120.23, 91.25, 138.48
2024-11-07, 10:00:25, 136.5, 58.36, 22.93, 22.0, 9999.0, 9.66, 10.0, 21.73, 9999.0, 24.0, 9999.0, 117.82, 127.75, 120.25, 91.25, 138.48
2024-11-07, 10:00:37, 136.5, 58.36, 22.93, 22.0, 9999.0, 9.64, 10.0, 21.73, 9999.0, 24.02, 9999.0, 117.8, 127.75, 120.25, 91.25, 138.48
2024-11-07, 10:00:41, 136.5, 58.34, 22.93, 22.0, 9999.0, 9.61, 10.0, 21.73, 9999.0, 24.05, 9999.0, 117.75, 127.75, 120.25, 91.25, 138.48
2024-11-07, 10:00:45, 136.5, 58.32, 22.91, 22.0, 9999.0, 9.61, 10.0, 21.73, 9999.0, 24.07, 9999.0, 117.7, 127.75, 120.25, 91.25, 138.48
2024-11-07, 10:00:49, 136.5, 58.32, 22.93, 22.0, 9999.0, 9.61, 10.0, 21.73, 9999.0, 24.07, 9999.0, 117.68, 127.75, 120.25, 91.25, 138.48
2024-11-07, 10:00:53, 136.5, 58.3, 22.93, 22.0, 9999.0, 9.61, 10.0, 21.75, 9999.0, 24.07, 9999.0, 117.66, 127.75, 120.23, 91.25, 138.48
2024-11-07, 10:00:57, 136.5, 58.3, 22.93, 22.0, 9999.0, 9.64, 10.0, 21.75, 9999.0, 24.07, 9999.0, 117.64, 127.75, 120.23, 91.25, 138.48
2024-11-07, 10:01:01, 136.5, 58.3, 22.91, 22.0, 9999.0, 9.66, 10.0, 21.75, 9999.0, 24.05, 9999.0, 117.64, 127.75, 120.23, 91.25, 138.48
2024-11-07, 10:01:05, 136.5, 58.3, 22.91, 22.0, 9999.0, 9.68, 10.0, 21.75, 9999.0, 24.02, 9999.0, 117.64, 127.75, 120.23, 91.25, 138.48
2024-11-07, 10:01:09, 136.5, 58.3, 22.91, 22.0, 9999.0, 9.68, 10.0, 21.75, 9999.0, 24.0, 9999.0, 117.64, 127.75, 120.2, 91.23, 138.48
2024-11-07, 10:01:13, 136.5, 58.27, 22.89, 22.0, 9999.0, 9.7, 10.0, 21.75, 9999.0, 24.0, 9999.0, 117.66, 127.75, 120.2, 91.23, 138.5
2024-11-07, 10:01:17, 136.5, 58.27, 22.89, 22.0, 9999.0, 9.73, 10.0, 21.75, 9999.0, 23.98, 9999.0, 117.68, 127.75, 120.2, 91.2, 138.5
2024-11-07, 10:01:21, 136.5, 58.25, 22.86, 22.0, 9999.0, 9.75, 10.0, 21.75, 9999.0, 23.95, 9999.0, 117.7, 127.75, 120.2, 91.2, 138.5
2024-11-07, 10:01:25, 136.5, 58.25, 22.86, 22.0, 9999.0, 9.77, 10.0, 21.75, 9999.0, 23.95, 9999.0, 117.73, 127.75, 120.2, 91.2, 138.5
2024-11-07, 10:01:29, 136.5, 58.25, 22.86, 22.0, 9999.0, 9.77, 10.0, 21.73, 9999.0, 23.95, 9999.0, 117.75, 127.75, 120.2, 91.2, 138.5
2024-11-07, 10:01:33, 136.5, 58.25, 22.86, 22.0, 9999.0, 9.77, 10.0, 21.73, 9999.0, 23.95, 9999.0, 117.77, 127.75, 120.2, 91.2, 138.5
2024-11-07, 10:01:37, 136.5, 58.25, 22.84, 22.0, 9999.0, 9.77, 10.0, 21.73, 9999.0, 23.95, 9999.0, 117.8, 127.75, 120.23, 91.2, 138.5
2024-11-07, 10:01:41, 136.48, 58.27, 22.86, 22.0, 9999.0, 9.73, 10.0, 21.7, 9999.0, 23.95, 9999.0, 117.82, 127.75, 120.23, 91.2, 138.5
2024-11-07, 10:01:46, 136.48, 58.27, 22.89, 22.0, 9999.0, 9.7, 10.0, 21.7, 9999.0, 23.95, 9999.0, 117.82, 127.75, 120.23, 91.2, 138.5
2024-11-07, 10:01:50, 136.48, 58.27, 22.86, 22.0, 9999.0, 9.68, 10.0, 21.7, 9999.0, 23.95, 9999.0, 117.82, 127.75, 120.23, 91.2, 138.5
2024-11-07, 10:01:54, 136.48, 58.27, 22.84, 22.0, 9999.0, 9.66, 10.0, 21.7, 9999.0, 23.95, 9999.0, 117.82, 127.75, 120.25, 91.23, 138.5
2024-11-07, 10:01:58, 136.48, 58.3, 22.86, 22.0, 9999.0, 9.64, 10.0, 21.7, 9999.0, 23.95, 9999.0, 117.8, 127.75, 120.25, 91.23, 138.5
2024-11-07, 10:02:02, 136.48, 58.3, 22.89, 22.0, 9999.0, 9.61, 10.0, 21.7, 9999.0, 23.98, 9999.0, 117.75, 127.75, 120.25, 91.25, 138.5
2024-11-07, 10:02:06, 136.48, 58.32, 22.89, 22.0, 9999.0, 9.61, 10.0, 21.68, 9999.0, 24.0, 9999.0, 117.7, 127.75, 120.25, 91.25, 138.5
2024-11-07, 10:02:10, 136.48, 58.32, 22.89, 22.0, 9999.0, 9.61, 10.0, 21.68, 9999.0, 24.0, 9999.0, 117.68, 127.75, 120.25, 91.25, 138.5
2024-11-07, 10:02:14, 136.48, 58.32, 22.91, 22.0, 9999.0, 9.61, 10.0, 21.7, 9999.0, 23.98, 9999.0, 117.66, 127.75, 120.25, 91.25, 138.5
2024-11-07, 10:02:18, 136.48, 58.32, 22.89, 22.0, 9999.0, 9.64, 10.0, 21.7, 9999.0, 23.95, 9999.0, 117.64, 127.75, 120.25, 91.25, 138.5
2024-11-07, 10:02:22, 136.48, 58.32, 22.91, 22.0, 9999.0, 9.66, 10.0, 21.7, 9999.0, 23.95, 9999.0, 117.64, 127.75, 120.25, 91.25, 138.5
2024-11-07, 10:02:26, 136.5, 58.3, 22.89, 22.0, 9999.0, 9.68, 10.0, 21.73, 9999.0, 23.93, 9999.0, 117.64, 127.75, 120.25, 91.25, 138.5
2024-11-07, 10:02:30, 136.48, 58.3, 22.89, 22.0, 9999.0, 9.7, 10.0, 21.73, 9999.0, 23.91, 9999.0, 117.64, 127.75, 120.23, 91.25, 138.5
2024-11-07, 10:02:34, 136.48, 58.3, 22.91, 22.0, 9999.0, 9.73, 10.0, 21.7, 9999.0, 23.89, 9999.0, 117.66, 127.75, 120.23, 91.25, 138.5
2024-11-07, 10:02:38, 136.48, 58.3, 22.93, 22.0, 9999.0, 9.75, 10.0, 21.7, 9999.0, 23.86, 9999.0, 117.68, 127.75, 120.23, 91.25, 138.5
2024-11-07, 10:02:42, 136.48, 58.3, 22.91, 22.0, 9999.0, 9.77, 10.0, 21.7, 9999.0, 23.86, 9999.0, 117.7, 127.75, 120.23, 91.25, 138.5
2024-11-07, 10:02:46, 136.48, 58.3, 22.91, 22.0, 9999.0, 9.8, 10.0, 21.7, 9999.0, 23.86, 9999.0, 117.73, 127.75, 120.23, 91.25, 138.48
2024-11-07, 10:02:50, 136.48, 58.27, 22.91, 22.02, 9999.0, 9.8, 10.0, 21.73, 9999.0, 23.86, 9999.0, 117.75, 127.75, 120.23, 91.25, 138.48
2024-11-07, 10:02:54, 136.48, 58.27, 22.89, 22.02, 9999.0, 9.8, 10.0, 21.73, 9999.0, 23.89, 9999.0, 117.77, 127.75, 120.2, 91.25, 138.48
2024-11-07, 10:02:58, 136.48, 58.27, 22.89, 22.02, 9999.0, 9.77, 10.0, 21.73, 9999.0, 23.93, 9999.0, 117.8, 127.75, 120.2, 91.25, 138.48
2024-11-07, 10:03:02, 136.48, 58.27, 22.89, 22.05, 9999.0, 9.73, 10.0, 21.7, 9999.0, 23.95, 9999.0, 117.82, 127.75, 120.2, 91.25, 138.48
2024-11-07, 10:03:06, 136.48, 58.27, 22.89, 22.05, 9999.0, 9.7, 10.0, 21.7, 9999.0, 23.95, 9999.0, 117.82, 127.75, 120.2, 91.25, 138.48
2024-11-07, 10:03:10, 136.48, 58.27, 22.91, 22.05, 9999.0, 9.68, 10.0, 21.7, 9999.0, 23.98, 9999.0, 117.8, 127.75, 120.2, 91.25, 138.48
2024-11-07, 10:03:14, 136.48, 58.27, 22.91, 22.05, 9999.0, 9.66, 10.0, 21.7, 9999.0, 24.0, 9999.0, 117.8, 127.75, 120.23, 91.23, 138.48
2024-11-07, 10:03:18, 136.48, 58.27, 22.91, 22.05, 9999.0, 9.64, 10.0, 21.7, 9999.0, 24.02, 9999.0, 117.77, 127.75, 120.23, 91.23, 138.48
2024-11-07, 10:03:22, 136.48, 58.27, 22.91, 22.05, 9999.0, 9.61, 10.0, 21.7, 9999.0, 24.05, 9999.0, 117.75, 127.75, 120.23, 91.23, 138.48
2024-11-07, 10:03:26, 136.45, 58.25, 22.91, 22.05, 9999.0, 9.61, 10.0, 21.7, 9999.0, 24.05, 9999.0, 117.7, 127.75, 120.23, 91.23, 138.48
2024-11-07, 10:03:30, 136.45, 58.25, 22.91, 22.05, 9999.0, 9.61, 10.0, 21.7, 9999.0, 24.05, 9999.0, 117.7, 127.75, 120.23, 91.23, 138.5
2024-11-07, 10:03:34, 136.45, 58.25, 22.91, 22.02, 9999.0, 9.61, 10.0, 21.7, 9999.0, 24.05, 9999.0, 117.68, 127.75, 120.2, 91.23, 138.5
2024-11-07, 10:03:38, 136.45, 58.25, 22.91, 22.02, 9999.0, 9.61, 10.0, 21.7, 9999.0, 24.02, 9999.0, 117.66, 127.75, 120.23, 91.23, 138.5
2024-11-07, 10:03:42, 136.45, 58.25, 22.89, 22.02, 9999.0, 9.64, 10.0, 21.7, 9999.0, 24.0, 9999.0, 117.66, 127.75, 120.23, 91.23, 138.5
2024-11-07, 10:03:46, 136.45, 58.25, 22.89, 22.02, 9999.0, 9.66, 10.0, 21.7, 9999.0, 23.98, 9999.0, 117.66, 127.75, 120.23, 91.23, 138.5
2024-11-07, 10:03:50, 136.45, 58.25, 22.86, 22.02, 9999.0, 9.66, 10.0, 21.7, 9999.0, 23.95, 9999.0, 117.66, 127.75, 120.23, 91.23, 138.5
2024-11-07, 10:03:54, 136.45, 58.25, 22.84, 22.02, 9999.0, 9.68, 10.0, 21.7, 9999.0, 23.93, 9999.0, 117.7, 127.75, 120.23, 91.23, 138.48
2024-11-07, 10:03:58, 136.48, 58.25, 22.82, 22.02, 9999.0, 9.7, 10.0, 21.7, 9999.0, 23.91, 9999.0, 117.73, 127.75, 120.23, 91.25, 138.48
2024-11-07, 10:04:02, 136.48, 58.25, 22.82, 22.02, 9999.0, 9.73, 10.0, 21.73, 9999.0, 23.91, 9999.0, 117.73, 127.75, 120.23, 91.25, 138.48
2024-11-07, 10:04:06, 136.48, 58.25, 22.82, 22.02, 9999.0, 9.75, 10.0, 21.73, 9999.0, 23.91, 9999.0, 117.73, 127.75, 120.23, 91.25, 138.48
2024-11-07, 10:04:10, 136.5, 58.25, 22.84, 22.02, 9999.0, 9.75, 10.0, 21.73, 9999.0, 23.93, 9999.0, 117.75, 127.75, 120.23, 91.23, 138.48
2024-11-07, 10:04:14, 136.5, 58.25, 22.84, 22.02, 9999.0, 9.75, 10.0, 21.73, 9999.0, 23.95, 9999.0, 117.75, 127.75, 120.23, 91.23, 138.48
2024-11-07, 10:04:18, 136.5, 58.25, 22.86, 22.05, 9999.0, 9.75, 10.0, 21.73, 9999.0, 23.98, 9999.0, 117.77, 127.75, 120.25, 91.23, 138.48
2024-11-07, 10:04:22, 136.5, 58.25, 22.89, 22.05, 9999.0, 9.73, 10.0, 21.73, 9999.0, 24.0, 9999.0, 117.8, 127.75, 120.25, 91.23, 138.48
2024-11-07, 10:04:26, 136.48, 58.25, 22.91, 22.05, 9999.0, 9.73, 10.0, 21.73, 9999.0, 24.02, 9999.0, 117.8, 127.75, 120.25, 91.23, 138.48
2024-11-07, 10:04:30, 136.48, 58.25, 22.91, 22.02, 9999.0, 9.7, 10.0, 21.75, 9999.0, 24.07, 9999.0, 117.8, 127.75, 120.25, 91.23, 138.48
2024-11-07, 10:04:34, 136.48, 58.25, 22.93, 22.05, 9999.0, 9.68, 10.0, 21.75, 9999.0, 24.09, 9999.0, 117.8, 127.75, 120.23, 91.2, 138.48
2024-11-07, 10:04:38, 136.48, 58.25, 22.95, 22.07, 9999.0, 9.66, 10.0, 21.75, 9999.0, 24.11, 9999.0, 117.77, 127.75, 120.23, 91.2, 138.5
2024-11-07, 10:04:42, 136.48, 58.25, 22.98, 22.07, 9999.0, 9.66, 10.0, 21.75, 9999.0, 24.14, 9999.0, 117.73, 127.75, 120.23, 91.2, 138.5
2024-11-07, 10:04:46, 136.48, 58.25, 22.95, 22.07, 9999.0, 9.66, 10.0, 21.75, 9999.0, 24.14, 9999.0, 117.7, 127.75, 120.23, 91.2, 138.5
2024-11-07, 10:04:50, 136.48, 58.25, 22.93, 22.07, 9999.0, 9.66, 10.0, 21.75, 9999.0, 24.14, 9999.0, 117.68, 127.75, 120.23, 91.2, 138.5
2024-11-07, 10:04:54, 136.48, 58.25, 22.91, 22.07, 9999.0, 9.68, 10.0, 21.73, 9999.0, 24.11, 9999.0, 117.66, 127.75, 120.23, 91.23, 138.5
2024-11-07, 10:04:58, 136.48, 58.25, 22.89, 22.07, 9999.0, 9.7, 10.0, 21.73, 9999.0, 24.09, 9999.0, 117.66, 127.75, 120.23, 91.23, 138.5
2024-11-07, 10:05:02, 136.48, 58.25, 22.89, 22.07, 9999.0, 9.7, 10.0, 21.73, 9999.0, 24.05, 9999.0, 117.66, 127.75, 120.23, 91.23, 138.5
2024-11-07, 10:05:06, 136.48, 58.25, 22.89, 22.07, 9999.0, 9.73, 10.0, 21.73, 9999.0, 24.02, 9999.0, 117.66, 127.75, 120.23, 91.2, 138.5
2024-11-07, 10:05:10, 136.5, 58.25, 22.89, 22.07, 9999.0, 9.73, 10.0, 21.73, 9999.0, 24.0, 9999.0, 117.68, 127.75, 120.23, 91.2, 138.5
2024-11-07, 10:05:14, 136.5, 58.25, 22.89, 22.07, 9999.0, 9.75, 10.0, 21.7, 9999.0, 23.95, 9999.0, 117.7, 127.75, 120.23, 91.2, 138.5
2024-11-07, 10:05:19, 136.5, 58.25, 22.86, 22.05, 9999.0, 9.77, 10.0, 21.7, 9999.0, 23.93, 9999.0, 117.73, 127.75, 120.25, 91.23, 138.5
2024-11-07, 10:05:23, 136.5, 58.25, 22.86, 22.05, 9999.0, 9.8, 10.0, 21.7, 9999.0, 23.93, 9999.0, 117.75, 127.75, 120.25, 91.23, 138.5
2024-11-07, 10:05:27, 136.5, 58.25, 22.86, 22.05, 9999.0, 9.77, 10.0, 21.7, 9999.0, 23.93, 9999.0, 117.77, 127.75, 120.25, 91.23, 138.5
2024-11-07, 10:05:31, 136.5, 58.25, 22.89, 22.05, 9999.0, 9.75, 10.0, 21.68, 9999.0, 23.93, 9999.0, 117.8, 127.75, 120.25, 91.23, 138.5
2024-11-07, 10:05:35, 136.5, 58.25, 22.91, 22.05, 9999.0, 9.75, 10.0, 21.68, 9999.0, 23.93, 9999.0, 117.82, 127.75, 120.25, 91.23, 138.5
2024-11-07, 10:05:39, 136.5, 58.25, 22.91, 22.07, 9999.0, 9.7, 10.0, 21.68, 9999.0, 23.93, 9999.0, 117.84, 127.75, 120.25, 91.23, 138.5
2024-11-07, 10:05:43, 136.5, 58.25, 22.91, 22.07, 9999.0, 9.66, 10.0, 21.68, 9999.0, 23.93, 9999.0, 117.84, 127.75, 120.25, 91.23, 138.5
2024-11-07, 10:05:47, 136.5, 58.25, 22.91, 22.05, 9999.0, 9.64, 10.0, 21.68, 9999.0, 23.95, 9999.0, 117.84, 127.75, 120.25, 91.23, 138.5
2024-11-07, 10:05:51, 136.5, 58.25, 22.91, 22.05, 9999.0, 9.61, 10.0, 21.68, 9999.0, 23.95, 9999.0, 117.84, 127.75, 120.25, 91.25, 138.5
2024-11-07, 10:05:55, 136.5, 58.25, 22.89, 22.07, 9999.0, 9.59, 10.0, 21.68, 9999.0, 23.95, 9999.0, 117.8, 127.75, 120.25, 91.25, 138.5
2024-11-07, 10:05:59, 136.5, 58.27, 22.91, 22.07, 9999.0, 9.57, 10.0, 21.7, 9999.0, 23.98, 9999.0, 117.77, 127.75, 120.25, 91.25, 138.5
2024-11-07, 10:06:03, 136.5, 58.27, 22.93, 22.07, 9999.0, 9.57, 10.0, 21.68, 9999.0, 24.0, 9999.0, 117.73, 127.75, 120.25, 91.25, 138.5
2024-11-07, 10:06:07, 136.5, 58.27, 22.91, 22.05, 9999.0, 9.57, 10.0, 21.66, 9999.0, 24.0, 9999.0, 117.68, 127.75, 120.25, 91.25, 138.5
2024-11-07, 10:06:11, 136.5, 58.27, 22.89, 22.05, 9999.0, 9.59, 10.0, 21.66, 9999.0, 24.0, 9999.0, 117.66, 127.75, 120.25, 91.25, 138.5
2024-11-07, 10:06:15, 136.5, 58.27, 22.89, 22.05, 9999.0, 9.64, 10.0, 21.66, 9999.0, 24.0, 9999.0, 117.64, 127.75, 120.25, 91.25, 138.5
2024-11-07, 10:06:19, 136.5, 58.27, 22.86, 22.05, 9999.0, 9.64, 10.0, 21.66, 9999.0, 24.0, 9999.0, 117.64, 127.75, 120.25, 91.25, 138.5
2024-11-07, 10:06:23, 136.5, 58.27, 22.89, 22.02, 9999.0, 9.66, 10.0, 21.68, 9999.0, 24.0, 9999.0, 117.64, 127.75, 120.25, 91.25, 138.5
2024-11-07, 10:06:27, 136.5, 58.27, 22.91, 22.02, 9999.0, 9.68, 10.0, 21.68, 9999.0, 24.0, 9999.0, 117.64, 127.75, 120.25, 91.25, 138.5
2024-11-07, 10:06:31, 136.5, 58.27, 22.89, 22.02, 9999.0, 9.7, 10.0, 21.68, 9999.0, 23.98, 9999.0, 117.66, 127.75, 120.25, 91.25, 138.5
2024-11-07, 10:06:35, 136.5, 58.27, 22.86, 22.02, 9999.0, 9.73, 10.0, 21.68, 9999.0, 23.98, 9999.0, 117.68, 127.75, 120.25, 91.25, 138.5
2024-11-07, 10:06:39, 136.5, 58.27, 22.89, 22.0, 9999.0, 9.75, 10.0, 21.68, 9999.0, 24.0, 9999.0, 117.7, 127.75, 120.25, 91.25, 138.5
2024-11-07, 10:06:43, 136.5, 58.25, 22.89, 22.0, 9999.0, 9.77, 10.0, 21.68, 9999.0, 24.0, 9999.0, 117.7, 127.75, 120.25, 91.25, 138.5
2024-11-07, 10:06:47, 136.5, 58.27, 22.86, 22.0, 9999.0, 9.77, 10.0, 21.7, 9999.0, 24.0, 9999.0, 117.73, 127.75, 120.25, 91.25, 138.5
2024-11-07, 10:06:51, 136.5, 58.27, 22.86, 22.0, 9999.0, 9.75, 10.0, 21.73, 9999.0, 24.02, 9999.0, 117.75, 127.75, 120.25, 91.25, 138.5
2024-11-07, 10:06:55, 136.5, 58.27, 22.89, 22.0, 9999.0, 9.73, 10.0, 21.7, 9999.0, 24.02, 9999.0, 117.77, 127.75, 120.25, 91.25, 138.5
2024-11-07, 10:06:59, 136.5, 58.27, 22.86, 22.0, 9999.0, 9.7, 10.0, 21.73, 9999.0, 24.02, 9999.0, 117.8, 127.75, 120.23, 91.25, 138.5
2024-11-07, 10:07:03, 136.5, 58.27, 22.86, 22.0, 9999.0, 9.68, 10.0, 21.73, 9999.0, 24.02, 9999.0, 117.8, 127.75, 120.23, 91.25, 138.5
2024-11-07, 10:07:07, 136.5, 58.27, 22.84, 22.0, 9999.0, 9.66, 10.0, 21.73, 9999.0, 24.02, 9999.0, 117.77, 127.75, 120.23, 91.25, 138.5
2024-11-07, 10:07:11, 136.5, 58.27, 22.84, 22.0, 9999.0, 9.64, 10.0, 21.73, 9999.0, 24.02, 9999.0, 117.77, 127.75, 120.23, 91.25, 138.5
2024-11-07, 10:07:15, 136.5, 58.27, 22.84, 22.0, 9999.0, 9.61, 10.0, 21.73, 9999.0, 24.05, 9999.0, 117.75, 127.75, 120.23, 91.25, 138.5
2024-11-07, 10:07:19, 136.5, 58.27, 22.84, 22.0, 9999.0, 9.59, 10.0, 21.73, 9999.0, 24.05, 9999.0, 117.7, 127.75, 120.23, 91.25, 138.48
2024-11-07, 10:07:23, 136.5, 58.3, 22.82, 22.0, 9999.0, 9.59, 10.0, 21.73, 9999.0, 24.02, 9999.0, 117.68, 127.75, 120.23, 91.23, 138.48
2024-11-07, 10:07:27, 136.5, 58.3, 22.8, 22.0, 9999.0, 9.59, 10.0, 21.73, 9999.0, 24.02, 9999.0, 117.66, 127.75, 120.23, 91.23, 138.48
2024-11-07, 10:07:31, 136.5, 58.27, 22.8, 22.0, 9999.0, 9.59, 10.0, 21.7, 9999.0, 24.02, 9999.0, 117.64, 127.75, 120.23, 91.23, 138.48
2024-11-07, 10:07:35, 136.5, 58.27, 22.8, 22.0, 9999.0, 9.61, 10.0, 21.7, 9999.0, 24.0, 9999.0, 117.61, 127.75, 120.23, 91.23, 138.48
2024-11-07, 10:07:39, 136.5, 58.27, 22.77, 22.0, 9999.0, 9.64, 10.0, 21.73, 9999.0, 24.0, 9999.0, 117.61, 127.75, 120.23, 91.23, 138.48
2024-11-07, 10:07:43, 136.5, 58.27, 22.77, 22.0, 9999.0, 9.64, 10.0, 21.73, 9999.0, 24.0, 9999.0, 117.61, 127.75, 120.25, 91.23, 138.48
2024-11-07, 10:07:47, 136.48, 58.27, 22.77, 22.0, 9999.0, 9.66, 10.0, 21.73, 9999.0, 24.0, 9999.0, 117.64, 127.75, 120.25, 91.23, 138.45
2024-11-07, 10:07:51, 136.48, 58.27, 22.77, 22.0, 9999.0, 9.68, 10.0, 21.73, 9999.0, 23.98, 9999.0, 117.68, 127.75, 120.25, 91.23, 138.45
2024-11-07, 10:07:55, 136.48, 58.27, 22.77, 22.0, 9999.0, 9.7, 10.0, 21.73, 9999.0, 23.98, 9999.0, 117.7, 127.75, 120.25, 91.23, 138.45
2024-11-07, 10:07:59, 136.48, 58.3, 22.77, 22.0, 9999.0, 9.73, 10.0, 21.73, 9999.0, 23.98, 9999.0, 117.73, 127.75, 120.25, 91.23, 138.45
2024-11-07, 10:08:03, 136.48, 58.3, 22.77, 22.0, 9999.0, 9.75, 10.0, 21.73, 9999.0, 23.98, 9999.0, 117.75, 127.75, 120.25, 91.23, 138.48
2024-11-07, 10:08:07, 136.48, 58.27, 22.77, 22.0, 9999.0, 9.73, 10.0, 21.73, 9999.0, 23.98, 9999.0, 117.77, 127.75, 120.25, 91.25, 138.48
2024-11-07, 10:08:11, 136.48, 58.27, 22.8, 22.0, 9999.0, 9.73, 10.0, 21.7, 9999.0, 24.0, 9999.0, 117.8, 127.75, 120.25, 91.23, 138.48
2024-11-07, 10:08:15, 136.48, 58.27, 22.82, 22.0, 9999.0, 9.7, 10.0, 21.7, 9999.0, 24.02, 9999.0, 117.82, 127.75, 120.25, 91.23, 138.48
2024-11-07, 10:08:19, 136.48, 58.3, 22.82, 22.0, 9999.0, 9.68, 10.0, 21.68, 9999.0, 24.05, 9999.0, 117.84, 127.75, 120.23, 91.23, 138.48
2024-11-07, 10:08:23, 136.48, 58.32, 22.82, 22.0, 9999.0, 9.66, 10.0, 21.68, 9999.0, 24.07, 9999.0, 117.84, 127.75, 120.23, 91.23, 138.48
2024-11-07, 10:08:27, 136.48, 58.32, 22.82, 22.0, 9999.0, 9.64, 10.0, 21.68, 9999.0, 24.09, 9999.0, 117.84, 127.75, 120.23, 91.23, 138.48
2024-11-07, 10:08:31, 136.5, 58.32, 22.82, 22.0, 9999.0, 9.61, 10.0, 21.68, 9999.0, 24.11, 9999.0, 117.82, 127.75, 120.23, 91.23, 138.5
2024-11-07, 10:08:35, 136.5, 58.32, 22.82, 22.0, 9999.0, 9.59, 10.0, 21.66, 9999.0, 24.14, 9999.0, 117.77, 127.75, 120.23, 91.23, 138.5
2024-11-07, 10:08:39, 136.5, 58.34, 22.8, 22.0, 9999.0, 9.59, 10.0, 21.64, 9999.0, 24.14, 9999.0, 117.73, 127.75, 120.23, 91.23, 138.5
2024-11-07, 10:08:43, 136.5, 58.34, 22.8, 22.0, 9999.0, 9.59, 10.0, 21.64, 9999.0, 24.14, 9999.0, 117.68, 127.75, 120.23, 91.23, 138.48
2024-11-07, 10:08:48, 136.5, 58.34, 22.82, 22.0, 9999.0, 9.59, 10.0, 21.64, 9999.0, 24.14, 9999.0, 117.66, 127.75, 120.23, 91.23, 138.48
2024-11-07, 10:08:52, 136.5, 58.34, 22.82, 22.0, 9999.0, 9.64, 10.0, 21.64, 9999.0, 24.14, 9999.0, 117.64, 127.75, 120.23, 91.23, 138.48
2024-11-07, 10:08:56, 136.5, 58.36, 22.82, 22.0, 9999.0, 9.64, 10.0, 21.66, 9999.0, 24.11, 9999.0, 117.64, 127.75, 120.23, 91.25, 138.48
2024-11-07, 10:09:00, 136.5, 58.36, 22.82, 22.0, 9999.0, 9.66, 10.0, 21.68, 9999.0, 24.09, 9999.0, 117.64, 127.75, 120.23, 91.25, 138.48
2024-11-07, 10:09:04, 136.5, 58.34, 22.84, 22.0, 9999.0, 9.68, 10.0, 21.68, 9999.0, 24.07, 9999.0, 117.64, 127.75, 120.25, 91.25, 138.48
2024-11-07, 10:09:08, 136.5, 58.32, 22.84, 22.0, 9999.0, 9.7, 10.0, 21.68, 9999.0, 24.05, 9999.0, 117.66, 127.75, 120.25, 91.25, 138.48
2024-11-07, 10:09:12, 136.5, 58.34, 22.86, 22.0, 9999.0, 9.73, 10.0, 21.68, 9999.0, 24.02, 9999.0, 117.68, 127.75, 120.25, 91.25, 138.45
2024-11-07, 10:09:16, 136.5, 58.34, 22.89, 22.0, 9999.0, 9.75, 10.0, 21.68, 9999.0, 24.0, 9999.0, 117.68, 127.75, 120.25, 91.25, 138.45
2024-11-07, 10:09:20, 136.5, 58.34, 22.91, 22.0, 9999.0, 9.77, 10.0, 21.7, 9999.0, 24.02, 9999.0, 117.7, 127.75, 120.25, 91.25, 138.45
2024-11-07, 10:09:24, 136.5, 58.32, 22.91, 22.0, 9999.0, 9.75, 10.0, 21.73, 9999.0, 24.05, 9999.0, 117.73, 127.75, 120.25, 91.25, 138.45
2024-11-07, 10:09:28, 136.5, 58.3, 22.91, 22.0, 9999.0, 9.73, 10.0, 21.73, 9999.0, 24.07, 9999.0, 117.75, 127.75, 120.25, 91.25, 138.48
2024-11-07, 10:09:32, 136.5, 58.3, 22.91, 22.0, 9999.0, 9.7, 10.0, 21.73, 9999.0, 24.09, 9999.0, 117.77, 127.75, 120.25, 91.25, 138.48
2024-11-07, 10:09:36, 136.5, 58.3, 22.91, 22.0, 9999.0, 9.66, 10.0, 21.73, 9999.0, 24.11, 9999.0, 117.8, 127.75, 120.25, 91.25, 138.48
2024-11-07, 10:09:40, 136.5, 58.27, 22.89, 22.0, 9999.0, 9.64, 10.0, 21.7, 9999.0, 24.14, 9999.0, 117.8, 127.75, 120.25, 91.25, 138.48
2024-11-07, 10:09:44, 136.5, 58.27, 22.86, 22.0, 9999.0, 9.61, 10.0, 21.7, 9999.0, 24.16, 9999.0, 117.8, 127.75, 120.25, 91.25, 138.48
2024-11-07, 10:09:48, 136.5, 58.3, 22.84, 22.0, 9999.0, 9.59, 10.0, 21.73, 9999.0, 24.18, 9999.0, 117.8, 127.75, 120.25, 91.25, 138.48
2024-11-07, 10:09:52, 136.5, 58.3, 22.84, 22.0, 9999.0, 9.57, 10.0, 21.7, 9999.0, 24.2, 9999.0, 117.75, 127.75, 120.25, 91.23, 138.48
2024-11-07, 10:09:56, 136.5, 58.27, 22.82, 22.0, 9999.0, 9.55, 10.0, 21.7, 9999.0, 24.2, 9999.0, 117.7, 127.75, 120.25, 91.23, 138.5
2024-11-07, 10:10:00, 136.5, 58.27, 22.8, 22.0, 9999.0, 9.55, 10.0, 21.7, 9999.0, 24.2, 9999.0, 117.68, 127.75, 120.25, 91.23, 138.5
2024-11-07, 10:10:04, 136.5, 58.27, 22.77, 22.0, 9999.0, 9.55, 10.0, 21.7, 9999.0, 24.18, 9999.0, 117.66, 127.75, 120.25, 91.23, 138.5
2024-11-07, 10:10:08, 136.5, 58.27, 22.77, 22.0, 9999.0, 9.57, 10.0, 21.7, 9999.0, 24.16, 9999.0, 117.64, 127.75, 120.25, 91.23, 138.5
2024-11-07, 10:10:12, 136.5, 58.27, 22.77, 22.0, 9999.0, 9.61, 10.0, 21.7, 9999.0, 24.14, 9999.0, 117.61, 127.75, 120.25, 91.2, 138.5
2024-11-07, 10:10:17, 136.5, 58.27, 22.75, 22.0, 9999.0, 9.64, 10.0, 21.7, 9999.0, 24.11, 9999.0, 117.61, 127.75, 120.25, 91.18, 138.48
2024-11-07, 10:10:21, 136.5, 58.27, 22.77, 22.0, 9999.0, 9.66, 10.0, 21.7, 9999.0, 24.09, 9999.0, 117.61, 127.75, 120.25, 91.18, 138.45
2024-11-07, 10:10:25, 136.5, 58.27, 22.77, 22.0, 9999.0, 9.68, 10.0, 21.73, 9999.0, 24.07, 9999.0, 117.61, 127.75, 120.25, 91.16, 138.45
2024-11-07, 10:10:29, 136.5, 58.27, 22.77, 22.0, 9999.0, 9.7, 10.0, 21.73, 9999.0, 24.05, 9999.0, 117.64, 127.75, 120.25, 91.14, 138.43
2024-11-07, 10:10:33, 136.5, 58.25, 22.77, 22.0, 9999.0, 9.73, 10.0, 21.73, 9999.0, 24.02, 9999.0, 117.64, 127.75, 120.25, 91.14, 138.41
2024-11-07, 10:10:37, 136.5, 58.25, 22.77, 22.02, 9999.0, 9.75, 10.0, 21.75, 9999.0, 24.0, 9999.0, 117.68, 127.75, 120.25, 91.14, 138.39
2024-11-07, 10:10:41, 136.5, 58.25, 22.77, 22.02, 9999.0, 9.77, 10.0, 21.75, 9999.0, 24.0, 9999.0, 117.7, 127.75, 120.25, 91.14, 138.39
2024-11-07, 10:10:45, 136.5, 58.25, 22.77, 22.02, 9999.0, 9.77, 10.0, 21.75, 9999.0, 24.0, 9999.0, 117.73, 127.75, 120.25, 91.11, 138.39
2024-11-07, 10:10:49, 136.5, 58.25, 22.77, 22.02, 9999.0, 9.75, 10.0, 21.75, 9999.0, 24.02, 9999.0, 117.75, 127.75, 120.25, 91.11, 138.36
2024-11-07, 10:11:02, 136.5, 58.25, 22.77, 22.02, 9999.0, 9.73, 10.0, 21.73, 9999.0, 24.05, 9999.0, 117.77, 127.75, 120.25, 91.11, 138.36
2024-11-07, 10:11:06, 136.5, 58.25, 22.77, 22.02, 9999.0, 9.7, 10.0, 21.73, 9999.0, 24.07, 9999.0, 117.8, 127.75, 120.25, 91.11, 138.36
2024-11-07, 10:11:10, 136.5, 58.25, 22.77, 22.02, 9999.0, 9.68, 10.0, 21.73, 9999.0, 24.09, 9999.0, 117.8, 127.75, 120.25, 91.14, 138.36
2024-11-07, 10:11:16, 136.5, 58.25, 22.75, 22.02, 9999.0, 9.66, 10.0, 21.73, 9999.0, 24.11, 9999.0, 117.8, 127.75, 120.25, 91.14, 138.36
2024-11-07, 10:11:20, 136.5, 58.25, 22.75, 22.02, 9999.0, 9.64, 10.0, 21.73, 9999.0, 24.14, 9999.0, 117.77, 127.75, 120.25, 91.16, 138.34
2024-11-07, 10:11:24, 136.5, 58.25, 22.75, 22.02, 9999.0, 9.61, 10.0, 21.73, 9999.0, 24.14, 9999.0, 117.73, 127.75, 120.25, 91.16, 138.34
2024-11-07, 10:11:28, 136.5, 58.25, 22.75, 22.02, 9999.0, 9.59, 10.0, 21.73, 9999.0, 24.14, 9999.0, 117.7, 127.75, 120.25, 91.14, 138.34
2024-11-07, 10:11:32, 136.5, 58.25, 22.75, 22.0, 9999.0, 9.59, 10.0, 21.7, 9999.0, 24.14, 9999.0, 117.68, 127.75, 120.25, 91.16, 138.34
2024-11-07, 10:11:36, 136.5, 58.25, 22.75, 22.0, 9999.0, 9.59, 10.0, 21.7, 9999.0, 24.14, 9999.0, 117.66, 127.75, 120.25, 91.16, 138.32
2024-11-07, 10:11:40, 136.5, 58.25, 22.75, 22.0, 9999.0, 9.59, 10.0, 21.7, 9999.0, 24.14, 9999.0, 117.64, 127.75, 120.25, 91.18, 138.32
2024-11-07, 10:11:44, 136.5, 58.25, 22.75, 22.0, 9999.0, 9.61, 10.0, 21.68, 9999.0, 24.11, 9999.0, 117.61, 127.75, 120.25, 91.18, 138.32
2024-11-07, 10:11:48, 136.5, 58.25, 22.75, 22.0, 9999.0, 9.64, 10.0, 21.7, 9999.0, 24.09, 9999.0, 117.61, 127.75, 120.25, 91.18, 138.3
2024-11-07, 10:11:52, 136.5, 58.25, 22.75, 22.0, 9999.0, 9.64, 10.0, 21.7, 9999.0, 24.05, 9999.0, 117.61, 127.75, 120.25, 91.2, 138.3
2024-11-07, 10:11:57, 136.5, 58.25, 22.75, 22.0, 9999.0, 9.66, 10.0, 21.7, 9999.0, 24.02, 9999.0, 117.64, 127.75, 120.25, 91.2, 138.3
2024-11-07, 10:12:01, 136.5, 58.27, 22.75, 22.0, 9999.0, 9.68, 10.0, 21.7, 9999.0, 23.98, 9999.0, 117.66, 127.75, 120.25, 91.2, 138.32
2024-11-07, 10:12:05, 136.5, 58.27, 22.75, 22.0, 9999.0, 9.7, 10.0, 21.7, 9999.0, 23.95, 9999.0, 117.7, 127.75, 120.25, 91.2, 138.34
2024-11-07, 10:12:09, 136.5, 58.27, 22.75, 22.0, 9999.0, 9.73, 10.0, 21.7, 9999.0, 23.95, 9999.0, 117.73, 127.75, 120.25, 91.23, 138.36
2024-11-07, 10:12:13, 136.5, 58.27, 22.77, 22.0, 9999.0, 9.73, 10.0, 21.7, 9999.0, 23.95, 9999.0, 117.75, 127.75, 120.25, 91.25, 138.36
2024-11-07, 10:12:17, 136.5, 58.27, 22.77, 22.0, 9999.0, 9.73, 10.0, 21.73, 9999.0, 23.95, 9999.0, 117.75, 127.75, 120.25, 91.25, 138.39
2024-11-07, 10:12:21, 136.5, 58.27, 22.77, 22.0, 9999.0, 9.7, 10.0, 21.73, 9999.0, 23.98, 9999.0, 117.77, 127.75, 120.25, 91.25, 138.41
2024-11-07, 10:12:25, 136.5, 58.27, 22.77, 22.0, 9999.0, 9.68, 10.0, 21.73, 9999.0, 24.0, 9999.0, 117.8, 127.75, 120.25, 91.25, 138.41
2024-11-07, 10:12:29, 136.5, 58.27, 22.77, 22.0, 9999.0, 9.66, 10.0, 21.75, 9999.0, 24.02, 9999.0, 117.82, 127.75, 120.25, 91.25, 138.43
2024-11-07, 10:12:33, 136.5, 58.27, 22.77, 22.0, 9999.0, 9.64, 10.0, 21.75, 9999.0, 24.05, 9999.0, 117.82, 127.75, 120.25, 91.25, 138.43
2024-11-07, 10:12:37, 136.5, 58.27, 22.77, 22.0, 9999.0, 9.61, 10.0, 21.73, 9999.0, 24.07, 9999.0, 117.82, 127.75, 120.25, 91.25, 138.41
2024-11-07, 10:12:41, 136.5, 58.27, 22.77, 22.0, 9999.0, 9.59, 10.0, 21.7, 9999.0, 24.07, 9999.0, 117.77, 127.75, 120.25, 91.25, 138.41
2024-11-07, 10:12:45, 136.5, 58.25, 22.77, 22.0, 9999.0, 9.57, 10.0, 21.7, 9999.0, 24.09, 9999.0, 117.73, 127.75, 120.25, 91.25, 138.41
2024-11-07, 10:12:49, 136.5, 58.25, 22.77, 22.0, 9999.0, 9.57, 10.0, 21.7, 9999.0, 24.09, 9999.0, 117.68, 127.75, 120.25, 91.25, 138.39
2024-11-07, 10:12:53, 136.5, 58.27, 22.8, 22.0, 9999.0, 9.57, 10.0, 21.68, 9999.0, 24.09, 9999.0, 117.66, 127.75, 120.25, 91.25, 138.36
2024-11-07, 10:12:57, 136.5, 58.27, 22.77, 22.0, 9999.0, 9.57, 10.0, 21.66, 9999.0, 24.09, 9999.0, 117.64, 127.75, 120.25, 91.25, 138.36
2024-11-07, 10:13:01, 136.5, 58.27, 22.77, 22.0, 9999.0, 9.59, 10.0, 21.66, 9999.0, 24.09, 9999.0, 117.61, 127.75, 120.25, 91.25, 138.36
2024-11-07, 10:13:05, 136.5, 58.27, 22.77, 22.0, 9999.0, 9.61, 10.0, 21.66, 9999.0, 24.07, 9999.0, 117.59, 127.75, 120.25, 91.25, 138.36
2024-11-07, 10:13:09, 136.5, 58.27, 22.77, 22.0, 9999.0, 9.64, 10.0, 21.64, 9999.0, 24.05, 9999.0, 117.59, 127.75, 120.25, 91.25, 138.34
2024-11-07, 10:13:13, 136.5, 58.27, 22.77, 22.0, 9999.0, 9.66, 10.0, 21.64, 9999.0, 24.02, 9999.0, 117.59, 127.75, 120.25, 91.23, 138.34
2024-11-07, 10:13:17, 136.5, 58.27, 22.77, 22.0, 9999.0, 9.68, 10.0, 21.64, 9999.0, 24.0, 9999.0, 117.59, 127.75, 120.25, 91.2, 138.34
2024-11-07, 10:13:21, 136.5, 58.3, 22.77, 22.0, 9999.0, 9.7, 10.0, 21.66, 9999.0, 24.0, 9999.0, 117.61, 127.75, 120.25, 91.2, 138.36
2024-11-07, 10:13:25, 136.5, 58.3, 22.77, 22.0, 9999.0, 9.73, 10.0, 21.68, 9999.0, 23.98, 9999.0, 117.66, 127.75, 120.25, 91.2, 138.39
2024-11-07, 10:13:33, 136.5, 58.3, 22.8, 22.0, 9999.0, 9.77, 10.0, 21.68, 9999.0, 23.95, 9999.0, 117.68, 127.75, 120.25, 91.2, 138.39
2024-11-07, 10:13:37, 136.5, 58.32, 22.8, 22.0, 9999.0, 9.77, 10.0, 21.68, 9999.0, 23.93, 9999.0, 117.7, 127.75, 120.25, 91.2, 138.41
2024-11-07, 10:13:41, 136.5, 58.3, 22.77, 22.0, 9999.0, 9.77, 10.0, 21.7, 9999.0, 23.91, 9999.0, 117.75, 127.75, 120.25, 91.2, 138.43
2024-11-07, 10:13:45, 136.5, 58.3, 22.77, 22.0, 9999.0, 9.8, 10.0, 21.73, 9999.0, 23.86, 9999.0, 117.8, 127.75, 120.25, 91.2, 138.45
2024-11-07, 10:13:49, 136.5, 58.3, 22.8, 22.0, 9999.0, 9.77, 10.0, 21.73, 9999.0, 23.82, 9999.0, 117.82, 127.75, 120.25, 91.2, 138.45
2024-11-07, 10:13:53, 136.5, 58.3, 22.8, 22.0, 9999.0, 9.77, 10.0, 21.73, 9999.0, 23.8, 9999.0, 117.84, 127.75, 120.25, 91.2, 138.45
2024-11-07, 10:13:57, 136.5, 58.3, 22.8, 22.0, 9999.0, 9.75, 10.0, 21.75, 9999.0, 23.77, 9999.0, 117.84, 127.75, 120.25, 91.2, 138.48
2024-11-07, 10:14:01, 136.5, 58.3, 22.8, 22.0, 9999.0, 9.73, 10.0, 21.75, 9999.0, 23.75, 9999.0, 117.84, 127.75, 120.25, 91.23, 138.48
2024-11-07, 10:14:05, 136.5, 58.3, 22.8, 22.0, 9999.0, 9.73, 10.0, 21.75, 9999.0, 23.75, 9999.0, 117.84, 127.75, 120.25, 91.25, 138.5
2024-11-07, 10:14:09, 136.5, 58.3, 22.82, 22.0, 9999.0, 9.73, 10.0, 21.75, 9999.0, 23.75, 9999.0, 117.82, 127.75, 120.25, 91.25, 138.5
2024-11-07, 10:14:13, 136.5, 58.3, 22.82, 22.0, 9999.0, 9.7, 10.0, 21.75, 9999.0, 23.75, 9999.0, 117.8, 127.75, 120.25, 91.25, 138.5
2024-11-07, 10:14:17, 136.5, 58.3, 22.82, 22.0, 9999.0, 9.66, 10.0, 21.75, 9999.0, 23.75, 9999.0, 117.8, 127.75, 120.25, 91.25, 138.5
2024-11-07, 10:14:21, 136.5, 58.27, 22.84, 22.0, 9999.0, 9.64, 10.0, 21.75, 9999.0, 23.75, 9999.0, 117.8, 127.75, 120.25, 91.25, 138.5
2024-11-07, 10:14:25, 136.5, 58.27, 22.84, 22.0, 9999.0, 9.61, 10.0, 21.75, 9999.0, 23.75, 9999.0, 117.75, 127.75, 120.25, 91.25, 138.5
2024-11-07, 10:14:29, 136.5, 58.27, 22.84, 22.0, 9999.0, 9.59, 10.0, 21.75, 9999.0, 23.77, 9999.0, 117.7, 127.75, 120.25, 91.25, 138.5
2024-11-07, 10:14:33, 136.5, 58.27, 22.84, 22.0, 9999.0, 9.59, 10.0, 21.75, 9999.0, 23.8, 9999.0, 117.68, 127.75, 120.25, 91.25, 138.5
2024-11-07, 10:14:38, 136.5, 58.27, 22.86, 22.0, 9999.0, 9.59, 10.0, 21.73, 9999.0, 23.8, 9999.0, 117.66, 127.75, 120.25, 91.25, 138.5
2024-11-07, 10:14:42, 136.5, 58.27, 22.86, 22.0, 9999.0, 9.61, 10.0, 21.73, 9999.0, 23.77, 9999.0, 117.64, 127.75, 120.25, 91.25, 138.5
2024-11-07, 10:14:46, 136.5, 58.27, 22.86, 22.0, 9999.0, 9.66, 10.0, 21.73, 9999.0, 23.77, 9999.0, 117.61, 127.75, 120.25, 91.25, 138.5
2024-11-07, 10:14:50, 136.5, 58.27, 22.89, 22.0, 9999.0, 9.66, 10.0, 21.73, 9999.0, 23.75, 9999.0, 117.61, 127.75, 120.25, 91.25, 138.5
2024-11-07, 10:14:54, 136.5, 58.25, 22.89, 22.0, 9999.0, 9.68, 10.0, 21.73, 9999.0, 23.73, 9999.0, 117.61, 127.75, 120.23, 91.25, 138.5
2024-11-07, 10:14:58, 136.5, 58.25, 22.89, 22.0, 9999.0, 9.7, 10.0, 21.73, 9999.0, 23.7, 9999.0, 117.61, 127.75, 120.23, 91.25, 138.5
2024-11-07, 10:15:02, 136.5, 58.25, 22.89, 22.0, 9999.0, 9.73, 10.0, 21.73, 9999.0, 23.68, 9999.0, 117.64, 127.75, 120.23, 91.25, 138.5
2024-11-07, 10:15:06, 136.5, 58.25, 22.86, 22.0, 9999.0, 9.75, 10.0, 21.73, 9999.0, 23.66, 9999.0, 117.66, 127.75, 120.23, 91.25, 138.5
2024-11-07, 10:15:10, 136.5, 58.25, 22.89, 22.0, 9999.0, 9.77, 10.0, 21.73, 9999.0, 23.64, 9999.0, 117.7, 127.75, 120.23, 91.25, 138.5
2024-11-07, 10:15:14, 136.5, 58.25, 22.91, 22.0, 9999.0, 9.8, 10.0, 21.73, 9999.0, 23.64, 9999.0, 117.73, 127.75, 120.23, 91.25, 138.5
2024-11-07, 10:15:18, 136.5, 58.25, 22.89, 22.0, 9999.0, 9.8, 10.0, 21.73, 9999.0, 23.64, 9999.0, 117.75, 127.75, 120.23, 91.25, 138.5
2024-11-07, 10:15:22, 136.5, 58.25, 22.89, 22.0, 9999.0, 9.77, 10.0, 21.75, 9999.0, 23.64, 9999.0, 117.77, 127.75, 120.23, 91.25, 138.5
2024-11-07, 10:15:26, 136.5, 58.25, 22.91, 22.0, 9999.0, 9.77, 10.0, 21.75, 9999.0, 23.68, 9999.0, 117.8, 127.75, 120.23, 91.25, 138.5
2024-11-07, 10:15:30, 136.5, 58.25, 22.93, 22.0, 9999.0, 9.73, 10.0, 21.75, 9999.0, 23.7, 9999.0, 117.82, 127.75, 120.23, 91.25, 138.5
2024-11-07, 10:15:34, 136.5, 58.25, 22.93, 22.0, 9999.0, 9.7, 10.0, 21.75, 9999.0, 23.7, 9999.0, 117.82, 127.75, 120.23, 91.25, 138.5
2024-11-07, 10:15:38, 136.5, 58.25, 22.93, 22.0, 9999.0, 9.66, 10.0, 21.75, 9999.0, 23.73, 9999.0, 117.82, 127.75, 120.25, 91.25, 138.5
2024-11-07, 10:15:42, 136.5, 58.25, 22.95, 22.0, 9999.0, 9.64, 10.0, 21.75, 9999.0, 23.75, 9999.0, 117.82, 127.75, 120.25, 91.25, 138.5
2024-11-07, 10:15:46, 136.5, 58.25, 22.95, 22.0, 9999.0, 9.61, 10.0, 21.75, 9999.0, 23.77, 9999.0, 117.77, 127.75, 120.25, 91.25, 138.5
2024-11-07, 10:15:50, 136.5, 58.25, 22.95, 22.0, 9999.0, 9.59, 10.0, 21.75, 9999.0, 23.8, 9999.0, 117.75, 127.75, 120.25, 91.25, 138.5
2024-11-07, 10:15:54, 136.5, 58.25, 22.95, 22.0, 9999.0, 9.59, 10.0, 21.75, 9999.0, 23.82, 9999.0, 117.7, 127.75, 120.25, 91.25, 138.5
2024-11-07, 10:15:58, 136.5, 58.25, 22.95, 22.0, 9999.0, 9.59, 10.0, 21.75, 9999.0, 23.8, 9999.0, 117.68, 127.75, 120.25, 91.25, 138.5
2024-11-07, 10:16:02, 136.5, 58.25, 22.98, 22.0, 9999.0, 9.59, 10.0, 21.75, 9999.0, 23.77, 9999.0, 117.66, 127.75, 120.25, 91.25, 138.5
2024-11-07, 10:16:06, 136.5, 58.25, 22.98, 22.0, 9999.0, 9.64, 10.0, 21.75, 9999.0, 23.75, 9999.0, 117.64, 127.75, 120.25, 91.25, 138.5
2024-11-07, 10:16:10, 136.5, 58.25, 22.98, 22.0, 9999.0, 9.64, 10.0, 21.75, 9999.0, 23.7, 9999.0, 117.64, 127.75, 120.25, 91.25, 138.5
2024-11-07, 10:16:14, 136.5, 58.25, 22.98, 22.0, 9999.0, 9.66, 10.0, 21.75, 9999.0, 23.66, 9999.0, 117.64, 127.75, 120.25, 91.25, 138.5
2024-11-07, 10:16:18, 136.5, 58.25, 22.98, 22.0, 9999.0, 9.68, 10.0, 21.75, 9999.0, 23.64, 9999.0, 117.64, 127.75, 120.25, 91.25, 138.5
2024-11-07, 10:16:22, 136.5, 58.25, 22.98, 22.0, 9999.0, 9.7, 10.0, 21.75, 9999.0, 23.59, 9999.0, 117.66, 127.75, 120.25, 91.25, 138.5
2024-11-07, 10:16:26, 136.5, 58.25, 22.98, 22.0, 9999.0, 9.73, 10.0, 21.75, 9999.0, 23.57, 9999.0, 117.68, 127.75, 120.25, 91.25, 138.5
2024-11-07, 10:16:30, 136.5, 58.25, 22.98, 22.0, 9999.0, 9.75, 10.0, 21.75, 9999.0, 23.55, 9999.0, 117.73, 127.75, 120.25, 91.25, 138.5
2024-11-07, 10:16:34, 136.5, 58.25, 23.0, 22.0, 9999.0, 9.77, 10.0, 21.75, 9999.0, 23.55, 9999.0, 117.75, 127.75, 120.25, 91.25, 138.5
2024-11-07, 10:16:38, 136.5, 58.25, 23.0, 22.0, 9999.0, 9.77, 10.0, 21.75, 9999.0, 23.52, 9999.0, 117.77, 127.75, 120.25, 91.25, 138.5
2024-11-07, 10:16:42, 136.5, 58.25, 23.0, 22.0, 9999.0, 9.77, 10.0, 21.75, 9999.0, 23.55, 9999.0, 117.8, 127.75, 120.25, 91.25, 138.5
2024-11-07, 10:16:46, 136.5, 58.25, 23.0, 22.02, 9999.0, 9.77, 10.0, 21.75, 9999.0, 23.57, 9999.0, 117.82, 127.77, 120.25, 91.25, 138.5
2024-11-07, 10:16:50, 136.5, 58.25, 23.0, 22.02, 9999.0, 9.73, 10.0, 21.75, 9999.0, 23.59, 9999.0, 117.84, 127.77, 120.25, 91.25, 138.5
2024-11-07, 10:16:54, 136.5, 58.25, 23.0, 22.02, 9999.0, 9.7, 10.0, 21.75, 9999.0, 23.61, 9999.0, 117.84, 127.77, 120.25, 91.25, 138.5
2024-11-07, 10:16:58, 136.5, 58.25, 23.0, 22.05, 9999.0, 9.68, 10.0, 21.75, 9999.0, 23.64, 9999.0, 117.84, 127.8, 120.25, 91.25, 138.5
2024-11-07, 10:17:02, 136.5, 58.25, 23.0, 22.07, 9999.0, 9.66, 10.0, 21.75, 9999.0, 23.66, 9999.0, 117.84, 127.8, 120.25, 91.25, 138.5
2024-11-07, 10:17:06, 136.5, 58.25, 23.0, 22.07, 9999.0, 9.66, 10.0, 21.75, 9999.0, 23.68, 9999.0, 117.82, 127.8, 120.25, 91.25, 138.5
2024-11-07, 10:17:10, 136.5, 58.25, 23.0, 22.07, 9999.0, 9.64, 10.0, 21.75, 9999.0, 23.7, 9999.0, 117.8, 127.8, 120.25, 91.25, 138.5
2024-11-07, 10:17:14, 136.5, 58.25, 23.0, 22.07, 9999.0, 9.64, 10.0, 21.75, 9999.0, 23.73, 9999.0, 117.77, 127.8, 120.25, 91.25, 138.5
2024-11-07, 10:17:18, 136.5, 58.25, 23.0, 22.09, 9999.0, 9.64, 10.0, 21.75, 9999.0, 23.73, 9999.0, 117.75, 127.8, 120.25, 91.25, 138.5
2024-11-07, 10:17:22, 136.5, 58.25, 23.0, 22.09, 9999.0, 9.64, 10.0, 21.75, 9999.0, 23.75, 9999.0, 117.75, 127.8, 120.25, 91.25, 138.5
2024-11-07, 10:17:26, 136.5, 58.25, 23.0, 22.09, 9999.0, 9.66, 10.0, 21.75, 9999.0, 23.75, 9999.0, 117.73, 127.8, 120.25, 91.25, 138.5
2024-11-07, 10:17:30, 136.5, 58.25, 23.0, 22.09, 9999.0, 9.68, 10.0, 21.75, 9999.0, 23.75, 9999.0, 117.73, 127.77, 120.25, 91.25, 138.5
2024-11-07, 10:17:34, 136.5, 58.25, 23.0, 22.09, 9999.0, 9.7, 10.0, 21.75, 9999.0, 23.75, 9999.0, 117.73, 127.77, 120.25, 91.25, 138.5
2024-11-07, 10:17:38, 136.5, 58.25, 23.0, 22.11, 9999.0, 9.73, 10.0, 21.75, 9999.0, 23.73, 9999.0, 117.73, 127.77, 120.25, 91.25, 138.5
2024-11-07, 10:17:42, 136.5, 58.25, 23.0, 22.09, 9999.0, 9.75, 10.0, 21.75, 9999.0, 23.7, 9999.0, 117.75, 127.75, 120.25, 91.25, 138.5
2024-11-07, 10:17:46, 136.5, 58.25, 23.0, 22.07, 9999.0, 9.77, 10.0, 21.75, 9999.0, 23.68, 9999.0, 117.77, 127.75, 120.25, 91.25, 138.5
2024-11-07, 10:17:50, 136.5, 58.25, 23.0, 22.07, 9999.0, 9.77, 10.0, 21.75, 9999.0, 23.66, 9999.0, 117.8, 127.75, 120.25, 91.25, 138.5
2024-11-07, 10:17:54, 136.5, 58.25, 23.0, 22.09, 9999.0, 9.8, 10.0, 21.75, 9999.0, 23.66, 9999.0, 117.8, 127.75, 120.25, 91.25, 138.5
2024-11-07, 10:17:58, 136.5, 58.25, 23.0, 22.11, 9999.0, 9.8, 10.0, 21.75, 9999.0, 23.66, 9999.0, 117.82, 127.75, 120.25, 91.25, 138.5
2024-11-07, 10:18:02, 136.5, 58.25, 23.0, 22.11, 9999.0, 9.8, 10.0, 21.75, 9999.0, 23.66, 9999.0, 117.84, 127.75, 120.25, 91.25, 138.5
2024-11-07, 10:18:06, 136.5, 58.25, 22.98, 22.14, 9999.0, 9.77, 10.0, 21.75, 9999.0, 23.68, 9999.0, 117.84, 127.75, 120.25, 91.25, 138.5
2024-11-07, 10:18:10, 136.5, 58.25, 22.98, 22.16, 9999.0, 9.75, 10.0, 21.75, 9999.0, 23.7, 9999.0, 117.86, 127.75, 120.25, 91.25, 138.5
2024-11-07, 10:18:14, 136.5, 58.25, 22.98, 22.14, 9999.0, 9.73, 10.0, 21.75, 9999.0, 23.73, 9999.0, 117.86, 127.75, 120.25, 91.25, 138.5
2024-11-07, 10:18:18, 136.5, 58.25, 22.98, 22.16, 9999.0, 9.7, 10.0, 21.75, 9999.0, 23.73, 9999.0, 117.86, 127.77, 120.25, 91.25, 138.5
2024-11-07, 10:18:23, 136.5, 58.25, 22.98, 22.16, 9999.0, 9.68, 10.0, 21.75, 9999.0, 23.75, 9999.0, 117.86, 127.77, 120.25, 91.25, 138.5
2024-11-07, 10:18:27, 136.5, 58.25, 22.98, 22.16, 9999.0, 9.66, 10.0, 21.73, 9999.0, 23.77, 9999.0, 117.84, 127.77, 120.25, 91.25, 138.5
2024-11-07, 10:18:31, 136.5, 58.25, 22.98, 22.18, 9999.0, 9.64, 10.0, 21.73, 9999.0, 23.8, 9999.0, 117.82, 127.77, 120.25, 91.25, 138.5
2024-11-07, 10:18:35, 136.5, 58.25, 22.98, 22.2, 9999.0, 9.64, 10.0, 21.73, 9999.0, 23.82, 9999.0, 117.77, 127.77, 120.25, 91.25, 138.5
2024-11-07, 10:18:39, 136.5, 58.25, 22.95, 22.2, 9999.0, 9.64, 10.0, 21.7, 9999.0, 23.82, 9999.0, 117.75, 127.77, 120.25, 91.25, 138.5
2024-11-07, 10:18:43, 136.5, 58.27, 22.95, 22.2, 9999.0, 9.64, 10.0, 21.7, 9999.0, 23.82, 9999.0, 117.7, 127.77, 120.25, 91.25, 138.5
2024-11-07, 10:18:47, 136.5, 58.27, 22.95, 22.2, 9999.0, 9.66, 10.02, 21.7, 9999.0, 23.82, 9999.0, 117.66, 127.77, 120.25, 91.25, 138.5
2024-11-07, 10:18:51, 136.5, 58.27, 22.98, 22.18, 9999.0, 9.68, 10.02, 21.7, 9999.0, 23.8, 9999.0, 117.66, 127.77, 120.25, 91.25, 138.5
2024-11-07, 10:18:55, 136.5, 58.27, 22.98, 22.16, 9999.0, 9.7, 10.02, 21.7, 9999.0, 23.75, 9999.0, 117.66, 127.77, 120.25, 91.25, 138.5
2024-11-07, 10:18:59, 136.5, 58.27, 22.98, 22.18, 9999.0, 9.7, 10.02, 21.7, 9999.0, 23.7, 9999.0, 117.66, 127.77, 120.25, 91.25, 138.5
2024-11-07, 10:19:03, 136.5, 58.27, 22.98, 22.16, 9999.0, 9.73, 10.02, 21.7, 9999.0, 23.68, 9999.0, 117.68, 127.75, 120.25, 91.25, 138.5
2024-11-07, 10:19:07, 136.5, 58.3, 22.98, 22.16, 9999.0, 9.75, 10.02, 21.7, 9999.0, 23.66, 9999.0, 117.7, 127.75, 120.25, 91.25, 138.5
2024-11-07, 10:19:11, 136.5, 58.3, 22.98, 22.18, 9999.0, 9.77, 10.02, 21.73, 9999.0, 23.66, 9999.0, 117.73, 127.75, 120.25, 91.25, 138.5
2024-11-07, 10:19:15, 136.48, 58.32, 22.98, 22.18, 9999.0, 9.8, 10.02, 21.73, 9999.0, 23.64, 9999.0, 117.75, 127.75, 120.25, 91.25, 138.5
2024-11-07, 10:19:19, 136.48, 58.32, 22.98, 22.18, 9999.0, 9.8, 10.02, 21.73, 9999.0, 23.61, 9999.0, 117.77, 127.75, 120.25, 91.25, 138.5
2024-11-07, 10:19:23, 136.48, 58.32, 23.0, 22.18, 9999.0, 9.8, 10.02, 21.73, 9999.0, 23.64, 9999.0, 117.8, 127.77, 120.25, 91.25, 138.5
2024-11-07, 10:19:27, 136.48, 58.3, 23.0, 22.16, 9999.0, 9.77, 10.02, 21.73, 9999.0, 23.66, 9999.0, 117.82, 127.77, 120.25, 91.25, 138.5
2024-11-07, 10:19:31, 136.48, 58.32, 23.0, 22.14, 9999.0, 9.75, 10.0, 21.73, 9999.0, 23.68, 9999.0, 117.84, 127.77, 120.25, 91.25, 138.5
2024-11-07, 10:19:35, 136.48, 58.32, 23.0, 22.16, 9999.0, 9.73, 10.0, 21.73, 9999.0, 23.7, 9999.0, 117.84, 127.77, 120.25, 91.25, 138.52
2024-11-07, 10:19:39, 136.48, 58.32, 23.0, 22.18, 9999.0, 9.68, 10.0, 21.73, 9999.0, 23.73, 9999.0, 117.84, 127.77, 120.25, 91.23, 138.52
2024-11-07, 10:19:43, 136.48, 58.32, 23.0, 22.18, 9999.0, 9.66, 10.0, 21.7, 9999.0, 23.77, 9999.0, 117.84, 127.77, 120.25, 91.23, 138.52
2024-11-07, 10:19:47, 136.48, 58.32, 23.0, 22.18, 9999.0, 9.64, 10.0, 21.7, 9999.0, 23.8, 9999.0, 117.82, 127.77, 120.25, 91.23, 138.52
2024-11-07, 10:19:51, 136.48, 58.3, 23.0, 22.16, 9999.0, 9.61, 10.0, 21.7, 9999.0, 23.82, 9999.0, 117.77, 127.77, 120.25, 91.23, 138.52
2024-11-07, 10:19:55, 136.48, 58.3, 23.0, 22.16, 9999.0, 9.61, 10.0, 21.7, 9999.0, 23.82, 9999.0, 117.73, 127.77, 120.25, 91.2, 138.52
2024-11-07, 10:19:59, 136.5, 58.27, 23.0, 22.16, 9999.0, 9.61, 10.0, 21.7, 9999.0, 23.84, 9999.0, 117.7, 127.77, 120.25, 91.18, 138.52
2024-11-07, 10:20:03, 136.5, 58.27, 23.0, 22.16, 9999.0, 9.61, 10.0, 21.7, 9999.0, 23.86, 9999.0, 117.68, 127.77, 120.25, 91.16, 138.52
2024-11-07, 10:20:07, 136.5, 58.3, 23.0, 22.16, 9999.0, 9.64, 10.0, 21.73, 9999.0, 23.84, 9999.0, 117.68, 127.75, 120.25, 91.16, 138.52
2024-11-07, 10:20:11, 136.5, 58.32, 23.0, 22.18, 9999.0, 9.68, 10.0, 21.73, 9999.0, 23.82, 9999.0, 117.68, 127.75, 120.25, 91.14, 138.52
2024-11-07, 10:20:15, 136.48, 58.3, 23.0, 22.2, 9999.0, 9.68, 10.0, 21.73, 9999.0, 23.8, 9999.0, 117.68, 127.75, 120.25, 91.14, 138.55
2024-11-07, 10:20:19, 136.48, 58.3, 23.0, 22.2, 9999.0, 9.7, 10.0, 21.73, 9999.0, 23.77, 9999.0, 117.68, 127.75, 120.25, 91.11, 138.55
2024-11-07, 10:20:23, 136.48, 58.3, 23.0, 22.2, 9999.0, 9.73, 10.0, 21.73, 9999.0, 23.77, 9999.0, 117.7, 127.75, 120.25, 91.14, 138.55
2024-11-07, 10:20:27, 136.48, 58.3, 23.0, 22.2, 9999.0, 9.75, 10.02, 21.75, 9999.0, 23.75, 9999.0, 117.73, 127.75, 120.25, 91.14, 138.55
2024-11-07, 10:20:31, 136.48, 58.3, 23.0, 22.2, 9999.0, 9.77, 10.02, 21.75, 9999.0, 23.77, 9999.0, 117.75, 127.75, 120.25, 91.14, 138.55
2024-11-07, 10:20:35, 136.48, 58.3, 23.0, 22.23, 9999.0, 9.8, 10.02, 21.75, 9999.0, 23.8, 9999.0, 117.77, 127.75, 120.25, 91.11, 138.55
2024-11-07, 10:20:39, 136.48, 58.3, 23.0, 22.23, 9999.0, 9.8, 10.02, 21.75, 9999.0, 23.82, 9999.0, 117.82, 127.75, 120.25, 91.14, 138.55
2024-11-07, 10:20:43, 136.45, 58.3, 23.0, 22.2, 9999.0, 9.8, 10.02, 21.75, 9999.0, 23.86, 9999.0, 117.82, 127.77, 120.25, 91.16, 138.55
2024-11-07, 10:20:47, 136.45, 58.3, 23.0, 22.2, 9999.0, 9.8, 10.02, 21.75, 9999.0, 23.89, 9999.0, 117.84, 127.77, 120.25, 91.18, 138.55
2024-11-07, 10:20:51, 136.45, 58.27, 23.0, 22.2, 9999.0, 9.77, 10.02, 21.75, 9999.0, 23.91, 9999.0, 117.84, 127.77, 120.25, 91.18, 138.55
2024-11-07, 10:20:58, 136.45, 58.27, 22.98, 22.2, 9999.0, 9.73, 10.02, 21.75, 9999.0, 23.91, 9999.0, 117.84, 127.77, 120.25, 91.2, 138.55
2024-11-07, 10:21:02, 136.48, 58.27, 22.98, 22.2, 9999.0, 9.7, 10.02, 21.75, 9999.0, 23.91, 9999.0, 117.84, 127.77, 120.25, 91.2, 138.52
2024-11-07, 10:21:06, 136.48, 58.27, 22.98, 22.2, 9999.0, 9.68, 10.02, 21.75, 9999.0, 23.91, 9999.0, 117.84, 127.77, 120.25, 91.23, 138.5
2024-11-07, 10:21:10, 136.48, 58.27, 22.98, 22.2, 9999.0, 9.66, 10.02, 21.75, 9999.0, 23.91, 9999.0, 117.82, 127.77, 120.25, 91.23, 138.5
2024-11-07, 10:21:14, 136.48, 58.27, 22.98, 22.2, 9999.0, 9.64, 10.0, 21.75, 9999.0, 23.91, 9999.0, 117.8, 127.77, 120.25, 91.23, 138.5
2024-11-07, 10:21:18, 136.48, 58.3, 22.98, 22.2, 9999.0, 9.64, 10.0, 21.75, 9999.0, 23.89, 9999.0, 117.75, 127.77, 120.25, 91.23, 138.5
2024-11-07, 10:21:22, 136.48, 58.3, 22.98, 22.18, 9999.0, 9.64, 10.0, 21.75, 9999.0, 23.89, 9999.0, 117.75, 127.77, 120.25, 91.25, 138.5
2024-11-07, 10:21:26, 136.48, 58.3, 22.98, 22.18, 9999.0, 9.64, 10.0, 21.75, 9999.0, 23.86, 9999.0, 117.7, 127.77, 120.25, 91.25, 138.5
2024-11-07, 10:21:30, 136.5, 58.3, 22.98, 22.18, 9999.0, 9.66, 10.0, 21.75, 9999.0, 23.84, 9999.0, 117.68, 127.75, 120.25, 91.25, 138.5
2024-11-07, 10:21:34, 136.5, 58.3, 22.98, 22.16, 9999.0, 9.66, 10.0, 21.75, 9999.0, 23.84, 9999.0, 117.68, 127.75, 120.25, 91.25, 138.5
2024-11-07, 10:21:38, 136.5, 58.32, 22.98, 22.14, 9999.0, 9.66, 10.0, 21.75, 9999.0, 23.82, 9999.0, 117.68, 127.75, 120.25, 91.23, 138.5
2024-11-07, 10:21:42, 136.5, 58.3, 23.0, 22.14, 9999.0, 9.68, 10.0, 21.75, 9999.0, 23.84, 9999.0, 117.68, 127.75, 120.25, 91.23, 138.5
2024-11-07, 10:21:46, 136.5, 58.32, 23.0, 22.14, 9999.0, 9.7, 10.02, 21.75, 9999.0, 23.84, 9999.0, 117.7, 127.75, 120.25, 91.23, 138.5
2024-11-07, 10:21:50, 136.5, 58.34, 23.0, 22.11, 9999.0, 9.73, 10.02, 21.75, 9999.0, 23.84, 9999.0, 117.73, 127.75, 120.25, 91.23, 138.5
2024-11-07, 10:21:54, 136.5, 58.34, 22.98, 22.09, 9999.0, 9.75, 10.02, 21.75, 9999.0, 23.86, 9999.0, 117.75, 127.75, 120.25, 91.23, 138.5
2024-11-07, 10:21:58, 136.5, 58.34, 22.98, 22.07, 9999.0, 9.77, 10.02, 21.75, 9999.0, 23.89, 9999.0, 117.77, 127.75, 120.25, 91.23, 138.5
2024-11-07, 10:22:02, 136.5, 58.32, 22.98, 22.07, 9999.0, 9.77, 10.02, 21.75, 9999.0, 23.91, 9999.0, 117.82, 127.75, 120.25, 91.23, 138.5
2024-11-07, 10:22:06, 136.5, 58.34, 22.98, 22.07, 9999.0, 9.77, 10.02, 21.75, 9999.0, 23.91, 9999.0, 117.82, 127.75, 120.25, 91.23, 138.5
2024-11-07, 10:22:10, 136.5, 58.36, 22.95, 22.07, 9999.0, 9.77, 10.02, 21.75, 9999.0, 23.93, 9999.0, 117.84, 127.75, 120.25, 91.23, 138.5
2024-11-07, 10:22:14, 136.5, 58.39, 22.95, 22.09, 9999.0, 9.73, 10.02, 21.75, 9999.0, 23.93, 9999.0, 117.86, 127.75, 120.25, 91.23, 138.5
2024-11-07, 10:22:18, 136.5, 58.39, 22.95, 22.11, 9999.0, 9.73, 10.02, 21.75, 9999.0, 23.93, 9999.0, 117.86, 127.75, 120.25, 91.23, 138.5
2024-11-07, 10:22:22, 136.5, 58.39, 22.93, 22.14, 9999.0, 9.7, 10.02, 21.75, 9999.0, 23.93, 9999.0, 117.86, 127.75, 120.25, 91.25, 138.5
2024-11-07, 10:22:26, 136.5, 58.39, 22.93, 22.14, 9999.0, 9.68, 10.02, 21.75, 9999.0, 23.93, 9999.0, 117.84, 127.75, 120.25, 91.25, 138.5
2024-11-07, 10:22:30, 136.5, 58.36, 22.91, 22.14, 9999.0, 9.66, 10.0, 21.75, 9999.0, 23.95, 9999.0, 117.82, 127.75, 120.25, 91.25, 138.5
2024-11-07, 10:22:34, 136.5, 58.34, 22.91, 22.16, 9999.0, 9.66, 10.0, 21.75, 9999.0, 23.98, 9999.0, 117.77, 127.75, 120.25, 91.23, 138.5
2024-11-07, 10:22:38, 136.5, 58.34, 22.93, 22.18, 9999.0, 9.66, 10.0, 21.75, 9999.0, 23.98, 9999.0, 117.73, 127.75, 120.25, 91.2, 138.5
2024-11-07, 10:22:42, 136.5, 58.34, 22.93, 22.18, 9999.0, 9.66, 10.0, 21.75, 9999.0, 23.95, 9999.0, 117.7, 127.75, 120.25, 91.18, 138.5
2024-11-07, 10:22:46, 136.5, 58.34, 22.93, 22.2, 9999.0, 9.68, 10.0, 21.75, 9999.0, 23.95, 9999.0, 117.66, 127.75, 120.25, 91.16, 138.5
2024-11-07, 10:22:50, 136.48, 58.34, 22.93, 22.2, 9999.0, 9.68, 10.0, 21.75, 9999.0, 23.95, 9999.0, 117.66, 127.75, 120.25, 91.16, 138.5
2024-11-07, 10:22:54, 136.48, 58.32, 22.95, 22.18, 9999.0, 9.68, 10.0, 21.75, 9999.0, 23.95, 9999.0, 117.66, 127.75, 120.25, 91.16, 138.5
2024-11-07, 10:22:58, 136.48, 58.3, 22.93, 22.18, 9999.0, 9.73, 10.0, 21.75, 9999.0, 23.95, 9999.0, 117.66, 127.75, 120.25, 91.16, 138.5
2024-11-07, 10:23:02, 136.48, 58.3, 22.91, 22.16, 9999.0, 9.73, 10.0, 21.75, 9999.0, 23.95, 9999.0, 117.68, 127.75, 120.25, 91.16, 138.5
2024-11-07, 10:23:06, 136.48, 58.27, 22.91, 22.14, 9999.0, 9.75, 10.0, 21.75, 9999.0, 23.95, 9999.0, 117.7, 127.75, 120.25, 91.16, 138.5
2024-11-07, 10:23:10, 136.48, 58.27, 22.91, 22.11, 9999.0, 9.77, 10.0, 21.75, 9999.0, 23.93, 9999.0, 117.73, 127.75, 120.25, 91.16, 138.5
2024-11-07, 10:23:14, 136.48, 58.3, 22.93, 22.11, 9999.0, 9.8, 10.0, 21.75, 9999.0, 23.93, 9999.0, 117.75, 127.75, 120.25, 91.16, 138.5
2024-11-07, 10:23:18, 136.48, 58.32, 22.93, 22.09, 9999.0, 9.8, 10.0, 21.75, 9999.0, 23.93, 9999.0, 117.77, 127.75, 120.25, 91.18, 138.5
2024-11-07, 10:23:23, 136.48, 58.34, 22.93, 22.07, 9999.0, 9.8, 10.0, 21.75, 9999.0, 23.93, 9999.0, 117.8, 127.75, 120.25, 91.2, 138.5
2024-11-07, 10:23:27, 136.48, 58.34, 22.93, 22.07, 9999.0, 9.8, 10.0, 21.75, 9999.0, 23.98, 9999.0, 117.8, 127.75, 120.25, 91.23, 138.5
2024-11-07, 10:23:31, 136.48, 58.34, 22.93, 22.07, 9999.0, 9.77, 10.0, 21.75, 9999.0, 23.98, 9999.0, 117.82, 127.75, 120.25, 91.25, 138.5
2024-11-07, 10:23:35, 136.5, 58.34, 22.93, 22.07, 9999.0, 9.77, 10.0, 21.75, 9999.0, 23.98, 9999.0, 117.82, 127.75, 120.25, 91.25, 138.5
2024-11-07, 10:23:39, 136.5, 58.36, 22.91, 22.07, 9999.0, 9.75, 10.0, 21.75, 9999.0, 23.98, 9999.0, 117.82, 127.75, 120.25, 91.25, 138.5
2024-11-07, 10:23:43, 136.5, 58.39, 22.93, 22.05, 9999.0, 9.7, 10.0, 21.75, 9999.0, 23.98, 9999.0, 117.82, 127.75, 120.25, 91.25, 138.5
2024-11-07, 10:23:47, 136.5, 58.39, 22.93, 22.07, 9999.0, 9.68, 10.0, 21.75, 9999.0, 23.98, 9999.0, 117.8, 127.75, 120.25, 91.25, 138.5
2024-11-07, 10:23:51, 136.5, 58.39, 22.95, 22.07, 9999.0, 9.66, 10.0, 21.75, 9999.0, 24.0, 9999.0, 117.75, 127.75, 120.25, 91.25, 138.5
2024-11-07, 10:23:55, 136.5, 58.41, 22.93, 22.07, 9999.0, 9.66, 10.0, 21.75, 9999.0, 24.02, 9999.0, 117.73, 127.75, 120.25, 91.25, 138.5
2024-11-07, 10:23:59, 136.5, 58.41, 22.93, 22.05, 9999.0, 9.66, 10.0, 21.75, 9999.0, 24.02, 9999.0, 117.68, 127.75, 120.25, 91.25, 138.5
2024-11-07, 10:24:03, 136.5, 58.39, 22.93, 22.05, 9999.0, 9.66, 10.0, 21.75, 9999.0, 24.02, 9999.0, 117.66, 127.75, 120.25, 91.25, 138.5
2024-11-07, 10:24:07, 136.5, 58.39, 22.93, 22.05, 9999.0, 9.66, 10.0, 21.75, 9999.0, 24.0, 9999.0, 117.64, 127.75, 120.25, 91.25, 138.5
2024-11-07, 10:24:11, 136.5, 58.41, 22.93, 22.05, 9999.0, 9.66, 10.0, 21.75, 9999.0, 23.95, 9999.0, 117.64, 127.75, 120.25, 91.25, 138.5
2024-11-07, 10:24:15, 136.5, 58.41, 22.93, 22.02, 9999.0, 9.66, 10.0, 21.75, 9999.0, 23.93, 9999.0, 117.64, 127.75, 120.25, 91.25, 138.5
2024-11-07, 10:24:19, 136.5, 58.39, 22.91, 22.05, 9999.0, 9.66, 10.0, 21.75, 9999.0, 23.91, 9999.0, 117.64, 127.75, 120.25, 91.25, 138.5
2024-11-07, 10:24:23, 136.5, 58.36, 22.91, 22.07, 9999.0, 9.68, 10.0, 21.75, 9999.0, 23.89, 9999.0, 117.66, 127.75, 120.25, 91.25, 138.5
2024-11-07, 10:24:27, 136.5, 58.34, 22.89, 22.07, 9999.0, 9.7, 10.0, 21.75, 9999.0, 23.86, 9999.0, 117.68, 127.75, 120.25, 91.25, 138.5
2024-11-07, 10:24:31, 136.5, 58.34, 22.89, 22.05, 9999.0, 9.73, 10.0, 21.75, 9999.0, 23.84, 9999.0, 117.7, 127.75, 120.25, 91.25, 138.5
2024-11-07, 10:24:35, 136.5, 58.36, 22.89, 22.07, 9999.0, 9.75, 10.0, 21.75, 9999.0, 23.84, 9999.0, 117.73, 127.75, 120.25, 91.25, 138.5
2024-11-07, 10:24:39, 136.5, 58.34, 22.91, 22.09, 9999.0, 9.75, 10.0, 21.75, 9999.0, 23.82, 9999.0, 117.75, 127.75, 120.25, 91.25, 138.5
2024-11-07, 10:24:43, 136.5, 58.32, 22.89, 22.09, 9999.0, 9.75, 10.0, 21.75, 9999.0, 23.82, 9999.0, 117.8, 127.75, 120.25, 91.25, 138.5
2024-11-07, 10:24:47, 136.5, 58.34, 22.86, 22.09, 9999.0, 9.75, 10.0, 21.75, 9999.0, 23.82, 9999.0, 117.82, 127.75, 120.25, 91.25, 138.5
2024-11-07, 10:24:51, 136.5, 58.32, 22.84, 22.09, 9999.0, 9.73, 10.0, 21.75, 9999.0, 23.84, 9999.0, 117.84, 127.75, 120.25, 91.25, 138.5
2024-11-07, 10:24:55, 136.5, 58.32, 22.84, 22.09, 9999.0, 9.7, 10.0, 21.75, 9999.0, 23.89, 9999.0, 117.84, 127.75, 120.25, 91.25, 138.5
2024-11-07, 10:24:59, 136.5, 58.32, 22.84, 22.09, 9999.0, 9.68, 10.0, 21.75, 9999.0, 23.93, 9999.0, 117.84, 127.75, 120.25, 91.25, 138.5
2024-11-07, 10:25:03, 136.5, 58.34, 22.86, 22.07, 9999.0, 9.66, 10.0, 21.73, 9999.0, 23.95, 9999.0, 117.84, 127.75, 120.25, 91.25, 138.5
2024-11-07, 10:25:07, 136.5, 58.34, 22.86, 22.05, 9999.0, 9.64, 10.0, 21.73, 9999.0, 23.98, 9999.0, 117.82, 127.75, 120.25, 91.25, 138.5
2024-11-07, 10:25:11, 136.5, 58.36, 22.86, 22.07, 9999.0, 9.61, 10.0, 21.73, 9999.0, 24.0, 9999.0, 117.77, 127.75, 120.25, 91.25, 138.5
2024-11-07, 10:25:15, 136.5, 58.36, 22.86, 22.09, 9999.0, 9.61, 10.0, 21.73, 9999.0, 24.0, 9999.0, 117.73, 127.75, 120.25, 91.25, 138.5
2024-11-07, 10:25:19, 136.5, 58.34, 22.86, 22.07, 9999.0, 9.61, 10.0, 21.73, 9999.0, 24.0, 9999.0, 117.7, 127.75, 120.25, 91.25, 138.5
2024-11-07, 10:25:23, 136.5, 58.34, 22.86, 22.05, 9999.0, 9.61, 10.0, 21.73, 9999.0, 24.02, 9999.0, 117.68, 127.75, 120.25, 91.23, 138.5
2024-11-07, 10:25:27, 136.5, 58.34, 22.89, 22.05, 9999.0, 9.64, 10.0, 21.73, 9999.0, 24.02, 9999.0, 117.64, 127.75, 120.25, 91.23, 138.5
2024-11-07, 10:25:31, 136.5, 58.32, 22.91, 22.05, 9999.0, 9.64, 10.0, 21.73, 9999.0, 24.0, 9999.0, 117.64, 127.75, 120.25, 91.23, 138.5
2024-11-07, 10:25:35, 136.5, 58.34, 22.93, 22.05, 9999.0, 9.66, 10.0, 21.73, 9999.0, 23.98, 9999.0, 117.64, 127.75, 120.25, 91.23, 138.5
2024-11-07, 10:25:39, 136.5, 58.32, 22.91, 22.05, 9999.0, 9.68, 10.0, 21.73, 9999.0, 23.93, 9999.0, 117.64, 127.75, 120.25, 91.23, 138.5
2024-11-07, 10:25:43, 136.5, 58.32, 22.89, 22.05, 9999.0, 9.7, 10.0, 21.73, 9999.0, 23.91, 9999.0, 117.66, 127.75, 120.25, 91.23, 138.5
2024-11-07, 10:25:47, 136.5, 58.32, 22.89, 22.05, 9999.0, 9.73, 10.0, 21.75, 9999.0, 23.91, 9999.0, 117.66, 127.75, 120.25, 91.23, 138.5
2024-11-07, 10:25:51, 136.5, 58.34, 22.91, 22.05, 9999.0, 9.75, 10.0, 21.75, 9999.0, 23.93, 9999.0, 117.66, 127.75, 120.25, 91.23, 138.5
2024-11-07, 10:25:55, 136.5, 58.32, 22.91, 22.02, 9999.0, 9.77, 10.0, 21.75, 9999.0, 23.93, 9999.0, 117.68, 127.75, 120.25, 91.23, 138.5
2024-11-07, 10:25:59, 136.5, 58.32, 22.91, 22.0, 9999.0, 9.77, 10.0, 21.75, 9999.0, 23.98, 9999.0, 117.7, 127.75, 120.25, 91.23, 138.5
2024-11-07, 10:26:03, 136.5, 58.34, 22.89, 22.02, 9999.0, 9.77, 10.0, 21.75, 9999.0, 24.0, 9999.0, 117.73, 127.75, 120.25, 91.23, 138.5
2024-11-07, 10:26:07, 136.5, 58.36, 22.86, 22.02, 9999.0, 9.77, 10.0, 21.75, 9999.0, 24.02, 9999.0, 117.75, 127.75, 120.25, 91.25, 138.5
2024-11-07, 10:26:11, 136.5, 58.39, 22.86, 22.05, 9999.0, 9.75, 10.0, 21.75, 9999.0, 24.05, 9999.0, 117.77, 127.75, 120.25, 91.25, 138.5
2024-11-07, 10:26:15, 136.5, 58.41, 22.84, 22.07, 9999.0, 9.73, 10.0, 21.75, 9999.0, 24.07, 9999.0, 117.77, 127.75, 120.25, 91.25, 138.5
2024-11-07, 10:26:19, 136.5, 58.39, 22.84, 22.07, 9999.0, 9.7, 10.0, 21.75, 9999.0, 24.09, 9999.0, 117.75, 127.75, 120.25, 91.25, 138.5
2024-11-07, 10:26:23, 136.5, 58.39, 22.84, 22.07, 9999.0, 9.68, 10.0, 21.75, 9999.0, 24.11, 9999.0, 117.75, 127.75, 120.25, 91.25, 138.5
2024-11-07, 10:26:27, 136.5, 58.39, 22.86, 22.07, 9999.0, 9.66, 10.0, 21.75, 9999.0, 24.11, 9999.0, 117.73, 127.75, 120.25, 91.25, 138.5
2024-11-07, 10:26:31, 136.5, 58.36, 22.86, 22.07, 9999.0, 9.66, 10.0, 21.75, 9999.0, 24.11, 9999.0, 117.7, 127.75, 120.25, 91.25, 138.5
2024-11-07, 10:26:35, 136.5, 58.36, 22.84, 22.09, 9999.0, 9.66, 10.0, 21.75, 9999.0, 24.09, 9999.0, 117.68, 127.75, 120.25, 91.23, 138.5
2024-11-07, 10:26:39, 136.5, 58.36, 22.84, 22.09, 9999.0, 9.66, 10.0, 21.75, 9999.0, 24.09, 9999.0, 117.66, 127.75, 120.25, 91.2, 138.5
2024-11-07, 10:26:43, 136.5, 58.36, 22.84, 22.11, 9999.0, 9.68, 10.0, 21.75, 9999.0, 24.05, 9999.0, 117.64, 127.75, 120.25, 91.2, 138.5
2024-11-07, 10:26:47, 136.5, 58.34, 22.84, 22.11, 9999.0, 9.68, 10.0, 21.75, 9999.0, 24.02, 9999.0, 117.64, 127.75, 120.25, 91.18, 138.5
2024-11-07, 10:26:51, 136.5, 58.32, 22.86, 22.11, 9999.0, 9.68, 10.0, 21.75, 9999.0, 23.98, 9999.0, 117.64, 127.75, 120.25, 91.18, 138.5
2024-11-07, 10:26:55, 136.48, 58.3, 22.84, 22.11, 9999.0, 9.7, 10.0, 21.75, 9999.0, 23.93, 9999.0, 117.64, 127.75, 120.25, 91.18, 138.5
2024-11-07, 10:26:59, 136.48, 58.27, 22.84, 22.09, 9999.0, 9.73, 10.0, 21.75, 9999.0, 23.91, 9999.0, 117.66, 127.75, 120.25, 91.18, 138.5
2024-11-07, 10:27:03, 136.48, 58.27, 22.82, 22.11, 9999.0, 9.75, 10.0, 21.75, 9999.0, 23.89, 9999.0, 117.7, 127.75, 120.25, 91.18, 138.5
2024-11-07, 10:27:08, 136.48, 58.27, 22.84, 22.11, 9999.0, 9.77, 10.0, 21.75, 9999.0, 23.89, 9999.0, 117.7, 127.75, 120.25, 91.18, 138.5
2024-11-07, 10:27:12, 136.48, 58.27, 22.84, 22.11, 9999.0, 9.8, 10.0, 21.75, 9999.0, 23.89, 9999.0, 117.7, 127.75, 120.25, 91.18, 138.5
2024-11-07, 10:27:16, 136.48, 58.3, 22.84, 22.11, 9999.0, 9.8, 10.0, 21.75, 9999.0, 23.89, 9999.0, 117.73, 127.75, 120.25, 91.18, 138.5
2024-11-07, 10:27:20, 136.48, 58.3, 22.84, 22.09, 9999.0, 9.8, 10.0, 21.75, 9999.0, 23.91, 9999.0, 117.75, 127.75, 120.25, 91.2, 138.5
2024-11-07, 10:27:24, 136.48, 58.3, 22.84, 22.09, 9999.0, 9.8, 10.0, 21.75, 9999.0, 23.93, 9999.0, 117.77, 127.75, 120.25, 91.23, 138.5
2024-11-07, 10:27:28, 136.48, 58.32, 22.84, 22.07, 9999.0, 9.77, 10.0, 21.75, 9999.0, 23.98, 9999.0, 117.8, 127.75, 120.25, 91.23, 138.5
2024-11-07, 10:27:32, 136.48, 58.32, 22.84, 22.05, 9999.0, 9.75, 10.0, 21.75, 9999.0, 24.0, 9999.0, 117.8, 127.75, 120.25, 91.23, 138.5
2024-11-07, 10:27:36, 136.48, 58.32, 22.84, 22.05, 9999.0, 9.73, 10.0, 21.75, 9999.0, 24.02, 9999.0, 117.8, 127.75, 120.25, 91.2, 138.5
2024-11-07, 10:27:40, 136.5, 58.34, 22.84, 22.02, 9999.0, 9.68, 10.0, 21.75, 9999.0, 24.05, 9999.0, 117.8, 127.75, 120.25, 91.18, 138.5
2024-11-07, 10:27:44, 136.48, 58.34, 22.84, 22.02, 9999.0, 9.66, 10.0, 21.75, 9999.0, 24.07, 9999.0, 117.75, 127.75, 120.25, 91.16, 138.5
2024-11-07, 10:27:48, 136.48, 58.34, 22.84, 22.0, 9999.0, 9.64, 10.0, 21.75, 9999.0, 24.09, 9999.0, 117.7, 127.75, 120.25, 91.16, 138.5
2024-11-07, 10:27:52, 136.45, 58.34, 22.82, 22.0, 9999.0, 9.64, 10.0, 21.75, 9999.0, 24.09, 9999.0, 117.68, 127.75, 120.25, 91.16, 138.5
2024-11-07, 10:27:56, 136.45, 58.34, 22.82, 22.0, 9999.0, 9.64, 10.0, 21.75, 9999.0, 24.09, 9999.0, 117.66, 127.75, 120.25, 91.16, 138.5
2024-11-07, 10:28:00, 136.43, 58.32, 22.8, 22.0, 9999.0, 9.64, 10.0, 21.75, 9999.0, 24.09, 9999.0, 117.64, 127.75, 120.25, 91.16, 138.5
2024-11-07, 10:28:04, 136.43, 58.3, 22.82, 22.0, 9999.0, 9.64, 10.0, 21.75, 9999.0, 24.07, 9999.0, 117.61, 127.75, 120.25, 91.16, 138.5
2024-11-07, 10:28:08, 136.43, 58.3, 22.84, 22.0, 9999.0, 9.66, 10.0, 21.75, 9999.0, 24.05, 9999.0, 117.61, 127.75, 120.25, 91.16, 138.5
2024-11-07, 10:28:12, 136.43, 58.27, 22.86, 22.0, 9999.0, 9.66, 10.0, 21.75, 9999.0, 24.02, 9999.0, 117.61, 127.75, 120.25, 91.16, 138.5
2024-11-07, 10:28:16, 136.43, 58.27, 22.89, 22.0, 9999.0, 9.68, 10.0, 21.75, 9999.0, 24.0, 9999.0, 117.61, 127.75, 120.25, 91.18, 138.5
2024-11-07, 10:28:20, 136.43, 58.27, 22.89, 22.02, 9999.0, 9.7, 10.0, 21.75, 9999.0, 24.0, 9999.0, 117.64, 127.75, 120.25, 91.2, 138.5
2024-11-07, 10:28:24, 136.43, 58.25, 22.89, 22.05, 9999.0, 9.73, 10.0, 21.75, 9999.0, 24.0, 9999.0, 117.64, 127.75, 120.25, 91.23, 138.5
2024-11-07, 10:28:28, 136.43, 58.25, 22.91, 22.05, 9999.0, 9.75, 10.0, 21.75, 9999.0, 24.0, 9999.0, 117.68, 127.75, 120.25, 91.25, 138.5
2024-11-07, 10:28:32, 136.43, 58.25, 22.91, 22.05, 9999.0, 9.77, 10.0, 21.75, 9999.0, 24.0, 9999.0, 117.7, 127.75, 120.25, 91.25, 138.5
2024-11-07, 10:28:36, 136.45, 58.25, 22.93, 22.05, 9999.0, 9.77, 10.0, 21.75, 9999.0, 24.02, 9999.0, 117.73, 127.75, 120.25, 91.25, 138.5
2024-11-07, 10:28:40, 136.45, 58.25, 22.93, 22.07, 9999.0, 9.77, 10.0, 21.75, 9999.0, 24.05, 9999.0, 117.75, 127.75, 120.25, 91.25, 138.5
2024-11-07, 10:28:44, 136.48, 58.25, 22.93, 22.07, 9999.0, 9.75, 10.0, 21.75, 9999.0, 24.07, 9999.0, 117.77, 127.75, 120.25, 91.25, 138.5
2024-11-07, 10:28:48, 136.48, 58.25, 22.91, 22.07, 9999.0, 9.73, 10.0, 21.75, 9999.0, 24.09, 9999.0, 117.8, 127.75, 120.25, 91.25, 138.5
2024-11-07, 10:28:52, 136.48, 58.25, 22.89, 22.07, 9999.0, 9.68, 10.0, 21.75, 9999.0, 24.11, 9999.0, 117.8, 127.75, 120.25, 91.25, 138.5
2024-11-07, 10:28:56, 136.48, 58.25, 22.89, 22.07, 9999.0, 9.66, 10.0, 21.75, 9999.0, 24.14, 9999.0, 117.77, 127.75, 120.25, 91.25, 138.48
2024-11-07, 10:29:00, 136.48, 58.27, 22.89, 22.07, 9999.0, 9.64, 10.0, 21.75, 9999.0, 24.14, 9999.0, 117.77, 127.75, 120.25, 91.25, 138.45
2024-11-07, 10:29:04, 136.48, 58.3, 22.86, 22.05, 9999.0, 9.61, 10.0, 21.75, 9999.0, 24.14, 9999.0, 117.73, 127.75, 120.25, 91.25, 138.45
2024-11-07, 10:29:08, 136.48, 58.3, 22.86, 22.02, 9999.0, 9.61, 10.0, 21.75, 9999.0, 24.14, 9999.0, 117.7, 127.75, 120.25, 91.25, 138.43
2024-11-07, 10:29:12, 136.5, 58.3, 22.84, 22.02, 9999.0, 9.61, 10.0, 21.75, 9999.0, 24.14, 9999.0, 117.66, 127.75, 120.25, 91.25, 138.43
2024-11-07, 10:29:16, 136.5, 58.3, 22.84, 22.02, 9999.0, 9.61, 10.0, 21.75, 9999.0, 24.14, 9999.0, 117.64, 127.75, 120.25, 91.25, 138.43
2024-11-07, 10:29:20, 136.5, 58.3, 22.84, 22.02, 9999.0, 9.64, 10.0, 21.75, 9999.0, 24.11, 9999.0, 117.61, 127.75, 120.25, 91.25, 138.43
2024-11-07, 10:29:24, 136.5, 58.3, 22.82, 22.0, 9999.0, 9.64, 10.0, 21.75, 9999.0, 24.09, 9999.0, 117.59, 127.75, 120.25, 91.25, 138.41
2024-11-07, 10:29:28, 136.5, 58.3, 22.82, 22.0, 9999.0, 9.66, 10.0, 21.75, 9999.0, 24.05, 9999.0, 117.59, 127.75, 120.25, 91.25, 138.41
2024-11-07, 10:29:32, 136.5, 58.3, 22.84, 22.0, 9999.0, 9.68, 10.0, 21.75, 9999.0, 24.0, 9999.0, 117.59, 127.75, 120.25, 91.25, 138.41
2024-11-07, 10:29:36, 136.48, 58.3, 22.86, 22.0, 9999.0, 9.7, 10.0, 21.75, 9999.0, 23.95, 9999.0, 117.59, 127.75, 120.25, 91.25, 138.39
2024-11-07, 10:29:40, 136.48, 58.3, 22.84, 22.0, 9999.0, 9.73, 10.0, 21.75, 9999.0, 23.91, 9999.0, 117.64, 127.75, 120.25, 91.25, 138.41
2024-11-07, 10:29:44, 136.48, 58.27, 22.82, 22.0, 9999.0, 9.75, 10.0, 21.75, 9999.0, 23.89, 9999.0, 117.64, 127.75, 120.25, 91.25, 138.43
2024-11-07, 10:29:48, 136.48, 58.25, 22.82, 22.02, 9999.0, 9.77, 10.0, 21.75, 9999.0, 23.89, 9999.0, 117.66, 127.75, 120.25, 91.25, 138.43
2024-11-07, 10:29:52, 136.48, 58.25, 22.84, 22.02, 9999.0, 9.77, 10.0, 21.75, 9999.0, 23.89, 9999.0, 117.68, 127.75, 120.25, 91.25, 138.45
2024-11-07, 10:29:56, 136.48, 58.25, 22.84, 22.02, 9999.0, 9.77, 10.0, 21.75, 9999.0, 23.91, 9999.0, 117.7, 127.75, 120.25, 91.25, 138.45
2024-11-07, 10:30:00, 136.48, 58.25, 22.86, 22.02, 9999.0, 9.77, 10.0, 21.75, 9999.0, 23.93, 9999.0, 117.73, 127.75, 120.25, 91.25, 138.45
2024-11-07, 10:30:04, 136.48, 58.25, 22.84, 22.05, 9999.0, 9.75, 10.0, 21.75, 9999.0, 23.95, 9999.0, 117.75, 127.75, 120.25, 91.23, 138.45
2024-11-07, 10:30:08, 136.48, 58.25, 22.86, 22.05, 9999.0, 9.73, 10.0, 21.75, 9999.0, 23.98, 9999.0, 117.77, 127.75, 120.25, 91.23, 138.45
2024-11-07, 10:30:12, 136.48, 58.25, 22.86, 22.05, 9999.0, 9.7, 10.0, 21.75, 9999.0, 24.02, 9999.0, 117.77, 127.75, 120.25, 91.2, 138.45
2024-11-07, 10:30:18, 136.48, 58.25, 22.86, 22.05, 9999.0, 9.68, 10.0, 21.75, 9999.0, 24.07, 9999.0, 117.77, 127.75, 120.25, 91.2, 138.43
2024-11-07, 10:30:22, 136.5, 58.25, 22.86, 22.05, 9999.0, 9.66, 10.0, 21.73, 9999.0, 24.11, 9999.0, 117.77, 127.75, 120.25, 91.18, 138.45
2024-11-07, 10:30:26, 136.5, 58.25, 22.86, 22.05, 9999.0, 9.64, 10.0, 21.73, 9999.0, 24.14, 9999.0, 117.73, 127.75, 120.25, 91.16, 138.45
2024-11-07, 10:30:37, 136.5, 58.25, 22.86, 22.05, 9999.0, 9.64, 10.0, 21.73, 9999.0, 24.16, 9999.0, 117.7, 127.75, 120.25, 91.16, 138.45
2024-11-07, 10:30:41, 136.48, 58.25, 22.89, 22.02, 9999.0, 9.64, 10.0, 21.73, 9999.0, 24.16, 9999.0, 117.68, 127.75, 120.25, 91.16, 138.45
2024-11-07, 10:30:45, 136.48, 58.25, 22.86, 22.02, 9999.0, 9.64, 10.0, 21.73, 9999.0, 24.16, 9999.0, 117.66, 127.75, 120.25, 91.16, 138.45
2024-11-07, 10:30:49, 136.48, 58.25, 22.89, 22.02, 9999.0, 9.64, 10.0, 21.73, 9999.0, 24.14, 9999.0, 117.64, 127.75, 120.25, 91.16, 138.43
2024-11-07, 10:30:53, 136.48, 58.25, 22.86, 22.02, 9999.0, 9.64, 10.0, 21.73, 9999.0, 24.14, 9999.0, 117.64, 127.75, 120.23, 91.14, 138.41
2024-11-07, 10:30:58, 136.48, 58.25, 22.86, 22.0, 9999.0, 9.64, 10.0, 21.73, 9999.0, 24.11, 9999.0, 117.64, 127.75, 120.23, 91.14, 138.41
2024-11-07, 10:31:03, 136.48, 58.25, 22.84, 22.0, 9999.0, 9.66, 10.0, 21.73, 9999.0, 24.09, 9999.0, 117.64, 127.75, 120.23, 91.14, 138.43
2024-11-07, 10:31:07, 136.45, 58.25, 22.84, 22.02, 9999.0, 9.68, 10.0, 21.73, 9999.0, 24.07, 9999.0, 117.66, 127.75, 120.23, 91.16, 138.43
2024-11-07, 10:31:11, 136.45, 58.25, 22.82, 22.05, 9999.0, 9.7, 10.0, 21.73, 9999.0, 24.02, 9999.0, 117.68, 127.75, 120.23, 91.16, 138.45
2024-11-07, 10:31:15, 136.45, 58.25, 22.82, 22.05, 9999.0, 9.73, 10.0, 21.75, 9999.0, 24.0, 9999.0, 117.7, 127.75, 120.23, 91.18, 138.45
2024-11-07, 10:31:20, 136.45, 58.25, 22.84, 22.05, 9999.0, 9.75, 10.0, 21.75, 9999.0, 24.0, 9999.0, 117.73, 127.75, 120.23, 91.18, 138.43
2024-11-07, 10:31:24, 136.45, 58.25, 22.84, 22.05, 9999.0, 9.75, 10.0, 21.75, 9999.0, 24.0, 9999.0, 117.75, 127.75, 120.23, 91.18, 138.41
2024-11-07, 10:31:28, 136.48, 58.25, 22.84, 22.05, 9999.0, 9.75, 10.0, 21.75, 9999.0, 24.02, 9999.0, 117.77, 127.75, 120.23, 91.18, 138.39
2024-11-07, 10:31:32, 136.48, 58.25, 22.86, 22.05, 9999.0, 9.75, 10.0, 21.75, 9999.0, 24.05, 9999.0, 117.8, 127.75, 120.23, 91.18, 138.36
2024-11-07, 10:31:36, 136.48, 58.25, 22.86, 22.05, 9999.0, 9.75, 10.0, 21.75, 9999.0, 24.07, 9999.0, 117.82, 127.75, 120.23, 91.18, 138.39
2024-11-07, 10:31:40, 136.48, 58.25, 22.89, 22.05, 9999.0, 9.73, 10.0, 21.75, 9999.0, 24.07, 9999.0, 117.82, 127.75, 120.25, 91.2, 138.39
2024-11-07, 10:31:44, 136.48, 58.25, 22.89, 22.05, 9999.0, 9.7, 10.0, 21.75, 9999.0, 24.09, 9999.0, 117.82, 127.75, 120.25, 91.23, 138.39
2024-11-07, 10:31:48, 136.48, 58.25, 22.89, 22.05, 9999.0, 9.68, 10.0, 21.75, 9999.0, 24.09, 9999.0, 117.82, 127.75, 120.25, 91.23, 138.39
2024-11-07, 10:31:52, 136.5, 58.25, 22.91, 22.02, 9999.0, 9.66, 10.0, 21.75, 9999.0, 24.09, 9999.0, 117.8, 127.75, 120.25, 91.23, 138.39
2024-11-07, 10:31:56, 136.5, 58.25, 22.93, 22.0, 9999.0, 9.64, 10.0, 21.73, 9999.0, 24.11, 9999.0, 117.75, 127.75, 120.25, 91.23, 138.39
2024-11-07, 10:32:00, 136.5, 58.27, 22.93, 22.0, 9999.0, 9.64, 10.0, 21.73, 9999.0, 24.11, 9999.0, 117.73, 127.75, 120.25, 91.23, 138.39
2024-11-07, 10:32:04, 136.5, 58.27, 22.93, 21.98, 9999.0, 9.61, 10.0, 21.7, 9999.0, 24.11, 9999.0, 117.7, 127.75, 120.25, 91.25, 138.39
2024-11-07, 10:32:08, 136.5, 58.27, 22.95, 21.98, 9999.0, 9.61, 10.0, 21.7, 9999.0, 24.11, 9999.0, 117.68, 127.75, 120.25, 91.23, 138.39
2024-11-07, 10:32:12, 136.5, 58.27, 22.95, 21.98, 9999.0, 9.64, 10.0, 21.7, 9999.0, 24.09, 9999.0, 117.66, 127.75, 120.25, 91.23, 138.39
2024-11-07, 10:32:16, 136.5, 58.27, 22.93, 21.98, 9999.0, 9.66, 10.0, 21.7, 9999.0, 24.07, 9999.0, 117.66, 127.75, 120.25, 91.23, 138.41
2024-11-07, 10:32:20, 136.5, 58.27, 22.91, 21.98, 9999.0, 9.66, 10.0, 21.7, 9999.0, 24.05, 9999.0, 117.66, 127.75, 120.25, 91.23, 138.39
2024-11-07, 10:32:24, 136.5, 58.27, 22.89, 21.98, 9999.0, 9.68, 10.0, 21.7, 9999.0, 24.02, 9999.0, 117.66, 127.75, 120.23, 91.2, 138.39
2024-11-07, 10:32:28, 136.5, 58.27, 22.89, 21.98, 9999.0, 9.7, 10.0, 21.7, 9999.0, 24.0, 9999.0, 117.68, 127.75, 120.23, 91.2, 138.39
2024-11-07, 10:32:32, 136.5, 58.27, 22.89, 21.98, 9999.0, 9.73, 10.0, 21.7, 9999.0, 24.0, 9999.0, 117.7, 127.75, 120.23, 91.2, 138.39
2024-11-07, 10:32:36, 136.5, 58.27, 22.89, 21.98, 9999.0, 9.75, 10.0, 21.7, 9999.0, 24.02, 9999.0, 117.73, 127.75, 120.23, 91.2, 138.39
2024-11-07, 10:32:40, 136.5, 58.27, 22.86, 21.98, 9999.0, 9.77, 10.0, 21.73, 9999.0, 24.02, 9999.0, 117.75, 127.75, 120.23, 91.2, 138.39
2024-11-07, 10:32:44, 136.5, 58.27, 22.84, 21.98, 9999.0, 9.77, 10.0, 21.73, 9999.0, 24.05, 9999.0, 117.75, 127.75, 120.23, 91.18, 138.39
2024-11-07, 10:32:48, 136.5, 58.27, 22.82, 22.0, 9999.0, 9.77, 10.0, 21.73, 9999.0, 24.07, 9999.0, 117.77, 127.75, 120.23, 91.18, 138.41
2024-11-07, 10:32:52, 136.5, 58.27, 22.82, 22.0, 9999.0, 9.77, 10.0, 21.73, 9999.0, 24.09, 9999.0, 117.8, 127.75, 120.2, 91.2, 138.41
2024-11-07, 10:32:56, 136.5, 58.27, 22.8, 22.0, 9999.0, 9.73, 10.0, 21.73, 9999.0, 24.11, 9999.0, 117.82, 127.75, 120.2, 91.2, 138.43
2024-11-07, 10:33:00, 136.5, 58.27, 22.8, 22.0, 9999.0, 9.68, 10.0, 21.73, 9999.0, 24.14, 9999.0, 117.82, 127.75, 120.2, 91.2, 138.41
2024-11-07, 10:33:04, 136.5, 58.27, 22.8, 22.0, 9999.0, 9.66, 10.0, 21.73, 9999.0, 24.16, 9999.0, 117.82, 127.75, 120.2, 91.2, 138.43
2024-11-07, 10:33:08, 136.48, 58.27, 22.8, 22.0, 9999.0, 9.64, 10.0, 21.7, 9999.0, 24.16, 9999.0, 117.8, 127.75, 120.23, 91.2, 138.45
2024-11-07, 10:33:12, 136.48, 58.27, 22.82, 22.0, 9999.0, 9.61, 10.0, 21.7, 9999.0, 24.16, 9999.0, 117.77, 127.75, 120.23, 91.18, 138.45
2024-11-07, 10:33:16, 136.45, 58.27, 22.82, 22.0, 9999.0, 9.59, 10.0, 21.7, 9999.0, 24.18, 9999.0, 117.73, 127.75, 120.23, 91.18, 138.43
2024-11-07, 10:33:20, 136.45, 58.27, 22.82, 22.0, 9999.0, 9.59, 10.0, 21.7, 9999.0, 24.16, 9999.0, 117.68, 127.75, 120.23, 91.18, 138.43
2024-11-07, 10:33:24, 136.45, 58.27, 22.82, 22.0, 9999.0, 9.59, 10.0, 21.7, 9999.0, 24.16, 9999.0, 117.66, 127.75, 120.23, 91.16, 138.43
2024-11-07, 10:33:28, 136.45, 58.25, 22.82, 22.0, 9999.0, 9.59, 10.0, 21.7, 9999.0, 24.14, 9999.0, 117.64, 127.75, 120.23, 91.16, 138.43
2024-11-07, 10:33:32, 136.45, 58.25, 22.82, 22.0, 9999.0, 9.64, 10.0, 21.73, 9999.0, 24.11, 9999.0, 117.61, 127.75, 120.23, 91.14, 138.41
2024-11-07, 10:33:36, 136.45, 58.25, 22.8, 22.0, 9999.0, 9.66, 10.0, 21.73, 9999.0, 24.09, 9999.0, 117.61, 127.75, 120.25, 91.14, 138.41
2024-11-07, 10:33:40, 136.43, 58.25, 22.8, 22.0, 9999.0, 9.68, 10.0, 21.73, 9999.0, 24.07, 9999.0, 117.61, 127.75, 120.25, 91.14, 138.39
2024-11-07, 10:33:44, 136.43, 58.25, 22.8, 22.0, 9999.0, 9.7, 10.0, 21.73, 9999.0, 24.05, 9999.0, 117.61, 127.75, 120.25, 91.14, 138.39
2024-11-07, 10:33:48, 136.43, 58.25, 22.8, 22.0, 9999.0, 9.73, 10.0, 21.73, 9999.0, 24.02, 9999.0, 117.64, 127.75, 120.25, 91.11, 138.36
2024-11-07, 10:33:52, 136.45, 58.25, 22.8, 22.0, 9999.0, 9.75, 10.0, 21.75, 9999.0, 24.0, 9999.0, 117.66, 127.75, 120.25, 91.14, 138.34
2024-11-07, 10:33:56, 136.45, 58.25, 22.77, 22.0, 9999.0, 9.77, 10.0, 21.75, 9999.0, 24.0, 9999.0, 117.68, 127.75, 120.23, 91.14, 138.32
2024-11-07, 10:34:00, 136.48, 58.25, 22.77, 22.0, 9999.0, 9.8, 10.0, 21.75, 9999.0, 23.98, 9999.0, 117.7, 127.75, 120.23, 91.11, 138.34
2024-11-07, 10:34:04, 136.48, 58.25, 22.75, 22.0, 9999.0, 9.8, 10.0, 21.75, 9999.0, 23.98, 9999.0, 117.73, 127.75, 120.23, 91.09, 138.32
2024-11-07, 10:34:08, 136.48, 58.25, 22.75, 22.0, 9999.0, 9.8, 10.0, 21.75, 9999.0, 24.0, 9999.0, 117.75, 127.75, 120.23, 91.09, 138.3
2024-11-07, 10:34:12, 136.48, 58.25, 22.75, 22.0, 9999.0, 9.77, 10.0, 21.75, 9999.0, 24.02, 9999.0, 117.77, 127.75, 120.23, 91.11, 138.3
2024-11-07, 10:34:16, 136.48, 58.25, 22.77, 22.0, 9999.0, 9.75, 10.0, 21.75, 9999.0, 24.05, 9999.0, 117.8, 127.75, 120.23, 91.14, 138.3
2024-11-07, 10:34:20, 136.48, 58.25, 22.77, 22.0, 9999.0, 9.7, 10.0, 21.75, 9999.0, 24.05, 9999.0, 117.8, 127.75, 120.23, 91.14, 138.32
2024-11-07, 10:34:24, 136.5, 58.25, 22.8, 22.0, 9999.0, 9.68, 10.0, 21.75, 9999.0, 24.07, 9999.0, 117.8, 127.75, 120.23, 91.14, 138.34
2024-11-07, 10:34:28, 136.5, 58.25, 22.8, 22.0, 9999.0, 9.66, 10.0, 21.75, 9999.0, 24.09, 9999.0, 117.77, 127.75, 120.23, 91.14, 138.34
2024-11-07, 10:34:32, 136.5, 58.25, 22.8, 22.0, 9999.0, 9.64, 10.0, 21.75, 9999.0, 24.09, 9999.0, 117.73, 127.75, 120.23, 91.14, 138.34
2024-11-07, 10:34:36, 136.5, 58.25, 22.8, 22.0, 9999.0, 9.61, 10.0, 21.75, 9999.0, 24.11, 9999.0, 117.7, 127.75, 120.23, 91.11, 138.34
2024-11-07, 10:34:40, 136.5, 58.25, 22.8, 22.0, 9999.0, 9.61, 10.0, 21.75, 9999.0, 24.11, 9999.0, 117.66, 127.75, 120.25, 91.14, 138.34
2024-11-07, 10:34:44, 136.5, 58.25, 22.8, 22.0, 9999.0, 9.61, 10.0, 21.75, 9999.0, 24.11, 9999.0, 117.64, 127.75, 120.25, 91.14, 138.32
2024-11-07, 10:34:48, 136.5, 58.25, 22.8, 22.0, 9999.0, 9.61, 10.0, 21.75, 9999.0, 24.11, 9999.0, 117.61, 127.75, 120.25, 91.16, 138.32
2024-11-07, 10:34:52, 136.5, 58.25, 22.8, 22.0, 9999.0, 9.64, 10.0, 21.75, 9999.0, 24.09, 9999.0, 117.59, 127.75, 120.25, 91.18, 138.32
2024-11-07, 10:34:56, 136.5, 58.25, 22.8, 22.0, 9999.0, 9.66, 10.0, 21.75, 9999.0, 24.07, 9999.0, 117.59, 127.75, 120.25, 91.18, 138.3
2024-11-07, 10:35:00, 136.5, 58.25, 22.77, 22.0, 9999.0, 9.66, 10.0, 21.75, 9999.0, 24.05, 9999.0, 117.59, 127.75, 120.25, 91.16, 138.3
2024-11-07, 10:35:05, 136.5, 58.25, 22.77, 22.0, 9999.0, 9.68, 10.0, 21.75, 9999.0, 24.05, 9999.0, 117.59, 127.75, 120.25, 91.16, 138.27
2024-11-07, 10:35:09, 136.5, 58.25, 22.75, 22.0, 9999.0, 9.7, 10.0, 21.75, 9999.0, 24.0, 9999.0, 117.61, 127.75, 120.25, 91.16, 138.25
2024-11-07, 10:35:13, 136.5, 58.25, 22.75, 22.0, 9999.0, 9.73, 10.0, 21.75, 9999.0, 23.98, 9999.0, 117.66, 127.75, 120.25, 91.16, 138.25
2024-11-07, 10:35:17, 136.5, 58.25, 22.75, 22.0, 9999.0, 9.75, 10.0, 21.75, 9999.0, 23.98, 9999.0, 117.68, 127.75, 120.25, 91.18, 138.25
2024-11-07, 10:35:21, 136.5, 58.25, 22.77, 22.0, 9999.0, 9.77, 10.0, 21.75, 9999.0, 23.98, 9999.0, 117.7, 127.75, 120.25, 91.2, 138.25
2024-11-07, 10:35:25, 136.5, 58.25, 22.77, 22.0, 9999.0, 9.75, 10.0, 21.75, 9999.0, 24.0, 9999.0, 117.73, 127.75, 120.25, 91.18, 138.25
2024-11-07, 10:35:29, 136.5, 58.25, 22.77, 22.0, 9999.0, 9.73, 10.0, 21.75, 9999.0, 24.02, 9999.0, 117.75, 127.75, 120.25, 91.2, 138.25
2024-11-07, 10:35:33, 136.5, 58.25, 22.77, 22.0, 9999.0, 9.7, 10.0, 21.75, 9999.0, 24.05, 9999.0, 117.77, 127.75, 120.25, 91.2, 138.25
2024-11-07, 10:35:37, 136.5, 58.25, 22.77, 22.0, 9999.0, 9.66, 10.0, 21.75, 9999.0, 24.07, 9999.0, 117.8, 127.75, 120.25, 91.2, 138.25
2024-11-07, 10:35:41, 136.5, 58.25, 22.77, 22.0, 9999.0, 9.64, 10.0, 21.75, 9999.0, 24.09, 9999.0, 117.8, 127.75, 120.25, 91.2, 138.25
2024-11-07, 10:35:45, 136.48, 58.25, 22.77, 22.0, 9999.0, 9.61, 10.0, 21.75, 9999.0, 24.11, 9999.0, 117.77, 127.75, 120.25, 91.23, 138.25
2024-11-07, 10:35:49, 136.48, 58.25, 22.77, 22.0, 9999.0, 9.59, 10.0, 21.75, 9999.0, 24.14, 9999.0, 117.77, 127.75, 120.25, 91.2, 138.25
2024-11-07, 10:35:53, 136.48, 58.25, 22.77, 22.0, 9999.0, 9.57, 10.0, 21.75, 9999.0, 24.16, 9999.0, 117.73, 127.75, 120.25, 91.2, 138.25
2024-11-07, 10:35:57, 136.45, 58.25, 22.77, 22.0, 9999.0, 9.55, 10.0, 21.75, 9999.0, 24.16, 9999.0, 117.68, 127.75, 120.25, 91.2, 138.27
2024-11-07, 10:36:01, 136.45, 58.25, 22.77, 22.0, 9999.0, 9.55, 10.0, 21.75, 9999.0, 24.16, 9999.0, 117.66, 127.75, 120.25, 91.18, 138.27
2024-11-07, 10:36:05, 136.43, 58.25, 22.75, 22.0, 9999.0, 9.55, 10.0, 21.73, 9999.0, 24.16, 9999.0, 117.64, 127.75, 120.23, 91.16, 138.27
2024-11-07, 10:36:09, 136.43, 58.25, 22.75, 22.0, 9999.0, 9.57, 10.0, 21.73, 9999.0, 24.14, 9999.0, 117.61, 127.75, 120.23, 91.16, 138.27
2024-11-07, 10:36:13, 136.43, 58.25, 22.75, 22.0, 9999.0, 9.59, 10.0, 21.73, 9999.0, 24.11, 9999.0, 117.59, 127.73, 120.2, 91.14, 138.27
2024-11-07, 10:36:17, 136.41, 58.25, 22.75, 22.0, 9999.0, 9.61, 10.0, 21.73, 9999.0, 24.09, 9999.0, 117.59, 127.7, 120.2, 91.11, 138.27
2024-11-07, 10:36:21, 136.39, 58.27, 22.75, 22.0, 9999.0, 9.64, 10.0, 21.73, 9999.0, 24.07, 9999.0, 117.59, 127.68, 120.2, 91.09, 138.27
2024-11-07, 10:36:25, 136.39, 58.27, 22.75, 22.0, 9999.0, 9.66, 10.0, 21.73, 9999.0, 24.02, 9999.0, 117.59, 127.68, 120.2, 91.09, 138.27
2024-11-07, 10:36:29, 136.41, 58.27, 22.75, 22.0, 9999.0, 9.68, 10.0, 21.73, 9999.0, 24.0, 9999.0, 117.64, 127.68, 120.2, 91.07, 138.27
2024-11-07, 10:36:33, 136.41, 58.27, 22.75, 22.0, 9999.0, 9.7, 10.0, 21.73, 9999.0, 23.95, 9999.0, 117.66, 127.68, 120.2, 91.09, 138.27
2024-11-07, 10:36:37, 136.41, 58.27, 22.75, 22.0, 9999.0, 9.73, 10.0, 21.73, 9999.0, 23.95, 9999.0, 117.68, 127.68, 120.2, 91.07, 138.27
2024-11-07, 10:36:41, 136.43, 58.27, 22.75, 22.0, 9999.0, 9.73, 10.0, 21.73, 9999.0, 23.95, 9999.0, 117.7, 127.68, 120.2, 91.05, 138.25
2024-11-07, 10:36:45, 136.43, 58.27, 22.77, 22.0, 9999.0, 9.73, 10.0, 21.73, 9999.0, 23.95, 9999.0, 117.73, 127.68, 120.2, 91.07, 138.27
2024-11-07, 10:36:49, 136.45, 58.27, 22.77, 22.02, 9999.0, 9.73, 10.0, 21.75, 9999.0, 23.95, 9999.0, 117.75, 127.68, 120.2, 91.09, 138.27
2024-11-07, 10:36:53, 136.45, 58.27, 22.77, 22.02, 9999.0, 9.7, 10.0, 21.75, 9999.0, 23.95, 9999.0, 117.77, 127.68, 120.2, 91.11, 138.27
2024-11-07, 10:36:57, 136.45, 58.27, 22.77, 22.02, 9999.0, 9.68, 10.0, 21.75, 9999.0, 23.95, 9999.0, 117.8, 127.7, 120.23, 91.14, 138.3
2024-11-07, 10:37:01, 136.48, 58.27, 22.77, 22.02, 9999.0, 9.66, 10.0, 21.75, 9999.0, 23.98, 9999.0, 117.77, 127.73, 120.23, 91.16, 138.3
2024-11-07, 10:37:05, 136.5, 58.25, 22.8, 22.02, 9999.0, 9.64, 10.0, 21.75, 9999.0, 23.98, 9999.0, 117.77, 127.75, 120.23, 91.16, 138.3
2024-11-07, 10:37:09, 136.5, 58.25, 22.8, 22.02, 9999.0, 9.61, 10.0, 21.75, 9999.0, 24.0, 9999.0, 117.77, 127.75, 120.23, 91.16, 138.3
2024-11-07, 10:37:13, 136.5, 58.25, 22.8, 22.02, 9999.0, 9.59, 10.0, 21.75, 9999.0, 24.0, 9999.0, 117.73, 127.75, 120.23, 91.16, 138.3
2024-11-07, 10:37:17, 136.48, 58.25, 22.8, 22.02, 9999.0, 9.59, 10.0, 21.75, 9999.0, 24.02, 9999.0, 117.68, 127.75, 120.23, 91.16, 138.32
2024-11-07, 10:37:21, 136.48, 58.25, 22.8, 22.02, 9999.0, 9.59, 10.0, 21.75, 9999.0, 24.02, 9999.0, 117.68, 127.75, 120.23, 91.16, 138.32
2024-11-07, 10:37:25, 136.48, 58.27, 22.8, 22.02, 9999.0, 9.59, 10.0, 21.75, 9999.0, 24.02, 9999.0, 117.66, 127.73, 120.23, 91.18, 138.34
2024-11-07, 10:37:29, 136.48, 58.27, 22.77, 22.02, 9999.0, 9.61, 10.0, 21.75, 9999.0, 24.0, 9999.0, 117.64, 127.7, 120.23, 91.18, 138.32
2024-11-07, 10:37:33, 136.48, 58.27, 22.77, 22.0, 9999.0, 9.61, 10.0, 21.75, 9999.0, 23.98, 9999.0, 117.61, 127.7, 120.25, 91.18, 138.32
2024-11-07, 10:37:37, 136.48, 58.27, 22.77, 22.0, 9999.0, 9.64, 10.0, 21.75, 9999.0, 23.95, 9999.0, 117.61, 127.68, 120.25, 91.18, 138.32
2024-11-07, 10:37:41, 136.45, 58.3, 22.8, 22.0, 9999.0, 9.66, 10.0, 21.75, 9999.0, 23.93, 9999.0, 117.61, 127.66, 120.25, 91.16, 138.3
2024-11-07, 10:37:45, 136.45, 58.32, 22.8, 22.0, 9999.0, 9.68, 10.0, 21.75, 9999.0, 23.89, 9999.0, 117.66, 127.66, 120.25, 91.14, 138.3
2024-11-07, 10:37:49, 136.45, 58.32, 22.8, 22.0, 9999.0, 9.7, 10.0, 21.75, 9999.0, 23.86, 9999.0, 117.68, 127.66, 120.25, 91.16, 138.3
2024-11-07, 10:37:53, 136.45, 58.32, 22.8, 22.0, 9999.0, 9.73, 10.0, 21.75, 9999.0, 23.84, 9999.0, 117.68, 127.66, 120.25, 91.16, 138.3
2024-11-07, 10:37:57, 136.45, 58.34, 22.82, 22.0, 9999.0, 9.75, 10.0, 21.75, 9999.0, 23.84, 9999.0, 117.7, 127.66, 120.25, 91.16, 138.3
2024-11-07, 10:38:01, 136.45, 58.36, 22.84, 22.0, 9999.0, 9.75, 10.0, 21.75, 9999.0, 23.82, 9999.0, 117.75, 127.66, 120.25, 91.16, 138.27
2024-11-07, 10:38:05, 136.43, 58.36, 22.84, 22.0, 9999.0, 9.75, 10.0, 21.75, 9999.0, 23.82, 9999.0, 117.75, 127.66, 120.25, 91.18, 138.27
2024-11-07, 10:38:09, 136.43, 58.34, 22.86, 22.0, 9999.0, 9.77, 10.0, 21.75, 9999.0, 23.82, 9999.0, 117.77, 127.68, 120.25, 91.18, 138.27
2024-11-07, 10:38:13, 136.43, 58.36, 22.89, 22.0, 9999.0, 9.73, 10.0, 21.75, 9999.0, 23.84, 9999.0, 117.8, 127.7, 120.25, 91.18, 138.3
2024-11-07, 10:38:17, 136.43, 58.36, 22.89, 22.0, 9999.0, 9.7, 10.0, 21.75, 9999.0, 23.84, 9999.0, 117.8, 127.7, 120.25, 91.18, 138.32
2024-11-07, 10:38:21, 136.41, 58.36, 22.91, 22.0, 9999.0, 9.68, 10.0, 21.75, 9999.0, 23.86, 9999.0, 117.8, 127.73, 120.25, 91.18, 138.34
2024-11-07, 10:38:25, 136.43, 58.34, 22.89, 22.0, 9999.0, 9.66, 10.0, 21.73, 9999.0, 23.89, 9999.0, 117.8, 127.75, 120.25, 91.2, 138.36
2024-11-07, 10:38:29, 136.43, 58.32, 22.89, 22.0, 9999.0, 9.64, 10.0, 21.73, 9999.0, 23.91, 9999.0, 117.77, 127.75, 120.25, 91.23, 138.39
2024-11-07, 10:38:33, 136.43, 58.32, 22.86, 22.0, 9999.0, 9.61, 10.0, 21.7, 9999.0, 23.91, 9999.0, 117.75, 127.75, 120.25, 91.23, 138.39
2024-11-07, 10:38:37, 136.41, 58.32, 22.86, 22.0, 9999.0, 9.61, 10.0, 21.7, 9999.0, 23.91, 9999.0, 117.73, 127.73, 120.25, 91.2, 138.41
2024-11-07, 10:38:42, 136.41, 58.3, 22.84, 22.0, 9999.0, 9.61, 10.0, 21.7, 9999.0, 23.89, 9999.0, 117.7, 127.7, 120.25, 91.23, 138.41
2024-11-07, 10:38:46, 136.43, 58.27, 22.82, 22.0, 9999.0, 9.61, 10.0, 21.7, 9999.0, 23.89, 9999.0, 117.66, 127.7, 120.25, 91.2, 138.43
2024-11-07, 10:38:50, 136.45, 58.27, 22.82, 22.0, 9999.0, 9.64, 10.0, 21.7, 9999.0, 23.86, 9999.0, 117.64, 127.7, 120.25, 91.2, 138.45
2024-11-07, 10:38:54, 136.45, 58.27, 22.8, 22.0, 9999.0, 9.64, 10.0, 21.7, 9999.0, 23.84, 9999.0, 117.64, 127.7, 120.25, 91.2, 138.45
2024-11-07, 10:38:58, 136.45, 58.25, 22.8, 22.0, 9999.0, 9.66, 10.0, 21.7, 9999.0, 23.82, 9999.0, 117.64, 127.68, 120.25, 91.18, 138.43
2024-11-07, 10:39:02, 136.45, 58.25, 22.82, 22.0, 9999.0, 9.7, 10.0, 21.68, 9999.0, 23.8, 9999.0, 117.64, 127.68, 120.25, 91.18, 138.41
2024-11-07, 10:39:06, 136.48, 58.25, 22.8, 22.0, 9999.0, 9.73, 10.0, 21.66, 9999.0, 23.75, 9999.0, 117.64, 127.68, 120.25, 91.18, 138.41
2024-11-07, 10:39:10, 136.45, 58.25, 22.8, 22.0, 9999.0, 9.75, 10.0, 21.68, 9999.0, 23.7, 9999.0, 117.66, 127.68, 120.25, 91.18, 138.39
2024-11-07, 10:39:14, 136.45, 58.25, 22.8, 22.0, 9999.0, 9.77, 10.0, 21.68, 9999.0, 23.68, 9999.0, 117.66, 127.68, 120.25, 91.18, 138.36
2024-11-07, 10:39:18, 136.45, 58.25, 22.8, 22.0, 9999.0, 9.8, 10.0, 21.7, 9999.0, 23.68, 9999.0, 117.66, 127.68, 120.25, 91.16, 138.39
2024-11-07, 10:39:22, 136.48, 58.25, 22.8, 22.0, 9999.0, 9.8, 10.0, 21.7, 9999.0, 23.68, 9999.0, 117.68, 127.7, 120.25, 91.18, 138.36
2024-11-07, 10:39:26, 136.48, 58.25, 22.8, 22.0, 9999.0, 9.8, 10.0, 21.7, 9999.0, 23.7, 9999.0, 117.7, 127.73, 120.25, 91.18, 138.39
2024-11-07, 10:39:30, 136.48, 58.25, 22.8, 22.0, 9999.0, 9.77, 9.98, 21.7, 9999.0, 23.73, 9999.0, 117.73, 127.73, 120.25, 91.2, 138.39
2024-11-07, 10:39:34, 136.48, 58.25, 22.8, 22.0, 9999.0, 9.73, 9.98, 21.7, 9999.0, 23.75, 9999.0, 117.75, 127.73, 120.25, 91.2, 138.39
2024-11-07, 10:39:38, 136.48, 58.25, 22.82, 22.0, 9999.0, 9.7, 9.98, 21.7, 9999.0, 23.75, 9999.0, 117.75, 127.73, 120.25, 91.2, 138.39
2024-11-07, 10:39:42, 136.48, 58.25, 22.8, 22.0, 9999.0, 9.7, 9.98, 21.7, 9999.0, 23.75, 9999.0, 117.75, 127.75, 120.25, 91.23, 138.41
2024-11-07, 10:39:46, 136.48, 58.25, 22.8, 22.0, 9999.0, 9.66, 9.98, 21.73, 9999.0, 23.77, 9999.0, 117.75, 127.75, 120.25, 91.23, 138.41
2024-11-07, 10:39:50, 136.45, 58.25, 22.82, 22.0, 9999.0, 9.64, 9.98, 21.75, 9999.0, 23.8, 9999.0, 117.75, 127.75, 120.25, 91.23, 138.41
2024-11-07, 10:39:54, 136.48, 58.25, 22.84, 22.0, 9999.0, 9.61, 9.98, 21.75, 9999.0, 23.82, 9999.0, 117.7, 127.75, 120.25, 91.23, 138.43
2024-11-07, 10:39:58, 136.48, 58.25, 22.84, 22.0, 9999.0, 9.61, 9.98, 21.75, 9999.0, 23.8, 9999.0, 117.68, 127.75, 120.25, 91.23, 138.45
2024-11-07, 10:40:02, 136.45, 58.25, 22.86, 22.0, 9999.0, 9.61, 9.98, 21.75, 9999.0, 23.8, 9999.0, 117.66, 127.75, 120.25, 91.25, 138.45
2024-11-07, 10:40:06, 136.45, 58.25, 22.89, 22.0, 9999.0, 9.61, 9.98, 21.75, 9999.0, 23.8, 9999.0, 117.64, 127.75, 120.25, 91.25, 138.45
2024-11-07, 10:40:10, 136.45, 58.25, 22.89, 22.0, 9999.0, 9.61, 9.98, 21.75, 9999.0, 23.75, 9999.0, 117.61, 127.75, 120.25, 91.25, 138.45
2024-11-07, 10:40:14, 136.45, 58.25, 22.89, 22.0, 9999.0, 9.66, 10.0, 21.75, 9999.0, 23.73, 9999.0, 117.61, 127.75, 120.25, 91.23, 138.45
2024-11-07, 10:40:18, 136.45, 58.25, 22.89, 22.0, 9999.0, 9.68, 10.0, 21.75, 9999.0, 23.68, 9999.0, 117.61, 127.75, 120.25, 91.23, 138.45
2024-11-07, 10:40:22, 136.43, 58.25, 22.86, 22.0, 9999.0, 9.7, 10.0, 21.75, 9999.0, 23.66, 9999.0, 117.61, 127.75, 120.25, 91.23, 138.45
2024-11-07, 10:40:26, 136.43, 58.25, 22.86, 22.0, 9999.0, 9.7, 10.0, 21.75, 9999.0, 23.64, 9999.0, 117.64, 127.75, 120.25, 91.23, 138.45
2024-11-07, 10:40:30, 136.43, 58.25, 22.84, 22.0, 9999.0, 9.73, 10.0, 21.75, 9999.0, 23.61, 9999.0, 117.68, 127.75, 120.25, 91.23, 138.48
2024-11-07, 10:40:34, 136.45, 58.25, 22.82, 22.0, 9999.0, 9.75, 10.0, 21.75, 9999.0, 23.61, 9999.0, 117.68, 127.75, 120.25, 91.23, 138.48
2024-11-07, 10:40:38, 136.45, 58.25, 22.82, 22.0, 9999.0, 9.77, 10.0, 21.75, 9999.0, 23.61, 9999.0, 117.7, 127.75, 120.25, 91.23, 138.48
2024-11-07, 10:40:42, 136.43, 58.25, 22.82, 22.0, 9999.0, 9.77, 10.0, 21.75, 9999.0, 23.64, 9999.0, 117.73, 127.75, 120.25, 91.23, 138.48
2024-11-07, 10:40:46, 136.45, 58.25, 22.82, 22.0, 9999.0, 9.77, 10.0, 21.75, 9999.0, 23.64, 9999.0, 117.75, 127.75, 120.25, 91.23, 138.48
2024-11-07, 10:40:50, 136.45, 58.25, 22.82, 22.0, 9999.0, 9.77, 10.0, 21.75, 9999.0, 23.64, 9999.0, 117.77, 127.75, 120.25, 91.23, 138.5
2024-11-07, 10:40:54, 136.45, 58.25, 22.82, 22.0, 9999.0, 9.77, 10.0, 21.75, 9999.0, 23.66, 9999.0, 117.8, 127.75, 120.25, 91.23, 138.5
2024-11-07, 10:40:58, 136.45, 58.27, 22.84, 22.0, 9999.0, 9.73, 10.0, 21.75, 9999.0, 23.66, 9999.0, 117.8, 127.75, 120.25, 91.25, 138.5
2024-11-07, 10:41:02, 136.45, 58.27, 22.84, 22.0, 9999.0, 9.7, 10.0, 21.75, 9999.0, 23.68, 9999.0, 117.8, 127.75, 120.25, 91.25, 138.5
2024-11-07, 10:41:09, 136.45, 58.27, 22.86, 22.0, 9999.0, 9.68, 10.0, 21.75, 9999.0, 23.7, 9999.0, 117.8, 127.75, 120.25, 91.23, 138.5
2024-11-07, 10:41:13, 136.45, 58.27, 22.89, 22.0, 9999.0, 9.66, 10.0, 21.75, 9999.0, 23.73, 9999.0, 117.77, 127.75, 120.25, 91.23, 138.5
2024-11-07, 10:41:17, 136.45, 58.27, 22.89, 22.0, 9999.0, 9.64, 10.0, 21.75, 9999.0, 23.75, 9999.0, 117.73, 127.75, 120.25, 91.23, 138.5
2024-11-07, 10:41:21, 136.45, 58.27, 22.91, 22.0, 9999.0, 9.64, 10.0, 21.75, 9999.0, 23.75, 9999.0, 117.73, 127.75, 120.25, 91.23, 138.5
2024-11-07, 10:41:25, 136.45, 58.27, 22.89, 22.0, 9999.0, 9.64, 10.0, 21.75, 9999.0, 23.75, 9999.0, 117.7, 127.73, 120.25, 91.23, 138.5
2024-11-07, 10:41:29, 136.48, 58.27, 22.89, 22.0, 9999.0, 9.64, 10.0, 21.75, 9999.0, 23.75, 9999.0, 117.68, 127.73, 120.25, 91.2, 138.5
2024-11-07, 10:41:33, 136.48, 58.27, 22.89, 22.0, 9999.0, 9.66, 10.0, 21.75, 9999.0, 23.75, 9999.0, 117.66, 127.73, 120.25, 91.18, 138.5
2024-11-07, 10:41:37, 136.48, 58.27, 22.89, 22.0, 9999.0, 9.66, 10.0, 21.75, 9999.0, 23.75, 9999.0, 117.66, 127.73, 120.25, 91.18, 138.5
2024-11-07, 10:41:41, 136.45, 58.27, 22.89, 22.0, 9999.0, 9.66, 10.0, 21.75, 9999.0, 23.75, 9999.0, 117.66, 127.73, 120.25, 91.18, 138.5
2024-11-07, 10:41:45, 136.45, 58.25, 22.89, 22.0, 9999.0, 9.68, 10.0, 21.75, 9999.0, 23.75, 9999.0, 117.66, 127.73, 120.25, 91.18, 138.5
2024-11-07, 10:41:49, 136.45, 58.25, 22.91, 22.02, 9999.0, 9.7, 10.02, 21.75, 9999.0, 23.75, 9999.0, 117.66, 127.73, 120.25, 91.18, 138.5
2024-11-07, 10:41:53, 136.48, 58.25, 22.89, 22.05, 9999.0, 9.73, 10.02, 21.75, 9999.0, 23.73, 9999.0, 117.68, 127.73, 120.25, 91.2, 138.5
2024-11-07, 10:41:57, 136.48, 58.25, 22.86, 22.07, 9999.0, 9.75, 10.02, 21.75, 9999.0, 23.73, 9999.0, 117.68, 127.73, 120.25, 91.2, 138.5
2024-11-07, 10:42:01, 136.48, 58.25, 22.86, 22.09, 9999.0, 9.77, 10.02, 21.75, 9999.0, 23.73, 9999.0, 117.73, 127.7, 120.25, 91.18, 138.5
2024-11-07, 10:42:05, 136.48, 58.25, 22.86, 22.09, 9999.0, 9.77, 10.02, 21.75, 9999.0, 23.75, 9999.0, 117.73, 127.7, 120.25, 91.18, 138.5
2024-11-07, 10:42:09, 136.48, 58.27, 22.86, 22.09, 9999.0, 9.77, 10.02, 21.75, 9999.0, 23.77, 9999.0, 117.75, 127.73, 120.25, 91.18, 138.5
2024-11-07, 10:42:13, 136.48, 58.27, 22.89, 22.09, 9999.0, 9.77, 10.02, 21.75, 9999.0, 23.8, 9999.0, 117.77, 127.73, 120.25, 91.2, 138.5
2024-11-07, 10:42:19, 136.48, 58.27, 22.86, 22.09, 9999.0, 9.73, 10.02, 21.75, 9999.0, 23.82, 9999.0, 117.8, 127.73, 120.25, 91.23, 138.5
2024-11-07, 10:42:23, 136.48, 58.27, 22.86, 22.11, 9999.0, 9.7, 10.02, 21.75, 9999.0, 23.84, 9999.0, 117.8, 127.73, 120.25, 91.23, 138.5
2024-11-07, 10:42:27, 136.5, 58.27, 22.86, 22.11, 9999.0, 9.68, 10.02, 21.75, 9999.0, 23.86, 9999.0, 117.8, 127.73, 120.25, 91.23, 138.5
2024-11-07, 10:42:31, 136.5, 58.27, 22.84, 22.11, 9999.0, 9.66, 10.02, 21.75, 9999.0, 23.86, 9999.0, 117.77, 127.73, 120.25, 91.2, 138.5
2024-11-07, 10:42:35, 136.5, 58.27, 22.84, 22.09, 9999.0, 9.64, 10.0, 21.75, 9999.0, 23.86, 9999.0, 117.77, 127.73, 120.25, 91.2, 138.5
2024-11-07, 10:42:39, 136.5, 58.27, 22.84, 22.07, 9999.0, 9.64, 10.0, 21.75, 9999.0, 23.89, 9999.0, 117.73, 127.73, 120.25, 91.18, 138.5
2024-11-07, 10:42:43, 136.5, 58.27, 22.84, 22.05, 9999.0, 9.64, 10.0, 21.75, 9999.0, 23.89, 9999.0, 117.7, 127.73, 120.25, 91.18, 138.5
2024-11-07, 10:42:48, 136.5, 58.27, 22.86, 22.02, 9999.0, 9.64, 10.0, 21.75, 9999.0, 23.89, 9999.0, 117.66, 127.75, 120.25, 91.2, 138.5
2024-11-07, 10:42:52, 136.5, 58.27, 22.86, 22.05, 9999.0, 9.66, 10.0, 21.75, 9999.0, 23.86, 9999.0, 117.64, 127.75, 120.25, 91.2, 138.5
2024-11-07, 10:42:56, 136.5, 58.25, 22.86, 22.05, 9999.0, 9.66, 10.0, 21.75, 9999.0, 23.84, 9999.0, 117.61, 127.75, 120.25, 91.18, 138.5
2024-11-07, 10:43:00, 136.5, 58.25, 22.86, 22.05, 9999.0, 9.68, 10.0, 21.75, 9999.0, 23.82, 9999.0, 117.61, 127.75, 120.25, 91.16, 138.5
2024-11-07, 10:43:04, 136.48, 58.25, 22.89, 22.05, 9999.0, 9.7, 10.0, 21.75, 9999.0, 23.8, 9999.0, 117.61, 127.75, 120.25, 91.14, 138.5
2024-11-07, 10:43:08, 136.48, 58.25, 22.86, 22.02, 9999.0, 9.73, 10.0, 21.75, 9999.0, 23.77, 9999.0, 117.64, 127.75, 120.25, 91.11, 138.5
2024-11-07, 10:43:12, 136.48, 58.25, 22.89, 22.02, 9999.0, 9.75, 10.0, 21.73, 9999.0, 23.75, 9999.0, 117.64, 127.75, 120.25, 91.11, 138.5
2024-11-07, 10:43:16, 136.48, 58.25, 22.91, 22.02, 9999.0, 9.77, 10.0, 21.73, 9999.0, 23.75, 9999.0, 117.68, 127.75, 120.25, 91.14, 138.5
2024-11-07, 10:43:20, 136.48, 58.25, 22.91, 22.02, 9999.0, 9.8, 10.0, 21.73, 9999.0, 23.75, 9999.0, 117.68, 127.75, 120.25, 91.14, 138.5
2024-11-07, 10:43:24, 136.48, 58.25, 22.91, 22.02, 9999.0, 9.8, 10.0, 21.73, 9999.0, 23.75, 9999.0, 117.7, 127.75, 120.25, 91.16, 138.5
2024-11-07, 10:43:28, 136.48, 58.25, 22.93, 22.02, 9999.0, 9.8, 10.0, 21.73, 9999.0, 23.77, 9999.0, 117.73, 127.75, 120.25, 91.16, 138.5
2024-11-07, 10:43:32, 136.48, 58.25, 22.93, 22.02, 9999.0, 9.8, 10.0, 21.73, 9999.0, 23.8, 9999.0, 117.75, 127.75, 120.25, 91.16, 138.5
2024-11-07, 10:43:36, 136.48, 58.27, 22.91, 22.0, 9999.0, 9.75, 10.0, 21.73, 9999.0, 23.82, 9999.0, 117.77, 127.75, 120.25, 91.16, 138.5
2024-11-07, 10:43:40, 136.48, 58.27, 22.93, 22.0, 9999.0, 9.75, 10.0, 21.73, 9999.0, 23.84, 9999.0, 117.8, 127.75, 120.25, 91.18, 138.5
2024-11-07, 10:43:44, 136.48, 58.27, 22.93, 22.0, 9999.0, 9.7, 10.0, 21.73, 9999.0, 23.86, 9999.0, 117.8, 127.75, 120.25, 91.18, 138.5
2024-11-07, 10:43:48, 136.5, 58.27, 22.93, 22.0, 9999.0, 9.68, 10.0, 21.73, 9999.0, 23.86, 9999.0, 117.8, 127.75, 120.25, 91.2, 138.5
2024-11-07, 10:43:52, 136.5, 58.27, 22.93, 22.0, 9999.0, 9.68, 10.0, 21.73, 9999.0, 23.89, 9999.0, 117.75, 127.75, 120.25, 91.23, 138.5
2024-11-07, 10:43:56, 136.5, 58.27, 22.91, 22.0, 9999.0, 9.66, 10.0, 21.75, 9999.0, 23.89, 9999.0, 117.73, 127.75, 120.25, 91.2, 138.5
2024-11-07, 10:44:00, 136.5, 58.27, 22.89, 22.0, 9999.0, 9.66, 10.0, 21.75, 9999.0, 23.89, 9999.0, 117.68, 127.75, 120.25, 91.2, 138.5
2024-11-07, 10:44:05, 136.5, 58.27, 22.89, 22.0, 9999.0, 9.66, 10.0, 21.75, 9999.0, 23.89, 9999.0, 117.66, 127.75, 120.25, 91.2, 138.5
2024-11-07, 10:44:09, 136.5, 58.27, 22.89, 22.0, 9999.0, 9.66, 10.0, 21.75, 9999.0, 23.89, 9999.0, 117.64, 127.75, 120.25, 91.2, 138.5
2024-11-07, 10:44:13, 136.5, 58.27, 22.89, 22.0, 9999.0, 9.68, 10.0, 21.75, 9999.0, 23.86, 9999.0, 117.61, 127.75, 120.25, 91.2, 138.5
2024-11-07, 10:44:17, 136.5, 58.27, 22.86, 22.0, 9999.0, 9.68, 10.0, 21.75, 9999.0, 23.84, 9999.0, 117.61, 127.75, 120.25, 91.2, 138.5
2024-11-07, 10:44:21, 136.5, 58.27, 22.86, 22.0, 9999.0, 9.7, 10.0, 21.75, 9999.0, 23.82, 9999.0, 117.61, 127.75, 120.25, 91.2, 138.5
2024-11-07, 10:44:25, 136.5, 58.27, 22.84, 22.0, 9999.0, 9.7, 10.0, 21.75, 9999.0, 23.8, 9999.0, 117.61, 127.75, 120.25, 91.2, 138.5
2024-11-07, 10:44:29, 136.5, 58.27, 22.82, 22.0, 9999.0, 9.73, 10.0, 21.75, 9999.0, 23.77, 9999.0, 117.61, 127.75, 120.25, 91.23, 138.5
2024-11-07, 10:44:33, 136.5, 58.27, 22.8, 22.0, 9999.0, 9.75, 10.0, 21.75, 9999.0, 23.77, 9999.0, 117.64, 127.75, 120.25, 91.23, 138.5
2024-11-07, 10:44:37, 136.5, 58.27, 22.8, 22.0, 9999.0, 9.75, 10.0, 21.75, 9999.0, 23.75, 9999.0, 117.68, 127.75, 120.25, 91.23, 138.5
2024-11-07, 10:44:41, 136.48, 58.27, 22.82, 22.0, 9999.0, 9.77, 10.0, 21.75, 9999.0, 23.75, 9999.0, 117.7, 127.75, 120.25, 91.25, 138.5
2024-11-07, 10:44:45, 136.48, 58.27, 22.82, 22.0, 9999.0, 9.77, 10.0, 21.75, 9999.0, 23.77, 9999.0, 117.73, 127.75, 120.25, 91.25, 138.5
2024-11-07, 10:44:49, 136.48, 58.27, 22.82, 22.0, 9999.0, 9.77, 10.0, 21.75, 9999.0, 23.82, 9999.0, 117.75, 127.75, 120.25, 91.25, 138.5
2024-11-07, 10:44:53, 136.48, 58.27, 22.82, 22.0, 9999.0, 9.77, 10.0, 21.75, 9999.0, 23.84, 9999.0, 117.77, 127.75, 120.25, 91.25, 138.5
2024-11-07, 10:44:57, 136.48, 58.27, 22.82, 22.0, 9999.0, 9.75, 10.0, 21.75, 9999.0, 23.86, 9999.0, 117.8, 127.75, 120.25, 91.25, 138.5
2024-11-07, 10:45:01, 136.48, 58.27, 22.84, 22.0, 9999.0, 9.73, 10.0, 21.75, 9999.0, 23.89, 9999.0, 117.8, 127.75, 120.25, 91.23, 138.5
2024-11-07, 10:45:05, 136.48, 58.25, 22.84, 22.0, 9999.0, 9.7, 10.0, 21.75, 9999.0, 23.91, 9999.0, 117.8, 127.75, 120.25, 91.23, 138.5
2024-11-07, 10:45:09, 136.48, 58.25, 22.84, 22.0, 9999.0, 9.68, 10.0, 21.75, 9999.0, 23.93, 9999.0, 117.8, 127.75, 120.25, 91.23, 138.5
2024-11-07, 10:45:13, 136.48, 58.25, 22.86, 22.0, 9999.0, 9.66, 10.0, 21.75, 9999.0, 23.95, 9999.0, 117.77, 127.75, 120.25, 91.23, 138.5
2024-11-07, 10:45:17, 136.48, 58.25, 22.86, 22.0, 9999.0, 9.64, 10.0, 21.75, 9999.0, 23.95, 9999.0, 117.73, 127.75, 120.25, 91.23, 138.5
2024-11-07, 10:45:21, 136.48, 58.25, 22.86, 22.0, 9999.0, 9.64, 10.0, 21.75, 9999.0, 23.98, 9999.0, 117.68, 127.75, 120.25, 91.23, 138.5
2024-11-07, 10:45:25, 136.5, 58.25, 22.84, 22.0, 9999.0, 9.64, 10.0, 21.73, 9999.0, 23.98, 9999.0, 117.66, 127.75, 120.25, 91.23, 138.5
2024-11-07, 10:45:29, 136.5, 58.25, 22.86, 22.0, 9999.0, 9.64, 10.0, 21.73, 9999.0, 23.95, 9999.0, 117.64, 127.75, 120.25, 91.23, 138.5
2024-11-07, 10:45:33, 136.5, 58.25, 22.84, 22.0, 9999.0, 9.66, 10.0, 21.73, 9999.0, 23.91, 9999.0, 117.61, 127.75, 120.25, 91.2, 138.5
2024-11-07, 10:45:37, 136.5, 58.25, 22.84, 22.0, 9999.0, 9.66, 10.0, 21.73, 9999.0, 23.89, 9999.0, 117.61, 127.75, 120.25, 91.2, 138.5
2024-11-07, 10:45:41, 136.5, 58.25, 22.84, 22.0, 9999.0, 9.66, 10.0, 21.7, 9999.0, 23.86, 9999.0, 117.61, 127.75, 120.25, 91.2, 138.5
2024-11-07, 10:45:45, 136.48, 58.25, 22.82, 22.0, 9999.0, 9.68, 10.0, 21.7, 9999.0, 23.84, 9999.0, 117.61, 127.75, 120.25, 91.2, 138.5
2024-11-07, 10:45:49, 136.45, 58.25, 22.82, 22.0, 9999.0, 9.7, 10.0, 21.7, 9999.0, 23.82, 9999.0, 117.64, 127.75, 120.25, 91.2, 138.5
2024-11-07, 10:45:53, 136.45, 58.25, 22.84, 22.0, 9999.0, 9.73, 10.0, 21.7, 9999.0, 23.8, 9999.0, 117.64, 127.75, 120.25, 91.2, 138.5
2024-11-07, 10:45:57, 136.45, 58.25, 22.82, 22.0, 9999.0, 9.75, 10.0, 21.68, 9999.0, 23.8, 9999.0, 117.66, 127.75, 120.25, 91.2, 138.5
2024-11-07, 10:46:01, 136.45, 58.25, 22.82, 22.0, 9999.0, 9.77, 10.0, 21.68, 9999.0, 23.82, 9999.0, 117.68, 127.75, 120.25, 91.2, 138.5
2024-11-07, 10:46:05, 136.45, 58.25, 22.82, 22.0, 9999.0, 9.77, 10.0, 21.68, 9999.0, 23.84, 9999.0, 117.7, 127.75, 120.25, 91.2, 138.5
2024-11-07, 10:46:09, 136.45, 58.25, 22.82, 22.0, 9999.0, 9.77, 10.0, 21.7, 9999.0, 23.89, 9999.0, 117.73, 127.75, 120.25, 91.2, 138.5
2024-11-07, 10:46:13, 136.45, 58.25, 22.8, 22.0, 9999.0, 9.77, 10.0, 21.7, 9999.0, 23.93, 9999.0, 117.75, 127.75, 120.25, 91.2, 138.5
2024-11-07, 10:46:17, 136.45, 58.25, 22.82, 22.0, 9999.0, 9.73, 10.0, 21.7, 9999.0, 23.98, 9999.0, 117.77, 127.75, 120.25, 91.23, 138.5
2024-11-07, 10:46:21, 136.45, 58.25, 22.82, 22.0, 9999.0, 9.7, 10.0, 21.68, 9999.0, 24.02, 9999.0, 117.77, 127.75, 120.25, 91.23, 138.5
2024-11-07, 10:46:25, 136.45, 58.25, 22.8, 22.0, 9999.0, 9.68, 10.0, 21.68, 9999.0, 24.05, 9999.0, 117.75, 127.75, 120.25, 91.23, 138.5
2024-11-07, 10:46:29, 136.48, 58.25, 22.82, 22.0, 9999.0, 9.66, 10.0, 21.68, 9999.0, 24.07, 9999.0, 117.73, 127.75, 120.25, 91.25, 138.48
2024-11-07, 10:46:33, 136.5, 58.25, 22.82, 22.0, 9999.0, 9.64, 10.0, 21.68, 9999.0, 24.09, 9999.0, 117.68, 127.75, 120.25, 91.23, 138.48
2024-11-07, 10:46:37, 136.5, 58.25, 22.8, 22.0, 9999.0, 9.64, 10.0, 21.68, 9999.0, 24.11, 9999.0, 117.66, 127.75, 120.25, 91.2, 138.48
2024-11-07, 10:46:41, 136.5, 58.25, 22.8, 22.0, 9999.0, 9.64, 10.0, 21.7, 9999.0, 24.11, 9999.0, 117.64, 127.75, 120.25, 91.2, 138.48
2024-11-07, 10:46:45, 136.48, 58.25, 22.82, 22.0, 9999.0, 9.64, 10.0, 21.7, 9999.0, 24.11, 9999.0, 117.61, 127.75, 120.25, 91.2, 138.48
2024-11-07, 10:46:49, 136.48, 58.25, 22.84, 22.0, 9999.0, 9.64, 10.0, 21.7, 9999.0, 24.07, 9999.0, 117.59, 127.75, 120.25, 91.2, 138.48
2024-11-07, 10:46:53, 136.48, 58.25, 22.86, 22.0, 9999.0, 9.64, 10.0, 21.7, 9999.0, 24.05, 9999.0, 117.59, 127.75, 120.25, 91.2, 138.48
2024-11-07, 10:46:57, 136.48, 58.25, 22.89, 22.0, 9999.0, 9.64, 10.0, 21.7, 9999.0, 24.02, 9999.0, 117.59, 127.75, 120.25, 91.18, 138.48
2024-11-07, 10:47:01, 136.48, 58.25, 22.89, 22.0, 9999.0, 9.66, 10.0, 21.7, 9999.0, 23.98, 9999.0, 117.59, 127.73, 120.25, 91.18, 138.48
2024-11-07, 10:47:05, 136.48, 58.25, 22.89, 22.0, 9999.0, 9.68, 10.0, 21.73, 9999.0, 23.95, 9999.0, 117.61, 127.73, 120.25, 91.18, 138.48
2024-11-07, 10:47:09, 136.48, 58.25, 22.89, 22.0, 9999.0, 9.7, 10.0, 21.75, 9999.0, 23.93, 9999.0, 117.66, 127.73, 120.25, 91.16, 138.48
2024-11-07, 10:47:13, 136.48, 58.25, 22.86, 22.02, 9999.0, 9.73, 10.0, 21.75, 9999.0, 23.95, 9999.0, 117.68, 127.73, 120.25, 91.16, 138.5
2024-11-07, 10:47:17, 136.48, 58.25, 22.89, 22.02, 9999.0, 9.75, 10.0, 21.75, 9999.0, 23.95, 9999.0, 117.7, 127.73, 120.25, 91.18, 138.5
2024-11-07, 10:47:21, 136.48, 58.25, 22.91, 22.02, 9999.0, 9.75, 10.0, 21.73, 9999.0, 23.98, 9999.0, 117.73, 127.73, 120.25, 91.2, 138.5
2024-11-07, 10:47:25, 136.45, 58.25, 22.91, 22.02, 9999.0, 9.75, 10.0, 21.73, 9999.0, 24.0, 9999.0, 117.73, 127.73, 120.25, 91.2, 138.48
2024-11-07, 10:47:29, 136.45, 58.25, 22.91, 22.02, 9999.0, 9.73, 10.0, 21.73, 9999.0, 24.02, 9999.0, 117.75, 127.73, 120.23, 91.18, 138.45
2024-11-07, 10:47:33, 136.43, 58.25, 22.91, 22.02, 9999.0, 9.7, 10.0, 21.7, 9999.0, 24.07, 9999.0, 117.77, 127.73, 120.23, 91.16, 138.45
2024-11-07, 10:47:37, 136.43, 58.25, 22.91, 22.02, 9999.0, 9.7, 10.0, 21.7, 9999.0, 24.07, 9999.0, 117.77, 127.73, 120.23, 91.16, 138.45
2024-11-07, 10:47:41, 136.43, 58.25, 22.89, 22.02, 9999.0, 9.68, 10.0, 21.7, 9999.0, 24.07, 9999.0, 117.75, 127.73, 120.23, 91.18, 138.45
2024-11-07, 10:47:45, 136.43, 58.25, 22.86, 22.02, 9999.0, 9.66, 10.0, 21.7, 9999.0, 24.09, 9999.0, 117.73, 127.75, 120.23, 91.18, 138.45
2024-11-07, 10:47:50, 136.41, 58.25, 22.86, 22.02, 9999.0, 9.64, 10.0, 21.7, 9999.0, 24.09, 9999.0, 117.68, 127.73, 120.23, 91.18, 138.45
2024-11-07, 10:47:54, 136.41, 58.25, 22.89, 22.02, 9999.0, 9.64, 10.0, 21.7, 9999.0, 24.11, 9999.0, 117.64, 127.73, 120.23, 91.2, 138.45
2024-11-07, 10:47:58, 136.41, 58.25, 22.89, 22.0, 9999.0, 9.64, 10.0, 21.7, 9999.0, 24.09, 9999.0, 117.61, 127.73, 120.23, 91.18, 138.45
2024-11-07, 10:48:02, 136.41, 58.25, 22.86, 22.0, 9999.0, 9.61, 9.98, 21.7, 9999.0, 24.07, 9999.0, 117.59, 127.7, 120.23, 91.18, 138.43
2024-11-07, 10:48:06, 136.41, 58.25, 22.84, 22.0, 9999.0, 9.61, 9.98, 21.73, 9999.0, 24.05, 9999.0, 117.57, 127.7, 120.23, 91.16, 138.43
2024-11-07, 10:48:10, 136.41, 58.25, 22.84, 22.0, 9999.0, 9.61, 9.98, 21.73, 9999.0, 24.02, 9999.0, 117.59, 127.7, 120.23, 91.14, 138.45
2024-11-07, 10:48:14, 136.41, 58.25, 22.84, 22.0, 9999.0, 9.64, 9.98, 21.73, 9999.0, 24.0, 9999.0, 117.59, 127.7, 120.23, 91.14, 138.48
2024-11-07, 10:48:18, 136.41, 58.25, 22.82, 21.98, 9999.0, 9.66, 9.98, 21.75, 9999.0, 23.95, 9999.0, 117.59, 127.7, 120.23, 91.16, 138.48
2024-11-07, 10:48:22, 136.41, 58.25, 22.8, 21.98, 9999.0, 9.66, 9.98, 21.75, 9999.0, 23.93, 9999.0, 117.59, 127.7, 120.23, 91.16, 138.48
2024-11-07, 10:48:26, 136.41, 58.25, 22.8, 21.98, 9999.0, 9.68, 9.98, 21.73, 9999.0, 23.91, 9999.0, 117.61, 127.7, 120.23, 91.16, 138.48
2024-11-07, 10:48:30, 136.39, 58.25, 22.8, 21.98, 9999.0, 9.7, 9.98, 21.73, 9999.0, 23.91, 9999.0, 117.64, 127.7, 120.23, 91.16, 138.48
2024-11-07, 10:48:34, 136.41, 58.25, 22.8, 21.98, 9999.0, 9.73, 9.98, 21.73, 9999.0, 23.91, 9999.0, 117.66, 127.73, 120.23, 91.16, 138.48
2024-11-07, 10:48:38, 136.41, 58.25, 22.77, 21.98, 9999.0, 9.73, 9.98, 21.7, 9999.0, 23.91, 9999.0, 117.68, 127.73, 120.23, 91.16, 138.48
2024-11-07, 10:48:42, 136.41, 58.27, 22.8, 21.98, 9999.0, 9.73, 9.98, 21.68, 9999.0, 23.93, 9999.0, 117.7, 127.73, 120.23, 91.18, 138.48
2024-11-07, 10:48:46, 136.41, 58.27, 22.82, 21.98, 9999.0, 9.73, 10.0, 21.68, 9999.0, 23.95, 9999.0, 117.73, 127.75, 120.23, 91.18, 138.48
2024-11-07, 10:48:50, 136.41, 58.27, 22.82, 21.98, 9999.0, 9.7, 10.0, 21.66, 9999.0, 23.95, 9999.0, 117.75, 127.75, 120.23, 91.2, 138.48
2024-11-07, 10:48:54, 136.43, 58.27, 22.82, 21.98, 9999.0, 9.68, 10.0, 21.66, 9999.0, 23.95, 9999.0, 117.73, 127.75, 120.23, 91.2, 138.48
2024-11-07, 10:48:58, 136.45, 58.27, 22.8, 21.98, 9999.0, 9.66, 10.0, 21.66, 9999.0, 23.95, 9999.0, 117.7, 127.75, 120.23, 91.2, 138.48
2024-11-07, 10:49:02, 136.48, 58.27, 22.8, 22.0, 9999.0, 9.64, 10.0, 21.66, 9999.0, 23.98, 9999.0, 117.68, 127.75, 120.2, 91.18, 138.48
2024-11-07, 10:49:06, 136.45, 58.27, 22.8, 22.0, 9999.0, 9.61, 10.0, 21.66, 9999.0, 24.0, 9999.0, 117.66, 127.75, 120.18, 91.18, 138.48
2024-11-07, 10:49:10, 136.45, 58.27, 22.82, 22.0, 9999.0, 9.59, 10.0, 21.68, 9999.0, 24.02, 9999.0, 117.64, 127.75, 120.14, 91.16, 138.48
2024-11-07, 10:49:14, 136.48, 58.27, 22.84, 22.0, 9999.0, 9.59, 10.0, 21.66, 9999.0, 24.0, 9999.0, 117.61, 127.75, 120.14, 91.16, 138.48
2024-11-07, 10:49:18, 136.48, 58.27, 22.84, 22.0, 9999.0, 9.59, 10.0, 21.64, 9999.0, 24.0, 9999.0, 117.59, 127.75, 120.14, 91.16, 138.48
2024-11-07, 10:49:22, 136.48, 58.27, 22.84, 22.0, 9999.0, 9.59, 10.0, 21.66, 9999.0, 23.98, 9999.0, 117.57, 127.73, 120.11, 91.11, 138.48
2024-11-07, 10:49:26, 136.48, 58.25, 22.82, 22.0, 9999.0, 9.59, 10.0, 21.66, 9999.0, 23.91, 9999.0, 117.55, 127.73, 120.11, 91.11, 138.48
2024-11-07, 10:49:30, 136.48, 58.25, 22.8, 22.0, 9999.0, 9.61, 10.0, 21.66, 9999.0, 23.91, 9999.0, 117.55, 127.73, 120.11, 91.09, 138.5
2024-11-07, 10:49:34, 136.48, 58.25, 22.82, 21.98, 9999.0, 9.64, 10.0, 21.66, 9999.0, 23.89, 9999.0, 117.55, 127.7, 120.11, 91.07, 138.5
2024-11-07, 10:49:38, 136.48, 58.25, 22.82, 21.98, 9999.0, 9.66, 10.0, 21.66, 9999.0, 23.86, 9999.0, 117.57, 127.7, 120.11, 91.09, 138.5
2024-11-07, 10:49:42, 136.48, 58.25, 22.82, 21.98, 9999.0, 9.68, 10.0, 21.66, 9999.0, 23.84, 9999.0, 117.61, 127.7, 120.14, 91.09, 138.5
2024-11-07, 10:49:46, 136.48, 58.25, 22.82, 21.98, 9999.0, 9.7, 10.0, 21.64, 9999.0, 23.82, 9999.0, 117.66, 127.7, 120.16, 91.09, 138.5
2024-11-07, 10:49:50, 136.5, 58.25, 22.84, 21.98, 9999.0, 9.73, 10.0, 21.61, 9999.0, 23.82, 9999.0, 117.68, 127.7, 120.18, 91.09, 138.5
2024-11-07, 10:49:54, 136.5, 58.25, 22.82, 21.98, 9999.0, 9.75, 10.0, 21.61, 9999.0, 23.82, 9999.0, 117.7, 127.7, 120.23, 91.09, 138.5
2024-11-07, 10:49:58, 136.5, 58.25, 22.8, 21.98, 9999.0, 9.73, 10.0, 21.64, 9999.0, 23.84, 9999.0, 117.73, 127.7, 120.23, 91.09, 138.5
2024-11-07, 10:50:02, 136.5, 58.25, 22.82, 21.98, 9999.0, 9.7, 10.0, 21.66, 9999.0, 23.86, 9999.0, 117.75, 127.7, 120.23, 91.09, 138.5
2024-11-07, 10:50:06, 136.5, 58.25, 22.82, 21.98, 9999.0, 9.68, 10.0, 21.64, 9999.0, 23.91, 9999.0, 117.77, 127.73, 120.25, 91.14, 138.5
2024-11-07, 10:50:10, 136.5, 58.25, 22.84, 21.98, 9999.0, 9.66, 10.0, 21.66, 9999.0, 23.95, 9999.0, 117.8, 127.73, 120.25, 91.11, 138.5
2024-11-07, 10:50:14, 136.5, 58.25, 22.84, 21.98, 9999.0, 9.61, 9.98, 21.64, 9999.0, 23.95, 9999.0, 117.75, 127.68, 120.2, 91.09, 138.48
2024-11-07, 10:50:18, 136.48, 58.23, 22.8, 21.98, 9999.0, 9.57, 9.93, 21.61, 9999.0, 23.93, 9999.0, 117.7, 127.66, 120.14, 91.05, 138.43
2024-11-07, 10:50:22, 136.48, 58.23, 22.8, 21.98, 9999.0, 9.5, 9.86, 21.57, 9999.0, 23.91, 9999.0, 117.64, 127.59, 120.09, 90.98, 138.39
2024-11-07, 10:50:26, 136.43, 58.2, 22.77, 21.95, 9999.0, 9.43, 9.82, 21.55, 9999.0, 23.86, 9999.0, 117.59, 127.59, 120.07, 91.0, 138.36
2024-11-07, 10:50:30, 136.43, 58.2, 22.8, 21.95, 9999.0, 9.41, 9.82, 21.57, 9999.0, 23.89, 9999.0, 117.55, 127.59, 120.07, 91.02, 138.36
2024-11-07, 10:50:34, 136.41, 58.2, 22.77, 21.95, 9999.0, 9.39, 9.82, 21.59, 9999.0, 23.89, 9999.0, 117.52, 127.59, 120.07, 91.0, 138.36
2024-11-07, 10:50:38, 136.41, 58.2, 22.8, 21.95, 9999.0, 9.36, 9.8, 21.55, 9999.0, 23.86, 9999.0, 117.5, 127.59, 120.07, 91.02, 138.36
2024-11-07, 10:50:42, 136.41, 58.2, 22.8, 21.95, 9999.0, 9.39, 9.8, 21.55, 9999.0, 23.84, 9999.0, 117.48, 127.59, 120.07, 91.0, 138.36
2024-11-07, 10:50:46, 136.39, 58.2, 22.77, 21.95, 9999.0, 9.41, 9.8, 21.55, 9999.0, 23.8, 9999.0, 117.45, 127.59, 120.07, 91.0, 138.36
2024-11-07, 10:50:50, 136.36, 58.2, 22.77, 21.95, 9999.0, 9.43, 9.8, 21.57, 9999.0, 23.77, 9999.0, 117.45, 127.59, 120.07, 90.98, 138.36
2024-11-07, 10:50:54, 136.36, 58.2, 22.75, 21.95, 9999.0, 9.45, 9.8, 21.57, 9999.0, 23.77, 9999.0, 117.43, 127.59, 120.07, 91.0, 138.36
2024-11-07, 10:50:58, 136.36, 58.2, 22.75, 21.95, 9999.0, 9.5, 9.82, 21.59, 9999.0, 23.77, 9999.0, 117.5, 127.64, 120.11, 91.05, 138.39
2024-11-07, 10:51:02, 136.39, 58.23, 22.8, 21.98, 9999.0, 9.55, 9.86, 21.61, 9999.0, 23.8, 9999.0, 117.57, 127.68, 120.18, 91.11, 138.43
2024-11-07, 10:51:06, 136.39, 58.23, 22.82, 21.98, 9999.0, 9.61, 9.93, 21.66, 9999.0, 23.82, 9999.0, 117.64, 127.75, 120.23, 91.16, 138.48
2024-11-07, 10:51:10, 136.41, 58.25, 22.84, 22.0, 9999.0, 9.66, 9.98, 21.68, 9999.0, 23.89, 9999.0, 117.66, 127.75, 120.23, 91.14, 138.48
2024-11-07, 10:51:14, 136.39, 58.25, 22.82, 22.0, 9999.0, 9.66, 9.98, 21.68, 9999.0, 23.89, 9999.0, 117.68, 127.73, 120.2, 91.14, 138.48
2024-11-07, 10:51:18, 136.41, 58.25, 22.82, 22.0, 9999.0, 9.66, 9.98, 21.66, 9999.0, 23.89, 9999.0, 117.7, 127.73, 120.2, 91.14, 138.48
2024-11-07, 10:51:22, 136.41, 58.25, 22.82, 22.0, 9999.0, 9.66, 10.0, 21.7, 9999.0, 23.93, 9999.0, 117.73, 127.73, 120.2, 91.14, 138.48
2024-11-07, 10:51:26, 136.41, 58.25, 22.82, 22.0, 9999.0, 9.64, 10.0, 21.7, 9999.0, 23.98, 9999.0, 117.75, 127.73, 120.2, 91.16, 138.48
2024-11-07, 10:51:31, 136.43, 58.25, 22.82, 22.0, 9999.0, 9.61, 10.0, 21.7, 9999.0, 24.02, 9999.0, 117.77, 127.73, 120.18, 91.14, 138.48
2024-11-07, 10:51:35, 136.45, 58.25, 22.82, 22.0, 9999.0, 9.59, 10.0, 21.7, 9999.0, 24.02, 9999.0, 117.77, 127.73, 120.18, 91.14, 138.48
2024-11-07, 10:51:39, 136.45, 58.25, 22.82, 22.0, 9999.0, 9.57, 10.0, 21.68, 9999.0, 24.02, 9999.0, 117.8, 127.73, 120.18, 91.11, 138.48
2024-11-07, 10:51:43, 136.45, 58.25, 22.82, 22.0, 9999.0, 9.55, 10.0, 21.66, 9999.0, 24.02, 9999.0, 117.75, 127.73, 120.18, 91.11, 138.48
2024-11-07, 10:51:47, 136.45, 58.25, 22.8, 22.0, 9999.0, 9.52, 10.0, 21.68, 9999.0, 24.05, 9999.0, 117.7, 127.73, 120.18, 91.11, 138.48
2024-11-07, 10:51:51, 136.45, 58.25, 22.77, 22.0, 9999.0, 9.52, 10.0, 21.66, 9999.0, 24.07, 9999.0, 117.68, 127.73, 120.18, 91.14, 138.45
2024-11-07, 10:51:55, 136.48, 58.25, 22.77, 22.0, 9999.0, 9.52, 10.0, 21.64, 9999.0, 24.07, 9999.0, 117.66, 127.7, 120.2, 91.14, 138.48
2024-11-07, 10:51:59, 136.5, 58.25, 22.8, 22.0, 9999.0, 9.55, 10.0, 21.64, 9999.0, 24.07, 9999.0, 117.64, 127.73, 120.23, 91.14, 138.45
2024-11-07, 10:52:03, 136.5, 58.25, 22.8, 22.0, 9999.0, 9.57, 10.0, 21.66, 9999.0, 24.07, 9999.0, 117.61, 127.73, 120.2, 91.16, 138.43
2024-11-07, 10:52:07, 136.5, 58.25, 22.77, 22.0, 9999.0, 9.59, 10.0, 21.66, 9999.0, 24.05, 9999.0, 117.59, 127.73, 120.2, 91.14, 138.43
2024-11-07, 10:52:11, 136.5, 58.25, 22.77, 22.0, 9999.0, 9.61, 10.0, 21.66, 9999.0, 24.02, 9999.0, 117.59, 127.73, 120.2, 91.11, 138.43
2024-11-07, 10:52:15, 136.5, 58.25, 22.77, 22.0, 9999.0, 9.64, 10.0, 21.66, 9999.0, 24.0, 9999.0, 117.57, 127.7, 120.2, 91.14, 138.43
2024-11-07, 10:52:19, 136.5, 58.25, 22.77, 22.0, 9999.0, 9.66, 10.0, 21.66, 9999.0, 24.0, 9999.0, 117.59, 127.7, 120.2, 91.16, 138.41
2024-11-07, 10:52:23, 136.5, 58.25, 22.77, 22.0, 9999.0, 9.68, 10.0, 21.66, 9999.0, 24.0, 9999.0, 117.61, 127.7, 120.2, 91.18, 138.41
2024-11-07, 10:52:27, 136.5, 58.25, 22.8, 22.0, 9999.0, 9.68, 10.0, 21.68, 9999.0, 24.0, 9999.0, 117.64, 127.7, 120.2, 91.16, 138.41
2024-11-07, 10:52:31, 136.48, 58.25, 22.8, 22.02, 9999.0, 9.68, 10.0, 21.68, 9999.0, 24.0, 9999.0, 117.66, 127.7, 120.2, 91.16, 138.39
2024-11-07, 10:52:35, 136.45, 58.25, 22.8, 22.02, 9999.0, 9.68, 10.0, 21.7, 9999.0, 24.0, 9999.0, 117.68, 127.7, 120.2, 91.16, 138.41
2024-11-07, 10:52:39, 136.45, 58.25, 22.82, 22.02, 9999.0, 9.68, 10.0, 21.73, 9999.0, 24.02, 9999.0, 117.7, 127.73, 120.2, 91.18, 138.41
2024-11-07, 10:52:43, 136.45, 58.25, 22.8, 22.02, 9999.0, 9.66, 10.0, 21.7, 9999.0, 24.05, 9999.0, 117.73, 127.73, 120.2, 91.18, 138.43
2024-11-07, 10:52:47, 136.45, 58.25, 22.8, 22.02, 9999.0, 9.64, 10.0, 21.7, 9999.0, 24.07, 9999.0, 117.75, 127.73, 120.23, 91.18, 138.45
2024-11-07, 10:52:51, 136.45, 58.25, 22.8, 22.02, 9999.0, 9.61, 10.0, 21.7, 9999.0, 24.07, 9999.0, 117.77, 127.73, 120.23, 91.2, 138.45
2024-11-07, 10:52:55, 136.45, 58.25, 22.8, 22.02, 9999.0, 9.59, 10.0, 21.7, 9999.0, 24.09, 9999.0, 117.77, 127.73, 120.23, 91.2, 138.43
2024-11-07, 10:52:59, 136.45, 58.25, 22.82, 22.02, 9999.0, 9.57, 10.0, 21.7, 9999.0, 24.11, 9999.0, 117.77, 127.75, 120.25, 91.18, 138.41
2024-11-07, 10:53:03, 136.45, 58.25, 22.82, 22.02, 9999.0, 9.55, 10.0, 21.7, 9999.0, 24.11, 9999.0, 117.75, 127.75, 120.25, 91.16, 138.41
2024-11-07, 10:53:07, 136.45, 58.25, 22.84, 22.02, 9999.0, 9.52, 10.0, 21.7, 9999.0, 24.11, 9999.0, 117.7, 127.75, 120.23, 91.14, 138.39
2024-11-07, 10:53:11, 136.45, 58.25, 22.82, 22.02, 9999.0, 9.55, 10.0, 21.7, 9999.0, 24.11, 9999.0, 117.68, 127.75, 120.23, 91.14, 138.36
2024-11-07, 10:53:15, 136.48, 58.25, 22.82, 22.0, 9999.0, 9.57, 9.98, 21.7, 9999.0, 24.11, 9999.0, 117.66, 127.75, 120.23, 91.11, 138.39
2024-11-07, 10:53:19, 136.48, 58.25, 22.82, 22.0, 9999.0, 9.57, 9.98, 21.7, 9999.0, 24.14, 9999.0, 117.64, 127.75, 120.23, 91.09, 138.39
2024-11-07, 10:53:23, 136.48, 58.25, 22.8, 22.0, 9999.0, 9.59, 9.98, 21.7, 9999.0, 24.11, 9999.0, 117.61, 127.75, 120.23, 91.07, 138.39
2024-11-07, 10:53:27, 136.48, 58.25, 22.8, 22.0, 9999.0, 9.61, 9.98, 21.73, 9999.0, 24.09, 9999.0, 117.59, 127.75, 120.23, 91.05, 138.39
2024-11-07, 10:53:31, 136.48, 58.25, 22.8, 22.0, 9999.0, 9.64, 9.98, 21.73, 9999.0, 24.07, 9999.0, 117.57, 127.73, 120.23, 91.02, 138.36
2024-11-07, 10:53:35, 136.48, 58.25, 22.82, 22.0, 9999.0, 9.66, 9.98, 21.73, 9999.0, 24.07, 9999.0, 117.57, 127.73, 120.23, 91.0, 138.34
2024-11-07, 10:53:39, 136.45, 58.25, 22.82, 22.0, 9999.0, 9.68, 9.98, 21.73, 9999.0, 24.05, 9999.0, 117.57, 127.73, 120.23, 91.0, 138.34
2024-11-07, 10:53:43, 136.45, 58.25, 22.8, 22.0, 9999.0, 9.7, 9.98, 21.73, 9999.0, 24.02, 9999.0, 117.59, 127.73, 120.23, 91.02, 138.34
2024-11-07, 10:53:47, 136.43, 58.25, 22.82, 22.0, 9999.0, 9.73, 9.98, 21.73, 9999.0, 24.02, 9999.0, 117.59, 127.73, 120.23, 91.02, 138.36
2024-11-07, 10:53:51, 136.43, 58.25, 22.8, 22.0, 9999.0, 9.73, 9.98, 21.73, 9999.0, 24.02, 9999.0, 117.61, 127.73, 120.25, 91.05, 138.39
2024-11-07, 10:53:55, 136.43, 58.25, 22.8, 22.0, 9999.0, 9.7, 9.98, 21.7, 9999.0, 24.02, 9999.0, 117.64, 127.7, 120.25, 91.05, 138.39
2024-11-07, 10:53:59, 136.43, 58.25, 22.8, 22.0, 9999.0, 9.7, 10.0, 21.7, 9999.0, 24.05, 9999.0, 117.66, 127.7, 120.25, 91.05, 138.36
2024-11-07, 10:54:03, 136.45, 58.25, 22.8, 22.0, 9999.0, 9.68, 10.0, 21.7, 9999.0, 24.05, 9999.0, 117.68, 127.7, 120.25, 91.05, 138.36
2024-11-07, 10:54:07, 136.45, 58.25, 22.8, 22.0, 9999.0, 9.66, 10.0, 21.7, 9999.0, 24.07, 9999.0, 117.7, 127.7, 120.25, 91.05, 138.34
2024-11-07, 10:54:11, 136.45, 58.25, 22.8, 22.0, 9999.0, 9.64, 10.0, 21.7, 9999.0, 24.09, 9999.0, 117.7, 127.7, 120.25, 91.05, 138.34
2024-11-07, 10:54:15, 136.45, 58.25, 22.82, 22.0, 9999.0, 9.61, 10.0, 21.68, 9999.0, 24.11, 9999.0, 117.7, 127.73, 120.25, 91.05, 138.34
2024-11-07, 10:54:19, 136.45, 58.25, 22.8, 22.0, 9999.0, 9.59, 10.0, 21.66, 9999.0, 24.11, 9999.0, 117.68, 127.7, 120.23, 91.05, 138.36
2024-11-07, 10:54:23, 136.45, 58.27, 22.8, 21.98, 9999.0, 9.57, 9.98, 21.64, 9999.0, 24.11, 9999.0, 117.68, 127.68, 120.23, 91.07, 138.39
2024-11-07, 10:54:27, 136.45, 58.27, 22.8, 21.98, 9999.0, 9.55, 9.98, 21.61, 9999.0, 24.11, 9999.0, 117.66, 127.68, 120.2, 91.05, 138.41
2024-11-07, 10:54:31, 136.48, 58.27, 22.77, 21.98, 9999.0, 9.55, 9.98, 21.61, 9999.0, 24.11, 9999.0, 117.64, 127.68, 120.18, 91.07, 138.41
2024-11-07, 10:54:35, 136.48, 58.27, 22.8, 21.98, 9999.0, 9.55, 9.98, 21.61, 9999.0, 24.11, 9999.0, 117.61, 127.66, 120.18, 91.05, 138.39
2024-11-07, 10:54:39, 136.48, 58.27, 22.8, 21.98, 9999.0, 9.57, 9.98, 21.61, 9999.0, 24.11, 9999.0, 117.59, 127.68, 120.18, 91.05, 138.41
2024-11-07, 10:54:43, 136.48, 58.27, 22.8, 21.98, 9999.0, 9.57, 9.98, 21.61, 9999.0, 24.09, 9999.0, 117.57, 127.68, 120.18, 91.07, 138.43
2024-11-07, 10:54:47, 136.48, 58.27, 22.82, 21.98, 9999.0, 9.59, 9.98, 21.61, 9999.0, 24.07, 9999.0, 117.55, 127.66, 120.18, 91.09, 138.41
2024-11-07, 10:54:51, 136.48, 58.27, 22.82, 21.98, 9999.0, 9.61, 9.98, 21.61, 9999.0, 24.05, 9999.0, 117.55, 127.66, 120.18, 91.09, 138.41
2024-11-07, 10:54:55, 136.45, 58.27, 22.82, 21.98, 9999.0, 9.64, 9.98, 21.61, 9999.0, 24.02, 9999.0, 117.55, 127.64, 120.16, 91.09, 138.39
2024-11-07, 10:54:59, 136.43, 58.27, 22.8, 21.98, 9999.0, 9.66, 9.98, 21.64, 9999.0, 24.0, 9999.0, 117.57, 127.61, 120.14, 91.09, 138.39
2024-11-07, 10:55:03, 136.41, 58.27, 22.8, 21.98, 9999.0, 9.68, 9.98, 21.66, 9999.0, 23.98, 9999.0, 117.61, 127.64, 120.16, 91.11, 138.39
2024-11-07, 10:55:07, 136.43, 58.25, 22.8, 22.0, 9999.0, 9.68, 10.0, 21.66, 9999.0, 23.95, 9999.0, 117.64, 127.66, 120.16, 91.11, 138.39
2024-11-07, 10:55:11, 136.43, 58.25, 22.8, 22.0, 9999.0, 9.7, 10.0, 21.68, 9999.0, 23.98, 9999.0, 117.66, 127.66, 120.16, 91.11, 138.36
2024-11-07, 10:55:16, 136.43, 58.25, 22.8, 22.0, 9999.0, 9.7, 10.0, 21.68, 9999.0, 23.98, 9999.0, 117.68, 127.66, 120.18, 91.11, 138.36
2024-11-07, 10:55:20, 136.43, 58.25, 22.77, 22.0, 9999.0, 9.73, 10.0, 21.7, 9999.0, 24.0, 9999.0, 117.7, 127.68, 120.18, 91.11, 138.36
2024-11-07, 10:55:24, 136.43, 58.25, 22.77, 22.0, 9999.0, 9.7, 10.0, 21.7, 9999.0, 24.02, 9999.0, 117.73, 127.68, 120.18, 91.14, 138.36
2024-11-07, 10:55:28, 136.43, 58.25, 22.77, 22.0, 9999.0, 9.68, 10.0, 21.7, 9999.0, 24.05, 9999.0, 117.75, 127.68, 120.16, 91.14, 138.36
2024-11-07, 10:55:32, 136.43, 58.25, 22.75, 22.0, 9999.0, 9.66, 10.0, 21.7, 9999.0, 24.07, 9999.0, 117.77, 127.7, 120.16, 91.07, 138.36
2024-11-07, 10:55:36, 136.39, 58.25, 22.75, 21.98, 9999.0, 9.64, 10.0, 21.7, 9999.0, 24.09, 9999.0, 117.77, 127.7, 120.14, 91.07, 138.39
2024-11-07, 10:55:40, 136.39, 58.25, 22.75, 21.98, 9999.0, 9.61, 9.98, 21.68, 9999.0, 24.11, 9999.0, 117.8, 127.73, 120.16, 91.09, 138.39
2024-11-07, 10:55:44, 136.41, 58.25, 22.75, 21.98, 9999.0, 9.59, 9.98, 21.66, 9999.0, 24.14, 9999.0, 117.77, 127.75, 120.18, 91.11, 138.41
2024-11-07, 10:55:48, 136.43, 58.25, 22.75, 21.98, 9999.0, 9.57, 9.98, 21.64, 9999.0, 24.18, 9999.0, 117.75, 127.75, 120.18, 91.11, 138.39
2024-11-07, 10:55:52, 136.43, 58.25, 22.75, 21.98, 9999.0, 9.57, 9.98, 21.66, 9999.0, 24.23, 9999.0, 117.7, 127.75, 120.18, 91.09, 138.36
2024-11-07, 10:55:56, 136.43, 58.25, 22.75, 21.98, 9999.0, 9.57, 9.98, 21.66, 9999.0, 24.2, 9999.0, 117.68, 127.73, 120.2, 91.09, 138.39
2024-11-07, 10:56:00, 136.43, 58.25, 22.75, 21.98, 9999.0, 9.57, 9.98, 21.64, 9999.0, 24.23, 9999.0, 117.66, 127.73, 120.2, 91.09, 138.36
2024-11-07, 10:56:04, 136.41, 58.27, 22.75, 21.98, 9999.0, 9.57, 9.98, 21.64, 9999.0, 24.23, 9999.0, 117.64, 127.7, 120.2, 91.11, 138.36
2024-11-07, 10:56:08, 136.41, 58.27, 22.75, 21.98, 9999.0, 9.59, 9.98, 21.66, 9999.0, 24.23, 9999.0, 117.61, 127.7, 120.18, 91.09, 138.34
2024-11-07, 10:56:12, 136.39, 58.27, 22.75, 21.98, 9999.0, 9.61, 9.98, 21.66, 9999.0, 24.23, 9999.0, 117.61, 127.7, 120.2, 91.09, 138.34
2024-11-07, 10:56:16, 136.39, 58.27, 22.75, 21.98, 9999.0, 9.64, 9.98, 21.64, 9999.0, 24.2, 9999.0, 117.59, 127.68, 120.2, 91.16, 138.34
2024-11-07, 10:56:20, 136.43, 58.27, 22.75, 22.0, 9999.0, 9.66, 9.98, 21.64, 9999.0, 24.18, 9999.0, 117.59, 127.68, 120.23, 91.16, 138.32
2024-11-07, 10:56:24, 136.45, 58.27, 22.75, 22.0, 9999.0, 9.68, 10.0, 21.66, 9999.0, 24.16, 9999.0, 117.59, 127.68, 120.23, 91.16, 138.32
2024-11-07, 10:56:28, 136.45, 58.27, 22.75, 22.0, 9999.0, 9.7, 10.0, 21.68, 9999.0, 24.14, 9999.0, 117.61, 127.68, 120.23, 91.16, 138.32
2024-11-07, 10:56:32, 136.45, 58.27, 22.75, 22.0, 9999.0, 9.73, 10.0, 21.7, 9999.0, 24.11, 9999.0, 117.61, 127.68, 120.23, 91.16, 138.32
2024-11-07, 10:56:36, 136.45, 58.27, 22.75, 22.0, 9999.0, 9.75, 10.0, 21.7, 9999.0, 24.09, 9999.0, 117.64, 127.68, 120.23, 91.18, 138.34
2024-11-07, 10:56:40, 136.45, 58.27, 22.75, 22.0, 9999.0, 9.75, 10.0, 21.68, 9999.0, 24.11, 9999.0, 117.66, 127.7, 120.23, 91.2, 138.32
2024-11-07, 10:56:44, 136.45, 58.27, 22.75, 22.0, 9999.0, 9.73, 9.98, 21.7, 9999.0, 24.11, 9999.0, 117.68, 127.7, 120.23, 91.2, 138.34
2024-11-07, 10:56:48, 136.48, 58.25, 22.75, 22.0, 9999.0, 9.7, 9.98, 21.7, 9999.0, 24.11, 9999.0, 117.7, 127.73, 120.23, 91.2, 138.34
2024-11-07, 10:56:52, 136.48, 58.25, 22.75, 22.0, 9999.0, 9.68, 9.98, 21.7, 9999.0, 24.11, 9999.0, 117.73, 127.73, 120.25, 91.23, 138.34
2024-11-07, 10:56:56, 136.5, 58.25, 22.75, 22.0, 9999.0, 9.66, 9.98, 21.7, 9999.0, 24.09, 9999.0, 117.73, 127.73, 120.25, 91.23, 138.32
2024-11-07, 10:57:00, 136.5, 58.25, 22.75, 22.0, 9999.0, 9.64, 9.98, 21.73, 9999.0, 24.09, 9999.0, 117.73, 127.75, 120.25, 91.23, 138.34
2024-11-07, 10:57:04, 136.5, 58.25, 22.75, 22.0, 9999.0, 9.61, 9.98, 21.73, 9999.0, 24.09, 9999.0, 117.7, 127.75, 120.25, 91.25, 138.34
2024-11-07, 10:57:08, 136.5, 58.25, 22.75, 22.0, 9999.0, 9.59, 9.98, 21.7, 9999.0, 24.09, 9999.0, 117.68, 127.75, 120.25, 91.25, 138.34
2024-11-07, 10:57:12, 136.5, 58.25, 22.75, 22.0, 9999.0, 9.59, 9.98, 21.68, 9999.0, 24.07, 9999.0, 117.66, 127.75, 120.25, 91.25, 138.32
2024-11-07, 10:57:16, 136.5, 58.25, 22.75, 22.0, 9999.0, 9.59, 9.95, 21.68, 9999.0, 24.07, 9999.0, 117.64, 127.75, 120.25, 91.25, 138.32
2024-11-07, 10:57:20, 136.5, 58.25, 22.75, 22.0, 9999.0, 9.57, 9.95, 21.68, 9999.0, 24.07, 9999.0, 117.61, 127.75, 120.25, 91.23, 138.3
2024-11-07, 10:57:24, 136.5, 58.25, 22.75, 22.0, 9999.0, 9.57, 9.95, 21.68, 9999.0, 24.05, 9999.0, 117.59, 127.75, 120.25, 91.2, 138.3
2024-11-07, 10:57:28, 136.5, 58.25, 22.75, 22.0, 9999.0, 9.61, 9.98, 21.68, 9999.0, 24.02, 9999.0, 117.57, 127.75, 120.25, 91.2, 138.3
2024-11-07, 10:57:32, 136.5, 58.25, 22.75, 22.0, 9999.0, 9.64, 9.98, 21.68, 9999.0, 23.98, 9999.0, 117.55, 127.75, 120.25, 91.2, 138.3
2024-11-07, 10:57:36, 136.5, 58.25, 22.75, 22.0, 9999.0, 9.66, 9.98, 21.68, 9999.0, 23.93, 9999.0, 117.52, 127.75, 120.25, 91.2, 138.3
2024-11-07, 10:57:40, 136.5, 58.25, 22.75, 22.0, 9999.0, 9.68, 9.98, 21.68, 9999.0, 23.91, 9999.0, 117.52, 127.73, 120.25, 91.18, 138.32
2024-11-07, 10:57:44, 136.5, 58.25, 22.75, 22.0, 9999.0, 9.7, 9.98, 21.68, 9999.0, 23.89, 9999.0, 117.55, 127.73, 120.25, 91.18, 138.32
2024-11-07, 10:57:48, 136.5, 58.25, 22.75, 22.0, 9999.0, 9.73, 9.98, 21.68, 9999.0, 23.86, 9999.0, 117.57, 127.73, 120.25, 91.18, 138.34
2024-11-07, 10:57:52, 136.5, 58.25, 22.75, 22.0, 9999.0, 9.75, 9.98, 21.68, 9999.0, 23.86, 9999.0, 117.59, 127.73, 120.25, 91.18, 138.34
2024-11-07, 10:57:56, 136.5, 58.25, 22.75, 22.0, 9999.0, 9.75, 9.98, 21.7, 9999.0, 23.89, 9999.0, 117.61, 127.7, 120.25, 91.18, 138.34
2024-11-07, 10:58:00, 136.5, 58.25, 22.75, 22.0, 9999.0, 9.73, 10.0, 21.7, 9999.0, 23.89, 9999.0, 117.64, 127.7, 120.25, 91.18, 138.34
2024-11-07, 10:58:04, 136.5, 58.25, 22.75, 22.0, 9999.0, 9.73, 10.0, 21.68, 9999.0, 23.91, 9999.0, 117.66, 127.7, 120.25, 91.2, 138.34
2024-11-07, 10:58:08, 136.5, 58.25, 22.75, 22.0, 9999.0, 9.7, 10.0, 21.68, 9999.0, 23.93, 9999.0, 117.68, 127.7, 120.25, 91.2, 138.34
2024-11-07, 10:58:12, 136.5, 58.25, 22.75, 22.0, 9999.0, 9.66, 10.0, 21.68, 9999.0, 23.95, 9999.0, 117.7, 127.7, 120.25, 91.2, 138.32
2024-11-07, 10:58:16, 136.5, 58.25, 22.75, 22.0, 9999.0, 9.64, 10.0, 21.68, 9999.0, 24.0, 9999.0, 117.7, 127.7, 120.25, 91.2, 138.32
2024-11-07, 10:58:20, 136.5, 58.25, 22.75, 22.0, 9999.0, 9.61, 10.0, 21.68, 9999.0, 24.05, 9999.0, 117.7, 127.7, 120.25, 91.2, 138.32
2024-11-07, 10:58:24, 136.48, 58.25, 22.75, 22.0, 9999.0, 9.59, 10.0, 21.66, 9999.0, 24.07, 9999.0, 117.68, 127.73, 120.25, 91.23, 138.32
2024-11-07, 10:58:28, 136.48, 58.25, 22.75, 22.0, 9999.0, 9.57, 10.0, 21.66, 9999.0, 24.11, 9999.0, 117.66, 127.73, 120.25, 91.23, 138.3
2024-11-07, 10:58:32, 136.48, 58.25, 22.75, 22.0, 9999.0, 9.55, 10.0, 21.64, 9999.0, 24.14, 9999.0, 117.64, 127.7, 120.25, 91.23, 138.3
2024-11-07, 10:58:36, 136.48, 58.25, 22.75, 22.0, 9999.0, 9.55, 9.98, 21.64, 9999.0, 24.14, 9999.0, 117.61, 127.7, 120.25, 91.2, 138.32
2024-11-07, 10:58:40, 136.45, 58.25, 22.75, 22.0, 9999.0, 9.55, 9.98, 21.61, 9999.0, 24.14, 9999.0, 117.59, 127.73, 120.25, 91.2, 138.32
2024-11-07, 10:58:44, 136.45, 58.25, 22.75, 22.0, 9999.0, 9.57, 9.98, 21.59, 9999.0, 24.14, 9999.0, 117.57, 127.7, 120.25, 91.18, 138.32
2024-11-07, 10:58:48, 136.45, 58.25, 22.75, 22.0, 9999.0, 9.59, 9.98, 21.61, 9999.0, 24.11, 9999.0, 117.55, 127.7, 120.25, 91.18, 138.34
2024-11-07, 10:58:52, 136.43, 58.25, 22.75, 22.0, 9999.0, 9.61, 9.98, 21.64, 9999.0, 24.09, 9999.0, 117.55, 127.7, 120.25, 91.2, 138.34
2024-11-07, 10:58:56, 136.43, 58.25, 22.75, 22.0, 9999.0, 9.64, 9.98, 21.61, 9999.0, 24.07, 9999.0, 117.55, 127.7, 120.25, 91.18, 138.34
2024-11-07, 10:59:01, 136.43, 58.25, 22.75, 22.0, 9999.0, 9.66, 9.98, 21.61, 9999.0, 24.05, 9999.0, 117.57, 127.7, 120.25, 91.18, 138.34
2024-11-07, 10:59:05, 136.43, 58.25, 22.75, 22.0, 9999.0, 9.68, 9.98, 21.61, 9999.0, 24.02, 9999.0, 117.59, 127.7, 120.25, 91.18, 138.34
2024-11-07, 10:59:09, 136.45, 58.25, 22.75, 22.0, 9999.0, 9.7, 9.98, 21.64, 9999.0, 24.02, 9999.0, 117.61, 127.7, 120.25, 91.18, 138.32
2024-11-07, 10:59:13, 136.45, 58.25, 22.75, 22.0, 9999.0, 9.73, 9.98, 21.64, 9999.0, 24.02, 9999.0, 117.64, 127.7, 120.25, 91.18, 138.32
2024-11-07, 10:59:17, 136.45, 58.25, 22.75, 22.0, 9999.0, 9.73, 9.98, 21.64, 9999.0, 24.05, 9999.0, 117.66, 127.73, 120.25, 91.16, 138.3
2024-11-07, 10:59:21, 136.43, 58.25, 22.75, 22.0, 9999.0, 9.7, 10.0, 21.64, 9999.0, 24.05, 9999.0, 117.68, 127.73, 120.25, 91.16, 138.27
2024-11-07, 10:59:25, 136.45, 58.25, 22.75, 22.0, 9999.0, 9.68, 10.0, 21.66, 9999.0, 24.07, 9999.0, 117.7, 127.73, 120.25, 91.16, 138.27
2024-11-07, 10:59:29, 136.45, 58.25, 22.75, 22.0, 9999.0, 9.66, 10.0, 21.68, 9999.0, 24.09, 9999.0, 117.7, 127.75, 120.25, 91.18, 138.3
2024-11-07, 10:59:33, 136.45, 58.25, 22.75, 22.0, 9999.0, 9.64, 10.0, 21.68, 9999.0, 24.11, 9999.0, 117.73, 127.75, 120.25, 91.18, 138.27
2024-11-07, 10:59:37, 136.45, 58.25, 22.75, 22.0, 9999.0, 9.61, 10.0, 21.66, 9999.0, 24.11, 9999.0, 117.73, 127.75, 120.25, 91.18, 138.27
2024-11-07, 10:59:41, 136.45, 58.25, 22.75, 22.0, 9999.0, 9.59, 10.0, 21.66, 9999.0, 24.11, 9999.0, 117.7, 127.75, 120.25, 91.2, 138.27
2024-11-07, 10:59:45, 136.45, 58.25, 22.75, 22.0, 9999.0, 9.57, 10.0, 21.66, 9999.0, 24.11, 9999.0, 117.68, 127.73, 120.25, 91.2, 138.27
2024-11-07, 10:59:49, 136.45, 58.25, 22.75, 22.0, 9999.0, 9.55, 10.0, 21.66, 9999.0, 24.11, 9999.0, 117.66, 127.73, 120.25, 91.2, 138.27
2024-11-07, 10:59:53, 136.45, 58.25, 22.75, 22.0, 9999.0, 9.52, 10.0, 21.64, 9999.0, 24.11, 9999.0, 117.64, 127.7, 120.25, 91.2, 138.27
2024-11-07, 10:59:57, 136.45, 58.25, 22.75, 22.0, 9999.0, 9.52, 10.0, 21.61, 9999.0, 24.09, 9999.0, 117.61, 127.7, 120.25, 91.18, 138.27
2024-11-07, 11:00:01, 136.45, 58.25, 22.75, 22.0, 9999.0, 9.52, 9.98, 21.64, 9999.0, 24.05, 9999.0, 117.59, 127.7, 120.25, 91.18, 138.27
2024-11-07, 11:00:05, 136.45, 58.25, 22.75, 22.0, 9999.0, 9.55, 9.98, 21.66, 9999.0, 24.02, 9999.0, 117.57, 127.7, 120.25, 91.2, 138.27
2024-11-07, 11:00:09, 136.45, 58.25, 22.75, 22.0, 9999.0, 9.57, 9.98, 21.64, 9999.0, 23.98, 9999.0, 117.55, 127.68, 120.25, 91.18, 138.27
2024-11-07, 11:00:13, 136.45, 58.25, 22.75, 22.0, 9999.0, 9.59, 9.98, 21.64, 9999.0, 23.93, 9999.0, 117.57, 127.66, 120.25, 91.16, 138.25
2024-11-07, 11:00:17, 136.45, 58.25, 22.75, 22.0, 9999.0, 9.61, 9.98, 21.64, 9999.0, 23.89, 9999.0, 117.57, 127.64, 120.25, 91.16, 138.25
2024-11-07, 11:00:21, 136.48, 58.25, 22.75, 22.0, 9999.0, 9.64, 9.98, 21.66, 9999.0, 23.86, 9999.0, 117.57, 127.64, 120.25, 91.16, 138.27
2024-11-07, 11:00:25, 136.48, 58.25, 22.75, 22.0, 9999.0, 9.66, 9.98, 21.66, 9999.0, 23.84, 9999.0, 117.61, 127.64, 120.25, 91.16, 138.27
2024-11-07, 11:00:30, 136.48, 58.25, 22.75, 22.0, 9999.0, 9.68, 9.98, 21.66, 9999.0, 23.82, 9999.0, 117.64, 127.66, 120.25, 91.16, 138.27
2024-11-07, 11:00:34, 136.48, 58.25, 22.75, 22.0, 9999.0, 9.7, 9.98, 21.64, 9999.0, 23.82, 9999.0, 117.68, 127.66, 120.25, 91.14, 138.27
2024-11-07, 11:00:38, 136.48, 58.25, 22.75, 22.0, 9999.0, 9.7, 9.98, 21.64, 9999.0, 23.82, 9999.0, 117.7, 127.68, 120.25, 91.11, 138.27
2024-11-07, 11:00:42, 136.48, 58.25, 22.75, 22.0, 9999.0, 9.68, 9.98, 21.66, 9999.0, 23.82, 9999.0, 117.7, 127.68, 120.25, 91.11, 138.27
2024-11-07, 11:00:46, 136.45, 58.25, 22.75, 22.0, 9999.0, 9.68, 10.0, 21.64, 9999.0, 23.86, 9999.0, 117.73, 127.68, 120.25, 91.11, 138.27
2024-11-07, 11:00:50, 136.48, 58.25, 22.75, 22.0, 9999.0, 9.66, 10.0, 21.61, 9999.0, 23.91, 9999.0, 117.75, 127.68, 120.25, 91.11, 138.27
2024-11-07, 11:00:54, 136.48, 58.25, 22.75, 22.0, 9999.0, 9.64, 10.0, 21.64, 9999.0, 23.95, 9999.0, 117.77, 127.7, 120.25, 91.11, 138.3
2024-11-07, 11:00:58, 136.48, 58.25, 22.75, 22.0, 9999.0, 9.61, 10.0, 21.61, 9999.0, 24.0, 9999.0, 117.77, 127.73, 120.25, 91.14, 138.3
2024-11-07, 11:01:02, 136.48, 58.25, 22.75, 22.0, 9999.0, 9.59, 10.0, 21.59, 9999.0, 24.02, 9999.0, 117.75, 127.75, 120.25, 91.14, 138.3
2024-11-07, 11:01:06, 136.48, 58.25, 22.75, 22.0, 9999.0, 9.57, 10.0, 21.57, 9999.0, 24.05, 9999.0, 117.73, 127.75, 120.25, 91.14, 138.27
2024-11-07, 11:01:10, 136.48, 58.25, 22.75, 22.0, 9999.0, 9.55, 10.0, 21.57, 9999.0, 24.07, 9999.0, 117.68, 127.75, 120.25, 91.14, 138.27
2024-11-07, 11:01:14, 136.48, 58.25, 22.75, 22.0, 9999.0, 9.52, 10.0, 21.57, 9999.0, 24.09, 9999.0, 117.66, 127.75, 120.25, 91.14, 138.3
2024-11-07, 11:01:18, 136.48, 58.25, 22.75, 22.0, 9999.0, 9.52, 10.0, 21.57, 9999.0, 24.07, 9999.0, 117.61, 127.75, 120.23, 91.16, 138.3
2024-11-07, 11:01:22, 136.45, 58.25, 22.75, 22.0, 9999.0, 9.55, 9.98, 21.57, 9999.0, 24.05, 9999.0, 117.59, 127.75, 120.23, 91.18, 138.3
2024-11-07, 11:01:26, 136.45, 58.25, 22.77, 22.0, 9999.0, 9.57, 9.98, 21.57, 9999.0, 24.02, 9999.0, 117.59, 127.75, 120.23, 91.2, 138.3
2024-11-07, 11:01:30, 136.48, 58.25, 22.77, 22.0, 9999.0, 9.61, 9.98, 21.59, 9999.0, 23.98, 9999.0, 117.57, 127.75, 120.23, 91.23, 138.3
2024-11-07, 11:01:34, 136.48, 58.25, 22.77, 22.0, 9999.0, 9.66, 9.98, 21.61, 9999.0, 23.93, 9999.0, 117.57, 127.73, 120.23, 91.2, 138.3
2024-11-07, 11:01:38, 136.48, 58.25, 22.77, 22.0, 9999.0, 9.68, 9.98, 21.59, 9999.0, 23.89, 9999.0, 117.57, 127.7, 120.23, 91.23, 138.27
2024-11-07, 11:01:42, 136.48, 58.25, 22.77, 22.0, 9999.0, 9.7, 9.98, 21.59, 9999.0, 23.84, 9999.0, 117.57, 127.68, 120.23, 91.2, 138.27
2024-11-07, 11:01:46, 136.48, 58.25, 22.77, 22.0, 9999.0, 9.73, 9.98, 21.59, 9999.0, 23.82, 9999.0, 117.59, 127.68, 120.23, 91.2, 138.27
2024-11-07, 11:01:50, 136.48, 58.25, 22.77, 22.0, 9999.0, 9.75, 9.98, 21.59, 9999.0, 23.77, 9999.0, 117.64, 127.68, 120.23, 91.2, 138.27
2024-11-07, 11:01:55, 136.48, 58.25, 22.77, 22.0, 9999.0, 9.77, 9.98, 21.61, 9999.0, 23.75, 9999.0, 117.66, 127.68, 120.23, 91.2, 138.27
2024-11-07, 11:01:59, 136.48, 58.25, 22.8, 22.0, 9999.0, 9.8, 9.98, 21.61, 9999.0, 23.73, 9999.0, 117.68, 127.68, 120.23, 91.2, 138.27
2024-11-07, 11:02:03, 136.45, 58.25, 22.8, 22.0, 9999.0, 9.77, 9.98, 21.64, 9999.0, 23.73, 9999.0, 117.7, 127.66, 120.25, 91.2, 138.27
2024-11-07, 11:02:07, 136.48, 58.25, 22.8, 22.0, 9999.0, 9.77, 10.0, 21.66, 9999.0, 23.75, 9999.0, 117.73, 127.66, 120.25, 91.2, 138.3
2024-11-07, 11:02:11, 136.48, 58.25, 22.77, 22.0, 9999.0, 9.75, 10.0, 21.64, 9999.0, 23.77, 9999.0, 117.75, 127.66, 120.25, 91.2, 138.3
2024-11-07, 11:02:15, 136.48, 58.25, 22.77, 22.0, 9999.0, 9.7, 10.0, 21.61, 9999.0, 23.8, 9999.0, 117.77, 127.66, 120.25, 91.18, 138.32
2024-11-07, 11:02:19, 136.48, 58.25, 22.77, 22.0, 9999.0, 9.66, 10.0, 21.59, 9999.0, 23.82, 9999.0, 117.77, 127.68, 120.25, 91.18, 138.32
2024-11-07, 11:02:23, 136.48, 58.25, 22.77, 22.0, 9999.0, 9.64, 10.0, 21.59, 9999.0, 23.82, 9999.0, 117.75, 127.7, 120.25, 91.16, 138.32
2024-11-07, 11:02:27, 136.48, 58.25, 22.77, 22.0, 9999.0, 9.61, 10.0, 21.61, 9999.0, 23.82, 9999.0, 117.73, 127.73, 120.25, 91.18, 138.32
2024-11-07, 11:02:31, 136.48, 58.25, 22.77, 22.0, 9999.0, 9.59, 10.0, 21.61, 9999.0, 23.82, 9999.0, 117.7, 127.73, 120.25, 91.18, 138.32
2024-11-07, 11:02:35, 136.48, 58.25, 22.77, 22.0, 9999.0, 9.57, 10.0, 21.64, 9999.0, 23.84, 9999.0, 117.66, 127.73, 120.25, 91.18, 138.32
2024-11-07, 11:02:39, 136.48, 58.25, 22.77, 22.0, 9999.0, 9.57, 9.98, 21.64, 9999.0, 23.84, 9999.0, 117.64, 127.73, 120.25, 91.18, 138.32
2024-11-07, 11:02:43, 136.48, 58.25, 22.77, 22.0, 9999.0, 9.57, 9.98, 21.61, 9999.0, 23.84, 9999.0, 117.61, 127.73, 120.25, 91.18, 138.3
2024-11-07, 11:02:47, 136.5, 58.25, 22.77, 22.0, 9999.0, 9.59, 9.98, 21.59, 9999.0, 23.84, 9999.0, 117.59, 127.75, 120.25, 91.18, 138.32
2024-11-07, 11:02:51, 136.5, 58.25, 22.77, 22.0, 9999.0, 9.59, 9.98, 21.59, 9999.0, 23.82, 9999.0, 117.57, 127.75, 120.25, 91.18, 138.32
2024-11-07, 11:02:55, 136.5, 58.25, 22.77, 22.0, 9999.0, 9.61, 9.98, 21.61, 9999.0, 23.8, 9999.0, 117.57, 127.75, 120.25, 91.18, 138.34
2024-11-07, 11:02:59, 136.5, 58.25, 22.77, 22.0, 9999.0, 9.64, 9.98, 21.61, 9999.0, 23.75, 9999.0, 117.57, 127.75, 120.25, 91.2, 138.34
2024-11-07, 11:03:03, 136.5, 58.25, 22.77, 22.0, 9999.0, 9.66, 9.98, 21.64, 9999.0, 23.7, 9999.0, 117.57, 127.75, 120.25, 91.23, 138.36
2024-11-07, 11:03:07, 136.5, 58.25, 22.77, 22.0, 9999.0, 9.68, 9.98, 21.64, 9999.0, 23.7, 9999.0, 117.61, 127.75, 120.25, 91.25, 138.39
2024-11-07, 11:03:11, 136.48, 58.25, 22.77, 22.0, 9999.0, 9.7, 9.98, 21.64, 9999.0, 23.7, 9999.0, 117.64, 127.75, 120.25, 91.25, 138.41
2024-11-07, 11:03:15, 136.48, 58.25, 22.8, 22.0, 9999.0, 9.73, 9.98, 21.66, 9999.0, 23.68, 9999.0, 117.66, 127.75, 120.25, 91.25, 138.43
2024-11-07, 11:03:19, 136.48, 58.25, 22.8, 22.0, 9999.0, 9.75, 9.98, 21.64, 9999.0, 23.7, 9999.0, 117.68, 127.75, 120.25, 91.25, 138.45
2024-11-07, 11:03:23, 136.48, 58.25, 22.8, 22.0, 9999.0, 9.75, 10.0, 21.64, 9999.0, 23.7, 9999.0, 117.7, 127.75, 120.25, 91.25, 138.48
2024-11-07, 11:03:27, 136.48, 58.25, 22.77, 22.0, 9999.0, 9.75, 10.0, 21.64, 9999.0, 23.73, 9999.0, 117.73, 127.75, 120.25, 91.25, 138.5
2024-11-07, 11:03:31, 136.48, 58.25, 22.77, 22.0, 9999.0, 9.73, 10.0, 21.66, 9999.0, 23.75, 9999.0, 117.75, 127.75, 120.25, 91.25, 138.5
2024-11-07, 11:03:35, 136.48, 58.25, 22.77, 22.0, 9999.0, 9.7, 10.0, 21.64, 9999.0, 23.77, 9999.0, 117.77, 127.75, 120.25, 91.25, 138.48
2024-11-07, 11:03:39, 136.48, 58.25, 22.77, 22.0, 9999.0, 9.68, 10.0, 21.61, 9999.0, 23.77, 9999.0, 117.77, 127.75, 120.25, 91.25, 138.48
2024-11-07, 11:03:43, 136.48, 58.25, 22.77, 22.0, 9999.0, 9.66, 10.0, 21.61, 9999.0, 23.8, 9999.0, 117.77, 127.75, 120.25, 91.25, 138.48
2024-11-07, 11:03:47, 136.48, 58.25, 22.77, 22.0, 9999.0, 9.64, 10.0, 21.59, 9999.0, 23.82, 9999.0, 117.77, 127.75, 120.25, 91.25, 138.48
2024-11-07, 11:03:51, 136.48, 58.25, 22.8, 22.0, 9999.0, 9.61, 10.0, 21.59, 9999.0, 23.82, 9999.0, 117.73, 127.75, 120.25, 91.25, 138.48
2024-11-07, 11:03:55, 136.5, 58.25, 22.82, 22.0, 9999.0, 9.59, 10.0, 21.57, 9999.0, 23.82, 9999.0, 117.7, 127.75, 120.25, 91.25, 138.48
2024-11-07, 11:03:59, 136.5, 58.25, 22.8, 22.0, 9999.0, 9.59, 10.0, 21.55, 9999.0, 23.84, 9999.0, 117.68, 127.75, 120.25, 91.25, 138.48
2024-11-07, 11:04:03, 136.5, 58.25, 22.82, 22.0, 9999.0, 9.59, 10.0, 21.57, 9999.0, 23.82, 9999.0, 117.66, 127.75, 120.25, 91.25, 138.48
2024-11-07, 11:04:07, 136.5, 58.25, 22.82, 22.0, 9999.0, 9.59, 10.0, 21.57, 9999.0, 23.8, 9999.0, 117.64, 127.75, 120.25, 91.25, 138.48
2024-11-07, 11:04:11, 136.5, 58.25, 22.82, 22.0, 9999.0, 9.59, 10.0, 21.59, 9999.0, 23.77, 9999.0, 117.61, 127.75, 120.25, 91.23, 138.48
2024-11-07, 11:04:15, 136.5, 58.25, 22.82, 22.0, 9999.0, 9.61, 10.0, 21.59, 9999.0, 23.75, 9999.0, 117.61, 127.75, 120.25, 91.23, 138.48
2024-11-07, 11:04:19, 136.5, 58.25, 22.84, 22.0, 9999.0, 9.64, 10.0, 21.61, 9999.0, 23.73, 9999.0, 117.61, 127.75, 120.23, 91.23, 138.5
2024-11-07, 11:04:23, 136.5, 58.25, 22.84, 22.0, 9999.0, 9.66, 10.0, 21.64, 9999.0, 23.73, 9999.0, 117.61, 127.75, 120.23, 91.23, 138.5
2024-11-07, 11:04:27, 136.5, 58.25, 22.84, 22.0, 9999.0, 9.68, 10.0, 21.64, 9999.0, 23.73, 9999.0, 117.64, 127.75, 120.23, 91.23, 138.5
2024-11-07, 11:04:31, 136.5, 58.25, 22.84, 22.0, 9999.0, 9.7, 10.0, 21.64, 9999.0, 23.73, 9999.0, 117.64, 127.75, 120.23, 91.23, 138.5
2024-11-07, 11:04:35, 136.5, 58.25, 22.84, 22.0, 9999.0, 9.73, 10.0, 21.64, 9999.0, 23.73, 9999.0, 117.66, 127.75, 120.23, 91.23, 138.5
2024-11-07, 11:04:39, 136.5, 58.25, 22.82, 22.0, 9999.0, 9.73, 10.0, 21.66, 9999.0, 23.75, 9999.0, 117.68, 127.75, 120.23, 91.23, 138.5
2024-11-07, 11:04:43, 136.5, 58.25, 22.82, 22.0, 9999.0, 9.7, 10.0, 21.68, 9999.0, 23.75, 9999.0, 117.7, 127.75, 120.23, 91.23, 138.5
2024-11-07, 11:04:47, 136.5, 58.25, 22.82, 22.0, 9999.0, 9.68, 10.0, 21.68, 9999.0, 23.77, 9999.0, 117.73, 127.75, 120.23, 91.23, 138.5
2024-11-07, 11:04:51, 136.5, 58.25, 22.82, 22.0, 9999.0, 9.66, 10.0, 21.68, 9999.0, 23.82, 9999.0, 117.75, 127.75, 120.23, 91.23, 138.5
2024-11-07, 11:04:55, 136.5, 58.25, 22.84, 22.0, 9999.0, 9.64, 10.0, 21.68, 9999.0, 23.84, 9999.0, 117.77, 127.75, 120.23, 91.25, 138.5
2024-11-07, 11:04:59, 136.5, 58.25, 22.86, 22.0, 9999.0, 9.61, 10.0, 21.68, 9999.0, 23.86, 9999.0, 117.77, 127.75, 120.23, 91.25, 138.5
2024-11-07, 11:05:03, 136.5, 58.25, 22.84, 22.0, 9999.0, 9.59, 10.0, 21.68, 9999.0, 23.89, 9999.0, 117.77, 127.75, 120.25, 91.25, 138.5
2024-11-07, 11:05:07, 136.5, 58.25, 22.86, 22.0, 9999.0, 9.57, 10.0, 21.66, 9999.0, 23.91, 9999.0, 117.77, 127.75, 120.25, 91.25, 138.5
2024-11-07, 11:05:11, 136.5, 58.25, 22.89, 22.0, 9999.0, 9.55, 10.0, 21.68, 9999.0, 23.91, 9999.0, 117.73, 127.75, 120.25, 91.25, 138.5
2024-11-07, 11:05:15, 136.5, 58.25, 22.89, 22.0, 9999.0, 9.52, 10.0, 21.68, 9999.0, 23.91, 9999.0, 117.7, 127.75, 120.25, 91.25, 138.5
2024-11-07, 11:05:19, 136.5, 58.25, 22.86, 22.0, 9999.0, 9.52, 10.0, 21.68, 9999.0, 23.91, 9999.0, 117.68, 127.75, 120.25, 91.25, 138.5
2024-11-07, 11:05:23, 136.5, 58.25, 22.86, 22.0, 9999.0, 9.52, 10.0, 21.66, 9999.0, 23.89, 9999.0, 117.66, 127.75, 120.25, 91.25, 138.5
2024-11-07, 11:05:27, 136.5, 58.25, 22.86, 22.0, 9999.0, 9.55, 10.0, 21.66, 9999.0, 23.89, 9999.0, 117.64, 127.75, 120.25, 91.25, 138.5
2024-11-07, 11:05:31, 136.5, 58.25, 22.84, 22.0, 9999.0, 9.57, 10.0, 21.64, 9999.0, 23.86, 9999.0, 117.61, 127.75, 120.25, 91.25, 138.5
2024-11-07, 11:05:36, 136.5, 58.25, 22.84, 22.0, 9999.0, 9.59, 10.0, 21.64, 9999.0, 23.84, 9999.0, 117.61, 127.75, 120.25, 91.25, 138.5
2024-11-07, 11:05:40, 136.5, 58.25, 22.82, 22.02, 9999.0, 9.61, 10.0, 21.64, 9999.0, 23.82, 9999.0, 117.61, 127.75, 120.25, 91.25, 138.5
2024-11-07, 11:05:44, 136.5, 58.25, 22.82, 22.02, 9999.0, 9.64, 10.0, 21.61, 9999.0, 23.8, 9999.0, 117.61, 127.75, 120.25, 91.25, 138.5
2024-11-07, 11:05:48, 136.5, 58.25, 22.84, 22.02, 9999.0, 9.66, 10.0, 21.59, 9999.0, 23.77, 9999.0, 117.64, 127.75, 120.25, 91.25, 138.5
2024-11-07, 11:05:52, 136.5, 58.25, 22.82, 22.02, 9999.0, 9.68, 10.0, 21.61, 9999.0, 23.75, 9999.0, 117.66, 127.75, 120.25, 91.25, 138.5
2024-11-07, 11:05:56, 136.5, 58.25, 22.8, 22.02, 9999.0, 9.7, 10.0, 21.61, 9999.0, 23.77, 9999.0, 117.68, 127.75, 120.25, 91.25, 138.5
2024-11-07, 11:06:00, 136.5, 58.25, 22.8, 22.02, 9999.0, 9.7, 10.0, 21.64, 9999.0, 23.8, 9999.0, 117.7, 127.75, 120.25, 91.25, 138.5
2024-11-07, 11:06:04, 136.5, 58.25, 22.8, 22.02, 9999.0, 9.7, 10.0, 21.66, 9999.0, 23.8, 9999.0, 117.73, 127.75, 120.25, 91.25, 138.5
2024-11-07, 11:06:08, 136.5, 58.25, 22.8, 22.02, 9999.0, 9.73, 10.0, 21.66, 9999.0, 23.82, 9999.0, 117.75, 127.75, 120.25, 91.25, 138.5
2024-11-07, 11:06:12, 136.5, 58.25, 22.82, 22.02, 9999.0, 9.7, 10.0, 21.64, 9999.0, 23.84, 9999.0, 117.77, 127.75, 120.25, 91.23, 138.5
2024-11-07, 11:06:16, 136.5, 58.25, 22.84, 22.02, 9999.0, 9.68, 10.0, 21.64, 9999.0, 23.86, 9999.0, 117.8, 127.75, 120.25, 91.23, 138.5
2024-11-07, 11:06:20, 136.5, 58.25, 22.86, 22.02, 9999.0, 9.66, 10.0, 21.61, 9999.0, 23.89, 9999.0, 117.8, 127.75, 120.25, 91.23, 138.5
2024-11-07, 11:06:24, 136.5, 58.25, 22.89, 22.0, 9999.0, 9.64, 10.0, 21.59, 9999.0, 23.91, 9999.0, 117.8, 127.75, 120.25, 91.23, 138.5
2024-11-07, 11:06:28, 136.5, 58.25, 22.86, 22.0, 9999.0, 9.61, 10.0, 21.61, 9999.0, 23.93, 9999.0, 117.8, 127.75, 120.25, 91.23, 138.5
2024-11-07, 11:06:32, 136.5, 58.25, 22.86, 22.0, 9999.0, 9.59, 10.0, 21.61, 9999.0, 23.93, 9999.0, 117.75, 127.75, 120.25, 91.23, 138.5
2024-11-07, 11:06:36, 136.5, 58.25, 22.86, 22.0, 9999.0, 9.57, 10.0, 21.61, 9999.0, 23.93, 9999.0, 117.7, 127.75, 120.25, 91.23, 138.5
2024-11-07, 11:06:40, 136.5, 58.25, 22.89, 22.0, 9999.0, 9.57, 10.0, 21.59, 9999.0, 23.91, 9999.0, 117.7, 127.75, 120.25, 91.23, 138.5
2024-11-07, 11:06:44, 136.5, 58.25, 22.91, 22.0, 9999.0, 9.59, 10.0, 21.57, 9999.0, 23.89, 9999.0, 117.68, 127.75, 120.25, 91.2, 138.5
2024-11-07, 11:06:48, 136.5, 58.25, 22.93, 22.0, 9999.0, 9.59, 10.0, 21.57, 9999.0, 23.89, 9999.0, 117.66, 127.75, 120.25, 91.2, 138.5
2024-11-07, 11:06:52, 136.5, 58.25, 22.93, 22.0, 9999.0, 9.59, 10.0, 21.57, 9999.0, 23.86, 9999.0, 117.64, 127.75, 120.25, 91.2, 138.5
2024-11-07, 11:06:56, 136.5, 58.25, 22.91, 22.0, 9999.0, 9.61, 10.0, 21.57, 9999.0, 23.84, 9999.0, 117.64, 127.75, 120.25, 91.23, 138.5
2024-11-07, 11:07:00, 136.5, 58.25, 22.89, 22.0, 9999.0, 9.64, 10.0, 21.57, 9999.0, 23.82, 9999.0, 117.64, 127.75, 120.25, 91.23, 138.5
2024-11-07, 11:07:04, 136.5, 58.25, 22.89, 22.0, 9999.0, 9.66, 10.0, 21.57, 9999.0, 23.8, 9999.0, 117.64, 127.75, 120.25, 91.23, 138.5
2024-11-07, 11:07:08, 136.5, 58.25, 22.86, 22.0, 9999.0, 9.68, 10.0, 21.59, 9999.0, 23.75, 9999.0, 117.66, 127.75, 120.25, 91.23, 138.5
2024-11-07, 11:07:12, 136.5, 58.25, 22.89, 22.0, 9999.0, 9.7, 10.0, 21.59, 9999.0, 23.7, 9999.0, 117.66, 127.75, 120.25, 91.23, 138.5
2024-11-07, 11:07:16, 136.5, 58.25, 22.89, 22.0, 9999.0, 9.73, 10.0, 21.61, 9999.0, 23.73, 9999.0, 117.68, 127.75, 120.25, 91.23, 138.5
2024-11-07, 11:07:20, 136.5, 58.25, 22.89, 22.0, 9999.0, 9.75, 10.0, 21.59, 9999.0, 23.73, 9999.0, 117.7, 127.75, 120.25, 91.23, 138.5
2024-11-07, 11:07:24, 136.5, 58.25, 22.86, 22.0, 9999.0, 9.73, 10.0, 21.59, 9999.0, 23.73, 9999.0, 117.7, 127.75, 120.25, 91.23, 138.5
2024-11-07, 11:07:28, 136.5, 58.25, 22.84, 22.0, 9999.0, 9.7, 10.0, 21.59, 9999.0, 23.75, 9999.0, 117.73, 127.75, 120.25, 91.25, 138.5
2024-11-07, 11:07:32, 136.5, 58.25, 22.82, 22.0, 9999.0, 9.68, 10.0, 21.57, 9999.0, 23.8, 9999.0, 117.75, 127.75, 120.25, 91.25, 138.5
2024-11-07, 11:07:36, 136.5, 58.25, 22.82, 22.0, 9999.0, 9.66, 10.0, 21.57, 9999.0, 23.84, 9999.0, 117.77, 127.75, 120.25, 91.25, 138.5
2024-11-07, 11:07:40, 136.5, 58.25, 22.84, 22.0, 9999.0, 9.64, 10.0, 21.59, 9999.0, 23.89, 9999.0, 117.75, 127.75, 120.25, 91.25, 138.5
2024-11-07, 11:07:44, 136.5, 58.25, 22.86, 22.0, 9999.0, 9.61, 10.0, 21.59, 9999.0, 23.93, 9999.0, 117.75, 127.75, 120.25, 91.25, 138.5
2024-11-07, 11:07:48, 136.5, 58.25, 22.86, 22.0, 9999.0, 9.59, 10.0, 21.61, 9999.0, 23.95, 9999.0, 117.73, 127.75, 120.25, 91.25, 138.5
2024-11-07, 11:07:52, 136.5, 58.25, 22.89, 22.0, 9999.0, 9.57, 10.0, 21.59, 9999.0, 24.02, 9999.0, 117.7, 127.75, 120.25, 91.25, 138.5
2024-11-07, 11:07:56, 136.5, 58.25, 22.86, 22.0, 9999.0, 9.55, 9.98, 21.59, 9999.0, 24.07, 9999.0, 117.68, 127.75, 120.25, 91.25, 138.5
2024-11-07, 11:08:00, 136.5, 58.25, 22.84, 22.0, 9999.0, 9.55, 9.98, 21.59, 9999.0, 24.07, 9999.0, 117.66, 127.75, 120.25, 91.23, 138.5
2024-11-07, 11:08:04, 136.48, 58.25, 22.84, 22.0, 9999.0, 9.55, 9.98, 21.61, 9999.0, 24.09, 9999.0, 117.64, 127.75, 120.25, 91.23, 138.5
2024-11-07, 11:08:08, 136.48, 58.25, 22.86, 22.0, 9999.0, 9.57, 9.98, 21.64, 9999.0, 24.11, 9999.0, 117.61, 127.75, 120.25, 91.23, 138.5
2024-11-07, 11:08:12, 136.48, 58.25, 22.86, 22.0, 9999.0, 9.59, 9.98, 21.66, 9999.0, 24.11, 9999.0, 117.59, 127.75, 120.25, 91.23, 138.5
2024-11-07, 11:08:16, 136.48, 58.25, 22.86, 22.0, 9999.0, 9.61, 9.98, 21.68, 9999.0, 24.07, 9999.0, 117.59, 127.73, 120.25, 91.23, 138.5
2024-11-07, 11:08:20, 136.48, 58.25, 22.89, 22.0, 9999.0, 9.64, 9.98, 21.7, 9999.0, 24.02, 9999.0, 117.59, 127.73, 120.25, 91.23, 138.5
2024-11-07, 11:08:24, 136.48, 58.25, 22.89, 22.0, 9999.0, 9.66, 9.98, 21.7, 9999.0, 23.98, 9999.0, 117.61, 127.73, 120.25, 91.23, 138.5
2024-11-07, 11:08:28, 136.45, 58.25, 22.86, 22.0, 9999.0, 9.68, 9.98, 21.73, 9999.0, 23.93, 9999.0, 117.64, 127.73, 120.25, 91.23, 138.5
2024-11-07, 11:08:32, 136.45, 58.25, 22.84, 22.0, 9999.0, 9.7, 9.98, 21.73, 9999.0, 23.91, 9999.0, 117.66, 127.73, 120.25, 91.23, 138.5
2024-11-07, 11:08:36, 136.45, 58.25, 22.82, 22.0, 9999.0, 9.73, 9.98, 21.75, 9999.0, 23.86, 9999.0, 117.66, 127.73, 120.25, 91.23, 138.5
2024-11-07, 11:08:40, 136.45, 58.25, 22.84, 22.0, 9999.0, 9.75, 10.0, 21.73, 9999.0, 23.84, 9999.0, 117.68, 127.73, 120.25, 91.2, 138.5
2024-11-07, 11:08:44, 136.45, 58.25, 22.84, 22.0, 9999.0, 9.73, 10.0, 21.7, 9999.0, 23.82, 9999.0, 117.7, 127.73, 120.25, 91.23, 138.5
2024-11-07, 11:08:48, 136.48, 58.25, 22.84, 22.0, 9999.0, 9.7, 10.0, 21.7, 9999.0, 23.82, 9999.0, 117.73, 127.73, 120.25, 91.23, 138.5
2024-11-07, 11:08:52, 136.48, 58.25, 22.84, 22.0, 9999.0, 9.68, 10.0, 21.7, 9999.0, 23.82, 9999.0, 117.75, 127.73, 120.25, 91.23, 138.5
2024-11-07, 11:08:56, 136.48, 58.25, 22.86, 22.0, 9999.0, 9.66, 10.0, 21.7, 9999.0, 23.82, 9999.0, 117.77, 127.73, 120.25, 91.23, 138.5
2024-11-07, 11:09:00, 136.48, 58.25, 22.86, 22.0, 9999.0, 9.64, 10.0, 21.7, 9999.0, 23.84, 9999.0, 117.77, 127.75, 120.25, 91.23, 138.5
2024-11-07, 11:09:04, 136.48, 58.25, 22.86, 22.0, 9999.0, 9.61, 10.0, 21.7, 9999.0, 23.86, 9999.0, 117.75, 127.75, 120.25, 91.23, 138.5
2024-11-07, 11:09:08, 136.48, 58.25, 22.84, 22.0, 9999.0, 9.59, 10.0, 21.7, 9999.0, 23.89, 9999.0, 117.73, 127.75, 120.25, 91.23, 138.5
2024-11-07, 11:09:12, 136.5, 58.25, 22.84, 22.0, 9999.0, 9.57, 10.0, 21.68, 9999.0, 23.91, 9999.0, 117.68, 127.75, 120.25, 91.23, 138.5
2024-11-07, 11:09:16, 136.5, 58.25, 22.84, 22.0, 9999.0, 9.55, 10.0, 21.66, 9999.0, 23.93, 9999.0, 117.66, 127.75, 120.25, 91.23, 138.5
2024-11-07, 11:09:21, 136.5, 58.25, 22.84, 22.0, 9999.0, 9.55, 10.0, 21.66, 9999.0, 23.93, 9999.0, 117.64, 127.75, 120.25, 91.23, 138.5
2024-11-07, 11:09:25, 136.5, 58.25, 22.82, 22.0, 9999.0, 9.55, 10.0, 21.68, 9999.0, 23.93, 9999.0, 117.61, 127.75, 120.25, 91.25, 138.5
2024-11-07, 11:09:29, 136.5, 58.25, 22.82, 22.0, 9999.0, 9.57, 10.0, 21.68, 9999.0, 23.93, 9999.0, 117.59, 127.75, 120.25, 91.25, 138.5
2024-11-07, 11:09:33, 136.5, 58.25, 22.82, 22.0, 9999.0, 9.59, 10.0, 21.68, 9999.0, 23.91, 9999.0, 117.57, 127.75, 120.25, 91.25, 138.5
2024-11-07, 11:09:37, 136.5, 58.25, 22.8, 22.0, 9999.0, 9.61, 10.0, 21.66, 9999.0, 23.89, 9999.0, 117.57, 127.75, 120.25, 91.25, 138.5
2024-11-07, 11:09:41, 136.5, 58.25, 22.77, 22.0, 9999.0, 9.64, 10.0, 21.66, 9999.0, 23.86, 9999.0, 117.57, 127.73, 120.25, 91.25, 138.5
2024-11-07, 11:09:45, 136.5, 58.25, 22.77, 22.0, 9999.0, 9.66, 10.0, 21.64, 9999.0, 23.84, 9999.0, 117.57, 127.73, 120.25, 91.25, 138.5
2024-11-07, 11:09:49, 136.5, 58.25, 22.75, 22.0, 9999.0, 9.68, 10.0, 21.61, 9999.0, 23.82, 9999.0, 117.61, 127.73, 120.25, 91.25, 138.5
2024-11-07, 11:09:53, 136.5, 58.25, 22.75, 22.0, 9999.0, 9.7, 10.0, 21.59, 9999.0, 23.8, 9999.0, 117.64, 127.73, 120.25, 91.25, 138.5
2024-11-07, 11:09:57, 136.5, 58.27, 22.75, 22.0, 9999.0, 9.73, 10.0, 21.61, 9999.0, 23.77, 9999.0, 117.66, 127.73, 120.25, 91.25, 138.5
2024-11-07, 11:10:01, 136.5, 58.27, 22.75, 22.0, 9999.0, 9.73, 10.0, 21.61, 9999.0, 23.75, 9999.0, 117.68, 127.73, 120.25, 91.25, 138.5
2024-11-07, 11:10:05, 136.48, 58.27, 22.77, 22.0, 9999.0, 9.73, 10.0, 21.61, 9999.0, 23.75, 9999.0, 117.7, 127.73, 120.25, 91.25, 138.5
2024-11-07, 11:10:09, 136.48, 58.27, 22.77, 22.0, 9999.0, 9.7, 10.0, 21.61, 9999.0, 23.77, 9999.0, 117.73, 127.73, 120.25, 91.25, 138.5
2024-11-07, 11:10:13, 136.48, 58.27, 22.77, 22.0, 9999.0, 9.68, 10.0, 21.64, 9999.0, 23.8, 9999.0, 117.75, 127.73, 120.25, 91.25, 138.5
2024-11-07, 11:10:17, 136.48, 58.27, 22.77, 22.0, 9999.0, 9.66, 10.0, 21.64, 9999.0, 23.82, 9999.0, 117.77, 127.73, 120.25, 91.25, 138.5
2024-11-07, 11:10:23, 136.48, 58.27, 22.77, 22.0, 9999.0, 9.64, 10.0, 21.64, 9999.0, 23.84, 9999.0, 117.77, 127.73, 120.25, 91.25, 138.5
2024-11-07, 11:10:27, 136.48, 58.27, 22.77, 22.0, 9999.0, 9.61, 10.0, 21.64, 9999.0, 23.84, 9999.0, 117.77, 127.75, 120.25, 91.25, 138.5
2024-11-07, 11:10:31, 136.48, 58.27, 22.77, 22.0, 9999.0, 9.59, 10.0, 21.66, 9999.0, 23.84, 9999.0, 117.75, 127.75, 120.25, 91.25, 138.5
2024-11-07, 11:10:35, 136.48, 58.27, 22.77, 22.0, 9999.0, 9.57, 10.0, 21.68, 9999.0, 23.84, 9999.0, 117.7, 127.75, 120.25, 91.25, 138.5
2024-11-07, 11:10:39, 136.48, 58.27, 22.77, 22.0, 9999.0, 9.55, 10.0, 21.7, 9999.0, 23.86, 9999.0, 117.68, 127.75, 120.25, 91.25, 138.5
2024-11-07, 11:10:43, 136.48, 58.25, 22.77, 22.0, 9999.0, 9.55, 9.98, 21.7, 9999.0, 23.89, 9999.0, 117.66, 127.75, 120.25, 91.25, 138.5
2024-11-07, 11:10:47, 136.48, 58.25, 22.77, 22.0, 9999.0, 9.55, 9.98, 21.7, 9999.0, 23.91, 9999.0, 117.64, 127.75, 120.23, 91.25, 138.5
2024-11-07, 11:10:51, 136.48, 58.25, 22.75, 22.0, 9999.0, 9.55, 9.98, 21.7, 9999.0, 23.93, 9999.0, 117.61, 127.75, 120.23, 91.25, 138.5
2024-11-07, 11:10:55, 136.48, 58.25, 22.75, 22.0, 9999.0, 9.57, 9.98, 21.7, 9999.0, 23.93, 9999.0, 117.59, 127.75, 120.23, 91.25, 138.5
2024-11-07, 11:10:59, 136.48, 58.25, 22.75, 22.0, 9999.0, 9.59, 9.98, 21.68, 9999.0, 23.93, 9999.0, 117.59, 127.75, 120.23, 91.25, 138.5
2024-11-07, 11:11:03, 136.48, 58.25, 22.75, 22.0, 9999.0, 9.61, 9.98, 21.66, 9999.0, 23.91, 9999.0, 117.57, 127.75, 120.23, 91.25, 138.5
2024-11-07, 11:11:07, 136.48, 58.25, 22.75, 22.0, 9999.0, 9.64, 9.98, 21.68, 9999.0, 23.89, 9999.0, 117.59, 127.75, 120.23, 91.25, 138.5
2024-11-07, 11:11:11, 136.48, 58.25, 22.75, 22.0, 9999.0, 9.66, 9.98, 21.68, 9999.0, 23.89, 9999.0, 117.59, 127.75, 120.23, 91.25, 138.5
2024-11-07, 11:11:15, 136.48, 58.25, 22.77, 22.0, 9999.0, 9.68, 9.98, 21.66, 9999.0, 23.89, 9999.0, 117.64, 127.75, 120.23, 91.25, 138.5
2024-11-07, 11:11:19, 136.48, 58.25, 22.8, 22.0, 9999.0, 9.7, 9.98, 21.64, 9999.0, 23.91, 9999.0, 117.66, 127.75, 120.23, 91.25, 138.5
2024-11-07, 11:11:23, 136.48, 58.25, 22.8, 22.0, 9999.0, 9.73, 9.98, 21.61, 9999.0, 23.91, 9999.0, 117.68, 127.75, 120.23, 91.25, 138.5
2024-11-07, 11:11:27, 136.48, 58.25, 22.8, 22.0, 9999.0, 9.7, 10.0, 21.59, 9999.0, 23.93, 9999.0, 117.7, 127.75, 120.23, 91.25, 138.5
2024-11-07, 11:11:32, 136.48, 58.25, 22.8, 22.0, 9999.0, 9.7, 10.0, 21.61, 9999.0, 23.95, 9999.0, 117.73, 127.75, 120.25, 91.25, 138.5
2024-11-07, 11:11:36, 136.5, 58.25, 22.8, 22.0, 9999.0, 9.68, 10.0, 21.59, 9999.0, 23.98, 9999.0, 117.75, 127.75, 120.25, 91.25, 138.48
2024-11-07, 11:11:40, 136.48, 58.25, 22.8, 22.0, 9999.0, 9.66, 10.0, 21.57, 9999.0, 24.0, 9999.0, 117.77, 127.75, 120.25, 91.25, 138.48
2024-11-07, 11:11:44, 136.48, 58.25, 22.8, 22.0, 9999.0, 9.64, 10.0, 21.57, 9999.0, 24.0, 9999.0, 117.77, 127.75, 120.25, 91.25, 138.48
2024-11-07, 11:11:48, 136.48, 58.25, 22.82, 22.0, 9999.0, 9.61, 10.0, 21.57, 9999.0, 24.05, 9999.0, 117.77, 127.75, 120.25, 91.25, 138.48
2024-11-07, 11:11:52, 136.48, 58.25, 22.82, 22.0, 9999.0, 9.59, 10.0, 21.55, 9999.0, 24.07, 9999.0, 117.73, 127.75, 120.25, 91.25, 138.48
2024-11-07, 11:11:56, 136.48, 58.25, 22.84, 22.0, 9999.0, 9.57, 10.0, 21.52, 9999.0, 24.09, 9999.0, 117.7, 127.75, 120.25, 91.25, 138.45
2024-11-07, 11:12:00, 136.48, 58.25, 22.82, 22.0, 9999.0, 9.57, 10.0, 21.52, 9999.0, 24.11, 9999.0, 117.66, 127.75, 120.25, 91.25, 138.45
2024-11-07, 11:12:04, 136.48, 58.25, 22.8, 22.0, 9999.0, 9.57, 9.98, 21.52, 9999.0, 24.11, 9999.0, 117.64, 127.75, 120.23, 91.25, 138.45
2024-11-07, 11:12:08, 136.48, 58.25, 22.8, 22.0, 9999.0, 9.55, 9.98, 21.55, 9999.0, 24.11, 9999.0, 117.61, 127.73, 120.23, 91.25, 138.45
2024-11-07, 11:12:12, 136.45, 58.25, 22.8, 22.0, 9999.0, 9.57, 9.98, 21.57, 9999.0, 24.09, 9999.0, 117.59, 127.73, 120.23, 91.25, 138.45
2024-11-07, 11:12:16, 136.45, 58.25, 22.8, 22.0, 9999.0, 9.59, 9.98, 21.57, 9999.0, 24.07, 9999.0, 117.57, 127.73, 120.23, 91.25, 138.45
2024-11-07, 11:12:20, 136.45, 58.25, 22.8, 22.0, 9999.0, 9.61, 9.98, 21.59, 9999.0, 24.05, 9999.0, 117.57, 127.73, 120.23, 91.25, 138.48
2024-11-07, 11:12:24, 136.48, 58.25, 22.8, 22.0, 9999.0, 9.64, 9.98, 21.61, 9999.0, 24.0, 9999.0, 117.57, 127.73, 120.23, 91.25, 138.48
2024-11-07, 11:12:28, 136.45, 58.25, 22.82, 22.0, 9999.0, 9.66, 9.98, 21.64, 9999.0, 23.98, 9999.0, 117.57, 127.73, 120.23, 91.25, 138.48
2024-11-07, 11:12:32, 136.43, 58.25, 22.8, 22.0, 9999.0, 9.68, 9.98, 21.66, 9999.0, 23.93, 9999.0, 117.59, 127.73, 120.23, 91.25, 138.48
2024-11-07, 11:12:36, 136.43, 58.25, 22.82, 22.0, 9999.0, 9.7, 9.98, 21.66, 9999.0, 23.91, 9999.0, 117.64, 127.73, 120.23, 91.25, 138.48
2024-11-07, 11:12:40, 136.43, 58.25, 22.8, 22.0, 9999.0, 9.73, 9.98, 21.66, 9999.0, 23.91, 9999.0, 117.66, 127.73, 120.23, 91.25, 138.5
2024-11-07, 11:12:44, 136.43, 58.25, 22.8, 22.0, 9999.0, 9.7, 9.98, 21.66, 9999.0, 23.89, 9999.0, 117.68, 127.73, 120.23, 91.25, 138.5
2024-11-07, 11:12:48, 136.43, 58.25, 22.82, 22.0, 9999.0, 9.68, 10.0, 21.66, 9999.0, 23.89, 9999.0, 117.7, 127.73, 120.25, 91.25, 138.5
2024-11-07, 11:12:52, 136.43, 58.25, 22.84, 22.0, 9999.0, 9.68, 10.0, 21.64, 9999.0, 23.89, 9999.0, 117.73, 127.75, 120.25, 91.25, 138.5
2024-11-07, 11:12:56, 136.45, 58.25, 22.84, 22.0, 9999.0, 9.66, 10.0, 21.61, 9999.0, 23.89, 9999.0, 117.75, 127.75, 120.25, 91.25, 138.5
2024-11-07, 11:13:00, 136.45, 58.25, 22.84, 22.0, 9999.0, 9.64, 10.0, 21.59, 9999.0, 23.89, 9999.0, 117.77, 127.75, 120.25, 91.25, 138.5
2024-11-07, 11:13:04, 136.45, 58.25, 22.84, 22.0, 9999.0, 9.61, 10.0, 21.57, 9999.0, 23.89, 9999.0, 117.77, 127.75, 120.25, 91.25, 138.48
2024-11-07, 11:13:08, 136.45, 58.25, 22.84, 22.0, 9999.0, 9.59, 10.0, 21.57, 9999.0, 23.91, 9999.0, 117.77, 127.75, 120.25, 91.25, 138.48
2024-11-07, 11:13:12, 136.48, 58.25, 22.82, 22.0, 9999.0, 9.57, 10.0, 21.57, 9999.0, 23.93, 9999.0, 117.75, 127.75, 120.25, 91.25, 138.48
2024-11-07, 11:13:16, 136.5, 58.25, 22.82, 22.0, 9999.0, 9.55, 10.0, 21.55, 9999.0, 23.93, 9999.0, 117.73, 127.75, 120.25, 91.25, 138.45
2024-11-07, 11:13:20, 136.5, 58.25, 22.8, 22.0, 9999.0, 9.55, 10.0, 21.55, 9999.0, 23.95, 9999.0, 117.68, 127.75, 120.25, 91.25, 138.45
2024-11-07, 11:13:24, 136.5, 58.25, 22.8, 22.0, 9999.0, 9.55, 10.0, 21.55, 9999.0, 23.93, 9999.0, 117.66, 127.75, 120.25, 91.25, 138.45
2024-11-07, 11:13:28, 136.5, 58.25, 22.8, 22.0, 9999.0, 9.57, 10.0, 21.55, 9999.0, 23.93, 9999.0, 117.64, 127.75, 120.25, 91.25, 138.45
2024-11-07, 11:13:32, 136.5, 58.25, 22.77, 22.0, 9999.0, 9.59, 10.0, 21.57, 9999.0, 23.91, 9999.0, 117.61, 127.75, 120.25, 91.25, 138.45
2024-11-07, 11:13:36, 136.48, 58.25, 22.75, 22.0, 9999.0, 9.61, 10.0, 21.59, 9999.0, 23.89, 9999.0, 117.61, 127.75, 120.25, 91.25, 138.45
2024-11-07, 11:13:40, 136.48, 58.25, 22.77, 22.0, 9999.0, 9.64, 10.0, 21.61, 9999.0, 23.89, 9999.0, 117.61, 127.75, 120.25, 91.25, 138.43
2024-11-07, 11:13:44, 136.48, 58.25, 22.8, 21.98, 9999.0, 9.66, 10.0, 21.61, 9999.0, 23.86, 9999.0, 117.61, 127.75, 120.25, 91.25, 138.43
2024-11-07, 11:13:48, 136.48, 58.25, 22.8, 21.98, 9999.0, 9.68, 10.0, 21.64, 9999.0, 23.86, 9999.0, 117.64, 127.75, 120.25, 91.25, 138.43
2024-11-07, 11:13:52, 136.48, 58.25, 22.8, 21.98, 9999.0, 9.7, 10.0, 21.64, 9999.0, 23.86, 9999.0, 117.66, 127.75, 120.25, 91.25, 138.43
2024-11-07, 11:13:56, 136.48, 58.25, 22.8, 21.98, 9999.0, 9.73, 10.0, 21.64, 9999.0, 23.84, 9999.0, 117.68, 127.75, 120.25, 91.25, 138.43
2024-11-07, 11:14:00, 136.48, 58.25, 22.8, 21.98, 9999.0, 9.75, 10.0, 21.64, 9999.0, 23.86, 9999.0, 117.7, 127.75, 120.25, 91.25, 138.43
2024-11-07, 11:14:04, 136.48, 58.25, 22.8, 21.98, 9999.0, 9.73, 10.0, 21.64, 9999.0, 23.89, 9999.0, 117.73, 127.75, 120.25, 91.25, 138.43
2024-11-07, 11:14:08, 136.48, 58.25, 22.8, 21.98, 9999.0, 9.7, 10.0, 21.64, 9999.0, 23.93, 9999.0, 117.75, 127.75, 120.25, 91.25, 138.43
2024-11-07, 11:14:12, 136.48, 58.25, 22.82, 21.98, 9999.0, 9.68, 10.0, 21.64, 9999.0, 23.98, 9999.0, 117.77, 127.75, 120.25, 91.25, 138.43
2024-11-07, 11:14:16, 136.48, 58.25, 22.84, 21.98, 9999.0, 9.66, 10.0, 21.61, 9999.0, 24.02, 9999.0, 117.8, 127.75, 120.25, 91.25, 138.43
2024-11-07, 11:14:20, 136.5, 58.25, 22.86, 21.98, 9999.0, 9.64, 10.0, 21.59, 9999.0, 24.05, 9999.0, 117.8, 127.75, 120.25, 91.25, 138.43
2024-11-07, 11:14:24, 136.5, 58.25, 22.84, 21.98, 9999.0, 9.61, 10.0, 21.59, 9999.0, 24.05, 9999.0, 117.77, 127.75, 120.25, 91.25, 138.45
2024-11-07, 11:14:28, 136.5, 58.25, 22.82, 22.0, 9999.0, 9.59, 10.0, 21.59, 9999.0, 24.07, 9999.0, 117.75, 127.75, 120.25, 91.25, 138.45
2024-11-07, 11:14:32, 136.5, 58.25, 22.82, 22.0, 9999.0, 9.57, 10.0, 21.59, 9999.0, 24.07, 9999.0, 117.7, 127.75, 120.25, 91.25, 138.45
2024-11-07, 11:14:36, 136.5, 58.25, 22.82, 22.0, 9999.0, 9.55, 10.0, 21.59, 9999.0, 24.07, 9999.0, 117.66, 127.75, 120.25, 91.25, 138.45
2024-11-07, 11:14:40, 136.5, 58.25, 22.84, 22.0, 9999.0, 9.55, 10.0, 21.57, 9999.0, 24.09, 9999.0, 117.64, 127.75, 120.25, 91.25, 138.43
2024-11-07, 11:14:44, 136.5, 58.25, 22.86, 22.0, 9999.0, 9.52, 10.0, 21.59, 9999.0, 24.09, 9999.0, 117.61, 127.75, 120.25, 91.25, 138.45
2024-11-07, 11:14:48, 136.5, 58.25, 22.89, 22.0, 9999.0, 9.55, 10.0, 21.61, 9999.0, 24.07, 9999.0, 117.59, 127.75, 120.25, 91.23, 138.45
2024-11-07, 11:14:52, 136.5, 58.25, 22.89, 22.0, 9999.0, 9.59, 10.0, 21.64, 9999.0, 24.05, 9999.0, 117.57, 127.75, 120.25, 91.2, 138.45
2024-11-07, 11:14:56, 136.5, 58.25, 22.86, 22.0, 9999.0, 9.61, 10.0, 21.66, 9999.0, 24.02, 9999.0, 117.57, 127.75, 120.25, 91.18, 138.45
2024-11-07, 11:15:00, 136.5, 58.25, 22.84, 22.0, 9999.0, 9.64, 10.0, 21.68, 9999.0, 24.0, 9999.0, 117.57, 127.75, 120.25, 91.18, 138.45
2024-11-07, 11:15:04, 136.5, 58.25, 22.82, 22.0, 9999.0, 9.66, 10.0, 21.68, 9999.0, 24.0, 9999.0, 117.57, 127.75, 120.25, 91.18, 138.43
2024-11-07, 11:15:08, 136.5, 58.25, 22.84, 22.0, 9999.0, 9.68, 10.0, 21.68, 9999.0, 24.0, 9999.0, 117.59, 127.75, 120.25, 91.18, 138.43
2024-11-07, 11:15:12, 136.5, 58.25, 22.86, 22.0, 9999.0, 9.7, 10.0, 21.7, 9999.0, 24.0, 9999.0, 117.64, 127.75, 120.25, 91.18, 138.41
2024-11-07, 11:15:17, 136.5, 58.25, 22.86, 22.0, 9999.0, 9.7, 10.0, 21.68, 9999.0, 24.0, 9999.0, 117.66, 127.75, 120.25, 91.18, 138.43
2024-11-07, 11:15:21, 136.5, 58.25, 22.86, 22.0, 9999.0, 9.7, 10.0, 21.68, 9999.0, 24.0, 9999.0, 117.68, 127.75, 120.25, 91.16, 138.41
2024-11-07, 11:15:25, 136.5, 58.25, 22.84, 22.0, 9999.0, 9.7, 10.0, 21.7, 9999.0, 24.0, 9999.0, 117.7, 127.75, 120.25, 91.16, 138.43
2024-11-07, 11:15:29, 136.5, 58.25, 22.82, 22.0, 9999.0, 9.7, 10.0, 21.7, 9999.0, 24.02, 9999.0, 117.73, 127.75, 120.25, 91.16, 138.43
2024-11-07, 11:15:33, 136.5, 58.25, 22.8, 22.0, 9999.0, 9.68, 10.0, 21.68, 9999.0, 24.05, 9999.0, 117.75, 127.75, 120.25, 91.18, 138.43
2024-11-07, 11:15:37, 136.5, 58.25, 22.8, 22.0, 9999.0, 9.64, 10.0, 21.66, 9999.0, 24.05, 9999.0, 117.77, 127.75, 120.25, 91.2, 138.43
2024-11-07, 11:15:41, 136.5, 58.25, 22.8, 22.0, 9999.0, 9.61, 10.0, 21.66, 9999.0, 24.05, 9999.0, 117.77, 127.75, 120.25, 91.23, 138.41
2024-11-07, 11:15:45, 136.48, 58.25, 22.8, 22.0, 9999.0, 9.59, 10.0, 21.64, 9999.0, 24.05, 9999.0, 117.77, 127.75, 120.25, 91.23, 138.39
2024-11-07, 11:15:49, 136.48, 58.25, 22.8, 22.0, 9999.0, 9.57, 10.0, 21.64, 9999.0, 24.05, 9999.0, 117.77, 127.75, 120.25, 91.2, 138.41
2024-11-07, 11:15:53, 136.48, 58.25, 22.8, 22.0, 9999.0, 9.55, 10.0, 21.64, 9999.0, 24.05, 9999.0, 117.77, 127.75, 120.25, 91.2, 138.39
2024-11-07, 11:15:57, 136.48, 58.25, 22.77, 22.0, 9999.0, 9.52, 10.0, 21.61, 9999.0, 24.02, 9999.0, 117.73, 127.75, 120.25, 91.2, 138.39
2024-11-07, 11:16:01, 136.48, 58.25, 22.77, 22.0, 9999.0, 9.52, 9.98, 21.64, 9999.0, 24.0, 9999.0, 117.7, 127.75, 120.25, 91.18, 138.36
2024-11-07, 11:16:05, 136.48, 58.25, 22.77, 22.0, 9999.0, 9.52, 9.98, 21.64, 9999.0, 23.98, 9999.0, 117.68, 127.75, 120.25, 91.18, 138.36
2024-11-07, 11:16:09, 136.48, 58.25, 22.8, 22.0, 9999.0, 9.52, 9.98, 21.64, 9999.0, 23.98, 9999.0, 117.66, 127.75, 120.25, 91.18, 138.36
2024-11-07, 11:16:13, 136.48, 58.25, 22.82, 22.0, 9999.0, 9.55, 9.98, 21.64, 9999.0, 23.93, 9999.0, 117.64, 127.75, 120.25, 91.18, 138.36
2024-11-07, 11:16:17, 136.48, 58.25, 22.82, 22.0, 9999.0, 9.57, 9.98, 21.66, 9999.0, 23.89, 9999.0, 117.64, 127.75, 120.25, 91.16, 138.34
2024-11-07, 11:16:21, 136.48, 58.25, 22.82, 22.0, 9999.0, 9.59, 9.98, 21.68, 9999.0, 23.89, 9999.0, 117.64, 127.75, 120.25, 91.16, 138.32
2024-11-07, 11:16:25, 136.48, 58.25, 22.82, 22.0, 9999.0, 9.61, 9.98, 21.68, 9999.0, 23.86, 9999.0, 117.66, 127.75, 120.25, 91.16, 138.32
2024-11-07, 11:16:29, 136.5, 58.25, 22.82, 22.0, 9999.0, 9.64, 9.98, 21.68, 9999.0, 23.84, 9999.0, 117.68, 127.75, 120.25, 91.16, 138.34
2024-11-07, 11:16:33, 136.5, 58.25, 22.82, 22.0, 9999.0, 9.66, 9.98, 21.68, 9999.0, 23.82, 9999.0, 117.68, 127.75, 120.25, 91.18, 138.34
2024-11-07, 11:16:37, 136.5, 58.25, 22.8, 22.0, 9999.0, 9.66, 9.98, 21.66, 9999.0, 23.82, 9999.0, 117.68, 127.75, 120.25, 91.18, 138.36
2024-11-07, 11:16:41, 136.5, 58.25, 22.8, 22.0, 9999.0, 9.68, 9.98, 21.66, 9999.0, 23.84, 9999.0, 117.7, 127.75, 120.25, 91.18, 138.36
2024-11-07, 11:16:45, 136.5, 58.25, 22.8, 22.0, 9999.0, 9.68, 10.0, 21.64, 9999.0, 23.86, 9999.0, 117.73, 127.75, 120.25, 91.2, 138.36
2024-11-07, 11:16:49, 136.5, 58.25, 22.82, 22.0, 9999.0, 9.68, 10.0, 21.61, 9999.0, 23.89, 9999.0, 117.75, 127.75, 120.25, 91.2, 138.36
2024-11-07, 11:16:53, 136.5, 58.25, 22.8, 22.0, 9999.0, 9.66, 10.0, 21.59, 9999.0, 23.89, 9999.0, 117.77, 127.75, 120.25, 91.18, 138.36
2024-11-07, 11:16:57, 136.5, 58.25, 22.77, 22.0, 9999.0, 9.64, 10.0, 21.57, 9999.0, 23.91, 9999.0, 117.8, 127.75, 120.25, 91.18, 138.34
2024-11-07, 11:17:01, 136.5, 58.25, 22.77, 22.0, 9999.0, 9.61, 10.0, 21.55, 9999.0, 23.93, 9999.0, 117.8, 127.75, 120.25, 91.2, 138.34
2024-11-07, 11:17:05, 136.5, 58.25, 22.77, 22.0, 9999.0, 9.59, 10.0, 21.52, 9999.0, 23.93, 9999.0, 117.77, 127.75, 120.25, 91.18, 138.36
2024-11-07, 11:17:10, 136.5, 58.25, 22.77, 22.0, 9999.0, 9.57, 10.0, 21.5, 9999.0, 23.95, 9999.0, 117.73, 127.75, 120.25, 91.16, 138.39
2024-11-07, 11:17:14, 136.5, 58.25, 22.77, 22.0, 9999.0, 9.55, 10.0, 21.52, 9999.0, 23.98, 9999.0, 117.68, 127.75, 120.25, 91.16, 138.36
2024-11-07, 11:17:18, 136.5, 58.25, 22.77, 22.0, 9999.0, 9.52, 10.0, 21.52, 9999.0, 24.0, 9999.0, 117.66, 127.75, 120.25, 91.14, 138.34
2024-11-07, 11:17:22, 136.5, 58.25, 22.77, 22.0, 9999.0, 9.52, 10.0, 21.52, 9999.0, 23.98, 9999.0, 117.66, 127.75, 120.25, 91.14, 138.32
2024-11-07, 11:17:28, 136.5, 58.27, 22.77, 22.0, 9999.0, 9.52, 9.98, 21.52, 9999.0, 23.95, 9999.0, 117.64, 127.75, 120.25, 91.14, 138.32
2024-11-07, 11:17:32, 136.5, 58.27, 22.77, 22.0, 9999.0, 9.55, 9.98, 21.52, 9999.0, 23.95, 9999.0, 117.61, 127.75, 120.25, 91.14, 138.32
2024-11-07, 11:17:36, 136.5, 58.27, 22.75, 22.0, 9999.0, 9.57, 9.98, 21.55, 9999.0, 23.95, 9999.0, 117.61, 127.75, 120.25, 91.16, 138.32
2024-11-07, 11:17:40, 136.5, 58.27, 22.75, 22.0, 9999.0, 9.59, 9.98, 21.55, 9999.0, 23.95, 9999.0, 117.61, 127.75, 120.25, 91.18, 138.3
2024-11-07, 11:17:44, 136.5, 58.27, 22.75, 22.0, 9999.0, 9.61, 9.98, 21.57, 9999.0, 23.93, 9999.0, 117.59, 127.75, 120.25, 91.18, 138.3
2024-11-07, 11:17:48, 136.5, 58.27, 22.75, 22.0, 9999.0, 9.64, 9.98, 21.59, 9999.0, 23.93, 9999.0, 117.61, 127.75, 120.25, 91.16, 138.3
2024-11-07, 11:17:52, 136.5, 58.27, 22.75, 22.0, 9999.0, 9.66, 9.98, 21.59, 9999.0, 23.93, 9999.0, 117.64, 127.75, 120.25, 91.18, 138.27
2024-11-07, 11:17:56, 136.5, 58.27, 22.75, 22.0, 9999.0, 9.66, 9.98, 21.59, 9999.0, 23.91, 9999.0, 117.66, 127.75, 120.25, 91.2, 138.25
2024-11-07, 11:18:00, 136.5, 58.27, 22.75, 22.0, 9999.0, 9.66, 9.98, 21.59, 9999.0, 23.93, 9999.0, 117.68, 127.75, 120.25, 91.2, 138.27
2024-11-07, 11:18:04, 136.5, 58.27, 22.75, 22.0, 9999.0, 9.66, 9.98, 21.59, 9999.0, 23.95, 9999.0, 117.7, 127.75, 120.25, 91.23, 138.27
2024-11-07, 11:18:08, 136.5, 58.27, 22.75, 22.0, 9999.0, 9.66, 9.98, 21.59, 9999.0, 24.02, 9999.0, 117.7, 127.75, 120.25, 91.23, 138.3
2024-11-07, 11:18:12, 136.5, 58.25, 22.75, 22.0, 9999.0, 9.64, 10.0, 21.59, 9999.0, 24.07, 9999.0, 117.73, 127.75, 120.25, 91.23, 138.3
2024-11-07, 11:18:16, 136.5, 58.25, 22.75, 22.0, 9999.0, 9.61, 10.0, 21.61, 9999.0, 24.09, 9999.0, 117.75, 127.75, 120.25, 91.23, 138.3
2024-11-07, 11:18:20, 136.5, 58.25, 22.75, 22.0, 9999.0, 9.59, 10.0, 21.61, 9999.0, 24.11, 9999.0, 117.75, 127.75, 120.25, 91.23, 138.3
2024-11-07, 11:18:24, 136.5, 58.25, 22.75, 22.0, 9999.0, 9.57, 10.0, 21.64, 9999.0, 24.14, 9999.0, 117.75, 127.75, 120.25, 91.23, 138.3
2024-11-07, 11:18:28, 136.5, 58.25, 22.75, 22.0, 9999.0, 9.55, 10.0, 21.61, 9999.0, 24.18, 9999.0, 117.75, 127.75, 120.25, 91.23, 138.32
2024-11-07, 11:18:32, 136.5, 58.25, 22.75, 22.0, 9999.0, 9.52, 9.98, 21.59, 9999.0, 24.18, 9999.0, 117.73, 127.75, 120.25, 91.23, 138.32
2024-11-07, 11:18:36, 136.5, 58.25, 22.75, 22.0, 9999.0, 9.5, 9.98, 21.61, 9999.0, 24.2, 9999.0, 117.7, 127.75, 120.25, 91.23, 138.32
2024-11-07, 11:18:40, 136.5, 58.25, 22.75, 22.0, 9999.0, 9.52, 9.95, 21.61, 9999.0, 24.25, 9999.0, 117.68, 127.75, 120.25, 91.2, 138.34
2024-11-07, 11:18:44, 136.5, 58.25, 22.75, 22.0, 9999.0, 9.52, 9.95, 21.59, 9999.0, 24.25, 9999.0, 117.66, 127.75, 120.25, 91.18, 138.32
2024-11-07, 11:18:48, 136.5, 58.25, 22.75, 22.0, 9999.0, 9.55, 9.95, 21.61, 9999.0, 24.23, 9999.0, 117.64, 127.75, 120.25, 91.16, 138.34
2024-11-07, 11:18:52, 136.5, 58.25, 22.75, 22.0, 9999.0, 9.57, 9.95, 21.64, 9999.0, 24.18, 9999.0, 117.61, 127.75, 120.25, 91.16, 138.32
2024-11-07, 11:18:56, 136.5, 58.25, 22.75, 22.0, 9999.0, 9.59, 9.95, 21.64, 9999.0, 24.16, 9999.0, 117.61, 127.75, 120.25, 91.14, 138.32
2024-11-07, 11:19:00, 136.5, 58.25, 22.75, 22.0, 9999.0, 9.61, 9.95, 21.61, 9999.0, 24.14, 9999.0, 117.61, 127.73, 120.25, 91.14, 138.32
2024-11-07, 11:19:04, 136.48, 58.25, 22.75, 22.0, 9999.0, 9.64, 9.95, 21.61, 9999.0, 24.11, 9999.0, 117.61, 127.7, 120.25, 91.11, 138.32
2024-11-07, 11:19:08, 136.48, 58.25, 22.75, 22.0, 9999.0, 9.66, 9.95, 21.59, 9999.0, 24.07, 9999.0, 117.64, 127.7, 120.25, 91.11, 138.32
2024-11-07, 11:19:12, 136.48, 58.25, 22.75, 22.0, 9999.0, 9.68, 9.95, 21.59, 9999.0, 24.02, 9999.0, 117.68, 127.7, 120.25, 91.11, 138.3
2024-11-07, 11:19:16, 136.48, 58.25, 22.75, 22.0, 9999.0, 9.68, 9.98, 21.61, 9999.0, 24.02, 9999.0, 117.68, 127.7, 120.25, 91.14, 138.32
2024-11-07, 11:19:20, 136.48, 58.25, 22.75, 22.0, 9999.0, 9.68, 9.98, 21.61, 9999.0, 24.0, 9999.0, 117.7, 127.7, 120.25, 91.14, 138.32
2024-11-07, 11:19:24, 136.48, 58.25, 22.75, 22.0, 9999.0, 9.66, 10.0, 21.64, 9999.0, 23.98, 9999.0, 117.73, 127.7, 120.25, 91.16, 138.3
2024-11-07, 11:19:28, 136.48, 58.25, 22.75, 22.0, 9999.0, 9.68, 10.0, 21.66, 9999.0, 23.98, 9999.0, 117.75, 127.7, 120.25, 91.18, 138.3
2024-11-07, 11:19:32, 136.48, 58.25, 22.75, 22.0, 9999.0, 9.66, 10.0, 21.66, 9999.0, 24.0, 9999.0, 117.77, 127.7, 120.25, 91.2, 138.3
2024-11-07, 11:19:36, 136.48, 58.25, 22.75, 22.0, 9999.0, 9.64, 10.0, 21.64, 9999.0, 24.02, 9999.0, 117.8, 127.7, 120.25, 91.18, 138.3
2024-11-07, 11:19:40, 136.48, 58.25, 22.75, 22.0, 9999.0, 9.61, 10.0, 21.66, 9999.0, 24.05, 9999.0, 117.8, 127.7, 120.25, 91.2, 138.3
2024-11-07, 11:19:44, 136.48, 58.25, 22.75, 22.0, 9999.0, 9.59, 10.0, 21.66, 9999.0, 24.07, 9999.0, 117.8, 127.73, 120.25, 91.2, 138.3
2024-11-07, 11:19:48, 136.5, 58.25, 22.75, 22.0, 9999.0, 9.57, 10.0, 21.64, 9999.0, 24.07, 9999.0, 117.77, 127.75, 120.25, 91.23, 138.3
2024-11-07, 11:19:52, 136.5, 58.25, 22.75, 22.0, 9999.0, 9.55, 10.0, 21.64, 9999.0, 24.09, 9999.0, 117.75, 127.75, 120.25, 91.23, 138.3
2024-11-07, 11:19:56, 136.5, 58.25, 22.75, 22.0, 9999.0, 9.52, 9.98, 21.64, 9999.0, 24.11, 9999.0, 117.7, 127.75, 120.25, 91.2, 138.32
2024-11-07, 11:20:00, 136.5, 58.25, 22.75, 22.0, 9999.0, 9.55, 9.98, 21.61, 9999.0, 24.11, 9999.0, 117.68, 127.75, 120.25, 91.2, 138.3
2024-11-07, 11:20:04, 136.5, 58.25, 22.75, 22.0, 9999.0, 9.55, 9.95, 21.59, 9999.0, 24.11, 9999.0, 117.66, 127.75, 120.25, 91.18, 138.3
2024-11-07, 11:20:08, 136.5, 58.25, 22.75, 22.0, 9999.0, 9.57, 9.95, 21.57, 9999.0, 24.11, 9999.0, 117.64, 127.75, 120.25, 91.18, 138.3
2024-11-07, 11:20:12, 136.5, 58.25, 22.75, 22.0, 9999.0, 9.57, 9.95, 21.55, 9999.0, 24.09, 9999.0, 117.61, 127.75, 120.25, 91.18, 138.32
2024-11-07, 11:20:16, 136.5, 58.25, 22.75, 22.0, 9999.0, 9.59, 9.95, 21.52, 9999.0, 24.07, 9999.0, 117.61, 127.75, 120.25, 91.18, 138.32
2024-11-07, 11:20:20, 136.5, 58.25, 22.75, 22.0, 9999.0, 9.61, 9.95, 21.55, 9999.0, 24.05, 9999.0, 117.61, 127.75, 120.25, 91.2, 138.32
2024-11-07, 11:20:48, 136.5, 58.25, 22.75, 22.0, 9999.0, 9.64, 9.95, 21.55, 9999.0, 24.0, 9999.0, 117.61, 127.75, 120.25, 91.2, 138.32
2024-11-07, 11:20:52, 136.5, 58.25, 22.75, 22.0, 9999.0, 9.66, 9.95, 21.55, 9999.0, 23.95, 9999.0, 117.61, 127.75, 120.25, 91.2, 138.32
2024-11-07, 11:20:56, 136.5, 58.25, 22.75, 22.0, 9999.0, 9.68, 9.95, 21.55, 9999.0, 23.93, 9999.0, 117.66, 127.75, 120.25, 91.2, 138.32
2024-11-07, 11:21:00, 136.5, 58.25, 22.75, 22.0, 9999.0, 9.7, 9.95, 21.55, 9999.0, 23.93, 9999.0, 117.66, 127.75, 120.25, 91.18, 138.32
2024-11-07, 11:21:04, 136.5, 58.25, 22.75, 22.0, 9999.0, 9.7, 9.98, 21.57, 9999.0, 23.93, 9999.0, 117.68, 127.75, 120.25, 91.18, 138.3
2024-11-07, 11:21:08, 136.5, 58.25, 22.75, 22.0, 9999.0, 9.7, 9.98, 21.59, 9999.0, 23.93, 9999.0, 117.7, 127.75, 120.25, 91.16, 138.3
2024-11-07, 11:21:12, 136.5, 58.25, 22.75, 22.0, 9999.0, 9.7, 10.0, 21.61, 9999.0, 23.93, 9999.0, 117.73, 127.75, 120.25, 91.18, 138.3
2024-11-07, 11:21:16, 136.5, 58.25, 22.75, 22.0, 9999.0, 9.68, 10.0, 21.64, 9999.0, 23.93, 9999.0, 117.75, 127.75, 120.25, 91.18, 138.3
2024-11-07, 11:21:20, 136.5, 58.25, 22.75, 22.0, 9999.0, 9.66, 10.0, 21.66, 9999.0, 23.93, 9999.0, 117.77, 127.75, 120.25, 91.18, 138.27
2024-11-07, 11:21:24, 136.5, 58.25, 22.75, 22.0, 9999.0, 9.64, 10.0, 21.66, 9999.0, 23.93, 9999.0, 117.77, 127.75, 120.25, 91.18, 138.25
2024-11-07, 11:21:28, 136.5, 58.25, 22.75, 22.0, 9999.0, 9.61, 10.0, 21.66, 9999.0, 23.93, 9999.0, 117.77, 127.75, 120.25, 91.18, 138.25
2024-11-07, 11:21:32, 136.5, 58.25, 22.75, 22.0, 9999.0, 9.59, 10.0, 21.64, 9999.0, 23.95, 9999.0, 117.77, 127.75, 120.25, 91.18, 138.25
2024-11-07, 11:21:36, 136.5, 58.25, 22.75, 21.98, 9999.0, 9.57, 10.0, 21.64, 9999.0, 23.98, 9999.0, 117.75, 127.75, 120.25, 91.18, 138.25
2024-11-07, 11:21:40, 136.5, 58.25, 22.75, 21.98, 9999.0, 9.55, 10.0, 21.64, 9999.0, 24.0, 9999.0, 117.7, 127.75, 120.25, 91.16, 138.25
2024-11-07, 11:21:44, 136.5, 58.25, 22.75, 21.98, 9999.0, 9.52, 10.0, 21.64, 9999.0, 24.0, 9999.0, 117.68, 127.75, 120.25, 91.18, 138.25
2024-11-07, 11:21:48, 136.5, 58.25, 22.75, 21.98, 9999.0, 9.52, 10.0, 21.64, 9999.0, 24.0, 9999.0, 117.66, 127.75, 120.25, 91.2, 138.25
2024-11-07, 11:21:52, 136.5, 58.25, 22.75, 21.98, 9999.0, 9.52, 10.0, 21.61, 9999.0, 23.98, 9999.0, 117.64, 127.75, 120.25, 91.23, 138.25
2024-11-07, 11:21:56, 136.5, 58.25, 22.75, 21.95, 9999.0, 9.55, 10.0, 21.61, 9999.0, 23.95, 9999.0, 117.61, 127.75, 120.25, 91.23, 138.25
2024-11-07, 11:22:00, 136.5, 58.25, 22.77, 21.95, 9999.0, 9.57, 10.0, 21.61, 9999.0, 23.93, 9999.0, 117.59, 127.75, 120.25, 91.2, 138.25
2024-11-07, 11:22:04, 136.5, 58.25, 22.77, 21.95, 9999.0, 9.59, 10.0, 21.59, 9999.0, 23.91, 9999.0, 117.59, 127.75, 120.25, 91.2, 138.25
2024-11-07, 11:22:08, 136.5, 58.25, 22.77, 21.95, 9999.0, 9.61, 10.0, 21.61, 9999.0, 23.89, 9999.0, 117.59, 127.75, 120.25, 91.18, 138.25
2024-11-07, 11:22:13, 136.5, 58.25, 22.77, 21.95, 9999.0, 9.61, 10.0, 21.61, 9999.0, 23.86, 9999.0, 117.59, 127.75, 120.25, 91.18, 138.25
2024-11-07, 11:22:17, 136.5, 58.25, 22.77, 21.95, 9999.0, 9.61, 10.0, 21.61, 9999.0, 23.84, 9999.0, 117.59, 127.75, 120.25, 91.18, 138.25
2024-11-07, 11:22:21, 136.5, 58.25, 22.77, 21.98, 9999.0, 9.61, 10.0, 21.64, 9999.0, 23.84, 9999.0, 117.61, 127.75, 120.25, 91.18, 138.25
2024-11-07, 11:22:32, 136.5, 58.25, 22.77, 21.98, 9999.0, 9.61, 10.0, 21.66, 9999.0, 23.84, 9999.0, 117.64, 127.73, 120.25, 91.2, 138.25
2024-11-07, 11:22:36, 136.5, 58.25, 22.77, 21.98, 9999.0, 9.61, 10.0, 21.68, 9999.0, 23.84, 9999.0, 117.66, 127.73, 120.25, 91.2, 138.25
2024-11-07, 11:22:40, 136.5, 58.25, 22.77, 21.98, 9999.0, 9.61, 10.0, 21.66, 9999.0, 23.86, 9999.0, 117.68, 127.73, 120.25, 91.2, 138.25
2024-11-07, 11:22:44, 136.5, 58.25, 22.77, 21.98, 9999.0, 9.59, 10.0, 21.66, 9999.0, 23.89, 9999.0, 117.7, 127.73, 120.25, 91.2, 138.25
2024-11-07, 11:22:48, 136.5, 58.25, 22.77, 22.0, 9999.0, 9.57, 10.0, 21.64, 9999.0, 23.91, 9999.0, 117.73, 127.73, 120.25, 91.2, 138.25
2024-11-07, 11:22:52, 136.5, 58.25, 22.75, 22.0, 9999.0, 9.55, 10.0, 21.61, 9999.0, 23.93, 9999.0, 117.75, 127.73, 120.25, 91.2, 138.25
2024-11-07, 11:22:56, 136.5, 58.25, 22.75, 22.0, 9999.0, 9.52, 10.0, 21.64, 9999.0, 23.95, 9999.0, 117.75, 127.73, 120.25, 91.18, 138.25
2024-11-07, 11:23:00, 136.5, 58.25, 22.75, 22.0, 9999.0, 9.5, 10.0, 21.61, 9999.0, 23.98, 9999.0, 117.75, 127.73, 120.25, 91.2, 138.27
2024-11-07, 11:23:04, 136.5, 58.25, 22.75, 22.0, 9999.0, 9.5, 10.0, 21.61, 9999.0, 24.0, 9999.0, 117.73, 127.73, 120.25, 91.2, 138.27
2024-11-07, 11:23:08, 136.5, 58.25, 22.75, 22.0, 9999.0, 9.52, 10.0, 21.61, 9999.0, 24.05, 9999.0, 117.7, 127.7, 120.25, 91.18, 138.27
2024-11-07, 11:23:12, 136.5, 58.25, 22.75, 22.0, 9999.0, 9.52, 10.0, 21.61, 9999.0, 24.05, 9999.0, 117.68, 127.7, 120.25, 91.18, 138.3
2024-11-07, 11:23:16, 136.5, 58.25, 22.75, 22.0, 9999.0, 9.55, 10.0, 21.59, 9999.0, 24.05, 9999.0, 117.66, 127.73, 120.25, 91.18, 138.3
2024-11-07, 11:23:20, 136.5, 58.25, 22.75, 22.0, 9999.0, 9.57, 9.98, 21.59, 9999.0, 24.05, 9999.0, 117.64, 127.73, 120.23, 91.18, 138.3
2024-11-07, 11:23:24, 136.5, 58.25, 22.75, 22.0, 9999.0, 9.59, 9.98, 21.59, 9999.0, 24.02, 9999.0, 117.64, 127.73, 120.23, 91.16, 138.3
2024-11-07, 11:23:28, 136.5, 58.25, 22.75, 22.0, 9999.0, 9.61, 9.98, 21.61, 9999.0, 24.02, 9999.0, 117.64, 127.73, 120.23, 91.16, 138.3
2024-11-07, 11:23:32, 136.5, 58.25, 22.75, 22.0, 9999.0, 9.64, 9.98, 21.61, 9999.0, 24.02, 9999.0, 117.64, 127.73, 120.23, 91.16, 138.3
2024-11-07, 11:23:36, 136.5, 58.25, 22.75, 22.0, 9999.0, 9.66, 9.98, 21.64, 9999.0, 24.0, 9999.0, 117.66, 127.73, 120.23, 91.18, 138.3
2024-11-07, 11:23:40, 136.5, 58.25, 22.75, 22.0, 9999.0, 9.68, 9.98, 21.64, 9999.0, 23.98, 9999.0, 117.68, 127.73, 120.23, 91.18, 138.3
2024-11-07, 11:23:44, 136.5, 58.25, 22.75, 22.0, 9999.0, 9.7, 9.98, 21.66, 9999.0, 23.95, 9999.0, 117.68, 127.73, 120.23, 91.18, 138.27
2024-11-07, 11:23:48, 136.5, 58.25, 22.75, 22.0, 9999.0, 9.73, 9.98, 21.66, 9999.0, 23.95, 9999.0, 117.7, 127.73, 120.23, 91.18, 138.3
2024-11-07, 11:23:52, 136.5, 58.25, 22.75, 22.0, 9999.0, 9.7, 9.98, 21.68, 9999.0, 23.93, 9999.0, 117.73, 127.75, 120.23, 91.18, 138.3
2024-11-07, 11:23:56, 136.5, 58.25, 22.75, 22.0, 9999.0, 9.7, 9.98, 21.68, 9999.0, 23.95, 9999.0, 117.75, 127.75, 120.23, 91.18, 138.27
2024-11-07, 11:24:00, 136.5, 58.25, 22.75, 22.0, 9999.0, 9.68, 9.98, 21.7, 9999.0, 23.98, 9999.0, 117.77, 127.75, 120.23, 91.18, 138.3
2024-11-07, 11:24:04, 136.5, 58.25, 22.75, 22.0, 9999.0, 9.66, 10.0, 21.7, 9999.0, 23.98, 9999.0, 117.8, 127.75, 120.25, 91.18, 138.3
2024-11-07, 11:24:08, 136.5, 58.25, 22.75, 22.0, 9999.0, 9.64, 10.0, 21.73, 9999.0, 23.98, 9999.0, 117.8, 127.75, 120.25, 91.2, 138.3
2024-11-07, 11:24:12, 136.5, 58.25, 22.75, 22.0, 9999.0, 9.61, 10.0, 21.7, 9999.0, 23.98, 9999.0, 117.77, 127.75, 120.25, 91.2, 138.3
2024-11-07, 11:24:16, 136.5, 58.25, 22.75, 22.0, 9999.0, 9.59, 10.0, 21.73, 9999.0, 23.98, 9999.0, 117.75, 127.75, 120.25, 91.2, 138.3
2024-11-07, 11:24:20, 136.5, 58.25, 22.75, 22.0, 9999.0, 9.57, 10.0, 21.73, 9999.0, 24.0, 9999.0, 117.7, 127.75, 120.25, 91.2, 138.3
2024-11-07, 11:24:24, 136.5, 58.25, 22.75, 22.0, 9999.0, 9.55, 10.0, 21.73, 9999.0, 24.02, 9999.0, 117.66, 127.75, 120.25, 91.23, 138.32
2024-11-07, 11:24:28, 136.5, 58.25, 22.75, 22.0, 9999.0, 9.55, 9.98, 21.73, 9999.0, 24.02, 9999.0, 117.64, 127.75, 120.25, 91.23, 138.34
2024-11-07, 11:24:33, 136.5, 58.25, 22.75, 22.0, 9999.0, 9.55, 9.98, 21.73, 9999.0, 24.02, 9999.0, 117.61, 127.75, 120.25, 91.2, 138.34
2024-11-07, 11:24:37, 136.5, 58.25, 22.75, 22.0, 9999.0, 9.57, 9.98, 21.7, 9999.0, 24.0, 9999.0, 117.59, 127.75, 120.25, 91.23, 138.34
2024-11-07, 11:24:41, 136.5, 58.25, 22.75, 22.0, 9999.0, 9.59, 9.98, 21.7, 9999.0, 23.98, 9999.0, 117.57, 127.75, 120.25, 91.23, 138.34
2024-11-07, 11:24:45, 136.5, 58.25, 22.75, 22.0, 9999.0, 9.61, 9.98, 21.7, 9999.0, 23.93, 9999.0, 117.57, 127.75, 120.25, 91.23, 138.32
2024-11-07, 11:24:49, 136.5, 58.25, 22.75, 22.0, 9999.0, 9.64, 9.98, 21.7, 9999.0, 23.91, 9999.0, 117.57, 127.75, 120.23, 91.23, 138.32
2024-11-07, 11:24:53, 136.5, 58.25, 22.75, 22.0, 9999.0, 9.66, 9.98, 21.7, 9999.0, 23.89, 9999.0, 117.57, 127.75, 120.23, 91.23, 138.32
2024-11-07, 11:24:57, 136.5, 58.25, 22.75, 22.0, 9999.0, 9.68, 9.98, 21.73, 9999.0, 23.86, 9999.0, 117.61, 127.75, 120.23, 91.2, 138.32
2024-11-07, 11:25:01, 136.5, 58.25, 22.75, 22.0, 9999.0, 9.7, 9.98, 21.73, 9999.0, 23.82, 9999.0, 117.64, 127.75, 120.23, 91.18, 138.32
2024-11-07, 11:25:05, 136.5, 58.25, 22.75, 22.0, 9999.0, 9.73, 9.98, 21.73, 9999.0, 23.77, 9999.0, 117.66, 127.75, 120.23, 91.18, 138.34
2024-11-07, 11:25:09, 136.5, 58.25, 22.75, 22.0, 9999.0, 9.75, 9.98, 21.7, 9999.0, 23.75, 9999.0, 117.68, 127.75, 120.23, 91.16, 138.34
2024-11-07, 11:25:13, 136.5, 58.25, 22.75, 22.0, 9999.0, 9.73, 10.0, 21.7, 9999.0, 23.75, 9999.0, 117.7, 127.75, 120.23, 91.16, 138.32
2024-11-07, 11:25:17, 136.5, 58.25, 22.75, 22.0, 9999.0, 9.7, 10.0, 21.7, 9999.0, 23.75, 9999.0, 117.73, 127.75, 120.23, 91.18, 138.32
2024-11-07, 11:25:21, 136.5, 58.25, 22.75, 22.0, 9999.0, 9.68, 10.0, 21.73, 9999.0, 23.77, 9999.0, 117.75, 127.75, 120.23, 91.18, 138.34
2024-11-07, 11:25:25, 136.5, 58.25, 22.75, 22.0, 9999.0, 9.66, 10.0, 21.73, 9999.0, 23.77, 9999.0, 117.77, 127.75, 120.23, 91.18, 138.36
2024-11-07, 11:25:29, 136.5, 58.25, 22.75, 22.0, 9999.0, 9.64, 10.0, 21.73, 9999.0, 23.77, 9999.0, 117.77, 127.75, 120.23, 91.18, 138.39
2024-11-07, 11:25:33, 136.5, 58.25, 22.75, 22.0, 9999.0, 9.61, 10.0, 21.73, 9999.0, 23.8, 9999.0, 117.75, 127.75, 120.25, 91.18, 138.41
2024-11-07, 11:25:37, 136.5, 58.25, 22.75, 22.0, 9999.0, 9.59, 10.0, 21.73, 9999.0, 23.8, 9999.0, 117.75, 127.75, 120.25, 91.18, 138.41
2024-11-07, 11:25:41, 136.5, 58.25, 22.75, 22.0, 9999.0, 9.57, 10.0, 21.73, 9999.0, 23.8, 9999.0, 117.73, 127.75, 120.25, 91.2, 138.41
2024-11-07, 11:25:45, 136.5, 58.25, 22.75, 22.0, 9999.0, 9.55, 10.0, 21.73, 9999.0, 23.82, 9999.0, 117.7, 127.73, 120.25, 91.23, 138.43
2024-11-07, 11:25:49, 136.5, 58.25, 22.75, 22.0, 9999.0, 9.52, 9.98, 21.7, 9999.0, 23.84, 9999.0, 117.7, 127.73, 120.25, 91.2, 138.41
2024-11-07, 11:25:53, 136.5, 58.25, 22.75, 22.0, 9999.0, 9.5, 9.98, 21.73, 9999.0, 23.84, 9999.0, 117.68, 127.73, 120.25, 91.23, 138.41
2024-11-07, 11:25:57, 136.5, 58.25, 22.75, 22.0, 9999.0, 9.52, 9.98, 21.73, 9999.0, 23.86, 9999.0, 117.66, 127.73, 120.25, 91.23, 138.43
2024-11-07, 11:26:01, 136.5, 58.25, 22.75, 22.0, 9999.0, 9.55, 9.98, 21.73, 9999.0, 23.86, 9999.0, 117.64, 127.73, 120.25, 91.23, 138.43
2024-11-07, 11:26:05, 136.5, 58.25, 22.75, 22.0, 9999.0, 9.57, 9.98, 21.73, 9999.0, 23.84, 9999.0, 117.64, 127.73, 120.25, 91.23, 138.43
2024-11-07, 11:26:09, 136.5, 58.25, 22.75, 22.0, 9999.0, 9.59, 9.98, 21.73, 9999.0, 23.82, 9999.0, 117.64, 127.73, 120.25, 91.23, 138.43
2024-11-07, 11:26:13, 136.5, 58.25, 22.75, 22.0, 9999.0, 9.61, 9.98, 21.73, 9999.0, 23.82, 9999.0, 117.64, 127.73, 120.25, 91.23, 138.43
2024-11-07, 11:26:17, 136.5, 58.25, 22.77, 22.0, 9999.0, 9.64, 9.98, 21.73, 9999.0, 23.8, 9999.0, 117.66, 127.73, 120.25, 91.23, 138.43
2024-11-07, 11:26:21, 136.5, 58.25, 22.77, 22.0, 9999.0, 9.66, 9.98, 21.73, 9999.0, 23.8, 9999.0, 117.68, 127.73, 120.25, 91.23, 138.45
2024-11-07, 11:26:25, 136.5, 58.25, 22.77, 22.0, 9999.0, 9.68, 9.98, 21.7, 9999.0, 23.8, 9999.0, 117.7, 127.73, 120.25, 91.23, 138.48
2024-11-07, 11:26:29, 136.5, 58.25, 22.77, 22.0, 9999.0, 9.7, 9.98, 21.68, 9999.0, 23.82, 9999.0, 117.73, 127.75, 120.25, 91.23, 138.48
2024-11-07, 11:26:33, 136.5, 58.25, 22.8, 22.0, 9999.0, 9.73, 10.0, 21.7, 9999.0, 23.82, 9999.0, 117.73, 127.75, 120.25, 91.25, 138.5
2024-11-07, 11:26:37, 136.5, 58.25, 22.8, 22.0, 9999.0, 9.75, 10.0, 21.68, 9999.0, 23.84, 9999.0, 117.75, 127.75, 120.25, 91.23, 138.5
2024-11-07, 11:26:41, 136.5, 58.25, 22.82, 22.0, 9999.0, 9.75, 10.0, 21.68, 9999.0, 23.84, 9999.0, 117.77, 127.75, 120.25, 91.23, 138.5
2024-11-07, 11:26:45, 136.5, 58.25, 22.84, 22.0, 9999.0, 9.73, 10.0, 21.68, 9999.0, 23.84, 9999.0, 117.8, 127.75, 120.25, 91.23, 138.5
2024-11-07, 11:26:49, 136.5, 58.25, 22.84, 22.0, 9999.0, 9.7, 10.0, 21.68, 9999.0, 23.86, 9999.0, 117.8, 127.75, 120.25, 91.23, 138.5
2024-11-07, 11:26:53, 136.5, 58.25, 22.84, 22.0, 9999.0, 9.68, 10.0, 21.68, 9999.0, 23.89, 9999.0, 117.8, 127.75, 120.25, 91.23, 138.5
2024-11-07, 11:26:57, 136.5, 58.25, 22.84, 22.0, 9999.0, 9.66, 10.0, 21.68, 9999.0, 23.91, 9999.0, 117.8, 127.75, 120.25, 91.23, 138.48
2024-11-07, 11:27:01, 136.5, 58.25, 22.84, 22.0, 9999.0, 9.64, 10.0, 21.68, 9999.0, 23.93, 9999.0, 117.8, 127.75, 120.25, 91.23, 138.48
2024-11-07, 11:27:05, 136.5, 58.25, 22.84, 22.0, 9999.0, 9.61, 10.0, 21.66, 9999.0, 23.95, 9999.0, 117.75, 127.75, 120.25, 91.23, 138.48
2024-11-07, 11:27:09, 136.5, 58.25, 22.84, 22.0, 9999.0, 9.61, 10.0, 21.68, 9999.0, 23.98, 9999.0, 117.73, 127.75, 120.25, 91.23, 138.48
2024-11-07, 11:27:13, 136.5, 58.25, 22.84, 22.0, 9999.0, 9.61, 10.0, 21.7, 9999.0, 23.98, 9999.0, 117.7, 127.75, 120.25, 91.23, 138.48
2024-11-07, 11:27:17, 136.5, 58.25, 22.82, 22.0, 9999.0, 9.61, 10.0, 21.7, 9999.0, 23.98, 9999.0, 117.68, 127.75, 120.25, 91.23, 138.45
2024-11-07, 11:27:21, 136.5, 58.25, 22.82, 22.0, 9999.0, 9.64, 10.0, 21.73, 9999.0, 23.95, 9999.0, 117.66, 127.75, 120.25, 91.23, 138.45
2024-11-07, 11:27:25, 136.5, 58.25, 22.82, 22.0, 9999.0, 9.64, 10.0, 21.73, 9999.0, 23.93, 9999.0, 117.66, 127.75, 120.25, 91.23, 138.45
2024-11-07, 11:27:29, 136.5, 58.25, 22.82, 22.0, 9999.0, 9.66, 10.0, 21.73, 9999.0, 23.91, 9999.0, 117.66, 127.75, 120.25, 91.23, 138.45
2024-11-07, 11:27:33, 136.5, 58.25, 22.82, 22.0, 9999.0, 9.68, 10.0, 21.73, 9999.0, 23.89, 9999.0, 117.66, 127.75, 120.25, 91.23, 138.45
2024-11-07, 11:27:37, 136.5, 58.25, 22.84, 22.0, 9999.0, 9.7, 10.0, 21.73, 9999.0, 23.86, 9999.0, 117.68, 127.75, 120.25, 91.23, 138.45
2024-11-07, 11:27:41, 136.5, 58.25, 22.84, 22.0, 9999.0, 9.73, 10.0, 21.7, 9999.0, 23.84, 9999.0, 117.7, 127.75, 120.25, 91.23, 138.48
2024-11-07, 11:27:45, 136.5, 58.25, 22.82, 22.0, 9999.0, 9.75, 10.0, 21.7, 9999.0, 23.82, 9999.0, 117.7, 127.75, 120.25, 91.23, 138.48
2024-11-07, 11:27:49, 136.5, 58.25, 22.84, 22.0, 9999.0, 9.77, 10.0, 21.73, 9999.0, 23.8, 9999.0, 117.73, 127.75, 120.25, 91.23, 138.48
2024-11-07, 11:27:53, 136.5, 58.25, 22.86, 22.0, 9999.0, 9.77, 10.0, 21.7, 9999.0, 23.77, 9999.0, 117.73, 127.75, 120.25, 91.2, 138.48
2024-11-07, 11:27:57, 136.5, 58.25, 22.86, 22.0, 9999.0, 9.75, 10.0, 21.7, 9999.0, 23.77, 9999.0, 117.75, 127.75, 120.25, 91.2, 138.48
2024-11-07, 11:28:01, 136.5, 58.25, 22.86, 22.0, 9999.0, 9.73, 10.0, 21.68, 9999.0, 23.8, 9999.0, 117.77, 127.75, 120.25, 91.18, 138.5
2024-11-07, 11:28:05, 136.5, 58.25, 22.86, 22.0, 9999.0, 9.68, 10.0, 21.66, 9999.0, 23.82, 9999.0, 117.8, 127.75, 120.25, 91.2, 138.5
2024-11-07, 11:28:09, 136.5, 58.25, 22.86, 22.0, 9999.0, 9.66, 10.0, 21.66, 9999.0, 23.84, 9999.0, 117.8, 127.75, 120.25, 91.2, 138.5
2024-11-07, 11:28:13, 136.5, 58.25, 22.86, 22.0, 9999.0, 9.64, 10.0, 21.66, 9999.0, 23.86, 9999.0, 117.8, 127.75, 120.25, 91.2, 138.5
2024-11-07, 11:28:17, 136.5, 58.25, 22.86, 22.0, 9999.0, 9.61, 10.0, 21.66, 9999.0, 23.86, 9999.0, 117.77, 127.75, 120.25, 91.2, 138.5
2024-11-07, 11:28:22, 136.5, 58.25, 22.84, 22.0, 9999.0, 9.59, 10.0, 21.66, 9999.0, 23.89, 9999.0, 117.73, 127.75, 120.25, 91.2, 138.5
2024-11-07, 11:28:26, 136.5, 58.25, 22.86, 22.0, 9999.0, 9.57, 10.0, 21.68, 9999.0, 23.89, 9999.0, 117.68, 127.75, 120.25, 91.2, 138.5
2024-11-07, 11:28:30, 136.5, 58.25, 22.86, 22.0, 9999.0, 9.57, 10.0, 21.68, 9999.0, 23.89, 9999.0, 117.66, 127.75, 120.25, 91.2, 138.5
2024-11-07, 11:28:34, 136.5, 58.25, 22.84, 22.0, 9999.0, 9.57, 10.0, 21.66, 9999.0, 23.91, 9999.0, 117.64, 127.75, 120.25, 91.2, 138.5
2024-11-07, 11:28:38, 136.5, 58.25, 22.84, 22.0, 9999.0, 9.57, 10.0, 21.68, 9999.0, 23.93, 9999.0, 117.61, 127.75, 120.25, 91.23, 138.5
2024-11-07, 11:28:42, 136.5, 58.25, 22.84, 22.0, 9999.0, 9.61, 10.02, 21.68, 9999.0, 23.91, 9999.0, 117.59, 127.75, 120.25, 91.23, 138.5
2024-11-07, 11:28:46, 136.5, 58.25, 22.84, 22.0, 9999.0, 9.64, 10.02, 21.7, 9999.0, 23.89, 9999.0, 117.59, 127.75, 120.25, 91.25, 138.5
2024-11-07, 11:28:50, 136.5, 58.25, 22.84, 22.0, 9999.0, 9.66, 10.02, 21.73, 9999.0, 23.86, 9999.0, 117.59, 127.75, 120.25, 91.23, 138.5
2024-11-07, 11:28:54, 136.5, 58.25, 22.84, 22.0, 9999.0, 9.68, 10.02, 21.73, 9999.0, 23.84, 9999.0, 117.59, 127.75, 120.25, 91.23, 138.5
2024-11-07, 11:28:58, 136.5, 58.25, 22.82, 22.0, 9999.0, 9.7, 10.02, 21.73, 9999.0, 23.82, 9999.0, 117.59, 127.75, 120.25, 91.23, 138.5
2024-11-07, 11:29:02, 136.5, 58.25, 22.84, 22.0, 9999.0, 9.73, 10.02, 21.73, 9999.0, 23.82, 9999.0, 117.64, 127.75, 120.25, 91.23, 138.5
2024-11-07, 11:29:06, 136.5, 58.25, 22.86, 22.0, 9999.0, 9.73, 10.02, 21.7, 9999.0, 23.8, 9999.0, 117.66, 127.75, 120.25, 91.23, 138.5
2024-11-07, 11:29:10, 136.5, 58.25, 22.84, 22.0, 9999.0, 9.75, 10.02, 21.68, 9999.0, 23.82, 9999.0, 117.68, 127.75, 120.25, 91.23, 138.5
2024-11-07, 11:29:14, 136.5, 58.25, 22.84, 22.02, 9999.0, 9.73, 10.02, 21.66, 9999.0, 23.84, 9999.0, 117.7, 127.75, 120.25, 91.23, 138.5
2024-11-07, 11:29:18, 136.5, 58.25, 22.84, 22.02, 9999.0, 9.73, 10.02, 21.68, 9999.0, 23.84, 9999.0, 117.75, 127.75, 120.25, 91.23, 138.5
2024-11-07, 11:29:22, 136.5, 58.25, 22.82, 22.02, 9999.0, 9.7, 10.02, 21.68, 9999.0, 23.84, 9999.0, 117.77, 127.75, 120.25, 91.23, 138.5
2024-11-07, 11:29:26, 136.5, 58.25, 22.82, 22.02, 9999.0, 9.68, 10.0, 21.68, 9999.0, 23.86, 9999.0, 117.8, 127.75, 120.25, 91.2, 138.5
2024-11-07, 11:29:30, 136.5, 58.25, 22.82, 22.02, 9999.0, 9.66, 10.0, 21.68, 9999.0, 23.89, 9999.0, 117.8, 127.75, 120.25, 91.18, 138.5
2024-11-07, 11:29:34, 136.5, 58.25, 22.82, 22.02, 9999.0, 9.64, 10.0, 21.66, 9999.0, 23.91, 9999.0, 117.8, 127.75, 120.25, 91.2, 138.5
2024-11-07, 11:29:38, 136.5, 58.25, 22.8, 22.02, 9999.0, 9.61, 10.0, 21.66, 9999.0, 23.93, 9999.0, 117.8, 127.75, 120.25, 91.2, 138.5
2024-11-07, 11:29:42, 136.5, 58.25, 22.82, 22.02, 9999.0, 9.59, 10.0, 21.66, 9999.0, 23.95, 9999.0, 117.77, 127.75, 120.25, 91.18, 138.5
2024-11-07, 11:29:46, 136.5, 58.25, 22.8, 22.02, 9999.0, 9.57, 10.0, 21.66, 9999.0, 23.98, 9999.0, 117.75, 127.75, 120.25, 91.16, 138.5
2024-11-07, 11:29:50, 136.5, 58.25, 22.8, 22.02, 9999.0, 9.59, 10.0, 21.68, 9999.0, 23.98, 9999.0, 117.73, 127.75, 120.25, 91.16, 138.5
2024-11-07, 11:29:54, 136.5, 58.25, 22.82, 22.02, 9999.0, 9.59, 10.0, 21.7, 9999.0, 23.95, 9999.0, 117.7, 127.75, 120.25, 91.16, 138.5
2024-11-07, 11:29:58, 136.5, 58.25, 22.82, 22.0, 9999.0, 9.61, 10.0, 21.73, 9999.0, 23.93, 9999.0, 117.68, 127.75, 120.25, 91.14, 138.5
2024-11-07, 11:30:02, 136.5, 58.25, 22.82, 22.0, 9999.0, 9.64, 10.0, 21.73, 9999.0, 23.91, 9999.0, 117.64, 127.75, 120.25, 91.14, 138.5
2024-11-07, 11:30:06, 136.5, 58.25, 22.82, 22.0, 9999.0, 9.66, 10.0, 21.7, 9999.0, 23.89, 9999.0, 117.64, 127.75, 120.25, 91.14, 138.5
2024-11-07, 11:30:10, 136.5, 58.25, 22.82, 22.0, 9999.0, 9.66, 10.0, 21.7, 9999.0, 23.86, 9999.0, 117.64, 127.75, 120.25, 91.16, 138.5
2024-11-07, 11:30:14, 136.5, 58.25, 22.82, 22.0, 9999.0, 9.68, 10.0, 21.7, 9999.0, 23.82, 9999.0, 117.64, 127.75, 120.25, 91.18, 138.5
2024-11-07, 11:30:18, 136.5, 58.27, 22.82, 22.0, 9999.0, 9.7, 10.0, 21.73, 9999.0, 23.77, 9999.0, 117.66, 127.75, 120.25, 91.18, 138.5
2024-11-07, 11:30:22, 136.5, 58.27, 22.82, 22.0, 9999.0, 9.73, 10.0, 21.73, 9999.0, 23.73, 9999.0, 117.68, 127.75, 120.25, 91.18, 138.5
2024-11-07, 11:30:26, 136.5, 58.27, 22.8, 22.0, 9999.0, 9.75, 10.0, 21.73, 9999.0, 23.7, 9999.0, 117.7, 127.75, 120.25, 91.2, 138.5
2024-11-07, 11:30:30, 136.5, 58.3, 22.8, 22.0, 9999.0, 9.77, 10.0, 21.73, 9999.0, 23.68, 9999.0, 117.7, 127.75, 120.25, 91.23, 138.5
2024-11-07, 11:30:34, 136.5, 58.3, 22.8, 22.0, 9999.0, 9.77, 10.0, 21.73, 9999.0, 23.68, 9999.0, 117.73, 127.75, 120.25, 91.23, 138.5
2024-11-07, 11:30:38, 136.5, 58.3, 22.77, 22.0, 9999.0, 9.77, 10.0, 21.7, 9999.0, 23.7, 9999.0, 117.75, 127.75, 120.25, 91.23, 138.5
2024-11-07, 11:30:42, 136.5, 58.3, 22.77, 22.0, 9999.0, 9.77, 10.0, 21.7, 9999.0, 23.73, 9999.0, 117.77, 127.75, 120.25, 91.25, 138.5
2024-11-07, 11:30:46, 136.5, 58.3, 22.77, 22.0, 9999.0, 9.75, 10.0, 21.7, 9999.0, 23.75, 9999.0, 117.8, 127.75, 120.25, 91.25, 138.5
2024-11-07, 11:30:50, 136.5, 58.3, 22.8, 22.0, 9999.0, 9.75, 10.0, 21.73, 9999.0, 23.77, 9999.0, 117.8, 127.75, 120.25, 91.23, 138.5
2024-11-07, 11:30:54, 136.5, 58.3, 22.82, 22.0, 9999.0, 9.73, 10.0, 21.73, 9999.0, 23.8, 9999.0, 117.8, 127.75, 120.25, 91.2, 138.5
2024-11-07, 11:30:58, 136.5, 58.3, 22.84, 22.0, 9999.0, 9.7, 10.0, 21.73, 9999.0, 23.84, 9999.0, 117.8, 127.75, 120.25, 91.2, 138.5
2024-11-07, 11:31:02, 136.5, 58.27, 22.84, 22.0, 9999.0, 9.68, 10.0, 21.73, 9999.0, 23.89, 9999.0, 117.77, 127.75, 120.25, 91.18, 138.5
2024-11-07, 11:31:06, 136.5, 58.27, 22.84, 22.0, 9999.0, 9.66, 10.0, 21.73, 9999.0, 23.93, 9999.0, 117.73, 127.75, 120.25, 91.16, 138.5
2024-11-07, 11:31:10, 136.5, 58.27, 22.84, 22.0, 9999.0, 9.66, 10.0, 21.73, 9999.0, 23.93, 9999.0, 117.7, 127.75, 120.25, 91.16, 138.5
2024-11-07, 11:31:14, 136.5, 58.25, 22.86, 22.0, 9999.0, 9.66, 10.0, 21.73, 9999.0, 23.93, 9999.0, 117.68, 127.75, 120.25, 91.16, 138.5
2024-11-07, 11:31:18, 136.5, 58.25, 22.84, 22.0, 9999.0, 9.66, 10.0, 21.73, 9999.0, 23.93, 9999.0, 117.66, 127.75, 120.25, 91.16, 138.5
2024-11-07, 11:31:22, 136.5, 58.25, 22.86, 22.0, 9999.0, 9.68, 10.0, 21.75, 9999.0, 23.91, 9999.0, 117.64, 127.75, 120.25, 91.16, 138.5
2024-11-07, 11:31:27, 136.5, 58.25, 22.89, 22.0, 9999.0, 9.68, 10.0, 21.73, 9999.0, 23.89, 9999.0, 117.64, 127.75, 120.25, 91.16, 138.5
2024-11-07, 11:31:31, 136.5, 58.25, 22.89, 22.0, 9999.0, 9.7, 10.0, 21.73, 9999.0, 23.86, 9999.0, 117.64, 127.75, 120.25, 91.16, 138.5
2024-11-07, 11:31:35, 136.5, 58.25, 22.86, 22.0, 9999.0, 9.7, 10.0, 21.73, 9999.0, 23.84, 9999.0, 117.64, 127.75, 120.25, 91.18, 138.5
2024-11-07, 11:31:39, 136.5, 58.25, 22.84, 22.0, 9999.0, 9.73, 10.0, 21.7, 9999.0, 23.82, 9999.0, 117.66, 127.75, 120.25, 91.2, 138.5
2024-11-07, 11:31:43, 136.5, 58.25, 22.84, 22.0, 9999.0, 9.75, 10.0, 21.7, 9999.0, 23.8, 9999.0, 117.68, 127.75, 120.25, 91.2, 138.5
2024-11-07, 11:31:48, 136.5, 58.25, 22.86, 22.0, 9999.0, 9.77, 10.0, 21.7, 9999.0, 23.77, 9999.0, 117.68, 127.75, 120.25, 91.23, 138.5
2024-11-07, 11:31:52, 136.5, 58.25, 22.89, 22.0, 9999.0, 9.8, 10.0, 21.7, 9999.0, 23.77, 9999.0, 117.73, 127.75, 120.25, 91.25, 138.5
2024-11-07, 11:31:56, 136.5, 58.25, 22.91, 22.0, 9999.0, 9.8, 10.0, 21.7, 9999.0, 23.8, 9999.0, 117.75, 127.75, 120.25, 91.25, 138.5
2024-11-07, 11:32:00, 136.5, 58.25, 22.89, 22.0, 9999.0, 9.8, 10.0, 21.68, 9999.0, 23.82, 9999.0, 117.8, 127.75, 120.25, 91.25, 138.5
2024-11-07, 11:32:04, 136.5, 58.25, 22.91, 22.0, 9999.0, 9.77, 10.0, 21.68, 9999.0, 23.86, 9999.0, 117.82, 127.75, 120.25, 91.25, 138.5
2024-11-07, 11:32:08, 136.5, 58.25, 22.89, 22.0, 9999.0, 9.75, 10.0, 21.66, 9999.0, 23.89, 9999.0, 117.84, 127.75, 120.25, 91.25, 138.5
2024-11-07, 11:32:12, 136.5, 58.25, 22.89, 22.0, 9999.0, 9.73, 10.0, 21.68, 9999.0, 23.91, 9999.0, 117.84, 127.75, 120.25, 91.25, 138.5
2024-11-07, 11:32:16, 136.5, 58.25, 22.91, 22.0, 9999.0, 9.7, 10.0, 21.68, 9999.0, 23.93, 9999.0, 117.84, 127.75, 120.25, 91.25, 138.5
2024-11-07, 11:32:20, 136.5, 58.25, 22.91, 22.0, 9999.0, 9.68, 10.0, 21.68, 9999.0, 23.95, 9999.0, 117.84, 127.75, 120.25, 91.25, 138.5
2024-11-07, 11:32:24, 136.5, 58.25, 22.91, 22.0, 9999.0, 9.66, 10.0, 21.7, 9999.0, 23.95, 9999.0, 117.82, 127.75, 120.25, 91.25, 138.5
2024-11-07, 11:32:28, 136.5, 58.25, 22.91, 22.0, 9999.0, 9.64, 10.0, 21.7, 9999.0, 23.95, 9999.0, 117.77, 127.75, 120.25, 91.25, 138.5
2024-11-07, 11:32:32, 136.5, 58.27, 22.89, 22.0, 9999.0, 9.64, 10.0, 21.7, 9999.0, 23.98, 9999.0, 117.75, 127.75, 120.25, 91.25, 138.5
2024-11-07, 11:32:36, 136.5, 58.27, 22.86, 22.0, 9999.0, 9.64, 10.0, 21.68, 9999.0, 23.98, 9999.0, 117.7, 127.75, 120.25, 91.23, 138.5
2024-11-07, 11:32:40, 136.5, 58.27, 22.86, 22.0, 9999.0, 9.64, 10.0, 21.68, 9999.0, 23.95, 9999.0, 117.68, 127.75, 120.25, 91.23, 138.5
2024-11-07, 11:32:44, 136.5, 58.27, 22.89, 22.0, 9999.0, 9.66, 10.0, 21.68, 9999.0, 23.93, 9999.0, 117.64, 127.75, 120.25, 91.23, 138.5
2024-11-07, 11:32:48, 136.5, 58.27, 22.86, 22.0, 9999.0, 9.7, 10.0, 21.68, 9999.0, 23.89, 9999.0, 117.61, 127.75, 120.25, 91.23, 138.5
2024-11-07, 11:32:52, 136.5, 58.27, 22.86, 22.0, 9999.0, 9.7, 10.0, 21.7, 9999.0, 23.86, 9999.0, 117.61, 127.75, 120.25, 91.23, 138.5
2024-11-07, 11:32:56, 136.5, 58.27, 22.84, 22.0, 9999.0, 9.73, 10.0, 21.7, 9999.0, 23.86, 9999.0, 117.61, 127.75, 120.25, 91.23, 138.5
2024-11-07, 11:33:00, 136.5, 58.27, 22.84, 22.0, 9999.0, 9.73, 10.0, 21.7, 9999.0, 23.86, 9999.0, 117.64, 127.75, 120.25, 91.23, 138.5
2024-11-07, 11:33:04, 136.5, 58.27, 22.86, 22.0, 9999.0, 9.75, 10.0, 21.7, 9999.0, 23.84, 9999.0, 117.66, 127.75, 120.25, 91.23, 138.5
2024-11-07, 11:33:08, 136.5, 58.27, 22.86, 22.0, 9999.0, 9.77, 10.0, 21.7, 9999.0, 23.84, 9999.0, 117.68, 127.75, 120.25, 91.23, 138.5
2024-11-07, 11:33:12, 136.5, 58.27, 22.84, 22.0, 9999.0, 9.8, 10.0, 21.7, 9999.0, 23.86, 9999.0, 117.73, 127.75, 120.25, 91.23, 138.5
2024-11-07, 11:33:16, 136.5, 58.25, 22.86, 22.0, 9999.0, 9.8, 10.0, 21.68, 9999.0, 23.84, 9999.0, 117.75, 127.75, 120.25, 91.23, 138.5
2024-11-07, 11:33:20, 136.5, 58.25, 22.86, 22.0, 9999.0, 9.8, 10.0, 21.7, 9999.0, 23.82, 9999.0, 117.77, 127.75, 120.25, 91.25, 138.5
2024-11-07, 11:33:24, 136.5, 58.25, 22.84, 22.0, 9999.0, 9.8, 10.0, 21.7, 9999.0, 23.84, 9999.0, 117.8, 127.75, 120.25, 91.25, 138.5
2024-11-07, 11:33:28, 136.5, 58.25, 22.82, 22.0, 9999.0, 9.75, 10.0, 21.73, 9999.0, 23.89, 9999.0, 117.82, 127.75, 120.25, 91.25, 138.5
2024-11-07, 11:33:32, 136.5, 58.25, 22.82, 22.0, 9999.0, 9.7, 10.0, 21.73, 9999.0, 23.91, 9999.0, 117.84, 127.75, 120.25, 91.25, 138.5
2024-11-07, 11:33:36, 136.5, 58.25, 22.82, 22.0, 9999.0, 9.68, 10.0, 21.73, 9999.0, 23.93, 9999.0, 117.84, 127.75, 120.25, 91.25, 138.5
2024-11-07, 11:33:40, 136.48, 58.25, 22.84, 22.0, 9999.0, 9.66, 10.0, 21.73, 9999.0, 23.93, 9999.0, 117.84, 127.75, 120.25, 91.25, 138.5
2024-11-07, 11:33:44, 136.48, 58.25, 22.84, 22.0, 9999.0, 9.64, 10.0, 21.7, 9999.0, 23.93, 9999.0, 117.82, 127.75, 120.25, 91.25, 138.5
2024-11-07, 11:33:48, 136.48, 58.25, 22.82, 22.0, 9999.0, 9.61, 10.0, 21.7, 9999.0, 23.93, 9999.0, 117.8, 127.75, 120.25, 91.25, 138.5
2024-11-07, 11:33:52, 136.48, 58.25, 22.82, 22.0, 9999.0, 9.59, 10.0, 21.7, 9999.0, 23.95, 9999.0, 117.75, 127.75, 120.25, 91.25, 138.5
2024-11-07, 11:33:56, 136.48, 58.25, 22.82, 22.0, 9999.0, 9.59, 10.0, 21.7, 9999.0, 23.95, 9999.0, 117.73, 127.75, 120.25, 91.25, 138.5
2024-11-07, 11:34:00, 136.48, 58.25, 22.82, 22.0, 9999.0, 9.59, 10.0, 21.73, 9999.0, 23.98, 9999.0, 117.7, 127.75, 120.25, 91.25, 138.5
2024-11-07, 11:34:04, 136.48, 58.25, 22.82, 22.0, 9999.0, 9.59, 10.0, 21.73, 9999.0, 24.0, 9999.0, 117.68, 127.75, 120.25, 91.25, 138.5
2024-11-07, 11:34:08, 136.48, 58.25, 22.82, 22.0, 9999.0, 9.59, 10.0, 21.73, 9999.0, 24.0, 9999.0, 117.66, 127.75, 120.25, 91.25, 138.5
2024-11-07, 11:34:12, 136.48, 58.25, 22.84, 22.0, 9999.0, 9.61, 10.0, 21.73, 9999.0, 23.95, 9999.0, 117.66, 127.75, 120.25, 91.25, 138.5
2024-11-07, 11:34:16, 136.48, 58.25, 22.86, 22.0, 9999.0, 9.64, 10.0, 21.73, 9999.0, 23.93, 9999.0, 117.68, 127.75, 120.25, 91.25, 138.5
2024-11-07, 11:34:20, 136.48, 58.25, 22.89, 22.0, 9999.0, 9.66, 10.0, 21.73, 9999.0, 23.91, 9999.0, 117.7, 127.75, 120.25, 91.25, 138.5
2024-11-07, 11:34:24, 136.5, 58.25, 22.89, 22.0, 9999.0, 9.68, 10.0, 21.7, 9999.0, 23.89, 9999.0, 117.73, 127.75, 120.25, 91.25, 138.5
2024-11-07, 11:34:28, 136.5, 58.25, 22.89, 22.0, 9999.0, 9.7, 10.0, 21.73, 9999.0, 23.86, 9999.0, 117.75, 127.75, 120.25, 91.25, 138.5
2024-11-07, 11:34:32, 136.5, 58.25, 22.91, 22.0, 9999.0, 9.73, 10.0, 21.7, 9999.0, 23.89, 9999.0, 117.75, 127.75, 120.25, 91.25, 138.5
2024-11-07, 11:34:36, 136.5, 58.25, 22.91, 22.02, 9999.0, 9.75, 10.0, 21.68, 9999.0, 23.89, 9999.0, 117.77, 127.75, 120.25, 91.25, 138.5
2024-11-07, 11:34:40, 136.5, 58.25, 22.91, 22.02, 9999.0, 9.75, 10.0, 21.68, 9999.0, 23.91, 9999.0, 117.77, 127.75, 120.25, 91.25, 138.5
2024-11-07, 11:34:44, 136.5, 58.25, 22.89, 22.02, 9999.0, 9.75, 10.0, 21.68, 9999.0, 23.93, 9999.0, 117.8, 127.75, 120.25, 91.25, 138.5
2024-11-07, 11:34:48, 136.5, 58.25, 22.91, 22.02, 9999.0, 9.73, 10.0, 21.66, 9999.0, 23.95, 9999.0, 117.82, 127.75, 120.25, 91.25, 138.5
2024-11-07, 11:34:52, 136.5, 58.25, 22.93, 22.02, 9999.0, 9.7, 10.0, 21.66, 9999.0, 23.98, 9999.0, 117.84, 127.75, 120.25, 91.25, 138.5
2024-11-07, 11:34:56, 136.5, 58.25, 22.91, 22.02, 9999.0, 9.68, 10.0, 21.66, 9999.0, 24.02, 9999.0, 117.84, 127.75, 120.25, 91.25, 138.5
2024-11-07, 11:35:00, 136.5, 58.25, 22.89, 22.02, 9999.0, 9.66, 10.0, 21.64, 9999.0, 24.07, 9999.0, 117.82, 127.75, 120.25, 91.25, 138.5
2024-11-07, 11:35:04, 136.5, 58.25, 22.86, 22.02, 9999.0, 9.64, 10.0, 21.64, 9999.0, 24.09, 9999.0, 117.8, 127.75, 120.25, 91.25, 138.5
2024-11-07, 11:35:08, 136.5, 58.25, 22.86, 22.02, 9999.0, 9.61, 10.0, 21.64, 9999.0, 24.11, 9999.0, 117.77, 127.75, 120.25, 91.25, 138.5
2024-11-07, 11:35:12, 136.5, 58.25, 22.84, 22.02, 9999.0, 9.61, 10.0, 21.61, 9999.0, 24.14, 9999.0, 117.73, 127.75, 120.25, 91.25, 138.5
2024-11-07, 11:35:16, 136.5, 58.25, 22.84, 22.02, 9999.0, 9.61, 10.0, 21.64, 9999.0, 24.14, 9999.0, 117.7, 127.75, 120.25, 91.23, 138.5
2024-11-07, 11:35:20, 136.5, 58.25, 22.86, 22.0, 9999.0, 9.61, 10.0, 21.64, 9999.0, 24.14, 9999.0, 117.68, 127.75, 120.25, 91.23, 138.5
2024-11-07, 11:35:24, 136.5, 58.25, 22.89, 22.0, 9999.0, 9.61, 10.0, 21.64, 9999.0, 24.09, 9999.0, 117.66, 127.75, 120.25, 91.23, 138.5
2024-11-07, 11:35:28, 136.5, 58.25, 22.89, 22.0, 9999.0, 9.64, 10.0, 21.64, 9999.0, 24.05, 9999.0, 117.64, 127.75, 120.25, 91.23, 138.5
2024-11-07, 11:35:32, 136.5, 58.25, 22.89, 22.0, 9999.0, 9.66, 10.0, 21.66, 9999.0, 24.0, 9999.0, 117.64, 127.75, 120.25, 91.23, 138.5
2024-11-07, 11:35:37, 136.5, 58.25, 22.86, 22.0, 9999.0, 9.68, 10.0, 21.66, 9999.0, 23.95, 9999.0, 117.64, 127.75, 120.25, 91.23, 138.5
2024-11-07, 11:35:41, 136.5, 58.25, 22.89, 22.0, 9999.0, 9.7, 10.0, 21.64, 9999.0, 23.91, 9999.0, 117.66, 127.75, 120.25, 91.23, 138.5
2024-11-07, 11:35:45, 136.5, 58.25, 22.91, 22.0, 9999.0, 9.73, 10.0, 21.64, 9999.0, 23.86, 9999.0, 117.68, 127.75, 120.25, 91.23, 138.5
2024-11-07, 11:35:49, 136.5, 58.25, 22.91, 22.0, 9999.0, 9.75, 10.0, 21.64, 9999.0, 23.84, 9999.0, 117.7, 127.75, 120.25, 91.23, 138.5
2024-11-07, 11:35:53, 136.5, 58.25, 22.89, 22.0, 9999.0, 9.77, 10.0, 21.64, 9999.0, 23.84, 9999.0, 117.7, 127.75, 120.25, 91.23, 138.5
2024-11-07, 11:35:57, 136.5, 58.25, 22.89, 22.0, 9999.0, 9.77, 10.0, 21.66, 9999.0, 23.82, 9999.0, 117.73, 127.75, 120.25, 91.23, 138.5
2024-11-07, 11:36:01, 136.5, 58.25, 22.86, 22.0, 9999.0, 9.75, 10.0, 21.66, 9999.0, 23.82, 9999.0, 117.75, 127.75, 120.25, 91.25, 138.5
2024-11-07, 11:36:05, 136.5, 58.25, 22.84, 22.0, 9999.0, 9.73, 10.0, 21.68, 9999.0, 23.84, 9999.0, 117.77, 127.77, 120.25, 91.25, 138.5
2024-11-07, 11:36:09, 136.5, 58.25, 22.82, 22.0, 9999.0, 9.7, 10.0, 21.68, 9999.0, 23.86, 9999.0, 117.8, 127.77, 120.25, 91.25, 138.5
2024-11-07, 11:36:13, 136.5, 58.25, 22.84, 22.0, 9999.0, 9.66, 10.0, 21.68, 9999.0, 23.91, 9999.0, 117.82, 127.77, 120.25, 91.25, 138.5
2024-11-07, 11:36:17, 136.5, 58.25, 22.84, 22.0, 9999.0, 9.64, 10.0, 21.68, 9999.0, 23.95, 9999.0, 117.82, 127.77, 120.25, 91.25, 138.5
2024-11-07, 11:36:21, 136.5, 58.25, 22.86, 22.0, 9999.0, 9.61, 10.0, 21.68, 9999.0, 23.98, 9999.0, 117.82, 127.77, 120.25, 91.25, 138.5
2024-11-07, 11:36:25, 136.5, 58.25, 22.84, 22.0, 9999.0, 9.59, 10.0, 21.7, 9999.0, 24.0, 9999.0, 117.77, 127.77, 120.25, 91.25, 138.5
2024-11-07, 11:36:29, 136.5, 58.25, 22.84, 22.0, 9999.0, 9.57, 10.0, 21.73, 9999.0, 24.02, 9999.0, 117.75, 127.77, 120.25, 91.25, 138.5
2024-11-07, 11:36:33, 136.5, 58.25, 22.86, 22.0, 9999.0, 9.57, 10.0, 21.73, 9999.0, 24.05, 9999.0, 117.7, 127.77, 120.25, 91.25, 138.5
2024-11-07, 11:36:37, 136.5, 58.25, 22.86, 22.0, 9999.0, 9.57, 10.0, 21.73, 9999.0, 24.05, 9999.0, 117.68, 127.77, 120.25, 91.25, 138.5
2024-11-07, 11:36:41, 136.5, 58.25, 22.86, 22.0, 9999.0, 9.57, 10.0, 21.7, 9999.0, 24.07, 9999.0, 117.66, 127.77, 120.25, 91.25, 138.5
2024-11-07, 11:36:45, 136.5, 58.25, 22.89, 22.0, 9999.0, 9.61, 10.0, 21.7, 9999.0, 24.05, 9999.0, 117.64, 127.77, 120.25, 91.25, 138.5
2024-11-07, 11:36:49, 136.5, 58.25, 22.91, 22.0, 9999.0, 9.66, 10.0, 21.7, 9999.0, 24.0, 9999.0, 117.64, 127.75, 120.25, 91.25, 138.5
2024-11-07, 11:36:53, 136.5, 58.25, 22.91, 22.0, 9999.0, 9.68, 10.0, 21.7, 9999.0, 23.98, 9999.0, 117.64, 127.75, 120.25, 91.25, 138.5
2024-11-07, 11:36:57, 136.5, 58.25, 22.89, 22.0, 9999.0, 9.7, 10.0, 21.7, 9999.0, 23.93, 9999.0, 117.64, 127.75, 120.25, 91.25, 138.5
2024-11-07, 11:37:01, 136.5, 58.25, 22.86, 22.0, 9999.0, 9.73, 10.0, 21.7, 9999.0, 23.89, 9999.0, 117.66, 127.75, 120.25, 91.25, 138.5
2024-11-07, 11:37:05, 136.5, 58.25, 22.84, 22.0, 9999.0, 9.75, 10.0, 21.68, 9999.0, 23.86, 9999.0, 117.68, 127.75, 120.25, 91.25, 138.5
2024-11-07, 11:37:09, 136.5, 58.27, 22.84, 22.0, 9999.0, 9.77, 10.0, 21.66, 9999.0, 23.84, 9999.0, 117.73, 127.75, 120.25, 91.25, 138.5
2024-11-07, 11:37:13, 136.5, 58.27, 22.84, 22.0, 9999.0, 9.8, 10.0, 21.64, 9999.0, 23.84, 9999.0, 117.75, 127.75, 120.25, 91.25, 138.5
2024-11-07, 11:37:17, 136.5, 58.27, 22.82, 22.0, 9999.0, 9.8, 10.0, 21.64, 9999.0, 23.84, 9999.0, 117.77, 127.75, 120.25, 91.25, 138.5
2024-11-07, 11:37:21, 136.5, 58.27, 22.84, 22.0, 9999.0, 9.8, 10.0, 21.66, 9999.0, 23.86, 9999.0, 117.8, 127.75, 120.25, 91.25, 138.5
2024-11-07, 11:37:25, 136.5, 58.27, 22.86, 22.0, 9999.0, 9.77, 10.0, 21.66, 9999.0, 23.89, 9999.0, 117.82, 127.77, 120.25, 91.25, 138.5
2024-11-07, 11:37:29, 136.5, 58.27, 22.86, 22.0, 9999.0, 9.73, 10.0, 21.64, 9999.0, 23.91, 9999.0, 117.84, 127.8, 120.25, 91.25, 138.5
2024-11-07, 11:37:33, 136.5, 58.27, 22.84, 22.0, 9999.0, 9.68, 10.0, 21.64, 9999.0, 23.93, 9999.0, 117.84, 127.8, 120.25, 91.25, 138.5
2024-11-07, 11:37:37, 136.5, 58.27, 22.86, 22.0, 9999.0, 9.66, 10.0, 21.64, 9999.0, 23.95, 9999.0, 117.84, 127.8, 120.25, 91.25, 138.5
2024-11-07, 11:37:41, 136.5, 58.27, 22.86, 22.0, 9999.0, 9.64, 10.0, 21.64, 9999.0, 23.98, 9999.0, 117.84, 127.8, 120.25, 91.25, 138.5
2024-11-07, 11:37:45, 136.5, 58.27, 22.86, 22.0, 9999.0, 9.61, 10.0, 21.64, 9999.0, 24.0, 9999.0, 117.82, 127.8, 120.25, 91.25, 138.5
2024-11-07, 11:37:49, 136.5, 58.27, 22.89, 22.0, 9999.0, 9.59, 10.0, 21.66, 9999.0, 24.02, 9999.0, 117.8, 127.8, 120.25, 91.25, 138.5
2024-11-07, 11:37:53, 136.5, 58.25, 22.89, 22.0, 9999.0, 9.59, 10.0, 21.66, 9999.0, 24.05, 9999.0, 117.77, 127.8, 120.25, 91.25, 138.5
2024-11-07, 11:37:57, 136.5, 58.25, 22.89, 22.0, 9999.0, 9.59, 10.0, 21.66, 9999.0, 24.05, 9999.0, 117.73, 127.8, 120.25, 91.25, 138.5
2024-11-07, 11:38:01, 136.5, 58.25, 22.91, 22.0, 9999.0, 9.59, 10.0, 21.66, 9999.0, 24.05, 9999.0, 117.7, 127.8, 120.25, 91.25, 138.5
2024-11-07, 11:38:05, 136.5, 58.25, 22.91, 22.0, 9999.0, 9.59, 10.0, 21.66, 9999.0, 24.02, 9999.0, 117.68, 127.8, 120.25, 91.25, 138.5
2024-11-07, 11:38:09, 136.5, 58.25, 22.91, 22.02, 9999.0, 9.61, 10.0, 21.66, 9999.0, 24.0, 9999.0, 117.68, 127.77, 120.25, 91.25, 138.5
2024-11-07, 11:38:13, 136.5, 58.25, 22.91, 22.02, 9999.0, 9.64, 10.0, 21.68, 9999.0, 24.0, 9999.0, 117.68, 127.75, 120.25, 91.25, 138.5
2024-11-07, 11:38:17, 136.5, 58.25, 22.93, 22.02, 9999.0, 9.66, 10.0, 21.68, 9999.0, 24.0, 9999.0, 117.68, 127.75, 120.25, 91.25, 138.5
2024-11-07, 11:38:21, 136.5, 58.25, 22.91, 22.02, 9999.0, 9.68, 10.0, 21.68, 9999.0, 24.0, 9999.0, 117.7, 127.75, 120.25, 91.25, 138.5
2024-11-07, 11:38:25, 136.5, 58.25, 22.93, 22.02, 9999.0, 9.7, 10.0, 21.66, 9999.0, 24.0, 9999.0, 117.73, 127.75, 120.25, 91.25, 138.5
2024-11-07, 11:38:29, 136.5, 58.25, 22.95, 22.02, 9999.0, 9.73, 10.0, 21.66, 9999.0, 24.02, 9999.0, 117.75, 127.75, 120.25, 91.25, 138.5
2024-11-07, 11:38:33, 136.5, 58.25, 22.95, 22.02, 9999.0, 9.75, 10.0, 21.64, 9999.0, 24.05, 9999.0, 117.75, 127.75, 120.25, 91.25, 138.5
2024-11-07, 11:38:37, 136.5, 58.25, 22.98, 22.02, 9999.0, 9.73, 10.0, 21.64, 9999.0, 24.05, 9999.0, 117.75, 127.75, 120.25, 91.25, 138.5
2024-11-07, 11:38:41, 136.5, 58.25, 22.98, 22.02, 9999.0, 9.7, 10.0, 21.66, 9999.0, 24.07, 9999.0, 117.8, 127.75, 120.25, 91.25, 138.5
2024-11-07, 11:38:45, 136.5, 58.25, 22.98, 22.02, 9999.0, 9.68, 10.0, 21.66, 9999.0, 24.09, 9999.0, 117.82, 127.75, 120.25, 91.25, 138.5
2024-11-07, 11:38:49, 136.5, 58.25, 22.98, 22.02, 9999.0, 9.66, 10.0, 21.66, 9999.0, 24.11, 9999.0, 117.84, 127.75, 120.25, 91.25, 138.5
2024-11-07, 11:38:53, 136.5, 58.25, 22.98, 22.0, 9999.0, 9.64, 10.0, 21.68, 9999.0, 24.14, 9999.0, 117.84, 127.75, 120.25, 91.25, 138.5
2024-11-07, 11:38:57, 136.5, 58.25, 22.95, 22.0, 9999.0, 9.61, 10.0, 21.66, 9999.0, 24.16, 9999.0, 117.84, 127.75, 120.25, 91.25, 138.5
2024-11-07, 11:39:01, 136.5, 58.25, 22.93, 22.02, 9999.0, 9.59, 10.0, 21.66, 9999.0, 24.18, 9999.0, 117.82, 127.75, 120.25, 91.25, 138.5
2024-11-07, 11:39:05, 136.5, 58.25, 22.95, 22.02, 9999.0, 9.57, 10.0, 21.66, 9999.0, 24.18, 9999.0, 117.8, 127.75, 120.25, 91.25, 138.5
2024-11-07, 11:39:09, 136.5, 58.25, 22.95, 22.02, 9999.0, 9.55, 10.0, 21.68, 9999.0, 24.18, 9999.0, 117.77, 127.75, 120.25, 91.25, 138.5
2024-11-07, 11:39:13, 136.5, 58.25, 22.95, 22.02, 9999.0, 9.55, 10.0, 21.68, 9999.0, 24.16, 9999.0, 117.73, 127.75, 120.25, 91.25, 138.5
2024-11-07, 11:39:17, 136.5, 58.25, 22.95, 22.02, 9999.0, 9.52, 10.0, 21.68, 9999.0, 24.14, 9999.0, 117.73, 127.75, 120.25, 91.25, 138.5
2024-11-07, 11:39:21, 136.5, 58.25, 22.93, 22.02, 9999.0, 9.55, 10.0, 21.7, 9999.0, 24.11, 9999.0, 117.7, 127.75, 120.25, 91.25, 138.5
2024-11-07, 11:39:26, 136.5, 58.25, 22.93, 22.05, 9999.0, 9.59, 10.0, 21.7, 9999.0, 24.07, 9999.0, 117.66, 127.75, 120.25, 91.25, 138.5
2024-11-07, 11:39:30, 136.5, 58.25, 22.93, 22.05, 9999.0, 9.61, 10.0, 21.68, 9999.0, 24.02, 9999.0, 117.66, 127.75, 120.25, 91.23, 138.5
2024-11-07, 11:39:34, 136.5, 58.25, 22.93, 22.05, 9999.0, 9.64, 10.0, 21.68, 9999.0, 23.98, 9999.0, 117.66, 127.75, 120.25, 91.23, 138.5
2024-11-07, 11:39:38, 136.5, 58.25, 22.91, 22.05, 9999.0, 9.66, 10.0, 21.66, 9999.0, 23.93, 9999.0, 117.68, 127.75, 120.25, 91.23, 138.5
2024-11-07, 11:39:42, 136.5, 58.25, 22.93, 22.05, 9999.0, 9.68, 10.0, 21.68, 9999.0, 23.89, 9999.0, 117.7, 127.75, 120.25, 91.23, 138.5
2024-11-07, 11:39:46, 136.5, 58.25, 22.95, 22.02, 9999.0, 9.7, 10.0, 21.68, 9999.0, 23.84, 9999.0, 117.73, 127.75, 120.25, 91.23, 138.5
2024-11-07, 11:39:50, 136.5, 58.25, 22.95, 22.02, 9999.0, 9.73, 10.0, 21.68, 9999.0, 23.82, 9999.0, 117.75, 127.75, 120.25, 91.23, 138.5
2024-11-07, 11:39:54, 136.5, 58.25, 22.95, 22.02, 9999.0, 9.75, 10.0, 21.68, 9999.0, 23.82, 9999.0, 117.77, 127.75, 120.25, 91.23, 138.5
2024-11-07, 11:39:58, 136.5, 58.25, 22.95, 22.02, 9999.0, 9.75, 10.0, 21.66, 9999.0, 23.82, 9999.0, 117.8, 127.75, 120.25, 91.23, 138.5
2024-11-07, 11:40:02, 136.5, 58.25, 22.95, 22.02, 9999.0, 9.75, 10.0, 21.68, 9999.0, 23.82, 9999.0, 117.8, 127.75, 120.25, 91.23, 138.5
2024-11-07, 11:40:06, 136.5, 58.25, 22.98, 22.02, 9999.0, 9.73, 10.0, 21.68, 9999.0, 23.84, 9999.0, 117.82, 127.77, 120.25, 91.23, 138.5
2024-11-07, 11:40:10, 136.5, 58.25, 22.98, 22.0, 9999.0, 9.68, 10.0, 21.68, 9999.0, 23.86, 9999.0, 117.84, 127.77, 120.25, 91.23, 138.5
2024-11-07, 11:40:14, 136.5, 58.25, 22.98, 22.0, 9999.0, 9.66, 10.0, 21.7, 9999.0, 23.91, 9999.0, 117.84, 127.77, 120.25, 91.25, 138.5
2024-11-07, 11:40:18, 136.5, 58.25, 22.98, 22.0, 9999.0, 9.64, 10.0, 21.7, 9999.0, 23.93, 9999.0, 117.84, 127.77, 120.25, 91.25, 138.5
2024-11-07, 11:40:22, 136.5, 58.25, 23.0, 22.0, 9999.0, 9.61, 10.0, 21.7, 9999.0, 23.98, 9999.0, 117.82, 127.77, 120.25, 91.25, 138.5
2024-11-07, 11:40:26, 136.5, 58.25, 23.0, 22.0, 9999.0, 9.59, 10.0, 21.7, 9999.0, 24.0, 9999.0, 117.8, 127.77, 120.25, 91.25, 138.5
2024-11-07, 11:40:30, 136.5, 58.25, 23.0, 22.0, 9999.0, 9.59, 10.0, 21.7, 9999.0, 24.05, 9999.0, 117.8, 127.77, 120.25, 91.25, 138.5
2024-11-07, 11:40:43, 136.5, 58.25, 23.0, 22.0, 9999.0, 9.59, 10.0, 21.7, 9999.0, 24.09, 9999.0, 117.77, 127.77, 120.25, 91.25, 138.5
2024-11-07, 11:40:47, 136.5, 58.25, 23.0, 22.0, 9999.0, 9.59, 10.0, 21.68, 9999.0, 24.11, 9999.0, 117.73, 127.77, 120.25, 91.25, 138.5
2024-11-07, 11:40:51, 136.5, 58.25, 23.0, 22.0, 9999.0, 9.61, 10.0, 21.68, 9999.0, 24.11, 9999.0, 117.7, 127.77, 120.25, 91.25, 138.5
2024-11-07, 11:40:55, 136.5, 58.25, 23.0, 22.0, 9999.0, 9.64, 10.0, 21.68, 9999.0, 24.11, 9999.0, 117.7, 127.77, 120.25, 91.25, 138.5
2024-11-07, 11:40:59, 136.5, 58.25, 23.0, 22.0, 9999.0, 9.66, 10.0, 21.68, 9999.0, 24.11, 9999.0, 117.7, 127.75, 120.25, 91.25, 138.5
2024-11-07, 11:41:03, 136.5, 58.25, 23.0, 22.0, 9999.0, 9.68, 10.0, 21.68, 9999.0, 24.11, 9999.0, 117.7, 127.75, 120.25, 91.25, 138.5
2024-11-07, 11:41:07, 136.5, 58.25, 23.0, 22.0, 9999.0, 9.7, 10.0, 21.68, 9999.0, 24.07, 9999.0, 117.73, 127.75, 120.25, 91.25, 138.5
2024-11-07, 11:41:11, 136.5, 58.25, 23.0, 22.0, 9999.0, 9.73, 10.0, 21.68, 9999.0, 24.07, 9999.0, 117.75, 127.75, 120.25, 91.25, 138.5
2024-11-07, 11:41:15, 136.5, 58.25, 23.0, 22.0, 9999.0, 9.75, 10.0, 21.7, 9999.0, 24.02, 9999.0, 117.77, 127.75, 120.25, 91.25, 138.5
2024-11-07, 11:41:19, 136.5, 58.25, 22.98, 22.0, 9999.0, 9.77, 10.0, 21.7, 9999.0, 24.02, 9999.0, 117.8, 127.75, 120.25, 91.25, 138.5
2024-11-07, 11:41:23, 136.5, 58.27, 22.98, 22.0, 9999.0, 9.77, 10.0, 21.7, 9999.0, 24.0, 9999.0, 117.82, 127.75, 120.25, 91.25, 138.5
2024-11-07, 11:41:27, 136.5, 58.27, 22.98, 22.0, 9999.0, 9.75, 10.0, 21.68, 9999.0, 24.0, 9999.0, 117.84, 127.77, 120.25, 91.25, 138.5
2024-11-07, 11:41:31, 136.5, 58.27, 22.98, 22.0, 9999.0, 9.73, 10.0, 21.7, 9999.0, 24.0, 9999.0, 117.86, 127.77, 120.25, 91.25, 138.5
2024-11-07, 11:41:35, 136.5, 58.27, 22.98, 22.0, 9999.0, 9.68, 10.0, 21.73, 9999.0, 24.02, 9999.0, 117.91, 127.77, 120.25, 91.25, 138.5
2024-11-07, 11:41:39, 136.5, 58.27, 22.98, 22.0, 9999.0, 9.66, 10.0, 21.73, 9999.0, 24.05, 9999.0, 117.91, 127.77, 120.25, 91.25, 138.5
2024-11-07, 11:41:43, 136.5, 58.27, 22.98, 22.0, 9999.0, 9.64, 10.0, 21.73, 9999.0, 24.07, 9999.0, 117.91, 127.77, 120.25, 91.25, 138.48
2024-11-07, 11:41:47, 136.5, 58.27, 22.98, 22.0, 9999.0, 9.61, 9.98, 21.73, 9999.0, 24.09, 9999.0, 117.91, 127.77, 120.25, 91.25, 138.48
2024-11-07, 11:41:51, 136.5, 58.27, 22.98, 22.0, 9999.0, 9.59, 9.98, 21.73, 9999.0, 24.14, 9999.0, 117.89, 127.77, 120.25, 91.25, 138.48
2024-11-07, 11:41:55, 136.5, 58.27, 22.98, 22.0, 9999.0, 9.57, 9.98, 21.73, 9999.0, 24.16, 9999.0, 117.86, 127.77, 120.25, 91.25, 138.45
2024-11-07, 11:41:59, 136.5, 58.27, 22.98, 22.0, 9999.0, 9.57, 9.98, 21.73, 9999.0, 24.2, 9999.0, 117.84, 127.77, 120.25, 91.25, 138.45
2024-11-07, 11:42:03, 136.5, 58.27, 23.0, 22.0, 9999.0, 9.57, 9.98, 21.73, 9999.0, 24.23, 9999.0, 117.8, 127.77, 120.25, 91.25, 138.45
2024-11-07, 11:42:07, 136.5, 58.25, 23.0, 22.0, 9999.0, 9.57, 9.95, 21.7, 9999.0, 24.25, 9999.0, 117.75, 127.77, 120.25, 91.25, 138.45
2024-11-07, 11:42:11, 136.5, 58.25, 22.98, 22.0, 9999.0, 9.61, 9.95, 21.7, 9999.0, 24.25, 9999.0, 117.7, 127.75, 120.25, 91.25, 138.45
2024-11-07, 11:42:15, 136.5, 58.25, 22.98, 22.0, 9999.0, 9.64, 9.95, 21.7, 9999.0, 24.25, 9999.0, 117.7, 127.75, 120.25, 91.25, 138.45
2024-11-07, 11:42:19, 136.5, 58.25, 22.98, 22.0, 9999.0, 9.66, 9.95, 21.68, 9999.0, 24.23, 9999.0, 117.68, 127.75, 120.25, 91.25, 138.45
2024-11-07, 11:42:23, 136.5, 58.25, 22.98, 22.0, 9999.0, 9.68, 9.95, 21.68, 9999.0, 24.2, 9999.0, 117.68, 127.75, 120.25, 91.25, 138.45
2024-11-07, 11:42:27, 136.5, 58.25, 22.95, 22.0, 9999.0, 9.7, 9.95, 21.68, 9999.0, 24.18, 9999.0, 117.7, 127.75, 120.25, 91.25, 138.48
2024-11-07, 11:42:31, 136.5, 58.25, 22.95, 22.0, 9999.0, 9.73, 9.98, 21.68, 9999.0, 24.16, 9999.0, 117.73, 127.75, 120.25, 91.25, 138.48
2024-11-07, 11:42:35, 136.5, 58.25, 22.95, 22.0, 9999.0, 9.75, 9.98, 21.68, 9999.0, 24.16, 9999.0, 117.75, 127.75, 120.25, 91.25, 138.48
2024-11-07, 11:42:39, 136.5, 58.25, 22.95, 22.0, 9999.0, 9.75, 9.98, 21.68, 9999.0, 24.16, 9999.0, 117.77, 127.75, 120.25, 91.25, 138.5
2024-11-07, 11:42:43, 136.5, 58.25, 22.95, 22.0, 9999.0, 9.75, 9.98, 21.68, 9999.0, 24.16, 9999.0, 117.8, 127.75, 120.25, 91.25, 138.5
2024-11-07, 11:42:47, 136.5, 58.25, 22.95, 22.0, 9999.0, 9.75, 9.98, 21.68, 9999.0, 24.18, 9999.0, 117.84, 127.75, 120.25, 91.25, 138.5
2024-11-07, 11:42:51, 136.5, 58.25, 22.93, 22.0, 9999.0, 9.73, 10.0, 21.7, 9999.0, 24.18, 9999.0, 117.86, 127.75, 120.25, 91.25, 138.5
2024-11-07, 11:42:55, 136.5, 58.25, 22.95, 22.0, 9999.0, 9.68, 10.0, 21.73, 9999.0, 24.18, 9999.0, 117.89, 127.75, 120.25, 91.23, 138.5
2024-11-07, 11:42:59, 136.5, 58.25, 22.93, 22.0, 9999.0, 9.66, 10.0, 21.73, 9999.0, 24.18, 9999.0, 117.89, 127.75, 120.25, 91.23, 138.5
2024-11-07, 11:43:03, 136.5, 58.25, 22.93, 22.0, 9999.0, 9.64, 10.0, 21.73, 9999.0, 24.2, 9999.0, 117.89, 127.75, 120.25, 91.23, 138.5
2024-11-07, 11:43:07, 136.5, 58.25, 22.93, 22.0, 9999.0, 9.61, 10.0, 21.73, 9999.0, 24.23, 9999.0, 117.89, 127.75, 120.25, 91.23, 138.5
2024-11-07, 11:43:11, 136.5, 58.25, 22.95, 22.0, 9999.0, 9.59, 10.0, 21.73, 9999.0, 24.25, 9999.0, 117.86, 127.75, 120.25, 91.23, 138.5
2024-11-07, 11:43:15, 136.5, 58.25, 22.93, 22.0, 9999.0, 9.57, 10.0, 21.73, 9999.0, 24.27, 9999.0, 117.84, 127.75, 120.25, 91.23, 138.5
2024-11-07, 11:43:19, 136.5, 58.25, 22.93, 22.0, 9999.0, 9.57, 10.0, 21.73, 9999.0, 24.27, 9999.0, 117.82, 127.75, 120.25, 91.23, 138.5
2024-11-07, 11:43:23, 136.5, 58.25, 22.91, 22.0, 9999.0, 9.59, 10.0, 21.73, 9999.0, 24.27, 9999.0, 117.77, 127.75, 120.25, 91.23, 138.5
2024-11-07, 11:43:27, 136.5, 58.25, 22.91, 22.0, 9999.0, 9.59, 10.0, 21.73, 9999.0, 24.25, 9999.0, 117.73, 127.75, 120.25, 91.23, 138.5
2024-11-07, 11:43:31, 136.5, 58.25, 22.89, 22.0, 9999.0, 9.59, 10.0, 21.73, 9999.0, 24.2, 9999.0, 117.68, 127.75, 120.25, 91.23, 138.5
2024-11-07, 11:43:35, 136.5, 58.25, 22.89, 22.0, 9999.0, 9.61, 10.0, 21.73, 9999.0, 24.18, 9999.0, 117.7, 127.75, 120.25, 91.23, 138.5
2024-11-07, 11:43:39, 136.5, 58.25, 22.86, 22.0, 9999.0, 9.64, 10.0, 21.73, 9999.0, 24.16, 9999.0, 117.7, 127.75, 120.25, 91.25, 138.48
2024-11-07, 11:43:43, 136.5, 58.25, 22.89, 22.0, 9999.0, 9.66, 10.0, 21.7, 9999.0, 24.14, 9999.0, 117.73, 127.75, 120.25, 91.25, 138.48
2024-11-07, 11:43:47, 136.5, 58.25, 22.86, 22.02, 9999.0, 9.68, 10.0, 21.73, 9999.0, 24.11, 9999.0, 117.75, 127.75, 120.25, 91.25, 138.48
2024-11-07, 11:43:52, 136.5, 58.25, 22.86, 22.02, 9999.0, 9.7, 10.0, 21.73, 9999.0, 24.07, 9999.0, 117.77, 127.75, 120.25, 91.25, 138.48
2024-11-07, 11:43:56, 136.5, 58.25, 22.86, 22.02, 9999.0, 9.73, 10.0, 21.73, 9999.0, 24.05, 9999.0, 117.8, 127.75, 120.25, 91.25, 138.48
2024-11-07, 11:44:00, 136.5, 58.25, 22.86, 22.02, 9999.0, 9.75, 10.0, 21.73, 9999.0, 24.02, 9999.0, 117.8, 127.75, 120.25, 91.25, 138.48
2024-11-07, 11:44:04, 136.5, 58.25, 22.86, 22.02, 9999.0, 9.73, 10.0, 21.73, 9999.0, 24.0, 9999.0, 117.8, 127.77, 120.25, 91.25, 138.48
2024-11-07, 11:44:08, 136.5, 58.25, 22.89, 22.02, 9999.0, 9.7, 10.0, 21.73, 9999.0, 24.0, 9999.0, 117.82, 127.77, 120.25, 91.25, 138.48
2024-11-07, 11:44:12, 136.5, 58.25, 22.89, 22.02, 9999.0, 9.68, 10.0, 21.73, 9999.0, 24.02, 9999.0, 117.84, 127.77, 120.25, 91.25, 138.48
2024-11-07, 11:44:16, 136.5, 58.25, 22.91, 22.02, 9999.0, 9.66, 10.0, 21.73, 9999.0, 24.05, 9999.0, 117.86, 127.77, 120.25, 91.25, 138.48
2024-11-07, 11:44:20, 136.5, 58.25, 22.93, 22.02, 9999.0, 9.64, 10.0, 21.73, 9999.0, 24.07, 9999.0, 117.84, 127.77, 120.25, 91.25, 138.48
2024-11-07, 11:44:24, 136.5, 58.25, 22.93, 22.02, 9999.0, 9.61, 10.0, 21.73, 9999.0, 24.09, 9999.0, 117.84, 127.77, 120.25, 91.25, 138.5
2024-11-07, 11:44:28, 136.5, 58.25, 22.91, 22.02, 9999.0, 9.59, 9.98, 21.75, 9999.0, 24.11, 9999.0, 117.82, 127.77, 120.25, 91.25, 138.5
2024-11-07, 11:44:32, 136.5, 58.25, 22.91, 22.0, 9999.0, 9.57, 9.98, 21.75, 9999.0, 24.14, 9999.0, 117.8, 127.77, 120.25, 91.25, 138.5
2024-11-07, 11:44:36, 136.5, 58.25, 22.89, 22.0, 9999.0, 9.55, 9.98, 21.73, 9999.0, 24.16, 9999.0, 117.77, 127.77, 120.25, 91.25, 138.5
2024-11-07, 11:44:40, 136.5, 58.25, 22.86, 22.0, 9999.0, 9.55, 9.95, 21.73, 9999.0, 24.16, 9999.0, 117.75, 127.77, 120.25, 91.25, 138.5
2024-11-07, 11:44:44, 136.5, 58.25, 22.86, 22.0, 9999.0, 9.55, 9.95, 21.73, 9999.0, 24.16, 9999.0, 117.75, 127.77, 120.25, 91.25, 138.5
2024-11-07, 11:44:48, 136.5, 58.25, 22.84, 22.0, 9999.0, 9.57, 9.95, 21.73, 9999.0, 24.16, 9999.0, 117.75, 127.75, 120.25, 91.25, 138.5
2024-11-07, 11:44:52, 136.5, 58.25, 22.84, 22.0, 9999.0, 9.59, 9.95, 21.73, 9999.0, 24.14, 9999.0, 117.73, 127.75, 120.25, 91.23, 138.5
2024-11-07, 11:44:56, 136.5, 58.25, 22.82, 22.0, 9999.0, 9.61, 9.95, 21.73, 9999.0, 24.11, 9999.0, 117.73, 127.75, 120.25, 91.23, 138.5
2024-11-07, 11:45:00, 136.5, 58.25, 22.82, 22.0, 9999.0, 9.64, 9.95, 21.73, 9999.0, 24.09, 9999.0, 117.73, 127.75, 120.25, 91.2, 138.5
2024-11-07, 11:45:04, 136.5, 58.25, 22.8, 22.0, 9999.0, 9.66, 9.95, 21.73, 9999.0, 24.07, 9999.0, 117.75, 127.75, 120.25, 91.2, 138.5
2024-11-07, 11:45:08, 136.5, 58.27, 22.8, 22.0, 9999.0, 9.68, 9.95, 21.7, 9999.0, 24.05, 9999.0, 117.77, 127.75, 120.25, 91.2, 138.5
2024-11-07, 11:45:12, 136.5, 58.27, 22.82, 22.0, 9999.0, 9.7, 9.98, 21.7, 9999.0, 24.0, 9999.0, 117.8, 127.75, 120.25, 91.2, 138.5
2024-11-07, 11:45:16, 136.5, 58.27, 22.82, 22.0, 9999.0, 9.73, 9.98, 21.7, 9999.0, 23.98, 9999.0, 117.82, 127.75, 120.25, 91.2, 138.5
2024-11-07, 11:45:20, 136.5, 58.27, 22.82, 22.0, 9999.0, 9.75, 9.98, 21.73, 9999.0, 23.98, 9999.0, 117.84, 127.75, 120.25, 91.2, 138.5
2024-11-07, 11:45:24, 136.5, 58.27, 22.84, 22.0, 9999.0, 9.75, 10.0, 21.73, 9999.0, 24.0, 9999.0, 117.84, 127.75, 120.25, 91.2, 138.5
2024-11-07, 11:45:28, 136.5, 58.27, 22.84, 22.0, 9999.0, 9.73, 10.0, 21.73, 9999.0, 24.02, 9999.0, 117.84, 127.75, 120.25, 91.2, 138.5
2024-11-07, 11:45:32, 136.5, 58.27, 22.86, 22.0, 9999.0, 9.7, 10.0, 21.73, 9999.0, 24.05, 9999.0, 117.84, 127.75, 120.25, 91.2, 138.5
2024-11-07, 11:45:36, 136.5, 58.27, 22.86, 22.0, 9999.0, 9.68, 10.0, 21.73, 9999.0, 24.07, 9999.0, 117.86, 127.75, 120.25, 91.23, 138.5
2024-11-07, 11:45:40, 136.5, 58.3, 22.86, 22.0, 9999.0, 9.66, 10.0, 21.73, 9999.0, 24.09, 9999.0, 117.86, 127.75, 120.25, 91.23, 138.5
2024-11-07, 11:45:44, 136.5, 58.3, 22.84, 22.0, 9999.0, 9.64, 10.0, 21.73, 9999.0, 24.11, 9999.0, 117.86, 127.75, 120.25, 91.25, 138.5
2024-11-07, 11:45:48, 136.5, 58.3, 22.86, 22.0, 9999.0, 9.61, 10.0, 21.73, 9999.0, 24.14, 9999.0, 117.84, 127.75, 120.25, 91.25, 138.5
2024-11-07, 11:45:52, 136.5, 58.27, 22.89, 22.0, 9999.0, 9.59, 10.0, 21.75, 9999.0, 24.14, 9999.0, 117.82, 127.75, 120.25, 91.25, 138.5
2024-11-07, 11:45:56, 136.5, 58.27, 22.86, 22.0, 9999.0, 9.59, 9.98, 21.75, 9999.0, 24.16, 9999.0, 117.8, 127.75, 120.25, 91.25, 138.48
2024-11-07, 11:46:00, 136.5, 58.27, 22.89, 22.0, 9999.0, 9.59, 9.98, 21.75, 9999.0, 24.16, 9999.0, 117.75, 127.75, 120.25, 91.25, 138.48
2024-11-07, 11:46:04, 136.5, 58.27, 22.91, 22.0, 9999.0, 9.59, 9.98, 21.75, 9999.0, 24.16, 9999.0, 117.7, 127.75, 120.25, 91.25, 138.48
2024-11-07, 11:46:08, 136.5, 58.27, 22.89, 22.0, 9999.0, 9.59, 9.98, 21.75, 9999.0, 24.14, 9999.0, 117.68, 127.75, 120.25, 91.25, 138.48
2024-11-07, 11:46:12, 136.5, 58.27, 22.89, 22.0, 9999.0, 9.61, 9.98, 21.75, 9999.0, 24.14, 9999.0, 117.68, 127.75, 120.25, 91.25, 138.48
2024-11-07, 11:46:16, 136.5, 58.27, 22.86, 22.0, 9999.0, 9.64, 9.98, 21.75, 9999.0, 24.11, 9999.0, 117.68, 127.75, 120.25, 91.25, 138.48
2024-11-07, 11:46:20, 136.5, 58.27, 22.84, 22.0, 9999.0, 9.66, 9.98, 21.75, 9999.0, 24.09, 9999.0, 117.68, 127.75, 120.25, 91.25, 138.48
2024-11-07, 11:46:24, 136.5, 58.25, 22.84, 22.0, 9999.0, 9.68, 9.98, 21.73, 9999.0, 24.05, 9999.0, 117.7, 127.75, 120.25, 91.25, 138.48
2024-11-07, 11:46:28, 136.5, 58.25, 22.84, 22.0, 9999.0, 9.7, 9.98, 21.73, 9999.0, 24.0, 9999.0, 117.73, 127.75, 120.25, 91.25, 138.48
2024-11-07, 11:46:32, 136.5, 58.25, 22.82, 22.0, 9999.0, 9.73, 9.98, 21.73, 9999.0, 23.98, 9999.0, 117.75, 127.75, 120.25, 91.25, 138.45
2024-11-07, 11:46:36, 136.5, 58.25, 22.8, 22.0, 9999.0, 9.73, 9.98, 21.73, 9999.0, 23.98, 9999.0, 117.77, 127.75, 120.25, 91.25, 138.45
2024-11-07, 11:46:40, 136.5, 58.25, 22.8, 22.0, 9999.0, 9.7, 10.0, 21.73, 9999.0, 23.98, 9999.0, 117.77, 127.75, 120.25, 91.25, 138.48
2024-11-07, 11:46:44, 136.5, 58.25, 22.77, 22.0, 9999.0, 9.68, 10.0, 21.73, 9999.0, 24.0, 9999.0, 117.82, 127.75, 120.25, 91.25, 138.48
2024-11-07, 11:46:48, 136.5, 58.25, 22.75, 22.0, 9999.0, 9.66, 10.0, 21.73, 9999.0, 24.02, 9999.0, 117.86, 127.75, 120.25, 91.25, 138.48
2024-11-07, 11:46:52, 136.5, 58.25, 22.77, 22.0, 9999.0, 9.64, 10.0, 21.73, 9999.0, 24.02, 9999.0, 117.89, 127.75, 120.25, 91.25, 138.48
2024-11-07, 11:46:56, 136.5, 58.25, 22.8, 22.0, 9999.0, 9.61, 10.0, 21.73, 9999.0, 24.0, 9999.0, 117.89, 127.75, 120.25, 91.25, 138.48
2024-11-07, 11:47:00, 136.5, 58.25, 22.82, 22.0, 9999.0, 9.59, 10.0, 21.73, 9999.0, 24.0, 9999.0, 117.89, 127.75, 120.25, 91.25, 138.48
2024-11-07, 11:47:04, 136.5, 58.25, 22.82, 22.0, 9999.0, 9.57, 10.0, 21.73, 9999.0, 24.0, 9999.0, 117.89, 127.75, 120.25, 91.25, 138.48
2024-11-07, 11:47:08, 136.5, 58.25, 22.84, 22.0, 9999.0, 9.55, 10.0, 21.75, 9999.0, 24.0, 9999.0, 117.86, 127.75, 120.25, 91.25, 138.48
2024-11-07, 11:47:12, 136.5, 58.25, 22.84, 22.0, 9999.0, 9.52, 10.0, 21.75, 9999.0, 24.02, 9999.0, 117.84, 127.75, 120.25, 91.25, 138.48
2024-11-07, 11:47:16, 136.5, 58.25, 22.84, 22.0, 9999.0, 9.52, 10.0, 21.75, 9999.0, 24.02, 9999.0, 117.82, 127.75, 120.25, 91.25, 138.5
2024-11-07, 11:47:20, 136.5, 58.25, 22.84, 22.0, 9999.0, 9.55, 9.98, 21.75, 9999.0, 24.0, 9999.0, 117.8, 127.75, 120.25, 91.25, 138.5
2024-11-07, 11:47:24, 136.5, 58.25, 22.86, 22.0, 9999.0, 9.57, 9.98, 21.75, 9999.0, 23.98, 9999.0, 117.8, 127.75, 120.25, 91.25, 138.5
2024-11-07, 11:47:28, 136.5, 58.25, 22.86, 22.0, 9999.0, 9.59, 9.98, 21.75, 9999.0, 23.93, 9999.0, 117.77, 127.75, 120.25, 91.25, 138.5
2024-11-07, 11:47:32, 136.5, 58.25, 22.86, 22.0, 9999.0, 9.61, 9.98, 21.75, 9999.0, 23.89, 9999.0, 117.75, 127.75, 120.25, 91.25, 138.5
2024-11-07, 11:47:36, 136.5, 58.25, 22.84, 22.0, 9999.0, 9.64, 9.98, 21.75, 9999.0, 23.86, 9999.0, 117.75, 127.75, 120.25, 91.25, 138.5
2024-11-07, 11:47:41, 136.5, 58.25, 22.84, 22.0, 9999.0, 9.66, 9.98, 21.75, 9999.0, 23.84, 9999.0, 117.77, 127.75, 120.25, 91.25, 138.5
2024-11-07, 11:47:45, 136.5, 58.25, 22.82, 22.0, 9999.0, 9.68, 9.98, 21.75, 9999.0, 23.82, 9999.0, 117.8, 127.75, 120.25, 91.25, 138.5
2024-11-07, 11:47:49, 136.5, 58.25, 22.84, 22.0, 9999.0, 9.7, 9.98, 21.75, 9999.0, 23.8, 9999.0, 117.82, 127.75, 120.25, 91.25, 138.5
2024-11-07, 11:47:53, 136.5, 58.25, 22.82, 22.0, 9999.0, 9.73, 9.98, 21.75, 9999.0, 23.82, 9999.0, 117.84, 127.75, 120.25, 91.25, 138.5
2024-11-07, 11:47:57, 136.5, 58.25, 22.84, 22.0, 9999.0, 9.73, 9.98, 21.75, 9999.0, 23.8, 9999.0, 117.86, 127.75, 120.25, 91.25, 138.5
2024-11-07, 11:48:01, 136.5, 58.25, 22.84, 22.0, 9999.0, 9.73, 9.98, 21.75, 9999.0, 23.8, 9999.0, 117.86, 127.75, 120.25, 91.25, 138.5
2024-11-07, 11:48:05, 136.5, 58.25, 22.84, 22.0, 9999.0, 9.7, 10.0, 21.75, 9999.0, 23.82, 9999.0, 117.86, 127.77, 120.25, 91.25, 138.5
2024-11-07, 11:48:09, 136.5, 58.25, 22.82, 22.0, 9999.0, 9.68, 10.0, 21.75, 9999.0, 23.84, 9999.0, 117.86, 127.77, 120.25, 91.25, 138.5
2024-11-07, 11:48:13, 136.5, 58.25, 22.84, 22.0, 9999.0, 9.66, 10.0, 21.75, 9999.0, 23.86, 9999.0, 117.86, 127.77, 120.25, 91.25, 138.5
2024-11-07, 11:48:17, 136.5, 58.25, 22.86, 22.0, 9999.0, 9.64, 10.0, 21.75, 9999.0, 23.89, 9999.0, 117.86, 127.77, 120.25, 91.25, 138.5
2024-11-07, 11:48:21, 136.5, 58.25, 22.86, 22.0, 9999.0, 9.61, 10.0, 21.75, 9999.0, 23.91, 9999.0, 117.86, 127.77, 120.25, 91.25, 138.5
2024-11-07, 11:48:25, 136.5, 58.25, 22.86, 22.0, 9999.0, 9.59, 10.0, 21.75, 9999.0, 23.93, 9999.0, 117.84, 127.77, 120.25, 91.25, 138.5
2024-11-07, 11:48:29, 136.5, 58.25, 22.86, 22.02, 9999.0, 9.57, 10.0, 21.75, 9999.0, 23.93, 9999.0, 117.82, 127.77, 120.25, 91.25, 138.5
2024-11-07, 11:48:33, 136.5, 58.25, 22.84, 22.02, 9999.0, 9.57, 10.0, 21.75, 9999.0, 23.93, 9999.0, 117.8, 127.77, 120.25, 91.25, 138.5
2024-11-07, 11:48:37, 136.5, 58.25, 22.86, 22.02, 9999.0, 9.57, 10.0, 21.75, 9999.0, 23.91, 9999.0, 117.77, 127.77, 120.25, 91.25, 138.5
2024-11-07, 11:48:41, 136.5, 58.25, 22.86, 22.02, 9999.0, 9.59, 10.0, 21.73, 9999.0, 23.91, 9999.0, 117.75, 127.77, 120.25, 91.25, 138.5
2024-11-07, 11:48:45, 136.5, 58.25, 22.89, 22.02, 9999.0, 9.61, 10.0, 21.73, 9999.0, 23.89, 9999.0, 117.73, 127.77, 120.25, 91.25, 138.5
2024-11-07, 11:48:49, 136.5, 58.25, 22.89, 22.02, 9999.0, 9.64, 10.0, 21.73, 9999.0, 23.86, 9999.0, 117.75, 127.75, 120.25, 91.25, 138.5
2024-11-07, 11:48:53, 136.5, 58.25, 22.91, 22.02, 9999.0, 9.66, 10.0, 21.73, 9999.0, 23.84, 9999.0, 117.75, 127.75, 120.25, 91.25, 138.5
2024-11-07, 11:48:57, 136.5, 58.25, 22.91, 22.02, 9999.0, 9.68, 10.0, 21.73, 9999.0, 23.82, 9999.0, 117.77, 127.75, 120.25, 91.25, 138.5
2024-11-07, 11:49:01, 136.5, 58.25, 22.91, 22.02, 9999.0, 9.7, 10.0, 21.73, 9999.0, 23.8, 9999.0, 117.8, 127.75, 120.25, 91.25, 138.5
2024-11-07, 11:49:05, 136.5, 58.25, 22.93, 22.02, 9999.0, 9.73, 10.0, 21.73, 9999.0, 23.77, 9999.0, 117.82, 127.75, 120.25, 91.25, 138.5
2024-11-07, 11:49:09, 136.5, 58.25, 22.93, 22.02, 9999.0, 9.75, 10.0, 21.73, 9999.0, 23.77, 9999.0, 117.84, 127.75, 120.25, 91.25, 138.5
2024-11-07, 11:49:13, 136.5, 58.25, 22.95, 22.0, 9999.0, 9.75, 10.0, 21.73, 9999.0, 23.77, 9999.0, 117.86, 127.75, 120.25, 91.25, 138.5
2024-11-07, 11:49:17, 136.5, 58.25, 22.98, 22.0, 9999.0, 9.75, 10.0, 21.73, 9999.0, 23.77, 9999.0, 117.89, 127.75, 120.25, 91.25, 138.5
2024-11-07, 11:49:21, 136.5, 58.25, 22.98, 22.0, 9999.0, 9.73, 10.0, 21.73, 9999.0, 23.8, 9999.0, 117.91, 127.75, 120.25, 91.25, 138.5
2024-11-07, 11:49:25, 136.5, 58.25, 22.98, 22.0, 9999.0, 9.7, 10.0, 21.75, 9999.0, 23.8, 9999.0, 117.91, 127.75, 120.25, 91.25, 138.5
2024-11-07, 11:49:29, 136.5, 58.25, 22.95, 22.0, 9999.0, 9.68, 10.0, 21.75, 9999.0, 23.82, 9999.0, 117.95, 127.75, 120.25, 91.25, 138.5
2024-11-07, 11:49:33, 136.5, 58.25, 22.95, 22.0, 9999.0, 9.66, 10.0, 21.75, 9999.0, 23.82, 9999.0, 117.95, 127.75, 120.25, 91.25, 138.5
2024-11-07, 11:49:37, 136.5, 58.25, 22.95, 22.0, 9999.0, 9.64, 10.0, 21.75, 9999.0, 23.84, 9999.0, 117.95, 127.75, 120.25, 91.25, 138.5
2024-11-07, 11:49:41, 136.5, 58.25, 22.95, 22.0, 9999.0, 9.61, 10.0, 21.75, 9999.0, 23.84, 9999.0, 117.93, 127.75, 120.25, 91.25, 138.5
2024-11-07, 11:49:45, 136.5, 58.25, 22.95, 22.0, 9999.0, 9.59, 10.0, 21.75, 9999.0, 23.84, 9999.0, 117.91, 127.75, 120.25, 91.25, 138.5
2024-11-07, 11:49:49, 136.5, 58.25, 22.95, 22.0, 9999.0, 9.57, 10.0, 21.75, 9999.0, 23.84, 9999.0, 117.89, 127.75, 120.25, 91.25, 138.5
2024-11-07, 11:49:53, 136.52, 58.25, 22.95, 22.0, 9999.0, 9.57, 10.0, 21.75, 9999.0, 23.82, 9999.0, 117.86, 127.75, 120.25, 91.25, 138.5
2024-11-07, 11:49:57, 136.52, 58.25, 22.95, 22.0, 9999.0, 9.59, 10.0, 21.75, 9999.0, 23.82, 9999.0, 117.84, 127.75, 120.25, 91.25, 138.5
2024-11-07, 11:50:01, 136.52, 58.25, 22.95, 22.0, 9999.0, 9.59, 10.0, 21.75, 9999.0, 23.82, 9999.0, 117.82, 127.75, 120.25, 91.25, 138.5
2024-11-07, 11:50:05, 136.52, 58.25, 22.95, 22.0, 9999.0, 9.61, 10.0, 21.75, 9999.0, 23.8, 9999.0, 117.8, 127.75, 120.25, 91.25, 138.5
2024-11-07, 11:50:09, 136.52, 58.25, 22.95, 22.0, 9999.0, 9.64, 10.0, 21.75, 9999.0, 23.8, 9999.0, 117.8, 127.75, 120.25, 91.25, 138.5
2024-11-07, 11:50:17, 136.52, 58.25, 22.98, 22.0, 9999.0, 9.64, 10.0, 21.75, 9999.0, 23.77, 9999.0, 117.77, 127.75, 120.25, 91.25, 138.5
2024-11-07, 11:50:21, 136.52, 58.25, 23.0, 22.0, 9999.0, 9.66, 10.0, 21.75, 9999.0, 23.77, 9999.0, 117.77, 127.75, 120.25, 91.25, 138.5
2024-11-07, 11:50:25, 136.52, 58.25, 23.0, 22.0, 9999.0, 9.68, 10.0, 21.75, 9999.0, 23.73, 9999.0, 117.8, 127.75, 120.25, 91.25, 138.5
2024-11-07, 11:50:29, 136.52, 58.25, 23.0, 22.0, 9999.0, 9.7, 10.0, 21.75, 9999.0, 23.73, 9999.0, 117.82, 127.75, 120.25, 91.25, 138.5
2024-11-07, 11:50:33, 136.52, 58.25, 23.0, 22.0, 9999.0, 9.7, 10.0, 21.75, 9999.0, 23.73, 9999.0, 117.84, 127.75, 120.25, 91.25, 138.5
2024-11-07, 11:50:37, 136.52, 58.25, 23.0, 22.0, 9999.0, 9.73, 10.0, 21.75, 9999.0, 23.73, 9999.0, 117.86, 127.75, 120.25, 91.25, 138.5
2024-11-07, 11:50:41, 136.5, 58.25, 23.0, 22.0, 9999.0, 9.73, 10.0, 21.75, 9999.0, 23.75, 9999.0, 117.89, 127.77, 120.25, 91.25, 138.5
2024-11-07, 11:50:45, 136.5, 58.25, 23.0, 22.0, 9999.0, 9.73, 10.0, 21.75, 9999.0, 23.77, 9999.0, 117.91, 127.77, 120.25, 91.25, 138.5
2024-11-07, 11:50:49, 136.5, 58.25, 23.0, 22.0, 9999.0, 9.7, 10.0, 21.75, 9999.0, 23.8, 9999.0, 117.93, 127.77, 120.25, 91.25, 138.5
2024-11-07, 11:50:59, 136.5, 58.25, 23.0, 22.0, 9999.0, 9.68, 10.0, 21.75, 9999.0, 23.82, 9999.0, 117.93, 127.77, 120.25, 91.25, 138.5
2024-11-07, 11:51:03, 136.5, 58.25, 23.0, 22.0, 9999.0, 9.66, 10.0, 21.75, 9999.0, 23.84, 9999.0, 117.93, 127.77, 120.25, 91.25, 138.5
2024-11-07, 11:51:08, 136.5, 58.25, 23.0, 22.0, 9999.0, 9.64, 10.0, 21.75, 9999.0, 23.86, 9999.0, 117.93, 127.77, 120.25, 91.25, 138.5
2024-11-07, 11:51:12, 136.5, 58.25, 23.0, 22.0, 9999.0, 9.61, 10.0, 21.75, 9999.0, 23.89, 9999.0, 117.91, 127.77, 120.27, 91.25, 138.5
2024-11-07, 11:51:16, 136.5, 58.25, 23.0, 22.0, 9999.0, 9.59, 10.0, 21.75, 9999.0, 23.93, 9999.0, 117.89, 127.77, 120.27, 91.25, 138.5
2024-11-07, 11:51:20, 136.5, 58.25, 23.0, 22.0, 9999.0, 9.59, 10.0, 21.75, 9999.0, 23.95, 9999.0, 117.86, 127.77, 120.27, 91.25, 138.5
2024-11-07, 11:51:24, 136.5, 58.25, 23.0, 22.0, 9999.0, 9.61, 10.0, 21.75, 9999.0, 23.95, 9999.0, 117.84, 127.77, 120.27, 91.25, 138.5
2024-11-07, 11:51:28, 136.5, 58.25, 23.0, 22.0, 9999.0, 9.61, 10.0, 21.75, 9999.0, 23.95, 9999.0, 117.82, 127.77, 120.27, 91.23, 138.5
2024-11-07, 11:51:32, 136.5, 58.25, 23.0, 22.0, 9999.0, 9.64, 10.0, 21.75, 9999.0, 23.93, 9999.0, 117.8, 127.75, 120.27, 91.23, 138.5
2024-11-07, 11:51:36, 136.5, 58.25, 23.0, 22.0, 9999.0, 9.64, 10.0, 21.75, 9999.0, 23.91, 9999.0, 117.8, 127.75, 120.27, 91.23, 138.5
2024-11-07, 11:51:40, 136.5, 58.25, 23.0, 22.0, 9999.0, 9.66, 10.0, 21.75, 9999.0, 23.89, 9999.0, 117.8, 127.75, 120.27, 91.23, 138.5
2024-11-07, 11:51:44, 136.5, 58.25, 23.0, 22.0, 9999.0, 9.68, 10.0, 21.75, 9999.0, 23.86, 9999.0, 117.82, 127.75, 120.27, 91.23, 138.5
2024-11-07, 11:51:48, 136.5, 58.25, 23.0, 22.0, 9999.0, 9.7, 10.0, 21.75, 9999.0, 23.84, 9999.0, 117.84, 127.75, 120.27, 91.23, 138.5
2024-11-07, 11:51:52, 136.5, 58.25, 23.0, 22.0, 9999.0, 9.73, 10.0, 21.75, 9999.0, 23.82, 9999.0, 117.86, 127.75, 120.27, 91.23, 138.5
2024-11-07, 11:51:56, 136.5, 58.25, 23.0, 22.0, 9999.0, 9.75, 10.0, 21.75, 9999.0, 23.8, 9999.0, 117.89, 127.75, 120.25, 91.23, 138.5
2024-11-07, 11:52:00, 136.5, 58.25, 22.98, 22.0, 9999.0, 9.77, 10.0, 21.75, 9999.0, 23.8, 9999.0, 117.91, 127.75, 120.25, 91.23, 138.5
2024-11-07, 11:52:04, 136.5, 58.25, 22.98, 22.0, 9999.0, 9.77, 10.0, 21.75, 9999.0, 23.8, 9999.0, 117.93, 127.75, 120.25, 91.23, 138.5
2024-11-07, 11:52:08, 136.5, 58.25, 22.98, 22.02, 9999.0, 9.75, 10.0, 21.75, 9999.0, 23.82, 9999.0, 117.95, 127.75, 120.25, 91.23, 138.5
2024-11-07, 11:52:12, 136.5, 58.25, 22.98, 22.05, 9999.0, 9.75, 10.0, 21.75, 9999.0, 23.84, 9999.0, 117.98, 127.77, 120.25, 91.25, 138.5
2024-11-07, 11:52:16, 136.5, 58.25, 22.98, 22.05, 9999.0, 9.7, 10.0, 21.75, 9999.0, 23.86, 9999.0, 118.0, 127.8, 120.25, 91.25, 138.5
2024-11-07, 11:52:20, 136.5, 58.25, 22.98, 22.05, 9999.0, 9.68, 10.0, 21.75, 9999.0, 23.89, 9999.0, 117.98, 127.8, 120.25, 91.25, 138.5
2024-11-07, 11:52:24, 136.5, 58.25, 22.98, 22.05, 9999.0, 9.66, 10.0, 21.75, 9999.0, 23.91, 9999.0, 117.95, 127.82, 120.25, 91.25, 138.5
2024-11-07, 11:52:28, 136.5, 58.25, 22.98, 22.05, 9999.0, 9.64, 10.0, 21.75, 9999.0, 23.93, 9999.0, 117.93, 127.82, 120.25, 91.25, 138.5
2024-11-07, 11:52:32, 136.5, 58.25, 22.98, 22.05, 9999.0, 9.61, 10.0, 21.75, 9999.0, 23.95, 9999.0, 117.91, 127.82, 120.25, 91.25, 138.5
2024-11-07, 11:52:36, 136.5, 58.25, 22.98, 22.07, 9999.0, 9.59, 10.0, 21.75, 9999.0, 23.98, 9999.0, 117.89, 127.82, 120.25, 91.25, 138.5
2024-11-07, 11:52:40, 136.5, 58.25, 22.98, 22.07, 9999.0, 9.59, 10.0, 21.75, 9999.0, 23.98, 9999.0, 117.86, 127.82, 120.25, 91.25, 138.5
2024-11-07, 11:52:44, 136.5, 58.25, 23.0, 22.07, 9999.0, 9.59, 10.0, 21.75, 9999.0, 23.95, 9999.0, 117.84, 127.82, 120.25, 91.25, 138.5
2024-11-07, 11:52:48, 136.5, 58.25, 23.0, 22.07, 9999.0, 9.59, 10.0, 21.75, 9999.0, 23.93, 9999.0, 117.82, 127.82, 120.25, 91.25, 138.5
2024-11-07, 11:52:52, 136.5, 58.25, 23.0, 22.05, 9999.0, 9.64, 10.0, 21.75, 9999.0, 23.91, 9999.0, 117.8, 127.82, 120.25, 91.25, 138.5
2024-11-07, 11:52:56, 136.5, 58.25, 23.0, 22.02, 9999.0, 9.64, 10.0, 21.75, 9999.0, 23.91, 9999.0, 117.8, 127.8, 120.25, 91.25, 138.5
2024-11-07, 11:53:00, 136.5, 58.25, 23.0, 22.02, 9999.0, 9.66, 10.0, 21.75, 9999.0, 23.89, 9999.0, 117.8, 127.77, 120.25, 91.25, 138.5
2024-11-07, 11:53:04, 136.5, 58.25, 23.0, 22.02, 9999.0, 9.68, 10.0, 21.75, 9999.0, 23.86, 9999.0, 117.82, 127.77, 120.25, 91.25, 138.5
2024-11-07, 11:53:08, 136.5, 58.25, 23.0, 22.05, 9999.0, 9.7, 10.0, 21.75, 9999.0, 23.84, 9999.0, 117.84, 127.75, 120.25, 91.25, 138.5
2024-11-07, 11:53:12, 136.5, 58.25, 23.0, 22.07, 9999.0, 9.73, 10.0, 21.75, 9999.0, 23.82, 9999.0, 117.86, 127.75, 120.25, 91.25, 138.5
2024-11-07, 11:53:16, 136.5, 58.25, 22.98, 22.09, 9999.0, 9.75, 10.0, 21.75, 9999.0, 23.8, 9999.0, 117.89, 127.75, 120.25, 91.25, 138.52
2024-11-07, 11:53:20, 136.5, 58.25, 22.95, 22.07, 9999.0, 9.77, 10.0, 21.75, 9999.0, 23.8, 9999.0, 117.91, 127.75, 120.25, 91.25, 138.52
2024-11-07, 11:53:24, 136.5, 58.25, 22.95, 22.07, 9999.0, 9.77, 10.0, 21.75, 9999.0, 23.82, 9999.0, 117.93, 127.75, 120.25, 91.25, 138.52
2024-11-07, 11:53:28, 136.5, 58.25, 22.95, 22.07, 9999.0, 9.77, 10.0, 21.75, 9999.0, 23.84, 9999.0, 117.95, 127.75, 120.25, 91.25, 138.52
2024-11-07, 11:53:32, 136.5, 58.25, 22.95, 22.07, 9999.0, 9.75, 10.0, 21.75, 9999.0, 23.86, 9999.0, 117.98, 127.75, 120.25, 91.25, 138.52
2024-11-07, 11:53:36, 136.5, 58.25, 22.95, 22.07, 9999.0, 9.7, 10.0, 21.75, 9999.0, 23.89, 9999.0, 117.98, 127.75, 120.25, 91.25, 138.52
2024-11-07, 11:53:40, 136.5, 58.25, 22.93, 22.07, 9999.0, 9.68, 10.0, 21.75, 9999.0, 23.89, 9999.0, 117.95, 127.75, 120.25, 91.25, 138.52
2024-11-07, 11:53:44, 136.5, 58.25, 22.93, 22.07, 9999.0, 9.66, 10.0, 21.75, 9999.0, 23.91, 9999.0, 117.93, 127.75, 120.25, 91.25, 138.52
2024-11-07, 11:53:48, 136.52, 58.25, 22.91, 22.07, 9999.0, 9.64, 10.0, 21.73, 9999.0, 23.91, 9999.0, 117.91, 127.75, 120.27, 91.25, 138.52
2024-11-07, 11:53:52, 136.52, 58.25, 22.89, 22.05, 9999.0, 9.61, 10.0, 21.73, 9999.0, 23.91, 9999.0, 117.89, 127.75, 120.27, 91.25, 138.52
2024-11-07, 11:53:56, 136.52, 58.25, 22.89, 22.02, 9999.0, 9.59, 10.0, 21.7, 9999.0, 23.91, 9999.0, 117.86, 127.75, 120.3, 91.25, 138.52
2024-11-07, 11:54:00, 136.52, 58.25, 22.91, 22.0, 9999.0, 9.59, 10.0, 21.7, 9999.0, 23.91, 9999.0, 117.84, 127.75, 120.3, 91.25, 138.5
2024-11-07, 11:54:04, 136.52, 58.25, 22.93, 22.0, 9999.0, 9.59, 10.0, 21.7, 9999.0, 23.89, 9999.0, 117.82, 127.75, 120.3, 91.25, 138.5
2024-11-07, 11:54:08, 136.55, 58.25, 22.93, 22.02, 9999.0, 9.59, 10.0, 21.7, 9999.0, 23.86, 9999.0, 117.8, 127.75, 120.3, 91.25, 138.5
2024-11-07, 11:54:12, 136.57, 58.25, 22.93, 22.05, 9999.0, 9.61, 10.0, 21.68, 9999.0, 23.82, 9999.0, 117.77, 127.75, 120.3, 91.25, 138.5
2024-11-07, 11:54:16, 136.57, 58.25, 22.93, 22.05, 9999.0, 9.64, 10.0, 21.68, 9999.0, 23.77, 9999.0, 117.77, 127.75, 120.3, 91.25, 138.52
2024-11-07, 11:54:20, 136.57, 58.25, 22.93, 22.05, 9999.0, 9.66, 10.0, 21.68, 9999.0, 23.73, 9999.0, 117.8, 127.75, 120.3, 91.25, 138.52
2024-11-07, 11:54:24, 136.57, 58.25, 22.95, 22.05, 9999.0, 9.68, 10.0, 21.66, 9999.0, 23.7, 9999.0, 117.82, 127.75, 120.3, 91.25, 138.52
2024-11-07, 11:54:28, 136.57, 58.25, 22.95, 22.05, 9999.0, 9.7, 10.0, 21.66, 9999.0, 23.68, 9999.0, 117.84, 127.75, 120.3, 91.25, 138.52
2024-11-07, 11:54:32, 136.55, 58.27, 22.95, 22.05, 9999.0, 9.73, 10.0, 21.68, 9999.0, 23.68, 9999.0, 117.86, 127.75, 120.27, 91.25, 138.52
2024-11-07, 11:54:36, 136.55, 58.27, 22.98, 22.05, 9999.0, 9.75, 10.0, 21.66, 9999.0, 23.7, 9999.0, 117.89, 127.75, 120.27, 91.25, 138.52
2024-11-07, 11:54:40, 136.55, 58.27, 22.98, 22.05, 9999.0, 9.77, 10.0, 21.66, 9999.0, 23.7, 9999.0, 117.91, 127.75, 120.25, 91.25, 138.55
2024-11-07, 11:54:44, 136.55, 58.27, 22.98, 22.05, 9999.0, 9.77, 10.0, 21.66, 9999.0, 23.73, 9999.0, 117.93, 127.75, 120.25, 91.25, 138.55
2024-11-07, 11:54:48, 136.55, 58.27, 22.95, 22.05, 9999.0, 9.77, 10.0, 21.66, 9999.0, 23.75, 9999.0, 117.95, 127.77, 120.25, 91.25, 138.55
2024-11-07, 11:54:52, 136.52, 58.27, 22.95, 22.05, 9999.0, 9.75, 10.0, 21.66, 9999.0, 23.77, 9999.0, 117.98, 127.77, 120.25, 91.25, 138.55
2024-11-07, 11:54:57, 136.5, 58.27, 22.95, 22.02, 9999.0, 9.73, 10.0, 21.68, 9999.0, 23.82, 9999.0, 118.0, 127.8, 120.25, 91.25, 138.55
2024-11-07, 11:55:01, 136.5, 58.27, 22.95, 22.05, 9999.0, 9.7, 10.0, 21.68, 9999.0, 23.86, 9999.0, 117.98, 127.82, 120.25, 91.25, 138.52
2024-11-07, 11:55:05, 136.5, 58.27, 22.95, 22.07, 9999.0, 9.68, 10.0, 21.68, 9999.0, 23.91, 9999.0, 117.95, 127.82, 120.25, 91.25, 138.55
2024-11-07, 11:55:09, 136.5, 58.27, 22.95, 22.07, 9999.0, 9.66, 10.0, 21.7, 9999.0, 23.93, 9999.0, 117.95, 127.82, 120.25, 91.25, 138.55
2024-11-07, 11:55:13, 136.5, 58.27, 22.95, 22.07, 9999.0, 9.64, 10.0, 21.7, 9999.0, 23.95, 9999.0, 117.93, 127.84, 120.25, 91.25, 138.55
2024-11-07, 11:55:17, 136.5, 58.27, 22.98, 22.07, 9999.0, 9.64, 10.0, 21.7, 9999.0, 23.95, 9999.0, 117.91, 127.84, 120.25, 91.25, 138.55
2024-11-07, 11:55:21, 136.5, 58.27, 22.95, 22.07, 9999.0, 9.64, 10.0, 21.73, 9999.0, 23.95, 9999.0, 117.89, 127.84, 120.25, 91.25, 138.55
2024-11-07, 11:55:25, 136.5, 58.27, 22.95, 22.07, 9999.0, 9.64, 10.0, 21.75, 9999.0, 23.98, 9999.0, 117.86, 127.84, 120.25, 91.25, 138.52
2024-11-07, 11:55:29, 136.5, 58.27, 22.95, 22.07, 9999.0, 9.66, 10.0, 21.75, 9999.0, 23.95, 9999.0, 117.84, 127.84, 120.25, 91.25, 138.52
2024-11-07, 11:55:33, 136.5, 58.27, 22.98, 22.07, 9999.0, 9.68, 10.0, 21.75, 9999.0, 23.93, 9999.0, 117.82, 127.82, 120.25, 91.25, 138.52
2024-11-07, 11:55:37, 136.5, 58.27, 22.98, 22.05, 9999.0, 9.7, 10.0, 21.75, 9999.0, 23.91, 9999.0, 117.82, 127.82, 120.25, 91.25, 138.52
2024-11-07, 11:55:41, 136.5, 58.27, 22.98, 22.05, 9999.0, 9.7, 10.0, 21.75, 9999.0, 23.89, 9999.0, 117.82, 127.8, 120.25, 91.25, 138.55
2024-11-07, 11:55:45, 136.5, 58.27, 22.98, 22.02, 9999.0, 9.73, 10.0, 21.75, 9999.0, 23.86, 9999.0, 117.84, 127.77, 120.25, 91.25, 138.55
2024-11-07, 11:55:49, 136.5, 58.27, 22.98, 22.0, 9999.0, 9.75, 10.0, 21.75, 9999.0, 23.84, 9999.0, 117.86, 127.77, 120.27, 91.25, 138.52
2024-11-07, 11:55:53, 136.5, 58.27, 22.98, 22.0, 9999.0, 9.77, 10.0, 21.75, 9999.0, 23.82, 9999.0, 117.86, 127.77, 120.27, 91.25, 138.52
2024-11-07, 11:55:57, 136.5, 58.27, 22.98, 22.0, 9999.0, 9.8, 10.0, 21.73, 9999.0, 23.82, 9999.0, 117.89, 127.75, 120.27, 91.25, 138.52
2024-11-07, 11:56:01, 136.5, 58.25, 22.98, 22.0, 9999.0, 9.8, 10.0, 21.73, 9999.0, 23.84, 9999.0, 117.91, 127.75, 120.27, 91.25, 138.52
2024-11-07, 11:56:05, 136.5, 58.25, 23.0, 22.0, 9999.0, 9.77, 10.0, 21.73, 9999.0, 23.84, 9999.0, 117.93, 127.75, 120.27, 91.25, 138.52
2024-11-07, 11:56:09, 136.5, 58.25, 23.0, 22.0, 9999.0, 9.75, 10.0, 21.73, 9999.0, 23.84, 9999.0, 117.95, 127.75, 120.27, 91.25, 138.52
2024-11-07, 11:56:13, 136.5, 58.25, 23.0, 22.0, 9999.0, 9.7, 10.0, 21.73, 9999.0, 23.86, 9999.0, 117.98, 127.75, 120.27, 91.25, 138.52
2024-11-07, 11:56:17, 136.5, 58.25, 23.0, 22.0, 9999.0, 9.66, 10.0, 21.73, 9999.0, 23.89, 9999.0, 117.98, 127.77, 120.27, 91.25, 138.52
2024-11-07, 11:56:21, 136.5, 58.25, 23.0, 22.0, 9999.0, 9.64, 10.0, 21.73, 9999.0, 23.91, 9999.0, 117.95, 127.77, 120.27, 91.25, 138.52
2024-11-07, 11:56:25, 136.5, 58.27, 23.0, 22.0, 9999.0, 9.61, 10.0, 21.73, 9999.0, 23.91, 9999.0, 117.93, 127.77, 120.27, 91.25, 138.5
2024-11-07, 11:56:29, 136.5, 58.27, 22.98, 22.0, 9999.0, 9.59, 10.0, 21.73, 9999.0, 23.91, 9999.0, 117.91, 127.77, 120.27, 91.25, 138.52
2024-11-07, 11:56:33, 136.5, 58.27, 22.98, 22.0, 9999.0, 9.57, 10.0, 21.7, 9999.0, 23.91, 9999.0, 117.89, 127.77, 120.25, 91.25, 138.52
2024-11-07, 11:56:37, 136.5, 58.27, 22.98, 22.0, 9999.0, 9.57, 10.0, 21.68, 9999.0, 23.91, 9999.0, 117.86, 127.77, 120.25, 91.25, 138.52
2024-11-07, 11:56:41, 136.5, 58.27, 22.98, 22.0, 9999.0, 9.57, 10.0, 21.7, 9999.0, 23.89, 9999.0, 117.84, 127.8, 120.25, 91.25, 138.52
2024-11-07, 11:56:45, 136.5, 58.27, 22.95, 22.0, 9999.0, 9.57, 10.0, 21.7, 9999.0, 23.86, 9999.0, 117.82, 127.8, 120.25, 91.25, 138.52
2024-11-07, 11:56:49, 136.5, 58.3, 22.95, 22.02, 9999.0, 9.61, 10.0, 21.7, 9999.0, 23.84, 9999.0, 117.8, 127.8, 120.25, 91.25, 138.52
2024-11-07, 11:56:53, 136.5, 58.3, 22.95, 22.02, 9999.0, 9.64, 10.0, 21.7, 9999.0, 23.82, 9999.0, 117.8, 127.8, 120.25, 91.25, 138.52
2024-11-07, 11:56:57, 136.5, 58.3, 22.95, 22.02, 9999.0, 9.66, 10.0, 21.7, 9999.0, 23.8, 9999.0, 117.8, 127.8, 120.25, 91.25, 138.52
2024-11-07, 11:57:01, 136.5, 58.3, 22.93, 22.02, 9999.0, 9.68, 10.0, 21.68, 9999.0, 23.77, 9999.0, 117.82, 127.77, 120.25, 91.25, 138.52
2024-11-07, 11:57:05, 136.5, 58.32, 22.93, 22.02, 9999.0, 9.7, 10.0, 21.68, 9999.0, 23.75, 9999.0, 117.86, 127.77, 120.25, 91.25, 138.55
2024-11-07, 11:57:09, 136.5, 58.3, 22.93, 22.02, 9999.0, 9.73, 10.0, 21.68, 9999.0, 23.73, 9999.0, 117.89, 127.77, 120.25, 91.25, 138.55
2024-11-07, 11:57:13, 136.5, 58.3, 22.95, 22.02, 9999.0, 9.75, 10.0, 21.68, 9999.0, 23.73, 9999.0, 117.91, 127.77, 120.25, 91.25, 138.52
2024-11-07, 11:57:17, 136.5, 58.3, 22.95, 22.02, 9999.0, 9.77, 10.0, 21.7, 9999.0, 23.73, 9999.0, 117.93, 127.77, 120.25, 91.25, 138.52
2024-11-07, 11:57:21, 136.5, 58.3, 22.95, 22.02, 9999.0, 9.75, 10.0, 21.7, 9999.0, 23.75, 9999.0, 117.95, 127.8, 120.25, 91.25, 138.55
2024-11-07, 11:57:25, 136.5, 58.3, 22.95, 22.02, 9999.0, 9.73, 10.0, 21.68, 9999.0, 23.77, 9999.0, 117.98, 127.77, 120.27, 91.25, 138.55
2024-11-07, 11:57:29, 136.5, 58.3, 22.95, 22.02, 9999.0, 9.7, 10.0, 21.68, 9999.0, 23.8, 9999.0, 118.0, 127.8, 120.27, 91.25, 138.55
2024-11-07, 11:57:33, 136.5, 58.3, 22.95, 22.0, 9999.0, 9.66, 10.0, 21.66, 9999.0, 23.8, 9999.0, 118.02, 127.8, 120.27, 91.25, 138.55
2024-11-07, 11:57:37, 136.5, 58.3, 22.95, 22.0, 9999.0, 9.64, 10.0, 21.66, 9999.0, 23.82, 9999.0, 118.02, 127.8, 120.27, 91.25, 138.55
2024-11-07, 11:57:41, 136.5, 58.3, 22.93, 22.0, 9999.0, 9.61, 10.0, 21.66, 9999.0, 23.84, 9999.0, 118.02, 127.8, 120.27, 91.25, 138.55
2024-11-07, 11:57:45, 136.5, 58.3, 22.95, 22.0, 9999.0, 9.59, 10.0, 21.68, 9999.0, 23.84, 9999.0, 118.0, 127.8, 120.27, 91.25, 138.55
2024-11-07, 11:57:49, 136.5, 58.3, 22.93, 22.0, 9999.0, 9.57, 10.0, 21.68, 9999.0, 23.84, 9999.0, 117.95, 127.82, 120.27, 91.25, 138.52
2024-11-07, 11:57:53, 136.5, 58.3, 22.93, 22.0, 9999.0, 9.55, 10.0, 21.68, 9999.0, 23.86, 9999.0, 117.93, 127.82, 120.27, 91.25, 138.55
2024-11-07, 11:57:57, 136.5, 58.3, 22.93, 22.0, 9999.0, 9.52, 10.0, 21.66, 9999.0, 23.86, 9999.0, 117.91, 127.82, 120.27, 91.25, 138.55
2024-11-07, 11:58:01, 136.5, 58.3, 22.93, 22.0, 9999.0, 9.52, 10.0, 21.66, 9999.0, 23.86, 9999.0, 117.89, 127.82, 120.27, 91.25, 138.55
2024-11-07, 11:58:05, 136.5, 58.3, 22.93, 22.0, 9999.0, 9.55, 10.0, 21.68, 9999.0, 23.84, 9999.0, 117.86, 127.8, 120.27, 91.25, 138.52
2024-11-07, 11:58:09, 136.5, 58.3, 22.93, 22.0, 9999.0, 9.57, 10.0, 21.7, 9999.0, 23.82, 9999.0, 117.84, 127.8, 120.25, 91.25, 138.55
2024-11-07, 11:58:13, 136.5, 58.3, 22.95, 22.0, 9999.0, 9.59, 10.0, 21.7, 9999.0, 23.8, 9999.0, 117.84, 127.77, 120.25, 91.25, 138.55
2024-11-07, 11:58:17, 136.5, 58.27, 22.95, 22.0, 9999.0, 9.61, 10.0, 21.73, 9999.0, 23.8, 9999.0, 117.84, 127.77, 120.25, 91.25, 138.55
2024-11-07, 11:58:21, 136.5, 58.27, 22.95, 22.0, 9999.0, 9.64, 10.0, 21.73, 9999.0, 23.77, 9999.0, 117.86, 127.77, 120.25, 91.25, 138.55
2024-11-07, 11:58:25, 136.5, 58.3, 22.98, 22.0, 9999.0, 9.66, 10.0, 21.73, 9999.0, 23.75, 9999.0, 117.89, 127.77, 120.27, 91.25, 138.55
2024-11-07, 11:58:29, 136.5, 58.3, 22.98, 22.0, 9999.0, 9.68, 10.0, 21.7, 9999.0, 23.75, 9999.0, 117.91, 127.77, 120.27, 91.25, 138.57
2024-11-07, 11:58:33, 136.5, 58.27, 23.0, 22.02, 9999.0, 9.7, 10.0, 21.68, 9999.0, 23.77, 9999.0, 117.93, 127.75, 120.27, 91.25, 138.57
2024-11-07, 11:58:37, 136.5, 58.27, 22.98, 22.02, 9999.0, 9.7, 10.0, 21.68, 9999.0, 23.77, 9999.0, 117.95, 127.75, 120.27, 91.25, 138.55
2024-11-07, 11:58:41, 136.52, 58.27, 22.98, 22.02, 9999.0, 9.73, 10.0, 21.68, 9999.0, 23.8, 9999.0, 117.98, 127.77, 120.27, 91.25, 138.57
2024-11-07, 11:58:46, 136.55, 58.27, 22.98, 22.02, 9999.0, 9.7, 10.0, 21.68, 9999.0, 23.82, 9999.0, 118.0, 127.8, 120.27, 91.25, 138.59
2024-11-07, 11:58:50, 136.55, 58.3, 22.98, 22.02, 9999.0, 9.68, 10.0, 21.68, 9999.0, 23.84, 9999.0, 118.02, 127.8, 120.27, 91.25, 138.59
2024-11-07, 11:58:54, 136.55, 58.3, 22.98, 22.05, 9999.0, 9.66, 10.0, 21.68, 9999.0, 23.86, 9999.0, 118.05, 127.82, 120.27, 91.25, 138.59
2024-11-07, 11:58:58, 136.55, 58.32, 22.98, 22.05, 9999.0, 9.64, 10.0, 21.68, 9999.0, 23.89, 9999.0, 118.05, 127.82, 120.27, 91.25, 138.59
2024-11-07, 11:59:02, 136.55, 58.32, 22.98, 22.05, 9999.0, 9.61, 10.0, 21.68, 9999.0, 23.89, 9999.0, 118.05, 127.84, 120.27, 91.25, 138.61
2024-11-07, 11:59:06, 136.55, 58.32, 22.98, 22.05, 9999.0, 9.59, 10.0, 21.68, 9999.0, 23.89, 9999.0, 118.02, 127.84, 120.27, 91.25, 138.61
2024-11-07, 11:59:10, 136.55, 58.3, 22.98, 22.05, 9999.0, 9.57, 10.0, 21.68, 9999.0, 23.91, 9999.0, 117.98, 127.84, 120.25, 91.25, 138.64
2024-11-07, 11:59:14, 136.55, 58.3, 22.98, 22.05, 9999.0, 9.57, 10.0, 21.7, 9999.0, 23.93, 9999.0, 117.95, 127.84, 120.25, 91.25, 138.61
2024-11-07, 11:59:18, 136.55, 58.3, 22.98, 22.02, 9999.0, 9.57, 10.0, 21.73, 9999.0, 23.93, 9999.0, 117.93, 127.84, 120.25, 91.25, 138.64
2024-11-07, 11:59:22, 136.55, 58.3, 23.0, 22.05, 9999.0, 9.59, 10.0, 21.73, 9999.0, 23.95, 9999.0, 117.91, 127.84, 120.25, 91.25, 138.64
2024-11-07, 11:59:26, 136.52, 58.3, 23.0, 22.05, 9999.0, 9.61, 10.0, 21.75, 9999.0, 23.95, 9999.0, 117.89, 127.82, 120.25, 91.25, 138.61
2024-11-07, 11:59:30, 136.5, 58.3, 23.0, 22.05, 9999.0, 9.64, 10.0, 21.75, 9999.0, 23.93, 9999.0, 117.89, 127.8, 120.25, 91.25, 138.59
2024-11-07, 11:59:34, 136.5, 58.27, 23.0, 22.07, 9999.0, 9.66, 10.0, 21.75, 9999.0, 23.91, 9999.0, 117.89, 127.8, 120.25, 91.25, 138.59
2024-11-07, 11:59:38, 136.5, 58.27, 23.0, 22.05, 9999.0, 9.68, 10.0, 21.75, 9999.0, 23.89, 9999.0, 117.89, 127.77, 120.25, 91.25, 138.57
2024-11-07, 11:59:42, 136.5, 58.25, 23.0, 22.05, 9999.0, 9.7, 10.0, 21.75, 9999.0, 23.86, 9999.0, 117.91, 127.77, 120.25, 91.25, 138.57
2024-11-07, 11:59:46, 136.5, 58.25, 23.0, 22.05, 9999.0, 9.73, 10.0, 21.75, 9999.0, 23.86, 9999.0, 117.91, 127.75, 120.25, 91.25, 138.55
2024-11-07, 11:59:50, 136.5, 58.25, 23.0, 22.05, 9999.0, 9.75, 10.0, 21.75, 9999.0, 23.86, 9999.0, 117.91, 127.75, 120.27, 91.25, 138.55
2024-11-07, 11:59:54, 136.5, 58.25, 23.0, 22.05, 9999.0, 9.77, 10.0, 21.75, 9999.0, 23.84, 9999.0, 117.95, 127.75, 120.27, 91.25, 138.52
2024-11-07, 11:59:58, 136.52, 58.25, 23.0, 22.05, 9999.0, 9.77, 10.0, 21.75, 9999.0, 23.82, 9999.0, 117.98, 127.77, 120.27, 91.25, 138.52
2024-11-07, 12:00:02, 136.52, 58.25, 23.0, 22.05, 9999.0, 9.77, 10.0, 21.75, 9999.0, 23.82, 9999.0, 118.0, 127.8, 120.27, 91.25, 138.5
2024-11-07, 12:00:06, 136.52, 58.25, 23.0, 22.02, 9999.0, 9.75, 10.0, 21.75, 9999.0, 23.82, 9999.0, 118.02, 127.82, 120.27, 91.25, 138.5
2024-11-07, 12:00:10, 136.52, 58.27, 23.0, 22.05, 9999.0, 9.7, 10.0, 21.75, 9999.0, 23.82, 9999.0, 118.05, 127.82, 120.27, 91.25, 138.5
2024-11-07, 12:00:14, 136.52, 58.27, 23.0, 22.05, 9999.0, 9.68, 10.0, 21.73, 9999.0, 23.86, 9999.0, 118.05, 127.84, 120.27, 91.25, 138.5
2024-11-07, 12:00:18, 136.52, 58.27, 23.0, 22.05, 9999.0, 9.66, 10.0, 21.73, 9999.0, 23.89, 9999.0, 118.05, 127.84, 120.27, 91.25, 138.5
2024-11-07, 12:00:22, 136.52, 58.27, 23.0, 22.05, 9999.0, 9.64, 10.0, 21.73, 9999.0, 23.91, 9999.0, 118.05, 127.84, 120.27, 91.25, 138.5
2024-11-07, 12:00:26, 136.52, 58.27, 23.0, 22.05, 9999.0, 9.61, 10.0, 21.73, 9999.0, 23.93, 9999.0, 118.02, 127.84, 120.27, 91.25, 138.52
2024-11-07, 12:00:30, 136.52, 58.27, 23.0, 22.05, 9999.0, 9.59, 10.0, 21.73, 9999.0, 23.93, 9999.0, 118.0, 127.86, 120.27, 91.25, 138.52
2024-11-07, 12:00:34, 136.52, 58.27, 23.0, 22.05, 9999.0, 9.59, 10.0, 21.73, 9999.0, 23.93, 9999.0, 117.98, 127.86, 120.25, 91.25, 138.52
2024-11-07, 12:00:38, 136.52, 58.27, 23.0, 22.05, 9999.0, 9.59, 10.0, 21.73, 9999.0, 23.93, 9999.0, 117.93, 127.86, 120.25, 91.25, 138.52
2024-11-07, 12:00:42, 136.5, 58.27, 23.0, 22.05, 9999.0, 9.59, 10.0, 21.73, 9999.0, 23.93, 9999.0, 117.91, 127.84, 120.25, 91.25, 138.55
2024-11-07, 12:00:46, 136.5, 58.27, 23.0, 22.07, 9999.0, 9.59, 10.0, 21.73, 9999.0, 23.93, 9999.0, 117.89, 127.82, 120.25, 91.25, 138.57
2024-11-07, 12:00:51, 136.5, 58.27, 23.0, 22.07, 9999.0, 9.61, 10.0, 21.73, 9999.0, 23.91, 9999.0, 117.89, 127.8, 120.25, 91.25, 138.57
2024-11-07, 12:00:55, 136.5, 58.25, 23.0, 22.05, 9999.0, 9.64, 10.0, 21.73, 9999.0, 23.89, 9999.0, 117.89, 127.8, 120.25, 91.25, 138.59
2024-11-07, 12:00:59, 136.5, 58.25, 23.0, 22.05, 9999.0, 9.66, 10.0, 21.75, 9999.0, 23.84, 9999.0, 117.89, 127.77, 120.25, 91.25, 138.61
2024-11-07, 12:01:03, 136.5, 58.25, 23.0, 22.02, 9999.0, 9.68, 10.0, 21.75, 9999.0, 23.82, 9999.0, 117.91, 127.77, 120.25, 91.25, 138.61
2024-11-07, 12:01:07, 136.52, 58.25, 23.0, 22.02, 9999.0, 9.7, 10.0, 21.75, 9999.0, 23.8, 9999.0, 117.93, 127.77, 120.25, 91.25, 138.64
2024-11-07, 12:01:11, 136.52, 58.25, 23.0, 22.02, 9999.0, 9.73, 10.0, 21.75, 9999.0, 23.8, 9999.0, 117.93, 127.77, 120.25, 91.25, 138.61
2024-11-07, 12:01:15, 136.52, 58.25, 23.0, 22.05, 9999.0, 9.75, 10.0, 21.75, 9999.0, 23.82, 9999.0, 117.95, 127.75, 120.27, 91.25, 138.61
2024-11-07, 12:01:19, 136.52, 58.25, 23.0, 22.07, 9999.0, 9.73, 10.0, 21.75, 9999.0, 23.84, 9999.0, 117.98, 127.77, 120.27, 91.25, 138.61
2024-11-07, 12:01:23, 136.52, 58.25, 23.0, 22.07, 9999.0, 9.7, 10.0, 21.73, 9999.0, 23.89, 9999.0, 118.0, 127.8, 120.27, 91.25, 138.61
2024-11-07, 12:01:27, 136.52, 58.25, 23.0, 22.09, 9999.0, 9.68, 10.0, 21.73, 9999.0, 23.91, 9999.0, 118.02, 127.82, 120.27, 91.25, 138.61
2024-11-07, 12:01:31, 136.52, 58.25, 23.0, 22.07, 9999.0, 9.66, 10.0, 21.7, 9999.0, 23.91, 9999.0, 118.05, 127.82, 120.27, 91.25, 138.59
2024-11-07, 12:01:35, 136.52, 58.25, 23.0, 22.07, 9999.0, 9.64, 10.0, 21.7, 9999.0, 23.93, 9999.0, 118.05, 127.84, 120.27, 91.25, 138.61
2024-11-07, 12:01:39, 136.52, 58.25, 23.0, 22.07, 9999.0, 9.61, 10.0, 21.7, 9999.0, 23.95, 9999.0, 118.05, 127.84, 120.27, 91.25, 138.59
2024-11-07, 12:01:43, 136.52, 58.25, 23.0, 22.07, 9999.0, 9.59, 10.0, 21.7, 9999.0, 23.98, 9999.0, 118.05, 127.84, 120.27, 91.25, 138.57
2024-11-07, 12:01:47, 136.52, 58.25, 23.0, 22.07, 9999.0, 9.57, 10.0, 21.7, 9999.0, 24.0, 9999.0, 118.0, 127.84, 120.27, 91.25, 138.57
2024-11-07, 12:01:51, 136.5, 58.25, 23.0, 22.07, 9999.0, 9.57, 10.0, 21.68, 9999.0, 24.02, 9999.0, 117.95, 127.84, 120.27, 91.25, 138.55
2024-11-07, 12:01:55, 136.5, 58.25, 23.0, 22.07, 9999.0, 9.57, 10.0, 21.68, 9999.0, 24.0, 9999.0, 117.95, 127.84, 120.27, 91.25, 138.55
2024-11-07, 12:01:59, 136.5, 58.25, 23.0, 22.05, 9999.0, 9.57, 10.0, 21.68, 9999.0, 23.98, 9999.0, 117.93, 127.84, 120.25, 91.25, 138.55
2024-11-07, 12:02:03, 136.5, 58.25, 23.0, 22.02, 9999.0, 9.59, 10.0, 21.68, 9999.0, 23.98, 9999.0, 117.91, 127.82, 120.25, 91.25, 138.55
2024-11-07, 12:02:07, 136.5, 58.25, 23.0, 22.05, 9999.0, 9.61, 10.0, 21.7, 9999.0, 23.93, 9999.0, 117.91, 127.8, 120.25, 91.25, 138.55
2024-11-07, 12:02:11, 136.5, 58.25, 23.0, 22.02, 9999.0, 9.64, 10.0, 21.68, 9999.0, 23.91, 9999.0, 117.91, 127.77, 120.25, 91.25, 138.52
2024-11-07, 12:02:15, 136.5, 58.25, 23.0, 22.05, 9999.0, 9.66, 10.0, 21.7, 9999.0, 23.89, 9999.0, 117.91, 127.77, 120.25, 91.25, 138.52
2024-11-07, 12:02:19, 136.5, 58.25, 23.0, 22.05, 9999.0, 9.68, 10.0, 21.68, 9999.0, 23.86, 9999.0, 117.93, 127.77, 120.27, 91.25, 138.5
2024-11-07, 12:02:23, 136.5, 58.25, 23.0, 22.05, 9999.0, 9.7, 10.0, 21.66, 9999.0, 23.84, 9999.0, 117.93, 127.77, 120.27, 91.25, 138.5
2024-11-07, 12:02:27, 136.5, 58.25, 23.0, 22.05, 9999.0, 9.73, 10.0, 21.64, 9999.0, 23.82, 9999.0, 117.95, 127.77, 120.27, 91.25, 138.5
2024-11-07, 12:02:31, 136.5, 58.25, 23.0, 22.05, 9999.0, 9.73, 10.0, 21.64, 9999.0, 23.82, 9999.0, 117.98, 127.77, 120.27, 91.25, 138.5
2024-11-07, 12:02:35, 136.5, 58.25, 23.0, 22.05, 9999.0, 9.73, 10.0, 21.66, 9999.0, 23.82, 9999.0, 118.0, 127.77, 120.27, 91.25, 138.5
2024-11-07, 12:02:39, 136.5, 58.25, 23.0, 22.05, 9999.0, 9.7, 10.0, 21.66, 9999.0, 23.86, 9999.0, 118.0, 127.77, 120.27, 91.25, 138.5
2024-11-07, 12:02:44, 136.5, 58.25, 23.0, 22.05, 9999.0, 9.7, 10.0, 21.66, 9999.0, 23.91, 9999.0, 118.02, 127.8, 120.27, 91.25, 138.5
2024-11-07, 12:02:48, 136.5, 58.25, 22.98, 22.07, 9999.0, 9.68, 10.0, 21.64, 9999.0, 23.93, 9999.0, 118.05, 127.8, 120.27, 91.25, 138.5
2024-11-07, 12:02:52, 136.5, 58.25, 22.98, 22.05, 9999.0, 9.66, 10.0, 21.61, 9999.0, 23.95, 9999.0, 118.05, 127.8, 120.27, 91.25, 138.5
2024-11-07, 12:02:56, 136.5, 58.25, 22.98, 22.05, 9999.0, 9.64, 10.0, 21.64, 9999.0, 23.98, 9999.0, 118.05, 127.8, 120.27, 91.25, 138.5
2024-11-07, 12:03:00, 136.5, 58.25, 22.98, 22.05, 9999.0, 9.61, 10.0, 21.64, 9999.0, 24.0, 9999.0, 118.05, 127.8, 120.27, 91.25, 138.5
2024-11-07, 12:03:04, 136.5, 58.25, 22.98, 22.07, 9999.0, 9.59, 10.0, 21.66, 9999.0, 24.02, 9999.0, 118.02, 127.77, 120.25, 91.25, 138.5
2024-11-07, 12:03:08, 136.5, 58.25, 22.98, 22.07, 9999.0, 9.57, 10.0, 21.66, 9999.0, 24.05, 9999.0, 118.0, 127.77, 120.25, 91.25, 138.5
2024-11-07, 12:03:12, 136.5, 58.25, 22.98, 22.09, 9999.0, 9.57, 10.0, 21.68, 9999.0, 24.07, 9999.0, 117.95, 127.77, 120.25, 91.25, 138.5
2024-11-07, 12:03:16, 136.5, 58.25, 22.98, 22.09, 9999.0, 9.59, 10.0, 21.68, 9999.0, 24.07, 9999.0, 117.93, 127.77, 120.25, 91.23, 138.52
2024-11-07, 12:03:20, 136.5, 58.25, 22.98, 22.11, 9999.0, 9.59, 10.0, 21.66, 9999.0, 24.07, 9999.0, 117.91, 127.77, 120.25, 91.23, 138.52
2024-11-07, 12:03:24, 136.5, 58.25, 22.98, 22.11, 9999.0, 9.64, 10.0, 21.66, 9999.0, 24.05, 9999.0, 117.89, 127.77, 120.25, 91.23, 138.52
2024-11-07, 12:03:28, 136.5, 58.25, 22.98, 22.11, 9999.0, 9.66, 10.0, 21.64, 9999.0, 24.02, 9999.0, 117.89, 127.75, 120.25, 91.23, 138.52
2024-11-07, 12:03:32, 136.5, 58.25, 23.0, 22.09, 9999.0, 9.68, 10.0, 21.66, 9999.0, 24.0, 9999.0, 117.89, 127.75, 120.25, 91.23, 138.52
2024-11-07, 12:03:36, 136.5, 58.25, 23.0, 22.09, 9999.0, 9.7, 10.0, 21.68, 9999.0, 24.0, 9999.0, 117.89, 127.75, 120.25, 91.23, 138.52
2024-11-07, 12:03:40, 136.5, 58.25, 23.0, 22.09, 9999.0, 9.73, 10.0, 21.66, 9999.0, 24.0, 9999.0, 117.91, 127.75, 120.27, 91.23, 138.52
2024-11-07, 12:03:44, 136.5, 58.25, 22.98, 22.09, 9999.0, 9.75, 10.0, 21.66, 9999.0, 24.0, 9999.0, 117.91, 127.75, 120.27, 91.23, 138.55
2024-11-07, 12:03:48, 136.5, 58.25, 22.98, 22.07, 9999.0, 9.77, 10.0, 21.66, 9999.0, 24.0, 9999.0, 117.91, 127.75, 120.27, 91.23, 138.55
2024-11-07, 12:03:52, 136.5, 58.25, 22.98, 22.07, 9999.0, 9.8, 10.0, 21.66, 9999.0, 24.0, 9999.0, 117.93, 127.75, 120.27, 91.23, 138.55
2024-11-07, 12:03:56, 136.5, 58.25, 22.98, 22.05, 9999.0, 9.8, 10.0, 21.66, 9999.0, 24.0, 9999.0, 117.95, 127.75, 120.27, 91.23, 138.55
2024-11-07, 12:04:00, 136.5, 58.25, 22.98, 22.05, 9999.0, 9.8, 10.0, 21.64, 9999.0, 24.02, 9999.0, 117.98, 127.77, 120.27, 91.25, 138.52
2024-11-07, 12:04:04, 136.5, 58.25, 22.98, 22.02, 9999.0, 9.77, 10.0, 21.64, 9999.0, 24.05, 9999.0, 118.0, 127.8, 120.27, 91.25, 138.52
2024-11-07, 12:04:08, 136.5, 58.25, 22.98, 22.02, 9999.0, 9.73, 10.0, 21.61, 9999.0, 24.07, 9999.0, 118.02, 127.8, 120.27, 91.25, 138.52
2024-11-07, 12:04:12, 136.5, 58.25, 22.98, 22.02, 9999.0, 9.68, 10.0, 21.64, 9999.0, 24.09, 9999.0, 118.02, 127.82, 120.27, 91.25, 138.55
2024-11-07, 12:04:16, 136.5, 58.25, 22.98, 22.02, 9999.0, 9.66, 10.0, 21.61, 9999.0, 24.09, 9999.0, 118.0, 127.82, 120.27, 91.25, 138.55
2024-11-07, 12:04:20, 136.5, 58.25, 22.98, 22.02, 9999.0, 9.64, 10.0, 21.61, 9999.0, 24.11, 9999.0, 117.98, 127.82, 120.27, 91.25, 138.55
2024-11-07, 12:04:24, 136.5, 58.25, 22.98, 22.02, 9999.0, 9.61, 10.0, 21.64, 9999.0, 24.14, 9999.0, 117.95, 127.82, 120.25, 91.25, 138.55
2024-11-07, 12:04:28, 136.5, 58.25, 23.0, 22.0, 9999.0, 9.59, 10.0, 21.61, 9999.0, 24.16, 9999.0, 117.93, 127.82, 120.25, 91.25, 138.52
2024-11-07, 12:04:32, 136.5, 58.25, 23.0, 22.0, 9999.0, 9.59, 10.0, 21.59, 9999.0, 24.18, 9999.0, 117.91, 127.82, 120.25, 91.25, 138.52
2024-11-07, 12:04:36, 136.5, 58.25, 22.98, 22.0, 9999.0, 9.59, 10.0, 21.61, 9999.0, 24.18, 9999.0, 117.89, 127.82, 120.25, 91.25, 138.52
2024-11-07, 12:04:40, 136.5, 58.25, 22.98, 22.02, 9999.0, 9.59, 10.0, 21.61, 9999.0, 24.2, 9999.0, 117.86, 127.82, 120.25, 91.25, 138.52
2024-11-07, 12:04:44, 136.52, 58.25, 22.95, 22.02, 9999.0, 9.61, 10.0, 21.61, 9999.0, 24.2, 9999.0, 117.84, 127.8, 120.25, 91.25, 138.52
2024-11-07, 12:04:48, 136.52, 58.25, 22.95, 22.02, 9999.0, 9.64, 10.0, 21.64, 9999.0, 24.2, 9999.0, 117.84, 127.77, 120.25, 91.25, 138.52
2024-11-07, 12:04:52, 136.52, 58.25, 22.95, 22.02, 9999.0, 9.66, 10.0, 21.64, 9999.0, 24.18, 9999.0, 117.84, 127.77, 120.25, 91.25, 138.52
2024-11-07, 12:04:56, 136.52, 58.25, 22.95, 22.02, 9999.0, 9.68, 10.0, 21.64, 9999.0, 24.18, 9999.0, 117.86, 127.75, 120.25, 91.25, 138.5
2024-11-07, 12:05:00, 136.52, 58.25, 22.95, 22.02, 9999.0, 9.7, 10.0, 21.66, 9999.0, 24.18, 9999.0, 117.89, 127.75, 120.25, 91.25, 138.5
2024-11-07, 12:05:04, 136.52, 58.25, 22.95, 22.02, 9999.0, 9.73, 10.0, 21.64, 9999.0, 24.16, 9999.0, 117.91, 127.75, 120.25, 91.25, 138.5
2024-11-07, 12:05:08, 136.52, 58.25, 22.95, 22.02, 9999.0, 9.75, 10.0, 21.61, 9999.0, 24.16, 9999.0, 117.91, 127.75, 120.25, 91.25, 138.5
2024-11-07, 12:05:12, 136.52, 58.25, 22.95, 22.02, 9999.0, 9.75, 10.0, 21.61, 9999.0, 24.16, 9999.0, 117.93, 127.75, 120.25, 91.25, 138.5
2024-11-07, 12:05:16, 136.52, 58.25, 22.95, 22.02, 9999.0, 9.73, 10.0, 21.61, 9999.0, 24.16, 9999.0, 117.95, 127.75, 120.25, 91.25, 138.5
2024-11-07, 12:05:20, 136.52, 58.25, 22.98, 22.02, 9999.0, 9.7, 10.0, 21.59, 9999.0, 24.18, 9999.0, 117.98, 127.75, 120.25, 91.25, 138.5
2024-11-07, 12:05:24, 136.52, 58.25, 22.98, 22.0, 9999.0, 9.68, 10.0, 21.57, 9999.0, 24.2, 9999.0, 118.0, 127.75, 120.25, 91.25, 138.5
2024-11-07, 12:05:28, 136.5, 58.25, 23.0, 22.0, 9999.0, 9.64, 10.0, 21.57, 9999.0, 24.2, 9999.0, 118.02, 127.75, 120.25, 91.25, 138.5
2024-11-07, 12:05:32, 136.5, 58.25, 23.0, 22.0, 9999.0, 9.61, 10.0, 21.57, 9999.0, 24.2, 9999.0, 118.02, 127.75, 120.25, 91.25, 138.5
2024-11-07, 12:05:36, 136.5, 58.25, 23.0, 22.0, 9999.0, 9.59, 10.0, 21.57, 9999.0, 24.23, 9999.0, 118.02, 127.75, 120.25, 91.25, 138.5
2024-11-07, 12:05:40, 136.5, 58.25, 22.98, 22.0, 9999.0, 9.57, 10.0, 21.55, 9999.0, 24.23, 9999.0, 117.98, 127.75, 120.25, 91.25, 138.5
2024-11-07, 12:05:44, 136.5, 58.25, 22.98, 22.0, 9999.0, 9.55, 10.0, 21.55, 9999.0, 24.25, 9999.0, 117.95, 127.75, 120.25, 91.25, 138.5
2024-11-07, 12:05:48, 136.5, 58.25, 22.98, 22.0, 9999.0, 9.55, 10.0, 21.55, 9999.0, 24.27, 9999.0, 117.93, 127.75, 120.25, 91.25, 138.5
2024-11-07, 12:05:52, 136.5, 58.25, 22.98, 22.0, 9999.0, 9.52, 10.0, 21.55, 9999.0, 24.25, 9999.0, 117.91, 127.75, 120.25, 91.25, 138.5
2024-11-07, 12:05:56, 136.5, 58.25, 22.95, 22.0, 9999.0, 9.55, 10.0, 21.57, 9999.0, 24.23, 9999.0, 117.89, 127.75, 120.25, 91.25, 138.5
2024-11-07, 12:06:00, 136.5, 58.25, 22.95, 22.0, 9999.0, 9.59, 10.0, 21.59, 9999.0, 24.23, 9999.0, 117.86, 127.75, 120.25, 91.25, 138.5
2024-11-07, 12:06:04, 136.5, 58.25, 22.95, 22.0, 9999.0, 9.61, 10.0, 21.61, 9999.0, 24.23, 9999.0, 117.86, 127.75, 120.25, 91.25, 138.5
2024-11-07, 12:06:08, 136.5, 58.25, 22.93, 22.0, 9999.0, 9.64, 10.0, 21.64, 9999.0, 24.2, 9999.0, 117.86, 127.75, 120.25, 91.25, 138.5
2024-11-07, 12:06:12, 136.5, 58.25, 22.91, 22.0, 9999.0, 9.66, 10.0, 21.64, 9999.0, 24.2, 9999.0, 117.86, 127.75, 120.25, 91.25, 138.5
2024-11-07, 12:06:16, 136.5, 58.25, 22.89, 22.0, 9999.0, 9.68, 10.0, 21.64, 9999.0, 24.2, 9999.0, 117.89, 127.75, 120.27, 91.25, 138.5
2024-11-07, 12:06:20, 136.5, 58.25, 22.86, 22.0, 9999.0, 9.7, 10.0, 21.66, 9999.0, 24.18, 9999.0, 117.89, 127.75, 120.27, 91.25, 138.5
2024-11-07, 12:06:24, 136.5, 58.25, 22.86, 22.0, 9999.0, 9.73, 10.0, 21.68, 9999.0, 24.16, 9999.0, 117.91, 127.75, 120.27, 91.25, 138.5
2024-11-07, 12:06:28, 136.5, 58.25, 22.84, 22.0, 9999.0, 9.73, 10.0, 21.68, 9999.0, 24.16, 9999.0, 117.93, 127.75, 120.27, 91.25, 138.5
2024-11-07, 12:06:33, 136.5, 58.25, 22.84, 22.0, 9999.0, 9.73, 10.0, 21.68, 9999.0, 24.16, 9999.0, 117.95, 127.75, 120.27, 91.25, 138.5
2024-11-07, 12:06:37, 136.5, 58.25, 22.84, 22.0, 9999.0, 9.73, 10.0, 21.68, 9999.0, 24.18, 9999.0, 117.98, 127.77, 120.27, 91.25, 138.5
2024-11-07, 12:06:41, 136.5, 58.25, 22.86, 22.0, 9999.0, 9.7, 10.0, 21.66, 9999.0, 24.2, 9999.0, 118.0, 127.77, 120.27, 91.25, 138.5
2024-11-07, 12:06:45, 136.5, 58.25, 22.84, 22.0, 9999.0, 9.66, 10.0, 21.66, 9999.0, 24.2, 9999.0, 118.02, 127.77, 120.27, 91.25, 138.5
2024-11-07, 12:06:49, 136.52, 58.25, 22.84, 22.0, 9999.0, 9.64, 10.0, 21.64, 9999.0, 24.2, 9999.0, 118.02, 127.77, 120.27, 91.25, 138.5
2024-11-07, 12:06:53, 136.52, 58.25, 22.84, 22.0, 9999.0, 9.61, 10.0, 21.61, 9999.0, 24.2, 9999.0, 118.0, 127.77, 120.27, 91.25, 138.5
2024-11-07, 12:06:57, 136.52, 58.25, 22.84, 22.0, 9999.0, 9.59, 10.0, 21.64, 9999.0, 24.2, 9999.0, 118.0, 127.8, 120.27, 91.25, 138.5
2024-11-07, 12:07:01, 136.52, 58.25, 22.86, 22.0, 9999.0, 9.57, 10.0, 21.61, 9999.0, 24.2, 9999.0, 117.95, 127.8, 120.25, 91.25, 138.5
2024-11-07, 12:07:05, 136.52, 58.25, 22.86, 22.0, 9999.0, 9.55, 9.98, 21.59, 9999.0, 24.23, 9999.0, 117.93, 127.8, 120.25, 91.25, 138.5
2024-11-07, 12:07:09, 136.52, 58.25, 22.86, 22.0, 9999.0, 9.55, 9.98, 21.57, 9999.0, 24.25, 9999.0, 117.91, 127.8, 120.25, 91.25, 138.5
2024-11-07, 12:07:13, 136.52, 58.25, 22.86, 22.0, 9999.0, 9.55, 9.98, 21.57, 9999.0, 24.23, 9999.0, 117.89, 127.8, 120.25, 91.25, 138.5
2024-11-07, 12:07:17, 136.52, 58.25, 22.84, 22.0, 9999.0, 9.55, 9.98, 21.57, 9999.0, 24.23, 9999.0, 117.86, 127.8, 120.25, 91.25, 138.5
2024-11-07, 12:07:21, 136.52, 58.25, 22.82, 22.0, 9999.0, 9.57, 9.98, 21.59, 9999.0, 24.2, 9999.0, 117.84, 127.77, 120.25, 91.25, 138.5
2024-11-07, 12:07:25, 136.55, 58.25, 22.82, 22.0, 9999.0, 9.59, 9.98, 21.59, 9999.0, 24.2, 9999.0, 117.84, 127.77, 120.25, 91.25, 138.5
2024-11-07, 12:07:29, 136.55, 58.25, 22.84, 22.0, 9999.0, 9.61, 9.98, 21.59, 9999.0, 24.18, 9999.0, 117.84, 127.77, 120.25, 91.25, 138.5
2024-11-07, 12:07:33, 136.52, 58.25, 22.84, 22.0, 9999.0, 9.64, 9.98, 21.61, 9999.0, 24.18, 9999.0, 117.84, 127.77, 120.25, 91.25, 138.5
2024-11-07, 12:07:37, 136.52, 58.27, 22.84, 22.0, 9999.0, 9.66, 9.98, 21.61, 9999.0, 24.16, 9999.0, 117.89, 127.8, 120.27, 91.25, 138.5
2024-11-07, 12:07:41, 136.52, 58.3, 22.84, 22.0, 9999.0, 9.68, 9.98, 21.61, 9999.0, 24.14, 9999.0, 117.89, 127.77, 120.27, 91.25, 138.5
2024-11-07, 12:07:45, 136.52, 58.3, 22.84, 22.0, 9999.0, 9.7, 9.98, 21.64, 9999.0, 24.14, 9999.0, 117.91, 127.77, 120.27, 91.25, 138.5
2024-11-07, 12:07:49, 136.52, 58.3, 22.86, 22.0, 9999.0, 9.7, 10.0, 21.64, 9999.0, 24.14, 9999.0, 117.93, 127.77, 120.27, 91.23, 138.5
2024-11-07, 12:07:53, 136.52, 58.3, 22.86, 22.02, 9999.0, 9.68, 10.0, 21.66, 9999.0, 24.14, 9999.0, 117.95, 127.77, 120.27, 91.23, 138.5
2024-11-07, 12:07:57, 136.52, 58.3, 22.89, 22.02, 9999.0, 9.68, 10.0, 21.66, 9999.0, 24.18, 9999.0, 117.98, 127.77, 120.27, 91.2, 138.5
2024-11-07, 12:08:01, 136.52, 58.3, 22.91, 22.02, 9999.0, 9.66, 10.0, 21.66, 9999.0, 24.2, 9999.0, 118.0, 127.8, 120.27, 91.2, 138.5
2024-11-07, 12:08:05, 136.52, 58.3, 22.91, 22.02, 9999.0, 9.64, 10.0, 21.64, 9999.0, 24.23, 9999.0, 118.02, 127.8, 120.27, 91.18, 138.5
2024-11-07, 12:08:09, 136.5, 58.3, 22.89, 22.02, 9999.0, 9.61, 10.0, 21.64, 9999.0, 24.23, 9999.0, 118.02, 127.8, 120.27, 91.18, 138.5
2024-11-07, 12:08:13, 136.5, 58.3, 22.86, 22.02, 9999.0, 9.59, 10.0, 21.64, 9999.0, 24.25, 9999.0, 118.02, 127.8, 120.27, 91.16, 138.5
2024-11-07, 12:08:17, 136.52, 58.3, 22.86, 22.02, 9999.0, 9.57, 10.0, 21.61, 9999.0, 24.25, 9999.0, 118.0, 127.82, 120.27, 91.16, 138.5
2024-11-07, 12:08:21, 136.55, 58.27, 22.86, 22.02, 9999.0, 9.55, 10.0, 21.61, 9999.0, 24.27, 9999.0, 117.95, 127.8, 120.25, 91.16, 138.5
2024-11-07, 12:08:25, 136.55, 58.25, 22.86, 22.02, 9999.0, 9.52, 10.0, 21.61, 9999.0, 24.3, 9999.0, 117.93, 127.8, 120.25, 91.16, 138.5
2024-11-07, 12:08:29, 136.55, 58.25, 22.86, 22.02, 9999.0, 9.52, 9.98, 21.59, 9999.0, 24.3, 9999.0, 117.91, 127.8, 120.25, 91.16, 138.5
2024-11-07, 12:08:33, 136.55, 58.25, 22.86, 22.02, 9999.0, 9.52, 9.95, 21.61, 9999.0, 24.27, 9999.0, 117.89, 127.8, 120.25, 91.16, 138.5
2024-11-07, 12:08:37, 136.55, 58.25, 22.89, 22.0, 9999.0, 9.55, 9.95, 21.61, 9999.0, 24.25, 9999.0, 117.86, 127.8, 120.25, 91.16, 138.5
2024-11-07, 12:08:41, 136.55, 58.25, 22.86, 22.0, 9999.0, 9.57, 9.95, 21.59, 9999.0, 24.2, 9999.0, 117.84, 127.8, 120.25, 91.18, 138.5
2024-11-07, 12:08:45, 136.55, 58.25, 22.84, 22.0, 9999.0, 9.59, 9.95, 21.61, 9999.0, 24.16, 9999.0, 117.84, 127.77, 120.25, 91.18, 138.5
2024-11-07, 12:08:49, 136.55, 58.25, 22.84, 22.0, 9999.0, 9.61, 9.95, 21.64, 9999.0, 24.14, 9999.0, 117.82, 127.77, 120.25, 91.2, 138.5
2024-11-07, 12:08:53, 136.55, 58.25, 22.86, 22.0, 9999.0, 9.64, 9.95, 21.64, 9999.0, 24.11, 9999.0, 117.82, 127.77, 120.25, 91.2, 138.5
2024-11-07, 12:08:57, 136.55, 58.25, 22.89, 22.0, 9999.0, 9.66, 9.95, 21.61, 9999.0, 24.09, 9999.0, 117.82, 127.77, 120.25, 91.23, 138.5
2024-11-07, 12:09:01, 136.52, 58.25, 22.89, 22.02, 9999.0, 9.68, 9.95, 21.64, 9999.0, 24.05, 9999.0, 117.84, 127.75, 120.25, 91.23, 138.5
2024-11-07, 12:09:05, 136.5, 58.25, 22.91, 22.02, 9999.0, 9.68, 9.95, 21.64, 9999.0, 24.02, 9999.0, 117.86, 127.77, 120.25, 91.23, 138.5
2024-11-07, 12:09:09, 136.5, 58.25, 22.93, 22.02, 9999.0, 9.68, 9.95, 21.64, 9999.0, 24.0, 9999.0, 117.89, 127.77, 120.25, 91.23, 138.5
2024-11-07, 12:09:13, 136.5, 58.25, 22.91, 22.02, 9999.0, 9.66, 9.98, 21.66, 9999.0, 23.98, 9999.0, 117.91, 127.77, 120.25, 91.23, 138.5
2024-11-07, 12:09:17, 136.5, 58.25, 22.91, 22.02, 9999.0, 9.66, 10.0, 21.66, 9999.0, 24.0, 9999.0, 117.93, 127.77, 120.25, 91.25, 138.5
2024-11-07, 12:09:21, 136.5, 58.25, 22.89, 22.02, 9999.0, 9.64, 10.0, 21.64, 9999.0, 24.02, 9999.0, 117.95, 127.77, 120.25, 91.25, 138.5
2024-11-07, 12:09:25, 136.5, 58.25, 22.89, 22.02, 9999.0, 9.61, 10.0, 21.66, 9999.0, 24.05, 9999.0, 117.98, 127.77, 120.25, 91.25, 138.5
2024-11-07, 12:09:29, 136.52, 58.25, 22.91, 22.02, 9999.0, 9.59, 10.0, 21.66, 9999.0, 24.07, 9999.0, 117.98, 127.77, 120.25, 91.25, 138.5
2024-11-07, 12:09:33, 136.52, 58.25, 22.93, 22.02, 9999.0, 9.57, 10.0, 21.66, 9999.0, 24.07, 9999.0, 117.98, 127.8, 120.25, 91.25, 138.5
2024-11-07, 12:09:37, 136.52, 58.25, 22.93, 22.02, 9999.0, 9.55, 10.0, 21.68, 9999.0, 24.07, 9999.0, 117.95, 127.8, 120.25, 91.25, 138.5
2024-11-07, 12:09:41, 136.52, 58.25, 22.93, 22.02, 9999.0, 9.52, 10.0, 21.7, 9999.0, 24.07, 9999.0, 117.93, 127.8, 120.25, 91.25, 138.5
2024-11-07, 12:09:45, 136.55, 58.25, 22.93, 22.0, 9999.0, 9.5, 10.0, 21.68, 9999.0, 24.09, 9999.0, 117.91, 127.8, 120.25, 91.23, 138.5
2024-11-07, 12:09:49, 136.55, 58.25, 22.93, 22.0, 9999.0, 9.5, 10.0, 21.68, 9999.0, 24.09, 9999.0, 117.89, 127.77, 120.25, 91.23, 138.5
2024-11-07, 12:09:53, 136.55, 58.25, 22.93, 22.0, 9999.0, 9.52, 10.0, 21.68, 9999.0, 24.09, 9999.0, 117.86, 127.77, 120.25, 91.23, 138.5
2024-11-07, 12:09:57, 136.55, 58.25, 22.93, 22.0, 9999.0, 9.55, 10.0, 21.66, 9999.0, 24.09, 9999.0, 117.84, 127.77, 120.25, 91.23, 138.5
2024-11-07, 12:10:01, 136.55, 58.25, 22.93, 22.0, 9999.0, 9.59, 10.0, 21.66, 9999.0, 24.07, 9999.0, 117.82, 127.77, 120.25, 91.23, 138.5
2024-11-07, 12:10:05, 136.55, 58.25, 22.95, 22.0, 9999.0, 9.61, 10.0, 21.68, 9999.0, 24.02, 9999.0, 117.82, 127.77, 120.25, 91.23, 138.5
2024-11-07, 12:10:09, 136.55, 58.25, 22.98, 22.0, 9999.0, 9.64, 10.0, 21.68, 9999.0, 24.0, 9999.0, 117.82, 127.77, 120.25, 91.23, 138.5
2024-11-07, 12:10:13, 136.52, 58.25, 22.95, 22.0, 9999.0, 9.66, 10.0, 21.68, 9999.0, 23.98, 9999.0, 117.82, 127.77, 120.25, 91.23, 138.5
2024-11-07, 12:10:17, 136.52, 58.25, 22.93, 22.0, 9999.0, 9.68, 10.0, 21.68, 9999.0, 23.98, 9999.0, 117.84, 127.75, 120.25, 91.23, 138.5
2024-11-07, 12:10:22, 136.52, 58.25, 22.93, 22.0, 9999.0, 9.7, 10.0, 21.68, 9999.0, 23.98, 9999.0, 117.86, 127.75, 120.25, 91.23, 138.5
2024-11-07, 12:10:26, 136.52, 58.25, 22.93, 22.0, 9999.0, 9.73, 10.0, 21.68, 9999.0, 24.0, 9999.0, 117.89, 127.75, 120.25, 91.23, 138.5
2024-11-07, 12:10:30, 136.5, 58.25, 22.91, 22.0, 9999.0, 9.73, 10.0, 21.68, 9999.0, 24.0, 9999.0, 117.91, 127.75, 120.25, 91.23, 138.5
2024-11-07, 12:10:34, 136.5, 58.25, 22.89, 22.0, 9999.0, 9.73, 10.0, 21.7, 9999.0, 24.0, 9999.0, 117.93, 127.75, 120.25, 91.23, 138.5
2024-11-07, 12:10:41, 136.5, 58.25, 22.86, 22.0, 9999.0, 9.7, 10.0, 21.7, 9999.0, 24.02, 9999.0, 117.95, 127.77, 120.25, 91.23, 138.5
2024-11-07, 12:10:45, 136.52, 58.25, 22.89, 22.0, 9999.0, 9.68, 10.0, 21.73, 9999.0, 24.05, 9999.0, 117.98, 127.77, 120.25, 91.23, 138.5
2024-11-07, 12:10:49, 136.52, 58.25, 22.89, 22.0, 9999.0, 9.64, 10.0, 21.73, 9999.0, 24.05, 9999.0, 117.98, 127.77, 120.27, 91.23, 138.5
2024-11-07, 12:10:53, 136.52, 58.25, 22.89, 22.0, 9999.0, 9.61, 10.0, 21.73, 9999.0, 24.07, 9999.0, 117.95, 127.8, 120.3, 91.23, 138.5
2024-11-07, 12:10:57, 136.52, 58.25, 22.89, 22.0, 9999.0, 9.59, 10.0, 21.73, 9999.0, 24.07, 9999.0, 117.93, 127.82, 120.3, 91.23, 138.5
2024-11-07, 12:11:01, 136.52, 58.25, 22.91, 22.0, 9999.0, 9.57, 9.98, 21.73, 9999.0, 24.07, 9999.0, 117.91, 127.84, 120.3, 91.23, 138.5
2024-11-07, 12:11:05, 136.52, 58.25, 22.93, 22.0, 9999.0, 9.55, 9.95, 21.73, 9999.0, 24.07, 9999.0, 117.89, 127.84, 120.3, 91.23, 138.5
2024-11-07, 12:11:09, 136.52, 58.25, 22.91, 22.0, 9999.0, 9.55, 9.95, 21.73, 9999.0, 24.07, 9999.0, 117.86, 127.84, 120.3, 91.23, 138.5
2024-11-07, 12:11:13, 136.52, 58.25, 22.89, 22.0, 9999.0, 9.55, 9.95, 21.73, 9999.0, 24.05, 9999.0, 117.84, 127.84, 120.32, 91.23, 138.5
2024-11-07, 12:11:17, 136.52, 58.25, 22.91, 22.0, 9999.0, 9.57, 9.95, 21.75, 9999.0, 24.05, 9999.0, 117.82, 127.84, 120.32, 91.25, 138.5
2024-11-07, 12:11:21, 136.52, 58.25, 22.91, 22.0, 9999.0, 9.61, 9.95, 21.75, 9999.0, 24.05, 9999.0, 117.8, 127.84, 120.32, 91.25, 138.5
2024-11-07, 12:11:25, 136.52, 58.25, 22.91, 22.0, 9999.0, 9.64, 9.95, 21.75, 9999.0, 24.0, 9999.0, 117.77, 127.82, 120.32, 91.23, 138.5
2024-11-07, 12:11:29, 136.5, 58.25, 22.91, 22.0, 9999.0, 9.66, 9.95, 21.75, 9999.0, 23.98, 9999.0, 117.77, 127.82, 120.32, 91.2, 138.5
2024-11-07, 12:11:33, 136.5, 58.25, 22.89, 22.0, 9999.0, 9.68, 9.95, 21.75, 9999.0, 23.95, 9999.0, 117.8, 127.82, 120.3, 91.2, 138.5
2024-11-07, 12:11:37, 136.52, 58.25, 22.86, 22.0, 9999.0, 9.7, 9.95, 21.73, 9999.0, 23.93, 9999.0, 117.82, 127.8, 120.27, 91.2, 138.5
2024-11-07, 12:11:41, 136.52, 58.25, 22.84, 22.0, 9999.0, 9.73, 9.95, 21.73, 9999.0, 23.91, 9999.0, 117.84, 127.77, 120.3, 91.2, 138.5
2024-11-07, 12:11:45, 136.52, 58.25, 22.84, 22.0, 9999.0, 9.75, 9.98, 21.73, 9999.0, 23.89, 9999.0, 117.86, 127.75, 120.3, 91.2, 138.5
2024-11-07, 12:11:49, 136.52, 58.25, 22.84, 22.0, 9999.0, 9.77, 10.0, 21.73, 9999.0, 23.89, 9999.0, 117.89, 127.75, 120.3, 91.2, 138.5
2024-11-07, 12:11:53, 136.52, 58.25, 22.84, 22.0, 9999.0, 9.77, 10.0, 21.73, 9999.0, 23.89, 9999.0, 117.91, 127.75, 120.3, 91.2, 138.5
2024-11-07, 12:11:57, 136.52, 58.25, 22.86, 22.0, 9999.0, 9.77, 10.0, 21.73, 9999.0, 23.89, 9999.0, 117.93, 127.75, 120.27, 91.2, 138.5
2024-11-07, 12:12:01, 136.52, 58.25, 22.86, 22.0, 9999.0, 9.75, 10.0, 21.73, 9999.0, 23.91, 9999.0, 117.95, 127.75, 120.27, 91.2, 138.5
2024-11-07, 12:12:05, 136.52, 58.25, 22.89, 22.0, 9999.0, 9.7, 10.0, 21.73, 9999.0, 23.93, 9999.0, 117.98, 127.77, 120.27, 91.2, 138.5
2024-11-07, 12:12:09, 136.52, 58.25, 22.89, 22.0, 9999.0, 9.68, 10.0, 21.73, 9999.0, 23.95, 9999.0, 118.0, 127.77, 120.27, 91.23, 138.5
2024-11-07, 12:12:13, 136.52, 58.25, 22.89, 22.0, 9999.0, 9.66, 10.0, 21.73, 9999.0, 23.95, 9999.0, 117.98, 127.77, 120.3, 91.25, 138.5
2024-11-07, 12:12:17, 136.52, 58.25, 22.91, 22.0, 9999.0, 9.64, 10.0, 21.73, 9999.0, 23.98, 9999.0, 117.95, 127.77, 120.3, 91.25, 138.5
2024-11-07, 12:12:21, 136.5, 58.27, 22.93, 22.0, 9999.0, 9.61, 10.0, 21.75, 9999.0, 24.0, 9999.0, 117.95, 127.77, 120.3, 91.25, 138.5
2024-11-07, 12:12:25, 136.5, 58.3, 22.95, 22.0, 9999.0, 9.59, 10.0, 21.75, 9999.0, 24.02, 9999.0, 117.95, 127.77, 120.27, 91.25, 138.5
2024-11-07, 12:12:29, 136.5, 58.3, 22.95, 22.0, 9999.0, 9.59, 10.0, 21.75, 9999.0, 24.05, 9999.0, 117.93, 127.77, 120.27, 91.25, 138.5
2024-11-07, 12:12:33, 136.5, 58.3, 22.93, 22.0, 9999.0, 9.59, 10.0, 21.75, 9999.0, 24.05, 9999.0, 117.91, 127.77, 120.27, 91.25, 138.5
2024-11-07, 12:12:37, 136.5, 58.3, 22.95, 22.0, 9999.0, 9.59, 10.0, 21.75, 9999.0, 24.02, 9999.0, 117.89, 127.77, 120.27, 91.25, 138.5
2024-11-07, 12:12:42, 136.5, 58.3, 22.95, 22.0, 9999.0, 9.59, 10.0, 21.75, 9999.0, 24.0, 9999.0, 117.86, 127.77, 120.27, 91.25, 138.5
2024-11-07, 12:12:46, 136.5, 58.3, 22.95, 22.0, 9999.0, 9.61, 10.0, 21.75, 9999.0, 23.95, 9999.0, 117.84, 127.8, 120.27, 91.25, 138.5
2024-11-07, 12:12:50, 136.5, 58.3, 22.95, 22.0, 9999.0, 9.64, 10.0, 21.75, 9999.0, 23.91, 9999.0, 117.84, 127.77, 120.27, 91.25, 138.5
2024-11-07, 12:12:54, 136.5, 58.3, 22.98, 22.0, 9999.0, 9.66, 10.0, 21.75, 9999.0, 23.89, 9999.0, 117.84, 127.77, 120.27, 91.25, 138.5
2024-11-07, 12:12:58, 136.5, 58.3, 22.98, 22.0, 9999.0, 9.68, 10.0, 21.75, 9999.0, 23.86, 9999.0, 117.89, 127.77, 120.25, 91.25, 138.5
2024-11-07, 12:13:02, 136.5, 58.3, 22.98, 22.0, 9999.0, 9.7, 10.0, 21.75, 9999.0, 23.84, 9999.0, 117.93, 127.8, 120.25, 91.25, 138.5
2024-11-07, 12:13:06, 136.5, 58.27, 22.98, 22.0, 9999.0, 9.73, 10.0, 21.75, 9999.0, 23.82, 9999.0, 117.93, 127.8, 120.25, 91.25, 138.5
2024-11-07, 12:13:10, 136.5, 58.25, 22.98, 22.0, 9999.0, 9.75, 10.0, 21.75, 9999.0, 23.82, 9999.0, 117.93, 127.8, 120.25, 91.25, 138.5
2024-11-07, 12:13:14, 136.5, 58.25, 22.98, 22.02, 9999.0, 9.73, 10.0, 21.75, 9999.0, 23.82, 9999.0, 117.95, 127.8, 120.25, 91.25, 138.5
2024-11-07, 12:13:18, 136.5, 58.25, 23.0, 22.02, 9999.0, 9.7, 10.0, 21.75, 9999.0, 23.82, 9999.0, 117.98, 127.82, 120.25, 91.25, 138.5
2024-11-07, 12:13:22, 136.5, 58.25, 22.98, 22.02, 9999.0, 9.68, 10.0, 21.75, 9999.0, 23.84, 9999.0, 118.0, 127.84, 120.25, 91.25, 138.5
2024-11-07, 12:13:26, 136.5, 58.25, 22.98, 22.02, 9999.0, 9.66, 10.0, 21.75, 9999.0, 23.86, 9999.0, 118.02, 127.84, 120.25, 91.25, 138.5
2024-11-07, 12:13:30, 136.5, 58.25, 22.98, 22.02, 9999.0, 9.64, 10.0, 21.75, 9999.0, 23.89, 9999.0, 118.05, 127.82, 120.25, 91.25, 138.52
2024-11-07, 12:13:34, 136.5, 58.25, 22.98, 22.02, 9999.0, 9.61, 10.0, 21.75, 9999.0, 23.91, 9999.0, 118.05, 127.82, 120.25, 91.25, 138.52
2024-11-07, 12:13:38, 136.5, 58.25, 22.98, 22.02, 9999.0, 9.59, 10.0, 21.75, 9999.0, 23.93, 9999.0, 118.02, 127.82, 120.25, 91.25, 138.55
2024-11-07, 12:13:42, 136.5, 58.25, 22.95, 22.02, 9999.0, 9.57, 10.0, 21.75, 9999.0, 23.95, 9999.0, 117.98, 127.82, 120.25, 91.25, 138.57
2024-11-07, 12:13:46, 136.5, 58.25, 22.95, 22.02, 9999.0, 9.55, 10.0, 21.75, 9999.0, 23.98, 9999.0, 117.93, 127.8, 120.25, 91.25, 138.57
2024-11-07, 12:13:50, 136.5, 58.25, 22.95, 22.02, 9999.0, 9.55, 10.0, 21.75, 9999.0, 24.0, 9999.0, 117.91, 127.8, 120.25, 91.25, 138.57
2024-11-07, 12:13:54, 136.5, 58.25, 22.95, 22.02, 9999.0, 9.55, 10.0, 21.75, 9999.0, 24.0, 9999.0, 117.89, 127.8, 120.25, 91.25, 138.59
2024-11-07, 12:13:58, 136.5, 58.25, 22.95, 22.0, 9999.0, 9.57, 10.0, 21.75, 9999.0, 24.0, 9999.0, 117.86, 127.8, 120.25, 91.25, 138.59
2024-11-07, 12:14:02, 136.52, 58.25, 22.95, 22.0, 9999.0, 9.59, 10.0, 21.75, 9999.0, 23.98, 9999.0, 117.84, 127.77, 120.25, 91.25, 138.59
2024-11-07, 12:14:06, 136.52, 58.25, 22.98, 22.02, 9999.0, 9.64, 10.0, 21.75, 9999.0, 23.95, 9999.0, 117.84, 127.75, 120.25, 91.25, 138.59
2024-11-07, 12:14:10, 136.52, 58.25, 22.95, 22.02, 9999.0, 9.66, 10.0, 21.75, 9999.0, 23.93, 9999.0, 117.84, 127.75, 120.25, 91.25, 138.59
2024-11-07, 12:14:14, 136.52, 58.25, 22.95, 22.02, 9999.0, 9.68, 10.0, 21.73, 9999.0, 23.91, 9999.0, 117.84, 127.75, 120.25, 91.25, 138.59
2024-11-07, 12:14:18, 136.52, 58.25, 22.95, 22.02, 9999.0, 9.7, 10.0, 21.73, 9999.0, 23.89, 9999.0, 117.86, 127.77, 120.25, 91.25, 138.59
2024-11-07, 12:14:22, 136.52, 58.25, 22.95, 22.02, 9999.0, 9.73, 10.0, 21.73, 9999.0, 23.86, 9999.0, 117.91, 127.8, 120.25, 91.25, 138.57
2024-11-07, 12:14:26, 136.52, 58.25, 22.98, 22.02, 9999.0, 9.75, 10.0, 21.7, 9999.0, 23.84, 9999.0, 117.93, 127.8, 120.27, 91.25, 138.55
2024-11-07, 12:14:30, 136.52, 58.25, 22.95, 22.02, 9999.0, 9.77, 10.0, 21.68, 9999.0, 23.84, 9999.0, 117.95, 127.8, 120.27, 91.25, 138.55
2024-11-07, 12:14:34, 136.55, 58.25, 22.95, 22.02, 9999.0, 9.75, 10.0, 21.68, 9999.0, 23.84, 9999.0, 117.98, 127.8, 120.27, 91.23, 138.55
2024-11-07, 12:14:38, 136.55, 58.25, 22.95, 22.02, 9999.0, 9.75, 10.0, 21.68, 9999.0, 23.86, 9999.0, 118.0, 127.8, 120.27, 91.23, 138.52
2024-11-07, 12:14:42, 136.55, 58.25, 22.95, 22.02, 9999.0, 9.73, 10.0, 21.68, 9999.0, 23.89, 9999.0, 118.02, 127.82, 120.27, 91.23, 138.55
2024-11-07, 12:14:46, 136.52, 58.25, 22.95, 22.02, 9999.0, 9.7, 10.0, 21.68, 9999.0, 23.93, 9999.0, 118.05, 127.82, 120.3, 91.23, 138.55
2024-11-07, 12:14:50, 136.52, 58.25, 22.95, 22.0, 9999.0, 9.66, 10.0, 21.68, 9999.0, 23.95, 9999.0, 118.05, 127.82, 120.3, 91.23, 138.55
2024-11-07, 12:14:54, 136.52, 58.25, 22.98, 22.0, 9999.0, 9.64, 10.0, 21.68, 9999.0, 23.98, 9999.0, 118.05, 127.82, 120.3, 91.23, 138.55
2024-11-07, 12:14:58, 136.52, 58.25, 22.98, 22.0, 9999.0, 9.61, 10.0, 21.7, 9999.0, 24.0, 9999.0, 118.02, 127.82, 120.3, 91.23, 138.55
2024-11-07, 12:15:02, 136.52, 58.25, 22.98, 22.0, 9999.0, 9.59, 10.0, 21.7, 9999.0, 24.02, 9999.0, 117.98, 127.82, 120.3, 91.23, 138.55
2024-11-07, 12:15:06, 136.52, 58.25, 22.98, 22.0, 9999.0, 9.57, 10.0, 21.7, 9999.0, 24.02, 9999.0, 117.93, 127.8, 120.3, 91.23, 138.55
2024-11-07, 12:15:10, 136.52, 58.25, 22.95, 22.0, 9999.0, 9.57, 10.0, 21.73, 9999.0, 24.05, 9999.0, 117.91, 127.8, 120.27, 91.23, 138.57
2024-11-07, 12:15:14, 136.52, 58.25, 22.98, 22.0, 9999.0, 9.57, 10.0, 21.73, 9999.0, 24.05, 9999.0, 117.89, 127.8, 120.3, 91.23, 138.57
2024-11-07, 12:15:18, 136.5, 58.25, 22.98, 22.0, 9999.0, 9.59, 10.0, 21.73, 9999.0, 24.05, 9999.0, 117.86, 127.8, 120.3, 91.25, 138.57
2024-11-07, 12:15:22, 136.5, 58.25, 22.98, 22.0, 9999.0, 9.61, 10.0, 21.73, 9999.0, 24.02, 9999.0, 117.84, 127.8, 120.3, 91.25, 138.57
2024-11-07, 12:15:26, 136.52, 58.25, 22.98, 22.02, 9999.0, 9.64, 10.0, 21.73, 9999.0, 23.98, 9999.0, 117.84, 127.77, 120.3, 91.23, 138.57
2024-11-07, 12:15:30, 136.55, 58.25, 22.98, 22.02, 9999.0, 9.66, 10.0, 21.73, 9999.0, 23.93, 9999.0, 117.82, 127.77, 120.27, 91.23, 138.57
2024-11-07, 12:15:34, 136.55, 58.25, 22.98, 22.02, 9999.0, 9.68, 10.0, 21.73, 9999.0, 23.91, 9999.0, 117.82, 127.77, 120.27, 91.23, 138.57
2024-11-07, 12:15:38, 136.55, 58.25, 22.98, 22.02, 9999.0, 9.7, 10.0, 21.73, 9999.0, 23.89, 9999.0, 117.84, 127.77, 120.27, 91.23, 138.57
2024-11-07, 12:15:42, 136.55, 58.25, 22.98, 22.02, 9999.0, 9.73, 10.0, 21.73, 9999.0, 23.86, 9999.0, 117.86, 127.77, 120.27, 91.23, 138.55
2024-11-07, 12:15:46, 136.55, 58.25, 22.98, 22.02, 9999.0, 9.75, 10.0, 21.73, 9999.0, 23.86, 9999.0, 117.89, 127.75, 120.3, 91.23, 138.55
2024-11-07, 12:15:50, 136.55, 58.25, 22.98, 22.02, 9999.0, 9.75, 10.0, 21.73, 9999.0, 23.89, 9999.0, 117.91, 127.75, 120.3, 91.23, 138.55
2024-11-07, 12:15:54, 136.55, 58.25, 22.98, 22.02, 9999.0, 9.75, 10.0, 21.73, 9999.0, 23.89, 9999.0, 117.93, 127.77, 120.3, 91.23, 138.52
2024-11-07, 12:15:58, 136.55, 58.25, 22.98, 22.02, 9999.0, 9.75, 10.0, 21.75, 9999.0, 23.91, 9999.0, 117.95, 127.77, 120.3, 91.23, 138.52
2024-11-07, 12:16:02, 136.55, 58.25, 22.98, 22.02, 9999.0, 9.73, 10.0, 21.75, 9999.0, 23.91, 9999.0, 117.98, 127.8, 120.3, 91.23, 138.55
2024-11-07, 12:16:06, 136.55, 58.25, 22.98, 22.02, 9999.0, 9.68, 10.0, 21.75, 9999.0, 23.91, 9999.0, 118.0, 127.82, 120.3, 91.23, 138.57
2024-11-07, 12:16:10, 136.52, 58.27, 22.98, 22.0, 9999.0, 9.66, 10.0, 21.75, 9999.0, 23.93, 9999.0, 117.98, 127.82, 120.3, 91.25, 138.57
2024-11-07, 12:16:14, 136.5, 58.27, 22.98, 22.0, 9999.0, 9.64, 10.0, 21.75, 9999.0, 23.95, 9999.0, 117.98, 127.82, 120.32, 91.25, 138.57
2024-11-07, 12:16:18, 136.5, 58.27, 22.98, 22.0, 9999.0, 9.61, 10.0, 21.75, 9999.0, 23.98, 9999.0, 117.95, 127.82, 120.32, 91.25, 138.57
2024-11-07, 12:16:22, 136.52, 58.27, 22.98, 22.0, 9999.0, 9.59, 10.0, 21.75, 9999.0, 24.0, 9999.0, 117.91, 127.82, 120.32, 91.25, 138.57
2024-11-07, 12:16:26, 136.52, 58.27, 22.98, 22.0, 9999.0, 9.57, 10.0, 21.75, 9999.0, 24.02, 9999.0, 117.89, 127.82, 120.32, 91.25, 138.57
2024-11-07, 12:16:31, 136.52, 58.27, 22.98, 22.02, 9999.0, 9.57, 10.0, 21.75, 9999.0, 24.02, 9999.0, 117.86, 127.82, 120.3, 91.23, 138.57
2024-11-07, 12:16:35, 136.52, 58.27, 22.98, 22.02, 9999.0, 9.57, 10.0, 21.75, 9999.0, 24.02, 9999.0, 117.84, 127.82, 120.3, 91.2, 138.57
2024-11-07, 12:16:39, 136.52, 58.27, 23.0, 22.02, 9999.0, 9.57, 10.0, 21.73, 9999.0, 24.02, 9999.0, 117.82, 127.8, 120.32, 91.2, 138.59
2024-11-07, 12:16:43, 136.52, 58.27, 22.98, 22.05, 9999.0, 9.57, 10.0, 21.73, 9999.0, 23.98, 9999.0, 117.8, 127.8, 120.3, 91.2, 138.59
2024-11-07, 12:16:47, 136.52, 58.27, 22.98, 22.07, 9999.0, 9.59, 10.0, 21.73, 9999.0, 23.98, 9999.0, 117.8, 127.77, 120.3, 91.18, 138.57
2024-11-07, 12:16:51, 136.52, 58.27, 22.98, 22.09, 9999.0, 9.61, 10.0, 21.73, 9999.0, 23.95, 9999.0, 117.8, 127.75, 120.3, 91.18, 138.55
2024-11-07, 12:16:55, 136.52, 58.25, 22.98, 22.09, 9999.0, 9.64, 10.0, 21.7, 9999.0, 23.93, 9999.0, 117.82, 127.75, 120.3, 91.18, 138.55
2024-11-07, 12:16:59, 136.52, 58.25, 22.98, 22.09, 9999.0, 9.66, 10.0, 21.7, 9999.0, 23.91, 9999.0, 117.84, 127.77, 120.3, 91.18, 138.57
2024-11-07, 12:17:03, 136.52, 58.25, 22.98, 22.09, 9999.0, 9.68, 10.0, 21.7, 9999.0, 23.89, 9999.0, 117.86, 127.77, 120.3, 91.18, 138.57
2024-11-07, 12:17:07, 136.5, 58.25, 22.95, 22.09, 9999.0, 9.68, 10.0, 21.7, 9999.0, 23.89, 9999.0, 117.89, 127.77, 120.3, 91.18, 138.57
2024-11-07, 12:17:11, 136.5, 58.25, 22.95, 22.09, 9999.0, 9.7, 10.0, 21.68, 9999.0, 23.86, 9999.0, 117.91, 127.8, 120.32, 91.18, 138.57
2024-11-07, 12:17:15, 136.52, 58.25, 22.93, 22.07, 9999.0, 9.7, 10.0, 21.68, 9999.0, 23.84, 9999.0, 117.93, 127.8, 120.32, 91.2, 138.57
2024-11-07, 12:17:19, 136.52, 58.25, 22.93, 22.07, 9999.0, 9.73, 10.0, 21.68, 9999.0, 23.86, 9999.0, 117.95, 127.82, 120.32, 91.23, 138.57
2024-11-07, 12:17:23, 136.52, 58.25, 22.93, 22.09, 9999.0, 9.7, 10.0, 21.7, 9999.0, 23.86, 9999.0, 117.98, 127.82, 120.3, 91.23, 138.57
2024-11-07, 12:17:27, 136.52, 58.25, 22.95, 22.07, 9999.0, 9.68, 10.0, 21.7, 9999.0, 23.89, 9999.0, 118.0, 127.82, 120.3, 91.23, 138.57
2024-11-07, 12:17:31, 136.52, 58.25, 22.95, 22.05, 9999.0, 9.66, 10.0, 21.68, 9999.0, 23.89, 9999.0, 118.0, 127.84, 120.3, 91.25, 138.57
2024-11-07, 12:17:35, 136.52, 58.25, 22.93, 22.02, 9999.0, 9.64, 10.0, 21.66, 9999.0, 23.91, 9999.0, 117.98, 127.84, 120.3, 91.25, 138.57
2024-11-07, 12:17:39, 136.52, 58.25, 22.91, 22.02, 9999.0, 9.61, 10.0, 21.68, 9999.0, 23.93, 9999.0, 117.95, 127.84, 120.3, 91.25, 138.57
2024-11-07, 12:17:43, 136.52, 58.25, 22.89, 22.02, 9999.0, 9.59, 10.0, 21.66, 9999.0, 23.95, 9999.0, 117.95, 127.84, 120.27, 91.25, 138.55
2024-11-07, 12:17:47, 136.52, 58.25, 22.89, 22.02, 9999.0, 9.57, 10.0, 21.66, 9999.0, 23.95, 9999.0, 117.93, 127.86, 120.27, 91.25, 138.55
2024-11-07, 12:17:51, 136.52, 58.25, 22.89, 22.05, 9999.0, 9.59, 10.0, 21.66, 9999.0, 23.93, 9999.0, 117.91, 127.86, 120.27, 91.25, 138.55
2024-11-07, 12:17:55, 136.52, 58.25, 22.86, 22.05, 9999.0, 9.59, 10.0, 21.68, 9999.0, 23.93, 9999.0, 117.89, 127.86, 120.25, 91.25, 138.57
2024-11-07, 12:17:59, 136.5, 58.25, 22.89, 22.07, 9999.0, 9.61, 10.0, 21.68, 9999.0, 23.93, 9999.0, 117.86, 127.86, 120.25, 91.25, 138.57
2024-11-07, 12:18:03, 136.5, 58.25, 22.89, 22.09, 9999.0, 9.61, 10.0, 21.68, 9999.0, 23.89, 9999.0, 117.84, 127.84, 120.27, 91.25, 138.57
2024-11-07, 12:18:07, 136.5, 58.25, 22.89, 22.09, 9999.0, 9.64, 10.0, 21.68, 9999.0, 23.86, 9999.0, 117.84, 127.84, 120.27, 91.25, 138.57
2024-11-07, 12:18:11, 136.5, 58.25, 22.89, 22.09, 9999.0, 9.66, 10.0, 21.68, 9999.0, 23.84, 9999.0, 117.84, 127.84, 120.27, 91.25, 138.57
2024-11-07, 12:18:15, 136.5, 58.25, 22.86, 22.09, 9999.0, 9.68, 10.0, 21.7, 9999.0, 23.82, 9999.0, 117.84, 127.84, 120.27, 91.25, 138.57
2024-11-07, 12:18:19, 136.52, 58.25, 22.89, 22.09, 9999.0, 9.7, 10.0, 21.73, 9999.0, 23.77, 9999.0, 117.86, 127.84, 120.27, 91.25, 138.57
2024-11-07, 12:18:23, 136.52, 58.25, 22.89, 22.09, 9999.0, 9.73, 10.0, 21.73, 9999.0, 23.73, 9999.0, 117.89, 127.84, 120.27, 91.25, 138.55
2024-11-07, 12:18:27, 136.52, 58.25, 22.91, 22.09, 9999.0, 9.75, 10.0, 21.75, 9999.0, 23.7, 9999.0, 117.89, 127.82, 120.27, 91.25, 138.57
2024-11-07, 12:18:31, 136.52, 58.25, 22.91, 22.09, 9999.0, 9.77, 10.0, 21.75, 9999.0, 23.7, 9999.0, 117.91, 127.8, 120.27, 91.25, 138.57
2024-11-07, 12:18:35, 136.52, 58.25, 22.93, 22.07, 9999.0, 9.77, 10.0, 21.73, 9999.0, 23.7, 9999.0, 117.93, 127.82, 120.27, 91.25, 138.57
2024-11-07, 12:18:39, 136.52, 58.25, 22.95, 22.07, 9999.0, 9.77, 10.0, 21.73, 9999.0, 23.73, 9999.0, 117.95, 127.82, 120.27, 91.25, 138.55
2024-11-07, 12:18:43, 136.52, 58.25, 22.95, 22.07, 9999.0, 9.75, 10.0, 21.7, 9999.0, 23.75, 9999.0, 117.98, 127.84, 120.27, 91.25, 138.57
2024-11-07, 12:18:47, 136.52, 58.25, 22.95, 22.07, 9999.0, 9.73, 10.0, 21.7, 9999.0, 23.75, 9999.0, 118.0, 127.84, 120.25, 91.25, 138.59
2024-11-07, 12:18:51, 136.52, 58.25, 22.95, 22.05, 9999.0, 9.7, 10.0, 21.7, 9999.0, 23.77, 9999.0, 118.0, 127.84, 120.25, 91.25, 138.57
2024-11-07, 12:18:55, 136.52, 58.25, 22.95, 22.05, 9999.0, 9.68, 10.0, 21.7, 9999.0, 23.77, 9999.0, 117.98, 127.84, 120.25, 91.25, 138.57
2024-11-07, 12:18:59, 136.52, 58.25, 22.95, 22.05, 9999.0, 9.66, 10.0, 21.7, 9999.0, 23.77, 9999.0, 117.95, 127.82, 120.25, 91.25, 138.59
2024-11-07, 12:19:03, 136.5, 58.27, 22.93, 22.05, 9999.0, 9.64, 10.0, 21.7, 9999.0, 23.8, 9999.0, 117.93, 127.82, 120.25, 91.25, 138.59
2024-11-07, 12:19:07, 136.5, 58.27, 22.93, 22.05, 9999.0, 9.64, 10.0, 21.7, 9999.0, 23.82, 9999.0, 117.91, 127.84, 120.25, 91.25, 138.59
2024-11-07, 12:19:11, 136.5, 58.3, 22.93, 22.05, 9999.0, 9.64, 10.0, 21.7, 9999.0, 23.82, 9999.0, 117.89, 127.84, 120.25, 91.25, 138.57
2024-11-07, 12:19:15, 136.5, 58.3, 22.93, 22.05, 9999.0, 9.64, 10.0, 21.68, 9999.0, 23.8, 9999.0, 117.86, 127.84, 120.25, 91.25, 138.57
2024-11-07, 12:19:19, 136.5, 58.3, 22.93, 22.05, 9999.0, 9.64, 10.0, 21.7, 9999.0, 23.8, 9999.0, 117.84, 127.82, 120.25, 91.25, 138.59
2024-11-07, 12:19:23, 136.5, 58.32, 22.91, 22.05, 9999.0, 9.66, 10.0, 21.7, 9999.0, 23.77, 9999.0, 117.82, 127.8, 120.25, 91.25, 138.59
2024-11-07, 12:19:27, 136.52, 58.32, 22.91, 22.02, 9999.0, 9.66, 10.0, 21.73, 9999.0, 23.75, 9999.0, 117.82, 127.77, 120.27, 91.25, 138.57
2024-11-07, 12:19:31, 136.52, 58.32, 22.89, 22.0, 9999.0, 9.68, 10.0, 21.73, 9999.0, 23.75, 9999.0, 117.82, 127.77, 120.27, 91.25, 138.55
2024-11-07, 12:19:35, 136.52, 58.32, 22.89, 22.0, 9999.0, 9.7, 10.0, 21.73, 9999.0, 23.73, 9999.0, 117.82, 127.77, 120.27, 91.25, 138.55
2024-11-07, 12:19:39, 136.52, 58.32, 22.86, 22.02, 9999.0, 9.73, 10.0, 21.73, 9999.0, 23.73, 9999.0, 117.84, 127.8, 120.27, 91.25, 138.57
2024-11-07, 12:19:43, 136.52, 58.32, 22.86, 22.02, 9999.0, 9.75, 10.0, 21.73, 9999.0, 23.73, 9999.0, 117.86, 127.82, 120.27, 91.25, 138.55
2024-11-07, 12:19:47, 136.52, 58.3, 22.89, 22.05, 9999.0, 9.75, 10.0, 21.7, 9999.0, 23.73, 9999.0, 117.89, 127.82, 120.3, 91.23, 138.57
2024-11-07, 12:19:51, 136.52, 58.3, 22.91, 22.05, 9999.0, 9.75, 10.0, 21.7, 9999.0, 23.75, 9999.0, 117.91, 127.8, 120.3, 91.23, 138.57
2024-11-07, 12:19:55, 136.52, 58.27, 22.91, 22.05, 9999.0, 9.73, 10.0, 21.7, 9999.0, 23.77, 9999.0, 117.93, 127.82, 120.3, 91.23, 138.57
2024-11-07, 12:19:59, 136.52, 58.27, 22.91, 22.05, 9999.0, 9.73, 10.0, 21.73, 9999.0, 23.82, 9999.0, 117.95, 127.82, 120.32, 91.23, 138.59
2024-11-07, 12:20:03, 136.52, 58.27, 22.91, 22.07, 9999.0, 9.7, 10.0, 21.73, 9999.0, 23.84, 9999.0, 117.98, 127.82, 120.34, 91.23, 138.59
2024-11-07, 12:20:07, 136.52, 58.25, 22.93, 22.07, 9999.0, 9.66, 10.0, 21.73, 9999.0, 23.86, 9999.0, 118.0, 127.84, 120.34, 91.23, 138.59
2024-11-07, 12:20:11, 136.5, 58.25, 22.93, 22.07, 9999.0, 9.64, 10.0, 21.73, 9999.0, 23.89, 9999.0, 118.0, 127.84, 120.32, 91.23, 138.59
2024-11-07, 12:20:16, 136.5, 58.25, 22.95, 22.07, 9999.0, 9.61, 10.0, 21.73, 9999.0, 23.91, 9999.0, 118.0, 127.84, 120.32, 91.2, 138.61
2024-11-07, 12:20:20, 136.5, 58.25, 22.95, 22.07, 9999.0, 9.59, 10.0, 21.73, 9999.0, 23.93, 9999.0, 118.0, 127.84, 120.32, 91.2, 138.61
2024-11-07, 12:20:24, 136.5, 58.25, 22.98, 22.05, 9999.0, 9.57, 10.0, 21.73, 9999.0, 23.95, 9999.0, 117.98, 127.82, 120.34, 91.2, 138.59
2024-11-07, 12:20:28, 136.5, 58.25, 23.0, 22.05, 9999.0, 9.57, 10.0, 21.73, 9999.0, 23.98, 9999.0, 117.95, 127.8, 120.34, 91.2, 138.59
2024-11-07, 12:20:32, 136.5, 58.25, 23.0, 22.02, 9999.0, 9.59, 10.0, 21.75, 9999.0, 24.0, 9999.0, 117.93, 127.8, 120.32, 91.23, 138.57
2024-11-07, 12:20:36, 136.5, 58.25, 23.0, 22.02, 9999.0, 9.59, 10.0, 21.73, 9999.0, 24.0, 9999.0, 117.91, 127.8, 120.32, 91.23, 138.59
2024-11-07, 12:20:40, 136.5, 58.25, 22.98, 22.02, 9999.0, 9.64, 10.0, 21.73, 9999.0, 24.0, 9999.0, 117.89, 127.77, 120.32, 91.23, 138.61
2024-11-07, 12:20:44, 136.5, 58.27, 22.98, 22.02, 9999.0, 9.64, 10.0, 21.73, 9999.0, 23.98, 9999.0, 117.89, 127.8, 120.3, 91.2, 138.61
2024-11-07, 12:21:38, 136.5, 58.27, 22.98, 22.0, 9999.0, 9.66, 10.0, 21.7, 9999.0, 23.95, 9999.0, 117.89, 127.8, 120.27, 91.2, 138.59
2024-11-07, 12:21:42, 136.5, 58.27, 22.98, 22.0, 9999.0, 9.68, 10.0, 21.7, 9999.0, 23.93, 9999.0, 117.89, 127.77, 120.27, 91.2, 138.59
2024-11-07, 12:21:46, 136.5, 58.27, 22.95, 22.0, 9999.0, 9.7, 10.0, 21.7, 9999.0, 23.91, 9999.0, 117.91, 127.77, 120.3, 91.2, 138.61
2024-11-07, 12:21:50, 136.5, 58.27, 22.95, 22.0, 9999.0, 9.73, 10.0, 21.7, 9999.0, 23.89, 9999.0, 117.91, 127.77, 120.3, 91.23, 138.59
2024-11-07, 12:21:54, 136.52, 58.27, 22.93, 22.0, 9999.0, 9.75, 10.0, 21.7, 9999.0, 23.84, 9999.0, 117.91, 127.77, 120.3, 91.23, 138.59
2024-11-07, 12:21:58, 136.52, 58.27, 22.93, 22.0, 9999.0, 9.77, 10.0, 21.7, 9999.0, 23.82, 9999.0, 117.93, 127.8, 120.3, 91.23, 138.59
2024-11-07, 12:22:02, 136.52, 58.27, 22.93, 22.0, 9999.0, 9.77, 10.0, 21.7, 9999.0, 23.8, 9999.0, 117.95, 127.8, 120.32, 91.23, 138.61
2024-11-07, 12:22:06, 136.52, 58.27, 22.93, 22.0, 9999.0, 9.75, 10.0, 21.7, 9999.0, 23.8, 9999.0, 117.98, 127.82, 120.32, 91.23, 138.61
2024-11-07, 12:22:10, 136.52, 58.27, 22.93, 22.0, 9999.0, 9.75, 10.0, 21.73, 9999.0, 23.8, 9999.0, 118.0, 127.82, 120.34, 91.23, 138.59
2024-11-07, 12:22:14, 136.52, 58.27, 22.95, 22.0, 9999.0, 9.73, 10.0, 21.73, 9999.0, 23.8, 9999.0, 118.02, 127.82, 120.34, 91.23, 138.57
2024-11-07, 12:22:18, 136.52, 58.25, 22.95, 22.0, 9999.0, 9.7, 10.0, 21.73, 9999.0, 23.82, 9999.0, 118.02, 127.82, 120.34, 91.25, 138.55
2024-11-07, 12:22:22, 136.52, 58.25, 22.95, 22.0, 9999.0, 9.68, 10.0, 21.75, 9999.0, 23.84, 9999.0, 118.0, 127.84, 120.34, 91.25, 138.57
2024-11-07, 12:22:26, 136.52, 58.25, 22.95, 22.0, 9999.0, 9.66, 10.0, 21.75, 9999.0, 23.84, 9999.0, 118.0, 127.84, 120.36, 91.25, 138.57
2024-11-07, 12:22:30, 136.55, 58.25, 22.98, 22.0, 9999.0, 9.64, 10.0, 21.75, 9999.0, 23.84, 9999.0, 117.98, 127.84, 120.34, 91.25, 138.55
2024-11-07, 12:22:34, 136.55, 58.25, 22.98, 22.0, 9999.0, 9.61, 10.0, 21.75, 9999.0, 23.84, 9999.0, 117.95, 127.84, 120.34, 91.25, 138.55
2024-11-07, 12:22:38, 136.52, 58.25, 22.98, 22.0, 9999.0, 9.61, 10.0, 21.73, 9999.0, 23.86, 9999.0, 117.93, 127.84, 120.34, 91.25, 138.55
2024-11-07, 12:22:42, 136.52, 58.25, 22.98, 22.0, 9999.0, 9.61, 10.0, 21.73, 9999.0, 23.86, 9999.0, 117.91, 127.82, 120.32, 91.25, 138.55
2024-11-07, 12:22:46, 136.52, 58.25, 22.95, 22.0, 9999.0, 9.61, 10.0, 21.7, 9999.0, 23.86, 9999.0, 117.89, 127.82, 120.3, 91.25, 138.52
2024-11-07, 12:22:50, 136.52, 58.25, 22.95, 22.0, 9999.0, 9.66, 10.0, 21.68, 9999.0, 23.84, 9999.0, 117.86, 127.8, 120.3, 91.25, 138.55
2024-11-07, 12:22:54, 136.52, 58.25, 22.95, 22.0, 9999.0, 9.68, 10.0, 21.68, 9999.0, 23.82, 9999.0, 117.86, 127.8, 120.27, 91.25, 138.55
2024-11-07, 12:22:58, 136.52, 58.25, 22.93, 22.0, 9999.0, 9.68, 10.0, 21.68, 9999.0, 23.8, 9999.0, 117.86, 127.8, 120.27, 91.25, 138.55
2024-11-07, 12:23:02, 136.52, 58.25, 22.93, 22.0, 9999.0, 9.7, 10.0, 21.68, 9999.0, 23.77, 9999.0, 117.86, 127.77, 120.27, 91.25, 138.55
2024-11-07, 12:23:06, 136.52, 58.25, 22.91, 22.0, 9999.0, 9.73, 10.0, 21.66, 9999.0, 23.75, 9999.0, 117.89, 127.77, 120.3, 91.25, 138.52
2024-11-07, 12:23:10, 136.52, 58.25, 22.91, 22.0, 9999.0, 9.75, 10.0, 21.66, 9999.0, 23.75, 9999.0, 117.89, 127.8, 120.3, 91.25, 138.55
2024-11-07, 12:23:14, 136.5, 58.25, 22.91, 22.0, 9999.0, 9.77, 10.0, 21.64, 9999.0, 23.73, 9999.0, 117.89, 127.82, 120.3, 91.25, 138.55
2024-11-07, 12:23:18, 136.5, 58.25, 22.91, 22.0, 9999.0, 9.8, 10.0, 21.64, 9999.0, 23.73, 9999.0, 117.91, 127.82, 120.3, 91.25, 138.55
2024-11-07, 12:23:22, 136.5, 58.25, 22.93, 22.0, 9999.0, 9.8, 10.0, 21.66, 9999.0, 23.73, 9999.0, 117.93, 127.82, 120.3, 91.25, 138.55
2024-11-07, 12:23:26, 136.5, 58.25, 22.91, 22.02, 9999.0, 9.8, 10.0, 21.64, 9999.0, 23.75, 9999.0, 117.95, 127.84, 120.32, 91.25, 138.55
2024-11-07, 12:23:30, 136.5, 58.25, 22.93, 22.02, 9999.0, 9.8, 10.0, 21.66, 9999.0, 23.77, 9999.0, 117.98, 127.86, 120.32, 91.25, 138.55
2024-11-07, 12:23:34, 136.5, 58.25, 22.93, 22.02, 9999.0, 9.75, 10.0, 21.66, 9999.0, 23.8, 9999.0, 117.98, 127.89, 120.32, 91.25, 138.52
2024-11-07, 12:23:38, 136.5, 58.25, 22.93, 22.02, 9999.0, 9.7, 10.0, 21.66, 9999.0, 23.8, 9999.0, 117.98, 127.91, 120.32, 91.25, 138.52
2024-11-07, 12:23:42, 136.5, 58.25, 22.95, 22.05, 9999.0, 9.68, 10.0, 21.66, 9999.0, 23.8, 9999.0, 117.95, 127.93, 120.34, 91.25, 138.52
2024-11-07, 12:23:47, 136.5, 58.27, 22.95, 22.05, 9999.0, 9.66, 10.0, 21.66, 9999.0, 23.8, 9999.0, 117.95, 127.93, 120.34, 91.25, 138.52
2024-11-07, 12:23:51, 136.5, 58.27, 22.98, 22.05, 9999.0, 9.64, 10.0, 21.68, 9999.0, 23.82, 9999.0, 117.93, 127.91, 120.32, 91.25, 138.55
2024-11-07, 12:23:55, 136.5, 58.27, 22.98, 22.05, 9999.0, 9.61, 10.0, 21.68, 9999.0, 23.84, 9999.0, 117.91, 127.91, 120.3, 91.25, 138.52
2024-11-07, 12:23:59, 136.5, 58.27, 22.98, 22.05, 9999.0, 9.61, 10.0, 21.7, 9999.0, 23.86, 9999.0, 117.89, 127.89, 120.3, 91.25, 138.55
2024-11-07, 12:24:11, 136.5, 58.27, 22.98, 22.05, 9999.0, 9.59, 10.0, 21.7, 9999.0, 23.89, 9999.0, 117.89, 127.91, 120.3, 91.25, 138.55
2024-11-07, 12:24:15, 136.5, 58.27, 22.98, 22.07, 9999.0, 9.57, 10.0, 21.7, 9999.0, 23.91, 9999.0, 117.89, 127.91, 120.3, 91.25, 138.57
2024-11-07, 12:24:19, 136.52, 58.27, 23.0, 22.05, 9999.0, 9.55, 10.0, 21.73, 9999.0, 23.91, 9999.0, 117.86, 127.91, 120.27, 91.25, 138.57
2024-11-07, 12:24:23, 136.52, 58.27, 23.0, 22.07, 9999.0, 9.52, 10.0, 21.73, 9999.0, 23.91, 9999.0, 117.84, 127.89, 120.27, 91.25, 138.59
2024-11-07, 12:24:27, 136.52, 58.27, 23.0, 22.07, 9999.0, 9.52, 10.0, 21.73, 9999.0, 23.91, 9999.0, 117.84, 127.86, 120.27, 91.25, 138.59
2024-11-07, 12:24:31, 136.52, 58.27, 23.0, 22.07, 9999.0, 9.55, 10.0, 21.7, 9999.0, 23.93, 9999.0, 117.82, 127.86, 120.27, 91.25, 138.59
2024-11-07, 12:24:35, 136.52, 58.27, 23.0, 22.05, 9999.0, 9.55, 10.0, 21.7, 9999.0, 23.95, 9999.0, 117.82, 127.84, 120.25, 91.25, 138.59
2024-11-07, 12:24:39, 136.52, 58.25, 23.0, 22.05, 9999.0, 9.57, 10.0, 21.68, 9999.0, 23.98, 9999.0, 117.8, 127.84, 120.25, 91.25, 138.59
2024-11-07, 12:24:43, 136.52, 58.25, 23.0, 22.07, 9999.0, 9.59, 10.0, 21.68, 9999.0, 23.98, 9999.0, 117.8, 127.84, 120.25, 91.25, 138.57
2024-11-07, 12:24:47, 136.52, 58.25, 23.0, 22.09, 9999.0, 9.61, 10.0, 21.66, 9999.0, 23.98, 9999.0, 117.82, 127.82, 120.25, 91.25, 138.57
2024-11-07, 12:24:51, 136.52, 58.25, 23.0, 22.11, 9999.0, 9.61, 10.0, 21.66, 9999.0, 24.0, 9999.0, 117.82, 127.82, 120.25, 91.25, 138.57
2024-11-07, 12:24:55, 136.52, 58.25, 23.0, 22.14, 9999.0, 9.64, 10.0, 21.66, 9999.0, 24.0, 9999.0, 117.82, 127.8, 120.25, 91.25, 138.59
2024-11-07, 12:24:59, 136.52, 58.25, 23.0, 22.14, 9999.0, 9.66, 10.0, 21.66, 9999.0, 23.98, 9999.0, 117.82, 127.8, 120.25, 91.25, 138.57
2024-11-07, 12:25:03, 136.5, 58.27, 23.0, 22.14, 9999.0, 9.68, 10.0, 21.66, 9999.0, 23.95, 9999.0, 117.86, 127.8, 120.25, 91.25, 138.57
2024-11-07, 12:25:07, 136.5, 58.27, 23.0, 22.11, 9999.0, 9.7, 10.0, 21.66, 9999.0, 23.95, 9999.0, 117.89, 127.82, 120.25, 91.25, 138.55
2024-11-07, 12:25:11, 136.5, 58.27, 23.0, 22.11, 9999.0, 9.73, 10.0, 21.68, 9999.0, 23.95, 9999.0, 117.91, 127.82, 120.25, 91.25, 138.55
2024-11-07, 12:25:15, 136.5, 58.27, 23.0, 22.11, 9999.0, 9.73, 10.0, 21.7, 9999.0, 23.95, 9999.0, 117.93, 127.8, 120.25, 91.25, 138.55
2024-11-07, 12:25:19, 136.5, 58.27, 23.0, 22.14, 9999.0, 9.75, 10.0, 21.7, 9999.0, 23.95, 9999.0, 117.95, 127.82, 120.25, 91.25, 138.57
2024-11-07, 12:25:23, 136.5, 58.27, 23.0, 22.14, 9999.0, 9.73, 10.0, 21.73, 9999.0, 23.98, 9999.0, 117.98, 127.84, 120.27, 91.25, 138.57
2024-11-07, 12:25:27, 136.5, 58.3, 23.0, 22.14, 9999.0, 9.7, 10.0, 21.73, 9999.0, 24.0, 9999.0, 118.0, 127.84, 120.27, 91.25, 138.59
2024-11-07, 12:25:31, 136.5, 58.3, 23.0, 22.14, 9999.0, 9.68, 10.0, 21.75, 9999.0, 24.02, 9999.0, 117.98, 127.84, 120.27, 91.25, 138.59
2024-11-07, 12:25:35, 136.5, 58.3, 23.0, 22.11, 9999.0, 9.66, 10.0, 21.73, 9999.0, 24.05, 9999.0, 117.98, 127.84, 120.27, 91.25, 138.57
2024-11-07, 12:25:39, 136.5, 58.3, 23.0, 22.09, 9999.0, 9.64, 10.0, 21.73, 9999.0, 24.07, 9999.0, 117.95, 127.86, 120.27, 91.25, 138.55
2024-11-07, 12:25:43, 136.5, 58.3, 23.0, 22.07, 9999.0, 9.61, 10.0, 21.7, 9999.0, 24.11, 9999.0, 117.93, 127.86, 120.27, 91.25, 138.55
2024-11-07, 12:25:47, 136.5, 58.27, 23.0, 22.07, 9999.0, 9.59, 10.0, 21.7, 9999.0, 24.14, 9999.0, 117.89, 127.84, 120.27, 91.25, 138.55
2024-11-07, 12:25:51, 136.5, 58.27, 23.0, 22.07, 9999.0, 9.59, 10.0, 21.68, 9999.0, 24.16, 9999.0, 117.86, 127.82, 120.27, 91.25, 138.55
2024-11-07, 12:25:55, 136.5, 58.27, 23.0, 22.09, 9999.0, 9.59, 10.0, 21.68, 9999.0, 24.16, 9999.0, 117.84, 127.82, 120.27, 91.25, 138.55
2024-11-07, 12:25:59, 136.5, 58.27, 23.0, 22.09, 9999.0, 9.59, 10.0, 21.68, 9999.0, 24.16, 9999.0, 117.82, 127.82, 120.27, 91.25, 138.55
2024-11-07, 12:26:03, 136.5, 58.27, 23.0, 22.07, 9999.0, 9.59, 10.0, 21.68, 9999.0, 24.18, 9999.0, 117.8, 127.8, 120.27, 91.25, 138.52
2024-11-07, 12:26:07, 136.5, 58.27, 23.0, 22.09, 9999.0, 9.61, 10.0, 21.66, 9999.0, 24.18, 9999.0, 117.8, 127.77, 120.25, 91.25, 138.55
2024-11-07, 12:26:11, 136.5, 58.25, 23.0, 22.07, 9999.0, 9.64, 10.0, 21.66, 9999.0, 24.16, 9999.0, 117.77, 127.77, 120.25, 91.25, 138.52
2024-11-07, 12:26:15, 136.5, 58.25, 23.0, 22.05, 9999.0, 9.66, 10.0, 21.66, 9999.0, 24.14, 9999.0, 117.8, 127.8, 120.25, 91.25, 138.52
2024-11-07, 12:26:19, 136.52, 58.25, 22.98, 22.05, 9999.0, 9.68, 10.0, 21.68, 9999.0, 24.11, 9999.0, 117.82, 127.82, 120.25, 91.25, 138.52
2024-11-07, 12:26:23, 136.52, 58.25, 22.98, 22.05, 9999.0, 9.7, 10.0, 21.66, 9999.0, 24.09, 9999.0, 117.84, 127.8, 120.25, 91.25, 138.52
2024-11-07, 12:26:27, 136.52, 58.25, 22.98, 22.05, 9999.0, 9.73, 10.0, 21.68, 9999.0, 24.09, 9999.0, 117.86, 127.8, 120.25, 91.25, 138.52
2024-11-07, 12:26:31, 136.52, 58.25, 22.98, 22.05, 9999.0, 9.75, 10.0, 21.68, 9999.0, 24.09, 9999.0, 117.89, 127.8, 120.25, 91.25, 138.55
2024-11-07, 12:26:35, 136.52, 58.25, 22.98, 22.05, 9999.0, 9.75, 10.0, 21.7, 9999.0, 24.09, 9999.0, 117.91, 127.8, 120.25, 91.25, 138.55
2024-11-07, 12:26:39, 136.52, 58.25, 22.95, 22.02, 9999.0, 9.75, 10.0, 21.7, 9999.0, 24.14, 9999.0, 117.93, 127.8, 120.25, 91.25, 138.55
2024-11-07, 12:26:43, 136.52, 58.25, 22.95, 22.02, 9999.0, 9.73, 10.0, 21.68, 9999.0, 24.16, 9999.0, 117.95, 127.8, 120.25, 91.25, 138.55
2024-11-07, 12:26:47, 136.52, 58.25, 22.93, 22.02, 9999.0, 9.7, 10.0, 21.66, 9999.0, 24.16, 9999.0, 117.98, 127.8, 120.25, 91.25, 138.55
2024-11-07, 12:26:51, 136.52, 58.25, 22.93, 22.0, 9999.0, 9.68, 10.0, 21.66, 9999.0, 24.16, 9999.0, 117.95, 127.82, 120.27, 91.25, 138.52
2024-11-07, 12:26:55, 136.52, 58.25, 22.93, 22.0, 9999.0, 9.66, 10.0, 21.64, 9999.0, 24.18, 9999.0, 117.95, 127.82, 120.27, 91.25, 138.52
2024-11-07, 12:26:59, 136.52, 58.25, 22.93, 22.02, 9999.0, 9.64, 10.0, 21.61, 9999.0, 24.2, 9999.0, 117.93, 127.8, 120.27, 91.25, 138.52
2024-11-07, 12:27:03, 136.5, 58.25, 22.95, 22.02, 9999.0, 9.61, 10.0, 21.59, 9999.0, 24.23, 9999.0, 117.91, 127.77, 120.27, 91.25, 138.52
2024-11-07, 12:27:07, 136.5, 58.25, 22.95, 22.05, 9999.0, 9.59, 10.0, 21.59, 9999.0, 24.25, 9999.0, 117.89, 127.77, 120.27, 91.25, 138.52
2024-11-07, 12:27:11, 136.5, 58.25, 22.95, 22.05, 9999.0, 9.59, 10.0, 21.57, 9999.0, 24.25, 9999.0, 117.86, 127.77, 120.27, 91.23, 138.52
2024-11-07, 12:27:15, 136.5, 58.25, 22.95, 22.05, 9999.0, 9.59, 10.0, 21.55, 9999.0, 24.25, 9999.0, 117.84, 127.77, 120.27, 91.23, 138.5
2024-11-07, 12:27:19, 136.5, 58.25, 22.95, 22.07, 9999.0, 9.59, 10.0, 21.55, 9999.0, 24.23, 9999.0, 117.82, 127.77, 120.27, 91.23, 138.5
2024-11-07, 12:27:23, 136.5, 58.25, 22.95, 22.07, 9999.0, 9.61, 10.0, 21.55, 9999.0, 24.18, 9999.0, 117.8, 127.77, 120.27, 91.23, 138.5
2024-11-07, 12:27:27, 136.5, 58.25, 22.95, 22.09, 9999.0, 9.64, 10.0, 21.57, 9999.0, 24.16, 9999.0, 117.8, 127.77, 120.27, 91.23, 138.5
2024-11-07, 12:27:31, 136.5, 58.25, 22.98, 22.09, 9999.0, 9.66, 10.0, 21.57, 9999.0, 24.16, 9999.0, 117.77, 127.77, 120.27, 91.23, 138.5
2024-11-07, 12:27:35, 136.5, 58.25, 22.98, 22.09, 9999.0, 9.68, 10.0, 21.57, 9999.0, 24.14, 9999.0, 117.8, 127.75, 120.25, 91.23, 138.5
2024-11-07, 12:27:40, 136.5, 58.27, 22.95, 22.09, 9999.0, 9.7, 10.0, 21.57, 9999.0, 24.11, 9999.0, 117.82, 127.75, 120.25, 91.23, 138.5
2024-11-07, 12:27:44, 136.5, 58.27, 22.95, 22.07, 9999.0, 9.73, 10.0, 21.59, 9999.0, 24.09, 9999.0, 117.84, 127.75, 120.25, 91.23, 138.5
2024-11-07, 12:27:48, 136.52, 58.3, 22.93, 22.07, 9999.0, 9.75, 10.0, 21.59, 9999.0, 24.09, 9999.0, 117.86, 127.77, 120.25, 91.23, 138.5
2024-11-07, 12:27:52, 136.52, 58.3, 22.93, 22.05, 9999.0, 9.77, 10.0, 21.59, 9999.0, 24.07, 9999.0, 117.89, 127.77, 120.25, 91.23, 138.5
2024-11-07, 12:27:56, 136.52, 58.3, 22.93, 22.05, 9999.0, 9.77, 10.0, 21.59, 9999.0, 24.07, 9999.0, 117.91, 127.77, 120.25, 91.25, 138.5
2024-11-07, 12:28:00, 136.52, 58.3, 22.93, 22.05, 9999.0, 9.75, 10.0, 21.59, 9999.0, 24.09, 9999.0, 117.93, 127.77, 120.25, 91.25, 138.5
2024-11-07, 12:28:04, 136.52, 58.3, 22.93, 22.02, 9999.0, 9.73, 10.0, 21.57, 9999.0, 24.11, 9999.0, 117.93, 127.8, 120.25, 91.25, 138.5
2024-11-07, 12:28:08, 136.52, 58.3, 22.95, 22.02, 9999.0, 9.68, 10.0, 21.55, 9999.0, 24.14, 9999.0, 117.93, 127.8, 120.25, 91.25, 138.5
2024-11-07, 12:28:12, 136.52, 58.3, 22.95, 22.0, 9999.0, 9.66, 10.0, 21.55, 9999.0, 24.16, 9999.0, 117.91, 127.8, 120.25, 91.25, 138.5
2024-11-07, 12:28:16, 136.52, 58.3, 22.95, 22.0, 9999.0, 9.64, 10.0, 21.57, 9999.0, 24.16, 9999.0, 117.91, 127.8, 120.27, 91.25, 138.5
2024-11-07, 12:28:20, 136.55, 58.3, 22.95, 22.02, 9999.0, 9.61, 10.0, 21.59, 9999.0, 24.18, 9999.0, 117.89, 127.8, 120.27, 91.25, 138.5
2024-11-07, 12:28:24, 136.55, 58.27, 22.98, 22.02, 9999.0, 9.59, 10.0, 21.61, 9999.0, 24.2, 9999.0, 117.86, 127.8, 120.27, 91.25, 138.5
2024-11-07, 12:28:28, 136.55, 58.27, 22.95, 22.02, 9999.0, 9.57, 10.0, 21.59, 9999.0, 24.23, 9999.0, 117.82, 127.8, 120.27, 91.25, 138.5
2024-11-07, 12:28:32, 136.52, 58.27, 22.95, 22.02, 9999.0, 9.57, 10.0, 21.59, 9999.0, 24.23, 9999.0, 117.8, 127.77, 120.27, 91.25, 138.5
2024-11-07, 12:28:36, 136.52, 58.3, 22.95, 22.02, 9999.0, 9.55, 10.0, 21.61, 9999.0, 24.23, 9999.0, 117.77, 127.77, 120.27, 91.25, 138.5
2024-11-07, 12:28:40, 136.52, 58.3, 22.93, 22.02, 9999.0, 9.55, 10.0, 21.64, 9999.0, 24.2, 9999.0, 117.75, 127.77, 120.27, 91.25, 138.5
2024-11-07, 12:28:44, 136.52, 58.3, 22.93, 22.02, 9999.0, 9.59, 10.0, 21.66, 9999.0, 24.18, 9999.0, 117.73, 127.77, 120.27, 91.25, 138.5
2024-11-07, 12:28:48, 136.52, 58.3, 22.91, 22.02, 9999.0, 9.61, 10.0, 21.68, 9999.0, 24.16, 9999.0, 117.73, 127.75, 120.27, 91.23, 138.5
2024-11-07, 12:28:52, 136.52, 58.3, 22.89, 22.02, 9999.0, 9.64, 10.0, 21.7, 9999.0, 24.14, 9999.0, 117.73, 127.75, 120.27, 91.23, 138.5
2024-11-07, 12:28:56, 136.52, 58.3, 22.89, 22.02, 9999.0, 9.66, 10.0, 21.7, 9999.0, 24.11, 9999.0, 117.75, 127.75, 120.27, 91.23, 138.5
2024-11-07, 12:29:00, 136.52, 58.3, 22.89, 22.02, 9999.0, 9.68, 10.0, 21.68, 9999.0, 24.09, 9999.0, 117.77, 127.77, 120.25, 91.23, 138.5
2024-11-07, 12:29:04, 136.5, 58.3, 22.89, 22.0, 9999.0, 9.7, 10.0, 21.66, 9999.0, 24.07, 9999.0, 117.8, 127.77, 120.25, 91.23, 138.5
2024-11-07, 12:29:08, 136.5, 58.32, 22.89, 22.0, 9999.0, 9.73, 10.0, 21.66, 9999.0, 24.07, 9999.0, 117.82, 127.77, 120.25, 91.23, 138.5
2024-11-07, 12:29:12, 136.5, 58.34, 22.91, 22.0, 9999.0, 9.75, 10.0, 21.66, 9999.0, 24.07, 9999.0, 117.86, 127.77, 120.25, 91.23, 138.5
2024-11-07, 12:29:16, 136.5, 58.32, 22.91, 22.0, 9999.0, 9.73, 10.0, 21.68, 9999.0, 24.07, 9999.0, 117.89, 127.8, 120.25, 91.23, 138.5
2024-11-07, 12:29:20, 136.5, 58.3, 22.91, 22.0, 9999.0, 9.73, 10.0, 21.66, 9999.0, 24.11, 9999.0, 117.91, 127.82, 120.25, 91.23, 138.5
2024-11-07, 12:29:24, 136.5, 58.3, 22.93, 22.0, 9999.0, 9.7, 10.0, 21.64, 9999.0, 24.16, 9999.0, 117.93, 127.82, 120.25, 91.23, 138.5
2024-11-07, 12:29:28, 136.5, 58.32, 22.93, 22.0, 9999.0, 9.66, 10.0, 21.64, 9999.0, 24.2, 9999.0, 117.95, 127.82, 120.25, 91.23, 138.5
2024-11-07, 12:29:32, 136.5, 58.34, 22.95, 22.0, 9999.0, 9.64, 10.0, 21.64, 9999.0, 24.25, 9999.0, 117.98, 127.82, 120.25, 91.25, 138.5
2024-11-07, 12:29:36, 136.5, 58.36, 22.98, 22.0, 9999.0, 9.61, 10.0, 21.61, 9999.0, 24.27, 9999.0, 117.98, 127.84, 120.25, 91.25, 138.5
2024-11-07, 12:29:40, 136.5, 58.36, 22.95, 22.0, 9999.0, 9.59, 10.0, 21.61, 9999.0, 24.3, 9999.0, 117.95, 127.84, 120.25, 91.25, 138.5
2024-11-07, 12:29:44, 136.5, 58.36, 22.93, 22.0, 9999.0, 9.57, 10.0, 21.61, 9999.0, 24.32, 9999.0, 117.93, 127.82, 120.25, 91.25, 138.5
2024-11-07, 12:29:48, 136.5, 58.39, 22.91, 22.0, 9999.0, 9.57, 10.0, 21.61, 9999.0, 24.34, 9999.0, 117.91, 127.82, 120.25, 91.25, 138.5
2024-11-07, 12:29:52, 136.5, 58.36, 22.89, 22.0, 9999.0, 9.57, 10.0, 21.61, 9999.0, 24.34, 9999.0, 117.89, 127.82, 120.25, 91.25, 138.5
2024-11-07, 12:29:56, 136.5, 58.34, 22.86, 22.0, 9999.0, 9.55, 10.0, 21.64, 9999.0, 24.34, 9999.0, 117.86, 127.82, 120.25, 91.25, 138.5
2024-11-07, 12:30:00, 136.5, 58.36, 22.89, 22.02, 9999.0, 9.59, 10.0, 21.64, 9999.0, 24.32, 9999.0, 117.82, 127.8, 120.25, 91.25, 138.5
2024-11-07, 12:30:04, 136.52, 58.36, 22.86, 22.02, 9999.0, 9.64, 10.0, 21.64, 9999.0, 24.3, 9999.0, 117.82, 127.77, 120.25, 91.25, 138.5
2024-11-07, 12:30:08, 136.52, 58.36, 22.86, 22.02, 9999.0, 9.66, 10.0, 21.66, 9999.0, 24.27, 9999.0, 117.82, 127.77, 120.25, 91.25, 138.5
2024-11-07, 12:30:12, 136.52, 58.34, 22.84, 22.02, 9999.0, 9.68, 10.0, 21.64, 9999.0, 24.23, 9999.0, 117.8, 127.77, 120.25, 91.25, 138.5
2024-11-07, 12:30:16, 136.52, 58.32, 22.82, 22.02, 9999.0, 9.7, 10.0, 21.64, 9999.0, 24.18, 9999.0, 117.8, 127.77, 120.25, 91.25, 138.5
2024-11-07, 12:30:20, 136.52, 58.32, 22.8, 22.02, 9999.0, 9.73, 10.0, 21.64, 9999.0, 24.14, 9999.0, 117.82, 127.75, 120.25, 91.25, 138.5
2024-11-07, 12:30:24, 136.52, 58.32, 22.82, 22.02, 9999.0, 9.75, 10.0, 21.61, 9999.0, 24.09, 9999.0, 117.84, 127.75, 120.25, 91.25, 138.5
2024-11-07, 12:30:28, 136.52, 58.32, 22.84, 22.02, 9999.0, 9.77, 10.0, 21.64, 9999.0, 24.07, 9999.0, 117.86, 127.75, 120.25, 91.25, 138.5
2024-11-07, 12:30:33, 136.52, 58.3, 22.86, 22.02, 9999.0, 9.77, 10.0, 21.64, 9999.0, 24.05, 9999.0, 117.89, 127.75, 120.25, 91.25, 138.5
2024-11-07, 12:30:37, 136.52, 58.32, 22.89, 22.02, 9999.0, 9.75, 10.0, 21.64, 9999.0, 24.02, 9999.0, 117.89, 127.77, 120.25, 91.25, 138.5
2024-11-07, 12:30:41, 136.52, 58.32, 22.89, 22.02, 9999.0, 9.75, 10.0, 21.61, 9999.0, 24.0, 9999.0, 117.89, 127.8, 120.25, 91.25, 138.5
2024-11-07, 12:30:45, 136.52, 58.3, 22.89, 22.0, 9999.0, 9.7, 10.0, 21.61, 9999.0, 24.02, 9999.0, 117.91, 127.82, 120.25, 91.25, 138.5
2024-11-07, 12:30:49, 136.5, 58.3, 22.91, 22.02, 9999.0, 9.66, 10.0, 21.64, 9999.0, 24.02, 9999.0, 117.89, 127.82, 120.25, 91.25, 138.5
2024-11-07, 12:30:54, 136.5, 58.32, 22.91, 22.02, 9999.0, 9.64, 10.0, 21.64, 9999.0, 24.02, 9999.0, 117.86, 127.82, 120.25, 91.25, 138.5
2024-11-07, 12:30:59, 136.5, 58.32, 22.93, 22.05, 9999.0, 9.61, 10.0, 21.64, 9999.0, 24.02, 9999.0, 117.86, 127.82, 120.25, 91.25, 138.5
2024-11-07, 12:31:03, 136.5, 58.32, 22.93, 22.07, 9999.0, 9.59, 10.0, 21.61, 9999.0, 24.05, 9999.0, 117.84, 127.82, 120.25, 91.25, 138.5
2024-11-07, 12:31:07, 136.5, 58.3, 22.95, 22.07, 9999.0, 9.57, 10.0, 21.64, 9999.0, 24.07, 9999.0, 117.82, 127.82, 120.25, 91.25, 138.5
2024-11-07, 12:31:11, 136.5, 58.3, 22.95, 22.07, 9999.0, 9.57, 10.0, 21.66, 9999.0, 24.11, 9999.0, 117.8, 127.82, 120.25, 91.25, 138.5
2024-11-07, 12:31:15, 136.5, 58.3, 22.95, 22.07, 9999.0, 9.57, 10.0, 21.64, 9999.0, 24.11, 9999.0, 117.77, 127.82, 120.25, 91.25, 138.5
2024-11-07, 12:31:19, 136.5, 58.3, 22.95, 22.07, 9999.0, 9.57, 10.0, 21.66, 9999.0, 24.11, 9999.0, 117.75, 127.82, 120.25, 91.25, 138.5
2024-11-07, 12:31:23, 136.5, 58.27, 22.93, 22.07, 9999.0, 9.61, 10.0, 21.66, 9999.0, 24.11, 9999.0, 117.75, 127.8, 120.25, 91.25, 138.5
2024-11-07, 12:31:28, 136.5, 58.3, 22.93, 22.07, 9999.0, 9.64, 10.0, 21.68, 9999.0, 24.11, 9999.0, 117.75, 127.77, 120.25, 91.25, 138.5
2024-11-07, 12:31:32, 136.5, 58.3, 22.93, 22.07, 9999.0, 9.66, 10.0, 21.68, 9999.0, 24.09, 9999.0, 117.75, 127.75, 120.25, 91.25, 138.5
2024-11-07, 12:31:36, 136.5, 58.3, 22.93, 22.05, 9999.0, 9.68, 10.0, 21.66, 9999.0, 24.07, 9999.0, 117.75, 127.75, 120.25, 91.25, 138.5
2024-11-07, 12:31:40, 136.5, 58.27, 22.93, 22.05, 9999.0, 9.7, 10.0, 21.66, 9999.0, 24.05, 9999.0, 117.77, 127.75, 120.25, 91.25, 138.5
2024-11-07, 12:31:44, 136.5, 58.27, 22.93, 22.05, 9999.0, 9.73, 10.0, 21.66, 9999.0, 24.02, 9999.0, 117.8, 127.75, 120.25, 91.25, 138.5
2024-11-07, 12:31:48, 136.5, 58.27, 22.95, 22.02, 9999.0, 9.75, 10.0, 21.68, 9999.0, 24.02, 9999.0, 117.82, 127.75, 120.25, 91.25, 138.5
2024-11-07, 12:31:52, 136.5, 58.27, 22.95, 22.02, 9999.0, 9.77, 10.0, 21.68, 9999.0, 24.02, 9999.0, 117.84, 127.75, 120.25, 91.25, 138.5
2024-11-07, 12:31:56, 136.5, 58.27, 22.93, 22.02, 9999.0, 9.75, 10.0, 21.68, 9999.0, 24.0, 9999.0, 117.86, 127.75, 120.25, 91.25, 138.5
2024-11-07, 12:32:00, 136.5, 58.27, 22.93, 22.02, 9999.0, 9.75, 10.0, 21.68, 9999.0, 24.02, 9999.0, 117.89, 127.75, 120.25, 91.25, 138.5
2024-11-07, 12:32:04, 136.5, 58.27, 22.93, 22.02, 9999.0, 9.73, 10.0, 21.66, 9999.0, 24.05, 9999.0, 117.89, 127.77, 120.25, 91.25, 138.5
2024-11-07, 12:32:08, 136.5, 58.27, 22.95, 22.02, 9999.0, 9.68, 10.0, 21.66, 9999.0, 24.07, 9999.0, 117.89, 127.77, 120.25, 91.25, 138.5
2024-11-07, 12:32:12, 136.5, 58.25, 22.98, 22.02, 9999.0, 9.66, 10.0, 21.66, 9999.0, 24.07, 9999.0, 117.89, 127.77, 120.25, 91.25, 138.5
2024-11-07, 12:32:16, 136.5, 58.25, 22.98, 22.02, 9999.0, 9.64, 10.0, 21.66, 9999.0, 24.09, 9999.0, 117.89, 127.77, 120.25, 91.25, 138.5
2024-11-07, 12:32:20, 136.5, 58.25, 22.98, 22.02, 9999.0, 9.61, 10.0, 21.68, 9999.0, 24.11, 9999.0, 117.89, 127.77, 120.25, 91.25, 138.5
2024-11-07, 12:32:24, 136.5, 58.25, 22.98, 22.02, 9999.0, 9.59, 10.0, 21.68, 9999.0, 24.11, 9999.0, 117.86, 127.77, 120.25, 91.25, 138.5
2024-11-07, 12:32:28, 136.5, 58.25, 22.98, 22.0, 9999.0, 9.57, 10.0, 21.7, 9999.0, 24.14, 9999.0, 117.84, 127.77, 120.25, 91.25, 138.5
2024-11-07, 12:32:32, 136.5, 58.25, 22.95, 22.0, 9999.0, 9.57, 10.0, 21.7, 9999.0, 24.11, 9999.0, 117.82, 127.77, 120.25, 91.25, 138.5
2024-11-07, 12:32:36, 136.5, 58.25, 22.95, 22.0, 9999.0, 9.57, 10.0, 21.7, 9999.0, 24.11, 9999.0, 117.8, 127.77, 120.25, 91.25, 138.5
2024-11-07, 12:32:40, 136.5, 58.25, 22.95, 22.0, 9999.0, 9.59, 10.0, 21.7, 9999.0, 24.11, 9999.0, 117.75, 127.77, 120.25, 91.25, 138.5
2024-11-07, 12:32:44, 136.5, 58.25, 22.95, 22.0, 9999.0, 9.59, 10.0, 21.73, 9999.0, 24.09, 9999.0, 117.7, 127.77, 120.25, 91.25, 138.5
2024-11-07, 12:32:48, 136.5, 58.25, 22.95, 22.0, 9999.0, 9.61, 10.0, 21.75, 9999.0, 24.07, 9999.0, 117.73, 127.75, 120.25, 91.25, 138.5
2024-11-07, 12:32:52, 136.5, 58.25, 22.95, 22.0, 9999.0, 9.64, 10.0, 21.75, 9999.0, 24.05, 9999.0, 117.73, 127.75, 120.25, 91.25, 138.5
2024-11-07, 12:32:56, 136.5, 58.25, 22.95, 22.0, 9999.0, 9.66, 10.0, 21.73, 9999.0, 24.05, 9999.0, 117.75, 127.75, 120.25, 91.25, 138.5
2024-11-07, 12:33:00, 136.5, 58.25, 22.95, 22.0, 9999.0, 9.68, 10.0, 21.73, 9999.0, 24.02, 9999.0, 117.77, 127.75, 120.25, 91.25, 138.5
2024-11-07, 12:33:04, 136.5, 58.25, 22.95, 22.0, 9999.0, 9.7, 10.0, 21.73, 9999.0, 23.98, 9999.0, 117.8, 127.75, 120.25, 91.25, 138.5
2024-11-07, 12:33:08, 136.5, 58.25, 22.95, 22.0, 9999.0, 9.73, 10.0, 21.73, 9999.0, 23.98, 9999.0, 117.82, 127.77, 120.25, 91.25, 138.5
2024-11-07, 12:33:12, 136.5, 58.25, 22.93, 22.0, 9999.0, 9.75, 10.0, 21.73, 9999.0, 23.98, 9999.0, 117.84, 127.77, 120.25, 91.25, 138.5
2024-11-07, 12:33:16, 136.5, 58.25, 22.95, 22.0, 9999.0, 9.75, 10.0, 21.73, 9999.0, 24.0, 9999.0, 117.86, 127.8, 120.25, 91.25, 138.5
2024-11-07, 12:33:20, 136.5, 58.25, 22.95, 22.0, 9999.0, 9.73, 10.0, 21.73, 9999.0, 24.02, 9999.0, 117.89, 127.82, 120.25, 91.25, 138.5
2024-11-07, 12:33:24, 136.5, 58.25, 22.95, 22.0, 9999.0, 9.73, 10.0, 21.73, 9999.0, 24.05, 9999.0, 117.93, 127.84, 120.25, 91.25, 138.5
2024-11-07, 12:33:28, 136.5, 58.25, 22.95, 22.0, 9999.0, 9.7, 10.0, 21.73, 9999.0, 24.07, 9999.0, 117.95, 127.86, 120.25, 91.25, 138.5
2024-11-07, 12:33:32, 136.5, 58.25, 22.95, 22.02, 9999.0, 9.68, 10.0, 21.73, 9999.0, 24.07, 9999.0, 117.93, 127.86, 120.25, 91.25, 138.5
2024-11-07, 12:33:36, 136.5, 58.25, 22.95, 22.02, 9999.0, 9.66, 10.0, 21.73, 9999.0, 24.07, 9999.0, 117.93, 127.86, 120.25, 91.25, 138.5
2024-11-07, 12:33:40, 136.5, 58.25, 22.95, 22.02, 9999.0, 9.64, 10.0, 21.73, 9999.0, 24.07, 9999.0, 117.91, 127.86, 120.25, 91.25, 138.5
2024-11-07, 12:33:44, 136.5, 58.25, 22.93, 22.02, 9999.0, 9.61, 10.0, 21.73, 9999.0, 24.07, 9999.0, 117.89, 127.86, 120.25, 91.25, 138.5
2024-11-07, 12:33:48, 136.5, 58.25, 22.93, 22.02, 9999.0, 9.61, 10.0, 21.73, 9999.0, 24.09, 9999.0, 117.86, 127.86, 120.25, 91.25, 138.5
2024-11-07, 12:33:52, 136.5, 58.25, 22.93, 22.02, 9999.0, 9.61, 10.0, 21.73, 9999.0, 24.09, 9999.0, 117.84, 127.84, 120.25, 91.25, 138.5
2024-11-07, 12:33:56, 136.5, 58.25, 22.95, 22.02, 9999.0, 9.59, 10.0, 21.7, 9999.0, 24.09, 9999.0, 117.82, 127.84, 120.25, 91.25, 138.5
2024-11-07, 12:34:00, 136.5, 58.25, 22.95, 22.02, 9999.0, 9.59, 10.0, 21.7, 9999.0, 24.07, 9999.0, 117.8, 127.82, 120.25, 91.25, 138.5
2024-11-07, 12:34:04, 136.52, 58.25, 22.93, 22.02, 9999.0, 9.61, 10.0, 21.7, 9999.0, 24.05, 9999.0, 117.75, 127.8, 120.25, 91.25, 138.5
2024-11-07, 12:34:08, 136.52, 58.25, 22.95, 22.02, 9999.0, 9.61, 10.0, 21.7, 9999.0, 24.0, 9999.0, 117.73, 127.77, 120.25, 91.25, 138.5
2024-11-07, 12:34:12, 136.52, 58.25, 22.95, 22.02, 9999.0, 9.64, 10.0, 21.7, 9999.0, 23.95, 9999.0, 117.73, 127.75, 120.25, 91.25, 138.5
2024-11-07, 12:34:16, 136.52, 58.25, 22.93, 22.0, 9999.0, 9.66, 10.0, 21.7, 9999.0, 23.93, 9999.0, 117.75, 127.75, 120.25, 91.25, 138.5
2024-11-07, 12:34:20, 136.55, 58.25, 22.93, 22.0, 9999.0, 9.68, 10.0, 21.7, 9999.0, 23.91, 9999.0, 117.77, 127.75, 120.25, 91.25, 138.5
2024-11-07, 12:34:24, 136.55, 58.25, 22.93, 22.0, 9999.0, 9.7, 10.0, 21.73, 9999.0, 23.89, 9999.0, 117.8, 127.75, 120.25, 91.25, 138.5
2024-11-07, 12:34:28, 136.55, 58.25, 22.95, 22.0, 9999.0, 9.73, 10.0, 21.73, 9999.0, 23.89, 9999.0, 117.82, 127.75, 120.25, 91.25, 138.5
2024-11-07, 12:34:32, 136.55, 58.25, 22.95, 22.0, 9999.0, 9.73, 10.0, 21.73, 9999.0, 23.89, 9999.0, 117.84, 127.75, 120.25, 91.25, 138.5
2024-11-07, 12:34:36, 136.57, 58.25, 22.95, 22.0, 9999.0, 9.73, 10.0, 21.73, 9999.0, 23.89, 9999.0, 117.86, 127.77, 120.25, 91.25, 138.5
2024-11-07, 12:34:40, 136.59, 58.25, 22.93, 22.0, 9999.0, 9.73, 10.0, 21.73, 9999.0, 23.89, 9999.0, 117.89, 127.8, 120.25, 91.25, 138.5
2024-11-07, 12:34:44, 136.59, 58.25, 22.93, 22.0, 9999.0, 9.7, 10.0, 21.73, 9999.0, 23.89, 9999.0, 117.89, 127.82, 120.25, 91.25, 138.5
2024-11-07, 12:34:48, 136.59, 58.25, 22.95, 22.0, 9999.0, 9.68, 10.0, 21.73, 9999.0, 23.89, 9999.0, 117.93, 127.82, 120.25, 91.25, 138.5
2024-11-07, 12:34:52, 136.59, 58.25, 22.95, 22.0, 9999.0, 9.66, 10.0, 21.73, 9999.0, 23.91, 9999.0, 117.93, 127.82, 120.25, 91.25, 138.5
2024-11-07, 12:34:56, 136.59, 58.25, 22.95, 22.0, 9999.0, 9.64, 10.0, 21.73, 9999.0, 23.93, 9999.0, 117.93, 127.82, 120.25, 91.25, 138.5
2024-11-07, 12:35:00, 136.59, 58.25, 22.98, 22.0, 9999.0, 9.61, 10.0, 21.73, 9999.0, 23.95, 9999.0, 117.91, 127.82, 120.25, 91.25, 138.5
2024-11-07, 12:35:04, 136.57, 58.25, 22.98, 22.0, 9999.0, 9.59, 10.0, 21.73, 9999.0, 23.98, 9999.0, 117.89, 127.82, 120.25, 91.25, 138.5
2024-11-07, 12:35:08, 136.57, 58.25, 22.98, 22.0, 9999.0, 9.59, 10.0, 21.73, 9999.0, 24.0, 9999.0, 117.86, 127.82, 120.25, 91.25, 138.5
2024-11-07, 12:35:12, 136.57, 58.25, 22.98, 22.0, 9999.0, 9.57, 10.0, 21.73, 9999.0, 24.0, 9999.0, 117.84, 127.82, 120.25, 91.25, 138.5
2024-11-07, 12:35:17, 136.57, 58.25, 22.98, 22.0, 9999.0, 9.57, 10.0, 21.73, 9999.0, 23.98, 9999.0, 117.8, 127.82, 120.25, 91.25, 138.5
2024-11-07, 12:35:21, 136.55, 58.25, 22.98, 22.0, 9999.0, 9.57, 10.0, 21.73, 9999.0, 23.95, 9999.0, 117.77, 127.8, 120.25, 91.25, 138.5
2024-11-07, 12:35:25, 136.52, 58.25, 23.0, 22.0, 9999.0, 9.59, 10.0, 21.75, 9999.0, 23.93, 9999.0, 117.77, 127.77, 120.25, 91.23, 138.5
2024-11-07, 12:35:29, 136.52, 58.25, 23.0, 22.0, 9999.0, 9.61, 10.0, 21.75, 9999.0, 23.91, 9999.0, 117.8, 127.75, 120.25, 91.23, 138.5
2024-11-07, 12:35:33, 136.5, 58.25, 23.0, 22.0, 9999.0, 9.64, 10.0, 21.73, 9999.0, 23.89, 9999.0, 117.77, 127.75, 120.25, 91.23, 138.5
2024-11-07, 12:35:37, 136.5, 58.25, 23.0, 22.0, 9999.0, 9.66, 10.0, 21.7, 9999.0, 23.86, 9999.0, 117.8, 127.75, 120.25, 91.23, 138.5
2024-11-07, 12:35:41, 136.5, 58.25, 23.0, 22.0, 9999.0, 9.68, 10.0, 21.7, 9999.0, 23.84, 9999.0, 117.82, 127.75, 120.25, 91.23, 138.5
2024-11-07, 12:35:45, 136.5, 58.25, 23.0, 22.0, 9999.0, 9.7, 10.0, 21.7, 9999.0, 23.82, 9999.0, 117.84, 127.75, 120.25, 91.23, 138.5
2024-11-07, 12:35:49, 136.5, 58.25, 23.0, 22.0, 9999.0, 9.73, 10.0, 21.7, 9999.0, 23.82, 9999.0, 117.86, 127.75, 120.25, 91.23, 138.5
2024-11-07, 12:35:53, 136.5, 58.25, 23.0, 22.0, 9999.0, 9.7, 10.0, 21.7, 9999.0, 23.82, 9999.0, 117.86, 127.75, 120.25, 91.23, 138.5
2024-11-07, 12:35:57, 136.5, 58.25, 22.98, 22.0, 9999.0, 9.73, 10.0, 21.7, 9999.0, 23.82, 9999.0, 117.89, 127.75, 120.25, 91.2, 138.5
2024-11-07, 12:36:01, 136.5, 58.25, 22.98, 22.02, 9999.0, 9.7, 10.0, 21.7, 9999.0, 23.86, 9999.0, 117.91, 127.75, 120.25, 91.2, 138.5
2024-11-07, 12:36:05, 136.5, 58.25, 22.98, 22.05, 9999.0, 9.68, 10.0, 21.7, 9999.0, 23.91, 9999.0, 117.91, 127.77, 120.25, 91.2, 138.5
2024-11-07, 12:36:09, 136.5, 58.25, 22.98, 22.05, 9999.0, 9.66, 10.0, 21.7, 9999.0, 23.95, 9999.0, 117.89, 127.8, 120.25, 91.23, 138.5
2024-11-07, 12:36:13, 136.5, 58.25, 22.98, 22.05, 9999.0, 9.64, 10.0, 21.7, 9999.0, 23.98, 9999.0, 117.86, 127.8, 120.25, 91.23, 138.5
2024-11-07, 12:36:17, 136.5, 58.25, 22.98, 22.05, 9999.0, 9.61, 10.0, 21.73, 9999.0, 24.0, 9999.0, 117.86, 127.8, 120.25, 91.23, 138.5
2024-11-07, 12:36:21, 136.5, 58.25, 22.98, 22.05, 9999.0, 9.59, 10.0, 21.75, 9999.0, 24.0, 9999.0, 117.84, 127.82, 120.25, 91.23, 138.5
2024-11-07, 12:36:25, 136.5, 58.25, 22.98, 22.05, 9999.0, 9.57, 10.0, 21.75, 9999.0, 24.0, 9999.0, 117.82, 127.82, 120.25, 91.23, 138.5
2024-11-07, 12:36:29, 136.5, 58.25, 22.98, 22.05, 9999.0, 9.57, 10.0, 21.75, 9999.0, 24.0, 9999.0, 117.8, 127.82, 120.25, 91.23, 138.5
2024-11-07, 12:36:33, 136.5, 58.25, 22.98, 22.05, 9999.0, 9.57, 10.0, 21.75, 9999.0, 23.98, 9999.0, 117.77, 127.82, 120.25, 91.23, 138.5
2024-11-07, 12:36:37, 136.5, 58.25, 22.98, 22.05, 9999.0, 9.59, 10.0, 21.75, 9999.0, 23.98, 9999.0, 117.77, 127.82, 120.25, 91.2, 138.5
2024-11-07, 12:36:41, 136.5, 58.25, 23.0, 22.05, 9999.0, 9.59, 10.0, 21.75, 9999.0, 23.98, 9999.0, 117.75, 127.82, 120.25, 91.23, 138.5
2024-11-07, 12:36:45, 136.5, 58.25, 23.0, 22.02, 9999.0, 9.61, 10.0, 21.75, 9999.0, 23.93, 9999.0, 117.77, 127.82, 120.25, 91.2, 138.5
2024-11-07, 12:36:49, 136.5, 58.25, 23.0, 22.0, 9999.0, 9.64, 10.0, 21.75, 9999.0, 23.89, 9999.0, 117.77, 127.8, 120.25, 91.18, 138.5
2024-11-07, 12:36:53, 136.5, 58.25, 23.0, 22.0, 9999.0, 9.66, 10.0, 21.75, 9999.0, 23.84, 9999.0, 117.8, 127.77, 120.25, 91.18, 138.5
2024-11-07, 12:36:57, 136.5, 58.25, 23.0, 22.0, 9999.0, 9.68, 10.0, 21.75, 9999.0, 23.82, 9999.0, 117.82, 127.8, 120.25, 91.18, 138.5
2024-11-07, 12:37:01, 136.5, 58.25, 23.0, 22.0, 9999.0, 9.7, 10.0, 21.75, 9999.0, 23.8, 9999.0, 117.84, 127.8, 120.25, 91.18, 138.5
2024-11-07, 12:37:05, 136.5, 58.25, 23.0, 22.0, 9999.0, 9.73, 10.0, 21.75, 9999.0, 23.82, 9999.0, 117.86, 127.77, 120.25, 91.18, 138.5
2024-11-07, 12:37:09, 136.5, 58.25, 23.0, 22.0, 9999.0, 9.75, 10.0, 21.75, 9999.0, 23.84, 9999.0, 117.89, 127.77, 120.25, 91.16, 138.5
2024-11-07, 12:37:13, 136.5, 58.25, 23.0, 22.0, 9999.0, 9.73, 10.0, 21.75, 9999.0, 23.86, 9999.0, 117.91, 127.77, 120.25, 91.16, 138.5
2024-11-07, 12:37:17, 136.5, 58.25, 23.0, 22.0, 9999.0, 9.73, 10.0, 21.75, 9999.0, 23.91, 9999.0, 117.93, 127.77, 120.25, 91.16, 138.5
2024-11-07, 12:37:21, 136.5, 58.25, 23.0, 22.0, 9999.0, 9.7, 10.0, 21.75, 9999.0, 23.93, 9999.0, 117.93, 127.8, 120.25, 91.18, 138.5
2024-11-07, 12:37:25, 136.5, 58.25, 22.98, 22.0, 9999.0, 9.68, 10.0, 21.73, 9999.0, 23.95, 9999.0, 117.93, 127.82, 120.25, 91.18, 138.5
2024-11-07, 12:37:29, 136.5, 58.25, 22.95, 22.0, 9999.0, 9.66, 10.0, 21.73, 9999.0, 24.0, 9999.0, 117.91, 127.84, 120.25, 91.2, 138.5
2024-11-07, 12:37:33, 136.5, 58.25, 22.93, 22.0, 9999.0, 9.64, 9.98, 21.73, 9999.0, 24.02, 9999.0, 117.91, 127.84, 120.25, 91.23, 138.5
2024-11-07, 12:37:37, 136.5, 58.25, 22.91, 22.0, 9999.0, 9.61, 9.98, 21.73, 9999.0, 24.05, 9999.0, 117.89, 127.86, 120.25, 91.23, 138.5
2024-11-07, 12:37:41, 136.5, 58.25, 22.89, 22.0, 9999.0, 9.59, 9.98, 21.73, 9999.0, 24.07, 9999.0, 117.86, 127.86, 120.25, 91.23, 138.5
2024-11-07, 12:37:45, 136.5, 58.25, 22.89, 22.0, 9999.0, 9.57, 9.98, 21.73, 9999.0, 24.09, 9999.0, 117.84, 127.86, 120.25, 91.2, 138.5
2024-11-07, 12:37:49, 136.5, 58.25, 22.89, 22.0, 9999.0, 9.57, 9.98, 21.73, 9999.0, 24.09, 9999.0, 117.82, 127.86, 120.25, 91.2, 138.5
2024-11-07, 12:37:53, 136.5, 58.25, 22.89, 22.0, 9999.0, 9.55, 9.98, 21.73, 9999.0, 24.07, 9999.0, 117.8, 127.86, 120.25, 91.23, 138.5
2024-11-07, 12:37:57, 136.5, 58.25, 22.86, 22.0, 9999.0, 9.57, 9.98, 21.73, 9999.0, 24.07, 9999.0, 117.77, 127.86, 120.25, 91.23, 138.5
2024-11-07, 12:38:01, 136.5, 58.25, 22.86, 22.0, 9999.0, 9.59, 9.98, 21.73, 9999.0, 24.02, 9999.0, 117.75, 127.86, 120.25, 91.23, 138.5
2024-11-07, 12:38:05, 136.5, 58.25, 22.84, 22.0, 9999.0, 9.61, 9.98, 21.73, 9999.0, 23.98, 9999.0, 117.75, 127.84, 120.25, 91.23, 138.5
2024-11-07, 12:38:09, 136.5, 58.25, 22.86, 22.0, 9999.0, 9.64, 9.98, 21.75, 9999.0, 23.95, 9999.0, 117.75, 127.82, 120.25, 91.23, 138.5
2024-11-07, 12:38:13, 136.5, 58.25, 22.86, 22.0, 9999.0, 9.66, 9.98, 21.75, 9999.0, 23.91, 9999.0, 117.77, 127.8, 120.25, 91.23, 138.5
2024-11-07, 12:38:17, 136.5, 58.25, 22.86, 22.0, 9999.0, 9.68, 10.0, 21.75, 9999.0, 23.89, 9999.0, 117.8, 127.82, 120.25, 91.23, 138.5
2024-11-07, 12:38:21, 136.52, 58.25, 22.89, 22.0, 9999.0, 9.7, 10.0, 21.75, 9999.0, 23.86, 9999.0, 117.82, 127.8, 120.25, 91.23, 138.5
2024-11-07, 12:38:25, 136.52, 58.25, 22.91, 22.0, 9999.0, 9.73, 10.0, 21.75, 9999.0, 23.86, 9999.0, 117.84, 127.8, 120.25, 91.23, 138.5
2024-11-07, 12:38:29, 136.52, 58.25, 22.91, 22.0, 9999.0, 9.73, 10.0, 21.75, 9999.0, 23.86, 9999.0, 117.86, 127.8, 120.25, 91.25, 138.5
2024-11-07, 12:38:33, 136.52, 58.25, 22.91, 22.0, 9999.0, 9.7, 10.0, 21.75, 9999.0, 23.86, 9999.0, 117.89, 127.8, 120.25, 91.25, 138.5
2024-11-07, 12:38:37, 136.52, 58.25, 22.89, 22.0, 9999.0, 9.7, 10.0, 21.75, 9999.0, 23.89, 9999.0, 117.91, 127.8, 120.25, 91.25, 138.5
2024-11-07, 12:38:41, 136.52, 58.25, 22.91, 22.0, 9999.0, 9.68, 10.0, 21.75, 9999.0, 23.89, 9999.0, 117.91, 127.82, 120.25, 91.23, 138.5
2024-11-07, 12:38:45, 136.52, 58.25, 22.91, 22.0, 9999.0, 9.64, 10.0, 21.75, 9999.0, 23.91, 9999.0, 117.91, 127.84, 120.25, 91.2, 138.5
2024-11-07, 12:38:49, 136.52, 58.25, 22.93, 22.0, 9999.0, 9.61, 10.0, 21.75, 9999.0, 23.93, 9999.0, 117.93, 127.84, 120.25, 91.2, 138.5
2024-11-07, 12:38:53, 136.52, 58.25, 22.93, 22.0, 9999.0, 9.59, 10.0, 21.75, 9999.0, 23.93, 9999.0, 117.93, 127.84, 120.25, 91.2, 138.5
2024-11-07, 12:38:57, 136.52, 58.25, 22.95, 22.0, 9999.0, 9.57, 10.0, 21.75, 9999.0, 23.95, 9999.0, 117.91, 127.84, 120.25, 91.2, 138.5
2024-11-07, 12:39:01, 136.52, 58.25, 22.98, 22.0, 9999.0, 9.55, 10.0, 21.75, 9999.0, 23.98, 9999.0, 117.89, 127.84, 120.25, 91.2, 138.5
2024-11-07, 12:39:06, 136.5, 58.25, 22.98, 22.0, 9999.0, 9.52, 10.0, 21.73, 9999.0, 23.98, 9999.0, 117.84, 127.84, 120.25, 91.2, 138.5
2024-11-07, 12:39:10, 136.5, 58.25, 22.98, 22.0, 9999.0, 9.52, 10.0, 21.73, 9999.0, 23.98, 9999.0, 117.82, 127.82, 120.25, 91.2, 138.5
2024-11-07, 12:39:14, 136.5, 58.25, 22.98, 22.0, 9999.0, 9.52, 10.0, 21.7, 9999.0, 23.98, 9999.0, 117.8, 127.82, 120.25, 91.18, 138.5
2024-11-07, 12:39:18, 136.5, 58.25, 22.98, 22.0, 9999.0, 9.55, 10.0, 21.7, 9999.0, 23.95, 9999.0, 117.75, 127.82, 120.25, 91.18, 138.5
2024-11-07, 12:39:22, 136.5, 58.25, 22.98, 22.0, 9999.0, 9.57, 10.0, 21.7, 9999.0, 23.93, 9999.0, 117.73, 127.82, 120.25, 91.18, 138.5
2024-11-07, 12:39:26, 136.52, 58.25, 22.98, 22.0, 9999.0, 9.59, 10.0, 21.7, 9999.0, 23.91, 9999.0, 117.75, 127.8, 120.25, 91.2, 138.5
2024-11-07, 12:39:30, 136.52, 58.25, 22.98, 22.0, 9999.0, 9.61, 10.0, 21.7, 9999.0, 23.89, 9999.0, 117.75, 127.77, 120.25, 91.23, 138.5
2024-11-07, 12:39:34, 136.52, 58.25, 22.98, 22.02, 9999.0, 9.64, 10.0, 21.7, 9999.0, 23.86, 9999.0, 117.75, 127.77, 120.25, 91.23, 138.5
2024-11-07, 12:39:38, 136.52, 58.25, 22.98, 22.02, 9999.0, 9.66, 10.0, 21.7, 9999.0, 23.84, 9999.0, 117.77, 127.77, 120.25, 91.23, 138.5
2024-11-07, 12:39:42, 136.52, 58.25, 22.95, 22.02, 9999.0, 9.68, 10.0, 21.7, 9999.0, 23.8, 9999.0, 117.8, 127.77, 120.25, 91.23, 138.5
2024-11-07, 12:39:46, 136.52, 58.25, 22.95, 22.02, 9999.0, 9.7, 10.0, 21.7, 9999.0, 23.77, 9999.0, 117.82, 127.75, 120.25, 91.23, 138.5
2024-11-07, 12:39:50, 136.52, 58.25, 22.95, 22.02, 9999.0, 9.73, 10.0, 21.73, 9999.0, 23.77, 9999.0, 117.86, 127.75, 120.25, 91.23, 138.5
2024-11-07, 12:39:54, 136.52, 58.25, 22.93, 22.02, 9999.0, 9.7, 10.0, 21.73, 9999.0, 23.77, 9999.0, 117.86, 127.77, 120.25, 91.23, 138.5
2024-11-07, 12:39:58, 136.52, 58.25, 22.93, 22.02, 9999.0, 9.7, 10.0, 21.75, 9999.0, 23.77, 9999.0, 117.89, 127.8, 120.25, 91.25, 138.5
2024-11-07, 12:40:02, 136.52, 58.25, 22.93, 22.02, 9999.0, 9.7, 10.0, 21.75, 9999.0, 23.8, 9999.0, 117.93, 127.82, 120.25, 91.25, 138.5
2024-11-07, 12:40:06, 136.55, 58.25, 22.95, 22.02, 9999.0, 9.7, 10.0, 21.75, 9999.0, 23.82, 9999.0, 117.95, 127.82, 120.25, 91.25, 138.5
2024-11-07, 12:40:10, 136.52, 58.25, 22.93, 22.02, 9999.0, 9.68, 10.0, 21.75, 9999.0, 23.84, 9999.0, 117.93, 127.82, 120.25, 91.25, 138.5
2024-11-07, 12:40:14, 136.52, 58.25, 22.93, 22.02, 9999.0, 9.66, 10.0, 21.75, 9999.0, 23.86, 9999.0, 117.93, 127.84, 120.25, 91.25, 138.5
2024-11-07, 12:40:18, 136.52, 58.25, 22.91, 22.0, 9999.0, 9.64, 10.0, 21.75, 9999.0, 23.89, 9999.0, 117.91, 127.86, 120.25, 91.25, 138.5
2024-11-07, 12:40:22, 136.52, 58.25, 22.89, 22.0, 9999.0, 9.61, 10.0, 21.75, 9999.0, 23.91, 9999.0, 117.89, 127.86, 120.25, 91.25, 138.5
2024-11-07, 12:40:41, 136.52, 58.25, 22.91, 22.0, 9999.0, 9.61, 10.0, 21.75, 9999.0, 23.95, 9999.0, 117.86, 127.86, 120.25, 91.25, 138.5
2024-11-07, 12:40:45, 136.52, 58.25, 22.91, 22.0, 9999.0, 9.61, 10.0, 21.75, 9999.0, 23.98, 9999.0, 117.84, 127.86, 120.25, 91.25, 138.5
2024-11-07, 12:40:49, 136.52, 58.25, 22.91, 22.0, 9999.0, 9.61, 10.0, 21.75, 9999.0, 24.0, 9999.0, 117.82, 127.86, 120.25, 91.25, 138.5
2024-11-07, 12:40:53, 136.52, 58.25, 22.93, 22.0, 9999.0, 9.64, 10.0, 21.75, 9999.0, 24.0, 9999.0, 117.82, 127.84, 120.25, 91.25, 138.5
2024-11-07, 12:40:57, 136.52, 58.25, 22.91, 22.0, 9999.0, 9.66, 10.0, 21.75, 9999.0, 23.98, 9999.0, 117.8, 127.84, 120.25, 91.25, 138.5
2024-11-07, 12:41:01, 136.52, 58.25, 22.91, 22.0, 9999.0, 9.66, 10.0, 21.75, 9999.0, 23.95, 9999.0, 117.77, 127.82, 120.25, 91.25, 138.5
2024-11-07, 12:41:05, 136.5, 58.25, 22.89, 22.0, 9999.0, 9.66, 10.0, 21.75, 9999.0, 23.93, 9999.0, 117.75, 127.82, 120.25, 91.25, 138.5
2024-11-07, 12:41:09, 136.5, 58.25, 22.91, 22.0, 9999.0, 9.68, 10.0, 21.75, 9999.0, 23.91, 9999.0, 117.77, 127.82, 120.25, 91.25, 138.5
2024-11-07, 12:41:13, 136.5, 58.25, 22.91, 22.0, 9999.0, 9.7, 10.0, 21.75, 9999.0, 23.89, 9999.0, 117.8, 127.8, 120.25, 91.25, 138.5
2024-11-07, 12:41:17, 136.5, 58.25, 22.93, 22.0, 9999.0, 9.73, 10.0, 21.75, 9999.0, 23.86, 9999.0, 117.82, 127.77, 120.25, 91.25, 138.5
2024-11-07, 12:41:21, 136.5, 58.25, 22.95, 22.0, 9999.0, 9.75, 10.0, 21.75, 9999.0, 23.84, 9999.0, 117.84, 127.77, 120.25, 91.25, 138.5
2024-11-07, 12:41:25, 136.5, 58.25, 22.95, 22.0, 9999.0, 9.73, 10.0, 21.75, 9999.0, 23.82, 9999.0, 117.86, 127.77, 120.27, 91.25, 138.5
2024-11-07, 12:41:29, 136.5, 58.25, 22.95, 22.0, 9999.0, 9.7, 10.0, 21.75, 9999.0, 23.82, 9999.0, 117.86, 127.77, 120.27, 91.25, 138.5
2024-11-07, 12:41:33, 136.5, 58.25, 22.95, 22.0, 9999.0, 9.68, 10.0, 21.75, 9999.0, 23.82, 9999.0, 117.89, 127.8, 120.27, 91.25, 138.52
2024-11-07, 12:41:37, 136.5, 58.25, 22.93, 22.0, 9999.0, 9.66, 10.0, 21.75, 9999.0, 23.82, 9999.0, 117.91, 127.8, 120.27, 91.25, 138.52
2024-11-07, 12:41:41, 136.5, 58.25, 22.95, 22.0, 9999.0, 9.64, 10.0, 21.75, 9999.0, 23.84, 9999.0, 117.91, 127.8, 120.27, 91.25, 138.52
2024-11-07, 12:41:45, 136.5, 58.25, 22.93, 22.0, 9999.0, 9.61, 10.0, 21.75, 9999.0, 23.86, 9999.0, 117.91, 127.8, 120.27, 91.25, 138.52
2024-11-07, 12:41:49, 136.5, 58.25, 22.93, 22.0, 9999.0, 9.59, 10.0, 21.75, 9999.0, 23.89, 9999.0, 117.91, 127.8, 120.27, 91.25, 138.52
2024-11-07, 12:41:53, 136.5, 58.25, 22.93, 22.0, 9999.0, 9.57, 10.0, 21.75, 9999.0, 23.89, 9999.0, 117.89, 127.8, 120.27, 91.25, 138.52
2024-11-07, 12:41:57, 136.5, 58.25, 22.93, 22.0, 9999.0, 9.55, 10.0, 21.75, 9999.0, 23.89, 9999.0, 117.86, 127.8, 120.27, 91.25, 138.52
2024-11-07, 12:42:01, 136.5, 58.27, 22.93, 22.0, 9999.0, 9.55, 10.0, 21.75, 9999.0, 23.89, 9999.0, 117.84, 127.8, 120.27, 91.25, 138.52
2024-11-07, 12:42:05, 136.5, 58.27, 22.91, 22.0, 9999.0, 9.52, 10.0, 21.75, 9999.0, 23.89, 9999.0, 117.82, 127.8, 120.27, 91.25, 138.52
2024-11-07, 12:42:09, 136.5, 58.27, 22.91, 22.0, 9999.0, 9.55, 10.0, 21.75, 9999.0, 23.89, 9999.0, 117.8, 127.8, 120.25, 91.25, 138.52
2024-11-07, 12:42:14, 136.5, 58.27, 22.91, 22.0, 9999.0, 9.59, 10.0, 21.75, 9999.0, 23.86, 9999.0, 117.8, 127.8, 120.25, 91.25, 138.52
2024-11-07, 12:42:18, 136.5, 58.27, 22.91, 22.0, 9999.0, 9.61, 10.0, 21.75, 9999.0, 23.84, 9999.0, 117.8, 127.77, 120.25, 91.25, 138.52
2024-11-07, 12:42:22, 136.5, 58.27, 22.91, 22.0, 9999.0, 9.64, 10.0, 21.75, 9999.0, 23.82, 9999.0, 117.77, 127.77, 120.25, 91.25, 138.52
2024-11-07, 12:42:26, 136.5, 58.27, 22.91, 22.0, 9999.0, 9.66, 10.0, 21.75, 9999.0, 23.8, 9999.0, 117.77, 127.75, 120.25, 91.25, 138.52
2024-11-07, 12:42:30, 136.5, 58.27, 22.93, 22.0, 9999.0, 9.68, 10.0, 21.75, 9999.0, 23.8, 9999.0, 117.82, 127.75, 120.25, 91.25, 138.52
2024-11-07, 12:42:34, 136.5, 58.27, 22.95, 22.0, 9999.0, 9.7, 10.0, 21.75, 9999.0, 23.77, 9999.0, 117.84, 127.75, 120.25, 91.25, 138.52
2024-11-07, 12:42:38, 136.5, 58.27, 22.95, 22.0, 9999.0, 9.73, 10.0, 21.75, 9999.0, 23.77, 9999.0, 117.86, 127.75, 120.25, 91.25, 138.52
2024-11-07, 12:42:42, 136.5, 58.27, 22.95, 22.0, 9999.0, 9.75, 10.0, 21.75, 9999.0, 23.8, 9999.0, 117.89, 127.75, 120.25, 91.25, 138.52
2024-11-07, 12:42:46, 136.5, 58.25, 22.95, 22.0, 9999.0, 9.73, 10.0, 21.73, 9999.0, 23.8, 9999.0, 117.91, 127.75, 120.25, 91.25, 138.52
2024-11-07, 12:42:50, 136.5, 58.25, 22.95, 22.0, 9999.0, 9.73, 10.0, 21.73, 9999.0, 23.82, 9999.0, 117.93, 127.77, 120.25, 91.25, 138.52
2024-11-07, 12:42:54, 136.5, 58.25, 22.95, 22.0, 9999.0, 9.7, 10.0, 21.73, 9999.0, 23.84, 9999.0, 117.95, 127.77, 120.25, 91.25, 138.52
2024-11-07, 12:42:58, 136.5, 58.25, 22.95, 22.0, 9999.0, 9.66, 10.0, 21.73, 9999.0, 23.84, 9999.0, 117.95, 127.77, 120.25, 91.25, 138.52
2024-11-07, 12:43:02, 136.5, 58.25, 22.95, 22.0, 9999.0, 9.64, 10.0, 21.73, 9999.0, 23.84, 9999.0, 117.93, 127.77, 120.25, 91.25, 138.5
2024-11-07, 12:43:06, 136.52, 58.25, 22.98, 22.0, 9999.0, 9.61, 10.0, 21.73, 9999.0, 23.84, 9999.0, 117.95, 127.8, 120.27, 91.25, 138.5
2024-11-07, 12:43:10, 136.55, 58.25, 22.98, 22.0, 9999.0, 9.59, 10.0, 21.7, 9999.0, 23.84, 9999.0, 117.95, 127.8, 120.27, 91.25, 138.5
2024-11-07, 12:43:14, 136.55, 58.25, 22.98, 22.0, 9999.0, 9.57, 10.0, 21.7, 9999.0, 23.82, 9999.0, 117.91, 127.8, 120.27, 91.25, 138.5
2024-11-07, 12:43:18, 136.55, 58.25, 22.98, 22.0, 9999.0, 9.55, 10.0, 21.7, 9999.0, 23.82, 9999.0, 117.89, 127.82, 120.27, 91.25, 138.52
2024-11-07, 12:43:22, 136.55, 58.25, 22.98, 22.0, 9999.0, 9.55, 10.0, 21.7, 9999.0, 23.82, 9999.0, 117.86, 127.82, 120.27, 91.25, 138.52
2024-11-07, 12:43:26, 136.55, 58.25, 22.98, 22.0, 9999.0, 9.55, 10.0, 21.68, 9999.0, 23.8, 9999.0, 117.84, 127.82, 120.27, 91.25, 138.55
2024-11-07, 12:43:30, 136.55, 58.25, 22.98, 22.0, 9999.0, 9.57, 10.0, 21.7, 9999.0, 23.77, 9999.0, 117.82, 127.82, 120.27, 91.25, 138.55
2024-11-07, 12:43:34, 136.55, 58.25, 23.0, 22.0, 9999.0, 9.59, 10.0, 21.7, 9999.0, 23.73, 9999.0, 117.8, 127.8, 120.27, 91.25, 138.55
2024-11-07, 12:43:38, 136.57, 58.25, 23.0, 22.0, 9999.0, 9.61, 10.0, 21.7, 9999.0, 23.68, 9999.0, 117.77, 127.8, 120.27, 91.25, 138.55
2024-11-07, 12:43:42, 136.57, 58.25, 23.0, 22.0, 9999.0, 9.64, 10.0, 21.7, 9999.0, 23.68, 9999.0, 117.8, 127.8, 120.27, 91.25, 138.55
2024-11-07, 12:43:46, 136.57, 58.25, 23.0, 22.0, 9999.0, 9.66, 10.0, 21.7, 9999.0, 23.66, 9999.0, 117.8, 127.8, 120.27, 91.25, 138.55
2024-11-07, 12:43:50, 136.55, 58.25, 23.0, 22.02, 9999.0, 9.68, 10.0, 21.7, 9999.0, 23.66, 9999.0, 117.8, 127.8, 120.25, 91.25, 138.55
2024-11-07, 12:43:54, 136.52, 58.25, 23.0, 22.02, 9999.0, 9.7, 10.0, 21.73, 9999.0, 23.66, 9999.0, 117.82, 127.82, 120.25, 91.25, 138.55
2024-11-07, 12:43:58, 136.52, 58.25, 23.0, 22.02, 9999.0, 9.73, 10.0, 21.73, 9999.0, 23.66, 9999.0, 117.84, 127.82, 120.25, 91.25, 138.57
2024-11-07, 12:44:02, 136.52, 58.25, 22.98, 22.02, 9999.0, 9.75, 10.0, 21.73, 9999.0, 23.66, 9999.0, 117.86, 127.8, 120.27, 91.25, 138.55
2024-11-07, 12:44:06, 136.55, 58.25, 22.98, 22.02, 9999.0, 9.75, 10.0, 21.73, 9999.0, 23.66, 9999.0, 117.89, 127.8, 120.27, 91.25, 138.55
2024-11-07, 12:44:10, 136.55, 58.25, 22.98, 22.02, 9999.0, 9.75, 10.0, 21.75, 9999.0, 23.66, 9999.0, 117.91, 127.82, 120.3, 91.25, 138.52
2024-11-07, 12:44:14, 136.55, 58.25, 22.98, 22.02, 9999.0, 9.73, 10.0, 21.75, 9999.0, 23.68, 9999.0, 117.93, 127.82, 120.3, 91.25, 138.52
2024-11-07, 12:44:18, 136.55, 58.25, 22.98, 22.02, 9999.0, 9.73, 10.0, 21.75, 9999.0, 23.73, 9999.0, 117.93, 127.84, 120.32, 91.25, 138.52
2024-11-07, 12:44:22, 136.52, 58.25, 22.98, 22.05, 9999.0, 9.7, 10.0, 21.75, 9999.0, 23.75, 9999.0, 117.93, 127.86, 120.32, 91.25, 138.55
2024-11-07, 12:44:26, 136.52, 58.25, 22.98, 22.05, 9999.0, 9.68, 10.0, 21.75, 9999.0, 23.75, 9999.0, 117.91, 127.89, 120.32, 91.25, 138.57
2024-11-07, 12:44:30, 136.52, 58.25, 22.98, 22.05, 9999.0, 9.66, 10.0, 21.75, 9999.0, 23.77, 9999.0, 117.91, 127.89, 120.32, 91.25, 138.57
2024-11-07, 12:44:34, 136.52, 58.25, 22.98, 22.02, 9999.0, 9.64, 10.0, 21.75, 9999.0, 23.77, 9999.0, 117.89, 127.89, 120.32, 91.25, 138.57
2024-11-07, 12:44:38, 136.52, 58.25, 22.98, 22.05, 9999.0, 9.61, 10.0, 21.75, 9999.0, 23.77, 9999.0, 117.86, 127.89, 120.32, 91.25, 138.57
2024-11-07, 12:44:42, 136.52, 58.25, 22.95, 22.05, 9999.0, 9.61, 10.0, 21.75, 9999.0, 23.77, 9999.0, 117.84, 127.89, 120.32, 91.25, 138.57
2024-11-07, 12:44:46, 136.52, 58.25, 22.98, 22.05, 9999.0, 9.61, 10.0, 21.75, 9999.0, 23.77, 9999.0, 117.82, 127.89, 120.32, 91.25, 138.59
2024-11-07, 12:44:50, 136.5, 58.25, 22.98, 22.05, 9999.0, 9.61, 10.0, 21.75, 9999.0, 23.77, 9999.0, 117.8, 127.91, 120.32, 91.25, 138.59
2024-11-07, 12:44:54, 136.5, 58.25, 22.98, 22.05, 9999.0, 9.61, 10.0, 21.75, 9999.0, 23.77, 9999.0, 117.77, 127.89, 120.3, 91.25, 138.61
2024-11-07, 12:44:58, 136.5, 58.25, 22.98, 22.05, 9999.0, 9.64, 10.0, 21.75, 9999.0, 23.77, 9999.0, 117.77, 127.89, 120.3, 91.25, 138.64
2024-11-07, 12:45:02, 136.5, 58.25, 22.98, 22.05, 9999.0, 9.64, 10.0, 21.75, 9999.0, 23.75, 9999.0, 117.77, 127.86, 120.27, 91.25, 138.64
2024-11-07, 12:45:06, 136.5, 58.25, 22.98, 22.02, 9999.0, 9.66, 10.0, 21.75, 9999.0, 23.75, 9999.0, 117.8, 127.84, 120.27, 91.25, 138.64
2024-11-07, 12:45:10, 136.5, 58.25, 22.98, 22.02, 9999.0, 9.68, 10.0, 21.75, 9999.0, 23.75, 9999.0, 117.82, 127.82, 120.27, 91.25, 138.61
2024-11-07, 12:45:14, 136.52, 58.25, 22.95, 22.02, 9999.0, 9.7, 10.0, 21.75, 9999.0, 23.75, 9999.0, 117.84, 127.84, 120.27, 91.25, 138.61
2024-11-07, 12:45:18, 136.52, 58.25, 22.95, 22.02, 9999.0, 9.73, 10.0, 21.75, 9999.0, 23.77, 9999.0, 117.86, 127.84, 120.27, 91.25, 138.61
2024-11-07, 12:45:22, 136.52, 58.25, 22.95, 22.0, 9999.0, 9.75, 10.0, 21.75, 9999.0, 23.8, 9999.0, 117.89, 127.84, 120.27, 91.25, 138.64
2024-11-07, 12:45:26, 136.52, 58.25, 22.98, 22.0, 9999.0, 9.75, 10.0, 21.75, 9999.0, 23.8, 9999.0, 117.91, 127.84, 120.27, 91.25, 138.61
2024-11-07, 12:45:30, 136.52, 58.25, 22.98, 22.0, 9999.0, 9.75, 10.0, 21.75, 9999.0, 23.82, 9999.0, 117.93, 127.86, 120.27, 91.25, 138.61
2024-11-07, 12:45:34, 136.52, 58.25, 22.98, 22.0, 9999.0, 9.73, 10.0, 21.73, 9999.0, 23.84, 9999.0, 117.95, 127.86, 120.27, 91.25, 138.64
2024-11-07, 12:45:38, 136.52, 58.25, 22.98, 22.02, 9999.0, 9.73, 10.0, 21.73, 9999.0, 23.86, 9999.0, 117.98, 127.86, 120.27, 91.25, 138.64
2024-11-07, 12:45:42, 136.52, 58.25, 22.98, 22.02, 9999.0, 9.7, 10.0, 21.73, 9999.0, 23.89, 9999.0, 117.95, 127.86, 120.27, 91.25, 138.64
2024-11-07, 12:45:46, 136.52, 58.25, 22.98, 22.05, 9999.0, 9.68, 10.0, 21.73, 9999.0, 23.91, 9999.0, 117.95, 127.89, 120.27, 91.25, 138.66
2024-11-07, 12:45:50, 136.52, 58.25, 22.98, 22.05, 9999.0, 9.66, 10.0, 21.73, 9999.0, 23.91, 9999.0, 117.93, 127.91, 120.27, 91.25, 138.66
2024-11-07, 12:45:54, 136.52, 58.25, 22.98, 22.07, 9999.0, 9.64, 10.0, 21.73, 9999.0, 23.91, 9999.0, 117.91, 127.93, 120.27, 91.25, 138.68
2024-11-07, 12:45:58, 136.5, 58.25, 23.0, 22.07, 9999.0, 9.61, 10.0, 21.73, 9999.0, 23.93, 9999.0, 117.89, 127.93, 120.3, 91.25, 138.7
2024-11-07, 12:46:03, 136.5, 58.25, 23.0, 22.09, 9999.0, 9.61, 10.0, 21.73, 9999.0, 23.91, 9999.0, 117.86, 127.91, 120.3, 91.25, 138.73
2024-11-07, 12:46:07, 136.5, 58.25, 23.0, 22.11, 9999.0, 9.61, 10.0, 21.73, 9999.0, 23.89, 9999.0, 117.84, 127.89, 120.3, 91.25, 138.73
2024-11-07, 12:46:11, 136.5, 58.25, 23.0, 22.11, 9999.0, 9.61, 10.0, 21.73, 9999.0, 23.89, 9999.0, 117.82, 127.89, 120.3, 91.25, 138.75
2024-11-07, 12:46:15, 136.5, 58.25, 23.0, 22.11, 9999.0, 9.64, 10.0, 21.73, 9999.0, 23.86, 9999.0, 117.8, 127.86, 120.27, 91.25, 138.75
2024-11-07, 12:46:19, 136.5, 58.25, 23.0, 22.11, 9999.0, 9.68, 10.0, 21.75, 9999.0, 23.84, 9999.0, 117.8, 127.84, 120.27, 91.25, 138.73
2024-11-07, 12:46:23, 136.5, 58.25, 23.0, 22.11, 9999.0, 9.68, 10.0, 21.75, 9999.0, 23.82, 9999.0, 117.8, 127.84, 120.27, 91.25, 138.73
2024-11-07, 12:46:27, 136.5, 58.25, 23.0, 22.11, 9999.0, 9.7, 10.0, 21.75, 9999.0, 23.8, 9999.0, 117.8, 127.86, 120.27, 91.25, 138.73
2024-11-07, 12:46:31, 136.5, 58.25, 23.0, 22.09, 9999.0, 9.73, 10.0, 21.75, 9999.0, 23.77, 9999.0, 117.82, 127.86, 120.27, 91.25, 138.7
2024-11-07, 12:46:35, 136.5, 58.25, 23.0, 22.11, 9999.0, 9.75, 10.0, 21.75, 9999.0, 23.77, 9999.0, 117.84, 127.86, 120.27, 91.25, 138.7
2024-11-07, 12:46:39, 136.5, 58.25, 23.0, 22.09, 9999.0, 9.77, 10.0, 21.73, 9999.0, 23.8, 9999.0, 117.86, 127.84, 120.3, 91.25, 138.7
2024-11-07, 12:46:43, 136.5, 58.25, 23.0, 22.11, 9999.0, 9.8, 10.0, 21.73, 9999.0, 23.77, 9999.0, 117.89, 127.82, 120.3, 91.25, 138.7
2024-11-07, 12:46:47, 136.5, 58.25, 23.0, 22.11, 9999.0, 9.8, 10.0, 21.73, 9999.0, 23.8, 9999.0, 117.91, 127.82, 120.3, 91.25, 138.68
2024-11-07, 12:46:51, 136.5, 58.25, 23.0, 22.11, 9999.0, 9.77, 10.0, 21.73, 9999.0, 23.82, 9999.0, 117.93, 127.82, 120.3, 91.25, 138.66
2024-11-07, 12:46:55, 136.5, 58.25, 23.0, 22.14, 9999.0, 9.77, 10.0, 21.73, 9999.0, 23.86, 9999.0, 117.95, 127.84, 120.3, 91.25, 138.64
2024-11-07, 12:46:59, 136.5, 58.25, 23.0, 22.16, 9999.0, 9.73, 10.0, 21.7, 9999.0, 23.89, 9999.0, 117.95, 127.86, 120.32, 91.25, 138.64
2024-11-07, 12:47:03, 136.5, 58.25, 23.0, 22.18, 9999.0, 9.68, 10.0, 21.68, 9999.0, 23.91, 9999.0, 117.93, 127.89, 120.32, 91.25, 138.66
2024-11-07, 12:47:07, 136.5, 58.25, 23.0, 22.18, 9999.0, 9.66, 10.0, 21.68, 9999.0, 23.93, 9999.0, 117.91, 127.89, 120.32, 91.25, 138.66
2024-11-07, 12:47:11, 136.5, 58.25, 23.0, 22.2, 9999.0, 9.64, 10.0, 21.68, 9999.0, 23.95, 9999.0, 117.91, 127.86, 120.32, 91.25, 138.66
2024-11-07, 12:47:15, 136.52, 58.25, 23.0, 22.2, 9999.0, 9.61, 10.0, 21.68, 9999.0, 23.98, 9999.0, 117.89, 127.84, 120.32, 91.25, 138.68
2024-11-07, 12:47:19, 136.55, 58.25, 23.0, 22.2, 9999.0, 9.59, 10.0, 21.68, 9999.0, 24.0, 9999.0, 117.86, 127.82, 120.32, 91.25, 138.66
2024-11-07, 12:47:23, 136.55, 58.25, 23.0, 22.23, 9999.0, 9.59, 10.0, 21.7, 9999.0, 24.0, 9999.0, 117.84, 127.82, 120.3, 91.25, 138.64
2024-11-07, 12:47:27, 136.55, 58.25, 23.0, 22.23, 9999.0, 9.59, 10.0, 21.7, 9999.0, 24.02, 9999.0, 117.82, 127.84, 120.27, 91.25, 138.61
2024-11-07, 12:47:31, 136.55, 58.25, 23.0, 22.23, 9999.0, 9.59, 10.0, 21.68, 9999.0, 24.02, 9999.0, 117.8, 127.84, 120.27, 91.25, 138.61
2024-11-07, 12:47:35, 136.55, 58.25, 23.0, 22.23, 9999.0, 9.64, 10.0, 21.68, 9999.0, 24.02, 9999.0, 117.75, 127.84, 120.27, 91.25, 138.61
2024-11-07, 12:47:39, 136.57, 58.25, 23.0, 22.23, 9999.0, 9.64, 10.0, 21.68, 9999.0, 24.0, 9999.0, 117.75, 127.82, 120.27, 91.25, 138.64
2024-11-07, 12:47:43, 136.57, 58.25, 23.0, 22.2, 9999.0, 9.66, 10.0, 21.68, 9999.0, 23.98, 9999.0, 117.75, 127.8, 120.25, 91.25, 138.61
2024-11-07, 12:47:47, 136.57, 58.25, 23.0, 22.18, 9999.0, 9.68, 10.0, 21.7, 9999.0, 23.98, 9999.0, 117.77, 127.77, 120.25, 91.25, 138.61
2024-11-07, 12:47:51, 136.59, 58.25, 23.0, 22.16, 9999.0, 9.7, 10.0, 21.7, 9999.0, 23.98, 9999.0, 117.8, 127.8, 120.25, 91.25, 138.59
2024-11-07, 12:47:55, 136.61, 58.25, 23.0, 22.14, 9999.0, 9.73, 10.0, 21.68, 9999.0, 23.98, 9999.0, 117.82, 127.82, 120.25, 91.25, 138.57
2024-11-07, 12:47:59, 136.59, 58.25, 23.0, 22.14, 9999.0, 9.75, 10.0, 21.66, 9999.0, 23.98, 9999.0, 117.84, 127.82, 120.25, 91.25, 138.55
2024-11-07, 12:48:03, 136.57, 58.25, 23.0, 22.11, 9999.0, 9.77, 10.0, 21.66, 9999.0, 23.98, 9999.0, 117.86, 127.84, 120.25, 91.25, 138.55
2024-11-07, 12:48:07, 136.57, 58.25, 23.0, 22.11, 9999.0, 9.75, 10.0, 21.66, 9999.0, 23.98, 9999.0, 117.89, 127.86, 120.25, 91.25, 138.55
2024-11-07, 12:48:11, 136.57, 58.25, 22.98, 22.09, 9999.0, 9.73, 10.0, 21.64, 9999.0, 24.0, 9999.0, 117.91, 127.84, 120.27, 91.25, 138.57
2024-11-07, 12:48:15, 136.57, 58.25, 22.98, 22.09, 9999.0, 9.73, 10.0, 21.64, 9999.0, 24.02, 9999.0, 117.91, 127.84, 120.3, 91.25, 138.57
2024-11-07, 12:48:19, 136.57, 58.25, 22.95, 22.07, 9999.0, 9.68, 10.0, 21.61, 9999.0, 24.05, 9999.0, 117.93, 127.86, 120.3, 91.25, 138.59
2024-11-07, 12:48:23, 136.55, 58.25, 22.95, 22.05, 9999.0, 9.66, 10.0, 21.61, 9999.0, 24.05, 9999.0, 117.91, 127.86, 120.3, 91.25, 138.57
2024-11-07, 12:48:27, 136.57, 58.25, 22.95, 22.05, 9999.0, 9.64, 10.0, 21.61, 9999.0, 24.07, 9999.0, 117.91, 127.86, 120.3, 91.25, 138.57
2024-11-07, 12:48:31, 136.57, 58.25, 22.95, 22.05, 9999.0, 9.61, 10.0, 21.59, 9999.0, 24.07, 9999.0, 117.89, 127.89, 120.3, 91.25, 138.55
2024-11-07, 12:48:35, 136.55, 58.25, 22.95, 22.07, 9999.0, 9.59, 10.0, 21.57, 9999.0, 24.07, 9999.0, 117.86, 127.86, 120.3, 91.25, 138.57
2024-11-07, 12:48:39, 136.52, 58.25, 22.95, 22.07, 9999.0, 9.57, 10.0, 21.59, 9999.0, 24.07, 9999.0, 117.84, 127.84, 120.3, 91.25, 138.57
2024-11-07, 12:48:43, 136.52, 58.25, 22.93, 22.07, 9999.0, 9.57, 10.0, 21.61, 9999.0, 24.07, 9999.0, 117.82, 127.84, 120.3, 91.25, 138.57
2024-11-07, 12:48:47, 136.52, 58.25, 22.93, 22.09, 9999.0, 9.57, 9.98, 21.59, 9999.0, 24.07, 9999.0, 117.8, 127.82, 120.3, 91.25, 138.57
2024-11-07, 12:48:51, 136.52, 58.25, 22.93, 22.07, 9999.0, 9.59, 9.98, 21.57, 9999.0, 24.07, 9999.0, 117.77, 127.8, 120.3, 91.25, 138.57
2024-11-07, 12:48:55, 136.52, 58.25, 22.95, 22.07, 9999.0, 9.61, 9.98, 21.57, 9999.0, 24.05, 9999.0, 117.75, 127.8, 120.27, 91.25, 138.55
2024-11-07, 12:48:59, 136.52, 58.25, 22.95, 22.07, 9999.0, 9.61, 9.98, 21.59, 9999.0, 24.02, 9999.0, 117.77, 127.82, 120.25, 91.25, 138.55
2024-11-07, 12:49:03, 136.52, 58.25, 22.95, 22.09, 9999.0, 9.64, 9.98, 21.59, 9999.0, 24.0, 9999.0, 117.77, 127.8, 120.25, 91.25, 138.52
2024-11-07, 12:49:07, 136.52, 58.25, 22.95, 22.11, 9999.0, 9.66, 9.98, 21.57, 9999.0, 24.0, 9999.0, 117.8, 127.8, 120.25, 91.25, 138.52
2024-11-07, 12:49:11, 136.5, 58.25, 22.95, 22.11, 9999.0, 9.68, 9.98, 21.59, 9999.0, 24.0, 9999.0, 117.84, 127.8, 120.25, 91.25, 138.52
2024-11-07, 12:49:15, 136.5, 58.25, 22.95, 22.14, 9999.0, 9.7, 9.98, 21.61, 9999.0, 24.0, 9999.0, 117.86, 127.77, 120.27, 91.25, 138.52
2024-11-07, 12:49:19, 136.5, 58.25, 22.95, 22.11, 9999.0, 9.73, 9.98, 21.61, 9999.0, 24.0, 9999.0, 117.89, 127.77, 120.27, 91.25, 138.5
2024-11-07, 12:49:23, 136.5, 58.25, 22.95, 22.14, 9999.0, 9.75, 9.98, 21.59, 9999.0, 24.0, 9999.0, 117.91, 127.77, 120.27, 91.25, 138.52
2024-11-07, 12:49:27, 136.5, 58.25, 22.98, 22.14, 9999.0, 9.75, 9.98, 21.59, 9999.0, 24.0, 9999.0, 117.93, 127.8, 120.27, 91.25, 138.52
2024-11-07, 12:49:31, 136.5, 58.27, 22.98, 22.11, 9999.0, 9.73, 10.0, 21.61, 9999.0, 24.02, 9999.0, 117.95, 127.8, 120.27, 91.25, 138.52
2024-11-07, 12:49:35, 136.5, 58.27, 22.98, 22.11, 9999.0, 9.73, 10.0, 21.64, 9999.0, 24.05, 9999.0, 117.98, 127.82, 120.27, 91.25, 138.52
2024-11-07, 12:49:39, 136.5, 58.27, 22.98, 22.11, 9999.0, 9.7, 10.0, 21.66, 9999.0, 24.07, 9999.0, 117.98, 127.82, 120.27, 91.25, 138.52
2024-11-07, 12:49:43, 136.5, 58.27, 22.98, 22.09, 9999.0, 9.68, 10.0, 21.66, 9999.0, 24.09, 9999.0, 117.95, 127.8, 120.27, 91.25, 138.52
2024-11-07, 12:49:47, 136.5, 58.27, 23.0, 22.07, 9999.0, 9.66, 10.0, 21.68, 9999.0, 24.11, 9999.0, 117.95, 127.8, 120.27, 91.25, 138.52
2024-11-07, 12:49:52, 136.5, 58.27, 23.0, 22.05, 9999.0, 9.64, 10.0, 21.7, 9999.0, 24.14, 9999.0, 117.93, 127.8, 120.27, 91.25, 138.52
2024-11-07, 12:49:56, 136.5, 58.3, 23.0, 22.07, 9999.0, 9.61, 10.0, 21.68, 9999.0, 24.16, 9999.0, 117.89, 127.8, 120.27, 91.25, 138.52
2024-11-07, 12:50:00, 136.5, 58.3, 23.0, 22.05, 9999.0, 9.59, 10.0, 21.66, 9999.0, 24.18, 9999.0, 117.86, 127.8, 120.27, 91.25, 138.55
2024-11-07, 12:50:04, 136.5, 58.3, 23.0, 22.05, 9999.0, 9.59, 9.98, 21.68, 9999.0, 24.2, 9999.0, 117.84, 127.8, 120.27, 91.25, 138.55
2024-11-07, 12:50:08, 136.5, 58.3, 22.98, 22.05, 9999.0, 9.59, 9.98, 21.68, 9999.0, 24.2, 9999.0, 117.82, 127.8, 120.27, 91.25, 138.52
2024-11-07, 12:50:12, 136.5, 58.3, 22.98, 22.05, 9999.0, 9.59, 9.98, 21.68, 9999.0, 24.2, 9999.0, 117.8, 127.77, 120.27, 91.25, 138.52
2024-11-07, 12:50:16, 136.5, 58.27, 22.98, 22.05, 9999.0, 9.64, 9.98, 21.66, 9999.0, 24.18, 9999.0, 117.77, 127.77, 120.27, 91.25, 138.52
2024-11-07, 12:50:20, 136.5, 58.27, 22.98, 22.05, 9999.0, 9.64, 9.98, 21.64, 9999.0, 24.16, 9999.0, 117.77, 127.75, 120.27, 91.25, 138.52
2024-11-07, 12:50:24, 136.5, 58.27, 22.98, 22.05, 9999.0, 9.66, 9.98, 21.64, 9999.0, 24.14, 9999.0, 117.77, 127.75, 120.27, 91.25, 138.52
2024-11-07, 12:50:28, 136.5, 58.27, 22.98, 22.05, 9999.0, 9.68, 9.98, 21.64, 9999.0, 24.11, 9999.0, 117.77, 127.75, 120.27, 91.25, 138.52
2024-11-07, 12:50:32, 136.5, 58.27, 22.95, 22.07, 9999.0, 9.7, 9.98, 21.61, 9999.0, 24.07, 9999.0, 117.8, 127.77, 120.27, 91.25, 138.52
2024-11-07, 12:50:36, 136.5, 58.27, 22.93, 22.07, 9999.0, 9.73, 9.98, 21.59, 9999.0, 24.05, 9999.0, 117.82, 127.77, 120.3, 91.25, 138.52
2024-11-07, 12:50:40, 136.5, 58.25, 22.93, 22.07, 9999.0, 9.75, 9.98, 21.61, 9999.0, 24.02, 9999.0, 117.84, 127.77, 120.3, 91.25, 138.55
2024-11-07, 12:50:44, 136.5, 58.25, 22.93, 22.09, 9999.0, 9.75, 9.98, 21.64, 9999.0, 24.0, 9999.0, 117.86, 127.77, 120.27, 91.25, 138.55
2024-11-07, 12:50:48, 136.5, 58.25, 22.93, 22.09, 9999.0, 9.75, 10.0, 21.64, 9999.0, 23.98, 9999.0, 117.89, 127.8, 120.27, 91.25, 138.57
2024-11-07, 12:50:52, 136.5, 58.27, 22.95, 22.09, 9999.0, 9.73, 10.0, 21.66, 9999.0, 24.0, 9999.0, 117.91, 127.82, 120.27, 91.25, 138.57
2024-11-07, 12:50:56, 136.5, 58.27, 22.95, 22.09, 9999.0, 9.7, 10.0, 21.66, 9999.0, 24.02, 9999.0, 117.91, 127.82, 120.27, 91.25, 138.57
2024-11-07, 12:51:00, 136.5, 58.3, 22.95, 22.09, 9999.0, 9.66, 10.0, 21.66, 9999.0, 24.05, 9999.0, 117.91, 127.82, 120.27, 91.25, 138.57
2024-11-07, 12:51:04, 136.5, 58.3, 22.95, 22.11, 9999.0, 9.64, 10.0, 21.66, 9999.0, 24.05, 9999.0, 117.91, 127.82, 120.27, 91.25, 138.57
2024-11-07, 12:51:08, 136.5, 58.3, 22.93, 22.11, 9999.0, 9.61, 10.0, 21.66, 9999.0, 24.05, 9999.0, 117.91, 127.84, 120.27, 91.25, 138.57
2024-11-07, 12:51:12, 136.5, 58.3, 22.93, 22.11, 9999.0, 9.59, 10.0, 21.66, 9999.0, 24.05, 9999.0, 117.91, 127.84, 120.27, 91.25, 138.57
2024-11-07, 12:51:16, 136.5, 58.3, 22.93, 22.09, 9999.0, 9.57, 10.0, 21.68, 9999.0, 24.07, 9999.0, 117.89, 127.82, 120.27, 91.25, 138.57
2024-11-07, 12:51:20, 136.5, 58.3, 22.93, 22.09, 9999.0, 9.55, 10.0, 21.68, 9999.0, 24.07, 9999.0, 117.86, 127.82, 120.25, 91.25, 138.57
2024-11-07, 12:51:24, 136.5, 58.3, 22.93, 22.07, 9999.0, 9.55, 10.0, 21.68, 9999.0, 24.09, 9999.0, 117.82, 127.82, 120.25, 91.25, 138.55
2024-11-07, 12:51:28, 136.5, 58.3, 22.91, 22.05, 9999.0, 9.57, 10.0, 21.68, 9999.0, 24.09, 9999.0, 117.8, 127.82, 120.25, 91.25, 138.52
2024-11-07, 12:51:32, 136.5, 58.3, 22.89, 22.05, 9999.0, 9.57, 10.0, 21.66, 9999.0, 24.09, 9999.0, 117.77, 127.8, 120.25, 91.25, 138.5
2024-11-07, 12:51:36, 136.5, 58.3, 22.86, 22.02, 9999.0, 9.61, 10.0, 21.64, 9999.0, 24.09, 9999.0, 117.73, 127.77, 120.25, 91.25, 138.5
2024-11-07, 12:51:40, 136.5, 58.3, 22.84, 22.02, 9999.0, 9.64, 10.0, 21.61, 9999.0, 24.07, 9999.0, 117.73, 127.77, 120.25, 91.25, 138.5
2024-11-07, 12:51:44, 136.5, 58.27, 22.82, 22.02, 9999.0, 9.66, 10.0, 21.64, 9999.0, 24.07, 9999.0, 117.75, 127.77, 120.25, 91.25, 138.5
2024-11-07, 12:51:48, 136.5, 58.27, 22.82, 22.0, 9999.0, 9.68, 10.0, 21.64, 9999.0, 24.07, 9999.0, 117.73, 127.77, 120.25, 91.25, 138.5
2024-11-07, 12:51:52, 136.5, 58.27, 22.84, 22.0, 9999.0, 9.7, 10.0, 21.64, 9999.0, 24.07, 9999.0, 117.75, 127.75, 120.25, 91.25, 138.5
2024-11-07, 12:51:56, 136.5, 58.27, 22.82, 22.0, 9999.0, 9.73, 10.0, 21.64, 9999.0, 24.07, 9999.0, 117.77, 127.75, 120.25, 91.25, 138.5
2024-11-07, 12:52:00, 136.5, 58.27, 22.82, 22.0, 9999.0, 9.75, 10.0, 21.64, 9999.0, 24.09, 9999.0, 117.8, 127.75, 120.25, 91.25, 138.5
2024-11-07, 12:52:04, 136.5, 58.27, 22.84, 22.0, 9999.0, 9.77, 10.0, 21.66, 9999.0, 24.11, 9999.0, 117.82, 127.75, 120.25, 91.25, 138.5
2024-11-07, 12:52:08, 136.5, 58.27, 22.84, 22.0, 9999.0, 9.77, 10.0, 21.66, 9999.0, 24.11, 9999.0, 117.86, 127.75, 120.25, 91.25, 138.5
2024-11-07, 12:52:12, 136.5, 58.27, 22.86, 22.0, 9999.0, 9.75, 10.0, 21.64, 9999.0, 24.16, 9999.0, 117.86, 127.75, 120.25, 91.25, 138.5
2024-11-07, 12:52:16, 136.5, 58.27, 22.89, 22.0, 9999.0, 9.73, 10.0, 21.66, 9999.0, 24.2, 9999.0, 117.86, 127.75, 120.25, 91.25, 138.5
2024-11-07, 12:52:20, 136.5, 58.25, 22.91, 22.0, 9999.0, 9.68, 9.98, 21.66, 9999.0, 24.2, 9999.0, 117.89, 127.75, 120.25, 91.25, 138.5
2024-11-07, 12:52:24, 136.5, 58.25, 22.93, 22.0, 9999.0, 9.66, 9.98, 21.68, 9999.0, 24.23, 9999.0, 117.89, 127.77, 120.25, 91.25, 138.5
2024-11-07, 12:52:28, 136.5, 58.25, 22.93, 22.0, 9999.0, 9.64, 9.98, 21.66, 9999.0, 24.23, 9999.0, 117.86, 127.77, 120.25, 91.25, 138.5
2024-11-07, 12:52:32, 136.5, 58.25, 22.93, 22.0, 9999.0, 9.61, 9.98, 21.68, 9999.0, 24.25, 9999.0, 117.86, 127.77, 120.25, 91.25, 138.5
2024-11-07, 12:52:36, 136.5, 58.27, 22.91, 22.0, 9999.0, 9.59, 9.98, 21.68, 9999.0, 24.25, 9999.0, 117.84, 127.77, 120.25, 91.25, 138.5
2024-11-07, 12:52:40, 136.5, 58.3, 22.93, 22.0, 9999.0, 9.57, 9.98, 21.66, 9999.0, 24.27, 9999.0, 117.82, 127.77, 120.25, 91.25, 138.5
2024-11-07, 12:52:44, 136.5, 58.3, 22.93, 22.0, 9999.0, 9.57, 9.98, 21.64, 9999.0, 24.27, 9999.0, 117.8, 127.77, 120.25, 91.25, 138.5
2024-11-07, 12:52:48, 136.5, 58.3, 22.91, 22.0, 9999.0, 9.55, 9.98, 21.61, 9999.0, 24.27, 9999.0, 117.75, 127.77, 120.25, 91.25, 138.5
2024-11-07, 12:52:52, 136.5, 58.3, 22.91, 22.02, 9999.0, 9.55, 9.98, 21.61, 9999.0, 24.27, 9999.0, 117.7, 127.77, 120.25, 91.25, 138.5
2024-11-07, 12:52:56, 136.5, 58.3, 22.91, 22.02, 9999.0, 9.57, 9.98, 21.64, 9999.0, 24.23, 9999.0, 117.68, 127.77, 120.25, 91.25, 138.5
2024-11-07, 12:53:00, 136.5, 58.3, 22.91, 22.05, 9999.0, 9.59, 9.98, 21.61, 9999.0, 24.18, 9999.0, 117.68, 127.77, 120.25, 91.25, 138.5
2024-11-07, 12:53:04, 136.5, 58.3, 22.91, 22.05, 9999.0, 9.61, 10.0, 21.64, 9999.0, 24.16, 9999.0, 117.68, 127.77, 120.25, 91.25, 138.5
2024-11-07, 12:53:08, 136.5, 58.3, 22.91, 22.05, 9999.0, 9.64, 10.0, 21.64, 9999.0, 24.14, 9999.0, 117.7, 127.75, 120.25, 91.25, 138.5
2024-11-07, 12:53:12, 136.5, 58.3, 22.93, 22.05, 9999.0, 9.66, 10.0, 21.64, 9999.0, 24.11, 9999.0, 117.73, 127.75, 120.25, 91.25, 138.5
2024-11-07, 12:53:16, 136.5, 58.3, 22.91, 22.07, 9999.0, 9.68, 10.0, 21.64, 9999.0, 24.09, 9999.0, 117.75, 127.75, 120.25, 91.25, 138.5
2024-11-07, 12:53:20, 136.5, 58.27, 22.93, 22.07, 9999.0, 9.7, 10.0, 21.64, 9999.0, 24.11, 9999.0, 117.77, 127.75, 120.25, 91.25, 138.5
2024-11-07, 12:53:24, 136.5, 58.25, 22.93, 22.07, 9999.0, 9.7, 10.0, 21.66, 9999.0, 24.09, 9999.0, 117.77, 127.75, 120.25, 91.25, 138.5
2024-11-07, 12:53:28, 136.5, 58.25, 22.95, 22.07, 9999.0, 9.68, 10.0, 21.68, 9999.0, 24.07, 9999.0, 117.8, 127.75, 120.25, 91.25, 138.5
2024-11-07, 12:53:32, 136.5, 58.25, 22.98, 22.07, 9999.0, 9.68, 10.0, 21.7, 9999.0, 24.07, 9999.0, 117.82, 127.77, 120.25, 91.25, 138.5
2024-11-07, 12:53:36, 136.5, 58.25, 22.95, 22.05, 9999.0, 9.66, 10.0, 21.7, 9999.0, 24.07, 9999.0, 117.84, 127.77, 120.25, 91.25, 138.5
2024-11-07, 12:53:41, 136.5, 58.25, 22.95, 22.05, 9999.0, 9.64, 10.0, 21.7, 9999.0, 24.09, 9999.0, 117.86, 127.8, 120.25, 91.25, 138.5
2024-11-07, 12:53:45, 136.5, 58.25, 22.95, 22.02, 9999.0, 9.61, 10.0, 21.73, 9999.0, 24.11, 9999.0, 117.86, 127.82, 120.25, 91.25, 138.5
2024-11-07, 12:53:49, 136.5, 58.25, 22.95, 22.02, 9999.0, 9.59, 10.0, 21.73, 9999.0, 24.11, 9999.0, 117.86, 127.82, 120.25, 91.25, 138.5
2024-11-07, 12:53:53, 136.5, 58.25, 22.95, 22.02, 9999.0, 9.57, 10.0, 21.73, 9999.0, 24.11, 9999.0, 117.84, 127.82, 120.25, 91.23, 138.5
2024-11-07, 12:53:57, 136.5, 58.25, 22.95, 22.02, 9999.0, 9.55, 10.0, 21.73, 9999.0, 24.11, 9999.0, 117.82, 127.82, 120.25, 91.23, 138.5
2024-11-07, 12:54:01, 136.5, 58.25, 22.98, 22.0, 9999.0, 9.52, 10.0, 21.7, 9999.0, 24.11, 9999.0, 117.8, 127.82, 120.25, 91.23, 138.5
2024-11-07, 12:54:05, 136.5, 58.25, 22.95, 22.0, 9999.0, 9.52, 10.0, 21.7, 9999.0, 24.09, 9999.0, 117.77, 127.82, 120.25, 91.23, 138.5
2024-11-07, 12:54:09, 136.5, 58.25, 22.93, 22.0, 9999.0, 9.52, 10.0, 21.7, 9999.0, 24.09, 9999.0, 117.77, 127.82, 120.25, 91.23, 138.5
2024-11-07, 12:54:13, 136.5, 58.25, 22.93, 22.0, 9999.0, 9.55, 10.0, 21.68, 9999.0, 24.09, 9999.0, 117.73, 127.82, 120.25, 91.2, 138.5
2024-11-07, 12:54:17, 136.5, 58.25, 22.93, 22.0, 9999.0, 9.59, 10.0, 21.66, 9999.0, 24.07, 9999.0, 117.7, 127.8, 120.25, 91.2, 138.5
2024-11-07, 12:54:21, 136.5, 58.25, 22.93, 22.0, 9999.0, 9.61, 10.0, 21.66, 9999.0, 24.05, 9999.0, 117.7, 127.8, 120.25, 91.2, 138.5
2024-11-07, 12:54:25, 136.5, 58.25, 22.93, 22.0, 9999.0, 9.64, 10.0, 21.64, 9999.0, 24.02, 9999.0, 117.7, 127.77, 120.25, 91.2, 138.5
2024-11-07, 12:54:29, 136.5, 58.25, 22.91, 22.0, 9999.0, 9.66, 10.0, 21.64, 9999.0, 24.0, 9999.0, 117.7, 127.75, 120.25, 91.2, 138.5
2024-11-07, 12:54:33, 136.5, 58.25, 22.91, 22.0, 9999.0, 9.68, 10.0, 21.64, 9999.0, 24.0, 9999.0, 117.73, 127.75, 120.25, 91.2, 138.5
2024-11-07, 12:54:37, 136.5, 58.25, 22.91, 22.0, 9999.0, 9.7, 10.0, 21.64, 9999.0, 24.0, 9999.0, 117.75, 127.75, 120.25, 91.23, 138.5
2024-11-07, 12:54:41, 136.5, 58.25, 22.89, 22.0, 9999.0, 9.73, 10.0, 21.64, 9999.0, 24.02, 9999.0, 117.77, 127.75, 120.25, 91.23, 138.5
2024-11-07, 12:54:45, 136.5, 58.25, 22.89, 22.0, 9999.0, 9.75, 10.0, 21.66, 9999.0, 24.02, 9999.0, 117.77, 127.75, 120.25, 91.23, 138.5
2024-11-07, 12:54:49, 136.5, 58.25, 22.91, 22.0, 9999.0, 9.73, 10.0, 21.64, 9999.0, 24.02, 9999.0, 117.8, 127.75, 120.25, 91.23, 138.5
2024-11-07, 12:54:53, 136.5, 58.25, 22.93, 22.0, 9999.0, 9.73, 10.0, 21.64, 9999.0, 24.05, 9999.0, 117.8, 127.75, 120.25, 91.23, 138.5
2024-11-07, 12:54:57, 136.5, 58.25, 22.93, 22.0, 9999.0, 9.7, 10.0, 21.66, 9999.0, 24.07, 9999.0, 117.82, 127.75, 120.25, 91.25, 138.5
2024-11-07, 12:55:01, 136.5, 58.25, 22.91, 22.0, 9999.0, 9.66, 10.0, 21.66, 9999.0, 24.09, 9999.0, 117.84, 127.75, 120.25, 91.25, 138.5
2024-11-07, 12:55:05, 136.5, 58.25, 22.93, 22.0, 9999.0, 9.64, 10.0, 21.66, 9999.0, 24.11, 9999.0, 117.84, 127.75, 120.25, 91.25, 138.5
2024-11-07, 12:55:09, 136.5, 58.25, 22.93, 22.0, 9999.0, 9.61, 10.0, 21.68, 9999.0, 24.14, 9999.0, 117.84, 127.75, 120.25, 91.25, 138.5
2024-11-07, 12:55:13, 136.5, 58.25, 22.95, 22.0, 9999.0, 9.59, 10.0, 21.68, 9999.0, 24.16, 9999.0, 117.84, 127.75, 120.25, 91.25, 138.5
2024-11-07, 12:55:17, 136.5, 58.25, 22.93, 22.0, 9999.0, 9.57, 10.0, 21.68, 9999.0, 24.16, 9999.0, 117.82, 127.75, 120.25, 91.25, 138.5
2024-11-07, 12:55:21, 136.5, 58.25, 22.91, 22.0, 9999.0, 9.55, 10.0, 21.68, 9999.0, 24.16, 9999.0, 117.8, 127.75, 120.25, 91.25, 138.5
2024-11-07, 12:55:25, 136.5, 58.25, 22.93, 22.0, 9999.0, 9.55, 10.0, 21.7, 9999.0, 24.14, 9999.0, 117.77, 127.75, 120.25, 91.25, 138.5
2024-11-07, 12:55:29, 136.5, 58.25, 22.93, 22.0, 9999.0, 9.55, 10.0, 21.7, 9999.0, 24.14, 9999.0, 117.75, 127.75, 120.25, 91.25, 138.5
2024-11-07, 12:55:33, 136.5, 58.25, 22.91, 22.0, 9999.0, 9.57, 10.0, 21.73, 9999.0, 24.14, 9999.0, 117.7, 127.75, 120.25, 91.25, 138.5
2024-11-07, 12:55:37, 136.5, 58.25, 22.89, 22.0, 9999.0, 9.61, 10.0, 21.73, 9999.0, 24.11, 9999.0, 117.68, 127.75, 120.25, 91.25, 138.5
2024-11-07, 12:55:41, 136.5, 58.25, 22.89, 22.0, 9999.0, 9.64, 10.0, 21.73, 9999.0, 24.09, 9999.0, 117.68, 127.75, 120.25, 91.23, 138.5
2024-11-07, 12:55:45, 136.5, 58.25, 22.91, 22.0, 9999.0, 9.66, 10.0, 21.73, 9999.0, 24.05, 9999.0, 117.68, 127.75, 120.25, 91.23, 138.5
2024-11-07, 12:55:49, 136.5, 58.25, 22.91, 22.0, 9999.0, 9.68, 10.0, 21.7, 9999.0, 24.0, 9999.0, 117.68, 127.75, 120.25, 91.23, 138.5
2024-11-07, 12:55:53, 136.5, 58.25, 22.89, 22.0, 9999.0, 9.7, 10.0, 21.7, 9999.0, 23.95, 9999.0, 117.7, 127.75, 120.25, 91.23, 138.5
2024-11-07, 12:55:57, 136.5, 58.25, 22.89, 22.0, 9999.0, 9.73, 10.0, 21.7, 9999.0, 23.91, 9999.0, 117.73, 127.75, 120.25, 91.23, 138.5
2024-11-07, 12:56:01, 136.5, 58.25, 22.91, 22.0, 9999.0, 9.75, 10.0, 21.7, 9999.0, 23.91, 9999.0, 117.75, 127.75, 120.25, 91.23, 138.5
2024-11-07, 12:56:05, 136.5, 58.25, 22.93, 22.0, 9999.0, 9.77, 10.0, 21.7, 9999.0, 23.91, 9999.0, 117.77, 127.75, 120.25, 91.23, 138.5
2024-11-07, 12:56:09, 136.5, 58.25, 22.91, 22.0, 9999.0, 9.77, 10.0, 21.7, 9999.0, 23.91, 9999.0, 117.77, 127.75, 120.25, 91.23, 138.5
2024-11-07, 12:56:13, 136.5, 58.25, 22.91, 22.0, 9999.0, 9.77, 10.0, 21.7, 9999.0, 23.93, 9999.0, 117.8, 127.75, 120.25, 91.23, 138.5
2024-11-07, 12:56:17, 136.5, 58.25, 22.93, 22.0, 9999.0, 9.75, 10.0, 21.68, 9999.0, 23.95, 9999.0, 117.82, 127.75, 120.25, 91.23, 138.5
2024-11-07, 12:56:21, 136.5, 58.25, 22.95, 22.0, 9999.0, 9.7, 10.0, 21.68, 9999.0, 23.98, 9999.0, 117.84, 127.75, 120.25, 91.23, 138.5
2024-11-07, 12:56:25, 136.5, 58.25, 22.95, 22.0, 9999.0, 9.68, 10.0, 21.68, 9999.0, 24.0, 9999.0, 117.84, 127.75, 120.25, 91.25, 138.5
2024-11-07, 12:56:29, 136.5, 58.25, 22.95, 22.0, 9999.0, 9.66, 10.0, 21.7, 9999.0, 24.02, 9999.0, 117.84, 127.77, 120.25, 91.25, 138.5
2024-11-07, 12:56:33, 136.5, 58.25, 22.95, 22.0, 9999.0, 9.64, 10.0, 21.73, 9999.0, 24.07, 9999.0, 117.84, 127.77, 120.25, 91.25, 138.5
2024-11-07, 12:56:37, 136.5, 58.25, 22.98, 22.0, 9999.0, 9.61, 9.98, 21.73, 9999.0, 24.09, 9999.0, 117.82, 127.77, 120.25, 91.25, 138.5
2024-11-07, 12:56:41, 136.5, 58.25, 22.98, 22.0, 9999.0, 9.59, 9.98, 21.73, 9999.0, 24.11, 9999.0, 117.8, 127.77, 120.25, 91.25, 138.5
2024-11-07, 12:56:45, 136.5, 58.25, 22.98, 22.0, 9999.0, 9.57, 9.98, 21.73, 9999.0, 24.11, 9999.0, 117.75, 127.77, 120.25, 91.25, 138.5
2024-11-07, 12:56:49, 136.5, 58.25, 22.98, 22.0, 9999.0, 9.57, 9.98, 21.73, 9999.0, 24.11, 9999.0, 117.7, 127.8, 120.25, 91.25, 138.5
2024-11-07, 12:56:53, 136.5, 58.25, 23.0, 22.0, 9999.0, 9.57, 9.98, 21.73, 9999.0, 24.11, 9999.0, 117.68, 127.8, 120.25, 91.25, 138.5
2024-11-07, 12:56:57, 136.5, 58.25, 23.0, 22.0, 9999.0, 9.57, 9.98, 21.73, 9999.0, 24.09, 9999.0, 117.66, 127.8, 120.25, 91.25, 138.5
2024-11-07, 12:57:01, 136.5, 58.25, 23.0, 22.0, 9999.0, 9.59, 9.98, 21.75, 9999.0, 24.07, 9999.0, 117.66, 127.8, 120.25, 91.25, 138.5
2024-11-07, 12:57:05, 136.5, 58.25, 22.98, 22.0, 9999.0, 9.61, 9.98, 21.75, 9999.0, 24.05, 9999.0, 117.66, 127.8, 120.25, 91.25, 138.5
2024-11-07, 12:57:09, 136.5, 58.25, 22.98, 22.0, 9999.0, 9.64, 9.98, 21.75, 9999.0, 24.02, 9999.0, 117.66, 127.8, 120.25, 91.25, 138.5
2024-11-07, 12:57:13, 136.5, 58.25, 22.98, 22.0, 9999.0, 9.66, 9.98, 21.75, 9999.0, 24.02, 9999.0, 117.68, 127.8, 120.25, 91.25, 138.5
2024-11-07, 12:57:18, 136.52, 58.25, 22.98, 22.0, 9999.0, 9.68, 9.98, 21.73, 9999.0, 24.0, 9999.0, 117.7, 127.8, 120.25, 91.25, 138.5
2024-11-07, 12:57:22, 136.52, 58.25, 22.95, 22.0, 9999.0, 9.68, 10.0, 21.73, 9999.0, 24.0, 9999.0, 117.73, 127.8, 120.25, 91.25, 138.5
2024-11-07, 12:57:26, 136.52, 58.25, 22.95, 22.0, 9999.0, 9.7, 10.0, 21.73, 9999.0, 24.0, 9999.0, 117.75, 127.8, 120.25, 91.25, 138.5
2024-11-07, 12:57:30, 136.52, 58.25, 22.95, 22.0, 9999.0, 9.7, 10.0, 21.7, 9999.0, 24.0, 9999.0, 117.77, 127.8, 120.25, 91.25, 138.5
2024-11-07, 12:57:34, 136.52, 58.25, 22.95, 22.0, 9999.0, 9.68, 10.0, 21.7, 9999.0, 24.02, 9999.0, 117.8, 127.8, 120.25, 91.25, 138.5
2024-11-07, 12:57:38, 136.52, 58.25, 22.95, 22.0, 9999.0, 9.66, 10.0, 21.7, 9999.0, 24.02, 9999.0, 117.82, 127.82, 120.25, 91.25, 138.5
2024-11-07, 12:57:42, 136.52, 58.25, 22.95, 22.0, 9999.0, 9.64, 10.0, 21.7, 9999.0, 24.02, 9999.0, 117.84, 127.82, 120.25, 91.25, 138.5
2024-11-07, 12:57:46, 136.52, 58.25, 22.95, 22.0, 9999.0, 9.61, 10.0, 21.7, 9999.0, 24.02, 9999.0, 117.84, 127.82, 120.25, 91.25, 138.5
2024-11-07, 12:57:50, 136.52, 58.25, 22.98, 22.0, 9999.0, 9.59, 10.0, 21.7, 9999.0, 24.02, 9999.0, 117.84, 127.84, 120.25, 91.25, 138.5
2024-11-07, 12:57:54, 136.52, 58.25, 22.98, 22.0, 9999.0, 9.57, 10.0, 21.7, 9999.0, 24.02, 9999.0, 117.84, 127.84, 120.25, 91.23, 138.5
2024-11-07, 12:57:58, 136.55, 58.25, 22.98, 22.0, 9999.0, 9.55, 10.0, 21.7, 9999.0, 24.02, 9999.0, 117.82, 127.82, 120.25, 91.23, 138.5
2024-11-07, 12:58:02, 136.52, 58.25, 22.98, 22.0, 9999.0, 9.52, 10.0, 21.73, 9999.0, 24.05, 9999.0, 117.8, 127.82, 120.25, 91.23, 138.5
2024-11-07, 12:58:06, 136.52, 58.25, 23.0, 22.0, 9999.0, 9.55, 10.0, 21.73, 9999.0, 24.05, 9999.0, 117.77, 127.82, 120.25, 91.23, 138.5
2024-11-07, 12:58:10, 136.52, 58.25, 23.0, 22.0, 9999.0, 9.52, 10.0, 21.7, 9999.0, 24.05, 9999.0, 117.73, 127.82, 120.25, 91.23, 138.5
2024-11-07, 12:58:14, 136.52, 58.25, 23.0, 22.0, 9999.0, 9.55, 10.0, 21.73, 9999.0, 24.05, 9999.0, 117.73, 127.82, 120.25, 91.23, 138.5
2024-11-07, 12:58:18, 136.52, 58.25, 23.0, 22.0, 9999.0, 9.57, 10.0, 21.73, 9999.0, 24.02, 9999.0, 117.7, 127.8, 120.25, 91.23, 138.5
2024-11-07, 12:58:22, 136.52, 58.25, 23.0, 22.0, 9999.0, 9.59, 10.0, 21.73, 9999.0, 24.02, 9999.0, 117.7, 127.77, 120.25, 91.23, 138.5
2024-11-07, 12:58:26, 136.52, 58.25, 23.0, 22.0, 9999.0, 9.61, 10.0, 21.73, 9999.0, 24.02, 9999.0, 117.7, 127.77, 120.25, 91.23, 138.5
2024-11-07, 12:58:30, 136.52, 58.25, 23.0, 22.0, 9999.0, 9.64, 10.0, 21.73, 9999.0, 24.02, 9999.0, 117.73, 127.77, 120.25, 91.23, 138.5
2024-11-07, 12:58:34, 136.52, 58.25, 23.0, 22.0, 9999.0, 9.66, 10.0, 21.73, 9999.0, 24.0, 9999.0, 117.75, 127.75, 120.25, 91.23, 138.5
2024-11-07, 12:58:38, 136.52, 58.25, 23.0, 22.0, 9999.0, 9.68, 10.0, 21.73, 9999.0, 23.98, 9999.0, 117.77, 127.75, 120.25, 91.25, 138.5
2024-11-07, 12:58:42, 136.5, 58.25, 23.0, 22.0, 9999.0, 9.7, 10.0, 21.73, 9999.0, 23.98, 9999.0, 117.8, 127.75, 120.25, 91.25, 138.5
2024-11-07, 12:58:46, 136.5, 58.25, 23.0, 22.0, 9999.0, 9.73, 10.0, 21.73, 9999.0, 23.95, 9999.0, 117.8, 127.75, 120.25, 91.25, 138.5
2024-11-07, 12:58:50, 136.5, 58.25, 23.0, 22.0, 9999.0, 9.7, 10.0, 21.73, 9999.0, 23.95, 9999.0, 117.8, 127.75, 120.25, 91.25, 138.5
2024-11-07, 12:58:54, 136.5, 58.25, 23.0, 22.0, 9999.0, 9.7, 9.98, 21.75, 9999.0, 23.98, 9999.0, 117.82, 127.75, 120.25, 91.25, 138.5
2024-11-07, 12:58:58, 136.5, 58.25, 23.0, 22.0, 9999.0, 9.68, 9.98, 21.75, 9999.0, 24.0, 9999.0, 117.82, 127.75, 120.25, 91.25, 138.5
2024-11-07, 12:59:02, 136.5, 58.25, 23.0, 22.0, 9999.0, 9.66, 9.98, 21.75, 9999.0, 24.0, 9999.0, 117.84, 127.75, 120.25, 91.25, 138.5
2024-11-07, 12:59:06, 136.5, 58.25, 23.0, 22.0, 9999.0, 9.64, 9.98, 21.75, 9999.0, 24.0, 9999.0, 117.84, 127.77, 120.25, 91.25, 138.5
2024-11-07, 12:59:10, 136.5, 58.25, 23.0, 22.0, 9999.0, 9.61, 9.98, 21.75, 9999.0, 24.0, 9999.0, 117.84, 127.77, 120.25, 91.25, 138.5
2024-11-07, 12:59:14, 136.5, 58.25, 23.0, 22.0, 9999.0, 9.59, 9.98, 21.75, 9999.0, 24.0, 9999.0, 117.82, 127.77, 120.25, 91.25, 138.5
2024-11-07, 12:59:18, 136.5, 58.25, 23.0, 22.0, 9999.0, 9.57, 9.98, 21.75, 9999.0, 24.02, 9999.0, 117.8, 127.77, 120.25, 91.25, 138.5
2024-11-07, 12:59:22, 136.5, 58.25, 23.0, 22.0, 9999.0, 9.55, 9.98, 21.75, 9999.0, 24.05, 9999.0, 117.77, 127.77, 120.25, 91.25, 138.5
2024-11-07, 12:59:26, 136.5, 58.25, 23.0, 22.0, 9999.0, 9.55, 9.98, 21.75, 9999.0, 24.05, 9999.0, 117.75, 127.77, 120.25, 91.23, 138.5
2024-11-07, 12:59:30, 136.5, 58.25, 23.0, 22.0, 9999.0, 9.52, 9.98, 21.75, 9999.0, 24.05, 9999.0, 117.75, 127.77, 120.25, 91.23, 138.5
2024-11-07, 12:59:34, 136.5, 58.25, 23.0, 22.0, 9999.0, 9.55, 9.98, 21.73, 9999.0, 24.05, 9999.0, 117.73, 127.77, 120.25, 91.2, 138.5
2024-11-07, 12:59:38, 136.5, 58.25, 23.0, 22.0, 9999.0, 9.57, 10.0, 21.73, 9999.0, 24.0, 9999.0, 117.7, 127.77, 120.25, 91.2, 138.5
2024-11-07, 12:59:42, 136.5, 58.25, 23.0, 22.02, 9999.0, 9.59, 10.0, 21.73, 9999.0, 23.98, 9999.0, 117.7, 127.77, 120.25, 91.2, 138.5
2024-11-07, 12:59:46, 136.5, 58.25, 23.0, 22.02, 9999.0, 9.61, 10.0, 21.7, 9999.0, 23.98, 9999.0, 117.7, 127.77, 120.25, 91.2, 138.5
2024-11-07, 12:59:50, 136.5, 58.25, 23.0, 22.02, 9999.0, 9.64, 10.0, 21.7, 9999.0, 23.98, 9999.0, 117.73, 127.75, 120.25, 91.2, 138.5
2024-11-07, 12:59:54, 136.5, 58.25, 23.0, 22.02, 9999.0, 9.66, 10.0, 21.68, 9999.0, 23.95, 9999.0, 117.75, 127.75, 120.25, 91.2, 138.5
2024-11-07, 12:59:58, 136.5, 58.25, 23.0, 22.02, 9999.0, 9.68, 10.0, 21.68, 9999.0, 23.93, 9999.0, 117.77, 127.75, 120.25, 91.2, 138.5
2024-11-07, 13:00:02, 136.5, 58.25, 22.98, 22.02, 9999.0, 9.7, 10.0, 21.68, 9999.0, 23.93, 9999.0, 117.8, 127.77, 120.25, 91.2, 138.5
2024-11-07, 13:00:06, 136.5, 58.25, 22.95, 22.02, 9999.0, 9.73, 10.0, 21.68, 9999.0, 23.93, 9999.0, 117.82, 127.77, 120.25, 91.2, 138.5
2024-11-07, 13:00:10, 136.5, 58.25, 22.93, 22.02, 9999.0, 9.7, 10.0, 21.68, 9999.0, 23.93, 9999.0, 117.82, 127.8, 120.25, 91.23, 138.5
2024-11-07, 13:00:14, 136.5, 58.25, 22.93, 22.02, 9999.0, 9.7, 10.0, 21.68, 9999.0, 23.95, 9999.0, 117.84, 127.8, 120.25, 91.23, 138.5
2024-11-07, 13:00:18, 136.5, 58.25, 22.93, 22.02, 9999.0, 9.68, 10.0, 21.7, 9999.0, 23.95, 9999.0, 117.89, 127.8, 120.25, 91.25, 138.5
2024-11-07, 13:00:23, 136.5, 58.25, 22.91, 22.02, 9999.0, 9.66, 10.0, 21.68, 9999.0, 23.98, 9999.0, 117.91, 127.8, 120.25, 91.25, 138.5
2024-11-07, 13:00:27, 136.5, 58.25, 22.91, 22.0, 9999.0, 9.64, 10.0, 21.68, 9999.0, 23.98, 9999.0, 117.91, 127.82, 120.25, 91.25, 138.5
2024-11-07, 13:00:31, 136.5, 58.25, 22.91, 22.0, 9999.0, 9.61, 10.0, 21.7, 9999.0, 23.98, 9999.0, 117.91, 127.84, 120.25, 91.25, 138.5
2024-11-07, 13:00:35, 136.5, 58.25, 22.89, 22.0, 9999.0, 9.59, 10.0, 21.7, 9999.0, 23.98, 9999.0, 117.89, 127.84, 120.25, 91.25, 138.5
2024-11-07, 13:00:39, 136.5, 58.25, 22.89, 22.0, 9999.0, 9.57, 10.0, 21.73, 9999.0, 24.0, 9999.0, 117.86, 127.84, 120.25, 91.25, 138.5
2024-11-07, 13:00:44, 136.5, 58.25, 22.89, 22.0, 9999.0, 9.57, 10.0, 21.73, 9999.0, 24.0, 9999.0, 117.84, 127.84, 120.25, 91.25, 138.5
2024-11-07, 13:00:48, 136.5, 58.25, 22.91, 22.0, 9999.0, 9.57, 10.0, 21.73, 9999.0, 23.98, 9999.0, 117.82, 127.82, 120.25, 91.25, 138.5
2024-11-07, 13:00:52, 136.5, 58.25, 22.91, 22.0, 9999.0, 9.57, 10.0, 21.73, 9999.0, 23.95, 9999.0, 117.8, 127.82, 120.25, 91.25, 138.5
2024-11-07, 13:00:56, 136.5, 58.25, 22.91, 22.0, 9999.0, 9.59, 10.0, 21.73, 9999.0, 23.93, 9999.0, 117.8, 127.82, 120.25, 91.25, 138.5
2024-11-07, 13:01:00, 136.5, 58.25, 22.91, 22.0, 9999.0, 9.61, 10.0, 21.73, 9999.0, 23.89, 9999.0, 117.75, 127.82, 120.25, 91.25, 138.5
2024-11-07, 13:01:04, 136.5, 58.25, 22.91, 22.0, 9999.0, 9.64, 10.0, 21.73, 9999.0, 23.86, 9999.0, 117.73, 127.82, 120.25, 91.25, 138.5
2024-11-07, 13:01:08, 136.5, 58.25, 22.93, 22.0, 9999.0, 9.66, 10.0, 21.75, 9999.0, 23.84, 9999.0, 117.73, 127.82, 120.25, 91.25, 138.5
2024-11-07, 13:01:12, 136.5, 58.25, 22.91, 22.0, 9999.0, 9.68, 10.0, 21.75, 9999.0, 23.82, 9999.0, 117.75, 127.82, 120.25, 91.25, 138.5
2024-11-07, 13:01:16, 136.5, 58.25, 22.91, 22.0, 9999.0, 9.7, 10.0, 21.75, 9999.0, 23.8, 9999.0, 117.77, 127.8, 120.25, 91.25, 138.5
2024-11-07, 13:01:20, 136.5, 58.25, 22.93, 22.0, 9999.0, 9.73, 10.0, 21.75, 9999.0, 23.77, 9999.0, 117.8, 127.8, 120.25, 91.25, 138.5
2024-11-07, 13:01:24, 136.5, 58.25, 22.93, 22.0, 9999.0, 9.75, 10.0, 21.75, 9999.0, 23.75, 9999.0, 117.82, 127.8, 120.25, 91.25, 138.5
2024-11-07, 13:01:28, 136.52, 58.25, 22.93, 22.0, 9999.0, 9.75, 10.0, 21.75, 9999.0, 23.75, 9999.0, 117.84, 127.8, 120.25, 91.25, 138.5
2024-11-07, 13:01:32, 136.52, 58.25, 22.93, 22.0, 9999.0, 9.73, 10.0, 21.75, 9999.0, 23.77, 9999.0, 117.84, 127.8, 120.25, 91.25, 138.5
2024-11-07, 13:01:36, 136.52, 58.25, 22.95, 22.0, 9999.0, 9.7, 10.0, 21.75, 9999.0, 23.82, 9999.0, 117.84, 127.82, 120.25, 91.25, 138.5
2024-11-07, 13:01:40, 136.52, 58.25, 22.98, 22.0, 9999.0, 9.68, 10.0, 21.73, 9999.0, 23.86, 9999.0, 117.86, 127.82, 120.25, 91.25, 138.5
2024-11-07, 13:01:44, 136.52, 58.25, 22.95, 22.0, 9999.0, 9.66, 10.0, 21.73, 9999.0, 23.89, 9999.0, 117.89, 127.84, 120.25, 91.25, 138.5
2024-11-07, 13:01:49, 136.52, 58.25, 22.95, 22.0, 9999.0, 9.64, 10.0, 21.73, 9999.0, 23.91, 9999.0, 117.89, 127.86, 120.25, 91.25, 138.5
2024-11-07, 13:01:53, 136.52, 58.25, 22.95, 22.0, 9999.0, 9.61, 10.0, 21.73, 9999.0, 23.93, 9999.0, 117.89, 127.86, 120.25, 91.25, 138.5
2024-11-07, 13:01:57, 136.52, 58.25, 22.95, 22.0, 9999.0, 9.59, 10.0, 21.73, 9999.0, 23.95, 9999.0, 117.86, 127.86, 120.25, 91.25, 138.5
2024-11-07, 13:02:01, 136.52, 58.25, 22.95, 22.0, 9999.0, 9.57, 10.0, 21.73, 9999.0, 23.98, 9999.0, 117.84, 127.86, 120.25, 91.25, 138.5
2024-11-07, 13:02:05, 136.52, 58.25, 22.95, 22.0, 9999.0, 9.57, 10.0, 21.73, 9999.0, 23.98, 9999.0, 117.82, 127.86, 120.25, 91.25, 138.5
2024-11-07, 13:02:09, 136.52, 58.25, 22.95, 22.0, 9999.0, 9.57, 10.0, 21.73, 9999.0, 24.0, 9999.0, 117.8, 127.86, 120.25, 91.25, 138.5
2024-11-07, 13:02:13, 136.5, 58.25, 22.95, 22.0, 9999.0, 9.57, 10.0, 21.73, 9999.0, 24.02, 9999.0, 117.75, 127.86, 120.25, 91.25, 138.5
2024-11-07, 13:02:17, 136.5, 58.25, 22.95, 22.0, 9999.0, 9.61, 10.0, 21.73, 9999.0, 24.02, 9999.0, 117.75, 127.86, 120.25, 91.25, 138.5
2024-11-07, 13:02:21, 136.5, 58.25, 22.93, 22.0, 9999.0, 9.64, 10.0, 21.73, 9999.0, 23.98, 9999.0, 117.75, 127.84, 120.25, 91.25, 138.5
2024-11-07, 13:02:25, 136.5, 58.25, 22.93, 22.0, 9999.0, 9.66, 10.0, 21.75, 9999.0, 23.93, 9999.0, 117.73, 127.82, 120.25, 91.25, 138.5
2024-11-07, 13:02:29, 136.5, 58.25, 22.93, 22.0, 9999.0, 9.68, 10.0, 21.75, 9999.0, 23.91, 9999.0, 117.73, 127.8, 120.25, 91.25, 138.5
2024-11-07, 13:02:33, 136.5, 58.25, 22.93, 22.0, 9999.0, 9.7, 10.0, 21.75, 9999.0, 23.89, 9999.0, 117.75, 127.77, 120.25, 91.25, 138.5
2024-11-07, 13:02:37, 136.5, 58.25, 22.91, 22.0, 9999.0, 9.73, 10.0, 21.75, 9999.0, 23.89, 9999.0, 117.77, 127.77, 120.25, 91.25, 138.5
2024-11-07, 13:02:41, 136.5, 58.25, 22.93, 22.0, 9999.0, 9.75, 10.0, 21.75, 9999.0, 23.89, 9999.0, 117.8, 127.75, 120.25, 91.25, 138.5
2024-11-07, 13:02:45, 136.52, 58.25, 22.91, 22.0, 9999.0, 9.77, 10.0, 21.75, 9999.0, 23.89, 9999.0, 117.82, 127.75, 120.25, 91.25, 138.5
2024-11-07, 13:02:49, 136.52, 58.25, 22.91, 22.0, 9999.0, 9.77, 10.0, 21.75, 9999.0, 23.89, 9999.0, 117.84, 127.75, 120.25, 91.25, 138.5
2024-11-07, 13:02:53, 136.52, 58.25, 22.91, 22.0, 9999.0, 9.75, 10.0, 21.75, 9999.0, 23.89, 9999.0, 117.86, 127.77, 120.25, 91.25, 138.5
2024-11-07, 13:02:57, 136.52, 58.25, 22.89, 22.02, 9999.0, 9.73, 10.0, 21.73, 9999.0, 23.89, 9999.0, 117.89, 127.8, 120.25, 91.25, 138.5
2024-11-07, 13:03:01, 136.52, 58.25, 22.89, 22.02, 9999.0, 9.68, 10.0, 21.73, 9999.0, 23.89, 9999.0, 117.89, 127.8, 120.25, 91.25, 138.5
2024-11-07, 13:03:05, 136.52, 58.25, 22.89, 22.02, 9999.0, 9.66, 10.0, 21.73, 9999.0, 23.91, 9999.0, 117.89, 127.8, 120.25, 91.25, 138.5
2024-11-07, 13:03:09, 136.52, 58.25, 22.89, 22.02, 9999.0, 9.64, 10.0, 21.73, 9999.0, 23.93, 9999.0, 117.89, 127.8, 120.25, 91.25, 138.5
2024-11-07, 13:03:13, 136.52, 58.25, 22.91, 22.02, 9999.0, 9.61, 10.0, 21.73, 9999.0, 23.93, 9999.0, 117.89, 127.82, 120.25, 91.25, 138.5
2024-11-07, 13:03:17, 136.52, 58.25, 22.91, 22.02, 9999.0, 9.59, 10.0, 21.73, 9999.0, 23.95, 9999.0, 117.86, 127.82, 120.25, 91.25, 138.5
2024-11-07, 13:03:21, 136.52, 58.25, 22.91, 22.02, 9999.0, 9.57, 10.0, 21.73, 9999.0, 23.95, 9999.0, 117.84, 127.82, 120.25, 91.25, 138.5
2024-11-07, 13:03:25, 136.52, 58.25, 22.89, 22.02, 9999.0, 9.57, 10.0, 21.73, 9999.0, 23.93, 9999.0, 117.82, 127.82, 120.25, 91.25, 138.5
2024-11-07, 13:03:29, 136.5, 58.25, 22.89, 22.02, 9999.0, 9.57, 10.0, 21.73, 9999.0, 23.91, 9999.0, 117.8, 127.82, 120.25, 91.25, 138.5
2024-11-07, 13:03:33, 136.5, 58.25, 22.86, 22.02, 9999.0, 9.57, 10.0, 21.7, 9999.0, 23.91, 9999.0, 117.77, 127.82, 120.25, 91.25, 138.5
2024-11-07, 13:03:37, 136.5, 58.25, 22.86, 22.02, 9999.0, 9.59, 10.0, 21.7, 9999.0, 23.86, 9999.0, 117.75, 127.8, 120.25, 91.25, 138.5
2024-11-07, 13:03:41, 136.5, 58.25, 22.89, 22.0, 9999.0, 9.64, 10.0, 21.73, 9999.0, 23.84, 9999.0, 117.77, 127.77, 120.25, 91.25, 138.5
2024-11-07, 13:03:45, 136.5, 58.25, 22.89, 22.0, 9999.0, 9.66, 10.0, 21.73, 9999.0, 23.82, 9999.0, 117.77, 127.77, 120.25, 91.25, 138.5
2024-11-07, 13:03:49, 136.5, 58.25, 22.89, 22.0, 9999.0, 9.68, 10.0, 21.73, 9999.0, 23.8, 9999.0, 117.8, 127.77, 120.25, 91.25, 138.5
2024-11-07, 13:03:54, 136.5, 58.25, 22.86, 22.0, 9999.0, 9.7, 10.0, 21.73, 9999.0, 23.77, 9999.0, 117.82, 127.77, 120.25, 91.25, 138.5
2024-11-07, 13:03:58, 136.5, 58.25, 22.84, 22.0, 9999.0, 9.73, 10.0, 21.73, 9999.0, 23.77, 9999.0, 117.84, 127.75, 120.25, 91.25, 138.5
2024-11-07, 13:04:02, 136.5, 58.25, 22.82, 22.0, 9999.0, 9.75, 10.0, 21.73, 9999.0, 23.77, 9999.0, 117.86, 127.75, 120.25, 91.25, 138.5
2024-11-07, 13:04:06, 136.5, 58.25, 22.84, 22.0, 9999.0, 9.77, 10.0, 21.73, 9999.0, 23.77, 9999.0, 117.89, 127.75, 120.25, 91.25, 138.5
2024-11-07, 13:04:10, 136.5, 58.25, 22.86, 22.0, 9999.0, 9.77, 10.0, 21.73, 9999.0, 23.8, 9999.0, 117.91, 127.75, 120.25, 91.25, 138.5
2024-11-07, 13:04:14, 136.5, 58.25, 22.86, 22.0, 9999.0, 9.77, 10.0, 21.73, 9999.0, 23.84, 9999.0, 117.93, 127.77, 120.25, 91.25, 138.5
2024-11-07, 13:04:18, 136.5, 58.25, 22.86, 22.0, 9999.0, 9.75, 10.0, 21.75, 9999.0, 23.86, 9999.0, 117.95, 127.77, 120.25, 91.25, 138.5
2024-11-07, 13:04:22, 136.5, 58.25, 22.84, 22.0, 9999.0, 9.73, 10.0, 21.75, 9999.0, 23.91, 9999.0, 117.98, 127.8, 120.25, 91.23, 138.5
2024-11-07, 13:04:26, 136.5, 58.25, 22.84, 22.0, 9999.0, 9.68, 10.0, 21.75, 9999.0, 23.93, 9999.0, 117.95, 127.8, 120.25, 91.23, 138.5
2024-11-07, 13:04:30, 136.5, 58.25, 22.82, 22.0, 9999.0, 9.66, 10.0, 21.75, 9999.0, 23.95, 9999.0, 117.95, 127.82, 120.25, 91.23, 138.5
2024-11-07, 13:04:36, 136.5, 58.25, 22.84, 22.0, 9999.0, 9.64, 10.0, 21.75, 9999.0, 23.98, 9999.0, 117.93, 127.82, 120.25, 91.23, 138.5
2024-11-07, 13:04:40, 136.5, 58.25, 22.86, 22.0, 9999.0, 9.61, 10.0, 21.75, 9999.0, 24.0, 9999.0, 117.91, 127.82, 120.25, 91.23, 138.5
2024-11-07, 13:04:44, 136.5, 58.25, 22.89, 22.0, 9999.0, 9.59, 10.0, 21.75, 9999.0, 24.0, 9999.0, 117.89, 127.82, 120.25, 91.23, 138.5
2024-11-07, 13:04:48, 136.5, 58.25, 22.91, 22.0, 9999.0, 9.59, 10.0, 21.75, 9999.0, 23.98, 9999.0, 117.86, 127.82, 120.25, 91.2, 138.5
2024-11-07, 13:04:52, 136.5, 58.25, 22.89, 22.0, 9999.0, 9.59, 10.0, 21.75, 9999.0, 23.95, 9999.0, 117.84, 127.82, 120.25, 91.2, 138.5
2024-11-07, 13:04:56, 136.5, 58.25, 22.89, 22.0, 9999.0, 9.59, 10.0, 21.75, 9999.0, 23.93, 9999.0, 117.8, 127.82, 120.25, 91.2, 138.5
2024-11-07, 13:05:00, 136.5, 58.25, 22.89, 22.0, 9999.0, 9.59, 10.0, 21.75, 9999.0, 23.89, 9999.0, 117.77, 127.82, 120.25, 91.2, 138.5
2024-11-07, 13:05:04, 136.5, 58.25, 22.91, 22.0, 9999.0, 9.61, 10.0, 21.75, 9999.0, 23.86, 9999.0, 117.77, 127.82, 120.25, 91.2, 138.5
2024-11-07, 13:05:08, 136.5, 58.25, 22.93, 22.0, 9999.0, 9.64, 10.0, 21.75, 9999.0, 23.84, 9999.0, 117.75, 127.8, 120.25, 91.23, 138.5
2024-11-07, 13:05:12, 136.5, 58.25, 22.93, 22.0, 9999.0, 9.66, 10.0, 21.75, 9999.0, 23.82, 9999.0, 117.77, 127.8, 120.25, 91.23, 138.5
2024-11-07, 13:05:16, 136.5, 58.25, 22.95, 22.0, 9999.0, 9.68, 10.0, 21.75, 9999.0, 23.77, 9999.0, 117.82, 127.77, 120.25, 91.23, 138.5
2024-11-07, 13:05:20, 136.5, 58.25, 22.95, 22.0, 9999.0, 9.7, 10.0, 21.75, 9999.0, 23.73, 9999.0, 117.84, 127.77, 120.25, 91.23, 138.5
2024-11-07, 13:05:24, 136.5, 58.25, 22.95, 22.0, 9999.0, 9.73, 10.0, 21.75, 9999.0, 23.7, 9999.0, 117.86, 127.77, 120.27, 91.23, 138.5
2024-11-07, 13:05:28, 136.5, 58.25, 22.93, 22.0, 9999.0, 9.75, 10.0, 21.75, 9999.0, 23.7, 9999.0, 117.89, 127.77, 120.27, 91.23, 138.5
2024-11-07, 13:05:32, 136.5, 58.25, 22.91, 22.0, 9999.0, 9.75, 10.0, 21.73, 9999.0, 23.7, 9999.0, 117.91, 127.8, 120.27, 91.25, 138.5
2024-11-07, 13:05:36, 136.5, 58.25, 22.93, 22.0, 9999.0, 9.73, 10.0, 21.73, 9999.0, 23.73, 9999.0, 117.93, 127.82, 120.27, 91.25, 138.5
2024-11-07, 13:05:40, 136.5, 58.25, 22.91, 22.0, 9999.0, 9.7, 10.0, 21.73, 9999.0, 23.75, 9999.0, 117.98, 127.82, 120.27, 91.25, 138.5
2024-11-07, 13:05:44, 136.5, 58.25, 22.91, 22.0, 9999.0, 9.68, 10.0, 21.73, 9999.0, 23.75, 9999.0, 118.0, 127.82, 120.27, 91.25, 138.5
2024-11-07, 13:05:48, 136.5, 58.25, 22.91, 22.0, 9999.0, 9.66, 10.0, 21.73, 9999.0, 23.75, 9999.0, 117.98, 127.82, 120.27, 91.25, 138.5
2024-11-07, 13:05:52, 136.5, 58.25, 22.91, 22.0, 9999.0, 9.64, 10.0, 21.73, 9999.0, 23.75, 9999.0, 118.0, 127.82, 120.27, 91.25, 138.5
2024-11-07, 13:05:56, 136.5, 58.25, 22.91, 22.0, 9999.0, 9.61, 10.0, 21.73, 9999.0, 23.75, 9999.0, 117.98, 127.82, 120.27, 91.25, 138.5
2024-11-07, 13:06:00, 136.5, 58.25, 22.91, 22.0, 9999.0, 9.59, 10.0, 21.73, 9999.0, 23.77, 9999.0, 117.93, 127.82, 120.27, 91.25, 138.5
2024-11-07, 13:06:04, 136.5, 58.25, 22.91, 22.0, 9999.0, 9.57, 10.0, 21.73, 9999.0, 23.8, 9999.0, 117.91, 127.84, 120.27, 91.25, 138.5
2024-11-07, 13:06:08, 136.5, 58.25, 22.91, 22.0, 9999.0, 9.57, 10.0, 21.73, 9999.0, 23.8, 9999.0, 117.89, 127.84, 120.25, 91.25, 138.5
2024-11-07, 13:06:13, 136.5, 58.25, 22.93, 22.0, 9999.0, 9.57, 10.0, 21.73, 9999.0, 23.8, 9999.0, 117.86, 127.84, 120.25, 91.25, 138.5
2024-11-07, 13:06:17, 136.5, 58.25, 22.95, 22.0, 9999.0, 9.57, 10.0, 21.75, 9999.0, 23.77, 9999.0, 117.84, 127.82, 120.25, 91.25, 138.5
2024-11-07, 13:06:21, 136.5, 58.25, 22.95, 22.0, 9999.0, 9.61, 10.0, 21.75, 9999.0, 23.73, 9999.0, 117.82, 127.8, 120.25, 91.25, 138.5
2024-11-07, 13:06:25, 136.5, 58.25, 22.98, 22.0, 9999.0, 9.64, 10.0, 21.73, 9999.0, 23.68, 9999.0, 117.82, 127.8, 120.25, 91.25, 138.5
2024-11-07, 13:06:29, 136.5, 58.25, 23.0, 22.0, 9999.0, 9.66, 10.0, 21.73, 9999.0, 23.66, 9999.0, 117.8, 127.77, 120.25, 91.25, 138.5
2024-11-07, 13:06:33, 136.5, 58.25, 23.0, 22.0, 9999.0, 9.68, 10.0, 21.73, 9999.0, 23.64, 9999.0, 117.82, 127.8, 120.25, 91.25, 138.5
2024-11-07, 13:06:37, 136.5, 58.25, 23.0, 22.0, 9999.0, 9.7, 10.0, 21.73, 9999.0, 23.61, 9999.0, 117.82, 127.82, 120.25, 91.25, 138.5
2024-11-07, 13:06:41, 136.5, 58.25, 23.0, 22.0, 9999.0, 9.73, 10.0, 21.73, 9999.0, 23.59, 9999.0, 117.84, 127.82, 120.25, 91.25, 138.5
2024-11-07, 13:06:45, 136.5, 58.25, 23.0, 22.0, 9999.0, 9.75, 10.0, 21.73, 9999.0, 23.59, 9999.0, 117.86, 127.84, 120.25, 91.25, 138.5
2024-11-07, 13:06:49, 136.5, 58.25, 23.0, 22.0, 9999.0, 9.75, 10.0, 21.73, 9999.0, 23.59, 9999.0, 117.89, 127.82, 120.25, 91.25, 138.5
2024-11-07, 13:06:53, 136.5, 58.25, 23.0, 22.0, 9999.0, 9.75, 10.0, 21.7, 9999.0, 23.59, 9999.0, 117.91, 127.84, 120.25, 91.25, 138.5
2024-11-07, 13:06:57, 136.5, 58.25, 23.0, 22.02, 9999.0, 9.73, 10.0, 21.7, 9999.0, 23.61, 9999.0, 117.93, 127.84, 120.25, 91.25, 138.5
2024-11-07, 13:07:01, 136.5, 58.25, 23.0, 22.02, 9999.0, 9.7, 10.0, 21.7, 9999.0, 23.64, 9999.0, 117.93, 127.84, 120.27, 91.25, 138.5
2024-11-07, 13:07:05, 136.5, 58.25, 22.98, 22.02, 9999.0, 9.66, 10.0, 21.7, 9999.0, 23.66, 9999.0, 117.95, 127.86, 120.27, 91.25, 138.52
2024-11-07, 13:07:09, 136.5, 58.25, 22.98, 22.02, 9999.0, 9.64, 10.0, 21.7, 9999.0, 23.68, 9999.0, 117.93, 127.89, 120.27, 91.25, 138.52
2024-11-07, 13:07:13, 136.5, 58.25, 22.98, 22.02, 9999.0, 9.61, 10.0, 21.7, 9999.0, 23.7, 9999.0, 117.93, 127.89, 120.27, 91.25, 138.52
2024-11-07, 13:07:17, 136.5, 58.25, 22.95, 22.02, 9999.0, 9.59, 10.0, 21.7, 9999.0, 23.73, 9999.0, 117.91, 127.89, 120.27, 91.25, 138.52
2024-11-07, 13:07:21, 136.5, 58.25, 22.95, 22.02, 9999.0, 9.57, 10.0, 21.7, 9999.0, 23.75, 9999.0, 117.89, 127.89, 120.27, 91.25, 138.52
2024-11-07, 13:07:25, 136.5, 58.25, 22.95, 22.02, 9999.0, 9.57, 10.0, 21.7, 9999.0, 23.75, 9999.0, 117.86, 127.91, 120.27, 91.25, 138.52
2024-11-07, 13:07:29, 136.5, 58.25, 22.95, 22.02, 9999.0, 9.57, 10.0, 21.7, 9999.0, 23.75, 9999.0, 117.84, 127.91, 120.27, 91.25, 138.52
2024-11-07, 13:07:33, 136.5, 58.25, 22.95, 22.02, 9999.0, 9.59, 10.0, 21.7, 9999.0, 23.73, 9999.0, 117.82, 127.91, 120.27, 91.25, 138.52
2024-11-07, 13:07:37, 136.5, 58.25, 22.95, 22.02, 9999.0, 9.61, 10.0, 21.73, 9999.0, 23.7, 9999.0, 117.8, 127.89, 120.27, 91.25, 138.52
2024-11-07, 13:07:41, 136.5, 58.25, 22.95, 22.0, 9999.0, 9.66, 10.0, 21.73, 9999.0, 23.68, 9999.0, 117.75, 127.89, 120.27, 91.25, 138.52
2024-11-07, 13:07:46, 136.5, 58.25, 22.95, 22.0, 9999.0, 9.7, 10.0, 21.73, 9999.0, 23.68, 9999.0, 117.75, 127.89, 120.25, 91.25, 138.55
2024-11-07, 13:07:50, 136.5, 58.25, 22.98, 22.0, 9999.0, 9.73, 10.0, 21.73, 9999.0, 23.66, 9999.0, 117.75, 127.86, 120.25, 91.25, 138.55
2024-11-07, 13:07:54, 136.5, 58.25, 22.98, 22.0, 9999.0, 9.75, 10.0, 21.75, 9999.0, 23.66, 9999.0, 117.77, 127.86, 120.25, 91.25, 138.57
2024-11-07, 13:07:58, 136.5, 58.25, 22.98, 22.0, 9999.0, 9.77, 10.0, 21.75, 9999.0, 23.64, 9999.0, 117.8, 127.89, 120.25, 91.25, 138.59
2024-11-07, 13:08:02, 136.5, 58.25, 22.98, 22.02, 9999.0, 9.8, 10.0, 21.75, 9999.0, 23.61, 9999.0, 117.82, 127.86, 120.25, 91.25, 138.61
2024-11-07, 13:08:06, 136.5, 58.25, 22.98, 22.05, 9999.0, 9.82, 10.0, 21.75, 9999.0, 23.61, 9999.0, 117.84, 127.86, 120.25, 91.25, 138.61
2024-11-07, 13:08:10, 136.5, 58.25, 22.98, 22.07, 9999.0, 9.8, 10.0, 21.75, 9999.0, 23.61, 9999.0, 117.86, 127.86, 120.25, 91.25, 138.61
2024-11-07, 13:08:14, 136.5, 58.25, 22.98, 22.07, 9999.0, 9.8, 10.0, 21.75, 9999.0, 23.61, 9999.0, 117.89, 127.86, 120.25, 91.25, 138.64
2024-11-07, 13:08:18, 136.5, 58.25, 22.98, 22.09, 9999.0, 9.8, 10.0, 21.75, 9999.0, 23.64, 9999.0, 117.91, 127.89, 120.25, 91.25, 138.64
2024-11-07, 13:08:22, 136.5, 58.25, 22.98, 22.09, 9999.0, 9.77, 10.0, 21.75, 9999.0, 23.66, 9999.0, 117.93, 127.89, 120.27, 91.25, 138.66
2024-11-07, 13:08:26, 136.5, 58.25, 22.98, 22.09, 9999.0, 9.75, 10.0, 21.75, 9999.0, 23.66, 9999.0, 117.98, 127.91, 120.27, 91.25, 138.68
2024-11-07, 13:08:30, 136.5, 58.25, 22.98, 22.09, 9999.0, 9.7, 10.0, 21.75, 9999.0, 23.66, 9999.0, 118.0, 127.91, 120.3, 91.25, 138.68
2024-11-07, 13:08:34, 136.5, 58.25, 22.98, 22.09, 9999.0, 9.68, 10.0, 21.75, 9999.0, 23.68, 9999.0, 117.98, 127.93, 120.3, 91.25, 138.66
2024-11-07, 13:08:38, 136.5, 58.25, 22.98, 22.09, 9999.0, 9.66, 10.0, 21.75, 9999.0, 23.68, 9999.0, 117.95, 127.91, 120.3, 91.25, 138.66
2024-11-07, 13:08:42, 136.5, 58.25, 22.98, 22.09, 9999.0, 9.64, 10.0, 21.75, 9999.0, 23.7, 9999.0, 117.93, 127.91, 120.3, 91.25, 138.64
2024-11-07, 13:08:46, 136.5, 58.25, 23.0, 22.07, 9999.0, 9.64, 10.0, 21.75, 9999.0, 23.73, 9999.0, 117.91, 127.91, 120.3, 91.25, 138.64
2024-11-07, 13:08:50, 136.5, 58.25, 23.0, 22.07, 9999.0, 9.64, 10.0, 21.75, 9999.0, 23.75, 9999.0, 117.89, 127.89, 120.32, 91.25, 138.64
2024-11-07, 13:08:54, 136.5, 58.25, 23.0, 22.05, 9999.0, 9.66, 10.0, 21.73, 9999.0, 23.77, 9999.0, 117.86, 127.86, 120.32, 91.25, 138.66
2024-11-07, 13:08:58, 136.5, 58.25, 23.0, 22.05, 9999.0, 9.66, 10.0, 21.73, 9999.0, 23.77, 9999.0, 117.84, 127.84, 120.32, 91.25, 138.66
2024-11-07, 13:09:02, 136.5, 58.25, 23.0, 22.05, 9999.0, 9.66, 10.0, 21.73, 9999.0, 23.77, 9999.0, 117.84, 127.84, 120.32, 91.25, 138.68
2024-11-07, 13:09:06, 136.5, 58.25, 23.0, 22.05, 9999.0, 9.66, 10.0, 21.73, 9999.0, 23.77, 9999.0, 117.82, 127.84, 120.3, 91.25, 138.68
2024-11-07, 13:09:10, 136.5, 58.25, 23.0, 22.07, 9999.0, 9.66, 10.0, 21.73, 9999.0, 23.77, 9999.0, 117.8, 127.82, 120.3, 91.25, 138.66
2024-11-07, 13:09:14, 136.5, 58.25, 23.0, 22.09, 9999.0, 9.68, 10.0, 21.73, 9999.0, 23.77, 9999.0, 117.8, 127.82, 120.27, 91.25, 138.66
2024-11-07, 13:09:18, 136.5, 58.25, 23.0, 22.11, 9999.0, 9.7, 10.0, 21.73, 9999.0, 23.75, 9999.0, 117.82, 127.82, 120.27, 91.25, 138.68
2024-11-07, 13:09:22, 136.5, 58.25, 23.0, 22.14, 9999.0, 9.73, 10.0, 21.73, 9999.0, 23.73, 9999.0, 117.84, 127.82, 120.3, 91.25, 138.68
2024-11-07, 13:09:26, 136.5, 58.25, 23.0, 22.16, 9999.0, 9.75, 10.0, 21.73, 9999.0, 23.73, 9999.0, 117.86, 127.8, 120.3, 91.25, 138.68
2024-11-07, 13:09:30, 136.5, 58.25, 23.0, 22.16, 9999.0, 9.73, 10.0, 21.73, 9999.0, 23.73, 9999.0, 117.89, 127.82, 120.32, 91.25, 138.68
2024-11-07, 13:09:34, 136.5, 58.25, 23.0, 22.14, 9999.0, 9.73, 10.0, 21.73, 9999.0, 23.7, 9999.0, 117.91, 127.84, 120.3, 91.25, 138.7
2024-11-07, 13:09:38, 136.5, 58.25, 23.0, 22.14, 9999.0, 9.73, 10.0, 21.75, 9999.0, 23.7, 9999.0, 117.93, 127.86, 120.3, 91.25, 138.68
2024-11-07, 13:09:42, 136.5, 58.25, 23.0, 22.16, 9999.0, 9.73, 10.0, 21.75, 9999.0, 23.7, 9999.0, 117.95, 127.89, 120.3, 91.25, 138.68
2024-11-07, 13:09:46, 136.5, 58.25, 23.0, 22.16, 9999.0, 9.7, 10.0, 21.75, 9999.0, 23.7, 9999.0, 117.95, 127.89, 120.3, 91.25, 138.68
2024-11-07, 13:09:50, 136.5, 58.25, 23.0, 22.18, 9999.0, 9.68, 10.0, 21.75, 9999.0, 23.7, 9999.0, 117.95, 127.91, 120.3, 91.25, 138.66
2024-11-07, 13:09:54, 136.5, 58.25, 23.0, 22.18, 9999.0, 9.66, 10.0, 21.75, 9999.0, 23.73, 9999.0, 117.95, 127.91, 120.3, 91.25, 138.68
2024-11-07, 13:09:58, 136.5, 58.25, 23.0, 22.16, 9999.0, 9.64, 10.0, 21.75, 9999.0, 23.73, 9999.0, 117.93, 127.93, 120.3, 91.25, 138.68
2024-11-07, 13:10:02, 136.5, 58.25, 23.0, 22.14, 9999.0, 9.61, 10.0, 21.75, 9999.0, 23.75, 9999.0, 117.91, 127.91, 120.3, 91.25, 138.66
2024-11-07, 13:10:06, 136.5, 58.25, 23.0, 22.11, 9999.0, 9.61, 10.0, 21.75, 9999.0, 23.77, 9999.0, 117.89, 127.93, 120.27, 91.25, 138.66
2024-11-07, 13:10:10, 136.5, 58.25, 23.0, 22.09, 9999.0, 9.61, 10.0, 21.75, 9999.0, 23.77, 9999.0, 117.86, 127.93, 120.27, 91.25, 138.66
2024-11-07, 13:10:15, 136.5, 58.25, 23.0, 22.09, 9999.0, 9.64, 10.0, 21.75, 9999.0, 23.77, 9999.0, 117.84, 127.93, 120.25, 91.25, 138.66
2024-11-07, 13:10:19, 136.5, 58.25, 23.0, 22.09, 9999.0, 9.66, 10.0, 21.75, 9999.0, 23.77, 9999.0, 117.82, 127.91, 120.25, 91.25, 138.66
2024-11-07, 13:10:23, 136.5, 58.25, 23.0, 22.09, 9999.0, 9.66, 10.0, 21.75, 9999.0, 23.77, 9999.0, 117.82, 127.89, 120.25, 91.25, 138.68
2024-11-07, 13:10:34, 136.5, 58.25, 23.0, 22.09, 9999.0, 9.66, 10.0, 21.75, 9999.0, 23.77, 9999.0, 117.82, 127.86, 120.25, 91.25, 138.66
2024-11-07, 13:10:38, 136.5, 58.25, 23.0, 22.07, 9999.0, 9.68, 10.0, 21.75, 9999.0, 23.77, 9999.0, 117.82, 127.86, 120.25, 91.25, 138.64
2024-11-07, 13:10:42, 136.5, 58.25, 23.0, 22.05, 9999.0, 9.7, 10.0, 21.75, 9999.0, 23.77, 9999.0, 117.86, 127.86, 120.25, 91.25, 138.64
2024-11-07, 13:10:47, 136.5, 58.25, 23.0, 22.05, 9999.0, 9.73, 10.0, 21.75, 9999.0, 23.75, 9999.0, 117.91, 127.86, 120.25, 91.25, 138.64
2024-11-07, 13:10:51, 136.5, 58.25, 23.0, 22.05, 9999.0, 9.75, 10.0, 21.75, 9999.0, 23.77, 9999.0, 117.93, 127.84, 120.25, 91.25, 138.61
2024-11-07, 13:10:55, 136.5, 58.25, 23.0, 22.07, 9999.0, 9.77, 10.0, 21.75, 9999.0, 23.8, 9999.0, 117.95, 127.86, 120.25, 91.25, 138.64
2024-11-07, 13:10:59, 136.5, 58.25, 23.0, 22.09, 9999.0, 9.77, 10.0, 21.75, 9999.0, 23.82, 9999.0, 117.98, 127.86, 120.25, 91.25, 138.64
2024-11-07, 13:11:03, 136.5, 58.25, 23.0, 22.11, 9999.0, 9.77, 10.0, 21.75, 9999.0, 23.84, 9999.0, 118.0, 127.89, 120.25, 91.25, 138.66
2024-11-07, 13:11:07, 136.5, 58.25, 23.0, 22.14, 9999.0, 9.75, 10.0, 21.75, 9999.0, 23.86, 9999.0, 118.02, 127.89, 120.25, 91.25, 138.64
2024-11-07, 13:11:11, 136.5, 58.25, 23.0, 22.16, 9999.0, 9.7, 10.0, 21.75, 9999.0, 23.91, 9999.0, 118.05, 127.89, 120.25, 91.25, 138.61
2024-11-07, 13:11:15, 136.5, 58.25, 23.0, 22.18, 9999.0, 9.68, 10.0, 21.75, 9999.0, 23.93, 9999.0, 118.05, 127.89, 120.25, 91.25, 138.59
2024-11-07, 13:11:19, 136.5, 58.25, 23.0, 22.18, 9999.0, 9.66, 10.0, 21.75, 9999.0, 23.95, 9999.0, 118.02, 127.91, 120.25, 91.25, 138.59
2024-11-07, 13:11:23, 136.5, 58.25, 23.0, 22.2, 9999.0, 9.64, 10.0, 21.75, 9999.0, 23.98, 9999.0, 118.0, 127.89, 120.25, 91.25, 138.61
2024-11-07, 13:11:27, 136.5, 58.25, 23.0, 22.23, 9999.0, 9.61, 10.0, 21.75, 9999.0, 24.0, 9999.0, 117.95, 127.89, 120.25, 91.25, 138.64
2024-11-07, 13:11:31, 136.5, 58.25, 23.0, 22.23, 9999.0, 9.59, 10.0, 21.75, 9999.0, 24.02, 9999.0, 117.91, 127.91, 120.25, 91.25, 138.61
2024-11-07, 13:11:35, 136.5, 58.25, 23.0, 22.25, 9999.0, 9.59, 10.0, 21.75, 9999.0, 24.02, 9999.0, 117.89, 127.91, 120.27, 91.25, 138.64
2024-11-07, 13:11:39, 136.5, 58.25, 23.0, 22.23, 9999.0, 9.59, 10.0, 21.75, 9999.0, 24.02, 9999.0, 117.86, 127.89, 120.27, 91.25, 138.61
2024-11-07, 13:11:43, 136.5, 58.25, 23.0, 22.2, 9999.0, 9.59, 10.0, 21.75, 9999.0, 24.02, 9999.0, 117.84, 127.86, 120.27, 91.25, 138.59
2024-11-07, 13:11:47, 136.5, 58.25, 23.0, 22.18, 9999.0, 9.59, 10.0, 21.75, 9999.0, 24.02, 9999.0, 117.82, 127.86, 120.27, 91.25, 138.59
2024-11-07, 13:11:51, 136.5, 58.25, 23.0, 22.16, 9999.0, 9.61, 10.0, 21.75, 9999.0, 24.02, 9999.0, 117.82, 127.84, 120.27, 91.25, 138.59
2024-11-07, 13:11:55, 136.5, 58.25, 23.0, 22.16, 9999.0, 9.64, 10.0, 21.75, 9999.0, 24.0, 9999.0, 117.82, 127.84, 120.27, 91.25, 138.59
2024-11-07, 13:11:59, 136.5, 58.25, 23.0, 22.16, 9999.0, 9.68, 10.0, 21.75, 9999.0, 24.0, 9999.0, 117.82, 127.84, 120.27, 91.25, 138.61
2024-11-07, 13:12:03, 136.5, 58.25, 23.0, 22.14, 9999.0, 9.7, 10.0, 21.75, 9999.0, 23.98, 9999.0, 117.84, 127.82, 120.27, 91.25, 138.61
2024-11-07, 13:12:07, 136.5, 58.25, 23.0, 22.14, 9999.0, 9.73, 10.0, 21.75, 9999.0, 23.95, 9999.0, 117.86, 127.84, 120.27, 91.25, 138.59
2024-11-07, 13:12:11, 136.5, 58.25, 23.0, 22.14, 9999.0, 9.75, 10.0, 21.75, 9999.0, 23.95, 9999.0, 117.89, 127.84, 120.27, 91.25, 138.59
2024-11-07, 13:12:15, 136.5, 58.25, 23.0, 22.14, 9999.0, 9.77, 10.0, 21.75, 9999.0, 23.95, 9999.0, 117.91, 127.82, 120.27, 91.25, 138.59
2024-11-07, 13:12:19, 136.5, 58.25, 23.0, 22.14, 9999.0, 9.77, 10.0, 21.73, 9999.0, 23.95, 9999.0, 117.93, 127.84, 120.25, 91.25, 138.57
2024-11-07, 13:12:23, 136.5, 58.25, 23.0, 22.16, 9999.0, 9.77, 10.0, 21.73, 9999.0, 23.98, 9999.0, 117.95, 127.86, 120.25, 91.25, 138.57
2024-11-07, 13:12:27, 136.5, 58.25, 23.0, 22.18, 9999.0, 9.75, 10.0, 21.73, 9999.0, 24.0, 9999.0, 117.98, 127.86, 120.25, 91.25, 138.59
2024-11-07, 13:12:31, 136.5, 58.25, 23.0, 22.18, 9999.0, 9.75, 10.0, 21.73, 9999.0, 24.0, 9999.0, 118.0, 127.86, 120.25, 91.25, 138.59
2024-11-07, 13:12:35, 136.5, 58.25, 23.0, 22.2, 9999.0, 9.73, 10.0, 21.73, 9999.0, 24.02, 9999.0, 118.0, 127.86, 120.25, 91.25, 138.59
2024-11-07, 13:12:39, 136.5, 58.25, 23.0, 22.2, 9999.0, 9.7, 10.0, 21.73, 9999.0, 24.02, 9999.0, 117.98, 127.86, 120.25, 91.25, 138.59
2024-11-07, 13:12:43, 136.5, 58.25, 23.0, 22.2, 9999.0, 9.66, 10.0, 21.73, 9999.0, 24.05, 9999.0, 117.95, 127.86, 120.25, 91.25, 138.57
2024-11-07, 13:12:47, 136.5, 58.25, 23.0, 22.23, 9999.0, 9.64, 10.0, 21.73, 9999.0, 24.07, 9999.0, 117.93, 127.86, 120.25, 91.25, 138.57
2024-11-07, 13:12:51, 136.5, 58.25, 23.0, 22.23, 9999.0, 9.64, 10.0, 21.73, 9999.0, 24.09, 9999.0, 117.91, 127.84, 120.25, 91.25, 138.59
2024-11-07, 13:12:55, 136.5, 58.25, 23.0, 22.23, 9999.0, 9.64, 10.0, 21.73, 9999.0, 24.09, 9999.0, 117.89, 127.82, 120.25, 91.25, 138.57
2024-11-07, 13:12:59, 136.5, 58.25, 23.0, 22.23, 9999.0, 9.64, 10.0, 21.73, 9999.0, 24.09, 9999.0, 117.86, 127.82, 120.25, 91.25, 138.57
2024-11-07, 13:13:03, 136.5, 58.25, 23.0, 22.2, 9999.0, 9.66, 10.0, 21.75, 9999.0, 24.09, 9999.0, 117.84, 127.8, 120.25, 91.25, 138.57
2024-11-07, 13:13:07, 136.5, 58.27, 23.0, 22.18, 9999.0, 9.66, 10.0, 21.75, 9999.0, 24.07, 9999.0, 117.82, 127.77, 120.25, 91.25, 138.59
2024-11-07, 13:13:11, 136.5, 58.27, 23.0, 22.18, 9999.0, 9.68, 10.0, 21.75, 9999.0, 24.05, 9999.0, 117.82, 127.77, 120.25, 91.25, 138.57
2024-11-07, 13:13:15, 136.5, 58.27, 23.0, 22.18, 9999.0, 9.68, 10.0, 21.75, 9999.0, 24.05, 9999.0, 117.8, 127.75, 120.25, 91.25, 138.55
2024-11-07, 13:13:19, 136.5, 58.27, 23.0, 22.18, 9999.0, 9.7, 10.0, 21.75, 9999.0, 24.02, 9999.0, 117.8, 127.75, 120.25, 91.25, 138.55
2024-11-07, 13:13:23, 136.5, 58.27, 23.0, 22.18, 9999.0, 9.73, 10.0, 21.75, 9999.0, 24.02, 9999.0, 117.82, 127.75, 120.25, 91.25, 138.55
2024-11-07, 13:13:27, 136.5, 58.27, 23.0, 22.16, 9999.0, 9.75, 10.0, 21.75, 9999.0, 23.98, 9999.0, 117.84, 127.77, 120.25, 91.25, 138.55
2024-11-07, 13:13:31, 136.5, 58.27, 23.0, 22.14, 9999.0, 9.77, 10.0, 21.75, 9999.0, 23.98, 9999.0, 117.86, 127.8, 120.25, 91.25, 138.55
2024-11-07, 13:13:35, 136.5, 58.27, 23.0, 22.11, 9999.0, 9.77, 10.0, 21.75, 9999.0, 23.98, 9999.0, 117.89, 127.82, 120.25, 91.25, 138.52
2024-11-07, 13:13:39, 136.5, 58.27, 23.0, 22.09, 9999.0, 9.77, 10.0, 21.75, 9999.0, 24.0, 9999.0, 117.91, 127.84, 120.25, 91.25, 138.52
2024-11-07, 13:13:43, 136.5, 58.27, 23.0, 22.07, 9999.0, 9.75, 10.0, 21.75, 9999.0, 24.02, 9999.0, 117.93, 127.86, 120.25, 91.25, 138.52
2024-11-07, 13:13:47, 136.5, 58.27, 23.0, 22.07, 9999.0, 9.7, 10.0, 21.75, 9999.0, 24.05, 9999.0, 117.93, 127.89, 120.25, 91.25, 138.52
2024-11-07, 13:13:51, 136.5, 58.25, 23.0, 22.07, 9999.0, 9.68, 10.0, 21.75, 9999.0, 24.07, 9999.0, 117.93, 127.89, 120.25, 91.25, 138.52
2024-11-07, 13:13:55, 136.5, 58.25, 23.0, 22.05, 9999.0, 9.66, 10.0, 21.75, 9999.0, 24.09, 9999.0, 117.91, 127.91, 120.25, 91.25, 138.55
2024-11-07, 13:13:59, 136.5, 58.25, 23.0, 22.05, 9999.0, 9.64, 10.0, 21.75, 9999.0, 24.09, 9999.0, 117.93, 127.91, 120.25, 91.25, 138.55
2024-11-07, 13:14:03, 136.5, 58.25, 23.0, 22.02, 9999.0, 9.61, 10.0, 21.75, 9999.0, 24.09, 9999.0, 117.91, 127.93, 120.25, 91.25, 138.57
2024-11-07, 13:14:07, 136.5, 58.25, 23.0, 22.02, 9999.0, 9.59, 10.0, 21.73, 9999.0, 24.09, 9999.0, 117.89, 127.93, 120.25, 91.25, 138.57
2024-11-07, 13:14:11, 136.5, 58.25, 23.0, 22.05, 9999.0, 9.59, 10.0, 21.73, 9999.0, 24.11, 9999.0, 117.86, 127.91, 120.25, 91.25, 138.59
2024-11-07, 13:14:15, 136.5, 58.25, 23.0, 22.05, 9999.0, 9.59, 10.0, 21.73, 9999.0, 24.11, 9999.0, 117.84, 127.89, 120.25, 91.25, 138.59
2024-11-07, 13:14:19, 136.5, 58.25, 23.0, 22.05, 9999.0, 9.59, 10.0, 21.73, 9999.0, 24.11, 9999.0, 117.82, 127.86, 120.25, 91.25, 138.59
2024-11-07, 13:14:23, 136.5, 58.25, 23.0, 22.05, 9999.0, 9.59, 10.0, 21.73, 9999.0, 24.09, 9999.0, 117.8, 127.86, 120.25, 91.25, 138.59
2024-11-07, 13:14:27, 136.5, 58.25, 23.0, 22.05, 9999.0, 9.61, 10.0, 21.73, 9999.0, 24.07, 9999.0, 117.77, 127.84, 120.25, 91.25, 138.59
2024-11-07, 13:14:32, 136.5, 58.25, 23.0, 22.07, 9999.0, 9.64, 10.0, 21.73, 9999.0, 24.02, 9999.0, 117.77, 127.82, 120.25, 91.25, 138.59
2024-11-07, 13:14:36, 136.5, 58.25, 23.0, 22.07, 9999.0, 9.66, 10.0, 21.73, 9999.0, 23.98, 9999.0, 117.77, 127.82, 120.25, 91.25, 138.57
2024-11-07, 13:14:40, 136.5, 58.25, 23.0, 22.07, 9999.0, 9.68, 10.0, 21.73, 9999.0, 23.93, 9999.0, 117.8, 127.8, 120.25, 91.25, 138.55
2024-11-07, 13:14:44, 136.5, 58.25, 23.0, 22.07, 9999.0, 9.7, 10.0, 21.7, 9999.0, 23.91, 9999.0, 117.8, 127.82, 120.25, 91.25, 138.55
2024-11-07, 13:14:48, 136.5, 58.25, 23.0, 22.07, 9999.0, 9.73, 10.0, 21.68, 9999.0, 23.89, 9999.0, 117.82, 127.8, 120.25, 91.25, 138.52
2024-11-07, 13:14:52, 136.5, 58.25, 23.0, 22.05, 9999.0, 9.75, 10.0, 21.7, 9999.0, 23.89, 9999.0, 117.84, 127.8, 120.25, 91.25, 138.52
2024-11-07, 13:14:56, 136.5, 58.25, 23.0, 22.02, 9999.0, 9.75, 10.0, 21.7, 9999.0, 23.89, 9999.0, 117.86, 127.8, 120.25, 91.25, 138.5
2024-11-07, 13:15:00, 136.5, 58.25, 23.0, 22.02, 9999.0, 9.75, 10.0, 21.7, 9999.0, 23.91, 9999.0, 117.89, 127.82, 120.25, 91.25, 138.5
2024-11-07, 13:15:04, 136.5, 58.25, 23.0, 22.02, 9999.0, 9.73, 10.0, 21.68, 9999.0, 23.91, 9999.0, 117.89, 127.84, 120.25, 91.25, 138.5
2024-11-07, 13:15:08, 136.5, 58.25, 23.0, 22.02, 9999.0, 9.7, 10.0, 21.66, 9999.0, 23.91, 9999.0, 117.89, 127.84, 120.25, 91.25, 138.5
2024-11-07, 13:15:12, 136.5, 58.25, 23.0, 22.02, 9999.0, 9.68, 10.0, 21.64, 9999.0, 23.91, 9999.0, 117.89, 127.86, 120.25, 91.25, 138.5
2024-11-07, 13:15:16, 136.5, 58.25, 23.0, 22.0, 9999.0, 9.66, 10.0, 21.64, 9999.0, 23.93, 9999.0, 117.89, 127.86, 120.25, 91.25, 138.5
2024-11-07, 13:15:20, 136.5, 58.27, 23.0, 22.0, 9999.0, 9.64, 10.0, 21.64, 9999.0, 23.95, 9999.0, 117.89, 127.86, 120.25, 91.25, 138.5
2024-11-07, 13:15:24, 136.5, 58.27, 23.0, 22.0, 9999.0, 9.61, 10.0, 21.64, 9999.0, 23.98, 9999.0, 117.86, 127.86, 120.25, 91.25, 138.5
2024-11-07, 13:15:28, 136.5, 58.27, 23.0, 22.0, 9999.0, 9.59, 10.0, 21.64, 9999.0, 24.0, 9999.0, 117.84, 127.86, 120.25, 91.25, 138.5
2024-11-07, 13:15:32, 136.5, 58.27, 23.0, 22.0, 9999.0, 9.59, 10.0, 21.66, 9999.0, 24.05, 9999.0, 117.82, 127.86, 120.25, 91.25, 138.5
2024-11-07, 13:15:36, 136.5, 58.27, 23.0, 22.0, 9999.0, 9.59, 10.0, 21.64, 9999.0, 24.05, 9999.0, 117.8, 127.86, 120.25, 91.25, 138.5
2024-11-07, 13:15:40, 136.5, 58.27, 23.0, 22.0, 9999.0, 9.59, 10.0, 21.61, 9999.0, 24.05, 9999.0, 117.77, 127.86, 120.25, 91.25, 138.52
2024-11-07, 13:15:44, 136.5, 58.27, 23.0, 22.0, 9999.0, 9.59, 10.0, 21.59, 9999.0, 24.02, 9999.0, 117.75, 127.86, 120.25, 91.25, 138.52
2024-11-07, 13:15:48, 136.5, 58.27, 23.0, 22.0, 9999.0, 9.61, 10.0, 21.61, 9999.0, 24.0, 9999.0, 117.75, 127.84, 120.25, 91.25, 138.52
2024-11-07, 13:15:52, 136.5, 58.27, 23.0, 22.0, 9999.0, 9.64, 10.0, 21.64, 9999.0, 24.0, 9999.0, 117.75, 127.82, 120.25, 91.25, 138.52
2024-11-07, 13:15:56, 136.5, 58.27, 23.0, 22.0, 9999.0, 9.66, 10.0, 21.66, 9999.0, 24.0, 9999.0, 117.77, 127.8, 120.25, 91.25, 138.52
2024-11-07, 13:16:00, 136.5, 58.27, 23.0, 22.0, 9999.0, 9.68, 10.0, 21.66, 9999.0, 24.0, 9999.0, 117.8, 127.82, 120.25, 91.25, 138.52
2024-11-07, 13:16:04, 136.5, 58.25, 23.0, 22.0, 9999.0, 9.7, 10.0, 21.66, 9999.0, 24.0, 9999.0, 117.82, 127.82, 120.25, 91.25, 138.52
2024-11-07, 13:16:08, 136.5, 58.25, 23.0, 22.0, 9999.0, 9.73, 10.0, 21.66, 9999.0, 24.02, 9999.0, 117.84, 127.82, 120.27, 91.25, 138.52
2024-11-07, 13:16:12, 136.5, 58.25, 23.0, 22.0, 9999.0, 9.75, 10.0, 21.66, 9999.0, 24.02, 9999.0, 117.86, 127.8, 120.27, 91.25, 138.52
2024-11-07, 13:16:16, 136.5, 58.25, 23.0, 22.0, 9999.0, 9.75, 10.0, 21.66, 9999.0, 24.02, 9999.0, 117.86, 127.82, 120.27, 91.25, 138.52
2024-11-07, 13:16:20, 136.5, 58.25, 22.98, 22.0, 9999.0, 9.73, 10.0, 21.66, 9999.0, 24.05, 9999.0, 117.89, 127.84, 120.27, 91.25, 138.52
2024-11-07, 13:16:24, 136.5, 58.25, 22.98, 22.0, 9999.0, 9.73, 10.0, 21.66, 9999.0, 24.09, 9999.0, 117.91, 127.84, 120.27, 91.25, 138.5
2024-11-07, 13:16:28, 136.5, 58.25, 22.98, 22.0, 9999.0, 9.7, 10.0, 21.68, 9999.0, 24.11, 9999.0, 117.91, 127.82, 120.27, 91.25, 138.5
2024-11-07, 13:16:32, 136.5, 58.25, 22.98, 22.0, 9999.0, 9.68, 10.0, 21.66, 9999.0, 24.16, 9999.0, 117.91, 127.84, 120.27, 91.25, 138.5
2024-11-07, 13:16:36, 136.5, 58.25, 22.98, 22.0, 9999.0, 9.66, 10.0, 21.66, 9999.0, 24.18, 9999.0, 117.91, 127.84, 120.27, 91.25, 138.5
2024-11-07, 13:16:40, 136.5, 58.25, 22.95, 22.0, 9999.0, 9.64, 10.0, 21.66, 9999.0, 24.18, 9999.0, 117.89, 127.84, 120.27, 91.25, 138.5
2024-11-07, 13:16:44, 136.5, 58.25, 22.93, 22.0, 9999.0, 9.61, 10.0, 21.66, 9999.0, 24.18, 9999.0, 117.86, 127.84, 120.3, 91.25, 138.5
2024-11-07, 13:16:48, 136.5, 58.25, 22.93, 22.02, 9999.0, 9.59, 10.0, 21.64, 9999.0, 24.18, 9999.0, 117.84, 127.84, 120.3, 91.25, 138.5
2024-11-07, 13:16:52, 136.5, 58.27, 22.91, 22.02, 9999.0, 9.59, 10.0, 21.61, 9999.0, 24.16, 9999.0, 117.82, 127.84, 120.27, 91.25, 138.5
2024-11-07, 13:16:56, 136.5, 58.27, 22.89, 22.02, 9999.0, 9.59, 10.0, 21.64, 9999.0, 24.18, 9999.0, 117.8, 127.84, 120.27, 91.25, 138.5
2024-11-07, 13:17:00, 136.5, 58.27, 22.86, 22.02, 9999.0, 9.59, 10.0, 21.64, 9999.0, 24.18, 9999.0, 117.77, 127.82, 120.27, 91.25, 138.5
2024-11-07, 13:17:04, 136.5, 58.27, 22.86, 22.05, 9999.0, 9.61, 10.0, 21.66, 9999.0, 24.18, 9999.0, 117.73, 127.8, 120.27, 91.25, 138.5
2024-11-07, 13:17:08, 136.5, 58.27, 22.84, 22.05, 9999.0, 9.61, 10.0, 21.66, 9999.0, 24.16, 9999.0, 117.73, 127.8, 120.27, 91.25, 138.5
2024-11-07, 13:17:12, 136.5, 58.3, 22.82, 22.07, 9999.0, 9.64, 10.0, 21.64, 9999.0, 24.14, 9999.0, 117.73, 127.8, 120.27, 91.25, 138.5
2024-11-07, 13:17:16, 136.5, 58.3, 22.8, 22.07, 9999.0, 9.66, 10.0, 21.66, 9999.0, 24.14, 9999.0, 117.75, 127.77, 120.27, 91.25, 138.5
2024-11-07, 13:17:20, 136.5, 58.3, 22.77, 22.07, 9999.0, 9.68, 10.0, 21.66, 9999.0, 24.14, 9999.0, 117.77, 127.77, 120.27, 91.25, 138.5
2024-11-07, 13:17:24, 136.5, 58.3, 22.77, 22.07, 9999.0, 9.7, 10.0, 21.66, 9999.0, 24.14, 9999.0, 117.8, 127.77, 120.27, 91.25, 138.5
2024-11-07, 13:17:28, 136.5, 58.3, 22.8, 22.07, 9999.0, 9.73, 10.0, 21.66, 9999.0, 24.16, 9999.0, 117.82, 127.75, 120.25, 91.25, 138.5
2024-11-07, 13:17:32, 136.5, 58.3, 22.77, 22.05, 9999.0, 9.75, 10.0, 21.66, 9999.0, 24.18, 9999.0, 117.84, 127.75, 120.25, 91.25, 138.5
2024-11-07, 13:17:36, 136.5, 58.27, 22.8, 22.05, 9999.0, 9.75, 10.0, 21.68, 9999.0, 24.2, 9999.0, 117.86, 127.75, 120.25, 91.25, 138.5
2024-11-07, 13:17:40, 136.5, 58.3, 22.8, 22.05, 9999.0, 9.73, 10.0, 21.68, 9999.0, 24.23, 9999.0, 117.89, 127.77, 120.25, 91.25, 138.5
2024-11-07, 13:17:44, 136.5, 58.32, 22.82, 22.05, 9999.0, 9.7, 10.0, 21.68, 9999.0, 24.25, 9999.0, 117.93, 127.77, 120.25, 91.25, 138.5
2024-11-07, 13:17:48, 136.5, 58.32, 22.82, 22.02, 9999.0, 9.68, 10.0, 21.68, 9999.0, 24.27, 9999.0, 117.95, 127.77, 120.25, 91.25, 138.5
2024-11-07, 13:17:52, 136.5, 58.32, 22.82, 22.02, 9999.0, 9.66, 10.0, 21.68, 9999.0, 24.27, 9999.0, 117.93, 127.8, 120.25, 91.25, 138.5
2024-11-07, 13:17:56, 136.5, 58.3, 22.84, 22.0, 9999.0, 9.64, 10.0, 21.68, 9999.0, 24.3, 9999.0, 117.93, 127.8, 120.25, 91.25, 138.5
2024-11-07, 13:18:00, 136.5, 58.3, 22.86, 22.0, 9999.0, 9.61, 10.0, 21.66, 9999.0, 24.3, 9999.0, 117.91, 127.8, 120.25, 91.25, 138.5
2024-11-07, 13:18:04, 136.5, 58.3, 22.89, 22.0, 9999.0, 9.59, 10.0, 21.64, 9999.0, 24.27, 9999.0, 117.89, 127.8, 120.25, 91.25, 138.5
2024-11-07, 13:18:08, 136.5, 58.3, 22.91, 22.0, 9999.0, 9.57, 10.0, 21.64, 9999.0, 24.27, 9999.0, 117.86, 127.8, 120.25, 91.25, 138.5
2024-11-07, 13:18:12, 136.5, 58.3, 22.91, 22.0, 9999.0, 9.57, 10.0, 21.64, 9999.0, 24.25, 9999.0, 117.84, 127.8, 120.25, 91.25, 138.5
2024-11-07, 13:18:17, 136.5, 58.3, 22.93, 22.0, 9999.0, 9.57, 10.0, 21.64, 9999.0, 24.23, 9999.0, 117.82, 127.8, 120.27, 91.25, 138.5
2024-11-07, 13:18:21, 136.5, 58.3, 22.93, 22.0, 9999.0, 9.57, 10.0, 21.64, 9999.0, 24.2, 9999.0, 117.77, 127.8, 120.27, 91.25, 138.5
2024-11-07, 13:18:25, 136.5, 58.27, 22.93, 22.0, 9999.0, 9.61, 10.0, 21.64, 9999.0, 24.16, 9999.0, 117.75, 127.77, 120.27, 91.25, 138.5
2024-11-07, 13:18:29, 136.5, 58.25, 22.93, 22.0, 9999.0, 9.64, 10.0, 21.64, 9999.0, 24.11, 9999.0, 117.73, 127.77, 120.27, 91.25, 138.5
2024-11-07, 13:18:33, 136.5, 58.25, 22.95, 22.0, 9999.0, 9.66, 10.0, 21.64, 9999.0, 24.07, 9999.0, 117.73, 127.77, 120.27, 91.25, 138.5
2024-11-07, 13:18:37, 136.5, 58.25, 22.95, 22.0, 9999.0, 9.68, 10.0, 21.66, 9999.0, 24.05, 9999.0, 117.75, 127.77, 120.27, 91.25, 138.5
2024-11-07, 13:18:41, 136.5, 58.25, 22.93, 22.0, 9999.0, 9.7, 10.0, 21.68, 9999.0, 24.02, 9999.0, 117.77, 127.77, 120.27, 91.25, 138.5
2024-11-07, 13:18:45, 136.5, 58.25, 22.93, 22.0, 9999.0, 9.73, 10.0, 21.7, 9999.0, 24.0, 9999.0, 117.8, 127.77, 120.27, 91.25, 138.5
2024-11-07, 13:18:49, 136.5, 58.25, 22.91, 22.02, 9999.0, 9.75, 10.0, 21.73, 9999.0, 24.0, 9999.0, 117.82, 127.77, 120.27, 91.25, 138.5
2024-11-07, 13:18:53, 136.5, 58.27, 22.89, 22.02, 9999.0, 9.77, 10.0, 21.73, 9999.0, 24.0, 9999.0, 117.84, 127.77, 120.3, 91.25, 138.5
2024-11-07, 13:18:57, 136.5, 58.27, 22.89, 22.02, 9999.0, 9.75, 10.0, 21.73, 9999.0, 24.02, 9999.0, 117.84, 127.77, 120.3, 91.25, 138.5
2024-11-07, 13:19:01, 136.5, 58.27, 22.89, 22.02, 9999.0, 9.75, 10.0, 21.75, 9999.0, 24.07, 9999.0, 117.84, 127.77, 120.27, 91.25, 138.5
2024-11-07, 13:19:05, 136.5, 58.27, 22.89, 22.02, 9999.0, 9.73, 10.0, 21.75, 9999.0, 24.09, 9999.0, 117.89, 127.77, 120.27, 91.25, 138.5
2024-11-07, 13:19:09, 136.5, 58.27, 22.91, 22.02, 9999.0, 9.68, 10.0, 21.75, 9999.0, 24.11, 9999.0, 117.89, 127.8, 120.27, 91.25, 138.5
2024-11-07, 13:19:13, 136.5, 58.27, 22.91, 22.02, 9999.0, 9.66, 10.0, 21.75, 9999.0, 24.14, 9999.0, 117.89, 127.8, 120.27, 91.25, 138.5
2024-11-07, 13:19:17, 136.5, 58.27, 22.91, 22.02, 9999.0, 9.64, 10.0, 21.75, 9999.0, 24.16, 9999.0, 117.89, 127.82, 120.27, 91.25, 138.5
2024-11-07, 13:19:21, 136.5, 58.27, 22.91, 22.02, 9999.0, 9.61, 10.0, 21.75, 9999.0, 24.18, 9999.0, 117.86, 127.8, 120.27, 91.25, 138.5
2024-11-07, 13:19:25, 136.5, 58.27, 22.93, 22.02, 9999.0, 9.59, 10.0, 21.75, 9999.0, 24.18, 9999.0, 117.84, 127.8, 120.27, 91.25, 138.5
2024-11-07, 13:19:29, 136.5, 58.27, 22.93, 22.02, 9999.0, 9.59, 10.0, 21.75, 9999.0, 24.18, 9999.0, 117.82, 127.8, 120.27, 91.25, 138.5
2024-11-07, 13:19:33, 136.5, 58.27, 22.95, 22.0, 9999.0, 9.59, 10.0, 21.75, 9999.0, 24.18, 9999.0, 117.8, 127.8, 120.27, 91.25, 138.5
2024-11-07, 13:19:37, 136.5, 58.25, 22.98, 22.0, 9999.0, 9.59, 10.0, 21.75, 9999.0, 24.18, 9999.0, 117.75, 127.8, 120.25, 91.25, 138.5
2024-11-07, 13:19:41, 136.5, 58.25, 22.98, 22.0, 9999.0, 9.64, 10.0, 21.73, 9999.0, 24.16, 9999.0, 117.75, 127.8, 120.25, 91.25, 138.5
2024-11-07, 13:19:45, 136.5, 58.25, 22.98, 22.02, 9999.0, 9.64, 10.0, 21.73, 9999.0, 24.11, 9999.0, 117.75, 127.8, 120.25, 91.25, 138.5
2024-11-07, 13:19:49, 136.5, 58.25, 22.98, 22.02, 9999.0, 9.66, 10.0, 21.73, 9999.0, 24.09, 9999.0, 117.75, 127.8, 120.25, 91.25, 138.5
2024-11-07, 13:19:53, 136.5, 58.25, 22.98, 22.02, 9999.0, 9.68, 10.0, 21.73, 9999.0, 24.07, 9999.0, 117.75, 127.77, 120.25, 91.25, 138.5
2024-11-07, 13:19:57, 136.5, 58.25, 22.98, 22.02, 9999.0, 9.7, 10.0, 21.73, 9999.0, 24.05, 9999.0, 117.77, 127.77, 120.25, 91.25, 138.5
2024-11-07, 13:20:01, 136.5, 58.25, 22.98, 22.02, 9999.0, 9.73, 10.0, 21.73, 9999.0, 24.02, 9999.0, 117.8, 127.75, 120.25, 91.25, 138.5
2024-11-07, 13:20:05, 136.5, 58.25, 23.0, 22.02, 9999.0, 9.75, 10.0, 21.73, 9999.0, 24.0, 9999.0, 117.82, 127.75, 120.25, 91.25, 138.5
2024-11-07, 13:20:09, 136.5, 58.25, 23.0, 22.02, 9999.0, 9.77, 10.0, 21.7, 9999.0, 24.0, 9999.0, 117.84, 127.77, 120.25, 91.25, 138.5
2024-11-07, 13:20:13, 136.5, 58.25, 22.98, 22.05, 9999.0, 9.77, 10.0, 21.7, 9999.0, 24.0, 9999.0, 117.86, 127.77, 120.25, 91.25, 138.5
2024-11-07, 13:20:17, 136.5, 58.25, 22.98, 22.07, 9999.0, 9.77, 10.0, 21.7, 9999.0, 24.02, 9999.0, 117.86, 127.8, 120.25, 91.25, 138.5
2024-11-07, 13:20:21, 136.5, 58.25, 22.98, 22.07, 9999.0, 9.75, 10.0, 21.7, 9999.0, 24.05, 9999.0, 117.89, 127.82, 120.25, 91.25, 138.5
2024-11-07, 13:20:25, 136.5, 58.25, 22.95, 22.07, 9999.0, 9.7, 10.0, 21.73, 9999.0, 24.07, 9999.0, 117.89, 127.82, 120.25, 91.25, 138.5
2024-11-07, 13:20:29, 136.5, 58.25, 22.95, 22.05, 9999.0, 9.68, 10.0, 21.73, 9999.0, 24.09, 9999.0, 117.89, 127.82, 120.25, 91.25, 138.5
2024-11-07, 13:20:33, 136.5, 58.25, 22.95, 22.05, 9999.0, 9.66, 10.0, 21.73, 9999.0, 24.09, 9999.0, 117.86, 127.84, 120.25, 91.25, 138.5
2024-11-07, 13:20:37, 136.5, 58.25, 22.95, 22.07, 9999.0, 9.64, 10.0, 21.73, 9999.0, 24.11, 9999.0, 117.86, 127.86, 120.25, 91.25, 138.5
2024-11-07, 13:20:41, 136.5, 58.25, 22.95, 22.09, 9999.0, 9.61, 9.98, 21.73, 9999.0, 24.11, 9999.0, 117.84, 127.89, 120.25, 91.25, 138.5
2024-11-07, 13:20:45, 136.5, 58.25, 22.95, 22.09, 9999.0, 9.59, 9.98, 21.73, 9999.0, 24.11, 9999.0, 117.82, 127.89, 120.25, 91.25, 138.5
2024-11-07, 13:20:49, 136.5, 58.25, 22.95, 22.09, 9999.0, 9.59, 9.98, 21.73, 9999.0, 24.11, 9999.0, 117.8, 127.89, 120.25, 91.25, 138.5
2024-11-07, 13:20:53, 136.5, 58.25, 22.95, 22.09, 9999.0, 9.59, 9.98, 21.73, 9999.0, 24.11, 9999.0, 117.77, 127.86, 120.25, 91.25, 138.5
2024-11-07, 13:21:02, 136.5, 58.25, 22.98, 22.07, 9999.0, 9.59, 9.98, 21.73, 9999.0, 24.11, 9999.0, 117.75, 127.86, 120.25, 91.25, 138.5
2024-11-07, 13:21:06, 136.5, 58.25, 22.98, 22.05, 9999.0, 9.61, 9.98, 21.73, 9999.0, 24.09, 9999.0, 117.75, 127.84, 120.25, 91.25, 138.5
2024-11-07, 13:21:10, 136.5, 58.25, 22.98, 22.05, 9999.0, 9.64, 9.98, 21.7, 9999.0, 24.07, 9999.0, 117.75, 127.82, 120.25, 91.25, 138.5
2024-11-07, 13:21:14, 136.5, 58.25, 22.98, 22.05, 9999.0, 9.66, 9.98, 21.7, 9999.0, 24.05, 9999.0, 117.75, 127.82, 120.25, 91.25, 138.5
2024-11-07, 13:21:18, 136.5, 58.25, 22.98, 22.07, 9999.0, 9.68, 9.98, 21.7, 9999.0, 24.02, 9999.0, 117.75, 127.82, 120.25, 91.25, 138.5
2024-11-07, 13:21:22, 136.5, 58.25, 22.95, 22.07, 9999.0, 9.7, 9.98, 21.7, 9999.0, 24.02, 9999.0, 117.77, 127.8, 120.25, 91.25, 138.5
2024-11-07, 13:21:26, 136.5, 58.25, 22.93, 22.05, 9999.0, 9.73, 9.98, 21.7, 9999.0, 23.98, 9999.0, 117.8, 127.77, 120.25, 91.25, 138.5
2024-11-07, 13:21:30, 136.5, 58.25, 22.93, 22.02, 9999.0, 9.75, 10.0, 21.68, 9999.0, 23.98, 9999.0, 117.82, 127.77, 120.25, 91.25, 138.5
2024-11-07, 13:21:34, 136.52, 58.25, 22.93, 22.02, 9999.0, 9.77, 10.0, 21.68, 9999.0, 23.98, 9999.0, 117.84, 127.77, 120.25, 91.25, 138.5
2024-11-07, 13:21:38, 136.52, 58.25, 22.93, 22.02, 9999.0, 9.75, 10.0, 21.68, 9999.0, 23.98, 9999.0, 117.86, 127.77, 120.25, 91.25, 138.5
2024-11-07, 13:21:43, 136.52, 58.25, 22.93, 22.02, 9999.0, 9.73, 10.0, 21.7, 9999.0, 24.0, 9999.0, 117.89, 127.8, 120.25, 91.25, 138.5
2024-11-07, 13:21:47, 136.52, 58.25, 22.93, 22.02, 9999.0, 9.7, 10.0, 21.7, 9999.0, 24.02, 9999.0, 117.89, 127.8, 120.25, 91.25, 138.5
2024-11-07, 13:21:51, 136.52, 58.25, 22.93, 22.02, 9999.0, 9.68, 10.0, 21.7, 9999.0, 24.05, 9999.0, 117.89, 127.8, 120.25, 91.25, 138.5
2024-11-07, 13:21:55, 136.52, 58.25, 22.91, 22.02, 9999.0, 9.66, 10.0, 21.7, 9999.0, 24.05, 9999.0, 117.89, 127.8, 120.25, 91.25, 138.5
2024-11-07, 13:21:59, 136.52, 58.25, 22.93, 22.02, 9999.0, 9.64, 10.0, 21.7, 9999.0, 24.05, 9999.0, 117.89, 127.8, 120.25, 91.25, 138.5
2024-11-07, 13:22:05, 136.52, 58.25, 22.93, 22.0, 9999.0, 9.61, 10.0, 21.7, 9999.0, 24.05, 9999.0, 117.89, 127.8, 120.25, 91.25, 138.5
2024-11-07, 13:22:09, 136.52, 58.25, 22.95, 22.0, 9999.0, 9.59, 10.0, 21.7, 9999.0, 24.05, 9999.0, 117.86, 127.8, 120.25, 91.25, 138.5
2024-11-07, 13:22:13, 136.52, 58.25, 22.98, 22.0, 9999.0, 9.57, 10.0, 21.7, 9999.0, 24.07, 9999.0, 117.84, 127.8, 120.25, 91.25, 138.5
2024-11-07, 13:22:17, 136.52, 58.25, 22.95, 22.0, 9999.0, 9.57, 10.0, 21.73, 9999.0, 24.07, 9999.0, 117.82, 127.77, 120.25, 91.25, 138.5
2024-11-07, 13:22:21, 136.5, 58.25, 22.95, 22.0, 9999.0, 9.57, 10.0, 21.73, 9999.0, 24.07, 9999.0, 117.8, 127.77, 120.25, 91.25, 138.5
2024-11-07, 13:22:25, 136.5, 58.25, 22.95, 22.0, 9999.0, 9.59, 10.0, 21.73, 9999.0, 24.05, 9999.0, 117.75, 127.77, 120.25, 91.25, 138.5
2024-11-07, 13:22:29, 136.5, 58.25, 22.95, 22.0, 9999.0, 9.61, 10.0, 21.73, 9999.0, 24.0, 9999.0, 117.73, 127.75, 120.25, 91.25, 138.5
2024-11-07, 13:22:33, 136.5, 58.25, 22.95, 22.0, 9999.0, 9.64, 10.0, 21.73, 9999.0, 23.95, 9999.0, 117.73, 127.75, 120.25, 91.25, 138.5
2024-11-07, 13:22:37, 136.5, 58.25, 22.95, 22.0, 9999.0, 9.64, 10.0, 21.73, 9999.0, 23.93, 9999.0, 117.73, 127.75, 120.25, 91.25, 138.5
2024-11-07, 13:22:41, 136.5, 58.25, 22.98, 22.0, 9999.0, 9.66, 10.0, 21.75, 9999.0, 23.91, 9999.0, 117.73, 127.75, 120.25, 91.25, 138.5
2024-11-07, 13:22:45, 136.5, 58.25, 22.98, 22.0, 9999.0, 9.68, 10.0, 21.75, 9999.0, 23.89, 9999.0, 117.75, 127.75, 120.25, 91.25, 138.5
2024-11-07, 13:22:49, 136.5, 58.25, 22.98, 22.0, 9999.0, 9.7, 10.0, 21.75, 9999.0, 23.86, 9999.0, 117.77, 127.75, 120.25, 91.25, 138.5
2024-11-07, 13:22:53, 136.5, 58.25, 22.98, 22.0, 9999.0, 9.73, 10.0, 21.75, 9999.0, 23.86, 9999.0, 117.8, 127.75, 120.25, 91.25, 138.5
2024-11-07, 13:22:58, 136.5, 58.25, 22.98, 22.0, 9999.0, 9.75, 10.0, 21.75, 9999.0, 23.86, 9999.0, 117.82, 127.75, 120.25, 91.25, 138.5
2024-11-07, 13:23:02, 136.5, 58.25, 23.0, 22.0, 9999.0, 9.73, 10.0, 21.75, 9999.0, 23.86, 9999.0, 117.82, 127.77, 120.25, 91.25, 138.5
2024-11-07, 13:23:06, 136.5, 58.25, 22.98, 22.0, 9999.0, 9.7, 10.0, 21.75, 9999.0, 23.86, 9999.0, 117.82, 127.8, 120.25, 91.25, 138.5
2024-11-07, 13:23:10, 136.5, 58.25, 22.98, 22.0, 9999.0, 9.68, 10.0, 21.75, 9999.0, 23.89, 9999.0, 117.84, 127.82, 120.25, 91.25, 138.5
2024-11-07, 13:23:14, 136.5, 58.25, 22.98, 22.0, 9999.0, 9.66, 10.0, 21.73, 9999.0, 23.91, 9999.0, 117.84, 127.82, 120.25, 91.25, 138.5
2024-11-07, 13:23:18, 136.5, 58.25, 22.98, 22.0, 9999.0, 9.64, 10.0, 21.73, 9999.0, 23.93, 9999.0, 117.84, 127.84, 120.25, 91.25, 138.5
2024-11-07, 13:23:22, 136.5, 58.25, 22.98, 22.0, 9999.0, 9.61, 10.0, 21.73, 9999.0, 23.93, 9999.0, 117.84, 127.86, 120.25, 91.25, 138.5
2024-11-07, 13:23:26, 136.5, 58.25, 22.95, 22.0, 9999.0, 9.59, 10.0, 21.73, 9999.0, 23.95, 9999.0, 117.84, 127.86, 120.25, 91.25, 138.5
2024-11-07, 13:23:30, 136.5, 58.25, 22.95, 22.0, 9999.0, 9.57, 10.0, 21.73, 9999.0, 23.98, 9999.0, 117.82, 127.86, 120.25, 91.25, 138.5
2024-11-07, 13:23:34, 136.5, 58.25, 22.95, 22.0, 9999.0, 9.55, 10.0, 21.73, 9999.0, 24.0, 9999.0, 117.8, 127.86, 120.25, 91.25, 138.5
2024-11-07, 13:23:38, 136.5, 58.25, 22.95, 22.0, 9999.0, 9.52, 10.0, 21.73, 9999.0, 24.0, 9999.0, 117.77, 127.86, 120.25, 91.25, 138.5
2024-11-07, 13:23:42, 136.5, 58.25, 22.95, 22.0, 9999.0, 9.52, 10.0, 21.73, 9999.0, 24.0, 9999.0, 117.73, 127.86, 120.25, 91.25, 138.5
2024-11-07, 13:23:46, 136.5, 58.25, 22.95, 22.0, 9999.0, 9.55, 10.0, 21.73, 9999.0, 24.0, 9999.0, 117.7, 127.84, 120.25, 91.25, 138.5
2024-11-07, 13:23:51, 136.5, 58.25, 22.98, 22.0, 9999.0, 9.57, 10.0, 21.73, 9999.0, 24.0, 9999.0, 117.7, 127.82, 120.25, 91.25, 138.5
2024-11-07, 13:23:55, 136.5, 58.25, 22.98, 22.0, 9999.0, 9.59, 10.0, 21.73, 9999.0, 24.0, 9999.0, 117.7, 127.8, 120.25, 91.25, 138.5
2024-11-07, 13:23:59, 136.5, 58.25, 22.98, 22.0, 9999.0, 9.61, 10.0, 21.75, 9999.0, 24.0, 9999.0, 117.7, 127.8, 120.25, 91.25, 138.5
2024-11-07, 13:24:03, 136.5, 58.25, 22.98, 22.0, 9999.0, 9.64, 10.0, 21.75, 9999.0, 24.0, 9999.0, 117.73, 127.77, 120.25, 91.25, 138.5
2024-11-07, 13:24:07, 136.5, 58.25, 22.98, 22.0, 9999.0, 9.66, 10.0, 21.75, 9999.0, 23.98, 9999.0, 117.75, 127.75, 120.25, 91.25, 138.5
2024-11-07, 13:24:11, 136.5, 58.25, 22.98, 22.0, 9999.0, 9.68, 10.0, 21.75, 9999.0, 23.95, 9999.0, 117.77, 127.75, 120.25, 91.25, 138.5
2024-11-07, 13:24:15, 136.5, 58.25, 22.98, 22.0, 9999.0, 9.7, 10.0, 21.73, 9999.0, 23.95, 9999.0, 117.8, 127.75, 120.25, 91.25, 138.5
2024-11-07, 13:24:19, 136.5, 58.25, 22.98, 22.0, 9999.0, 9.73, 10.0, 21.73, 9999.0, 23.95, 9999.0, 117.82, 127.75, 120.25, 91.25, 138.5
2024-11-07, 13:24:23, 136.5, 58.25, 22.98, 22.0, 9999.0, 9.75, 10.0, 21.73, 9999.0, 23.98, 9999.0, 117.84, 127.75, 120.25, 91.25, 138.5
2024-11-07, 13:24:27, 136.5, 58.25, 22.98, 22.0, 9999.0, 9.73, 10.0, 21.73, 9999.0, 24.0, 9999.0, 117.89, 127.75, 120.25, 91.25, 138.5
2024-11-07, 13:24:31, 136.5, 58.25, 22.98, 22.0, 9999.0, 9.7, 10.0, 21.73, 9999.0, 24.02, 9999.0, 117.91, 127.77, 120.25, 91.25, 138.5
2024-11-07, 13:24:35, 136.5, 58.25, 22.98, 22.0, 9999.0, 9.68, 10.0, 21.73, 9999.0, 24.05, 9999.0, 117.91, 127.77, 120.25, 91.25, 138.5
2024-11-07, 13:24:39, 136.5, 58.25, 22.98, 22.0, 9999.0, 9.66, 10.0, 21.73, 9999.0, 24.07, 9999.0, 117.91, 127.77, 120.25, 91.25, 138.5
2024-11-07, 13:24:43, 136.5, 58.25, 22.98, 22.0, 9999.0, 9.66, 10.0, 21.73, 9999.0, 24.09, 9999.0, 117.91, 127.77, 120.25, 91.25, 138.5
2024-11-07, 13:24:47, 136.5, 58.25, 22.98, 22.0, 9999.0, 9.64, 10.0, 21.73, 9999.0, 24.09, 9999.0, 117.89, 127.77, 120.25, 91.25, 138.5
2024-11-07, 13:24:51, 136.5, 58.25, 22.98, 22.0, 9999.0, 9.61, 10.0, 21.73, 9999.0, 24.11, 9999.0, 117.86, 127.77, 120.25, 91.25, 138.5
2024-11-07, 13:24:55, 136.5, 58.25, 22.98, 22.0, 9999.0, 9.61, 10.0, 21.73, 9999.0, 24.14, 9999.0, 117.84, 127.77, 120.25, 91.25, 138.5
2024-11-07, 13:24:59, 136.5, 58.25, 22.95, 22.0, 9999.0, 9.59, 9.98, 21.75, 9999.0, 24.14, 9999.0, 117.82, 127.77, 120.25, 91.25, 138.5
2024-11-07, 13:25:03, 136.5, 58.25, 22.95, 22.0, 9999.0, 9.59, 9.98, 21.75, 9999.0, 24.14, 9999.0, 117.77, 127.77, 120.25, 91.25, 138.5
2024-11-07, 13:25:07, 136.5, 58.25, 22.95, 22.0, 9999.0, 9.61, 9.98, 21.75, 9999.0, 24.11, 9999.0, 117.75, 127.77, 120.25, 91.25, 138.5
2024-11-07, 13:25:11, 136.5, 58.25, 22.93, 22.0, 9999.0, 9.64, 9.98, 21.75, 9999.0, 24.09, 9999.0, 117.75, 127.77, 120.25, 91.25, 138.5
2024-11-07, 13:25:15, 136.5, 58.25, 22.93, 22.0, 9999.0, 9.66, 9.98, 21.75, 9999.0, 24.07, 9999.0, 117.75, 127.75, 120.25, 91.25, 138.5
2024-11-07, 13:25:19, 136.5, 58.25, 22.93, 22.0, 9999.0, 9.68, 9.98, 21.75, 9999.0, 24.05, 9999.0, 117.75, 127.75, 120.25, 91.25, 138.5
2024-11-07, 13:25:23, 136.5, 58.25, 22.93, 22.0, 9999.0, 9.7, 9.98, 21.75, 9999.0, 24.0, 9999.0, 117.77, 127.75, 120.25, 91.25, 138.5
2024-11-07, 13:25:27, 136.5, 58.25, 22.93, 22.0, 9999.0, 9.7, 9.98, 21.75, 9999.0, 23.95, 9999.0, 117.8, 127.75, 120.25, 91.25, 138.5
2024-11-07, 13:25:31, 136.5, 58.25, 22.93, 22.0, 9999.0, 9.73, 9.98, 21.75, 9999.0, 23.95, 9999.0, 117.82, 127.75, 120.25, 91.25, 138.5
2024-11-07, 13:25:37, 136.5, 58.25, 22.93, 22.0, 9999.0, 9.75, 9.98, 21.75, 9999.0, 23.95, 9999.0, 117.84, 127.75, 120.25, 91.25, 138.5
2024-11-07, 13:25:41, 136.5, 58.25, 22.95, 22.0, 9999.0, 9.75, 9.98, 21.75, 9999.0, 23.93, 9999.0, 117.84, 127.75, 120.25, 91.25, 138.5
2024-11-07, 13:25:45, 136.5, 58.25, 22.98, 22.0, 9999.0, 9.75, 10.0, 21.75, 9999.0, 23.93, 9999.0, 117.84, 127.77, 120.25, 91.25, 138.5
2024-11-07, 13:25:49, 136.5, 58.25, 22.98, 22.0, 9999.0, 9.73, 10.0, 21.75, 9999.0, 23.93, 9999.0, 117.89, 127.77, 120.25, 91.25, 138.5
2024-11-07, 13:25:53, 136.5, 58.25, 22.98, 22.0, 9999.0, 9.68, 10.0, 21.75, 9999.0, 23.93, 9999.0, 117.89, 127.77, 120.25, 91.25, 138.5
2024-11-07, 13:25:57, 136.5, 58.25, 23.0, 22.0, 9999.0, 9.66, 10.0, 21.75, 9999.0, 23.93, 9999.0, 117.86, 127.77, 120.25, 91.25, 138.5
2024-11-07, 13:26:01, 136.5, 58.25, 23.0, 22.0, 9999.0, 9.64, 10.0, 21.75, 9999.0, 23.93, 9999.0, 117.86, 127.77, 120.25, 91.25, 138.5
2024-11-07, 13:26:05, 136.5, 58.25, 23.0, 22.0, 9999.0, 9.61, 10.0, 21.75, 9999.0, 23.93, 9999.0, 117.86, 127.77, 120.25, 91.25, 138.5
2024-11-07, 13:26:09, 136.5, 58.25, 23.0, 22.0, 9999.0, 9.59, 10.0, 21.75, 9999.0, 23.95, 9999.0, 117.84, 127.77, 120.25, 91.25, 138.5
2024-11-07, 13:26:13, 136.5, 58.25, 23.0, 22.0, 9999.0, 9.57, 10.0, 21.75, 9999.0, 23.98, 9999.0, 117.82, 127.8, 120.25, 91.25, 138.5
2024-11-07, 13:26:17, 136.5, 58.25, 23.0, 22.0, 9999.0, 9.57, 10.0, 21.75, 9999.0, 23.98, 9999.0, 117.8, 127.8, 120.25, 91.25, 138.5
2024-11-07, 13:26:21, 136.5, 58.25, 23.0, 22.0, 9999.0, 9.57, 10.0, 21.75, 9999.0, 23.98, 9999.0, 117.77, 127.8, 120.25, 91.25, 138.5
2024-11-07, 13:26:25, 136.5, 58.25, 23.0, 22.0, 9999.0, 9.57, 10.0, 21.75, 9999.0, 24.0, 9999.0, 117.77, 127.8, 120.25, 91.25, 138.5
2024-11-07, 13:26:29, 136.5, 58.25, 23.0, 22.0, 9999.0, 9.61, 10.0, 21.75, 9999.0, 23.98, 9999.0, 117.75, 127.77, 120.25, 91.25, 138.5
2024-11-07, 13:26:33, 136.5, 58.25, 23.0, 22.0, 9999.0, 9.64, 10.0, 21.75, 9999.0, 23.98, 9999.0, 117.73, 127.77, 120.25, 91.25, 138.5
2024-11-07, 13:26:37, 136.5, 58.25, 23.0, 22.0, 9999.0, 9.66, 10.0, 21.75, 9999.0, 23.98, 9999.0, 117.73, 127.77, 120.25, 91.25, 138.5
2024-11-07, 13:26:41, 136.5, 58.25, 22.98, 22.0, 9999.0, 9.68, 10.0, 21.75, 9999.0, 23.98, 9999.0, 117.75, 127.77, 120.25, 91.25, 138.5
2024-11-07, 13:26:45, 136.5, 58.25, 22.98, 22.02, 9999.0, 9.7, 10.0, 21.75, 9999.0, 23.95, 9999.0, 117.77, 127.8, 120.25, 91.25, 138.5
2024-11-07, 13:26:49, 136.5, 58.25, 22.98, 22.02, 9999.0, 9.73, 10.0, 21.75, 9999.0, 23.93, 9999.0, 117.8, 127.8, 120.25, 91.25, 138.5
2024-11-07, 13:26:53, 136.5, 58.25, 22.98, 22.02, 9999.0, 9.75, 10.0, 21.75, 9999.0, 23.93, 9999.0, 117.82, 127.8, 120.25, 91.25, 138.5
2024-11-07, 13:26:57, 136.5, 58.25, 22.98, 22.02, 9999.0, 9.75, 10.0, 21.75, 9999.0, 23.93, 9999.0, 117.84, 127.77, 120.25, 91.25, 138.5
2024-11-07, 13:27:01, 136.5, 58.25, 22.98, 22.02, 9999.0, 9.73, 10.0, 21.75, 9999.0, 23.93, 9999.0, 117.84, 127.77, 120.25, 91.25, 138.5
2024-11-07, 13:27:05, 136.5, 58.25, 22.98, 22.02, 9999.0, 9.7, 10.0, 21.75, 9999.0, 23.95, 9999.0, 117.84, 127.8, 120.25, 91.25, 138.5
2024-11-07, 13:27:09, 136.5, 58.25, 22.98, 22.02, 9999.0, 9.68, 10.0, 21.75, 9999.0, 23.98, 9999.0, 117.84, 127.8, 120.25, 91.25, 138.5
2024-11-07, 13:27:13, 136.5, 58.25, 22.98, 22.02, 9999.0, 9.64, 10.0, 21.75, 9999.0, 24.02, 9999.0, 117.86, 127.8, 120.25, 91.25, 138.5
2024-11-07, 13:27:17, 136.5, 58.25, 22.98, 22.02, 9999.0, 9.61, 10.0, 21.75, 9999.0, 24.05, 9999.0, 117.86, 127.8, 120.25, 91.25, 138.5
2024-11-07, 13:27:21, 136.5, 58.25, 22.98, 22.02, 9999.0, 9.59, 10.0, 21.75, 9999.0, 24.05, 9999.0, 117.86, 127.8, 120.25, 91.25, 138.5
2024-11-07, 13:27:25, 136.5, 58.25, 22.98, 22.02, 9999.0, 9.57, 10.0, 21.75, 9999.0, 24.05, 9999.0, 117.84, 127.8, 120.25, 91.25, 138.5
2024-11-07, 13:27:29, 136.5, 58.25, 22.98, 22.0, 9999.0, 9.55, 10.0, 21.75, 9999.0, 24.07, 9999.0, 117.82, 127.77, 120.25, 91.25, 138.5
2024-11-07, 13:27:33, 136.5, 58.25, 22.98, 22.0, 9999.0, 9.55, 10.0, 21.75, 9999.0, 24.09, 9999.0, 117.8, 127.8, 120.25, 91.25, 138.5
2024-11-07, 13:27:37, 136.5, 58.25, 22.98, 22.0, 9999.0, 9.55, 10.0, 21.75, 9999.0, 24.09, 9999.0, 117.75, 127.8, 120.25, 91.25, 138.5
2024-11-07, 13:27:41, 136.5, 58.25, 22.98, 22.02, 9999.0, 9.57, 10.0, 21.75, 9999.0, 24.09, 9999.0, 117.7, 127.8, 120.25, 91.25, 138.5
2024-11-07, 13:27:45, 136.5, 58.25, 22.98, 22.02, 9999.0, 9.61, 10.0, 21.75, 9999.0, 24.09, 9999.0, 117.68, 127.8, 120.25, 91.25, 138.5
2024-11-07, 13:27:49, 136.5, 58.25, 22.98, 22.05, 9999.0, 9.64, 10.0, 21.75, 9999.0, 24.05, 9999.0, 117.66, 127.77, 120.25, 91.25, 138.5
2024-11-07, 13:27:53, 136.5, 58.25, 22.98, 22.05, 9999.0, 9.66, 10.0, 21.75, 9999.0, 24.0, 9999.0, 117.66, 127.77, 120.25, 91.25, 138.5
2024-11-07, 13:27:57, 136.5, 58.25, 22.95, 22.05, 9999.0, 9.68, 10.0, 21.75, 9999.0, 23.95, 9999.0, 117.66, 127.77, 120.25, 91.25, 138.5
2024-11-07, 13:28:01, 136.5, 58.25, 22.95, 22.05, 9999.0, 9.7, 10.0, 21.75, 9999.0, 23.91, 9999.0, 117.68, 127.77, 120.25, 91.25, 138.5
2024-11-07, 13:28:05, 136.5, 58.25, 22.95, 22.05, 9999.0, 9.73, 10.0, 21.75, 9999.0, 23.89, 9999.0, 117.7, 127.77, 120.25, 91.25, 138.5
2024-11-07, 13:28:09, 136.5, 58.25, 22.98, 22.05, 9999.0, 9.75, 10.0, 21.75, 9999.0, 23.86, 9999.0, 117.73, 127.77, 120.25, 91.25, 138.5
2024-11-07, 13:28:13, 136.5, 58.25, 22.98, 22.05, 9999.0, 9.77, 10.0, 21.75, 9999.0, 23.86, 9999.0, 117.75, 127.77, 120.25, 91.25, 138.5
2024-11-07, 13:28:17, 136.5, 58.25, 22.98, 22.05, 9999.0, 9.77, 10.0, 21.75, 9999.0, 23.86, 9999.0, 117.77, 127.75, 120.25, 91.25, 138.5
2024-11-07, 13:28:21, 136.5, 58.25, 22.98, 22.05, 9999.0, 9.75, 10.0, 21.75, 9999.0, 23.86, 9999.0, 117.82, 127.75, 120.25, 91.25, 138.5
2024-11-07, 13:28:25, 136.5, 58.25, 22.98, 22.02, 9999.0, 9.75, 10.0, 21.75, 9999.0, 23.89, 9999.0, 117.86, 127.75, 120.25, 91.25, 138.5
2024-11-07, 13:28:29, 136.5, 58.25, 22.98, 22.02, 9999.0, 9.73, 10.0, 21.75, 9999.0, 23.89, 9999.0, 117.91, 127.75, 120.25, 91.25, 138.5
2024-11-07, 13:28:33, 136.5, 58.25, 22.98, 22.0, 9999.0, 9.7, 10.0, 21.75, 9999.0, 23.91, 9999.0, 117.93, 127.75, 120.25, 91.25, 138.5
2024-11-07, 13:28:37, 136.5, 58.25, 22.98, 22.0, 9999.0, 9.7, 10.0, 21.75, 9999.0, 23.93, 9999.0, 117.93, 127.75, 120.25, 91.25, 138.5
2024-11-07, 13:28:41, 136.5, 58.25, 23.0, 22.0, 9999.0, 9.68, 10.0, 21.75, 9999.0, 23.95, 9999.0, 117.93, 127.75, 120.25, 91.25, 138.5
2024-11-07, 13:28:45, 136.5, 58.25, 23.0, 22.0, 9999.0, 9.66, 10.0, 21.75, 9999.0, 23.98, 9999.0, 117.91, 127.75, 120.25, 91.25, 138.5
2024-11-07, 13:28:49, 136.5, 58.27, 23.0, 22.0, 9999.0, 9.64, 10.0, 21.75, 9999.0, 23.98, 9999.0, 117.89, 127.75, 120.25, 91.25, 138.5
2024-11-07, 13:28:53, 136.5, 58.27, 23.0, 22.0, 9999.0, 9.64, 10.0, 21.73, 9999.0, 23.98, 9999.0, 117.86, 127.75, 120.25, 91.25, 138.5
2024-11-07, 13:28:57, 136.5, 58.27, 23.0, 22.0, 9999.0, 9.64, 10.0, 21.73, 9999.0, 23.95, 9999.0, 117.84, 127.75, 120.25, 91.25, 138.5
2024-11-07, 13:29:01, 136.5, 58.27, 23.0, 22.0, 9999.0, 9.64, 10.0, 21.73, 9999.0, 23.93, 9999.0, 117.82, 127.75, 120.25, 91.25, 138.5
2024-11-07, 13:29:05, 136.5, 58.27, 23.0, 22.0, 9999.0, 9.68, 10.0, 21.73, 9999.0, 23.91, 9999.0, 117.77, 127.75, 120.25, 91.25, 138.5
2024-11-07, 13:29:09, 136.5, 58.27, 23.0, 22.0, 9999.0, 9.68, 10.0, 21.73, 9999.0, 23.86, 9999.0, 117.77, 127.75, 120.25, 91.25, 138.5
2024-11-07, 13:29:13, 136.5, 58.27, 23.0, 22.0, 9999.0, 9.68, 10.0, 21.73, 9999.0, 23.84, 9999.0, 117.75, 127.75, 120.25, 91.25, 138.5
2024-11-07, 13:29:18, 136.5, 58.27, 23.0, 22.0, 9999.0, 9.7, 10.0, 21.73, 9999.0, 23.82, 9999.0, 117.75, 127.75, 120.25, 91.25, 138.5
2024-11-07, 13:29:22, 136.5, 58.27, 23.0, 22.0, 9999.0, 9.7, 10.0, 21.73, 9999.0, 23.8, 9999.0, 117.77, 127.75, 120.25, 91.25, 138.5
2024-11-07, 13:29:26, 136.5, 58.27, 23.0, 22.0, 9999.0, 9.73, 10.0, 21.73, 9999.0, 23.75, 9999.0, 117.8, 127.75, 120.25, 91.25, 138.5
2024-11-07, 13:29:30, 136.5, 58.27, 23.0, 22.0, 9999.0, 9.75, 10.0, 21.73, 9999.0, 23.7, 9999.0, 117.82, 127.75, 120.25, 91.25, 138.5
2024-11-07, 13:29:34, 136.5, 58.25, 23.0, 22.0, 9999.0, 9.77, 10.0, 21.73, 9999.0, 23.7, 9999.0, 117.84, 127.75, 120.25, 91.25, 138.5
2024-11-07, 13:29:38, 136.52, 58.25, 23.0, 22.0, 9999.0, 9.77, 10.0, 21.75, 9999.0, 23.7, 9999.0, 117.84, 127.75, 120.25, 91.25, 138.5
2024-11-07, 13:29:42, 136.52, 58.25, 23.0, 22.0, 9999.0, 9.77, 10.0, 21.75, 9999.0, 23.7, 9999.0, 117.84, 127.77, 120.25, 91.25, 138.5
2024-11-07, 13:29:46, 136.52, 58.25, 23.0, 22.0, 9999.0, 9.75, 10.0, 21.75, 9999.0, 23.73, 9999.0, 117.86, 127.77, 120.25, 91.25, 138.5
2024-11-07, 13:29:50, 136.52, 58.25, 23.0, 22.0, 9999.0, 9.7, 10.02, 21.75, 9999.0, 23.73, 9999.0, 117.89, 127.77, 120.25, 91.25, 138.5
2024-11-07, 13:29:54, 136.52, 58.25, 23.0, 22.0, 9999.0, 9.68, 10.02, 21.75, 9999.0, 23.73, 9999.0, 117.86, 127.77, 120.25, 91.25, 138.52
2024-11-07, 13:29:58, 136.52, 58.25, 23.0, 22.0, 9999.0, 9.66, 10.02, 21.75, 9999.0, 23.73, 9999.0, 117.86, 127.77, 120.25, 91.25, 138.52
2024-11-07, 13:30:02, 136.52, 58.25, 23.0, 22.0, 9999.0, 9.64, 10.02, 21.75, 9999.0, 23.73, 9999.0, 117.86, 127.77, 120.25, 91.25, 138.52
2024-11-07, 13:30:06, 136.52, 58.25, 23.0, 22.0, 9999.0, 9.61, 10.02, 21.75, 9999.0, 23.73, 9999.0, 117.84, 127.77, 120.25, 91.25, 138.52
2024-11-07, 13:30:10, 136.52, 58.25, 23.0, 22.0, 9999.0, 9.59, 10.02, 21.75, 9999.0, 23.75, 9999.0, 117.82, 127.77, 120.25, 91.25, 138.52
2024-11-07, 13:30:14, 136.52, 58.25, 23.0, 22.0, 9999.0, 9.59, 10.02, 21.75, 9999.0, 23.77, 9999.0, 117.8, 127.77, 120.25, 91.25, 138.52
2024-11-07, 13:30:18, 136.52, 58.25, 23.0, 22.0, 9999.0, 9.59, 10.02, 21.75, 9999.0, 23.77, 9999.0, 117.77, 127.77, 120.25, 91.25, 138.52
2024-11-07, 13:30:22, 136.5, 58.25, 23.0, 22.0, 9999.0, 9.59, 10.02, 21.75, 9999.0, 23.77, 9999.0, 117.75, 127.77, 120.25, 91.25, 138.52
2024-11-07, 13:30:26, 136.5, 58.25, 23.0, 22.0, 9999.0, 9.61, 10.02, 21.75, 9999.0, 23.77, 9999.0, 117.75, 127.75, 120.25, 91.25, 138.52
2024-11-07, 13:30:30, 136.5, 58.25, 23.0, 22.02, 9999.0, 9.64, 10.02, 21.75, 9999.0, 23.75, 9999.0, 117.75, 127.75, 120.25, 91.25, 138.52
2024-11-07, 13:30:34, 136.52, 58.25, 23.0, 22.02, 9999.0, 9.66, 10.0, 21.75, 9999.0, 23.75, 9999.0, 117.75, 127.75, 120.25, 91.25, 138.55
2024-11-07, 13:30:46, 136.52, 58.25, 23.0, 22.02, 9999.0, 9.68, 10.0, 21.75, 9999.0, 23.75, 9999.0, 117.75, 127.75, 120.25, 91.25, 138.52
2024-11-07, 13:30:50, 136.52, 58.25, 22.98, 22.02, 9999.0, 9.7, 10.0, 21.75, 9999.0, 23.75, 9999.0, 117.77, 127.75, 120.25, 91.25, 138.52
2024-11-07, 13:30:54, 136.52, 58.25, 22.95, 22.02, 9999.0, 9.73, 10.0, 21.75, 9999.0, 23.75, 9999.0, 117.8, 127.77, 120.25, 91.25, 138.52
2024-11-07, 13:30:58, 136.52, 58.27, 22.95, 22.05, 9999.0, 9.75, 10.0, 21.75, 9999.0, 23.73, 9999.0, 117.82, 127.77, 120.25, 91.25, 138.52
2024-11-07, 13:31:04, 136.52, 58.27, 22.95, 22.07, 9999.0, 9.77, 10.0, 21.75, 9999.0, 23.73, 9999.0, 117.84, 127.77, 120.25, 91.25, 138.55
2024-11-07, 13:31:09, 136.52, 58.3, 22.95, 22.07, 9999.0, 9.77, 10.0, 21.75, 9999.0, 23.73, 9999.0, 117.86, 127.77, 120.25, 91.25, 138.57
2024-11-07, 13:31:13, 136.52, 58.3, 22.95, 22.09, 9999.0, 9.77, 10.02, 21.75, 9999.0, 23.73, 9999.0, 117.89, 127.8, 120.25, 91.25, 138.59
2024-11-07, 13:31:18, 136.55, 58.3, 22.95, 22.11, 9999.0, 9.77, 10.02, 21.75, 9999.0, 23.73, 9999.0, 117.93, 127.82, 120.25, 91.25, 138.59
2024-11-07, 13:31:22, 136.55, 58.3, 22.95, 22.14, 9999.0, 9.73, 10.02, 21.73, 9999.0, 23.73, 9999.0, 117.93, 127.82, 120.25, 91.25, 138.59
2024-11-07, 13:31:26, 136.55, 58.3, 22.95, 22.11, 9999.0, 9.73, 10.02, 21.73, 9999.0, 23.73, 9999.0, 117.91, 127.84, 120.25, 91.25, 138.61
2024-11-07, 13:31:30, 136.52, 58.32, 22.95, 22.14, 9999.0, 9.7, 10.02, 21.73, 9999.0, 23.73, 9999.0, 117.91, 127.84, 120.25, 91.25, 138.59
2024-11-07, 13:31:34, 136.52, 58.32, 22.95, 22.16, 9999.0, 9.68, 10.02, 21.73, 9999.0, 23.73, 9999.0, 117.91, 127.86, 120.25, 91.25, 138.59
2024-11-07, 13:31:39, 136.52, 58.32, 22.98, 22.18, 9999.0, 9.66, 10.02, 21.73, 9999.0, 23.73, 9999.0, 117.89, 127.86, 120.25, 91.25, 138.59
2024-11-07, 13:31:43, 136.52, 58.34, 23.0, 22.2, 9999.0, 9.64, 10.02, 21.7, 9999.0, 23.73, 9999.0, 117.86, 127.84, 120.25, 91.25, 138.61
2024-11-07, 13:31:47, 136.52, 58.32, 23.0, 22.18, 9999.0, 9.64, 10.02, 21.7, 9999.0, 23.75, 9999.0, 117.82, 127.84, 120.25, 91.25, 138.61
2024-11-07, 13:31:51, 136.52, 58.32, 23.0, 22.18, 9999.0, 9.64, 10.02, 21.7, 9999.0, 23.75, 9999.0, 117.8, 127.84, 120.25, 91.25, 138.59
2024-11-07, 13:31:55, 136.52, 58.3, 23.0, 22.2, 9999.0, 9.64, 10.02, 21.7, 9999.0, 23.75, 9999.0, 117.75, 127.84, 120.25, 91.25, 138.57
2024-11-07, 13:31:59, 136.52, 58.3, 23.0, 22.18, 9999.0, 9.66, 10.0, 21.7, 9999.0, 23.75, 9999.0, 117.73, 127.82, 120.25, 91.25, 138.55
2024-11-07, 13:32:03, 136.5, 58.3, 23.0, 22.18, 9999.0, 9.66, 10.0, 21.7, 9999.0, 23.75, 9999.0, 117.7, 127.8, 120.25, 91.25, 138.57
2024-11-07, 13:32:07, 136.5, 58.3, 23.0, 22.18, 9999.0, 9.68, 10.0, 21.73, 9999.0, 23.75, 9999.0, 117.73, 127.8, 120.25, 91.25, 138.57
2024-11-07, 13:32:11, 136.5, 58.3, 23.0, 22.18, 9999.0, 9.68, 10.0, 21.73, 9999.0, 23.75, 9999.0, 117.75, 127.77, 120.25, 91.25, 138.57
2024-11-07, 13:32:15, 136.5, 58.27, 23.0, 22.16, 9999.0, 9.7, 10.0, 21.73, 9999.0, 23.75, 9999.0, 117.77, 127.8, 120.25, 91.25, 138.57
2024-11-07, 13:32:19, 136.52, 58.27, 23.0, 22.16, 9999.0, 9.73, 10.0, 21.73, 9999.0, 23.73, 9999.0, 117.8, 127.77, 120.25, 91.25, 138.59
2024-11-07, 13:32:23, 136.52, 58.27, 23.0, 22.16, 9999.0, 9.75, 10.0, 21.73, 9999.0, 23.7, 9999.0, 117.82, 127.77, 120.25, 91.25, 138.61
2024-11-07, 13:32:27, 136.52, 58.25, 23.0, 22.16, 9999.0, 9.77, 10.0, 21.75, 9999.0, 23.7, 9999.0, 117.84, 127.77, 120.25, 91.25, 138.61
2024-11-07, 13:32:31, 136.52, 58.25, 23.0, 22.18, 9999.0, 9.77, 10.0, 21.75, 9999.0, 23.7, 9999.0, 117.89, 127.77, 120.25, 91.25, 138.64
2024-11-07, 13:32:35, 136.52, 58.25, 23.0, 22.16, 9999.0, 9.77, 10.0, 21.75, 9999.0, 23.73, 9999.0, 117.91, 127.8, 120.25, 91.25, 138.66
2024-11-07, 13:32:39, 136.52, 58.25, 23.0, 22.14, 9999.0, 9.75, 10.0, 21.75, 9999.0, 23.75, 9999.0, 117.95, 127.82, 120.25, 91.25, 138.68
2024-11-07, 13:32:43, 136.52, 58.25, 23.0, 22.14, 9999.0, 9.73, 10.0, 21.75, 9999.0, 23.77, 9999.0, 117.98, 127.84, 120.25, 91.25, 138.68
2024-11-07, 13:32:47, 136.52, 58.25, 23.0, 22.11, 9999.0, 9.7, 10.0, 21.75, 9999.0, 23.77, 9999.0, 117.98, 127.84, 120.25, 91.25, 138.68
2024-11-07, 13:32:51, 136.52, 58.25, 23.0, 22.11, 9999.0, 9.68, 10.0, 21.75, 9999.0, 23.77, 9999.0, 117.95, 127.84, 120.25, 91.25, 138.7
2024-11-07, 13:32:55, 136.52, 58.25, 23.0, 22.14, 9999.0, 9.66, 10.0, 21.75, 9999.0, 23.77, 9999.0, 117.93, 127.86, 120.25, 91.25, 138.7
2024-11-07, 13:32:59, 136.52, 58.25, 23.0, 22.14, 9999.0, 9.64, 10.0, 21.75, 9999.0, 23.77, 9999.0, 117.91, 127.84, 120.25, 91.25, 138.73
2024-11-07, 13:33:03, 136.5, 58.25, 23.0, 22.14, 9999.0, 9.61, 10.0, 21.75, 9999.0, 23.8, 9999.0, 117.89, 127.86, 120.25, 91.25, 138.73
2024-11-07, 13:33:07, 136.5, 58.25, 23.0, 22.11, 9999.0, 9.61, 10.0, 21.73, 9999.0, 23.82, 9999.0, 117.86, 127.86, 120.25, 91.25, 138.7
2024-11-07, 13:33:11, 136.52, 58.25, 23.0, 22.11, 9999.0, 9.61, 10.0, 21.73, 9999.0, 23.82, 9999.0, 117.84, 127.86, 120.25, 91.25, 138.68
2024-11-07, 13:33:15, 136.55, 58.25, 23.0, 22.09, 9999.0, 9.61, 10.0, 21.73, 9999.0, 23.82, 9999.0, 117.82, 127.86, 120.25, 91.25, 138.68
2024-11-07, 13:33:19, 136.55, 58.25, 23.0, 22.11, 9999.0, 9.64, 10.0, 21.73, 9999.0, 23.8, 9999.0, 117.8, 127.86, 120.25, 91.25, 138.66
2024-11-07, 13:33:23, 136.55, 58.25, 23.0, 22.14, 9999.0, 9.68, 10.0, 21.73, 9999.0, 23.77, 9999.0, 117.8, 127.84, 120.25, 91.25, 138.66
2024-11-07, 13:33:27, 136.55, 58.25, 23.0, 22.14, 9999.0, 9.68, 10.0, 21.73, 9999.0, 23.75, 9999.0, 117.77, 127.82, 120.25, 91.25, 138.68
2024-11-07, 13:33:31, 136.55, 58.25, 23.0, 22.16, 9999.0, 9.7, 10.0, 21.73, 9999.0, 23.75, 9999.0, 117.8, 127.82, 120.25, 91.25, 138.68
2024-11-07, 13:33:35, 136.55, 58.25, 23.0, 22.16, 9999.0, 9.73, 10.0, 21.7, 9999.0, 23.75, 9999.0, 117.82, 127.82, 120.25, 91.25, 138.68
2024-11-07, 13:33:39, 136.55, 58.25, 23.0, 22.16, 9999.0, 9.75, 10.0, 21.7, 9999.0, 23.77, 9999.0, 117.84, 127.82, 120.25, 91.25, 138.68
2024-11-07, 13:33:43, 136.55, 58.25, 23.0, 22.18, 9999.0, 9.77, 10.0, 21.7, 9999.0, 23.8, 9999.0, 117.86, 127.82, 120.25, 91.25, 138.66
2024-11-07, 13:33:47, 136.55, 58.27, 23.0, 22.18, 9999.0, 9.8, 10.0, 21.7, 9999.0, 23.82, 9999.0, 117.89, 127.8, 120.25, 91.25, 138.64
2024-11-07, 13:33:51, 136.55, 58.27, 23.0, 22.2, 9999.0, 9.8, 10.0, 21.73, 9999.0, 23.84, 9999.0, 117.91, 127.8, 120.25, 91.25, 138.64
2024-11-07, 13:33:55, 136.52, 58.27, 23.0, 22.18, 9999.0, 9.8, 10.0, 21.73, 9999.0, 23.89, 9999.0, 117.93, 127.8, 120.25, 91.25, 138.66
2024-11-07, 13:33:59, 136.5, 58.27, 23.0, 22.18, 9999.0, 9.8, 10.0, 21.73, 9999.0, 23.91, 9999.0, 117.93, 127.82, 120.25, 91.25, 138.64
2024-11-07, 13:34:03, 136.5, 58.3, 23.0, 22.18, 9999.0, 9.75, 10.0, 21.73, 9999.0, 23.93, 9999.0, 117.93, 127.82, 120.25, 91.25, 138.66
2024-11-07, 13:34:07, 136.5, 58.3, 23.0, 22.18, 9999.0, 9.73, 10.0, 21.73, 9999.0, 23.93, 9999.0, 117.91, 127.84, 120.25, 91.25, 138.64
2024-11-07, 13:34:11, 136.52, 58.3, 23.0, 22.2, 9999.0, 9.7, 10.0, 21.73, 9999.0, 23.95, 9999.0, 117.91, 127.84, 120.25, 91.25, 138.64
2024-11-07, 13:34:15, 136.52, 58.3, 23.0, 22.2, 9999.0, 9.68, 10.0, 21.73, 9999.0, 23.95, 9999.0, 117.89, 127.84, 120.25, 91.25, 138.61
2024-11-07, 13:34:19, 136.52, 58.3, 23.0, 22.2, 9999.0, 9.66, 10.0, 21.75, 9999.0, 23.95, 9999.0, 117.86, 127.86, 120.25, 91.25, 138.59
2024-11-07, 13:34:23, 136.52, 58.3, 23.0, 22.2, 9999.0, 9.64, 10.0, 21.75, 9999.0, 23.93, 9999.0, 117.84, 127.84, 120.25, 91.25, 138.57
2024-11-07, 13:34:27, 136.52, 58.3, 23.0, 22.18, 9999.0, 9.64, 10.0, 21.75, 9999.0, 23.91, 9999.0, 117.82, 127.84, 120.25, 91.25, 138.59
2024-11-07, 13:34:31, 136.52, 58.27, 23.0, 22.16, 9999.0, 9.64, 10.0, 21.73, 9999.0, 23.89, 9999.0, 117.8, 127.86, 120.25, 91.25, 138.59
2024-11-07, 13:34:35, 136.52, 58.27, 23.0, 22.16, 9999.0, 9.64, 10.0, 21.73, 9999.0, 23.89, 9999.0, 117.75, 127.86, 120.25, 91.25, 138.59
2024-11-07, 13:34:39, 136.52, 58.27, 23.0, 22.16, 9999.0, 9.66, 10.0, 21.73, 9999.0, 23.86, 9999.0, 117.7, 127.86, 120.25, 91.25, 138.57
2024-11-07, 13:34:43, 136.52, 58.27, 23.0, 22.18, 9999.0, 9.68, 10.0, 21.73, 9999.0, 23.86, 9999.0, 117.73, 127.84, 120.25, 91.25, 138.59
2024-11-07, 13:34:47, 136.52, 58.25, 23.0, 22.18, 9999.0, 9.73, 10.0, 21.73, 9999.0, 23.86, 9999.0, 117.75, 127.82, 120.25, 91.25, 138.57
2024-11-07, 13:34:51, 136.52, 58.25, 23.0, 22.18, 9999.0, 9.73, 10.0, 21.73, 9999.0, 23.89, 9999.0, 117.75, 127.8, 120.25, 91.25, 138.57
2024-11-07, 13:34:55, 136.5, 58.25, 23.0, 22.18, 9999.0, 9.75, 10.02, 21.7, 9999.0, 23.89, 9999.0, 117.77, 127.82, 120.25, 91.25, 138.55
2024-11-07, 13:34:59, 136.5, 58.25, 23.0, 22.18, 9999.0, 9.77, 10.02, 21.7, 9999.0, 23.89, 9999.0, 117.8, 127.82, 120.25, 91.25, 138.55
2024-11-07, 13:35:03, 136.5, 58.25, 23.0, 22.18, 9999.0, 9.8, 10.02, 21.7, 9999.0, 23.91, 9999.0, 117.82, 127.82, 120.25, 91.25, 138.55
2024-11-07, 13:35:07, 136.5, 58.25, 23.0, 22.18, 9999.0, 9.82, 10.02, 21.7, 9999.0, 23.93, 9999.0, 117.84, 127.82, 120.25, 91.25, 138.55
2024-11-07, 13:35:11, 136.5, 58.25, 23.0, 22.2, 9999.0, 9.82, 10.02, 21.7, 9999.0, 23.95, 9999.0, 117.86, 127.84, 120.25, 91.25, 138.55
2024-11-07, 13:35:15, 136.5, 58.27, 23.0, 22.23, 9999.0, 9.82, 10.02, 21.73, 9999.0, 24.0, 9999.0, 117.89, 127.82, 120.25, 91.25, 138.55
2024-11-07, 13:35:19, 136.52, 58.27, 23.0, 22.23, 9999.0, 9.82, 10.02, 21.73, 9999.0, 24.02, 9999.0, 117.93, 127.84, 120.25, 91.25, 138.55
2024-11-07, 13:35:24, 136.52, 58.3, 23.0, 22.23, 9999.0, 9.8, 10.02, 21.73, 9999.0, 24.05, 9999.0, 117.98, 127.84, 120.25, 91.25, 138.55
2024-11-07, 13:35:28, 136.52, 58.3, 23.0, 22.23, 9999.0, 9.75, 10.02, 21.73, 9999.0, 24.07, 9999.0, 117.95, 127.84, 120.25, 91.25, 138.52
2024-11-07, 13:35:32, 136.52, 58.3, 23.0, 22.23, 9999.0, 9.73, 10.02, 21.73, 9999.0, 24.09, 9999.0, 117.93, 127.84, 120.25, 91.25, 138.52
2024-11-07, 13:35:36, 136.52, 58.32, 23.0, 22.23, 9999.0, 9.7, 10.02, 21.73, 9999.0, 24.09, 9999.0, 117.93, 127.86, 120.25, 91.25, 138.52
2024-11-07, 13:35:40, 136.52, 58.32, 23.0, 22.2, 9999.0, 9.68, 10.0, 21.75, 9999.0, 24.09, 9999.0, 117.91, 127.84, 120.25, 91.25, 138.52
2024-11-07, 13:35:44, 136.52, 58.32, 23.0, 22.2, 9999.0, 9.66, 10.0, 21.73, 9999.0, 24.11, 9999.0, 117.89, 127.86, 120.25, 91.25, 138.52
2024-11-07, 13:35:48, 136.52, 58.32, 23.0, 22.2, 9999.0, 9.66, 10.0, 21.73, 9999.0, 24.11, 9999.0, 117.86, 127.84, 120.25, 91.25, 138.52
2024-11-07, 13:35:52, 136.52, 58.32, 23.0, 22.2, 9999.0, 9.66, 10.0, 21.73, 9999.0, 24.09, 9999.0, 117.82, 127.84, 120.25, 91.25, 138.52
2024-11-07, 13:35:56, 136.52, 58.32, 23.0, 22.2, 9999.0, 9.68, 10.0, 21.73, 9999.0, 24.07, 9999.0, 117.8, 127.82, 120.25, 91.25, 138.5
2024-11-07, 13:36:00, 136.52, 58.3, 23.0, 22.2, 9999.0, 9.7, 10.0, 21.73, 9999.0, 24.02, 9999.0, 117.77, 127.82, 120.25, 91.25, 138.5
2024-11-07, 13:36:04, 136.5, 58.3, 23.0, 22.18, 9999.0, 9.7, 10.0, 21.73, 9999.0, 23.98, 9999.0, 117.75, 127.8, 120.25, 91.25, 138.5
2024-11-07, 13:36:08, 136.5, 58.3, 23.0, 22.18, 9999.0, 9.7, 10.0, 21.73, 9999.0, 23.93, 9999.0, 117.73, 127.8, 120.25, 91.25, 138.5
2024-11-07, 13:36:12, 136.5, 58.3, 23.0, 22.18, 9999.0, 9.73, 10.0, 21.73, 9999.0, 23.89, 9999.0, 117.75, 127.8, 120.25, 91.25, 138.5
2024-11-07, 13:36:16, 136.5, 58.3, 23.0, 22.18, 9999.0, 9.73, 10.02, 21.73, 9999.0, 23.84, 9999.0, 117.77, 127.82, 120.25, 91.25, 138.5
2024-11-07, 13:36:20, 136.5, 58.3, 23.0, 22.18, 9999.0, 9.75, 10.02, 21.73, 9999.0, 23.82, 9999.0, 117.8, 127.82, 120.25, 91.25, 138.5
2024-11-07, 13:36:24, 136.5, 58.32, 23.0, 22.2, 9999.0, 9.77, 10.02, 21.73, 9999.0, 23.82, 9999.0, 117.82, 127.82, 120.25, 91.25, 138.5
2024-11-07, 13:36:28, 136.5, 58.32, 23.0, 22.2, 9999.0, 9.8, 10.02, 21.75, 9999.0, 23.82, 9999.0, 117.84, 127.8, 120.25, 91.25, 138.5
2024-11-07, 13:36:32, 136.5, 58.32, 23.0, 22.2, 9999.0, 9.8, 10.02, 21.75, 9999.0, 23.82, 9999.0, 117.86, 127.82, 120.25, 91.25, 138.5
2024-11-07, 13:36:36, 136.5, 58.32, 23.0, 22.18, 9999.0, 9.8, 10.02, 21.75, 9999.0, 23.86, 9999.0, 117.91, 127.82, 120.25, 91.25, 138.5
2024-11-07, 13:36:40, 136.5, 58.32, 23.0, 22.16, 9999.0, 9.77, 10.02, 21.75, 9999.0, 23.89, 9999.0, 117.91, 127.82, 120.25, 91.25, 138.5
2024-11-07, 13:36:44, 136.5, 58.32, 23.0, 22.16, 9999.0, 9.73, 10.02, 21.75, 9999.0, 23.91, 9999.0, 117.91, 127.84, 120.25, 91.25, 138.5
2024-11-07, 13:36:48, 136.5, 58.32, 23.0, 22.18, 9999.0, 9.7, 10.02, 21.75, 9999.0, 23.95, 9999.0, 117.91, 127.84, 120.25, 91.25, 138.5
2024-11-07, 13:36:52, 136.5, 58.3, 23.0, 22.18, 9999.0, 9.68, 10.02, 21.73, 9999.0, 23.98, 9999.0, 117.91, 127.84, 120.25, 91.25, 138.5
2024-11-07, 13:36:56, 136.5, 58.3, 23.0, 22.18, 9999.0, 9.66, 10.02, 21.73, 9999.0, 24.02, 9999.0, 117.89, 127.86, 120.25, 91.25, 138.5
2024-11-07, 13:37:00, 136.5, 58.3, 23.0, 22.16, 9999.0, 9.64, 10.0, 21.7, 9999.0, 24.05, 9999.0, 117.86, 127.84, 120.25, 91.25, 138.5
2024-11-07, 13:37:04, 136.5, 58.27, 23.0, 22.14, 9999.0, 9.61, 10.0, 21.7, 9999.0, 24.07, 9999.0, 117.84, 127.82, 120.25, 91.25, 138.5
2024-11-07, 13:37:08, 136.5, 58.25, 23.0, 22.14, 9999.0, 9.61, 10.0, 21.68, 9999.0, 24.07, 9999.0, 117.82, 127.82, 120.25, 91.25, 138.5
2024-11-07, 13:37:12, 136.5, 58.25, 22.98, 22.14, 9999.0, 9.61, 10.0, 21.68, 9999.0, 24.07, 9999.0, 117.8, 127.82, 120.25, 91.25, 138.5
2024-11-07, 13:37:16, 136.5, 58.27, 22.98, 22.14, 9999.0, 9.64, 10.0, 21.68, 9999.0, 24.07, 9999.0, 117.75, 127.8, 120.25, 91.25, 138.5
2024-11-07, 13:37:20, 136.5, 58.27, 22.98, 22.14, 9999.0, 9.66, 10.0, 21.68, 9999.0, 24.02, 9999.0, 117.73, 127.8, 120.25, 91.25, 138.5
2024-11-07, 13:37:24, 136.5, 58.27, 22.98, 22.14, 9999.0, 9.66, 10.0, 21.68, 9999.0, 24.0, 9999.0, 117.73, 127.8, 120.25, 91.25, 138.52
2024-11-07, 13:37:28, 136.5, 58.3, 22.98, 22.11, 9999.0, 9.68, 10.0, 21.68, 9999.0, 23.98, 9999.0, 117.73, 127.77, 120.25, 91.25, 138.52
2024-11-07, 13:37:32, 136.5, 58.3, 22.98, 22.09, 9999.0, 9.7, 10.0, 21.68, 9999.0, 23.95, 9999.0, 117.75, 127.77, 120.25, 91.25, 138.52
2024-11-07, 13:37:36, 136.5, 58.3, 22.95, 22.09, 9999.0, 9.73, 10.0, 21.7, 9999.0, 23.95, 9999.0, 117.77, 127.77, 120.25, 91.25, 138.52
2024-11-07, 13:37:40, 136.5, 58.3, 22.95, 22.07, 9999.0, 9.75, 10.0, 21.7, 9999.0, 23.93, 9999.0, 117.8, 127.75, 120.25, 91.25, 138.55
2024-11-07, 13:37:44, 136.5, 58.3, 22.95, 22.09, 9999.0, 9.77, 10.0, 21.73, 9999.0, 23.93, 9999.0, 117.82, 127.75, 120.25, 91.25, 138.55
2024-11-07, 13:37:48, 136.5, 58.3, 22.95, 22.09, 9999.0, 9.77, 10.0, 21.7, 9999.0, 23.93, 9999.0, 117.84, 127.75, 120.25, 91.25, 138.55
2024-11-07, 13:37:52, 136.5, 58.3, 22.95, 22.07, 9999.0, 9.75, 10.0, 21.73, 9999.0, 23.95, 9999.0, 117.86, 127.77, 120.25, 91.25, 138.55
2024-11-07, 13:37:56, 136.5, 58.3, 22.98, 22.07, 9999.0, 9.75, 10.0, 21.73, 9999.0, 23.98, 9999.0, 117.89, 127.77, 120.25, 91.25, 138.55
2024-11-07, 13:38:00, 136.5, 58.3, 22.98, 22.07, 9999.0, 9.7, 10.0, 21.73, 9999.0, 24.0, 9999.0, 117.91, 127.77, 120.25, 91.25, 138.55
2024-11-07, 13:38:04, 136.5, 58.3, 22.98, 22.09, 9999.0, 9.66, 10.0, 21.73, 9999.0, 24.05, 9999.0, 117.91, 127.77, 120.25, 91.25, 138.55
2024-11-07, 13:38:08, 136.5, 58.3, 22.98, 22.09, 9999.0, 9.64, 10.0, 21.73, 9999.0, 24.09, 9999.0, 117.91, 127.77, 120.25, 91.25, 138.52
2024-11-07, 13:38:12, 136.5, 58.27, 22.98, 22.09, 9999.0, 9.61, 10.0, 21.73, 9999.0, 24.14, 9999.0, 117.91, 127.8, 120.25, 91.25, 138.52
2024-11-07, 13:38:16, 136.5, 58.27, 22.98, 22.11, 9999.0, 9.59, 10.0, 21.73, 9999.0, 24.14, 9999.0, 117.89, 127.8, 120.25, 91.25, 138.52
2024-11-07, 13:38:20, 136.5, 58.27, 23.0, 22.11, 9999.0, 9.57, 10.0, 21.73, 9999.0, 24.14, 9999.0, 117.86, 127.8, 120.25, 91.25, 138.52
2024-11-07, 13:38:24, 136.5, 58.27, 23.0, 22.11, 9999.0, 9.57, 10.0, 21.73, 9999.0, 24.14, 9999.0, 117.84, 127.8, 120.25, 91.25, 138.5
2024-11-07, 13:38:28, 136.5, 58.3, 23.0, 22.11, 9999.0, 9.57, 10.0, 21.73, 9999.0, 24.14, 9999.0, 117.8, 127.8, 120.25, 91.25, 138.5
2024-11-07, 13:38:32, 136.5, 58.3, 23.0, 22.11, 9999.0, 9.59, 10.0, 21.75, 9999.0, 24.14, 9999.0, 117.75, 127.8, 120.25, 91.25, 138.5
2024-11-07, 13:38:36, 136.5, 58.3, 23.0, 22.11, 9999.0, 9.61, 10.0, 21.75, 9999.0, 24.09, 9999.0, 117.73, 127.77, 120.25, 91.25, 138.5
2024-11-07, 13:38:40, 136.5, 58.3, 23.0, 22.09, 9999.0, 9.64, 10.0, 21.75, 9999.0, 24.07, 9999.0, 117.7, 127.77, 120.25, 91.25, 138.5
2024-11-07, 13:38:44, 136.5, 58.27, 23.0, 22.07, 9999.0, 9.66, 10.0, 21.75, 9999.0, 24.05, 9999.0, 117.7, 127.77, 120.25, 91.25, 138.5
2024-11-07, 13:38:48, 136.5, 58.27, 23.0, 22.05, 9999.0, 9.68, 10.0, 21.73, 9999.0, 24.0, 9999.0, 117.7, 127.77, 120.25, 91.25, 138.5
2024-11-07, 13:38:52, 136.5, 58.27, 23.0, 22.05, 9999.0, 9.7, 10.0, 21.73, 9999.0, 23.95, 9999.0, 117.73, 127.77, 120.25, 91.25, 138.5
2024-11-07, 13:38:56, 136.5, 58.3, 23.0, 22.05, 9999.0, 9.73, 10.0, 21.73, 9999.0, 23.91, 9999.0, 117.75, 127.75, 120.25, 91.25, 138.5
2024-11-07, 13:39:01, 136.5, 58.3, 22.98, 22.05, 9999.0, 9.75, 10.0, 21.73, 9999.0, 23.89, 9999.0, 117.77, 127.75, 120.25, 91.25, 138.5
2024-11-07, 13:39:05, 136.5, 58.3, 22.95, 22.05, 9999.0, 9.77, 10.0, 21.73, 9999.0, 23.89, 9999.0, 117.8, 127.75, 120.25, 91.25, 138.5
2024-11-07, 13:39:09, 136.5, 58.3, 22.95, 22.07, 9999.0, 9.77, 10.0, 21.7, 9999.0, 23.89, 9999.0, 117.8, 127.75, 120.25, 91.25, 138.5
2024-11-07, 13:39:13, 136.5, 58.27, 22.95, 22.05, 9999.0, 9.77, 10.0, 21.7, 9999.0, 23.91, 9999.0, 117.84, 127.75, 120.25, 91.25, 138.5
2024-11-07, 13:39:17, 136.5, 58.27, 22.95, 22.05, 9999.0, 9.75, 10.0, 21.68, 9999.0, 23.91, 9999.0, 117.86, 127.77, 120.25, 91.25, 138.5
2024-11-07, 13:39:21, 136.5, 58.27, 22.95, 22.05, 9999.0, 9.73, 10.0, 21.68, 9999.0, 23.93, 9999.0, 117.86, 127.77, 120.25, 91.25, 138.5
2024-11-07, 13:39:25, 136.5, 58.27, 22.95, 22.07, 9999.0, 9.68, 10.0, 21.68, 9999.0, 23.93, 9999.0, 117.86, 127.77, 120.25, 91.25, 138.5
2024-11-07, 13:39:29, 136.5, 58.27, 22.95, 22.09, 9999.0, 9.66, 10.0, 21.68, 9999.0, 23.93, 9999.0, 117.86, 127.8, 120.25, 91.25, 138.5
2024-11-07, 13:39:33, 136.5, 58.3, 22.95, 22.11, 9999.0, 9.64, 10.0, 21.7, 9999.0, 23.95, 9999.0, 117.86, 127.8, 120.25, 91.25, 138.5
2024-11-07, 13:39:37, 136.5, 58.3, 22.95, 22.11, 9999.0, 9.61, 10.0, 21.7, 9999.0, 23.98, 9999.0, 117.84, 127.8, 120.25, 91.25, 138.5
2024-11-07, 13:39:41, 136.5, 58.27, 22.95, 22.11, 9999.0, 9.59, 10.0, 21.68, 9999.0, 24.0, 9999.0, 117.82, 127.8, 120.25, 91.25, 138.5
2024-11-07, 13:39:45, 136.5, 58.27, 22.98, 22.09, 9999.0, 9.59, 10.0, 21.66, 9999.0, 24.02, 9999.0, 117.77, 127.8, 120.25, 91.25, 138.5
2024-11-07, 13:39:49, 136.5, 58.3, 23.0, 22.09, 9999.0, 9.59, 10.0, 21.64, 9999.0, 24.02, 9999.0, 117.73, 127.8, 120.25, 91.25, 138.5
2024-11-07, 13:39:53, 136.5, 58.3, 23.0, 22.07, 9999.0, 9.59, 10.0, 21.66, 9999.0, 24.02, 9999.0, 117.73, 127.8, 120.25, 91.25, 138.5
2024-11-07, 13:39:57, 136.5, 58.32, 23.0, 22.07, 9999.0, 9.59, 10.0, 21.66, 9999.0, 24.0, 9999.0, 117.7, 127.8, 120.25, 91.25, 138.5
2024-11-07, 13:40:01, 136.5, 58.34, 23.0, 22.07, 9999.0, 9.64, 10.0, 21.66, 9999.0, 24.0, 9999.0, 117.73, 127.77, 120.25, 91.25, 138.5
2024-11-07, 13:40:05, 136.5, 58.34, 23.0, 22.07, 9999.0, 9.66, 10.0, 21.66, 9999.0, 24.0, 9999.0, 117.73, 127.77, 120.25, 91.25, 138.5
2024-11-07, 13:40:09, 136.5, 58.36, 23.0, 22.05, 9999.0, 9.68, 10.0, 21.66, 9999.0, 24.0, 9999.0, 117.73, 127.77, 120.25, 91.25, 138.5
2024-11-07, 13:40:13, 136.5, 58.36, 22.98, 22.02, 9999.0, 9.7, 10.0, 21.66, 9999.0, 24.0, 9999.0, 117.75, 127.75, 120.25, 91.25, 138.5
2024-11-07, 13:40:17, 136.5, 58.34, 22.95, 22.0, 9999.0, 9.73, 10.0, 21.66, 9999.0, 24.0, 9999.0, 117.77, 127.75, 120.25, 91.25, 138.5
2024-11-07, 13:40:21, 136.5, 58.36, 22.95, 22.0, 9999.0, 9.75, 10.0, 21.66, 9999.0, 24.02, 9999.0, 117.8, 127.75, 120.25, 91.25, 138.5
2024-11-07, 13:40:37, 136.5, 58.39, 22.95, 22.0, 9999.0, 9.77, 10.0, 21.68, 9999.0, 24.05, 9999.0, 117.8, 127.75, 120.25, 91.25, 138.5
2024-11-07, 13:40:41, 136.5, 58.39, 22.95, 22.0, 9999.0, 9.77, 10.0, 21.7, 9999.0, 24.07, 9999.0, 117.82, 127.75, 120.25, 91.25, 138.5
2024-11-07, 13:40:45, 136.5, 58.36, 22.95, 22.0, 9999.0, 9.77, 10.0, 21.73, 9999.0, 24.09, 9999.0, 117.86, 127.75, 120.25, 91.25, 138.5
2024-11-07, 13:40:49, 136.5, 58.36, 22.95, 22.0, 9999.0, 9.77, 10.0, 21.73, 9999.0, 24.11, 9999.0, 117.86, 127.75, 120.25, 91.25, 138.5
2024-11-07, 13:40:53, 136.5, 58.36, 22.95, 22.0, 9999.0, 9.75, 10.0, 21.73, 9999.0, 24.14, 9999.0, 117.86, 127.75, 120.25, 91.25, 138.5
2024-11-07, 13:40:57, 136.5, 58.36, 22.95, 22.0, 9999.0, 9.7, 10.0, 21.75, 9999.0, 24.16, 9999.0, 117.84, 127.75, 120.25, 91.25, 138.5
2024-11-07, 13:41:01, 136.5, 58.39, 22.95, 22.0, 9999.0, 9.7, 10.0, 21.75, 9999.0, 24.18, 9999.0, 117.84, 127.75, 120.25, 91.25, 138.5
2024-11-07, 13:41:05, 136.5, 58.36, 22.95, 22.0, 9999.0, 9.68, 10.0, 21.75, 9999.0, 24.2, 9999.0, 117.84, 127.75, 120.25, 91.25, 138.5
2024-11-07, 13:41:09, 136.5, 58.36, 22.98, 22.0, 9999.0, 9.66, 10.0, 21.75, 9999.0, 24.23, 9999.0, 117.82, 127.75, 120.25, 91.25, 138.5
2024-11-07, 13:41:13, 136.52, 58.36, 23.0, 22.0, 9999.0, 9.64, 10.0, 21.75, 9999.0, 24.25, 9999.0, 117.8, 127.75, 120.25, 91.25, 138.5
2024-11-07, 13:41:17, 136.52, 58.34, 23.0, 22.0, 9999.0, 9.64, 10.0, 21.73, 9999.0, 24.25, 9999.0, 117.75, 127.75, 120.25, 91.25, 138.5
2024-11-07, 13:41:21, 136.52, 58.32, 23.0, 22.0, 9999.0, 9.64, 10.0, 21.73, 9999.0, 24.25, 9999.0, 117.75, 127.75, 120.25, 91.25, 138.5
2024-11-07, 13:41:25, 136.52, 58.32, 23.0, 22.02, 9999.0, 9.64, 10.0, 21.73, 9999.0, 24.23, 9999.0, 117.73, 127.75, 120.25, 91.25, 138.5
2024-11-07, 13:41:29, 136.55, 58.32, 22.98, 22.02, 9999.0, 9.66, 10.0, 21.73, 9999.0, 24.2, 9999.0, 117.68, 127.75, 120.25, 91.25, 138.5
2024-11-07, 13:41:33, 136.55, 58.32, 22.98, 22.02, 9999.0, 9.68, 10.0, 21.73, 9999.0, 24.18, 9999.0, 117.68, 127.75, 120.25, 91.25, 138.5
2024-11-07, 13:41:37, 136.55, 58.3, 22.98, 22.02, 9999.0, 9.7, 10.0, 21.73, 9999.0, 24.16, 9999.0, 117.68, 127.75, 120.25, 91.25, 138.5
2024-11-07, 13:41:41, 136.55, 58.27, 22.98, 22.02, 9999.0, 9.73, 10.0, 21.73, 9999.0, 24.14, 9999.0, 117.7, 127.75, 120.25, 91.25, 138.5
2024-11-07, 13:41:45, 136.55, 58.25, 22.98, 22.02, 9999.0, 9.73, 10.0, 21.73, 9999.0, 24.11, 9999.0, 117.73, 127.75, 120.25, 91.25, 138.5
2024-11-07, 13:41:50, 136.55, 58.25, 22.95, 22.02, 9999.0, 9.75, 10.0, 21.73, 9999.0, 24.07, 9999.0, 117.75, 127.75, 120.25, 91.25, 138.5
2024-11-07, 13:41:54, 136.55, 58.25, 22.95, 22.02, 9999.0, 9.77, 10.0, 21.73, 9999.0, 24.05, 9999.0, 117.77, 127.75, 120.25, 91.25, 138.5
2024-11-07, 13:41:58, 136.55, 58.25, 22.95, 22.02, 9999.0, 9.8, 10.0, 21.73, 9999.0, 24.02, 9999.0, 117.8, 127.77, 120.25, 91.25, 138.5
2024-11-07, 13:42:02, 136.57, 58.27, 22.93, 22.02, 9999.0, 9.77, 10.0, 21.75, 9999.0, 24.0, 9999.0, 117.82, 127.77, 120.25, 91.25, 138.5
2024-11-07, 13:42:06, 136.57, 58.27, 22.93, 22.02, 9999.0, 9.77, 10.0, 21.75, 9999.0, 24.0, 9999.0, 117.84, 127.77, 120.25, 91.25, 138.5
2024-11-07, 13:42:10, 136.57, 58.27, 22.91, 22.02, 9999.0, 9.75, 10.0, 21.75, 9999.0, 24.02, 9999.0, 117.86, 127.77, 120.25, 91.25, 138.5
2024-11-07, 13:42:14, 136.55, 58.27, 22.93, 22.02, 9999.0, 9.7, 10.0, 21.75, 9999.0, 24.05, 9999.0, 117.89, 127.77, 120.25, 91.25, 138.5
2024-11-07, 13:42:18, 136.55, 58.27, 22.93, 22.05, 9999.0, 9.66, 10.0, 21.75, 9999.0, 24.07, 9999.0, 117.89, 127.77, 120.25, 91.25, 138.5
2024-11-07, 13:42:22, 136.55, 58.27, 22.93, 22.05, 9999.0, 9.64, 10.0, 21.75, 9999.0, 24.07, 9999.0, 117.89, 127.77, 120.25, 91.25, 138.5
2024-11-07, 13:42:26, 136.55, 58.27, 22.93, 22.05, 9999.0, 9.61, 10.0, 21.75, 9999.0, 24.09, 9999.0, 117.86, 127.77, 120.25, 91.25, 138.5
2024-11-07, 13:42:30, 136.57, 58.27, 22.93, 22.05, 9999.0, 9.59, 10.0, 21.75, 9999.0, 24.11, 9999.0, 117.84, 127.77, 120.25, 91.25, 138.5
2024-11-07, 13:42:34, 136.57, 58.27, 22.95, 22.07, 9999.0, 9.57, 10.0, 21.75, 9999.0, 24.14, 9999.0, 117.8, 127.77, 120.25, 91.25, 138.5
2024-11-07, 13:42:38, 136.57, 58.27, 22.95, 22.07, 9999.0, 9.57, 10.0, 21.75, 9999.0, 24.16, 9999.0, 117.75, 127.77, 120.25, 91.25, 138.5
2024-11-07, 13:42:42, 136.55, 58.27, 22.95, 22.07, 9999.0, 9.57, 9.98, 21.73, 9999.0, 24.16, 9999.0, 117.73, 127.75, 120.25, 91.25, 138.5
2024-11-07, 13:42:46, 136.52, 58.25, 22.98, 22.07, 9999.0, 9.59, 9.98, 21.73, 9999.0, 24.16, 9999.0, 117.7, 127.75, 120.25, 91.25, 138.5
2024-11-07, 13:42:50, 136.52, 58.25, 22.98, 22.07, 9999.0, 9.61, 9.98, 21.73, 9999.0, 24.14, 9999.0, 117.66, 127.75, 120.25, 91.25, 138.5
2024-11-07, 13:42:54, 136.52, 58.25, 23.0, 22.05, 9999.0, 9.64, 9.98, 21.73, 9999.0, 24.11, 9999.0, 117.66, 127.75, 120.25, 91.25, 138.5
2024-11-07, 13:42:58, 136.52, 58.25, 23.0, 22.05, 9999.0, 9.66, 9.98, 21.73, 9999.0, 24.09, 9999.0, 117.66, 127.75, 120.25, 91.25, 138.5
2024-11-07, 13:43:02, 136.52, 58.25, 23.0, 22.02, 9999.0, 9.68, 9.98, 21.73, 9999.0, 24.07, 9999.0, 117.68, 127.75, 120.25, 91.25, 138.5
2024-11-07, 13:43:06, 136.52, 58.25, 23.0, 22.02, 9999.0, 9.7, 9.98, 21.73, 9999.0, 24.07, 9999.0, 117.7, 127.75, 120.25, 91.25, 138.5
2024-11-07, 13:43:10, 136.52, 58.25, 22.98, 22.02, 9999.0, 9.73, 9.98, 21.7, 9999.0, 24.05, 9999.0, 117.73, 127.75, 120.25, 91.25, 138.5
2024-11-07, 13:43:14, 136.5, 58.25, 22.95, 22.02, 9999.0, 9.75, 9.98, 21.7, 9999.0, 24.05, 9999.0, 117.73, 127.75, 120.25, 91.25, 138.5
2024-11-07, 13:43:18, 136.5, 58.25, 22.95, 22.0, 9999.0, 9.77, 9.98, 21.7, 9999.0, 24.07, 9999.0, 117.77, 127.75, 120.25, 91.25, 138.5
2024-11-07, 13:43:22, 136.5, 58.25, 22.95, 22.0, 9999.0, 9.77, 9.98, 21.7, 9999.0, 24.07, 9999.0, 117.8, 127.75, 120.25, 91.25, 138.5
2024-11-07, 13:43:26, 136.5, 58.25, 22.95, 22.0, 9999.0, 9.77, 10.0, 21.73, 9999.0, 24.09, 9999.0, 117.8, 127.77, 120.25, 91.25, 138.5
2024-11-07, 13:43:30, 136.5, 58.25, 22.95, 22.0, 9999.0, 9.75, 10.0, 21.73, 9999.0, 24.11, 9999.0, 117.82, 127.8, 120.25, 91.25, 138.5
2024-11-07, 13:43:34, 136.5, 58.25, 22.95, 22.0, 9999.0, 9.7, 10.0, 21.73, 9999.0, 24.14, 9999.0, 117.84, 127.8, 120.25, 91.25, 138.5
2024-11-07, 13:43:38, 136.5, 58.25, 22.95, 22.0, 9999.0, 9.68, 10.0, 21.73, 9999.0, 24.14, 9999.0, 117.84, 127.8, 120.25, 91.25, 138.5
2024-11-07, 13:43:42, 136.5, 58.25, 22.95, 22.02, 9999.0, 9.66, 10.0, 21.73, 9999.0, 24.16, 9999.0, 117.84, 127.8, 120.25, 91.25, 138.5
2024-11-07, 13:43:46, 136.5, 58.25, 22.95, 22.02, 9999.0, 9.64, 10.0, 21.73, 9999.0, 24.18, 9999.0, 117.82, 127.8, 120.25, 91.25, 138.5
2024-11-07, 13:43:50, 136.5, 58.25, 22.95, 22.02, 9999.0, 9.61, 10.0, 21.73, 9999.0, 24.18, 9999.0, 117.77, 127.8, 120.25, 91.25, 138.5
2024-11-07, 13:43:54, 136.5, 58.25, 22.98, 22.05, 9999.0, 9.61, 10.0, 21.75, 9999.0, 24.18, 9999.0, 117.73, 127.8, 120.25, 91.25, 138.5
2024-11-07, 13:43:58, 136.5, 58.25, 23.0, 22.05, 9999.0, 9.61, 10.0, 21.75, 9999.0, 24.14, 9999.0, 117.7, 127.8, 120.25, 91.25, 138.5
2024-11-07, 13:44:02, 136.5, 58.25, 23.0, 22.05, 9999.0, 9.61, 10.0, 21.75, 9999.0, 24.11, 9999.0, 117.66, 127.8, 120.25, 91.25, 138.5
2024-11-07, 13:44:06, 136.5, 58.25, 23.0, 22.05, 9999.0, 9.64, 10.0, 21.75, 9999.0, 24.09, 9999.0, 117.64, 127.8, 120.25, 91.25, 138.5
2024-11-07, 13:44:10, 136.5, 58.25, 23.0, 22.05, 9999.0, 9.64, 10.0, 21.75, 9999.0, 24.07, 9999.0, 117.61, 127.77, 120.25, 91.25, 138.5
2024-11-07, 13:44:14, 136.5, 58.25, 23.0, 22.05, 9999.0, 9.66, 10.0, 21.75, 9999.0, 24.05, 9999.0, 117.61, 127.75, 120.25, 91.25, 138.5
2024-11-07, 13:44:18, 136.5, 58.27, 23.0, 22.05, 9999.0, 9.68, 10.0, 21.75, 9999.0, 24.02, 9999.0, 117.61, 127.75, 120.25, 91.25, 138.5
2024-11-07, 13:44:22, 136.5, 58.27, 23.0, 22.05, 9999.0, 9.7, 10.0, 21.73, 9999.0, 24.0, 9999.0, 117.64, 127.75, 120.25, 91.25, 138.5
2024-11-07, 13:44:26, 136.5, 58.27, 23.0, 22.02, 9999.0, 9.73, 10.0, 21.73, 9999.0, 23.95, 9999.0, 117.66, 127.75, 120.25, 91.25, 138.5
2024-11-07, 13:44:30, 136.5, 58.27, 23.0, 22.02, 9999.0, 9.75, 10.0, 21.73, 9999.0, 23.91, 9999.0, 117.68, 127.75, 120.25, 91.25, 138.5
2024-11-07, 13:44:34, 136.52, 58.27, 23.0, 22.02, 9999.0, 9.77, 10.0, 21.73, 9999.0, 23.91, 9999.0, 117.7, 127.75, 120.25, 91.25, 138.5
2024-11-07, 13:44:38, 136.52, 58.3, 23.0, 22.0, 9999.0, 9.77, 10.0, 21.73, 9999.0, 23.91, 9999.0, 117.73, 127.75, 120.25, 91.25, 138.5
2024-11-07, 13:44:42, 136.52, 58.3, 23.0, 22.0, 9999.0, 9.77, 10.0, 21.73, 9999.0, 23.95, 9999.0, 117.75, 127.77, 120.25, 91.25, 138.5
2024-11-07, 13:44:46, 136.52, 58.3, 23.0, 22.0, 9999.0, 9.75, 10.0, 21.73, 9999.0, 23.98, 9999.0, 117.77, 127.77, 120.25, 91.25, 138.5
2024-11-07, 13:44:50, 136.52, 58.3, 23.0, 22.0, 9999.0, 9.7, 10.0, 21.73, 9999.0, 24.0, 9999.0, 117.8, 127.8, 120.25, 91.25, 138.5
2024-11-07, 13:44:54, 136.52, 58.3, 23.0, 22.0, 9999.0, 9.68, 10.0, 21.73, 9999.0, 24.02, 9999.0, 117.82, 127.8, 120.25, 91.25, 138.5
2024-11-07, 13:44:58, 136.52, 58.3, 23.0, 22.0, 9999.0, 9.66, 10.0, 21.73, 9999.0, 24.05, 9999.0, 117.82, 127.82, 120.25, 91.25, 138.5
2024-11-07, 13:45:02, 136.52, 58.27, 23.0, 22.0, 9999.0, 9.64, 10.0, 21.73, 9999.0, 24.07, 9999.0, 117.82, 127.82, 120.25, 91.25, 138.5
2024-11-07, 13:45:06, 136.52, 58.27, 23.0, 22.0, 9999.0, 9.61, 10.0, 21.75, 9999.0, 24.09, 9999.0, 117.8, 127.82, 120.25, 91.25, 138.5
2024-11-07, 13:45:10, 136.52, 58.27, 23.0, 22.0, 9999.0, 9.59, 10.0, 21.75, 9999.0, 24.11, 9999.0, 117.77, 127.82, 120.25, 91.25, 138.5
2024-11-07, 13:45:14, 136.52, 58.27, 22.98, 22.0, 9999.0, 9.59, 10.0, 21.73, 9999.0, 24.16, 9999.0, 117.73, 127.82, 120.25, 91.25, 138.5
2024-11-07, 13:45:18, 136.52, 58.27, 22.98, 22.0, 9999.0, 9.59, 10.0, 21.73, 9999.0, 24.16, 9999.0, 117.7, 127.82, 120.25, 91.25, 138.5
2024-11-07, 13:45:23, 136.52, 58.25, 22.95, 22.0, 9999.0, 9.59, 10.0, 21.73, 9999.0, 24.16, 9999.0, 117.68, 127.82, 120.25, 91.25, 138.5
2024-11-07, 13:45:27, 136.52, 58.25, 22.95, 22.0, 9999.0, 9.61, 10.0, 21.73, 9999.0, 24.14, 9999.0, 117.66, 127.8, 120.25, 91.25, 138.5
2024-11-07, 13:45:31, 136.52, 58.25, 22.95, 22.02, 9999.0, 9.64, 10.0, 21.73, 9999.0, 24.11, 9999.0, 117.66, 127.8, 120.25, 91.25, 138.5
2024-11-07, 13:45:35, 136.52, 58.25, 22.95, 22.05, 9999.0, 9.66, 10.0, 21.73, 9999.0, 24.09, 9999.0, 117.66, 127.77, 120.25, 91.25, 138.5
2024-11-07, 13:45:39, 136.52, 58.25, 22.95, 22.05, 9999.0, 9.68, 10.0, 21.73, 9999.0, 24.07, 9999.0, 117.66, 127.77, 120.25, 91.25, 138.5
2024-11-07, 13:45:43, 136.52, 58.25, 22.95, 22.05, 9999.0, 9.7, 10.0, 21.73, 9999.0, 24.05, 9999.0, 117.68, 127.75, 120.25, 91.25, 138.5
2024-11-07, 13:45:47, 136.52, 58.25, 22.95, 22.05, 9999.0, 9.73, 10.0, 21.73, 9999.0, 24.02, 9999.0, 117.7, 127.75, 120.25, 91.25, 138.5
2024-11-07, 13:45:51, 136.52, 58.25, 22.95, 22.07, 9999.0, 9.75, 10.0, 21.73, 9999.0, 24.02, 9999.0, 117.73, 127.75, 120.25, 91.25, 138.5
2024-11-07, 13:45:55, 136.52, 58.25, 22.95, 22.07, 9999.0, 9.77, 10.0, 21.73, 9999.0, 24.05, 9999.0, 117.75, 127.75, 120.25, 91.25, 138.5
2024-11-07, 13:45:59, 136.55, 58.25, 22.98, 22.09, 9999.0, 9.77, 10.0, 21.75, 9999.0, 24.02, 9999.0, 117.77, 127.75, 120.25, 91.25, 138.5
2024-11-07, 13:46:03, 136.52, 58.25, 22.98, 22.09, 9999.0, 9.77, 10.0, 21.75, 9999.0, 24.05, 9999.0, 117.8, 127.77, 120.25, 91.25, 138.5
2024-11-07, 13:46:07, 136.52, 58.25, 23.0, 22.09, 9999.0, 9.75, 10.0, 21.75, 9999.0, 24.07, 9999.0, 117.82, 127.77, 120.25, 91.25, 138.5
2024-11-07, 13:46:11, 136.52, 58.25, 23.0, 22.11, 9999.0, 9.7, 10.0, 21.75, 9999.0, 24.09, 9999.0, 117.84, 127.8, 120.25, 91.25, 138.5
2024-11-07, 13:46:15, 136.52, 58.25, 23.0, 22.09, 9999.0, 9.68, 10.0, 21.75, 9999.0, 24.11, 9999.0, 117.84, 127.82, 120.25, 91.25, 138.5
2024-11-07, 13:46:19, 136.52, 58.25, 23.0, 22.07, 9999.0, 9.66, 10.0, 21.75, 9999.0, 24.14, 9999.0, 117.84, 127.82, 120.25, 91.25, 138.5
2024-11-07, 13:46:23, 136.52, 58.25, 23.0, 22.07, 9999.0, 9.64, 10.0, 21.75, 9999.0, 24.14, 9999.0, 117.84, 127.82, 120.25, 91.25, 138.5
2024-11-07, 13:46:27, 136.52, 58.25, 22.98, 22.09, 9999.0, 9.61, 10.0, 21.75, 9999.0, 24.14, 9999.0, 117.82, 127.82, 120.25, 91.25, 138.5
2024-11-07, 13:46:31, 136.52, 58.25, 22.98, 22.09, 9999.0, 9.59, 10.0, 21.75, 9999.0, 24.14, 9999.0, 117.8, 127.82, 120.25, 91.25, 138.5
2024-11-07, 13:46:35, 136.52, 58.25, 22.95, 22.07, 9999.0, 9.59, 10.0, 21.75, 9999.0, 24.14, 9999.0, 117.77, 127.82, 120.25, 91.25, 138.5
2024-11-07, 13:46:39, 136.52, 58.25, 22.95, 22.07, 9999.0, 9.59, 10.0, 21.75, 9999.0, 24.11, 9999.0, 117.73, 127.82, 120.25, 91.25, 138.5
2024-11-07, 13:46:43, 136.5, 58.25, 22.95, 22.05, 9999.0, 9.59, 10.0, 21.75, 9999.0, 24.11, 9999.0, 117.7, 127.82, 120.25, 91.25, 138.5
2024-11-07, 13:46:47, 136.5, 58.25, 22.95, 22.05, 9999.0, 9.61, 10.0, 21.75, 9999.0, 24.09, 9999.0, 117.68, 127.8, 120.25, 91.25, 138.5
2024-11-07, 13:46:51, 136.5, 58.25, 22.95, 22.05, 9999.0, 9.64, 10.0, 21.75, 9999.0, 24.07, 9999.0, 117.68, 127.8, 120.25, 91.25, 138.5
2024-11-07, 13:46:55, 136.5, 58.25, 22.95, 22.02, 9999.0, 9.66, 10.0, 21.75, 9999.0, 24.05, 9999.0, 117.68, 127.77, 120.25, 91.25, 138.5
2024-11-07, 13:46:59, 136.5, 58.25, 22.95, 22.02, 9999.0, 9.68, 10.0, 21.75, 9999.0, 24.02, 9999.0, 117.68, 127.75, 120.25, 91.25, 138.5
2024-11-07, 13:47:03, 136.5, 58.25, 22.95, 22.02, 9999.0, 9.7, 10.0, 21.75, 9999.0, 24.0, 9999.0, 117.7, 127.75, 120.25, 91.25, 138.5
2024-11-07, 13:47:07, 136.5, 58.25, 22.95, 22.02, 9999.0, 9.73, 10.0, 21.73, 9999.0, 24.0, 9999.0, 117.73, 127.75, 120.25, 91.25, 138.5
2024-11-07, 13:47:11, 136.5, 58.25, 22.98, 22.0, 9999.0, 9.75, 10.0, 21.73, 9999.0, 23.98, 9999.0, 117.75, 127.75, 120.25, 91.25, 138.5
2024-11-07, 13:47:15, 136.5, 58.25, 22.98, 22.0, 9999.0, 9.77, 10.0, 21.7, 9999.0, 23.98, 9999.0, 117.75, 127.75, 120.25, 91.25, 138.5
2024-11-07, 13:47:19, 136.5, 58.25, 23.0, 22.0, 9999.0, 9.77, 10.0, 21.7, 9999.0, 23.98, 9999.0, 117.75, 127.75, 120.25, 91.25, 138.5
2024-11-07, 13:47:23, 136.5, 58.25, 23.0, 22.0, 9999.0, 9.77, 10.0, 21.7, 9999.0, 24.0, 9999.0, 117.77, 127.77, 120.25, 91.25, 138.5
2024-11-07, 13:47:27, 136.5, 58.25, 23.0, 22.0, 9999.0, 9.77, 10.0, 21.68, 9999.0, 24.02, 9999.0, 117.8, 127.77, 120.25, 91.25, 138.5
2024-11-07, 13:47:31, 136.5, 58.25, 23.0, 22.0, 9999.0, 9.73, 10.0, 21.66, 9999.0, 24.05, 9999.0, 117.82, 127.77, 120.25, 91.25, 138.5
2024-11-07, 13:47:35, 136.5, 58.27, 23.0, 22.02, 9999.0, 9.7, 10.0, 21.66, 9999.0, 24.07, 9999.0, 117.82, 127.77, 120.25, 91.25, 138.5
2024-11-07, 13:47:39, 136.5, 58.27, 23.0, 22.02, 9999.0, 9.68, 10.0, 21.66, 9999.0, 24.09, 9999.0, 117.82, 127.77, 120.25, 91.25, 138.5
2024-11-07, 13:47:43, 136.5, 58.27, 23.0, 22.02, 9999.0, 9.66, 10.0, 21.66, 9999.0, 24.09, 9999.0, 117.82, 127.77, 120.25, 91.25, 138.5
2024-11-07, 13:47:47, 136.5, 58.27, 22.98, 22.05, 9999.0, 9.64, 10.0, 21.66, 9999.0, 24.09, 9999.0, 117.77, 127.77, 120.25, 91.25, 138.5
2024-11-07, 13:47:51, 136.5, 58.27, 22.98, 22.05, 9999.0, 9.61, 10.0, 21.68, 9999.0, 24.09, 9999.0, 117.73, 127.77, 120.25, 91.25, 138.5
2024-11-07, 13:47:55, 136.5, 58.27, 22.98, 22.05, 9999.0, 9.61, 10.0, 21.66, 9999.0, 24.11, 9999.0, 117.68, 127.77, 120.25, 91.25, 138.5
2024-11-07, 13:47:59, 136.5, 58.27, 22.98, 22.05, 9999.0, 9.61, 10.0, 21.68, 9999.0, 24.11, 9999.0, 117.66, 127.77, 120.25, 91.25, 138.5
2024-11-07, 13:48:03, 136.5, 58.27, 22.98, 22.05, 9999.0, 9.61, 10.0, 21.66, 9999.0, 24.11, 9999.0, 117.64, 127.77, 120.25, 91.25, 138.5
2024-11-07, 13:48:07, 136.5, 58.27, 22.95, 22.05, 9999.0, 9.61, 10.0, 21.66, 9999.0, 24.09, 9999.0, 117.61, 127.75, 120.25, 91.25, 138.5
2024-11-07, 13:48:11, 136.5, 58.27, 22.95, 22.05, 9999.0, 9.64, 10.0, 21.68, 9999.0, 24.07, 9999.0, 117.61, 127.75, 120.25, 91.25, 138.5
2024-11-07, 13:48:15, 136.5, 58.27, 22.95, 22.05, 9999.0, 9.66, 10.0, 21.7, 9999.0, 24.05, 9999.0, 117.61, 127.75, 120.25, 91.25, 138.5
2024-11-07, 13:48:19, 136.5, 58.25, 22.95, 22.02, 9999.0, 9.68, 10.0, 21.7, 9999.0, 24.02, 9999.0, 117.61, 127.75, 120.25, 91.23, 138.5
2024-11-07, 13:48:23, 136.5, 58.25, 22.95, 22.02, 9999.0, 9.7, 10.0, 21.7, 9999.0, 23.98, 9999.0, 117.64, 127.75, 120.25, 91.23, 138.5
2024-11-07, 13:48:27, 136.5, 58.25, 22.95, 22.02, 9999.0, 9.73, 10.0, 21.7, 9999.0, 23.95, 9999.0, 117.66, 127.75, 120.25, 91.23, 138.5
2024-11-07, 13:48:31, 136.5, 58.25, 22.98, 22.0, 9999.0, 9.75, 10.0, 21.7, 9999.0, 23.95, 9999.0, 117.7, 127.75, 120.25, 91.23, 138.5
2024-11-07, 13:48:35, 136.5, 58.25, 22.98, 22.02, 9999.0, 9.77, 10.0, 21.7, 9999.0, 23.95, 9999.0, 117.73, 127.75, 120.25, 91.23, 138.5
2024-11-07, 13:48:39, 136.5, 58.25, 22.98, 22.02, 9999.0, 9.77, 10.0, 21.73, 9999.0, 23.95, 9999.0, 117.75, 127.75, 120.25, 91.23, 138.5
2024-11-07, 13:48:43, 136.5, 58.25, 22.98, 22.02, 9999.0, 9.75, 10.0, 21.73, 9999.0, 23.98, 9999.0, 117.77, 127.77, 120.25, 91.23, 138.5
2024-11-07, 13:48:47, 136.5, 58.25, 22.95, 22.02, 9999.0, 9.73, 10.0, 21.75, 9999.0, 24.0, 9999.0, 117.8, 127.8, 120.25, 91.23, 138.5
2024-11-07, 13:48:52, 136.52, 58.25, 22.95, 22.02, 9999.0, 9.7, 10.0, 21.75, 9999.0, 24.02, 9999.0, 117.82, 127.82, 120.25, 91.23, 138.5
2024-11-07, 13:48:56, 136.52, 58.25, 22.95, 22.02, 9999.0, 9.66, 10.0, 21.75, 9999.0, 24.05, 9999.0, 117.82, 127.82, 120.25, 91.23, 138.5
2024-11-07, 13:49:00, 136.52, 58.25, 22.95, 22.02, 9999.0, 9.64, 10.0, 21.73, 9999.0, 24.07, 9999.0, 117.82, 127.84, 120.25, 91.23, 138.5
2024-11-07, 13:49:04, 136.52, 58.25, 22.95, 22.02, 9999.0, 9.61, 10.0, 21.73, 9999.0, 24.07, 9999.0, 117.82, 127.84, 120.25, 91.25, 138.5
2024-11-07, 13:49:08, 136.52, 58.25, 22.93, 22.02, 9999.0, 9.59, 10.0, 21.73, 9999.0, 24.09, 9999.0, 117.77, 127.84, 120.25, 91.25, 138.5
2024-11-07, 13:49:12, 136.52, 58.25, 22.93, 22.02, 9999.0, 9.57, 10.0, 21.73, 9999.0, 24.11, 9999.0, 117.73, 127.86, 120.25, 91.25, 138.5
2024-11-07, 13:49:16, 136.52, 58.25, 22.93, 22.02, 9999.0, 9.57, 10.0, 21.73, 9999.0, 24.11, 9999.0, 117.68, 127.86, 120.25, 91.25, 138.5
2024-11-07, 13:49:20, 136.52, 58.25, 22.91, 22.0, 9999.0, 9.57, 10.0, 21.73, 9999.0, 24.11, 9999.0, 117.66, 127.86, 120.25, 91.25, 138.5
2024-11-07, 13:49:24, 136.52, 58.25, 22.91, 22.0, 9999.0, 9.57, 10.0, 21.73, 9999.0, 24.11, 9999.0, 117.64, 127.86, 120.25, 91.25, 138.5
2024-11-07, 13:49:28, 136.52, 58.25, 22.91, 22.0, 9999.0, 9.61, 10.0, 21.73, 9999.0, 24.07, 9999.0, 117.61, 127.84, 120.25, 91.25, 138.5
2024-11-07, 13:49:32, 136.52, 58.25, 22.93, 22.0, 9999.0, 9.64, 10.0, 21.73, 9999.0, 24.05, 9999.0, 117.61, 127.82, 120.25, 91.25, 138.5
2024-11-07, 13:49:36, 136.5, 58.25, 22.95, 22.0, 9999.0, 9.66, 10.0, 21.73, 9999.0, 24.02, 9999.0, 117.61, 127.8, 120.25, 91.25, 138.5
2024-11-07, 13:49:40, 136.5, 58.25, 22.95, 22.0, 9999.0, 9.68, 10.0, 21.73, 9999.0, 23.98, 9999.0, 117.61, 127.8, 120.25, 91.25, 138.5
2024-11-07, 13:49:44, 136.5, 58.25, 22.95, 22.0, 9999.0, 9.7, 10.0, 21.75, 9999.0, 23.93, 9999.0, 117.64, 127.77, 120.25, 91.25, 138.5
2024-11-07, 13:49:48, 136.5, 58.25, 22.95, 22.0, 9999.0, 9.73, 10.0, 21.75, 9999.0, 23.91, 9999.0, 117.66, 127.77, 120.25, 91.25, 138.5
2024-11-07, 13:49:52, 136.5, 58.25, 22.98, 22.0, 9999.0, 9.75, 10.0, 21.75, 9999.0, 23.91, 9999.0, 117.7, 127.77, 120.25, 91.25, 138.5
2024-11-07, 13:49:56, 136.5, 58.25, 22.98, 22.0, 9999.0, 9.77, 10.0, 21.75, 9999.0, 23.91, 9999.0, 117.73, 127.75, 120.25, 91.25, 138.5
2024-11-07, 13:50:00, 136.5, 58.25, 22.98, 22.0, 9999.0, 9.77, 10.0, 21.75, 9999.0, 23.91, 9999.0, 117.75, 127.75, 120.25, 91.25, 138.5
2024-11-07, 13:50:04, 136.5, 58.25, 23.0, 22.0, 9999.0, 9.77, 10.0, 21.75, 9999.0, 23.93, 9999.0, 117.77, 127.77, 120.25, 91.25, 138.5
2024-11-07, 13:50:08, 136.5, 58.25, 23.0, 22.0, 9999.0, 9.75, 10.0, 21.75, 9999.0, 23.95, 9999.0, 117.8, 127.8, 120.25, 91.25, 138.5
2024-11-07, 13:50:12, 136.5, 58.25, 23.0, 22.0, 9999.0, 9.7, 10.0, 21.75, 9999.0, 24.0, 9999.0, 117.82, 127.8, 120.25, 91.25, 138.5
2024-11-07, 13:50:18, 136.5, 58.25, 23.0, 22.0, 9999.0, 9.68, 10.0, 21.75, 9999.0, 24.0, 9999.0, 117.82, 127.8, 120.25, 91.25, 138.5
2024-11-07, 13:50:22, 136.5, 58.25, 23.0, 22.0, 9999.0, 9.66, 10.0, 21.75, 9999.0, 24.0, 9999.0, 117.82, 127.8, 120.25, 91.25, 138.5
2024-11-07, 13:50:26, 136.5, 58.25, 22.98, 22.0, 9999.0, 9.64, 10.0, 21.75, 9999.0, 24.02, 9999.0, 117.82, 127.82, 120.25, 91.25, 138.5
2024-11-07, 13:50:30, 136.5, 58.25, 22.98, 22.0, 9999.0, 9.61, 10.0, 21.75, 9999.0, 24.05, 9999.0, 117.77, 127.82, 120.25, 91.25, 138.5
2024-11-07, 13:50:34, 136.5, 58.25, 22.98, 22.0, 9999.0, 9.59, 10.0, 21.75, 9999.0, 24.07, 9999.0, 117.73, 127.82, 120.25, 91.25, 138.5
2024-11-07, 13:50:38, 136.5, 58.25, 22.98, 22.0, 9999.0, 9.59, 10.0, 21.75, 9999.0, 24.07, 9999.0, 117.68, 127.82, 120.25, 91.25, 138.5
2024-11-07, 13:50:42, 136.5, 58.25, 22.98, 22.0, 9999.0, 9.59, 10.0, 21.75, 9999.0, 24.07, 9999.0, 117.66, 127.82, 120.25, 91.25, 138.5
2024-11-07, 13:50:47, 136.5, 58.25, 22.98, 22.0, 9999.0, 9.59, 10.0, 21.73, 9999.0, 24.07, 9999.0, 117.64, 127.82, 120.25, 91.25, 138.5
2024-11-07, 13:50:51, 136.5, 58.25, 22.98, 22.0, 9999.0, 9.59, 10.0, 21.73, 9999.0, 24.05, 9999.0, 117.61, 127.8, 120.25, 91.25, 138.5
2024-11-07, 13:50:55, 136.5, 58.25, 22.98, 22.0, 9999.0, 9.61, 10.0, 21.73, 9999.0, 24.02, 9999.0, 117.61, 127.77, 120.25, 91.25, 138.5
2024-11-07, 13:50:59, 136.5, 58.25, 22.98, 22.0, 9999.0, 9.64, 10.0, 21.73, 9999.0, 23.98, 9999.0, 117.61, 127.77, 120.25, 91.25, 138.5
2024-11-07, 13:51:03, 136.5, 58.25, 22.98, 22.0, 9999.0, 9.66, 10.0, 21.73, 9999.0, 23.98, 9999.0, 117.61, 127.77, 120.25, 91.25, 138.5
2024-11-07, 13:51:07, 136.5, 58.25, 22.98, 22.0, 9999.0, 9.68, 10.0, 21.7, 9999.0, 23.98, 9999.0, 117.64, 127.77, 120.25, 91.25, 138.5
2024-11-07, 13:51:11, 136.5, 58.25, 23.0, 22.0, 9999.0, 9.7, 10.0, 21.7, 9999.0, 23.95, 9999.0, 117.64, 127.75, 120.25, 91.25, 138.5
2024-11-07, 13:51:15, 136.5, 58.25, 23.0, 22.0, 9999.0, 9.73, 10.0, 21.7, 9999.0, 23.95, 9999.0, 117.66, 127.75, 120.25, 91.25, 138.5
2024-11-07, 13:51:19, 136.5, 58.25, 23.0, 22.0, 9999.0, 9.75, 10.0, 21.7, 9999.0, 23.95, 9999.0, 117.68, 127.75, 120.25, 91.25, 138.5
2024-11-07, 13:51:23, 136.5, 58.25, 23.0, 22.0, 9999.0, 9.75, 10.0, 21.7, 9999.0, 23.95, 9999.0, 117.7, 127.75, 120.25, 91.25, 138.5
2024-11-07, 13:51:27, 136.5, 58.25, 23.0, 22.0, 9999.0, 9.75, 10.0, 21.7, 9999.0, 23.98, 9999.0, 117.73, 127.75, 120.25, 91.25, 138.5
2024-11-07, 13:51:31, 136.5, 58.25, 23.0, 22.0, 9999.0, 9.75, 10.0, 21.73, 9999.0, 24.0, 9999.0, 117.75, 127.75, 120.25, 91.25, 138.5
2024-11-07, 13:51:35, 136.5, 58.25, 23.0, 22.0, 9999.0, 9.73, 10.0, 21.73, 9999.0, 24.0, 9999.0, 117.77, 127.77, 120.25, 91.25, 138.5
2024-11-07, 13:51:39, 136.5, 58.25, 23.0, 22.0, 9999.0, 9.7, 10.0, 21.73, 9999.0, 24.0, 9999.0, 117.77, 127.77, 120.25, 91.25, 138.5
2024-11-07, 13:51:43, 136.5, 58.25, 23.0, 22.0, 9999.0, 9.68, 10.0, 21.73, 9999.0, 24.02, 9999.0, 117.77, 127.8, 120.25, 91.25, 138.5
2024-11-07, 13:51:47, 136.5, 58.25, 23.0, 22.0, 9999.0, 9.66, 10.0, 21.73, 9999.0, 24.02, 9999.0, 117.77, 127.8, 120.25, 91.25, 138.5
2024-11-07, 13:51:51, 136.5, 58.25, 23.0, 22.0, 9999.0, 9.64, 10.0, 21.75, 9999.0, 24.0, 9999.0, 117.75, 127.8, 120.25, 91.25, 138.5
2024-11-07, 13:51:55, 136.5, 58.25, 23.0, 22.0, 9999.0, 9.61, 10.0, 21.75, 9999.0, 24.0, 9999.0, 117.75, 127.8, 120.25, 91.25, 138.5
2024-11-07, 13:51:59, 136.52, 58.25, 23.0, 22.0, 9999.0, 9.61, 10.0, 21.75, 9999.0, 23.98, 9999.0, 117.73, 127.8, 120.25, 91.25, 138.5
2024-11-07, 13:52:03, 136.52, 58.25, 23.0, 22.0, 9999.0, 9.61, 10.0, 21.75, 9999.0, 23.95, 9999.0, 117.7, 127.8, 120.25, 91.25, 138.5
2024-11-07, 13:52:07, 136.52, 58.25, 23.0, 22.0, 9999.0, 9.61, 10.0, 21.75, 9999.0, 23.93, 9999.0, 117.68, 127.8, 120.25, 91.25, 138.5
2024-11-07, 13:52:11, 136.52, 58.25, 23.0, 22.0, 9999.0, 9.64, 10.0, 21.73, 9999.0, 23.89, 9999.0, 117.66, 127.8, 120.25, 91.23, 138.5
2024-11-07, 13:52:15, 136.52, 58.25, 23.0, 22.0, 9999.0, 9.64, 10.0, 21.73, 9999.0, 23.84, 9999.0, 117.66, 127.8, 120.25, 91.23, 138.5
2024-11-07, 13:52:19, 136.52, 58.25, 23.0, 22.0, 9999.0, 9.66, 10.0, 21.73, 9999.0, 23.82, 9999.0, 117.66, 127.77, 120.25, 91.23, 138.5
2024-11-07, 13:52:23, 136.52, 58.25, 23.0, 22.0, 9999.0, 9.68, 10.0, 21.73, 9999.0, 23.77, 9999.0, 117.66, 127.77, 120.25, 91.23, 138.5
2024-11-07, 13:52:27, 136.52, 58.25, 23.0, 22.0, 9999.0, 9.7, 10.0, 21.73, 9999.0, 23.73, 9999.0, 117.68, 127.75, 120.25, 91.23, 138.5
2024-11-07, 13:52:31, 136.52, 58.25, 23.0, 22.0, 9999.0, 9.73, 10.0, 21.73, 9999.0, 23.68, 9999.0, 117.7, 127.75, 120.25, 91.23, 138.5
2024-11-07, 13:52:35, 136.52, 58.25, 23.0, 22.0, 9999.0, 9.75, 10.0, 21.73, 9999.0, 23.68, 9999.0, 117.7, 127.75, 120.25, 91.23, 138.5
2024-11-07, 13:52:39, 136.52, 58.25, 23.0, 22.0, 9999.0, 9.77, 10.0, 21.73, 9999.0, 23.68, 9999.0, 117.7, 127.77, 120.25, 91.23, 138.5
2024-11-07, 13:52:43, 136.5, 58.25, 23.0, 22.0, 9999.0, 9.77, 10.0, 21.73, 9999.0, 23.68, 9999.0, 117.73, 127.77, 120.25, 91.23, 138.5
2024-11-07, 13:52:47, 136.5, 58.25, 23.0, 22.0, 9999.0, 9.75, 10.0, 21.73, 9999.0, 23.7, 9999.0, 117.75, 127.8, 120.25, 91.23, 138.5
2024-11-07, 13:52:51, 136.5, 58.25, 23.0, 22.0, 9999.0, 9.73, 10.0, 21.73, 9999.0, 23.73, 9999.0, 117.77, 127.82, 120.25, 91.23, 138.5
2024-11-07, 13:52:55, 136.5, 58.25, 23.0, 22.0, 9999.0, 9.68, 10.0, 21.75, 9999.0, 23.75, 9999.0, 117.8, 127.84, 120.25, 91.25, 138.5
2024-11-07, 13:52:59, 136.5, 58.25, 23.0, 22.0, 9999.0, 9.66, 10.0, 21.75, 9999.0, 23.75, 9999.0, 117.8, 127.84, 120.25, 91.25, 138.5
2024-11-07, 13:53:03, 136.5, 58.25, 23.0, 22.0, 9999.0, 9.64, 10.0, 21.75, 9999.0, 23.75, 9999.0, 117.8, 127.84, 120.25, 91.25, 138.5
2024-11-07, 13:53:07, 136.5, 58.25, 23.0, 22.0, 9999.0, 9.61, 10.0, 21.75, 9999.0, 23.77, 9999.0, 117.8, 127.86, 120.25, 91.25, 138.5
2024-11-07, 13:53:11, 136.5, 58.25, 23.0, 22.0, 9999.0, 9.59, 10.0, 21.75, 9999.0, 23.8, 9999.0, 117.77, 127.86, 120.25, 91.25, 138.5
2024-11-07, 13:53:15, 136.5, 58.25, 23.0, 22.0, 9999.0, 9.57, 10.0, 21.75, 9999.0, 23.82, 9999.0, 117.75, 127.86, 120.25, 91.25, 138.5
2024-11-07, 13:53:19, 136.5, 58.25, 23.0, 22.0, 9999.0, 9.57, 10.0, 21.75, 9999.0, 23.8, 9999.0, 117.73, 127.86, 120.25, 91.25, 138.5
2024-11-07, 13:53:23, 136.5, 58.25, 23.0, 22.0, 9999.0, 9.57, 10.0, 21.73, 9999.0, 23.77, 9999.0, 117.7, 127.84, 120.25, 91.25, 138.5
2024-11-07, 13:53:27, 136.5, 58.25, 23.0, 22.0, 9999.0, 9.59, 10.0, 21.73, 9999.0, 23.75, 9999.0, 117.68, 127.84, 120.25, 91.25, 138.5
2024-11-07, 13:53:31, 136.5, 58.25, 23.0, 22.0, 9999.0, 9.64, 10.0, 21.73, 9999.0, 23.7, 9999.0, 117.66, 127.82, 120.25, 91.25, 138.5
2024-11-07, 13:53:35, 136.5, 58.25, 23.0, 22.0, 9999.0, 9.68, 10.0, 21.73, 9999.0, 23.66, 9999.0, 117.66, 127.8, 120.25, 91.25, 138.5
2024-11-07, 13:53:39, 136.5, 58.25, 23.0, 22.02, 9999.0, 9.7, 10.0, 21.73, 9999.0, 23.61, 9999.0, 117.66, 127.77, 120.25, 91.25, 138.5
2024-11-07, 13:53:43, 136.5, 58.25, 23.0, 22.02, 9999.0, 9.73, 10.0, 21.73, 9999.0, 23.59, 9999.0, 117.68, 127.77, 120.25, 91.25, 138.5
2024-11-07, 13:53:47, 136.5, 58.25, 23.0, 22.02, 9999.0, 9.75, 10.0, 21.73, 9999.0, 23.57, 9999.0, 117.7, 127.8, 120.25, 91.25, 138.5
2024-11-07, 13:53:51, 136.5, 58.25, 23.0, 22.02, 9999.0, 9.77, 10.0, 21.73, 9999.0, 23.55, 9999.0, 117.73, 127.8, 120.25, 91.25, 138.5
2024-11-07, 13:53:55, 136.5, 58.25, 23.0, 22.05, 9999.0, 9.8, 10.0, 21.73, 9999.0, 23.52, 9999.0, 117.75, 127.8, 120.25, 91.25, 138.5
2024-11-07, 13:53:59, 136.5, 58.25, 23.0, 22.05, 9999.0, 9.82, 10.0, 21.73, 9999.0, 23.5, 9999.0, 117.75, 127.8, 120.25, 91.25, 138.5
2024-11-07, 13:54:03, 136.5, 58.25, 23.0, 22.05, 9999.0, 9.82, 10.0, 21.73, 9999.0, 23.52, 9999.0, 117.77, 127.8, 120.25, 91.25, 138.5
2024-11-07, 13:54:07, 136.5, 58.25, 23.0, 22.05, 9999.0, 9.82, 10.0, 21.75, 9999.0, 23.57, 9999.0, 117.82, 127.82, 120.25, 91.25, 138.5
2024-11-07, 13:54:11, 136.5, 58.25, 23.0, 22.07, 9999.0, 9.8, 10.0, 21.75, 9999.0, 23.59, 9999.0, 117.84, 127.84, 120.25, 91.25, 138.52
2024-11-07, 13:54:15, 136.5, 58.25, 23.0, 22.09, 9999.0, 9.75, 10.0, 21.75, 9999.0, 23.61, 9999.0, 117.86, 127.86, 120.25, 91.25, 138.52
2024-11-07, 13:54:19, 136.5, 58.25, 23.0, 22.11, 9999.0, 9.7, 10.0, 21.75, 9999.0, 23.64, 9999.0, 117.86, 127.89, 120.25, 91.25, 138.55
2024-11-07, 13:54:23, 136.5, 58.25, 23.0, 22.09, 9999.0, 9.68, 10.0, 21.75, 9999.0, 23.66, 9999.0, 117.86, 127.89, 120.25, 91.25, 138.55
2024-11-07, 13:54:27, 136.5, 58.25, 23.0, 22.09, 9999.0, 9.66, 10.0, 21.75, 9999.0, 23.68, 9999.0, 117.84, 127.89, 120.25, 91.25, 138.57
2024-11-07, 13:54:32, 136.5, 58.25, 23.0, 22.11, 9999.0, 9.64, 10.0, 21.75, 9999.0, 23.7, 9999.0, 117.82, 127.89, 120.25, 91.25, 138.59
2024-11-07, 13:54:36, 136.5, 58.25, 23.0, 22.14, 9999.0, 9.61, 10.0, 21.75, 9999.0, 23.73, 9999.0, 117.8, 127.86, 120.25, 91.25, 138.61
2024-11-07, 13:54:40, 136.5, 58.25, 23.0, 22.11, 9999.0, 9.61, 10.0, 21.75, 9999.0, 23.73, 9999.0, 117.77, 127.89, 120.25, 91.25, 138.64
2024-11-07, 13:54:44, 136.5, 58.25, 23.0, 22.14, 9999.0, 9.61, 10.0, 21.73, 9999.0, 23.73, 9999.0, 117.77, 127.89, 120.25, 91.25, 138.66
2024-11-07, 13:54:48, 136.5, 58.25, 23.0, 22.16, 9999.0, 9.61, 10.0, 21.73, 9999.0, 23.7, 9999.0, 117.75, 127.91, 120.25, 91.25, 138.66
2024-11-07, 13:54:52, 136.5, 58.25, 23.0, 22.18, 9999.0, 9.64, 10.0, 21.73, 9999.0, 23.66, 9999.0, 117.73, 127.89, 120.25, 91.25, 138.68
2024-11-07, 13:54:56, 136.5, 58.25, 23.0, 22.18, 9999.0, 9.64, 10.0, 21.73, 9999.0, 23.64, 9999.0, 117.73, 127.86, 120.25, 91.25, 138.66
2024-11-07, 13:55:00, 136.5, 58.25, 23.0, 22.18, 9999.0, 9.66, 10.0, 21.73, 9999.0, 23.61, 9999.0, 117.73, 127.84, 120.25, 91.25, 138.68
2024-11-07, 13:55:04, 136.5, 58.25, 23.0, 22.16, 9999.0, 9.68, 10.0, 21.73, 9999.0, 23.59, 9999.0, 117.75, 127.84, 120.25, 91.25, 138.68
2024-11-07, 13:55:08, 136.5, 58.25, 23.0, 22.18, 9999.0, 9.7, 10.0, 21.73, 9999.0, 23.57, 9999.0, 117.77, 127.86, 120.25, 91.25, 138.7
2024-11-07, 13:55:12, 136.5, 58.25, 23.0, 22.18, 9999.0, 9.73, 10.0, 21.73, 9999.0, 23.55, 9999.0, 117.8, 127.89, 120.25, 91.25, 138.7
2024-11-07, 13:55:16, 136.5, 58.27, 23.0, 22.18, 9999.0, 9.75, 10.0, 21.73, 9999.0, 23.55, 9999.0, 117.82, 127.86, 120.25, 91.25, 138.7
2024-11-07, 13:55:20, 136.5, 58.27, 23.0, 22.18, 9999.0, 9.77, 10.0, 21.73, 9999.0, 23.55, 9999.0, 117.84, 127.86, 120.25, 91.25, 138.7
2024-11-07, 13:55:24, 136.5, 58.27, 23.0, 22.2, 9999.0, 9.77, 10.0, 21.73, 9999.0, 23.57, 9999.0, 117.86, 127.86, 120.25, 91.25, 138.7
2024-11-07, 13:55:28, 136.5, 58.27, 23.0, 22.2, 9999.0, 9.77, 10.0, 21.75, 9999.0, 23.59, 9999.0, 117.89, 127.89, 120.25, 91.25, 138.7
2024-11-07, 13:55:32, 136.5, 58.27, 23.0, 22.2, 9999.0, 9.77, 10.0, 21.75, 9999.0, 23.61, 9999.0, 117.91, 127.89, 120.25, 91.25, 138.73
2024-11-07, 13:55:36, 136.5, 58.3, 23.0, 22.18, 9999.0, 9.75, 10.0, 21.75, 9999.0, 23.66, 9999.0, 117.91, 127.89, 120.25, 91.25, 138.73
2024-11-07, 13:55:40, 136.5, 58.3, 23.0, 22.16, 9999.0, 9.75, 10.0, 21.75, 9999.0, 23.68, 9999.0, 117.91, 127.91, 120.25, 91.25, 138.73
2024-11-07, 13:55:44, 136.5, 58.3, 23.0, 22.16, 9999.0, 9.73, 10.0, 21.75, 9999.0, 23.73, 9999.0, 117.91, 127.91, 120.25, 91.25, 138.73
2024-11-07, 13:55:48, 136.5, 58.32, 23.0, 22.18, 9999.0, 9.7, 10.0, 21.75, 9999.0, 23.75, 9999.0, 117.89, 127.91, 120.25, 91.25, 138.73
2024-11-07, 13:55:52, 136.5, 58.32, 23.0, 22.18, 9999.0, 9.68, 10.0, 21.75, 9999.0, 23.77, 9999.0, 117.86, 127.91, 120.25, 91.25, 138.73
2024-11-07, 13:55:56, 136.5, 58.32, 23.0, 22.2, 9999.0, 9.68, 10.0, 21.75, 9999.0, 23.8, 9999.0, 117.84, 127.89, 120.25, 91.25, 138.73
2024-11-07, 13:56:00, 136.5, 58.3, 23.0, 22.2, 9999.0, 9.68, 10.0, 21.75, 9999.0, 23.8, 9999.0, 117.8, 127.91, 120.25, 91.25, 138.73
2024-11-07, 13:56:04, 136.5, 58.3, 23.0, 22.2, 9999.0, 9.68, 10.0, 21.75, 9999.0, 23.8, 9999.0, 117.77, 127.91, 120.25, 91.25, 138.73
2024-11-07, 13:56:08, 136.5, 58.3, 23.0, 22.2, 9999.0, 9.68, 10.0, 21.75, 9999.0, 23.8, 9999.0, 117.75, 127.89, 120.25, 91.25, 138.73
2024-11-07, 13:56:12, 136.5, 58.3, 23.0, 22.2, 9999.0, 9.7, 10.0, 21.75, 9999.0, 23.8, 9999.0, 117.73, 127.86, 120.25, 91.25, 138.7
2024-11-07, 13:56:16, 136.5, 58.3, 23.0, 22.2, 9999.0, 9.73, 10.0, 21.75, 9999.0, 23.8, 9999.0, 117.75, 127.84, 120.25, 91.25, 138.68
2024-11-07, 13:56:20, 136.5, 58.27, 23.0, 22.23, 9999.0, 9.73, 10.0, 21.75, 9999.0, 23.77, 9999.0, 117.75, 127.86, 120.25, 91.25, 138.66
2024-11-07, 13:56:24, 136.5, 58.27, 23.0, 22.25, 9999.0, 9.73, 10.0, 21.75, 9999.0, 23.75, 9999.0, 117.77, 127.86, 120.25, 91.25, 138.68
2024-11-07, 13:56:28, 136.5, 58.27, 23.0, 22.25, 9999.0, 9.75, 10.02, 21.75, 9999.0, 23.73, 9999.0, 117.8, 127.86, 120.25, 91.25, 138.68
2024-11-07, 13:56:32, 136.52, 58.27, 23.0, 22.25, 9999.0, 9.77, 10.02, 21.75, 9999.0, 23.7, 9999.0, 117.82, 127.84, 120.25, 91.25, 138.68
2024-11-07, 13:56:36, 136.52, 58.27, 23.0, 22.25, 9999.0, 9.8, 10.02, 21.75, 9999.0, 23.7, 9999.0, 117.84, 127.82, 120.25, 91.25, 138.68
2024-11-07, 13:56:40, 136.55, 58.27, 23.0, 22.25, 9999.0, 9.8, 10.02, 21.75, 9999.0, 23.7, 9999.0, 117.86, 127.82, 120.25, 91.25, 138.68
2024-11-07, 13:56:44, 136.55, 58.27, 23.0, 22.25, 9999.0, 9.8, 10.02, 21.75, 9999.0, 23.73, 9999.0, 117.89, 127.82, 120.25, 91.25, 138.66
2024-11-07, 13:56:48, 136.55, 58.27, 23.0, 22.25, 9999.0, 9.77, 10.02, 21.75, 9999.0, 23.75, 9999.0, 117.91, 127.84, 120.25, 91.25, 138.66
2024-11-07, 13:56:52, 136.55, 58.27, 23.0, 22.25, 9999.0, 9.75, 10.02, 21.75, 9999.0, 23.77, 9999.0, 117.91, 127.86, 120.25, 91.25, 138.66
2024-11-07, 13:56:56, 136.55, 58.27, 23.0, 22.25, 9999.0, 9.73, 10.02, 21.75, 9999.0, 23.8, 9999.0, 117.91, 127.86, 120.25, 91.25, 138.68
2024-11-07, 13:57:00, 136.55, 58.3, 23.0, 22.23, 9999.0, 9.7, 10.02, 21.75, 9999.0, 23.82, 9999.0, 117.89, 127.89, 120.25, 91.25, 138.7
2024-11-07, 13:57:04, 136.55, 58.3, 23.0, 22.23, 9999.0, 9.68, 10.02, 21.75, 9999.0, 23.84, 9999.0, 117.89, 127.89, 120.25, 91.25, 138.7
2024-11-07, 13:57:08, 136.55, 58.3, 23.0, 22.23, 9999.0, 9.66, 10.02, 21.73, 9999.0, 23.86, 9999.0, 117.86, 127.86, 120.25, 91.25, 138.7
2024-11-07, 13:57:12, 136.55, 58.3, 23.0, 22.23, 9999.0, 9.64, 10.0, 21.73, 9999.0, 23.89, 9999.0, 117.84, 127.89, 120.25, 91.25, 138.7
2024-11-07, 13:57:16, 136.55, 58.27, 23.0, 22.23, 9999.0, 9.64, 10.0, 21.73, 9999.0, 23.91, 9999.0, 117.82, 127.91, 120.25, 91.25, 138.7
2024-11-07, 13:57:20, 136.55, 58.27, 23.0, 22.23, 9999.0, 9.64, 10.0, 21.73, 9999.0, 23.91, 9999.0, 117.8, 127.91, 120.25, 91.25, 138.68
2024-11-07, 13:57:24, 136.52, 58.27, 23.0, 22.23, 9999.0, 9.64, 10.0, 21.73, 9999.0, 23.91, 9999.0, 117.77, 127.91, 120.25, 91.25, 138.66
2024-11-07, 13:57:28, 136.52, 58.27, 23.0, 22.23, 9999.0, 9.64, 10.0, 21.73, 9999.0, 23.91, 9999.0, 117.75, 127.89, 120.25, 91.25, 138.66
2024-11-07, 13:57:32, 136.52, 58.27, 23.0, 22.23, 9999.0, 9.68, 10.0, 21.73, 9999.0, 23.89, 9999.0, 117.73, 127.86, 120.25, 91.25, 138.66
2024-11-07, 13:57:36, 136.52, 58.27, 23.0, 22.23, 9999.0, 9.73, 10.0, 21.73, 9999.0, 23.89, 9999.0, 117.75, 127.84, 120.25, 91.25, 138.66
2024-11-07, 13:57:40, 136.52, 58.27, 23.0, 22.23, 9999.0, 9.73, 10.0, 21.73, 9999.0, 23.89, 9999.0, 117.75, 127.84, 120.25, 91.25, 138.64
2024-11-07, 13:57:44, 136.52, 58.25, 23.0, 22.23, 9999.0, 9.73, 10.0, 21.73, 9999.0, 23.86, 9999.0, 117.77, 127.82, 120.25, 91.25, 138.64
2024-11-07, 13:57:48, 136.52, 58.25, 23.0, 22.23, 9999.0, 9.75, 10.0, 21.73, 9999.0, 23.84, 9999.0, 117.8, 127.8, 120.25, 91.25, 138.66
2024-11-07, 13:57:52, 136.52, 58.25, 23.0, 22.23, 9999.0, 9.77, 10.0, 21.75, 9999.0, 23.84, 9999.0, 117.82, 127.82, 120.25, 91.25, 138.66
2024-11-07, 13:57:56, 136.52, 58.27, 23.0, 22.23, 9999.0, 9.8, 10.0, 21.75, 9999.0, 23.84, 9999.0, 117.84, 127.8, 120.25, 91.25, 138.64
2024-11-07, 13:58:01, 136.5, 58.27, 23.0, 22.23, 9999.0, 9.8, 10.0, 21.75, 9999.0, 23.86, 9999.0, 117.86, 127.8, 120.25, 91.25, 138.64
2024-11-07, 13:58:05, 136.5, 58.27, 23.0, 22.23, 9999.0, 9.8, 10.0, 21.75, 9999.0, 23.89, 9999.0, 117.89, 127.82, 120.25, 91.25, 138.64
2024-11-07, 13:58:09, 136.5, 58.27, 23.0, 22.2, 9999.0, 9.8, 10.0, 21.73, 9999.0, 23.91, 9999.0, 117.91, 127.84, 120.25, 91.25, 138.66
2024-11-07, 13:58:13, 136.5, 58.27, 23.0, 22.2, 9999.0, 9.8, 10.0, 21.73, 9999.0, 23.93, 9999.0, 117.95, 127.86, 120.25, 91.25, 138.66
2024-11-07, 13:58:17, 136.5, 58.27, 23.0, 22.2, 9999.0, 9.75, 10.0, 21.73, 9999.0, 23.98, 9999.0, 117.95, 127.89, 120.25, 91.25, 138.64
2024-11-07, 13:58:21, 136.5, 58.27, 23.0, 22.2, 9999.0, 9.7, 10.0, 21.73, 9999.0, 23.98, 9999.0, 117.93, 127.89, 120.25, 91.25, 138.64
2024-11-07, 13:58:25, 136.5, 58.27, 23.0, 22.2, 9999.0, 9.68, 10.0, 21.73, 9999.0, 23.98, 9999.0, 117.93, 127.91, 120.25, 91.25, 138.66
2024-11-07, 13:58:29, 136.5, 58.27, 23.0, 22.23, 9999.0, 9.66, 10.0, 21.73, 9999.0, 23.98, 9999.0, 117.91, 127.91, 120.25, 91.25, 138.64
2024-11-07, 13:58:33, 136.5, 58.27, 23.0, 22.23, 9999.0, 9.64, 10.0, 21.73, 9999.0, 23.98, 9999.0, 117.89, 127.93, 120.25, 91.25, 138.61
2024-11-07, 13:58:37, 136.5, 58.27, 23.0, 22.23, 9999.0, 9.64, 10.0, 21.73, 9999.0, 23.98, 9999.0, 117.86, 127.91, 120.25, 91.25, 138.61
2024-11-07, 13:58:41, 136.5, 58.25, 23.0, 22.23, 9999.0, 9.64, 10.0, 21.7, 9999.0, 23.95, 9999.0, 117.84, 127.91, 120.25, 91.25, 138.64
2024-11-07, 13:58:45, 136.5, 58.25, 23.0, 22.2, 9999.0, 9.64, 10.0, 21.68, 9999.0, 23.93, 9999.0, 117.82, 127.89, 120.25, 91.25, 138.61
2024-11-07, 13:58:49, 136.5, 58.25, 23.0, 22.2, 9999.0, 9.66, 10.0, 21.68, 9999.0, 23.91, 9999.0, 117.77, 127.86, 120.25, 91.25, 138.64
2024-11-07, 13:58:53, 136.5, 58.25, 23.0, 22.2, 9999.0, 9.66, 10.0, 21.7, 9999.0, 23.89, 9999.0, 117.75, 127.84, 120.25, 91.25, 138.64
2024-11-07, 13:58:57, 136.5, 58.25, 23.0, 22.2, 9999.0, 9.66, 10.0, 21.7, 9999.0, 23.84, 9999.0, 117.73, 127.82, 120.25, 91.25, 138.66
2024-11-07, 13:59:01, 136.5, 58.25, 23.0, 22.2, 9999.0, 9.68, 10.0, 21.7, 9999.0, 23.8, 9999.0, 117.73, 127.8, 120.25, 91.25, 138.68
2024-11-07, 13:59:05, 136.52, 58.25, 23.0, 22.2, 9999.0, 9.7, 10.0, 21.7, 9999.0, 23.77, 9999.0, 117.75, 127.8, 120.25, 91.25, 138.66
2024-11-07, 13:59:09, 136.55, 58.25, 23.0, 22.18, 9999.0, 9.73, 10.0, 21.7, 9999.0, 23.75, 9999.0, 117.77, 127.77, 120.25, 91.25, 138.64
2024-11-07, 13:59:13, 136.55, 58.25, 23.0, 22.16, 9999.0, 9.75, 10.0, 21.7, 9999.0, 23.75, 9999.0, 117.8, 127.77, 120.25, 91.25, 138.64
2024-11-07, 13:59:17, 136.55, 58.25, 23.0, 22.16, 9999.0, 9.77, 10.0, 21.68, 9999.0, 23.75, 9999.0, 117.82, 127.75, 120.25, 91.25, 138.66
2024-11-07, 13:59:21, 136.55, 58.25, 23.0, 22.16, 9999.0, 9.75, 10.0, 21.68, 9999.0, 23.75, 9999.0, 117.84, 127.75, 120.25, 91.25, 138.66
2024-11-07, 13:59:25, 136.55, 58.25, 23.0, 22.14, 9999.0, 9.73, 10.0, 21.7, 9999.0, 23.77, 9999.0, 117.84, 127.77, 120.25, 91.25, 138.64
2024-11-07, 13:59:29, 136.57, 58.25, 23.0, 22.16, 9999.0, 9.73, 10.0, 21.73, 9999.0, 23.8, 9999.0, 117.84, 127.8, 120.25, 91.25, 138.64
2024-11-07, 13:59:33, 136.57, 58.25, 23.0, 22.16, 9999.0, 9.7, 10.0, 21.7, 9999.0, 23.82, 9999.0, 117.86, 127.82, 120.25, 91.25, 138.61
2024-11-07, 13:59:37, 136.57, 58.25, 23.0, 22.18, 9999.0, 9.68, 10.0, 21.7, 9999.0, 23.84, 9999.0, 117.86, 127.84, 120.25, 91.25, 138.59
2024-11-07, 13:59:41, 136.57, 58.25, 23.0, 22.18, 9999.0, 9.66, 10.0, 21.7, 9999.0, 23.86, 9999.0, 117.86, 127.86, 120.25, 91.25, 138.59
2024-11-07, 13:59:45, 136.57, 58.25, 23.0, 22.18, 9999.0, 9.64, 10.0, 21.7, 9999.0, 23.89, 9999.0, 117.86, 127.89, 120.25, 91.25, 138.57
2024-11-07, 13:59:49, 136.55, 58.25, 23.0, 22.18, 9999.0, 9.61, 10.0, 21.7, 9999.0, 23.91, 9999.0, 117.84, 127.89, 120.25, 91.25, 138.57
2024-11-07, 13:59:53, 136.52, 58.25, 23.0, 22.2, 9999.0, 9.59, 10.0, 21.7, 9999.0, 23.93, 9999.0, 117.82, 127.91, 120.25, 91.25, 138.57
2024-11-07, 13:59:57, 136.52, 58.25, 23.0, 22.2, 9999.0, 9.59, 10.0, 21.68, 9999.0, 23.95, 9999.0, 117.8, 127.93, 120.25, 91.25, 138.57
2024-11-07, 14:00:01, 136.52, 58.25, 23.0, 22.18, 9999.0, 9.59, 10.0, 21.68, 9999.0, 23.98, 9999.0, 117.75, 127.93, 120.25, 91.25, 138.55
2024-11-07, 14:00:05, 136.52, 58.27, 23.0, 22.16, 9999.0, 9.61, 10.0, 21.68, 9999.0, 24.0, 9999.0, 117.73, 127.93, 120.25, 91.25, 138.55
2024-11-07, 14:00:09, 136.52, 58.27, 23.0, 22.18, 9999.0, 9.64, 10.0, 21.68, 9999.0, 24.0, 9999.0, 117.7, 127.91, 120.25, 91.25, 138.55
2024-11-07, 14:00:13, 136.5, 58.27, 23.0, 22.18, 9999.0, 9.64, 10.0, 21.68, 9999.0, 24.0, 9999.0, 117.7, 127.89, 120.25, 91.25, 138.57
2024-11-07, 14:00:17, 136.5, 58.27, 23.0, 22.16, 9999.0, 9.64, 10.0, 21.7, 9999.0, 24.0, 9999.0, 117.7, 127.86, 120.25, 91.25, 138.57
2024-11-07, 14:00:21, 136.5, 58.27, 23.0, 22.14, 9999.0, 9.66, 10.0, 21.7, 9999.0, 24.0, 9999.0, 117.7, 127.84, 120.25, 91.25, 138.57
2024-11-07, 14:00:36, 136.5, 58.27, 23.0, 22.11, 9999.0, 9.68, 10.0, 21.7, 9999.0, 24.0, 9999.0, 117.73, 127.82, 120.25, 91.25, 138.57
2024-11-07, 14:00:40, 136.5, 58.27, 23.0, 22.11, 9999.0, 9.7, 10.0, 21.7, 9999.0, 23.98, 9999.0, 117.75, 127.8, 120.25, 91.25, 138.57
2024-11-07, 14:00:44, 136.5, 58.27, 23.0, 22.09, 9999.0, 9.73, 10.0, 21.7, 9999.0, 23.98, 9999.0, 117.77, 127.8, 120.25, 91.25, 138.57
2024-11-07, 14:00:48, 136.5, 58.27, 23.0, 22.07, 9999.0, 9.75, 10.0, 21.7, 9999.0, 23.98, 9999.0, 117.8, 127.77, 120.25, 91.25, 138.57
2024-11-07, 14:00:52, 136.5, 58.27, 23.0, 22.07, 9999.0, 9.75, 10.0, 21.73, 9999.0, 23.98, 9999.0, 117.8, 127.75, 120.25, 91.25, 138.57
2024-11-07, 14:00:56, 136.5, 58.27, 23.0, 22.09, 9999.0, 9.75, 10.0, 21.75, 9999.0, 24.0, 9999.0, 117.84, 127.75, 120.25, 91.25, 138.57
2024-11-07, 14:01:00, 136.5, 58.25, 23.0, 22.09, 9999.0, 9.73, 10.0, 21.73, 9999.0, 24.02, 9999.0, 117.84, 127.77, 120.25, 91.25, 138.55
2024-11-07, 14:01:04, 136.5, 58.25, 23.0, 22.07, 9999.0, 9.7, 10.0, 21.7, 9999.0, 24.05, 9999.0, 117.86, 127.77, 120.25, 91.25, 138.55
2024-11-07, 14:01:08, 136.5, 58.25, 23.0, 22.05, 9999.0, 9.68, 10.0, 21.68, 9999.0, 24.07, 9999.0, 117.86, 127.8, 120.25, 91.25, 138.52
2024-11-07, 14:01:12, 136.5, 58.25, 23.0, 22.07, 9999.0, 9.66, 10.0, 21.68, 9999.0, 24.09, 9999.0, 117.86, 127.82, 120.25, 91.25, 138.52
2024-11-07, 14:01:16, 136.5, 58.25, 23.0, 22.07, 9999.0, 9.64, 10.0, 21.68, 9999.0, 24.11, 9999.0, 117.86, 127.82, 120.25, 91.25, 138.52
2024-11-07, 14:01:20, 136.5, 58.25, 23.0, 22.09, 9999.0, 9.61, 10.0, 21.68, 9999.0, 24.11, 9999.0, 117.84, 127.82, 120.25, 91.25, 138.5
2024-11-07, 14:01:25, 136.5, 58.25, 23.0, 22.09, 9999.0, 9.59, 10.0, 21.68, 9999.0, 24.14, 9999.0, 117.82, 127.82, 120.25, 91.25, 138.5
2024-11-07, 14:01:29, 136.5, 58.25, 23.0, 22.11, 9999.0, 9.59, 10.0, 21.68, 9999.0, 24.14, 9999.0, 117.77, 127.82, 120.25, 91.25, 138.5
2024-11-07, 14:01:33, 136.5, 58.25, 23.0, 22.11, 9999.0, 9.59, 10.0, 21.68, 9999.0, 24.14, 9999.0, 117.73, 127.82, 120.25, 91.25, 138.5
2024-11-07, 14:01:37, 136.5, 58.25, 23.0, 22.11, 9999.0, 9.59, 10.0, 21.68, 9999.0, 24.14, 9999.0, 117.7, 127.82, 120.25, 91.25, 138.5
2024-11-07, 14:01:41, 136.5, 58.25, 23.0, 22.11, 9999.0, 9.59, 10.0, 21.68, 9999.0, 24.11, 9999.0, 117.66, 127.82, 120.25, 91.25, 138.5
2024-11-07, 14:01:45, 136.5, 58.25, 23.0, 22.14, 9999.0, 9.61, 10.0, 21.7, 9999.0, 24.09, 9999.0, 117.66, 127.8, 120.25, 91.25, 138.5
2024-11-07, 14:01:49, 136.5, 58.25, 23.0, 22.14, 9999.0, 9.64, 10.0, 21.73, 9999.0, 24.07, 9999.0, 117.66, 127.8, 120.25, 91.25, 138.5
2024-11-07, 14:01:53, 136.52, 58.25, 23.0, 22.14, 9999.0, 9.66, 10.0, 21.75, 9999.0, 24.05, 9999.0, 117.66, 127.77, 120.25, 91.25, 138.5
2024-11-07, 14:01:57, 136.52, 58.25, 23.0, 22.11, 9999.0, 9.68, 10.0, 21.75, 9999.0, 24.02, 9999.0, 117.68, 127.75, 120.25, 91.25, 138.5
2024-11-07, 14:02:01, 136.52, 58.25, 23.0, 22.14, 9999.0, 9.7, 10.0, 21.75, 9999.0, 23.98, 9999.0, 117.7, 127.75, 120.25, 91.25, 138.5
2024-11-07, 14:02:05, 136.52, 58.27, 23.0, 22.14, 9999.0, 9.73, 10.0, 21.75, 9999.0, 23.95, 9999.0, 117.73, 127.75, 120.25, 91.25, 138.5
2024-11-07, 14:02:09, 136.52, 58.27, 23.0, 22.11, 9999.0, 9.75, 10.0, 21.75, 9999.0, 23.95, 9999.0, 117.73, 127.75, 120.25, 91.25, 138.52
2024-11-07, 14:02:13, 136.52, 58.27, 23.0, 22.11, 9999.0, 9.75, 10.0, 21.75, 9999.0, 23.95, 9999.0, 117.75, 127.75, 120.25, 91.25, 138.52
2024-11-07, 14:02:17, 136.52, 58.27, 23.0, 22.14, 9999.0, 9.75, 10.0, 21.75, 9999.0, 23.95, 9999.0, 117.77, 127.77, 120.25, 91.25, 138.52
2024-11-07, 14:02:21, 136.52, 58.27, 23.0, 22.16, 9999.0, 9.73, 10.0, 21.73, 9999.0, 23.95, 9999.0, 117.8, 127.8, 120.25, 91.25, 138.52
2024-11-07, 14:02:25, 136.52, 58.3, 23.0, 22.16, 9999.0, 9.7, 10.0, 21.7, 9999.0, 23.95, 9999.0, 117.82, 127.82, 120.25, 91.25, 138.52
2024-11-07, 14:02:29, 136.52, 58.3, 23.0, 22.14, 9999.0, 9.68, 10.0, 21.7, 9999.0, 23.95, 9999.0, 117.82, 127.84, 120.25, 91.25, 138.52
2024-11-07, 14:02:33, 136.52, 58.3, 23.0, 22.14, 9999.0, 9.66, 10.0, 21.7, 9999.0, 23.95, 9999.0, 117.82, 127.84, 120.25, 91.25, 138.52
2024-11-07, 14:02:37, 136.5, 58.3, 23.0, 22.14, 9999.0, 9.64, 10.0, 21.7, 9999.0, 23.95, 9999.0, 117.82, 127.84, 120.25, 91.25, 138.52
2024-11-07, 14:02:41, 136.5, 58.3, 23.0, 22.16, 9999.0, 9.61, 10.0, 21.7, 9999.0, 23.95, 9999.0, 117.77, 127.84, 120.25, 91.25, 138.52
2024-11-07, 14:02:45, 136.5, 58.32, 23.0, 22.14, 9999.0, 9.59, 10.0, 21.7, 9999.0, 23.98, 9999.0, 117.75, 127.84, 120.25, 91.25, 138.55
2024-11-07, 14:02:49, 136.5, 58.3, 23.0, 22.11, 9999.0, 9.59, 10.0, 21.7, 9999.0, 24.0, 9999.0, 117.7, 127.84, 120.25, 91.25, 138.55
2024-11-07, 14:02:53, 136.5, 58.3, 23.0, 22.11, 9999.0, 9.59, 10.0, 21.7, 9999.0, 24.0, 9999.0, 117.7, 127.84, 120.25, 91.25, 138.52
2024-11-07, 14:02:57, 136.5, 58.3, 23.0, 22.09, 9999.0, 9.59, 10.0, 21.7, 9999.0, 24.0, 9999.0, 117.68, 127.84, 120.25, 91.25, 138.52
2024-11-07, 14:03:01, 136.5, 58.3, 23.0, 22.07, 9999.0, 9.61, 10.0, 21.7, 9999.0, 24.0, 9999.0, 117.66, 127.82, 120.25, 91.25, 138.52
2024-11-07, 14:03:05, 136.5, 58.3, 23.0, 22.05, 9999.0, 9.66, 10.0, 21.73, 9999.0, 24.0, 9999.0, 117.66, 127.8, 120.25, 91.25, 138.52
2024-11-07, 14:03:09, 136.5, 58.27, 23.0, 22.02, 9999.0, 9.7, 10.0, 21.75, 9999.0, 24.0, 9999.0, 117.66, 127.77, 120.25, 91.25, 138.52
2024-11-07, 14:03:13, 136.5, 58.27, 23.0, 22.05, 9999.0, 9.73, 10.0, 21.75, 9999.0, 24.0, 9999.0, 117.66, 127.75, 120.25, 91.25, 138.52
2024-11-07, 14:03:17, 136.5, 58.27, 23.0, 22.05, 9999.0, 9.75, 10.0, 21.75, 9999.0, 24.0, 9999.0, 117.68, 127.75, 120.25, 91.25, 138.52
2024-11-07, 14:03:21, 136.5, 58.27, 23.0, 22.05, 9999.0, 9.77, 10.0, 21.75, 9999.0, 24.0, 9999.0, 117.7, 127.75, 120.25, 91.25, 138.52
2024-11-07, 14:03:25, 136.5, 58.27, 23.0, 22.05, 9999.0, 9.8, 10.0, 21.75, 9999.0, 24.0, 9999.0, 117.73, 127.75, 120.25, 91.25, 138.52
2024-11-07, 14:03:29, 136.5, 58.25, 23.0, 22.05, 9999.0, 9.82, 10.0, 21.73, 9999.0, 24.0, 9999.0, 117.75, 127.75, 120.25, 91.25, 138.5
2024-11-07, 14:03:33, 136.5, 58.27, 23.0, 22.05, 9999.0, 9.82, 10.0, 21.7, 9999.0, 24.0, 9999.0, 117.77, 127.75, 120.25, 91.25, 138.5
2024-11-07, 14:03:37, 136.5, 58.27, 23.0, 22.05, 9999.0, 9.8, 10.0, 21.68, 9999.0, 24.02, 9999.0, 117.77, 127.77, 120.25, 91.25, 138.5
2024-11-07, 14:03:41, 136.5, 58.27, 23.0, 22.05, 9999.0, 9.77, 10.0, 21.68, 9999.0, 24.05, 9999.0, 117.8, 127.8, 120.25, 91.25, 138.52
2024-11-07, 14:03:45, 136.5, 58.27, 23.0, 22.05, 9999.0, 9.73, 10.0, 21.66, 9999.0, 24.07, 9999.0, 117.82, 127.82, 120.25, 91.25, 138.52
2024-11-07, 14:03:49, 136.52, 58.27, 23.0, 22.07, 9999.0, 9.68, 10.0, 21.64, 9999.0, 24.07, 9999.0, 117.82, 127.82, 120.25, 91.25, 138.52
2024-11-07, 14:03:53, 136.55, 58.27, 23.0, 22.07, 9999.0, 9.64, 10.0, 21.64, 9999.0, 24.09, 9999.0, 117.82, 127.82, 120.25, 91.25, 138.52
2024-11-07, 14:03:57, 136.55, 58.27, 23.0, 22.05, 9999.0, 9.61, 10.0, 21.61, 9999.0, 24.09, 9999.0, 117.82, 127.82, 120.25, 91.25, 138.52
2024-11-07, 14:04:01, 136.55, 58.27, 23.0, 22.05, 9999.0, 9.59, 10.0, 21.61, 9999.0, 24.09, 9999.0, 117.77, 127.84, 120.25, 91.25, 138.52
2024-11-07, 14:04:05, 136.55, 58.27, 23.0, 22.05, 9999.0, 9.57, 10.0, 21.61, 9999.0, 24.09, 9999.0, 117.73, 127.84, 120.25, 91.25, 138.52
2024-11-07, 14:04:09, 136.55, 58.27, 23.0, 22.05, 9999.0, 9.57, 10.0, 21.61, 9999.0, 24.09, 9999.0, 117.73, 127.84, 120.25, 91.25, 138.52
2024-11-07, 14:04:13, 136.55, 58.27, 23.0, 22.05, 9999.0, 9.57, 10.0, 21.64, 9999.0, 24.09, 9999.0, 117.68, 127.84, 120.25, 91.25, 138.52
2024-11-07, 14:04:17, 136.55, 58.25, 23.0, 22.05, 9999.0, 9.57, 10.0, 21.66, 9999.0, 24.09, 9999.0, 117.66, 127.84, 120.25, 91.25, 138.52
2024-11-07, 14:04:21, 136.55, 58.25, 23.0, 22.07, 9999.0, 9.59, 10.0, 21.68, 9999.0, 24.07, 9999.0, 117.64, 127.82, 120.25, 91.25, 138.52
2024-11-07, 14:04:25, 136.55, 58.25, 23.0, 22.07, 9999.0, 9.61, 10.0, 21.68, 9999.0, 24.05, 9999.0, 117.64, 127.82, 120.25, 91.25, 138.5
2024-11-07, 14:04:29, 136.55, 58.27, 23.0, 22.09, 9999.0, 9.64, 10.0, 21.7, 9999.0, 24.02, 9999.0, 117.64, 127.8, 120.25, 91.25, 138.5
2024-11-07, 14:04:33, 136.52, 58.27, 23.0, 22.09, 9999.0, 9.66, 10.0, 21.73, 9999.0, 24.02, 9999.0, 117.64, 127.8, 120.25, 91.25, 138.5
2024-11-07, 14:04:37, 136.5, 58.27, 23.0, 22.11, 9999.0, 9.68, 10.0, 21.73, 9999.0, 24.0, 9999.0, 117.66, 127.82, 120.25, 91.25, 138.5
2024-11-07, 14:04:41, 136.5, 58.27, 23.0, 22.11, 9999.0, 9.7, 10.0, 21.75, 9999.0, 24.0, 9999.0, 117.68, 127.84, 120.25, 91.25, 138.5
2024-11-07, 14:04:45, 136.52, 58.27, 23.0, 22.11, 9999.0, 9.73, 10.0, 21.75, 9999.0, 24.0, 9999.0, 117.7, 127.82, 120.25, 91.25, 138.5
2024-11-07, 14:04:49, 136.52, 58.27, 23.0, 22.14, 9999.0, 9.75, 10.0, 21.75, 9999.0, 24.0, 9999.0, 117.73, 127.84, 120.25, 91.25, 138.5
2024-11-07, 14:04:54, 136.52, 58.27, 23.0, 22.11, 9999.0, 9.75, 10.0, 21.75, 9999.0, 24.0, 9999.0, 117.73, 127.84, 120.25, 91.25, 138.5
2024-11-07, 14:04:58, 136.52, 58.27, 23.0, 22.11, 9999.0, 9.75, 10.0, 21.75, 9999.0, 24.02, 9999.0, 117.75, 127.84, 120.25, 91.25, 138.5
2024-11-07, 14:05:02, 136.52, 58.27, 23.0, 22.11, 9999.0, 9.73, 10.0, 21.75, 9999.0, 24.05, 9999.0, 117.77, 127.86, 120.25, 91.25, 138.5
2024-11-07, 14:05:06, 136.52, 58.27, 23.0, 22.09, 9999.0, 9.7, 10.0, 21.73, 9999.0, 24.07, 9999.0, 117.8, 127.89, 120.25, 91.25, 138.5
2024-11-07, 14:05:10, 136.52, 58.27, 23.0, 22.09, 9999.0, 9.68, 10.0, 21.7, 9999.0, 24.09, 9999.0, 117.8, 127.86, 120.25, 91.25, 138.5
2024-11-07, 14:05:14, 136.52, 58.25, 23.0, 22.07, 9999.0, 9.66, 10.0, 21.68, 9999.0, 24.11, 9999.0, 117.8, 127.86, 120.25, 91.25, 138.5
2024-11-07, 14:05:18, 136.52, 58.25, 23.0, 22.05, 9999.0, 9.64, 10.0, 21.68, 9999.0, 24.11, 9999.0, 117.8, 127.86, 120.25, 91.25, 138.5
2024-11-07, 14:05:22, 136.52, 58.25, 23.0, 22.02, 9999.0, 9.61, 10.0, 21.68, 9999.0, 24.11, 9999.0, 117.77, 127.84, 120.25, 91.25, 138.5
2024-11-07, 14:05:26, 136.52, 58.25, 22.98, 22.02, 9999.0, 9.59, 10.0, 21.68, 9999.0, 24.14, 9999.0, 117.75, 127.82, 120.25, 91.25, 138.5
2024-11-07, 14:05:30, 136.5, 58.25, 22.98, 22.02, 9999.0, 9.59, 10.0, 21.66, 9999.0, 24.14, 9999.0, 117.73, 127.82, 120.25, 91.25, 138.5
2024-11-07, 14:05:34, 136.5, 58.25, 22.98, 22.02, 9999.0, 9.59, 9.98, 21.66, 9999.0, 24.14, 9999.0, 117.7, 127.8, 120.25, 91.25, 138.5
2024-11-07, 14:05:38, 136.5, 58.25, 22.98, 22.02, 9999.0, 9.59, 9.98, 21.64, 9999.0, 24.14, 9999.0, 117.68, 127.8, 120.25, 91.25, 138.5
2024-11-07, 14:05:42, 136.5, 58.25, 22.98, 22.02, 9999.0, 9.61, 9.98, 21.64, 9999.0, 24.11, 9999.0, 117.66, 127.8, 120.25, 91.25, 138.5
2024-11-07, 14:05:46, 136.5, 58.25, 22.98, 22.02, 9999.0, 9.64, 9.98, 21.64, 9999.0, 24.09, 9999.0, 117.66, 127.77, 120.25, 91.25, 138.5
2024-11-07, 14:05:50, 136.5, 58.27, 22.98, 22.02, 9999.0, 9.66, 9.98, 21.66, 9999.0, 24.07, 9999.0, 117.66, 127.77, 120.25, 91.25, 138.5
2024-11-07, 14:05:54, 136.5, 58.27, 22.98, 22.02, 9999.0, 9.68, 9.98, 21.68, 9999.0, 24.05, 9999.0, 117.66, 127.77, 120.25, 91.25, 138.5
2024-11-07, 14:05:58, 136.5, 58.27, 22.98, 22.05, 9999.0, 9.7, 9.98, 21.7, 9999.0, 24.02, 9999.0, 117.68, 127.77, 120.25, 91.25, 138.5
2024-11-07, 14:06:02, 136.5, 58.27, 22.98, 22.05, 9999.0, 9.73, 9.98, 21.68, 9999.0, 24.02, 9999.0, 117.7, 127.77, 120.25, 91.25, 138.5
2024-11-07, 14:06:06, 136.5, 58.27, 22.98, 22.07, 9999.0, 9.75, 9.98, 21.66, 9999.0, 24.05, 9999.0, 117.73, 127.77, 120.25, 91.25, 138.5
2024-11-07, 14:06:10, 136.5, 58.27, 23.0, 22.07, 9999.0, 9.77, 9.98, 21.66, 9999.0, 24.05, 9999.0, 117.73, 127.8, 120.25, 91.25, 138.5
2024-11-07, 14:06:14, 136.5, 58.27, 23.0, 22.09, 9999.0, 9.75, 9.98, 21.68, 9999.0, 24.05, 9999.0, 117.75, 127.8, 120.25, 91.25, 138.5
2024-11-07, 14:06:18, 136.5, 58.27, 23.0, 22.07, 9999.0, 9.75, 10.0, 21.68, 9999.0, 24.07, 9999.0, 117.77, 127.82, 120.25, 91.25, 138.52
2024-11-07, 14:06:22, 136.5, 58.3, 23.0, 22.07, 9999.0, 9.73, 10.0, 21.7, 9999.0, 24.09, 9999.0, 117.8, 127.82, 120.25, 91.25, 138.52
2024-11-07, 14:06:26, 136.5, 58.32, 23.0, 22.07, 9999.0, 9.68, 10.0, 21.7, 9999.0, 24.11, 9999.0, 117.82, 127.84, 120.25, 91.25, 138.52
2024-11-07, 14:06:30, 136.5, 58.32, 23.0, 22.09, 9999.0, 9.66, 10.0, 21.7, 9999.0, 24.14, 9999.0, 117.82, 127.84, 120.25, 91.25, 138.52
2024-11-07, 14:06:34, 136.5, 58.3, 23.0, 22.09, 9999.0, 9.64, 10.0, 21.7, 9999.0, 24.14, 9999.0, 117.82, 127.84, 120.25, 91.25, 138.52
2024-11-07, 14:06:38, 136.5, 58.3, 23.0, 22.09, 9999.0, 9.61, 10.0, 21.7, 9999.0, 24.14, 9999.0, 117.8, 127.84, 120.25, 91.25, 138.52
2024-11-07, 14:06:42, 136.5, 58.3, 23.0, 22.07, 9999.0, 9.59, 10.0, 21.7, 9999.0, 24.14, 9999.0, 117.77, 127.86, 120.25, 91.25, 138.52
2024-11-07, 14:06:46, 136.5, 58.3, 23.0, 22.07, 9999.0, 9.57, 10.0, 21.73, 9999.0, 24.14, 9999.0, 117.75, 127.86, 120.25, 91.25, 138.52
2024-11-07, 14:06:50, 136.5, 58.3, 23.0, 22.05, 9999.0, 9.57, 10.0, 21.75, 9999.0, 24.11, 9999.0, 117.7, 127.86, 120.25, 91.25, 138.52
2024-11-07, 14:06:54, 136.5, 58.3, 23.0, 22.05, 9999.0, 9.57, 10.0, 21.73, 9999.0, 24.09, 9999.0, 117.68, 127.84, 120.25, 91.25, 138.52
2024-11-07, 14:06:58, 136.5, 58.3, 23.0, 22.02, 9999.0, 9.59, 10.0, 21.73, 9999.0, 24.09, 9999.0, 117.66, 127.84, 120.25, 91.25, 138.52
2024-11-07, 14:07:02, 136.5, 58.32, 23.0, 22.02, 9999.0, 9.59, 10.0, 21.73, 9999.0, 24.07, 9999.0, 117.64, 127.82, 120.25, 91.25, 138.5
2024-11-07, 14:07:06, 136.5, 58.3, 23.0, 22.02, 9999.0, 9.61, 10.0, 21.73, 9999.0, 24.05, 9999.0, 117.64, 127.82, 120.25, 91.25, 138.5
2024-11-07, 14:07:10, 136.5, 58.27, 23.0, 22.05, 9999.0, 9.64, 10.0, 21.73, 9999.0, 24.02, 9999.0, 117.64, 127.8, 120.25, 91.25, 138.5
2024-11-07, 14:07:14, 136.5, 58.27, 23.0, 22.02, 9999.0, 9.66, 10.0, 21.73, 9999.0, 24.0, 9999.0, 117.64, 127.82, 120.25, 91.25, 138.5
2024-11-07, 14:07:18, 136.5, 58.27, 22.98, 22.02, 9999.0, 9.68, 10.0, 21.73, 9999.0, 24.0, 9999.0, 117.66, 127.8, 120.25, 91.25, 138.5
2024-11-07, 14:07:22, 136.5, 58.27, 22.98, 22.02, 9999.0, 9.7, 10.0, 21.73, 9999.0, 24.0, 9999.0, 117.68, 127.8, 120.25, 91.25, 138.5
2024-11-07, 14:07:26, 136.5, 58.27, 22.98, 22.02, 9999.0, 9.73, 10.0, 21.73, 9999.0, 24.02, 9999.0, 117.68, 127.77, 120.25, 91.25, 138.5
2024-11-07, 14:07:30, 136.52, 58.27, 22.98, 22.02, 9999.0, 9.75, 10.0, 21.7, 9999.0, 24.02, 9999.0, 117.68, 127.77, 120.25, 91.25, 138.5
2024-11-07, 14:07:34, 136.52, 58.27, 22.98, 22.05, 9999.0, 9.73, 10.0, 21.7, 9999.0, 24.05, 9999.0, 117.7, 127.77, 120.25, 91.25, 138.5
2024-11-07, 14:07:38, 136.52, 58.27, 22.98, 22.05, 9999.0, 9.7, 10.0, 21.7, 9999.0, 24.07, 9999.0, 117.73, 127.77, 120.25, 91.25, 138.5
2024-11-07, 14:07:42, 136.52, 58.27, 22.95, 22.07, 9999.0, 9.7, 10.0, 21.7, 9999.0, 24.11, 9999.0, 117.75, 127.8, 120.25, 91.25, 138.5
2024-11-07, 14:07:46, 136.52, 58.25, 22.95, 22.07, 9999.0, 9.68, 10.0, 21.68, 9999.0, 24.14, 9999.0, 117.77, 127.8, 120.25, 91.25, 138.5
2024-11-07, 14:07:50, 136.52, 58.25, 22.95, 22.07, 9999.0, 9.66, 10.0, 21.68, 9999.0, 24.16, 9999.0, 117.77, 127.8, 120.25, 91.25, 138.5
2024-11-07, 14:07:54, 136.52, 58.25, 22.95, 22.05, 9999.0, 9.64, 10.0, 21.68, 9999.0, 24.18, 9999.0, 117.77, 127.82, 120.25, 91.25, 138.5
2024-11-07, 14:07:58, 136.52, 58.25, 22.93, 22.05, 9999.0, 9.61, 10.0, 21.66, 9999.0, 24.2, 9999.0, 117.77, 127.8, 120.25, 91.25, 138.5
2024-11-07, 14:08:02, 136.52, 58.25, 22.93, 22.07, 9999.0, 9.59, 10.0, 21.66, 9999.0, 24.2, 9999.0, 117.75, 127.8, 120.25, 91.25, 138.5
2024-11-07, 14:08:06, 136.52, 58.25, 22.91, 22.09, 9999.0, 9.57, 10.0, 21.66, 9999.0, 24.2, 9999.0, 117.73, 127.82, 120.25, 91.25, 138.5
2024-11-07, 14:08:10, 136.52, 58.25, 22.89, 22.09, 9999.0, 9.57, 10.0, 21.66, 9999.0, 24.18, 9999.0, 117.7, 127.82, 120.25, 91.25, 138.5
2024-11-07, 14:08:14, 136.52, 58.25, 22.86, 22.09, 9999.0, 9.57, 10.0, 21.68, 9999.0, 24.18, 9999.0, 117.68, 127.82, 120.25, 91.25, 138.5
2024-11-07, 14:08:18, 136.52, 58.25, 22.84, 22.07, 9999.0, 9.59, 10.0, 21.68, 9999.0, 24.18, 9999.0, 117.66, 127.82, 120.25, 91.25, 138.5
2024-11-07, 14:08:22, 136.52, 58.25, 22.82, 22.07, 9999.0, 9.64, 10.0, 21.7, 9999.0, 24.16, 9999.0, 117.64, 127.82, 120.25, 91.25, 138.5
2024-11-07, 14:08:26, 136.52, 58.25, 22.84, 22.05, 9999.0, 9.64, 10.0, 21.7, 9999.0, 24.11, 9999.0, 117.64, 127.8, 120.25, 91.25, 138.5
2024-11-07, 14:08:31, 136.52, 58.25, 22.84, 22.07, 9999.0, 9.66, 10.0, 21.73, 9999.0, 24.09, 9999.0, 117.64, 127.8, 120.25, 91.25, 138.5
2024-11-07, 14:08:35, 136.52, 58.27, 22.84, 22.07, 9999.0, 9.68, 10.0, 21.7, 9999.0, 24.07, 9999.0, 117.64, 127.8, 120.25, 91.25, 138.5
2024-11-07, 14:08:39, 136.52, 58.27, 22.84, 22.07, 9999.0, 9.7, 10.0, 21.7, 9999.0, 24.05, 9999.0, 117.66, 127.77, 120.25, 91.25, 138.5
2024-11-07, 14:08:43, 136.52, 58.27, 22.86, 22.09, 9999.0, 9.73, 10.0, 21.7, 9999.0, 24.02, 9999.0, 117.68, 127.77, 120.25, 91.25, 138.5
2024-11-07, 14:08:47, 136.52, 58.27, 22.89, 22.07, 9999.0, 9.75, 10.0, 21.68, 9999.0, 24.05, 9999.0, 117.68, 127.77, 120.25, 91.25, 138.5
2024-11-07, 14:08:51, 136.52, 58.27, 22.91, 22.05, 9999.0, 9.75, 10.0, 21.68, 9999.0, 24.07, 9999.0, 117.7, 127.75, 120.25, 91.25, 138.5
2024-11-07, 14:08:55, 136.52, 58.27, 22.93, 22.07, 9999.0, 9.73, 10.0, 21.68, 9999.0, 24.09, 9999.0, 117.73, 127.77, 120.25, 91.25, 138.5
2024-11-07, 14:08:59, 136.5, 58.27, 22.95, 22.07, 9999.0, 9.7, 10.0, 21.68, 9999.0, 24.11, 9999.0, 117.75, 127.77, 120.25, 91.25, 138.5
2024-11-07, 14:09:03, 136.5, 58.27, 22.98, 22.07, 9999.0, 9.68, 10.0, 21.68, 9999.0, 24.11, 9999.0, 117.77, 127.77, 120.25, 91.25, 138.5
2024-11-07, 14:09:07, 136.5, 58.27, 22.98, 22.07, 9999.0, 9.64, 10.0, 21.68, 9999.0, 24.14, 9999.0, 117.8, 127.77, 120.25, 91.25, 138.5
2024-11-07, 14:09:11, 136.5, 58.27, 22.98, 22.07, 9999.0, 9.61, 10.0, 21.68, 9999.0, 24.16, 9999.0, 117.8, 127.8, 120.25, 91.25, 138.5
2024-11-07, 14:09:15, 136.5, 58.3, 22.95, 22.05, 9999.0, 9.59, 10.0, 21.66, 9999.0, 24.18, 9999.0, 117.8, 127.8, 120.25, 91.25, 138.5
2024-11-07, 14:09:19, 136.5, 58.27, 22.93, 22.07, 9999.0, 9.57, 10.0, 21.68, 9999.0, 24.2, 9999.0, 117.8, 127.8, 120.25, 91.25, 138.5
2024-11-07, 14:09:23, 136.5, 58.27, 22.93, 22.07, 9999.0, 9.55, 10.0, 21.68, 9999.0, 24.23, 9999.0, 117.77, 127.8, 120.25, 91.25, 138.5
2024-11-07, 14:09:27, 136.5, 58.27, 22.93, 22.05, 9999.0, 9.52, 10.0, 21.7, 9999.0, 24.23, 9999.0, 117.75, 127.8, 120.25, 91.25, 138.5
2024-11-07, 14:09:31, 136.5, 58.27, 22.93, 22.05, 9999.0, 9.52, 10.0, 21.7, 9999.0, 24.23, 9999.0, 117.73, 127.8, 120.25, 91.25, 138.5
2024-11-07, 14:09:35, 136.5, 58.27, 22.93, 22.05, 9999.0, 9.55, 10.0, 21.68, 9999.0, 24.2, 9999.0, 117.7, 127.8, 120.25, 91.25, 138.5
2024-11-07, 14:09:39, 136.5, 58.27, 22.93, 22.02, 9999.0, 9.57, 10.0, 21.68, 9999.0, 24.18, 9999.0, 117.68, 127.77, 120.25, 91.25, 138.5
2024-11-07, 14:09:43, 136.5, 58.27, 22.93, 22.02, 9999.0, 9.61, 10.0, 21.68, 9999.0, 24.16, 9999.0, 117.66, 127.77, 120.25, 91.25, 138.5
2024-11-07, 14:09:47, 136.5, 58.27, 22.93, 22.02, 9999.0, 9.64, 10.0, 21.68, 9999.0, 24.14, 9999.0, 117.66, 127.77, 120.25, 91.25, 138.5
2024-11-07, 14:09:51, 136.5, 58.27, 22.95, 22.02, 9999.0, 9.66, 10.0, 21.68, 9999.0, 24.11, 9999.0, 117.66, 127.77, 120.25, 91.25, 138.5
2024-11-07, 14:09:55, 136.5, 58.27, 22.95, 22.02, 9999.0, 9.68, 10.0, 21.68, 9999.0, 24.09, 9999.0, 117.68, 127.75, 120.25, 91.25, 138.5
2024-11-07, 14:09:59, 136.5, 58.25, 22.98, 22.02, 9999.0, 9.7, 10.0, 21.7, 9999.0, 24.07, 9999.0, 117.7, 127.77, 120.25, 91.25, 138.5
2024-11-07, 14:10:03, 136.5, 58.25, 22.98, 22.0, 9999.0, 9.73, 10.0, 21.7, 9999.0, 24.05, 9999.0, 117.73, 127.77, 120.25, 91.25, 138.5
2024-11-07, 14:10:07, 136.52, 58.25, 22.98, 22.0, 9999.0, 9.73, 10.0, 21.7, 9999.0, 24.02, 9999.0, 117.73, 127.8, 120.25, 91.25, 138.5
2024-11-07, 14:10:11, 136.52, 58.25, 22.95, 22.02, 9999.0, 9.75, 10.0, 21.7, 9999.0, 24.02, 9999.0, 117.73, 127.8, 120.25, 91.25, 138.5
2024-11-07, 14:10:15, 136.52, 58.25, 22.95, 22.02, 9999.0, 9.73, 10.0, 21.73, 9999.0, 24.02, 9999.0, 117.75, 127.82, 120.25, 91.25, 138.5
2024-11-07, 14:10:19, 136.52, 58.25, 22.95, 22.02, 9999.0, 9.7, 10.0, 21.75, 9999.0, 24.05, 9999.0, 117.77, 127.82, 120.25, 91.25, 138.5
2024-11-07, 14:10:23, 136.52, 58.25, 22.95, 22.02, 9999.0, 9.68, 10.0, 21.73, 9999.0, 24.07, 9999.0, 117.8, 127.82, 120.25, 91.25, 138.5
2024-11-07, 14:10:41, 136.52, 58.25, 22.95, 22.02, 9999.0, 9.64, 10.0, 21.73, 9999.0, 24.09, 9999.0, 117.82, 127.82, 120.25, 91.25, 138.5
2024-11-07, 14:10:45, 136.55, 58.25, 22.95, 22.02, 9999.0, 9.61, 10.0, 21.73, 9999.0, 24.11, 9999.0, 117.82, 127.82, 120.25, 91.25, 138.5
2024-11-07, 14:10:49, 136.55, 58.25, 22.93, 22.02, 9999.0, 9.59, 10.0, 21.73, 9999.0, 24.11, 9999.0, 117.82, 127.84, 120.25, 91.23, 138.5
2024-11-07, 14:10:53, 136.55, 58.25, 22.91, 22.02, 9999.0, 9.57, 10.0, 21.73, 9999.0, 24.11, 9999.0, 117.77, 127.84, 120.25, 91.2, 138.5
2024-11-07, 14:10:57, 136.55, 58.25, 22.91, 22.02, 9999.0, 9.55, 10.0, 21.73, 9999.0, 24.11, 9999.0, 117.73, 127.82, 120.25, 91.2, 138.5
2024-11-07, 14:11:01, 136.55, 58.25, 22.93, 22.02, 9999.0, 9.52, 10.0, 21.73, 9999.0, 24.11, 9999.0, 117.68, 127.82, 120.25, 91.2, 138.5
2024-11-07, 14:11:05, 136.52, 58.25, 22.91, 22.02, 9999.0, 9.55, 10.0, 21.7, 9999.0, 24.11, 9999.0, 117.66, 127.8, 120.25, 91.2, 138.5
2024-11-07, 14:11:09, 136.52, 58.25, 22.91, 22.0, 9999.0, 9.55, 10.0, 21.68, 9999.0, 24.11, 9999.0, 117.64, 127.8, 120.25, 91.2, 138.5
2024-11-07, 14:11:13, 136.52, 58.25, 22.89, 22.0, 9999.0, 9.57, 10.0, 21.68, 9999.0, 24.07, 9999.0, 117.61, 127.77, 120.25, 91.2, 138.5
2024-11-07, 14:11:17, 136.52, 58.25, 22.89, 22.0, 9999.0, 9.59, 10.0, 21.66, 9999.0, 24.05, 9999.0, 117.59, 127.77, 120.25, 91.2, 138.5
2024-11-07, 14:11:21, 136.52, 58.25, 22.89, 22.0, 9999.0, 9.64, 10.0, 21.68, 9999.0, 24.0, 9999.0, 117.59, 127.77, 120.25, 91.2, 138.5
2024-11-07, 14:11:25, 136.52, 58.25, 22.89, 22.0, 9999.0, 9.66, 10.0, 21.68, 9999.0, 23.95, 9999.0, 117.59, 127.77, 120.25, 91.2, 138.5
2024-11-07, 14:11:29, 136.5, 58.25, 22.86, 22.0, 9999.0, 9.68, 10.0, 21.66, 9999.0, 23.91, 9999.0, 117.61, 127.77, 120.25, 91.2, 138.5
2024-11-07, 14:11:33, 136.5, 58.25, 22.89, 22.0, 9999.0, 9.7, 10.0, 21.66, 9999.0, 23.89, 9999.0, 117.64, 127.75, 120.25, 91.23, 138.5
2024-11-07, 14:11:37, 136.5, 58.25, 22.91, 22.0, 9999.0, 9.7, 10.0, 21.64, 9999.0, 23.86, 9999.0, 117.66, 127.75, 120.25, 91.25, 138.5
2024-11-07, 14:11:41, 136.5, 58.25, 22.89, 22.0, 9999.0, 9.73, 10.0, 21.64, 9999.0, 23.86, 9999.0, 117.68, 127.75, 120.25, 91.25, 138.5
2024-11-07, 14:11:45, 136.5, 58.25, 22.86, 22.0, 9999.0, 9.75, 10.0, 21.64, 9999.0, 23.86, 9999.0, 117.7, 127.75, 120.25, 91.25, 138.5
2024-11-07, 14:11:49, 136.5, 58.25, 22.86, 22.0, 9999.0, 9.73, 10.0, 21.64, 9999.0, 23.86, 9999.0, 117.73, 127.75, 120.25, 91.25, 138.5
2024-11-07, 14:11:54, 136.5, 58.25, 22.89, 22.0, 9999.0, 9.7, 10.0, 21.66, 9999.0, 23.89, 9999.0, 117.75, 127.75, 120.25, 91.25, 138.5
2024-11-07, 14:11:58, 136.5, 58.25, 22.91, 22.0, 9999.0, 9.68, 10.0, 21.66, 9999.0, 23.93, 9999.0, 117.77, 127.75, 120.25, 91.25, 138.5
2024-11-07, 14:12:02, 136.5, 58.25, 22.91, 22.0, 9999.0, 9.66, 10.0, 21.66, 9999.0, 23.95, 9999.0, 117.8, 127.75, 120.25, 91.25, 138.5
2024-11-07, 14:12:06, 136.5, 58.25, 22.89, 22.0, 9999.0, 9.61, 10.0, 21.66, 9999.0, 24.0, 9999.0, 117.8, 127.75, 120.25, 91.25, 138.5
2024-11-07, 14:12:10, 136.5, 58.25, 22.89, 22.0, 9999.0, 9.59, 10.0, 21.66, 9999.0, 24.05, 9999.0, 117.8, 127.75, 120.25, 91.25, 138.5
2024-11-07, 14:12:14, 136.5, 58.25, 22.91, 22.0, 9999.0, 9.57, 10.0, 21.68, 9999.0, 24.09, 9999.0, 117.75, 127.75, 120.25, 91.25, 138.5
2024-11-07, 14:12:18, 136.5, 58.25, 22.91, 22.0, 9999.0, 9.55, 10.0, 21.66, 9999.0, 24.11, 9999.0, 117.7, 127.77, 120.25, 91.23, 138.5
2024-11-07, 14:12:22, 136.5, 58.25, 22.91, 22.0, 9999.0, 9.55, 10.0, 21.68, 9999.0, 24.16, 9999.0, 117.68, 127.77, 120.25, 91.23, 138.5
2024-11-07, 14:12:26, 136.5, 58.25, 22.91, 22.0, 9999.0, 9.55, 10.0, 21.68, 9999.0, 24.16, 9999.0, 117.66, 127.77, 120.25, 91.23, 138.5
2024-11-07, 14:12:30, 136.5, 58.25, 22.93, 22.0, 9999.0, 9.55, 10.0, 21.66, 9999.0, 24.16, 9999.0, 117.64, 127.77, 120.25, 91.23, 138.5
2024-11-07, 14:12:34, 136.5, 58.25, 22.95, 22.0, 9999.0, 9.59, 10.0, 21.68, 9999.0, 24.16, 9999.0, 117.61, 127.77, 120.25, 91.23, 138.5
2024-11-07, 14:12:38, 136.5, 58.25, 22.95, 22.0, 9999.0, 9.61, 10.0, 21.68, 9999.0, 24.14, 9999.0, 117.61, 127.77, 120.25, 91.23, 138.5
2024-11-07, 14:12:42, 136.5, 58.25, 22.95, 22.0, 9999.0, 9.64, 10.0, 21.68, 9999.0, 24.11, 9999.0, 117.61, 127.77, 120.25, 91.23, 138.5
2024-11-07, 14:12:46, 136.5, 58.25, 22.95, 22.0, 9999.0, 9.66, 10.0, 21.7, 9999.0, 24.09, 9999.0, 117.61, 127.77, 120.25, 91.23, 138.5
2024-11-07, 14:12:50, 136.5, 58.25, 22.98, 22.0, 9999.0, 9.68, 10.0, 21.7, 9999.0, 24.07, 9999.0, 117.64, 127.8, 120.25, 91.23, 138.5
2024-11-07, 14:12:54, 136.5, 58.25, 22.98, 22.0, 9999.0, 9.7, 10.0, 21.7, 9999.0, 24.05, 9999.0, 117.64, 127.8, 120.25, 91.23, 138.5
2024-11-07, 14:12:58, 136.5, 58.25, 22.98, 22.0, 9999.0, 9.73, 10.0, 21.68, 9999.0, 24.02, 9999.0, 117.66, 127.8, 120.25, 91.2, 138.5
2024-11-07, 14:13:02, 136.5, 58.25, 22.98, 22.0, 9999.0, 9.75, 10.0, 21.7, 9999.0, 24.02, 9999.0, 117.68, 127.77, 120.25, 91.23, 138.5
2024-11-07, 14:13:06, 136.5, 58.25, 22.98, 22.0, 9999.0, 9.75, 10.0, 21.7, 9999.0, 24.0, 9999.0, 117.7, 127.77, 120.25, 91.23, 138.5
2024-11-07, 14:13:10, 136.5, 58.25, 23.0, 22.0, 9999.0, 9.73, 10.0, 21.68, 9999.0, 24.02, 9999.0, 117.73, 127.8, 120.25, 91.23, 138.5
2024-11-07, 14:13:14, 136.5, 58.25, 23.0, 22.0, 9999.0, 9.7, 10.0, 21.68, 9999.0, 24.05, 9999.0, 117.75, 127.82, 120.25, 91.23, 138.5
2024-11-07, 14:13:18, 136.5, 58.25, 23.0, 22.0, 9999.0, 9.66, 10.0, 21.68, 9999.0, 24.07, 9999.0, 117.77, 127.82, 120.25, 91.23, 138.5
2024-11-07, 14:13:22, 136.5, 58.25, 23.0, 22.0, 9999.0, 9.64, 10.0, 21.68, 9999.0, 24.09, 9999.0, 117.77, 127.82, 120.25, 91.23, 138.5
2024-11-07, 14:13:26, 136.5, 58.25, 23.0, 22.0, 9999.0, 9.61, 10.0, 21.66, 9999.0, 24.11, 9999.0, 117.77, 127.82, 120.25, 91.23, 138.5
2024-11-07, 14:13:30, 136.5, 58.25, 23.0, 22.0, 9999.0, 9.59, 10.0, 21.66, 9999.0, 24.14, 9999.0, 117.77, 127.82, 120.25, 91.23, 138.5
2024-11-07, 14:13:34, 136.5, 58.25, 23.0, 22.0, 9999.0, 9.57, 9.98, 21.66, 9999.0, 24.14, 9999.0, 117.75, 127.8, 120.25, 91.23, 138.5
2024-11-07, 14:13:38, 136.5, 58.25, 23.0, 22.0, 9999.0, 9.55, 9.98, 21.66, 9999.0, 24.14, 9999.0, 117.75, 127.8, 120.25, 91.23, 138.5
2024-11-07, 14:13:42, 136.5, 58.25, 23.0, 22.0, 9999.0, 9.55, 9.98, 21.68, 9999.0, 24.14, 9999.0, 117.73, 127.8, 120.25, 91.25, 138.5
2024-11-07, 14:13:46, 136.5, 58.25, 23.0, 22.0, 9999.0, 9.55, 9.98, 21.68, 9999.0, 24.11, 9999.0, 117.7, 127.8, 120.25, 91.25, 138.5
2024-11-07, 14:13:50, 136.5, 58.25, 23.0, 22.0, 9999.0, 9.57, 9.98, 21.68, 9999.0, 24.09, 9999.0, 117.68, 127.8, 120.25, 91.25, 138.5
2024-11-07, 14:13:54, 136.5, 58.25, 23.0, 22.0, 9999.0, 9.61, 9.98, 21.7, 9999.0, 24.05, 9999.0, 117.66, 127.77, 120.25, 91.25, 138.5
2024-11-07, 14:13:58, 136.5, 58.25, 23.0, 22.0, 9999.0, 9.64, 9.98, 21.73, 9999.0, 24.02, 9999.0, 117.66, 127.75, 120.25, 91.25, 138.5
2024-11-07, 14:14:02, 136.5, 58.25, 23.0, 22.0, 9999.0, 9.66, 9.98, 21.73, 9999.0, 24.0, 9999.0, 117.66, 127.75, 120.25, 91.25, 138.5
2024-11-07, 14:14:06, 136.5, 58.25, 22.98, 22.0, 9999.0, 9.68, 9.98, 21.73, 9999.0, 23.95, 9999.0, 117.66, 127.75, 120.25, 91.25, 138.5
2024-11-07, 14:14:10, 136.5, 58.25, 22.95, 22.0, 9999.0, 9.7, 9.98, 21.75, 9999.0, 23.91, 9999.0, 117.68, 127.75, 120.25, 91.25, 138.5
2024-11-07, 14:14:14, 136.5, 58.25, 22.95, 22.0, 9999.0, 9.73, 9.98, 21.75, 9999.0, 23.86, 9999.0, 117.7, 127.75, 120.25, 91.25, 138.5
2024-11-07, 14:14:18, 136.5, 58.25, 22.93, 22.0, 9999.0, 9.75, 10.0, 21.75, 9999.0, 23.86, 9999.0, 117.73, 127.75, 120.25, 91.25, 138.5
2024-11-07, 14:14:22, 136.5, 58.25, 22.93, 22.0, 9999.0, 9.77, 10.0, 21.75, 9999.0, 23.86, 9999.0, 117.73, 127.77, 120.25, 91.25, 138.5
2024-11-07, 14:14:26, 136.5, 58.25, 22.93, 22.0, 9999.0, 9.75, 10.0, 21.75, 9999.0, 23.86, 9999.0, 117.75, 127.8, 120.25, 91.25, 138.5
2024-11-07, 14:14:30, 136.5, 58.25, 22.93, 22.0, 9999.0, 9.73, 10.0, 21.75, 9999.0, 23.91, 9999.0, 117.77, 127.82, 120.25, 91.25, 138.5
2024-11-07, 14:14:34, 136.5, 58.25, 22.91, 22.0, 9999.0, 9.7, 10.0, 21.75, 9999.0, 23.95, 9999.0, 117.8, 127.84, 120.25, 91.25, 138.5
2024-11-07, 14:14:38, 136.5, 58.25, 22.91, 22.0, 9999.0, 9.66, 10.0, 21.75, 9999.0, 23.98, 9999.0, 117.82, 127.86, 120.25, 91.25, 138.5
2024-11-07, 14:14:42, 136.5, 58.25, 22.91, 22.0, 9999.0, 9.64, 10.0, 21.75, 9999.0, 23.98, 9999.0, 117.82, 127.86, 120.25, 91.25, 138.5
2024-11-07, 14:14:46, 136.5, 58.25, 22.91, 22.0, 9999.0, 9.61, 10.0, 21.75, 9999.0, 24.0, 9999.0, 117.82, 127.86, 120.25, 91.25, 138.5
2024-11-07, 14:14:50, 136.5, 58.25, 22.93, 22.0, 9999.0, 9.59, 10.0, 21.75, 9999.0, 24.02, 9999.0, 117.82, 127.86, 120.25, 91.25, 138.5
2024-11-07, 14:14:54, 136.5, 58.25, 22.95, 22.0, 9999.0, 9.57, 10.0, 21.75, 9999.0, 24.05, 9999.0, 117.8, 127.86, 120.25, 91.25, 138.5
2024-11-07, 14:14:58, 136.5, 58.25, 22.95, 22.0, 9999.0, 9.55, 10.0, 21.75, 9999.0, 24.07, 9999.0, 117.75, 127.86, 120.25, 91.25, 138.5
2024-11-07, 14:15:02, 136.5, 58.25, 22.98, 22.0, 9999.0, 9.52, 10.0, 21.75, 9999.0, 24.05, 9999.0, 117.7, 127.89, 120.25, 91.25, 138.5
2024-11-07, 14:15:06, 136.5, 58.25, 22.98, 22.0, 9999.0, 9.52, 10.0, 21.75, 9999.0, 24.02, 9999.0, 117.68, 127.86, 120.25, 91.25, 138.5
2024-11-07, 14:15:10, 136.5, 58.25, 22.98, 22.0, 9999.0, 9.55, 10.0, 21.75, 9999.0, 24.0, 9999.0, 117.66, 127.86, 120.25, 91.25, 138.5
2024-11-07, 14:15:14, 136.5, 58.25, 22.98, 22.0, 9999.0, 9.57, 10.0, 21.75, 9999.0, 23.95, 9999.0, 117.64, 127.84, 120.25, 91.23, 138.5
2024-11-07, 14:15:18, 136.5, 58.25, 22.98, 22.0, 9999.0, 9.59, 10.0, 21.75, 9999.0, 23.91, 9999.0, 117.64, 127.82, 120.25, 91.23, 138.5
2024-11-07, 14:15:22, 136.5, 58.25, 22.98, 22.0, 9999.0, 9.61, 10.0, 21.75, 9999.0, 23.89, 9999.0, 117.64, 127.8, 120.25, 91.23, 138.5
2024-11-07, 14:15:27, 136.5, 58.25, 22.98, 22.0, 9999.0, 9.64, 10.0, 21.75, 9999.0, 23.86, 9999.0, 117.66, 127.8, 120.25, 91.23, 138.5
2024-11-07, 14:15:31, 136.5, 58.25, 22.98, 22.0, 9999.0, 9.66, 10.0, 21.75, 9999.0, 23.82, 9999.0, 117.68, 127.8, 120.25, 91.23, 138.5
2024-11-07, 14:15:35, 136.5, 58.25, 22.98, 22.0, 9999.0, 9.68, 10.0, 21.75, 9999.0, 23.8, 9999.0, 117.7, 127.82, 120.25, 91.23, 138.5
2024-11-07, 14:15:39, 136.5, 58.25, 22.98, 22.0, 9999.0, 9.7, 10.0, 21.75, 9999.0, 23.8, 9999.0, 117.73, 127.82, 120.25, 91.23, 138.5
2024-11-07, 14:15:43, 136.5, 58.25, 22.98, 22.0, 9999.0, 9.7, 10.0, 21.75, 9999.0, 23.77, 9999.0, 117.75, 127.82, 120.25, 91.23, 138.5
2024-11-07, 14:15:47, 136.5, 58.25, 22.98, 22.0, 9999.0, 9.7, 10.0, 21.75, 9999.0, 23.8, 9999.0, 117.77, 127.8, 120.25, 91.23, 138.5
2024-11-07, 14:15:51, 136.5, 58.25, 22.98, 22.0, 9999.0, 9.68, 10.0, 21.75, 9999.0, 23.82, 9999.0, 117.8, 127.8, 120.25, 91.23, 138.5
2024-11-07, 14:15:55, 136.5, 58.25, 22.98, 22.0, 9999.0, 9.68, 10.0, 21.75, 9999.0, 23.84, 9999.0, 117.82, 127.8, 120.25, 91.23, 138.5
2024-11-07, 14:15:59, 136.5, 58.25, 22.98, 22.0, 9999.0, 9.66, 10.0, 21.75, 9999.0, 23.86, 9999.0, 117.84, 127.82, 120.25, 91.25, 138.5
2024-11-07, 14:16:03, 136.5, 58.25, 23.0, 22.0, 9999.0, 9.64, 10.0, 21.75, 9999.0, 23.86, 9999.0, 117.84, 127.84, 120.25, 91.25, 138.5
2024-11-07, 14:16:07, 136.5, 58.25, 23.0, 22.0, 9999.0, 9.61, 10.0, 21.75, 9999.0, 23.86, 9999.0, 117.84, 127.84, 120.25, 91.25, 138.5
2024-11-07, 14:16:11, 136.5, 58.25, 23.0, 22.0, 9999.0, 9.59, 10.0, 21.75, 9999.0, 23.89, 9999.0, 117.82, 127.84, 120.25, 91.25, 138.5
2024-11-07, 14:16:15, 136.5, 58.25, 22.98, 22.0, 9999.0, 9.57, 10.0, 21.75, 9999.0, 23.89, 9999.0, 117.8, 127.84, 120.25, 91.25, 138.5
2024-11-07, 14:16:19, 136.5, 58.25, 22.98, 22.0, 9999.0, 9.57, 10.0, 21.75, 9999.0, 23.89, 9999.0, 117.77, 127.82, 120.25, 91.25, 138.5
2024-11-07, 14:16:23, 136.5, 58.25, 22.98, 22.0, 9999.0, 9.57, 10.0, 21.75, 9999.0, 23.86, 9999.0, 117.73, 127.82, 120.25, 91.25, 138.5
2024-11-07, 14:16:27, 136.5, 58.25, 22.98, 22.0, 9999.0, 9.59, 10.0, 21.73, 9999.0, 23.86, 9999.0, 117.7, 127.82, 120.25, 91.25, 138.5
2024-11-07, 14:16:31, 136.5, 58.25, 22.98, 22.0, 9999.0, 9.61, 10.0, 21.73, 9999.0, 23.84, 9999.0, 117.68, 127.82, 120.25, 91.25, 138.5
2024-11-07, 14:16:35, 136.5, 58.25, 22.98, 22.0, 9999.0, 9.64, 10.0, 21.73, 9999.0, 23.82, 9999.0, 117.68, 127.82, 120.25, 91.25, 138.5
2024-11-07, 14:16:39, 136.5, 58.25, 22.95, 22.0, 9999.0, 9.64, 10.0, 21.73, 9999.0, 23.82, 9999.0, 117.68, 127.8, 120.25, 91.25, 138.5
2024-11-07, 14:16:43, 136.5, 58.25, 22.95, 22.0, 9999.0, 9.66, 10.0, 21.7, 9999.0, 23.8, 9999.0, 117.68, 127.8, 120.25, 91.25, 138.5
2024-11-07, 14:16:47, 136.5, 58.25, 22.95, 22.0, 9999.0, 9.68, 10.0, 21.7, 9999.0, 23.8, 9999.0, 117.7, 127.8, 120.25, 91.25, 138.5
2024-11-07, 14:16:51, 136.5, 58.25, 22.95, 22.02, 9999.0, 9.7, 10.0, 21.7, 9999.0, 23.77, 9999.0, 117.73, 127.8, 120.25, 91.25, 138.5
2024-11-07, 14:16:55, 136.5, 58.25, 22.95, 22.02, 9999.0, 9.73, 10.0, 21.7, 9999.0, 23.73, 9999.0, 117.73, 127.82, 120.25, 91.25, 138.5
2024-11-07, 14:16:59, 136.5, 58.25, 22.98, 22.02, 9999.0, 9.75, 10.0, 21.7, 9999.0, 23.7, 9999.0, 117.73, 127.84, 120.25, 91.25, 138.5
2024-11-07, 14:17:03, 136.5, 58.25, 22.98, 22.02, 9999.0, 9.75, 10.0, 21.68, 9999.0, 23.68, 9999.0, 117.73, 127.86, 120.25, 91.25, 138.5
2024-11-07, 14:17:07, 136.5, 58.25, 22.98, 22.02, 9999.0, 9.73, 10.0, 21.68, 9999.0, 23.68, 9999.0, 117.75, 127.89, 120.25, 91.25, 138.5
2024-11-07, 14:17:11, 136.5, 58.25, 22.98, 22.02, 9999.0, 9.7, 10.0, 21.7, 9999.0, 23.7, 9999.0, 117.77, 127.89, 120.25, 91.25, 138.5
2024-11-07, 14:17:15, 136.5, 58.25, 22.98, 22.02, 9999.0, 9.68, 10.0, 21.7, 9999.0, 23.7, 9999.0, 117.8, 127.91, 120.25, 91.25, 138.5
2024-11-07, 14:17:19, 136.5, 58.25, 22.98, 22.02, 9999.0, 9.66, 10.0, 21.7, 9999.0, 23.7, 9999.0, 117.8, 127.93, 120.25, 91.25, 138.5
2024-11-07, 14:17:23, 136.5, 58.25, 23.0, 22.02, 9999.0, 9.64, 10.0, 21.7, 9999.0, 23.7, 9999.0, 117.8, 127.95, 120.25, 91.25, 138.5
2024-11-07, 14:17:27, 136.5, 58.25, 23.0, 22.02, 9999.0, 9.61, 10.0, 21.73, 9999.0, 23.73, 9999.0, 117.8, 127.95, 120.25, 91.25, 138.5
2024-11-07, 14:17:31, 136.5, 58.25, 23.0, 22.02, 9999.0, 9.59, 10.0, 21.73, 9999.0, 23.73, 9999.0, 117.77, 127.95, 120.25, 91.25, 138.5
2024-11-07, 14:17:35, 136.5, 58.25, 23.0, 22.0, 9999.0, 9.57, 10.0, 21.73, 9999.0, 23.75, 9999.0, 117.75, 127.95, 120.25, 91.25, 138.5
2024-11-07, 14:17:39, 136.5, 58.25, 23.0, 22.0, 9999.0, 9.57, 10.0, 21.73, 9999.0, 23.77, 9999.0, 117.73, 127.93, 120.25, 91.25, 138.5
2024-11-07, 14:17:43, 136.5, 58.25, 23.0, 22.0, 9999.0, 9.57, 10.0, 21.73, 9999.0, 23.8, 9999.0, 117.7, 127.91, 120.25, 91.25, 138.5
2024-11-07, 14:17:47, 136.5, 58.25, 23.0, 22.0, 9999.0, 9.57, 10.0, 21.75, 9999.0, 23.8, 9999.0, 117.68, 127.89, 120.25, 91.25, 138.5
2024-11-07, 14:17:51, 136.5, 58.25, 23.0, 22.0, 9999.0, 9.61, 10.0, 21.75, 9999.0, 23.8, 9999.0, 117.66, 127.89, 120.25, 91.25, 138.5
2024-11-07, 14:17:55, 136.5, 58.25, 23.0, 22.02, 9999.0, 9.66, 10.0, 21.75, 9999.0, 23.75, 9999.0, 117.66, 127.89, 120.25, 91.25, 138.5
2024-11-07, 14:17:59, 136.5, 58.25, 23.0, 22.05, 9999.0, 9.68, 10.0, 21.75, 9999.0, 23.73, 9999.0, 117.66, 127.86, 120.25, 91.25, 138.5
2024-11-07, 14:18:03, 136.5, 58.25, 23.0, 22.07, 9999.0, 9.7, 10.0, 21.75, 9999.0, 23.7, 9999.0, 117.66, 127.84, 120.25, 91.25, 138.5
2024-11-07, 14:18:07, 136.5, 58.25, 23.0, 22.07, 9999.0, 9.73, 10.0, 21.75, 9999.0, 23.66, 9999.0, 117.68, 127.84, 120.25, 91.25, 138.5
2024-11-07, 14:18:11, 136.5, 58.25, 23.0, 22.07, 9999.0, 9.75, 10.0, 21.75, 9999.0, 23.61, 9999.0, 117.7, 127.84, 120.25, 91.25, 138.5
2024-11-07, 14:18:15, 136.5, 58.25, 23.0, 22.07, 9999.0, 9.77, 10.0, 21.73, 9999.0, 23.61, 9999.0, 117.73, 127.84, 120.25, 91.25, 138.5
2024-11-07, 14:18:19, 136.5, 58.25, 23.0, 22.07, 9999.0, 9.8, 10.0, 21.73, 9999.0, 23.61, 9999.0, 117.75, 127.86, 120.25, 91.25, 138.5
2024-11-07, 14:18:23, 136.5, 58.25, 23.0, 22.07, 9999.0, 9.8, 10.0, 21.73, 9999.0, 23.61, 9999.0, 117.77, 127.89, 120.25, 91.25, 138.5
2024-11-07, 14:18:27, 136.5, 58.25, 23.0, 22.07, 9999.0, 9.8, 10.0, 21.73, 9999.0, 23.64, 9999.0, 117.8, 127.91, 120.25, 91.25, 138.52
2024-11-07, 14:18:31, 136.5, 58.25, 23.0, 22.09, 9999.0, 9.8, 10.0, 21.73, 9999.0, 23.66, 9999.0, 117.82, 127.93, 120.25, 91.25, 138.55
2024-11-07, 14:18:35, 136.5, 58.25, 23.0, 22.11, 9999.0, 9.75, 10.0, 21.73, 9999.0, 23.68, 9999.0, 117.84, 127.93, 120.25, 91.25, 138.57
2024-11-07, 14:18:39, 136.5, 58.25, 23.0, 22.09, 9999.0, 9.7, 10.0, 21.73, 9999.0, 23.7, 9999.0, 117.84, 127.95, 120.25, 91.25, 138.59
2024-11-07, 14:18:43, 136.5, 58.25, 23.0, 22.09, 9999.0, 9.68, 10.0, 21.73, 9999.0, 23.73, 9999.0, 117.84, 127.98, 120.25, 91.25, 138.59
2024-11-07, 14:18:47, 136.5, 58.25, 23.0, 22.09, 9999.0, 9.66, 10.0, 21.73, 9999.0, 23.75, 9999.0, 117.82, 128.0, 120.25, 91.25, 138.59
2024-11-07, 14:18:52, 136.5, 58.25, 23.0, 22.11, 9999.0, 9.64, 10.0, 21.73, 9999.0, 23.77, 9999.0, 117.8, 128.0, 120.25, 91.25, 138.61
2024-11-07, 14:18:56, 136.5, 58.25, 23.0, 22.14, 9999.0, 9.61, 10.0, 21.7, 9999.0, 23.8, 9999.0, 117.75, 128.0, 120.25, 91.25, 138.64
2024-11-07, 14:19:00, 136.5, 58.25, 23.0, 22.16, 9999.0, 9.61, 10.0, 21.73, 9999.0, 23.8, 9999.0, 117.73, 128.0, 120.25, 91.25, 138.66
2024-11-07, 14:19:04, 136.5, 58.25, 23.0, 22.16, 9999.0, 9.61, 10.0, 21.73, 9999.0, 23.8, 9999.0, 117.68, 127.98, 120.25, 91.25, 138.66
2024-11-07, 14:19:08, 136.5, 58.25, 23.0, 22.18, 9999.0, 9.64, 10.0, 21.7, 9999.0, 23.77, 9999.0, 117.66, 127.95, 120.25, 91.25, 138.66
2024-11-07, 14:19:12, 136.5, 58.25, 22.98, 22.2, 9999.0, 9.66, 10.0, 21.7, 9999.0, 23.75, 9999.0, 117.66, 127.93, 120.25, 91.25, 138.64
2024-11-07, 14:19:16, 136.5, 58.25, 22.98, 22.2, 9999.0, 9.66, 10.0, 21.7, 9999.0, 23.75, 9999.0, 117.66, 127.93, 120.25, 91.25, 138.64
2024-11-07, 14:19:20, 136.5, 58.25, 22.98, 22.2, 9999.0, 9.68, 10.0, 21.68, 9999.0, 23.73, 9999.0, 117.66, 127.91, 120.25, 91.25, 138.61
2024-11-07, 14:19:24, 136.5, 58.25, 22.98, 22.23, 9999.0, 9.7, 10.0, 21.68, 9999.0, 23.7, 9999.0, 117.68, 127.91, 120.25, 91.25, 138.59
2024-11-07, 14:19:28, 136.5, 58.25, 22.98, 22.23, 9999.0, 9.73, 10.0, 21.66, 9999.0, 23.68, 9999.0, 117.7, 127.91, 120.25, 91.25, 138.59
2024-11-07, 14:19:32, 136.5, 58.25, 22.98, 22.2, 9999.0, 9.75, 10.0, 21.66, 9999.0, 23.66, 9999.0, 117.75, 127.91, 120.25, 91.25, 138.59
2024-11-07, 14:19:36, 136.5, 58.25, 22.98, 22.2, 9999.0, 9.77, 10.0, 21.66, 9999.0, 23.66, 9999.0, 117.77, 127.89, 120.25, 91.25, 138.59
2024-11-07, 14:19:40, 136.5, 58.25, 22.98, 22.2, 9999.0, 9.8, 10.0, 21.68, 9999.0, 23.66, 9999.0, 117.82, 127.86, 120.25, 91.25, 138.59
2024-11-07, 14:19:44, 136.5, 58.25, 22.98, 22.18, 9999.0, 9.8, 10.0, 21.68, 9999.0, 23.66, 9999.0, 117.84, 127.86, 120.25, 91.25, 138.57
2024-11-07, 14:19:48, 136.5, 58.25, 22.98, 22.18, 9999.0, 9.8, 10.0, 21.68, 9999.0, 23.68, 9999.0, 117.86, 127.89, 120.25, 91.25, 138.57
2024-11-07, 14:19:52, 136.5, 58.25, 22.98, 22.18, 9999.0, 9.75, 10.0, 21.7, 9999.0, 23.73, 9999.0, 117.89, 127.91, 120.25, 91.25, 138.59
2024-11-07, 14:19:56, 136.5, 58.25, 23.0, 22.16, 9999.0, 9.73, 10.0, 21.7, 9999.0, 23.75, 9999.0, 117.89, 127.93, 120.25, 91.25, 138.59
2024-11-07, 14:20:00, 136.5, 58.25, 23.0, 22.14, 9999.0, 9.7, 10.0, 21.7, 9999.0, 23.77, 9999.0, 117.89, 127.91, 120.25, 91.25, 138.57
2024-11-07, 14:20:04, 136.5, 58.25, 23.0, 22.11, 9999.0, 9.68, 10.0, 21.73, 9999.0, 23.8, 9999.0, 117.89, 127.91, 120.25, 91.25, 138.59
2024-11-07, 14:20:08, 136.5, 58.25, 23.0, 22.09, 9999.0, 9.66, 10.0, 21.73, 9999.0, 23.82, 9999.0, 117.86, 127.89, 120.25, 91.25, 138.59
2024-11-07, 14:20:12, 136.5, 58.25, 23.0, 22.09, 9999.0, 9.64, 10.0, 21.75, 9999.0, 23.84, 9999.0, 117.82, 127.89, 120.25, 91.25, 138.59
2024-11-07, 14:20:16, 136.5, 58.25, 23.0, 22.11, 9999.0, 9.64, 10.0, 21.75, 9999.0, 23.86, 9999.0, 117.77, 127.86, 120.25, 91.25, 138.59
2024-11-07, 14:20:20, 136.5, 58.25, 23.0, 22.11, 9999.0, 9.64, 10.0, 21.75, 9999.0, 23.86, 9999.0, 117.73, 127.86, 120.25, 91.25, 138.57
2024-11-07, 14:20:24, 136.5, 58.25, 23.0, 22.11, 9999.0, 9.64, 10.0, 21.75, 9999.0, 23.86, 9999.0, 117.68, 127.89, 120.25, 91.25, 138.55
2024-11-07, 14:20:28, 136.5, 58.25, 23.0, 22.14, 9999.0, 9.64, 10.0, 21.75, 9999.0, 23.86, 9999.0, 117.66, 127.86, 120.25, 91.25, 138.57
2024-11-07, 14:20:58, 136.5, 58.25, 23.0, 22.16, 9999.0, 9.64, 10.0, 21.75, 9999.0, 23.84, 9999.0, 117.68, 127.84, 120.25, 91.25, 138.57
2024-11-07, 14:21:02, 136.5, 58.25, 23.0, 22.14, 9999.0, 9.66, 10.0, 21.75, 9999.0, 23.82, 9999.0, 117.68, 127.84, 120.25, 91.25, 138.55
2024-11-07, 14:21:06, 136.5, 58.25, 23.0, 22.16, 9999.0, 9.66, 10.0, 21.75, 9999.0, 23.8, 9999.0, 117.68, 127.84, 120.25, 91.25, 138.55
2024-11-07, 14:21:10, 136.5, 58.25, 23.0, 22.16, 9999.0, 9.68, 10.0, 21.75, 9999.0, 23.77, 9999.0, 117.7, 127.86, 120.25, 91.25, 138.57
2024-11-07, 14:21:14, 136.5, 58.25, 23.0, 22.18, 9999.0, 9.7, 10.0, 21.75, 9999.0, 23.73, 9999.0, 117.73, 127.86, 120.25, 91.25, 138.57
2024-11-07, 14:21:18, 136.5, 58.25, 23.0, 22.2, 9999.0, 9.73, 10.0, 21.75, 9999.0, 23.73, 9999.0, 117.75, 127.89, 120.25, 91.25, 138.57
2024-11-07, 14:21:22, 136.5, 58.25, 23.0, 22.2, 9999.0, 9.75, 10.0, 21.75, 9999.0, 23.73, 9999.0, 117.8, 127.86, 120.25, 91.25, 138.57
2024-11-07, 14:21:26, 136.5, 58.25, 23.0, 22.2, 9999.0, 9.75, 10.0, 21.75, 9999.0, 23.73, 9999.0, 117.84, 127.86, 120.25, 91.25, 138.59
2024-11-07, 14:21:30, 136.5, 58.25, 23.0, 22.2, 9999.0, 9.75, 10.0, 21.75, 9999.0, 23.75, 9999.0, 117.86, 127.89, 120.25, 91.25, 138.59
2024-11-07, 14:21:34, 136.5, 58.25, 23.0, 22.2, 9999.0, 9.75, 10.0, 21.75, 9999.0, 23.77, 9999.0, 117.89, 127.89, 120.25, 91.25, 138.61
2024-11-07, 14:21:38, 136.5, 58.25, 23.0, 22.2, 9999.0, 9.73, 10.0, 21.75, 9999.0, 23.8, 9999.0, 117.89, 127.91, 120.25, 91.25, 138.59
2024-11-07, 14:21:42, 136.5, 58.25, 23.0, 22.2, 9999.0, 9.7, 10.0, 21.75, 9999.0, 23.82, 9999.0, 117.86, 127.91, 120.25, 91.25, 138.61
2024-11-07, 14:21:48, 136.5, 58.25, 23.0, 22.23, 9999.0, 9.68, 10.0, 21.73, 9999.0, 23.84, 9999.0, 117.86, 127.91, 120.25, 91.25, 138.64
2024-11-07, 14:21:52, 136.5, 58.25, 23.0, 22.2, 9999.0, 9.68, 10.0, 21.7, 9999.0, 23.84, 9999.0, 117.86, 127.91, 120.25, 91.25, 138.66
2024-11-07, 14:21:56, 136.5, 58.25, 23.0, 22.23, 9999.0, 9.66, 10.0, 21.7, 9999.0, 23.84, 9999.0, 117.84, 127.91, 120.25, 91.25, 138.64
2024-11-07, 14:22:00, 136.5, 58.27, 23.0, 22.23, 9999.0, 9.64, 10.0, 21.7, 9999.0, 23.86, 9999.0, 117.8, 127.91, 120.25, 91.25, 138.64
2024-11-07, 14:22:04, 136.5, 58.27, 23.0, 22.23, 9999.0, 9.64, 10.0, 21.7, 9999.0, 23.86, 9999.0, 117.77, 127.91, 120.25, 91.25, 138.66
2024-11-07, 14:22:08, 136.5, 58.27, 23.0, 22.23, 9999.0, 9.64, 10.0, 21.7, 9999.0, 23.86, 9999.0, 117.75, 127.91, 120.25, 91.25, 138.66
2024-11-07, 14:22:12, 136.5, 58.27, 23.0, 22.2, 9999.0, 9.64, 10.0, 21.7, 9999.0, 23.84, 9999.0, 117.73, 127.91, 120.25, 91.25, 138.64
2024-11-07, 14:22:16, 136.5, 58.3, 23.0, 22.2, 9999.0, 9.66, 10.0, 21.7, 9999.0, 23.82, 9999.0, 117.7, 127.89, 120.25, 91.25, 138.64
2024-11-07, 14:22:20, 136.5, 58.3, 23.0, 22.2, 9999.0, 9.66, 10.0, 21.7, 9999.0, 23.8, 9999.0, 117.7, 127.86, 120.25, 91.25, 138.61
2024-11-07, 14:22:24, 136.5, 58.3, 23.0, 22.18, 9999.0, 9.7, 10.0, 21.7, 9999.0, 23.77, 9999.0, 117.7, 127.84, 120.25, 91.25, 138.61
2024-11-07, 14:22:29, 136.5, 58.3, 23.0, 22.18, 9999.0, 9.73, 10.0, 21.7, 9999.0, 23.75, 9999.0, 117.73, 127.86, 120.25, 91.25, 138.59
2024-11-07, 14:22:38, 136.5, 58.3, 23.0, 22.16, 9999.0, 9.75, 10.0, 21.73, 9999.0, 23.73, 9999.0, 117.75, 127.86, 120.25, 91.25, 138.57
2024-11-07, 14:22:42, 136.5, 58.3, 23.0, 22.18, 9999.0, 9.75, 10.0, 21.75, 9999.0, 23.73, 9999.0, 117.77, 127.84, 120.25, 91.25, 138.55
2024-11-07, 14:22:46, 136.5, 58.3, 23.0, 22.16, 9999.0, 9.77, 10.0, 21.75, 9999.0, 23.73, 9999.0, 117.8, 127.82, 120.25, 91.25, 138.57
2024-11-07, 14:22:50, 136.5, 58.27, 23.0, 22.16, 9999.0, 9.8, 10.0, 21.75, 9999.0, 23.73, 9999.0, 117.82, 127.82, 120.25, 91.25, 138.55
2024-11-07, 14:22:54, 136.5, 58.27, 23.0, 22.14, 9999.0, 9.8, 10.0, 21.75, 9999.0, 23.75, 9999.0, 117.84, 127.82, 120.25, 91.25, 138.55
2024-11-07, 14:22:58, 136.5, 58.27, 23.0, 22.14, 9999.0, 9.8, 10.0, 21.75, 9999.0, 23.77, 9999.0, 117.84, 127.84, 120.25, 91.25, 138.57
2024-11-07, 14:23:02, 136.5, 58.27, 23.0, 22.14, 9999.0, 9.8, 10.0, 21.75, 9999.0, 23.82, 9999.0, 117.84, 127.86, 120.25, 91.25, 138.57
2024-11-07, 14:23:06, 136.5, 58.25, 23.0, 22.11, 9999.0, 9.75, 10.0, 21.75, 9999.0, 23.84, 9999.0, 117.86, 127.89, 120.25, 91.25, 138.57
2024-11-07, 14:23:10, 136.5, 58.25, 23.0, 22.09, 9999.0, 9.73, 10.0, 21.75, 9999.0, 23.86, 9999.0, 117.86, 127.89, 120.25, 91.25, 138.57
2024-11-07, 14:23:14, 136.5, 58.25, 23.0, 22.11, 9999.0, 9.68, 10.0, 21.75, 9999.0, 23.89, 9999.0, 117.86, 127.89, 120.25, 91.25, 138.57
2024-11-07, 14:23:18, 136.5, 58.25, 23.0, 22.11, 9999.0, 9.66, 10.0, 21.75, 9999.0, 23.91, 9999.0, 117.84, 127.86, 120.25, 91.25, 138.57
2024-11-07, 14:23:22, 136.5, 58.25, 23.0, 22.14, 9999.0, 9.64, 10.0, 21.75, 9999.0, 23.93, 9999.0, 117.82, 127.84, 120.25, 91.25, 138.57
2024-11-07, 14:23:26, 136.5, 58.25, 23.0, 22.14, 9999.0, 9.64, 10.0, 21.75, 9999.0, 23.95, 9999.0, 117.8, 127.84, 120.25, 91.25, 138.57
2024-11-07, 14:23:34, 136.5, 58.25, 23.0, 22.16, 9999.0, 9.61, 10.0, 21.75, 9999.0, 23.98, 9999.0, 117.77, 127.84, 120.25, 91.25, 138.55
2024-11-07, 14:23:42, 136.5, 58.25, 23.0, 22.16, 9999.0, 9.59, 10.0, 21.75, 9999.0, 24.0, 9999.0, 117.77, 127.84, 120.25, 91.25, 138.55
2024-11-07, 14:23:46, 136.5, 58.25, 23.0, 22.18, 9999.0, 9.57, 10.0, 21.75, 9999.0, 24.0, 9999.0, 117.75, 127.82, 120.25, 91.25, 138.52
2024-11-07, 14:23:50, 136.5, 58.25, 23.0, 22.18, 9999.0, 9.55, 10.0, 21.75, 9999.0, 24.0, 9999.0, 117.75, 127.8, 120.25, 91.25, 138.5
2024-11-07, 14:23:54, 136.5, 58.25, 23.0, 22.2, 9999.0, 9.55, 10.0, 21.73, 9999.0, 24.0, 9999.0, 117.75, 127.77, 120.25, 91.25, 138.5
2024-11-07, 14:23:58, 136.5, 58.25, 23.0, 22.23, 9999.0, 9.57, 10.0, 21.7, 9999.0, 24.0, 9999.0, 117.75, 127.75, 120.25, 91.25, 138.5
2024-11-07, 14:24:02, 136.5, 58.25, 23.0, 22.25, 9999.0, 9.59, 10.0, 21.7, 9999.0, 24.0, 9999.0, 117.73, 127.75, 120.25, 91.25, 138.5
2024-11-07, 14:24:07, 136.5, 58.25, 23.0, 22.23, 9999.0, 9.64, 10.0, 21.7, 9999.0, 24.0, 9999.0, 117.7, 127.77, 120.25, 91.25, 138.5
2024-11-07, 14:24:11, 136.52, 58.25, 23.0, 22.2, 9999.0, 9.66, 10.0, 21.7, 9999.0, 24.0, 9999.0, 117.7, 127.77, 120.25, 91.25, 138.5
2024-11-07, 14:24:15, 136.52, 58.25, 23.0, 22.18, 9999.0, 9.68, 10.0, 21.7, 9999.0, 24.0, 9999.0, 117.7, 127.77, 120.25, 91.25, 138.52
2024-11-07, 14:24:19, 136.52, 58.25, 23.0, 22.16, 9999.0, 9.68, 10.0, 21.7, 9999.0, 24.0, 9999.0, 117.7, 127.77, 120.25, 91.25, 138.52
2024-11-07, 14:24:23, 136.52, 58.27, 23.0, 22.16, 9999.0, 9.7, 10.0, 21.7, 9999.0, 23.98, 9999.0, 117.73, 127.77, 120.25, 91.25, 138.52
2024-11-07, 14:24:27, 136.52, 58.27, 23.0, 22.16, 9999.0, 9.73, 10.0, 21.7, 9999.0, 23.95, 9999.0, 117.75, 127.8, 120.25, 91.25, 138.52
2024-11-07, 14:24:31, 136.52, 58.27, 23.0, 22.16, 9999.0, 9.75, 10.0, 21.7, 9999.0, 23.95, 9999.0, 117.77, 127.8, 120.25, 91.25, 138.52
2024-11-07, 14:24:35, 136.52, 58.27, 23.0, 22.16, 9999.0, 9.77, 10.0, 21.7, 9999.0, 23.95, 9999.0, 117.77, 127.8, 120.25, 91.25, 138.52
2024-11-07, 14:24:39, 136.52, 58.27, 23.0, 22.14, 9999.0, 9.77, 10.0, 21.73, 9999.0, 23.95, 9999.0, 117.77, 127.8, 120.25, 91.25, 138.52
2024-11-07, 14:24:43, 136.52, 58.27, 23.0, 22.11, 9999.0, 9.75, 10.0, 21.75, 9999.0, 23.98, 9999.0, 117.8, 127.8, 120.25, 91.25, 138.52
2024-11-07, 14:24:47, 136.52, 58.27, 23.0, 22.09, 9999.0, 9.73, 10.0, 21.75, 9999.0, 24.0, 9999.0, 117.82, 127.82, 120.25, 91.25, 138.52
2024-11-07, 14:24:51, 136.52, 58.27, 23.0, 22.09, 9999.0, 9.68, 10.0, 21.75, 9999.0, 24.0, 9999.0, 117.84, 127.8, 120.25, 91.25, 138.52
2024-11-07, 14:24:55, 136.5, 58.27, 23.0, 22.09, 9999.0, 9.66, 10.0, 21.75, 9999.0, 24.0, 9999.0, 117.84, 127.8, 120.25, 91.25, 138.52
2024-11-07, 14:24:59, 136.5, 58.27, 23.0, 22.09, 9999.0, 9.66, 10.0, 21.75, 9999.0, 24.0, 9999.0, 117.84, 127.82, 120.25, 91.25, 138.5
2024-11-07, 14:25:03, 136.5, 58.27, 23.0, 22.09, 9999.0, 9.64, 10.0, 21.73, 9999.0, 24.0, 9999.0, 117.84, 127.82, 120.25, 91.25, 138.52
2024-11-07, 14:25:07, 136.5, 58.25, 23.0, 22.07, 9999.0, 9.61, 10.0, 21.73, 9999.0, 24.02, 9999.0, 117.82, 127.84, 120.25, 91.25, 138.52
2024-11-07, 14:25:11, 136.5, 58.25, 23.0, 22.05, 9999.0, 9.59, 10.0, 21.73, 9999.0, 24.05, 9999.0, 117.8, 127.84, 120.25, 91.25, 138.52
2024-11-07, 14:25:15, 136.5, 58.25, 23.0, 22.05, 9999.0, 9.59, 10.0, 21.7, 9999.0, 24.05, 9999.0, 117.75, 127.84, 120.25, 91.25, 138.52
2024-11-07, 14:25:19, 136.5, 58.25, 23.0, 22.02, 9999.0, 9.59, 10.0, 21.7, 9999.0, 24.05, 9999.0, 117.73, 127.84, 120.25, 91.25, 138.52
2024-11-07, 14:25:23, 136.5, 58.27, 23.0, 22.02, 9999.0, 9.59, 10.0, 21.7, 9999.0, 24.05, 9999.0, 117.7, 127.84, 120.25, 91.25, 138.52
2024-11-07, 14:25:27, 136.5, 58.27, 23.0, 22.05, 9999.0, 9.64, 10.0, 21.7, 9999.0, 24.0, 9999.0, 117.66, 127.84, 120.25, 91.25, 138.52
2024-11-07, 14:25:31, 136.5, 58.27, 23.0, 22.05, 9999.0, 9.66, 10.0, 21.7, 9999.0, 23.95, 9999.0, 117.68, 127.82, 120.25, 91.25, 138.52
2024-11-07, 14:25:35, 136.5, 58.27, 23.0, 22.05, 9999.0, 9.68, 10.0, 21.7, 9999.0, 23.93, 9999.0, 117.68, 127.82, 120.25, 91.25, 138.52
2024-11-07, 14:25:39, 136.5, 58.27, 23.0, 22.05, 9999.0, 9.7, 10.0, 21.7, 9999.0, 23.91, 9999.0, 117.7, 127.84, 120.25, 91.25, 138.55
2024-11-07, 14:25:43, 136.5, 58.27, 23.0, 22.05, 9999.0, 9.7, 10.0, 21.7, 9999.0, 23.89, 9999.0, 117.73, 127.82, 120.25, 91.25, 138.55
2024-11-07, 14:25:47, 136.5, 58.27, 23.0, 22.07, 9999.0, 9.73, 10.02, 21.73, 9999.0, 23.86, 9999.0, 117.75, 127.82, 120.25, 91.25, 138.52
2024-11-07, 14:25:51, 136.5, 58.27, 23.0, 22.09, 9999.0, 9.75, 10.02, 21.73, 9999.0, 23.86, 9999.0, 117.77, 127.8, 120.25, 91.25, 138.52
2024-11-07, 14:25:55, 136.5, 58.27, 23.0, 22.11, 9999.0, 9.77, 10.02, 21.73, 9999.0, 23.86, 9999.0, 117.8, 127.77, 120.25, 91.25, 138.52
2024-11-07, 14:25:59, 136.5, 58.27, 23.0, 22.09, 9999.0, 9.75, 10.02, 21.75, 9999.0, 23.86, 9999.0, 117.84, 127.8, 120.25, 91.25, 138.52
2024-11-07, 14:26:03, 136.5, 58.27, 23.0, 22.11, 9999.0, 9.73, 10.02, 21.75, 9999.0, 23.89, 9999.0, 117.86, 127.82, 120.25, 91.25, 138.52
2024-11-07, 14:26:07, 136.5, 58.25, 23.0, 22.11, 9999.0, 9.7, 10.02, 21.75, 9999.0, 23.89, 9999.0, 117.89, 127.84, 120.25, 91.25, 138.52
2024-11-07, 14:26:11, 136.5, 58.25, 23.0, 22.11, 9999.0, 9.66, 10.02, 21.75, 9999.0, 23.93, 9999.0, 117.91, 127.86, 120.25, 91.25, 138.52
2024-11-07, 14:26:15, 136.5, 58.25, 23.0, 22.11, 9999.0, 9.64, 10.02, 21.73, 9999.0, 23.95, 9999.0, 117.89, 127.89, 120.25, 91.25, 138.52
2024-11-07, 14:26:19, 136.5, 58.25, 23.0, 22.11, 9999.0, 9.61, 10.02, 21.73, 9999.0, 23.98, 9999.0, 117.89, 127.89, 120.25, 91.25, 138.52
2024-11-07, 14:26:23, 136.5, 58.25, 23.0, 22.14, 9999.0, 9.59, 10.02, 21.73, 9999.0, 24.0, 9999.0, 117.86, 127.89, 120.25, 91.25, 138.5
2024-11-07, 14:26:27, 136.5, 58.25, 23.0, 22.16, 9999.0, 9.57, 10.02, 21.73, 9999.0, 24.02, 9999.0, 117.84, 127.89, 120.25, 91.25, 138.5
2024-11-07, 14:26:31, 136.5, 58.27, 23.0, 22.16, 9999.0, 9.57, 10.0, 21.73, 9999.0, 24.05, 9999.0, 117.82, 127.89, 120.25, 91.25, 138.5
2024-11-07, 14:26:35, 136.5, 58.27, 23.0, 22.14, 9999.0, 9.55, 10.0, 21.73, 9999.0, 24.05, 9999.0, 117.8, 127.89, 120.25, 91.25, 138.5
2024-11-07, 14:26:39, 136.5, 58.27, 23.0, 22.11, 9999.0, 9.55, 10.0, 21.73, 9999.0, 24.05, 9999.0, 117.75, 127.89, 120.25, 91.25, 138.5
2024-11-07, 14:26:43, 136.5, 58.27, 23.0, 22.11, 9999.0, 9.59, 10.0, 21.73, 9999.0, 24.05, 9999.0, 117.7, 127.89, 120.25, 91.25, 138.5
2024-11-07, 14:26:47, 136.5, 58.27, 23.0, 22.09, 9999.0, 9.64, 10.0, 21.7, 9999.0, 24.02, 9999.0, 117.73, 127.86, 120.25, 91.25, 138.5
2024-11-07, 14:26:51, 136.5, 58.27, 23.0, 22.09, 9999.0, 9.66, 10.0, 21.7, 9999.0, 24.02, 9999.0, 117.73, 127.84, 120.25, 91.25, 138.5
2024-11-07, 14:26:55, 136.5, 58.27, 23.0, 22.09, 9999.0, 9.68, 10.0, 21.7, 9999.0, 24.0, 9999.0, 117.73, 127.82, 120.25, 91.25, 138.5
2024-11-07, 14:26:59, 136.5, 58.27, 23.0, 22.11, 9999.0, 9.7, 10.0, 21.73, 9999.0, 23.98, 9999.0, 117.75, 127.8, 120.25, 91.25, 138.5
2024-11-07, 14:27:03, 136.5, 58.27, 23.0, 22.14, 9999.0, 9.73, 10.0, 21.73, 9999.0, 23.98, 9999.0, 117.77, 127.82, 120.25, 91.25, 138.5
2024-11-07, 14:27:07, 136.52, 58.27, 23.0, 22.11, 9999.0, 9.75, 10.0, 21.7, 9999.0, 23.98, 9999.0, 117.8, 127.8, 120.25, 91.25, 138.5
2024-11-07, 14:27:11, 136.52, 58.27, 23.0, 22.09, 9999.0, 9.77, 10.0, 21.7, 9999.0, 23.98, 9999.0, 117.8, 127.8, 120.25, 91.25, 138.5
2024-11-07, 14:27:15, 136.52, 58.25, 23.0, 22.09, 9999.0, 9.75, 10.0, 21.7, 9999.0, 23.98, 9999.0, 117.8, 127.8, 120.25, 91.25, 138.5
2024-11-07, 14:27:19, 136.52, 58.25, 23.0, 22.11, 9999.0, 9.77, 10.0, 21.7, 9999.0, 24.0, 9999.0, 117.82, 127.82, 120.25, 91.25, 138.5
2024-11-07, 14:27:23, 136.52, 58.25, 23.0, 22.11, 9999.0, 9.75, 10.0, 21.7, 9999.0, 24.02, 9999.0, 117.86, 127.84, 120.25, 91.25, 138.5
2024-11-07, 14:27:27, 136.55, 58.25, 23.0, 22.11, 9999.0, 9.7, 10.0, 21.7, 9999.0, 24.05, 9999.0, 117.89, 127.84, 120.25, 91.25, 138.52
2024-11-07, 14:27:32, 136.55, 58.25, 23.0, 22.11, 9999.0, 9.66, 10.0, 21.73, 9999.0, 24.05, 9999.0, 117.86, 127.86, 120.25, 91.25, 138.52
2024-11-07, 14:27:36, 136.55, 58.25, 23.0, 22.14, 9999.0, 9.64, 10.0, 21.73, 9999.0, 24.05, 9999.0, 117.86, 127.89, 120.25, 91.25, 138.52
2024-11-07, 14:27:40, 136.55, 58.25, 23.0, 22.11, 9999.0, 9.61, 10.0, 21.73, 9999.0, 24.05, 9999.0, 117.86, 127.91, 120.25, 91.25, 138.52
2024-11-07, 14:27:44, 136.55, 58.25, 23.0, 22.11, 9999.0, 9.59, 10.0, 21.73, 9999.0, 24.07, 9999.0, 117.84, 127.91, 120.25, 91.25, 138.52
2024-11-07, 14:27:48, 136.55, 58.25, 23.0, 22.09, 9999.0, 9.57, 10.0, 21.7, 9999.0, 24.07, 9999.0, 117.82, 127.89, 120.25, 91.25, 138.52
2024-11-07, 14:27:52, 136.52, 58.25, 23.0, 22.09, 9999.0, 9.57, 10.0, 21.73, 9999.0, 24.09, 9999.0, 117.8, 127.91, 120.25, 91.25, 138.52
2024-11-07, 14:27:56, 136.52, 58.25, 23.0, 22.09, 9999.0, 9.55, 10.0, 21.7, 9999.0, 24.09, 9999.0, 117.8, 127.91, 120.25, 91.25, 138.52
2024-11-07, 14:28:00, 136.52, 58.27, 23.0, 22.07, 9999.0, 9.57, 10.0, 21.68, 9999.0, 24.09, 9999.0, 117.77, 127.91, 120.25, 91.25, 138.52
2024-11-07, 14:28:04, 136.52, 58.27, 23.0, 22.07, 9999.0, 9.59, 10.0, 21.68, 9999.0, 24.07, 9999.0, 117.73, 127.89, 120.25, 91.25, 138.52
2024-11-07, 14:28:08, 136.52, 58.27, 23.0, 22.07, 9999.0, 9.61, 10.0, 21.68, 9999.0, 24.05, 9999.0, 117.73, 127.86, 120.25, 91.25, 138.52
2024-11-07, 14:28:12, 136.5, 58.27, 23.0, 22.07, 9999.0, 9.64, 10.0, 21.68, 9999.0, 24.02, 9999.0, 117.73, 127.84, 120.25, 91.25, 138.5
2024-11-07, 14:28:16, 136.5, 58.27, 23.0, 22.09, 9999.0, 9.66, 10.0, 21.68, 9999.0, 24.02, 9999.0, 117.73, 127.82, 120.25, 91.25, 138.5
2024-11-07, 14:28:20, 136.5, 58.27, 23.0, 22.09, 9999.0, 9.68, 10.0, 21.68, 9999.0, 24.02, 9999.0, 117.75, 127.82, 120.25, 91.25, 138.5
2024-11-07, 14:28:24, 136.5, 58.27, 23.0, 22.11, 9999.0, 9.7, 10.0, 21.68, 9999.0, 24.02, 9999.0, 117.77, 127.8, 120.25, 91.25, 138.5
2024-11-07, 14:28:28, 136.5, 58.27, 23.0, 22.11, 9999.0, 9.73, 10.0, 21.68, 9999.0, 24.02, 9999.0, 117.8, 127.8, 120.25, 91.25, 138.5
2024-11-07, 14:28:32, 136.5, 58.27, 23.0, 22.11, 9999.0, 9.75, 10.0, 21.7, 9999.0, 24.02, 9999.0, 117.8, 127.8, 120.25, 91.25, 138.5
2024-11-07, 14:28:36, 136.5, 58.27, 23.0, 22.14, 9999.0, 9.75, 10.0, 21.7, 9999.0, 24.02, 9999.0, 117.82, 127.8, 120.25, 91.25, 138.5
2024-11-07, 14:28:40, 136.5, 58.27, 22.98, 22.16, 9999.0, 9.77, 10.0, 21.73, 9999.0, 24.05, 9999.0, 117.82, 127.82, 120.25, 91.25, 138.5
2024-11-07, 14:28:44, 136.5, 58.25, 22.98, 22.18, 9999.0, 9.75, 10.0, 21.75, 9999.0, 24.07, 9999.0, 117.84, 127.82, 120.25, 91.25, 138.5
2024-11-07, 14:28:48, 136.5, 58.25, 22.98, 22.18, 9999.0, 9.73, 10.0, 21.75, 9999.0, 24.09, 9999.0, 117.86, 127.82, 120.25, 91.25, 138.5
2024-11-07, 14:28:52, 136.5, 58.25, 22.98, 22.2, 9999.0, 9.7, 10.0, 21.75, 9999.0, 24.11, 9999.0, 117.84, 127.84, 120.25, 91.25, 138.5
2024-11-07, 14:28:56, 136.5, 58.25, 22.98, 22.2, 9999.0, 9.68, 10.0, 21.73, 9999.0, 24.14, 9999.0, 117.84, 127.84, 120.25, 91.25, 138.5
2024-11-07, 14:29:00, 136.5, 58.25, 22.98, 22.18, 9999.0, 9.66, 10.0, 21.73, 9999.0, 24.16, 9999.0, 117.84, 127.84, 120.25, 91.25, 138.5
2024-11-07, 14:29:04, 136.5, 58.25, 22.98, 22.18, 9999.0, 9.64, 10.0, 21.73, 9999.0, 24.18, 9999.0, 117.82, 127.82, 120.25, 91.25, 138.5
2024-11-07, 14:29:08, 136.5, 58.27, 22.98, 22.16, 9999.0, 9.61, 10.0, 21.73, 9999.0, 24.2, 9999.0, 117.8, 127.82, 120.25, 91.25, 138.5
2024-11-07, 14:29:12, 136.5, 58.27, 22.98, 22.14, 9999.0, 9.61, 10.0, 21.73, 9999.0, 24.23, 9999.0, 117.77, 127.84, 120.25, 91.23, 138.5
2024-11-07, 14:29:16, 136.5, 58.27, 22.98, 22.16, 9999.0, 9.61, 10.0, 21.7, 9999.0, 24.25, 9999.0, 117.75, 127.84, 120.25, 91.2, 138.5
2024-11-07, 14:29:20, 136.5, 58.27, 22.98, 22.16, 9999.0, 9.61, 10.0, 21.7, 9999.0, 24.25, 9999.0, 117.7, 127.82, 120.25, 91.2, 138.5
2024-11-07, 14:29:24, 136.5, 58.27, 23.0, 22.14, 9999.0, 9.61, 10.0, 21.7, 9999.0, 24.23, 9999.0, 117.7, 127.8, 120.25, 91.2, 138.5
2024-11-07, 14:29:28, 136.5, 58.27, 23.0, 22.11, 9999.0, 9.66, 10.0, 21.7, 9999.0, 24.2, 9999.0, 117.7, 127.8, 120.25, 91.2, 138.5
2024-11-07, 14:29:32, 136.5, 58.27, 23.0, 22.09, 9999.0, 9.66, 10.0, 21.7, 9999.0, 24.2, 9999.0, 117.7, 127.8, 120.25, 91.2, 138.5
2024-11-07, 14:29:36, 136.5, 58.27, 23.0, 22.09, 9999.0, 9.68, 10.0, 21.7, 9999.0, 24.18, 9999.0, 117.7, 127.77, 120.25, 91.2, 138.5
2024-11-07, 14:29:40, 136.5, 58.27, 23.0, 22.09, 9999.0, 9.7, 10.0, 21.73, 9999.0, 24.18, 9999.0, 117.73, 127.8, 120.25, 91.2, 138.5
2024-11-07, 14:29:44, 136.5, 58.27, 23.0, 22.09, 9999.0, 9.73, 10.0, 21.73, 9999.0, 24.18, 9999.0, 117.75, 127.8, 120.25, 91.2, 138.5
2024-11-07, 14:29:48, 136.52, 58.3, 23.0, 22.07, 9999.0, 9.75, 10.0, 21.73, 9999.0, 24.18, 9999.0, 117.77, 127.8, 120.25, 91.2, 138.5
2024-11-07, 14:29:52, 136.52, 58.27, 23.0, 22.07, 9999.0, 9.77, 10.0, 21.73, 9999.0, 24.18, 9999.0, 117.8, 127.8, 120.25, 91.2, 138.5
2024-11-07, 14:29:56, 136.52, 58.3, 23.0, 22.09, 9999.0, 9.75, 10.0, 21.7, 9999.0, 24.18, 9999.0, 117.8, 127.8, 120.25, 91.23, 138.5
2024-11-07, 14:30:00, 136.52, 58.3, 23.0, 22.07, 9999.0, 9.75, 10.0, 21.73, 9999.0, 24.2, 9999.0, 117.84, 127.8, 120.25, 91.25, 138.5
2024-11-07, 14:30:04, 136.55, 58.3, 23.0, 22.05, 9999.0, 9.75, 10.0, 21.73, 9999.0, 24.23, 9999.0, 117.86, 127.82, 120.25, 91.25, 138.5
2024-11-07, 14:30:08, 136.55, 58.3, 23.0, 22.05, 9999.0, 9.73, 10.0, 21.7, 9999.0, 24.27, 9999.0, 117.86, 127.84, 120.25, 91.25, 138.5
2024-11-07, 14:30:12, 136.55, 58.3, 23.0, 22.05, 9999.0, 9.68, 10.0, 21.68, 9999.0, 24.32, 9999.0, 117.86, 127.86, 120.25, 91.25, 138.5
2024-11-07, 14:30:16, 136.55, 58.3, 23.0, 22.05, 9999.0, 9.66, 10.0, 21.66, 9999.0, 24.34, 9999.0, 117.86, 127.86, 120.25, 91.25, 138.5
2024-11-07, 14:30:20, 136.55, 58.3, 23.0, 22.02, 9999.0, 9.64, 10.0, 21.66, 9999.0, 24.36, 9999.0, 117.86, 127.89, 120.25, 91.25, 138.5
2024-11-07, 14:30:24, 136.55, 58.3, 22.98, 22.02, 9999.0, 9.61, 10.0, 21.64, 9999.0, 24.36, 9999.0, 117.84, 127.86, 120.25, 91.23, 138.5
2024-11-07, 14:30:28, 136.55, 58.3, 22.95, 22.02, 9999.0, 9.59, 10.0, 21.61, 9999.0, 24.36, 9999.0, 117.82, 127.86, 120.25, 91.23, 138.5
2024-11-07, 14:30:32, 136.52, 58.27, 22.95, 22.02, 9999.0, 9.59, 10.0, 21.61, 9999.0, 24.34, 9999.0, 117.8, 127.86, 120.25, 91.23, 138.5
2024-11-07, 14:30:36, 136.52, 58.3, 22.95, 22.02, 9999.0, 9.57, 10.0, 21.59, 9999.0, 24.32, 9999.0, 117.77, 127.86, 120.25, 91.2, 138.5
2024-11-07, 14:30:40, 136.55, 58.27, 22.95, 22.0, 9999.0, 9.59, 10.0, 21.59, 9999.0, 24.3, 9999.0, 117.77, 127.84, 120.25, 91.2, 138.5
2024-11-07, 14:30:44, 136.55, 58.27, 22.95, 22.0, 9999.0, 9.61, 10.0, 21.59, 9999.0, 24.25, 9999.0, 117.73, 127.84, 120.25, 91.2, 138.5
2024-11-07, 14:30:48, 136.52, 58.3, 22.95, 22.0, 9999.0, 9.64, 10.0, 21.59, 9999.0, 24.2, 9999.0, 117.73, 127.82, 120.25, 91.2, 138.5
2024-11-07, 14:30:52, 136.55, 58.3, 22.95, 22.0, 9999.0, 9.66, 10.0, 21.61, 9999.0, 24.16, 9999.0, 117.73, 127.8, 120.25, 91.2, 138.5
2024-11-07, 14:30:56, 136.55, 58.3, 22.93, 22.0, 9999.0, 9.68, 10.0, 21.64, 9999.0, 24.11, 9999.0, 117.73, 127.77, 120.25, 91.2, 138.5
2024-11-07, 14:31:00, 136.55, 58.3, 22.91, 22.0, 9999.0, 9.7, 10.0, 21.66, 9999.0, 24.07, 9999.0, 117.75, 127.77, 120.25, 91.2, 138.5
2024-11-07, 14:31:05, 136.55, 58.3, 22.91, 22.0, 9999.0, 9.73, 10.0, 21.66, 9999.0, 24.05, 9999.0, 117.77, 127.75, 120.25, 91.2, 138.5
2024-11-07, 14:31:09, 136.55, 58.3, 22.93, 22.0, 9999.0, 9.75, 10.0, 21.68, 9999.0, 24.02, 9999.0, 117.8, 127.75, 120.25, 91.23, 138.5
2024-11-07, 14:31:13, 136.55, 58.3, 22.95, 22.0, 9999.0, 9.77, 10.0, 21.7, 9999.0, 24.0, 9999.0, 117.82, 127.77, 120.25, 91.23, 138.5
2024-11-07, 14:31:17, 136.55, 58.3, 22.95, 22.0, 9999.0, 9.77, 10.0, 21.7, 9999.0, 24.0, 9999.0, 117.82, 127.77, 120.25, 91.23, 138.5
2024-11-07, 14:31:21, 136.55, 58.3, 22.95, 22.0, 9999.0, 9.8, 10.0, 21.73, 9999.0, 24.02, 9999.0, 117.84, 127.8, 120.25, 91.25, 138.5
2024-11-07, 14:31:25, 136.52, 58.3, 22.95, 22.0, 9999.0, 9.77, 10.0, 21.73, 9999.0, 24.05, 9999.0, 117.84, 127.82, 120.25, 91.25, 138.5
2024-11-07, 14:31:29, 136.52, 58.32, 22.95, 22.0, 9999.0, 9.73, 10.0, 21.73, 9999.0, 24.07, 9999.0, 117.86, 127.84, 120.25, 91.25, 138.5
2024-11-07, 14:31:33, 136.52, 58.32, 22.93, 22.0, 9999.0, 9.68, 10.0, 21.73, 9999.0, 24.09, 9999.0, 117.86, 127.84, 120.25, 91.25, 138.5
2024-11-07, 14:31:37, 136.5, 58.32, 22.91, 22.0, 9999.0, 9.66, 10.0, 21.73, 9999.0, 24.11, 9999.0, 117.86, 127.84, 120.25, 91.25, 138.5
2024-11-07, 14:31:41, 136.5, 58.32, 22.93, 22.0, 9999.0, 9.64, 10.0, 21.73, 9999.0, 24.14, 9999.0, 117.86, 127.84, 120.25, 91.23, 138.5
2024-11-07, 14:31:45, 136.5, 58.34, 22.95, 22.0, 9999.0, 9.61, 10.0, 21.7, 9999.0, 24.16, 9999.0, 117.84, 127.84, 120.25, 91.2, 138.5
2024-11-07, 14:31:49, 136.5, 58.34, 22.95, 22.0, 9999.0, 9.59, 10.0, 21.7, 9999.0, 24.18, 9999.0, 117.82, 127.84, 120.25, 91.18, 138.5
2024-11-07, 14:31:53, 136.5, 58.34, 22.95, 22.0, 9999.0, 9.57, 10.0, 21.7, 9999.0, 24.2, 9999.0, 117.8, 127.84, 120.25, 91.18, 138.5
2024-11-07, 14:31:57, 136.5, 58.34, 22.95, 22.0, 9999.0, 9.57, 10.0, 21.7, 9999.0, 24.23, 9999.0, 117.75, 127.82, 120.25, 91.18, 138.5
2024-11-07, 14:32:01, 136.5, 58.34, 22.95, 22.0, 9999.0, 9.57, 10.0, 21.68, 9999.0, 24.25, 9999.0, 117.75, 127.82, 120.25, 91.18, 138.5
2024-11-07, 14:32:05, 136.5, 58.34, 22.95, 22.0, 9999.0, 9.57, 10.0, 21.66, 9999.0, 24.25, 9999.0, 117.73, 127.8, 120.25, 91.18, 138.5
2024-11-07, 14:32:09, 136.5, 58.36, 22.93, 22.0, 9999.0, 9.61, 10.0, 21.68, 9999.0, 24.25, 9999.0, 117.73, 127.77, 120.25, 91.18, 138.5
2024-11-07, 14:32:13, 136.5, 58.36, 22.91, 22.0, 9999.0, 9.64, 10.0, 21.68, 9999.0, 24.25, 9999.0, 117.73, 127.75, 120.25, 91.18, 138.5
2024-11-07, 14:32:17, 136.5, 58.34, 22.93, 22.0, 9999.0, 9.66, 10.0, 21.66, 9999.0, 24.25, 9999.0, 117.73, 127.75, 120.25, 91.18, 138.5
2024-11-07, 14:32:21, 136.5, 58.34, 22.95, 22.0, 9999.0, 9.68, 10.0, 21.64, 9999.0, 24.23, 9999.0, 117.75, 127.77, 120.25, 91.18, 138.5
2024-11-07, 14:32:25, 136.5, 58.34, 22.93, 22.0, 9999.0, 9.7, 10.0, 21.64, 9999.0, 24.2, 9999.0, 117.77, 127.77, 120.25, 91.18, 138.5
2024-11-07, 14:32:29, 136.5, 58.32, 22.93, 22.0, 9999.0, 9.73, 10.0, 21.66, 9999.0, 24.2, 9999.0, 117.8, 127.8, 120.25, 91.18, 138.5
2024-11-07, 14:32:33, 136.5, 58.34, 22.93, 22.0, 9999.0, 9.75, 10.0, 21.66, 9999.0, 24.2, 9999.0, 117.82, 127.8, 120.25, 91.2, 138.5
2024-11-07, 14:32:37, 136.5, 58.34, 22.93, 22.0, 9999.0, 9.77, 10.0, 21.66, 9999.0, 24.2, 9999.0, 117.84, 127.8, 120.25, 91.2, 138.5
2024-11-07, 14:32:41, 136.5, 58.34, 22.93, 22.0, 9999.0, 9.77, 10.0, 21.64, 9999.0, 24.23, 9999.0, 117.86, 127.82, 120.25, 91.2, 138.5
2024-11-07, 14:32:45, 136.5, 58.34, 22.93, 22.0, 9999.0, 9.75, 10.0, 21.64, 9999.0, 24.25, 9999.0, 117.86, 127.84, 120.25, 91.2, 138.5
2024-11-07, 14:32:49, 136.5, 58.34, 22.93, 22.0, 9999.0, 9.73, 10.0, 21.66, 9999.0, 24.27, 9999.0, 117.86, 127.84, 120.25, 91.2, 138.5
2024-11-07, 14:32:53, 136.5, 58.32, 22.95, 22.0, 9999.0, 9.68, 10.0, 21.66, 9999.0, 24.27, 9999.0, 117.86, 127.84, 120.25, 91.2, 138.5
2024-11-07, 14:32:57, 136.5, 58.3, 22.98, 22.0, 9999.0, 9.66, 10.0, 21.66, 9999.0, 24.27, 9999.0, 117.86, 127.84, 120.25, 91.18, 138.5
2024-11-07, 14:33:01, 136.5, 58.3, 22.98, 22.0, 9999.0, 9.64, 10.0, 21.68, 9999.0, 24.27, 9999.0, 117.86, 127.84, 120.25, 91.16, 138.5
2024-11-07, 14:33:05, 136.5, 58.3, 22.95, 22.0, 9999.0, 9.61, 10.0, 21.7, 9999.0, 24.3, 9999.0, 117.84, 127.82, 120.25, 91.16, 138.5
2024-11-07, 14:33:09, 136.5, 58.3, 22.98, 22.0, 9999.0, 9.59, 10.0, 21.68, 9999.0, 24.32, 9999.0, 117.82, 127.82, 120.25, 91.18, 138.5
2024-11-07, 14:33:13, 136.5, 58.3, 22.98, 22.0, 9999.0, 9.59, 10.0, 21.68, 9999.0, 24.32, 9999.0, 117.8, 127.8, 120.25, 91.2, 138.5
2024-11-07, 14:33:17, 136.5, 58.27, 22.98, 22.0, 9999.0, 9.59, 10.0, 21.68, 9999.0, 24.32, 9999.0, 117.77, 127.8, 120.25, 91.2, 138.5
2024-11-07, 14:33:21, 136.5, 58.27, 22.98, 22.0, 9999.0, 9.59, 10.0, 21.68, 9999.0, 24.3, 9999.0, 117.73, 127.8, 120.25, 91.2, 138.5
2024-11-07, 14:33:25, 136.5, 58.3, 22.98, 22.0, 9999.0, 9.59, 10.0, 21.7, 9999.0, 24.25, 9999.0, 117.7, 127.77, 120.25, 91.2, 138.5
2024-11-07, 14:33:29, 136.5, 58.3, 22.98, 22.0, 9999.0, 9.61, 10.0, 21.73, 9999.0, 24.2, 9999.0, 117.7, 127.75, 120.25, 91.2, 138.5
2024-11-07, 14:33:33, 136.5, 58.27, 22.98, 22.0, 9999.0, 9.64, 10.0, 21.73, 9999.0, 24.16, 9999.0, 117.7, 127.75, 120.25, 91.2, 138.5
2024-11-07, 14:33:37, 136.5, 58.27, 22.98, 22.0, 9999.0, 9.66, 10.0, 21.73, 9999.0, 24.14, 9999.0, 117.7, 127.75, 120.25, 91.2, 138.5
2024-11-07, 14:33:41, 136.5, 58.27, 22.95, 22.0, 9999.0, 9.68, 10.0, 21.73, 9999.0, 24.11, 9999.0, 117.73, 127.75, 120.25, 91.23, 138.5
2024-11-07, 14:33:45, 136.5, 58.27, 22.93, 22.0, 9999.0, 9.7, 10.0, 21.73, 9999.0, 24.09, 9999.0, 117.75, 127.75, 120.25, 91.25, 138.5
2024-11-07, 14:33:49, 136.5, 58.27, 22.93, 22.0, 9999.0, 9.7, 10.0, 21.73, 9999.0, 24.07, 9999.0, 117.77, 127.75, 120.25, 91.25, 138.5
2024-11-07, 14:33:53, 136.5, 58.27, 22.93, 22.0, 9999.0, 9.7, 10.0, 21.75, 9999.0, 24.05, 9999.0, 117.8, 127.75, 120.25, 91.25, 138.5
2024-11-07, 14:33:57, 136.5, 58.27, 22.93, 22.0, 9999.0, 9.68, 10.0, 21.73, 9999.0, 24.02, 9999.0, 117.8, 127.75, 120.25, 91.25, 138.5
2024-11-07, 14:34:01, 136.5, 58.27, 22.91, 22.0, 9999.0, 9.66, 10.0, 21.73, 9999.0, 24.02, 9999.0, 117.82, 127.75, 120.25, 91.25, 138.5
2024-11-07, 14:34:05, 136.5, 58.27, 22.91, 22.0, 9999.0, 9.64, 10.0, 21.73, 9999.0, 24.05, 9999.0, 117.84, 127.75, 120.25, 91.25, 138.5
2024-11-07, 14:34:09, 136.5, 58.25, 22.91, 22.0, 9999.0, 9.61, 10.0, 21.73, 9999.0, 24.07, 9999.0, 117.86, 127.75, 120.25, 91.25, 138.5
2024-11-07, 14:34:13, 136.5, 58.25, 22.89, 22.0, 9999.0, 9.59, 10.0, 21.73, 9999.0, 24.09, 9999.0, 117.86, 127.75, 120.25, 91.25, 138.5
2024-11-07, 14:34:17, 136.5, 58.25, 22.89, 22.0, 9999.0, 9.57, 10.0, 21.73, 9999.0, 24.09, 9999.0, 117.86, 127.75, 120.25, 91.25, 138.5
2024-11-07, 14:34:21, 136.5, 58.27, 22.89, 22.0, 9999.0, 9.55, 10.0, 21.73, 9999.0, 24.09, 9999.0, 117.86, 127.75, 120.25, 91.25, 138.5
2024-11-07, 14:34:25, 136.5, 58.27, 22.91, 22.0, 9999.0, 9.52, 10.0, 21.73, 9999.0, 24.09, 9999.0, 117.84, 127.75, 120.25, 91.25, 138.5
2024-11-07, 14:34:29, 136.5, 58.27, 22.93, 22.0, 9999.0, 9.5, 10.0, 21.73, 9999.0, 24.09, 9999.0, 117.82, 127.75, 120.25, 91.25, 138.5
2024-11-07, 14:34:33, 136.5, 58.27, 22.95, 22.0, 9999.0, 9.52, 10.0, 21.73, 9999.0, 24.09, 9999.0, 117.77, 127.75, 120.25, 91.25, 138.5
2024-11-07, 14:34:38, 136.5, 58.27, 22.93, 22.0, 9999.0, 9.52, 10.0, 21.73, 9999.0, 24.09, 9999.0, 117.75, 127.75, 120.25, 91.25, 138.5
2024-11-07, 14:34:42, 136.5, 58.27, 22.91, 22.0, 9999.0, 9.55, 10.0, 21.75, 9999.0, 24.09, 9999.0, 117.75, 127.75, 120.25, 91.25, 138.5
2024-11-07, 14:34:46, 136.5, 58.27, 22.93, 22.0, 9999.0, 9.57, 10.0, 21.75, 9999.0, 24.07, 9999.0, 117.7, 127.75, 120.25, 91.25, 138.5
2024-11-07, 14:34:50, 136.5, 58.27, 22.93, 22.0, 9999.0, 9.59, 10.0, 21.75, 9999.0, 24.02, 9999.0, 117.7, 127.75, 120.25, 91.25, 138.5
2024-11-07, 14:34:54, 136.5, 58.27, 22.93, 22.0, 9999.0, 9.61, 10.0, 21.75, 9999.0, 24.0, 9999.0, 117.7, 127.75, 120.25, 91.25, 138.5
2024-11-07, 14:34:58, 136.5, 58.27, 22.95, 22.0, 9999.0, 9.64, 10.0, 21.75, 9999.0, 23.98, 9999.0, 117.73, 127.75, 120.25, 91.25, 138.5
2024-11-07, 14:35:02, 136.5, 58.27, 22.95, 22.0, 9999.0, 9.66, 10.0, 21.75, 9999.0, 23.95, 9999.0, 117.75, 127.75, 120.25, 91.25, 138.5
2024-11-07, 14:35:06, 136.5, 58.25, 22.95, 22.0, 9999.0, 9.68, 10.0, 21.73, 9999.0, 23.95, 9999.0, 117.77, 127.75, 120.25, 91.25, 138.5
2024-11-07, 14:35:10, 136.5, 58.25, 22.95, 22.0, 9999.0, 9.7, 10.0, 21.73, 9999.0, 23.95, 9999.0, 117.8, 127.75, 120.25, 91.25, 138.5
2024-11-07, 14:35:14, 136.5, 58.25, 22.95, 22.0, 9999.0, 9.7, 10.0, 21.73, 9999.0, 23.95, 9999.0, 117.82, 127.75, 120.25, 91.25, 138.5
2024-11-07, 14:35:18, 136.5, 58.25, 22.95, 22.0, 9999.0, 9.68, 10.0, 21.73, 9999.0, 23.95, 9999.0, 117.86, 127.75, 120.25, 91.25, 138.5
2024-11-07, 14:35:22, 136.5, 58.25, 22.95, 22.0, 9999.0, 9.7, 10.0, 21.73, 9999.0, 23.98, 9999.0, 117.86, 127.77, 120.25, 91.25, 138.5
2024-11-07, 14:35:26, 136.5, 58.25, 22.98, 22.0, 9999.0, 9.68, 10.0, 21.73, 9999.0, 24.0, 9999.0, 117.89, 127.77, 120.25, 91.25, 138.5
2024-11-07, 14:35:30, 136.5, 58.25, 22.98, 22.0, 9999.0, 9.66, 10.0, 21.73, 9999.0, 24.02, 9999.0, 117.93, 127.77, 120.25, 91.25, 138.5
2024-11-07, 14:35:34, 136.5, 58.25, 22.95, 22.0, 9999.0, 9.64, 10.0, 21.73, 9999.0, 24.07, 9999.0, 117.93, 127.77, 120.25, 91.25, 138.5
2024-11-07, 14:35:38, 136.52, 58.25, 22.93, 22.0, 9999.0, 9.61, 10.0, 21.73, 9999.0, 24.07, 9999.0, 117.93, 127.77, 120.25, 91.25, 138.5
2024-11-07, 14:35:42, 136.52, 58.25, 22.91, 22.0, 9999.0, 9.59, 10.0, 21.73, 9999.0, 24.07, 9999.0, 117.91, 127.77, 120.25, 91.25, 138.5
2024-11-07, 14:35:46, 136.52, 58.25, 22.91, 22.0, 9999.0, 9.57, 10.0, 21.7, 9999.0, 24.09, 9999.0, 117.89, 127.77, 120.25, 91.25, 138.5
2024-11-07, 14:35:50, 136.52, 58.25, 22.91, 22.0, 9999.0, 9.55, 10.0, 21.73, 9999.0, 24.09, 9999.0, 117.86, 127.77, 120.25, 91.25, 138.5
2024-11-07, 14:35:54, 136.52, 58.25, 22.91, 22.0, 9999.0, 9.55, 10.0, 21.73, 9999.0, 24.09, 9999.0, 117.84, 127.77, 120.25, 91.25, 138.5
2024-11-07, 14:35:58, 136.52, 58.25, 22.91, 22.0, 9999.0, 9.57, 10.0, 21.73, 9999.0, 24.09, 9999.0, 117.8, 127.77, 120.25, 91.25, 138.5
2024-11-07, 14:36:02, 136.52, 58.25, 22.91, 22.0, 9999.0, 9.59, 10.0, 21.73, 9999.0, 24.09, 9999.0, 117.75, 127.8, 120.25, 91.25, 138.5
2024-11-07, 14:36:06, 136.52, 58.25, 22.93, 22.0, 9999.0, 9.59, 10.0, 21.73, 9999.0, 24.07, 9999.0, 117.73, 127.77, 120.25, 91.25, 138.5
2024-11-07, 14:36:10, 136.52, 58.25, 22.91, 22.0, 9999.0, 9.61, 10.0, 21.73, 9999.0, 24.05, 9999.0, 117.7, 127.77, 120.25, 91.25, 138.5
2024-11-07, 14:36:14, 136.52, 58.25, 22.91, 22.0, 9999.0, 9.64, 10.0, 21.7, 9999.0, 24.02, 9999.0, 117.68, 127.77, 120.25, 91.25, 138.5
2024-11-07, 14:36:18, 136.52, 58.25, 22.93, 22.0, 9999.0, 9.66, 10.0, 21.7, 9999.0, 23.98, 9999.0, 117.7, 127.77, 120.25, 91.25, 138.5
2024-11-07, 14:36:22, 136.5, 58.25, 22.95, 22.0, 9999.0, 9.68, 10.0, 21.7, 9999.0, 23.95, 9999.0, 117.73, 127.77, 120.25, 91.25, 138.5
2024-11-07, 14:36:26, 136.5, 58.25, 22.98, 22.0, 9999.0, 9.7, 10.0, 21.7, 9999.0, 23.93, 9999.0, 117.75, 127.77, 120.25, 91.25, 138.5
2024-11-07, 14:36:30, 136.5, 58.25, 22.95, 22.0, 9999.0, 9.73, 10.0, 21.73, 9999.0, 23.93, 9999.0, 117.77, 127.77, 120.25, 91.25, 138.5
2024-11-07, 14:36:34, 136.5, 58.25, 22.93, 22.0, 9999.0, 9.73, 10.0, 21.73, 9999.0, 23.93, 9999.0, 117.8, 127.77, 120.25, 91.25, 138.5
2024-11-07, 14:36:38, 136.5, 58.25, 22.93, 22.0, 9999.0, 9.7, 10.0, 21.73, 9999.0, 23.93, 9999.0, 117.8, 127.77, 120.25, 91.25, 138.5
2024-11-07, 14:36:42, 136.5, 58.25, 22.93, 22.0, 9999.0, 9.68, 10.0, 21.73, 9999.0, 23.93, 9999.0, 117.82, 127.77, 120.25, 91.25, 138.5
2024-11-07, 14:36:46, 136.5, 58.25, 22.93, 22.0, 9999.0, 9.66, 10.0, 21.73, 9999.0, 23.93, 9999.0, 117.84, 127.75, 120.25, 91.25, 138.5
2024-11-07, 14:36:50, 136.5, 58.25, 22.91, 22.0, 9999.0, 9.64, 10.0, 21.73, 9999.0, 23.93, 9999.0, 117.86, 127.75, 120.25, 91.25, 138.5
2024-11-07, 14:36:54, 136.5, 58.25, 22.91, 22.0, 9999.0, 9.61, 10.0, 21.73, 9999.0, 23.93, 9999.0, 117.86, 127.75, 120.25, 91.25, 138.5
2024-11-07, 14:36:58, 136.5, 58.25, 22.91, 22.0, 9999.0, 9.59, 10.0, 21.75, 9999.0, 23.93, 9999.0, 117.86, 127.75, 120.25, 91.25, 138.5
2024-11-07, 14:37:02, 136.5, 58.25, 22.91, 22.0, 9999.0, 9.57, 10.0, 21.75, 9999.0, 23.93, 9999.0, 117.84, 127.75, 120.25, 91.25, 138.5
2024-11-07, 14:37:06, 136.5, 58.25, 22.91, 22.0, 9999.0, 9.55, 10.0, 21.75, 9999.0, 23.93, 9999.0, 117.82, 127.75, 120.25, 91.25, 138.5
2024-11-07, 14:37:10, 136.5, 58.25, 22.91, 22.0, 9999.0, 9.55, 10.0, 21.75, 9999.0, 23.93, 9999.0, 117.8, 127.77, 120.25, 91.25, 138.5
2024-11-07, 14:37:14, 136.5, 58.25, 22.93, 22.0, 9999.0, 9.55, 10.0, 21.73, 9999.0, 23.91, 9999.0, 117.77, 127.77, 120.25, 91.25, 138.5
2024-11-07, 14:37:18, 136.5, 58.25, 22.95, 22.0, 9999.0, 9.57, 10.0, 21.73, 9999.0, 23.89, 9999.0, 117.73, 127.77, 120.25, 91.25, 138.5
2024-11-07, 14:37:22, 136.5, 58.25, 22.95, 22.0, 9999.0, 9.59, 10.0, 21.73, 9999.0, 23.86, 9999.0, 117.73, 127.77, 120.25, 91.25, 138.5
2024-11-07, 14:37:26, 136.5, 58.25, 22.95, 22.0, 9999.0, 9.61, 10.0, 21.73, 9999.0, 23.84, 9999.0, 117.7, 127.77, 120.25, 91.25, 138.5
2024-11-07, 14:37:30, 136.5, 58.25, 22.95, 22.0, 9999.0, 9.64, 10.0, 21.73, 9999.0, 23.82, 9999.0, 117.7, 127.77, 120.25, 91.25, 138.5
2024-11-07, 14:37:34, 136.5, 58.25, 22.98, 22.0, 9999.0, 9.66, 10.0, 21.73, 9999.0, 23.8, 9999.0, 117.7, 127.77, 120.25, 91.25, 138.5
2024-11-07, 14:37:38, 136.5, 58.25, 22.98, 22.0, 9999.0, 9.68, 10.0, 21.73, 9999.0, 23.77, 9999.0, 117.73, 127.77, 120.25, 91.25, 138.5
2024-11-07, 14:37:42, 136.5, 58.25, 22.98, 22.0, 9999.0, 9.7, 10.0, 21.73, 9999.0, 23.75, 9999.0, 117.75, 127.77, 120.25, 91.25, 138.5
2024-11-07, 14:37:46, 136.5, 58.25, 22.98, 22.0, 9999.0, 9.73, 10.0, 21.73, 9999.0, 23.75, 9999.0, 117.77, 127.77, 120.25, 91.25, 138.5
2024-11-07, 14:37:50, 136.5, 58.25, 22.95, 22.0, 9999.0, 9.75, 10.0, 21.7, 9999.0, 23.75, 9999.0, 117.8, 127.77, 120.25, 91.25, 138.5
2024-11-07, 14:37:54, 136.5, 58.25, 22.95, 22.0, 9999.0, 9.75, 10.0, 21.7, 9999.0, 23.75, 9999.0, 117.8, 127.77, 120.25, 91.25, 138.5
2024-11-07, 14:37:58, 136.5, 58.25, 22.95, 22.0, 9999.0, 9.73, 10.0, 21.73, 9999.0, 23.77, 9999.0, 117.8, 127.8, 120.25, 91.25, 138.5
2024-11-07, 14:38:02, 136.5, 58.25, 22.93, 22.0, 9999.0, 9.7, 10.0, 21.73, 9999.0, 23.8, 9999.0, 117.84, 127.8, 120.25, 91.25, 138.5
2024-11-07, 14:38:06, 136.5, 58.25, 22.93, 22.0, 9999.0, 9.68, 10.0, 21.73, 9999.0, 23.82, 9999.0, 117.84, 127.8, 120.25, 91.25, 138.5
2024-11-07, 14:38:10, 136.5, 58.25, 22.93, 22.0, 9999.0, 9.66, 10.0, 21.73, 9999.0, 23.84, 9999.0, 117.86, 127.8, 120.25, 91.25, 138.5
2024-11-07, 14:38:15, 136.5, 58.25, 22.93, 22.0, 9999.0, 9.64, 10.0, 21.73, 9999.0, 23.86, 9999.0, 117.86, 127.8, 120.27, 91.25, 138.5
2024-11-07, 14:38:19, 136.5, 58.25, 22.93, 22.0, 9999.0, 9.61, 10.0, 21.73, 9999.0, 23.89, 9999.0, 117.86, 127.8, 120.27, 91.25, 138.5
2024-11-07, 14:38:23, 136.5, 58.25, 22.95, 22.0, 9999.0, 9.59, 10.0, 21.73, 9999.0, 23.89, 9999.0, 117.84, 127.8, 120.27, 91.25, 138.5
2024-11-07, 14:38:27, 136.5, 58.25, 22.95, 22.0, 9999.0, 9.57, 10.0, 21.73, 9999.0, 23.89, 9999.0, 117.82, 127.8, 120.27, 91.25, 138.5
2024-11-07, 14:38:31, 136.5, 58.25, 22.93, 22.0, 9999.0, 9.57, 10.0, 21.73, 9999.0, 23.91, 9999.0, 117.8, 127.8, 120.27, 91.25, 138.5
2024-11-07, 14:38:35, 136.5, 58.25, 22.95, 22.0, 9999.0, 9.57, 10.0, 21.75, 9999.0, 23.93, 9999.0, 117.77, 127.8, 120.27, 91.25, 138.5
2024-11-07, 14:38:39, 136.5, 58.25, 22.95, 22.0, 9999.0, 9.57, 10.0, 21.75, 9999.0, 23.93, 9999.0, 117.77, 127.77, 120.27, 91.25, 138.5
2024-11-07, 14:38:43, 136.5, 58.25, 22.95, 22.0, 9999.0, 9.61, 10.0, 21.75, 9999.0, 23.91, 9999.0, 117.77, 127.75, 120.27, 91.25, 138.5
2024-11-07, 14:38:47, 136.5, 58.25, 22.98, 22.02, 9999.0, 9.64, 10.0, 21.75, 9999.0, 23.89, 9999.0, 117.75, 127.75, 120.27, 91.25, 138.5
2024-11-07, 14:38:51, 136.5, 58.25, 22.98, 22.02, 9999.0, 9.66, 10.0, 21.75, 9999.0, 23.86, 9999.0, 117.75, 127.75, 120.27, 91.25, 138.5
2024-11-07, 14:38:55, 136.5, 58.25, 22.98, 22.02, 9999.0, 9.68, 10.0, 21.75, 9999.0, 23.84, 9999.0, 117.75, 127.75, 120.27, 91.25, 138.5
2024-11-07, 14:38:59, 136.5, 58.25, 22.98, 22.02, 9999.0, 9.7, 10.0, 21.75, 9999.0, 23.82, 9999.0, 117.77, 127.75, 120.25, 91.25, 138.5
2024-11-07, 14:39:03, 136.5, 58.25, 22.98, 22.02, 9999.0, 9.73, 10.0, 21.75, 9999.0, 23.8, 9999.0, 117.8, 127.75, 120.25, 91.25, 138.5
2024-11-07, 14:39:07, 136.5, 58.25, 22.98, 22.02, 9999.0, 9.75, 10.0, 21.75, 9999.0, 23.77, 9999.0, 117.82, 127.77, 120.25, 91.25, 138.5
2024-11-07, 14:39:11, 136.5, 58.25, 22.98, 22.02, 9999.0, 9.77, 10.0, 21.75, 9999.0, 23.77, 9999.0, 117.84, 127.77, 120.25, 91.25, 138.5
2024-11-07, 14:39:15, 136.5, 58.25, 23.0, 22.02, 9999.0, 9.77, 10.0, 21.75, 9999.0, 23.75, 9999.0, 117.84, 127.77, 120.25, 91.25, 138.5
2024-11-07, 14:39:19, 136.5, 58.25, 23.0, 22.02, 9999.0, 9.75, 10.0, 21.75, 9999.0, 23.75, 9999.0, 117.86, 127.8, 120.25, 91.25, 138.5
2024-11-07, 14:39:23, 136.5, 58.25, 23.0, 22.02, 9999.0, 9.73, 10.0, 21.75, 9999.0, 23.77, 9999.0, 117.89, 127.82, 120.25, 91.25, 138.5
2024-11-07, 14:39:27, 136.5, 58.25, 23.0, 22.02, 9999.0, 9.68, 10.0, 21.75, 9999.0, 23.77, 9999.0, 117.89, 127.84, 120.25, 91.25, 138.5
2024-11-07, 14:39:31, 136.5, 58.25, 23.0, 22.0, 9999.0, 9.66, 10.0, 21.75, 9999.0, 23.8, 9999.0, 117.89, 127.86, 120.25, 91.25, 138.5
2024-11-07, 14:39:35, 136.5, 58.25, 23.0, 22.0, 9999.0, 9.64, 10.0, 21.75, 9999.0, 23.8, 9999.0, 117.89, 127.86, 120.25, 91.25, 138.5
2024-11-07, 14:39:39, 136.5, 58.25, 23.0, 22.0, 9999.0, 9.61, 10.0, 21.75, 9999.0, 23.82, 9999.0, 117.89, 127.86, 120.25, 91.25, 138.5
2024-11-07, 14:39:43, 136.5, 58.25, 23.0, 22.0, 9999.0, 9.59, 10.0, 21.75, 9999.0, 23.84, 9999.0, 117.86, 127.86, 120.25, 91.25, 138.5
2024-11-07, 14:39:47, 136.5, 58.25, 23.0, 22.0, 9999.0, 9.57, 10.0, 21.75, 9999.0, 23.84, 9999.0, 117.84, 127.89, 120.25, 91.25, 138.5
2024-11-07, 14:39:51, 136.5, 58.25, 23.0, 22.0, 9999.0, 9.57, 10.0, 21.75, 9999.0, 23.86, 9999.0, 117.82, 127.86, 120.25, 91.25, 138.5
2024-11-07, 14:39:55, 136.5, 58.25, 23.0, 22.02, 9999.0, 9.57, 10.0, 21.75, 9999.0, 23.86, 9999.0, 117.8, 127.86, 120.25, 91.25, 138.5
2024-11-07, 14:39:59, 136.5, 58.25, 22.98, 22.05, 9999.0, 9.57, 10.0, 21.75, 9999.0, 23.89, 9999.0, 117.8, 127.86, 120.25, 91.25, 138.5
2024-11-07, 14:40:03, 136.5, 58.25, 22.98, 22.05, 9999.0, 9.59, 10.0, 21.75, 9999.0, 23.86, 9999.0, 117.75, 127.84, 120.25, 91.25, 138.5
2024-11-07, 14:40:07, 136.5, 58.25, 22.98, 22.05, 9999.0, 9.61, 10.0, 21.75, 9999.0, 23.86, 9999.0, 117.73, 127.82, 120.25, 91.25, 138.5
2024-11-07, 14:40:11, 136.5, 58.25, 22.98, 22.05, 9999.0, 9.64, 10.0, 21.75, 9999.0, 23.86, 9999.0, 117.73, 127.8, 120.25, 91.25, 138.5
2024-11-07, 14:40:15, 136.5, 58.25, 22.98, 22.07, 9999.0, 9.66, 10.0, 21.75, 9999.0, 23.84, 9999.0, 117.73, 127.77, 120.25, 91.25, 138.5
2024-11-07, 14:40:19, 136.5, 58.25, 22.98, 22.07, 9999.0, 9.68, 10.0, 21.75, 9999.0, 23.84, 9999.0, 117.75, 127.8, 120.25, 91.25, 138.5
2024-11-07, 14:40:23, 136.5, 58.25, 22.98, 22.09, 9999.0, 9.7, 10.0, 21.75, 9999.0, 23.82, 9999.0, 117.77, 127.8, 120.25, 91.25, 138.5
2024-11-07, 14:40:27, 136.5, 58.25, 22.98, 22.09, 9999.0, 9.73, 10.0, 21.75, 9999.0, 23.8, 9999.0, 117.8, 127.8, 120.25, 91.25, 138.5
2024-11-07, 14:40:31, 136.5, 58.25, 22.98, 22.09, 9999.0, 9.75, 10.0, 21.75, 9999.0, 23.8, 9999.0, 117.82, 127.77, 120.25, 91.25, 138.5
2024-11-07, 14:40:35, 136.5, 58.25, 22.98, 22.11, 9999.0, 9.75, 10.0, 21.75, 9999.0, 23.8, 9999.0, 117.84, 127.77, 120.25, 91.25, 138.5
2024-11-07, 14:40:39, 136.5, 58.25, 22.98, 22.11, 9999.0, 9.73, 10.0, 21.75, 9999.0, 23.82, 9999.0, 117.86, 127.77, 120.25, 91.25, 138.5
2024-11-07, 14:40:43, 136.5, 58.25, 23.0, 22.09, 9999.0, 9.7, 10.0, 21.73, 9999.0, 23.82, 9999.0, 117.89, 127.8, 120.25, 91.25, 138.5
2024-11-07, 14:40:47, 136.5, 58.25, 23.0, 22.09, 9999.0, 9.68, 10.0, 21.73, 9999.0, 23.84, 9999.0, 117.93, 127.82, 120.25, 91.25, 138.5
2024-11-07, 14:40:51, 136.5, 58.25, 23.0, 22.11, 9999.0, 9.66, 10.0, 21.73, 9999.0, 23.84, 9999.0, 117.93, 127.82, 120.25, 91.25, 138.5
2024-11-07, 14:40:55, 136.5, 58.25, 23.0, 22.11, 9999.0, 9.64, 10.0, 21.73, 9999.0, 23.86, 9999.0, 117.93, 127.82, 120.25, 91.25, 138.5
2024-11-07, 14:40:59, 136.5, 58.27, 23.0, 22.09, 9999.0, 9.61, 10.0, 21.73, 9999.0, 23.86, 9999.0, 117.93, 127.82, 120.25, 91.25, 138.5
2024-11-07, 14:41:03, 136.5, 58.27, 23.0, 22.09, 9999.0, 9.59, 10.0, 21.73, 9999.0, 23.86, 9999.0, 117.91, 127.8, 120.25, 91.25, 138.5
2024-11-07, 14:41:07, 136.5, 58.27, 23.0, 22.07, 9999.0, 9.57, 10.0, 21.7, 9999.0, 23.89, 9999.0, 117.89, 127.8, 120.25, 91.25, 138.5
2024-11-07, 14:41:11, 136.52, 58.27, 23.0, 22.07, 9999.0, 9.57, 10.0, 21.7, 9999.0, 23.89, 9999.0, 117.86, 127.82, 120.25, 91.25, 138.52
2024-11-07, 14:41:15, 136.52, 58.27, 23.0, 22.07, 9999.0, 9.55, 10.0, 21.68, 9999.0, 23.89, 9999.0, 117.84, 127.82, 120.25, 91.25, 138.52
2024-11-07, 14:41:19, 136.52, 58.27, 23.0, 22.05, 9999.0, 9.55, 10.0, 21.68, 9999.0, 23.89, 9999.0, 117.82, 127.82, 120.25, 91.25, 138.52
2024-11-07, 14:41:23, 136.52, 58.27, 23.0, 22.05, 9999.0, 9.59, 10.0, 21.68, 9999.0, 23.86, 9999.0, 117.77, 127.82, 120.25, 91.25, 138.52
2024-11-07, 14:41:27, 136.52, 58.27, 23.0, 22.05, 9999.0, 9.61, 10.0, 21.7, 9999.0, 23.84, 9999.0, 117.77, 127.8, 120.25, 91.25, 138.52
2024-11-07, 14:41:31, 136.52, 58.27, 23.0, 22.07, 9999.0, 9.64, 10.0, 21.7, 9999.0, 23.82, 9999.0, 117.75, 127.77, 120.25, 91.25, 138.52
2024-11-07, 14:41:35, 136.52, 58.27, 23.0, 22.07, 9999.0, 9.66, 10.0, 21.7, 9999.0, 23.8, 9999.0, 117.75, 127.77, 120.25, 91.25, 138.52
2024-11-07, 14:41:39, 136.52, 58.27, 23.0, 22.07, 9999.0, 9.68, 10.0, 21.7, 9999.0, 23.77, 9999.0, 117.77, 127.8, 120.25, 91.25, 138.55
2024-11-07, 14:41:43, 136.52, 58.25, 23.0, 22.07, 9999.0, 9.7, 10.0, 21.7, 9999.0, 23.77, 9999.0, 117.8, 127.8, 120.25, 91.23, 138.55
2024-11-07, 14:41:47, 136.52, 58.25, 23.0, 22.09, 9999.0, 9.73, 10.02, 21.7, 9999.0, 23.8, 9999.0, 117.82, 127.8, 120.25, 91.23, 138.55
2024-11-07, 14:41:51, 136.52, 58.25, 23.0, 22.11, 9999.0, 9.75, 10.02, 21.73, 9999.0, 23.8, 9999.0, 117.84, 127.8, 120.27, 91.23, 138.55
2024-11-07, 14:41:55, 136.5, 58.25, 23.0, 22.11, 9999.0, 9.75, 10.02, 21.73, 9999.0, 23.82, 9999.0, 117.84, 127.8, 120.27, 91.23, 138.52
2024-11-07, 14:42:00, 136.5, 58.25, 23.0, 22.11, 9999.0, 9.75, 10.02, 21.75, 9999.0, 23.84, 9999.0, 117.84, 127.82, 120.27, 91.23, 138.52
2024-11-07, 14:42:04, 136.5, 58.25, 23.0, 22.11, 9999.0, 9.73, 10.02, 21.75, 9999.0, 23.86, 9999.0, 117.84, 127.84, 120.27, 91.23, 138.55
2024-11-07, 14:42:08, 136.5, 58.25, 23.0, 22.09, 9999.0, 9.68, 10.02, 21.75, 9999.0, 23.89, 9999.0, 117.86, 127.86, 120.27, 91.23, 138.57
2024-11-07, 14:42:12, 136.5, 58.25, 23.0, 22.09, 9999.0, 9.66, 10.02, 21.75, 9999.0, 23.91, 9999.0, 117.84, 127.89, 120.27, 91.23, 138.57
2024-11-07, 14:42:16, 136.5, 58.25, 23.0, 22.09, 9999.0, 9.64, 10.02, 21.75, 9999.0, 23.93, 9999.0, 117.84, 127.89, 120.27, 91.23, 138.57
2024-11-07, 14:42:20, 136.5, 58.25, 23.0, 22.09, 9999.0, 9.61, 10.02, 21.75, 9999.0, 23.95, 9999.0, 117.84, 127.91, 120.27, 91.23, 138.57
2024-11-07, 14:42:24, 136.5, 58.25, 23.0, 22.11, 9999.0, 9.59, 10.02, 21.75, 9999.0, 23.95, 9999.0, 117.82, 127.89, 120.27, 91.23, 138.55
2024-11-07, 14:42:28, 136.5, 58.25, 23.0, 22.11, 9999.0, 9.57, 10.02, 21.75, 9999.0, 23.95, 9999.0, 117.8, 127.89, 120.27, 91.25, 138.55
2024-11-07, 14:42:32, 136.5, 58.25, 22.98, 22.09, 9999.0, 9.57, 10.0, 21.75, 9999.0, 23.93, 9999.0, 117.77, 127.89, 120.27, 91.25, 138.55
2024-11-07, 14:42:36, 136.5, 58.25, 22.95, 22.07, 9999.0, 9.57, 10.0, 21.75, 9999.0, 23.91, 9999.0, 117.73, 127.89, 120.25, 91.25, 138.55
2024-11-07, 14:42:40, 136.5, 58.25, 22.95, 22.07, 9999.0, 9.57, 10.0, 21.75, 9999.0, 23.91, 9999.0, 117.73, 127.86, 120.25, 91.25, 138.55
2024-11-07, 14:42:44, 136.5, 58.25, 22.95, 22.07, 9999.0, 9.61, 10.0, 21.75, 9999.0, 23.91, 9999.0, 117.7, 127.84, 120.25, 91.25, 138.55
2024-11-07, 14:42:48, 136.52, 58.25, 22.93, 22.07, 9999.0, 9.64, 10.0, 21.75, 9999.0, 23.89, 9999.0, 117.7, 127.82, 120.25, 91.25, 138.52
2024-11-07, 14:42:52, 136.52, 58.25, 22.93, 22.07, 9999.0, 9.66, 10.0, 21.75, 9999.0, 23.86, 9999.0, 117.7, 127.8, 120.25, 91.25, 138.5
2024-11-07, 14:42:56, 136.52, 58.27, 22.93, 22.07, 9999.0, 9.68, 10.0, 21.75, 9999.0, 23.84, 9999.0, 117.73, 127.77, 120.25, 91.25, 138.5
2024-11-07, 14:43:00, 136.52, 58.27, 22.93, 22.05, 9999.0, 9.7, 10.0, 21.75, 9999.0, 23.82, 9999.0, 117.75, 127.77, 120.25, 91.25, 138.5
2024-11-07, 14:43:04, 136.52, 58.27, 22.93, 22.02, 9999.0, 9.73, 10.0, 21.75, 9999.0, 23.8, 9999.0, 117.75, 127.77, 120.25, 91.25, 138.52
2024-11-07, 14:43:08, 136.52, 58.27, 22.93, 22.02, 9999.0, 9.75, 10.0, 21.75, 9999.0, 23.8, 9999.0, 117.77, 127.77, 120.25, 91.25, 138.55
2024-11-07, 14:43:12, 136.52, 58.27, 22.93, 22.02, 9999.0, 9.77, 10.0, 21.75, 9999.0, 23.8, 9999.0, 117.8, 127.77, 120.25, 91.25, 138.55
2024-11-07, 14:43:16, 136.52, 58.27, 22.95, 22.02, 9999.0, 9.77, 10.0, 21.75, 9999.0, 23.82, 9999.0, 117.82, 127.8, 120.25, 91.25, 138.55
2024-11-07, 14:43:20, 136.52, 58.27, 22.98, 22.05, 9999.0, 9.75, 10.0, 21.75, 9999.0, 23.84, 9999.0, 117.84, 127.82, 120.25, 91.25, 138.55
2024-11-07, 14:43:24, 136.52, 58.27, 22.98, 22.07, 9999.0, 9.73, 10.0, 21.75, 9999.0, 23.84, 9999.0, 117.84, 127.82, 120.25, 91.25, 138.55
2024-11-07, 14:43:28, 136.52, 58.27, 22.98, 22.09, 9999.0, 9.68, 10.0, 21.75, 9999.0, 23.82, 9999.0, 117.86, 127.84, 120.25, 91.25, 138.57
2024-11-07, 14:43:32, 136.5, 58.27, 23.0, 22.09, 9999.0, 9.66, 10.0, 21.75, 9999.0, 23.82, 9999.0, 117.86, 127.84, 120.25, 91.25, 138.57
2024-11-07, 14:43:36, 136.5, 58.3, 23.0, 22.09, 9999.0, 9.64, 10.0, 21.75, 9999.0, 23.82, 9999.0, 117.86, 127.84, 120.25, 91.25, 138.57
2024-11-07, 14:43:40, 136.5, 58.27, 23.0, 22.09, 9999.0, 9.61, 10.0, 21.73, 9999.0, 23.82, 9999.0, 117.84, 127.84, 120.25, 91.25, 138.59
2024-11-07, 14:43:44, 136.5, 58.27, 22.98, 22.09, 9999.0, 9.59, 10.0, 21.73, 9999.0, 23.82, 9999.0, 117.8, 127.84, 120.25, 91.25, 138.59
2024-11-07, 14:43:48, 136.5, 58.27, 22.98, 22.09, 9999.0, 9.59, 10.0, 21.7, 9999.0, 23.82, 9999.0, 117.77, 127.82, 120.25, 91.25, 138.57
2024-11-07, 14:43:52, 136.5, 58.27, 22.98, 22.07, 9999.0, 9.59, 10.0, 21.7, 9999.0, 23.82, 9999.0, 117.75, 127.82, 120.25, 91.25, 138.55
2024-11-07, 14:43:56, 136.5, 58.27, 22.95, 22.07, 9999.0, 9.59, 10.0, 21.7, 9999.0, 23.82, 9999.0, 117.7, 127.82, 120.25, 91.25, 138.55
2024-11-07, 14:44:00, 136.5, 58.27, 22.93, 22.07, 9999.0, 9.59, 10.0, 21.7, 9999.0, 23.8, 9999.0, 117.66, 127.8, 120.25, 91.25, 138.55
2024-11-07, 14:44:04, 136.5, 58.27, 22.93, 22.05, 9999.0, 9.64, 10.0, 21.7, 9999.0, 23.77, 9999.0, 117.68, 127.77, 120.25, 91.25, 138.55
2024-11-07, 14:44:08, 136.5, 58.27, 22.91, 22.02, 9999.0, 9.66, 10.0, 21.7, 9999.0, 23.75, 9999.0, 117.68, 127.77, 120.25, 91.25, 138.55
2024-11-07, 14:44:12, 136.5, 58.27, 22.91, 22.0, 9999.0, 9.68, 10.0, 21.7, 9999.0, 23.75, 9999.0, 117.68, 127.75, 120.25, 91.25, 138.52
2024-11-07, 14:44:16, 136.5, 58.27, 22.91, 22.02, 9999.0, 9.7, 10.0, 21.68, 9999.0, 23.75, 9999.0, 117.7, 127.75, 120.25, 91.25, 138.52
2024-11-07, 14:44:20, 136.5, 58.25, 22.91, 22.02, 9999.0, 9.73, 10.0, 21.68, 9999.0, 23.75, 9999.0, 117.73, 127.77, 120.25, 91.25, 138.52
2024-11-07, 14:44:24, 136.5, 58.27, 22.91, 22.02, 9999.0, 9.75, 10.0, 21.7, 9999.0, 23.75, 9999.0, 117.75, 127.8, 120.25, 91.25, 138.5
2024-11-07, 14:44:28, 136.5, 58.27, 22.93, 22.02, 9999.0, 9.77, 10.0, 21.7, 9999.0, 23.77, 9999.0, 117.8, 127.8, 120.25, 91.25, 138.5
2024-11-07, 14:44:32, 136.5, 58.27, 22.93, 22.02, 9999.0, 9.77, 10.0, 21.73, 9999.0, 23.77, 9999.0, 117.82, 127.8, 120.25, 91.25, 138.5
2024-11-07, 14:44:36, 136.5, 58.27, 22.93, 22.02, 9999.0, 9.75, 10.0, 21.7, 9999.0, 23.8, 9999.0, 117.84, 127.82, 120.25, 91.25, 138.52
2024-11-07, 14:44:40, 136.5, 58.27, 22.95, 22.02, 9999.0, 9.73, 10.0, 21.68, 9999.0, 23.82, 9999.0, 117.89, 127.82, 120.25, 91.25, 138.52
2024-11-07, 14:44:44, 136.52, 58.27, 22.98, 22.02, 9999.0, 9.7, 10.0, 21.68, 9999.0, 23.84, 9999.0, 117.91, 127.84, 120.25, 91.25, 138.52
2024-11-07, 14:44:48, 136.52, 58.27, 22.98, 22.02, 9999.0, 9.66, 10.0, 21.66, 9999.0, 23.86, 9999.0, 117.89, 127.86, 120.25, 91.25, 138.55
2024-11-07, 14:44:52, 136.52, 58.27, 23.0, 22.05, 9999.0, 9.64, 10.0, 21.66, 9999.0, 23.89, 9999.0, 117.89, 127.89, 120.25, 91.25, 138.55
2024-11-07, 14:44:56, 136.52, 58.27, 23.0, 22.05, 9999.0, 9.61, 10.0, 21.66, 9999.0, 23.91, 9999.0, 117.89, 127.91, 120.25, 91.25, 138.55
2024-11-07, 14:45:00, 136.55, 58.3, 23.0, 22.02, 9999.0, 9.59, 10.0, 21.68, 9999.0, 23.93, 9999.0, 117.86, 127.93, 120.25, 91.25, 138.55
2024-11-07, 14:45:04, 136.57, 58.3, 23.0, 22.02, 9999.0, 9.57, 10.0, 21.68, 9999.0, 23.95, 9999.0, 117.84, 127.91, 120.25, 91.25, 138.55
2024-11-07, 14:45:08, 136.59, 58.27, 23.0, 22.02, 9999.0, 9.57, 10.0, 21.66, 9999.0, 23.95, 9999.0, 117.82, 127.89, 120.25, 91.25, 138.55
2024-11-07, 14:45:12, 136.61, 58.27, 23.0, 22.02, 9999.0, 9.57, 10.0, 21.66, 9999.0, 23.95, 9999.0, 117.77, 127.91, 120.25, 91.25, 138.55
2024-11-07, 14:45:16, 136.64, 58.27, 23.0, 22.02, 9999.0, 9.57, 10.0, 21.66, 9999.0, 23.95, 9999.0, 117.75, 127.91, 120.25, 91.25, 138.55
2024-11-07, 14:45:20, 136.64, 58.27, 23.0, 22.05, 9999.0, 9.59, 10.0, 21.68, 9999.0, 23.95, 9999.0, 117.7, 127.89, 120.25, 91.25, 138.52
2024-11-07, 14:45:24, 136.64, 58.27, 22.98, 22.05, 9999.0, 9.61, 10.0, 21.7, 9999.0, 23.95, 9999.0, 117.68, 127.89, 120.25, 91.25, 138.52
2024-11-07, 14:45:28, 136.61, 58.27, 22.98, 22.05, 9999.0, 9.64, 10.0, 21.7, 9999.0, 23.95, 9999.0, 117.68, 127.86, 120.25, 91.25, 138.52
2024-11-07, 14:45:32, 136.61, 58.27, 22.98, 22.05, 9999.0, 9.66, 10.0, 21.73, 9999.0, 23.95, 9999.0, 117.7, 127.84, 120.25, 91.25, 138.5
2024-11-07, 14:45:36, 136.61, 58.27, 22.98, 22.02, 9999.0, 9.68, 10.0, 21.73, 9999.0, 23.93, 9999.0, 117.73, 127.82, 120.25, 91.25, 138.5
2024-11-07, 14:45:40, 136.61, 58.27, 22.98, 22.05, 9999.0, 9.7, 10.0, 21.73, 9999.0, 23.91, 9999.0, 117.75, 127.82, 120.25, 91.25, 138.5
2024-11-07, 14:45:44, 136.59, 58.25, 22.98, 22.07, 9999.0, 9.73, 10.0, 21.73, 9999.0, 23.91, 9999.0, 117.77, 127.8, 120.25, 91.25, 138.5
2024-11-07, 14:45:49, 136.57, 58.25, 22.95, 22.09, 9999.0, 9.75, 10.0, 21.73, 9999.0, 23.91, 9999.0, 117.8, 127.8, 120.25, 91.25, 138.5
2024-11-07, 14:45:53, 136.55, 58.25, 22.95, 22.11, 9999.0, 9.75, 10.0, 21.75, 9999.0, 23.93, 9999.0, 117.82, 127.82, 120.25, 91.25, 138.52
2024-11-07, 14:45:57, 136.52, 58.25, 22.95, 22.11, 9999.0, 9.75, 10.0, 21.75, 9999.0, 23.95, 9999.0, 117.84, 127.8, 120.25, 91.25, 138.52
2024-11-07, 14:46:01, 136.5, 58.25, 22.95, 22.11, 9999.0, 9.73, 10.0, 21.73, 9999.0, 24.0, 9999.0, 117.86, 127.8, 120.25, 91.25, 138.52
2024-11-07, 14:46:05, 136.5, 58.25, 22.95, 22.11, 9999.0, 9.7, 10.0, 21.73, 9999.0, 24.02, 9999.0, 117.89, 127.82, 120.25, 91.25, 138.52
2024-11-07, 14:46:09, 136.5, 58.25, 22.98, 22.11, 9999.0, 9.68, 10.0, 21.73, 9999.0, 24.02, 9999.0, 117.89, 127.84, 120.25, 91.25, 138.52
2024-11-07, 14:46:13, 136.52, 58.25, 22.98, 22.11, 9999.0, 9.66, 10.0, 21.7, 9999.0, 24.02, 9999.0, 117.89, 127.86, 120.25, 91.25, 138.55
2024-11-07, 14:46:17, 136.55, 58.25, 22.98, 22.14, 9999.0, 9.64, 10.0, 21.7, 9999.0, 24.02, 9999.0, 117.86, 127.86, 120.25, 91.25, 138.55
2024-11-07, 14:46:21, 136.55, 58.25, 22.98, 22.16, 9999.0, 9.61, 10.0, 21.68, 9999.0, 24.05, 9999.0, 117.84, 127.86, 120.25, 91.25, 138.55
2024-11-07, 14:46:25, 136.55, 58.25, 22.98, 22.16, 9999.0, 9.61, 10.0, 21.68, 9999.0, 24.07, 9999.0, 117.82, 127.84, 120.25, 91.25, 138.55
2024-11-07, 14:46:29, 136.55, 58.25, 22.98, 22.14, 9999.0, 9.61, 10.0, 21.68, 9999.0, 24.07, 9999.0, 117.8, 127.84, 120.25, 91.25, 138.55
2024-11-07, 14:46:33, 136.55, 58.25, 23.0, 22.11, 9999.0, 9.61, 10.0, 21.68, 9999.0, 24.07, 9999.0, 117.77, 127.84, 120.25, 91.25, 138.55
2024-11-07, 14:46:37, 136.57, 58.25, 23.0, 22.09, 9999.0, 9.64, 10.0, 21.68, 9999.0, 24.05, 9999.0, 117.75, 127.84, 120.25, 91.25, 138.52
2024-11-07, 14:46:41, 136.57, 58.27, 23.0, 22.09, 9999.0, 9.66, 10.0, 21.68, 9999.0, 24.0, 9999.0, 117.73, 127.84, 120.25, 91.25, 138.55
2024-11-07, 14:46:45, 136.57, 58.27, 22.98, 22.09, 9999.0, 9.68, 10.0, 21.7, 9999.0, 23.95, 9999.0, 117.73, 127.84, 120.25, 91.25, 138.55
2024-11-07, 14:46:49, 136.57, 58.27, 22.98, 22.09, 9999.0, 9.7, 10.0, 21.7, 9999.0, 23.91, 9999.0, 117.73, 127.82, 120.25, 91.25, 138.55
2024-11-07, 14:46:53, 136.57, 58.27, 22.98, 22.11, 9999.0, 9.73, 10.0, 21.68, 9999.0, 23.89, 9999.0, 117.75, 127.82, 120.25, 91.25, 138.55
2024-11-07, 14:46:57, 136.55, 58.27, 22.98, 22.14, 9999.0, 9.75, 10.0, 21.7, 9999.0, 23.89, 9999.0, 117.77, 127.8, 120.25, 91.25, 138.52
2024-11-07, 14:47:01, 136.52, 58.27, 22.98, 22.11, 9999.0, 9.77, 10.0, 21.7, 9999.0, 23.89, 9999.0, 117.8, 127.82, 120.25, 91.25, 138.52
2024-11-07, 14:47:05, 136.52, 58.27, 22.98, 22.11, 9999.0, 9.8, 10.0, 21.73, 9999.0, 23.89, 9999.0, 117.82, 127.82, 120.25, 91.25, 138.52
2024-11-07, 14:47:09, 136.52, 58.27, 22.98, 22.09, 9999.0, 9.77, 10.0, 21.73, 9999.0, 23.89, 9999.0, 117.82, 127.82, 120.25, 91.25, 138.52
2024-11-07, 14:47:13, 136.52, 58.27, 22.98, 22.09, 9999.0, 9.77, 10.0, 21.73, 9999.0, 23.89, 9999.0, 117.84, 127.84, 120.25, 91.25, 138.55
2024-11-07, 14:47:17, 136.52, 58.27, 22.95, 22.09, 9999.0, 9.77, 10.0, 21.73, 9999.0, 23.89, 9999.0, 117.86, 127.86, 120.25, 91.25, 138.57
2024-11-07, 14:47:21, 136.5, 58.27, 22.95, 22.09, 9999.0, 9.73, 10.0, 21.7, 9999.0, 23.91, 9999.0, 117.86, 127.84, 120.25, 91.25, 138.57
2024-11-07, 14:47:25, 136.5, 58.25, 22.95, 22.09, 9999.0, 9.7, 10.0, 21.7, 9999.0, 23.93, 9999.0, 117.89, 127.86, 120.25, 91.25, 138.57
2024-11-07, 14:47:29, 136.5, 58.25, 22.98, 22.09, 9999.0, 9.7, 10.0, 21.68, 9999.0, 23.95, 9999.0, 117.89, 127.86, 120.25, 91.25, 138.57
2024-11-07, 14:47:33, 136.5, 58.25, 22.95, 22.07, 9999.0, 9.68, 10.0, 21.68, 9999.0, 23.98, 9999.0, 117.89, 127.86, 120.25, 91.25, 138.57
2024-11-07, 14:47:37, 136.5, 58.25, 22.95, 22.05, 9999.0, 9.66, 10.0, 21.7, 9999.0, 24.0, 9999.0, 117.86, 127.86, 120.25, 91.25, 138.57
2024-11-07, 14:47:41, 136.5, 58.25, 22.95, 22.02, 9999.0, 9.66, 10.0, 21.7, 9999.0, 23.98, 9999.0, 117.84, 127.86, 120.25, 91.25, 138.57
2024-11-07, 14:47:45, 136.5, 58.25, 22.95, 22.02, 9999.0, 9.66, 10.0, 21.7, 9999.0, 23.95, 9999.0, 117.82, 127.84, 120.25, 91.25, 138.59
2024-11-07, 14:47:49, 136.5, 58.25, 22.95, 22.0, 9999.0, 9.66, 10.0, 21.68, 9999.0, 23.93, 9999.0, 117.8, 127.84, 120.25, 91.25, 138.59
2024-11-07, 14:47:53, 136.5, 58.25, 22.95, 22.0, 9999.0, 9.68, 10.0, 21.68, 9999.0, 23.91, 9999.0, 117.8, 127.84, 120.25, 91.25, 138.59
2024-11-07, 14:47:57, 136.5, 58.25, 22.95, 22.0, 9999.0, 9.7, 10.0, 21.68, 9999.0, 23.89, 9999.0, 117.75, 127.84, 120.25, 91.25, 138.57
2024-11-07, 14:48:01, 136.5, 58.25, 22.98, 22.0, 9999.0, 9.7, 10.0, 21.68, 9999.0, 23.86, 9999.0, 117.73, 127.82, 120.25, 91.25, 138.55
2024-11-07, 14:48:05, 136.5, 58.25, 22.98, 22.0, 9999.0, 9.73, 10.0, 21.7, 9999.0, 23.84, 9999.0, 117.73, 127.82, 120.25, 91.25, 138.55
2024-11-07, 14:48:09, 136.5, 58.25, 22.98, 22.0, 9999.0, 9.73, 10.0, 21.7, 9999.0, 23.82, 9999.0, 117.73, 127.8, 120.25, 91.25, 138.55
2024-11-07, 14:48:13, 136.5, 58.25, 22.98, 22.0, 9999.0, 9.73, 10.0, 21.73, 9999.0, 23.8, 9999.0, 117.75, 127.82, 120.25, 91.25, 138.57
2024-11-07, 14:48:17, 136.5, 58.25, 23.0, 22.02, 9999.0, 9.75, 10.0, 21.73, 9999.0, 23.77, 9999.0, 117.77, 127.82, 120.25, 91.25, 138.57
2024-11-07, 14:48:21, 136.5, 58.25, 23.0, 22.02, 9999.0, 9.77, 10.0, 21.73, 9999.0, 23.75, 9999.0, 117.8, 127.82, 120.25, 91.25, 138.57
2024-11-07, 14:48:25, 136.52, 58.25, 23.0, 22.02, 9999.0, 9.77, 10.0, 21.73, 9999.0, 23.75, 9999.0, 117.82, 127.84, 120.25, 91.25, 138.57
2024-11-07, 14:48:29, 136.52, 58.25, 23.0, 22.02, 9999.0, 9.77, 10.0, 21.73, 9999.0, 23.77, 9999.0, 117.82, 127.86, 120.25, 91.25, 138.55
2024-11-07, 14:48:33, 136.55, 58.25, 23.0, 22.02, 9999.0, 9.77, 10.0, 21.75, 9999.0, 23.8, 9999.0, 117.82, 127.86, 120.25, 91.25, 138.55
2024-11-07, 14:48:37, 136.55, 58.25, 23.0, 22.05, 9999.0, 9.77, 10.0, 21.75, 9999.0, 23.82, 9999.0, 117.82, 127.89, 120.25, 91.25, 138.55
2024-11-07, 14:48:41, 136.55, 58.27, 23.0, 22.07, 9999.0, 9.73, 10.0, 21.75, 9999.0, 23.84, 9999.0, 117.84, 127.89, 120.25, 91.25, 138.55
2024-11-07, 14:48:45, 136.55, 58.27, 23.0, 22.07, 9999.0, 9.73, 10.0, 21.75, 9999.0, 23.89, 9999.0, 117.84, 127.91, 120.25, 91.25, 138.55
2024-11-07, 14:48:49, 136.57, 58.27, 23.0, 22.07, 9999.0, 9.7, 10.0, 21.75, 9999.0, 23.91, 9999.0, 117.84, 127.93, 120.25, 91.25, 138.55
2024-11-07, 14:48:53, 136.59, 58.27, 23.0, 22.07, 9999.0, 9.68, 10.0, 21.75, 9999.0, 23.93, 9999.0, 117.84, 127.95, 120.25, 91.25, 138.52
2024-11-07, 14:48:57, 136.59, 58.27, 23.0, 22.09, 9999.0, 9.66, 10.0, 21.75, 9999.0, 23.95, 9999.0, 117.82, 127.95, 120.25, 91.25, 138.5
2024-11-07, 14:49:01, 136.59, 58.27, 23.0, 22.07, 9999.0, 9.64, 10.0, 21.75, 9999.0, 23.98, 9999.0, 117.8, 127.95, 120.25, 91.25, 138.5
2024-11-07, 14:49:05, 136.59, 58.27, 22.98, 22.07, 9999.0, 9.64, 10.0, 21.75, 9999.0, 23.98, 9999.0, 117.77, 127.93, 120.25, 91.25, 138.5
2024-11-07, 14:49:09, 136.57, 58.27, 22.98, 22.07, 9999.0, 9.64, 10.0, 21.75, 9999.0, 24.0, 9999.0, 117.73, 127.93, 120.25, 91.25, 138.5
2024-11-07, 14:49:13, 136.57, 58.27, 22.98, 22.07, 9999.0, 9.64, 10.0, 21.73, 9999.0, 24.0, 9999.0, 117.73, 127.91, 120.25, 91.25, 138.5
2024-11-07, 14:49:17, 136.55, 58.27, 22.98, 22.07, 9999.0, 9.66, 10.0, 21.73, 9999.0, 24.0, 9999.0, 117.7, 127.93, 120.25, 91.25, 138.5
2024-11-07, 14:49:21, 136.55, 58.27, 22.98, 22.07, 9999.0, 9.68, 10.0, 21.73, 9999.0, 24.0, 9999.0, 117.7, 127.91, 120.25, 91.25, 138.5
2024-11-07, 14:49:26, 136.55, 58.25, 22.98, 22.05, 9999.0, 9.7, 10.0, 21.73, 9999.0, 23.98, 9999.0, 117.7, 127.89, 120.25, 91.25, 138.5
2024-11-07, 14:49:30, 136.55, 58.25, 22.98, 22.05, 9999.0, 9.7, 10.0, 21.73, 9999.0, 23.93, 9999.0, 117.73, 127.86, 120.25, 91.25, 138.5
2024-11-07, 14:49:34, 136.52, 58.25, 22.98, 22.05, 9999.0, 9.73, 10.0, 21.73, 9999.0, 23.91, 9999.0, 117.75, 127.84, 120.25, 91.25, 138.5
2024-11-07, 14:49:38, 136.5, 58.25, 22.98, 22.05, 9999.0, 9.75, 10.0, 21.73, 9999.0, 23.89, 9999.0, 117.77, 127.82, 120.25, 91.25, 138.52
2024-11-07, 14:49:42, 136.5, 58.25, 22.98, 22.05, 9999.0, 9.77, 10.0, 21.73, 9999.0, 23.89, 9999.0, 117.8, 127.82, 120.25, 91.25, 138.52
2024-11-07, 14:49:46, 136.5, 58.25, 22.98, 22.07, 9999.0, 9.8, 10.0, 21.73, 9999.0, 23.89, 9999.0, 117.82, 127.82, 120.25, 91.25, 138.52
2024-11-07, 14:49:50, 136.5, 58.25, 23.0, 22.09, 9999.0, 9.8, 10.0, 21.7, 9999.0, 23.91, 9999.0, 117.82, 127.82, 120.25, 91.25, 138.55
2024-11-07, 14:49:54, 136.5, 58.25, 23.0, 22.11, 9999.0, 9.8, 10.0, 21.7, 9999.0, 23.93, 9999.0, 117.84, 127.8, 120.25, 91.25, 138.57
2024-11-07, 14:49:58, 136.5, 58.25, 23.0, 22.11, 9999.0, 9.8, 10.0, 21.73, 9999.0, 23.95, 9999.0, 117.86, 127.82, 120.25, 91.25, 138.59
2024-11-07, 14:50:02, 136.52, 58.25, 23.0, 22.14, 9999.0, 9.75, 10.0, 21.73, 9999.0, 23.98, 9999.0, 117.89, 127.82, 120.25, 91.25, 138.59
2024-11-07, 14:50:06, 136.52, 58.25, 23.0, 22.14, 9999.0, 9.7, 10.0, 21.73, 9999.0, 24.0, 9999.0, 117.89, 127.82, 120.25, 91.25, 138.59
2024-11-07, 14:50:10, 136.52, 58.25, 23.0, 22.14, 9999.0, 9.68, 10.0, 21.73, 9999.0, 24.05, 9999.0, 117.89, 127.84, 120.25, 91.25, 138.59
2024-11-07, 14:50:14, 136.52, 58.25, 23.0, 22.14, 9999.0, 9.66, 10.0, 21.73, 9999.0, 24.07, 9999.0, 117.86, 127.84, 120.25, 91.25, 138.59
2024-11-07, 14:50:18, 136.52, 58.25, 23.0, 22.14, 9999.0, 9.64, 10.0, 21.7, 9999.0, 24.09, 9999.0, 117.84, 127.86, 120.25, 91.25, 138.59
2024-11-07, 14:50:22, 136.52, 58.25, 23.0, 22.16, 9999.0, 9.61, 10.0, 21.7, 9999.0, 24.11, 9999.0, 117.82, 127.86, 120.25, 91.25, 138.57
2024-11-07, 14:50:26, 136.52, 58.25, 23.0, 22.14, 9999.0, 9.59, 10.0, 21.7, 9999.0, 24.11, 9999.0, 117.8, 127.84, 120.25, 91.25, 138.59
2024-11-07, 14:50:30, 136.52, 58.25, 23.0, 22.11, 9999.0, 9.59, 10.0, 21.7, 9999.0, 24.11, 9999.0, 117.77, 127.84, 120.25, 91.25, 138.61
2024-11-07, 14:50:34, 136.52, 58.25, 23.0, 22.09, 9999.0, 9.59, 10.0, 21.73, 9999.0, 24.11, 9999.0, 117.75, 127.84, 120.25, 91.25, 138.59
2024-11-07, 14:50:38, 136.52, 58.25, 23.0, 22.07, 9999.0, 9.61, 10.0, 21.73, 9999.0, 24.07, 9999.0, 117.73, 127.84, 120.25, 91.25, 138.59
2024-11-07, 14:50:42, 136.52, 58.25, 23.0, 22.09, 9999.0, 9.64, 10.0, 21.73, 9999.0, 24.05, 9999.0, 117.7, 127.82, 120.25, 91.25, 138.57
2024-11-07, 14:50:46, 136.5, 58.25, 23.0, 22.07, 9999.0, 9.66, 10.0, 21.73, 9999.0, 24.02, 9999.0, 117.7, 127.8, 120.25, 91.25, 138.57
2024-11-07, 14:50:50, 136.5, 58.25, 23.0, 22.05, 9999.0, 9.68, 10.0, 21.73, 9999.0, 23.98, 9999.0, 117.73, 127.82, 120.25, 91.25, 138.57
2024-11-07, 14:50:54, 136.5, 58.25, 23.0, 22.05, 9999.0, 9.7, 10.0, 21.73, 9999.0, 23.93, 9999.0, 117.75, 127.82, 120.25, 91.25, 138.57
2024-11-07, 14:50:58, 136.5, 58.25, 23.0, 22.07, 9999.0, 9.73, 10.0, 21.73, 9999.0, 23.91, 9999.0, 117.77, 127.84, 120.25, 91.25, 138.57
2024-11-07, 14:51:02, 136.5, 58.25, 22.98, 22.09, 9999.0, 9.75, 10.0, 21.75, 9999.0, 23.91, 9999.0, 117.8, 127.84, 120.25, 91.25, 138.57
2024-11-07, 14:51:06, 136.5, 58.25, 22.98, 22.09, 9999.0, 9.77, 10.0, 21.73, 9999.0, 23.91, 9999.0, 117.82, 127.86, 120.25, 91.25, 138.57
2024-11-07, 14:51:10, 136.5, 58.25, 22.98, 22.09, 9999.0, 9.77, 10.0, 21.73, 9999.0, 23.91, 9999.0, 117.84, 127.86, 120.25, 91.25, 138.55
2024-11-07, 14:51:14, 136.5, 58.27, 22.98, 22.09, 9999.0, 9.77, 10.0, 21.73, 9999.0, 23.93, 9999.0, 117.86, 127.89, 120.25, 91.25, 138.55
2024-11-07, 14:51:18, 136.5, 58.27, 22.98, 22.09, 9999.0, 9.75, 10.0, 21.73, 9999.0, 23.95, 9999.0, 117.89, 127.91, 120.25, 91.25, 138.55
2024-11-07, 14:51:22, 136.5, 58.27, 22.98, 22.11, 9999.0, 9.7, 10.0, 21.73, 9999.0, 24.0, 9999.0, 117.91, 127.91, 120.25, 91.25, 138.52
2024-11-07, 14:51:26, 136.52, 58.27, 22.98, 22.09, 9999.0, 9.66, 10.0, 21.73, 9999.0, 24.02, 9999.0, 117.91, 127.93, 120.25, 91.25, 138.52
2024-11-07, 14:51:30, 136.52, 58.27, 22.98, 22.09, 9999.0, 9.64, 10.0, 21.73, 9999.0, 24.05, 9999.0, 117.91, 127.93, 120.25, 91.25, 138.52
2024-11-07, 14:51:34, 136.55, 58.27, 22.98, 22.09, 9999.0, 9.61, 10.0, 21.73, 9999.0, 24.07, 9999.0, 117.89, 127.91, 120.25, 91.25, 138.52
2024-11-07, 14:51:38, 136.55, 58.27, 22.98, 22.09, 9999.0, 9.59, 10.0, 21.73, 9999.0, 24.09, 9999.0, 117.86, 127.89, 120.25, 91.25, 138.52
2024-11-07, 14:51:42, 136.55, 58.27, 22.98, 22.09, 9999.0, 9.59, 10.0, 21.7, 9999.0, 24.11, 9999.0, 117.84, 127.86, 120.25, 91.25, 138.52
2024-11-07, 14:51:46, 136.55, 58.27, 23.0, 22.09, 9999.0, 9.59, 10.0, 21.7, 9999.0, 24.11, 9999.0, 117.8, 127.84, 120.25, 91.25, 138.52
2024-11-07, 14:51:50, 136.55, 58.27, 23.0, 22.09, 9999.0, 9.59, 10.0, 21.73, 9999.0, 24.11, 9999.0, 117.77, 127.82, 120.25, 91.25, 138.52
2024-11-07, 14:51:54, 136.55, 58.3, 23.0, 22.11, 9999.0, 9.64, 10.0, 21.73, 9999.0, 24.11, 9999.0, 117.75, 127.82, 120.25, 91.25, 138.55
2024-11-07, 14:51:58, 136.55, 58.27, 23.0, 22.11, 9999.0, 9.66, 10.0, 21.73, 9999.0, 24.09, 9999.0, 117.75, 127.8, 120.25, 91.25, 138.52
2024-11-07, 14:52:02, 136.55, 58.27, 23.0, 22.14, 9999.0, 9.68, 10.0, 21.73, 9999.0, 24.07, 9999.0, 117.75, 127.77, 120.25, 91.25, 138.52
2024-11-07, 14:52:06, 136.55, 58.27, 23.0, 22.11, 9999.0, 9.7, 10.0, 21.73, 9999.0, 24.05, 9999.0, 117.75, 127.77, 120.25, 91.25, 138.52
2024-11-07, 14:52:10, 136.52, 58.27, 23.0, 22.11, 9999.0, 9.73, 10.0, 21.73, 9999.0, 24.02, 9999.0, 117.77, 127.75, 120.25, 91.25, 138.52
2024-11-07, 14:52:14, 136.52, 58.27, 23.0, 22.11, 9999.0, 9.75, 10.0, 21.73, 9999.0, 24.0, 9999.0, 117.8, 127.77, 120.25, 91.25, 138.52
2024-11-07, 14:52:18, 136.5, 58.27, 23.0, 22.14, 9999.0, 9.77, 10.0, 21.7, 9999.0, 24.0, 9999.0, 117.82, 127.77, 120.25, 91.25, 138.55
2024-11-07, 14:52:22, 136.5, 58.27, 22.98, 22.16, 9999.0, 9.8, 10.0, 21.7, 9999.0, 24.0, 9999.0, 117.84, 127.77, 120.25, 91.25, 138.55
2024-11-07, 14:52:26, 136.5, 58.27, 22.98, 22.16, 9999.0, 9.8, 10.0, 21.73, 9999.0, 24.0, 9999.0, 117.86, 127.77, 120.25, 91.25, 138.55
2024-11-07, 14:52:30, 136.5, 58.27, 22.98, 22.16, 9999.0, 9.77, 10.0, 21.73, 9999.0, 24.02, 9999.0, 117.89, 127.8, 120.25, 91.25, 138.55
2024-11-07, 14:52:34, 136.5, 58.27, 22.98, 22.14, 9999.0, 9.75, 10.0, 21.73, 9999.0, 24.05, 9999.0, 117.89, 127.82, 120.25, 91.25, 138.55
2024-11-07, 14:52:38, 136.5, 58.25, 22.98, 22.11, 9999.0, 9.7, 10.0, 21.73, 9999.0, 24.07, 9999.0, 117.91, 127.84, 120.25, 91.25, 138.52
2024-11-07, 14:52:42, 136.5, 58.25, 22.98, 22.11, 9999.0, 9.66, 10.0, 21.7, 9999.0, 24.09, 9999.0, 117.89, 127.84, 120.27, 91.25, 138.52
2024-11-07, 14:52:46, 136.5, 58.25, 22.98, 22.11, 9999.0, 9.64, 10.0, 21.68, 9999.0, 24.11, 9999.0, 117.89, 127.86, 120.27, 91.25, 138.52
2024-11-07, 14:52:50, 136.5, 58.25, 22.98, 22.14, 9999.0, 9.61, 10.0, 21.68, 9999.0, 24.11, 9999.0, 117.89, 127.89, 120.27, 91.25, 138.52
2024-11-07, 14:52:54, 136.5, 58.27, 22.95, 22.16, 9999.0, 9.59, 10.0, 21.68, 9999.0, 24.11, 9999.0, 117.86, 127.91, 120.27, 91.25, 138.52
2024-11-07, 14:52:59, 136.5, 58.27, 22.95, 22.16, 9999.0, 9.57, 10.0, 21.68, 9999.0, 24.14, 9999.0, 117.84, 127.89, 120.3, 91.25, 138.52
2024-11-07, 14:53:03, 136.5, 58.27, 22.95, 22.14, 9999.0, 9.57, 10.0, 21.7, 9999.0, 24.16, 9999.0, 117.82, 127.89, 120.3, 91.25, 138.5
2024-11-07, 14:53:07, 136.5, 58.27, 22.98, 22.14, 9999.0, 9.57, 9.98, 21.7, 9999.0, 24.16, 9999.0, 117.77, 127.89, 120.3, 91.25, 138.5
2024-11-07, 14:53:11, 136.5, 58.27, 22.98, 22.11, 9999.0, 9.57, 9.95, 21.68, 9999.0, 24.16, 9999.0, 117.75, 127.89, 120.3, 91.25, 138.5
2024-11-07, 14:53:15, 136.5, 58.27, 22.98, 22.09, 9999.0, 9.59, 9.95, 21.68, 9999.0, 24.14, 9999.0, 117.75, 127.86, 120.3, 91.25, 138.5
2024-11-07, 14:53:19, 136.5, 58.27, 22.98, 22.09, 9999.0, 9.64, 9.95, 21.68, 9999.0, 24.11, 9999.0, 117.75, 127.84, 120.3, 91.25, 138.5
2024-11-07, 14:53:23, 136.5, 58.27, 22.98, 22.09, 9999.0, 9.66, 9.95, 21.68, 9999.0, 24.11, 9999.0, 117.73, 127.82, 120.3, 91.25, 138.5
2024-11-07, 14:53:27, 136.52, 58.27, 22.98, 22.11, 9999.0, 9.68, 9.95, 21.7, 9999.0, 24.09, 9999.0, 117.75, 127.84, 120.27, 91.25, 138.5
2024-11-07, 14:53:31, 136.52, 58.27, 22.98, 22.11, 9999.0, 9.7, 9.95, 21.73, 9999.0, 24.09, 9999.0, 117.77, 127.84, 120.27, 91.25, 138.5
2024-11-07, 14:53:35, 136.52, 58.27, 22.95, 22.11, 9999.0, 9.73, 9.95, 21.73, 9999.0, 24.09, 9999.0, 117.8, 127.82, 120.27, 91.25, 138.5
2024-11-07, 14:53:39, 136.52, 58.25, 22.98, 22.09, 9999.0, 9.73, 9.95, 21.73, 9999.0, 24.11, 9999.0, 117.82, 127.8, 120.27, 91.25, 138.5
2024-11-07, 14:53:43, 136.52, 58.25, 22.95, 22.09, 9999.0, 9.75, 9.95, 21.73, 9999.0, 24.11, 9999.0, 117.84, 127.8, 120.25, 91.25, 138.5
2024-11-07, 14:53:47, 136.52, 58.25, 22.95, 22.11, 9999.0, 9.75, 9.95, 21.73, 9999.0, 24.11, 9999.0, 117.86, 127.82, 120.25, 91.25, 138.5
2024-11-07, 14:53:51, 136.52, 58.25, 22.95, 22.11, 9999.0, 9.75, 9.98, 21.73, 9999.0, 24.16, 9999.0, 117.91, 127.84, 120.25, 91.25, 138.5
2024-11-07, 14:53:55, 136.52, 58.25, 22.95, 22.11, 9999.0, 9.73, 10.0, 21.75, 9999.0, 24.2, 9999.0, 117.91, 127.86, 120.25, 91.25, 138.5
2024-11-07, 14:53:59, 136.52, 58.25, 22.95, 22.14, 9999.0, 9.7, 10.0, 21.75, 9999.0, 24.23, 9999.0, 117.91, 127.89, 120.25, 91.25, 138.5
2024-11-07, 14:54:03, 136.52, 58.25, 22.95, 22.16, 9999.0, 9.66, 10.0, 21.75, 9999.0, 24.25, 9999.0, 117.91, 127.89, 120.25, 91.25, 138.5
2024-11-07, 14:54:07, 136.52, 58.25, 22.95, 22.18, 9999.0, 9.64, 10.0, 21.75, 9999.0, 24.25, 9999.0, 117.91, 127.89, 120.25, 91.25, 138.5
2024-11-07, 14:54:11, 136.5, 58.25, 22.95, 22.16, 9999.0, 9.61, 10.0, 21.75, 9999.0, 24.27, 9999.0, 117.89, 127.86, 120.25, 91.25, 138.5
2024-11-07, 14:54:15, 136.5, 58.25, 22.95, 22.14, 9999.0, 9.59, 10.0, 21.75, 9999.0, 24.27, 9999.0, 117.86, 127.84, 120.25, 91.25, 138.5
2024-11-07, 14:54:19, 136.5, 58.25, 22.98, 22.11, 9999.0, 9.57, 10.0, 21.75, 9999.0, 24.3, 9999.0, 117.84, 127.84, 120.25, 91.25, 138.5
2024-11-07, 14:54:23, 136.5, 58.25, 22.98, 22.11, 9999.0, 9.59, 10.0, 21.75, 9999.0, 24.3, 9999.0, 117.82, 127.84, 120.25, 91.25, 138.5
2024-11-07, 14:54:27, 136.5, 58.25, 23.0, 22.11, 9999.0, 9.59, 10.0, 21.75, 9999.0, 24.3, 9999.0, 117.8, 127.84, 120.25, 91.25, 138.5
2024-11-07, 14:54:31, 136.5, 58.25, 23.0, 22.09, 9999.0, 9.59, 10.0, 21.75, 9999.0, 24.3, 9999.0, 117.77, 127.82, 120.25, 91.25, 138.5
2024-11-07, 14:54:35, 136.5, 58.25, 23.0, 22.09, 9999.0, 9.59, 10.0, 21.73, 9999.0, 24.27, 9999.0, 117.73, 127.8, 120.25, 91.25, 138.5
2024-11-07, 14:54:39, 136.5, 58.25, 23.0, 22.09, 9999.0, 9.61, 10.0, 21.73, 9999.0, 24.25, 9999.0, 117.73, 127.77, 120.25, 91.25, 138.5
2024-11-07, 14:54:43, 136.5, 58.25, 23.0, 22.07, 9999.0, 9.64, 10.0, 21.73, 9999.0, 24.25, 9999.0, 117.73, 127.75, 120.25, 91.25, 138.5
2024-11-07, 14:54:47, 136.5, 58.25, 22.98, 22.05, 9999.0, 9.66, 10.0, 21.73, 9999.0, 24.25, 9999.0, 117.75, 127.75, 120.25, 91.25, 138.5
2024-11-07, 14:54:51, 136.5, 58.25, 22.98, 22.02, 9999.0, 9.68, 10.0, 21.73, 9999.0, 24.23, 9999.0, 117.77, 127.75, 120.25, 91.25, 138.5
2024-11-07, 14:54:55, 136.5, 58.25, 22.98, 22.02, 9999.0, 9.7, 10.0, 21.73, 9999.0, 24.23, 9999.0, 117.8, 127.75, 120.25, 91.25, 138.5
2024-11-07, 14:54:59, 136.5, 58.25, 22.98, 22.02, 9999.0, 9.73, 10.0, 21.73, 9999.0, 24.23, 9999.0, 117.82, 127.75, 120.25, 91.25, 138.5
2024-11-07, 14:55:03, 136.52, 58.25, 22.98, 22.02, 9999.0, 9.75, 10.0, 21.73, 9999.0, 24.23, 9999.0, 117.84, 127.75, 120.25, 91.25, 138.5
2024-11-07, 14:55:07, 136.55, 58.25, 22.95, 22.05, 9999.0, 9.73, 10.0, 21.73, 9999.0, 24.23, 9999.0, 117.86, 127.77, 120.25, 91.25, 138.5
2024-11-07, 14:55:11, 136.55, 58.25, 22.95, 22.05, 9999.0, 9.7, 10.0, 21.73, 9999.0, 24.23, 9999.0, 117.86, 127.8, 120.25, 91.25, 138.5
2024-11-07, 14:55:15, 136.55, 58.25, 22.95, 22.05, 9999.0, 9.68, 10.0, 21.73, 9999.0, 24.23, 9999.0, 117.86, 127.82, 120.25, 91.25, 138.5
2024-11-07, 14:55:19, 136.55, 58.25, 22.95, 22.02, 9999.0, 9.66, 10.0, 21.75, 9999.0, 24.23, 9999.0, 117.89, 127.82, 120.25, 91.25, 138.5
2024-11-07, 14:55:23, 136.55, 58.25, 22.95, 22.02, 9999.0, 9.64, 10.0, 21.75, 9999.0, 24.23, 9999.0, 117.89, 127.84, 120.25, 91.25, 138.5
2024-11-07, 14:55:27, 136.55, 58.25, 22.95, 22.02, 9999.0, 9.61, 10.0, 21.75, 9999.0, 24.23, 9999.0, 117.89, 127.84, 120.25, 91.25, 138.5
2024-11-07, 14:55:31, 136.55, 58.25, 22.98, 22.02, 9999.0, 9.59, 10.0, 21.75, 9999.0, 24.23, 9999.0, 117.86, 127.84, 120.25, 91.25, 138.5
2024-11-07, 14:55:35, 136.55, 58.25, 22.98, 22.02, 9999.0, 9.57, 9.98, 21.75, 9999.0, 24.23, 9999.0, 117.84, 127.84, 120.25, 91.25, 138.5
2024-11-07, 14:55:39, 136.55, 58.25, 22.98, 22.02, 9999.0, 9.57, 9.98, 21.75, 9999.0, 24.2, 9999.0, 117.8, 127.84, 120.25, 91.25, 138.5
2024-11-07, 14:55:43, 136.55, 58.25, 22.98, 22.02, 9999.0, 9.57, 9.98, 21.75, 9999.0, 24.18, 9999.0, 117.77, 127.84, 120.25, 91.25, 138.5
2024-11-07, 14:55:47, 136.52, 58.25, 22.98, 22.02, 9999.0, 9.57, 9.98, 21.75, 9999.0, 24.16, 9999.0, 117.75, 127.84, 120.25, 91.25, 138.5
2024-11-07, 14:55:51, 136.5, 58.25, 23.0, 22.0, 9999.0, 9.59, 9.98, 21.75, 9999.0, 24.14, 9999.0, 117.7, 127.82, 120.25, 91.25, 138.5
2024-11-07, 14:55:55, 136.5, 58.25, 22.98, 22.0, 9999.0, 9.61, 9.98, 21.75, 9999.0, 24.11, 9999.0, 117.7, 127.8, 120.25, 91.25, 138.5
2024-11-07, 14:55:59, 136.52, 58.25, 22.98, 22.0, 9999.0, 9.64, 9.98, 21.75, 9999.0, 24.09, 9999.0, 117.7, 127.77, 120.25, 91.25, 138.5
2024-11-07, 14:56:03, 136.52, 58.25, 22.98, 22.0, 9999.0, 9.66, 9.98, 21.75, 9999.0, 24.07, 9999.0, 117.7, 127.77, 120.25, 91.25, 138.5
2024-11-07, 14:56:07, 136.52, 58.25, 22.98, 22.0, 9999.0, 9.68, 9.98, 21.75, 9999.0, 24.05, 9999.0, 117.73, 127.75, 120.25, 91.25, 138.5
2024-11-07, 14:56:11, 136.52, 58.25, 22.98, 22.0, 9999.0, 9.7, 9.98, 21.75, 9999.0, 24.02, 9999.0, 117.75, 127.75, 120.25, 91.25, 138.5
2024-11-07, 14:56:15, 136.52, 58.25, 22.98, 22.0, 9999.0, 9.73, 9.98, 21.75, 9999.0, 24.0, 9999.0, 117.77, 127.75, 120.25, 91.25, 138.5
2024-11-07, 14:56:19, 136.52, 58.25, 22.98, 22.0, 9999.0, 9.75, 10.0, 21.75, 9999.0, 24.02, 9999.0, 117.8, 127.75, 120.25, 91.25, 138.5
2024-11-07, 14:56:23, 136.52, 58.25, 22.98, 22.0, 9999.0, 9.73, 10.0, 21.75, 9999.0, 24.05, 9999.0, 117.84, 127.75, 120.25, 91.25, 138.5
2024-11-07, 14:56:28, 136.52, 58.25, 22.98, 22.0, 9999.0, 9.73, 10.0, 21.75, 9999.0, 24.09, 9999.0, 117.84, 127.75, 120.25, 91.25, 138.5
2024-11-07, 14:56:32, 136.52, 58.25, 22.98, 22.0, 9999.0, 9.7, 10.0, 21.73, 9999.0, 24.14, 9999.0, 117.84, 127.75, 120.25, 91.25, 138.5
2024-11-07, 14:56:36, 136.52, 58.25, 22.98, 22.0, 9999.0, 9.68, 10.0, 21.73, 9999.0, 24.18, 9999.0, 117.86, 127.75, 120.25, 91.25, 138.5
2024-11-07, 14:56:40, 136.52, 58.25, 23.0, 22.0, 9999.0, 9.66, 10.0, 21.73, 9999.0, 24.2, 9999.0, 117.86, 127.75, 120.25, 91.25, 138.5
2024-11-07, 14:56:44, 136.5, 58.25, 23.0, 22.0, 9999.0, 9.64, 10.0, 21.73, 9999.0, 24.23, 9999.0, 117.86, 127.75, 120.25, 91.25, 138.5
2024-11-07, 14:56:48, 136.5, 58.25, 22.98, 22.0, 9999.0, 9.61, 10.0, 21.73, 9999.0, 24.25, 9999.0, 117.86, 127.75, 120.25, 91.25, 138.5
2024-11-07, 14:56:52, 136.5, 58.25, 22.95, 22.0, 9999.0, 9.59, 10.0, 21.73, 9999.0, 24.27, 9999.0, 117.84, 127.75, 120.25, 91.25, 138.5
2024-11-07, 14:56:56, 136.5, 58.25, 22.93, 22.0, 9999.0, 9.57, 10.0, 21.73, 9999.0, 24.3, 9999.0, 117.82, 127.75, 120.25, 91.25, 138.5
2024-11-07, 14:57:00, 136.5, 58.25, 22.91, 22.0, 9999.0, 9.57, 10.0, 21.73, 9999.0, 24.32, 9999.0, 117.8, 127.75, 120.25, 91.25, 138.5
2024-11-07, 14:57:04, 136.5, 58.25, 22.91, 22.0, 9999.0, 9.55, 10.0, 21.73, 9999.0, 24.3, 9999.0, 117.77, 127.75, 120.25, 91.25, 138.5
2024-11-07, 14:57:08, 136.5, 58.25, 22.89, 22.0, 9999.0, 9.57, 10.0, 21.73, 9999.0, 24.3, 9999.0, 117.73, 127.75, 120.25, 91.25, 138.5
2024-11-07, 14:57:12, 136.5, 58.25, 22.86, 22.0, 9999.0, 9.57, 10.0, 21.73, 9999.0, 24.25, 9999.0, 117.7, 127.75, 120.25, 91.25, 138.5
2024-11-07, 14:57:16, 136.5, 58.25, 22.86, 22.0, 9999.0, 9.59, 10.0, 21.75, 9999.0, 24.2, 9999.0, 117.7, 127.75, 120.25, 91.25, 138.5
2024-11-07, 14:57:20, 136.5, 58.25, 22.86, 22.0, 9999.0, 9.61, 10.0, 21.75, 9999.0, 24.16, 9999.0, 117.7, 127.75, 120.25, 91.25, 138.5
2024-11-07, 14:57:24, 136.5, 58.25, 22.86, 22.0, 9999.0, 9.64, 10.0, 21.73, 9999.0, 24.16, 9999.0, 117.7, 127.75, 120.25, 91.25, 138.5
2024-11-07, 14:57:28, 136.5, 58.25, 22.86, 22.0, 9999.0, 9.66, 10.0, 21.73, 9999.0, 24.14, 9999.0, 117.73, 127.75, 120.25, 91.25, 138.5
2024-11-07, 14:57:32, 136.5, 58.25, 22.89, 22.0, 9999.0, 9.68, 10.0, 21.73, 9999.0, 24.11, 9999.0, 117.75, 127.75, 120.25, 91.25, 138.5
2024-11-07, 14:57:36, 136.5, 58.25, 22.91, 22.0, 9999.0, 9.7, 10.0, 21.73, 9999.0, 24.11, 9999.0, 117.77, 127.75, 120.25, 91.25, 138.48
2024-11-07, 14:57:40, 136.5, 58.25, 22.93, 22.0, 9999.0, 9.7, 10.0, 21.73, 9999.0, 24.11, 9999.0, 117.8, 127.75, 120.25, 91.25, 138.48
2024-11-07, 14:57:44, 136.5, 58.25, 22.95, 22.0, 9999.0, 9.7, 10.0, 21.73, 9999.0, 24.11, 9999.0, 117.82, 127.75, 120.25, 91.25, 138.48
2024-11-07, 14:57:48, 136.5, 58.25, 22.95, 22.0, 9999.0, 9.73, 10.0, 21.73, 9999.0, 24.14, 9999.0, 117.84, 127.75, 120.25, 91.25, 138.48
2024-11-07, 14:57:52, 136.5, 58.25, 22.98, 22.0, 9999.0, 9.7, 10.0, 21.73, 9999.0, 24.14, 9999.0, 117.89, 127.75, 120.25, 91.25, 138.48
2024-11-07, 14:57:56, 136.5, 58.25, 22.98, 22.0, 9999.0, 9.68, 10.0, 21.73, 9999.0, 24.16, 9999.0, 117.91, 127.75, 120.25, 91.25, 138.48
2024-11-07, 14:58:00, 136.5, 58.25, 22.98, 22.02, 9999.0, 9.66, 10.0, 21.73, 9999.0, 24.18, 9999.0, 117.91, 127.75, 120.25, 91.25, 138.48
2024-11-07, 14:58:04, 136.5, 58.25, 22.95, 22.02, 9999.0, 9.64, 10.0, 21.73, 9999.0, 24.2, 9999.0, 117.91, 127.75, 120.25, 91.25, 138.48
2024-11-07, 14:58:08, 136.5, 58.25, 22.93, 22.02, 9999.0, 9.61, 10.0, 21.75, 9999.0, 24.2, 9999.0, 117.91, 127.75, 120.25, 91.25, 138.48
2024-11-07, 14:58:12, 136.5, 58.25, 22.93, 22.02, 9999.0, 9.59, 10.0, 21.75, 9999.0, 24.23, 9999.0, 117.89, 127.75, 120.25, 91.25, 138.48
2024-11-07, 14:58:16, 136.5, 58.25, 22.91, 22.02, 9999.0, 9.57, 10.0, 21.75, 9999.0, 24.25, 9999.0, 117.86, 127.75, 120.25, 91.25, 138.48
2024-11-07, 14:58:20, 136.5, 58.25, 22.91, 22.02, 9999.0, 9.55, 10.0, 21.75, 9999.0, 24.25, 9999.0, 117.84, 127.75, 120.25, 91.25, 138.5
2024-11-07, 14:58:24, 136.5, 58.25, 22.89, 22.02, 9999.0, 9.55, 10.0, 21.75, 9999.0, 24.23, 9999.0, 117.8, 127.75, 120.25, 91.25, 138.5
2024-11-07, 14:58:28, 136.5, 58.25, 22.86, 22.02, 9999.0, 9.55, 10.0, 21.75, 9999.0, 24.2, 9999.0, 117.75, 127.75, 120.25, 91.25, 138.5
2024-11-07, 14:58:32, 136.5, 58.25, 22.84, 22.05, 9999.0, 9.55, 10.0, 21.75, 9999.0, 24.18, 9999.0, 117.7, 127.75, 120.25, 91.25, 138.5
2024-11-07, 14:58:36, 136.5, 58.25, 22.84, 22.05, 9999.0, 9.57, 10.0, 21.75, 9999.0, 24.16, 9999.0, 117.68, 127.75, 120.25, 91.25, 138.5
2024-11-07, 14:58:40, 136.5, 58.25, 22.84, 22.05, 9999.0, 9.59, 10.0, 21.75, 9999.0, 24.14, 9999.0, 117.68, 127.75, 120.25, 91.25, 138.5
2024-11-07, 14:58:44, 136.5, 58.25, 22.82, 22.02, 9999.0, 9.61, 10.0, 21.75, 9999.0, 24.11, 9999.0, 117.7, 127.75, 120.25, 91.25, 138.5
2024-11-07, 14:58:48, 136.5, 58.25, 22.84, 22.02, 9999.0, 9.64, 10.0, 21.75, 9999.0, 24.09, 9999.0, 117.73, 127.75, 120.25, 91.25, 138.5
2024-11-07, 14:58:52, 136.5, 58.25, 22.86, 22.02, 9999.0, 9.66, 10.0, 21.75, 9999.0, 24.05, 9999.0, 117.75, 127.75, 120.25, 91.25, 138.5
2024-11-07, 14:58:56, 136.5, 58.25, 22.84, 22.02, 9999.0, 9.68, 10.0, 21.75, 9999.0, 24.02, 9999.0, 117.77, 127.75, 120.25, 91.25, 138.5
2024-11-07, 14:59:00, 136.5, 58.25, 22.84, 22.02, 9999.0, 9.68, 10.0, 21.75, 9999.0, 24.0, 9999.0, 117.8, 127.75, 120.25, 91.25, 138.5
2024-11-07, 14:59:04, 136.5, 58.25, 22.82, 22.02, 9999.0, 9.68, 10.0, 21.75, 9999.0, 23.98, 9999.0, 117.82, 127.75, 120.25, 91.25, 138.5
2024-11-07, 14:59:08, 136.5, 58.25, 22.82, 22.02, 9999.0, 9.68, 10.0, 21.75, 9999.0, 23.98, 9999.0, 117.84, 127.77, 120.25, 91.25, 138.5
2024-11-07, 14:59:12, 136.5, 58.25, 22.82, 22.02, 9999.0, 9.66, 10.0, 21.75, 9999.0, 24.0, 9999.0, 117.86, 127.8, 120.25, 91.25, 138.5
2024-11-07, 14:59:16, 136.5, 58.25, 22.82, 22.0, 9999.0, 9.64, 10.0, 21.75, 9999.0, 24.02, 9999.0, 117.89, 127.8, 120.25, 91.25, 138.5
2024-11-07, 14:59:20, 136.5, 58.25, 22.82, 22.0, 9999.0, 9.61, 10.0, 21.75, 9999.0, 24.02, 9999.0, 117.89, 127.8, 120.25, 91.25, 138.5
2024-11-07, 14:59:24, 136.5, 58.25, 22.82, 22.0, 9999.0, 9.59, 10.0, 21.75, 9999.0, 24.02, 9999.0, 117.89, 127.8, 120.25, 91.25, 138.5
2024-11-07, 14:59:28, 136.5, 58.25, 22.82, 22.0, 9999.0, 9.57, 10.0, 21.75, 9999.0, 24.02, 9999.0, 117.86, 127.8, 120.25, 91.25, 138.5
2024-11-07, 14:59:32, 136.5, 58.25, 22.8, 22.0, 9999.0, 9.55, 10.0, 21.75, 9999.0, 24.02, 9999.0, 117.84, 127.8, 120.25, 91.25, 138.5
2024-11-07, 14:59:36, 136.5, 58.25, 22.77, 22.0, 9999.0, 9.55, 10.0, 21.75, 9999.0, 24.05, 9999.0, 117.82, 127.8, 120.25, 91.25, 138.5
2024-11-07, 14:59:40, 136.5, 58.25, 22.8, 22.0, 9999.0, 9.55, 10.0, 21.75, 9999.0, 24.05, 9999.0, 117.8, 127.8, 120.25, 91.25, 138.5
2024-11-07, 14:59:44, 136.5, 58.25, 22.8, 22.0, 9999.0, 9.55, 10.0, 21.75, 9999.0, 24.05, 9999.0, 117.77, 127.8, 120.25, 91.25, 138.5
2024-11-07, 14:59:48, 136.5, 58.25, 22.8, 22.0, 9999.0, 9.57, 10.0, 21.75, 9999.0, 24.05, 9999.0, 117.73, 127.8, 120.25, 91.25, 138.5
2024-11-07, 14:59:52, 136.5, 58.25, 22.82, 22.0, 9999.0, 9.61, 10.0, 21.75, 9999.0, 24.02, 9999.0, 117.7, 127.77, 120.25, 91.25, 138.5
2024-11-07, 14:59:56, 136.5, 58.25, 22.84, 22.0, 9999.0, 9.64, 10.0, 21.75, 9999.0, 23.98, 9999.0, 117.73, 127.75, 120.25, 91.25, 138.5
2024-11-07, 15:00:01, 136.5, 58.25, 22.86, 22.0, 9999.0, 9.66, 10.0, 21.75, 9999.0, 23.93, 9999.0, 117.73, 127.75, 120.25, 91.25, 138.5
2024-11-07, 15:00:05, 136.5, 58.25, 22.84, 22.0, 9999.0, 9.68, 10.0, 21.75, 9999.0, 23.91, 9999.0, 117.75, 127.75, 120.25, 91.25, 138.5
2024-11-07, 15:00:09, 136.5, 58.25, 22.84, 22.0, 9999.0, 9.7, 10.0, 21.75, 9999.0, 23.89, 9999.0, 117.77, 127.75, 120.25, 91.25, 138.5
2024-11-07, 15:00:13, 136.5, 58.25, 22.84, 22.0, 9999.0, 9.73, 10.0, 21.75, 9999.0, 23.86, 9999.0, 117.8, 127.75, 120.25, 91.25, 138.5
2024-11-07, 15:00:17, 136.5, 58.25, 22.84, 22.0, 9999.0, 9.75, 10.0, 21.75, 9999.0, 23.86, 9999.0, 117.82, 127.75, 120.25, 91.25, 138.5
2024-11-07, 15:00:21, 136.5, 58.25, 22.84, 22.0, 9999.0, 9.73, 10.0, 21.75, 9999.0, 23.86, 9999.0, 117.84, 127.75, 120.25, 91.25, 138.5
2024-11-07, 15:00:25, 136.5, 58.25, 22.84, 22.0, 9999.0, 9.7, 10.0, 21.75, 9999.0, 23.86, 9999.0, 117.84, 127.75, 120.25, 91.25, 138.5
2024-11-07, 15:00:29, 136.5, 58.25, 22.86, 22.0, 9999.0, 9.7, 10.0, 21.75, 9999.0, 23.86, 9999.0, 117.86, 127.75, 120.25, 91.25, 138.5
2024-11-07, 15:00:33, 136.5, 58.25, 22.89, 22.0, 9999.0, 9.68, 10.0, 21.75, 9999.0, 23.86, 9999.0, 117.91, 127.75, 120.25, 91.25, 138.5
2024-11-07, 15:00:37, 136.5, 58.25, 22.89, 22.0, 9999.0, 9.64, 10.0, 21.75, 9999.0, 23.89, 9999.0, 117.93, 127.75, 120.25, 91.25, 138.5
2024-11-07, 15:00:41, 136.5, 58.25, 22.86, 22.0, 9999.0, 9.61, 10.0, 21.75, 9999.0, 23.91, 9999.0, 117.91, 127.75, 120.25, 91.25, 138.5
2024-11-07, 15:00:45, 136.5, 58.25, 22.86, 22.0, 9999.0, 9.59, 10.0, 21.75, 9999.0, 23.93, 9999.0, 117.91, 127.75, 120.25, 91.25, 138.5
2024-11-07, 15:00:49, 136.5, 58.25, 22.89, 22.0, 9999.0, 9.57, 10.0, 21.75, 9999.0, 23.95, 9999.0, 117.89, 127.75, 120.25, 91.25, 138.5
2024-11-07, 15:00:53, 136.5, 58.25, 22.91, 22.0, 9999.0, 9.55, 10.0, 21.75, 9999.0, 23.98, 9999.0, 117.86, 127.75, 120.25, 91.25, 138.5
2024-11-07, 15:00:57, 136.5, 58.25, 22.93, 22.0, 9999.0, 9.55, 10.0, 21.75, 9999.0, 24.0, 9999.0, 117.84, 127.75, 120.25, 91.25, 138.5
2024-11-07, 15:01:01, 136.5, 58.25, 22.93, 22.0, 9999.0, 9.55, 10.0, 21.75, 9999.0, 24.0, 9999.0, 117.82, 127.75, 120.25, 91.25, 138.5
2024-11-07, 15:01:05, 136.5, 58.25, 22.93, 22.0, 9999.0, 9.57, 10.0, 21.75, 9999.0, 24.0, 9999.0, 117.8, 127.75, 120.25, 91.25, 138.5
2024-11-07, 15:01:09, 136.5, 58.25, 22.93, 22.0, 9999.0, 9.59, 10.0, 21.75, 9999.0, 24.0, 9999.0, 117.8, 127.75, 120.25, 91.25, 138.5
2024-11-07, 15:01:13, 136.5, 58.25, 22.93, 22.0, 9999.0, 9.61, 10.0, 21.75, 9999.0, 23.98, 9999.0, 117.77, 127.75, 120.25, 91.25, 138.5
2024-11-07, 15:01:17, 136.5, 58.25, 22.93, 22.0, 9999.0, 9.64, 10.0, 21.75, 9999.0, 23.95, 9999.0, 117.75, 127.75, 120.25, 91.25, 138.5
2024-11-07, 15:01:21, 136.5, 58.25, 22.93, 22.0, 9999.0, 9.66, 10.0, 21.75, 9999.0, 23.93, 9999.0, 117.75, 127.75, 120.25, 91.25, 138.5
2024-11-07, 15:01:25, 136.5, 58.25, 22.93, 22.0, 9999.0, 9.68, 10.0, 21.75, 9999.0, 23.91, 9999.0, 117.77, 127.75, 120.25, 91.25, 138.5
2024-11-07, 15:01:29, 136.5, 58.25, 22.91, 22.0, 9999.0, 9.7, 10.0, 21.75, 9999.0, 23.89, 9999.0, 117.8, 127.75, 120.25, 91.25, 138.5
2024-11-07, 15:01:33, 136.52, 58.25, 22.89, 22.0, 9999.0, 9.73, 10.0, 21.75, 9999.0, 23.86, 9999.0, 117.82, 127.75, 120.27, 91.25, 138.5
2024-11-07, 15:01:37, 136.52, 58.25, 22.89, 22.0, 9999.0, 9.75, 10.0, 21.75, 9999.0, 23.84, 9999.0, 117.84, 127.75, 120.27, 91.25, 138.5
2024-11-07, 15:01:41, 136.52, 58.25, 22.86, 22.0, 9999.0, 9.75, 10.0, 21.75, 9999.0, 23.82, 9999.0, 117.86, 127.75, 120.27, 91.25, 138.5
2024-11-07, 15:01:45, 136.52, 58.25, 22.89, 22.0, 9999.0, 9.75, 10.0, 21.75, 9999.0, 23.82, 9999.0, 117.89, 127.77, 120.27, 91.25, 138.5
2024-11-07, 15:01:49, 136.52, 58.25, 22.91, 22.0, 9999.0, 9.73, 10.0, 21.75, 9999.0, 23.82, 9999.0, 117.91, 127.77, 120.27, 91.25, 138.5
2024-11-07, 15:01:53, 136.52, 58.25, 22.91, 22.0, 9999.0, 9.7, 10.0, 21.75, 9999.0, 23.82, 9999.0, 117.91, 127.77, 120.27, 91.25, 138.5
2024-11-07, 15:01:57, 136.52, 58.25, 22.91, 22.0, 9999.0, 9.68, 10.0, 21.75, 9999.0, 23.84, 9999.0, 117.91, 127.77, 120.27, 91.25, 138.5
2024-11-07, 15:02:01, 136.52, 58.25, 22.91, 22.0, 9999.0, 9.66, 10.0, 21.75, 9999.0, 23.86, 9999.0, 117.91, 127.77, 120.27, 91.25, 138.5
2024-11-07, 15:02:05, 136.52, 58.25, 22.91, 22.0, 9999.0, 9.64, 10.0, 21.75, 9999.0, 23.89, 9999.0, 117.91, 127.8, 120.27, 91.25, 138.5
2024-11-07, 15:02:09, 136.52, 58.25, 22.93, 22.0, 9999.0, 9.61, 10.0, 21.75, 9999.0, 23.91, 9999.0, 117.89, 127.8, 120.27, 91.25, 138.5
2024-11-07, 15:02:13, 136.52, 58.25, 22.95, 22.02, 9999.0, 9.59, 10.0, 21.75, 9999.0, 23.91, 9999.0, 117.86, 127.8, 120.27, 91.25, 138.5
2024-11-07, 15:02:17, 136.5, 58.25, 22.98, 22.02, 9999.0, 9.59, 10.0, 21.75, 9999.0, 23.93, 9999.0, 117.84, 127.8, 120.25, 91.25, 138.5
2024-11-07, 15:02:21, 136.5, 58.25, 22.98, 22.05, 9999.0, 9.59, 10.0, 21.75, 9999.0, 23.93, 9999.0, 117.82, 127.8, 120.25, 91.25, 138.5
2024-11-07, 15:02:25, 136.5, 58.25, 23.0, 22.05, 9999.0, 9.59, 10.0, 21.75, 9999.0, 23.93, 9999.0, 117.8, 127.8, 120.25, 91.25, 138.5
2024-11-07, 15:02:29, 136.5, 58.25, 23.0, 22.05, 9999.0, 9.59, 10.0, 21.75, 9999.0, 23.91, 9999.0, 117.77, 127.77, 120.25, 91.25, 138.5
2024-11-07, 15:02:33, 136.5, 58.25, 23.0, 22.05, 9999.0, 9.61, 10.0, 21.75, 9999.0, 23.89, 9999.0, 117.75, 127.77, 120.25, 91.25, 138.5
2024-11-07, 15:02:37, 136.5, 58.25, 23.0, 22.05, 9999.0, 9.64, 10.0, 21.75, 9999.0, 23.86, 9999.0, 117.75, 127.77, 120.25, 91.25, 138.5
2024-11-07, 15:02:41, 136.5, 58.25, 23.0, 22.05, 9999.0, 9.66, 10.0, 21.75, 9999.0, 23.84, 9999.0, 117.77, 127.77, 120.25, 91.25, 138.5
2024-11-07, 15:02:45, 136.5, 58.25, 23.0, 22.05, 9999.0, 9.68, 10.0, 21.75, 9999.0, 23.82, 9999.0, 117.8, 127.8, 120.25, 91.25, 138.5
2024-11-07, 15:02:49, 136.5, 58.25, 23.0, 22.07, 9999.0, 9.7, 10.0, 21.75, 9999.0, 23.8, 9999.0, 117.82, 127.77, 120.25, 91.25, 138.5
2024-11-07, 15:02:53, 136.5, 58.25, 23.0, 22.09, 9999.0, 9.73, 10.0, 21.75, 9999.0, 23.8, 9999.0, 117.84, 127.77, 120.25, 91.25, 138.5
2024-11-07, 15:02:57, 136.5, 58.25, 23.0, 22.07, 9999.0, 9.75, 10.0, 21.75, 9999.0, 23.82, 9999.0, 117.86, 127.77, 120.25, 91.25, 138.5
2024-11-07, 15:03:01, 136.5, 58.25, 23.0, 22.07, 9999.0, 9.73, 10.0, 21.75, 9999.0, 23.82, 9999.0, 117.89, 127.8, 120.25, 91.25, 138.5
2024-11-07, 15:03:05, 136.5, 58.25, 23.0, 22.07, 9999.0, 9.7, 10.0, 21.75, 9999.0, 23.86, 9999.0, 117.91, 127.82, 120.25, 91.25, 138.5
2024-11-07, 15:03:09, 136.5, 58.25, 23.0, 22.09, 9999.0, 9.68, 10.0, 21.75, 9999.0, 23.91, 9999.0, 117.91, 127.84, 120.25, 91.25, 138.5
2024-11-07, 15:03:13, 136.5, 58.25, 23.0, 22.11, 9999.0, 9.66, 10.0, 21.75, 9999.0, 23.95, 9999.0, 117.91, 127.86, 120.25, 91.25, 138.5
2024-11-07, 15:03:17, 136.5, 58.25, 23.0, 22.11, 9999.0, 9.64, 10.0, 21.75, 9999.0, 24.0, 9999.0, 117.91, 127.86, 120.25, 91.25, 138.5
2024-11-07, 15:03:21, 136.5, 58.25, 23.0, 22.11, 9999.0, 9.61, 10.0, 21.75, 9999.0, 24.02, 9999.0, 117.91, 127.86, 120.25, 91.25, 138.5
2024-11-07, 15:03:25, 136.5, 58.25, 22.98, 22.11, 9999.0, 9.59, 10.0, 21.75, 9999.0, 24.05, 9999.0, 117.89, 127.86, 120.25, 91.25, 138.5
2024-11-07, 15:03:29, 136.5, 58.25, 22.98, 22.14, 9999.0, 9.57, 10.0, 21.75, 9999.0, 24.07, 9999.0, 117.86, 127.84, 120.25, 91.25, 138.5
2024-11-07, 15:03:33, 136.5, 58.25, 22.98, 22.14, 9999.0, 9.55, 10.0, 21.75, 9999.0, 24.09, 9999.0, 117.84, 127.84, 120.25, 91.25, 138.5
2024-11-07, 15:03:37, 136.5, 58.25, 22.98, 22.11, 9999.0, 9.55, 10.0, 21.75, 9999.0, 24.09, 9999.0, 117.82, 127.84, 120.25, 91.25, 138.5
2024-11-07, 15:03:42, 136.5, 58.25, 22.98, 22.11, 9999.0, 9.52, 10.0, 21.75, 9999.0, 24.09, 9999.0, 117.8, 127.84, 120.25, 91.25, 138.5
2024-11-07, 15:03:46, 136.5, 58.25, 22.98, 22.14, 9999.0, 9.55, 10.0, 21.75, 9999.0, 24.07, 9999.0, 117.77, 127.82, 120.25, 91.25, 138.5
2024-11-07, 15:03:50, 136.5, 58.25, 22.98, 22.11, 9999.0, 9.57, 10.0, 21.75, 9999.0, 24.02, 9999.0, 117.75, 127.8, 120.25, 91.25, 138.5
2024-11-07, 15:03:54, 136.5, 58.25, 22.98, 22.09, 9999.0, 9.59, 10.0, 21.75, 9999.0, 23.98, 9999.0, 117.75, 127.77, 120.25, 91.25, 138.5
2024-11-07, 15:03:58, 136.5, 58.25, 22.98, 22.07, 9999.0, 9.61, 10.0, 21.75, 9999.0, 23.93, 9999.0, 117.75, 127.75, 120.25, 91.25, 138.5
2024-11-07, 15:04:02, 136.5, 58.25, 22.98, 22.09, 9999.0, 9.64, 10.0, 21.75, 9999.0, 23.89, 9999.0, 117.77, 127.75, 120.25, 91.25, 138.5
2024-11-07, 15:04:06, 136.5, 58.25, 22.98, 22.09, 9999.0, 9.66, 10.0, 21.75, 9999.0, 23.86, 9999.0, 117.8, 127.77, 120.25, 91.25, 138.5
2024-11-07, 15:04:10, 136.5, 58.25, 23.0, 22.09, 9999.0, 9.68, 10.0, 21.75, 9999.0, 23.84, 9999.0, 117.82, 127.77, 120.25, 91.25, 138.5
2024-11-07, 15:04:14, 136.5, 58.25, 23.0, 22.07, 9999.0, 9.7, 10.0, 21.75, 9999.0, 23.84, 9999.0, 117.84, 127.77, 120.25, 91.25, 138.5
2024-11-07, 15:04:18, 136.5, 58.25, 23.0, 22.05, 9999.0, 9.7, 10.0, 21.75, 9999.0, 23.84, 9999.0, 117.86, 127.77, 120.25, 91.25, 138.5
2024-11-07, 15:04:22, 136.5, 58.25, 23.0, 22.05, 9999.0, 9.68, 10.0, 21.75, 9999.0, 23.84, 9999.0, 117.89, 127.8, 120.25, 91.25, 138.5
2024-11-07, 15:04:26, 136.5, 58.25, 23.0, 22.05, 9999.0, 9.68, 10.0, 21.75, 9999.0, 23.84, 9999.0, 117.91, 127.8, 120.25, 91.25, 138.5
2024-11-07, 15:04:30, 136.5, 58.25, 23.0, 22.02, 9999.0, 9.66, 10.0, 21.75, 9999.0, 23.86, 9999.0, 117.91, 127.82, 120.25, 91.25, 138.5
2024-11-07, 15:04:34, 136.5, 58.25, 23.0, 22.02, 9999.0, 9.64, 10.0, 21.75, 9999.0, 23.89, 9999.0, 117.91, 127.82, 120.25, 91.25, 138.5
2024-11-07, 15:04:38, 136.5, 58.25, 23.0, 22.02, 9999.0, 9.61, 10.0, 21.75, 9999.0, 23.91, 9999.0, 117.91, 127.82, 120.25, 91.25, 138.5
2024-11-07, 15:04:42, 136.5, 58.25, 23.0, 22.02, 9999.0, 9.59, 10.0, 21.75, 9999.0, 23.93, 9999.0, 117.91, 127.82, 120.25, 91.25, 138.5
2024-11-07, 15:04:46, 136.5, 58.25, 23.0, 22.0, 9999.0, 9.57, 10.0, 21.75, 9999.0, 23.93, 9999.0, 117.89, 127.82, 120.25, 91.25, 138.5
2024-11-07, 15:04:50, 136.5, 58.25, 23.0, 22.0, 9999.0, 9.55, 10.0, 21.75, 9999.0, 23.93, 9999.0, 117.86, 127.8, 120.25, 91.25, 138.5
2024-11-07, 15:04:54, 136.5, 58.25, 23.0, 22.0, 9999.0, 9.55, 10.0, 21.75, 9999.0, 23.93, 9999.0, 117.84, 127.8, 120.25, 91.25, 138.5
2024-11-07, 15:04:58, 136.5, 58.25, 23.0, 22.0, 9999.0, 9.55, 10.0, 21.75, 9999.0, 23.91, 9999.0, 117.82, 127.8, 120.25, 91.25, 138.5
2024-11-07, 15:05:02, 136.5, 58.25, 23.0, 22.0, 9999.0, 9.57, 10.0, 21.75, 9999.0, 23.89, 9999.0, 117.8, 127.8, 120.25, 91.25, 138.5
2024-11-07, 15:05:06, 136.5, 58.25, 23.0, 22.02, 9999.0, 9.61, 10.0, 21.75, 9999.0, 23.86, 9999.0, 117.77, 127.77, 120.25, 91.25, 138.5
2024-11-07, 15:05:10, 136.5, 58.25, 23.0, 22.02, 9999.0, 9.64, 10.0, 21.75, 9999.0, 23.84, 9999.0, 117.77, 127.77, 120.25, 91.25, 138.5
2024-11-07, 15:05:14, 136.5, 58.25, 23.0, 22.02, 9999.0, 9.66, 10.0, 21.75, 9999.0, 23.82, 9999.0, 117.8, 127.75, 120.25, 91.25, 138.5
2024-11-07, 15:05:18, 136.5, 58.25, 23.0, 22.02, 9999.0, 9.68, 10.0, 21.75, 9999.0, 23.8, 9999.0, 117.82, 127.75, 120.25, 91.25, 138.5
2024-11-07, 15:05:22, 136.5, 58.25, 23.0, 22.02, 9999.0, 9.7, 10.0, 21.75, 9999.0, 23.77, 9999.0, 117.86, 127.77, 120.25, 91.25, 138.5
2024-11-07, 15:05:26, 136.5, 58.25, 23.0, 22.02, 9999.0, 9.73, 10.0, 21.75, 9999.0, 23.75, 9999.0, 117.89, 127.77, 120.25, 91.25, 138.5
2024-11-07, 15:05:30, 136.5, 58.25, 23.0, 22.02, 9999.0, 9.75, 10.0, 21.75, 9999.0, 23.75, 9999.0, 117.91, 127.8, 120.25, 91.25, 138.5
2024-11-07, 15:05:34, 136.5, 58.25, 23.0, 22.02, 9999.0, 9.77, 10.0, 21.75, 9999.0, 23.75, 9999.0, 117.93, 127.8, 120.25, 91.25, 138.5
2024-11-07, 15:05:38, 136.5, 58.25, 23.0, 22.05, 9999.0, 9.77, 10.0, 21.75, 9999.0, 23.75, 9999.0, 117.95, 127.82, 120.25, 91.25, 138.5
2024-11-07, 15:05:42, 136.5, 58.25, 23.0, 22.05, 9999.0, 9.75, 10.0, 21.75, 9999.0, 23.77, 9999.0, 117.98, 127.84, 120.25, 91.25, 138.5
2024-11-07, 15:05:46, 136.5, 58.25, 23.0, 22.05, 9999.0, 9.73, 10.0, 21.75, 9999.0, 23.8, 9999.0, 118.0, 127.86, 120.25, 91.25, 138.5
2024-11-07, 15:05:50, 136.5, 58.25, 23.0, 22.05, 9999.0, 9.68, 10.0, 21.75, 9999.0, 23.82, 9999.0, 118.0, 127.89, 120.25, 91.25, 138.5
2024-11-07, 15:05:54, 136.5, 58.25, 23.0, 22.05, 9999.0, 9.66, 10.0, 21.75, 9999.0, 23.82, 9999.0, 118.0, 127.89, 120.25, 91.25, 138.5
2024-11-07, 15:05:58, 136.5, 58.25, 23.0, 22.05, 9999.0, 9.64, 10.0, 21.75, 9999.0, 23.82, 9999.0, 117.98, 127.91, 120.25, 91.25, 138.5
2024-11-07, 15:06:02, 136.5, 58.25, 23.0, 22.05, 9999.0, 9.61, 10.0, 21.75, 9999.0, 23.82, 9999.0, 117.95, 127.91, 120.25, 91.25, 138.5
2024-11-07, 15:06:06, 136.5, 58.25, 23.0, 22.05, 9999.0, 9.59, 10.0, 21.75, 9999.0, 23.82, 9999.0, 117.91, 127.89, 120.25, 91.25, 138.5
2024-11-07, 15:06:10, 136.5, 58.25, 23.0, 22.05, 9999.0, 9.57, 10.0, 21.75, 9999.0, 23.82, 9999.0, 117.89, 127.89, 120.25, 91.25, 138.5
2024-11-07, 15:06:14, 136.5, 58.25, 23.0, 22.05, 9999.0, 9.57, 10.0, 21.75, 9999.0, 23.82, 9999.0, 117.86, 127.86, 120.25, 91.25, 138.5
2024-11-07, 15:06:18, 136.5, 58.25, 23.0, 22.05, 9999.0, 9.57, 10.0, 21.75, 9999.0, 23.82, 9999.0, 117.84, 127.86, 120.25, 91.25, 138.5
2024-11-07, 15:06:22, 136.5, 58.25, 23.0, 22.02, 9999.0, 9.57, 10.0, 21.75, 9999.0, 23.82, 9999.0, 117.82, 127.84, 120.25, 91.25, 138.5
2024-11-07, 15:06:26, 136.5, 58.25, 23.0, 22.05, 9999.0, 9.59, 10.0, 21.75, 9999.0, 23.8, 9999.0, 117.8, 127.82, 120.25, 91.25, 138.5
2024-11-07, 15:06:30, 136.5, 58.25, 23.0, 22.05, 9999.0, 9.61, 10.0, 21.75, 9999.0, 23.77, 9999.0, 117.8, 127.8, 120.25, 91.25, 138.5
2024-11-07, 15:06:34, 136.5, 58.25, 23.0, 22.02, 9999.0, 9.64, 10.0, 21.75, 9999.0, 23.75, 9999.0, 117.82, 127.77, 120.25, 91.25, 138.5
2024-11-07, 15:06:38, 136.5, 58.25, 23.0, 22.02, 9999.0, 9.66, 10.0, 21.75, 9999.0, 23.75, 9999.0, 117.82, 127.77, 120.25, 91.25, 138.5
2024-11-07, 15:06:42, 136.5, 58.25, 23.0, 22.02, 9999.0, 9.68, 10.0, 21.75, 9999.0, 23.75, 9999.0, 117.86, 127.77, 120.25, 91.25, 138.5
2024-11-07, 15:06:46, 136.5, 58.25, 23.0, 22.02, 9999.0, 9.7, 10.0, 21.75, 9999.0, 23.75, 9999.0, 117.89, 127.8, 120.25, 91.25, 138.5
2024-11-07, 15:06:50, 136.5, 58.25, 23.0, 22.02, 9999.0, 9.73, 10.0, 21.75, 9999.0, 23.75, 9999.0, 117.91, 127.82, 120.25, 91.25, 138.5
2024-11-07, 15:06:54, 136.5, 58.25, 23.0, 22.02, 9999.0, 9.75, 10.0, 21.73, 9999.0, 23.75, 9999.0, 117.93, 127.82, 120.25, 91.25, 138.5
2024-11-07, 15:06:58, 136.5, 58.25, 23.0, 22.02, 9999.0, 9.75, 10.0, 21.73, 9999.0, 23.77, 9999.0, 117.95, 127.84, 120.25, 91.25, 138.5
2024-11-07, 15:07:02, 136.5, 58.25, 23.0, 22.02, 9999.0, 9.73, 10.0, 21.73, 9999.0, 23.8, 9999.0, 117.98, 127.86, 120.25, 91.25, 138.52
2024-11-07, 15:07:06, 136.5, 58.25, 23.0, 22.02, 9999.0, 9.7, 10.0, 21.73, 9999.0, 23.82, 9999.0, 118.0, 127.89, 120.25, 91.25, 138.55
2024-11-07, 15:07:11, 136.5, 58.25, 23.0, 22.02, 9999.0, 9.68, 10.0, 21.73, 9999.0, 23.84, 9999.0, 118.02, 127.91, 120.25, 91.25, 138.55
2024-11-07, 15:07:15, 136.5, 58.25, 23.0, 22.02, 9999.0, 9.66, 10.0, 21.73, 9999.0, 23.86, 9999.0, 118.0, 127.93, 120.25, 91.25, 138.55
2024-11-07, 15:07:19, 136.5, 58.25, 23.0, 22.02, 9999.0, 9.64, 10.0, 21.73, 9999.0, 23.89, 9999.0, 117.98, 127.95, 120.25, 91.25, 138.55
2024-11-07, 15:07:23, 136.5, 58.25, 23.0, 22.02, 9999.0, 9.61, 10.0, 21.73, 9999.0, 23.91, 9999.0, 117.95, 127.95, 120.25, 91.25, 138.55
2024-11-07, 15:07:27, 136.5, 58.25, 23.0, 22.02, 9999.0, 9.59, 10.0, 21.73, 9999.0, 23.93, 9999.0, 117.91, 127.93, 120.25, 91.25, 138.55
2024-11-07, 15:07:31, 136.5, 58.25, 23.0, 22.02, 9999.0, 9.59, 10.0, 21.73, 9999.0, 23.95, 9999.0, 117.89, 127.91, 120.25, 91.25, 138.55
2024-11-07, 15:07:35, 136.5, 58.25, 23.0, 22.05, 9999.0, 9.59, 10.0, 21.73, 9999.0, 23.98, 9999.0, 117.86, 127.89, 120.25, 91.25, 138.55
2024-11-07, 15:07:39, 136.5, 58.25, 23.0, 22.07, 9999.0, 9.59, 10.0, 21.75, 9999.0, 24.0, 9999.0, 117.84, 127.91, 120.25, 91.25, 138.57
2024-11-07, 15:07:43, 136.5, 58.25, 23.0, 22.07, 9999.0, 9.59, 10.0, 21.75, 9999.0, 24.0, 9999.0, 117.82, 127.89, 120.25, 91.25, 138.59
2024-11-07, 15:07:47, 136.5, 58.25, 23.0, 22.07, 9999.0, 9.61, 10.0, 21.75, 9999.0, 24.0, 9999.0, 117.82, 127.86, 120.25, 91.25, 138.57
2024-11-07, 15:07:51, 136.5, 58.25, 23.0, 22.07, 9999.0, 9.64, 10.0, 21.75, 9999.0, 24.0, 9999.0, 117.8, 127.84, 120.25, 91.25, 138.55
2024-11-07, 15:07:55, 136.5, 58.25, 23.0, 22.05, 9999.0, 9.66, 10.0, 21.75, 9999.0, 24.0, 9999.0, 117.8, 127.82, 120.25, 91.25, 138.55
2024-11-07, 15:07:59, 136.5, 58.25, 23.0, 22.05, 9999.0, 9.68, 10.0, 21.75, 9999.0, 24.0, 9999.0, 117.82, 127.82, 120.25, 91.25, 138.55
2024-11-07, 15:08:03, 136.5, 58.25, 23.0, 22.05, 9999.0, 9.7, 10.0, 21.75, 9999.0, 24.0, 9999.0, 117.84, 127.8, 120.25, 91.25, 138.55
2024-11-07, 15:08:07, 136.5, 58.25, 23.0, 22.05, 9999.0, 9.73, 10.0, 21.75, 9999.0, 24.0, 9999.0, 117.86, 127.8, 120.25, 91.25, 138.55
2024-11-07, 15:08:11, 136.5, 58.25, 23.0, 22.05, 9999.0, 9.75, 10.0, 21.75, 9999.0, 24.0, 9999.0, 117.89, 127.82, 120.25, 91.25, 138.55
2024-11-07, 15:08:15, 136.5, 58.25, 23.0, 22.05, 9999.0, 9.73, 10.0, 21.75, 9999.0, 24.0, 9999.0, 117.89, 127.84, 120.25, 91.25, 138.57
2024-11-07, 15:08:19, 136.5, 58.25, 23.0, 22.05, 9999.0, 9.7, 10.0, 21.75, 9999.0, 24.02, 9999.0, 117.91, 127.86, 120.25, 91.25, 138.57
2024-11-07, 15:08:23, 136.5, 58.25, 23.0, 22.02, 9999.0, 9.7, 10.0, 21.75, 9999.0, 24.05, 9999.0, 117.91, 127.84, 120.25, 91.25, 138.55
2024-11-07, 15:08:27, 136.5, 58.25, 23.0, 22.02, 9999.0, 9.68, 10.0, 21.73, 9999.0, 24.05, 9999.0, 117.91, 127.86, 120.25, 91.25, 138.52
2024-11-07, 15:08:31, 136.5, 58.25, 23.0, 22.05, 9999.0, 9.66, 10.0, 21.7, 9999.0, 24.05, 9999.0, 117.91, 127.89, 120.25, 91.25, 138.52
2024-11-07, 15:08:35, 136.5, 58.25, 23.0, 22.05, 9999.0, 9.64, 10.0, 21.7, 9999.0, 24.05, 9999.0, 117.91, 127.91, 120.25, 91.25, 138.52
2024-11-07, 15:08:39, 136.5, 58.25, 22.98, 22.05, 9999.0, 9.61, 10.0, 21.7, 9999.0, 24.05, 9999.0, 117.91, 127.91, 120.25, 91.25, 138.52
2024-11-07, 15:08:43, 136.5, 58.25, 22.98, 22.07, 9999.0, 9.59, 10.0, 21.7, 9999.0, 24.05, 9999.0, 117.89, 127.89, 120.25, 91.25, 138.52
2024-11-07, 15:08:47, 136.5, 58.25, 22.98, 22.07, 9999.0, 9.57, 10.0, 21.7, 9999.0, 24.05, 9999.0, 117.86, 127.91, 120.25, 91.25, 138.52
2024-11-07, 15:08:51, 136.5, 58.25, 22.98, 22.09, 9999.0, 9.57, 10.0, 21.7, 9999.0, 24.05, 9999.0, 117.84, 127.91, 120.25, 91.25, 138.52
2024-11-07, 15:08:55, 136.52, 58.25, 22.98, 22.09, 9999.0, 9.57, 10.0, 21.7, 9999.0, 24.02, 9999.0, 117.82, 127.89, 120.25, 91.25, 138.52
2024-11-07, 15:08:59, 136.52, 58.25, 22.98, 22.11, 9999.0, 9.59, 10.0, 21.7, 9999.0, 24.02, 9999.0, 117.82, 127.86, 120.25, 91.25, 138.5
2024-11-07, 15:09:03, 136.52, 58.25, 22.98, 22.11, 9999.0, 9.61, 10.0, 21.7, 9999.0, 23.98, 9999.0, 117.8, 127.84, 120.25, 91.25, 138.5
2024-11-07, 15:09:07, 136.52, 58.25, 22.98, 22.11, 9999.0, 9.61, 10.0, 21.7, 9999.0, 23.93, 9999.0, 117.8, 127.84, 120.25, 91.25, 138.5
2024-11-07, 15:09:11, 136.52, 58.25, 22.98, 22.11, 9999.0, 9.64, 10.0, 21.7, 9999.0, 23.91, 9999.0, 117.82, 127.82, 120.25, 91.25, 138.5
2024-11-07, 15:09:15, 136.52, 58.25, 22.98, 22.09, 9999.0, 9.66, 10.0, 21.7, 9999.0, 23.89, 9999.0, 117.82, 127.82, 120.25, 91.25, 138.5
2024-11-07, 15:09:19, 136.52, 58.25, 22.98, 22.09, 9999.0, 9.68, 10.0, 21.68, 9999.0, 23.86, 9999.0, 117.84, 127.82, 120.25, 91.25, 138.5
2024-11-07, 15:09:23, 136.52, 58.25, 23.0, 22.09, 9999.0, 9.7, 10.0, 21.68, 9999.0, 23.82, 9999.0, 117.84, 127.84, 120.25, 91.25, 138.5
2024-11-07, 15:09:27, 136.52, 58.25, 23.0, 22.07, 9999.0, 9.7, 10.0, 21.68, 9999.0, 23.8, 9999.0, 117.86, 127.84, 120.25, 91.25, 138.52
2024-11-07, 15:09:31, 136.52, 58.25, 23.0, 22.09, 9999.0, 9.73, 10.0, 21.68, 9999.0, 23.77, 9999.0, 117.89, 127.84, 120.25, 91.25, 138.52
2024-11-07, 15:09:35, 136.52, 58.25, 23.0, 22.07, 9999.0, 9.73, 10.0, 21.68, 9999.0, 23.75, 9999.0, 117.91, 127.86, 120.25, 91.25, 138.52
2024-11-07, 15:09:39, 136.5, 58.25, 23.0, 22.07, 9999.0, 9.73, 10.0, 21.68, 9999.0, 23.77, 9999.0, 117.93, 127.89, 120.25, 91.25, 138.52
2024-11-07, 15:09:43, 136.5, 58.25, 23.0, 22.05, 9999.0, 9.7, 10.0, 21.68, 9999.0, 23.75, 9999.0, 117.95, 127.89, 120.25, 91.25, 138.55
2024-11-07, 15:09:47, 136.5, 58.25, 23.0, 22.02, 9999.0, 9.68, 10.0, 21.68, 9999.0, 23.75, 9999.0, 117.98, 127.89, 120.25, 91.25, 138.57
2024-11-07, 15:09:51, 136.5, 58.25, 23.0, 22.02, 9999.0, 9.66, 10.0, 21.68, 9999.0, 23.75, 9999.0, 117.98, 127.91, 120.25, 91.25, 138.57
2024-11-07, 15:09:55, 136.5, 58.25, 22.98, 22.02, 9999.0, 9.64, 10.0, 21.7, 9999.0, 23.75, 9999.0, 117.95, 127.93, 120.25, 91.25, 138.57
2024-11-07, 15:09:59, 136.5, 58.25, 22.98, 22.02, 9999.0, 9.61, 10.0, 21.73, 9999.0, 23.75, 9999.0, 117.93, 127.91, 120.25, 91.25, 138.59
2024-11-07, 15:10:03, 136.5, 58.25, 22.98, 22.02, 9999.0, 9.59, 10.0, 21.75, 9999.0, 23.75, 9999.0, 117.91, 127.89, 120.25, 91.25, 138.59
2024-11-07, 15:10:07, 136.5, 58.25, 22.98, 22.02, 9999.0, 9.59, 10.0, 21.75, 9999.0, 23.8, 9999.0, 117.89, 127.89, 120.25, 91.25, 138.59
2024-11-07, 15:10:11, 136.5, 58.25, 22.95, 22.05, 9999.0, 9.59, 10.0, 21.75, 9999.0, 23.8, 9999.0, 117.86, 127.89, 120.25, 91.25, 138.57
2024-11-07, 15:10:15, 136.5, 58.25, 22.95, 22.05, 9999.0, 9.59, 10.0, 21.73, 9999.0, 23.82, 9999.0, 117.84, 127.86, 120.25, 91.25, 138.59
2024-11-07, 15:10:27, 136.5, 58.25, 22.95, 22.07, 9999.0, 9.59, 10.0, 21.73, 9999.0, 23.82, 9999.0, 117.82, 127.84, 120.25, 91.25, 138.59
2024-11-07, 15:10:31, 136.5, 58.25, 22.95, 22.07, 9999.0, 9.61, 10.0, 21.73, 9999.0, 23.8, 9999.0, 117.82, 127.82, 120.25, 91.25, 138.59
2024-11-07, 15:10:35, 136.5, 58.25, 22.95, 22.07, 9999.0, 9.66, 10.0, 21.73, 9999.0, 23.8, 9999.0, 117.82, 127.82, 120.25, 91.25, 138.57
2024-11-07, 15:10:39, 136.5, 58.25, 22.95, 22.07, 9999.0, 9.68, 10.0, 21.73, 9999.0, 23.8, 9999.0, 117.82, 127.82, 120.25, 91.25, 138.55
2024-11-07, 15:10:43, 136.5, 58.25, 22.95, 22.09, 9999.0, 9.7, 10.0, 21.73, 9999.0, 23.8, 9999.0, 117.84, 127.8, 120.25, 91.25, 138.57
2024-11-07, 15:10:47, 136.5, 58.25, 22.98, 22.09, 9999.0, 9.73, 10.0, 21.73, 9999.0, 23.77, 9999.0, 117.86, 127.77, 120.25, 91.25, 138.57
2024-11-07, 15:10:51, 136.52, 58.25, 22.95, 22.09, 9999.0, 9.75, 10.0, 21.73, 9999.0, 23.77, 9999.0, 117.89, 127.77, 120.25, 91.25, 138.55
2024-11-07, 15:11:01, 136.52, 58.25, 22.95, 22.09, 9999.0, 9.77, 10.0, 21.73, 9999.0, 23.77, 9999.0, 117.91, 127.8, 120.25, 91.25, 138.55
2024-11-07, 15:11:05, 136.52, 58.25, 22.95, 22.09, 9999.0, 9.77, 10.0, 21.73, 9999.0, 23.75, 9999.0, 117.93, 127.77, 120.25, 91.25, 138.55
2024-11-07, 15:11:09, 136.52, 58.25, 22.98, 22.07, 9999.0, 9.77, 10.0, 21.73, 9999.0, 23.77, 9999.0, 117.95, 127.8, 120.25, 91.25, 138.55
2024-11-07, 15:11:13, 136.52, 58.25, 22.95, 22.07, 9999.0, 9.75, 10.0, 21.75, 9999.0, 23.77, 9999.0, 117.98, 127.8, 120.25, 91.25, 138.52
2024-11-07, 15:11:17, 136.52, 58.25, 22.95, 22.05, 9999.0, 9.73, 10.0, 21.73, 9999.0, 23.8, 9999.0, 118.0, 127.82, 120.25, 91.25, 138.52
2024-11-07, 15:11:21, 136.52, 58.25, 22.95, 22.05, 9999.0, 9.68, 10.0, 21.73, 9999.0, 23.82, 9999.0, 118.0, 127.84, 120.25, 91.25, 138.52
2024-11-07, 15:11:25, 136.52, 58.25, 22.95, 22.07, 9999.0, 9.64, 10.0, 21.73, 9999.0, 23.82, 9999.0, 117.98, 127.86, 120.25, 91.25, 138.52
2024-11-07, 15:11:29, 136.52, 58.25, 22.95, 22.07, 9999.0, 9.61, 10.0, 21.73, 9999.0, 23.84, 9999.0, 117.98, 127.86, 120.25, 91.25, 138.52
2024-11-07, 15:11:33, 136.52, 58.25, 22.95, 22.07, 9999.0, 9.59, 10.0, 21.73, 9999.0, 23.84, 9999.0, 117.98, 127.86, 120.25, 91.25, 138.5
2024-11-07, 15:11:37, 136.52, 58.25, 22.95, 22.07, 9999.0, 9.57, 10.0, 21.73, 9999.0, 23.86, 9999.0, 117.95, 127.86, 120.25, 91.25, 138.5
2024-11-07, 15:11:41, 136.5, 58.25, 22.98, 22.07, 9999.0, 9.57, 10.0, 21.73, 9999.0, 23.86, 9999.0, 117.93, 127.86, 120.25, 91.25, 138.5
2024-11-07, 15:11:45, 136.5, 58.25, 22.98, 22.07, 9999.0, 9.57, 10.0, 21.7, 9999.0, 23.89, 9999.0, 117.91, 127.84, 120.25, 91.25, 138.5
2024-11-07, 15:11:49, 136.5, 58.25, 22.98, 22.07, 9999.0, 9.57, 10.0, 21.68, 9999.0, 23.89, 9999.0, 117.89, 127.84, 120.25, 91.25, 138.52
2024-11-07, 15:11:53, 136.5, 58.25, 22.98, 22.07, 9999.0, 9.59, 10.0, 21.68, 9999.0, 23.86, 9999.0, 117.86, 127.82, 120.25, 91.25, 138.52
2024-11-07, 15:11:57, 136.5, 58.25, 23.0, 22.07, 9999.0, 9.64, 10.0, 21.68, 9999.0, 23.84, 9999.0, 117.86, 127.82, 120.25, 91.25, 138.52
2024-11-07, 15:12:01, 136.5, 58.25, 23.0, 22.09, 9999.0, 9.66, 10.0, 21.7, 9999.0, 23.82, 9999.0, 117.86, 127.8, 120.25, 91.25, 138.52
2024-11-07, 15:12:05, 136.5, 58.25, 23.0, 22.11, 9999.0, 9.68, 10.0, 21.7, 9999.0, 23.8, 9999.0, 117.86, 127.77, 120.25, 91.25, 138.52
2024-11-07, 15:12:09, 136.5, 58.25, 23.0, 22.09, 9999.0, 9.7, 10.0, 21.7, 9999.0, 23.8, 9999.0, 117.89, 127.75, 120.25, 91.25, 138.52
2024-11-07, 15:12:13, 136.5, 58.25, 23.0, 22.11, 9999.0, 9.73, 10.0, 21.7, 9999.0, 23.77, 9999.0, 117.89, 127.75, 120.27, 91.25, 138.55
2024-11-07, 15:12:17, 136.5, 58.25, 23.0, 22.11, 9999.0, 9.75, 10.0, 21.7, 9999.0, 23.8, 9999.0, 117.89, 127.75, 120.3, 91.25, 138.57
2024-11-07, 15:12:21, 136.5, 58.25, 23.0, 22.14, 9999.0, 9.75, 10.0, 21.7, 9999.0, 23.8, 9999.0, 117.91, 127.77, 120.3, 91.25, 138.57
2024-11-07, 15:12:25, 136.5, 58.25, 23.0, 22.16, 9999.0, 9.73, 10.0, 21.7, 9999.0, 23.82, 9999.0, 117.93, 127.8, 120.3, 91.25, 138.59
2024-11-07, 15:12:29, 136.5, 58.25, 23.0, 22.16, 9999.0, 9.7, 10.0, 21.7, 9999.0, 23.82, 9999.0, 117.95, 127.82, 120.32, 91.25, 138.61
2024-11-07, 15:12:33, 136.5, 58.25, 23.0, 22.18, 9999.0, 9.7, 10.0, 21.7, 9999.0, 23.84, 9999.0, 117.98, 127.84, 120.32, 91.25, 138.61
2024-11-07, 15:12:37, 136.5, 58.25, 23.0, 22.18, 9999.0, 9.68, 10.0, 21.68, 9999.0, 23.86, 9999.0, 118.0, 127.84, 120.32, 91.25, 138.64
2024-11-07, 15:12:41, 136.5, 58.25, 23.0, 22.16, 9999.0, 9.64, 10.0, 21.66, 9999.0, 23.89, 9999.0, 118.0, 127.86, 120.32, 91.25, 138.64
2024-11-07, 15:12:45, 136.5, 58.25, 23.0, 22.16, 9999.0, 9.61, 10.0, 21.66, 9999.0, 23.91, 9999.0, 118.0, 127.89, 120.32, 91.25, 138.64
2024-11-07, 15:12:49, 136.5, 58.25, 23.0, 22.16, 9999.0, 9.59, 10.0, 21.66, 9999.0, 23.93, 9999.0, 118.0, 127.89, 120.32, 91.25, 138.66
2024-11-07, 15:12:53, 136.5, 58.25, 23.0, 22.18, 9999.0, 9.57, 10.0, 21.66, 9999.0, 23.95, 9999.0, 117.98, 127.91, 120.32, 91.25, 138.68
2024-11-07, 15:12:57, 136.5, 58.25, 23.0, 22.16, 9999.0, 9.55, 10.0, 21.66, 9999.0, 23.98, 9999.0, 117.95, 127.91, 120.3, 91.25, 138.66
2024-11-07, 15:13:01, 136.5, 58.25, 23.0, 22.16, 9999.0, 9.55, 10.0, 21.66, 9999.0, 23.98, 9999.0, 117.93, 127.91, 120.27, 91.25, 138.66
2024-11-07, 15:13:05, 136.5, 58.25, 23.0, 22.14, 9999.0, 9.57, 10.0, 21.64, 9999.0, 24.0, 9999.0, 117.91, 127.89, 120.27, 91.25, 138.68
2024-11-07, 15:13:09, 136.5, 58.25, 23.0, 22.11, 9999.0, 9.59, 10.0, 21.64, 9999.0, 23.98, 9999.0, 117.89, 127.86, 120.27, 91.25, 138.66
2024-11-07, 15:13:13, 136.5, 58.25, 23.0, 22.14, 9999.0, 9.64, 10.0, 21.66, 9999.0, 23.95, 9999.0, 117.86, 127.86, 120.25, 91.25, 138.64
2024-11-07, 15:13:17, 136.5, 58.25, 23.0, 22.11, 9999.0, 9.64, 10.0, 21.68, 9999.0, 23.93, 9999.0, 117.86, 127.84, 120.25, 91.25, 138.61
2024-11-07, 15:13:21, 136.5, 58.25, 23.0, 22.11, 9999.0, 9.66, 10.0, 21.7, 9999.0, 23.91, 9999.0, 117.84, 127.86, 120.25, 91.25, 138.59
2024-11-07, 15:13:25, 136.5, 58.25, 23.0, 22.11, 9999.0, 9.68, 10.0, 21.73, 9999.0, 23.89, 9999.0, 117.84, 127.86, 120.25, 91.25, 138.59
2024-11-07, 15:13:29, 136.5, 58.25, 23.0, 22.11, 9999.0, 9.7, 10.0, 21.73, 9999.0, 23.86, 9999.0, 117.84, 127.86, 120.25, 91.25, 138.61
2024-11-07, 15:13:33, 136.5, 58.25, 23.0, 22.11, 9999.0, 9.73, 10.0, 21.73, 9999.0, 23.84, 9999.0, 117.84, 127.89, 120.25, 91.25, 138.59
2024-11-07, 15:13:38, 136.5, 58.25, 23.0, 22.11, 9999.0, 9.75, 10.0, 21.73, 9999.0, 23.84, 9999.0, 117.86, 127.86, 120.25, 91.25, 138.57
2024-11-07, 15:13:42, 136.5, 58.25, 23.0, 22.11, 9999.0, 9.77, 10.0, 21.73, 9999.0, 23.84, 9999.0, 117.89, 127.89, 120.25, 91.25, 138.57
2024-11-07, 15:13:46, 136.5, 58.25, 23.0, 22.09, 9999.0, 9.77, 10.0, 21.73, 9999.0, 23.84, 9999.0, 117.91, 127.91, 120.25, 91.25, 138.55
2024-11-07, 15:13:50, 136.5, 58.25, 23.0, 22.09, 9999.0, 9.77, 10.0, 21.75, 9999.0, 23.86, 9999.0, 117.93, 127.93, 120.25, 91.25, 138.52
2024-11-07, 15:13:54, 136.5, 58.25, 23.0, 22.11, 9999.0, 9.75, 10.0, 21.75, 9999.0, 23.89, 9999.0, 117.95, 127.95, 120.25, 91.25, 138.52
2024-11-07, 15:13:58, 136.5, 58.25, 23.0, 22.09, 9999.0, 9.7, 10.0, 21.75, 9999.0, 23.91, 9999.0, 117.98, 127.93, 120.25, 91.25, 138.55
2024-11-07, 15:14:02, 136.5, 58.25, 23.0, 22.09, 9999.0, 9.68, 10.0, 21.75, 9999.0, 23.93, 9999.0, 117.98, 127.95, 120.25, 91.25, 138.57
2024-11-07, 15:14:06, 136.5, 58.25, 23.0, 22.11, 9999.0, 9.66, 10.0, 21.75, 9999.0, 23.95, 9999.0, 117.98, 127.95, 120.25, 91.25, 138.57
2024-11-07, 15:14:10, 136.5, 58.25, 23.0, 22.14, 9999.0, 9.64, 10.0, 21.75, 9999.0, 23.98, 9999.0, 117.95, 127.93, 120.25, 91.25, 138.59
2024-11-07, 15:14:14, 136.5, 58.25, 23.0, 22.14, 9999.0, 9.61, 10.0, 21.75, 9999.0, 24.0, 9999.0, 117.93, 127.93, 120.25, 91.25, 138.57
2024-11-07, 15:14:18, 136.5, 58.25, 23.0, 22.14, 9999.0, 9.61, 10.0, 21.75, 9999.0, 24.02, 9999.0, 117.91, 127.93, 120.25, 91.25, 138.59
2024-11-07, 15:14:22, 136.5, 58.25, 23.0, 22.11, 9999.0, 9.61, 10.0, 21.75, 9999.0, 24.02, 9999.0, 117.89, 127.93, 120.25, 91.25, 138.59
2024-11-07, 15:14:26, 136.5, 58.25, 23.0, 22.11, 9999.0, 9.61, 10.0, 21.73, 9999.0, 24.02, 9999.0, 117.86, 127.93, 120.25, 91.25, 138.59
2024-11-07, 15:14:30, 136.5, 58.25, 23.0, 22.11, 9999.0, 9.64, 10.0, 21.73, 9999.0, 24.02, 9999.0, 117.84, 127.93, 120.25, 91.25, 138.59
2024-11-07, 15:14:34, 136.5, 58.25, 23.0, 22.14, 9999.0, 9.64, 10.0, 21.73, 9999.0, 24.0, 9999.0, 117.84, 127.91, 120.25, 91.25, 138.59
2024-11-07, 15:14:38, 136.5, 58.25, 23.0, 22.14, 9999.0, 9.66, 10.0, 21.73, 9999.0, 24.0, 9999.0, 117.84, 127.91, 120.25, 91.25, 138.59
2024-11-07, 15:14:42, 136.5, 58.25, 23.0, 22.16, 9999.0, 9.68, 10.0, 21.73, 9999.0, 24.0, 9999.0, 117.84, 127.91, 120.25, 91.25, 138.57
2024-11-07, 15:14:46, 136.5, 58.25, 23.0, 22.18, 9999.0, 9.7, 10.0, 21.73, 9999.0, 24.0, 9999.0, 117.84, 127.89, 120.25, 91.25, 138.55
2024-11-07, 15:14:50, 136.5, 58.25, 23.0, 22.18, 9999.0, 9.73, 10.0, 21.73, 9999.0, 23.98, 9999.0, 117.86, 127.86, 120.27, 91.25, 138.55
2024-11-07, 15:14:54, 136.5, 58.25, 23.0, 22.18, 9999.0, 9.75, 10.0, 21.73, 9999.0, 23.95, 9999.0, 117.89, 127.89, 120.27, 91.25, 138.52
2024-11-07, 15:14:58, 136.5, 58.25, 23.0, 22.18, 9999.0, 9.77, 10.0, 21.73, 9999.0, 23.98, 9999.0, 117.91, 127.89, 120.27, 91.25, 138.52
2024-11-07, 15:15:02, 136.5, 58.25, 23.0, 22.18, 9999.0, 9.77, 10.0, 21.73, 9999.0, 23.98, 9999.0, 117.93, 127.86, 120.27, 91.25, 138.5
2024-11-07, 15:15:06, 136.5, 58.25, 23.0, 22.18, 9999.0, 9.75, 10.0, 21.73, 9999.0, 24.0, 9999.0, 117.95, 127.89, 120.27, 91.25, 138.5
2024-11-07, 15:15:10, 136.5, 58.25, 23.0, 22.2, 9999.0, 9.73, 10.0, 21.75, 9999.0, 24.02, 9999.0, 117.98, 127.89, 120.27, 91.25, 138.5
2024-11-07, 15:15:14, 136.5, 58.25, 23.0, 22.23, 9999.0, 9.68, 10.0, 21.75, 9999.0, 24.05, 9999.0, 118.0, 127.86, 120.27, 91.25, 138.5
2024-11-07, 15:15:18, 136.5, 58.25, 23.0, 22.23, 9999.0, 9.66, 10.0, 21.73, 9999.0, 24.07, 9999.0, 117.98, 127.86, 120.27, 91.25, 138.52
2024-11-07, 15:15:22, 136.5, 58.25, 23.0, 22.23, 9999.0, 9.64, 10.0, 21.73, 9999.0, 24.09, 9999.0, 117.98, 127.84, 120.27, 91.25, 138.52
2024-11-07, 15:15:26, 136.5, 58.25, 23.0, 22.2, 9999.0, 9.61, 10.0, 21.73, 9999.0, 24.09, 9999.0, 117.98, 127.86, 120.27, 91.25, 138.52
2024-11-07, 15:15:30, 136.5, 58.25, 23.0, 22.18, 9999.0, 9.59, 10.0, 21.73, 9999.0, 24.09, 9999.0, 117.95, 127.86, 120.27, 91.25, 138.52
2024-11-07, 15:15:34, 136.5, 58.25, 23.0, 22.18, 9999.0, 9.57, 10.0, 21.73, 9999.0, 24.11, 9999.0, 117.93, 127.86, 120.25, 91.25, 138.52
2024-11-07, 15:15:38, 136.5, 58.25, 23.0, 22.18, 9999.0, 9.57, 10.0, 21.73, 9999.0, 24.14, 9999.0, 117.91, 127.84, 120.25, 91.25, 138.52
2024-11-07, 15:15:42, 136.5, 58.25, 23.0, 22.18, 9999.0, 9.57, 10.0, 21.73, 9999.0, 24.11, 9999.0, 117.89, 127.82, 120.25, 91.25, 138.52
2024-11-07, 15:15:46, 136.5, 58.25, 23.0, 22.16, 9999.0, 9.57, 10.0, 21.73, 9999.0, 24.11, 9999.0, 117.86, 127.84, 120.25, 91.25, 138.52
2024-11-07, 15:15:50, 136.5, 58.25, 23.0, 22.18, 9999.0, 9.59, 10.0, 21.73, 9999.0, 24.09, 9999.0, 117.84, 127.82, 120.25, 91.25, 138.52
2024-11-07, 15:15:54, 136.5, 58.25, 23.0, 22.18, 9999.0, 9.64, 10.0, 21.73, 9999.0, 24.07, 9999.0, 117.82, 127.8, 120.25, 91.25, 138.55
2024-11-07, 15:15:58, 136.5, 58.25, 23.0, 22.18, 9999.0, 9.66, 10.0, 21.73, 9999.0, 24.05, 9999.0, 117.8, 127.8, 120.25, 91.25, 138.55
2024-11-07, 15:16:02, 136.5, 58.25, 23.0, 22.16, 9999.0, 9.68, 10.0, 21.75, 9999.0, 24.02, 9999.0, 117.82, 127.8, 120.25, 91.25, 138.52
2024-11-07, 15:16:06, 136.5, 58.25, 23.0, 22.14, 9999.0, 9.7, 10.0, 21.75, 9999.0, 24.0, 9999.0, 117.82, 127.8, 120.25, 91.25, 138.52
2024-11-07, 15:16:10, 136.5, 58.25, 23.0, 22.16, 9999.0, 9.73, 10.0, 21.75, 9999.0, 24.0, 9999.0, 117.82, 127.77, 120.25, 91.25, 138.55
2024-11-07, 15:16:14, 136.5, 58.27, 23.0, 22.16, 9999.0, 9.75, 10.0, 21.75, 9999.0, 24.02, 9999.0, 117.84, 127.8, 120.25, 91.25, 138.55
2024-11-07, 15:16:18, 136.5, 58.27, 23.0, 22.14, 9999.0, 9.75, 10.0, 21.75, 9999.0, 24.05, 9999.0, 117.86, 127.82, 120.25, 91.25, 138.55
2024-11-07, 15:16:22, 136.5, 58.27, 23.0, 22.14, 9999.0, 9.73, 10.0, 21.75, 9999.0, 24.07, 9999.0, 117.89, 127.84, 120.25, 91.25, 138.57
2024-11-07, 15:16:26, 136.5, 58.27, 23.0, 22.11, 9999.0, 9.7, 10.0, 21.75, 9999.0, 24.09, 9999.0, 117.91, 127.86, 120.25, 91.25, 138.57
2024-11-07, 15:16:30, 136.5, 58.27, 23.0, 22.11, 9999.0, 9.68, 10.0, 21.75, 9999.0, 24.11, 9999.0, 117.93, 127.86, 120.25, 91.25, 138.57
2024-11-07, 15:16:34, 136.5, 58.27, 23.0, 22.11, 9999.0, 9.66, 10.0, 21.75, 9999.0, 24.14, 9999.0, 117.95, 127.89, 120.27, 91.25, 138.57
2024-11-07, 15:16:38, 136.5, 58.27, 23.0, 22.11, 9999.0, 9.61, 10.0, 21.75, 9999.0, 24.16, 9999.0, 117.95, 127.89, 120.3, 91.25, 138.55
2024-11-07, 15:16:42, 136.5, 58.27, 23.0, 22.11, 9999.0, 9.59, 10.0, 21.75, 9999.0, 24.18, 9999.0, 117.95, 127.91, 120.3, 91.25, 138.55
2024-11-07, 15:16:46, 136.5, 58.27, 23.0, 22.14, 9999.0, 9.57, 10.0, 21.75, 9999.0, 24.2, 9999.0, 117.93, 127.91, 120.3, 91.25, 138.55
2024-11-07, 15:16:50, 136.5, 58.27, 23.0, 22.16, 9999.0, 9.55, 10.0, 21.75, 9999.0, 24.23, 9999.0, 117.91, 127.93, 120.3, 91.25, 138.55
2024-11-07, 15:16:54, 136.5, 58.27, 23.0, 22.16, 9999.0, 9.52, 10.0, 21.75, 9999.0, 24.25, 9999.0, 117.89, 127.95, 120.3, 91.25, 138.52
2024-11-07, 15:16:58, 136.5, 58.25, 23.0, 22.18, 9999.0, 9.52, 10.0, 21.73, 9999.0, 24.23, 9999.0, 117.86, 127.93, 120.3, 91.25, 138.52
2024-11-07, 15:17:02, 136.5, 58.25, 23.0, 22.18, 9999.0, 9.52, 10.0, 21.73, 9999.0, 24.2, 9999.0, 117.84, 127.91, 120.3, 91.25, 138.52
2024-11-07, 15:17:06, 136.5, 58.25, 23.0, 22.18, 9999.0, 9.55, 10.0, 21.73, 9999.0, 24.18, 9999.0, 117.82, 127.89, 120.3, 91.25, 138.5
2024-11-07, 15:17:11, 136.5, 58.25, 22.98, 22.2, 9999.0, 9.57, 10.0, 21.73, 9999.0, 24.16, 9999.0, 117.8, 127.89, 120.3, 91.25, 138.5
2024-11-07, 15:17:15, 136.5, 58.25, 22.98, 22.2, 9999.0, 9.59, 10.0, 21.73, 9999.0, 24.14, 9999.0, 117.8, 127.86, 120.3, 91.25, 138.5
2024-11-07, 15:17:19, 136.5, 58.25, 22.98, 22.18, 9999.0, 9.61, 10.0, 21.73, 9999.0, 24.11, 9999.0, 117.8, 127.84, 120.27, 91.25, 138.5
2024-11-07, 15:17:23, 136.5, 58.25, 22.98, 22.18, 9999.0, 9.64, 10.0, 21.73, 9999.0, 24.09, 9999.0, 117.82, 127.84, 120.25, 91.25, 138.5
2024-11-07, 15:17:27, 136.5, 58.27, 22.98, 22.16, 9999.0, 9.66, 10.0, 21.73, 9999.0, 24.07, 9999.0, 117.84, 127.82, 120.25, 91.25, 138.5
2024-11-07, 15:17:31, 136.5, 58.27, 22.98, 22.14, 9999.0, 9.68, 10.0, 21.73, 9999.0, 24.05, 9999.0, 117.86, 127.84, 120.25, 91.25, 138.5
2024-11-07, 15:17:35, 136.5, 58.27, 22.98, 22.11, 9999.0, 9.7, 10.0, 21.73, 9999.0, 24.05, 9999.0, 117.89, 127.82, 120.25, 91.25, 138.5
2024-11-07, 15:17:39, 136.5, 58.27, 22.95, 22.11, 9999.0, 9.73, 10.0, 21.73, 9999.0, 24.05, 9999.0, 117.91, 127.82, 120.25, 91.25, 138.5
2024-11-07, 15:17:43, 136.5, 58.27, 22.95, 22.09, 9999.0, 9.73, 10.0, 21.75, 9999.0, 24.07, 9999.0, 117.93, 127.84, 120.25, 91.25, 138.5
2024-11-07, 15:17:47, 136.5, 58.27, 22.95, 22.09, 9999.0, 9.75, 10.0, 21.75, 9999.0, 24.11, 9999.0, 117.95, 127.86, 120.25, 91.25, 138.5
2024-11-07, 15:17:51, 136.5, 58.27, 22.95, 22.07, 9999.0, 9.75, 10.0, 21.75, 9999.0, 24.14, 9999.0, 117.98, 127.89, 120.25, 91.25, 138.5
2024-11-07, 15:17:55, 136.5, 58.27, 22.98, 22.05, 9999.0, 9.75, 10.0, 21.75, 9999.0, 24.16, 9999.0, 118.0, 127.89, 120.25, 91.25, 138.5
2024-11-07, 15:17:59, 136.5, 58.27, 22.95, 22.07, 9999.0, 9.73, 10.0, 21.75, 9999.0, 24.18, 9999.0, 117.98, 127.91, 120.25, 91.25, 138.5
2024-11-07, 15:18:03, 136.5, 58.27, 22.95, 22.07, 9999.0, 9.7, 10.0, 21.75, 9999.0, 24.18, 9999.0, 117.98, 127.93, 120.25, 91.25, 138.5
2024-11-07, 15:18:07, 136.5, 58.27, 22.95, 22.05, 9999.0, 9.68, 10.0, 21.75, 9999.0, 24.18, 9999.0, 117.95, 127.93, 120.25, 91.25, 138.5
2024-11-07, 15:18:11, 136.5, 58.25, 22.95, 22.05, 9999.0, 9.66, 10.0, 21.75, 9999.0, 24.18, 9999.0, 117.93, 127.93, 120.25, 91.25, 138.5
2024-11-07, 15:18:15, 136.5, 58.25, 22.93, 22.07, 9999.0, 9.66, 10.0, 21.75, 9999.0, 24.18, 9999.0, 117.91, 127.91, 120.25, 91.25, 138.5
2024-11-07, 15:18:19, 136.5, 58.25, 22.93, 22.07, 9999.0, 9.66, 10.0, 21.73, 9999.0, 24.16, 9999.0, 117.89, 127.91, 120.25, 91.25, 138.5
2024-11-07, 15:18:23, 136.5, 58.25, 22.95, 22.05, 9999.0, 9.66, 10.0, 21.73, 9999.0, 24.14, 9999.0, 117.86, 127.89, 120.25, 91.25, 138.5
2024-11-07, 15:18:27, 136.5, 58.25, 22.95, 22.05, 9999.0, 9.68, 10.0, 21.73, 9999.0, 24.11, 9999.0, 117.84, 127.86, 120.25, 91.25, 138.5
2024-11-07, 15:18:31, 136.5, 58.25, 22.93, 22.05, 9999.0, 9.7, 10.0, 21.73, 9999.0, 24.07, 9999.0, 117.82, 127.84, 120.25, 91.25, 138.5
2024-11-07, 15:18:35, 136.5, 58.25, 22.93, 22.07, 9999.0, 9.7, 10.0, 21.73, 9999.0, 24.05, 9999.0, 117.82, 127.82, 120.25, 91.25, 138.5
2024-11-07, 15:18:39, 136.5, 58.25, 22.93, 22.09, 9999.0, 9.7, 10.0, 21.73, 9999.0, 24.02, 9999.0, 117.8, 127.82, 120.25, 91.25, 138.5
2024-11-07, 15:18:43, 136.5, 58.25, 22.93, 22.09, 9999.0, 9.73, 10.0, 21.73, 9999.0, 24.0, 9999.0, 117.82, 127.82, 120.25, 91.25, 138.5
2024-11-07, 15:18:47, 136.5, 58.25, 22.93, 22.11, 9999.0, 9.75, 10.0, 21.73, 9999.0, 24.0, 9999.0, 117.84, 127.82, 120.25, 91.25, 138.5
2024-11-07, 15:18:51, 136.5, 58.25, 22.93, 22.14, 9999.0, 9.77, 10.0, 21.73, 9999.0, 24.0, 9999.0, 117.86, 127.84, 120.25, 91.25, 138.5
2024-11-07, 15:18:55, 136.5, 58.25, 22.93, 22.16, 9999.0, 9.8, 10.0, 21.73, 9999.0, 24.02, 9999.0, 117.89, 127.86, 120.25, 91.25, 138.5
2024-11-07, 15:18:59, 136.5, 58.25, 22.95, 22.14, 9999.0, 9.8, 10.0, 21.73, 9999.0, 24.05, 9999.0, 117.91, 127.86, 120.25, 91.25, 138.5
2024-11-07, 15:19:03, 136.5, 58.25, 22.95, 22.16, 9999.0, 9.8, 10.0, 21.75, 9999.0, 24.07, 9999.0, 117.93, 127.89, 120.25, 91.25, 138.5
2024-11-07, 15:19:07, 136.5, 58.25, 22.95, 22.18, 9999.0, 9.8, 10.0, 21.75, 9999.0, 24.11, 9999.0, 117.95, 127.91, 120.25, 91.25, 138.5
2024-11-07, 15:19:11, 136.5, 58.25, 22.95, 22.2, 9999.0, 9.75, 10.0, 21.75, 9999.0, 24.16, 9999.0, 117.98, 127.91, 120.25, 91.25, 138.5
2024-11-07, 15:19:15, 136.5, 58.25, 22.98, 22.2, 9999.0, 9.73, 10.0, 21.75, 9999.0, 24.18, 9999.0, 117.98, 127.93, 120.25, 91.25, 138.5
2024-11-07, 15:19:19, 136.5, 58.25, 22.98, 22.18, 9999.0, 9.7, 10.0, 21.75, 9999.0, 24.2, 9999.0, 117.95, 127.93, 120.25, 91.25, 138.5
2024-11-07, 15:19:23, 136.5, 58.25, 22.98, 22.18, 9999.0, 9.68, 10.0, 21.75, 9999.0, 24.23, 9999.0, 117.95, 127.91, 120.25, 91.25, 138.5
2024-11-07, 15:19:27, 136.5, 58.25, 23.0, 22.18, 9999.0, 9.66, 10.0, 21.73, 9999.0, 24.25, 9999.0, 117.93, 127.91, 120.25, 91.25, 138.5
2024-11-07, 15:19:31, 136.5, 58.25, 23.0, 22.18, 9999.0, 9.64, 10.0, 21.7, 9999.0, 24.27, 9999.0, 117.89, 127.91, 120.25, 91.25, 138.5
2024-11-07, 15:19:35, 136.5, 58.25, 23.0, 22.18, 9999.0, 9.64, 10.0, 21.68, 9999.0, 24.3, 9999.0, 117.86, 127.89, 120.25, 91.25, 138.5
2024-11-07, 15:19:39, 136.52, 58.25, 23.0, 22.16, 9999.0, 9.61, 10.0, 21.66, 9999.0, 24.3, 9999.0, 117.84, 127.86, 120.25, 91.23, 138.5
2024-11-07, 15:19:43, 136.52, 58.25, 23.0, 22.16, 9999.0, 9.61, 10.0, 21.66, 9999.0, 24.3, 9999.0, 117.82, 127.86, 120.25, 91.23, 138.5
2024-11-07, 15:19:47, 136.52, 58.25, 22.98, 22.16, 9999.0, 9.64, 10.0, 21.66, 9999.0, 24.27, 9999.0, 117.8, 127.84, 120.25, 91.23, 138.5
2024-11-07, 15:19:51, 136.52, 58.25, 22.98, 22.14, 9999.0, 9.64, 10.0, 21.66, 9999.0, 24.25, 9999.0, 117.8, 127.82, 120.25, 91.23, 138.5
2024-11-07, 15:19:55, 136.52, 58.25, 22.98, 22.11, 9999.0, 9.66, 10.0, 21.66, 9999.0, 24.23, 9999.0, 117.8, 127.82, 120.25, 91.23, 138.5
2024-11-07, 15:19:59, 136.52, 58.25, 22.98, 22.14, 9999.0, 9.66, 10.0, 21.66, 9999.0, 24.2, 9999.0, 117.82, 127.8, 120.25, 91.23, 138.5
2024-11-07, 15:20:03, 136.52, 58.25, 22.98, 22.16, 9999.0, 9.68, 10.0, 21.64, 9999.0, 24.18, 9999.0, 117.84, 127.82, 120.25, 91.23, 138.5
2024-11-07, 15:20:07, 136.52, 58.25, 22.98, 22.14, 9999.0, 9.7, 10.0, 21.64, 9999.0, 24.16, 9999.0, 117.86, 127.84, 120.25, 91.23, 138.5
2024-11-07, 15:20:11, 136.52, 58.25, 22.98, 22.11, 9999.0, 9.73, 10.0, 21.66, 9999.0, 24.16, 9999.0, 117.89, 127.82, 120.25, 91.23, 138.5
2024-11-07, 15:20:15, 136.52, 58.25, 22.98, 22.09, 9999.0, 9.75, 10.0, 21.68, 9999.0, 24.16, 9999.0, 117.91, 127.82, 120.25, 91.23, 138.5
2024-11-07, 15:20:19, 136.52, 58.25, 22.98, 22.09, 9999.0, 9.73, 10.0, 21.7, 9999.0, 24.16, 9999.0, 117.93, 127.84, 120.25, 91.23, 138.5
2024-11-07, 15:20:23, 136.5, 58.25, 22.98, 22.11, 9999.0, 9.75, 10.0, 21.73, 9999.0, 24.18, 9999.0, 117.95, 127.86, 120.25, 91.25, 138.5
2024-11-07, 15:20:27, 136.5, 58.25, 22.98, 22.14, 9999.0, 9.73, 10.0, 21.73, 9999.0, 24.2, 9999.0, 117.98, 127.89, 120.25, 91.25, 138.5
2024-11-07, 15:20:31, 136.5, 58.25, 23.0, 22.11, 9999.0, 9.68, 10.0, 21.73, 9999.0, 24.25, 9999.0, 117.98, 127.91, 120.25, 91.25, 138.5
2024-11-07, 15:20:35, 136.5, 58.25, 22.98, 22.11, 9999.0, 9.68, 10.0, 21.73, 9999.0, 24.27, 9999.0, 117.98, 127.93, 120.25, 91.23, 138.5
2024-11-07, 15:20:40, 136.5, 58.25, 22.98, 22.11, 9999.0, 9.66, 10.0, 21.73, 9999.0, 24.27, 9999.0, 117.95, 127.95, 120.25, 91.23, 138.5
2024-11-07, 15:20:44, 136.5, 58.25, 22.98, 22.11, 9999.0, 9.64, 9.98, 21.73, 9999.0, 24.3, 9999.0, 117.93, 127.98, 120.25, 91.2, 138.5
2024-11-07, 15:20:48, 136.5, 58.25, 22.98, 22.09, 9999.0, 9.61, 9.98, 21.75, 9999.0, 24.32, 9999.0, 117.91, 127.95, 120.25, 91.2, 138.5
2024-11-07, 15:20:52, 136.5, 58.25, 22.98, 22.09, 9999.0, 9.59, 9.98, 21.75, 9999.0, 24.34, 9999.0, 117.89, 127.93, 120.25, 91.18, 138.5
2024-11-07, 15:20:56, 136.5, 58.25, 22.98, 22.11, 9999.0, 9.59, 9.98, 21.75, 9999.0, 24.34, 9999.0, 117.86, 127.93, 120.25, 91.18, 138.5
2024-11-07, 15:21:01, 136.5, 58.25, 22.98, 22.11, 9999.0, 9.59, 9.98, 21.75, 9999.0, 24.32, 9999.0, 117.82, 127.91, 120.25, 91.18, 138.5
2024-11-07, 15:21:05, 136.5, 58.25, 22.98, 22.09, 9999.0, 9.61, 9.98, 21.75, 9999.0, 24.3, 9999.0, 117.8, 127.89, 120.25, 91.18, 138.5
2024-11-07, 15:21:09, 136.5, 58.25, 22.95, 22.07, 9999.0, 9.61, 9.98, 21.75, 9999.0, 24.27, 9999.0, 117.77, 127.86, 120.25, 91.18, 138.5
2024-11-07, 15:21:13, 136.5, 58.25, 22.95, 22.05, 9999.0, 9.66, 9.98, 21.75, 9999.0, 24.25, 9999.0, 117.77, 127.84, 120.25, 91.18, 138.5
2024-11-07, 15:21:17, 136.5, 58.25, 22.95, 22.05, 9999.0, 9.68, 9.98, 21.75, 9999.0, 24.23, 9999.0, 117.77, 127.82, 120.25, 91.18, 138.5
2024-11-07, 15:21:21, 136.5, 58.25, 22.98, 22.05, 9999.0, 9.68, 9.98, 21.75, 9999.0, 24.2, 9999.0, 117.77, 127.8, 120.25, 91.2, 138.5
2024-11-07, 15:21:25, 136.5, 58.25, 22.98, 22.05, 9999.0, 9.7, 9.98, 21.75, 9999.0, 24.18, 9999.0, 117.8, 127.8, 120.25, 91.2, 138.5
2024-11-07, 15:21:29, 136.5, 58.25, 22.98, 22.05, 9999.0, 9.73, 10.0, 21.75, 9999.0, 24.18, 9999.0, 117.82, 127.77, 120.25, 91.23, 138.5
2024-11-07, 15:21:33, 136.5, 58.25, 22.98, 22.07, 9999.0, 9.75, 10.0, 21.75, 9999.0, 24.18, 9999.0, 117.84, 127.77, 120.25, 91.23, 138.5
2024-11-07, 15:21:38, 136.5, 58.25, 22.98, 22.07, 9999.0, 9.77, 10.0, 21.75, 9999.0, 24.18, 9999.0, 117.84, 127.8, 120.25, 91.25, 138.5
2024-11-07, 15:21:42, 136.5, 58.25, 22.98, 22.05, 9999.0, 9.75, 10.0, 21.75, 9999.0, 24.2, 9999.0, 117.86, 127.82, 120.25, 91.25, 138.5
2024-11-07, 15:21:46, 136.5, 58.25, 22.98, 22.05, 9999.0, 9.75, 10.0, 21.75, 9999.0, 24.25, 9999.0, 117.89, 127.82, 120.25, 91.25, 138.5
2024-11-07, 15:21:50, 136.5, 58.25, 22.98, 22.05, 9999.0, 9.73, 10.0, 21.75, 9999.0, 24.3, 9999.0, 117.89, 127.84, 120.25, 91.25, 138.5
2024-11-07, 15:21:54, 136.5, 58.25, 23.0, 22.05, 9999.0, 9.7, 10.0, 21.75, 9999.0, 24.3, 9999.0, 117.89, 127.86, 120.25, 91.25, 138.5
2024-11-07, 15:21:58, 136.5, 58.25, 23.0, 22.05, 9999.0, 9.66, 10.0, 21.75, 9999.0, 24.3, 9999.0, 117.86, 127.89, 120.25, 91.23, 138.5
2024-11-07, 15:22:02, 136.5, 58.25, 23.0, 22.05, 9999.0, 9.64, 10.0, 21.75, 9999.0, 24.3, 9999.0, 117.86, 127.89, 120.25, 91.23, 138.5
2024-11-07, 15:22:06, 136.5, 58.25, 23.0, 22.05, 9999.0, 9.61, 10.0, 21.75, 9999.0, 24.3, 9999.0, 117.84, 127.89, 120.25, 91.23, 138.5
2024-11-07, 15:22:10, 136.5, 58.25, 23.0, 22.07, 9999.0, 9.59, 10.0, 21.75, 9999.0, 24.32, 9999.0, 117.82, 127.86, 120.25, 91.23, 138.5
2024-11-07, 15:22:14, 136.5, 58.25, 23.0, 22.05, 9999.0, 9.59, 10.0, 21.75, 9999.0, 24.32, 9999.0, 117.8, 127.86, 120.25, 91.2, 138.5
2024-11-07, 15:22:18, 136.5, 58.25, 23.0, 22.02, 9999.0, 9.59, 10.0, 21.75, 9999.0, 24.32, 9999.0, 117.75, 127.89, 120.25, 91.2, 138.5
2024-11-07, 15:22:22, 136.5, 58.25, 23.0, 22.02, 9999.0, 9.59, 10.0, 21.75, 9999.0, 24.32, 9999.0, 117.75, 127.86, 120.25, 91.2, 138.5
2024-11-07, 15:22:26, 136.5, 58.25, 23.0, 22.05, 9999.0, 9.61, 10.0, 21.75, 9999.0, 24.3, 9999.0, 117.7, 127.84, 120.25, 91.18, 138.5
2024-11-07, 15:22:30, 136.5, 58.25, 23.0, 22.05, 9999.0, 9.61, 10.0, 21.75, 9999.0, 24.25, 9999.0, 117.7, 127.84, 120.25, 91.16, 138.5
2024-11-07, 15:22:34, 136.5, 58.25, 23.0, 22.05, 9999.0, 9.64, 10.0, 21.73, 9999.0, 24.2, 9999.0, 117.7, 127.82, 120.25, 91.14, 138.5
2024-11-07, 15:22:38, 136.5, 58.25, 23.0, 22.05, 9999.0, 9.66, 10.0, 21.73, 9999.0, 24.18, 9999.0, 117.7, 127.8, 120.25, 91.11, 138.5
2024-11-07, 15:22:42, 136.5, 58.25, 23.0, 22.05, 9999.0, 9.68, 10.0, 21.73, 9999.0, 24.16, 9999.0, 117.73, 127.8, 120.25, 91.14, 138.5
2024-11-07, 15:22:46, 136.52, 58.25, 23.0, 22.05, 9999.0, 9.7, 10.0, 21.73, 9999.0, 24.14, 9999.0, 117.75, 127.82, 120.25, 91.14, 138.5
2024-11-07, 15:22:50, 136.52, 58.25, 23.0, 22.05, 9999.0, 9.73, 10.0, 21.73, 9999.0, 24.14, 9999.0, 117.77, 127.82, 120.25, 91.11, 138.5
2024-11-07, 15:22:54, 136.52, 58.25, 23.0, 22.02, 9999.0, 9.75, 10.0, 21.73, 9999.0, 24.14, 9999.0, 117.8, 127.82, 120.25, 91.11, 138.5
2024-11-07, 15:22:58, 136.52, 58.25, 23.0, 22.02, 9999.0, 9.75, 10.0, 21.73, 9999.0, 24.14, 9999.0, 117.8, 127.84, 120.25, 91.14, 138.5
2024-11-07, 15:23:02, 136.52, 58.25, 23.0, 22.02, 9999.0, 9.73, 10.0, 21.73, 9999.0, 24.16, 9999.0, 117.84, 127.84, 120.25, 91.14, 138.5
2024-11-07, 15:23:06, 136.52, 58.25, 23.0, 22.02, 9999.0, 9.7, 10.0, 21.73, 9999.0, 24.16, 9999.0, 117.84, 127.86, 120.25, 91.11, 138.5
2024-11-07, 15:23:10, 136.52, 58.25, 23.0, 22.0, 9999.0, 9.68, 10.0, 21.73, 9999.0, 24.16, 9999.0, 117.86, 127.89, 120.25, 91.11, 138.5
2024-11-07, 15:23:14, 136.52, 58.25, 23.0, 22.02, 9999.0, 9.66, 10.0, 21.73, 9999.0, 24.18, 9999.0, 117.86, 127.89, 120.25, 91.14, 138.5
2024-11-07, 15:23:18, 136.52, 58.25, 23.0, 22.02, 9999.0, 9.64, 10.0, 21.75, 9999.0, 24.2, 9999.0, 117.86, 127.91, 120.25, 91.16, 138.5
2024-11-07, 15:23:22, 136.52, 58.25, 23.0, 22.02, 9999.0, 9.61, 10.0, 21.75, 9999.0, 24.23, 9999.0, 117.86, 127.91, 120.25, 91.18, 138.5
2024-11-07, 15:23:26, 136.52, 58.25, 22.98, 22.02, 9999.0, 9.59, 10.0, 21.75, 9999.0, 24.23, 9999.0, 117.84, 127.89, 120.25, 91.16, 138.5
2024-11-07, 15:23:30, 136.5, 58.25, 22.98, 22.02, 9999.0, 9.57, 10.0, 21.75, 9999.0, 24.23, 9999.0, 117.82, 127.86, 120.25, 91.16, 138.5
2024-11-07, 15:23:34, 136.5, 58.25, 22.98, 22.02, 9999.0, 9.57, 10.0, 21.75, 9999.0, 24.2, 9999.0, 117.8, 127.86, 120.25, 91.18, 138.5
2024-11-07, 15:23:38, 136.5, 58.25, 22.95, 22.02, 9999.0, 9.55, 10.0, 21.75, 9999.0, 24.18, 9999.0, 117.77, 127.86, 120.25, 91.18, 138.5
2024-11-07, 15:23:42, 136.5, 58.25, 22.95, 22.02, 9999.0, 9.55, 10.0, 21.75, 9999.0, 24.16, 9999.0, 117.77, 127.84, 120.25, 91.18, 138.5
2024-11-07, 15:23:46, 136.5, 58.25, 22.95, 22.02, 9999.0, 9.59, 10.0, 21.75, 9999.0, 24.09, 9999.0, 117.73, 127.82, 120.25, 91.18, 138.5
2024-11-07, 15:23:50, 136.5, 58.25, 22.95, 22.02, 9999.0, 9.61, 10.0, 21.75, 9999.0, 24.05, 9999.0, 117.73, 127.8, 120.25, 91.2, 138.5
2024-11-07, 15:23:54, 136.5, 58.25, 22.95, 22.02, 9999.0, 9.64, 10.0, 21.75, 9999.0, 24.02, 9999.0, 117.73, 127.77, 120.25, 91.23, 138.5
2024-11-07, 15:23:58, 136.5, 58.25, 22.95, 22.0, 9999.0, 9.66, 10.0, 21.75, 9999.0, 23.98, 9999.0, 117.75, 127.77, 120.25, 91.23, 138.5
2024-11-07, 15:24:02, 136.5, 58.25, 22.95, 22.0, 9999.0, 9.68, 10.0, 21.75, 9999.0, 23.95, 9999.0, 117.77, 127.77, 120.25, 91.23, 138.5
2024-11-07, 15:24:06, 136.5, 58.25, 22.95, 22.0, 9999.0, 9.7, 10.0, 21.75, 9999.0, 23.91, 9999.0, 117.8, 127.8, 120.25, 91.23, 138.5
2024-11-07, 15:24:10, 136.5, 58.25, 22.98, 22.0, 9999.0, 9.73, 10.0, 21.75, 9999.0, 23.91, 9999.0, 117.82, 127.8, 120.25, 91.25, 138.5
2024-11-07, 15:24:14, 136.5, 58.25, 22.98, 22.0, 9999.0, 9.75, 10.0, 21.73, 9999.0, 23.91, 9999.0, 117.84, 127.8, 120.25, 91.25, 138.5
2024-11-07, 15:24:18, 136.5, 58.25, 22.98, 22.0, 9999.0, 9.75, 10.0, 21.73, 9999.0, 23.93, 9999.0, 117.86, 127.82, 120.25, 91.25, 138.5
2024-11-07, 15:24:22, 136.5, 58.25, 23.0, 22.0, 9999.0, 9.75, 10.0, 21.73, 9999.0, 23.95, 9999.0, 117.89, 127.84, 120.25, 91.25, 138.5
2024-11-07, 15:24:26, 136.5, 58.25, 23.0, 22.0, 9999.0, 9.73, 10.0, 21.73, 9999.0, 23.98, 9999.0, 117.89, 127.86, 120.25, 91.25, 138.5
2024-11-07, 15:24:30, 136.5, 58.25, 23.0, 22.0, 9999.0, 9.68, 10.0, 21.73, 9999.0, 24.02, 9999.0, 117.91, 127.89, 120.25, 91.25, 138.5
2024-11-07, 15:24:34, 136.5, 58.25, 23.0, 22.0, 9999.0, 9.66, 10.0, 21.73, 9999.0, 24.07, 9999.0, 117.91, 127.91, 120.25, 91.25, 138.5
2024-11-07, 15:24:38, 136.5, 58.25, 23.0, 22.0, 9999.0, 9.64, 10.0, 21.73, 9999.0, 24.07, 9999.0, 117.91, 127.93, 120.25, 91.25, 138.5
2024-11-07, 15:24:42, 136.5, 58.25, 23.0, 22.0, 9999.0, 9.61, 10.0, 21.73, 9999.0, 24.09, 9999.0, 117.89, 127.93, 120.25, 91.25, 138.5
2024-11-07, 15:24:46, 136.5, 58.25, 23.0, 22.0, 9999.0, 9.59, 10.0, 21.73, 9999.0, 24.09, 9999.0, 117.86, 127.91, 120.25, 91.25, 138.5
2024-11-07, 15:24:50, 136.5, 58.25, 23.0, 22.0, 9999.0, 9.59, 10.0, 21.73, 9999.0, 24.11, 9999.0, 117.84, 127.89, 120.25, 91.25, 138.5
2024-11-07, 15:24:54, 136.5, 58.25, 23.0, 22.0, 9999.0, 9.59, 10.0, 21.73, 9999.0, 24.11, 9999.0, 117.82, 127.89, 120.25, 91.25, 138.5
2024-11-07, 15:24:58, 136.5, 58.25, 23.0, 22.0, 9999.0, 9.59, 10.0, 21.75, 9999.0, 24.11, 9999.0, 117.8, 127.89, 120.25, 91.23, 138.5
2024-11-07, 15:25:02, 136.5, 58.25, 23.0, 22.0, 9999.0, 9.61, 10.0, 21.75, 9999.0, 24.07, 9999.0, 117.75, 127.86, 120.25, 91.2, 138.5
2024-11-07, 15:25:06, 136.5, 58.25, 23.0, 22.0, 9999.0, 9.64, 10.0, 21.75, 9999.0, 24.05, 9999.0, 117.73, 127.84, 120.25, 91.18, 138.5
2024-11-07, 15:25:11, 136.5, 58.25, 22.98, 22.02, 9999.0, 9.66, 10.0, 21.75, 9999.0, 24.02, 9999.0, 117.73, 127.82, 120.25, 91.18, 138.5
2024-11-07, 15:25:15, 136.5, 58.25, 22.98, 22.02, 9999.0, 9.68, 10.0, 21.75, 9999.0, 24.0, 9999.0, 117.73, 127.8, 120.25, 91.18, 138.5
2024-11-07, 15:25:19, 136.5, 58.25, 22.98, 22.02, 9999.0, 9.7, 10.0, 21.75, 9999.0, 23.95, 9999.0, 117.75, 127.8, 120.25, 91.18, 138.5
2024-11-07, 15:25:23, 136.5, 58.25, 22.98, 22.05, 9999.0, 9.73, 10.0, 21.75, 9999.0, 23.93, 9999.0, 117.77, 127.77, 120.25, 91.16, 138.5
2024-11-07, 15:25:27, 136.5, 58.25, 22.98, 22.05, 9999.0, 9.75, 10.0, 21.75, 9999.0, 23.91, 9999.0, 117.8, 127.77, 120.25, 91.14, 138.5
2024-11-07, 15:25:31, 136.52, 58.25, 22.98, 22.05, 9999.0, 9.77, 10.0, 21.75, 9999.0, 23.91, 9999.0, 117.82, 127.77, 120.25, 91.14, 138.5
2024-11-07, 15:25:35, 136.52, 58.25, 22.98, 22.05, 9999.0, 9.75, 10.0, 21.75, 9999.0, 23.91, 9999.0, 117.82, 127.8, 120.25, 91.14, 138.5
2024-11-07, 15:25:39, 136.52, 58.25, 22.98, 22.05, 9999.0, 9.75, 10.0, 21.75, 9999.0, 23.93, 9999.0, 117.82, 127.82, 120.25, 91.14, 138.5
2024-11-07, 15:25:43, 136.52, 58.25, 22.98, 22.05, 9999.0, 9.73, 10.0, 21.75, 9999.0, 23.95, 9999.0, 117.82, 127.84, 120.25, 91.14, 138.5
2024-11-07, 15:25:47, 136.52, 58.25, 22.98, 22.05, 9999.0, 9.68, 10.0, 21.75, 9999.0, 24.0, 9999.0, 117.84, 127.86, 120.25, 91.14, 138.5
2024-11-07, 15:25:51, 136.52, 58.25, 22.98, 22.05, 9999.0, 9.66, 10.0, 21.75, 9999.0, 24.02, 9999.0, 117.84, 127.89, 120.25, 91.14, 138.5
2024-11-07, 15:25:55, 136.52, 58.25, 23.0, 22.05, 9999.0, 9.64, 10.0, 21.75, 9999.0, 24.05, 9999.0, 117.84, 127.91, 120.25, 91.11, 138.5
2024-11-07, 15:25:59, 136.52, 58.25, 23.0, 22.07, 9999.0, 9.61, 10.0, 21.75, 9999.0, 24.05, 9999.0, 117.84, 127.93, 120.25, 91.09, 138.5
2024-11-07, 15:26:03, 136.52, 58.25, 23.0, 22.07, 9999.0, 9.59, 10.0, 21.75, 9999.0, 24.07, 9999.0, 117.82, 127.93, 120.25, 91.07, 138.5
2024-11-07, 15:26:07, 136.52, 58.25, 23.0, 22.05, 9999.0, 9.57, 10.0, 21.75, 9999.0, 24.09, 9999.0, 117.8, 127.95, 120.25, 91.07, 138.5
2024-11-07, 15:26:11, 136.52, 58.25, 23.0, 22.05, 9999.0, 9.57, 10.0, 21.75, 9999.0, 24.11, 9999.0, 117.75, 127.95, 120.25, 91.09, 138.5
2024-11-07, 15:26:15, 136.5, 58.25, 23.0, 22.05, 9999.0, 9.57, 10.0, 21.75, 9999.0, 24.11, 9999.0, 117.7, 127.98, 120.25, 91.09, 138.5
2024-11-07, 15:26:19, 136.5, 58.25, 23.0, 22.05, 9999.0, 9.59, 10.0, 21.75, 9999.0, 24.11, 9999.0, 117.68, 127.95, 120.25, 91.07, 138.5
2024-11-07, 15:26:23, 136.5, 58.25, 23.0, 22.05, 9999.0, 9.59, 10.0, 21.75, 9999.0, 24.09, 9999.0, 117.68, 127.95, 120.25, 91.05, 138.5
2024-11-07, 15:26:27, 136.5, 58.25, 23.0, 22.05, 9999.0, 9.61, 10.0, 21.75, 9999.0, 24.05, 9999.0, 117.68, 127.93, 120.25, 91.05, 138.5
2024-11-07, 15:26:31, 136.52, 58.25, 23.0, 22.05, 9999.0, 9.64, 10.0, 21.75, 9999.0, 24.0, 9999.0, 117.68, 127.93, 120.25, 91.05, 138.5
2024-11-07, 15:26:35, 136.52, 58.25, 23.0, 22.05, 9999.0, 9.66, 10.0, 21.75, 9999.0, 23.95, 9999.0, 117.7, 127.93, 120.25, 91.07, 138.5
2024-11-07, 15:26:39, 136.52, 58.25, 23.0, 22.02, 9999.0, 9.68, 10.0, 21.75, 9999.0, 23.91, 9999.0, 117.73, 127.93, 120.25, 91.09, 138.5
2024-11-07, 15:26:43, 136.52, 58.25, 23.0, 22.0, 9999.0, 9.7, 10.0, 21.75, 9999.0, 23.89, 9999.0, 117.75, 127.93, 120.25, 91.11, 138.5
2024-11-07, 15:26:47, 136.52, 58.25, 23.0, 22.0, 9999.0, 9.73, 10.0, 21.75, 9999.0, 23.89, 9999.0, 117.77, 127.93, 120.25, 91.14, 138.5
2024-11-07, 15:26:51, 136.52, 58.25, 23.0, 22.02, 9999.0, 9.75, 10.0, 21.75, 9999.0, 23.89, 9999.0, 117.77, 127.93, 120.25, 91.16, 138.5
2024-11-07, 15:26:55, 136.52, 58.25, 23.0, 22.02, 9999.0, 9.73, 10.0, 21.75, 9999.0, 23.89, 9999.0, 117.82, 127.95, 120.25, 91.16, 138.5
2024-11-07, 15:26:59, 136.52, 58.25, 23.0, 22.02, 9999.0, 9.7, 10.0, 21.75, 9999.0, 23.89, 9999.0, 117.84, 127.95, 120.25, 91.16, 138.5
2024-11-07, 15:27:03, 136.52, 58.25, 23.0, 22.02, 9999.0, 9.68, 10.0, 21.75, 9999.0, 23.89, 9999.0, 117.86, 127.98, 120.25, 91.18, 138.5
2024-11-07, 15:27:07, 136.52, 58.25, 23.0, 22.05, 9999.0, 9.66, 10.0, 21.75, 9999.0, 23.91, 9999.0, 117.86, 127.98, 120.25, 91.2, 138.5
2024-11-07, 15:27:11, 136.52, 58.25, 23.0, 22.07, 9999.0, 9.64, 10.0, 21.75, 9999.0, 23.93, 9999.0, 117.86, 128.0, 120.25, 91.23, 138.5
2024-11-07, 15:27:15, 136.5, 58.25, 23.0, 22.07, 9999.0, 9.61, 10.0, 21.75, 9999.0, 23.95, 9999.0, 117.86, 128.0, 120.25, 91.25, 138.5
2024-11-07, 15:27:19, 136.5, 58.25, 23.0, 22.07, 9999.0, 9.59, 10.0, 21.75, 9999.0, 23.98, 9999.0, 117.84, 127.98, 120.25, 91.25, 138.5
2024-11-07, 15:27:23, 136.5, 58.25, 23.0, 22.07, 9999.0, 9.57, 10.0, 21.75, 9999.0, 24.0, 9999.0, 117.82, 127.95, 120.25, 91.25, 138.5
2024-11-07, 15:27:27, 136.5, 58.25, 23.0, 22.07, 9999.0, 9.57, 10.0, 21.75, 9999.0, 24.02, 9999.0, 117.8, 127.95, 120.25, 91.25, 138.5
2024-11-07, 15:27:31, 136.5, 58.25, 23.0, 22.07, 9999.0, 9.57, 10.0, 21.75, 9999.0, 24.02, 9999.0, 117.77, 127.95, 120.25, 91.25, 138.5
2024-11-07, 15:27:35, 136.5, 58.25, 23.0, 22.05, 9999.0, 9.57, 10.0, 21.75, 9999.0, 24.02, 9999.0, 117.77, 127.93, 120.25, 91.25, 138.5
2024-11-07, 15:27:39, 136.5, 58.25, 23.0, 22.05, 9999.0, 9.59, 10.0, 21.75, 9999.0, 24.02, 9999.0, 117.75, 127.91, 120.25, 91.23, 138.5
2024-11-07, 15:27:43, 136.5, 58.25, 23.0, 22.05, 9999.0, 9.61, 10.0, 21.75, 9999.0, 24.02, 9999.0, 117.75, 127.89, 120.25, 91.2, 138.5
2024-11-07, 15:27:47, 136.5, 58.25, 23.0, 22.05, 9999.0, 9.66, 10.0, 21.75, 9999.0, 24.02, 9999.0, 117.75, 127.86, 120.25, 91.18, 138.5
2024-11-07, 15:27:51, 136.5, 58.25, 23.0, 22.02, 9999.0, 9.68, 10.0, 21.75, 9999.0, 23.98, 9999.0, 117.75, 127.84, 120.25, 91.18, 138.5
2024-11-07, 15:27:55, 136.5, 58.25, 23.0, 22.0, 9999.0, 9.7, 10.0, 21.75, 9999.0, 23.95, 9999.0, 117.77, 127.84, 120.25, 91.18, 138.5
2024-11-07, 15:27:59, 136.5, 58.25, 23.0, 22.0, 9999.0, 9.73, 10.0, 21.75, 9999.0, 23.95, 9999.0, 117.8, 127.84, 120.25, 91.18, 138.5
2024-11-07, 15:28:03, 136.5, 58.25, 23.0, 22.0, 9999.0, 9.75, 10.0, 21.75, 9999.0, 23.95, 9999.0, 117.82, 127.86, 120.25, 91.16, 138.5
2024-11-07, 15:28:07, 136.5, 58.25, 23.0, 22.0, 9999.0, 9.77, 10.0, 21.75, 9999.0, 23.95, 9999.0, 117.84, 127.89, 120.25, 91.14, 138.5
2024-11-07, 15:28:11, 136.5, 58.25, 23.0, 22.0, 9999.0, 9.77, 10.0, 21.75, 9999.0, 23.95, 9999.0, 117.86, 127.89, 120.25, 91.11, 138.5
2024-11-07, 15:28:15, 136.5, 58.25, 23.0, 22.0, 9999.0, 9.75, 10.0, 21.75, 9999.0, 23.98, 9999.0, 117.86, 127.89, 120.25, 91.09, 138.5
2024-11-07, 15:28:19, 136.5, 58.25, 23.0, 22.0, 9999.0, 9.73, 10.0, 21.75, 9999.0, 24.0, 9999.0, 117.86, 127.91, 120.25, 91.09, 138.5
2024-11-07, 15:28:23, 136.5, 58.25, 23.0, 22.0, 9999.0, 9.7, 10.0, 21.75, 9999.0, 24.02, 9999.0, 117.86, 127.93, 120.25, 91.09, 138.5
2024-11-07, 15:28:27, 136.5, 58.25, 23.0, 22.0, 9999.0, 9.68, 10.0, 21.75, 9999.0, 24.05, 9999.0, 117.86, 127.95, 120.25, 91.09, 138.5
2024-11-07, 15:28:31, 136.5, 58.25, 23.0, 22.0, 9999.0, 9.64, 10.0, 21.75, 9999.0, 24.07, 9999.0, 117.86, 127.98, 120.25, 91.09, 138.5
2024-11-07, 15:28:35, 136.5, 58.25, 23.0, 22.0, 9999.0, 9.61, 10.0, 21.75, 9999.0, 24.09, 9999.0, 117.86, 128.0, 120.25, 91.09, 138.5
2024-11-07, 15:28:39, 136.5, 58.25, 23.0, 22.0, 9999.0, 9.59, 10.0, 21.75, 9999.0, 24.14, 9999.0, 117.84, 128.0, 120.25, 91.07, 138.5
2024-11-07, 15:28:43, 136.5, 58.25, 23.0, 22.0, 9999.0, 9.57, 10.0, 21.75, 9999.0, 24.14, 9999.0, 117.82, 128.0, 120.25, 91.05, 138.5
2024-11-07, 15:28:48, 136.52, 58.25, 23.0, 22.0, 9999.0, 9.57, 10.0, 21.75, 9999.0, 24.14, 9999.0, 117.8, 128.0, 120.25, 91.05, 138.5
2024-11-07, 15:28:52, 136.52, 58.25, 23.0, 22.02, 9999.0, 9.57, 10.0, 21.75, 9999.0, 24.14, 9999.0, 117.77, 127.98, 120.25, 91.05, 138.5
2024-11-07, 15:28:56, 136.52, 58.25, 23.0, 22.02, 9999.0, 9.57, 10.0, 21.75, 9999.0, 24.14, 9999.0, 117.73, 127.95, 120.25, 91.05, 138.5
2024-11-07, 15:29:00, 136.52, 58.25, 23.0, 22.02, 9999.0, 9.59, 10.0, 21.75, 9999.0, 24.09, 9999.0, 117.73, 127.93, 120.25, 91.05, 138.5
2024-11-07, 15:29:04, 136.52, 58.25, 23.0, 22.02, 9999.0, 9.61, 10.0, 21.75, 9999.0, 24.05, 9999.0, 117.73, 127.91, 120.25, 91.02, 138.5
2024-11-07, 15:29:08, 136.52, 58.25, 23.0, 22.02, 9999.0, 9.64, 10.0, 21.75, 9999.0, 24.0, 9999.0, 117.73, 127.89, 120.25, 91.02, 138.5
2024-11-07, 15:29:12, 136.52, 58.25, 23.0, 22.02, 9999.0, 9.66, 10.0, 21.75, 9999.0, 23.98, 9999.0, 117.75, 127.89, 120.25, 91.05, 138.5
2024-11-07, 15:29:16, 136.52, 58.25, 23.0, 22.02, 9999.0, 9.68, 10.0, 21.75, 9999.0, 23.93, 9999.0, 117.77, 127.89, 120.25, 91.07, 138.5
2024-11-07, 15:29:20, 136.52, 58.25, 23.0, 22.02, 9999.0, 9.7, 10.0, 21.75, 9999.0, 23.91, 9999.0, 117.8, 127.89, 120.25, 91.05, 138.5
2024-11-07, 15:29:24, 136.52, 58.25, 23.0, 22.02, 9999.0, 9.73, 10.0, 21.75, 9999.0, 23.89, 9999.0, 117.82, 127.89, 120.25, 91.05, 138.5
2024-11-07, 15:29:28, 136.52, 58.25, 23.0, 22.02, 9999.0, 9.73, 10.0, 21.75, 9999.0, 23.89, 9999.0, 117.82, 127.89, 120.25, 91.05, 138.5
2024-11-07, 15:29:32, 136.5, 58.25, 23.0, 22.02, 9999.0, 9.73, 10.0, 21.75, 9999.0, 23.89, 9999.0, 117.84, 127.89, 120.25, 91.07, 138.5
2024-11-07, 15:29:36, 136.5, 58.25, 23.0, 22.0, 9999.0, 9.73, 10.0, 21.75, 9999.0, 23.91, 9999.0, 117.86, 127.91, 120.25, 91.09, 138.5
2024-11-07, 15:29:40, 136.5, 58.25, 23.0, 22.0, 9999.0, 9.7, 10.0, 21.75, 9999.0, 23.91, 9999.0, 117.89, 127.93, 120.25, 91.11, 138.5
2024-11-07, 15:29:44, 136.5, 58.25, 23.0, 22.0, 9999.0, 9.68, 10.0, 21.75, 9999.0, 23.93, 9999.0, 117.89, 127.95, 120.25, 91.11, 138.5
2024-11-07, 15:29:48, 136.5, 58.25, 23.0, 22.0, 9999.0, 9.66, 10.0, 21.75, 9999.0, 23.95, 9999.0, 117.89, 127.98, 120.25, 91.14, 138.5
2024-11-07, 15:29:52, 136.5, 58.25, 23.0, 22.0, 9999.0, 9.64, 10.0, 21.75, 9999.0, 23.98, 9999.0, 117.89, 128.0, 120.25, 91.16, 138.5
2024-11-07, 15:29:56, 136.5, 58.25, 23.0, 22.02, 9999.0, 9.61, 10.0, 21.75, 9999.0, 23.98, 9999.0, 117.86, 127.98, 120.25, 91.14, 138.5
2024-11-07, 15:30:00, 136.5, 58.25, 23.0, 22.02, 9999.0, 9.59, 10.0, 21.75, 9999.0, 24.0, 9999.0, 117.84, 127.98, 120.25, 91.11, 138.5
2024-11-07, 15:30:04, 136.5, 58.25, 23.0, 22.02, 9999.0, 9.57, 10.0, 21.75, 9999.0, 24.02, 9999.0, 117.82, 127.98, 120.25, 91.11, 138.5
2024-11-07, 15:30:08, 136.5, 58.25, 23.0, 22.02, 9999.0, 9.57, 10.0, 21.75, 9999.0, 24.02, 9999.0, 117.8, 127.98, 120.25, 91.14, 138.5
2024-11-07, 15:30:12, 136.5, 58.25, 23.0, 22.05, 9999.0, 9.59, 10.0, 21.75, 9999.0, 24.0, 9999.0, 117.77, 127.95, 120.25, 91.14, 138.5
2024-11-07, 15:30:16, 136.5, 58.25, 23.0, 22.05, 9999.0, 9.59, 10.0, 21.75, 9999.0, 23.98, 9999.0, 117.73, 127.95, 120.25, 91.14, 138.5
2024-11-07, 15:30:20, 136.5, 58.25, 23.0, 22.05, 9999.0, 9.61, 10.0, 21.75, 9999.0, 23.93, 9999.0, 117.68, 127.93, 120.25, 91.11, 138.5
2024-11-07, 15:30:24, 136.5, 58.25, 23.0, 22.05, 9999.0, 9.64, 10.0, 21.75, 9999.0, 23.91, 9999.0, 117.68, 127.91, 120.25, 91.09, 138.5
2024-11-07, 15:31:15, 136.5, 58.25, 23.0, 22.05, 9999.0, 9.66, 10.0, 21.75, 9999.0, 23.89, 9999.0, 117.68, 127.91, 120.25, 91.09, 138.5
2024-11-07, 15:31:19, 136.5, 58.25, 23.0, 22.07, 9999.0, 9.68, 10.0, 21.75, 9999.0, 23.86, 9999.0, 117.7, 127.91, 120.25, 91.09, 138.5
2024-11-07, 15:31:23, 136.5, 58.25, 23.0, 22.07, 9999.0, 9.7, 10.0, 21.75, 9999.0, 23.84, 9999.0, 117.73, 127.91, 120.25, 91.07, 138.5
2024-11-07, 15:31:27, 136.5, 58.25, 23.0, 22.05, 9999.0, 9.73, 10.0, 21.75, 9999.0, 23.82, 9999.0, 117.75, 127.93, 120.25, 91.07, 138.5
2024-11-07, 15:31:31, 136.5, 58.25, 23.0, 22.05, 9999.0, 9.75, 10.0, 21.75, 9999.0, 23.8, 9999.0, 117.77, 127.93, 120.25, 91.07, 138.52
2024-11-07, 15:31:35, 136.5, 58.25, 23.0, 22.05, 9999.0, 9.75, 10.0, 21.75, 9999.0, 23.8, 9999.0, 117.8, 127.91, 120.25, 91.09, 138.52
2024-11-07, 15:31:39, 136.5, 58.25, 23.0, 22.05, 9999.0, 9.75, 10.0, 21.75, 9999.0, 23.8, 9999.0, 117.8, 127.91, 120.25, 91.09, 138.55
2024-11-07, 15:31:43, 136.5, 58.25, 23.0, 22.05, 9999.0, 9.73, 10.0, 21.75, 9999.0, 23.82, 9999.0, 117.82, 127.93, 120.25, 91.11, 138.55
2024-11-07, 15:31:47, 136.5, 58.25, 23.0, 22.05, 9999.0, 9.7, 10.0, 21.75, 9999.0, 23.84, 9999.0, 117.84, 127.93, 120.25, 91.09, 138.55
2024-11-07, 15:31:51, 136.5, 58.25, 23.0, 22.05, 9999.0, 9.68, 10.0, 21.75, 9999.0, 23.86, 9999.0, 117.86, 127.95, 120.25, 91.11, 138.55
2024-11-07, 15:31:55, 136.5, 58.25, 23.0, 22.05, 9999.0, 9.66, 10.0, 21.75, 9999.0, 23.89, 9999.0, 117.86, 127.98, 120.25, 91.14, 138.55
2024-11-07, 15:31:59, 136.5, 58.25, 23.0, 22.05, 9999.0, 9.64, 10.0, 21.75, 9999.0, 23.91, 9999.0, 117.86, 127.98, 120.25, 91.16, 138.55
2024-11-07, 15:32:03, 136.5, 58.25, 23.0, 22.02, 9999.0, 9.61, 10.0, 21.75, 9999.0, 23.93, 9999.0, 117.84, 127.98, 120.25, 91.14, 138.55
2024-11-07, 15:32:07, 136.5, 58.25, 23.0, 22.05, 9999.0, 9.59, 10.0, 21.75, 9999.0, 23.95, 9999.0, 117.82, 127.98, 120.25, 91.14, 138.55
2024-11-07, 15:32:11, 136.5, 58.25, 23.0, 22.05, 9999.0, 9.59, 10.0, 21.75, 9999.0, 23.98, 9999.0, 117.8, 127.95, 120.25, 91.14, 138.55
2024-11-07, 15:32:16, 136.5, 58.25, 23.0, 22.05, 9999.0, 9.59, 10.0, 21.75, 9999.0, 24.0, 9999.0, 117.77, 127.95, 120.25, 91.14, 138.52
2024-11-07, 15:32:20, 136.5, 58.25, 23.0, 22.07, 9999.0, 9.61, 10.0, 21.75, 9999.0, 24.0, 9999.0, 117.75, 127.95, 120.25, 91.11, 138.52
2024-11-07, 15:32:24, 136.5, 58.25, 23.0, 22.09, 9999.0, 9.64, 10.0, 21.75, 9999.0, 23.98, 9999.0, 117.73, 127.95, 120.25, 91.09, 138.5
2024-11-07, 15:32:28, 136.5, 58.25, 23.0, 22.09, 9999.0, 9.66, 10.0, 21.75, 9999.0, 23.95, 9999.0, 117.7, 127.95, 120.25, 91.07, 138.52
2024-11-07, 15:32:32, 136.5, 58.25, 23.0, 22.09, 9999.0, 9.7, 10.0, 21.75, 9999.0, 23.93, 9999.0, 117.7, 127.95, 120.25, 91.07, 138.52
2024-11-07, 15:32:36, 136.5, 58.25, 23.0, 22.11, 9999.0, 9.7, 10.0, 21.75, 9999.0, 23.91, 9999.0, 117.7, 127.93, 120.25, 91.05, 138.52
2024-11-07, 15:32:40, 136.5, 58.25, 23.0, 22.14, 9999.0, 9.73, 10.0, 21.75, 9999.0, 23.89, 9999.0, 117.73, 127.93, 120.25, 91.02, 138.52
2024-11-07, 15:32:44, 136.5, 58.25, 23.0, 22.14, 9999.0, 9.75, 10.0, 21.75, 9999.0, 23.89, 9999.0, 117.75, 127.93, 120.25, 91.0, 138.52
2024-11-07, 15:32:48, 136.5, 58.25, 23.0, 22.14, 9999.0, 9.77, 10.0, 21.75, 9999.0, 23.86, 9999.0, 117.77, 127.93, 120.25, 91.02, 138.52
2024-11-07, 15:32:52, 136.5, 58.25, 23.0, 22.11, 9999.0, 9.8, 10.0, 21.75, 9999.0, 23.86, 9999.0, 117.8, 127.93, 120.25, 91.02, 138.52
2024-11-07, 15:32:56, 136.5, 58.25, 23.0, 22.14, 9999.0, 9.8, 10.0, 21.75, 9999.0, 23.86, 9999.0, 117.82, 127.95, 120.25, 91.02, 138.52
2024-11-07, 15:33:00, 136.5, 58.25, 23.0, 22.16, 9999.0, 9.8, 10.0, 21.75, 9999.0, 23.89, 9999.0, 117.84, 127.95, 120.25, 91.05, 138.52
2024-11-07, 15:33:04, 136.5, 58.25, 23.0, 22.14, 9999.0, 9.77, 10.0, 21.75, 9999.0, 23.91, 9999.0, 117.84, 127.98, 120.25, 91.07, 138.52
2024-11-07, 15:33:08, 136.5, 58.25, 23.0, 22.14, 9999.0, 9.73, 10.0, 21.75, 9999.0, 23.95, 9999.0, 117.86, 127.98, 120.25, 91.09, 138.52
2024-11-07, 15:33:12, 136.5, 58.25, 23.0, 22.11, 9999.0, 9.7, 10.0, 21.75, 9999.0, 23.98, 9999.0, 117.89, 127.98, 120.25, 91.09, 138.5
2024-11-07, 15:33:16, 136.5, 58.25, 23.0, 22.11, 9999.0, 9.66, 10.0, 21.75, 9999.0, 24.0, 9999.0, 117.89, 127.98, 120.25, 91.11, 138.52
2024-11-07, 15:33:20, 136.5, 58.25, 23.0, 22.09, 9999.0, 9.64, 10.0, 21.75, 9999.0, 24.02, 9999.0, 117.89, 128.0, 120.25, 91.14, 138.52
2024-11-07, 15:33:24, 136.5, 58.25, 23.0, 22.09, 9999.0, 9.61, 10.0, 21.75, 9999.0, 24.02, 9999.0, 117.86, 128.0, 120.25, 91.14, 138.52
2024-11-07, 15:33:28, 136.5, 58.25, 23.0, 22.09, 9999.0, 9.59, 10.0, 21.75, 9999.0, 24.0, 9999.0, 117.84, 128.0, 120.25, 91.14, 138.52
2024-11-07, 15:33:32, 136.5, 58.25, 23.0, 22.09, 9999.0, 9.59, 10.0, 21.75, 9999.0, 24.02, 9999.0, 117.82, 128.0, 120.25, 91.11, 138.52
2024-11-07, 15:33:36, 136.5, 58.25, 23.0, 22.09, 9999.0, 9.59, 10.0, 21.75, 9999.0, 24.0, 9999.0, 117.8, 128.0, 120.25, 91.11, 138.52
2024-11-07, 15:33:40, 136.5, 58.25, 23.0, 22.07, 9999.0, 9.59, 10.0, 21.75, 9999.0, 23.98, 9999.0, 117.75, 128.0, 120.25, 91.14, 138.52
2024-11-07, 15:33:44, 136.5, 58.25, 23.0, 22.05, 9999.0, 9.61, 10.0, 21.75, 9999.0, 23.93, 9999.0, 117.7, 128.0, 120.25, 91.11, 138.52
2024-11-07, 15:33:48, 136.5, 58.25, 23.0, 22.07, 9999.0, 9.64, 10.0, 21.75, 9999.0, 23.89, 9999.0, 117.7, 128.0, 120.25, 91.11, 138.52
2024-11-07, 15:33:52, 136.5, 58.25, 23.0, 22.05, 9999.0, 9.66, 10.0, 21.75, 9999.0, 23.84, 9999.0, 117.7, 127.98, 120.25, 91.09, 138.52
2024-11-07, 15:33:56, 136.5, 58.25, 23.0, 22.07, 9999.0, 9.68, 10.0, 21.75, 9999.0, 23.82, 9999.0, 117.7, 127.98, 120.25, 91.11, 138.52
2024-11-07, 15:34:00, 136.5, 58.25, 23.0, 22.07, 9999.0, 9.7, 10.0, 21.75, 9999.0, 23.77, 9999.0, 117.73, 127.98, 120.25, 91.11, 138.5
2024-11-07, 15:34:04, 136.5, 58.25, 23.0, 22.07, 9999.0, 9.73, 10.0, 21.75, 9999.0, 23.75, 9999.0, 117.75, 127.98, 120.25, 91.11, 138.5
2024-11-07, 15:34:08, 136.5, 58.25, 23.0, 22.05, 9999.0, 9.75, 10.0, 21.75, 9999.0, 23.75, 9999.0, 117.77, 127.98, 120.25, 91.14, 138.52
2024-11-07, 15:34:12, 136.5, 58.25, 23.0, 22.05, 9999.0, 9.77, 10.0, 21.75, 9999.0, 23.75, 9999.0, 117.8, 127.98, 120.25, 91.16, 138.52
2024-11-07, 15:34:16, 136.5, 58.25, 23.0, 22.05, 9999.0, 9.77, 10.0, 21.75, 9999.0, 23.73, 9999.0, 117.8, 127.98, 120.25, 91.18, 138.52
2024-11-07, 15:34:20, 136.5, 58.25, 23.0, 22.07, 9999.0, 9.75, 10.0, 21.75, 9999.0, 23.75, 9999.0, 117.82, 127.98, 120.25, 91.2, 138.52
2024-11-07, 15:34:24, 136.5, 58.25, 23.0, 22.07, 9999.0, 9.73, 10.0, 21.75, 9999.0, 23.77, 9999.0, 117.84, 127.98, 120.27, 91.2, 138.52
2024-11-07, 15:34:28, 136.5, 58.25, 23.0, 22.09, 9999.0, 9.68, 10.0, 21.75, 9999.0, 23.8, 9999.0, 117.86, 127.98, 120.27, 91.23, 138.52
2024-11-07, 15:34:32, 136.5, 58.25, 23.0, 22.09, 9999.0, 9.66, 10.0, 21.75, 9999.0, 23.82, 9999.0, 117.86, 127.98, 120.27, 91.23, 138.55
2024-11-07, 15:34:36, 136.5, 58.25, 23.0, 22.11, 9999.0, 9.64, 10.0, 21.75, 9999.0, 23.84, 9999.0, 117.86, 128.0, 120.27, 91.25, 138.55
2024-11-07, 15:34:40, 136.5, 58.25, 23.0, 22.09, 9999.0, 9.61, 10.0, 21.75, 9999.0, 23.86, 9999.0, 117.86, 128.0, 120.27, 91.25, 138.55
2024-11-07, 15:34:44, 136.5, 58.25, 23.0, 22.11, 9999.0, 9.59, 10.0, 21.75, 9999.0, 23.91, 9999.0, 117.84, 128.0, 120.27, 91.25, 138.55
2024-11-07, 15:34:48, 136.5, 58.25, 23.0, 22.11, 9999.0, 9.57, 10.0, 21.75, 9999.0, 23.93, 9999.0, 117.82, 128.0, 120.27, 91.25, 138.55
2024-11-07, 15:34:52, 136.5, 58.25, 23.0, 22.11, 9999.0, 9.57, 10.0, 21.75, 9999.0, 23.95, 9999.0, 117.8, 128.0, 120.27, 91.23, 138.52
2024-11-07, 15:34:56, 136.5, 58.25, 23.0, 22.11, 9999.0, 9.57, 10.0, 21.75, 9999.0, 23.98, 9999.0, 117.75, 128.0, 120.27, 91.23, 138.52
2024-11-07, 15:35:00, 136.5, 58.25, 23.0, 22.14, 9999.0, 9.57, 10.0, 21.75, 9999.0, 23.98, 9999.0, 117.75, 128.0, 120.27, 91.2, 138.55
2024-11-07, 15:35:04, 136.5, 58.25, 23.0, 22.14, 9999.0, 9.59, 10.0, 21.75, 9999.0, 23.95, 9999.0, 117.7, 128.0, 120.27, 91.2, 138.57
2024-11-07, 15:35:08, 136.5, 58.25, 23.0, 22.14, 9999.0, 9.64, 10.0, 21.75, 9999.0, 23.93, 9999.0, 117.7, 128.0, 120.25, 91.2, 138.57
2024-11-07, 15:35:12, 136.5, 58.25, 23.0, 22.11, 9999.0, 9.66, 10.0, 21.75, 9999.0, 23.91, 9999.0, 117.7, 128.0, 120.25, 91.2, 138.57
2024-11-07, 15:35:16, 136.5, 58.25, 23.0, 22.11, 9999.0, 9.68, 10.0, 21.75, 9999.0, 23.89, 9999.0, 117.73, 128.0, 120.25, 91.2, 138.55
2024-11-07, 15:35:20, 136.5, 58.25, 23.0, 22.11, 9999.0, 9.7, 10.0, 21.75, 9999.0, 23.86, 9999.0, 117.75, 128.0, 120.25, 91.2, 138.55
2024-11-07, 15:35:24, 136.5, 58.25, 23.0, 22.11, 9999.0, 9.73, 10.0, 21.75, 9999.0, 23.84, 9999.0, 117.77, 128.0, 120.25, 91.2, 138.55
2024-11-07, 15:35:28, 136.5, 58.25, 23.0, 22.11, 9999.0, 9.75, 10.0, 21.75, 9999.0, 23.84, 9999.0, 117.8, 128.0, 120.25, 91.2, 138.57
2024-11-07, 15:35:32, 136.5, 58.25, 23.0, 22.14, 9999.0, 9.77, 10.0, 21.75, 9999.0, 23.82, 9999.0, 117.8, 128.0, 120.25, 91.2, 138.57
2024-11-07, 15:35:36, 136.5, 58.25, 23.0, 22.16, 9999.0, 9.77, 10.0, 21.75, 9999.0, 23.82, 9999.0, 117.8, 128.0, 120.25, 91.23, 138.57
2024-11-07, 15:35:40, 136.5, 58.25, 23.0, 22.16, 9999.0, 9.75, 10.0, 21.75, 9999.0, 23.82, 9999.0, 117.82, 128.0, 120.25, 91.23, 138.59
2024-11-07, 15:35:44, 136.5, 58.25, 23.0, 22.14, 9999.0, 9.75, 10.0, 21.75, 9999.0, 23.84, 9999.0, 117.84, 128.0, 120.25, 91.25, 138.57
2024-11-07, 15:35:49, 136.5, 58.25, 23.0, 22.14, 9999.0, 9.73, 10.0, 21.75, 9999.0, 23.86, 9999.0, 117.86, 128.0, 120.25, 91.25, 138.55
2024-11-07, 15:35:53, 136.5, 58.25, 23.0, 22.14, 9999.0, 9.68, 10.0, 21.75, 9999.0, 23.89, 9999.0, 117.86, 128.0, 120.25, 91.23, 138.55
2024-11-07, 15:35:57, 136.5, 58.25, 23.0, 22.16, 9999.0, 9.66, 10.0, 21.75, 9999.0, 23.91, 9999.0, 117.86, 128.0, 120.25, 91.23, 138.55
2024-11-07, 15:36:01, 136.5, 58.25, 23.0, 22.14, 9999.0, 9.64, 10.0, 21.73, 9999.0, 23.91, 9999.0, 117.84, 128.0, 120.25, 91.23, 138.57
2024-11-07, 15:36:05, 136.5, 58.25, 23.0, 22.11, 9999.0, 9.61, 10.0, 21.73, 9999.0, 23.91, 9999.0, 117.82, 128.0, 120.25, 91.23, 138.59
2024-11-07, 15:36:09, 136.52, 58.25, 23.0, 22.11, 9999.0, 9.61, 10.0, 21.73, 9999.0, 23.91, 9999.0, 117.8, 128.0, 120.25, 91.23, 138.61
2024-11-07, 15:36:13, 136.52, 58.25, 23.0, 22.09, 9999.0, 9.61, 10.0, 21.73, 9999.0, 23.89, 9999.0, 117.77, 128.0, 120.25, 91.2, 138.61
2024-11-07, 15:36:17, 136.52, 58.25, 23.0, 22.07, 9999.0, 9.61, 10.0, 21.73, 9999.0, 23.89, 9999.0, 117.77, 128.0, 120.25, 91.2, 138.61
2024-11-07, 15:36:21, 136.52, 58.25, 23.0, 22.07, 9999.0, 9.64, 10.0, 21.73, 9999.0, 23.86, 9999.0, 117.77, 128.0, 120.25, 91.2, 138.61
2024-11-07, 15:36:25, 136.52, 58.25, 23.0, 22.09, 9999.0, 9.68, 10.0, 21.73, 9999.0, 23.84, 9999.0, 117.77, 128.0, 120.25, 91.18, 138.59
2024-11-07, 15:36:29, 136.52, 58.25, 23.0, 22.09, 9999.0, 9.68, 10.0, 21.73, 9999.0, 23.82, 9999.0, 117.75, 128.0, 120.25, 91.18, 138.59
2024-11-07, 15:36:33, 136.52, 58.25, 23.0, 22.09, 9999.0, 9.7, 10.0, 21.73, 9999.0, 23.8, 9999.0, 117.75, 127.98, 120.25, 91.16, 138.59
2024-11-07, 15:36:37, 136.52, 58.25, 23.0, 22.09, 9999.0, 9.73, 10.0, 21.73, 9999.0, 23.77, 9999.0, 117.77, 127.98, 120.25, 91.18, 138.61
2024-11-07, 15:36:41, 136.52, 58.25, 23.0, 22.07, 9999.0, 9.75, 10.0, 21.73, 9999.0, 23.75, 9999.0, 117.8, 127.98, 120.25, 91.18, 138.64
2024-11-07, 15:36:45, 136.52, 58.25, 23.0, 22.09, 9999.0, 9.77, 10.0, 21.75, 9999.0, 23.75, 9999.0, 117.82, 127.98, 120.25, 91.18, 138.64
2024-11-07, 15:36:49, 136.52, 58.25, 23.0, 22.11, 9999.0, 9.8, 10.0, 21.75, 9999.0, 23.77, 9999.0, 117.84, 127.98, 120.25, 91.18, 138.64
2024-11-07, 15:36:53, 136.5, 58.25, 23.0, 22.14, 9999.0, 9.8, 10.0, 21.75, 9999.0, 23.77, 9999.0, 117.86, 127.98, 120.25, 91.18, 138.61
2024-11-07, 15:36:57, 136.5, 58.25, 23.0, 22.16, 9999.0, 9.8, 10.0, 21.75, 9999.0, 23.8, 9999.0, 117.89, 127.98, 120.25, 91.2, 138.59
2024-11-07, 15:37:01, 136.5, 58.25, 23.0, 22.18, 9999.0, 9.8, 10.0, 21.75, 9999.0, 23.82, 9999.0, 117.91, 127.98, 120.25, 91.2, 138.59
2024-11-07, 15:37:05, 136.5, 58.25, 23.0, 22.16, 9999.0, 9.75, 10.0, 21.75, 9999.0, 23.84, 9999.0, 117.91, 127.98, 120.25, 91.2, 138.61
2024-11-07, 15:37:09, 136.5, 58.25, 23.0, 22.16, 9999.0, 9.7, 10.0, 21.75, 9999.0, 23.86, 9999.0, 117.91, 127.98, 120.25, 91.23, 138.64
2024-11-07, 15:37:13, 136.5, 58.25, 23.0, 22.16, 9999.0, 9.68, 10.0, 21.73, 9999.0, 23.89, 9999.0, 117.91, 127.98, 120.25, 91.23, 138.64
2024-11-07, 15:37:17, 136.5, 58.25, 23.0, 22.14, 9999.0, 9.66, 10.0, 21.73, 9999.0, 23.91, 9999.0, 117.91, 128.0, 120.25, 91.25, 138.64
2024-11-07, 15:37:21, 136.5, 58.25, 23.0, 22.14, 9999.0, 9.64, 10.0, 21.73, 9999.0, 23.93, 9999.0, 117.89, 128.0, 120.25, 91.25, 138.64
2024-11-07, 15:37:25, 136.5, 58.25, 23.0, 22.16, 9999.0, 9.61, 10.0, 21.73, 9999.0, 23.95, 9999.0, 117.86, 128.0, 120.25, 91.23, 138.61
2024-11-07, 15:37:29, 136.5, 58.25, 23.0, 22.14, 9999.0, 9.61, 10.0, 21.73, 9999.0, 23.98, 9999.0, 117.84, 128.0, 120.25, 91.23, 138.59
2024-11-07, 15:37:33, 136.5, 58.25, 23.0, 22.14, 9999.0, 9.61, 10.0, 21.73, 9999.0, 23.98, 9999.0, 117.82, 127.98, 120.25, 91.2, 138.59
2024-11-07, 15:37:37, 136.5, 58.25, 23.0, 22.14, 9999.0, 9.61, 10.0, 21.73, 9999.0, 24.0, 9999.0, 117.77, 127.98, 120.25, 91.2, 138.59
2024-11-07, 15:37:41, 136.5, 58.25, 23.0, 22.14, 9999.0, 9.64, 10.0, 21.73, 9999.0, 24.0, 9999.0, 117.73, 127.95, 120.25, 91.2, 138.59
2024-11-07, 15:37:45, 136.5, 58.25, 23.0, 22.14, 9999.0, 9.64, 10.0, 21.73, 9999.0, 24.0, 9999.0, 117.7, 127.93, 120.25, 91.18, 138.59
2024-11-07, 15:37:49, 136.5, 58.25, 23.0, 22.16, 9999.0, 9.66, 10.0, 21.73, 9999.0, 23.98, 9999.0, 117.7, 127.93, 120.25, 91.18, 138.57
2024-11-07, 15:37:53, 136.5, 58.25, 23.0, 22.16, 9999.0, 9.68, 10.0, 21.73, 9999.0, 23.98, 9999.0, 117.7, 127.93, 120.25, 91.18, 138.55
2024-11-07, 15:37:57, 136.5, 58.25, 23.0, 22.18, 9999.0, 9.7, 10.0, 21.75, 9999.0, 23.95, 9999.0, 117.73, 127.93, 120.25, 91.18, 138.55
2024-11-07, 15:38:01, 136.5, 58.25, 23.0, 22.2, 9999.0, 9.73, 10.0, 21.75, 9999.0, 23.93, 9999.0, 117.75, 127.93, 120.25, 91.16, 138.57
2024-11-07, 15:38:05, 136.5, 58.25, 23.0, 22.23, 9999.0, 9.75, 10.0, 21.75, 9999.0, 23.91, 9999.0, 117.77, 127.93, 120.25, 91.16, 138.57
2024-11-07, 15:38:09, 136.5, 58.25, 23.0, 22.23, 9999.0, 9.77, 10.0, 21.75, 9999.0, 23.91, 9999.0, 117.8, 127.93, 120.25, 91.16, 138.59
2024-11-07, 15:38:13, 136.5, 58.25, 23.0, 22.25, 9999.0, 9.77, 10.0, 21.75, 9999.0, 23.91, 9999.0, 117.82, 127.93, 120.25, 91.14, 138.61
2024-11-07, 15:38:17, 136.5, 58.25, 23.0, 22.25, 9999.0, 9.77, 10.0, 21.75, 9999.0, 23.93, 9999.0, 117.82, 127.95, 120.25, 91.16, 138.61
2024-11-07, 15:38:21, 136.5, 58.25, 23.0, 22.25, 9999.0, 9.77, 10.0, 21.75, 9999.0, 23.95, 9999.0, 117.86, 127.95, 120.25, 91.14, 138.64
2024-11-07, 15:38:25, 136.5, 58.25, 23.0, 22.25, 9999.0, 9.73, 10.0, 21.75, 9999.0, 23.98, 9999.0, 117.89, 127.98, 120.25, 91.11, 138.64
2024-11-07, 15:38:29, 136.5, 58.25, 23.0, 22.25, 9999.0, 9.73, 10.0, 21.75, 9999.0, 24.0, 9999.0, 117.89, 128.0, 120.25, 91.11, 138.64
2024-11-07, 15:38:33, 136.5, 58.25, 23.0, 22.25, 9999.0, 9.7, 10.0, 21.75, 9999.0, 24.05, 9999.0, 117.89, 128.0, 120.25, 91.09, 138.64
2024-11-07, 15:38:37, 136.5, 58.25, 23.0, 22.25, 9999.0, 9.68, 10.0, 21.75, 9999.0, 24.05, 9999.0, 117.89, 128.0, 120.25, 91.09, 138.66
2024-11-07, 15:38:41, 136.5, 58.25, 23.0, 22.23, 9999.0, 9.66, 10.0, 21.75, 9999.0, 24.07, 9999.0, 117.86, 128.0, 120.25, 91.07, 138.66
2024-11-07, 15:38:45, 136.5, 58.25, 23.0, 22.23, 9999.0, 9.64, 10.0, 21.75, 9999.0, 24.09, 9999.0, 117.84, 128.0, 120.25, 91.07, 138.64
2024-11-07, 15:38:49, 136.5, 58.25, 23.0, 22.23, 9999.0, 9.64, 10.0, 21.75, 9999.0, 24.11, 9999.0, 117.82, 128.0, 120.25, 91.05, 138.64
2024-11-07, 15:38:53, 136.5, 58.25, 23.0, 22.23, 9999.0, 9.64, 10.0, 21.75, 9999.0, 24.11, 9999.0, 117.77, 128.0, 120.25, 91.07, 138.61
2024-11-07, 15:38:57, 136.5, 58.25, 23.0, 22.2, 9999.0, 9.64, 10.0, 21.75, 9999.0, 24.11, 9999.0, 117.73, 128.0, 120.25, 91.09, 138.59
2024-11-07, 15:39:01, 136.5, 58.25, 23.0, 22.18, 9999.0, 9.66, 10.0, 21.75, 9999.0, 24.09, 9999.0, 117.73, 128.0, 120.25, 91.07, 138.57
2024-11-07, 15:39:05, 136.5, 58.25, 23.0, 22.16, 9999.0, 9.66, 10.0, 21.75, 9999.0, 24.07, 9999.0, 117.7, 128.0, 120.25, 91.07, 138.55
2024-11-07, 15:39:09, 136.5, 58.25, 23.0, 22.16, 9999.0, 9.68, 10.0, 21.75, 9999.0, 24.05, 9999.0, 117.7, 128.0, 120.25, 91.09, 138.55
2024-11-07, 15:39:13, 136.5, 58.25, 23.0, 22.14, 9999.0, 9.68, 10.0, 21.73, 9999.0, 24.02, 9999.0, 117.7, 127.98, 120.25, 91.09, 138.55
2024-11-07, 15:39:17, 136.5, 58.25, 23.0, 22.14, 9999.0, 9.7, 10.0, 21.73, 9999.0, 24.0, 9999.0, 117.73, 127.98, 120.25, 91.09, 138.57
2024-11-07, 15:39:21, 136.5, 58.25, 23.0, 22.14, 9999.0, 9.73, 10.0, 21.73, 9999.0, 24.0, 9999.0, 117.75, 127.98, 120.25, 91.09, 138.55
2024-11-07, 15:39:26, 136.5, 58.25, 23.0, 22.14, 9999.0, 9.75, 10.0, 21.73, 9999.0, 24.0, 9999.0, 117.77, 127.98, 120.25, 91.09, 138.55
2024-11-07, 15:39:30, 136.5, 58.25, 23.0, 22.14, 9999.0, 9.77, 10.0, 21.73, 9999.0, 24.02, 9999.0, 117.8, 127.98, 120.25, 91.09, 138.55
2024-11-07, 15:39:34, 136.5, 58.25, 23.0, 22.14, 9999.0, 9.77, 10.0, 21.73, 9999.0, 24.02, 9999.0, 117.8, 127.95, 120.25, 91.11, 138.55
2024-11-07, 15:39:38, 136.5, 58.25, 23.0, 22.14, 9999.0, 9.77, 10.0, 21.73, 9999.0, 24.05, 9999.0, 117.84, 127.95, 120.25, 91.11, 138.55
2024-11-07, 15:39:42, 136.5, 58.25, 23.0, 22.16, 9999.0, 9.77, 10.0, 21.73, 9999.0, 24.07, 9999.0, 117.86, 127.95, 120.25, 91.09, 138.55
2024-11-07, 15:39:46, 136.5, 58.25, 23.0, 22.18, 9999.0, 9.73, 10.0, 21.73, 9999.0, 24.09, 9999.0, 117.86, 127.95, 120.25, 91.11, 138.55
2024-11-07, 15:39:50, 136.5, 58.25, 23.0, 22.2, 9999.0, 9.73, 10.0, 21.73, 9999.0, 24.11, 9999.0, 117.86, 127.95, 120.25, 91.11, 138.55
2024-11-07, 15:39:54, 136.5, 58.25, 23.0, 22.2, 9999.0, 9.7, 10.0, 21.73, 9999.0, 24.14, 9999.0, 117.86, 127.95, 120.25, 91.11, 138.55
2024-11-07, 15:39:58, 136.5, 58.25, 23.0, 22.2, 9999.0, 9.68, 10.0, 21.75, 9999.0, 24.16, 9999.0, 117.86, 127.95, 120.25, 91.14, 138.55
2024-11-07, 15:40:02, 136.5, 58.25, 23.0, 22.2, 9999.0, 9.66, 10.0, 21.75, 9999.0, 24.18, 9999.0, 117.84, 127.95, 120.25, 91.14, 138.52
2024-11-07, 15:40:06, 136.5, 58.25, 23.0, 22.2, 9999.0, 9.64, 10.0, 21.73, 9999.0, 24.2, 9999.0, 117.82, 127.95, 120.25, 91.14, 138.52
2024-11-07, 15:40:10, 136.5, 58.25, 23.0, 22.2, 9999.0, 9.64, 10.0, 21.7, 9999.0, 24.2, 9999.0, 117.8, 127.95, 120.25, 91.16, 138.52
2024-11-07, 15:40:14, 136.52, 58.25, 23.0, 22.2, 9999.0, 9.64, 10.0, 21.7, 9999.0, 24.18, 9999.0, 117.77, 127.95, 120.25, 91.18, 138.52
2024-11-07, 15:40:18, 136.52, 58.25, 23.0, 22.2, 9999.0, 9.64, 10.0, 21.7, 9999.0, 24.18, 9999.0, 117.75, 127.95, 120.25, 91.16, 138.5
2024-11-07, 15:40:22, 136.52, 58.25, 23.0, 22.2, 9999.0, 9.66, 10.0, 21.7, 9999.0, 24.16, 9999.0, 117.7, 127.95, 120.25, 91.14, 138.5
2024-11-07, 15:40:26, 136.52, 58.25, 23.0, 22.2, 9999.0, 9.66, 10.0, 21.68, 9999.0, 24.14, 9999.0, 117.7, 127.95, 120.25, 91.16, 138.5
2024-11-07, 15:40:30, 136.52, 58.25, 23.0, 22.18, 9999.0, 9.68, 10.0, 21.68, 9999.0, 24.11, 9999.0, 117.7, 127.95, 120.25, 91.16, 138.5
2024-11-07, 15:40:34, 136.52, 58.25, 23.0, 22.18, 9999.0, 9.68, 10.0, 21.68, 9999.0, 24.09, 9999.0, 117.7, 127.93, 120.25, 91.18, 138.5
2024-11-07, 15:40:38, 136.52, 58.25, 23.0, 22.18, 9999.0, 9.7, 10.0, 21.68, 9999.0, 24.07, 9999.0, 117.73, 127.93, 120.25, 91.18, 138.5
2024-11-07, 15:40:42, 136.52, 58.25, 23.0, 22.18, 9999.0, 9.73, 10.0, 21.68, 9999.0, 24.05, 9999.0, 117.75, 127.95, 120.25, 91.16, 138.5
2024-11-07, 15:40:47, 136.52, 58.25, 23.0, 22.18, 9999.0, 9.75, 10.0, 21.68, 9999.0, 24.02, 9999.0, 117.77, 127.95, 120.25, 91.16, 138.5
2024-11-07, 15:40:51, 136.52, 58.25, 23.0, 22.16, 9999.0, 9.77, 10.0, 21.7, 9999.0, 24.02, 9999.0, 117.77, 127.95, 120.25, 91.16, 138.5
2024-11-07, 15:40:56, 136.55, 58.25, 23.0, 22.18, 9999.0, 9.77, 10.0, 21.73, 9999.0, 24.05, 9999.0, 117.77, 127.95, 120.25, 91.16, 138.5
2024-11-07, 15:41:00, 136.55, 58.25, 23.0, 22.16, 9999.0, 9.77, 10.0, 21.73, 9999.0, 24.09, 9999.0, 117.77, 127.95, 120.25, 91.16, 138.5
2024-11-07, 15:41:04, 136.55, 58.25, 23.0, 22.16, 9999.0, 9.77, 10.0, 21.73, 9999.0, 24.11, 9999.0, 117.8, 127.98, 120.25, 91.18, 138.5
2024-11-07, 15:41:08, 136.55, 58.27, 23.0, 22.14, 9999.0, 9.75, 10.0, 21.73, 9999.0, 24.14, 9999.0, 117.82, 127.95, 120.25, 91.2, 138.5
2024-11-07, 15:41:12, 136.55, 58.27, 23.0, 22.11, 9999.0, 9.73, 10.0, 21.75, 9999.0, 24.16, 9999.0, 117.82, 127.95, 120.25, 91.2, 138.5
2024-11-07, 15:41:16, 136.55, 58.27, 23.0, 22.14, 9999.0, 9.7, 10.0, 21.73, 9999.0, 24.2, 9999.0, 117.82, 127.95, 120.25, 91.2, 138.5
2024-11-07, 15:41:20, 136.57, 58.27, 23.0, 22.14, 9999.0, 9.68, 10.0, 21.73, 9999.0, 24.23, 9999.0, 117.82, 127.98, 120.25, 91.18, 138.5
2024-11-07, 15:41:24, 136.57, 58.27, 23.0, 22.14, 9999.0, 9.66, 10.0, 21.7, 9999.0, 24.25, 9999.0, 117.77, 127.98, 120.25, 91.18, 138.5
2024-11-07, 15:41:28, 136.57, 58.27, 23.0, 22.14, 9999.0, 9.64, 10.0, 21.7, 9999.0, 24.27, 9999.0, 117.75, 127.98, 120.25, 91.2, 138.5
2024-11-07, 15:41:32, 136.57, 58.27, 23.0, 22.11, 9999.0, 9.64, 10.0, 21.68, 9999.0, 24.27, 9999.0, 117.73, 127.95, 120.25, 91.23, 138.5
2024-11-07, 15:41:36, 136.57, 58.27, 23.0, 22.11, 9999.0, 9.64, 10.0, 21.68, 9999.0, 24.27, 9999.0, 117.7, 127.95, 120.25, 91.2, 138.5
2024-11-07, 15:41:40, 136.55, 58.27, 23.0, 22.11, 9999.0, 9.64, 10.0, 21.68, 9999.0, 24.27, 9999.0, 117.68, 127.95, 120.25, 91.2, 138.5
2024-11-07, 15:41:44, 136.52, 58.27, 23.0, 22.11, 9999.0, 9.66, 10.0, 21.68, 9999.0, 24.25, 9999.0, 117.66, 127.95, 120.25, 91.18, 138.5
2024-11-07, 15:41:48, 136.52, 58.27, 23.0, 22.09, 9999.0, 9.66, 10.0, 21.68, 9999.0, 24.23, 9999.0, 117.66, 127.93, 120.25, 91.18, 138.5
2024-11-07, 15:41:52, 136.52, 58.25, 23.0, 22.09, 9999.0, 9.66, 10.0, 21.68, 9999.0, 24.2, 9999.0, 117.66, 127.93, 120.25, 91.18, 138.5
2024-11-07, 15:41:56, 136.52, 58.25, 23.0, 22.09, 9999.0, 9.68, 10.0, 21.68, 9999.0, 24.18, 9999.0, 117.66, 127.93, 120.25, 91.18, 138.5
2024-11-07, 15:42:00, 136.52, 58.25, 23.0, 22.09, 9999.0, 9.7, 10.0, 21.7, 9999.0, 24.14, 9999.0, 117.68, 127.93, 120.25, 91.18, 138.5
2024-11-07, 15:42:04, 136.5, 58.25, 23.0, 22.09, 9999.0, 9.73, 10.0, 21.7, 9999.0, 24.11, 9999.0, 117.7, 127.93, 120.25, 91.18, 138.5
2024-11-07, 15:42:08, 136.5, 58.25, 23.0, 22.09, 9999.0, 9.75, 10.0, 21.73, 9999.0, 24.11, 9999.0, 117.75, 127.93, 120.25, 91.18, 138.5
2024-11-07, 15:42:12, 136.5, 58.27, 23.0, 22.09, 9999.0, 9.77, 10.0, 21.7, 9999.0, 24.09, 9999.0, 117.75, 127.93, 120.25, 91.16, 138.5
2024-11-07, 15:42:16, 136.5, 58.27, 23.0, 22.09, 9999.0, 9.77, 10.0, 21.73, 9999.0, 24.09, 9999.0, 117.75, 127.95, 120.25, 91.16, 138.5
2024-11-07, 15:42:20, 136.5, 58.27, 23.0, 22.09, 9999.0, 9.75, 10.0, 21.73, 9999.0, 24.09, 9999.0, 117.77, 127.95, 120.25, 91.16, 138.5
2024-11-07, 15:42:24, 136.5, 58.27, 23.0, 22.07, 9999.0, 9.75, 10.0, 21.73, 9999.0, 24.09, 9999.0, 117.8, 127.95, 120.25, 91.14, 138.5
2024-11-07, 15:42:28, 136.5, 58.27, 23.0, 22.07, 9999.0, 9.7, 10.0, 21.73, 9999.0, 24.09, 9999.0, 117.82, 127.95, 120.25, 91.14, 138.5
2024-11-07, 15:42:32, 136.5, 58.27, 23.0, 22.07, 9999.0, 9.68, 10.0, 21.73, 9999.0, 24.11, 9999.0, 117.82, 127.98, 120.25, 91.11, 138.5
2024-11-07, 15:42:36, 136.5, 58.27, 23.0, 22.09, 9999.0, 9.66, 10.0, 21.73, 9999.0, 24.14, 9999.0, 117.82, 128.0, 120.25, 91.11, 138.5
2024-11-07, 15:42:40, 136.5, 58.27, 23.0, 22.09, 9999.0, 9.64, 10.0, 21.7, 9999.0, 24.16, 9999.0, 117.82, 128.0, 120.25, 91.09, 138.5
2024-11-07, 15:42:44, 136.5, 58.27, 23.0, 22.07, 9999.0, 9.61, 10.0, 21.7, 9999.0, 24.16, 9999.0, 117.8, 128.0, 120.25, 91.07, 138.5
2024-11-07, 15:42:48, 136.5, 58.27, 23.0, 22.05, 9999.0, 9.59, 10.0, 21.7, 9999.0, 24.16, 9999.0, 117.77, 128.0, 120.25, 91.09, 138.5
2024-11-07, 15:42:52, 136.5, 58.27, 23.0, 22.02, 9999.0, 9.59, 10.0, 21.7, 9999.0, 24.14, 9999.0, 117.73, 128.0, 120.25, 91.09, 138.5
2024-11-07, 15:42:56, 136.52, 58.25, 23.0, 22.05, 9999.0, 9.59, 10.0, 21.73, 9999.0, 24.14, 9999.0, 117.7, 128.0, 120.25, 91.11, 138.5
2024-11-07, 15:43:00, 136.52, 58.25, 23.0, 22.07, 9999.0, 9.59, 10.0, 21.73, 9999.0, 24.14, 9999.0, 117.68, 128.0, 120.25, 91.11, 138.5
2024-11-07, 15:43:04, 136.52, 58.25, 23.0, 22.07, 9999.0, 9.64, 10.0, 21.73, 9999.0, 24.11, 9999.0, 117.66, 128.0, 120.25, 91.11, 138.5
2024-11-07, 15:43:08, 136.52, 58.25, 23.0, 22.09, 9999.0, 9.64, 10.0, 21.73, 9999.0, 24.09, 9999.0, 117.66, 127.98, 120.25, 91.11, 138.5
2024-11-07, 15:43:12, 136.52, 58.25, 23.0, 22.09, 9999.0, 9.66, 10.0, 21.73, 9999.0, 24.09, 9999.0, 117.66, 127.95, 120.25, 91.14, 138.5
2024-11-07, 15:43:16, 136.52, 58.25, 23.0, 22.09, 9999.0, 9.68, 10.0, 21.73, 9999.0, 24.09, 9999.0, 117.66, 127.93, 120.25, 91.16, 138.5
2024-11-07, 15:43:20, 136.52, 58.25, 23.0, 22.07, 9999.0, 9.7, 10.0, 21.73, 9999.0, 24.07, 9999.0, 117.68, 127.91, 120.25, 91.16, 138.5
2024-11-07, 15:43:24, 136.52, 58.25, 23.0, 22.07, 9999.0, 9.73, 10.0, 21.75, 9999.0, 24.05, 9999.0, 117.7, 127.91, 120.25, 91.18, 138.5
2024-11-07, 15:43:28, 136.52, 58.25, 23.0, 22.07, 9999.0, 9.75, 10.0, 21.75, 9999.0, 24.07, 9999.0, 117.7, 127.91, 120.25, 91.2, 138.5
2024-11-07, 15:43:32, 136.52, 58.25, 23.0, 22.07, 9999.0, 9.75, 10.0, 21.73, 9999.0, 24.09, 9999.0, 117.7, 127.91, 120.25, 91.2, 138.5
2024-11-07, 15:43:36, 136.52, 58.25, 23.0, 22.07, 9999.0, 9.73, 10.0, 21.73, 9999.0, 24.11, 9999.0, 117.73, 127.91, 120.25, 91.2, 138.5
2024-11-07, 15:43:40, 136.5, 58.25, 23.0, 22.05, 9999.0, 9.73, 10.0, 21.73, 9999.0, 24.16, 9999.0, 117.75, 127.91, 120.25, 91.18, 138.5
2024-11-07, 15:43:44, 136.5, 58.25, 23.0, 22.02, 9999.0, 9.7, 10.0, 21.73, 9999.0, 24.2, 9999.0, 117.77, 127.91, 120.25, 91.18, 138.5
2024-11-07, 15:43:48, 136.5, 58.25, 23.0, 22.02, 9999.0, 9.66, 10.0, 21.73, 9999.0, 24.25, 9999.0, 117.8, 127.91, 120.25, 91.2, 138.5
2024-11-07, 15:43:52, 136.5, 58.25, 23.0, 22.0, 9999.0, 9.64, 10.0, 21.73, 9999.0, 24.3, 9999.0, 117.8, 127.93, 120.25, 91.23, 138.5
2024-11-07, 15:43:56, 136.5, 58.25, 23.0, 22.0, 9999.0, 9.61, 10.0, 21.73, 9999.0, 24.32, 9999.0, 117.8, 127.95, 120.25, 91.23, 138.5
2024-11-07, 15:44:00, 136.5, 58.25, 23.0, 22.0, 9999.0, 9.59, 10.0, 21.73, 9999.0, 24.32, 9999.0, 117.8, 127.95, 120.25, 91.23, 138.5
2024-11-07, 15:44:04, 136.5, 58.25, 23.0, 22.0, 9999.0, 9.57, 10.0, 21.73, 9999.0, 24.34, 9999.0, 117.75, 127.95, 120.25, 91.2, 138.5
2024-11-07, 15:44:08, 136.5, 58.25, 23.0, 22.0, 9999.0, 9.55, 10.0, 21.73, 9999.0, 24.36, 9999.0, 117.7, 127.93, 120.25, 91.2, 138.5
2024-11-07, 15:44:12, 136.5, 58.25, 22.98, 22.0, 9999.0, 9.55, 10.0, 21.73, 9999.0, 24.36, 9999.0, 117.68, 127.91, 120.25, 91.18, 138.5
2024-11-07, 15:44:16, 136.5, 58.25, 22.98, 22.02, 9999.0, 9.57, 10.0, 21.75, 9999.0, 24.36, 9999.0, 117.66, 127.89, 120.25, 91.16, 138.5
2024-11-07, 15:44:20, 136.5, 58.25, 22.98, 22.02, 9999.0, 9.59, 10.0, 21.75, 9999.0, 24.36, 9999.0, 117.64, 127.86, 120.25, 91.16, 138.5
2024-11-07, 15:44:24, 136.5, 58.25, 22.98, 22.02, 9999.0, 9.59, 10.0, 21.75, 9999.0, 24.32, 9999.0, 117.61, 127.86, 120.25, 91.16, 138.5
2024-11-07, 15:44:28, 136.5, 58.25, 22.98, 22.02, 9999.0, 9.64, 10.0, 21.75, 9999.0, 24.27, 9999.0, 117.61, 127.84, 120.25, 91.14, 138.5
2024-11-07, 15:44:32, 136.5, 58.25, 22.98, 22.05, 9999.0, 9.66, 10.0, 21.75, 9999.0, 24.23, 9999.0, 117.61, 127.82, 120.25, 91.11, 138.5
2024-11-07, 15:44:37, 136.5, 58.25, 22.98, 22.05, 9999.0, 9.68, 10.0, 21.75, 9999.0, 24.18, 9999.0, 117.61, 127.82, 120.25, 91.09, 138.5
2024-11-07, 15:44:41, 136.5, 58.25, 22.98, 22.05, 9999.0, 9.7, 10.0, 21.73, 9999.0, 24.14, 9999.0, 117.64, 127.82, 120.25, 91.09, 138.5
2024-11-07, 15:44:45, 136.5, 58.25, 22.98, 22.05, 9999.0, 9.73, 10.0, 21.73, 9999.0, 24.11, 9999.0, 117.64, 127.84, 120.25, 91.09, 138.5
2024-11-07, 15:44:49, 136.5, 58.25, 22.98, 22.05, 9999.0, 9.75, 10.0, 21.73, 9999.0, 24.11, 9999.0, 117.66, 127.84, 120.25, 91.09, 138.5
2024-11-07, 15:44:53, 136.5, 58.25, 22.98, 22.05, 9999.0, 9.77, 10.0, 21.73, 9999.0, 24.09, 9999.0, 117.68, 127.84, 120.25, 91.07, 138.5
2024-11-07, 15:44:57, 136.5, 58.25, 23.0, 22.05, 9999.0, 9.77, 10.0, 21.73, 9999.0, 24.09, 9999.0, 117.7, 127.86, 120.25, 91.07, 138.5
2024-11-07, 15:45:01, 136.5, 58.25, 23.0, 22.02, 9999.0, 9.75, 10.0, 21.73, 9999.0, 24.09, 9999.0, 117.73, 127.89, 120.25, 91.09, 138.5
2024-11-07, 15:45:05, 136.5, 58.25, 23.0, 22.05, 9999.0, 9.73, 10.0, 21.73, 9999.0, 24.09, 9999.0, 117.75, 127.91, 120.25, 91.09, 138.5
2024-11-07, 15:45:09, 136.5, 58.25, 23.0, 22.05, 9999.0, 9.7, 10.0, 21.73, 9999.0, 24.11, 9999.0, 117.77, 127.91, 120.25, 91.09, 138.5
2024-11-07, 15:45:13, 136.5, 58.25, 23.0, 22.05, 9999.0, 9.66, 10.0, 21.73, 9999.0, 24.14, 9999.0, 117.75, 127.91, 120.25, 91.09, 138.5
2024-11-07, 15:45:17, 136.5, 58.25, 23.0, 22.02, 9999.0, 9.64, 10.0, 21.73, 9999.0, 24.16, 9999.0, 117.75, 127.93, 120.25, 91.09, 138.5
2024-11-07, 15:45:21, 136.5, 58.25, 23.0, 22.02, 9999.0, 9.61, 10.0, 21.73, 9999.0, 24.18, 9999.0, 117.73, 127.91, 120.25, 91.09, 138.5
2024-11-07, 15:45:25, 136.5, 58.25, 23.0, 22.05, 9999.0, 9.59, 10.0, 21.75, 9999.0, 24.2, 9999.0, 117.68, 127.91, 120.25, 91.07, 138.5
2024-11-07, 15:45:29, 136.5, 58.25, 22.98, 22.05, 9999.0, 9.59, 10.0, 21.75, 9999.0, 24.23, 9999.0, 117.66, 127.91, 120.25, 91.05, 138.5
2024-11-07, 15:45:33, 136.5, 58.25, 22.98, 22.05, 9999.0, 9.59, 10.0, 21.75, 9999.0, 24.2, 9999.0, 117.64, 127.93, 120.25, 91.05, 138.5
2024-11-07, 15:45:37, 136.5, 58.25, 22.98, 22.05, 9999.0, 9.59, 10.0, 21.75, 9999.0, 24.2, 9999.0, 117.61, 127.93, 120.25, 91.05, 138.5
2024-11-07, 15:45:41, 136.5, 58.25, 22.98, 22.05, 9999.0, 9.59, 10.0, 21.75, 9999.0, 24.18, 9999.0, 117.59, 127.93, 120.25, 91.05, 138.5
2024-11-07, 15:45:45, 136.5, 58.25, 22.98, 22.07, 9999.0, 9.61, 10.0, 21.75, 9999.0, 24.16, 9999.0, 117.59, 127.91, 120.25, 91.02, 138.5
2024-11-07, 15:45:49, 136.5, 58.25, 22.98, 22.05, 9999.0, 9.64, 10.0, 21.75, 9999.0, 24.14, 9999.0, 117.59, 127.89, 120.25, 91.0, 138.5
2024-11-07, 15:45:53, 136.5, 58.25, 22.98, 22.05, 9999.0, 9.66, 10.0, 21.75, 9999.0, 24.11, 9999.0, 117.59, 127.86, 120.25, 91.0, 138.5
2024-11-07, 15:45:57, 136.5, 58.25, 22.98, 22.05, 9999.0, 9.68, 10.0, 21.75, 9999.0, 24.11, 9999.0, 117.61, 127.86, 120.25, 91.0, 138.5
2024-11-07, 15:46:01, 136.5, 58.25, 22.98, 22.05, 9999.0, 9.7, 10.0, 21.75, 9999.0, 24.11, 9999.0, 117.64, 127.84, 120.25, 91.0, 138.5
2024-11-07, 15:46:05, 136.5, 58.25, 22.98, 22.05, 9999.0, 9.73, 10.0, 21.75, 9999.0, 24.09, 9999.0, 117.66, 127.84, 120.25, 91.0, 138.5
2024-11-07, 15:46:09, 136.5, 58.25, 22.95, 22.02, 9999.0, 9.75, 10.0, 21.75, 9999.0, 24.09, 9999.0, 117.68, 127.82, 120.25, 91.0, 138.5
2024-11-07, 15:46:13, 136.5, 58.25, 22.98, 22.02, 9999.0, 9.75, 10.0, 21.75, 9999.0, 24.09, 9999.0, 117.7, 127.8, 120.25, 91.0, 138.5
2024-11-07, 15:46:17, 136.5, 58.25, 22.95, 22.02, 9999.0, 9.73, 10.0, 21.75, 9999.0, 24.11, 9999.0, 117.73, 127.8, 120.25, 91.0, 138.5
2024-11-07, 15:46:21, 136.5, 58.25, 22.95, 22.02, 9999.0, 9.7, 10.0, 21.75, 9999.0, 24.14, 9999.0, 117.75, 127.8, 120.25, 91.02, 138.5
2024-11-07, 15:46:25, 136.5, 58.25, 22.95, 22.02, 9999.0, 9.68, 10.0, 21.75, 9999.0, 24.16, 9999.0, 117.77, 127.8, 120.25, 91.05, 138.5
2024-11-07, 15:46:29, 136.5, 58.25, 22.95, 22.0, 9999.0, 9.66, 10.0, 21.75, 9999.0, 24.18, 9999.0, 117.77, 127.82, 120.25, 91.05, 138.5
2024-11-07, 15:46:33, 136.5, 58.25, 22.95, 22.0, 9999.0, 9.64, 10.0, 21.75, 9999.0, 24.2, 9999.0, 117.77, 127.82, 120.25, 91.05, 138.5
2024-11-07, 15:46:37, 136.5, 58.25, 22.95, 22.0, 9999.0, 9.61, 10.0, 21.75, 9999.0, 24.2, 9999.0, 117.75, 127.82, 120.25, 91.05, 138.5
2024-11-07, 15:46:41, 136.5, 58.25, 22.95, 22.0, 9999.0, 9.59, 10.0, 21.75, 9999.0, 24.18, 9999.0, 117.73, 127.82, 120.25, 91.05, 138.5
2024-11-07, 15:46:45, 136.5, 58.25, 22.95, 22.0, 9999.0, 9.57, 10.0, 21.75, 9999.0, 24.16, 9999.0, 117.68, 127.82, 120.25, 91.05, 138.5
2024-11-07, 15:46:49, 136.5, 58.25, 22.95, 22.0, 9999.0, 9.57, 10.0, 21.75, 9999.0, 24.16, 9999.0, 117.66, 127.82, 120.25, 91.05, 138.5
2024-11-07, 15:46:53, 136.5, 58.25, 22.98, 22.0, 9999.0, 9.57, 10.0, 21.75, 9999.0, 24.14, 9999.0, 117.64, 127.82, 120.25, 91.05, 138.5
2024-11-07, 15:46:57, 136.5, 58.25, 22.98, 22.0, 9999.0, 9.57, 10.0, 21.75, 9999.0, 24.11, 9999.0, 117.61, 127.82, 120.25, 91.05, 138.5
2024-11-07, 15:47:01, 136.5, 58.25, 23.0, 22.0, 9999.0, 9.59, 10.0, 21.75, 9999.0, 24.09, 9999.0, 117.59, 127.8, 120.25, 91.05, 138.48
2024-11-07, 15:47:05, 136.5, 58.25, 23.0, 22.0, 9999.0, 9.61, 10.0, 21.75, 9999.0, 24.07, 9999.0, 117.59, 127.8, 120.25, 91.02, 138.48
2024-11-07, 15:47:09, 136.5, 58.25, 23.0, 22.0, 9999.0, 9.64, 10.0, 21.75, 9999.0, 24.05, 9999.0, 117.59, 127.77, 120.25, 91.0, 138.48
2024-11-07, 15:47:13, 136.5, 58.25, 23.0, 22.0, 9999.0, 9.66, 10.0, 21.75, 9999.0, 24.02, 9999.0, 117.57, 127.75, 120.25, 91.0, 138.48
2024-11-07, 15:47:17, 136.5, 58.25, 23.0, 22.0, 9999.0, 9.68, 10.0, 21.75, 9999.0, 24.0, 9999.0, 117.57, 127.75, 120.25, 91.02, 138.48
2024-11-07, 15:47:21, 136.5, 58.25, 23.0, 22.0, 9999.0, 9.7, 10.0, 21.75, 9999.0, 24.0, 9999.0, 117.59, 127.75, 120.25, 91.02, 138.48
2024-11-07, 15:47:25, 136.5, 58.25, 23.0, 22.0, 9999.0, 9.73, 10.0, 21.75, 9999.0, 24.0, 9999.0, 117.61, 127.75, 120.25, 91.02, 138.48
2024-11-07, 15:47:29, 136.5, 58.25, 23.0, 22.0, 9999.0, 9.75, 10.0, 21.75, 9999.0, 24.0, 9999.0, 117.64, 127.75, 120.25, 91.02, 138.48
2024-11-07, 15:47:33, 136.5, 58.25, 23.0, 22.0, 9999.0, 9.73, 10.0, 21.75, 9999.0, 24.0, 9999.0, 117.66, 127.75, 120.25, 91.02, 138.48
2024-11-07, 15:47:37, 136.5, 58.25, 23.0, 22.0, 9999.0, 9.7, 10.0, 21.75, 9999.0, 24.0, 9999.0, 117.68, 127.77, 120.25, 91.02, 138.48
2024-11-07, 15:47:41, 136.5, 58.25, 23.0, 22.0, 9999.0, 9.68, 10.0, 21.75, 9999.0, 24.02, 9999.0, 117.7, 127.8, 120.25, 91.02, 138.48
2024-11-07, 15:47:45, 136.5, 58.25, 23.0, 22.0, 9999.0, 9.66, 10.0, 21.75, 9999.0, 24.05, 9999.0, 117.73, 127.82, 120.25, 91.02, 138.5
2024-11-07, 15:47:49, 136.5, 58.25, 23.0, 22.0, 9999.0, 9.64, 10.0, 21.75, 9999.0, 24.07, 9999.0, 117.73, 127.84, 120.25, 91.02, 138.5
2024-11-07, 15:47:53, 136.5, 58.25, 22.98, 22.0, 9999.0, 9.61, 10.0, 21.75, 9999.0, 24.09, 9999.0, 117.73, 127.86, 120.25, 91.05, 138.5
2024-11-07, 15:47:57, 136.5, 58.25, 22.98, 22.0, 9999.0, 9.59, 10.0, 21.75, 9999.0, 24.09, 9999.0, 117.75, 127.86, 120.25, 91.05, 138.5
2024-11-07, 15:48:02, 136.5, 58.25, 22.98, 22.0, 9999.0, 9.57, 10.0, 21.75, 9999.0, 24.11, 9999.0, 117.75, 127.89, 120.25, 91.02, 138.5
2024-11-07, 15:48:06, 136.5, 58.25, 22.98, 22.0, 9999.0, 9.55, 10.0, 21.75, 9999.0, 24.11, 9999.0, 117.73, 127.89, 120.25, 91.02, 138.5
2024-11-07, 15:48:10, 136.5, 58.25, 22.98, 22.0, 9999.0, 9.55, 10.0, 21.75, 9999.0, 24.14, 9999.0, 117.7, 127.89, 120.25, 91.02, 138.5
2024-11-07, 15:48:14, 136.5, 58.25, 22.98, 22.0, 9999.0, 9.55, 10.0, 21.75, 9999.0, 24.14, 9999.0, 117.68, 127.89, 120.25, 91.02, 138.5
2024-11-07, 15:48:18, 136.5, 58.25, 22.95, 22.0, 9999.0, 9.57, 10.0, 21.75, 9999.0, 24.14, 9999.0, 117.66, 127.89, 120.25, 91.02, 138.5
2024-11-07, 15:48:22, 136.5, 58.25, 22.95, 22.0, 9999.0, 9.61, 10.0, 21.75, 9999.0, 24.14, 9999.0, 117.64, 127.86, 120.25, 91.02, 138.5
2024-11-07, 15:48:26, 136.5, 58.25, 22.95, 22.02, 9999.0, 9.66, 10.0, 21.75, 9999.0, 24.11, 9999.0, 117.61, 127.84, 120.25, 91.02, 138.5
2024-11-07, 15:48:30, 136.5, 58.25, 22.95, 22.02, 9999.0, 9.68, 10.0, 21.75, 9999.0, 24.09, 9999.0, 117.61, 127.82, 120.25, 91.02, 138.5
2024-11-07, 15:48:34, 136.5, 58.25, 22.95, 22.02, 9999.0, 9.7, 10.0, 21.75, 9999.0, 24.07, 9999.0, 117.61, 127.8, 120.25, 91.02, 138.5
2024-11-07, 15:48:38, 136.5, 58.25, 22.98, 22.05, 9999.0, 9.73, 10.0, 21.75, 9999.0, 24.05, 9999.0, 117.61, 127.8, 120.25, 91.0, 138.5
2024-11-07, 15:48:42, 136.5, 58.25, 22.98, 22.05, 9999.0, 9.75, 10.0, 21.75, 9999.0, 24.05, 9999.0, 117.64, 127.82, 120.25, 91.0, 138.5
2024-11-07, 15:48:46, 136.5, 58.25, 22.98, 22.05, 9999.0, 9.77, 10.0, 21.75, 9999.0, 24.0, 9999.0, 117.64, 127.8, 120.25, 91.0, 138.5
2024-11-07, 15:48:50, 136.5, 58.25, 22.98, 22.05, 9999.0, 9.8, 10.0, 21.75, 9999.0, 24.02, 9999.0, 117.66, 127.8, 120.25, 91.02, 138.5
2024-11-07, 15:48:54, 136.5, 58.25, 22.98, 22.05, 9999.0, 9.77, 10.0, 21.75, 9999.0, 24.0, 9999.0, 117.68, 127.8, 120.25, 91.05, 138.5
2024-11-07, 15:48:58, 136.5, 58.25, 22.98, 22.05, 9999.0, 9.77, 10.0, 21.75, 9999.0, 24.02, 9999.0, 117.7, 127.8, 120.25, 91.07, 138.5
2024-11-07, 15:49:02, 136.5, 58.25, 23.0, 22.05, 9999.0, 9.77, 10.0, 21.75, 9999.0, 24.05, 9999.0, 117.73, 127.82, 120.25, 91.07, 138.5
2024-11-07, 15:49:06, 136.5, 58.25, 23.0, 22.05, 9999.0, 9.73, 10.0, 21.75, 9999.0, 24.07, 9999.0, 117.75, 127.82, 120.25, 91.07, 138.5
2024-11-07, 15:49:10, 136.5, 58.25, 23.0, 22.02, 9999.0, 9.68, 10.0, 21.75, 9999.0, 24.09, 9999.0, 117.75, 127.82, 120.25, 91.07, 138.5
2024-11-07, 15:49:14, 136.5, 58.25, 23.0, 22.02, 9999.0, 9.66, 10.0, 21.75, 9999.0, 24.11, 9999.0, 117.75, 127.84, 120.23, 91.07, 138.5
2024-11-07, 15:49:18, 136.5, 58.25, 23.0, 22.02, 9999.0, 9.64, 10.0, 21.75, 9999.0, 24.14, 9999.0, 117.73, 127.84, 120.23, 91.09, 138.5
2024-11-07, 15:49:22, 136.5, 58.25, 22.98, 22.0, 9999.0, 9.61, 10.0, 21.75, 9999.0, 24.16, 9999.0, 117.73, 127.82, 120.23, 91.09, 138.5
2024-11-07, 15:49:26, 136.5, 58.25, 22.98, 22.0, 9999.0, 9.59, 10.0, 21.75, 9999.0, 24.16, 9999.0, 117.68, 127.8, 120.23, 91.09, 138.5
2024-11-07, 15:49:30, 136.5, 58.25, 22.98, 22.0, 9999.0, 9.59, 10.0, 21.75, 9999.0, 24.18, 9999.0, 117.66, 127.8, 120.23, 91.09, 138.5
2024-11-07, 15:49:34, 136.5, 58.25, 22.98, 22.0, 9999.0, 9.59, 10.0, 21.75, 9999.0, 24.16, 9999.0, 117.64, 127.8, 120.23, 91.07, 138.5
2024-11-07, 15:49:38, 136.5, 58.25, 22.95, 22.0, 9999.0, 9.61, 10.0, 21.75, 9999.0, 24.16, 9999.0, 117.61, 127.8, 120.2, 91.05, 138.5
2024-11-07, 15:49:42, 136.5, 58.25, 22.95, 22.0, 9999.0, 9.61, 10.0, 21.75, 9999.0, 24.14, 9999.0, 117.59, 127.8, 120.2, 91.02, 138.5
2024-11-07, 15:49:46, 136.5, 58.25, 22.93, 22.02, 9999.0, 9.61, 10.0, 21.75, 9999.0, 24.11, 9999.0, 117.57, 127.77, 120.2, 91.02, 138.5
2024-11-07, 15:49:50, 136.5, 58.25, 22.93, 22.02, 9999.0, 9.64, 10.0, 21.75, 9999.0, 24.09, 9999.0, 117.57, 127.77, 120.2, 91.02, 138.5
2024-11-07, 15:49:54, 136.5, 58.25, 22.93, 22.02, 9999.0, 9.66, 10.0, 21.75, 9999.0, 24.07, 9999.0, 117.59, 127.77, 120.2, 91.02, 138.5
2024-11-07, 15:49:58, 136.5, 58.25, 22.93, 22.02, 9999.0, 9.68, 10.0, 21.75, 9999.0, 24.05, 9999.0, 117.61, 127.75, 120.23, 91.02, 138.5
2024-11-07, 15:50:02, 136.5, 58.25, 22.93, 22.02, 9999.0, 9.7, 10.0, 21.75, 9999.0, 24.02, 9999.0, 117.64, 127.77, 120.23, 91.02, 138.5
2024-11-07, 15:50:06, 136.5, 58.25, 22.95, 22.02, 9999.0, 9.73, 10.0, 21.75, 9999.0, 24.0, 9999.0, 117.64, 127.77, 120.23, 91.05, 138.5
2024-11-07, 15:50:10, 136.5, 58.25, 22.93, 22.02, 9999.0, 9.75, 10.0, 21.75, 9999.0, 24.0, 9999.0, 117.66, 127.77, 120.23, 91.05, 138.5
2024-11-07, 15:50:14, 136.5, 58.25, 22.93, 22.02, 9999.0, 9.75, 10.0, 21.75, 9999.0, 24.0, 9999.0, 117.68, 127.8, 120.23, 91.07, 138.5
2024-11-07, 15:50:18, 136.5, 58.25, 22.93, 22.02, 9999.0, 9.73, 10.0, 21.75, 9999.0, 24.0, 9999.0, 117.7, 127.8, 120.23, 91.07, 138.5
2024-11-07, 15:50:39, 136.5, 58.25, 22.95, 22.02, 9999.0, 9.73, 10.0, 21.75, 9999.0, 24.02, 9999.0, 117.73, 127.82, 120.25, 91.09, 138.5
2024-11-07, 15:50:43, 136.5, 58.25, 22.95, 22.02, 9999.0, 9.73, 10.0, 21.75, 9999.0, 24.05, 9999.0, 117.75, 127.84, 120.25, 91.09, 138.5
2024-11-07, 15:50:47, 136.5, 58.25, 22.98, 22.0, 9999.0, 9.7, 10.0, 21.75, 9999.0, 24.07, 9999.0, 117.77, 127.86, 120.25, 91.09, 138.5
2024-11-07, 15:50:51, 136.5, 58.25, 22.98, 22.0, 9999.0, 9.68, 10.0, 21.75, 9999.0, 24.09, 9999.0, 117.75, 127.86, 120.25, 91.09, 138.5
2024-11-07, 15:50:55, 136.5, 58.25, 22.98, 22.0, 9999.0, 9.66, 10.0, 21.75, 9999.0, 24.11, 9999.0, 117.75, 127.86, 120.25, 91.11, 138.5
2024-11-07, 15:50:59, 136.5, 58.25, 22.98, 22.0, 9999.0, 9.64, 10.0, 21.75, 9999.0, 24.14, 9999.0, 117.7, 127.86, 120.25, 91.14, 138.5
2024-11-07, 15:51:03, 136.5, 58.25, 22.98, 22.0, 9999.0, 9.61, 10.0, 21.75, 9999.0, 24.14, 9999.0, 117.68, 127.86, 120.25, 91.11, 138.5
2024-11-07, 15:51:07, 136.5, 58.25, 22.98, 22.0, 9999.0, 9.59, 10.0, 21.75, 9999.0, 24.14, 9999.0, 117.68, 127.89, 120.25, 91.09, 138.5
2024-11-07, 15:51:11, 136.5, 58.25, 23.0, 22.0, 9999.0, 9.59, 10.0, 21.75, 9999.0, 24.14, 9999.0, 117.66, 127.89, 120.25, 91.11, 138.5
2024-11-07, 15:51:15, 136.5, 58.25, 23.0, 22.0, 9999.0, 9.59, 10.0, 21.75, 9999.0, 24.14, 9999.0, 117.64, 127.86, 120.25, 91.09, 138.5
2024-11-07, 15:51:19, 136.5, 58.25, 23.0, 22.0, 9999.0, 9.61, 10.0, 21.75, 9999.0, 24.14, 9999.0, 117.61, 127.86, 120.25, 91.09, 138.5
2024-11-07, 15:51:23, 136.5, 58.25, 23.0, 22.0, 9999.0, 9.61, 10.0, 21.75, 9999.0, 24.11, 9999.0, 117.59, 127.84, 120.25, 91.07, 138.5
2024-11-07, 15:51:27, 136.5, 58.25, 23.0, 22.0, 9999.0, 9.64, 10.0, 21.75, 9999.0, 24.09, 9999.0, 117.59, 127.84, 120.25, 91.07, 138.5
2024-11-07, 15:51:31, 136.5, 58.25, 22.98, 22.0, 9999.0, 9.66, 10.0, 21.75, 9999.0, 24.05, 9999.0, 117.57, 127.82, 120.25, 91.07, 138.5
2024-11-07, 15:51:35, 136.5, 58.25, 22.98, 22.0, 9999.0, 9.68, 10.0, 21.75, 9999.0, 24.0, 9999.0, 117.59, 127.82, 120.25, 91.07, 138.5
2024-11-07, 15:51:39, 136.5, 58.25, 22.98, 22.0, 9999.0, 9.7, 10.0, 21.75, 9999.0, 23.98, 9999.0, 117.61, 127.84, 120.23, 91.05, 138.5
2024-11-07, 15:51:43, 136.5, 58.25, 22.98, 22.0, 9999.0, 9.73, 10.0, 21.75, 9999.0, 23.93, 9999.0, 117.64, 127.86, 120.23, 91.02, 138.5
2024-11-07, 15:51:47, 136.5, 58.25, 22.98, 22.0, 9999.0, 9.75, 10.0, 21.75, 9999.0, 23.93, 9999.0, 117.66, 127.86, 120.23, 91.02, 138.5
2024-11-07, 15:51:51, 136.5, 58.25, 22.98, 22.0, 9999.0, 9.77, 10.0, 21.75, 9999.0, 23.93, 9999.0, 117.66, 127.86, 120.23, 91.02, 138.5
2024-11-07, 15:51:55, 136.5, 58.25, 22.98, 22.0, 9999.0, 9.75, 10.0, 21.73, 9999.0, 23.93, 9999.0, 117.68, 127.89, 120.23, 91.0, 138.5
2024-11-07, 15:51:59, 136.5, 58.25, 22.98, 22.0, 9999.0, 9.73, 10.0, 21.73, 9999.0, 23.95, 9999.0, 117.7, 127.91, 120.23, 91.0, 138.5
2024-11-07, 15:52:03, 136.5, 58.25, 22.98, 22.0, 9999.0, 9.73, 10.0, 21.73, 9999.0, 23.98, 9999.0, 117.73, 127.93, 120.23, 91.0, 138.5
2024-11-07, 15:52:07, 136.5, 58.25, 22.98, 22.0, 9999.0, 9.7, 10.0, 21.73, 9999.0, 23.98, 9999.0, 117.75, 127.95, 120.23, 91.0, 138.5
2024-11-07, 15:52:11, 136.5, 58.25, 22.98, 22.0, 9999.0, 9.66, 10.0, 21.73, 9999.0, 23.98, 9999.0, 117.73, 127.95, 120.23, 91.0, 138.5
2024-11-07, 15:52:15, 136.5, 58.25, 23.0, 22.0, 9999.0, 9.64, 10.0, 21.73, 9999.0, 24.0, 9999.0, 117.73, 127.98, 120.23, 91.0, 138.5
2024-11-07, 15:52:19, 136.5, 58.25, 23.0, 22.0, 9999.0, 9.61, 10.0, 21.73, 9999.0, 24.02, 9999.0, 117.73, 127.98, 120.23, 91.0, 138.5
2024-11-07, 15:52:23, 136.5, 58.25, 23.0, 22.0, 9999.0, 9.59, 10.0, 21.73, 9999.0, 24.02, 9999.0, 117.68, 127.98, 120.25, 91.0, 138.5
2024-11-07, 15:52:27, 136.5, 58.25, 23.0, 22.0, 9999.0, 9.59, 10.0, 21.7, 9999.0, 24.05, 9999.0, 117.68, 127.95, 120.25, 91.0, 138.5
2024-11-07, 15:52:31, 136.5, 58.25, 23.0, 22.0, 9999.0, 9.59, 10.0, 21.7, 9999.0, 24.05, 9999.0, 117.66, 127.95, 120.25, 91.0, 138.5
2024-11-07, 15:52:35, 136.5, 58.25, 23.0, 22.0, 9999.0, 9.59, 10.0, 21.7, 9999.0, 24.05, 9999.0, 117.64, 127.93, 120.25, 91.0, 138.5
2024-11-07, 15:52:39, 136.5, 58.25, 23.0, 22.0, 9999.0, 9.61, 10.0, 21.73, 9999.0, 24.05, 9999.0, 117.61, 127.91, 120.25, 91.02, 138.5
2024-11-07, 15:52:43, 136.5, 58.25, 23.0, 22.0, 9999.0, 9.66, 10.0, 21.73, 9999.0, 24.02, 9999.0, 117.59, 127.89, 120.25, 91.02, 138.5
2024-11-07, 15:52:47, 136.5, 58.25, 23.0, 22.0, 9999.0, 9.68, 10.0, 21.73, 9999.0, 24.0, 9999.0, 117.59, 127.86, 120.25, 91.02, 138.5
2024-11-07, 15:52:51, 136.5, 58.25, 22.98, 22.02, 9999.0, 9.7, 10.0, 21.73, 9999.0, 24.0, 9999.0, 117.57, 127.84, 120.25, 91.02, 138.5
2024-11-07, 15:52:55, 136.5, 58.25, 22.98, 22.05, 9999.0, 9.73, 10.0, 21.73, 9999.0, 23.98, 9999.0, 117.59, 127.84, 120.25, 91.05, 138.5
2024-11-07, 15:52:59, 136.5, 58.25, 22.98, 22.05, 9999.0, 9.75, 10.0, 21.73, 9999.0, 23.98, 9999.0, 117.64, 127.82, 120.25, 91.07, 138.5
2024-11-07, 15:53:03, 136.5, 58.25, 22.98, 22.05, 9999.0, 9.77, 10.0, 21.73, 9999.0, 23.95, 9999.0, 117.64, 127.82, 120.25, 91.07, 138.5
2024-11-07, 15:53:07, 136.5, 58.25, 22.98, 22.05, 9999.0, 9.8, 10.0, 21.73, 9999.0, 23.95, 9999.0, 117.66, 127.8, 120.25, 91.07, 138.5
2024-11-07, 15:53:11, 136.5, 58.25, 22.98, 22.07, 9999.0, 9.8, 10.0, 21.75, 9999.0, 23.95, 9999.0, 117.66, 127.8, 120.25, 91.07, 138.5
2024-11-07, 15:53:15, 136.5, 58.25, 22.98, 22.07, 9999.0, 9.77, 10.0, 21.75, 9999.0, 23.95, 9999.0, 117.68, 127.8, 120.25, 91.07, 138.5
2024-11-07, 15:53:19, 136.5, 58.25, 22.98, 22.07, 9999.0, 9.77, 10.0, 21.75, 9999.0, 23.95, 9999.0, 117.7, 127.82, 120.25, 91.09, 138.5
2024-11-07, 15:53:23, 136.5, 58.25, 22.98, 22.07, 9999.0, 9.75, 10.0, 21.75, 9999.0, 23.95, 9999.0, 117.73, 127.84, 120.25, 91.09, 138.5
2024-11-07, 15:53:27, 136.5, 58.25, 22.98, 22.07, 9999.0, 9.7, 10.0, 21.75, 9999.0, 23.95, 9999.0, 117.75, 127.86, 120.25, 91.09, 138.5
2024-11-07, 15:53:31, 136.5, 58.25, 22.98, 22.07, 9999.0, 9.66, 10.0, 21.75, 9999.0, 23.95, 9999.0, 117.75, 127.89, 120.25, 91.09, 138.5
2024-11-07, 15:53:35, 136.5, 58.25, 22.98, 22.05, 9999.0, 9.64, 10.0, 21.75, 9999.0, 23.95, 9999.0, 117.77, 127.89, 120.25, 91.09, 138.5
2024-11-07, 15:53:39, 136.5, 58.25, 22.98, 22.02, 9999.0, 9.61, 10.0, 21.75, 9999.0, 23.98, 9999.0, 117.77, 127.89, 120.25, 91.07, 138.5
2024-11-07, 15:53:43, 136.5, 58.25, 22.98, 22.02, 9999.0, 9.59, 10.0, 21.75, 9999.0, 23.98, 9999.0, 117.73, 127.91, 120.25, 91.05, 138.5
2024-11-07, 15:53:47, 136.5, 58.25, 22.98, 22.02, 9999.0, 9.59, 10.0, 21.73, 9999.0, 24.0, 9999.0, 117.7, 127.91, 120.25, 91.05, 138.5
2024-11-07, 15:53:51, 136.5, 58.25, 22.98, 22.02, 9999.0, 9.59, 10.0, 21.73, 9999.0, 24.0, 9999.0, 117.68, 127.91, 120.25, 91.07, 138.5
2024-11-07, 15:53:55, 136.5, 58.25, 22.98, 22.0, 9999.0, 9.59, 10.0, 21.7, 9999.0, 24.0, 9999.0, 117.66, 127.93, 120.25, 91.07, 138.5
2024-11-07, 15:53:59, 136.5, 58.25, 22.98, 22.0, 9999.0, 9.61, 10.0, 21.7, 9999.0, 24.0, 9999.0, 117.64, 127.91, 120.23, 91.07, 138.5
2024-11-07, 15:54:03, 136.5, 58.25, 22.98, 22.0, 9999.0, 9.61, 10.0, 21.7, 9999.0, 24.0, 9999.0, 117.61, 127.91, 120.23, 91.07, 138.5
2024-11-07, 15:54:08, 136.5, 58.25, 22.98, 22.02, 9999.0, 9.64, 10.0, 21.7, 9999.0, 24.0, 9999.0, 117.61, 127.89, 120.23, 91.07, 138.5
2024-11-07, 15:54:12, 136.5, 58.25, 22.98, 22.02, 9999.0, 9.66, 10.0, 21.7, 9999.0, 24.0, 9999.0, 117.61, 127.86, 120.23, 91.07, 138.5
2024-11-07, 15:54:16, 136.5, 58.25, 22.98, 22.02, 9999.0, 9.68, 10.0, 21.7, 9999.0, 24.0, 9999.0, 117.61, 127.84, 120.23, 91.07, 138.5
2024-11-07, 15:54:20, 136.5, 58.25, 23.0, 22.02, 9999.0, 9.7, 10.0, 21.7, 9999.0, 24.0, 9999.0, 117.64, 127.86, 120.2, 91.07, 138.5
2024-11-07, 15:54:24, 136.5, 58.25, 23.0, 22.02, 9999.0, 9.73, 10.0, 21.7, 9999.0, 23.98, 9999.0, 117.66, 127.86, 120.2, 91.07, 138.5
2024-11-07, 15:54:28, 136.5, 58.25, 23.0, 22.02, 9999.0, 9.75, 10.0, 21.7, 9999.0, 23.98, 9999.0, 117.68, 127.86, 120.2, 91.07, 138.5
2024-11-07, 15:54:32, 136.5, 58.25, 23.0, 22.02, 9999.0, 9.73, 10.0, 21.73, 9999.0, 23.98, 9999.0, 117.7, 127.89, 120.2, 91.07, 138.5
2024-11-07, 15:54:36, 136.5, 58.25, 23.0, 22.02, 9999.0, 9.73, 10.0, 21.73, 9999.0, 23.98, 9999.0, 117.73, 127.89, 120.2, 91.05, 138.5
2024-11-07, 15:54:40, 136.5, 58.25, 23.0, 22.02, 9999.0, 9.7, 10.0, 21.75, 9999.0, 24.0, 9999.0, 117.75, 127.89, 120.2, 91.07, 138.5
2024-11-07, 15:54:44, 136.5, 58.25, 23.0, 22.02, 9999.0, 9.68, 10.0, 21.75, 9999.0, 24.02, 9999.0, 117.75, 127.91, 120.23, 91.09, 138.5
2024-11-07, 15:54:48, 136.5, 58.25, 23.0, 22.02, 9999.0, 9.66, 10.0, 21.75, 9999.0, 24.05, 9999.0, 117.75, 127.91, 120.23, 91.07, 138.5
2024-11-07, 15:54:52, 136.5, 58.25, 23.0, 22.0, 9999.0, 9.64, 10.0, 21.75, 9999.0, 24.05, 9999.0, 117.75, 127.93, 120.23, 91.05, 138.5
2024-11-07, 15:54:56, 136.5, 58.25, 23.0, 22.02, 9999.0, 9.61, 10.0, 21.75, 9999.0, 24.07, 9999.0, 117.73, 127.95, 120.2, 91.07, 138.5
2024-11-07, 15:55:00, 136.5, 58.25, 23.0, 22.05, 9999.0, 9.59, 10.0, 21.75, 9999.0, 24.07, 9999.0, 117.7, 127.98, 120.2, 91.07, 138.5
2024-11-07, 15:55:04, 136.5, 58.25, 23.0, 22.05, 9999.0, 9.57, 10.0, 21.75, 9999.0, 24.07, 9999.0, 117.66, 127.95, 120.23, 91.09, 138.5
2024-11-07, 15:55:08, 136.5, 58.25, 23.0, 22.05, 9999.0, 9.55, 10.0, 21.75, 9999.0, 24.09, 9999.0, 117.61, 127.95, 120.23, 91.11, 138.5
2024-11-07, 15:55:12, 136.5, 58.25, 23.0, 22.05, 9999.0, 9.55, 10.0, 21.75, 9999.0, 24.09, 9999.0, 117.59, 127.93, 120.23, 91.11, 138.5
2024-11-07, 15:55:16, 136.5, 58.25, 23.0, 22.05, 9999.0, 9.57, 10.0, 21.75, 9999.0, 24.09, 9999.0, 117.57, 127.91, 120.23, 91.11, 138.5
2024-11-07, 15:55:20, 136.5, 58.25, 22.98, 22.07, 9999.0, 9.57, 10.0, 21.75, 9999.0, 24.09, 9999.0, 117.55, 127.91, 120.23, 91.11, 138.5
2024-11-07, 15:55:24, 136.5, 58.25, 22.98, 22.07, 9999.0, 9.61, 10.0, 21.75, 9999.0, 24.05, 9999.0, 117.52, 127.89, 120.23, 91.09, 138.5
2024-11-07, 15:55:28, 136.5, 58.25, 22.98, 22.07, 9999.0, 9.64, 10.0, 21.75, 9999.0, 24.0, 9999.0, 117.55, 127.86, 120.2, 91.07, 138.5
2024-11-07, 15:55:32, 136.5, 58.25, 22.98, 22.07, 9999.0, 9.66, 10.0, 21.75, 9999.0, 23.95, 9999.0, 117.55, 127.84, 120.2, 91.07, 138.5
2024-11-07, 15:55:36, 136.5, 58.25, 22.98, 22.07, 9999.0, 9.68, 10.0, 21.75, 9999.0, 23.93, 9999.0, 117.55, 127.82, 120.2, 91.07, 138.5
2024-11-07, 15:55:40, 136.5, 58.25, 22.95, 22.05, 9999.0, 9.7, 10.0, 21.75, 9999.0, 23.89, 9999.0, 117.57, 127.82, 120.23, 91.07, 138.5
2024-11-07, 15:55:44, 136.5, 58.25, 22.95, 22.02, 9999.0, 9.73, 10.0, 21.75, 9999.0, 23.86, 9999.0, 117.59, 127.8, 120.23, 91.07, 138.5
2024-11-07, 15:55:48, 136.5, 58.25, 22.95, 22.02, 9999.0, 9.73, 10.0, 21.75, 9999.0, 23.86, 9999.0, 117.61, 127.82, 120.23, 91.05, 138.5
2024-11-07, 15:55:52, 136.5, 58.25, 22.95, 22.02, 9999.0, 9.73, 10.0, 21.75, 9999.0, 23.86, 9999.0, 117.64, 127.8, 120.23, 91.02, 138.5
2024-11-07, 15:55:56, 136.5, 58.25, 22.95, 22.02, 9999.0, 9.73, 10.0, 21.75, 9999.0, 23.86, 9999.0, 117.66, 127.82, 120.23, 91.02, 138.5
2024-11-07, 15:56:00, 136.52, 58.25, 22.95, 22.02, 9999.0, 9.7, 10.0, 21.75, 9999.0, 23.89, 9999.0, 117.68, 127.84, 120.23, 91.02, 138.5
2024-11-07, 15:56:04, 136.52, 58.25, 22.98, 22.0, 9999.0, 9.68, 10.0, 21.75, 9999.0, 23.89, 9999.0, 117.7, 127.86, 120.23, 91.02, 138.5
2024-11-07, 15:56:08, 136.52, 58.25, 22.98, 22.02, 9999.0, 9.64, 10.0, 21.73, 9999.0, 23.91, 9999.0, 117.73, 127.89, 120.23, 91.02, 138.5
2024-11-07, 15:56:12, 136.52, 58.25, 22.98, 22.02, 9999.0, 9.61, 10.0, 21.73, 9999.0, 23.93, 9999.0, 117.73, 127.91, 120.25, 91.02, 138.5
2024-11-07, 15:56:16, 136.52, 58.25, 22.98, 22.02, 9999.0, 9.59, 10.0, 21.73, 9999.0, 23.93, 9999.0, 117.73, 127.93, 120.25, 91.05, 138.5
2024-11-07, 15:56:20, 136.52, 58.25, 22.98, 22.05, 9999.0, 9.57, 10.0, 21.73, 9999.0, 23.93, 9999.0, 117.7, 127.95, 120.25, 91.05, 138.5
2024-11-07, 15:56:24, 136.52, 58.25, 23.0, 22.05, 9999.0, 9.55, 10.0, 21.7, 9999.0, 23.93, 9999.0, 117.68, 127.95, 120.25, 91.05, 138.5
2024-11-07, 15:56:28, 136.52, 58.25, 23.0, 22.05, 9999.0, 9.55, 10.0, 21.7, 9999.0, 23.93, 9999.0, 117.66, 127.95, 120.25, 91.07, 138.5
2024-11-07, 15:56:32, 136.52, 58.25, 23.0, 22.05, 9999.0, 9.57, 10.0, 21.7, 9999.0, 23.91, 9999.0, 117.64, 127.95, 120.25, 91.09, 138.5
2024-11-07, 15:56:36, 136.52, 58.25, 23.0, 22.07, 9999.0, 9.59, 10.0, 21.7, 9999.0, 23.91, 9999.0, 117.61, 127.95, 120.25, 91.11, 138.5
2024-11-07, 15:56:40, 136.52, 58.25, 23.0, 22.07, 9999.0, 9.61, 10.0, 21.7, 9999.0, 23.89, 9999.0, 117.59, 127.93, 120.25, 91.11, 138.5
2024-11-07, 15:56:44, 136.5, 58.25, 23.0, 22.07, 9999.0, 9.66, 10.0, 21.7, 9999.0, 23.84, 9999.0, 117.57, 127.93, 120.25, 91.11, 138.5
2024-11-07, 15:56:48, 136.5, 58.25, 23.0, 22.07, 9999.0, 9.68, 10.0, 21.7, 9999.0, 23.82, 9999.0, 117.57, 127.93, 120.25, 91.11, 138.5
2024-11-07, 15:56:52, 136.5, 58.25, 23.0, 22.05, 9999.0, 9.7, 10.0, 21.73, 9999.0, 23.8, 9999.0, 117.57, 127.93, 120.25, 91.14, 138.5
2024-11-07, 15:56:56, 136.5, 58.25, 23.0, 22.05, 9999.0, 9.73, 10.0, 21.73, 9999.0, 23.75, 9999.0, 117.59, 127.91, 120.25, 91.16, 138.5
2024-11-07, 15:57:00, 136.5, 58.25, 23.0, 22.05, 9999.0, 9.75, 10.0, 21.73, 9999.0, 23.73, 9999.0, 117.61, 127.91, 120.25, 91.16, 138.5
2024-11-07, 15:57:04, 136.5, 58.25, 23.0, 22.02, 9999.0, 9.77, 10.0, 21.73, 9999.0, 23.7, 9999.0, 117.64, 127.91, 120.25, 91.16, 138.5
2024-11-07, 15:57:08, 136.5, 58.25, 23.0, 22.02, 9999.0, 9.8, 10.0, 21.75, 9999.0, 23.7, 9999.0, 117.66, 127.89, 120.25, 91.14, 138.5
2024-11-07, 15:57:12, 136.5, 58.25, 23.0, 22.02, 9999.0, 9.8, 10.0, 21.75, 9999.0, 23.7, 9999.0, 117.68, 127.89, 120.25, 91.14, 138.5
2024-11-07, 15:57:16, 136.5, 58.25, 23.0, 22.02, 9999.0, 9.8, 10.0, 21.75, 9999.0, 23.73, 9999.0, 117.7, 127.89, 120.25, 91.11, 138.5
2024-11-07, 15:57:20, 136.5, 58.25, 23.0, 22.0, 9999.0, 9.77, 10.0, 21.75, 9999.0, 23.73, 9999.0, 117.73, 127.91, 120.25, 91.09, 138.5
2024-11-07, 15:57:24, 136.5, 58.25, 23.0, 22.0, 9999.0, 9.73, 10.0, 21.75, 9999.0, 23.75, 9999.0, 117.75, 127.93, 120.25, 91.09, 138.5
2024-11-07, 15:57:28, 136.5, 58.25, 23.0, 22.0, 9999.0, 9.68, 10.0, 21.75, 9999.0, 23.75, 9999.0, 117.77, 127.93, 120.25, 91.11, 138.5
2024-11-07, 15:57:32, 136.5, 58.25, 23.0, 22.0, 9999.0, 9.66, 10.0, 21.75, 9999.0, 23.75, 9999.0, 117.77, 127.93, 120.25, 91.14, 138.5
2024-11-07, 15:57:36, 136.5, 58.25, 23.0, 22.0, 9999.0, 9.64, 10.0, 21.73, 9999.0, 23.75, 9999.0, 117.77, 127.93, 120.25, 91.11, 138.52
2024-11-07, 15:57:40, 136.5, 58.25, 23.0, 22.0, 9999.0, 9.61, 10.0, 21.73, 9999.0, 23.77, 9999.0, 117.73, 127.95, 120.25, 91.11, 138.52
2024-11-07, 15:57:45, 136.5, 58.25, 23.0, 22.0, 9999.0, 9.59, 10.0, 21.73, 9999.0, 23.8, 9999.0, 117.73, 127.95, 120.25, 91.11, 138.52
2024-11-07, 15:57:49, 136.5, 58.25, 23.0, 22.0, 9999.0, 9.59, 10.0, 21.73, 9999.0, 23.82, 9999.0, 117.7, 127.93, 120.25, 91.14, 138.52
2024-11-07, 15:57:53, 136.5, 58.25, 23.0, 22.0, 9999.0, 9.59, 10.0, 21.73, 9999.0, 23.82, 9999.0, 117.68, 127.93, 120.25, 91.16, 138.52
2024-11-07, 15:57:57, 136.5, 58.25, 23.0, 22.0, 9999.0, 9.59, 10.0, 21.73, 9999.0, 23.82, 9999.0, 117.66, 127.95, 120.25, 91.14, 138.52
2024-11-07, 15:58:01, 136.5, 58.25, 23.0, 22.0, 9999.0, 9.61, 10.0, 21.73, 9999.0, 23.8, 9999.0, 117.64, 127.95, 120.25, 91.14, 138.52
2024-11-07, 15:58:05, 136.5, 58.25, 23.0, 22.0, 9999.0, 9.64, 10.0, 21.73, 9999.0, 23.77, 9999.0, 117.64, 127.93, 120.25, 91.14, 138.52
2024-11-07, 15:58:09, 136.5, 58.25, 23.0, 22.0, 9999.0, 9.66, 10.0, 21.73, 9999.0, 23.75, 9999.0, 117.64, 127.93, 120.25, 91.16, 138.52
2024-11-07, 15:58:13, 136.5, 58.25, 23.0, 22.0, 9999.0, 9.68, 10.0, 21.73, 9999.0, 23.73, 9999.0, 117.64, 127.93, 120.25, 91.14, 138.52
2024-11-07, 15:58:17, 136.5, 58.25, 23.0, 22.0, 9999.0, 9.7, 10.0, 21.73, 9999.0, 23.73, 9999.0, 117.66, 127.93, 120.25, 91.14, 138.52
2024-11-07, 15:58:21, 136.5, 58.25, 23.0, 22.0, 9999.0, 9.73, 10.0, 21.75, 9999.0, 23.73, 9999.0, 117.68, 127.93, 120.25, 91.16, 138.5
2024-11-07, 15:58:25, 136.5, 58.25, 23.0, 22.0, 9999.0, 9.75, 10.0, 21.75, 9999.0, 23.7, 9999.0, 117.7, 127.93, 120.25, 91.16, 138.5
2024-11-07, 15:58:29, 136.5, 58.25, 23.0, 22.02, 9999.0, 9.77, 10.0, 21.75, 9999.0, 23.7, 9999.0, 117.7, 127.93, 120.25, 91.16, 138.5
2024-11-07, 15:58:33, 136.5, 58.25, 23.0, 22.05, 9999.0, 9.75, 10.0, 21.75, 9999.0, 23.7, 9999.0, 117.73, 127.95, 120.25, 91.14, 138.5
2024-11-07, 15:58:37, 136.5, 58.25, 23.0, 22.05, 9999.0, 9.73, 10.0, 21.75, 9999.0, 23.73, 9999.0, 117.75, 127.98, 120.25, 91.14, 138.5
2024-11-07, 15:58:41, 136.5, 58.25, 23.0, 22.05, 9999.0, 9.73, 10.0, 21.75, 9999.0, 23.75, 9999.0, 117.77, 127.98, 120.25, 91.16, 138.52
2024-11-07, 15:58:45, 136.5, 58.25, 23.0, 22.05, 9999.0, 9.68, 10.0, 21.75, 9999.0, 23.77, 9999.0, 117.8, 127.98, 120.25, 91.18, 138.52
2024-11-07, 15:58:49, 136.5, 58.25, 23.0, 22.07, 9999.0, 9.66, 10.0, 21.75, 9999.0, 23.77, 9999.0, 117.8, 128.0, 120.25, 91.18, 138.52
2024-11-07, 15:58:53, 136.5, 58.25, 23.0, 22.09, 9999.0, 9.64, 10.0, 21.75, 9999.0, 23.8, 9999.0, 117.77, 128.0, 120.25, 91.18, 138.52
2024-11-07, 15:58:57, 136.5, 58.25, 23.0, 22.09, 9999.0, 9.61, 10.0, 21.75, 9999.0, 23.84, 9999.0, 117.77, 128.0, 120.25, 91.18, 138.52
2024-11-07, 15:59:01, 136.5, 58.25, 23.0, 22.11, 9999.0, 9.59, 10.0, 21.75, 9999.0, 23.86, 9999.0, 117.73, 128.0, 120.25, 91.18, 138.52
2024-11-07, 15:59:05, 136.5, 58.25, 23.0, 22.11, 9999.0, 9.57, 10.0, 21.75, 9999.0, 23.89, 9999.0, 117.68, 128.0, 120.25, 91.18, 138.52
2024-11-07, 15:59:09, 136.5, 58.25, 23.0, 22.11, 9999.0, 9.57, 10.0, 21.75, 9999.0, 23.91, 9999.0, 117.66, 128.0, 120.25, 91.16, 138.52
2024-11-07, 15:59:13, 136.5, 58.25, 23.0, 22.09, 9999.0, 9.57, 10.0, 21.73, 9999.0, 23.91, 9999.0, 117.64, 128.0, 120.25, 91.14, 138.52
2024-11-07, 15:59:17, 136.5, 58.25, 23.0, 22.07, 9999.0, 9.59, 10.0, 21.73, 9999.0, 23.91, 9999.0, 117.61, 128.0, 120.25, 91.16, 138.55
2024-11-07, 15:59:21, 136.5, 58.25, 23.0, 22.09, 9999.0, 9.64, 10.0, 21.73, 9999.0, 23.89, 9999.0, 117.59, 128.0, 120.25, 91.16, 138.57
2024-11-07, 15:59:25, 136.5, 58.25, 23.0, 22.09, 9999.0, 9.66, 10.0, 21.73, 9999.0, 23.86, 9999.0, 117.59, 128.0, 120.25, 91.16, 138.55
2024-11-07, 15:59:29, 136.5, 58.25, 23.0, 22.09, 9999.0, 9.68, 10.0, 21.73, 9999.0, 23.84, 9999.0, 117.59, 127.98, 120.25, 91.14, 138.57
2024-11-07, 15:59:33, 136.5, 58.25, 23.0, 22.09, 9999.0, 9.7, 10.0, 21.73, 9999.0, 23.84, 9999.0, 117.59, 127.95, 120.25, 91.14, 138.57
2024-11-07, 15:59:37, 136.5, 58.25, 23.0, 22.07, 9999.0, 9.73, 10.0, 21.73, 9999.0, 23.82, 9999.0, 117.64, 127.95, 120.25, 91.14, 138.57
2024-11-07, 15:59:41, 136.5, 58.25, 23.0, 22.09, 9999.0, 9.75, 10.0, 21.73, 9999.0, 23.8, 9999.0, 117.66, 127.95, 120.25, 91.16, 138.59
2024-11-07, 15:59:45, 136.5, 58.25, 23.0, 22.09, 9999.0, 9.77, 10.0, 21.73, 9999.0, 23.77, 9999.0, 117.7, 127.95, 120.25, 91.16, 138.59
2024-11-07, 15:59:49, 136.5, 58.25, 23.0, 22.11, 9999.0, 9.8, 10.02, 21.73, 9999.0, 23.77, 9999.0, 117.73, 127.95, 120.25, 91.16, 138.61
2024-11-07, 15:59:53, 136.5, 58.25, 23.0, 22.11, 9999.0, 9.8, 10.02, 21.73, 9999.0, 23.77, 9999.0, 117.75, 127.95, 120.25, 91.18, 138.61
2024-11-07, 15:59:57, 136.5, 58.25, 23.0, 22.11, 9999.0, 9.8, 10.02, 21.75, 9999.0, 23.8, 9999.0, 117.77, 127.95, 120.25, 91.2, 138.64
2024-11-07, 16:00:01, 136.5, 58.25, 23.0, 22.14, 9999.0, 9.8, 10.02, 21.75, 9999.0, 23.82, 9999.0, 117.8, 127.95, 120.25, 91.2, 138.64
2024-11-07, 16:00:05, 136.5, 58.25, 23.0, 22.14, 9999.0, 9.77, 10.02, 21.75, 9999.0, 23.84, 9999.0, 117.82, 127.95, 120.25, 91.18, 138.64
2024-11-07, 16:00:09, 136.5, 58.25, 23.0, 22.16, 9999.0, 9.73, 10.02, 21.75, 9999.0, 23.86, 9999.0, 117.82, 127.95, 120.25, 91.18, 138.64
2024-11-07, 16:00:13, 136.5, 58.25, 23.0, 22.16, 9999.0, 9.7, 10.02, 21.75, 9999.0, 23.89, 9999.0, 117.82, 127.98, 120.25, 91.2, 138.64
2024-11-07, 16:00:17, 136.5, 58.25, 23.0, 22.16, 9999.0, 9.68, 10.02, 21.75, 9999.0, 23.89, 9999.0, 117.82, 128.0, 120.25, 91.23, 138.66
2024-11-07, 16:00:21, 136.5, 58.25, 23.0, 22.16, 9999.0, 9.66, 10.02, 21.75, 9999.0, 23.91, 9999.0, 117.77, 128.0, 120.25, 91.23, 138.66
2024-11-07, 16:00:25, 136.5, 58.25, 23.0, 22.16, 9999.0, 9.64, 10.02, 21.75, 9999.0, 23.93, 9999.0, 117.75, 128.0, 120.25, 91.23, 138.64
2024-11-07, 16:00:29, 136.5, 58.25, 23.0, 22.16, 9999.0, 9.64, 10.02, 21.75, 9999.0, 23.95, 9999.0, 117.7, 128.0, 120.25, 91.23, 138.66
2024-11-07, 16:00:35, 136.5, 58.25, 23.0, 22.16, 9999.0, 9.64, 10.0, 21.75, 9999.0, 23.93, 9999.0, 117.68, 128.0, 120.25, 91.23, 138.66
2024-11-07, 16:00:46, 136.5, 58.25, 23.0, 22.18, 9999.0, 9.64, 10.0, 21.75, 9999.0, 23.95, 9999.0, 117.66, 128.0, 120.25, 91.23, 138.68
2024-11-07, 16:00:50, 136.5, 58.25, 23.0, 22.2, 9999.0, 9.66, 10.0, 21.75, 9999.0, 23.93, 9999.0, 117.64, 128.0, 120.25, 91.2, 138.68
2024-11-07, 16:00:54, 136.5, 58.25, 23.0, 22.2, 9999.0, 9.68, 10.0, 21.75, 9999.0, 23.91, 9999.0, 117.64, 128.0, 120.25, 91.18, 138.66
2024-11-07, 16:00:58, 136.5, 58.25, 23.0, 22.2, 9999.0, 9.68, 10.0, 21.75, 9999.0, 23.89, 9999.0, 117.64, 128.0, 120.25, 91.2, 138.66
2024-11-07, 16:01:02, 136.5, 58.25, 23.0, 22.2, 9999.0, 9.7, 10.0, 21.75, 9999.0, 23.89, 9999.0, 117.64, 128.0, 120.25, 91.2, 138.68
2024-11-07, 16:01:06, 136.5, 58.25, 23.0, 22.23, 9999.0, 9.73, 10.0, 21.75, 9999.0, 23.86, 9999.0, 117.66, 128.0, 120.25, 91.2, 138.66
2024-11-07, 16:01:10, 136.5, 58.25, 23.0, 22.23, 9999.0, 9.75, 10.0, 21.75, 9999.0, 23.86, 9999.0, 117.68, 128.0, 120.25, 91.2, 138.66
2024-11-07, 16:01:14, 136.5, 58.25, 23.0, 22.23, 9999.0, 9.77, 10.0, 21.75, 9999.0, 23.84, 9999.0, 117.7, 128.0, 120.25, 91.2, 138.68
2024-11-07, 16:01:18, 136.5, 58.25, 23.0, 22.23, 9999.0, 9.8, 10.0, 21.75, 9999.0, 23.84, 9999.0, 117.7, 128.0, 120.25, 91.2, 138.68
2024-11-07, 16:01:22, 136.5, 58.25, 23.0, 22.23, 9999.0, 9.8, 10.0, 21.75, 9999.0, 23.84, 9999.0, 117.73, 128.0, 120.25, 91.2, 138.68
2024-11-07, 16:01:26, 136.5, 58.25, 23.0, 22.23, 9999.0, 9.8, 10.0, 21.75, 9999.0, 23.89, 9999.0, 117.75, 128.0, 120.25, 91.2, 138.66
2024-11-07, 16:01:30, 136.5, 58.25, 23.0, 22.23, 9999.0, 9.8, 10.0, 21.75, 9999.0, 23.91, 9999.0, 117.77, 128.0, 120.25, 91.2, 138.64
2024-11-07, 16:01:34, 136.5, 58.25, 23.0, 22.23, 9999.0, 9.77, 10.0, 21.75, 9999.0, 23.95, 9999.0, 117.8, 128.0, 120.25, 91.23, 138.61
2024-11-07, 16:01:38, 136.5, 58.25, 23.0, 22.23, 9999.0, 9.73, 10.0, 21.75, 9999.0, 24.0, 9999.0, 117.8, 128.0, 120.25, 91.25, 138.61
2024-11-07, 16:01:42, 136.5, 58.25, 23.0, 22.23, 9999.0, 9.73, 10.0, 21.75, 9999.0, 24.05, 9999.0, 117.8, 128.0, 120.25, 91.25, 138.59
2024-11-07, 16:01:46, 136.5, 58.25, 23.0, 22.23, 9999.0, 9.7, 10.0, 21.75, 9999.0, 24.07, 9999.0, 117.8, 128.0, 120.25, 91.23, 138.57
2024-11-07, 16:01:50, 136.5, 58.25, 23.0, 22.23, 9999.0, 9.68, 10.0, 21.75, 9999.0, 24.09, 9999.0, 117.77, 128.0, 120.25, 91.23, 138.57
2024-11-07, 16:01:54, 136.5, 58.25, 23.0, 22.23, 9999.0, 9.66, 10.0, 21.75, 9999.0, 24.14, 9999.0, 117.73, 128.0, 120.25, 91.23, 138.57
2024-11-07, 16:01:58, 136.5, 58.25, 23.0, 22.25, 9999.0, 9.66, 10.0, 21.75, 9999.0, 24.18, 9999.0, 117.7, 128.0, 120.25, 91.2, 138.55
2024-11-07, 16:02:02, 136.5, 58.25, 23.0, 22.23, 9999.0, 9.66, 10.0, 21.73, 9999.0, 24.18, 9999.0, 117.7, 128.0, 120.25, 91.2, 138.55
2024-11-07, 16:02:06, 136.5, 58.25, 23.0, 22.23, 9999.0, 9.66, 10.0, 21.7, 9999.0, 24.18, 9999.0, 117.68, 128.0, 120.25, 91.2, 138.52
2024-11-07, 16:02:10, 136.5, 58.25, 23.0, 22.23, 9999.0, 9.66, 10.0, 21.7, 9999.0, 24.16, 9999.0, 117.66, 127.98, 120.25, 91.2, 138.52
2024-11-07, 16:02:14, 136.5, 58.25, 23.0, 22.23, 9999.0, 9.66, 10.0, 21.7, 9999.0, 24.14, 9999.0, 117.66, 127.95, 120.25, 91.2, 138.55
2024-11-07, 16:02:18, 136.5, 58.25, 23.0, 22.2, 9999.0, 9.66, 10.0, 21.7, 9999.0, 24.11, 9999.0, 117.66, 127.95, 120.25, 91.2, 138.55
2024-11-07, 16:02:22, 136.5, 58.25, 23.0, 22.2, 9999.0, 9.68, 10.0, 21.7, 9999.0, 24.09, 9999.0, 117.66, 127.93, 120.25, 91.2, 138.55
2024-11-07, 16:02:26, 136.52, 58.25, 23.0, 22.2, 9999.0, 9.68, 10.0, 21.7, 9999.0, 24.07, 9999.0, 117.68, 127.93, 120.25, 91.2, 138.57
2024-11-07, 16:02:30, 136.52, 58.25, 23.0, 22.18, 9999.0, 9.7, 10.0, 21.7, 9999.0, 24.02, 9999.0, 117.7, 127.91, 120.25, 91.23, 138.57
2024-11-07, 16:02:34, 136.52, 58.25, 23.0, 22.16, 9999.0, 9.73, 10.0, 21.7, 9999.0, 24.02, 9999.0, 117.7, 127.91, 120.25, 91.23, 138.57
2024-11-07, 16:02:38, 136.52, 58.25, 23.0, 22.16, 9999.0, 9.75, 10.0, 21.7, 9999.0, 24.0, 9999.0, 117.73, 127.91, 120.25, 91.23, 138.55
2024-11-07, 16:02:42, 136.52, 58.25, 23.0, 22.16, 9999.0, 9.75, 10.0, 21.7, 9999.0, 23.98, 9999.0, 117.75, 127.91, 120.25, 91.23, 138.55
2024-11-07, 16:02:46, 136.52, 58.25, 23.0, 22.18, 9999.0, 9.73, 10.0, 21.73, 9999.0, 24.0, 9999.0, 117.75, 127.91, 120.25, 91.23, 138.55
2024-11-07, 16:02:50, 136.52, 58.25, 23.0, 22.18, 9999.0, 9.7, 10.0, 21.75, 9999.0, 24.02, 9999.0, 117.77, 127.91, 120.25, 91.23, 138.55
2024-11-07, 16:02:54, 136.52, 58.25, 23.0, 22.18, 9999.0, 9.68, 10.0, 21.73, 9999.0, 24.05, 9999.0, 117.8, 127.93, 120.25, 91.23, 138.57
2024-11-07, 16:02:58, 136.52, 58.25, 23.0, 22.18, 9999.0, 9.66, 10.0, 21.73, 9999.0, 24.05, 9999.0, 117.77, 127.95, 120.25, 91.23, 138.55
2024-11-07, 16:03:02, 136.52, 58.25, 23.0, 22.2, 9999.0, 9.64, 10.0, 21.73, 9999.0, 24.05, 9999.0, 117.77, 127.95, 120.25, 91.23, 138.55
2024-11-07, 16:03:06, 136.52, 58.25, 23.0, 22.2, 9999.0, 9.61, 10.0, 21.73, 9999.0, 24.05, 9999.0, 117.75, 127.98, 120.25, 91.23, 138.55
2024-11-07, 16:03:10, 136.5, 58.25, 23.0, 22.2, 9999.0, 9.59, 10.0, 21.73, 9999.0, 24.07, 9999.0, 117.7, 127.98, 120.25, 91.23, 138.52
2024-11-07, 16:03:14, 136.5, 58.25, 23.0, 22.23, 9999.0, 9.57, 10.0, 21.73, 9999.0, 24.09, 9999.0, 117.66, 128.0, 120.25, 91.23, 138.55
2024-11-07, 16:03:18, 136.5, 58.25, 23.0, 22.23, 9999.0, 9.57, 10.0, 21.73, 9999.0, 24.11, 9999.0, 117.64, 128.0, 120.25, 91.2, 138.55
2024-11-07, 16:03:22, 136.5, 58.25, 23.0, 22.23, 9999.0, 9.55, 10.0, 21.73, 9999.0, 24.14, 9999.0, 117.61, 128.0, 120.25, 91.2, 138.55
2024-11-07, 16:03:26, 136.5, 58.25, 23.0, 22.23, 9999.0, 9.55, 10.0, 21.73, 9999.0, 24.16, 9999.0, 117.59, 127.98, 120.25, 91.2, 138.55
2024-11-07, 16:03:30, 136.5, 58.25, 23.0, 22.23, 9999.0, 9.59, 10.0, 21.73, 9999.0, 24.16, 9999.0, 117.57, 127.95, 120.25, 91.2, 138.55
2024-11-07, 16:03:34, 136.5, 58.25, 23.0, 22.23, 9999.0, 9.61, 10.0, 21.73, 9999.0, 24.14, 9999.0, 117.57, 127.93, 120.25, 91.2, 138.57
2024-11-07, 16:03:38, 136.5, 58.25, 23.0, 22.23, 9999.0, 9.64, 10.0, 21.75, 9999.0, 24.11, 9999.0, 117.57, 127.91, 120.25, 91.18, 138.55
2024-11-07, 16:03:42, 136.5, 58.25, 23.0, 22.23, 9999.0, 9.66, 10.0, 21.75, 9999.0, 24.11, 9999.0, 117.59, 127.91, 120.25, 91.18, 138.55
2024-11-07, 16:03:46, 136.5, 58.25, 23.0, 22.23, 9999.0, 9.68, 10.0, 21.75, 9999.0, 24.11, 9999.0, 117.61, 127.89, 120.25, 91.18, 138.55
2024-11-07, 16:03:50, 136.5, 58.25, 23.0, 22.23, 9999.0, 9.7, 10.0, 21.75, 9999.0, 24.11, 9999.0, 117.66, 127.89, 120.25, 91.18, 138.55
2024-11-07, 16:03:54, 136.5, 58.25, 23.0, 22.2, 9999.0, 9.73, 10.0, 21.75, 9999.0, 24.11, 9999.0, 117.68, 127.89, 120.25, 91.18, 138.55
2024-11-07, 16:03:58, 136.5, 58.25, 23.0, 22.2, 9999.0, 9.73, 10.0, 21.75, 9999.0, 24.11, 9999.0, 117.7, 127.89, 120.25, 91.18, 138.52
2024-11-07, 16:04:02, 136.5, 58.25, 23.0, 22.23, 9999.0, 9.73, 10.0, 21.75, 9999.0, 24.11, 9999.0, 117.73, 127.89, 120.25, 91.2, 138.52
2024-11-07, 16:04:06, 136.52, 58.25, 23.0, 22.2, 9999.0, 9.75, 10.0, 21.75, 9999.0, 24.11, 9999.0, 117.75, 127.89, 120.25, 91.2, 138.52
2024-11-07, 16:04:10, 136.52, 58.25, 23.0, 22.2, 9999.0, 9.73, 10.0, 21.75, 9999.0, 24.11, 9999.0, 117.77, 127.89, 120.25, 91.23, 138.55
2024-11-07, 16:04:15, 136.52, 58.25, 23.0, 22.2, 9999.0, 9.68, 10.0, 21.75, 9999.0, 24.11, 9999.0, 117.8, 127.91, 120.25, 91.23, 138.55
2024-11-07, 16:04:19, 136.52, 58.25, 23.0, 22.18, 9999.0, 9.68, 10.0, 21.75, 9999.0, 24.14, 9999.0, 117.8, 127.93, 120.25, 91.2, 138.52
2024-11-07, 16:04:23, 136.52, 58.25, 23.0, 22.18, 9999.0, 9.66, 10.0, 21.75, 9999.0, 24.16, 9999.0, 117.8, 127.93, 120.25, 91.23, 138.52
2024-11-07, 16:04:27, 136.52, 58.25, 23.0, 22.18, 9999.0, 9.64, 10.0, 21.75, 9999.0, 24.18, 9999.0, 117.77, 127.93, 120.25, 91.23, 138.52
2024-11-07, 16:04:31, 136.52, 58.25, 23.0, 22.18, 9999.0, 9.61, 10.0, 21.75, 9999.0, 24.2, 9999.0, 117.75, 127.95, 120.25, 91.23, 138.52
2024-11-07, 16:04:35, 136.52, 58.25, 23.0, 22.18, 9999.0, 9.61, 10.0, 21.75, 9999.0, 24.23, 9999.0, 117.7, 127.95, 120.25, 91.23, 138.52
2024-11-07, 16:04:39, 136.52, 58.25, 23.0, 22.18, 9999.0, 9.61, 10.0, 21.75, 9999.0, 24.23, 9999.0, 117.68, 127.95, 120.25, 91.23, 138.52
2024-11-07, 16:04:43, 136.52, 58.25, 23.0, 22.18, 9999.0, 9.64, 10.0, 21.75, 9999.0, 24.25, 9999.0, 117.66, 127.93, 120.25, 91.2, 138.52
2024-11-07, 16:04:47, 136.52, 58.25, 23.0, 22.18, 9999.0, 9.64, 10.0, 21.75, 9999.0, 24.23, 9999.0, 117.64, 127.93, 120.25, 91.2, 138.52
2024-11-07, 16:04:51, 136.5, 58.25, 23.0, 22.2, 9999.0, 9.64, 10.0, 21.75, 9999.0, 24.2, 9999.0, 117.61, 127.93, 120.25, 91.2, 138.52
2024-11-07, 16:04:55, 136.5, 58.25, 23.0, 22.2, 9999.0, 9.66, 10.0, 21.75, 9999.0, 24.18, 9999.0, 117.61, 127.93, 120.25, 91.18, 138.5
2024-11-07, 16:04:59, 136.5, 58.25, 23.0, 22.2, 9999.0, 9.7, 10.0, 21.75, 9999.0, 24.16, 9999.0, 117.61, 127.91, 120.25, 91.16, 138.5
2024-11-07, 16:05:03, 136.5, 58.25, 23.0, 22.23, 9999.0, 9.7, 10.0, 21.75, 9999.0, 24.14, 9999.0, 117.64, 127.91, 120.25, 91.18, 138.5
2024-11-07, 16:05:07, 136.5, 58.25, 22.98, 22.23, 9999.0, 9.73, 10.0, 21.75, 9999.0, 24.11, 9999.0, 117.66, 127.93, 120.25, 91.18, 138.5
2024-11-07, 16:05:11, 136.5, 58.25, 22.98, 22.23, 9999.0, 9.75, 10.0, 21.75, 9999.0, 24.09, 9999.0, 117.68, 127.93, 120.25, 91.18, 138.5
2024-11-07, 16:05:15, 136.5, 58.25, 22.98, 22.23, 9999.0, 9.77, 10.0, 21.75, 9999.0, 24.09, 9999.0, 117.68, 127.93, 120.25, 91.18, 138.5
2024-11-07, 16:05:19, 136.5, 58.25, 22.98, 22.23, 9999.0, 9.77, 10.0, 21.73, 9999.0, 24.09, 9999.0, 117.7, 127.91, 120.25, 91.16, 138.5
2024-11-07, 16:05:23, 136.5, 58.27, 22.98, 22.23, 9999.0, 9.77, 10.0, 21.73, 9999.0, 24.09, 9999.0, 117.73, 127.91, 120.25, 91.16, 138.5
2024-11-07, 16:05:27, 136.5, 58.27, 22.98, 22.23, 9999.0, 9.75, 10.0, 21.73, 9999.0, 24.11, 9999.0, 117.75, 127.93, 120.25, 91.18, 138.5
2024-11-07, 16:05:31, 136.5, 58.27, 22.98, 22.23, 9999.0, 9.75, 10.0, 21.73, 9999.0, 24.16, 9999.0, 117.77, 127.93, 120.25, 91.18, 138.5
2024-11-07, 16:05:35, 136.5, 58.27, 22.98, 22.2, 9999.0, 9.73, 10.0, 21.73, 9999.0, 24.18, 9999.0, 117.8, 127.93, 120.25, 91.16, 138.5
2024-11-07, 16:05:39, 136.5, 58.27, 22.98, 22.2, 9999.0, 9.7, 10.0, 21.73, 9999.0, 24.2, 9999.0, 117.8, 127.95, 120.25, 91.16, 138.5
2024-11-07, 16:05:43, 136.5, 58.27, 22.98, 22.2, 9999.0, 9.66, 10.0, 21.73, 9999.0, 24.23, 9999.0, 117.8, 127.98, 120.25, 91.16, 138.5
2024-11-07, 16:05:47, 136.5, 58.27, 22.98, 22.18, 9999.0, 9.64, 10.0, 21.73, 9999.0, 24.25, 9999.0, 117.77, 127.98, 120.25, 91.16, 138.5
2024-11-07, 16:05:51, 136.5, 58.3, 23.0, 22.16, 9999.0, 9.61, 10.0, 21.73, 9999.0, 24.27, 9999.0, 117.73, 127.98, 120.25, 91.16, 138.5
2024-11-07, 16:05:55, 136.5, 58.3, 23.0, 22.14, 9999.0, 9.61, 10.0, 21.73, 9999.0, 24.3, 9999.0, 117.7, 127.95, 120.25, 91.16, 138.5
2024-11-07, 16:05:59, 136.5, 58.3, 23.0, 22.11, 9999.0, 9.61, 10.0, 21.73, 9999.0, 24.3, 9999.0, 117.68, 127.93, 120.25, 91.16, 138.5
2024-11-07, 16:06:03, 136.5, 58.3, 23.0, 22.11, 9999.0, 9.61, 10.0, 21.75, 9999.0, 24.3, 9999.0, 117.66, 127.93, 120.23, 91.18, 138.5
2024-11-07, 16:06:07, 136.5, 58.27, 23.0, 22.14, 9999.0, 9.64, 10.0, 21.75, 9999.0, 24.3, 9999.0, 117.64, 127.93, 120.23, 91.18, 138.5
2024-11-07, 16:06:11, 136.5, 58.27, 23.0, 22.14, 9999.0, 9.66, 10.0, 21.75, 9999.0, 24.25, 9999.0, 117.64, 127.93, 120.23, 91.18, 138.5
2024-11-07, 16:06:15, 136.5, 58.27, 23.0, 22.14, 9999.0, 9.66, 10.0, 21.75, 9999.0, 24.23, 9999.0, 117.64, 127.93, 120.23, 91.16, 138.5
2024-11-07, 16:06:19, 136.5, 58.27, 23.0, 22.14, 9999.0, 9.68, 10.0, 21.75, 9999.0, 24.23, 9999.0, 117.64, 127.91, 120.23, 91.16, 138.5
2024-11-07, 16:06:23, 136.5, 58.27, 23.0, 22.14, 9999.0, 9.7, 10.0, 21.75, 9999.0, 24.23, 9999.0, 117.66, 127.91, 120.23, 91.18, 138.5
2024-11-07, 16:06:27, 136.5, 58.27, 23.0, 22.11, 9999.0, 9.73, 10.0, 21.75, 9999.0, 24.23, 9999.0, 117.68, 127.91, 120.23, 91.2, 138.5
2024-11-07, 16:06:31, 136.5, 58.27, 23.0, 22.14, 9999.0, 9.75, 10.0, 21.75, 9999.0, 24.23, 9999.0, 117.68, 127.91, 120.23, 91.2, 138.5
2024-11-07, 16:06:35, 136.5, 58.25, 23.0, 22.16, 9999.0, 9.77, 10.0, 21.75, 9999.0, 24.23, 9999.0, 117.7, 127.91, 120.23, 91.2, 138.5
2024-11-07, 16:06:39, 136.5, 58.25, 23.0, 22.16, 9999.0, 9.77, 10.0, 21.75, 9999.0, 24.23, 9999.0, 117.73, 127.93, 120.23, 91.2, 138.5
2024-11-07, 16:06:43, 136.5, 58.25, 23.0, 22.16, 9999.0, 9.75, 10.0, 21.75, 9999.0, 24.23, 9999.0, 117.75, 127.95, 120.23, 91.2, 138.5
2024-11-07, 16:06:47, 136.5, 58.25, 22.98, 22.16, 9999.0, 9.73, 10.0, 21.75, 9999.0, 24.23, 9999.0, 117.77, 127.98, 120.25, 91.2, 138.5
2024-11-07, 16:06:51, 136.5, 58.25, 22.98, 22.14, 9999.0, 9.68, 10.0, 21.75, 9999.0, 24.23, 9999.0, 117.8, 127.98, 120.25, 91.2, 138.5
2024-11-07, 16:06:55, 136.5, 58.25, 22.98, 22.11, 9999.0, 9.66, 10.0, 21.75, 9999.0, 24.27, 9999.0, 117.8, 127.98, 120.25, 91.18, 138.5
2024-11-07, 16:06:59, 136.5, 58.25, 22.98, 22.09, 9999.0, 9.64, 10.0, 21.73, 9999.0, 24.27, 9999.0, 117.8, 127.98, 120.25, 91.18, 138.5
2024-11-07, 16:07:03, 136.5, 58.25, 22.98, 22.09, 9999.0, 9.61, 10.0, 21.73, 9999.0, 24.27, 9999.0, 117.77, 128.0, 120.25, 91.2, 138.5
2024-11-07, 16:07:07, 136.5, 58.25, 22.98, 22.07, 9999.0, 9.59, 10.0, 21.73, 9999.0, 24.27, 9999.0, 117.73, 128.0, 120.25, 91.18, 138.5
2024-11-07, 16:07:11, 136.5, 58.25, 22.98, 22.07, 9999.0, 9.57, 10.0, 21.73, 9999.0, 24.27, 9999.0, 117.68, 128.0, 120.25, 91.18, 138.5
2024-11-07, 16:07:15, 136.5, 58.25, 22.98, 22.05, 9999.0, 9.57, 10.0, 21.73, 9999.0, 24.27, 9999.0, 117.66, 127.98, 120.25, 91.18, 138.5
2024-11-07, 16:07:19, 136.5, 58.25, 22.98, 22.02, 9999.0, 9.57, 10.0, 21.73, 9999.0, 24.27, 9999.0, 117.64, 127.95, 120.25, 91.18, 138.5
2024-11-07, 16:07:23, 136.5, 58.25, 22.98, 22.02, 9999.0, 9.57, 10.0, 21.73, 9999.0, 24.25, 9999.0, 117.61, 127.93, 120.25, 91.18, 138.5
2024-11-07, 16:07:27, 136.5, 58.25, 22.98, 22.05, 9999.0, 9.59, 10.0, 21.73, 9999.0, 24.25, 9999.0, 117.59, 127.93, 120.25, 91.16, 138.5
2024-11-07, 16:07:31, 136.5, 58.25, 23.0, 22.05, 9999.0, 9.61, 10.0, 21.73, 9999.0, 24.23, 9999.0, 117.59, 127.91, 120.25, 91.16, 138.5
2024-11-07, 16:07:35, 136.5, 58.25, 23.0, 22.05, 9999.0, 9.64, 10.0, 21.73, 9999.0, 24.2, 9999.0, 117.59, 127.89, 120.25, 91.14, 138.5
2024-11-07, 16:07:39, 136.5, 58.25, 23.0, 22.05, 9999.0, 9.66, 10.0, 21.73, 9999.0, 24.16, 9999.0, 117.59, 127.86, 120.25, 91.16, 138.5
2024-11-07, 16:07:43, 136.5, 58.25, 23.0, 22.05, 9999.0, 9.68, 10.0, 21.75, 9999.0, 24.14, 9999.0, 117.61, 127.86, 120.25, 91.18, 138.5
2024-11-07, 16:07:48, 136.5, 58.27, 23.0, 22.07, 9999.0, 9.7, 10.0, 21.75, 9999.0, 24.11, 9999.0, 117.64, 127.86, 120.25, 91.18, 138.5
2024-11-07, 16:07:52, 136.5, 58.27, 23.0, 22.09, 9999.0, 9.73, 10.0, 21.75, 9999.0, 24.09, 9999.0, 117.66, 127.86, 120.25, 91.18, 138.5
2024-11-07, 16:07:56, 136.5, 58.27, 23.0, 22.11, 9999.0, 9.75, 10.0, 21.75, 9999.0, 24.09, 9999.0, 117.68, 127.86, 120.25, 91.18, 138.5
2024-11-07, 16:08:00, 136.5, 58.27, 23.0, 22.11, 9999.0, 9.75, 10.0, 21.75, 9999.0, 24.09, 9999.0, 117.7, 127.86, 120.25, 91.18, 138.5
2024-11-07, 16:08:04, 136.5, 58.27, 23.0, 22.11, 9999.0, 9.73, 10.0, 21.75, 9999.0, 24.09, 9999.0, 117.73, 127.89, 120.25, 91.16, 138.5
2024-11-07, 16:08:08, 136.52, 58.27, 23.0, 22.11, 9999.0, 9.7, 10.0, 21.75, 9999.0, 24.11, 9999.0, 117.75, 127.91, 120.25, 91.16, 138.5
2024-11-07, 16:08:12, 136.52, 58.27, 23.0, 22.09, 9999.0, 9.68, 10.0, 21.73, 9999.0, 24.11, 9999.0, 117.77, 127.91, 120.25, 91.16, 138.5
2024-11-07, 16:08:16, 136.52, 58.27, 23.0, 22.07, 9999.0, 9.66, 10.0, 21.73, 9999.0, 24.14, 9999.0, 117.77, 127.93, 120.25, 91.16, 138.5
2024-11-07, 16:08:20, 136.52, 58.27, 23.0, 22.07, 9999.0, 9.64, 10.0, 21.73, 9999.0, 24.16, 9999.0, 117.75, 127.95, 120.25, 91.16, 138.5
2024-11-07, 16:08:24, 136.52, 58.27, 22.98, 22.07, 9999.0, 9.61, 10.0, 21.73, 9999.0, 24.18, 9999.0, 117.75, 127.95, 120.25, 91.14, 138.5
2024-11-07, 16:08:28, 136.52, 58.27, 22.98, 22.07, 9999.0, 9.59, 10.0, 21.73, 9999.0, 24.18, 9999.0, 117.7, 127.95, 120.23, 91.14, 138.5
2024-11-07, 16:08:32, 136.52, 58.25, 22.95, 22.07, 9999.0, 9.57, 10.0, 21.73, 9999.0, 24.2, 9999.0, 117.68, 127.93, 120.23, 91.14, 138.5
2024-11-07, 16:08:36, 136.52, 58.25, 22.95, 22.05, 9999.0, 9.57, 10.0, 21.73, 9999.0, 24.23, 9999.0, 117.66, 127.93, 120.23, 91.16, 138.5
2024-11-07, 16:08:40, 136.52, 58.25, 22.95, 22.05, 9999.0, 9.57, 10.0, 21.73, 9999.0, 24.23, 9999.0, 117.64, 127.93, 120.23, 91.14, 138.5
2024-11-07, 16:08:44, 136.52, 58.25, 22.95, 22.07, 9999.0, 9.57, 10.0, 21.73, 9999.0, 24.23, 9999.0, 117.61, 127.93, 120.23, 91.11, 138.5
2024-11-07, 16:08:48, 136.52, 58.25, 22.95, 22.07, 9999.0, 9.61, 10.0, 21.73, 9999.0, 24.23, 9999.0, 117.59, 127.93, 120.23, 91.11, 138.5
2024-11-07, 16:08:52, 136.5, 58.25, 22.95, 22.09, 9999.0, 9.64, 10.0, 21.73, 9999.0, 24.23, 9999.0, 117.59, 127.91, 120.23, 91.09, 138.5
2024-11-07, 16:08:56, 136.5, 58.25, 22.95, 22.09, 9999.0, 9.66, 10.0, 21.75, 9999.0, 24.23, 9999.0, 117.57, 127.89, 120.23, 91.09, 138.5
2024-11-07, 16:09:00, 136.5, 58.25, 22.95, 22.09, 9999.0, 9.68, 10.0, 21.75, 9999.0, 24.2, 9999.0, 117.57, 127.89, 120.23, 91.09, 138.5
2024-11-07, 16:09:04, 136.5, 58.25, 22.95, 22.11, 9999.0, 9.7, 10.0, 21.75, 9999.0, 24.18, 9999.0, 117.59, 127.89, 120.23, 91.11, 138.5
2024-11-07, 16:09:08, 136.5, 58.25, 22.98, 22.11, 9999.0, 9.73, 10.0, 21.75, 9999.0, 24.16, 9999.0, 117.59, 127.91, 120.23, 91.14, 138.5
2024-11-07, 16:09:12, 136.5, 58.25, 22.98, 22.11, 9999.0, 9.75, 10.0, 21.75, 9999.0, 24.16, 9999.0, 117.61, 127.91, 120.25, 91.14, 138.5
2024-11-07, 16:09:16, 136.5, 58.25, 23.0, 22.09, 9999.0, 9.77, 10.0, 21.75, 9999.0, 24.16, 9999.0, 117.64, 127.93, 120.25, 91.14, 138.5
2024-11-07, 16:09:20, 136.5, 58.25, 23.0, 22.09, 9999.0, 9.75, 10.0, 21.75, 9999.0, 24.16, 9999.0, 117.66, 127.91, 120.25, 91.14, 138.48
2024-11-07, 16:09:24, 136.5, 58.25, 23.0, 22.07, 9999.0, 9.73, 10.0, 21.75, 9999.0, 24.18, 9999.0, 117.68, 127.91, 120.25, 91.16, 138.48
2024-11-07, 16:09:28, 136.5, 58.25, 23.0, 22.05, 9999.0, 9.7, 10.0, 21.75, 9999.0, 24.18, 9999.0, 117.7, 127.93, 120.25, 91.18, 138.48
2024-11-07, 16:09:32, 136.5, 58.25, 22.98, 22.05, 9999.0, 9.68, 10.0, 21.75, 9999.0, 24.18, 9999.0, 117.7, 127.93, 120.25, 91.2, 138.48
2024-11-07, 16:09:36, 136.5, 58.25, 22.98, 22.02, 9999.0, 9.66, 10.0, 21.75, 9999.0, 24.18, 9999.0, 117.68, 127.95, 120.25, 91.23, 138.48
2024-11-07, 16:09:40, 136.5, 58.25, 22.98, 22.05, 9999.0, 9.64, 10.0, 21.75, 9999.0, 24.18, 9999.0, 117.7, 127.98, 120.25, 91.25, 138.48
2024-11-07, 16:09:44, 136.5, 58.25, 22.98, 22.05, 9999.0, 9.61, 10.0, 21.75, 9999.0, 24.2, 9999.0, 117.68, 127.98, 120.25, 91.23, 138.48
2024-11-07, 16:09:48, 136.5, 58.25, 22.98, 22.02, 9999.0, 9.59, 10.0, 21.75, 9999.0, 24.23, 9999.0, 117.66, 127.98, 120.25, 91.23, 138.48
2024-11-07, 16:09:52, 136.5, 58.25, 22.98, 22.02, 9999.0, 9.57, 10.0, 21.75, 9999.0, 24.25, 9999.0, 117.64, 127.95, 120.25, 91.2, 138.48
2024-11-07, 16:09:56, 136.5, 58.25, 22.98, 22.02, 9999.0, 9.57, 10.0, 21.75, 9999.0, 24.27, 9999.0, 117.61, 127.95, 120.25, 91.18, 138.48
2024-11-07, 16:10:00, 136.5, 58.25, 22.98, 22.02, 9999.0, 9.57, 9.98, 21.75, 9999.0, 24.27, 9999.0, 117.59, 127.93, 120.25, 91.16, 138.48
2024-11-07, 16:10:04, 136.5, 58.25, 22.98, 22.02, 9999.0, 9.59, 9.98, 21.75, 9999.0, 24.25, 9999.0, 117.57, 127.93, 120.25, 91.14, 138.5
2024-11-07, 16:10:08, 136.5, 58.25, 22.98, 22.02, 9999.0, 9.61, 9.98, 21.75, 9999.0, 24.2, 9999.0, 117.55, 127.91, 120.25, 91.11, 138.5
2024-11-07, 16:10:12, 136.5, 58.25, 22.98, 22.05, 9999.0, 9.66, 9.98, 21.75, 9999.0, 24.2, 9999.0, 117.55, 127.89, 120.23, 91.09, 138.5
2024-11-07, 16:10:16, 136.5, 58.25, 23.0, 22.07, 9999.0, 9.66, 9.98, 21.75, 9999.0, 24.18, 9999.0, 117.55, 127.86, 120.23, 91.07, 138.5
2024-11-07, 16:10:20, 136.5, 58.25, 23.0, 22.07, 9999.0, 9.68, 9.98, 21.75, 9999.0, 24.16, 9999.0, 117.57, 127.86, 120.23, 91.05, 138.5
2024-11-07, 16:10:24, 136.5, 58.25, 23.0, 22.05, 9999.0, 9.7, 9.98, 21.75, 9999.0, 24.14, 9999.0, 117.59, 127.86, 120.23, 91.05, 138.5
2024-11-07, 16:10:34, 136.5, 58.25, 23.0, 22.05, 9999.0, 9.73, 9.98, 21.75, 9999.0, 24.11, 9999.0, 117.61, 127.86, 120.23, 91.05, 138.5
2024-11-07, 16:10:38, 136.5, 58.25, 23.0, 22.07, 9999.0, 9.75, 9.98, 21.75, 9999.0, 24.09, 9999.0, 117.64, 127.86, 120.23, 91.02, 138.5
2024-11-07, 16:10:42, 136.5, 58.25, 23.0, 22.09, 9999.0, 9.75, 9.98, 21.75, 9999.0, 24.09, 9999.0, 117.66, 127.89, 120.23, 91.02, 138.5
2024-11-07, 16:10:46, 136.5, 58.25, 23.0, 22.09, 9999.0, 9.73, 9.98, 21.75, 9999.0, 24.09, 9999.0, 117.68, 127.86, 120.23, 91.05, 138.5
2024-11-07, 16:10:50, 136.5, 58.25, 23.0, 22.11, 9999.0, 9.7, 10.0, 21.75, 9999.0, 24.09, 9999.0, 117.7, 127.89, 120.23, 91.05, 138.5
2024-11-07, 16:10:54, 136.5, 58.25, 23.0, 22.11, 9999.0, 9.68, 10.0, 21.75, 9999.0, 24.11, 9999.0, 117.73, 127.91, 120.23, 91.05, 138.5
2024-11-07, 16:10:58, 136.5, 58.25, 23.0, 22.11, 9999.0, 9.66, 10.0, 21.75, 9999.0, 24.14, 9999.0, 117.75, 127.91, 120.23, 91.07, 138.5
2024-11-07, 16:11:02, 136.5, 58.25, 23.0, 22.11, 9999.0, 9.61, 10.0, 21.75, 9999.0, 24.14, 9999.0, 117.73, 127.93, 120.25, 91.07, 138.5
2024-11-07, 16:11:06, 136.5, 58.25, 23.0, 22.11, 9999.0, 9.59, 10.0, 21.75, 9999.0, 24.16, 9999.0, 117.75, 127.95, 120.25, 91.09, 138.5
2024-11-07, 16:11:10, 136.5, 58.25, 23.0, 22.11, 9999.0, 9.57, 10.0, 21.75, 9999.0, 24.2, 9999.0, 117.73, 127.95, 120.25, 91.09, 138.5
2024-11-07, 16:11:14, 136.5, 58.25, 23.0, 22.11, 9999.0, 9.55, 10.0, 21.75, 9999.0, 24.23, 9999.0, 117.7, 127.95, 120.25, 91.07, 138.5
2024-11-07, 16:11:18, 136.5, 58.25, 23.0, 22.11, 9999.0, 9.52, 10.0, 21.75, 9999.0, 24.25, 9999.0, 117.68, 127.95, 120.25, 91.07, 138.5
2024-11-07, 16:11:22, 136.5, 58.25, 23.0, 22.09, 9999.0, 9.52, 10.0, 21.75, 9999.0, 24.27, 9999.0, 117.66, 127.95, 120.25, 91.07, 138.5
2024-11-07, 16:11:26, 136.5, 58.25, 23.0, 22.07, 9999.0, 9.55, 10.0, 21.75, 9999.0, 24.25, 9999.0, 117.64, 127.93, 120.25, 91.07, 138.5
2024-11-07, 16:11:30, 136.5, 58.25, 23.0, 22.07, 9999.0, 9.57, 10.0, 21.75, 9999.0, 24.23, 9999.0, 117.61, 127.95, 120.25, 91.07, 138.5
2024-11-07, 16:11:34, 136.5, 58.25, 23.0, 22.05, 9999.0, 9.61, 10.0, 21.75, 9999.0, 24.2, 9999.0, 117.59, 127.93, 120.25, 91.07, 138.5
2024-11-07, 16:11:38, 136.5, 58.25, 23.0, 22.05, 9999.0, 9.66, 10.0, 21.75, 9999.0, 24.18, 9999.0, 117.57, 127.91, 120.25, 91.07, 138.5
2024-11-07, 16:11:42, 136.5, 58.25, 23.0, 22.05, 9999.0, 9.68, 10.0, 21.75, 9999.0, 24.16, 9999.0, 117.57, 127.93, 120.25, 91.05, 138.5
2024-11-07, 16:11:46, 136.5, 58.25, 23.0, 22.05, 9999.0, 9.7, 10.0, 21.75, 9999.0, 24.14, 9999.0, 117.59, 127.93, 120.25, 91.05, 138.5
2024-11-07, 16:11:50, 136.5, 58.25, 23.0, 22.02, 9999.0, 9.73, 10.0, 21.75, 9999.0, 24.11, 9999.0, 117.59, 127.93, 120.25, 91.05, 138.5
2024-11-07, 16:11:54, 136.5, 58.25, 23.0, 22.02, 9999.0, 9.75, 10.0, 21.75, 9999.0, 24.07, 9999.0, 117.64, 127.91, 120.25, 91.05, 138.5
2024-11-07, 16:11:58, 136.5, 58.25, 23.0, 22.02, 9999.0, 9.77, 10.0, 21.75, 9999.0, 24.07, 9999.0, 117.64, 127.89, 120.25, 91.05, 138.5
2024-11-07, 16:12:02, 136.5, 58.25, 23.0, 22.02, 9999.0, 9.8, 10.0, 21.75, 9999.0, 24.07, 9999.0, 117.66, 127.89, 120.25, 91.05, 138.5
2024-11-07, 16:12:06, 136.5, 58.25, 23.0, 22.02, 9999.0, 9.77, 10.0, 21.75, 9999.0, 24.07, 9999.0, 117.68, 127.89, 120.25, 91.05, 138.5
2024-11-07, 16:12:10, 136.5, 58.25, 23.0, 22.02, 9999.0, 9.75, 10.0, 21.75, 9999.0, 24.09, 9999.0, 117.7, 127.91, 120.25, 91.07, 138.5
2024-11-07, 16:12:14, 136.5, 58.25, 23.0, 22.02, 9999.0, 9.73, 10.0, 21.75, 9999.0, 24.11, 9999.0, 117.73, 127.91, 120.25, 91.05, 138.5
2024-11-07, 16:12:18, 136.5, 58.25, 23.0, 22.05, 9999.0, 9.68, 10.0, 21.75, 9999.0, 24.14, 9999.0, 117.75, 127.93, 120.25, 91.07, 138.5
2024-11-07, 16:12:22, 136.5, 58.25, 23.0, 22.07, 9999.0, 9.64, 10.0, 21.75, 9999.0, 24.16, 9999.0, 117.77, 127.95, 120.25, 91.09, 138.5
2024-11-07, 16:12:26, 136.5, 58.25, 23.0, 22.07, 9999.0, 9.61, 10.0, 21.75, 9999.0, 24.18, 9999.0, 117.77, 127.95, 120.25, 91.09, 138.5
2024-11-07, 16:12:30, 136.5, 58.25, 23.0, 22.05, 9999.0, 9.59, 10.0, 21.75, 9999.0, 24.2, 9999.0, 117.75, 127.95, 120.25, 91.09, 138.5
2024-11-07, 16:12:34, 136.5, 58.25, 23.0, 22.05, 9999.0, 9.57, 10.0, 21.75, 9999.0, 24.2, 9999.0, 117.73, 127.93, 120.25, 91.09, 138.5
2024-11-07, 16:12:38, 136.5, 58.25, 23.0, 22.05, 9999.0, 9.55, 10.0, 21.75, 9999.0, 24.23, 9999.0, 117.68, 127.93, 120.25, 91.09, 138.5
2024-11-07, 16:12:42, 136.5, 58.25, 23.0, 22.05, 9999.0, 9.52, 10.0, 21.75, 9999.0, 24.2, 9999.0, 117.66, 127.93, 120.25, 91.09, 138.5
2024-11-07, 16:12:46, 136.5, 58.25, 23.0, 22.05, 9999.0, 9.52, 10.0, 21.75, 9999.0, 24.2, 9999.0, 117.64, 127.93, 120.25, 91.09, 138.5
2024-11-07, 16:12:50, 136.5, 58.25, 23.0, 22.05, 9999.0, 9.55, 10.0, 21.75, 9999.0, 24.2, 9999.0, 117.59, 127.93, 120.25, 91.09, 138.5
2024-11-07, 16:12:54, 136.5, 58.25, 23.0, 22.05, 9999.0, 9.59, 10.0, 21.75, 9999.0, 24.18, 9999.0, 117.57, 127.91, 120.25, 91.07, 138.5
2024-11-07, 16:12:58, 136.5, 58.25, 23.0, 22.05, 9999.0, 9.61, 10.0, 21.75, 9999.0, 24.16, 9999.0, 117.55, 127.89, 120.25, 91.07, 138.5
2024-11-07, 16:13:02, 136.5, 58.25, 23.0, 22.05, 9999.0, 9.64, 10.0, 21.75, 9999.0, 24.14, 9999.0, 117.55, 127.86, 120.25, 91.05, 138.5
2024-11-07, 16:13:06, 136.5, 58.25, 22.98, 22.02, 9999.0, 9.66, 10.0, 21.75, 9999.0, 24.11, 9999.0, 117.55, 127.84, 120.25, 91.05, 138.5
2024-11-07, 16:13:10, 136.5, 58.25, 22.95, 22.02, 9999.0, 9.68, 10.0, 21.75, 9999.0, 24.09, 9999.0, 117.55, 127.84, 120.25, 91.05, 138.5
2024-11-07, 16:13:14, 136.5, 58.25, 22.93, 22.02, 9999.0, 9.7, 10.0, 21.75, 9999.0, 24.07, 9999.0, 117.57, 127.82, 120.25, 91.07, 138.5
2024-11-07, 16:13:18, 136.5, 58.25, 22.93, 22.05, 9999.0, 9.73, 10.0, 21.75, 9999.0, 24.09, 9999.0, 117.59, 127.82, 120.25, 91.05, 138.5
2024-11-07, 16:13:22, 136.5, 58.25, 22.93, 22.05, 9999.0, 9.75, 10.0, 21.75, 9999.0, 24.09, 9999.0, 117.61, 127.82, 120.25, 91.05, 138.5
2024-11-07, 16:13:26, 136.5, 58.25, 22.91, 22.05, 9999.0, 9.75, 10.0, 21.75, 9999.0, 24.11, 9999.0, 117.64, 127.84, 120.25, 91.05, 138.5
2024-11-07, 16:13:30, 136.5, 58.25, 22.91, 22.05, 9999.0, 9.75, 10.0, 21.73, 9999.0, 24.11, 9999.0, 117.66, 127.84, 120.25, 91.05, 138.5
2024-11-07, 16:13:34, 136.5, 58.25, 22.91, 22.05, 9999.0, 9.73, 10.0, 21.73, 9999.0, 24.11, 9999.0, 117.7, 127.84, 120.25, 91.07, 138.5
2024-11-07, 16:13:38, 136.5, 58.25, 22.91, 22.05, 9999.0, 9.68, 9.98, 21.73, 9999.0, 24.14, 9999.0, 117.7, 127.86, 120.25, 91.07, 138.5
2024-11-07, 16:13:42, 136.5, 58.25, 22.91, 22.05, 9999.0, 9.66, 9.98, 21.73, 9999.0, 24.16, 9999.0, 117.7, 127.89, 120.25, 91.09, 138.5
2024-11-07, 16:13:46, 136.5, 58.25, 22.91, 22.02, 9999.0, 9.64, 9.98, 21.73, 9999.0, 24.18, 9999.0, 117.68, 127.89, 120.25, 91.09, 138.5
2024-11-07, 16:13:50, 136.5, 58.25, 22.93, 22.02, 9999.0, 9.61, 9.98, 21.73, 9999.0, 24.2, 9999.0, 117.66, 127.91, 120.25, 91.09, 138.5
2024-11-07, 16:13:54, 136.5, 58.25, 22.93, 22.02, 9999.0, 9.59, 9.98, 21.73, 9999.0, 24.23, 9999.0, 117.64, 127.91, 120.25, 91.09, 138.5
2024-11-07, 16:13:58, 136.5, 58.25, 22.95, 22.02, 9999.0, 9.57, 9.98, 21.73, 9999.0, 24.25, 9999.0, 117.61, 127.91, 120.25, 91.07, 138.5
2024-11-07, 16:14:03, 136.5, 58.25, 22.95, 22.0, 9999.0, 9.55, 9.98, 21.73, 9999.0, 24.25, 9999.0, 117.59, 127.93, 120.25, 91.07, 138.5
2024-11-07, 16:14:07, 136.5, 58.25, 22.95, 22.0, 9999.0, 9.52, 9.98, 21.73, 9999.0, 24.23, 9999.0, 117.57, 127.95, 120.25, 91.09, 138.5
2024-11-07, 16:14:11, 136.5, 58.25, 22.98, 22.0, 9999.0, 9.55, 9.98, 21.73, 9999.0, 24.2, 9999.0, 117.55, 127.93, 120.25, 91.09, 138.5
2024-11-07, 16:14:15, 136.5, 58.25, 22.98, 22.0, 9999.0, 9.57, 9.98, 21.75, 9999.0, 24.18, 9999.0, 117.52, 127.93, 120.23, 91.09, 138.5
2024-11-07, 16:14:19, 136.5, 58.25, 22.98, 22.0, 9999.0, 9.59, 9.98, 21.75, 9999.0, 24.16, 9999.0, 117.52, 127.93, 120.23, 91.09, 138.5
2024-11-07, 16:14:23, 136.5, 58.25, 22.98, 22.0, 9999.0, 9.61, 10.0, 21.75, 9999.0, 24.14, 9999.0, 117.52, 127.91, 120.23, 91.09, 138.5
2024-11-07, 16:14:27, 136.5, 58.25, 22.98, 22.0, 9999.0, 9.64, 10.0, 21.75, 9999.0, 24.11, 9999.0, 117.55, 127.89, 120.23, 91.07, 138.5
2024-11-07, 16:14:31, 136.5, 58.25, 22.95, 22.0, 9999.0, 9.66, 10.0, 21.73, 9999.0, 24.09, 9999.0, 117.57, 127.91, 120.23, 91.09, 138.5
2024-11-07, 16:14:35, 136.5, 58.25, 22.95, 22.0, 9999.0, 9.68, 10.0, 21.73, 9999.0, 24.07, 9999.0, 117.59, 127.91, 120.23, 91.07, 138.5
2024-11-07, 16:14:39, 136.5, 58.25, 22.98, 22.02, 9999.0, 9.68, 10.0, 21.73, 9999.0, 24.07, 9999.0, 117.61, 127.91, 120.23, 91.07, 138.5
2024-11-07, 16:14:43, 136.5, 58.25, 22.98, 22.02, 9999.0, 9.7, 10.0, 21.73, 9999.0, 24.05, 9999.0, 117.64, 127.91, 120.23, 91.07, 138.5
2024-11-07, 16:14:47, 136.5, 58.25, 22.98, 22.02, 9999.0, 9.73, 10.0, 21.73, 9999.0, 24.05, 9999.0, 117.66, 127.91, 120.23, 91.07, 138.5
2024-11-07, 16:14:51, 136.5, 58.25, 22.98, 22.02, 9999.0, 9.73, 10.0, 21.73, 9999.0, 24.09, 9999.0, 117.68, 127.89, 120.23, 91.05, 138.5
2024-11-07, 16:14:55, 136.5, 58.25, 22.98, 22.02, 9999.0, 9.7, 10.0, 21.73, 9999.0, 24.11, 9999.0, 117.68, 127.91, 120.23, 91.05, 138.5
2024-11-07, 16:14:59, 136.5, 58.25, 22.98, 22.05, 9999.0, 9.66, 10.0, 21.73, 9999.0, 24.14, 9999.0, 117.68, 127.91, 120.25, 91.07, 138.5
2024-11-07, 16:15:03, 136.5, 58.25, 22.95, 22.07, 9999.0, 9.64, 10.0, 21.73, 9999.0, 24.16, 9999.0, 117.66, 127.91, 120.25, 91.05, 138.5
2024-11-07, 16:15:07, 136.5, 58.25, 22.95, 22.09, 9999.0, 9.61, 10.0, 21.73, 9999.0, 24.18, 9999.0, 117.66, 127.93, 120.25, 91.07, 138.5
2024-11-07, 16:15:11, 136.5, 58.25, 22.95, 22.09, 9999.0, 9.59, 10.0, 21.73, 9999.0, 24.18, 9999.0, 117.64, 127.95, 120.25, 91.09, 138.5
2024-11-07, 16:15:15, 136.5, 58.25, 22.98, 22.11, 9999.0, 9.57, 10.0, 21.75, 9999.0, 24.18, 9999.0, 117.61, 127.95, 120.25, 91.09, 138.5
2024-11-07, 16:15:19, 136.5, 58.25, 22.98, 22.14, 9999.0, 9.55, 10.0, 21.75, 9999.0, 24.18, 9999.0, 117.59, 127.95, 120.25, 91.09, 138.5
2024-11-07, 16:15:23, 136.5, 58.25, 22.95, 22.11, 9999.0, 9.55, 10.0, 21.75, 9999.0, 24.16, 9999.0, 117.57, 127.93, 120.25, 91.09, 138.5
2024-11-07, 16:15:27, 136.5, 58.25, 22.95, 22.11, 9999.0, 9.55, 10.0, 21.75, 9999.0, 24.16, 9999.0, 117.55, 127.93, 120.25, 91.09, 138.5
2024-11-07, 16:15:31, 136.5, 58.25, 22.95, 22.11, 9999.0, 9.55, 10.0, 21.75, 9999.0, 24.14, 9999.0, 117.52, 127.91, 120.25, 91.09, 138.5
2024-11-07, 16:15:35, 136.5, 58.25, 22.95, 22.11, 9999.0, 9.57, 10.0, 21.75, 9999.0, 24.09, 9999.0, 117.5, 127.91, 120.25, 91.11, 138.5
2024-11-07, 16:15:39, 136.5, 58.25, 22.95, 22.11, 9999.0, 9.59, 10.0, 21.75, 9999.0, 24.07, 9999.0, 117.5, 127.91, 120.25, 91.11, 138.5
2024-11-07, 16:15:43, 136.5, 58.25, 22.95, 22.11, 9999.0, 9.61, 10.0, 21.75, 9999.0, 24.05, 9999.0, 117.5, 127.89, 120.25, 91.09, 138.5
2024-11-07, 16:15:47, 136.5, 58.25, 22.98, 22.09, 9999.0, 9.64, 10.0, 21.75, 9999.0, 24.02, 9999.0, 117.52, 127.86, 120.25, 91.09, 138.5
2024-11-07, 16:15:51, 136.5, 58.25, 22.95, 22.07, 9999.0, 9.66, 10.0, 21.75, 9999.0, 24.0, 9999.0, 117.57, 127.86, 120.25, 91.07, 138.5
2024-11-07, 16:15:55, 136.5, 58.25, 22.95, 22.09, 9999.0, 9.68, 10.0, 21.75, 9999.0, 24.0, 9999.0, 117.59, 127.86, 120.25, 91.07, 138.5
2024-11-07, 16:15:59, 136.5, 58.25, 22.95, 22.07, 9999.0, 9.68, 10.0, 21.75, 9999.0, 24.0, 9999.0, 117.61, 127.86, 120.25, 91.07, 138.5
2024-11-07, 16:16:03, 136.5, 58.25, 22.95, 22.05, 9999.0, 9.7, 10.0, 21.75, 9999.0, 24.0, 9999.0, 117.64, 127.86, 120.25, 91.07, 138.5
2024-11-07, 16:16:07, 136.5, 58.25, 22.98, 22.05, 9999.0, 9.73, 10.0, 21.75, 9999.0, 24.02, 9999.0, 117.66, 127.89, 120.25, 91.09, 138.5
2024-11-07, 16:16:11, 136.5, 58.25, 22.98, 22.05, 9999.0, 9.7, 10.0, 21.75, 9999.0, 24.05, 9999.0, 117.68, 127.91, 120.25, 91.11, 138.5
2024-11-07, 16:16:15, 136.5, 58.25, 22.98, 22.05, 9999.0, 9.68, 10.0, 21.75, 9999.0, 24.07, 9999.0, 117.7, 127.93, 120.25, 91.14, 138.5
2024-11-07, 16:16:19, 136.5, 58.25, 22.98, 22.05, 9999.0, 9.66, 10.0, 21.75, 9999.0, 24.09, 9999.0, 117.7, 127.95, 120.25, 91.11, 138.5
2024-11-07, 16:16:23, 136.5, 58.25, 22.95, 22.05, 9999.0, 9.64, 10.0, 21.75, 9999.0, 24.11, 9999.0, 117.73, 127.95, 120.25, 91.14, 138.5
2024-11-07, 16:16:27, 136.5, 58.25, 22.95, 22.02, 9999.0, 9.61, 10.0, 21.75, 9999.0, 24.11, 9999.0, 117.73, 127.98, 120.25, 91.14, 138.5
2024-11-07, 16:16:31, 136.5, 58.25, 22.95, 22.02, 9999.0, 9.59, 10.0, 21.75, 9999.0, 24.11, 9999.0, 117.7, 128.0, 120.25, 91.16, 138.5
2024-11-07, 16:16:35, 136.5, 58.25, 22.98, 22.02, 9999.0, 9.57, 10.0, 21.75, 9999.0, 24.11, 9999.0, 117.66, 128.0, 120.25, 91.18, 138.5
2024-11-07, 16:16:39, 136.5, 58.25, 22.98, 22.0, 9999.0, 9.55, 9.98, 21.75, 9999.0, 24.11, 9999.0, 117.64, 128.0, 120.25, 91.18, 138.5
2024-11-07, 16:16:43, 136.5, 58.25, 22.98, 22.0, 9999.0, 9.57, 9.98, 21.75, 9999.0, 24.11, 9999.0, 117.61, 128.0, 120.25, 91.18, 138.5
2024-11-07, 16:16:47, 136.5, 58.25, 22.98, 22.0, 9999.0, 9.57, 9.98, 21.75, 9999.0, 24.11, 9999.0, 117.59, 128.0, 120.25, 91.2, 138.5
2024-11-07, 16:16:51, 136.5, 58.25, 22.98, 22.0, 9999.0, 9.59, 9.98, 21.75, 9999.0, 24.09, 9999.0, 117.57, 128.0, 120.23, 91.18, 138.5
2024-11-07, 16:16:55, 136.5, 58.25, 22.98, 22.0, 9999.0, 9.61, 9.98, 21.75, 9999.0, 24.07, 9999.0, 117.55, 128.0, 120.23, 91.16, 138.5
2024-11-07, 16:16:59, 136.5, 58.25, 22.98, 22.0, 9999.0, 9.64, 9.98, 21.75, 9999.0, 24.05, 9999.0, 117.55, 127.98, 120.23, 91.14, 138.5
2024-11-07, 16:17:03, 136.5, 58.25, 22.98, 22.0, 9999.0, 9.66, 9.98, 21.75, 9999.0, 24.02, 9999.0, 117.57, 127.95, 120.23, 91.14, 138.5
2024-11-07, 16:17:07, 136.5, 58.25, 23.0, 22.0, 9999.0, 9.68, 9.98, 21.75, 9999.0, 24.0, 9999.0, 117.57, 127.95, 120.23, 91.14, 138.5
2024-11-07, 16:17:11, 136.5, 58.25, 23.0, 22.0, 9999.0, 9.7, 9.98, 21.75, 9999.0, 24.0, 9999.0, 117.59, 127.95, 120.23, 91.16, 138.5
2024-11-07, 16:17:15, 136.5, 58.25, 23.0, 22.0, 9999.0, 9.73, 9.98, 21.73, 9999.0, 23.98, 9999.0, 117.61, 127.95, 120.23, 91.16, 138.5
2024-11-07, 16:17:19, 136.5, 58.25, 22.98, 22.0, 9999.0, 9.73, 9.98, 21.73, 9999.0, 24.0, 9999.0, 117.64, 127.95, 120.23, 91.14, 138.5
2024-11-07, 16:17:23, 136.5, 58.25, 22.98, 22.0, 9999.0, 9.75, 10.0, 21.7, 9999.0, 24.0, 9999.0, 117.66, 127.95, 120.23, 91.11, 138.5
2024-11-07, 16:17:27, 136.5, 58.25, 22.95, 22.0, 9999.0, 9.75, 10.0, 21.7, 9999.0, 24.0, 9999.0, 117.68, 127.95, 120.23, 91.11, 138.5
2024-11-07, 16:17:31, 136.5, 58.25, 22.95, 22.0, 9999.0, 9.75, 10.0, 21.7, 9999.0, 24.02, 9999.0, 117.7, 127.95, 120.23, 91.11, 138.5
2024-11-07, 16:17:36, 136.5, 58.25, 22.95, 22.0, 9999.0, 9.7, 10.0, 21.7, 9999.0, 24.02, 9999.0, 117.73, 127.95, 120.25, 91.14, 138.5
2024-11-07, 16:17:40, 136.5, 58.25, 22.95, 22.0, 9999.0, 9.68, 10.0, 21.7, 9999.0, 24.02, 9999.0, 117.75, 127.95, 120.25, 91.16, 138.5
2024-11-07, 16:17:44, 136.5, 58.25, 22.95, 22.0, 9999.0, 9.66, 10.0, 21.7, 9999.0, 24.02, 9999.0, 117.75, 127.98, 120.25, 91.18, 138.5
2024-11-07, 16:17:48, 136.5, 58.25, 22.95, 22.0, 9999.0, 9.64, 10.0, 21.7, 9999.0, 24.02, 9999.0, 117.73, 128.0, 120.25, 91.18, 138.5
2024-11-07, 16:17:52, 136.5, 58.25, 22.95, 22.0, 9999.0, 9.61, 10.0, 21.7, 9999.0, 24.0, 9999.0, 117.7, 128.0, 120.25, 91.18, 138.5
2024-11-07, 16:17:56, 136.5, 58.25, 22.93, 22.0, 9999.0, 9.59, 10.0, 21.7, 9999.0, 23.98, 9999.0, 117.68, 128.0, 120.25, 91.18, 138.5
2024-11-07, 16:18:00, 136.5, 58.25, 22.93, 22.0, 9999.0, 9.59, 10.0, 21.73, 9999.0, 23.98, 9999.0, 117.66, 127.98, 120.25, 91.18, 138.5
2024-11-07, 16:18:04, 136.5, 58.25, 22.95, 22.0, 9999.0, 9.61, 10.0, 21.73, 9999.0, 23.93, 9999.0, 117.64, 127.98, 120.23, 91.18, 138.5
2024-11-07, 16:18:08, 136.5, 58.25, 22.95, 22.0, 9999.0, 9.61, 10.0, 21.75, 9999.0, 23.91, 9999.0, 117.61, 127.98, 120.23, 91.2, 138.5
2024-11-07, 16:18:12, 136.5, 58.25, 22.98, 22.0, 9999.0, 9.64, 10.0, 21.75, 9999.0, 23.89, 9999.0, 117.59, 127.95, 120.23, 91.18, 138.5
2024-11-07, 16:18:16, 136.5, 58.25, 22.98, 22.0, 9999.0, 9.64, 10.0, 21.75, 9999.0, 23.86, 9999.0, 117.57, 127.93, 120.23, 91.18, 138.5
2024-11-07, 16:18:20, 136.5, 58.25, 22.98, 22.0, 9999.0, 9.66, 10.0, 21.75, 9999.0, 23.84, 9999.0, 117.57, 127.93, 120.23, 91.18, 138.5
2024-11-07, 16:18:24, 136.5, 58.25, 22.98, 22.0, 9999.0, 9.68, 10.0, 21.75, 9999.0, 23.82, 9999.0, 117.57, 127.91, 120.23, 91.18, 138.5
2024-11-07, 16:18:28, 136.5, 58.25, 22.98, 22.02, 9999.0, 9.7, 10.0, 21.75, 9999.0, 23.8, 9999.0, 117.59, 127.91, 120.23, 91.16, 138.5
2024-11-07, 16:18:32, 136.5, 58.25, 22.98, 22.02, 9999.0, 9.73, 10.0, 21.75, 9999.0, 23.77, 9999.0, 117.64, 127.91, 120.23, 91.18, 138.5
2024-11-07, 16:18:36, 136.5, 58.25, 22.95, 22.05, 9999.0, 9.75, 10.0, 21.75, 9999.0, 23.77, 9999.0, 117.68, 127.91, 120.23, 91.16, 138.5
2024-11-07, 16:18:40, 136.5, 58.25, 22.98, 22.05, 9999.0, 9.77, 10.0, 21.75, 9999.0, 23.77, 9999.0, 117.7, 127.89, 120.23, 91.16, 138.5
2024-11-07, 16:18:44, 136.5, 58.25, 22.98, 22.05, 9999.0, 9.77, 10.0, 21.75, 9999.0, 23.77, 9999.0, 117.73, 127.91, 120.23, 91.16, 138.5
2024-11-07, 16:18:48, 136.5, 58.25, 22.98, 22.05, 9999.0, 9.77, 10.0, 21.75, 9999.0, 23.77, 9999.0, 117.75, 127.91, 120.25, 91.18, 138.5
2024-11-07, 16:18:52, 136.5, 58.25, 22.98, 22.05, 9999.0, 9.77, 10.0, 21.75, 9999.0, 23.8, 9999.0, 117.77, 127.91, 120.25, 91.18, 138.5
2024-11-07, 16:18:56, 136.5, 58.25, 22.98, 22.05, 9999.0, 9.73, 10.0, 21.75, 9999.0, 23.82, 9999.0, 117.8, 127.93, 120.25, 91.2, 138.5
2024-11-07, 16:19:00, 136.5, 58.25, 22.98, 22.07, 9999.0, 9.7, 10.0, 21.75, 9999.0, 23.82, 9999.0, 117.82, 127.95, 120.25, 91.2, 138.52
2024-11-07, 16:19:04, 136.5, 58.25, 22.98, 22.09, 9999.0, 9.68, 10.0, 21.75, 9999.0, 23.84, 9999.0, 117.8, 127.95, 120.25, 91.18, 138.52
2024-11-07, 16:19:08, 136.5, 58.25, 22.98, 22.11, 9999.0, 9.66, 10.0, 21.75, 9999.0, 23.86, 9999.0, 117.77, 127.98, 120.25, 91.18, 138.52
2024-11-07, 16:19:12, 136.5, 58.25, 22.98, 22.09, 9999.0, 9.64, 10.0, 21.75, 9999.0, 23.86, 9999.0, 117.73, 127.98, 120.25, 91.18, 138.52
2024-11-07, 16:19:16, 136.5, 58.25, 22.98, 22.09, 9999.0, 9.61, 10.0, 21.75, 9999.0, 23.86, 9999.0, 117.68, 127.95, 120.25, 91.18, 138.52
2024-11-07, 16:19:20, 136.5, 58.25, 23.0, 22.07, 9999.0, 9.61, 10.0, 21.75, 9999.0, 23.86, 9999.0, 117.64, 127.95, 120.25, 91.2, 138.52
2024-11-07, 16:19:24, 136.5, 58.25, 23.0, 22.07, 9999.0, 9.61, 10.0, 21.75, 9999.0, 23.86, 9999.0, 117.61, 127.98, 120.25, 91.2, 138.52
2024-11-07, 16:19:28, 136.5, 58.25, 23.0, 22.07, 9999.0, 9.61, 10.0, 21.75, 9999.0, 23.86, 9999.0, 117.59, 127.98, 120.25, 91.2, 138.55
2024-11-07, 16:19:32, 136.5, 58.25, 23.0, 22.07, 9999.0, 9.64, 10.0, 21.75, 9999.0, 23.86, 9999.0, 117.57, 127.98, 120.25, 91.2, 138.55
2024-11-07, 16:19:36, 136.5, 58.25, 23.0, 22.09, 9999.0, 9.66, 10.0, 21.75, 9999.0, 23.82, 9999.0, 117.55, 127.98, 120.25, 91.2, 138.55
2024-11-07, 16:19:40, 136.5, 58.25, 23.0, 22.09, 9999.0, 9.68, 10.0, 21.75, 9999.0, 23.77, 9999.0, 117.55, 127.95, 120.25, 91.2, 138.55
2024-11-07, 16:19:44, 136.5, 58.25, 23.0, 22.07, 9999.0, 9.7, 10.0, 21.75, 9999.0, 23.73, 9999.0, 117.55, 127.95, 120.25, 91.2, 138.52
2024-11-07, 16:19:48, 136.5, 58.25, 23.0, 22.05, 9999.0, 9.73, 10.0, 21.75, 9999.0, 23.7, 9999.0, 117.57, 127.95, 120.25, 91.23, 138.52
2024-11-07, 16:19:52, 136.5, 58.25, 23.0, 22.05, 9999.0, 9.75, 10.0, 21.75, 9999.0, 23.66, 9999.0, 117.59, 127.95, 120.25, 91.23, 138.55
2024-11-07, 16:19:56, 136.5, 58.25, 23.0, 22.05, 9999.0, 9.77, 10.0, 21.75, 9999.0, 23.64, 9999.0, 117.64, 127.95, 120.25, 91.25, 138.55
2024-11-07, 16:20:00, 136.5, 58.25, 23.0, 22.07, 9999.0, 9.77, 10.0, 21.75, 9999.0, 23.64, 9999.0, 117.66, 127.95, 120.25, 91.25, 138.55
2024-11-07, 16:20:04, 136.5, 58.25, 22.98, 22.07, 9999.0, 9.77, 10.0, 21.75, 9999.0, 23.64, 9999.0, 117.68, 127.95, 120.25, 91.25, 138.55
2024-11-07, 16:20:08, 136.5, 58.25, 22.98, 22.07, 9999.0, 9.75, 10.0, 21.75, 9999.0, 23.64, 9999.0, 117.7, 127.95, 120.25, 91.25, 138.55
2024-11-07, 16:20:12, 136.5, 58.25, 22.98, 22.07, 9999.0, 9.75, 10.0, 21.75, 9999.0, 23.66, 9999.0, 117.73, 127.95, 120.25, 91.25, 138.52
2024-11-07, 16:20:16, 136.5, 58.25, 22.98, 22.07, 9999.0, 9.7, 10.0, 21.75, 9999.0, 23.66, 9999.0, 117.75, 127.95, 120.25, 91.25, 138.55
2024-11-07, 16:20:29, 136.5, 58.25, 22.98, 22.05, 9999.0, 9.66, 10.0, 21.75, 9999.0, 23.7, 9999.0, 117.77, 127.95, 120.25, 91.23, 138.55
2024-11-07, 16:20:33, 136.5, 58.25, 22.98, 22.05, 9999.0, 9.64, 10.0, 21.75, 9999.0, 23.75, 9999.0, 117.75, 127.98, 120.25, 91.23, 138.55
2024-11-07, 16:20:37, 136.5, 58.25, 22.98, 22.05, 9999.0, 9.61, 10.0, 21.75, 9999.0, 23.77, 9999.0, 117.73, 127.98, 120.25, 91.2, 138.55
2024-11-07, 16:20:41, 136.5, 58.25, 22.98, 22.07, 9999.0, 9.59, 10.0, 21.75, 9999.0, 23.77, 9999.0, 117.73, 127.98, 120.25, 91.2, 138.55
2024-11-07, 16:20:45, 136.5, 58.25, 22.98, 22.05, 9999.0, 9.57, 10.0, 21.75, 9999.0, 23.8, 9999.0, 117.7, 127.98, 120.25, 91.2, 138.52
2024-11-07, 16:20:49, 136.5, 58.25, 22.98, 22.07, 9999.0, 9.57, 10.0, 21.75, 9999.0, 23.84, 9999.0, 117.68, 127.98, 120.25, 91.2, 138.52
2024-11-07, 16:20:53, 136.5, 58.25, 22.98, 22.07, 9999.0, 9.59, 10.0, 21.75, 9999.0, 23.84, 9999.0, 117.66, 128.0, 120.25, 91.2, 138.52
2024-11-07, 16:20:57, 136.5, 58.25, 23.0, 22.09, 9999.0, 9.59, 10.0, 21.75, 9999.0, 23.84, 9999.0, 117.64, 128.0, 120.25, 91.2, 138.52
2024-11-07, 16:21:01, 136.5, 58.25, 23.0, 22.11, 9999.0, 9.64, 10.0, 21.75, 9999.0, 23.86, 9999.0, 117.61, 128.0, 120.25, 91.2, 138.52
2024-11-07, 16:21:05, 136.5, 58.25, 23.0, 22.11, 9999.0, 9.64, 10.0, 21.75, 9999.0, 23.84, 9999.0, 117.59, 128.0, 120.25, 91.2, 138.52
2024-11-07, 16:21:09, 136.5, 58.25, 23.0, 22.11, 9999.0, 9.66, 10.0, 21.75, 9999.0, 23.84, 9999.0, 117.59, 128.0, 120.25, 91.2, 138.5
2024-11-07, 16:21:13, 136.5, 58.25, 23.0, 22.14, 9999.0, 9.68, 10.0, 21.75, 9999.0, 23.82, 9999.0, 117.59, 128.0, 120.25, 91.23, 138.5
2024-11-07, 16:21:17, 136.5, 58.25, 23.0, 22.14, 9999.0, 9.7, 10.0, 21.75, 9999.0, 23.8, 9999.0, 117.61, 128.0, 120.25, 91.23, 138.5
2024-11-07, 16:21:21, 136.5, 58.25, 23.0, 22.14, 9999.0, 9.73, 10.02, 21.75, 9999.0, 23.8, 9999.0, 117.66, 128.0, 120.25, 91.25, 138.5
2024-11-07, 16:21:25, 136.5, 58.25, 23.0, 22.11, 9999.0, 9.75, 10.02, 21.75, 9999.0, 23.8, 9999.0, 117.68, 128.0, 120.25, 91.25, 138.5
2024-11-07, 16:21:29, 136.5, 58.25, 23.0, 22.14, 9999.0, 9.77, 10.02, 21.75, 9999.0, 23.82, 9999.0, 117.7, 128.0, 120.25, 91.23, 138.5
2024-11-07, 16:21:33, 136.5, 58.25, 23.0, 22.14, 9999.0, 9.77, 10.02, 21.75, 9999.0, 23.82, 9999.0, 117.7, 128.0, 120.25, 91.23, 138.5
2024-11-07, 16:21:37, 136.5, 58.25, 23.0, 22.14, 9999.0, 9.77, 10.02, 21.75, 9999.0, 23.84, 9999.0, 117.73, 128.0, 120.25, 91.23, 138.5
2024-11-07, 16:21:41, 136.5, 58.25, 23.0, 22.11, 9999.0, 9.75, 10.02, 21.75, 9999.0, 23.89, 9999.0, 117.75, 128.0, 120.25, 91.23, 138.5
2024-11-07, 16:21:45, 136.5, 58.25, 23.0, 22.11, 9999.0, 9.7, 10.02, 21.75, 9999.0, 23.89, 9999.0, 117.77, 128.0, 120.25, 91.23, 138.5
2024-11-07, 16:21:49, 136.5, 58.25, 23.0, 22.11, 9999.0, 9.68, 10.02, 21.75, 9999.0, 23.91, 9999.0, 117.8, 128.0, 120.25, 91.2, 138.52
2024-11-07, 16:21:53, 136.5, 58.25, 23.0, 22.14, 9999.0, 9.66, 10.02, 21.75, 9999.0, 23.93, 9999.0, 117.8, 128.0, 120.25, 91.2, 138.52
2024-11-07, 16:21:57, 136.5, 58.25, 23.0, 22.14, 9999.0, 9.64, 10.02, 21.75, 9999.0, 23.95, 9999.0, 117.8, 128.0, 120.25, 91.2, 138.52
2024-11-07, 16:22:01, 136.5, 58.25, 23.0, 22.14, 9999.0, 9.61, 10.02, 21.75, 9999.0, 23.98, 9999.0, 117.8, 128.0, 120.25, 91.2, 138.52
2024-11-07, 16:22:05, 136.5, 58.25, 23.0, 22.16, 9999.0, 9.59, 10.0, 21.75, 9999.0, 24.0, 9999.0, 117.75, 128.0, 120.25, 91.2, 138.52
2024-11-07, 16:22:09, 136.5, 58.25, 23.0, 22.16, 9999.0, 9.59, 10.0, 21.75, 9999.0, 24.0, 9999.0, 117.7, 128.0, 120.25, 91.2, 138.52
2024-11-07, 16:22:13, 136.5, 58.25, 23.0, 22.14, 9999.0, 9.59, 10.0, 21.75, 9999.0, 24.0, 9999.0, 117.68, 128.0, 120.25, 91.23, 138.55
2024-11-07, 16:22:17, 136.5, 58.25, 23.0, 22.14, 9999.0, 9.59, 10.0, 21.75, 9999.0, 24.0, 9999.0, 117.66, 127.98, 120.25, 91.2, 138.57
2024-11-07, 16:22:21, 136.5, 58.25, 23.0, 22.11, 9999.0, 9.61, 10.0, 21.75, 9999.0, 24.0, 9999.0, 117.64, 127.98, 120.25, 91.2, 138.57
2024-11-07, 16:22:25, 136.5, 58.25, 23.0, 22.14, 9999.0, 9.64, 10.0, 21.75, 9999.0, 23.98, 9999.0, 117.64, 127.95, 120.25, 91.2, 138.57
2024-11-07, 16:22:29, 136.5, 58.25, 23.0, 22.14, 9999.0, 9.66, 10.0, 21.75, 9999.0, 23.95, 9999.0, 117.64, 127.95, 120.25, 91.18, 138.57
2024-11-07, 16:22:33, 136.5, 58.25, 23.0, 22.14, 9999.0, 9.68, 10.0, 21.75, 9999.0, 23.95, 9999.0, 117.64, 127.95, 120.25, 91.2, 138.55
2024-11-07, 16:22:37, 136.5, 58.25, 23.0, 22.14, 9999.0, 9.7, 10.0, 21.75, 9999.0, 23.95, 9999.0, 117.64, 127.95, 120.25, 91.2, 138.57
2024-11-07, 16:22:41, 136.5, 58.25, 23.0, 22.14, 9999.0, 9.73, 10.0, 21.75, 9999.0, 23.93, 9999.0, 117.66, 127.95, 120.25, 91.2, 138.59
2024-11-07, 16:22:45, 136.5, 58.25, 23.0, 22.14, 9999.0, 9.75, 10.0, 21.75, 9999.0, 23.93, 9999.0, 117.68, 127.95, 120.25, 91.2, 138.59
2024-11-07, 16:22:49, 136.5, 58.25, 23.0, 22.11, 9999.0, 9.77, 10.0, 21.75, 9999.0, 23.93, 9999.0, 117.7, 127.95, 120.25, 91.2, 138.59
2024-11-07, 16:22:53, 136.5, 58.25, 23.0, 22.14, 9999.0, 9.77, 10.0, 21.75, 9999.0, 23.95, 9999.0, 117.73, 127.95, 120.25, 91.2, 138.59
2024-11-07, 16:22:57, 136.5, 58.25, 23.0, 22.16, 9999.0, 9.75, 10.0, 21.75, 9999.0, 23.98, 9999.0, 117.75, 127.95, 120.25, 91.2, 138.57
2024-11-07, 16:23:01, 136.5, 58.25, 23.0, 22.16, 9999.0, 9.73, 10.0, 21.75, 9999.0, 24.0, 9999.0, 117.77, 127.98, 120.25, 91.23, 138.55
2024-11-07, 16:23:05, 136.5, 58.25, 23.0, 22.18, 9999.0, 9.68, 10.0, 21.75, 9999.0, 24.02, 9999.0, 117.8, 127.98, 120.25, 91.23, 138.55
2024-11-07, 16:23:10, 136.5, 58.25, 23.0, 22.18, 9999.0, 9.66, 10.0, 21.75, 9999.0, 24.05, 9999.0, 117.8, 128.0, 120.25, 91.23, 138.55
2024-11-07, 16:23:14, 136.5, 58.25, 23.0, 22.18, 9999.0, 9.64, 10.0, 21.75, 9999.0, 24.09, 9999.0, 117.8, 128.0, 120.25, 91.25, 138.55
2024-11-07, 16:23:18, 136.5, 58.25, 23.0, 22.18, 9999.0, 9.61, 10.0, 21.75, 9999.0, 24.09, 9999.0, 117.77, 128.0, 120.25, 91.23, 138.55
2024-11-07, 16:23:22, 136.5, 58.25, 23.0, 22.18, 9999.0, 9.59, 10.0, 21.75, 9999.0, 24.09, 9999.0, 117.75, 128.0, 120.25, 91.23, 138.52
2024-11-07, 16:23:26, 136.5, 58.25, 23.0, 22.16, 9999.0, 9.57, 10.0, 21.75, 9999.0, 24.11, 9999.0, 117.7, 128.0, 120.25, 91.23, 138.5
2024-11-07, 16:23:30, 136.5, 58.25, 23.0, 22.16, 9999.0, 9.57, 10.0, 21.75, 9999.0, 24.11, 9999.0, 117.66, 127.98, 120.25, 91.23, 138.5
2024-11-07, 16:23:34, 136.5, 58.25, 23.0, 22.16, 9999.0, 9.57, 10.0, 21.75, 9999.0, 24.11, 9999.0, 117.64, 127.98, 120.25, 91.23, 138.5
2024-11-07, 16:23:38, 136.5, 58.25, 23.0, 22.16, 9999.0, 9.57, 10.0, 21.75, 9999.0, 24.11, 9999.0, 117.61, 127.95, 120.25, 91.23, 138.5
2024-11-07, 16:23:42, 136.5, 58.25, 23.0, 22.16, 9999.0, 9.61, 10.0, 21.75, 9999.0, 24.09, 9999.0, 117.59, 127.93, 120.25, 91.2, 138.5
2024-11-07, 16:23:46, 136.5, 58.25, 23.0, 22.16, 9999.0, 9.66, 10.0, 21.75, 9999.0, 24.07, 9999.0, 117.59, 127.93, 120.25, 91.18, 138.5
2024-11-07, 16:23:50, 136.5, 58.25, 23.0, 22.16, 9999.0, 9.68, 10.0, 21.75, 9999.0, 24.05, 9999.0, 117.57, 127.91, 120.25, 91.18, 138.5
2024-11-07, 16:23:54, 136.5, 58.25, 23.0, 22.16, 9999.0, 9.7, 10.0, 21.75, 9999.0, 24.02, 9999.0, 117.57, 127.89, 120.25, 91.18, 138.5
2024-11-07, 16:23:58, 136.5, 58.25, 23.0, 22.14, 9999.0, 9.73, 10.0, 21.75, 9999.0, 24.0, 9999.0, 117.59, 127.89, 120.25, 91.18, 138.5
2024-11-07, 16:24:02, 136.5, 58.25, 23.0, 22.16, 9999.0, 9.75, 10.0, 21.75, 9999.0, 24.0, 9999.0, 117.61, 127.89, 120.25, 91.2, 138.5
2024-11-07, 16:24:06, 136.5, 58.25, 23.0, 22.16, 9999.0, 9.77, 10.0, 21.75, 9999.0, 24.02, 9999.0, 117.64, 127.86, 120.25, 91.2, 138.5
2024-11-07, 16:24:10, 136.5, 58.25, 23.0, 22.18, 9999.0, 9.8, 10.0, 21.75, 9999.0, 24.02, 9999.0, 117.66, 127.86, 120.25, 91.2, 138.5
2024-11-07, 16:24:14, 136.5, 58.27, 23.0, 22.18, 9999.0, 9.8, 10.0, 21.75, 9999.0, 24.02, 9999.0, 117.68, 127.86, 120.25, 91.2, 138.5
2024-11-07, 16:24:18, 136.5, 58.27, 23.0, 22.18, 9999.0, 9.8, 10.0, 21.75, 9999.0, 24.02, 9999.0, 117.7, 127.86, 120.25, 91.2, 138.5
2024-11-07, 16:24:22, 136.5, 58.27, 23.0, 22.18, 9999.0, 9.77, 10.0, 21.75, 9999.0, 24.05, 9999.0, 117.73, 127.89, 120.25, 91.2, 138.5
2024-11-07, 16:24:26, 136.5, 58.27, 23.0, 22.18, 9999.0, 9.73, 10.0, 21.75, 9999.0, 24.07, 9999.0, 117.75, 127.91, 120.25, 91.23, 138.5
2024-11-07, 16:24:30, 136.5, 58.27, 23.0, 22.18, 9999.0, 9.68, 10.0, 21.75, 9999.0, 24.09, 9999.0, 117.75, 127.91, 120.25, 91.25, 138.5
2024-11-07, 16:24:34, 136.5, 58.27, 23.0, 22.18, 9999.0, 9.66, 10.0, 21.75, 9999.0, 24.09, 9999.0, 117.77, 127.93, 120.25, 91.25, 138.5
2024-11-07, 16:24:38, 136.5, 58.27, 23.0, 22.18, 9999.0, 9.64, 10.0, 21.75, 9999.0, 24.09, 9999.0, 117.75, 127.93, 120.25, 91.25, 138.5
2024-11-07, 16:24:42, 136.5, 58.27, 23.0, 22.2, 9999.0, 9.61, 10.0, 21.75, 9999.0, 24.09, 9999.0, 117.7, 127.93, 120.25, 91.25, 138.5
2024-11-07, 16:24:46, 136.5, 58.27, 23.0, 22.2, 9999.0, 9.59, 10.0, 21.75, 9999.0, 24.09, 9999.0, 117.68, 127.91, 120.25, 91.23, 138.5
2024-11-07, 16:24:50, 136.5, 58.27, 23.0, 22.2, 9999.0, 9.59, 10.0, 21.75, 9999.0, 24.07, 9999.0, 117.66, 127.93, 120.25, 91.23, 138.5
2024-11-07, 16:24:54, 136.5, 58.27, 23.0, 22.2, 9999.0, 9.59, 10.0, 21.75, 9999.0, 24.07, 9999.0, 117.64, 127.93, 120.25, 91.23, 138.5
2024-11-07, 16:24:58, 136.5, 58.25, 23.0, 22.2, 9999.0, 9.59, 10.0, 21.75, 9999.0, 24.07, 9999.0, 117.61, 127.95, 120.25, 91.23, 138.5
2024-11-07, 16:25:02, 136.5, 58.25, 23.0, 22.2, 9999.0, 9.61, 10.0, 21.75, 9999.0, 24.07, 9999.0, 117.59, 127.93, 120.25, 91.23, 138.5
2024-11-07, 16:25:06, 136.5, 58.25, 23.0, 22.2, 9999.0, 9.64, 10.0, 21.75, 9999.0, 24.05, 9999.0, 117.59, 127.93, 120.25, 91.23, 138.5
2024-11-07, 16:25:10, 136.5, 58.25, 23.0, 22.2, 9999.0, 9.66, 10.0, 21.73, 9999.0, 24.02, 9999.0, 117.59, 127.91, 120.25, 91.23, 138.5
2024-11-07, 16:25:14, 136.5, 58.25, 23.0, 22.2, 9999.0, 9.68, 10.0, 21.73, 9999.0, 24.0, 9999.0, 117.59, 127.89, 120.25, 91.23, 138.5
2024-11-07, 16:25:18, 136.5, 58.25, 23.0, 22.2, 9999.0, 9.7, 10.0, 21.73, 9999.0, 24.0, 9999.0, 117.61, 127.86, 120.25, 91.23, 138.5
2024-11-07, 16:25:22, 136.5, 58.25, 23.0, 22.18, 9999.0, 9.73, 10.0, 21.73, 9999.0, 24.0, 9999.0, 117.64, 127.89, 120.25, 91.23, 138.5
2024-11-07, 16:25:26, 136.5, 58.25, 23.0, 22.18, 9999.0, 9.75, 10.0, 21.73, 9999.0, 24.02, 9999.0, 117.66, 127.89, 120.25, 91.23, 138.5
2024-11-07, 16:25:30, 136.5, 58.25, 23.0, 22.16, 9999.0, 9.77, 10.0, 21.73, 9999.0, 24.05, 9999.0, 117.68, 127.89, 120.25, 91.25, 138.5
2024-11-07, 16:25:34, 136.5, 58.25, 23.0, 22.16, 9999.0, 9.77, 10.0, 21.73, 9999.0, 24.07, 9999.0, 117.7, 127.89, 120.25, 91.23, 138.5
2024-11-07, 16:25:38, 136.5, 58.25, 23.0, 22.16, 9999.0, 9.77, 10.0, 21.73, 9999.0, 24.09, 9999.0, 117.73, 127.89, 120.25, 91.23, 138.5
2024-11-07, 16:25:42, 136.5, 58.25, 23.0, 22.16, 9999.0, 9.75, 10.0, 21.73, 9999.0, 24.11, 9999.0, 117.75, 127.89, 120.25, 91.23, 138.5
2024-11-07, 16:25:46, 136.5, 58.25, 23.0, 22.16, 9999.0, 9.7, 10.0, 21.73, 9999.0, 24.14, 9999.0, 117.77, 127.91, 120.25, 91.23, 138.5
2024-11-07, 16:25:50, 136.5, 58.25, 23.0, 22.14, 9999.0, 9.68, 10.0, 21.73, 9999.0, 24.16, 9999.0, 117.77, 127.91, 120.25, 91.2, 138.5
2024-11-07, 16:25:54, 136.5, 58.25, 23.0, 22.11, 9999.0, 9.66, 10.0, 21.75, 9999.0, 24.18, 9999.0, 117.75, 127.93, 120.25, 91.2, 138.5
2024-11-07, 16:25:58, 136.5, 58.25, 23.0, 22.09, 9999.0, 9.64, 10.0, 21.75, 9999.0, 24.2, 9999.0, 117.73, 127.95, 120.25, 91.2, 138.5
2024-11-07, 16:26:02, 136.5, 58.25, 23.0, 22.07, 9999.0, 9.61, 10.0, 21.75, 9999.0, 24.2, 9999.0, 117.68, 127.98, 120.25, 91.2, 138.5
2024-11-07, 16:26:06, 136.5, 58.25, 23.0, 22.07, 9999.0, 9.59, 10.0, 21.75, 9999.0, 24.23, 9999.0, 117.66, 127.98, 120.25, 91.18, 138.5
2024-11-07, 16:26:10, 136.5, 58.25, 23.0, 22.05, 9999.0, 9.59, 10.0, 21.75, 9999.0, 24.23, 9999.0, 117.64, 127.98, 120.25, 91.16, 138.5
2024-11-07, 16:26:14, 136.5, 58.25, 23.0, 22.05, 9999.0, 9.59, 10.0, 21.75, 9999.0, 24.2, 9999.0, 117.61, 127.98, 120.25, 91.14, 138.5
2024-11-07, 16:26:18, 136.5, 58.25, 23.0, 22.02, 9999.0, 9.59, 10.0, 21.75, 9999.0, 24.2, 9999.0, 117.59, 127.98, 120.23, 91.14, 138.5
2024-11-07, 16:26:22, 136.5, 58.25, 23.0, 22.0, 9999.0, 9.59, 10.0, 21.75, 9999.0, 24.18, 9999.0, 117.57, 127.95, 120.23, 91.11, 138.5
2024-11-07, 16:26:26, 136.5, 58.25, 22.98, 22.02, 9999.0, 9.61, 10.0, 21.75, 9999.0, 24.18, 9999.0, 117.57, 127.95, 120.23, 91.09, 138.5
2024-11-07, 16:26:30, 136.5, 58.25, 22.98, 22.05, 9999.0, 9.64, 10.0, 21.75, 9999.0, 24.16, 9999.0, 117.57, 127.93, 120.23, 91.07, 138.5
2024-11-07, 16:26:34, 136.5, 58.25, 22.98, 22.07, 9999.0, 9.66, 10.0, 21.75, 9999.0, 24.14, 9999.0, 117.57, 127.93, 120.23, 91.07, 138.5
2024-11-07, 16:26:38, 136.5, 58.25, 22.98, 22.07, 9999.0, 9.68, 10.0, 21.75, 9999.0, 24.11, 9999.0, 117.61, 127.93, 120.23, 91.07, 138.5
2024-11-07, 16:26:43, 136.5, 58.25, 22.98, 22.09, 9999.0, 9.7, 10.0, 21.75, 9999.0, 24.09, 9999.0, 117.64, 127.91, 120.23, 91.07, 138.5
2024-11-07, 16:26:47, 136.5, 58.25, 22.98, 22.09, 9999.0, 9.73, 10.0, 21.75, 9999.0, 24.11, 9999.0, 117.66, 127.89, 120.23, 91.07, 138.5
2024-11-07, 16:26:51, 136.5, 58.25, 22.98, 22.11, 9999.0, 9.75, 10.0, 21.75, 9999.0, 24.11, 9999.0, 117.68, 127.89, 120.23, 91.09, 138.5
2024-11-07, 16:26:55, 136.5, 58.25, 22.98, 22.14, 9999.0, 9.73, 10.0, 21.75, 9999.0, 24.11, 9999.0, 117.7, 127.89, 120.23, 91.11, 138.5
2024-11-07, 16:26:59, 136.5, 58.25, 22.98, 22.16, 9999.0, 9.7, 10.0, 21.75, 9999.0, 24.14, 9999.0, 117.73, 127.91, 120.23, 91.14, 138.5
2024-11-07, 16:27:03, 136.5, 58.25, 22.98, 22.16, 9999.0, 9.68, 10.0, 21.75, 9999.0, 24.14, 9999.0, 117.75, 127.91, 120.25, 91.14, 138.5
2024-11-07, 16:27:07, 136.5, 58.25, 22.98, 22.16, 9999.0, 9.66, 10.0, 21.75, 9999.0, 24.16, 9999.0, 117.77, 127.93, 120.23, 91.14, 138.5
2024-11-07, 16:27:11, 136.5, 58.25, 23.0, 22.14, 9999.0, 9.64, 10.0, 21.75, 9999.0, 24.16, 9999.0, 117.75, 127.93, 120.23, 91.16, 138.5
2024-11-07, 16:27:15, 136.5, 58.25, 23.0, 22.11, 9999.0, 9.61, 10.0, 21.75, 9999.0, 24.18, 9999.0, 117.73, 127.95, 120.2, 91.18, 138.5
2024-11-07, 16:27:19, 136.5, 58.25, 23.0, 22.11, 9999.0, 9.59, 10.0, 21.75, 9999.0, 24.2, 9999.0, 117.7, 127.95, 120.18, 91.2, 138.5
2024-11-07, 16:27:23, 136.5, 58.25, 23.0, 22.14, 9999.0, 9.57, 10.0, 21.75, 9999.0, 24.23, 9999.0, 117.66, 127.93, 120.18, 91.2, 138.5
2024-11-07, 16:27:27, 136.5, 58.25, 23.0, 22.11, 9999.0, 9.55, 10.0, 21.75, 9999.0, 24.25, 9999.0, 117.64, 127.95, 120.18, 91.2, 138.5
2024-11-07, 16:27:31, 136.5, 58.25, 23.0, 22.11, 9999.0, 9.55, 10.0, 21.75, 9999.0, 24.25, 9999.0, 117.61, 127.98, 120.18, 91.18, 138.5
2024-11-07, 16:27:35, 136.5, 58.25, 23.0, 22.09, 9999.0, 9.52, 10.0, 21.75, 9999.0, 24.23, 9999.0, 117.59, 127.98, 120.18, 91.18, 138.5
2024-11-07, 16:27:39, 136.5, 58.25, 23.0, 22.07, 9999.0, 9.55, 10.0, 21.75, 9999.0, 24.2, 9999.0, 117.57, 127.98, 120.18, 91.16, 138.5
2024-11-07, 16:27:43, 136.5, 58.25, 23.0, 22.05, 9999.0, 9.57, 10.0, 21.75, 9999.0, 24.18, 9999.0, 117.55, 127.95, 120.18, 91.16, 138.5
2024-11-07, 16:27:47, 136.5, 58.25, 23.0, 22.05, 9999.0, 9.59, 10.0, 21.75, 9999.0, 24.16, 9999.0, 117.55, 127.95, 120.18, 91.16, 138.5
2024-11-07, 16:27:51, 136.5, 58.25, 23.0, 22.05, 9999.0, 9.61, 10.0, 21.75, 9999.0, 24.14, 9999.0, 117.52, 127.93, 120.18, 91.18, 138.5
2024-11-07, 16:27:55, 136.5, 58.25, 23.0, 22.05, 9999.0, 9.64, 10.0, 21.75, 9999.0, 24.09, 9999.0, 117.55, 127.93, 120.18, 91.16, 138.5
2024-11-07, 16:27:59, 136.5, 58.25, 23.0, 22.07, 9999.0, 9.66, 10.0, 21.75, 9999.0, 24.05, 9999.0, 117.59, 127.91, 120.2, 91.14, 138.5
2024-11-07, 16:28:03, 136.5, 58.25, 23.0, 22.05, 9999.0, 9.68, 10.0, 21.75, 9999.0, 24.0, 9999.0, 117.61, 127.89, 120.23, 91.14, 138.5
2024-11-07, 16:28:07, 136.5, 58.25, 23.0, 22.02, 9999.0, 9.7, 10.0, 21.75, 9999.0, 23.98, 9999.0, 117.64, 127.89, 120.23, 91.14, 138.5
2024-11-07, 16:28:11, 136.5, 58.25, 23.0, 22.02, 9999.0, 9.73, 10.0, 21.75, 9999.0, 23.95, 9999.0, 117.66, 127.86, 120.2, 91.14, 138.5
2024-11-07, 16:28:15, 136.5, 58.25, 23.0, 22.02, 9999.0, 9.7, 10.0, 21.75, 9999.0, 23.93, 9999.0, 117.68, 127.86, 120.18, 91.16, 138.5
2024-11-07, 16:28:19, 136.5, 58.25, 23.0, 22.02, 9999.0, 9.73, 10.0, 21.75, 9999.0, 23.95, 9999.0, 117.7, 127.86, 120.18, 91.16, 138.5
2024-11-07, 16:28:23, 136.5, 58.25, 23.0, 22.05, 9999.0, 9.7, 10.0, 21.75, 9999.0, 23.98, 9999.0, 117.73, 127.86, 120.18, 91.18, 138.5
2024-11-07, 16:28:27, 136.5, 58.25, 23.0, 22.07, 9999.0, 9.68, 10.0, 21.75, 9999.0, 24.0, 9999.0, 117.75, 127.89, 120.18, 91.18, 138.5
2024-11-07, 16:28:31, 136.5, 58.25, 23.0, 22.07, 9999.0, 9.66, 10.0, 21.75, 9999.0, 24.02, 9999.0, 117.75, 127.89, 120.18, 91.18, 138.5
2024-11-07, 16:28:35, 136.5, 58.25, 23.0, 22.07, 9999.0, 9.64, 10.0, 21.75, 9999.0, 24.02, 9999.0, 117.77, 127.91, 120.2, 91.16, 138.5
2024-11-07, 16:28:39, 136.5, 58.25, 23.0, 22.07, 9999.0, 9.61, 10.0, 21.75, 9999.0, 24.05, 9999.0, 117.75, 127.91, 120.18, 91.16, 138.5
2024-11-07, 16:28:43, 136.5, 58.25, 23.0, 22.05, 9999.0, 9.59, 10.0, 21.75, 9999.0, 24.07, 9999.0, 117.7, 127.93, 120.18, 91.16, 138.5
2024-11-07, 16:28:47, 136.5, 58.25, 23.0, 22.05, 9999.0, 9.59, 10.0, 21.75, 9999.0, 24.09, 9999.0, 117.68, 127.95, 120.18, 91.14, 138.5
2024-11-07, 16:28:51, 136.5, 58.25, 23.0, 22.05, 9999.0, 9.59, 10.0, 21.75, 9999.0, 24.09, 9999.0, 117.66, 127.95, 120.18, 91.11, 138.5
2024-11-07, 16:28:55, 136.5, 58.25, 22.98, 22.05, 9999.0, 9.59, 10.0, 21.75, 9999.0, 24.09, 9999.0, 117.64, 127.95, 120.18, 91.09, 138.5
2024-11-07, 16:28:59, 136.5, 58.25, 22.98, 22.07, 9999.0, 9.64, 10.0, 21.75, 9999.0, 24.09, 9999.0, 117.61, 127.93, 120.2, 91.07, 138.5
2024-11-07, 16:29:03, 136.5, 58.25, 22.98, 22.07, 9999.0, 9.66, 10.0, 21.75, 9999.0, 24.07, 9999.0, 117.61, 127.93, 120.2, 91.07, 138.5
2024-11-07, 16:29:07, 136.5, 58.25, 22.98, 22.07, 9999.0, 9.68, 10.0, 21.75, 9999.0, 24.05, 9999.0, 117.61, 127.91, 120.2, 91.05, 138.5
2024-11-07, 16:29:11, 136.5, 58.25, 22.98, 22.07, 9999.0, 9.7, 10.0, 21.75, 9999.0, 24.02, 9999.0, 117.59, 127.89, 120.18, 91.05, 138.5
2024-11-07, 16:29:15, 136.5, 58.25, 22.98, 22.07, 9999.0, 9.73, 10.0, 21.75, 9999.0, 24.0, 9999.0, 117.59, 127.89, 120.18, 91.07, 138.5
2024-11-07, 16:29:19, 136.5, 58.25, 22.98, 22.07, 9999.0, 9.75, 10.0, 21.75, 9999.0, 23.98, 9999.0, 117.59, 127.86, 120.18, 91.09, 138.5
2024-11-07, 16:29:23, 136.5, 58.25, 22.98, 22.07, 9999.0, 9.77, 10.0, 21.75, 9999.0, 23.95, 9999.0, 117.61, 127.84, 120.2, 91.11, 138.5
2024-11-07, 16:29:27, 136.5, 58.25, 22.98, 22.07, 9999.0, 9.8, 10.0, 21.75, 9999.0, 23.95, 9999.0, 117.64, 127.82, 120.2, 91.11, 138.5
2024-11-07, 16:29:31, 136.5, 58.25, 22.98, 22.07, 9999.0, 9.8, 10.0, 21.75, 9999.0, 23.95, 9999.0, 117.66, 127.8, 120.2, 91.14, 138.5
2024-11-07, 16:29:35, 136.5, 58.25, 22.98, 22.07, 9999.0, 9.77, 10.0, 21.75, 9999.0, 23.98, 9999.0, 117.68, 127.82, 120.2, 91.14, 138.5
2024-11-07, 16:29:39, 136.5, 58.25, 23.0, 22.07, 9999.0, 9.75, 10.0, 21.75, 9999.0, 24.0, 9999.0, 117.7, 127.82, 120.23, 91.16, 138.5
2024-11-07, 16:29:43, 136.5, 58.25, 23.0, 22.05, 9999.0, 9.7, 10.0, 21.75, 9999.0, 24.02, 9999.0, 117.7, 127.84, 120.23, 91.18, 138.5
2024-11-07, 16:29:47, 136.5, 58.25, 23.0, 22.05, 9999.0, 9.66, 10.0, 21.75, 9999.0, 24.05, 9999.0, 117.68, 127.84, 120.23, 91.18, 138.5
2024-11-07, 16:29:51, 136.5, 58.25, 23.0, 22.02, 9999.0, 9.64, 10.0, 21.75, 9999.0, 24.07, 9999.0, 117.66, 127.84, 120.23, 91.2, 138.5
2024-11-07, 16:29:55, 136.5, 58.25, 23.0, 22.0, 9999.0, 9.61, 10.0, 21.75, 9999.0, 24.07, 9999.0, 117.66, 127.86, 120.25, 91.2, 138.5
2024-11-07, 16:29:59, 136.5, 58.25, 23.0, 22.0, 9999.0, 9.59, 10.0, 21.75, 9999.0, 24.07, 9999.0, 117.64, 127.86, 120.25, 91.18, 138.5
2024-11-07, 16:30:03, 136.5, 58.25, 23.0, 22.02, 9999.0, 9.57, 10.0, 21.75, 9999.0, 24.09, 9999.0, 117.61, 127.89, 120.25, 91.18, 138.5
2024-11-07, 16:30:07, 136.5, 58.25, 23.0, 22.02, 9999.0, 9.57, 10.0, 21.75, 9999.0, 24.11, 9999.0, 117.59, 127.89, 120.25, 91.16, 138.5
2024-11-07, 16:30:12, 136.5, 58.25, 23.0, 22.02, 9999.0, 9.57, 10.0, 21.75, 9999.0, 24.11, 9999.0, 117.57, 127.91, 120.25, 91.18, 138.5
2024-11-07, 16:30:16, 136.5, 58.25, 23.0, 22.02, 9999.0, 9.57, 10.0, 21.75, 9999.0, 24.11, 9999.0, 117.55, 127.91, 120.23, 91.16, 138.5
2024-11-07, 16:30:20, 136.5, 58.25, 23.0, 22.02, 9999.0, 9.61, 10.0, 21.75, 9999.0, 24.09, 9999.0, 117.52, 127.89, 120.23, 91.16, 138.5
2024-11-07, 16:30:24, 136.5, 58.25, 23.0, 22.05, 9999.0, 9.64, 10.0, 21.75, 9999.0, 24.07, 9999.0, 117.52, 127.91, 120.23, 91.14, 138.5
2024-11-07, 16:30:46, 136.5, 58.25, 23.0, 22.07, 9999.0, 9.66, 10.0, 21.75, 9999.0, 24.05, 9999.0, 117.52, 127.89, 120.23, 91.11, 138.5
2024-11-07, 16:30:50, 136.5, 58.25, 23.0, 22.07, 9999.0, 9.68, 10.0, 21.75, 9999.0, 24.02, 9999.0, 117.55, 127.86, 120.23, 91.11, 138.5
2024-11-07, 16:30:54, 136.5, 58.25, 23.0, 22.07, 9999.0, 9.7, 10.0, 21.75, 9999.0, 24.0, 9999.0, 117.59, 127.89, 120.2, 91.11, 138.5
2024-11-07, 16:30:58, 136.5, 58.25, 23.0, 22.07, 9999.0, 9.73, 10.0, 21.75, 9999.0, 24.0, 9999.0, 117.64, 127.89, 120.2, 91.11, 138.5
2024-11-07, 16:31:02, 136.5, 58.25, 23.0, 22.07, 9999.0, 9.75, 10.0, 21.75, 9999.0, 24.0, 9999.0, 117.66, 127.89, 120.2, 91.14, 138.5
2024-11-07, 16:31:06, 136.5, 58.25, 23.0, 22.05, 9999.0, 9.77, 10.0, 21.75, 9999.0, 24.0, 9999.0, 117.68, 127.89, 120.2, 91.11, 138.5
2024-11-07, 16:31:10, 136.5, 58.25, 23.0, 22.05, 9999.0, 9.77, 10.0, 21.75, 9999.0, 24.0, 9999.0, 117.7, 127.91, 120.2, 91.11, 138.5
2024-11-07, 16:31:14, 136.5, 58.25, 23.0, 22.05, 9999.0, 9.75, 10.0, 21.75, 9999.0, 24.02, 9999.0, 117.73, 127.91, 120.2, 91.09, 138.5
2024-11-07, 16:31:18, 136.5, 58.25, 23.0, 22.05, 9999.0, 9.73, 10.0, 21.75, 9999.0, 24.05, 9999.0, 117.75, 127.93, 120.23, 91.11, 138.5
2024-11-07, 16:31:22, 136.5, 58.25, 23.0, 22.05, 9999.0, 9.68, 10.0, 21.75, 9999.0, 24.07, 9999.0, 117.75, 127.95, 120.23, 91.14, 138.5
2024-11-07, 16:31:26, 136.5, 58.25, 23.0, 22.05, 9999.0, 9.66, 10.0, 21.75, 9999.0, 24.09, 9999.0, 117.75, 127.95, 120.23, 91.14, 138.5
2024-11-07, 16:31:30, 136.5, 58.25, 23.0, 22.02, 9999.0, 9.64, 10.0, 21.75, 9999.0, 24.11, 9999.0, 117.75, 127.95, 120.23, 91.14, 138.5
2024-11-07, 16:31:34, 136.5, 58.25, 23.0, 22.02, 9999.0, 9.61, 10.0, 21.75, 9999.0, 24.14, 9999.0, 117.73, 127.98, 120.23, 91.11, 138.5
2024-11-07, 16:31:38, 136.5, 58.25, 23.0, 22.02, 9999.0, 9.59, 10.0, 21.75, 9999.0, 24.16, 9999.0, 117.68, 127.98, 120.25, 91.09, 138.5
2024-11-07, 16:31:42, 136.5, 58.25, 23.0, 22.02, 9999.0, 9.57, 10.0, 21.75, 9999.0, 24.18, 9999.0, 117.64, 127.98, 120.25, 91.09, 138.5
2024-11-07, 16:31:46, 136.5, 58.25, 23.0, 22.02, 9999.0, 9.57, 10.0, 21.75, 9999.0, 24.18, 9999.0, 117.61, 127.98, 120.25, 91.07, 138.5
2024-11-07, 16:31:50, 136.5, 58.25, 23.0, 22.05, 9999.0, 9.57, 10.0, 21.75, 9999.0, 24.2, 9999.0, 117.59, 127.98, 120.25, 91.07, 138.5
2024-11-07, 16:31:54, 136.5, 58.25, 23.0, 22.05, 9999.0, 9.57, 10.0, 21.75, 9999.0, 24.2, 9999.0, 117.57, 127.98, 120.25, 91.07, 138.5
2024-11-07, 16:31:58, 136.5, 58.25, 23.0, 22.05, 9999.0, 9.61, 10.0, 21.75, 9999.0, 24.18, 9999.0, 117.55, 127.95, 120.25, 91.09, 138.5
2024-11-07, 16:32:02, 136.5, 58.25, 23.0, 22.05, 9999.0, 9.64, 10.0, 21.75, 9999.0, 24.16, 9999.0, 117.55, 127.93, 120.25, 91.07, 138.5
2024-11-07, 16:32:06, 136.5, 58.25, 23.0, 22.07, 9999.0, 9.66, 10.0, 21.75, 9999.0, 24.14, 9999.0, 117.57, 127.93, 120.25, 91.05, 138.5
2024-11-07, 16:32:10, 136.5, 58.25, 23.0, 22.07, 9999.0, 9.68, 10.0, 21.75, 9999.0, 24.11, 9999.0, 117.57, 127.93, 120.25, 91.07, 138.5
2024-11-07, 16:32:14, 136.5, 58.25, 23.0, 22.09, 9999.0, 9.7, 10.0, 21.75, 9999.0, 24.09, 9999.0, 117.61, 127.95, 120.25, 91.07, 138.5
2024-11-07, 16:32:18, 136.5, 58.25, 23.0, 22.09, 9999.0, 9.73, 10.0, 21.75, 9999.0, 24.07, 9999.0, 117.64, 127.95, 120.25, 91.07, 138.5
2024-11-07, 16:32:22, 136.5, 58.25, 23.0, 22.09, 9999.0, 9.75, 10.0, 21.75, 9999.0, 24.07, 9999.0, 117.66, 127.95, 120.25, 91.09, 138.5
2024-11-07, 16:32:26, 136.5, 58.25, 23.0, 22.11, 9999.0, 9.77, 10.0, 21.75, 9999.0, 24.05, 9999.0, 117.68, 127.95, 120.25, 91.07, 138.5
2024-11-07, 16:32:30, 136.5, 58.25, 23.0, 22.14, 9999.0, 9.75, 10.0, 21.75, 9999.0, 24.07, 9999.0, 117.7, 127.95, 120.25, 91.07, 138.5
2024-11-07, 16:32:34, 136.5, 58.25, 23.0, 22.11, 9999.0, 9.73, 10.0, 21.75, 9999.0, 24.07, 9999.0, 117.73, 127.95, 120.23, 91.09, 138.5
2024-11-07, 16:32:38, 136.5, 58.25, 23.0, 22.14, 9999.0, 9.7, 10.0, 21.75, 9999.0, 24.09, 9999.0, 117.75, 127.95, 120.23, 91.11, 138.5
2024-11-07, 16:32:42, 136.5, 58.25, 23.0, 22.14, 9999.0, 9.66, 10.0, 21.75, 9999.0, 24.11, 9999.0, 117.75, 127.98, 120.2, 91.09, 138.5
2024-11-07, 16:32:46, 136.5, 58.25, 23.0, 22.14, 9999.0, 9.64, 10.0, 21.75, 9999.0, 24.14, 9999.0, 117.75, 128.0, 120.2, 91.09, 138.5
2024-11-07, 16:32:50, 136.5, 58.25, 23.0, 22.11, 9999.0, 9.64, 10.0, 21.75, 9999.0, 24.16, 9999.0, 117.73, 128.0, 120.2, 91.09, 138.5
2024-11-07, 16:32:54, 136.5, 58.25, 23.0, 22.11, 9999.0, 9.61, 10.0, 21.75, 9999.0, 24.18, 9999.0, 117.7, 128.0, 120.18, 91.07, 138.5
2024-11-07, 16:32:58, 136.5, 58.25, 23.0, 22.11, 9999.0, 9.59, 10.0, 21.75, 9999.0, 24.2, 9999.0, 117.66, 127.98, 120.18, 91.07, 138.5
2024-11-07, 16:33:02, 136.5, 58.25, 23.0, 22.11, 9999.0, 9.57, 10.0, 21.75, 9999.0, 24.2, 9999.0, 117.64, 127.98, 120.18, 91.07, 138.5
2024-11-07, 16:33:06, 136.5, 58.25, 23.0, 22.14, 9999.0, 9.57, 10.0, 21.75, 9999.0, 24.18, 9999.0, 117.61, 127.95, 120.18, 91.05, 138.5
2024-11-07, 16:33:18, 136.5, 58.25, 23.0, 22.11, 9999.0, 9.55, 10.0, 21.75, 9999.0, 24.2, 9999.0, 117.59, 127.93, 120.18, 91.05, 138.5
2024-11-07, 16:33:22, 136.5, 58.25, 23.0, 22.11, 9999.0, 9.57, 10.0, 21.75, 9999.0, 24.2, 9999.0, 117.57, 127.91, 120.18, 91.07, 138.5
2024-11-07, 16:33:27, 136.5, 58.25, 23.0, 22.11, 9999.0, 9.57, 10.0, 21.75, 9999.0, 24.2, 9999.0, 117.57, 127.91, 120.2, 91.05, 138.5
2024-11-07, 16:33:31, 136.5, 58.25, 23.0, 22.11, 9999.0, 9.57, 10.0, 21.75, 9999.0, 24.2, 9999.0, 117.55, 127.91, 120.2, 91.02, 138.5
2024-11-07, 16:33:35, 136.5, 58.25, 23.0, 22.11, 9999.0, 9.59, 10.0, 21.75, 9999.0, 24.2, 9999.0, 117.55, 127.89, 120.23, 91.02, 138.5
2024-11-07, 16:33:39, 136.5, 58.25, 23.0, 22.11, 9999.0, 9.61, 10.0, 21.75, 9999.0, 24.2, 9999.0, 117.52, 127.86, 120.23, 91.02, 138.5
2024-11-07, 16:33:43, 136.5, 58.25, 23.0, 22.11, 9999.0, 9.61, 10.0, 21.75, 9999.0, 24.2, 9999.0, 117.52, 127.86, 120.23, 91.02, 138.5
2024-11-07, 16:33:47, 136.5, 58.25, 23.0, 22.09, 9999.0, 9.64, 10.0, 21.75, 9999.0, 24.2, 9999.0, 117.52, 127.86, 120.25, 91.02, 138.5
2024-11-07, 16:33:51, 136.5, 58.25, 23.0, 22.09, 9999.0, 9.66, 10.0, 21.75, 9999.0, 24.2, 9999.0, 117.55, 127.86, 120.23, 91.02, 138.5
2024-11-07, 16:33:55, 136.5, 58.25, 23.0, 22.09, 9999.0, 9.68, 10.0, 21.75, 9999.0, 24.2, 9999.0, 117.55, 127.84, 120.23, 91.02, 138.5
2024-11-07, 16:33:59, 136.5, 58.25, 23.0, 22.07, 9999.0, 9.68, 10.0, 21.75, 9999.0, 24.2, 9999.0, 117.57, 127.84, 120.23, 91.02, 138.5
2024-11-07, 16:34:03, 136.5, 58.25, 23.0, 22.07, 9999.0, 9.7, 10.0, 21.75, 9999.0, 24.18, 9999.0, 117.61, 127.86, 120.23, 91.05, 138.5
2024-11-07, 16:34:07, 136.5, 58.25, 23.0, 22.05, 9999.0, 9.7, 10.0, 21.75, 9999.0, 24.16, 9999.0, 117.66, 127.89, 120.23, 91.02, 138.5
2024-11-07, 16:34:11, 136.5, 58.25, 23.0, 22.05, 9999.0, 9.73, 10.0, 21.75, 9999.0, 24.16, 9999.0, 117.66, 127.86, 120.2, 91.05, 138.5
2024-11-07, 16:34:15, 136.5, 58.27, 23.0, 22.05, 9999.0, 9.75, 10.0, 21.75, 9999.0, 24.16, 9999.0, 117.68, 127.86, 120.2, 91.05, 138.5
2024-11-07, 16:34:19, 136.5, 58.27, 23.0, 22.05, 9999.0, 9.75, 10.0, 21.75, 9999.0, 24.16, 9999.0, 117.7, 127.89, 120.2, 91.05, 138.5
2024-11-07, 16:34:23, 136.5, 58.3, 23.0, 22.07, 9999.0, 9.75, 10.0, 21.75, 9999.0, 24.18, 9999.0, 117.73, 127.91, 120.2, 91.05, 138.5
2024-11-07, 16:34:27, 136.5, 58.32, 23.0, 22.07, 9999.0, 9.75, 10.0, 21.75, 9999.0, 24.18, 9999.0, 117.75, 127.91, 120.2, 91.05, 138.5
2024-11-07, 16:34:31, 136.5, 58.32, 23.0, 22.07, 9999.0, 9.75, 10.0, 21.75, 9999.0, 24.18, 9999.0, 117.75, 127.91, 120.2, 91.05, 138.5
2024-11-07, 16:34:35, 136.5, 58.32, 23.0, 22.05, 9999.0, 9.73, 10.0, 21.75, 9999.0, 24.18, 9999.0, 117.75, 127.93, 120.23, 91.05, 138.5
2024-11-07, 16:34:39, 136.5, 58.32, 23.0, 22.07, 9999.0, 9.7, 10.0, 21.75, 9999.0, 24.2, 9999.0, 117.75, 127.93, 120.23, 91.05, 138.5
2024-11-07, 16:34:43, 136.5, 58.32, 23.0, 22.09, 9999.0, 9.68, 10.0, 21.75, 9999.0, 24.23, 9999.0, 117.73, 127.95, 120.23, 91.05, 138.5
2024-11-07, 16:34:47, 136.5, 58.32, 23.0, 22.09, 9999.0, 9.66, 10.0, 21.75, 9999.0, 24.25, 9999.0, 117.68, 127.93, 120.23, 91.05, 138.5
2024-11-07, 16:34:51, 136.5, 58.32, 22.98, 22.09, 9999.0, 9.64, 10.0, 21.73, 9999.0, 24.25, 9999.0, 117.64, 127.91, 120.23, 91.07, 138.5
2024-11-07, 16:34:55, 136.5, 58.32, 22.98, 22.09, 9999.0, 9.64, 10.0, 21.73, 9999.0, 24.23, 9999.0, 117.61, 127.91, 120.25, 91.05, 138.5
2024-11-07, 16:34:59, 136.5, 58.3, 22.98, 22.07, 9999.0, 9.64, 10.0, 21.73, 9999.0, 24.2, 9999.0, 117.59, 127.91, 120.25, 91.07, 138.5
2024-11-07, 16:35:03, 136.5, 58.3, 22.98, 22.07, 9999.0, 9.64, 10.0, 21.73, 9999.0, 24.18, 9999.0, 117.57, 127.89, 120.25, 91.09, 138.5
2024-11-07, 16:35:07, 136.5, 58.27, 22.98, 22.05, 9999.0, 9.64, 10.0, 21.73, 9999.0, 24.14, 9999.0, 117.55, 127.89, 120.23, 91.11, 138.5
2024-11-07, 16:35:11, 136.5, 58.27, 22.98, 22.05, 9999.0, 9.64, 10.0, 21.73, 9999.0, 24.11, 9999.0, 117.55, 127.86, 120.23, 91.11, 138.5
2024-11-07, 16:35:15, 136.5, 58.27, 22.98, 22.05, 9999.0, 9.64, 10.0, 21.73, 9999.0, 24.09, 9999.0, 117.57, 127.84, 120.2, 91.11, 138.5
2024-11-07, 16:35:19, 136.5, 58.27, 22.98, 22.05, 9999.0, 9.66, 10.0, 21.73, 9999.0, 24.07, 9999.0, 117.57, 127.84, 120.2, 91.14, 138.5
2024-11-07, 16:35:23, 136.5, 58.27, 22.98, 22.02, 9999.0, 9.68, 10.0, 21.73, 9999.0, 24.05, 9999.0, 117.61, 127.86, 120.2, 91.14, 138.5
2024-11-07, 16:35:27, 136.5, 58.27, 22.98, 22.02, 9999.0, 9.7, 10.0, 21.73, 9999.0, 24.02, 9999.0, 117.64, 127.86, 120.2, 91.14, 138.5
2024-11-07, 16:35:31, 136.5, 58.27, 22.98, 22.05, 9999.0, 9.73, 10.0, 21.73, 9999.0, 24.02, 9999.0, 117.66, 127.86, 120.2, 91.14, 138.5
2024-11-07, 16:35:35, 136.5, 58.27, 23.0, 22.05, 9999.0, 9.75, 10.0, 21.75, 9999.0, 24.05, 9999.0, 117.68, 127.89, 120.2, 91.14, 138.5
2024-11-07, 16:35:39, 136.5, 58.27, 23.0, 22.05, 9999.0, 9.75, 10.0, 21.75, 9999.0, 24.07, 9999.0, 117.7, 127.89, 120.2, 91.14, 138.5
2024-11-07, 16:35:43, 136.5, 58.27, 23.0, 22.05, 9999.0, 9.75, 10.0, 21.75, 9999.0, 24.09, 9999.0, 117.73, 127.89, 120.2, 91.14, 138.5
2024-11-07, 16:35:47, 136.5, 58.27, 23.0, 22.05, 9999.0, 9.75, 10.0, 21.75, 9999.0, 24.11, 9999.0, 117.75, 127.89, 120.2, 91.14, 138.5
2024-11-07, 16:35:51, 136.5, 58.27, 23.0, 22.07, 9999.0, 9.73, 10.0, 21.75, 9999.0, 24.14, 9999.0, 117.77, 127.89, 120.23, 91.14, 138.5
2024-11-07, 16:35:55, 136.5, 58.25, 22.98, 22.07, 9999.0, 9.7, 10.0, 21.75, 9999.0, 24.16, 9999.0, 117.77, 127.91, 120.23, 91.16, 138.5
2024-11-07, 16:35:59, 136.5, 58.25, 22.98, 22.07, 9999.0, 9.68, 10.0, 21.75, 9999.0, 24.18, 9999.0, 117.75, 127.91, 120.25, 91.16, 138.5
2024-11-07, 16:36:03, 136.5, 58.25, 22.98, 22.07, 9999.0, 9.66, 10.0, 21.75, 9999.0, 24.2, 9999.0, 117.73, 127.91, 120.25, 91.14, 138.5
2024-11-07, 16:36:07, 136.5, 58.25, 22.98, 22.07, 9999.0, 9.64, 10.0, 21.75, 9999.0, 24.23, 9999.0, 117.68, 127.89, 120.25, 91.14, 138.5
2024-11-07, 16:36:11, 136.5, 58.25, 22.98, 22.07, 9999.0, 9.61, 10.0, 21.75, 9999.0, 24.25, 9999.0, 117.66, 127.89, 120.25, 91.14, 138.5
2024-11-07, 16:36:15, 136.5, 58.27, 22.98, 22.05, 9999.0, 9.61, 10.0, 21.75, 9999.0, 24.23, 9999.0, 117.64, 127.91, 120.25, 91.11, 138.5
2024-11-07, 16:36:19, 136.5, 58.27, 22.98, 22.07, 9999.0, 9.61, 10.0, 21.75, 9999.0, 24.2, 9999.0, 117.61, 127.91, 120.25, 91.09, 138.5
2024-11-07, 16:36:23, 136.5, 58.3, 22.98, 22.07, 9999.0, 9.61, 10.0, 21.75, 9999.0, 24.18, 9999.0, 117.59, 127.93, 120.25, 91.11, 138.5
2024-11-07, 16:36:27, 136.5, 58.3, 22.98, 22.09, 9999.0, 9.64, 10.0, 21.75, 9999.0, 24.16, 9999.0, 117.57, 127.93, 120.25, 91.09, 138.5
2024-11-07, 16:36:31, 136.5, 58.3, 22.98, 22.11, 9999.0, 9.66, 10.0, 21.75, 9999.0, 24.14, 9999.0, 117.57, 127.93, 120.25, 91.07, 138.48
2024-11-07, 16:36:35, 136.5, 58.32, 22.98, 22.09, 9999.0, 9.68, 10.0, 21.75, 9999.0, 24.11, 9999.0, 117.57, 127.91, 120.25, 91.07, 138.48
2024-11-07, 16:36:39, 136.5, 58.34, 23.0, 22.11, 9999.0, 9.7, 10.0, 21.75, 9999.0, 24.09, 9999.0, 117.57, 127.89, 120.25, 91.07, 138.48
2024-11-07, 16:36:43, 136.5, 58.34, 23.0, 22.11, 9999.0, 9.73, 10.0, 21.75, 9999.0, 24.07, 9999.0, 117.61, 127.91, 120.25, 91.09, 138.48
2024-11-07, 16:36:47, 136.5, 58.34, 23.0, 22.11, 9999.0, 9.75, 10.0, 21.75, 9999.0, 24.05, 9999.0, 117.64, 127.91, 120.25, 91.11, 138.48
2024-11-07, 16:36:51, 136.5, 58.34, 23.0, 22.14, 9999.0, 9.77, 10.0, 21.75, 9999.0, 24.02, 9999.0, 117.66, 127.93, 120.25, 91.14, 138.48
2024-11-07, 16:36:55, 136.5, 58.34, 23.0, 22.11, 9999.0, 9.8, 10.0, 21.75, 9999.0, 24.0, 9999.0, 117.68, 127.93, 120.25, 91.16, 138.48
2024-11-07, 16:36:59, 136.5, 58.32, 23.0, 22.11, 9999.0, 9.8, 10.0, 21.75, 9999.0, 24.0, 9999.0, 117.7, 127.93, 120.25, 91.18, 138.48
2024-11-07, 16:37:03, 136.5, 58.32, 23.0, 22.09, 9999.0, 9.8, 10.0, 21.75, 9999.0, 24.02, 9999.0, 117.73, 127.93, 120.25, 91.18, 138.48
2024-11-07, 16:37:07, 136.5, 58.3, 23.0, 22.11, 9999.0, 9.8, 10.0, 21.75, 9999.0, 24.02, 9999.0, 117.75, 127.93, 120.25, 91.18, 138.48
2024-11-07, 16:37:12, 136.5, 58.3, 23.0, 22.09, 9999.0, 9.77, 10.0, 21.75, 9999.0, 24.02, 9999.0, 117.75, 127.93, 120.25, 91.2, 138.48
2024-11-07, 16:37:16, 136.5, 58.32, 23.0, 22.09, 9999.0, 9.73, 10.0, 21.75, 9999.0, 24.02, 9999.0, 117.73, 127.95, 120.25, 91.23, 138.5
2024-11-07, 16:37:20, 136.5, 58.3, 23.0, 22.11, 9999.0, 9.7, 10.0, 21.75, 9999.0, 24.02, 9999.0, 117.73, 127.98, 120.25, 91.23, 138.5
2024-11-07, 16:37:24, 136.5, 58.27, 23.0, 22.09, 9999.0, 9.68, 10.0, 21.75, 9999.0, 24.02, 9999.0, 117.7, 128.0, 120.25, 91.2, 138.5
2024-11-07, 16:37:28, 136.5, 58.27, 23.0, 22.09, 9999.0, 9.66, 10.0, 21.75, 9999.0, 24.02, 9999.0, 117.66, 128.0, 120.25, 91.18, 138.5
2024-11-07, 16:37:32, 136.5, 58.27, 23.0, 22.09, 9999.0, 9.64, 10.0, 21.75, 9999.0, 24.0, 9999.0, 117.64, 127.98, 120.25, 91.16, 138.5
2024-11-07, 16:37:36, 136.5, 58.27, 23.0, 22.07, 9999.0, 9.64, 10.0, 21.75, 9999.0, 23.98, 9999.0, 117.61, 127.95, 120.25, 91.16, 138.5
2024-11-07, 16:37:40, 136.5, 58.27, 23.0, 22.07, 9999.0, 9.64, 10.0, 21.75, 9999.0, 23.95, 9999.0, 117.59, 127.93, 120.25, 91.14, 138.5
2024-11-07, 16:37:44, 136.5, 58.27, 23.0, 22.09, 9999.0, 9.66, 10.0, 21.75, 9999.0, 23.93, 9999.0, 117.57, 127.93, 120.25, 91.11, 138.5
2024-11-07, 16:37:48, 136.5, 58.27, 23.0, 22.11, 9999.0, 9.68, 10.0, 21.75, 9999.0, 23.89, 9999.0, 117.55, 127.91, 120.25, 91.11, 138.5
2024-11-07, 16:37:52, 136.5, 58.27, 22.98, 22.09, 9999.0, 9.7, 10.0, 21.75, 9999.0, 23.86, 9999.0, 117.55, 127.89, 120.25, 91.11, 138.5
2024-11-07, 16:37:56, 136.5, 58.27, 22.98, 22.09, 9999.0, 9.7, 10.0, 21.75, 9999.0, 23.84, 9999.0, 117.57, 127.86, 120.25, 91.11, 138.5
2024-11-07, 16:38:00, 136.5, 58.27, 22.95, 22.07, 9999.0, 9.73, 10.0, 21.75, 9999.0, 23.82, 9999.0, 117.59, 127.84, 120.25, 91.11, 138.5
2024-11-07, 16:38:04, 136.5, 58.27, 22.95, 22.07, 9999.0, 9.75, 10.02, 21.75, 9999.0, 23.8, 9999.0, 117.61, 127.84, 120.25, 91.09, 138.5
2024-11-07, 16:38:08, 136.5, 58.27, 22.95, 22.09, 9999.0, 9.77, 10.02, 21.75, 9999.0, 23.77, 9999.0, 117.64, 127.82, 120.25, 91.11, 138.5
2024-11-07, 16:38:12, 136.5, 58.3, 22.95, 22.09, 9999.0, 9.8, 10.02, 21.75, 9999.0, 23.77, 9999.0, 117.66, 127.82, 120.25, 91.14, 138.5
2024-11-07, 16:38:16, 136.5, 58.3, 22.95, 22.09, 9999.0, 9.8, 10.05, 21.75, 9999.0, 23.8, 9999.0, 117.68, 127.82, 120.25, 91.14, 138.5
2024-11-07, 16:38:20, 136.5, 58.3, 22.95, 22.09, 9999.0, 9.8, 10.07, 21.75, 9999.0, 23.82, 9999.0, 117.7, 127.84, 120.25, 91.14, 138.5
2024-11-07, 16:38:24, 136.5, 58.3, 22.95, 22.09, 9999.0, 9.77, 10.07, 21.75, 9999.0, 23.84, 9999.0, 117.73, 127.86, 120.25, 91.16, 138.5
2024-11-07, 16:38:28, 136.5, 58.3, 22.95, 22.07, 9999.0, 9.75, 10.09, 21.75, 9999.0, 23.86, 9999.0, 117.75, 127.86, 120.25, 91.18, 138.5
2024-11-07, 16:38:32, 136.5, 58.3, 22.95, 22.05, 9999.0, 9.7, 10.09, 21.75, 9999.0, 23.89, 9999.0, 117.75, 127.89, 120.25, 91.18, 138.5
2024-11-07, 16:38:36, 136.5, 58.3, 22.98, 22.05, 9999.0, 9.66, 10.09, 21.75, 9999.0, 23.91, 9999.0, 117.75, 127.91, 120.25, 91.18, 138.5
2024-11-07, 16:38:40, 136.5, 58.3, 22.98, 22.05, 9999.0, 9.64, 10.09, 21.75, 9999.0, 23.93, 9999.0, 117.75, 127.93, 120.25, 91.18, 138.5
2024-11-07, 16:38:44, 136.5, 58.27, 23.0, 22.07, 9999.0, 9.61, 10.09, 21.75, 9999.0, 23.95, 9999.0, 117.75, 127.95, 120.23, 91.18, 138.5
2024-11-07, 16:38:48, 136.5, 58.27, 23.0, 22.05, 9999.0, 9.59, 10.07, 21.75, 9999.0, 23.98, 9999.0, 117.7, 127.95, 120.23, 91.2, 138.5
2024-11-07, 16:38:52, 136.5, 58.27, 23.0, 22.05, 9999.0, 9.57, 10.07, 21.75, 9999.0, 23.98, 9999.0, 117.68, 127.95, 120.23, 91.2, 138.5
2024-11-07, 16:38:56, 136.5, 58.25, 23.0, 22.05, 9999.0, 9.57, 10.07, 21.75, 9999.0, 23.95, 9999.0, 117.66, 127.95, 120.23, 91.18, 138.5
2024-11-07, 16:39:00, 136.5, 58.25, 23.0, 22.05, 9999.0, 9.57, 10.05, 21.75, 9999.0, 23.93, 9999.0, 117.64, 127.98, 120.23, 91.18, 138.5
2024-11-07, 16:39:04, 136.5, 58.25, 23.0, 22.05, 9999.0, 9.59, 10.02, 21.75, 9999.0, 23.91, 9999.0, 117.61, 127.95, 120.23, 91.18, 138.5
2024-11-07, 16:39:08, 136.5, 58.25, 23.0, 22.07, 9999.0, 9.64, 10.02, 21.75, 9999.0, 23.89, 9999.0, 117.59, 127.93, 120.23, 91.16, 138.5
2024-11-07, 16:39:12, 136.5, 58.25, 23.0, 22.07, 9999.0, 9.64, 10.0, 21.75, 9999.0, 23.86, 9999.0, 117.59, 127.91, 120.23, 91.14, 138.5
2024-11-07, 16:39:16, 136.5, 58.27, 23.0, 22.07, 9999.0, 9.68, 10.0, 21.75, 9999.0, 23.84, 9999.0, 117.61, 127.89, 120.23, 91.14, 138.5
2024-11-07, 16:39:20, 136.5, 58.27, 23.0, 22.07, 9999.0, 9.7, 10.0, 21.75, 9999.0, 23.82, 9999.0, 117.61, 127.89, 120.23, 91.14, 138.5
2024-11-07, 16:39:24, 136.5, 58.27, 23.0, 22.09, 9999.0, 9.73, 10.0, 21.75, 9999.0, 23.8, 9999.0, 117.64, 127.86, 120.23, 91.11, 138.5
2024-11-07, 16:39:28, 136.5, 58.27, 23.0, 22.07, 9999.0, 9.75, 10.02, 21.75, 9999.0, 23.77, 9999.0, 117.66, 127.86, 120.25, 91.11, 138.5
2024-11-07, 16:39:32, 136.5, 58.27, 23.0, 22.09, 9999.0, 9.77, 10.02, 21.75, 9999.0, 23.75, 9999.0, 117.68, 127.86, 120.25, 91.09, 138.5
2024-11-07, 16:39:36, 136.5, 58.27, 23.0, 22.09, 9999.0, 9.8, 10.02, 21.75, 9999.0, 23.77, 9999.0, 117.7, 127.89, 120.25, 91.07, 138.5
2024-11-07, 16:39:40, 136.5, 58.27, 23.0, 22.11, 9999.0, 9.8, 10.02, 21.75, 9999.0, 23.8, 9999.0, 117.73, 127.89, 120.25, 91.09, 138.5
2024-11-07, 16:39:44, 136.5, 58.27, 23.0, 22.11, 9999.0, 9.82, 10.02, 21.75, 9999.0, 23.82, 9999.0, 117.75, 127.89, 120.25, 91.11, 138.5
2024-11-07, 16:39:48, 136.5, 58.27, 23.0, 22.11, 9999.0, 9.8, 10.02, 21.75, 9999.0, 23.84, 9999.0, 117.77, 127.91, 120.25, 91.11, 138.5
2024-11-07, 16:39:52, 136.5, 58.27, 23.0, 22.09, 9999.0, 9.77, 10.02, 21.75, 9999.0, 23.86, 9999.0, 117.8, 127.93, 120.25, 91.14, 138.5
2024-11-07, 16:39:56, 136.5, 58.27, 23.0, 22.09, 9999.0, 9.75, 10.02, 21.75, 9999.0, 23.89, 9999.0, 117.8, 127.95, 120.25, 91.16, 138.5
2024-11-07, 16:40:00, 136.5, 58.25, 23.0, 22.11, 9999.0, 9.73, 10.02, 21.75, 9999.0, 23.91, 9999.0, 117.77, 127.98, 120.25, 91.18, 138.5
2024-11-07, 16:40:04, 136.5, 58.25, 23.0, 22.11, 9999.0, 9.7, 10.02, 21.75, 9999.0, 23.93, 9999.0, 117.77, 127.98, 120.25, 91.18, 138.5
2024-11-07, 16:40:08, 136.5, 58.25, 23.0, 22.09, 9999.0, 9.68, 10.02, 21.75, 9999.0, 23.93, 9999.0, 117.73, 128.0, 120.25, 91.18, 138.5
2024-11-07, 16:40:12, 136.5, 58.25, 23.0, 22.11, 9999.0, 9.66, 10.0, 21.75, 9999.0, 23.93, 9999.0, 117.68, 128.0, 120.25, 91.18, 138.5
2024-11-07, 16:40:16, 136.5, 58.25, 23.0, 22.11, 9999.0, 9.66, 10.0, 21.75, 9999.0, 23.93, 9999.0, 117.66, 128.0, 120.23, 91.2, 138.5
2024-11-07, 16:40:20, 136.5, 58.25, 23.0, 22.11, 9999.0, 9.66, 10.0, 21.75, 9999.0, 23.91, 9999.0, 117.64, 128.0, 120.23, 91.23, 138.5
2024-11-07, 16:40:24, 136.5, 58.25, 23.0, 22.11, 9999.0, 9.68, 10.0, 21.75, 9999.0, 23.89, 9999.0, 117.61, 128.0, 120.23, 91.2, 138.5
2024-11-07, 16:40:28, 136.5, 58.25, 23.0, 22.11, 9999.0, 9.7, 10.0, 21.75, 9999.0, 23.86, 9999.0, 117.59, 127.98, 120.23, 91.18, 138.5
2024-11-07, 16:40:32, 136.5, 58.25, 23.0, 22.14, 9999.0, 9.7, 10.0, 21.75, 9999.0, 23.84, 9999.0, 117.57, 127.98, 120.23, 91.18, 138.5
2024-11-07, 16:40:36, 136.5, 58.25, 23.0, 22.14, 9999.0, 9.7, 10.0, 21.75, 9999.0, 23.82, 9999.0, 117.57, 127.95, 120.23, 91.18, 138.5
2024-11-07, 16:40:40, 136.5, 58.27, 23.0, 22.16, 9999.0, 9.73, 10.0, 21.75, 9999.0, 23.8, 9999.0, 117.57, 127.95, 120.23, 91.18, 138.52
2024-11-07, 16:40:44, 136.5, 58.27, 23.0, 22.16, 9999.0, 9.73, 10.0, 21.75, 9999.0, 23.77, 9999.0, 117.61, 127.95, 120.23, 91.18, 138.52
2024-11-07, 16:40:48, 136.5, 58.27, 23.0, 22.16, 9999.0, 9.75, 10.02, 21.75, 9999.0, 23.75, 9999.0, 117.61, 127.95, 120.23, 91.18, 138.52
2024-11-07, 16:40:52, 136.5, 58.27, 23.0, 22.16, 9999.0, 9.77, 10.02, 21.75, 9999.0, 23.77, 9999.0, 117.64, 127.95, 120.23, 91.2, 138.52
2024-11-07, 16:40:56, 136.5, 58.27, 23.0, 22.16, 9999.0, 9.8, 10.02, 21.75, 9999.0, 23.8, 9999.0, 117.66, 127.95, 120.23, 91.2, 138.52
2024-11-07, 16:41:01, 136.5, 58.3, 23.0, 22.16, 9999.0, 9.8, 10.02, 21.75, 9999.0, 23.82, 9999.0, 117.68, 127.95, 120.25, 91.2, 138.52
2024-11-07, 16:41:05, 136.5, 58.3, 23.0, 22.16, 9999.0, 9.8, 10.02, 21.75, 9999.0, 23.86, 9999.0, 117.7, 127.95, 120.25, 91.2, 138.52
2024-11-07, 16:41:09, 136.5, 58.32, 23.0, 22.14, 9999.0, 9.75, 10.02, 21.75, 9999.0, 23.89, 9999.0, 117.73, 127.95, 120.25, 91.23, 138.52
2024-11-07, 16:41:13, 136.5, 58.32, 23.0, 22.16, 9999.0, 9.73, 10.02, 21.75, 9999.0, 23.91, 9999.0, 117.73, 127.98, 120.25, 91.23, 138.55
2024-11-07, 16:41:17, 136.5, 58.32, 23.0, 22.16, 9999.0, 9.73, 10.02, 21.75, 9999.0, 23.93, 9999.0, 117.75, 127.98, 120.25, 91.23, 138.55
2024-11-07, 16:41:21, 136.5, 58.32, 23.0, 22.18, 9999.0, 9.7, 10.02, 21.75, 9999.0, 23.95, 9999.0, 117.73, 128.0, 120.25, 91.2, 138.57
2024-11-07, 16:41:25, 136.5, 58.3, 23.0, 22.18, 9999.0, 9.68, 10.02, 21.75, 9999.0, 23.98, 9999.0, 117.7, 128.0, 120.25, 91.2, 138.55
2024-11-07, 16:41:29, 136.5, 58.32, 23.0, 22.16, 9999.0, 9.66, 10.02, 21.75, 9999.0, 24.0, 9999.0, 117.66, 128.0, 120.25, 91.18, 138.55
2024-11-07, 16:41:33, 136.5, 58.32, 23.0, 22.18, 9999.0, 9.66, 10.0, 21.75, 9999.0, 24.02, 9999.0, 117.64, 128.0, 120.25, 91.16, 138.57
2024-11-07, 16:41:37, 136.5, 58.32, 23.0, 22.2, 9999.0, 9.66, 10.0, 21.75, 9999.0, 24.0, 9999.0, 117.61, 128.0, 120.25, 91.16, 138.59
2024-11-07, 16:41:41, 136.5, 58.32, 23.0, 22.2, 9999.0, 9.66, 10.0, 21.75, 9999.0, 23.98, 9999.0, 117.59, 128.0, 120.25, 91.16, 138.59
2024-11-07, 16:41:45, 136.5, 58.3, 23.0, 22.2, 9999.0, 9.68, 10.0, 21.75, 9999.0, 23.95, 9999.0, 117.57, 127.98, 120.25, 91.14, 138.59
2024-11-07, 16:41:49, 136.52, 58.3, 23.0, 22.18, 9999.0, 9.68, 10.0, 21.75, 9999.0, 23.91, 9999.0, 117.55, 127.95, 120.25, 91.14, 138.59
2024-11-07, 16:41:53, 136.52, 58.27, 23.0, 22.2, 9999.0, 9.7, 10.0, 21.75, 9999.0, 23.89, 9999.0, 117.52, 127.93, 120.25, 91.11, 138.59
2024-11-07, 16:41:57, 136.52, 58.27, 23.0, 22.2, 9999.0, 9.7, 10.0, 21.75, 9999.0, 23.86, 9999.0, 117.55, 127.91, 120.25, 91.11, 138.57
2024-11-07, 16:42:01, 136.52, 58.27, 23.0, 22.2, 9999.0, 9.7, 10.0, 21.75, 9999.0, 23.84, 9999.0, 117.55, 127.91, 120.25, 91.09, 138.59
2024-11-07, 16:42:05, 136.52, 58.27, 23.0, 22.18, 9999.0, 9.73, 10.0, 21.75, 9999.0, 23.82, 9999.0, 117.59, 127.91, 120.25, 91.11, 138.57
2024-11-07, 16:42:09, 136.52, 58.27, 23.0, 22.18, 9999.0, 9.75, 10.0, 21.75, 9999.0, 23.8, 9999.0, 117.64, 127.91, 120.25, 91.11, 138.59
2024-11-07, 16:42:13, 136.52, 58.25, 23.0, 22.18, 9999.0, 9.77, 10.0, 21.75, 9999.0, 23.8, 9999.0, 117.66, 127.91, 120.25, 91.14, 138.59
2024-11-07, 16:42:17, 136.52, 58.25, 23.0, 22.18, 9999.0, 9.77, 10.0, 21.75, 9999.0, 23.8, 9999.0, 117.68, 127.91, 120.25, 91.16, 138.59
2024-11-07, 16:42:21, 136.52, 58.25, 23.0, 22.16, 9999.0, 9.77, 10.0, 21.75, 9999.0, 23.82, 9999.0, 117.7, 127.91, 120.25, 91.16, 138.57
2024-11-07, 16:42:25, 136.52, 58.25, 23.0, 22.16, 9999.0, 9.77, 10.0, 21.75, 9999.0, 23.84, 9999.0, 117.73, 127.91, 120.25, 91.16, 138.57
2024-11-07, 16:42:29, 136.52, 58.25, 23.0, 22.16, 9999.0, 9.73, 10.0, 21.75, 9999.0, 23.86, 9999.0, 117.75, 127.93, 120.25, 91.18, 138.57
2024-11-07, 16:42:33, 136.5, 58.25, 23.0, 22.18, 9999.0, 9.7, 10.0, 21.75, 9999.0, 23.89, 9999.0, 117.75, 127.95, 120.25, 91.18, 138.57
2024-11-07, 16:42:37, 136.5, 58.27, 23.0, 22.16, 9999.0, 9.7, 10.0, 21.75, 9999.0, 23.91, 9999.0, 117.77, 127.98, 120.25, 91.2, 138.59
2024-11-07, 16:42:41, 136.5, 58.27, 23.0, 22.14, 9999.0, 9.68, 10.0, 21.75, 9999.0, 23.93, 9999.0, 117.77, 128.0, 120.25, 91.23, 138.59
2024-11-07, 16:42:45, 136.5, 58.27, 23.0, 22.14, 9999.0, 9.66, 10.0, 21.75, 9999.0, 23.95, 9999.0, 117.77, 128.0, 120.25, 91.25, 138.57
2024-11-07, 16:42:49, 136.5, 58.27, 23.0, 22.16, 9999.0, 9.64, 10.0, 21.75, 9999.0, 23.98, 9999.0, 117.75, 127.98, 120.25, 91.25, 138.57
2024-11-07, 16:42:53, 136.5, 58.27, 23.0, 22.16, 9999.0, 9.64, 10.0, 21.75, 9999.0, 24.0, 9999.0, 117.7, 127.98, 120.25, 91.25, 138.55
2024-11-07, 16:42:57, 136.5, 58.3, 23.0, 22.16, 9999.0, 9.64, 10.0, 21.75, 9999.0, 24.0, 9999.0, 117.68, 127.98, 120.25, 91.23, 138.55
2024-11-07, 16:43:01, 136.5, 58.3, 23.0, 22.16, 9999.0, 9.64, 10.0, 21.75, 9999.0, 24.0, 9999.0, 117.66, 127.98, 120.25, 91.2, 138.52
2024-11-07, 16:43:05, 136.5, 58.3, 23.0, 22.18, 9999.0, 9.66, 10.0, 21.75, 9999.0, 23.98, 9999.0, 117.64, 127.98, 120.25, 91.18, 138.52
2024-11-07, 16:43:09, 136.5, 58.3, 23.0, 22.18, 9999.0, 9.68, 10.02, 21.75, 9999.0, 23.98, 9999.0, 117.64, 127.98, 120.25, 91.16, 138.52
2024-11-07, 16:43:13, 136.5, 58.3, 23.0, 22.16, 9999.0, 9.73, 10.02, 21.75, 9999.0, 23.98, 9999.0, 117.64, 127.98, 120.25, 91.14, 138.52
2024-11-07, 16:43:17, 136.5, 58.32, 23.0, 22.14, 9999.0, 9.75, 10.02, 21.75, 9999.0, 23.98, 9999.0, 117.66, 127.95, 120.25, 91.11, 138.52
2024-11-07, 16:43:21, 136.5, 58.3, 23.0, 22.16, 9999.0, 9.75, 10.02, 21.75, 9999.0, 23.98, 9999.0, 117.68, 127.95, 120.25, 91.11, 138.52
2024-11-07, 16:43:25, 136.5, 58.3, 23.0, 22.18, 9999.0, 9.77, 10.02, 21.75, 9999.0, 23.98, 9999.0, 117.68, 127.95, 120.25, 91.11, 138.52
2024-11-07, 16:43:29, 136.5, 58.3, 23.0, 22.18, 9999.0, 9.8, 10.02, 21.75, 9999.0, 23.98, 9999.0, 117.68, 127.95, 120.25, 91.11, 138.52
2024-11-07, 16:43:33, 136.5, 58.3, 23.0, 22.18, 9999.0, 9.82, 10.02, 21.75, 9999.0, 24.0, 9999.0, 117.7, 127.98, 120.25, 91.11, 138.52
2024-11-07, 16:43:37, 136.5, 58.3, 23.0, 22.16, 9999.0, 9.82, 10.02, 21.75, 9999.0, 24.02, 9999.0, 117.73, 127.98, 120.25, 91.11, 138.52
2024-11-07, 16:43:41, 136.5, 58.27, 23.0, 22.18, 9999.0, 9.8, 10.02, 21.75, 9999.0, 24.05, 9999.0, 117.75, 127.98, 120.25, 91.14, 138.55
2024-11-07, 16:43:45, 136.5, 58.27, 23.0, 22.18, 9999.0, 9.8, 10.02, 21.75, 9999.0, 24.07, 9999.0, 117.77, 127.98, 120.25, 91.16, 138.55
2024-11-07, 16:43:49, 136.5, 58.27, 23.0, 22.16, 9999.0, 9.77, 10.02, 21.75, 9999.0, 24.11, 9999.0, 117.8, 127.98, 120.25, 91.18, 138.55
2024-11-07, 16:43:53, 136.5, 58.27, 23.0, 22.16, 9999.0, 9.73, 10.0, 21.75, 9999.0, 24.11, 9999.0, 117.8, 127.98, 120.25, 91.2, 138.55
2024-11-07, 16:43:57, 136.5, 58.27, 23.0, 22.16, 9999.0, 9.68, 10.0, 21.75, 9999.0, 24.14, 9999.0, 117.8, 127.98, 120.25, 91.23, 138.55
2024-11-07, 16:44:01, 136.5, 58.25, 23.0, 22.16, 9999.0, 9.66, 10.0, 21.75, 9999.0, 24.14, 9999.0, 117.77, 128.0, 120.25, 91.23, 138.55
2024-11-07, 16:44:05, 136.5, 58.27, 23.0, 22.16, 9999.0, 9.64, 10.0, 21.75, 9999.0, 24.14, 9999.0, 117.75, 128.0, 120.25, 91.2, 138.52
2024-11-07, 16:44:09, 136.5, 58.27, 23.0, 22.16, 9999.0, 9.61, 10.0, 21.75, 9999.0, 24.14, 9999.0, 117.73, 128.0, 120.25, 91.2, 138.52
2024-11-07, 16:44:13, 136.5, 58.27, 23.0, 22.16, 9999.0, 9.61, 10.0, 21.75, 9999.0, 24.14, 9999.0, 117.7, 128.0, 120.25, 91.2, 138.52
2024-11-07, 16:44:17, 136.5, 58.27, 23.0, 22.14, 9999.0, 9.61, 10.0, 21.75, 9999.0, 24.11, 9999.0, 117.66, 128.0, 120.25, 91.2, 138.52
2024-11-07, 16:44:21, 136.5, 58.27, 23.0, 22.14, 9999.0, 9.61, 10.0, 21.75, 9999.0, 24.09, 9999.0, 117.64, 128.0, 120.25, 91.2, 138.52
2024-11-07, 16:44:25, 136.5, 58.27, 23.0, 22.11, 9999.0, 9.66, 10.0, 21.75, 9999.0, 24.07, 9999.0, 117.61, 128.0, 120.25, 91.18, 138.5
2024-11-07, 16:44:29, 136.5, 58.3, 23.0, 22.09, 9999.0, 9.66, 10.0, 21.75, 9999.0, 24.05, 9999.0, 117.61, 127.98, 120.25, 91.18, 138.5
2024-11-07, 16:44:34, 136.5, 58.3, 23.0, 22.09, 9999.0, 9.66, 10.0, 21.75, 9999.0, 24.02, 9999.0, 117.61, 127.98, 120.25, 91.18, 138.5
2024-11-07, 16:44:38, 136.5, 58.32, 23.0, 22.09, 9999.0, 9.68, 10.0, 21.75, 9999.0, 24.02, 9999.0, 117.61, 127.95, 120.25, 91.18, 138.5
2024-11-07, 16:44:42, 136.5, 58.32, 23.0, 22.09, 9999.0, 9.7, 10.0, 21.75, 9999.0, 24.0, 9999.0, 117.64, 127.95, 120.25, 91.18, 138.52
2024-11-07, 16:44:46, 136.5, 58.32, 23.0, 22.11, 9999.0, 9.73, 10.0, 21.75, 9999.0, 24.0, 9999.0, 117.68, 127.95, 120.25, 91.2, 138.52
2024-11-07, 16:44:50, 136.5, 58.3, 23.0, 22.11, 9999.0, 9.75, 10.0, 21.75, 9999.0, 24.0, 9999.0, 117.7, 127.95, 120.25, 91.23, 138.52
2024-11-07, 16:44:54, 136.5, 58.3, 23.0, 22.09, 9999.0, 9.77, 10.0, 21.75, 9999.0, 24.0, 9999.0, 117.73, 127.95, 120.25, 91.23, 138.52
2024-11-07, 16:44:58, 136.5, 58.32, 23.0, 22.07, 9999.0, 9.77, 10.0, 21.75, 9999.0, 24.0, 9999.0, 117.75, 127.95, 120.25, 91.23, 138.52
2024-11-07, 16:45:02, 136.5, 58.32, 23.0, 22.09, 9999.0, 9.75, 10.0, 21.75, 9999.0, 24.02, 9999.0, 117.77, 127.95, 120.25, 91.23, 138.52
2024-11-07, 16:45:06, 136.5, 58.34, 23.0, 22.09, 9999.0, 9.75, 10.0, 21.75, 9999.0, 24.05, 9999.0, 117.8, 127.95, 120.25, 91.23, 138.52
2024-11-07, 16:45:10, 136.5, 58.34, 23.0, 22.09, 9999.0, 9.7, 10.0, 21.75, 9999.0, 24.07, 9999.0, 117.82, 127.95, 120.25, 91.25, 138.52
2024-11-07, 16:45:14, 136.5, 58.32, 23.0, 22.11, 9999.0, 9.7, 10.0, 21.75, 9999.0, 24.09, 9999.0, 117.82, 127.98, 120.25, 91.25, 138.52
2024-11-07, 16:45:18, 136.5, 58.32, 23.0, 22.11, 9999.0, 9.68, 10.0, 21.75, 9999.0, 24.11, 9999.0, 117.82, 127.98, 120.25, 91.25, 138.52
2024-11-07, 16:45:22, 136.5, 58.3, 23.0, 22.09, 9999.0, 9.66, 10.0, 21.75, 9999.0, 24.14, 9999.0, 117.8, 128.0, 120.25, 91.25, 138.52
2024-11-07, 16:45:26, 136.5, 58.3, 23.0, 22.11, 9999.0, 9.64, 10.0, 21.75, 9999.0, 24.16, 9999.0, 117.77, 128.0, 120.25, 91.25, 138.5
2024-11-07, 16:45:30, 136.5, 58.3, 23.0, 22.09, 9999.0, 9.61, 10.0, 21.75, 9999.0, 24.18, 9999.0, 117.75, 128.0, 120.25, 91.25, 138.5
2024-11-07, 16:45:34, 136.5, 58.3, 23.0, 22.07, 9999.0, 9.61, 10.0, 21.75, 9999.0, 24.2, 9999.0, 117.7, 128.0, 120.25, 91.25, 138.5
2024-11-07, 16:45:38, 136.5, 58.3, 23.0, 22.07, 9999.0, 9.61, 10.0, 21.75, 9999.0, 24.2, 9999.0, 117.68, 127.98, 120.25, 91.25, 138.5
2024-11-07, 16:45:42, 136.5, 58.27, 23.0, 22.07, 9999.0, 9.61, 10.0, 21.75, 9999.0, 24.2, 9999.0, 117.66, 127.98, 120.25, 91.25, 138.5
2024-11-07, 16:45:46, 136.5, 58.27, 23.0, 22.05, 9999.0, 9.66, 10.0, 21.75, 9999.0, 24.18, 9999.0, 117.64, 127.98, 120.25, 91.25, 138.5
2024-11-07, 16:45:50, 136.5, 58.25, 23.0, 22.05, 9999.0, 9.66, 10.0, 21.75, 9999.0, 24.16, 9999.0, 117.64, 127.95, 120.25, 91.25, 138.5
2024-11-07, 16:45:54, 136.5, 58.25, 23.0, 22.05, 9999.0, 9.68, 10.0, 21.75, 9999.0, 24.14, 9999.0, 117.64, 127.93, 120.25, 91.25, 138.5
2024-11-07, 16:45:58, 136.5, 58.25, 23.0, 22.02, 9999.0, 9.68, 10.0, 21.75, 9999.0, 24.11, 9999.0, 117.64, 127.93, 120.25, 91.25, 138.5
2024-11-07, 16:46:02, 136.5, 58.25, 23.0, 22.02, 9999.0, 9.73, 10.0, 21.75, 9999.0, 24.09, 9999.0, 117.64, 127.93, 120.25, 91.25, 138.5
2024-11-07, 16:46:06, 136.5, 58.25, 23.0, 22.02, 9999.0, 9.75, 10.0, 21.75, 9999.0, 24.07, 9999.0, 117.66, 127.93, 120.25, 91.25, 138.5
2024-11-07, 16:46:10, 136.5, 58.25, 23.0, 22.02, 9999.0, 9.77, 10.0, 21.75, 9999.0, 24.05, 9999.0, 117.66, 127.93, 120.25, 91.25, 138.5
2024-11-07, 16:46:14, 136.5, 58.25, 23.0, 22.02, 9999.0, 9.8, 10.0, 21.75, 9999.0, 24.02, 9999.0, 117.66, 127.93, 120.25, 91.25, 138.5
2024-11-07, 16:46:18, 136.5, 58.25, 23.0, 22.02, 9999.0, 9.8, 10.0, 21.75, 9999.0, 24.0, 9999.0, 117.68, 127.93, 120.25, 91.25, 138.5
2024-11-07, 16:46:22, 136.5, 58.25, 23.0, 22.02, 9999.0, 9.8, 10.0, 21.75, 9999.0, 24.02, 9999.0, 117.7, 127.95, 120.25, 91.25, 138.5
2024-11-07, 16:46:26, 136.5, 58.25, 23.0, 22.02, 9999.0, 9.77, 10.0, 21.75, 9999.0, 24.05, 9999.0, 117.73, 127.95, 120.25, 91.25, 138.5
2024-11-07, 16:46:30, 136.5, 58.27, 23.0, 22.02, 9999.0, 9.73, 10.0, 21.75, 9999.0, 24.07, 9999.0, 117.75, 127.95, 120.25, 91.25, 138.5
2024-11-07, 16:46:34, 136.5, 58.27, 23.0, 22.05, 9999.0, 9.7, 10.0, 21.75, 9999.0, 24.09, 9999.0, 117.75, 127.98, 120.25, 91.25, 138.52
2024-11-07, 16:46:38, 136.5, 58.27, 23.0, 22.05, 9999.0, 9.68, 10.0, 21.75, 9999.0, 24.11, 9999.0, 117.73, 128.0, 120.25, 91.25, 138.52
2024-11-07, 16:46:42, 136.5, 58.27, 23.0, 22.05, 9999.0, 9.66, 10.0, 21.75, 9999.0, 24.14, 9999.0, 117.7, 128.0, 120.25, 91.25, 138.52
2024-11-07, 16:46:46, 136.5, 58.27, 23.0, 22.05, 9999.0, 9.61, 10.0, 21.75, 9999.0, 24.14, 9999.0, 117.68, 128.0, 120.25, 91.25, 138.52
2024-11-07, 16:46:50, 136.5, 58.27, 23.0, 22.05, 9999.0, 9.59, 10.0, 21.75, 9999.0, 24.14, 9999.0, 117.68, 128.0, 120.25, 91.25, 138.52
2024-11-07, 16:46:54, 136.5, 58.27, 23.0, 22.05, 9999.0, 9.59, 10.0, 21.75, 9999.0, 24.14, 9999.0, 117.66, 128.0, 120.25, 91.25, 138.52
2024-11-07, 16:46:58, 136.5, 58.27, 23.0, 22.05, 9999.0, 9.59, 10.0, 21.75, 9999.0, 24.14, 9999.0, 117.64, 128.0, 120.25, 91.25, 138.52
2024-11-07, 16:47:02, 136.5, 58.27, 23.0, 22.05, 9999.0, 9.59, 10.0, 21.75, 9999.0, 24.14, 9999.0, 117.61, 127.98, 120.25, 91.25, 138.52
2024-11-07, 16:47:06, 136.5, 58.27, 23.0, 22.05, 9999.0, 9.61, 10.0, 21.75, 9999.0, 24.11, 9999.0, 117.59, 127.98, 120.25, 91.25, 138.52
2024-11-07, 16:47:10, 136.5, 58.27, 23.0, 22.05, 9999.0, 9.64, 10.0, 21.75, 9999.0, 24.09, 9999.0, 117.59, 127.95, 120.25, 91.25, 138.55
2024-11-07, 16:47:14, 136.5, 58.25, 23.0, 22.05, 9999.0, 9.66, 10.0, 21.75, 9999.0, 24.07, 9999.0, 117.59, 127.93, 120.25, 91.25, 138.55
2024-11-07, 16:47:18, 136.5, 58.25, 23.0, 22.02, 9999.0, 9.68, 10.0, 21.75, 9999.0, 24.05, 9999.0, 117.59, 127.93, 120.25, 91.25, 138.52
2024-11-07, 16:47:22, 136.5, 58.27, 23.0, 22.05, 9999.0, 9.7, 10.0, 21.75, 9999.0, 24.02, 9999.0, 117.61, 127.93, 120.25, 91.25, 138.52
2024-11-07, 16:47:26, 136.5, 58.3, 23.0, 22.05, 9999.0, 9.73, 10.0, 21.75, 9999.0, 23.98, 9999.0, 117.64, 127.93, 120.25, 91.25, 138.52
2024-11-07, 16:47:30, 136.5, 58.3, 23.0, 22.05, 9999.0, 9.75, 10.0, 21.75, 9999.0, 23.98, 9999.0, 117.66, 127.93, 120.25, 91.25, 138.52
2024-11-07, 16:47:34, 136.5, 58.3, 23.0, 22.05, 9999.0, 9.77, 10.0, 21.73, 9999.0, 23.98, 9999.0, 117.66, 127.93, 120.25, 91.25, 138.52
2024-11-07, 16:47:38, 136.5, 58.3, 23.0, 22.02, 9999.0, 9.77, 10.0, 21.73, 9999.0, 23.98, 9999.0, 117.68, 127.93, 120.25, 91.25, 138.52
2024-11-07, 16:47:42, 136.5, 58.3, 23.0, 22.02, 9999.0, 9.77, 10.0, 21.73, 9999.0, 23.98, 9999.0, 117.7, 127.93, 120.25, 91.25, 138.52
2024-11-07, 16:47:46, 136.5, 58.3, 23.0, 22.02, 9999.0, 9.75, 10.0, 21.73, 9999.0, 24.0, 9999.0, 117.73, 127.95, 120.25, 91.25, 138.52
2024-11-07, 16:47:50, 136.5, 58.3, 23.0, 22.02, 9999.0, 9.7, 10.0, 21.73, 9999.0, 24.02, 9999.0, 117.75, 127.95, 120.25, 91.25, 138.52
2024-11-07, 16:47:54, 136.5, 58.3, 23.0, 22.02, 9999.0, 9.68, 10.0, 21.73, 9999.0, 24.05, 9999.0, 117.73, 127.98, 120.25, 91.25, 138.5
2024-11-07, 16:47:58, 136.5, 58.3, 23.0, 22.02, 9999.0, 9.66, 10.0, 21.73, 9999.0, 24.05, 9999.0, 117.7, 128.0, 120.25, 91.25, 138.5
2024-11-07, 16:48:02, 136.5, 58.3, 23.0, 22.02, 9999.0, 9.64, 10.0, 21.73, 9999.0, 24.05, 9999.0, 117.68, 128.0, 120.25, 91.25, 138.5
2024-11-07, 16:48:07, 136.5, 58.27, 23.0, 22.0, 9999.0, 9.61, 10.0, 21.73, 9999.0, 24.05, 9999.0, 117.66, 128.0, 120.25, 91.25, 138.5
2024-11-07, 16:48:11, 136.5, 58.27, 23.0, 22.0, 9999.0, 9.59, 10.0, 21.73, 9999.0, 24.07, 9999.0, 117.64, 128.0, 120.25, 91.23, 138.5
2024-11-07, 16:48:15, 136.5, 58.27, 23.0, 22.0, 9999.0, 9.59, 10.0, 21.73, 9999.0, 24.07, 9999.0, 117.61, 128.0, 120.25, 91.2, 138.5
2024-11-07, 16:48:19, 136.5, 58.27, 23.0, 22.0, 9999.0, 9.57, 10.0, 21.75, 9999.0, 24.07, 9999.0, 117.59, 128.0, 120.25, 91.2, 138.5
2024-11-07, 16:48:23, 136.5, 58.27, 23.0, 22.0, 9999.0, 9.59, 10.0, 21.75, 9999.0, 24.07, 9999.0, 117.57, 127.98, 120.25, 91.2, 138.5
2024-11-07, 16:48:27, 136.5, 58.27, 23.0, 22.0, 9999.0, 9.61, 10.0, 21.75, 9999.0, 24.07, 9999.0, 117.55, 127.98, 120.25, 91.2, 138.5
2024-11-07, 16:48:31, 136.5, 58.27, 23.0, 22.0, 9999.0, 9.64, 10.0, 21.75, 9999.0, 24.05, 9999.0, 117.55, 127.95, 120.25, 91.2, 138.5
2024-11-07, 16:48:35, 136.5, 58.27, 23.0, 22.0, 9999.0, 9.66, 10.0, 21.75, 9999.0, 24.0, 9999.0, 117.55, 127.95, 120.25, 91.2, 138.5
2024-11-07, 16:48:39, 136.5, 58.27, 23.0, 22.0, 9999.0, 9.68, 10.0, 21.75, 9999.0, 23.98, 9999.0, 117.59, 127.95, 120.25, 91.18, 138.5
2024-11-07, 16:48:43, 136.5, 58.27, 23.0, 22.0, 9999.0, 9.7, 10.0, 21.75, 9999.0, 23.95, 9999.0, 117.64, 127.95, 120.25, 91.18, 138.5
2024-11-07, 16:48:47, 136.5, 58.27, 23.0, 22.0, 9999.0, 9.73, 10.0, 21.75, 9999.0, 23.93, 9999.0, 117.68, 127.95, 120.25, 91.18, 138.52
2024-11-07, 16:48:51, 136.5, 58.27, 23.0, 22.0, 9999.0, 9.75, 10.0, 21.75, 9999.0, 23.93, 9999.0, 117.7, 127.95, 120.25, 91.18, 138.52
2024-11-07, 16:48:55, 136.5, 58.25, 23.0, 22.0, 9999.0, 9.77, 10.0, 21.75, 9999.0, 23.93, 9999.0, 117.73, 127.95, 120.25, 91.2, 138.52
2024-11-07, 16:48:59, 136.5, 58.27, 23.0, 22.0, 9999.0, 9.75, 10.0, 21.75, 9999.0, 23.95, 9999.0, 117.75, 127.95, 120.25, 91.23, 138.52
2024-11-07, 16:49:03, 136.5, 58.27, 23.0, 22.0, 9999.0, 9.77, 10.0, 21.75, 9999.0, 23.98, 9999.0, 117.77, 127.95, 120.25, 91.23, 138.52
2024-11-07, 16:49:07, 136.5, 58.27, 23.0, 22.0, 9999.0, 9.73, 10.0, 21.75, 9999.0, 24.0, 9999.0, 117.8, 127.98, 120.25, 91.23, 138.52
2024-11-07, 16:49:11, 136.5, 58.27, 23.0, 22.0, 9999.0, 9.68, 10.0, 21.75, 9999.0, 24.02, 9999.0, 117.82, 127.98, 120.25, 91.23, 138.52
2024-11-07, 16:49:15, 136.5, 58.27, 23.0, 22.02, 9999.0, 9.68, 10.0, 21.75, 9999.0, 24.02, 9999.0, 117.82, 128.0, 120.25, 91.23, 138.52
2024-11-07, 16:49:19, 136.5, 58.27, 23.0, 22.02, 9999.0, 9.66, 10.0, 21.75, 9999.0, 24.05, 9999.0, 117.8, 128.0, 120.25, 91.23, 138.52
2024-11-07, 16:49:23, 136.5, 58.27, 23.0, 22.02, 9999.0, 9.64, 10.0, 21.75, 9999.0, 24.05, 9999.0, 117.75, 128.0, 120.25, 91.25, 138.52
2024-11-07, 16:49:27, 136.5, 58.27, 23.0, 22.02, 9999.0, 9.61, 10.0, 21.75, 9999.0, 24.07, 9999.0, 117.7, 128.0, 120.25, 91.25, 138.52
2024-11-07, 16:49:31, 136.5, 58.27, 23.0, 22.02, 9999.0, 9.61, 10.0, 21.75, 9999.0, 24.09, 9999.0, 117.66, 127.98, 120.25, 91.23, 138.5
2024-11-07, 16:49:35, 136.5, 58.27, 23.0, 22.02, 9999.0, 9.61, 10.0, 21.75, 9999.0, 24.09, 9999.0, 117.64, 127.98, 120.25, 91.23, 138.5
2024-11-07, 16:49:39, 136.5, 58.27, 23.0, 22.02, 9999.0, 9.61, 10.0, 21.75, 9999.0, 24.09, 9999.0, 117.61, 127.98, 120.25, 91.23, 138.5
2024-11-07, 16:49:43, 136.5, 58.25, 22.98, 22.02, 9999.0, 9.64, 10.0, 21.75, 9999.0, 24.07, 9999.0, 117.59, 127.95, 120.25, 91.23, 138.5
2024-11-07, 16:49:47, 136.5, 58.25, 22.98, 22.02, 9999.0, 9.64, 10.0, 21.75, 9999.0, 24.05, 9999.0, 117.57, 127.95, 120.25, 91.23, 138.5
2024-11-07, 16:49:51, 136.5, 58.25, 22.98, 22.02, 9999.0, 9.66, 10.0, 21.73, 9999.0, 24.02, 9999.0, 117.57, 127.95, 120.25, 91.23, 138.5
2024-11-07, 16:49:55, 136.5, 58.25, 22.98, 22.02, 9999.0, 9.68, 10.0, 21.73, 9999.0, 24.0, 9999.0, 117.57, 127.93, 120.25, 91.23, 138.5
2024-11-07, 16:49:59, 136.5, 58.25, 22.98, 22.0, 9999.0, 9.68, 10.0, 21.73, 9999.0, 24.0, 9999.0, 117.59, 127.93, 120.25, 91.23, 138.5
2024-11-07, 16:50:03, 136.5, 58.25, 22.98, 22.0, 9999.0, 9.7, 10.0, 21.73, 9999.0, 23.98, 9999.0, 117.61, 127.93, 120.25, 91.23, 138.5
2024-11-07, 16:50:07, 136.5, 58.25, 22.98, 22.02, 9999.0, 9.73, 10.0, 21.73, 9999.0, 23.95, 9999.0, 117.64, 127.93, 120.25, 91.23, 138.5
2024-11-07, 16:50:11, 136.5, 58.25, 22.98, 22.05, 9999.0, 9.75, 10.0, 21.73, 9999.0, 23.95, 9999.0, 117.66, 127.93, 120.25, 91.23, 138.5
2024-11-07, 16:50:16, 136.5, 58.25, 22.98, 22.05, 9999.0, 9.75, 10.0, 21.73, 9999.0, 23.95, 9999.0, 117.68, 127.95, 120.25, 91.25, 138.5
2024-11-07, 16:50:20, 136.5, 58.25, 22.98, 22.05, 9999.0, 9.73, 10.0, 21.73, 9999.0, 23.95, 9999.0, 117.7, 127.95, 120.25, 91.25, 138.5
2024-11-07, 16:50:24, 136.5, 58.25, 22.98, 22.05, 9999.0, 9.7, 10.0, 21.73, 9999.0, 23.98, 9999.0, 117.73, 127.95, 120.25, 91.25, 138.5
2024-11-07, 16:50:28, 136.5, 58.25, 23.0, 22.05, 9999.0, 9.68, 10.0, 21.73, 9999.0, 24.0, 9999.0, 117.75, 127.98, 120.25, 91.25, 138.5
2024-11-07, 16:50:32, 136.5, 58.25, 23.0, 22.05, 9999.0, 9.66, 10.0, 21.73, 9999.0, 24.02, 9999.0, 117.77, 127.98, 120.25, 91.25, 138.5
2024-11-07, 16:50:36, 136.5, 58.25, 23.0, 22.05, 9999.0, 9.64, 10.0, 21.75, 9999.0, 24.05, 9999.0, 117.77, 127.98, 120.25, 91.25, 138.5
2024-11-07, 16:50:40, 136.5, 58.25, 23.0, 22.05, 9999.0, 9.61, 10.0, 21.75, 9999.0, 24.07, 9999.0, 117.75, 128.0, 120.25, 91.25, 138.5
2024-11-07, 16:50:44, 136.5, 58.25, 23.0, 22.05, 9999.0, 9.59, 10.0, 21.75, 9999.0, 24.07, 9999.0, 117.7, 128.0, 120.25, 91.25, 138.5
2024-11-07, 16:50:48, 136.5, 58.25, 23.0, 22.05, 9999.0, 9.57, 10.0, 21.75, 9999.0, 24.09, 9999.0, 117.68, 128.0, 120.25, 91.25, 138.5
2024-11-07, 16:50:52, 136.5, 58.25, 23.0, 22.02, 9999.0, 9.57, 10.0, 21.75, 9999.0, 24.11, 9999.0, 117.66, 128.0, 120.25, 91.25, 138.5
2024-11-07, 16:50:56, 136.5, 58.25, 23.0, 22.0, 9999.0, 9.57, 10.0, 21.75, 9999.0, 24.11, 9999.0, 117.64, 128.0, 120.25, 91.25, 138.5
2024-11-07, 16:51:00, 136.5, 58.25, 23.0, 22.0, 9999.0, 9.57, 10.0, 21.75, 9999.0, 24.11, 9999.0, 117.61, 127.98, 120.25, 91.25, 138.5
2024-11-07, 16:51:04, 136.5, 58.25, 23.0, 22.02, 9999.0, 9.61, 10.0, 21.75, 9999.0, 24.14, 9999.0, 117.59, 127.98, 120.25, 91.23, 138.5
2024-11-07, 16:51:08, 136.5, 58.25, 23.0, 22.05, 9999.0, 9.66, 10.0, 21.75, 9999.0, 24.11, 9999.0, 117.59, 127.98, 120.25, 91.23, 138.5
2024-11-07, 16:51:12, 136.5, 58.25, 23.0, 22.05, 9999.0, 9.68, 10.0, 21.75, 9999.0, 24.09, 9999.0, 117.59, 127.98, 120.25, 91.2, 138.5
2024-11-07, 16:51:16, 136.5, 58.25, 23.0, 22.05, 9999.0, 9.7, 10.0, 21.75, 9999.0, 24.07, 9999.0, 117.59, 127.98, 120.25, 91.18, 138.5
2024-11-07, 16:51:20, 136.5, 58.25, 23.0, 22.05, 9999.0, 9.73, 10.0, 21.75, 9999.0, 24.05, 9999.0, 117.61, 127.98, 120.25, 91.18, 138.5
2024-11-07, 16:51:24, 136.5, 58.25, 23.0, 22.07, 9999.0, 9.75, 10.0, 21.75, 9999.0, 24.02, 9999.0, 117.66, 127.98, 120.25, 91.18, 138.5
2024-11-07, 16:51:28, 136.5, 58.25, 23.0, 22.09, 9999.0, 9.77, 10.0, 21.75, 9999.0, 24.02, 9999.0, 117.68, 127.98, 120.25, 91.18, 138.5
2024-11-07, 16:51:32, 136.5, 58.25, 23.0, 22.11, 9999.0, 9.8, 10.0, 21.75, 9999.0, 24.05, 9999.0, 117.7, 127.98, 120.25, 91.18, 138.5
2024-11-07, 16:51:36, 136.5, 58.25, 23.0, 22.11, 9999.0, 9.77, 10.0, 21.75, 9999.0, 24.07, 9999.0, 117.73, 127.98, 120.25, 91.18, 138.5
2024-11-07, 16:51:40, 136.5, 58.25, 23.0, 22.11, 9999.0, 9.77, 10.0, 21.75, 9999.0, 24.11, 9999.0, 117.75, 127.98, 120.25, 91.18, 138.5
2024-11-07, 16:51:44, 136.5, 58.25, 23.0, 22.11, 9999.0, 9.75, 10.0, 21.75, 9999.0, 24.16, 9999.0, 117.77, 128.0, 120.25, 91.18, 138.5
2024-11-07, 16:51:48, 136.5, 58.25, 23.0, 22.11, 9999.0, 9.7, 10.0, 21.75, 9999.0, 24.16, 9999.0, 117.8, 128.0, 120.25, 91.2, 138.5
2024-11-07, 16:51:52, 136.5, 58.25, 23.0, 22.09, 9999.0, 9.66, 10.0, 21.75, 9999.0, 24.18, 9999.0, 117.77, 128.0, 120.25, 91.2, 138.5
2024-11-07, 16:51:56, 136.5, 58.25, 23.0, 22.09, 9999.0, 9.64, 10.0, 21.75, 9999.0, 24.2, 9999.0, 117.77, 128.0, 120.25, 91.23, 138.5
2024-11-07, 16:52:00, 136.5, 58.25, 23.0, 22.09, 9999.0, 9.61, 10.0, 21.75, 9999.0, 24.23, 9999.0, 117.75, 128.0, 120.25, 91.25, 138.5
2024-11-07, 16:52:04, 136.5, 58.25, 23.0, 22.09, 9999.0, 9.59, 10.0, 21.75, 9999.0, 24.25, 9999.0, 117.7, 128.0, 120.25, 91.25, 138.5
2024-11-07, 16:52:08, 136.5, 58.25, 23.0, 22.07, 9999.0, 9.57, 10.0, 21.75, 9999.0, 24.27, 9999.0, 117.66, 128.0, 120.25, 91.25, 138.5
2024-11-07, 16:52:12, 136.5, 58.25, 23.0, 22.05, 9999.0, 9.57, 10.0, 21.75, 9999.0, 24.3, 9999.0, 117.64, 128.0, 120.25, 91.25, 138.5
2024-11-07, 16:52:16, 136.5, 58.25, 23.0, 22.02, 9999.0, 9.57, 10.0, 21.75, 9999.0, 24.3, 9999.0, 117.61, 128.0, 120.25, 91.25, 138.5
2024-11-07, 16:52:20, 136.5, 58.25, 23.0, 22.05, 9999.0, 9.59, 10.0, 21.75, 9999.0, 24.3, 9999.0, 117.59, 128.0, 120.25, 91.25, 138.5
2024-11-07, 16:52:25, 136.5, 58.25, 23.0, 22.05, 9999.0, 9.59, 10.0, 21.75, 9999.0, 24.25, 9999.0, 117.57, 128.0, 120.25, 91.25, 138.5
2024-11-07, 16:52:29, 136.5, 58.25, 23.0, 22.05, 9999.0, 9.61, 10.0, 21.75, 9999.0, 24.2, 9999.0, 117.57, 128.0, 120.25, 91.23, 138.5
2024-11-07, 16:52:33, 136.5, 58.25, 23.0, 22.02, 9999.0, 9.64, 10.0, 21.75, 9999.0, 24.18, 9999.0, 117.57, 128.0, 120.25, 91.23, 138.5
2024-11-07, 16:52:37, 136.5, 58.25, 23.0, 22.02, 9999.0, 9.66, 10.0, 21.75, 9999.0, 24.16, 9999.0, 117.59, 127.98, 120.25, 91.23, 138.5
2024-11-07, 16:52:41, 136.5, 58.25, 22.98, 22.05, 9999.0, 9.68, 10.0, 21.75, 9999.0, 24.14, 9999.0, 117.61, 127.98, 120.25, 91.23, 138.5
2024-11-07, 16:52:45, 136.5, 58.25, 22.98, 22.05, 9999.0, 9.7, 10.0, 21.75, 9999.0, 24.11, 9999.0, 117.64, 127.98, 120.25, 91.23, 138.5
2024-11-07, 16:52:49, 136.5, 58.25, 22.98, 22.07, 9999.0, 9.73, 10.0, 21.75, 9999.0, 24.11, 9999.0, 117.66, 127.98, 120.25, 91.23, 138.5
2024-11-07, 16:52:53, 136.5, 58.25, 22.98, 22.07, 9999.0, 9.75, 10.0, 21.75, 9999.0, 24.11, 9999.0, 117.68, 127.98, 120.25, 91.23, 138.5
2024-11-07, 16:52:57, 136.5, 58.25, 22.98, 22.07, 9999.0, 9.75, 10.0, 21.75, 9999.0, 24.11, 9999.0, 117.7, 127.98, 120.25, 91.23, 138.5
2024-11-07, 16:53:01, 136.5, 58.25, 22.98, 22.07, 9999.0, 9.73, 10.0, 21.75, 9999.0, 24.14, 9999.0, 117.73, 127.98, 120.25, 91.23, 138.5
2024-11-07, 16:53:05, 136.5, 58.25, 22.98, 22.07, 9999.0, 9.7, 10.0, 21.75, 9999.0, 24.16, 9999.0, 117.75, 127.98, 120.25, 91.23, 138.5
2024-11-07, 16:53:09, 136.5, 58.25, 22.98, 22.07, 9999.0, 9.68, 10.0, 21.75, 9999.0, 24.2, 9999.0, 117.77, 127.98, 120.25, 91.23, 138.5
2024-11-07, 16:53:13, 136.5, 58.25, 22.98, 22.07, 9999.0, 9.66, 10.0, 21.75, 9999.0, 24.25, 9999.0, 117.77, 127.98, 120.25, 91.23, 138.5
2024-11-07, 16:53:17, 136.5, 58.25, 22.98, 22.09, 9999.0, 9.64, 10.0, 21.75, 9999.0, 24.27, 9999.0, 117.77, 127.98, 120.25, 91.2, 138.5
2024-11-07, 16:53:21, 136.5, 58.27, 22.98, 22.09, 9999.0, 9.61, 10.0, 21.75, 9999.0, 24.3, 9999.0, 117.75, 128.0, 120.25, 91.18, 138.5
2024-11-07, 16:53:25, 136.5, 58.27, 23.0, 22.09, 9999.0, 9.59, 10.0, 21.75, 9999.0, 24.32, 9999.0, 117.7, 127.98, 120.25, 91.18, 138.5
2024-11-07, 16:53:29, 136.5, 58.27, 23.0, 22.09, 9999.0, 9.57, 10.0, 21.75, 9999.0, 24.34, 9999.0, 117.68, 127.95, 120.25, 91.16, 138.5
2024-11-07, 16:53:33, 136.5, 58.27, 23.0, 22.09, 9999.0, 9.57, 10.0, 21.75, 9999.0, 24.34, 9999.0, 117.66, 127.95, 120.25, 91.16, 138.5
2024-11-07, 16:53:37, 136.5, 58.27, 23.0, 22.11, 9999.0, 9.57, 10.0, 21.75, 9999.0, 24.34, 9999.0, 117.64, 127.95, 120.25, 91.16, 138.5
2024-11-07, 16:53:41, 136.5, 58.27, 23.0, 22.11, 9999.0, 9.57, 10.0, 21.75, 9999.0, 24.34, 9999.0, 117.61, 127.95, 120.25, 91.14, 138.5
2024-11-07, 16:53:45, 136.5, 58.27, 23.0, 22.11, 9999.0, 9.61, 10.0, 21.75, 9999.0, 24.3, 9999.0, 117.59, 127.93, 120.25, 91.11, 138.5
2024-11-07, 16:53:49, 136.5, 58.27, 23.0, 22.09, 9999.0, 9.64, 10.0, 21.75, 9999.0, 24.25, 9999.0, 117.59, 127.93, 120.25, 91.09, 138.5
2024-11-07, 16:53:53, 136.5, 58.27, 23.0, 22.09, 9999.0, 9.66, 10.0, 21.75, 9999.0, 24.2, 9999.0, 117.59, 127.91, 120.25, 91.07, 138.5
2024-11-07, 16:53:57, 136.5, 58.27, 23.0, 22.09, 9999.0, 9.68, 10.0, 21.75, 9999.0, 24.16, 9999.0, 117.59, 127.91, 120.25, 91.09, 138.5
2024-11-07, 16:54:01, 136.5, 58.27, 23.0, 22.07, 9999.0, 9.7, 10.0, 21.75, 9999.0, 24.14, 9999.0, 117.61, 127.91, 120.25, 91.11, 138.5
2024-11-07, 16:54:05, 136.5, 58.25, 23.0, 22.07, 9999.0, 9.73, 10.0, 21.75, 9999.0, 24.11, 9999.0, 117.66, 127.91, 120.25, 91.14, 138.5
2024-11-07, 16:54:09, 136.5, 58.25, 23.0, 22.07, 9999.0, 9.75, 10.0, 21.75, 9999.0, 24.11, 9999.0, 117.68, 127.91, 120.25, 91.11, 138.5
2024-11-07, 16:54:13, 136.5, 58.25, 23.0, 22.09, 9999.0, 9.75, 10.0, 21.75, 9999.0, 24.11, 9999.0, 117.7, 127.93, 120.25, 91.11, 138.5
2024-11-07, 16:54:17, 136.5, 58.25, 23.0, 22.07, 9999.0, 9.75, 10.0, 21.75, 9999.0, 24.11, 9999.0, 117.73, 127.93, 120.25, 91.09, 138.5
2024-11-07, 16:54:21, 136.5, 58.25, 23.0, 22.05, 9999.0, 9.73, 10.0, 21.75, 9999.0, 24.14, 9999.0, 117.75, 127.93, 120.25, 91.09, 138.5
2024-11-07, 16:54:25, 136.5, 58.25, 23.0, 22.05, 9999.0, 9.7, 10.0, 21.75, 9999.0, 24.14, 9999.0, 117.77, 127.93, 120.25, 91.09, 138.5
2024-11-07, 16:54:29, 136.5, 58.25, 23.0, 22.05, 9999.0, 9.66, 10.0, 21.75, 9999.0, 24.16, 9999.0, 117.8, 127.95, 120.25, 91.11, 138.5
2024-11-07, 16:54:33, 136.5, 58.25, 23.0, 22.07, 9999.0, 9.64, 10.0, 21.75, 9999.0, 24.18, 9999.0, 117.8, 127.95, 120.25, 91.11, 138.5
2024-11-07, 16:54:37, 136.5, 58.25, 23.0, 22.07, 9999.0, 9.61, 10.0, 21.75, 9999.0, 24.23, 9999.0, 117.8, 127.98, 120.25, 91.14, 138.5
2024-11-07, 16:54:41, 136.5, 58.25, 23.0, 22.07, 9999.0, 9.59, 10.0, 21.75, 9999.0, 24.25, 9999.0, 117.77, 127.98, 120.25, 91.14, 138.5
2024-11-07, 16:54:45, 136.5, 58.25, 23.0, 22.07, 9999.0, 9.57, 10.0, 21.75, 9999.0, 24.27, 9999.0, 117.73, 127.98, 120.25, 91.11, 138.5
2024-11-07, 16:54:49, 136.5, 58.25, 23.0, 22.07, 9999.0, 9.55, 10.0, 21.75, 9999.0, 24.27, 9999.0, 117.68, 127.95, 120.25, 91.11, 138.5
2024-11-07, 16:54:53, 136.5, 58.25, 23.0, 22.05, 9999.0, 9.55, 10.0, 21.75, 9999.0, 24.25, 9999.0, 117.66, 127.98, 120.25, 91.14, 138.5
2024-11-07, 16:54:57, 136.5, 58.25, 23.0, 22.02, 9999.0, 9.57, 10.0, 21.75, 9999.0, 24.23, 9999.0, 117.64, 127.95, 120.25, 91.16, 138.5
2024-11-07, 16:55:01, 136.5, 58.25, 23.0, 22.02, 9999.0, 9.57, 10.0, 21.75, 9999.0, 24.2, 9999.0, 117.61, 127.95, 120.25, 91.16, 138.5
2024-11-07, 16:55:05, 136.5, 58.25, 23.0, 22.05, 9999.0, 9.61, 10.0, 21.75, 9999.0, 24.16, 9999.0, 117.59, 127.93, 120.25, 91.16, 138.5
2024-11-07, 16:55:09, 136.5, 58.25, 23.0, 22.05, 9999.0, 9.64, 10.0, 21.75, 9999.0, 24.14, 9999.0, 117.59, 127.91, 120.25, 91.18, 138.5
2024-11-07, 16:55:13, 136.5, 58.25, 23.0, 22.05, 9999.0, 9.66, 10.0, 21.75, 9999.0, 24.11, 9999.0, 117.57, 127.91, 120.25, 91.16, 138.5
2024-11-07, 16:55:17, 136.5, 58.25, 23.0, 22.02, 9999.0, 9.68, 10.0, 21.75, 9999.0, 24.09, 9999.0, 117.57, 127.91, 120.25, 91.16, 138.5
2024-11-07, 16:55:21, 136.5, 58.25, 23.0, 22.02, 9999.0, 9.7, 10.0, 21.75, 9999.0, 24.05, 9999.0, 117.57, 127.89, 120.25, 91.16, 138.5
2024-11-07, 16:55:25, 136.5, 58.25, 23.0, 22.02, 9999.0, 9.73, 10.0, 21.75, 9999.0, 24.02, 9999.0, 117.59, 127.89, 120.25, 91.16, 138.5
2024-11-07, 16:55:29, 136.5, 58.25, 23.0, 22.05, 9999.0, 9.75, 10.0, 21.75, 9999.0, 24.02, 9999.0, 117.61, 127.89, 120.25, 91.18, 138.5
2024-11-07, 16:55:33, 136.5, 58.25, 23.0, 22.05, 9999.0, 9.77, 10.0, 21.75, 9999.0, 24.05, 9999.0, 117.64, 127.91, 120.25, 91.18, 138.5
2024-11-07, 16:55:37, 136.5, 58.25, 23.0, 22.05, 9999.0, 9.77, 10.0, 21.75, 9999.0, 24.07, 9999.0, 117.66, 127.91, 120.25, 91.16, 138.5
2024-11-07, 16:55:41, 136.5, 58.25, 23.0, 22.07, 9999.0, 9.77, 10.0, 21.75, 9999.0, 24.09, 9999.0, 117.68, 127.93, 120.25, 91.16, 138.5
2024-11-07, 16:55:45, 136.5, 58.25, 23.0, 22.07, 9999.0, 9.75, 10.0, 21.75, 9999.0, 24.11, 9999.0, 117.7, 127.93, 120.25, 91.16, 138.5
2024-11-07, 16:55:49, 136.5, 58.25, 23.0, 22.05, 9999.0, 9.7, 10.0, 21.75, 9999.0, 24.14, 9999.0, 117.73, 127.95, 120.25, 91.14, 138.5
2024-11-07, 16:55:53, 136.5, 58.27, 23.0, 22.05, 9999.0, 9.68, 10.0, 21.75, 9999.0, 24.16, 9999.0, 117.7, 127.98, 120.25, 91.14, 138.5
2024-11-07, 16:55:58, 136.5, 58.27, 23.0, 22.05, 9999.0, 9.66, 10.0, 21.75, 9999.0, 24.16, 9999.0, 117.7, 127.98, 120.25, 91.14, 138.5
2024-11-07, 16:56:02, 136.5, 58.27, 23.0, 22.05, 9999.0, 9.64, 10.0, 21.75, 9999.0, 24.16, 9999.0, 117.68, 127.98, 120.25, 91.16, 138.5
2024-11-07, 16:56:06, 136.5, 58.27, 23.0, 22.05, 9999.0, 9.61, 10.0, 21.75, 9999.0, 24.16, 9999.0, 117.66, 128.0, 120.25, 91.16, 138.5
2024-11-07, 16:56:10, 136.5, 58.27, 23.0, 22.05, 9999.0, 9.59, 10.0, 21.75, 9999.0, 24.16, 9999.0, 117.64, 128.0, 120.25, 91.16, 138.5
2024-11-07, 16:56:14, 136.5, 58.27, 22.98, 22.02, 9999.0, 9.57, 10.0, 21.75, 9999.0, 24.14, 9999.0, 117.61, 127.98, 120.25, 91.14, 138.5
2024-11-07, 16:56:18, 136.5, 58.27, 22.98, 22.02, 9999.0, 9.55, 10.0, 21.75, 9999.0, 24.11, 9999.0, 117.59, 127.98, 120.25, 91.11, 138.5
2024-11-07, 16:56:22, 136.5, 58.27, 22.98, 22.02, 9999.0, 9.55, 10.0, 21.73, 9999.0, 24.09, 9999.0, 117.57, 127.98, 120.25, 91.14, 138.5
2024-11-07, 16:56:26, 136.5, 58.27, 22.98, 22.0, 9999.0, 9.55, 10.0, 21.73, 9999.0, 24.07, 9999.0, 117.55, 127.95, 120.25, 91.14, 138.5
2024-11-07, 16:56:30, 136.5, 58.27, 22.95, 22.0, 9999.0, 9.57, 10.0, 21.73, 9999.0, 24.05, 9999.0, 117.55, 127.93, 120.25, 91.14, 138.5
2024-11-07, 16:56:34, 136.5, 58.27, 22.93, 22.0, 9999.0, 9.59, 10.0, 21.7, 9999.0, 24.02, 9999.0, 117.55, 127.91, 120.25, 91.16, 138.5
2024-11-07, 16:56:38, 136.5, 58.25, 22.93, 22.0, 9999.0, 9.61, 10.0, 21.7, 9999.0, 24.0, 9999.0, 117.57, 127.91, 120.25, 91.16, 138.5
2024-11-07, 16:56:42, 136.5, 58.25, 22.93, 22.0, 9999.0, 9.64, 10.0, 21.7, 9999.0, 24.0, 9999.0, 117.61, 127.91, 120.25, 91.18, 138.5
2024-11-07, 16:56:46, 136.5, 58.25, 22.93, 22.0, 9999.0, 9.66, 10.0, 21.7, 9999.0, 24.0, 9999.0, 117.64, 127.89, 120.25, 91.18, 138.5
2024-11-07, 16:56:50, 136.5, 58.25, 22.93, 22.0, 9999.0, 9.68, 10.0, 21.7, 9999.0, 24.02, 9999.0, 117.66, 127.86, 120.25, 91.18, 138.5
2024-11-07, 16:56:54, 136.5, 58.25, 22.91, 22.0, 9999.0, 9.68, 10.0, 21.7, 9999.0, 24.05, 9999.0, 117.68, 127.86, 120.25, 91.16, 138.5
2024-11-07, 16:56:58, 136.5, 58.25, 22.91, 22.02, 9999.0, 9.7, 10.0, 21.7, 9999.0, 24.07, 9999.0, 117.7, 127.89, 120.25, 91.16, 138.5
2024-11-07, 16:57:02, 136.5, 58.25, 22.91, 22.02, 9999.0, 9.7, 10.0, 21.7, 9999.0, 24.11, 9999.0, 117.73, 127.89, 120.25, 91.16, 138.5
2024-11-07, 16:57:06, 136.5, 58.25, 22.89, 22.02, 9999.0, 9.68, 10.0, 21.73, 9999.0, 24.14, 9999.0, 117.75, 127.89, 120.25, 91.16, 138.5
2024-11-07, 16:57:10, 136.5, 58.25, 22.86, 22.02, 9999.0, 9.66, 10.0, 21.73, 9999.0, 24.16, 9999.0, 117.77, 127.91, 120.25, 91.14, 138.5
2024-11-07, 16:57:14, 136.5, 58.25, 22.89, 22.02, 9999.0, 9.64, 10.0, 21.73, 9999.0, 24.18, 9999.0, 117.77, 127.93, 120.25, 91.14, 138.5
2024-11-07, 16:57:18, 136.5, 58.25, 22.91, 22.02, 9999.0, 9.61, 9.98, 21.75, 9999.0, 24.2, 9999.0, 117.77, 127.95, 120.25, 91.11, 138.5
2024-11-07, 16:57:22, 136.5, 58.25, 22.89, 22.02, 9999.0, 9.59, 9.98, 21.73, 9999.0, 24.2, 9999.0, 117.75, 127.95, 120.25, 91.11, 138.5
2024-11-07, 16:57:26, 136.5, 58.25, 22.89, 22.02, 9999.0, 9.57, 9.95, 21.73, 9999.0, 24.2, 9999.0, 117.7, 127.93, 120.25, 91.11, 138.5
2024-11-07, 16:57:30, 136.5, 58.25, 22.89, 22.05, 9999.0, 9.55, 9.95, 21.7, 9999.0, 24.2, 9999.0, 117.68, 127.95, 120.25, 91.11, 138.5
2024-11-07, 16:57:34, 136.5, 58.25, 22.86, 22.05, 9999.0, 9.55, 9.93, 21.7, 9999.0, 24.18, 9999.0, 117.66, 127.98, 120.25, 91.11, 138.5
2024-11-07, 16:57:38, 136.5, 58.25, 22.86, 22.05, 9999.0, 9.57, 9.91, 21.7, 9999.0, 24.16, 9999.0, 117.64, 127.95, 120.25, 91.14, 138.5
2024-11-07, 16:57:42, 136.5, 58.25, 22.89, 22.02, 9999.0, 9.57, 9.91, 21.7, 9999.0, 24.14, 9999.0, 117.61, 127.95, 120.25, 91.14, 138.5
2024-11-07, 16:57:46, 136.5, 58.25, 22.89, 22.02, 9999.0, 9.61, 9.91, 21.7, 9999.0, 24.09, 9999.0, 117.59, 127.95, 120.25, 91.16, 138.5
2024-11-07, 16:57:50, 136.5, 58.25, 22.91, 22.02, 9999.0, 9.64, 9.91, 21.7, 9999.0, 24.07, 9999.0, 117.59, 127.93, 120.25, 91.14, 138.5
2024-11-07, 16:57:54, 136.5, 58.25, 22.91, 22.02, 9999.0, 9.66, 9.91, 21.7, 9999.0, 24.02, 9999.0, 117.57, 127.91, 120.25, 91.16, 138.5
2024-11-07, 16:57:58, 136.5, 58.25, 22.91, 22.02, 9999.0, 9.68, 9.91, 21.7, 9999.0, 24.0, 9999.0, 117.57, 127.91, 120.25, 91.18, 138.5
2024-11-07, 16:58:02, 136.5, 58.25, 22.89, 22.02, 9999.0, 9.7, 9.93, 21.7, 9999.0, 23.95, 9999.0, 117.59, 127.91, 120.25, 91.2, 138.5
2024-11-07, 16:58:06, 136.5, 58.25, 22.91, 22.02, 9999.0, 9.73, 9.93, 21.73, 9999.0, 23.93, 9999.0, 117.61, 127.89, 120.25, 91.2, 138.5
2024-11-07, 16:58:10, 136.5, 58.25, 22.91, 22.05, 9999.0, 9.75, 9.95, 21.73, 9999.0, 23.93, 9999.0, 117.64, 127.91, 120.25, 91.2, 138.5
2024-11-07, 16:58:14, 136.5, 58.25, 22.91, 22.02, 9999.0, 9.77, 9.95, 21.75, 9999.0, 23.93, 9999.0, 117.66, 127.89, 120.25, 91.2, 138.5
2024-11-07, 16:58:18, 136.5, 58.25, 22.93, 22.02, 9999.0, 9.75, 9.98, 21.75, 9999.0, 23.93, 9999.0, 117.68, 127.89, 120.25, 91.2, 138.5
2024-11-07, 16:58:22, 136.5, 58.25, 22.95, 22.02, 9999.0, 9.75, 10.0, 21.75, 9999.0, 23.95, 9999.0, 117.7, 127.91, 120.25, 91.2, 138.5
2024-11-07, 16:58:26, 136.5, 58.25, 22.95, 22.02, 9999.0, 9.73, 10.0, 21.75, 9999.0, 23.98, 9999.0, 117.73, 127.91, 120.25, 91.23, 138.5
2024-11-07, 16:58:30, 136.5, 58.25, 22.95, 22.02, 9999.0, 9.68, 10.0, 21.75, 9999.0, 24.0, 9999.0, 117.75, 127.91, 120.25, 91.23, 138.5
2024-11-07, 16:58:34, 136.5, 58.25, 22.95, 22.02, 9999.0, 9.66, 10.0, 21.75, 9999.0, 24.0, 9999.0, 117.75, 127.93, 120.25, 91.25, 138.5
2024-11-07, 16:58:38, 136.5, 58.25, 22.95, 22.02, 9999.0, 9.64, 10.0, 21.75, 9999.0, 24.02, 9999.0, 117.75, 127.95, 120.25, 91.25, 138.5
2024-11-07, 16:58:42, 136.5, 58.25, 22.95, 22.02, 9999.0, 9.61, 10.0, 21.75, 9999.0, 24.02, 9999.0, 117.75, 127.95, 120.25, 91.25, 138.5
2024-11-07, 16:58:46, 136.5, 58.25, 22.98, 22.02, 9999.0, 9.59, 10.0, 21.75, 9999.0, 24.05, 9999.0, 117.7, 127.95, 120.25, 91.25, 138.5
2024-11-07, 16:58:50, 136.5, 58.25, 22.98, 22.02, 9999.0, 9.57, 10.0, 21.75, 9999.0, 24.07, 9999.0, 117.68, 127.98, 120.25, 91.25, 138.5
2024-11-07, 16:58:54, 136.5, 58.25, 22.98, 22.0, 9999.0, 9.57, 10.0, 21.75, 9999.0, 24.05, 9999.0, 117.66, 127.95, 120.25, 91.25, 138.5
2024-11-07, 16:58:58, 136.5, 58.25, 22.98, 22.0, 9999.0, 9.57, 10.0, 21.73, 9999.0, 24.02, 9999.0, 117.64, 127.95, 120.25, 91.25, 138.5
2024-11-07, 16:59:02, 136.5, 58.25, 22.95, 22.0, 9999.0, 9.59, 10.0, 21.73, 9999.0, 24.0, 9999.0, 117.61, 127.93, 120.25, 91.23, 138.5
2024-11-07, 16:59:06, 136.5, 58.25, 22.93, 22.0, 9999.0, 9.59, 10.0, 21.73, 9999.0, 23.95, 9999.0, 117.59, 127.91, 120.25, 91.2, 138.5
2024-11-07, 16:59:10, 136.5, 58.25, 22.91, 22.0, 9999.0, 9.61, 10.0, 21.73, 9999.0, 23.93, 9999.0, 117.59, 127.91, 120.25, 91.2, 138.5
2024-11-07, 16:59:14, 136.5, 58.25, 22.91, 22.0, 9999.0, 9.64, 10.0, 21.73, 9999.0, 23.89, 9999.0, 117.59, 127.91, 120.25, 91.18, 138.5
2024-11-07, 16:59:18, 136.5, 58.25, 22.91, 22.0, 9999.0, 9.66, 10.0, 21.73, 9999.0, 23.86, 9999.0, 117.59, 127.91, 120.25, 91.18, 138.5
2024-11-07, 16:59:22, 136.5, 58.25, 22.93, 22.0, 9999.0, 9.68, 10.0, 21.73, 9999.0, 23.84, 9999.0, 117.61, 127.91, 120.25, 91.18, 138.5
2024-11-07, 16:59:26, 136.5, 58.25, 22.93, 22.0, 9999.0, 9.7, 10.0, 21.73, 9999.0, 23.82, 9999.0, 117.64, 127.91, 120.25, 91.18, 138.5
2024-11-07, 16:59:31, 136.5, 58.25, 22.93, 22.0, 9999.0, 9.7, 10.0, 21.73, 9999.0, 23.82, 9999.0, 117.66, 127.91, 120.25, 91.18, 138.5
2024-11-07, 16:59:35, 136.5, 58.25, 22.93, 22.0, 9999.0, 9.73, 10.0, 21.73, 9999.0, 23.82, 9999.0, 117.68, 127.91, 120.25, 91.18, 138.5
2024-11-07, 16:59:39, 136.5, 58.25, 22.93, 22.0, 9999.0, 9.73, 10.0, 21.73, 9999.0, 23.86, 9999.0, 117.7, 127.93, 120.25, 91.18, 138.5
2024-11-07, 16:59:43, 136.5, 58.25, 22.93, 22.0, 9999.0, 9.7, 10.0, 21.75, 9999.0, 23.91, 9999.0, 117.73, 127.95, 120.25, 91.18, 138.5
2024-11-07, 16:59:47, 136.5, 58.25, 22.95, 22.0, 9999.0, 9.7, 10.0, 21.75, 9999.0, 23.93, 9999.0, 117.75, 127.98, 120.25, 91.2, 138.5
2024-11-07, 16:59:51, 136.5, 58.25, 22.98, 22.0, 9999.0, 9.68, 10.0, 21.75, 9999.0, 23.98, 9999.0, 117.77, 128.0, 120.25, 91.23, 138.5
2024-11-07, 16:59:55, 136.5, 58.25, 23.0, 22.02, 9999.0, 9.66, 10.0, 21.75, 9999.0, 23.98, 9999.0, 117.77, 128.0, 120.25, 91.23, 138.5
2024-11-07, 16:59:59, 136.5, 58.25, 23.0, 22.02, 9999.0, 9.64, 10.0, 21.75, 9999.0, 24.0, 9999.0, 117.77, 128.0, 120.25, 91.25, 138.5
2024-11-07, 17:00:03, 136.5, 58.25, 23.0, 22.02, 9999.0, 9.61, 10.0, 21.75, 9999.0, 24.02, 9999.0, 117.77, 128.0, 120.25, 91.25, 138.5
2024-11-07, 17:00:07, 136.5, 58.25, 23.0, 22.02, 9999.0, 9.59, 10.0, 21.75, 9999.0, 24.02, 9999.0, 117.75, 128.0, 120.25, 91.25, 138.5
2024-11-07, 17:00:11, 136.5, 58.25, 23.0, 22.05, 9999.0, 9.57, 10.0, 21.73, 9999.0, 24.02, 9999.0, 117.7, 128.0, 120.25, 91.25, 138.5
2024-11-07, 17:00:15, 136.5, 58.25, 23.0, 22.07, 9999.0, 9.59, 10.0, 21.73, 9999.0, 24.02, 9999.0, 117.68, 127.98, 120.25, 91.25, 138.5
2024-11-07, 17:00:19, 136.5, 58.25, 23.0, 22.09, 9999.0, 9.59, 10.0, 21.73, 9999.0, 24.02, 9999.0, 117.66, 127.98, 120.25, 91.25, 138.5
2024-11-07, 17:00:23, 136.5, 58.25, 23.0, 22.11, 9999.0, 9.59, 10.0, 21.73, 9999.0, 24.0, 9999.0, 117.64, 127.95, 120.25, 91.25, 138.5
2024-11-07, 17:00:27, 136.5, 58.25, 23.0, 22.11, 9999.0, 9.61, 10.0, 21.73, 9999.0, 23.98, 9999.0, 117.61, 127.95, 120.25, 91.23, 138.5
2024-11-07, 17:00:31, 136.5, 58.25, 23.0, 22.11, 9999.0, 9.64, 10.0, 21.73, 9999.0, 23.98, 9999.0, 117.61, 127.95, 120.25, 91.2, 138.5
2024-11-07, 17:00:35, 136.5, 58.25, 23.0, 22.11, 9999.0, 9.66, 10.0, 21.73, 9999.0, 23.95, 9999.0, 117.61, 127.95, 120.25, 91.18, 138.5
2024-11-07, 17:00:39, 136.5, 58.25, 23.0, 22.09, 9999.0, 9.68, 10.0, 21.73, 9999.0, 23.93, 9999.0, 117.64, 127.95, 120.25, 91.18, 138.5
2024-11-07, 17:00:43, 136.5, 58.25, 23.0, 22.09, 9999.0, 9.7, 10.0, 21.73, 9999.0, 23.91, 9999.0, 117.66, 127.95, 120.25, 91.18, 138.5
2024-11-07, 17:00:47, 136.52, 58.25, 23.0, 22.09, 9999.0, 9.73, 10.0, 21.73, 9999.0, 23.89, 9999.0, 117.68, 127.95, 120.25, 91.18, 138.5
2024-11-07, 17:00:51, 136.52, 58.25, 22.98, 22.09, 9999.0, 9.75, 10.0, 21.73, 9999.0, 23.89, 9999.0, 117.7, 127.95, 120.25, 91.18, 138.5
2024-11-07, 17:00:55, 136.52, 58.25, 22.98, 22.07, 9999.0, 9.77, 10.0, 21.75, 9999.0, 23.89, 9999.0, 117.73, 127.95, 120.25, 91.18, 138.5
2024-11-07, 17:00:59, 136.52, 58.25, 22.98, 22.07, 9999.0, 9.77, 10.0, 21.75, 9999.0, 23.89, 9999.0, 117.75, 127.98, 120.25, 91.18, 138.5
2024-11-07, 17:01:03, 136.52, 58.25, 22.98, 22.07, 9999.0, 9.77, 10.0, 21.75, 9999.0, 23.89, 9999.0, 117.77, 127.98, 120.25, 91.18, 138.5
2024-11-07, 17:01:07, 136.52, 58.25, 22.98, 22.05, 9999.0, 9.77, 10.0, 21.75, 9999.0, 23.89, 9999.0, 117.8, 128.0, 120.25, 91.18, 138.5
2024-11-07, 17:01:11, 136.52, 58.25, 22.98, 22.05, 9999.0, 9.75, 10.0, 21.75, 9999.0, 23.89, 9999.0, 117.82, 128.0, 120.25, 91.2, 138.5
2024-11-07, 17:01:15, 136.52, 58.25, 22.98, 22.07, 9999.0, 9.7, 10.0, 21.75, 9999.0, 23.89, 9999.0, 117.82, 128.0, 120.25, 91.23, 138.52
2024-11-07, 17:01:19, 136.52, 58.25, 22.98, 22.09, 9999.0, 9.68, 10.0, 21.75, 9999.0, 23.89, 9999.0, 117.82, 128.0, 120.25, 91.25, 138.52
2024-11-07, 17:01:23, 136.52, 58.27, 22.98, 22.09, 9999.0, 9.66, 10.0, 21.75, 9999.0, 23.91, 9999.0, 117.8, 128.0, 120.25, 91.25, 138.52
2024-11-07, 17:01:27, 136.52, 58.27, 22.98, 22.09, 9999.0, 9.64, 10.0, 21.75, 9999.0, 23.91, 9999.0, 117.77, 128.0, 120.25, 91.25, 138.52
2024-11-07, 17:01:31, 136.5, 58.27, 22.98, 22.09, 9999.0, 9.61, 10.0, 21.75, 9999.0, 23.91, 9999.0, 117.73, 128.0, 120.25, 91.25, 138.52
2024-11-07, 17:01:35, 136.5, 58.27, 23.0, 22.09, 9999.0, 9.61, 10.0, 21.75, 9999.0, 23.93, 9999.0, 117.7, 128.0, 120.25, 91.25, 138.55
2024-11-07, 17:01:39, 136.5, 58.27, 23.0, 22.11, 9999.0, 9.61, 10.0, 21.75, 9999.0, 23.95, 9999.0, 117.68, 128.0, 120.25, 91.25, 138.55
2024-11-07, 17:01:43, 136.5, 58.27, 23.0, 22.09, 9999.0, 9.61, 10.0, 21.75, 9999.0, 23.93, 9999.0, 117.66, 128.0, 120.25, 91.25, 138.55
2024-11-07, 17:01:47, 136.5, 58.27, 23.0, 22.09, 9999.0, 9.61, 10.0, 21.75, 9999.0, 23.91, 9999.0, 117.64, 128.0, 120.25, 91.25, 138.55
2024-11-07, 17:01:51, 136.5, 58.27, 23.0, 22.09, 9999.0, 9.61, 10.0, 21.75, 9999.0, 23.89, 9999.0, 117.64, 127.98, 120.25, 91.25, 138.55
2024-11-07, 17:01:55, 136.5, 58.27, 23.0, 22.11, 9999.0, 9.64, 10.0, 21.75, 9999.0, 23.84, 9999.0, 117.64, 127.98, 120.25, 91.25, 138.55
2024-11-07, 17:01:59, 136.5, 58.27, 23.0, 22.09, 9999.0, 9.66, 10.0, 21.75, 9999.0, 23.8, 9999.0, 117.64, 127.98, 120.25, 91.25, 138.55
2024-11-07, 17:02:03, 136.5, 58.27, 23.0, 22.07, 9999.0, 9.68, 10.0, 21.75, 9999.0, 23.75, 9999.0, 117.66, 127.98, 120.25, 91.25, 138.55
2024-11-07, 17:02:07, 136.5, 58.25, 23.0, 22.07, 9999.0, 9.7, 10.0, 21.75, 9999.0, 23.7, 9999.0, 117.68, 127.98, 120.25, 91.25, 138.57
2024-11-07, 17:02:11, 136.5, 58.25, 23.0, 22.07, 9999.0, 9.73, 10.0, 21.75, 9999.0, 23.7, 9999.0, 117.68, 127.98, 120.25, 91.25, 138.57
2024-11-07, 17:02:15, 136.5, 58.25, 23.0, 22.07, 9999.0, 9.75, 10.0, 21.75, 9999.0, 23.73, 9999.0, 117.7, 127.98, 120.25, 91.25, 138.57
2024-11-07, 17:02:19, 136.5, 58.25, 23.0, 22.09, 9999.0, 9.73, 10.0, 21.75, 9999.0, 23.7, 9999.0, 117.73, 127.98, 120.25, 91.25, 138.55
2024-11-07, 17:02:23, 136.5, 58.25, 23.0, 22.07, 9999.0, 9.7, 10.0, 21.75, 9999.0, 23.7, 9999.0, 117.75, 127.98, 120.25, 91.25, 138.57
2024-11-07, 17:02:27, 136.5, 58.25, 23.0, 22.07, 9999.0, 9.68, 10.0, 21.75, 9999.0, 23.73, 9999.0, 117.77, 127.98, 120.25, 91.25, 138.59
2024-11-07, 17:02:31, 136.5, 58.25, 23.0, 22.07, 9999.0, 9.66, 10.0, 21.75, 9999.0, 23.75, 9999.0, 117.8, 127.98, 120.25, 91.25, 138.59
2024-11-07, 17:02:35, 136.5, 58.25, 23.0, 22.09, 9999.0, 9.64, 10.0, 21.75, 9999.0, 23.77, 9999.0, 117.8, 128.0, 120.25, 91.25, 138.61
2024-11-07, 17:02:39, 136.5, 58.25, 23.0, 22.09, 9999.0, 9.61, 10.0, 21.75, 9999.0, 23.82, 9999.0, 117.8, 128.0, 120.25, 91.25, 138.61
2024-11-07, 17:02:43, 136.52, 58.25, 23.0, 22.11, 9999.0, 9.59, 10.0, 21.75, 9999.0, 23.86, 9999.0, 117.8, 128.0, 120.25, 91.23, 138.59
2024-11-07, 17:02:47, 136.52, 58.25, 23.0, 22.11, 9999.0, 9.57, 10.0, 21.75, 9999.0, 23.89, 9999.0, 117.77, 128.0, 120.25, 91.23, 138.59
2024-11-07, 17:02:51, 136.52, 58.27, 23.0, 22.14, 9999.0, 9.55, 10.0, 21.75, 9999.0, 23.91, 9999.0, 117.73, 128.0, 120.25, 91.23, 138.57
2024-11-07, 17:02:55, 136.52, 58.27, 23.0, 22.16, 9999.0, 9.55, 10.0, 21.75, 9999.0, 23.91, 9999.0, 117.7, 128.0, 120.25, 91.23, 138.57
2024-11-07, 17:02:59, 136.52, 58.27, 23.0, 22.18, 9999.0, 9.55, 10.0, 21.75, 9999.0, 23.89, 9999.0, 117.68, 128.0, 120.25, 91.23, 138.59
2024-11-07, 17:03:04, 136.52, 58.27, 23.0, 22.18, 9999.0, 9.57, 10.0, 21.75, 9999.0, 23.91, 9999.0, 117.66, 128.0, 120.25, 91.23, 138.61
2024-11-07, 17:03:08, 136.52, 58.27, 23.0, 22.18, 9999.0, 9.61, 10.0, 21.75, 9999.0, 23.89, 9999.0, 117.64, 128.0, 120.25, 91.23, 138.59
2024-11-07, 17:03:12, 136.52, 58.27, 23.0, 22.2, 9999.0, 9.66, 10.0, 21.75, 9999.0, 23.86, 9999.0, 117.64, 128.0, 120.25, 91.23, 138.57
2024-11-07, 17:03:16, 136.52, 58.27, 23.0, 22.18, 9999.0, 9.7, 10.0, 21.75, 9999.0, 23.84, 9999.0, 117.64, 128.0, 120.25, 91.23, 138.59
2024-11-07, 17:03:20, 136.52, 58.27, 23.0, 22.18, 9999.0, 9.73, 10.0, 21.75, 9999.0, 23.82, 9999.0, 117.64, 128.0, 120.25, 91.23, 138.57
2024-11-07, 17:03:24, 136.52, 58.27, 23.0, 22.18, 9999.0, 9.75, 10.0, 21.75, 9999.0, 23.8, 9999.0, 117.66, 128.0, 120.25, 91.23, 138.57
2024-11-07, 17:03:28, 136.5, 58.27, 23.0, 22.18, 9999.0, 9.77, 10.0, 21.75, 9999.0, 23.77, 9999.0, 117.68, 128.0, 120.25, 91.25, 138.57
2024-11-07, 17:03:32, 136.5, 58.27, 23.0, 22.18, 9999.0, 9.8, 10.0, 21.75, 9999.0, 23.77, 9999.0, 117.68, 128.0, 120.25, 91.25, 138.59
2024-11-07, 17:03:36, 136.5, 58.25, 23.0, 22.18, 9999.0, 9.82, 10.0, 21.75, 9999.0, 23.8, 9999.0, 117.73, 128.0, 120.25, 91.25, 138.59
2024-11-07, 17:03:40, 136.5, 58.25, 23.0, 22.16, 9999.0, 9.82, 10.0, 21.75, 9999.0, 23.82, 9999.0, 117.75, 128.0, 120.25, 91.25, 138.61
2024-11-07, 17:03:44, 136.5, 58.25, 23.0, 22.14, 9999.0, 9.82, 10.0, 21.75, 9999.0, 23.84, 9999.0, 117.77, 128.0, 120.25, 91.25, 138.61
2024-11-07, 17:03:48, 136.5, 58.25, 23.0, 22.14, 9999.0, 9.82, 10.0, 21.75, 9999.0, 23.86, 9999.0, 117.8, 128.0, 120.25, 91.25, 138.61
2024-11-07, 17:03:52, 136.5, 58.25, 23.0, 22.16, 9999.0, 9.77, 10.0, 21.75, 9999.0, 23.89, 9999.0, 117.82, 128.0, 120.25, 91.25, 138.64
2024-11-07, 17:03:56, 136.5, 58.25, 23.0, 22.14, 9999.0, 9.75, 10.0, 21.75, 9999.0, 23.91, 9999.0, 117.82, 128.0, 120.25, 91.25, 138.66
2024-11-07, 17:04:00, 136.5, 58.25, 23.0, 22.14, 9999.0, 9.7, 10.0, 21.75, 9999.0, 23.93, 9999.0, 117.82, 128.0, 120.25, 91.25, 138.66
2024-11-07, 17:04:04, 136.5, 58.25, 23.0, 22.11, 9999.0, 9.68, 10.0, 21.75, 9999.0, 23.95, 9999.0, 117.82, 128.0, 120.25, 91.25, 138.68
2024-11-07, 17:04:08, 136.5, 58.25, 23.0, 22.11, 9999.0, 9.66, 10.0, 21.75, 9999.0, 23.95, 9999.0, 117.8, 128.0, 120.25, 91.25, 138.7
2024-11-07, 17:04:12, 136.5, 58.25, 23.0, 22.11, 9999.0, 9.64, 10.0, 21.75, 9999.0, 23.95, 9999.0, 117.77, 128.0, 120.25, 91.25, 138.73
2024-11-07, 17:04:16, 136.5, 58.25, 23.0, 22.11, 9999.0, 9.64, 10.0, 21.75, 9999.0, 23.95, 9999.0, 117.75, 128.0, 120.25, 91.25, 138.7
2024-11-07, 17:04:20, 136.5, 58.25, 23.0, 22.11, 9999.0, 9.64, 10.0, 21.75, 9999.0, 23.93, 9999.0, 117.7, 128.0, 120.25, 91.25, 138.7
2024-11-07, 17:04:24, 136.52, 58.25, 23.0, 22.14, 9999.0, 9.64, 10.0, 21.75, 9999.0, 23.91, 9999.0, 117.7, 128.0, 120.25, 91.25, 138.68
2024-11-07, 17:04:28, 136.52, 58.25, 23.0, 22.16, 9999.0, 9.66, 10.0, 21.75, 9999.0, 23.89, 9999.0, 117.7, 128.0, 120.25, 91.25, 138.66
2024-11-07, 17:04:32, 136.52, 58.25, 23.0, 22.16, 9999.0, 9.68, 10.02, 21.75, 9999.0, 23.84, 9999.0, 117.68, 128.0, 120.25, 91.25, 138.66
2024-11-07, 17:04:36, 136.52, 58.25, 23.0, 22.16, 9999.0, 9.7, 10.02, 21.75, 9999.0, 23.82, 9999.0, 117.68, 128.0, 120.25, 91.25, 138.66
2024-11-07, 17:04:40, 136.52, 58.25, 23.0, 22.18, 9999.0, 9.7, 10.02, 21.75, 9999.0, 23.8, 9999.0, 117.68, 128.0, 120.25, 91.25, 138.66
2024-11-07, 17:04:44, 136.52, 58.25, 23.0, 22.2, 9999.0, 9.73, 10.02, 21.75, 9999.0, 23.75, 9999.0, 117.7, 128.0, 120.25, 91.25, 138.66
2024-11-07, 17:04:48, 136.52, 58.25, 23.0, 22.23, 9999.0, 9.75, 10.02, 21.75, 9999.0, 23.7, 9999.0, 117.73, 128.0, 120.25, 91.25, 138.66
2024-11-07, 17:04:52, 136.52, 58.25, 23.0, 22.23, 9999.0, 9.77, 10.02, 21.75, 9999.0, 23.68, 9999.0, 117.73, 128.0, 120.25, 91.25, 138.66
2024-11-07, 17:04:56, 136.52, 58.27, 23.0, 22.23, 9999.0, 9.8, 10.02, 21.75, 9999.0, 23.7, 9999.0, 117.75, 128.0, 120.25, 91.25, 138.66
2024-11-07, 17:05:00, 136.52, 58.27, 23.0, 22.23, 9999.0, 9.8, 10.02, 21.75, 9999.0, 23.7, 9999.0, 117.77, 128.0, 120.25, 91.25, 138.66
2024-11-07, 17:05:04, 136.52, 58.27, 23.0, 22.2, 9999.0, 9.8, 10.02, 21.75, 9999.0, 23.73, 9999.0, 117.8, 128.0, 120.25, 91.25, 138.68
2024-11-07, 17:05:08, 136.5, 58.3, 23.0, 22.18, 9999.0, 9.8, 10.02, 21.75, 9999.0, 23.75, 9999.0, 117.8, 128.0, 120.25, 91.25, 138.68
2024-11-07, 17:05:12, 136.5, 58.3, 23.0, 22.18, 9999.0, 9.75, 10.02, 21.75, 9999.0, 23.77, 9999.0, 117.8, 128.0, 120.25, 91.25, 138.7
2024-11-07, 17:05:16, 136.5, 58.3, 23.0, 22.18, 9999.0, 9.7, 10.0, 21.75, 9999.0, 23.8, 9999.0, 117.82, 128.0, 120.25, 91.25, 138.7
2024-11-07, 17:05:20, 136.5, 58.3, 23.0, 22.18, 9999.0, 9.68, 10.0, 21.75, 9999.0, 23.82, 9999.0, 117.82, 128.0, 120.25, 91.25, 138.7
2024-11-07, 17:05:24, 136.5, 58.3, 23.0, 22.16, 9999.0, 9.66, 10.0, 21.75, 9999.0, 23.84, 9999.0, 117.82, 128.0, 120.27, 91.25, 138.7
2024-11-07, 17:05:28, 136.52, 58.3, 23.0, 22.16, 9999.0, 9.64, 10.0, 21.75, 9999.0, 23.89, 9999.0, 117.77, 128.0, 120.27, 91.25, 138.7
2024-11-07, 17:05:32, 136.52, 58.3, 23.0, 22.16, 9999.0, 9.61, 10.0, 21.75, 9999.0, 23.93, 9999.0, 117.75, 128.0, 120.27, 91.25, 138.68
2024-11-07, 17:05:36, 136.52, 58.3, 23.0, 22.14, 9999.0, 9.59, 10.0, 21.75, 9999.0, 23.98, 9999.0, 117.73, 128.0, 120.27, 91.25, 138.68
2024-11-07, 17:05:40, 136.55, 58.27, 23.0, 22.14, 9999.0, 9.59, 10.0, 21.73, 9999.0, 23.98, 9999.0, 117.68, 128.0, 120.27, 91.25, 138.66
2024-11-07, 17:05:44, 136.55, 58.27, 23.0, 22.14, 9999.0, 9.59, 10.0, 21.73, 9999.0, 24.0, 9999.0, 117.66, 128.0, 120.27, 91.25, 138.68
2024-11-07, 17:05:48, 136.55, 58.3, 23.0, 22.16, 9999.0, 9.59, 10.0, 21.73, 9999.0, 24.0, 9999.0, 117.64, 128.0, 120.27, 91.25, 138.68
2024-11-07, 17:05:52, 136.55, 58.27, 23.0, 22.18, 9999.0, 9.59, 10.0, 21.73, 9999.0, 24.0, 9999.0, 117.61, 128.0, 120.27, 91.25, 138.68
2024-11-07, 17:05:56, 136.55, 58.27, 23.0, 22.18, 9999.0, 9.61, 10.0, 21.73, 9999.0, 23.98, 9999.0, 117.61, 128.0, 120.27, 91.25, 138.68
2024-11-07, 17:06:00, 136.55, 58.27, 23.0, 22.16, 9999.0, 9.64, 10.0, 21.73, 9999.0, 23.98, 9999.0, 117.61, 128.0, 120.27, 91.25, 138.68
2024-11-07, 17:06:04, 136.55, 58.27, 23.0, 22.16, 9999.0, 9.66, 10.0, 21.73, 9999.0, 23.98, 9999.0, 117.64, 128.0, 120.27, 91.25, 138.68
2024-11-07, 17:06:08, 136.55, 58.27, 23.0, 22.16, 9999.0, 9.68, 10.0, 21.73, 9999.0, 23.98, 9999.0, 117.66, 128.0, 120.25, 91.25, 138.66
2024-11-07, 17:06:12, 136.52, 58.3, 23.0, 22.16, 9999.0, 9.7, 10.0, 21.73, 9999.0, 23.98, 9999.0, 117.7, 128.0, 120.25, 91.25, 138.64
2024-11-07, 17:06:16, 136.52, 58.3, 23.0, 22.16, 9999.0, 9.73, 10.0, 21.73, 9999.0, 23.98, 9999.0, 117.73, 128.0, 120.25, 91.25, 138.66
2024-11-07, 17:06:20, 136.52, 58.3, 23.0, 22.18, 9999.0, 9.75, 10.0, 21.73, 9999.0, 23.98, 9999.0, 117.75, 128.0, 120.25, 91.25, 138.64
2024-11-07, 17:06:24, 136.5, 58.3, 23.0, 22.16, 9999.0, 9.75, 10.0, 21.75, 9999.0, 23.98, 9999.0, 117.77, 128.0, 120.25, 91.25, 138.64
2024-11-07, 17:06:28, 136.5, 58.3, 23.0, 22.16, 9999.0, 9.75, 10.0, 21.75, 9999.0, 24.0, 9999.0, 117.8, 128.0, 120.25, 91.25, 138.64
2024-11-07, 17:06:33, 136.5, 58.27, 23.0, 22.14, 9999.0, 9.75, 10.0, 21.75, 9999.0, 24.02, 9999.0, 117.82, 128.0, 120.25, 91.25, 138.64
2024-11-07, 17:06:37, 136.5, 58.27, 23.0, 22.14, 9999.0, 9.73, 10.0, 21.75, 9999.0, 24.02, 9999.0, 117.84, 128.0, 120.25, 91.25, 138.66
2024-11-07, 17:06:41, 136.5, 58.27, 23.0, 22.14, 9999.0, 9.7, 10.0, 21.75, 9999.0, 24.05, 9999.0, 117.84, 128.0, 120.25, 91.25, 138.66
2024-11-07, 17:06:45, 136.5, 58.27, 23.0, 22.14, 9999.0, 9.68, 10.0, 21.75, 9999.0, 24.05, 9999.0, 117.84, 128.0, 120.25, 91.25, 138.66
2024-11-07, 17:06:49, 136.5, 58.27, 23.0, 22.11, 9999.0, 9.66, 10.0, 21.75, 9999.0, 24.05, 9999.0, 117.8, 128.0, 120.25, 91.25, 138.66
2024-11-07, 17:06:53, 136.5, 58.27, 23.0, 22.14, 9999.0, 9.64, 10.0, 21.75, 9999.0, 24.05, 9999.0, 117.75, 128.0, 120.25, 91.25, 138.68
2024-11-07, 17:06:57, 136.5, 58.25, 23.0, 22.11, 9999.0, 9.64, 10.0, 21.75, 9999.0, 24.05, 9999.0, 117.7, 128.0, 120.25, 91.25, 138.68
2024-11-07, 17:07:01, 136.5, 58.25, 23.0, 22.11, 9999.0, 9.64, 10.0, 21.75, 9999.0, 24.05, 9999.0, 117.68, 128.0, 120.25, 91.25, 138.68
2024-11-07, 17:07:05, 136.5, 58.27, 23.0, 22.11, 9999.0, 9.64, 10.0, 21.75, 9999.0, 24.05, 9999.0, 117.66, 128.0, 120.25, 91.25, 138.7
2024-11-07, 17:07:09, 136.5, 58.27, 23.0, 22.14, 9999.0, 9.66, 10.0, 21.75, 9999.0, 24.05, 9999.0, 117.64, 128.0, 120.25, 91.25, 138.73
2024-11-07, 17:07:13, 136.5, 58.27, 23.0, 22.14, 9999.0, 9.66, 10.0, 21.75, 9999.0, 24.02, 9999.0, 117.64, 128.0, 120.25, 91.25, 138.73
2024-11-07, 17:07:17, 136.5, 58.27, 23.0, 22.14, 9999.0, 9.68, 10.0, 21.75, 9999.0, 24.0, 9999.0, 117.64, 128.0, 120.25, 91.25, 138.73
2024-11-07, 17:07:21, 136.5, 58.27, 23.0, 22.14, 9999.0, 9.7, 10.0, 21.75, 9999.0, 24.0, 9999.0, 117.64, 128.0, 120.25, 91.25, 138.73
2024-11-07, 17:07:25, 136.5, 58.27, 23.0, 22.11, 9999.0, 9.73, 10.0, 21.75, 9999.0, 24.0, 9999.0, 117.66, 128.0, 120.25, 91.25, 138.73
2024-11-07, 17:07:29, 136.5, 58.27, 23.0, 22.11, 9999.0, 9.75, 10.0, 21.75, 9999.0, 23.98, 9999.0, 117.66, 128.0, 120.25, 91.25, 138.7
2024-11-07, 17:07:33, 136.5, 58.27, 23.0, 22.14, 9999.0, 9.77, 10.0, 21.75, 9999.0, 23.95, 9999.0, 117.7, 128.0, 120.25, 91.25, 138.68
2024-11-07, 17:07:37, 136.5, 58.3, 23.0, 22.11, 9999.0, 9.8, 10.0, 21.75, 9999.0, 23.95, 9999.0, 117.73, 128.0, 120.25, 91.25, 138.68
2024-11-07, 17:07:41, 136.52, 58.3, 23.0, 22.11, 9999.0, 9.8, 10.0, 21.75, 9999.0, 23.95, 9999.0, 117.75, 128.0, 120.25, 91.25, 138.7
2024-11-07, 17:07:45, 136.52, 58.3, 23.0, 22.09, 9999.0, 9.8, 10.0, 21.75, 9999.0, 23.98, 9999.0, 117.75, 128.0, 120.25, 91.25, 138.68
2024-11-07, 17:07:49, 136.52, 58.27, 23.0, 22.07, 9999.0, 9.77, 10.0, 21.75, 9999.0, 24.0, 9999.0, 117.77, 128.0, 120.25, 91.25, 138.68
2024-11-07, 17:07:53, 136.52, 58.27, 23.0, 22.07, 9999.0, 9.73, 10.0, 21.75, 9999.0, 24.02, 9999.0, 117.8, 128.0, 120.25, 91.25, 138.68
2024-11-07, 17:07:57, 136.52, 58.27, 23.0, 22.09, 9999.0, 9.7, 10.0, 21.75, 9999.0, 24.02, 9999.0, 117.8, 128.0, 120.25, 91.25, 138.68
2024-11-07, 17:08:01, 136.52, 58.27, 23.0, 22.11, 9999.0, 9.66, 10.0, 21.75, 9999.0, 24.02, 9999.0, 117.8, 128.0, 120.25, 91.25, 138.66
2024-11-07, 17:08:05, 136.52, 58.27, 23.0, 22.11, 9999.0, 9.64, 10.0, 21.75, 9999.0, 24.05, 9999.0, 117.8, 128.0, 120.25, 91.25, 138.64
2024-11-07, 17:08:09, 136.52, 58.27, 23.0, 22.14, 9999.0, 9.61, 10.0, 21.75, 9999.0, 24.05, 9999.0, 117.75, 128.0, 120.25, 91.25, 138.61
2024-11-07, 17:08:13, 136.52, 58.27, 23.0, 22.16, 9999.0, 9.59, 10.0, 21.73, 9999.0, 24.07, 9999.0, 117.75, 128.0, 120.25, 91.25, 138.61
2024-11-07, 17:08:17, 136.52, 58.27, 23.0, 22.16, 9999.0, 9.59, 10.0, 21.73, 9999.0, 24.09, 9999.0, 117.7, 128.0, 120.25, 91.25, 138.61
2024-11-07, 17:08:21, 136.52, 58.25, 23.0, 22.16, 9999.0, 9.59, 10.0, 21.7, 9999.0, 24.09, 9999.0, 117.68, 128.0, 120.25, 91.25, 138.59
2024-11-07, 17:08:25, 136.5, 58.25, 23.0, 22.18, 9999.0, 9.59, 10.0, 21.7, 9999.0, 24.09, 9999.0, 117.66, 128.0, 120.25, 91.25, 138.57
2024-11-07, 17:08:29, 136.5, 58.25, 23.0, 22.18, 9999.0, 9.59, 10.0, 21.7, 9999.0, 24.07, 9999.0, 117.64, 127.98, 120.25, 91.25, 138.57
2024-11-07, 17:08:33, 136.5, 58.25, 23.0, 22.2, 9999.0, 9.64, 10.0, 21.7, 9999.0, 24.02, 9999.0, 117.64, 127.95, 120.25, 91.25, 138.55
2024-11-07, 17:08:37, 136.5, 58.25, 23.0, 22.18, 9999.0, 9.66, 10.0, 21.7, 9999.0, 23.98, 9999.0, 117.64, 127.93, 120.25, 91.25, 138.55
2024-11-07, 17:08:41, 136.5, 58.25, 23.0, 22.16, 9999.0, 9.68, 10.0, 21.7, 9999.0, 23.95, 9999.0, 117.64, 127.93, 120.25, 91.25, 138.52
2024-11-07, 17:08:45, 136.5, 58.25, 23.0, 22.16, 9999.0, 9.7, 10.0, 21.7, 9999.0, 23.93, 9999.0, 117.66, 127.93, 120.25, 91.25, 138.52
2024-11-07, 17:08:49, 136.5, 58.25, 23.0, 22.16, 9999.0, 9.73, 10.0, 21.7, 9999.0, 23.91, 9999.0, 117.68, 127.93, 120.25, 91.25, 138.52
2024-11-07, 17:08:53, 136.5, 58.25, 23.0, 22.14, 9999.0, 9.75, 10.0, 21.7, 9999.0, 23.93, 9999.0, 117.7, 127.93, 120.25, 91.25, 138.55
2024-11-07, 17:08:57, 136.5, 58.25, 23.0, 22.14, 9999.0, 9.77, 10.0, 21.73, 9999.0, 23.93, 9999.0, 117.7, 127.93, 120.25, 91.25, 138.57
2024-11-07, 17:09:01, 136.5, 58.25, 23.0, 22.14, 9999.0, 9.77, 10.0, 21.73, 9999.0, 23.93, 9999.0, 117.73, 127.93, 120.25, 91.25, 138.59
2024-11-07, 17:09:05, 136.5, 58.25, 23.0, 22.16, 9999.0, 9.75, 10.0, 21.75, 9999.0, 23.95, 9999.0, 117.75, 127.93, 120.25, 91.25, 138.59
2024-11-07, 17:09:09, 136.5, 58.25, 23.0, 22.16, 9999.0, 9.73, 10.0, 21.75, 9999.0, 23.98, 9999.0, 117.77, 127.93, 120.25, 91.25, 138.61
2024-11-07, 17:09:13, 136.5, 58.25, 23.0, 22.18, 9999.0, 9.7, 10.0, 21.75, 9999.0, 24.0, 9999.0, 117.8, 127.95, 120.25, 91.25, 138.61
2024-11-07, 17:09:17, 136.52, 58.25, 23.0, 22.18, 9999.0, 9.66, 10.0, 21.75, 9999.0, 24.05, 9999.0, 117.8, 127.98, 120.25, 91.25, 138.64
2024-11-07, 17:09:21, 136.52, 58.25, 23.0, 22.2, 9999.0, 9.64, 10.0, 21.75, 9999.0, 24.07, 9999.0, 117.77, 128.0, 120.25, 91.25, 138.64
2024-11-07, 17:09:25, 136.52, 58.25, 23.0, 22.23, 9999.0, 9.61, 10.0, 21.75, 9999.0, 24.09, 9999.0, 117.77, 128.0, 120.25, 91.25, 138.64
2024-11-07, 17:09:29, 136.52, 58.25, 23.0, 22.2, 9999.0, 9.59, 10.0, 21.75, 9999.0, 24.11, 9999.0, 117.73, 128.0, 120.25, 91.25, 138.64
2024-11-07, 17:09:33, 136.52, 58.25, 23.0, 22.18, 9999.0, 9.59, 10.0, 21.75, 9999.0, 24.11, 9999.0, 117.68, 128.0, 120.25, 91.25, 138.66
2024-11-07, 17:09:37, 136.52, 58.25, 23.0, 22.18, 9999.0, 9.59, 10.0, 21.75, 9999.0, 24.09, 9999.0, 117.66, 128.0, 120.25, 91.25, 138.66
2024-11-07, 17:09:41, 136.52, 58.25, 23.0, 22.16, 9999.0, 9.59, 10.0, 21.75, 9999.0, 24.09, 9999.0, 117.64, 128.0, 120.25, 91.25, 138.64
2024-11-07, 17:09:45, 136.52, 58.25, 23.0, 22.14, 9999.0, 9.59, 10.0, 21.75, 9999.0, 24.09, 9999.0, 117.61, 128.0, 120.25, 91.25, 138.61
2024-11-07, 17:09:49, 136.52, 58.25, 23.0, 22.11, 9999.0, 9.61, 10.0, 21.75, 9999.0, 24.05, 9999.0, 117.59, 128.0, 120.25, 91.25, 138.61
2024-11-07, 17:09:53, 136.52, 58.25, 23.0, 22.09, 9999.0, 9.64, 10.0, 21.75, 9999.0, 24.0, 9999.0, 117.59, 128.0, 120.25, 91.25, 138.59
2024-11-07, 17:09:57, 136.52, 58.25, 23.0, 22.07, 9999.0, 9.66, 10.0, 21.75, 9999.0, 23.95, 9999.0, 117.59, 128.0, 120.25, 91.25, 138.59
2024-11-07, 17:10:01, 136.5, 58.25, 23.0, 22.07, 9999.0, 9.68, 10.0, 21.75, 9999.0, 23.91, 9999.0, 117.61, 128.0, 120.25, 91.25, 138.57
2024-11-07, 17:10:06, 136.5, 58.25, 23.0, 22.05, 9999.0, 9.7, 10.0, 21.75, 9999.0, 23.89, 9999.0, 117.66, 128.0, 120.25, 91.25, 138.55
2024-11-07, 17:10:10, 136.5, 58.25, 23.0, 22.02, 9999.0, 9.73, 10.0, 21.75, 9999.0, 23.86, 9999.0, 117.68, 128.0, 120.25, 91.25, 138.57
2024-11-07, 17:10:14, 136.5, 58.25, 23.0, 22.02, 9999.0, 9.75, 10.0, 21.75, 9999.0, 23.86, 9999.0, 117.7, 128.0, 120.25, 91.25, 138.57
2024-11-07, 17:10:18, 136.5, 58.25, 23.0, 22.05, 9999.0, 9.75, 10.0, 21.75, 9999.0, 23.86, 9999.0, 117.73, 127.98, 120.25, 91.25, 138.55
2024-11-07, 17:10:22, 136.5, 58.25, 23.0, 22.07, 9999.0, 9.75, 10.0, 21.75, 9999.0, 23.89, 9999.0, 117.75, 127.98, 120.25, 91.25, 138.52
2024-11-07, 17:10:26, 136.5, 58.25, 23.0, 22.09, 9999.0, 9.73, 10.0, 21.75, 9999.0, 23.91, 9999.0, 117.77, 127.98, 120.25, 91.25, 138.52
2024-11-07, 17:10:30, 136.5, 58.25, 23.0, 22.09, 9999.0, 9.7, 10.0, 21.75, 9999.0, 23.91, 9999.0, 117.8, 127.98, 120.25, 91.25, 138.52
2024-11-07, 17:10:34, 136.5, 58.25, 23.0, 22.09, 9999.0, 9.68, 10.0, 21.75, 9999.0, 23.93, 9999.0, 117.82, 127.98, 120.25, 91.25, 138.55
2024-11-07, 17:10:38, 136.52, 58.25, 23.0, 22.11, 9999.0, 9.66, 10.0, 21.75, 9999.0, 23.95, 9999.0, 117.82, 127.98, 120.25, 91.25, 138.57
2024-11-07, 17:10:42, 136.52, 58.25, 23.0, 22.14, 9999.0, 9.64, 10.0, 21.75, 9999.0, 23.98, 9999.0, 117.82, 127.98, 120.25, 91.25, 138.59
2024-11-07, 17:11:45, 136.52, 58.25, 23.0, 22.11, 9999.0, 9.61, 10.0, 21.75, 9999.0, 24.0, 9999.0, 117.8, 127.98, 120.25, 91.25, 138.59
2024-11-07, 17:11:49, 136.52, 58.25, 23.0, 22.11, 9999.0, 9.59, 10.0, 21.75, 9999.0, 24.02, 9999.0, 117.75, 127.98, 120.25, 91.25, 138.59
2024-11-07, 17:11:53, 136.52, 58.25, 23.0, 22.11, 9999.0, 9.59, 10.0, 21.75, 9999.0, 24.05, 9999.0, 117.7, 127.98, 120.25, 91.25, 138.57
2024-11-07, 17:11:57, 136.55, 58.25, 23.0, 22.11, 9999.0, 9.59, 10.0, 21.75, 9999.0, 24.02, 9999.0, 117.68, 127.98, 120.25, 91.25, 138.59
2024-11-07, 17:12:01, 136.55, 58.25, 23.0, 22.11, 9999.0, 9.59, 10.0, 21.75, 9999.0, 24.0, 9999.0, 117.66, 128.0, 120.25, 91.25, 138.61
2024-11-07, 17:12:05, 136.57, 58.25, 23.0, 22.11, 9999.0, 9.61, 10.0, 21.75, 9999.0, 23.98, 9999.0, 117.64, 128.0, 120.25, 91.25, 138.61
2024-11-07, 17:12:09, 136.57, 58.25, 23.0, 22.11, 9999.0, 9.64, 10.0, 21.75, 9999.0, 23.95, 9999.0, 117.64, 128.0, 120.25, 91.25, 138.61
2024-11-07, 17:12:13, 136.57, 58.25, 23.0, 22.14, 9999.0, 9.66, 10.0, 21.75, 9999.0, 23.95, 9999.0, 117.64, 128.0, 120.25, 91.25, 138.61
2024-11-07, 17:12:17, 136.57, 58.25, 23.0, 22.16, 9999.0, 9.68, 10.0, 21.75, 9999.0, 23.95, 9999.0, 117.64, 128.0, 120.25, 91.25, 138.59
2024-11-07, 17:12:21, 136.55, 58.25, 23.0, 22.16, 9999.0, 9.7, 10.0, 21.75, 9999.0, 23.95, 9999.0, 117.66, 128.0, 120.25, 91.25, 138.57
2024-11-07, 17:12:25, 136.55, 58.25, 23.0, 22.16, 9999.0, 9.73, 10.0, 21.75, 9999.0, 23.93, 9999.0, 117.68, 128.0, 120.25, 91.25, 138.55
2024-11-07, 17:12:29, 136.55, 58.27, 23.0, 22.18, 9999.0, 9.75, 10.0, 21.75, 9999.0, 23.93, 9999.0, 117.68, 127.98, 120.25, 91.25, 138.55
2024-11-07, 17:12:33, 136.55, 58.27, 23.0, 22.2, 9999.0, 9.77, 10.0, 21.75, 9999.0, 23.93, 9999.0, 117.7, 127.98, 120.25, 91.25, 138.57
2024-11-07, 17:12:37, 136.55, 58.27, 23.0, 22.23, 9999.0, 9.75, 10.0, 21.75, 9999.0, 23.93, 9999.0, 117.73, 127.98, 120.25, 91.25, 138.57
2024-11-07, 17:12:41, 136.52, 58.27, 23.0, 22.25, 9999.0, 9.75, 10.0, 21.75, 9999.0, 23.98, 9999.0, 117.75, 127.98, 120.25, 91.25, 138.57
2024-11-07, 17:12:45, 136.52, 58.27, 23.0, 22.23, 9999.0, 9.73, 10.0, 21.75, 9999.0, 24.02, 9999.0, 117.77, 127.98, 120.25, 91.25, 138.57
2024-11-07, 17:12:49, 136.5, 58.27, 23.0, 22.2, 9999.0, 9.68, 10.0, 21.75, 9999.0, 24.02, 9999.0, 117.8, 127.98, 120.25, 91.25, 138.59
2024-11-07, 17:12:53, 136.5, 58.27, 23.0, 22.18, 9999.0, 9.66, 10.0, 21.75, 9999.0, 24.02, 9999.0, 117.8, 127.98, 120.25, 91.25, 138.59
2024-11-07, 17:12:57, 136.5, 58.27, 23.0, 22.18, 9999.0, 9.64, 10.0, 21.75, 9999.0, 24.02, 9999.0, 117.8, 127.95, 120.25, 91.25, 138.61
2024-11-07, 17:13:01, 136.5, 58.27, 23.0, 22.16, 9999.0, 9.61, 10.0, 21.75, 9999.0, 24.02, 9999.0, 117.8, 127.95, 120.25, 91.25, 138.64
2024-11-07, 17:13:05, 136.5, 58.27, 23.0, 22.14, 9999.0, 9.59, 10.0, 21.75, 9999.0, 24.02, 9999.0, 117.75, 127.95, 120.25, 91.25, 138.64
2024-11-07, 17:13:09, 136.5, 58.27, 23.0, 22.14, 9999.0, 9.59, 10.0, 21.75, 9999.0, 24.02, 9999.0, 117.7, 127.95, 120.25, 91.25, 138.64
2024-11-07, 17:13:13, 136.5, 58.25, 23.0, 22.14, 9999.0, 9.59, 10.0, 21.75, 9999.0, 24.0, 9999.0, 117.68, 127.98, 120.25, 91.25, 138.66
2024-11-07, 17:13:17, 136.5, 58.25, 23.0, 22.14, 9999.0, 9.59, 10.0, 21.75, 9999.0, 23.98, 9999.0, 117.66, 127.98, 120.25, 91.25, 138.64
2024-11-07, 17:13:21, 136.5, 58.25, 23.0, 22.14, 9999.0, 9.64, 10.0, 21.75, 9999.0, 23.95, 9999.0, 117.64, 127.98, 120.25, 91.25, 138.64
2024-11-07, 17:13:25, 136.5, 58.25, 23.0, 22.14, 9999.0, 9.64, 10.0, 21.75, 9999.0, 23.91, 9999.0, 117.64, 127.98, 120.25, 91.25, 138.64
2024-11-07, 17:13:29, 136.5, 58.25, 23.0, 22.14, 9999.0, 9.66, 10.0, 21.75, 9999.0, 23.86, 9999.0, 117.64, 127.98, 120.25, 91.25, 138.61
2024-11-07, 17:13:33, 136.5, 58.25, 23.0, 22.16, 9999.0, 9.68, 10.0, 21.75, 9999.0, 23.84, 9999.0, 117.66, 127.98, 120.25, 91.25, 138.59
2024-11-07, 17:13:37, 136.5, 58.25, 23.0, 22.16, 9999.0, 9.7, 10.0, 21.75, 9999.0, 23.84, 9999.0, 117.68, 127.98, 120.25, 91.23, 138.59
2024-11-07, 17:13:41, 136.5, 58.25, 23.0, 22.16, 9999.0, 9.73, 10.0, 21.75, 9999.0, 23.84, 9999.0, 117.7, 128.0, 120.25, 91.23, 138.59
2024-11-07, 17:13:45, 136.5, 58.25, 23.0, 22.18, 9999.0, 9.75, 10.0, 21.75, 9999.0, 23.84, 9999.0, 117.7, 128.0, 120.25, 91.23, 138.57
2024-11-07, 17:13:49, 136.52, 58.25, 23.0, 22.2, 9999.0, 9.77, 10.0, 21.73, 9999.0, 23.84, 9999.0, 117.73, 128.0, 120.25, 91.23, 138.59
2024-11-07, 17:13:53, 136.52, 58.25, 23.0, 22.2, 9999.0, 9.75, 10.0, 21.73, 9999.0, 23.89, 9999.0, 117.75, 128.0, 120.25, 91.23, 138.61
2024-11-07, 17:13:57, 136.52, 58.25, 23.0, 22.2, 9999.0, 9.73, 10.0, 21.73, 9999.0, 23.93, 9999.0, 117.77, 128.0, 120.25, 91.23, 138.61
2024-11-07, 17:14:01, 136.52, 58.25, 23.0, 22.2, 9999.0, 9.7, 10.0, 21.73, 9999.0, 23.98, 9999.0, 117.8, 128.0, 120.25, 91.23, 138.64
2024-11-07, 17:14:05, 136.55, 58.25, 23.0, 22.2, 9999.0, 9.66, 10.0, 21.73, 9999.0, 24.02, 9999.0, 117.82, 128.0, 120.25, 91.23, 138.64
2024-11-07, 17:14:09, 136.55, 58.25, 23.0, 22.18, 9999.0, 9.66, 10.0, 21.73, 9999.0, 24.07, 9999.0, 117.82, 128.0, 120.25, 91.23, 138.61
2024-11-07, 17:14:13, 136.55, 58.25, 23.0, 22.2, 9999.0, 9.64, 10.0, 21.73, 9999.0, 24.11, 9999.0, 117.82, 128.0, 120.25, 91.23, 138.64
2024-11-07, 17:14:17, 136.55, 58.25, 23.0, 22.2, 9999.0, 9.61, 10.0, 21.73, 9999.0, 24.14, 9999.0, 117.8, 128.0, 120.25, 91.23, 138.64
2024-11-07, 17:14:21, 136.55, 58.25, 23.0, 22.2, 9999.0, 9.59, 10.0, 21.73, 9999.0, 24.14, 9999.0, 117.77, 128.0, 120.25, 91.25, 138.64
2024-11-07, 17:14:25, 136.55, 58.25, 23.0, 22.2, 9999.0, 9.59, 10.0, 21.7, 9999.0, 24.14, 9999.0, 117.73, 128.0, 120.25, 91.25, 138.64
2024-11-07, 17:14:29, 136.55, 58.25, 23.0, 22.2, 9999.0, 9.59, 10.0, 21.7, 9999.0, 24.14, 9999.0, 117.7, 128.0, 120.25, 91.25, 138.64
2024-11-07, 17:14:33, 136.52, 58.25, 23.0, 22.2, 9999.0, 9.59, 10.0, 21.7, 9999.0, 24.14, 9999.0, 117.68, 128.0, 120.25, 91.25, 138.61
2024-11-07, 17:14:37, 136.52, 58.25, 23.0, 22.2, 9999.0, 9.64, 10.0, 21.7, 9999.0, 24.11, 9999.0, 117.66, 128.0, 120.25, 91.23, 138.59
2024-11-07, 17:14:41, 136.52, 58.25, 23.0, 22.2, 9999.0, 9.66, 10.0, 21.7, 9999.0, 24.09, 9999.0, 117.66, 128.0, 120.25, 91.23, 138.57
2024-11-07, 17:14:45, 136.52, 58.25, 23.0, 22.18, 9999.0, 9.68, 10.0, 21.7, 9999.0, 24.07, 9999.0, 117.66, 128.0, 120.25, 91.23, 138.57
2024-11-07, 17:14:49, 136.5, 58.25, 23.0, 22.16, 9999.0, 9.7, 10.0, 21.68, 9999.0, 24.05, 9999.0, 117.68, 128.0, 120.25, 91.23, 138.59
2024-11-07, 17:14:53, 136.5, 58.25, 23.0, 22.16, 9999.0, 9.7, 10.0, 21.68, 9999.0, 24.02, 9999.0, 117.7, 128.0, 120.25, 91.23, 138.59
2024-11-07, 17:14:57, 136.5, 58.25, 23.0, 22.14, 9999.0, 9.73, 10.0, 21.68, 9999.0, 23.98, 9999.0, 117.7, 128.0, 120.25, 91.23, 138.57
2024-11-07, 17:15:01, 136.5, 58.25, 23.0, 22.11, 9999.0, 9.75, 10.0, 21.68, 9999.0, 23.98, 9999.0, 117.7, 127.98, 120.25, 91.23, 138.57
2024-11-07, 17:15:05, 136.5, 58.25, 23.0, 22.11, 9999.0, 9.77, 10.0, 21.68, 9999.0, 23.98, 9999.0, 117.7, 127.98, 120.25, 91.23, 138.59
2024-11-07, 17:15:09, 136.52, 58.25, 23.0, 22.09, 9999.0, 9.77, 10.0, 21.7, 9999.0, 24.0, 9999.0, 117.73, 127.98, 120.25, 91.23, 138.57
2024-11-07, 17:15:13, 136.52, 58.25, 23.0, 22.09, 9999.0, 9.77, 10.0, 21.7, 9999.0, 24.02, 9999.0, 117.75, 127.98, 120.25, 91.23, 138.57
2024-11-07, 17:15:17, 136.52, 58.25, 23.0, 22.09, 9999.0, 9.75, 10.0, 21.73, 9999.0, 24.05, 9999.0, 117.77, 127.98, 120.25, 91.23, 138.57
2024-11-07, 17:15:21, 136.52, 58.25, 23.0, 22.09, 9999.0, 9.7, 10.0, 21.73, 9999.0, 24.07, 9999.0, 117.8, 127.98, 120.25, 91.25, 138.57
2024-11-07, 17:15:25, 136.52, 58.25, 23.0, 22.09, 9999.0, 9.68, 10.0, 21.73, 9999.0, 24.07, 9999.0, 117.8, 127.98, 120.25, 91.25, 138.59
2024-11-07, 17:15:30, 136.52, 58.25, 23.0, 22.11, 9999.0, 9.66, 10.0, 21.73, 9999.0, 24.07, 9999.0, 117.77, 127.98, 120.25, 91.25, 138.57
2024-11-07, 17:15:34, 136.52, 58.25, 23.0, 22.14, 9999.0, 9.64, 10.0, 21.75, 9999.0, 24.07, 9999.0, 117.75, 127.98, 120.25, 91.25, 138.57
2024-11-07, 17:15:38, 136.52, 58.25, 23.0, 22.16, 9999.0, 9.61, 10.0, 21.75, 9999.0, 24.07, 9999.0, 117.73, 127.98, 120.25, 91.25, 138.57
2024-11-07, 17:15:42, 136.52, 58.25, 23.0, 22.16, 9999.0, 9.61, 10.0, 21.75, 9999.0, 24.09, 9999.0, 117.7, 127.98, 120.25, 91.25, 138.57
2024-11-07, 17:15:46, 136.52, 58.25, 23.0, 22.18, 9999.0, 9.61, 10.0, 21.75, 9999.0, 24.09, 9999.0, 117.68, 128.0, 120.25, 91.25, 138.57
2024-11-07, 17:15:50, 136.52, 58.25, 23.0, 22.18, 9999.0, 9.61, 10.0, 21.75, 9999.0, 24.09, 9999.0, 117.66, 128.0, 120.25, 91.25, 138.57
2024-11-07, 17:15:54, 136.5, 58.25, 23.0, 22.2, 9999.0, 9.64, 10.0, 21.75, 9999.0, 24.07, 9999.0, 117.64, 128.0, 120.25, 91.25, 138.57
2024-11-07, 17:15:58, 136.5, 58.25, 23.0, 22.2, 9999.0, 9.64, 10.0, 21.75, 9999.0, 24.05, 9999.0, 117.64, 128.0, 120.25, 91.25, 138.57
2024-11-07, 17:16:02, 136.5, 58.25, 23.0, 22.2, 9999.0, 9.66, 10.0, 21.75, 9999.0, 24.02, 9999.0, 117.64, 128.0, 120.25, 91.25, 138.57
2024-11-07, 17:16:06, 136.5, 58.25, 23.0, 22.2, 9999.0, 9.68, 10.0, 21.75, 9999.0, 24.0, 9999.0, 117.64, 128.0, 120.25, 91.25, 138.57
2024-11-07, 17:16:10, 136.5, 58.25, 23.0, 22.2, 9999.0, 9.7, 10.0, 21.75, 9999.0, 24.0, 9999.0, 117.66, 128.0, 120.25, 91.25, 138.55
2024-11-07, 17:16:14, 136.5, 58.25, 23.0, 22.2, 9999.0, 9.73, 10.0, 21.73, 9999.0, 24.0, 9999.0, 117.7, 128.0, 120.25, 91.25, 138.55
2024-11-07, 17:16:18, 136.5, 58.27, 23.0, 22.2, 9999.0, 9.75, 10.0, 21.73, 9999.0, 24.02, 9999.0, 117.73, 128.0, 120.25, 91.25, 138.55
2024-11-07, 17:16:22, 136.5, 58.27, 23.0, 22.2, 9999.0, 9.77, 10.0, 21.73, 9999.0, 24.05, 9999.0, 117.73, 128.0, 120.25, 91.25, 138.55
2024-11-07, 17:16:26, 136.5, 58.3, 23.0, 22.23, 9999.0, 9.77, 10.0, 21.73, 9999.0, 24.07, 9999.0, 117.75, 128.0, 120.25, 91.25, 138.55
2024-11-07, 17:16:30, 136.5, 58.3, 23.0, 22.2, 9999.0, 9.75, 10.0, 21.73, 9999.0, 24.11, 9999.0, 117.77, 128.0, 120.25, 91.25, 138.55
2024-11-07, 17:16:34, 136.5, 58.3, 23.0, 22.23, 9999.0, 9.75, 10.0, 21.7, 9999.0, 24.14, 9999.0, 117.8, 128.0, 120.25, 91.23, 138.52
2024-11-07, 17:16:38, 136.52, 58.32, 23.0, 22.23, 9999.0, 9.73, 10.0, 21.7, 9999.0, 24.16, 9999.0, 117.82, 128.0, 120.25, 91.23, 138.52
2024-11-07, 17:16:42, 136.52, 58.32, 23.0, 22.2, 9999.0, 9.7, 10.0, 21.7, 9999.0, 24.18, 9999.0, 117.8, 128.0, 120.25, 91.23, 138.52
2024-11-07, 17:16:46, 136.52, 58.32, 23.0, 22.2, 9999.0, 9.68, 10.0, 21.7, 9999.0, 24.2, 9999.0, 117.8, 128.0, 120.25, 91.23, 138.55
2024-11-07, 17:16:50, 136.52, 58.32, 23.0, 22.18, 9999.0, 9.66, 10.0, 21.68, 9999.0, 24.23, 9999.0, 117.8, 128.0, 120.25, 91.23, 138.55
2024-11-07, 17:16:54, 136.52, 58.32, 23.0, 22.16, 9999.0, 9.64, 9.98, 21.66, 9999.0, 24.25, 9999.0, 117.77, 128.0, 120.25, 91.23, 138.55
2024-11-07, 17:16:58, 136.52, 58.32, 22.98, 22.14, 9999.0, 9.61, 9.98, 21.68, 9999.0, 24.27, 9999.0, 117.73, 128.0, 120.25, 91.23, 138.55
2024-11-07, 17:17:02, 136.52, 58.3, 22.98, 22.11, 9999.0, 9.61, 9.98, 21.68, 9999.0, 24.27, 9999.0, 117.68, 128.0, 120.25, 91.23, 138.55
2024-11-07, 17:17:06, 136.52, 58.32, 22.98, 22.11, 9999.0, 9.61, 9.98, 21.68, 9999.0, 24.27, 9999.0, 117.66, 128.0, 120.25, 91.23, 138.55
2024-11-07, 17:17:10, 136.52, 58.3, 22.98, 22.09, 9999.0, 9.61, 9.98, 21.68, 9999.0, 24.25, 9999.0, 117.64, 128.0, 120.25, 91.23, 138.55
2024-11-07, 17:17:14, 136.52, 58.3, 22.98, 22.09, 9999.0, 9.64, 9.98, 21.68, 9999.0, 24.2, 9999.0, 117.61, 128.0, 120.25, 91.23, 138.55
2024-11-07, 17:17:18, 136.52, 58.3, 22.98, 22.09, 9999.0, 9.64, 9.98, 21.7, 9999.0, 24.18, 9999.0, 117.61, 128.0, 120.25, 91.25, 138.55
2024-11-07, 17:17:22, 136.52, 58.27, 22.98, 22.09, 9999.0, 9.64, 9.98, 21.7, 9999.0, 24.16, 9999.0, 117.61, 128.0, 120.25, 91.25, 138.55
2024-11-07, 17:17:26, 136.52, 58.27, 22.98, 22.11, 9999.0, 9.66, 9.98, 21.7, 9999.0, 24.14, 9999.0, 117.64, 128.0, 120.25, 91.25, 138.55
2024-11-07, 17:17:30, 136.52, 58.27, 22.98, 22.11, 9999.0, 9.68, 9.98, 21.7, 9999.0, 24.11, 9999.0, 117.66, 128.0, 120.25, 91.25, 138.52
2024-11-07, 17:17:34, 136.52, 58.27, 22.98, 22.11, 9999.0, 9.7, 9.98, 21.73, 9999.0, 24.09, 9999.0, 117.68, 128.0, 120.25, 91.25, 138.52
2024-11-07, 17:17:38, 136.55, 58.27, 22.98, 22.14, 9999.0, 9.73, 10.0, 21.75, 9999.0, 24.09, 9999.0, 117.68, 128.0, 120.25, 91.25, 138.52
2024-11-07, 17:17:42, 136.55, 58.27, 23.0, 22.16, 9999.0, 9.75, 10.0, 21.75, 9999.0, 24.09, 9999.0, 117.7, 128.0, 120.25, 91.25, 138.52
2024-11-07, 17:17:46, 136.55, 58.3, 23.0, 22.18, 9999.0, 9.73, 10.0, 21.75, 9999.0, 24.09, 9999.0, 117.73, 128.0, 120.25, 91.25, 138.5
2024-11-07, 17:17:50, 136.55, 58.27, 23.0, 22.16, 9999.0, 9.7, 10.0, 21.75, 9999.0, 24.11, 9999.0, 117.75, 128.0, 120.25, 91.25, 138.5
2024-11-07, 17:17:54, 136.57, 58.27, 23.0, 22.18, 9999.0, 9.68, 10.0, 21.75, 9999.0, 24.14, 9999.0, 117.77, 128.0, 120.25, 91.23, 138.5
2024-11-07, 17:17:58, 136.57, 58.27, 23.0, 22.2, 9999.0, 9.66, 10.0, 21.75, 9999.0, 24.16, 9999.0, 117.8, 128.0, 120.25, 91.23, 138.5
2024-11-07, 17:18:02, 136.57, 58.27, 23.0, 22.2, 9999.0, 9.64, 10.0, 21.75, 9999.0, 24.18, 9999.0, 117.8, 128.0, 120.25, 91.23, 138.5
2024-11-07, 17:18:06, 136.55, 58.27, 23.0, 22.18, 9999.0, 9.61, 10.0, 21.75, 9999.0, 24.2, 9999.0, 117.8, 128.0, 120.25, 91.23, 138.5
2024-11-07, 17:18:10, 136.55, 58.3, 23.0, 22.16, 9999.0, 9.59, 10.0, 21.75, 9999.0, 24.23, 9999.0, 117.8, 128.0, 120.25, 91.23, 138.5
2024-11-07, 17:18:14, 136.55, 58.3, 23.0, 22.14, 9999.0, 9.57, 10.0, 21.75, 9999.0, 24.23, 9999.0, 117.77, 128.0, 120.25, 91.23, 138.5
2024-11-07, 17:18:18, 136.55, 58.3, 23.0, 22.16, 9999.0, 9.57, 10.0, 21.75, 9999.0, 24.25, 9999.0, 117.73, 128.0, 120.25, 91.23, 138.5
2024-11-07, 17:18:22, 136.52, 58.3, 23.0, 22.16, 9999.0, 9.57, 10.0, 21.75, 9999.0, 24.25, 9999.0, 117.7, 128.0, 120.25, 91.23, 138.5
2024-11-07, 17:18:26, 136.52, 58.3, 23.0, 22.16, 9999.0, 9.57, 10.0, 21.75, 9999.0, 24.23, 9999.0, 117.68, 128.0, 120.25, 91.23, 138.5
2024-11-07, 17:18:30, 136.52, 58.27, 23.0, 22.16, 9999.0, 9.59, 10.0, 21.75, 9999.0, 24.23, 9999.0, 117.66, 128.0, 120.25, 91.2, 138.5
2024-11-07, 17:18:34, 136.52, 58.27, 23.0, 22.16, 9999.0, 9.61, 10.0, 21.75, 9999.0, 24.2, 9999.0, 117.66, 127.98, 120.25, 91.2, 138.5
2024-11-07, 17:18:38, 136.5, 58.27, 23.0, 22.16, 9999.0, 9.64, 10.0, 21.75, 9999.0, 24.2, 9999.0, 117.66, 127.98, 120.25, 91.23, 138.5
2024-11-07, 17:18:42, 136.5, 58.27, 23.0, 22.14, 9999.0, 9.66, 10.0, 21.75, 9999.0, 24.2, 9999.0, 117.66, 127.98, 120.25, 91.23, 138.52
2024-11-07, 17:18:46, 136.5, 58.3, 23.0, 22.14, 9999.0, 9.68, 10.0, 21.75, 9999.0, 24.2, 9999.0, 117.68, 127.98, 120.25, 91.23, 138.52
2024-11-07, 17:18:50, 136.5, 58.3, 23.0, 22.16, 9999.0, 9.7, 10.0, 21.75, 9999.0, 24.2, 9999.0, 117.7, 127.98, 120.25, 91.23, 138.52
2024-11-07, 17:18:54, 136.5, 58.27, 23.0, 22.16, 9999.0, 9.73, 10.0, 21.75, 9999.0, 24.18, 9999.0, 117.7, 127.98, 120.25, 91.23, 138.52
2024-11-07, 17:18:58, 136.5, 58.27, 23.0, 22.16, 9999.0, 9.75, 10.0, 21.75, 9999.0, 24.2, 9999.0, 117.7, 127.98, 120.25, 91.23, 138.52
2024-11-07, 17:19:02, 136.5, 58.27, 23.0, 22.14, 9999.0, 9.73, 10.0, 21.75, 9999.0, 24.2, 9999.0, 117.73, 127.98, 120.25, 91.23, 138.52
2024-11-07, 17:19:06, 136.5, 58.27, 23.0, 22.11, 9999.0, 9.73, 10.0, 21.75, 9999.0, 24.23, 9999.0, 117.75, 127.98, 120.25, 91.23, 138.52
2024-11-07, 17:19:10, 136.5, 58.27, 23.0, 22.09, 9999.0, 9.73, 10.0, 21.73, 9999.0, 24.27, 9999.0, 117.77, 127.98, 120.25, 91.23, 138.52
2024-11-07, 17:19:14, 136.5, 58.27, 23.0, 22.07, 9999.0, 9.7, 10.0, 21.73, 9999.0, 24.3, 9999.0, 117.8, 127.98, 120.25, 91.25, 138.52
2024-11-07, 17:19:19, 136.5, 58.27, 23.0, 22.07, 9999.0, 9.68, 10.0, 21.73, 9999.0, 24.3, 9999.0, 117.8, 128.0, 120.25, 91.25, 138.52
2024-11-07, 17:19:23, 136.5, 58.27, 23.0, 22.05, 9999.0, 9.66, 10.0, 21.73, 9999.0, 24.32, 9999.0, 117.77, 128.0, 120.25, 91.25, 138.52
2024-11-07, 17:19:27, 136.5, 58.27, 23.0, 22.05, 9999.0, 9.64, 10.0, 21.73, 9999.0, 24.32, 9999.0, 117.75, 128.0, 120.25, 91.25, 138.5
2024-11-07, 17:19:31, 136.5, 58.25, 23.0, 22.02, 9999.0, 9.61, 10.0, 21.73, 9999.0, 24.32, 9999.0, 117.7, 128.0, 120.25, 91.25, 138.5
2024-11-07, 17:19:35, 136.5, 58.27, 23.0, 22.0, 9999.0, 9.59, 10.0, 21.73, 9999.0, 24.32, 9999.0, 117.66, 128.0, 120.25, 91.25, 138.5
2024-11-07, 17:19:39, 136.5, 58.27, 23.0, 22.0, 9999.0, 9.59, 10.0, 21.73, 9999.0, 24.34, 9999.0, 117.64, 127.98, 120.25, 91.25, 138.5
2024-11-07, 17:19:43, 136.5, 58.27, 23.0, 22.0, 9999.0, 9.57, 10.0, 21.73, 9999.0, 24.34, 9999.0, 117.61, 127.98, 120.25, 91.25, 138.5
2024-11-07, 17:19:47, 136.5, 58.27, 23.0, 22.0, 9999.0, 9.59, 10.0, 21.73, 9999.0, 24.34, 9999.0, 117.59, 127.95, 120.25, 91.25, 138.5
2024-11-07, 17:19:51, 136.5, 58.27, 23.0, 22.0, 9999.0, 9.61, 10.0, 21.73, 9999.0, 24.32, 9999.0, 117.57, 127.95, 120.25, 91.25, 138.5
2024-11-07, 17:19:55, 136.5, 58.27, 23.0, 22.02, 9999.0, 9.61, 10.0, 21.75, 9999.0, 24.27, 9999.0, 117.57, 127.93, 120.25, 91.25, 138.5
2024-11-07, 17:19:59, 136.5, 58.27, 23.0, 22.05, 9999.0, 9.64, 10.0, 21.75, 9999.0, 24.23, 9999.0, 117.57, 127.91, 120.25, 91.25, 138.5
2024-11-07, 17:20:03, 136.5, 58.27, 23.0, 22.05, 9999.0, 9.66, 10.0, 21.75, 9999.0, 24.2, 9999.0, 117.57, 127.91, 120.25, 91.25, 138.5
2024-11-07, 17:20:07, 136.5, 58.27, 22.98, 22.05, 9999.0, 9.68, 10.0, 21.75, 9999.0, 24.16, 9999.0, 117.61, 127.91, 120.25, 91.25, 138.5
2024-11-07, 17:20:11, 136.52, 58.3, 22.98, 22.05, 9999.0, 9.7, 10.0, 21.75, 9999.0, 24.14, 9999.0, 117.66, 127.91, 120.25, 91.25, 138.5
2024-11-07, 17:20:15, 136.52, 58.3, 22.98, 22.05, 9999.0, 9.73, 10.0, 21.75, 9999.0, 24.14, 9999.0, 117.68, 127.91, 120.25, 91.25, 138.5
2024-11-07, 17:20:19, 136.52, 58.3, 22.98, 22.05, 9999.0, 9.75, 10.0, 21.75, 9999.0, 24.11, 9999.0, 117.7, 127.91, 120.25, 91.25, 138.5
2024-11-07, 17:20:23, 136.52, 58.3, 22.98, 22.05, 9999.0, 9.75, 10.0, 21.75, 9999.0, 24.09, 9999.0, 117.73, 127.93, 120.25, 91.25, 138.5
2024-11-07, 17:20:27, 136.52, 58.3, 22.95, 22.05, 9999.0, 9.77, 10.0, 21.75, 9999.0, 24.09, 9999.0, 117.75, 127.93, 120.25, 91.25, 138.5
2024-11-07, 17:20:31, 136.52, 58.3, 22.95, 22.05, 9999.0, 9.75, 10.0, 21.75, 9999.0, 24.09, 9999.0, 117.77, 127.95, 120.25, 91.25, 138.5
2024-11-07, 17:20:35, 136.52, 58.32, 22.95, 22.05, 9999.0, 9.7, 10.0, 21.75, 9999.0, 24.09, 9999.0, 117.77, 127.95, 120.25, 91.25, 138.5
2024-11-07, 17:20:39, 136.52, 58.32, 22.95, 22.02, 9999.0, 9.68, 10.0, 21.75, 9999.0, 24.11, 9999.0, 117.75, 127.98, 120.25, 91.25, 138.5
2024-11-07, 17:20:43, 136.52, 58.32, 22.95, 22.0, 9999.0, 9.66, 10.0, 21.75, 9999.0, 24.14, 9999.0, 117.75, 128.0, 120.25, 91.25, 138.5
2024-11-07, 17:20:47, 136.52, 58.32, 22.95, 22.0, 9999.0, 9.64, 10.0, 21.75, 9999.0, 24.16, 9999.0, 117.73, 128.0, 120.25, 91.25, 138.5
2024-11-07, 17:20:51, 136.52, 58.32, 22.98, 22.0, 9999.0, 9.61, 10.0, 21.75, 9999.0, 24.18, 9999.0, 117.68, 128.0, 120.25, 91.25, 138.5
2024-11-07, 17:20:55, 136.52, 58.32, 22.98, 22.0, 9999.0, 9.59, 10.0, 21.75, 9999.0, 24.2, 9999.0, 117.64, 128.0, 120.25, 91.25, 138.5
2024-11-07, 17:20:59, 136.52, 58.32, 22.98, 22.0, 9999.0, 9.59, 10.0, 21.75, 9999.0, 24.2, 9999.0, 117.61, 128.0, 120.25, 91.25, 138.5
2024-11-07, 17:21:03, 136.52, 58.32, 22.98, 22.0, 9999.0, 9.59, 10.0, 21.75, 9999.0, 24.23, 9999.0, 117.59, 128.0, 120.25, 91.25, 138.5
2024-11-07, 17:21:07, 136.52, 58.34, 22.98, 22.0, 9999.0, 9.61, 10.0, 21.75, 9999.0, 24.25, 9999.0, 117.57, 127.98, 120.25, 91.25, 138.5
2024-11-07, 17:21:11, 136.52, 58.34, 23.0, 22.0, 9999.0, 9.61, 10.0, 21.75, 9999.0, 24.25, 9999.0, 117.55, 127.95, 120.25, 91.25, 138.5
2024-11-07, 17:21:15, 136.52, 58.34, 23.0, 22.0, 9999.0, 9.64, 10.0, 21.75, 9999.0, 24.25, 9999.0, 117.55, 127.95, 120.25, 91.25, 138.5
2024-11-07, 17:21:19, 136.52, 58.32, 23.0, 22.0, 9999.0, 9.66, 10.0, 21.75, 9999.0, 24.23, 9999.0, 117.57, 127.95, 120.25, 91.25, 138.5
2024-11-07, 17:21:23, 136.52, 58.32, 23.0, 22.02, 9999.0, 9.68, 10.0, 21.75, 9999.0, 24.2, 9999.0, 117.59, 127.95, 120.25, 91.25, 138.5
2024-11-07, 17:21:27, 136.52, 58.32, 23.0, 22.02, 9999.0, 9.7, 10.0, 21.75, 9999.0, 24.18, 9999.0, 117.61, 127.93, 120.25, 91.25, 138.5
2024-11-07, 17:21:31, 136.52, 58.32, 22.98, 22.02, 9999.0, 9.73, 10.0, 21.75, 9999.0, 24.16, 9999.0, 117.66, 127.93, 120.25, 91.25, 138.5
2024-11-07, 17:21:35, 136.55, 58.32, 22.98, 22.02, 9999.0, 9.75, 10.0, 21.75, 9999.0, 24.16, 9999.0, 117.68, 127.93, 120.25, 91.25, 138.5
2024-11-07, 17:21:39, 136.52, 58.3, 22.98, 22.02, 9999.0, 9.77, 10.0, 21.75, 9999.0, 24.16, 9999.0, 117.7, 127.93, 120.25, 91.25, 138.5
2024-11-07, 17:21:43, 136.52, 58.3, 22.98, 22.02, 9999.0, 9.77, 10.0, 21.75, 9999.0, 24.16, 9999.0, 117.73, 127.93, 120.25, 91.25, 138.5
2024-11-07, 17:21:47, 136.52, 58.27, 22.98, 22.02, 9999.0, 9.77, 10.0, 21.75, 9999.0, 24.18, 9999.0, 117.75, 127.93, 120.25, 91.25, 138.5
2024-11-07, 17:21:51, 136.52, 58.25, 22.98, 22.02, 9999.0, 9.73, 10.0, 21.75, 9999.0, 24.18, 9999.0, 117.77, 127.95, 120.25, 91.25, 138.5
2024-11-07, 17:21:55, 136.52, 58.25, 22.98, 22.05, 9999.0, 9.7, 10.0, 21.75, 9999.0, 24.18, 9999.0, 117.77, 127.98, 120.25, 91.25, 138.5
2024-11-07, 17:21:59, 136.52, 58.25, 22.98, 22.07, 9999.0, 9.68, 10.0, 21.75, 9999.0, 24.18, 9999.0, 117.77, 127.98, 120.25, 91.25, 138.5
2024-11-07, 17:22:03, 136.52, 58.25, 22.98, 22.09, 9999.0, 9.66, 10.0, 21.75, 9999.0, 24.2, 9999.0, 117.77, 127.95, 120.25, 91.25, 138.5
2024-11-07, 17:22:07, 136.52, 58.25, 22.98, 22.07, 9999.0, 9.64, 10.0, 21.75, 9999.0, 24.2, 9999.0, 117.75, 127.95, 120.25, 91.25, 138.5
2024-11-07, 17:22:11, 136.52, 58.25, 22.95, 22.07, 9999.0, 9.61, 10.0, 21.75, 9999.0, 24.2, 9999.0, 117.7, 127.95, 120.25, 91.25, 138.5
2024-11-07, 17:22:15, 136.52, 58.27, 22.98, 22.09, 9999.0, 9.61, 9.98, 21.75, 9999.0, 24.2, 9999.0, 117.66, 127.95, 120.25, 91.25, 138.5
2024-11-07, 17:22:19, 136.5, 58.27, 22.98, 22.09, 9999.0, 9.61, 9.98, 21.75, 9999.0, 24.18, 9999.0, 117.64, 127.95, 120.25, 91.25, 138.5
2024-11-07, 17:22:23, 136.5, 58.27, 22.98, 22.11, 9999.0, 9.61, 9.98, 21.75, 9999.0, 24.16, 9999.0, 117.61, 127.95, 120.25, 91.25, 138.5
2024-11-07, 17:22:27, 136.5, 58.27, 22.98, 22.11, 9999.0, 9.61, 9.98, 21.75, 9999.0, 24.14, 9999.0, 117.59, 127.93, 120.25, 91.23, 138.5
2024-11-07, 17:22:31, 136.5, 58.27, 22.98, 22.11, 9999.0, 9.61, 9.98, 21.75, 9999.0, 24.09, 9999.0, 117.59, 127.93, 120.25, 91.23, 138.5
2024-11-07, 17:22:35, 136.5, 58.27, 22.98, 22.11, 9999.0, 9.64, 9.98, 21.75, 9999.0, 24.07, 9999.0, 117.59, 127.91, 120.25, 91.23, 138.5
2024-11-07, 17:22:39, 136.5, 58.27, 22.98, 22.09, 9999.0, 9.66, 9.98, 21.75, 9999.0, 24.05, 9999.0, 117.61, 127.89, 120.25, 91.23, 138.5
2024-11-07, 17:22:43, 136.5, 58.27, 22.98, 22.07, 9999.0, 9.68, 9.98, 21.75, 9999.0, 24.02, 9999.0, 117.64, 127.89, 120.25, 91.23, 138.5
2024-11-07, 17:22:47, 136.52, 58.27, 22.98, 22.05, 9999.0, 9.7, 9.98, 21.75, 9999.0, 24.0, 9999.0, 117.66, 127.91, 120.25, 91.23, 138.5
2024-11-07, 17:22:51, 136.52, 58.27, 22.98, 22.07, 9999.0, 9.73, 9.98, 21.75, 9999.0, 24.0, 9999.0, 117.68, 127.89, 120.25, 91.23, 138.5
2024-11-07, 17:22:55, 136.52, 58.27, 23.0, 22.07, 9999.0, 9.75, 9.98, 21.75, 9999.0, 24.02, 9999.0, 117.7, 127.89, 120.25, 91.23, 138.5
2024-11-07, 17:22:59, 136.52, 58.25, 23.0, 22.05, 9999.0, 9.75, 10.0, 21.75, 9999.0, 24.02, 9999.0, 117.73, 127.89, 120.25, 91.23, 138.5
2024-11-07, 17:23:09, 136.52, 58.25, 23.0, 22.05, 9999.0, 9.73, 10.0, 21.75, 9999.0, 24.05, 9999.0, 117.75, 127.89, 120.25, 91.23, 138.5
2024-11-07, 17:23:13, 136.52, 58.25, 23.0, 22.02, 9999.0, 9.7, 10.0, 21.75, 9999.0, 24.07, 9999.0, 117.77, 127.89, 120.25, 91.23, 138.5
2024-11-07, 17:23:17, 136.52, 58.25, 23.0, 22.02, 9999.0, 9.68, 10.0, 21.75, 9999.0, 24.09, 9999.0, 117.8, 127.91, 120.25, 91.25, 138.5
2024-11-07, 17:23:21, 136.52, 58.25, 22.98, 22.02, 9999.0, 9.66, 10.0, 21.75, 9999.0, 24.11, 9999.0, 117.8, 127.91, 120.25, 91.25, 138.5
2024-11-07, 17:23:25, 136.52, 58.25, 22.98, 22.02, 9999.0, 9.64, 10.0, 21.75, 9999.0, 24.11, 9999.0, 117.77, 127.93, 120.25, 91.25, 138.5
2024-11-07, 17:23:29, 136.52, 58.25, 22.98, 22.02, 9999.0, 9.61, 10.0, 21.75, 9999.0, 24.11, 9999.0, 117.75, 127.95, 120.25, 91.25, 138.5
2024-11-07, 17:23:33, 136.52, 58.25, 22.95, 22.02, 9999.0, 9.59, 10.0, 21.75, 9999.0, 24.11, 9999.0, 117.7, 127.95, 120.25, 91.25, 138.5
2024-11-07, 17:23:37, 136.5, 58.25, 22.95, 22.02, 9999.0, 9.57, 10.0, 21.75, 9999.0, 24.11, 9999.0, 117.68, 127.95, 120.25, 91.25, 138.5
2024-11-07, 17:23:41, 136.52, 58.25, 22.95, 22.02, 9999.0, 9.57, 10.0, 21.75, 9999.0, 24.11, 9999.0, 117.66, 127.98, 120.25, 91.25, 138.5
2024-11-07, 17:23:45, 136.52, 58.25, 22.95, 22.02, 9999.0, 9.57, 10.0, 21.75, 9999.0, 24.09, 9999.0, 117.64, 128.0, 120.25, 91.25, 138.5
2024-11-07, 17:23:49, 136.52, 58.25, 22.95, 22.05, 9999.0, 9.59, 10.0, 21.75, 9999.0, 24.09, 9999.0, 117.61, 127.98, 120.25, 91.25, 138.5
2024-11-07, 17:23:53, 136.52, 58.25, 22.95, 22.05, 9999.0, 9.64, 10.0, 21.75, 9999.0, 24.07, 9999.0, 117.59, 127.98, 120.25, 91.25, 138.5
2024-11-07, 17:23:57, 136.52, 58.25, 22.95, 22.05, 9999.0, 9.66, 10.0, 21.75, 9999.0, 24.02, 9999.0, 117.59, 127.98, 120.25, 91.25, 138.5
2024-11-07, 17:24:01, 136.52, 58.25, 22.95, 22.07, 9999.0, 9.68, 10.0, 21.75, 9999.0, 23.98, 9999.0, 117.59, 127.95, 120.25, 91.25, 138.5
2024-11-07, 17:24:05, 136.52, 58.25, 22.98, 22.07, 9999.0, 9.7, 10.0, 21.75, 9999.0, 23.93, 9999.0, 117.59, 127.95, 120.25, 91.25, 138.5
2024-11-07, 17:24:09, 136.52, 58.25, 22.98, 22.07, 9999.0, 9.73, 10.0, 21.75, 9999.0, 23.91, 9999.0, 117.61, 127.95, 120.25, 91.25, 138.5
2024-11-07, 17:24:13, 136.52, 58.25, 22.98, 22.07, 9999.0, 9.75, 10.0, 21.75, 9999.0, 23.89, 9999.0, 117.64, 127.95, 120.25, 91.25, 138.5
2024-11-07, 17:24:17, 136.52, 58.25, 23.0, 22.09, 9999.0, 9.77, 10.0, 21.75, 9999.0, 23.89, 9999.0, 117.68, 127.95, 120.25, 91.25, 138.5
2024-11-07, 17:24:21, 136.55, 58.25, 23.0, 22.11, 9999.0, 9.8, 10.0, 21.75, 9999.0, 23.89, 9999.0, 117.68, 127.95, 120.25, 91.25, 138.5
2024-11-07, 17:24:25, 136.55, 58.25, 23.0, 22.09, 9999.0, 9.8, 10.0, 21.75, 9999.0, 23.89, 9999.0, 117.7, 127.95, 120.25, 91.25, 138.5
2024-11-07, 17:24:29, 136.55, 58.27, 23.0, 22.09, 9999.0, 9.77, 10.0, 21.75, 9999.0, 23.89, 9999.0, 117.73, 127.95, 120.25, 91.25, 138.5
2024-11-07, 17:24:33, 136.55, 58.27, 23.0, 22.07, 9999.0, 9.73, 10.0, 21.75, 9999.0, 23.89, 9999.0, 117.73, 127.98, 120.25, 91.25, 138.5
2024-11-07, 17:24:37, 136.55, 58.27, 23.0, 22.07, 9999.0, 9.68, 10.0, 21.75, 9999.0, 23.89, 9999.0, 117.75, 127.98, 120.25, 91.25, 138.5
2024-11-07, 17:24:41, 136.55, 58.27, 23.0, 22.07, 9999.0, 9.66, 10.0, 21.75, 9999.0, 23.91, 9999.0, 117.75, 127.98, 120.25, 91.25, 138.5
2024-11-07, 17:24:45, 136.55, 58.27, 23.0, 22.05, 9999.0, 9.64, 10.0, 21.75, 9999.0, 23.91, 9999.0, 117.75, 128.0, 120.25, 91.25, 138.5
2024-11-07, 17:24:49, 136.55, 58.27, 23.0, 22.05, 9999.0, 9.61, 10.0, 21.75, 9999.0, 23.91, 9999.0, 117.73, 128.0, 120.25, 91.25, 138.5
2024-11-07, 17:24:53, 136.55, 58.27, 23.0, 22.05, 9999.0, 9.59, 10.0, 21.75, 9999.0, 23.91, 9999.0, 117.7, 128.0, 120.25, 91.25, 138.5
2024-11-07, 17:24:57, 136.55, 58.27, 23.0, 22.05, 9999.0, 9.59, 10.0, 21.75, 9999.0, 23.91, 9999.0, 117.68, 127.98, 120.25, 91.25, 138.5
2024-11-07, 17:25:01, 136.55, 58.27, 23.0, 22.02, 9999.0, 9.59, 10.0, 21.75, 9999.0, 23.89, 9999.0, 117.66, 127.98, 120.25, 91.25, 138.5
2024-11-07, 17:25:05, 136.52, 58.27, 23.0, 22.02, 9999.0, 9.59, 10.0, 21.75, 9999.0, 23.86, 9999.0, 117.64, 127.98, 120.25, 91.25, 138.5
2024-11-07, 17:25:09, 136.5, 58.27, 23.0, 22.02, 9999.0, 9.61, 10.0, 21.75, 9999.0, 23.84, 9999.0, 117.61, 127.98, 120.25, 91.25, 138.5
2024-11-07, 17:25:13, 136.5, 58.25, 23.0, 22.02, 9999.0, 9.66, 10.0, 21.75, 9999.0, 23.82, 9999.0, 117.61, 127.98, 120.25, 91.25, 138.5
2024-11-07, 17:25:18, 136.5, 58.25, 23.0, 22.05, 9999.0, 9.68, 10.0, 21.75, 9999.0, 23.8, 9999.0, 117.64, 127.98, 120.25, 91.25, 138.5
2024-11-07, 17:25:22, 136.5, 58.25, 23.0, 22.05, 9999.0, 9.7, 10.02, 21.75, 9999.0, 23.77, 9999.0, 117.64, 127.95, 120.25, 91.25, 138.5
2024-11-07, 17:25:26, 136.5, 58.25, 23.0, 22.05, 9999.0, 9.73, 10.02, 21.75, 9999.0, 23.73, 9999.0, 117.66, 127.95, 120.25, 91.25, 138.52
2024-11-07, 17:25:30, 136.5, 58.25, 23.0, 22.05, 9999.0, 9.75, 10.02, 21.75, 9999.0, 23.73, 9999.0, 117.68, 127.95, 120.25, 91.25, 138.52
2024-11-07, 17:25:34, 136.5, 58.25, 23.0, 22.05, 9999.0, 9.77, 10.02, 21.75, 9999.0, 23.73, 9999.0, 117.7, 127.95, 120.25, 91.25, 138.52
2024-11-07, 17:25:38, 136.5, 58.25, 23.0, 22.05, 9999.0, 9.8, 10.05, 21.75, 9999.0, 23.75, 9999.0, 117.73, 127.95, 120.25, 91.25, 138.52
2024-11-07, 17:25:42, 136.5, 58.25, 23.0, 22.05, 9999.0, 9.8, 10.05, 21.75, 9999.0, 23.77, 9999.0, 117.75, 127.98, 120.25, 91.25, 138.52
2024-11-07, 17:25:46, 136.5, 58.25, 23.0, 22.07, 9999.0, 9.8, 10.05, 21.75, 9999.0, 23.8, 9999.0, 117.75, 127.98, 120.25, 91.25, 138.52
2024-11-07, 17:25:50, 136.5, 58.25, 23.0, 22.05, 9999.0, 9.8, 10.05, 21.75, 9999.0, 23.82, 9999.0, 117.77, 127.98, 120.25, 91.25, 138.52
2024-11-07, 17:25:54, 136.52, 58.25, 23.0, 22.07, 9999.0, 9.75, 10.05, 21.75, 9999.0, 23.84, 9999.0, 117.8, 127.98, 120.25, 91.25, 138.52
2024-11-07, 17:25:58, 136.52, 58.25, 23.0, 22.09, 9999.0, 9.7, 10.05, 21.75, 9999.0, 23.86, 9999.0, 117.8, 127.98, 120.25, 91.25, 138.55
2024-11-07, 17:26:02, 136.52, 58.25, 23.0, 22.07, 9999.0, 9.68, 10.05, 21.75, 9999.0, 23.89, 9999.0, 117.8, 127.98, 120.25, 91.25, 138.57
2024-11-07, 17:26:06, 136.52, 58.25, 23.0, 22.09, 9999.0, 9.66, 10.02, 21.75, 9999.0, 23.91, 9999.0, 117.77, 128.0, 120.25, 91.25, 138.59
2024-11-07, 17:26:10, 136.52, 58.25, 23.0, 22.11, 9999.0, 9.64, 10.02, 21.75, 9999.0, 23.93, 9999.0, 117.73, 128.0, 120.25, 91.25, 138.57
2024-11-07, 17:26:14, 136.52, 58.27, 23.0, 22.11, 9999.0, 9.61, 10.02, 21.75, 9999.0, 23.95, 9999.0, 117.7, 127.98, 120.25, 91.25, 138.57
2024-11-07, 17:26:18, 136.52, 58.27, 23.0, 22.11, 9999.0, 9.61, 10.02, 21.75, 9999.0, 23.95, 9999.0, 117.68, 127.98, 120.25, 91.25, 138.57
2024-11-07, 17:26:22, 136.52, 58.27, 23.0, 22.14, 9999.0, 9.61, 10.0, 21.75, 9999.0, 23.93, 9999.0, 117.66, 127.98, 120.25, 91.25, 138.57
2024-11-07, 17:26:26, 136.52, 58.27, 23.0, 22.14, 9999.0, 9.61, 10.0, 21.75, 9999.0, 23.93, 9999.0, 117.64, 127.98, 120.25, 91.25, 138.57
2024-11-07, 17:26:30, 136.52, 58.27, 23.0, 22.11, 9999.0, 9.61, 10.0, 21.75, 9999.0, 23.91, 9999.0, 117.61, 127.98, 120.25, 91.25, 138.57
2024-11-07, 17:26:34, 136.52, 58.27, 23.0, 22.11, 9999.0, 9.64, 10.0, 21.75, 9999.0, 23.89, 9999.0, 117.61, 127.98, 120.25, 91.25, 138.57
2024-11-07, 17:26:38, 136.5, 58.27, 23.0, 22.09, 9999.0, 9.66, 10.0, 21.75, 9999.0, 23.86, 9999.0, 117.61, 127.95, 120.25, 91.25, 138.57
2024-11-07, 17:26:42, 136.5, 58.27, 23.0, 22.07, 9999.0, 9.68, 10.0, 21.75, 9999.0, 23.84, 9999.0, 117.61, 127.95, 120.25, 91.25, 138.55
2024-11-07, 17:26:46, 136.5, 58.27, 23.0, 22.09, 9999.0, 9.7, 10.02, 21.75, 9999.0, 23.82, 9999.0, 117.64, 127.95, 120.25, 91.25, 138.52
2024-11-07, 17:26:50, 136.5, 58.27, 23.0, 22.07, 9999.0, 9.73, 10.02, 21.75, 9999.0, 23.8, 9999.0, 117.68, 127.95, 120.25, 91.25, 138.5
2024-11-07, 17:26:54, 136.5, 58.27, 23.0, 22.05, 9999.0, 9.75, 10.02, 21.75, 9999.0, 23.8, 9999.0, 117.7, 127.95, 120.25, 91.25, 138.5
2024-11-07, 17:26:58, 136.5, 58.25, 23.0, 22.07, 9999.0, 9.77, 10.02, 21.75, 9999.0, 23.8, 9999.0, 117.7, 127.98, 120.25, 91.25, 138.52
2024-11-07, 17:27:02, 136.5, 58.25, 23.0, 22.09, 9999.0, 9.77, 10.02, 21.75, 9999.0, 23.82, 9999.0, 117.73, 127.98, 120.25, 91.25, 138.52
2024-11-07, 17:27:06, 136.5, 58.25, 23.0, 22.09, 9999.0, 9.75, 10.02, 21.75, 9999.0, 23.86, 9999.0, 117.75, 127.98, 120.25, 91.25, 138.55
2024-11-07, 17:27:10, 136.5, 58.25, 23.0, 22.09, 9999.0, 9.75, 10.02, 21.75, 9999.0, 23.86, 9999.0, 117.77, 127.98, 120.25, 91.25, 138.55
2024-11-07, 17:27:14, 136.5, 58.25, 23.0, 22.11, 9999.0, 9.75, 10.02, 21.75, 9999.0, 23.89, 9999.0, 117.8, 127.98, 120.25, 91.25, 138.55
2024-11-07, 17:27:18, 136.5, 58.25, 23.0, 22.14, 9999.0, 9.7, 10.02, 21.75, 9999.0, 23.91, 9999.0, 117.8, 127.98, 120.25, 91.25, 138.55
2024-11-07, 17:27:22, 136.5, 58.27, 23.0, 22.16, 9999.0, 9.68, 10.02, 21.75, 9999.0, 23.93, 9999.0, 117.77, 128.0, 120.25, 91.25, 138.55
2024-11-07, 17:27:26, 136.5, 58.27, 23.0, 22.16, 9999.0, 9.66, 10.02, 21.75, 9999.0, 23.93, 9999.0, 117.77, 128.0, 120.25, 91.25, 138.55
2024-11-07, 17:27:30, 136.5, 58.27, 23.0, 22.16, 9999.0, 9.64, 10.0, 21.75, 9999.0, 23.93, 9999.0, 117.73, 128.0, 120.25, 91.25, 138.55
2024-11-07, 17:27:34, 136.5, 58.27, 23.0, 22.18, 9999.0, 9.64, 10.0, 21.75, 9999.0, 23.95, 9999.0, 117.7, 128.0, 120.25, 91.25, 138.55
2024-11-07, 17:27:38, 136.5, 58.27, 23.0, 22.2, 9999.0, 9.64, 10.0, 21.75, 9999.0, 23.95, 9999.0, 117.68, 128.0, 120.25, 91.25, 138.55
2024-11-07, 17:27:42, 136.5, 58.27, 23.0, 22.2, 9999.0, 9.64, 10.0, 21.75, 9999.0, 23.93, 9999.0, 117.66, 127.98, 120.25, 91.25, 138.52
2024-11-07, 17:27:46, 136.5, 58.27, 23.0, 22.18, 9999.0, 9.66, 10.0, 21.75, 9999.0, 23.91, 9999.0, 117.64, 127.98, 120.25, 91.25, 138.52
2024-11-07, 17:27:50, 136.5, 58.27, 23.0, 22.16, 9999.0, 9.7, 10.0, 21.75, 9999.0, 23.86, 9999.0, 117.64, 127.95, 120.25, 91.25, 138.5
2024-11-07, 17:27:54, 136.5, 58.27, 23.0, 22.16, 9999.0, 9.7, 10.0, 21.75, 9999.0, 23.84, 9999.0, 117.64, 127.95, 120.25, 91.25, 138.5
2024-11-07, 17:27:58, 136.5, 58.3, 23.0, 22.16, 9999.0, 9.7, 10.0, 21.75, 9999.0, 23.82, 9999.0, 117.64, 127.95, 120.25, 91.25, 138.5
2024-11-07, 17:28:02, 136.5, 58.3, 23.0, 22.16, 9999.0, 9.73, 10.0, 21.75, 9999.0, 23.8, 9999.0, 117.66, 127.95, 120.25, 91.25, 138.5
2024-11-07, 17:28:06, 136.5, 58.27, 23.0, 22.14, 9999.0, 9.75, 10.0, 21.75, 9999.0, 23.77, 9999.0, 117.7, 127.95, 120.25, 91.25, 138.5
2024-11-07, 17:28:10, 136.5, 58.27, 23.0, 22.14, 9999.0, 9.77, 10.0, 21.75, 9999.0, 23.77, 9999.0, 117.7, 127.95, 120.25, 91.25, 138.5
2024-11-07, 17:28:14, 136.52, 58.27, 23.0, 22.14, 9999.0, 9.8, 10.0, 21.75, 9999.0, 23.8, 9999.0, 117.73, 127.95, 120.25, 91.25, 138.5
2024-11-07, 17:28:18, 136.52, 58.27, 23.0, 22.14, 9999.0, 9.8, 10.0, 21.75, 9999.0, 23.8, 9999.0, 117.73, 127.95, 120.25, 91.25, 138.5
2024-11-07, 17:28:22, 136.52, 58.27, 23.0, 22.14, 9999.0, 9.8, 10.0, 21.75, 9999.0, 23.84, 9999.0, 117.75, 127.95, 120.25, 91.25, 138.52
2024-11-07, 17:28:26, 136.52, 58.27, 23.0, 22.11, 9999.0, 9.8, 10.0, 21.75, 9999.0, 23.89, 9999.0, 117.77, 127.98, 120.25, 91.25, 138.52
2024-11-07, 17:28:30, 136.52, 58.27, 23.0, 22.14, 9999.0, 9.75, 10.0, 21.75, 9999.0, 23.91, 9999.0, 117.8, 127.98, 120.25, 91.25, 138.52
2024-11-07, 17:28:34, 136.52, 58.27, 23.0, 22.14, 9999.0, 9.7, 10.0, 21.75, 9999.0, 23.95, 9999.0, 117.77, 128.0, 120.25, 91.25, 138.52
2024-11-07, 17:28:38, 136.52, 58.27, 23.0, 22.16, 9999.0, 9.68, 10.0, 21.75, 9999.0, 23.98, 9999.0, 117.77, 128.0, 120.25, 91.25, 138.52
2024-11-07, 17:28:42, 136.52, 58.25, 23.0, 22.14, 9999.0, 9.66, 10.0, 21.75, 9999.0, 24.0, 9999.0, 117.77, 128.0, 120.25, 91.25, 138.52
2024-11-07, 17:28:46, 136.52, 58.25, 23.0, 22.11, 9999.0, 9.64, 10.0, 21.75, 9999.0, 24.02, 9999.0, 117.75, 128.0, 120.25, 91.25, 138.52
2024-11-07, 17:28:50, 136.52, 58.25, 23.0, 22.14, 9999.0, 9.61, 10.0, 21.75, 9999.0, 24.05, 9999.0, 117.73, 128.0, 120.25, 91.25, 138.52
2024-11-07, 17:28:54, 136.52, 58.25, 23.0, 22.14, 9999.0, 9.61, 10.0, 21.75, 9999.0, 24.07, 9999.0, 117.73, 128.0, 120.25, 91.25, 138.52
2024-11-07, 17:28:58, 136.5, 58.25, 23.0, 22.11, 9999.0, 9.61, 10.0, 21.75, 9999.0, 24.07, 9999.0, 117.7, 128.0, 120.25, 91.25, 138.52
2024-11-07, 17:29:03, 136.5, 58.25, 23.0, 22.11, 9999.0, 9.61, 10.0, 21.75, 9999.0, 24.07, 9999.0, 117.68, 127.98, 120.25, 91.25, 138.52
2024-11-07, 17:29:07, 136.5, 58.25, 23.0, 22.11, 9999.0, 9.64, 10.0, 21.75, 9999.0, 24.05, 9999.0, 117.66, 127.98, 120.25, 91.25, 138.5
2024-11-07, 17:29:11, 136.5, 58.25, 23.0, 22.14, 9999.0, 9.64, 10.0, 21.75, 9999.0, 24.02, 9999.0, 117.66, 127.98, 120.25, 91.25, 138.5
2024-11-07, 17:29:15, 136.5, 58.25, 23.0, 22.11, 9999.0, 9.66, 10.0, 21.75, 9999.0, 24.02, 9999.0, 117.66, 127.98, 120.25, 91.25, 138.5
2024-11-07, 17:29:19, 136.5, 58.25, 23.0, 22.11, 9999.0, 9.68, 10.0, 21.75, 9999.0, 23.98, 9999.0, 117.68, 127.98, 120.25, 91.25, 138.5
2024-11-07, 17:29:23, 136.5, 58.25, 23.0, 22.09, 9999.0, 9.7, 10.0, 21.75, 9999.0, 23.95, 9999.0, 117.68, 127.98, 120.25, 91.25, 138.5
2024-11-07, 17:29:27, 136.5, 58.25, 23.0, 22.11, 9999.0, 9.73, 10.0, 21.75, 9999.0, 23.93, 9999.0, 117.68, 127.98, 120.25, 91.25, 138.5
2024-11-07, 17:29:31, 136.5, 58.25, 23.0, 22.14, 9999.0, 9.75, 10.0, 21.75, 9999.0, 23.93, 9999.0, 117.68, 127.98, 120.25, 91.25, 138.5
2024-11-07, 17:29:35, 136.5, 58.25, 23.0, 22.11, 9999.0, 9.77, 10.0, 21.75, 9999.0, 23.91, 9999.0, 117.68, 127.98, 120.25, 91.25, 138.5
2024-11-07, 17:29:39, 136.5, 58.25, 23.0, 22.14, 9999.0, 9.77, 10.0, 21.75, 9999.0, 23.89, 9999.0, 117.68, 127.98, 120.25, 91.25, 138.52
2024-11-07, 17:29:43, 136.5, 58.27, 23.0, 22.16, 9999.0, 9.77, 10.0, 21.75, 9999.0, 23.89, 9999.0, 117.7, 127.98, 120.25, 91.25, 138.52
2024-11-07, 17:29:47, 136.5, 58.27, 23.0, 22.14, 9999.0, 9.77, 10.0, 21.75, 9999.0, 23.89, 9999.0, 117.73, 128.0, 120.25, 91.25, 138.52
2024-11-07, 17:29:51, 136.5, 58.27, 23.0, 22.11, 9999.0, 9.73, 10.0, 21.75, 9999.0, 23.86, 9999.0, 117.75, 128.0, 120.25, 91.25, 138.52
2024-11-07, 17:29:55, 136.5, 58.27, 23.0, 22.09, 9999.0, 9.7, 10.0, 21.75, 9999.0, 23.86, 9999.0, 117.75, 128.0, 120.25, 91.25, 138.52
2024-11-07, 17:29:59, 136.5, 58.3, 23.0, 22.09, 9999.0, 9.68, 10.0, 21.75, 9999.0, 23.84, 9999.0, 117.75, 128.0, 120.25, 91.25, 138.52
2024-11-07, 17:30:03, 136.5, 58.3, 23.0, 22.11, 9999.0, 9.66, 10.0, 21.75, 9999.0, 23.84, 9999.0, 117.73, 128.0, 120.25, 91.23, 138.52
2024-11-07, 17:30:07, 136.5, 58.3, 23.0, 22.14, 9999.0, 9.64, 10.0, 21.75, 9999.0, 23.86, 9999.0, 117.7, 128.0, 120.25, 91.23, 138.55
2024-11-07, 17:30:11, 136.52, 58.3, 23.0, 22.11, 9999.0, 9.64, 10.0, 21.75, 9999.0, 23.89, 9999.0, 117.7, 128.0, 120.25, 91.2, 138.55
2024-11-07, 17:30:15, 136.52, 58.3, 23.0, 22.11, 9999.0, 9.64, 10.0, 21.75, 9999.0, 23.89, 9999.0, 117.68, 128.0, 120.25, 91.2, 138.55
2024-11-07, 17:30:19, 136.52, 58.3, 23.0, 22.11, 9999.0, 9.64, 10.0, 21.75, 9999.0, 23.91, 9999.0, 117.68, 128.0, 120.25, 91.2, 138.55
2024-11-07, 17:30:23, 136.52, 58.3, 23.0, 22.09, 9999.0, 9.66, 10.0, 21.75, 9999.0, 23.91, 9999.0, 117.66, 128.0, 120.25, 91.2, 138.52
2024-11-07, 17:30:27, 136.52, 58.3, 23.0, 22.07, 9999.0, 9.68, 10.0, 21.75, 9999.0, 23.89, 9999.0, 117.64, 128.0, 120.25, 91.2, 138.52
2024-11-07, 17:30:31, 136.52, 58.3, 23.0, 22.07, 9999.0, 9.68, 10.0, 21.75, 9999.0, 23.86, 9999.0, 117.64, 127.98, 120.25, 91.2, 138.55
2024-11-07, 17:30:35, 136.52, 58.3, 23.0, 22.07, 9999.0, 9.7, 10.0, 21.75, 9999.0, 23.86, 9999.0, 117.64, 127.95, 120.25, 91.2, 138.55
2024-11-07, 17:30:39, 136.52, 58.3, 23.0, 22.07, 9999.0, 9.73, 10.0, 21.75, 9999.0, 23.84, 9999.0, 117.64, 127.95, 120.25, 91.2, 138.55
2024-11-07, 17:30:43, 136.52, 58.27, 23.0, 22.07, 9999.0, 9.75, 10.0, 21.75, 9999.0, 23.84, 9999.0, 117.66, 127.95, 120.25, 91.2, 138.55
2024-11-07, 17:30:47, 136.52, 58.27, 23.0, 22.07, 9999.0, 9.77, 10.0, 21.75, 9999.0, 23.84, 9999.0, 117.68, 127.95, 120.25, 91.23, 138.55
2024-11-07, 17:30:51, 136.52, 58.27, 23.0, 22.07, 9999.0, 9.8, 10.0, 21.75, 9999.0, 23.84, 9999.0, 117.7, 127.95, 120.25, 91.23, 138.52
2024-11-07, 17:30:55, 136.5, 58.3, 23.0, 22.09, 9999.0, 9.8, 10.0, 21.75, 9999.0, 23.82, 9999.0, 117.7, 127.95, 120.25, 91.25, 138.52
2024-11-07, 17:30:59, 136.5, 58.3, 23.0, 22.09, 9999.0, 9.8, 10.0, 21.75, 9999.0, 23.82, 9999.0, 117.75, 127.95, 120.25, 91.25, 138.55
2024-11-07, 17:31:03, 136.52, 58.3, 23.0, 22.09, 9999.0, 9.8, 10.0, 21.75, 9999.0, 23.84, 9999.0, 117.75, 127.95, 120.25, 91.25, 138.57
2024-11-07, 17:31:07, 136.52, 58.3, 23.0, 22.09, 9999.0, 9.77, 10.0, 21.75, 9999.0, 23.86, 9999.0, 117.77, 127.95, 120.25, 91.25, 138.57
2024-11-07, 17:31:11, 136.52, 58.27, 23.0, 22.11, 9999.0, 9.73, 10.0, 21.75, 9999.0, 23.89, 9999.0, 117.8, 127.95, 120.25, 91.25, 138.57
2024-11-07, 17:31:15, 136.52, 58.27, 23.0, 22.14, 9999.0, 9.7, 10.0, 21.75, 9999.0, 23.91, 9999.0, 117.8, 127.98, 120.25, 91.25, 138.57
2024-11-07, 17:31:19, 136.52, 58.27, 23.0, 22.16, 9999.0, 9.68, 10.0, 21.75, 9999.0, 23.93, 9999.0, 117.77, 128.0, 120.25, 91.25, 138.59
2024-11-07, 17:31:23, 136.52, 58.27, 23.0, 22.18, 9999.0, 9.66, 10.0, 21.75, 9999.0, 23.95, 9999.0, 117.77, 128.0, 120.25, 91.25, 138.61
2024-11-07, 17:31:27, 136.52, 58.27, 23.0, 22.2, 9999.0, 9.64, 10.0, 21.75, 9999.0, 23.98, 9999.0, 117.73, 128.0, 120.25, 91.25, 138.61
2024-11-07, 17:31:31, 136.52, 58.3, 23.0, 22.2, 9999.0, 9.64, 10.0, 21.75, 9999.0, 24.0, 9999.0, 117.7, 128.0, 120.27, 91.25, 138.61
2024-11-07, 17:31:35, 136.52, 58.3, 23.0, 22.18, 9999.0, 9.64, 10.0, 21.75, 9999.0, 24.0, 9999.0, 117.68, 128.0, 120.27, 91.25, 138.61
2024-11-07, 17:31:39, 136.52, 58.27, 23.0, 22.16, 9999.0, 9.64, 10.0, 21.75, 9999.0, 24.0, 9999.0, 117.66, 128.0, 120.27, 91.25, 138.61
2024-11-07, 17:31:43, 136.52, 58.27, 23.0, 22.14, 9999.0, 9.66, 10.0, 21.75, 9999.0, 23.98, 9999.0, 117.64, 128.0, 120.27, 91.25, 138.59
2024-11-07, 17:31:47, 136.5, 58.27, 23.0, 22.14, 9999.0, 9.66, 10.0, 21.75, 9999.0, 23.93, 9999.0, 117.64, 127.98, 120.27, 91.25, 138.57
2024-11-07, 17:31:51, 136.5, 58.27, 23.0, 22.16, 9999.0, 9.66, 10.0, 21.75, 9999.0, 23.91, 9999.0, 117.64, 127.98, 120.27, 91.25, 138.59
2024-11-07, 17:31:55, 136.5, 58.27, 23.0, 22.16, 9999.0, 9.68, 10.0, 21.75, 9999.0, 23.89, 9999.0, 117.64, 127.98, 120.27, 91.25, 138.59
2024-11-07, 17:31:59, 136.5, 58.27, 23.0, 22.16, 9999.0, 9.7, 10.0, 21.75, 9999.0, 23.86, 9999.0, 117.66, 127.98, 120.27, 91.25, 138.57
2024-11-07, 17:32:03, 136.5, 58.27, 23.0, 22.14, 9999.0, 9.73, 10.02, 21.75, 9999.0, 23.84, 9999.0, 117.68, 127.98, 120.27, 91.25, 138.57
2024-11-07, 17:32:07, 136.5, 58.27, 23.0, 22.14, 9999.0, 9.75, 10.02, 21.75, 9999.0, 23.84, 9999.0, 117.7, 127.98, 120.27, 91.25, 138.55
2024-11-07, 17:32:11, 136.5, 58.27, 23.0, 22.11, 9999.0, 9.77, 10.02, 21.75, 9999.0, 23.84, 9999.0, 117.73, 127.98, 120.27, 91.25, 138.55
2024-11-07, 17:32:15, 136.5, 58.25, 23.0, 22.09, 9999.0, 9.77, 10.02, 21.75, 9999.0, 23.84, 9999.0, 117.75, 127.98, 120.25, 91.25, 138.57
2024-11-07, 17:32:19, 136.5, 58.25, 23.0, 22.11, 9999.0, 9.77, 10.02, 21.75, 9999.0, 23.86, 9999.0, 117.77, 127.98, 120.25, 91.25, 138.57
2024-11-07, 17:32:23, 136.52, 58.25, 23.0, 22.14, 9999.0, 9.75, 10.02, 21.75, 9999.0, 23.91, 9999.0, 117.8, 127.98, 120.25, 91.25, 138.57
2024-11-07, 17:32:27, 136.52, 58.25, 23.0, 22.16, 9999.0, 9.7, 10.02, 21.75, 9999.0, 23.95, 9999.0, 117.8, 127.98, 120.25, 91.25, 138.59
2024-11-07, 17:32:31, 136.52, 58.25, 23.0, 22.18, 9999.0, 9.68, 10.02, 21.75, 9999.0, 23.98, 9999.0, 117.8, 128.0, 120.25, 91.25, 138.59
2024-11-07, 17:32:35, 136.55, 58.25, 22.98, 22.18, 9999.0, 9.66, 10.02, 21.75, 9999.0, 24.0, 9999.0, 117.8, 128.0, 120.25, 91.25, 138.57
2024-11-07, 17:32:39, 136.55, 58.25, 22.98, 22.18, 9999.0, 9.64, 10.02, 21.75, 9999.0, 24.02, 9999.0, 117.77, 128.0, 120.25, 91.25, 138.57
2024-11-07, 17:32:44, 136.55, 58.25, 22.98, 22.18, 9999.0, 9.61, 10.02, 21.75, 9999.0, 24.05, 9999.0, 117.73, 128.0, 120.25, 91.25, 138.57
2024-11-07, 17:32:48, 136.55, 58.25, 22.98, 22.2, 9999.0, 9.59, 10.0, 21.75, 9999.0, 24.05, 9999.0, 117.7, 128.0, 120.25, 91.25, 138.55
2024-11-07, 17:32:52, 136.55, 58.27, 22.98, 22.18, 9999.0, 9.59, 10.0, 21.75, 9999.0, 24.02, 9999.0, 117.66, 128.0, 120.25, 91.25, 138.55
2024-11-07, 17:32:56, 136.55, 58.27, 22.98, 22.2, 9999.0, 9.59, 10.0, 21.75, 9999.0, 24.0, 9999.0, 117.64, 128.0, 120.25, 91.25, 138.55
2024-11-07, 17:33:00, 136.55, 58.27, 22.98, 22.23, 9999.0, 9.61, 10.0, 21.75, 9999.0, 23.98, 9999.0, 117.61, 128.0, 120.25, 91.25, 138.52
2024-11-07, 17:33:04, 136.55, 58.27, 22.98, 22.23, 9999.0, 9.61, 10.0, 21.75, 9999.0, 23.93, 9999.0, 117.59, 128.0, 120.25, 91.25, 138.52
2024-11-07, 17:33:08, 136.52, 58.27, 22.98, 22.2, 9999.0, 9.64, 10.0, 21.75, 9999.0, 23.89, 9999.0, 117.59, 128.0, 120.25, 91.25, 138.52
2024-11-07, 17:33:12, 136.52, 58.3, 22.98, 22.18, 9999.0, 9.66, 10.0, 21.75, 9999.0, 23.84, 9999.0, 117.59, 127.98, 120.25, 91.25, 138.5
2024-11-07, 17:33:16, 136.52, 58.3, 22.98, 22.16, 9999.0, 9.68, 10.0, 21.75, 9999.0, 23.8, 9999.0, 117.61, 127.98, 120.25, 91.25, 138.5
2024-11-07, 17:33:20, 136.52, 58.3, 23.0, 22.14, 9999.0, 9.7, 10.0, 21.75, 9999.0, 23.77, 9999.0, 117.64, 127.98, 120.25, 91.25, 138.52
2024-11-07, 17:33:24, 136.52, 58.3, 23.0, 22.14, 9999.0, 9.73, 10.0, 21.75, 9999.0, 23.75, 9999.0, 117.66, 127.98, 120.25, 91.25, 138.52
2024-11-07, 17:33:28, 136.52, 58.3, 23.0, 22.11, 9999.0, 9.75, 10.0, 21.75, 9999.0, 23.73, 9999.0, 117.68, 127.98, 120.25, 91.25, 138.52
2024-11-07, 17:33:32, 136.52, 58.3, 23.0, 22.09, 9999.0, 9.77, 10.0, 21.75, 9999.0, 23.73, 9999.0, 117.7, 127.98, 120.25, 91.25, 138.55
2024-11-07, 17:33:36, 136.52, 58.27, 23.0, 22.09, 9999.0, 9.77, 10.0, 21.75, 9999.0, 23.73, 9999.0, 117.73, 127.98, 120.25, 91.25, 138.57
2024-11-07, 17:33:40, 136.52, 58.27, 23.0, 22.07, 9999.0, 9.77, 10.0, 21.75, 9999.0, 23.75, 9999.0, 117.75, 127.98, 120.25, 91.25, 138.59
2024-11-07, 17:33:44, 136.52, 58.27, 23.0, 22.05, 9999.0, 9.73, 10.0, 21.75, 9999.0, 23.77, 9999.0, 117.77, 127.98, 120.25, 91.25, 138.59
2024-11-07, 17:33:48, 136.55, 58.3, 23.0, 22.02, 9999.0, 9.73, 10.0, 21.75, 9999.0, 23.8, 9999.0, 117.8, 127.98, 120.25, 91.25, 138.59
2024-11-07, 17:33:52, 136.55, 58.3, 23.0, 22.05, 9999.0, 9.7, 10.0, 21.75, 9999.0, 23.8, 9999.0, 117.8, 127.98, 120.25, 91.25, 138.59
2024-11-07, 17:33:56, 136.55, 58.27, 23.0, 22.05, 9999.0, 9.68, 10.0, 21.75, 9999.0, 23.82, 9999.0, 117.8, 128.0, 120.25, 91.25, 138.61
2024-11-07, 17:34:00, 136.55, 58.27, 23.0, 22.05, 9999.0, 9.66, 10.0, 21.75, 9999.0, 23.86, 9999.0, 117.77, 128.0, 120.25, 91.25, 138.61
2024-11-07, 17:34:04, 136.52, 58.27, 23.0, 22.05, 9999.0, 9.64, 10.0, 21.75, 9999.0, 23.86, 9999.0, 117.73, 128.0, 120.25, 91.25, 138.61
2024-11-07, 17:34:08, 136.52, 58.27, 23.0, 22.02, 9999.0, 9.64, 10.0, 21.75, 9999.0, 23.86, 9999.0, 117.7, 128.0, 120.25, 91.25, 138.64
2024-11-07, 17:34:12, 136.52, 58.27, 23.0, 22.02, 9999.0, 9.64, 10.0, 21.75, 9999.0, 23.86, 9999.0, 117.68, 127.98, 120.25, 91.25, 138.66
2024-11-07, 17:34:16, 136.52, 58.27, 23.0, 22.02, 9999.0, 9.64, 10.0, 21.75, 9999.0, 23.86, 9999.0, 117.66, 127.98, 120.25, 91.25, 138.66
2024-11-07, 17:34:20, 136.52, 58.27, 23.0, 22.05, 9999.0, 9.66, 10.0, 21.75, 9999.0, 23.86, 9999.0, 117.64, 127.95, 120.25, 91.25, 138.64
2024-11-07, 17:34:24, 136.52, 58.27, 23.0, 22.07, 9999.0, 9.68, 10.0, 21.75, 9999.0, 23.84, 9999.0, 117.64, 127.93, 120.25, 91.25, 138.61
2024-11-07, 17:34:28, 136.52, 58.27, 23.0, 22.09, 9999.0, 9.7, 10.0, 21.75, 9999.0, 23.82, 9999.0, 117.64, 127.93, 120.25, 91.25, 138.64
2024-11-07, 17:34:32, 136.5, 58.25, 23.0, 22.11, 9999.0, 9.7, 10.0, 21.75, 9999.0, 23.77, 9999.0, 117.64, 127.93, 120.25, 91.25, 138.64
2024-11-07, 17:34:36, 136.5, 58.25, 23.0, 22.09, 9999.0, 9.73, 10.0, 21.75, 9999.0, 23.77, 9999.0, 117.66, 127.93, 120.25, 91.25, 138.66
2024-11-07, 17:34:40, 136.5, 58.25, 23.0, 22.11, 9999.0, 9.75, 10.0, 21.75, 9999.0, 23.75, 9999.0, 117.68, 127.93, 120.25, 91.25, 138.66
2024-11-07, 17:34:44, 136.5, 58.25, 23.0, 22.14, 9999.0, 9.77, 10.0, 21.75, 9999.0, 23.73, 9999.0, 117.68, 127.93, 120.25, 91.25, 138.68
2024-11-07, 17:34:48, 136.5, 58.27, 23.0, 22.16, 9999.0, 9.8, 10.0, 21.75, 9999.0, 23.75, 9999.0, 117.7, 127.93, 120.25, 91.25, 138.68
2024-11-07, 17:34:52, 136.5, 58.27, 23.0, 22.18, 9999.0, 9.8, 10.0, 21.75, 9999.0, 23.77, 9999.0, 117.73, 127.93, 120.25, 91.25, 138.68
2024-11-07, 17:34:56, 136.5, 58.27, 23.0, 22.2, 9999.0, 9.8, 10.0, 21.75, 9999.0, 23.8, 9999.0, 117.75, 127.95, 120.25, 91.25, 138.68
2024-11-07, 17:35:00, 136.52, 58.27, 23.0, 22.23, 9999.0, 9.8, 10.0, 21.75, 9999.0, 23.82, 9999.0, 117.77, 127.95, 120.25, 91.25, 138.68
2024-11-07, 17:35:04, 136.52, 58.27, 23.0, 22.23, 9999.0, 9.75, 10.0, 21.75, 9999.0, 23.84, 9999.0, 117.8, 127.98, 120.25, 91.25, 138.7
2024-11-07, 17:35:08, 136.52, 58.27, 23.0, 22.23, 9999.0, 9.7, 10.0, 21.73, 9999.0, 23.84, 9999.0, 117.8, 128.0, 120.25, 91.25, 138.73
2024-11-07, 17:35:12, 136.52, 58.27, 23.0, 22.23, 9999.0, 9.68, 10.0, 21.7, 9999.0, 23.86, 9999.0, 117.8, 128.0, 120.25, 91.25, 138.73
2024-11-07, 17:35:16, 136.52, 58.27, 23.0, 22.23, 9999.0, 9.66, 10.0, 21.7, 9999.0, 23.91, 9999.0, 117.8, 128.0, 120.25, 91.25, 138.73
2024-11-07, 17:35:20, 136.52, 58.27, 23.0, 22.23, 9999.0, 9.64, 10.0, 21.7, 9999.0, 23.93, 9999.0, 117.77, 128.0, 120.25, 91.25, 138.73
2024-11-07, 17:35:24, 136.52, 58.27, 23.0, 22.23, 9999.0, 9.61, 10.0, 21.7, 9999.0, 23.95, 9999.0, 117.75, 128.0, 120.25, 91.25, 138.7
2024-11-07, 17:35:28, 136.52, 58.27, 23.0, 22.2, 9999.0, 9.61, 10.0, 21.7, 9999.0, 23.98, 9999.0, 117.75, 128.0, 120.25, 91.25, 138.7
2024-11-07, 17:35:32, 136.52, 58.25, 23.0, 22.18, 9999.0, 9.61, 10.0, 21.7, 9999.0, 23.98, 9999.0, 117.73, 127.98, 120.25, 91.25, 138.68
2024-11-07, 17:35:36, 136.52, 58.25, 23.0, 22.18, 9999.0, 9.61, 10.0, 21.7, 9999.0, 23.95, 9999.0, 117.7, 127.98, 120.25, 91.25, 138.68
2024-11-07, 17:35:40, 136.52, 58.25, 23.0, 22.18, 9999.0, 9.64, 10.02, 21.7, 9999.0, 23.93, 9999.0, 117.68, 127.98, 120.25, 91.25, 138.68
2024-11-07, 17:35:44, 136.5, 58.27, 23.0, 22.18, 9999.0, 9.64, 10.02, 21.7, 9999.0, 23.91, 9999.0, 117.68, 127.98, 120.25, 91.25, 138.66
2024-11-07, 17:35:48, 136.5, 58.27, 23.0, 22.18, 9999.0, 9.68, 10.02, 21.7, 9999.0, 23.89, 9999.0, 117.68, 127.98, 120.25, 91.25, 138.64
2024-11-07, 17:35:52, 136.5, 58.27, 23.0, 22.18, 9999.0, 9.7, 10.02, 21.73, 9999.0, 23.89, 9999.0, 117.68, 127.98, 120.25, 91.25, 138.64
2024-11-07, 17:35:56, 136.5, 58.27, 23.0, 22.18, 9999.0, 9.73, 10.02, 21.75, 9999.0, 23.86, 9999.0, 117.7, 127.98, 120.25, 91.25, 138.64
2024-11-07, 17:36:00, 136.5, 58.27, 23.0, 22.18, 9999.0, 9.75, 10.02, 21.75, 9999.0, 23.84, 9999.0, 117.73, 127.98, 120.25, 91.25, 138.64
2024-11-07, 17:36:04, 136.5, 58.27, 23.0, 22.2, 9999.0, 9.77, 10.02, 21.75, 9999.0, 23.84, 9999.0, 117.75, 127.98, 120.25, 91.25, 138.64
2024-11-07, 17:36:08, 136.5, 58.27, 23.0, 22.2, 9999.0, 9.8, 10.02, 21.75, 9999.0, 23.82, 9999.0, 117.77, 127.98, 120.25, 91.25, 138.66
2024-11-07, 17:36:12, 136.5, 58.3, 23.0, 22.23, 9999.0, 9.8, 10.02, 21.75, 9999.0, 23.82, 9999.0, 117.77, 127.98, 120.25, 91.25, 138.66
2024-11-07, 17:36:17, 136.5, 58.32, 23.0, 22.25, 9999.0, 9.77, 10.02, 21.75, 9999.0, 23.82, 9999.0, 117.8, 128.0, 120.25, 91.25, 138.68
2024-11-07, 17:36:21, 136.5, 58.32, 23.0, 22.25, 9999.0, 9.77, 10.02, 21.73, 9999.0, 23.84, 9999.0, 117.82, 128.0, 120.25, 91.25, 138.68
2024-11-07, 17:36:25, 136.5, 58.32, 23.0, 22.25, 9999.0, 9.73, 10.02, 21.73, 9999.0, 23.89, 9999.0, 117.84, 128.0, 120.25, 91.25, 138.68
2024-11-07, 17:36:29, 136.5, 58.3, 23.0, 22.25, 9999.0, 9.7, 10.02, 21.73, 9999.0, 23.91, 9999.0, 117.84, 128.0, 120.25, 91.25, 138.7
2024-11-07, 17:36:33, 136.5, 58.3, 23.0, 22.25, 9999.0, 9.66, 10.02, 21.73, 9999.0, 23.93, 9999.0, 117.84, 128.0, 120.25, 91.25, 138.73
2024-11-07, 17:36:37, 136.5, 58.3, 23.0, 22.25, 9999.0, 9.64, 10.02, 21.73, 9999.0, 23.95, 9999.0, 117.84, 128.0, 120.25, 91.25, 138.73
2024-11-07, 17:36:41, 136.5, 58.3, 23.0, 22.25, 9999.0, 9.61, 10.02, 21.73, 9999.0, 23.98, 9999.0, 117.8, 128.0, 120.25, 91.25, 138.73
2024-11-07, 17:36:45, 136.5, 58.3, 23.0, 22.25, 9999.0, 9.61, 10.02, 21.73, 9999.0, 24.0, 9999.0, 117.75, 128.0, 120.25, 91.25, 138.75
2024-11-07, 17:36:49, 136.5, 58.3, 23.0, 22.23, 9999.0, 9.61, 10.02, 21.73, 9999.0, 24.0, 9999.0, 117.7, 128.0, 120.25, 91.25, 138.75
2024-11-07, 17:36:53, 136.5, 58.3, 23.0, 22.2, 9999.0, 9.61, 10.02, 21.7, 9999.0, 24.05, 9999.0, 117.66, 127.98, 120.25, 91.25, 138.75
2024-11-07, 17:36:57, 136.5, 58.27, 23.0, 22.2, 9999.0, 9.64, 10.02, 21.7, 9999.0, 24.05, 9999.0, 117.64, 127.98, 120.25, 91.25, 138.75
2024-11-07, 17:37:01, 136.5, 58.27, 23.0, 22.2, 9999.0, 9.68, 10.02, 21.7, 9999.0, 24.05, 9999.0, 117.64, 127.98, 120.25, 91.25, 138.73
2024-11-07, 17:37:05, 136.52, 58.27, 23.0, 22.18, 9999.0, 9.68, 10.02, 21.73, 9999.0, 24.05, 9999.0, 117.64, 127.98, 120.25, 91.25, 138.7
2024-11-07, 17:37:09, 136.52, 58.27, 23.0, 22.18, 9999.0, 9.7, 10.0, 21.73, 9999.0, 24.02, 9999.0, 117.64, 127.98, 120.25, 91.25, 138.68
2024-11-07, 17:37:13, 136.52, 58.3, 23.0, 22.18, 9999.0, 9.73, 10.0, 21.73, 9999.0, 24.02, 9999.0, 117.66, 127.98, 120.25, 91.25, 138.66
2024-11-07, 17:37:17, 136.52, 58.3, 23.0, 22.18, 9999.0, 9.75, 10.0, 21.73, 9999.0, 24.02, 9999.0, 117.68, 127.98, 120.25, 91.25, 138.66
2024-11-07, 17:37:21, 136.52, 58.3, 23.0, 22.18, 9999.0, 9.77, 10.0, 21.73, 9999.0, 24.02, 9999.0, 117.7, 127.98, 120.25, 91.25, 138.66
2024-11-07, 17:37:25, 136.52, 58.3, 23.0, 22.18, 9999.0, 9.8, 10.0, 21.73, 9999.0, 24.02, 9999.0, 117.73, 127.98, 120.25, 91.25, 138.66
2024-11-07, 17:37:29, 136.52, 58.3, 23.0, 22.18, 9999.0, 9.8, 10.0, 21.73, 9999.0, 24.02, 9999.0, 117.75, 127.98, 120.25, 91.25, 138.64
2024-11-07, 17:37:33, 136.52, 58.3, 23.0, 22.2, 9999.0, 9.8, 10.0, 21.73, 9999.0, 24.05, 9999.0, 117.77, 127.98, 120.25, 91.25, 138.64
2024-11-07, 17:37:37, 136.52, 58.3, 23.0, 22.2, 9999.0, 9.8, 10.0, 21.75, 9999.0, 24.05, 9999.0, 117.8, 128.0, 120.25, 91.25, 138.64
2024-11-07, 17:37:41, 136.52, 58.3, 23.0, 22.18, 9999.0, 9.75, 10.0, 21.75, 9999.0, 24.07, 9999.0, 117.82, 128.0, 120.25, 91.25, 138.64
2024-11-07, 17:37:45, 136.52, 58.27, 23.0, 22.18, 9999.0, 9.7, 10.0, 21.75, 9999.0, 24.09, 9999.0, 117.82, 128.0, 120.25, 91.25, 138.66
2024-11-07, 17:37:49, 136.5, 58.27, 23.0, 22.2, 9999.0, 9.68, 10.0, 21.75, 9999.0, 24.11, 9999.0, 117.82, 128.0, 120.25, 91.25, 138.66
2024-11-07, 17:37:53, 136.5, 58.3, 23.0, 22.2, 9999.0, 9.66, 10.0, 21.75, 9999.0, 24.11, 9999.0, 117.82, 128.0, 120.25, 91.25, 138.68
2024-11-07, 17:37:57, 136.5, 58.27, 23.0, 22.2, 9999.0, 9.64, 10.0, 21.75, 9999.0, 24.11, 9999.0, 117.77, 128.0, 120.25, 91.25, 138.7
2024-11-07, 17:38:01, 136.5, 58.3, 23.0, 22.2, 9999.0, 9.61, 10.0, 21.75, 9999.0, 24.11, 9999.0, 117.75, 128.0, 120.25, 91.25, 138.68
2024-11-07, 17:38:05, 136.5, 58.3, 23.0, 22.2, 9999.0, 9.61, 10.0, 21.75, 9999.0, 24.11, 9999.0, 117.7, 128.0, 120.25, 91.25, 138.68
2024-11-07, 17:38:09, 136.5, 58.32, 23.0, 22.2, 9999.0, 9.61, 10.0, 21.75, 9999.0, 24.11, 9999.0, 117.68, 128.0, 120.25, 91.25, 138.66
2024-11-07, 17:38:13, 136.5, 58.34, 23.0, 22.2, 9999.0, 9.64, 10.0, 21.75, 9999.0, 24.11, 9999.0, 117.66, 128.0, 120.25, 91.25, 138.66
2024-11-07, 17:38:17, 136.5, 58.36, 23.0, 22.2, 9999.0, 9.66, 10.0, 21.75, 9999.0, 24.09, 9999.0, 117.64, 128.0, 120.25, 91.25, 138.66
2024-11-07, 17:38:21, 136.5, 58.36, 23.0, 22.23, 9999.0, 9.68, 10.0, 21.75, 9999.0, 24.07, 9999.0, 117.64, 128.0, 120.25, 91.25, 138.66
2024-11-07, 17:38:25, 136.5, 58.36, 23.0, 22.25, 9999.0, 9.73, 10.0, 21.75, 9999.0, 24.05, 9999.0, 117.64, 128.0, 120.25, 91.25, 138.64
2024-11-07, 17:38:29, 136.5, 58.36, 23.0, 22.25, 9999.0, 9.75, 10.0, 21.75, 9999.0, 24.02, 9999.0, 117.66, 128.0, 120.25, 91.25, 138.61
2024-11-07, 17:38:33, 136.5, 58.36, 23.0, 22.25, 9999.0, 9.77, 10.0, 21.75, 9999.0, 24.02, 9999.0, 117.68, 128.0, 120.25, 91.25, 138.61
2024-11-07, 17:38:37, 136.5, 58.34, 23.0, 22.25, 9999.0, 9.8, 10.0, 21.75, 9999.0, 24.05, 9999.0, 117.7, 128.0, 120.25, 91.25, 138.59
2024-11-07, 17:38:41, 136.52, 58.34, 23.0, 22.23, 9999.0, 9.82, 10.0, 21.75, 9999.0, 24.07, 9999.0, 117.73, 128.0, 120.25, 91.25, 138.59
2024-11-07, 17:38:45, 136.55, 58.32, 23.0, 22.2, 9999.0, 9.84, 10.0, 21.75, 9999.0, 24.09, 9999.0, 117.73, 128.0, 120.25, 91.25, 138.59
2024-11-07, 17:38:49, 136.55, 58.32, 23.0, 22.2, 9999.0, 9.84, 10.0, 21.75, 9999.0, 24.14, 9999.0, 117.75, 128.0, 120.25, 91.25, 138.57
2024-11-07, 17:38:53, 136.55, 58.3, 23.0, 22.2, 9999.0, 9.84, 10.0, 21.75, 9999.0, 24.18, 9999.0, 117.77, 128.0, 120.25, 91.25, 138.57
2024-11-07, 17:38:57, 136.55, 58.27, 23.0, 22.2, 9999.0, 9.8, 10.0, 21.75, 9999.0, 24.23, 9999.0, 117.8, 128.0, 120.25, 91.25, 138.57
2024-11-07, 17:39:01, 136.55, 58.27, 23.0, 22.2, 9999.0, 9.75, 10.0, 21.75, 9999.0, 24.25, 9999.0, 117.82, 128.0, 120.25, 91.25, 138.55
2024-11-07, 17:39:05, 136.57, 58.27, 23.0, 22.2, 9999.0, 9.7, 10.0, 21.75, 9999.0, 24.27, 9999.0, 117.82, 128.0, 120.25, 91.25, 138.55
2024-11-07, 17:39:09, 136.57, 58.27, 23.0, 22.2, 9999.0, 9.66, 10.0, 21.75, 9999.0, 24.3, 9999.0, 117.82, 128.0, 120.25, 91.25, 138.55
2024-11-07, 17:39:13, 136.57, 58.3, 23.0, 22.2, 9999.0, 9.64, 10.0, 21.75, 9999.0, 24.32, 9999.0, 117.77, 128.0, 120.25, 91.25, 138.55
2024-11-07, 17:39:17, 136.57, 58.3, 23.0, 22.2, 9999.0, 9.61, 10.0, 21.75, 9999.0, 24.32, 9999.0, 117.73, 128.0, 120.25, 91.25, 138.55
2024-11-07, 17:39:21, 136.57, 58.32, 23.0, 22.2, 9999.0, 9.61, 10.0, 21.75, 9999.0, 24.3, 9999.0, 117.68, 128.0, 120.25, 91.25, 138.57
2024-11-07, 17:39:25, 136.55, 58.34, 23.0, 22.23, 9999.0, 9.61, 10.0, 21.75, 9999.0, 24.27, 9999.0, 117.66, 128.0, 120.25, 91.25, 138.55
2024-11-07, 17:39:29, 136.52, 58.34, 23.0, 22.25, 9999.0, 9.61, 10.0, 21.75, 9999.0, 24.27, 9999.0, 117.64, 128.0, 120.25, 91.25, 138.55
2024-11-07, 17:39:33, 136.52, 58.36, 23.0, 22.23, 9999.0, 9.64, 10.0, 21.75, 9999.0, 24.25, 9999.0, 117.61, 128.0, 120.25, 91.25, 138.55
2024-11-07, 17:39:37, 136.52, 58.36, 23.0, 22.2, 9999.0, 9.64, 10.0, 21.75, 9999.0, 24.23, 9999.0, 117.61, 127.98, 120.25, 91.25, 138.55
2024-11-07, 17:39:41, 136.52, 58.39, 23.0, 22.2, 9999.0, 9.66, 10.0, 21.75, 9999.0, 24.18, 9999.0, 117.61, 127.98, 120.25, 91.25, 138.55
2024-11-07, 17:39:45, 136.52, 58.39, 23.0, 22.18, 9999.0, 9.68, 10.0, 21.75, 9999.0, 24.16, 9999.0, 117.61, 127.95, 120.25, 91.25, 138.55
2024-11-07, 17:39:50, 136.5, 58.39, 23.0, 22.16, 9999.0, 9.7, 10.0, 21.75, 9999.0, 24.14, 9999.0, 117.64, 127.95, 120.25, 91.25, 138.52
2024-11-07, 17:39:54, 136.5, 58.41, 23.0, 22.16, 9999.0, 9.73, 10.0, 21.75, 9999.0, 24.11, 9999.0, 117.64, 127.95, 120.25, 91.25, 138.52
2024-11-07, 17:39:58, 136.5, 58.41, 23.0, 22.16, 9999.0, 9.75, 10.0, 21.75, 9999.0, 24.11, 9999.0, 117.66, 127.95, 120.25, 91.25, 138.52
2024-11-07, 17:40:02, 136.5, 58.43, 23.0, 22.16, 9999.0, 9.77, 10.0, 21.75, 9999.0, 24.11, 9999.0, 117.68, 127.95, 120.25, 91.25, 138.52
2024-11-07, 17:40:06, 136.5, 58.43, 23.0, 22.16, 9999.0, 9.77, 10.0, 21.75, 9999.0, 24.14, 9999.0, 117.7, 127.95, 120.25, 91.25, 138.5
2024-11-07, 17:40:10, 136.5, 58.41, 23.0, 22.16, 9999.0, 9.77, 10.0, 21.75, 9999.0, 24.18, 9999.0, 117.73, 127.95, 120.25, 91.25, 138.52
2024-11-07, 17:40:14, 136.5, 58.43, 23.0, 22.14, 9999.0, 9.77, 10.0, 21.75, 9999.0, 24.2, 9999.0, 117.75, 127.95, 120.25, 91.25, 138.52
2024-11-07, 17:40:18, 136.5, 58.43, 23.0, 22.14, 9999.0, 9.73, 10.0, 21.75, 9999.0, 24.23, 9999.0, 117.77, 127.95, 120.25, 91.25, 138.52
2024-11-07, 17:40:30, 136.52, 58.45, 23.0, 22.14, 9999.0, 9.73, 10.0, 21.75, 9999.0, 24.23, 9999.0, 117.77, 127.98, 120.25, 91.25, 138.52
2024-11-07, 17:40:34, 136.52, 58.43, 23.0, 22.11, 9999.0, 9.7, 10.0, 21.75, 9999.0, 24.25, 9999.0, 117.77, 127.98, 120.25, 91.25, 138.52
2024-11-07, 17:40:38, 136.52, 58.43, 23.0, 22.14, 9999.0, 9.68, 10.0, 21.75, 9999.0, 24.27, 9999.0, 117.75, 128.0, 120.25, 91.25, 138.52
2024-11-07, 17:40:42, 136.52, 58.45, 23.0, 22.14, 9999.0, 9.66, 10.0, 21.75, 9999.0, 24.3, 9999.0, 117.7, 128.0, 120.25, 91.25, 138.52
2024-11-07, 17:40:46, 136.52, 58.43, 23.0, 22.11, 9999.0, 9.64, 10.0, 21.75, 9999.0, 24.32, 9999.0, 117.68, 128.0, 120.25, 91.25, 138.52
2024-11-07, 17:40:50, 136.52, 58.41, 23.0, 22.09, 9999.0, 9.64, 10.0, 21.75, 9999.0, 24.3, 9999.0, 117.66, 128.0, 120.25, 91.25, 138.52
2024-11-07, 17:40:54, 136.52, 58.39, 23.0, 22.07, 9999.0, 9.64, 10.0, 21.75, 9999.0, 24.27, 9999.0, 117.64, 128.0, 120.25, 91.25, 138.52
2024-11-07, 17:40:58, 136.52, 58.39, 23.0, 22.07, 9999.0, 9.66, 10.0, 21.75, 9999.0, 24.25, 9999.0, 117.61, 128.0, 120.25, 91.25, 138.52
2024-11-07, 17:41:02, 136.52, 58.39, 23.0, 22.07, 9999.0, 9.68, 10.0, 21.75, 9999.0, 24.2, 9999.0, 117.59, 127.98, 120.25, 91.25, 138.5
2024-11-07, 17:41:06, 136.52, 58.39, 23.0, 22.07, 9999.0, 9.68, 10.0, 21.75, 9999.0, 24.16, 9999.0, 117.59, 127.95, 120.25, 91.25, 138.5
2024-11-07, 17:41:10, 136.52, 58.39, 23.0, 22.09, 9999.0, 9.7, 10.0, 21.75, 9999.0, 24.11, 9999.0, 117.59, 127.95, 120.25, 91.25, 138.5
2024-11-07, 17:41:14, 136.5, 58.36, 23.0, 22.09, 9999.0, 9.7, 10.0, 21.75, 9999.0, 24.09, 9999.0, 117.61, 127.95, 120.25, 91.25, 138.5
2024-11-07, 17:41:18, 136.52, 58.39, 23.0, 22.09, 9999.0, 9.73, 10.0, 21.75, 9999.0, 24.07, 9999.0, 117.64, 127.95, 120.25, 91.25, 138.5
2024-11-07, 17:41:22, 136.52, 58.36, 23.0, 22.07, 9999.0, 9.75, 10.0, 21.75, 9999.0, 24.05, 9999.0, 117.66, 127.95, 120.25, 91.25, 138.5
2024-11-07, 17:41:26, 136.52, 58.36, 23.0, 22.09, 9999.0, 9.77, 10.0, 21.75, 9999.0, 24.05, 9999.0, 117.68, 127.95, 120.25, 91.25, 138.5
2024-11-07, 17:41:30, 136.52, 58.36, 23.0, 22.11, 9999.0, 9.8, 10.0, 21.75, 9999.0, 24.05, 9999.0, 117.7, 127.95, 120.25, 91.25, 138.5
2024-11-07, 17:41:34, 136.55, 58.39, 23.0, 22.11, 9999.0, 9.8, 10.0, 21.75, 9999.0, 24.07, 9999.0, 117.73, 127.95, 120.25, 91.25, 138.5
2024-11-07, 17:41:38, 136.55, 58.41, 23.0, 22.11, 9999.0, 9.8, 10.0, 21.75, 9999.0, 24.09, 9999.0, 117.75, 127.95, 120.25, 91.25, 138.5
2024-11-07, 17:41:42, 136.55, 58.39, 23.0, 22.11, 9999.0, 9.77, 10.0, 21.75, 9999.0, 24.14, 9999.0, 117.77, 127.95, 120.25, 91.25, 138.5
2024-11-07, 17:41:46, 136.55, 58.41, 23.0, 22.11, 9999.0, 9.73, 10.0, 21.75, 9999.0, 24.16, 9999.0, 117.8, 127.98, 120.25, 91.25, 138.5
2024-11-07, 17:41:50, 136.55, 58.39, 23.0, 22.14, 9999.0, 9.7, 10.0, 21.75, 9999.0, 24.18, 9999.0, 117.8, 128.0, 120.25, 91.25, 138.5
2024-11-07, 17:41:54, 136.55, 58.36, 23.0, 22.14, 9999.0, 9.68, 10.0, 21.75, 9999.0, 24.2, 9999.0, 117.8, 128.0, 120.25, 91.25, 138.5
2024-11-07, 17:41:58, 136.55, 58.36, 23.0, 22.16, 9999.0, 9.66, 10.0, 21.75, 9999.0, 24.23, 9999.0, 117.77, 128.0, 120.25, 91.25, 138.5
2024-11-07, 17:42:02, 136.52, 58.34, 23.0, 22.16, 9999.0, 9.64, 10.0, 21.75, 9999.0, 24.25, 9999.0, 117.75, 127.98, 120.25, 91.25, 138.5
2024-11-07, 17:42:06, 136.52, 58.34, 23.0, 22.18, 9999.0, 9.64, 10.0, 21.75, 9999.0, 24.27, 9999.0, 117.73, 127.98, 120.25, 91.25, 138.5
2024-11-07, 17:42:10, 136.52, 58.32, 23.0, 22.16, 9999.0, 9.64, 10.0, 21.75, 9999.0, 24.27, 9999.0, 117.7, 127.98, 120.25, 91.25, 138.5
2024-11-07, 17:42:14, 136.52, 58.32, 23.0, 22.14, 9999.0, 9.64, 10.0, 21.75, 9999.0, 24.27, 9999.0, 117.68, 127.98, 120.25, 91.25, 138.5
2024-11-07, 17:42:18, 136.5, 58.3, 23.0, 22.14, 9999.0, 9.66, 10.0, 21.75, 9999.0, 24.27, 9999.0, 117.66, 127.98, 120.25, 91.25, 138.5
2024-11-07, 17:42:22, 136.5, 58.27, 23.0, 22.14, 9999.0, 9.68, 10.0, 21.75, 9999.0, 24.27, 9999.0, 117.66, 127.98, 120.25, 91.25, 138.5
2024-11-07, 17:42:26, 136.5, 58.27, 23.0, 22.11, 9999.0, 9.68, 10.0, 21.75, 9999.0, 24.25, 9999.0, 117.64, 127.95, 120.25, 91.25, 138.5
2024-11-07, 17:42:30, 136.5, 58.25, 23.0, 22.09, 9999.0, 9.7, 10.0, 21.75, 9999.0, 24.25, 9999.0, 117.64, 127.93, 120.25, 91.25, 138.5
2024-11-07, 17:42:34, 136.5, 58.25, 23.0, 22.07, 9999.0, 9.73, 10.0, 21.75, 9999.0, 24.25, 9999.0, 117.66, 127.93, 120.25, 91.25, 138.5
2024-11-07, 17:42:38, 136.5, 58.27, 23.0, 22.05, 9999.0, 9.75, 10.0, 21.75, 9999.0, 24.23, 9999.0, 117.68, 127.93, 120.25, 91.25, 138.5
2024-11-07, 17:42:42, 136.5, 58.27, 23.0, 22.05, 9999.0, 9.77, 10.0, 21.75, 9999.0, 24.25, 9999.0, 117.68, 127.93, 120.25, 91.25, 138.5
2024-11-07, 17:42:46, 136.5, 58.3, 23.0, 22.05, 9999.0, 9.8, 10.0, 21.75, 9999.0, 24.25, 9999.0, 117.68, 127.95, 120.25, 91.25, 138.5
2024-11-07, 17:42:50, 136.5, 58.32, 23.0, 22.02, 9999.0, 9.77, 10.0, 21.75, 9999.0, 24.25, 9999.0, 117.7, 127.95, 120.25, 91.25, 138.5
2024-11-07, 17:42:54, 136.5, 58.32, 23.0, 22.02, 9999.0, 9.77, 10.0, 21.75, 9999.0, 24.27, 9999.0, 117.73, 127.95, 120.25, 91.25, 138.5
2024-11-07, 17:42:58, 136.5, 58.32, 23.0, 22.02, 9999.0, 9.77, 10.0, 21.75, 9999.0, 24.3, 9999.0, 117.75, 127.95, 120.25, 91.25, 138.5
2024-11-07, 17:43:02, 136.5, 58.34, 23.0, 22.02, 9999.0, 9.73, 10.0, 21.75, 9999.0, 24.32, 9999.0, 117.77, 127.95, 120.25, 91.25, 138.5
2024-11-07, 17:43:07, 136.5, 58.36, 23.0, 22.02, 9999.0, 9.68, 10.0, 21.75, 9999.0, 24.32, 9999.0, 117.77, 127.95, 120.25, 91.25, 138.5
2024-11-07, 17:43:11, 136.5, 58.39, 22.98, 22.02, 9999.0, 9.66, 10.0, 21.75, 9999.0, 24.34, 9999.0, 117.8, 127.98, 120.25, 91.25, 138.5
2024-11-07, 17:43:15, 136.5, 58.41, 22.98, 22.02, 9999.0, 9.64, 10.0, 21.75, 9999.0, 24.34, 9999.0, 117.8, 128.0, 120.25, 91.25, 138.5
2024-11-07, 17:43:19, 136.52, 58.43, 22.98, 22.02, 9999.0, 9.61, 10.0, 21.75, 9999.0, 24.34, 9999.0, 117.77, 128.0, 120.25, 91.25, 138.5
2024-11-07, 17:43:23, 136.55, 58.41, 22.98, 22.05, 9999.0, 9.59, 10.0, 21.75, 9999.0, 24.36, 9999.0, 117.73, 128.0, 120.25, 91.25, 138.5
2024-11-07, 17:43:27, 136.55, 58.41, 22.98, 22.02, 9999.0, 9.59, 10.0, 21.75, 9999.0, 24.32, 9999.0, 117.7, 128.0, 120.25, 91.25, 138.5
2024-11-07, 17:43:31, 136.55, 58.39, 22.98, 22.02, 9999.0, 9.59, 10.0, 21.75, 9999.0, 24.3, 9999.0, 117.68, 127.98, 120.25, 91.25, 138.5
2024-11-07, 17:43:35, 136.55, 58.36, 22.98, 22.02, 9999.0, 9.61, 10.0, 21.75, 9999.0, 24.27, 9999.0, 117.66, 127.95, 120.25, 91.25, 138.5
2024-11-07, 17:43:39, 136.55, 58.36, 22.98, 22.02, 9999.0, 9.61, 10.0, 21.75, 9999.0, 24.25, 9999.0, 117.64, 127.93, 120.25, 91.25, 138.5
2024-11-07, 17:43:43, 136.55, 58.36, 22.98, 22.02, 9999.0, 9.61, 10.0, 21.75, 9999.0, 24.23, 9999.0, 117.64, 127.93, 120.25, 91.25, 138.5
2024-11-07, 17:43:47, 136.55, 58.34, 22.98, 22.02, 9999.0, 9.64, 10.0, 21.75, 9999.0, 24.18, 9999.0, 117.64, 127.91, 120.25, 91.25, 138.5
2024-11-07, 17:43:51, 136.55, 58.32, 22.98, 22.02, 9999.0, 9.66, 10.0, 21.75, 9999.0, 24.16, 9999.0, 117.66, 127.91, 120.25, 91.25, 138.5
2024-11-07, 17:43:55, 136.55, 58.3, 23.0, 22.02, 9999.0, 9.68, 10.0, 21.75, 9999.0, 24.09, 9999.0, 117.68, 127.91, 120.25, 91.25, 138.5
2024-11-07, 17:43:59, 136.55, 58.27, 23.0, 22.02, 9999.0, 9.7, 10.0, 21.75, 9999.0, 24.05, 9999.0, 117.68, 127.91, 120.25, 91.25, 138.5
2024-11-07, 17:44:03, 136.52, 58.25, 23.0, 22.02, 9999.0, 9.73, 10.0, 21.75, 9999.0, 24.05, 9999.0, 117.68, 127.89, 120.25, 91.25, 138.5
2024-11-07, 17:44:07, 136.5, 58.25, 23.0, 22.0, 9999.0, 9.75, 10.0, 21.75, 9999.0, 24.02, 9999.0, 117.7, 127.86, 120.25, 91.25, 138.5
2024-11-07, 17:44:11, 136.52, 58.27, 23.0, 22.0, 9999.0, 9.75, 10.0, 21.75, 9999.0, 24.05, 9999.0, 117.73, 127.86, 120.25, 91.25, 138.5
2024-11-07, 17:44:15, 136.52, 58.27, 23.0, 22.0, 9999.0, 9.73, 10.0, 21.75, 9999.0, 24.07, 9999.0, 117.75, 127.89, 120.25, 91.25, 138.5
2024-11-07, 17:44:19, 136.52, 58.27, 23.0, 22.02, 9999.0, 9.7, 10.0, 21.75, 9999.0, 24.09, 9999.0, 117.77, 127.91, 120.25, 91.25, 138.5
2024-11-07, 17:44:23, 136.52, 58.27, 23.0, 22.02, 9999.0, 9.68, 10.0, 21.75, 9999.0, 24.09, 9999.0, 117.8, 127.93, 120.25, 91.25, 138.5
2024-11-07, 17:44:27, 136.52, 58.27, 23.0, 22.02, 9999.0, 9.66, 10.0, 21.75, 9999.0, 24.07, 9999.0, 117.8, 127.93, 120.25, 91.25, 138.5
2024-11-07, 17:44:31, 136.55, 58.27, 23.0, 22.02, 9999.0, 9.64, 10.0, 21.75, 9999.0, 24.07, 9999.0, 117.8, 127.95, 120.25, 91.25, 138.5
2024-11-07, 17:44:35, 136.55, 58.27, 23.0, 22.02, 9999.0, 9.61, 10.0, 21.75, 9999.0, 24.07, 9999.0, 117.77, 127.95, 120.25, 91.25, 138.5
2024-11-07, 17:44:39, 136.57, 58.27, 23.0, 22.02, 9999.0, 9.59, 10.0, 21.75, 9999.0, 24.09, 9999.0, 117.75, 127.95, 120.25, 91.25, 138.5
2024-11-07, 17:44:43, 136.57, 58.27, 23.0, 22.02, 9999.0, 9.59, 10.0, 21.75, 9999.0, 24.11, 9999.0, 117.73, 127.93, 120.25, 91.25, 138.5
2024-11-07, 17:44:47, 136.57, 58.3, 23.0, 22.02, 9999.0, 9.59, 10.0, 21.75, 9999.0, 24.09, 9999.0, 117.7, 127.95, 120.25, 91.25, 138.5
2024-11-07, 17:44:51, 136.57, 58.3, 23.0, 22.02, 9999.0, 9.59, 10.0, 21.75, 9999.0, 24.09, 9999.0, 117.68, 127.98, 120.25, 91.25, 138.5
2024-11-07, 17:44:55, 136.55, 58.27, 23.0, 22.02, 9999.0, 9.61, 10.0, 21.75, 9999.0, 24.07, 9999.0, 117.66, 127.98, 120.25, 91.25, 138.5
2024-11-07, 17:44:59, 136.55, 58.27, 23.0, 22.02, 9999.0, 9.66, 10.0, 21.75, 9999.0, 24.05, 9999.0, 117.66, 127.95, 120.25, 91.25, 138.5
2024-11-07, 17:45:03, 136.55, 58.27, 23.0, 22.0, 9999.0, 9.68, 10.0, 21.75, 9999.0, 24.02, 9999.0, 117.66, 127.95, 120.25, 91.25, 138.5
2024-11-07, 17:45:07, 136.55, 58.27, 23.0, 22.0, 9999.0, 9.7, 10.0, 21.75, 9999.0, 24.0, 9999.0, 117.66, 127.95, 120.25, 91.25, 138.5
2024-11-07, 17:45:11, 136.55, 58.27, 23.0, 22.02, 9999.0, 9.73, 10.0, 21.75, 9999.0, 24.0, 9999.0, 117.68, 127.95, 120.25, 91.25, 138.5
2024-11-07, 17:45:15, 136.52, 58.3, 23.0, 22.05, 9999.0, 9.75, 10.0, 21.75, 9999.0, 23.98, 9999.0, 117.7, 127.95, 120.25, 91.25, 138.5
2024-11-07, 17:45:19, 136.52, 58.3, 23.0, 22.05, 9999.0, 9.77, 10.0, 21.75, 9999.0, 23.98, 9999.0, 117.73, 127.95, 120.25, 91.25, 138.5
2024-11-07, 17:45:23, 136.5, 58.3, 23.0, 22.05, 9999.0, 9.8, 10.0, 21.75, 9999.0, 24.0, 9999.0, 117.73, 127.95, 120.25, 91.25, 138.5
2024-11-07, 17:45:27, 136.5, 58.3, 23.0, 22.05, 9999.0, 9.8, 10.0, 21.75, 9999.0, 24.02, 9999.0, 117.75, 127.98, 120.25, 91.25, 138.5
2024-11-07, 17:45:31, 136.52, 58.27, 23.0, 22.05, 9999.0, 9.8, 10.0, 21.75, 9999.0, 24.05, 9999.0, 117.77, 127.98, 120.25, 91.25, 138.5
2024-11-07, 17:45:35, 136.52, 58.27, 23.0, 22.05, 9999.0, 9.8, 10.0, 21.75, 9999.0, 24.07, 9999.0, 117.8, 127.98, 120.25, 91.25, 138.5
2024-11-07, 17:45:39, 136.55, 58.27, 23.0, 22.05, 9999.0, 9.75, 10.0, 21.75, 9999.0, 24.09, 9999.0, 117.82, 127.98, 120.25, 91.25, 138.5
2024-11-07, 17:45:43, 136.55, 58.27, 23.0, 22.05, 9999.0, 9.7, 10.0, 21.75, 9999.0, 24.11, 9999.0, 117.8, 128.0, 120.25, 91.25, 138.5
2024-11-07, 17:45:47, 136.55, 58.27, 23.0, 22.05, 9999.0, 9.68, 10.0, 21.75, 9999.0, 24.11, 9999.0, 117.8, 128.0, 120.25, 91.25, 138.5
2024-11-07, 17:45:51, 136.55, 58.27, 23.0, 22.05, 9999.0, 9.66, 10.0, 21.75, 9999.0, 24.14, 9999.0, 117.8, 128.0, 120.25, 91.25, 138.5
2024-11-07, 17:45:55, 136.55, 58.27, 23.0, 22.02, 9999.0, 9.64, 10.0, 21.75, 9999.0, 24.14, 9999.0, 117.77, 128.0, 120.25, 91.25, 138.5
2024-11-07, 17:45:59, 136.57, 58.27, 23.0, 22.0, 9999.0, 9.61, 10.0, 21.75, 9999.0, 24.16, 9999.0, 117.73, 128.0, 120.25, 91.25, 138.5
2024-11-07, 17:46:03, 136.57, 58.27, 23.0, 22.02, 9999.0, 9.61, 10.0, 21.75, 9999.0, 24.16, 9999.0, 117.7, 127.98, 120.25, 91.25, 138.5
2024-11-07, 17:46:07, 136.57, 58.27, 23.0, 22.05, 9999.0, 9.61, 10.0, 21.75, 9999.0, 24.14, 9999.0, 117.68, 127.98, 120.25, 91.25, 138.5
2024-11-07, 17:46:11, 136.57, 58.27, 23.0, 22.05, 9999.0, 9.64, 10.0, 21.75, 9999.0, 24.11, 9999.0, 117.66, 127.98, 120.25, 91.25, 138.5
2024-11-07, 17:46:15, 136.55, 58.27, 23.0, 22.07, 9999.0, 9.66, 10.0, 21.75, 9999.0, 24.09, 9999.0, 117.64, 127.98, 120.25, 91.25, 138.5
2024-11-07, 17:46:19, 136.55, 58.27, 23.0, 22.07, 9999.0, 9.68, 10.0, 21.75, 9999.0, 24.07, 9999.0, 117.64, 127.98, 120.25, 91.25, 138.5
2024-11-07, 17:46:23, 136.52, 58.27, 23.0, 22.07, 9999.0, 9.7, 10.0, 21.75, 9999.0, 24.02, 9999.0, 117.64, 127.98, 120.25, 91.25, 138.5
2024-11-07, 17:46:27, 136.52, 58.3, 23.0, 22.07, 9999.0, 9.73, 10.0, 21.75, 9999.0, 24.0, 9999.0, 117.68, 127.98, 120.25, 91.25, 138.5
2024-11-07, 17:46:31, 136.52, 58.3, 23.0, 22.07, 9999.0, 9.75, 10.0, 21.75, 9999.0, 24.0, 9999.0, 117.7, 127.98, 120.25, 91.25, 138.5
2024-11-07, 17:46:35, 136.52, 58.3, 23.0, 22.07, 9999.0, 9.77, 10.0, 21.75, 9999.0, 23.95, 9999.0, 117.7, 127.98, 120.25, 91.25, 138.5
2024-11-07, 17:46:39, 136.52, 58.32, 23.0, 22.07, 9999.0, 9.8, 10.0, 21.75, 9999.0, 23.95, 9999.0, 117.7, 127.98, 120.25, 91.25, 138.5
2024-11-07, 17:46:44, 136.5, 58.3, 23.0, 22.07, 9999.0, 9.82, 10.0, 21.75, 9999.0, 23.95, 9999.0, 117.73, 127.98, 120.25, 91.25, 138.5
2024-11-07, 17:46:48, 136.5, 58.3, 23.0, 22.05, 9999.0, 9.82, 10.0, 21.75, 9999.0, 23.95, 9999.0, 117.73, 128.0, 120.25, 91.25, 138.5
2024-11-07, 17:46:52, 136.5, 58.3, 23.0, 22.05, 9999.0, 9.8, 10.0, 21.75, 9999.0, 23.98, 9999.0, 117.75, 128.0, 120.25, 91.25, 138.5
2024-11-07, 17:46:56, 136.5, 58.3, 23.0, 22.05, 9999.0, 9.77, 10.0, 21.75, 9999.0, 24.0, 9999.0, 117.77, 128.0, 120.25, 91.25, 138.5
2024-11-07, 17:47:00, 136.5, 58.32, 23.0, 22.02, 9999.0, 9.75, 10.0, 21.75, 9999.0, 24.02, 9999.0, 117.8, 128.0, 120.25, 91.25, 138.5
2024-11-07, 17:47:04, 136.5, 58.32, 23.0, 22.02, 9999.0, 9.7, 10.0, 21.75, 9999.0, 24.05, 9999.0, 117.8, 128.0, 120.25, 91.25, 138.5
2024-11-07, 17:47:08, 136.5, 58.32, 23.0, 22.02, 9999.0, 9.68, 10.0, 21.75, 9999.0, 24.09, 9999.0, 117.8, 128.0, 120.25, 91.25, 138.5
2024-11-07, 17:47:12, 136.5, 58.3, 23.0, 22.05, 9999.0, 9.66, 10.0, 21.75, 9999.0, 24.09, 9999.0, 117.77, 128.0, 120.25, 91.25, 138.5
2024-11-07, 17:47:16, 136.5, 58.3, 23.0, 22.05, 9999.0, 9.64, 10.0, 21.75, 9999.0, 24.09, 9999.0, 117.73, 128.0, 120.25, 91.25, 138.5
2024-11-07, 17:47:20, 136.5, 58.3, 23.0, 22.07, 9999.0, 9.64, 10.0, 21.75, 9999.0, 24.11, 9999.0, 117.7, 128.0, 120.25, 91.25, 138.5
2024-11-07, 17:47:24, 136.5, 58.27, 23.0, 22.07, 9999.0, 9.64, 10.0, 21.75, 9999.0, 24.11, 9999.0, 117.68, 128.0, 120.25, 91.25, 138.5
2024-11-07, 17:47:28, 136.5, 58.27, 23.0, 22.09, 9999.0, 9.64, 10.0, 21.75, 9999.0, 24.09, 9999.0, 117.66, 128.0, 120.25, 91.25, 138.5
2024-11-07, 17:47:32, 136.5, 58.27, 23.0, 22.09, 9999.0, 9.64, 10.0, 21.75, 9999.0, 24.07, 9999.0, 117.64, 127.98, 120.25, 91.25, 138.5
2024-11-07, 17:47:36, 136.5, 58.27, 23.0, 22.07, 9999.0, 9.66, 10.0, 21.75, 9999.0, 24.02, 9999.0, 117.64, 127.98, 120.25, 91.25, 138.5
2024-11-07, 17:47:40, 136.5, 58.27, 23.0, 22.07, 9999.0, 9.66, 10.0, 21.75, 9999.0, 23.98, 9999.0, 117.64, 127.98, 120.25, 91.25, 138.5
2024-11-07, 17:47:44, 136.5, 58.25, 23.0, 22.09, 9999.0, 9.66, 10.0, 21.75, 9999.0, 23.93, 9999.0, 117.64, 127.98, 120.25, 91.25, 138.5
2024-11-07, 17:47:48, 136.5, 58.25, 23.0, 22.11, 9999.0, 9.68, 10.0, 21.75, 9999.0, 23.89, 9999.0, 117.66, 127.98, 120.25, 91.25, 138.5
2024-11-07, 17:47:52, 136.5, 58.25, 23.0, 22.14, 9999.0, 9.7, 10.0, 21.75, 9999.0, 23.84, 9999.0, 117.68, 127.98, 120.27, 91.25, 138.5
2024-11-07, 17:47:56, 136.5, 58.25, 23.0, 22.11, 9999.0, 9.73, 10.0, 21.75, 9999.0, 23.84, 9999.0, 117.68, 127.98, 120.27, 91.25, 138.5
2024-11-07, 17:48:00, 136.5, 58.25, 23.0, 22.14, 9999.0, 9.75, 10.0, 21.75, 9999.0, 23.84, 9999.0, 117.73, 127.98, 120.27, 91.25, 138.5
2024-11-07, 17:48:04, 136.5, 58.27, 23.0, 22.11, 9999.0, 9.75, 10.0, 21.75, 9999.0, 23.84, 9999.0, 117.75, 127.98, 120.27, 91.25, 138.5
2024-11-07, 17:48:08, 136.5, 58.27, 23.0, 22.11, 9999.0, 9.75, 10.0, 21.75, 9999.0, 23.86, 9999.0, 117.77, 127.98, 120.27, 91.25, 138.5
2024-11-07, 17:48:12, 136.5, 58.27, 23.0, 22.09, 9999.0, 9.75, 10.0, 21.75, 9999.0, 23.89, 9999.0, 117.8, 127.98, 120.27, 91.25, 138.5
2024-11-07, 17:48:16, 136.5, 58.27, 23.0, 22.11, 9999.0, 9.73, 10.0, 21.75, 9999.0, 23.91, 9999.0, 117.82, 128.0, 120.27, 91.25, 138.5
2024-11-07, 17:48:20, 136.52, 58.27, 23.0, 22.14, 9999.0, 9.7, 10.0, 21.75, 9999.0, 23.93, 9999.0, 117.82, 128.0, 120.27, 91.25, 138.5
2024-11-07, 17:48:24, 136.52, 58.3, 23.0, 22.16, 9999.0, 9.68, 10.0, 21.75, 9999.0, 23.95, 9999.0, 117.82, 128.0, 120.27, 91.25, 138.5
2024-11-07, 17:48:28, 136.52, 58.3, 23.0, 22.14, 9999.0, 9.66, 10.0, 21.75, 9999.0, 23.98, 9999.0, 117.82, 128.0, 120.27, 91.25, 138.5
2024-11-07, 17:48:32, 136.52, 58.32, 23.0, 22.11, 9999.0, 9.64, 10.0, 21.75, 9999.0, 23.98, 9999.0, 117.8, 128.0, 120.27, 91.25, 138.5
2024-11-07, 17:48:36, 136.52, 58.32, 23.0, 22.09, 9999.0, 9.61, 10.0, 21.75, 9999.0, 23.98, 9999.0, 117.77, 128.0, 120.25, 91.25, 138.5
2024-11-07, 17:48:40, 136.52, 58.32, 23.0, 22.09, 9999.0, 9.61, 10.0, 21.75, 9999.0, 23.95, 9999.0, 117.75, 128.0, 120.25, 91.25, 138.5
2024-11-07, 17:48:44, 136.52, 58.32, 23.0, 22.09, 9999.0, 9.59, 10.0, 21.75, 9999.0, 23.93, 9999.0, 117.7, 128.0, 120.25, 91.25, 138.5
2024-11-07, 17:48:48, 136.52, 58.3, 23.0, 22.09, 9999.0, 9.59, 10.0, 21.75, 9999.0, 23.91, 9999.0, 117.68, 128.0, 120.25, 91.25, 138.5
2024-11-07, 17:48:52, 136.52, 58.3, 23.0, 22.09, 9999.0, 9.59, 10.0, 21.75, 9999.0, 23.86, 9999.0, 117.66, 128.0, 120.25, 91.25, 138.5
2024-11-07, 17:48:56, 136.52, 58.3, 23.0, 22.11, 9999.0, 9.61, 10.0, 21.75, 9999.0, 23.84, 9999.0, 117.66, 128.0, 120.25, 91.25, 138.5
2024-11-07, 17:49:00, 136.52, 58.3, 23.0, 22.09, 9999.0, 9.64, 10.0, 21.75, 9999.0, 23.82, 9999.0, 117.66, 128.0, 120.25, 91.25, 138.5
2024-11-07, 17:49:04, 136.5, 58.3, 23.0, 22.07, 9999.0, 9.66, 10.0, 21.75, 9999.0, 23.8, 9999.0, 117.68, 128.0, 120.25, 91.25, 138.5
2024-11-07, 17:49:08, 136.5, 58.27, 23.0, 22.05, 9999.0, 9.68, 10.0, 21.75, 9999.0, 23.77, 9999.0, 117.7, 128.0, 120.25, 91.25, 138.5
2024-11-07, 17:49:12, 136.5, 58.27, 23.0, 22.07, 9999.0, 9.7, 10.02, 21.75, 9999.0, 23.75, 9999.0, 117.73, 128.0, 120.25, 91.25, 138.5
2024-11-07, 17:49:16, 136.5, 58.25, 23.0, 22.07, 9999.0, 9.73, 10.02, 21.75, 9999.0, 23.77, 9999.0, 117.73, 128.0, 120.25, 91.25, 138.5
2024-11-07, 17:49:20, 136.5, 58.25, 23.0, 22.09, 9999.0, 9.73, 10.02, 21.75, 9999.0, 23.8, 9999.0, 117.73, 128.0, 120.25, 91.25, 138.5
2024-11-07, 17:49:24, 136.5, 58.25, 23.0, 22.09, 9999.0, 9.7, 10.02, 21.75, 9999.0, 23.84, 9999.0, 117.75, 128.0, 120.25, 91.25, 138.5
2024-11-07, 17:49:28, 136.5, 58.25, 23.0, 22.07, 9999.0, 9.7, 10.02, 21.75, 9999.0, 23.89, 9999.0, 117.77, 128.0, 120.25, 91.25, 138.5
2024-11-07, 17:49:32, 136.5, 58.25, 23.0, 22.07, 9999.0, 9.68, 10.02, 21.75, 9999.0, 23.91, 9999.0, 117.8, 128.0, 120.25, 91.25, 138.5
2024-11-07, 17:49:36, 136.5, 58.25, 23.0, 22.07, 9999.0, 9.68, 10.02, 21.75, 9999.0, 23.93, 9999.0, 117.82, 128.0, 120.25, 91.25, 138.5
2024-11-07, 17:49:40, 136.5, 58.25, 23.0, 22.05, 9999.0, 9.64, 10.02, 21.75, 9999.0, 23.95, 9999.0, 117.82, 128.0, 120.25, 91.25, 138.5
2024-11-07, 17:49:44, 136.5, 58.27, 23.0, 22.05, 9999.0, 9.61, 10.02, 21.75, 9999.0, 23.98, 9999.0, 117.8, 128.0, 120.25, 91.25, 138.5
2024-11-07, 17:49:48, 136.5, 58.27, 23.0, 22.05, 9999.0, 9.59, 10.02, 21.75, 9999.0, 24.0, 9999.0, 117.77, 128.0, 120.25, 91.25, 138.5
2024-11-07, 17:49:52, 136.5, 58.27, 23.0, 22.05, 9999.0, 9.57, 10.02, 21.75, 9999.0, 24.02, 9999.0, 117.75, 128.0, 120.25, 91.25, 138.5
2024-11-07, 17:49:56, 136.5, 58.27, 23.0, 22.02, 9999.0, 9.57, 10.0, 21.73, 9999.0, 24.05, 9999.0, 117.73, 128.0, 120.27, 91.25, 138.5
2024-11-07, 17:50:00, 136.5, 58.27, 23.0, 22.05, 9999.0, 9.57, 10.0, 21.73, 9999.0, 24.05, 9999.0, 117.7, 128.0, 120.27, 91.25, 138.5
2024-11-07, 17:50:04, 136.5, 58.27, 23.0, 22.02, 9999.0, 9.59, 10.0, 21.73, 9999.0, 24.05, 9999.0, 117.68, 128.0, 120.27, 91.25, 138.5
2024-11-07, 17:50:08, 136.5, 58.27, 23.0, 22.02, 9999.0, 9.64, 10.0, 21.73, 9999.0, 24.02, 9999.0, 117.66, 128.0, 120.27, 91.25, 138.5
2024-11-07, 17:50:12, 136.5, 58.3, 23.0, 22.02, 9999.0, 9.68, 10.0, 21.73, 9999.0, 23.98, 9999.0, 117.66, 127.98, 120.27, 91.25, 138.5
2024-11-07, 17:50:17, 136.5, 58.3, 23.0, 22.02, 9999.0, 9.7, 10.0, 21.73, 9999.0, 23.95, 9999.0, 117.66, 127.98, 120.27, 91.25, 138.5
2024-11-07, 17:50:24, 136.52, 58.3, 23.0, 22.02, 9999.0, 9.7, 10.0, 21.73, 9999.0, 23.95, 9999.0, 117.66, 127.98, 120.27, 91.25, 138.5
2024-11-07, 17:50:28, 136.52, 58.3, 23.0, 22.02, 9999.0, 9.73, 10.0, 21.73, 9999.0, 23.93, 9999.0, 117.68, 127.98, 120.27, 91.25, 138.5
2024-11-07, 17:50:32, 136.52, 58.3, 23.0, 22.02, 9999.0, 9.75, 10.0, 21.73, 9999.0, 23.91, 9999.0, 117.73, 127.98, 120.27, 91.25, 138.5
2024-11-07, 17:50:36, 136.52, 58.3, 23.0, 22.02, 9999.0, 9.77, 10.0, 21.73, 9999.0, 23.91, 9999.0, 117.75, 127.98, 120.27, 91.25, 138.5
2024-11-07, 17:50:40, 136.52, 58.3, 22.98, 22.05, 9999.0, 9.77, 10.0, 21.73, 9999.0, 23.91, 9999.0, 117.75, 127.98, 120.27, 91.25, 138.5
2024-11-07, 17:50:44, 136.52, 58.3, 22.98, 22.05, 9999.0, 9.77, 10.0, 21.75, 9999.0, 23.91, 9999.0, 117.75, 127.98, 120.25, 91.25, 138.5
2024-11-07, 17:50:48, 136.52, 58.3, 22.98, 22.02, 9999.0, 9.75, 10.0, 21.75, 9999.0, 23.93, 9999.0, 117.77, 127.98, 120.25, 91.25, 138.5
2024-11-07, 17:50:52, 136.52, 58.3, 22.98, 22.02, 9999.0, 9.73, 10.0, 21.75, 9999.0, 23.95, 9999.0, 117.8, 127.98, 120.25, 91.25, 138.5
2024-11-07, 17:50:56, 136.52, 58.3, 22.98, 22.02, 9999.0, 9.68, 10.0, 21.75, 9999.0, 23.95, 9999.0, 117.82, 127.98, 120.25, 91.25, 138.5
2024-11-07, 17:51:00, 136.52, 58.27, 22.98, 22.05, 9999.0, 9.64, 10.0, 21.75, 9999.0, 23.98, 9999.0, 117.82, 128.0, 120.25, 91.25, 138.5
2024-11-07, 17:51:04, 136.52, 58.3, 22.98, 22.05, 9999.0, 9.61, 10.0, 21.75, 9999.0, 24.0, 9999.0, 117.82, 128.0, 120.25, 91.25, 138.5
2024-11-07, 17:51:08, 136.5, 58.32, 22.98, 22.07, 9999.0, 9.59, 10.0, 21.75, 9999.0, 24.0, 9999.0, 117.82, 128.0, 120.25, 91.25, 138.5
2024-11-07, 17:51:12, 136.5, 58.32, 22.98, 22.07, 9999.0, 9.57, 10.0, 21.75, 9999.0, 24.02, 9999.0, 117.8, 128.0, 120.25, 91.25, 138.5
2024-11-07, 17:51:16, 136.5, 58.3, 22.98, 22.07, 9999.0, 9.55, 10.0, 21.75, 9999.0, 24.05, 9999.0, 117.75, 128.0, 120.25, 91.25, 138.5
2024-11-07, 17:51:20, 136.5, 58.3, 22.98, 22.07, 9999.0, 9.55, 10.0, 21.75, 9999.0, 24.02, 9999.0, 117.73, 128.0, 120.25, 91.25, 138.5
2024-11-07, 17:51:24, 136.52, 58.3, 23.0, 22.05, 9999.0, 9.57, 10.0, 21.75, 9999.0, 24.0, 9999.0, 117.73, 127.98, 120.25, 91.25, 138.5
2024-11-07, 17:51:28, 136.52, 58.32, 23.0, 22.05, 9999.0, 9.57, 10.0, 21.75, 9999.0, 23.98, 9999.0, 117.7, 127.98, 120.25, 91.25, 138.52
2024-11-07, 17:51:32, 136.52, 58.32, 23.0, 22.05, 9999.0, 9.61, 10.0, 21.75, 9999.0, 23.95, 9999.0, 117.68, 127.98, 120.25, 91.25, 138.52
2024-11-07, 17:51:36, 136.52, 58.32, 23.0, 22.05, 9999.0, 9.64, 10.0, 21.75, 9999.0, 23.93, 9999.0, 117.68, 127.98, 120.25, 91.25, 138.52
2024-11-07, 17:51:40, 136.52, 58.32, 23.0, 22.05, 9999.0, 9.66, 10.0, 21.75, 9999.0, 23.91, 9999.0, 117.68, 127.98, 120.25, 91.25, 138.52
2024-11-07, 17:51:44, 136.52, 58.32, 23.0, 22.02, 9999.0, 9.68, 10.0, 21.75, 9999.0, 23.89, 9999.0, 117.7, 127.98, 120.25, 91.25, 138.55
2024-11-07, 17:51:48, 136.52, 58.3, 23.0, 22.02, 9999.0, 9.7, 10.0, 21.75, 9999.0, 23.86, 9999.0, 117.73, 127.98, 120.25, 91.25, 138.55
2024-11-07, 17:51:52, 136.52, 58.27, 23.0, 22.0, 9999.0, 9.73, 10.0, 21.75, 9999.0, 23.84, 9999.0, 117.75, 127.98, 120.25, 91.25, 138.55
2024-11-07, 17:51:56, 136.52, 58.27, 23.0, 22.0, 9999.0, 9.75, 10.0, 21.75, 9999.0, 23.84, 9999.0, 117.75, 127.98, 120.25, 91.25, 138.55
2024-11-07, 17:52:00, 136.52, 58.27, 23.0, 22.0, 9999.0, 9.77, 10.0, 21.75, 9999.0, 23.84, 9999.0, 117.8, 127.98, 120.25, 91.25, 138.55
2024-11-07, 17:52:04, 136.52, 58.27, 23.0, 22.0, 9999.0, 9.75, 10.0, 21.75, 9999.0, 23.86, 9999.0, 117.8, 127.98, 120.25, 91.25, 138.57
2024-11-07, 17:52:08, 136.5, 58.27, 23.0, 22.0, 9999.0, 9.73, 10.0, 21.75, 9999.0, 23.91, 9999.0, 117.8, 128.0, 120.25, 91.25, 138.57
2024-11-07, 17:52:12, 136.5, 58.25, 23.0, 22.0, 9999.0, 9.7, 10.0, 21.75, 9999.0, 23.95, 9999.0, 117.82, 128.0, 120.25, 91.25, 138.55
2024-11-07, 17:52:16, 136.5, 58.25, 23.0, 22.0, 9999.0, 9.66, 10.0, 21.75, 9999.0, 23.95, 9999.0, 117.84, 128.0, 120.25, 91.25, 138.55
2024-11-07, 17:52:20, 136.5, 58.27, 23.0, 22.0, 9999.0, 9.64, 10.0, 21.75, 9999.0, 23.95, 9999.0, 117.84, 128.0, 120.25, 91.25, 138.55
2024-11-07, 17:52:24, 136.5, 58.27, 23.0, 22.02, 9999.0, 9.61, 10.0, 21.75, 9999.0, 23.98, 9999.0, 117.84, 128.0, 120.25, 91.25, 138.55
2024-11-07, 17:52:28, 136.5, 58.3, 23.0, 22.02, 9999.0, 9.59, 10.0, 21.75, 9999.0, 24.0, 9999.0, 117.82, 128.0, 120.25, 91.25, 138.52
2024-11-07, 17:52:32, 136.5, 58.3, 23.0, 22.05, 9999.0, 9.57, 10.0, 21.75, 9999.0, 24.0, 9999.0, 117.8, 128.0, 120.25, 91.25, 138.52
2024-11-07, 17:52:36, 136.5, 58.3, 23.0, 22.05, 9999.0, 9.57, 10.0, 21.75, 9999.0, 24.02, 9999.0, 117.77, 128.0, 120.25, 91.25, 138.52
2024-11-07, 17:52:40, 136.5, 58.3, 23.0, 22.07, 9999.0, 9.57, 10.0, 21.75, 9999.0, 24.0, 9999.0, 117.77, 128.0, 120.25, 91.25, 138.52
2024-11-07, 17:52:44, 136.5, 58.3, 23.0, 22.07, 9999.0, 9.57, 10.0, 21.75, 9999.0, 23.98, 9999.0, 117.73, 128.0, 120.25, 91.25, 138.52
2024-11-07, 17:52:48, 136.5, 58.3, 23.0, 22.07, 9999.0, 9.61, 10.0, 21.75, 9999.0, 23.95, 9999.0, 117.7, 128.0, 120.25, 91.25, 138.52
2024-11-07, 17:52:52, 136.52, 58.3, 23.0, 22.07, 9999.0, 9.64, 10.02, 21.75, 9999.0, 23.91, 9999.0, 117.7, 128.0, 120.25, 91.25, 138.55
2024-11-07, 17:52:56, 136.52, 58.3, 23.0, 22.07, 9999.0, 9.66, 10.02, 21.75, 9999.0, 23.86, 9999.0, 117.7, 127.98, 120.27, 91.25, 138.55
2024-11-07, 17:53:00, 136.52, 58.3, 23.0, 22.07, 9999.0, 9.68, 10.02, 21.75, 9999.0, 23.84, 9999.0, 117.7, 127.98, 120.27, 91.25, 138.57
2024-11-07, 17:53:04, 136.52, 58.27, 23.0, 22.07, 9999.0, 9.7, 10.02, 21.75, 9999.0, 23.82, 9999.0, 117.73, 127.98, 120.27, 91.25, 138.57
2024-11-07, 17:53:08, 136.52, 58.3, 23.0, 22.05, 9999.0, 9.73, 10.02, 21.75, 9999.0, 23.8, 9999.0, 117.75, 127.98, 120.27, 91.25, 138.57
2024-11-07, 17:53:12, 136.52, 58.27, 23.0, 22.05, 9999.0, 9.75, 10.02, 21.75, 9999.0, 23.8, 9999.0, 117.75, 127.98, 120.27, 91.25, 138.59
2024-11-07, 17:53:16, 136.52, 58.27, 23.0, 22.02, 9999.0, 9.77, 10.02, 21.75, 9999.0, 23.82, 9999.0, 117.77, 127.98, 120.27, 91.25, 138.59
2024-11-07, 17:53:20, 136.52, 58.27, 23.0, 22.02, 9999.0, 9.77, 10.02, 21.75, 9999.0, 23.82, 9999.0, 117.8, 127.98, 120.27, 91.25, 138.59
2024-11-07, 17:53:25, 136.52, 58.27, 23.0, 22.0, 9999.0, 9.77, 10.02, 21.75, 9999.0, 23.86, 9999.0, 117.82, 127.98, 120.27, 91.25, 138.59
2024-11-07, 17:53:29, 136.52, 58.27, 23.0, 22.0, 9999.0, 9.77, 10.02, 21.75, 9999.0, 23.89, 9999.0, 117.84, 127.98, 120.27, 91.25, 138.59
2024-11-07, 17:53:33, 136.52, 58.27, 23.0, 22.0, 9999.0, 9.73, 10.02, 21.75, 9999.0, 23.91, 9999.0, 117.86, 127.98, 120.27, 91.25, 138.57
2024-11-07, 17:53:37, 136.5, 58.27, 23.0, 22.02, 9999.0, 9.73, 10.0, 21.75, 9999.0, 23.93, 9999.0, 117.86, 127.98, 120.27, 91.25, 138.55
2024-11-07, 17:53:41, 136.5, 58.27, 23.0, 22.02, 9999.0, 9.7, 10.0, 21.75, 9999.0, 23.95, 9999.0, 117.86, 128.0, 120.25, 91.25, 138.55
2024-11-07, 17:53:45, 136.52, 58.27, 23.0, 22.02, 9999.0, 9.68, 10.0, 21.75, 9999.0, 23.98, 9999.0, 117.86, 128.0, 120.25, 91.25, 138.52
2024-11-07, 17:53:49, 136.52, 58.27, 23.0, 22.02, 9999.0, 9.66, 10.0, 21.75, 9999.0, 24.0, 9999.0, 117.82, 128.0, 120.25, 91.25, 138.52
2024-11-07, 17:53:53, 136.52, 58.25, 23.0, 22.02, 9999.0, 9.66, 10.0, 21.75, 9999.0, 24.0, 9999.0, 117.8, 128.0, 120.25, 91.25, 138.52
2024-11-07, 17:53:57, 136.55, 58.25, 23.0, 22.02, 9999.0, 9.66, 10.0, 21.75, 9999.0, 23.98, 9999.0, 117.8, 128.0, 120.25, 91.25, 138.5
2024-11-07, 17:54:01, 136.55, 58.25, 23.0, 22.02, 9999.0, 9.66, 10.0, 21.75, 9999.0, 23.95, 9999.0, 117.75, 128.0, 120.25, 91.25, 138.5
2024-11-07, 17:54:05, 136.55, 58.27, 23.0, 22.05, 9999.0, 9.68, 10.0, 21.75, 9999.0, 23.93, 9999.0, 117.7, 128.0, 120.25, 91.25, 138.5
2024-11-07, 17:54:09, 136.55, 58.27, 23.0, 22.05, 9999.0, 9.68, 10.0, 21.75, 9999.0, 23.89, 9999.0, 117.66, 127.98, 120.25, 91.25, 138.5
2024-11-07, 17:54:13, 136.55, 58.27, 23.0, 22.05, 9999.0, 9.68, 10.0, 21.75, 9999.0, 23.86, 9999.0, 117.66, 127.98, 120.25, 91.25, 138.5
2024-11-07, 17:54:17, 136.55, 58.27, 23.0, 22.05, 9999.0, 9.7, 10.0, 21.75, 9999.0, 23.84, 9999.0, 117.66, 127.95, 120.25, 91.25, 138.52
2024-11-07, 17:54:21, 136.55, 58.27, 23.0, 22.05, 9999.0, 9.7, 10.0, 21.75, 9999.0, 23.82, 9999.0, 117.68, 127.95, 120.25, 91.25, 138.55
2024-11-07, 17:54:25, 136.57, 58.27, 23.0, 22.07, 9999.0, 9.73, 10.0, 21.75, 9999.0, 23.8, 9999.0, 117.7, 127.95, 120.27, 91.25, 138.55
2024-11-07, 17:54:29, 136.55, 58.27, 23.0, 22.07, 9999.0, 9.75, 10.0, 21.75, 9999.0, 23.77, 9999.0, 117.73, 127.95, 120.27, 91.25, 138.55
2024-11-07, 17:54:33, 136.55, 58.27, 23.0, 22.09, 9999.0, 9.77, 10.0, 21.75, 9999.0, 23.77, 9999.0, 117.77, 127.95, 120.27, 91.25, 138.55
2024-11-07, 17:54:37, 136.55, 58.27, 23.0, 22.09, 9999.0, 9.77, 10.0, 21.75, 9999.0, 23.8, 9999.0, 117.77, 127.95, 120.27, 91.25, 138.55
2024-11-07, 17:54:41, 136.52, 58.27, 23.0, 22.09, 9999.0, 9.77, 10.0, 21.75, 9999.0, 23.82, 9999.0, 117.77, 127.95, 120.27, 91.25, 138.55
2024-11-07, 17:54:45, 136.52, 58.27, 23.0, 22.11, 9999.0, 9.75, 10.0, 21.75, 9999.0, 23.84, 9999.0, 117.8, 127.95, 120.27, 91.25, 138.55
2024-11-07, 17:54:49, 136.52, 58.25, 23.0, 22.11, 9999.0, 9.7, 10.0, 21.75, 9999.0, 23.86, 9999.0, 117.82, 127.95, 120.27, 91.25, 138.57
2024-11-07, 17:54:53, 136.52, 58.25, 23.0, 22.11, 9999.0, 9.68, 10.0, 21.75, 9999.0, 23.86, 9999.0, 117.84, 127.98, 120.27, 91.25, 138.57
2024-11-07, 17:54:57, 136.55, 58.25, 23.0, 22.11, 9999.0, 9.66, 10.0, 21.75, 9999.0, 23.86, 9999.0, 117.84, 127.98, 120.27, 91.25, 138.59
2024-11-07, 17:55:01, 136.57, 58.25, 23.0, 22.11, 9999.0, 9.64, 10.0, 21.75, 9999.0, 23.86, 9999.0, 117.84, 128.0, 120.27, 91.25, 138.57
2024-11-07, 17:55:05, 136.57, 58.25, 23.0, 22.09, 9999.0, 9.61, 10.0, 21.75, 9999.0, 23.86, 9999.0, 117.8, 128.0, 120.27, 91.25, 138.55
2024-11-07, 17:55:09, 136.55, 58.25, 23.0, 22.07, 9999.0, 9.59, 10.0, 21.75, 9999.0, 23.86, 9999.0, 117.77, 128.0, 120.25, 91.25, 138.55
2024-11-07, 17:55:13, 136.55, 58.25, 23.0, 22.07, 9999.0, 9.59, 10.0, 21.75, 9999.0, 23.86, 9999.0, 117.73, 128.0, 120.25, 91.25, 138.57
2024-11-07, 17:55:17, 136.55, 58.25, 23.0, 22.05, 9999.0, 9.59, 10.0, 21.75, 9999.0, 23.84, 9999.0, 117.7, 128.0, 120.25, 91.25, 138.57
2024-11-07, 17:55:21, 136.55, 58.25, 23.0, 22.05, 9999.0, 9.59, 10.0, 21.75, 9999.0, 23.82, 9999.0, 117.68, 128.0, 120.25, 91.25, 138.57
2024-11-07, 17:55:25, 136.55, 58.25, 23.0, 22.05, 9999.0, 9.61, 10.0, 21.75, 9999.0, 23.8, 9999.0, 117.66, 128.0, 120.25, 91.25, 138.57
2024-11-07, 17:55:29, 136.55, 58.25, 23.0, 22.02, 9999.0, 9.66, 10.0, 21.75, 9999.0, 23.77, 9999.0, 117.66, 128.0, 120.25, 91.25, 138.57
2024-11-07, 17:55:33, 136.55, 58.25, 23.0, 22.0, 9999.0, 9.68, 10.0, 21.75, 9999.0, 23.75, 9999.0, 117.66, 128.0, 120.25, 91.25, 138.55
2024-11-07, 17:55:37, 136.55, 58.25, 23.0, 22.0, 9999.0, 9.7, 10.0, 21.75, 9999.0, 23.75, 9999.0, 117.66, 127.98, 120.25, 91.25, 138.55
2024-11-07, 17:55:41, 136.52, 58.25, 23.0, 22.0, 9999.0, 9.73, 10.0, 21.75, 9999.0, 23.73, 9999.0, 117.68, 127.98, 120.25, 91.25, 138.55
2024-11-07, 17:55:45, 136.5, 58.25, 23.0, 22.0, 9999.0, 9.75, 10.0, 21.75, 9999.0, 23.7, 9999.0, 117.7, 127.98, 120.25, 91.25, 138.55
2024-11-07, 17:55:49, 136.5, 58.25, 23.0, 22.0, 9999.0, 9.77, 10.0, 21.75, 9999.0, 23.7, 9999.0, 117.75, 127.98, 120.25, 91.25, 138.55
2024-11-07, 17:55:53, 136.52, 58.25, 23.0, 22.0, 9999.0, 9.8, 10.0, 21.75, 9999.0, 23.7, 9999.0, 117.75, 127.98, 120.25, 91.25, 138.57
2024-11-07, 17:55:57, 136.52, 58.25, 23.0, 22.0, 9999.0, 9.8, 10.02, 21.75, 9999.0, 23.7, 9999.0, 117.77, 127.98, 120.25, 91.25, 138.55
2024-11-07, 17:56:01, 136.52, 58.27, 23.0, 22.02, 9999.0, 9.8, 10.02, 21.75, 9999.0, 23.73, 9999.0, 117.77, 127.98, 120.25, 91.25, 138.55
2024-11-07, 17:56:05, 136.52, 58.27, 23.0, 22.02, 9999.0, 9.8, 10.02, 21.75, 9999.0, 23.75, 9999.0, 117.8, 127.98, 120.25, 91.25, 138.55
2024-11-07, 17:56:09, 136.52, 58.3, 23.0, 22.02, 9999.0, 9.77, 10.02, 21.75, 9999.0, 23.77, 9999.0, 117.82, 127.98, 120.25, 91.25, 138.57
2024-11-07, 17:56:13, 136.52, 58.3, 23.0, 22.05, 9999.0, 9.73, 10.02, 21.75, 9999.0, 23.8, 9999.0, 117.82, 127.98, 120.25, 91.25, 138.57
2024-11-07, 17:56:17, 136.52, 58.3, 23.0, 22.05, 9999.0, 9.7, 10.02, 21.75, 9999.0, 23.8, 9999.0, 117.82, 127.98, 120.25, 91.25, 138.57
2024-11-07, 17:56:21, 136.52, 58.32, 23.0, 22.05, 9999.0, 9.68, 10.02, 21.75, 9999.0, 23.8, 9999.0, 117.82, 128.0, 120.25, 91.25, 138.59
2024-11-07, 17:56:25, 136.52, 58.32, 23.0, 22.07, 9999.0, 9.66, 10.02, 21.75, 9999.0, 23.82, 9999.0, 117.8, 128.0, 120.25, 91.25, 138.59
2024-11-07, 17:56:29, 136.52, 58.34, 23.0, 22.07, 9999.0, 9.66, 10.02, 21.75, 9999.0, 23.84, 9999.0, 117.75, 128.0, 120.25, 91.25, 138.61
2024-11-07, 17:56:33, 136.52, 58.36, 23.0, 22.09, 9999.0, 9.66, 10.02, 21.75, 9999.0, 23.84, 9999.0, 117.7, 128.0, 120.25, 91.25, 138.64
2024-11-07, 17:56:37, 136.5, 58.36, 23.0, 22.11, 9999.0, 9.66, 10.02, 21.75, 9999.0, 23.84, 9999.0, 117.68, 128.0, 120.25, 91.25, 138.64
2024-11-07, 17:56:41, 136.5, 58.36, 23.0, 22.11, 9999.0, 9.68, 10.0, 21.75, 9999.0, 23.84, 9999.0, 117.66, 128.0, 120.25, 91.25, 138.66
2024-11-07, 17:56:45, 136.5, 58.34, 23.0, 22.09, 9999.0, 9.7, 10.0, 21.75, 9999.0, 23.82, 9999.0, 117.66, 128.0, 120.25, 91.25, 138.66
2024-11-07, 17:56:49, 136.5, 58.34, 23.0, 22.11, 9999.0, 9.73, 10.0, 21.75, 9999.0, 23.8, 9999.0, 117.66, 128.0, 120.25, 91.25, 138.68
2024-11-07, 17:56:53, 136.5, 58.32, 23.0, 22.11, 9999.0, 9.73, 10.0, 21.75, 9999.0, 23.77, 9999.0, 117.66, 128.0, 120.25, 91.25, 138.68
2024-11-07, 17:56:57, 136.52, 58.34, 23.0, 22.11, 9999.0, 9.75, 10.0, 21.75, 9999.0, 23.75, 9999.0, 117.68, 128.0, 120.25, 91.25, 138.7
2024-11-07, 17:57:02, 136.52, 58.34, 23.0, 22.14, 9999.0, 9.77, 10.02, 21.75, 9999.0, 23.75, 9999.0, 117.7, 128.0, 120.25, 91.25, 138.73
2024-11-07, 17:57:06, 136.52, 58.32, 23.0, 22.16, 9999.0, 9.8, 10.02, 21.75, 9999.0, 23.75, 9999.0, 117.73, 128.0, 120.25, 91.25, 138.73
2024-11-07, 17:57:10, 136.52, 58.32, 23.0, 22.16, 9999.0, 9.82, 10.02, 21.75, 9999.0, 23.75, 9999.0, 117.73, 128.0, 120.25, 91.25, 138.73
2024-11-07, 17:57:14, 136.52, 58.3, 23.0, 22.18, 9999.0, 9.82, 10.05, 21.75, 9999.0, 23.75, 9999.0, 117.77, 128.0, 120.27, 91.25, 138.73
2024-11-07, 17:57:18, 136.52, 58.27, 23.0, 22.16, 9999.0, 9.82, 10.05, 21.75, 9999.0, 23.75, 9999.0, 117.82, 128.0, 120.27, 91.25, 138.73
2024-11-07, 17:57:22, 136.55, 58.3, 23.0, 22.14, 9999.0, 9.82, 10.05, 21.75, 9999.0, 23.75, 9999.0, 117.84, 128.0, 120.27, 91.25, 138.73
2024-11-07, 17:57:26, 136.57, 58.32, 23.0, 22.16, 9999.0, 9.8, 10.05, 21.75, 9999.0, 23.75, 9999.0, 117.86, 128.0, 120.27, 91.25, 138.73
2024-11-07, 17:57:30, 136.57, 58.32, 23.0, 22.18, 9999.0, 9.77, 10.05, 21.75, 9999.0, 23.77, 9999.0, 117.86, 128.0, 120.27, 91.25, 138.73
2024-11-07, 17:57:34, 136.59, 58.32, 23.0, 22.16, 9999.0, 9.75, 10.05, 21.75, 9999.0, 23.77, 9999.0, 117.86, 128.0, 120.27, 91.25, 138.73
2024-11-07, 17:57:38, 136.61, 58.32, 23.0, 22.18, 9999.0, 9.73, 10.05, 21.75, 9999.0, 23.77, 9999.0, 117.86, 128.0, 120.27, 91.25, 138.7
2024-11-07, 17:57:42, 136.61, 58.3, 23.0, 22.18, 9999.0, 9.7, 10.05, 21.75, 9999.0, 23.77, 9999.0, 117.84, 128.0, 120.27, 91.25, 138.7
2024-11-07, 17:57:46, 136.61, 58.3, 23.0, 22.16, 9999.0, 9.68, 10.02, 21.75, 9999.0, 23.77, 9999.0, 117.82, 128.0, 120.27, 91.25, 138.7
2024-11-07, 17:57:50, 136.64, 58.3, 23.0, 22.16, 9999.0, 9.68, 10.02, 21.75, 9999.0, 23.77, 9999.0, 117.8, 128.0, 120.27, 91.25, 138.7
2024-11-07, 17:57:54, 136.64, 58.3, 23.0, 22.16, 9999.0, 9.68, 10.02, 21.75, 9999.0, 23.77, 9999.0, 117.77, 128.0, 120.27, 91.25, 138.7
2024-11-07, 17:57:58, 136.64, 58.3, 23.0, 22.16, 9999.0, 9.7, 10.0, 21.75, 9999.0, 23.77, 9999.0, 117.75, 128.0, 120.25, 91.25, 138.7
2024-11-07, 17:58:02, 136.66, 58.3, 23.0, 22.18, 9999.0, 9.73, 10.0, 21.75, 9999.0, 23.75, 9999.0, 117.7, 128.0, 120.25, 91.25, 138.68
2024-11-07, 17:58:06, 136.64, 58.27, 23.0, 22.18, 9999.0, 9.73, 10.0, 21.75, 9999.0, 23.75, 9999.0, 117.7, 128.0, 120.25, 91.25, 138.68
2024-11-07, 17:58:10, 136.61, 58.25, 23.0, 22.18, 9999.0, 9.73, 10.0, 21.75, 9999.0, 23.75, 9999.0, 117.7, 128.0, 120.25, 91.25, 138.68
2024-11-07, 17:58:14, 136.61, 58.25, 23.0, 22.18, 9999.0, 9.73, 10.0, 21.75, 9999.0, 23.7, 9999.0, 117.73, 128.0, 120.25, 91.25, 138.7
2024-11-07, 17:58:18, 136.61, 58.25, 23.0, 22.2, 9999.0, 9.73, 10.02, 21.75, 9999.0, 23.7, 9999.0, 117.75, 128.0, 120.25, 91.25, 138.68
2024-11-07, 17:58:22, 136.59, 58.25, 23.0, 22.2, 9999.0, 9.75, 10.02, 21.75, 9999.0, 23.68, 9999.0, 117.77, 128.0, 120.25, 91.25, 138.7
2024-11-07, 17:58:26, 136.57, 58.25, 23.0, 22.2, 9999.0, 9.77, 10.05, 21.75, 9999.0, 23.68, 9999.0, 117.8, 128.0, 120.25, 91.25, 138.7
2024-11-07, 17:58:30, 136.57, 58.27, 23.0, 22.2, 9999.0, 9.8, 10.05, 21.75, 9999.0, 23.68, 9999.0, 117.8, 128.0, 120.25, 91.25, 138.7
2024-11-07, 17:58:34, 136.57, 58.3, 23.0, 22.2, 9999.0, 9.8, 10.05, 21.75, 9999.0, 23.68, 9999.0, 117.8, 128.0, 120.25, 91.25, 138.7
2024-11-07, 17:58:38, 136.57, 58.3, 23.0, 22.18, 9999.0, 9.8, 10.05, 21.75, 9999.0, 23.7, 9999.0, 117.82, 128.0, 120.25, 91.25, 138.7
2024-11-07, 17:58:42, 136.57, 58.3, 23.0, 22.18, 9999.0, 9.77, 10.05, 21.75, 9999.0, 23.73, 9999.0, 117.82, 128.0, 120.25, 91.25, 138.7
2024-11-07, 17:58:46, 136.55, 58.3, 23.0, 22.18, 9999.0, 9.75, 10.05, 21.75, 9999.0, 23.77, 9999.0, 117.84, 128.0, 120.25, 91.25, 138.73
2024-11-07, 17:58:50, 136.55, 58.32, 23.0, 22.2, 9999.0, 9.75, 10.05, 21.75, 9999.0, 23.8, 9999.0, 117.84, 128.0, 120.25, 91.25, 138.73
2024-11-07, 17:58:54, 136.57, 58.32, 23.0, 22.2, 9999.0, 9.73, 10.05, 21.75, 9999.0, 23.82, 9999.0, 117.84, 128.0, 120.25, 91.25, 138.73
2024-11-07, 17:58:58, 136.57, 58.32, 23.0, 22.2, 9999.0, 9.7, 10.05, 21.75, 9999.0, 23.84, 9999.0, 117.82, 128.0, 120.25, 91.25, 138.73
2024-11-07, 17:59:02, 136.55, 58.32, 23.0, 22.2, 9999.0, 9.68, 10.02, 21.75, 9999.0, 23.84, 9999.0, 117.8, 128.0, 120.25, 91.25, 138.75
2024-11-07, 17:59:06, 136.55, 58.32, 23.0, 22.18, 9999.0, 9.68, 10.02, 21.75, 9999.0, 23.86, 9999.0, 117.77, 128.0, 120.25, 91.25, 138.75
2024-11-07, 17:59:10, 136.55, 58.32, 23.0, 22.18, 9999.0, 9.68, 10.0, 21.75, 9999.0, 23.86, 9999.0, 117.73, 128.0, 120.25, 91.25, 138.75
2024-11-07, 17:59:14, 136.55, 58.3, 23.0, 22.2, 9999.0, 9.68, 10.0, 21.75, 9999.0, 23.86, 9999.0, 117.73, 128.0, 120.25, 91.25, 138.73
2024-11-07, 17:59:18, 136.52, 58.27, 23.0, 22.18, 9999.0, 9.7, 10.0, 21.75, 9999.0, 23.86, 9999.0, 117.7, 128.0, 120.25, 91.25, 138.7
2024-11-07, 17:59:22, 136.55, 58.27, 23.0, 22.2, 9999.0, 9.73, 10.0, 21.75, 9999.0, 23.84, 9999.0, 117.7, 128.0, 120.25, 91.25, 138.7
2024-11-07, 17:59:26, 136.55, 58.3, 23.0, 22.2, 9999.0, 9.73, 10.0, 21.75, 9999.0, 23.82, 9999.0, 117.7, 128.0, 120.25, 91.25, 138.7
2024-11-07, 17:59:30, 136.57, 58.3, 23.0, 22.2, 9999.0, 9.73, 10.0, 21.75, 9999.0, 23.77, 9999.0, 117.7, 128.0, 120.25, 91.25, 138.7
2024-11-07, 17:59:34, 136.57, 58.27, 23.0, 22.2, 9999.0, 9.73, 10.0, 21.75, 9999.0, 23.75, 9999.0, 117.73, 128.0, 120.25, 91.25, 138.7
2024-11-07, 17:59:38, 136.55, 58.3, 23.0, 22.2, 9999.0, 9.75, 10.0, 21.75, 9999.0, 23.73, 9999.0, 117.75, 128.0, 120.27, 91.25, 138.68
2024-11-07, 17:59:42, 136.55, 58.3, 23.0, 22.2, 9999.0, 9.77, 10.0, 21.73, 9999.0, 23.73, 9999.0, 117.77, 128.0, 120.27, 91.25, 138.68
2024-11-07, 17:59:46, 136.55, 58.3, 23.0, 22.2, 9999.0, 9.8, 10.02, 21.73, 9999.0, 23.73, 9999.0, 117.8, 128.0, 120.27, 91.25, 138.68
2024-11-07, 17:59:50, 136.55, 58.3, 23.0, 22.23, 9999.0, 9.8, 10.02, 21.73, 9999.0, 23.75, 9999.0, 117.82, 128.0, 120.27, 91.25, 138.68
2024-11-07, 17:59:54, 136.55, 58.32, 23.0, 22.23, 9999.0, 9.8, 10.05, 21.73, 9999.0, 23.77, 9999.0, 117.84, 128.0, 120.27, 91.25, 138.66
2024-11-07, 17:59:58, 136.55, 58.32, 23.0, 22.23, 9999.0, 9.77, 10.05, 21.73, 9999.0, 23.8, 9999.0, 117.86, 128.0, 120.27, 91.25, 138.68
2024-11-07, 18:00:02, 136.55, 58.32, 23.0, 22.25, 9999.0, 9.75, 10.05, 21.73, 9999.0, 23.82, 9999.0, 117.89, 128.0, 120.27, 91.25, 138.7
2024-11-07, 18:00:06, 136.52, 58.32, 23.0, 22.25, 9999.0, 9.7, 10.05, 21.73, 9999.0, 23.84, 9999.0, 117.89, 128.0, 120.27, 91.25, 138.7
2024-11-07, 18:00:10, 136.55, 58.3, 23.0, 22.25, 9999.0, 9.68, 10.05, 21.73, 9999.0, 23.86, 9999.0, 117.89, 128.0, 120.27, 91.25, 138.7
2024-11-07, 18:00:14, 136.52, 58.3, 23.0, 22.25, 9999.0, 9.66, 10.05, 21.73, 9999.0, 23.91, 9999.0, 117.89, 128.0, 120.27, 91.25, 138.7
2024-11-07, 18:00:18, 136.52, 58.32, 23.0, 22.25, 9999.0, 9.66, 10.05, 21.73, 9999.0, 23.93, 9999.0, 117.86, 128.0, 120.27, 91.25, 138.7
2024-11-07, 18:00:22, 136.52, 58.3, 23.0, 22.25, 9999.0, 9.64, 10.05, 21.73, 9999.0, 23.95, 9999.0, 117.84, 128.0, 120.25, 91.25, 138.7
2024-11-07, 18:00:26, 136.52, 58.3, 23.0, 22.25, 9999.0, 9.64, 10.05, 21.75, 9999.0, 23.98, 9999.0, 117.82, 128.0, 120.25, 91.25, 138.7
2024-11-07, 18:00:30, 136.52, 58.3, 23.0, 22.25, 9999.0, 9.64, 10.02, 21.75, 9999.0, 23.98, 9999.0, 117.8, 128.0, 120.25, 91.25, 138.7
2024-11-07, 18:00:35, 136.52, 58.3, 23.0, 22.25, 9999.0, 9.64, 10.05, 21.75, 9999.0, 23.98, 9999.0, 117.75, 128.0, 120.25, 91.25, 138.7
2024-11-07, 18:00:41, 136.52, 58.27, 23.0, 22.25, 9999.0, 9.66, 10.02, 21.75, 9999.0, 23.98, 9999.0, 117.73, 128.0, 120.25, 91.25, 138.73
2024-11-07, 18:00:45, 136.52, 58.27, 23.0, 22.25, 9999.0, 9.68, 10.02, 21.75, 9999.0, 23.98, 9999.0, 117.7, 128.0, 120.25, 91.25, 138.73
2024-11-07, 18:00:49, 136.52, 58.27, 23.0, 22.25, 9999.0, 9.7, 10.02, 21.75, 9999.0, 23.95, 9999.0, 117.7, 128.0, 120.25, 91.25, 138.73
2024-11-07, 18:00:53, 136.52, 58.27, 23.0, 22.25, 9999.0, 9.73, 10.02, 21.75, 9999.0, 23.93, 9999.0, 117.73, 128.0, 120.25, 91.25, 138.73
2024-11-07, 18:00:57, 136.5, 58.27, 23.0, 22.25, 9999.0, 9.75, 10.02, 21.75, 9999.0, 23.91, 9999.0, 117.75, 128.0, 120.25, 91.25, 138.73
2024-11-07, 18:01:01, 136.5, 58.27, 23.0, 22.25, 9999.0, 9.77, 10.02, 21.75, 9999.0, 23.89, 9999.0, 117.77, 128.0, 120.25, 91.25, 138.73
2024-11-07, 18:01:05, 136.52, 58.25, 23.0, 22.25, 9999.0, 9.77, 10.02, 21.75, 9999.0, 23.89, 9999.0, 117.8, 128.0, 120.25, 91.25, 138.73
2024-11-07, 18:01:09, 136.52, 58.27, 23.0, 22.25, 9999.0, 9.8, 10.02, 21.75, 9999.0, 23.89, 9999.0, 117.82, 128.0, 120.25, 91.25, 138.75
2024-11-07, 18:01:13, 136.52, 58.27, 23.0, 22.25, 9999.0, 9.8, 10.02, 21.75, 9999.0, 23.89, 9999.0, 117.84, 128.0, 120.25, 91.25, 138.75
2024-11-07, 18:01:17, 136.55, 58.27, 23.0, 22.25, 9999.0, 9.8, 10.02, 21.75, 9999.0, 23.93, 9999.0, 117.84, 128.0, 120.25, 91.25, 138.75
2024-11-07, 18:01:21, 136.57, 58.27, 23.0, 22.25, 9999.0, 9.8, 10.0, 21.75, 9999.0, 23.93, 9999.0, 117.86, 128.0, 120.25, 91.25, 138.75
2024-11-07, 18:01:25, 136.59, 58.27, 23.0, 22.25, 9999.0, 9.77, 10.0, 21.75, 9999.0, 23.93, 9999.0, 117.89, 128.0, 120.25, 91.25, 138.75
2024-11-07, 18:01:29, 136.59, 58.27, 23.0, 22.25, 9999.0, 9.75, 10.0, 21.75, 9999.0, 23.93, 9999.0, 117.89, 128.0, 120.25, 91.25, 138.75
2024-11-07, 18:01:33, 136.59, 58.27, 23.0, 22.25, 9999.0, 9.7, 10.0, 21.75, 9999.0, 23.95, 9999.0, 117.89, 128.0, 120.25, 91.25, 138.75
2024-11-07, 18:01:37, 136.59, 58.27, 23.0, 22.25, 9999.0, 9.68, 10.0, 21.75, 9999.0, 23.98, 9999.0, 117.86, 128.0, 120.25, 91.25, 138.73
2024-11-07, 18:01:41, 136.59, 58.27, 23.0, 22.25, 9999.0, 9.66, 10.0, 21.75, 9999.0, 24.0, 9999.0, 117.84, 128.0, 120.25, 91.25, 138.7
2024-11-07, 18:01:45, 136.61, 58.27, 23.0, 22.25, 9999.0, 9.66, 10.0, 21.75, 9999.0, 24.0, 9999.0, 117.8, 128.0, 120.25, 91.25, 138.7
2024-11-07, 18:01:49, 136.59, 58.27, 23.0, 22.25, 9999.0, 9.66, 10.0, 21.75, 9999.0, 23.98, 9999.0, 117.77, 128.0, 120.25, 91.25, 138.7
2024-11-07, 18:01:53, 136.59, 58.27, 23.0, 22.25, 9999.0, 9.66, 10.0, 21.75, 9999.0, 23.95, 9999.0, 117.75, 128.0, 120.25, 91.25, 138.68
2024-11-07, 18:01:57, 136.59, 58.27, 23.0, 22.25, 9999.0, 9.68, 10.0, 21.75, 9999.0, 23.93, 9999.0, 117.7, 128.0, 120.25, 91.25, 138.68
2024-11-07, 18:02:01, 136.57, 58.27, 23.0, 22.25, 9999.0, 9.7, 10.0, 21.75, 9999.0, 23.91, 9999.0, 117.68, 128.0, 120.25, 91.25, 138.68
2024-11-07, 18:02:05, 136.55, 58.27, 23.0, 22.25, 9999.0, 9.7, 10.0, 21.75, 9999.0, 23.91, 9999.0, 117.68, 128.0, 120.25, 91.25, 138.68
2024-11-07, 18:02:09, 136.52, 58.27, 23.0, 22.23, 9999.0, 9.73, 10.0, 21.75, 9999.0, 23.91, 9999.0, 117.68, 128.0, 120.25, 91.25, 138.68
2024-11-07, 18:02:13, 136.52, 58.3, 23.0, 22.23, 9999.0, 9.75, 10.0, 21.75, 9999.0, 23.91, 9999.0, 117.7, 128.0, 120.25, 91.25, 138.66
2024-11-07, 18:02:17, 136.52, 58.3, 23.0, 22.2, 9999.0, 9.77, 10.0, 21.75, 9999.0, 23.91, 9999.0, 117.73, 128.0, 120.25, 91.25, 138.66
2024-11-07, 18:02:21, 136.52, 58.3, 23.0, 22.2, 9999.0, 9.8, 10.0, 21.75, 9999.0, 23.91, 9999.0, 117.75, 128.0, 120.25, 91.25, 138.68
2024-11-07, 18:02:25, 136.52, 58.32, 23.0, 22.2, 9999.0, 9.82, 10.0, 21.75, 9999.0, 23.93, 9999.0, 117.75, 128.0, 120.25, 91.25, 138.7
2024-11-07, 18:02:29, 136.5, 58.32, 23.0, 22.18, 9999.0, 9.82, 10.0, 21.75, 9999.0, 23.98, 9999.0, 117.8, 128.0, 120.25, 91.25, 138.68
2024-11-07, 18:02:33, 136.52, 58.34, 23.0, 22.16, 9999.0, 9.82, 10.0, 21.75, 9999.0, 24.02, 9999.0, 117.8, 128.0, 120.25, 91.25, 138.68
2024-11-07, 18:02:37, 136.52, 58.32, 23.0, 22.16, 9999.0, 9.8, 10.0, 21.75, 9999.0, 24.07, 9999.0, 117.8, 128.0, 120.25, 91.25, 138.68
2024-11-07, 18:02:41, 136.52, 58.32, 23.0, 22.16, 9999.0, 9.77, 10.0, 21.75, 9999.0, 24.11, 9999.0, 117.82, 128.0, 120.25, 91.25, 138.68
2024-11-07, 18:02:45, 136.52, 58.32, 23.0, 22.16, 9999.0, 9.73, 10.0, 21.75, 9999.0, 24.14, 9999.0, 117.84, 128.0, 120.25, 91.25, 138.66
2024-11-07, 18:02:49, 136.52, 58.32, 23.0, 22.16, 9999.0, 9.7, 10.0, 21.75, 9999.0, 24.16, 9999.0, 117.84, 128.0, 120.25, 91.25, 138.64
2024-11-07, 18:02:53, 136.52, 58.32, 23.0, 22.18, 9999.0, 9.66, 10.0, 21.75, 9999.0, 24.18, 9999.0, 117.84, 128.0, 120.25, 91.25, 138.61
2024-11-07, 18:02:57, 136.55, 58.3, 23.0, 22.18, 9999.0, 9.64, 10.0, 21.75, 9999.0, 24.2, 9999.0, 117.82, 128.0, 120.25, 91.25, 138.64
2024-11-07, 18:03:01, 136.55, 58.3, 23.0, 22.2, 9999.0, 9.61, 10.0, 21.75, 9999.0, 24.23, 9999.0, 117.8, 128.0, 120.25, 91.25, 138.61
2024-11-07, 18:03:05, 136.55, 58.3, 23.0, 22.2, 9999.0, 9.61, 10.0, 21.73, 9999.0, 24.25, 9999.0, 117.77, 128.0, 120.25, 91.25, 138.59
2024-11-07, 18:03:09, 136.57, 58.27, 23.0, 22.2, 9999.0, 9.61, 10.0, 21.73, 9999.0, 24.25, 9999.0, 117.77, 128.0, 120.25, 91.25, 138.57
2024-11-07, 18:03:13, 136.59, 58.27, 23.0, 22.23, 9999.0, 9.61, 10.0, 21.73, 9999.0, 24.23, 9999.0, 117.73, 128.0, 120.25, 91.25, 138.59
2024-11-07, 18:03:17, 136.59, 58.25, 23.0, 22.25, 9999.0, 9.61, 10.0, 21.73, 9999.0, 24.2, 9999.0, 117.7, 128.0, 120.25, 91.25, 138.57
2024-11-07, 18:03:21, 136.59, 58.25, 23.0, 22.25, 9999.0, 9.64, 10.0, 21.73, 9999.0, 24.18, 9999.0, 117.7, 128.0, 120.25, 91.25, 138.59
2024-11-07, 18:03:25, 136.59, 58.25, 23.0, 22.23, 9999.0, 9.64, 10.0, 21.73, 9999.0, 24.16, 9999.0, 117.7, 128.0, 120.25, 91.25, 138.59
2024-11-07, 18:03:29, 136.59, 58.25, 23.0, 22.2, 9999.0, 9.68, 10.0, 21.73, 9999.0, 24.14, 9999.0, 117.73, 128.0, 120.25, 91.25, 138.61
2024-11-07, 18:03:33, 136.61, 58.25, 23.0, 22.2, 9999.0, 9.7, 10.0, 21.73, 9999.0, 24.11, 9999.0, 117.75, 128.0, 120.25, 91.25, 138.64
2024-11-07, 18:03:37, 136.61, 58.25, 23.0, 22.2, 9999.0, 9.73, 10.0, 21.73, 9999.0, 24.09, 9999.0, 117.77, 128.0, 120.25, 91.25, 138.64
2024-11-07, 18:03:41, 136.59, 58.25, 23.0, 22.2, 9999.0, 9.75, 10.0, 21.73, 9999.0, 24.09, 9999.0, 117.8, 128.0, 120.25, 91.25, 138.64
2024-11-07, 18:03:45, 136.59, 58.25, 23.0, 22.2, 9999.0, 9.77, 10.0, 21.73, 9999.0, 24.07, 9999.0, 117.8, 128.0, 120.25, 91.25, 138.64
2024-11-07, 18:03:49, 136.59, 58.25, 23.0, 22.2, 9999.0, 9.77, 10.0, 21.75, 9999.0, 24.07, 9999.0, 117.8, 128.0, 120.25, 91.25, 138.64
2024-11-07, 18:03:53, 136.57, 58.27, 23.0, 22.2, 9999.0, 9.75, 10.0, 21.75, 9999.0, 24.07, 9999.0, 117.8, 128.0, 120.25, 91.25, 138.64
2024-11-07, 18:03:58, 136.57, 58.27, 23.0, 22.18, 9999.0, 9.75, 10.0, 21.75, 9999.0, 24.09, 9999.0, 117.82, 128.0, 120.25, 91.25, 138.61
2024-11-07, 18:04:02, 136.57, 58.27, 23.0, 22.18, 9999.0, 9.73, 10.0, 21.75, 9999.0, 24.11, 9999.0, 117.84, 128.0, 120.25, 91.25, 138.61
2024-11-07, 18:04:06, 136.57, 58.27, 23.0, 22.16, 9999.0, 9.73, 10.0, 21.73, 9999.0, 24.14, 9999.0, 117.84, 128.0, 120.25, 91.25, 138.59
2024-11-07, 18:04:10, 136.57, 58.3, 23.0, 22.16, 9999.0, 9.73, 10.0, 21.73, 9999.0, 24.16, 9999.0, 117.84, 128.0, 120.25, 91.25, 138.57
2024-11-07, 18:04:14, 136.57, 58.3, 23.0, 22.16, 9999.0, 9.68, 10.0, 21.73, 9999.0, 24.18, 9999.0, 117.82, 128.0, 120.25, 91.25, 138.57
2024-11-07, 18:04:18, 136.55, 58.3, 23.0, 22.14, 9999.0, 9.66, 10.0, 21.73, 9999.0, 24.18, 9999.0, 117.8, 128.0, 120.25, 91.25, 138.55
2024-11-07, 18:04:22, 136.55, 58.3, 23.0, 22.11, 9999.0, 9.66, 10.0, 21.73, 9999.0, 24.18, 9999.0, 117.77, 128.0, 120.25, 91.25, 138.55
2024-11-07, 18:04:26, 136.55, 58.3, 23.0, 22.09, 9999.0, 9.66, 10.0, 21.73, 9999.0, 24.16, 9999.0, 117.73, 128.0, 120.25, 91.25, 138.52
2024-11-07, 18:04:30, 136.55, 58.3, 23.0, 22.09, 9999.0, 9.66, 10.0, 21.73, 9999.0, 24.16, 9999.0, 117.7, 128.0, 120.25, 91.25, 138.52
2024-11-07, 18:04:34, 136.55, 58.32, 23.0, 22.09, 9999.0, 9.68, 10.0, 21.73, 9999.0, 24.14, 9999.0, 117.68, 128.0, 120.25, 91.25, 138.52
2024-11-07, 18:04:38, 136.55, 58.3, 23.0, 22.09, 9999.0, 9.73, 10.0, 21.73, 9999.0, 24.14, 9999.0, 117.66, 128.0, 120.25, 91.25, 138.52
2024-11-07, 18:04:42, 136.55, 58.32, 23.0, 22.11, 9999.0, 9.73, 10.0, 21.73, 9999.0, 24.11, 9999.0, 117.66, 128.0, 120.25, 91.25, 138.52
2024-11-07, 18:04:46, 136.52, 58.32, 23.0, 22.11, 9999.0, 9.75, 10.0, 21.73, 9999.0, 24.09, 9999.0, 117.66, 128.0, 120.25, 91.25, 138.52
2024-11-07, 18:04:50, 136.52, 58.34, 23.0, 22.14, 9999.0, 9.75, 10.0, 21.75, 9999.0, 24.07, 9999.0, 117.68, 128.0, 120.25, 91.25, 138.52
2024-11-07, 18:04:54, 136.52, 58.32, 23.0, 22.16, 9999.0, 9.75, 10.02, 21.75, 9999.0, 24.05, 9999.0, 117.7, 128.0, 120.25, 91.25, 138.52
2024-11-07, 18:04:58, 136.52, 58.34, 23.0, 22.18, 9999.0, 9.77, 10.02, 21.75, 9999.0, 24.02, 9999.0, 117.73, 128.0, 120.25, 91.25, 138.5
2024-11-07, 18:05:02, 136.52, 58.36, 23.0, 22.18, 9999.0, 9.8, 10.02, 21.75, 9999.0, 24.05, 9999.0, 117.75, 128.0, 120.25, 91.25, 138.5
2024-11-07, 18:05:06, 136.52, 58.39, 23.0, 22.2, 9999.0, 9.8, 10.02, 21.75, 9999.0, 24.05, 9999.0, 117.75, 128.0, 120.25, 91.25, 138.5
2024-11-07, 18:05:10, 136.52, 58.41, 23.0, 22.2, 9999.0, 9.8, 10.02, 21.75, 9999.0, 24.07, 9999.0, 117.77, 128.0, 120.25, 91.25, 138.5
2024-11-07, 18:05:14, 136.52, 58.41, 23.0, 22.2, 9999.0, 9.8, 10.02, 21.75, 9999.0, 24.11, 9999.0, 117.8, 128.0, 120.25, 91.25, 138.5
2024-11-07, 18:05:18, 136.52, 58.39, 23.0, 22.18, 9999.0, 9.75, 10.02, 21.75, 9999.0, 24.14, 9999.0, 117.82, 128.0, 120.25, 91.25, 138.5
2024-11-07, 18:05:22, 136.55, 58.41, 23.0, 22.16, 9999.0, 9.7, 10.02, 21.75, 9999.0, 24.16, 9999.0, 117.84, 128.0, 120.25, 91.25, 138.5
2024-11-07, 18:05:26, 136.52, 58.39, 23.0, 22.14, 9999.0, 9.68, 10.02, 21.75, 9999.0, 24.2, 9999.0, 117.84, 127.98, 120.25, 91.25, 138.5
2024-11-07, 18:05:30, 136.52, 58.39, 23.0, 22.14, 9999.0, 9.66, 10.02, 21.75, 9999.0, 24.23, 9999.0, 117.84, 127.98, 120.25, 91.25, 138.5
2024-11-07, 18:05:34, 136.52, 58.36, 23.0, 22.11, 9999.0, 9.64, 10.02, 21.75, 9999.0, 24.25, 9999.0, 117.82, 127.98, 120.25, 91.25, 138.5
2024-11-07, 18:05:38, 136.52, 58.39, 23.0, 22.09, 9999.0, 9.61, 10.0, 21.75, 9999.0, 24.25, 9999.0, 117.77, 127.95, 120.25, 91.25, 138.5
2024-11-07, 18:05:42, 136.52, 58.36, 23.0, 22.07, 9999.0, 9.61, 10.0, 21.75, 9999.0, 24.25, 9999.0, 117.73, 127.95, 120.25, 91.25, 138.5
2024-11-07, 18:05:46, 136.52, 58.34, 23.0, 22.07, 9999.0, 9.61, 10.0, 21.75, 9999.0, 24.25, 9999.0, 117.68, 127.95, 120.25, 91.25, 138.5
2024-11-07, 18:05:50, 136.52, 58.34, 23.0, 22.05, 9999.0, 9.61, 10.0, 21.75, 9999.0, 24.27, 9999.0, 117.66, 127.95, 120.25, 91.25, 138.5
2024-11-07, 18:05:54, 136.52, 58.32, 23.0, 22.05, 9999.0, 9.61, 10.0, 21.75, 9999.0, 24.27, 9999.0, 117.64, 127.95, 120.25, 91.25, 138.5
2024-11-07, 18:05:58, 136.52, 58.32, 23.0, 22.02, 9999.0, 9.61, 10.0, 21.75, 9999.0, 24.23, 9999.0, 117.64, 127.95, 120.25, 91.25, 138.5
2024-11-07, 18:06:02, 136.52, 58.32, 23.0, 22.05, 9999.0, 9.64, 10.0, 21.75, 9999.0, 24.2, 9999.0, 117.64, 127.93, 120.25, 91.25, 138.5
2024-11-07, 18:06:06, 136.5, 58.3, 23.0, 22.05, 9999.0, 9.66, 10.0, 21.75, 9999.0, 24.16, 9999.0, 117.64, 127.93, 120.25, 91.25, 138.5
2024-11-07, 18:06:10, 136.52, 58.3, 23.0, 22.07, 9999.0, 9.68, 10.0, 21.75, 9999.0, 24.11, 9999.0, 117.66, 127.95, 120.25, 91.25, 138.5
2024-11-07, 18:06:14, 136.52, 58.3, 23.0, 22.07, 9999.0, 9.7, 10.0, 21.75, 9999.0, 24.09, 9999.0, 117.68, 127.95, 120.25, 91.25, 138.5
2024-11-07, 18:06:18, 136.52, 58.32, 23.0, 22.09, 9999.0, 9.73, 10.0, 21.75, 9999.0, 24.09, 9999.0, 117.7, 127.95, 120.25, 91.25, 138.52
2024-11-07, 18:06:22, 136.52, 58.3, 23.0, 22.09, 9999.0, 9.75, 10.0, 21.75, 9999.0, 24.11, 9999.0, 117.73, 127.98, 120.25, 91.25, 138.52
2024-11-07, 18:06:26, 136.55, 58.3, 23.0, 22.09, 9999.0, 9.75, 10.0, 21.75, 9999.0, 24.14, 9999.0, 117.75, 127.98, 120.25, 91.25, 138.52
2024-11-07, 18:06:30, 136.55, 58.3, 23.0, 22.09, 9999.0, 9.73, 10.0, 21.75, 9999.0, 24.16, 9999.0, 117.77, 127.98, 120.25, 91.25, 138.52
2024-11-07, 18:06:34, 136.55, 58.27, 23.0, 22.11, 9999.0, 9.7, 10.0, 21.75, 9999.0, 24.18, 9999.0, 117.8, 127.98, 120.25, 91.25, 138.52
2024-11-07, 18:06:38, 136.55, 58.27, 23.0, 22.14, 9999.0, 9.68, 10.0, 21.75, 9999.0, 24.2, 9999.0, 117.82, 127.98, 120.25, 91.25, 138.52
2024-11-07, 18:06:42, 136.55, 58.27, 23.0, 22.16, 9999.0, 9.68, 10.0, 21.75, 9999.0, 24.23, 9999.0, 117.82, 127.98, 120.25, 91.25, 138.52
2024-11-07, 18:06:46, 136.55, 58.27, 23.0, 22.16, 9999.0, 9.66, 10.0, 21.75, 9999.0, 24.27, 9999.0, 117.82, 128.0, 120.25, 91.25, 138.52
2024-11-07, 18:06:50, 136.55, 58.27, 23.0, 22.18, 9999.0, 9.64, 10.0, 21.75, 9999.0, 24.3, 9999.0, 117.82, 128.0, 120.25, 91.25, 138.52
2024-11-07, 18:06:54, 136.52, 58.27, 23.0, 22.16, 9999.0, 9.61, 10.0, 21.75, 9999.0, 24.32, 9999.0, 117.8, 128.0, 120.25, 91.25, 138.52
2024-11-07, 18:06:58, 136.52, 58.27, 23.0, 22.14, 9999.0, 9.61, 10.0, 21.75, 9999.0, 24.32, 9999.0, 117.77, 128.0, 120.25, 91.25, 138.52
2024-11-07, 18:07:02, 136.52, 58.25, 23.0, 22.14, 9999.0, 9.61, 10.0, 21.75, 9999.0, 24.3, 9999.0, 117.75, 128.0, 120.25, 91.25, 138.5
2024-11-07, 18:07:06, 136.52, 58.27, 23.0, 22.14, 9999.0, 9.61, 10.0, 21.75, 9999.0, 24.27, 9999.0, 117.73, 128.0, 120.25, 91.25, 138.5
2024-11-07, 18:07:10, 136.5, 58.3, 23.0, 22.14, 9999.0, 9.64, 10.0, 21.75, 9999.0, 24.25, 9999.0, 117.7, 127.98, 120.25, 91.25, 138.5
2024-11-07, 18:07:14, 136.5, 58.3, 23.0, 22.16, 9999.0, 9.68, 10.0, 21.75, 9999.0, 24.2, 9999.0, 117.68, 127.98, 120.25, 91.25, 138.5
2024-11-07, 18:07:18, 136.5, 58.32, 23.0, 22.14, 9999.0, 9.73, 10.0, 21.75, 9999.0, 24.16, 9999.0, 117.68, 127.95, 120.25, 91.25, 138.5
2024-11-07, 18:07:23, 136.5, 58.32, 23.0, 22.11, 9999.0, 9.75, 10.0, 21.75, 9999.0, 24.11, 9999.0, 117.68, 127.93, 120.25, 91.25, 138.5
2024-11-07, 18:07:27, 136.5, 58.32, 23.0, 22.09, 9999.0, 9.75, 10.0, 21.75, 9999.0, 24.09, 9999.0, 117.7, 127.93, 120.25, 91.25, 138.5
2024-11-07, 18:07:31, 136.5, 58.32, 23.0, 22.09, 9999.0, 9.77, 10.0, 21.73, 9999.0, 24.05, 9999.0, 117.73, 127.93, 120.25, 91.25, 138.5
2024-11-07, 18:07:35, 136.5, 58.32, 23.0, 22.09, 9999.0, 9.8, 10.0, 21.7, 9999.0, 24.02, 9999.0, 117.75, 127.93, 120.25, 91.25, 138.5
2024-11-07, 18:07:39, 136.5, 58.34, 23.0, 22.09, 9999.0, 9.82, 10.0, 21.7, 9999.0, 24.02, 9999.0, 117.77, 127.93, 120.25, 91.25, 138.5
2024-11-07, 18:07:43, 136.52, 58.34, 23.0, 22.09, 9999.0, 9.82, 10.0, 21.7, 9999.0, 24.05, 9999.0, 117.77, 127.93, 120.25, 91.25, 138.5
2024-11-07, 18:07:47, 136.55, 58.34, 23.0, 22.07, 9999.0, 9.8, 10.0, 21.7, 9999.0, 24.07, 9999.0, 117.77, 127.93, 120.25, 91.25, 138.5
2024-11-07, 18:07:51, 136.57, 58.32, 23.0, 22.07, 9999.0, 9.8, 10.0, 21.7, 9999.0, 24.09, 9999.0, 117.8, 127.93, 120.25, 91.25, 138.5
2024-11-07, 18:07:55, 136.59, 58.3, 23.0, 22.07, 9999.0, 9.77, 10.0, 21.7, 9999.0, 24.11, 9999.0, 117.82, 127.95, 120.25, 91.25, 138.5
2024-11-07, 18:07:59, 136.59, 58.3, 23.0, 22.05, 9999.0, 9.73, 10.0, 21.7, 9999.0, 24.14, 9999.0, 117.84, 127.95, 120.25, 91.25, 138.5
2024-11-07, 18:08:03, 136.59, 58.27, 23.0, 22.07, 9999.0, 9.68, 10.0, 21.7, 9999.0, 24.14, 9999.0, 117.84, 127.98, 120.25, 91.25, 138.5
2024-11-07, 18:08:07, 136.59, 58.27, 23.0, 22.07, 9999.0, 9.66, 10.0, 21.68, 9999.0, 24.16, 9999.0, 117.84, 128.0, 120.25, 91.25, 138.5
2024-11-07, 18:08:11, 136.61, 58.27, 23.0, 22.07, 9999.0, 9.64, 10.0, 21.68, 9999.0, 24.16, 9999.0, 117.82, 128.0, 120.25, 91.25, 138.5
2024-11-07, 18:08:15, 136.61, 58.27, 23.0, 22.05, 9999.0, 9.61, 10.0, 21.7, 9999.0, 24.16, 9999.0, 117.77, 128.0, 120.25, 91.25, 138.5
2024-11-07, 18:08:19, 136.61, 58.27, 23.0, 22.05, 9999.0, 9.61, 10.0, 21.7, 9999.0, 24.16, 9999.0, 117.73, 128.0, 120.25, 91.25, 138.5
2024-11-07, 18:08:23, 136.61, 58.25, 23.0, 22.07, 9999.0, 9.61, 10.0, 21.7, 9999.0, 24.14, 9999.0, 117.68, 128.0, 120.25, 91.25, 138.5
2024-11-07, 18:08:27, 136.59, 58.25, 23.0, 22.07, 9999.0, 9.61, 10.0, 21.7, 9999.0, 24.11, 9999.0, 117.66, 128.0, 120.25, 91.25, 138.5
2024-11-07, 18:08:31, 136.57, 58.25, 23.0, 22.07, 9999.0, 9.66, 10.0, 21.68, 9999.0, 24.09, 9999.0, 117.64, 128.0, 120.25, 91.25, 138.5
2024-11-07, 18:08:35, 136.55, 58.27, 23.0, 22.07, 9999.0, 9.66, 10.0, 21.68, 9999.0, 24.07, 9999.0, 117.64, 128.0, 120.25, 91.25, 138.5
2024-11-07, 18:08:39, 136.52, 58.3, 23.0, 22.07, 9999.0, 9.66, 10.0, 21.68, 9999.0, 24.05, 9999.0, 117.64, 128.0, 120.25, 91.25, 138.5
2024-11-07, 18:08:43, 136.52, 58.3, 23.0, 22.07, 9999.0, 9.68, 10.0, 21.68, 9999.0, 24.02, 9999.0, 117.64, 128.0, 120.25, 91.25, 138.5
2024-11-07, 18:08:47, 136.52, 58.32, 23.0, 22.05, 9999.0, 9.7, 10.0, 21.68, 9999.0, 24.02, 9999.0, 117.66, 128.0, 120.25, 91.25, 138.5
2024-11-07, 18:08:51, 136.52, 58.32, 22.98, 22.05, 9999.0, 9.73, 10.0, 21.7, 9999.0, 23.98, 9999.0, 117.68, 128.0, 120.25, 91.25, 138.5
2024-11-07, 18:08:55, 136.5, 58.32, 22.98, 22.05, 9999.0, 9.75, 10.0, 21.7, 9999.0, 23.98, 9999.0, 117.7, 128.0, 120.25, 91.25, 138.5
2024-11-07, 18:08:59, 136.5, 58.34, 22.98, 22.07, 9999.0, 9.77, 10.0, 21.7, 9999.0, 23.98, 9999.0, 117.73, 128.0, 120.25, 91.25, 138.5
2024-11-07, 18:09:03, 136.5, 58.34, 22.98, 22.05, 9999.0, 9.77, 10.0, 21.73, 9999.0, 24.0, 9999.0, 117.75, 128.0, 120.25, 91.25, 138.5
2024-11-07, 18:09:07, 136.5, 58.34, 22.98, 22.02, 9999.0, 9.75, 10.0, 21.73, 9999.0, 24.02, 9999.0, 117.77, 128.0, 120.25, 91.25, 138.5
2024-11-07, 18:09:11, 136.5, 58.36, 22.98, 22.02, 9999.0, 9.75, 10.0, 21.73, 9999.0, 24.05, 9999.0, 117.8, 128.0, 120.25, 91.25, 138.5
2024-11-07, 18:09:15, 136.5, 58.36, 22.98, 22.02, 9999.0, 9.7, 10.0, 21.75, 9999.0, 24.07, 9999.0, 117.82, 128.0, 120.25, 91.25, 138.5
2024-11-07, 18:09:19, 136.5, 58.36, 22.98, 22.02, 9999.0, 9.68, 10.0, 21.75, 9999.0, 24.09, 9999.0, 117.82, 128.0, 120.25, 91.25, 138.5
2024-11-07, 18:09:23, 136.52, 58.34, 22.98, 22.02, 9999.0, 9.66, 10.0, 21.75, 9999.0, 24.11, 9999.0, 117.82, 128.0, 120.25, 91.25, 138.5
2024-11-07, 18:09:27, 136.52, 58.34, 22.98, 22.02, 9999.0, 9.64, 10.0, 21.73, 9999.0, 24.14, 9999.0, 117.82, 128.0, 120.25, 91.25, 138.5
2024-11-07, 18:09:31, 136.52, 58.32, 22.98, 22.02, 9999.0, 9.61, 10.0, 21.73, 9999.0, 24.14, 9999.0, 117.8, 128.0, 120.25, 91.25, 138.5
2024-11-07, 18:09:35, 136.52, 58.34, 23.0, 22.02, 9999.0, 9.59, 10.0, 21.73, 9999.0, 24.16, 9999.0, 117.77, 127.98, 120.25, 91.25, 138.5
2024-11-07, 18:09:39, 136.52, 58.36, 23.0, 22.02, 9999.0, 9.59, 10.0, 21.73, 9999.0, 24.16, 9999.0, 117.73, 127.98, 120.25, 91.25, 138.5
2024-11-07, 18:09:43, 136.52, 58.34, 23.0, 22.0, 9999.0, 9.57, 10.0, 21.73, 9999.0, 24.16, 9999.0, 117.7, 127.98, 120.25, 91.25, 138.5
2024-11-07, 18:09:47, 136.52, 58.34, 23.0, 22.02, 9999.0, 9.59, 10.0, 21.73, 9999.0, 24.14, 9999.0, 117.68, 127.98, 120.25, 91.25, 138.5
2024-11-07, 18:09:51, 136.52, 58.36, 23.0, 22.02, 9999.0, 9.61, 10.0, 21.73, 9999.0, 24.11, 9999.0, 117.66, 127.98, 120.25, 91.25, 138.5
2024-11-07, 18:09:55, 136.52, 58.34, 23.0, 22.02, 9999.0, 9.61, 10.0, 21.73, 9999.0, 24.07, 9999.0, 117.66, 127.98, 120.25, 91.25, 138.5
2024-11-07, 18:09:59, 136.52, 58.36, 23.0, 22.05, 9999.0, 9.64, 10.0, 21.73, 9999.0, 24.02, 9999.0, 117.66, 127.98, 120.25, 91.25, 138.5
2024-11-07, 18:10:03, 136.52, 58.34, 23.0, 22.05, 9999.0, 9.66, 10.0, 21.73, 9999.0, 23.98, 9999.0, 117.68, 127.98, 120.25, 91.25, 138.5
2024-11-07, 18:10:07, 136.5, 58.34, 23.0, 22.05, 9999.0, 9.68, 10.0, 21.73, 9999.0, 23.93, 9999.0, 117.7, 127.98, 120.25, 91.25, 138.5
2024-11-07, 18:10:11, 136.52, 58.34, 23.0, 22.07, 9999.0, 9.7, 10.0, 21.75, 9999.0, 23.91, 9999.0, 117.73, 127.98, 120.25, 91.25, 138.5
2024-11-07, 18:10:15, 136.55, 58.36, 23.0, 22.07, 9999.0, 9.73, 10.0, 21.75, 9999.0, 23.91, 9999.0, 117.75, 127.98, 120.25, 91.25, 138.5
2024-11-07, 18:10:19, 136.55, 58.34, 23.0, 22.07, 9999.0, 9.75, 10.0, 21.75, 9999.0, 23.91, 9999.0, 117.75, 128.0, 120.25, 91.25, 138.5
2024-11-07, 18:10:23, 136.55, 58.32, 23.0, 22.09, 9999.0, 9.75, 10.0, 21.75, 9999.0, 23.91, 9999.0, 117.77, 128.0, 120.25, 91.25, 138.5
2024-11-07, 18:10:27, 136.57, 58.32, 23.0, 22.11, 9999.0, 9.75, 10.0, 21.75, 9999.0, 23.91, 9999.0, 117.8, 128.0, 120.25, 91.25, 138.5
2024-11-07, 18:10:31, 136.57, 58.32, 23.0, 22.11, 9999.0, 9.73, 10.0, 21.75, 9999.0, 23.91, 9999.0, 117.82, 128.0, 120.25, 91.25, 138.5
2024-11-07, 18:10:35, 136.57, 58.32, 23.0, 22.14, 9999.0, 9.7, 10.0, 21.75, 9999.0, 23.91, 9999.0, 117.84, 128.0, 120.25, 91.25, 138.5
2024-11-07, 18:10:42, 136.57, 58.32, 23.0, 22.14, 9999.0, 9.68, 10.0, 21.75, 9999.0, 23.93, 9999.0, 117.84, 128.0, 120.25, 91.25, 138.5
2024-11-07, 18:10:46, 136.57, 58.3, 23.0, 22.11, 9999.0, 9.66, 10.0, 21.75, 9999.0, 23.95, 9999.0, 117.84, 128.0, 120.25, 91.25, 138.5
2024-11-07, 18:10:50, 136.57, 58.3, 23.0, 22.11, 9999.0, 9.64, 10.0, 21.73, 9999.0, 23.98, 9999.0, 117.82, 128.0, 120.25, 91.25, 138.5
2024-11-07, 18:10:54, 136.57, 58.3, 23.0, 22.11, 9999.0, 9.61, 10.0, 21.73, 9999.0, 24.0, 9999.0, 117.8, 128.0, 120.25, 91.25, 138.5
2024-11-07, 18:10:58, 136.55, 58.3, 23.0, 22.09, 9999.0, 9.61, 10.0, 21.73, 9999.0, 24.0, 9999.0, 117.75, 128.0, 120.25, 91.25, 138.5
2024-11-07, 18:11:02, 136.52, 58.3, 23.0, 22.09, 9999.0, 9.61, 10.0, 21.73, 9999.0, 24.0, 9999.0, 117.7, 128.0, 120.25, 91.25, 138.5
2024-11-07, 18:11:06, 136.52, 58.32, 23.0, 22.09, 9999.0, 9.61, 10.0, 21.73, 9999.0, 24.0, 9999.0, 117.7, 128.0, 120.25, 91.25, 138.5
2024-11-07, 18:11:10, 136.52, 58.32, 23.0, 22.07, 9999.0, 9.64, 10.0, 21.7, 9999.0, 24.0, 9999.0, 117.68, 128.0, 120.25, 91.25, 138.5
2024-11-07, 18:11:14, 136.5, 58.32, 23.0, 22.05, 9999.0, 9.68, 10.0, 21.7, 9999.0, 24.0, 9999.0, 117.68, 128.0, 120.25, 91.25, 138.5
2024-11-07, 18:11:18, 136.52, 58.32, 23.0, 22.02, 9999.0, 9.68, 10.0, 21.7, 9999.0, 23.98, 9999.0, 117.68, 128.0, 120.25, 91.25, 138.5
2024-11-07, 18:11:22, 136.52, 58.3, 23.0, 22.0, 9999.0, 9.7, 10.0, 21.7, 9999.0, 23.95, 9999.0, 117.68, 128.0, 120.25, 91.25, 138.5
2024-11-07, 18:11:26, 136.52, 58.3, 23.0, 22.0, 9999.0, 9.73, 10.0, 21.7, 9999.0, 23.93, 9999.0, 117.7, 128.0, 120.25, 91.25, 138.5
2024-11-07, 18:11:30, 136.52, 58.3, 23.0, 22.0, 9999.0, 9.75, 10.0, 21.7, 9999.0, 23.91, 9999.0, 117.73, 128.0, 120.25, 91.25, 138.5
2024-11-07, 18:11:34, 136.52, 58.32, 23.0, 22.0, 9999.0, 9.77, 10.0, 21.73, 9999.0, 23.91, 9999.0, 117.73, 127.98, 120.25, 91.25, 138.5
2024-11-07, 18:11:38, 136.52, 58.32, 23.0, 22.0, 9999.0, 9.8, 10.0, 21.7, 9999.0, 23.91, 9999.0, 117.73, 127.98, 120.25, 91.25, 138.5
2024-11-07, 18:11:42, 136.52, 58.32, 23.0, 22.0, 9999.0, 9.77, 10.0, 21.7, 9999.0, 23.91, 9999.0, 117.75, 127.98, 120.25, 91.25, 138.5
2024-11-07, 18:11:46, 136.52, 58.32, 22.98, 22.02, 9999.0, 9.75, 10.0, 21.7, 9999.0, 23.91, 9999.0, 117.77, 127.98, 120.25, 91.25, 138.5
2024-11-07, 18:11:50, 136.55, 58.3, 22.98, 22.05, 9999.0, 9.73, 10.0, 21.7, 9999.0, 23.91, 9999.0, 117.77, 127.98, 120.25, 91.25, 138.5
2024-11-07, 18:11:54, 136.55, 58.3, 22.98, 22.05, 9999.0, 9.7, 10.0, 21.73, 9999.0, 23.93, 9999.0, 117.8, 127.98, 120.25, 91.25, 138.5
2024-11-07, 18:11:58, 136.55, 58.3, 22.98, 22.05, 9999.0, 9.66, 10.0, 21.73, 9999.0, 23.95, 9999.0, 117.8, 127.98, 120.25, 91.25, 138.5
2024-11-07, 18:12:02, 136.52, 58.32, 22.98, 22.05, 9999.0, 9.64, 10.0, 21.73, 9999.0, 23.98, 9999.0, 117.8, 127.98, 120.25, 91.25, 138.5
2024-11-07, 18:12:06, 136.52, 58.34, 22.98, 22.05, 9999.0, 9.61, 10.0, 21.73, 9999.0, 24.0, 9999.0, 117.8, 127.98, 120.25, 91.25, 138.5
2024-11-07, 18:12:10, 136.52, 58.34, 22.98, 22.05, 9999.0, 9.59, 10.0, 21.73, 9999.0, 24.02, 9999.0, 117.75, 127.98, 120.25, 91.25, 138.5
2024-11-07, 18:12:14, 136.52, 58.34, 22.98, 22.05, 9999.0, 9.57, 10.0, 21.7, 9999.0, 24.05, 9999.0, 117.7, 127.98, 120.25, 91.25, 138.5
2024-11-07, 18:12:18, 136.52, 58.32, 22.98, 22.07, 9999.0, 9.57, 10.0, 21.7, 9999.0, 24.05, 9999.0, 117.68, 128.0, 120.25, 91.25, 138.5
2024-11-07, 18:12:22, 136.52, 58.32, 22.98, 22.09, 9999.0, 9.57, 10.0, 21.73, 9999.0, 24.05, 9999.0, 117.66, 128.0, 120.25, 91.25, 138.5
2024-11-07, 18:12:26, 136.52, 58.32, 22.98, 22.09, 9999.0, 9.61, 10.02, 21.73, 9999.0, 24.02, 9999.0, 117.66, 127.98, 120.25, 91.25, 138.5
2024-11-07, 18:12:30, 136.52, 58.3, 23.0, 22.07, 9999.0, 9.66, 10.02, 21.73, 9999.0, 24.0, 9999.0, 117.64, 127.98, 120.25, 91.25, 138.5
2024-11-07, 18:12:34, 136.52, 58.32, 23.0, 22.05, 9999.0, 9.68, 10.02, 21.7, 9999.0, 24.0, 9999.0, 117.64, 127.98, 120.25, 91.25, 138.5
2024-11-07, 18:12:38, 136.52, 58.32, 23.0, 22.05, 9999.0, 9.68, 10.02, 21.7, 9999.0, 23.95, 9999.0, 117.64, 127.98, 120.25, 91.23, 138.5
2024-11-07, 18:12:42, 136.52, 58.32, 23.0, 22.05, 9999.0, 9.7, 10.02, 21.68, 9999.0, 23.91, 9999.0, 117.66, 127.98, 120.25, 91.23, 138.5
2024-11-07, 18:12:46, 136.52, 58.3, 23.0, 22.05, 9999.0, 9.73, 10.02, 21.68, 9999.0, 23.91, 9999.0, 117.68, 127.98, 120.25, 91.23, 138.5
2024-11-07, 18:12:50, 136.52, 58.27, 23.0, 22.05, 9999.0, 9.75, 10.02, 21.68, 9999.0, 23.91, 9999.0, 117.7, 127.98, 120.25, 91.23, 138.5
2024-11-07, 18:12:54, 136.52, 58.27, 23.0, 22.07, 9999.0, 9.77, 10.02, 21.68, 9999.0, 23.91, 9999.0, 117.73, 127.98, 120.25, 91.23, 138.5
2024-11-07, 18:12:58, 136.52, 58.27, 23.0, 22.09, 9999.0, 9.8, 10.02, 21.68, 9999.0, 23.91, 9999.0, 117.75, 127.95, 120.25, 91.23, 138.5
2024-11-07, 18:13:02, 136.52, 58.27, 23.0, 22.07, 9999.0, 9.8, 10.02, 21.68, 9999.0, 23.91, 9999.0, 117.8, 127.95, 120.25, 91.23, 138.5
2024-11-07, 18:13:06, 136.55, 58.3, 23.0, 22.07, 9999.0, 9.8, 10.02, 21.66, 9999.0, 23.93, 9999.0, 117.82, 127.95, 120.25, 91.23, 138.5
2024-11-07, 18:13:10, 136.55, 58.32, 23.0, 22.07, 9999.0, 9.75, 10.0, 21.64, 9999.0, 23.98, 9999.0, 117.82, 127.98, 120.25, 91.23, 138.5
2024-11-07, 18:13:14, 136.55, 58.34, 23.0, 22.09, 9999.0, 9.73, 10.0, 21.64, 9999.0, 24.0, 9999.0, 117.84, 127.98, 120.25, 91.23, 138.5
2024-11-07, 18:13:18, 136.52, 58.32, 23.0, 22.09, 9999.0, 9.7, 10.0, 21.66, 9999.0, 24.0, 9999.0, 117.84, 127.98, 120.25, 91.2, 138.5
2024-11-07, 18:13:22, 136.52, 58.32, 23.0, 22.11, 9999.0, 9.68, 10.0, 21.66, 9999.0, 24.05, 9999.0, 117.84, 127.98, 120.25, 91.23, 138.5
2024-11-07, 18:13:26, 136.52, 58.34, 23.0, 22.11, 9999.0, 9.66, 10.0, 21.66, 9999.0, 24.07, 9999.0, 117.8, 127.98, 120.25, 91.23, 138.5
2024-11-07, 18:13:31, 136.52, 58.34, 23.0, 22.14, 9999.0, 9.64, 10.0, 21.66, 9999.0, 24.07, 9999.0, 117.77, 127.98, 120.25, 91.23, 138.5
2024-11-07, 18:13:35, 136.52, 58.34, 23.0, 22.14, 9999.0, 9.64, 10.0, 21.64, 9999.0, 24.07, 9999.0, 117.73, 127.98, 120.25, 91.23, 138.5
2024-11-07, 18:13:39, 136.52, 58.36, 23.0, 22.11, 9999.0, 9.64, 10.0, 21.64, 9999.0, 24.07, 9999.0, 117.7, 127.98, 120.25, 91.2, 138.5
2024-11-07, 18:13:43, 136.52, 58.36, 23.0, 22.11, 9999.0, 9.64, 10.0, 21.66, 9999.0, 24.05, 9999.0, 117.68, 128.0, 120.25, 91.2, 138.52
2024-11-07, 18:13:47, 136.52, 58.36, 23.0, 22.11, 9999.0, 9.64, 10.0, 21.66, 9999.0, 24.02, 9999.0, 117.64, 127.98, 120.25, 91.2, 138.52
2024-11-07, 18:13:51, 136.5, 58.34, 23.0, 22.09, 9999.0, 9.66, 10.0, 21.68, 9999.0, 23.98, 9999.0, 117.64, 127.98, 120.25, 91.2, 138.52
2024-11-07, 18:13:55, 136.5, 58.32, 23.0, 22.09, 9999.0, 9.68, 10.0, 21.7, 9999.0, 23.93, 9999.0, 117.64, 127.98, 120.25, 91.2, 138.52
2024-11-07, 18:13:59, 136.5, 58.32, 23.0, 22.07, 9999.0, 9.68, 10.0, 21.7, 9999.0, 23.91, 9999.0, 117.64, 127.98, 120.25, 91.2, 138.52
2024-11-07, 18:14:03, 136.5, 58.34, 23.0, 22.07, 9999.0, 9.7, 10.0, 21.7, 9999.0, 23.89, 9999.0, 117.66, 127.98, 120.25, 91.23, 138.52
2024-11-07, 18:14:07, 136.5, 58.36, 23.0, 22.05, 9999.0, 9.73, 10.0, 21.7, 9999.0, 23.84, 9999.0, 117.68, 127.98, 120.25, 91.23, 138.52
2024-11-07, 18:14:11, 136.52, 58.34, 23.0, 22.05, 9999.0, 9.75, 10.0, 21.73, 9999.0, 23.84, 9999.0, 117.7, 127.98, 120.25, 91.23, 138.52
2024-11-07, 18:14:15, 136.55, 58.36, 23.0, 22.02, 9999.0, 9.77, 10.0, 21.7, 9999.0, 23.82, 9999.0, 117.73, 127.98, 120.25, 91.23, 138.52
2024-11-07, 18:14:19, 136.55, 58.39, 23.0, 22.02, 9999.0, 9.77, 10.0, 21.73, 9999.0, 23.8, 9999.0, 117.75, 127.98, 120.25, 91.23, 138.52
2024-11-07, 18:14:23, 136.55, 58.39, 23.0, 22.05, 9999.0, 9.77, 10.0, 21.7, 9999.0, 23.8, 9999.0, 117.8, 127.98, 120.25, 91.25, 138.52
2024-11-07, 18:14:27, 136.55, 58.39, 23.0, 22.02, 9999.0, 9.75, 10.0, 21.7, 9999.0, 23.82, 9999.0, 117.82, 127.98, 120.25, 91.25, 138.5
2024-11-07, 18:14:31, 136.55, 58.41, 23.0, 22.02, 9999.0, 9.73, 10.0, 21.7, 9999.0, 23.84, 9999.0, 117.84, 128.0, 120.25, 91.25, 138.5
2024-11-07, 18:14:35, 136.55, 58.41, 23.0, 22.02, 9999.0, 9.68, 10.0, 21.7, 9999.0, 23.86, 9999.0, 117.84, 128.0, 120.25, 91.25, 138.5
2024-11-07, 18:14:39, 136.55, 58.43, 23.0, 22.02, 9999.0, 9.66, 10.0, 21.7, 9999.0, 23.89, 9999.0, 117.84, 128.0, 120.25, 91.25, 138.5
2024-11-07, 18:14:43, 136.55, 58.41, 23.0, 22.02, 9999.0, 9.64, 10.0, 21.68, 9999.0, 23.91, 9999.0, 117.84, 128.0, 120.25, 91.25, 138.5
2024-11-07, 18:14:47, 136.55, 58.41, 23.0, 22.02, 9999.0, 9.61, 10.0, 21.68, 9999.0, 23.93, 9999.0, 117.8, 128.0, 120.25, 91.25, 138.5
2024-11-07, 18:14:51, 136.57, 58.41, 23.0, 22.02, 9999.0, 9.59, 10.0, 21.68, 9999.0, 23.95, 9999.0, 117.77, 128.0, 120.25, 91.25, 138.5
2024-11-07, 18:14:55, 136.55, 58.41, 23.0, 22.02, 9999.0, 9.57, 10.0, 21.68, 9999.0, 23.95, 9999.0, 117.77, 128.0, 120.25, 91.25, 138.5
2024-11-07, 18:14:59, 136.52, 58.39, 23.0, 22.02, 9999.0, 9.57, 10.0, 21.68, 9999.0, 23.98, 9999.0, 117.73, 128.0, 120.25, 91.25, 138.5
2024-11-07, 18:15:03, 136.52, 58.36, 22.98, 22.02, 9999.0, 9.59, 10.0, 21.68, 9999.0, 24.0, 9999.0, 117.7, 128.0, 120.25, 91.25, 138.5
2024-11-07, 18:15:07, 136.52, 58.36, 22.98, 22.0, 9999.0, 9.61, 10.0, 21.7, 9999.0, 24.0, 9999.0, 117.66, 128.0, 120.25, 91.25, 138.5
2024-11-07, 18:15:11, 136.52, 58.36, 22.98, 22.0, 9999.0, 9.64, 10.0, 21.68, 9999.0, 24.0, 9999.0, 117.66, 128.0, 120.25, 91.25, 138.5
2024-11-07, 18:15:15, 136.52, 58.34, 22.98, 22.02, 9999.0, 9.68, 10.0, 21.66, 9999.0, 23.98, 9999.0, 117.66, 127.98, 120.25, 91.25, 138.5
2024-11-07, 18:15:19, 136.52, 58.34, 22.98, 22.05, 9999.0, 9.7, 10.0, 21.66, 9999.0, 23.95, 9999.0, 117.68, 127.98, 120.25, 91.25, 138.5
2024-11-07, 18:15:23, 136.52, 58.32, 22.98, 22.05, 9999.0, 9.73, 10.0, 21.64, 9999.0, 23.95, 9999.0, 117.7, 127.98, 120.25, 91.25, 138.52
2024-11-07, 18:15:27, 136.52, 58.32, 22.98, 22.05, 9999.0, 9.75, 10.0, 21.66, 9999.0, 23.93, 9999.0, 117.73, 127.98, 120.25, 91.25, 138.52
2024-11-07, 18:15:31, 136.52, 58.32, 22.98, 22.05, 9999.0, 9.77, 10.0, 21.66, 9999.0, 23.93, 9999.0, 117.77, 127.98, 120.25, 91.25, 138.52
2024-11-07, 18:15:35, 136.52, 58.32, 22.98, 22.05, 9999.0, 9.8, 10.0, 21.66, 9999.0, 23.93, 9999.0, 117.77, 127.98, 120.25, 91.25, 138.52
2024-11-07, 18:15:39, 136.52, 58.34, 22.98, 22.07, 9999.0, 9.82, 10.0, 21.66, 9999.0, 23.95, 9999.0, 117.77, 127.98, 120.25, 91.25, 138.52
2024-11-07, 18:15:43, 136.52, 58.34, 22.98, 22.07, 9999.0, 9.82, 10.0, 21.68, 9999.0, 23.98, 9999.0, 117.8, 127.98, 120.25, 91.25, 138.52
2024-11-07, 18:15:47, 136.55, 58.34, 22.98, 22.07, 9999.0, 9.77, 10.0, 21.68, 9999.0, 24.0, 9999.0, 117.82, 127.98, 120.25, 91.25, 138.52
2024-11-07, 18:15:51, 136.55, 58.32, 22.98, 22.07, 9999.0, 9.75, 10.0, 21.68, 9999.0, 24.0, 9999.0, 117.84, 127.98, 120.25, 91.25, 138.52
2024-11-07, 18:15:55, 136.55, 58.32, 22.98, 22.07, 9999.0, 9.73, 10.0, 21.7, 9999.0, 24.0, 9999.0, 117.84, 127.98, 120.25, 91.25, 138.55
2024-11-07, 18:15:59, 136.57, 58.34, 22.98, 22.07, 9999.0, 9.68, 10.0, 21.73, 9999.0, 24.02, 9999.0, 117.84, 127.98, 120.25, 91.25, 138.55
2024-11-07, 18:16:03, 136.57, 58.34, 22.98, 22.05, 9999.0, 9.66, 10.0, 21.73, 9999.0, 24.05, 9999.0, 117.82, 127.98, 120.25, 91.25, 138.55
2024-11-07, 18:16:07, 136.57, 58.36, 22.98, 22.05, 9999.0, 9.64, 10.0, 21.75, 9999.0, 24.02, 9999.0, 117.8, 127.98, 120.25, 91.25, 138.52
2024-11-07, 18:16:11, 136.59, 58.39, 22.98, 22.05, 9999.0, 9.64, 10.0, 21.73, 9999.0, 24.02, 9999.0, 117.75, 127.98, 120.25, 91.25, 138.52
2024-11-07, 18:16:15, 136.59, 58.39, 22.98, 22.05, 9999.0, 9.64, 10.0, 21.7, 9999.0, 24.0, 9999.0, 117.73, 127.98, 120.25, 91.25, 138.52
2024-11-07, 18:16:19, 136.57, 58.36, 22.98, 22.05, 9999.0, 9.64, 10.0, 21.7, 9999.0, 23.98, 9999.0, 117.73, 127.98, 120.25, 91.25, 138.52
2024-11-07, 18:16:23, 136.57, 58.36, 22.98, 22.02, 9999.0, 9.66, 10.0, 21.7, 9999.0, 23.93, 9999.0, 117.7, 127.98, 120.25, 91.25, 138.52
2024-11-07, 18:16:27, 136.59, 58.39, 22.95, 22.02, 9999.0, 9.66, 10.0, 21.7, 9999.0, 23.89, 9999.0, 117.7, 127.98, 120.25, 91.25, 138.52
2024-11-07, 18:16:31, 136.57, 58.41, 22.98, 22.02, 9999.0, 9.7, 10.0, 21.68, 9999.0, 23.84, 9999.0, 117.7, 127.98, 120.25, 91.25, 138.52
2024-11-07, 18:16:35, 136.57, 58.41, 22.98, 22.02, 9999.0, 9.7, 10.0, 21.68, 9999.0, 23.82, 9999.0, 117.7, 127.98, 120.25, 91.25, 138.52
2024-11-07, 18:16:39, 136.57, 58.43, 22.98, 22.02, 9999.0, 9.73, 10.0, 21.68, 9999.0, 23.8, 9999.0, 117.73, 127.95, 120.25, 91.25, 138.5
2024-11-07, 18:16:43, 136.57, 58.43, 22.98, 22.0, 9999.0, 9.75, 10.0, 21.68, 9999.0, 23.77, 9999.0, 117.75, 127.98, 120.25, 91.25, 138.5
2024-11-07, 18:16:47, 136.57, 58.45, 22.98, 22.0, 9999.0, 9.77, 10.0, 21.68, 9999.0, 23.77, 9999.0, 117.77, 127.98, 120.25, 91.25, 138.5
2024-11-07, 18:16:51, 136.57, 58.45, 22.98, 22.02, 9999.0, 9.8, 10.0, 21.68, 9999.0, 23.77, 9999.0, 117.77, 127.95, 120.25, 91.25, 138.5
2024-11-07, 18:16:55, 136.55, 58.43, 22.98, 22.02, 9999.0, 9.8, 10.0, 21.7, 9999.0, 23.77, 9999.0, 117.82, 127.95, 120.25, 91.25, 138.5
2024-11-07, 18:16:59, 136.57, 58.41, 22.98, 22.02, 9999.0, 9.8, 10.0, 21.73, 9999.0, 23.8, 9999.0, 117.82, 127.95, 120.25, 91.25, 138.5
2024-11-07, 18:17:04, 136.57, 58.41, 22.98, 22.02, 9999.0, 9.8, 10.0, 21.73, 9999.0, 23.82, 9999.0, 117.82, 127.95, 120.25, 91.25, 138.5
2024-11-07, 18:17:08, 136.57, 58.39, 22.98, 22.02, 9999.0, 9.77, 10.0, 21.73, 9999.0, 23.84, 9999.0, 117.84, 127.95, 120.25, 91.25, 138.5
2024-11-07, 18:17:12, 136.55, 58.39, 22.98, 22.02, 9999.0, 9.75, 10.0, 21.73, 9999.0, 23.86, 9999.0, 117.84, 127.95, 120.25, 91.25, 138.5
2024-11-07, 18:17:16, 136.55, 58.39, 22.98, 22.02, 9999.0, 9.73, 10.0, 21.75, 9999.0, 23.89, 9999.0, 117.84, 127.95, 120.25, 91.25, 138.5
2024-11-07, 18:17:20, 136.55, 58.41, 22.98, 22.02, 9999.0, 9.7, 10.0, 21.75, 9999.0, 23.89, 9999.0, 117.84, 127.95, 120.25, 91.25, 138.5
2024-11-07, 18:17:24, 136.55, 58.39, 22.98, 22.02, 9999.0, 9.68, 10.0, 21.75, 9999.0, 23.91, 9999.0, 117.82, 127.98, 120.25, 91.25, 138.5
2024-11-07, 18:17:28, 136.52, 58.36, 22.98, 22.02, 9999.0, 9.66, 10.0, 21.75, 9999.0, 23.93, 9999.0, 117.77, 127.98, 120.25, 91.23, 138.5
2024-11-07, 18:17:32, 136.55, 58.34, 22.98, 22.02, 9999.0, 9.66, 10.0, 21.75, 9999.0, 23.91, 9999.0, 117.73, 127.98, 120.25, 91.23, 138.5
2024-11-07, 18:17:36, 136.55, 58.34, 22.98, 22.0, 9999.0, 9.66, 10.0, 21.75, 9999.0, 23.93, 9999.0, 117.73, 128.0, 120.25, 91.23, 138.52
2024-11-07, 18:17:40, 136.55, 58.34, 22.98, 22.0, 9999.0, 9.68, 10.0, 21.75, 9999.0, 23.93, 9999.0, 117.68, 128.0, 120.25, 91.23, 138.55
2024-11-07, 18:17:44, 136.52, 58.34, 22.98, 22.0, 9999.0, 9.7, 10.0, 21.73, 9999.0, 23.91, 9999.0, 117.66, 128.0, 120.25, 91.23, 138.55
2024-11-07, 18:17:48, 136.52, 58.36, 22.98, 22.0, 9999.0, 9.7, 10.0, 21.73, 9999.0, 23.89, 9999.0, 117.66, 128.0, 120.25, 91.23, 138.57
2024-11-07, 18:17:52, 136.52, 58.39, 22.98, 22.0, 9999.0, 9.73, 10.0, 21.73, 9999.0, 23.86, 9999.0, 117.66, 128.0, 120.25, 91.23, 138.57
2024-11-07, 18:17:56, 136.55, 58.39, 23.0, 22.0, 9999.0, 9.75, 10.0, 21.73, 9999.0, 23.84, 9999.0, 117.68, 128.0, 120.25, 91.23, 138.57
2024-11-07, 18:18:00, 136.55, 58.36, 23.0, 22.0, 9999.0, 9.75, 10.0, 21.73, 9999.0, 23.82, 9999.0, 117.7, 128.0, 120.25, 91.23, 138.57
2024-11-07, 18:18:04, 136.55, 58.34, 23.0, 22.0, 9999.0, 9.77, 10.0, 21.7, 9999.0, 23.82, 9999.0, 117.73, 128.0, 120.25, 91.23, 138.59
2024-11-07, 18:18:08, 136.55, 58.36, 23.0, 22.0, 9999.0, 9.8, 10.0, 21.7, 9999.0, 23.82, 9999.0, 117.75, 128.0, 120.25, 91.23, 138.59
2024-11-07, 18:18:12, 136.55, 58.39, 22.98, 22.0, 9999.0, 9.82, 10.0, 21.7, 9999.0, 23.82, 9999.0, 117.77, 128.0, 120.25, 91.25, 138.59
2024-11-07, 18:18:16, 136.52, 58.39, 22.95, 22.0, 9999.0, 9.82, 10.0, 21.7, 9999.0, 23.84, 9999.0, 117.82, 128.0, 120.25, 91.25, 138.59
2024-11-07, 18:18:20, 136.52, 58.39, 22.95, 22.0, 9999.0, 9.8, 10.0, 21.7, 9999.0, 23.84, 9999.0, 117.82, 128.0, 120.25, 91.25, 138.57
2024-11-07, 18:18:24, 136.52, 58.41, 22.95, 22.0, 9999.0, 9.77, 10.0, 21.7, 9999.0, 23.86, 9999.0, 117.84, 128.0, 120.25, 91.25, 138.55
2024-11-07, 18:18:28, 136.52, 58.41, 22.95, 22.0, 9999.0, 9.75, 10.0, 21.73, 9999.0, 23.89, 9999.0, 117.86, 128.0, 120.25, 91.25, 138.55
2024-11-07, 18:18:32, 136.52, 58.41, 22.95, 22.0, 9999.0, 9.75, 10.0, 21.73, 9999.0, 23.91, 9999.0, 117.86, 127.98, 120.25, 91.25, 138.52
2024-11-07, 18:18:36, 136.52, 58.39, 22.93, 22.0, 9999.0, 9.7, 10.0, 21.73, 9999.0, 23.93, 9999.0, 117.86, 127.98, 120.25, 91.25, 138.52
2024-11-07, 18:18:40, 136.5, 58.39, 22.93, 22.0, 9999.0, 9.68, 10.0, 21.7, 9999.0, 23.95, 9999.0, 117.84, 127.98, 120.25, 91.25, 138.52
2024-11-07, 18:18:44, 136.5, 58.41, 22.93, 22.0, 9999.0, 9.66, 10.0, 21.7, 9999.0, 23.98, 9999.0, 117.82, 127.95, 120.25, 91.25, 138.52
2024-11-07, 18:18:48, 136.5, 58.41, 22.93, 22.0, 9999.0, 9.66, 10.0, 21.73, 9999.0, 23.98, 9999.0, 117.8, 127.95, 120.25, 91.25, 138.5
2024-11-07, 18:18:52, 136.5, 58.39, 22.93, 22.0, 9999.0, 9.66, 10.0, 21.73, 9999.0, 23.95, 9999.0, 117.77, 127.95, 120.25, 91.25, 138.5
2024-11-07, 18:18:56, 136.5, 58.36, 22.95, 22.0, 9999.0, 9.66, 10.0, 21.73, 9999.0, 23.93, 9999.0, 117.75, 127.93, 120.25, 91.25, 138.5
2024-11-07, 18:19:00, 136.5, 58.39, 22.98, 22.0, 9999.0, 9.68, 10.0, 21.73, 9999.0, 23.91, 9999.0, 117.7, 127.93, 120.25, 91.25, 138.5
2024-11-07, 18:19:04, 136.52, 58.36, 22.95, 22.02, 9999.0, 9.7, 10.0, 21.73, 9999.0, 23.89, 9999.0, 117.7, 127.93, 120.25, 91.25, 138.5
2024-11-07, 18:19:08, 136.55, 58.36, 22.95, 22.02, 9999.0, 9.73, 10.0, 21.73, 9999.0, 23.86, 9999.0, 117.7, 127.93, 120.25, 91.25, 138.5
2024-11-07, 18:19:12, 136.55, 58.39, 22.93, 22.02, 9999.0, 9.73, 10.0, 21.73, 9999.0, 23.84, 9999.0, 117.73, 127.93, 120.25, 91.25, 138.5
2024-11-07, 18:19:16, 136.55, 58.39, 22.91, 22.02, 9999.0, 9.73, 10.0, 21.73, 9999.0, 23.82, 9999.0, 117.75, 127.95, 120.25, 91.25, 138.5
2024-11-07, 18:19:20, 136.55, 58.39, 22.93, 22.02, 9999.0, 9.75, 10.02, 21.73, 9999.0, 23.8, 9999.0, 117.77, 127.95, 120.25, 91.25, 138.5
2024-11-07, 18:19:24, 136.57, 58.39, 22.93, 22.02, 9999.0, 9.77, 10.05, 21.75, 9999.0, 23.77, 9999.0, 117.8, 127.95, 120.25, 91.25, 138.5
2024-11-07, 18:19:28, 136.59, 58.39, 22.93, 22.02, 9999.0, 9.8, 10.05, 21.75, 9999.0, 23.75, 9999.0, 117.82, 127.98, 120.25, 91.25, 138.5
2024-11-07, 18:19:32, 136.59, 58.41, 22.93, 22.02, 9999.0, 9.8, 10.05, 21.75, 9999.0, 23.75, 9999.0, 117.84, 127.98, 120.25, 91.25, 138.5
2024-11-07, 18:19:36, 136.59, 58.41, 22.93, 22.02, 9999.0, 9.77, 10.05, 21.75, 9999.0, 23.77, 9999.0, 117.86, 127.98, 120.25, 91.25, 138.5
2024-11-07, 18:19:40, 136.61, 58.43, 22.93, 22.02, 9999.0, 9.77, 10.05, 21.75, 9999.0, 23.8, 9999.0, 117.91, 128.0, 120.25, 91.25, 138.5
2024-11-07, 18:19:44, 136.61, 58.41, 22.93, 22.02, 9999.0, 9.75, 10.05, 21.75, 9999.0, 23.82, 9999.0, 117.93, 128.0, 120.25, 91.25, 138.5
2024-11-07, 18:19:48, 136.59, 58.41, 22.95, 22.0, 9999.0, 9.73, 10.05, 21.75, 9999.0, 23.84, 9999.0, 117.93, 128.0, 120.25, 91.25, 138.5
2024-11-07, 18:19:52, 136.57, 58.41, 22.93, 22.0, 9999.0, 9.68, 10.05, 21.75, 9999.0, 23.86, 9999.0, 117.93, 128.0, 120.25, 91.25, 138.52
2024-11-07, 18:19:56, 136.59, 58.39, 22.93, 22.0, 9999.0, 9.66, 10.05, 21.73, 9999.0, 23.89, 9999.0, 117.91, 128.0, 120.25, 91.25, 138.52
2024-11-07, 18:20:00, 136.59, 58.36, 22.95, 22.0, 9999.0, 9.64, 10.05, 21.73, 9999.0, 23.89, 9999.0, 117.89, 128.0, 120.25, 91.25, 138.55
2024-11-07, 18:20:04, 136.59, 58.36, 22.95, 22.0, 9999.0, 9.61, 10.02, 21.73, 9999.0, 23.89, 9999.0, 117.86, 128.0, 120.25, 91.25, 138.55
2024-11-07, 18:20:08, 136.57, 58.34, 22.95, 22.0, 9999.0, 9.61, 10.0, 21.7, 9999.0, 23.89, 9999.0, 117.84, 128.0, 120.25, 91.25, 138.55
2024-11-07, 18:20:12, 136.55, 58.32, 22.95, 22.0, 9999.0, 9.61, 10.0, 21.7, 9999.0, 23.89, 9999.0, 117.82, 128.0, 120.25, 91.25, 138.55
2024-11-07, 18:20:16, 136.55, 58.32, 22.95, 22.0, 9999.0, 9.64, 10.0, 21.7, 9999.0, 23.89, 9999.0, 117.77, 128.0, 120.25, 91.25, 138.55
2024-11-07, 18:20:20, 136.55, 58.32, 22.95, 22.0, 9999.0, 9.68, 10.0, 21.7, 9999.0, 23.86, 9999.0, 117.77, 128.0, 120.25, 91.25, 138.55
2024-11-07, 18:20:24, 136.52, 58.32, 22.95, 22.0, 9999.0, 9.68, 10.0, 21.7, 9999.0, 23.84, 9999.0, 117.75, 128.0, 120.25, 91.25, 138.55
2024-11-07, 18:20:38, 136.52, 58.32, 22.95, 22.0, 9999.0, 9.68, 10.0, 21.7, 9999.0, 23.82, 9999.0, 117.75, 127.98, 120.25, 91.25, 138.57
2024-11-07, 18:20:42, 136.55, 58.34, 22.95, 22.0, 9999.0, 9.7, 10.0, 21.7, 9999.0, 23.77, 9999.0, 117.77, 127.98, 120.25, 91.25, 138.57
2024-11-07, 18:20:46, 136.57, 58.34, 22.98, 22.0, 9999.0, 9.73, 10.0, 21.7, 9999.0, 23.73, 9999.0, 117.8, 127.98, 120.25, 91.25, 138.55
2024-11-07, 18:20:50, 136.55, 58.36, 23.0, 22.0, 9999.0, 9.75, 10.0, 21.73, 9999.0, 23.7, 9999.0, 117.82, 127.98, 120.25, 91.25, 138.55
2024-11-07, 18:20:54, 136.55, 58.39, 23.0, 22.0, 9999.0, 9.75, 10.0, 21.73, 9999.0, 23.7, 9999.0, 117.84, 127.98, 120.25, 91.25, 138.52
2024-11-07, 18:20:58, 136.55, 58.39, 23.0, 22.0, 9999.0, 9.75, 10.0, 21.7, 9999.0, 23.7, 9999.0, 117.84, 127.98, 120.25, 91.25, 138.52
2024-11-07, 18:21:02, 136.55, 58.39, 23.0, 22.0, 9999.0, 9.75, 10.0, 21.73, 9999.0, 23.73, 9999.0, 117.86, 127.98, 120.25, 91.25, 138.52
2024-11-07, 18:21:06, 136.55, 58.41, 23.0, 22.0, 9999.0, 9.75, 10.0, 21.73, 9999.0, 23.75, 9999.0, 117.86, 127.98, 120.25, 91.25, 138.52
2024-11-07, 18:21:10, 136.55, 58.39, 23.0, 22.0, 9999.0, 9.73, 10.0, 21.73, 9999.0, 23.75, 9999.0, 117.89, 127.98, 120.25, 91.25, 138.52
2024-11-07, 18:21:14, 136.55, 58.41, 23.0, 22.0, 9999.0, 9.7, 10.0, 21.73, 9999.0, 23.77, 9999.0, 117.86, 127.98, 120.25, 91.25, 138.55
2024-11-07, 18:21:18, 136.55, 58.39, 23.0, 22.02, 9999.0, 9.68, 10.0, 21.73, 9999.0, 23.8, 9999.0, 117.86, 127.98, 120.25, 91.25, 138.57
2024-11-07, 18:21:22, 136.57, 58.41, 23.0, 22.02, 9999.0, 9.66, 10.0, 21.73, 9999.0, 23.82, 9999.0, 117.86, 128.0, 120.25, 91.25, 138.55
2024-11-07, 18:21:26, 136.55, 58.41, 23.0, 22.02, 9999.0, 9.64, 10.0, 21.73, 9999.0, 23.84, 9999.0, 117.82, 128.0, 120.25, 91.25, 138.57
2024-11-07, 18:21:30, 136.52, 58.41, 23.0, 22.02, 9999.0, 9.61, 10.0, 21.73, 9999.0, 23.86, 9999.0, 117.8, 128.0, 120.25, 91.25, 138.59
2024-11-07, 18:21:34, 136.52, 58.39, 23.0, 22.02, 9999.0, 9.61, 10.0, 21.7, 9999.0, 23.86, 9999.0, 117.77, 128.0, 120.25, 91.25, 138.59
2024-11-07, 18:21:39, 136.52, 58.36, 23.0, 22.02, 9999.0, 9.64, 10.0, 21.7, 9999.0, 23.86, 9999.0, 117.75, 128.0, 120.25, 91.25, 138.61
2024-11-07, 18:21:43, 136.52, 58.36, 23.0, 22.02, 9999.0, 9.66, 10.0, 21.73, 9999.0, 23.86, 9999.0, 117.73, 128.0, 120.25, 91.25, 138.61
2024-11-07, 18:21:47, 136.52, 58.36, 23.0, 22.02, 9999.0, 9.68, 10.0, 21.73, 9999.0, 23.84, 9999.0, 117.7, 128.0, 120.25, 91.25, 138.61
2024-11-07, 18:21:51, 136.52, 58.34, 23.0, 22.02, 9999.0, 9.7, 10.0, 21.73, 9999.0, 23.82, 9999.0, 117.73, 128.0, 120.25, 91.25, 138.61
2024-11-07, 18:21:55, 136.52, 58.34, 23.0, 22.02, 9999.0, 9.7, 10.0, 21.73, 9999.0, 23.82, 9999.0, 117.75, 128.0, 120.25, 91.25, 138.61
2024-11-07, 18:21:59, 136.52, 58.32, 23.0, 22.02, 9999.0, 9.7, 10.0, 21.73, 9999.0, 23.8, 9999.0, 117.77, 128.0, 120.25, 91.25, 138.61
2024-11-07, 18:22:03, 136.52, 58.32, 23.0, 22.0, 9999.0, 9.73, 10.0, 21.73, 9999.0, 23.77, 9999.0, 117.8, 128.0, 120.25, 91.25, 138.59
2024-11-07, 18:22:07, 136.5, 58.3, 23.0, 22.0, 9999.0, 9.75, 10.0, 21.73, 9999.0, 23.73, 9999.0, 117.82, 128.0, 120.25, 91.25, 138.59
2024-11-07, 18:22:11, 136.52, 58.27, 23.0, 22.02, 9999.0, 9.77, 10.0, 21.73, 9999.0, 23.73, 9999.0, 117.86, 128.0, 120.25, 91.27, 138.57
2024-11-07, 18:22:15, 136.52, 58.27, 23.0, 22.02, 9999.0, 9.8, 10.0, 21.73, 9999.0, 23.73, 9999.0, 117.89, 128.0, 120.25, 91.27, 138.57
2024-11-07, 18:22:19, 136.52, 58.27, 23.0, 22.02, 9999.0, 9.8, 10.0, 21.75, 9999.0, 23.73, 9999.0, 117.91, 128.0, 120.25, 91.27, 138.57
2024-11-07, 18:22:23, 136.52, 58.27, 23.0, 22.02, 9999.0, 9.8, 10.0, 21.75, 9999.0, 23.75, 9999.0, 117.93, 128.0, 120.25, 91.27, 138.55
2024-11-07, 18:22:27, 136.52, 58.27, 23.0, 22.02, 9999.0, 9.8, 10.0, 21.75, 9999.0, 23.77, 9999.0, 117.98, 128.0, 120.25, 91.27, 138.57
2024-11-07, 18:22:31, 136.52, 58.27, 23.0, 22.02, 9999.0, 9.77, 10.0, 21.75, 9999.0, 23.77, 9999.0, 118.0, 128.0, 120.25, 91.27, 138.57
2024-11-07, 18:22:35, 136.52, 58.27, 23.0, 22.02, 9999.0, 9.73, 10.0, 21.75, 9999.0, 23.8, 9999.0, 117.98, 128.0, 120.25, 91.27, 138.59
2024-11-07, 18:22:39, 136.52, 58.27, 23.0, 22.02, 9999.0, 9.7, 10.0, 21.75, 9999.0, 23.8, 9999.0, 117.95, 128.0, 120.25, 91.27, 138.61
2024-11-07, 18:22:43, 136.52, 58.27, 23.0, 22.02, 9999.0, 9.68, 10.0, 21.75, 9999.0, 23.82, 9999.0, 117.93, 128.0, 120.25, 91.27, 138.61
2024-11-07, 18:22:47, 136.52, 58.27, 23.0, 22.02, 9999.0, 9.66, 10.0, 21.75, 9999.0, 23.84, 9999.0, 117.91, 128.0, 120.25, 91.27, 138.64
2024-11-07, 18:22:51, 136.55, 58.27, 23.0, 22.02, 9999.0, 9.64, 10.0, 21.75, 9999.0, 23.86, 9999.0, 117.89, 128.0, 120.25, 91.27, 138.64
2024-11-07, 18:22:55, 136.52, 58.27, 23.0, 22.0, 9999.0, 9.64, 10.0, 21.75, 9999.0, 23.86, 9999.0, 117.86, 128.0, 120.25, 91.25, 138.64
2024-11-07, 18:22:59, 136.52, 58.25, 23.0, 22.0, 9999.0, 9.64, 10.0, 21.75, 9999.0, 23.86, 9999.0, 117.84, 128.0, 120.25, 91.25, 138.64
2024-11-07, 18:23:03, 136.52, 58.25, 23.0, 22.0, 9999.0, 9.66, 10.0, 21.75, 9999.0, 23.86, 9999.0, 117.82, 128.0, 120.25, 91.25, 138.66
2024-11-07, 18:23:07, 136.52, 58.25, 23.0, 22.0, 9999.0, 9.68, 10.0, 21.75, 9999.0, 23.84, 9999.0, 117.8, 128.0, 120.25, 91.25, 138.66
2024-11-07, 18:23:11, 136.52, 58.27, 23.0, 22.0, 9999.0, 9.7, 10.0, 21.75, 9999.0, 23.82, 9999.0, 117.77, 128.0, 120.25, 91.25, 138.66
2024-11-07, 18:23:15, 136.52, 58.27, 22.98, 22.02, 9999.0, 9.7, 10.0, 21.75, 9999.0, 23.82, 9999.0, 117.75, 127.98, 120.25, 91.25, 138.68
2024-11-07, 18:23:19, 136.52, 58.27, 22.98, 22.02, 9999.0, 9.73, 10.0, 21.75, 9999.0, 23.8, 9999.0, 117.77, 127.98, 120.25, 91.25, 138.66
2024-11-07, 18:23:23, 136.52, 58.27, 22.98, 22.02, 9999.0, 9.75, 10.0, 21.75, 9999.0, 23.8, 9999.0, 117.8, 127.98, 120.25, 91.25, 138.64
2024-11-07, 18:23:27, 136.52, 58.27, 22.98, 22.05, 9999.0, 9.77, 10.0, 21.75, 9999.0, 23.77, 9999.0, 117.82, 127.98, 120.25, 91.25, 138.61
2024-11-07, 18:23:31, 136.52, 58.27, 22.98, 22.05, 9999.0, 9.8, 10.0, 21.75, 9999.0, 23.77, 9999.0, 117.84, 127.98, 120.25, 91.25, 138.61
2024-11-07, 18:23:35, 136.5, 58.27, 22.98, 22.07, 9999.0, 9.82, 10.0, 21.75, 9999.0, 23.8, 9999.0, 117.84, 127.98, 120.25, 91.25, 138.61
2024-11-07, 18:23:39, 136.5, 58.3, 22.98, 22.07, 9999.0, 9.82, 10.0, 21.75, 9999.0, 23.84, 9999.0, 117.86, 127.98, 120.25, 91.25, 138.64
2024-11-07, 18:23:43, 136.52, 58.3, 22.98, 22.09, 9999.0, 9.82, 10.0, 21.75, 9999.0, 23.89, 9999.0, 117.89, 127.98, 120.25, 91.25, 138.64
2024-11-07, 18:23:47, 136.52, 58.3, 22.98, 22.11, 9999.0, 9.8, 10.0, 21.75, 9999.0, 23.93, 9999.0, 117.89, 127.98, 120.25, 91.25, 138.64
2024-11-07, 18:23:51, 136.52, 58.3, 22.98, 22.11, 9999.0, 9.75, 10.0, 21.75, 9999.0, 23.95, 9999.0, 117.89, 127.98, 120.25, 91.25, 138.66
2024-11-07, 18:23:55, 136.52, 58.27, 22.98, 22.11, 9999.0, 9.7, 10.0, 21.75, 9999.0, 23.98, 9999.0, 117.89, 127.98, 120.25, 91.25, 138.64
2024-11-07, 18:23:59, 136.52, 58.27, 23.0, 22.09, 9999.0, 9.68, 10.0, 21.75, 9999.0, 24.02, 9999.0, 117.89, 128.0, 120.25, 91.25, 138.61
2024-11-07, 18:24:03, 136.52, 58.27, 23.0, 22.11, 9999.0, 9.66, 10.0, 21.75, 9999.0, 24.05, 9999.0, 117.86, 128.0, 120.25, 91.25, 138.61
2024-11-07, 18:24:07, 136.52, 58.3, 23.0, 22.11, 9999.0, 9.64, 10.0, 21.75, 9999.0, 24.09, 9999.0, 117.84, 128.0, 120.25, 91.25, 138.64
2024-11-07, 18:24:11, 136.55, 58.3, 23.0, 22.11, 9999.0, 9.64, 10.0, 21.73, 9999.0, 24.11, 9999.0, 117.82, 128.0, 120.25, 91.25, 138.64
2024-11-07, 18:24:15, 136.55, 58.3, 23.0, 22.14, 9999.0, 9.64, 10.0, 21.73, 9999.0, 24.11, 9999.0, 117.8, 128.0, 120.25, 91.25, 138.64
2024-11-07, 18:24:19, 136.55, 58.3, 23.0, 22.14, 9999.0, 9.64, 10.0, 21.73, 9999.0, 24.11, 9999.0, 117.8, 128.0, 120.25, 91.25, 138.64
2024-11-07, 18:24:23, 136.55, 58.27, 23.0, 22.14, 9999.0, 9.66, 10.0, 21.73, 9999.0, 24.09, 9999.0, 117.77, 128.0, 120.25, 91.25, 138.61
2024-11-07, 18:24:27, 136.52, 58.27, 23.0, 22.14, 9999.0, 9.68, 10.0, 21.73, 9999.0, 24.07, 9999.0, 117.75, 128.0, 120.25, 91.25, 138.59
2024-11-07, 18:24:31, 136.52, 58.27, 23.0, 22.11, 9999.0, 9.68, 10.0, 21.73, 9999.0, 24.05, 9999.0, 117.77, 128.0, 120.25, 91.25, 138.57
2024-11-07, 18:24:35, 136.52, 58.3, 22.98, 22.14, 9999.0, 9.7, 10.0, 21.73, 9999.0, 24.02, 9999.0, 117.8, 128.0, 120.25, 91.25, 138.55
2024-11-07, 18:24:39, 136.55, 58.32, 22.98, 22.14, 9999.0, 9.73, 10.0, 21.73, 9999.0, 24.0, 9999.0, 117.82, 128.0, 120.25, 91.25, 138.57
2024-11-07, 18:24:43, 136.55, 58.32, 22.98, 22.16, 9999.0, 9.75, 10.0, 21.73, 9999.0, 23.95, 9999.0, 117.84, 128.0, 120.25, 91.25, 138.57
2024-11-07, 18:24:47, 136.55, 58.32, 22.98, 22.14, 9999.0, 9.77, 10.0, 21.7, 9999.0, 23.95, 9999.0, 117.86, 128.0, 120.25, 91.25, 138.59
2024-11-07, 18:24:51, 136.55, 58.3, 22.98, 22.16, 9999.0, 9.8, 10.0, 21.7, 9999.0, 23.93, 9999.0, 117.89, 128.0, 120.25, 91.25, 138.59
2024-11-07, 18:24:55, 136.52, 58.3, 22.98, 22.16, 9999.0, 9.77, 10.0, 21.73, 9999.0, 23.93, 9999.0, 117.91, 128.0, 120.25, 91.25, 138.61
2024-11-07, 18:24:59, 136.52, 58.3, 22.98, 22.14, 9999.0, 9.77, 10.0, 21.73, 9999.0, 23.95, 9999.0, 117.93, 128.0, 120.27, 91.25, 138.59
2024-11-07, 18:25:03, 136.52, 58.3, 22.98, 22.14, 9999.0, 9.77, 10.0, 21.73, 9999.0, 23.98, 9999.0, 117.93, 128.0, 120.27, 91.25, 138.59
2024-11-07, 18:25:07, 136.52, 58.3, 22.98, 22.16, 9999.0, 9.73, 10.0, 21.73, 9999.0, 23.98, 9999.0, 117.95, 128.0, 120.27, 91.25, 138.61
2024-11-07, 18:25:11, 136.55, 58.3, 22.98, 22.14, 9999.0, 9.68, 10.0, 21.73, 9999.0, 23.98, 9999.0, 117.95, 128.0, 120.27, 91.25, 138.64
2024-11-07, 18:25:15, 136.55, 58.3, 22.98, 22.14, 9999.0, 9.66, 10.0, 21.7, 9999.0, 23.98, 9999.0, 117.93, 128.0, 120.27, 91.25, 138.64
2024-11-07, 18:25:19, 136.55, 58.3, 23.0, 22.14, 9999.0, 9.64, 10.0, 21.7, 9999.0, 24.0, 9999.0, 117.91, 128.0, 120.27, 91.25, 138.64
2024-11-07, 18:25:23, 136.52, 58.27, 23.0, 22.16, 9999.0, 9.61, 10.0, 21.68, 9999.0, 24.02, 9999.0, 117.89, 128.0, 120.27, 91.25, 138.61
2024-11-07, 18:25:28, 136.52, 58.27, 23.0, 22.14, 9999.0, 9.59, 10.0, 21.68, 9999.0, 24.05, 9999.0, 117.86, 128.0, 120.27, 91.25, 138.61
2024-11-07, 18:25:32, 136.52, 58.3, 23.0, 22.14, 9999.0, 9.59, 10.0, 21.7, 9999.0, 24.02, 9999.0, 117.84, 128.0, 120.27, 91.25, 138.61
2024-11-07, 18:25:36, 136.52, 58.3, 23.0, 22.14, 9999.0, 9.59, 10.0, 21.7, 9999.0, 24.0, 9999.0, 117.82, 128.0, 120.27, 91.25, 138.61
2024-11-07, 18:25:40, 136.52, 58.3, 23.0, 22.11, 9999.0, 9.61, 10.0, 21.7, 9999.0, 23.98, 9999.0, 117.8, 128.0, 120.27, 91.25, 138.61
2024-11-07, 18:25:44, 136.52, 58.3, 23.0, 22.11, 9999.0, 9.61, 10.0, 21.7, 9999.0, 23.93, 9999.0, 117.75, 128.0, 120.25, 91.25, 138.64
2024-11-07, 18:25:48, 136.52, 58.3, 23.0, 22.09, 9999.0, 9.61, 10.0, 21.7, 9999.0, 23.89, 9999.0, 117.75, 128.0, 120.25, 91.25, 138.64
2024-11-07, 18:25:52, 136.52, 58.3, 23.0, 22.09, 9999.0, 9.64, 10.0, 21.7, 9999.0, 23.86, 9999.0, 117.73, 128.0, 120.25, 91.25, 138.61
2024-11-07, 18:25:56, 136.5, 58.3, 23.0, 22.11, 9999.0, 9.66, 10.0, 21.7, 9999.0, 23.84, 9999.0, 117.75, 128.0, 120.25, 91.25, 138.59
2024-11-07, 18:26:00, 136.5, 58.3, 23.0, 22.11, 9999.0, 9.68, 10.0, 21.73, 9999.0, 23.82, 9999.0, 117.77, 128.0, 120.25, 91.25, 138.59
2024-11-07, 18:26:04, 136.52, 58.3, 23.0, 22.09, 9999.0, 9.7, 10.0, 21.73, 9999.0, 23.8, 9999.0, 117.8, 128.0, 120.25, 91.25, 138.59
2024-11-07, 18:26:08, 136.52, 58.3, 23.0, 22.09, 9999.0, 9.73, 10.0, 21.75, 9999.0, 23.8, 9999.0, 117.82, 128.0, 120.25, 91.25, 138.59
2024-11-07, 18:26:12, 136.52, 58.3, 23.0, 22.09, 9999.0, 9.75, 10.0, 21.75, 9999.0, 23.8, 9999.0, 117.84, 128.0, 120.25, 91.25, 138.59
2024-11-07, 18:26:16, 136.52, 58.27, 23.0, 22.09, 9999.0, 9.75, 10.0, 21.75, 9999.0, 23.84, 9999.0, 117.86, 128.0, 120.25, 91.25, 138.57
2024-11-07, 18:26:20, 136.55, 58.3, 23.0, 22.07, 9999.0, 9.75, 10.0, 21.75, 9999.0, 23.89, 9999.0, 117.89, 128.0, 120.25, 91.25, 138.55
2024-11-07, 18:26:24, 136.55, 58.3, 23.0, 22.07, 9999.0, 9.75, 10.0, 21.73, 9999.0, 23.93, 9999.0, 117.91, 128.0, 120.25, 91.25, 138.52
2024-11-07, 18:26:28, 136.55, 58.3, 23.0, 22.09, 9999.0, 9.73, 10.0, 21.7, 9999.0, 23.98, 9999.0, 117.93, 128.0, 120.25, 91.25, 138.5
2024-11-07, 18:26:32, 136.55, 58.3, 23.0, 22.11, 9999.0, 9.7, 10.0, 21.7, 9999.0, 24.0, 9999.0, 117.93, 128.0, 120.25, 91.25, 138.5
2024-11-07, 18:26:36, 136.55, 58.32, 23.0, 22.09, 9999.0, 9.68, 10.0, 21.7, 9999.0, 24.02, 9999.0, 117.93, 128.0, 120.25, 91.25, 138.5
2024-11-07, 18:26:40, 136.55, 58.32, 23.0, 22.07, 9999.0, 9.66, 10.0, 21.7, 9999.0, 24.05, 9999.0, 117.91, 128.0, 120.25, 91.25, 138.5
2024-11-07, 18:26:44, 136.55, 58.32, 23.0, 22.07, 9999.0, 9.64, 10.0, 21.7, 9999.0, 24.07, 9999.0, 117.89, 128.0, 120.25, 91.25, 138.5
2024-11-07, 18:26:48, 136.52, 58.3, 23.0, 22.07, 9999.0, 9.64, 10.0, 21.68, 9999.0, 24.09, 9999.0, 117.86, 128.0, 120.25, 91.25, 138.52
2024-11-07, 18:26:52, 136.55, 58.3, 23.0, 22.05, 9999.0, 9.64, 10.0, 21.66, 9999.0, 24.07, 9999.0, 117.84, 128.0, 120.25, 91.25, 138.52
2024-11-07, 18:26:56, 136.55, 58.3, 23.0, 22.05, 9999.0, 9.64, 10.0, 21.64, 9999.0, 24.05, 9999.0, 117.82, 128.0, 120.25, 91.25, 138.52
2024-11-07, 18:27:00, 136.55, 58.3, 23.0, 22.05, 9999.0, 9.66, 10.0, 21.64, 9999.0, 24.0, 9999.0, 117.8, 128.0, 120.25, 91.25, 138.52
2024-11-07, 18:27:04, 136.52, 58.27, 23.0, 22.05, 9999.0, 9.68, 10.0, 21.64, 9999.0, 23.95, 9999.0, 117.8, 128.0, 120.25, 91.25, 138.52
2024-11-07, 18:27:08, 136.52, 58.3, 23.0, 22.05, 9999.0, 9.68, 10.0, 21.66, 9999.0, 23.93, 9999.0, 117.8, 128.0, 120.25, 91.25, 138.52
2024-11-07, 18:27:12, 136.52, 58.3, 23.0, 22.05, 9999.0, 9.7, 10.0, 21.68, 9999.0, 23.89, 9999.0, 117.8, 127.98, 120.25, 91.25, 138.52
2024-11-07, 18:27:16, 136.52, 58.32, 22.98, 22.02, 9999.0, 9.73, 10.0, 21.68, 9999.0, 23.86, 9999.0, 117.82, 127.98, 120.25, 91.25, 138.55
2024-11-07, 18:27:20, 136.55, 58.3, 22.98, 22.02, 9999.0, 9.75, 10.0, 21.68, 9999.0, 23.84, 9999.0, 117.84, 127.98, 120.25, 91.25, 138.55
2024-11-07, 18:27:24, 136.55, 58.3, 22.98, 22.02, 9999.0, 9.77, 10.0, 21.68, 9999.0, 23.84, 9999.0, 117.86, 127.98, 120.25, 91.25, 138.55
2024-11-07, 18:27:28, 136.55, 58.3, 22.98, 22.02, 9999.0, 9.8, 10.0, 21.68, 9999.0, 23.84, 9999.0, 117.86, 127.98, 120.25, 91.25, 138.55
2024-11-07, 18:27:32, 136.55, 58.3, 22.95, 22.02, 9999.0, 9.8, 10.0, 21.7, 9999.0, 23.84, 9999.0, 117.89, 127.98, 120.25, 91.25, 138.52
2024-11-07, 18:27:36, 136.52, 58.3, 22.95, 22.02, 9999.0, 9.77, 10.0, 21.73, 9999.0, 23.89, 9999.0, 117.91, 127.98, 120.25, 91.25, 138.52
2024-11-07, 18:27:40, 136.52, 58.3, 22.95, 22.05, 9999.0, 9.75, 10.0, 21.75, 9999.0, 23.93, 9999.0, 117.93, 127.98, 120.25, 91.25, 138.52
2024-11-07, 18:27:44, 136.52, 58.3, 22.95, 22.05, 9999.0, 9.73, 10.0, 21.75, 9999.0, 23.98, 9999.0, 117.93, 127.98, 120.25, 91.25, 138.52
2024-11-07, 18:27:48, 136.55, 58.32, 22.93, 22.05, 9999.0, 9.68, 10.0, 21.75, 9999.0, 24.02, 9999.0, 117.91, 127.98, 120.25, 91.25, 138.52
2024-11-07, 18:27:52, 136.55, 58.32, 22.93, 22.05, 9999.0, 9.66, 10.0, 21.75, 9999.0, 24.02, 9999.0, 117.89, 127.98, 120.25, 91.25, 138.52
2024-11-07, 18:27:56, 136.55, 58.32, 22.93, 22.02, 9999.0, 9.64, 10.0, 21.75, 9999.0, 24.07, 9999.0, 117.89, 128.0, 120.25, 91.25, 138.55
2024-11-07, 18:28:00, 136.55, 58.3, 22.95, 22.05, 9999.0, 9.61, 10.0, 21.73, 9999.0, 24.11, 9999.0, 117.86, 128.0, 120.25, 91.25, 138.52
2024-11-07, 18:28:04, 136.52, 58.32, 22.95, 22.05, 9999.0, 9.59, 10.0, 21.73, 9999.0, 24.16, 9999.0, 117.84, 128.0, 120.25, 91.25, 138.52
2024-11-07, 18:28:08, 136.52, 58.32, 22.95, 22.05, 9999.0, 9.59, 10.0, 21.7, 9999.0, 24.18, 9999.0, 117.82, 128.0, 120.25, 91.25, 138.52
2024-11-07, 18:28:12, 136.52, 58.32, 22.95, 22.05, 9999.0, 9.59, 10.0, 21.68, 9999.0, 24.2, 9999.0, 117.82, 128.0, 120.25, 91.25, 138.52
2024-11-07, 18:28:16, 136.52, 58.32, 22.98, 22.07, 9999.0, 9.59, 10.0, 21.66, 9999.0, 24.23, 9999.0, 117.8, 128.0, 120.25, 91.25, 138.52
2024-11-07, 18:28:20, 136.52, 58.32, 22.98, 22.09, 9999.0, 9.64, 10.0, 21.64, 9999.0, 24.23, 9999.0, 117.77, 127.98, 120.25, 91.25, 138.52
2024-11-07, 18:28:24, 136.52, 58.32, 22.98, 22.07, 9999.0, 9.66, 10.0, 21.64, 9999.0, 24.2, 9999.0, 117.75, 127.95, 120.25, 91.25, 138.52
2024-11-07, 18:28:28, 136.52, 58.34, 22.98, 22.07, 9999.0, 9.66, 10.0, 21.64, 9999.0, 24.18, 9999.0, 117.75, 127.95, 120.25, 91.25, 138.52
2024-11-07, 18:28:32, 136.52, 58.32, 23.0, 22.09, 9999.0, 9.68, 10.0, 21.64, 9999.0, 24.16, 9999.0, 117.77, 127.95, 120.25, 91.25, 138.52
2024-11-07, 18:28:36, 136.52, 58.32, 23.0, 22.09, 9999.0, 9.7, 10.0, 21.64, 9999.0, 24.16, 9999.0, 117.8, 127.95, 120.25, 91.25, 138.52
2024-11-07, 18:28:40, 136.52, 58.34, 23.0, 22.09, 9999.0, 9.73, 10.0, 21.64, 9999.0, 24.14, 9999.0, 117.82, 127.95, 120.25, 91.25, 138.5
2024-11-07, 18:28:44, 136.52, 58.34, 23.0, 22.07, 9999.0, 9.75, 10.0, 21.66, 9999.0, 24.11, 9999.0, 117.84, 127.95, 120.25, 91.25, 138.5
2024-11-07, 18:28:48, 136.52, 58.32, 23.0, 22.07, 9999.0, 9.77, 10.0, 21.66, 9999.0, 24.09, 9999.0, 117.84, 127.95, 120.25, 91.25, 138.5
2024-11-07, 18:28:52, 136.52, 58.32, 23.0, 22.09, 9999.0, 9.75, 10.0, 21.66, 9999.0, 24.09, 9999.0, 117.86, 127.95, 120.25, 91.25, 138.5
2024-11-07, 18:28:57, 136.52, 58.32, 23.0, 22.09, 9999.0, 9.75, 10.0, 21.68, 9999.0, 24.09, 9999.0, 117.89, 127.95, 120.25, 91.25, 138.5
2024-11-07, 18:29:01, 136.52, 58.32, 23.0, 22.07, 9999.0, 9.75, 10.0, 21.68, 9999.0, 24.09, 9999.0, 117.89, 127.95, 120.25, 91.25, 138.5
2024-11-07, 18:29:05, 136.52, 58.32, 23.0, 22.05, 9999.0, 9.7, 10.0, 21.7, 9999.0, 24.09, 9999.0, 117.89, 127.98, 120.25, 91.25, 138.5
2024-11-07, 18:29:09, 136.52, 58.34, 23.0, 22.05, 9999.0, 9.68, 10.0, 21.7, 9999.0, 24.11, 9999.0, 117.89, 128.0, 120.25, 91.25, 138.5
2024-11-07, 18:29:13, 136.52, 58.32, 23.0, 22.05, 9999.0, 9.66, 10.0, 21.7, 9999.0, 24.14, 9999.0, 117.89, 128.0, 120.25, 91.25, 138.5
2024-11-07, 18:29:17, 136.5, 58.32, 23.0, 22.02, 9999.0, 9.64, 10.0, 21.68, 9999.0, 24.14, 9999.0, 117.86, 128.0, 120.25, 91.25, 138.5
2024-11-07, 18:29:21, 136.5, 58.32, 23.0, 22.02, 9999.0, 9.61, 10.0, 21.68, 9999.0, 24.14, 9999.0, 117.84, 128.0, 120.25, 91.25, 138.5
2024-11-07, 18:29:25, 136.52, 58.32, 23.0, 22.02, 9999.0, 9.61, 10.0, 21.68, 9999.0, 24.14, 9999.0, 117.82, 128.0, 120.25, 91.25, 138.5
2024-11-07, 18:29:29, 136.55, 58.34, 23.0, 22.02, 9999.0, 9.61, 10.0, 21.66, 9999.0, 24.14, 9999.0, 117.8, 128.0, 120.25, 91.25, 138.5
2024-11-07, 18:29:33, 136.55, 58.36, 23.0, 22.02, 9999.0, 9.61, 10.0, 21.66, 9999.0, 24.14, 9999.0, 117.8, 128.0, 120.25, 91.25, 138.5
2024-11-07, 18:29:37, 136.55, 58.36, 23.0, 22.0, 9999.0, 9.66, 10.0, 21.68, 9999.0, 24.11, 9999.0, 117.75, 128.0, 120.25, 91.25, 138.5
2024-11-07, 18:29:41, 136.55, 58.39, 22.98, 22.0, 9999.0, 9.66, 10.0, 21.68, 9999.0, 24.09, 9999.0, 117.75, 128.0, 120.25, 91.25, 138.5
2024-11-07, 18:29:45, 136.55, 58.39, 22.95, 22.0, 9999.0, 9.66, 10.0, 21.7, 9999.0, 24.07, 9999.0, 117.75, 128.0, 120.25, 91.25, 138.5
2024-11-07, 18:29:49, 136.55, 58.39, 22.95, 22.0, 9999.0, 9.68, 10.0, 21.7, 9999.0, 24.05, 9999.0, 117.75, 128.0, 120.25, 91.25, 138.5
2024-11-07, 18:29:53, 136.55, 58.36, 22.95, 22.02, 9999.0, 9.7, 10.0, 21.7, 9999.0, 24.02, 9999.0, 117.77, 128.0, 120.25, 91.25, 138.5
2024-11-07, 18:29:57, 136.55, 58.36, 22.95, 22.02, 9999.0, 9.73, 10.0, 21.7, 9999.0, 24.0, 9999.0, 117.8, 128.0, 120.25, 91.25, 138.5
2024-11-07, 18:30:01, 136.55, 58.36, 22.95, 22.02, 9999.0, 9.75, 10.0, 21.73, 9999.0, 24.0, 9999.0, 117.82, 128.0, 120.25, 91.25, 138.5
2024-11-07, 18:30:05, 136.57, 58.34, 22.95, 22.02, 9999.0, 9.77, 10.0, 21.73, 9999.0, 24.02, 9999.0, 117.84, 128.0, 120.25, 91.25, 138.5
2024-11-07, 18:30:09, 136.55, 58.32, 22.95, 22.02, 9999.0, 9.77, 10.0, 21.7, 9999.0, 24.05, 9999.0, 117.86, 127.98, 120.25, 91.25, 138.5
2024-11-07, 18:30:13, 136.52, 58.3, 22.95, 22.02, 9999.0, 9.77, 10.0, 21.7, 9999.0, 24.07, 9999.0, 117.86, 127.98, 120.25, 91.25, 138.5
2024-11-07, 18:30:39, 136.52, 58.27, 22.93, 22.02, 9999.0, 9.75, 10.0, 21.7, 9999.0, 24.11, 9999.0, 117.86, 127.98, 120.25, 91.25, 138.5
2024-11-07, 18:30:43, 136.55, 58.27, 22.91, 22.02, 9999.0, 9.7, 10.0, 21.7, 9999.0, 24.14, 9999.0, 117.89, 127.98, 120.25, 91.25, 138.5
2024-11-07, 18:30:47, 136.55, 58.27, 22.93, 22.02, 9999.0, 9.68, 10.0, 21.7, 9999.0, 24.16, 9999.0, 117.86, 127.98, 120.25, 91.25, 138.5
2024-11-07, 18:30:51, 136.55, 58.27, 22.93, 22.02, 9999.0, 9.66, 10.0, 21.68, 9999.0, 24.18, 9999.0, 117.86, 127.98, 120.25, 91.25, 138.5
2024-11-07, 18:30:56, 136.55, 58.27, 22.93, 22.02, 9999.0, 9.64, 10.0, 21.68, 9999.0, 24.2, 9999.0, 117.86, 127.98, 120.25, 91.25, 138.5
2024-11-07, 18:31:05, 136.57, 58.27, 22.93, 22.0, 9999.0, 9.61, 10.0, 21.68, 9999.0, 24.2, 9999.0, 117.84, 127.98, 120.25, 91.25, 138.5
2024-11-07, 18:31:09, 136.57, 58.27, 22.93, 22.0, 9999.0, 9.59, 10.0, 21.66, 9999.0, 24.2, 9999.0, 117.82, 127.98, 120.25, 91.25, 138.5
2024-11-07, 18:31:14, 136.57, 58.27, 22.93, 22.0, 9999.0, 9.59, 10.0, 21.66, 9999.0, 24.23, 9999.0, 117.8, 127.98, 120.25, 91.25, 138.5
2024-11-07, 18:31:18, 136.55, 58.27, 22.93, 22.0, 9999.0, 9.59, 10.0, 21.64, 9999.0, 24.2, 9999.0, 117.77, 127.98, 120.25, 91.25, 138.5
2024-11-07, 18:31:22, 136.55, 58.27, 22.91, 22.0, 9999.0, 9.59, 10.0, 21.64, 9999.0, 24.18, 9999.0, 117.73, 128.0, 120.25, 91.25, 138.5
2024-11-07, 18:31:26, 136.55, 58.27, 22.91, 22.0, 9999.0, 9.59, 10.0, 21.66, 9999.0, 24.16, 9999.0, 117.7, 127.98, 120.25, 91.25, 138.5
2024-11-07, 18:31:30, 136.55, 58.27, 22.91, 22.0, 9999.0, 9.61, 10.0, 21.66, 9999.0, 24.11, 9999.0, 117.7, 127.95, 120.25, 91.25, 138.5
2024-11-07, 18:31:34, 136.52, 58.27, 22.91, 22.0, 9999.0, 9.64, 10.0, 21.66, 9999.0, 24.09, 9999.0, 117.7, 127.95, 120.25, 91.25, 138.5
2024-11-07, 18:31:38, 136.52, 58.25, 22.91, 22.0, 9999.0, 9.66, 10.0, 21.64, 9999.0, 24.07, 9999.0, 117.7, 127.93, 120.25, 91.25, 138.5
2024-11-07, 18:31:42, 136.52, 58.25, 22.93, 22.0, 9999.0, 9.68, 10.0, 21.64, 9999.0, 24.05, 9999.0, 117.73, 127.93, 120.25, 91.25, 138.5
2024-11-07, 18:31:46, 136.55, 58.25, 22.91, 22.0, 9999.0, 9.7, 10.0, 21.64, 9999.0, 24.02, 9999.0, 117.75, 127.93, 120.25, 91.25, 138.5
2024-11-07, 18:31:50, 136.52, 58.27, 22.91, 22.0, 9999.0, 9.7, 10.0, 21.61, 9999.0, 24.02, 9999.0, 117.77, 127.93, 120.25, 91.25, 138.5
2024-11-07, 18:31:54, 136.52, 58.27, 22.91, 22.0, 9999.0, 9.73, 10.0, 21.64, 9999.0, 24.02, 9999.0, 117.8, 127.93, 120.25, 91.25, 138.5
2024-11-07, 18:31:58, 136.55, 58.27, 22.91, 22.0, 9999.0, 9.7, 10.0, 21.64, 9999.0, 24.0, 9999.0, 117.8, 127.93, 120.25, 91.25, 138.5
2024-11-07, 18:32:02, 136.55, 58.27, 22.91, 22.0, 9999.0, 9.68, 10.0, 21.66, 9999.0, 24.02, 9999.0, 117.8, 127.93, 120.25, 91.25, 138.5
2024-11-07, 18:32:06, 136.55, 58.27, 22.93, 22.0, 9999.0, 9.66, 10.0, 21.68, 9999.0, 24.05, 9999.0, 117.82, 127.93, 120.25, 91.25, 138.5
2024-11-07, 18:32:10, 136.57, 58.27, 22.93, 22.0, 9999.0, 9.66, 10.0, 21.66, 9999.0, 24.07, 9999.0, 117.84, 127.95, 120.25, 91.25, 138.5
2024-11-07, 18:32:14, 136.57, 58.27, 22.95, 22.0, 9999.0, 9.64, 10.0, 21.66, 9999.0, 24.09, 9999.0, 117.84, 127.98, 120.25, 91.25, 138.5
2024-11-07, 18:32:18, 136.57, 58.27, 22.98, 22.0, 9999.0, 9.61, 10.0, 21.66, 9999.0, 24.11, 9999.0, 117.84, 127.95, 120.25, 91.25, 138.5
2024-11-07, 18:32:22, 136.57, 58.27, 22.98, 22.0, 9999.0, 9.59, 10.0, 21.68, 9999.0, 24.14, 9999.0, 117.84, 127.98, 120.25, 91.25, 138.5
2024-11-07, 18:32:26, 136.59, 58.27, 22.98, 22.0, 9999.0, 9.57, 10.0, 21.68, 9999.0, 24.14, 9999.0, 117.82, 127.95, 120.25, 91.25, 138.5
2024-11-07, 18:32:30, 136.57, 58.27, 22.98, 22.0, 9999.0, 9.55, 10.0, 21.68, 9999.0, 24.14, 9999.0, 117.8, 127.95, 120.25, 91.25, 138.5
2024-11-07, 18:32:34, 136.57, 58.25, 22.95, 22.0, 9999.0, 9.57, 10.0, 21.7, 9999.0, 24.14, 9999.0, 117.75, 127.95, 120.25, 91.25, 138.5
2024-11-07, 18:32:38, 136.57, 58.25, 22.95, 22.0, 9999.0, 9.57, 10.0, 21.7, 9999.0, 24.14, 9999.0, 117.7, 127.93, 120.25, 91.25, 138.5
2024-11-07, 18:32:42, 136.55, 58.25, 22.95, 22.0, 9999.0, 9.59, 10.0, 21.7, 9999.0, 24.14, 9999.0, 117.68, 127.93, 120.25, 91.25, 138.5
2024-11-07, 18:32:46, 136.57, 58.25, 22.95, 22.0, 9999.0, 9.61, 10.0, 21.7, 9999.0, 24.11, 9999.0, 117.66, 127.91, 120.25, 91.25, 138.5
2024-11-07, 18:32:50, 136.57, 58.25, 22.95, 22.0, 9999.0, 9.64, 10.0, 21.7, 9999.0, 24.09, 9999.0, 117.66, 127.89, 120.25, 91.25, 138.5
2024-11-07, 18:32:54, 136.55, 58.25, 22.95, 22.0, 9999.0, 9.64, 10.0, 21.73, 9999.0, 24.05, 9999.0, 117.66, 127.86, 120.25, 91.25, 138.5
2024-11-07, 18:32:58, 136.55, 58.25, 22.93, 22.0, 9999.0, 9.66, 10.0, 21.73, 9999.0, 24.0, 9999.0, 117.68, 127.84, 120.25, 91.25, 138.5
2024-11-07, 18:33:02, 136.55, 58.25, 22.93, 22.0, 9999.0, 9.68, 10.0, 21.7, 9999.0, 23.95, 9999.0, 117.7, 127.86, 120.25, 91.25, 138.5
2024-11-07, 18:33:06, 136.55, 58.25, 22.93, 22.0, 9999.0, 9.7, 10.0, 21.7, 9999.0, 23.91, 9999.0, 117.73, 127.86, 120.25, 91.25, 138.5
2024-11-07, 18:33:14, 136.52, 58.25, 22.93, 22.0, 9999.0, 9.73, 10.0, 21.73, 9999.0, 23.89, 9999.0, 117.73, 127.86, 120.25, 91.25, 138.5
2024-11-07, 18:33:18, 136.52, 58.25, 22.95, 22.0, 9999.0, 9.75, 10.0, 21.73, 9999.0, 23.86, 9999.0, 117.73, 127.84, 120.25, 91.25, 138.5
2024-11-07, 18:33:22, 136.52, 58.25, 22.98, 22.0, 9999.0, 9.75, 10.0, 21.73, 9999.0, 23.84, 9999.0, 117.77, 127.84, 120.25, 91.25, 138.5
2024-11-07, 18:33:27, 136.52, 58.25, 22.98, 22.0, 9999.0, 9.75, 10.0, 21.73, 9999.0, 23.82, 9999.0, 117.82, 127.86, 120.25, 91.25, 138.5
2024-11-07, 18:33:31, 136.55, 58.25, 22.98, 22.0, 9999.0, 9.75, 10.0, 21.73, 9999.0, 23.82, 9999.0, 117.86, 127.86, 120.25, 91.25, 138.5
2024-11-07, 18:33:35, 136.52, 58.25, 22.98, 22.0, 9999.0, 9.75, 10.0, 21.73, 9999.0, 23.82, 9999.0, 117.91, 127.89, 120.25, 91.25, 138.5
2024-11-07, 18:33:39, 136.52, 58.25, 22.98, 22.0, 9999.0, 9.75, 10.0, 21.7, 9999.0, 23.82, 9999.0, 117.91, 127.91, 120.25, 91.25, 138.5
2024-11-07, 18:33:43, 136.52, 58.25, 22.98, 22.0, 9999.0, 9.75, 10.0, 21.7, 9999.0, 23.86, 9999.0, 117.91, 127.93, 120.25, 91.25, 138.5
2024-11-07, 18:33:47, 136.52, 58.27, 23.0, 22.0, 9999.0, 9.73, 10.0, 21.7, 9999.0, 23.91, 9999.0, 117.89, 127.95, 120.25, 91.25, 138.5
2024-11-07, 18:33:51, 136.52, 58.27, 23.0, 22.0, 9999.0, 9.7, 10.0, 21.73, 9999.0, 23.95, 9999.0, 117.86, 127.95, 120.25, 91.25, 138.5
2024-11-07, 18:33:55, 136.52, 58.3, 23.0, 22.0, 9999.0, 9.68, 10.0, 21.73, 9999.0, 23.98, 9999.0, 117.84, 127.95, 120.25, 91.25, 138.5
2024-11-07, 18:33:59, 136.55, 58.3, 22.98, 22.0, 9999.0, 9.66, 10.0, 21.73, 9999.0, 24.0, 9999.0, 117.84, 127.98, 120.25, 91.25, 138.5
2024-11-07, 18:34:03, 136.55, 58.3, 22.98, 22.0, 9999.0, 9.64, 10.0, 21.73, 9999.0, 24.02, 9999.0, 117.84, 128.0, 120.25, 91.25, 138.5
2024-11-07, 18:34:07, 136.55, 58.3, 22.98, 22.02, 9999.0, 9.61, 10.0, 21.73, 9999.0, 24.05, 9999.0, 117.82, 128.0, 120.25, 91.25, 138.5
2024-11-07, 18:34:11, 136.55, 58.3, 22.98, 22.02, 9999.0, 9.59, 10.0, 21.73, 9999.0, 24.07, 9999.0, 117.8, 128.0, 120.25, 91.25, 138.5
2024-11-07, 18:34:15, 136.52, 58.3, 22.98, 22.02, 9999.0, 9.59, 10.0, 21.73, 9999.0, 24.05, 9999.0, 117.77, 127.98, 120.25, 91.25, 138.5
2024-11-07, 18:34:19, 136.52, 58.3, 22.98, 22.02, 9999.0, 9.59, 10.0, 21.73, 9999.0, 24.05, 9999.0, 117.75, 127.98, 120.25, 91.25, 138.5
2024-11-07, 18:34:23, 136.52, 58.32, 22.98, 22.05, 9999.0, 9.59, 10.0, 21.75, 9999.0, 24.05, 9999.0, 117.75, 127.98, 120.25, 91.25, 138.5
2024-11-07, 18:34:27, 136.55, 58.32, 22.98, 22.05, 9999.0, 9.59, 10.0, 21.75, 9999.0, 24.0, 9999.0, 117.73, 127.98, 120.25, 91.25, 138.5
2024-11-07, 18:34:31, 136.55, 58.3, 22.98, 22.05, 9999.0, 9.61, 10.0, 21.75, 9999.0, 23.98, 9999.0, 117.75, 127.98, 120.25, 91.25, 138.5
2024-11-07, 18:34:35, 136.55, 58.3, 22.98, 22.05, 9999.0, 9.64, 10.0, 21.75, 9999.0, 23.95, 9999.0, 117.75, 127.98, 120.25, 91.25, 138.5
2024-11-07, 18:34:39, 136.57, 58.27, 22.98, 22.05, 9999.0, 9.66, 10.0, 21.75, 9999.0, 23.95, 9999.0, 117.77, 127.95, 120.27, 91.25, 138.5
2024-11-07, 18:34:43, 136.55, 58.27, 23.0, 22.05, 9999.0, 9.68, 10.0, 21.75, 9999.0, 23.95, 9999.0, 117.8, 127.95, 120.27, 91.25, 138.52
2024-11-07, 18:34:47, 136.55, 58.3, 23.0, 22.05, 9999.0, 9.7, 10.0, 21.75, 9999.0, 23.93, 9999.0, 117.82, 127.95, 120.27, 91.25, 138.52
2024-11-07, 18:34:51, 136.55, 58.3, 22.98, 22.02, 9999.0, 9.73, 10.0, 21.75, 9999.0, 23.93, 9999.0, 117.84, 127.95, 120.27, 91.25, 138.52
2024-11-07, 18:34:55, 136.55, 58.3, 22.98, 22.02, 9999.0, 9.75, 10.0, 21.75, 9999.0, 23.95, 9999.0, 117.84, 127.95, 120.27, 91.25, 138.52
2024-11-07, 18:34:59, 136.55, 58.3, 22.98, 22.02, 9999.0, 9.75, 10.0, 21.75, 9999.0, 24.0, 9999.0, 117.84, 127.98, 120.27, 91.25, 138.52
2024-11-07, 18:35:03, 136.55, 58.3, 22.98, 22.02, 9999.0, 9.75, 10.0, 21.75, 9999.0, 24.02, 9999.0, 117.86, 127.98, 120.27, 91.25, 138.52
2024-11-07, 18:35:07, 136.55, 58.3, 22.98, 22.0, 9999.0, 9.73, 10.0, 21.75, 9999.0, 24.05, 9999.0, 117.86, 127.98, 120.27, 91.25, 138.52
2024-11-07, 18:35:11, 136.52, 58.3, 22.98, 22.0, 9999.0, 9.7, 10.0, 21.75, 9999.0, 24.07, 9999.0, 117.89, 127.98, 120.27, 91.25, 138.52
2024-11-07, 18:35:15, 136.52, 58.3, 22.98, 22.0, 9999.0, 9.68, 10.0, 21.75, 9999.0, 24.09, 9999.0, 117.86, 127.98, 120.27, 91.25, 138.52
2024-11-07, 18:35:19, 136.52, 58.3, 22.98, 22.0, 9999.0, 9.66, 10.0, 21.75, 9999.0, 24.09, 9999.0, 117.86, 127.98, 120.27, 91.25, 138.52
2024-11-07, 18:35:23, 136.5, 58.3, 22.98, 22.0, 9999.0, 9.64, 10.0, 21.75, 9999.0, 24.09, 9999.0, 117.84, 128.0, 120.25, 91.25, 138.52
2024-11-07, 18:35:27, 136.5, 58.3, 22.98, 22.0, 9999.0, 9.61, 10.0, 21.75, 9999.0, 24.11, 9999.0, 117.82, 128.0, 120.25, 91.25, 138.5
2024-11-07, 18:35:31, 136.5, 58.27, 22.98, 22.0, 9999.0, 9.61, 10.0, 21.73, 9999.0, 24.14, 9999.0, 117.8, 128.0, 120.25, 91.25, 138.5
2024-11-07, 18:35:35, 136.5, 58.27, 23.0, 22.02, 9999.0, 9.61, 10.0, 21.73, 9999.0, 24.14, 9999.0, 117.77, 128.0, 120.25, 91.25, 138.5
2024-11-07, 18:35:39, 136.5, 58.27, 23.0, 22.05, 9999.0, 9.61, 10.0, 21.73, 9999.0, 24.11, 9999.0, 117.75, 128.0, 120.25, 91.25, 138.5
2024-11-07, 18:35:43, 136.52, 58.27, 22.98, 22.05, 9999.0, 9.64, 10.0, 21.73, 9999.0, 24.09, 9999.0, 117.75, 128.0, 120.25, 91.23, 138.5
2024-11-07, 18:35:47, 136.52, 58.3, 22.98, 22.05, 9999.0, 9.66, 10.0, 21.73, 9999.0, 24.05, 9999.0, 117.73, 127.98, 120.25, 91.23, 138.5
2024-11-07, 18:35:51, 136.52, 58.3, 22.95, 22.05, 9999.0, 9.68, 10.0, 21.73, 9999.0, 24.0, 9999.0, 117.73, 127.98, 120.25, 91.23, 138.5
2024-11-07, 18:35:55, 136.55, 58.32, 22.93, 22.07, 9999.0, 9.7, 10.0, 21.73, 9999.0, 23.98, 9999.0, 117.73, 127.98, 120.25, 91.23, 138.5
2024-11-07, 18:35:59, 136.55, 58.32, 22.93, 22.07, 9999.0, 9.73, 10.0, 21.73, 9999.0, 23.93, 9999.0, 117.75, 127.98, 120.25, 91.23, 138.5
2024-11-07, 18:36:03, 136.55, 58.34, 22.91, 22.07, 9999.0, 9.75, 10.0, 21.73, 9999.0, 23.91, 9999.0, 117.77, 127.95, 120.25, 91.23, 138.5
2024-11-07, 18:36:07, 136.55, 58.36, 22.91, 22.07, 9999.0, 9.77, 10.0, 21.73, 9999.0, 23.89, 9999.0, 117.8, 127.95, 120.25, 91.23, 138.5
2024-11-07, 18:36:11, 136.55, 58.36, 22.91, 22.07, 9999.0, 9.8, 10.0, 21.73, 9999.0, 23.86, 9999.0, 117.82, 127.93, 120.25, 91.23, 138.5
2024-11-07, 18:36:15, 136.55, 58.36, 22.91, 22.07, 9999.0, 9.8, 10.0, 21.75, 9999.0, 23.86, 9999.0, 117.84, 127.93, 120.25, 91.23, 138.52
2024-11-07, 18:36:19, 136.55, 58.39, 22.91, 22.05, 9999.0, 9.8, 10.0, 21.75, 9999.0, 23.86, 9999.0, 117.86, 127.93, 120.25, 91.23, 138.52
2024-11-07, 18:36:23, 136.55, 58.39, 22.91, 22.02, 9999.0, 9.77, 10.0, 21.75, 9999.0, 23.89, 9999.0, 117.89, 127.93, 120.25, 91.23, 138.52
2024-11-07, 18:36:27, 136.52, 58.39, 22.93, 22.02, 9999.0, 9.73, 10.0, 21.75, 9999.0, 23.91, 9999.0, 117.89, 127.93, 120.25, 91.25, 138.52
2024-11-07, 18:36:31, 136.52, 58.39, 22.93, 22.02, 9999.0, 9.68, 10.0, 21.75, 9999.0, 23.95, 9999.0, 117.89, 127.95, 120.25, 91.25, 138.52
2024-11-07, 18:36:35, 136.52, 58.36, 22.95, 22.02, 9999.0, 9.66, 10.0, 21.75, 9999.0, 23.98, 9999.0, 117.89, 127.95, 120.25, 91.25, 138.52
2024-11-07, 18:36:39, 136.5, 58.34, 22.98, 22.0, 9999.0, 9.64, 10.0, 21.75, 9999.0, 24.0, 9999.0, 117.89, 127.95, 120.25, 91.25, 138.52
2024-11-07, 18:36:43, 136.5, 58.34, 22.98, 22.0, 9999.0, 9.61, 10.0, 21.73, 9999.0, 24.02, 9999.0, 117.86, 127.95, 120.25, 91.25, 138.52
2024-11-07, 18:36:47, 136.52, 58.32, 23.0, 22.0, 9999.0, 9.59, 10.0, 21.73, 9999.0, 24.05, 9999.0, 117.84, 127.98, 120.25, 91.25, 138.52
2024-11-07, 18:36:51, 136.55, 58.3, 23.0, 22.02, 9999.0, 9.59, 10.0, 21.73, 9999.0, 24.07, 9999.0, 117.82, 127.98, 120.25, 91.25, 138.52
2024-11-07, 18:36:55, 136.55, 58.3, 23.0, 22.05, 9999.0, 9.59, 10.0, 21.7, 9999.0, 24.05, 9999.0, 117.8, 127.98, 120.25, 91.25, 138.52
2024-11-07, 18:37:00, 136.57, 58.3, 23.0, 22.05, 9999.0, 9.59, 10.0, 21.7, 9999.0, 24.02, 9999.0, 117.75, 127.98, 120.25, 91.25, 138.52
2024-11-07, 18:37:04, 136.57, 58.3, 23.0, 22.05, 9999.0, 9.61, 10.0, 21.7, 9999.0, 24.0, 9999.0, 117.7, 127.98, 120.25, 91.25, 138.52
2024-11-07, 18:37:08, 136.57, 58.32, 23.0, 22.05, 9999.0, 9.66, 10.0, 21.7, 9999.0, 23.95, 9999.0, 117.7, 127.98, 120.25, 91.25, 138.52
2024-11-07, 18:37:12, 136.57, 58.34, 23.0, 22.05, 9999.0, 9.68, 10.0, 21.7, 9999.0, 23.91, 9999.0, 117.7, 127.95, 120.25, 91.25, 138.52
2024-11-07, 18:37:16, 136.57, 58.32, 23.0, 22.05, 9999.0, 9.7, 10.0, 21.7, 9999.0, 23.86, 9999.0, 117.7, 127.95, 120.25, 91.25, 138.52
2024-11-07, 18:37:20, 136.57, 58.32, 23.0, 22.05, 9999.0, 9.73, 10.0, 21.7, 9999.0, 23.84, 9999.0, 117.73, 127.95, 120.27, 91.25, 138.52
2024-11-07, 18:37:24, 136.57, 58.34, 23.0, 22.05, 9999.0, 9.75, 10.0, 21.68, 9999.0, 23.8, 9999.0, 117.75, 127.95, 120.27, 91.25, 138.52
2024-11-07, 18:37:28, 136.57, 58.34, 23.0, 22.05, 9999.0, 9.77, 10.0, 21.7, 9999.0, 23.77, 9999.0, 117.77, 127.95, 120.27, 91.25, 138.52
2024-11-07, 18:37:32, 136.55, 58.34, 23.0, 22.05, 9999.0, 9.8, 10.0, 21.7, 9999.0, 23.75, 9999.0, 117.8, 127.95, 120.27, 91.25, 138.52
2024-11-07, 18:37:36, 136.52, 58.34, 23.0, 22.02, 9999.0, 9.8, 10.0, 21.7, 9999.0, 23.75, 9999.0, 117.82, 127.95, 120.27, 91.25, 138.52
2024-11-07, 18:37:40, 136.52, 58.36, 23.0, 22.0, 9999.0, 9.8, 10.0, 21.73, 9999.0, 23.77, 9999.0, 117.84, 127.98, 120.3, 91.25, 138.52
2024-11-07, 18:37:44, 136.5, 58.36, 23.0, 22.0, 9999.0, 9.8, 10.0, 21.73, 9999.0, 23.8, 9999.0, 117.86, 127.98, 120.3, 91.25, 138.5
2024-11-07, 18:37:48, 136.5, 58.36, 23.0, 22.0, 9999.0, 9.75, 10.0, 21.7, 9999.0, 23.82, 9999.0, 117.89, 127.98, 120.32, 91.25, 138.5
2024-11-07, 18:37:52, 136.52, 58.34, 22.98, 22.02, 9999.0, 9.7, 10.0, 21.7, 9999.0, 23.84, 9999.0, 117.89, 127.98, 120.34, 91.25, 138.52
2024-11-07, 18:37:56, 136.52, 58.32, 22.98, 22.02, 9999.0, 9.68, 10.0, 21.7, 9999.0, 23.86, 9999.0, 117.89, 128.0, 120.34, 91.25, 138.52
2024-11-07, 18:38:00, 136.52, 58.34, 22.98, 22.02, 9999.0, 9.66, 10.0, 21.68, 9999.0, 23.89, 9999.0, 117.89, 128.0, 120.34, 91.25, 138.52
2024-11-07, 18:38:04, 136.52, 58.36, 22.98, 22.02, 9999.0, 9.64, 10.0, 21.68, 9999.0, 23.91, 9999.0, 117.86, 127.98, 120.32, 91.23, 138.52
2024-11-07, 18:38:08, 136.52, 58.36, 22.98, 22.02, 9999.0, 9.61, 10.0, 21.7, 9999.0, 23.95, 9999.0, 117.84, 127.98, 120.32, 91.2, 138.52
2024-11-07, 18:38:12, 136.55, 58.36, 22.98, 22.02, 9999.0, 9.61, 10.0, 21.7, 9999.0, 23.98, 9999.0, 117.82, 127.95, 120.32, 91.2, 138.52
2024-11-07, 18:38:16, 136.55, 58.36, 22.98, 22.02, 9999.0, 9.61, 10.0, 21.7, 9999.0, 24.0, 9999.0, 117.8, 127.95, 120.32, 91.2, 138.52
2024-11-07, 18:38:20, 136.55, 58.36, 22.98, 22.02, 9999.0, 9.64, 10.0, 21.7, 9999.0, 24.0, 9999.0, 117.77, 127.93, 120.32, 91.2, 138.52
2024-11-07, 18:38:24, 136.57, 58.34, 22.98, 22.02, 9999.0, 9.66, 10.0, 21.7, 9999.0, 24.0, 9999.0, 117.73, 127.91, 120.3, 91.2, 138.52
2024-11-07, 18:38:28, 136.59, 58.36, 22.98, 22.02, 9999.0, 9.66, 10.0, 21.7, 9999.0, 23.98, 9999.0, 117.73, 127.89, 120.3, 91.2, 138.52
2024-11-07, 18:38:32, 136.59, 58.36, 22.98, 22.02, 9999.0, 9.68, 10.0, 21.73, 9999.0, 23.95, 9999.0, 117.73, 127.86, 120.27, 91.2, 138.52
2024-11-07, 18:38:36, 136.57, 58.36, 23.0, 22.0, 9999.0, 9.7, 10.0, 21.73, 9999.0, 23.93, 9999.0, 117.75, 127.86, 120.27, 91.2, 138.5
2024-11-07, 18:38:40, 136.57, 58.36, 23.0, 22.0, 9999.0, 9.73, 10.0, 21.73, 9999.0, 23.91, 9999.0, 117.77, 127.86, 120.27, 91.2, 138.5
2024-11-07, 18:38:44, 136.57, 58.34, 23.0, 22.0, 9999.0, 9.75, 10.0, 21.75, 9999.0, 23.89, 9999.0, 117.8, 127.86, 120.27, 91.2, 138.5
2024-11-07, 18:38:48, 136.57, 58.32, 23.0, 22.0, 9999.0, 9.77, 10.0, 21.75, 9999.0, 23.89, 9999.0, 117.82, 127.89, 120.27, 91.23, 138.5
2024-11-07, 18:38:52, 136.57, 58.32, 23.0, 22.0, 9999.0, 9.8, 10.0, 21.75, 9999.0, 23.89, 9999.0, 117.84, 127.89, 120.27, 91.25, 138.5
2024-11-07, 18:38:56, 136.55, 58.34, 23.0, 22.0, 9999.0, 9.8, 10.0, 21.75, 9999.0, 23.89, 9999.0, 117.86, 127.91, 120.27, 91.25, 138.5
2024-11-07, 18:39:00, 136.55, 58.34, 23.0, 22.0, 9999.0, 9.8, 10.0, 21.75, 9999.0, 23.89, 9999.0, 117.86, 127.91, 120.27, 91.25, 138.52
2024-11-07, 18:39:04, 136.55, 58.36, 22.98, 22.02, 9999.0, 9.77, 10.0, 21.73, 9999.0, 23.89, 9999.0, 117.86, 127.93, 120.27, 91.25, 138.52
2024-11-07, 18:39:08, 136.52, 58.36, 22.98, 22.02, 9999.0, 9.73, 10.0, 21.73, 9999.0, 23.89, 9999.0, 117.89, 127.95, 120.27, 91.25, 138.52
2024-11-07, 18:39:12, 136.5, 58.34, 22.98, 22.02, 9999.0, 9.7, 10.0, 21.73, 9999.0, 23.91, 9999.0, 117.89, 127.98, 120.27, 91.25, 138.52
2024-11-07, 18:39:16, 136.5, 58.34, 22.95, 22.02, 9999.0, 9.68, 10.0, 21.73, 9999.0, 23.93, 9999.0, 117.89, 128.0, 120.27, 91.25, 138.52
2024-11-07, 18:39:20, 136.5, 58.36, 22.95, 22.02, 9999.0, 9.66, 10.0, 21.73, 9999.0, 23.93, 9999.0, 117.86, 128.0, 120.25, 91.25, 138.52
2024-11-07, 18:39:24, 136.5, 58.39, 22.93, 22.05, 9999.0, 9.64, 10.0, 21.73, 9999.0, 23.93, 9999.0, 117.84, 128.0, 120.25, 91.25, 138.52
2024-11-07, 18:39:28, 136.5, 58.39, 22.93, 22.07, 9999.0, 9.64, 10.0, 21.73, 9999.0, 23.93, 9999.0, 117.82, 127.98, 120.25, 91.25, 138.52
2024-11-07, 18:39:32, 136.52, 58.39, 22.91, 22.07, 9999.0, 9.64, 10.0, 21.73, 9999.0, 23.93, 9999.0, 117.8, 127.95, 120.25, 91.25, 138.52
2024-11-07, 18:39:36, 136.55, 58.36, 22.91, 22.07, 9999.0, 9.64, 10.0, 21.73, 9999.0, 23.91, 9999.0, 117.77, 127.95, 120.25, 91.25, 138.52
2024-11-07, 18:39:40, 136.55, 58.34, 22.89, 22.07, 9999.0, 9.66, 10.0, 21.73, 9999.0, 23.89, 9999.0, 117.75, 127.93, 120.25, 91.25, 138.52
2024-11-07, 18:39:44, 136.55, 58.34, 22.89, 22.07, 9999.0, 9.68, 10.0, 21.73, 9999.0, 23.86, 9999.0, 117.75, 127.93, 120.25, 91.25, 138.5
2024-11-07, 18:39:48, 136.55, 58.32, 22.91, 22.07, 9999.0, 9.68, 10.0, 21.75, 9999.0, 23.84, 9999.0, 117.75, 127.91, 120.25, 91.25, 138.5
2024-11-07, 18:39:52, 136.57, 58.32, 22.91, 22.07, 9999.0, 9.7, 10.0, 21.73, 9999.0, 23.82, 9999.0, 117.75, 127.89, 120.25, 91.25, 138.5
2024-11-07, 18:39:56, 136.57, 58.32, 22.91, 22.07, 9999.0, 9.73, 10.0, 21.73, 9999.0, 23.8, 9999.0, 117.77, 127.89, 120.25, 91.25, 138.5
2024-11-07, 18:40:00, 136.57, 58.3, 22.93, 22.07, 9999.0, 9.75, 10.0, 21.73, 9999.0, 23.75, 9999.0, 117.8, 127.89, 120.25, 91.25, 138.52
2024-11-07, 18:40:04, 136.59, 58.3, 22.93, 22.07, 9999.0, 9.77, 10.0, 21.73, 9999.0, 23.73, 9999.0, 117.82, 127.86, 120.25, 91.25, 138.52
2024-11-07, 18:40:08, 136.61, 58.27, 22.95, 22.05, 9999.0, 9.8, 10.0, 21.7, 9999.0, 23.73, 9999.0, 117.84, 127.86, 120.25, 91.25, 138.52
2024-11-07, 18:40:12, 136.61, 58.27, 22.95, 22.02, 9999.0, 9.8, 10.0, 21.7, 9999.0, 23.73, 9999.0, 117.86, 127.89, 120.25, 91.25, 138.52
2024-11-07, 18:40:16, 136.59, 58.27, 22.98, 22.05, 9999.0, 9.8, 10.0, 21.7, 9999.0, 23.73, 9999.0, 117.89, 127.91, 120.25, 91.25, 138.52
2024-11-07, 18:40:29, 136.57, 58.27, 22.98, 22.05, 9999.0, 9.8, 10.0, 21.7, 9999.0, 23.75, 9999.0, 117.91, 127.91, 120.27, 91.25, 138.55
2024-11-07, 18:40:33, 136.57, 58.3, 23.0, 22.05, 9999.0, 9.77, 10.0, 21.7, 9999.0, 23.77, 9999.0, 117.93, 127.93, 120.27, 91.25, 138.55
2024-11-07, 18:40:37, 136.57, 58.3, 23.0, 22.05, 9999.0, 9.73, 10.0, 21.7, 9999.0, 23.77, 9999.0, 117.93, 127.93, 120.27, 91.25, 138.57
2024-11-07, 18:40:41, 136.57, 58.3, 23.0, 22.02, 9999.0, 9.7, 10.0, 21.7, 9999.0, 23.77, 9999.0, 117.93, 127.95, 120.27, 91.25, 138.57
2024-11-07, 18:40:45, 136.55, 58.32, 23.0, 22.02, 9999.0, 9.68, 10.0, 21.73, 9999.0, 23.77, 9999.0, 117.93, 127.98, 120.27, 91.25, 138.57
2024-11-07, 18:40:51, 136.55, 58.32, 23.0, 22.02, 9999.0, 9.66, 10.0, 21.73, 9999.0, 23.77, 9999.0, 117.91, 127.95, 120.27, 91.25, 138.57
2024-11-07, 18:40:55, 136.55, 58.32, 23.0, 22.02, 9999.0, 9.64, 10.0, 21.73, 9999.0, 23.8, 9999.0, 117.89, 127.95, 120.27, 91.25, 138.57
2024-11-07, 18:40:59, 136.52, 58.3, 23.0, 22.05, 9999.0, 9.64, 10.0, 21.73, 9999.0, 23.82, 9999.0, 117.86, 127.95, 120.27, 91.25, 138.57
2024-11-07, 18:41:03, 136.5, 58.3, 23.0, 22.05, 9999.0, 9.64, 10.0, 21.75, 9999.0, 23.82, 9999.0, 117.84, 127.95, 120.27, 91.25, 138.57
2024-11-07, 18:41:11, 136.5, 58.32, 23.0, 22.05, 9999.0, 9.64, 10.0, 21.75, 9999.0, 23.8, 9999.0, 117.82, 127.95, 120.27, 91.25, 138.57
2024-11-07, 18:41:15, 136.5, 58.32, 23.0, 22.02, 9999.0, 9.66, 10.0, 21.75, 9999.0, 23.75, 9999.0, 117.77, 127.95, 120.27, 91.25, 138.59
2024-11-07, 18:41:19, 136.5, 58.34, 23.0, 22.02, 9999.0, 9.68, 10.0, 21.75, 9999.0, 23.7, 9999.0, 117.77, 127.93, 120.25, 91.25, 138.59
2024-11-07, 18:41:23, 136.5, 58.32, 23.0, 22.02, 9999.0, 9.7, 10.0, 21.75, 9999.0, 23.66, 9999.0, 117.75, 127.91, 120.25, 91.25, 138.59
2024-11-07, 18:41:27, 136.5, 58.34, 23.0, 22.02, 9999.0, 9.73, 10.0, 21.75, 9999.0, 23.64, 9999.0, 117.75, 127.89, 120.25, 91.25, 138.57
2024-11-07, 18:41:31, 136.5, 58.34, 23.0, 22.02, 9999.0, 9.75, 10.0, 21.75, 9999.0, 23.61, 9999.0, 117.77, 127.89, 120.25, 91.25, 138.59
2024-11-07, 18:41:35, 136.5, 58.32, 23.0, 22.02, 9999.0, 9.77, 10.0, 21.75, 9999.0, 23.59, 9999.0, 117.8, 127.89, 120.25, 91.25, 138.61
2024-11-07, 18:41:39, 136.5, 58.34, 23.0, 22.02, 9999.0, 9.8, 10.02, 21.75, 9999.0, 23.59, 9999.0, 117.82, 127.91, 120.25, 91.25, 138.64
2024-11-07, 18:41:43, 136.5, 58.34, 23.0, 22.02, 9999.0, 9.82, 10.02, 21.75, 9999.0, 23.59, 9999.0, 117.84, 127.91, 120.25, 91.25, 138.64
2024-11-07, 18:41:47, 136.5, 58.34, 23.0, 22.02, 9999.0, 9.82, 10.02, 21.73, 9999.0, 23.59, 9999.0, 117.86, 127.93, 120.25, 91.25, 138.66
2024-11-07, 18:41:51, 136.5, 58.34, 23.0, 22.05, 9999.0, 9.82, 10.02, 21.73, 9999.0, 23.61, 9999.0, 117.89, 127.93, 120.25, 91.25, 138.66
2024-11-07, 18:41:55, 136.5, 58.32, 23.0, 22.05, 9999.0, 9.82, 10.02, 21.73, 9999.0, 23.64, 9999.0, 117.89, 127.93, 120.25, 91.25, 138.68
2024-11-07, 18:41:59, 136.5, 58.32, 23.0, 22.05, 9999.0, 9.77, 10.02, 21.73, 9999.0, 23.68, 9999.0, 117.91, 127.93, 120.25, 91.25, 138.68
2024-11-07, 18:42:03, 136.5, 58.32, 23.0, 22.05, 9999.0, 9.75, 10.02, 21.73, 9999.0, 23.7, 9999.0, 117.89, 127.95, 120.25, 91.25, 138.68
2024-11-07, 18:42:07, 136.5, 58.34, 23.0, 22.05, 9999.0, 9.73, 10.02, 21.73, 9999.0, 23.73, 9999.0, 117.89, 127.98, 120.25, 91.25, 138.7
2024-11-07, 18:42:11, 136.5, 58.32, 23.0, 22.05, 9999.0, 9.7, 10.02, 21.73, 9999.0, 23.75, 9999.0, 117.89, 128.0, 120.25, 91.25, 138.7
2024-11-07, 18:42:15, 136.5, 58.32, 23.0, 22.05, 9999.0, 9.68, 10.02, 21.73, 9999.0, 23.77, 9999.0, 117.86, 128.0, 120.25, 91.25, 138.68
2024-11-07, 18:42:19, 136.5, 58.32, 23.0, 22.05, 9999.0, 9.66, 10.02, 21.73, 9999.0, 23.8, 9999.0, 117.84, 128.0, 120.25, 91.25, 138.68
2024-11-07, 18:42:23, 136.5, 58.3, 23.0, 22.07, 9999.0, 9.66, 10.0, 21.73, 9999.0, 23.8, 9999.0, 117.82, 128.0, 120.25, 91.25, 138.68
2024-11-07, 18:42:27, 136.5, 58.3, 23.0, 22.09, 9999.0, 9.66, 10.0, 21.73, 9999.0, 23.8, 9999.0, 117.8, 128.0, 120.25, 91.25, 138.68
2024-11-07, 18:42:31, 136.5, 58.3, 23.0, 22.09, 9999.0, 9.66, 10.0, 21.75, 9999.0, 23.77, 9999.0, 117.77, 128.0, 120.25, 91.25, 138.68
2024-11-07, 18:42:35, 136.52, 58.3, 23.0, 22.07, 9999.0, 9.68, 10.0, 21.75, 9999.0, 23.75, 9999.0, 117.75, 128.0, 120.27, 91.25, 138.7
2024-11-07, 18:42:39, 136.55, 58.3, 23.0, 22.09, 9999.0, 9.7, 10.0, 21.75, 9999.0, 23.73, 9999.0, 117.75, 128.0, 120.27, 91.25, 138.7
2024-11-07, 18:42:43, 136.55, 58.3, 23.0, 22.11, 9999.0, 9.73, 10.0, 21.75, 9999.0, 23.7, 9999.0, 117.77, 128.0, 120.27, 91.25, 138.7
2024-11-07, 18:42:47, 136.55, 58.27, 23.0, 22.14, 9999.0, 9.75, 10.0, 21.75, 9999.0, 23.68, 9999.0, 117.8, 128.0, 120.27, 91.25, 138.68
2024-11-07, 18:42:51, 136.57, 58.27, 23.0, 22.14, 9999.0, 9.75, 10.0, 21.75, 9999.0, 23.66, 9999.0, 117.84, 128.0, 120.27, 91.25, 138.68
2024-11-07, 18:42:55, 136.57, 58.27, 23.0, 22.14, 9999.0, 9.77, 10.0, 21.75, 9999.0, 23.64, 9999.0, 117.86, 128.0, 120.3, 91.25, 138.7
2024-11-07, 18:42:59, 136.57, 58.27, 23.0, 22.16, 9999.0, 9.8, 10.0, 21.75, 9999.0, 23.64, 9999.0, 117.89, 128.0, 120.3, 91.25, 138.73
2024-11-07, 18:43:03, 136.59, 58.27, 23.0, 22.18, 9999.0, 9.82, 10.02, 21.75, 9999.0, 23.64, 9999.0, 117.91, 128.0, 120.3, 91.25, 138.73
2024-11-07, 18:43:07, 136.59, 58.27, 23.0, 22.16, 9999.0, 9.82, 10.02, 21.75, 9999.0, 23.64, 9999.0, 117.93, 128.0, 120.3, 91.25, 138.73
2024-11-07, 18:43:11, 136.61, 58.27, 23.0, 22.16, 9999.0, 9.82, 10.02, 21.75, 9999.0, 23.66, 9999.0, 117.95, 128.0, 120.3, 91.25, 138.73
2024-11-07, 18:43:15, 136.64, 58.27, 23.0, 22.16, 9999.0, 9.82, 10.02, 21.75, 9999.0, 23.7, 9999.0, 117.98, 128.0, 120.3, 91.25, 138.73
2024-11-07, 18:43:19, 136.61, 58.27, 23.0, 22.18, 9999.0, 9.77, 10.02, 21.73, 9999.0, 23.73, 9999.0, 118.0, 128.0, 120.27, 91.25, 138.73
2024-11-07, 18:43:23, 136.59, 58.27, 23.0, 22.18, 9999.0, 9.75, 10.02, 21.73, 9999.0, 23.77, 9999.0, 118.0, 128.0, 120.27, 91.25, 138.73
2024-11-07, 18:43:27, 136.59, 58.27, 23.0, 22.18, 9999.0, 9.75, 10.02, 21.73, 9999.0, 23.77, 9999.0, 117.98, 128.0, 120.27, 91.25, 138.73
2024-11-07, 18:43:31, 136.59, 58.27, 23.0, 22.16, 9999.0, 9.7, 10.02, 21.73, 9999.0, 23.8, 9999.0, 117.95, 128.0, 120.27, 91.25, 138.75
2024-11-07, 18:43:35, 136.57, 58.25, 23.0, 22.18, 9999.0, 9.68, 10.02, 21.73, 9999.0, 23.82, 9999.0, 117.91, 128.0, 120.3, 91.25, 138.75
2024-11-07, 18:43:39, 136.57, 58.25, 23.0, 22.2, 9999.0, 9.66, 10.02, 21.73, 9999.0, 23.84, 9999.0, 117.89, 128.0, 120.27, 91.25, 138.75
2024-11-07, 18:43:43, 136.57, 58.25, 23.0, 22.2, 9999.0, 9.66, 10.02, 21.73, 9999.0, 23.84, 9999.0, 117.86, 128.0, 120.3, 91.25, 138.75
2024-11-07, 18:43:47, 136.55, 58.25, 23.0, 22.2, 9999.0, 9.66, 10.0, 21.73, 9999.0, 23.84, 9999.0, 117.84, 128.0, 120.3, 91.25, 138.75
2024-11-07, 18:43:51, 136.55, 58.25, 23.0, 22.23, 9999.0, 9.68, 10.0, 21.73, 9999.0, 23.84, 9999.0, 117.82, 128.0, 120.3, 91.25, 138.75
2024-11-07, 18:43:55, 136.52, 58.25, 23.0, 22.23, 9999.0, 9.7, 10.0, 21.73, 9999.0, 23.8, 9999.0, 117.8, 128.0, 120.3, 91.25, 138.75
2024-11-07, 18:43:59, 136.5, 58.25, 23.0, 22.23, 9999.0, 9.73, 10.02, 21.73, 9999.0, 23.77, 9999.0, 117.8, 128.0, 120.3, 91.25, 138.75
2024-11-07, 18:44:03, 136.52, 58.25, 23.0, 22.23, 9999.0, 9.75, 10.02, 21.75, 9999.0, 23.75, 9999.0, 117.8, 128.0, 120.32, 91.25, 138.75
2024-11-07, 18:44:08, 136.52, 58.25, 23.0, 22.23, 9999.0, 9.75, 10.02, 21.75, 9999.0, 23.7, 9999.0, 117.82, 128.0, 120.34, 91.25, 138.75
2024-11-07, 18:44:12, 136.52, 58.25, 23.0, 22.23, 9999.0, 9.75, 10.05, 21.75, 9999.0, 23.7, 9999.0, 117.86, 128.0, 120.34, 91.25, 138.75
2024-11-07, 18:44:16, 136.52, 58.25, 23.0, 22.25, 9999.0, 9.77, 10.07, 21.75, 9999.0, 23.7, 9999.0, 117.89, 128.0, 120.34, 91.25, 138.75
2024-11-07, 18:44:20, 136.55, 58.25, 23.0, 22.25, 9999.0, 9.8, 10.07, 21.75, 9999.0, 23.7, 9999.0, 117.91, 128.0, 120.32, 91.25, 138.75
2024-11-07, 18:44:24, 136.55, 58.25, 23.0, 22.25, 9999.0, 9.82, 10.07, 21.75, 9999.0, 23.7, 9999.0, 117.93, 128.0, 120.32, 91.25, 138.75
2024-11-07, 18:44:28, 136.55, 58.25, 23.0, 22.25, 9999.0, 9.82, 10.07, 21.75, 9999.0, 23.73, 9999.0, 117.95, 128.0, 120.3, 91.25, 138.75
2024-11-07, 18:44:32, 136.55, 58.25, 23.0, 22.25, 9999.0, 9.82, 10.09, 21.75, 9999.0, 23.75, 9999.0, 117.98, 128.0, 120.32, 91.25, 138.75
2024-11-07, 18:44:36, 136.57, 58.25, 23.0, 22.25, 9999.0, 9.8, 10.09, 21.75, 9999.0, 23.77, 9999.0, 118.0, 128.0, 120.32, 91.25, 138.75
2024-11-07, 18:44:40, 136.57, 58.25, 23.0, 22.25, 9999.0, 9.77, 10.09, 21.75, 9999.0, 23.82, 9999.0, 118.02, 128.0, 120.32, 91.25, 138.75
2024-11-07, 18:44:44, 136.57, 58.27, 23.0, 22.25, 9999.0, 9.75, 10.07, 21.75, 9999.0, 23.84, 9999.0, 118.02, 128.0, 120.32, 91.25, 138.75
2024-11-07, 18:44:48, 136.55, 58.27, 23.0, 22.25, 9999.0, 9.73, 10.07, 21.75, 9999.0, 23.86, 9999.0, 118.0, 128.0, 120.32, 91.25, 138.75
2024-11-07, 18:44:52, 136.57, 58.27, 23.0, 22.25, 9999.0, 9.7, 10.07, 21.75, 9999.0, 23.89, 9999.0, 117.98, 128.0, 120.32, 91.25, 138.75
2024-11-07, 18:44:56, 136.57, 58.27, 23.0, 22.25, 9999.0, 9.68, 10.05, 21.75, 9999.0, 23.89, 9999.0, 117.93, 128.0, 120.32, 91.25, 138.75
2024-11-07, 18:45:00, 136.57, 58.3, 23.0, 22.25, 9999.0, 9.66, 10.02, 21.75, 9999.0, 23.91, 9999.0, 117.91, 128.0, 120.32, 91.25, 138.75
2024-11-07, 18:45:04, 136.55, 58.3, 23.0, 22.25, 9999.0, 9.66, 10.02, 21.75, 9999.0, 23.93, 9999.0, 117.89, 128.0, 120.34, 91.25, 138.75
2024-11-07, 18:45:08, 136.55, 58.3, 23.0, 22.25, 9999.0, 9.66, 10.02, 21.75, 9999.0, 23.93, 9999.0, 117.86, 128.0, 120.34, 91.25, 138.75
2024-11-07, 18:45:12, 136.55, 58.32, 23.0, 22.25, 9999.0, 9.68, 10.02, 21.75, 9999.0, 23.93, 9999.0, 117.84, 128.0, 120.36, 91.25, 138.75
2024-11-07, 18:45:16, 136.55, 58.32, 23.0, 22.25, 9999.0, 9.7, 10.0, 21.75, 9999.0, 23.91, 9999.0, 117.82, 128.0, 120.34, 91.25, 138.75
2024-11-07, 18:45:20, 136.52, 58.32, 23.0, 22.25, 9999.0, 9.73, 10.0, 21.75, 9999.0, 23.89, 9999.0, 117.82, 128.0, 120.34, 91.25, 138.75
2024-11-07, 18:45:24, 136.52, 58.32, 23.0, 22.25, 9999.0, 9.73, 10.0, 21.75, 9999.0, 23.86, 9999.0, 117.82, 128.0, 120.34, 91.25, 138.75
2024-11-07, 18:45:28, 136.55, 58.3, 23.0, 22.25, 9999.0, 9.73, 10.0, 21.75, 9999.0, 23.84, 9999.0, 117.82, 128.0, 120.34, 91.25, 138.75
2024-11-07, 18:45:32, 136.57, 58.3, 23.0, 22.25, 9999.0, 9.75, 10.0, 21.75, 9999.0, 23.84, 9999.0, 117.84, 128.0, 120.32, 91.25, 138.75
2024-11-07, 18:45:36, 136.55, 58.3, 23.0, 22.25, 9999.0, 9.77, 10.02, 21.75, 9999.0, 23.84, 9999.0, 117.86, 128.0, 120.32, 91.25, 138.75
2024-11-07, 18:45:40, 136.55, 58.3, 23.0, 22.25, 9999.0, 9.8, 10.05, 21.75, 9999.0, 23.86, 9999.0, 117.89, 128.0, 120.32, 91.25, 138.75
2024-11-07, 18:45:44, 136.57, 58.27, 23.0, 22.25, 9999.0, 9.82, 10.05, 21.75, 9999.0, 23.86, 9999.0, 117.91, 128.0, 120.32, 91.25, 138.75
2024-11-07, 18:45:48, 136.57, 58.3, 23.0, 22.25, 9999.0, 9.82, 10.07, 21.75, 9999.0, 23.86, 9999.0, 117.93, 128.0, 120.32, 91.25, 138.75
2024-11-07, 18:45:52, 136.57, 58.3, 23.0, 22.25, 9999.0, 9.82, 10.07, 21.75, 9999.0, 23.91, 9999.0, 117.95, 128.0, 120.32, 91.25, 138.75
2024-11-07, 18:45:56, 136.59, 58.27, 23.0, 22.25, 9999.0, 9.8, 10.07, 21.75, 9999.0, 23.91, 9999.0, 117.98, 128.0, 120.3, 91.25, 138.75
2024-11-07, 18:46:00, 136.61, 58.27, 23.0, 22.25, 9999.0, 9.77, 10.07, 21.75, 9999.0, 23.93, 9999.0, 117.98, 128.0, 120.32, 91.25, 138.75
2024-11-07, 18:46:04, 136.61, 58.3, 23.0, 22.25, 9999.0, 9.75, 10.07, 21.75, 9999.0, 23.95, 9999.0, 117.98, 128.0, 120.32, 91.25, 138.75
2024-11-07, 18:46:08, 136.64, 58.3, 23.0, 22.25, 9999.0, 9.75, 10.07, 21.75, 9999.0, 23.98, 9999.0, 117.95, 128.0, 120.34, 91.25, 138.75
2024-11-07, 18:46:12, 136.61, 58.32, 23.0, 22.25, 9999.0, 9.73, 10.07, 21.75, 9999.0, 23.98, 9999.0, 117.93, 128.0, 120.34, 91.25, 138.75
2024-11-07, 18:46:16, 136.59, 58.34, 23.0, 22.25, 9999.0, 9.7, 10.07, 21.75, 9999.0, 23.95, 9999.0, 117.91, 128.0, 120.36, 91.25, 138.75
2024-11-07, 18:46:20, 136.59, 58.34, 23.0, 22.25, 9999.0, 9.7, 10.05, 21.75, 9999.0, 23.95, 9999.0, 117.89, 128.0, 120.34, 91.25, 138.75
2024-11-07, 18:46:24, 136.59, 58.34, 23.0, 22.25, 9999.0, 9.7, 10.02, 21.75, 9999.0, 23.95, 9999.0, 117.86, 128.0, 120.34, 91.25, 138.75
2024-11-07, 18:46:28, 136.57, 58.36, 23.0, 22.25, 9999.0, 9.7, 10.02, 21.75, 9999.0, 23.93, 9999.0, 117.84, 128.0, 120.34, 91.25, 138.75
2024-11-07, 18:46:32, 136.57, 58.34, 23.0, 22.23, 9999.0, 9.73, 10.0, 21.75, 9999.0, 23.93, 9999.0, 117.82, 128.0, 120.32, 91.25, 138.75
2024-11-07, 18:46:36, 136.59, 58.34, 23.0, 22.23, 9999.0, 9.75, 10.0, 21.75, 9999.0, 23.91, 9999.0, 117.82, 128.0, 120.32, 91.25, 138.75
2024-11-07, 18:46:40, 136.57, 58.34, 23.0, 22.23, 9999.0, 9.77, 10.0, 21.75, 9999.0, 23.89, 9999.0, 117.82, 128.0, 120.32, 91.25, 138.75
2024-11-07, 18:46:44, 136.55, 58.36, 23.0, 22.23, 9999.0, 9.8, 10.0, 21.75, 9999.0, 23.86, 9999.0, 117.84, 128.0, 120.3, 91.25, 138.75
2024-11-07, 18:46:48, 136.55, 58.36, 23.0, 22.23, 9999.0, 9.8, 10.0, 21.75, 9999.0, 23.84, 9999.0, 117.86, 128.0, 120.32, 91.25, 138.75
2024-11-07, 18:46:52, 136.55, 58.39, 23.0, 22.23, 9999.0, 9.8, 10.0, 21.75, 9999.0, 23.82, 9999.0, 117.91, 128.0, 120.3, 91.25, 138.75
2024-11-07, 18:46:56, 136.55, 58.39, 23.0, 22.23, 9999.0, 9.82, 10.0, 21.75, 9999.0, 23.82, 9999.0, 117.93, 128.0, 120.3, 91.25, 138.75
2024-11-07, 18:47:00, 136.55, 58.39, 23.0, 22.23, 9999.0, 9.84, 10.0, 21.75, 9999.0, 23.84, 9999.0, 117.95, 128.0, 120.27, 91.25, 138.75
2024-11-07, 18:47:04, 136.55, 58.41, 23.0, 22.23, 9999.0, 9.84, 10.02, 21.75, 9999.0, 23.86, 9999.0, 117.98, 128.0, 120.27, 91.25, 138.73
2024-11-07, 18:47:08, 136.55, 58.43, 23.0, 22.23, 9999.0, 9.84, 10.02, 21.75, 9999.0, 23.89, 9999.0, 118.0, 128.0, 120.27, 91.25, 138.73
2024-11-07, 18:47:12, 136.57, 58.43, 23.0, 22.23, 9999.0, 9.84, 10.02, 21.75, 9999.0, 23.93, 9999.0, 118.02, 128.0, 120.27, 91.25, 138.73
2024-11-07, 18:47:16, 136.59, 58.43, 23.0, 22.25, 9999.0, 9.82, 10.02, 21.75, 9999.0, 23.93, 9999.0, 118.05, 128.0, 120.27, 91.25, 138.73
2024-11-07, 18:47:20, 136.57, 58.45, 23.0, 22.23, 9999.0, 9.8, 10.02, 21.75, 9999.0, 23.93, 9999.0, 118.05, 128.0, 120.27, 91.25, 138.73
2024-11-07, 18:47:24, 136.57, 58.48, 23.0, 22.23, 9999.0, 9.75, 10.02, 21.75, 9999.0, 23.95, 9999.0, 118.05, 128.0, 120.27, 91.25, 138.73
2024-11-07, 18:47:28, 136.57, 58.48, 23.0, 22.23, 9999.0, 9.73, 10.02, 21.73, 9999.0, 23.98, 9999.0, 118.02, 128.0, 120.27, 91.25, 138.73
2024-11-07, 18:47:32, 136.57, 58.48, 23.0, 22.2, 9999.0, 9.7, 10.02, 21.73, 9999.0, 24.0, 9999.0, 117.98, 128.0, 120.25, 91.25, 138.73
2024-11-07, 18:47:36, 136.55, 58.45, 23.0, 22.2, 9999.0, 9.68, 10.02, 21.73, 9999.0, 24.02, 9999.0, 117.93, 128.0, 120.25, 91.25, 138.73
2024-11-07, 18:47:41, 136.55, 58.43, 23.0, 22.2, 9999.0, 9.68, 10.02, 21.73, 9999.0, 24.05, 9999.0, 117.91, 128.0, 120.25, 91.25, 138.7
2024-11-07, 18:47:45, 136.55, 58.41, 23.0, 22.18, 9999.0, 9.68, 10.02, 21.73, 9999.0, 24.05, 9999.0, 117.89, 128.0, 120.25, 91.25, 138.7
2024-11-07, 18:47:49, 136.57, 58.41, 23.0, 22.18, 9999.0, 9.68, 10.0, 21.73, 9999.0, 24.05, 9999.0, 117.86, 128.0, 120.25, 91.25, 138.73
2024-11-07, 18:47:53, 136.57, 58.41, 23.0, 22.18, 9999.0, 9.7, 10.0, 21.73, 9999.0, 24.02, 9999.0, 117.84, 128.0, 120.25, 91.25, 138.73
2024-11-07, 18:47:57, 136.55, 58.39, 23.0, 22.18, 9999.0, 9.73, 10.02, 21.73, 9999.0, 24.0, 9999.0, 117.84, 128.0, 120.25, 91.25, 138.73
2024-11-07, 18:48:01, 136.52, 58.41, 23.0, 22.18, 9999.0, 9.73, 10.02, 21.73, 9999.0, 24.0, 9999.0, 117.84, 128.0, 120.25, 91.25, 138.73
2024-11-07, 18:48:05, 136.52, 58.41, 23.0, 22.2, 9999.0, 9.75, 10.02, 21.73, 9999.0, 24.0, 9999.0, 117.84, 128.0, 120.25, 91.25, 138.7
2024-11-07, 18:48:09, 136.52, 58.41, 23.0, 22.2, 9999.0, 9.77, 10.02, 21.73, 9999.0, 23.98, 9999.0, 117.86, 128.0, 120.25, 91.25, 138.7
2024-11-07, 18:48:13, 136.55, 58.39, 23.0, 22.2, 9999.0, 9.77, 10.05, 21.75, 9999.0, 23.95, 9999.0, 117.91, 128.0, 120.25, 91.25, 138.7
2024-11-07, 18:48:17, 136.57, 58.39, 23.0, 22.23, 9999.0, 9.8, 10.07, 21.75, 9999.0, 23.95, 9999.0, 117.93, 128.0, 120.25, 91.25, 138.7
2024-11-07, 18:48:21, 136.57, 58.41, 23.0, 22.23, 9999.0, 9.82, 10.07, 21.75, 9999.0, 23.95, 9999.0, 117.95, 128.0, 120.27, 91.25, 138.7
2024-11-07, 18:48:25, 136.57, 58.41, 23.0, 22.23, 9999.0, 9.82, 10.07, 21.75, 9999.0, 23.95, 9999.0, 117.98, 128.0, 120.3, 91.25, 138.7
2024-11-07, 18:48:29, 136.57, 58.43, 23.0, 22.25, 9999.0, 9.82, 10.07, 21.75, 9999.0, 23.98, 9999.0, 118.0, 128.0, 120.3, 91.25, 138.7
2024-11-07, 18:48:33, 136.57, 58.43, 23.0, 22.25, 9999.0, 9.8, 10.09, 21.75, 9999.0, 23.98, 9999.0, 118.02, 128.0, 120.3, 91.25, 138.68
2024-11-07, 18:48:37, 136.57, 58.43, 23.0, 22.25, 9999.0, 9.77, 10.09, 21.75, 9999.0, 23.98, 9999.0, 118.05, 128.0, 120.3, 91.25, 138.68
2024-11-07, 18:48:41, 136.57, 58.45, 23.0, 22.25, 9999.0, 9.75, 10.07, 21.75, 9999.0, 23.98, 9999.0, 118.02, 128.0, 120.3, 91.25, 138.68
2024-11-07, 18:48:45, 136.57, 58.45, 23.0, 22.25, 9999.0, 9.73, 10.07, 21.75, 9999.0, 23.98, 9999.0, 118.0, 128.0, 120.3, 91.25, 138.68
2024-11-07, 18:48:49, 136.57, 58.45, 23.0, 22.23, 9999.0, 9.68, 10.07, 21.75, 9999.0, 23.98, 9999.0, 118.0, 128.0, 120.3, 91.25, 138.68
2024-11-07, 18:48:53, 136.57, 58.45, 23.0, 22.2, 9999.0, 9.66, 10.07, 21.75, 9999.0, 24.0, 9999.0, 117.98, 128.0, 120.3, 91.25, 138.68
2024-11-07, 18:48:57, 136.55, 58.48, 23.0, 22.2, 9999.0, 9.64, 10.05, 21.75, 9999.0, 24.02, 9999.0, 117.93, 128.0, 120.3, 91.25, 138.68
2024-11-07, 18:49:01, 136.52, 58.45, 23.0, 22.2, 9999.0, 9.64, 10.02, 21.75, 9999.0, 24.02, 9999.0, 117.91, 128.0, 120.3, 91.25, 138.66
2024-11-07, 18:49:05, 136.52, 58.45, 23.0, 22.2, 9999.0, 9.64, 10.02, 21.73, 9999.0, 24.02, 9999.0, 117.89, 128.0, 120.27, 91.25, 138.66
2024-11-07, 18:49:09, 136.52, 58.48, 23.0, 22.18, 9999.0, 9.66, 10.02, 21.73, 9999.0, 24.02, 9999.0, 117.86, 128.0, 120.25, 91.25, 138.68
2024-11-07, 18:49:13, 136.52, 58.48, 23.0, 22.18, 9999.0, 9.68, 10.02, 21.73, 9999.0, 24.0, 9999.0, 117.84, 128.0, 120.25, 91.25, 138.68
2024-11-07, 18:49:17, 136.5, 58.48, 23.0, 22.18, 9999.0, 9.73, 10.0, 21.73, 9999.0, 24.0, 9999.0, 117.84, 128.0, 120.25, 91.25, 138.7
2024-11-07, 18:49:21, 136.5, 58.48, 23.0, 22.16, 9999.0, 9.75, 10.0, 21.73, 9999.0, 24.0, 9999.0, 117.84, 128.0, 120.25, 91.25, 138.68
2024-11-07, 18:49:25, 136.5, 58.48, 23.0, 22.16, 9999.0, 9.75, 10.0, 21.73, 9999.0, 23.98, 9999.0, 117.86, 128.0, 120.25, 91.25, 138.68
2024-11-07, 18:49:29, 136.52, 58.48, 23.0, 22.16, 9999.0, 9.77, 10.0, 21.73, 9999.0, 23.95, 9999.0, 117.91, 128.0, 120.25, 91.25, 138.68
2024-11-07, 18:49:33, 136.55, 58.48, 23.0, 22.16, 9999.0, 9.8, 10.02, 21.73, 9999.0, 23.93, 9999.0, 117.91, 128.0, 120.27, 91.25, 138.7
2024-11-07, 18:49:37, 136.57, 58.48, 23.0, 22.16, 9999.0, 9.82, 10.02, 21.73, 9999.0, 23.93, 9999.0, 117.91, 128.0, 120.27, 91.25, 138.7
2024-11-07, 18:49:41, 136.57, 58.45, 23.0, 22.14, 9999.0, 9.84, 10.02, 21.73, 9999.0, 23.91, 9999.0, 117.93, 128.0, 120.3, 91.25, 138.7
2024-11-07, 18:49:45, 136.57, 58.48, 23.0, 22.11, 9999.0, 9.82, 10.02, 21.7, 9999.0, 23.91, 9999.0, 117.95, 128.0, 120.32, 91.25, 138.7
2024-11-07, 18:49:49, 136.57, 58.45, 23.0, 22.09, 9999.0, 9.82, 10.02, 21.73, 9999.0, 23.93, 9999.0, 117.98, 128.0, 120.32, 91.25, 138.7
2024-11-07, 18:49:53, 136.57, 58.45, 23.0, 22.09, 9999.0, 9.8, 10.02, 21.73, 9999.0, 23.95, 9999.0, 117.98, 128.0, 120.32, 91.25, 138.7
2024-11-07, 18:49:57, 136.57, 58.45, 23.0, 22.09, 9999.0, 9.77, 10.02, 21.73, 9999.0, 23.98, 9999.0, 118.0, 128.0, 120.32, 91.25, 138.68
2024-11-07, 18:50:01, 136.57, 58.45, 23.0, 22.07, 9999.0, 9.73, 10.02, 21.73, 9999.0, 23.98, 9999.0, 118.0, 128.0, 120.32, 91.25, 138.66
2024-11-07, 18:50:05, 136.57, 58.43, 23.0, 22.07, 9999.0, 9.68, 10.02, 21.73, 9999.0, 24.0, 9999.0, 117.98, 128.0, 120.32, 91.25, 138.66
2024-11-07, 18:50:09, 136.57, 58.41, 23.0, 22.05, 9999.0, 9.66, 10.02, 21.7, 9999.0, 24.02, 9999.0, 117.95, 128.0, 120.32, 91.25, 138.66
2024-11-07, 18:50:19, 136.57, 58.41, 23.0, 22.05, 9999.0, 9.64, 10.02, 21.7, 9999.0, 24.05, 9999.0, 117.91, 128.0, 120.32, 91.25, 138.64
2024-11-07, 18:50:23, 136.55, 58.41, 23.0, 22.05, 9999.0, 9.64, 10.0, 21.7, 9999.0, 24.09, 9999.0, 117.89, 128.0, 120.3, 91.25, 138.61
2024-11-07, 18:50:27, 136.52, 58.39, 23.0, 22.07, 9999.0, 9.64, 10.0, 21.7, 9999.0, 24.09, 9999.0, 117.86, 128.0, 120.3, 91.25, 138.59
2024-11-07, 18:50:31, 136.52, 58.39, 23.0, 22.09, 9999.0, 9.64, 10.0, 21.7, 9999.0, 24.11, 9999.0, 117.84, 128.0, 120.27, 91.25, 138.57
2024-11-07, 18:50:35, 136.55, 58.39, 23.0, 22.09, 9999.0, 9.68, 10.0, 21.73, 9999.0, 24.11, 9999.0, 117.82, 128.0, 120.25, 91.25, 138.57
2024-11-07, 18:50:40, 136.57, 58.41, 23.0, 22.09, 9999.0, 9.7, 10.0, 21.73, 9999.0, 24.09, 9999.0, 117.77, 128.0, 120.25, 91.25, 138.55
2024-11-07, 18:50:44, 136.59, 58.41, 23.0, 22.09, 9999.0, 9.73, 10.0, 21.73, 9999.0, 24.07, 9999.0, 117.8, 128.0, 120.25, 91.25, 138.52
2024-11-07, 18:50:48, 136.61, 58.41, 23.0, 22.07, 9999.0, 9.73, 10.0, 21.73, 9999.0, 24.05, 9999.0, 117.8, 128.0, 120.25, 91.25, 138.55
2024-11-07, 18:50:54, 136.61, 58.41, 23.0, 22.07, 9999.0, 9.77, 10.0, 21.73, 9999.0, 24.05, 9999.0, 117.8, 128.0, 120.25, 91.25, 138.55
2024-11-07, 18:50:58, 136.61, 58.43, 23.0, 22.07, 9999.0, 9.8, 10.0, 21.73, 9999.0, 24.02, 9999.0, 117.82, 128.0, 120.25, 91.25, 138.55
2024-11-07, 18:51:02, 136.61, 58.45, 22.98, 22.09, 9999.0, 9.82, 10.0, 21.75, 9999.0, 24.02, 9999.0, 117.84, 128.0, 120.25, 91.25, 138.52
2024-11-07, 18:51:06, 136.61, 58.43, 22.98, 22.07, 9999.0, 9.84, 10.0, 21.75, 9999.0, 24.02, 9999.0, 117.86, 128.0, 120.25, 91.25, 138.52
2024-11-07, 18:51:10, 136.61, 58.43, 22.98, 22.07, 9999.0, 9.84, 10.0, 21.75, 9999.0, 24.0, 9999.0, 117.89, 128.0, 120.27, 91.25, 138.52
2024-11-07, 18:51:14, 136.61, 58.45, 22.95, 22.05, 9999.0, 9.84, 10.0, 21.75, 9999.0, 24.02, 9999.0, 117.91, 128.0, 120.27, 91.25, 138.52
2024-11-07, 18:51:18, 136.61, 58.45, 22.95, 22.05, 9999.0, 9.84, 10.0, 21.75, 9999.0, 24.05, 9999.0, 117.93, 128.0, 120.27, 91.25, 138.52
2024-11-07, 18:51:22, 136.59, 58.45, 22.95, 22.07, 9999.0, 9.82, 10.0, 21.75, 9999.0, 24.07, 9999.0, 117.95, 128.0, 120.27, 91.25, 138.52
2024-11-07, 18:51:26, 136.57, 58.45, 22.95, 22.09, 9999.0, 9.8, 10.0, 21.75, 9999.0, 24.09, 9999.0, 117.98, 128.0, 120.27, 91.25, 138.52
2024-11-07, 18:51:30, 136.55, 58.45, 22.95, 22.11, 9999.0, 9.77, 10.0, 21.75, 9999.0, 24.11, 9999.0, 117.95, 128.0, 120.27, 91.25, 138.52
2024-11-07, 18:51:34, 136.55, 58.43, 22.95, 22.11, 9999.0, 9.75, 10.0, 21.75, 9999.0, 24.14, 9999.0, 117.93, 128.0, 120.27, 91.25, 138.5
2024-11-07, 18:51:38, 136.55, 58.43, 22.95, 22.11, 9999.0, 9.7, 10.0, 21.75, 9999.0, 24.14, 9999.0, 117.91, 128.0, 120.27, 91.25, 138.5
2024-11-07, 18:51:42, 136.57, 58.43, 22.95, 22.11, 9999.0, 9.68, 10.0, 21.75, 9999.0, 24.14, 9999.0, 117.89, 128.0, 120.27, 91.25, 138.5
2024-11-07, 18:51:46, 136.59, 58.43, 22.98, 22.09, 9999.0, 9.68, 10.0, 21.75, 9999.0, 24.14, 9999.0, 117.86, 128.0, 120.27, 91.25, 138.5
2024-11-07, 18:51:50, 136.57, 58.45, 22.98, 22.09, 9999.0, 9.68, 10.0, 21.75, 9999.0, 24.14, 9999.0, 117.84, 128.0, 120.27, 91.25, 138.5
2024-11-07, 18:51:54, 136.57, 58.43, 22.98, 22.09, 9999.0, 9.68, 10.0, 21.75, 9999.0, 24.14, 9999.0, 117.82, 127.98, 120.25, 91.25, 138.5
2024-11-07, 18:51:58, 136.57, 58.43, 23.0, 22.11, 9999.0, 9.7, 10.02, 21.75, 9999.0, 24.11, 9999.0, 117.8, 127.98, 120.25, 91.25, 138.5
2024-11-07, 18:52:02, 136.59, 58.45, 23.0, 22.09, 9999.0, 9.73, 10.02, 21.75, 9999.0, 24.09, 9999.0, 117.77, 127.98, 120.25, 91.25, 138.5
2024-11-07, 18:52:06, 136.59, 58.45, 23.0, 22.07, 9999.0, 9.75, 10.02, 21.75, 9999.0, 24.07, 9999.0, 117.77, 127.98, 120.25, 91.25, 138.5
2024-11-07, 18:52:10, 136.59, 58.45, 22.98, 22.05, 9999.0, 9.75, 10.02, 21.75, 9999.0, 24.05, 9999.0, 117.77, 127.98, 120.25, 91.25, 138.5
2024-11-07, 18:52:14, 136.59, 58.45, 22.98, 22.05, 9999.0, 9.75, 10.02, 21.75, 9999.0, 24.02, 9999.0, 117.8, 127.98, 120.25, 91.25, 138.5
2024-11-07, 18:52:18, 136.57, 58.45, 22.98, 22.05, 9999.0, 9.77, 10.02, 21.75, 9999.0, 24.0, 9999.0, 117.82, 127.98, 120.25, 91.25, 138.52
2024-11-07, 18:52:22, 136.57, 58.43, 22.98, 22.05, 9999.0, 9.8, 10.02, 21.75, 9999.0, 24.0, 9999.0, 117.84, 127.98, 120.25, 91.25, 138.52
2024-11-07, 18:52:26, 136.57, 58.41, 22.98, 22.05, 9999.0, 9.82, 10.02, 21.75, 9999.0, 24.02, 9999.0, 117.86, 127.98, 120.25, 91.25, 138.52
2024-11-07, 18:52:30, 136.55, 58.39, 22.98, 22.05, 9999.0, 9.82, 10.02, 21.75, 9999.0, 24.05, 9999.0, 117.86, 127.98, 120.27, 91.25, 138.52
2024-11-07, 18:52:34, 136.55, 58.36, 22.98, 22.05, 9999.0, 9.82, 10.02, 21.73, 9999.0, 24.07, 9999.0, 117.89, 127.98, 120.27, 91.25, 138.52
2024-11-07, 18:52:38, 136.55, 58.39, 22.98, 22.05, 9999.0, 9.82, 10.02, 21.73, 9999.0, 24.09, 9999.0, 117.91, 128.0, 120.27, 91.25, 138.52
2024-11-07, 18:52:42, 136.57, 58.39, 22.98, 22.02, 9999.0, 9.8, 10.0, 21.73, 9999.0, 24.11, 9999.0, 117.93, 128.0, 120.27, 91.25, 138.52
2024-11-07, 18:52:46, 136.55, 58.39, 22.98, 22.02, 9999.0, 9.77, 10.0, 21.73, 9999.0, 24.14, 9999.0, 117.93, 128.0, 120.27, 91.25, 138.52
2024-11-07, 18:52:50, 136.57, 58.39, 22.98, 22.02, 9999.0, 9.73, 10.0, 21.73, 9999.0, 24.16, 9999.0, 117.91, 128.0, 120.27, 91.25, 138.52
2024-11-07, 18:52:54, 136.57, 58.36, 23.0, 22.02, 9999.0, 9.7, 10.0, 21.73, 9999.0, 24.18, 9999.0, 117.91, 128.0, 120.27, 91.25, 138.52
2024-11-07, 18:52:58, 136.57, 58.34, 23.0, 22.02, 9999.0, 9.68, 10.0, 21.73, 9999.0, 24.18, 9999.0, 117.89, 128.0, 120.27, 91.25, 138.52
2024-11-07, 18:53:02, 136.57, 58.34, 23.0, 22.02, 9999.0, 9.66, 10.0, 21.73, 9999.0, 24.18, 9999.0, 117.86, 128.0, 120.27, 91.25, 138.5
2024-11-07, 18:53:06, 136.57, 58.34, 23.0, 22.02, 9999.0, 9.66, 10.0, 21.7, 9999.0, 24.18, 9999.0, 117.84, 128.0, 120.27, 91.25, 138.5
2024-11-07, 18:53:10, 136.55, 58.34, 23.0, 22.02, 9999.0, 9.66, 10.0, 21.7, 9999.0, 24.16, 9999.0, 117.82, 128.0, 120.27, 91.25, 138.5
2024-11-07, 18:53:14, 136.55, 58.34, 23.0, 22.02, 9999.0, 9.66, 10.0, 21.7, 9999.0, 24.16, 9999.0, 117.82, 128.0, 120.25, 91.25, 138.5
2024-11-07, 18:53:18, 136.55, 58.34, 23.0, 22.02, 9999.0, 9.68, 10.0, 21.73, 9999.0, 24.14, 9999.0, 117.8, 128.0, 120.25, 91.25, 138.5
2024-11-07, 18:53:22, 136.55, 58.32, 23.0, 22.02, 9999.0, 9.68, 10.0, 21.73, 9999.0, 24.11, 9999.0, 117.8, 128.0, 120.25, 91.25, 138.5
2024-11-07, 18:53:26, 136.52, 58.3, 23.0, 22.02, 9999.0, 9.68, 10.0, 21.73, 9999.0, 24.09, 9999.0, 117.77, 128.0, 120.25, 91.25, 138.5
2024-11-07, 18:53:30, 136.52, 58.27, 23.0, 22.05, 9999.0, 9.68, 10.0, 21.73, 9999.0, 24.07, 9999.0, 117.77, 128.0, 120.25, 91.25, 138.5
2024-11-07, 18:53:35, 136.5, 58.25, 23.0, 22.05, 9999.0, 9.7, 10.0, 21.73, 9999.0, 24.05, 9999.0, 117.8, 128.0, 120.25, 91.25, 138.5
2024-11-07, 18:53:39, 136.5, 58.27, 23.0, 22.05, 9999.0, 9.73, 10.0, 21.73, 9999.0, 24.02, 9999.0, 117.82, 128.0, 120.25, 91.25, 138.5
2024-11-07, 18:53:43, 136.5, 58.3, 23.0, 22.02, 9999.0, 9.75, 10.0, 21.73, 9999.0, 24.02, 9999.0, 117.84, 128.0, 120.25, 91.25, 138.5
2024-11-07, 18:53:47, 136.5, 58.3, 23.0, 22.02, 9999.0, 9.77, 10.0, 21.73, 9999.0, 24.02, 9999.0, 117.86, 128.0, 120.25, 91.25, 138.5
2024-11-07, 18:53:51, 136.52, 58.32, 23.0, 22.02, 9999.0, 9.77, 10.0, 21.75, 9999.0, 24.05, 9999.0, 117.89, 128.0, 120.25, 91.25, 138.5
2024-11-07, 18:53:55, 136.52, 58.32, 23.0, 22.02, 9999.0, 9.77, 10.0, 21.75, 9999.0, 24.07, 9999.0, 117.91, 128.0, 120.25, 91.25, 138.5
2024-11-07, 18:53:59, 136.52, 58.32, 23.0, 22.02, 9999.0, 9.77, 10.0, 21.75, 9999.0, 24.07, 9999.0, 117.93, 128.0, 120.25, 91.25, 138.5
2024-11-07, 18:54:03, 136.55, 58.32, 23.0, 22.02, 9999.0, 9.73, 10.0, 21.75, 9999.0, 24.07, 9999.0, 117.95, 128.0, 120.25, 91.25, 138.5
2024-11-07, 18:54:07, 136.57, 58.32, 23.0, 22.02, 9999.0, 9.7, 10.0, 21.75, 9999.0, 24.07, 9999.0, 117.93, 128.0, 120.25, 91.25, 138.5
2024-11-07, 18:54:11, 136.57, 58.32, 23.0, 22.02, 9999.0, 9.68, 10.0, 21.75, 9999.0, 24.07, 9999.0, 117.93, 128.0, 120.25, 91.25, 138.5
2024-11-07, 18:54:15, 136.57, 58.32, 23.0, 22.02, 9999.0, 9.66, 10.0, 21.75, 9999.0, 24.07, 9999.0, 117.93, 128.0, 120.25, 91.25, 138.5
2024-11-07, 18:54:19, 136.59, 58.32, 23.0, 22.02, 9999.0, 9.64, 10.0, 21.75, 9999.0, 24.07, 9999.0, 117.91, 128.0, 120.25, 91.25, 138.5
2024-11-07, 18:54:23, 136.59, 58.3, 23.0, 22.02, 9999.0, 9.61, 10.0, 21.75, 9999.0, 24.07, 9999.0, 117.89, 128.0, 120.25, 91.25, 138.5
2024-11-07, 18:54:27, 136.59, 58.27, 23.0, 22.02, 9999.0, 9.61, 10.0, 21.73, 9999.0, 24.07, 9999.0, 117.86, 128.0, 120.25, 91.25, 138.5
2024-11-07, 18:54:31, 136.61, 58.27, 23.0, 22.02, 9999.0, 9.61, 10.0, 21.73, 9999.0, 24.07, 9999.0, 117.84, 128.0, 120.25, 91.25, 138.5
2024-11-07, 18:54:35, 136.59, 58.27, 23.0, 22.02, 9999.0, 9.61, 10.0, 21.73, 9999.0, 24.05, 9999.0, 117.82, 128.0, 120.25, 91.25, 138.5
2024-11-07, 18:54:39, 136.59, 58.27, 23.0, 22.02, 9999.0, 9.64, 10.0, 21.73, 9999.0, 24.02, 9999.0, 117.8, 128.0, 120.25, 91.25, 138.5
2024-11-07, 18:54:43, 136.59, 58.27, 23.0, 22.05, 9999.0, 9.66, 10.0, 21.73, 9999.0, 24.0, 9999.0, 117.8, 128.0, 120.25, 91.25, 138.5
2024-11-07, 18:54:47, 136.59, 58.3, 23.0, 22.05, 9999.0, 9.68, 10.0, 21.73, 9999.0, 24.0, 9999.0, 117.77, 127.98, 120.25, 91.25, 138.5
2024-11-07, 18:54:51, 136.57, 58.3, 23.0, 22.05, 9999.0, 9.7, 10.0, 21.73, 9999.0, 24.0, 9999.0, 117.8, 127.98, 120.25, 91.25, 138.5
2024-11-07, 18:54:55, 136.57, 58.3, 23.0, 22.05, 9999.0, 9.73, 10.0, 21.73, 9999.0, 24.0, 9999.0, 117.82, 127.98, 120.25, 91.25, 138.5
2024-11-07, 18:54:59, 136.57, 58.3, 23.0, 22.02, 9999.0, 9.75, 10.0, 21.73, 9999.0, 24.0, 9999.0, 117.84, 127.98, 120.25, 91.25, 138.5
2024-11-07, 18:55:03, 136.55, 58.3, 23.0, 22.02, 9999.0, 9.77, 10.0, 21.73, 9999.0, 24.0, 9999.0, 117.86, 127.98, 120.25, 91.25, 138.5
2024-11-07, 18:55:07, 136.55, 58.3, 23.0, 22.02, 9999.0, 9.8, 10.0, 21.73, 9999.0, 24.0, 9999.0, 117.89, 127.98, 120.27, 91.25, 138.5
2024-11-07, 18:55:11, 136.55, 58.32, 23.0, 22.02, 9999.0, 9.8, 10.0, 21.75, 9999.0, 24.0, 9999.0, 117.91, 127.98, 120.27, 91.25, 138.5
2024-11-07, 18:55:15, 136.52, 58.32, 23.0, 22.02, 9999.0, 9.77, 10.0, 21.75, 9999.0, 24.02, 9999.0, 117.93, 127.98, 120.27, 91.25, 138.5
2024-11-07, 18:55:19, 136.52, 58.3, 23.0, 22.02, 9999.0, 9.77, 10.0, 21.75, 9999.0, 24.05, 9999.0, 117.95, 127.98, 120.27, 91.25, 138.5
2024-11-07, 18:55:23, 136.52, 58.32, 23.0, 22.02, 9999.0, 9.73, 10.0, 21.75, 9999.0, 24.07, 9999.0, 117.95, 127.98, 120.27, 91.25, 138.5
2024-11-07, 18:55:27, 136.55, 58.32, 23.0, 22.0, 9999.0, 9.68, 10.0, 21.75, 9999.0, 24.09, 9999.0, 117.93, 127.98, 120.27, 91.25, 138.5
2024-11-07, 18:55:31, 136.52, 58.3, 23.0, 22.0, 9999.0, 9.66, 10.0, 21.75, 9999.0, 24.09, 9999.0, 117.93, 128.0, 120.3, 91.25, 138.5
2024-11-07, 18:55:35, 136.52, 58.3, 23.0, 22.0, 9999.0, 9.64, 10.0, 21.75, 9999.0, 24.09, 9999.0, 117.91, 128.0, 120.3, 91.25, 138.5
2024-11-07, 18:55:39, 136.52, 58.3, 23.0, 22.0, 9999.0, 9.61, 10.0, 21.75, 9999.0, 24.09, 9999.0, 117.89, 128.0, 120.3, 91.25, 138.5
2024-11-07, 18:55:43, 136.52, 58.3, 22.98, 22.0, 9999.0, 9.59, 10.0, 21.75, 9999.0, 24.09, 9999.0, 117.86, 128.0, 120.3, 91.25, 138.5
2024-11-07, 18:55:47, 136.52, 58.3, 22.98, 22.0, 9999.0, 9.59, 10.0, 21.75, 9999.0, 24.09, 9999.0, 117.82, 128.0, 120.3, 91.25, 138.5
2024-11-07, 18:55:51, 136.52, 58.3, 22.98, 22.0, 9999.0, 9.59, 10.0, 21.73, 9999.0, 24.09, 9999.0, 117.8, 128.0, 120.27, 91.25, 138.5
2024-11-07, 18:55:55, 136.52, 58.27, 22.98, 22.0, 9999.0, 9.59, 10.0, 21.73, 9999.0, 24.09, 9999.0, 117.75, 128.0, 120.27, 91.25, 138.5
2024-11-07, 18:55:59, 136.52, 58.27, 22.98, 22.0, 9999.0, 9.64, 10.0, 21.73, 9999.0, 24.07, 9999.0, 117.73, 128.0, 120.27, 91.25, 138.5
2024-11-07, 18:56:03, 136.52, 58.27, 22.98, 22.02, 9999.0, 9.66, 10.0, 21.73, 9999.0, 24.05, 9999.0, 117.7, 128.0, 120.27, 91.25, 138.5
2024-11-07, 18:56:07, 136.52, 58.25, 22.98, 22.02, 9999.0, 9.68, 10.0, 21.73, 9999.0, 24.02, 9999.0, 117.7, 128.0, 120.27, 91.25, 138.5
2024-11-07, 18:56:11, 136.5, 58.25, 22.98, 22.02, 9999.0, 9.7, 10.0, 21.73, 9999.0, 24.0, 9999.0, 117.7, 128.0, 120.27, 91.25, 138.5
2024-11-07, 18:56:15, 136.5, 58.25, 22.98, 22.05, 9999.0, 9.73, 10.0, 21.73, 9999.0, 23.98, 9999.0, 117.73, 128.0, 120.25, 91.25, 138.5
2024-11-07, 18:56:19, 136.52, 58.25, 22.98, 22.07, 9999.0, 9.75, 10.0, 21.73, 9999.0, 23.95, 9999.0, 117.75, 128.0, 120.25, 91.25, 138.5
2024-11-07, 18:56:23, 136.52, 58.25, 22.98, 22.07, 9999.0, 9.77, 10.0, 21.7, 9999.0, 23.95, 9999.0, 117.77, 128.0, 120.25, 91.25, 138.5
2024-11-07, 18:56:27, 136.52, 58.25, 23.0, 22.09, 9999.0, 9.8, 10.0, 21.7, 9999.0, 23.95, 9999.0, 117.8, 128.0, 120.25, 91.25, 138.5
2024-11-07, 18:56:31, 136.52, 58.25, 23.0, 22.11, 9999.0, 9.8, 10.0, 21.7, 9999.0, 23.95, 9999.0, 117.84, 128.0, 120.25, 91.25, 138.5
2024-11-07, 18:56:35, 136.52, 58.27, 23.0, 22.14, 9999.0, 9.77, 10.0, 21.73, 9999.0, 23.98, 9999.0, 117.86, 128.0, 120.25, 91.25, 138.5
2024-11-07, 18:56:39, 136.52, 58.27, 23.0, 22.16, 9999.0, 9.75, 10.0, 21.7, 9999.0, 23.98, 9999.0, 117.89, 128.0, 120.25, 91.25, 138.5
2024-11-07, 18:56:43, 136.52, 58.27, 23.0, 22.16, 9999.0, 9.7, 10.0, 21.7, 9999.0, 23.98, 9999.0, 117.91, 128.0, 120.25, 91.25, 138.5
2024-11-07, 18:56:47, 136.52, 58.27, 23.0, 22.14, 9999.0, 9.66, 10.0, 21.68, 9999.0, 23.98, 9999.0, 117.91, 128.0, 120.25, 91.25, 138.5
2024-11-07, 18:56:51, 136.52, 58.27, 23.0, 22.14, 9999.0, 9.64, 10.0, 21.68, 9999.0, 23.98, 9999.0, 117.91, 128.0, 120.25, 91.25, 138.5
2024-11-07, 18:56:55, 136.52, 58.27, 23.0, 22.16, 9999.0, 9.61, 10.0, 21.68, 9999.0, 23.98, 9999.0, 117.91, 128.0, 120.25, 91.25, 138.5
2024-11-07, 18:56:59, 136.52, 58.27, 23.0, 22.14, 9999.0, 9.59, 10.0, 21.68, 9999.0, 24.0, 9999.0, 117.89, 128.0, 120.25, 91.25, 138.5
2024-11-07, 18:57:03, 136.5, 58.27, 23.0, 22.11, 9999.0, 9.57, 10.0, 21.66, 9999.0, 24.02, 9999.0, 117.86, 128.0, 120.25, 91.25, 138.5
2024-11-07, 18:57:07, 136.5, 58.27, 23.0, 22.14, 9999.0, 9.57, 10.0, 21.68, 9999.0, 24.02, 9999.0, 117.84, 128.0, 120.25, 91.25, 138.5
2024-11-07, 18:57:11, 136.5, 58.27, 23.0, 22.11, 9999.0, 9.57, 10.0, 21.68, 9999.0, 24.02, 9999.0, 117.82, 127.98, 120.25, 91.25, 138.5
2024-11-07, 18:57:15, 136.5, 58.27, 23.0, 22.09, 9999.0, 9.57, 10.0, 21.68, 9999.0, 24.0, 9999.0, 117.8, 127.98, 120.25, 91.25, 138.5
2024-11-07, 18:57:20, 136.5, 58.25, 23.0, 22.07, 9999.0, 9.61, 10.0, 21.68, 9999.0, 23.98, 9999.0, 117.75, 127.98, 120.25, 91.25, 138.5
2024-11-07, 18:57:24, 136.5, 58.25, 23.0, 22.05, 9999.0, 9.64, 10.0, 21.7, 9999.0, 23.98, 9999.0, 117.75, 127.98, 120.25, 91.25, 138.5
2024-11-07, 18:57:28, 136.5, 58.25, 23.0, 22.05, 9999.0, 9.66, 10.0, 21.7, 9999.0, 23.98, 9999.0, 117.73, 127.98, 120.25, 91.25, 138.5
2024-11-07, 18:57:32, 136.5, 58.25, 23.0, 22.05, 9999.0, 9.68, 10.0, 21.73, 9999.0, 23.98, 9999.0, 117.75, 127.98, 120.25, 91.25, 138.5
2024-11-07, 18:57:36, 136.5, 58.25, 23.0, 22.05, 9999.0, 9.7, 10.0, 21.73, 9999.0, 23.98, 9999.0, 117.77, 127.98, 120.25, 91.25, 138.5
2024-11-07, 18:57:40, 136.5, 58.25, 23.0, 22.02, 9999.0, 9.73, 10.0, 21.73, 9999.0, 23.95, 9999.0, 117.8, 127.98, 120.25, 91.25, 138.5
2024-11-07, 18:57:44, 136.52, 58.25, 23.0, 22.02, 9999.0, 9.75, 10.0, 21.73, 9999.0, 23.95, 9999.0, 117.82, 127.98, 120.25, 91.25, 138.5
2024-11-07, 18:57:48, 136.52, 58.25, 23.0, 22.02, 9999.0, 9.77, 10.0, 21.75, 9999.0, 23.95, 9999.0, 117.84, 127.98, 120.25, 91.25, 138.5
2024-11-07, 18:57:52, 136.52, 58.25, 23.0, 22.0, 9999.0, 9.77, 10.0, 21.75, 9999.0, 23.95, 9999.0, 117.86, 127.98, 120.25, 91.25, 138.5
2024-11-07, 18:57:56, 136.52, 58.27, 23.0, 22.0, 9999.0, 9.77, 10.0, 21.73, 9999.0, 23.98, 9999.0, 117.86, 128.0, 120.25, 91.25, 138.5
2024-11-07, 18:58:00, 136.52, 58.27, 23.0, 22.0, 9999.0, 9.75, 10.0, 21.73, 9999.0, 24.02, 9999.0, 117.86, 128.0, 120.27, 91.25, 138.5
2024-11-07, 18:58:04, 136.52, 58.27, 23.0, 22.0, 9999.0, 9.73, 10.0, 21.73, 9999.0, 24.05, 9999.0, 117.89, 128.0, 120.27, 91.25, 138.5
2024-11-07, 18:58:08, 136.52, 58.27, 23.0, 22.0, 9999.0, 9.7, 10.0, 21.73, 9999.0, 24.07, 9999.0, 117.89, 128.0, 120.27, 91.25, 138.5
2024-11-07, 18:58:12, 136.52, 58.27, 23.0, 22.0, 9999.0, 9.68, 10.0, 21.73, 9999.0, 24.09, 9999.0, 117.89, 128.0, 120.27, 91.25, 138.5
2024-11-07, 18:58:16, 136.52, 58.27, 23.0, 22.0, 9999.0, 9.66, 10.0, 21.73, 9999.0, 24.11, 9999.0, 117.86, 128.0, 120.27, 91.25, 138.5
2024-11-07, 18:58:20, 136.52, 58.27, 23.0, 22.0, 9999.0, 9.64, 10.0, 21.7, 9999.0, 24.11, 9999.0, 117.84, 128.0, 120.27, 91.25, 138.5
2024-11-07, 18:58:24, 136.52, 58.27, 23.0, 22.0, 9999.0, 9.61, 10.0, 21.7, 9999.0, 24.14, 9999.0, 117.82, 128.0, 120.27, 91.25, 138.5
2024-11-07, 18:58:28, 136.5, 58.27, 23.0, 22.0, 9999.0, 9.61, 10.0, 21.7, 9999.0, 24.14, 9999.0, 117.8, 128.0, 120.27, 91.23, 138.5
2024-11-07, 18:58:32, 136.5, 58.27, 22.98, 22.0, 9999.0, 9.61, 10.0, 21.7, 9999.0, 24.14, 9999.0, 117.75, 128.0, 120.27, 91.23, 138.5
2024-11-07, 18:58:36, 136.5, 58.27, 22.98, 22.0, 9999.0, 9.61, 10.0, 21.7, 9999.0, 24.14, 9999.0, 117.7, 128.0, 120.27, 91.23, 138.5
2024-11-07, 18:58:40, 136.5, 58.25, 22.98, 22.0, 9999.0, 9.61, 10.0, 21.73, 9999.0, 24.11, 9999.0, 117.68, 128.0, 120.27, 91.23, 138.5
2024-11-07, 18:58:44, 136.5, 58.25, 22.98, 22.0, 9999.0, 9.64, 10.0, 21.73, 9999.0, 24.09, 9999.0, 117.7, 128.0, 120.25, 91.23, 138.5
2024-11-07, 18:58:48, 136.5, 58.25, 22.98, 22.0, 9999.0, 9.64, 10.0, 21.73, 9999.0, 24.07, 9999.0, 117.7, 127.98, 120.25, 91.23, 138.5
2024-11-07, 18:58:52, 136.5, 58.25, 22.98, 22.0, 9999.0, 9.66, 10.0, 21.73, 9999.0, 24.05, 9999.0, 117.73, 127.98, 120.25, 91.23, 138.5
2024-11-07, 18:58:56, 136.5, 58.25, 22.98, 22.0, 9999.0, 9.68, 10.0, 21.73, 9999.0, 24.0, 9999.0, 117.75, 127.98, 120.25, 91.23, 138.5
2024-11-07, 18:59:00, 136.5, 58.25, 22.98, 22.0, 9999.0, 9.7, 10.0, 21.73, 9999.0, 23.95, 9999.0, 117.77, 127.98, 120.25, 91.23, 138.5
2024-11-07, 18:59:04, 136.5, 58.25, 22.98, 22.0, 9999.0, 9.73, 10.0, 21.75, 9999.0, 23.95, 9999.0, 117.8, 127.98, 120.25, 91.23, 138.5
2024-11-07, 18:59:08, 136.5, 58.25, 22.95, 22.0, 9999.0, 9.75, 10.0, 21.75, 9999.0, 23.95, 9999.0, 117.82, 127.98, 120.25, 91.23, 138.5
2024-11-07, 18:59:12, 136.5, 58.25, 22.95, 22.0, 9999.0, 9.75, 10.0, 21.75, 9999.0, 23.95, 9999.0, 117.84, 127.98, 120.25, 91.25, 138.5
2024-11-07, 18:59:16, 136.52, 58.25, 22.98, 22.0, 9999.0, 9.75, 10.0, 21.73, 9999.0, 23.98, 9999.0, 117.86, 127.98, 120.25, 91.25, 138.5
2024-11-07, 18:59:20, 136.55, 58.25, 22.98, 22.0, 9999.0, 9.73, 10.0, 21.73, 9999.0, 24.0, 9999.0, 117.89, 127.98, 120.25, 91.25, 138.5
2024-11-07, 18:59:24, 136.55, 58.25, 22.98, 22.0, 9999.0, 9.7, 10.0, 21.7, 9999.0, 24.02, 9999.0, 117.91, 127.98, 120.25, 91.25, 138.5
2024-11-07, 18:59:28, 136.55, 58.25, 22.98, 22.0, 9999.0, 9.68, 10.0, 21.7, 9999.0, 24.05, 9999.0, 117.89, 127.98, 120.25, 91.25, 138.5
2024-11-07, 18:59:32, 136.55, 58.25, 22.98, 22.0, 9999.0, 9.66, 10.0, 21.7, 9999.0, 24.07, 9999.0, 117.89, 128.0, 120.25, 91.25, 138.5
2024-11-07, 18:59:36, 136.55, 58.25, 22.98, 22.0, 9999.0, 9.64, 10.0, 21.7, 9999.0, 24.07, 9999.0, 117.86, 128.0, 120.25, 91.25, 138.5
2024-11-07, 18:59:40, 136.55, 58.25, 22.98, 22.0, 9999.0, 9.61, 10.0, 21.7, 9999.0, 24.09, 9999.0, 117.84, 128.0, 120.25, 91.25, 138.5
2024-11-07, 18:59:44, 136.57, 58.25, 22.98, 22.0, 9999.0, 9.61, 10.0, 21.7, 9999.0, 24.11, 9999.0, 117.82, 128.0, 120.25, 91.25, 138.5
2024-11-07, 18:59:48, 136.57, 58.25, 22.98, 22.0, 9999.0, 9.61, 10.0, 21.7, 9999.0, 24.11, 9999.0, 117.8, 128.0, 120.25, 91.25, 138.5
2024-11-07, 18:59:52, 136.57, 58.27, 23.0, 22.0, 9999.0, 9.61, 10.0, 21.7, 9999.0, 24.11, 9999.0, 117.75, 128.0, 120.25, 91.25, 138.5
2024-11-07, 18:59:56, 136.57, 58.27, 23.0, 22.0, 9999.0, 9.61, 10.0, 21.7, 9999.0, 24.11, 9999.0, 117.7, 128.0, 120.25, 91.25, 138.5
2024-11-07, 19:00:00, 136.55, 58.27, 23.0, 22.0, 9999.0, 9.64, 10.0, 21.73, 9999.0, 24.09, 9999.0, 117.68, 128.0, 120.25, 91.25, 138.5
2024-11-07, 19:00:04, 136.52, 58.27, 23.0, 22.0, 9999.0, 9.68, 10.0, 21.73, 9999.0, 24.07, 9999.0, 117.68, 128.0, 120.25, 91.25, 138.5
2024-11-07, 19:00:08, 136.52, 58.27, 23.0, 22.0, 9999.0, 9.7, 10.0, 21.75, 9999.0, 24.05, 9999.0, 117.68, 128.0, 120.25, 91.25, 138.5
2024-11-07, 19:00:12, 136.52, 58.27, 23.0, 22.0, 9999.0, 9.73, 10.0, 21.75, 9999.0, 24.0, 9999.0, 117.7, 128.0, 120.25, 91.25, 138.5
2024-11-07, 19:00:16, 136.55, 58.27, 23.0, 22.0, 9999.0, 9.75, 10.0, 21.75, 9999.0, 23.95, 9999.0, 117.73, 128.0, 120.25, 91.25, 138.5
2024-11-07, 19:00:27, 136.55, 58.27, 22.98, 22.02, 9999.0, 9.77, 10.0, 21.73, 9999.0, 23.93, 9999.0, 117.75, 128.0, 120.25, 91.25, 138.5
2024-11-07, 19:00:31, 136.57, 58.27, 22.98, 22.02, 9999.0, 9.8, 10.0, 21.73, 9999.0, 23.93, 9999.0, 117.77, 128.0, 120.25, 91.25, 138.5
2024-11-07, 19:00:36, 136.55, 58.27, 22.98, 22.02, 9999.0, 9.8, 10.0, 21.73, 9999.0, 23.93, 9999.0, 117.77, 128.0, 120.25, 91.23, 138.5
2024-11-07, 19:00:40, 136.55, 58.27, 22.98, 22.02, 9999.0, 9.8, 10.0, 21.73, 9999.0, 23.93, 9999.0, 117.77, 128.0, 120.25, 91.23, 138.5
2024-11-07, 19:00:44, 136.57, 58.25, 22.98, 22.02, 9999.0, 9.77, 10.0, 21.73, 9999.0, 23.95, 9999.0, 117.8, 128.0, 120.25, 91.2, 138.5
2024-11-07, 19:00:48, 136.57, 58.25, 22.98, 22.02, 9999.0, 9.75, 10.0, 21.73, 9999.0, 23.98, 9999.0, 117.82, 128.0, 120.25, 91.2, 138.5
2024-11-07, 19:00:52, 136.57, 58.25, 22.98, 22.02, 9999.0, 9.7, 10.0, 21.73, 9999.0, 23.98, 9999.0, 117.84, 128.0, 120.25, 91.2, 138.5
2024-11-07, 19:00:56, 136.57, 58.25, 22.98, 22.05, 9999.0, 9.68, 10.0, 21.73, 9999.0, 23.98, 9999.0, 117.84, 128.0, 120.25, 91.2, 138.5
2024-11-07, 19:01:00, 136.57, 58.25, 22.98, 22.05, 9999.0, 9.66, 10.0, 21.73, 9999.0, 23.98, 9999.0, 117.84, 128.0, 120.25, 91.2, 138.5
2024-11-07, 19:01:04, 136.57, 58.25, 22.98, 22.05, 9999.0, 9.64, 10.0, 21.73, 9999.0, 24.0, 9999.0, 117.82, 128.0, 120.25, 91.2, 138.5
2024-11-07, 19:01:08, 136.55, 58.25, 22.98, 22.05, 9999.0, 9.61, 10.0, 21.7, 9999.0, 24.02, 9999.0, 117.8, 128.0, 120.25, 91.2, 138.5
2024-11-07, 19:01:12, 136.55, 58.25, 23.0, 22.05, 9999.0, 9.61, 10.0, 21.73, 9999.0, 24.05, 9999.0, 117.75, 128.0, 120.25, 91.2, 138.5
2024-11-07, 19:01:16, 136.52, 58.25, 23.0, 22.05, 9999.0, 9.61, 10.0, 21.7, 9999.0, 24.05, 9999.0, 117.73, 128.0, 120.25, 91.2, 138.5
2024-11-07, 19:01:21, 136.52, 58.25, 22.98, 22.05, 9999.0, 9.61, 10.0, 21.7, 9999.0, 24.02, 9999.0, 117.7, 128.0, 120.25, 91.23, 138.5
2024-11-07, 19:01:25, 136.52, 58.25, 22.98, 22.05, 9999.0, 9.61, 10.0, 21.7, 9999.0, 24.02, 9999.0, 117.68, 128.0, 120.25, 91.23, 138.5
2024-11-07, 19:01:29, 136.5, 58.25, 22.98, 22.05, 9999.0, 9.66, 10.0, 21.7, 9999.0, 24.0, 9999.0, 117.68, 127.98, 120.25, 91.25, 138.5
2024-11-07, 19:01:33, 136.5, 58.25, 22.98, 22.05, 9999.0, 9.68, 10.0, 21.7, 9999.0, 23.98, 9999.0, 117.68, 127.95, 120.25, 91.25, 138.5
2024-11-07, 19:01:37, 136.5, 58.25, 22.98, 22.05, 9999.0, 9.7, 10.0, 21.68, 9999.0, 23.95, 9999.0, 117.68, 127.93, 120.25, 91.25, 138.5
2024-11-07, 19:01:41, 136.5, 58.25, 22.98, 22.02, 9999.0, 9.7, 10.0, 21.68, 9999.0, 23.95, 9999.0, 117.7, 127.93, 120.25, 91.25, 138.5
2024-11-07, 19:01:45, 136.5, 58.25, 22.98, 22.02, 9999.0, 9.73, 10.0, 21.68, 9999.0, 23.93, 9999.0, 117.73, 127.93, 120.25, 91.25, 138.5
2024-11-07, 19:01:49, 136.5, 58.25, 22.98, 22.02, 9999.0, 9.75, 10.0, 21.68, 9999.0, 23.91, 9999.0, 117.75, 127.93, 120.25, 91.25, 138.5
2024-11-07, 19:01:53, 136.5, 58.25, 22.98, 22.02, 9999.0, 9.77, 10.0, 21.7, 9999.0, 23.91, 9999.0, 117.77, 127.93, 120.25, 91.25, 138.5
2024-11-07, 19:01:57, 136.5, 58.25, 22.98, 22.0, 9999.0, 9.77, 10.0, 21.7, 9999.0, 23.91, 9999.0, 117.82, 127.93, 120.25, 91.25, 138.5
2024-11-07, 19:02:01, 136.5, 58.25, 22.98, 22.0, 9999.0, 9.77, 10.0, 21.73, 9999.0, 23.93, 9999.0, 117.84, 127.93, 120.25, 91.25, 138.5
2024-11-07, 19:02:05, 136.5, 58.25, 23.0, 22.0, 9999.0, 9.77, 10.0, 21.7, 9999.0, 23.98, 9999.0, 117.89, 127.93, 120.27, 91.25, 138.5
2024-11-07, 19:02:09, 136.5, 58.25, 23.0, 22.0, 9999.0, 9.75, 10.0, 21.7, 9999.0, 24.0, 9999.0, 117.93, 127.93, 120.27, 91.25, 138.5
2024-11-07, 19:02:13, 136.5, 58.25, 23.0, 22.0, 9999.0, 9.7, 10.0, 21.7, 9999.0, 24.02, 9999.0, 117.93, 127.95, 120.27, 91.25, 138.52
2024-11-07, 19:02:17, 136.52, 58.25, 23.0, 22.0, 9999.0, 9.7, 10.0, 21.7, 9999.0, 24.05, 9999.0, 117.93, 127.98, 120.27, 91.25, 138.52
2024-11-07, 19:02:21, 136.52, 58.25, 23.0, 22.0, 9999.0, 9.68, 10.0, 21.73, 9999.0, 24.07, 9999.0, 117.93, 128.0, 120.27, 91.25, 138.52
2024-11-07, 19:02:25, 136.52, 58.25, 23.0, 22.0, 9999.0, 9.66, 10.0, 21.7, 9999.0, 24.07, 9999.0, 117.91, 128.0, 120.27, 91.25, 138.52
2024-11-07, 19:02:29, 136.52, 58.25, 23.0, 22.0, 9999.0, 9.64, 10.0, 21.7, 9999.0, 24.09, 9999.0, 117.89, 128.0, 120.27, 91.25, 138.52
2024-11-07, 19:02:33, 136.52, 58.25, 23.0, 22.0, 9999.0, 9.61, 10.0, 21.68, 9999.0, 24.09, 9999.0, 117.86, 128.0, 120.27, 91.25, 138.52
2024-11-07, 19:02:37, 136.52, 58.25, 23.0, 22.0, 9999.0, 9.61, 10.0, 21.68, 9999.0, 24.07, 9999.0, 117.84, 128.0, 120.27, 91.25, 138.52
2024-11-07, 19:02:41, 136.52, 58.25, 23.0, 22.0, 9999.0, 9.61, 10.0, 21.66, 9999.0, 24.07, 9999.0, 117.82, 128.0, 120.27, 91.25, 138.52
2024-11-07, 19:02:45, 136.52, 58.25, 23.0, 22.0, 9999.0, 9.61, 10.0, 21.64, 9999.0, 24.02, 9999.0, 117.8, 128.0, 120.27, 91.25, 138.52
2024-11-07, 19:02:49, 136.52, 58.25, 23.0, 22.0, 9999.0, 9.61, 10.0, 21.66, 9999.0, 23.98, 9999.0, 117.77, 127.98, 120.25, 91.25, 138.52
2024-11-07, 19:02:53, 136.52, 58.27, 23.0, 22.0, 9999.0, 9.64, 10.0, 21.66, 9999.0, 23.93, 9999.0, 117.75, 127.98, 120.25, 91.25, 138.52
2024-11-07, 19:02:57, 136.52, 58.3, 23.0, 22.0, 9999.0, 9.66, 10.0, 21.66, 9999.0, 23.89, 9999.0, 117.77, 127.98, 120.25, 91.25, 138.5
2024-11-07, 19:03:01, 136.5, 58.32, 23.0, 22.0, 9999.0, 9.66, 10.0, 21.66, 9999.0, 23.84, 9999.0, 117.8, 127.98, 120.25, 91.25, 138.5
2024-11-07, 19:03:05, 136.5, 58.32, 23.0, 22.0, 9999.0, 9.68, 10.0, 21.66, 9999.0, 23.82, 9999.0, 117.82, 127.98, 120.25, 91.25, 138.5
2024-11-07, 19:03:09, 136.5, 58.32, 23.0, 22.0, 9999.0, 9.7, 10.0, 21.66, 9999.0, 23.8, 9999.0, 117.84, 127.98, 120.25, 91.25, 138.5
2024-11-07, 19:03:13, 136.5, 58.32, 23.0, 22.0, 9999.0, 9.73, 10.0, 21.66, 9999.0, 23.8, 9999.0, 117.86, 127.98, 120.25, 91.25, 138.5
2024-11-07, 19:03:17, 136.5, 58.32, 23.0, 22.0, 9999.0, 9.75, 10.0, 21.66, 9999.0, 23.82, 9999.0, 117.89, 127.98, 120.25, 91.25, 138.5
2024-11-07, 19:03:21, 136.5, 58.32, 23.0, 22.0, 9999.0, 9.75, 10.0, 21.66, 9999.0, 23.84, 9999.0, 117.91, 127.98, 120.25, 91.25, 138.5
2024-11-07, 19:03:25, 136.5, 58.32, 23.0, 22.0, 9999.0, 9.73, 10.0, 21.68, 9999.0, 23.84, 9999.0, 117.91, 127.98, 120.25, 91.25, 138.5
2024-11-07, 19:03:29, 136.5, 58.32, 23.0, 22.0, 9999.0, 9.7, 10.0, 21.68, 9999.0, 23.86, 9999.0, 117.91, 127.98, 120.25, 91.25, 138.5
2024-11-07, 19:03:33, 136.52, 58.32, 23.0, 22.0, 9999.0, 9.68, 10.0, 21.68, 9999.0, 23.89, 9999.0, 117.91, 128.0, 120.25, 91.25, 138.5
2024-11-07, 19:03:37, 136.52, 58.3, 23.0, 22.0, 9999.0, 9.66, 10.0, 21.68, 9999.0, 23.91, 9999.0, 117.91, 128.0, 120.25, 91.25, 138.5
2024-11-07, 19:03:41, 136.52, 58.27, 23.0, 22.0, 9999.0, 9.64, 10.0, 21.66, 9999.0, 23.93, 9999.0, 117.89, 128.0, 120.25, 91.25, 138.5
2024-11-07, 19:03:45, 136.52, 58.25, 23.0, 22.0, 9999.0, 9.61, 10.0, 21.66, 9999.0, 23.93, 9999.0, 117.86, 128.0, 120.25, 91.25, 138.5
2024-11-07, 19:03:49, 136.52, 58.25, 23.0, 22.0, 9999.0, 9.59, 10.0, 21.64, 9999.0, 23.93, 9999.0, 117.84, 128.0, 120.25, 91.25, 138.5
2024-11-07, 19:03:53, 136.52, 58.25, 23.0, 22.0, 9999.0, 9.57, 10.0, 21.64, 9999.0, 23.93, 9999.0, 117.82, 128.0, 120.25, 91.25, 138.5
2024-11-07, 19:03:57, 136.52, 58.25, 23.0, 22.0, 9999.0, 9.57, 10.0, 21.64, 9999.0, 23.91, 9999.0, 117.77, 128.0, 120.25, 91.25, 138.5
2024-11-07, 19:04:01, 136.52, 58.25, 23.0, 22.0, 9999.0, 9.57, 10.0, 21.64, 9999.0, 23.89, 9999.0, 117.75, 128.0, 120.25, 91.25, 138.5
2024-11-07, 19:04:05, 136.52, 58.25, 23.0, 22.0, 9999.0, 9.57, 10.0, 21.64, 9999.0, 23.86, 9999.0, 117.73, 128.0, 120.25, 91.25, 138.5
2024-11-07, 19:04:09, 136.52, 58.25, 23.0, 22.0, 9999.0, 9.61, 10.0, 21.64, 9999.0, 23.84, 9999.0, 117.7, 127.98, 120.25, 91.25, 138.5
2024-11-07, 19:04:13, 136.52, 58.25, 23.0, 22.0, 9999.0, 9.66, 10.0, 21.66, 9999.0, 23.82, 9999.0, 117.73, 127.98, 120.25, 91.25, 138.5
2024-11-07, 19:04:17, 136.5, 58.25, 23.0, 22.0, 9999.0, 9.68, 10.0, 21.66, 9999.0, 23.8, 9999.0, 117.75, 127.98, 120.25, 91.25, 138.5
2024-11-07, 19:04:21, 136.5, 58.25, 23.0, 22.0, 9999.0, 9.7, 10.0, 21.66, 9999.0, 23.77, 9999.0, 117.77, 127.98, 120.25, 91.25, 138.5
2024-11-07, 19:04:25, 136.52, 58.25, 23.0, 22.0, 9999.0, 9.73, 10.0, 21.66, 9999.0, 23.75, 9999.0, 117.8, 127.98, 120.25, 91.25, 138.5
2024-11-07, 19:04:29, 136.52, 58.25, 23.0, 22.0, 9999.0, 9.75, 10.0, 21.64, 9999.0, 23.75, 9999.0, 117.82, 127.98, 120.25, 91.25, 138.5
2024-11-07, 19:04:33, 136.52, 58.25, 23.0, 22.0, 9999.0, 9.77, 10.0, 21.66, 9999.0, 23.75, 9999.0, 117.84, 127.98, 120.25, 91.25, 138.5
2024-11-07, 19:04:37, 136.52, 58.25, 23.0, 22.0, 9999.0, 9.8, 10.0, 21.68, 9999.0, 23.75, 9999.0, 117.86, 127.98, 120.25, 91.25, 138.5
2024-11-07, 19:04:41, 136.52, 58.25, 23.0, 22.0, 9999.0, 9.8, 10.0, 21.68, 9999.0, 23.75, 9999.0, 117.91, 127.98, 120.25, 91.25, 138.5
2024-11-07, 19:04:45, 136.55, 58.25, 23.0, 22.0, 9999.0, 9.77, 10.02, 21.7, 9999.0, 23.75, 9999.0, 117.91, 127.98, 120.25, 91.25, 138.5
2024-11-07, 19:04:49, 136.57, 58.25, 23.0, 22.0, 9999.0, 9.77, 10.02, 21.7, 9999.0, 23.75, 9999.0, 117.93, 127.98, 120.25, 91.25, 138.5
2024-11-07, 19:04:53, 136.57, 58.27, 23.0, 22.0, 9999.0, 9.73, 10.02, 21.7, 9999.0, 23.75, 9999.0, 117.98, 128.0, 120.25, 91.25, 138.5
2024-11-07, 19:04:57, 136.57, 58.27, 23.0, 22.0, 9999.0, 9.68, 10.02, 21.7, 9999.0, 23.75, 9999.0, 117.95, 128.0, 120.25, 91.25, 138.5
2024-11-07, 19:05:01, 136.57, 58.3, 23.0, 22.0, 9999.0, 9.66, 10.02, 21.7, 9999.0, 23.75, 9999.0, 117.93, 128.0, 120.25, 91.25, 138.52
2024-11-07, 19:05:06, 136.57, 58.3, 23.0, 22.0, 9999.0, 9.64, 10.02, 21.7, 9999.0, 23.75, 9999.0, 117.91, 128.0, 120.25, 91.25, 138.52
2024-11-07, 19:05:10, 136.55, 58.3, 23.0, 22.0, 9999.0, 9.61, 10.02, 21.73, 9999.0, 23.75, 9999.0, 117.89, 128.0, 120.25, 91.25, 138.52
2024-11-07, 19:05:14, 136.55, 58.3, 23.0, 22.0, 9999.0, 9.59, 10.02, 21.75, 9999.0, 23.75, 9999.0, 117.86, 128.0, 120.25, 91.25, 138.52
2024-11-07, 19:05:18, 136.55, 58.3, 23.0, 22.0, 9999.0, 9.59, 10.02, 21.75, 9999.0, 23.73, 9999.0, 117.84, 128.0, 120.25, 91.25, 138.55
2024-11-07, 19:05:22, 136.55, 58.3, 23.0, 22.0, 9999.0, 9.59, 10.02, 21.75, 9999.0, 23.7, 9999.0, 117.82, 128.0, 120.25, 91.25, 138.55
2024-11-07, 19:05:26, 136.55, 58.3, 23.0, 22.0, 9999.0, 9.59, 10.02, 21.75, 9999.0, 23.68, 9999.0, 117.8, 128.0, 120.25, 91.25, 138.55
2024-11-07, 19:05:30, 136.55, 58.3, 23.0, 22.0, 9999.0, 9.61, 10.0, 21.75, 9999.0, 23.66, 9999.0, 117.8, 128.0, 120.25, 91.25, 138.55
2024-11-07, 19:05:34, 136.52, 58.3, 23.0, 22.02, 9999.0, 9.61, 10.0, 21.75, 9999.0, 23.64, 9999.0, 117.77, 128.0, 120.25, 91.25, 138.55
2024-11-07, 19:05:38, 136.52, 58.27, 23.0, 22.02, 9999.0, 9.64, 10.0, 21.75, 9999.0, 23.61, 9999.0, 117.75, 128.0, 120.25, 91.25, 138.57
2024-11-07, 19:05:42, 136.52, 58.27, 23.0, 22.02, 9999.0, 9.66, 10.0, 21.75, 9999.0, 23.59, 9999.0, 117.77, 128.0, 120.25, 91.25, 138.57
2024-11-07, 19:05:46, 136.55, 58.25, 23.0, 22.02, 9999.0, 9.68, 10.0, 21.75, 9999.0, 23.59, 9999.0, 117.8, 128.0, 120.25, 91.25, 138.55
2024-11-07, 19:05:50, 136.55, 58.25, 23.0, 22.02, 9999.0, 9.7, 10.0, 21.75, 9999.0, 23.59, 9999.0, 117.82, 128.0, 120.25, 91.25, 138.57
2024-11-07, 19:05:54, 136.55, 58.25, 23.0, 22.02, 9999.0, 9.73, 10.0, 21.73, 9999.0, 23.59, 9999.0, 117.84, 128.0, 120.27, 91.25, 138.57
2024-11-07, 19:05:58, 136.55, 58.25, 23.0, 22.02, 9999.0, 9.75, 10.0, 21.73, 9999.0, 23.59, 9999.0, 117.86, 128.0, 120.27, 91.25, 138.59
2024-11-07, 19:06:02, 136.57, 58.25, 23.0, 22.02, 9999.0, 9.75, 10.0, 21.73, 9999.0, 23.61, 9999.0, 117.89, 128.0, 120.27, 91.25, 138.57
2024-11-07, 19:06:06, 136.57, 58.25, 23.0, 22.02, 9999.0, 9.75, 10.0, 21.73, 9999.0, 23.66, 9999.0, 117.91, 128.0, 120.27, 91.25, 138.59
2024-11-07, 19:06:10, 136.57, 58.25, 23.0, 22.02, 9999.0, 9.75, 10.0, 21.73, 9999.0, 23.7, 9999.0, 117.93, 128.0, 120.27, 91.25, 138.59
2024-11-07, 19:06:14, 136.55, 58.25, 23.0, 22.05, 9999.0, 9.75, 10.0, 21.73, 9999.0, 23.73, 9999.0, 117.93, 128.0, 120.27, 91.25, 138.61
2024-11-07, 19:06:18, 136.55, 58.25, 23.0, 22.02, 9999.0, 9.73, 10.0, 21.7, 9999.0, 23.75, 9999.0, 117.95, 128.0, 120.27, 91.25, 138.64
2024-11-07, 19:06:22, 136.55, 58.25, 23.0, 22.02, 9999.0, 9.7, 10.0, 21.7, 9999.0, 23.77, 9999.0, 117.95, 128.0, 120.27, 91.25, 138.64
2024-11-07, 19:06:26, 136.57, 58.25, 23.0, 22.02, 9999.0, 9.68, 10.0, 21.7, 9999.0, 23.8, 9999.0, 117.93, 128.0, 120.27, 91.25, 138.66
2024-11-07, 19:06:30, 136.55, 58.25, 23.0, 22.05, 9999.0, 9.68, 10.0, 21.7, 9999.0, 23.8, 9999.0, 117.91, 128.0, 120.27, 91.25, 138.68
2024-11-07, 19:06:34, 136.57, 58.25, 23.0, 22.07, 9999.0, 9.66, 10.0, 21.7, 9999.0, 23.8, 9999.0, 117.89, 128.0, 120.27, 91.25, 138.68
2024-11-07, 19:06:38, 136.57, 58.25, 23.0, 22.09, 9999.0, 9.66, 10.0, 21.73, 9999.0, 23.8, 9999.0, 117.86, 128.0, 120.25, 91.25, 138.7
2024-11-07, 19:06:42, 136.57, 58.25, 23.0, 22.11, 9999.0, 9.66, 10.0, 21.73, 9999.0, 23.8, 9999.0, 117.84, 128.0, 120.25, 91.25, 138.7
2024-11-07, 19:06:46, 136.55, 58.25, 23.0, 22.11, 9999.0, 9.66, 10.0, 21.7, 9999.0, 23.8, 9999.0, 117.82, 127.98, 120.25, 91.25, 138.7
2024-11-07, 19:06:50, 136.55, 58.25, 23.0, 22.14, 9999.0, 9.68, 10.0, 21.7, 9999.0, 23.77, 9999.0, 117.8, 127.98, 120.25, 91.25, 138.7
2024-11-07, 19:06:54, 136.55, 58.25, 23.0, 22.14, 9999.0, 9.7, 10.0, 21.7, 9999.0, 23.75, 9999.0, 117.8, 127.98, 120.25, 91.25, 138.7
2024-11-07, 19:06:58, 136.55, 58.25, 23.0, 22.11, 9999.0, 9.7, 10.0, 21.7, 9999.0, 23.73, 9999.0, 117.8, 127.98, 120.25, 91.25, 138.7
2024-11-07, 19:07:02, 136.55, 58.25, 23.0, 22.11, 9999.0, 9.73, 10.0, 21.73, 9999.0, 23.7, 9999.0, 117.8, 127.98, 120.25, 91.25, 138.7
2024-11-07, 19:07:06, 136.55, 58.25, 23.0, 22.14, 9999.0, 9.75, 10.0, 21.73, 9999.0, 23.68, 9999.0, 117.82, 127.98, 120.25, 91.25, 138.68
2024-11-07, 19:07:10, 136.52, 58.25, 23.0, 22.16, 9999.0, 9.77, 10.0, 21.73, 9999.0, 23.66, 9999.0, 117.84, 127.98, 120.25, 91.25, 138.68
2024-11-07, 19:07:14, 136.52, 58.25, 23.0, 22.16, 9999.0, 9.77, 10.0, 21.7, 9999.0, 23.66, 9999.0, 117.86, 127.98, 120.27, 91.25, 138.68
2024-11-07, 19:07:18, 136.5, 58.25, 23.0, 22.16, 9999.0, 9.8, 10.0, 21.7, 9999.0, 23.66, 9999.0, 117.89, 127.98, 120.27, 91.25, 138.66
2024-11-07, 19:07:22, 136.5, 58.25, 23.0, 22.16, 9999.0, 9.8, 10.0, 21.7, 9999.0, 23.66, 9999.0, 117.91, 127.98, 120.27, 91.25, 138.66
2024-11-07, 19:07:26, 136.5, 58.25, 23.0, 22.16, 9999.0, 9.8, 10.0, 21.68, 9999.0, 23.68, 9999.0, 117.93, 127.98, 120.3, 91.25, 138.64
2024-11-07, 19:07:30, 136.5, 58.25, 23.0, 22.16, 9999.0, 9.8, 10.0, 21.68, 9999.0, 23.7, 9999.0, 117.93, 128.0, 120.3, 91.25, 138.64
2024-11-07, 19:07:34, 136.5, 58.25, 23.0, 22.16, 9999.0, 9.77, 10.0, 21.68, 9999.0, 23.7, 9999.0, 117.93, 128.0, 120.3, 91.25, 138.64
2024-11-07, 19:07:38, 136.5, 58.25, 23.0, 22.16, 9999.0, 9.73, 10.0, 21.68, 9999.0, 23.7, 9999.0, 117.93, 128.0, 120.3, 91.25, 138.66
2024-11-07, 19:07:42, 136.5, 58.25, 23.0, 22.16, 9999.0, 9.73, 10.0, 21.68, 9999.0, 23.73, 9999.0, 117.93, 128.0, 120.3, 91.25, 138.66
2024-11-07, 19:07:46, 136.5, 58.25, 23.0, 22.16, 9999.0, 9.7, 10.0, 21.68, 9999.0, 23.75, 9999.0, 117.91, 128.0, 120.3, 91.25, 138.66
2024-11-07, 19:07:50, 136.5, 58.25, 23.0, 22.16, 9999.0, 9.68, 10.0, 21.68, 9999.0, 23.77, 9999.0, 117.89, 128.0, 120.3, 91.25, 138.68
2024-11-07, 19:07:54, 136.5, 58.25, 23.0, 22.16, 9999.0, 9.66, 10.0, 21.68, 9999.0, 23.8, 9999.0, 117.86, 128.0, 120.3, 91.25, 138.68
2024-11-07, 19:07:58, 136.5, 58.25, 23.0, 22.16, 9999.0, 9.66, 10.0, 21.7, 9999.0, 23.8, 9999.0, 117.84, 128.0, 120.27, 91.25, 138.66
2024-11-07, 19:08:02, 136.5, 58.25, 23.0, 22.16, 9999.0, 9.66, 10.0, 21.7, 9999.0, 23.8, 9999.0, 117.82, 128.0, 120.3, 91.23, 138.68
2024-11-07, 19:08:06, 136.5, 58.25, 23.0, 22.16, 9999.0, 9.66, 10.0, 21.7, 9999.0, 23.8, 9999.0, 117.8, 128.0, 120.3, 91.23, 138.68
2024-11-07, 19:08:10, 136.5, 58.25, 23.0, 22.16, 9999.0, 9.68, 10.0, 21.73, 9999.0, 23.77, 9999.0, 117.77, 128.0, 120.27, 91.23, 138.68
2024-11-07, 19:08:14, 136.5, 58.25, 23.0, 22.18, 9999.0, 9.7, 10.0, 21.75, 9999.0, 23.75, 9999.0, 117.8, 128.0, 120.27, 91.2, 138.68
2024-11-07, 19:08:18, 136.5, 58.25, 23.0, 22.16, 9999.0, 9.73, 10.0, 21.75, 9999.0, 23.75, 9999.0, 117.82, 128.0, 120.27, 91.2, 138.68
2024-11-07, 19:08:22, 136.5, 58.27, 23.0, 22.18, 9999.0, 9.75, 10.0, 21.75, 9999.0, 23.75, 9999.0, 117.82, 128.0, 120.27, 91.2, 138.66
2024-11-07, 19:08:26, 136.52, 58.27, 23.0, 22.18, 9999.0, 9.75, 10.02, 21.75, 9999.0, 23.73, 9999.0, 117.84, 128.0, 120.3, 91.2, 138.66
2024-11-07, 19:08:30, 136.52, 58.27, 23.0, 22.2, 9999.0, 9.77, 10.02, 21.75, 9999.0, 23.7, 9999.0, 117.86, 128.0, 120.32, 91.2, 138.64
2024-11-07, 19:08:34, 136.52, 58.27, 23.0, 22.2, 9999.0, 9.8, 10.02, 21.75, 9999.0, 23.73, 9999.0, 117.89, 128.0, 120.34, 91.2, 138.64
2024-11-07, 19:08:38, 136.52, 58.27, 23.0, 22.2, 9999.0, 9.82, 10.02, 21.75, 9999.0, 23.73, 9999.0, 117.91, 128.0, 120.34, 91.2, 138.64
2024-11-07, 19:08:42, 136.52, 58.3, 23.0, 22.2, 9999.0, 9.82, 10.02, 21.75, 9999.0, 23.73, 9999.0, 117.93, 128.0, 120.34, 91.2, 138.66
2024-11-07, 19:08:46, 136.55, 58.32, 23.0, 22.2, 9999.0, 9.82, 10.02, 21.75, 9999.0, 23.75, 9999.0, 117.95, 128.0, 120.32, 91.23, 138.66
2024-11-07, 19:08:51, 136.57, 58.32, 23.0, 22.2, 9999.0, 9.82, 10.02, 21.75, 9999.0, 23.77, 9999.0, 117.98, 128.0, 120.34, 91.23, 138.66
2024-11-07, 19:08:55, 136.57, 58.32, 23.0, 22.2, 9999.0, 9.8, 10.02, 21.75, 9999.0, 23.8, 9999.0, 117.98, 128.0, 120.34, 91.23, 138.68
2024-11-07, 19:08:59, 136.57, 58.32, 23.0, 22.18, 9999.0, 9.75, 10.02, 21.75, 9999.0, 23.82, 9999.0, 117.98, 128.0, 120.34, 91.25, 138.7
2024-11-07, 19:09:03, 136.57, 58.34, 23.0, 22.18, 9999.0, 9.7, 10.02, 21.75, 9999.0, 23.84, 9999.0, 117.98, 128.0, 120.34, 91.25, 138.7
2024-11-07, 19:09:07, 136.57, 58.34, 23.0, 22.18, 9999.0, 9.7, 10.02, 21.75, 9999.0, 23.84, 9999.0, 117.95, 128.0, 120.34, 91.25, 138.73
2024-11-07, 19:09:11, 136.57, 58.34, 23.0, 22.2, 9999.0, 9.68, 10.0, 21.75, 9999.0, 23.89, 9999.0, 117.93, 128.0, 120.32, 91.25, 138.73
2024-11-07, 19:09:15, 136.57, 58.34, 23.0, 22.2, 9999.0, 9.66, 10.0, 21.75, 9999.0, 23.93, 9999.0, 117.91, 128.0, 120.3, 91.25, 138.75
2024-11-07, 19:09:19, 136.57, 58.36, 23.0, 22.2, 9999.0, 9.66, 10.0, 21.75, 9999.0, 23.91, 9999.0, 117.89, 128.0, 120.27, 91.25, 138.73
2024-11-07, 19:09:23, 136.57, 58.39, 23.0, 22.2, 9999.0, 9.66, 10.0, 21.75, 9999.0, 23.93, 9999.0, 117.86, 128.0, 120.27, 91.25, 138.7
2024-11-07, 19:09:27, 136.57, 58.36, 23.0, 22.2, 9999.0, 9.66, 10.0, 21.75, 9999.0, 23.95, 9999.0, 117.84, 128.0, 120.27, 91.25, 138.68
2024-11-07, 19:09:31, 136.55, 58.34, 23.0, 22.18, 9999.0, 9.66, 10.0, 21.75, 9999.0, 23.93, 9999.0, 117.82, 128.0, 120.27, 91.25, 138.68
2024-11-07, 19:09:35, 136.52, 58.34, 23.0, 22.16, 9999.0, 9.66, 10.0, 21.75, 9999.0, 23.91, 9999.0, 117.82, 128.0, 120.25, 91.25, 138.68
2024-11-07, 19:09:39, 136.52, 58.36, 23.0, 22.16, 9999.0, 9.68, 10.0, 21.75, 9999.0, 23.89, 9999.0, 117.82, 128.0, 120.25, 91.25, 138.66
2024-11-07, 19:09:43, 136.52, 58.39, 23.0, 22.18, 9999.0, 9.7, 10.0, 21.75, 9999.0, 23.86, 9999.0, 117.82, 128.0, 120.25, 91.25, 138.66
2024-11-07, 19:09:47, 136.52, 58.36, 23.0, 22.2, 9999.0, 9.73, 10.0, 21.75, 9999.0, 23.84, 9999.0, 117.82, 128.0, 120.25, 91.25, 138.66
2024-11-07, 19:09:51, 136.55, 58.36, 23.0, 22.18, 9999.0, 9.73, 10.0, 21.75, 9999.0, 23.84, 9999.0, 117.84, 128.0, 120.25, 91.25, 138.66
2024-11-07, 19:09:55, 136.55, 58.36, 23.0, 22.16, 9999.0, 9.75, 10.0, 21.75, 9999.0, 23.84, 9999.0, 117.86, 128.0, 120.25, 91.25, 138.66
2024-11-07, 19:09:59, 136.55, 58.36, 23.0, 22.14, 9999.0, 9.77, 10.0, 21.75, 9999.0, 23.84, 9999.0, 117.89, 128.0, 120.25, 91.25, 138.64
2024-11-07, 19:10:03, 136.55, 58.36, 23.0, 22.14, 9999.0, 9.77, 10.0, 21.75, 9999.0, 23.86, 9999.0, 117.91, 128.0, 120.25, 91.25, 138.64
2024-11-07, 19:10:07, 136.57, 58.34, 23.0, 22.11, 9999.0, 9.77, 10.0, 21.75, 9999.0, 23.89, 9999.0, 117.93, 128.0, 120.25, 91.25, 138.64
2024-11-07, 19:10:11, 136.57, 58.36, 23.0, 22.09, 9999.0, 9.75, 10.0, 21.73, 9999.0, 23.89, 9999.0, 117.95, 128.0, 120.25, 91.25, 138.66
2024-11-07, 19:10:15, 136.57, 58.39, 23.0, 22.11, 9999.0, 9.73, 10.0, 21.73, 9999.0, 23.93, 9999.0, 117.95, 128.0, 120.25, 91.25, 138.66
2024-11-07, 19:10:19, 136.57, 58.39, 23.0, 22.11, 9999.0, 9.73, 10.0, 21.7, 9999.0, 23.98, 9999.0, 117.93, 128.0, 120.25, 91.25, 138.66
2024-11-07, 19:10:23, 136.57, 58.39, 23.0, 22.11, 9999.0, 9.7, 10.0, 21.7, 9999.0, 24.0, 9999.0, 117.95, 128.0, 120.25, 91.25, 138.68
2024-11-07, 19:10:27, 136.59, 58.36, 23.0, 22.09, 9999.0, 9.68, 10.0, 21.7, 9999.0, 24.02, 9999.0, 117.93, 128.0, 120.25, 91.25, 138.66
2024-11-07, 19:10:33, 136.59, 58.39, 23.0, 22.07, 9999.0, 9.66, 10.0, 21.7, 9999.0, 24.05, 9999.0, 117.91, 128.0, 120.25, 91.25, 138.66
2024-11-07, 19:10:39, 136.57, 58.36, 23.0, 22.09, 9999.0, 9.64, 10.0, 21.7, 9999.0, 24.09, 9999.0, 117.89, 128.0, 120.25, 91.25, 138.66
2024-11-07, 19:10:43, 136.55, 58.36, 23.0, 22.11, 9999.0, 9.64, 10.0, 21.7, 9999.0, 24.09, 9999.0, 117.86, 128.0, 120.25, 91.25, 138.64
2024-11-07, 19:10:47, 136.55, 58.36, 23.0, 22.14, 9999.0, 9.64, 10.0, 21.7, 9999.0, 24.09, 9999.0, 117.84, 128.0, 120.25, 91.25, 138.64
2024-11-07, 19:10:51, 136.55, 58.36, 23.0, 22.11, 9999.0, 9.66, 10.0, 21.7, 9999.0, 24.09, 9999.0, 117.82, 128.0, 120.25, 91.25, 138.64
2024-11-07, 19:10:55, 136.52, 58.36, 23.0, 22.11, 9999.0, 9.68, 10.0, 21.7, 9999.0, 24.07, 9999.0, 117.8, 127.98, 120.25, 91.25, 138.66
2024-11-07, 19:10:59, 136.55, 58.34, 23.0, 22.14, 9999.0, 9.7, 10.0, 21.73, 9999.0, 24.07, 9999.0, 117.8, 127.95, 120.25, 91.23, 138.64
2024-11-07, 19:11:03, 136.55, 58.32, 23.0, 22.14, 9999.0, 9.73, 10.0, 21.73, 9999.0, 24.05, 9999.0, 117.8, 127.93, 120.25, 91.23, 138.61
2024-11-07, 19:11:07, 136.55, 58.32, 23.0, 22.16, 9999.0, 9.73, 10.0, 21.75, 9999.0, 24.02, 9999.0, 117.82, 127.93, 120.25, 91.23, 138.61
2024-11-07, 19:11:11, 136.57, 58.3, 23.0, 22.14, 9999.0, 9.73, 10.0, 21.75, 9999.0, 24.02, 9999.0, 117.82, 127.93, 120.25, 91.23, 138.59
2024-11-07, 19:11:15, 136.55, 58.3, 22.98, 22.14, 9999.0, 9.75, 10.0, 21.75, 9999.0, 24.02, 9999.0, 117.84, 127.93, 120.25, 91.23, 138.61
2024-11-07, 19:11:19, 136.55, 58.3, 22.98, 22.14, 9999.0, 9.77, 10.0, 21.75, 9999.0, 24.02, 9999.0, 117.86, 127.93, 120.25, 91.23, 138.59
2024-11-07, 19:11:23, 136.55, 58.32, 22.98, 22.14, 9999.0, 9.77, 10.0, 21.75, 9999.0, 24.0, 9999.0, 117.89, 127.93, 120.27, 91.23, 138.57
2024-11-07, 19:11:27, 136.57, 58.32, 22.98, 22.14, 9999.0, 9.77, 10.0, 21.75, 9999.0, 24.0, 9999.0, 117.91, 127.93, 120.27, 91.23, 138.59
2024-11-07, 19:11:31, 136.59, 58.32, 22.98, 22.11, 9999.0, 9.75, 10.0, 21.75, 9999.0, 24.02, 9999.0, 117.93, 127.93, 120.3, 91.23, 138.59
2024-11-07, 19:11:35, 136.59, 58.3, 22.98, 22.14, 9999.0, 9.7, 10.0, 21.75, 9999.0, 24.05, 9999.0, 117.95, 127.93, 120.3, 91.23, 138.59
2024-11-07, 19:11:39, 136.59, 58.32, 22.98, 22.14, 9999.0, 9.66, 10.0, 21.75, 9999.0, 24.07, 9999.0, 117.95, 127.95, 120.3, 91.23, 138.57
2024-11-07, 19:11:43, 136.59, 58.32, 22.95, 22.11, 9999.0, 9.66, 10.0, 21.75, 9999.0, 24.07, 9999.0, 117.93, 127.98, 120.3, 91.25, 138.57
2024-11-07, 19:11:47, 136.61, 58.34, 22.95, 22.09, 9999.0, 9.64, 10.0, 21.75, 9999.0, 24.05, 9999.0, 117.93, 128.0, 120.3, 91.25, 138.57
2024-11-07, 19:11:51, 136.61, 58.34, 22.95, 22.09, 9999.0, 9.61, 10.0, 21.75, 9999.0, 24.02, 9999.0, 117.91, 128.0, 120.3, 91.25, 138.55
2024-11-07, 19:11:55, 136.59, 58.34, 22.95, 22.09, 9999.0, 9.59, 10.0, 21.75, 9999.0, 24.0, 9999.0, 117.89, 128.0, 120.3, 91.25, 138.55
2024-11-07, 19:11:59, 136.59, 58.36, 22.98, 22.09, 9999.0, 9.57, 10.0, 21.75, 9999.0, 23.98, 9999.0, 117.86, 128.0, 120.3, 91.25, 138.55
2024-11-07, 19:12:03, 136.59, 58.36, 22.98, 22.09, 9999.0, 9.57, 10.0, 21.75, 9999.0, 23.95, 9999.0, 117.84, 128.0, 120.3, 91.25, 138.55
2024-11-07, 19:12:07, 136.59, 58.34, 22.95, 22.09, 9999.0, 9.59, 10.0, 21.75, 9999.0, 23.93, 9999.0, 117.8, 128.0, 120.27, 91.25, 138.55
2024-11-07, 19:12:11, 136.57, 58.34, 22.95, 22.07, 9999.0, 9.61, 10.0, 21.75, 9999.0, 23.91, 9999.0, 117.77, 128.0, 120.27, 91.25, 138.52
2024-11-07, 19:12:15, 136.55, 58.34, 22.95, 22.09, 9999.0, 9.66, 10.0, 21.75, 9999.0, 23.86, 9999.0, 117.73, 128.0, 120.25, 91.25, 138.52
2024-11-07, 19:12:19, 136.57, 58.36, 22.95, 22.07, 9999.0, 9.7, 10.0, 21.75, 9999.0, 23.82, 9999.0, 117.7, 128.0, 120.25, 91.25, 138.52
2024-11-07, 19:12:23, 136.59, 58.34, 22.95, 22.07, 9999.0, 9.73, 10.0, 21.75, 9999.0, 23.77, 9999.0, 117.7, 128.0, 120.25, 91.25, 138.52
2024-11-07, 19:12:27, 136.57, 58.34, 22.98, 22.09, 9999.0, 9.75, 10.0, 21.75, 9999.0, 23.75, 9999.0, 117.73, 128.0, 120.25, 91.25, 138.55
2024-11-07, 19:12:31, 136.55, 58.32, 22.98, 22.09, 9999.0, 9.77, 10.0, 21.75, 9999.0, 23.75, 9999.0, 117.75, 128.0, 120.25, 91.25, 138.57
2024-11-07, 19:12:35, 136.55, 58.32, 22.98, 22.09, 9999.0, 9.8, 10.0, 21.75, 9999.0, 23.75, 9999.0, 117.77, 128.0, 120.25, 91.25, 138.57
2024-11-07, 19:12:39, 136.55, 58.34, 22.98, 22.09, 9999.0, 9.82, 10.0, 21.75, 9999.0, 23.8, 9999.0, 117.8, 128.0, 120.25, 91.25, 138.57
2024-11-07, 19:12:43, 136.55, 58.32, 22.98, 22.11, 9999.0, 9.84, 10.0, 21.75, 9999.0, 23.84, 9999.0, 117.82, 128.0, 120.25, 91.25, 138.55
2024-11-07, 19:12:47, 136.55, 58.3, 22.98, 22.11, 9999.0, 9.84, 10.0, 21.75, 9999.0, 23.89, 9999.0, 117.84, 128.0, 120.25, 91.25, 138.57
2024-11-07, 19:12:51, 136.55, 58.32, 23.0, 22.11, 9999.0, 9.82, 10.0, 21.73, 9999.0, 23.95, 9999.0, 117.89, 128.0, 120.25, 91.25, 138.57
2024-11-07, 19:12:56, 136.55, 58.34, 23.0, 22.14, 9999.0, 9.8, 10.0, 21.73, 9999.0, 24.0, 9999.0, 117.91, 128.0, 120.25, 91.25, 138.57
2024-11-07, 19:13:00, 136.55, 58.34, 23.0, 22.11, 9999.0, 9.75, 10.0, 21.73, 9999.0, 24.05, 9999.0, 117.93, 128.0, 120.25, 91.25, 138.57
2024-11-07, 19:13:04, 136.52, 58.32, 23.0, 22.14, 9999.0, 9.73, 10.0, 21.73, 9999.0, 24.09, 9999.0, 117.93, 128.0, 120.25, 91.25, 138.59
2024-11-07, 19:13:08, 136.5, 58.32, 23.0, 22.14, 9999.0, 9.7, 10.0, 21.73, 9999.0, 24.14, 9999.0, 117.93, 128.0, 120.25, 91.25, 138.59
2024-11-07, 19:13:12, 136.5, 58.34, 23.0, 22.11, 9999.0, 9.66, 10.0, 21.73, 9999.0, 24.16, 9999.0, 117.91, 128.0, 120.25, 91.25, 138.57
2024-11-07, 19:13:16, 136.5, 58.34, 23.0, 22.11, 9999.0, 9.64, 10.0, 21.73, 9999.0, 24.2, 9999.0, 117.89, 128.0, 120.25, 91.25, 138.57
2024-11-07, 19:13:20, 136.5, 58.34, 23.0, 22.11, 9999.0, 9.61, 10.0, 21.73, 9999.0, 24.23, 9999.0, 117.86, 128.0, 120.25, 91.25, 138.57
2024-11-07, 19:13:24, 136.5, 58.32, 23.0, 22.11, 9999.0, 9.61, 10.0, 21.73, 9999.0, 24.2, 9999.0, 117.84, 128.0, 120.25, 91.25, 138.57
2024-11-07, 19:13:28, 136.5, 58.32, 23.0, 22.11, 9999.0, 9.61, 10.0, 21.73, 9999.0, 24.18, 9999.0, 117.82, 128.0, 120.25, 91.23, 138.57
2024-11-07, 19:13:32, 136.5, 58.32, 23.0, 22.11, 9999.0, 9.64, 10.0, 21.73, 9999.0, 24.16, 9999.0, 117.8, 128.0, 120.25, 91.23, 138.55
2024-11-07, 19:13:36, 136.5, 58.32, 23.0, 22.09, 9999.0, 9.66, 10.0, 21.75, 9999.0, 24.11, 9999.0, 117.75, 128.0, 120.25, 91.23, 138.55
2024-11-07, 19:13:40, 136.5, 58.3, 23.0, 22.09, 9999.0, 9.66, 10.0, 21.75, 9999.0, 24.09, 9999.0, 117.75, 128.0, 120.25, 91.23, 138.55
2024-11-07, 19:13:44, 136.52, 58.3, 23.0, 22.09, 9999.0, 9.68, 10.0, 21.75, 9999.0, 24.07, 9999.0, 117.75, 127.98, 120.25, 91.2, 138.55
2024-11-07, 19:13:48, 136.52, 58.3, 23.0, 22.09, 9999.0, 9.68, 10.0, 21.75, 9999.0, 24.05, 9999.0, 117.77, 127.98, 120.25, 91.2, 138.52
2024-11-07, 19:13:52, 136.52, 58.32, 22.98, 22.09, 9999.0, 9.7, 10.0, 21.75, 9999.0, 24.0, 9999.0, 117.8, 127.98, 120.25, 91.2, 138.52
2024-11-07, 19:13:56, 136.52, 58.3, 22.98, 22.09, 9999.0, 9.73, 10.0, 21.75, 9999.0, 24.0, 9999.0, 117.82, 127.98, 120.25, 91.2, 138.52
2024-11-07, 19:14:00, 136.55, 58.32, 22.98, 22.09, 9999.0, 9.75, 10.0, 21.75, 9999.0, 24.0, 9999.0, 117.84, 127.98, 120.25, 91.2, 138.5
2024-11-07, 19:14:04, 136.55, 58.32, 22.98, 22.09, 9999.0, 9.77, 10.0, 21.75, 9999.0, 24.02, 9999.0, 117.86, 127.98, 120.25, 91.2, 138.5
2024-11-07, 19:14:08, 136.55, 58.32, 22.98, 22.09, 9999.0, 9.77, 10.0, 21.75, 9999.0, 24.05, 9999.0, 117.89, 127.98, 120.25, 91.2, 138.5
2024-11-07, 19:14:12, 136.55, 58.34, 22.95, 22.07, 9999.0, 9.77, 10.0, 21.75, 9999.0, 24.07, 9999.0, 117.89, 127.98, 120.25, 91.23, 138.5
2024-11-07, 19:14:16, 136.55, 58.34, 22.95, 22.09, 9999.0, 9.73, 10.0, 21.75, 9999.0, 24.09, 9999.0, 117.89, 127.98, 120.25, 91.23, 138.5
2024-11-07, 19:14:20, 136.55, 58.32, 22.93, 22.11, 9999.0, 9.7, 10.0, 21.75, 9999.0, 24.11, 9999.0, 117.91, 127.98, 120.25, 91.23, 138.5
2024-11-07, 19:14:24, 136.55, 58.34, 22.93, 22.09, 9999.0, 9.68, 10.0, 21.75, 9999.0, 24.14, 9999.0, 117.89, 127.98, 120.25, 91.23, 138.5
2024-11-07, 19:14:28, 136.52, 58.36, 22.93, 22.09, 9999.0, 9.66, 10.0, 21.75, 9999.0, 24.16, 9999.0, 117.89, 128.0, 120.25, 91.25, 138.5
2024-11-07, 19:14:32, 136.52, 58.36, 22.93, 22.09, 9999.0, 9.64, 10.0, 21.75, 9999.0, 24.18, 9999.0, 117.86, 128.0, 120.25, 91.25, 138.5
2024-11-07, 19:14:36, 136.52, 58.36, 22.93, 22.09, 9999.0, 9.61, 10.0, 21.75, 9999.0, 24.23, 9999.0, 117.84, 128.0, 120.25, 91.25, 138.5
2024-11-07, 19:14:40, 136.52, 58.39, 22.93, 22.09, 9999.0, 9.61, 10.0, 21.73, 9999.0, 24.25, 9999.0, 117.82, 128.0, 120.25, 91.25, 138.5
2024-11-07, 19:14:44, 136.52, 58.39, 22.91, 22.09, 9999.0, 9.61, 10.0, 21.7, 9999.0, 24.25, 9999.0, 117.8, 128.0, 120.25, 91.25, 138.5
2024-11-07, 19:14:48, 136.55, 58.39, 22.89, 22.09, 9999.0, 9.61, 10.0, 21.7, 9999.0, 24.23, 9999.0, 117.77, 128.0, 120.25, 91.25, 138.5
2024-11-07, 19:14:52, 136.55, 58.39, 22.89, 22.09, 9999.0, 9.64, 10.0, 21.7, 9999.0, 24.2, 9999.0, 117.73, 128.0, 120.25, 91.25, 138.5
2024-11-07, 19:14:56, 136.55, 58.39, 22.91, 22.09, 9999.0, 9.66, 10.0, 21.7, 9999.0, 24.18, 9999.0, 117.73, 128.0, 120.25, 91.23, 138.5
2024-11-07, 19:15:00, 136.55, 58.39, 22.91, 22.07, 9999.0, 9.68, 10.0, 21.7, 9999.0, 24.16, 9999.0, 117.73, 128.0, 120.25, 91.23, 138.5
2024-11-07, 19:15:04, 136.55, 58.41, 22.93, 22.07, 9999.0, 9.73, 10.0, 21.7, 9999.0, 24.14, 9999.0, 117.73, 128.0, 120.25, 91.23, 138.5
2024-11-07, 19:15:08, 136.55, 58.39, 22.93, 22.09, 9999.0, 9.75, 10.0, 21.7, 9999.0, 24.11, 9999.0, 117.75, 128.0, 120.25, 91.23, 138.5
2024-11-07, 19:15:12, 136.55, 58.36, 22.93, 22.11, 9999.0, 9.77, 10.0, 21.7, 9999.0, 24.09, 9999.0, 117.77, 128.0, 120.25, 91.23, 138.5
2024-11-07, 19:15:16, 136.55, 58.39, 22.93, 22.09, 9999.0, 9.8, 10.0, 21.7, 9999.0, 24.07, 9999.0, 117.8, 128.0, 120.25, 91.23, 138.5
2024-11-07, 19:15:20, 136.57, 58.36, 22.95, 22.09, 9999.0, 9.82, 10.0, 21.7, 9999.0, 24.07, 9999.0, 117.82, 128.0, 120.25, 91.23, 138.5
2024-11-07, 19:15:24, 136.59, 58.36, 22.95, 22.09, 9999.0, 9.82, 10.0, 21.73, 9999.0, 24.07, 9999.0, 117.84, 128.0, 120.25, 91.23, 138.5
2024-11-07, 19:15:28, 136.59, 58.36, 22.98, 22.09, 9999.0, 9.82, 10.0, 21.75, 9999.0, 24.09, 9999.0, 117.86, 128.0, 120.25, 91.23, 138.5
2024-11-07, 19:15:32, 136.59, 58.39, 23.0, 22.07, 9999.0, 9.82, 10.0, 21.75, 9999.0, 24.11, 9999.0, 117.86, 128.0, 120.25, 91.23, 138.5
2024-11-07, 19:15:36, 136.61, 58.41, 22.98, 22.07, 9999.0, 9.8, 10.0, 21.75, 9999.0, 24.14, 9999.0, 117.89, 128.0, 120.25, 91.23, 138.5
2024-11-07, 19:15:40, 136.64, 58.39, 22.98, 22.07, 9999.0, 9.75, 10.0, 21.75, 9999.0, 24.16, 9999.0, 117.89, 128.0, 120.25, 91.25, 138.5
2024-11-07, 19:15:44, 136.64, 58.39, 22.98, 22.07, 9999.0, 9.75, 10.0, 21.73, 9999.0, 24.18, 9999.0, 117.89, 128.0, 120.25, 91.25, 138.5
2024-11-07, 19:15:48, 136.64, 58.36, 22.98, 22.05, 9999.0, 9.7, 10.0, 21.73, 9999.0, 24.2, 9999.0, 117.89, 128.0, 120.25, 91.25, 138.5
2024-11-07, 19:15:52, 136.64, 58.36, 22.95, 22.02, 9999.0, 9.68, 10.0, 21.73, 9999.0, 24.23, 9999.0, 117.86, 128.0, 120.25, 91.25, 138.5
2024-11-07, 19:15:56, 136.64, 58.39, 22.95, 22.0, 9999.0, 9.66, 10.0, 21.73, 9999.0, 24.25, 9999.0, 117.84, 128.0, 120.25, 91.25, 138.5
2024-11-07, 19:16:00, 136.64, 58.36, 22.95, 22.0, 9999.0, 9.66, 10.0, 21.73, 9999.0, 24.25, 9999.0, 117.8, 128.0, 120.25, 91.25, 138.5
2024-11-07, 19:16:04, 136.61, 58.36, 22.95, 22.0, 9999.0, 9.66, 10.0, 21.73, 9999.0, 24.23, 9999.0, 117.77, 128.0, 120.25, 91.25, 138.5
2024-11-07, 19:16:08, 136.59, 58.34, 22.95, 22.0, 9999.0, 9.66, 10.0, 21.73, 9999.0, 24.2, 9999.0, 117.75, 128.0, 120.25, 91.25, 138.5
2024-11-07, 19:16:12, 136.57, 58.32, 22.95, 22.02, 9999.0, 9.68, 10.0, 21.73, 9999.0, 24.16, 9999.0, 117.7, 128.0, 120.25, 91.25, 138.5
2024-11-07, 19:16:16, 136.55, 58.3, 22.95, 22.02, 9999.0, 9.7, 10.0, 21.73, 9999.0, 24.14, 9999.0, 117.73, 128.0, 120.25, 91.25, 138.5
2024-11-07, 19:16:20, 136.52, 58.3, 22.98, 22.02, 9999.0, 9.7, 10.0, 21.73, 9999.0, 24.11, 9999.0, 117.73, 127.98, 120.25, 91.25, 138.5
2024-11-07, 19:16:24, 136.5, 58.3, 22.95, 22.02, 9999.0, 9.73, 10.0, 21.73, 9999.0, 24.09, 9999.0, 117.73, 127.98, 120.25, 91.25, 138.5
2024-11-07, 19:16:28, 136.52, 58.3, 22.95, 22.02, 9999.0, 9.73, 10.0, 21.75, 9999.0, 24.07, 9999.0, 117.75, 127.98, 120.25, 91.25, 138.5
2024-11-07, 19:16:32, 136.52, 58.32, 22.95, 22.02, 9999.0, 9.75, 10.0, 21.75, 9999.0, 24.05, 9999.0, 117.77, 127.98, 120.25, 91.25, 138.5
2024-11-07, 19:16:36, 136.52, 58.34, 22.98, 22.05, 9999.0, 9.77, 10.0, 21.73, 9999.0, 24.05, 9999.0, 117.8, 127.98, 120.25, 91.25, 138.5
2024-11-07, 19:16:41, 136.52, 58.34, 22.98, 22.05, 9999.0, 9.8, 10.0, 21.73, 9999.0, 24.02, 9999.0, 117.82, 127.98, 120.25, 91.25, 138.5
2024-11-07, 19:16:45, 136.55, 58.34, 22.98, 22.05, 9999.0, 9.77, 10.0, 21.73, 9999.0, 24.05, 9999.0, 117.84, 127.98, 120.25, 91.25, 138.5
2024-11-07, 19:16:49, 136.55, 58.36, 22.98, 22.07, 9999.0, 9.77, 10.0, 21.73, 9999.0, 24.07, 9999.0, 117.84, 127.98, 120.25, 91.25, 138.5
2024-11-07, 19:16:53, 136.55, 58.36, 22.98, 22.07, 9999.0, 9.77, 10.0, 21.73, 9999.0, 24.09, 9999.0, 117.84, 127.98, 120.25, 91.25, 138.5
2024-11-07, 19:16:57, 136.55, 58.36, 22.98, 22.05, 9999.0, 9.73, 10.0, 21.73, 9999.0, 24.11, 9999.0, 117.86, 127.98, 120.25, 91.25, 138.5
2024-11-07, 19:17:01, 136.55, 58.36, 22.98, 22.05, 9999.0, 9.68, 10.0, 21.73, 9999.0, 24.14, 9999.0, 117.84, 127.98, 120.25, 91.25, 138.5
2024-11-07, 19:17:05, 136.55, 58.34, 22.98, 22.05, 9999.0, 9.66, 10.0, 21.73, 9999.0, 24.16, 9999.0, 117.84, 128.0, 120.25, 91.25, 138.5
2024-11-07, 19:17:09, 136.55, 58.34, 23.0, 22.07, 9999.0, 9.64, 10.0, 21.73, 9999.0, 24.18, 9999.0, 117.84, 128.0, 120.25, 91.25, 138.5
2024-11-07, 19:17:13, 136.52, 58.34, 23.0, 22.07, 9999.0, 9.61, 10.0, 21.73, 9999.0, 24.2, 9999.0, 117.82, 128.0, 120.25, 91.25, 138.5
2024-11-07, 19:17:17, 136.52, 58.32, 23.0, 22.07, 9999.0, 9.59, 10.0, 21.73, 9999.0, 24.23, 9999.0, 117.8, 128.0, 120.25, 91.25, 138.5
2024-11-07, 19:17:21, 136.52, 58.3, 23.0, 22.05, 9999.0, 9.59, 10.0, 21.75, 9999.0, 24.23, 9999.0, 117.77, 128.0, 120.25, 91.25, 138.5
2024-11-07, 19:17:25, 136.52, 58.27, 23.0, 22.05, 9999.0, 9.59, 10.0, 21.75, 9999.0, 24.23, 9999.0, 117.75, 128.0, 120.25, 91.25, 138.5
2024-11-07, 19:17:29, 136.52, 58.27, 23.0, 22.05, 9999.0, 9.61, 10.0, 21.75, 9999.0, 24.2, 9999.0, 117.75, 128.0, 120.25, 91.25, 138.5
2024-11-07, 19:17:33, 136.52, 58.25, 23.0, 22.05, 9999.0, 9.64, 10.0, 21.75, 9999.0, 24.2, 9999.0, 117.73, 128.0, 120.25, 91.25, 138.5
2024-11-07, 19:17:37, 136.52, 58.25, 23.0, 22.05, 9999.0, 9.64, 10.0, 21.75, 9999.0, 24.18, 9999.0, 117.73, 128.0, 120.25, 91.25, 138.5
2024-11-07, 19:17:41, 136.52, 58.25, 23.0, 22.07, 9999.0, 9.66, 10.0, 21.75, 9999.0, 24.16, 9999.0, 117.73, 128.0, 120.25, 91.25, 138.5
2024-11-07, 19:17:45, 136.52, 58.25, 23.0, 22.09, 9999.0, 9.68, 10.0, 21.75, 9999.0, 24.14, 9999.0, 117.73, 128.0, 120.25, 91.25, 138.5
2024-11-07, 19:17:49, 136.52, 58.25, 23.0, 22.09, 9999.0, 9.7, 10.0, 21.75, 9999.0, 24.11, 9999.0, 117.75, 128.0, 120.25, 91.25, 138.5
2024-11-07, 19:17:53, 136.52, 58.25, 23.0, 22.07, 9999.0, 9.73, 10.0, 21.75, 9999.0, 24.09, 9999.0, 117.77, 128.0, 120.25, 91.25, 138.5
2024-11-07, 19:17:57, 136.55, 58.25, 23.0, 22.07, 9999.0, 9.75, 10.0, 21.75, 9999.0, 24.09, 9999.0, 117.8, 128.0, 120.25, 91.25, 138.5
2024-11-07, 19:18:01, 136.55, 58.25, 23.0, 22.07, 9999.0, 9.77, 10.0, 21.75, 9999.0, 24.07, 9999.0, 117.8, 128.0, 120.25, 91.25, 138.5
2024-11-07, 19:18:05, 136.55, 58.25, 23.0, 22.07, 9999.0, 9.77, 10.0, 21.75, 9999.0, 24.07, 9999.0, 117.8, 128.0, 120.25, 91.25, 138.5
2024-11-07, 19:18:09, 136.55, 58.25, 23.0, 22.07, 9999.0, 9.77, 10.0, 21.75, 9999.0, 24.09, 9999.0, 117.8, 128.0, 120.25, 91.25, 138.5
2024-11-07, 19:18:13, 136.52, 58.27, 23.0, 22.07, 9999.0, 9.75, 10.0, 21.75, 9999.0, 24.11, 9999.0, 117.8, 128.0, 120.25, 91.25, 138.5
2024-11-07, 19:18:17, 136.52, 58.27, 23.0, 22.05, 9999.0, 9.7, 10.0, 21.75, 9999.0, 24.11, 9999.0, 117.82, 128.0, 120.25, 91.25, 138.5
2024-11-07, 19:18:21, 136.52, 58.27, 23.0, 22.07, 9999.0, 9.68, 10.0, 21.75, 9999.0, 24.14, 9999.0, 117.82, 128.0, 120.25, 91.25, 138.5
2024-11-07, 19:18:25, 136.52, 58.27, 23.0, 22.05, 9999.0, 9.66, 10.0, 21.75, 9999.0, 24.16, 9999.0, 117.82, 128.0, 120.25, 91.25, 138.5
2024-11-07, 19:18:29, 136.52, 58.27, 23.0, 22.02, 9999.0, 9.64, 10.0, 21.75, 9999.0, 24.16, 9999.0, 117.82, 128.0, 120.25, 91.25, 138.5
2024-11-07, 19:18:33, 136.52, 58.27, 23.0, 22.02, 9999.0, 9.61, 10.0, 21.75, 9999.0, 24.16, 9999.0, 117.8, 128.0, 120.25, 91.25, 138.5
2024-11-07, 19:18:37, 136.52, 58.27, 23.0, 22.02, 9999.0, 9.59, 10.0, 21.75, 9999.0, 24.16, 9999.0, 117.77, 128.0, 120.25, 91.25, 138.5
2024-11-07, 19:18:41, 136.5, 58.27, 22.98, 22.02, 9999.0, 9.59, 10.0, 21.75, 9999.0, 24.14, 9999.0, 117.73, 128.0, 120.25, 91.25, 138.5
2024-11-07, 19:18:45, 136.5, 58.27, 22.98, 22.02, 9999.0, 9.59, 10.0, 21.75, 9999.0, 24.14, 9999.0, 117.7, 128.0, 120.25, 91.25, 138.5
2024-11-07, 19:18:49, 136.5, 58.27, 22.98, 22.02, 9999.0, 9.61, 10.0, 21.75, 9999.0, 24.11, 9999.0, 117.7, 128.0, 120.25, 91.25, 138.5
2024-11-07, 19:18:53, 136.5, 58.27, 22.98, 22.02, 9999.0, 9.64, 10.0, 21.75, 9999.0, 24.09, 9999.0, 117.68, 128.0, 120.25, 91.25, 138.5
2024-11-07, 19:18:57, 136.5, 58.25, 22.98, 22.02, 9999.0, 9.68, 10.0, 21.75, 9999.0, 24.07, 9999.0, 117.68, 128.0, 120.25, 91.23, 138.5
2024-11-07, 19:19:01, 136.5, 58.25, 22.98, 22.02, 9999.0, 9.7, 10.0, 21.75, 9999.0, 24.05, 9999.0, 117.68, 128.0, 120.25, 91.23, 138.5
2024-11-07, 19:19:05, 136.5, 58.25, 22.98, 22.0, 9999.0, 9.73, 10.0, 21.73, 9999.0, 24.02, 9999.0, 117.68, 128.0, 120.25, 91.23, 138.5
2024-11-07, 19:19:09, 136.5, 58.25, 22.98, 22.0, 9999.0, 9.75, 10.0, 21.73, 9999.0, 24.0, 9999.0, 117.7, 128.0, 120.25, 91.23, 138.5
2024-11-07, 19:19:13, 136.5, 58.25, 22.98, 22.0, 9999.0, 9.77, 10.0, 21.73, 9999.0, 24.0, 9999.0, 117.73, 128.0, 120.25, 91.23, 138.5
2024-11-07, 19:19:17, 136.5, 58.25, 22.98, 22.0, 9999.0, 9.8, 10.0, 21.73, 9999.0, 24.0, 9999.0, 117.75, 128.0, 120.25, 91.23, 138.5
2024-11-07, 19:19:21, 136.5, 58.25, 22.98, 22.0, 9999.0, 9.82, 10.0, 21.73, 9999.0, 24.0, 9999.0, 117.77, 128.0, 120.25, 91.23, 138.5
2024-11-07, 19:19:25, 136.5, 58.25, 23.0, 22.0, 9999.0, 9.82, 10.0, 21.73, 9999.0, 24.0, 9999.0, 117.8, 128.0, 120.25, 91.23, 138.5
2024-11-07, 19:19:29, 136.5, 58.25, 23.0, 22.0, 9999.0, 9.8, 10.0, 21.73, 9999.0, 24.02, 9999.0, 117.82, 128.0, 120.25, 91.23, 138.5
2024-11-07, 19:19:33, 136.5, 58.25, 22.98, 22.0, 9999.0, 9.75, 10.0, 21.73, 9999.0, 24.05, 9999.0, 117.82, 128.0, 120.25, 91.23, 138.5
2024-11-07, 19:19:37, 136.5, 58.25, 22.98, 22.0, 9999.0, 9.7, 10.0, 21.73, 9999.0, 24.07, 9999.0, 117.84, 128.0, 120.25, 91.2, 138.5
2024-11-07, 19:19:41, 136.5, 58.25, 22.98, 22.0, 9999.0, 9.66, 10.0, 21.73, 9999.0, 24.07, 9999.0, 117.84, 128.0, 120.25, 91.23, 138.5
2024-11-07, 19:19:45, 136.5, 58.25, 22.98, 22.0, 9999.0, 9.64, 10.0, 21.73, 9999.0, 24.09, 9999.0, 117.84, 128.0, 120.25, 91.23, 138.5
2024-11-07, 19:19:49, 136.5, 58.25, 22.95, 22.0, 9999.0, 9.61, 10.0, 21.75, 9999.0, 24.11, 9999.0, 117.84, 128.0, 120.25, 91.23, 138.5
2024-11-07, 19:19:53, 136.5, 58.25, 22.95, 22.0, 9999.0, 9.59, 10.0, 21.75, 9999.0, 24.11, 9999.0, 117.82, 128.0, 120.25, 91.23, 138.5
2024-11-07, 19:19:57, 136.5, 58.25, 22.95, 22.0, 9999.0, 9.57, 10.0, 21.75, 9999.0, 24.14, 9999.0, 117.77, 128.0, 120.25, 91.23, 138.5
2024-11-07, 19:20:01, 136.5, 58.25, 22.95, 22.0, 9999.0, 9.57, 10.0, 21.75, 9999.0, 24.14, 9999.0, 117.73, 128.0, 120.25, 91.23, 138.5
2024-11-07, 19:20:05, 136.5, 58.25, 22.95, 22.0, 9999.0, 9.57, 10.0, 21.75, 9999.0, 24.14, 9999.0, 117.68, 128.0, 120.25, 91.23, 138.5
2024-11-07, 19:20:09, 136.5, 58.25, 22.95, 22.0, 9999.0, 9.57, 10.0, 21.75, 9999.0, 24.14, 9999.0, 117.66, 128.0, 120.25, 91.23, 138.5
2024-11-07, 19:20:14, 136.5, 58.25, 22.95, 22.0, 9999.0, 9.59, 10.0, 21.75, 9999.0, 24.11, 9999.0, 117.64, 128.0, 120.25, 91.23, 138.5
2024-11-07, 19:20:18, 136.5, 58.25, 22.98, 22.0, 9999.0, 9.61, 10.0, 21.75, 9999.0, 24.09, 9999.0, 117.64, 128.0, 120.25, 91.23, 138.5
2024-11-07, 19:20:22, 136.5, 58.25, 22.98, 22.02, 9999.0, 9.64, 10.0, 21.75, 9999.0, 24.07, 9999.0, 117.64, 128.0, 120.25, 91.25, 138.5
2024-11-07, 19:20:26, 136.5, 58.27, 22.98, 22.02, 9999.0, 9.66, 10.0, 21.75, 9999.0, 24.05, 9999.0, 117.64, 128.0, 120.25, 91.25, 138.5
2024-11-07, 19:20:31, 136.5, 58.27, 22.95, 22.02, 9999.0, 9.68, 10.0, 21.75, 9999.0, 24.0, 9999.0, 117.66, 128.0, 120.25, 91.25, 138.5
2024-11-07, 19:20:35, 136.5, 58.27, 22.98, 22.02, 9999.0, 9.7, 10.0, 21.75, 9999.0, 23.95, 9999.0, 117.68, 128.0, 120.25, 91.25, 138.5
2024-11-07, 19:20:39, 136.5, 58.27, 22.95, 22.02, 9999.0, 9.73, 10.0, 21.75, 9999.0, 23.95, 9999.0, 117.68, 128.0, 120.25, 91.25, 138.5
2024-11-07, 19:20:43, 136.5, 58.27, 22.95, 22.02, 9999.0, 9.75, 10.0, 21.75, 9999.0, 23.93, 9999.0, 117.7, 128.0, 120.25, 91.25, 138.5
2024-11-07, 19:20:47, 136.5, 58.27, 22.95, 22.02, 9999.0, 9.75, 10.0, 21.75, 9999.0, 23.93, 9999.0, 117.73, 128.0, 120.25, 91.25, 138.5
2024-11-07, 19:20:51, 136.52, 58.3, 22.95, 22.02, 9999.0, 9.75, 10.0, 21.73, 9999.0, 23.95, 9999.0, 117.75, 128.0, 120.25, 91.25, 138.5
2024-11-07, 19:20:55, 136.52, 58.3, 22.93, 22.02, 9999.0, 9.75, 10.0, 21.73, 9999.0, 23.95, 9999.0, 117.77, 128.0, 120.25, 91.25, 138.5
2024-11-07, 19:20:59, 136.52, 58.3, 22.93, 22.02, 9999.0, 9.75, 10.0, 21.73, 9999.0, 23.95, 9999.0, 117.8, 128.0, 120.25, 91.25, 138.5
2024-11-07, 19:21:03, 136.52, 58.3, 22.93, 22.02, 9999.0, 9.73, 10.0, 21.7, 9999.0, 23.95, 9999.0, 117.8, 128.0, 120.25, 91.25, 138.5
2024-11-07, 19:21:07, 136.52, 58.3, 22.93, 22.0, 9999.0, 9.7, 10.0, 21.7, 9999.0, 23.95, 9999.0, 117.8, 128.0, 120.25, 91.25, 138.5
2024-11-07, 19:21:11, 136.52, 58.3, 22.91, 22.0, 9999.0, 9.68, 10.0, 21.7, 9999.0, 23.98, 9999.0, 117.8, 128.0, 120.25, 91.25, 138.5
2024-11-07, 19:21:15, 136.52, 58.3, 22.93, 22.0, 9999.0, 9.66, 10.0, 21.7, 9999.0, 24.0, 9999.0, 117.77, 128.0, 120.25, 91.25, 138.5
2024-11-07, 19:21:19, 136.52, 58.3, 22.93, 22.0, 9999.0, 9.64, 10.0, 21.7, 9999.0, 24.02, 9999.0, 117.75, 128.0, 120.25, 91.23, 138.5
2024-11-07, 19:21:23, 136.52, 58.3, 22.93, 22.0, 9999.0, 9.64, 10.0, 21.68, 9999.0, 24.02, 9999.0, 117.73, 127.98, 120.25, 91.23, 138.5
2024-11-07, 19:21:27, 136.52, 58.3, 22.93, 22.02, 9999.0, 9.64, 10.0, 21.66, 9999.0, 24.02, 9999.0, 117.7, 127.98, 120.25, 91.23, 138.5
2024-11-07, 19:21:31, 136.52, 58.3, 22.91, 22.02, 9999.0, 9.66, 10.0, 21.66, 9999.0, 24.02, 9999.0, 117.68, 127.98, 120.25, 91.23, 138.5
2024-11-07, 19:21:35, 136.5, 58.27, 22.91, 22.02, 9999.0, 9.68, 10.0, 21.68, 9999.0, 24.0, 9999.0, 117.66, 127.98, 120.25, 91.2, 138.5
2024-11-07, 19:21:39, 136.5, 58.27, 22.91, 22.02, 9999.0, 9.68, 10.0, 21.66, 9999.0, 23.98, 9999.0, 117.66, 127.95, 120.25, 91.2, 138.5
2024-11-07, 19:21:43, 136.5, 58.27, 22.91, 22.02, 9999.0, 9.68, 10.0, 21.66, 9999.0, 23.95, 9999.0, 117.66, 127.95, 120.25, 91.2, 138.5
2024-11-07, 19:21:47, 136.5, 58.27, 22.91, 22.02, 9999.0, 9.7, 10.0, 21.68, 9999.0, 23.93, 9999.0, 117.66, 127.95, 120.25, 91.2, 138.5
2024-11-07, 19:21:51, 136.5, 58.3, 22.91, 22.02, 9999.0, 9.73, 10.0, 21.66, 9999.0, 23.91, 9999.0, 117.68, 127.95, 120.25, 91.2, 138.5
2024-11-07, 19:21:55, 136.5, 58.27, 22.91, 22.02, 9999.0, 9.75, 10.0, 21.66, 9999.0, 23.89, 9999.0, 117.7, 127.95, 120.25, 91.2, 138.5
2024-11-07, 19:21:59, 136.5, 58.27, 22.89, 22.05, 9999.0, 9.77, 10.0, 21.66, 9999.0, 23.89, 9999.0, 117.73, 127.95, 120.25, 91.2, 138.5
2024-11-07, 19:22:03, 136.5, 58.27, 22.86, 22.05, 9999.0, 9.8, 10.0, 21.64, 9999.0, 23.86, 9999.0, 117.73, 127.95, 120.25, 91.23, 138.5
2024-11-07, 19:22:07, 136.52, 58.27, 22.89, 22.05, 9999.0, 9.8, 10.0, 21.66, 9999.0, 23.86, 9999.0, 117.75, 127.98, 120.25, 91.23, 138.5
2024-11-07, 19:22:11, 136.52, 58.27, 22.89, 22.02, 9999.0, 9.77, 10.0, 21.66, 9999.0, 23.89, 9999.0, 117.77, 127.98, 120.25, 91.23, 138.5
2024-11-07, 19:22:15, 136.52, 58.27, 22.91, 22.02, 9999.0, 9.73, 10.0, 21.66, 9999.0, 23.91, 9999.0, 117.8, 127.98, 120.25, 91.23, 138.5
2024-11-07, 19:22:19, 136.52, 58.27, 22.91, 22.02, 9999.0, 9.68, 10.0, 21.66, 9999.0, 23.91, 9999.0, 117.82, 127.98, 120.25, 91.25, 138.5
2024-11-07, 19:22:24, 136.52, 58.27, 22.93, 22.02, 9999.0, 9.66, 10.0, 21.66, 9999.0, 23.93, 9999.0, 117.82, 128.0, 120.25, 91.25, 138.5
2024-11-07, 19:22:28, 136.52, 58.27, 22.93, 22.02, 9999.0, 9.64, 10.0, 21.66, 9999.0, 23.95, 9999.0, 117.82, 128.0, 120.25, 91.25, 138.5
2024-11-07, 19:22:32, 136.52, 58.27, 22.93, 22.02, 9999.0, 9.61, 10.0, 21.66, 9999.0, 24.0, 9999.0, 117.82, 127.98, 120.25, 91.25, 138.5
2024-11-07, 19:22:36, 136.52, 58.25, 22.93, 22.02, 9999.0, 9.59, 10.0, 21.66, 9999.0, 24.02, 9999.0, 117.8, 127.98, 120.25, 91.25, 138.5
2024-11-07, 19:22:40, 136.52, 58.25, 22.93, 22.02, 9999.0, 9.57, 10.0, 21.64, 9999.0, 24.05, 9999.0, 117.77, 127.98, 120.25, 91.25, 138.5
2024-11-07, 19:22:44, 136.52, 58.25, 22.93, 22.0, 9999.0, 9.57, 10.0, 21.64, 9999.0, 24.05, 9999.0, 117.73, 127.98, 120.25, 91.25, 138.5
2024-11-07, 19:22:48, 136.52, 58.25, 22.95, 22.0, 9999.0, 9.57, 10.0, 21.64, 9999.0, 24.07, 9999.0, 117.73, 127.98, 120.25, 91.25, 138.5
2024-11-07, 19:22:52, 136.5, 58.25, 22.93, 22.0, 9999.0, 9.59, 10.0, 21.64, 9999.0, 24.07, 9999.0, 117.73, 127.98, 120.25, 91.25, 138.5
2024-11-07, 19:22:56, 136.5, 58.25, 22.91, 22.0, 9999.0, 9.64, 10.0, 21.66, 9999.0, 24.05, 9999.0, 117.7, 127.98, 120.25, 91.25, 138.5
2024-11-07, 19:23:00, 136.5, 58.25, 22.89, 22.0, 9999.0, 9.66, 10.0, 21.66, 9999.0, 24.02, 9999.0, 117.7, 127.95, 120.25, 91.25, 138.5
2024-11-07, 19:23:04, 136.5, 58.25, 22.89, 22.0, 9999.0, 9.68, 10.0, 21.66, 9999.0, 24.02, 9999.0, 117.7, 127.93, 120.25, 91.25, 138.5
2024-11-07, 19:23:08, 136.5, 58.25, 22.89, 22.0, 9999.0, 9.7, 10.0, 21.68, 9999.0, 24.0, 9999.0, 117.73, 127.93, 120.25, 91.23, 138.5
2024-11-07, 19:23:12, 136.5, 58.25, 22.86, 22.0, 9999.0, 9.73, 10.0, 21.68, 9999.0, 23.98, 9999.0, 117.75, 127.93, 120.25, 91.23, 138.5
2024-11-07, 19:23:16, 136.5, 58.25, 22.86, 22.0, 9999.0, 9.75, 10.0, 21.68, 9999.0, 23.93, 9999.0, 117.77, 127.95, 120.25, 91.23, 138.5
2024-11-07, 19:23:20, 136.5, 58.25, 22.84, 22.0, 9999.0, 9.77, 10.0, 21.7, 9999.0, 23.93, 9999.0, 117.8, 127.95, 120.25, 91.23, 138.5
2024-11-07, 19:23:24, 136.5, 58.25, 22.86, 22.0, 9999.0, 9.8, 10.0, 21.73, 9999.0, 23.93, 9999.0, 117.8, 127.95, 120.25, 91.2, 138.5
2024-11-07, 19:23:28, 136.5, 58.25, 22.89, 22.0, 9999.0, 9.8, 10.0, 21.7, 9999.0, 23.93, 9999.0, 117.84, 127.95, 120.25, 91.18, 138.5
2024-11-07, 19:23:32, 136.5, 58.25, 22.89, 22.0, 9999.0, 9.8, 10.0, 21.7, 9999.0, 23.95, 9999.0, 117.84, 127.95, 120.25, 91.18, 138.5
2024-11-07, 19:23:36, 136.5, 58.25, 22.89, 22.02, 9999.0, 9.75, 10.0, 21.68, 9999.0, 23.98, 9999.0, 117.84, 127.95, 120.25, 91.18, 138.5
2024-11-07, 19:23:40, 136.5, 58.25, 22.91, 22.02, 9999.0, 9.7, 10.0, 21.68, 9999.0, 24.0, 9999.0, 117.86, 127.95, 120.25, 91.18, 138.5
2024-11-07, 19:23:44, 136.5, 58.25, 22.91, 22.02, 9999.0, 9.7, 10.0, 21.68, 9999.0, 24.02, 9999.0, 117.86, 127.98, 120.25, 91.18, 138.5
2024-11-07, 19:23:48, 136.5, 58.25, 22.91, 22.02, 9999.0, 9.68, 10.0, 21.66, 9999.0, 24.02, 9999.0, 117.86, 128.0, 120.25, 91.18, 138.5
2024-11-07, 19:23:52, 136.5, 58.25, 22.91, 22.02, 9999.0, 9.66, 10.0, 21.66, 9999.0, 24.05, 9999.0, 117.84, 128.0, 120.25, 91.2, 138.5
2024-11-07, 19:23:56, 136.52, 58.25, 22.91, 22.02, 9999.0, 9.64, 10.0, 21.66, 9999.0, 24.07, 9999.0, 117.8, 128.0, 120.25, 91.2, 138.5
2024-11-07, 19:24:00, 136.52, 58.25, 22.89, 22.02, 9999.0, 9.64, 10.0, 21.66, 9999.0, 24.09, 9999.0, 117.75, 128.0, 120.25, 91.2, 138.5
2024-11-07, 19:24:04, 136.52, 58.25, 22.89, 22.02, 9999.0, 9.64, 10.0, 21.66, 9999.0, 24.09, 9999.0, 117.7, 128.0, 120.25, 91.2, 138.5
2024-11-07, 19:24:08, 136.52, 58.25, 22.89, 22.02, 9999.0, 9.64, 10.0, 21.66, 9999.0, 24.09, 9999.0, 117.68, 128.0, 120.25, 91.23, 138.5
2024-11-07, 19:24:12, 136.52, 58.25, 22.86, 22.02, 9999.0, 9.66, 10.0, 21.68, 9999.0, 24.09, 9999.0, 117.64, 128.0, 120.25, 91.25, 138.5
2024-11-07, 19:24:16, 136.52, 58.25, 22.84, 22.02, 9999.0, 9.66, 10.0, 21.7, 9999.0, 24.07, 9999.0, 117.64, 127.98, 120.25, 91.23, 138.5
2024-11-07, 19:24:20, 136.52, 58.25, 22.84, 22.0, 9999.0, 9.68, 10.0, 21.7, 9999.0, 24.05, 9999.0, 117.64, 127.98, 120.25, 91.23, 138.5
2024-11-07, 19:24:24, 136.52, 58.25, 22.84, 22.0, 9999.0, 9.7, 10.0, 21.7, 9999.0, 24.02, 9999.0, 117.64, 127.95, 120.25, 91.23, 138.5
2024-11-07, 19:24:28, 136.55, 58.25, 22.86, 22.0, 9999.0, 9.7, 10.0, 21.7, 9999.0, 24.0, 9999.0, 117.66, 127.95, 120.25, 91.23, 138.5
2024-11-07, 19:24:32, 136.55, 58.25, 22.84, 22.0, 9999.0, 9.73, 10.0, 21.73, 9999.0, 23.98, 9999.0, 117.68, 127.95, 120.25, 91.23, 138.5
2024-11-07, 19:24:36, 136.55, 58.25, 22.84, 22.0, 9999.0, 9.75, 10.0, 21.73, 9999.0, 23.95, 9999.0, 117.7, 127.95, 120.25, 91.23, 138.5
2024-11-07, 19:24:40, 136.52, 58.27, 22.86, 22.0, 9999.0, 9.77, 10.0, 21.73, 9999.0, 23.95, 9999.0, 117.75, 127.95, 120.25, 91.23, 138.5
2024-11-07, 19:24:44, 136.52, 58.27, 22.89, 22.0, 9999.0, 9.77, 10.0, 21.73, 9999.0, 23.93, 9999.0, 117.77, 127.95, 120.25, 91.23, 138.5
2024-11-07, 19:24:48, 136.52, 58.27, 22.91, 22.0, 9999.0, 9.77, 10.0, 21.7, 9999.0, 23.93, 9999.0, 117.8, 127.95, 120.25, 91.23, 138.5
2024-11-07, 19:24:52, 136.52, 58.27, 22.91, 22.0, 9999.0, 9.77, 10.0, 21.68, 9999.0, 23.93, 9999.0, 117.82, 127.95, 120.25, 91.23, 138.5
2024-11-07, 19:24:56, 136.52, 58.27, 22.93, 22.0, 9999.0, 9.73, 10.0, 21.66, 9999.0, 23.95, 9999.0, 117.84, 127.95, 120.25, 91.23, 138.5
2024-11-07, 19:25:00, 136.52, 58.27, 22.95, 22.0, 9999.0, 9.7, 10.0, 21.66, 9999.0, 23.95, 9999.0, 117.84, 127.98, 120.25, 91.25, 138.5
2024-11-07, 19:25:04, 136.52, 58.3, 22.95, 22.0, 9999.0, 9.68, 10.0, 21.68, 9999.0, 23.95, 9999.0, 117.84, 127.98, 120.25, 91.25, 138.5
2024-11-07, 19:25:08, 136.52, 58.3, 22.95, 22.0, 9999.0, 9.66, 10.0, 21.68, 9999.0, 23.95, 9999.0, 117.84, 128.0, 120.25, 91.23, 138.5
2024-11-07, 19:25:12, 136.5, 58.3, 22.93, 22.0, 9999.0, 9.64, 10.0, 21.66, 9999.0, 23.93, 9999.0, 117.82, 128.0, 120.25, 91.23, 138.5
2024-11-07, 19:25:16, 136.5, 58.32, 22.93, 22.0, 9999.0, 9.61, 10.0, 21.66, 9999.0, 23.93, 9999.0, 117.77, 128.0, 120.25, 91.23, 138.5
2024-11-07, 19:25:20, 136.5, 58.32, 22.93, 22.0, 9999.0, 9.61, 10.0, 21.66, 9999.0, 23.93, 9999.0, 117.75, 127.98, 120.25, 91.23, 138.5
2024-11-07, 19:25:24, 136.5, 58.3, 22.93, 22.0, 9999.0, 9.61, 10.0, 21.64, 9999.0, 23.91, 9999.0, 117.73, 127.98, 120.25, 91.2, 138.5
2024-11-07, 19:25:28, 136.5, 58.32, 22.93, 22.0, 9999.0, 9.61, 10.0, 21.64, 9999.0, 23.93, 9999.0, 117.7, 127.98, 120.25, 91.2, 138.5
2024-11-07, 19:25:32, 136.5, 58.32, 22.93, 22.0, 9999.0, 9.61, 10.0, 21.66, 9999.0, 23.93, 9999.0, 117.68, 127.95, 120.25, 91.2, 138.5
2024-11-07, 19:25:36, 136.5, 58.32, 22.91, 22.0, 9999.0, 9.61, 10.0, 21.68, 9999.0, 23.91, 9999.0, 117.68, 127.95, 120.25, 91.18, 138.5
2024-11-07, 19:25:40, 136.5, 58.32, 22.91, 22.0, 9999.0, 9.64, 10.0, 21.7, 9999.0, 23.86, 9999.0, 117.68, 127.93, 120.25, 91.18, 138.5
2024-11-07, 19:25:44, 136.5, 58.32, 22.91, 22.0, 9999.0, 9.66, 10.0, 21.7, 9999.0, 23.84, 9999.0, 117.68, 127.93, 120.25, 91.18, 138.5
2024-11-07, 19:25:48, 136.5, 58.32, 22.91, 22.0, 9999.0, 9.68, 10.0, 21.7, 9999.0, 23.82, 9999.0, 117.7, 127.93, 120.27, 91.18, 138.5
2024-11-07, 19:25:52, 136.5, 58.32, 22.91, 22.0, 9999.0, 9.7, 10.0, 21.7, 9999.0, 23.8, 9999.0, 117.73, 127.93, 120.27, 91.2, 138.5
2024-11-07, 19:25:56, 136.5, 58.32, 22.91, 22.0, 9999.0, 9.73, 10.0, 21.7, 9999.0, 23.8, 9999.0, 117.75, 127.93, 120.27, 91.2, 138.5
2024-11-07, 19:26:00, 136.5, 58.3, 22.93, 22.0, 9999.0, 9.75, 10.0, 21.68, 9999.0, 23.8, 9999.0, 117.77, 127.93, 120.27, 91.2, 138.5
2024-11-07, 19:26:04, 136.5, 58.32, 22.93, 22.0, 9999.0, 9.75, 10.0, 21.66, 9999.0, 23.8, 9999.0, 117.8, 127.95, 120.27, 91.2, 138.5
2024-11-07, 19:26:08, 136.5, 58.32, 22.93, 22.0, 9999.0, 9.75, 10.0, 21.68, 9999.0, 23.82, 9999.0, 117.8, 127.95, 120.27, 91.23, 138.5
2024-11-07, 19:26:13, 136.5, 58.3, 22.93, 22.0, 9999.0, 9.75, 10.0, 21.68, 9999.0, 23.82, 9999.0, 117.82, 127.95, 120.3, 91.23, 138.5
2024-11-07, 19:26:17, 136.5, 58.3, 22.93, 22.0, 9999.0, 9.73, 10.0, 21.68, 9999.0, 23.82, 9999.0, 117.84, 127.98, 120.3, 91.23, 138.5
2024-11-07, 19:26:21, 136.52, 58.3, 22.95, 22.0, 9999.0, 9.7, 10.0, 21.68, 9999.0, 23.84, 9999.0, 117.84, 127.98, 120.3, 91.25, 138.5
2024-11-07, 19:26:25, 136.52, 58.3, 22.93, 22.0, 9999.0, 9.68, 10.0, 21.66, 9999.0, 23.86, 9999.0, 117.84, 128.0, 120.3, 91.25, 138.5
2024-11-07, 19:26:29, 136.52, 58.32, 22.93, 22.0, 9999.0, 9.66, 10.0, 21.66, 9999.0, 23.89, 9999.0, 117.84, 128.0, 120.3, 91.25, 138.5
2024-11-07, 19:26:33, 136.52, 58.3, 22.93, 22.0, 9999.0, 9.64, 10.0, 21.66, 9999.0, 23.89, 9999.0, 117.82, 128.0, 120.27, 91.25, 138.5
2024-11-07, 19:26:37, 136.52, 58.3, 22.93, 22.0, 9999.0, 9.61, 10.0, 21.66, 9999.0, 23.89, 9999.0, 117.8, 128.0, 120.27, 91.25, 138.5
2024-11-07, 19:26:41, 136.52, 58.3, 22.95, 22.0, 9999.0, 9.61, 10.0, 21.68, 9999.0, 23.89, 9999.0, 117.77, 128.0, 120.27, 91.25, 138.5
2024-11-07, 19:26:45, 136.52, 58.3, 22.93, 22.0, 9999.0, 9.61, 10.0, 21.7, 9999.0, 23.89, 9999.0, 117.75, 128.0, 120.27, 91.25, 138.5
2024-11-07, 19:26:49, 136.52, 58.27, 22.91, 22.0, 9999.0, 9.61, 10.0, 21.7, 9999.0, 23.89, 9999.0, 117.73, 128.0, 120.27, 91.25, 138.5
2024-11-07, 19:26:53, 136.55, 58.27, 22.91, 22.0, 9999.0, 9.61, 10.0, 21.7, 9999.0, 23.86, 9999.0, 117.7, 128.0, 120.27, 91.25, 138.5
2024-11-07, 19:26:57, 136.55, 58.27, 22.89, 22.0, 9999.0, 9.64, 10.0, 21.7, 9999.0, 23.84, 9999.0, 117.7, 128.0, 120.25, 91.25, 138.5
2024-11-07, 19:27:01, 136.55, 58.27, 22.86, 22.0, 9999.0, 9.66, 10.0, 21.7, 9999.0, 23.82, 9999.0, 117.7, 128.0, 120.25, 91.25, 138.5
2024-11-07, 19:27:05, 136.52, 58.27, 22.84, 22.0, 9999.0, 9.68, 10.0, 21.7, 9999.0, 23.8, 9999.0, 117.7, 128.0, 120.25, 91.25, 138.5
2024-11-07, 19:27:09, 136.52, 58.27, 22.84, 22.0, 9999.0, 9.7, 10.0, 21.73, 9999.0, 23.77, 9999.0, 117.73, 128.0, 120.25, 91.25, 138.5
2024-11-07, 19:27:13, 136.52, 58.25, 22.82, 22.0, 9999.0, 9.73, 10.0, 21.73, 9999.0, 23.75, 9999.0, 117.75, 127.98, 120.25, 91.25, 138.5
2024-11-07, 19:27:17, 136.52, 58.25, 22.82, 22.0, 9999.0, 9.75, 10.0, 21.73, 9999.0, 23.73, 9999.0, 117.77, 127.98, 120.25, 91.25, 138.5
2024-11-07, 19:27:21, 136.52, 58.25, 22.8, 22.0, 9999.0, 9.77, 10.0, 21.73, 9999.0, 23.73, 9999.0, 117.8, 127.98, 120.25, 91.25, 138.5
2024-11-07, 19:27:25, 136.52, 58.25, 22.8, 22.0, 9999.0, 9.77, 10.0, 21.73, 9999.0, 23.73, 9999.0, 117.82, 127.95, 120.25, 91.25, 138.5
2024-11-07, 19:27:29, 136.52, 58.25, 22.82, 22.0, 9999.0, 9.77, 10.0, 21.73, 9999.0, 23.73, 9999.0, 117.84, 127.95, 120.25, 91.25, 138.5
2024-11-07, 19:27:33, 136.52, 58.25, 22.82, 22.0, 9999.0, 9.77, 10.0, 21.75, 9999.0, 23.73, 9999.0, 117.84, 127.95, 120.25, 91.25, 138.5
2024-11-07, 19:27:37, 136.5, 58.25, 22.82, 22.0, 9999.0, 9.77, 10.0, 21.73, 9999.0, 23.73, 9999.0, 117.86, 127.95, 120.25, 91.25, 138.5
2024-11-07, 19:27:41, 136.5, 58.25, 22.82, 22.0, 9999.0, 9.73, 10.0, 21.73, 9999.0, 23.73, 9999.0, 117.86, 127.95, 120.25, 91.25, 138.5
2024-11-07, 19:27:45, 136.5, 58.25, 22.84, 22.0, 9999.0, 9.7, 10.0, 21.73, 9999.0, 23.73, 9999.0, 117.86, 127.95, 120.25, 91.25, 138.5
2024-11-07, 19:27:49, 136.52, 58.27, 22.84, 22.0, 9999.0, 9.68, 10.0, 21.73, 9999.0, 23.73, 9999.0, 117.86, 127.95, 120.25, 91.25, 138.5
2024-11-07, 19:27:53, 136.52, 58.27, 22.86, 22.0, 9999.0, 9.66, 10.0, 21.73, 9999.0, 23.73, 9999.0, 117.84, 127.95, 120.25, 91.25, 138.5
2024-11-07, 19:27:57, 136.52, 58.27, 22.89, 22.0, 9999.0, 9.64, 10.0, 21.73, 9999.0, 23.73, 9999.0, 117.82, 127.98, 120.25, 91.25, 138.5
2024-11-07, 19:28:01, 136.52, 58.27, 22.89, 22.0, 9999.0, 9.64, 10.0, 21.73, 9999.0, 23.75, 9999.0, 117.77, 127.98, 120.25, 91.25, 138.52
2024-11-07, 19:28:05, 136.52, 58.27, 22.91, 22.0, 9999.0, 9.64, 10.0, 21.73, 9999.0, 23.75, 9999.0, 117.73, 127.95, 120.25, 91.25, 138.52
2024-11-07, 19:28:09, 136.52, 58.27, 22.91, 22.0, 9999.0, 9.66, 10.0, 21.73, 9999.0, 23.75, 9999.0, 117.68, 127.98, 120.25, 91.25, 138.55
2024-11-07, 19:28:13, 136.52, 58.27, 22.89, 22.0, 9999.0, 9.66, 10.0, 21.73, 9999.0, 23.75, 9999.0, 117.66, 127.98, 120.25, 91.25, 138.55
2024-11-07, 19:28:17, 136.52, 58.27, 22.89, 22.0, 9999.0, 9.66, 10.0, 21.73, 9999.0, 23.73, 9999.0, 117.66, 127.98, 120.25, 91.25, 138.55
2024-11-07, 19:28:21, 136.52, 58.27, 22.89, 22.0, 9999.0, 9.66, 10.0, 21.75, 9999.0, 23.7, 9999.0, 117.66, 127.95, 120.25, 91.25, 138.55
2024-11-07, 19:28:25, 136.52, 58.27, 22.91, 22.0, 9999.0, 9.68, 10.0, 21.75, 9999.0, 23.68, 9999.0, 117.68, 127.95, 120.25, 91.25, 138.55
2024-11-07, 19:28:29, 136.52, 58.27, 22.91, 22.0, 9999.0, 9.7, 10.0, 21.75, 9999.0, 23.66, 9999.0, 117.7, 127.95, 120.25, 91.25, 138.57
2024-11-07, 19:28:33, 136.5, 58.25, 22.93, 22.0, 9999.0, 9.73, 10.02, 21.75, 9999.0, 23.66, 9999.0, 117.73, 127.95, 120.25, 91.25, 138.57
2024-11-07, 19:28:37, 136.5, 58.25, 22.93, 22.0, 9999.0, 9.75, 10.02, 21.75, 9999.0, 23.66, 9999.0, 117.75, 127.95, 120.25, 91.25, 138.57
2024-11-07, 19:28:41, 136.5, 58.25, 22.93, 22.0, 9999.0, 9.77, 10.02, 21.75, 9999.0, 23.66, 9999.0, 117.75, 127.95, 120.25, 91.25, 138.57
2024-11-07, 19:28:45, 136.5, 58.25, 22.95, 22.0, 9999.0, 9.77, 10.02, 21.75, 9999.0, 23.66, 9999.0, 117.77, 127.95, 120.25, 91.25, 138.57
2024-11-07, 19:28:49, 136.5, 58.25, 22.95, 22.0, 9999.0, 9.77, 10.02, 21.75, 9999.0, 23.66, 9999.0, 117.8, 127.98, 120.25, 91.25, 138.57
2024-11-07, 19:28:53, 136.5, 58.25, 22.95, 22.0, 9999.0, 9.73, 10.02, 21.75, 9999.0, 23.66, 9999.0, 117.82, 127.98, 120.25, 91.25, 138.55
2024-11-07, 19:28:57, 136.5, 58.25, 22.98, 22.0, 9999.0, 9.7, 10.02, 21.75, 9999.0, 23.66, 9999.0, 117.84, 127.98, 120.25, 91.25, 138.55
2024-11-07, 19:29:01, 136.5, 58.25, 23.0, 22.0, 9999.0, 9.68, 10.02, 21.75, 9999.0, 23.68, 9999.0, 117.84, 127.98, 120.25, 91.25, 138.55
2024-11-07, 19:29:05, 136.5, 58.25, 23.0, 22.0, 9999.0, 9.66, 10.02, 21.75, 9999.0, 23.7, 9999.0, 117.84, 128.0, 120.25, 91.25, 138.55
2024-11-07, 19:29:09, 136.5, 58.25, 23.0, 22.0, 9999.0, 9.64, 10.02, 21.75, 9999.0, 23.73, 9999.0, 117.82, 128.0, 120.25, 91.25, 138.55
2024-11-07, 19:29:13, 136.5, 58.25, 23.0, 22.0, 9999.0, 9.61, 10.02, 21.75, 9999.0, 23.73, 9999.0, 117.77, 128.0, 120.25, 91.25, 138.52
2024-11-07, 19:29:17, 136.5, 58.25, 23.0, 22.0, 9999.0, 9.61, 10.0, 21.75, 9999.0, 23.7, 9999.0, 117.75, 128.0, 120.25, 91.25, 138.52
2024-11-07, 19:29:21, 136.5, 58.25, 22.98, 22.0, 9999.0, 9.61, 10.0, 21.75, 9999.0, 23.68, 9999.0, 117.73, 128.0, 120.25, 91.25, 138.52
2024-11-07, 19:29:25, 136.5, 58.25, 22.98, 22.0, 9999.0, 9.64, 10.0, 21.75, 9999.0, 23.66, 9999.0, 117.7, 128.0, 120.25, 91.25, 138.52
2024-11-07, 19:29:29, 136.5, 58.25, 22.95, 22.0, 9999.0, 9.66, 10.0, 21.75, 9999.0, 23.64, 9999.0, 117.68, 128.0, 120.25, 91.25, 138.5
2024-11-07, 19:29:33, 136.5, 58.25, 22.95, 22.0, 9999.0, 9.68, 10.0, 21.75, 9999.0, 23.61, 9999.0, 117.68, 128.0, 120.25, 91.25, 138.5
2024-11-07, 19:29:37, 136.5, 58.25, 22.95, 22.0, 9999.0, 9.7, 10.0, 21.75, 9999.0, 23.59, 9999.0, 117.68, 128.0, 120.25, 91.25, 138.5
2024-11-07, 19:29:41, 136.5, 58.25, 22.95, 22.0, 9999.0, 9.73, 10.0, 21.75, 9999.0, 23.57, 9999.0, 117.7, 128.0, 120.25, 91.25, 138.52
2024-11-07, 19:29:45, 136.5, 58.25, 22.95, 22.0, 9999.0, 9.75, 10.0, 21.75, 9999.0, 23.55, 9999.0, 117.73, 128.0, 120.25, 91.25, 138.52
2024-11-07, 19:29:49, 136.5, 58.25, 22.95, 22.0, 9999.0, 9.77, 10.0, 21.75, 9999.0, 23.52, 9999.0, 117.75, 128.0, 120.25, 91.25, 138.55
2024-11-07, 19:29:53, 136.5, 58.25, 22.95, 22.0, 9999.0, 9.8, 10.0, 21.75, 9999.0, 23.52, 9999.0, 117.77, 128.0, 120.25, 91.25, 138.55
2024-11-07, 19:29:57, 136.5, 58.25, 22.95, 22.02, 9999.0, 9.82, 10.0, 21.75, 9999.0, 23.55, 9999.0, 117.82, 128.0, 120.25, 91.25, 138.55
2024-11-07, 19:30:02, 136.5, 58.25, 22.95, 22.02, 9999.0, 9.82, 10.0, 21.75, 9999.0, 23.57, 9999.0, 117.82, 128.0, 120.25, 91.25, 138.57
2024-11-07, 19:30:06, 136.5, 58.25, 22.98, 22.02, 9999.0, 9.82, 10.0, 21.75, 9999.0, 23.61, 9999.0, 117.84, 128.0, 120.25, 91.25, 138.57
2024-11-07, 19:30:10, 136.5, 58.25, 22.98, 22.02, 9999.0, 9.8, 10.0, 21.75, 9999.0, 23.64, 9999.0, 117.86, 128.0, 120.25, 91.25, 138.59
2024-11-07, 19:30:14, 136.5, 58.25, 23.0, 22.05, 9999.0, 9.77, 10.0, 21.75, 9999.0, 23.66, 9999.0, 117.89, 128.0, 120.25, 91.25, 138.61
2024-11-07, 19:30:18, 136.5, 58.25, 23.0, 22.05, 9999.0, 9.75, 10.0, 21.75, 9999.0, 23.68, 9999.0, 117.89, 128.0, 120.25, 91.25, 138.61
2024-11-07, 19:30:22, 136.5, 58.25, 23.0, 22.05, 9999.0, 9.73, 10.0, 21.75, 9999.0, 23.7, 9999.0, 117.89, 128.0, 120.25, 91.25, 138.64
2024-11-07, 19:30:26, 136.5, 58.25, 23.0, 22.05, 9999.0, 9.73, 10.0, 21.75, 9999.0, 23.73, 9999.0, 117.86, 128.0, 120.25, 91.25, 138.64
2024-11-07, 19:30:30, 136.5, 58.25, 23.0, 22.05, 9999.0, 9.7, 10.0, 21.75, 9999.0, 23.75, 9999.0, 117.84, 128.0, 120.25, 91.25, 138.66
2024-11-07, 19:30:34, 136.52, 58.25, 23.0, 22.07, 9999.0, 9.68, 10.0, 21.75, 9999.0, 23.77, 9999.0, 117.82, 128.0, 120.25, 91.25, 138.64
2024-11-07, 19:30:38, 136.52, 58.25, 23.0, 22.09, 9999.0, 9.68, 10.0, 21.75, 9999.0, 23.77, 9999.0, 117.8, 128.0, 120.25, 91.25, 138.64
2024-11-07, 19:30:54, 136.52, 58.25, 23.0, 22.07, 9999.0, 9.68, 10.0, 21.75, 9999.0, 23.77, 9999.0, 117.77, 128.0, 120.25, 91.25, 138.66
2024-11-07, 19:30:58, 136.52, 58.25, 23.0, 22.09, 9999.0, 9.7, 10.0, 21.75, 9999.0, 23.77, 9999.0, 117.77, 128.0, 120.25, 91.25, 138.64
2024-11-07, 19:31:02, 136.52, 58.25, 23.0, 22.11, 9999.0, 9.73, 10.0, 21.75, 9999.0, 23.75, 9999.0, 117.73, 128.0, 120.25, 91.25, 138.66
2024-11-07, 19:31:06, 136.52, 58.25, 23.0, 22.11, 9999.0, 9.73, 10.0, 21.75, 9999.0, 23.75, 9999.0, 117.73, 128.0, 120.25, 91.25, 138.64
2024-11-07, 19:31:10, 136.52, 58.25, 23.0, 22.11, 9999.0, 9.73, 10.0, 21.75, 9999.0, 23.73, 9999.0, 117.73, 128.0, 120.25, 91.25, 138.64
2024-11-07, 19:31:14, 136.52, 58.25, 23.0, 22.11, 9999.0, 9.73, 10.0, 21.75, 9999.0, 23.7, 9999.0, 117.75, 128.0, 120.25, 91.25, 138.66
2024-11-07, 19:31:18, 136.52, 58.27, 23.0, 22.11, 9999.0, 9.75, 10.0, 21.75, 9999.0, 23.68, 9999.0, 117.77, 128.0, 120.25, 91.25, 138.64
2024-11-07, 19:31:22, 136.52, 58.27, 23.0, 22.14, 9999.0, 9.75, 10.02, 21.75, 9999.0, 23.66, 9999.0, 117.8, 128.0, 120.25, 91.25, 138.64
2024-11-07, 19:31:26, 136.52, 58.3, 23.0, 22.16, 9999.0, 9.77, 10.05, 21.75, 9999.0, 23.66, 9999.0, 117.82, 128.0, 120.25, 91.25, 138.64
2024-11-07, 19:31:30, 136.5, 58.3, 23.0, 22.16, 9999.0, 9.8, 10.07, 21.75, 9999.0, 23.66, 9999.0, 117.84, 128.0, 120.25, 91.25, 138.66
2024-11-07, 19:31:34, 136.5, 58.3, 23.0, 22.16, 9999.0, 9.77, 10.07, 21.75, 9999.0, 23.66, 9999.0, 117.84, 128.0, 120.25, 91.25, 138.68
2024-11-07, 19:31:38, 136.5, 58.3, 23.0, 22.18, 9999.0, 9.77, 10.07, 21.75, 9999.0, 23.66, 9999.0, 117.86, 128.0, 120.25, 91.25, 138.68
2024-11-07, 19:31:42, 136.5, 58.3, 23.0, 22.18, 9999.0, 9.75, 10.09, 21.75, 9999.0, 23.66, 9999.0, 117.86, 128.0, 120.25, 91.25, 138.7
2024-11-07, 19:31:46, 136.5, 58.3, 23.0, 22.16, 9999.0, 9.73, 10.09, 21.75, 9999.0, 23.66, 9999.0, 117.89, 128.0, 120.25, 91.25, 138.7
2024-11-07, 19:31:50, 136.5, 58.32, 23.0, 22.18, 9999.0, 9.73, 10.09, 21.75, 9999.0, 23.66, 9999.0, 117.89, 128.0, 120.25, 91.25, 138.73
2024-11-07, 19:31:54, 136.5, 58.32, 23.0, 22.18, 9999.0, 9.7, 10.09, 21.75, 9999.0, 23.68, 9999.0, 117.89, 128.0, 120.25, 91.25, 138.73
2024-11-07, 19:31:58, 136.52, 58.34, 23.0, 22.18, 9999.0, 9.7, 10.09, 21.75, 9999.0, 23.7, 9999.0, 117.86, 128.0, 120.25, 91.25, 138.73
2024-11-07, 19:32:02, 136.52, 58.32, 23.0, 22.2, 9999.0, 9.68, 10.09, 21.75, 9999.0, 23.73, 9999.0, 117.84, 128.0, 120.25, 91.25, 138.75
2024-11-07, 19:32:06, 136.52, 58.32, 23.0, 22.2, 9999.0, 9.68, 10.07, 21.73, 9999.0, 23.75, 9999.0, 117.82, 128.0, 120.25, 91.25, 138.75
2024-11-07, 19:32:11, 136.52, 58.3, 23.0, 22.2, 9999.0, 9.68, 10.05, 21.73, 9999.0, 23.75, 9999.0, 117.77, 128.0, 120.25, 91.25, 138.75
2024-11-07, 19:32:15, 136.52, 58.32, 23.0, 22.18, 9999.0, 9.68, 10.02, 21.73, 9999.0, 23.75, 9999.0, 117.75, 128.0, 120.25, 91.25, 138.75
2024-11-07, 19:32:19, 136.52, 58.34, 23.0, 22.18, 9999.0, 9.73, 10.02, 21.73, 9999.0, 23.75, 9999.0, 117.75, 128.0, 120.25, 91.25, 138.73
2024-11-07, 19:32:23, 136.52, 58.34, 23.0, 22.18, 9999.0, 9.75, 10.05, 21.73, 9999.0, 23.75, 9999.0, 117.7, 128.0, 120.25, 91.25, 138.73
2024-11-07, 19:32:27, 136.52, 58.34, 23.0, 22.18, 9999.0, 9.77, 10.02, 21.73, 9999.0, 23.75, 9999.0, 117.7, 128.0, 120.25, 91.25, 138.73
2024-11-07, 19:32:31, 136.55, 58.36, 23.0, 22.18, 9999.0, 9.8, 10.02, 21.73, 9999.0, 23.75, 9999.0, 117.7, 128.0, 120.25, 91.25, 138.73
2024-11-07, 19:32:35, 136.55, 58.36, 23.0, 22.18, 9999.0, 9.8, 10.02, 21.73, 9999.0, 23.75, 9999.0, 117.73, 128.0, 120.25, 91.25, 138.7
2024-11-07, 19:32:39, 136.55, 58.39, 23.0, 22.18, 9999.0, 9.82, 10.02, 21.73, 9999.0, 23.75, 9999.0, 117.75, 128.0, 120.25, 91.25, 138.7
2024-11-07, 19:32:43, 136.52, 58.36, 23.0, 22.2, 9999.0, 9.82, 10.02, 21.73, 9999.0, 23.75, 9999.0, 117.77, 128.0, 120.25, 91.25, 138.7
2024-11-07, 19:32:47, 136.52, 58.39, 23.0, 22.2, 9999.0, 9.84, 10.02, 21.73, 9999.0, 23.77, 9999.0, 117.8, 128.0, 120.25, 91.25, 138.7
2024-11-07, 19:32:51, 136.52, 58.41, 23.0, 22.18, 9999.0, 9.84, 10.02, 21.75, 9999.0, 23.8, 9999.0, 117.82, 128.0, 120.25, 91.25, 138.7
2024-11-07, 19:32:55, 136.52, 58.43, 23.0, 22.18, 9999.0, 9.84, 10.02, 21.75, 9999.0, 23.82, 9999.0, 117.84, 128.0, 120.25, 91.25, 138.68
2024-11-07, 19:32:59, 136.52, 58.41, 23.0, 22.2, 9999.0, 9.84, 10.02, 21.75, 9999.0, 23.84, 9999.0, 117.86, 128.0, 120.25, 91.25, 138.68
2024-11-07, 19:33:03, 136.52, 58.41, 23.0, 22.2, 9999.0, 9.82, 10.02, 21.75, 9999.0, 23.86, 9999.0, 117.89, 128.0, 120.25, 91.25, 138.7
2024-11-07, 19:33:07, 136.55, 58.43, 23.0, 22.2, 9999.0, 9.8, 10.0, 21.75, 9999.0, 23.89, 9999.0, 117.91, 128.0, 120.25, 91.25, 138.7
2024-11-07, 19:33:11, 136.55, 58.43, 23.0, 22.18, 9999.0, 9.77, 10.02, 21.75, 9999.0, 23.91, 9999.0, 117.91, 128.0, 120.25, 91.25, 138.68
2024-11-07, 19:33:15, 136.52, 58.41, 23.0, 22.2, 9999.0, 9.75, 10.02, 21.75, 9999.0, 23.93, 9999.0, 117.91, 128.0, 120.25, 91.25, 138.68
2024-11-07, 19:33:19, 136.55, 58.41, 23.0, 22.2, 9999.0, 9.75, 10.02, 21.75, 9999.0, 23.95, 9999.0, 117.89, 128.0, 120.25, 91.25, 138.7
2024-11-07, 19:33:23, 136.55, 58.41, 23.0, 22.2, 9999.0, 9.73, 10.02, 21.75, 9999.0, 23.98, 9999.0, 117.86, 128.0, 120.25, 91.23, 138.68
2024-11-07, 19:33:27, 136.55, 58.43, 23.0, 22.2, 9999.0, 9.73, 10.02, 21.75, 9999.0, 24.0, 9999.0, 117.84, 128.0, 120.25, 91.23, 138.66
2024-11-07, 19:33:31, 136.55, 58.41, 23.0, 22.2, 9999.0, 9.73, 10.02, 21.75, 9999.0, 24.0, 9999.0, 117.82, 128.0, 120.25, 91.23, 138.66
2024-11-07, 19:33:35, 136.55, 58.41, 23.0, 22.23, 9999.0, 9.73, 10.02, 21.75, 9999.0, 23.98, 9999.0, 117.8, 128.0, 120.25, 91.23, 138.66
2024-11-07, 19:33:39, 136.55, 58.41, 22.98, 22.23, 9999.0, 9.75, 10.05, 21.75, 9999.0, 23.95, 9999.0, 117.77, 128.0, 120.25, 91.23, 138.68
2024-11-07, 19:33:43, 136.55, 58.41, 22.98, 22.2, 9999.0, 9.77, 10.07, 21.75, 9999.0, 23.93, 9999.0, 117.75, 128.0, 120.25, 91.23, 138.68
2024-11-07, 19:33:47, 136.55, 58.41, 22.98, 22.2, 9999.0, 9.8, 10.07, 21.75, 9999.0, 23.91, 9999.0, 117.75, 128.0, 120.25, 91.23, 138.68
2024-11-07, 19:33:51, 136.52, 58.39, 22.98, 22.2, 9999.0, 9.82, 10.07, 21.75, 9999.0, 23.89, 9999.0, 117.75, 128.0, 120.25, 91.23, 138.66
2024-11-07, 19:33:55, 136.52, 58.39, 22.98, 22.23, 9999.0, 9.82, 10.05, 21.75, 9999.0, 23.86, 9999.0, 117.77, 128.0, 120.25, 91.23, 138.68
2024-11-07, 19:33:59, 136.52, 58.41, 22.98, 22.2, 9999.0, 9.82, 10.05, 21.75, 9999.0, 23.84, 9999.0, 117.8, 128.0, 120.25, 91.2, 138.68
2024-11-07, 19:34:03, 136.5, 58.41, 22.95, 22.2, 9999.0, 9.82, 10.05, 21.75, 9999.0, 23.82, 9999.0, 117.82, 128.0, 120.25, 91.2, 138.68
2024-11-07, 19:34:07, 136.5, 58.39, 22.95, 22.2, 9999.0, 9.84, 10.05, 21.75, 9999.0, 23.82, 9999.0, 117.84, 128.0, 120.25, 91.23, 138.68
2024-11-07, 19:34:11, 136.5, 58.36, 22.95, 22.18, 9999.0, 9.84, 10.05, 21.75, 9999.0, 23.82, 9999.0, 117.86, 128.0, 120.25, 91.23, 138.7
2024-11-07, 19:34:15, 136.5, 58.39, 22.95, 22.16, 9999.0, 9.84, 10.05, 21.75, 9999.0, 23.82, 9999.0, 117.89, 128.0, 120.25, 91.23, 138.7
2024-11-07, 19:34:19, 136.5, 58.36, 22.95, 22.14, 9999.0, 9.84, 10.05, 21.75, 9999.0, 23.84, 9999.0, 117.91, 128.0, 120.25, 91.23, 138.68
2024-11-07, 19:34:23, 136.5, 58.36, 22.98, 22.14, 9999.0, 9.82, 10.02, 21.75, 9999.0, 23.86, 9999.0, 117.93, 128.0, 120.25, 91.23, 138.68
2024-11-07, 19:34:27, 136.5, 58.39, 22.98, 22.16, 9999.0, 9.8, 10.0, 21.75, 9999.0, 23.89, 9999.0, 117.93, 128.0, 120.25, 91.23, 138.68
2024-11-07, 19:34:31, 136.5, 58.36, 22.98, 22.14, 9999.0, 9.77, 10.0, 21.75, 9999.0, 23.91, 9999.0, 117.91, 128.0, 120.25, 91.23, 138.66
2024-11-07, 19:34:35, 136.5, 58.36, 22.98, 22.14, 9999.0, 9.75, 10.0, 21.75, 9999.0, 23.93, 9999.0, 117.91, 128.0, 120.25, 91.23, 138.66
2024-11-07, 19:34:39, 136.5, 58.36, 22.98, 22.11, 9999.0, 9.73, 10.0, 21.75, 9999.0, 23.95, 9999.0, 117.89, 128.0, 120.25, 91.23, 138.64
2024-11-07, 19:34:43, 136.5, 58.34, 22.98, 22.11, 9999.0, 9.7, 10.0, 21.75, 9999.0, 23.98, 9999.0, 117.86, 128.0, 120.25, 91.25, 138.64
2024-11-07, 19:34:47, 136.5, 58.32, 23.0, 22.11, 9999.0, 9.7, 10.0, 21.75, 9999.0, 24.0, 9999.0, 117.82, 128.0, 120.25, 91.25, 138.64
2024-11-07, 19:34:51, 136.5, 58.34, 23.0, 22.11, 9999.0, 9.7, 10.0, 21.75, 9999.0, 24.0, 9999.0, 117.77, 128.0, 120.25, 91.25, 138.64
2024-11-07, 19:34:55, 136.5, 58.34, 22.98, 22.14, 9999.0, 9.7, 10.0, 21.75, 9999.0, 24.0, 9999.0, 117.73, 128.0, 120.25, 91.25, 138.61
2024-11-07, 19:34:59, 136.5, 58.34, 22.98, 22.16, 9999.0, 9.73, 10.0, 21.75, 9999.0, 23.98, 9999.0, 117.68, 128.0, 120.25, 91.25, 138.61
2024-11-07, 19:35:03, 136.52, 58.34, 22.98, 22.18, 9999.0, 9.75, 10.02, 21.75, 9999.0, 23.95, 9999.0, 117.66, 128.0, 120.25, 91.25, 138.64
2024-11-07, 19:35:07, 136.52, 58.32, 22.98, 22.18, 9999.0, 9.77, 10.02, 21.75, 9999.0, 23.93, 9999.0, 117.66, 128.0, 120.25, 91.25, 138.64
2024-11-07, 19:35:11, 136.52, 58.32, 22.98, 22.16, 9999.0, 9.77, 10.02, 21.75, 9999.0, 23.91, 9999.0, 117.66, 128.0, 120.25, 91.25, 138.61
2024-11-07, 19:35:15, 136.52, 58.34, 22.98, 22.16, 9999.0, 9.77, 10.05, 21.75, 9999.0, 23.89, 9999.0, 117.68, 128.0, 120.25, 91.25, 138.64
2024-11-07, 19:35:19, 136.52, 58.36, 22.95, 22.16, 9999.0, 9.77, 10.05, 21.75, 9999.0, 23.86, 9999.0, 117.7, 128.0, 120.25, 91.25, 138.64
2024-11-07, 19:35:23, 136.52, 58.39, 22.95, 22.16, 9999.0, 9.8, 10.05, 21.75, 9999.0, 23.86, 9999.0, 117.73, 128.0, 120.25, 91.25, 138.66
2024-11-07, 19:35:27, 136.52, 58.39, 22.95, 22.18, 9999.0, 9.82, 10.07, 21.75, 9999.0, 23.86, 9999.0, 117.75, 128.0, 120.25, 91.25, 138.64
2024-11-07, 19:35:31, 136.52, 58.41, 22.95, 22.16, 9999.0, 9.82, 10.07, 21.75, 9999.0, 23.86, 9999.0, 117.77, 128.0, 120.25, 91.25, 138.61
2024-11-07, 19:35:35, 136.52, 58.41, 22.93, 22.14, 9999.0, 9.82, 10.07, 21.75, 9999.0, 23.89, 9999.0, 117.8, 128.0, 120.25, 91.25, 138.61
2024-11-07, 19:35:39, 136.52, 58.41, 22.95, 22.11, 9999.0, 9.82, 10.07, 21.75, 9999.0, 23.89, 9999.0, 117.84, 128.0, 120.25, 91.25, 138.61
2024-11-07, 19:35:43, 136.52, 58.41, 22.95, 22.09, 9999.0, 9.8, 10.07, 21.75, 9999.0, 23.91, 9999.0, 117.86, 128.0, 120.25, 91.25, 138.61
2024-11-07, 19:35:47, 136.5, 58.43, 22.95, 22.07, 9999.0, 9.77, 10.05, 21.75, 9999.0, 23.93, 9999.0, 117.86, 128.0, 120.25, 91.25, 138.61
2024-11-07, 19:35:51, 136.5, 58.43, 22.95, 22.05, 9999.0, 9.73, 10.05, 21.75, 9999.0, 23.95, 9999.0, 117.86, 128.0, 120.25, 91.25, 138.59
2024-11-07, 19:35:55, 136.5, 58.43, 22.95, 22.05, 9999.0, 9.7, 10.05, 21.75, 9999.0, 23.98, 9999.0, 117.86, 128.0, 120.25, 91.25, 138.61
2024-11-07, 19:36:00, 136.5, 58.43, 22.95, 22.05, 9999.0, 9.68, 10.02, 21.75, 9999.0, 24.0, 9999.0, 117.84, 128.0, 120.25, 91.25, 138.59
2024-11-07, 19:36:04, 136.5, 58.41, 22.98, 22.02, 9999.0, 9.66, 10.02, 21.75, 9999.0, 24.02, 9999.0, 117.82, 128.0, 120.25, 91.25, 138.61
2024-11-07, 19:36:08, 136.5, 58.41, 22.95, 22.02, 9999.0, 9.66, 10.02, 21.73, 9999.0, 24.02, 9999.0, 117.8, 128.0, 120.25, 91.25, 138.59
2024-11-07, 19:36:12, 136.5, 58.43, 22.93, 22.0, 9999.0, 9.66, 10.0, 21.73, 9999.0, 24.02, 9999.0, 117.77, 127.98, 120.25, 91.25, 138.59
2024-11-07, 19:36:16, 136.5, 58.41, 22.93, 22.0, 9999.0, 9.66, 10.0, 21.73, 9999.0, 24.02, 9999.0, 117.75, 127.98, 120.25, 91.25, 138.61
2024-11-07, 19:36:20, 136.5, 58.39, 22.93, 22.0, 9999.0, 9.68, 10.0, 21.73, 9999.0, 23.98, 9999.0, 117.73, 127.98, 120.25, 91.25, 138.61
2024-11-07, 19:36:24, 136.5, 58.39, 22.93, 22.0, 9999.0, 9.7, 10.0, 21.73, 9999.0, 23.95, 9999.0, 117.7, 127.98, 120.25, 91.25, 138.61
2024-11-07, 19:36:28, 136.5, 58.39, 22.91, 22.02, 9999.0, 9.73, 10.0, 21.7, 9999.0, 23.95, 9999.0, 117.7, 127.98, 120.25, 91.25, 138.59
2024-11-07, 19:36:32, 136.5, 58.39, 22.91, 22.02, 9999.0, 9.73, 10.0, 21.7, 9999.0, 23.95, 9999.0, 117.7, 127.98, 120.25, 91.25, 138.59
2024-11-07, 19:36:36, 136.52, 58.41, 22.91, 22.02, 9999.0, 9.75, 10.0, 21.7, 9999.0, 23.93, 9999.0, 117.73, 127.98, 120.25, 91.25, 138.59
2024-11-07, 19:36:40, 136.52, 58.41, 22.91, 22.05, 9999.0, 9.77, 10.0, 21.7, 9999.0, 23.91, 9999.0, 117.75, 127.98, 120.25, 91.25, 138.59
2024-11-07, 19:36:44, 136.55, 58.39, 22.91, 22.07, 9999.0, 9.8, 10.0, 21.7, 9999.0, 23.91, 9999.0, 117.77, 127.98, 120.25, 91.25, 138.59
2024-11-07, 19:36:48, 136.55, 58.39, 22.91, 22.09, 9999.0, 9.82, 10.0, 21.7, 9999.0, 23.93, 9999.0, 117.77, 127.98, 120.25, 91.25, 138.57
2024-11-07, 19:36:52, 136.55, 58.39, 22.91, 22.11, 9999.0, 9.82, 10.0, 21.7, 9999.0, 23.93, 9999.0, 117.77, 127.98, 120.25, 91.25, 138.59
2024-11-07, 19:36:56, 136.55, 58.39, 22.93, 22.14, 9999.0, 9.8, 10.0, 21.7, 9999.0, 23.95, 9999.0, 117.77, 128.0, 120.25, 91.25, 138.59
2024-11-07, 19:37:00, 136.55, 58.41, 22.91, 22.16, 9999.0, 9.8, 10.0, 21.7, 9999.0, 23.98, 9999.0, 117.8, 128.0, 120.25, 91.25, 138.59
2024-11-07, 19:37:04, 136.55, 58.41, 22.91, 22.18, 9999.0, 9.77, 10.0, 21.7, 9999.0, 24.0, 9999.0, 117.82, 128.0, 120.25, 91.25, 138.59
2024-11-07, 19:37:08, 136.55, 58.41, 22.91, 22.18, 9999.0, 9.75, 10.0, 21.7, 9999.0, 24.02, 9999.0, 117.82, 128.0, 120.25, 91.25, 138.59
2024-11-07, 19:37:12, 136.55, 58.39, 22.93, 22.18, 9999.0, 9.7, 10.0, 21.73, 9999.0, 24.02, 9999.0, 117.82, 128.0, 120.25, 91.25, 138.59
2024-11-07, 19:37:16, 136.55, 58.39, 22.93, 22.18, 9999.0, 9.68, 10.0, 21.73, 9999.0, 24.02, 9999.0, 117.82, 128.0, 120.25, 91.25, 138.57
2024-11-07, 19:37:20, 136.52, 58.36, 22.93, 22.2, 9999.0, 9.66, 10.0, 21.73, 9999.0, 24.05, 9999.0, 117.77, 128.0, 120.25, 91.25, 138.57
2024-11-07, 19:37:24, 136.52, 58.34, 22.91, 22.2, 9999.0, 9.64, 10.0, 21.73, 9999.0, 24.07, 9999.0, 117.75, 128.0, 120.25, 91.25, 138.55
2024-11-07, 19:37:28, 136.5, 58.36, 22.91, 22.2, 9999.0, 9.64, 10.0, 21.73, 9999.0, 24.07, 9999.0, 117.7, 128.0, 120.25, 91.25, 138.55
2024-11-07, 19:37:32, 136.5, 58.36, 22.91, 22.2, 9999.0, 9.64, 10.0, 21.73, 9999.0, 24.05, 9999.0, 117.7, 127.98, 120.25, 91.25, 138.55
2024-11-07, 19:37:36, 136.5, 58.34, 22.93, 22.2, 9999.0, 9.66, 10.0, 21.75, 9999.0, 24.05, 9999.0, 117.68, 127.98, 120.25, 91.25, 138.52
2024-11-07, 19:37:40, 136.52, 58.32, 22.91, 22.2, 9999.0, 9.7, 10.0, 21.75, 9999.0, 24.02, 9999.0, 117.66, 127.98, 120.25, 91.25, 138.55
2024-11-07, 19:37:44, 136.52, 58.32, 22.91, 22.2, 9999.0, 9.73, 10.0, 21.75, 9999.0, 24.0, 9999.0, 117.66, 127.98, 120.25, 91.25, 138.52
2024-11-07, 19:37:48, 136.55, 58.34, 22.91, 22.18, 9999.0, 9.73, 10.0, 21.75, 9999.0, 23.98, 9999.0, 117.66, 127.98, 120.25, 91.25, 138.52
2024-11-07, 19:37:52, 136.55, 58.34, 22.91, 22.2, 9999.0, 9.73, 10.0, 21.75, 9999.0, 23.98, 9999.0, 117.66, 127.98, 120.25, 91.25, 138.52
2024-11-07, 19:37:56, 136.55, 58.36, 22.91, 22.2, 9999.0, 9.75, 10.02, 21.75, 9999.0, 23.95, 9999.0, 117.68, 127.98, 120.25, 91.25, 138.52
2024-11-07, 19:38:00, 136.55, 58.36, 22.91, 22.2, 9999.0, 9.77, 10.02, 21.75, 9999.0, 23.93, 9999.0, 117.7, 127.98, 120.25, 91.25, 138.52
2024-11-07, 19:38:04, 136.55, 58.39, 22.91, 22.18, 9999.0, 9.8, 10.02, 21.75, 9999.0, 23.93, 9999.0, 117.75, 127.98, 120.25, 91.25, 138.52
2024-11-07, 19:38:08, 136.55, 58.39, 22.93, 22.16, 9999.0, 9.82, 10.02, 21.73, 9999.0, 23.93, 9999.0, 117.77, 127.98, 120.25, 91.25, 138.52
2024-11-07, 19:38:12, 136.55, 58.36, 22.93, 22.16, 9999.0, 9.82, 10.02, 21.73, 9999.0, 23.93, 9999.0, 117.8, 127.98, 120.25, 91.25, 138.52
2024-11-07, 19:38:16, 136.55, 58.39, 22.93, 22.14, 9999.0, 9.82, 10.02, 21.73, 9999.0, 23.95, 9999.0, 117.82, 128.0, 120.25, 91.25, 138.52
2024-11-07, 19:38:20, 136.55, 58.39, 22.93, 22.11, 9999.0, 9.8, 10.02, 21.73, 9999.0, 23.98, 9999.0, 117.84, 128.0, 120.25, 91.25, 138.52
2024-11-07, 19:38:24, 136.52, 58.39, 22.95, 22.09, 9999.0, 9.75, 10.02, 21.73, 9999.0, 23.98, 9999.0, 117.86, 128.0, 120.25, 91.25, 138.5
2024-11-07, 19:38:28, 136.52, 58.39, 22.98, 22.07, 9999.0, 9.73, 10.02, 21.73, 9999.0, 23.98, 9999.0, 117.86, 128.0, 120.25, 91.25, 138.5
2024-11-07, 19:38:32, 136.5, 58.36, 22.98, 22.07, 9999.0, 9.73, 10.02, 21.73, 9999.0, 24.0, 9999.0, 117.86, 128.0, 120.25, 91.25, 138.5
2024-11-07, 19:38:36, 136.5, 58.36, 22.98, 22.05, 9999.0, 9.7, 10.02, 21.73, 9999.0, 24.0, 9999.0, 117.86, 128.0, 120.25, 91.25, 138.5
2024-11-07, 19:38:40, 136.5, 58.34, 22.98, 22.02, 9999.0, 9.68, 10.0, 21.73, 9999.0, 24.02, 9999.0, 117.84, 127.98, 120.25, 91.25, 138.5
2024-11-07, 19:38:44, 136.5, 58.32, 22.98, 22.05, 9999.0, 9.66, 10.0, 21.73, 9999.0, 24.05, 9999.0, 117.82, 127.98, 120.25, 91.25, 138.5
2024-11-07, 19:38:48, 136.5, 58.3, 22.98, 22.05, 9999.0, 9.66, 10.0, 21.73, 9999.0, 24.05, 9999.0, 117.77, 127.95, 120.25, 91.25, 138.5
2024-11-07, 19:38:52, 136.5, 58.32, 22.98, 22.07, 9999.0, 9.66, 10.0, 21.73, 9999.0, 24.05, 9999.0, 117.73, 127.93, 120.25, 91.25, 138.5
2024-11-07, 19:38:56, 136.5, 58.32, 22.95, 22.05, 9999.0, 9.68, 10.0, 21.73, 9999.0, 24.05, 9999.0, 117.73, 127.93, 120.25, 91.25, 138.5
2024-11-07, 19:39:00, 136.5, 58.3, 22.93, 22.05, 9999.0, 9.68, 10.0, 21.73, 9999.0, 24.0, 9999.0, 117.68, 127.93, 120.25, 91.25, 138.5
2024-11-07, 19:39:04, 136.5, 58.3, 22.93, 22.05, 9999.0, 9.68, 10.0, 21.73, 9999.0, 23.95, 9999.0, 117.68, 127.93, 120.25, 91.25, 138.5
2024-11-07, 19:39:08, 136.5, 58.3, 22.93, 22.05, 9999.0, 9.7, 10.0, 21.73, 9999.0, 23.93, 9999.0, 117.68, 127.91, 120.25, 91.25, 138.5
2024-11-07, 19:39:12, 136.5, 58.27, 22.93, 22.05, 9999.0, 9.7, 10.0, 21.73, 9999.0, 23.91, 9999.0, 117.7, 127.91, 120.25, 91.25, 138.5
2024-11-07, 19:39:16, 136.5, 58.27, 22.95, 22.05, 9999.0, 9.7, 10.0, 21.73, 9999.0, 23.89, 9999.0, 117.73, 127.91, 120.25, 91.25, 138.5
2024-11-07, 19:39:21, 136.5, 58.27, 22.95, 22.05, 9999.0, 9.73, 10.0, 21.73, 9999.0, 23.86, 9999.0, 117.75, 127.91, 120.25, 91.25, 138.5
2024-11-07, 19:39:25, 136.5, 58.3, 22.93, 22.05, 9999.0, 9.75, 10.0, 21.73, 9999.0, 23.86, 9999.0, 117.77, 127.93, 120.25, 91.25, 138.5
2024-11-07, 19:39:29, 136.5, 58.3, 22.93, 22.02, 9999.0, 9.77, 10.0, 21.73, 9999.0, 23.86, 9999.0, 117.77, 127.93, 120.25, 91.25, 138.5
2024-11-07, 19:39:33, 136.5, 58.3, 22.93, 22.02, 9999.0, 9.77, 10.0, 21.73, 9999.0, 23.89, 9999.0, 117.8, 127.95, 120.25, 91.25, 138.5
2024-11-07, 19:39:37, 136.5, 58.27, 22.93, 22.0, 9999.0, 9.77, 10.0, 21.75, 9999.0, 23.91, 9999.0, 117.82, 127.98, 120.25, 91.25, 138.5
2024-11-07, 19:39:41, 136.5, 58.27, 22.95, 22.02, 9999.0, 9.75, 10.0, 21.73, 9999.0, 23.93, 9999.0, 117.82, 127.98, 120.25, 91.25, 138.5
2024-11-07, 19:39:45, 136.5, 58.27, 22.98, 22.05, 9999.0, 9.75, 10.0, 21.73, 9999.0, 23.98, 9999.0, 117.84, 127.98, 120.25, 91.25, 138.5
2024-11-07, 19:39:49, 136.5, 58.27, 22.98, 22.05, 9999.0, 9.73, 10.0, 21.73, 9999.0, 24.02, 9999.0, 117.84, 127.98, 120.25, 91.25, 138.5
2024-11-07, 19:39:53, 136.5, 58.27, 22.98, 22.05, 9999.0, 9.73, 10.0, 21.73, 9999.0, 24.07, 9999.0, 117.84, 128.0, 120.25, 91.25, 138.5
2024-11-07, 19:39:57, 136.5, 58.27, 22.98, 22.07, 9999.0, 9.7, 10.0, 21.73, 9999.0, 24.09, 9999.0, 117.82, 128.0, 120.25, 91.25, 138.52
2024-11-07, 19:40:01, 136.5, 58.27, 22.98, 22.09, 9999.0, 9.68, 10.0, 21.73, 9999.0, 24.11, 9999.0, 117.77, 127.98, 120.25, 91.25, 138.52
2024-11-07, 19:40:05, 136.5, 58.27, 22.95, 22.09, 9999.0, 9.66, 10.0, 21.7, 9999.0, 24.14, 9999.0, 117.73, 127.98, 120.25, 91.25, 138.52
2024-11-07, 19:40:09, 136.5, 58.25, 22.95, 22.09, 9999.0, 9.66, 10.0, 21.7, 9999.0, 24.14, 9999.0, 117.68, 127.98, 120.25, 91.25, 138.52
2024-11-07, 19:40:13, 136.5, 58.25, 22.93, 22.09, 9999.0, 9.66, 10.0, 21.7, 9999.0, 24.14, 9999.0, 117.66, 127.98, 120.25, 91.25, 138.52
2024-11-07, 19:40:17, 136.5, 58.25, 22.93, 22.09, 9999.0, 9.66, 10.0, 21.68, 9999.0, 24.11, 9999.0, 117.64, 127.98, 120.25, 91.25, 138.52
2024-11-07, 19:40:21, 136.5, 58.25, 22.93, 22.09, 9999.0, 9.66, 10.0, 21.68, 9999.0, 24.09, 9999.0, 117.61, 127.95, 120.25, 91.25, 138.52
2024-11-07, 19:40:25, 136.5, 58.25, 22.91, 22.07, 9999.0, 9.66, 10.0, 21.7, 9999.0, 24.07, 9999.0, 117.61, 127.93, 120.25, 91.25, 138.52
2024-11-07, 19:40:29, 136.5, 58.25, 22.91, 22.07, 9999.0, 9.66, 10.0, 21.7, 9999.0, 24.05, 9999.0, 117.61, 127.93, 120.25, 91.25, 138.52
2024-11-07, 19:40:33, 136.5, 58.25, 22.91, 22.07, 9999.0, 9.68, 10.0, 21.68, 9999.0, 24.02, 9999.0, 117.64, 127.93, 120.25, 91.25, 138.52
2024-11-07, 19:40:37, 136.5, 58.27, 22.91, 22.07, 9999.0, 9.68, 10.02, 21.68, 9999.0, 24.0, 9999.0, 117.66, 127.93, 120.25, 91.25, 138.52
2024-11-07, 19:40:41, 136.5, 58.27, 22.89, 22.05, 9999.0, 9.7, 10.02, 21.68, 9999.0, 24.0, 9999.0, 117.68, 127.93, 120.25, 91.25, 138.5
2024-11-07, 19:40:45, 136.52, 58.27, 22.89, 22.02, 9999.0, 9.73, 10.02, 21.68, 9999.0, 24.0, 9999.0, 117.73, 127.95, 120.25, 91.25, 138.5
2024-11-07, 19:40:50, 136.52, 58.27, 22.91, 22.02, 9999.0, 9.75, 10.02, 21.7, 9999.0, 24.0, 9999.0, 117.77, 127.95, 120.25, 91.25, 138.5
2024-11-07, 19:40:54, 136.52, 58.27, 22.91, 22.02, 9999.0, 9.75, 10.02, 21.68, 9999.0, 24.0, 9999.0, 117.8, 127.95, 120.25, 91.25, 138.5
2024-11-07, 19:40:58, 136.52, 58.27, 22.93, 22.02, 9999.0, 9.73, 10.02, 21.68, 9999.0, 24.02, 9999.0, 117.82, 127.95, 120.25, 91.25, 138.5
2024-11-07, 19:41:02, 136.52, 58.27, 22.93, 22.02, 9999.0, 9.73, 10.02, 21.7, 9999.0, 24.05, 9999.0, 117.84, 127.95, 120.25, 91.25, 138.5
2024-11-07, 19:41:06, 136.52, 58.27, 22.91, 22.02, 9999.0, 9.7, 10.02, 21.7, 9999.0, 24.07, 9999.0, 117.86, 127.98, 120.25, 91.25, 138.5
2024-11-07, 19:41:10, 136.52, 58.27, 22.93, 22.02, 9999.0, 9.68, 10.02, 21.7, 9999.0, 24.09, 9999.0, 117.86, 128.0, 120.25, 91.25, 138.5
2024-11-07, 19:41:14, 136.52, 58.27, 22.93, 22.0, 9999.0, 9.66, 10.02, 21.7, 9999.0, 24.11, 9999.0, 117.86, 128.0, 120.25, 91.25, 138.5
2024-11-07, 19:41:18, 136.52, 58.27, 22.93, 22.0, 9999.0, 9.64, 10.02, 21.73, 9999.0, 24.14, 9999.0, 117.84, 128.0, 120.25, 91.25, 138.5
2024-11-07, 19:41:22, 136.52, 58.25, 22.93, 22.0, 9999.0, 9.61, 10.0, 21.73, 9999.0, 24.16, 9999.0, 117.82, 128.0, 120.25, 91.25, 138.5
2024-11-07, 19:41:26, 136.52, 58.25, 22.95, 22.02, 9999.0, 9.59, 10.0, 21.73, 9999.0, 24.16, 9999.0, 117.77, 128.0, 120.25, 91.25, 138.5
2024-11-07, 19:41:30, 136.5, 58.25, 22.95, 22.02, 9999.0, 9.59, 10.0, 21.73, 9999.0, 24.16, 9999.0, 117.73, 128.0, 120.25, 91.25, 138.5
2024-11-07, 19:41:34, 136.5, 58.25, 22.93, 22.02, 9999.0, 9.57, 10.0, 21.7, 9999.0, 24.16, 9999.0, 117.68, 128.0, 120.25, 91.25, 138.5
2024-11-07, 19:41:39, 136.5, 58.25, 22.95, 22.02, 9999.0, 9.57, 10.0, 21.73, 9999.0, 24.18, 9999.0, 117.66, 128.0, 120.25, 91.25, 138.5
2024-11-07, 19:41:43, 136.5, 58.25, 22.95, 22.02, 9999.0, 9.61, 10.0, 21.73, 9999.0, 24.16, 9999.0, 117.64, 128.0, 120.25, 91.25, 138.5
2024-11-07, 19:41:47, 136.5, 58.25, 22.95, 22.02, 9999.0, 9.64, 10.0, 21.73, 9999.0, 24.14, 9999.0, 117.64, 128.0, 120.25, 91.25, 138.5
2024-11-07, 19:41:51, 136.5, 58.25, 22.98, 22.02, 9999.0, 9.66, 10.0, 21.73, 9999.0, 24.11, 9999.0, 117.64, 128.0, 120.25, 91.25, 138.5
2024-11-07, 19:41:55, 136.5, 58.25, 22.98, 22.02, 9999.0, 9.68, 10.0, 21.73, 9999.0, 24.09, 9999.0, 117.66, 128.0, 120.25, 91.25, 138.5
2024-11-07, 19:41:59, 136.5, 58.25, 22.98, 22.05, 9999.0, 9.7, 10.02, 21.73, 9999.0, 24.07, 9999.0, 117.68, 128.0, 120.25, 91.25, 138.5
2024-11-07, 19:42:03, 136.52, 58.25, 22.95, 22.05, 9999.0, 9.73, 10.02, 21.73, 9999.0, 24.05, 9999.0, 117.7, 128.0, 120.25, 91.25, 138.5
2024-11-07, 19:42:07, 136.52, 58.25, 22.95, 22.05, 9999.0, 9.75, 10.02, 21.73, 9999.0, 24.02, 9999.0, 117.73, 127.98, 120.25, 91.25, 138.5
2024-11-07, 19:42:11, 136.52, 58.25, 22.95, 22.02, 9999.0, 9.77, 10.02, 21.7, 9999.0, 24.02, 9999.0, 117.75, 127.98, 120.25, 91.23, 138.5
2024-11-07, 19:42:15, 136.52, 58.25, 22.95, 22.02, 9999.0, 9.77, 10.02, 21.7, 9999.0, 24.02, 9999.0, 117.77, 127.98, 120.25, 91.23, 138.5
2024-11-07, 19:42:19, 136.52, 58.27, 22.98, 22.02, 9999.0, 9.8, 10.02, 21.73, 9999.0, 24.05, 9999.0, 117.8, 127.98, 120.25, 91.23, 138.5
2024-11-07, 19:42:23, 136.52, 58.27, 22.98, 22.02, 9999.0, 9.8, 10.02, 21.7, 9999.0, 24.05, 9999.0, 117.82, 127.98, 120.25, 91.23, 138.5
2024-11-07, 19:42:27, 136.52, 58.27, 22.98, 22.02, 9999.0, 9.77, 10.02, 21.68, 9999.0, 24.07, 9999.0, 117.84, 127.98, 120.25, 91.23, 138.5
2024-11-07, 19:42:31, 136.52, 58.27, 22.98, 22.02, 9999.0, 9.73, 10.02, 21.68, 9999.0, 24.09, 9999.0, 117.84, 127.98, 120.25, 91.23, 138.5
2024-11-07, 19:42:35, 136.52, 58.27, 22.95, 22.02, 9999.0, 9.7, 10.02, 21.68, 9999.0, 24.09, 9999.0, 117.84, 127.98, 120.25, 91.23, 138.5
2024-11-07, 19:42:39, 136.52, 58.27, 22.95, 22.02, 9999.0, 9.68, 10.02, 21.68, 9999.0, 24.09, 9999.0, 117.82, 127.98, 120.25, 91.23, 138.5
2024-11-07, 19:42:43, 136.52, 58.27, 22.95, 22.0, 9999.0, 9.66, 10.0, 21.68, 9999.0, 24.09, 9999.0, 117.8, 127.98, 120.25, 91.23, 138.5
2024-11-07, 19:42:47, 136.5, 58.27, 22.98, 22.0, 9999.0, 9.64, 10.0, 21.66, 9999.0, 24.09, 9999.0, 117.77, 127.98, 120.25, 91.23, 138.5
2024-11-07, 19:42:51, 136.5, 58.27, 22.98, 22.02, 9999.0, 9.64, 10.0, 21.66, 9999.0, 24.09, 9999.0, 117.73, 128.0, 120.25, 91.23, 138.5
2024-11-07, 19:42:55, 136.5, 58.27, 22.98, 22.02, 9999.0, 9.64, 10.0, 21.68, 9999.0, 24.09, 9999.0, 117.7, 128.0, 120.25, 91.23, 138.5
2024-11-07, 19:42:59, 136.5, 58.27, 22.95, 22.02, 9999.0, 9.64, 10.0, 21.68, 9999.0, 24.09, 9999.0, 117.68, 128.0, 120.25, 91.23, 138.5
2024-11-07, 19:43:03, 136.5, 58.25, 22.95, 22.02, 9999.0, 9.66, 10.0, 21.68, 9999.0, 24.05, 9999.0, 117.66, 128.0, 120.25, 91.23, 138.5
2024-11-07, 19:43:07, 136.52, 58.25, 22.95, 22.02, 9999.0, 9.68, 10.0, 21.7, 9999.0, 24.02, 9999.0, 117.66, 128.0, 120.25, 91.23, 138.5
2024-11-07, 19:43:11, 136.52, 58.25, 22.95, 22.02, 9999.0, 9.7, 10.0, 21.73, 9999.0, 24.0, 9999.0, 117.66, 128.0, 120.25, 91.23, 138.5
2024-11-07, 19:43:15, 136.52, 58.25, 22.95, 22.02, 9999.0, 9.73, 10.0, 21.73, 9999.0, 23.98, 9999.0, 117.66, 127.98, 120.25, 91.23, 138.5
2024-11-07, 19:43:19, 136.52, 58.25, 22.95, 22.02, 9999.0, 9.75, 10.0, 21.73, 9999.0, 23.95, 9999.0, 117.68, 127.98, 120.25, 91.23, 138.5
2024-11-07, 19:43:23, 136.55, 58.25, 22.95, 22.02, 9999.0, 9.77, 10.0, 21.73, 9999.0, 23.93, 9999.0, 117.7, 127.98, 120.25, 91.23, 138.5
2024-11-07, 19:43:27, 136.55, 58.25, 22.95, 22.02, 9999.0, 9.8, 10.0, 21.7, 9999.0, 23.93, 9999.0, 117.7, 127.98, 120.25, 91.23, 138.5
2024-11-07, 19:43:31, 136.55, 58.27, 22.95, 22.02, 9999.0, 9.82, 10.0, 21.73, 9999.0, 23.93, 9999.0, 117.7, 127.98, 120.25, 91.23, 138.5
2024-11-07, 19:43:35, 136.55, 58.3, 22.95, 22.0, 9999.0, 9.82, 10.0, 21.7, 9999.0, 23.93, 9999.0, 117.75, 127.98, 120.25, 91.23, 138.5
2024-11-07, 19:43:39, 136.55, 58.32, 22.93, 22.0, 9999.0, 9.82, 10.0, 21.7, 9999.0, 23.95, 9999.0, 117.77, 127.98, 120.25, 91.25, 138.5
2024-11-07, 19:43:43, 136.55, 58.34, 22.95, 22.0, 9999.0, 9.8, 10.0, 21.68, 9999.0, 23.98, 9999.0, 117.8, 127.98, 120.25, 91.23, 138.5
2024-11-07, 19:43:47, 136.55, 58.34, 22.95, 22.0, 9999.0, 9.75, 10.0, 21.66, 9999.0, 24.02, 9999.0, 117.82, 127.98, 120.25, 91.23, 138.5
2024-11-07, 19:43:51, 136.52, 58.34, 22.95, 22.0, 9999.0, 9.7, 10.0, 21.66, 9999.0, 24.05, 9999.0, 117.82, 127.98, 120.25, 91.23, 138.5
2024-11-07, 19:43:55, 136.52, 58.36, 22.95, 22.0, 9999.0, 9.66, 10.0, 21.64, 9999.0, 24.07, 9999.0, 117.82, 127.98, 120.25, 91.23, 138.5
2024-11-07, 19:43:59, 136.52, 58.36, 22.95, 22.0, 9999.0, 9.64, 10.0, 21.64, 9999.0, 24.09, 9999.0, 117.82, 128.0, 120.25, 91.23, 138.5
2024-11-07, 19:44:03, 136.52, 58.36, 22.98, 22.0, 9999.0, 9.61, 10.0, 21.64, 9999.0, 24.11, 9999.0, 117.8, 127.98, 120.25, 91.23, 138.5
2024-11-07, 19:44:07, 136.5, 58.36, 22.98, 22.0, 9999.0, 9.59, 10.0, 21.64, 9999.0, 24.16, 9999.0, 117.75, 127.98, 120.25, 91.23, 138.5
2024-11-07, 19:44:11, 136.5, 58.36, 22.95, 22.0, 9999.0, 9.59, 10.0, 21.66, 9999.0, 24.18, 9999.0, 117.73, 127.98, 120.25, 91.23, 138.5
2024-11-07, 19:44:15, 136.5, 58.36, 22.95, 22.0, 9999.0, 9.59, 10.0, 21.66, 9999.0, 24.2, 9999.0, 117.7, 127.98, 120.25, 91.23, 138.5
2024-11-07, 19:44:19, 136.5, 58.34, 22.95, 22.0, 9999.0, 9.59, 10.0, 21.68, 9999.0, 24.2, 9999.0, 117.66, 127.98, 120.25, 91.23, 138.5
2024-11-07, 19:44:23, 136.52, 58.32, 22.98, 22.0, 9999.0, 9.61, 10.0, 21.66, 9999.0, 24.18, 9999.0, 117.64, 127.95, 120.25, 91.23, 138.5
2024-11-07, 19:44:27, 136.52, 58.3, 22.98, 22.0, 9999.0, 9.64, 10.0, 21.66, 9999.0, 24.16, 9999.0, 117.64, 127.95, 120.25, 91.25, 138.5
2024-11-07, 19:44:31, 136.52, 58.3, 22.98, 22.0, 9999.0, 9.66, 10.0, 21.68, 9999.0, 24.14, 9999.0, 117.64, 127.95, 120.25, 91.25, 138.5
2024-11-07, 19:44:35, 136.52, 58.3, 22.98, 22.0, 9999.0, 9.68, 10.0, 21.68, 9999.0, 24.11, 9999.0, 117.64, 127.95, 120.25, 91.25, 138.5
2024-11-07, 19:44:39, 136.52, 58.27, 22.98, 22.0, 9999.0, 9.7, 10.0, 21.68, 9999.0, 24.09, 9999.0, 117.66, 127.95, 120.25, 91.25, 138.5
2024-11-07, 19:44:43, 136.52, 58.27, 22.98, 22.0, 9999.0, 9.73, 10.0, 21.68, 9999.0, 24.07, 9999.0, 117.68, 127.95, 120.25, 91.25, 138.5
2024-11-07, 19:44:47, 136.52, 58.27, 22.98, 22.0, 9999.0, 9.75, 10.0, 21.68, 9999.0, 24.09, 9999.0, 117.68, 127.98, 120.25, 91.25, 138.5
2024-11-07, 19:44:51, 136.52, 58.27, 22.98, 22.0, 9999.0, 9.77, 10.0, 21.66, 9999.0, 24.07, 9999.0, 117.73, 127.98, 120.25, 91.25, 138.5
2024-11-07, 19:44:55, 136.52, 58.27, 23.0, 22.0, 9999.0, 9.77, 10.0, 21.66, 9999.0, 24.05, 9999.0, 117.75, 127.98, 120.25, 91.25, 138.5
2024-11-07, 19:44:59, 136.52, 58.27, 23.0, 22.0, 9999.0, 9.75, 10.0, 21.66, 9999.0, 24.05, 9999.0, 117.77, 127.98, 120.25, 91.25, 138.5
2024-11-07, 19:45:03, 136.52, 58.27, 22.98, 22.0, 9999.0, 9.73, 10.0, 21.64, 9999.0, 24.07, 9999.0, 117.8, 127.98, 120.25, 91.23, 138.5
2024-11-07, 19:45:07, 136.5, 58.3, 22.98, 22.0, 9999.0, 9.68, 10.0, 21.66, 9999.0, 24.09, 9999.0, 117.82, 128.0, 120.25, 91.23, 138.5
2024-11-07, 19:45:11, 136.5, 58.3, 22.98, 22.0, 9999.0, 9.66, 10.0, 21.66, 9999.0, 24.11, 9999.0, 117.82, 128.0, 120.25, 91.23, 138.5
2024-11-07, 19:45:15, 136.5, 58.3, 22.98, 22.0, 9999.0, 9.64, 10.0, 21.66, 9999.0, 24.14, 9999.0, 117.82, 128.0, 120.25, 91.23, 138.5
2024-11-07, 19:45:19, 136.5, 58.3, 22.98, 22.0, 9999.0, 9.61, 10.0, 21.64, 9999.0, 24.14, 9999.0, 117.82, 128.0, 120.25, 91.23, 138.5
2024-11-07, 19:45:24, 136.5, 58.3, 22.98, 22.0, 9999.0, 9.59, 10.0, 21.66, 9999.0, 24.16, 9999.0, 117.8, 128.0, 120.25, 91.23, 138.5
2024-11-07, 19:45:28, 136.5, 58.3, 22.98, 22.0, 9999.0, 9.57, 10.0, 21.64, 9999.0, 24.18, 9999.0, 117.75, 128.0, 120.25, 91.23, 138.5
2024-11-07, 19:45:32, 136.5, 58.3, 22.98, 22.0, 9999.0, 9.57, 10.0, 21.64, 9999.0, 24.18, 9999.0, 117.73, 128.0, 120.25, 91.23, 138.5
2024-11-07, 19:45:36, 136.5, 58.32, 22.98, 22.0, 9999.0, 9.57, 10.0, 21.64, 9999.0, 24.2, 9999.0, 117.68, 128.0, 120.25, 91.23, 138.5
2024-11-07, 19:45:40, 136.5, 58.32, 22.98, 22.0, 9999.0, 9.57, 10.0, 21.64, 9999.0, 24.2, 9999.0, 117.66, 128.0, 120.25, 91.23, 138.5
2024-11-07, 19:45:44, 136.5, 58.3, 22.98, 22.0, 9999.0, 9.61, 10.0, 21.61, 9999.0, 24.18, 9999.0, 117.64, 127.98, 120.25, 91.23, 138.5
2024-11-07, 19:45:48, 136.5, 58.3, 23.0, 22.0, 9999.0, 9.64, 10.0, 21.61, 9999.0, 24.16, 9999.0, 117.64, 127.98, 120.25, 91.25, 138.5
2024-11-07, 19:45:52, 136.5, 58.27, 22.98, 22.0, 9999.0, 9.66, 10.0, 21.61, 9999.0, 24.14, 9999.0, 117.64, 127.95, 120.25, 91.25, 138.5
2024-11-07, 19:45:56, 136.5, 58.3, 22.95, 22.0, 9999.0, 9.68, 10.0, 21.64, 9999.0, 24.11, 9999.0, 117.64, 127.95, 120.25, 91.25, 138.5
2024-11-07, 19:46:00, 136.5, 58.3, 22.95, 22.0, 9999.0, 9.7, 10.0, 21.64, 9999.0, 24.09, 9999.0, 117.66, 127.95, 120.25, 91.25, 138.5
2024-11-07, 19:46:04, 136.5, 58.3, 22.95, 22.0, 9999.0, 9.73, 10.0, 21.64, 9999.0, 24.09, 9999.0, 117.68, 127.95, 120.25, 91.25, 138.5
2024-11-07, 19:46:08, 136.5, 58.3, 22.95, 22.0, 9999.0, 9.75, 10.0, 21.64, 9999.0, 24.07, 9999.0, 117.7, 127.95, 120.25, 91.25, 138.5
2024-11-07, 19:46:12, 136.5, 58.3, 22.95, 22.0, 9999.0, 9.77, 10.0, 21.64, 9999.0, 24.05, 9999.0, 117.73, 127.95, 120.25, 91.25, 138.5
2024-11-07, 19:46:16, 136.5, 58.3, 22.95, 22.0, 9999.0, 9.77, 10.0, 21.64, 9999.0, 24.02, 9999.0, 117.75, 127.95, 120.25, 91.25, 138.5
2024-11-07, 19:46:20, 136.5, 58.27, 22.95, 22.0, 9999.0, 9.77, 10.0, 21.66, 9999.0, 24.02, 9999.0, 117.77, 127.95, 120.25, 91.25, 138.5
2024-11-07, 19:46:24, 136.5, 58.27, 22.95, 22.0, 9999.0, 9.75, 10.0, 21.66, 9999.0, 24.05, 9999.0, 117.8, 127.95, 120.25, 91.25, 138.5
2024-11-07, 19:46:28, 136.5, 58.3, 22.93, 22.0, 9999.0, 9.7, 10.0, 21.68, 9999.0, 24.07, 9999.0, 117.82, 127.98, 120.25, 91.23, 138.5
2024-11-07, 19:46:32, 136.52, 58.3, 22.93, 22.0, 9999.0, 9.68, 10.0, 21.68, 9999.0, 24.09, 9999.0, 117.82, 127.98, 120.25, 91.23, 138.5
2024-11-07, 19:46:36, 136.52, 58.3, 22.95, 22.0, 9999.0, 9.66, 10.0, 21.68, 9999.0, 24.11, 9999.0, 117.82, 128.0, 120.25, 91.23, 138.5
2024-11-07, 19:46:40, 136.55, 58.27, 22.95, 22.0, 9999.0, 9.64, 10.0, 21.68, 9999.0, 24.14, 9999.0, 117.82, 128.0, 120.25, 91.23, 138.5
2024-11-07, 19:46:44, 136.55, 58.27, 22.95, 22.0, 9999.0, 9.61, 10.0, 21.68, 9999.0, 24.14, 9999.0, 117.77, 128.0, 120.25, 91.23, 138.5
2024-11-07, 19:46:48, 136.55, 58.27, 22.95, 22.0, 9999.0, 9.59, 10.0, 21.68, 9999.0, 24.14, 9999.0, 117.75, 128.0, 120.25, 91.23, 138.5
2024-11-07, 19:46:52, 136.55, 58.27, 22.95, 22.0, 9999.0, 9.59, 10.0, 21.66, 9999.0, 24.14, 9999.0, 117.7, 128.0, 120.25, 91.23, 138.5
2024-11-07, 19:46:56, 136.55, 58.27, 22.95, 22.0, 9999.0, 9.59, 10.0, 21.66, 9999.0, 24.14, 9999.0, 117.68, 127.98, 120.25, 91.23, 138.5
2024-11-07, 19:47:00, 136.55, 58.27, 22.95, 22.0, 9999.0, 9.61, 10.0, 21.66, 9999.0, 24.14, 9999.0, 117.66, 127.98, 120.25, 91.23, 138.5
2024-11-07, 19:47:04, 136.55, 58.27, 22.95, 22.0, 9999.0, 9.61, 10.0, 21.66, 9999.0, 24.11, 9999.0, 117.64, 127.98, 120.25, 91.23, 138.5
2024-11-07, 19:47:08, 136.55, 58.27, 22.93, 22.0, 9999.0, 9.64, 10.0, 21.66, 9999.0, 24.09, 9999.0, 117.64, 127.98, 120.25, 91.23, 138.5
2024-11-07, 19:47:12, 136.55, 58.25, 22.95, 22.0, 9999.0, 9.66, 10.0, 21.66, 9999.0, 24.07, 9999.0, 117.64, 127.95, 120.25, 91.25, 138.5
2024-11-07, 19:47:16, 136.52, 58.25, 22.95, 22.0, 9999.0, 9.68, 10.0, 21.68, 9999.0, 24.02, 9999.0, 117.64, 127.93, 120.25, 91.25, 138.5
2024-11-07, 19:47:20, 136.52, 58.25, 22.95, 22.0, 9999.0, 9.7, 10.0, 21.68, 9999.0, 23.98, 9999.0, 117.66, 127.93, 120.25, 91.25, 138.5
2024-11-07, 19:47:24, 136.5, 58.25, 22.98, 22.0, 9999.0, 9.73, 10.0, 21.66, 9999.0, 23.93, 9999.0, 117.68, 127.93, 120.25, 91.25, 138.5
2024-11-07, 19:47:28, 136.5, 58.25, 22.98, 22.0, 9999.0, 9.75, 10.0, 21.66, 9999.0, 23.93, 9999.0, 117.73, 127.93, 120.25, 91.25, 138.5
2024-11-07, 19:47:32, 136.5, 58.25, 22.98, 22.0, 9999.0, 9.77, 10.0, 21.68, 9999.0, 23.93, 9999.0, 117.73, 127.93, 120.25, 91.25, 138.5
2024-11-07, 19:47:36, 136.52, 58.25, 22.95, 22.0, 9999.0, 9.77, 10.0, 21.7, 9999.0, 23.93, 9999.0, 117.75, 127.93, 120.25, 91.25, 138.5
2024-11-07, 19:47:40, 136.52, 58.25, 22.95, 22.0, 9999.0, 9.77, 10.0, 21.73, 9999.0, 23.95, 9999.0, 117.77, 127.95, 120.25, 91.25, 138.5
2024-11-07, 19:47:44, 136.52, 58.25, 22.95, 22.0, 9999.0, 9.75, 10.0, 21.7, 9999.0, 23.98, 9999.0, 117.8, 127.95, 120.25, 91.25, 138.5
2024-11-07, 19:47:48, 136.52, 58.27, 22.95, 22.0, 9999.0, 9.73, 10.0, 21.7, 9999.0, 24.0, 9999.0, 117.82, 127.95, 120.25, 91.23, 138.5
2024-11-07, 19:47:52, 136.52, 58.27, 22.98, 22.0, 9999.0, 9.7, 10.0, 21.68, 9999.0, 24.02, 9999.0, 117.82, 127.95, 120.25, 91.23, 138.5
2024-11-07, 19:47:56, 136.52, 58.27, 22.98, 22.0, 9999.0, 9.68, 10.0, 21.68, 9999.0, 24.05, 9999.0, 117.8, 127.98, 120.25, 91.23, 138.5
2024-11-07, 19:48:00, 136.52, 58.27, 22.98, 22.0, 9999.0, 9.66, 10.0, 21.68, 9999.0, 24.09, 9999.0, 117.77, 128.0, 120.25, 91.2, 138.5
2024-11-07, 19:48:04, 136.52, 58.27, 22.95, 22.0, 9999.0, 9.64, 10.0, 21.66, 9999.0, 24.11, 9999.0, 117.73, 128.0, 120.25, 91.2, 138.5
2024-11-07, 19:48:08, 136.52, 58.3, 22.93, 22.0, 9999.0, 9.61, 10.0, 21.68, 9999.0, 24.14, 9999.0, 117.7, 128.0, 120.25, 91.2, 138.5
2024-11-07, 19:48:12, 136.52, 58.3, 22.91, 22.0, 9999.0, 9.61, 10.0, 21.68, 9999.0, 24.14, 9999.0, 117.66, 128.0, 120.25, 91.2, 138.5
2024-11-07, 19:48:16, 136.52, 58.3, 22.91, 22.0, 9999.0, 9.61, 10.0, 21.68, 9999.0, 24.14, 9999.0, 117.64, 127.98, 120.25, 91.2, 138.5
2024-11-07, 19:48:20, 136.5, 58.3, 22.91, 22.0, 9999.0, 9.61, 10.0, 21.68, 9999.0, 24.14, 9999.0, 117.61, 127.95, 120.25, 91.18, 138.5
2024-11-07, 19:48:24, 136.5, 58.3, 22.89, 22.0, 9999.0, 9.64, 10.0, 21.68, 9999.0, 24.11, 9999.0, 117.59, 127.93, 120.25, 91.16, 138.5
2024-11-07, 19:48:28, 136.5, 58.3, 22.89, 22.0, 9999.0, 9.64, 10.0, 21.7, 9999.0, 24.09, 9999.0, 117.59, 127.91, 120.25, 91.16, 138.5
2024-11-07, 19:48:32, 136.5, 58.27, 22.89, 22.0, 9999.0, 9.66, 10.0, 21.7, 9999.0, 24.07, 9999.0, 117.59, 127.91, 120.25, 91.18, 138.5
2024-11-07, 19:48:36, 136.5, 58.27, 22.86, 22.0, 9999.0, 9.68, 10.0, 21.7, 9999.0, 24.05, 9999.0, 117.59, 127.91, 120.25, 91.18, 138.5
2024-11-07, 19:48:40, 136.5, 58.27, 22.86, 22.0, 9999.0, 9.7, 10.0, 21.7, 9999.0, 24.02, 9999.0, 117.64, 127.91, 120.25, 91.18, 138.5
2024-11-07, 19:48:44, 136.5, 58.27, 22.86, 22.0, 9999.0, 9.73, 10.0, 21.68, 9999.0, 24.0, 9999.0, 117.66, 127.91, 120.25, 91.2, 138.5
2024-11-07, 19:48:48, 136.5, 58.27, 22.89, 22.0, 9999.0, 9.75, 10.0, 21.68, 9999.0, 24.0, 9999.0, 117.68, 127.89, 120.25, 91.2, 138.5
2024-11-07, 19:48:52, 136.5, 58.25, 22.91, 22.0, 9999.0, 9.77, 10.0, 21.68, 9999.0, 24.0, 9999.0, 117.68, 127.89, 120.25, 91.2, 138.5
2024-11-07, 19:48:56, 136.5, 58.25, 22.93, 22.0, 9999.0, 9.77, 10.0, 21.68, 9999.0, 24.0, 9999.0, 117.7, 127.89, 120.25, 91.2, 138.5
2024-11-07, 19:49:00, 136.5, 58.25, 22.93, 22.0, 9999.0, 9.75, 10.0, 21.68, 9999.0, 24.02, 9999.0, 117.73, 127.91, 120.25, 91.2, 138.5
2024-11-07, 19:49:04, 136.5, 58.25, 22.93, 22.0, 9999.0, 9.75, 10.0, 21.68, 9999.0, 24.05, 9999.0, 117.75, 127.93, 120.25, 91.23, 138.5
2024-11-07, 19:49:09, 136.5, 58.27, 22.93, 22.0, 9999.0, 9.7, 10.0, 21.68, 9999.0, 24.05, 9999.0, 117.77, 127.95, 120.25, 91.25, 138.5
2024-11-07, 19:49:13, 136.5, 58.3, 22.91, 22.0, 9999.0, 9.68, 10.0, 21.66, 9999.0, 24.05, 9999.0, 117.77, 127.98, 120.25, 91.25, 138.5
2024-11-07, 19:49:17, 136.5, 58.3, 22.89, 22.0, 9999.0, 9.66, 10.0, 21.66, 9999.0, 24.05, 9999.0, 117.77, 127.98, 120.25, 91.25, 138.5
2024-11-07, 19:49:21, 136.5, 58.3, 22.91, 22.0, 9999.0, 9.64, 10.0, 21.66, 9999.0, 24.05, 9999.0, 117.77, 127.95, 120.25, 91.25, 138.5
2024-11-07, 19:49:25, 136.5, 58.32, 22.91, 22.0, 9999.0, 9.61, 10.0, 21.66, 9999.0, 24.02, 9999.0, 117.73, 127.93, 120.25, 91.25, 138.5
2024-11-07, 19:49:29, 136.52, 58.32, 22.89, 22.0, 9999.0, 9.59, 10.0, 21.66, 9999.0, 24.02, 9999.0, 117.7, 127.93, 120.25, 91.25, 138.5
2024-11-07, 19:49:33, 136.52, 58.32, 22.89, 22.0, 9999.0, 9.59, 10.0, 21.66, 9999.0, 24.0, 9999.0, 117.68, 127.93, 120.25, 91.25, 138.5
2024-11-07, 19:49:37, 136.52, 58.32, 22.86, 22.0, 9999.0, 9.59, 10.0, 21.66, 9999.0, 23.98, 9999.0, 117.66, 127.91, 120.25, 91.25, 138.5
2024-11-07, 19:49:41, 136.52, 58.34, 22.86, 22.0, 9999.0, 9.59, 10.0, 21.66, 9999.0, 23.98, 9999.0, 117.64, 127.89, 120.25, 91.25, 138.5
2024-11-07, 19:49:45, 136.52, 58.34, 22.86, 22.0, 9999.0, 9.61, 10.0, 21.66, 9999.0, 23.93, 9999.0, 117.61, 127.89, 120.25, 91.25, 138.5
2024-11-07, 19:49:49, 136.52, 58.34, 22.86, 22.0, 9999.0, 9.64, 10.0, 21.64, 9999.0, 23.89, 9999.0, 117.61, 127.86, 120.25, 91.25, 138.5
2024-11-07, 19:49:53, 136.52, 58.32, 22.89, 22.0, 9999.0, 9.68, 10.0, 21.61, 9999.0, 23.86, 9999.0, 117.61, 127.84, 120.25, 91.23, 138.5
2024-11-07, 19:49:57, 136.52, 58.3, 22.91, 22.0, 9999.0, 9.7, 10.0, 21.61, 9999.0, 23.84, 9999.0, 117.61, 127.82, 120.25, 91.23, 138.5
2024-11-07, 19:50:01, 136.52, 58.3, 22.93, 22.0, 9999.0, 9.73, 10.0, 21.61, 9999.0, 23.82, 9999.0, 117.64, 127.82, 120.25, 91.23, 138.5
2024-11-07, 19:50:05, 136.52, 58.3, 22.93, 22.0, 9999.0, 9.75, 10.0, 21.61, 9999.0, 23.82, 9999.0, 117.64, 127.84, 120.25, 91.23, 138.5
2024-11-07, 19:50:09, 136.52, 58.27, 22.93, 22.0, 9999.0, 9.77, 10.0, 21.61, 9999.0, 23.84, 9999.0, 117.66, 127.86, 120.25, 91.23, 138.5
2024-11-07, 19:50:13, 136.5, 58.27, 22.95, 22.0, 9999.0, 9.8, 10.0, 21.61, 9999.0, 23.84, 9999.0, 117.68, 127.86, 120.25, 91.23, 138.5
2024-11-07, 19:50:17, 136.5, 58.27, 22.95, 22.0, 9999.0, 9.8, 10.0, 21.61, 9999.0, 23.86, 9999.0, 117.7, 127.89, 120.25, 91.23, 138.5
2024-11-07, 19:50:21, 136.5, 58.27, 22.95, 22.0, 9999.0, 9.77, 10.0, 21.59, 9999.0, 23.91, 9999.0, 117.73, 127.91, 120.25, 91.23, 138.5
2024-11-07, 19:50:25, 136.5, 58.25, 22.95, 22.0, 9999.0, 9.77, 10.0, 21.57, 9999.0, 23.93, 9999.0, 117.75, 127.93, 120.25, 91.23, 138.5
2024-11-07, 19:50:29, 136.5, 58.27, 22.95, 22.0, 9999.0, 9.75, 10.0, 21.57, 9999.0, 23.95, 9999.0, 117.77, 127.93, 120.25, 91.23, 138.5
2024-11-07, 19:50:34, 136.5, 58.27, 22.98, 22.0, 9999.0, 9.73, 10.0, 21.57, 9999.0, 23.98, 9999.0, 117.77, 127.95, 120.25, 91.23, 138.5
2024-11-07, 19:50:38, 136.5, 58.27, 22.98, 22.0, 9999.0, 9.68, 10.0, 21.59, 9999.0, 24.0, 9999.0, 117.75, 127.98, 120.25, 91.25, 138.5
2024-11-07, 19:50:42, 136.5, 58.27, 22.98, 22.0, 9999.0, 9.66, 10.0, 21.61, 9999.0, 24.02, 9999.0, 117.73, 128.0, 120.25, 91.25, 138.5
2024-11-07, 19:50:46, 136.5, 58.27, 22.98, 22.0, 9999.0, 9.64, 10.0, 21.59, 9999.0, 24.05, 9999.0, 117.7, 128.0, 120.25, 91.25, 138.5
2024-11-07, 19:50:50, 136.5, 58.3, 22.95, 22.0, 9999.0, 9.61, 10.0, 21.61, 9999.0, 24.05, 9999.0, 117.68, 127.98, 120.25, 91.25, 138.5
2024-11-07, 19:50:54, 136.5, 58.32, 22.95, 22.0, 9999.0, 9.61, 10.0, 21.59, 9999.0, 24.02, 9999.0, 117.66, 127.98, 120.25, 91.25, 138.5
2024-11-07, 19:50:58, 136.5, 58.32, 22.95, 22.0, 9999.0, 9.61, 10.0, 21.61, 9999.0, 24.0, 9999.0, 117.64, 127.95, 120.25, 91.25, 138.5
2024-11-07, 19:51:02, 136.5, 58.32, 22.95, 22.0, 9999.0, 9.64, 10.02, 21.64, 9999.0, 23.98, 9999.0, 117.61, 127.93, 120.25, 91.25, 138.5
2024-11-07, 19:51:06, 136.5, 58.32, 22.95, 22.0, 9999.0, 9.68, 10.02, 21.66, 9999.0, 23.93, 9999.0, 117.59, 127.91, 120.25, 91.25, 138.5
2024-11-07, 19:51:10, 136.5, 58.32, 22.95, 22.0, 9999.0, 9.68, 10.02, 21.68, 9999.0, 23.89, 9999.0, 117.59, 127.91, 120.25, 91.25, 138.5
2024-11-07, 19:51:14, 136.5, 58.3, 22.95, 22.0, 9999.0, 9.7, 10.02, 21.68, 9999.0, 23.86, 9999.0, 117.59, 127.91, 120.25, 91.25, 138.5
2024-11-07, 19:51:18, 136.5, 58.32, 22.95, 22.0, 9999.0, 9.7, 10.02, 21.7, 9999.0, 23.84, 9999.0, 117.61, 127.91, 120.25, 91.25, 138.5
2024-11-07, 19:51:22, 136.5, 58.32, 22.95, 22.0, 9999.0, 9.73, 10.02, 21.7, 9999.0, 23.82, 9999.0, 117.66, 127.91, 120.25, 91.23, 138.5
2024-11-07, 19:51:26, 136.5, 58.32, 22.95, 22.0, 9999.0, 9.75, 10.02, 21.7, 9999.0, 23.8, 9999.0, 117.7, 127.91, 120.25, 91.23, 138.5
2024-11-07, 19:51:30, 136.5, 58.32, 22.95, 22.0, 9999.0, 9.77, 10.02, 21.73, 9999.0, 23.8, 9999.0, 117.7, 127.91, 120.25, 91.23, 138.5
2024-11-07, 19:51:34, 136.5, 58.3, 22.98, 22.0, 9999.0, 9.8, 10.02, 21.7, 9999.0, 23.8, 9999.0, 117.73, 127.93, 120.25, 91.23, 138.5
2024-11-07, 19:51:38, 136.5, 58.27, 22.98, 22.0, 9999.0, 9.77, 10.02, 21.7, 9999.0, 23.82, 9999.0, 117.75, 127.93, 120.25, 91.23, 138.5
2024-11-07, 19:51:42, 136.5, 58.27, 22.98, 22.0, 9999.0, 9.75, 10.05, 21.7, 9999.0, 23.84, 9999.0, 117.77, 127.95, 120.25, 91.23, 138.5
2024-11-07, 19:51:46, 136.5, 58.27, 22.95, 22.0, 9999.0, 9.7, 10.02, 21.68, 9999.0, 23.86, 9999.0, 117.8, 127.98, 120.25, 91.23, 138.5
2024-11-07, 19:51:50, 136.5, 58.27, 22.98, 22.0, 9999.0, 9.66, 10.02, 21.68, 9999.0, 23.89, 9999.0, 117.82, 128.0, 120.25, 91.23, 138.5
2024-11-07, 19:51:54, 136.5, 58.27, 22.98, 22.0, 9999.0, 9.64, 10.02, 21.68, 9999.0, 23.91, 9999.0, 117.82, 128.0, 120.25, 91.23, 138.52
2024-11-07, 19:51:58, 136.5, 58.27, 22.98, 22.0, 9999.0, 9.61, 10.02, 21.66, 9999.0, 23.91, 9999.0, 117.82, 128.0, 120.25, 91.23, 138.52
2024-11-07, 19:52:02, 136.5, 58.25, 22.95, 22.0, 9999.0, 9.59, 10.02, 21.66, 9999.0, 23.91, 9999.0, 117.77, 128.0, 120.25, 91.23, 138.52
2024-11-07, 19:52:06, 136.5, 58.25, 22.95, 22.0, 9999.0, 9.57, 10.02, 21.64, 9999.0, 23.91, 9999.0, 117.75, 127.98, 120.25, 91.25, 138.52
2024-11-07, 19:52:10, 136.5, 58.27, 22.95, 22.0, 9999.0, 9.55, 10.02, 21.61, 9999.0, 23.91, 9999.0, 117.7, 127.98, 120.25, 91.25, 138.52
2024-11-07, 19:52:14, 136.5, 58.27, 22.95, 22.0, 9999.0, 9.55, 10.02, 21.59, 9999.0, 23.89, 9999.0, 117.68, 127.98, 120.25, 91.23, 138.52
2024-11-07, 19:52:18, 136.5, 58.27, 22.95, 22.0, 9999.0, 9.55, 10.02, 21.61, 9999.0, 23.86, 9999.0, 117.66, 127.98, 120.25, 91.23, 138.52
2024-11-07, 19:52:22, 136.5, 58.27, 22.95, 22.0, 9999.0, 9.57, 10.02, 21.64, 9999.0, 23.84, 9999.0, 117.64, 127.95, 120.25, 91.23, 138.52
2024-11-07, 19:52:26, 136.5, 58.3, 22.95, 22.0, 9999.0, 9.61, 10.0, 21.64, 9999.0, 23.82, 9999.0, 117.61, 127.95, 120.25, 91.23, 138.52
2024-11-07, 19:52:30, 136.5, 58.3, 22.95, 22.0, 9999.0, 9.64, 10.0, 21.66, 9999.0, 23.8, 9999.0, 117.61, 127.93, 120.25, 91.23, 138.52
2024-11-07, 19:52:34, 136.5, 58.3, 22.95, 22.0, 9999.0, 9.66, 10.0, 21.66, 9999.0, 23.77, 9999.0, 117.61, 127.93, 120.25, 91.23, 138.52
2024-11-07, 19:52:38, 136.5, 58.3, 22.95, 22.0, 9999.0, 9.68, 10.0, 21.66, 9999.0, 23.75, 9999.0, 117.64, 127.93, 120.25, 91.23, 138.5
2024-11-07, 19:52:42, 136.5, 58.3, 22.95, 22.0, 9999.0, 9.7, 10.0, 21.68, 9999.0, 23.75, 9999.0, 117.66, 127.93, 120.25, 91.23, 138.5
2024-11-07, 19:52:46, 136.5, 58.3, 22.98, 22.0, 9999.0, 9.73, 10.0, 21.68, 9999.0, 23.75, 9999.0, 117.7, 127.93, 120.25, 91.23, 138.5
2024-11-07, 19:52:50, 136.5, 58.3, 22.98, 22.02, 9999.0, 9.75, 10.0, 21.7, 9999.0, 23.75, 9999.0, 117.73, 127.95, 120.25, 91.23, 138.52
2024-11-07, 19:52:54, 136.5, 58.27, 22.95, 22.02, 9999.0, 9.77, 10.0, 21.73, 9999.0, 23.75, 9999.0, 117.77, 127.95, 120.25, 91.23, 138.52
2024-11-07, 19:52:58, 136.5, 58.27, 22.95, 22.02, 9999.0, 9.77, 10.0, 21.75, 9999.0, 23.77, 9999.0, 117.82, 127.95, 120.25, 91.25, 138.52
2024-11-07, 19:53:03, 136.5, 58.27, 22.95, 22.02, 9999.0, 9.77, 10.0, 21.75, 9999.0, 23.8, 9999.0, 117.84, 127.95, 120.25, 91.25, 138.52
2024-11-07, 19:53:07, 136.5, 58.27, 22.95, 22.02, 9999.0, 9.75, 10.0, 21.75, 9999.0, 23.82, 9999.0, 117.86, 127.98, 120.25, 91.25, 138.52
2024-11-07, 19:53:11, 136.5, 58.25, 22.95, 22.02, 9999.0, 9.7, 10.0, 21.75, 9999.0, 23.84, 9999.0, 117.89, 127.98, 120.25, 91.25, 138.52
2024-11-07, 19:53:15, 136.5, 58.25, 22.98, 22.02, 9999.0, 9.68, 10.0, 21.73, 9999.0, 23.86, 9999.0, 117.89, 128.0, 120.25, 91.25, 138.52
2024-11-07, 19:53:19, 136.5, 58.25, 22.98, 22.02, 9999.0, 9.66, 10.0, 21.73, 9999.0, 23.86, 9999.0, 117.89, 128.0, 120.25, 91.25, 138.52
2024-11-07, 19:53:23, 136.5, 58.25, 22.98, 22.02, 9999.0, 9.64, 10.0, 21.7, 9999.0, 23.86, 9999.0, 117.86, 128.0, 120.25, 91.25, 138.52
2024-11-07, 19:53:27, 136.52, 58.25, 22.98, 22.02, 9999.0, 9.61, 10.0, 21.7, 9999.0, 23.86, 9999.0, 117.84, 127.98, 120.25, 91.25, 138.52
2024-11-07, 19:53:31, 136.52, 58.25, 22.98, 22.02, 9999.0, 9.61, 10.0, 21.68, 9999.0, 23.86, 9999.0, 117.82, 127.98, 120.25, 91.25, 138.52
2024-11-07, 19:53:35, 136.52, 58.25, 22.98, 22.0, 9999.0, 9.61, 10.0, 21.66, 9999.0, 23.86, 9999.0, 117.77, 127.98, 120.25, 91.25, 138.5
2024-11-07, 19:53:39, 136.52, 58.25, 23.0, 22.0, 9999.0, 9.61, 10.0, 21.66, 9999.0, 23.86, 9999.0, 117.73, 127.98, 120.25, 91.25, 138.5
2024-11-07, 19:53:43, 136.52, 58.25, 23.0, 22.0, 9999.0, 9.64, 10.0, 21.66, 9999.0, 23.84, 9999.0, 117.68, 127.95, 120.25, 91.25, 138.5
2024-11-07, 19:53:47, 136.52, 58.25, 23.0, 22.0, 9999.0, 9.66, 10.0, 21.66, 9999.0, 23.82, 9999.0, 117.68, 127.95, 120.25, 91.25, 138.5
2024-11-07, 19:53:51, 136.52, 58.25, 23.0, 22.0, 9999.0, 9.68, 10.0, 21.64, 9999.0, 23.8, 9999.0, 117.68, 127.93, 120.25, 91.25, 138.5
2024-11-07, 19:53:55, 136.52, 58.25, 23.0, 22.0, 9999.0, 9.7, 10.0, 21.64, 9999.0, 23.77, 9999.0, 117.68, 127.91, 120.25, 91.25, 138.5
2024-11-07, 19:53:59, 136.52, 58.25, 23.0, 22.0, 9999.0, 9.75, 10.0, 21.66, 9999.0, 23.73, 9999.0, 117.7, 127.91, 120.25, 91.25, 138.5
2024-11-07, 19:54:03, 136.52, 58.25, 23.0, 22.02, 9999.0, 9.77, 10.0, 21.66, 9999.0, 23.7, 9999.0, 117.73, 127.91, 120.25, 91.25, 138.5
2024-11-07, 19:54:07, 136.52, 58.25, 23.0, 22.02, 9999.0, 9.8, 10.0, 21.68, 9999.0, 23.68, 9999.0, 117.75, 127.89, 120.25, 91.25, 138.5
2024-11-07, 19:54:11, 136.5, 58.25, 23.0, 22.02, 9999.0, 9.82, 10.0, 21.68, 9999.0, 23.68, 9999.0, 117.77, 127.91, 120.25, 91.25, 138.5
2024-11-07, 19:54:15, 136.5, 58.25, 23.0, 22.02, 9999.0, 9.82, 10.0, 21.7, 9999.0, 23.68, 9999.0, 117.77, 127.91, 120.25, 91.25, 138.5
2024-11-07, 19:54:19, 136.5, 58.25, 23.0, 22.02, 9999.0, 9.82, 10.0, 21.7, 9999.0, 23.7, 9999.0, 117.82, 127.91, 120.25, 91.25, 138.5
2024-11-07, 19:54:23, 136.52, 58.25, 23.0, 22.05, 9999.0, 9.82, 10.0, 21.68, 9999.0, 23.7, 9999.0, 117.84, 127.91, 120.25, 91.25, 138.5
2024-11-07, 19:54:27, 136.52, 58.25, 23.0, 22.07, 9999.0, 9.77, 10.0, 21.66, 9999.0, 23.7, 9999.0, 117.86, 127.93, 120.25, 91.25, 138.5
2024-11-07, 19:54:31, 136.52, 58.27, 23.0, 22.07, 9999.0, 9.73, 10.0, 21.66, 9999.0, 23.7, 9999.0, 117.86, 127.93, 120.25, 91.25, 138.5
2024-11-07, 19:54:35, 136.52, 58.27, 23.0, 22.07, 9999.0, 9.7, 10.0, 21.68, 9999.0, 23.7, 9999.0, 117.86, 127.95, 120.25, 91.25, 138.5
2024-11-07, 19:54:39, 136.52, 58.27, 23.0, 22.07, 9999.0, 9.68, 10.0, 21.68, 9999.0, 23.7, 9999.0, 117.86, 127.98, 120.25, 91.25, 138.5
2024-11-07, 19:54:43, 136.52, 58.27, 23.0, 22.09, 9999.0, 9.64, 10.0, 21.68, 9999.0, 23.73, 9999.0, 117.82, 127.98, 120.25, 91.25, 138.5
2024-11-07, 19:54:47, 136.52, 58.27, 23.0, 22.07, 9999.0, 9.61, 10.0, 21.68, 9999.0, 23.73, 9999.0, 117.77, 127.98, 120.25, 91.25, 138.5
2024-11-07, 19:54:51, 136.52, 58.27, 23.0, 22.09, 9999.0, 9.61, 10.0, 21.68, 9999.0, 23.75, 9999.0, 117.73, 127.98, 120.25, 91.25, 138.5
2024-11-07, 19:54:55, 136.52, 58.27, 23.0, 22.09, 9999.0, 9.61, 10.0, 21.68, 9999.0, 23.73, 9999.0, 117.68, 127.98, 120.25, 91.25, 138.5
2024-11-07, 19:54:59, 136.52, 58.3, 23.0, 22.09, 9999.0, 9.61, 10.0, 21.68, 9999.0, 23.7, 9999.0, 117.68, 127.98, 120.25, 91.25, 138.5
2024-11-07, 19:55:03, 136.52, 58.3, 23.0, 22.09, 9999.0, 9.64, 10.0, 21.7, 9999.0, 23.66, 9999.0, 117.64, 127.98, 120.25, 91.25, 138.5
2024-11-07, 19:55:07, 136.5, 58.3, 23.0, 22.07, 9999.0, 9.66, 10.0, 21.73, 9999.0, 23.66, 9999.0, 117.64, 127.98, 120.25, 91.25, 138.52
2024-11-07, 19:55:11, 136.5, 58.3, 23.0, 22.07, 9999.0, 9.68, 10.0, 21.75, 9999.0, 23.64, 9999.0, 117.64, 127.98, 120.25, 91.25, 138.52
2024-11-07, 19:55:15, 136.5, 58.27, 23.0, 22.07, 9999.0, 9.7, 10.0, 21.73, 9999.0, 23.61, 9999.0, 117.64, 127.98, 120.25, 91.25, 138.52
2024-11-07, 19:55:19, 136.5, 58.27, 23.0, 22.07, 9999.0, 9.73, 10.0, 21.73, 9999.0, 23.61, 9999.0, 117.66, 127.95, 120.25, 91.25, 138.52
2024-11-07, 19:55:23, 136.5, 58.27, 23.0, 22.07, 9999.0, 9.75, 10.0, 21.73, 9999.0, 23.59, 9999.0, 117.68, 127.95, 120.25, 91.25, 138.52
2024-11-07, 19:55:27, 136.5, 58.27, 23.0, 22.05, 9999.0, 9.77, 10.0, 21.73, 9999.0, 23.59, 9999.0, 117.73, 127.95, 120.25, 91.25, 138.52
2024-11-07, 19:55:31, 136.5, 58.27, 23.0, 22.05, 9999.0, 9.8, 10.0, 21.7, 9999.0, 23.61, 9999.0, 117.75, 127.95, 120.25, 91.25, 138.55
2024-11-07, 19:55:35, 136.5, 58.27, 23.0, 22.05, 9999.0, 9.8, 10.0, 21.7, 9999.0, 23.61, 9999.0, 117.77, 127.98, 120.25, 91.25, 138.55
2024-11-07, 19:55:39, 136.5, 58.27, 23.0, 22.05, 9999.0, 9.8, 10.0, 21.7, 9999.0, 23.66, 9999.0, 117.8, 127.98, 120.25, 91.25, 138.55
2024-11-07, 19:55:43, 136.5, 58.25, 23.0, 22.05, 9999.0, 9.77, 10.0, 21.7, 9999.0, 23.7, 9999.0, 117.8, 127.98, 120.25, 91.25, 138.55
2024-11-07, 19:55:47, 136.5, 58.25, 23.0, 22.07, 9999.0, 9.73, 10.0, 21.7, 9999.0, 23.75, 9999.0, 117.82, 127.98, 120.25, 91.25, 138.55
2024-11-07, 19:55:51, 136.5, 58.25, 23.0, 22.07, 9999.0, 9.68, 10.0, 21.68, 9999.0, 23.77, 9999.0, 117.82, 127.98, 120.25, 91.25, 138.52
2024-11-07, 19:55:55, 136.5, 58.27, 23.0, 22.05, 9999.0, 9.66, 10.0, 21.68, 9999.0, 23.82, 9999.0, 117.82, 127.98, 120.25, 91.25, 138.52
2024-11-07, 19:55:59, 136.5, 58.27, 23.0, 22.05, 9999.0, 9.64, 10.0, 21.7, 9999.0, 23.86, 9999.0, 117.82, 127.98, 120.25, 91.25, 138.52
2024-11-07, 19:56:03, 136.5, 58.27, 23.0, 22.05, 9999.0, 9.61, 10.0, 21.7, 9999.0, 23.89, 9999.0, 117.77, 128.0, 120.25, 91.25, 138.55
2024-11-07, 19:56:07, 136.5, 58.27, 23.0, 22.07, 9999.0, 9.59, 10.0, 21.7, 9999.0, 23.93, 9999.0, 117.75, 128.0, 120.25, 91.25, 138.55
2024-11-07, 19:56:11, 136.52, 58.27, 23.0, 22.07, 9999.0, 9.59, 10.0, 21.68, 9999.0, 23.93, 9999.0, 117.73, 128.0, 120.25, 91.25, 138.55
2024-11-07, 19:56:15, 136.52, 58.27, 23.0, 22.07, 9999.0, 9.59, 10.0, 21.68, 9999.0, 23.93, 9999.0, 117.73, 128.0, 120.25, 91.23, 138.52
2024-11-07, 19:56:19, 136.52, 58.27, 23.0, 22.05, 9999.0, 9.59, 10.0, 21.68, 9999.0, 23.93, 9999.0, 117.7, 128.0, 120.25, 91.23, 138.52
2024-11-07, 19:56:23, 136.52, 58.27, 23.0, 22.07, 9999.0, 9.61, 10.0, 21.68, 9999.0, 23.91, 9999.0, 117.68, 128.0, 120.25, 91.23, 138.52
2024-11-07, 19:56:27, 136.52, 58.27, 23.0, 22.07, 9999.0, 9.66, 10.0, 21.68, 9999.0, 23.89, 9999.0, 117.68, 128.0, 120.25, 91.23, 138.52
2024-11-07, 19:56:31, 136.52, 58.27, 23.0, 22.07, 9999.0, 9.68, 10.0, 21.68, 9999.0, 23.86, 9999.0, 117.68, 128.0, 120.25, 91.23, 138.52
2024-11-07, 19:56:35, 136.52, 58.27, 23.0, 22.09, 9999.0, 9.7, 10.0, 21.7, 9999.0, 23.84, 9999.0, 117.7, 128.0, 120.25, 91.23, 138.52
2024-11-07, 19:56:39, 136.52, 58.25, 23.0, 22.09, 9999.0, 9.73, 10.0, 21.7, 9999.0, 23.82, 9999.0, 117.73, 128.0, 120.25, 91.23, 138.52
2024-11-07, 19:56:43, 136.52, 58.25, 23.0, 22.09, 9999.0, 9.75, 10.0, 21.68, 9999.0, 23.8, 9999.0, 117.75, 128.0, 120.25, 91.2, 138.52
2024-11-07, 19:56:48, 136.52, 58.25, 23.0, 22.09, 9999.0, 9.77, 10.0, 21.68, 9999.0, 23.8, 9999.0, 117.77, 128.0, 120.25, 91.2, 138.5
2024-11-07, 19:56:52, 136.52, 58.25, 23.0, 22.07, 9999.0, 9.8, 10.0, 21.68, 9999.0, 23.77, 9999.0, 117.77, 128.0, 120.25, 91.2, 138.52
2024-11-07, 19:56:56, 136.5, 58.25, 23.0, 22.07, 9999.0, 9.8, 10.0, 21.7, 9999.0, 23.77, 9999.0, 117.8, 128.0, 120.25, 91.2, 138.52
2024-11-07, 19:57:00, 136.5, 58.25, 23.0, 22.07, 9999.0, 9.8, 10.0, 21.7, 9999.0, 23.8, 9999.0, 117.8, 128.0, 120.25, 91.23, 138.52
2024-11-07, 19:57:04, 136.5, 58.25, 23.0, 22.07, 9999.0, 9.8, 10.0, 21.7, 9999.0, 23.82, 9999.0, 117.82, 128.0, 120.25, 91.23, 138.52
2024-11-07, 19:57:08, 136.5, 58.25, 23.0, 22.07, 9999.0, 9.75, 10.0, 21.7, 9999.0, 23.84, 9999.0, 117.84, 128.0, 120.25, 91.23, 138.55
2024-11-07, 19:57:12, 136.5, 58.25, 23.0, 22.07, 9999.0, 9.73, 10.0, 21.68, 9999.0, 23.86, 9999.0, 117.84, 128.0, 120.25, 91.23, 138.55
2024-11-07, 19:57:16, 136.5, 58.25, 23.0, 22.05, 9999.0, 9.7, 10.0, 21.68, 9999.0, 23.89, 9999.0, 117.84, 128.0, 120.25, 91.23, 138.55
2024-11-07, 19:57:20, 136.5, 58.25, 23.0, 22.02, 9999.0, 9.68, 10.0, 21.66, 9999.0, 23.89, 9999.0, 117.82, 128.0, 120.25, 91.23, 138.55
2024-11-07, 19:57:24, 136.5, 58.25, 23.0, 22.05, 9999.0, 9.66, 10.0, 21.66, 9999.0, 23.91, 9999.0, 117.77, 128.0, 120.25, 91.23, 138.55
2024-11-07, 19:57:28, 136.5, 58.25, 23.0, 22.05, 9999.0, 9.66, 10.0, 21.68, 9999.0, 23.93, 9999.0, 117.75, 127.98, 120.25, 91.25, 138.55
2024-11-07, 19:57:32, 136.5, 58.25, 23.0, 22.05, 9999.0, 9.66, 10.0, 21.68, 9999.0, 23.93, 9999.0, 117.73, 127.98, 120.25, 91.25, 138.57
2024-11-07, 19:57:36, 136.5, 58.27, 23.0, 22.05, 9999.0, 9.66, 10.0, 21.68, 9999.0, 23.95, 9999.0, 117.7, 127.98, 120.25, 91.25, 138.57
2024-11-07, 19:57:40, 136.5, 58.27, 23.0, 22.05, 9999.0, 9.66, 10.0, 21.68, 9999.0, 23.98, 9999.0, 117.68, 127.95, 120.25, 91.25, 138.57
2024-11-07, 19:57:44, 136.5, 58.3, 23.0, 22.07, 9999.0, 9.68, 10.0, 21.7, 9999.0, 23.98, 9999.0, 117.66, 127.95, 120.25, 91.25, 138.57
2024-11-07, 19:57:48, 136.5, 58.3, 23.0, 22.09, 9999.0, 9.68, 10.0, 21.7, 9999.0, 23.98, 9999.0, 117.66, 127.95, 120.25, 91.25, 138.57
2024-11-07, 19:57:52, 136.5, 58.3, 23.0, 22.09, 9999.0, 9.7, 10.0, 21.7, 9999.0, 23.98, 9999.0, 117.66, 127.93, 120.25, 91.25, 138.55
2024-11-07, 19:57:56, 136.5, 58.3, 23.0, 22.09, 9999.0, 9.7, 10.0, 21.73, 9999.0, 23.98, 9999.0, 117.68, 127.93, 120.25, 91.25, 138.55
2024-11-07, 19:58:00, 136.5, 58.32, 23.0, 22.11, 9999.0, 9.73, 10.0, 21.73, 9999.0, 23.98, 9999.0, 117.7, 127.93, 120.25, 91.25, 138.55
2024-11-07, 19:58:04, 136.5, 58.32, 23.0, 22.11, 9999.0, 9.75, 10.0, 21.75, 9999.0, 23.98, 9999.0, 117.73, 127.93, 120.25, 91.25, 138.55
2024-11-07, 19:58:08, 136.5, 58.32, 22.98, 22.09, 9999.0, 9.77, 10.0, 21.75, 9999.0, 23.98, 9999.0, 117.77, 127.93, 120.25, 91.25, 138.55
2024-11-07, 19:58:12, 136.5, 58.32, 22.98, 22.09, 9999.0, 9.77, 10.0, 21.75, 9999.0, 23.98, 9999.0, 117.77, 127.95, 120.25, 91.25, 138.57
2024-11-07, 19:58:16, 136.5, 58.32, 22.95, 22.09, 9999.0, 9.77, 10.0, 21.75, 9999.0, 24.0, 9999.0, 117.82, 127.95, 120.25, 91.25, 138.55
2024-11-07, 19:58:20, 136.5, 58.3, 22.95, 22.09, 9999.0, 9.75, 10.0, 21.75, 9999.0, 24.02, 9999.0, 117.84, 127.95, 120.25, 91.25, 138.52
2024-11-07, 19:58:24, 136.5, 58.3, 22.95, 22.11, 9999.0, 9.73, 10.0, 21.73, 9999.0, 24.05, 9999.0, 117.84, 127.98, 120.25, 91.25, 138.55
2024-11-07, 19:58:28, 136.5, 58.27, 22.95, 22.09, 9999.0, 9.68, 10.0, 21.7, 9999.0, 24.07, 9999.0, 117.86, 127.98, 120.25, 91.25, 138.57
2024-11-07, 19:58:32, 136.5, 58.27, 22.95, 22.09, 9999.0, 9.66, 10.0, 21.7, 9999.0, 24.07, 9999.0, 117.86, 127.98, 120.25, 91.25, 138.57
2024-11-07, 19:58:36, 136.5, 58.27, 22.95, 22.07, 9999.0, 9.64, 10.0, 21.7, 9999.0, 24.09, 9999.0, 117.86, 128.0, 120.25, 91.25, 138.57
2024-11-07, 19:58:40, 136.5, 58.27, 22.95, 22.07, 9999.0, 9.61, 10.0, 21.68, 9999.0, 24.09, 9999.0, 117.84, 128.0, 120.25, 91.25, 138.57
2024-11-07, 19:58:44, 136.5, 58.25, 22.95, 22.05, 9999.0, 9.59, 10.0, 21.66, 9999.0, 24.09, 9999.0, 117.8, 128.0, 120.25, 91.25, 138.57
2024-11-07, 19:58:48, 136.5, 58.25, 22.95, 22.05, 9999.0, 9.59, 10.0, 21.64, 9999.0, 24.11, 9999.0, 117.77, 128.0, 120.25, 91.25, 138.57
2024-11-07, 19:58:52, 136.5, 58.25, 22.95, 22.05, 9999.0, 9.59, 10.0, 21.61, 9999.0, 24.11, 9999.0, 117.75, 128.0, 120.25, 91.25, 138.57
2024-11-07, 19:58:56, 136.5, 58.25, 22.95, 22.05, 9999.0, 9.59, 10.0, 21.61, 9999.0, 24.11, 9999.0, 117.73, 128.0, 120.25, 91.25, 138.55
2024-11-07, 19:59:00, 136.5, 58.25, 22.98, 22.05, 9999.0, 9.61, 10.0, 21.61, 9999.0, 24.07, 9999.0, 117.68, 128.0, 120.25, 91.25, 138.55
2024-11-07, 19:59:04, 136.5, 58.25, 22.98, 22.05, 9999.0, 9.64, 10.0, 21.61, 9999.0, 24.05, 9999.0, 117.68, 128.0, 120.25, 91.25, 138.55
2024-11-07, 19:59:08, 136.5, 58.25, 22.98, 22.02, 9999.0, 9.66, 10.0, 21.64, 9999.0, 24.0, 9999.0, 117.68, 128.0, 120.25, 91.25, 138.55
2024-11-07, 19:59:12, 136.5, 58.25, 22.98, 22.05, 9999.0, 9.68, 10.0, 21.66, 9999.0, 23.95, 9999.0, 117.68, 128.0, 120.25, 91.25, 138.52
2024-11-07, 19:59:16, 136.5, 58.25, 22.98, 22.02, 9999.0, 9.7, 10.0, 21.66, 9999.0, 23.93, 9999.0, 117.7, 128.0, 120.25, 91.25, 138.52
2024-11-07, 19:59:20, 136.5, 58.25, 22.98, 22.02, 9999.0, 9.73, 10.0, 21.66, 9999.0, 23.89, 9999.0, 117.73, 128.0, 120.25, 91.25, 138.52
2024-11-07, 19:59:24, 136.5, 58.27, 22.98, 22.02, 9999.0, 9.75, 10.0, 21.68, 9999.0, 23.89, 9999.0, 117.73, 128.0, 120.25, 91.23, 138.55
2024-11-07, 19:59:28, 136.5, 58.27, 22.98, 22.02, 9999.0, 9.77, 10.0, 21.7, 9999.0, 23.89, 9999.0, 117.75, 128.0, 120.25, 91.23, 138.55
2024-11-07, 19:59:32, 136.5, 58.3, 22.98, 22.02, 9999.0, 9.77, 10.0, 21.73, 9999.0, 23.89, 9999.0, 117.77, 128.0, 120.25, 91.23, 138.55
2024-11-07, 19:59:36, 136.52, 58.3, 23.0, 22.05, 9999.0, 9.77, 10.0, 21.75, 9999.0, 23.91, 9999.0, 117.77, 128.0, 120.25, 91.23, 138.55
2024-11-07, 19:59:40, 136.52, 58.3, 23.0, 22.07, 9999.0, 9.77, 10.0, 21.73, 9999.0, 23.93, 9999.0, 117.8, 128.0, 120.25, 91.23, 138.55
2024-11-07, 19:59:44, 136.52, 58.3, 23.0, 22.09, 9999.0, 9.73, 10.0, 21.7, 9999.0, 23.98, 9999.0, 117.82, 128.0, 120.25, 91.23, 138.55
2024-11-07, 19:59:48, 136.52, 58.3, 23.0, 22.09, 9999.0, 9.7, 10.0, 21.68, 9999.0, 23.98, 9999.0, 117.82, 128.0, 120.25, 91.23, 138.55
2024-11-07, 19:59:52, 136.55, 58.3, 23.0, 22.09, 9999.0, 9.68, 10.0, 21.68, 9999.0, 24.0, 9999.0, 117.82, 127.98, 120.25, 91.23, 138.52
2024-11-07, 19:59:56, 136.55, 58.3, 23.0, 22.09, 9999.0, 9.66, 10.0, 21.68, 9999.0, 24.02, 9999.0, 117.82, 127.98, 120.25, 91.2, 138.52
2024-11-07, 20:00:00, 136.55, 58.3, 23.0, 22.09, 9999.0, 9.64, 10.0, 21.68, 9999.0, 24.05, 9999.0, 117.8, 127.95, 120.25, 91.2, 138.52
2024-11-07, 20:00:04, 136.55, 58.3, 23.0, 22.09, 9999.0, 9.61, 10.0, 21.66, 9999.0, 24.07, 9999.0, 117.75, 127.95, 120.25, 91.2, 138.52
2024-11-07, 20:00:08, 136.55, 58.27, 23.0, 22.11, 9999.0, 9.61, 10.0, 21.66, 9999.0, 24.07, 9999.0, 117.73, 127.95, 120.25, 91.2, 138.5
2024-11-07, 20:00:12, 136.55, 58.27, 23.0, 22.14, 9999.0, 9.61, 10.0, 21.66, 9999.0, 24.07, 9999.0, 117.7, 127.95, 120.25, 91.2, 138.5
2024-11-07, 20:00:30, 136.55, 58.27, 22.98, 22.14, 9999.0, 9.64, 10.0, 21.66, 9999.0, 24.07, 9999.0, 117.66, 127.93, 120.25, 91.2, 138.5
2024-11-07, 20:00:34, 136.52, 58.27, 22.98, 22.11, 9999.0, 9.66, 10.0, 21.66, 9999.0, 24.05, 9999.0, 117.64, 127.93, 120.25, 91.2, 138.5
2024-11-07, 20:00:38, 136.52, 58.27, 22.95, 22.09, 9999.0, 9.66, 10.0, 21.68, 9999.0, 24.0, 9999.0, 117.64, 127.91, 120.25, 91.2, 138.5
2024-11-07, 20:00:42, 136.52, 58.27, 22.95, 22.07, 9999.0, 9.68, 10.0, 21.7, 9999.0, 23.95, 9999.0, 117.64, 127.91, 120.25, 91.2, 138.5
2024-11-07, 20:00:46, 136.52, 58.27, 22.93, 22.09, 9999.0, 9.7, 10.0, 21.73, 9999.0, 23.95, 9999.0, 117.66, 127.91, 120.25, 91.2, 138.5
2024-11-07, 20:00:50, 136.52, 58.3, 22.93, 22.09, 9999.0, 9.73, 10.0, 21.73, 9999.0, 23.95, 9999.0, 117.68, 127.93, 120.25, 91.2, 138.5
2024-11-07, 20:00:54, 136.55, 58.32, 22.93, 22.09, 9999.0, 9.75, 10.0, 21.73, 9999.0, 23.93, 9999.0, 117.7, 127.93, 120.25, 91.23, 138.5
2024-11-07, 20:00:58, 136.55, 58.32, 22.93, 22.11, 9999.0, 9.77, 10.0, 21.73, 9999.0, 23.93, 9999.0, 117.7, 127.95, 120.25, 91.23, 138.5
2024-11-07, 20:01:02, 136.55, 58.32, 22.93, 22.11, 9999.0, 9.8, 10.0, 21.75, 9999.0, 23.91, 9999.0, 117.73, 127.95, 120.25, 91.23, 138.5
2024-11-07, 20:01:06, 136.55, 58.32, 22.93, 22.09, 9999.0, 9.8, 10.0, 21.73, 9999.0, 23.91, 9999.0, 117.75, 127.95, 120.25, 91.25, 138.5
2024-11-07, 20:01:12, 136.55, 58.32, 22.93, 22.09, 9999.0, 9.77, 10.0, 21.73, 9999.0, 23.93, 9999.0, 117.77, 127.95, 120.25, 91.25, 138.5
2024-11-07, 20:01:16, 136.55, 58.3, 22.95, 22.09, 9999.0, 9.73, 10.0, 21.73, 9999.0, 23.93, 9999.0, 117.8, 127.98, 120.25, 91.25, 138.5
2024-11-07, 20:01:20, 136.55, 58.3, 22.95, 22.09, 9999.0, 9.68, 10.0, 21.73, 9999.0, 23.93, 9999.0, 117.82, 127.98, 120.25, 91.25, 138.5
2024-11-07, 20:01:24, 136.55, 58.3, 22.98, 22.09, 9999.0, 9.66, 10.0, 21.73, 9999.0, 23.95, 9999.0, 117.82, 128.0, 120.25, 91.25, 138.5
2024-11-07, 20:01:28, 136.55, 58.3, 22.98, 22.09, 9999.0, 9.64, 10.0, 21.7, 9999.0, 23.98, 9999.0, 117.82, 128.0, 120.25, 91.25, 138.5
2024-11-07, 20:01:32, 136.55, 58.3, 23.0, 22.07, 9999.0, 9.61, 10.0, 21.7, 9999.0, 23.98, 9999.0, 117.8, 128.0, 120.25, 91.25, 138.5
2024-11-07, 20:01:36, 136.52, 58.27, 23.0, 22.07, 9999.0, 9.59, 10.0, 21.7, 9999.0, 23.98, 9999.0, 117.77, 128.0, 120.25, 91.25, 138.5
2024-11-07, 20:01:40, 136.5, 58.25, 22.98, 22.05, 9999.0, 9.59, 10.0, 21.7, 9999.0, 24.0, 9999.0, 117.73, 128.0, 120.25, 91.25, 138.5
2024-11-07, 20:01:44, 136.5, 58.25, 22.98, 22.02, 9999.0, 9.59, 10.0, 21.7, 9999.0, 24.0, 9999.0, 117.73, 127.98, 120.25, 91.25, 138.5
2024-11-07, 20:01:48, 136.5, 58.25, 22.98, 22.02, 9999.0, 9.59, 10.0, 21.7, 9999.0, 24.02, 9999.0, 117.73, 127.98, 120.25, 91.25, 138.5
2024-11-07, 20:01:52, 136.5, 58.25, 22.95, 22.02, 9999.0, 9.61, 10.0, 21.73, 9999.0, 24.0, 9999.0, 117.7, 127.98, 120.25, 91.25, 138.5
2024-11-07, 20:01:56, 136.5, 58.25, 22.95, 22.0, 9999.0, 9.64, 10.0, 21.73, 9999.0, 23.98, 9999.0, 117.7, 127.98, 120.25, 91.25, 138.5
2024-11-07, 20:02:00, 136.5, 58.27, 22.95, 22.0, 9999.0, 9.66, 10.0, 21.73, 9999.0, 23.98, 9999.0, 117.7, 127.98, 120.25, 91.25, 138.5
2024-11-07, 20:02:04, 136.5, 58.27, 22.93, 22.02, 9999.0, 9.68, 10.0, 21.73, 9999.0, 23.98, 9999.0, 117.7, 127.98, 120.25, 91.25, 138.5
2024-11-07, 20:02:08, 136.5, 58.27, 22.91, 22.02, 9999.0, 9.7, 10.0, 21.7, 9999.0, 23.98, 9999.0, 117.73, 127.98, 120.25, 91.25, 138.5
2024-11-07, 20:02:12, 136.5, 58.27, 22.91, 22.02, 9999.0, 9.73, 10.0, 21.7, 9999.0, 23.98, 9999.0, 117.75, 127.98, 120.25, 91.25, 138.5
2024-11-07, 20:02:16, 136.5, 58.27, 22.91, 22.02, 9999.0, 9.75, 10.0, 21.68, 9999.0, 23.98, 9999.0, 117.77, 127.98, 120.25, 91.25, 138.5
2024-11-07, 20:02:20, 136.5, 58.27, 22.89, 22.02, 9999.0, 9.77, 10.0, 21.66, 9999.0, 23.98, 9999.0, 117.8, 127.98, 120.25, 91.25, 138.5
2024-11-07, 20:02:24, 136.5, 58.27, 22.91, 22.05, 9999.0, 9.77, 10.0, 21.66, 9999.0, 23.98, 9999.0, 117.82, 127.98, 120.25, 91.25, 138.5
2024-11-07, 20:02:28, 136.52, 58.27, 22.91, 22.05, 9999.0, 9.77, 10.0, 21.64, 9999.0, 24.0, 9999.0, 117.84, 128.0, 120.25, 91.25, 138.5
2024-11-07, 20:02:32, 136.55, 58.27, 22.89, 22.05, 9999.0, 9.77, 10.0, 21.64, 9999.0, 24.02, 9999.0, 117.84, 128.0, 120.25, 91.25, 138.5
2024-11-07, 20:02:36, 136.55, 58.3, 22.91, 22.05, 9999.0, 9.73, 10.0, 21.64, 9999.0, 24.07, 9999.0, 117.86, 128.0, 120.25, 91.25, 138.5
2024-11-07, 20:02:40, 136.55, 58.32, 22.91, 22.05, 9999.0, 9.7, 10.0, 21.64, 9999.0, 24.07, 9999.0, 117.86, 128.0, 120.25, 91.25, 138.5
2024-11-07, 20:02:44, 136.55, 58.32, 22.89, 22.05, 9999.0, 9.68, 10.0, 21.61, 9999.0, 24.07, 9999.0, 117.86, 128.0, 120.25, 91.25, 138.5
2024-11-07, 20:02:48, 136.55, 58.32, 22.91, 22.02, 9999.0, 9.66, 10.0, 21.59, 9999.0, 24.07, 9999.0, 117.86, 128.0, 120.25, 91.25, 138.5
2024-11-07, 20:02:52, 136.55, 58.34, 22.93, 22.02, 9999.0, 9.64, 10.0, 21.61, 9999.0, 24.07, 9999.0, 117.84, 128.0, 120.25, 91.25, 138.5
2024-11-07, 20:02:56, 136.55, 58.34, 22.93, 22.02, 9999.0, 9.61, 10.0, 21.64, 9999.0, 24.07, 9999.0, 117.82, 128.0, 120.25, 91.25, 138.5
2024-11-07, 20:03:00, 136.55, 58.34, 22.93, 22.02, 9999.0, 9.61, 10.0, 21.64, 9999.0, 24.07, 9999.0, 117.77, 128.0, 120.25, 91.25, 138.5
2024-11-07, 20:03:04, 136.55, 58.34, 22.95, 22.02, 9999.0, 9.61, 10.0, 21.66, 9999.0, 24.07, 9999.0, 117.73, 128.0, 120.25, 91.25, 138.5
2024-11-07, 20:03:08, 136.55, 58.34, 22.95, 22.0, 9999.0, 9.61, 10.0, 21.66, 9999.0, 24.07, 9999.0, 117.73, 128.0, 120.25, 91.25, 138.5
2024-11-07, 20:03:12, 136.52, 58.34, 22.95, 22.0, 9999.0, 9.61, 10.0, 21.68, 9999.0, 24.05, 9999.0, 117.68, 127.98, 120.25, 91.25, 138.5
2024-11-07, 20:03:16, 136.5, 58.34, 22.95, 22.0, 9999.0, 9.61, 10.0, 21.66, 9999.0, 24.02, 9999.0, 117.68, 127.95, 120.25, 91.23, 138.5
2024-11-07, 20:03:20, 136.5, 58.32, 22.95, 22.0, 9999.0, 9.64, 10.0, 21.66, 9999.0, 24.0, 9999.0, 117.68, 127.95, 120.25, 91.23, 138.5
2024-11-07, 20:03:24, 136.5, 58.3, 22.93, 22.0, 9999.0, 9.66, 10.0, 21.66, 9999.0, 24.0, 9999.0, 117.7, 127.95, 120.25, 91.23, 138.5
2024-11-07, 20:03:28, 136.5, 58.27, 22.95, 22.02, 9999.0, 9.68, 10.0, 21.68, 9999.0, 24.0, 9999.0, 117.73, 127.95, 120.25, 91.23, 138.5
2024-11-07, 20:03:32, 136.5, 58.27, 22.95, 22.02, 9999.0, 9.7, 10.0, 21.7, 9999.0, 23.98, 9999.0, 117.75, 127.95, 120.25, 91.23, 138.5
2024-11-07, 20:03:36, 136.5, 58.27, 22.95, 22.02, 9999.0, 9.73, 10.0, 21.7, 9999.0, 23.98, 9999.0, 117.77, 127.95, 120.25, 91.23, 138.5
2024-11-07, 20:03:40, 136.52, 58.27, 22.95, 22.02, 9999.0, 9.75, 10.0, 21.7, 9999.0, 23.98, 9999.0, 117.8, 127.95, 120.25, 91.23, 138.5
2024-11-07, 20:03:44, 136.55, 58.27, 22.93, 22.02, 9999.0, 9.75, 10.0, 21.73, 9999.0, 24.0, 9999.0, 117.82, 127.95, 120.25, 91.23, 138.5
2024-11-07, 20:03:48, 136.57, 58.27, 22.91, 22.02, 9999.0, 9.75, 10.0, 21.73, 9999.0, 24.02, 9999.0, 117.84, 127.95, 120.25, 91.23, 138.5
2024-11-07, 20:03:52, 136.57, 58.3, 22.91, 22.02, 9999.0, 9.75, 10.0, 21.73, 9999.0, 24.05, 9999.0, 117.84, 127.95, 120.25, 91.23, 138.5
2024-11-07, 20:03:56, 136.57, 58.3, 22.91, 22.02, 9999.0, 9.73, 10.0, 21.73, 9999.0, 24.07, 9999.0, 117.86, 127.98, 120.25, 91.23, 138.5
2024-11-07, 20:04:00, 136.59, 58.3, 22.93, 22.05, 9999.0, 9.7, 10.0, 21.75, 9999.0, 24.07, 9999.0, 117.86, 128.0, 120.25, 91.25, 138.5
2024-11-07, 20:04:04, 136.59, 58.3, 22.93, 22.07, 9999.0, 9.68, 10.0, 21.75, 9999.0, 24.07, 9999.0, 117.86, 128.0, 120.25, 91.25, 138.5
2024-11-07, 20:04:08, 136.59, 58.3, 22.95, 22.07, 9999.0, 9.66, 10.0, 21.73, 9999.0, 24.07, 9999.0, 117.84, 128.0, 120.25, 91.25, 138.5
2024-11-07, 20:04:12, 136.59, 58.3, 22.95, 22.05, 9999.0, 9.64, 10.0, 21.73, 9999.0, 24.07, 9999.0, 117.82, 128.0, 120.25, 91.25, 138.5
2024-11-07, 20:04:16, 136.59, 58.3, 22.93, 22.05, 9999.0, 9.64, 10.0, 21.73, 9999.0, 24.09, 9999.0, 117.8, 128.0, 120.25, 91.25, 138.5
2024-11-07, 20:04:20, 136.59, 58.27, 22.93, 22.05, 9999.0, 9.64, 10.0, 21.73, 9999.0, 24.09, 9999.0, 117.77, 127.98, 120.25, 91.23, 138.5
2024-11-07, 20:04:24, 136.57, 58.27, 22.93, 22.05, 9999.0, 9.64, 10.0, 21.7, 9999.0, 24.09, 9999.0, 117.75, 127.95, 120.25, 91.23, 138.5
2024-11-07, 20:04:28, 136.55, 58.27, 22.95, 22.05, 9999.0, 9.66, 10.0, 21.7, 9999.0, 24.07, 9999.0, 117.73, 127.95, 120.25, 91.23, 138.5
2024-11-07, 20:04:32, 136.52, 58.27, 22.98, 22.05, 9999.0, 9.66, 10.0, 21.7, 9999.0, 24.05, 9999.0, 117.73, 127.95, 120.25, 91.23, 138.5
2024-11-07, 20:04:36, 136.52, 58.25, 22.98, 22.05, 9999.0, 9.66, 10.0, 21.68, 9999.0, 24.02, 9999.0, 117.73, 127.93, 120.25, 91.23, 138.5
2024-11-07, 20:04:40, 136.52, 58.25, 22.98, 22.07, 9999.0, 9.68, 10.0, 21.68, 9999.0, 24.0, 9999.0, 117.73, 127.93, 120.25, 91.23, 138.5
2024-11-07, 20:04:44, 136.5, 58.25, 22.98, 22.07, 9999.0, 9.7, 10.0, 21.68, 9999.0, 24.0, 9999.0, 117.75, 127.93, 120.25, 91.23, 138.5
2024-11-07, 20:04:49, 136.5, 58.25, 22.98, 22.07, 9999.0, 9.73, 10.0, 21.68, 9999.0, 24.0, 9999.0, 117.77, 127.93, 120.25, 91.23, 138.5
2024-11-07, 20:04:53, 136.5, 58.25, 22.98, 22.07, 9999.0, 9.75, 10.0, 21.7, 9999.0, 24.02, 9999.0, 117.8, 127.93, 120.25, 91.23, 138.5
2024-11-07, 20:04:57, 136.5, 58.25, 22.98, 22.09, 9999.0, 9.77, 10.0, 21.7, 9999.0, 24.05, 9999.0, 117.82, 127.91, 120.25, 91.23, 138.5
2024-11-07, 20:05:01, 136.5, 58.25, 23.0, 22.11, 9999.0, 9.77, 10.0, 21.7, 9999.0, 24.05, 9999.0, 117.82, 127.89, 120.25, 91.23, 138.5
2024-11-07, 20:05:05, 136.5, 58.25, 23.0, 22.11, 9999.0, 9.77, 10.0, 21.7, 9999.0, 24.07, 9999.0, 117.82, 127.91, 120.25, 91.25, 138.5
2024-11-07, 20:05:09, 136.5, 58.25, 23.0, 22.11, 9999.0, 9.75, 10.0, 21.73, 9999.0, 24.09, 9999.0, 117.82, 127.93, 120.25, 91.25, 138.5
2024-11-07, 20:05:13, 136.5, 58.25, 23.0, 22.14, 9999.0, 9.7, 10.0, 21.7, 9999.0, 24.11, 9999.0, 117.84, 127.93, 120.25, 91.25, 138.5
2024-11-07, 20:05:17, 136.5, 58.25, 23.0, 22.14, 9999.0, 9.68, 10.0, 21.68, 9999.0, 24.14, 9999.0, 117.84, 127.93, 120.25, 91.25, 138.5
2024-11-07, 20:05:21, 136.5, 58.25, 23.0, 22.14, 9999.0, 9.68, 10.0, 21.7, 9999.0, 24.16, 9999.0, 117.84, 127.95, 120.25, 91.25, 138.5
2024-11-07, 20:05:25, 136.5, 58.25, 23.0, 22.11, 9999.0, 9.66, 10.0, 21.7, 9999.0, 24.16, 9999.0, 117.84, 127.95, 120.25, 91.25, 138.5
2024-11-07, 20:05:29, 136.5, 58.25, 23.0, 22.11, 9999.0, 9.64, 10.0, 21.7, 9999.0, 24.16, 9999.0, 117.82, 127.95, 120.25, 91.25, 138.5
2024-11-07, 20:05:33, 136.5, 58.25, 23.0, 22.11, 9999.0, 9.61, 10.0, 21.7, 9999.0, 24.16, 9999.0, 117.77, 127.95, 120.25, 91.25, 138.5
2024-11-07, 20:05:37, 136.5, 58.25, 23.0, 22.11, 9999.0, 9.61, 10.0, 21.7, 9999.0, 24.14, 9999.0, 117.75, 127.93, 120.25, 91.25, 138.5
2024-11-07, 20:05:41, 136.5, 58.25, 23.0, 22.09, 9999.0, 9.61, 10.0, 21.7, 9999.0, 24.11, 9999.0, 117.7, 127.93, 120.25, 91.25, 138.5
2024-11-07, 20:05:45, 136.5, 58.25, 23.0, 22.07, 9999.0, 9.61, 10.0, 21.7, 9999.0, 24.11, 9999.0, 117.68, 127.95, 120.25, 91.25, 138.5
2024-11-07, 20:05:49, 136.5, 58.25, 23.0, 22.07, 9999.0, 9.61, 10.0, 21.7, 9999.0, 24.09, 9999.0, 117.66, 127.95, 120.25, 91.25, 138.5
2024-11-07, 20:05:53, 136.52, 58.25, 23.0, 22.07, 9999.0, 9.64, 10.0, 21.68, 9999.0, 24.07, 9999.0, 117.66, 127.95, 120.25, 91.25, 138.5
2024-11-07, 20:05:57, 136.52, 58.25, 23.0, 22.05, 9999.0, 9.66, 10.0, 21.7, 9999.0, 24.05, 9999.0, 117.66, 127.95, 120.25, 91.25, 138.5
2024-11-07, 20:06:01, 136.52, 58.25, 23.0, 22.05, 9999.0, 9.68, 10.0, 21.73, 9999.0, 24.02, 9999.0, 117.68, 127.95, 120.25, 91.25, 138.5
2024-11-07, 20:06:05, 136.52, 58.25, 22.98, 22.05, 9999.0, 9.68, 10.0, 21.7, 9999.0, 24.0, 9999.0, 117.7, 127.95, 120.25, 91.25, 138.5
2024-11-07, 20:06:09, 136.52, 58.25, 22.98, 22.07, 9999.0, 9.7, 10.0, 21.7, 9999.0, 24.0, 9999.0, 117.73, 127.95, 120.25, 91.25, 138.5
2024-11-07, 20:06:13, 136.52, 58.25, 22.98, 22.07, 9999.0, 9.73, 10.0, 21.7, 9999.0, 24.0, 9999.0, 117.73, 127.95, 120.25, 91.25, 138.5
2024-11-07, 20:06:17, 136.52, 58.25, 22.98, 22.05, 9999.0, 9.75, 10.0, 21.68, 9999.0, 24.0, 9999.0, 117.75, 127.93, 120.25, 91.25, 138.5
2024-11-07, 20:06:21, 136.52, 58.25, 22.98, 22.05, 9999.0, 9.75, 10.0, 21.66, 9999.0, 24.02, 9999.0, 117.75, 127.95, 120.25, 91.25, 138.5
2024-11-07, 20:06:25, 136.52, 58.25, 22.98, 22.05, 9999.0, 9.75, 10.0, 21.66, 9999.0, 24.05, 9999.0, 117.77, 127.98, 120.25, 91.25, 138.5
2024-11-07, 20:06:29, 136.52, 58.25, 22.98, 22.05, 9999.0, 9.73, 10.0, 21.66, 9999.0, 24.07, 9999.0, 117.8, 127.98, 120.25, 91.25, 138.5
2024-11-07, 20:06:33, 136.52, 58.25, 22.98, 22.05, 9999.0, 9.7, 10.0, 21.66, 9999.0, 24.09, 9999.0, 117.82, 127.98, 120.25, 91.25, 138.5
2024-11-07, 20:06:37, 136.5, 58.25, 22.98, 22.05, 9999.0, 9.68, 10.0, 21.66, 9999.0, 24.11, 9999.0, 117.82, 127.98, 120.25, 91.25, 138.5
2024-11-07, 20:06:41, 136.5, 58.25, 22.98, 22.05, 9999.0, 9.66, 10.0, 21.66, 9999.0, 24.14, 9999.0, 117.82, 127.98, 120.25, 91.25, 138.5
2024-11-07, 20:06:45, 136.5, 58.25, 22.98, 22.05, 9999.0, 9.64, 10.0, 21.66, 9999.0, 24.16, 9999.0, 117.8, 127.95, 120.25, 91.25, 138.5
2024-11-07, 20:06:49, 136.5, 58.25, 23.0, 22.05, 9999.0, 9.61, 10.0, 21.68, 9999.0, 24.16, 9999.0, 117.77, 127.95, 120.25, 91.23, 138.5
2024-11-07, 20:06:53, 136.5, 58.25, 23.0, 22.02, 9999.0, 9.61, 10.0, 21.68, 9999.0, 24.16, 9999.0, 117.75, 127.93, 120.25, 91.23, 138.5
2024-11-07, 20:06:57, 136.5, 58.25, 23.0, 22.02, 9999.0, 9.61, 10.0, 21.68, 9999.0, 24.16, 9999.0, 117.75, 127.93, 120.25, 91.23, 138.5
2024-11-07, 20:07:01, 136.5, 58.25, 23.0, 22.02, 9999.0, 9.61, 10.0, 21.68, 9999.0, 24.16, 9999.0, 117.75, 127.95, 120.25, 91.23, 138.5
2024-11-07, 20:07:05, 136.5, 58.25, 23.0, 22.02, 9999.0, 9.61, 10.0, 21.68, 9999.0, 24.14, 9999.0, 117.73, 127.95, 120.25, 91.23, 138.5
2024-11-07, 20:07:09, 136.5, 58.25, 23.0, 22.02, 9999.0, 9.64, 10.0, 21.68, 9999.0, 24.11, 9999.0, 117.73, 127.95, 120.25, 91.23, 138.5
2024-11-07, 20:07:13, 136.5, 58.25, 23.0, 22.02, 9999.0, 9.66, 10.0, 21.68, 9999.0, 24.09, 9999.0, 117.73, 127.93, 120.25, 91.23, 138.5
2024-11-07, 20:07:17, 136.5, 58.25, 22.98, 22.05, 9999.0, 9.68, 10.0, 21.68, 9999.0, 24.07, 9999.0, 117.73, 127.91, 120.25, 91.23, 138.5
2024-11-07, 20:07:21, 136.5, 58.25, 22.95, 22.05, 9999.0, 9.7, 10.0, 21.7, 9999.0, 24.02, 9999.0, 117.75, 127.91, 120.25, 91.23, 138.5
2024-11-07, 20:07:25, 136.5, 58.27, 22.95, 22.05, 9999.0, 9.73, 10.0, 21.7, 9999.0, 23.98, 9999.0, 117.77, 127.91, 120.25, 91.23, 138.5
2024-11-07, 20:07:29, 136.5, 58.27, 22.95, 22.05, 9999.0, 9.75, 10.0, 21.7, 9999.0, 23.93, 9999.0, 117.8, 127.93, 120.25, 91.23, 138.5
2024-11-07, 20:07:33, 136.5, 58.27, 22.95, 22.05, 9999.0, 9.77, 10.0, 21.7, 9999.0, 23.93, 9999.0, 117.82, 127.93, 120.25, 91.25, 138.5
2024-11-07, 20:07:37, 136.5, 58.27, 22.93, 22.05, 9999.0, 9.77, 10.0, 21.68, 9999.0, 23.93, 9999.0, 117.84, 127.95, 120.25, 91.25, 138.5
2024-11-07, 20:07:41, 136.5, 58.27, 22.93, 22.02, 9999.0, 9.77, 10.0, 21.68, 9999.0, 23.95, 9999.0, 117.84, 127.95, 120.25, 91.25, 138.5
2024-11-07, 20:07:45, 136.5, 58.27, 22.93, 22.02, 9999.0, 9.75, 10.0, 21.68, 9999.0, 23.95, 9999.0, 117.84, 127.95, 120.25, 91.25, 138.5
2024-11-07, 20:07:49, 136.5, 58.27, 22.91, 22.02, 9999.0, 9.73, 10.0, 21.7, 9999.0, 23.98, 9999.0, 117.86, 127.95, 120.25, 91.25, 138.5
2024-11-07, 20:07:53, 136.5, 58.27, 22.89, 22.02, 9999.0, 9.68, 10.0, 21.7, 9999.0, 23.98, 9999.0, 117.86, 127.95, 120.25, 91.25, 138.5
2024-11-07, 20:07:57, 136.5, 58.27, 22.86, 22.02, 9999.0, 9.66, 9.98, 21.7, 9999.0, 23.98, 9999.0, 117.86, 127.98, 120.25, 91.25, 138.5
2024-11-07, 20:08:01, 136.5, 58.27, 22.89, 22.0, 9999.0, 9.64, 9.98, 21.7, 9999.0, 24.0, 9999.0, 117.86, 128.0, 120.25, 91.25, 138.5
2024-11-07, 20:08:05, 136.5, 58.27, 22.91, 22.0, 9999.0, 9.61, 9.98, 21.68, 9999.0, 24.02, 9999.0, 117.84, 128.0, 120.25, 91.25, 138.5
2024-11-07, 20:08:09, 136.5, 58.25, 22.91, 22.0, 9999.0, 9.59, 9.98, 21.68, 9999.0, 24.05, 9999.0, 117.82, 128.0, 120.25, 91.25, 138.5
2024-11-07, 20:08:13, 136.5, 58.25, 22.91, 22.0, 9999.0, 9.59, 9.98, 21.66, 9999.0, 24.07, 9999.0, 117.8, 128.0, 120.25, 91.23, 138.5
2024-11-07, 20:08:17, 136.5, 58.25, 22.89, 22.0, 9999.0, 9.59, 9.98, 21.64, 9999.0, 24.07, 9999.0, 117.75, 127.98, 120.25, 91.23, 138.5
2024-11-07, 20:08:21, 136.5, 58.25, 22.91, 22.0, 9999.0, 9.59, 9.98, 21.66, 9999.0, 24.07, 9999.0, 117.7, 127.98, 120.25, 91.23, 138.5
2024-11-07, 20:08:25, 136.5, 58.25, 22.91, 22.0, 9999.0, 9.61, 9.98, 21.66, 9999.0, 24.05, 9999.0, 117.68, 127.98, 120.25, 91.23, 138.5
2024-11-07, 20:08:29, 136.5, 58.25, 22.91, 22.0, 9999.0, 9.64, 9.98, 21.68, 9999.0, 24.05, 9999.0, 117.68, 127.98, 120.25, 91.23, 138.5
2024-11-07, 20:08:34, 136.5, 58.25, 22.93, 22.0, 9999.0, 9.66, 9.98, 21.66, 9999.0, 24.02, 9999.0, 117.68, 127.95, 120.25, 91.23, 138.5
2024-11-07, 20:08:38, 136.5, 58.25, 22.95, 22.0, 9999.0, 9.68, 9.98, 21.64, 9999.0, 24.02, 9999.0, 117.7, 127.95, 120.25, 91.2, 138.5
2024-11-07, 20:08:42, 136.5, 58.25, 22.98, 22.0, 9999.0, 9.7, 10.0, 21.64, 9999.0, 24.02, 9999.0, 117.73, 127.95, 120.25, 91.2, 138.5
2024-11-07, 20:08:46, 136.5, 58.25, 22.98, 22.0, 9999.0, 9.73, 10.0, 21.64, 9999.0, 24.0, 9999.0, 117.75, 127.95, 120.25, 91.2, 138.5
2024-11-07, 20:08:50, 136.5, 58.25, 22.98, 22.0, 9999.0, 9.75, 10.0, 21.66, 9999.0, 24.02, 9999.0, 117.77, 127.95, 120.25, 91.2, 138.5
2024-11-07, 20:08:54, 136.5, 58.25, 22.98, 22.0, 9999.0, 9.77, 10.0, 21.64, 9999.0, 24.05, 9999.0, 117.77, 127.95, 120.25, 91.2, 138.5
2024-11-07, 20:08:58, 136.5, 58.25, 22.95, 22.0, 9999.0, 9.77, 10.0, 21.64, 9999.0, 24.07, 9999.0, 117.77, 127.95, 120.25, 91.23, 138.5
2024-11-07, 20:09:02, 136.5, 58.25, 22.98, 22.0, 9999.0, 9.75, 10.0, 21.64, 9999.0, 24.11, 9999.0, 117.8, 127.98, 120.25, 91.23, 138.5
2024-11-07, 20:09:06, 136.5, 58.25, 22.98, 22.0, 9999.0, 9.73, 10.0, 21.61, 9999.0, 24.14, 9999.0, 117.82, 127.98, 120.25, 91.23, 138.5
2024-11-07, 20:09:10, 136.5, 58.25, 22.98, 22.0, 9999.0, 9.68, 10.0, 21.61, 9999.0, 24.16, 9999.0, 117.84, 127.95, 120.25, 91.23, 138.5
2024-11-07, 20:09:14, 136.5, 58.27, 22.98, 22.0, 9999.0, 9.66, 10.0, 21.61, 9999.0, 24.18, 9999.0, 117.84, 127.95, 120.25, 91.23, 138.5
2024-11-07, 20:09:18, 136.5, 58.27, 22.98, 22.0, 9999.0, 9.64, 10.0, 21.64, 9999.0, 24.2, 9999.0, 117.84, 127.98, 120.25, 91.23, 138.5
2024-11-07, 20:09:22, 136.5, 58.27, 22.95, 22.0, 9999.0, 9.61, 10.0, 21.66, 9999.0, 24.23, 9999.0, 117.82, 127.98, 120.25, 91.23, 138.5
2024-11-07, 20:09:26, 136.5, 58.27, 22.93, 22.0, 9999.0, 9.59, 10.0, 21.64, 9999.0, 24.23, 9999.0, 117.8, 127.98, 120.25, 91.23, 138.5
2024-11-07, 20:09:30, 136.5, 58.27, 22.91, 22.0, 9999.0, 9.59, 10.0, 21.61, 9999.0, 24.23, 9999.0, 117.77, 127.95, 120.25, 91.23, 138.5
2024-11-07, 20:09:34, 136.5, 58.27, 22.91, 22.0, 9999.0, 9.59, 10.0, 21.61, 9999.0, 24.2, 9999.0, 117.73, 127.95, 120.25, 91.23, 138.5
2024-11-07, 20:09:38, 136.5, 58.27, 22.91, 22.0, 9999.0, 9.59, 10.0, 21.61, 9999.0, 24.18, 9999.0, 117.7, 127.93, 120.25, 91.23, 138.5
2024-11-07, 20:09:42, 136.5, 58.27, 22.91, 22.0, 9999.0, 9.59, 10.0, 21.64, 9999.0, 24.16, 9999.0, 117.68, 127.93, 120.25, 91.23, 138.5
2024-11-07, 20:09:46, 136.5, 58.27, 22.91, 22.0, 9999.0, 9.61, 10.0, 21.66, 9999.0, 24.11, 9999.0, 117.66, 127.93, 120.25, 91.23, 138.5
2024-11-07, 20:09:50, 136.5, 58.27, 22.89, 22.0, 9999.0, 9.64, 10.0, 21.68, 9999.0, 24.09, 9999.0, 117.66, 127.91, 120.25, 91.23, 138.5
2024-11-07, 20:09:54, 136.5, 58.27, 22.89, 22.0, 9999.0, 9.66, 10.0, 21.68, 9999.0, 24.07, 9999.0, 117.66, 127.91, 120.25, 91.23, 138.5
2024-11-07, 20:09:58, 136.5, 58.25, 22.86, 22.0, 9999.0, 9.68, 10.0, 21.68, 9999.0, 24.02, 9999.0, 117.68, 127.91, 120.25, 91.23, 138.5
2024-11-07, 20:10:02, 136.5, 58.25, 22.86, 22.0, 9999.0, 9.7, 10.0, 21.66, 9999.0, 23.98, 9999.0, 117.7, 127.91, 120.25, 91.23, 138.5
2024-11-07, 20:10:06, 136.5, 58.25, 22.89, 22.0, 9999.0, 9.73, 10.0, 21.66, 9999.0, 23.93, 9999.0, 117.73, 127.91, 120.25, 91.25, 138.5
2024-11-07, 20:10:10, 136.5, 58.25, 22.91, 22.0, 9999.0, 9.75, 10.0, 21.68, 9999.0, 23.91, 9999.0, 117.73, 127.91, 120.25, 91.25, 138.5
2024-11-07, 20:10:14, 136.52, 58.25, 22.93, 22.0, 9999.0, 9.75, 10.0, 21.7, 9999.0, 23.89, 9999.0, 117.73, 127.91, 120.25, 91.25, 138.5
2024-11-07, 20:10:18, 136.52, 58.25, 22.93, 22.0, 9999.0, 9.73, 10.0, 21.68, 9999.0, 23.89, 9999.0, 117.77, 127.91, 120.25, 91.25, 138.5
2024-11-07, 20:10:22, 136.52, 58.25, 22.91, 22.0, 9999.0, 9.73, 10.0, 21.68, 9999.0, 23.89, 9999.0, 117.8, 127.93, 120.25, 91.25, 138.5
2024-11-07, 20:10:26, 136.52, 58.25, 22.91, 22.0, 9999.0, 9.7, 10.0, 21.66, 9999.0, 23.89, 9999.0, 117.82, 127.93, 120.25, 91.25, 138.5
2024-11-07, 20:10:30, 136.52, 58.25, 22.89, 22.0, 9999.0, 9.68, 10.0, 21.64, 9999.0, 23.89, 9999.0, 117.84, 127.93, 120.25, 91.25, 138.5
2024-11-07, 20:10:34, 136.52, 58.25, 22.91, 22.0, 9999.0, 9.66, 10.0, 21.61, 9999.0, 23.89, 9999.0, 117.84, 127.95, 120.25, 91.25, 138.5
2024-11-07, 20:11:07, 136.52, 58.25, 22.91, 22.0, 9999.0, 9.64, 10.0, 21.59, 9999.0, 23.89, 9999.0, 117.84, 127.98, 120.25, 91.25, 138.5
2024-11-07, 20:11:11, 136.52, 58.25, 22.91, 22.0, 9999.0, 9.61, 10.0, 21.57, 9999.0, 23.89, 9999.0, 117.82, 127.95, 120.25, 91.25, 138.5
2024-11-07, 20:11:15, 136.52, 58.27, 22.91, 22.0, 9999.0, 9.59, 10.0, 21.57, 9999.0, 23.89, 9999.0, 117.8, 127.93, 120.25, 91.25, 138.5
2024-11-07, 20:11:19, 136.52, 58.27, 22.89, 22.0, 9999.0, 9.59, 10.0, 21.57, 9999.0, 23.89, 9999.0, 117.77, 127.93, 120.25, 91.25, 138.5
2024-11-07, 20:11:23, 136.52, 58.27, 22.89, 22.0, 9999.0, 9.59, 10.0, 21.55, 9999.0, 23.89, 9999.0, 117.77, 127.91, 120.25, 91.25, 138.5
2024-11-07, 20:11:27, 136.5, 58.27, 22.86, 22.0, 9999.0, 9.59, 10.0, 21.55, 9999.0, 23.89, 9999.0, 117.75, 127.91, 120.25, 91.25, 138.5
2024-11-07, 20:11:31, 136.5, 58.27, 22.84, 22.0, 9999.0, 9.64, 10.0, 21.55, 9999.0, 23.86, 9999.0, 117.7, 127.89, 120.25, 91.25, 138.5
2024-11-07, 20:11:35, 136.5, 58.27, 22.84, 22.0, 9999.0, 9.64, 10.0, 21.55, 9999.0, 23.84, 9999.0, 117.7, 127.89, 120.25, 91.25, 138.5
2024-11-07, 20:11:39, 136.5, 58.27, 22.86, 22.0, 9999.0, 9.66, 10.0, 21.55, 9999.0, 23.82, 9999.0, 117.7, 127.89, 120.25, 91.25, 138.5
2024-11-07, 20:11:43, 136.5, 58.27, 22.89, 22.0, 9999.0, 9.68, 10.0, 21.57, 9999.0, 23.8, 9999.0, 117.7, 127.86, 120.25, 91.25, 138.5
2024-11-07, 20:11:47, 136.5, 58.27, 22.89, 22.0, 9999.0, 9.7, 10.0, 21.57, 9999.0, 23.77, 9999.0, 117.73, 127.86, 120.25, 91.25, 138.5
2024-11-07, 20:11:51, 136.5, 58.27, 22.89, 22.0, 9999.0, 9.73, 10.0, 21.57, 9999.0, 23.75, 9999.0, 117.75, 127.86, 120.25, 91.25, 138.5
2024-11-07, 20:11:55, 136.5, 58.27, 22.89, 22.0, 9999.0, 9.75, 10.0, 21.57, 9999.0, 23.75, 9999.0, 117.77, 127.86, 120.25, 91.25, 138.5
2024-11-07, 20:11:59, 136.5, 58.25, 22.86, 22.0, 9999.0, 9.77, 10.0, 21.57, 9999.0, 23.77, 9999.0, 117.8, 127.89, 120.25, 91.25, 138.5
2024-11-07, 20:12:03, 136.5, 58.25, 22.86, 22.0, 9999.0, 9.77, 10.0, 21.55, 9999.0, 23.8, 9999.0, 117.82, 127.89, 120.25, 91.23, 138.5
2024-11-07, 20:12:07, 136.5, 58.27, 22.84, 22.0, 9999.0, 9.75, 10.0, 21.57, 9999.0, 23.84, 9999.0, 117.82, 127.91, 120.25, 91.23, 138.5
2024-11-07, 20:12:11, 136.52, 58.27, 22.84, 22.0, 9999.0, 9.73, 10.0, 21.55, 9999.0, 23.86, 9999.0, 117.84, 127.93, 120.25, 91.23, 138.5
2024-11-07, 20:12:15, 136.52, 58.27, 22.84, 22.0, 9999.0, 9.68, 10.0, 21.57, 9999.0, 23.89, 9999.0, 117.86, 127.95, 120.25, 91.23, 138.5
2024-11-07, 20:12:19, 136.52, 58.27, 22.84, 22.0, 9999.0, 9.66, 10.0, 21.59, 9999.0, 23.91, 9999.0, 117.86, 127.95, 120.25, 91.23, 138.5
2024-11-07, 20:12:23, 136.52, 58.27, 22.82, 22.0, 9999.0, 9.64, 10.0, 21.59, 9999.0, 23.93, 9999.0, 117.86, 127.95, 120.25, 91.23, 138.5
2024-11-07, 20:12:27, 136.52, 58.27, 22.82, 22.0, 9999.0, 9.61, 10.0, 21.57, 9999.0, 23.95, 9999.0, 117.86, 127.98, 120.25, 91.2, 138.5
2024-11-07, 20:12:31, 136.52, 58.27, 22.82, 22.0, 9999.0, 9.59, 10.0, 21.57, 9999.0, 23.98, 9999.0, 117.84, 127.95, 120.25, 91.2, 138.5
2024-11-07, 20:12:35, 136.52, 58.27, 22.82, 22.0, 9999.0, 9.57, 10.0, 21.57, 9999.0, 24.0, 9999.0, 117.82, 127.93, 120.25, 91.2, 138.5
2024-11-07, 20:12:39, 136.52, 58.27, 22.84, 22.0, 9999.0, 9.57, 10.0, 21.59, 9999.0, 24.02, 9999.0, 117.8, 127.93, 120.25, 91.18, 138.5
2024-11-07, 20:12:43, 136.52, 58.27, 22.86, 22.0, 9999.0, 9.55, 10.0, 21.59, 9999.0, 24.02, 9999.0, 117.75, 127.91, 120.25, 91.16, 138.5
2024-11-07, 20:12:47, 136.52, 58.27, 22.86, 22.0, 9999.0, 9.55, 10.0, 21.61, 9999.0, 24.02, 9999.0, 117.7, 127.89, 120.25, 91.16, 138.5
2024-11-07, 20:12:51, 136.52, 58.25, 22.86, 22.0, 9999.0, 9.59, 10.0, 21.59, 9999.0, 24.0, 9999.0, 117.68, 127.89, 120.25, 91.14, 138.5
2024-11-07, 20:12:55, 136.5, 58.25, 22.86, 22.0, 9999.0, 9.64, 10.0, 21.61, 9999.0, 24.0, 9999.0, 117.68, 127.89, 120.25, 91.11, 138.5
2024-11-07, 20:12:59, 136.5, 58.25, 22.86, 22.0, 9999.0, 9.66, 10.0, 21.59, 9999.0, 24.0, 9999.0, 117.68, 127.89, 120.25, 91.11, 138.5
2024-11-07, 20:13:03, 136.5, 58.25, 22.86, 22.0, 9999.0, 9.68, 10.0, 21.59, 9999.0, 24.0, 9999.0, 117.68, 127.86, 120.25, 91.11, 138.5
2024-11-07, 20:13:07, 136.5, 58.25, 22.89, 22.0, 9999.0, 9.7, 10.0, 21.61, 9999.0, 24.0, 9999.0, 117.7, 127.84, 120.25, 91.11, 138.5
2024-11-07, 20:13:11, 136.5, 58.25, 22.89, 22.0, 9999.0, 9.73, 10.0, 21.61, 9999.0, 24.0, 9999.0, 117.73, 127.84, 120.25, 91.14, 138.5
2024-11-07, 20:13:16, 136.5, 58.25, 22.89, 22.0, 9999.0, 9.75, 10.02, 21.61, 9999.0, 24.0, 9999.0, 117.73, 127.84, 120.25, 91.14, 138.5
2024-11-07, 20:13:20, 136.5, 58.25, 22.86, 22.0, 9999.0, 9.77, 10.02, 21.61, 9999.0, 24.0, 9999.0, 117.75, 127.84, 120.25, 91.14, 138.5
2024-11-07, 20:13:24, 136.5, 58.25, 22.84, 22.0, 9999.0, 9.75, 10.02, 21.59, 9999.0, 24.0, 9999.0, 117.75, 127.86, 120.25, 91.16, 138.5
2024-11-07, 20:13:28, 136.52, 58.25, 22.82, 22.0, 9999.0, 9.77, 10.02, 21.61, 9999.0, 24.02, 9999.0, 117.77, 127.86, 120.25, 91.18, 138.5
2024-11-07, 20:13:32, 136.52, 58.25, 22.82, 22.0, 9999.0, 9.77, 10.02, 21.59, 9999.0, 24.05, 9999.0, 117.8, 127.89, 120.25, 91.2, 138.5
2024-11-07, 20:13:36, 136.52, 58.25, 22.82, 22.0, 9999.0, 9.73, 10.02, 21.59, 9999.0, 24.07, 9999.0, 117.82, 127.89, 120.25, 91.23, 138.5
2024-11-07, 20:13:40, 136.52, 58.25, 22.82, 22.0, 9999.0, 9.68, 10.02, 21.59, 9999.0, 24.09, 9999.0, 117.82, 127.89, 120.25, 91.25, 138.5
2024-11-07, 20:13:44, 136.52, 58.25, 22.84, 22.0, 9999.0, 9.66, 10.02, 21.61, 9999.0, 24.09, 9999.0, 117.82, 127.86, 120.25, 91.25, 138.5
2024-11-07, 20:13:48, 136.52, 58.25, 22.84, 22.0, 9999.0, 9.64, 10.02, 21.59, 9999.0, 24.09, 9999.0, 117.82, 127.89, 120.25, 91.25, 138.5
2024-11-07, 20:13:52, 136.52, 58.25, 22.82, 22.0, 9999.0, 9.61, 10.02, 21.57, 9999.0, 24.09, 9999.0, 117.8, 127.89, 120.25, 91.25, 138.5
2024-11-07, 20:13:56, 136.52, 58.25, 22.8, 22.0, 9999.0, 9.59, 10.02, 21.57, 9999.0, 24.07, 9999.0, 117.77, 127.86, 120.25, 91.25, 138.5
2024-11-07, 20:14:00, 136.52, 58.25, 22.8, 22.0, 9999.0, 9.59, 10.0, 21.59, 9999.0, 24.05, 9999.0, 117.75, 127.86, 120.25, 91.25, 138.5
2024-11-07, 20:14:04, 136.52, 58.25, 22.8, 22.0, 9999.0, 9.59, 10.0, 21.61, 9999.0, 24.02, 9999.0, 117.7, 127.89, 120.25, 91.25, 138.5
2024-11-07, 20:14:08, 136.52, 58.25, 22.8, 22.0, 9999.0, 9.64, 10.0, 21.61, 9999.0, 24.0, 9999.0, 117.68, 127.89, 120.25, 91.25, 138.5
2024-11-07, 20:14:12, 136.5, 58.25, 22.8, 22.0, 9999.0, 9.66, 10.0, 21.61, 9999.0, 23.95, 9999.0, 117.66, 127.91, 120.25, 91.25, 138.5
2024-11-07, 20:14:16, 136.5, 58.25, 22.8, 22.0, 9999.0, 9.66, 10.0, 21.64, 9999.0, 23.91, 9999.0, 117.66, 127.89, 120.25, 91.23, 138.5
2024-11-07, 20:14:20, 136.5, 58.25, 22.8, 22.0, 9999.0, 9.68, 10.0, 21.66, 9999.0, 23.86, 9999.0, 117.66, 127.86, 120.25, 91.23, 138.5
2024-11-07, 20:14:24, 136.5, 58.25, 22.82, 22.0, 9999.0, 9.7, 10.0, 21.64, 9999.0, 23.82, 9999.0, 117.68, 127.84, 120.25, 91.23, 138.5
2024-11-07, 20:14:28, 136.5, 58.25, 22.8, 22.0, 9999.0, 9.73, 10.0, 21.64, 9999.0, 23.8, 9999.0, 117.7, 127.86, 120.25, 91.23, 138.5
2024-11-07, 20:14:32, 136.5, 58.25, 22.8, 22.0, 9999.0, 9.75, 10.0, 21.66, 9999.0, 23.77, 9999.0, 117.73, 127.86, 120.25, 91.23, 138.5
2024-11-07, 20:14:36, 136.5, 58.25, 22.8, 22.0, 9999.0, 9.77, 10.0, 21.66, 9999.0, 23.75, 9999.0, 117.75, 127.89, 120.25, 91.23, 138.5
2024-11-07, 20:14:40, 136.5, 58.25, 22.8, 22.0, 9999.0, 9.8, 10.0, 21.66, 9999.0, 23.75, 9999.0, 117.77, 127.91, 120.25, 91.23, 138.5
2024-11-07, 20:14:44, 136.5, 58.25, 22.77, 22.0, 9999.0, 9.8, 10.0, 21.64, 9999.0, 23.77, 9999.0, 117.82, 127.93, 120.25, 91.23, 138.5
2024-11-07, 20:14:48, 136.5, 58.25, 22.8, 22.0, 9999.0, 9.8, 10.0, 21.64, 9999.0, 23.8, 9999.0, 117.84, 127.93, 120.25, 91.23, 138.5
2024-11-07, 20:14:52, 136.5, 58.25, 22.82, 22.0, 9999.0, 9.75, 10.0, 21.64, 9999.0, 23.82, 9999.0, 117.89, 127.93, 120.25, 91.23, 138.5
2024-11-07, 20:14:56, 136.5, 58.25, 22.82, 22.0, 9999.0, 9.7, 10.0, 21.61, 9999.0, 23.84, 9999.0, 117.91, 127.93, 120.25, 91.23, 138.5
2024-11-07, 20:15:00, 136.5, 58.25, 22.82, 22.0, 9999.0, 9.68, 10.0, 21.61, 9999.0, 23.86, 9999.0, 117.91, 127.95, 120.25, 91.25, 138.5
2024-11-07, 20:15:04, 136.5, 58.25, 22.84, 22.0, 9999.0, 9.66, 10.0, 21.61, 9999.0, 23.89, 9999.0, 117.91, 127.98, 120.25, 91.25, 138.5
2024-11-07, 20:15:08, 136.5, 58.25, 22.84, 22.0, 9999.0, 9.64, 10.0, 21.64, 9999.0, 23.91, 9999.0, 117.89, 127.98, 120.25, 91.25, 138.5
2024-11-07, 20:15:12, 136.5, 58.25, 22.86, 22.0, 9999.0, 9.61, 10.0, 21.61, 9999.0, 23.93, 9999.0, 117.86, 127.98, 120.25, 91.25, 138.5
2024-11-07, 20:15:16, 136.5, 58.25, 22.89, 22.0, 9999.0, 9.61, 10.0, 21.61, 9999.0, 23.95, 9999.0, 117.84, 127.98, 120.25, 91.25, 138.5
2024-11-07, 20:15:20, 136.5, 58.25, 22.91, 22.0, 9999.0, 9.61, 10.0, 21.64, 9999.0, 23.95, 9999.0, 117.8, 127.95, 120.25, 91.25, 138.5
2024-11-07, 20:15:24, 136.5, 58.25, 22.93, 22.0, 9999.0, 9.61, 10.0, 21.64, 9999.0, 23.95, 9999.0, 117.75, 127.95, 120.25, 91.25, 138.5
2024-11-07, 20:15:28, 136.5, 58.25, 22.95, 22.0, 9999.0, 9.61, 10.0, 21.66, 9999.0, 23.93, 9999.0, 117.7, 127.93, 120.25, 91.25, 138.5
2024-11-07, 20:15:32, 136.5, 58.25, 22.93, 22.0, 9999.0, 9.61, 10.0, 21.64, 9999.0, 23.91, 9999.0, 117.7, 127.93, 120.25, 91.25, 138.5
2024-11-07, 20:15:36, 136.5, 58.25, 22.93, 22.0, 9999.0, 9.64, 10.0, 21.64, 9999.0, 23.89, 9999.0, 117.68, 127.93, 120.25, 91.25, 138.5
2024-11-07, 20:15:40, 136.5, 58.25, 22.95, 22.0, 9999.0, 9.66, 10.0, 21.64, 9999.0, 23.84, 9999.0, 117.7, 127.91, 120.27, 91.25, 138.5
2024-11-07, 20:15:44, 136.5, 58.25, 22.95, 22.0, 9999.0, 9.68, 10.0, 21.64, 9999.0, 23.82, 9999.0, 117.73, 127.91, 120.27, 91.25, 138.5
2024-11-07, 20:15:48, 136.5, 58.25, 22.95, 22.0, 9999.0, 9.7, 10.0, 21.64, 9999.0, 23.8, 9999.0, 117.75, 127.91, 120.27, 91.25, 138.5
2024-11-07, 20:15:52, 136.5, 58.25, 22.95, 22.0, 9999.0, 9.73, 10.0, 21.64, 9999.0, 23.77, 9999.0, 117.77, 127.93, 120.27, 91.25, 138.5
2024-11-07, 20:15:56, 136.5, 58.25, 22.95, 22.0, 9999.0, 9.75, 10.0, 21.66, 9999.0, 23.75, 9999.0, 117.8, 127.93, 120.27, 91.25, 138.5
2024-11-07, 20:16:00, 136.5, 58.25, 22.95, 22.0, 9999.0, 9.75, 10.0, 21.66, 9999.0, 23.75, 9999.0, 117.8, 127.93, 120.27, 91.25, 138.5
2024-11-07, 20:16:04, 136.5, 58.25, 22.95, 22.0, 9999.0, 9.75, 10.0, 21.66, 9999.0, 23.77, 9999.0, 117.84, 127.95, 120.27, 91.25, 138.5
2024-11-07, 20:16:08, 136.5, 58.25, 22.93, 22.0, 9999.0, 9.75, 10.0, 21.68, 9999.0, 23.8, 9999.0, 117.86, 127.95, 120.27, 91.25, 138.5
2024-11-07, 20:16:12, 136.5, 58.25, 22.93, 22.0, 9999.0, 9.73, 10.0, 21.68, 9999.0, 23.8, 9999.0, 117.89, 127.98, 120.27, 91.25, 138.5
2024-11-07, 20:16:16, 136.5, 58.25, 22.93, 22.0, 9999.0, 9.7, 10.0, 21.68, 9999.0, 23.8, 9999.0, 117.89, 127.98, 120.27, 91.25, 138.5
2024-11-07, 20:16:20, 136.5, 58.25, 22.91, 22.0, 9999.0, 9.68, 10.0, 21.68, 9999.0, 23.8, 9999.0, 117.89, 127.98, 120.27, 91.25, 138.5
2024-11-07, 20:16:24, 136.5, 58.25, 22.91, 22.0, 9999.0, 9.66, 10.0, 21.7, 9999.0, 23.82, 9999.0, 117.86, 128.0, 120.25, 91.25, 138.5
2024-11-07, 20:16:28, 136.5, 58.25, 22.93, 22.0, 9999.0, 9.64, 10.0, 21.7, 9999.0, 23.82, 9999.0, 117.84, 128.0, 120.25, 91.25, 138.5
2024-11-07, 20:16:32, 136.5, 58.25, 22.93, 22.0, 9999.0, 9.61, 10.0, 21.7, 9999.0, 23.82, 9999.0, 117.82, 128.0, 120.25, 91.25, 138.5
2024-11-07, 20:16:36, 136.5, 58.25, 22.93, 22.0, 9999.0, 9.61, 10.0, 21.7, 9999.0, 23.82, 9999.0, 117.8, 127.98, 120.25, 91.25, 138.5
2024-11-07, 20:16:40, 136.5, 58.25, 22.93, 22.0, 9999.0, 9.61, 10.0, 21.7, 9999.0, 23.82, 9999.0, 117.77, 127.98, 120.25, 91.25, 138.5
2024-11-07, 20:16:44, 136.5, 58.25, 22.93, 22.0, 9999.0, 9.64, 10.0, 21.7, 9999.0, 23.8, 9999.0, 117.77, 127.98, 120.25, 91.25, 138.5
2024-11-07, 20:16:48, 136.5, 58.25, 22.93, 22.0, 9999.0, 9.64, 10.0, 21.7, 9999.0, 23.77, 9999.0, 117.73, 127.98, 120.25, 91.25, 138.5
2024-11-07, 20:16:52, 136.5, 58.25, 22.95, 22.0, 9999.0, 9.64, 10.0, 21.7, 9999.0, 23.75, 9999.0, 117.73, 127.98, 120.25, 91.25, 138.5
2024-11-07, 20:16:56, 136.5, 58.25, 22.95, 22.0, 9999.0, 9.66, 10.0, 21.7, 9999.0, 23.75, 9999.0, 117.73, 127.95, 120.25, 91.25, 138.5
2024-11-07, 20:17:01, 136.5, 58.25, 22.98, 22.0, 9999.0, 9.68, 10.0, 21.73, 9999.0, 23.75, 9999.0, 117.75, 127.95, 120.25, 91.25, 138.5
2024-11-07, 20:17:05, 136.5, 58.25, 23.0, 22.0, 9999.0, 9.7, 10.0, 21.75, 9999.0, 23.73, 9999.0, 117.77, 127.95, 120.25, 91.25, 138.52
2024-11-07, 20:17:09, 136.5, 58.25, 23.0, 22.0, 9999.0, 9.73, 10.0, 21.75, 9999.0, 23.7, 9999.0, 117.8, 127.95, 120.25, 91.25, 138.52
2024-11-07, 20:17:13, 136.5, 58.25, 23.0, 22.02, 9999.0, 9.75, 10.0, 21.73, 9999.0, 23.7, 9999.0, 117.82, 127.95, 120.25, 91.25, 138.52
2024-11-07, 20:17:17, 136.5, 58.25, 23.0, 22.02, 9999.0, 9.77, 10.0, 21.73, 9999.0, 23.7, 9999.0, 117.84, 127.95, 120.25, 91.25, 138.52
2024-11-07, 20:17:21, 136.5, 58.25, 23.0, 22.02, 9999.0, 9.75, 10.0, 21.73, 9999.0, 23.73, 9999.0, 117.84, 127.98, 120.25, 91.25, 138.52
2024-11-07, 20:17:25, 136.5, 58.25, 23.0, 22.02, 9999.0, 9.75, 10.0, 21.7, 9999.0, 23.75, 9999.0, 117.84, 127.98, 120.25, 91.25, 138.52
2024-11-07, 20:17:29, 136.5, 58.25, 23.0, 22.02, 9999.0, 9.73, 10.0, 21.7, 9999.0, 23.77, 9999.0, 117.86, 127.98, 120.25, 91.25, 138.52
2024-11-07, 20:17:33, 136.5, 58.27, 23.0, 22.02, 9999.0, 9.73, 10.0, 21.7, 9999.0, 23.77, 9999.0, 117.89, 127.98, 120.25, 91.25, 138.52
2024-11-07, 20:17:37, 136.5, 58.27, 23.0, 22.02, 9999.0, 9.7, 10.0, 21.7, 9999.0, 23.77, 9999.0, 117.89, 127.98, 120.25, 91.25, 138.52
2024-11-07, 20:17:41, 136.5, 58.27, 23.0, 22.02, 9999.0, 9.68, 10.0, 21.7, 9999.0, 23.77, 9999.0, 117.89, 128.0, 120.25, 91.25, 138.52
2024-11-07, 20:17:45, 136.5, 58.27, 23.0, 22.02, 9999.0, 9.66, 10.0, 21.7, 9999.0, 23.77, 9999.0, 117.86, 128.0, 120.25, 91.25, 138.52
2024-11-07, 20:17:49, 136.5, 58.27, 23.0, 22.02, 9999.0, 9.64, 10.0, 21.68, 9999.0, 23.8, 9999.0, 117.84, 128.0, 120.25, 91.25, 138.5
2024-11-07, 20:17:53, 136.5, 58.27, 23.0, 22.05, 9999.0, 9.64, 10.0, 21.68, 9999.0, 23.8, 9999.0, 117.82, 128.0, 120.25, 91.25, 138.5
2024-11-07, 20:17:57, 136.5, 58.27, 23.0, 22.02, 9999.0, 9.64, 10.0, 21.7, 9999.0, 23.8, 9999.0, 117.8, 128.0, 120.25, 91.25, 138.52
2024-11-07, 20:18:01, 136.5, 58.27, 23.0, 22.02, 9999.0, 9.64, 10.0, 21.7, 9999.0, 23.77, 9999.0, 117.77, 128.0, 120.25, 91.25, 138.52
2024-11-07, 20:18:05, 136.5, 58.27, 23.0, 22.02, 9999.0, 9.68, 10.0, 21.7, 9999.0, 23.73, 9999.0, 117.75, 127.98, 120.25, 91.25, 138.52
2024-11-07, 20:18:09, 136.5, 58.27, 23.0, 22.02, 9999.0, 9.7, 10.0, 21.73, 9999.0, 23.68, 9999.0, 117.75, 127.98, 120.25, 91.25, 138.55
2024-11-07, 20:18:13, 136.5, 58.27, 23.0, 22.05, 9999.0, 9.7, 10.0, 21.7, 9999.0, 23.64, 9999.0, 117.73, 127.95, 120.25, 91.25, 138.55
2024-11-07, 20:18:17, 136.5, 58.25, 23.0, 22.05, 9999.0, 9.7, 10.0, 21.7, 9999.0, 23.61, 9999.0, 117.75, 127.95, 120.25, 91.25, 138.55
2024-11-07, 20:18:21, 136.5, 58.25, 23.0, 22.05, 9999.0, 9.73, 10.0, 21.7, 9999.0, 23.59, 9999.0, 117.77, 127.95, 120.25, 91.25, 138.57
2024-11-07, 20:18:25, 136.5, 58.25, 23.0, 22.07, 9999.0, 9.75, 10.0, 21.7, 9999.0, 23.59, 9999.0, 117.8, 127.95, 120.25, 91.25, 138.59
2024-11-07, 20:18:29, 136.5, 58.25, 23.0, 22.07, 9999.0, 9.77, 10.0, 21.7, 9999.0, 23.59, 9999.0, 117.82, 127.95, 120.25, 91.25, 138.61
2024-11-07, 20:18:33, 136.5, 58.25, 23.0, 22.07, 9999.0, 9.8, 10.0, 21.73, 9999.0, 23.59, 9999.0, 117.84, 127.95, 120.25, 91.25, 138.61
2024-11-07, 20:18:37, 136.5, 58.25, 23.0, 22.05, 9999.0, 9.8, 10.0, 21.73, 9999.0, 23.64, 9999.0, 117.86, 127.95, 120.25, 91.25, 138.64
2024-11-07, 20:18:41, 136.5, 58.25, 23.0, 22.05, 9999.0, 9.8, 10.0, 21.73, 9999.0, 23.66, 9999.0, 117.89, 127.95, 120.25, 91.25, 138.64
2024-11-07, 20:18:45, 136.5, 58.25, 23.0, 22.05, 9999.0, 9.8, 10.0, 21.73, 9999.0, 23.7, 9999.0, 117.89, 127.95, 120.25, 91.25, 138.66
2024-11-07, 20:18:49, 136.5, 58.25, 23.0, 22.07, 9999.0, 9.75, 10.0, 21.7, 9999.0, 23.73, 9999.0, 117.91, 127.98, 120.25, 91.25, 138.68
2024-11-07, 20:18:53, 136.5, 58.25, 23.0, 22.09, 9999.0, 9.73, 10.0, 21.7, 9999.0, 23.75, 9999.0, 117.91, 127.98, 120.25, 91.25, 138.66
2024-11-07, 20:18:57, 136.5, 58.25, 23.0, 22.09, 9999.0, 9.7, 10.0, 21.73, 9999.0, 23.8, 9999.0, 117.91, 128.0, 120.25, 91.25, 138.68
2024-11-07, 20:19:01, 136.5, 58.25, 23.0, 22.11, 9999.0, 9.68, 10.0, 21.73, 9999.0, 23.82, 9999.0, 117.89, 128.0, 120.25, 91.25, 138.68
2024-11-07, 20:19:05, 136.5, 58.25, 23.0, 22.14, 9999.0, 9.66, 10.0, 21.73, 9999.0, 23.84, 9999.0, 117.86, 128.0, 120.25, 91.25, 138.68
2024-11-07, 20:19:09, 136.5, 58.25, 23.0, 22.14, 9999.0, 9.66, 10.0, 21.73, 9999.0, 23.84, 9999.0, 117.84, 128.0, 120.25, 91.25, 138.66
2024-11-07, 20:19:13, 136.5, 58.25, 23.0, 22.16, 9999.0, 9.66, 10.0, 21.73, 9999.0, 23.86, 9999.0, 117.82, 128.0, 120.25, 91.25, 138.66
2024-11-07, 20:19:17, 136.5, 58.25, 23.0, 22.18, 9999.0, 9.66, 10.0, 21.73, 9999.0, 23.86, 9999.0, 117.8, 128.0, 120.25, 91.25, 138.66
2024-11-07, 20:19:21, 136.5, 58.25, 23.0, 22.2, 9999.0, 9.68, 10.0, 21.73, 9999.0, 23.84, 9999.0, 117.75, 127.98, 120.25, 91.25, 138.66
2024-11-07, 20:19:25, 136.5, 58.25, 23.0, 22.2, 9999.0, 9.68, 10.0, 21.73, 9999.0, 23.82, 9999.0, 117.73, 127.98, 120.25, 91.25, 138.64
2024-11-07, 20:19:29, 136.5, 58.25, 23.0, 22.2, 9999.0, 9.68, 10.0, 21.73, 9999.0, 23.8, 9999.0, 117.73, 127.98, 120.25, 91.25, 138.61
2024-11-07, 20:19:33, 136.5, 58.25, 23.0, 22.18, 9999.0, 9.7, 10.0, 21.75, 9999.0, 23.8, 9999.0, 117.73, 127.98, 120.25, 91.25, 138.61
2024-11-07, 20:19:37, 136.5, 58.25, 23.0, 22.16, 9999.0, 9.7, 10.0, 21.75, 9999.0, 23.8, 9999.0, 117.75, 127.98, 120.25, 91.25, 138.64
2024-11-07, 20:19:41, 136.5, 58.25, 23.0, 22.16, 9999.0, 9.73, 10.0, 21.75, 9999.0, 23.75, 9999.0, 117.77, 127.98, 120.25, 91.25, 138.64
2024-11-07, 20:19:45, 136.5, 58.25, 23.0, 22.16, 9999.0, 9.75, 10.0, 21.75, 9999.0, 23.73, 9999.0, 117.8, 127.98, 120.25, 91.25, 138.66
2024-11-07, 20:19:49, 136.5, 58.25, 23.0, 22.16, 9999.0, 9.77, 10.0, 21.73, 9999.0, 23.73, 9999.0, 117.82, 127.98, 120.25, 91.25, 138.66
2024-11-07, 20:19:53, 136.5, 58.25, 23.0, 22.16, 9999.0, 9.77, 10.0, 21.73, 9999.0, 23.73, 9999.0, 117.82, 127.98, 120.25, 91.25, 138.68
2024-11-07, 20:19:57, 136.5, 58.25, 23.0, 22.14, 9999.0, 9.77, 10.0, 21.73, 9999.0, 23.73, 9999.0, 117.82, 127.98, 120.25, 91.25, 138.68
2024-11-07, 20:20:01, 136.5, 58.27, 23.0, 22.11, 9999.0, 9.77, 10.0, 21.73, 9999.0, 23.75, 9999.0, 117.82, 127.98, 120.25, 91.25, 138.68
2024-11-07, 20:20:05, 136.5, 58.27, 23.0, 22.09, 9999.0, 9.75, 10.0, 21.73, 9999.0, 23.77, 9999.0, 117.84, 128.0, 120.25, 91.25, 138.66
2024-11-07, 20:20:09, 136.5, 58.27, 23.0, 22.09, 9999.0, 9.73, 10.0, 21.7, 9999.0, 23.8, 9999.0, 117.84, 128.0, 120.25, 91.25, 138.68
2024-11-07, 20:20:13, 136.5, 58.27, 23.0, 22.09, 9999.0, 9.73, 10.0, 21.7, 9999.0, 23.82, 9999.0, 117.84, 128.0, 120.25, 91.25, 138.68
2024-11-07, 20:20:17, 136.5, 58.27, 23.0, 22.11, 9999.0, 9.7, 10.0, 21.7, 9999.0, 23.84, 9999.0, 117.84, 128.0, 120.25, 91.25, 138.68
2024-11-07, 20:20:21, 136.5, 58.27, 23.0, 22.14, 9999.0, 9.68, 10.0, 21.7, 9999.0, 23.86, 9999.0, 117.82, 128.0, 120.25, 91.25, 138.68
2024-11-07, 20:20:25, 136.5, 58.27, 23.0, 22.11, 9999.0, 9.66, 10.0, 21.7, 9999.0, 23.91, 9999.0, 117.8, 128.0, 120.25, 91.25, 138.66
2024-11-07, 20:20:30, 136.5, 58.27, 23.0, 22.09, 9999.0, 9.66, 10.0, 21.7, 9999.0, 23.93, 9999.0, 117.77, 128.0, 120.25, 91.25, 138.66
2024-11-07, 20:20:36, 136.5, 58.27, 23.0, 22.09, 9999.0, 9.66, 10.0, 21.73, 9999.0, 23.93, 9999.0, 117.75, 128.0, 120.25, 91.25, 138.66
2024-11-07, 20:20:40, 136.5, 58.3, 23.0, 22.07, 9999.0, 9.68, 10.0, 21.73, 9999.0, 23.93, 9999.0, 117.75, 128.0, 120.25, 91.25, 138.64
2024-11-07, 20:20:44, 136.5, 58.3, 23.0, 22.07, 9999.0, 9.7, 10.0, 21.73, 9999.0, 23.91, 9999.0, 117.75, 128.0, 120.25, 91.25, 138.64
2024-11-07, 20:20:48, 136.5, 58.27, 23.0, 22.09, 9999.0, 9.7, 10.0, 21.73, 9999.0, 23.89, 9999.0, 117.75, 128.0, 120.25, 91.25, 138.66
2024-11-07, 20:20:52, 136.5, 58.27, 23.0, 22.09, 9999.0, 9.7, 10.0, 21.73, 9999.0, 23.86, 9999.0, 117.75, 128.0, 120.25, 91.25, 138.66
2024-11-07, 20:20:56, 136.5, 58.27, 23.0, 22.09, 9999.0, 9.73, 10.0, 21.75, 9999.0, 23.84, 9999.0, 117.77, 128.0, 120.25, 91.25, 138.64
2024-11-07, 20:21:00, 136.5, 58.27, 23.0, 22.11, 9999.0, 9.73, 10.0, 21.75, 9999.0, 23.82, 9999.0, 117.8, 128.0, 120.25, 91.25, 138.66
2024-11-07, 20:21:04, 136.5, 58.27, 23.0, 22.11, 9999.0, 9.75, 10.0, 21.73, 9999.0, 23.8, 9999.0, 117.82, 128.0, 120.25, 91.25, 138.66
2024-11-07, 20:21:08, 136.5, 58.27, 23.0, 22.11, 9999.0, 9.77, 10.02, 21.73, 9999.0, 23.8, 9999.0, 117.84, 128.0, 120.25, 91.25, 138.64
2024-11-07, 20:21:12, 136.5, 58.27, 23.0, 22.14, 9999.0, 9.8, 10.02, 21.73, 9999.0, 23.8, 9999.0, 117.84, 128.0, 120.25, 91.25, 138.66
2024-11-07, 20:21:16, 136.5, 58.27, 23.0, 22.16, 9999.0, 9.8, 10.02, 21.73, 9999.0, 23.82, 9999.0, 117.84, 128.0, 120.25, 91.25, 138.66
2024-11-07, 20:21:20, 136.5, 58.27, 23.0, 22.16, 9999.0, 9.8, 10.02, 21.73, 9999.0, 23.84, 9999.0, 117.84, 128.0, 120.25, 91.25, 138.66
2024-11-07, 20:21:24, 136.5, 58.25, 23.0, 22.18, 9999.0, 9.75, 10.02, 21.73, 9999.0, 23.86, 9999.0, 117.86, 128.0, 120.25, 91.25, 138.68
2024-11-07, 20:21:28, 136.5, 58.25, 23.0, 22.18, 9999.0, 9.73, 10.02, 21.73, 9999.0, 23.89, 9999.0, 117.86, 128.0, 120.25, 91.25, 138.68
2024-11-07, 20:21:32, 136.5, 58.25, 23.0, 22.18, 9999.0, 9.7, 10.02, 21.73, 9999.0, 23.91, 9999.0, 117.86, 128.0, 120.25, 91.25, 138.68
2024-11-07, 20:21:36, 136.5, 58.27, 23.0, 22.18, 9999.0, 9.68, 10.02, 21.73, 9999.0, 23.93, 9999.0, 117.86, 128.0, 120.25, 91.25, 138.7
2024-11-07, 20:21:40, 136.52, 58.27, 23.0, 22.18, 9999.0, 9.66, 10.02, 21.73, 9999.0, 23.95, 9999.0, 117.84, 128.0, 120.25, 91.25, 138.73
2024-11-07, 20:21:44, 136.52, 58.3, 23.0, 22.18, 9999.0, 9.64, 10.02, 21.73, 9999.0, 23.95, 9999.0, 117.82, 128.0, 120.25, 91.25, 138.73
2024-11-07, 20:21:48, 136.52, 58.3, 23.0, 22.16, 9999.0, 9.64, 10.02, 21.75, 9999.0, 23.95, 9999.0, 117.8, 128.0, 120.25, 91.25, 138.73
2024-11-07, 20:21:52, 136.52, 58.3, 23.0, 22.16, 9999.0, 9.64, 10.0, 21.75, 9999.0, 23.93, 9999.0, 117.77, 128.0, 120.25, 91.25, 138.75
2024-11-07, 20:21:56, 136.52, 58.3, 23.0, 22.14, 9999.0, 9.64, 10.0, 21.75, 9999.0, 23.91, 9999.0, 117.75, 128.0, 120.25, 91.25, 138.73
2024-11-07, 20:22:00, 136.52, 58.3, 23.0, 22.11, 9999.0, 9.66, 10.0, 21.75, 9999.0, 23.89, 9999.0, 117.75, 128.0, 120.25, 91.25, 138.7
2024-11-07, 20:22:04, 136.52, 58.3, 23.0, 22.09, 9999.0, 9.68, 10.0, 21.75, 9999.0, 23.86, 9999.0, 117.77, 128.0, 120.25, 91.25, 138.7
2024-11-07, 20:22:08, 136.52, 58.3, 23.0, 22.09, 9999.0, 9.7, 10.0, 21.75, 9999.0, 23.84, 9999.0, 117.75, 128.0, 120.25, 91.25, 138.68
2024-11-07, 20:22:12, 136.52, 58.32, 23.0, 22.11, 9999.0, 9.7, 10.0, 21.75, 9999.0, 23.82, 9999.0, 117.75, 128.0, 120.25, 91.25, 138.68
2024-11-07, 20:22:16, 136.52, 58.32, 23.0, 22.11, 9999.0, 9.73, 10.0, 21.75, 9999.0, 23.8, 9999.0, 117.77, 128.0, 120.25, 91.25, 138.68
2024-11-07, 20:22:20, 136.55, 58.32, 23.0, 22.11, 9999.0, 9.75, 10.0, 21.75, 9999.0, 23.77, 9999.0, 117.8, 128.0, 120.25, 91.25, 138.66
2024-11-07, 20:22:24, 136.52, 58.32, 23.0, 22.11, 9999.0, 9.77, 10.0, 21.75, 9999.0, 23.73, 9999.0, 117.82, 128.0, 120.27, 91.25, 138.66
2024-11-07, 20:22:28, 136.52, 58.3, 23.0, 22.09, 9999.0, 9.8, 10.0, 21.75, 9999.0, 23.73, 9999.0, 117.84, 128.0, 120.27, 91.25, 138.64
2024-11-07, 20:22:32, 136.52, 58.3, 23.0, 22.11, 9999.0, 9.8, 10.0, 21.75, 9999.0, 23.73, 9999.0, 117.84, 128.0, 120.27, 91.25, 138.61
2024-11-07, 20:22:37, 136.55, 58.3, 23.0, 22.09, 9999.0, 9.8, 10.0, 21.75, 9999.0, 23.75, 9999.0, 117.86, 128.0, 120.27, 91.25, 138.59
2024-11-07, 20:22:41, 136.57, 58.3, 23.0, 22.09, 9999.0, 9.77, 10.0, 21.73, 9999.0, 23.77, 9999.0, 117.91, 128.0, 120.27, 91.25, 138.61
2024-11-07, 20:22:45, 136.57, 58.32, 23.0, 22.11, 9999.0, 9.75, 10.0, 21.73, 9999.0, 23.8, 9999.0, 117.91, 128.0, 120.27, 91.25, 138.61
2024-11-07, 20:22:49, 136.57, 58.32, 23.0, 22.11, 9999.0, 9.7, 10.0, 21.73, 9999.0, 23.82, 9999.0, 117.89, 128.0, 120.27, 91.25, 138.59
2024-11-07, 20:22:53, 136.57, 58.32, 23.0, 22.11, 9999.0, 9.7, 10.0, 21.73, 9999.0, 23.84, 9999.0, 117.89, 128.0, 120.27, 91.25, 138.59
2024-11-07, 20:22:57, 136.57, 58.3, 23.0, 22.09, 9999.0, 9.7, 10.0, 21.73, 9999.0, 23.86, 9999.0, 117.89, 128.0, 120.27, 91.25, 138.59
2024-11-07, 20:23:01, 136.57, 58.3, 23.0, 22.07, 9999.0, 9.68, 10.0, 21.7, 9999.0, 23.89, 9999.0, 117.86, 128.0, 120.27, 91.25, 138.57
2024-11-07, 20:23:05, 136.55, 58.27, 23.0, 22.07, 9999.0, 9.66, 10.0, 21.7, 9999.0, 23.91, 9999.0, 117.84, 128.0, 120.27, 91.25, 138.57
2024-11-07, 20:23:09, 136.55, 58.27, 23.0, 22.07, 9999.0, 9.66, 10.0, 21.7, 9999.0, 23.95, 9999.0, 117.82, 127.98, 120.25, 91.25, 138.55
2024-11-07, 20:23:18, 136.55, 58.27, 22.98, 22.07, 9999.0, 9.66, 10.0, 21.7, 9999.0, 23.95, 9999.0, 117.8, 127.98, 120.25, 91.25, 138.55
2024-11-07, 20:23:22, 136.55, 58.27, 22.98, 22.05, 9999.0, 9.66, 10.0, 21.7, 9999.0, 23.95, 9999.0, 117.8, 127.98, 120.25, 91.25, 138.57
2024-11-07, 20:23:26, 136.52, 58.27, 22.98, 22.07, 9999.0, 9.66, 10.0, 21.7, 9999.0, 23.93, 9999.0, 117.77, 127.98, 120.25, 91.25, 138.57
2024-11-07, 20:23:30, 136.5, 58.27, 22.98, 22.07, 9999.0, 9.7, 10.0, 21.73, 9999.0, 23.91, 9999.0, 117.75, 127.98, 120.25, 91.25, 138.55
2024-11-07, 20:23:34, 136.5, 58.25, 22.98, 22.05, 9999.0, 9.73, 10.0, 21.73, 9999.0, 23.89, 9999.0, 117.75, 127.98, 120.25, 91.25, 138.55
2024-11-07, 20:23:38, 136.5, 58.27, 22.98, 22.05, 9999.0, 9.75, 10.0, 21.73, 9999.0, 23.89, 9999.0, 117.75, 127.98, 120.25, 91.25, 138.55
2024-11-07, 20:23:42, 136.5, 58.27, 22.98, 22.02, 9999.0, 9.75, 10.0, 21.73, 9999.0, 23.89, 9999.0, 117.77, 127.98, 120.25, 91.25, 138.55
2024-11-07, 20:23:46, 136.5, 58.3, 22.98, 22.02, 9999.0, 9.75, 10.0, 21.73, 9999.0, 23.86, 9999.0, 117.8, 127.98, 120.25, 91.25, 138.55
2024-11-07, 20:23:50, 136.5, 58.3, 22.98, 22.02, 9999.0, 9.77, 10.0, 21.73, 9999.0, 23.86, 9999.0, 117.82, 127.98, 120.25, 91.25, 138.55
2024-11-07, 20:23:55, 136.5, 58.32, 22.98, 22.02, 9999.0, 9.8, 10.0, 21.73, 9999.0, 23.86, 9999.0, 117.82, 127.98, 120.25, 91.25, 138.55
2024-11-07, 20:23:59, 136.5, 58.32, 22.98, 22.02, 9999.0, 9.8, 10.0, 21.73, 9999.0, 23.86, 9999.0, 117.84, 128.0, 120.25, 91.25, 138.55
2024-11-07, 20:24:03, 136.5, 58.34, 23.0, 22.02, 9999.0, 9.8, 10.0, 21.73, 9999.0, 23.89, 9999.0, 117.84, 128.0, 120.25, 91.25, 138.55
2024-11-07, 20:24:07, 136.5, 58.34, 23.0, 22.02, 9999.0, 9.8, 10.0, 21.73, 9999.0, 23.91, 9999.0, 117.84, 128.0, 120.25, 91.25, 138.52
2024-11-07, 20:24:11, 136.52, 58.34, 23.0, 22.0, 9999.0, 9.8, 10.0, 21.73, 9999.0, 23.93, 9999.0, 117.84, 128.0, 120.25, 91.25, 138.55
2024-11-07, 20:24:15, 136.52, 58.36, 23.0, 22.0, 9999.0, 9.75, 10.0, 21.7, 9999.0, 23.95, 9999.0, 117.84, 128.0, 120.25, 91.25, 138.57
2024-11-07, 20:24:19, 136.52, 58.36, 23.0, 22.0, 9999.0, 9.7, 10.0, 21.7, 9999.0, 23.98, 9999.0, 117.84, 128.0, 120.25, 91.25, 138.59
2024-11-07, 20:24:23, 136.52, 58.34, 23.0, 22.0, 9999.0, 9.68, 10.0, 21.7, 9999.0, 23.98, 9999.0, 117.84, 128.0, 120.25, 91.25, 138.61
2024-11-07, 20:24:27, 136.52, 58.34, 23.0, 22.0, 9999.0, 9.66, 10.0, 21.7, 9999.0, 23.98, 9999.0, 117.82, 128.0, 120.25, 91.25, 138.61
2024-11-07, 20:24:31, 136.52, 58.32, 23.0, 22.02, 9999.0, 9.66, 10.0, 21.7, 9999.0, 24.0, 9999.0, 117.8, 128.0, 120.25, 91.25, 138.59
2024-11-07, 20:24:35, 136.52, 58.32, 23.0, 22.02, 9999.0, 9.66, 10.0, 21.73, 9999.0, 23.98, 9999.0, 117.77, 128.0, 120.25, 91.25, 138.59
2024-11-07, 20:24:39, 136.52, 58.3, 23.0, 22.02, 9999.0, 9.66, 10.0, 21.73, 9999.0, 23.98, 9999.0, 117.77, 128.0, 120.25, 91.25, 138.59
2024-11-07, 20:24:43, 136.52, 58.3, 23.0, 22.02, 9999.0, 9.68, 10.0, 21.73, 9999.0, 23.98, 9999.0, 117.73, 127.98, 120.25, 91.25, 138.61
2024-11-07, 20:24:47, 136.52, 58.27, 23.0, 22.05, 9999.0, 9.68, 10.0, 21.73, 9999.0, 23.98, 9999.0, 117.75, 127.98, 120.25, 91.25, 138.61
2024-11-07, 20:24:51, 136.52, 58.27, 23.0, 22.07, 9999.0, 9.7, 10.0, 21.73, 9999.0, 23.98, 9999.0, 117.75, 127.95, 120.25, 91.25, 138.61
2024-11-07, 20:24:55, 136.5, 58.27, 22.98, 22.07, 9999.0, 9.7, 10.0, 21.73, 9999.0, 23.98, 9999.0, 117.75, 127.93, 120.25, 91.25, 138.59
2024-11-07, 20:24:59, 136.5, 58.25, 22.95, 22.07, 9999.0, 9.73, 10.0, 21.75, 9999.0, 23.95, 9999.0, 117.77, 127.93, 120.25, 91.25, 138.57
2024-11-07, 20:25:03, 136.5, 58.25, 22.95, 22.07, 9999.0, 9.75, 10.0, 21.73, 9999.0, 23.95, 9999.0, 117.8, 127.93, 120.25, 91.25, 138.55
2024-11-07, 20:25:07, 136.5, 58.27, 22.95, 22.09, 9999.0, 9.77, 10.0, 21.73, 9999.0, 23.95, 9999.0, 117.82, 127.93, 120.25, 91.25, 138.52
2024-11-07, 20:25:11, 136.5, 58.27, 22.93, 22.09, 9999.0, 9.8, 10.0, 21.73, 9999.0, 23.98, 9999.0, 117.84, 127.93, 120.25, 91.25, 138.55
2024-11-07, 20:25:15, 136.5, 58.27, 22.93, 22.09, 9999.0, 9.8, 10.0, 21.73, 9999.0, 23.98, 9999.0, 117.86, 127.93, 120.25, 91.23, 138.55
2024-11-07, 20:25:19, 136.5, 58.27, 22.93, 22.11, 9999.0, 9.8, 10.0, 21.73, 9999.0, 24.02, 9999.0, 117.86, 127.93, 120.25, 91.2, 138.55
2024-11-07, 20:25:23, 136.5, 58.3, 22.93, 22.14, 9999.0, 9.8, 10.0, 21.73, 9999.0, 24.05, 9999.0, 117.86, 127.93, 120.25, 91.2, 138.55
2024-11-07, 20:25:27, 136.5, 58.3, 22.93, 22.16, 9999.0, 9.75, 10.0, 21.73, 9999.0, 24.05, 9999.0, 117.89, 127.95, 120.25, 91.2, 138.55
2024-11-07, 20:25:31, 136.52, 58.3, 22.93, 22.14, 9999.0, 9.75, 10.0, 21.73, 9999.0, 24.05, 9999.0, 117.86, 127.95, 120.25, 91.2, 138.55
2024-11-07, 20:25:35, 136.52, 58.3, 22.93, 22.11, 9999.0, 9.7, 10.0, 21.73, 9999.0, 24.05, 9999.0, 117.86, 127.98, 120.25, 91.2, 138.55
2024-11-07, 20:25:39, 136.52, 58.3, 22.95, 22.11, 9999.0, 9.68, 10.0, 21.73, 9999.0, 24.05, 9999.0, 117.86, 128.0, 120.25, 91.2, 138.57
2024-11-07, 20:25:43, 136.52, 58.3, 22.98, 22.11, 9999.0, 9.66, 10.0, 21.73, 9999.0, 24.07, 9999.0, 117.84, 128.0, 120.25, 91.2, 138.57
2024-11-07, 20:25:47, 136.52, 58.3, 22.98, 22.14, 9999.0, 9.66, 10.0, 21.75, 9999.0, 24.07, 9999.0, 117.82, 128.0, 120.25, 91.2, 138.57
2024-11-07, 20:25:51, 136.52, 58.27, 22.98, 22.14, 9999.0, 9.66, 10.0, 21.75, 9999.0, 24.07, 9999.0, 117.8, 128.0, 120.25, 91.2, 138.57
2024-11-07, 20:25:55, 136.52, 58.27, 23.0, 22.16, 9999.0, 9.66, 10.0, 21.75, 9999.0, 24.05, 9999.0, 117.77, 128.0, 120.25, 91.2, 138.55
2024-11-07, 20:25:59, 136.52, 58.27, 23.0, 22.14, 9999.0, 9.66, 10.0, 21.75, 9999.0, 24.05, 9999.0, 117.75, 128.0, 120.25, 91.23, 138.55
2024-11-07, 20:26:04, 136.52, 58.3, 23.0, 22.11, 9999.0, 9.68, 10.0, 21.75, 9999.0, 24.02, 9999.0, 117.73, 127.98, 120.25, 91.23, 138.55
2024-11-07, 20:26:08, 136.52, 58.27, 23.0, 22.11, 9999.0, 9.7, 10.0, 21.75, 9999.0, 23.98, 9999.0, 117.73, 127.98, 120.25, 91.23, 138.55
2024-11-07, 20:26:12, 136.52, 58.27, 22.98, 22.11, 9999.0, 9.73, 10.0, 21.75, 9999.0, 23.95, 9999.0, 117.73, 127.95, 120.25, 91.23, 138.52
2024-11-07, 20:26:16, 136.5, 58.27, 22.98, 22.11, 9999.0, 9.73, 10.0, 21.75, 9999.0, 23.93, 9999.0, 117.75, 127.95, 120.25, 91.23, 138.52
2024-11-07, 20:26:20, 136.5, 58.27, 22.95, 22.14, 9999.0, 9.75, 10.0, 21.75, 9999.0, 23.91, 9999.0, 117.77, 127.95, 120.25, 91.23, 138.52
2024-11-07, 20:26:24, 136.5, 58.27, 22.93, 22.14, 9999.0, 9.77, 10.0, 21.75, 9999.0, 23.89, 9999.0, 117.8, 127.93, 120.25, 91.23, 138.5
2024-11-07, 20:26:28, 136.5, 58.27, 22.93, 22.14, 9999.0, 9.8, 10.0, 21.75, 9999.0, 23.89, 9999.0, 117.82, 127.93, 120.25, 91.23, 138.5
2024-11-07, 20:26:32, 136.5, 58.27, 22.93, 22.11, 9999.0, 9.8, 10.0, 21.75, 9999.0, 23.89, 9999.0, 117.84, 127.91, 120.25, 91.23, 138.5
2024-11-07, 20:26:36, 136.52, 58.27, 22.93, 22.11, 9999.0, 9.8, 10.0, 21.75, 9999.0, 23.89, 9999.0, 117.86, 127.91, 120.25, 91.23, 138.5
2024-11-07, 20:26:40, 136.55, 58.27, 22.91, 22.11, 9999.0, 9.8, 10.0, 21.75, 9999.0, 23.91, 9999.0, 117.89, 127.91, 120.25, 91.23, 138.5
2024-11-07, 20:26:44, 136.55, 58.27, 22.89, 22.14, 9999.0, 9.8, 10.0, 21.75, 9999.0, 23.93, 9999.0, 117.89, 127.91, 120.25, 91.23, 138.5
2024-11-07, 20:26:48, 136.55, 58.25, 22.86, 22.14, 9999.0, 9.77, 10.0, 21.75, 9999.0, 23.95, 9999.0, 117.91, 127.91, 120.25, 91.25, 138.5
2024-11-07, 20:26:52, 136.55, 58.25, 22.86, 22.11, 9999.0, 9.73, 10.0, 21.75, 9999.0, 23.98, 9999.0, 117.91, 127.91, 120.25, 91.25, 138.5
2024-11-07, 20:26:56, 136.55, 58.25, 22.89, 22.09, 9999.0, 9.7, 10.0, 21.73, 9999.0, 24.0, 9999.0, 117.91, 127.91, 120.25, 91.25, 138.52
2024-11-07, 20:27:00, 136.55, 58.25, 22.89, 22.09, 9999.0, 9.68, 10.0, 21.73, 9999.0, 24.02, 9999.0, 117.89, 127.91, 120.25, 91.25, 138.52
2024-11-07, 20:27:04, 136.55, 58.25, 22.91, 22.07, 9999.0, 9.66, 10.0, 21.73, 9999.0, 24.05, 9999.0, 117.86, 127.91, 120.25, 91.25, 138.52
2024-11-07, 20:27:08, 136.57, 58.25, 22.93, 22.09, 9999.0, 9.66, 10.0, 21.73, 9999.0, 24.07, 9999.0, 117.84, 127.93, 120.25, 91.25, 138.52
2024-11-07, 20:27:12, 136.57, 58.25, 22.93, 22.09, 9999.0, 9.66, 10.0, 21.73, 9999.0, 24.07, 9999.0, 117.82, 127.91, 120.25, 91.25, 138.52
2024-11-07, 20:27:16, 136.57, 58.25, 22.93, 22.09, 9999.0, 9.66, 10.0, 21.7, 9999.0, 24.07, 9999.0, 117.8, 127.91, 120.25, 91.23, 138.52
2024-11-07, 20:27:20, 136.55, 58.25, 22.91, 22.07, 9999.0, 9.68, 10.02, 21.7, 9999.0, 24.07, 9999.0, 117.75, 127.91, 120.25, 91.23, 138.52
2024-11-07, 20:27:24, 136.52, 58.25, 22.93, 22.05, 9999.0, 9.7, 10.02, 21.7, 9999.0, 24.05, 9999.0, 117.73, 127.89, 120.25, 91.23, 138.52
2024-11-07, 20:27:28, 136.52, 58.25, 22.93, 22.02, 9999.0, 9.7, 10.02, 21.7, 9999.0, 24.0, 9999.0, 117.73, 127.86, 120.25, 91.2, 138.52
2024-11-07, 20:27:33, 136.52, 58.25, 22.95, 22.02, 9999.0, 9.7, 10.02, 21.7, 9999.0, 23.95, 9999.0, 117.73, 127.89, 120.25, 91.2, 138.52
2024-11-07, 20:27:37, 136.52, 58.25, 22.95, 22.02, 9999.0, 9.73, 10.02, 21.7, 9999.0, 23.93, 9999.0, 117.75, 127.86, 120.25, 91.2, 138.52
2024-11-07, 20:27:41, 136.52, 58.25, 22.95, 22.02, 9999.0, 9.75, 10.02, 21.73, 9999.0, 23.91, 9999.0, 117.77, 127.89, 120.25, 91.2, 138.5
2024-11-07, 20:27:45, 136.52, 58.25, 22.95, 22.02, 9999.0, 9.77, 10.02, 21.7, 9999.0, 23.89, 9999.0, 117.77, 127.89, 120.25, 91.2, 138.5
2024-11-07, 20:27:49, 136.52, 58.25, 22.95, 22.02, 9999.0, 9.8, 10.02, 21.68, 9999.0, 23.89, 9999.0, 117.8, 127.89, 120.25, 91.2, 138.5
2024-11-07, 20:27:53, 136.5, 58.25, 22.95, 22.0, 9999.0, 9.8, 10.02, 21.68, 9999.0, 23.89, 9999.0, 117.8, 127.86, 120.25, 91.2, 138.5
2024-11-07, 20:27:57, 136.5, 58.25, 22.95, 22.0, 9999.0, 9.77, 10.02, 21.66, 9999.0, 23.91, 9999.0, 117.8, 127.89, 120.25, 91.2, 138.5
2024-11-07, 20:28:01, 136.5, 58.25, 22.95, 22.0, 9999.0, 9.77, 10.02, 21.68, 9999.0, 23.93, 9999.0, 117.8, 127.91, 120.25, 91.23, 138.5
2024-11-07, 20:28:05, 136.5, 58.25, 22.98, 22.0, 9999.0, 9.75, 10.0, 21.68, 9999.0, 23.95, 9999.0, 117.82, 127.91, 120.25, 91.23, 138.5
2024-11-07, 20:28:09, 136.5, 58.25, 22.98, 22.0, 9999.0, 9.73, 10.0, 21.68, 9999.0, 23.95, 9999.0, 117.82, 127.93, 120.25, 91.23, 138.5
2024-11-07, 20:28:13, 136.5, 58.25, 23.0, 22.0, 9999.0, 9.7, 10.0, 21.68, 9999.0, 23.98, 9999.0, 117.82, 127.95, 120.25, 91.25, 138.5
2024-11-07, 20:28:17, 136.52, 58.27, 23.0, 22.0, 9999.0, 9.68, 10.0, 21.68, 9999.0, 24.0, 9999.0, 117.82, 127.93, 120.25, 91.25, 138.5
2024-11-07, 20:28:21, 136.52, 58.27, 23.0, 22.0, 9999.0, 9.66, 10.0, 21.68, 9999.0, 24.02, 9999.0, 117.77, 127.95, 120.25, 91.25, 138.5
2024-11-07, 20:28:25, 136.52, 58.27, 23.0, 22.0, 9999.0, 9.64, 10.0, 21.68, 9999.0, 24.05, 9999.0, 117.75, 127.95, 120.25, 91.25, 138.5
2024-11-07, 20:28:29, 136.52, 58.27, 23.0, 22.0, 9999.0, 9.64, 10.0, 21.7, 9999.0, 24.07, 9999.0, 117.75, 127.95, 120.25, 91.25, 138.5
2024-11-07, 20:28:33, 136.52, 58.27, 23.0, 22.02, 9999.0, 9.64, 10.0, 21.73, 9999.0, 24.07, 9999.0, 117.73, 127.95, 120.25, 91.25, 138.5
2024-11-07, 20:28:37, 136.52, 58.27, 23.0, 22.02, 9999.0, 9.66, 10.0, 21.73, 9999.0, 24.07, 9999.0, 117.73, 127.98, 120.25, 91.23, 138.5
2024-11-07, 20:28:41, 136.52, 58.27, 23.0, 22.02, 9999.0, 9.7, 10.0, 21.75, 9999.0, 24.05, 9999.0, 117.7, 127.98, 120.25, 91.2, 138.5
2024-11-07, 20:28:45, 136.52, 58.27, 22.98, 22.05, 9999.0, 9.73, 10.0, 21.75, 9999.0, 24.02, 9999.0, 117.7, 127.98, 120.25, 91.2, 138.5
2024-11-07, 20:28:49, 136.52, 58.27, 22.98, 22.05, 9999.0, 9.73, 10.0, 21.75, 9999.0, 24.0, 9999.0, 117.7, 127.95, 120.25, 91.18, 138.5
2024-11-07, 20:28:53, 136.52, 58.27, 22.98, 22.05, 9999.0, 9.73, 10.0, 21.75, 9999.0, 24.0, 9999.0, 117.73, 127.95, 120.25, 91.18, 138.5
2024-11-07, 20:28:57, 136.52, 58.27, 22.98, 22.05, 9999.0, 9.75, 10.02, 21.75, 9999.0, 24.0, 9999.0, 117.75, 127.95, 120.25, 91.18, 138.5
2024-11-07, 20:29:01, 136.5, 58.27, 22.98, 22.05, 9999.0, 9.77, 10.02, 21.75, 9999.0, 24.0, 9999.0, 117.77, 127.98, 120.25, 91.18, 138.5
2024-11-07, 20:29:05, 136.5, 58.27, 22.98, 22.05, 9999.0, 9.8, 10.02, 21.75, 9999.0, 24.02, 9999.0, 117.82, 127.98, 120.25, 91.18, 138.5
2024-11-07, 20:29:09, 136.5, 58.27, 22.98, 22.05, 9999.0, 9.82, 10.02, 21.75, 9999.0, 24.02, 9999.0, 117.82, 127.98, 120.25, 91.16, 138.5
2024-11-07, 20:29:13, 136.5, 58.27, 22.98, 22.05, 9999.0, 9.82, 10.02, 21.75, 9999.0, 24.05, 9999.0, 117.82, 127.98, 120.25, 91.16, 138.5
2024-11-07, 20:29:17, 136.5, 58.27, 22.95, 22.02, 9999.0, 9.82, 10.02, 21.75, 9999.0, 24.07, 9999.0, 117.82, 127.98, 120.25, 91.16, 138.5
2024-11-07, 20:29:21, 136.5, 58.27, 22.95, 22.02, 9999.0, 9.8, 10.02, 21.75, 9999.0, 24.09, 9999.0, 117.82, 127.95, 120.25, 91.16, 138.5
2024-11-07, 20:29:25, 136.5, 58.27, 22.95, 22.02, 9999.0, 9.77, 10.02, 21.75, 9999.0, 24.11, 9999.0, 117.84, 127.93, 120.25, 91.18, 138.5
2024-11-07, 20:29:29, 136.5, 58.27, 22.95, 22.0, 9999.0, 9.73, 10.02, 21.75, 9999.0, 24.14, 9999.0, 117.84, 127.93, 120.25, 91.18, 138.5
2024-11-07, 20:29:33, 136.52, 58.27, 22.95, 22.0, 9999.0, 9.7, 10.02, 21.75, 9999.0, 24.16, 9999.0, 117.84, 127.95, 120.25, 91.2, 138.5
2024-11-07, 20:29:37, 136.52, 58.27, 22.93, 22.0, 9999.0, 9.68, 10.02, 21.75, 9999.0, 24.18, 9999.0, 117.8, 127.95, 120.25, 91.2, 138.5
2024-11-07, 20:29:41, 136.52, 58.27, 22.91, 22.0, 9999.0, 9.66, 10.0, 21.75, 9999.0, 24.2, 9999.0, 117.77, 127.93, 120.25, 91.2, 138.5
2024-11-07, 20:29:45, 136.52, 58.25, 22.91, 22.0, 9999.0, 9.66, 10.0, 21.75, 9999.0, 24.2, 9999.0, 117.75, 127.93, 120.25, 91.2, 138.5
2024-11-07, 20:29:49, 136.52, 58.25, 22.91, 22.0, 9999.0, 9.66, 10.0, 21.73, 9999.0, 24.18, 9999.0, 117.7, 127.93, 120.25, 91.2, 138.5
2024-11-07, 20:29:53, 136.52, 58.25, 22.91, 22.0, 9999.0, 9.66, 10.0, 21.73, 9999.0, 24.18, 9999.0, 117.68, 127.93, 120.25, 91.23, 138.5
2024-11-07, 20:29:57, 136.52, 58.25, 22.91, 22.0, 9999.0, 9.68, 10.0, 21.73, 9999.0, 24.16, 9999.0, 117.66, 127.91, 120.25, 91.23, 138.5
2024-11-07, 20:30:01, 136.52, 58.25, 22.93, 22.0, 9999.0, 9.68, 10.0, 21.73, 9999.0, 24.14, 9999.0, 117.66, 127.91, 120.25, 91.23, 138.5
2024-11-07, 20:30:05, 136.52, 58.25, 22.93, 22.0, 9999.0, 9.68, 10.0, 21.73, 9999.0, 24.11, 9999.0, 117.66, 127.93, 120.25, 91.23, 138.5
2024-11-07, 20:30:09, 136.52, 58.25, 22.91, 22.02, 9999.0, 9.68, 10.0, 21.73, 9999.0, 24.09, 9999.0, 117.66, 127.95, 120.25, 91.23, 138.5
2024-11-07, 20:30:13, 136.52, 58.27, 22.91, 22.05, 9999.0, 9.7, 10.0, 21.73, 9999.0, 24.07, 9999.0, 117.68, 127.95, 120.25, 91.23, 138.5
2024-11-07, 20:30:24, 136.5, 58.27, 22.89, 22.05, 9999.0, 9.73, 10.0, 21.73, 9999.0, 24.05, 9999.0, 117.7, 127.95, 120.25, 91.2, 138.5
2024-11-07, 20:30:28, 136.5, 58.27, 22.91, 22.05, 9999.0, 9.75, 10.0, 21.73, 9999.0, 24.05, 9999.0, 117.75, 127.95, 120.25, 91.18, 138.5
2024-11-07, 20:30:32, 136.5, 58.27, 22.93, 22.05, 9999.0, 9.77, 10.0, 21.73, 9999.0, 24.05, 9999.0, 117.75, 127.98, 120.25, 91.16, 138.5
2024-11-07, 20:30:36, 136.5, 58.27, 22.93, 22.05, 9999.0, 9.75, 10.0, 21.73, 9999.0, 24.05, 9999.0, 117.75, 127.98, 120.25, 91.16, 138.5
2024-11-07, 20:30:40, 136.5, 58.27, 22.93, 22.05, 9999.0, 9.75, 10.0, 21.75, 9999.0, 24.07, 9999.0, 117.77, 127.95, 120.25, 91.16, 138.5
2024-11-07, 20:30:44, 136.5, 58.3, 22.93, 22.05, 9999.0, 9.75, 10.0, 21.75, 9999.0, 24.09, 9999.0, 117.8, 127.95, 120.25, 91.16, 138.5
2024-11-07, 20:30:48, 136.5, 58.3, 22.93, 22.05, 9999.0, 9.7, 10.0, 21.75, 9999.0, 24.11, 9999.0, 117.82, 127.98, 120.25, 91.16, 138.5
2024-11-07, 20:30:52, 136.5, 58.3, 22.91, 22.05, 9999.0, 9.7, 10.0, 21.75, 9999.0, 24.14, 9999.0, 117.82, 127.95, 120.25, 91.16, 138.5
2024-11-07, 20:30:56, 136.5, 58.3, 22.91, 22.05, 9999.0, 9.68, 10.0, 21.75, 9999.0, 24.14, 9999.0, 117.8, 127.95, 120.25, 91.18, 138.5
2024-11-07, 20:31:00, 136.5, 58.3, 22.93, 22.02, 9999.0, 9.66, 10.0, 21.75, 9999.0, 24.14, 9999.0, 117.8, 127.95, 120.25, 91.18, 138.5
2024-11-07, 20:31:04, 136.5, 58.3, 22.95, 22.0, 9999.0, 9.64, 10.0, 21.75, 9999.0, 24.14, 9999.0, 117.77, 127.95, 120.25, 91.18, 138.5
2024-11-07, 20:31:08, 136.52, 58.3, 22.98, 22.0, 9999.0, 9.61, 10.0, 21.73, 9999.0, 24.14, 9999.0, 117.75, 127.95, 120.25, 91.2, 138.5
2024-11-07, 20:31:12, 136.52, 58.32, 22.95, 22.02, 9999.0, 9.61, 10.0, 21.73, 9999.0, 24.11, 9999.0, 117.73, 127.95, 120.25, 91.23, 138.5
2024-11-07, 20:31:16, 136.52, 58.32, 22.93, 22.02, 9999.0, 9.59, 10.0, 21.73, 9999.0, 24.09, 9999.0, 117.7, 127.93, 120.25, 91.25, 138.5
2024-11-07, 20:31:20, 136.55, 58.32, 22.93, 22.02, 9999.0, 9.61, 10.0, 21.73, 9999.0, 24.09, 9999.0, 117.7, 127.93, 120.25, 91.23, 138.5
2024-11-07, 20:31:24, 136.55, 58.32, 22.93, 22.02, 9999.0, 9.61, 10.0, 21.7, 9999.0, 24.07, 9999.0, 117.68, 127.95, 120.25, 91.23, 138.5
2024-11-07, 20:31:28, 136.55, 58.3, 22.91, 22.02, 9999.0, 9.64, 10.0, 21.7, 9999.0, 24.05, 9999.0, 117.68, 127.95, 120.25, 91.23, 138.5
2024-11-07, 20:31:32, 136.55, 58.32, 22.89, 22.02, 9999.0, 9.66, 10.0, 21.7, 9999.0, 24.02, 9999.0, 117.68, 127.93, 120.25, 91.23, 138.5
2024-11-07, 20:31:36, 136.55, 58.32, 22.91, 22.02, 9999.0, 9.66, 10.0, 21.7, 9999.0, 24.0, 9999.0, 117.7, 127.93, 120.25, 91.2, 138.5
2024-11-07, 20:31:40, 136.55, 58.32, 22.89, 22.02, 9999.0, 9.68, 10.0, 21.7, 9999.0, 24.0, 9999.0, 117.75, 127.93, 120.25, 91.2, 138.5
2024-11-07, 20:31:44, 136.55, 58.32, 22.86, 22.02, 9999.0, 9.7, 10.0, 21.7, 9999.0, 24.0, 9999.0, 117.77, 127.93, 120.25, 91.2, 138.5
2024-11-07, 20:31:48, 136.55, 58.3, 22.86, 22.02, 9999.0, 9.73, 10.0, 21.7, 9999.0, 24.0, 9999.0, 117.77, 127.91, 120.25, 91.2, 138.5
2024-11-07, 20:31:52, 136.52, 58.3, 22.84, 22.02, 9999.0, 9.75, 10.0, 21.73, 9999.0, 24.0, 9999.0, 117.77, 127.91, 120.25, 91.2, 138.5
2024-11-07, 20:31:56, 136.52, 58.27, 22.86, 22.0, 9999.0, 9.75, 10.0, 21.73, 9999.0, 24.02, 9999.0, 117.77, 127.91, 120.25, 91.2, 138.5
2024-11-07, 20:32:00, 136.52, 58.27, 22.86, 22.0, 9999.0, 9.77, 10.0, 21.73, 9999.0, 24.05, 9999.0, 117.8, 127.93, 120.25, 91.2, 138.5
2024-11-07, 20:32:04, 136.5, 58.3, 22.86, 22.0, 9999.0, 9.77, 10.0, 21.73, 9999.0, 24.07, 9999.0, 117.8, 127.93, 120.25, 91.23, 138.5
2024-11-07, 20:32:08, 136.5, 58.3, 22.86, 22.0, 9999.0, 9.75, 10.0, 21.75, 9999.0, 24.09, 9999.0, 117.82, 127.93, 120.25, 91.23, 138.5
2024-11-07, 20:32:12, 136.5, 58.32, 22.86, 22.0, 9999.0, 9.7, 10.0, 21.75, 9999.0, 24.11, 9999.0, 117.82, 127.93, 120.25, 91.23, 138.5
2024-11-07, 20:32:16, 136.5, 58.3, 22.89, 22.0, 9999.0, 9.68, 10.0, 21.75, 9999.0, 24.14, 9999.0, 117.82, 127.95, 120.25, 91.23, 138.5
2024-11-07, 20:32:20, 136.5, 58.3, 22.86, 22.0, 9999.0, 9.66, 10.0, 21.75, 9999.0, 24.16, 9999.0, 117.77, 127.98, 120.25, 91.25, 138.5
2024-11-07, 20:32:24, 136.5, 58.3, 22.86, 22.0, 9999.0, 9.64, 10.0, 21.75, 9999.0, 24.16, 9999.0, 117.73, 127.95, 120.25, 91.23, 138.5
2024-11-07, 20:32:28, 136.5, 58.3, 22.89, 22.0, 9999.0, 9.64, 10.0, 21.75, 9999.0, 24.18, 9999.0, 117.68, 127.95, 120.25, 91.23, 138.5
2024-11-07, 20:32:32, 136.5, 58.3, 22.89, 22.0, 9999.0, 9.64, 10.0, 21.75, 9999.0, 24.2, 9999.0, 117.66, 127.95, 120.25, 91.23, 138.5
2024-11-07, 20:32:36, 136.5, 58.32, 22.91, 22.0, 9999.0, 9.64, 10.0, 21.75, 9999.0, 24.2, 9999.0, 117.64, 127.95, 120.25, 91.2, 138.5
2024-11-07, 20:32:40, 136.5, 58.32, 22.91, 22.0, 9999.0, 9.64, 10.0, 21.75, 9999.0, 24.18, 9999.0, 117.61, 127.93, 120.25, 91.18, 138.5
2024-11-07, 20:32:44, 136.5, 58.32, 22.93, 22.0, 9999.0, 9.64, 10.0, 21.75, 9999.0, 24.16, 9999.0, 117.61, 127.91, 120.25, 91.18, 138.5
2024-11-07, 20:32:48, 136.5, 58.3, 22.93, 22.0, 9999.0, 9.64, 10.0, 21.75, 9999.0, 24.16, 9999.0, 117.61, 127.89, 120.25, 91.18, 138.5
2024-11-07, 20:32:52, 136.5, 58.3, 22.93, 22.0, 9999.0, 9.66, 10.0, 21.75, 9999.0, 24.14, 9999.0, 117.61, 127.89, 120.25, 91.16, 138.5
2024-11-07, 20:32:56, 136.5, 58.27, 22.93, 22.02, 9999.0, 9.68, 10.0, 21.75, 9999.0, 24.11, 9999.0, 117.64, 127.89, 120.25, 91.16, 138.5
2024-11-07, 20:33:00, 136.5, 58.27, 22.91, 22.02, 9999.0, 9.7, 10.0, 21.75, 9999.0, 24.09, 9999.0, 117.64, 127.89, 120.25, 91.16, 138.5
2024-11-07, 20:33:04, 136.5, 58.27, 22.93, 22.02, 9999.0, 9.73, 10.0, 21.75, 9999.0, 24.09, 9999.0, 117.66, 127.89, 120.25, 91.16, 138.5
2024-11-07, 20:33:08, 136.5, 58.27, 22.95, 22.02, 9999.0, 9.73, 10.0, 21.75, 9999.0, 24.11, 9999.0, 117.68, 127.91, 120.25, 91.18, 138.5
2024-11-07, 20:33:12, 136.5, 58.27, 22.93, 22.02, 9999.0, 9.73, 10.0, 21.75, 9999.0, 24.11, 9999.0, 117.7, 127.91, 120.25, 91.18, 138.5
2024-11-07, 20:33:16, 136.5, 58.27, 22.91, 22.02, 9999.0, 9.73, 10.0, 21.75, 9999.0, 24.11, 9999.0, 117.73, 127.93, 120.25, 91.18, 138.5
2024-11-07, 20:33:20, 136.5, 58.25, 22.91, 22.02, 9999.0, 9.7, 10.0, 21.75, 9999.0, 24.14, 9999.0, 117.75, 127.93, 120.25, 91.2, 138.5
2024-11-07, 20:33:25, 136.5, 58.25, 22.89, 22.05, 9999.0, 9.68, 10.0, 21.75, 9999.0, 24.16, 9999.0, 117.77, 127.93, 120.25, 91.2, 138.5
2024-11-07, 20:33:29, 136.5, 58.25, 22.89, 22.05, 9999.0, 9.66, 10.0, 21.75, 9999.0, 24.18, 9999.0, 117.77, 127.95, 120.25, 91.18, 138.5
2024-11-07, 20:33:33, 136.5, 58.27, 22.89, 22.05, 9999.0, 9.64, 10.0, 21.75, 9999.0, 24.18, 9999.0, 117.77, 127.95, 120.25, 91.18, 138.5
2024-11-07, 20:33:37, 136.5, 58.27, 22.89, 22.05, 9999.0, 9.61, 10.0, 21.73, 9999.0, 24.2, 9999.0, 117.77, 127.95, 120.25, 91.2, 138.5
2024-11-07, 20:33:41, 136.5, 58.27, 22.91, 22.02, 9999.0, 9.59, 10.0, 21.7, 9999.0, 24.2, 9999.0, 117.73, 127.95, 120.25, 91.2, 138.5
2024-11-07, 20:33:45, 136.5, 58.27, 22.93, 22.02, 9999.0, 9.57, 10.0, 21.68, 9999.0, 24.2, 9999.0, 117.73, 127.95, 120.25, 91.18, 138.48
2024-11-07, 20:33:49, 136.5, 58.27, 22.93, 22.02, 9999.0, 9.57, 10.0, 21.66, 9999.0, 24.18, 9999.0, 117.7, 127.93, 120.25, 91.16, 138.48
2024-11-07, 20:33:53, 136.5, 58.3, 22.93, 22.02, 9999.0, 9.59, 10.0, 21.64, 9999.0, 24.16, 9999.0, 117.68, 127.91, 120.25, 91.14, 138.48
2024-11-07, 20:33:57, 136.5, 58.3, 22.95, 22.02, 9999.0, 9.59, 10.0, 21.64, 9999.0, 24.14, 9999.0, 117.66, 127.89, 120.25, 91.14, 138.48
2024-11-07, 20:34:01, 136.5, 58.3, 22.98, 22.02, 9999.0, 9.59, 10.0, 21.64, 9999.0, 24.11, 9999.0, 117.64, 127.86, 120.25, 91.14, 138.48
2024-11-07, 20:34:05, 136.5, 58.3, 22.98, 22.02, 9999.0, 9.61, 10.0, 21.64, 9999.0, 24.09, 9999.0, 117.64, 127.84, 120.25, 91.14, 138.48
2024-11-07, 20:34:09, 136.5, 58.3, 23.0, 22.0, 9999.0, 9.64, 10.0, 21.64, 9999.0, 24.07, 9999.0, 117.64, 127.84, 120.25, 91.16, 138.48
2024-11-07, 20:34:13, 136.5, 58.3, 23.0, 22.0, 9999.0, 9.66, 10.0, 21.64, 9999.0, 24.02, 9999.0, 117.66, 127.82, 120.25, 91.18, 138.48
2024-11-07, 20:34:17, 136.5, 58.3, 23.0, 22.0, 9999.0, 9.68, 10.0, 21.64, 9999.0, 23.98, 9999.0, 117.68, 127.82, 120.25, 91.18, 138.48
2024-11-07, 20:34:21, 136.5, 58.3, 23.0, 22.0, 9999.0, 9.7, 10.0, 21.64, 9999.0, 23.93, 9999.0, 117.7, 127.8, 120.25, 91.18, 138.48
2024-11-07, 20:34:25, 136.5, 58.3, 22.98, 22.0, 9999.0, 9.73, 10.0, 21.66, 9999.0, 23.93, 9999.0, 117.73, 127.8, 120.25, 91.18, 138.48
2024-11-07, 20:34:29, 136.5, 58.3, 22.98, 22.0, 9999.0, 9.75, 10.0, 21.68, 9999.0, 23.93, 9999.0, 117.73, 127.77, 120.25, 91.2, 138.5
2024-11-07, 20:34:33, 136.5, 58.32, 22.95, 22.0, 9999.0, 9.73, 10.0, 21.7, 9999.0, 23.93, 9999.0, 117.75, 127.8, 120.25, 91.23, 138.5
2024-11-07, 20:34:37, 136.5, 58.3, 22.95, 22.0, 9999.0, 9.73, 10.0, 21.73, 9999.0, 23.93, 9999.0, 117.77, 127.82, 120.25, 91.25, 138.5
2024-11-07, 20:34:41, 136.5, 58.3, 22.95, 22.0, 9999.0, 9.7, 10.0, 21.73, 9999.0, 23.93, 9999.0, 117.8, 127.84, 120.25, 91.25, 138.5
2024-11-07, 20:34:45, 136.5, 58.3, 22.95, 22.0, 9999.0, 9.68, 10.0, 21.73, 9999.0, 23.93, 9999.0, 117.82, 127.84, 120.25, 91.23, 138.5
2024-11-07, 20:34:49, 136.5, 58.32, 22.95, 22.0, 9999.0, 9.66, 10.0, 21.73, 9999.0, 23.93, 9999.0, 117.82, 127.86, 120.25, 91.23, 138.5
2024-11-07, 20:34:53, 136.5, 58.32, 22.93, 22.0, 9999.0, 9.64, 10.0, 21.7, 9999.0, 23.93, 9999.0, 117.82, 127.86, 120.25, 91.23, 138.5
2024-11-07, 20:34:57, 136.5, 58.32, 22.93, 22.0, 9999.0, 9.61, 10.0, 21.7, 9999.0, 23.95, 9999.0, 117.8, 127.89, 120.25, 91.23, 138.5
2024-11-07, 20:35:01, 136.5, 58.3, 22.93, 22.0, 9999.0, 9.59, 10.0, 21.7, 9999.0, 23.98, 9999.0, 117.75, 127.89, 120.25, 91.23, 138.5
2024-11-07, 20:35:05, 136.5, 58.3, 22.93, 22.0, 9999.0, 9.59, 10.0, 21.73, 9999.0, 24.0, 9999.0, 117.7, 127.89, 120.25, 91.23, 138.5
2024-11-07, 20:35:09, 136.5, 58.3, 22.95, 22.0, 9999.0, 9.59, 10.0, 21.73, 9999.0, 24.0, 9999.0, 117.68, 127.86, 120.25, 91.23, 138.5
2024-11-07, 20:35:13, 136.5, 58.3, 22.95, 22.0, 9999.0, 9.59, 10.0, 21.73, 9999.0, 24.0, 9999.0, 117.66, 127.86, 120.25, 91.23, 138.5
2024-11-07, 20:35:17, 136.5, 58.27, 22.98, 22.0, 9999.0, 9.64, 10.0, 21.73, 9999.0, 24.0, 9999.0, 117.64, 127.84, 120.25, 91.23, 138.5
2024-11-07, 20:35:21, 136.5, 58.3, 22.95, 22.0, 9999.0, 9.64, 10.0, 21.73, 9999.0, 24.0, 9999.0, 117.64, 127.82, 120.25, 91.23, 138.5
2024-11-07, 20:35:25, 136.5, 58.3, 22.95, 22.0, 9999.0, 9.66, 10.0, 21.73, 9999.0, 23.98, 9999.0, 117.64, 127.8, 120.25, 91.23, 138.5
2024-11-07, 20:35:29, 136.5, 58.3, 22.95, 22.0, 9999.0, 9.68, 10.0, 21.73, 9999.0, 23.95, 9999.0, 117.64, 127.8, 120.25, 91.25, 138.5
2024-11-07, 20:35:33, 136.5, 58.27, 22.93, 22.0, 9999.0, 9.7, 10.0, 21.73, 9999.0, 23.93, 9999.0, 117.66, 127.8, 120.25, 91.25, 138.5
2024-11-07, 20:35:37, 136.5, 58.27, 22.95, 22.0, 9999.0, 9.73, 10.0, 21.75, 9999.0, 23.91, 9999.0, 117.68, 127.8, 120.25, 91.25, 138.5
2024-11-07, 20:35:41, 136.5, 58.27, 22.93, 22.0, 9999.0, 9.75, 10.0, 21.73, 9999.0, 23.91, 9999.0, 117.7, 127.77, 120.25, 91.25, 138.5
2024-11-07, 20:35:45, 136.5, 58.27, 22.93, 22.0, 9999.0, 9.77, 10.0, 21.73, 9999.0, 23.91, 9999.0, 117.75, 127.8, 120.25, 91.25, 138.5
2024-11-07, 20:35:49, 136.5, 58.27, 22.91, 22.0, 9999.0, 9.77, 10.0, 21.73, 9999.0, 23.91, 9999.0, 117.77, 127.8, 120.25, 91.25, 138.5
2024-11-07, 20:35:53, 136.5, 58.27, 22.91, 22.0, 9999.0, 9.77, 10.0, 21.73, 9999.0, 23.93, 9999.0, 117.8, 127.82, 120.25, 91.25, 138.5
2024-11-07, 20:35:57, 136.5, 58.27, 22.89, 22.0, 9999.0, 9.75, 10.0, 21.73, 9999.0, 23.93, 9999.0, 117.82, 127.84, 120.25, 91.25, 138.5
2024-11-07, 20:36:01, 136.5, 58.3, 22.86, 22.0, 9999.0, 9.7, 10.0, 21.73, 9999.0, 23.95, 9999.0, 117.84, 127.86, 120.25, 91.25, 138.5
2024-11-07, 20:36:05, 136.5, 58.27, 22.89, 22.0, 9999.0, 9.68, 10.0, 21.73, 9999.0, 23.98, 9999.0, 117.84, 127.89, 120.25, 91.25, 138.5
2024-11-07, 20:36:09, 136.5, 58.27, 22.89, 22.0, 9999.0, 9.66, 10.0, 21.73, 9999.0, 24.02, 9999.0, 117.84, 127.91, 120.25, 91.25, 138.5
2024-11-07, 20:36:13, 136.5, 58.27, 22.89, 22.0, 9999.0, 9.64, 10.0, 21.73, 9999.0, 24.05, 9999.0, 117.82, 127.91, 120.25, 91.25, 138.5
2024-11-07, 20:36:17, 136.5, 58.3, 22.89, 22.0, 9999.0, 9.61, 10.0, 21.73, 9999.0, 24.07, 9999.0, 117.8, 127.89, 120.25, 91.25, 138.5
2024-11-07, 20:36:21, 136.5, 58.3, 22.86, 22.0, 9999.0, 9.59, 10.0, 21.73, 9999.0, 24.09, 9999.0, 117.75, 127.89, 120.25, 91.25, 138.5
2024-11-07, 20:36:25, 136.5, 58.3, 22.86, 22.0, 9999.0, 9.59, 10.0, 21.75, 9999.0, 24.09, 9999.0, 117.7, 127.89, 120.25, 91.25, 138.5
2024-11-07, 20:36:29, 136.5, 58.3, 22.84, 22.0, 9999.0, 9.59, 10.0, 21.75, 9999.0, 24.09, 9999.0, 117.66, 127.86, 120.25, 91.25, 138.5
2024-11-07, 20:36:33, 136.5, 58.3, 22.84, 22.0, 9999.0, 9.59, 10.0, 21.75, 9999.0, 24.09, 9999.0, 117.64, 127.86, 120.25, 91.25, 138.5
2024-11-07, 20:36:37, 136.5, 58.3, 22.82, 22.0, 9999.0, 9.61, 10.0, 21.75, 9999.0, 24.05, 9999.0, 117.61, 127.84, 120.25, 91.25, 138.5
2024-11-07, 20:36:41, 136.5, 58.3, 22.82, 22.0, 9999.0, 9.66, 10.0, 21.75, 9999.0, 24.02, 9999.0, 117.61, 127.82, 120.25, 91.25, 138.5
2024-11-07, 20:36:45, 136.5, 58.27, 22.82, 22.0, 9999.0, 9.68, 10.0, 21.75, 9999.0, 23.98, 9999.0, 117.61, 127.8, 120.25, 91.25, 138.5
2024-11-07, 20:36:49, 136.5, 58.27, 22.8, 22.0, 9999.0, 9.7, 10.0, 21.75, 9999.0, 23.93, 9999.0, 117.61, 127.8, 120.25, 91.25, 138.5
2024-11-07, 20:36:53, 136.5, 58.27, 22.77, 22.0, 9999.0, 9.73, 10.0, 21.75, 9999.0, 23.89, 9999.0, 117.64, 127.77, 120.25, 91.25, 138.5
2024-11-07, 20:36:57, 136.5, 58.27, 22.77, 22.0, 9999.0, 9.75, 10.0, 21.75, 9999.0, 23.86, 9999.0, 117.68, 127.8, 120.25, 91.25, 138.5
2024-11-07, 20:37:01, 136.5, 58.25, 22.8, 22.0, 9999.0, 9.77, 10.0, 21.75, 9999.0, 23.86, 9999.0, 117.68, 127.8, 120.25, 91.25, 138.5
2024-11-07, 20:37:05, 136.5, 58.25, 22.8, 22.0, 9999.0, 9.8, 10.0, 21.75, 9999.0, 23.86, 9999.0, 117.7, 127.82, 120.25, 91.25, 138.5
2024-11-07, 20:37:09, 136.5, 58.25, 22.82, 22.0, 9999.0, 9.77, 10.0, 21.75, 9999.0, 23.89, 9999.0, 117.73, 127.82, 120.25, 91.25, 138.5
2024-11-07, 20:37:14, 136.5, 58.25, 22.82, 22.0, 9999.0, 9.77, 10.0, 21.75, 9999.0, 23.93, 9999.0, 117.75, 127.84, 120.25, 91.25, 138.5
2024-11-07, 20:37:18, 136.5, 58.25, 22.84, 22.0, 9999.0, 9.75, 10.0, 21.75, 9999.0, 23.95, 9999.0, 117.77, 127.86, 120.25, 91.25, 138.5
2024-11-07, 20:37:22, 136.5, 58.25, 22.86, 22.0, 9999.0, 9.7, 10.0, 21.75, 9999.0, 24.0, 9999.0, 117.8, 127.89, 120.25, 91.23, 138.5
2024-11-07, 20:37:26, 136.5, 58.25, 22.89, 22.0, 9999.0, 9.66, 10.0, 21.75, 9999.0, 24.05, 9999.0, 117.8, 127.89, 120.25, 91.2, 138.5
2024-11-07, 20:37:30, 136.5, 58.25, 22.91, 22.0, 9999.0, 9.64, 10.0, 21.75, 9999.0, 24.09, 9999.0, 117.77, 127.89, 120.25, 91.18, 138.5
2024-11-07, 20:37:34, 136.5, 58.25, 22.91, 22.0, 9999.0, 9.61, 10.0, 21.75, 9999.0, 24.14, 9999.0, 117.75, 127.86, 120.25, 91.18, 138.5
2024-11-07, 20:37:38, 136.5, 58.25, 22.93, 22.0, 9999.0, 9.59, 10.0, 21.75, 9999.0, 24.18, 9999.0, 117.73, 127.86, 120.25, 91.16, 138.5
2024-11-07, 20:37:42, 136.5, 58.25, 22.93, 22.0, 9999.0, 9.57, 10.0, 21.75, 9999.0, 24.23, 9999.0, 117.68, 127.84, 120.25, 91.16, 138.5
2024-11-07, 20:37:46, 136.52, 58.25, 22.93, 22.0, 9999.0, 9.57, 10.0, 21.75, 9999.0, 24.23, 9999.0, 117.66, 127.86, 120.25, 91.16, 138.5
2024-11-07, 20:37:50, 136.52, 58.25, 22.95, 22.0, 9999.0, 9.57, 10.0, 21.75, 9999.0, 24.23, 9999.0, 117.64, 127.86, 120.25, 91.16, 138.5
2024-11-07, 20:37:54, 136.52, 58.25, 22.95, 22.0, 9999.0, 9.59, 10.0, 21.75, 9999.0, 24.2, 9999.0, 117.61, 127.89, 120.25, 91.16, 138.5
2024-11-07, 20:37:58, 136.52, 58.25, 22.98, 22.0, 9999.0, 9.61, 10.0, 21.75, 9999.0, 24.14, 9999.0, 117.59, 127.86, 120.25, 91.16, 138.5
2024-11-07, 20:38:02, 136.52, 58.25, 22.98, 22.0, 9999.0, 9.64, 10.0, 21.75, 9999.0, 24.09, 9999.0, 117.59, 127.84, 120.25, 91.16, 138.5
2024-11-07, 20:38:06, 136.52, 58.25, 22.98, 22.0, 9999.0, 9.66, 10.0, 21.75, 9999.0, 24.05, 9999.0, 117.59, 127.82, 120.25, 91.18, 138.5
2024-11-07, 20:38:10, 136.52, 58.25, 22.98, 22.0, 9999.0, 9.68, 10.0, 21.75, 9999.0, 24.0, 9999.0, 117.59, 127.82, 120.25, 91.18, 138.5
2024-11-07, 20:38:14, 136.52, 58.25, 22.95, 22.0, 9999.0, 9.7, 10.0, 21.75, 9999.0, 23.95, 9999.0, 117.64, 127.84, 120.25, 91.2, 138.5
2024-11-07, 20:38:18, 136.52, 58.25, 22.95, 22.0, 9999.0, 9.73, 10.0, 21.75, 9999.0, 23.91, 9999.0, 117.68, 127.84, 120.25, 91.2, 138.5
2024-11-07, 20:38:22, 136.52, 58.25, 22.93, 22.0, 9999.0, 9.75, 10.0, 21.75, 9999.0, 23.89, 9999.0, 117.7, 127.86, 120.25, 91.23, 138.5
2024-11-07, 20:38:26, 136.52, 58.25, 22.91, 22.0, 9999.0, 9.77, 10.0, 21.75, 9999.0, 23.86, 9999.0, 117.75, 127.89, 120.25, 91.23, 138.5
2024-11-07, 20:38:30, 136.5, 58.25, 22.91, 22.0, 9999.0, 9.77, 10.0, 21.75, 9999.0, 23.86, 9999.0, 117.77, 127.89, 120.25, 91.23, 138.5
2024-11-07, 20:38:34, 136.5, 58.27, 22.91, 22.0, 9999.0, 9.77, 10.0, 21.75, 9999.0, 23.86, 9999.0, 117.8, 127.89, 120.25, 91.23, 138.5
2024-11-07, 20:38:38, 136.5, 58.27, 22.91, 22.0, 9999.0, 9.77, 10.0, 21.75, 9999.0, 23.86, 9999.0, 117.82, 127.86, 120.25, 91.23, 138.5
2024-11-07, 20:38:42, 136.5, 58.3, 22.91, 22.0, 9999.0, 9.73, 10.0, 21.75, 9999.0, 23.89, 9999.0, 117.84, 127.89, 120.25, 91.23, 138.5
2024-11-07, 20:38:46, 136.5, 58.3, 22.89, 22.0, 9999.0, 9.7, 10.0, 21.75, 9999.0, 23.91, 9999.0, 117.84, 127.91, 120.25, 91.23, 138.5
2024-11-07, 20:38:50, 136.5, 58.3, 22.86, 22.0, 9999.0, 9.68, 10.0, 21.75, 9999.0, 23.93, 9999.0, 117.84, 127.93, 120.25, 91.23, 138.5
2024-11-07, 20:38:54, 136.5, 58.3, 22.86, 22.0, 9999.0, 9.66, 10.0, 21.73, 9999.0, 23.95, 9999.0, 117.82, 127.95, 120.25, 91.25, 138.5
2024-11-07, 20:38:58, 136.5, 58.3, 22.86, 22.0, 9999.0, 9.64, 10.0, 21.73, 9999.0, 23.98, 9999.0, 117.77, 127.95, 120.25, 91.23, 138.5
2024-11-07, 20:39:02, 136.5, 58.3, 22.86, 22.0, 9999.0, 9.64, 10.0, 21.73, 9999.0, 23.98, 9999.0, 117.75, 127.95, 120.25, 91.23, 138.5
2024-11-07, 20:39:06, 136.5, 58.3, 22.86, 22.0, 9999.0, 9.64, 10.0, 21.73, 9999.0, 23.95, 9999.0, 117.7, 127.93, 120.25, 91.23, 138.5
2024-11-07, 20:39:10, 136.5, 58.3, 22.86, 22.0, 9999.0, 9.64, 10.0, 21.73, 9999.0, 23.93, 9999.0, 117.66, 127.91, 120.25, 91.23, 138.5
2024-11-07, 20:39:14, 136.5, 58.3, 22.84, 22.0, 9999.0, 9.66, 10.0, 21.73, 9999.0, 23.91, 9999.0, 117.64, 127.91, 120.25, 91.23, 138.5
2024-11-07, 20:39:18, 136.5, 58.27, 22.84, 22.0, 9999.0, 9.66, 10.0, 21.73, 9999.0, 23.89, 9999.0, 117.61, 127.89, 120.25, 91.23, 138.5
2024-11-07, 20:39:22, 136.5, 58.27, 22.84, 22.0, 9999.0, 9.66, 10.0, 21.73, 9999.0, 23.89, 9999.0, 117.61, 127.89, 120.25, 91.2, 138.5
2024-11-07, 20:39:26, 136.5, 58.25, 22.84, 22.0, 9999.0, 9.7, 10.0, 21.7, 9999.0, 23.86, 9999.0, 117.61, 127.86, 120.25, 91.2, 138.5
2024-11-07, 20:39:30, 136.5, 58.27, 22.86, 22.0, 9999.0, 9.73, 10.0, 21.7, 9999.0, 23.84, 9999.0, 117.64, 127.84, 120.25, 91.2, 138.5
2024-11-07, 20:39:34, 136.5, 58.27, 22.89, 22.0, 9999.0, 9.75, 10.0, 21.7, 9999.0, 23.82, 9999.0, 117.66, 127.82, 120.25, 91.2, 138.5
2024-11-07, 20:39:38, 136.5, 58.27, 22.89, 22.0, 9999.0, 9.77, 10.0, 21.73, 9999.0, 23.8, 9999.0, 117.68, 127.8, 120.25, 91.2, 138.5
2024-11-07, 20:39:42, 136.5, 58.27, 22.91, 22.0, 9999.0, 9.8, 10.0, 21.73, 9999.0, 23.77, 9999.0, 117.7, 127.8, 120.25, 91.23, 138.5
2024-11-07, 20:39:46, 136.5, 58.27, 22.93, 22.0, 9999.0, 9.8, 10.0, 21.73, 9999.0, 23.8, 9999.0, 117.73, 127.8, 120.25, 91.23, 138.5
2024-11-07, 20:39:50, 136.5, 58.27, 22.95, 22.0, 9999.0, 9.8, 10.0, 21.73, 9999.0, 23.82, 9999.0, 117.75, 127.82, 120.25, 91.23, 138.5
2024-11-07, 20:39:54, 136.5, 58.27, 22.98, 22.0, 9999.0, 9.8, 10.0, 21.7, 9999.0, 23.84, 9999.0, 117.77, 127.84, 120.25, 91.23, 138.5
2024-11-07, 20:39:58, 136.5, 58.27, 23.0, 22.0, 9999.0, 9.75, 10.0, 21.7, 9999.0, 23.86, 9999.0, 117.8, 127.84, 120.25, 91.23, 138.5
2024-11-07, 20:40:02, 136.5, 58.27, 23.0, 22.0, 9999.0, 9.75, 10.0, 21.7, 9999.0, 23.89, 9999.0, 117.82, 127.86, 120.25, 91.23, 138.5
2024-11-07, 20:40:06, 136.5, 58.3, 23.0, 22.0, 9999.0, 9.75, 10.0, 21.7, 9999.0, 23.89, 9999.0, 117.82, 127.89, 120.25, 91.25, 138.5
2024-11-07, 20:40:10, 136.5, 58.3, 23.0, 22.0, 9999.0, 9.7, 10.0, 21.73, 9999.0, 23.89, 9999.0, 117.8, 127.91, 120.25, 91.25, 138.5
2024-11-07, 20:40:14, 136.5, 58.27, 22.98, 22.0, 9999.0, 9.68, 10.0, 21.73, 9999.0, 23.89, 9999.0, 117.75, 127.93, 120.25, 91.23, 138.5
2024-11-07, 20:40:18, 136.5, 58.27, 22.98, 22.0, 9999.0, 9.66, 10.0, 21.73, 9999.0, 23.89, 9999.0, 117.7, 127.95, 120.25, 91.23, 138.5
2024-11-07, 20:40:22, 136.5, 58.27, 22.98, 22.0, 9999.0, 9.66, 10.0, 21.73, 9999.0, 23.89, 9999.0, 117.68, 127.98, 120.25, 91.23, 138.5
2024-11-07, 20:40:26, 136.5, 58.27, 22.98, 22.0, 9999.0, 9.66, 10.0, 21.73, 9999.0, 23.89, 9999.0, 117.66, 127.95, 120.25, 91.23, 138.5
2024-11-07, 20:40:30, 136.5, 58.27, 22.98, 22.0, 9999.0, 9.66, 10.0, 21.73, 9999.0, 23.86, 9999.0, 117.61, 127.98, 120.25, 91.23, 138.5
2024-11-07, 20:40:34, 136.5, 58.27, 22.98, 22.0, 9999.0, 9.68, 10.0, 21.73, 9999.0, 23.84, 9999.0, 117.59, 127.95, 120.25, 91.23, 138.5
2024-11-07, 20:40:38, 136.5, 58.27, 22.98, 22.0, 9999.0, 9.7, 10.0, 21.75, 9999.0, 23.8, 9999.0, 117.59, 127.95, 120.25, 91.23, 138.5
2024-11-07, 20:40:42, 136.5, 58.27, 22.98, 22.0, 9999.0, 9.75, 10.0, 21.75, 9999.0, 23.77, 9999.0, 117.59, 127.95, 120.25, 91.23, 138.5
2024-11-07, 20:40:46, 136.5, 58.27, 22.98, 22.0, 9999.0, 9.75, 10.0, 21.75, 9999.0, 23.75, 9999.0, 117.59, 127.95, 120.25, 91.23, 138.5
2024-11-07, 20:40:50, 136.5, 58.25, 22.98, 22.0, 9999.0, 9.75, 10.0, 21.75, 9999.0, 23.7, 9999.0, 117.61, 127.95, 120.25, 91.23, 138.5
2024-11-07, 20:40:54, 136.5, 58.25, 22.98, 22.0, 9999.0, 9.77, 10.0, 21.75, 9999.0, 23.7, 9999.0, 117.66, 127.95, 120.25, 91.23, 138.5
2024-11-07, 20:40:59, 136.5, 58.25, 23.0, 22.0, 9999.0, 9.8, 10.0, 21.75, 9999.0, 23.7, 9999.0, 117.7, 127.95, 120.25, 91.25, 138.5
2024-11-07, 20:41:03, 136.5, 58.25, 23.0, 22.0, 9999.0, 9.82, 10.0, 21.75, 9999.0, 23.7, 9999.0, 117.73, 127.93, 120.25, 91.25, 138.5
2024-11-07, 20:41:07, 136.5, 58.25, 23.0, 22.0, 9999.0, 9.82, 10.0, 21.75, 9999.0, 23.7, 9999.0, 117.75, 127.93, 120.25, 91.25, 138.5
2024-11-07, 20:41:11, 136.5, 58.25, 23.0, 22.0, 9999.0, 9.82, 10.0, 21.75, 9999.0, 23.73, 9999.0, 117.77, 127.95, 120.25, 91.25, 138.5
2024-11-07, 20:41:15, 136.5, 58.25, 23.0, 22.0, 9999.0, 9.82, 10.0, 21.75, 9999.0, 23.75, 9999.0, 117.8, 127.95, 120.25, 91.25, 138.5
2024-11-07, 20:41:19, 136.5, 58.25, 23.0, 22.0, 9999.0, 9.8, 10.0, 21.75, 9999.0, 23.77, 9999.0, 117.82, 127.98, 120.25, 91.25, 138.5
2024-11-07, 20:41:23, 136.5, 58.25, 23.0, 22.0, 9999.0, 9.77, 10.0, 21.75, 9999.0, 23.82, 9999.0, 117.82, 127.98, 120.25, 91.25, 138.5
2024-11-07, 20:41:27, 136.5, 58.25, 23.0, 22.0, 9999.0, 9.73, 10.0, 21.75, 9999.0, 23.82, 9999.0, 117.82, 127.98, 120.25, 91.25, 138.5
2024-11-07, 20:41:31, 136.5, 58.25, 23.0, 22.0, 9999.0, 9.7, 10.0, 21.75, 9999.0, 23.84, 9999.0, 117.82, 127.98, 120.25, 91.25, 138.5
2024-11-07, 20:41:35, 136.5, 58.25, 23.0, 22.0, 9999.0, 9.68, 10.0, 21.75, 9999.0, 23.86, 9999.0, 117.8, 127.98, 120.25, 91.25, 138.5
2024-11-07, 20:41:39, 136.5, 58.25, 23.0, 22.0, 9999.0, 9.66, 10.0, 21.75, 9999.0, 23.86, 9999.0, 117.77, 127.98, 120.25, 91.25, 138.5
2024-11-07, 20:41:43, 136.5, 58.25, 23.0, 22.02, 9999.0, 9.66, 10.0, 21.75, 9999.0, 23.86, 9999.0, 117.73, 127.98, 120.25, 91.25, 138.5
2024-11-07, 20:41:47, 136.5, 58.25, 23.0, 22.02, 9999.0, 9.66, 10.0, 21.75, 9999.0, 23.86, 9999.0, 117.7, 128.0, 120.25, 91.25, 138.5
2024-11-07, 20:41:51, 136.5, 58.25, 23.0, 22.02, 9999.0, 9.68, 10.0, 21.75, 9999.0, 23.86, 9999.0, 117.68, 128.0, 120.25, 91.25, 138.5
2024-11-07, 20:41:55, 136.5, 58.25, 23.0, 22.02, 9999.0, 9.7, 10.0, 21.75, 9999.0, 23.84, 9999.0, 117.66, 128.0, 120.25, 91.25, 138.5
2024-11-07, 20:41:59, 136.5, 58.25, 23.0, 22.02, 9999.0, 9.73, 10.0, 21.75, 9999.0, 23.82, 9999.0, 117.66, 127.98, 120.25, 91.25, 138.5
2024-11-07, 20:42:03, 136.5, 58.25, 23.0, 22.05, 9999.0, 9.73, 10.0, 21.75, 9999.0, 23.8, 9999.0, 117.66, 127.95, 120.25, 91.25, 138.5
2024-11-07, 20:42:07, 136.5, 58.25, 23.0, 22.05, 9999.0, 9.73, 10.0, 21.75, 9999.0, 23.77, 9999.0, 117.68, 127.95, 120.25, 91.25, 138.5
2024-11-07, 20:42:11, 136.5, 58.25, 23.0, 22.07, 9999.0, 9.75, 10.0, 21.75, 9999.0, 23.75, 9999.0, 117.7, 127.95, 120.25, 91.23, 138.5
2024-11-07, 20:42:15, 136.5, 58.25, 23.0, 22.09, 9999.0, 9.77, 10.0, 21.75, 9999.0, 23.7, 9999.0, 117.73, 127.95, 120.25, 91.2, 138.5
2024-11-07, 20:42:19, 136.5, 58.25, 23.0, 22.09, 9999.0, 9.8, 10.0, 21.75, 9999.0, 23.7, 9999.0, 117.75, 127.95, 120.25, 91.2, 138.5
2024-11-07, 20:42:23, 136.5, 58.25, 23.0, 22.09, 9999.0, 9.82, 10.0, 21.75, 9999.0, 23.7, 9999.0, 117.77, 127.95, 120.25, 91.2, 138.5
2024-11-07, 20:42:27, 136.5, 58.27, 23.0, 22.07, 9999.0, 9.82, 10.0, 21.75, 9999.0, 23.73, 9999.0, 117.8, 127.95, 120.25, 91.2, 138.52
2024-11-07, 20:42:31, 136.5, 58.27, 23.0, 22.07, 9999.0, 9.82, 10.0, 21.75, 9999.0, 23.75, 9999.0, 117.82, 127.95, 120.25, 91.2, 138.52
2024-11-07, 20:42:35, 136.5, 58.27, 23.0, 22.07, 9999.0, 9.8, 10.0, 21.75, 9999.0, 23.77, 9999.0, 117.84, 127.95, 120.25, 91.2, 138.52
2024-11-07, 20:42:39, 136.5, 58.27, 23.0, 22.07, 9999.0, 9.77, 10.0, 21.75, 9999.0, 23.8, 9999.0, 117.86, 127.95, 120.25, 91.2, 138.52
2024-11-07, 20:42:43, 136.5, 58.27, 23.0, 22.09, 9999.0, 9.75, 10.0, 21.75, 9999.0, 23.82, 9999.0, 117.86, 127.98, 120.25, 91.2, 138.52
2024-11-07, 20:42:47, 136.5, 58.27, 23.0, 22.09, 9999.0, 9.73, 10.0, 21.75, 9999.0, 23.84, 9999.0, 117.86, 128.0, 120.25, 91.2, 138.52
2024-11-07, 20:42:51, 136.5, 58.27, 23.0, 22.11, 9999.0, 9.7, 10.0, 21.75, 9999.0, 23.86, 9999.0, 117.84, 127.98, 120.25, 91.18, 138.52
2024-11-07, 20:42:55, 136.5, 58.3, 23.0, 22.11, 9999.0, 9.68, 10.0, 21.75, 9999.0, 23.91, 9999.0, 117.82, 127.98, 120.25, 91.2, 138.52
2024-11-07, 20:42:59, 136.5, 58.3, 23.0, 22.09, 9999.0, 9.68, 10.0, 21.75, 9999.0, 23.95, 9999.0, 117.8, 127.95, 120.25, 91.23, 138.52
2024-11-07, 20:43:03, 136.5, 58.3, 23.0, 22.11, 9999.0, 9.68, 10.0, 21.75, 9999.0, 23.98, 9999.0, 117.75, 127.95, 120.25, 91.23, 138.52
2024-11-07, 20:43:07, 136.5, 58.3, 23.0, 22.11, 9999.0, 9.68, 10.0, 21.75, 9999.0, 23.98, 9999.0, 117.7, 127.95, 120.25, 91.23, 138.52
2024-11-07, 20:43:11, 136.5, 58.27, 23.0, 22.11, 9999.0, 9.68, 10.0, 21.75, 9999.0, 23.98, 9999.0, 117.68, 127.95, 120.25, 91.23, 138.5
2024-11-07, 20:43:15, 136.5, 58.27, 23.0, 22.11, 9999.0, 9.7, 10.0, 21.75, 9999.0, 23.95, 9999.0, 117.66, 127.93, 120.25, 91.23, 138.5
2024-11-07, 20:43:19, 136.5, 58.27, 23.0, 22.11, 9999.0, 9.7, 10.0, 21.75, 9999.0, 23.93, 9999.0, 117.66, 127.91, 120.25, 91.23, 138.5
2024-11-07, 20:43:23, 136.5, 58.27, 23.0, 22.14, 9999.0, 9.7, 10.0, 21.75, 9999.0, 23.91, 9999.0, 117.66, 127.89, 120.25, 91.23, 138.5
2024-11-07, 20:43:27, 136.5, 58.27, 23.0, 22.11, 9999.0, 9.7, 10.0, 21.75, 9999.0, 23.89, 9999.0, 117.68, 127.89, 120.25, 91.23, 138.5
2024-11-07, 20:43:31, 136.5, 58.27, 23.0, 22.11, 9999.0, 9.73, 10.0, 21.75, 9999.0, 23.86, 9999.0, 117.7, 127.89, 120.25, 91.23, 138.5
2024-11-07, 20:43:35, 136.5, 58.27, 23.0, 22.11, 9999.0, 9.75, 10.0, 21.75, 9999.0, 23.82, 9999.0, 117.73, 127.91, 120.25, 91.25, 138.5
2024-11-07, 20:43:39, 136.5, 58.27, 23.0, 22.09, 9999.0, 9.77, 10.02, 21.75, 9999.0, 23.8, 9999.0, 117.75, 127.91, 120.25, 91.25, 138.5
2024-11-07, 20:43:43, 136.5, 58.27, 23.0, 22.09, 9999.0, 9.77, 10.02, 21.75, 9999.0, 23.77, 9999.0, 117.77, 127.93, 120.25, 91.25, 138.5
2024-11-07, 20:43:47, 136.5, 58.3, 23.0, 22.07, 9999.0, 9.77, 10.02, 21.75, 9999.0, 23.77, 9999.0, 117.8, 127.93, 120.25, 91.25, 138.5
2024-11-07, 20:43:51, 136.5, 58.32, 23.0, 22.09, 9999.0, 9.77, 10.02, 21.75, 9999.0, 23.8, 9999.0, 117.82, 127.93, 120.25, 91.25, 138.52
2024-11-07, 20:43:55, 136.5, 58.32, 23.0, 22.09, 9999.0, 9.77, 10.02, 21.75, 9999.0, 23.8, 9999.0, 117.84, 127.93, 120.25, 91.25, 138.52
2024-11-07, 20:43:59, 136.5, 58.32, 23.0, 22.09, 9999.0, 9.75, 10.02, 21.75, 9999.0, 23.82, 9999.0, 117.86, 127.95, 120.25, 91.25, 138.52
2024-11-07, 20:44:03, 136.5, 58.34, 23.0, 22.09, 9999.0, 9.73, 10.05, 21.75, 9999.0, 23.82, 9999.0, 117.86, 127.98, 120.25, 91.25, 138.55
2024-11-07, 20:44:07, 136.5, 58.36, 23.0, 22.07, 9999.0, 9.7, 10.05, 21.75, 9999.0, 23.82, 9999.0, 117.86, 128.0, 120.25, 91.25, 138.55
2024-11-07, 20:44:11, 136.5, 58.36, 23.0, 22.07, 9999.0, 9.7, 10.05, 21.75, 9999.0, 23.82, 9999.0, 117.84, 128.0, 120.25, 91.25, 138.55
2024-11-07, 20:44:15, 136.5, 58.39, 23.0, 22.07, 9999.0, 9.68, 10.05, 21.75, 9999.0, 23.82, 9999.0, 117.82, 128.0, 120.25, 91.25, 138.55
2024-11-07, 20:44:19, 136.5, 58.39, 23.0, 22.05, 9999.0, 9.68, 10.05, 21.75, 9999.0, 23.84, 9999.0, 117.8, 128.0, 120.25, 91.25, 138.55
2024-11-07, 20:44:23, 136.5, 58.36, 23.0, 22.05, 9999.0, 9.68, 10.02, 21.75, 9999.0, 23.82, 9999.0, 117.75, 128.0, 120.25, 91.25, 138.55
2024-11-07, 20:44:27, 136.5, 58.39, 23.0, 22.05, 9999.0, 9.68, 10.02, 21.75, 9999.0, 23.82, 9999.0, 117.73, 128.0, 120.25, 91.25, 138.55
2024-11-07, 20:44:31, 136.5, 58.36, 23.0, 22.05, 9999.0, 9.7, 10.02, 21.75, 9999.0, 23.8, 9999.0, 117.7, 128.0, 120.25, 91.25, 138.55
2024-11-07, 20:44:35, 136.5, 58.36, 23.0, 22.02, 9999.0, 9.7, 10.02, 21.75, 9999.0, 23.77, 9999.0, 117.7, 127.98, 120.25, 91.25, 138.52
2024-11-07, 20:44:39, 136.5, 58.39, 23.0, 22.02, 9999.0, 9.7, 10.02, 21.73, 9999.0, 23.75, 9999.0, 117.7, 127.95, 120.25, 91.25, 138.52
2024-11-07, 20:44:43, 136.5, 58.41, 23.0, 22.02, 9999.0, 9.7, 10.02, 21.73, 9999.0, 23.73, 9999.0, 117.7, 127.95, 120.25, 91.25, 138.52
2024-11-07, 20:44:48, 136.5, 58.41, 23.0, 22.05, 9999.0, 9.73, 10.0, 21.73, 9999.0, 23.73, 9999.0, 117.73, 127.95, 120.25, 91.25, 138.5
2024-11-07, 20:44:52, 136.5, 58.41, 23.0, 22.05, 9999.0, 9.75, 10.0, 21.73, 9999.0, 23.7, 9999.0, 117.75, 127.95, 120.25, 91.25, 138.5
2024-11-07, 20:44:56, 136.5, 58.43, 23.0, 22.05, 9999.0, 9.75, 10.0, 21.73, 9999.0, 23.7, 9999.0, 117.77, 127.95, 120.25, 91.25, 138.5
2024-11-07, 20:45:00, 136.5, 58.41, 23.0, 22.02, 9999.0, 9.77, 10.0, 21.73, 9999.0, 23.7, 9999.0, 117.8, 127.95, 120.25, 91.25, 138.5
2024-11-07, 20:45:04, 136.5, 58.41, 23.0, 22.05, 9999.0, 9.77, 10.0, 21.73, 9999.0, 23.7, 9999.0, 117.8, 127.95, 120.25, 91.25, 138.52
2024-11-07, 20:45:08, 136.5, 58.41, 22.98, 22.05, 9999.0, 9.77, 10.0, 21.73, 9999.0, 23.75, 9999.0, 117.82, 127.95, 120.25, 91.25, 138.52
2024-11-07, 20:45:12, 136.5, 58.39, 22.98, 22.05, 9999.0, 9.77, 10.0, 21.73, 9999.0, 23.77, 9999.0, 117.82, 127.95, 120.25, 91.25, 138.52
2024-11-07, 20:45:16, 136.5, 58.39, 22.98, 22.07, 9999.0, 9.75, 10.0, 21.73, 9999.0, 23.8, 9999.0, 117.84, 127.95, 120.25, 91.25, 138.52
2024-11-07, 20:45:20, 136.5, 58.36, 22.98, 22.07, 9999.0, 9.73, 10.0, 21.73, 9999.0, 23.82, 9999.0, 117.84, 127.98, 120.25, 91.25, 138.52
2024-11-07, 20:45:24, 136.5, 58.34, 22.98, 22.09, 9999.0, 9.73, 10.0, 21.75, 9999.0, 23.84, 9999.0, 117.84, 128.0, 120.25, 91.25, 138.52
2024-11-07, 20:45:28, 136.5, 58.32, 22.98, 22.09, 9999.0, 9.7, 10.0, 21.75, 9999.0, 23.84, 9999.0, 117.84, 128.0, 120.25, 91.25, 138.52
2024-11-07, 20:45:32, 136.5, 58.3, 22.95, 22.07, 9999.0, 9.68, 10.0, 21.75, 9999.0, 23.84, 9999.0, 117.82, 128.0, 120.25, 91.25, 138.52
2024-11-07, 20:45:36, 136.5, 58.27, 22.95, 22.07, 9999.0, 9.66, 10.0, 21.75, 9999.0, 23.86, 9999.0, 117.8, 128.0, 120.25, 91.25, 138.52
2024-11-07, 20:45:40, 136.5, 58.25, 22.95, 22.09, 9999.0, 9.66, 10.0, 21.73, 9999.0, 23.86, 9999.0, 117.75, 128.0, 120.25, 91.25, 138.52
2024-11-07, 20:45:44, 136.5, 58.25, 22.95, 22.09, 9999.0, 9.66, 10.0, 21.73, 9999.0, 23.86, 9999.0, 117.7, 128.0, 120.25, 91.25, 138.52
2024-11-07, 20:45:48, 136.5, 58.25, 22.95, 22.07, 9999.0, 9.66, 10.0, 21.73, 9999.0, 23.86, 9999.0, 117.7, 127.98, 120.25, 91.25, 138.5
2024-11-07, 20:45:52, 136.5, 58.27, 22.98, 22.07, 9999.0, 9.68, 10.0, 21.73, 9999.0, 23.82, 9999.0, 117.68, 127.98, 120.25, 91.25, 138.5
2024-11-07, 20:45:56, 136.5, 58.27, 22.98, 22.07, 9999.0, 9.7, 10.0, 21.73, 9999.0, 23.8, 9999.0, 117.68, 127.98, 120.25, 91.25, 138.5
2024-11-07, 20:46:00, 136.5, 58.27, 22.98, 22.05, 9999.0, 9.7, 10.0, 21.73, 9999.0, 23.77, 9999.0, 117.68, 127.95, 120.25, 91.25, 138.5
2024-11-07, 20:46:04, 136.5, 58.27, 22.98, 22.05, 9999.0, 9.73, 10.0, 21.73, 9999.0, 23.75, 9999.0, 117.68, 127.95, 120.25, 91.25, 138.5
2024-11-07, 20:46:08, 136.5, 58.3, 22.98, 22.02, 9999.0, 9.73, 10.0, 21.73, 9999.0, 23.73, 9999.0, 117.7, 127.95, 120.25, 91.25, 138.5
2024-11-07, 20:46:12, 136.5, 58.32, 22.98, 22.02, 9999.0, 9.75, 10.0, 21.73, 9999.0, 23.73, 9999.0, 117.73, 127.95, 120.25, 91.25, 138.5
2024-11-07, 20:46:16, 136.5, 58.32, 23.0, 22.02, 9999.0, 9.77, 10.0, 21.73, 9999.0, 23.75, 9999.0, 117.75, 127.95, 120.25, 91.25, 138.5
2024-11-07, 20:46:20, 136.5, 58.34, 23.0, 22.02, 9999.0, 9.8, 10.0, 21.73, 9999.0, 23.77, 9999.0, 117.75, 127.95, 120.25, 91.25, 138.5
2024-11-07, 20:46:24, 136.5, 58.34, 22.98, 22.02, 9999.0, 9.8, 10.0, 21.75, 9999.0, 23.82, 9999.0, 117.77, 127.95, 120.25, 91.25, 138.5
2024-11-07, 20:46:28, 136.5, 58.34, 22.98, 22.02, 9999.0, 9.8, 10.0, 21.75, 9999.0, 23.86, 9999.0, 117.8, 127.95, 120.25, 91.25, 138.5
2024-11-07, 20:46:32, 136.5, 58.34, 22.98, 22.02, 9999.0, 9.8, 10.0, 21.75, 9999.0, 23.91, 9999.0, 117.8, 127.98, 120.25, 91.25, 138.5
2024-11-07, 20:46:36, 136.5, 58.32, 22.98, 22.02, 9999.0, 9.75, 10.0, 21.75, 9999.0, 23.98, 9999.0, 117.82, 127.98, 120.25, 91.25, 138.5
2024-11-07, 20:46:40, 136.5, 58.34, 22.98, 22.02, 9999.0, 9.7, 10.0, 21.75, 9999.0, 24.02, 9999.0, 117.82, 127.98, 120.25, 91.25, 138.5
2024-11-07, 20:46:44, 136.5, 58.34, 22.98, 22.02, 9999.0, 9.68, 10.0, 21.75, 9999.0, 24.05, 9999.0, 117.82, 128.0, 120.25, 91.25, 138.5
2024-11-07, 20:46:48, 136.5, 58.34, 22.98, 22.02, 9999.0, 9.66, 10.0, 21.75, 9999.0, 24.07, 9999.0, 117.8, 128.0, 120.25, 91.25, 138.5
2024-11-07, 20:46:52, 136.5, 58.32, 22.98, 22.02, 9999.0, 9.64, 10.0, 21.75, 9999.0, 24.09, 9999.0, 117.77, 128.0, 120.25, 91.25, 138.5
2024-11-07, 20:46:56, 136.5, 58.3, 22.98, 22.05, 9999.0, 9.61, 10.0, 21.75, 9999.0, 24.11, 9999.0, 117.73, 128.0, 120.25, 91.25, 138.5
2024-11-07, 20:47:00, 136.5, 58.3, 22.98, 22.05, 9999.0, 9.61, 10.0, 21.73, 9999.0, 24.11, 9999.0, 117.68, 127.98, 120.25, 91.25, 138.5
2024-11-07, 20:47:04, 136.5, 58.27, 22.98, 22.05, 9999.0, 9.61, 10.0, 21.73, 9999.0, 24.11, 9999.0, 117.66, 127.95, 120.25, 91.25, 138.5
2024-11-07, 20:47:08, 136.5, 58.27, 23.0, 22.02, 9999.0, 9.61, 10.0, 21.73, 9999.0, 24.09, 9999.0, 117.64, 127.95, 120.25, 91.25, 138.5
2024-11-07, 20:47:12, 136.5, 58.27, 23.0, 22.02, 9999.0, 9.64, 10.0, 21.73, 9999.0, 24.07, 9999.0, 117.61, 127.95, 120.25, 91.25, 138.5
2024-11-07, 20:47:16, 136.5, 58.27, 23.0, 22.02, 9999.0, 9.66, 10.0, 21.73, 9999.0, 24.05, 9999.0, 117.61, 127.95, 120.25, 91.25, 138.5
2024-11-07, 20:47:22, 136.5, 58.27, 23.0, 22.02, 9999.0, 9.68, 10.0, 21.73, 9999.0, 24.02, 9999.0, 117.61, 127.95, 120.25, 91.23, 138.5
2024-11-07, 20:47:26, 136.52, 58.25, 23.0, 22.02, 9999.0, 9.7, 10.0, 21.73, 9999.0, 23.98, 9999.0, 117.64, 127.93, 120.25, 91.23, 138.5
2024-11-07, 20:47:30, 136.52, 58.25, 23.0, 22.02, 9999.0, 9.73, 10.0, 21.73, 9999.0, 23.98, 9999.0, 117.66, 127.93, 120.25, 91.23, 138.5
2024-11-07, 20:47:34, 136.52, 58.25, 23.0, 22.02, 9999.0, 9.75, 10.0, 21.73, 9999.0, 23.95, 9999.0, 117.7, 127.93, 120.25, 91.23, 138.5
2024-11-07, 20:47:38, 136.52, 58.25, 23.0, 22.05, 9999.0, 9.77, 10.0, 21.73, 9999.0, 23.95, 9999.0, 117.7, 127.93, 120.25, 91.23, 138.5
2024-11-07, 20:47:42, 136.52, 58.27, 23.0, 22.02, 9999.0, 9.8, 10.0, 21.73, 9999.0, 23.95, 9999.0, 117.73, 127.91, 120.25, 91.23, 138.5
2024-11-07, 20:47:46, 136.52, 58.27, 23.0, 22.02, 9999.0, 9.8, 10.0, 21.75, 9999.0, 23.95, 9999.0, 117.75, 127.93, 120.25, 91.23, 138.5
2024-11-07, 20:47:50, 136.52, 58.27, 23.0, 22.02, 9999.0, 9.8, 10.0, 21.75, 9999.0, 23.95, 9999.0, 117.77, 127.95, 120.25, 91.23, 138.5
2024-11-07, 20:47:54, 136.55, 58.27, 23.0, 22.02, 9999.0, 9.8, 10.0, 21.75, 9999.0, 23.95, 9999.0, 117.8, 127.95, 120.25, 91.23, 138.5
2024-11-07, 20:47:59, 136.55, 58.27, 23.0, 22.02, 9999.0, 9.77, 10.0, 21.75, 9999.0, 23.95, 9999.0, 117.82, 127.95, 120.25, 91.23, 138.5
2024-11-07, 20:48:03, 136.55, 58.27, 23.0, 22.02, 9999.0, 9.73, 10.0, 21.75, 9999.0, 23.93, 9999.0, 117.82, 127.95, 120.25, 91.23, 138.5
2024-11-07, 20:48:07, 136.55, 58.27, 23.0, 22.02, 9999.0, 9.7, 10.0, 21.75, 9999.0, 23.91, 9999.0, 117.82, 127.93, 120.25, 91.25, 138.5
2024-11-07, 20:48:11, 136.52, 58.27, 23.0, 22.02, 9999.0, 9.68, 10.0, 21.73, 9999.0, 23.91, 9999.0, 117.8, 127.95, 120.25, 91.25, 138.5
2024-11-07, 20:48:15, 136.52, 58.27, 23.0, 22.02, 9999.0, 9.66, 10.0, 21.73, 9999.0, 23.89, 9999.0, 117.77, 127.95, 120.25, 91.25, 138.5
2024-11-07, 20:48:19, 136.52, 58.27, 23.0, 22.02, 9999.0, 9.66, 10.0, 21.7, 9999.0, 23.89, 9999.0, 117.73, 127.95, 120.25, 91.25, 138.5
2024-11-07, 20:48:23, 136.52, 58.3, 23.0, 22.0, 9999.0, 9.66, 10.0, 21.7, 9999.0, 23.86, 9999.0, 117.73, 127.95, 120.25, 91.25, 138.5
2024-11-07, 20:48:27, 136.52, 58.27, 23.0, 22.0, 9999.0, 9.66, 10.0, 21.7, 9999.0, 23.84, 9999.0, 117.7, 127.98, 120.25, 91.25, 138.5
2024-11-07, 20:48:31, 136.52, 58.3, 23.0, 22.0, 9999.0, 9.68, 10.0, 21.68, 9999.0, 23.82, 9999.0, 117.68, 127.98, 120.25, 91.25, 138.5
2024-11-07, 20:48:35, 136.52, 58.3, 23.0, 22.0, 9999.0, 9.7, 10.0, 21.68, 9999.0, 23.8, 9999.0, 117.68, 127.98, 120.25, 91.25, 138.5
2024-11-07, 20:48:39, 136.5, 58.3, 23.0, 22.0, 9999.0, 9.7, 10.0, 21.68, 9999.0, 23.77, 9999.0, 117.68, 127.95, 120.25, 91.25, 138.5
2024-11-07, 20:48:43, 136.5, 58.32, 23.0, 22.0, 9999.0, 9.7, 10.0, 21.68, 9999.0, 23.75, 9999.0, 117.68, 127.95, 120.25, 91.23, 138.5
2024-11-07, 20:48:47, 136.5, 58.34, 23.0, 22.0, 9999.0, 9.73, 10.0, 21.66, 9999.0, 23.75, 9999.0, 117.7, 127.95, 120.25, 91.23, 138.5
2024-11-07, 20:48:51, 136.5, 58.34, 23.0, 22.0, 9999.0, 9.75, 10.0, 21.66, 9999.0, 23.75, 9999.0, 117.73, 127.98, 120.25, 91.23, 138.5
2024-11-07, 20:48:55, 136.5, 58.34, 23.0, 22.0, 9999.0, 9.77, 10.0, 21.68, 9999.0, 23.75, 9999.0, 117.75, 127.98, 120.25, 91.23, 138.5
2024-11-07, 20:48:59, 136.5, 58.34, 23.0, 22.0, 9999.0, 9.77, 10.0, 21.68, 9999.0, 23.77, 9999.0, 117.75, 127.98, 120.25, 91.23, 138.5
2024-11-07, 20:49:03, 136.5, 58.34, 23.0, 22.0, 9999.0, 9.77, 10.0, 21.7, 9999.0, 23.8, 9999.0, 117.77, 127.98, 120.25, 91.23, 138.5
2024-11-07, 20:49:07, 136.5, 58.32, 23.0, 22.0, 9999.0, 9.77, 10.0, 21.7, 9999.0, 23.84, 9999.0, 117.77, 127.98, 120.25, 91.2, 138.5
2024-11-07, 20:49:11, 136.5, 58.32, 23.0, 22.0, 9999.0, 9.77, 10.0, 21.7, 9999.0, 23.89, 9999.0, 117.8, 127.98, 120.25, 91.2, 138.5
2024-11-07, 20:49:15, 136.5, 58.32, 23.0, 22.0, 9999.0, 9.73, 10.0, 21.7, 9999.0, 23.93, 9999.0, 117.82, 127.98, 120.25, 91.2, 138.5
2024-11-07, 20:49:19, 136.5, 58.32, 23.0, 22.0, 9999.0, 9.68, 10.0, 21.68, 9999.0, 23.95, 9999.0, 117.82, 127.98, 120.25, 91.2, 138.5
2024-11-07, 20:49:23, 136.5, 58.34, 23.0, 22.0, 9999.0, 9.66, 10.0, 21.68, 9999.0, 23.98, 9999.0, 117.82, 128.0, 120.25, 91.18, 138.5
2024-11-07, 20:49:27, 136.5, 58.32, 23.0, 22.0, 9999.0, 9.64, 10.0, 21.66, 9999.0, 24.0, 9999.0, 117.82, 128.0, 120.25, 91.2, 138.5
2024-11-07, 20:49:31, 136.5, 58.3, 23.0, 22.0, 9999.0, 9.61, 10.0, 21.68, 9999.0, 24.02, 9999.0, 117.8, 128.0, 120.25, 91.2, 138.5
2024-11-07, 20:49:35, 136.5, 58.3, 23.0, 22.0, 9999.0, 9.59, 10.0, 21.68, 9999.0, 24.05, 9999.0, 117.75, 128.0, 120.25, 91.2, 138.5
2024-11-07, 20:49:39, 136.5, 58.3, 23.0, 22.0, 9999.0, 9.59, 10.0, 21.68, 9999.0, 24.07, 9999.0, 117.7, 128.0, 120.25, 91.2, 138.5
2024-11-07, 20:49:43, 136.5, 58.32, 23.0, 22.0, 9999.0, 9.61, 10.0, 21.68, 9999.0, 24.07, 9999.0, 117.68, 128.0, 120.25, 91.2, 138.5
2024-11-07, 20:49:47, 136.5, 58.34, 23.0, 22.0, 9999.0, 9.61, 10.0, 21.68, 9999.0, 24.07, 9999.0, 117.66, 127.98, 120.25, 91.2, 138.5
2024-11-07, 20:49:51, 136.5, 58.34, 23.0, 22.0, 9999.0, 9.64, 10.0, 21.68, 9999.0, 24.05, 9999.0, 117.64, 127.98, 120.25, 91.23, 138.5
2024-11-07, 20:49:55, 136.5, 58.36, 23.0, 22.0, 9999.0, 9.66, 10.0, 21.68, 9999.0, 24.02, 9999.0, 117.64, 127.95, 120.25, 91.23, 138.5
2024-11-07, 20:49:59, 136.5, 58.34, 23.0, 22.0, 9999.0, 9.68, 10.0, 21.7, 9999.0, 24.0, 9999.0, 117.64, 127.95, 120.25, 91.23, 138.5
2024-11-07, 20:50:03, 136.5, 58.34, 23.0, 22.0, 9999.0, 9.7, 10.0, 21.73, 9999.0, 24.0, 9999.0, 117.64, 127.95, 120.25, 91.23, 138.5
2024-11-07, 20:50:07, 136.52, 58.32, 23.0, 22.0, 9999.0, 9.73, 10.0, 21.73, 9999.0, 24.0, 9999.0, 117.66, 127.95, 120.25, 91.25, 138.5
2024-11-07, 20:50:11, 136.52, 58.32, 23.0, 22.0, 9999.0, 9.75, 10.0, 21.73, 9999.0, 24.0, 9999.0, 117.68, 127.95, 120.25, 91.25, 138.5
2024-11-07, 20:50:15, 136.52, 58.32, 23.0, 22.0, 9999.0, 9.77, 10.0, 21.7, 9999.0, 24.0, 9999.0, 117.7, 127.95, 120.25, 91.25, 138.5
2024-11-07, 20:50:19, 136.52, 58.32, 23.0, 22.0, 9999.0, 9.8, 10.0, 21.68, 9999.0, 24.02, 9999.0, 117.73, 127.95, 120.25, 91.25, 138.5
2024-11-07, 20:50:23, 136.52, 58.32, 23.0, 22.0, 9999.0, 9.8, 10.0, 21.68, 9999.0, 24.02, 9999.0, 117.75, 127.95, 120.25, 91.25, 138.5
2024-11-07, 20:50:27, 136.52, 58.3, 23.0, 22.0, 9999.0, 9.8, 10.0, 21.66, 9999.0, 24.05, 9999.0, 117.77, 127.95, 120.25, 91.25, 138.5
2024-11-07, 20:50:31, 136.52, 58.27, 23.0, 22.0, 9999.0, 9.77, 10.0, 21.66, 9999.0, 24.07, 9999.0, 117.8, 127.98, 120.25, 91.25, 138.5
2024-11-07, 20:50:35, 136.52, 58.27, 23.0, 22.0, 9999.0, 9.73, 10.0, 21.66, 9999.0, 24.09, 9999.0, 117.82, 127.98, 120.25, 91.25, 138.5
2024-11-07, 20:50:39, 136.52, 58.25, 23.0, 22.0, 9999.0, 9.68, 10.0, 21.66, 9999.0, 24.11, 9999.0, 117.82, 128.0, 120.25, 91.25, 138.5
2024-11-07, 20:50:43, 136.52, 58.25, 23.0, 22.0, 9999.0, 9.66, 10.0, 21.66, 9999.0, 24.14, 9999.0, 117.82, 128.0, 120.25, 91.25, 138.5
2024-11-07, 20:50:48, 136.52, 58.25, 23.0, 22.0, 9999.0, 9.64, 10.0, 21.64, 9999.0, 24.14, 9999.0, 117.8, 128.0, 120.25, 91.25, 138.5
2024-11-07, 20:50:52, 136.5, 58.25, 23.0, 22.02, 9999.0, 9.61, 10.0, 21.64, 9999.0, 24.14, 9999.0, 117.77, 128.0, 120.25, 91.25, 138.5
2024-11-07, 20:50:56, 136.5, 58.25, 23.0, 22.02, 9999.0, 9.59, 10.0, 21.66, 9999.0, 24.14, 9999.0, 117.75, 128.0, 120.25, 91.25, 138.5
2024-11-07, 20:51:00, 136.5, 58.25, 23.0, 22.02, 9999.0, 9.59, 10.0, 21.68, 9999.0, 24.14, 9999.0, 117.7, 128.0, 120.25, 91.25, 138.5
2024-11-07, 20:51:04, 136.5, 58.25, 23.0, 22.02, 9999.0, 9.59, 10.0, 21.68, 9999.0, 24.11, 9999.0, 117.68, 128.0, 120.25, 91.25, 138.5
2024-11-07, 20:51:08, 136.5, 58.25, 23.0, 22.02, 9999.0, 9.59, 10.0, 21.68, 9999.0, 24.09, 9999.0, 117.66, 127.98, 120.25, 91.25, 138.5
2024-11-07, 20:51:12, 136.5, 58.25, 23.0, 22.02, 9999.0, 9.59, 10.0, 21.7, 9999.0, 24.05, 9999.0, 117.64, 127.95, 120.25, 91.25, 138.5
2024-11-07, 20:51:16, 136.5, 58.25, 23.0, 22.02, 9999.0, 9.61, 10.0, 21.7, 9999.0, 24.0, 9999.0, 117.64, 127.95, 120.25, 91.25, 138.5
2024-11-07, 20:51:20, 136.5, 58.25, 22.98, 22.02, 9999.0, 9.64, 10.0, 21.7, 9999.0, 23.95, 9999.0, 117.64, 127.95, 120.25, 91.25, 138.5
2024-11-07, 20:51:24, 136.5, 58.25, 22.95, 22.02, 9999.0, 9.66, 10.0, 21.7, 9999.0, 23.91, 9999.0, 117.64, 127.93, 120.25, 91.25, 138.5
2024-11-07, 20:51:28, 136.5, 58.25, 22.95, 22.02, 9999.0, 9.68, 10.0, 21.7, 9999.0, 23.86, 9999.0, 117.66, 127.93, 120.25, 91.25, 138.5
2024-11-07, 20:51:32, 136.5, 58.27, 22.95, 22.02, 9999.0, 9.7, 10.0, 21.73, 9999.0, 23.84, 9999.0, 117.7, 127.93, 120.25, 91.25, 138.5
2024-11-07, 20:51:36, 136.5, 58.27, 22.93, 22.0, 9999.0, 9.73, 10.0, 21.73, 9999.0, 23.84, 9999.0, 117.7, 127.93, 120.25, 91.25, 138.5
2024-11-07, 20:51:40, 136.5, 58.27, 22.93, 22.0, 9999.0, 9.75, 10.0, 21.73, 9999.0, 23.84, 9999.0, 117.7, 127.93, 120.25, 91.25, 138.5
2024-11-07, 20:51:44, 136.5, 58.27, 22.93, 22.0, 9999.0, 9.75, 10.0, 21.7, 9999.0, 23.84, 9999.0, 117.73, 127.93, 120.25, 91.23, 138.5
2024-11-07, 20:51:48, 136.5, 58.27, 22.93, 22.0, 9999.0, 9.73, 10.0, 21.7, 9999.0, 23.86, 9999.0, 117.75, 127.93, 120.25, 91.23, 138.5
2024-11-07, 20:51:52, 136.5, 58.27, 22.93, 22.0, 9999.0, 9.7, 10.0, 21.68, 9999.0, 23.91, 9999.0, 117.77, 127.95, 120.25, 91.23, 138.5
2024-11-07, 20:51:56, 136.5, 58.27, 22.93, 22.0, 9999.0, 9.68, 10.0, 21.66, 9999.0, 23.95, 9999.0, 117.8, 127.98, 120.25, 91.23, 138.5
2024-11-07, 20:52:00, 136.5, 58.27, 22.93, 22.0, 9999.0, 9.66, 10.0, 21.64, 9999.0, 24.0, 9999.0, 117.8, 127.98, 120.25, 91.23, 138.5
2024-11-07, 20:52:04, 136.5, 58.27, 22.95, 22.0, 9999.0, 9.64, 10.0, 21.61, 9999.0, 24.05, 9999.0, 117.8, 127.98, 120.25, 91.23, 138.5
2024-11-07, 20:52:08, 136.5, 58.27, 22.98, 22.0, 9999.0, 9.61, 10.0, 21.61, 9999.0, 24.09, 9999.0, 117.8, 128.0, 120.25, 91.23, 138.5
2024-11-07, 20:52:12, 136.5, 58.27, 22.98, 22.0, 9999.0, 9.59, 10.0, 21.61, 9999.0, 24.11, 9999.0, 117.75, 128.0, 120.25, 91.23, 138.5
2024-11-07, 20:52:16, 136.5, 58.25, 22.98, 22.0, 9999.0, 9.59, 10.0, 21.59, 9999.0, 24.14, 9999.0, 117.7, 128.0, 120.25, 91.23, 138.5
2024-11-07, 20:52:20, 136.5, 58.25, 23.0, 22.0, 9999.0, 9.59, 10.0, 21.57, 9999.0, 24.14, 9999.0, 117.68, 128.0, 120.25, 91.2, 138.5
2024-11-07, 20:52:25, 136.5, 58.25, 23.0, 22.0, 9999.0, 9.59, 10.0, 21.57, 9999.0, 24.14, 9999.0, 117.66, 128.0, 120.25, 91.2, 138.5
2024-11-07, 20:52:29, 136.5, 58.25, 23.0, 22.0, 9999.0, 9.59, 10.0, 21.59, 9999.0, 24.14, 9999.0, 117.64, 128.0, 120.25, 91.23, 138.5
2024-11-07, 20:52:33, 136.5, 58.25, 23.0, 22.0, 9999.0, 9.64, 10.0, 21.61, 9999.0, 24.11, 9999.0, 117.64, 127.98, 120.25, 91.23, 138.5
2024-11-07, 20:52:37, 136.5, 58.25, 23.0, 22.0, 9999.0, 9.66, 10.0, 21.64, 9999.0, 24.09, 9999.0, 117.64, 127.98, 120.25, 91.23, 138.5
2024-11-07, 20:52:41, 136.5, 58.25, 23.0, 22.0, 9999.0, 9.68, 10.0, 21.66, 9999.0, 24.07, 9999.0, 117.64, 127.98, 120.25, 91.2, 138.5
2024-11-07, 20:52:45, 136.5, 58.25, 22.98, 22.0, 9999.0, 9.7, 10.0, 21.66, 9999.0, 24.05, 9999.0, 117.66, 127.98, 120.25, 91.2, 138.5
2024-11-07, 20:52:49, 136.5, 58.25, 22.98, 22.0, 9999.0, 9.73, 10.0, 21.66, 9999.0, 24.02, 9999.0, 117.68, 127.98, 120.25, 91.2, 138.5
2024-11-07, 20:52:53, 136.5, 58.25, 22.98, 22.0, 9999.0, 9.75, 10.0, 21.64, 9999.0, 24.0, 9999.0, 117.7, 127.98, 120.25, 91.2, 138.5
2024-11-07, 20:52:57, 136.5, 58.25, 22.98, 22.0, 9999.0, 9.77, 10.0, 21.61, 9999.0, 24.0, 9999.0, 117.73, 127.98, 120.25, 91.2, 138.5
2024-11-07, 20:53:01, 136.5, 58.27, 22.98, 22.02, 9999.0, 9.77, 10.0, 21.64, 9999.0, 24.0, 9999.0, 117.75, 127.98, 120.25, 91.2, 138.5
2024-11-07, 20:53:05, 136.5, 58.27, 22.98, 22.02, 9999.0, 9.77, 10.0, 21.66, 9999.0, 24.02, 9999.0, 117.77, 127.98, 120.25, 91.23, 138.5
2024-11-07, 20:53:09, 136.5, 58.27, 22.98, 22.02, 9999.0, 9.75, 10.0, 21.66, 9999.0, 24.05, 9999.0, 117.8, 127.98, 120.25, 91.23, 138.5
2024-11-07, 20:53:13, 136.5, 58.27, 22.98, 22.02, 9999.0, 9.73, 10.0, 21.64, 9999.0, 24.07, 9999.0, 117.82, 127.98, 120.25, 91.23, 138.5
2024-11-07, 20:53:17, 136.5, 58.27, 22.98, 22.02, 9999.0, 9.68, 10.0, 21.64, 9999.0, 24.07, 9999.0, 117.82, 128.0, 120.25, 91.23, 138.5
2024-11-07, 20:53:21, 136.5, 58.27, 22.98, 22.05, 9999.0, 9.66, 10.0, 21.64, 9999.0, 24.07, 9999.0, 117.82, 128.0, 120.25, 91.23, 138.5
2024-11-07, 20:53:25, 136.5, 58.27, 22.98, 22.05, 9999.0, 9.64, 10.0, 21.64, 9999.0, 24.07, 9999.0, 117.82, 128.0, 120.25, 91.25, 138.5
2024-11-07, 20:53:29, 136.5, 58.27, 22.98, 22.07, 9999.0, 9.61, 10.0, 21.64, 9999.0, 24.07, 9999.0, 117.8, 128.0, 120.25, 91.25, 138.5
2024-11-07, 20:53:33, 136.5, 58.27, 22.98, 22.07, 9999.0, 9.59, 10.0, 21.64, 9999.0, 24.07, 9999.0, 117.75, 128.0, 120.25, 91.25, 138.5
2024-11-07, 20:53:37, 136.5, 58.27, 22.98, 22.07, 9999.0, 9.59, 10.0, 21.66, 9999.0, 24.07, 9999.0, 117.73, 128.0, 120.25, 91.25, 138.5
2024-11-07, 20:53:41, 136.5, 58.27, 22.98, 22.07, 9999.0, 9.59, 10.0, 21.68, 9999.0, 24.07, 9999.0, 117.7, 127.98, 120.25, 91.25, 138.5
2024-11-07, 20:53:45, 136.5, 58.25, 22.98, 22.05, 9999.0, 9.59, 10.0, 21.68, 9999.0, 24.07, 9999.0, 117.68, 127.95, 120.25, 91.25, 138.5
2024-11-07, 20:53:49, 136.5, 58.25, 22.98, 22.05, 9999.0, 9.59, 10.0, 21.68, 9999.0, 24.05, 9999.0, 117.66, 127.95, 120.25, 91.25, 138.5
2024-11-07, 20:53:53, 136.5, 58.25, 22.98, 22.05, 9999.0, 9.61, 10.0, 21.68, 9999.0, 24.02, 9999.0, 117.66, 127.93, 120.25, 91.25, 138.5
2024-11-07, 20:53:57, 136.5, 58.25, 22.98, 22.05, 9999.0, 9.64, 10.0, 21.7, 9999.0, 24.0, 9999.0, 117.66, 127.91, 120.25, 91.25, 138.5
2024-11-07, 20:54:01, 136.5, 58.25, 22.98, 22.05, 9999.0, 9.66, 10.0, 21.7, 9999.0, 24.0, 9999.0, 117.66, 127.89, 120.25, 91.25, 138.5
2024-11-07, 20:54:05, 136.5, 58.25, 22.98, 22.02, 9999.0, 9.68, 10.0, 21.7, 9999.0, 24.0, 9999.0, 117.68, 127.89, 120.25, 91.25, 138.5
2024-11-07, 20:54:09, 136.5, 58.25, 22.98, 22.02, 9999.0, 9.7, 10.0, 21.7, 9999.0, 24.0, 9999.0, 117.7, 127.89, 120.25, 91.25, 138.5
2024-11-07, 20:54:13, 136.5, 58.27, 23.0, 22.0, 9999.0, 9.73, 10.0, 21.73, 9999.0, 24.0, 9999.0, 117.73, 127.89, 120.25, 91.25, 138.5
2024-11-07, 20:54:17, 136.5, 58.3, 23.0, 22.0, 9999.0, 9.73, 10.0, 21.75, 9999.0, 24.0, 9999.0, 117.75, 127.89, 120.25, 91.25, 138.5
2024-11-07, 20:54:21, 136.5, 58.3, 23.0, 22.0, 9999.0, 9.73, 10.0, 21.75, 9999.0, 24.0, 9999.0, 117.75, 127.89, 120.25, 91.23, 138.5
2024-11-07, 20:54:25, 136.5, 58.3, 23.0, 22.0, 9999.0, 9.73, 10.0, 21.75, 9999.0, 24.02, 9999.0, 117.77, 127.91, 120.25, 91.23, 138.5
2024-11-07, 20:54:29, 136.5, 58.3, 23.0, 22.0, 9999.0, 9.7, 10.0, 21.73, 9999.0, 24.05, 9999.0, 117.8, 127.93, 120.25, 91.23, 138.5
2024-11-07, 20:54:33, 136.5, 58.3, 23.0, 22.0, 9999.0, 9.68, 10.0, 21.73, 9999.0, 24.07, 9999.0, 117.82, 127.93, 120.25, 91.23, 138.5
2024-11-07, 20:54:37, 136.5, 58.3, 23.0, 22.0, 9999.0, 9.66, 10.0, 21.7, 9999.0, 24.09, 9999.0, 117.82, 127.95, 120.25, 91.23, 138.5
2024-11-07, 20:54:41, 136.5, 58.3, 22.98, 22.0, 9999.0, 9.64, 10.0, 21.7, 9999.0, 24.11, 9999.0, 117.82, 127.98, 120.25, 91.23, 138.5
2024-11-07, 20:54:45, 136.5, 58.3, 22.98, 22.0, 9999.0, 9.61, 10.0, 21.68, 9999.0, 24.14, 9999.0, 117.82, 128.0, 120.25, 91.23, 138.5
2024-11-07, 20:54:49, 136.5, 58.3, 22.98, 22.0, 9999.0, 9.59, 10.0, 21.68, 9999.0, 24.14, 9999.0, 117.77, 128.0, 120.25, 91.23, 138.5
2024-11-07, 20:54:53, 136.5, 58.3, 22.98, 22.0, 9999.0, 9.57, 10.0, 21.68, 9999.0, 24.14, 9999.0, 117.73, 128.0, 120.25, 91.23, 138.5
2024-11-07, 20:54:57, 136.5, 58.27, 22.98, 22.0, 9999.0, 9.57, 10.0, 21.66, 9999.0, 24.14, 9999.0, 117.68, 128.0, 120.25, 91.23, 138.5
2024-11-07, 20:55:01, 136.5, 58.25, 22.98, 22.0, 9999.0, 9.59, 10.0, 21.66, 9999.0, 24.14, 9999.0, 117.66, 128.0, 120.25, 91.23, 138.5
2024-11-07, 20:55:05, 136.5, 58.25, 22.98, 22.0, 9999.0, 9.59, 10.0, 21.66, 9999.0, 24.14, 9999.0, 117.64, 128.0, 120.25, 91.25, 138.5
2024-11-07, 20:55:09, 136.5, 58.25, 22.98, 22.0, 9999.0, 9.61, 10.0, 21.64, 9999.0, 24.09, 9999.0, 117.61, 128.0, 120.25, 91.25, 138.5
2024-11-07, 20:55:13, 136.5, 58.25, 22.98, 22.0, 9999.0, 9.64, 10.0, 21.64, 9999.0, 24.07, 9999.0, 117.61, 128.0, 120.25, 91.25, 138.5
2024-11-07, 20:55:17, 136.5, 58.25, 22.98, 22.0, 9999.0, 9.66, 10.0, 21.64, 9999.0, 24.05, 9999.0, 117.61, 128.0, 120.25, 91.25, 138.5
2024-11-07, 20:55:21, 136.5, 58.25, 22.98, 22.0, 9999.0, 9.68, 10.0, 21.66, 9999.0, 24.02, 9999.0, 117.61, 128.0, 120.25, 91.25, 138.5
2024-11-07, 20:55:25, 136.5, 58.25, 23.0, 22.0, 9999.0, 9.7, 10.0, 21.66, 9999.0, 24.0, 9999.0, 117.64, 128.0, 120.25, 91.25, 138.5
2024-11-07, 20:55:29, 136.5, 58.25, 23.0, 22.0, 9999.0, 9.73, 10.0, 21.68, 9999.0, 23.98, 9999.0, 117.64, 128.0, 120.25, 91.25, 138.5
2024-11-07, 20:55:33, 136.5, 58.25, 23.0, 22.0, 9999.0, 9.75, 10.0, 21.66, 9999.0, 24.0, 9999.0, 117.66, 128.0, 120.25, 91.25, 138.5
2024-11-07, 20:55:37, 136.5, 58.25, 23.0, 22.0, 9999.0, 9.77, 10.0, 21.66, 9999.0, 24.0, 9999.0, 117.68, 128.0, 120.25, 91.25, 138.5
2024-11-07, 20:55:41, 136.5, 58.25, 23.0, 22.0, 9999.0, 9.75, 10.0, 21.68, 9999.0, 24.02, 9999.0, 117.7, 128.0, 120.25, 91.25, 138.5
2024-11-07, 20:55:45, 136.5, 58.25, 23.0, 22.0, 9999.0, 9.73, 10.0, 21.66, 9999.0, 24.07, 9999.0, 117.73, 128.0, 120.25, 91.25, 138.5
2024-11-07, 20:55:49, 136.5, 58.25, 23.0, 22.0, 9999.0, 9.7, 10.0, 21.64, 9999.0, 24.09, 9999.0, 117.75, 128.0, 120.25, 91.25, 138.5
2024-11-07, 20:55:53, 136.5, 58.25, 23.0, 22.0, 9999.0, 9.66, 10.0, 21.64, 9999.0, 24.14, 9999.0, 117.77, 128.0, 120.25, 91.25, 138.5
2024-11-07, 20:55:57, 136.5, 58.25, 23.0, 22.0, 9999.0, 9.64, 10.0, 21.64, 9999.0, 24.16, 9999.0, 117.77, 128.0, 120.25, 91.25, 138.5
2024-11-07, 20:56:01, 136.5, 58.25, 23.0, 22.0, 9999.0, 9.61, 10.0, 21.61, 9999.0, 24.18, 9999.0, 117.77, 128.0, 120.25, 91.25, 138.5
2024-11-07, 20:56:05, 136.5, 58.25, 22.98, 22.0, 9999.0, 9.59, 10.0, 21.59, 9999.0, 24.2, 9999.0, 117.77, 128.0, 120.25, 91.25, 138.5
2024-11-07, 20:56:09, 136.5, 58.25, 22.98, 22.0, 9999.0, 9.57, 10.0, 21.57, 9999.0, 24.23, 9999.0, 117.75, 127.98, 120.25, 91.25, 138.5
2024-11-07, 20:56:14, 136.5, 58.25, 22.95, 22.0, 9999.0, 9.57, 10.0, 21.57, 9999.0, 24.25, 9999.0, 117.73, 127.98, 120.25, 91.25, 138.5
2024-11-07, 20:56:18, 136.5, 58.25, 22.95, 22.0, 9999.0, 9.57, 10.0, 21.57, 9999.0, 24.25, 9999.0, 117.7, 127.98, 120.25, 91.25, 138.5
2024-11-07, 20:56:22, 136.5, 58.25, 22.95, 22.0, 9999.0, 9.57, 10.0, 21.57, 9999.0, 24.25, 9999.0, 117.68, 127.95, 120.25, 91.23, 138.5
2024-11-07, 20:56:26, 136.5, 58.25, 22.93, 22.0, 9999.0, 9.59, 10.0, 21.57, 9999.0, 24.23, 9999.0, 117.66, 127.95, 120.25, 91.23, 138.5
2024-11-07, 20:56:30, 136.5, 58.27, 22.91, 22.0, 9999.0, 9.61, 10.0, 21.59, 9999.0, 24.18, 9999.0, 117.66, 127.95, 120.25, 91.23, 138.5
2024-11-07, 20:56:34, 136.5, 58.27, 22.91, 22.0, 9999.0, 9.64, 10.0, 21.61, 9999.0, 24.16, 9999.0, 117.66, 127.93, 120.25, 91.23, 138.5
2024-11-07, 20:56:38, 136.5, 58.27, 22.91, 22.0, 9999.0, 9.66, 10.0, 21.64, 9999.0, 24.14, 9999.0, 117.66, 127.91, 120.25, 91.23, 138.5
2024-11-07, 20:56:42, 136.5, 58.27, 22.91, 22.0, 9999.0, 9.68, 10.0, 21.66, 9999.0, 24.11, 9999.0, 117.66, 127.91, 120.25, 91.23, 138.5
2024-11-07, 20:56:46, 136.52, 58.27, 22.89, 22.0, 9999.0, 9.7, 10.0, 21.66, 9999.0, 24.09, 9999.0, 117.68, 127.91, 120.25, 91.23, 138.5
2024-11-07, 20:56:50, 136.52, 58.27, 22.89, 22.0, 9999.0, 9.73, 10.0, 21.68, 9999.0, 24.07, 9999.0, 117.7, 127.91, 120.25, 91.23, 138.5
2024-11-07, 20:56:54, 136.52, 58.27, 22.89, 22.0, 9999.0, 9.75, 10.0, 21.68, 9999.0, 24.05, 9999.0, 117.7, 127.93, 120.25, 91.23, 138.5
2024-11-07, 20:56:58, 136.52, 58.27, 22.91, 22.0, 9999.0, 9.75, 10.0, 21.66, 9999.0, 24.02, 9999.0, 117.73, 127.93, 120.25, 91.23, 138.5
2024-11-07, 20:57:02, 136.52, 58.27, 22.91, 22.0, 9999.0, 9.75, 10.0, 21.68, 9999.0, 24.02, 9999.0, 117.75, 127.93, 120.25, 91.2, 138.5
2024-11-07, 20:57:06, 136.55, 58.3, 22.89, 22.0, 9999.0, 9.73, 10.0, 21.66, 9999.0, 24.05, 9999.0, 117.77, 127.95, 120.25, 91.23, 138.5
2024-11-07, 20:57:10, 136.55, 58.3, 22.91, 22.0, 9999.0, 9.7, 10.0, 21.64, 9999.0, 24.07, 9999.0, 117.8, 127.95, 120.25, 91.23, 138.5
2024-11-07, 20:57:14, 136.55, 58.27, 22.93, 22.0, 9999.0, 9.68, 10.0, 21.61, 9999.0, 24.09, 9999.0, 117.8, 127.95, 120.25, 91.2, 138.5
2024-11-07, 20:57:18, 136.55, 58.27, 22.91, 22.0, 9999.0, 9.66, 10.0, 21.59, 9999.0, 24.09, 9999.0, 117.8, 127.98, 120.25, 91.18, 138.5
2024-11-07, 20:57:22, 136.55, 58.27, 22.89, 22.0, 9999.0, 9.64, 10.0, 21.59, 9999.0, 24.09, 9999.0, 117.77, 128.0, 120.25, 91.16, 138.5
2024-11-07, 20:57:26, 136.55, 58.27, 22.86, 22.0, 9999.0, 9.61, 10.0, 21.59, 9999.0, 24.09, 9999.0, 117.77, 128.0, 120.25, 91.14, 138.5
2024-11-07, 20:57:30, 136.52, 58.27, 22.86, 22.0, 9999.0, 9.59, 10.0, 21.59, 9999.0, 24.09, 9999.0, 117.73, 128.0, 120.25, 91.11, 138.5
2024-11-07, 20:57:34, 136.52, 58.3, 22.89, 22.0, 9999.0, 9.59, 10.0, 21.59, 9999.0, 24.09, 9999.0, 117.68, 127.98, 120.25, 91.11, 138.5
2024-11-07, 20:57:38, 136.52, 58.3, 22.86, 22.0, 9999.0, 9.59, 10.0, 21.59, 9999.0, 24.09, 9999.0, 117.66, 127.95, 120.25, 91.11, 138.5
2024-11-07, 20:57:42, 136.52, 58.3, 22.84, 22.0, 9999.0, 9.59, 10.0, 21.61, 9999.0, 24.09, 9999.0, 117.64, 127.93, 120.25, 91.11, 138.5
2024-11-07, 20:57:46, 136.52, 58.3, 22.82, 22.0, 9999.0, 9.61, 10.0, 21.59, 9999.0, 24.07, 9999.0, 117.61, 127.93, 120.25, 91.14, 138.5
2024-11-07, 20:57:50, 136.5, 58.27, 22.84, 22.0, 9999.0, 9.66, 10.0, 21.61, 9999.0, 24.05, 9999.0, 117.61, 127.91, 120.25, 91.11, 138.5
2024-11-07, 20:57:54, 136.5, 58.27, 22.82, 22.0, 9999.0, 9.68, 10.0, 21.64, 9999.0, 24.02, 9999.0, 117.61, 127.89, 120.25, 91.11, 138.5
2024-11-07, 20:57:58, 136.5, 58.27, 22.8, 22.0, 9999.0, 9.7, 10.0, 21.66, 9999.0, 24.0, 9999.0, 117.61, 127.86, 120.25, 91.11, 138.5
2024-11-07, 20:58:02, 136.5, 58.27, 22.8, 22.0, 9999.0, 9.73, 10.0, 21.68, 9999.0, 24.0, 9999.0, 117.61, 127.86, 120.25, 91.14, 138.5
2024-11-07, 20:58:06, 136.5, 58.27, 22.8, 22.0, 9999.0, 9.75, 10.0, 21.68, 9999.0, 24.0, 9999.0, 117.66, 127.86, 120.25, 91.16, 138.5
2024-11-07, 20:58:10, 136.5, 58.27, 22.8, 22.0, 9999.0, 9.77, 10.0, 21.66, 9999.0, 24.02, 9999.0, 117.66, 127.86, 120.25, 91.18, 138.5
2024-11-07, 20:58:14, 136.5, 58.27, 22.8, 22.0, 9999.0, 9.77, 10.0, 21.66, 9999.0, 24.05, 9999.0, 117.68, 127.84, 120.25, 91.2, 138.5
2024-11-07, 20:58:18, 136.5, 58.25, 22.8, 22.0, 9999.0, 9.77, 10.0, 21.66, 9999.0, 24.07, 9999.0, 117.7, 127.86, 120.25, 91.2, 138.5
2024-11-07, 20:58:22, 136.5, 58.25, 22.8, 22.0, 9999.0, 9.75, 10.0, 21.68, 9999.0, 24.11, 9999.0, 117.73, 127.89, 120.25, 91.2, 138.5
2024-11-07, 20:58:26, 136.5, 58.27, 22.8, 22.0, 9999.0, 9.73, 10.0, 21.66, 9999.0, 24.16, 9999.0, 117.75, 127.91, 120.25, 91.2, 138.5
2024-11-07, 20:58:30, 136.5, 58.27, 22.8, 22.0, 9999.0, 9.68, 10.0, 21.68, 9999.0, 24.2, 9999.0, 117.77, 127.91, 120.25, 91.2, 138.5
2024-11-07, 20:58:34, 136.5, 58.27, 22.77, 22.0, 9999.0, 9.64, 10.0, 21.66, 9999.0, 24.23, 9999.0, 117.77, 127.93, 120.25, 91.23, 138.5
2024-11-07, 20:58:38, 136.5, 58.27, 22.8, 22.0, 9999.0, 9.61, 10.0, 21.66, 9999.0, 24.25, 9999.0, 117.77, 127.95, 120.25, 91.23, 138.5
2024-11-07, 20:58:42, 136.5, 58.27, 22.8, 22.0, 9999.0, 9.59, 10.0, 21.64, 9999.0, 24.27, 9999.0, 117.75, 127.95, 120.25, 91.23, 138.5
2024-11-07, 20:58:46, 136.5, 58.27, 22.8, 22.0, 9999.0, 9.57, 10.0, 21.61, 9999.0, 24.3, 9999.0, 117.75, 127.95, 120.25, 91.23, 138.5
2024-11-07, 20:58:50, 136.52, 58.27, 22.8, 22.0, 9999.0, 9.55, 10.0, 21.61, 9999.0, 24.32, 9999.0, 117.7, 127.95, 120.25, 91.23, 138.5
2024-11-07, 20:58:54, 136.52, 58.27, 22.82, 22.0, 9999.0, 9.55, 10.0, 21.64, 9999.0, 24.3, 9999.0, 117.68, 127.93, 120.25, 91.23, 138.5
2024-11-07, 20:58:58, 136.52, 58.27, 22.82, 22.0, 9999.0, 9.57, 10.0, 21.64, 9999.0, 24.27, 9999.0, 117.66, 127.95, 120.25, 91.23, 138.5
2024-11-07, 20:59:02, 136.52, 58.27, 22.8, 22.0, 9999.0, 9.57, 10.0, 21.64, 9999.0, 24.27, 9999.0, 117.64, 127.93, 120.25, 91.23, 138.48
2024-11-07, 20:59:06, 136.52, 58.27, 22.8, 22.0, 9999.0, 9.61, 10.0, 21.61, 9999.0, 24.23, 9999.0, 117.61, 127.91, 120.25, 91.23, 138.48
2024-11-07, 20:59:10, 136.52, 58.25, 22.8, 22.0, 9999.0, 9.64, 10.0, 21.64, 9999.0, 24.18, 9999.0, 117.61, 127.89, 120.25, 91.23, 138.48
2024-11-07, 20:59:14, 136.52, 58.25, 22.8, 22.0, 9999.0, 9.66, 10.0, 21.64, 9999.0, 24.14, 9999.0, 117.59, 127.86, 120.25, 91.2, 138.48
2024-11-07, 20:59:18, 136.52, 58.25, 22.8, 22.0, 9999.0, 9.68, 10.0, 21.64, 9999.0, 24.11, 9999.0, 117.59, 127.84, 120.25, 91.2, 138.48
2024-11-07, 20:59:22, 136.52, 58.25, 22.77, 22.0, 9999.0, 9.7, 10.0, 21.64, 9999.0, 24.09, 9999.0, 117.59, 127.82, 120.25, 91.2, 138.48
2024-11-07, 20:59:26, 136.52, 58.25, 22.8, 22.0, 9999.0, 9.73, 10.0, 21.66, 9999.0, 24.07, 9999.0, 117.61, 127.84, 120.25, 91.23, 138.48
2024-11-07, 20:59:30, 136.52, 58.25, 22.82, 22.0, 9999.0, 9.75, 10.0, 21.66, 9999.0, 24.07, 9999.0, 117.61, 127.84, 120.25, 91.23, 138.48
2024-11-07, 20:59:34, 136.5, 58.25, 22.82, 22.0, 9999.0, 9.77, 10.0, 21.66, 9999.0, 24.05, 9999.0, 117.64, 127.84, 120.25, 91.23, 138.48
2024-11-07, 20:59:38, 136.5, 58.25, 22.8, 22.0, 9999.0, 9.77, 10.0, 21.66, 9999.0, 24.07, 9999.0, 117.66, 127.84, 120.25, 91.23, 138.48
2024-11-07, 20:59:42, 136.5, 58.25, 22.8, 22.0, 9999.0, 9.77, 10.0, 21.68, 9999.0, 24.09, 9999.0, 117.68, 127.84, 120.25, 91.23, 138.48
2024-11-07, 20:59:46, 136.52, 58.25, 22.8, 22.0, 9999.0, 9.75, 10.0, 21.68, 9999.0, 24.07, 9999.0, 117.7, 127.86, 120.25, 91.23, 138.5
2024-11-07, 20:59:50, 136.52, 58.25, 22.8, 22.0, 9999.0, 9.7, 10.0, 21.7, 9999.0, 24.07, 9999.0, 117.73, 127.89, 120.25, 91.23, 138.5
2024-11-07, 20:59:54, 136.52, 58.25, 22.82, 22.0, 9999.0, 9.68, 10.0, 21.68, 9999.0, 24.07, 9999.0, 117.73, 127.89, 120.25, 91.23, 138.5
2024-11-07, 20:59:58, 136.52, 58.25, 22.82, 22.0, 9999.0, 9.66, 10.0, 21.68, 9999.0, 24.07, 9999.0, 117.75, 127.91, 120.25, 91.25, 138.5
2024-11-07, 21:00:03, 136.52, 58.25, 22.82, 22.0, 9999.0, 9.64, 10.0, 21.7, 9999.0, 24.05, 9999.0, 117.75, 127.91, 120.25, 91.25, 138.5
2024-11-07, 21:00:07, 136.52, 58.27, 22.84, 22.0, 9999.0, 9.61, 10.0, 21.68, 9999.0, 24.05, 9999.0, 117.73, 127.91, 120.25, 91.25, 138.5
2024-11-07, 21:00:11, 136.52, 58.27, 22.84, 22.0, 9999.0, 9.61, 10.0, 21.66, 9999.0, 24.05, 9999.0, 117.7, 127.89, 120.25, 91.25, 138.5
2024-11-07, 21:00:15, 136.52, 58.27, 22.82, 22.0, 9999.0, 9.61, 10.0, 21.68, 9999.0, 24.0, 9999.0, 117.68, 127.86, 120.25, 91.25, 138.5
2024-11-07, 21:00:19, 136.52, 58.27, 22.82, 22.0, 9999.0, 9.61, 10.0, 21.68, 9999.0, 23.98, 9999.0, 117.66, 127.84, 120.25, 91.25, 138.5
2024-11-07, 21:00:23, 136.52, 58.27, 22.82, 22.0, 9999.0, 9.64, 10.0, 21.68, 9999.0, 23.95, 9999.0, 117.64, 127.84, 120.25, 91.25, 138.5
2024-11-07, 21:00:27, 136.52, 58.27, 22.82, 22.0, 9999.0, 9.64, 10.0, 21.68, 9999.0, 23.93, 9999.0, 117.64, 127.82, 120.25, 91.25, 138.5
2024-11-07, 21:00:31, 136.5, 58.27, 22.82, 22.0, 9999.0, 9.66, 10.0, 21.68, 9999.0, 23.93, 9999.0, 117.61, 127.82, 120.25, 91.25, 138.5
2024-11-07, 21:00:35, 136.5, 58.27, 22.84, 22.0, 9999.0, 9.68, 10.0, 21.66, 9999.0, 23.91, 9999.0, 117.61, 127.8, 120.25, 91.25, 138.5
2024-11-07, 21:00:39, 136.5, 58.27, 22.84, 22.0, 9999.0, 9.7, 10.0, 21.68, 9999.0, 23.89, 9999.0, 117.61, 127.82, 120.25, 91.25, 138.5
2024-11-07, 21:00:43, 136.5, 58.27, 22.84, 22.0, 9999.0, 9.73, 10.0, 21.66, 9999.0, 23.86, 9999.0, 117.61, 127.8, 120.25, 91.25, 138.5
2024-11-07, 21:00:47, 136.5, 58.27, 22.84, 22.0, 9999.0, 9.75, 10.0, 21.64, 9999.0, 23.86, 9999.0, 117.61, 127.82, 120.25, 91.25, 138.5
2024-11-07, 21:00:51, 136.5, 58.25, 22.84, 22.0, 9999.0, 9.77, 10.0, 21.66, 9999.0, 23.86, 9999.0, 117.64, 127.82, 120.25, 91.25, 138.5
2024-11-07, 21:00:55, 136.5, 58.25, 22.82, 22.0, 9999.0, 9.77, 10.0, 21.66, 9999.0, 23.86, 9999.0, 117.66, 127.82, 120.25, 91.25, 138.5
2024-11-07, 21:00:59, 136.5, 58.25, 22.84, 22.0, 9999.0, 9.75, 10.0, 21.66, 9999.0, 23.91, 9999.0, 117.68, 127.84, 120.25, 91.25, 138.5
2024-11-07, 21:01:03, 136.5, 58.25, 22.84, 22.0, 9999.0, 9.73, 10.0, 21.66, 9999.0, 23.93, 9999.0, 117.7, 127.84, 120.25, 91.25, 138.5
2024-11-07, 21:01:07, 136.5, 58.25, 22.86, 22.0, 9999.0, 9.68, 10.0, 21.66, 9999.0, 23.93, 9999.0, 117.73, 127.86, 120.25, 91.25, 138.5
2024-11-07, 21:01:11, 136.5, 58.25, 22.86, 22.0, 9999.0, 9.66, 10.0, 21.66, 9999.0, 23.93, 9999.0, 117.73, 127.86, 120.25, 91.25, 138.5
2024-11-07, 21:01:15, 136.5, 58.25, 22.86, 22.0, 9999.0, 9.64, 10.0, 21.66, 9999.0, 23.93, 9999.0, 117.75, 127.84, 120.25, 91.25, 138.5
2024-11-07, 21:01:19, 136.5, 58.25, 22.84, 22.0, 9999.0, 9.61, 10.0, 21.68, 9999.0, 23.95, 9999.0, 117.73, 127.86, 120.25, 91.25, 138.5
2024-11-07, 21:01:23, 136.5, 58.25, 22.82, 22.0, 9999.0, 9.59, 10.0, 21.68, 9999.0, 23.98, 9999.0, 117.73, 127.86, 120.25, 91.25, 138.5
2024-11-07, 21:01:27, 136.5, 58.25, 22.84, 22.0, 9999.0, 9.57, 10.0, 21.7, 9999.0, 23.98, 9999.0, 117.7, 127.89, 120.25, 91.25, 138.48
2024-11-07, 21:01:31, 136.5, 58.25, 22.86, 22.0, 9999.0, 9.57, 10.0, 21.7, 9999.0, 23.98, 9999.0, 117.68, 127.89, 120.25, 91.25, 138.48
2024-11-07, 21:01:35, 136.5, 58.25, 22.86, 22.0, 9999.0, 9.57, 10.0, 21.68, 9999.0, 23.95, 9999.0, 117.66, 127.89, 120.25, 91.25, 138.48
2024-11-07, 21:01:39, 136.5, 58.25, 22.86, 22.0, 9999.0, 9.57, 10.0, 21.7, 9999.0, 23.95, 9999.0, 117.64, 127.89, 120.25, 91.25, 138.48
2024-11-07, 21:01:43, 136.5, 58.25, 22.86, 22.0, 9999.0, 9.61, 10.0, 21.7, 9999.0, 23.91, 9999.0, 117.61, 127.86, 120.25, 91.25, 138.48
2024-11-07, 21:01:47, 136.5, 58.25, 22.86, 22.0, 9999.0, 9.66, 10.0, 21.7, 9999.0, 23.89, 9999.0, 117.61, 127.89, 120.25, 91.25, 138.48
2024-11-07, 21:01:51, 136.5, 58.25, 22.84, 22.0, 9999.0, 9.68, 10.0, 21.7, 9999.0, 23.86, 9999.0, 117.61, 127.86, 120.25, 91.25, 138.48
2024-11-07, 21:01:55, 136.5, 58.25, 22.84, 22.0, 9999.0, 9.7, 10.0, 21.7, 9999.0, 23.84, 9999.0, 117.61, 127.86, 120.25, 91.25, 138.48
2024-11-07, 21:01:59, 136.5, 58.25, 22.86, 22.0, 9999.0, 9.73, 10.0, 21.68, 9999.0, 23.82, 9999.0, 117.64, 127.89, 120.25, 91.25, 138.48
2024-11-07, 21:02:03, 136.5, 58.25, 22.86, 22.0, 9999.0, 9.75, 10.0, 21.68, 9999.0, 23.8, 9999.0, 117.68, 127.89, 120.25, 91.25, 138.48
2024-11-07, 21:02:07, 136.5, 58.25, 22.89, 22.0, 9999.0, 9.77, 10.0, 21.68, 9999.0, 23.77, 9999.0, 117.7, 127.89, 120.25, 91.25, 138.48
2024-11-07, 21:02:11, 136.5, 58.25, 22.89, 22.0, 9999.0, 9.8, 10.0, 21.68, 9999.0, 23.77, 9999.0, 117.73, 127.86, 120.25, 91.25, 138.5
2024-11-07, 21:02:15, 136.5, 58.25, 22.89, 22.0, 9999.0, 9.77, 10.0, 21.68, 9999.0, 23.77, 9999.0, 117.75, 127.86, 120.25, 91.25, 138.5
2024-11-07, 21:02:19, 136.5, 58.25, 22.89, 22.0, 9999.0, 9.77, 10.0, 21.7, 9999.0, 23.8, 9999.0, 117.77, 127.89, 120.25, 91.25, 138.5
2024-11-07, 21:02:23, 136.5, 58.25, 22.89, 22.0, 9999.0, 9.75, 10.0, 21.68, 9999.0, 23.8, 9999.0, 117.8, 127.91, 120.25, 91.25, 138.5
2024-11-07, 21:02:28, 136.5, 58.25, 22.86, 22.0, 9999.0, 9.7, 10.0, 21.68, 9999.0, 23.82, 9999.0, 117.82, 127.93, 120.25, 91.25, 138.5
2024-11-07, 21:02:32, 136.5, 58.25, 22.89, 22.0, 9999.0, 9.66, 10.0, 21.68, 9999.0, 23.84, 9999.0, 117.8, 127.91, 120.25, 91.25, 138.5
2024-11-07, 21:02:36, 136.5, 58.25, 22.89, 22.0, 9999.0, 9.64, 10.0, 21.68, 9999.0, 23.86, 9999.0, 117.8, 127.93, 120.25, 91.25, 138.5
2024-11-07, 21:02:40, 136.5, 58.25, 22.91, 22.0, 9999.0, 9.61, 10.0, 21.68, 9999.0, 23.89, 9999.0, 117.77, 127.95, 120.25, 91.25, 138.5
2024-11-07, 21:02:44, 136.5, 58.25, 22.91, 22.0, 9999.0, 9.59, 10.0, 21.7, 9999.0, 23.89, 9999.0, 117.73, 127.95, 120.25, 91.25, 138.5
2024-11-07, 21:02:48, 136.5, 58.25, 22.93, 22.0, 9999.0, 9.57, 10.0, 21.7, 9999.0, 23.91, 9999.0, 117.7, 127.95, 120.25, 91.25, 138.5
2024-11-07, 21:02:52, 136.5, 58.25, 22.93, 22.0, 9999.0, 9.57, 10.0, 21.7, 9999.0, 23.91, 9999.0, 117.66, 127.95, 120.25, 91.25, 138.5
2024-11-07, 21:02:56, 136.5, 58.25, 22.93, 22.0, 9999.0, 9.57, 10.0, 21.68, 9999.0, 23.91, 9999.0, 117.64, 127.95, 120.25, 91.25, 138.5
2024-11-07, 21:03:00, 136.5, 58.25, 22.91, 22.0, 9999.0, 9.59, 10.0, 21.7, 9999.0, 23.91, 9999.0, 117.61, 127.93, 120.25, 91.25, 138.5
2024-11-07, 21:03:04, 136.5, 58.25, 22.91, 22.0, 9999.0, 9.59, 10.0, 21.7, 9999.0, 23.89, 9999.0, 117.59, 127.93, 120.25, 91.25, 138.5
2024-11-07, 21:03:08, 136.5, 58.25, 22.93, 22.0, 9999.0, 9.61, 10.0, 21.73, 9999.0, 23.86, 9999.0, 117.59, 127.93, 120.25, 91.25, 138.5
2024-11-07, 21:03:12, 136.5, 58.25, 22.95, 22.0, 9999.0, 9.64, 10.0, 21.73, 9999.0, 23.84, 9999.0, 117.59, 127.91, 120.25, 91.25, 138.5
2024-11-07, 21:03:16, 136.5, 58.25, 22.95, 22.0, 9999.0, 9.66, 10.0, 21.73, 9999.0, 23.8, 9999.0, 117.61, 127.93, 120.25, 91.25, 138.5
2024-11-07, 21:03:20, 136.5, 58.25, 22.95, 22.0, 9999.0, 9.68, 10.0, 21.73, 9999.0, 23.77, 9999.0, 117.61, 127.93, 120.25, 91.25, 138.5
2024-11-07, 21:03:24, 136.5, 58.25, 22.93, 22.0, 9999.0, 9.7, 10.0, 21.7, 9999.0, 23.75, 9999.0, 117.64, 127.93, 120.25, 91.25, 138.5
2024-11-07, 21:03:28, 136.5, 58.25, 22.91, 22.0, 9999.0, 9.73, 10.0, 21.7, 9999.0, 23.75, 9999.0, 117.66, 127.93, 120.25, 91.25, 138.5
2024-11-07, 21:03:32, 136.52, 58.25, 22.91, 22.0, 9999.0, 9.75, 10.0, 21.7, 9999.0, 23.73, 9999.0, 117.66, 127.93, 120.25, 91.25, 138.5
2024-11-07, 21:03:36, 136.52, 58.25, 22.89, 22.0, 9999.0, 9.73, 10.0, 21.68, 9999.0, 23.73, 9999.0, 117.68, 127.93, 120.25, 91.25, 138.5
2024-11-07, 21:03:40, 136.52, 58.25, 22.89, 22.0, 9999.0, 9.7, 10.0, 21.68, 9999.0, 23.75, 9999.0, 117.7, 127.95, 120.25, 91.25, 138.5
2024-11-07, 21:03:44, 136.52, 58.25, 22.91, 22.0, 9999.0, 9.7, 10.0, 21.66, 9999.0, 23.77, 9999.0, 117.73, 127.98, 120.25, 91.25, 138.5
2024-11-07, 21:03:48, 136.52, 58.25, 22.91, 22.0, 9999.0, 9.68, 10.0, 21.66, 9999.0, 23.8, 9999.0, 117.75, 127.98, 120.25, 91.25, 138.5
2024-11-07, 21:03:52, 136.52, 58.25, 22.91, 22.0, 9999.0, 9.66, 10.0, 21.66, 9999.0, 23.82, 9999.0, 117.75, 127.98, 120.25, 91.25, 138.5
2024-11-07, 21:03:56, 136.52, 58.25, 22.91, 22.02, 9999.0, 9.64, 10.0, 21.64, 9999.0, 23.84, 9999.0, 117.75, 128.0, 120.25, 91.25, 138.5
2024-11-07, 21:04:00, 136.52, 58.25, 22.91, 22.02, 9999.0, 9.61, 10.0, 21.64, 9999.0, 23.89, 9999.0, 117.75, 128.0, 120.25, 91.25, 138.5
2024-11-07, 21:04:04, 136.52, 58.25, 22.93, 22.02, 9999.0, 9.59, 10.0, 21.64, 9999.0, 23.89, 9999.0, 117.73, 127.98, 120.25, 91.25, 138.5
2024-11-07, 21:04:08, 136.52, 58.25, 22.93, 22.02, 9999.0, 9.57, 10.0, 21.66, 9999.0, 23.89, 9999.0, 117.7, 127.98, 120.25, 91.25, 138.5
2024-11-07, 21:04:12, 136.52, 58.25, 22.95, 22.02, 9999.0, 9.57, 10.0, 21.66, 9999.0, 23.89, 9999.0, 117.68, 127.95, 120.25, 91.25, 138.5
2024-11-07, 21:04:16, 136.5, 58.25, 22.93, 22.05, 9999.0, 9.57, 10.0, 21.66, 9999.0, 23.89, 9999.0, 117.66, 127.93, 120.25, 91.25, 138.5
2024-11-07, 21:04:20, 136.5, 58.25, 22.95, 22.05, 9999.0, 9.59, 10.0, 21.68, 9999.0, 23.89, 9999.0, 117.64, 127.91, 120.25, 91.25, 138.5
2024-11-07, 21:04:24, 136.5, 58.25, 22.95, 22.05, 9999.0, 9.64, 10.0, 21.7, 9999.0, 23.86, 9999.0, 117.61, 127.89, 120.25, 91.25, 138.5
2024-11-07, 21:04:28, 136.5, 58.25, 22.95, 22.05, 9999.0, 9.64, 10.0, 21.73, 9999.0, 23.84, 9999.0, 117.61, 127.86, 120.25, 91.25, 138.5
2024-11-07, 21:04:32, 136.5, 58.25, 22.95, 22.07, 9999.0, 9.66, 10.0, 21.73, 9999.0, 23.82, 9999.0, 117.61, 127.86, 120.25, 91.25, 138.5
2024-11-07, 21:04:36, 136.5, 58.25, 22.95, 22.07, 9999.0, 9.68, 10.0, 21.73, 9999.0, 23.77, 9999.0, 117.61, 127.86, 120.25, 91.25, 138.5
2024-11-07, 21:04:40, 136.5, 58.25, 22.95, 22.05, 9999.0, 9.7, 10.0, 21.75, 9999.0, 23.73, 9999.0, 117.64, 127.86, 120.25, 91.25, 138.5
2024-11-07, 21:04:44, 136.5, 58.25, 22.95, 22.05, 9999.0, 9.73, 10.0, 21.75, 9999.0, 23.68, 9999.0, 117.64, 127.86, 120.25, 91.25, 138.5
2024-11-07, 21:04:48, 136.5, 58.25, 22.95, 22.05, 9999.0, 9.75, 10.0, 21.75, 9999.0, 23.68, 9999.0, 117.68, 127.89, 120.25, 91.25, 138.5
2024-11-07, 21:04:52, 136.5, 58.25, 22.95, 22.05, 9999.0, 9.77, 10.0, 21.75, 9999.0, 23.68, 9999.0, 117.7, 127.89, 120.25, 91.25, 138.5
2024-11-07, 21:04:56, 136.5, 58.25, 22.95, 22.05, 9999.0, 9.77, 10.0, 21.75, 9999.0, 23.68, 9999.0, 117.73, 127.91, 120.25, 91.25, 138.5
2024-11-07, 21:05:00, 136.5, 58.25, 22.98, 22.02, 9999.0, 9.77, 10.0, 21.75, 9999.0, 23.7, 9999.0, 117.75, 127.93, 120.25, 91.25, 138.5
2024-11-07, 21:05:04, 136.5, 58.25, 22.98, 22.02, 9999.0, 9.77, 10.0, 21.75, 9999.0, 23.7, 9999.0, 117.77, 127.95, 120.25, 91.25, 138.5
2024-11-07, 21:05:08, 136.52, 58.25, 22.98, 22.02, 9999.0, 9.75, 10.0, 21.75, 9999.0, 23.7, 9999.0, 117.8, 127.98, 120.25, 91.25, 138.5
2024-11-07, 21:05:12, 136.52, 58.25, 22.98, 22.02, 9999.0, 9.73, 10.0, 21.75, 9999.0, 23.73, 9999.0, 117.8, 128.0, 120.25, 91.25, 138.5
2024-11-07, 21:05:16, 136.52, 58.25, 22.98, 22.0, 9999.0, 9.73, 10.0, 21.75, 9999.0, 23.73, 9999.0, 117.8, 128.0, 120.25, 91.25, 138.5
2024-11-07, 21:05:20, 136.52, 58.25, 22.98, 22.0, 9999.0, 9.7, 10.0, 21.75, 9999.0, 23.75, 9999.0, 117.8, 128.0, 120.25, 91.25, 138.5
2024-11-07, 21:05:24, 136.52, 58.25, 22.98, 22.0, 9999.0, 9.68, 10.0, 21.75, 9999.0, 23.77, 9999.0, 117.77, 128.0, 120.25, 91.25, 138.5
2024-11-07, 21:05:28, 136.52, 58.25, 22.98, 22.02, 9999.0, 9.68, 10.0, 21.73, 9999.0, 23.8, 9999.0, 117.77, 128.0, 120.25, 91.25, 138.5
2024-11-07, 21:05:32, 136.52, 58.25, 22.98, 22.02, 9999.0, 9.68, 10.0, 21.7, 9999.0, 23.8, 9999.0, 117.75, 128.0, 120.25, 91.25, 138.5
2024-11-07, 21:05:36, 136.52, 58.25, 23.0, 22.02, 9999.0, 9.68, 10.0, 21.7, 9999.0, 23.8, 9999.0, 117.73, 128.0, 120.25, 91.25, 138.5
2024-11-07, 21:05:40, 136.52, 58.25, 23.0, 22.02, 9999.0, 9.68, 10.0, 21.7, 9999.0, 23.8, 9999.0, 117.7, 128.0, 120.25, 91.25, 138.5
2024-11-07, 21:05:44, 136.52, 58.25, 23.0, 22.02, 9999.0, 9.7, 10.0, 21.7, 9999.0, 23.75, 9999.0, 117.68, 128.0, 120.25, 91.25, 138.5
2024-11-07, 21:05:48, 136.52, 58.25, 23.0, 22.02, 9999.0, 9.7, 10.0, 21.7, 9999.0, 23.73, 9999.0, 117.68, 128.0, 120.25, 91.25, 138.5
2024-11-07, 21:05:52, 136.5, 58.25, 23.0, 22.02, 9999.0, 9.7, 10.0, 21.7, 9999.0, 23.7, 9999.0, 117.68, 127.98, 120.25, 91.25, 138.5
2024-11-07, 21:05:56, 136.5, 58.25, 23.0, 22.02, 9999.0, 9.73, 10.0, 21.68, 9999.0, 23.66, 9999.0, 117.7, 127.98, 120.25, 91.25, 138.5
2024-11-07, 21:06:00, 136.5, 58.25, 23.0, 22.02, 9999.0, 9.73, 10.0, 21.68, 9999.0, 23.64, 9999.0, 117.73, 127.98, 120.25, 91.25, 138.5
2024-11-07, 21:06:04, 136.5, 58.25, 23.0, 22.02, 9999.0, 9.75, 10.0, 21.68, 9999.0, 23.61, 9999.0, 117.75, 127.98, 120.25, 91.25, 138.5
2024-11-07, 21:06:08, 136.5, 58.25, 23.0, 22.05, 9999.0, 9.77, 10.0, 21.68, 9999.0, 23.61, 9999.0, 117.75, 127.98, 120.25, 91.25, 138.5
2024-11-07, 21:06:13, 136.5, 58.25, 23.0, 22.02, 9999.0, 9.77, 10.0, 21.7, 9999.0, 23.61, 9999.0, 117.75, 127.98, 120.25, 91.25, 138.5
2024-11-07, 21:06:17, 136.5, 58.25, 23.0, 22.02, 9999.0, 9.77, 10.0, 21.73, 9999.0, 23.64, 9999.0, 117.75, 127.98, 120.25, 91.25, 138.5
2024-11-07, 21:06:21, 136.5, 58.25, 23.0, 22.02, 9999.0, 9.75, 10.0, 21.73, 9999.0, 23.66, 9999.0, 117.77, 127.98, 120.25, 91.25, 138.5
2024-11-07, 21:06:25, 136.5, 58.25, 23.0, 22.02, 9999.0, 9.73, 10.0, 21.73, 9999.0, 23.68, 9999.0, 117.8, 127.98, 120.25, 91.25, 138.52
2024-11-07, 21:06:29, 136.5, 58.25, 23.0, 22.02, 9999.0, 9.68, 10.0, 21.73, 9999.0, 23.73, 9999.0, 117.82, 127.98, 120.25, 91.25, 138.52
2024-11-07, 21:06:33, 136.5, 58.25, 23.0, 22.02, 9999.0, 9.66, 10.0, 21.73, 9999.0, 23.77, 9999.0, 117.82, 127.98, 120.25, 91.25, 138.52
2024-11-07, 21:06:37, 136.5, 58.25, 23.0, 22.02, 9999.0, 9.66, 10.0, 21.73, 9999.0, 23.8, 9999.0, 117.82, 128.0, 120.25, 91.25, 138.52
2024-11-07, 21:06:41, 136.5, 58.25, 23.0, 22.05, 9999.0, 9.64, 10.0, 21.75, 9999.0, 23.82, 9999.0, 117.77, 128.0, 120.25, 91.25, 138.52
2024-11-07, 21:06:45, 136.5, 58.25, 23.0, 22.07, 9999.0, 9.61, 10.0, 21.75, 9999.0, 23.84, 9999.0, 117.73, 128.0, 120.25, 91.25, 138.52
2024-11-07, 21:06:49, 136.5, 58.25, 23.0, 22.07, 9999.0, 9.61, 10.0, 21.75, 9999.0, 23.86, 9999.0, 117.68, 128.0, 120.25, 91.25, 138.52
2024-11-07, 21:06:53, 136.5, 58.25, 23.0, 22.05, 9999.0, 9.61, 10.0, 21.75, 9999.0, 23.86, 9999.0, 117.66, 128.0, 120.25, 91.25, 138.52
2024-11-07, 21:06:57, 136.5, 58.25, 23.0, 22.05, 9999.0, 9.61, 10.0, 21.75, 9999.0, 23.86, 9999.0, 117.64, 128.0, 120.25, 91.25, 138.52
2024-11-07, 21:07:01, 136.5, 58.25, 23.0, 22.05, 9999.0, 9.64, 10.0, 21.75, 9999.0, 23.84, 9999.0, 117.61, 128.0, 120.25, 91.25, 138.52
2024-11-07, 21:07:05, 136.5, 58.25, 23.0, 22.05, 9999.0, 9.66, 10.0, 21.75, 9999.0, 23.82, 9999.0, 117.61, 128.0, 120.25, 91.25, 138.52
2024-11-07, 21:07:09, 136.5, 58.25, 23.0, 22.05, 9999.0, 9.68, 10.0, 21.75, 9999.0, 23.8, 9999.0, 117.61, 127.98, 120.25, 91.25, 138.5
2024-11-07, 21:07:13, 136.5, 58.25, 23.0, 22.05, 9999.0, 9.7, 10.0, 21.73, 9999.0, 23.77, 9999.0, 117.61, 127.98, 120.25, 91.25, 138.5
2024-11-07, 21:07:17, 136.5, 58.25, 23.0, 22.05, 9999.0, 9.73, 10.0, 21.73, 9999.0, 23.75, 9999.0, 117.64, 127.98, 120.25, 91.25, 138.5
2024-11-07, 21:07:21, 136.5, 58.25, 23.0, 22.07, 9999.0, 9.73, 10.0, 21.73, 9999.0, 23.75, 9999.0, 117.66, 127.98, 120.25, 91.25, 138.5
2024-11-07, 21:07:25, 136.5, 58.25, 23.0, 22.07, 9999.0, 9.75, 10.02, 21.73, 9999.0, 23.75, 9999.0, 117.68, 127.98, 120.25, 91.25, 138.5
2024-11-07, 21:07:29, 136.5, 58.25, 23.0, 22.07, 9999.0, 9.77, 10.02, 21.73, 9999.0, 23.77, 9999.0, 117.7, 127.98, 120.25, 91.25, 138.52
2024-11-07, 21:07:33, 136.5, 58.25, 23.0, 22.09, 9999.0, 9.77, 10.02, 21.73, 9999.0, 23.77, 9999.0, 117.73, 127.98, 120.25, 91.25, 138.52
2024-11-07, 21:07:37, 136.5, 58.25, 23.0, 22.11, 9999.0, 9.77, 10.02, 21.73, 9999.0, 23.8, 9999.0, 117.77, 127.98, 120.25, 91.25, 138.52
2024-11-07, 21:07:41, 136.5, 58.25, 23.0, 22.14, 9999.0, 9.77, 10.02, 21.73, 9999.0, 23.82, 9999.0, 117.8, 127.98, 120.25, 91.25, 138.52
2024-11-07, 21:07:45, 136.5, 58.25, 23.0, 22.16, 9999.0, 9.75, 10.02, 21.73, 9999.0, 23.84, 9999.0, 117.82, 127.98, 120.25, 91.25, 138.52
2024-11-07, 21:07:49, 136.5, 58.25, 23.0, 22.18, 9999.0, 9.73, 10.02, 21.73, 9999.0, 23.86, 9999.0, 117.82, 127.98, 120.25, 91.25, 138.52
2024-11-07, 21:07:53, 136.5, 58.25, 23.0, 22.2, 9999.0, 9.7, 10.02, 21.73, 9999.0, 23.89, 9999.0, 117.82, 128.0, 120.25, 91.25, 138.52
2024-11-07, 21:07:57, 136.5, 58.25, 23.0, 22.23, 9999.0, 9.68, 10.02, 21.75, 9999.0, 23.91, 9999.0, 117.82, 128.0, 120.25, 91.25, 138.52
2024-11-07, 21:08:01, 136.5, 58.25, 23.0, 22.25, 9999.0, 9.66, 10.02, 21.73, 9999.0, 23.93, 9999.0, 117.8, 128.0, 120.25, 91.25, 138.52
2024-11-07, 21:08:05, 136.5, 58.25, 23.0, 22.23, 9999.0, 9.64, 10.02, 21.73, 9999.0, 23.95, 9999.0, 117.77, 128.0, 120.25, 91.25, 138.52
2024-11-07, 21:08:09, 136.5, 58.25, 23.0, 22.23, 9999.0, 9.64, 10.0, 21.73, 9999.0, 23.98, 9999.0, 117.75, 128.0, 120.25, 91.25, 138.52
2024-11-07, 21:08:13, 136.5, 58.25, 23.0, 22.23, 9999.0, 9.64, 10.0, 21.73, 9999.0, 23.98, 9999.0, 117.73, 128.0, 120.25, 91.25, 138.5
2024-11-07, 21:08:17, 136.5, 58.25, 23.0, 22.2, 9999.0, 9.64, 10.0, 21.73, 9999.0, 23.98, 9999.0, 117.73, 128.0, 120.25, 91.25, 138.52
2024-11-07, 21:08:21, 136.5, 58.25, 23.0, 22.18, 9999.0, 9.66, 10.0, 21.73, 9999.0, 23.95, 9999.0, 117.68, 128.0, 120.25, 91.25, 138.55
2024-11-07, 21:08:25, 136.5, 58.25, 23.0, 22.16, 9999.0, 9.68, 10.0, 21.73, 9999.0, 23.93, 9999.0, 117.68, 128.0, 120.25, 91.25, 138.57
2024-11-07, 21:08:29, 136.5, 58.25, 23.0, 22.16, 9999.0, 9.68, 10.0, 21.73, 9999.0, 23.91, 9999.0, 117.68, 127.98, 120.25, 91.25, 138.57
2024-11-07, 21:08:33, 136.5, 58.25, 23.0, 22.14, 9999.0, 9.7, 10.0, 21.73, 9999.0, 23.89, 9999.0, 117.68, 127.98, 120.25, 91.25, 138.57
2024-11-07, 21:08:37, 136.5, 58.25, 23.0, 22.11, 9999.0, 9.73, 10.0, 21.73, 9999.0, 23.86, 9999.0, 117.7, 127.98, 120.25, 91.25, 138.57
2024-11-07, 21:08:41, 136.5, 58.25, 23.0, 22.09, 9999.0, 9.75, 10.0, 21.73, 9999.0, 23.84, 9999.0, 117.73, 127.98, 120.25, 91.25, 138.57
2024-11-07, 21:08:45, 136.5, 58.25, 23.0, 22.07, 9999.0, 9.77, 10.0, 21.75, 9999.0, 23.84, 9999.0, 117.75, 127.98, 120.25, 91.25, 138.57
2024-11-07, 21:08:49, 136.5, 58.25, 23.0, 22.09, 9999.0, 9.8, 10.0, 21.75, 9999.0, 23.84, 9999.0, 117.75, 127.95, 120.25, 91.25, 138.57
2024-11-07, 21:08:53, 136.5, 58.25, 23.0, 22.07, 9999.0, 9.8, 10.0, 21.75, 9999.0, 23.84, 9999.0, 117.77, 127.95, 120.25, 91.25, 138.59
2024-11-07, 21:08:57, 136.52, 58.25, 23.0, 22.07, 9999.0, 9.8, 10.0, 21.75, 9999.0, 23.84, 9999.0, 117.8, 127.95, 120.25, 91.25, 138.59
2024-11-07, 21:09:01, 136.52, 58.25, 23.0, 22.09, 9999.0, 9.77, 10.0, 21.75, 9999.0, 23.86, 9999.0, 117.8, 127.95, 120.25, 91.25, 138.59
2024-11-07, 21:09:05, 136.52, 58.25, 23.0, 22.11, 9999.0, 9.73, 10.0, 21.73, 9999.0, 23.89, 9999.0, 117.82, 127.95, 120.25, 91.25, 138.59
2024-11-07, 21:09:09, 136.52, 58.25, 23.0, 22.11, 9999.0, 9.68, 10.0, 21.7, 9999.0, 23.91, 9999.0, 117.82, 127.95, 120.25, 91.25, 138.59
2024-11-07, 21:09:13, 136.52, 58.25, 23.0, 22.09, 9999.0, 9.68, 10.0, 21.7, 9999.0, 23.93, 9999.0, 117.82, 127.98, 120.25, 91.25, 138.59
2024-11-07, 21:09:17, 136.52, 58.25, 23.0, 22.09, 9999.0, 9.66, 10.0, 21.7, 9999.0, 23.95, 9999.0, 117.82, 127.98, 120.25, 91.25, 138.59
2024-11-07, 21:09:21, 136.52, 58.25, 23.0, 22.09, 9999.0, 9.64, 10.0, 21.7, 9999.0, 23.98, 9999.0, 117.8, 127.98, 120.25, 91.25, 138.61
2024-11-07, 21:09:25, 136.52, 58.25, 23.0, 22.11, 9999.0, 9.61, 10.0, 21.7, 9999.0, 24.0, 9999.0, 117.77, 127.98, 120.25, 91.25, 138.61
2024-11-07, 21:09:29, 136.52, 58.25, 23.0, 22.14, 9999.0, 9.61, 10.0, 21.68, 9999.0, 24.0, 9999.0, 117.73, 127.98, 120.25, 91.25, 138.61
2024-11-07, 21:09:33, 136.52, 58.25, 23.0, 22.14, 9999.0, 9.61, 10.0, 21.66, 9999.0, 23.98, 9999.0, 117.7, 128.0, 120.25, 91.25, 138.64
2024-11-07, 21:09:37, 136.52, 58.25, 23.0, 22.16, 9999.0, 9.61, 10.0, 21.66, 9999.0, 23.95, 9999.0, 117.68, 128.0, 120.25, 91.25, 138.61
2024-11-07, 21:09:41, 136.5, 58.25, 23.0, 22.16, 9999.0, 9.64, 10.0, 21.66, 9999.0, 23.93, 9999.0, 117.66, 128.0, 120.25, 91.23, 138.61
2024-11-07, 21:09:45, 136.5, 58.25, 23.0, 22.16, 9999.0, 9.68, 10.0, 21.66, 9999.0, 23.91, 9999.0, 117.66, 127.98, 120.25, 91.23, 138.59
2024-11-07, 21:09:49, 136.5, 58.27, 23.0, 22.16, 9999.0, 9.7, 10.0, 21.68, 9999.0, 23.89, 9999.0, 117.66, 127.98, 120.25, 91.23, 138.57
2024-11-07, 21:09:53, 136.5, 58.27, 23.0, 22.18, 9999.0, 9.73, 10.0, 21.7, 9999.0, 23.86, 9999.0, 117.68, 127.98, 120.25, 91.23, 138.57
2024-11-07, 21:09:58, 136.5, 58.27, 23.0, 22.18, 9999.0, 9.73, 10.0, 21.68, 9999.0, 23.84, 9999.0, 117.7, 127.98, 120.25, 91.23, 138.59
2024-11-07, 21:10:02, 136.5, 58.3, 22.98, 22.18, 9999.0, 9.75, 10.0, 21.68, 9999.0, 23.82, 9999.0, 117.73, 127.98, 120.25, 91.23, 138.59
2024-11-07, 21:10:06, 136.5, 58.3, 22.98, 22.18, 9999.0, 9.77, 10.0, 21.68, 9999.0, 23.8, 9999.0, 117.75, 127.98, 120.25, 91.23, 138.59
2024-11-07, 21:10:10, 136.52, 58.3, 22.98, 22.16, 9999.0, 9.8, 10.0, 21.68, 9999.0, 23.77, 9999.0, 117.75, 127.98, 120.25, 91.23, 138.61
2024-11-07, 21:10:14, 136.52, 58.32, 22.98, 22.14, 9999.0, 9.8, 10.0, 21.68, 9999.0, 23.77, 9999.0, 117.77, 127.98, 120.25, 91.23, 138.61
2024-11-07, 21:10:18, 136.52, 58.34, 22.98, 22.11, 9999.0, 9.77, 10.0, 21.68, 9999.0, 23.82, 9999.0, 117.8, 127.98, 120.25, 91.23, 138.61
2024-11-07, 21:10:29, 136.52, 58.34, 22.98, 22.11, 9999.0, 9.77, 10.0, 21.66, 9999.0, 23.84, 9999.0, 117.82, 127.98, 120.25, 91.23, 138.64
2024-11-07, 21:10:33, 136.52, 58.36, 22.98, 22.11, 9999.0, 9.73, 10.0, 21.66, 9999.0, 23.86, 9999.0, 117.84, 127.98, 120.25, 91.25, 138.64
2024-11-07, 21:10:37, 136.52, 58.36, 22.98, 22.09, 9999.0, 9.7, 10.0, 21.66, 9999.0, 23.89, 9999.0, 117.84, 128.0, 120.25, 91.25, 138.64
2024-11-07, 21:10:41, 136.52, 58.34, 22.98, 22.09, 9999.0, 9.68, 10.0, 21.66, 9999.0, 23.91, 9999.0, 117.84, 128.0, 120.25, 91.25, 138.66
2024-11-07, 21:10:45, 136.52, 58.34, 22.98, 22.07, 9999.0, 9.66, 10.0, 21.64, 9999.0, 23.93, 9999.0, 117.82, 128.0, 120.25, 91.25, 138.66
2024-11-07, 21:10:49, 136.52, 58.34, 22.98, 22.07, 9999.0, 9.64, 10.0, 21.64, 9999.0, 23.93, 9999.0, 117.8, 128.0, 120.25, 91.25, 138.64
2024-11-07, 21:10:53, 136.52, 58.34, 23.0, 22.07, 9999.0, 9.64, 10.0, 21.64, 9999.0, 23.93, 9999.0, 117.77, 127.98, 120.25, 91.25, 138.64
2024-11-07, 21:10:57, 136.52, 58.34, 23.0, 22.09, 9999.0, 9.64, 10.0, 21.61, 9999.0, 23.93, 9999.0, 117.75, 127.98, 120.25, 91.25, 138.61
2024-11-07, 21:11:01, 136.5, 58.34, 23.0, 22.09, 9999.0, 9.64, 10.0, 21.59, 9999.0, 23.93, 9999.0, 117.73, 127.95, 120.25, 91.25, 138.61
2024-11-07, 21:11:06, 136.5, 58.32, 23.0, 22.11, 9999.0, 9.66, 10.0, 21.61, 9999.0, 23.91, 9999.0, 117.7, 127.95, 120.25, 91.25, 138.61
2024-11-07, 21:11:10, 136.5, 58.3, 23.0, 22.14, 9999.0, 9.68, 10.0, 21.64, 9999.0, 23.86, 9999.0, 117.68, 127.95, 120.25, 91.25, 138.59
2024-11-07, 21:11:14, 136.5, 58.32, 23.0, 22.11, 9999.0, 9.68, 10.0, 21.66, 9999.0, 23.84, 9999.0, 117.68, 127.93, 120.25, 91.25, 138.59
2024-11-07, 21:11:18, 136.5, 58.32, 22.98, 22.11, 9999.0, 9.7, 10.0, 21.64, 9999.0, 23.82, 9999.0, 117.68, 127.93, 120.25, 91.25, 138.59
2024-11-07, 21:11:22, 136.5, 58.32, 22.98, 22.14, 9999.0, 9.7, 10.0, 21.64, 9999.0, 23.8, 9999.0, 117.7, 127.91, 120.25, 91.25, 138.59
2024-11-07, 21:11:26, 136.5, 58.32, 22.98, 22.11, 9999.0, 9.73, 10.0, 21.64, 9999.0, 23.77, 9999.0, 117.73, 127.91, 120.25, 91.25, 138.57
2024-11-07, 21:11:30, 136.5, 58.32, 22.98, 22.14, 9999.0, 9.75, 10.0, 21.66, 9999.0, 23.75, 9999.0, 117.75, 127.91, 120.25, 91.25, 138.55
2024-11-07, 21:11:34, 136.5, 58.32, 22.98, 22.14, 9999.0, 9.77, 10.0, 21.68, 9999.0, 23.75, 9999.0, 117.75, 127.91, 120.25, 91.25, 138.57
2024-11-07, 21:11:38, 136.5, 58.3, 22.98, 22.16, 9999.0, 9.77, 10.0, 21.66, 9999.0, 23.75, 9999.0, 117.75, 127.93, 120.25, 91.25, 138.57
2024-11-07, 21:11:42, 136.5, 58.3, 22.98, 22.16, 9999.0, 9.75, 10.0, 21.68, 9999.0, 23.77, 9999.0, 117.75, 127.93, 120.25, 91.25, 138.59
2024-11-07, 21:11:46, 136.52, 58.3, 22.98, 22.18, 9999.0, 9.75, 10.0, 21.7, 9999.0, 23.8, 9999.0, 117.77, 127.95, 120.25, 91.25, 138.57
2024-11-07, 21:11:50, 136.52, 58.3, 22.98, 22.18, 9999.0, 9.7, 10.0, 21.7, 9999.0, 23.82, 9999.0, 117.8, 127.95, 120.25, 91.25, 138.57
2024-11-07, 21:11:54, 136.52, 58.3, 22.98, 22.16, 9999.0, 9.68, 10.0, 21.7, 9999.0, 23.84, 9999.0, 117.82, 127.95, 120.25, 91.25, 138.57
2024-11-07, 21:11:58, 136.52, 58.27, 22.98, 22.16, 9999.0, 9.68, 10.0, 21.7, 9999.0, 23.86, 9999.0, 117.82, 127.98, 120.25, 91.25, 138.55
2024-11-07, 21:12:02, 136.52, 58.27, 23.0, 22.14, 9999.0, 9.66, 10.0, 21.73, 9999.0, 23.86, 9999.0, 117.82, 127.98, 120.25, 91.25, 138.55
2024-11-07, 21:12:06, 136.52, 58.3, 23.0, 22.11, 9999.0, 9.64, 10.0, 21.73, 9999.0, 23.86, 9999.0, 117.77, 128.0, 120.25, 91.25, 138.55
2024-11-07, 21:12:10, 136.52, 58.3, 23.0, 22.11, 9999.0, 9.61, 10.0, 21.73, 9999.0, 23.86, 9999.0, 117.75, 128.0, 120.25, 91.25, 138.55
2024-11-07, 21:12:14, 136.52, 58.3, 22.98, 22.09, 9999.0, 9.61, 10.0, 21.73, 9999.0, 23.86, 9999.0, 117.73, 128.0, 120.25, 91.25, 138.55
2024-11-07, 21:12:18, 136.52, 58.3, 22.98, 22.09, 9999.0, 9.61, 10.0, 21.73, 9999.0, 23.86, 9999.0, 117.7, 127.98, 120.25, 91.25, 138.52
2024-11-07, 21:12:22, 136.52, 58.32, 22.98, 22.07, 9999.0, 9.61, 10.0, 21.73, 9999.0, 23.86, 9999.0, 117.68, 127.98, 120.25, 91.25, 138.55
2024-11-07, 21:12:26, 136.52, 58.34, 22.98, 22.05, 9999.0, 9.66, 10.0, 21.73, 9999.0, 23.84, 9999.0, 117.66, 127.95, 120.25, 91.25, 138.52
2024-11-07, 21:12:30, 136.5, 58.36, 22.98, 22.02, 9999.0, 9.68, 10.0, 21.73, 9999.0, 23.82, 9999.0, 117.66, 127.95, 120.25, 91.25, 138.52
2024-11-07, 21:12:34, 136.5, 58.39, 22.98, 22.0, 9999.0, 9.73, 10.0, 21.73, 9999.0, 23.8, 9999.0, 117.66, 127.95, 120.25, 91.25, 138.52
2024-11-07, 21:12:38, 136.5, 58.41, 22.95, 22.0, 9999.0, 9.75, 10.0, 21.73, 9999.0, 23.77, 9999.0, 117.66, 127.95, 120.25, 91.25, 138.52
2024-11-07, 21:12:42, 136.5, 58.43, 22.95, 22.0, 9999.0, 9.75, 10.0, 21.73, 9999.0, 23.75, 9999.0, 117.68, 127.95, 120.25, 91.25, 138.52
2024-11-07, 21:12:46, 136.5, 58.41, 22.93, 22.02, 9999.0, 9.77, 10.0, 21.73, 9999.0, 23.75, 9999.0, 117.7, 127.95, 120.25, 91.25, 138.52
2024-11-07, 21:12:50, 136.5, 58.41, 22.93, 22.05, 9999.0, 9.8, 10.0, 21.73, 9999.0, 23.75, 9999.0, 117.75, 127.95, 120.25, 91.25, 138.52
2024-11-07, 21:13:02, 136.5, 58.41, 22.93, 22.05, 9999.0, 9.82, 10.0, 21.73, 9999.0, 23.77, 9999.0, 117.73, 127.95, 120.25, 91.25, 138.52
2024-11-07, 21:13:06, 136.5, 58.41, 22.95, 22.05, 9999.0, 9.82, 10.0, 21.73, 9999.0, 23.8, 9999.0, 117.7, 127.95, 120.25, 91.25, 138.52
2024-11-07, 21:13:11, 136.5, 58.41, 22.95, 22.07, 9999.0, 9.84, 10.0, 21.73, 9999.0, 23.82, 9999.0, 117.7, 127.98, 120.25, 91.25, 138.52
2024-11-07, 21:13:15, 136.5, 58.39, 22.95, 22.09, 9999.0, 9.84, 10.0, 21.75, 9999.0, 23.84, 9999.0, 117.73, 127.95, 120.25, 91.25, 138.5
2024-11-07, 21:13:19, 136.5, 58.36, 22.93, 22.11, 9999.0, 9.82, 10.0, 21.75, 9999.0, 23.86, 9999.0, 117.75, 127.95, 120.25, 91.25, 138.5
2024-11-07, 21:13:23, 136.5, 58.34, 22.93, 22.11, 9999.0, 9.8, 10.0, 21.75, 9999.0, 23.89, 9999.0, 117.77, 127.95, 120.25, 91.25, 138.5
2024-11-07, 21:13:27, 136.52, 58.32, 22.93, 22.11, 9999.0, 9.77, 10.0, 21.75, 9999.0, 23.89, 9999.0, 117.8, 127.95, 120.25, 91.25, 138.5
2024-11-07, 21:13:31, 136.52, 58.3, 22.95, 22.14, 9999.0, 9.77, 10.0, 21.75, 9999.0, 23.89, 9999.0, 117.82, 127.95, 120.25, 91.25, 138.5
2024-11-07, 21:13:35, 136.52, 58.27, 22.95, 22.16, 9999.0, 9.77, 10.0, 21.75, 9999.0, 23.91, 9999.0, 117.82, 127.95, 120.25, 91.25, 138.5
2024-11-07, 21:13:39, 136.52, 58.27, 22.98, 22.16, 9999.0, 9.77, 10.0, 21.75, 9999.0, 23.93, 9999.0, 117.8, 127.95, 120.25, 91.25, 138.5
2024-11-07, 21:13:43, 136.52, 58.25, 22.98, 22.14, 9999.0, 9.77, 10.0, 21.75, 9999.0, 23.95, 9999.0, 117.77, 127.95, 120.25, 91.25, 138.5
2024-11-07, 21:13:47, 136.55, 58.25, 22.98, 22.16, 9999.0, 9.77, 10.0, 21.75, 9999.0, 23.98, 9999.0, 117.8, 127.95, 120.25, 91.25, 138.5
2024-11-07, 21:13:51, 136.55, 58.25, 22.95, 22.16, 9999.0, 9.77, 10.0, 21.75, 9999.0, 24.0, 9999.0, 117.82, 127.95, 120.25, 91.25, 138.5
2024-11-07, 21:13:55, 136.55, 58.25, 22.95, 22.14, 9999.0, 9.75, 10.0, 21.75, 9999.0, 24.02, 9999.0, 117.84, 127.95, 120.25, 91.25, 138.5
2024-11-07, 21:13:59, 136.57, 58.25, 22.95, 22.11, 9999.0, 9.75, 10.0, 21.75, 9999.0, 24.05, 9999.0, 117.84, 127.98, 120.25, 91.25, 138.52
2024-11-07, 21:14:03, 136.59, 58.25, 22.98, 22.09, 9999.0, 9.75, 10.0, 21.75, 9999.0, 24.05, 9999.0, 117.84, 128.0, 120.25, 91.25, 138.52
2024-11-07, 21:14:07, 136.59, 58.25, 22.98, 22.09, 9999.0, 9.73, 10.0, 21.73, 9999.0, 24.05, 9999.0, 117.82, 128.0, 120.25, 91.25, 138.52
2024-11-07, 21:14:11, 136.57, 58.25, 22.98, 22.11, 9999.0, 9.7, 10.0, 21.73, 9999.0, 24.07, 9999.0, 117.8, 127.98, 120.25, 91.25, 138.52
2024-11-07, 21:14:15, 136.57, 58.25, 22.98, 22.09, 9999.0, 9.68, 10.0, 21.73, 9999.0, 24.09, 9999.0, 117.75, 127.98, 120.25, 91.25, 138.52
2024-11-07, 21:14:19, 136.57, 58.25, 22.98, 22.09, 9999.0, 9.68, 10.0, 21.73, 9999.0, 24.09, 9999.0, 117.73, 127.98, 120.25, 91.25, 138.52
2024-11-07, 21:14:23, 136.57, 58.25, 22.98, 22.07, 9999.0, 9.68, 10.0, 21.73, 9999.0, 24.09, 9999.0, 117.7, 127.98, 120.25, 91.25, 138.52
2024-11-07, 21:14:27, 136.57, 58.25, 22.98, 22.07, 9999.0, 9.7, 10.0, 21.73, 9999.0, 24.09, 9999.0, 117.7, 127.98, 120.25, 91.25, 138.52
2024-11-07, 21:14:31, 136.55, 58.25, 22.98, 22.07, 9999.0, 9.7, 10.0, 21.73, 9999.0, 24.07, 9999.0, 117.68, 127.98, 120.25, 91.25, 138.52
2024-11-07, 21:14:35, 136.55, 58.25, 23.0, 22.09, 9999.0, 9.73, 10.0, 21.73, 9999.0, 24.05, 9999.0, 117.68, 127.98, 120.25, 91.25, 138.52
2024-11-07, 21:14:39, 136.55, 58.25, 23.0, 22.11, 9999.0, 9.73, 10.0, 21.73, 9999.0, 24.02, 9999.0, 117.68, 127.95, 120.25, 91.25, 138.52
2024-11-07, 21:14:43, 136.52, 58.25, 23.0, 22.14, 9999.0, 9.73, 10.0, 21.73, 9999.0, 24.0, 9999.0, 117.68, 127.95, 120.25, 91.25, 138.5
2024-11-07, 21:14:47, 136.5, 58.25, 23.0, 22.14, 9999.0, 9.73, 10.0, 21.73, 9999.0, 24.0, 9999.0, 117.7, 127.93, 120.25, 91.25, 138.5
2024-11-07, 21:14:51, 136.5, 58.25, 23.0, 22.16, 9999.0, 9.75, 10.0, 21.75, 9999.0, 24.0, 9999.0, 117.73, 127.93, 120.25, 91.25, 138.5
2024-11-07, 21:14:55, 136.5, 58.25, 23.0, 22.14, 9999.0, 9.77, 10.0, 21.75, 9999.0, 24.02, 9999.0, 117.75, 127.95, 120.25, 91.25, 138.5
2024-11-07, 21:14:59, 136.5, 58.25, 23.0, 22.16, 9999.0, 9.8, 10.0, 21.75, 9999.0, 24.05, 9999.0, 117.77, 127.95, 120.25, 91.25, 138.5
2024-11-07, 21:15:03, 136.5, 58.25, 23.0, 22.16, 9999.0, 9.8, 10.0, 21.75, 9999.0, 24.07, 9999.0, 117.77, 127.95, 120.25, 91.25, 138.5
2024-11-07, 21:15:07, 136.5, 58.25, 23.0, 22.18, 9999.0, 9.8, 10.0, 21.75, 9999.0, 24.09, 9999.0, 117.8, 127.95, 120.25, 91.25, 138.5
2024-11-07, 21:15:11, 136.5, 58.25, 23.0, 22.18, 9999.0, 9.77, 10.0, 21.75, 9999.0, 24.11, 9999.0, 117.8, 127.95, 120.25, 91.25, 138.5
2024-11-07, 21:15:15, 136.5, 58.25, 23.0, 22.18, 9999.0, 9.75, 10.0, 21.75, 9999.0, 24.14, 9999.0, 117.82, 127.95, 120.25, 91.25, 138.5
2024-11-07, 21:15:19, 136.5, 58.25, 23.0, 22.18, 9999.0, 9.7, 10.0, 21.75, 9999.0, 24.16, 9999.0, 117.82, 127.93, 120.25, 91.25, 138.5
2024-11-07, 21:15:23, 136.5, 58.25, 23.0, 22.16, 9999.0, 9.68, 10.0, 21.75, 9999.0, 24.18, 9999.0, 117.82, 127.95, 120.25, 91.25, 138.5
2024-11-07, 21:15:27, 136.5, 58.25, 23.0, 22.14, 9999.0, 9.66, 10.0, 21.75, 9999.0, 24.18, 9999.0, 117.82, 127.95, 120.25, 91.25, 138.5
2024-11-07, 21:15:31, 136.5, 58.25, 23.0, 22.16, 9999.0, 9.64, 10.0, 21.75, 9999.0, 24.18, 9999.0, 117.77, 127.98, 120.25, 91.25, 138.5
2024-11-07, 21:15:35, 136.5, 58.27, 23.0, 22.16, 9999.0, 9.64, 10.0, 21.75, 9999.0, 24.18, 9999.0, 117.73, 127.98, 120.25, 91.25, 138.5
2024-11-07, 21:15:39, 136.5, 58.27, 23.0, 22.18, 9999.0, 9.64, 10.0, 21.75, 9999.0, 24.16, 9999.0, 117.68, 127.98, 120.25, 91.23, 138.5
2024-11-07, 21:15:43, 136.5, 58.3, 23.0, 22.18, 9999.0, 9.64, 10.0, 21.75, 9999.0, 24.14, 9999.0, 117.66, 127.98, 120.25, 91.2, 138.5
2024-11-07, 21:15:47, 136.5, 58.3, 23.0, 22.16, 9999.0, 9.66, 10.0, 21.75, 9999.0, 24.11, 9999.0, 117.64, 127.98, 120.25, 91.2, 138.5
2024-11-07, 21:15:51, 136.5, 58.3, 22.98, 22.16, 9999.0, 9.68, 10.0, 21.75, 9999.0, 24.09, 9999.0, 117.64, 127.95, 120.25, 91.2, 138.5
2024-11-07, 21:15:55, 136.52, 58.3, 22.98, 22.18, 9999.0, 9.68, 10.0, 21.75, 9999.0, 24.07, 9999.0, 117.64, 127.95, 120.25, 91.2, 138.5
2024-11-07, 21:15:59, 136.52, 58.3, 22.98, 22.18, 9999.0, 9.7, 10.0, 21.75, 9999.0, 24.05, 9999.0, 117.64, 127.93, 120.25, 91.2, 138.5
2024-11-07, 21:16:03, 136.52, 58.32, 22.98, 22.18, 9999.0, 9.73, 10.0, 21.75, 9999.0, 24.02, 9999.0, 117.66, 127.93, 120.25, 91.2, 138.5
2024-11-07, 21:16:07, 136.52, 58.34, 22.98, 22.2, 9999.0, 9.75, 10.0, 21.75, 9999.0, 24.0, 9999.0, 117.68, 127.93, 120.25, 91.2, 138.5
2024-11-07, 21:16:11, 136.52, 58.34, 22.98, 22.23, 9999.0, 9.77, 10.0, 21.75, 9999.0, 24.0, 9999.0, 117.7, 127.93, 120.25, 91.2, 138.5
2024-11-07, 21:16:15, 136.52, 58.34, 22.98, 22.23, 9999.0, 9.8, 10.0, 21.75, 9999.0, 24.02, 9999.0, 117.73, 127.91, 120.25, 91.2, 138.5
2024-11-07, 21:16:19, 136.52, 58.32, 22.98, 22.2, 9999.0, 9.8, 10.0, 21.75, 9999.0, 24.05, 9999.0, 117.75, 127.91, 120.25, 91.2, 138.5
2024-11-07, 21:16:23, 136.52, 58.32, 22.98, 22.18, 9999.0, 9.8, 10.0, 21.75, 9999.0, 24.09, 9999.0, 117.77, 127.91, 120.25, 91.23, 138.5
2024-11-07, 21:16:27, 136.52, 58.3, 22.98, 22.16, 9999.0, 9.77, 10.0, 21.75, 9999.0, 24.11, 9999.0, 117.8, 127.91, 120.25, 91.25, 138.5
2024-11-07, 21:16:31, 136.52, 58.32, 22.98, 22.16, 9999.0, 9.75, 10.0, 21.75, 9999.0, 24.16, 9999.0, 117.82, 127.91, 120.25, 91.25, 138.5
2024-11-07, 21:16:35, 136.52, 58.32, 23.0, 22.14, 9999.0, 9.7, 10.0, 21.73, 9999.0, 24.18, 9999.0, 117.82, 127.93, 120.25, 91.25, 138.5
2024-11-07, 21:16:39, 136.5, 58.32, 23.0, 22.11, 9999.0, 9.7, 10.0, 21.73, 9999.0, 24.2, 9999.0, 117.8, 127.93, 120.25, 91.23, 138.5
2024-11-07, 21:16:43, 136.5, 58.34, 23.0, 22.11, 9999.0, 9.68, 10.0, 21.7, 9999.0, 24.23, 9999.0, 117.77, 127.95, 120.25, 91.23, 138.5
2024-11-07, 21:16:47, 136.5, 58.34, 23.0, 22.09, 9999.0, 9.66, 10.0, 21.7, 9999.0, 24.25, 9999.0, 117.75, 127.98, 120.25, 91.23, 138.5
2024-11-07, 21:16:52, 136.5, 58.34, 23.0, 22.07, 9999.0, 9.64, 10.0, 21.7, 9999.0, 24.27, 9999.0, 117.73, 127.95, 120.25, 91.23, 138.5
2024-11-07, 21:16:56, 136.5, 58.36, 23.0, 22.05, 9999.0, 9.64, 10.0, 21.7, 9999.0, 24.27, 9999.0, 117.68, 127.95, 120.25, 91.23, 138.5
2024-11-07, 21:17:00, 136.5, 58.39, 23.0, 22.05, 9999.0, 9.64, 10.0, 21.7, 9999.0, 24.25, 9999.0, 117.66, 127.95, 120.25, 91.23, 138.5
2024-11-07, 21:17:04, 136.5, 58.39, 23.0, 22.05, 9999.0, 9.64, 10.0, 21.7, 9999.0, 24.23, 9999.0, 117.64, 127.95, 120.25, 91.23, 138.5
2024-11-07, 21:17:08, 136.5, 58.39, 23.0, 22.07, 9999.0, 9.66, 10.0, 21.68, 9999.0, 24.18, 9999.0, 117.61, 127.95, 120.25, 91.23, 138.5
2024-11-07, 21:17:12, 136.5, 58.39, 23.0, 22.09, 9999.0, 9.7, 10.0, 21.68, 9999.0, 24.16, 9999.0, 117.61, 127.95, 120.25, 91.23, 138.5
2024-11-07, 21:17:16, 136.5, 58.36, 23.0, 22.09, 9999.0, 9.7, 10.0, 21.68, 9999.0, 24.11, 9999.0, 117.61, 127.95, 120.25, 91.23, 138.5
2024-11-07, 21:17:20, 136.5, 58.36, 23.0, 22.11, 9999.0, 9.73, 10.0, 21.7, 9999.0, 24.11, 9999.0, 117.61, 127.95, 120.25, 91.23, 138.5
2024-11-07, 21:17:24, 136.5, 58.39, 23.0, 22.11, 9999.0, 9.73, 10.0, 21.7, 9999.0, 24.11, 9999.0, 117.66, 127.95, 120.25, 91.25, 138.5
2024-11-07, 21:17:28, 136.5, 58.39, 22.98, 22.09, 9999.0, 9.75, 10.0, 21.73, 9999.0, 24.09, 9999.0, 117.68, 127.95, 120.25, 91.25, 138.5
2024-11-07, 21:17:32, 136.5, 58.36, 22.98, 22.09, 9999.0, 9.77, 10.0, 21.73, 9999.0, 24.09, 9999.0, 117.68, 127.93, 120.25, 91.25, 138.5
2024-11-07, 21:17:36, 136.5, 58.34, 22.98, 22.09, 9999.0, 9.8, 10.0, 21.73, 9999.0, 24.09, 9999.0, 117.68, 127.93, 120.25, 91.25, 138.5
2024-11-07, 21:17:40, 136.5, 58.32, 22.95, 22.11, 9999.0, 9.8, 10.0, 21.73, 9999.0, 24.11, 9999.0, 117.7, 127.93, 120.25, 91.25, 138.5
2024-11-07, 21:17:44, 136.5, 58.32, 22.93, 22.11, 9999.0, 9.8, 10.0, 21.73, 9999.0, 24.16, 9999.0, 117.73, 127.93, 120.25, 91.25, 138.5
2024-11-07, 21:17:48, 136.5, 58.34, 22.93, 22.11, 9999.0, 9.8, 10.0, 21.7, 9999.0, 24.18, 9999.0, 117.75, 127.91, 120.25, 91.25, 138.5
2024-11-07, 21:17:52, 136.5, 58.34, 22.93, 22.11, 9999.0, 9.75, 10.0, 21.73, 9999.0, 24.2, 9999.0, 117.77, 127.89, 120.25, 91.25, 138.5
2024-11-07, 21:17:56, 136.5, 58.36, 22.91, 22.09, 9999.0, 9.73, 10.0, 21.73, 9999.0, 24.23, 9999.0, 117.77, 127.86, 120.25, 91.25, 138.5
2024-11-07, 21:18:00, 136.5, 58.36, 22.91, 22.09, 9999.0, 9.73, 10.0, 21.7, 9999.0, 24.25, 9999.0, 117.77, 127.86, 120.25, 91.25, 138.5
2024-11-07, 21:18:04, 136.5, 58.39, 22.91, 22.07, 9999.0, 9.7, 10.0, 21.7, 9999.0, 24.23, 9999.0, 117.75, 127.86, 120.25, 91.25, 138.5
2024-11-07, 21:18:08, 136.5, 58.36, 22.91, 22.07, 9999.0, 9.68, 10.0, 21.7, 9999.0, 24.2, 9999.0, 117.7, 127.84, 120.25, 91.25, 138.5
2024-11-07, 21:18:12, 136.5, 58.34, 22.91, 22.07, 9999.0, 9.66, 10.0, 21.7, 9999.0, 24.23, 9999.0, 117.68, 127.82, 120.25, 91.25, 138.5
2024-11-07, 21:18:16, 136.5, 58.34, 22.91, 22.07, 9999.0, 9.66, 10.0, 21.68, 9999.0, 24.2, 9999.0, 117.66, 127.82, 120.25, 91.25, 138.5
2024-11-07, 21:18:20, 136.5, 58.34, 22.91, 22.07, 9999.0, 9.66, 10.0, 21.68, 9999.0, 24.18, 9999.0, 117.64, 127.84, 120.25, 91.25, 138.5
2024-11-07, 21:18:24, 136.5, 58.34, 22.93, 22.05, 9999.0, 9.66, 10.0, 21.68, 9999.0, 24.16, 9999.0, 117.61, 127.82, 120.25, 91.25, 138.5
2024-11-07, 21:18:28, 136.5, 58.32, 22.95, 22.05, 9999.0, 9.68, 10.0, 21.68, 9999.0, 24.11, 9999.0, 117.59, 127.84, 120.25, 91.25, 138.5
2024-11-07, 21:18:32, 136.5, 58.3, 22.95, 22.05, 9999.0, 9.68, 10.0, 21.7, 9999.0, 24.09, 9999.0, 117.59, 127.84, 120.25, 91.25, 138.5
2024-11-07, 21:18:36, 136.5, 58.3, 22.95, 22.05, 9999.0, 9.7, 10.0, 21.7, 9999.0, 24.07, 9999.0, 117.59, 127.84, 120.25, 91.23, 138.5
2024-11-07, 21:18:40, 136.5, 58.27, 22.98, 22.05, 9999.0, 9.7, 10.0, 21.7, 9999.0, 24.05, 9999.0, 117.59, 127.84, 120.25, 91.23, 138.5
2024-11-07, 21:18:44, 136.5, 58.27, 22.98, 22.05, 9999.0, 9.7, 10.0, 21.73, 9999.0, 24.02, 9999.0, 117.61, 127.84, 120.25, 91.23, 138.5
2024-11-07, 21:18:48, 136.5, 58.25, 22.98, 22.05, 9999.0, 9.73, 10.0, 21.73, 9999.0, 24.0, 9999.0, 117.66, 127.82, 120.25, 91.23, 138.5
2024-11-07, 21:18:52, 136.5, 58.25, 22.98, 22.05, 9999.0, 9.75, 10.0, 21.73, 9999.0, 24.0, 9999.0, 117.68, 127.82, 120.25, 91.23, 138.5
2024-11-07, 21:18:56, 136.5, 58.27, 23.0, 22.05, 9999.0, 9.77, 10.0, 21.73, 9999.0, 23.98, 9999.0, 117.7, 127.84, 120.25, 91.23, 138.5
2024-11-07, 21:19:00, 136.5, 58.3, 23.0, 22.05, 9999.0, 9.77, 10.0, 21.75, 9999.0, 24.0, 9999.0, 117.73, 127.86, 120.25, 91.23, 138.5
2024-11-07, 21:19:04, 136.5, 58.3, 23.0, 22.05, 9999.0, 9.75, 10.0, 21.75, 9999.0, 24.02, 9999.0, 117.75, 127.84, 120.25, 91.23, 138.5
2024-11-07, 21:19:08, 136.52, 58.3, 23.0, 22.05, 9999.0, 9.75, 10.0, 21.75, 9999.0, 24.05, 9999.0, 117.77, 127.86, 120.25, 91.23, 138.5
2024-11-07, 21:19:12, 136.55, 58.3, 23.0, 22.02, 9999.0, 9.7, 10.0, 21.75, 9999.0, 24.07, 9999.0, 117.8, 127.86, 120.25, 91.23, 138.5
2024-11-07, 21:19:16, 136.55, 58.3, 23.0, 22.02, 9999.0, 9.68, 10.0, 21.75, 9999.0, 24.09, 9999.0, 117.8, 127.89, 120.25, 91.23, 138.5
2024-11-07, 21:19:20, 136.55, 58.3, 23.0, 22.0, 9999.0, 9.66, 10.0, 21.75, 9999.0, 24.11, 9999.0, 117.8, 127.91, 120.25, 91.25, 138.5
2024-11-07, 21:19:24, 136.55, 58.3, 23.0, 22.0, 9999.0, 9.64, 10.0, 21.75, 9999.0, 24.14, 9999.0, 117.8, 127.91, 120.25, 91.25, 138.5
2024-11-07, 21:19:28, 136.55, 58.3, 23.0, 22.0, 9999.0, 9.61, 10.0, 21.75, 9999.0, 24.14, 9999.0, 117.77, 127.89, 120.25, 91.25, 138.5
2024-11-07, 21:19:32, 136.55, 58.3, 23.0, 22.0, 9999.0, 9.61, 10.0, 21.75, 9999.0, 24.18, 9999.0, 117.73, 127.89, 120.25, 91.25, 138.5
2024-11-07, 21:19:36, 136.55, 58.3, 23.0, 22.0, 9999.0, 9.61, 10.0, 21.75, 9999.0, 24.18, 9999.0, 117.7, 127.91, 120.25, 91.25, 138.5
2024-11-07, 21:19:40, 136.55, 58.27, 23.0, 22.0, 9999.0, 9.61, 10.0, 21.75, 9999.0, 24.18, 9999.0, 117.68, 127.89, 120.25, 91.25, 138.5
2024-11-07, 21:19:44, 136.55, 58.27, 23.0, 22.0, 9999.0, 9.61, 10.0, 21.75, 9999.0, 24.16, 9999.0, 117.66, 127.86, 120.25, 91.25, 138.5
2024-11-07, 21:19:48, 136.55, 58.27, 23.0, 22.0, 9999.0, 9.64, 10.0, 21.75, 9999.0, 24.14, 9999.0, 117.66, 127.86, 120.25, 91.25, 138.5
2024-11-07, 21:19:52, 136.52, 58.27, 23.0, 22.0, 9999.0, 9.64, 10.0, 21.75, 9999.0, 24.11, 9999.0, 117.66, 127.84, 120.25, 91.25, 138.5
2024-11-07, 21:19:56, 136.5, 58.27, 23.0, 22.0, 9999.0, 9.66, 10.0, 21.75, 9999.0, 24.09, 9999.0, 117.66, 127.82, 120.25, 91.25, 138.5
2024-11-07, 21:20:00, 136.5, 58.27, 22.98, 22.0, 9999.0, 9.68, 10.0, 21.75, 9999.0, 24.09, 9999.0, 117.66, 127.82, 120.25, 91.25, 138.5
2024-11-07, 21:20:04, 136.5, 58.27, 22.95, 22.0, 9999.0, 9.7, 10.0, 21.75, 9999.0, 24.07, 9999.0, 117.68, 127.8, 120.25, 91.25, 138.5
2024-11-07, 21:20:08, 136.5, 58.3, 22.93, 22.0, 9999.0, 9.73, 10.0, 21.75, 9999.0, 24.05, 9999.0, 117.7, 127.8, 120.25, 91.25, 138.5
2024-11-07, 21:20:12, 136.5, 58.3, 22.91, 22.0, 9999.0, 9.75, 10.0, 21.75, 9999.0, 24.07, 9999.0, 117.7, 127.82, 120.25, 91.25, 138.5
2024-11-07, 21:20:16, 136.5, 58.3, 22.91, 22.0, 9999.0, 9.75, 10.0, 21.73, 9999.0, 24.07, 9999.0, 117.73, 127.82, 120.25, 91.25, 138.5
2024-11-07, 21:20:20, 136.5, 58.3, 22.91, 22.0, 9999.0, 9.73, 10.0, 21.73, 9999.0, 24.11, 9999.0, 117.75, 127.82, 120.25, 91.25, 138.5
2024-11-07, 21:20:24, 136.5, 58.32, 22.91, 22.0, 9999.0, 9.73, 10.0, 21.73, 9999.0, 24.14, 9999.0, 117.77, 127.84, 120.25, 91.25, 138.5
2024-11-07, 21:20:28, 136.5, 58.3, 22.91, 22.0, 9999.0, 9.7, 10.0, 21.7, 9999.0, 24.16, 9999.0, 117.8, 127.84, 120.25, 91.25, 138.5
2024-11-07, 21:20:32, 136.5, 58.3, 22.89, 22.02, 9999.0, 9.68, 10.0, 21.7, 9999.0, 24.18, 9999.0, 117.8, 127.86, 120.25, 91.25, 138.5
2024-11-07, 21:20:37, 136.5, 58.3, 22.86, 22.02, 9999.0, 9.66, 10.0, 21.7, 9999.0, 24.2, 9999.0, 117.8, 127.89, 120.25, 91.25, 138.5
2024-11-07, 21:20:41, 136.5, 58.32, 22.86, 22.02, 9999.0, 9.64, 10.0, 21.7, 9999.0, 24.23, 9999.0, 117.8, 127.89, 120.25, 91.25, 138.5
2024-11-07, 21:20:45, 136.5, 58.32, 22.89, 22.02, 9999.0, 9.61, 10.0, 21.7, 9999.0, 24.23, 9999.0, 117.77, 127.89, 120.25, 91.25, 138.5
2024-11-07, 21:20:49, 136.5, 58.34, 22.91, 22.02, 9999.0, 9.59, 10.0, 21.68, 9999.0, 24.25, 9999.0, 117.73, 127.89, 120.25, 91.25, 138.5
2024-11-07, 21:20:53, 136.5, 58.32, 22.93, 22.02, 9999.0, 9.59, 10.0, 21.68, 9999.0, 24.25, 9999.0, 117.68, 127.89, 120.25, 91.25, 138.5
2024-11-07, 21:20:57, 136.5, 58.32, 22.93, 22.02, 9999.0, 9.59, 10.0, 21.68, 9999.0, 24.23, 9999.0, 117.66, 127.86, 120.25, 91.25, 138.5
2024-11-07, 21:21:01, 136.5, 58.32, 22.93, 22.02, 9999.0, 9.59, 10.0, 21.68, 9999.0, 24.2, 9999.0, 117.64, 127.86, 120.25, 91.25, 138.5
2024-11-07, 21:21:05, 136.5, 58.34, 22.93, 22.02, 9999.0, 9.64, 10.0, 21.66, 9999.0, 24.16, 9999.0, 117.61, 127.86, 120.25, 91.25, 138.5
2024-11-07, 21:21:09, 136.5, 58.32, 22.93, 22.02, 9999.0, 9.66, 10.0, 21.66, 9999.0, 24.14, 9999.0, 117.61, 127.84, 120.25, 91.25, 138.5
2024-11-07, 21:21:13, 136.5, 58.32, 22.91, 22.02, 9999.0, 9.68, 10.0, 21.68, 9999.0, 24.11, 9999.0, 117.61, 127.86, 120.25, 91.25, 138.5
2024-11-07, 21:21:17, 136.5, 58.34, 22.93, 22.0, 9999.0, 9.7, 10.0, 21.68, 9999.0, 24.09, 9999.0, 117.61, 127.84, 120.25, 91.25, 138.5
2024-11-07, 21:21:21, 136.5, 58.34, 22.95, 22.0, 9999.0, 9.73, 10.0, 21.68, 9999.0, 24.05, 9999.0, 117.61, 127.84, 120.25, 91.25, 138.5
2024-11-07, 21:21:25, 136.5, 58.32, 22.95, 22.0, 9999.0, 9.75, 10.0, 21.68, 9999.0, 24.0, 9999.0, 117.61, 127.86, 120.25, 91.25, 138.5
2024-11-07, 21:21:29, 136.5, 58.34, 22.95, 22.0, 9999.0, 9.77, 10.0, 21.66, 9999.0, 23.98, 9999.0, 117.64, 127.86, 120.25, 91.25, 138.5
2024-11-07, 21:21:33, 136.5, 58.32, 22.93, 22.0, 9999.0, 9.8, 10.0, 21.68, 9999.0, 23.95, 9999.0, 117.66, 127.86, 120.25, 91.25, 138.5
2024-11-07, 21:21:37, 136.5, 58.32, 22.91, 22.0, 9999.0, 9.8, 10.0, 21.68, 9999.0, 23.95, 9999.0, 117.68, 127.89, 120.25, 91.25, 138.5
2024-11-07, 21:21:41, 136.5, 58.32, 22.93, 22.0, 9999.0, 9.77, 10.0, 21.66, 9999.0, 23.98, 9999.0, 117.7, 127.91, 120.25, 91.25, 138.5
2024-11-07, 21:21:45, 136.5, 58.32, 22.93, 22.0, 9999.0, 9.77, 10.0, 21.66, 9999.0, 24.0, 9999.0, 117.73, 127.93, 120.25, 91.25, 138.5
2024-11-07, 21:21:49, 136.5, 58.3, 22.93, 22.0, 9999.0, 9.73, 10.0, 21.68, 9999.0, 24.0, 9999.0, 117.75, 127.93, 120.25, 91.25, 138.5
2024-11-07, 21:21:53, 136.5, 58.3, 22.91, 22.0, 9999.0, 9.68, 10.0, 21.66, 9999.0, 24.0, 9999.0, 117.75, 127.93, 120.25, 91.25, 138.5
2024-11-07, 21:21:57, 136.5, 58.3, 22.93, 22.0, 9999.0, 9.66, 10.0, 21.66, 9999.0, 24.0, 9999.0, 117.73, 127.91, 120.25, 91.25, 138.5
2024-11-07, 21:22:01, 136.5, 58.27, 22.93, 22.02, 9999.0, 9.64, 10.0, 21.66, 9999.0, 24.0, 9999.0, 117.73, 127.91, 120.25, 91.25, 138.5
2024-11-07, 21:22:05, 136.5, 58.27, 22.93, 22.02, 9999.0, 9.61, 10.0, 21.66, 9999.0, 24.02, 9999.0, 117.7, 127.91, 120.25, 91.25, 138.5
2024-11-07, 21:22:09, 136.5, 58.27, 22.93, 22.02, 9999.0, 9.59, 10.0, 21.66, 9999.0, 24.05, 9999.0, 117.68, 127.89, 120.25, 91.25, 138.5
2024-11-07, 21:22:13, 136.5, 58.25, 22.93, 22.02, 9999.0, 9.59, 10.0, 21.68, 9999.0, 24.02, 9999.0, 117.66, 127.86, 120.25, 91.25, 138.5
2024-11-07, 21:22:17, 136.5, 58.25, 22.95, 22.02, 9999.0, 9.59, 10.0, 21.66, 9999.0, 24.02, 9999.0, 117.64, 127.86, 120.25, 91.25, 138.5
2024-11-07, 21:22:21, 136.5, 58.25, 22.95, 22.02, 9999.0, 9.59, 10.0, 21.66, 9999.0, 24.0, 9999.0, 117.61, 127.84, 120.25, 91.25, 138.5
2024-11-07, 21:22:25, 136.52, 58.25, 22.93, 22.02, 9999.0, 9.61, 10.0, 21.68, 9999.0, 23.95, 9999.0, 117.59, 127.84, 120.25, 91.25, 138.5
2024-11-07, 21:22:29, 136.52, 58.25, 22.93, 22.02, 9999.0, 9.64, 10.0, 21.7, 9999.0, 23.91, 9999.0, 117.59, 127.82, 120.25, 91.25, 138.5
2024-11-07, 21:22:33, 136.52, 58.25, 22.93, 22.02, 9999.0, 9.66, 10.0, 21.7, 9999.0, 23.89, 9999.0, 117.59, 127.8, 120.25, 91.25, 138.5
2024-11-07, 21:22:37, 136.52, 58.25, 22.93, 22.02, 9999.0, 9.68, 10.0, 21.73, 9999.0, 23.86, 9999.0, 117.59, 127.82, 120.25, 91.25, 138.5
2024-11-07, 21:22:41, 136.52, 58.25, 22.93, 22.02, 9999.0, 9.7, 10.0, 21.73, 9999.0, 23.84, 9999.0, 117.61, 127.84, 120.25, 91.25, 138.5
2024-11-07, 21:22:45, 136.52, 58.25, 22.93, 22.0, 9999.0, 9.73, 10.0, 21.73, 9999.0, 23.82, 9999.0, 117.64, 127.84, 120.25, 91.25, 138.5
2024-11-07, 21:22:49, 136.52, 58.25, 22.93, 22.0, 9999.0, 9.75, 10.0, 21.7, 9999.0, 23.82, 9999.0, 117.66, 127.84, 120.25, 91.25, 138.5
2024-11-07, 21:22:53, 136.52, 58.25, 22.91, 22.0, 9999.0, 9.77, 10.0, 21.7, 9999.0, 23.82, 9999.0, 117.68, 127.86, 120.25, 91.25, 138.5
2024-11-07, 21:22:57, 136.52, 58.25, 22.91, 22.0, 9999.0, 9.75, 10.0, 21.7, 9999.0, 23.84, 9999.0, 117.7, 127.89, 120.25, 91.25, 138.5
2024-11-07, 21:23:01, 136.52, 58.25, 22.91, 22.0, 9999.0, 9.75, 10.0, 21.73, 9999.0, 23.86, 9999.0, 117.73, 127.91, 120.25, 91.25, 138.5
2024-11-07, 21:23:05, 136.52, 58.25, 22.93, 22.0, 9999.0, 9.75, 10.0, 21.73, 9999.0, 23.89, 9999.0, 117.75, 127.93, 120.25, 91.25, 138.5
2024-11-07, 21:23:09, 136.5, 58.25, 22.95, 22.0, 9999.0, 9.73, 10.0, 21.7, 9999.0, 23.93, 9999.0, 117.77, 127.93, 120.25, 91.25, 138.5
2024-11-07, 21:23:13, 136.5, 58.25, 22.95, 22.0, 9999.0, 9.68, 10.0, 21.7, 9999.0, 23.95, 9999.0, 117.77, 127.95, 120.25, 91.25, 138.5
2024-11-07, 21:23:17, 136.5, 58.25, 22.95, 22.0, 9999.0, 9.66, 10.0, 21.68, 9999.0, 23.98, 9999.0, 117.75, 127.98, 120.25, 91.25, 138.5
2024-11-07, 21:23:21, 136.52, 58.25, 22.98, 22.0, 9999.0, 9.64, 10.0, 21.68, 9999.0, 24.0, 9999.0, 117.73, 127.98, 120.25, 91.25, 138.5
2024-11-07, 21:23:25, 136.52, 58.25, 22.98, 22.0, 9999.0, 9.61, 10.0, 21.66, 9999.0, 24.02, 9999.0, 117.7, 127.98, 120.25, 91.25, 138.5
2024-11-07, 21:23:29, 136.52, 58.25, 22.98, 22.0, 9999.0, 9.61, 10.0, 21.66, 9999.0, 24.05, 9999.0, 117.66, 128.0, 120.25, 91.25, 138.5
2024-11-07, 21:23:33, 136.52, 58.25, 22.98, 22.0, 9999.0, 9.61, 10.0, 21.68, 9999.0, 24.05, 9999.0, 117.64, 128.0, 120.25, 91.25, 138.5
2024-11-07, 21:23:37, 136.52, 58.25, 23.0, 22.0, 9999.0, 9.61, 10.0, 21.68, 9999.0, 24.02, 9999.0, 117.61, 128.0, 120.25, 91.25, 138.5
2024-11-07, 21:23:41, 136.52, 58.25, 23.0, 22.0, 9999.0, 9.66, 10.0, 21.68, 9999.0, 24.02, 9999.0, 117.59, 127.98, 120.25, 91.25, 138.5
2024-11-07, 21:23:45, 136.52, 58.25, 23.0, 22.0, 9999.0, 9.66, 10.0, 21.68, 9999.0, 24.0, 9999.0, 117.59, 127.98, 120.25, 91.25, 138.5
2024-11-07, 21:23:49, 136.52, 58.25, 23.0, 22.0, 9999.0, 9.66, 10.0, 21.68, 9999.0, 23.98, 9999.0, 117.59, 127.95, 120.25, 91.25, 138.5
2024-11-07, 21:23:53, 136.52, 58.25, 22.98, 22.0, 9999.0, 9.68, 10.0, 21.7, 9999.0, 23.93, 9999.0, 117.59, 127.93, 120.25, 91.25, 138.5
2024-11-07, 21:23:57, 136.52, 58.25, 22.95, 22.0, 9999.0, 9.7, 10.0, 21.7, 9999.0, 23.91, 9999.0, 117.61, 127.93, 120.25, 91.25, 138.5
2024-11-07, 21:24:01, 136.52, 58.25, 22.95, 22.0, 9999.0, 9.73, 10.0, 21.7, 9999.0, 23.89, 9999.0, 117.64, 127.93, 120.25, 91.25, 138.5
2024-11-07, 21:24:05, 136.5, 58.25, 22.95, 22.0, 9999.0, 9.75, 10.0, 21.7, 9999.0, 23.86, 9999.0, 117.66, 127.93, 120.25, 91.25, 138.5
2024-11-07, 21:24:09, 136.5, 58.25, 22.95, 22.0, 9999.0, 9.77, 10.0, 21.73, 9999.0, 23.86, 9999.0, 117.68, 127.93, 120.25, 91.25, 138.5
2024-11-07, 21:24:13, 136.5, 58.25, 22.93, 22.0, 9999.0, 9.77, 10.0, 21.73, 9999.0, 23.84, 9999.0, 117.7, 127.93, 120.25, 91.25, 138.5
2024-11-07, 21:24:17, 136.5, 58.25, 22.93, 22.02, 9999.0, 9.77, 10.0, 21.73, 9999.0, 23.84, 9999.0, 117.73, 127.93, 120.25, 91.25, 138.5
2024-11-07, 21:24:22, 136.5, 58.25, 22.93, 22.02, 9999.0, 9.77, 10.0, 21.73, 9999.0, 23.86, 9999.0, 117.75, 127.93, 120.25, 91.25, 138.5
2024-11-07, 21:24:26, 136.5, 58.25, 22.93, 22.02, 9999.0, 9.75, 10.0, 21.7, 9999.0, 23.86, 9999.0, 117.77, 127.95, 120.25, 91.25, 138.5
2024-11-07, 21:24:30, 136.5, 58.25, 22.93, 22.02, 9999.0, 9.73, 10.0, 21.68, 9999.0, 23.86, 9999.0, 117.77, 127.95, 120.25, 91.25, 138.5
2024-11-07, 21:24:34, 136.5, 58.27, 22.93, 22.02, 9999.0, 9.7, 10.0, 21.68, 9999.0, 23.86, 9999.0, 117.75, 127.98, 120.25, 91.25, 138.5
2024-11-07, 21:24:38, 136.5, 58.27, 22.95, 22.02, 9999.0, 9.68, 10.0, 21.68, 9999.0, 23.86, 9999.0, 117.73, 128.0, 120.25, 91.25, 138.5
2024-11-07, 21:24:42, 136.5, 58.27, 22.98, 22.02, 9999.0, 9.66, 10.0, 21.68, 9999.0, 23.86, 9999.0, 117.68, 128.0, 120.25, 91.25, 138.5
2024-11-07, 21:24:46, 136.5, 58.27, 22.98, 22.02, 9999.0, 9.64, 10.0, 21.7, 9999.0, 23.86, 9999.0, 117.66, 127.98, 120.25, 91.25, 138.5
2024-11-07, 21:24:50, 136.5, 58.27, 22.98, 22.02, 9999.0, 9.64, 10.0, 21.68, 9999.0, 23.86, 9999.0, 117.64, 127.95, 120.25, 91.25, 138.5
2024-11-07, 21:24:54, 136.5, 58.3, 22.98, 22.02, 9999.0, 9.64, 10.0, 21.68, 9999.0, 23.84, 9999.0, 117.61, 127.93, 120.25, 91.25, 138.5
2024-11-07, 21:24:58, 136.5, 58.3, 23.0, 22.02, 9999.0, 9.64, 10.0, 21.68, 9999.0, 23.84, 9999.0, 117.59, 127.93, 120.25, 91.25, 138.5
2024-11-07, 21:25:02, 136.5, 58.3, 23.0, 22.0, 9999.0, 9.66, 10.0, 21.68, 9999.0, 23.82, 9999.0, 117.57, 127.91, 120.25, 91.25, 138.5
2024-11-07, 21:25:06, 136.5, 58.3, 22.98, 22.0, 9999.0, 9.66, 10.0, 21.68, 9999.0, 23.8, 9999.0, 117.57, 127.89, 120.25, 91.25, 138.5
2024-11-07, 21:25:10, 136.5, 58.3, 22.98, 22.0, 9999.0, 9.66, 10.0, 21.68, 9999.0, 23.77, 9999.0, 117.57, 127.86, 120.25, 91.25, 138.5
2024-11-07, 21:25:14, 136.5, 58.3, 22.98, 22.0, 9999.0, 9.68, 10.0, 21.7, 9999.0, 23.73, 9999.0, 117.57, 127.86, 120.25, 91.25, 138.5
2024-11-07, 21:25:18, 136.5, 58.27, 22.98, 22.0, 9999.0, 9.7, 10.02, 21.7, 9999.0, 23.73, 9999.0, 117.59, 127.86, 120.25, 91.25, 138.5
2024-11-07, 21:25:22, 136.5, 58.27, 22.98, 22.0, 9999.0, 9.73, 10.02, 21.68, 9999.0, 23.73, 9999.0, 117.61, 127.86, 120.25, 91.25, 138.5
2024-11-07, 21:25:26, 136.5, 58.27, 22.98, 22.0, 9999.0, 9.75, 10.02, 21.68, 9999.0, 23.73, 9999.0, 117.64, 127.86, 120.25, 91.25, 138.5
2024-11-07, 21:25:30, 136.5, 58.27, 22.98, 22.0, 9999.0, 9.77, 10.02, 21.66, 9999.0, 23.73, 9999.0, 117.66, 127.89, 120.25, 91.25, 138.5
2024-11-07, 21:25:34, 136.5, 58.27, 22.98, 22.0, 9999.0, 9.77, 10.02, 21.68, 9999.0, 23.73, 9999.0, 117.68, 127.91, 120.25, 91.25, 138.5
2024-11-07, 21:25:38, 136.5, 58.27, 22.98, 22.02, 9999.0, 9.77, 10.02, 21.66, 9999.0, 23.75, 9999.0, 117.7, 127.93, 120.25, 91.25, 138.5
2024-11-07, 21:25:42, 136.5, 58.27, 22.98, 22.02, 9999.0, 9.77, 10.02, 21.66, 9999.0, 23.77, 9999.0, 117.73, 127.93, 120.25, 91.25, 138.5
2024-11-07, 21:25:46, 136.5, 58.27, 22.98, 22.02, 9999.0, 9.73, 10.02, 21.66, 9999.0, 23.8, 9999.0, 117.75, 127.95, 120.25, 91.25, 138.5
2024-11-07, 21:25:50, 136.5, 58.3, 23.0, 22.02, 9999.0, 9.7, 10.02, 21.66, 9999.0, 23.82, 9999.0, 117.75, 127.98, 120.25, 91.25, 138.5
2024-11-07, 21:25:54, 136.5, 58.3, 23.0, 22.02, 9999.0, 9.7, 10.02, 21.68, 9999.0, 23.82, 9999.0, 117.75, 128.0, 120.25, 91.25, 138.5
2024-11-07, 21:25:58, 136.5, 58.3, 23.0, 22.02, 9999.0, 9.68, 10.02, 21.68, 9999.0, 23.84, 9999.0, 117.75, 128.0, 120.25, 91.25, 138.5
2024-11-07, 21:26:02, 136.5, 58.32, 23.0, 22.02, 9999.0, 9.66, 10.0, 21.68, 9999.0, 23.84, 9999.0, 117.73, 128.0, 120.25, 91.25, 138.5
2024-11-07, 21:26:06, 136.5, 58.32, 23.0, 22.05, 9999.0, 9.64, 10.0, 21.7, 9999.0, 23.84, 9999.0, 117.73, 128.0, 120.25, 91.25, 138.5
2024-11-07, 21:26:10, 136.5, 58.32, 23.0, 22.05, 9999.0, 9.64, 10.0, 21.68, 9999.0, 23.84, 9999.0, 117.7, 128.0, 120.25, 91.25, 138.5
2024-11-07, 21:26:14, 136.5, 58.32, 23.0, 22.05, 9999.0, 9.64, 10.0, 21.68, 9999.0, 23.84, 9999.0, 117.68, 128.0, 120.25, 91.25, 138.5
2024-11-07, 21:26:18, 136.5, 58.32, 23.0, 22.05, 9999.0, 9.64, 10.0, 21.68, 9999.0, 23.84, 9999.0, 117.66, 127.98, 120.25, 91.25, 138.5
2024-11-07, 21:26:22, 136.5, 58.3, 22.98, 22.02, 9999.0, 9.66, 10.0, 21.7, 9999.0, 23.82, 9999.0, 117.64, 127.95, 120.25, 91.25, 138.5
2024-11-07, 21:26:26, 136.5, 58.3, 22.98, 22.02, 9999.0, 9.66, 10.0, 21.7, 9999.0, 23.8, 9999.0, 117.64, 127.93, 120.25, 91.25, 138.5
2024-11-07, 21:26:30, 136.5, 58.3, 22.98, 22.02, 9999.0, 9.68, 10.0, 21.68, 9999.0, 23.77, 9999.0, 117.64, 127.91, 120.25, 91.25, 138.5
2024-11-07, 21:26:34, 136.5, 58.27, 22.98, 22.05, 9999.0, 9.7, 10.0, 21.68, 9999.0, 23.75, 9999.0, 117.64, 127.89, 120.25, 91.25, 138.5
2024-11-07, 21:26:38, 136.5, 58.27, 22.98, 22.05, 9999.0, 9.7, 10.0, 21.68, 9999.0, 23.75, 9999.0, 117.66, 127.89, 120.25, 91.25, 138.5
2024-11-07, 21:26:42, 136.5, 58.27, 22.98, 22.05, 9999.0, 9.73, 10.0, 21.68, 9999.0, 23.73, 9999.0, 117.68, 127.89, 120.25, 91.25, 138.5
2024-11-07, 21:26:46, 136.5, 58.25, 22.98, 22.05, 9999.0, 9.75, 10.0, 21.68, 9999.0, 23.73, 9999.0, 117.7, 127.89, 120.25, 91.23, 138.5
2024-11-07, 21:26:50, 136.5, 58.25, 22.98, 22.02, 9999.0, 9.77, 10.0, 21.68, 9999.0, 23.73, 9999.0, 117.7, 127.89, 120.25, 91.23, 138.5
2024-11-07, 21:26:54, 136.5, 58.25, 22.98, 22.02, 9999.0, 9.77, 10.0, 21.7, 9999.0, 23.75, 9999.0, 117.73, 127.89, 120.25, 91.23, 138.52
2024-11-07, 21:26:58, 136.5, 58.25, 22.98, 22.02, 9999.0, 9.77, 10.0, 21.7, 9999.0, 23.77, 9999.0, 117.75, 127.89, 120.25, 91.23, 138.52
2024-11-07, 21:27:02, 136.5, 58.25, 22.98, 22.02, 9999.0, 9.77, 10.0, 21.7, 9999.0, 23.8, 9999.0, 117.77, 127.91, 120.25, 91.23, 138.52
2024-11-07, 21:27:06, 136.5, 58.25, 23.0, 22.02, 9999.0, 9.73, 10.0, 21.7, 9999.0, 23.82, 9999.0, 117.8, 127.93, 120.25, 91.23, 138.52
2024-11-07, 21:27:10, 136.5, 58.25, 23.0, 22.02, 9999.0, 9.7, 10.0, 21.7, 9999.0, 23.84, 9999.0, 117.8, 127.95, 120.25, 91.23, 138.52
2024-11-07, 21:27:14, 136.5, 58.25, 23.0, 22.02, 9999.0, 9.68, 10.0, 21.73, 9999.0, 23.86, 9999.0, 117.8, 127.98, 120.25, 91.23, 138.52
2024-11-07, 21:27:18, 136.5, 58.25, 23.0, 22.0, 9999.0, 9.66, 10.0, 21.73, 9999.0, 23.89, 9999.0, 117.8, 128.0, 120.25, 91.23, 138.52
2024-11-07, 21:27:22, 136.5, 58.25, 23.0, 22.0, 9999.0, 9.64, 10.0, 21.73, 9999.0, 23.91, 9999.0, 117.75, 128.0, 120.25, 91.23, 138.52
2024-11-07, 21:27:26, 136.5, 58.25, 23.0, 22.02, 9999.0, 9.64, 10.0, 21.73, 9999.0, 23.95, 9999.0, 117.7, 128.0, 120.25, 91.23, 138.52
2024-11-07, 21:27:30, 136.5, 58.25, 23.0, 22.02, 9999.0, 9.64, 10.0, 21.73, 9999.0, 23.95, 9999.0, 117.68, 128.0, 120.25, 91.25, 138.52
2024-11-07, 21:27:34, 136.5, 58.25, 23.0, 22.02, 9999.0, 9.64, 10.0, 21.73, 9999.0, 23.95, 9999.0, 117.66, 127.98, 120.25, 91.25, 138.52
2024-11-07, 21:27:38, 136.5, 58.25, 23.0, 22.02, 9999.0, 9.66, 10.0, 21.73, 9999.0, 23.95, 9999.0, 117.64, 127.98, 120.25, 91.25, 138.5
2024-11-07, 21:27:42, 136.5, 58.25, 23.0, 22.05, 9999.0, 9.68, 10.0, 21.75, 9999.0, 23.93, 9999.0, 117.61, 127.95, 120.25, 91.25, 138.5
2024-11-07, 21:27:46, 136.5, 58.25, 23.0, 22.05, 9999.0, 9.68, 10.0, 21.75, 9999.0, 23.91, 9999.0, 117.61, 127.93, 120.25, 91.25, 138.5
2024-11-07, 21:27:50, 136.5, 58.25, 23.0, 22.05, 9999.0, 9.7, 10.0, 21.75, 9999.0, 23.89, 9999.0, 117.61, 127.91, 120.25, 91.25, 138.5
2024-11-07, 21:27:54, 136.5, 58.25, 23.0, 22.05, 9999.0, 9.73, 10.0, 21.75, 9999.0, 23.86, 9999.0, 117.64, 127.89, 120.25, 91.25, 138.5
2024-11-07, 21:27:58, 136.5, 58.25, 23.0, 22.07, 9999.0, 9.75, 10.0, 21.75, 9999.0, 23.84, 9999.0, 117.66, 127.89, 120.25, 91.25, 138.5
2024-11-07, 21:28:03, 136.5, 58.25, 23.0, 22.07, 9999.0, 9.77, 10.0, 21.75, 9999.0, 23.82, 9999.0, 117.68, 127.89, 120.25, 91.25, 138.5
2024-11-07, 21:28:07, 136.5, 58.25, 23.0, 22.07, 9999.0, 9.8, 10.0, 21.75, 9999.0, 23.8, 9999.0, 117.7, 127.89, 120.25, 91.25, 138.5
2024-11-07, 21:28:11, 136.5, 58.25, 23.0, 22.05, 9999.0, 9.8, 10.0, 21.75, 9999.0, 23.8, 9999.0, 117.73, 127.89, 120.25, 91.25, 138.5
2024-11-07, 21:28:15, 136.5, 58.25, 23.0, 22.05, 9999.0, 9.8, 10.0, 21.75, 9999.0, 23.82, 9999.0, 117.75, 127.89, 120.25, 91.25, 138.5
2024-11-07, 21:28:19, 136.5, 58.25, 23.0, 22.07, 9999.0, 9.77, 10.0, 21.75, 9999.0, 23.84, 9999.0, 117.77, 127.91, 120.25, 91.25, 138.5
2024-11-07, 21:28:23, 136.5, 58.25, 23.0, 22.09, 9999.0, 9.75, 10.0, 21.75, 9999.0, 23.84, 9999.0, 117.8, 127.91, 120.25, 91.25, 138.5
2024-11-07, 21:28:27, 136.5, 58.25, 23.0, 22.07, 9999.0, 9.7, 10.0, 21.75, 9999.0, 23.86, 9999.0, 117.82, 127.93, 120.25, 91.25, 138.5
2024-11-07, 21:28:31, 136.5, 58.25, 23.0, 22.07, 9999.0, 9.68, 10.0, 21.75, 9999.0, 23.89, 9999.0, 117.82, 127.95, 120.25, 91.25, 138.5
2024-11-07, 21:28:35, 136.5, 58.25, 23.0, 22.07, 9999.0, 9.66, 10.0, 21.75, 9999.0, 23.91, 9999.0, 117.82, 127.98, 120.25, 91.25, 138.5
2024-11-07, 21:28:39, 136.5, 58.25, 23.0, 22.07, 9999.0, 9.64, 10.0, 21.75, 9999.0, 23.91, 9999.0, 117.8, 128.0, 120.25, 91.25, 138.5
2024-11-07, 21:28:43, 136.5, 58.25, 23.0, 22.05, 9999.0, 9.61, 10.0, 21.75, 9999.0, 23.91, 9999.0, 117.75, 127.98, 120.25, 91.25, 138.5
2024-11-07, 21:28:47, 136.5, 58.25, 23.0, 22.05, 9999.0, 9.61, 10.0, 21.75, 9999.0, 23.91, 9999.0, 117.7, 127.98, 120.25, 91.25, 138.5
2024-11-07, 21:28:51, 136.5, 58.27, 23.0, 22.05, 9999.0, 9.61, 10.0, 21.75, 9999.0, 23.91, 9999.0, 117.68, 127.95, 120.25, 91.25, 138.5
2024-11-07, 21:28:55, 136.5, 58.27, 23.0, 22.05, 9999.0, 9.61, 10.0, 21.75, 9999.0, 23.89, 9999.0, 117.66, 127.95, 120.25, 91.25, 138.5
2024-11-07, 21:28:59, 136.5, 58.27, 23.0, 22.05, 9999.0, 9.64, 10.0, 21.75, 9999.0, 23.86, 9999.0, 117.64, 127.93, 120.25, 91.25, 138.5
2024-11-07, 21:29:03, 136.5, 58.27, 23.0, 22.02, 9999.0, 9.68, 10.0, 21.75, 9999.0, 23.82, 9999.0, 117.64, 127.91, 120.25, 91.25, 138.5
2024-11-07, 21:29:07, 136.5, 58.27, 23.0, 22.0, 9999.0, 9.7, 10.0, 21.75, 9999.0, 23.77, 9999.0, 117.64, 127.89, 120.25, 91.25, 138.5
2024-11-07, 21:29:11, 136.5, 58.27, 23.0, 22.0, 9999.0, 9.73, 10.0, 21.75, 9999.0, 23.73, 9999.0, 117.64, 127.86, 120.25, 91.25, 138.5
2024-11-07, 21:29:15, 136.5, 58.3, 23.0, 22.0, 9999.0, 9.75, 10.0, 21.75, 9999.0, 23.68, 9999.0, 117.66, 127.86, 120.25, 91.25, 138.5
2024-11-07, 21:29:19, 136.5, 58.3, 23.0, 22.02, 9999.0, 9.77, 10.0, 21.75, 9999.0, 23.66, 9999.0, 117.68, 127.86, 120.25, 91.25, 138.5
2024-11-07, 21:29:23, 136.5, 58.3, 23.0, 22.05, 9999.0, 9.8, 10.02, 21.75, 9999.0, 23.66, 9999.0, 117.7, 127.86, 120.25, 91.25, 138.5
2024-11-07, 21:29:27, 136.5, 58.3, 23.0, 22.05, 9999.0, 9.82, 10.02, 21.75, 9999.0, 23.66, 9999.0, 117.73, 127.89, 120.25, 91.25, 138.5
2024-11-07, 21:29:31, 136.5, 58.3, 23.0, 22.05, 9999.0, 9.82, 10.02, 21.75, 9999.0, 23.66, 9999.0, 117.75, 127.86, 120.25, 91.25, 138.52
2024-11-07, 21:29:35, 136.5, 58.27, 23.0, 22.05, 9999.0, 9.82, 10.02, 21.75, 9999.0, 23.68, 9999.0, 117.77, 127.89, 120.25, 91.25, 138.52
2024-11-07, 21:29:39, 136.5, 58.27, 23.0, 22.07, 9999.0, 9.82, 10.02, 21.75, 9999.0, 23.7, 9999.0, 117.8, 127.89, 120.25, 91.25, 138.52
2024-11-07, 21:29:43, 136.5, 58.27, 23.0, 22.07, 9999.0, 9.8, 10.02, 21.75, 9999.0, 23.7, 9999.0, 117.82, 127.91, 120.25, 91.25, 138.52
2024-11-07, 21:29:47, 136.5, 58.27, 23.0, 22.07, 9999.0, 9.77, 10.02, 21.75, 9999.0, 23.73, 9999.0, 117.82, 127.93, 120.25, 91.25, 138.52
2024-11-07, 21:29:51, 136.5, 58.27, 23.0, 22.07, 9999.0, 9.73, 10.02, 21.75, 9999.0, 23.75, 9999.0, 117.82, 127.95, 120.25, 91.25, 138.52
2024-11-07, 21:29:55, 136.5, 58.27, 23.0, 22.07, 9999.0, 9.7, 10.02, 21.75, 9999.0, 23.8, 9999.0, 117.82, 127.98, 120.25, 91.25, 138.52
2024-11-07, 21:29:59, 136.5, 58.25, 23.0, 22.07, 9999.0, 9.68, 10.02, 21.75, 9999.0, 23.82, 9999.0, 117.8, 127.98, 120.25, 91.25, 138.52
2024-11-07, 21:30:03, 136.5, 58.25, 23.0, 22.05, 9999.0, 9.66, 10.02, 21.75, 9999.0, 23.82, 9999.0, 117.75, 127.98, 120.25, 91.25, 138.52
2024-11-07, 21:30:07, 136.5, 58.25, 23.0, 22.02, 9999.0, 9.66, 10.0, 21.75, 9999.0, 23.82, 9999.0, 117.7, 127.98, 120.25, 91.25, 138.52
2024-11-07, 21:30:11, 136.5, 58.25, 23.0, 22.02, 9999.0, 9.66, 10.0, 21.75, 9999.0, 23.82, 9999.0, 117.68, 127.98, 120.25, 91.23, 138.52
2024-11-07, 21:30:15, 136.5, 58.25, 23.0, 22.02, 9999.0, 9.66, 10.0, 21.75, 9999.0, 23.82, 9999.0, 117.66, 128.0, 120.25, 91.23, 138.52
2024-11-07, 21:30:19, 136.5, 58.27, 23.0, 22.02, 9999.0, 9.68, 10.0, 21.75, 9999.0, 23.8, 9999.0, 117.64, 128.0, 120.25, 91.23, 138.52
2024-11-07, 21:30:23, 136.5, 58.27, 22.98, 22.0, 9999.0, 9.68, 10.0, 21.75, 9999.0, 23.77, 9999.0, 117.64, 128.0, 120.25, 91.23, 138.52
2024-11-07, 21:30:27, 136.5, 58.27, 22.98, 22.0, 9999.0, 9.7, 10.0, 21.75, 9999.0, 23.77, 9999.0, 117.64, 128.0, 120.25, 91.23, 138.52
2024-11-07, 21:30:37, 136.5, 58.27, 22.98, 22.0, 9999.0, 9.7, 10.0, 21.75, 9999.0, 23.77, 9999.0, 117.64, 128.0, 120.25, 91.23, 138.52
2024-11-07, 21:30:41, 136.5, 58.3, 22.98, 22.02, 9999.0, 9.73, 10.0, 21.75, 9999.0, 23.75, 9999.0, 117.66, 128.0, 120.25, 91.23, 138.52
2024-11-07, 21:30:45, 136.5, 58.32, 22.98, 22.02, 9999.0, 9.75, 10.0, 21.75, 9999.0, 23.73, 9999.0, 117.68, 128.0, 120.25, 91.23, 138.52
2024-11-07, 21:30:49, 136.52, 58.32, 22.98, 22.02, 9999.0, 9.77, 10.0, 21.75, 9999.0, 23.73, 9999.0, 117.68, 128.0, 120.25, 91.23, 138.52
2024-11-07, 21:30:53, 136.52, 58.34, 22.98, 22.05, 9999.0, 9.8, 10.0, 21.75, 9999.0, 23.75, 9999.0, 117.7, 127.98, 120.25, 91.23, 138.52
2024-11-07, 21:30:57, 136.52, 58.36, 22.98, 22.05, 9999.0, 9.8, 10.0, 21.75, 9999.0, 23.77, 9999.0, 117.73, 127.98, 120.25, 91.23, 138.52
2024-11-07, 21:31:01, 136.52, 58.36, 22.98, 22.05, 9999.0, 9.8, 10.0, 21.75, 9999.0, 23.8, 9999.0, 117.75, 127.98, 120.25, 91.25, 138.52
2024-11-07, 21:31:05, 136.52, 58.36, 22.98, 22.05, 9999.0, 9.8, 10.0, 21.75, 9999.0, 23.82, 9999.0, 117.77, 127.98, 120.25, 91.25, 138.5
2024-11-07, 21:31:09, 136.52, 58.34, 22.98, 22.05, 9999.0, 9.75, 10.0, 21.75, 9999.0, 23.84, 9999.0, 117.8, 127.98, 120.25, 91.25, 138.5
2024-11-07, 21:31:13, 136.52, 58.36, 23.0, 22.05, 9999.0, 9.73, 10.0, 21.75, 9999.0, 23.86, 9999.0, 117.8, 127.98, 120.25, 91.25, 138.5
2024-11-07, 21:31:17, 136.52, 58.39, 23.0, 22.05, 9999.0, 9.68, 10.0, 21.75, 9999.0, 23.89, 9999.0, 117.8, 127.98, 120.25, 91.25, 138.5
2024-11-07, 21:31:21, 136.52, 58.41, 23.0, 22.05, 9999.0, 9.66, 10.0, 21.75, 9999.0, 23.91, 9999.0, 117.8, 127.98, 120.25, 91.25, 138.52
2024-11-07, 21:31:25, 136.52, 58.39, 22.98, 22.02, 9999.0, 9.64, 10.0, 21.75, 9999.0, 23.95, 9999.0, 117.77, 127.98, 120.25, 91.25, 138.52
2024-11-07, 21:31:29, 136.52, 58.39, 22.98, 22.02, 9999.0, 9.64, 10.0, 21.75, 9999.0, 23.98, 9999.0, 117.75, 127.95, 120.25, 91.25, 138.52
2024-11-07, 21:31:33, 136.5, 58.39, 22.98, 22.02, 9999.0, 9.64, 10.0, 21.75, 9999.0, 24.0, 9999.0, 117.73, 127.95, 120.25, 91.25, 138.52
2024-11-07, 21:31:37, 136.5, 58.36, 22.98, 22.02, 9999.0, 9.64, 10.0, 21.75, 9999.0, 23.98, 9999.0, 117.7, 127.98, 120.25, 91.25, 138.52
2024-11-07, 21:31:41, 136.5, 58.34, 22.98, 22.05, 9999.0, 9.66, 10.0, 21.75, 9999.0, 23.98, 9999.0, 117.68, 127.95, 120.25, 91.25, 138.52
2024-11-07, 21:31:45, 136.5, 58.34, 22.98, 22.05, 9999.0, 9.66, 10.0, 21.75, 9999.0, 23.95, 9999.0, 117.68, 127.95, 120.25, 91.25, 138.52
2024-11-07, 21:31:49, 136.5, 58.34, 22.98, 22.05, 9999.0, 9.66, 10.0, 21.75, 9999.0, 23.93, 9999.0, 117.68, 127.93, 120.25, 91.25, 138.55
2024-11-07, 21:31:53, 136.5, 58.36, 22.98, 22.05, 9999.0, 9.68, 10.0, 21.73, 9999.0, 23.91, 9999.0, 117.68, 127.93, 120.25, 91.25, 138.55
2024-11-07, 21:31:57, 136.5, 58.36, 22.98, 22.07, 9999.0, 9.7, 10.0, 21.73, 9999.0, 23.89, 9999.0, 117.7, 127.93, 120.25, 91.25, 138.55
2024-11-07, 21:32:01, 136.5, 58.34, 22.98, 22.07, 9999.0, 9.73, 10.0, 21.73, 9999.0, 23.86, 9999.0, 117.73, 127.93, 120.25, 91.25, 138.55
2024-11-07, 21:32:05, 136.5, 58.32, 22.98, 22.07, 9999.0, 9.75, 10.0, 21.73, 9999.0, 23.84, 9999.0, 117.75, 127.93, 120.25, 91.25, 138.52
2024-11-07, 21:32:09, 136.5, 58.32, 23.0, 22.07, 9999.0, 9.77, 10.0, 21.73, 9999.0, 23.82, 9999.0, 117.75, 127.93, 120.25, 91.25, 138.52
2024-11-07, 21:32:14, 136.5, 58.3, 22.98, 22.09, 9999.0, 9.77, 10.02, 21.73, 9999.0, 23.8, 9999.0, 117.75, 127.95, 120.25, 91.25, 138.52
2024-11-07, 21:32:18, 136.5, 58.3, 22.98, 22.09, 9999.0, 9.77, 10.02, 21.73, 9999.0, 23.8, 9999.0, 117.77, 127.95, 120.25, 91.25, 138.52
2024-11-07, 21:32:22, 136.5, 58.32, 22.98, 22.07, 9999.0, 9.77, 10.02, 21.73, 9999.0, 23.82, 9999.0, 117.8, 127.95, 120.25, 91.25, 138.52
2024-11-07, 21:32:26, 136.5, 58.32, 22.98, 22.05, 9999.0, 9.75, 10.02, 21.73, 9999.0, 23.82, 9999.0, 117.82, 127.98, 120.25, 91.25, 138.52
2024-11-07, 21:32:30, 136.5, 58.34, 22.98, 22.07, 9999.0, 9.75, 10.02, 21.73, 9999.0, 23.84, 9999.0, 117.82, 127.98, 120.25, 91.25, 138.52
2024-11-07, 21:32:34, 136.5, 58.34, 22.98, 22.09, 9999.0, 9.73, 10.02, 21.73, 9999.0, 23.86, 9999.0, 117.82, 128.0, 120.25, 91.25, 138.5
2024-11-07, 21:32:38, 136.5, 58.34, 22.98, 22.09, 9999.0, 9.7, 10.02, 21.73, 9999.0, 23.89, 9999.0, 117.82, 128.0, 120.25, 91.25, 138.5
2024-11-07, 21:32:42, 136.5, 58.34, 22.98, 22.07, 9999.0, 9.68, 10.02, 21.73, 9999.0, 23.89, 9999.0, 117.8, 128.0, 120.25, 91.25, 138.5
2024-11-07, 21:32:46, 136.5, 58.34, 22.98, 22.07, 9999.0, 9.66, 10.02, 21.73, 9999.0, 23.89, 9999.0, 117.77, 127.98, 120.25, 91.25, 138.5
2024-11-07, 21:32:50, 136.5, 58.36, 22.98, 22.09, 9999.0, 9.66, 10.02, 21.73, 9999.0, 23.91, 9999.0, 117.75, 127.98, 120.25, 91.25, 138.5
2024-11-07, 21:32:54, 136.5, 58.39, 22.98, 22.09, 9999.0, 9.66, 10.02, 21.73, 9999.0, 23.93, 9999.0, 117.73, 127.98, 120.25, 91.25, 138.5
2024-11-07, 21:32:58, 136.5, 58.39, 23.0, 22.07, 9999.0, 9.66, 10.0, 21.73, 9999.0, 23.95, 9999.0, 117.7, 127.98, 120.25, 91.25, 138.5
2024-11-07, 21:33:02, 136.5, 58.41, 23.0, 22.09, 9999.0, 9.68, 10.0, 21.73, 9999.0, 23.93, 9999.0, 117.68, 127.98, 120.25, 91.23, 138.5
2024-11-07, 21:33:06, 136.5, 58.39, 23.0, 22.11, 9999.0, 9.7, 10.0, 21.73, 9999.0, 23.91, 9999.0, 117.68, 127.95, 120.25, 91.23, 138.5
2024-11-07, 21:33:10, 136.5, 58.39, 22.98, 22.14, 9999.0, 9.7, 10.0, 21.73, 9999.0, 23.89, 9999.0, 117.68, 127.93, 120.25, 91.23, 138.5
2024-11-07, 21:33:14, 136.5, 58.36, 22.98, 22.11, 9999.0, 9.7, 10.0, 21.73, 9999.0, 23.86, 9999.0, 117.68, 127.93, 120.25, 91.23, 138.5
2024-11-07, 21:33:18, 136.5, 58.36, 22.98, 22.09, 9999.0, 9.73, 10.0, 21.73, 9999.0, 23.84, 9999.0, 117.7, 127.93, 120.25, 91.23, 138.5
2024-11-07, 21:33:22, 136.5, 58.36, 22.98, 22.09, 9999.0, 9.75, 10.0, 21.75, 9999.0, 23.82, 9999.0, 117.73, 127.93, 120.25, 91.23, 138.52
2024-11-07, 21:33:26, 136.5, 58.34, 22.98, 22.09, 9999.0, 9.77, 10.0, 21.75, 9999.0, 23.84, 9999.0, 117.73, 127.93, 120.25, 91.23, 138.52
2024-11-07, 21:33:30, 136.5, 58.34, 22.98, 22.09, 9999.0, 9.8, 10.0, 21.73, 9999.0, 23.86, 9999.0, 117.73, 127.95, 120.25, 91.23, 138.52
2024-11-07, 21:33:34, 136.5, 58.34, 22.95, 22.07, 9999.0, 9.8, 10.0, 21.73, 9999.0, 23.86, 9999.0, 117.73, 127.95, 120.25, 91.23, 138.52
2024-11-07, 21:33:38, 136.5, 58.34, 22.95, 22.07, 9999.0, 9.8, 10.0, 21.73, 9999.0, 23.89, 9999.0, 117.75, 127.95, 120.25, 91.23, 138.52
2024-11-07, 21:33:42, 136.5, 58.34, 22.95, 22.07, 9999.0, 9.8, 10.0, 21.7, 9999.0, 23.91, 9999.0, 117.77, 127.95, 120.25, 91.23, 138.52
2024-11-07, 21:33:46, 136.5, 58.32, 22.95, 22.05, 9999.0, 9.77, 10.0, 21.7, 9999.0, 23.95, 9999.0, 117.8, 127.95, 120.25, 91.25, 138.52
2024-11-07, 21:33:50, 136.5, 58.32, 22.95, 22.02, 9999.0, 9.75, 10.0, 21.7, 9999.0, 23.98, 9999.0, 117.8, 127.98, 120.25, 91.25, 138.52
2024-11-07, 21:33:54, 136.5, 58.32, 22.98, 22.0, 9999.0, 9.73, 10.0, 21.7, 9999.0, 24.0, 9999.0, 117.8, 128.0, 120.25, 91.25, 138.52
2024-11-07, 21:33:58, 136.5, 58.32, 22.98, 22.0, 9999.0, 9.7, 10.0, 21.68, 9999.0, 24.02, 9999.0, 117.77, 127.98, 120.25, 91.25, 138.52
2024-11-07, 21:34:02, 136.5, 58.32, 22.95, 22.0, 9999.0, 9.68, 10.0, 21.68, 9999.0, 24.05, 9999.0, 117.75, 127.98, 120.25, 91.25, 138.52
2024-11-07, 21:34:06, 136.5, 58.3, 22.95, 22.0, 9999.0, 9.66, 10.0, 21.68, 9999.0, 24.05, 9999.0, 117.7, 127.98, 120.25, 91.25, 138.5
2024-11-07, 21:34:10, 136.5, 58.3, 22.95, 22.0, 9999.0, 9.66, 10.0, 21.68, 9999.0, 24.02, 9999.0, 117.7, 127.98, 120.25, 91.25, 138.5
2024-11-07, 21:34:14, 136.5, 58.3, 22.95, 22.0, 9999.0, 9.66, 10.0, 21.7, 9999.0, 24.02, 9999.0, 117.68, 127.98, 120.25, 91.25, 138.5
2024-11-07, 21:34:18, 136.5, 58.27, 22.98, 22.0, 9999.0, 9.68, 10.0, 21.7, 9999.0, 24.02, 9999.0, 117.66, 127.95, 120.25, 91.25, 138.5
2024-11-07, 21:34:22, 136.5, 58.25, 22.98, 22.0, 9999.0, 9.7, 10.0, 21.7, 9999.0, 23.98, 9999.0, 117.64, 127.95, 120.25, 91.25, 138.5
2024-11-07, 21:34:26, 136.5, 58.25, 22.98, 22.02, 9999.0, 9.73, 10.0, 21.73, 9999.0, 23.93, 9999.0, 117.64, 127.95, 120.25, 91.25, 138.5
2024-11-07, 21:34:30, 136.5, 58.25, 22.95, 22.02, 9999.0, 9.73, 10.0, 21.73, 9999.0, 23.89, 9999.0, 117.64, 127.93, 120.25, 91.25, 138.5
2024-11-07, 21:34:34, 136.5, 58.25, 22.95, 22.02, 9999.0, 9.73, 10.0, 21.73, 9999.0, 23.86, 9999.0, 117.66, 127.93, 120.25, 91.25, 138.5
2024-11-07, 21:34:38, 136.5, 58.27, 22.95, 22.02, 9999.0, 9.75, 10.0, 21.73, 9999.0, 23.84, 9999.0, 117.68, 127.93, 120.25, 91.25, 138.5
2024-11-07, 21:34:42, 136.5, 58.27, 22.95, 22.02, 9999.0, 9.77, 10.0, 21.75, 9999.0, 23.82, 9999.0, 117.73, 127.95, 120.25, 91.25, 138.5
2024-11-07, 21:34:46, 136.5, 58.27, 22.98, 22.02, 9999.0, 9.8, 10.0, 21.75, 9999.0, 23.82, 9999.0, 117.75, 127.93, 120.25, 91.25, 138.5
2024-11-07, 21:34:50, 136.5, 58.27, 22.98, 22.02, 9999.0, 9.82, 10.0, 21.75, 9999.0, 23.84, 9999.0, 117.77, 127.93, 120.25, 91.25, 138.5
2024-11-07, 21:34:54, 136.5, 58.27, 22.98, 22.02, 9999.0, 9.8, 10.0, 21.75, 9999.0, 23.86, 9999.0, 117.77, 127.93, 120.25, 91.25, 138.5
2024-11-07, 21:34:58, 136.5, 58.27, 22.98, 22.02, 9999.0, 9.8, 10.0, 21.75, 9999.0, 23.86, 9999.0, 117.8, 127.93, 120.25, 91.25, 138.5
2024-11-07, 21:35:02, 136.5, 58.27, 22.98, 22.05, 9999.0, 9.77, 10.0, 21.75, 9999.0, 23.89, 9999.0, 117.82, 127.95, 120.25, 91.25, 138.5
2024-11-07, 21:35:06, 136.5, 58.27, 22.98, 22.05, 9999.0, 9.75, 10.0, 21.75, 9999.0, 23.91, 9999.0, 117.84, 127.95, 120.25, 91.25, 138.5
2024-11-07, 21:35:10, 136.5, 58.27, 22.98, 22.02, 9999.0, 9.7, 10.0, 21.75, 9999.0, 23.93, 9999.0, 117.84, 127.95, 120.25, 91.25, 138.5
2024-11-07, 21:35:14, 136.5, 58.27, 23.0, 22.05, 9999.0, 9.68, 10.0, 21.75, 9999.0, 23.95, 9999.0, 117.84, 127.98, 120.25, 91.25, 138.5
2024-11-07, 21:35:18, 136.5, 58.27, 23.0, 22.05, 9999.0, 9.66, 10.0, 21.75, 9999.0, 23.98, 9999.0, 117.82, 127.98, 120.25, 91.25, 138.5
2024-11-07, 21:35:22, 136.5, 58.25, 23.0, 22.05, 9999.0, 9.64, 10.0, 21.75, 9999.0, 24.0, 9999.0, 117.77, 127.98, 120.25, 91.25, 138.5
2024-11-07, 21:35:26, 136.5, 58.25, 23.0, 22.05, 9999.0, 9.64, 10.0, 21.75, 9999.0, 24.0, 9999.0, 117.73, 127.98, 120.25, 91.25, 138.5
2024-11-07, 21:35:30, 136.5, 58.25, 23.0, 22.07, 9999.0, 9.64, 10.0, 21.75, 9999.0, 23.98, 9999.0, 117.68, 127.98, 120.25, 91.25, 138.5
2024-11-07, 21:35:34, 136.5, 58.25, 23.0, 22.07, 9999.0, 9.64, 10.0, 21.75, 9999.0, 23.95, 9999.0, 117.66, 127.98, 120.25, 91.25, 138.5
2024-11-07, 21:35:38, 136.5, 58.25, 23.0, 22.09, 9999.0, 9.66, 10.0, 21.75, 9999.0, 23.93, 9999.0, 117.64, 127.95, 120.25, 91.25, 138.5
2024-11-07, 21:35:42, 136.5, 58.25, 23.0, 22.11, 9999.0, 9.66, 10.0, 21.75, 9999.0, 23.91, 9999.0, 117.64, 127.95, 120.25, 91.25, 138.5
2024-11-07, 21:35:46, 136.5, 58.25, 23.0, 22.09, 9999.0, 9.68, 10.0, 21.75, 9999.0, 23.86, 9999.0, 117.64, 127.95, 120.25, 91.25, 138.5
2024-11-07, 21:35:50, 136.5, 58.25, 23.0, 22.11, 9999.0, 9.68, 10.0, 21.75, 9999.0, 23.84, 9999.0, 117.64, 127.95, 120.25, 91.25, 138.5
2024-11-07, 21:35:54, 136.5, 58.25, 23.0, 22.11, 9999.0, 9.7, 10.0, 21.75, 9999.0, 23.84, 9999.0, 117.66, 127.95, 120.25, 91.25, 138.5
2024-11-07, 21:35:59, 136.5, 58.25, 22.98, 22.09, 9999.0, 9.73, 10.0, 21.75, 9999.0, 23.82, 9999.0, 117.66, 127.95, 120.25, 91.25, 138.5
2024-11-07, 21:36:03, 136.5, 58.27, 22.98, 22.09, 9999.0, 9.75, 10.0, 21.75, 9999.0, 23.8, 9999.0, 117.68, 127.93, 120.25, 91.25, 138.5
2024-11-07, 21:36:07, 136.5, 58.27, 22.98, 22.09, 9999.0, 9.77, 10.02, 21.75, 9999.0, 23.8, 9999.0, 117.73, 127.93, 120.25, 91.25, 138.5
2024-11-07, 21:36:11, 136.52, 58.27, 22.98, 22.11, 9999.0, 9.77, 10.02, 21.75, 9999.0, 23.82, 9999.0, 117.75, 127.93, 120.25, 91.25, 138.5
2024-11-07, 21:36:15, 136.52, 58.27, 22.98, 22.09, 9999.0, 9.77, 10.02, 21.75, 9999.0, 23.86, 9999.0, 117.77, 127.95, 120.25, 91.25, 138.5
2024-11-07, 21:36:19, 136.52, 58.3, 22.98, 22.09, 9999.0, 9.77, 10.02, 21.75, 9999.0, 23.91, 9999.0, 117.8, 127.95, 120.25, 91.23, 138.5
2024-11-07, 21:36:23, 136.52, 58.32, 22.98, 22.07, 9999.0, 9.77, 10.02, 21.75, 9999.0, 23.95, 9999.0, 117.82, 127.98, 120.25, 91.23, 138.52
2024-11-07, 21:36:27, 136.52, 58.32, 22.98, 22.07, 9999.0, 9.75, 10.02, 21.75, 9999.0, 24.0, 9999.0, 117.82, 127.98, 120.25, 91.23, 138.52
2024-11-07, 21:36:31, 136.52, 58.32, 22.98, 22.07, 9999.0, 9.7, 10.02, 21.75, 9999.0, 24.02, 9999.0, 117.82, 127.98, 120.25, 91.23, 138.52
2024-11-07, 21:36:35, 136.52, 58.32, 22.98, 22.07, 9999.0, 9.68, 10.02, 21.75, 9999.0, 24.05, 9999.0, 117.82, 127.98, 120.25, 91.23, 138.52
2024-11-07, 21:36:39, 136.52, 58.32, 22.98, 22.07, 9999.0, 9.66, 10.02, 21.75, 9999.0, 24.05, 9999.0, 117.77, 127.98, 120.25, 91.23, 138.52
2024-11-07, 21:36:43, 136.52, 58.32, 23.0, 22.09, 9999.0, 9.64, 10.02, 21.75, 9999.0, 24.07, 9999.0, 117.75, 127.98, 120.25, 91.23, 138.52
2024-11-07, 21:36:47, 136.52, 58.3, 23.0, 22.09, 9999.0, 9.64, 10.02, 21.75, 9999.0, 24.09, 9999.0, 117.7, 128.0, 120.25, 91.23, 138.52
2024-11-07, 21:36:51, 136.55, 58.32, 23.0, 22.11, 9999.0, 9.64, 10.0, 21.75, 9999.0, 24.07, 9999.0, 117.66, 128.0, 120.25, 91.23, 138.52
2024-11-07, 21:36:55, 136.52, 58.32, 23.0, 22.09, 9999.0, 9.64, 10.0, 21.75, 9999.0, 24.07, 9999.0, 117.64, 128.0, 120.25, 91.23, 138.52
2024-11-07, 21:36:59, 136.52, 58.32, 23.0, 22.09, 9999.0, 9.64, 10.0, 21.75, 9999.0, 24.05, 9999.0, 117.61, 128.0, 120.25, 91.23, 138.52
2024-11-07, 21:37:03, 136.55, 58.3, 23.0, 22.11, 9999.0, 9.66, 10.0, 21.75, 9999.0, 24.02, 9999.0, 117.61, 127.98, 120.25, 91.23, 138.52
2024-11-07, 21:37:07, 136.55, 58.27, 23.0, 22.11, 9999.0, 9.68, 10.0, 21.75, 9999.0, 24.0, 9999.0, 117.61, 127.95, 120.25, 91.23, 138.5
2024-11-07, 21:37:11, 136.55, 58.27, 23.0, 22.11, 9999.0, 9.7, 10.0, 21.75, 9999.0, 23.95, 9999.0, 117.61, 127.95, 120.25, 91.23, 138.5
2024-11-07, 21:37:15, 136.55, 58.27, 23.0, 22.14, 9999.0, 9.73, 10.0, 21.75, 9999.0, 23.95, 9999.0, 117.64, 127.93, 120.25, 91.23, 138.5
2024-11-07, 21:37:19, 136.55, 58.27, 23.0, 22.11, 9999.0, 9.75, 10.0, 21.75, 9999.0, 23.95, 9999.0, 117.66, 127.93, 120.25, 91.23, 138.5
2024-11-07, 21:37:23, 136.57, 58.27, 23.0, 22.11, 9999.0, 9.77, 10.0, 21.75, 9999.0, 23.95, 9999.0, 117.7, 127.91, 120.25, 91.23, 138.5
2024-11-07, 21:37:27, 136.57, 58.27, 23.0, 22.09, 9999.0, 9.8, 10.0, 21.75, 9999.0, 23.95, 9999.0, 117.73, 127.89, 120.25, 91.23, 138.5
2024-11-07, 21:37:31, 136.57, 58.27, 23.0, 22.09, 9999.0, 9.8, 10.0, 21.75, 9999.0, 23.95, 9999.0, 117.75, 127.89, 120.25, 91.23, 138.5
2024-11-07, 21:37:35, 136.55, 58.25, 23.0, 22.07, 9999.0, 9.77, 10.0, 21.75, 9999.0, 24.0, 9999.0, 117.77, 127.89, 120.25, 91.23, 138.5
2024-11-07, 21:37:39, 136.55, 58.25, 23.0, 22.07, 9999.0, 9.75, 10.0, 21.75, 9999.0, 24.02, 9999.0, 117.8, 127.89, 120.25, 91.23, 138.5
2024-11-07, 21:37:43, 136.55, 58.25, 23.0, 22.07, 9999.0, 9.73, 10.0, 21.75, 9999.0, 24.02, 9999.0, 117.82, 127.89, 120.25, 91.23, 138.5
2024-11-07, 21:37:47, 136.52, 58.25, 23.0, 22.07, 9999.0, 9.68, 10.0, 21.75, 9999.0, 24.02, 9999.0, 117.82, 127.91, 120.25, 91.25, 138.5
2024-11-07, 21:37:51, 136.52, 58.25, 23.0, 22.09, 9999.0, 9.64, 10.0, 21.75, 9999.0, 24.02, 9999.0, 117.82, 127.93, 120.25, 91.25, 138.5
2024-11-07, 21:37:55, 136.52, 58.25, 23.0, 22.09, 9999.0, 9.61, 10.0, 21.75, 9999.0, 24.05, 9999.0, 117.82, 127.91, 120.25, 91.25, 138.5
2024-11-07, 21:37:59, 136.52, 58.27, 23.0, 22.09, 9999.0, 9.59, 10.0, 21.75, 9999.0, 24.05, 9999.0, 117.8, 127.93, 120.25, 91.23, 138.5
2024-11-07, 21:38:03, 136.52, 58.3, 23.0, 22.09, 9999.0, 9.57, 10.0, 21.73, 9999.0, 24.05, 9999.0, 117.77, 127.93, 120.25, 91.23, 138.5
2024-11-07, 21:38:07, 136.5, 58.3, 23.0, 22.11, 9999.0, 9.57, 10.0, 21.73, 9999.0, 24.05, 9999.0, 117.73, 127.95, 120.25, 91.23, 138.5
2024-11-07, 21:38:11, 136.5, 58.32, 23.0, 22.11, 9999.0, 9.57, 10.0, 21.73, 9999.0, 24.05, 9999.0, 117.7, 127.98, 120.25, 91.23, 138.5
2024-11-07, 21:38:15, 136.5, 58.32, 23.0, 22.11, 9999.0, 9.57, 10.0, 21.73, 9999.0, 24.05, 9999.0, 117.68, 127.98, 120.25, 91.2, 138.5
2024-11-07, 21:38:19, 136.5, 58.32, 23.0, 22.11, 9999.0, 9.59, 10.0, 21.73, 9999.0, 24.0, 9999.0, 117.66, 127.95, 120.25, 91.2, 138.5
2024-11-07, 21:38:23, 136.5, 58.32, 23.0, 22.14, 9999.0, 9.61, 10.0, 21.73, 9999.0, 23.95, 9999.0, 117.66, 127.95, 120.25, 91.2, 138.5
2024-11-07, 21:38:27, 136.5, 58.32, 23.0, 22.14, 9999.0, 9.64, 10.0, 21.73, 9999.0, 23.95, 9999.0, 117.66, 127.93, 120.25, 91.2, 138.5
2024-11-07, 21:38:31, 136.5, 58.32, 23.0, 22.14, 9999.0, 9.66, 10.0, 21.73, 9999.0, 23.93, 9999.0, 117.68, 127.93, 120.25, 91.2, 138.5
2024-11-07, 21:38:35, 136.5, 58.32, 23.0, 22.11, 9999.0, 9.68, 10.0, 21.73, 9999.0, 23.91, 9999.0, 117.7, 127.93, 120.25, 91.2, 138.5
2024-11-07, 21:38:39, 136.5, 58.32, 23.0, 22.09, 9999.0, 9.7, 10.0, 21.73, 9999.0, 23.89, 9999.0, 117.7, 127.95, 120.25, 91.2, 138.5
2024-11-07, 21:38:43, 136.5, 58.3, 23.0, 22.07, 9999.0, 9.73, 10.0, 21.73, 9999.0, 23.89, 9999.0, 117.7, 127.95, 120.25, 91.23, 138.5
2024-11-07, 21:38:47, 136.5, 58.27, 23.0, 22.07, 9999.0, 9.73, 10.0, 21.75, 9999.0, 23.89, 9999.0, 117.7, 127.95, 120.25, 91.23, 138.5
2024-11-07, 21:38:51, 136.5, 58.27, 23.0, 22.05, 9999.0, 9.73, 10.0, 21.75, 9999.0, 23.89, 9999.0, 117.73, 127.95, 120.25, 91.23, 138.5
2024-11-07, 21:38:55, 136.5, 58.25, 23.0, 22.05, 9999.0, 9.73, 10.0, 21.75, 9999.0, 23.89, 9999.0, 117.75, 127.95, 120.25, 91.23, 138.5
2024-11-07, 21:38:59, 136.5, 58.27, 23.0, 22.05, 9999.0, 9.73, 10.0, 21.75, 9999.0, 23.89, 9999.0, 117.77, 127.95, 120.25, 91.25, 138.5
2024-11-07, 21:39:03, 136.5, 58.27, 23.0, 22.05, 9999.0, 9.73, 10.0, 21.75, 9999.0, 23.91, 9999.0, 117.8, 127.98, 120.25, 91.25, 138.5
2024-11-07, 21:39:07, 136.5, 58.27, 23.0, 22.02, 9999.0, 9.73, 10.0, 21.75, 9999.0, 23.93, 9999.0, 117.77, 127.98, 120.25, 91.25, 138.5
2024-11-07, 21:39:11, 136.5, 58.27, 23.0, 22.05, 9999.0, 9.7, 10.0, 21.75, 9999.0, 23.93, 9999.0, 117.77, 128.0, 120.25, 91.25, 138.5
2024-11-07, 21:39:15, 136.5, 58.3, 23.0, 22.02, 9999.0, 9.68, 10.0, 21.75, 9999.0, 23.95, 9999.0, 117.73, 128.0, 120.25, 91.25, 138.5
2024-11-07, 21:39:19, 136.5, 58.3, 23.0, 22.02, 9999.0, 9.66, 10.0, 21.75, 9999.0, 23.98, 9999.0, 117.68, 128.0, 120.25, 91.25, 138.5
2024-11-07, 21:39:23, 136.5, 58.3, 23.0, 22.02, 9999.0, 9.66, 10.0, 21.73, 9999.0, 24.0, 9999.0, 117.66, 128.0, 120.25, 91.23, 138.5
2024-11-07, 21:39:27, 136.5, 58.3, 23.0, 22.02, 9999.0, 9.66, 10.0, 21.73, 9999.0, 23.98, 9999.0, 117.64, 128.0, 120.25, 91.23, 138.5
2024-11-07, 21:39:31, 136.5, 58.3, 23.0, 22.02, 9999.0, 9.68, 10.0, 21.73, 9999.0, 23.98, 9999.0, 117.61, 127.98, 120.25, 91.23, 138.5
2024-11-07, 21:39:35, 136.5, 58.3, 23.0, 22.02, 9999.0, 9.7, 10.0, 21.73, 9999.0, 23.95, 9999.0, 117.59, 127.98, 120.25, 91.23, 138.5
2024-11-07, 21:39:40, 136.5, 58.3, 23.0, 22.02, 9999.0, 9.7, 10.0, 21.73, 9999.0, 23.95, 9999.0, 117.59, 127.98, 120.25, 91.23, 138.5
2024-11-07, 21:39:44, 136.5, 58.27, 23.0, 22.02, 9999.0, 9.7, 10.0, 21.73, 9999.0, 23.95, 9999.0, 117.59, 127.95, 120.25, 91.2, 138.5
2024-11-07, 21:39:48, 136.5, 58.27, 22.98, 22.02, 9999.0, 9.7, 10.0, 21.73, 9999.0, 23.95, 9999.0, 117.59, 127.95, 120.25, 91.2, 138.5
2024-11-07, 21:39:52, 136.5, 58.27, 22.98, 22.02, 9999.0, 9.7, 10.0, 21.73, 9999.0, 23.95, 9999.0, 117.64, 127.93, 120.25, 91.2, 138.5
2024-11-07, 21:39:56, 136.5, 58.27, 22.98, 22.0, 9999.0, 9.73, 10.0, 21.73, 9999.0, 23.95, 9999.0, 117.66, 127.93, 120.25, 91.2, 138.5
2024-11-07, 21:40:00, 136.5, 58.25, 22.98, 22.02, 9999.0, 9.75, 10.0, 21.73, 9999.0, 23.95, 9999.0, 117.7, 127.93, 120.25, 91.2, 138.5
2024-11-07, 21:40:04, 136.5, 58.25, 22.98, 22.05, 9999.0, 9.77, 10.0, 21.73, 9999.0, 23.95, 9999.0, 117.73, 127.93, 120.25, 91.2, 138.5
2024-11-07, 21:40:08, 136.5, 58.25, 22.98, 22.05, 9999.0, 9.77, 10.0, 21.75, 9999.0, 23.98, 9999.0, 117.75, 127.93, 120.25, 91.23, 138.5
2024-11-07, 21:40:12, 136.5, 58.27, 22.98, 22.05, 9999.0, 9.77, 10.0, 21.75, 9999.0, 24.02, 9999.0, 117.77, 127.93, 120.25, 91.23, 138.5
2024-11-07, 21:40:16, 136.5, 58.3, 22.98, 22.05, 9999.0, 9.77, 10.0, 21.73, 9999.0, 24.05, 9999.0, 117.8, 127.95, 120.25, 91.23, 138.5
2024-11-07, 21:40:20, 136.5, 58.3, 22.98, 22.05, 9999.0, 9.75, 10.0, 21.73, 9999.0, 24.09, 9999.0, 117.82, 127.95, 120.25, 91.23, 138.5
2024-11-07, 21:40:24, 136.5, 58.32, 22.98, 22.05, 9999.0, 9.73, 10.0, 21.73, 9999.0, 24.11, 9999.0, 117.82, 127.95, 120.25, 91.23, 138.5
2024-11-07, 21:40:28, 136.5, 58.32, 22.98, 22.05, 9999.0, 9.73, 10.0, 21.73, 9999.0, 24.14, 9999.0, 117.82, 127.98, 120.25, 91.25, 138.5
2024-11-07, 21:40:32, 136.5, 58.32, 22.98, 22.05, 9999.0, 9.7, 10.0, 21.73, 9999.0, 24.16, 9999.0, 117.82, 127.98, 120.25, 91.25, 138.5
2024-11-07, 21:40:36, 136.5, 58.32, 22.98, 22.05, 9999.0, 9.68, 10.0, 21.73, 9999.0, 24.18, 9999.0, 117.77, 128.0, 120.25, 91.25, 138.5
2024-11-07, 21:40:40, 136.5, 58.34, 22.98, 22.05, 9999.0, 9.66, 10.0, 21.73, 9999.0, 24.2, 9999.0, 117.73, 127.98, 120.25, 91.25, 138.5
2024-11-07, 21:40:44, 136.5, 58.34, 22.98, 22.02, 9999.0, 9.66, 10.0, 21.7, 9999.0, 24.23, 9999.0, 117.68, 127.98, 120.25, 91.23, 138.5
2024-11-07, 21:40:48, 136.5, 58.34, 22.98, 22.0, 9999.0, 9.66, 10.0, 21.7, 9999.0, 24.25, 9999.0, 117.66, 127.95, 120.25, 91.23, 138.5
2024-11-07, 21:40:52, 136.5, 58.34, 22.95, 22.0, 9999.0, 9.66, 10.0, 21.7, 9999.0, 24.25, 9999.0, 117.64, 127.95, 120.25, 91.23, 138.5
2024-11-07, 21:40:56, 136.5, 58.32, 22.95, 22.0, 9999.0, 9.66, 10.0, 21.7, 9999.0, 24.25, 9999.0, 117.61, 127.95, 120.25, 91.23, 138.5
2024-11-07, 21:41:00, 136.5, 58.32, 22.95, 22.0, 9999.0, 9.66, 10.0, 21.73, 9999.0, 24.23, 9999.0, 117.61, 127.93, 120.25, 91.23, 138.5
2024-11-07, 21:41:04, 136.5, 58.34, 22.95, 22.0, 9999.0, 9.66, 10.0, 21.73, 9999.0, 24.2, 9999.0, 117.61, 127.91, 120.25, 91.23, 138.5
2024-11-07, 21:41:08, 136.5, 58.32, 22.95, 22.0, 9999.0, 9.68, 10.0, 21.73, 9999.0, 24.18, 9999.0, 117.61, 127.91, 120.25, 91.23, 138.5
2024-11-07, 21:41:12, 136.5, 58.32, 22.95, 22.0, 9999.0, 9.68, 10.0, 21.73, 9999.0, 24.16, 9999.0, 117.64, 127.91, 120.25, 91.23, 138.5
2024-11-07, 21:41:16, 136.5, 58.32, 22.98, 22.0, 9999.0, 9.7, 10.0, 21.73, 9999.0, 24.14, 9999.0, 117.66, 127.89, 120.25, 91.23, 138.5
2024-11-07, 21:41:20, 136.5, 58.34, 22.98, 22.0, 9999.0, 9.73, 10.0, 21.73, 9999.0, 24.14, 9999.0, 117.68, 127.86, 120.25, 91.23, 138.5
2024-11-07, 21:41:24, 136.5, 58.34, 22.95, 22.0, 9999.0, 9.75, 10.0, 21.7, 9999.0, 24.11, 9999.0, 117.7, 127.89, 120.25, 91.2, 138.5
2024-11-07, 21:41:28, 136.5, 58.34, 22.93, 22.02, 9999.0, 9.75, 10.0, 21.73, 9999.0, 24.11, 9999.0, 117.73, 127.89, 120.25, 91.2, 138.5
2024-11-07, 21:41:32, 136.5, 58.34, 22.93, 22.02, 9999.0, 9.75, 10.0, 21.73, 9999.0, 24.11, 9999.0, 117.75, 127.91, 120.25, 91.18, 138.5
2024-11-07, 21:41:36, 136.5, 58.36, 22.93, 22.02, 9999.0, 9.75, 10.0, 21.73, 9999.0, 24.11, 9999.0, 117.77, 127.91, 120.25, 91.18, 138.5
2024-11-07, 21:41:40, 136.5, 58.36, 22.93, 22.02, 9999.0, 9.73, 10.0, 21.73, 9999.0, 24.11, 9999.0, 117.8, 127.91, 120.25, 91.18, 138.5
2024-11-07, 21:41:44, 136.5, 58.34, 22.93, 22.02, 9999.0, 9.7, 10.0, 21.7, 9999.0, 24.14, 9999.0, 117.8, 127.93, 120.25, 91.18, 138.5
2024-11-07, 21:41:48, 136.5, 58.34, 22.93, 22.02, 9999.0, 9.68, 10.0, 21.7, 9999.0, 24.16, 9999.0, 117.8, 127.95, 120.25, 91.18, 138.5
2024-11-07, 21:41:52, 136.5, 58.34, 22.93, 22.02, 9999.0, 9.66, 10.0, 21.7, 9999.0, 24.18, 9999.0, 117.8, 127.95, 120.25, 91.18, 138.5
2024-11-07, 21:41:56, 136.5, 58.36, 22.93, 22.02, 9999.0, 9.64, 10.0, 21.7, 9999.0, 24.18, 9999.0, 117.77, 127.95, 120.25, 91.18, 138.5
2024-11-07, 21:42:00, 136.5, 58.39, 22.93, 22.02, 9999.0, 9.61, 10.0, 21.7, 9999.0, 24.18, 9999.0, 117.73, 127.98, 120.25, 91.18, 138.48
2024-11-07, 21:42:04, 136.5, 58.36, 22.93, 22.02, 9999.0, 9.61, 10.0, 21.7, 9999.0, 24.16, 9999.0, 117.7, 128.0, 120.25, 91.16, 138.48
2024-11-07, 21:42:08, 136.5, 58.36, 22.95, 22.02, 9999.0, 9.61, 10.0, 21.7, 9999.0, 24.16, 9999.0, 117.68, 128.0, 120.25, 91.16, 138.48
2024-11-07, 21:42:12, 136.5, 58.39, 22.95, 22.0, 9999.0, 9.61, 10.0, 21.7, 9999.0, 24.14, 9999.0, 117.66, 128.0, 120.25, 91.16, 138.48
2024-11-07, 21:42:16, 136.5, 58.39, 22.93, 22.02, 9999.0, 9.64, 10.0, 21.7, 9999.0, 24.11, 9999.0, 117.64, 128.0, 120.25, 91.16, 138.48
2024-11-07, 21:42:20, 136.5, 58.39, 22.95, 22.02, 9999.0, 9.64, 10.0, 21.7, 9999.0, 24.09, 9999.0, 117.64, 128.0, 120.25, 91.14, 138.48
2024-11-07, 21:42:24, 136.5, 58.39, 22.95, 22.02, 9999.0, 9.66, 10.0, 21.7, 9999.0, 24.09, 9999.0, 117.64, 128.0, 120.25, 91.14, 138.48
2024-11-07, 21:42:28, 136.5, 58.41, 22.95, 22.02, 9999.0, 9.68, 10.0, 21.73, 9999.0, 24.07, 9999.0, 117.66, 128.0, 120.25, 91.14, 138.48
2024-11-07, 21:42:32, 136.5, 58.41, 22.93, 22.02, 9999.0, 9.7, 10.0, 21.73, 9999.0, 24.05, 9999.0, 117.68, 128.0, 120.25, 91.14, 138.48
2024-11-07, 21:42:36, 136.5, 58.43, 22.93, 22.05, 9999.0, 9.73, 10.0, 21.73, 9999.0, 24.02, 9999.0, 117.68, 127.98, 120.25, 91.14, 138.48
2024-11-07, 21:42:40, 136.5, 58.41, 22.93, 22.05, 9999.0, 9.75, 10.0, 21.73, 9999.0, 24.05, 9999.0, 117.68, 127.98, 120.25, 91.14, 138.48
2024-11-07, 21:42:44, 136.5, 58.41, 22.93, 22.05, 9999.0, 9.77, 10.0, 21.73, 9999.0, 24.05, 9999.0, 117.7, 127.98, 120.25, 91.14, 138.5
2024-11-07, 21:42:48, 136.52, 58.43, 22.91, 22.05, 9999.0, 9.77, 10.0, 21.73, 9999.0, 24.05, 9999.0, 117.73, 127.98, 120.25, 91.16, 138.5
2024-11-07, 21:42:52, 136.52, 58.43, 22.91, 22.05, 9999.0, 9.77, 10.0, 21.75, 9999.0, 24.07, 9999.0, 117.75, 127.98, 120.25, 91.18, 138.5
2024-11-07, 21:42:56, 136.52, 58.41, 22.93, 22.05, 9999.0, 9.77, 10.0, 21.75, 9999.0, 24.09, 9999.0, 117.77, 127.98, 120.25, 91.2, 138.5
2024-11-07, 21:43:00, 136.52, 58.41, 22.93, 22.02, 9999.0, 9.73, 10.0, 21.75, 9999.0, 24.11, 9999.0, 117.8, 127.98, 120.25, 91.23, 138.5
2024-11-07, 21:43:05, 136.52, 58.41, 22.91, 22.02, 9999.0, 9.7, 10.0, 21.75, 9999.0, 24.14, 9999.0, 117.8, 127.98, 120.25, 91.25, 138.5
2024-11-07, 21:43:09, 136.52, 58.41, 22.89, 22.05, 9999.0, 9.68, 10.0, 21.75, 9999.0, 24.11, 9999.0, 117.8, 127.98, 120.25, 91.25, 138.5
2024-11-07, 21:43:13, 136.52, 58.39, 22.89, 22.05, 9999.0, 9.66, 10.0, 21.75, 9999.0, 24.11, 9999.0, 117.75, 127.98, 120.25, 91.25, 138.5
2024-11-07, 21:43:17, 136.52, 58.39, 22.89, 22.05, 9999.0, 9.64, 10.0, 21.75, 9999.0, 24.11, 9999.0, 117.7, 127.98, 120.25, 91.25, 138.5
2024-11-07, 21:43:21, 136.52, 58.39, 22.86, 22.02, 9999.0, 9.64, 10.0, 21.75, 9999.0, 24.11, 9999.0, 117.68, 128.0, 120.25, 91.25, 138.5
2024-11-07, 21:43:25, 136.52, 58.41, 22.86, 22.02, 9999.0, 9.64, 10.0, 21.75, 9999.0, 24.09, 9999.0, 117.66, 128.0, 120.25, 91.25, 138.5
2024-11-07, 21:43:29, 136.52, 58.41, 22.86, 22.02, 9999.0, 9.64, 10.0, 21.75, 9999.0, 24.09, 9999.0, 117.64, 128.0, 120.25, 91.25, 138.5
2024-11-07, 21:43:33, 136.5, 58.41, 22.89, 22.02, 9999.0, 9.66, 10.0, 21.75, 9999.0, 24.07, 9999.0, 117.61, 128.0, 120.25, 91.25, 138.5
2024-11-07, 21:43:37, 136.5, 58.41, 22.89, 22.02, 9999.0, 9.66, 10.0, 21.73, 9999.0, 24.05, 9999.0, 117.61, 128.0, 120.25, 91.25, 138.5
2024-11-07, 21:43:41, 136.5, 58.43, 22.89, 22.02, 9999.0, 9.66, 10.0, 21.73, 9999.0, 24.02, 9999.0, 117.61, 128.0, 120.25, 91.25, 138.5
2024-11-07, 21:43:45, 136.5, 58.45, 22.91, 22.02, 9999.0, 9.68, 10.0, 21.73, 9999.0, 23.98, 9999.0, 117.61, 127.98, 120.25, 91.25, 138.5
2024-11-07, 21:43:49, 136.52, 58.45, 22.91, 22.05, 9999.0, 9.7, 10.0, 21.73, 9999.0, 23.93, 9999.0, 117.64, 127.98, 120.25, 91.25, 138.5
2024-11-07, 21:43:54, 136.52, 58.48, 22.93, 22.05, 9999.0, 9.73, 10.0, 21.73, 9999.0, 23.91, 9999.0, 117.64, 127.98, 120.25, 91.25, 138.5
2024-11-07, 21:43:58, 136.52, 58.5, 22.93, 22.05, 9999.0, 9.75, 10.0, 21.73, 9999.0, 23.89, 9999.0, 117.66, 127.98, 120.25, 91.25, 138.5
2024-11-07, 21:44:02, 136.52, 58.48, 22.93, 22.05, 9999.0, 9.77, 10.0, 21.73, 9999.0, 23.89, 9999.0, 117.68, 127.98, 120.25, 91.25, 138.5
2024-11-07, 21:44:06, 136.55, 58.45, 22.93, 22.05, 9999.0, 9.77, 10.0, 21.73, 9999.0, 23.89, 9999.0, 117.7, 127.98, 120.25, 91.25, 138.5
2024-11-07, 21:44:12, 136.55, 58.43, 22.93, 22.05, 9999.0, 9.77, 10.0, 21.73, 9999.0, 23.89, 9999.0, 117.73, 127.98, 120.25, 91.25, 138.5
2024-11-07, 21:44:16, 136.55, 58.41, 22.93, 22.05, 9999.0, 9.75, 10.0, 21.73, 9999.0, 23.91, 9999.0, 117.75, 127.98, 120.25, 91.25, 138.5
2024-11-07, 21:44:20, 136.55, 58.39, 22.93, 22.05, 9999.0, 9.7, 10.0, 21.73, 9999.0, 23.95, 9999.0, 117.77, 127.98, 120.25, 91.25, 138.5
2024-11-07, 21:44:24, 136.55, 58.39, 22.93, 22.05, 9999.0, 9.68, 10.0, 21.75, 9999.0, 23.98, 9999.0, 117.77, 127.98, 120.25, 91.25, 138.5
2024-11-07, 21:44:28, 136.55, 58.39, 22.93, 22.05, 9999.0, 9.66, 10.0, 21.75, 9999.0, 24.0, 9999.0, 117.77, 127.98, 120.25, 91.25, 138.5
2024-11-07, 21:44:32, 136.55, 58.36, 22.93, 22.05, 9999.0, 9.64, 10.0, 21.75, 9999.0, 24.05, 9999.0, 117.75, 128.0, 120.25, 91.25, 138.5
2024-11-07, 21:44:36, 136.52, 58.34, 22.95, 22.02, 9999.0, 9.61, 10.0, 21.73, 9999.0, 24.09, 9999.0, 117.7, 128.0, 120.25, 91.25, 138.5
2024-11-07, 21:44:40, 136.52, 58.32, 22.95, 22.0, 9999.0, 9.59, 10.0, 21.73, 9999.0, 24.14, 9999.0, 117.68, 128.0, 120.25, 91.25, 138.5
2024-11-07, 21:44:44, 136.52, 58.3, 22.95, 22.0, 9999.0, 9.59, 10.0, 21.7, 9999.0, 24.16, 9999.0, 117.68, 128.0, 120.25, 91.25, 138.5
2024-11-07, 21:44:48, 136.52, 58.32, 22.98, 22.0, 9999.0, 9.59, 10.0, 21.7, 9999.0, 24.16, 9999.0, 117.66, 128.0, 120.25, 91.25, 138.5
2024-11-07, 21:44:52, 136.5, 58.34, 22.98, 22.0, 9999.0, 9.59, 10.0, 21.7, 9999.0, 24.18, 9999.0, 117.64, 128.0, 120.25, 91.25, 138.5
2024-11-07, 21:44:56, 136.5, 58.34, 22.98, 22.0, 9999.0, 9.61, 10.0, 21.7, 9999.0, 24.18, 9999.0, 117.61, 128.0, 120.25, 91.25, 138.5
2024-11-07, 21:45:00, 136.5, 58.34, 22.98, 22.0, 9999.0, 9.66, 10.0, 21.7, 9999.0, 24.16, 9999.0, 117.61, 128.0, 120.25, 91.25, 138.5
2024-11-07, 21:45:04, 136.5, 58.34, 22.98, 22.0, 9999.0, 9.68, 10.0, 21.7, 9999.0, 24.14, 9999.0, 117.61, 128.0, 120.25, 91.25, 138.5
2024-11-07, 21:45:08, 136.5, 58.34, 22.98, 22.0, 9999.0, 9.7, 10.0, 21.7, 9999.0, 24.11, 9999.0, 117.61, 128.0, 120.25, 91.25, 138.5
2024-11-07, 21:45:12, 136.5, 58.32, 22.98, 22.0, 9999.0, 9.73, 10.0, 21.7, 9999.0, 24.09, 9999.0, 117.64, 128.0, 120.25, 91.25, 138.5
2024-11-07, 21:45:16, 136.5, 58.32, 22.98, 22.0, 9999.0, 9.75, 10.0, 21.7, 9999.0, 24.07, 9999.0, 117.68, 128.0, 120.25, 91.25, 138.5
2024-11-07, 21:45:20, 136.5, 58.32, 22.98, 22.0, 9999.0, 9.77, 10.0, 21.73, 9999.0, 24.05, 9999.0, 117.7, 128.0, 120.25, 91.25, 138.5
2024-11-07, 21:45:24, 136.5, 58.32, 22.95, 22.0, 9999.0, 9.8, 10.0, 21.73, 9999.0, 24.02, 9999.0, 117.73, 127.98, 120.25, 91.25, 138.5
2024-11-07, 21:45:28, 136.5, 58.32, 22.93, 22.0, 9999.0, 9.8, 10.0, 21.75, 9999.0, 24.02, 9999.0, 117.73, 127.98, 120.25, 91.25, 138.5
2024-11-07, 21:45:32, 136.5, 58.3, 22.93, 22.0, 9999.0, 9.8, 10.0, 21.75, 9999.0, 24.05, 9999.0, 117.75, 127.98, 120.25, 91.25, 138.5
2024-11-07, 21:45:36, 136.5, 58.27, 22.95, 22.0, 9999.0, 9.8, 10.0, 21.73, 9999.0, 24.05, 9999.0, 117.77, 127.98, 120.25, 91.25, 138.5
2024-11-07, 21:45:40, 136.5, 58.27, 22.95, 22.0, 9999.0, 9.75, 10.0, 21.73, 9999.0, 24.05, 9999.0, 117.8, 127.98, 120.25, 91.25, 138.5
2024-11-07, 21:45:44, 136.5, 58.27, 22.93, 22.0, 9999.0, 9.7, 10.0, 21.73, 9999.0, 24.05, 9999.0, 117.77, 127.98, 120.25, 91.25, 138.5
2024-11-07, 21:45:48, 136.5, 58.27, 22.91, 22.0, 9999.0, 9.68, 10.0, 21.73, 9999.0, 24.05, 9999.0, 117.75, 127.98, 120.25, 91.25, 138.5
2024-11-07, 21:45:52, 136.5, 58.25, 22.91, 22.0, 9999.0, 9.66, 10.0, 21.73, 9999.0, 24.05, 9999.0, 117.73, 127.98, 120.25, 91.25, 138.5
2024-11-07, 21:45:56, 136.5, 58.25, 22.91, 22.0, 9999.0, 9.64, 10.0, 21.73, 9999.0, 24.05, 9999.0, 117.68, 127.98, 120.25, 91.25, 138.5
2024-11-07, 21:46:02, 136.5, 58.25, 22.91, 22.0, 9999.0, 9.61, 10.0, 21.73, 9999.0, 24.05, 9999.0, 117.64, 127.98, 120.25, 91.25, 138.5
2024-11-07, 21:46:06, 136.5, 58.25, 22.89, 22.0, 9999.0, 9.61, 10.0, 21.73, 9999.0, 24.02, 9999.0, 117.61, 127.98, 120.25, 91.25, 138.5
2024-11-07, 21:46:10, 136.5, 58.25, 22.91, 22.0, 9999.0, 9.61, 10.0, 21.7, 9999.0, 24.0, 9999.0, 117.59, 127.98, 120.25, 91.23, 138.5
2024-11-07, 21:46:14, 136.5, 58.25, 22.93, 22.0, 9999.0, 9.64, 10.0, 21.7, 9999.0, 24.0, 9999.0, 117.57, 127.95, 120.25, 91.23, 138.5
2024-11-07, 21:46:18, 136.5, 58.25, 22.93, 22.0, 9999.0, 9.66, 10.0, 21.7, 9999.0, 23.98, 9999.0, 117.55, 127.93, 120.25, 91.23, 138.5
2024-11-07, 21:46:22, 136.52, 58.25, 22.93, 22.0, 9999.0, 9.66, 10.0, 21.73, 9999.0, 23.93, 9999.0, 117.55, 127.91, 120.25, 91.23, 138.5
2024-11-07, 21:46:26, 136.52, 58.25, 22.93, 22.0, 9999.0, 9.68, 10.0, 21.73, 9999.0, 23.91, 9999.0, 117.55, 127.89, 120.25, 91.23, 138.5
2024-11-07, 21:46:30, 136.52, 58.25, 22.95, 22.0, 9999.0, 9.7, 10.0, 21.73, 9999.0, 23.89, 9999.0, 117.57, 127.89, 120.25, 91.23, 138.5
2024-11-07, 21:46:34, 136.52, 58.25, 22.98, 22.0, 9999.0, 9.73, 10.0, 21.73, 9999.0, 23.86, 9999.0, 117.61, 127.89, 120.25, 91.23, 138.5
2024-11-07, 21:46:38, 136.52, 58.25, 22.98, 22.0, 9999.0, 9.75, 10.0, 21.73, 9999.0, 23.84, 9999.0, 117.64, 127.89, 120.25, 91.23, 138.5
2024-11-07, 21:46:42, 136.52, 58.25, 22.98, 22.0, 9999.0, 9.77, 10.0, 21.73, 9999.0, 23.82, 9999.0, 117.66, 127.89, 120.25, 91.23, 138.5
2024-11-07, 21:46:46, 136.52, 58.25, 22.98, 22.0, 9999.0, 9.8, 10.0, 21.73, 9999.0, 23.8, 9999.0, 117.68, 127.89, 120.25, 91.23, 138.5
2024-11-07, 21:46:50, 136.52, 58.25, 23.0, 22.0, 9999.0, 9.8, 10.0, 21.73, 9999.0, 23.82, 9999.0, 117.7, 127.89, 120.25, 91.23, 138.5
2024-11-07, 21:46:54, 136.52, 58.25, 22.98, 22.0, 9999.0, 9.8, 10.0, 21.75, 9999.0, 23.84, 9999.0, 117.73, 127.91, 120.25, 91.25, 138.5
2024-11-07, 21:46:58, 136.52, 58.25, 22.98, 22.0, 9999.0, 9.75, 10.0, 21.73, 9999.0, 23.84, 9999.0, 117.75, 127.93, 120.25, 91.25, 138.5
2024-11-07, 21:47:02, 136.52, 58.25, 22.98, 22.0, 9999.0, 9.7, 10.0, 21.73, 9999.0, 23.84, 9999.0, 117.77, 127.95, 120.25, 91.25, 138.5
2024-11-07, 21:47:06, 136.5, 58.27, 22.98, 22.0, 9999.0, 9.68, 10.0, 21.73, 9999.0, 23.89, 9999.0, 117.77, 127.98, 120.25, 91.25, 138.5
2024-11-07, 21:47:10, 136.5, 58.27, 22.98, 22.0, 9999.0, 9.66, 10.0, 21.73, 9999.0, 23.91, 9999.0, 117.75, 128.0, 120.25, 91.25, 138.5
2024-11-07, 21:47:14, 136.5, 58.27, 22.98, 22.0, 9999.0, 9.64, 10.0, 21.73, 9999.0, 23.93, 9999.0, 117.75, 128.0, 120.25, 91.25, 138.5
2024-11-07, 21:47:18, 136.5, 58.27, 22.98, 22.02, 9999.0, 9.61, 10.0, 21.73, 9999.0, 23.95, 9999.0, 117.7, 128.0, 120.25, 91.25, 138.5
2024-11-07, 21:47:22, 136.5, 58.27, 22.98, 22.02, 9999.0, 9.61, 10.0, 21.73, 9999.0, 23.98, 9999.0, 117.68, 128.0, 120.25, 91.25, 138.5
2024-11-07, 21:47:26, 136.5, 58.27, 22.98, 22.02, 9999.0, 9.61, 10.0, 21.73, 9999.0, 23.98, 9999.0, 117.66, 128.0, 120.25, 91.25, 138.5
2024-11-07, 21:47:30, 136.5, 58.27, 22.95, 22.02, 9999.0, 9.61, 10.0, 21.73, 9999.0, 23.98, 9999.0, 117.64, 128.0, 120.25, 91.25, 138.5
2024-11-07, 21:47:34, 136.5, 58.27, 22.95, 22.02, 9999.0, 9.61, 10.0, 21.73, 9999.0, 23.98, 9999.0, 117.61, 127.98, 120.25, 91.25, 138.5
2024-11-07, 21:47:38, 136.5, 58.27, 22.98, 22.02, 9999.0, 9.64, 10.0, 21.73, 9999.0, 23.95, 9999.0, 117.61, 127.95, 120.25, 91.25, 138.5
2024-11-07, 21:47:42, 136.5, 58.27, 22.98, 22.02, 9999.0, 9.66, 10.0, 21.75, 9999.0, 23.95, 9999.0, 117.61, 127.93, 120.25, 91.25, 138.5
2024-11-07, 21:47:46, 136.5, 58.27, 22.98, 22.02, 9999.0, 9.7, 10.0, 21.75, 9999.0, 23.95, 9999.0, 117.61, 127.91, 120.25, 91.25, 138.5
2024-11-07, 21:47:50, 136.5, 58.25, 22.98, 22.02, 9999.0, 9.73, 10.0, 21.75, 9999.0, 23.91, 9999.0, 117.64, 127.91, 120.25, 91.25, 138.5
2024-11-07, 21:47:54, 136.5, 58.25, 22.98, 22.02, 9999.0, 9.75, 10.0, 21.75, 9999.0, 23.89, 9999.0, 117.68, 127.91, 120.25, 91.25, 138.5
2024-11-07, 21:47:58, 136.5, 58.25, 22.98, 22.02, 9999.0, 9.77, 10.0, 21.75, 9999.0, 23.86, 9999.0, 117.68, 127.91, 120.25, 91.25, 138.5
2024-11-07, 21:48:02, 136.5, 58.25, 22.98, 22.0, 9999.0, 9.8, 10.0, 21.75, 9999.0, 23.86, 9999.0, 117.7, 127.91, 120.25, 91.25, 138.5
2024-11-07, 21:48:06, 136.5, 58.25, 22.98, 22.0, 9999.0, 9.8, 10.0, 21.75, 9999.0, 23.86, 9999.0, 117.73, 127.91, 120.25, 91.25, 138.5
2024-11-07, 21:48:10, 136.5, 58.25, 22.98, 22.0, 9999.0, 9.8, 10.0, 21.75, 9999.0, 23.89, 9999.0, 117.75, 127.91, 120.25, 91.25, 138.5
2024-11-07, 21:48:14, 136.5, 58.25, 23.0, 22.0, 9999.0, 9.8, 10.0, 21.75, 9999.0, 23.91, 9999.0, 117.77, 127.91, 120.25, 91.25, 138.5
2024-11-07, 21:48:18, 136.5, 58.25, 23.0, 22.0, 9999.0, 9.8, 10.0, 21.75, 9999.0, 23.91, 9999.0, 117.8, 127.93, 120.25, 91.25, 138.5
2024-11-07, 21:48:22, 136.52, 58.25, 23.0, 22.0, 9999.0, 9.77, 10.0, 21.75, 9999.0, 23.93, 9999.0, 117.8, 127.95, 120.25, 91.25, 138.5
2024-11-07, 21:48:26, 136.52, 58.25, 23.0, 22.0, 9999.0, 9.75, 10.0, 21.75, 9999.0, 23.91, 9999.0, 117.77, 127.98, 120.25, 91.25, 138.5
2024-11-07, 21:48:30, 136.52, 58.25, 23.0, 22.02, 9999.0, 9.7, 10.0, 21.75, 9999.0, 23.89, 9999.0, 117.75, 128.0, 120.25, 91.25, 138.5
2024-11-07, 21:48:34, 136.52, 58.25, 23.0, 22.02, 9999.0, 9.68, 10.0, 21.75, 9999.0, 23.91, 9999.0, 117.73, 128.0, 120.25, 91.25, 138.5
2024-11-07, 21:48:38, 136.52, 58.25, 23.0, 22.02, 9999.0, 9.66, 10.0, 21.75, 9999.0, 23.93, 9999.0, 117.7, 127.98, 120.25, 91.25, 138.5
2024-11-07, 21:48:42, 136.55, 58.25, 23.0, 22.02, 9999.0, 9.66, 10.0, 21.75, 9999.0, 23.93, 9999.0, 117.68, 127.95, 120.25, 91.25, 138.5
2024-11-07, 21:48:46, 136.55, 58.25, 23.0, 22.05, 9999.0, 9.66, 10.0, 21.75, 9999.0, 23.93, 9999.0, 117.66, 127.95, 120.25, 91.25, 138.5
2024-11-07, 21:48:50, 136.55, 58.25, 23.0, 22.05, 9999.0, 9.68, 10.0, 21.75, 9999.0, 23.93, 9999.0, 117.64, 127.93, 120.25, 91.25, 138.5
2024-11-07, 21:48:54, 136.55, 58.25, 23.0, 22.05, 9999.0, 9.7, 10.0, 21.75, 9999.0, 23.93, 9999.0, 117.61, 127.93, 120.25, 91.25, 138.5
2024-11-07, 21:48:58, 136.55, 58.25, 23.0, 22.05, 9999.0, 9.73, 10.0, 21.75, 9999.0, 23.93, 9999.0, 117.61, 127.91, 120.25, 91.25, 138.5
2024-11-07, 21:49:02, 136.55, 58.25, 23.0, 22.05, 9999.0, 9.73, 10.0, 21.75, 9999.0, 23.91, 9999.0, 117.61, 127.91, 120.25, 91.25, 138.5
2024-11-07, 21:49:07, 136.52, 58.25, 23.0, 22.05, 9999.0, 9.73, 10.0, 21.75, 9999.0, 23.89, 9999.0, 117.61, 127.91, 120.25, 91.25, 138.5
2024-11-07, 21:49:11, 136.52, 58.25, 23.0, 22.05, 9999.0, 9.75, 10.02, 21.75, 9999.0, 23.89, 9999.0, 117.66, 127.91, 120.25, 91.25, 138.5
2024-11-07, 21:49:15, 136.52, 58.25, 23.0, 22.02, 9999.0, 9.77, 10.02, 21.75, 9999.0, 23.89, 9999.0, 117.68, 127.91, 120.25, 91.25, 138.5
2024-11-07, 21:49:19, 136.52, 58.25, 23.0, 22.05, 9999.0, 9.8, 10.02, 21.75, 9999.0, 23.89, 9999.0, 117.68, 127.91, 120.25, 91.25, 138.5
2024-11-07, 21:49:23, 136.52, 58.25, 23.0, 22.05, 9999.0, 9.82, 10.02, 21.75, 9999.0, 23.89, 9999.0, 117.68, 127.91, 120.25, 91.25, 138.5
2024-11-07, 21:49:27, 136.5, 58.25, 23.0, 22.05, 9999.0, 9.82, 10.02, 21.75, 9999.0, 23.91, 9999.0, 117.7, 127.93, 120.25, 91.25, 138.5
2024-11-07, 21:49:31, 136.5, 58.25, 23.0, 22.02, 9999.0, 9.82, 10.02, 21.75, 9999.0, 23.91, 9999.0, 117.73, 127.93, 120.25, 91.25, 138.5
2024-11-07, 21:49:35, 136.5, 58.25, 23.0, 22.02, 9999.0, 9.8, 10.02, 21.75, 9999.0, 23.91, 9999.0, 117.75, 127.95, 120.25, 91.25, 138.5
2024-11-07, 21:49:39, 136.5, 58.25, 23.0, 22.02, 9999.0, 9.75, 10.02, 21.75, 9999.0, 23.91, 9999.0, 117.77, 127.95, 120.25, 91.25, 138.5
2024-11-07, 21:49:43, 136.5, 58.25, 23.0, 22.05, 9999.0, 9.7, 10.02, 21.75, 9999.0, 23.91, 9999.0, 117.77, 127.98, 120.25, 91.25, 138.5
2024-11-07, 21:49:47, 136.5, 58.25, 23.0, 22.07, 9999.0, 9.68, 10.02, 21.75, 9999.0, 23.91, 9999.0, 117.77, 127.98, 120.25, 91.25, 138.5
2024-11-07, 21:49:51, 136.5, 58.25, 23.0, 22.07, 9999.0, 9.66, 10.02, 21.75, 9999.0, 23.93, 9999.0, 117.75, 127.98, 120.25, 91.25, 138.5
2024-11-07, 21:49:55, 136.5, 58.25, 23.0, 22.07, 9999.0, 9.64, 10.0, 21.73, 9999.0, 23.93, 9999.0, 117.7, 127.98, 120.25, 91.25, 138.5
2024-11-07, 21:49:59, 136.5, 58.25, 23.0, 22.07, 9999.0, 9.64, 10.0, 21.73, 9999.0, 23.93, 9999.0, 117.68, 127.98, 120.25, 91.25, 138.5
2024-11-07, 21:50:03, 136.5, 58.25, 23.0, 22.07, 9999.0, 9.64, 10.0, 21.7, 9999.0, 23.91, 9999.0, 117.66, 127.98, 120.25, 91.25, 138.5
2024-11-07, 21:50:07, 136.5, 58.25, 23.0, 22.07, 9999.0, 9.64, 10.0, 21.7, 9999.0, 23.89, 9999.0, 117.64, 128.0, 120.25, 91.25, 138.5
2024-11-07, 21:50:11, 136.5, 58.25, 23.0, 22.09, 9999.0, 9.66, 10.0, 21.7, 9999.0, 23.86, 9999.0, 117.61, 128.0, 120.25, 91.25, 138.5
2024-11-07, 21:50:15, 136.5, 58.25, 23.0, 22.09, 9999.0, 9.68, 10.0, 21.7, 9999.0, 23.84, 9999.0, 117.61, 128.0, 120.25, 91.25, 138.5
2024-11-07, 21:50:19, 136.5, 58.25, 23.0, 22.09, 9999.0, 9.68, 10.0, 21.7, 9999.0, 23.82, 9999.0, 117.61, 128.0, 120.25, 91.25, 138.5
2024-11-07, 21:50:23, 136.5, 58.25, 23.0, 22.11, 9999.0, 9.7, 10.0, 21.7, 9999.0, 23.8, 9999.0, 117.61, 127.98, 120.25, 91.23, 138.5
2024-11-07, 21:50:27, 136.5, 58.25, 23.0, 22.09, 9999.0, 9.73, 10.0, 21.7, 9999.0, 23.77, 9999.0, 117.64, 127.98, 120.25, 91.23, 138.5
2024-11-07, 21:50:31, 136.5, 58.27, 23.0, 22.07, 9999.0, 9.75, 10.0, 21.7, 9999.0, 23.77, 9999.0, 117.66, 127.98, 120.25, 91.23, 138.5
2024-11-07, 21:51:06, 136.5, 58.27, 23.0, 22.07, 9999.0, 9.77, 10.0, 21.7, 9999.0, 23.75, 9999.0, 117.68, 127.98, 120.25, 91.23, 138.5
2024-11-07, 21:51:10, 136.5, 58.27, 23.0, 22.09, 9999.0, 9.8, 10.0, 21.7, 9999.0, 23.77, 9999.0, 117.7, 127.98, 120.25, 91.23, 138.5
2024-11-07, 21:51:14, 136.5, 58.27, 23.0, 22.11, 9999.0, 9.8, 10.0, 21.7, 9999.0, 23.8, 9999.0, 117.73, 127.98, 120.25, 91.23, 138.5
2024-11-07, 21:51:18, 136.5, 58.27, 23.0, 22.09, 9999.0, 9.77, 10.02, 21.73, 9999.0, 23.82, 9999.0, 117.75, 127.98, 120.25, 91.23, 138.5
2024-11-07, 21:51:22, 136.5, 58.27, 23.0, 22.09, 9999.0, 9.77, 10.02, 21.73, 9999.0, 23.84, 9999.0, 117.77, 127.98, 120.25, 91.23, 138.5
2024-11-07, 21:51:26, 136.5, 58.27, 23.0, 22.07, 9999.0, 9.75, 10.02, 21.73, 9999.0, 23.86, 9999.0, 117.8, 127.98, 120.25, 91.23, 138.5
2024-11-07, 21:51:30, 136.5, 58.27, 23.0, 22.07, 9999.0, 9.7, 10.02, 21.73, 9999.0, 23.89, 9999.0, 117.8, 127.98, 120.25, 91.23, 138.5
2024-11-07, 21:51:35, 136.5, 58.27, 23.0, 22.09, 9999.0, 9.68, 10.02, 21.73, 9999.0, 23.91, 9999.0, 117.8, 127.98, 120.25, 91.23, 138.5
2024-11-07, 21:51:39, 136.5, 58.27, 23.0, 22.07, 9999.0, 9.66, 10.02, 21.73, 9999.0, 23.93, 9999.0, 117.8, 128.0, 120.25, 91.25, 138.5
2024-11-07, 21:51:43, 136.5, 58.27, 23.0, 22.07, 9999.0, 9.64, 10.02, 21.73, 9999.0, 23.95, 9999.0, 117.77, 128.0, 120.25, 91.25, 138.5
2024-11-07, 21:51:47, 136.5, 58.25, 23.0, 22.07, 9999.0, 9.61, 10.02, 21.73, 9999.0, 23.98, 9999.0, 117.73, 128.0, 120.25, 91.25, 138.5
2024-11-07, 21:51:51, 136.5, 58.25, 23.0, 22.07, 9999.0, 9.61, 10.02, 21.73, 9999.0, 24.0, 9999.0, 117.7, 128.0, 120.25, 91.25, 138.5
2024-11-07, 21:51:55, 136.5, 58.25, 23.0, 22.05, 9999.0, 9.61, 10.02, 21.75, 9999.0, 24.0, 9999.0, 117.68, 128.0, 120.25, 91.25, 138.5
2024-11-07, 21:51:59, 136.5, 58.25, 23.0, 22.02, 9999.0, 9.61, 10.02, 21.75, 9999.0, 23.98, 9999.0, 117.66, 128.0, 120.25, 91.25, 138.5
2024-11-07, 21:52:03, 136.5, 58.25, 23.0, 22.02, 9999.0, 9.66, 10.0, 21.75, 9999.0, 23.95, 9999.0, 117.64, 127.98, 120.25, 91.25, 138.5
2024-11-07, 21:52:07, 136.5, 58.25, 23.0, 22.02, 9999.0, 9.68, 10.0, 21.73, 9999.0, 23.93, 9999.0, 117.64, 127.98, 120.25, 91.25, 138.5
2024-11-07, 21:52:11, 136.5, 58.25, 23.0, 22.02, 9999.0, 9.68, 10.0, 21.73, 9999.0, 23.91, 9999.0, 117.64, 127.95, 120.25, 91.25, 138.5
2024-11-07, 21:52:15, 136.5, 58.25, 23.0, 22.02, 9999.0, 9.7, 10.0, 21.73, 9999.0, 23.89, 9999.0, 117.64, 127.93, 120.25, 91.25, 138.5
2024-11-07, 21:52:19, 136.5, 58.25, 23.0, 22.0, 9999.0, 9.73, 10.0, 21.73, 9999.0, 23.86, 9999.0, 117.66, 127.93, 120.25, 91.25, 138.5
2024-11-07, 21:52:23, 136.5, 58.25, 23.0, 22.0, 9999.0, 9.75, 10.0, 21.73, 9999.0, 23.82, 9999.0, 117.68, 127.93, 120.25, 91.25, 138.5
2024-11-07, 21:52:27, 136.5, 58.25, 23.0, 22.02, 9999.0, 9.77, 10.0, 21.73, 9999.0, 23.8, 9999.0, 117.68, 127.93, 120.25, 91.25, 138.5
2024-11-07, 21:52:31, 136.5, 58.27, 23.0, 22.02, 9999.0, 9.8, 10.0, 21.73, 9999.0, 23.77, 9999.0, 117.7, 127.93, 120.25, 91.25, 138.5
2024-11-07, 21:52:35, 136.5, 58.3, 23.0, 22.02, 9999.0, 9.8, 10.0, 21.73, 9999.0, 23.75, 9999.0, 117.75, 127.93, 120.25, 91.25, 138.5
2024-11-07, 21:52:39, 136.5, 58.32, 23.0, 22.02, 9999.0, 9.8, 10.0, 21.73, 9999.0, 23.73, 9999.0, 117.77, 127.93, 120.25, 91.25, 138.5
2024-11-07, 21:52:43, 136.52, 58.34, 23.0, 22.02, 9999.0, 9.8, 10.0, 21.73, 9999.0, 23.73, 9999.0, 117.8, 127.93, 120.25, 91.25, 138.5
2024-11-07, 21:52:47, 136.52, 58.34, 23.0, 22.02, 9999.0, 9.77, 10.0, 21.73, 9999.0, 23.73, 9999.0, 117.82, 127.95, 120.25, 91.25, 138.5
2024-11-07, 21:52:51, 136.52, 58.34, 23.0, 22.02, 9999.0, 9.73, 10.0, 21.75, 9999.0, 23.75, 9999.0, 117.82, 127.95, 120.25, 91.25, 138.5
2024-11-07, 21:52:55, 136.52, 58.36, 23.0, 22.02, 9999.0, 9.7, 10.0, 21.75, 9999.0, 23.75, 9999.0, 117.82, 127.98, 120.25, 91.25, 138.5
2024-11-07, 21:52:59, 136.55, 58.36, 23.0, 22.02, 9999.0, 9.68, 10.0, 21.75, 9999.0, 23.75, 9999.0, 117.82, 128.0, 120.25, 91.25, 138.5
2024-11-07, 21:53:03, 136.55, 58.36, 23.0, 22.02, 9999.0, 9.66, 10.0, 21.75, 9999.0, 23.75, 9999.0, 117.77, 128.0, 120.25, 91.25, 138.5
2024-11-07, 21:53:07, 136.55, 58.39, 23.0, 22.02, 9999.0, 9.66, 10.0, 21.75, 9999.0, 23.77, 9999.0, 117.73, 128.0, 120.25, 91.25, 138.5
2024-11-07, 21:53:11, 136.55, 58.39, 23.0, 22.0, 9999.0, 9.66, 10.0, 21.75, 9999.0, 23.77, 9999.0, 117.7, 128.0, 120.25, 91.25, 138.5
2024-11-07, 21:53:15, 136.55, 58.36, 23.0, 22.02, 9999.0, 9.66, 10.0, 21.75, 9999.0, 23.77, 9999.0, 117.68, 127.98, 120.25, 91.25, 138.5
2024-11-07, 21:53:19, 136.55, 58.34, 22.98, 22.02, 9999.0, 9.68, 10.02, 21.75, 9999.0, 23.77, 9999.0, 117.64, 127.95, 120.25, 91.25, 138.5
2024-11-07, 21:53:23, 136.55, 58.32, 22.98, 22.02, 9999.0, 9.7, 10.05, 21.75, 9999.0, 23.77, 9999.0, 117.61, 127.93, 120.25, 91.25, 138.5
2024-11-07, 21:53:27, 136.52, 58.3, 22.98, 22.05, 9999.0, 9.7, 10.05, 21.75, 9999.0, 23.77, 9999.0, 117.61, 127.93, 120.25, 91.25, 138.5
2024-11-07, 21:53:31, 136.52, 58.3, 22.98, 22.05, 9999.0, 9.7, 10.07, 21.75, 9999.0, 23.75, 9999.0, 117.61, 127.91, 120.25, 91.25, 138.5
2024-11-07, 21:53:35, 136.52, 58.3, 22.98, 22.05, 9999.0, 9.73, 10.07, 21.75, 9999.0, 23.7, 9999.0, 117.64, 127.91, 120.25, 91.25, 138.5
2024-11-07, 21:53:39, 136.52, 58.27, 22.98, 22.05, 9999.0, 9.75, 10.07, 21.75, 9999.0, 23.68, 9999.0, 117.66, 127.91, 120.25, 91.25, 138.5
2024-11-07, 21:53:43, 136.5, 58.3, 22.98, 22.05, 9999.0, 9.77, 10.07, 21.75, 9999.0, 23.66, 9999.0, 117.66, 127.91, 120.25, 91.25, 138.5
2024-11-07, 21:53:47, 136.5, 58.3, 22.98, 22.05, 9999.0, 9.8, 10.07, 21.75, 9999.0, 23.66, 9999.0, 117.68, 127.91, 120.25, 91.25, 138.5
2024-11-07, 21:53:51, 136.5, 58.27, 22.98, 22.05, 9999.0, 9.8, 10.07, 21.75, 9999.0, 23.66, 9999.0, 117.7, 127.91, 120.25, 91.25, 138.5
2024-11-07, 21:53:55, 136.5, 58.27, 22.98, 22.05, 9999.0, 9.8, 10.07, 21.75, 9999.0, 23.68, 9999.0, 117.73, 127.91, 120.25, 91.25, 138.5
2024-11-07, 21:53:59, 136.5, 58.3, 22.98, 22.02, 9999.0, 9.8, 10.07, 21.75, 9999.0, 23.7, 9999.0, 117.75, 127.93, 120.25, 91.25, 138.5
2024-11-07, 21:54:03, 136.5, 58.32, 23.0, 22.02, 9999.0, 9.77, 10.05, 21.75, 9999.0, 23.73, 9999.0, 117.77, 127.95, 120.25, 91.25, 138.5
2024-11-07, 21:54:07, 136.5, 58.34, 23.0, 22.02, 9999.0, 9.75, 10.02, 21.75, 9999.0, 23.75, 9999.0, 117.8, 127.98, 120.25, 91.25, 138.5
2024-11-07, 21:54:11, 136.5, 58.34, 23.0, 22.0, 9999.0, 9.73, 10.02, 21.75, 9999.0, 23.75, 9999.0, 117.8, 127.98, 120.25, 91.25, 138.5
2024-11-07, 21:54:15, 136.5, 58.34, 23.0, 22.0, 9999.0, 9.73, 10.0, 21.75, 9999.0, 23.77, 9999.0, 117.8, 128.0, 120.25, 91.25, 138.5
2024-11-07, 21:54:19, 136.5, 58.36, 23.0, 22.0, 9999.0, 9.7, 10.0, 21.75, 9999.0, 23.8, 9999.0, 117.75, 128.0, 120.25, 91.25, 138.5
2024-11-07, 21:54:23, 136.5, 58.36, 23.0, 22.0, 9999.0, 9.68, 10.0, 21.75, 9999.0, 23.82, 9999.0, 117.7, 128.0, 120.25, 91.25, 138.5
2024-11-07, 21:54:27, 136.5, 58.34, 23.0, 22.0, 9999.0, 9.68, 10.0, 21.75, 9999.0, 23.84, 9999.0, 117.68, 128.0, 120.25, 91.25, 138.5
2024-11-07, 21:54:31, 136.5, 58.34, 23.0, 22.0, 9999.0, 9.68, 10.0, 21.75, 9999.0, 23.84, 9999.0, 117.66, 128.0, 120.25, 91.25, 138.5
2024-11-07, 21:54:35, 136.5, 58.34, 22.98, 22.0, 9999.0, 9.68, 10.0, 21.75, 9999.0, 23.84, 9999.0, 117.64, 128.0, 120.25, 91.25, 138.5
2024-11-07, 21:54:39, 136.5, 58.36, 22.98, 22.0, 9999.0, 9.7, 10.0, 21.75, 9999.0, 23.82, 9999.0, 117.61, 128.0, 120.25, 91.25, 138.5
2024-11-07, 21:54:43, 136.5, 58.36, 22.95, 22.02, 9999.0, 9.73, 10.0, 21.75, 9999.0, 23.77, 9999.0, 117.61, 127.98, 120.25, 91.25, 138.5
2024-11-07, 21:54:47, 136.5, 58.36, 22.95, 22.02, 9999.0, 9.73, 10.0, 21.75, 9999.0, 23.73, 9999.0, 117.61, 127.98, 120.25, 91.25, 138.5
2024-11-07, 21:54:51, 136.5, 58.34, 22.95, 22.02, 9999.0, 9.73, 10.0, 21.75, 9999.0, 23.68, 9999.0, 117.64, 127.98, 120.25, 91.25, 138.5
2024-11-07, 21:54:55, 136.5, 58.34, 22.95, 22.02, 9999.0, 9.75, 10.0, 21.75, 9999.0, 23.66, 9999.0, 117.66, 127.98, 120.25, 91.25, 138.5
2024-11-07, 21:54:59, 136.5, 58.34, 22.93, 22.02, 9999.0, 9.75, 10.0, 21.75, 9999.0, 23.64, 9999.0, 117.68, 127.98, 120.25, 91.25, 138.5
2024-11-07, 21:55:03, 136.5, 58.32, 22.93, 22.02, 9999.0, 9.77, 10.0, 21.75, 9999.0, 23.64, 9999.0, 117.73, 127.98, 120.25, 91.25, 138.5
2024-11-07, 21:55:07, 136.5, 58.34, 22.93, 22.02, 9999.0, 9.8, 10.0, 21.75, 9999.0, 23.64, 9999.0, 117.75, 127.95, 120.25, 91.25, 138.5
2024-11-07, 21:55:12, 136.5, 58.36, 22.93, 22.02, 9999.0, 9.8, 10.0, 21.75, 9999.0, 23.64, 9999.0, 117.77, 127.95, 120.25, 91.25, 138.5
2024-11-07, 21:55:16, 136.5, 58.36, 22.93, 22.02, 9999.0, 9.8, 10.0, 21.75, 9999.0, 23.66, 9999.0, 117.8, 127.95, 120.25, 91.25, 138.5
2024-11-07, 21:55:20, 136.5, 58.36, 22.95, 22.02, 9999.0, 9.8, 10.0, 21.75, 9999.0, 23.68, 9999.0, 117.82, 127.95, 120.25, 91.25, 138.5
2024-11-07, 21:55:24, 136.5, 58.36, 22.95, 22.02, 9999.0, 9.77, 10.0, 21.75, 9999.0, 23.7, 9999.0, 117.84, 127.95, 120.25, 91.25, 138.5
2024-11-07, 21:55:28, 136.5, 58.36, 22.98, 22.02, 9999.0, 9.73, 10.0, 21.75, 9999.0, 23.75, 9999.0, 117.82, 127.98, 120.25, 91.25, 138.5
2024-11-07, 21:55:32, 136.5, 58.34, 22.98, 22.02, 9999.0, 9.73, 10.0, 21.75, 9999.0, 23.8, 9999.0, 117.82, 127.98, 120.25, 91.25, 138.5
2024-11-07, 21:55:36, 136.5, 58.34, 22.98, 22.02, 9999.0, 9.73, 10.0, 21.75, 9999.0, 23.84, 9999.0, 117.8, 127.98, 120.25, 91.25, 138.5
2024-11-07, 21:55:40, 136.5, 58.34, 22.98, 22.02, 9999.0, 9.73, 10.0, 21.75, 9999.0, 23.86, 9999.0, 117.75, 127.98, 120.25, 91.25, 138.5
2024-11-07, 21:55:44, 136.5, 58.34, 23.0, 22.02, 9999.0, 9.73, 10.0, 21.75, 9999.0, 23.89, 9999.0, 117.73, 127.98, 120.25, 91.25, 138.5
2024-11-07, 21:55:48, 136.5, 58.34, 23.0, 22.02, 9999.0, 9.73, 10.0, 21.75, 9999.0, 23.91, 9999.0, 117.68, 127.95, 120.25, 91.25, 138.5
2024-11-07, 21:55:52, 136.5, 58.32, 23.0, 22.02, 9999.0, 9.73, 10.0, 21.75, 9999.0, 23.91, 9999.0, 117.66, 127.98, 120.25, 91.25, 138.5
2024-11-07, 21:55:56, 136.5, 58.32, 23.0, 22.02, 9999.0, 9.75, 10.0, 21.75, 9999.0, 23.91, 9999.0, 117.64, 127.95, 120.25, 91.25, 138.5
2024-11-07, 21:56:00, 136.5, 58.32, 23.0, 22.02, 9999.0, 9.77, 10.0, 21.75, 9999.0, 23.89, 9999.0, 117.61, 127.95, 120.25, 91.25, 138.5
2024-11-07, 21:56:04, 136.5, 58.32, 22.98, 22.05, 9999.0, 9.77, 10.0, 21.75, 9999.0, 23.86, 9999.0, 117.61, 127.93, 120.25, 91.25, 138.5
2024-11-07, 21:56:08, 136.5, 58.32, 22.98, 22.05, 9999.0, 9.77, 10.02, 21.75, 9999.0, 23.84, 9999.0, 117.61, 127.93, 120.25, 91.25, 138.5
2024-11-07, 21:56:12, 136.5, 58.32, 22.98, 22.02, 9999.0, 9.8, 10.02, 21.75, 9999.0, 23.82, 9999.0, 117.66, 127.93, 120.25, 91.25, 138.5
2024-11-07, 21:56:16, 136.5, 58.34, 22.98, 22.02, 9999.0, 9.8, 10.05, 21.75, 9999.0, 23.8, 9999.0, 117.68, 127.93, 120.25, 91.25, 138.5
2024-11-07, 21:56:20, 136.5, 58.34, 22.98, 22.02, 9999.0, 9.8, 10.05, 21.75, 9999.0, 23.75, 9999.0, 117.68, 127.93, 120.25, 91.25, 138.5
2024-11-07, 21:56:24, 136.5, 58.36, 22.98, 22.02, 9999.0, 9.8, 10.05, 21.75, 9999.0, 23.75, 9999.0, 117.7, 127.93, 120.25, 91.25, 138.5
2024-11-07, 21:56:28, 136.5, 58.36, 22.98, 22.02, 9999.0, 9.8, 10.07, 21.75, 9999.0, 23.75, 9999.0, 117.7, 127.93, 120.25, 91.25, 138.5
2024-11-07, 21:56:32, 136.52, 58.36, 22.98, 22.02, 9999.0, 9.8, 10.07, 21.75, 9999.0, 23.75, 9999.0, 117.73, 127.95, 120.25, 91.25, 138.5
2024-11-07, 21:56:36, 136.52, 58.39, 22.98, 22.02, 9999.0, 9.8, 10.07, 21.75, 9999.0, 23.77, 9999.0, 117.75, 127.95, 120.25, 91.25, 138.5
2024-11-07, 21:56:40, 136.52, 58.36, 22.98, 22.02, 9999.0, 9.77, 10.07, 21.75, 9999.0, 23.8, 9999.0, 117.77, 127.98, 120.25, 91.25, 138.5
2024-11-07, 21:56:44, 136.52, 58.39, 22.98, 22.02, 9999.0, 9.73, 10.07, 21.75, 9999.0, 23.82, 9999.0, 117.8, 127.98, 120.25, 91.25, 138.5
2024-11-07, 21:56:48, 136.52, 58.41, 23.0, 22.0, 9999.0, 9.7, 10.07, 21.75, 9999.0, 23.82, 9999.0, 117.8, 128.0, 120.25, 91.25, 138.5
2024-11-07, 21:56:52, 136.52, 58.39, 23.0, 22.02, 9999.0, 9.7, 10.05, 21.75, 9999.0, 23.82, 9999.0, 117.77, 128.0, 120.25, 91.25, 138.5
2024-11-07, 21:56:56, 136.52, 58.39, 23.0, 22.02, 9999.0, 9.68, 10.05, 21.75, 9999.0, 23.82, 9999.0, 117.75, 128.0, 120.25, 91.25, 138.5
2024-11-07, 21:57:00, 136.52, 58.36, 23.0, 22.02, 9999.0, 9.66, 10.02, 21.75, 9999.0, 23.82, 9999.0, 117.7, 128.0, 120.25, 91.25, 138.5
2024-11-07, 21:57:04, 136.52, 58.36, 23.0, 22.02, 9999.0, 9.66, 10.02, 21.75, 9999.0, 23.84, 9999.0, 117.68, 128.0, 120.25, 91.25, 138.5
2024-11-07, 21:57:08, 136.52, 58.34, 23.0, 22.05, 9999.0, 9.66, 10.02, 21.75, 9999.0, 23.84, 9999.0, 117.66, 127.98, 120.25, 91.25, 138.5
2024-11-07, 21:57:12, 136.52, 58.34, 23.0, 22.07, 9999.0, 9.68, 10.0, 21.75, 9999.0, 23.84, 9999.0, 117.64, 127.95, 120.25, 91.25, 138.5
2024-11-07, 21:57:16, 136.5, 58.36, 23.0, 22.09, 9999.0, 9.7, 10.0, 21.75, 9999.0, 23.82, 9999.0, 117.61, 127.95, 120.25, 91.25, 138.5
2024-11-07, 21:57:20, 136.5, 58.34, 23.0, 22.11, 9999.0, 9.73, 10.0, 21.75, 9999.0, 23.8, 9999.0, 117.61, 127.95, 120.25, 91.25, 138.5
2024-11-07, 21:57:24, 136.5, 58.34, 23.0, 22.14, 9999.0, 9.75, 10.0, 21.75, 9999.0, 23.77, 9999.0, 117.61, 127.95, 120.25, 91.25, 138.5
2024-11-07, 21:57:28, 136.5, 58.34, 23.0, 22.16, 9999.0, 9.77, 10.0, 21.75, 9999.0, 23.75, 9999.0, 117.64, 127.95, 120.25, 91.25, 138.5
2024-11-07, 21:57:32, 136.5, 58.32, 23.0, 22.18, 9999.0, 9.8, 10.02, 21.75, 9999.0, 23.75, 9999.0, 117.66, 127.95, 120.25, 91.25, 138.5
2024-11-07, 21:57:36, 136.5, 58.34, 23.0, 22.18, 9999.0, 9.8, 10.02, 21.75, 9999.0, 23.75, 9999.0, 117.7, 127.95, 120.25, 91.25, 138.5
2024-11-07, 21:57:40, 136.52, 58.32, 23.0, 22.18, 9999.0, 9.82, 10.02, 21.75, 9999.0, 23.75, 9999.0, 117.7, 127.95, 120.25, 91.25, 138.5
2024-11-07, 21:57:44, 136.55, 58.34, 23.0, 22.18, 9999.0, 9.84, 10.02, 21.75, 9999.0, 23.75, 9999.0, 117.73, 127.95, 120.25, 91.25, 138.5
2024-11-07, 21:57:48, 136.57, 58.34, 23.0, 22.18, 9999.0, 9.84, 10.02, 21.75, 9999.0, 23.77, 9999.0, 117.75, 127.95, 120.25, 91.25, 138.5
2024-11-07, 21:57:52, 136.57, 58.34, 23.0, 22.18, 9999.0, 9.84, 10.02, 21.75, 9999.0, 23.8, 9999.0, 117.77, 127.98, 120.25, 91.25, 138.5
2024-11-07, 21:57:56, 136.57, 58.34, 22.98, 22.18, 9999.0, 9.82, 10.02, 21.75, 9999.0, 23.82, 9999.0, 117.8, 128.0, 120.25, 91.25, 138.5
2024-11-07, 21:58:00, 136.57, 58.32, 22.98, 22.18, 9999.0, 9.8, 10.02, 21.75, 9999.0, 23.84, 9999.0, 117.82, 128.0, 120.25, 91.25, 138.5
2024-11-07, 21:58:04, 136.57, 58.34, 22.98, 22.16, 9999.0, 9.77, 10.02, 21.75, 9999.0, 23.86, 9999.0, 117.82, 128.0, 120.25, 91.25, 138.5
2024-11-07, 21:58:08, 136.57, 58.36, 22.98, 22.14, 9999.0, 9.75, 10.02, 21.75, 9999.0, 23.89, 9999.0, 117.82, 128.0, 120.25, 91.25, 138.5
2024-11-07, 21:58:12, 136.57, 58.34, 22.98, 22.14, 9999.0, 9.73, 10.02, 21.75, 9999.0, 23.91, 9999.0, 117.77, 128.0, 120.25, 91.25, 138.5
2024-11-07, 21:58:17, 136.57, 58.34, 22.98, 22.11, 9999.0, 9.7, 10.0, 21.75, 9999.0, 23.93, 9999.0, 117.75, 128.0, 120.25, 91.25, 138.52
2024-11-07, 21:58:21, 136.57, 58.34, 22.98, 22.09, 9999.0, 9.7, 10.0, 21.75, 9999.0, 23.93, 9999.0, 117.73, 128.0, 120.25, 91.25, 138.55
2024-11-07, 21:58:25, 136.55, 58.34, 22.95, 22.11, 9999.0, 9.7, 10.0, 21.75, 9999.0, 23.93, 9999.0, 117.7, 128.0, 120.25, 91.25, 138.55
2024-11-07, 21:58:29, 136.52, 58.32, 22.95, 22.11, 9999.0, 9.7, 10.0, 21.75, 9999.0, 23.93, 9999.0, 117.68, 128.0, 120.25, 91.25, 138.55
2024-11-07, 21:58:33, 136.5, 58.32, 22.95, 22.11, 9999.0, 9.73, 10.02, 21.75, 9999.0, 23.91, 9999.0, 117.66, 128.0, 120.25, 91.25, 138.55
2024-11-07, 21:58:37, 136.5, 58.34, 22.95, 22.09, 9999.0, 9.75, 10.02, 21.75, 9999.0, 23.89, 9999.0, 117.66, 128.0, 120.25, 91.25, 138.55
2024-11-07, 21:58:41, 136.5, 58.36, 22.98, 22.07, 9999.0, 9.77, 10.02, 21.75, 9999.0, 23.86, 9999.0, 117.66, 128.0, 120.25, 91.25, 138.55
2024-11-07, 21:58:45, 136.52, 58.39, 22.98, 22.05, 9999.0, 9.77, 10.02, 21.75, 9999.0, 23.84, 9999.0, 117.66, 128.0, 120.25, 91.25, 138.55
2024-11-07, 21:58:49, 136.52, 58.36, 22.98, 22.07, 9999.0, 9.77, 10.02, 21.75, 9999.0, 23.82, 9999.0, 117.68, 128.0, 120.25, 91.25, 138.57
2024-11-07, 21:58:53, 136.52, 58.34, 22.98, 22.07, 9999.0, 9.77, 10.05, 21.75, 9999.0, 23.8, 9999.0, 117.7, 128.0, 120.25, 91.25, 138.57
2024-11-07, 21:58:57, 136.52, 58.34, 22.98, 22.07, 9999.0, 9.8, 10.05, 21.75, 9999.0, 23.8, 9999.0, 117.75, 128.0, 120.25, 91.25, 138.57
2024-11-07, 21:59:01, 136.52, 58.34, 22.98, 22.07, 9999.0, 9.82, 10.05, 21.75, 9999.0, 23.77, 9999.0, 117.75, 128.0, 120.25, 91.25, 138.55
2024-11-07, 21:59:05, 136.52, 58.32, 22.98, 22.07, 9999.0, 9.82, 10.05, 21.75, 9999.0, 23.8, 9999.0, 117.75, 128.0, 120.25, 91.25, 138.55
2024-11-07, 21:59:09, 136.52, 58.34, 23.0, 22.07, 9999.0, 9.82, 10.05, 21.75, 9999.0, 23.82, 9999.0, 117.77, 128.0, 120.25, 91.25, 138.55
2024-11-07, 21:59:13, 136.52, 58.34, 23.0, 22.09, 9999.0, 9.82, 10.07, 21.73, 9999.0, 23.84, 9999.0, 117.8, 128.0, 120.25, 91.25, 138.57
2024-11-07, 21:59:17, 136.52, 58.36, 23.0, 22.11, 9999.0, 9.77, 10.05, 21.73, 9999.0, 23.89, 9999.0, 117.8, 128.0, 120.25, 91.25, 138.57
2024-11-07, 21:59:21, 136.52, 58.34, 23.0, 22.11, 9999.0, 9.75, 10.05, 21.73, 9999.0, 23.91, 9999.0, 117.8, 128.0, 120.25, 91.25, 138.57
2024-11-07, 21:59:25, 136.52, 58.32, 23.0, 22.11, 9999.0, 9.73, 10.05, 21.73, 9999.0, 23.93, 9999.0, 117.8, 128.0, 120.25, 91.25, 138.57
2024-11-07, 21:59:29, 136.5, 58.3, 23.0, 22.11, 9999.0, 9.73, 10.05, 21.73, 9999.0, 23.95, 9999.0, 117.8, 128.0, 120.25, 91.25, 138.57
2024-11-07, 21:59:33, 136.5, 58.3, 23.0, 22.09, 9999.0, 9.73, 10.05, 21.73, 9999.0, 23.98, 9999.0, 117.77, 128.0, 120.25, 91.25, 138.55
2024-11-07, 21:59:37, 136.5, 58.3, 23.0, 22.11, 9999.0, 9.7, 10.02, 21.73, 9999.0, 24.0, 9999.0, 117.73, 128.0, 120.25, 91.25, 138.55
2024-11-07, 21:59:41, 136.5, 58.3, 23.0, 22.11, 9999.0, 9.7, 10.02, 21.73, 9999.0, 24.0, 9999.0, 117.7, 128.0, 120.25, 91.25, 138.55
2024-11-07, 21:59:45, 136.5, 58.32, 23.0, 22.11, 9999.0, 9.7, 10.02, 21.73, 9999.0, 24.02, 9999.0, 117.68, 128.0, 120.25, 91.25, 138.55
2024-11-07, 21:59:49, 136.5, 58.32, 22.98, 22.14, 9999.0, 9.73, 10.02, 21.73, 9999.0, 24.0, 9999.0, 117.66, 128.0, 120.25, 91.25, 138.52
2024-11-07, 21:59:53, 136.5, 58.3, 22.98, 22.14, 9999.0, 9.75, 10.05, 21.73, 9999.0, 23.98, 9999.0, 117.64, 128.0, 120.25, 91.25, 138.52
2024-11-07, 21:59:57, 136.5, 58.32, 22.98, 22.14, 9999.0, 9.75, 10.05, 21.75, 9999.0, 23.95, 9999.0, 117.64, 128.0, 120.25, 91.25, 138.52
2024-11-07, 22:00:01, 136.5, 58.32, 22.98, 22.11, 9999.0, 9.8, 10.05, 21.75, 9999.0, 23.91, 9999.0, 117.66, 127.98, 120.25, 91.25, 138.52
2024-11-07, 22:00:05, 136.5, 58.32, 22.98, 22.14, 9999.0, 9.82, 10.05, 21.75, 9999.0, 23.89, 9999.0, 117.66, 127.98, 120.25, 91.25, 138.52
2024-11-07, 22:00:09, 136.5, 58.34, 22.98, 22.16, 9999.0, 9.82, 10.07, 21.75, 9999.0, 23.86, 9999.0, 117.68, 127.98, 120.25, 91.25, 138.52
2024-11-07, 22:00:13, 136.5, 58.36, 22.98, 22.16, 9999.0, 9.82, 10.09, 21.75, 9999.0, 23.84, 9999.0, 117.68, 127.98, 120.25, 91.25, 138.52
2024-11-07, 22:00:17, 136.5, 58.39, 22.98, 22.16, 9999.0, 9.82, 10.09, 21.75, 9999.0, 23.84, 9999.0, 117.7, 127.95, 120.25, 91.25, 138.52
2024-11-07, 22:00:21, 136.5, 58.39, 22.98, 22.14, 9999.0, 9.84, 10.09, 21.75, 9999.0, 23.82, 9999.0, 117.73, 127.95, 120.25, 91.25, 138.52
2024-11-07, 22:00:25, 136.5, 58.39, 22.95, 22.11, 9999.0, 9.84, 10.09, 21.75, 9999.0, 23.82, 9999.0, 117.73, 127.95, 120.25, 91.25, 138.52
2024-11-07, 22:00:29, 136.5, 58.39, 22.93, 22.14, 9999.0, 9.82, 10.09, 21.75, 9999.0, 23.82, 9999.0, 117.75, 127.95, 120.25, 91.25, 138.52
2024-11-07, 22:00:33, 136.5, 58.41, 22.95, 22.14, 9999.0, 9.8, 10.11, 21.75, 9999.0, 23.84, 9999.0, 117.77, 127.95, 120.25, 91.25, 138.52
2024-11-07, 22:00:37, 136.5, 58.41, 22.95, 22.11, 9999.0, 9.77, 10.09, 21.75, 9999.0, 23.86, 9999.0, 117.8, 127.95, 120.25, 91.25, 138.52
2024-11-07, 22:00:41, 136.5, 58.39, 22.95, 22.11, 9999.0, 9.75, 10.07, 21.75, 9999.0, 23.89, 9999.0, 117.8, 127.95, 120.25, 91.25, 138.5
2024-11-07, 22:00:45, 136.5, 58.36, 22.93, 22.14, 9999.0, 9.7, 10.07, 21.75, 9999.0, 23.91, 9999.0, 117.8, 127.98, 120.25, 91.25, 138.52
2024-11-07, 22:00:49, 136.5, 58.36, 22.93, 22.14, 9999.0, 9.66, 10.07, 21.75, 9999.0, 23.93, 9999.0, 117.8, 127.98, 120.25, 91.25, 138.52
2024-11-07, 22:00:53, 136.5, 58.36, 22.93, 22.14, 9999.0, 9.64, 10.05, 21.75, 9999.0, 23.95, 9999.0, 117.75, 127.98, 120.25, 91.25, 138.55
2024-11-07, 22:00:57, 136.52, 58.34, 22.93, 22.16, 9999.0, 9.64, 10.02, 21.75, 9999.0, 23.95, 9999.0, 117.73, 127.98, 120.25, 91.25, 138.55
2024-11-07, 22:01:01, 136.52, 58.32, 22.93, 22.16, 9999.0, 9.64, 10.02, 21.75, 9999.0, 23.95, 9999.0, 117.68, 127.98, 120.25, 91.25, 138.55
2024-11-07, 22:01:05, 136.52, 58.32, 22.93, 22.16, 9999.0, 9.64, 10.02, 21.75, 9999.0, 23.98, 9999.0, 117.66, 127.98, 120.25, 91.25, 138.55
2024-11-07, 22:01:09, 136.52, 58.32, 22.95, 22.16, 9999.0, 9.66, 10.02, 21.75, 9999.0, 23.98, 9999.0, 117.64, 127.98, 120.25, 91.25, 138.55
2024-11-07, 22:01:13, 136.52, 58.3, 22.98, 22.14, 9999.0, 9.7, 10.02, 21.75, 9999.0, 23.95, 9999.0, 117.64, 127.98, 120.25, 91.25, 138.57
2024-11-07, 22:01:17, 136.52, 58.3, 22.98, 22.14, 9999.0, 9.73, 10.0, 21.75, 9999.0, 23.93, 9999.0, 117.64, 127.98, 120.25, 91.25, 138.57
2024-11-07, 22:01:21, 136.52, 58.3, 22.95, 22.14, 9999.0, 9.73, 10.0, 21.75, 9999.0, 23.91, 9999.0, 117.64, 127.95, 120.25, 91.25, 138.57
2024-11-07, 22:01:25, 136.52, 58.3, 22.95, 22.14, 9999.0, 9.75, 10.0, 21.75, 9999.0, 23.89, 9999.0, 117.66, 127.95, 120.25, 91.25, 138.57
2024-11-07, 22:01:29, 136.52, 58.32, 22.98, 22.14, 9999.0, 9.77, 10.0, 21.75, 9999.0, 23.89, 9999.0, 117.68, 127.95, 120.25, 91.25, 138.55
2024-11-07, 22:01:33, 136.52, 58.32, 22.98, 22.14, 9999.0, 9.8, 10.02, 21.75, 9999.0, 23.89, 9999.0, 117.7, 127.95, 120.25, 91.25, 138.55
2024-11-07, 22:01:37, 136.52, 58.3, 22.98, 22.14, 9999.0, 9.82, 10.05, 21.75, 9999.0, 23.89, 9999.0, 117.73, 127.95, 120.25, 91.25, 138.52
2024-11-07, 22:01:41, 136.5, 58.3, 22.98, 22.11, 9999.0, 9.82, 10.07, 21.75, 9999.0, 23.91, 9999.0, 117.75, 127.95, 120.25, 91.25, 138.52
2024-11-07, 22:01:46, 136.5, 58.3, 22.98, 22.11, 9999.0, 9.8, 10.07, 21.75, 9999.0, 23.93, 9999.0, 117.77, 127.98, 120.25, 91.25, 138.55
2024-11-07, 22:01:50, 136.5, 58.32, 22.98, 22.14, 9999.0, 9.8, 10.07, 21.75, 9999.0, 23.95, 9999.0, 117.8, 127.98, 120.25, 91.25, 138.55
2024-11-07, 22:01:54, 136.5, 58.32, 22.98, 22.14, 9999.0, 9.77, 10.07, 21.75, 9999.0, 23.98, 9999.0, 117.82, 127.98, 120.25, 91.25, 138.55
2024-11-07, 22:01:58, 136.5, 58.32, 22.98, 22.16, 9999.0, 9.73, 10.07, 21.75, 9999.0, 24.02, 9999.0, 117.82, 127.98, 120.25, 91.25, 138.52
2024-11-07, 22:02:02, 136.5, 58.3, 22.98, 22.14, 9999.0, 9.7, 10.07, 21.75, 9999.0, 24.07, 9999.0, 117.82, 127.98, 120.25, 91.25, 138.52
2024-11-07, 22:02:06, 136.5, 58.3, 23.0, 22.14, 9999.0, 9.68, 10.07, 21.75, 9999.0, 24.11, 9999.0, 117.82, 128.0, 120.25, 91.25, 138.52
2024-11-07, 22:02:10, 136.52, 58.32, 23.0, 22.11, 9999.0, 9.66, 10.07, 21.75, 9999.0, 24.14, 9999.0, 117.8, 128.0, 120.25, 91.25, 138.52
2024-11-07, 22:02:14, 136.52, 58.3, 23.0, 22.09, 9999.0, 9.64, 10.07, 21.75, 9999.0, 24.14, 9999.0, 117.75, 128.0, 120.25, 91.25, 138.52
2024-11-07, 22:02:18, 136.52, 58.3, 23.0, 22.07, 9999.0, 9.64, 10.05, 21.75, 9999.0, 24.16, 9999.0, 117.7, 128.0, 120.25, 91.25, 138.52
2024-11-07, 22:02:22, 136.52, 58.3, 23.0, 22.05, 9999.0, 9.64, 10.02, 21.75, 9999.0, 24.18, 9999.0, 117.68, 127.98, 120.25, 91.25, 138.52
2024-11-07, 22:02:26, 136.52, 58.32, 23.0, 22.05, 9999.0, 9.64, 10.0, 21.75, 9999.0, 24.2, 9999.0, 117.66, 127.95, 120.25, 91.25, 138.52
2024-11-07, 22:02:30, 136.52, 58.32, 23.0, 22.05, 9999.0, 9.68, 10.0, 21.75, 9999.0, 24.2, 9999.0, 117.64, 127.95, 120.25, 91.25, 138.5
2024-11-07, 22:02:34, 136.52, 58.3, 23.0, 22.05, 9999.0, 9.7, 10.0, 21.75, 9999.0, 24.18, 9999.0, 117.64, 127.95, 120.25, 91.25, 138.5
2024-11-07, 22:02:38, 136.52, 58.3, 23.0, 22.07, 9999.0, 9.7, 10.02, 21.75, 9999.0, 24.16, 9999.0, 117.64, 127.95, 120.25, 91.25, 138.5
2024-11-07, 22:02:42, 136.52, 58.32, 22.98, 22.07, 9999.0, 9.73, 10.02, 21.75, 9999.0, 24.14, 9999.0, 117.64, 127.95, 120.25, 91.25, 138.5
2024-11-07, 22:02:46, 136.52, 58.34, 22.98, 22.09, 9999.0, 9.73, 10.02, 21.75, 9999.0, 24.11, 9999.0, 117.66, 127.95, 120.25, 91.25, 138.5
2024-11-07, 22:02:50, 136.52, 58.36, 22.95, 22.11, 9999.0, 9.75, 10.02, 21.75, 9999.0, 24.07, 9999.0, 117.66, 127.95, 120.25, 91.25, 138.5
2024-11-07, 22:02:54, 136.5, 58.36, 22.93, 22.14, 9999.0, 9.77, 10.02, 21.75, 9999.0, 24.07, 9999.0, 117.68, 127.95, 120.25, 91.25, 138.5
2024-11-07, 22:02:58, 136.5, 58.36, 22.91, 22.14, 9999.0, 9.8, 10.02, 21.75, 9999.0, 24.07, 9999.0, 117.7, 127.93, 120.25, 91.25, 138.5
2024-11-07, 22:03:02, 136.5, 58.39, 22.91, 22.16, 9999.0, 9.8, 10.02, 21.75, 9999.0, 24.05, 9999.0, 117.73, 127.93, 120.25, 91.25, 138.5
2024-11-07, 22:03:06, 136.5, 58.39, 22.91, 22.16, 9999.0, 9.8, 10.02, 21.75, 9999.0, 24.05, 9999.0, 117.75, 127.95, 120.25, 91.25, 138.5
2024-11-07, 22:03:10, 136.5, 58.39, 22.91, 22.16, 9999.0, 9.8, 10.02, 21.75, 9999.0, 24.02, 9999.0, 117.77, 127.98, 120.25, 91.25, 138.5
2024-11-07, 22:03:14, 136.5, 58.41, 22.91, 22.16, 9999.0, 9.77, 10.02, 21.75, 9999.0, 24.0, 9999.0, 117.8, 127.98, 120.25, 91.25, 138.5
2024-11-07, 22:03:18, 136.5, 58.41, 22.89, 22.14, 9999.0, 9.75, 10.02, 21.75, 9999.0, 24.0, 9999.0, 117.8, 127.98, 120.25, 91.25, 138.5
2024-11-07, 22:03:22, 136.5, 58.41, 22.89, 22.14, 9999.0, 9.73, 10.0, 21.75, 9999.0, 24.0, 9999.0, 117.8, 127.98, 120.25, 91.25, 138.5
2024-11-07, 22:03:26, 136.5, 58.39, 22.91, 22.14, 9999.0, 9.7, 10.0, 21.75, 9999.0, 24.0, 9999.0, 117.77, 127.98, 120.25, 91.25, 138.5
2024-11-07, 22:03:30, 136.5, 58.39, 22.91, 22.11, 9999.0, 9.68, 10.0, 21.75, 9999.0, 24.02, 9999.0, 117.73, 127.98, 120.25, 91.25, 138.5
2024-11-07, 22:03:34, 136.5, 58.36, 22.93, 22.09, 9999.0, 9.68, 10.0, 21.75, 9999.0, 24.05, 9999.0, 117.73, 127.98, 120.25, 91.25, 138.5
2024-11-07, 22:03:38, 136.52, 58.34, 22.95, 22.09, 9999.0, 9.68, 10.0, 21.75, 9999.0, 24.05, 9999.0, 117.68, 127.98, 120.25, 91.25, 138.5
2024-11-07, 22:03:42, 136.52, 58.34, 22.95, 22.11, 9999.0, 9.68, 10.0, 21.75, 9999.0, 24.05, 9999.0, 117.66, 128.0, 120.25, 91.25, 138.5
2024-11-07, 22:03:46, 136.52, 58.34, 22.95, 22.09, 9999.0, 9.7, 10.0, 21.75, 9999.0, 24.05, 9999.0, 117.64, 128.0, 120.25, 91.25, 138.5
2024-11-07, 22:03:50, 136.55, 58.34, 22.95, 22.09, 9999.0, 9.73, 10.0, 21.75, 9999.0, 24.02, 9999.0, 117.64, 128.0, 120.25, 91.25, 138.5
2024-11-07, 22:03:54, 136.55, 58.34, 22.95, 22.09, 9999.0, 9.75, 10.0, 21.75, 9999.0, 24.0, 9999.0, 117.64, 127.98, 120.25, 91.25, 138.5
2024-11-07, 22:03:58, 136.55, 58.32, 22.95, 22.09, 9999.0, 9.75, 10.0, 21.75, 9999.0, 24.0, 9999.0, 117.64, 127.98, 120.25, 91.23, 138.5
2024-11-07, 22:04:02, 136.55, 58.34, 22.98, 22.09, 9999.0, 9.75, 10.0, 21.75, 9999.0, 24.0, 9999.0, 117.66, 127.98, 120.25, 91.23, 138.5
2024-11-07, 22:04:06, 136.55, 58.36, 22.95, 22.09, 9999.0, 9.77, 10.02, 21.75, 9999.0, 24.0, 9999.0, 117.68, 127.98, 120.25, 91.23, 138.5
2024-11-07, 22:04:10, 136.57, 58.39, 22.95, 22.07, 9999.0, 9.8, 10.02, 21.75, 9999.0, 24.02, 9999.0, 117.7, 127.95, 120.25, 91.23, 138.5
2024-11-07, 22:04:14, 136.57, 58.36, 22.93, 22.09, 9999.0, 9.82, 10.02, 21.75, 9999.0, 24.02, 9999.0, 117.73, 127.95, 120.25, 91.23, 138.5
2024-11-07, 22:04:18, 136.57, 58.39, 22.91, 22.11, 9999.0, 9.82, 10.02, 21.75, 9999.0, 24.05, 9999.0, 117.73, 127.95, 120.25, 91.23, 138.5
2024-11-07, 22:04:22, 136.55, 58.41, 22.91, 22.09, 9999.0, 9.82, 10.02, 21.75, 9999.0, 24.07, 9999.0, 117.75, 127.95, 120.25, 91.23, 138.5
2024-11-07, 22:04:26, 136.55, 58.41, 22.93, 22.09, 9999.0, 9.82, 10.02, 21.75, 9999.0, 24.09, 9999.0, 117.77, 127.95, 120.25, 91.23, 138.5
2024-11-07, 22:04:30, 136.55, 58.41, 22.93, 22.11, 9999.0, 9.8, 10.02, 21.75, 9999.0, 24.11, 9999.0, 117.8, 127.93, 120.25, 91.23, 138.5
2024-11-07, 22:04:34, 136.52, 58.43, 22.93, 22.11, 9999.0, 9.77, 10.02, 21.75, 9999.0, 24.14, 9999.0, 117.8, 127.93, 120.25, 91.23, 138.5
2024-11-07, 22:04:38, 136.52, 58.41, 22.93, 22.11, 9999.0, 9.73, 10.02, 21.75, 9999.0, 24.18, 9999.0, 117.8, 127.95, 120.25, 91.23, 138.5
2024-11-07, 22:04:42, 136.52, 58.41, 22.93, 22.11, 9999.0, 9.7, 10.02, 21.75, 9999.0, 24.2, 9999.0, 117.77, 127.93, 120.25, 91.25, 138.5
2024-11-07, 22:04:46, 136.52, 58.41, 22.91, 22.11, 9999.0, 9.68, 10.02, 21.75, 9999.0, 24.23, 9999.0, 117.73, 127.93, 120.25, 91.25, 138.5
2024-11-07, 22:04:50, 136.52, 58.39, 22.93, 22.09, 9999.0, 9.66, 10.0, 21.75, 9999.0, 24.25, 9999.0, 117.68, 127.93, 120.25, 91.25, 138.5
2024-11-07, 22:04:54, 136.5, 58.36, 22.93, 22.09, 9999.0, 9.66, 10.0, 21.75, 9999.0, 24.23, 9999.0, 117.66, 127.95, 120.25, 91.25, 138.5
2024-11-07, 22:04:58, 136.5, 58.39, 22.95, 22.07, 9999.0, 9.66, 10.0, 21.75, 9999.0, 24.23, 9999.0, 117.64, 127.95, 120.25, 91.25, 138.5
2024-11-07, 22:05:02, 136.52, 58.36, 22.98, 22.07, 9999.0, 9.68, 10.0, 21.75, 9999.0, 24.2, 9999.0, 117.61, 127.95, 120.25, 91.25, 138.5
2024-11-07, 22:05:06, 136.52, 58.34, 22.95, 22.09, 9999.0, 9.7, 10.0, 21.75, 9999.0, 24.18, 9999.0, 117.59, 127.95, 120.25, 91.23, 138.5
2024-11-07, 22:05:10, 136.52, 58.34, 22.95, 22.09, 9999.0, 9.73, 10.02, 21.75, 9999.0, 24.16, 9999.0, 117.59, 127.93, 120.25, 91.23, 138.5
2024-11-07, 22:05:15, 136.52, 58.32, 22.95, 22.09, 9999.0, 9.73, 10.02, 21.75, 9999.0, 24.14, 9999.0, 117.59, 127.95, 120.25, 91.23, 138.5
2024-11-07, 22:05:19, 136.52, 58.3, 22.95, 22.09, 9999.0, 9.73, 10.02, 21.75, 9999.0, 24.11, 9999.0, 117.61, 127.95, 120.25, 91.23, 138.5
2024-11-07, 22:05:23, 136.52, 58.32, 22.95, 22.11, 9999.0, 9.75, 10.02, 21.75, 9999.0, 24.09, 9999.0, 117.64, 127.95, 120.25, 91.23, 138.5
2024-11-07, 22:05:27, 136.52, 58.32, 22.95, 22.11, 9999.0, 9.77, 10.02, 21.75, 9999.0, 24.07, 9999.0, 117.68, 127.98, 120.25, 91.23, 138.5
2024-11-07, 22:05:31, 136.52, 58.32, 22.98, 22.11, 9999.0, 9.8, 10.02, 21.75, 9999.0, 24.05, 9999.0, 117.73, 127.95, 120.25, 91.23, 138.5
2024-11-07, 22:05:35, 136.52, 58.32, 22.98, 22.11, 9999.0, 9.82, 10.02, 21.75, 9999.0, 24.02, 9999.0, 117.75, 127.93, 120.25, 91.23, 138.5
2024-11-07, 22:05:39, 136.52, 58.34, 22.98, 22.11, 9999.0, 9.82, 10.02, 21.75, 9999.0, 24.05, 9999.0, 117.77, 127.93, 120.25, 91.23, 138.5
2024-11-07, 22:05:43, 136.52, 58.34, 22.98, 22.11, 9999.0, 9.82, 10.02, 21.75, 9999.0, 24.05, 9999.0, 117.8, 127.91, 120.25, 91.23, 138.5
2024-11-07, 22:05:47, 136.5, 58.36, 22.95, 22.09, 9999.0, 9.8, 10.02, 21.75, 9999.0, 24.07, 9999.0, 117.82, 127.91, 120.25, 91.23, 138.5
2024-11-07, 22:05:51, 136.5, 58.39, 22.98, 22.07, 9999.0, 9.75, 10.02, 21.75, 9999.0, 24.09, 9999.0, 117.84, 127.91, 120.25, 91.25, 138.5
2024-11-07, 22:05:55, 136.5, 58.41, 22.98, 22.05, 9999.0, 9.73, 10.0, 21.75, 9999.0, 24.09, 9999.0, 117.84, 127.93, 120.25, 91.25, 138.5
2024-11-07, 22:05:59, 136.5, 58.43, 22.98, 22.02, 9999.0, 9.73, 10.0, 21.75, 9999.0, 24.09, 9999.0, 117.84, 127.93, 120.25, 91.25, 138.5
2024-11-07, 22:06:03, 136.5, 58.43, 22.95, 22.02, 9999.0, 9.7, 10.0, 21.75, 9999.0, 24.11, 9999.0, 117.8, 127.93, 120.25, 91.25, 138.5
2024-11-07, 22:06:07, 136.5, 58.43, 22.95, 22.0, 9999.0, 9.68, 10.0, 21.73, 9999.0, 24.14, 9999.0, 117.77, 127.93, 120.25, 91.25, 138.5
2024-11-07, 22:06:11, 136.5, 58.43, 22.95, 22.0, 9999.0, 9.68, 10.0, 21.73, 9999.0, 24.14, 9999.0, 117.73, 127.93, 120.25, 91.25, 138.5
2024-11-07, 22:06:15, 136.5, 58.43, 22.95, 22.0, 9999.0, 9.68, 10.0, 21.73, 9999.0, 24.16, 9999.0, 117.68, 127.95, 120.25, 91.25, 138.5
2024-11-07, 22:06:19, 136.5, 58.45, 22.95, 22.0, 9999.0, 9.68, 10.0, 21.73, 9999.0, 24.18, 9999.0, 117.66, 127.98, 120.25, 91.25, 138.5
2024-11-07, 22:06:23, 136.5, 58.45, 22.93, 22.0, 9999.0, 9.7, 10.0, 21.73, 9999.0, 24.18, 9999.0, 117.64, 127.98, 120.25, 91.25, 138.5
2024-11-07, 22:06:27, 136.5, 58.43, 22.91, 22.0, 9999.0, 9.73, 10.0, 21.73, 9999.0, 24.18, 9999.0, 117.64, 127.98, 120.25, 91.25, 138.5
2024-11-07, 22:06:31, 136.5, 58.41, 22.93, 22.0, 9999.0, 9.73, 10.0, 21.73, 9999.0, 24.18, 9999.0, 117.64, 127.98, 120.25, 91.25, 138.5
2024-11-07, 22:06:35, 136.5, 58.39, 22.93, 22.0, 9999.0, 9.75, 10.0, 21.73, 9999.0, 24.18, 9999.0, 117.64, 127.98, 120.25, 91.25, 138.5
2024-11-07, 22:06:39, 136.5, 58.36, 22.93, 22.0, 9999.0, 9.75, 10.0, 21.73, 9999.0, 24.2, 9999.0, 117.64, 127.98, 120.25, 91.25, 138.5
2024-11-07, 22:06:43, 136.5, 58.36, 22.93, 22.0, 9999.0, 9.75, 10.0, 21.73, 9999.0, 24.2, 9999.0, 117.66, 127.98, 120.25, 91.25, 138.5
2024-11-07, 22:06:47, 136.5, 58.39, 22.95, 22.0, 9999.0, 9.77, 10.0, 21.73, 9999.0, 24.2, 9999.0, 117.68, 127.98, 120.25, 91.25, 138.5
2024-11-07, 22:06:51, 136.5, 58.36, 22.95, 22.0, 9999.0, 9.8, 10.0, 21.75, 9999.0, 24.2, 9999.0, 117.68, 127.98, 120.25, 91.25, 138.5
2024-11-07, 22:06:55, 136.5, 58.36, 22.95, 22.0, 9999.0, 9.8, 10.0, 21.75, 9999.0, 24.23, 9999.0, 117.7, 127.98, 120.25, 91.25, 138.5
2024-11-07, 22:06:59, 136.5, 58.36, 22.95, 22.02, 9999.0, 9.8, 10.0, 21.75, 9999.0, 24.23, 9999.0, 117.73, 127.98, 120.25, 91.25, 138.5
2024-11-07, 22:07:03, 136.5, 58.34, 22.95, 22.02, 9999.0, 9.8, 10.0, 21.75, 9999.0, 24.23, 9999.0, 117.75, 127.98, 120.25, 91.25, 138.5
2024-11-07, 22:07:07, 136.5, 58.34, 22.98, 22.02, 9999.0, 9.77, 10.0, 21.75, 9999.0, 24.23, 9999.0, 117.77, 127.95, 120.25, 91.25, 138.5
2024-11-07, 22:07:11, 136.5, 58.36, 23.0, 22.02, 9999.0, 9.73, 10.0, 21.75, 9999.0, 24.23, 9999.0, 117.77, 127.98, 120.25, 91.25, 138.5
2024-11-07, 22:07:15, 136.5, 58.36, 23.0, 22.02, 9999.0, 9.7, 10.0, 21.73, 9999.0, 24.23, 9999.0, 117.77, 127.98, 120.25, 91.25, 138.5
2024-11-07, 22:07:19, 136.5, 58.39, 23.0, 22.02, 9999.0, 9.68, 10.0, 21.73, 9999.0, 24.23, 9999.0, 117.77, 127.95, 120.25, 91.25, 138.5
2024-11-07, 22:07:23, 136.5, 58.41, 23.0, 22.02, 9999.0, 9.66, 10.0, 21.73, 9999.0, 24.23, 9999.0, 117.75, 127.95, 120.25, 91.25, 138.5
2024-11-07, 22:07:27, 136.5, 58.39, 23.0, 22.05, 9999.0, 9.64, 10.0, 21.73, 9999.0, 24.25, 9999.0, 117.7, 127.95, 120.25, 91.25, 138.5
2024-11-07, 22:07:31, 136.5, 58.36, 22.98, 22.05, 9999.0, 9.64, 10.0, 21.73, 9999.0, 24.25, 9999.0, 117.68, 127.93, 120.25, 91.25, 138.5
2024-11-07, 22:07:35, 136.5, 58.36, 22.98, 22.05, 9999.0, 9.64, 10.0, 21.73, 9999.0, 24.25, 9999.0, 117.66, 127.93, 120.25, 91.25, 138.5
2024-11-07, 22:07:39, 136.5, 58.36, 22.98, 22.05, 9999.0, 9.64, 10.0, 21.73, 9999.0, 24.23, 9999.0, 117.64, 127.93, 120.25, 91.25, 138.5
2024-11-07, 22:07:43, 136.5, 58.34, 22.98, 22.02, 9999.0, 9.64, 10.0, 21.73, 9999.0, 24.2, 9999.0, 117.61, 127.91, 120.25, 91.25, 138.48
2024-11-07, 22:07:47, 136.5, 58.34, 22.98, 22.02, 9999.0, 9.66, 10.0, 21.73, 9999.0, 24.18, 9999.0, 117.61, 127.91, 120.25, 91.25, 138.48
2024-11-07, 22:07:51, 136.52, 58.32, 22.98, 22.02, 9999.0, 9.66, 10.0, 21.73, 9999.0, 24.16, 9999.0, 117.61, 127.91, 120.25, 91.25, 138.48
2024-11-07, 22:07:55, 136.52, 58.32, 22.98, 22.02, 9999.0, 9.68, 10.0, 21.73, 9999.0, 24.14, 9999.0, 117.64, 127.91, 120.25, 91.25, 138.48
2024-11-07, 22:07:59, 136.52, 58.32, 22.95, 22.02, 9999.0, 9.7, 10.0, 21.75, 9999.0, 24.11, 9999.0, 117.64, 127.91, 120.25, 91.25, 138.48
2024-11-07, 22:08:03, 136.52, 58.32, 22.95, 22.02, 9999.0, 9.73, 10.02, 21.75, 9999.0, 24.09, 9999.0, 117.64, 127.93, 120.25, 91.25, 138.48
2024-11-07, 22:08:07, 136.52, 58.32, 22.95, 22.05, 9999.0, 9.75, 10.02, 21.75, 9999.0, 24.09, 9999.0, 117.66, 127.93, 120.25, 91.25, 138.48
2024-11-07, 22:08:11, 136.52, 58.34, 22.95, 22.02, 9999.0, 9.77, 10.02, 21.75, 9999.0, 24.09, 9999.0, 117.68, 127.91, 120.25, 91.25, 138.48
2024-11-07, 22:08:15, 136.52, 58.36, 22.95, 22.02, 9999.0, 9.77, 10.02, 21.75, 9999.0, 24.09, 9999.0, 117.7, 127.93, 120.25, 91.25, 138.48
2024-11-07, 22:08:19, 136.52, 58.39, 22.95, 22.02, 9999.0, 9.77, 10.02, 21.75, 9999.0, 24.11, 9999.0, 117.73, 127.93, 120.25, 91.25, 138.48
2024-11-07, 22:08:23, 136.52, 58.41, 22.95, 22.02, 9999.0, 9.77, 10.02, 21.75, 9999.0, 24.16, 9999.0, 117.75, 127.93, 120.25, 91.25, 138.48
2024-11-07, 22:08:27, 136.52, 58.43, 22.93, 22.05, 9999.0, 9.75, 10.02, 21.75, 9999.0, 24.18, 9999.0, 117.77, 127.95, 120.25, 91.25, 138.5
2024-11-07, 22:08:31, 136.55, 58.45, 22.91, 22.05, 9999.0, 9.7, 10.02, 21.75, 9999.0, 24.2, 9999.0, 117.75, 127.95, 120.25, 91.25, 138.5
2024-11-07, 22:08:35, 136.52, 58.45, 22.91, 22.05, 9999.0, 9.68, 10.02, 21.75, 9999.0, 24.23, 9999.0, 117.73, 127.98, 120.25, 91.25, 138.5
2024-11-07, 22:08:39, 136.52, 58.43, 22.91, 22.05, 9999.0, 9.66, 10.02, 21.75, 9999.0, 24.23, 9999.0, 117.7, 127.98, 120.25, 91.25, 138.5
2024-11-07, 22:08:44, 136.52, 58.43, 22.93, 22.05, 9999.0, 9.64, 10.02, 21.75, 9999.0, 24.23, 9999.0, 117.68, 127.98, 120.25, 91.25, 138.5
2024-11-07, 22:08:48, 136.52, 58.43, 22.93, 22.05, 9999.0, 9.64, 10.0, 21.75, 9999.0, 24.23, 9999.0, 117.66, 127.98, 120.25, 91.25, 138.5
2024-11-07, 22:08:52, 136.52, 58.41, 22.93, 22.02, 9999.0, 9.64, 10.0, 21.75, 9999.0, 24.2, 9999.0, 117.64, 127.98, 120.25, 91.25, 138.5
2024-11-07, 22:08:56, 136.52, 58.39, 22.93, 22.02, 9999.0, 9.64, 10.0, 21.75, 9999.0, 24.18, 9999.0, 117.61, 128.0, 120.25, 91.25, 138.5
2024-11-07, 22:09:00, 136.52, 58.36, 22.95, 22.02, 9999.0, 9.66, 10.0, 21.75, 9999.0, 24.16, 9999.0, 117.59, 127.98, 120.25, 91.25, 138.5
2024-11-07, 22:09:04, 136.52, 58.34, 22.95, 22.02, 9999.0, 9.68, 10.0, 21.75, 9999.0, 24.11, 9999.0, 117.57, 127.95, 120.25, 91.25, 138.5
2024-11-07, 22:09:08, 136.52, 58.34, 22.95, 22.02, 9999.0, 9.68, 10.0, 21.75, 9999.0, 24.07, 9999.0, 117.57, 127.93, 120.25, 91.25, 138.5
2024-11-07, 22:09:12, 136.52, 58.32, 22.98, 22.0, 9999.0, 9.7, 10.0, 21.75, 9999.0, 24.05, 9999.0, 117.55, 127.93, 120.25, 91.25, 138.5
2024-11-07, 22:09:16, 136.5, 58.3, 23.0, 22.0, 9999.0, 9.73, 10.0, 21.75, 9999.0, 24.02, 9999.0, 117.57, 127.93, 120.25, 91.25, 138.5
2024-11-07, 22:09:20, 136.5, 58.3, 23.0, 22.0, 9999.0, 9.75, 10.0, 21.75, 9999.0, 24.0, 9999.0, 117.61, 127.93, 120.25, 91.25, 138.5
2024-11-07, 22:09:24, 136.5, 58.3, 23.0, 22.0, 9999.0, 9.77, 10.0, 21.75, 9999.0, 23.98, 9999.0, 117.61, 127.93, 120.25, 91.25, 138.5
2024-11-07, 22:09:28, 136.5, 58.3, 22.98, 22.0, 9999.0, 9.8, 10.0, 21.75, 9999.0, 23.98, 9999.0, 117.64, 127.93, 120.25, 91.25, 138.5
2024-11-07, 22:09:32, 136.5, 58.27, 22.98, 22.0, 9999.0, 9.8, 10.0, 21.75, 9999.0, 23.98, 9999.0, 117.66, 127.93, 120.25, 91.25, 138.5
2024-11-07, 22:09:36, 136.5, 58.27, 22.95, 22.0, 9999.0, 9.8, 10.0, 21.75, 9999.0, 24.0, 9999.0, 117.68, 127.93, 120.25, 91.25, 138.5
2024-11-07, 22:09:40, 136.5, 58.3, 22.95, 22.0, 9999.0, 9.8, 10.0, 21.75, 9999.0, 24.02, 9999.0, 117.7, 127.93, 120.25, 91.25, 138.5
2024-11-07, 22:09:44, 136.5, 58.32, 22.95, 22.0, 9999.0, 9.77, 10.0, 21.75, 9999.0, 24.05, 9999.0, 117.73, 127.95, 120.25, 91.25, 138.5
2024-11-07, 22:09:48, 136.5, 58.32, 22.95, 22.0, 9999.0, 9.73, 10.0, 21.75, 9999.0, 24.07, 9999.0, 117.75, 127.98, 120.25, 91.25, 138.5
2024-11-07, 22:09:52, 136.5, 58.32, 22.95, 22.0, 9999.0, 9.7, 10.0, 21.75, 9999.0, 24.07, 9999.0, 117.75, 127.98, 120.25, 91.25, 138.5
2024-11-07, 22:09:56, 136.52, 58.34, 22.95, 22.0, 9999.0, 9.68, 10.0, 21.75, 9999.0, 24.09, 9999.0, 117.77, 127.98, 120.25, 91.25, 138.5
2024-11-07, 22:10:00, 136.52, 58.34, 22.95, 22.0, 9999.0, 9.66, 10.0, 21.75, 9999.0, 24.09, 9999.0, 117.75, 127.98, 120.25, 91.25, 138.5
2024-11-07, 22:10:04, 136.52, 58.34, 22.95, 22.0, 9999.0, 9.64, 10.0, 21.75, 9999.0, 24.09, 9999.0, 117.7, 127.98, 120.25, 91.25, 138.5
2024-11-07, 22:10:08, 136.52, 58.36, 22.95, 22.0, 9999.0, 9.64, 10.0, 21.75, 9999.0, 24.11, 9999.0, 117.68, 127.95, 120.25, 91.25, 138.5
2024-11-07, 22:10:12, 136.52, 58.36, 22.98, 22.0, 9999.0, 9.64, 10.0, 21.75, 9999.0, 24.11, 9999.0, 117.66, 127.95, 120.25, 91.25, 138.5
2024-11-07, 22:10:16, 136.52, 58.36, 22.98, 22.0, 9999.0, 9.64, 10.0, 21.75, 9999.0, 24.09, 9999.0, 117.64, 127.95, 120.25, 91.25, 138.5
2024-11-07, 22:10:20, 136.52, 58.36, 23.0, 22.0, 9999.0, 9.66, 10.0, 21.75, 9999.0, 24.07, 9999.0, 117.61, 127.93, 120.25, 91.25, 138.5
2024-11-07, 22:10:24, 136.52, 58.34, 22.98, 22.0, 9999.0, 9.68, 10.0, 21.75, 9999.0, 24.05, 9999.0, 117.61, 127.91, 120.25, 91.25, 138.5
2024-11-07, 22:10:28, 136.52, 58.34, 22.98, 22.0, 9999.0, 9.68, 10.0, 21.75, 9999.0, 24.0, 9999.0, 117.61, 127.91, 120.25, 91.25, 138.5
2024-11-07, 22:10:32, 136.52, 58.34, 22.98, 22.0, 9999.0, 9.7, 10.0, 21.75, 9999.0, 23.95, 9999.0, 117.61, 127.89, 120.25, 91.25, 138.5
2024-11-07, 22:10:36, 136.52, 58.32, 22.98, 22.0, 9999.0, 9.73, 10.0, 21.75, 9999.0, 23.93, 9999.0, 117.64, 127.91, 120.25, 91.25, 138.5
2024-11-07, 22:10:40, 136.5, 58.3, 22.98, 22.0, 9999.0, 9.75, 10.0, 21.75, 9999.0, 23.89, 9999.0, 117.66, 127.89, 120.25, 91.25, 138.5
2024-11-07, 22:10:44, 136.5, 58.3, 22.98, 22.0, 9999.0, 9.77, 10.0, 21.75, 9999.0, 23.86, 9999.0, 117.7, 127.89, 120.25, 91.25, 138.5
2024-11-07, 22:10:48, 136.5, 58.32, 22.98, 22.0, 9999.0, 9.8, 10.0, 21.75, 9999.0, 23.86, 9999.0, 117.73, 127.86, 120.25, 91.25, 138.5
2024-11-07, 22:10:52, 136.5, 58.3, 22.98, 22.0, 9999.0, 9.8, 10.0, 21.75, 9999.0, 23.86, 9999.0, 117.75, 127.89, 120.25, 91.25, 138.5
2024-11-07, 22:10:56, 136.5, 58.3, 22.98, 22.0, 9999.0, 9.8, 10.0, 21.75, 9999.0, 23.86, 9999.0, 117.77, 127.89, 120.25, 91.25, 138.5
2024-11-07, 22:11:00, 136.5, 58.3, 22.98, 22.0, 9999.0, 9.8, 10.0, 21.75, 9999.0, 23.89, 9999.0, 117.8, 127.89, 120.25, 91.25, 138.5
2024-11-07, 22:11:04, 136.5, 58.3, 22.98, 22.0, 9999.0, 9.77, 10.0, 21.75, 9999.0, 23.89, 9999.0, 117.82, 127.91, 120.25, 91.25, 138.5
2024-11-07, 22:11:08, 136.5, 58.3, 23.0, 22.0, 9999.0, 9.73, 10.0, 21.75, 9999.0, 23.89, 9999.0, 117.82, 127.93, 120.25, 91.25, 138.5
2024-11-07, 22:11:12, 136.5, 58.27, 23.0, 22.0, 9999.0, 9.7, 10.0, 21.75, 9999.0, 23.91, 9999.0, 117.82, 127.91, 120.25, 91.25, 138.5
2024-11-07, 22:11:16, 136.5, 58.27, 23.0, 22.0, 9999.0, 9.68, 10.0, 21.75, 9999.0, 23.93, 9999.0, 117.82, 127.93, 120.25, 91.25, 138.5
2024-11-07, 22:11:20, 136.5, 58.27, 23.0, 22.0, 9999.0, 9.66, 10.0, 21.75, 9999.0, 23.95, 9999.0, 117.77, 127.93, 120.25, 91.25, 138.5
2024-11-07, 22:11:24, 136.5, 58.3, 23.0, 22.0, 9999.0, 9.64, 10.0, 21.75, 9999.0, 23.95, 9999.0, 117.73, 127.95, 120.25, 91.25, 138.5
2024-11-07, 22:11:28, 136.5, 58.3, 23.0, 22.02, 9999.0, 9.64, 10.0, 21.75, 9999.0, 23.98, 9999.0, 117.68, 127.95, 120.25, 91.25, 138.5
2024-11-07, 22:11:32, 136.5, 58.27, 23.0, 22.02, 9999.0, 9.64, 10.0, 21.75, 9999.0, 23.95, 9999.0, 117.66, 127.98, 120.25, 91.25, 138.5
2024-11-07, 22:11:36, 136.5, 58.27, 23.0, 22.02, 9999.0, 9.64, 10.0, 21.75, 9999.0, 23.93, 9999.0, 117.64, 127.98, 120.25, 91.25, 138.5
2024-11-07, 22:11:40, 136.5, 58.27, 23.0, 22.02, 9999.0, 9.66, 10.0, 21.75, 9999.0, 23.91, 9999.0, 117.61, 127.95, 120.25, 91.25, 138.5
2024-11-07, 22:11:44, 136.5, 58.27, 23.0, 22.02, 9999.0, 9.68, 10.0, 21.75, 9999.0, 23.89, 9999.0, 117.61, 127.93, 120.25, 91.25, 138.5
2024-11-07, 22:11:48, 136.5, 58.27, 23.0, 22.02, 9999.0, 9.68, 10.0, 21.75, 9999.0, 23.86, 9999.0, 117.61, 127.91, 120.25, 91.25, 138.5
2024-11-07, 22:11:52, 136.5, 58.27, 23.0, 22.02, 9999.0, 9.7, 10.0, 21.75, 9999.0, 23.84, 9999.0, 117.61, 127.91, 120.25, 91.25, 138.5
2024-11-07, 22:11:56, 136.5, 58.27, 23.0, 22.02, 9999.0, 9.73, 10.0, 21.75, 9999.0, 23.82, 9999.0, 117.61, 127.93, 120.25, 91.25, 138.5
2024-11-07, 22:12:00, 136.52, 58.27, 23.0, 22.02, 9999.0, 9.75, 10.0, 21.75, 9999.0, 23.8, 9999.0, 117.61, 127.93, 120.25, 91.25, 138.5
2024-11-07, 22:12:04, 136.52, 58.27, 23.0, 22.02, 9999.0, 9.77, 10.0, 21.75, 9999.0, 23.8, 9999.0, 117.66, 127.93, 120.25, 91.25, 138.5
2024-11-07, 22:12:09, 136.52, 58.25, 23.0, 22.02, 9999.0, 9.8, 10.0, 21.75, 9999.0, 23.82, 9999.0, 117.68, 127.91, 120.25, 91.25, 138.5
2024-11-07, 22:12:13, 136.52, 58.25, 23.0, 22.0, 9999.0, 9.8, 10.0, 21.75, 9999.0, 23.82, 9999.0, 117.7, 127.89, 120.25, 91.25, 138.5
2024-11-07, 22:12:17, 136.52, 58.25, 23.0, 22.0, 9999.0, 9.8, 10.0, 21.73, 9999.0, 23.86, 9999.0, 117.73, 127.89, 120.25, 91.25, 138.5
2024-11-07, 22:12:21, 136.52, 58.25, 23.0, 22.0, 9999.0, 9.77, 10.0, 21.73, 9999.0, 23.91, 9999.0, 117.75, 127.89, 120.25, 91.25, 138.5
2024-11-07, 22:12:25, 136.52, 58.25, 22.98, 22.0, 9999.0, 9.75, 10.0, 21.73, 9999.0, 23.93, 9999.0, 117.77, 127.91, 120.25, 91.25, 138.5
2024-11-07, 22:12:29, 136.52, 58.25, 22.98, 22.0, 9999.0, 9.7, 10.0, 21.73, 9999.0, 23.95, 9999.0, 117.77, 127.93, 120.25, 91.25, 138.5
2024-11-07, 22:12:33, 136.52, 58.25, 22.98, 22.02, 9999.0, 9.7, 10.0, 21.73, 9999.0, 23.98, 9999.0, 117.75, 127.95, 120.25, 91.25, 138.5
2024-11-07, 22:12:37, 136.52, 58.25, 22.98, 22.02, 9999.0, 9.68, 10.0, 21.73, 9999.0, 24.0, 9999.0, 117.73, 127.95, 120.25, 91.25, 138.5
2024-11-07, 22:12:41, 136.52, 58.27, 22.98, 22.02, 9999.0, 9.66, 10.0, 21.73, 9999.0, 24.02, 9999.0, 117.7, 127.95, 120.25, 91.25, 138.5
2024-11-07, 22:12:45, 136.5, 58.27, 22.98, 22.02, 9999.0, 9.64, 10.0, 21.73, 9999.0, 24.05, 9999.0, 117.68, 127.93, 120.25, 91.25, 138.5
2024-11-07, 22:12:49, 136.5, 58.27, 22.98, 22.02, 9999.0, 9.64, 10.0, 21.73, 9999.0, 24.05, 9999.0, 117.64, 127.91, 120.25, 91.25, 138.5
2024-11-07, 22:12:53, 136.5, 58.27, 22.98, 22.02, 9999.0, 9.64, 10.0, 21.73, 9999.0, 24.05, 9999.0, 117.61, 127.91, 120.25, 91.25, 138.5
2024-11-07, 22:12:57, 136.5, 58.27, 22.98, 22.02, 9999.0, 9.64, 10.0, 21.73, 9999.0, 24.05, 9999.0, 117.59, 127.91, 120.25, 91.25, 138.5
2024-11-07, 22:13:01, 136.5, 58.3, 22.98, 22.02, 9999.0, 9.64, 10.02, 21.75, 9999.0, 24.02, 9999.0, 117.57, 127.91, 120.25, 91.25, 138.5
2024-11-07, 22:13:05, 136.5, 58.3, 22.98, 22.05, 9999.0, 9.66, 10.02, 21.75, 9999.0, 23.98, 9999.0, 117.57, 127.91, 120.25, 91.25, 138.5
2024-11-07, 22:13:09, 136.52, 58.3, 23.0, 22.07, 9999.0, 9.66, 10.02, 21.75, 9999.0, 23.98, 9999.0, 117.57, 127.89, 120.25, 91.25, 138.5
2024-11-07, 22:13:13, 136.52, 58.32, 23.0, 22.07, 9999.0, 9.68, 10.02, 21.75, 9999.0, 23.95, 9999.0, 117.57, 127.86, 120.25, 91.25, 138.5
2024-11-07, 22:13:17, 136.52, 58.32, 23.0, 22.05, 9999.0, 9.68, 10.02, 21.75, 9999.0, 23.93, 9999.0, 117.61, 127.86, 120.25, 91.25, 138.5
2024-11-07, 22:13:21, 136.52, 58.32, 23.0, 22.05, 9999.0, 9.7, 10.02, 21.75, 9999.0, 23.91, 9999.0, 117.64, 127.86, 120.25, 91.25, 138.5
2024-11-07, 22:13:25, 136.52, 58.3, 23.0, 22.05, 9999.0, 9.73, 10.02, 21.75, 9999.0, 23.91, 9999.0, 117.66, 127.86, 120.25, 91.25, 138.5
2024-11-07, 22:13:29, 136.52, 58.3, 23.0, 22.05, 9999.0, 9.75, 10.02, 21.75, 9999.0, 23.91, 9999.0, 117.68, 127.89, 120.25, 91.25, 138.5
2024-11-07, 22:13:33, 136.52, 58.3, 23.0, 22.05, 9999.0, 9.75, 10.02, 21.75, 9999.0, 23.91, 9999.0, 117.7, 127.91, 120.25, 91.25, 138.5
2024-11-07, 22:13:37, 136.52, 58.3, 23.0, 22.05, 9999.0, 9.75, 10.02, 21.75, 9999.0, 23.91, 9999.0, 117.73, 127.93, 120.25, 91.25, 138.5
2024-11-07, 22:13:41, 136.52, 58.3, 23.0, 22.05, 9999.0, 9.75, 10.02, 21.75, 9999.0, 23.91, 9999.0, 117.75, 127.95, 120.25, 91.25, 138.5
2024-11-07, 22:13:45, 136.52, 58.27, 23.0, 22.05, 9999.0, 9.75, 10.0, 21.75, 9999.0, 23.91, 9999.0, 117.77, 127.95, 120.25, 91.25, 138.5
2024-11-07, 22:13:49, 136.52, 58.27, 23.0, 22.02, 9999.0, 9.73, 10.0, 21.75, 9999.0, 23.93, 9999.0, 117.77, 127.95, 120.25, 91.25, 138.5
2024-11-07, 22:13:53, 136.5, 58.27, 23.0, 22.0, 9999.0, 9.7, 10.0, 21.75, 9999.0, 23.93, 9999.0, 117.77, 127.98, 120.25, 91.25, 138.5
2024-11-07, 22:13:57, 136.5, 58.25, 23.0, 22.0, 9999.0, 9.7, 10.0, 21.75, 9999.0, 23.95, 9999.0, 117.75, 128.0, 120.25, 91.25, 138.5
2024-11-07, 22:14:01, 136.5, 58.25, 23.0, 22.0, 9999.0, 9.68, 10.0, 21.75, 9999.0, 23.98, 9999.0, 117.7, 128.0, 120.25, 91.25, 138.5
2024-11-07, 22:14:05, 136.5, 58.25, 23.0, 22.0, 9999.0, 9.68, 10.0, 21.73, 9999.0, 24.0, 9999.0, 117.68, 127.98, 120.25, 91.25, 138.5
2024-11-07, 22:14:09, 136.52, 58.25, 23.0, 22.0, 9999.0, 9.68, 10.0, 21.73, 9999.0, 23.98, 9999.0, 117.66, 127.95, 120.25, 91.25, 138.5
2024-11-07, 22:14:13, 136.52, 58.25, 23.0, 22.0, 9999.0, 9.68, 10.0, 21.73, 9999.0, 23.98, 9999.0, 117.64, 127.95, 120.25, 91.25, 138.5
2024-11-07, 22:14:17, 136.52, 58.25, 23.0, 22.02, 9999.0, 9.7, 10.0, 21.73, 9999.0, 23.95, 9999.0, 117.61, 127.93, 120.25, 91.25, 138.5
2024-11-07, 22:14:21, 136.52, 58.25, 23.0, 22.02, 9999.0, 9.73, 10.0, 21.73, 9999.0, 23.93, 9999.0, 117.61, 127.91, 120.25, 91.25, 138.5
2024-11-07, 22:14:25, 136.52, 58.25, 23.0, 22.02, 9999.0, 9.75, 10.0, 21.7, 9999.0, 23.91, 9999.0, 117.61, 127.91, 120.25, 91.25, 138.5
2024-11-07, 22:14:29, 136.52, 58.25, 23.0, 22.05, 9999.0, 9.77, 10.0, 21.7, 9999.0, 23.89, 9999.0, 117.61, 127.89, 120.25, 91.25, 138.5
2024-11-07, 22:14:33, 136.52, 58.25, 22.98, 22.05, 9999.0, 9.8, 10.0, 21.7, 9999.0, 23.86, 9999.0, 117.61, 127.89, 120.25, 91.25, 138.5
2024-11-07, 22:14:37, 136.52, 58.25, 22.98, 22.05, 9999.0, 9.82, 10.0, 21.7, 9999.0, 23.82, 9999.0, 117.61, 127.89, 120.25, 91.25, 138.5
2024-11-07, 22:14:41, 136.52, 58.27, 22.98, 22.07, 9999.0, 9.82, 10.0, 21.7, 9999.0, 23.77, 9999.0, 117.64, 127.89, 120.25, 91.25, 138.5
2024-11-07, 22:14:45, 136.52, 58.27, 22.98, 22.07, 9999.0, 9.84, 10.0, 21.7, 9999.0, 23.75, 9999.0, 117.66, 127.89, 120.25, 91.25, 138.5
2024-11-07, 22:14:49, 136.52, 58.27, 22.95, 22.07, 9999.0, 9.84, 10.0, 21.73, 9999.0, 23.73, 9999.0, 117.68, 127.89, 120.25, 91.25, 138.5
2024-11-07, 22:14:53, 136.5, 58.27, 22.95, 22.07, 9999.0, 9.84, 10.0, 21.73, 9999.0, 23.73, 9999.0, 117.7, 127.91, 120.25, 91.25, 138.5
2024-11-07, 22:14:57, 136.5, 58.27, 22.95, 22.09, 9999.0, 9.82, 10.0, 21.73, 9999.0, 23.73, 9999.0, 117.73, 127.91, 120.25, 91.25, 138.5
2024-11-07, 22:15:01, 136.5, 58.27, 22.95, 22.07, 9999.0, 9.8, 10.0, 21.73, 9999.0, 23.73, 9999.0, 117.75, 127.93, 120.25, 91.25, 138.5
2024-11-07, 22:15:05, 136.52, 58.27, 22.95, 22.07, 9999.0, 9.75, 10.0, 21.73, 9999.0, 23.73, 9999.0, 117.75, 127.95, 120.25, 91.25, 138.5
2024-11-07, 22:15:09, 136.52, 58.27, 22.95, 22.07, 9999.0, 9.7, 10.0, 21.75, 9999.0, 23.75, 9999.0, 117.75, 127.95, 120.25, 91.25, 138.5
2024-11-07, 22:15:13, 136.52, 58.27, 22.95, 22.07, 9999.0, 9.66, 10.0, 21.75, 9999.0, 23.75, 9999.0, 117.73, 127.98, 120.25, 91.25, 138.5
2024-11-07, 22:15:17, 136.52, 58.27, 22.98, 22.07, 9999.0, 9.64, 10.0, 21.75, 9999.0, 23.75, 9999.0, 117.7, 127.98, 120.25, 91.25, 138.5
2024-11-07, 22:15:21, 136.52, 58.27, 22.98, 22.09, 9999.0, 9.61, 10.0, 21.75, 9999.0, 23.77, 9999.0, 117.68, 127.98, 120.25, 91.25, 138.5
2024-11-07, 22:15:25, 136.52, 58.25, 22.95, 22.07, 9999.0, 9.61, 10.0, 21.75, 9999.0, 23.8, 9999.0, 117.66, 127.98, 120.25, 91.25, 138.5
2024-11-07, 22:15:29, 136.52, 58.25, 22.95, 22.07, 9999.0, 9.61, 10.0, 21.73, 9999.0, 23.8, 9999.0, 117.64, 127.98, 120.25, 91.25, 138.5
2024-11-07, 22:15:34, 136.52, 58.25, 22.98, 22.07, 9999.0, 9.61, 10.0, 21.73, 9999.0, 23.8, 9999.0, 117.61, 128.0, 120.25, 91.25, 138.5
2024-11-07, 22:15:38, 136.52, 58.25, 22.98, 22.07, 9999.0, 9.64, 10.0, 21.73, 9999.0, 23.82, 9999.0, 117.59, 127.98, 120.25, 91.25, 138.5
2024-11-07, 22:15:42, 136.52, 58.25, 22.98, 22.05, 9999.0, 9.68, 10.0, 21.73, 9999.0, 23.82, 9999.0, 117.59, 127.95, 120.25, 91.25, 138.5
2024-11-07, 22:15:46, 136.52, 58.25, 22.98, 22.05, 9999.0, 9.68, 10.0, 21.73, 9999.0, 23.82, 9999.0, 117.59, 127.95, 120.25, 91.25, 138.5
2024-11-07, 22:15:50, 136.5, 58.25, 22.98, 22.05, 9999.0, 9.7, 10.0, 21.73, 9999.0, 23.82, 9999.0, 117.59, 127.93, 120.25, 91.25, 138.5
2024-11-07, 22:15:54, 136.5, 58.25, 22.98, 22.05, 9999.0, 9.73, 10.0, 21.73, 9999.0, 23.8, 9999.0, 117.61, 127.93, 120.25, 91.25, 138.5
2024-11-07, 22:15:58, 136.5, 58.25, 22.98, 22.02, 9999.0, 9.75, 10.0, 21.73, 9999.0, 23.8, 9999.0, 117.66, 127.93, 120.25, 91.25, 138.5
2024-11-07, 22:16:02, 136.5, 58.25, 22.98, 22.02, 9999.0, 9.77, 10.0, 21.73, 9999.0, 23.8, 9999.0, 117.68, 127.93, 120.25, 91.25, 138.5
2024-11-07, 22:16:06, 136.5, 58.25, 22.98, 22.0, 9999.0, 9.8, 10.0, 21.73, 9999.0, 23.82, 9999.0, 117.73, 127.93, 120.25, 91.25, 138.5
2024-11-07, 22:16:10, 136.5, 58.25, 22.98, 22.0, 9999.0, 9.8, 10.0, 21.73, 9999.0, 23.84, 9999.0, 117.75, 127.91, 120.25, 91.25, 138.5
2024-11-07, 22:16:14, 136.5, 58.25, 22.95, 22.0, 9999.0, 9.8, 10.0, 21.75, 9999.0, 23.86, 9999.0, 117.77, 127.91, 120.25, 91.25, 138.5
2024-11-07, 22:16:18, 136.5, 58.25, 22.95, 22.0, 9999.0, 9.8, 10.0, 21.75, 9999.0, 23.89, 9999.0, 117.8, 127.91, 120.25, 91.25, 138.5
2024-11-07, 22:16:22, 136.5, 58.27, 22.95, 22.0, 9999.0, 9.75, 10.0, 21.75, 9999.0, 23.89, 9999.0, 117.82, 127.93, 120.25, 91.25, 138.5
2024-11-07, 22:16:26, 136.5, 58.27, 22.93, 22.0, 9999.0, 9.7, 10.0, 21.75, 9999.0, 23.86, 9999.0, 117.82, 127.93, 120.25, 91.25, 138.5
2024-11-07, 22:16:30, 136.5, 58.27, 22.93, 22.0, 9999.0, 9.68, 10.0, 21.75, 9999.0, 23.89, 9999.0, 117.82, 127.93, 120.25, 91.25, 138.5
2024-11-07, 22:16:34, 136.5, 58.3, 22.93, 22.0, 9999.0, 9.66, 10.0, 21.75, 9999.0, 23.89, 9999.0, 117.8, 127.95, 120.25, 91.25, 138.5
2024-11-07, 22:16:38, 136.5, 58.3, 22.91, 22.0, 9999.0, 9.64, 10.0, 21.75, 9999.0, 23.91, 9999.0, 117.77, 127.95, 120.25, 91.25, 138.5
2024-11-07, 22:16:42, 136.5, 58.3, 22.91, 22.0, 9999.0, 9.61, 10.0, 21.73, 9999.0, 23.93, 9999.0, 117.75, 127.95, 120.25, 91.25, 138.5
2024-11-07, 22:16:46, 136.5, 58.3, 22.91, 22.0, 9999.0, 9.61, 10.0, 21.73, 9999.0, 23.95, 9999.0, 117.73, 127.95, 120.25, 91.25, 138.5
2024-11-07, 22:16:50, 136.5, 58.3, 22.89, 22.0, 9999.0, 9.61, 10.0, 21.73, 9999.0, 23.93, 9999.0, 117.68, 127.95, 120.25, 91.25, 138.5
2024-11-07, 22:16:54, 136.5, 58.3, 22.91, 22.0, 9999.0, 9.61, 10.0, 21.73, 9999.0, 23.93, 9999.0, 117.66, 127.95, 120.25, 91.25, 138.5
2024-11-07, 22:16:58, 136.5, 58.3, 22.93, 22.0, 9999.0, 9.64, 10.0, 21.73, 9999.0, 23.91, 9999.0, 117.64, 127.93, 120.25, 91.25, 138.5
2024-11-07, 22:17:02, 136.5, 58.3, 22.93, 22.0, 9999.0, 9.64, 10.0, 21.73, 9999.0, 23.89, 9999.0, 117.64, 127.91, 120.25, 91.25, 138.5
2024-11-07, 22:17:06, 136.5, 58.27, 22.93, 22.0, 9999.0, 9.66, 10.0, 21.73, 9999.0, 23.86, 9999.0, 117.64, 127.89, 120.25, 91.25, 138.5
2024-11-07, 22:17:10, 136.5, 58.3, 22.95, 22.0, 9999.0, 9.7, 10.02, 21.73, 9999.0, 23.86, 9999.0, 117.64, 127.89, 120.25, 91.25, 138.5
2024-11-07, 22:17:14, 136.5, 58.3, 22.95, 22.0, 9999.0, 9.73, 10.05, 21.73, 9999.0, 23.84, 9999.0, 117.64, 127.89, 120.25, 91.25, 138.5
2024-11-07, 22:17:18, 136.5, 58.3, 22.95, 22.0, 9999.0, 9.75, 10.05, 21.73, 9999.0, 23.84, 9999.0, 117.68, 127.86, 120.25, 91.25, 138.5
2024-11-07, 22:17:22, 136.5, 58.3, 22.98, 22.0, 9999.0, 9.77, 10.05, 21.73, 9999.0, 23.84, 9999.0, 117.68, 127.86, 120.25, 91.25, 138.5
2024-11-07, 22:17:26, 136.5, 58.3, 22.98, 22.0, 9999.0, 9.8, 10.05, 21.75, 9999.0, 23.82, 9999.0, 117.68, 127.86, 120.25, 91.25, 138.5
2024-11-07, 22:17:30, 136.5, 58.32, 22.98, 22.02, 9999.0, 9.8, 10.05, 21.75, 9999.0, 23.8, 9999.0, 117.7, 127.86, 120.25, 91.25, 138.5
2024-11-07, 22:17:34, 136.5, 58.32, 23.0, 22.05, 9999.0, 9.8, 10.05, 21.75, 9999.0, 23.8, 9999.0, 117.73, 127.86, 120.25, 91.25, 138.5
2024-11-07, 22:17:38, 136.5, 58.32, 23.0, 22.07, 9999.0, 9.8, 10.05, 21.75, 9999.0, 23.77, 9999.0, 117.75, 127.89, 120.25, 91.25, 138.5
2024-11-07, 22:17:42, 136.5, 58.32, 23.0, 22.07, 9999.0, 9.77, 10.05, 21.75, 9999.0, 23.77, 9999.0, 117.77, 127.91, 120.25, 91.25, 138.5
2024-11-07, 22:17:46, 136.5, 58.32, 23.0, 22.07, 9999.0, 9.77, 10.05, 21.75, 9999.0, 23.77, 9999.0, 117.77, 127.93, 120.25, 91.25, 138.5
2024-11-07, 22:17:50, 136.5, 58.32, 23.0, 22.07, 9999.0, 9.75, 10.05, 21.75, 9999.0, 23.77, 9999.0, 117.77, 127.95, 120.25, 91.25, 138.5
2024-11-07, 22:17:54, 136.5, 58.32, 23.0, 22.07, 9999.0, 9.7, 10.02, 21.75, 9999.0, 23.77, 9999.0, 117.77, 127.98, 120.25, 91.25, 138.5
2024-11-07, 22:17:58, 136.5, 58.32, 23.0, 22.07, 9999.0, 9.68, 10.0, 21.75, 9999.0, 23.8, 9999.0, 117.75, 127.98, 120.25, 91.25, 138.5
2024-11-07, 22:18:02, 136.5, 58.3, 23.0, 22.07, 9999.0, 9.68, 10.0, 21.75, 9999.0, 23.8, 9999.0, 117.7, 128.0, 120.25, 91.25, 138.5
2024-11-07, 22:18:06, 136.5, 58.3, 23.0, 22.07, 9999.0, 9.68, 10.0, 21.75, 9999.0, 23.77, 9999.0, 117.7, 127.98, 120.25, 91.25, 138.5
2024-11-07, 22:18:10, 136.5, 58.3, 23.0, 22.07, 9999.0, 9.68, 10.0, 21.75, 9999.0, 23.77, 9999.0, 117.68, 127.95, 120.25, 91.25, 138.5
2024-11-07, 22:18:14, 136.5, 58.27, 23.0, 22.05, 9999.0, 9.7, 10.0, 21.75, 9999.0, 23.77, 9999.0, 117.66, 127.93, 120.25, 91.25, 138.5
2024-11-07, 22:18:18, 136.5, 58.27, 23.0, 22.02, 9999.0, 9.73, 10.02, 21.75, 9999.0, 23.77, 9999.0, 117.64, 127.91, 120.25, 91.25, 138.5
2024-11-07, 22:18:22, 136.5, 58.27, 23.0, 22.0, 9999.0, 9.75, 10.02, 21.75, 9999.0, 23.77, 9999.0, 117.64, 127.91, 120.25, 91.25, 138.5
2024-11-07, 22:18:26, 136.5, 58.27, 23.0, 22.0, 9999.0, 9.75, 10.02, 21.75, 9999.0, 23.77, 9999.0, 117.61, 127.89, 120.25, 91.25, 138.5
2024-11-07, 22:18:30, 136.5, 58.27, 23.0, 22.0, 9999.0, 9.77, 10.02, 21.75, 9999.0, 23.77, 9999.0, 117.61, 127.89, 120.25, 91.25, 138.5
2024-11-07, 22:18:34, 136.5, 58.27, 23.0, 22.0, 9999.0, 9.8, 10.05, 21.75, 9999.0, 23.77, 9999.0, 117.64, 127.89, 120.25, 91.25, 138.5
2024-11-07, 22:18:38, 136.5, 58.25, 23.0, 22.0, 9999.0, 9.82, 10.05, 21.75, 9999.0, 23.75, 9999.0, 117.66, 127.89, 120.25, 91.25, 138.5
2024-11-07, 22:18:42, 136.5, 58.27, 23.0, 22.0, 9999.0, 9.84, 10.07, 21.75, 9999.0, 23.73, 9999.0, 117.68, 127.89, 120.25, 91.25, 138.5
2024-11-07, 22:18:46, 136.5, 58.27, 23.0, 22.02, 9999.0, 9.84, 10.07, 21.75, 9999.0, 23.73, 9999.0, 117.7, 127.89, 120.25, 91.25, 138.5
2024-11-07, 22:18:50, 136.5, 58.27, 23.0, 22.05, 9999.0, 9.84, 10.07, 21.75, 9999.0, 23.73, 9999.0, 117.7, 127.91, 120.25, 91.25, 138.5
2024-11-07, 22:18:54, 136.5, 58.27, 23.0, 22.07, 9999.0, 9.84, 10.07, 21.75, 9999.0, 23.75, 9999.0, 117.73, 127.93, 120.25, 91.25, 138.5
2024-11-07, 22:18:58, 136.5, 58.27, 23.0, 22.09, 9999.0, 9.82, 10.07, 21.75, 9999.0, 23.77, 9999.0, 117.75, 127.95, 120.25, 91.25, 138.5
2024-11-07, 22:19:02, 136.5, 58.27, 23.0, 22.09, 9999.0, 9.8, 10.05, 21.75, 9999.0, 23.8, 9999.0, 117.77, 127.98, 120.25, 91.25, 138.5
2024-11-07, 22:19:06, 136.5, 58.3, 23.0, 22.09, 9999.0, 9.75, 10.05, 21.75, 9999.0, 23.8, 9999.0, 117.77, 127.98, 120.25, 91.25, 138.5
2024-11-07, 22:19:10, 136.5, 58.32, 23.0, 22.09, 9999.0, 9.73, 10.07, 21.75, 9999.0, 23.8, 9999.0, 117.8, 128.0, 120.25, 91.25, 138.5
2024-11-07, 22:19:14, 136.5, 58.32, 23.0, 22.09, 9999.0, 9.68, 10.07, 21.75, 9999.0, 23.8, 9999.0, 117.77, 128.0, 120.25, 91.25, 138.5
2024-11-07, 22:19:18, 136.5, 58.32, 23.0, 22.09, 9999.0, 9.66, 10.05, 21.75, 9999.0, 23.8, 9999.0, 117.73, 128.0, 120.25, 91.25, 138.5
2024-11-07, 22:19:22, 136.5, 58.32, 22.98, 22.11, 9999.0, 9.64, 10.05, 21.75, 9999.0, 23.82, 9999.0, 117.68, 128.0, 120.25, 91.25, 138.5
2024-11-07, 22:19:27, 136.5, 58.3, 22.98, 22.11, 9999.0, 9.64, 10.02, 21.75, 9999.0, 23.82, 9999.0, 117.66, 128.0, 120.25, 91.25, 138.5
2024-11-07, 22:19:31, 136.5, 58.3, 22.98, 22.09, 9999.0, 9.64, 10.02, 21.75, 9999.0, 23.82, 9999.0, 117.64, 128.0, 120.25, 91.25, 138.5
2024-11-07, 22:19:35, 136.5, 58.3, 22.98, 22.07, 9999.0, 9.64, 10.02, 21.75, 9999.0, 23.82, 9999.0, 117.61, 128.0, 120.25, 91.25, 138.5
2024-11-07, 22:19:39, 136.52, 58.3, 22.98, 22.05, 9999.0, 9.66, 10.02, 21.75, 9999.0, 23.8, 9999.0, 117.59, 127.98, 120.25, 91.25, 138.5
2024-11-07, 22:19:43, 136.52, 58.3, 22.98, 22.02, 9999.0, 9.68, 10.05, 21.75, 9999.0, 23.75, 9999.0, 117.59, 127.98, 120.25, 91.25, 138.5
2024-11-07, 22:19:47, 136.52, 58.3, 22.98, 22.02, 9999.0, 9.68, 10.05, 21.75, 9999.0, 23.7, 9999.0, 117.59, 127.95, 120.25, 91.25, 138.5
2024-11-07, 22:19:51, 136.52, 58.27, 22.98, 22.02, 9999.0, 9.73, 10.05, 21.75, 9999.0, 23.68, 9999.0, 117.61, 127.95, 120.25, 91.25, 138.5
2024-11-07, 22:19:55, 136.52, 58.25, 22.98, 22.02, 9999.0, 9.75, 10.05, 21.75, 9999.0, 23.66, 9999.0, 117.64, 127.95, 120.25, 91.25, 138.52
2024-11-07, 22:19:59, 136.52, 58.25, 22.98, 22.02, 9999.0, 9.77, 10.07, 21.75, 9999.0, 23.64, 9999.0, 117.68, 127.95, 120.25, 91.25, 138.52
2024-11-07, 22:20:03, 136.52, 58.25, 22.98, 22.02, 9999.0, 9.8, 10.09, 21.75, 9999.0, 23.64, 9999.0, 117.7, 127.93, 120.25, 91.25, 138.52
2024-11-07, 22:20:07, 136.52, 58.25, 23.0, 22.0, 9999.0, 9.82, 10.09, 21.75, 9999.0, 23.64, 9999.0, 117.75, 127.93, 120.25, 91.25, 138.52
2024-11-07, 22:20:11, 136.52, 58.25, 23.0, 22.0, 9999.0, 9.82, 10.11, 21.75, 9999.0, 23.64, 9999.0, 117.77, 127.93, 120.25, 91.25, 138.52
2024-11-07, 22:20:15, 136.52, 58.25, 23.0, 22.0, 9999.0, 9.82, 10.11, 21.75, 9999.0, 23.66, 9999.0, 117.8, 127.93, 120.25, 91.25, 138.52
2024-11-07, 22:20:19, 136.52, 58.25, 23.0, 22.0, 9999.0, 9.82, 10.11, 21.75, 9999.0, 23.68, 9999.0, 117.82, 127.93, 120.25, 91.25, 138.52
2024-11-07, 22:20:37, 136.5, 58.25, 23.0, 22.0, 9999.0, 9.8, 10.11, 21.75, 9999.0, 23.7, 9999.0, 117.84, 127.95, 120.25, 91.25, 138.52
2024-11-07, 22:20:41, 136.5, 58.25, 23.0, 22.02, 9999.0, 9.77, 10.09, 21.75, 9999.0, 23.75, 9999.0, 117.84, 127.95, 120.25, 91.25, 138.52
2024-11-07, 22:20:51, 136.5, 58.25, 23.0, 22.02, 9999.0, 9.75, 10.09, 21.75, 9999.0, 23.77, 9999.0, 117.84, 127.98, 120.25, 91.25, 138.52
2024-11-07, 22:20:55, 136.5, 58.27, 23.0, 22.02, 9999.0, 9.73, 10.09, 21.75, 9999.0, 23.8, 9999.0, 117.82, 127.98, 120.25, 91.25, 138.52
2024-11-07, 22:20:59, 136.5, 58.27, 23.0, 22.02, 9999.0, 9.7, 10.07, 21.75, 9999.0, 23.82, 9999.0, 117.77, 127.98, 120.25, 91.25, 138.5
2024-11-07, 22:21:03, 136.5, 58.27, 23.0, 22.05, 9999.0, 9.68, 10.05, 21.75, 9999.0, 23.84, 9999.0, 117.73, 127.98, 120.25, 91.25, 138.5
2024-11-07, 22:21:07, 136.5, 58.27, 23.0, 22.07, 9999.0, 9.68, 10.02, 21.75, 9999.0, 23.84, 9999.0, 117.7, 128.0, 120.25, 91.25, 138.5
2024-11-07, 22:21:11, 136.5, 58.27, 23.0, 22.07, 9999.0, 9.68, 10.02, 21.75, 9999.0, 23.84, 9999.0, 117.66, 128.0, 120.25, 91.25, 138.5
2024-11-07, 22:21:15, 136.5, 58.27, 23.0, 22.09, 9999.0, 9.7, 10.0, 21.75, 9999.0, 23.86, 9999.0, 117.64, 127.98, 120.25, 91.25, 138.5
2024-11-07, 22:21:19, 136.5, 58.27, 23.0, 22.11, 9999.0, 9.73, 10.0, 21.75, 9999.0, 23.84, 9999.0, 117.61, 127.98, 120.25, 91.25, 138.5
2024-11-07, 22:21:23, 136.5, 58.27, 23.0, 22.11, 9999.0, 9.75, 10.0, 21.75, 9999.0, 23.82, 9999.0, 117.61, 127.98, 120.25, 91.25, 138.5
2024-11-07, 22:21:27, 136.5, 58.27, 23.0, 22.14, 9999.0, 9.77, 10.0, 21.75, 9999.0, 23.8, 9999.0, 117.61, 127.98, 120.25, 91.25, 138.5
2024-11-07, 22:21:31, 136.5, 58.27, 23.0, 22.14, 9999.0, 9.77, 10.0, 21.75, 9999.0, 23.77, 9999.0, 117.61, 127.98, 120.25, 91.25, 138.5
2024-11-07, 22:21:35, 136.5, 58.27, 23.0, 22.16, 9999.0, 9.8, 10.0, 21.75, 9999.0, 23.77, 9999.0, 117.64, 127.98, 120.25, 91.25, 138.5
2024-11-07, 22:21:39, 136.5, 58.25, 23.0, 22.18, 9999.0, 9.8, 10.0, 21.75, 9999.0, 23.77, 9999.0, 117.66, 127.98, 120.25, 91.25, 138.5
2024-11-07, 22:21:43, 136.5, 58.25, 23.0, 22.18, 9999.0, 9.82, 10.0, 21.75, 9999.0, 23.8, 9999.0, 117.68, 127.98, 120.25, 91.25, 138.5
2024-11-07, 22:21:47, 136.5, 58.27, 23.0, 22.16, 9999.0, 9.84, 10.0, 21.75, 9999.0, 23.8, 9999.0, 117.7, 127.98, 120.25, 91.25, 138.5
2024-11-07, 22:21:51, 136.5, 58.27, 23.0, 22.14, 9999.0, 9.84, 10.0, 21.75, 9999.0, 23.82, 9999.0, 117.73, 127.98, 120.25, 91.25, 138.5
2024-11-07, 22:21:55, 136.5, 58.27, 23.0, 22.14, 9999.0, 9.84, 10.0, 21.75, 9999.0, 23.84, 9999.0, 117.75, 127.98, 120.25, 91.25, 138.5
2024-11-07, 22:21:59, 136.5, 58.27, 23.0, 22.14, 9999.0, 9.82, 10.0, 21.75, 9999.0, 23.84, 9999.0, 117.77, 128.0, 120.25, 91.25, 138.5
2024-11-07, 22:22:03, 136.5, 58.27, 23.0, 22.14, 9999.0, 9.8, 10.0, 21.75, 9999.0, 23.86, 9999.0, 117.8, 128.0, 120.25, 91.25, 138.5
2024-11-07, 22:22:08, 136.5, 58.3, 23.0, 22.16, 9999.0, 9.77, 10.0, 21.75, 9999.0, 23.89, 9999.0, 117.8, 128.0, 120.25, 91.25, 138.5
2024-11-07, 22:22:12, 136.52, 58.3, 23.0, 22.14, 9999.0, 9.73, 10.0, 21.75, 9999.0, 23.91, 9999.0, 117.8, 128.0, 120.25, 91.25, 138.5
2024-11-07, 22:22:16, 136.52, 58.3, 23.0, 22.11, 9999.0, 9.7, 10.0, 21.75, 9999.0, 23.93, 9999.0, 117.8, 128.0, 120.25, 91.25, 138.5
2024-11-07, 22:22:20, 136.52, 58.3, 23.0, 22.11, 9999.0, 9.68, 10.0, 21.75, 9999.0, 23.95, 9999.0, 117.75, 128.0, 120.25, 91.25, 138.5
2024-11-07, 22:22:24, 136.52, 58.3, 23.0, 22.11, 9999.0, 9.68, 10.0, 21.75, 9999.0, 23.95, 9999.0, 117.7, 128.0, 120.25, 91.25, 138.5
2024-11-07, 22:22:28, 136.52, 58.3, 23.0, 22.14, 9999.0, 9.68, 10.0, 21.75, 9999.0, 23.93, 9999.0, 117.68, 127.98, 120.25, 91.25, 138.5
2024-11-07, 22:22:32, 136.52, 58.27, 23.0, 22.16, 9999.0, 9.68, 10.0, 21.75, 9999.0, 23.93, 9999.0, 117.66, 127.98, 120.25, 91.25, 138.5
2024-11-07, 22:22:36, 136.52, 58.27, 23.0, 22.18, 9999.0, 9.7, 10.02, 21.75, 9999.0, 23.91, 9999.0, 117.64, 127.98, 120.25, 91.25, 138.52
2024-11-07, 22:22:40, 136.52, 58.27, 23.0, 22.2, 9999.0, 9.73, 10.05, 21.75, 9999.0, 23.89, 9999.0, 117.64, 127.95, 120.25, 91.25, 138.52
2024-11-07, 22:22:44, 136.52, 58.27, 23.0, 22.2, 9999.0, 9.73, 10.05, 21.75, 9999.0, 23.86, 9999.0, 117.64, 127.95, 120.25, 91.25, 138.52
2024-11-07, 22:22:48, 136.52, 58.27, 22.98, 22.18, 9999.0, 9.73, 10.05, 21.75, 9999.0, 23.84, 9999.0, 117.64, 127.95, 120.25, 91.25, 138.55
2024-11-07, 22:22:52, 136.55, 58.25, 22.98, 22.16, 9999.0, 9.73, 10.07, 21.75, 9999.0, 23.82, 9999.0, 117.66, 127.95, 120.25, 91.25, 138.55
2024-11-07, 22:22:56, 136.52, 58.25, 22.98, 22.18, 9999.0, 9.75, 10.09, 21.75, 9999.0, 23.8, 9999.0, 117.68, 127.95, 120.25, 91.25, 138.55
2024-11-07, 22:23:00, 136.52, 58.25, 22.98, 22.2, 9999.0, 9.77, 10.09, 21.75, 9999.0, 23.8, 9999.0, 117.7, 127.95, 120.25, 91.25, 138.55
2024-11-07, 22:23:04, 136.52, 58.25, 22.98, 22.2, 9999.0, 9.8, 10.09, 21.75, 9999.0, 23.8, 9999.0, 117.73, 127.95, 120.25, 91.25, 138.55
2024-11-07, 22:23:08, 136.52, 58.25, 22.98, 22.2, 9999.0, 9.8, 10.09, 21.75, 9999.0, 23.82, 9999.0, 117.75, 127.95, 120.25, 91.25, 138.55
2024-11-07, 22:23:12, 136.52, 58.27, 22.98, 22.2, 9999.0, 9.8, 10.09, 21.75, 9999.0, 23.86, 9999.0, 117.77, 127.98, 120.25, 91.25, 138.55
2024-11-07, 22:23:16, 136.52, 58.27, 22.98, 22.18, 9999.0, 9.8, 10.09, 21.75, 9999.0, 23.91, 9999.0, 117.8, 127.98, 120.25, 91.25, 138.55
2024-11-07, 22:23:20, 136.52, 58.27, 22.98, 22.18, 9999.0, 9.77, 10.07, 21.75, 9999.0, 23.95, 9999.0, 117.82, 127.98, 120.25, 91.25, 138.52
2024-11-07, 22:23:24, 136.55, 58.3, 22.95, 22.18, 9999.0, 9.75, 10.07, 21.75, 9999.0, 23.98, 9999.0, 117.82, 128.0, 120.25, 91.25, 138.52
2024-11-07, 22:23:28, 136.55, 58.3, 22.95, 22.18, 9999.0, 9.75, 10.07, 21.75, 9999.0, 24.0, 9999.0, 117.82, 128.0, 120.25, 91.25, 138.52
2024-11-07, 22:23:32, 136.55, 58.32, 22.98, 22.2, 9999.0, 9.73, 10.07, 21.75, 9999.0, 24.02, 9999.0, 117.82, 128.0, 120.25, 91.25, 138.5
2024-11-07, 22:23:36, 136.52, 58.32, 22.98, 22.23, 9999.0, 9.7, 10.05, 21.75, 9999.0, 24.05, 9999.0, 117.8, 128.0, 120.25, 91.25, 138.52
2024-11-07, 22:23:40, 136.52, 58.32, 22.98, 22.23, 9999.0, 9.68, 10.02, 21.75, 9999.0, 24.07, 9999.0, 117.75, 128.0, 120.25, 91.25, 138.52
2024-11-07, 22:23:44, 136.55, 58.34, 22.98, 22.23, 9999.0, 9.68, 10.02, 21.75, 9999.0, 24.07, 9999.0, 117.7, 128.0, 120.25, 91.25, 138.52
2024-11-07, 22:23:48, 136.55, 58.34, 22.98, 22.23, 9999.0, 9.68, 10.02, 21.75, 9999.0, 24.05, 9999.0, 117.68, 128.0, 120.25, 91.25, 138.52
2024-11-07, 22:23:52, 136.55, 58.34, 22.98, 22.2, 9999.0, 9.7, 10.05, 21.75, 9999.0, 24.02, 9999.0, 117.66, 128.0, 120.25, 91.25, 138.52
2024-11-07, 22:23:56, 136.55, 58.34, 22.98, 22.18, 9999.0, 9.73, 10.05, 21.75, 9999.0, 23.98, 9999.0, 117.64, 128.0, 120.25, 91.25, 138.52
2024-11-07, 22:24:00, 136.55, 58.36, 22.98, 22.18, 9999.0, 9.73, 10.05, 21.75, 9999.0, 23.93, 9999.0, 117.64, 128.0, 120.25, 91.25, 138.52
2024-11-07, 22:24:04, 136.55, 58.36, 22.98, 22.18, 9999.0, 9.75, 10.05, 21.75, 9999.0, 23.89, 9999.0, 117.64, 128.0, 120.25, 91.25, 138.52
2024-11-07, 22:24:08, 136.52, 58.34, 23.0, 22.18, 9999.0, 9.75, 10.02, 21.75, 9999.0, 23.86, 9999.0, 117.66, 128.0, 120.25, 91.25, 138.52
2024-11-07, 22:24:12, 136.52, 58.34, 23.0, 22.18, 9999.0, 9.75, 10.05, 21.75, 9999.0, 23.84, 9999.0, 117.68, 128.0, 120.25, 91.25, 138.55
2024-11-07, 22:24:16, 136.52, 58.32, 23.0, 22.16, 9999.0, 9.77, 10.05, 21.75, 9999.0, 23.82, 9999.0, 117.68, 128.0, 120.25, 91.25, 138.55
2024-11-07, 22:24:20, 136.52, 58.34, 23.0, 22.14, 9999.0, 9.8, 10.05, 21.75, 9999.0, 23.8, 9999.0, 117.68, 128.0, 120.25, 91.25, 138.52
2024-11-07, 22:24:24, 136.52, 58.34, 23.0, 22.14, 9999.0, 9.82, 10.05, 21.75, 9999.0, 23.8, 9999.0, 117.7, 128.0, 120.25, 91.25, 138.52
2024-11-07, 22:24:28, 136.5, 58.32, 23.0, 22.14, 9999.0, 9.82, 10.05, 21.75, 9999.0, 23.8, 9999.0, 117.73, 128.0, 120.25, 91.25, 138.52
2024-11-07, 22:24:32, 136.5, 58.32, 23.0, 22.14, 9999.0, 9.82, 10.05, 21.75, 9999.0, 23.84, 9999.0, 117.75, 128.0, 120.25, 91.25, 138.52
2024-11-07, 22:24:36, 136.5, 58.32, 23.0, 22.16, 9999.0, 9.8, 10.02, 21.75, 9999.0, 23.86, 9999.0, 117.77, 128.0, 120.25, 91.25, 138.52
2024-11-07, 22:24:40, 136.5, 58.3, 23.0, 22.18, 9999.0, 9.75, 10.02, 21.75, 9999.0, 23.89, 9999.0, 117.8, 128.0, 120.25, 91.25, 138.52
2024-11-07, 22:24:44, 136.5, 58.27, 23.0, 22.18, 9999.0, 9.73, 10.02, 21.75, 9999.0, 23.91, 9999.0, 117.8, 128.0, 120.25, 91.25, 138.52
2024-11-07, 22:24:48, 136.5, 58.27, 23.0, 22.18, 9999.0, 9.7, 10.02, 21.75, 9999.0, 23.93, 9999.0, 117.77, 128.0, 120.25, 91.25, 138.52
2024-11-07, 22:24:52, 136.5, 58.27, 23.0, 22.18, 9999.0, 9.68, 10.02, 21.75, 9999.0, 23.95, 9999.0, 117.75, 128.0, 120.25, 91.25, 138.52
2024-11-07, 22:24:56, 136.5, 58.27, 23.0, 22.18, 9999.0, 9.66, 10.0, 21.75, 9999.0, 23.98, 9999.0, 117.73, 128.0, 120.25, 91.25, 138.5
2024-11-07, 22:25:00, 136.5, 58.27, 23.0, 22.2, 9999.0, 9.66, 10.0, 21.75, 9999.0, 24.0, 9999.0, 117.7, 128.0, 120.25, 91.25, 138.5
2024-11-07, 22:25:04, 136.5, 58.27, 23.0, 22.2, 9999.0, 9.66, 10.0, 21.73, 9999.0, 24.02, 9999.0, 117.68, 127.98, 120.25, 91.25, 138.5
2024-11-07, 22:25:08, 136.5, 58.27, 23.0, 22.18, 9999.0, 9.66, 10.0, 21.73, 9999.0, 24.02, 9999.0, 117.66, 127.98, 120.25, 91.25, 138.5
2024-11-07, 22:25:12, 136.5, 58.27, 23.0, 22.16, 9999.0, 9.68, 10.0, 21.73, 9999.0, 24.02, 9999.0, 117.64, 127.98, 120.25, 91.25, 138.5
2024-11-07, 22:25:16, 136.5, 58.27, 23.0, 22.16, 9999.0, 9.7, 10.0, 21.73, 9999.0, 24.0, 9999.0, 117.64, 127.98, 120.25, 91.25, 138.5
2024-11-07, 22:25:20, 136.5, 58.27, 23.0, 22.16, 9999.0, 9.73, 10.0, 21.73, 9999.0, 23.98, 9999.0, 117.64, 127.95, 120.25, 91.25, 138.5
2024-11-07, 22:25:24, 136.5, 58.3, 23.0, 22.16, 9999.0, 9.75, 10.0, 21.73, 9999.0, 23.95, 9999.0, 117.64, 127.95, 120.25, 91.25, 138.52
2024-11-07, 22:25:28, 136.5, 58.3, 23.0, 22.18, 9999.0, 9.77, 10.02, 21.73, 9999.0, 23.93, 9999.0, 117.66, 127.95, 120.25, 91.25, 138.55
2024-11-07, 22:25:32, 136.5, 58.3, 23.0, 22.18, 9999.0, 9.77, 10.02, 21.73, 9999.0, 23.91, 9999.0, 117.7, 127.95, 120.25, 91.25, 138.55
2024-11-07, 22:25:36, 136.5, 58.3, 23.0, 22.16, 9999.0, 9.8, 10.02, 21.73, 9999.0, 23.91, 9999.0, 117.73, 127.95, 120.25, 91.25, 138.55
2024-11-07, 22:25:41, 136.5, 58.3, 23.0, 22.16, 9999.0, 9.82, 10.02, 21.73, 9999.0, 23.91, 9999.0, 117.73, 127.95, 120.25, 91.25, 138.55
2024-11-07, 22:25:45, 136.5, 58.3, 23.0, 22.16, 9999.0, 9.82, 10.02, 21.73, 9999.0, 23.89, 9999.0, 117.75, 127.95, 120.25, 91.25, 138.55
2024-11-07, 22:25:49, 136.5, 58.27, 23.0, 22.18, 9999.0, 9.82, 10.02, 21.75, 9999.0, 23.89, 9999.0, 117.77, 127.98, 120.25, 91.25, 138.55
2024-11-07, 22:25:53, 136.5, 58.27, 23.0, 22.2, 9999.0, 9.82, 10.02, 21.75, 9999.0, 23.91, 9999.0, 117.8, 127.98, 120.25, 91.25, 138.55
2024-11-07, 22:25:57, 136.5, 58.3, 23.0, 22.2, 9999.0, 9.8, 10.02, 21.75, 9999.0, 23.91, 9999.0, 117.82, 127.98, 120.25, 91.25, 138.55
2024-11-07, 22:26:01, 136.52, 58.3, 23.0, 22.2, 9999.0, 9.77, 10.02, 21.75, 9999.0, 23.91, 9999.0, 117.82, 127.98, 120.25, 91.25, 138.55
2024-11-07, 22:26:05, 136.52, 58.32, 23.0, 22.2, 9999.0, 9.75, 10.02, 21.75, 9999.0, 23.93, 9999.0, 117.82, 128.0, 120.25, 91.25, 138.55
2024-11-07, 22:26:09, 136.52, 58.32, 23.0, 22.2, 9999.0, 9.73, 10.02, 21.75, 9999.0, 23.95, 9999.0, 117.8, 128.0, 120.25, 91.25, 138.52
2024-11-07, 22:26:13, 136.52, 58.32, 23.0, 22.2, 9999.0, 9.7, 10.0, 21.75, 9999.0, 24.0, 9999.0, 117.75, 128.0, 120.25, 91.25, 138.5
2024-11-07, 22:26:17, 136.52, 58.32, 23.0, 22.2, 9999.0, 9.68, 10.0, 21.75, 9999.0, 24.02, 9999.0, 117.73, 128.0, 120.25, 91.25, 138.5
2024-11-07, 22:26:21, 136.52, 58.32, 23.0, 22.23, 9999.0, 9.68, 10.0, 21.75, 9999.0, 24.05, 9999.0, 117.68, 128.0, 120.25, 91.25, 138.5
2024-11-07, 22:26:25, 136.52, 58.32, 23.0, 22.23, 9999.0, 9.68, 10.0, 21.75, 9999.0, 24.07, 9999.0, 117.66, 128.0, 120.25, 91.25, 138.5
2024-11-07, 22:26:29, 136.52, 58.34, 23.0, 22.2, 9999.0, 9.7, 10.0, 21.75, 9999.0, 24.11, 9999.0, 117.64, 128.0, 120.25, 91.25, 138.5
2024-11-07, 22:26:33, 136.52, 58.36, 23.0, 22.2, 9999.0, 9.73, 10.0, 21.75, 9999.0, 24.11, 9999.0, 117.61, 128.0, 120.25, 91.25, 138.5
2024-11-07, 22:26:37, 136.52, 58.36, 22.98, 22.18, 9999.0, 9.73, 10.0, 21.75, 9999.0, 24.11, 9999.0, 117.61, 128.0, 120.25, 91.25, 138.5
2024-11-07, 22:26:41, 136.52, 58.34, 22.98, 22.2, 9999.0, 9.75, 10.0, 21.75, 9999.0, 24.11, 9999.0, 117.61, 128.0, 120.25, 91.25, 138.5
2024-11-07, 22:26:45, 136.5, 58.34, 22.98, 22.2, 9999.0, 9.75, 10.0, 21.75, 9999.0, 24.14, 9999.0, 117.61, 128.0, 120.25, 91.25, 138.5
2024-11-07, 22:26:49, 136.5, 58.32, 22.98, 22.2, 9999.0, 9.75, 10.0, 21.75, 9999.0, 24.14, 9999.0, 117.61, 128.0, 120.25, 91.25, 138.5
2024-11-07, 22:26:53, 136.5, 58.32, 22.98, 22.2, 9999.0, 9.77, 10.02, 21.75, 9999.0, 24.14, 9999.0, 117.64, 128.0, 120.25, 91.25, 138.5
2024-11-07, 22:26:57, 136.5, 58.34, 22.98, 22.18, 9999.0, 9.8, 10.02, 21.75, 9999.0, 24.14, 9999.0, 117.66, 128.0, 120.25, 91.25, 138.5
2024-11-07, 22:27:01, 136.5, 58.34, 22.98, 22.18, 9999.0, 9.82, 10.02, 21.75, 9999.0, 24.16, 9999.0, 117.66, 128.0, 120.25, 91.25, 138.5
2024-11-07, 22:27:05, 136.5, 58.34, 22.98, 22.18, 9999.0, 9.82, 10.02, 21.75, 9999.0, 24.16, 9999.0, 117.68, 128.0, 120.25, 91.25, 138.5
2024-11-07, 22:27:09, 136.5, 58.34, 22.98, 22.18, 9999.0, 9.82, 10.02, 21.75, 9999.0, 24.16, 9999.0, 117.7, 128.0, 120.25, 91.25, 138.5
2024-11-07, 22:27:13, 136.5, 58.32, 22.98, 22.18, 9999.0, 9.8, 10.05, 21.75, 9999.0, 24.16, 9999.0, 117.73, 128.0, 120.25, 91.25, 138.5
2024-11-07, 22:27:17, 136.5, 58.3, 22.98, 22.16, 9999.0, 9.75, 10.05, 21.75, 9999.0, 24.18, 9999.0, 117.75, 127.98, 120.25, 91.25, 138.5
2024-11-07, 22:27:21, 136.5, 58.3, 23.0, 22.16, 9999.0, 9.73, 10.05, 21.75, 9999.0, 24.18, 9999.0, 117.75, 127.98, 120.25, 91.25, 138.5
2024-11-07, 22:27:25, 136.5, 58.32, 23.0, 22.14, 9999.0, 9.68, 10.05, 21.75, 9999.0, 24.2, 9999.0, 117.73, 127.98, 120.25, 91.25, 138.5
2024-11-07, 22:27:29, 136.5, 58.32, 23.0, 22.11, 9999.0, 9.66, 10.05, 21.75, 9999.0, 24.2, 9999.0, 117.73, 127.98, 120.25, 91.25, 138.5
2024-11-07, 22:27:33, 136.5, 58.32, 22.98, 22.11, 9999.0, 9.64, 10.05, 21.75, 9999.0, 24.2, 9999.0, 117.7, 127.98, 120.25, 91.25, 138.5
2024-11-07, 22:27:37, 136.5, 58.32, 22.98, 22.11, 9999.0, 9.64, 10.02, 21.75, 9999.0, 24.2, 9999.0, 117.68, 127.98, 120.25, 91.25, 138.5
2024-11-07, 22:27:41, 136.5, 58.3, 22.98, 22.11, 9999.0, 9.64, 10.02, 21.75, 9999.0, 24.18, 9999.0, 117.66, 127.98, 120.25, 91.25, 138.5
2024-11-07, 22:27:45, 136.5, 58.32, 22.98, 22.09, 9999.0, 9.64, 10.02, 21.75, 9999.0, 24.16, 9999.0, 117.64, 127.98, 120.25, 91.25, 138.5
2024-11-07, 22:27:49, 136.5, 58.32, 22.98, 22.09, 9999.0, 9.66, 10.02, 21.75, 9999.0, 24.14, 9999.0, 117.61, 127.98, 120.25, 91.25, 138.5
2024-11-07, 22:27:53, 136.5, 58.32, 22.98, 22.09, 9999.0, 9.68, 10.02, 21.75, 9999.0, 24.11, 9999.0, 117.61, 127.95, 120.25, 91.25, 138.5
2024-11-07, 22:27:57, 136.5, 58.32, 22.98, 22.09, 9999.0, 9.7, 10.0, 21.75, 9999.0, 24.09, 9999.0, 117.61, 127.95, 120.25, 91.25, 138.5
2024-11-07, 22:28:01, 136.5, 58.34, 22.98, 22.11, 9999.0, 9.75, 10.0, 21.75, 9999.0, 24.07, 9999.0, 117.61, 127.98, 120.25, 91.25, 138.5
2024-11-07, 22:28:05, 136.5, 58.34, 22.98, 22.14, 9999.0, 9.77, 10.0, 21.75, 9999.0, 24.05, 9999.0, 117.64, 127.98, 120.25, 91.25, 138.5
2024-11-07, 22:28:09, 136.5, 58.34, 22.98, 22.16, 9999.0, 9.8, 10.02, 21.75, 9999.0, 24.0, 9999.0, 117.68, 127.98, 120.25, 91.25, 138.5
2024-11-07, 22:28:13, 136.5, 58.34, 22.98, 22.18, 9999.0, 9.82, 10.02, 21.75, 9999.0, 24.0, 9999.0, 117.68, 127.95, 120.25, 91.23, 138.5
2024-11-07, 22:28:17, 136.5, 58.34, 23.0, 22.16, 9999.0, 9.84, 10.02, 21.75, 9999.0, 24.02, 9999.0, 117.7, 127.95, 120.25, 91.23, 138.5
2024-11-07, 22:28:21, 136.5, 58.32, 23.0, 22.16, 9999.0, 9.84, 10.02, 21.75, 9999.0, 24.02, 9999.0, 117.73, 127.95, 120.25, 91.23, 138.5
2024-11-07, 22:28:25, 136.5, 58.32, 23.0, 22.18, 9999.0, 9.84, 10.02, 21.75, 9999.0, 24.05, 9999.0, 117.75, 127.95, 120.25, 91.23, 138.5
2024-11-07, 22:28:29, 136.5, 58.32, 23.0, 22.18, 9999.0, 9.84, 10.02, 21.75, 9999.0, 24.07, 9999.0, 117.77, 127.95, 120.25, 91.23, 138.5
2024-11-07, 22:28:33, 136.5, 58.32, 23.0, 22.16, 9999.0, 9.82, 10.02, 21.75, 9999.0, 24.09, 9999.0, 117.8, 127.95, 120.25, 91.23, 138.5
2024-11-07, 22:28:37, 136.5, 58.34, 23.0, 22.14, 9999.0, 9.8, 10.02, 21.75, 9999.0, 24.09, 9999.0, 117.8, 127.98, 120.25, 91.23, 138.5
2024-11-07, 22:28:41, 136.5, 58.34, 23.0, 22.14, 9999.0, 9.75, 10.02, 21.73, 9999.0, 24.11, 9999.0, 117.8, 127.98, 120.25, 91.23, 138.5
2024-11-07, 22:28:45, 136.5, 58.34, 23.0, 22.11, 9999.0, 9.7, 10.02, 21.73, 9999.0, 24.11, 9999.0, 117.77, 127.98, 120.25, 91.23, 138.5
2024-11-07, 22:28:49, 136.5, 58.36, 23.0, 22.11, 9999.0, 9.7, 10.02, 21.73, 9999.0, 24.11, 9999.0, 117.75, 127.98, 120.25, 91.23, 138.5
2024-11-07, 22:28:53, 136.5, 58.36, 23.0, 22.09, 9999.0, 9.68, 10.0, 21.7, 9999.0, 24.14, 9999.0, 117.73, 127.98, 120.25, 91.23, 138.5
2024-11-07, 22:28:57, 136.5, 58.39, 23.0, 22.07, 9999.0, 9.68, 10.0, 21.7, 9999.0, 24.11, 9999.0, 117.7, 127.98, 120.25, 91.25, 138.5
2024-11-07, 22:29:02, 136.5, 58.41, 23.0, 22.07, 9999.0, 9.68, 10.0, 21.7, 9999.0, 24.09, 9999.0, 117.68, 127.98, 120.25, 91.25, 138.5
2024-11-07, 22:29:06, 136.5, 58.43, 22.98, 22.05, 9999.0, 9.7, 10.0, 21.7, 9999.0, 24.09, 9999.0, 117.66, 127.98, 120.25, 91.25, 138.5
2024-11-07, 22:29:10, 136.5, 58.43, 22.98, 22.02, 9999.0, 9.73, 10.0, 21.7, 9999.0, 24.07, 9999.0, 117.64, 127.98, 120.25, 91.23, 138.5
2024-11-07, 22:29:14, 136.5, 58.41, 22.98, 22.02, 9999.0, 9.75, 10.0, 21.7, 9999.0, 24.05, 9999.0, 117.64, 127.98, 120.25, 91.23, 138.5
2024-11-07, 22:29:18, 136.5, 58.41, 22.98, 22.05, 9999.0, 9.75, 10.0, 21.7, 9999.0, 24.02, 9999.0, 117.64, 127.95, 120.25, 91.23, 138.5
2024-11-07, 22:29:22, 136.5, 58.41, 22.98, 22.07, 9999.0, 9.75, 10.0, 21.7, 9999.0, 24.02, 9999.0, 117.66, 127.95, 120.25, 91.23, 138.5
2024-11-07, 22:29:26, 136.5, 58.43, 22.98, 22.09, 9999.0, 9.77, 10.02, 21.73, 9999.0, 24.0, 9999.0, 117.68, 127.95, 120.25, 91.23, 138.5
2024-11-07, 22:29:30, 136.5, 58.41, 22.98, 22.11, 9999.0, 9.8, 10.02, 21.73, 9999.0, 24.0, 9999.0, 117.7, 127.95, 120.25, 91.23, 138.5
2024-11-07, 22:29:34, 136.5, 58.41, 22.98, 22.11, 9999.0, 9.8, 10.02, 21.73, 9999.0, 24.0, 9999.0, 117.7, 127.95, 120.25, 91.23, 138.5
2024-11-07, 22:29:38, 136.5, 58.41, 22.98, 22.14, 9999.0, 9.82, 10.02, 21.75, 9999.0, 24.0, 9999.0, 117.7, 127.95, 120.25, 91.23, 138.5
2024-11-07, 22:29:42, 136.5, 58.41, 22.98, 22.14, 9999.0, 9.82, 10.02, 21.75, 9999.0, 24.02, 9999.0, 117.73, 127.98, 120.25, 91.23, 138.5
2024-11-07, 22:29:46, 136.5, 58.41, 22.98, 22.14, 9999.0, 9.82, 10.02, 21.75, 9999.0, 24.07, 9999.0, 117.75, 127.98, 120.25, 91.23, 138.5
2024-11-07, 22:29:50, 136.5, 58.41, 23.0, 22.16, 9999.0, 9.8, 10.02, 21.75, 9999.0, 24.11, 9999.0, 117.77, 127.98, 120.25, 91.23, 138.5
2024-11-07, 22:29:54, 136.5, 58.41, 23.0, 22.18, 9999.0, 9.77, 10.02, 21.75, 9999.0, 24.16, 9999.0, 117.8, 127.98, 120.25, 91.25, 138.5
2024-11-07, 22:29:58, 136.5, 58.43, 23.0, 22.2, 9999.0, 9.75, 10.02, 21.75, 9999.0, 24.18, 9999.0, 117.8, 127.98, 120.25, 91.25, 138.5
2024-11-07, 22:30:02, 136.5, 58.43, 23.0, 22.2, 9999.0, 9.73, 10.02, 21.75, 9999.0, 24.23, 9999.0, 117.8, 128.0, 120.25, 91.25, 138.5
2024-11-07, 22:30:06, 136.5, 58.41, 22.98, 22.18, 9999.0, 9.7, 10.02, 21.75, 9999.0, 24.25, 9999.0, 117.75, 128.0, 120.25, 91.25, 138.5
2024-11-07, 22:30:10, 136.5, 58.39, 22.98, 22.16, 9999.0, 9.68, 10.0, 21.75, 9999.0, 24.27, 9999.0, 117.7, 128.0, 120.25, 91.25, 138.5
2024-11-07, 22:30:14, 136.5, 58.39, 22.98, 22.14, 9999.0, 9.68, 10.0, 21.75, 9999.0, 24.3, 9999.0, 117.68, 127.98, 120.25, 91.25, 138.5
2024-11-07, 22:30:18, 136.5, 58.36, 22.98, 22.11, 9999.0, 9.68, 10.0, 21.75, 9999.0, 24.32, 9999.0, 117.66, 127.98, 120.25, 91.25, 138.5
2024-11-07, 22:30:22, 136.5, 58.34, 22.95, 22.09, 9999.0, 9.68, 10.0, 21.75, 9999.0, 24.34, 9999.0, 117.64, 127.98, 120.25, 91.25, 138.5
2024-11-07, 22:30:26, 136.52, 58.32, 22.95, 22.09, 9999.0, 9.7, 10.0, 21.75, 9999.0, 24.34, 9999.0, 117.61, 127.98, 120.25, 91.25, 138.48
2024-11-07, 22:30:30, 136.52, 58.3, 22.95, 22.09, 9999.0, 9.7, 10.0, 21.75, 9999.0, 24.32, 9999.0, 117.61, 127.98, 120.25, 91.25, 138.48
2024-11-07, 22:30:34, 136.52, 58.27, 22.95, 22.07, 9999.0, 9.73, 10.0, 21.75, 9999.0, 24.3, 9999.0, 117.61, 127.98, 120.25, 91.25, 138.48
2024-11-07, 22:30:38, 136.52, 58.27, 22.95, 22.05, 9999.0, 9.73, 10.0, 21.75, 9999.0, 24.25, 9999.0, 117.61, 127.98, 120.25, 91.25, 138.48
2024-11-07, 22:30:42, 136.52, 58.27, 22.95, 22.02, 9999.0, 9.73, 10.0, 21.75, 9999.0, 24.23, 9999.0, 117.64, 127.98, 120.25, 91.25, 138.48
2024-11-07, 22:30:46, 136.52, 58.27, 22.95, 22.0, 9999.0, 9.75, 10.0, 21.75, 9999.0, 24.18, 9999.0, 117.64, 127.98, 120.25, 91.25, 138.48
2024-11-07, 22:30:50, 136.52, 58.27, 22.98, 22.0, 9999.0, 9.77, 10.0, 21.75, 9999.0, 24.18, 9999.0, 117.66, 127.98, 120.25, 91.25, 138.48
2024-11-07, 22:30:54, 136.52, 58.27, 22.95, 22.02, 9999.0, 9.8, 10.0, 21.75, 9999.0, 24.16, 9999.0, 117.68, 127.98, 120.25, 91.25, 138.48
2024-11-07, 22:30:58, 136.52, 58.27, 22.95, 22.02, 9999.0, 9.8, 10.0, 21.75, 9999.0, 24.14, 9999.0, 117.7, 128.0, 120.25, 91.25, 138.48
2024-11-07, 22:31:02, 136.52, 58.27, 22.95, 22.02, 9999.0, 9.8, 10.0, 21.75, 9999.0, 24.14, 9999.0, 117.73, 128.0, 120.25, 91.25, 138.48
2024-11-07, 22:31:06, 136.52, 58.27, 22.98, 22.05, 9999.0, 9.8, 10.0, 21.75, 9999.0, 24.14, 9999.0, 117.75, 128.0, 120.25, 91.25, 138.48
2024-11-07, 22:31:10, 136.5, 58.3, 22.98, 22.05, 9999.0, 9.77, 10.0, 21.75, 9999.0, 24.11, 9999.0, 117.77, 128.0, 120.25, 91.25, 138.5
2024-11-07, 22:31:14, 136.5, 58.3, 22.98, 22.05, 9999.0, 9.75, 10.0, 21.75, 9999.0, 24.09, 9999.0, 117.77, 128.0, 120.25, 91.25, 138.5
2024-11-07, 22:31:18, 136.5, 58.3, 22.98, 22.05, 9999.0, 9.7, 10.0, 21.75, 9999.0, 24.07, 9999.0, 117.75, 128.0, 120.25, 91.25, 138.5
2024-11-07, 22:31:22, 136.5, 58.3, 22.98, 22.05, 9999.0, 9.68, 10.0, 21.75, 9999.0, 24.07, 9999.0, 117.73, 128.0, 120.25, 91.25, 138.5
2024-11-07, 22:31:26, 136.5, 58.27, 22.98, 22.05, 9999.0, 9.66, 10.0, 21.73, 9999.0, 24.07, 9999.0, 117.68, 128.0, 120.25, 91.25, 138.5
2024-11-07, 22:31:30, 136.5, 58.3, 22.98, 22.05, 9999.0, 9.66, 10.0, 21.73, 9999.0, 24.07, 9999.0, 117.66, 128.0, 120.25, 91.25, 138.5
2024-11-07, 22:31:34, 136.5, 58.3, 22.98, 22.05, 9999.0, 9.66, 10.0, 21.73, 9999.0, 24.02, 9999.0, 117.64, 128.0, 120.25, 91.25, 138.5
2024-11-07, 22:31:38, 136.5, 58.32, 23.0, 22.02, 9999.0, 9.66, 10.0, 21.73, 9999.0, 24.02, 9999.0, 117.61, 127.98, 120.25, 91.25, 138.5
2024-11-07, 22:31:42, 136.5, 58.34, 22.98, 22.02, 9999.0, 9.68, 10.0, 21.73, 9999.0, 24.0, 9999.0, 117.59, 127.95, 120.25, 91.25, 138.5
2024-11-07, 22:31:46, 136.5, 58.36, 22.98, 22.02, 9999.0, 9.7, 10.0, 21.73, 9999.0, 23.95, 9999.0, 117.57, 127.93, 120.25, 91.25, 138.5
2024-11-07, 22:31:50, 136.5, 58.39, 22.98, 22.0, 9999.0, 9.7, 10.0, 21.73, 9999.0, 23.91, 9999.0, 117.57, 127.91, 120.25, 91.25, 138.5
2024-11-07, 22:31:54, 136.5, 58.39, 22.98, 22.0, 9999.0, 9.7, 10.0, 21.73, 9999.0, 23.89, 9999.0, 117.55, 127.89, 120.25, 91.25, 138.5
2024-11-07, 22:31:58, 136.5, 58.41, 22.98, 22.0, 9999.0, 9.73, 10.0, 21.73, 9999.0, 23.86, 9999.0, 117.57, 127.89, 120.25, 91.25, 138.5
2024-11-07, 22:32:02, 136.5, 58.43, 22.98, 22.0, 9999.0, 9.75, 10.0, 21.73, 9999.0, 23.86, 9999.0, 117.59, 127.89, 120.25, 91.25, 138.5
2024-11-07, 22:32:06, 136.5, 58.43, 22.98, 22.0, 9999.0, 9.77, 10.0, 21.73, 9999.0, 23.86, 9999.0, 117.61, 127.89, 120.25, 91.25, 138.5
2024-11-07, 22:32:10, 136.5, 58.43, 22.98, 22.0, 9999.0, 9.8, 10.0, 21.75, 9999.0, 23.89, 9999.0, 117.64, 127.89, 120.25, 91.25, 138.5
2024-11-07, 22:32:14, 136.5, 58.41, 22.98, 22.0, 9999.0, 9.8, 10.0, 21.75, 9999.0, 23.91, 9999.0, 117.66, 127.86, 120.25, 91.25, 138.5
2024-11-07, 22:32:18, 136.5, 58.41, 22.98, 22.0, 9999.0, 9.77, 10.0, 21.75, 9999.0, 23.95, 9999.0, 117.68, 127.86, 120.25, 91.25, 138.5
2024-11-07, 22:32:22, 136.5, 58.39, 22.98, 22.0, 9999.0, 9.75, 10.0, 21.73, 9999.0, 24.0, 9999.0, 117.7, 127.89, 120.25, 91.25, 138.5
2024-11-07, 22:32:26, 136.5, 58.36, 23.0, 22.0, 9999.0, 9.73, 10.0, 21.73, 9999.0, 24.05, 9999.0, 117.73, 127.91, 120.25, 91.25, 138.5
2024-11-07, 22:32:30, 136.5, 58.34, 23.0, 22.0, 9999.0, 9.68, 10.0, 21.73, 9999.0, 24.09, 9999.0, 117.75, 127.93, 120.25, 91.25, 138.5
2024-11-07, 22:32:35, 136.5, 58.32, 22.98, 22.0, 9999.0, 9.66, 10.0, 21.73, 9999.0, 24.14, 9999.0, 117.75, 127.95, 120.25, 91.25, 138.5
2024-11-07, 22:32:39, 136.5, 58.3, 22.98, 22.0, 9999.0, 9.64, 10.0, 21.7, 9999.0, 24.18, 9999.0, 117.77, 127.98, 120.25, 91.25, 138.5
2024-11-07, 22:32:43, 136.5, 58.27, 22.98, 22.0, 9999.0, 9.61, 10.0, 21.7, 9999.0, 24.23, 9999.0, 117.73, 127.98, 120.25, 91.25, 138.48
2024-11-07, 22:32:47, 136.5, 58.25, 22.98, 22.0, 9999.0, 9.59, 10.0, 21.7, 9999.0, 24.25, 9999.0, 117.7, 127.98, 120.25, 91.25, 138.48
2024-11-07, 22:32:51, 136.5, 58.25, 22.98, 22.0, 9999.0, 9.59, 10.0, 21.68, 9999.0, 24.27, 9999.0, 117.68, 127.98, 120.25, 91.25, 138.48
2024-11-07, 22:32:55, 136.5, 58.25, 22.98, 22.0, 9999.0, 9.59, 10.0, 21.68, 9999.0, 24.25, 9999.0, 117.66, 127.98, 120.25, 91.23, 138.48
2024-11-07, 22:32:59, 136.5, 58.25, 22.98, 22.0, 9999.0, 9.59, 10.0, 21.66, 9999.0, 24.23, 9999.0, 117.64, 127.98, 120.25, 91.23, 138.48
2024-11-07, 22:33:03, 136.5, 58.25, 22.98, 22.0, 9999.0, 9.64, 10.0, 21.66, 9999.0, 24.2, 9999.0, 117.61, 127.95, 120.25, 91.23, 138.48
2024-11-07, 22:33:07, 136.5, 58.25, 22.98, 22.0, 9999.0, 9.68, 10.0, 21.68, 9999.0, 24.18, 9999.0, 117.59, 127.95, 120.25, 91.23, 138.48
2024-11-07, 22:33:11, 136.5, 58.27, 22.98, 22.0, 9999.0, 9.68, 10.0, 21.66, 9999.0, 24.16, 9999.0, 117.59, 127.93, 120.25, 91.23, 138.48
2024-11-07, 22:33:15, 136.5, 58.27, 22.98, 22.0, 9999.0, 9.7, 10.0, 21.66, 9999.0, 24.14, 9999.0, 117.59, 127.93, 120.25, 91.23, 138.48
2024-11-07, 22:33:19, 136.5, 58.27, 23.0, 22.0, 9999.0, 9.73, 10.0, 21.66, 9999.0, 24.11, 9999.0, 117.61, 127.91, 120.25, 91.23, 138.48
2024-11-07, 22:33:23, 136.5, 58.27, 23.0, 22.0, 9999.0, 9.75, 10.0, 21.68, 9999.0, 24.09, 9999.0, 117.64, 127.91, 120.25, 91.23, 138.48
2024-11-07, 22:33:27, 136.5, 58.3, 22.98, 22.0, 9999.0, 9.77, 10.0, 21.68, 9999.0, 24.07, 9999.0, 117.66, 127.91, 120.25, 91.23, 138.5
2024-11-07, 22:33:31, 136.5, 58.32, 22.95, 22.0, 9999.0, 9.8, 10.0, 21.68, 9999.0, 24.05, 9999.0, 117.68, 127.91, 120.25, 91.23, 138.5
2024-11-07, 22:33:35, 136.5, 58.32, 22.93, 22.0, 9999.0, 9.8, 10.0, 21.68, 9999.0, 24.02, 9999.0, 117.7, 127.91, 120.25, 91.23, 138.5
2024-11-07, 22:33:39, 136.5, 58.32, 22.93, 22.0, 9999.0, 9.8, 10.0, 21.66, 9999.0, 24.05, 9999.0, 117.73, 127.91, 120.25, 91.25, 138.5
2024-11-07, 22:33:43, 136.5, 58.32, 22.93, 22.0, 9999.0, 9.77, 10.0, 21.66, 9999.0, 24.07, 9999.0, 117.75, 127.93, 120.25, 91.25, 138.5
2024-11-07, 22:33:47, 136.5, 58.32, 22.93, 22.0, 9999.0, 9.73, 10.0, 21.66, 9999.0, 24.09, 9999.0, 117.77, 127.95, 120.25, 91.25, 138.5
2024-11-07, 22:33:51, 136.5, 58.32, 22.93, 22.0, 9999.0, 9.68, 10.0, 21.66, 9999.0, 24.07, 9999.0, 117.77, 127.95, 120.25, 91.25, 138.5
2024-11-07, 22:33:55, 136.5, 58.3, 22.93, 22.0, 9999.0, 9.66, 10.0, 21.68, 9999.0, 24.07, 9999.0, 117.75, 127.98, 120.25, 91.25, 138.5
2024-11-07, 22:33:59, 136.5, 58.32, 22.91, 22.0, 9999.0, 9.64, 10.0, 21.66, 9999.0, 24.07, 9999.0, 117.73, 127.95, 120.25, 91.25, 138.5
2024-11-07, 22:34:03, 136.5, 58.32, 22.91, 22.0, 9999.0, 9.61, 10.0, 21.64, 9999.0, 24.07, 9999.0, 117.68, 127.95, 120.25, 91.25, 138.5
2024-11-07, 22:34:07, 136.5, 58.32, 22.91, 22.0, 9999.0, 9.59, 10.0, 21.64, 9999.0, 24.07, 9999.0, 117.64, 127.95, 120.25, 91.25, 138.5
2024-11-07, 22:34:11, 136.5, 58.3, 22.93, 22.0, 9999.0, 9.59, 10.0, 21.64, 9999.0, 24.07, 9999.0, 117.61, 127.95, 120.25, 91.25, 138.5
2024-11-07, 22:34:15, 136.5, 58.27, 22.95, 22.0, 9999.0, 9.59, 10.0, 21.64, 9999.0, 24.07, 9999.0, 117.59, 127.95, 120.25, 91.25, 138.5
2024-11-07, 22:34:19, 136.5, 58.27, 22.98, 22.0, 9999.0, 9.59, 10.0, 21.66, 9999.0, 24.07, 9999.0, 117.57, 127.93, 120.25, 91.25, 138.5
2024-11-07, 22:34:23, 136.5, 58.27, 22.98, 22.0, 9999.0, 9.59, 10.0, 21.68, 9999.0, 24.05, 9999.0, 117.55, 127.91, 120.25, 91.25, 138.5
2024-11-07, 22:34:27, 136.5, 58.27, 22.98, 22.0, 9999.0, 9.61, 10.0, 21.68, 9999.0, 24.02, 9999.0, 117.55, 127.89, 120.25, 91.25, 138.5
2024-11-07, 22:34:31, 136.5, 58.27, 22.95, 22.0, 9999.0, 9.64, 10.0, 21.66, 9999.0, 24.0, 9999.0, 117.55, 127.86, 120.25, 91.25, 138.5
2024-11-07, 22:34:35, 136.5, 58.27, 22.95, 22.0, 9999.0, 9.66, 10.0, 21.66, 9999.0, 23.98, 9999.0, 117.57, 127.84, 120.25, 91.25, 138.5
2024-11-07, 22:34:39, 136.5, 58.27, 22.93, 22.0, 9999.0, 9.68, 10.0, 21.66, 9999.0, 23.95, 9999.0, 117.61, 127.82, 120.25, 91.25, 138.5
2024-11-07, 22:34:43, 136.5, 58.27, 22.95, 22.0, 9999.0, 9.7, 10.0, 21.68, 9999.0, 23.95, 9999.0, 117.64, 127.82, 120.25, 91.25, 138.5
2024-11-07, 22:34:47, 136.5, 58.27, 22.93, 22.0, 9999.0, 9.73, 10.0, 21.7, 9999.0, 23.95, 9999.0, 117.66, 127.82, 120.25, 91.25, 138.5
2024-11-07, 22:34:51, 136.5, 58.27, 22.91, 22.0, 9999.0, 9.75, 10.0, 21.7, 9999.0, 23.95, 9999.0, 117.68, 127.8, 120.25, 91.25, 138.5
2024-11-07, 22:34:55, 136.5, 58.27, 22.91, 22.0, 9999.0, 9.75, 10.0, 21.68, 9999.0, 23.98, 9999.0, 117.7, 127.77, 120.25, 91.25, 138.5
2024-11-07, 22:34:59, 136.5, 58.27, 22.91, 22.0, 9999.0, 9.73, 10.0, 21.66, 9999.0, 24.0, 9999.0, 117.73, 127.77, 120.25, 91.25, 138.5
2024-11-07, 22:35:03, 136.5, 58.27, 22.91, 22.0, 9999.0, 9.7, 10.0, 21.66, 9999.0, 24.02, 9999.0, 117.75, 127.8, 120.25, 91.25, 138.5
2024-11-07, 22:35:07, 136.5, 58.27, 22.89, 22.0, 9999.0, 9.68, 10.0, 21.64, 9999.0, 24.05, 9999.0, 117.77, 127.82, 120.25, 91.25, 138.5
2024-11-07, 22:35:11, 136.5, 58.3, 22.89, 22.0, 9999.0, 9.66, 10.0, 21.64, 9999.0, 24.07, 9999.0, 117.75, 127.82, 120.25, 91.25, 138.5
2024-11-07, 22:35:15, 136.5, 58.3, 22.91, 22.0, 9999.0, 9.64, 10.0, 21.64, 9999.0, 24.07, 9999.0, 117.73, 127.82, 120.25, 91.25, 138.5
2024-11-07, 22:35:19, 136.5, 58.3, 22.91, 22.0, 9999.0, 9.61, 10.0, 21.61, 9999.0, 24.09, 9999.0, 117.7, 127.84, 120.25, 91.25, 138.5
2024-11-07, 22:35:23, 136.5, 58.3, 22.93, 22.0, 9999.0, 9.59, 10.0, 21.61, 9999.0, 24.11, 9999.0, 117.66, 127.84, 120.25, 91.25, 138.5
2024-11-07, 22:35:27, 136.5, 58.27, 22.91, 22.0, 9999.0, 9.59, 10.0, 21.61, 9999.0, 24.11, 9999.0, 117.64, 127.86, 120.25, 91.25, 138.5
2024-11-07, 22:35:31, 136.5, 58.27, 22.93, 22.0, 9999.0, 9.59, 10.0, 21.61, 9999.0, 24.09, 9999.0, 117.61, 127.86, 120.25, 91.25, 138.5
2024-11-07, 22:35:35, 136.5, 58.27, 22.93, 22.0, 9999.0, 9.59, 10.0, 21.59, 9999.0, 24.07, 9999.0, 117.59, 127.86, 120.25, 91.25, 138.5
2024-11-07, 22:35:39, 136.5, 58.27, 22.93, 22.0, 9999.0, 9.61, 10.0, 21.61, 9999.0, 24.02, 9999.0, 117.57, 127.86, 120.25, 91.25, 138.5
2024-11-07, 22:35:43, 136.5, 58.27, 22.93, 22.0, 9999.0, 9.66, 10.0, 21.64, 9999.0, 23.98, 9999.0, 117.57, 127.86, 120.25, 91.25, 138.5
2024-11-07, 22:35:47, 136.5, 58.27, 22.91, 22.0, 9999.0, 9.68, 10.0, 21.61, 9999.0, 23.93, 9999.0, 117.57, 127.84, 120.25, 91.25, 138.5
2024-11-07, 22:35:51, 136.5, 58.27, 22.93, 22.0, 9999.0, 9.7, 10.0, 21.64, 9999.0, 23.89, 9999.0, 117.57, 127.82, 120.25, 91.25, 138.5
2024-11-07, 22:35:55, 136.5, 58.25, 22.93, 22.0, 9999.0, 9.73, 10.0, 21.66, 9999.0, 23.84, 9999.0, 117.61, 127.82, 120.25, 91.25, 138.5
2024-11-07, 22:35:59, 136.5, 58.25, 22.93, 22.0, 9999.0, 9.75, 10.0, 21.68, 9999.0, 23.82, 9999.0, 117.66, 127.84, 120.25, 91.25, 138.5
2024-11-07, 22:36:03, 136.5, 58.25, 22.93, 22.0, 9999.0, 9.77, 10.0, 21.7, 9999.0, 23.8, 9999.0, 117.68, 127.84, 120.25, 91.25, 138.5
2024-11-07, 22:36:08, 136.5, 58.25, 22.93, 22.0, 9999.0, 9.8, 10.0, 21.7, 9999.0, 23.8, 9999.0, 117.7, 127.86, 120.25, 91.25, 138.5
2024-11-07, 22:36:12, 136.5, 58.25, 22.93, 22.0, 9999.0, 9.77, 10.0, 21.7, 9999.0, 23.8, 9999.0, 117.73, 127.86, 120.25, 91.25, 138.5
2024-11-07, 22:36:16, 136.5, 58.27, 22.93, 22.0, 9999.0, 9.77, 10.0, 21.7, 9999.0, 23.84, 9999.0, 117.75, 127.89, 120.25, 91.25, 138.5
2024-11-07, 22:36:20, 136.5, 58.27, 22.93, 22.0, 9999.0, 9.77, 10.0, 21.73, 9999.0, 23.89, 9999.0, 117.77, 127.91, 120.25, 91.25, 138.5
2024-11-07, 22:36:24, 136.5, 58.27, 22.91, 22.0, 9999.0, 9.75, 10.0, 21.7, 9999.0, 23.93, 9999.0, 117.8, 127.93, 120.25, 91.25, 138.5
2024-11-07, 22:36:28, 136.5, 58.27, 22.91, 22.0, 9999.0, 9.7, 10.0, 21.68, 9999.0, 23.98, 9999.0, 117.8, 127.93, 120.25, 91.25, 138.5
2024-11-07, 22:36:32, 136.5, 58.27, 22.93, 22.0, 9999.0, 9.68, 10.0, 21.68, 9999.0, 24.02, 9999.0, 117.8, 127.93, 120.25, 91.25, 138.5
2024-11-07, 22:36:36, 136.5, 58.27, 22.93, 22.0, 9999.0, 9.66, 10.0, 21.68, 9999.0, 24.05, 9999.0, 117.77, 127.95, 120.25, 91.25, 138.5
2024-11-07, 22:36:40, 136.5, 58.27, 22.93, 22.0, 9999.0, 9.64, 10.0, 21.68, 9999.0, 24.07, 9999.0, 117.73, 127.95, 120.25, 91.25, 138.5
2024-11-07, 22:36:44, 136.5, 58.27, 22.91, 22.0, 9999.0, 9.61, 10.0, 21.66, 9999.0, 24.09, 9999.0, 117.68, 127.95, 120.25, 91.25, 138.5
2024-11-07, 22:36:48, 136.5, 58.27, 22.91, 22.0, 9999.0, 9.61, 10.0, 21.64, 9999.0, 24.11, 9999.0, 117.66, 127.93, 120.25, 91.25, 138.5
2024-11-07, 22:36:52, 136.5, 58.27, 22.89, 22.0, 9999.0, 9.59, 10.0, 21.64, 9999.0, 24.11, 9999.0, 117.64, 127.91, 120.25, 91.25, 138.5
2024-11-07, 22:36:56, 136.5, 58.27, 22.91, 22.0, 9999.0, 9.61, 10.0, 21.61, 9999.0, 24.11, 9999.0, 117.61, 127.89, 120.25, 91.25, 138.5
2024-11-07, 22:37:00, 136.5, 58.25, 22.91, 22.0, 9999.0, 9.61, 10.0, 21.61, 9999.0, 24.07, 9999.0, 117.59, 127.86, 120.25, 91.25, 138.5
2024-11-07, 22:37:04, 136.5, 58.25, 22.93, 22.0, 9999.0, 9.64, 10.0, 21.61, 9999.0, 24.02, 9999.0, 117.59, 127.84, 120.25, 91.23, 138.5
2024-11-07, 22:37:08, 136.5, 58.25, 22.93, 22.0, 9999.0, 9.64, 10.0, 21.64, 9999.0, 23.98, 9999.0, 117.59, 127.82, 120.25, 91.23, 138.5
2024-11-07, 22:37:12, 136.5, 58.25, 22.93, 22.0, 9999.0, 9.66, 10.0, 21.64, 9999.0, 23.95, 9999.0, 117.59, 127.8, 120.25, 91.23, 138.5
2024-11-07, 22:37:16, 136.5, 58.25, 22.91, 22.0, 9999.0, 9.68, 10.0, 21.66, 9999.0, 23.91, 9999.0, 117.61, 127.8, 120.25, 91.23, 138.5
2024-11-07, 22:37:20, 136.5, 58.25, 22.91, 22.0, 9999.0, 9.7, 10.0, 21.66, 9999.0, 23.89, 9999.0, 117.64, 127.8, 120.25, 91.23, 138.5
2024-11-07, 22:37:24, 136.5, 58.25, 22.89, 22.0, 9999.0, 9.73, 10.0, 21.66, 9999.0, 23.89, 9999.0, 117.66, 127.8, 120.25, 91.23, 138.5
2024-11-07, 22:37:28, 136.5, 58.25, 22.91, 22.0, 9999.0, 9.75, 10.0, 21.66, 9999.0, 23.86, 9999.0, 117.68, 127.77, 120.25, 91.23, 138.5
2024-11-07, 22:37:32, 136.5, 58.25, 22.91, 22.0, 9999.0, 9.73, 10.0, 21.68, 9999.0, 23.86, 9999.0, 117.7, 127.8, 120.25, 91.23, 138.5
2024-11-07, 22:37:36, 136.5, 58.25, 22.93, 22.0, 9999.0, 9.73, 10.0, 21.68, 9999.0, 23.89, 9999.0, 117.73, 127.82, 120.25, 91.23, 138.5
2024-11-07, 22:37:40, 136.5, 58.25, 22.93, 22.0, 9999.0, 9.7, 10.0, 21.7, 9999.0, 23.89, 9999.0, 117.75, 127.84, 120.25, 91.23, 138.5
2024-11-07, 22:37:44, 136.5, 58.25, 22.93, 22.0, 9999.0, 9.68, 10.0, 21.7, 9999.0, 23.91, 9999.0, 117.77, 127.86, 120.25, 91.23, 138.5
2024-11-07, 22:37:48, 136.5, 58.25, 22.93, 22.0, 9999.0, 9.64, 10.0, 21.7, 9999.0, 23.93, 9999.0, 117.77, 127.89, 120.25, 91.25, 138.5
2024-11-07, 22:37:52, 136.5, 58.25, 22.95, 22.0, 9999.0, 9.61, 10.0, 21.7, 9999.0, 23.95, 9999.0, 117.75, 127.91, 120.25, 91.25, 138.5
2024-11-07, 22:37:56, 136.5, 58.25, 22.93, 22.0, 9999.0, 9.59, 10.0, 21.7, 9999.0, 23.95, 9999.0, 117.75, 127.91, 120.25, 91.23, 138.5
2024-11-07, 22:38:00, 136.5, 58.25, 22.95, 22.0, 9999.0, 9.57, 10.0, 21.7, 9999.0, 23.98, 9999.0, 117.7, 127.91, 120.25, 91.23, 138.5
2024-11-07, 22:38:04, 136.5, 58.25, 22.95, 22.0, 9999.0, 9.55, 10.0, 21.7, 9999.0, 24.0, 9999.0, 117.68, 127.89, 120.25, 91.23, 138.5
2024-11-07, 22:38:08, 136.5, 58.25, 22.95, 22.0, 9999.0, 9.55, 10.0, 21.7, 9999.0, 24.0, 9999.0, 117.66, 127.91, 120.25, 91.23, 138.5
2024-11-07, 22:38:12, 136.5, 58.25, 22.95, 22.0, 9999.0, 9.55, 10.0, 21.7, 9999.0, 24.02, 9999.0, 117.64, 127.91, 120.25, 91.23, 138.5
2024-11-07, 22:38:16, 136.5, 58.25, 22.95, 22.0, 9999.0, 9.57, 10.0, 21.7, 9999.0, 24.02, 9999.0, 117.61, 127.89, 120.25, 91.23, 138.5
2024-11-07, 22:38:20, 136.5, 58.25, 22.95, 22.0, 9999.0, 9.59, 10.0, 21.7, 9999.0, 24.0, 9999.0, 117.59, 127.89, 120.25, 91.23, 138.5
2024-11-07, 22:38:24, 136.5, 58.25, 22.95, 22.0, 9999.0, 9.64, 10.0, 21.7, 9999.0, 24.0, 9999.0, 117.59, 127.86, 120.25, 91.23, 138.5
2024-11-07, 22:38:28, 136.5, 58.25, 22.95, 22.0, 9999.0, 9.66, 10.0, 21.7, 9999.0, 24.0, 9999.0, 117.59, 127.86, 120.25, 91.23, 138.5
2024-11-07, 22:38:32, 136.5, 58.25, 22.95, 22.0, 9999.0, 9.68, 10.0, 21.7, 9999.0, 24.0, 9999.0, 117.61, 127.86, 120.25, 91.23, 138.5
2024-11-07, 22:38:36, 136.5, 58.25, 22.93, 22.0, 9999.0, 9.7, 10.0, 21.7, 9999.0, 23.98, 9999.0, 117.66, 127.86, 120.25, 91.23, 138.5
2024-11-07, 22:38:40, 136.5, 58.25, 22.93, 22.0, 9999.0, 9.73, 10.0, 21.73, 9999.0, 23.95, 9999.0, 117.66, 127.89, 120.25, 91.25, 138.5
2024-11-07, 22:38:44, 136.5, 58.25, 22.93, 22.0, 9999.0, 9.75, 10.0, 21.73, 9999.0, 23.95, 9999.0, 117.68, 127.91, 120.25, 91.25, 138.5
2024-11-07, 22:38:48, 136.5, 58.25, 22.93, 22.0, 9999.0, 9.77, 10.0, 21.7, 9999.0, 23.95, 9999.0, 117.7, 127.93, 120.25, 91.25, 138.5
2024-11-07, 22:38:52, 136.5, 58.25, 22.95, 22.0, 9999.0, 9.77, 10.0, 21.7, 9999.0, 23.95, 9999.0, 117.73, 127.93, 120.25, 91.25, 138.5
2024-11-07, 22:38:56, 136.5, 58.25, 22.95, 22.0, 9999.0, 9.75, 10.0, 21.7, 9999.0, 23.95, 9999.0, 117.75, 127.95, 120.25, 91.25, 138.5
2024-11-07, 22:39:00, 136.5, 58.25, 22.95, 22.0, 9999.0, 9.73, 10.0, 21.68, 9999.0, 23.95, 9999.0, 117.77, 127.98, 120.25, 91.25, 138.5
2024-11-07, 22:39:04, 136.5, 58.25, 22.95, 22.0, 9999.0, 9.7, 10.0, 21.68, 9999.0, 23.95, 9999.0, 117.8, 127.98, 120.25, 91.25, 138.5
2024-11-07, 22:39:08, 136.5, 58.25, 22.95, 22.0, 9999.0, 9.68, 10.0, 21.68, 9999.0, 23.95, 9999.0, 117.8, 128.0, 120.25, 91.25, 138.5
2024-11-07, 22:39:12, 136.5, 58.25, 22.95, 22.0, 9999.0, 9.66, 10.0, 21.66, 9999.0, 23.95, 9999.0, 117.77, 128.0, 120.25, 91.25, 138.5
2024-11-07, 22:39:16, 136.5, 58.25, 22.95, 22.0, 9999.0, 9.64, 10.0, 21.66, 9999.0, 23.95, 9999.0, 117.73, 128.0, 120.25, 91.25, 138.5
2024-11-07, 22:39:20, 136.5, 58.25, 22.98, 22.0, 9999.0, 9.61, 10.0, 21.64, 9999.0, 23.95, 9999.0, 117.68, 127.98, 120.25, 91.25, 138.5
2024-11-07, 22:39:24, 136.5, 58.25, 23.0, 22.0, 9999.0, 9.61, 10.0, 21.64, 9999.0, 23.95, 9999.0, 117.68, 127.98, 120.25, 91.25, 138.5
2024-11-07, 22:39:28, 136.5, 58.25, 23.0, 22.0, 9999.0, 9.61, 10.0, 21.64, 9999.0, 23.93, 9999.0, 117.66, 127.98, 120.25, 91.25, 138.5
2024-11-07, 22:39:32, 136.5, 58.25, 23.0, 22.0, 9999.0, 9.61, 10.0, 21.64, 9999.0, 23.91, 9999.0, 117.64, 127.95, 120.25, 91.25, 138.5
2024-11-07, 22:39:36, 136.5, 58.25, 23.0, 22.0, 9999.0, 9.61, 10.0, 21.64, 9999.0, 23.91, 9999.0, 117.61, 127.95, 120.25, 91.25, 138.5
2024-11-07, 22:39:41, 136.5, 58.25, 22.98, 22.0, 9999.0, 9.64, 10.0, 21.64, 9999.0, 23.91, 9999.0, 117.61, 127.95, 120.25, 91.25, 138.5
2024-11-07, 22:39:45, 136.5, 58.25, 22.98, 22.0, 9999.0, 9.66, 10.0, 21.66, 9999.0, 23.91, 9999.0, 117.61, 127.93, 120.25, 91.25, 138.5
2024-11-07, 22:39:49, 136.5, 58.25, 22.98, 22.0, 9999.0, 9.7, 10.0, 21.64, 9999.0, 23.89, 9999.0, 117.61, 127.93, 120.25, 91.25, 138.5
2024-11-07, 22:39:53, 136.5, 58.25, 22.98, 22.0, 9999.0, 9.7, 10.0, 21.64, 9999.0, 23.86, 9999.0, 117.64, 127.93, 120.25, 91.25, 138.5
2024-11-07, 22:39:57, 136.5, 58.25, 22.98, 22.0, 9999.0, 9.73, 10.0, 21.64, 9999.0, 23.84, 9999.0, 117.66, 127.93, 120.25, 91.25, 138.5
2024-11-07, 22:40:01, 136.5, 58.25, 22.98, 22.0, 9999.0, 9.75, 10.0, 21.64, 9999.0, 23.84, 9999.0, 117.68, 127.91, 120.25, 91.25, 138.5
2024-11-07, 22:40:05, 136.5, 58.25, 22.98, 22.0, 9999.0, 9.77, 10.0, 21.64, 9999.0, 23.86, 9999.0, 117.7, 127.93, 120.25, 91.25, 138.5
2024-11-07, 22:40:09, 136.5, 58.25, 22.98, 22.0, 9999.0, 9.75, 10.0, 21.64, 9999.0, 23.89, 9999.0, 117.7, 127.93, 120.25, 91.25, 138.5
2024-11-07, 22:40:13, 136.5, 58.25, 22.98, 22.0, 9999.0, 9.75, 10.0, 21.61, 9999.0, 23.93, 9999.0, 117.73, 127.93, 120.25, 91.25, 138.5
2024-11-07, 22:40:25, 136.5, 58.25, 22.98, 22.0, 9999.0, 9.73, 10.0, 21.61, 9999.0, 23.95, 9999.0, 117.75, 127.95, 120.25, 91.25, 138.5
2024-11-07, 22:40:29, 136.5, 58.25, 22.98, 22.0, 9999.0, 9.7, 10.0, 21.61, 9999.0, 23.95, 9999.0, 117.77, 127.95, 120.25, 91.25, 138.5
2024-11-07, 22:40:33, 136.5, 58.25, 22.98, 22.0, 9999.0, 9.68, 10.0, 21.64, 9999.0, 23.95, 9999.0, 117.77, 127.93, 120.25, 91.25, 138.5
2024-11-07, 22:40:37, 136.5, 58.25, 22.98, 22.0, 9999.0, 9.66, 10.0, 21.64, 9999.0, 23.95, 9999.0, 117.77, 127.95, 120.25, 91.25, 138.5
2024-11-07, 22:40:41, 136.5, 58.25, 22.98, 22.0, 9999.0, 9.61, 10.0, 21.66, 9999.0, 23.98, 9999.0, 117.77, 127.95, 120.25, 91.25, 138.5
2024-11-07, 22:40:45, 136.5, 58.25, 22.98, 22.0, 9999.0, 9.59, 10.0, 21.66, 9999.0, 24.0, 9999.0, 117.73, 127.93, 120.25, 91.25, 138.5
2024-11-07, 22:40:49, 136.5, 58.25, 22.98, 22.0, 9999.0, 9.57, 10.0, 21.66, 9999.0, 24.02, 9999.0, 117.73, 127.93, 120.25, 91.25, 138.5
2024-11-07, 22:40:53, 136.5, 58.25, 22.98, 22.02, 9999.0, 9.57, 10.0, 21.66, 9999.0, 24.0, 9999.0, 117.7, 127.93, 120.25, 91.25, 138.5
2024-11-07, 22:40:57, 136.5, 58.25, 22.98, 22.02, 9999.0, 9.57, 10.0, 21.68, 9999.0, 23.98, 9999.0, 117.68, 127.91, 120.25, 91.25, 138.5
2024-11-07, 22:41:01, 136.5, 58.25, 22.95, 22.02, 9999.0, 9.59, 10.0, 21.68, 9999.0, 23.95, 9999.0, 117.66, 127.91, 120.25, 91.25, 138.5
2024-11-07, 22:41:05, 136.5, 58.25, 22.93, 22.02, 9999.0, 9.59, 10.0, 21.7, 9999.0, 23.91, 9999.0, 117.64, 127.89, 120.25, 91.25, 138.5
2024-11-07, 22:41:09, 136.5, 58.25, 22.93, 22.02, 9999.0, 9.61, 10.0, 21.73, 9999.0, 23.89, 9999.0, 117.64, 127.89, 120.25, 91.25, 138.5
2024-11-07, 22:41:13, 136.5, 58.25, 22.93, 22.02, 9999.0, 9.64, 10.0, 21.73, 9999.0, 23.86, 9999.0, 117.64, 127.86, 120.25, 91.25, 138.5
2024-11-07, 22:41:17, 136.5, 58.25, 22.93, 22.02, 9999.0, 9.66, 10.0, 21.73, 9999.0, 23.84, 9999.0, 117.64, 127.89, 120.25, 91.25, 138.5
2024-11-07, 22:41:21, 136.5, 58.25, 22.93, 22.02, 9999.0, 9.68, 10.0, 21.73, 9999.0, 23.82, 9999.0, 117.66, 127.89, 120.25, 91.25, 138.5
2024-11-07, 22:41:26, 136.5, 58.25, 22.93, 22.02, 9999.0, 9.7, 10.0, 21.7, 9999.0, 23.8, 9999.0, 117.66, 127.89, 120.25, 91.25, 138.5
2024-11-07, 22:41:30, 136.5, 58.25, 22.93, 22.02, 9999.0, 9.73, 10.0, 21.7, 9999.0, 23.77, 9999.0, 117.68, 127.91, 120.25, 91.25, 138.5
2024-11-07, 22:41:34, 136.5, 58.25, 22.93, 22.02, 9999.0, 9.75, 10.0, 21.7, 9999.0, 23.75, 9999.0, 117.68, 127.89, 120.25, 91.25, 138.5
2024-11-07, 22:41:38, 136.5, 58.25, 22.93, 22.0, 9999.0, 9.75, 10.0, 21.7, 9999.0, 23.77, 9999.0, 117.7, 127.91, 120.25, 91.25, 138.5
2024-11-07, 22:41:42, 136.5, 58.25, 22.93, 22.0, 9999.0, 9.73, 10.0, 21.68, 9999.0, 23.8, 9999.0, 117.73, 127.93, 120.25, 91.25, 138.5
2024-11-07, 22:41:46, 136.5, 58.25, 22.95, 22.0, 9999.0, 9.7, 10.0, 21.68, 9999.0, 23.82, 9999.0, 117.75, 127.93, 120.25, 91.25, 138.5
2024-11-07, 22:41:50, 136.5, 58.25, 22.98, 22.0, 9999.0, 9.68, 10.0, 21.66, 9999.0, 23.84, 9999.0, 117.77, 127.95, 120.25, 91.25, 138.5
2024-11-07, 22:41:54, 136.5, 58.25, 22.98, 22.0, 9999.0, 9.66, 10.0, 21.66, 9999.0, 23.86, 9999.0, 117.77, 127.95, 120.25, 91.25, 138.5
2024-11-07, 22:41:58, 136.5, 58.25, 22.95, 22.0, 9999.0, 9.64, 10.0, 21.64, 9999.0, 23.86, 9999.0, 117.77, 127.98, 120.25, 91.25, 138.5
2024-11-07, 22:42:02, 136.5, 58.25, 22.98, 22.0, 9999.0, 9.61, 10.0, 21.61, 9999.0, 23.86, 9999.0, 117.77, 127.98, 120.25, 91.25, 138.5
2024-11-07, 22:42:06, 136.5, 58.25, 22.98, 22.0, 9999.0, 9.59, 10.0, 21.59, 9999.0, 23.86, 9999.0, 117.73, 127.98, 120.25, 91.25, 138.5
2024-11-07, 22:42:10, 136.5, 58.25, 22.98, 22.0, 9999.0, 9.59, 10.0, 21.59, 9999.0, 23.86, 9999.0, 117.7, 127.98, 120.25, 91.25, 138.5
2024-11-07, 22:42:14, 136.5, 58.25, 22.98, 22.0, 9999.0, 9.59, 10.0, 21.57, 9999.0, 23.86, 9999.0, 117.68, 127.95, 120.25, 91.25, 138.5
2024-11-07, 22:42:18, 136.5, 58.25, 22.98, 22.0, 9999.0, 9.59, 10.0, 21.59, 9999.0, 23.86, 9999.0, 117.66, 127.95, 120.25, 91.25, 138.5
2024-11-07, 22:42:22, 136.5, 58.25, 22.98, 22.0, 9999.0, 9.59, 10.0, 21.59, 9999.0, 23.84, 9999.0, 117.64, 127.95, 120.25, 91.25, 138.5
2024-11-07, 22:42:26, 136.5, 58.25, 22.95, 22.0, 9999.0, 9.61, 10.0, 21.61, 9999.0, 23.82, 9999.0, 117.64, 127.93, 120.25, 91.25, 138.5
2024-11-07, 22:42:30, 136.5, 58.25, 22.95, 22.0, 9999.0, 9.64, 10.0, 21.59, 9999.0, 23.8, 9999.0, 117.64, 127.93, 120.25, 91.25, 138.5
2024-11-07, 22:42:34, 136.5, 58.25, 22.95, 22.0, 9999.0, 9.66, 10.0, 21.61, 9999.0, 23.77, 9999.0, 117.64, 127.93, 120.25, 91.25, 138.5
2024-11-07, 22:42:38, 136.5, 58.25, 22.95, 22.0, 9999.0, 9.68, 10.0, 21.59, 9999.0, 23.75, 9999.0, 117.66, 127.93, 120.25, 91.25, 138.5
2024-11-07, 22:42:42, 136.5, 58.25, 22.98, 22.0, 9999.0, 9.7, 10.0, 21.59, 9999.0, 23.75, 9999.0, 117.68, 127.93, 120.25, 91.25, 138.5
2024-11-07, 22:42:46, 136.5, 58.25, 22.98, 22.0, 9999.0, 9.73, 10.0, 21.59, 9999.0, 23.75, 9999.0, 117.7, 127.93, 120.25, 91.25, 138.5
2024-11-07, 22:42:50, 136.5, 58.25, 22.98, 22.0, 9999.0, 9.75, 10.0, 21.61, 9999.0, 23.75, 9999.0, 117.73, 127.91, 120.25, 91.25, 138.5
2024-11-07, 22:42:54, 136.5, 58.25, 22.98, 22.0, 9999.0, 9.73, 10.0, 21.61, 9999.0, 23.75, 9999.0, 117.75, 127.91, 120.25, 91.25, 138.5
2024-11-07, 22:42:58, 136.5, 58.25, 22.98, 22.0, 9999.0, 9.7, 10.0, 21.64, 9999.0, 23.77, 9999.0, 117.77, 127.91, 120.25, 91.25, 138.5
2024-11-07, 22:43:02, 136.5, 58.25, 22.98, 22.0, 9999.0, 9.68, 10.0, 21.64, 9999.0, 23.8, 9999.0, 117.8, 127.93, 120.25, 91.25, 138.5
2024-11-07, 22:43:06, 136.5, 58.25, 22.98, 22.0, 9999.0, 9.66, 10.0, 21.61, 9999.0, 23.82, 9999.0, 117.82, 127.91, 120.25, 91.25, 138.5
2024-11-07, 22:43:10, 136.5, 58.25, 23.0, 22.0, 9999.0, 9.66, 10.0, 21.61, 9999.0, 23.84, 9999.0, 117.82, 127.93, 120.25, 91.25, 138.5
2024-11-07, 22:43:14, 136.5, 58.25, 22.98, 22.0, 9999.0, 9.64, 10.0, 21.64, 9999.0, 23.84, 9999.0, 117.8, 127.93, 120.25, 91.25, 138.5
2024-11-07, 22:43:18, 136.5, 58.25, 22.98, 22.0, 9999.0, 9.61, 10.0, 21.61, 9999.0, 23.84, 9999.0, 117.77, 127.93, 120.25, 91.25, 138.5
2024-11-07, 22:43:22, 136.5, 58.25, 22.95, 22.0, 9999.0, 9.59, 10.0, 21.61, 9999.0, 23.84, 9999.0, 117.73, 127.91, 120.25, 91.25, 138.5
2024-11-07, 22:43:26, 136.5, 58.25, 22.95, 22.0, 9999.0, 9.57, 10.0, 21.64, 9999.0, 23.84, 9999.0, 117.7, 127.91, 120.25, 91.25, 138.5
2024-11-07, 22:43:30, 136.5, 58.25, 22.95, 22.02, 9999.0, 9.57, 10.0, 21.64, 9999.0, 23.84, 9999.0, 117.66, 127.91, 120.25, 91.25, 138.5
2024-11-07, 22:43:34, 136.5, 58.25, 22.93, 22.02, 9999.0, 9.57, 10.0, 21.61, 9999.0, 23.84, 9999.0, 117.66, 127.93, 120.25, 91.25, 138.5
2024-11-07, 22:43:38, 136.5, 58.25, 22.91, 22.02, 9999.0, 9.59, 10.0, 21.64, 9999.0, 23.84, 9999.0, 117.64, 127.91, 120.25, 91.25, 138.5
2024-11-07, 22:43:42, 136.5, 58.25, 22.91, 22.02, 9999.0, 9.64, 10.0, 21.64, 9999.0, 23.82, 9999.0, 117.61, 127.91, 120.25, 91.25, 138.5
2024-11-07, 22:43:46, 136.5, 58.25, 22.91, 22.02, 9999.0, 9.68, 10.0, 21.64, 9999.0, 23.8, 9999.0, 117.61, 127.89, 120.25, 91.25, 138.5
2024-11-07, 22:43:50, 136.5, 58.25, 22.91, 22.02, 9999.0, 9.7, 10.0, 21.64, 9999.0, 23.77, 9999.0, 117.61, 127.89, 120.25, 91.25, 138.5
2024-11-07, 22:43:54, 136.5, 58.25, 22.91, 22.02, 9999.0, 9.7, 10.0, 21.64, 9999.0, 23.75, 9999.0, 117.61, 127.89, 120.25, 91.25, 138.5
2024-11-07, 22:43:58, 136.5, 58.25, 22.91, 22.02, 9999.0, 9.73, 10.0, 21.64, 9999.0, 23.75, 9999.0, 117.66, 127.86, 120.25, 91.25, 138.5
2024-11-07, 22:44:02, 136.5, 58.25, 22.91, 22.02, 9999.0, 9.75, 10.0, 21.66, 9999.0, 23.75, 9999.0, 117.7, 127.86, 120.25, 91.25, 138.5
2024-11-07, 22:44:06, 136.5, 58.25, 22.93, 22.02, 9999.0, 9.77, 10.0, 21.68, 9999.0, 23.75, 9999.0, 117.75, 127.89, 120.25, 91.25, 138.5
2024-11-07, 22:44:10, 136.52, 58.25, 22.93, 22.02, 9999.0, 9.8, 10.0, 21.68, 9999.0, 23.75, 9999.0, 117.75, 127.89, 120.25, 91.25, 138.5
2024-11-07, 22:44:14, 136.52, 58.25, 22.93, 22.0, 9999.0, 9.77, 10.0, 21.7, 9999.0, 23.75, 9999.0, 117.77, 127.89, 120.25, 91.25, 138.52
2024-11-07, 22:44:18, 136.52, 58.25, 22.95, 22.0, 9999.0, 9.77, 10.0, 21.7, 9999.0, 23.77, 9999.0, 117.77, 127.89, 120.25, 91.25, 138.52
2024-11-07, 22:44:22, 136.52, 58.25, 22.98, 22.0, 9999.0, 9.75, 10.0, 21.7, 9999.0, 23.8, 9999.0, 117.8, 127.91, 120.25, 91.25, 138.52
2024-11-07, 22:44:26, 136.52, 58.25, 22.98, 22.0, 9999.0, 9.7, 10.0, 21.68, 9999.0, 23.82, 9999.0, 117.82, 127.93, 120.25, 91.25, 138.52
2024-11-07, 22:44:30, 136.52, 58.25, 22.98, 22.0, 9999.0, 9.66, 10.0, 21.68, 9999.0, 23.84, 9999.0, 117.82, 127.95, 120.25, 91.25, 138.52
2024-11-07, 22:44:34, 136.52, 58.25, 22.98, 22.0, 9999.0, 9.64, 10.0, 21.68, 9999.0, 23.84, 9999.0, 117.82, 127.98, 120.25, 91.25, 138.52
2024-11-07, 22:44:38, 136.52, 58.25, 22.98, 22.0, 9999.0, 9.61, 10.0, 21.66, 9999.0, 23.84, 9999.0, 117.82, 127.98, 120.25, 91.25, 138.52
2024-11-07, 22:44:42, 136.52, 58.25, 22.98, 22.02, 9999.0, 9.59, 10.0, 21.66, 9999.0, 23.84, 9999.0, 117.8, 128.0, 120.25, 91.25, 138.55
2024-11-07, 22:44:46, 136.52, 58.25, 22.98, 22.02, 9999.0, 9.59, 10.0, 21.64, 9999.0, 23.84, 9999.0, 117.75, 128.0, 120.25, 91.25, 138.55
2024-11-07, 22:44:50, 136.52, 58.25, 22.98, 22.02, 9999.0, 9.59, 10.0, 21.64, 9999.0, 23.84, 9999.0, 117.73, 128.0, 120.25, 91.25, 138.55
2024-11-07, 22:44:54, 136.5, 58.25, 22.98, 22.02, 9999.0, 9.59, 10.0, 21.64, 9999.0, 23.84, 9999.0, 117.7, 128.0, 120.25, 91.25, 138.55
2024-11-07, 22:44:59, 136.5, 58.25, 22.98, 22.02, 9999.0, 9.64, 10.0, 21.64, 9999.0, 23.84, 9999.0, 117.68, 128.0, 120.25, 91.25, 138.52
2024-11-07, 22:45:03, 136.5, 58.25, 22.98, 22.02, 9999.0, 9.64, 10.0, 21.66, 9999.0, 23.82, 9999.0, 117.66, 128.0, 120.25, 91.25, 138.52
2024-11-07, 22:45:07, 136.5, 58.25, 22.98, 22.02, 9999.0, 9.66, 10.0, 21.66, 9999.0, 23.8, 9999.0, 117.66, 128.0, 120.25, 91.25, 138.52
2024-11-07, 22:45:11, 136.5, 58.25, 22.98, 22.02, 9999.0, 9.68, 10.0, 21.68, 9999.0, 23.75, 9999.0, 117.66, 127.98, 120.25, 91.25, 138.52
2024-11-07, 22:45:15, 136.5, 58.25, 22.98, 22.02, 9999.0, 9.7, 10.0, 21.68, 9999.0, 23.7, 9999.0, 117.68, 127.98, 120.25, 91.25, 138.52
2024-11-07, 22:45:19, 136.5, 58.25, 22.98, 22.02, 9999.0, 9.73, 10.0, 21.7, 9999.0, 23.7, 9999.0, 117.7, 127.98, 120.25, 91.25, 138.52
2024-11-07, 22:45:23, 136.5, 58.25, 22.98, 22.05, 9999.0, 9.75, 10.0, 21.73, 9999.0, 23.68, 9999.0, 117.7, 127.98, 120.25, 91.25, 138.52
2024-11-07, 22:45:27, 136.5, 58.25, 23.0, 22.02, 9999.0, 9.77, 10.0, 21.73, 9999.0, 23.68, 9999.0, 117.73, 127.98, 120.25, 91.25, 138.5
2024-11-07, 22:45:31, 136.5, 58.25, 23.0, 22.05, 9999.0, 9.77, 10.0, 21.75, 9999.0, 23.68, 9999.0, 117.75, 127.98, 120.25, 91.25, 138.5
2024-11-07, 22:45:35, 136.5, 58.25, 23.0, 22.05, 9999.0, 9.77, 10.0, 21.75, 9999.0, 23.68, 9999.0, 117.75, 127.98, 120.25, 91.25, 138.5
2024-11-07, 22:45:39, 136.5, 58.25, 23.0, 22.07, 9999.0, 9.77, 10.0, 21.75, 9999.0, 23.7, 9999.0, 117.77, 127.98, 120.25, 91.25, 138.5
2024-11-07, 22:45:43, 136.5, 58.25, 23.0, 22.07, 9999.0, 9.73, 10.0, 21.75, 9999.0, 23.73, 9999.0, 117.8, 127.98, 120.25, 91.25, 138.5
2024-11-07, 22:45:47, 136.5, 58.25, 23.0, 22.07, 9999.0, 9.7, 10.0, 21.75, 9999.0, 23.75, 9999.0, 117.82, 127.98, 120.25, 91.25, 138.52
2024-11-07, 22:45:51, 136.52, 58.25, 23.0, 22.09, 9999.0, 9.68, 10.0, 21.75, 9999.0, 23.75, 9999.0, 117.82, 127.98, 120.25, 91.25, 138.52
2024-11-07, 22:45:55, 136.52, 58.25, 23.0, 22.11, 9999.0, 9.66, 10.0, 21.75, 9999.0, 23.77, 9999.0, 117.82, 128.0, 120.25, 91.25, 138.52
2024-11-07, 22:45:59, 136.52, 58.25, 23.0, 22.11, 9999.0, 9.64, 10.0, 21.73, 9999.0, 23.8, 9999.0, 117.8, 128.0, 120.25, 91.25, 138.52
2024-11-07, 22:46:03, 136.52, 58.25, 23.0, 22.14, 9999.0, 9.61, 10.0, 21.73, 9999.0, 23.8, 9999.0, 117.77, 128.0, 120.25, 91.25, 138.52
2024-11-07, 22:46:07, 136.52, 58.25, 23.0, 22.11, 9999.0, 9.61, 10.0, 21.73, 9999.0, 23.84, 9999.0, 117.77, 128.0, 120.25, 91.25, 138.52
2024-11-07, 22:46:11, 136.52, 58.25, 23.0, 22.14, 9999.0, 9.61, 10.0, 21.73, 9999.0, 23.84, 9999.0, 117.73, 128.0, 120.25, 91.25, 138.52
2024-11-07, 22:46:15, 136.55, 58.25, 23.0, 22.14, 9999.0, 9.61, 10.0, 21.73, 9999.0, 23.84, 9999.0, 117.7, 128.0, 120.25, 91.25, 138.52
2024-11-07, 22:46:19, 136.55, 58.25, 23.0, 22.16, 9999.0, 9.61, 10.0, 21.73, 9999.0, 23.84, 9999.0, 117.68, 128.0, 120.25, 91.25, 138.52
2024-11-07, 22:46:23, 136.55, 58.25, 23.0, 22.14, 9999.0, 9.64, 10.0, 21.73, 9999.0, 23.82, 9999.0, 117.68, 128.0, 120.25, 91.25, 138.52
2024-11-07, 22:46:27, 136.55, 58.25, 23.0, 22.14, 9999.0, 9.66, 10.0, 21.73, 9999.0, 23.8, 9999.0, 117.68, 128.0, 120.25, 91.25, 138.52
2024-11-07, 22:46:31, 136.55, 58.25, 23.0, 22.14, 9999.0, 9.68, 10.0, 21.73, 9999.0, 23.77, 9999.0, 117.68, 128.0, 120.25, 91.25, 138.5
2024-11-07, 22:46:35, 136.52, 58.25, 23.0, 22.11, 9999.0, 9.7, 10.0, 21.73, 9999.0, 23.77, 9999.0, 117.7, 128.0, 120.25, 91.25, 138.5
2024-11-07, 22:46:39, 136.52, 58.25, 23.0, 22.11, 9999.0, 9.73, 10.0, 21.73, 9999.0, 23.77, 9999.0, 117.73, 128.0, 120.25, 91.25, 138.52
2024-11-07, 22:46:43, 136.52, 58.25, 23.0, 22.11, 9999.0, 9.75, 10.0, 21.75, 9999.0, 23.77, 9999.0, 117.73, 128.0, 120.25, 91.25, 138.52
2024-11-07, 22:46:47, 136.52, 58.25, 23.0, 22.09, 9999.0, 9.77, 10.0, 21.73, 9999.0, 23.8, 9999.0, 117.73, 128.0, 120.25, 91.25, 138.52
2024-11-07, 22:46:51, 136.52, 58.25, 23.0, 22.09, 9999.0, 9.77, 10.0, 21.73, 9999.0, 23.8, 9999.0, 117.73, 128.0, 120.25, 91.25, 138.55
2024-11-07, 22:46:55, 136.52, 58.25, 23.0, 22.09, 9999.0, 9.77, 10.0, 21.73, 9999.0, 23.82, 9999.0, 117.75, 128.0, 120.25, 91.25, 138.55
2024-11-07, 22:46:59, 136.5, 58.25, 23.0, 22.07, 9999.0, 9.75, 10.0, 21.73, 9999.0, 23.84, 9999.0, 117.77, 128.0, 120.25, 91.25, 138.55
2024-11-07, 22:47:03, 136.52, 58.25, 23.0, 22.05, 9999.0, 9.75, 10.0, 21.73, 9999.0, 23.86, 9999.0, 117.8, 128.0, 120.25, 91.25, 138.55
2024-11-07, 22:47:07, 136.52, 58.25, 23.0, 22.07, 9999.0, 9.7, 10.0, 21.73, 9999.0, 23.89, 9999.0, 117.8, 128.0, 120.25, 91.25, 138.57
2024-11-07, 22:47:11, 136.52, 58.25, 23.0, 22.07, 9999.0, 9.68, 10.0, 21.73, 9999.0, 23.91, 9999.0, 117.8, 128.0, 120.25, 91.25, 138.57
2024-11-07, 22:47:15, 136.52, 58.25, 23.0, 22.09, 9999.0, 9.66, 10.0, 21.73, 9999.0, 23.93, 9999.0, 117.8, 128.0, 120.25, 91.25, 138.57
2024-11-07, 22:47:19, 136.52, 58.25, 23.0, 22.11, 9999.0, 9.64, 10.0, 21.73, 9999.0, 23.95, 9999.0, 117.77, 128.0, 120.25, 91.25, 138.57
2024-11-07, 22:47:23, 136.52, 58.25, 23.0, 22.11, 9999.0, 9.61, 10.0, 21.73, 9999.0, 23.98, 9999.0, 117.73, 128.0, 120.25, 91.25, 138.57
2024-11-07, 22:47:27, 136.52, 58.25, 23.0, 22.11, 9999.0, 9.61, 10.0, 21.73, 9999.0, 24.0, 9999.0, 117.7, 128.0, 120.25, 91.25, 138.59
2024-11-07, 22:47:31, 136.52, 58.25, 23.0, 22.14, 9999.0, 9.59, 10.0, 21.75, 9999.0, 23.98, 9999.0, 117.68, 128.0, 120.25, 91.25, 138.59
2024-11-07, 22:47:35, 136.55, 58.25, 23.0, 22.16, 9999.0, 9.61, 10.0, 21.75, 9999.0, 23.95, 9999.0, 117.66, 127.98, 120.25, 91.25, 138.57
2024-11-07, 22:47:39, 136.55, 58.25, 22.98, 22.14, 9999.0, 9.64, 10.0, 21.75, 9999.0, 23.93, 9999.0, 117.64, 127.98, 120.25, 91.25, 138.59
2024-11-07, 22:47:43, 136.55, 58.25, 22.98, 22.16, 9999.0, 9.66, 10.0, 21.75, 9999.0, 23.93, 9999.0, 117.64, 127.98, 120.25, 91.25, 138.59
2024-11-07, 22:47:47, 136.52, 58.25, 22.95, 22.18, 9999.0, 9.66, 10.0, 21.75, 9999.0, 23.91, 9999.0, 117.64, 127.98, 120.25, 91.25, 138.59
2024-11-07, 22:47:51, 136.52, 58.25, 22.95, 22.18, 9999.0, 9.68, 10.0, 21.75, 9999.0, 23.89, 9999.0, 117.66, 127.98, 120.25, 91.25, 138.59
2024-11-07, 22:47:55, 136.55, 58.25, 22.95, 22.18, 9999.0, 9.7, 10.0, 21.75, 9999.0, 23.86, 9999.0, 117.68, 127.98, 120.25, 91.25, 138.61
2024-11-07, 22:47:59, 136.55, 58.25, 22.95, 22.18, 9999.0, 9.73, 10.0, 21.75, 9999.0, 23.84, 9999.0, 117.68, 127.98, 120.25, 91.25, 138.61
2024-11-07, 22:48:03, 136.55, 58.25, 22.95, 22.18, 9999.0, 9.75, 10.0, 21.75, 9999.0, 23.84, 9999.0, 117.7, 127.98, 120.25, 91.25, 138.61
2024-11-07, 22:48:07, 136.55, 58.25, 22.95, 22.16, 9999.0, 9.77, 10.0, 21.75, 9999.0, 23.84, 9999.0, 117.73, 127.98, 120.25, 91.25, 138.59
2024-11-07, 22:48:11, 136.55, 58.25, 22.95, 22.18, 9999.0, 9.77, 10.0, 21.75, 9999.0, 23.84, 9999.0, 117.75, 127.98, 120.25, 91.25, 138.59
2024-11-07, 22:48:15, 136.55, 58.25, 22.95, 22.18, 9999.0, 9.8, 10.0, 21.73, 9999.0, 23.89, 9999.0, 117.77, 127.98, 120.25, 91.25, 138.59
2024-11-07, 22:48:19, 136.52, 58.25, 22.93, 22.18, 9999.0, 9.77, 10.0, 21.73, 9999.0, 23.91, 9999.0, 117.8, 128.0, 120.25, 91.25, 138.59
2024-11-07, 22:48:24, 136.55, 58.25, 22.95, 22.2, 9999.0, 9.73, 10.0, 21.73, 9999.0, 23.93, 9999.0, 117.82, 128.0, 120.25, 91.25, 138.59
2024-11-07, 22:48:28, 136.55, 58.25, 22.95, 22.18, 9999.0, 9.7, 10.0, 21.7, 9999.0, 23.93, 9999.0, 117.82, 128.0, 120.25, 91.25, 138.61
2024-11-07, 22:48:32, 136.55, 58.25, 22.98, 22.16, 9999.0, 9.68, 10.0, 21.7, 9999.0, 23.95, 9999.0, 117.82, 128.0, 120.25, 91.25, 138.61
2024-11-07, 22:48:36, 136.55, 58.27, 22.98, 22.14, 9999.0, 9.66, 10.0, 21.68, 9999.0, 23.98, 9999.0, 117.77, 128.0, 120.25, 91.25, 138.59
2024-11-07, 22:48:40, 136.55, 58.27, 22.98, 22.16, 9999.0, 9.64, 10.0, 21.68, 9999.0, 24.0, 9999.0, 117.73, 128.0, 120.25, 91.25, 138.57
2024-11-07, 22:48:44, 136.55, 58.27, 22.95, 22.16, 9999.0, 9.64, 10.0, 21.68, 9999.0, 24.02, 9999.0, 117.7, 127.98, 120.25, 91.25, 138.57
2024-11-07, 22:48:48, 136.55, 58.27, 22.93, 22.16, 9999.0, 9.64, 10.0, 21.68, 9999.0, 24.02, 9999.0, 117.66, 127.98, 120.25, 91.25, 138.57
2024-11-07, 22:48:52, 136.55, 58.27, 22.93, 22.18, 9999.0, 9.64, 10.0, 21.68, 9999.0, 24.02, 9999.0, 117.64, 127.98, 120.25, 91.25, 138.57
2024-11-07, 22:48:56, 136.55, 58.27, 22.93, 22.18, 9999.0, 9.66, 10.0, 21.68, 9999.0, 24.02, 9999.0, 117.61, 127.98, 120.25, 91.23, 138.55
2024-11-07, 22:49:00, 136.55, 58.27, 22.93, 22.18, 9999.0, 9.66, 10.0, 21.7, 9999.0, 24.0, 9999.0, 117.61, 127.98, 120.25, 91.23, 138.55
2024-11-07, 22:49:04, 136.55, 58.27, 22.95, 22.18, 9999.0, 9.66, 10.0, 21.7, 9999.0, 24.0, 9999.0, 117.61, 127.95, 120.25, 91.23, 138.55
2024-11-07, 22:49:08, 136.52, 58.27, 22.95, 22.16, 9999.0, 9.68, 10.0, 21.7, 9999.0, 24.0, 9999.0, 117.61, 127.95, 120.25, 91.23, 138.52
2024-11-07, 22:49:12, 136.52, 58.3, 22.95, 22.16, 9999.0, 9.7, 10.0, 21.73, 9999.0, 24.0, 9999.0, 117.64, 127.95, 120.25, 91.23, 138.5
2024-11-07, 22:49:16, 136.52, 58.32, 22.95, 22.16, 9999.0, 9.73, 10.0, 21.73, 9999.0, 24.0, 9999.0, 117.66, 127.95, 120.25, 91.23, 138.5
2024-11-07, 22:49:20, 136.52, 58.3, 22.95, 22.18, 9999.0, 9.75, 10.0, 21.75, 9999.0, 24.02, 9999.0, 117.7, 127.95, 120.25, 91.23, 138.52
2024-11-07, 22:49:24, 136.52, 58.32, 22.95, 22.16, 9999.0, 9.77, 10.0, 21.73, 9999.0, 24.02, 9999.0, 117.75, 127.95, 120.25, 91.23, 138.52
2024-11-07, 22:49:28, 136.52, 58.34, 22.98, 22.14, 9999.0, 9.77, 10.0, 21.73, 9999.0, 24.02, 9999.0, 117.77, 127.98, 120.25, 91.23, 138.52
2024-11-07, 22:49:32, 136.52, 58.36, 23.0, 22.11, 9999.0, 9.77, 10.0, 21.7, 9999.0, 24.05, 9999.0, 117.8, 127.98, 120.25, 91.23, 138.52
2024-11-07, 22:49:36, 136.52, 58.36, 23.0, 22.09, 9999.0, 9.77, 10.0, 21.7, 9999.0, 24.07, 9999.0, 117.82, 127.98, 120.25, 91.23, 138.52
2024-11-07, 22:49:40, 136.52, 58.39, 23.0, 22.07, 9999.0, 9.73, 10.0, 21.68, 9999.0, 24.09, 9999.0, 117.84, 127.98, 120.25, 91.25, 138.52
2024-11-07, 22:49:44, 136.52, 58.39, 23.0, 22.05, 9999.0, 9.73, 10.0, 21.68, 9999.0, 24.11, 9999.0, 117.84, 127.98, 120.25, 91.25, 138.52
2024-11-07, 22:49:48, 136.52, 58.39, 23.0, 22.02, 9999.0, 9.7, 10.0, 21.66, 9999.0, 24.11, 9999.0, 117.84, 128.0, 120.25, 91.25, 138.52
2024-11-07, 22:49:52, 136.52, 58.39, 23.0, 22.02, 9999.0, 9.68, 10.0, 21.66, 9999.0, 24.11, 9999.0, 117.84, 128.0, 120.25, 91.25, 138.52
2024-11-07, 22:49:56, 136.52, 58.36, 23.0, 22.02, 9999.0, 9.66, 10.0, 21.66, 9999.0, 24.09, 9999.0, 117.82, 128.0, 120.25, 91.25, 138.52
2024-11-07, 22:50:00, 136.52, 58.34, 23.0, 22.02, 9999.0, 9.66, 10.0, 21.66, 9999.0, 24.09, 9999.0, 117.8, 128.0, 120.25, 91.25, 138.55
2024-11-07, 22:50:04, 136.52, 58.34, 23.0, 22.0, 9999.0, 9.66, 10.0, 21.66, 9999.0, 24.07, 9999.0, 117.75, 128.0, 120.25, 91.25, 138.52
2024-11-07, 22:50:08, 136.52, 58.32, 23.0, 22.0, 9999.0, 9.66, 10.0, 21.68, 9999.0, 24.07, 9999.0, 117.7, 128.0, 120.25, 91.25, 138.52
2024-11-07, 22:50:12, 136.52, 58.3, 22.98, 22.0, 9999.0, 9.68, 10.0, 21.68, 9999.0, 24.07, 9999.0, 117.68, 128.0, 120.25, 91.25, 138.52
2024-11-07, 22:50:16, 136.52, 58.27, 22.98, 22.0, 9999.0, 9.68, 10.0, 21.7, 9999.0, 24.02, 9999.0, 117.68, 128.0, 120.25, 91.25, 138.52
2024-11-07, 22:50:20, 136.52, 58.27, 22.98, 22.0, 9999.0, 9.7, 10.0, 21.68, 9999.0, 23.98, 9999.0, 117.68, 127.98, 120.25, 91.25, 138.52
2024-11-07, 22:50:24, 136.52, 58.25, 22.98, 22.0, 9999.0, 9.73, 10.0, 21.7, 9999.0, 23.95, 9999.0, 117.68, 127.98, 120.25, 91.25, 138.55
2024-11-07, 22:50:28, 136.52, 58.27, 22.98, 22.02, 9999.0, 9.73, 10.0, 21.7, 9999.0, 23.91, 9999.0, 117.7, 127.98, 120.25, 91.25, 138.55
2024-11-07, 22:50:32, 136.52, 58.3, 22.98, 22.02, 9999.0, 9.75, 10.0, 21.7, 9999.0, 23.89, 9999.0, 117.73, 127.98, 120.25, 91.25, 138.55
2024-11-07, 22:50:36, 136.52, 58.3, 22.98, 22.05, 9999.0, 9.77, 10.0, 21.7, 9999.0, 23.86, 9999.0, 117.73, 127.98, 120.25, 91.25, 138.55
2024-11-07, 22:50:40, 136.52, 58.3, 22.95, 22.05, 9999.0, 9.8, 10.0, 21.7, 9999.0, 23.89, 9999.0, 117.73, 127.98, 120.25, 91.25, 138.55
2024-11-07, 22:50:44, 136.52, 58.3, 22.95, 22.05, 9999.0, 9.8, 10.0, 21.7, 9999.0, 23.86, 9999.0, 117.73, 127.98, 120.25, 91.25, 138.52
2024-11-07, 22:50:48, 136.52, 58.32, 22.95, 22.05, 9999.0, 9.77, 10.0, 21.7, 9999.0, 23.89, 9999.0, 117.75, 127.98, 120.25, 91.25, 138.52
2024-11-07, 22:50:52, 136.5, 58.32, 22.95, 22.05, 9999.0, 9.75, 10.0, 21.68, 9999.0, 23.91, 9999.0, 117.77, 127.98, 120.25, 91.25, 138.52
2024-11-07, 22:50:56, 136.5, 58.32, 22.95, 22.05, 9999.0, 9.7, 10.0, 21.68, 9999.0, 23.91, 9999.0, 117.8, 127.98, 120.25, 91.25, 138.52
2024-11-07, 22:51:00, 136.5, 58.34, 22.93, 22.07, 9999.0, 9.68, 10.0, 21.68, 9999.0, 23.93, 9999.0, 117.8, 127.98, 120.25, 91.25, 138.52
2024-11-07, 22:51:04, 136.5, 58.34, 22.93, 22.07, 9999.0, 9.64, 10.0, 21.7, 9999.0, 23.95, 9999.0, 117.8, 128.0, 120.25, 91.25, 138.52
2024-11-07, 22:51:08, 136.5, 58.36, 22.93, 22.07, 9999.0, 9.61, 10.0, 21.7, 9999.0, 23.95, 9999.0, 117.8, 127.98, 120.25, 91.25, 138.5
2024-11-07, 22:51:12, 136.5, 58.36, 22.91, 22.05, 9999.0, 9.59, 10.0, 21.7, 9999.0, 23.98, 9999.0, 117.77, 127.98, 120.25, 91.25, 138.5
2024-11-07, 22:51:16, 136.5, 58.34, 22.91, 22.05, 9999.0, 9.57, 10.0, 21.73, 9999.0, 24.0, 9999.0, 117.73, 127.98, 120.25, 91.25, 138.5
2024-11-07, 22:51:20, 136.5, 58.36, 22.89, 22.02, 9999.0, 9.57, 10.0, 21.7, 9999.0, 24.02, 9999.0, 117.7, 127.98, 120.25, 91.25, 138.5
2024-11-07, 22:51:24, 136.5, 58.39, 22.91, 22.02, 9999.0, 9.57, 10.0, 21.7, 9999.0, 24.02, 9999.0, 117.68, 127.98, 120.25, 91.25, 138.5
2024-11-07, 22:51:28, 136.5, 58.41, 22.91, 22.02, 9999.0, 9.57, 10.0, 21.7, 9999.0, 24.05, 9999.0, 117.66, 127.98, 120.25, 91.25, 138.5
2024-11-07, 22:51:32, 136.5, 58.39, 22.89, 22.02, 9999.0, 9.61, 10.0, 21.7, 9999.0, 24.02, 9999.0, 117.64, 127.98, 120.25, 91.25, 138.5
2024-11-07, 22:51:36, 136.5, 58.39, 22.89, 22.02, 9999.0, 9.64, 10.0, 21.73, 9999.0, 24.0, 9999.0, 117.64, 127.98, 120.25, 91.25, 138.5
2024-11-07, 22:51:40, 136.5, 58.39, 22.89, 22.02, 9999.0, 9.68, 10.0, 21.7, 9999.0, 24.0, 9999.0, 117.64, 127.98, 120.25, 91.25, 138.5
2024-11-07, 22:51:44, 136.5, 58.36, 22.91, 22.0, 9999.0, 9.7, 10.0, 21.7, 9999.0, 24.0, 9999.0, 117.64, 127.95, 120.25, 91.25, 138.5
2024-11-07, 22:51:48, 136.5, 58.36, 22.91, 22.0, 9999.0, 9.73, 10.0, 21.7, 9999.0, 24.0, 9999.0, 117.64, 127.95, 120.25, 91.25, 138.5
2024-11-07, 22:51:52, 136.5, 58.34, 22.89, 22.0, 9999.0, 9.75, 10.0, 21.7, 9999.0, 24.0, 9999.0, 117.66, 127.98, 120.25, 91.25, 138.5
2024-11-07, 22:51:57, 136.5, 58.32, 22.91, 22.0, 9999.0, 9.75, 10.0, 21.68, 9999.0, 24.0, 9999.0, 117.68, 127.98, 120.25, 91.25, 138.5
2024-11-07, 22:52:01, 136.5, 58.32, 22.89, 22.0, 9999.0, 9.75, 10.0, 21.66, 9999.0, 24.0, 9999.0, 117.7, 127.98, 120.25, 91.25, 138.5
2024-11-07, 22:52:05, 136.5, 58.32, 22.91, 22.0, 9999.0, 9.73, 10.0, 21.66, 9999.0, 24.0, 9999.0, 117.73, 127.98, 120.25, 91.25, 138.5
2024-11-07, 22:52:09, 136.5, 58.32, 22.91, 22.0, 9999.0, 9.7, 10.0, 21.64, 9999.0, 24.02, 9999.0, 117.75, 127.98, 120.25, 91.25, 138.5
2024-11-07, 22:52:13, 136.5, 58.32, 22.89, 22.0, 9999.0, 9.7, 10.0, 21.64, 9999.0, 24.05, 9999.0, 117.77, 127.98, 120.25, 91.25, 138.5
2024-11-07, 22:52:17, 136.5, 58.32, 22.91, 22.0, 9999.0, 9.66, 10.0, 21.64, 9999.0, 24.05, 9999.0, 117.8, 127.98, 120.25, 91.25, 138.5
2024-11-07, 22:52:21, 136.5, 58.34, 22.91, 22.0, 9999.0, 9.64, 10.0, 21.64, 9999.0, 24.07, 9999.0, 117.8, 127.98, 120.25, 91.25, 138.5
2024-11-07, 22:52:25, 136.5, 58.36, 22.93, 22.0, 9999.0, 9.59, 10.0, 21.66, 9999.0, 24.09, 9999.0, 117.8, 127.98, 120.25, 91.25, 138.5
2024-11-07, 22:52:29, 136.5, 58.36, 22.93, 22.0, 9999.0, 9.57, 10.0, 21.64, 9999.0, 24.11, 9999.0, 117.8, 128.0, 120.25, 91.25, 138.5
2024-11-07, 22:52:33, 136.52, 58.39, 22.91, 22.0, 9999.0, 9.55, 10.0, 21.61, 9999.0, 24.11, 9999.0, 117.8, 128.0, 120.25, 91.25, 138.5
2024-11-07, 22:52:37, 136.52, 58.39, 22.91, 22.0, 9999.0, 9.52, 10.0, 21.61, 9999.0, 24.14, 9999.0, 117.75, 128.0, 120.25, 91.25, 138.5
2024-11-07, 22:52:41, 136.52, 58.41, 22.91, 22.0, 9999.0, 9.55, 10.0, 21.64, 9999.0, 24.16, 9999.0, 117.7, 128.0, 120.25, 91.25, 138.5
2024-11-07, 22:52:45, 136.52, 58.41, 22.93, 22.0, 9999.0, 9.57, 10.0, 21.66, 9999.0, 24.16, 9999.0, 117.68, 127.98, 120.25, 91.25, 138.5
2024-11-07, 22:52:49, 136.52, 58.41, 22.93, 22.0, 9999.0, 9.59, 10.0, 21.68, 9999.0, 24.16, 9999.0, 117.66, 127.98, 120.25, 91.25, 138.5
2024-11-07, 22:52:53, 136.52, 58.41, 22.93, 22.0, 9999.0, 9.64, 10.0, 21.68, 9999.0, 24.14, 9999.0, 117.64, 127.98, 120.25, 91.25, 138.5
2024-11-07, 22:52:57, 136.52, 58.41, 22.93, 22.0, 9999.0, 9.64, 10.0, 21.68, 9999.0, 24.11, 9999.0, 117.64, 127.95, 120.25, 91.25, 138.5
2024-11-07, 22:53:01, 136.52, 58.41, 22.91, 22.02, 9999.0, 9.66, 10.0, 21.66, 9999.0, 24.09, 9999.0, 117.64, 127.93, 120.25, 91.25, 138.5
2024-11-07, 22:53:05, 136.52, 58.39, 22.89, 22.02, 9999.0, 9.68, 10.0, 21.66, 9999.0, 24.07, 9999.0, 117.66, 127.93, 120.25, 91.25, 138.5
2024-11-07, 22:53:09, 136.55, 58.36, 22.86, 22.02, 9999.0, 9.7, 10.0, 21.66, 9999.0, 24.05, 9999.0, 117.68, 127.93, 120.25, 91.25, 138.5
2024-11-07, 22:53:13, 136.55, 58.36, 22.84, 22.02, 9999.0, 9.73, 10.0, 21.68, 9999.0, 24.02, 9999.0, 117.68, 127.93, 120.25, 91.25, 138.5
2024-11-07, 22:53:17, 136.52, 58.36, 22.86, 22.02, 9999.0, 9.75, 10.0, 21.7, 9999.0, 24.05, 9999.0, 117.68, 127.93, 120.25, 91.25, 138.5
2024-11-07, 22:53:21, 136.52, 58.36, 22.89, 22.02, 9999.0, 9.77, 10.0, 21.7, 9999.0, 24.05, 9999.0, 117.7, 127.93, 120.25, 91.25, 138.5
2024-11-07, 22:53:25, 136.52, 58.34, 22.89, 22.02, 9999.0, 9.77, 10.0, 21.7, 9999.0, 24.05, 9999.0, 117.73, 127.93, 120.25, 91.25, 138.5
2024-11-07, 22:53:29, 136.52, 58.34, 22.89, 22.02, 9999.0, 9.77, 10.0, 21.7, 9999.0, 24.07, 9999.0, 117.75, 127.95, 120.25, 91.25, 138.5
2024-11-07, 22:53:33, 136.52, 58.34, 22.89, 22.02, 9999.0, 9.75, 10.0, 21.7, 9999.0, 24.09, 9999.0, 117.77, 127.95, 120.25, 91.25, 138.5
2024-11-07, 22:53:37, 136.52, 58.34, 22.89, 22.02, 9999.0, 9.7, 10.0, 21.73, 9999.0, 24.11, 9999.0, 117.8, 127.95, 120.25, 91.25, 138.5
2024-11-07, 22:53:41, 136.52, 58.34, 22.91, 22.02, 9999.0, 9.68, 10.0, 21.7, 9999.0, 24.14, 9999.0, 117.8, 127.98, 120.25, 91.25, 138.5
2024-11-07, 22:53:45, 136.55, 58.34, 22.93, 22.0, 9999.0, 9.66, 10.0, 21.73, 9999.0, 24.18, 9999.0, 117.8, 128.0, 120.25, 91.25, 138.5
2024-11-07, 22:53:49, 136.55, 58.34, 22.95, 22.0, 9999.0, 9.64, 10.0, 21.73, 9999.0, 24.2, 9999.0, 117.75, 128.0, 120.25, 91.25, 138.5
2024-11-07, 22:53:53, 136.52, 58.36, 22.98, 22.0, 9999.0, 9.61, 10.0, 21.73, 9999.0, 24.23, 9999.0, 117.7, 127.98, 120.25, 91.25, 138.5
2024-11-07, 22:53:57, 136.52, 58.36, 23.0, 22.0, 9999.0, 9.61, 10.0, 21.73, 9999.0, 24.25, 9999.0, 117.68, 127.98, 120.25, 91.25, 138.5
2024-11-07, 22:54:01, 136.52, 58.34, 23.0, 22.0, 9999.0, 9.61, 10.0, 21.73, 9999.0, 24.25, 9999.0, 117.66, 127.95, 120.25, 91.25, 138.5
2024-11-07, 22:54:05, 136.52, 58.34, 23.0, 22.0, 9999.0, 9.61, 10.0, 21.73, 9999.0, 24.25, 9999.0, 117.64, 127.93, 120.25, 91.25, 138.5
2024-11-07, 22:54:09, 136.52, 58.34, 23.0, 22.0, 9999.0, 9.64, 10.0, 21.73, 9999.0, 24.25, 9999.0, 117.61, 127.93, 120.25, 91.25, 138.5
2024-11-07, 22:54:13, 136.55, 58.34, 23.0, 22.0, 9999.0, 9.66, 10.0, 21.73, 9999.0, 24.25, 9999.0, 117.61, 127.93, 120.25, 91.25, 138.5
2024-11-07, 22:54:17, 136.55, 58.32, 23.0, 22.0, 9999.0, 9.68, 10.0, 21.73, 9999.0, 24.25, 9999.0, 117.61, 127.91, 120.25, 91.25, 138.5
2024-11-07, 22:54:21, 136.55, 58.3, 22.98, 22.0, 9999.0, 9.7, 10.0, 21.73, 9999.0, 24.25, 9999.0, 117.61, 127.91, 120.25, 91.25, 138.5
2024-11-07, 22:54:25, 136.55, 58.27, 22.98, 22.0, 9999.0, 9.73, 10.0, 21.75, 9999.0, 24.25, 9999.0, 117.64, 127.91, 120.25, 91.25, 138.5
2024-11-07, 22:54:29, 136.52, 58.27, 22.98, 22.0, 9999.0, 9.75, 10.0, 21.73, 9999.0, 24.23, 9999.0, 117.64, 127.91, 120.25, 91.25, 138.5
2024-11-07, 22:54:33, 136.52, 58.27, 22.95, 22.0, 9999.0, 9.77, 10.0, 21.7, 9999.0, 24.2, 9999.0, 117.66, 127.91, 120.25, 91.25, 138.5
2024-11-07, 22:54:37, 136.52, 58.25, 22.93, 22.0, 9999.0, 9.77, 10.0, 21.7, 9999.0, 24.2, 9999.0, 117.68, 127.93, 120.25, 91.25, 138.5
2024-11-07, 22:54:41, 136.52, 58.25, 22.93, 22.0, 9999.0, 9.77, 10.0, 21.68, 9999.0, 24.2, 9999.0, 117.7, 127.93, 120.25, 91.25, 138.5
2024-11-07, 22:54:45, 136.52, 58.25, 22.91, 22.0, 9999.0, 9.77, 10.0, 21.68, 9999.0, 24.2, 9999.0, 117.73, 127.95, 120.25, 91.23, 138.5
2024-11-07, 22:54:49, 136.52, 58.25, 22.89, 22.0, 9999.0, 9.75, 10.0, 21.68, 9999.0, 24.23, 9999.0, 117.75, 127.98, 120.25, 91.23, 138.5
2024-11-07, 22:54:53, 136.52, 58.25, 22.89, 22.0, 9999.0, 9.7, 10.0, 21.68, 9999.0, 24.25, 9999.0, 117.77, 127.98, 120.25, 91.23, 138.5
2024-11-07, 22:54:57, 136.5, 58.25, 22.89, 22.0, 9999.0, 9.66, 10.0, 21.68, 9999.0, 24.27, 9999.0, 117.77, 127.98, 120.25, 91.23, 138.5
2024-11-07, 22:55:01, 136.5, 58.25, 22.86, 22.0, 9999.0, 9.64, 10.0, 21.68, 9999.0, 24.27, 9999.0, 117.75, 128.0, 120.25, 91.23, 138.5
2024-11-07, 22:55:05, 136.5, 58.25, 22.86, 22.0, 9999.0, 9.61, 10.0, 21.68, 9999.0, 24.27, 9999.0, 117.75, 128.0, 120.25, 91.23, 138.5
2024-11-07, 22:55:09, 136.5, 58.25, 22.84, 22.0, 9999.0, 9.59, 10.0, 21.68, 9999.0, 24.27, 9999.0, 117.7, 128.0, 120.25, 91.23, 138.5
2024-11-07, 22:55:13, 136.5, 58.25, 22.82, 22.0, 9999.0, 9.57, 10.0, 21.68, 9999.0, 24.27, 9999.0, 117.68, 128.0, 120.25, 91.23, 138.5
2024-11-07, 22:55:17, 136.5, 58.25, 22.84, 22.0, 9999.0, 9.57, 10.0, 21.7, 9999.0, 24.27, 9999.0, 117.66, 127.98, 120.25, 91.23, 138.5
2024-11-07, 22:55:21, 136.5, 58.25, 22.86, 22.0, 9999.0, 9.59, 10.0, 21.68, 9999.0, 24.25, 9999.0, 117.64, 127.95, 120.25, 91.23, 138.5
2024-11-07, 22:55:25, 136.5, 58.25, 22.86, 22.0, 9999.0, 9.59, 10.0, 21.68, 9999.0, 24.23, 9999.0, 117.61, 127.95, 120.25, 91.23, 138.5
2024-11-07, 22:55:30, 136.5, 58.25, 22.86, 22.0, 9999.0, 9.59, 10.0, 21.68, 9999.0, 24.2, 9999.0, 117.59, 127.95, 120.25, 91.25, 138.5
2024-11-07, 22:55:34, 136.5, 58.25, 22.86, 22.0, 9999.0, 9.61, 10.0, 21.68, 9999.0, 24.16, 9999.0, 117.59, 127.95, 120.25, 91.25, 138.5
2024-11-07, 22:55:38, 136.5, 58.25, 22.86, 22.0, 9999.0, 9.64, 10.0, 21.68, 9999.0, 24.11, 9999.0, 117.59, 127.93, 120.25, 91.25, 138.5
2024-11-07, 22:55:42, 136.5, 58.25, 22.86, 22.0, 9999.0, 9.66, 10.0, 21.68, 9999.0, 24.07, 9999.0, 117.59, 127.91, 120.25, 91.25, 138.5
2024-11-07, 22:55:46, 136.5, 58.25, 22.89, 22.0, 9999.0, 9.68, 10.0, 21.68, 9999.0, 24.05, 9999.0, 117.64, 127.91, 120.25, 91.25, 138.5
2024-11-07, 22:55:50, 136.5, 58.25, 22.91, 22.0, 9999.0, 9.7, 10.0, 21.68, 9999.0, 24.0, 9999.0, 117.66, 127.91, 120.25, 91.25, 138.5
2024-11-07, 22:55:54, 136.52, 58.25, 22.93, 22.0, 9999.0, 9.73, 10.0, 21.66, 9999.0, 23.98, 9999.0, 117.68, 127.91, 120.25, 91.25, 138.5
2024-11-07, 22:55:58, 136.52, 58.25, 22.95, 22.0, 9999.0, 9.75, 10.0, 21.66, 9999.0, 23.98, 9999.0, 117.7, 127.89, 120.25, 91.25, 138.5
2024-11-07, 22:56:02, 136.52, 58.25, 22.95, 22.0, 9999.0, 9.73, 10.0, 21.66, 9999.0, 23.98, 9999.0, 117.73, 127.91, 120.25, 91.25, 138.48
2024-11-07, 22:56:06, 136.52, 58.25, 22.95, 22.0, 9999.0, 9.73, 10.0, 21.66, 9999.0, 24.0, 9999.0, 117.75, 127.93, 120.25, 91.25, 138.48
2024-11-07, 22:56:10, 136.52, 58.25, 22.93, 22.0, 9999.0, 9.7, 10.0, 21.66, 9999.0, 24.02, 9999.0, 117.77, 127.93, 120.25, 91.25, 138.48
2024-11-07, 22:56:14, 136.55, 58.25, 22.95, 22.0, 9999.0, 9.68, 10.0, 21.66, 9999.0, 24.02, 9999.0, 117.8, 127.93, 120.25, 91.25, 138.48
2024-11-07, 22:56:18, 136.55, 58.25, 22.98, 22.0, 9999.0, 9.66, 10.0, 21.66, 9999.0, 24.02, 9999.0, 117.77, 127.93, 120.25, 91.25, 138.48
2024-11-07, 22:56:22, 136.55, 58.25, 22.95, 22.0, 9999.0, 9.64, 10.0, 21.66, 9999.0, 24.02, 9999.0, 117.77, 127.95, 120.25, 91.23, 138.48
2024-11-07, 22:56:26, 136.55, 58.25, 22.93, 22.0, 9999.0, 9.61, 10.0, 21.66, 9999.0, 24.05, 9999.0, 117.75, 127.98, 120.25, 91.23, 138.48
2024-11-07, 22:56:30, 136.55, 58.25, 22.93, 22.0, 9999.0, 9.59, 10.0, 21.64, 9999.0, 24.05, 9999.0, 117.7, 127.98, 120.25, 91.23, 138.48
2024-11-07, 22:56:34, 136.55, 58.25, 22.91, 22.0, 9999.0, 9.57, 10.0, 21.61, 9999.0, 24.07, 9999.0, 117.66, 127.95, 120.25, 91.23, 138.48
2024-11-07, 22:56:38, 136.52, 58.25, 22.89, 22.0, 9999.0, 9.57, 10.0, 21.61, 9999.0, 24.07, 9999.0, 117.64, 127.95, 120.25, 91.23, 138.48
2024-11-07, 22:56:42, 136.52, 58.25, 22.89, 22.0, 9999.0, 9.57, 10.0, 21.61, 9999.0, 24.07, 9999.0, 117.61, 127.95, 120.25, 91.23, 138.48
2024-11-07, 22:56:46, 136.52, 58.25, 22.89, 22.0, 9999.0, 9.61, 10.0, 21.59, 9999.0, 24.07, 9999.0, 117.59, 127.93, 120.25, 91.23, 138.5
2024-11-07, 22:56:50, 136.52, 58.25, 22.89, 22.0, 9999.0, 9.61, 10.0, 21.61, 9999.0, 24.05, 9999.0, 117.57, 127.93, 120.25, 91.23, 138.5
2024-11-07, 22:56:54, 136.52, 58.25, 22.91, 22.0, 9999.0, 9.64, 10.0, 21.64, 9999.0, 24.02, 9999.0, 117.57, 127.91, 120.25, 91.23, 138.5
2024-11-07, 22:56:58, 136.5, 58.25, 22.91, 22.0, 9999.0, 9.66, 10.0, 21.61, 9999.0, 24.02, 9999.0, 117.57, 127.89, 120.25, 91.23, 138.5
2024-11-07, 22:57:02, 136.5, 58.25, 22.91, 22.0, 9999.0, 9.68, 10.0, 21.59, 9999.0, 24.02, 9999.0, 117.59, 127.89, 120.25, 91.23, 138.5
2024-11-07, 22:57:06, 136.5, 58.25, 22.93, 22.0, 9999.0, 9.7, 10.0, 21.59, 9999.0, 24.02, 9999.0, 117.61, 127.89, 120.25, 91.25, 138.5
2024-11-07, 22:57:10, 136.5, 58.25, 22.93, 22.0, 9999.0, 9.73, 10.0, 21.57, 9999.0, 23.98, 9999.0, 117.66, 127.89, 120.25, 91.25, 138.5
2024-11-07, 22:57:14, 136.5, 58.25, 22.91, 22.0, 9999.0, 9.75, 10.0, 21.57, 9999.0, 23.98, 9999.0, 117.68, 127.86, 120.25, 91.25, 138.5
2024-11-07, 22:57:18, 136.5, 58.25, 22.93, 22.0, 9999.0, 9.77, 10.0, 21.57, 9999.0, 23.98, 9999.0, 117.7, 127.89, 120.25, 91.25, 138.5
2024-11-07, 22:57:22, 136.5, 58.25, 22.95, 22.0, 9999.0, 9.75, 10.0, 21.59, 9999.0, 23.98, 9999.0, 117.73, 127.89, 120.25, 91.25, 138.5
2024-11-07, 22:57:26, 136.52, 58.25, 22.93, 22.0, 9999.0, 9.75, 10.0, 21.59, 9999.0, 24.0, 9999.0, 117.75, 127.91, 120.25, 91.25, 138.5
2024-11-07, 22:57:30, 136.52, 58.25, 22.93, 22.0, 9999.0, 9.7, 10.0, 21.59, 9999.0, 24.02, 9999.0, 117.77, 127.93, 120.25, 91.25, 138.5
2024-11-07, 22:57:34, 136.52, 58.25, 22.93, 22.0, 9999.0, 9.68, 10.0, 21.57, 9999.0, 24.05, 9999.0, 117.8, 127.93, 120.25, 91.25, 138.5
2024-11-07, 22:57:38, 136.52, 58.25, 22.93, 22.0, 9999.0, 9.66, 10.0, 21.57, 9999.0, 24.05, 9999.0, 117.8, 127.95, 120.25, 91.25, 138.5
2024-11-07, 22:57:42, 136.52, 58.25, 22.93, 22.0, 9999.0, 9.64, 10.0, 21.59, 9999.0, 24.05, 9999.0, 117.77, 127.98, 120.25, 91.25, 138.5
2024-11-07, 22:57:46, 136.52, 58.25, 22.93, 22.0, 9999.0, 9.61, 10.0, 21.61, 9999.0, 24.05, 9999.0, 117.75, 127.98, 120.25, 91.25, 138.5
2024-11-07, 22:57:50, 136.52, 58.25, 22.93, 22.0, 9999.0, 9.59, 10.0, 21.61, 9999.0, 24.05, 9999.0, 117.7, 127.95, 120.25, 91.25, 138.5
2024-11-07, 22:57:54, 136.52, 58.25, 22.95, 22.0, 9999.0, 9.59, 10.0, 21.61, 9999.0, 24.07, 9999.0, 117.66, 127.95, 120.25, 91.25, 138.5
2024-11-07, 22:57:58, 136.52, 58.25, 22.98, 22.0, 9999.0, 9.59, 10.0, 21.64, 9999.0, 24.07, 9999.0, 117.64, 127.95, 120.25, 91.25, 138.5
2024-11-07, 22:58:02, 136.52, 58.25, 22.98, 22.0, 9999.0, 9.59, 10.0, 21.66, 9999.0, 24.07, 9999.0, 117.61, 127.93, 120.25, 91.25, 138.5
2024-11-07, 22:58:06, 136.52, 58.25, 22.95, 22.0, 9999.0, 9.61, 10.0, 21.66, 9999.0, 24.07, 9999.0, 117.59, 127.91, 120.25, 91.25, 138.5
2024-11-07, 22:58:10, 136.5, 58.25, 22.98, 22.0, 9999.0, 9.61, 10.0, 21.66, 9999.0, 24.05, 9999.0, 117.59, 127.89, 120.25, 91.25, 138.5
2024-11-07, 22:58:14, 136.5, 58.25, 22.95, 22.0, 9999.0, 9.64, 10.0, 21.68, 9999.0, 24.02, 9999.0, 117.59, 127.86, 120.25, 91.25, 138.5
2024-11-07, 22:58:18, 136.5, 58.25, 22.93, 22.0, 9999.0, 9.66, 10.0, 21.7, 9999.0, 24.0, 9999.0, 117.59, 127.84, 120.25, 91.25, 138.5
2024-11-07, 22:58:22, 136.5, 58.25, 22.91, 22.0, 9999.0, 9.68, 10.0, 21.7, 9999.0, 24.0, 9999.0, 117.61, 127.84, 120.25, 91.25, 138.5
2024-11-07, 22:58:26, 136.5, 58.25, 22.91, 22.0, 9999.0, 9.7, 10.0, 21.7, 9999.0, 23.98, 9999.0, 117.66, 127.84, 120.25, 91.25, 138.5
2024-11-07, 22:58:30, 136.5, 58.25, 22.89, 22.0, 9999.0, 9.73, 10.0, 21.7, 9999.0, 23.98, 9999.0, 117.7, 127.84, 120.25, 91.25, 138.5
2024-11-07, 22:58:34, 136.5, 58.25, 22.89, 22.0, 9999.0, 9.75, 10.0, 21.68, 9999.0, 23.95, 9999.0, 117.73, 127.86, 120.25, 91.25, 138.5
2024-11-07, 22:58:38, 136.5, 58.25, 22.86, 22.0, 9999.0, 9.73, 10.0, 21.68, 9999.0, 23.95, 9999.0, 117.75, 127.86, 120.25, 91.25, 138.5
2024-11-07, 22:58:42, 136.5, 58.25, 22.86, 22.0, 9999.0, 9.73, 10.0, 21.66, 9999.0, 23.98, 9999.0, 117.77, 127.89, 120.25, 91.25, 138.5
2024-11-07, 22:58:46, 136.5, 58.25, 22.84, 22.0, 9999.0, 9.7, 10.0, 21.66, 9999.0, 24.0, 9999.0, 117.8, 127.91, 120.25, 91.25, 138.5
2024-11-07, 22:58:50, 136.5, 58.25, 22.84, 22.0, 9999.0, 9.68, 10.0, 21.64, 9999.0, 24.0, 9999.0, 117.82, 127.93, 120.25, 91.25, 138.5
2024-11-07, 22:58:54, 136.5, 58.25, 22.84, 22.0, 9999.0, 9.66, 10.0, 21.66, 9999.0, 24.0, 9999.0, 117.82, 127.95, 120.25, 91.25, 138.5
2024-11-07, 22:58:59, 136.5, 58.25, 22.86, 22.0, 9999.0, 9.64, 10.0, 21.64, 9999.0, 24.0, 9999.0, 117.82, 127.98, 120.25, 91.25, 138.5
2024-11-07, 22:59:03, 136.5, 58.25, 22.86, 22.0, 9999.0, 9.61, 10.0, 21.61, 9999.0, 24.0, 9999.0, 117.82, 128.0, 120.25, 91.23, 138.5
2024-11-07, 22:59:07, 136.5, 58.25, 22.86, 22.0, 9999.0, 9.59, 10.0, 21.59, 9999.0, 24.0, 9999.0, 117.77, 128.0, 120.25, 91.23, 138.5
2024-11-07, 22:59:11, 136.5, 58.25, 22.84, 22.0, 9999.0, 9.57, 10.0, 21.57, 9999.0, 24.02, 9999.0, 117.73, 128.0, 120.25, 91.23, 138.5
2024-11-07, 22:59:15, 136.5, 58.25, 22.86, 22.0, 9999.0, 9.57, 10.0, 21.55, 9999.0, 24.02, 9999.0, 117.68, 127.98, 120.25, 91.23, 138.5
2024-11-07, 22:59:19, 136.5, 58.25, 22.84, 22.0, 9999.0, 9.57, 10.0, 21.57, 9999.0, 24.05, 9999.0, 117.66, 127.95, 120.25, 91.23, 138.5
2024-11-07, 22:59:23, 136.5, 58.25, 22.86, 22.0, 9999.0, 9.59, 10.0, 21.57, 9999.0, 24.05, 9999.0, 117.64, 127.93, 120.25, 91.23, 138.5
2024-11-07, 22:59:27, 136.5, 58.25, 22.86, 22.0, 9999.0, 9.59, 10.0, 21.59, 9999.0, 24.0, 9999.0, 117.61, 127.91, 120.25, 91.23, 138.5
2024-11-07, 22:59:31, 136.5, 58.25, 22.86, 22.0, 9999.0, 9.61, 10.0, 21.59, 9999.0, 23.98, 9999.0, 117.61, 127.89, 120.25, 91.2, 138.5
2024-11-07, 22:59:35, 136.5, 58.25, 22.86, 22.0, 9999.0, 9.66, 10.0, 21.59, 9999.0, 23.98, 9999.0, 117.61, 127.86, 120.25, 91.2, 138.5
2024-11-07, 22:59:39, 136.5, 58.25, 22.86, 22.0, 9999.0, 9.68, 10.0, 21.57, 9999.0, 23.98, 9999.0, 117.64, 127.86, 120.25, 91.2, 138.5
2024-11-07, 22:59:43, 136.5, 58.25, 22.84, 22.0, 9999.0, 9.7, 10.0, 21.57, 9999.0, 23.98, 9999.0, 117.64, 127.84, 120.25, 91.2, 138.5
2024-11-07, 22:59:47, 136.5, 58.25, 22.86, 22.0, 9999.0, 9.73, 10.0, 21.59, 9999.0, 23.98, 9999.0, 117.66, 127.84, 120.25, 91.23, 138.5
2024-11-07, 22:59:51, 136.5, 58.25, 22.89, 22.0, 9999.0, 9.75, 10.0, 21.61, 9999.0, 24.0, 9999.0, 117.68, 127.84, 120.25, 91.23, 138.5
2024-11-07, 22:59:55, 136.5, 58.25, 22.91, 22.0, 9999.0, 9.75, 10.0, 21.61, 9999.0, 24.02, 9999.0, 117.7, 127.84, 120.25, 91.2, 138.5
2024-11-07, 22:59:59, 136.5, 58.25, 22.91, 22.0, 9999.0, 9.73, 10.0, 21.64, 9999.0, 24.05, 9999.0, 117.73, 127.86, 120.25, 91.18, 138.5
2024-11-07, 23:00:03, 136.5, 58.25, 22.91, 22.0, 9999.0, 9.7, 10.0, 21.61, 9999.0, 24.07, 9999.0, 117.75, 127.89, 120.25, 91.18, 138.5
2024-11-07, 23:00:07, 136.5, 58.25, 22.89, 22.0, 9999.0, 9.68, 10.0, 21.61, 9999.0, 24.09, 9999.0, 117.77, 127.91, 120.25, 91.18, 138.5
2024-11-07, 23:00:11, 136.5, 58.25, 22.89, 22.0, 9999.0, 9.66, 10.0, 21.61, 9999.0, 24.14, 9999.0, 117.8, 127.93, 120.25, 91.18, 138.5
2024-11-07, 23:00:15, 136.5, 58.25, 22.91, 22.0, 9999.0, 9.64, 10.0, 21.59, 9999.0, 24.16, 9999.0, 117.8, 127.95, 120.25, 91.2, 138.5
2024-11-07, 23:00:19, 136.5, 58.25, 22.93, 22.0, 9999.0, 9.59, 10.0, 21.61, 9999.0, 24.18, 9999.0, 117.77, 127.98, 120.25, 91.2, 138.5
2024-11-07, 23:00:23, 136.5, 58.25, 22.91, 22.0, 9999.0, 9.57, 10.0, 21.64, 9999.0, 24.18, 9999.0, 117.73, 127.98, 120.25, 91.2, 138.5
2024-11-07, 23:00:27, 136.5, 58.25, 22.93, 22.0, 9999.0, 9.55, 10.0, 21.64, 9999.0, 24.2, 9999.0, 117.7, 128.0, 120.25, 91.2, 138.5
2024-11-07, 23:00:31, 136.52, 58.25, 22.93, 22.0, 9999.0, 9.55, 10.0, 21.61, 9999.0, 24.23, 9999.0, 117.66, 128.0, 120.25, 91.2, 138.5
2024-11-07, 23:00:35, 136.52, 58.25, 22.91, 22.0, 9999.0, 9.55, 10.0, 21.59, 9999.0, 24.2, 9999.0, 117.64, 127.98, 120.25, 91.18, 138.5
2024-11-07, 23:00:39, 136.52, 58.25, 22.91, 22.0, 9999.0, 9.57, 10.0, 21.61, 9999.0, 24.18, 9999.0, 117.61, 127.98, 120.25, 91.2, 138.5
2024-11-07, 23:00:43, 136.52, 58.25, 22.89, 22.0, 9999.0, 9.59, 10.0, 21.61, 9999.0, 24.16, 9999.0, 117.59, 127.98, 120.25, 91.23, 138.5
2024-11-07, 23:00:47, 136.52, 58.25, 22.89, 22.0, 9999.0, 9.61, 10.0, 21.64, 9999.0, 24.14, 9999.0, 117.59, 127.95, 120.25, 91.23, 138.5
2024-11-07, 23:00:51, 136.52, 58.25, 22.91, 22.0, 9999.0, 9.64, 10.0, 21.66, 9999.0, 24.11, 9999.0, 117.59, 127.93, 120.25, 91.23, 138.5
2024-11-07, 23:00:55, 136.52, 58.25, 22.91, 22.0, 9999.0, 9.66, 10.0, 21.66, 9999.0, 24.09, 9999.0, 117.59, 127.91, 120.25, 91.23, 138.5
2024-11-07, 23:00:59, 136.52, 58.25, 22.91, 22.0, 9999.0, 9.68, 10.0, 21.68, 9999.0, 24.07, 9999.0, 117.61, 127.91, 120.25, 91.23, 138.5
2024-11-07, 23:01:03, 136.52, 58.25, 22.91, 22.0, 9999.0, 9.7, 10.0, 21.66, 9999.0, 24.05, 9999.0, 117.64, 127.91, 120.25, 91.23, 138.5
2024-11-07, 23:01:07, 136.52, 58.25, 22.93, 22.0, 9999.0, 9.73, 10.0, 21.66, 9999.0, 24.05, 9999.0, 117.66, 127.91, 120.25, 91.23, 138.5
2024-11-07, 23:01:11, 136.52, 58.25, 22.91, 22.0, 9999.0, 9.75, 10.0, 21.68, 9999.0, 24.02, 9999.0, 117.68, 127.89, 120.25, 91.23, 138.5
2024-11-07, 23:01:15, 136.5, 58.25, 22.91, 22.0, 9999.0, 9.75, 10.0, 21.7, 9999.0, 24.0, 9999.0, 117.7, 127.89, 120.25, 91.23, 138.5
2024-11-07, 23:01:19, 136.5, 58.25, 22.91, 22.0, 9999.0, 9.73, 10.0, 21.73, 9999.0, 24.0, 9999.0, 117.73, 127.91, 120.25, 91.25, 138.5
2024-11-07, 23:01:23, 136.5, 58.25, 22.89, 22.0, 9999.0, 9.73, 10.0, 21.73, 9999.0, 24.0, 9999.0, 117.75, 127.91, 120.25, 91.25, 138.5
2024-11-07, 23:01:27, 136.5, 58.25, 22.89, 22.0, 9999.0, 9.7, 10.0, 21.73, 9999.0, 24.0, 9999.0, 117.77, 127.91, 120.25, 91.25, 138.5
2024-11-07, 23:01:31, 136.5, 58.27, 22.91, 22.0, 9999.0, 9.68, 10.0, 21.7, 9999.0, 23.98, 9999.0, 117.77, 127.93, 120.25, 91.25, 138.5
2024-11-07, 23:01:35, 136.5, 58.3, 22.89, 22.0, 9999.0, 9.66, 10.0, 21.7, 9999.0, 23.95, 9999.0, 117.77, 127.95, 120.25, 91.25, 138.5
2024-11-07, 23:01:39, 136.5, 58.3, 22.86, 22.0, 9999.0, 9.64, 10.0, 21.7, 9999.0, 23.95, 9999.0, 117.75, 127.98, 120.25, 91.25, 138.5
2024-11-07, 23:01:43, 136.5, 58.3, 22.86, 22.0, 9999.0, 9.61, 10.0, 21.68, 9999.0, 23.93, 9999.0, 117.73, 127.98, 120.25, 91.25, 138.5
2024-11-07, 23:01:47, 136.5, 58.3, 22.86, 22.0, 9999.0, 9.59, 10.0, 21.7, 9999.0, 23.91, 9999.0, 117.7, 127.98, 120.25, 91.25, 138.5
2024-11-07, 23:01:51, 136.5, 58.3, 22.84, 22.0, 9999.0, 9.59, 10.0, 21.68, 9999.0, 23.89, 9999.0, 117.68, 127.98, 120.25, 91.25, 138.5
2024-11-07, 23:01:55, 136.5, 58.3, 22.84, 22.0, 9999.0, 9.57, 10.0, 21.68, 9999.0, 23.84, 9999.0, 117.66, 127.98, 120.25, 91.25, 138.5
2024-11-07, 23:01:59, 136.5, 58.3, 22.82, 22.0, 9999.0, 9.57, 10.0, 21.68, 9999.0, 23.82, 9999.0, 117.64, 127.98, 120.25, 91.25, 138.5
2024-11-07, 23:02:03, 136.5, 58.32, 22.82, 22.0, 9999.0, 9.59, 10.0, 21.66, 9999.0, 23.8, 9999.0, 117.61, 127.95, 120.25, 91.25, 138.5
2024-11-07, 23:02:07, 136.5, 58.32, 22.84, 22.0, 9999.0, 9.59, 10.0, 21.66, 9999.0, 23.77, 9999.0, 117.61, 127.95, 120.25, 91.25, 138.5
2024-11-07, 23:02:11, 136.5, 58.32, 22.84, 22.0, 9999.0, 9.61, 10.0, 21.64, 9999.0, 23.75, 9999.0, 117.61, 127.93, 120.25, 91.25, 138.5
2024-11-07, 23:02:15, 136.5, 58.3, 22.82, 22.0, 9999.0, 9.64, 10.0, 21.66, 9999.0, 23.75, 9999.0, 117.64, 127.93, 120.25, 91.25, 138.5
2024-11-07, 23:02:19, 136.5, 58.27, 22.84, 22.0, 9999.0, 9.66, 10.0, 21.66, 9999.0, 23.75, 9999.0, 117.66, 127.93, 120.25, 91.25, 138.5
2024-11-07, 23:02:23, 136.5, 58.3, 22.86, 22.0, 9999.0, 9.68, 10.0, 21.66, 9999.0, 23.73, 9999.0, 117.68, 127.93, 120.25, 91.25, 138.5
2024-11-07, 23:02:27, 136.5, 58.3, 22.84, 22.0, 9999.0, 9.7, 10.0, 21.68, 9999.0, 23.73, 9999.0, 117.7, 127.93, 120.25, 91.25, 138.5
2024-11-07, 23:02:32, 136.5, 58.3, 22.84, 22.0, 9999.0, 9.73, 10.0, 21.68, 9999.0, 23.73, 9999.0, 117.73, 127.93, 120.25, 91.25, 138.5
2024-11-07, 23:02:36, 136.5, 58.3, 22.84, 22.0, 9999.0, 9.7, 10.0, 21.7, 9999.0, 23.75, 9999.0, 117.77, 127.93, 120.25, 91.25, 138.5
2024-11-07, 23:02:40, 136.5, 58.3, 22.84, 22.0, 9999.0, 9.73, 10.0, 21.68, 9999.0, 23.82, 9999.0, 117.8, 127.95, 120.25, 91.25, 138.5
2024-11-07, 23:02:44, 136.5, 58.3, 22.86, 22.0, 9999.0, 9.7, 10.0, 21.68, 9999.0, 23.84, 9999.0, 117.82, 127.95, 120.25, 91.25, 138.5
2024-11-07, 23:02:48, 136.5, 58.27, 22.89, 22.0, 9999.0, 9.68, 10.0, 21.68, 9999.0, 23.86, 9999.0, 117.84, 127.98, 120.25, 91.25, 138.5
2024-11-07, 23:02:52, 136.5, 58.3, 22.89, 22.0, 9999.0, 9.66, 10.0, 21.66, 9999.0, 23.89, 9999.0, 117.84, 127.98, 120.25, 91.25, 138.5
2024-11-07, 23:02:56, 136.5, 58.3, 22.89, 22.0, 9999.0, 9.64, 10.0, 21.66, 9999.0, 23.91, 9999.0, 117.84, 128.0, 120.25, 91.25, 138.5
2024-11-07, 23:03:00, 136.5, 58.3, 22.91, 22.0, 9999.0, 9.61, 10.0, 21.66, 9999.0, 23.91, 9999.0, 117.82, 128.0, 120.25, 91.25, 138.5
2024-11-07, 23:03:04, 136.5, 58.3, 22.89, 22.0, 9999.0, 9.59, 10.0, 21.64, 9999.0, 23.93, 9999.0, 117.77, 128.0, 120.25, 91.25, 138.5
2024-11-07, 23:03:08, 136.5, 58.27, 22.86, 22.0, 9999.0, 9.59, 10.0, 21.64, 9999.0, 23.93, 9999.0, 117.75, 128.0, 120.25, 91.25, 138.5
2024-11-07, 23:03:12, 136.5, 58.3, 22.86, 22.0, 9999.0, 9.59, 10.0, 21.64, 9999.0, 23.95, 9999.0, 117.7, 127.98, 120.25, 91.25, 138.5
2024-11-07, 23:03:16, 136.5, 58.3, 22.86, 22.0, 9999.0, 9.59, 10.0, 21.64, 9999.0, 23.98, 9999.0, 117.68, 127.98, 120.25, 91.25, 138.5
2024-11-07, 23:03:20, 136.5, 58.3, 22.89, 22.0, 9999.0, 9.64, 10.0, 21.64, 9999.0, 23.95, 9999.0, 117.64, 127.95, 120.25, 91.25, 138.5
2024-11-07, 23:03:24, 136.5, 58.3, 22.89, 22.0, 9999.0, 9.66, 10.0, 21.66, 9999.0, 23.91, 9999.0, 117.64, 127.93, 120.25, 91.25, 138.5
2024-11-07, 23:03:28, 136.5, 58.3, 22.89, 22.0, 9999.0, 9.68, 10.0, 21.66, 9999.0, 23.89, 9999.0, 117.64, 127.91, 120.25, 91.25, 138.5
2024-11-07, 23:03:32, 136.5, 58.3, 22.86, 22.0, 9999.0, 9.7, 10.0, 21.68, 9999.0, 23.86, 9999.0, 117.64, 127.91, 120.25, 91.25, 138.5
2024-11-07, 23:03:36, 136.5, 58.3, 22.84, 22.0, 9999.0, 9.73, 10.0, 21.7, 9999.0, 23.84, 9999.0, 117.66, 127.91, 120.25, 91.25, 138.5
2024-11-07, 23:03:40, 136.52, 58.3, 22.84, 22.0, 9999.0, 9.75, 10.0, 21.7, 9999.0, 23.82, 9999.0, 117.68, 127.91, 120.25, 91.25, 138.5
2024-11-07, 23:03:44, 136.52, 58.3, 22.82, 22.0, 9999.0, 9.77, 10.0, 21.7, 9999.0, 23.82, 9999.0, 117.68, 127.91, 120.25, 91.25, 138.5
2024-11-07, 23:03:48, 136.52, 58.3, 22.82, 22.0, 9999.0, 9.77, 10.0, 21.7, 9999.0, 23.8, 9999.0, 117.73, 127.91, 120.25, 91.25, 138.5
2024-11-07, 23:03:52, 136.52, 58.3, 22.82, 22.0, 9999.0, 9.77, 10.0, 21.68, 9999.0, 23.8, 9999.0, 117.75, 127.91, 120.25, 91.25, 138.5
2024-11-07, 23:03:56, 136.52, 58.3, 22.84, 22.0, 9999.0, 9.77, 10.0, 21.68, 9999.0, 23.8, 9999.0, 117.77, 127.93, 120.25, 91.25, 138.5
2024-11-07, 23:04:00, 136.52, 58.3, 22.84, 22.0, 9999.0, 9.77, 10.0, 21.66, 9999.0, 23.8, 9999.0, 117.8, 127.93, 120.25, 91.25, 138.5
2024-11-07, 23:04:04, 136.52, 58.3, 22.82, 22.0, 9999.0, 9.73, 10.0, 21.66, 9999.0, 23.82, 9999.0, 117.82, 127.95, 120.25, 91.25, 138.5
2024-11-07, 23:04:08, 136.52, 58.3, 22.84, 22.0, 9999.0, 9.68, 10.0, 21.64, 9999.0, 23.84, 9999.0, 117.82, 127.98, 120.25, 91.25, 138.5
2024-11-07, 23:04:12, 136.52, 58.32, 22.82, 22.0, 9999.0, 9.66, 10.0, 21.64, 9999.0, 23.86, 9999.0, 117.82, 127.98, 120.25, 91.25, 138.5
2024-11-07, 23:04:16, 136.52, 58.32, 22.84, 22.0, 9999.0, 9.64, 10.0, 21.64, 9999.0, 23.89, 9999.0, 117.82, 127.98, 120.25, 91.25, 138.5
2024-11-07, 23:04:20, 136.52, 58.3, 22.84, 22.0, 9999.0, 9.61, 10.0, 21.64, 9999.0, 23.89, 9999.0, 117.8, 127.98, 120.25, 91.25, 138.5
2024-11-07, 23:04:24, 136.5, 58.3, 22.86, 22.0, 9999.0, 9.59, 10.0, 21.64, 9999.0, 23.89, 9999.0, 117.75, 127.95, 120.25, 91.25, 138.5
2024-11-07, 23:04:28, 136.5, 58.3, 22.86, 22.0, 9999.0, 9.59, 10.0, 21.61, 9999.0, 23.89, 9999.0, 117.73, 127.95, 120.25, 91.25, 138.5
2024-11-07, 23:04:32, 136.5, 58.3, 22.86, 22.0, 9999.0, 9.61, 10.0, 21.61, 9999.0, 23.91, 9999.0, 117.68, 127.95, 120.25, 91.25, 138.5
2024-11-07, 23:04:36, 136.5, 58.3, 22.86, 22.0, 9999.0, 9.61, 10.0, 21.64, 9999.0, 23.93, 9999.0, 117.68, 127.95, 120.25, 91.25, 138.5
2024-11-07, 23:04:40, 136.5, 58.27, 22.86, 22.0, 9999.0, 9.64, 10.0, 21.64, 9999.0, 23.91, 9999.0, 117.66, 127.95, 120.25, 91.25, 138.5
2024-11-07, 23:04:44, 136.5, 58.27, 22.84, 22.0, 9999.0, 9.64, 10.0, 21.64, 9999.0, 23.89, 9999.0, 117.66, 127.95, 120.25, 91.25, 138.5
2024-11-07, 23:04:48, 136.52, 58.27, 22.84, 22.0, 9999.0, 9.66, 10.0, 21.64, 9999.0, 23.86, 9999.0, 117.66, 127.93, 120.25, 91.25, 138.5
2024-11-07, 23:04:52, 136.52, 58.27, 22.84, 22.0, 9999.0, 9.68, 10.0, 21.64, 9999.0, 23.84, 9999.0, 117.68, 127.93, 120.25, 91.25, 138.5
2024-11-07, 23:04:56, 136.52, 58.25, 22.84, 22.0, 9999.0, 9.7, 10.0, 21.64, 9999.0, 23.82, 9999.0, 117.7, 127.95, 120.25, 91.25, 138.5
2024-11-07, 23:05:00, 136.55, 58.27, 22.82, 22.0, 9999.0, 9.73, 10.0, 21.61, 9999.0, 23.8, 9999.0, 117.7, 127.95, 120.25, 91.25, 138.5
2024-11-07, 23:05:04, 136.55, 58.27, 22.84, 22.0, 9999.0, 9.75, 10.0, 21.61, 9999.0, 23.82, 9999.0, 117.73, 127.95, 120.25, 91.25, 138.5
2024-11-07, 23:05:08, 136.55, 58.27, 22.84, 22.0, 9999.0, 9.77, 10.0, 21.61, 9999.0, 23.84, 9999.0, 117.77, 127.98, 120.25, 91.25, 138.5
2024-11-07, 23:05:12, 136.55, 58.27, 22.86, 22.0, 9999.0, 9.77, 10.0, 21.61, 9999.0, 23.86, 9999.0, 117.8, 127.98, 120.25, 91.25, 138.5
2024-11-07, 23:05:16, 136.57, 58.27, 22.89, 22.0, 9999.0, 9.77, 10.0, 21.61, 9999.0, 23.86, 9999.0, 117.82, 127.98, 120.25, 91.25, 138.5
2024-11-07, 23:05:20, 136.57, 58.27, 22.89, 22.0, 9999.0, 9.75, 10.0, 21.59, 9999.0, 23.86, 9999.0, 117.82, 127.98, 120.25, 91.25, 138.5
2024-11-07, 23:05:24, 136.57, 58.27, 22.89, 22.0, 9999.0, 9.7, 10.0, 21.59, 9999.0, 23.89, 9999.0, 117.84, 127.98, 120.25, 91.25, 138.5
2024-11-07, 23:05:28, 136.57, 58.27, 22.89, 22.0, 9999.0, 9.68, 10.0, 21.61, 9999.0, 23.91, 9999.0, 117.84, 127.98, 120.25, 91.25, 138.5
2024-11-07, 23:05:32, 136.55, 58.27, 22.91, 22.0, 9999.0, 9.66, 10.0, 21.59, 9999.0, 23.91, 9999.0, 117.84, 128.0, 120.25, 91.25, 138.5
2024-11-07, 23:05:36, 136.55, 58.27, 22.91, 22.0, 9999.0, 9.64, 10.0, 21.59, 9999.0, 23.91, 9999.0, 117.82, 128.0, 120.25, 91.25, 138.5
2024-11-07, 23:05:40, 136.55, 58.27, 22.93, 22.0, 9999.0, 9.61, 10.0, 21.57, 9999.0, 23.91, 9999.0, 117.77, 128.0, 120.25, 91.25, 138.5
2024-11-07, 23:05:44, 136.52, 58.25, 22.95, 22.0, 9999.0, 9.61, 10.0, 21.59, 9999.0, 23.91, 9999.0, 117.77, 128.0, 120.25, 91.25, 138.5
2024-11-07, 23:05:48, 136.52, 58.25, 22.95, 22.0, 9999.0, 9.61, 10.0, 21.57, 9999.0, 23.89, 9999.0, 117.73, 128.0, 120.25, 91.25, 138.5
2024-11-07, 23:05:52, 136.55, 58.25, 22.95, 22.0, 9999.0, 9.61, 10.0, 21.57, 9999.0, 23.84, 9999.0, 117.7, 128.0, 120.25, 91.25, 138.5
2024-11-07, 23:05:56, 136.55, 58.25, 22.95, 22.0, 9999.0, 9.64, 10.0, 21.57, 9999.0, 23.82, 9999.0, 117.68, 128.0, 120.25, 91.25, 138.5
2024-11-07, 23:06:00, 136.52, 58.25, 22.95, 22.0, 9999.0, 9.66, 10.0, 21.59, 9999.0, 23.8, 9999.0, 117.68, 127.98, 120.25, 91.25, 138.5
2024-11-07, 23:06:05, 136.52, 58.25, 22.98, 22.0, 9999.0, 9.68, 10.0, 21.61, 9999.0, 23.77, 9999.0, 117.68, 127.98, 120.25, 91.25, 138.5
2024-11-07, 23:06:09, 136.52, 58.27, 22.95, 22.0, 9999.0, 9.7, 10.0, 21.59, 9999.0, 23.73, 9999.0, 117.68, 127.98, 120.25, 91.25, 138.5
2024-11-07, 23:06:13, 136.52, 58.27, 22.95, 22.0, 9999.0, 9.73, 10.0, 21.59, 9999.0, 23.68, 9999.0, 117.7, 127.98, 120.25, 91.25, 138.52
2024-11-07, 23:06:17, 136.52, 58.27, 22.95, 22.0, 9999.0, 9.75, 10.0, 21.59, 9999.0, 23.68, 9999.0, 117.73, 127.98, 120.25, 91.25, 138.52
2024-11-07, 23:06:21, 136.52, 58.27, 22.95, 22.0, 9999.0, 9.77, 10.0, 21.61, 9999.0, 23.66, 9999.0, 117.73, 127.98, 120.25, 91.25, 138.52
2024-11-07, 23:06:25, 136.52, 58.27, 22.95, 22.0, 9999.0, 9.8, 10.0, 21.64, 9999.0, 23.66, 9999.0, 117.77, 127.98, 120.25, 91.25, 138.52
2024-11-07, 23:06:29, 136.52, 58.27, 22.95, 22.0, 9999.0, 9.8, 10.0, 21.64, 9999.0, 23.66, 9999.0, 117.77, 127.98, 120.25, 91.25, 138.52
2024-11-07, 23:06:33, 136.52, 58.27, 22.95, 22.0, 9999.0, 9.77, 10.0, 21.66, 9999.0, 23.66, 9999.0, 117.8, 127.98, 120.25, 91.25, 138.52
2024-11-07, 23:06:37, 136.5, 58.27, 22.95, 22.0, 9999.0, 9.75, 10.0, 21.68, 9999.0, 23.68, 9999.0, 117.8, 127.98, 120.25, 91.25, 138.52
2024-11-07, 23:06:41, 136.5, 58.27, 22.95, 22.0, 9999.0, 9.7, 10.0, 21.68, 9999.0, 23.68, 9999.0, 117.82, 127.98, 120.25, 91.25, 138.52
2024-11-07, 23:06:45, 136.5, 58.27, 22.95, 22.0, 9999.0, 9.66, 10.0, 21.68, 9999.0, 23.7, 9999.0, 117.82, 128.0, 120.25, 91.25, 138.52
2024-11-07, 23:06:49, 136.5, 58.27, 22.95, 22.0, 9999.0, 9.64, 10.0, 21.68, 9999.0, 23.73, 9999.0, 117.82, 128.0, 120.25, 91.25, 138.52
2024-11-07, 23:06:53, 136.5, 58.25, 22.98, 22.0, 9999.0, 9.61, 10.0, 21.7, 9999.0, 23.75, 9999.0, 117.82, 128.0, 120.25, 91.25, 138.52
2024-11-07, 23:06:57, 136.5, 58.25, 23.0, 22.0, 9999.0, 9.59, 10.0, 21.7, 9999.0, 23.77, 9999.0, 117.8, 128.0, 120.25, 91.25, 138.5
2024-11-07, 23:07:01, 136.5, 58.25, 23.0, 22.0, 9999.0, 9.57, 10.0, 21.7, 9999.0, 23.77, 9999.0, 117.77, 128.0, 120.25, 91.25, 138.52
2024-11-07, 23:07:05, 136.5, 58.25, 23.0, 22.0, 9999.0, 9.57, 10.0, 21.68, 9999.0, 23.8, 9999.0, 117.75, 128.0, 120.25, 91.25, 138.52
2024-11-07, 23:07:09, 136.5, 58.25, 23.0, 22.0, 9999.0, 9.57, 10.0, 21.68, 9999.0, 23.8, 9999.0, 117.73, 128.0, 120.25, 91.25, 138.55
2024-11-07, 23:07:13, 136.5, 58.25, 23.0, 22.0, 9999.0, 9.57, 10.0, 21.68, 9999.0, 23.8, 9999.0, 117.7, 128.0, 120.25, 91.25, 138.57
2024-11-07, 23:07:17, 136.5, 58.25, 23.0, 22.0, 9999.0, 9.61, 10.0, 21.68, 9999.0, 23.8, 9999.0, 117.68, 128.0, 120.25, 91.25, 138.57
2024-11-07, 23:07:21, 136.5, 58.25, 23.0, 22.0, 9999.0, 9.66, 10.0, 21.68, 9999.0, 23.8, 9999.0, 117.68, 128.0, 120.25, 91.25, 138.57
2024-11-07, 23:07:25, 136.5, 58.25, 23.0, 22.02, 9999.0, 9.68, 10.0, 21.7, 9999.0, 23.8, 9999.0, 117.68, 128.0, 120.25, 91.25, 138.57
2024-11-07, 23:07:29, 136.5, 58.25, 23.0, 22.02, 9999.0, 9.7, 10.0, 21.7, 9999.0, 23.75, 9999.0, 117.68, 128.0, 120.25, 91.25, 138.57
2024-11-07, 23:07:33, 136.5, 58.25, 23.0, 22.02, 9999.0, 9.73, 10.02, 21.7, 9999.0, 23.7, 9999.0, 117.7, 128.0, 120.27, 91.25, 138.57
2024-11-07, 23:07:37, 136.5, 58.25, 23.0, 22.02, 9999.0, 9.75, 10.02, 21.7, 9999.0, 23.68, 9999.0, 117.73, 128.0, 120.27, 91.25, 138.57
2024-11-07, 23:07:41, 136.5, 58.25, 23.0, 22.02, 9999.0, 9.77, 10.02, 21.7, 9999.0, 23.68, 9999.0, 117.75, 128.0, 120.27, 91.25, 138.59
2024-11-07, 23:07:45, 136.5, 58.25, 23.0, 22.02, 9999.0, 9.8, 10.05, 21.73, 9999.0, 23.68, 9999.0, 117.77, 128.0, 120.27, 91.25, 138.57
2024-11-07, 23:07:49, 136.5, 58.25, 23.0, 22.02, 9999.0, 9.8, 10.05, 21.75, 9999.0, 23.68, 9999.0, 117.82, 128.0, 120.27, 91.25, 138.59
2024-11-07, 23:07:53, 136.5, 58.25, 23.0, 22.02, 9999.0, 9.8, 10.05, 21.75, 9999.0, 23.7, 9999.0, 117.82, 128.0, 120.27, 91.25, 138.57
2024-11-07, 23:07:57, 136.5, 58.25, 23.0, 22.02, 9999.0, 9.8, 10.05, 21.75, 9999.0, 23.73, 9999.0, 117.84, 128.0, 120.27, 91.25, 138.55
2024-11-07, 23:08:01, 136.5, 58.25, 23.0, 22.05, 9999.0, 9.75, 10.05, 21.75, 9999.0, 23.75, 9999.0, 117.86, 128.0, 120.27, 91.25, 138.55
2024-11-07, 23:08:05, 136.5, 58.25, 23.0, 22.05, 9999.0, 9.7, 10.05, 21.75, 9999.0, 23.77, 9999.0, 117.86, 128.0, 120.3, 91.25, 138.55
2024-11-07, 23:08:09, 136.5, 58.25, 23.0, 22.02, 9999.0, 9.68, 10.05, 21.75, 9999.0, 23.8, 9999.0, 117.86, 128.0, 120.3, 91.25, 138.55
2024-11-07, 23:08:13, 136.5, 58.25, 23.0, 22.02, 9999.0, 9.66, 10.05, 21.75, 9999.0, 23.84, 9999.0, 117.86, 128.0, 120.3, 91.25, 138.55
2024-11-07, 23:08:17, 136.5, 58.25, 23.0, 22.02, 9999.0, 9.64, 10.02, 21.75, 9999.0, 23.86, 9999.0, 117.84, 128.0, 120.27, 91.25, 138.55
2024-11-07, 23:08:21, 136.5, 58.25, 23.0, 22.02, 9999.0, 9.64, 10.02, 21.75, 9999.0, 23.89, 9999.0, 117.82, 128.0, 120.27, 91.25, 138.57
2024-11-07, 23:08:25, 136.5, 58.25, 23.0, 22.02, 9999.0, 9.64, 10.02, 21.75, 9999.0, 23.89, 9999.0, 117.77, 128.0, 120.27, 91.25, 138.55
2024-11-07, 23:08:29, 136.5, 58.25, 23.0, 22.02, 9999.0, 9.64, 10.0, 21.75, 9999.0, 23.89, 9999.0, 117.75, 128.0, 120.27, 91.25, 138.55
2024-11-07, 23:08:33, 136.5, 58.25, 23.0, 22.02, 9999.0, 9.66, 10.0, 21.75, 9999.0, 23.89, 9999.0, 117.7, 128.0, 120.27, 91.25, 138.52
2024-11-07, 23:08:37, 136.5, 58.25, 23.0, 22.05, 9999.0, 9.68, 10.0, 21.75, 9999.0, 23.86, 9999.0, 117.7, 128.0, 120.27, 91.25, 138.52
2024-11-07, 23:08:41, 136.5, 58.25, 23.0, 22.05, 9999.0, 9.68, 10.0, 21.73, 9999.0, 23.84, 9999.0, 117.7, 128.0, 120.27, 91.25, 138.52
2024-11-07, 23:08:45, 136.5, 58.25, 23.0, 22.02, 9999.0, 9.7, 10.0, 21.73, 9999.0, 23.82, 9999.0, 117.7, 128.0, 120.27, 91.25, 138.55
2024-11-07, 23:08:49, 136.5, 58.25, 23.0, 22.02, 9999.0, 9.73, 10.0, 21.73, 9999.0, 23.8, 9999.0, 117.73, 128.0, 120.25, 91.25, 138.55
2024-11-07, 23:08:53, 136.5, 58.25, 23.0, 22.02, 9999.0, 9.75, 10.0, 21.73, 9999.0, 23.77, 9999.0, 117.75, 128.0, 120.25, 91.25, 138.55
2024-11-07, 23:08:57, 136.5, 58.25, 23.0, 22.02, 9999.0, 9.77, 10.0, 21.73, 9999.0, 23.75, 9999.0, 117.77, 128.0, 120.25, 91.25, 138.57
2024-11-07, 23:09:01, 136.5, 58.25, 23.0, 22.02, 9999.0, 9.8, 10.0, 21.73, 9999.0, 23.77, 9999.0, 117.8, 128.0, 120.25, 91.25, 138.59
2024-11-07, 23:09:05, 136.5, 58.25, 23.0, 22.02, 9999.0, 9.8, 10.0, 21.73, 9999.0, 23.8, 9999.0, 117.82, 128.0, 120.25, 91.25, 138.59
2024-11-07, 23:09:09, 136.5, 58.25, 23.0, 22.05, 9999.0, 9.8, 10.0, 21.73, 9999.0, 23.82, 9999.0, 117.86, 128.0, 120.25, 91.25, 138.59
2024-11-07, 23:09:13, 136.5, 58.25, 23.0, 22.07, 9999.0, 9.8, 10.0, 21.73, 9999.0, 23.86, 9999.0, 117.86, 128.0, 120.25, 91.25, 138.61
2024-11-07, 23:09:17, 136.5, 58.25, 23.0, 22.07, 9999.0, 9.75, 10.0, 21.73, 9999.0, 23.89, 9999.0, 117.91, 128.0, 120.25, 91.25, 138.64
2024-11-07, 23:09:21, 136.5, 58.25, 23.0, 22.05, 9999.0, 9.73, 10.0, 21.73, 9999.0, 23.91, 9999.0, 117.91, 128.0, 120.25, 91.25, 138.66
2024-11-07, 23:09:25, 136.52, 58.25, 23.0, 22.07, 9999.0, 9.73, 10.0, 21.75, 9999.0, 23.93, 9999.0, 117.91, 128.0, 120.25, 91.25, 138.68
2024-11-07, 23:09:29, 136.52, 58.25, 23.0, 22.07, 9999.0, 9.7, 10.0, 21.75, 9999.0, 23.95, 9999.0, 117.91, 128.0, 120.25, 91.25, 138.68
2024-11-07, 23:09:33, 136.52, 58.25, 23.0, 22.09, 9999.0, 9.68, 10.0, 21.75, 9999.0, 23.98, 9999.0, 117.89, 128.0, 120.25, 91.25, 138.7
2024-11-07, 23:09:38, 136.52, 58.25, 23.0, 22.11, 9999.0, 9.66, 10.0, 21.75, 9999.0, 24.0, 9999.0, 117.86, 128.0, 120.25, 91.25, 138.73
2024-11-07, 23:09:42, 136.52, 58.25, 23.0, 22.14, 9999.0, 9.66, 10.0, 21.75, 9999.0, 24.02, 9999.0, 117.84, 128.0, 120.25, 91.25, 138.7
2024-11-07, 23:09:46, 136.52, 58.25, 23.0, 22.16, 9999.0, 9.66, 10.0, 21.75, 9999.0, 24.02, 9999.0, 117.8, 128.0, 120.25, 91.25, 138.68
2024-11-07, 23:09:50, 136.52, 58.27, 23.0, 22.18, 9999.0, 9.66, 10.0, 21.75, 9999.0, 24.02, 9999.0, 117.77, 128.0, 120.25, 91.25, 138.68
2024-11-07, 23:09:54, 136.52, 58.27, 23.0, 22.18, 9999.0, 9.68, 10.0, 21.75, 9999.0, 24.02, 9999.0, 117.75, 128.0, 120.25, 91.25, 138.7
2024-11-07, 23:09:58, 136.52, 58.27, 23.0, 22.18, 9999.0, 9.7, 10.0, 21.75, 9999.0, 24.0, 9999.0, 117.75, 128.0, 120.25, 91.25, 138.7
2024-11-07, 23:10:02, 136.52, 58.27, 23.0, 22.2, 9999.0, 9.73, 10.0, 21.75, 9999.0, 23.98, 9999.0, 117.73, 128.0, 120.25, 91.25, 138.7
2024-11-07, 23:10:06, 136.52, 58.27, 23.0, 22.23, 9999.0, 9.73, 10.0, 21.75, 9999.0, 23.95, 9999.0, 117.73, 128.0, 120.25, 91.25, 138.68
2024-11-07, 23:10:10, 136.5, 58.27, 23.0, 22.23, 9999.0, 9.73, 10.0, 21.73, 9999.0, 23.93, 9999.0, 117.75, 128.0, 120.25, 91.25, 138.66
2024-11-07, 23:10:14, 136.5, 58.27, 23.0, 22.25, 9999.0, 9.75, 10.0, 21.73, 9999.0, 23.91, 9999.0, 117.77, 128.0, 120.25, 91.25, 138.66
2024-11-07, 23:10:18, 136.5, 58.27, 23.0, 22.25, 9999.0, 9.77, 10.0, 21.73, 9999.0, 23.91, 9999.0, 117.8, 128.0, 120.25, 91.25, 138.66
2024-11-07, 23:10:39, 136.5, 58.27, 23.0, 22.25, 9999.0, 9.8, 10.0, 21.73, 9999.0, 23.91, 9999.0, 117.82, 128.0, 120.25, 91.25, 138.66
2024-11-07, 23:10:43, 136.5, 58.27, 23.0, 22.25, 9999.0, 9.8, 10.0, 21.73, 9999.0, 23.91, 9999.0, 117.82, 128.0, 120.25, 91.25, 138.68
2024-11-07, 23:10:47, 136.5, 58.27, 23.0, 22.23, 9999.0, 9.8, 10.0, 21.73, 9999.0, 23.93, 9999.0, 117.86, 128.0, 120.25, 91.25, 138.7
2024-11-07, 23:10:51, 136.5, 58.25, 23.0, 22.2, 9999.0, 9.8, 10.0, 21.73, 9999.0, 23.95, 9999.0, 117.86, 128.0, 120.25, 91.25, 138.7
2024-11-07, 23:10:55, 136.5, 58.25, 23.0, 22.18, 9999.0, 9.77, 10.0, 21.73, 9999.0, 23.95, 9999.0, 117.86, 128.0, 120.25, 91.25, 138.68
2024-11-07, 23:10:59, 136.5, 58.25, 23.0, 22.16, 9999.0, 9.73, 10.0, 21.73, 9999.0, 23.95, 9999.0, 117.86, 128.0, 120.25, 91.25, 138.68
2024-11-07, 23:11:03, 136.5, 58.25, 23.0, 22.16, 9999.0, 9.7, 10.0, 21.73, 9999.0, 23.98, 9999.0, 117.86, 128.0, 120.25, 91.25, 138.66
2024-11-07, 23:11:07, 136.5, 58.25, 23.0, 22.16, 9999.0, 9.68, 10.0, 21.73, 9999.0, 24.0, 9999.0, 117.86, 128.0, 120.25, 91.25, 138.66
2024-11-07, 23:11:11, 136.5, 58.25, 23.0, 22.14, 9999.0, 9.66, 10.0, 21.75, 9999.0, 24.02, 9999.0, 117.84, 128.0, 120.25, 91.25, 138.68
2024-11-07, 23:11:15, 136.5, 58.25, 23.0, 22.14, 9999.0, 9.64, 10.0, 21.75, 9999.0, 24.05, 9999.0, 117.82, 128.0, 120.25, 91.25, 138.66
2024-11-07, 23:11:19, 136.5, 58.25, 23.0, 22.11, 9999.0, 9.64, 10.0, 21.75, 9999.0, 24.05, 9999.0, 117.8, 128.0, 120.25, 91.25, 138.64
2024-11-07, 23:11:23, 136.5, 58.25, 23.0, 22.09, 9999.0, 9.64, 10.0, 21.75, 9999.0, 24.05, 9999.0, 117.75, 128.0, 120.25, 91.25, 138.64
2024-11-07, 23:11:27, 136.5, 58.25, 23.0, 22.09, 9999.0, 9.64, 10.0, 21.75, 9999.0, 24.02, 9999.0, 117.73, 128.0, 120.25, 91.25, 138.64
2024-11-07, 23:11:31, 136.5, 58.25, 23.0, 22.09, 9999.0, 9.66, 10.0, 21.75, 9999.0, 24.0, 9999.0, 117.68, 127.98, 120.25, 91.25, 138.61
2024-11-07, 23:11:35, 136.5, 58.25, 23.0, 22.09, 9999.0, 9.68, 10.0, 21.75, 9999.0, 23.98, 9999.0, 117.68, 127.98, 120.25, 91.25, 138.61
2024-11-07, 23:11:40, 136.5, 58.25, 23.0, 22.11, 9999.0, 9.68, 10.0, 21.75, 9999.0, 23.98, 9999.0, 117.68, 127.98, 120.25, 91.25, 138.64
2024-11-07, 23:11:49, 136.5, 58.25, 23.0, 22.14, 9999.0, 9.7, 10.0, 21.75, 9999.0, 23.98, 9999.0, 117.7, 127.98, 120.25, 91.25, 138.61
2024-11-07, 23:11:53, 136.52, 58.25, 23.0, 22.11, 9999.0, 9.73, 10.0, 21.75, 9999.0, 23.98, 9999.0, 117.73, 127.98, 120.25, 91.25, 138.64
2024-11-07, 23:11:57, 136.52, 58.25, 23.0, 22.11, 9999.0, 9.75, 10.0, 21.75, 9999.0, 23.98, 9999.0, 117.75, 127.98, 120.25, 91.25, 138.66
2024-11-07, 23:12:01, 136.52, 58.25, 23.0, 22.11, 9999.0, 9.77, 10.0, 21.75, 9999.0, 23.98, 9999.0, 117.77, 127.98, 120.25, 91.25, 138.66
2024-11-07, 23:12:05, 136.52, 58.25, 23.0, 22.11, 9999.0, 9.8, 10.0, 21.75, 9999.0, 23.98, 9999.0, 117.8, 127.98, 120.25, 91.25, 138.66
2024-11-07, 23:12:09, 136.52, 58.25, 23.0, 22.14, 9999.0, 9.8, 10.0, 21.75, 9999.0, 24.0, 9999.0, 117.8, 127.98, 120.25, 91.25, 138.66
2024-11-07, 23:12:13, 136.52, 58.25, 23.0, 22.16, 9999.0, 9.8, 10.0, 21.75, 9999.0, 24.02, 9999.0, 117.84, 127.98, 120.25, 91.25, 138.66
2024-11-07, 23:12:17, 136.52, 58.27, 23.0, 22.16, 9999.0, 9.8, 10.0, 21.75, 9999.0, 24.07, 9999.0, 117.86, 127.98, 120.25, 91.25, 138.64
2024-11-07, 23:12:21, 136.52, 58.3, 23.0, 22.18, 9999.0, 9.77, 10.0, 21.75, 9999.0, 24.09, 9999.0, 117.89, 128.0, 120.25, 91.25, 138.64
2024-11-07, 23:12:25, 136.52, 58.3, 23.0, 22.2, 9999.0, 9.73, 10.0, 21.75, 9999.0, 24.11, 9999.0, 117.89, 128.0, 120.25, 91.25, 138.64
2024-11-07, 23:12:29, 136.52, 58.3, 23.0, 22.2, 9999.0, 9.7, 10.0, 21.75, 9999.0, 24.11, 9999.0, 117.89, 128.0, 120.25, 91.25, 138.64
2024-11-07, 23:12:33, 136.52, 58.3, 23.0, 22.2, 9999.0, 9.68, 10.0, 21.75, 9999.0, 24.11, 9999.0, 117.86, 128.0, 120.25, 91.25, 138.66
2024-11-07, 23:12:37, 136.5, 58.3, 23.0, 22.23, 9999.0, 9.66, 10.0, 21.75, 9999.0, 24.11, 9999.0, 117.84, 128.0, 120.25, 91.25, 138.64
2024-11-07, 23:12:41, 136.52, 58.3, 23.0, 22.2, 9999.0, 9.64, 10.0, 21.75, 9999.0, 24.11, 9999.0, 117.82, 128.0, 120.25, 91.25, 138.61
2024-11-07, 23:12:45, 136.52, 58.3, 23.0, 22.2, 9999.0, 9.64, 10.0, 21.75, 9999.0, 24.11, 9999.0, 117.8, 128.0, 120.25, 91.25, 138.61
2024-11-07, 23:12:49, 136.52, 58.3, 22.98, 22.18, 9999.0, 9.64, 10.0, 21.75, 9999.0, 24.11, 9999.0, 117.77, 128.0, 120.25, 91.25, 138.61
2024-11-07, 23:12:53, 136.55, 58.32, 22.98, 22.18, 9999.0, 9.66, 10.0, 21.75, 9999.0, 24.09, 9999.0, 117.77, 128.0, 120.25, 91.25, 138.61
2024-11-07, 23:12:57, 136.55, 58.32, 22.95, 22.16, 9999.0, 9.68, 10.0, 21.75, 9999.0, 24.07, 9999.0, 117.73, 128.0, 120.25, 91.25, 138.61
2024-11-07, 23:13:01, 136.57, 58.32, 22.93, 22.14, 9999.0, 9.68, 10.0, 21.75, 9999.0, 24.05, 9999.0, 117.73, 128.0, 120.25, 91.25, 138.61
2024-11-07, 23:13:06, 136.57, 58.32, 22.93, 22.14, 9999.0, 9.68, 10.0, 21.75, 9999.0, 24.02, 9999.0, 117.73, 128.0, 120.25, 91.25, 138.61
2024-11-07, 23:13:10, 136.57, 58.32, 22.93, 22.14, 9999.0, 9.7, 10.0, 21.75, 9999.0, 24.0, 9999.0, 117.75, 128.0, 120.25, 91.25, 138.61
2024-11-07, 23:13:14, 136.57, 58.34, 22.93, 22.14, 9999.0, 9.73, 10.0, 21.75, 9999.0, 24.0, 9999.0, 117.77, 128.0, 120.25, 91.25, 138.59
2024-11-07, 23:13:18, 136.57, 58.36, 22.93, 22.11, 9999.0, 9.75, 10.0, 21.75, 9999.0, 24.0, 9999.0, 117.8, 128.0, 120.25, 91.25, 138.57
2024-11-07, 23:13:22, 136.57, 58.36, 22.93, 22.11, 9999.0, 9.77, 10.0, 21.75, 9999.0, 24.0, 9999.0, 117.82, 128.0, 120.25, 91.25, 138.59
2024-11-07, 23:13:26, 136.57, 58.39, 22.93, 22.14, 9999.0, 9.8, 10.0, 21.75, 9999.0, 24.0, 9999.0, 117.82, 128.0, 120.25, 91.25, 138.59
2024-11-07, 23:13:30, 136.59, 58.41, 22.91, 22.14, 9999.0, 9.8, 10.0, 21.75, 9999.0, 24.02, 9999.0, 117.82, 128.0, 120.25, 91.25, 138.57
2024-11-07, 23:13:34, 136.59, 58.43, 22.93, 22.14, 9999.0, 9.8, 10.0, 21.75, 9999.0, 24.05, 9999.0, 117.82, 128.0, 120.25, 91.25, 138.57
2024-11-07, 23:13:38, 136.57, 58.43, 22.93, 22.11, 9999.0, 9.77, 10.0, 21.75, 9999.0, 24.07, 9999.0, 117.82, 128.0, 120.25, 91.25, 138.57
2024-11-07, 23:13:42, 136.57, 58.43, 22.95, 22.11, 9999.0, 9.73, 10.0, 21.75, 9999.0, 24.09, 9999.0, 117.84, 128.0, 120.25, 91.25, 138.55
2024-11-07, 23:13:46, 136.55, 58.41, 22.98, 22.14, 9999.0, 9.7, 10.0, 21.75, 9999.0, 24.09, 9999.0, 117.84, 128.0, 120.25, 91.25, 138.55
2024-11-07, 23:13:50, 136.57, 58.39, 22.98, 22.11, 9999.0, 9.68, 10.0, 21.75, 9999.0, 24.09, 9999.0, 117.84, 128.0, 120.25, 91.25, 138.55
2024-11-07, 23:13:54, 136.57, 58.41, 22.98, 22.11, 9999.0, 9.66, 10.0, 21.75, 9999.0, 24.09, 9999.0, 117.82, 128.0, 120.25, 91.25, 138.52
2024-11-07, 23:13:58, 136.57, 58.41, 22.98, 22.09, 9999.0, 9.64, 10.0, 21.75, 9999.0, 24.09, 9999.0, 117.8, 128.0, 120.25, 91.25, 138.52
2024-11-07, 23:14:02, 136.57, 58.39, 22.98, 22.09, 9999.0, 9.64, 10.0, 21.75, 9999.0, 24.07, 9999.0, 117.77, 128.0, 120.25, 91.25, 138.52
2024-11-07, 23:14:06, 136.57, 58.41, 22.98, 22.07, 9999.0, 9.64, 10.0, 21.75, 9999.0, 24.05, 9999.0, 117.73, 128.0, 120.25, 91.25, 138.5
2024-11-07, 23:14:10, 136.57, 58.41, 22.98, 22.05, 9999.0, 9.64, 10.0, 21.75, 9999.0, 24.02, 9999.0, 117.73, 128.0, 120.25, 91.25, 138.52
2024-11-07, 23:14:14, 136.55, 58.39, 22.98, 22.05, 9999.0, 9.64, 10.0, 21.75, 9999.0, 23.98, 9999.0, 117.7, 127.98, 120.25, 91.25, 138.52
2024-11-07, 23:14:18, 136.55, 58.39, 22.98, 22.05, 9999.0, 9.64, 10.0, 21.75, 9999.0, 23.93, 9999.0, 117.7, 127.98, 120.25, 91.25, 138.52
2024-11-07, 23:14:22, 136.55, 58.36, 22.98, 22.05, 9999.0, 9.64, 10.0, 21.75, 9999.0, 23.89, 9999.0, 117.7, 127.98, 120.25, 91.25, 138.52
2024-11-07, 23:14:26, 136.55, 58.36, 22.98, 22.05, 9999.0, 9.66, 10.0, 21.75, 9999.0, 23.84, 9999.0, 117.7, 127.98, 120.25, 91.25, 138.52
2024-11-07, 23:14:30, 136.55, 58.39, 22.98, 22.02, 9999.0, 9.68, 10.0, 21.75, 9999.0, 23.82, 9999.0, 117.73, 127.98, 120.25, 91.25, 138.52
2024-11-07, 23:14:34, 136.52, 58.41, 22.98, 22.02, 9999.0, 9.7, 10.0, 21.75, 9999.0, 23.8, 9999.0, 117.75, 127.98, 120.25, 91.25, 138.52
2024-11-07, 23:14:38, 136.52, 58.41, 22.98, 22.0, 9999.0, 9.73, 10.0, 21.75, 9999.0, 23.77, 9999.0, 117.77, 127.98, 120.25, 91.25, 138.52
2024-11-07, 23:14:42, 136.52, 58.39, 22.98, 22.0, 9999.0, 9.75, 10.0, 21.75, 9999.0, 23.77, 9999.0, 117.8, 127.98, 120.25, 91.25, 138.52
2024-11-07, 23:14:46, 136.55, 58.41, 22.95, 22.0, 9999.0, 9.75, 10.0, 21.75, 9999.0, 23.77, 9999.0, 117.8, 127.98, 120.25, 91.25, 138.52
2024-11-07, 23:14:50, 136.55, 58.39, 22.95, 22.0, 9999.0, 9.75, 10.0, 21.75, 9999.0, 23.8, 9999.0, 117.82, 127.98, 120.25, 91.25, 138.52
2024-11-07, 23:14:54, 136.52, 58.36, 22.95, 22.0, 9999.0, 9.73, 10.0, 21.73, 9999.0, 23.82, 9999.0, 117.82, 127.98, 120.25, 91.25, 138.5
2024-11-07, 23:14:58, 136.52, 58.39, 22.98, 22.0, 9999.0, 9.7, 10.0, 21.73, 9999.0, 23.84, 9999.0, 117.84, 128.0, 120.25, 91.25, 138.52
2024-11-07, 23:15:02, 136.52, 58.39, 22.95, 22.0, 9999.0, 9.68, 10.0, 21.73, 9999.0, 23.86, 9999.0, 117.84, 128.0, 120.25, 91.25, 138.52
2024-11-07, 23:15:06, 136.52, 58.41, 22.95, 22.0, 9999.0, 9.66, 10.0, 21.73, 9999.0, 23.89, 9999.0, 117.84, 128.0, 120.25, 91.25, 138.52
2024-11-07, 23:15:10, 136.52, 58.43, 22.95, 22.0, 9999.0, 9.64, 10.0, 21.73, 9999.0, 23.89, 9999.0, 117.84, 128.0, 120.25, 91.25, 138.52
2024-11-07, 23:15:14, 136.52, 58.43, 22.95, 22.0, 9999.0, 9.61, 10.0, 21.73, 9999.0, 23.91, 9999.0, 117.82, 128.0, 120.25, 91.25, 138.52
2024-11-07, 23:15:18, 136.52, 58.41, 22.95, 22.0, 9999.0, 9.59, 10.0, 21.73, 9999.0, 23.91, 9999.0, 117.8, 128.0, 120.25, 91.25, 138.52
2024-11-07, 23:15:22, 136.52, 58.39, 22.95, 22.0, 9999.0, 9.59, 10.0, 21.73, 9999.0, 23.93, 9999.0, 117.77, 128.0, 120.25, 91.25, 138.52
2024-11-07, 23:15:26, 136.52, 58.41, 22.95, 22.0, 9999.0, 9.59, 10.0, 21.73, 9999.0, 23.91, 9999.0, 117.73, 128.0, 120.25, 91.25, 138.52
2024-11-07, 23:15:30, 136.5, 58.41, 22.98, 22.0, 9999.0, 9.59, 10.0, 21.73, 9999.0, 23.91, 9999.0, 117.7, 128.0, 120.25, 91.25, 138.52
2024-11-07, 23:15:34, 136.5, 58.41, 22.98, 22.0, 9999.0, 9.61, 10.0, 21.73, 9999.0, 23.89, 9999.0, 117.68, 128.0, 120.25, 91.25, 138.52
2024-11-07, 23:15:38, 136.5, 58.43, 22.98, 22.0, 9999.0, 9.64, 10.0, 21.75, 9999.0, 23.86, 9999.0, 117.68, 128.0, 120.25, 91.25, 138.52
2024-11-07, 23:15:42, 136.5, 58.43, 22.98, 22.0, 9999.0, 9.66, 10.0, 21.75, 9999.0, 23.84, 9999.0, 117.68, 128.0, 120.25, 91.25, 138.5
2024-11-07, 23:15:46, 136.5, 58.43, 23.0, 22.0, 9999.0, 9.68, 10.0, 21.75, 9999.0, 23.82, 9999.0, 117.7, 128.0, 120.25, 91.25, 138.5
2024-11-07, 23:15:50, 136.5, 58.43, 23.0, 22.0, 9999.0, 9.7, 10.0, 21.75, 9999.0, 23.82, 9999.0, 117.73, 128.0, 120.25, 91.25, 138.5
2024-11-07, 23:15:54, 136.5, 58.43, 22.98, 22.0, 9999.0, 9.73, 10.0, 21.75, 9999.0, 23.84, 9999.0, 117.75, 128.0, 120.25, 91.25, 138.5
2024-11-07, 23:15:58, 136.52, 58.43, 22.95, 22.0, 9999.0, 9.75, 10.0, 21.75, 9999.0, 23.86, 9999.0, 117.77, 128.0, 120.25, 91.25, 138.5
2024-11-07, 23:16:02, 136.55, 58.43, 22.93, 22.0, 9999.0, 9.77, 10.0, 21.75, 9999.0, 23.89, 9999.0, 117.8, 128.0, 120.25, 91.25, 138.5
2024-11-07, 23:16:06, 136.55, 58.43, 22.91, 22.0, 9999.0, 9.77, 10.0, 21.75, 9999.0, 23.89, 9999.0, 117.8, 128.0, 120.25, 91.25, 138.5
2024-11-07, 23:16:10, 136.55, 58.41, 22.91, 22.0, 9999.0, 9.77, 10.0, 21.75, 9999.0, 23.93, 9999.0, 117.82, 128.0, 120.25, 91.25, 138.5
2024-11-07, 23:16:14, 136.55, 58.41, 22.91, 22.0, 9999.0, 9.77, 10.0, 21.75, 9999.0, 23.98, 9999.0, 117.84, 128.0, 120.25, 91.25, 138.5
2024-11-07, 23:16:18, 136.55, 58.43, 22.91, 22.0, 9999.0, 9.73, 10.0, 21.75, 9999.0, 24.02, 9999.0, 117.86, 128.0, 120.25, 91.25, 138.5
2024-11-07, 23:16:22, 136.55, 58.41, 22.91, 22.0, 9999.0, 9.7, 10.0, 21.75, 9999.0, 24.07, 9999.0, 117.86, 128.0, 120.25, 91.25, 138.5
2024-11-07, 23:16:26, 136.55, 58.41, 22.91, 22.0, 9999.0, 9.68, 10.0, 21.75, 9999.0, 24.11, 9999.0, 117.86, 128.0, 120.25, 91.25, 138.5
2024-11-07, 23:16:30, 136.55, 58.41, 22.91, 22.0, 9999.0, 9.66, 10.0, 21.75, 9999.0, 24.14, 9999.0, 117.84, 128.0, 120.25, 91.25, 138.5
2024-11-07, 23:16:34, 136.55, 58.39, 22.91, 22.0, 9999.0, 9.64, 10.0, 21.73, 9999.0, 24.16, 9999.0, 117.82, 128.0, 120.25, 91.25, 138.5
2024-11-07, 23:16:39, 136.55, 58.39, 22.93, 22.0, 9999.0, 9.61, 10.0, 21.73, 9999.0, 24.18, 9999.0, 117.8, 128.0, 120.25, 91.25, 138.5
2024-11-07, 23:16:43, 136.55, 58.39, 22.95, 22.0, 9999.0, 9.61, 10.0, 21.7, 9999.0, 24.16, 9999.0, 117.77, 128.0, 120.25, 91.25, 138.5
2024-11-07, 23:16:47, 136.52, 58.39, 22.98, 22.0, 9999.0, 9.61, 10.0, 21.68, 9999.0, 24.18, 9999.0, 117.73, 128.0, 120.25, 91.25, 138.5
2024-11-07, 23:16:51, 136.52, 58.41, 22.98, 22.0, 9999.0, 9.61, 10.0, 21.68, 9999.0, 24.18, 9999.0, 117.7, 128.0, 120.25, 91.25, 138.5
2024-11-07, 23:16:55, 136.52, 58.43, 22.98, 22.0, 9999.0, 9.61, 10.0, 21.66, 9999.0, 24.16, 9999.0, 117.68, 128.0, 120.25, 91.25, 138.5
2024-11-07, 23:16:59, 136.52, 58.41, 22.98, 22.0, 9999.0, 9.64, 10.0, 21.66, 9999.0, 24.14, 9999.0, 117.68, 128.0, 120.25, 91.25, 138.5
2024-11-07, 23:17:03, 136.55, 58.39, 22.98, 22.0, 9999.0, 9.66, 10.0, 21.66, 9999.0, 24.11, 9999.0, 117.68, 128.0, 120.25, 91.25, 138.5
2024-11-07, 23:17:07, 136.55, 58.39, 22.98, 22.0, 9999.0, 9.68, 10.0, 21.66, 9999.0, 24.07, 9999.0, 117.7, 128.0, 120.25, 91.25, 138.5
2024-11-07, 23:17:11, 136.55, 58.39, 22.98, 22.0, 9999.0, 9.7, 10.0, 21.66, 9999.0, 24.02, 9999.0, 117.73, 128.0, 120.25, 91.25, 138.5
2024-11-07, 23:17:15, 136.57, 58.36, 22.98, 22.0, 9999.0, 9.73, 10.0, 21.66, 9999.0, 24.0, 9999.0, 117.75, 128.0, 120.25, 91.25, 138.5
2024-11-07, 23:17:19, 136.57, 58.36, 22.95, 22.0, 9999.0, 9.75, 10.0, 21.68, 9999.0, 23.98, 9999.0, 117.75, 128.0, 120.25, 91.25, 138.5
2024-11-07, 23:17:23, 136.57, 58.34, 22.93, 22.0, 9999.0, 9.77, 10.0, 21.68, 9999.0, 23.95, 9999.0, 117.77, 128.0, 120.25, 91.25, 138.5
2024-11-07, 23:17:27, 136.55, 58.32, 22.93, 22.0, 9999.0, 9.75, 10.0, 21.7, 9999.0, 23.95, 9999.0, 117.77, 128.0, 120.25, 91.25, 138.5
2024-11-07, 23:17:31, 136.55, 58.32, 22.93, 22.0, 9999.0, 9.75, 10.0, 21.73, 9999.0, 23.95, 9999.0, 117.82, 128.0, 120.25, 91.25, 138.5
2024-11-07, 23:17:35, 136.55, 58.3, 22.95, 22.0, 9999.0, 9.75, 10.0, 21.73, 9999.0, 23.98, 9999.0, 117.84, 128.0, 120.25, 91.25, 138.5
2024-11-07, 23:17:39, 136.55, 58.27, 22.95, 22.0, 9999.0, 9.73, 10.0, 21.75, 9999.0, 24.0, 9999.0, 117.86, 128.0, 120.25, 91.25, 138.5
2024-11-07, 23:17:43, 136.55, 58.27, 22.93, 22.0, 9999.0, 9.68, 10.0, 21.75, 9999.0, 24.0, 9999.0, 117.86, 128.0, 120.25, 91.25, 138.5
2024-11-07, 23:17:47, 136.52, 58.27, 22.93, 22.0, 9999.0, 9.66, 10.0, 21.75, 9999.0, 24.0, 9999.0, 117.86, 128.0, 120.25, 91.25, 138.5
2024-11-07, 23:17:51, 136.52, 58.3, 22.93, 22.0, 9999.0, 9.64, 10.0, 21.75, 9999.0, 24.02, 9999.0, 117.84, 128.0, 120.25, 91.25, 138.5
2024-11-07, 23:17:55, 136.52, 58.27, 22.93, 22.0, 9999.0, 9.61, 10.0, 21.75, 9999.0, 24.05, 9999.0, 117.82, 128.0, 120.25, 91.25, 138.5
2024-11-07, 23:17:59, 136.5, 58.27, 22.93, 22.0, 9999.0, 9.61, 10.0, 21.73, 9999.0, 24.07, 9999.0, 117.77, 128.0, 120.25, 91.25, 138.5
2024-11-07, 23:18:03, 136.52, 58.27, 22.95, 22.0, 9999.0, 9.61, 10.0, 21.7, 9999.0, 24.07, 9999.0, 117.75, 128.0, 120.25, 91.25, 138.5
2024-11-07, 23:18:07, 136.52, 58.27, 22.98, 22.0, 9999.0, 9.61, 10.0, 21.7, 9999.0, 24.07, 9999.0, 117.7, 128.0, 120.25, 91.25, 138.5
2024-11-07, 23:18:11, 136.55, 58.27, 22.98, 22.0, 9999.0, 9.66, 10.0, 21.7, 9999.0, 24.07, 9999.0, 117.68, 128.0, 120.25, 91.25, 138.5
2024-11-07, 23:18:15, 136.55, 58.27, 22.98, 22.0, 9999.0, 9.66, 10.0, 21.7, 9999.0, 24.05, 9999.0, 117.66, 128.0, 120.25, 91.25, 138.5
2024-11-07, 23:18:19, 136.55, 58.27, 22.98, 22.0, 9999.0, 9.66, 10.0, 21.7, 9999.0, 24.02, 9999.0, 117.66, 128.0, 120.25, 91.25, 138.5
2024-11-07, 23:18:23, 136.57, 58.27, 22.95, 22.0, 9999.0, 9.68, 10.0, 21.7, 9999.0, 24.0, 9999.0, 117.66, 128.0, 120.25, 91.25, 138.5
2024-11-07, 23:18:27, 136.57, 58.27, 22.98, 22.0, 9999.0, 9.7, 10.0, 21.7, 9999.0, 24.0, 9999.0, 117.68, 128.0, 120.25, 91.25, 138.5
2024-11-07, 23:18:31, 136.57, 58.27, 22.98, 22.0, 9999.0, 9.73, 10.0, 21.7, 9999.0, 24.0, 9999.0, 117.7, 128.0, 120.25, 91.25, 138.5
2024-11-07, 23:18:35, 136.59, 58.25, 22.95, 22.0, 9999.0, 9.75, 10.0, 21.7, 9999.0, 24.0, 9999.0, 117.73, 128.0, 120.25, 91.25, 138.5
2024-11-07, 23:18:39, 136.61, 58.27, 22.95, 22.0, 9999.0, 9.77, 10.0, 21.7, 9999.0, 24.02, 9999.0, 117.73, 128.0, 120.25, 91.25, 138.5
2024-11-07, 23:18:43, 136.61, 58.27, 22.95, 22.0, 9999.0, 9.77, 10.0, 21.73, 9999.0, 24.05, 9999.0, 117.75, 128.0, 120.25, 91.25, 138.5
2024-11-07, 23:18:47, 136.61, 58.27, 22.93, 22.0, 9999.0, 9.77, 10.0, 21.75, 9999.0, 24.07, 9999.0, 117.77, 128.0, 120.25, 91.25, 138.5
2024-11-07, 23:18:51, 136.61, 58.27, 22.93, 22.0, 9999.0, 9.77, 10.0, 21.73, 9999.0, 24.09, 9999.0, 117.8, 128.0, 120.25, 91.25, 138.5
2024-11-07, 23:18:55, 136.59, 58.27, 22.93, 22.0, 9999.0, 9.73, 10.0, 21.73, 9999.0, 24.11, 9999.0, 117.82, 128.0, 120.25, 91.25, 138.5
2024-11-07, 23:18:59, 136.59, 58.27, 22.93, 22.0, 9999.0, 9.73, 10.0, 21.73, 9999.0, 24.14, 9999.0, 117.82, 128.0, 120.25, 91.25, 138.5
2024-11-07, 23:19:03, 136.59, 58.27, 22.93, 22.0, 9999.0, 9.7, 10.0, 21.73, 9999.0, 24.16, 9999.0, 117.82, 128.0, 120.25, 91.25, 138.5
2024-11-07, 23:19:07, 136.57, 58.3, 22.95, 22.0, 9999.0, 9.68, 10.0, 21.73, 9999.0, 24.18, 9999.0, 117.82, 128.0, 120.25, 91.25, 138.5
2024-11-07, 23:19:11, 136.57, 58.3, 22.95, 22.0, 9999.0, 9.66, 10.0, 21.73, 9999.0, 24.2, 9999.0, 117.77, 128.0, 120.25, 91.25, 138.5
2024-11-07, 23:19:15, 136.57, 58.3, 22.93, 22.0, 9999.0, 9.64, 10.0, 21.73, 9999.0, 24.23, 9999.0, 117.73, 128.0, 120.25, 91.25, 138.5
2024-11-07, 23:19:19, 136.55, 58.3, 22.95, 22.0, 9999.0, 9.64, 10.0, 21.73, 9999.0, 24.23, 9999.0, 117.68, 128.0, 120.25, 91.25, 138.5
2024-11-07, 23:19:23, 136.52, 58.27, 22.95, 22.0, 9999.0, 9.64, 10.0, 21.73, 9999.0, 24.2, 9999.0, 117.66, 128.0, 120.25, 91.25, 138.5
2024-11-07, 23:19:27, 136.52, 58.27, 22.93, 22.0, 9999.0, 9.64, 10.0, 21.73, 9999.0, 24.18, 9999.0, 117.64, 128.0, 120.25, 91.25, 138.5
2024-11-07, 23:19:31, 136.5, 58.27, 22.95, 22.0, 9999.0, 9.64, 10.0, 21.73, 9999.0, 24.16, 9999.0, 117.61, 128.0, 120.25, 91.25, 138.5
2024-11-07, 23:19:35, 136.5, 58.27, 22.93, 22.0, 9999.0, 9.66, 10.0, 21.75, 9999.0, 24.14, 9999.0, 117.61, 128.0, 120.25, 91.25, 138.5
2024-11-07, 23:19:39, 136.5, 58.27, 22.93, 22.0, 9999.0, 9.68, 10.0, 21.75, 9999.0, 24.11, 9999.0, 117.61, 128.0, 120.25, 91.25, 138.5
2024-11-07, 23:19:43, 136.5, 58.27, 22.93, 22.0, 9999.0, 9.68, 10.0, 21.75, 9999.0, 24.09, 9999.0, 117.61, 128.0, 120.25, 91.25, 138.5
2024-11-07, 23:19:47, 136.5, 58.27, 22.93, 22.0, 9999.0, 9.7, 10.0, 21.75, 9999.0, 24.07, 9999.0, 117.64, 128.0, 120.25, 91.25, 138.5
2024-11-07, 23:19:51, 136.5, 58.25, 22.93, 22.0, 9999.0, 9.73, 10.0, 21.75, 9999.0, 24.05, 9999.0, 117.66, 128.0, 120.25, 91.25, 138.5
2024-11-07, 23:19:55, 136.5, 58.25, 22.93, 22.0, 9999.0, 9.75, 10.0, 21.75, 9999.0, 24.02, 9999.0, 117.7, 128.0, 120.25, 91.25, 138.5
2024-11-07, 23:19:59, 136.5, 58.27, 22.95, 22.0, 9999.0, 9.77, 10.0, 21.75, 9999.0, 24.0, 9999.0, 117.73, 128.0, 120.25, 91.25, 138.5
2024-11-07, 23:20:03, 136.5, 58.27, 22.95, 22.0, 9999.0, 9.77, 10.0, 21.75, 9999.0, 24.0, 9999.0, 117.77, 128.0, 120.25, 91.25, 138.5
2024-11-07, 23:20:07, 136.5, 58.27, 22.95, 22.0, 9999.0, 9.77, 10.0, 21.75, 9999.0, 24.02, 9999.0, 117.82, 128.0, 120.25, 91.25, 138.5
2024-11-07, 23:20:12, 136.5, 58.27, 22.98, 22.0, 9999.0, 9.77, 10.0, 21.75, 9999.0, 24.05, 9999.0, 117.84, 128.0, 120.25, 91.25, 138.5
2024-11-07, 23:20:16, 136.5, 58.27, 22.98, 22.0, 9999.0, 9.77, 10.0, 21.75, 9999.0, 24.07, 9999.0, 117.86, 128.0, 120.25, 91.25, 138.5
2024-11-07, 23:20:20, 136.5, 58.27, 23.0, 22.0, 9999.0, 9.73, 10.0, 21.75, 9999.0, 24.09, 9999.0, 117.86, 128.0, 120.25, 91.25, 138.5
2024-11-07, 23:20:24, 136.5, 58.27, 23.0, 22.02, 9999.0, 9.7, 10.0, 21.75, 9999.0, 24.11, 9999.0, 117.86, 128.0, 120.25, 91.25, 138.5
2024-11-07, 23:20:28, 136.52, 58.3, 22.98, 22.02, 9999.0, 9.68, 10.0, 21.75, 9999.0, 24.11, 9999.0, 117.86, 128.0, 120.25, 91.25, 138.5
2024-11-07, 23:20:32, 136.52, 58.3, 22.98, 22.02, 9999.0, 9.66, 10.0, 21.75, 9999.0, 24.11, 9999.0, 117.82, 128.0, 120.25, 91.25, 138.5
2024-11-07, 23:20:36, 136.52, 58.32, 22.98, 22.02, 9999.0, 9.64, 10.0, 21.75, 9999.0, 24.11, 9999.0, 117.8, 128.0, 120.25, 91.25, 138.5
2024-11-07, 23:20:40, 136.52, 58.32, 22.98, 22.02, 9999.0, 9.64, 10.0, 21.75, 9999.0, 24.11, 9999.0, 117.75, 128.0, 120.25, 91.25, 138.5
2024-11-07, 23:20:44, 136.55, 58.3, 22.98, 22.02, 9999.0, 9.64, 10.0, 21.73, 9999.0, 24.11, 9999.0, 117.73, 128.0, 120.25, 91.25, 138.5
2024-11-07, 23:20:48, 136.57, 58.3, 22.98, 22.02, 9999.0, 9.66, 10.0, 21.73, 9999.0, 24.11, 9999.0, 117.68, 128.0, 120.25, 91.25, 138.5
2024-11-07, 23:20:52, 136.57, 58.3, 22.98, 22.02, 9999.0, 9.66, 10.0, 21.73, 9999.0, 24.09, 9999.0, 117.64, 128.0, 120.25, 91.25, 138.5
2024-11-07, 23:20:56, 136.57, 58.3, 22.98, 22.02, 9999.0, 9.68, 10.0, 21.73, 9999.0, 24.07, 9999.0, 117.64, 128.0, 120.25, 91.25, 138.5
2024-11-07, 23:21:00, 136.57, 58.3, 22.95, 22.02, 9999.0, 9.68, 10.0, 21.73, 9999.0, 24.05, 9999.0, 117.64, 127.98, 120.25, 91.25, 138.5
2024-11-07, 23:21:04, 136.59, 58.32, 22.95, 22.02, 9999.0, 9.7, 10.0, 21.73, 9999.0, 24.02, 9999.0, 117.66, 127.98, 120.25, 91.25, 138.5
2024-11-07, 23:21:08, 136.59, 58.32, 22.95, 22.0, 9999.0, 9.73, 10.0, 21.73, 9999.0, 24.0, 9999.0, 117.68, 127.98, 120.25, 91.25, 138.5
2024-11-07, 23:21:12, 136.57, 58.3, 22.95, 22.0, 9999.0, 9.75, 10.0, 21.73, 9999.0, 24.0, 9999.0, 117.7, 127.98, 120.25, 91.25, 138.5
2024-11-07, 23:21:16, 136.57, 58.32, 22.95, 22.0, 9999.0, 9.77, 10.0, 21.73, 9999.0, 24.02, 9999.0, 117.73, 127.98, 120.25, 91.25, 138.5
2024-11-07, 23:21:20, 136.57, 58.3, 22.95, 22.0, 9999.0, 9.8, 10.0, 21.73, 9999.0, 24.05, 9999.0, 117.75, 127.98, 120.25, 91.25, 138.5
2024-11-07, 23:21:24, 136.57, 58.3, 22.93, 22.0, 9999.0, 9.8, 10.0, 21.73, 9999.0, 24.07, 9999.0, 117.77, 127.98, 120.25, 91.25, 138.5
2024-11-07, 23:21:28, 136.55, 58.3, 22.91, 22.0, 9999.0, 9.8, 10.0, 21.75, 9999.0, 24.09, 9999.0, 117.8, 127.98, 120.25, 91.25, 138.5
2024-11-07, 23:21:32, 136.52, 58.32, 22.89, 22.0, 9999.0, 9.77, 10.0, 21.75, 9999.0, 24.11, 9999.0, 117.82, 127.98, 120.25, 91.25, 138.5
2024-11-07, 23:21:36, 136.55, 58.32, 22.89, 22.0, 9999.0, 9.75, 10.0, 21.75, 9999.0, 24.14, 9999.0, 117.84, 127.98, 120.25, 91.25, 138.5
2024-11-07, 23:21:40, 136.57, 58.32, 22.86, 22.0, 9999.0, 9.7, 10.0, 21.75, 9999.0, 24.16, 9999.0, 117.84, 127.98, 120.25, 91.25, 138.5
2024-11-07, 23:21:44, 136.59, 58.32, 22.86, 22.0, 9999.0, 9.68, 10.0, 21.75, 9999.0, 24.16, 9999.0, 117.84, 128.0, 120.27, 91.25, 138.5
2024-11-07, 23:21:48, 136.57, 58.3, 22.86, 22.0, 9999.0, 9.66, 10.0, 21.75, 9999.0, 24.16, 9999.0, 117.82, 128.0, 120.27, 91.25, 138.5
2024-11-07, 23:21:52, 136.59, 58.3, 22.86, 22.0, 9999.0, 9.64, 10.0, 21.75, 9999.0, 24.16, 9999.0, 117.8, 128.0, 120.27, 91.25, 138.5
2024-11-07, 23:21:56, 136.61, 58.3, 22.89, 22.0, 9999.0, 9.64, 10.0, 21.75, 9999.0, 24.16, 9999.0, 117.77, 128.0, 120.27, 91.25, 138.5
2024-11-07, 23:22:00, 136.61, 58.27, 22.89, 22.0, 9999.0, 9.64, 10.0, 21.75, 9999.0, 24.14, 9999.0, 117.75, 128.0, 120.27, 91.25, 138.5
2024-11-07, 23:22:04, 136.61, 58.27, 22.86, 22.0, 9999.0, 9.64, 10.0, 21.75, 9999.0, 24.11, 9999.0, 117.7, 128.0, 120.3, 91.25, 138.5
2024-11-07, 23:22:08, 136.61, 58.27, 22.89, 22.0, 9999.0, 9.64, 10.0, 21.75, 9999.0, 24.09, 9999.0, 117.68, 128.0, 120.3, 91.25, 138.5
2024-11-07, 23:22:12, 136.61, 58.3, 22.91, 22.0, 9999.0, 9.64, 10.0, 21.75, 9999.0, 24.07, 9999.0, 117.66, 128.0, 120.3, 91.25, 138.5
2024-11-07, 23:22:16, 136.61, 58.27, 22.93, 22.0, 9999.0, 9.64, 10.0, 21.75, 9999.0, 24.02, 9999.0, 117.66, 128.0, 120.3, 91.25, 138.5
2024-11-07, 23:22:20, 136.59, 58.27, 22.91, 22.0, 9999.0, 9.66, 10.0, 21.75, 9999.0, 24.0, 9999.0, 117.66, 128.0, 120.3, 91.25, 138.5
2024-11-07, 23:22:24, 136.59, 58.27, 22.93, 22.0, 9999.0, 9.68, 10.0, 21.75, 9999.0, 23.98, 9999.0, 117.68, 128.0, 120.3, 91.25, 138.5
2024-11-07, 23:22:28, 136.57, 58.27, 22.95, 22.0, 9999.0, 9.7, 10.0, 21.75, 9999.0, 23.98, 9999.0, 117.7, 128.0, 120.27, 91.25, 138.5
2024-11-07, 23:22:32, 136.57, 58.27, 22.95, 22.0, 9999.0, 9.73, 10.0, 21.75, 9999.0, 23.98, 9999.0, 117.73, 128.0, 120.27, 91.25, 138.5
2024-11-07, 23:22:36, 136.55, 58.27, 22.93, 22.0, 9999.0, 9.75, 10.0, 21.75, 9999.0, 24.0, 9999.0, 117.73, 128.0, 120.27, 91.25, 138.5
2024-11-07, 23:22:40, 136.52, 58.3, 22.93, 22.0, 9999.0, 9.75, 10.0, 21.75, 9999.0, 24.02, 9999.0, 117.73, 128.0, 120.27, 91.25, 138.5
2024-11-07, 23:22:44, 136.55, 58.3, 22.93, 22.0, 9999.0, 9.73, 10.0, 21.75, 9999.0, 24.05, 9999.0, 117.77, 128.0, 120.3, 91.25, 138.5
2024-11-07, 23:22:48, 136.55, 58.3, 22.93, 22.0, 9999.0, 9.73, 10.0, 21.75, 9999.0, 24.07, 9999.0, 117.8, 128.0, 120.27, 91.25, 138.5
2024-11-07, 23:22:52, 136.55, 58.3, 22.93, 22.0, 9999.0, 9.7, 10.0, 21.75, 9999.0, 24.09, 9999.0, 117.82, 128.0, 120.27, 91.25, 138.5
2024-11-07, 23:22:56, 136.55, 58.27, 22.93, 22.0, 9999.0, 9.68, 10.0, 21.75, 9999.0, 24.11, 9999.0, 117.84, 128.0, 120.27, 91.25, 138.5
2024-11-07, 23:23:00, 136.55, 58.27, 22.93, 22.0, 9999.0, 9.66, 10.0, 21.75, 9999.0, 24.16, 9999.0, 117.84, 128.0, 120.27, 91.25, 138.5
2024-11-07, 23:23:04, 136.55, 58.27, 22.95, 22.0, 9999.0, 9.64, 10.0, 21.75, 9999.0, 24.18, 9999.0, 117.84, 128.0, 120.27, 91.25, 138.5
2024-11-07, 23:23:08, 136.52, 58.27, 22.95, 22.0, 9999.0, 9.61, 10.0, 21.75, 9999.0, 24.2, 9999.0, 117.82, 128.0, 120.27, 91.25, 138.5
2024-11-07, 23:23:12, 136.52, 58.27, 22.95, 22.0, 9999.0, 9.59, 10.0, 21.75, 9999.0, 24.23, 9999.0, 117.8, 128.0, 120.27, 91.25, 138.5
2024-11-07, 23:23:16, 136.52, 58.27, 22.93, 22.0, 9999.0, 9.59, 10.0, 21.73, 9999.0, 24.23, 9999.0, 117.77, 128.0, 120.27, 91.25, 138.5
2024-11-07, 23:23:26, 136.52, 58.27, 22.93, 22.0, 9999.0, 9.59, 10.0, 21.73, 9999.0, 24.23, 9999.0, 117.75, 128.0, 120.27, 91.25, 138.5
2024-11-07, 23:23:30, 136.52, 58.25, 22.93, 22.0, 9999.0, 9.59, 10.0, 21.73, 9999.0, 24.2, 9999.0, 117.73, 128.0, 120.27, 91.25, 138.5
2024-11-07, 23:23:34, 136.5, 58.25, 22.91, 22.0, 9999.0, 9.61, 10.0, 21.73, 9999.0, 24.2, 9999.0, 117.68, 128.0, 120.27, 91.25, 138.5
2024-11-07, 23:23:38, 136.5, 58.25, 22.93, 22.0, 9999.0, 9.61, 10.0, 21.7, 9999.0, 24.18, 9999.0, 117.68, 128.0, 120.27, 91.25, 138.5
2024-11-07, 23:23:42, 136.52, 58.25, 22.93, 22.0, 9999.0, 9.64, 10.0, 21.7, 9999.0, 24.16, 9999.0, 117.68, 128.0, 120.27, 91.25, 138.5
2024-11-07, 23:23:46, 136.52, 58.25, 22.91, 22.0, 9999.0, 9.66, 10.0, 21.7, 9999.0, 24.11, 9999.0, 117.68, 128.0, 120.27, 91.25, 138.5
2024-11-07, 23:23:50, 136.52, 58.25, 22.91, 22.0, 9999.0, 9.68, 10.0, 21.7, 9999.0, 24.07, 9999.0, 117.7, 128.0, 120.3, 91.25, 138.5
2024-11-07, 23:23:54, 136.52, 58.25, 22.89, 22.0, 9999.0, 9.7, 10.0, 21.7, 9999.0, 24.02, 9999.0, 117.73, 128.0, 120.3, 91.25, 138.5
2024-11-07, 23:23:58, 136.52, 58.27, 22.86, 22.0, 9999.0, 9.73, 10.0, 21.7, 9999.0, 24.0, 9999.0, 117.75, 128.0, 120.3, 91.25, 138.5
2024-11-07, 23:24:02, 136.52, 58.27, 22.86, 22.0, 9999.0, 9.75, 10.0, 21.7, 9999.0, 23.98, 9999.0, 117.77, 128.0, 120.3, 91.25, 138.5
2024-11-07, 23:24:06, 136.52, 58.3, 22.86, 22.0, 9999.0, 9.75, 10.0, 21.73, 9999.0, 23.98, 9999.0, 117.77, 128.0, 120.3, 91.25, 138.5
2024-11-07, 23:24:10, 136.55, 58.3, 22.89, 22.0, 9999.0, 9.73, 10.0, 21.73, 9999.0, 23.98, 9999.0, 117.8, 128.0, 120.3, 91.25, 138.5
2024-11-07, 23:24:14, 136.55, 58.3, 22.89, 22.0, 9999.0, 9.7, 10.0, 21.73, 9999.0, 23.98, 9999.0, 117.82, 128.0, 120.3, 91.25, 138.5
2024-11-07, 23:24:18, 136.55, 58.32, 22.89, 22.0, 9999.0, 9.68, 10.0, 21.73, 9999.0, 23.95, 9999.0, 117.84, 128.0, 120.27, 91.25, 138.5
2024-11-07, 23:24:22, 136.55, 58.34, 22.89, 22.0, 9999.0, 9.66, 10.0, 21.75, 9999.0, 23.98, 9999.0, 117.84, 128.0, 120.27, 91.25, 138.5
2024-11-07, 23:24:26, 136.55, 58.36, 22.86, 22.0, 9999.0, 9.64, 10.0, 21.75, 9999.0, 23.98, 9999.0, 117.84, 128.0, 120.27, 91.25, 138.5
2024-11-07, 23:24:30, 136.55, 58.36, 22.89, 22.0, 9999.0, 9.64, 10.0, 21.75, 9999.0, 24.0, 9999.0, 117.84, 128.0, 120.27, 91.25, 138.5
2024-11-07, 23:24:34, 136.55, 58.36, 22.86, 22.0, 9999.0, 9.61, 10.0, 21.75, 9999.0, 24.02, 9999.0, 117.82, 128.0, 120.25, 91.25, 138.5
2024-11-07, 23:24:38, 136.55, 58.36, 22.89, 22.0, 9999.0, 9.59, 10.0, 21.75, 9999.0, 24.05, 9999.0, 117.8, 128.0, 120.25, 91.25, 138.5
2024-11-07, 23:24:42, 136.55, 58.34, 22.91, 22.02, 9999.0, 9.59, 10.0, 21.75, 9999.0, 24.05, 9999.0, 117.75, 128.0, 120.25, 91.25, 138.5
2024-11-07, 23:24:46, 136.57, 58.34, 22.89, 22.02, 9999.0, 9.59, 10.0, 21.73, 9999.0, 24.05, 9999.0, 117.7, 128.0, 120.25, 91.25, 138.5
2024-11-07, 23:24:50, 136.57, 58.32, 22.91, 22.02, 9999.0, 9.59, 10.0, 21.7, 9999.0, 24.05, 9999.0, 117.68, 128.0, 120.27, 91.23, 138.5
2024-11-07, 23:24:54, 136.55, 58.32, 22.91, 22.02, 9999.0, 9.61, 10.0, 21.7, 9999.0, 24.02, 9999.0, 117.66, 128.0, 120.27, 91.23, 138.5
2024-11-07, 23:24:58, 136.55, 58.34, 22.91, 22.02, 9999.0, 9.64, 10.0, 21.68, 9999.0, 24.02, 9999.0, 117.66, 128.0, 120.27, 91.23, 138.5
2024-11-07, 23:25:02, 136.55, 58.34, 22.93, 22.02, 9999.0, 9.66, 10.0, 21.68, 9999.0, 24.02, 9999.0, 117.66, 128.0, 120.27, 91.23, 138.5
2024-11-07, 23:25:06, 136.55, 58.32, 22.93, 22.02, 9999.0, 9.68, 10.0, 21.68, 9999.0, 24.0, 9999.0, 117.66, 128.0, 120.27, 91.23, 138.5
2024-11-07, 23:25:10, 136.52, 58.3, 22.95, 22.02, 9999.0, 9.7, 10.0, 21.68, 9999.0, 24.0, 9999.0, 117.68, 128.0, 120.27, 91.23, 138.5
2024-11-07, 23:25:14, 136.52, 58.32, 22.95, 22.02, 9999.0, 9.7, 10.0, 21.68, 9999.0, 23.98, 9999.0, 117.7, 127.98, 120.27, 91.23, 138.5
2024-11-07, 23:25:18, 136.52, 58.32, 22.98, 22.02, 9999.0, 9.73, 10.0, 21.68, 9999.0, 24.0, 9999.0, 117.7, 127.98, 120.27, 91.23, 138.5
2024-11-07, 23:25:22, 136.52, 58.32, 22.95, 22.02, 9999.0, 9.75, 10.0, 21.68, 9999.0, 24.0, 9999.0, 117.7, 127.98, 120.27, 91.23, 138.5
2024-11-07, 23:25:26, 136.52, 58.32, 22.95, 22.0, 9999.0, 9.75, 10.0, 21.68, 9999.0, 24.02, 9999.0, 117.75, 127.98, 120.27, 91.23, 138.5
2024-11-07, 23:25:30, 136.5, 58.32, 22.95, 22.0, 9999.0, 9.75, 10.0, 21.7, 9999.0, 24.05, 9999.0, 117.77, 127.98, 120.27, 91.23, 138.5
2024-11-07, 23:25:34, 136.5, 58.32, 22.93, 22.0, 9999.0, 9.75, 10.0, 21.73, 9999.0, 24.07, 9999.0, 117.8, 127.98, 120.25, 91.25, 138.5
2024-11-07, 23:25:38, 136.5, 58.32, 22.93, 22.0, 9999.0, 9.73, 10.0, 21.73, 9999.0, 24.09, 9999.0, 117.82, 127.98, 120.27, 91.25, 138.5
2024-11-07, 23:25:42, 136.5, 58.3, 22.93, 22.0, 9999.0, 9.7, 10.0, 21.75, 9999.0, 24.11, 9999.0, 117.82, 127.98, 120.27, 91.25, 138.5
2024-11-07, 23:25:46, 136.5, 58.27, 22.93, 22.0, 9999.0, 9.68, 10.0, 21.75, 9999.0, 24.14, 9999.0, 117.82, 127.98, 120.27, 91.25, 138.5
2024-11-07, 23:25:50, 136.5, 58.27, 22.91, 22.0, 9999.0, 9.66, 10.0, 21.75, 9999.0, 24.14, 9999.0, 117.82, 127.98, 120.27, 91.25, 138.5
2024-11-07, 23:25:54, 136.5, 58.27, 22.91, 22.0, 9999.0, 9.64, 10.0, 21.75, 9999.0, 24.14, 9999.0, 117.8, 127.98, 120.27, 91.25, 138.5
2024-11-07, 23:25:58, 136.5, 58.25, 22.91, 22.0, 9999.0, 9.61, 10.0, 21.73, 9999.0, 24.16, 9999.0, 117.77, 128.0, 120.27, 91.25, 138.5
2024-11-07, 23:26:02, 136.52, 58.25, 22.91, 22.0, 9999.0, 9.61, 10.0, 21.7, 9999.0, 24.14, 9999.0, 117.75, 128.0, 120.27, 91.25, 138.5
2024-11-07, 23:26:06, 136.52, 58.25, 22.91, 22.0, 9999.0, 9.61, 10.0, 21.7, 9999.0, 24.14, 9999.0, 117.73, 128.0, 120.27, 91.25, 138.5
2024-11-07, 23:26:10, 136.52, 58.25, 22.89, 22.0, 9999.0, 9.64, 10.0, 21.7, 9999.0, 24.11, 9999.0, 117.7, 128.0, 120.27, 91.25, 138.5
2024-11-07, 23:26:14, 136.52, 58.25, 22.91, 22.0, 9999.0, 9.64, 10.0, 21.7, 9999.0, 24.09, 9999.0, 117.68, 128.0, 120.27, 91.25, 138.5
2024-11-07, 23:26:18, 136.52, 58.25, 22.93, 22.0, 9999.0, 9.66, 10.0, 21.7, 9999.0, 24.07, 9999.0, 117.68, 127.98, 120.27, 91.25, 138.5
2024-11-07, 23:26:22, 136.55, 58.27, 22.93, 22.0, 9999.0, 9.68, 10.0, 21.7, 9999.0, 24.05, 9999.0, 117.68, 127.98, 120.25, 91.25, 138.5
2024-11-07, 23:26:26, 136.55, 58.27, 22.93, 22.02, 9999.0, 9.7, 10.0, 21.68, 9999.0, 24.0, 9999.0, 117.7, 127.98, 120.25, 91.25, 138.5
2024-11-07, 23:26:30, 136.55, 58.27, 22.91, 22.02, 9999.0, 9.73, 10.0, 21.68, 9999.0, 23.98, 9999.0, 117.73, 127.98, 120.25, 91.25, 138.5
2024-11-07, 23:26:34, 136.57, 58.3, 22.91, 22.02, 9999.0, 9.75, 10.0, 21.68, 9999.0, 23.95, 9999.0, 117.75, 127.98, 120.25, 91.25, 138.5
2024-11-07, 23:26:38, 136.57, 58.3, 22.91, 22.02, 9999.0, 9.77, 10.0, 21.68, 9999.0, 23.95, 9999.0, 117.75, 127.98, 120.25, 91.25, 138.5
2024-11-07, 23:26:42, 136.57, 58.3, 22.91, 22.02, 9999.0, 9.8, 10.0, 21.7, 9999.0, 23.95, 9999.0, 117.75, 127.98, 120.25, 91.25, 138.5
2024-11-07, 23:26:46, 136.55, 58.32, 22.91, 22.02, 9999.0, 9.8, 10.0, 21.73, 9999.0, 23.95, 9999.0, 117.77, 127.98, 120.25, 91.25, 138.5
2024-11-07, 23:26:51, 136.55, 58.32, 22.93, 22.02, 9999.0, 9.8, 10.0, 21.7, 9999.0, 23.98, 9999.0, 117.8, 127.98, 120.25, 91.25, 138.5
2024-11-07, 23:26:55, 136.55, 58.32, 22.93, 22.02, 9999.0, 9.75, 10.0, 21.7, 9999.0, 23.98, 9999.0, 117.8, 127.98, 120.25, 91.25, 138.5
2024-11-07, 23:26:59, 136.55, 58.32, 22.91, 22.02, 9999.0, 9.73, 10.0, 21.7, 9999.0, 23.98, 9999.0, 117.82, 127.98, 120.25, 91.25, 138.5
2024-11-07, 23:27:03, 136.55, 58.32, 22.91, 22.02, 9999.0, 9.68, 10.0, 21.7, 9999.0, 23.98, 9999.0, 117.82, 128.0, 120.25, 91.25, 138.5
2024-11-07, 23:27:07, 136.52, 58.3, 22.91, 22.02, 9999.0, 9.66, 10.0, 21.7, 9999.0, 23.98, 9999.0, 117.82, 128.0, 120.25, 91.25, 138.5
2024-11-07, 23:27:11, 136.52, 58.32, 22.91, 22.0, 9999.0, 9.64, 10.0, 21.73, 9999.0, 24.0, 9999.0, 117.8, 128.0, 120.25, 91.25, 138.5
2024-11-07, 23:27:15, 136.52, 58.32, 22.93, 22.0, 9999.0, 9.61, 10.0, 21.7, 9999.0, 24.0, 9999.0, 117.77, 128.0, 120.25, 91.25, 138.5
2024-11-07, 23:27:19, 136.5, 58.32, 22.95, 22.0, 9999.0, 9.61, 10.0, 21.7, 9999.0, 24.02, 9999.0, 117.75, 127.98, 120.27, 91.25, 138.5
2024-11-07, 23:27:23, 136.52, 58.32, 22.95, 22.0, 9999.0, 9.61, 10.0, 21.68, 9999.0, 24.02, 9999.0, 117.73, 127.98, 120.27, 91.25, 138.5
2024-11-07, 23:27:27, 136.52, 58.32, 22.95, 22.0, 9999.0, 9.61, 10.0, 21.66, 9999.0, 24.02, 9999.0, 117.7, 127.98, 120.27, 91.25, 138.5
2024-11-07, 23:27:31, 136.52, 58.3, 22.93, 22.0, 9999.0, 9.64, 10.0, 21.66, 9999.0, 24.0, 9999.0, 117.68, 127.98, 120.27, 91.25, 138.5
2024-11-07, 23:27:35, 136.52, 58.3, 22.93, 22.0, 9999.0, 9.64, 10.0, 21.68, 9999.0, 23.95, 9999.0, 117.68, 127.98, 120.27, 91.25, 138.5
2024-11-07, 23:27:39, 136.52, 58.3, 22.93, 22.0, 9999.0, 9.66, 10.0, 21.68, 9999.0, 23.93, 9999.0, 117.68, 127.98, 120.27, 91.25, 138.5
2024-11-07, 23:27:43, 136.52, 58.3, 22.95, 22.0, 9999.0, 9.68, 10.0, 21.68, 9999.0, 23.91, 9999.0, 117.68, 127.98, 120.27, 91.25, 138.5
2024-11-07, 23:27:47, 136.52, 58.3, 22.93, 22.0, 9999.0, 9.7, 10.0, 21.68, 9999.0, 23.89, 9999.0, 117.7, 127.98, 120.27, 91.25, 138.5
2024-11-07, 23:27:51, 136.55, 58.3, 22.93, 22.0, 9999.0, 9.73, 10.0, 21.68, 9999.0, 23.86, 9999.0, 117.73, 127.98, 120.27, 91.25, 138.5
2024-11-07, 23:27:55, 136.55, 58.27, 22.93, 22.0, 9999.0, 9.75, 10.0, 21.68, 9999.0, 23.84, 9999.0, 117.73, 127.98, 120.27, 91.25, 138.5
2024-11-07, 23:27:59, 136.55, 58.27, 22.91, 22.0, 9999.0, 9.77, 10.0, 21.7, 9999.0, 23.82, 9999.0, 117.75, 127.98, 120.27, 91.25, 138.5
2024-11-07, 23:28:03, 136.55, 58.25, 22.91, 22.0, 9999.0, 9.77, 10.0, 21.7, 9999.0, 23.8, 9999.0, 117.75, 128.0, 120.25, 91.25, 138.5
2024-11-07, 23:28:07, 136.52, 58.25, 22.91, 22.02, 9999.0, 9.77, 10.0, 21.73, 9999.0, 23.8, 9999.0, 117.77, 128.0, 120.25, 91.25, 138.5
2024-11-07, 23:28:11, 136.52, 58.25, 22.91, 22.02, 9999.0, 9.77, 10.0, 21.75, 9999.0, 23.8, 9999.0, 117.8, 128.0, 120.25, 91.25, 138.5
2024-11-07, 23:28:15, 136.52, 58.25, 22.93, 22.02, 9999.0, 9.75, 10.0, 21.75, 9999.0, 23.82, 9999.0, 117.82, 128.0, 120.25, 91.25, 138.5
2024-11-07, 23:28:19, 136.52, 58.25, 22.91, 22.02, 9999.0, 9.73, 10.0, 21.75, 9999.0, 23.84, 9999.0, 117.82, 128.0, 120.25, 91.25, 138.5
2024-11-07, 23:28:23, 136.52, 58.25, 22.93, 22.02, 9999.0, 9.7, 10.0, 21.75, 9999.0, 23.86, 9999.0, 117.82, 128.0, 120.25, 91.25, 138.5
2024-11-07, 23:28:27, 136.52, 58.25, 22.91, 22.02, 9999.0, 9.68, 10.0, 21.75, 9999.0, 23.86, 9999.0, 117.82, 128.0, 120.25, 91.25, 138.5
2024-11-07, 23:28:31, 136.55, 58.25, 22.93, 22.02, 9999.0, 9.66, 10.0, 21.75, 9999.0, 23.86, 9999.0, 117.8, 128.0, 120.25, 91.25, 138.5
2024-11-07, 23:28:35, 136.52, 58.25, 22.93, 22.02, 9999.0, 9.64, 10.0, 21.75, 9999.0, 23.86, 9999.0, 117.77, 128.0, 120.25, 91.25, 138.5
2024-11-07, 23:28:39, 136.52, 58.25, 22.93, 22.02, 9999.0, 9.64, 10.0, 21.75, 9999.0, 23.86, 9999.0, 117.75, 128.0, 120.27, 91.25, 138.5
2024-11-07, 23:28:43, 136.52, 58.25, 22.95, 22.02, 9999.0, 9.64, 10.0, 21.75, 9999.0, 23.86, 9999.0, 117.7, 128.0, 120.27, 91.25, 138.5
2024-11-07, 23:28:47, 136.52, 58.25, 22.95, 22.02, 9999.0, 9.64, 10.0, 21.75, 9999.0, 23.86, 9999.0, 117.7, 128.0, 120.27, 91.25, 138.5
2024-11-07, 23:28:51, 136.52, 58.25, 22.95, 22.0, 9999.0, 9.66, 10.0, 21.75, 9999.0, 23.84, 9999.0, 117.68, 128.0, 120.27, 91.25, 138.5
2024-11-07, 23:28:55, 136.52, 58.25, 22.95, 22.0, 9999.0, 9.68, 10.0, 21.75, 9999.0, 23.8, 9999.0, 117.68, 128.0, 120.27, 91.25, 138.5
2024-11-07, 23:28:59, 136.52, 58.27, 22.95, 22.0, 9999.0, 9.68, 10.0, 21.75, 9999.0, 23.77, 9999.0, 117.68, 128.0, 120.27, 91.25, 138.5
2024-11-07, 23:29:03, 136.52, 58.27, 22.98, 22.0, 9999.0, 9.7, 10.0, 21.75, 9999.0, 23.75, 9999.0, 117.68, 128.0, 120.27, 91.25, 138.5
2024-11-07, 23:29:07, 136.52, 58.27, 22.98, 22.02, 9999.0, 9.73, 10.0, 21.75, 9999.0, 23.7, 9999.0, 117.7, 128.0, 120.3, 91.25, 138.5
2024-11-07, 23:29:11, 136.52, 58.27, 23.0, 22.02, 9999.0, 9.75, 10.0, 21.75, 9999.0, 23.68, 9999.0, 117.73, 128.0, 120.3, 91.25, 138.52
2024-11-07, 23:29:15, 136.5, 58.27, 23.0, 22.05, 9999.0, 9.77, 10.0, 21.75, 9999.0, 23.68, 9999.0, 117.75, 128.0, 120.32, 91.25, 138.52
2024-11-07, 23:29:19, 136.5, 58.27, 23.0, 22.05, 9999.0, 9.8, 10.0, 21.75, 9999.0, 23.68, 9999.0, 117.77, 128.0, 120.32, 91.25, 138.52
2024-11-07, 23:29:23, 136.52, 58.3, 23.0, 22.05, 9999.0, 9.8, 10.0, 21.75, 9999.0, 23.68, 9999.0, 117.8, 128.0, 120.3, 91.25, 138.52
2024-11-07, 23:29:27, 136.52, 58.32, 23.0, 22.05, 9999.0, 9.8, 10.0, 21.75, 9999.0, 23.7, 9999.0, 117.82, 128.0, 120.3, 91.25, 138.52
2024-11-07, 23:29:31, 136.52, 58.32, 23.0, 22.05, 9999.0, 9.8, 10.0, 21.75, 9999.0, 23.73, 9999.0, 117.84, 128.0, 120.32, 91.25, 138.52
2024-11-07, 23:29:35, 136.52, 58.32, 23.0, 22.05, 9999.0, 9.75, 10.0, 21.75, 9999.0, 23.73, 9999.0, 117.86, 128.0, 120.32, 91.25, 138.52
2024-11-07, 23:29:39, 136.52, 58.32, 23.0, 22.05, 9999.0, 9.7, 10.0, 21.75, 9999.0, 23.75, 9999.0, 117.86, 128.0, 120.34, 91.25, 138.52
2024-11-07, 23:29:43, 136.52, 58.3, 23.0, 22.05, 9999.0, 9.68, 10.0, 21.75, 9999.0, 23.75, 9999.0, 117.86, 128.0, 120.36, 91.25, 138.52
2024-11-07, 23:29:47, 136.52, 58.3, 23.0, 22.05, 9999.0, 9.66, 10.0, 21.75, 9999.0, 23.75, 9999.0, 117.86, 128.0, 120.39, 91.25, 138.52
2024-11-07, 23:29:51, 136.55, 58.3, 23.0, 22.02, 9999.0, 9.64, 10.0, 21.75, 9999.0, 23.77, 9999.0, 117.84, 128.0, 120.36, 91.25, 138.52
2024-11-07, 23:29:55, 136.55, 58.3, 23.0, 22.05, 9999.0, 9.61, 10.0, 21.75, 9999.0, 23.8, 9999.0, 117.82, 128.0, 120.36, 91.25, 138.5
2024-11-07, 23:29:59, 136.55, 58.3, 23.0, 22.02, 9999.0, 9.61, 10.0, 21.75, 9999.0, 23.8, 9999.0, 117.8, 128.0, 120.36, 91.25, 138.5
2024-11-07, 23:30:03, 136.57, 58.3, 23.0, 22.02, 9999.0, 9.61, 10.0, 21.73, 9999.0, 23.8, 9999.0, 117.77, 128.0, 120.36, 91.25, 138.5
2024-11-07, 23:30:07, 136.55, 58.27, 22.98, 22.05, 9999.0, 9.61, 10.0, 21.73, 9999.0, 23.8, 9999.0, 117.77, 128.0, 120.36, 91.25, 138.5
2024-11-07, 23:30:11, 136.55, 58.25, 22.98, 22.05, 9999.0, 9.64, 10.0, 21.73, 9999.0, 23.77, 9999.0, 117.75, 128.0, 120.36, 91.25, 138.5
2024-11-07, 23:30:15, 136.55, 58.25, 22.98, 22.07, 9999.0, 9.64, 10.0, 21.73, 9999.0, 23.75, 9999.0, 117.73, 128.0, 120.34, 91.25, 138.5
2024-11-07, 23:30:19, 136.55, 58.25, 22.98, 22.09, 9999.0, 9.66, 10.0, 21.73, 9999.0, 23.75, 9999.0, 117.73, 128.0, 120.34, 91.25, 138.5
2024-11-07, 23:30:24, 136.55, 58.25, 22.98, 22.09, 9999.0, 9.68, 10.0, 21.73, 9999.0, 23.73, 9999.0, 117.75, 128.0, 120.32, 91.25, 138.5
2024-11-07, 23:30:28, 136.57, 58.25, 22.98, 22.09, 9999.0, 9.7, 10.02, 21.73, 9999.0, 23.73, 9999.0, 117.77, 128.0, 120.3, 91.25, 138.52
2024-11-07, 23:30:32, 136.57, 58.25, 22.98, 22.09, 9999.0, 9.73, 10.02, 21.73, 9999.0, 23.7, 9999.0, 117.8, 128.0, 120.3, 91.25, 138.52
2024-11-07, 23:30:36, 136.55, 58.25, 22.98, 22.09, 9999.0, 9.75, 10.02, 21.73, 9999.0, 23.7, 9999.0, 117.82, 128.0, 120.3, 91.25, 138.52
2024-11-07, 23:30:40, 136.55, 58.25, 22.98, 22.07, 9999.0, 9.77, 10.02, 21.73, 9999.0, 23.7, 9999.0, 117.82, 128.0, 120.3, 91.25, 138.52
2024-11-07, 23:30:44, 136.55, 58.25, 22.98, 22.07, 9999.0, 9.77, 10.02, 21.73, 9999.0, 23.7, 9999.0, 117.82, 128.0, 120.27, 91.25, 138.52
2024-11-07, 23:30:48, 136.52, 58.25, 22.98, 22.09, 9999.0, 9.77, 10.02, 21.75, 9999.0, 23.73, 9999.0, 117.82, 128.0, 120.27, 91.25, 138.52
2024-11-07, 23:30:52, 136.52, 58.25, 23.0, 22.07, 9999.0, 9.77, 10.02, 21.75, 9999.0, 23.75, 9999.0, 117.84, 128.0, 120.27, 91.25, 138.52
2024-11-07, 23:30:56, 136.52, 58.25, 23.0, 22.07, 9999.0, 9.73, 10.02, 21.75, 9999.0, 23.75, 9999.0, 117.86, 128.0, 120.27, 91.25, 138.52
2024-11-07, 23:31:00, 136.55, 58.25, 23.0, 22.05, 9999.0, 9.7, 10.02, 21.75, 9999.0, 23.75, 9999.0, 117.86, 128.0, 120.27, 91.25, 138.55
2024-11-07, 23:31:04, 136.55, 58.25, 23.0, 22.02, 9999.0, 9.68, 10.02, 21.75, 9999.0, 23.75, 9999.0, 117.86, 128.0, 120.27, 91.25, 138.55
2024-11-07, 23:31:08, 136.55, 58.27, 23.0, 22.05, 9999.0, 9.66, 10.02, 21.75, 9999.0, 23.77, 9999.0, 117.84, 128.0, 120.27, 91.25, 138.55
2024-11-07, 23:31:12, 136.52, 58.27, 23.0, 22.07, 9999.0, 9.64, 10.0, 21.75, 9999.0, 23.77, 9999.0, 117.8, 128.0, 120.27, 91.25, 138.55
2024-11-07, 23:31:16, 136.52, 58.27, 23.0, 22.07, 9999.0, 9.64, 10.0, 21.75, 9999.0, 23.8, 9999.0, 117.77, 128.0, 120.25, 91.25, 138.55
2024-11-07, 23:31:20, 136.52, 58.27, 23.0, 22.07, 9999.0, 9.64, 10.0, 21.75, 9999.0, 23.8, 9999.0, 117.75, 128.0, 120.27, 91.25, 138.57
2024-11-07, 23:31:24, 136.52, 58.27, 23.0, 22.07, 9999.0, 9.64, 10.0, 21.75, 9999.0, 23.8, 9999.0, 117.73, 128.0, 120.27, 91.25, 138.57
2024-11-07, 23:31:28, 136.52, 58.27, 23.0, 22.09, 9999.0, 9.66, 10.0, 21.75, 9999.0, 23.8, 9999.0, 117.73, 128.0, 120.27, 91.25, 138.59
2024-11-07, 23:31:32, 136.52, 58.27, 23.0, 22.07, 9999.0, 9.66, 10.0, 21.75, 9999.0, 23.8, 9999.0, 117.73, 128.0, 120.27, 91.25, 138.59
2024-11-07, 23:31:36, 136.52, 58.27, 23.0, 22.07, 9999.0, 9.66, 10.0, 21.75, 9999.0, 23.77, 9999.0, 117.7, 128.0, 120.27, 91.25, 138.61
2024-11-07, 23:31:40, 136.52, 58.27, 23.0, 22.09, 9999.0, 9.68, 10.0, 21.75, 9999.0, 23.8, 9999.0, 117.7, 128.0, 120.27, 91.25, 138.64
2024-11-07, 23:31:44, 136.5, 58.27, 23.0, 22.11, 9999.0, 9.7, 10.0, 21.75, 9999.0, 23.82, 9999.0, 117.73, 128.0, 120.27, 91.25, 138.61
2024-11-07, 23:31:48, 136.5, 58.27, 23.0, 22.14, 9999.0, 9.73, 10.0, 21.75, 9999.0, 23.82, 9999.0, 117.75, 128.0, 120.3, 91.25, 138.64
2024-11-07, 23:31:52, 136.5, 58.25, 23.0, 22.14, 9999.0, 9.75, 10.0, 21.75, 9999.0, 23.82, 9999.0, 117.77, 128.0, 120.3, 91.25, 138.66
2024-11-07, 23:31:56, 136.5, 58.25, 23.0, 22.14, 9999.0, 9.77, 10.0, 21.75, 9999.0, 23.84, 9999.0, 117.82, 128.0, 120.3, 91.25, 138.66
2024-11-07, 23:32:00, 136.5, 58.25, 23.0, 22.16, 9999.0, 9.77, 10.0, 21.75, 9999.0, 23.84, 9999.0, 117.84, 128.0, 120.3, 91.25, 138.68
2024-11-07, 23:32:04, 136.5, 58.25, 23.0, 22.18, 9999.0, 9.77, 10.0, 21.75, 9999.0, 23.86, 9999.0, 117.84, 128.0, 120.27, 91.25, 138.68
2024-11-07, 23:32:08, 136.5, 58.25, 23.0, 22.2, 9999.0, 9.77, 10.0, 21.75, 9999.0, 23.89, 9999.0, 117.86, 128.0, 120.27, 91.25, 138.68
2024-11-07, 23:32:12, 136.5, 58.27, 23.0, 22.18, 9999.0, 9.73, 10.0, 21.75, 9999.0, 23.91, 9999.0, 117.86, 128.0, 120.27, 91.25, 138.68
2024-11-07, 23:32:16, 136.5, 58.27, 23.0, 22.18, 9999.0, 9.73, 10.0, 21.75, 9999.0, 23.91, 9999.0, 117.86, 128.0, 120.27, 91.25, 138.7
2024-11-07, 23:32:20, 136.5, 58.27, 23.0, 22.18, 9999.0, 9.7, 10.0, 21.75, 9999.0, 23.93, 9999.0, 117.86, 128.0, 120.27, 91.25, 138.68
2024-11-07, 23:32:24, 136.5, 58.27, 23.0, 22.18, 9999.0, 9.68, 10.0, 21.75, 9999.0, 23.93, 9999.0, 117.86, 128.0, 120.27, 91.25, 138.68
2024-11-07, 23:32:28, 136.5, 58.27, 23.0, 22.18, 9999.0, 9.66, 10.0, 21.75, 9999.0, 23.93, 9999.0, 117.84, 128.0, 120.27, 91.25, 138.68
2024-11-07, 23:32:32, 136.5, 58.27, 23.0, 22.18, 9999.0, 9.64, 10.0, 21.75, 9999.0, 23.93, 9999.0, 117.82, 128.0, 120.25, 91.25, 138.66
2024-11-07, 23:32:36, 136.5, 58.27, 23.0, 22.18, 9999.0, 9.64, 10.0, 21.75, 9999.0, 23.93, 9999.0, 117.8, 128.0, 120.25, 91.25, 138.66
2024-11-07, 23:32:40, 136.5, 58.27, 23.0, 22.18, 9999.0, 9.64, 10.0, 21.75, 9999.0, 23.91, 9999.0, 117.77, 128.0, 120.25, 91.25, 138.64
2024-11-07, 23:32:44, 136.5, 58.27, 23.0, 22.18, 9999.0, 9.64, 10.0, 21.75, 9999.0, 23.91, 9999.0, 117.75, 128.0, 120.25, 91.25, 138.64
2024-11-07, 23:32:48, 136.5, 58.27, 23.0, 22.16, 9999.0, 9.66, 10.0, 21.75, 9999.0, 23.89, 9999.0, 117.75, 128.0, 120.25, 91.25, 138.61
2024-11-07, 23:32:52, 136.5, 58.27, 23.0, 22.16, 9999.0, 9.68, 10.0, 21.75, 9999.0, 23.86, 9999.0, 117.75, 128.0, 120.25, 91.25, 138.61
2024-11-07, 23:32:56, 136.5, 58.25, 23.0, 22.18, 9999.0, 9.73, 10.0, 21.75, 9999.0, 23.84, 9999.0, 117.75, 128.0, 120.25, 91.25, 138.61
2024-11-07, 23:33:00, 136.5, 58.27, 23.0, 22.18, 9999.0, 9.73, 10.0, 21.75, 9999.0, 23.82, 9999.0, 117.77, 128.0, 120.25, 91.25, 138.61
2024-11-07, 23:33:04, 136.5, 58.27, 23.0, 22.18, 9999.0, 9.75, 10.0, 21.75, 9999.0, 23.8, 9999.0, 117.8, 128.0, 120.25, 91.25, 138.64
2024-11-07, 23:33:08, 136.52, 58.27, 23.0, 22.18, 9999.0, 9.77, 10.0, 21.75, 9999.0, 23.77, 9999.0, 117.82, 128.0, 120.25, 91.25, 138.64
2024-11-07, 23:33:12, 136.52, 58.27, 23.0, 22.18, 9999.0, 9.8, 10.0, 21.75, 9999.0, 23.77, 9999.0, 117.84, 128.0, 120.25, 91.25, 138.64
2024-11-07, 23:33:16, 136.52, 58.27, 23.0, 22.18, 9999.0, 9.82, 10.02, 21.75, 9999.0, 23.8, 9999.0, 117.86, 128.0, 120.25, 91.25, 138.64
2024-11-07, 23:33:20, 136.52, 58.27, 23.0, 22.16, 9999.0, 9.82, 10.02, 21.75, 9999.0, 23.82, 9999.0, 117.86, 128.0, 120.25, 91.25, 138.64
2024-11-07, 23:33:24, 136.52, 58.27, 23.0, 22.16, 9999.0, 9.82, 10.02, 21.73, 9999.0, 23.86, 9999.0, 117.89, 128.0, 120.25, 91.25, 138.64
2024-11-07, 23:33:28, 136.52, 58.27, 23.0, 22.14, 9999.0, 9.82, 10.02, 21.73, 9999.0, 23.91, 9999.0, 117.89, 128.0, 120.25, 91.25, 138.64
2024-11-07, 23:33:32, 136.52, 58.27, 23.0, 22.16, 9999.0, 9.77, 10.02, 21.73, 9999.0, 23.95, 9999.0, 117.89, 128.0, 120.25, 91.25, 138.64
2024-11-07, 23:33:36, 136.52, 58.27, 23.0, 22.14, 9999.0, 9.75, 10.02, 21.73, 9999.0, 23.98, 9999.0, 117.89, 128.0, 120.25, 91.25, 138.66
2024-11-07, 23:33:40, 136.52, 58.27, 23.0, 22.14, 9999.0, 9.73, 10.02, 21.73, 9999.0, 24.0, 9999.0, 117.89, 128.0, 120.25, 91.25, 138.66
2024-11-07, 23:33:44, 136.52, 58.25, 23.0, 22.14, 9999.0, 9.7, 10.02, 21.73, 9999.0, 24.02, 9999.0, 117.86, 128.0, 120.25, 91.25, 138.66
2024-11-07, 23:33:48, 136.52, 58.25, 22.98, 22.14, 9999.0, 9.68, 10.02, 21.73, 9999.0, 24.05, 9999.0, 117.84, 128.0, 120.25, 91.25, 138.66
2024-11-07, 23:33:52, 136.5, 58.25, 22.98, 22.11, 9999.0, 9.66, 10.02, 21.73, 9999.0, 24.07, 9999.0, 117.82, 128.0, 120.25, 91.25, 138.66
2024-11-07, 23:33:57, 136.5, 58.25, 22.98, 22.11, 9999.0, 9.66, 10.02, 21.73, 9999.0, 24.07, 9999.0, 117.8, 128.0, 120.25, 91.25, 138.66
2024-11-07, 23:34:01, 136.52, 58.25, 22.98, 22.11, 9999.0, 9.66, 10.0, 21.73, 9999.0, 24.07, 9999.0, 117.77, 128.0, 120.25, 91.25, 138.66
2024-11-07, 23:34:05, 136.52, 58.25, 22.98, 22.14, 9999.0, 9.66, 10.0, 21.73, 9999.0, 24.07, 9999.0, 117.77, 128.0, 120.25, 91.25, 138.64
2024-11-07, 23:34:09, 136.55, 58.25, 22.98, 22.14, 9999.0, 9.68, 10.0, 21.75, 9999.0, 24.02, 9999.0, 117.75, 128.0, 120.25, 91.25, 138.64
2024-11-07, 23:34:13, 136.55, 58.25, 22.98, 22.16, 9999.0, 9.68, 10.0, 21.75, 9999.0, 23.98, 9999.0, 117.75, 128.0, 120.25, 91.25, 138.61
2024-11-07, 23:34:17, 136.55, 58.27, 22.98, 22.16, 9999.0, 9.7, 10.0, 21.75, 9999.0, 23.93, 9999.0, 117.75, 128.0, 120.25, 91.25, 138.61
2024-11-07, 23:34:21, 136.55, 58.3, 22.98, 22.18, 9999.0, 9.7, 10.0, 21.75, 9999.0, 23.91, 9999.0, 117.77, 128.0, 120.25, 91.25, 138.59
2024-11-07, 23:34:25, 136.55, 58.3, 22.98, 22.16, 9999.0, 9.7, 10.0, 21.75, 9999.0, 23.89, 9999.0, 117.8, 128.0, 120.25, 91.25, 138.59
2024-11-07, 23:34:29, 136.55, 58.3, 22.98, 22.16, 9999.0, 9.73, 10.0, 21.75, 9999.0, 23.86, 9999.0, 117.82, 128.0, 120.25, 91.25, 138.59
2024-11-07, 23:34:33, 136.55, 58.3, 23.0, 22.16, 9999.0, 9.75, 10.0, 21.75, 9999.0, 23.86, 9999.0, 117.84, 128.0, 120.25, 91.25, 138.59
2024-11-07, 23:34:37, 136.55, 58.3, 23.0, 22.16, 9999.0, 9.77, 10.0, 21.73, 9999.0, 23.86, 9999.0, 117.86, 128.0, 120.25, 91.25, 138.59
2024-11-07, 23:34:41, 136.55, 58.3, 22.98, 22.14, 9999.0, 9.77, 10.0, 21.73, 9999.0, 23.86, 9999.0, 117.89, 128.0, 120.25, 91.25, 138.59
2024-11-07, 23:34:45, 136.55, 58.3, 22.98, 22.11, 9999.0, 9.77, 10.0, 21.73, 9999.0, 23.89, 9999.0, 117.89, 128.0, 120.25, 91.25, 138.59
2024-11-07, 23:34:49, 136.57, 58.3, 22.98, 22.11, 9999.0, 9.75, 10.0, 21.73, 9999.0, 23.89, 9999.0, 117.89, 128.0, 120.25, 91.25, 138.61
2024-11-07, 23:34:53, 136.55, 58.32, 22.98, 22.09, 9999.0, 9.73, 10.0, 21.73, 9999.0, 23.91, 9999.0, 117.89, 128.0, 120.25, 91.25, 138.61
2024-11-07, 23:34:57, 136.55, 58.32, 22.98, 22.07, 9999.0, 9.7, 10.0, 21.7, 9999.0, 23.93, 9999.0, 117.89, 128.0, 120.25, 91.25, 138.61
2024-11-07, 23:35:01, 136.57, 58.3, 22.98, 22.05, 9999.0, 9.68, 10.0, 21.7, 9999.0, 23.95, 9999.0, 117.89, 128.0, 120.25, 91.25, 138.61
2024-11-07, 23:35:05, 136.57, 58.27, 22.98, 22.02, 9999.0, 9.66, 10.0, 21.7, 9999.0, 23.98, 9999.0, 117.86, 128.0, 120.25, 91.25, 138.64
2024-11-07, 23:35:09, 136.57, 58.27, 22.98, 22.05, 9999.0, 9.64, 10.0, 21.7, 9999.0, 24.0, 9999.0, 117.84, 128.0, 120.25, 91.25, 138.64
2024-11-07, 23:35:13, 136.57, 58.27, 22.98, 22.05, 9999.0, 9.61, 10.0, 21.68, 9999.0, 24.02, 9999.0, 117.82, 128.0, 120.25, 91.25, 138.64
2024-11-07, 23:35:17, 136.59, 58.3, 22.98, 22.05, 9999.0, 9.61, 10.0, 21.68, 9999.0, 24.0, 9999.0, 117.8, 128.0, 120.25, 91.25, 138.64
2024-11-07, 23:35:21, 136.59, 58.3, 22.98, 22.07, 9999.0, 9.61, 10.0, 21.7, 9999.0, 23.98, 9999.0, 117.77, 128.0, 120.25, 91.25, 138.61
2024-11-07, 23:35:25, 136.59, 58.3, 23.0, 22.07, 9999.0, 9.61, 10.0, 21.7, 9999.0, 23.95, 9999.0, 117.73, 127.98, 120.25, 91.25, 138.61
2024-11-07, 23:35:29, 136.57, 58.3, 23.0, 22.09, 9999.0, 9.64, 10.0, 21.7, 9999.0, 23.91, 9999.0, 117.7, 127.98, 120.25, 91.25, 138.61
2024-11-07, 23:35:33, 136.55, 58.3, 23.0, 22.07, 9999.0, 9.66, 10.0, 21.68, 9999.0, 23.89, 9999.0, 117.7, 127.98, 120.25, 91.25, 138.59
2024-11-07, 23:35:37, 136.55, 58.3, 23.0, 22.07, 9999.0, 9.66, 10.0, 21.68, 9999.0, 23.86, 9999.0, 117.7, 127.95, 120.25, 91.25, 138.59
2024-11-07, 23:35:41, 136.55, 58.3, 23.0, 22.07, 9999.0, 9.68, 10.0, 21.7, 9999.0, 23.84, 9999.0, 117.73, 127.95, 120.25, 91.25, 138.59
2024-11-07, 23:35:45, 136.52, 58.3, 23.0, 22.07, 9999.0, 9.7, 10.0, 21.7, 9999.0, 23.82, 9999.0, 117.75, 127.95, 120.25, 91.25, 138.61
2024-11-07, 23:35:49, 136.52, 58.32, 23.0, 22.07, 9999.0, 9.73, 10.0, 21.7, 9999.0, 23.8, 9999.0, 117.77, 127.95, 120.25, 91.25, 138.61
2024-11-07, 23:35:53, 136.52, 58.32, 23.0, 22.05, 9999.0, 9.75, 10.0, 21.7, 9999.0, 23.8, 9999.0, 117.8, 127.95, 120.25, 91.25, 138.59
2024-11-07, 23:35:57, 136.52, 58.32, 23.0, 22.05, 9999.0, 9.75, 10.0, 21.7, 9999.0, 23.8, 9999.0, 117.82, 127.95, 120.25, 91.25, 138.59
2024-11-07, 23:36:01, 136.5, 58.32, 23.0, 22.05, 9999.0, 9.75, 10.0, 21.7, 9999.0, 23.82, 9999.0, 117.84, 127.95, 120.25, 91.25, 138.57
2024-11-07, 23:36:05, 136.5, 58.32, 23.0, 22.02, 9999.0, 9.73, 10.0, 21.68, 9999.0, 23.84, 9999.0, 117.84, 127.95, 120.25, 91.25, 138.57
2024-11-07, 23:36:09, 136.5, 58.34, 22.98, 22.02, 9999.0, 9.7, 10.0, 21.66, 9999.0, 23.86, 9999.0, 117.86, 127.98, 120.25, 91.25, 138.59
2024-11-07, 23:36:13, 136.5, 58.34, 22.98, 22.02, 9999.0, 9.68, 10.0, 21.66, 9999.0, 23.89, 9999.0, 117.89, 127.98, 120.25, 91.25, 138.59
2024-11-07, 23:36:17, 136.5, 58.36, 22.98, 22.02, 9999.0, 9.66, 10.0, 21.68, 9999.0, 23.91, 9999.0, 117.89, 127.98, 120.25, 91.25, 138.59
2024-11-07, 23:36:21, 136.5, 58.36, 22.98, 22.02, 9999.0, 9.64, 10.0, 21.66, 9999.0, 23.93, 9999.0, 117.89, 128.0, 120.25, 91.25, 138.61
2024-11-07, 23:36:25, 136.5, 58.36, 22.98, 22.02, 9999.0, 9.61, 10.0, 21.66, 9999.0, 23.95, 9999.0, 117.86, 128.0, 120.25, 91.25, 138.61
2024-11-07, 23:36:29, 136.5, 58.39, 22.98, 22.02, 9999.0, 9.59, 10.0, 21.66, 9999.0, 23.95, 9999.0, 117.84, 128.0, 120.25, 91.25, 138.59
2024-11-07, 23:36:33, 136.5, 58.36, 22.98, 22.02, 9999.0, 9.59, 10.0, 21.66, 9999.0, 23.98, 9999.0, 117.82, 128.0, 120.25, 91.25, 138.57
2024-11-07, 23:36:37, 136.52, 58.39, 22.98, 22.02, 9999.0, 9.59, 10.0, 21.66, 9999.0, 23.95, 9999.0, 117.77, 128.0, 120.25, 91.25, 138.57
2024-11-07, 23:36:41, 136.52, 58.41, 22.98, 22.02, 9999.0, 9.61, 10.0, 21.66, 9999.0, 23.95, 9999.0, 117.73, 128.0, 120.25, 91.25, 138.55
2024-11-07, 23:36:45, 136.52, 58.41, 22.98, 22.02, 9999.0, 9.64, 10.0, 21.66, 9999.0, 23.93, 9999.0, 117.68, 128.0, 120.25, 91.25, 138.55
2024-11-07, 23:36:49, 136.52, 58.41, 22.98, 22.02, 9999.0, 9.68, 10.0, 21.68, 9999.0, 23.91, 9999.0, 117.68, 128.0, 120.25, 91.25, 138.55
2024-11-07, 23:36:53, 136.55, 58.39, 23.0, 22.02, 9999.0, 9.7, 10.0, 21.7, 9999.0, 23.89, 9999.0, 117.68, 128.0, 120.25, 91.25, 138.55
2024-11-07, 23:36:57, 136.55, 58.39, 23.0, 22.02, 9999.0, 9.7, 10.0, 21.68, 9999.0, 23.86, 9999.0, 117.68, 128.0, 120.25, 91.25, 138.57
2024-11-07, 23:37:01, 136.55, 58.36, 23.0, 22.02, 9999.0, 9.73, 10.0, 21.68, 9999.0, 23.84, 9999.0, 117.7, 128.0, 120.25, 91.25, 138.57
2024-11-07, 23:37:05, 136.57, 58.34, 23.0, 22.02, 9999.0, 9.75, 10.0, 21.7, 9999.0, 23.82, 9999.0, 117.73, 128.0, 120.25, 91.25, 138.55
2024-11-07, 23:37:09, 136.57, 58.34, 23.0, 22.05, 9999.0, 9.77, 10.0, 21.68, 9999.0, 23.8, 9999.0, 117.75, 128.0, 120.25, 91.25, 138.55
2024-11-07, 23:37:13, 136.57, 58.34, 23.0, 22.05, 9999.0, 9.8, 10.0, 21.68, 9999.0, 23.82, 9999.0, 117.77, 128.0, 120.25, 91.25, 138.55
2024-11-07, 23:37:17, 136.59, 58.34, 23.0, 22.05, 9999.0, 9.8, 10.0, 21.68, 9999.0, 23.8, 9999.0, 117.8, 128.0, 120.25, 91.25, 138.55
2024-11-07, 23:37:21, 136.57, 58.32, 23.0, 22.05, 9999.0, 9.8, 10.0, 21.68, 9999.0, 23.84, 9999.0, 117.82, 128.0, 120.25, 91.25, 138.55
2024-11-07, 23:37:25, 136.57, 58.32, 23.0, 22.05, 9999.0, 9.77, 10.0, 21.7, 9999.0, 23.86, 9999.0, 117.84, 128.0, 120.25, 91.25, 138.55
2024-11-07, 23:37:30, 136.59, 58.3, 23.0, 22.05, 9999.0, 9.75, 10.0, 21.7, 9999.0, 23.91, 9999.0, 117.86, 128.0, 120.25, 91.25, 138.55
2024-11-07, 23:37:34, 136.59, 58.3, 23.0, 22.05, 9999.0, 9.7, 10.0, 21.68, 9999.0, 23.95, 9999.0, 117.86, 128.0, 120.25, 91.25, 138.57
2024-11-07, 23:37:38, 136.57, 58.32, 23.0, 22.05, 9999.0, 9.68, 10.0, 21.66, 9999.0, 24.0, 9999.0, 117.86, 128.0, 120.25, 91.25, 138.55
2024-11-07, 23:37:42, 136.57, 58.34, 23.0, 22.02, 9999.0, 9.66, 10.0, 21.68, 9999.0, 24.05, 9999.0, 117.86, 128.0, 120.25, 91.25, 138.52
2024-11-07, 23:37:46, 136.59, 58.36, 23.0, 22.02, 9999.0, 9.64, 10.0, 21.68, 9999.0, 24.09, 9999.0, 117.84, 128.0, 120.25, 91.25, 138.52
2024-11-07, 23:37:50, 136.57, 58.39, 22.98, 22.02, 9999.0, 9.61, 10.0, 21.68, 9999.0, 24.14, 9999.0, 117.82, 128.0, 120.25, 91.25, 138.52
2024-11-07, 23:37:54, 136.57, 58.39, 22.98, 22.0, 9999.0, 9.61, 10.0, 21.7, 9999.0, 24.18, 9999.0, 117.77, 128.0, 120.25, 91.25, 138.52
2024-11-07, 23:37:58, 136.57, 58.36, 22.98, 22.02, 9999.0, 9.61, 10.0, 21.7, 9999.0, 24.2, 9999.0, 117.75, 127.98, 120.25, 91.25, 138.52
2024-11-07, 23:38:02, 136.57, 58.36, 22.98, 22.02, 9999.0, 9.61, 10.0, 21.7, 9999.0, 24.23, 9999.0, 117.7, 127.98, 120.25, 91.25, 138.52
2024-11-07, 23:38:06, 136.57, 58.39, 22.98, 22.02, 9999.0, 9.64, 10.0, 21.7, 9999.0, 24.2, 9999.0, 117.68, 127.98, 120.25, 91.25, 138.52
2024-11-07, 23:38:10, 136.57, 58.36, 22.98, 22.02, 9999.0, 9.68, 10.0, 21.7, 9999.0, 24.18, 9999.0, 117.68, 127.98, 120.25, 91.25, 138.52
2024-11-07, 23:38:14, 136.55, 58.39, 22.98, 22.02, 9999.0, 9.68, 10.0, 21.68, 9999.0, 24.16, 9999.0, 117.68, 127.98, 120.25, 91.25, 138.52
2024-11-07, 23:38:18, 136.55, 58.39, 22.98, 22.02, 9999.0, 9.7, 10.0, 21.7, 9999.0, 24.14, 9999.0, 117.68, 127.98, 120.25, 91.25, 138.5
2024-11-07, 23:38:22, 136.55, 58.36, 22.95, 22.02, 9999.0, 9.73, 10.0, 21.7, 9999.0, 24.11, 9999.0, 117.7, 127.98, 120.25, 91.25, 138.5
2024-11-07, 23:38:26, 136.55, 58.34, 22.95, 22.02, 9999.0, 9.75, 10.0, 21.7, 9999.0, 24.07, 9999.0, 117.73, 127.98, 120.25, 91.25, 138.52
2024-11-07, 23:38:30, 136.55, 58.32, 22.95, 22.02, 9999.0, 9.77, 10.0, 21.7, 9999.0, 24.05, 9999.0, 117.75, 127.98, 120.25, 91.25, 138.52
2024-11-07, 23:38:34, 136.55, 58.3, 22.95, 22.02, 9999.0, 9.77, 10.0, 21.7, 9999.0, 24.02, 9999.0, 117.75, 127.98, 120.25, 91.25, 138.52
2024-11-07, 23:38:38, 136.55, 58.32, 22.95, 22.02, 9999.0, 9.77, 10.0, 21.68, 9999.0, 24.02, 9999.0, 117.8, 127.98, 120.25, 91.25, 138.52
2024-11-07, 23:38:42, 136.57, 58.32, 22.95, 22.0, 9999.0, 9.77, 10.0, 21.68, 9999.0, 24.02, 9999.0, 117.82, 128.0, 120.25, 91.25, 138.52
2024-11-07, 23:38:46, 136.55, 58.32, 22.95, 22.0, 9999.0, 9.77, 10.0, 21.68, 9999.0, 24.05, 9999.0, 117.84, 128.0, 120.25, 91.25, 138.52
2024-11-07, 23:38:50, 136.57, 58.3, 22.95, 22.0, 9999.0, 9.73, 10.0, 21.68, 9999.0, 24.07, 9999.0, 117.86, 128.0, 120.25, 91.25, 138.52
2024-11-07, 23:38:54, 136.57, 58.3, 22.95, 22.02, 9999.0, 9.68, 10.0, 21.66, 9999.0, 24.09, 9999.0, 117.86, 128.0, 120.25, 91.25, 138.52
2024-11-07, 23:38:58, 136.57, 58.27, 22.93, 22.05, 9999.0, 9.66, 10.0, 21.68, 9999.0, 24.09, 9999.0, 117.86, 128.0, 120.25, 91.25, 138.52
2024-11-07, 23:39:02, 136.57, 58.27, 22.93, 22.05, 9999.0, 9.64, 10.0, 21.66, 9999.0, 24.09, 9999.0, 117.86, 128.0, 120.25, 91.25, 138.52
2024-11-07, 23:39:06, 136.59, 58.27, 22.95, 22.05, 9999.0, 9.61, 10.0, 21.66, 9999.0, 24.09, 9999.0, 117.82, 128.0, 120.25, 91.25, 138.52
2024-11-07, 23:39:10, 136.59, 58.27, 22.95, 22.05, 9999.0, 9.59, 10.0, 21.64, 9999.0, 24.11, 9999.0, 117.8, 128.0, 120.25, 91.25, 138.5
2024-11-07, 23:39:14, 136.57, 58.27, 22.95, 22.05, 9999.0, 9.59, 10.0, 21.61, 9999.0, 24.11, 9999.0, 117.75, 128.0, 120.25, 91.25, 138.5
2024-11-07, 23:39:18, 136.57, 58.27, 22.95, 22.05, 9999.0, 9.61, 10.0, 21.61, 9999.0, 24.11, 9999.0, 117.75, 128.0, 120.25, 91.25, 138.5
2024-11-07, 23:39:22, 136.57, 58.25, 22.95, 22.05, 9999.0, 9.64, 10.0, 21.61, 9999.0, 24.09, 9999.0, 117.7, 128.0, 120.25, 91.25, 138.5
2024-11-07, 23:39:26, 136.55, 58.25, 22.95, 22.05, 9999.0, 9.64, 10.0, 21.61, 9999.0, 24.07, 9999.0, 117.66, 128.0, 120.25, 91.25, 138.5
2024-11-07, 23:39:30, 136.55, 58.25, 22.95, 22.05, 9999.0, 9.64, 10.0, 21.61, 9999.0, 24.05, 9999.0, 117.66, 128.0, 120.25, 91.25, 138.5
2024-11-07, 23:39:34, 136.52, 58.25, 22.95, 22.05, 9999.0, 9.66, 10.0, 21.61, 9999.0, 24.02, 9999.0, 117.66, 128.0, 120.25, 91.25, 138.5
2024-11-07, 23:39:38, 136.52, 58.25, 22.95, 22.02, 9999.0, 9.68, 10.0, 21.64, 9999.0, 24.0, 9999.0, 117.68, 128.0, 120.25, 91.25, 138.5
2024-11-07, 23:39:42, 136.52, 58.25, 22.98, 22.0, 9999.0, 9.7, 10.0, 21.64, 9999.0, 23.98, 9999.0, 117.7, 128.0, 120.25, 91.25, 138.5
2024-11-07, 23:39:46, 136.52, 58.25, 22.98, 22.0, 9999.0, 9.73, 10.0, 21.66, 9999.0, 23.95, 9999.0, 117.73, 128.0, 120.25, 91.25, 138.5
2024-11-07, 23:39:50, 136.5, 58.25, 22.98, 22.0, 9999.0, 9.75, 10.0, 21.68, 9999.0, 23.95, 9999.0, 117.77, 128.0, 120.25, 91.25, 138.5
2024-11-07, 23:39:54, 136.5, 58.27, 22.98, 22.0, 9999.0, 9.77, 10.0, 21.7, 9999.0, 23.95, 9999.0, 117.77, 128.0, 120.25, 91.25, 138.5
2024-11-07, 23:39:58, 136.5, 58.27, 22.95, 22.0, 9999.0, 9.75, 10.0, 21.73, 9999.0, 23.95, 9999.0, 117.82, 128.0, 120.25, 91.25, 138.5
2024-11-07, 23:40:02, 136.5, 58.27, 22.98, 22.0, 9999.0, 9.73, 10.0, 21.73, 9999.0, 23.98, 9999.0, 117.82, 128.0, 120.25, 91.25, 138.5
2024-11-07, 23:40:06, 136.5, 58.27, 22.98, 22.0, 9999.0, 9.68, 10.0, 21.73, 9999.0, 24.0, 9999.0, 117.84, 128.0, 120.25, 91.25, 138.5
2024-11-07, 23:40:10, 136.5, 58.27, 22.95, 22.0, 9999.0, 9.66, 10.0, 21.73, 9999.0, 24.02, 9999.0, 117.86, 128.0, 120.25, 91.25, 138.5
2024-11-07, 23:40:14, 136.5, 58.27, 22.95, 22.0, 9999.0, 9.64, 10.0, 21.73, 9999.0, 24.02, 9999.0, 117.86, 128.0, 120.25, 91.25, 138.5
2024-11-07, 23:40:18, 136.5, 58.27, 22.93, 22.0, 9999.0, 9.61, 10.0, 21.73, 9999.0, 24.02, 9999.0, 117.86, 128.0, 120.25, 91.25, 138.5
2024-11-07, 23:40:22, 136.5, 58.27, 22.93, 22.0, 9999.0, 9.59, 10.0, 21.73, 9999.0, 24.02, 9999.0, 117.84, 128.0, 120.25, 91.25, 138.5
2024-11-07, 23:40:26, 136.5, 58.27, 22.93, 22.0, 9999.0, 9.57, 10.0, 21.73, 9999.0, 24.05, 9999.0, 117.8, 128.0, 120.25, 91.25, 138.5
2024-11-07, 23:40:30, 136.5, 58.27, 22.93, 22.0, 9999.0, 9.57, 10.0, 21.73, 9999.0, 24.07, 9999.0, 117.75, 128.0, 120.25, 91.25, 138.5
2024-11-07, 23:40:34, 136.5, 58.27, 22.93, 22.0, 9999.0, 9.57, 10.0, 21.73, 9999.0, 24.07, 9999.0, 117.7, 128.0, 120.25, 91.25, 138.5
2024-11-07, 23:40:38, 136.5, 58.25, 22.93, 22.0, 9999.0, 9.57, 10.0, 21.73, 9999.0, 24.07, 9999.0, 117.68, 128.0, 120.25, 91.25, 138.5
2024-11-07, 23:40:42, 136.5, 58.25, 22.95, 22.0, 9999.0, 9.59, 10.0, 21.73, 9999.0, 24.07, 9999.0, 117.64, 128.0, 120.25, 91.25, 138.5
2024-11-07, 23:40:46, 136.5, 58.25, 22.95, 22.0, 9999.0, 9.61, 10.0, 21.73, 9999.0, 24.05, 9999.0, 117.64, 128.0, 120.25, 91.25, 138.5
2024-11-07, 23:40:50, 136.5, 58.25, 22.95, 22.0, 9999.0, 9.64, 10.0, 21.73, 9999.0, 24.02, 9999.0, 117.64, 128.0, 120.25, 91.25, 138.5
2024-11-07, 23:40:54, 136.5, 58.25, 22.98, 22.0, 9999.0, 9.66, 10.0, 21.73, 9999.0, 24.0, 9999.0, 117.64, 128.0, 120.25, 91.25, 138.5
2024-11-07, 23:40:58, 136.5, 58.25, 22.98, 22.0, 9999.0, 9.68, 10.0, 21.73, 9999.0, 24.0, 9999.0, 117.66, 128.0, 120.25, 91.25, 138.5
2024-11-07, 23:41:02, 136.5, 58.25, 23.0, 22.0, 9999.0, 9.7, 10.0, 21.7, 9999.0, 24.0, 9999.0, 117.68, 128.0, 120.25, 91.25, 138.5
2024-11-07, 23:41:07, 136.52, 58.25, 23.0, 22.0, 9999.0, 9.73, 10.0, 21.7, 9999.0, 24.02, 9999.0, 117.7, 128.0, 120.25, 91.25, 138.5
2024-11-07, 23:41:11, 136.52, 58.25, 23.0, 22.0, 9999.0, 9.73, 10.0, 21.7, 9999.0, 24.05, 9999.0, 117.75, 128.0, 120.25, 91.25, 138.5
2024-11-07, 23:41:15, 136.52, 58.25, 23.0, 22.0, 9999.0, 9.73, 10.0, 21.68, 9999.0, 24.07, 9999.0, 117.77, 128.0, 120.25, 91.25, 138.5
2024-11-07, 23:41:19, 136.52, 58.25, 23.0, 22.0, 9999.0, 9.73, 10.0, 21.68, 9999.0, 24.09, 9999.0, 117.8, 128.0, 120.25, 91.25, 138.5
2024-11-07, 23:41:23, 136.52, 58.25, 23.0, 22.0, 9999.0, 9.7, 10.0, 21.68, 9999.0, 24.14, 9999.0, 117.82, 128.0, 120.25, 91.25, 138.5
2024-11-07, 23:41:27, 136.52, 58.25, 22.98, 22.0, 9999.0, 9.68, 10.0, 21.68, 9999.0, 24.16, 9999.0, 117.84, 128.0, 120.25, 91.25, 138.5
2024-11-07, 23:41:31, 136.52, 58.25, 22.98, 22.0, 9999.0, 9.66, 10.0, 21.68, 9999.0, 24.18, 9999.0, 117.84, 128.0, 120.25, 91.25, 138.5
2024-11-07, 23:41:35, 136.52, 58.25, 22.98, 22.0, 9999.0, 9.64, 10.0, 21.7, 9999.0, 24.2, 9999.0, 117.84, 128.0, 120.25, 91.25, 138.5
2024-11-07, 23:41:39, 136.52, 58.25, 22.98, 22.0, 9999.0, 9.61, 10.0, 21.7, 9999.0, 24.23, 9999.0, 117.84, 128.0, 120.25, 91.25, 138.5
2024-11-07, 23:41:43, 136.52, 58.25, 22.98, 22.0, 9999.0, 9.59, 10.0, 21.68, 9999.0, 24.25, 9999.0, 117.82, 128.0, 120.25, 91.25, 138.5
2024-11-07, 23:41:47, 136.52, 58.25, 22.98, 22.0, 9999.0, 9.57, 10.0, 21.68, 9999.0, 24.27, 9999.0, 117.8, 128.0, 120.25, 91.25, 138.5
2024-11-07, 23:41:51, 136.5, 58.25, 22.98, 22.0, 9999.0, 9.57, 10.0, 21.66, 9999.0, 24.27, 9999.0, 117.77, 128.0, 120.25, 91.25, 138.5
2024-11-07, 23:41:55, 136.5, 58.25, 22.98, 22.0, 9999.0, 9.59, 10.0, 21.66, 9999.0, 24.25, 9999.0, 117.73, 128.0, 120.25, 91.25, 138.5
2024-11-07, 23:41:59, 136.5, 58.25, 22.98, 22.0, 9999.0, 9.59, 10.0, 21.66, 9999.0, 24.23, 9999.0, 117.7, 128.0, 120.25, 91.25, 138.5
2024-11-07, 23:42:03, 136.5, 58.25, 22.98, 22.0, 9999.0, 9.59, 10.0, 21.64, 9999.0, 24.2, 9999.0, 117.68, 128.0, 120.25, 91.25, 138.5
2024-11-07, 23:42:07, 136.5, 58.27, 22.98, 22.02, 9999.0, 9.61, 10.0, 21.64, 9999.0, 24.16, 9999.0, 117.68, 128.0, 120.25, 91.25, 138.5
2024-11-07, 23:42:11, 136.5, 58.27, 23.0, 22.02, 9999.0, 9.64, 10.0, 21.61, 9999.0, 24.14, 9999.0, 117.68, 128.0, 120.25, 91.23, 138.5
2024-11-07, 23:42:15, 136.5, 58.27, 23.0, 22.02, 9999.0, 9.66, 10.0, 21.61, 9999.0, 24.11, 9999.0, 117.68, 128.0, 120.25, 91.23, 138.5
2024-11-07, 23:42:19, 136.5, 58.27, 23.0, 22.02, 9999.0, 9.68, 10.0, 21.61, 9999.0, 24.09, 9999.0, 117.7, 128.0, 120.25, 91.23, 138.5
2024-11-07, 23:42:23, 136.5, 58.27, 23.0, 22.02, 9999.0, 9.7, 10.0, 21.59, 9999.0, 24.07, 9999.0, 117.73, 128.0, 120.25, 91.23, 138.5
2024-11-07, 23:42:27, 136.5, 58.27, 22.98, 22.02, 9999.0, 9.73, 10.0, 21.59, 9999.0, 24.07, 9999.0, 117.75, 128.0, 120.25, 91.23, 138.5
2024-11-07, 23:42:31, 136.5, 58.27, 22.98, 22.02, 9999.0, 9.75, 10.0, 21.59, 9999.0, 24.07, 9999.0, 117.77, 128.0, 120.25, 91.23, 138.5
2024-11-07, 23:42:35, 136.52, 58.27, 22.98, 22.02, 9999.0, 9.75, 10.0, 21.61, 9999.0, 24.05, 9999.0, 117.77, 128.0, 120.25, 91.23, 138.5
2024-11-07, 23:42:39, 136.52, 58.27, 22.95, 22.02, 9999.0, 9.73, 10.0, 21.61, 9999.0, 24.07, 9999.0, 117.8, 128.0, 120.25, 91.23, 138.5
2024-11-07, 23:42:43, 136.52, 58.27, 22.95, 22.02, 9999.0, 9.7, 10.0, 21.64, 9999.0, 24.09, 9999.0, 117.82, 128.0, 120.25, 91.23, 138.5
2024-11-07, 23:42:47, 136.52, 58.27, 22.95, 22.02, 9999.0, 9.68, 10.0, 21.64, 9999.0, 24.11, 9999.0, 117.84, 128.0, 120.25, 91.23, 138.5
2024-11-07, 23:42:51, 136.52, 58.25, 22.95, 22.0, 9999.0, 9.66, 10.0, 21.64, 9999.0, 24.14, 9999.0, 117.84, 128.0, 120.25, 91.23, 138.5
2024-11-07, 23:42:55, 136.52, 58.25, 22.95, 22.0, 9999.0, 9.64, 10.0, 21.64, 9999.0, 24.16, 9999.0, 117.84, 128.0, 120.25, 91.25, 138.5
2024-11-07, 23:42:59, 136.52, 58.25, 22.95, 22.0, 9999.0, 9.61, 10.0, 21.64, 9999.0, 24.18, 9999.0, 117.84, 128.0, 120.25, 91.25, 138.5
2024-11-07, 23:43:03, 136.52, 58.25, 22.95, 22.0, 9999.0, 9.59, 10.0, 21.64, 9999.0, 24.2, 9999.0, 117.82, 128.0, 120.25, 91.25, 138.5
2024-11-07, 23:43:07, 136.52, 58.25, 22.95, 22.0, 9999.0, 9.59, 10.0, 21.66, 9999.0, 24.23, 9999.0, 117.8, 128.0, 120.25, 91.25, 138.5
2024-11-07, 23:43:11, 136.52, 58.25, 22.98, 22.0, 9999.0, 9.57, 10.0, 21.66, 9999.0, 24.23, 9999.0, 117.77, 128.0, 120.25, 91.25, 138.5
2024-11-07, 23:43:15, 136.52, 58.25, 22.98, 22.0, 9999.0, 9.57, 10.0, 21.68, 9999.0, 24.2, 9999.0, 117.73, 128.0, 120.25, 91.25, 138.5
2024-11-07, 23:43:19, 136.5, 58.25, 22.95, 22.0, 9999.0, 9.59, 10.0, 21.66, 9999.0, 24.2, 9999.0, 117.7, 128.0, 120.25, 91.25, 138.5
2024-11-07, 23:43:23, 136.52, 58.25, 22.98, 22.0, 9999.0, 9.61, 10.0, 21.66, 9999.0, 24.18, 9999.0, 117.68, 128.0, 120.25, 91.25, 138.5
2024-11-07, 23:43:27, 136.52, 58.25, 22.98, 22.0, 9999.0, 9.64, 10.0, 21.64, 9999.0, 24.16, 9999.0, 117.68, 128.0, 120.25, 91.25, 138.5
2024-11-07, 23:43:31, 136.52, 58.25, 22.98, 22.0, 9999.0, 9.66, 10.0, 21.66, 9999.0, 24.16, 9999.0, 117.68, 128.0, 120.25, 91.25, 138.5
2024-11-07, 23:43:35, 136.52, 58.25, 22.98, 22.0, 9999.0, 9.68, 10.0, 21.66, 9999.0, 24.14, 9999.0, 117.7, 128.0, 120.25, 91.25, 138.5
2024-11-07, 23:43:39, 136.52, 58.25, 22.98, 22.0, 9999.0, 9.7, 10.0, 21.66, 9999.0, 24.11, 9999.0, 117.73, 128.0, 120.25, 91.25, 138.5
2024-11-07, 23:43:43, 136.52, 58.25, 22.98, 22.0, 9999.0, 9.73, 10.0, 21.64, 9999.0, 24.09, 9999.0, 117.75, 128.0, 120.25, 91.25, 138.5
2024-11-07, 23:43:47, 136.52, 58.25, 22.98, 22.0, 9999.0, 9.75, 10.0, 21.61, 9999.0, 24.07, 9999.0, 117.75, 128.0, 120.25, 91.25, 138.5
2024-11-07, 23:43:51, 136.52, 58.25, 22.98, 22.0, 9999.0, 9.75, 10.0, 21.59, 9999.0, 24.07, 9999.0, 117.75, 128.0, 120.25, 91.25, 138.5
2024-11-07, 23:43:55, 136.52, 58.25, 22.98, 22.0, 9999.0, 9.75, 10.0, 21.61, 9999.0, 24.07, 9999.0, 117.75, 128.0, 120.25, 91.25, 138.5
2024-11-07, 23:43:59, 136.52, 58.25, 22.95, 22.0, 9999.0, 9.73, 10.0, 21.61, 9999.0, 24.09, 9999.0, 117.77, 128.0, 120.25, 91.25, 138.5
2024-11-07, 23:44:03, 136.52, 58.25, 22.98, 22.0, 9999.0, 9.68, 10.0, 21.64, 9999.0, 24.11, 9999.0, 117.8, 128.0, 120.25, 91.25, 138.5
2024-11-07, 23:44:07, 136.5, 58.25, 22.98, 22.0, 9999.0, 9.66, 10.0, 21.61, 9999.0, 24.14, 9999.0, 117.82, 128.0, 120.25, 91.25, 138.5
2024-11-07, 23:44:11, 136.5, 58.25, 22.98, 22.0, 9999.0, 9.64, 10.0, 21.64, 9999.0, 24.16, 9999.0, 117.82, 128.0, 120.25, 91.25, 138.5
2024-11-07, 23:44:15, 136.5, 58.25, 22.98, 22.0, 9999.0, 9.61, 10.0, 21.64, 9999.0, 24.16, 9999.0, 117.82, 128.0, 120.25, 91.25, 138.5
2024-11-07, 23:44:19, 136.5, 58.25, 22.95, 22.0, 9999.0, 9.59, 10.0, 21.64, 9999.0, 24.18, 9999.0, 117.8, 128.0, 120.25, 91.25, 138.5
2024-11-07, 23:44:23, 136.5, 58.25, 22.95, 22.0, 9999.0, 9.57, 10.0, 21.64, 9999.0, 24.2, 9999.0, 117.77, 128.0, 120.25, 91.25, 138.5
2024-11-07, 23:44:27, 136.5, 58.25, 22.95, 22.0, 9999.0, 9.57, 10.0, 21.64, 9999.0, 24.2, 9999.0, 117.75, 128.0, 120.25, 91.25, 138.5
2024-11-07, 23:44:31, 136.5, 58.25, 22.93, 22.0, 9999.0, 9.57, 10.0, 21.64, 9999.0, 24.23, 9999.0, 117.75, 128.0, 120.25, 91.25, 138.5
2024-11-07, 23:44:35, 136.5, 58.25, 22.93, 22.0, 9999.0, 9.57, 10.0, 21.66, 9999.0, 24.2, 9999.0, 117.73, 128.0, 120.25, 91.25, 138.5
2024-11-07, 23:44:39, 136.5, 58.25, 22.91, 22.0, 9999.0, 9.59, 10.0, 21.66, 9999.0, 24.18, 9999.0, 117.7, 128.0, 120.25, 91.25, 138.5
2024-11-07, 23:44:43, 136.5, 58.25, 22.93, 22.0, 9999.0, 9.61, 10.0, 21.64, 9999.0, 24.16, 9999.0, 117.7, 128.0, 120.25, 91.25, 138.5
2024-11-07, 23:44:47, 136.5, 58.25, 22.93, 22.0, 9999.0, 9.64, 10.0, 21.64, 9999.0, 24.14, 9999.0, 117.7, 127.98, 120.25, 91.25, 138.5
2024-11-07, 23:44:51, 136.5, 58.25, 22.93, 22.0, 9999.0, 9.66, 10.0, 21.66, 9999.0, 24.11, 9999.0, 117.7, 127.98, 120.27, 91.25, 138.5
2024-11-07, 23:44:55, 136.5, 58.25, 22.93, 22.0, 9999.0, 9.68, 10.0, 21.64, 9999.0, 24.09, 9999.0, 117.73, 127.98, 120.27, 91.25, 138.5
2024-11-07, 23:45:00, 136.5, 58.25, 22.93, 22.0, 9999.0, 9.7, 10.0, 21.61, 9999.0, 24.07, 9999.0, 117.75, 127.98, 120.27, 91.25, 138.5
2024-11-07, 23:45:04, 136.5, 58.25, 22.95, 22.0, 9999.0, 9.73, 10.0, 21.59, 9999.0, 24.07, 9999.0, 117.77, 127.98, 120.27, 91.25, 138.5
2024-11-07, 23:45:08, 136.5, 58.25, 22.95, 22.0, 9999.0, 9.75, 10.0, 21.59, 9999.0, 24.07, 9999.0, 117.8, 127.98, 120.27, 91.25, 138.5
2024-11-07, 23:45:12, 136.5, 58.25, 22.95, 22.0, 9999.0, 9.73, 10.0, 21.61, 9999.0, 24.09, 9999.0, 117.8, 127.98, 120.27, 91.25, 138.5
2024-11-07, 23:45:16, 136.5, 58.25, 22.95, 22.0, 9999.0, 9.7, 10.0, 21.61, 9999.0, 24.09, 9999.0, 117.8, 127.98, 120.27, 91.23, 138.5
2024-11-07, 23:45:20, 136.5, 58.25, 22.93, 22.0, 9999.0, 9.68, 10.0, 21.61, 9999.0, 24.11, 9999.0, 117.82, 127.98, 120.27, 91.23, 138.5
2024-11-07, 23:45:24, 136.5, 58.25, 22.93, 22.0, 9999.0, 9.66, 10.0, 21.59, 9999.0, 24.14, 9999.0, 117.84, 127.98, 120.27, 91.23, 138.5
2024-11-07, 23:45:28, 136.5, 58.25, 22.93, 22.0, 9999.0, 9.64, 10.0, 21.59, 9999.0, 24.14, 9999.0, 117.84, 127.98, 120.27, 91.23, 138.5
2024-11-07, 23:45:32, 136.5, 58.25, 22.93, 22.0, 9999.0, 9.61, 10.0, 21.57, 9999.0, 24.14, 9999.0, 117.84, 128.0, 120.27, 91.23, 138.5
2024-11-07, 23:45:36, 136.52, 58.25, 22.93, 22.0, 9999.0, 9.59, 10.0, 21.55, 9999.0, 24.14, 9999.0, 117.84, 128.0, 120.25, 91.23, 138.5
2024-11-07, 23:45:40, 136.52, 58.25, 22.93, 22.0, 9999.0, 9.57, 10.0, 21.57, 9999.0, 24.14, 9999.0, 117.82, 128.0, 120.25, 91.23, 138.5
2024-11-07, 23:45:44, 136.52, 58.25, 22.91, 22.0, 9999.0, 9.57, 10.0, 21.57, 9999.0, 24.14, 9999.0, 117.77, 128.0, 120.25, 91.23, 138.5
2024-11-07, 23:45:48, 136.52, 58.25, 22.91, 22.0, 9999.0, 9.57, 10.0, 21.57, 9999.0, 24.11, 9999.0, 117.73, 128.0, 120.25, 91.23, 138.5
2024-11-07, 23:45:52, 136.52, 58.25, 22.89, 22.0, 9999.0, 9.57, 9.98, 21.59, 9999.0, 24.09, 9999.0, 117.68, 128.0, 120.25, 91.23, 138.5
2024-11-07, 23:45:56, 136.52, 58.25, 22.89, 22.0, 9999.0, 9.59, 9.98, 21.59, 9999.0, 24.07, 9999.0, 117.66, 127.98, 120.25, 91.23, 138.5
2024-11-07, 23:46:00, 136.52, 58.25, 22.91, 22.0, 9999.0, 9.61, 9.98, 21.61, 9999.0, 24.05, 9999.0, 117.64, 127.98, 120.25, 91.25, 138.5
2024-11-07, 23:46:04, 136.52, 58.25, 22.93, 22.0, 9999.0, 9.64, 9.98, 21.59, 9999.0, 24.02, 9999.0, 117.64, 127.98, 120.25, 91.25, 138.5
2024-11-07, 23:46:08, 136.55, 58.25, 22.95, 22.0, 9999.0, 9.66, 9.98, 21.61, 9999.0, 24.0, 9999.0, 117.64, 127.98, 120.25, 91.25, 138.5
2024-11-07, 23:46:12, 136.57, 58.25, 22.93, 22.0, 9999.0, 9.68, 9.98, 21.61, 9999.0, 24.0, 9999.0, 117.66, 127.98, 120.25, 91.25, 138.5
2024-11-07, 23:46:16, 136.57, 58.25, 22.93, 22.0, 9999.0, 9.7, 9.98, 21.61, 9999.0, 24.0, 9999.0, 117.68, 127.98, 120.25, 91.25, 138.5
2024-11-07, 23:46:20, 136.55, 58.25, 22.91, 22.0, 9999.0, 9.73, 9.98, 21.64, 9999.0, 24.0, 9999.0, 117.7, 127.98, 120.25, 91.25, 138.5
2024-11-07, 23:46:24, 136.55, 58.25, 22.91, 22.0, 9999.0, 9.75, 9.98, 21.61, 9999.0, 24.0, 9999.0, 117.7, 127.98, 120.25, 91.25, 138.5
2024-11-07, 23:46:28, 136.57, 58.25, 22.91, 22.0, 9999.0, 9.75, 9.98, 21.61, 9999.0, 24.0, 9999.0, 117.73, 127.98, 120.25, 91.25, 138.5
2024-11-07, 23:46:32, 136.57, 58.25, 22.89, 22.0, 9999.0, 9.75, 9.98, 21.64, 9999.0, 24.02, 9999.0, 117.75, 127.98, 120.25, 91.25, 138.5
2024-11-07, 23:46:36, 136.57, 58.25, 22.91, 22.0, 9999.0, 9.73, 10.0, 21.61, 9999.0, 24.05, 9999.0, 117.77, 127.98, 120.25, 91.25, 138.5
2024-11-07, 23:46:40, 136.57, 58.27, 22.91, 22.0, 9999.0, 9.7, 10.0, 21.61, 9999.0, 24.07, 9999.0, 117.8, 128.0, 120.25, 91.25, 138.5
2024-11-07, 23:46:44, 136.57, 58.27, 22.91, 22.0, 9999.0, 9.68, 10.0, 21.59, 9999.0, 24.09, 9999.0, 117.82, 128.0, 120.25, 91.25, 138.5
2024-11-07, 23:46:48, 136.57, 58.27, 22.89, 22.0, 9999.0, 9.66, 10.0, 21.59, 9999.0, 24.11, 9999.0, 117.82, 128.0, 120.25, 91.25, 138.5
2024-11-07, 23:46:52, 136.55, 58.27, 22.86, 22.0, 9999.0, 9.64, 10.0, 21.59, 9999.0, 24.11, 9999.0, 117.82, 128.0, 120.25, 91.25, 138.5
2024-11-07, 23:46:56, 136.52, 58.27, 22.86, 22.0, 9999.0, 9.61, 10.0, 21.59, 9999.0, 24.11, 9999.0, 117.8, 128.0, 120.25, 91.25, 138.5
2024-11-07, 23:47:00, 136.52, 58.27, 22.84, 22.0, 9999.0, 9.59, 10.0, 21.61, 9999.0, 24.11, 9999.0, 117.77, 128.0, 120.25, 91.25, 138.5
2024-11-07, 23:47:04, 136.52, 58.27, 22.86, 22.0, 9999.0, 9.59, 10.0, 21.59, 9999.0, 24.11, 9999.0, 117.75, 128.0, 120.25, 91.25, 138.5
2024-11-07, 23:47:08, 136.52, 58.27, 22.86, 22.0, 9999.0, 9.59, 10.0, 21.59, 9999.0, 24.11, 9999.0, 117.73, 128.0, 120.27, 91.25, 138.5
2024-11-07, 23:47:12, 136.5, 58.27, 22.89, 22.0, 9999.0, 9.59, 10.0, 21.61, 9999.0, 24.11, 9999.0, 117.7, 128.0, 120.27, 91.25, 138.5
2024-11-07, 23:47:16, 136.5, 58.27, 22.89, 22.0, 9999.0, 9.59, 10.0, 21.61, 9999.0, 24.09, 9999.0, 117.68, 128.0, 120.27, 91.25, 138.5
2024-11-07, 23:47:20, 136.5, 58.27, 22.89, 22.0, 9999.0, 9.61, 10.0, 21.61, 9999.0, 24.07, 9999.0, 117.68, 127.98, 120.27, 91.25, 138.5
2024-11-07, 23:47:24, 136.5, 58.25, 22.86, 22.0, 9999.0, 9.64, 10.0, 21.61, 9999.0, 24.05, 9999.0, 117.68, 127.98, 120.27, 91.25, 138.5
2024-11-07, 23:47:28, 136.5, 58.25, 22.86, 22.0, 9999.0, 9.66, 10.0, 21.64, 9999.0, 24.02, 9999.0, 117.68, 127.98, 120.27, 91.25, 138.5
2024-11-07, 23:47:32, 136.5, 58.25, 22.89, 22.0, 9999.0, 9.68, 10.0, 21.64, 9999.0, 24.0, 9999.0, 117.7, 127.98, 120.27, 91.25, 138.5
2024-11-07, 23:47:36, 136.5, 58.25, 22.91, 22.0, 9999.0, 9.7, 10.0, 21.64, 9999.0, 24.0, 9999.0, 117.73, 127.98, 120.27, 91.25, 138.5
2024-11-07, 23:47:40, 136.5, 58.25, 22.93, 22.0, 9999.0, 9.73, 10.0, 21.66, 9999.0, 24.02, 9999.0, 117.75, 127.98, 120.3, 91.25, 138.5
2024-11-07, 23:47:44, 136.5, 58.25, 22.93, 22.0, 9999.0, 9.75, 10.0, 21.66, 9999.0, 24.05, 9999.0, 117.75, 127.98, 120.3, 91.25, 138.5
2024-11-07, 23:47:48, 136.5, 58.25, 22.93, 22.0, 9999.0, 9.73, 10.0, 21.68, 9999.0, 24.07, 9999.0, 117.75, 127.98, 120.3, 91.25, 138.5
2024-11-07, 23:47:52, 136.5, 58.25, 22.93, 22.0, 9999.0, 9.73, 10.0, 21.68, 9999.0, 24.09, 9999.0, 117.77, 127.98, 120.27, 91.25, 138.5
2024-11-07, 23:47:56, 136.5, 58.25, 22.91, 22.0, 9999.0, 9.7, 10.0, 21.66, 9999.0, 24.11, 9999.0, 117.8, 127.98, 120.27, 91.25, 138.5
2024-11-07, 23:48:00, 136.5, 58.25, 22.93, 22.0, 9999.0, 9.68, 10.0, 21.66, 9999.0, 24.14, 9999.0, 117.82, 127.98, 120.27, 91.25, 138.5
2024-11-07, 23:48:04, 136.5, 58.25, 22.93, 22.0, 9999.0, 9.66, 10.0, 21.68, 9999.0, 24.16, 9999.0, 117.82, 128.0, 120.27, 91.25, 138.5
2024-11-07, 23:48:08, 136.5, 58.25, 22.93, 22.0, 9999.0, 9.64, 10.0, 21.66, 9999.0, 24.18, 9999.0, 117.82, 128.0, 120.27, 91.25, 138.5
2024-11-07, 23:48:12, 136.5, 58.25, 22.93, 22.0, 9999.0, 9.61, 10.0, 21.66, 9999.0, 24.2, 9999.0, 117.82, 128.0, 120.27, 91.25, 138.5
2024-11-07, 23:48:16, 136.5, 58.25, 22.91, 22.0, 9999.0, 9.59, 10.0, 21.68, 9999.0, 24.23, 9999.0, 117.77, 128.0, 120.27, 91.25, 138.5
2024-11-07, 23:48:20, 136.5, 58.25, 22.89, 22.0, 9999.0, 9.57, 10.0, 21.66, 9999.0, 24.23, 9999.0, 117.73, 127.98, 120.3, 91.25, 138.5
2024-11-07, 23:48:24, 136.5, 58.27, 22.86, 22.0, 9999.0, 9.57, 10.0, 21.66, 9999.0, 24.23, 9999.0, 117.68, 127.98, 120.27, 91.25, 138.5
2024-11-07, 23:48:28, 136.5, 58.27, 22.86, 22.0, 9999.0, 9.57, 10.0, 21.64, 9999.0, 24.2, 9999.0, 117.66, 127.95, 120.27, 91.25, 138.5
2024-11-07, 23:48:32, 136.5, 58.27, 22.84, 22.0, 9999.0, 9.59, 10.0, 21.64, 9999.0, 24.18, 9999.0, 117.64, 127.95, 120.27, 91.25, 138.5
2024-11-07, 23:48:36, 136.5, 58.27, 22.82, 22.0, 9999.0, 9.59, 10.0, 21.66, 9999.0, 24.16, 9999.0, 117.61, 127.95, 120.27, 91.25, 138.5
2024-11-07, 23:48:40, 136.5, 58.27, 22.82, 22.0, 9999.0, 9.61, 10.0, 21.68, 9999.0, 24.14, 9999.0, 117.61, 127.95, 120.27, 91.25, 138.5
2024-11-07, 23:48:44, 136.5, 58.27, 22.8, 22.0, 9999.0, 9.64, 10.0, 21.68, 9999.0, 24.11, 9999.0, 117.61, 127.95, 120.27, 91.25, 138.5
2024-11-07, 23:48:49, 136.5, 58.27, 22.77, 22.0, 9999.0, 9.66, 10.0, 21.68, 9999.0, 24.07, 9999.0, 117.64, 127.95, 120.27, 91.25, 138.5
2024-11-07, 23:48:53, 136.5, 58.27, 22.8, 22.02, 9999.0, 9.68, 10.0, 21.7, 9999.0, 24.02, 9999.0, 117.66, 127.95, 120.27, 91.25, 138.5
2024-11-07, 23:48:57, 136.5, 58.27, 22.8, 22.02, 9999.0, 9.7, 10.0, 21.68, 9999.0, 23.98, 9999.0, 117.68, 127.95, 120.27, 91.25, 138.5
2024-11-07, 23:49:01, 136.52, 58.27, 22.82, 22.02, 9999.0, 9.73, 10.0, 21.68, 9999.0, 23.95, 9999.0, 117.7, 127.95, 120.3, 91.25, 138.5
2024-11-07, 23:49:05, 136.55, 58.27, 22.84, 22.02, 9999.0, 9.75, 10.0, 21.7, 9999.0, 23.95, 9999.0, 117.73, 127.98, 120.27, 91.25, 138.5
2024-11-07, 23:49:09, 136.55, 58.27, 22.86, 22.02, 9999.0, 9.73, 10.0, 21.7, 9999.0, 23.93, 9999.0, 117.75, 127.98, 120.27, 91.25, 138.5
2024-11-07, 23:49:13, 136.55, 58.27, 22.86, 22.02, 9999.0, 9.7, 10.0, 21.73, 9999.0, 23.93, 9999.0, 117.77, 128.0, 120.27, 91.25, 138.5
2024-11-07, 23:49:17, 136.55, 58.3, 22.89, 22.02, 9999.0, 9.7, 10.0, 21.73, 9999.0, 23.93, 9999.0, 117.8, 128.0, 120.27, 91.25, 138.5
2024-11-07, 23:49:21, 136.55, 58.32, 22.91, 22.02, 9999.0, 9.68, 10.0, 21.73, 9999.0, 23.93, 9999.0, 117.82, 128.0, 120.27, 91.25, 138.5
2024-11-07, 23:49:25, 136.55, 58.34, 22.91, 22.02, 9999.0, 9.66, 10.0, 21.73, 9999.0, 23.93, 9999.0, 117.82, 128.0, 120.27, 91.25, 138.5
2024-11-07, 23:49:29, 136.55, 58.34, 22.93, 22.02, 9999.0, 9.64, 10.0, 21.73, 9999.0, 23.93, 9999.0, 117.82, 128.0, 120.27, 91.25, 138.5
2024-11-07, 23:49:33, 136.55, 58.34, 22.95, 22.02, 9999.0, 9.61, 10.0, 21.73, 9999.0, 23.95, 9999.0, 117.8, 128.0, 120.27, 91.25, 138.5
2024-11-07, 23:49:37, 136.55, 58.34, 22.93, 22.0, 9999.0, 9.59, 10.0, 21.7, 9999.0, 23.98, 9999.0, 117.77, 128.0, 120.27, 91.25, 138.5
2024-11-07, 23:49:41, 136.55, 58.34, 22.91, 22.0, 9999.0, 9.59, 10.0, 21.73, 9999.0, 24.0, 9999.0, 117.75, 128.0, 120.27, 91.25, 138.5
2024-11-07, 23:49:45, 136.52, 58.34, 22.91, 22.0, 9999.0, 9.59, 10.0, 21.7, 9999.0, 24.0, 9999.0, 117.73, 128.0, 120.25, 91.25, 138.5
2024-11-07, 23:49:49, 136.5, 58.36, 22.91, 22.0, 9999.0, 9.59, 10.0, 21.7, 9999.0, 24.0, 9999.0, 117.73, 128.0, 120.25, 91.25, 138.5
2024-11-07, 23:49:53, 136.5, 58.34, 22.91, 22.0, 9999.0, 9.64, 10.0, 21.7, 9999.0, 24.0, 9999.0, 117.7, 127.98, 120.25, 91.25, 138.5
2024-11-07, 23:49:57, 136.5, 58.34, 22.93, 22.0, 9999.0, 9.68, 10.0, 21.7, 9999.0, 24.0, 9999.0, 117.7, 127.98, 120.25, 91.25, 138.5
2024-11-07, 23:50:01, 136.5, 58.32, 22.91, 22.0, 9999.0, 9.68, 10.0, 21.7, 9999.0, 24.0, 9999.0, 117.7, 127.98, 120.25, 91.25, 138.5
2024-11-07, 23:50:05, 136.5, 58.3, 22.91, 22.0, 9999.0, 9.7, 10.0, 21.7, 9999.0, 24.0, 9999.0, 117.7, 127.95, 120.25, 91.25, 138.5
2024-11-07, 23:50:09, 136.5, 58.27, 22.93, 22.0, 9999.0, 9.73, 10.0, 21.7, 9999.0, 23.98, 9999.0, 117.73, 127.95, 120.25, 91.25, 138.5
2024-11-07, 23:50:13, 136.5, 58.27, 22.93, 22.0, 9999.0, 9.75, 10.0, 21.68, 9999.0, 23.95, 9999.0, 117.75, 127.95, 120.25, 91.25, 138.5
2024-11-07, 23:50:17, 136.52, 58.27, 22.93, 22.0, 9999.0, 9.77, 10.0, 21.66, 9999.0, 23.93, 9999.0, 117.77, 127.95, 120.25, 91.25, 138.5
2024-11-07, 23:50:49, 136.52, 58.27, 22.95, 22.0, 9999.0, 9.8, 10.0, 21.68, 9999.0, 23.91, 9999.0, 117.77, 127.95, 120.25, 91.25, 138.5
2024-11-07, 23:50:53, 136.52, 58.27, 22.98, 22.0, 9999.0, 9.77, 10.0, 21.68, 9999.0, 23.91, 9999.0, 117.8, 127.95, 120.25, 91.25, 138.5
2024-11-07, 23:50:57, 136.52, 58.27, 22.98, 22.0, 9999.0, 9.77, 10.0, 21.68, 9999.0, 23.91, 9999.0, 117.82, 127.95, 120.25, 91.25, 138.5
2024-11-07, 23:51:07, 136.55, 58.25, 22.98, 22.0, 9999.0, 9.77, 10.0, 21.68, 9999.0, 23.91, 9999.0, 117.84, 127.95, 120.27, 91.25, 138.5
2024-11-07, 23:51:11, 136.55, 58.25, 22.98, 22.0, 9999.0, 9.73, 10.0, 21.68, 9999.0, 23.91, 9999.0, 117.86, 127.98, 120.27, 91.25, 138.5
2024-11-07, 23:51:15, 136.55, 58.25, 22.98, 22.0, 9999.0, 9.68, 10.0, 21.66, 9999.0, 23.91, 9999.0, 117.86, 127.98, 120.27, 91.25, 138.5
2024-11-07, 23:51:19, 136.55, 58.25, 23.0, 22.0, 9999.0, 9.68, 10.0, 21.64, 9999.0, 23.89, 9999.0, 117.86, 127.98, 120.27, 91.25, 138.5
2024-11-07, 23:51:31, 136.55, 58.25, 23.0, 22.0, 9999.0, 9.66, 10.0, 21.64, 9999.0, 23.86, 9999.0, 117.86, 128.0, 120.27, 91.25, 138.5
2024-11-07, 23:51:35, 136.55, 58.25, 22.98, 22.0, 9999.0, 9.64, 10.0, 21.64, 9999.0, 23.86, 9999.0, 117.84, 128.0, 120.27, 91.25, 138.5
2024-11-07, 23:51:39, 136.55, 58.25, 22.98, 22.0, 9999.0, 9.61, 10.0, 21.66, 9999.0, 23.86, 9999.0, 117.82, 128.0, 120.27, 91.25, 138.5
2024-11-07, 23:51:43, 136.52, 58.25, 22.98, 22.0, 9999.0, 9.61, 10.0, 21.68, 9999.0, 23.86, 9999.0, 117.8, 127.98, 120.27, 91.25, 138.5
2024-11-07, 23:51:47, 136.52, 58.25, 22.98, 22.0, 9999.0, 9.61, 10.0, 21.68, 9999.0, 23.86, 9999.0, 117.8, 127.98, 120.27, 91.25, 138.5
2024-11-07, 23:51:51, 136.52, 58.25, 22.98, 22.0, 9999.0, 9.64, 10.0, 21.68, 9999.0, 23.84, 9999.0, 117.75, 127.98, 120.27, 91.25, 138.5
2024-11-07, 23:51:55, 136.52, 58.25, 22.98, 22.0, 9999.0, 9.66, 10.0, 21.68, 9999.0, 23.82, 9999.0, 117.75, 127.95, 120.27, 91.25, 138.5
2024-11-07, 23:51:59, 136.5, 58.25, 22.95, 22.0, 9999.0, 9.66, 10.0, 21.68, 9999.0, 23.8, 9999.0, 117.73, 127.95, 120.25, 91.25, 138.5
2024-11-07, 23:52:03, 136.5, 58.25, 22.95, 22.0, 9999.0, 9.68, 10.0, 21.68, 9999.0, 23.77, 9999.0, 117.73, 127.95, 120.25, 91.25, 138.5
2024-11-07, 23:52:07, 136.5, 58.25, 22.95, 22.0, 9999.0, 9.7, 10.0, 21.7, 9999.0, 23.75, 9999.0, 117.75, 127.95, 120.25, 91.25, 138.5
2024-11-07, 23:52:11, 136.5, 58.25, 22.95, 22.0, 9999.0, 9.7, 10.0, 21.73, 9999.0, 23.75, 9999.0, 117.77, 127.95, 120.25, 91.25, 138.5
2024-11-07, 23:52:15, 136.5, 58.25, 22.95, 22.0, 9999.0, 9.73, 10.0, 21.73, 9999.0, 23.75, 9999.0, 117.8, 127.95, 120.25, 91.25, 138.5
2024-11-07, 23:52:19, 136.52, 58.25, 22.95, 22.0, 9999.0, 9.75, 10.0, 21.73, 9999.0, 23.77, 9999.0, 117.82, 127.95, 120.25, 91.25, 138.5
2024-11-07, 23:52:23, 136.52, 58.25, 22.95, 22.0, 9999.0, 9.75, 10.0, 21.73, 9999.0, 23.8, 9999.0, 117.82, 127.95, 120.25, 91.25, 138.52
2024-11-07, 23:52:27, 136.52, 58.25, 22.95, 22.0, 9999.0, 9.75, 10.0, 21.73, 9999.0, 23.8, 9999.0, 117.84, 127.98, 120.25, 91.25, 138.52
2024-11-07, 23:52:31, 136.52, 58.25, 22.93, 22.0, 9999.0, 9.73, 10.0, 21.73, 9999.0, 23.82, 9999.0, 117.86, 127.98, 120.27, 91.25, 138.52
2024-11-07, 23:52:35, 136.52, 58.25, 22.93, 22.0, 9999.0, 9.7, 10.0, 21.73, 9999.0, 23.86, 9999.0, 117.89, 127.98, 120.27, 91.25, 138.52
2024-11-07, 23:52:39, 136.55, 58.25, 22.91, 22.0, 9999.0, 9.66, 10.0, 21.75, 9999.0, 23.89, 9999.0, 117.89, 128.0, 120.27, 91.25, 138.52
2024-11-07, 23:52:43, 136.57, 58.25, 22.93, 22.0, 9999.0, 9.64, 10.0, 21.75, 9999.0, 23.91, 9999.0, 117.89, 128.0, 120.27, 91.25, 138.52
2024-11-07, 23:52:47, 136.57, 58.25, 22.93, 22.0, 9999.0, 9.61, 10.0, 21.73, 9999.0, 23.93, 9999.0, 117.89, 128.0, 120.27, 91.25, 138.55
2024-11-07, 23:52:51, 136.57, 58.25, 22.93, 22.0, 9999.0, 9.59, 10.0, 21.7, 9999.0, 23.93, 9999.0, 117.86, 128.0, 120.27, 91.25, 138.55
2024-11-07, 23:52:55, 136.57, 58.25, 22.91, 22.0, 9999.0, 9.57, 10.0, 21.68, 9999.0, 23.93, 9999.0, 117.84, 128.0, 120.27, 91.25, 138.55
2024-11-07, 23:52:59, 136.57, 58.25, 22.89, 22.0, 9999.0, 9.57, 10.0, 21.66, 9999.0, 23.93, 9999.0, 117.82, 128.0, 120.27, 91.25, 138.55
2024-11-07, 23:53:03, 136.55, 58.25, 22.91, 22.0, 9999.0, 9.57, 10.0, 21.66, 9999.0, 23.91, 9999.0, 117.8, 128.0, 120.27, 91.25, 138.55
2024-11-07, 23:53:07, 136.55, 58.25, 22.91, 22.02, 9999.0, 9.59, 10.0, 21.64, 9999.0, 23.89, 9999.0, 117.77, 128.0, 120.27, 91.25, 138.52
2024-11-07, 23:53:11, 136.55, 58.25, 22.91, 22.02, 9999.0, 9.61, 10.0, 21.64, 9999.0, 23.89, 9999.0, 117.73, 128.0, 120.27, 91.25, 138.52
2024-11-07, 23:53:15, 136.55, 58.25, 22.93, 22.02, 9999.0, 9.66, 10.0, 21.64, 9999.0, 23.86, 9999.0, 117.68, 128.0, 120.25, 91.25, 138.52
2024-11-07, 23:53:19, 136.55, 58.25, 22.93, 22.02, 9999.0, 9.68, 10.0, 21.64, 9999.0, 23.82, 9999.0, 117.68, 127.98, 120.25, 91.25, 138.52
2024-11-07, 23:53:23, 136.52, 58.25, 22.95, 22.02, 9999.0, 9.7, 10.0, 21.64, 9999.0, 23.8, 9999.0, 117.68, 127.98, 120.25, 91.25, 138.52
2024-11-07, 23:53:35, 136.5, 58.27, 22.95, 22.02, 9999.0, 9.73, 10.0, 21.64, 9999.0, 23.77, 9999.0, 117.7, 127.98, 120.25, 91.25, 138.55
2024-11-07, 23:53:39, 136.5, 58.27, 22.95, 22.02, 9999.0, 9.75, 10.0, 21.66, 9999.0, 23.75, 9999.0, 117.73, 127.98, 120.27, 91.25, 138.55
2024-11-07, 23:53:43, 136.5, 58.27, 22.95, 22.02, 9999.0, 9.77, 10.0, 21.66, 9999.0, 23.77, 9999.0, 117.75, 127.98, 120.27, 91.25, 138.55
2024-11-07, 23:53:47, 136.5, 58.27, 22.98, 22.02, 9999.0, 9.8, 10.0, 21.68, 9999.0, 23.77, 9999.0, 117.77, 127.98, 120.27, 91.25, 138.57
2024-11-07, 23:53:51, 136.5, 58.27, 23.0, 22.02, 9999.0, 9.8, 10.0, 21.68, 9999.0, 23.8, 9999.0, 117.77, 127.98, 120.27, 91.25, 138.59
2024-11-07, 23:53:55, 136.5, 58.27, 23.0, 22.02, 9999.0, 9.77, 10.0, 21.68, 9999.0, 23.82, 9999.0, 117.77, 127.98, 120.27, 91.25, 138.61
2024-11-07, 23:53:59, 136.5, 58.27, 23.0, 22.02, 9999.0, 9.75, 10.0, 21.7, 9999.0, 23.84, 9999.0, 117.8, 127.98, 120.27, 91.25, 138.64
2024-11-07, 23:54:03, 136.5, 58.27, 23.0, 22.02, 9999.0, 9.73, 10.0, 21.7, 9999.0, 23.86, 9999.0, 117.82, 127.98, 120.27, 91.25, 138.66
2024-11-07, 23:54:07, 136.5, 58.3, 23.0, 22.02, 9999.0, 9.68, 10.0, 21.7, 9999.0, 23.86, 9999.0, 117.84, 127.98, 120.27, 91.25, 138.68
2024-11-07, 23:54:11, 136.5, 58.32, 23.0, 22.02, 9999.0, 9.66, 10.0, 21.68, 9999.0, 23.86, 9999.0, 117.84, 128.0, 120.27, 91.25, 138.7
2024-11-07, 23:54:15, 136.5, 58.32, 23.0, 22.02, 9999.0, 9.64, 10.0, 21.68, 9999.0, 23.86, 9999.0, 117.84, 128.0, 120.27, 91.25, 138.73
2024-11-07, 23:54:19, 136.5, 58.3, 23.0, 22.05, 9999.0, 9.61, 10.0, 21.66, 9999.0, 23.86, 9999.0, 117.82, 128.0, 120.27, 91.25, 138.73
2024-11-07, 23:54:23, 136.5, 58.3, 23.0, 22.05, 9999.0, 9.61, 10.0, 21.66, 9999.0, 23.89, 9999.0, 117.8, 128.0, 120.25, 91.25, 138.73
2024-11-07, 23:54:27, 136.5, 58.3, 23.0, 22.07, 9999.0, 9.61, 10.0, 21.66, 9999.0, 23.86, 9999.0, 117.77, 128.0, 120.25, 91.25, 138.75
2024-11-07, 23:54:31, 136.52, 58.3, 23.0, 22.07, 9999.0, 9.61, 10.0, 21.66, 9999.0, 23.86, 9999.0, 117.73, 128.0, 120.25, 91.25, 138.75
2024-11-07, 23:54:35, 136.52, 58.3, 23.0, 22.07, 9999.0, 9.64, 10.0, 21.68, 9999.0, 23.84, 9999.0, 117.7, 128.0, 120.25, 91.25, 138.75
2024-11-07, 23:54:39, 136.52, 58.3, 23.0, 22.07, 9999.0, 9.66, 10.0, 21.68, 9999.0, 23.82, 9999.0, 117.7, 128.0, 120.27, 91.25, 138.73
2024-11-07, 23:54:43, 136.52, 58.3, 23.0, 22.05, 9999.0, 9.68, 10.0, 21.68, 9999.0, 23.8, 9999.0, 117.7, 128.0, 120.27, 91.25, 138.73
2024-11-07, 23:54:47, 136.52, 58.3, 23.0, 22.05, 9999.0, 9.68, 10.0, 21.68, 9999.0, 23.77, 9999.0, 117.73, 128.0, 120.27, 91.25, 138.73
2024-11-07, 23:54:52, 136.52, 58.27, 23.0, 22.05, 9999.0, 9.7, 10.0, 21.68, 9999.0, 23.77, 9999.0, 117.75, 128.0, 120.27, 91.25, 138.73
2024-11-07, 23:54:56, 136.55, 58.25, 23.0, 22.05, 9999.0, 9.73, 10.0, 21.68, 9999.0, 23.77, 9999.0, 117.77, 128.0, 120.27, 91.25, 138.7
2024-11-07, 23:55:00, 136.55, 58.25, 23.0, 22.07, 9999.0, 9.75, 10.0, 21.68, 9999.0, 23.8, 9999.0, 117.8, 128.0, 120.27, 91.25, 138.7
2024-11-07, 23:55:04, 136.55, 58.25, 23.0, 22.05, 9999.0, 9.77, 10.0, 21.7, 9999.0, 23.82, 9999.0, 117.82, 128.0, 120.27, 91.25, 138.7
2024-11-07, 23:55:08, 136.55, 58.25, 23.0, 22.05, 9999.0, 9.77, 10.0, 21.7, 9999.0, 23.82, 9999.0, 117.84, 128.0, 120.27, 91.25, 138.7
2024-11-07, 23:55:12, 136.55, 58.25, 23.0, 22.02, 9999.0, 9.77, 10.0, 21.73, 9999.0, 23.86, 9999.0, 117.84, 128.0, 120.3, 91.25, 138.68
2024-11-07, 23:55:16, 136.52, 58.27, 23.0, 22.02, 9999.0, 9.75, 10.0, 21.7, 9999.0, 23.91, 9999.0, 117.89, 128.0, 120.3, 91.25, 138.68
2024-11-07, 23:55:20, 136.52, 58.27, 23.0, 22.02, 9999.0, 9.7, 10.0, 21.7, 9999.0, 23.95, 9999.0, 117.91, 128.0, 120.32, 91.25, 138.68
2024-11-07, 23:55:24, 136.52, 58.27, 23.0, 22.02, 9999.0, 9.7, 10.0, 21.7, 9999.0, 23.98, 9999.0, 117.91, 128.0, 120.3, 91.25, 138.7
2024-11-07, 23:55:28, 136.52, 58.27, 23.0, 22.05, 9999.0, 9.68, 10.0, 21.7, 9999.0, 24.0, 9999.0, 117.91, 128.0, 120.3, 91.25, 138.7
2024-11-07, 23:55:32, 136.52, 58.27, 23.0, 22.05, 9999.0, 9.66, 10.0, 21.68, 9999.0, 24.02, 9999.0, 117.89, 128.0, 120.3, 91.25, 138.7
2024-11-07, 23:55:36, 136.55, 58.27, 23.0, 22.05, 9999.0, 9.64, 10.0, 21.68, 9999.0, 24.05, 9999.0, 117.86, 128.0, 120.3, 91.25, 138.7
2024-11-07, 23:55:40, 136.52, 58.27, 23.0, 22.05, 9999.0, 9.64, 10.0, 21.68, 9999.0, 24.07, 9999.0, 117.84, 128.0, 120.3, 91.25, 138.73
2024-11-07, 23:55:44, 136.52, 58.27, 23.0, 22.02, 9999.0, 9.64, 10.0, 21.68, 9999.0, 24.05, 9999.0, 117.82, 128.0, 120.3, 91.25, 138.73
2024-11-07, 23:55:48, 136.55, 58.27, 23.0, 22.02, 9999.0, 9.64, 10.0, 21.68, 9999.0, 24.02, 9999.0, 117.77, 128.0, 120.3, 91.25, 138.73
2024-11-07, 23:55:52, 136.55, 58.27, 23.0, 22.02, 9999.0, 9.66, 10.0, 21.68, 9999.0, 24.0, 9999.0, 117.73, 128.0, 120.3, 91.25, 138.73
2024-11-07, 23:55:56, 136.55, 58.27, 23.0, 22.02, 9999.0, 9.66, 10.0, 21.68, 9999.0, 23.95, 9999.0, 117.73, 128.0, 120.27, 91.25, 138.75
2024-11-07, 23:56:00, 136.55, 58.25, 23.0, 22.05, 9999.0, 9.68, 10.0, 21.7, 9999.0, 23.91, 9999.0, 117.7, 128.0, 120.27, 91.25, 138.73
2024-11-07, 23:56:04, 136.55, 58.25, 23.0, 22.05, 9999.0, 9.7, 10.0, 21.7, 9999.0, 23.86, 9999.0, 117.7, 128.0, 120.25, 91.25, 138.73
2024-11-07, 23:56:08, 136.55, 58.25, 23.0, 22.07, 9999.0, 9.7, 10.0, 21.7, 9999.0, 23.82, 9999.0, 117.73, 128.0, 120.25, 91.25, 138.73
2024-11-07, 23:56:12, 136.55, 58.25, 23.0, 22.05, 9999.0, 9.73, 10.0, 21.7, 9999.0, 23.77, 9999.0, 117.75, 128.0, 120.25, 91.25, 138.7
2024-11-07, 23:56:16, 136.55, 58.25, 23.0, 22.07, 9999.0, 9.75, 10.0, 21.73, 9999.0, 23.73, 9999.0, 117.77, 128.0, 120.25, 91.25, 138.7
2024-11-07, 23:56:20, 136.55, 58.25, 23.0, 22.07, 9999.0, 9.77, 10.0, 21.73, 9999.0, 23.7, 9999.0, 117.8, 128.0, 120.25, 91.25, 138.7
2024-11-07, 23:56:24, 136.55, 58.25, 23.0, 22.09, 9999.0, 9.77, 10.0, 21.75, 9999.0, 23.68, 9999.0, 117.8, 128.0, 120.25, 91.25, 138.7
2024-11-07, 23:56:28, 136.55, 58.27, 23.0, 22.09, 9999.0, 9.77, 10.0, 21.75, 9999.0, 23.7, 9999.0, 117.82, 128.0, 120.25, 91.25, 138.7
2024-11-07, 23:56:32, 136.52, 58.27, 23.0, 22.11, 9999.0, 9.75, 10.0, 21.75, 9999.0, 23.73, 9999.0, 117.86, 128.0, 120.25, 91.25, 138.7
2024-11-07, 23:56:36, 136.52, 58.3, 23.0, 22.11, 9999.0, 9.7, 10.0, 21.75, 9999.0, 23.75, 9999.0, 117.89, 128.0, 120.25, 91.25, 138.7
2024-11-07, 23:56:40, 136.52, 58.3, 23.0, 22.14, 9999.0, 9.68, 10.0, 21.75, 9999.0, 23.77, 9999.0, 117.89, 128.0, 120.27, 91.25, 138.7
2024-11-07, 23:56:44, 136.52, 58.3, 23.0, 22.11, 9999.0, 9.66, 10.0, 21.75, 9999.0, 23.8, 9999.0, 117.89, 128.0, 120.27, 91.25, 138.7
2024-11-07, 23:56:48, 136.52, 58.3, 23.0, 22.11, 9999.0, 9.64, 10.0, 21.75, 9999.0, 23.82, 9999.0, 117.89, 128.0, 120.27, 91.25, 138.68
2024-11-07, 23:56:52, 136.52, 58.3, 23.0, 22.11, 9999.0, 9.61, 10.0, 21.75, 9999.0, 23.86, 9999.0, 117.86, 128.0, 120.27, 91.25, 138.68
2024-11-07, 23:56:56, 136.52, 58.3, 23.0, 22.14, 9999.0, 9.59, 10.0, 21.75, 9999.0, 23.91, 9999.0, 117.84, 128.0, 120.27, 91.25, 138.68
2024-11-07, 23:57:00, 136.52, 58.3, 23.0, 22.11, 9999.0, 9.59, 10.0, 21.75, 9999.0, 23.95, 9999.0, 117.82, 128.0, 120.27, 91.25, 138.66
2024-11-07, 23:57:04, 136.5, 58.32, 23.0, 22.11, 9999.0, 9.59, 10.0, 21.73, 9999.0, 23.98, 9999.0, 117.8, 128.0, 120.27, 91.25, 138.66
2024-11-07, 23:57:08, 136.5, 58.32, 23.0, 22.09, 9999.0, 9.59, 10.0, 21.73, 9999.0, 23.98, 9999.0, 117.8, 128.0, 120.27, 91.25, 138.66
2024-11-07, 23:57:12, 136.5, 58.3, 23.0, 22.09, 9999.0, 9.61, 10.0, 21.73, 9999.0, 23.98, 9999.0, 117.75, 128.0, 120.27, 91.25, 138.66
2024-11-07, 23:57:16, 136.5, 58.3, 23.0, 22.07, 9999.0, 9.66, 10.0, 21.73, 9999.0, 23.98, 9999.0, 117.73, 128.0, 120.27, 91.25, 138.66
2024-11-07, 23:57:20, 136.5, 58.27, 23.0, 22.07, 9999.0, 9.7, 10.0, 21.73, 9999.0, 23.95, 9999.0, 117.73, 128.0, 120.27, 91.25, 138.64
2024-11-07, 23:57:24, 136.5, 58.27, 23.0, 22.05, 9999.0, 9.73, 10.0, 21.7, 9999.0, 23.93, 9999.0, 117.75, 128.0, 120.25, 91.25, 138.61
2024-11-07, 23:57:28, 136.5, 58.27, 23.0, 22.05, 9999.0, 9.75, 10.0, 21.7, 9999.0, 23.91, 9999.0, 117.77, 128.0, 120.25, 91.25, 138.64
2024-11-07, 23:57:32, 136.52, 58.27, 23.0, 22.07, 9999.0, 9.77, 10.0, 21.7, 9999.0, 23.89, 9999.0, 117.8, 128.0, 120.25, 91.25, 138.66
2024-11-07, 23:57:36, 136.52, 58.27, 23.0, 22.07, 9999.0, 9.8, 10.0, 21.7, 9999.0, 23.89, 9999.0, 117.82, 128.0, 120.25, 91.25, 138.64
2024-11-07, 23:57:40, 136.52, 58.27, 23.0, 22.05, 9999.0, 9.82, 10.0, 21.7, 9999.0, 23.86, 9999.0, 117.84, 128.0, 120.25, 91.25, 138.66
2024-11-07, 23:57:44, 136.52, 58.27, 23.0, 22.05, 9999.0, 9.82, 10.0, 21.7, 9999.0, 23.86, 9999.0, 117.86, 128.0, 120.25, 91.25, 138.66
2024-11-07, 23:57:48, 136.52, 58.25, 23.0, 22.05, 9999.0, 9.82, 10.0, 21.73, 9999.0, 23.89, 9999.0, 117.86, 128.0, 120.25, 91.25, 138.66
2024-11-07, 23:57:52, 136.52, 58.25, 23.0, 22.07, 9999.0, 9.82, 10.0, 21.73, 9999.0, 23.91, 9999.0, 117.86, 128.0, 120.25, 91.25, 138.66
2024-11-07, 23:57:56, 136.52, 58.25, 23.0, 22.07, 9999.0, 9.77, 10.0, 21.73, 9999.0, 23.91, 9999.0, 117.89, 128.0, 120.25, 91.25, 138.64
2024-11-07, 23:58:00, 136.52, 58.25, 23.0, 22.07, 9999.0, 9.73, 10.0, 21.7, 9999.0, 23.91, 9999.0, 117.89, 128.0, 120.25, 91.25, 138.61
2024-11-07, 23:58:04, 136.52, 58.25, 23.0, 22.07, 9999.0, 9.68, 10.0, 21.7, 9999.0, 23.93, 9999.0, 117.89, 128.0, 120.25, 91.25, 138.61
2024-11-07, 23:58:08, 136.52, 58.25, 23.0, 22.07, 9999.0, 9.66, 10.0, 21.73, 9999.0, 23.95, 9999.0, 117.86, 128.0, 120.25, 91.25, 138.61
2024-11-07, 23:58:12, 136.52, 58.25, 23.0, 22.07, 9999.0, 9.64, 10.0, 21.73, 9999.0, 23.98, 9999.0, 117.84, 128.0, 120.25, 91.25, 138.61
2024-11-07, 23:58:16, 136.5, 58.25, 23.0, 22.05, 9999.0, 9.64, 10.0, 21.73, 9999.0, 24.0, 9999.0, 117.82, 128.0, 120.25, 91.25, 138.59
2024-11-07, 23:58:20, 136.5, 58.25, 23.0, 22.02, 9999.0, 9.64, 10.0, 21.73, 9999.0, 24.0, 9999.0, 117.8, 128.0, 120.25, 91.25, 138.59
2024-11-07, 23:58:24, 136.5, 58.25, 23.0, 22.02, 9999.0, 9.64, 10.0, 21.73, 9999.0, 24.02, 9999.0, 117.77, 128.0, 120.25, 91.25, 138.59
2024-11-07, 23:58:28, 136.5, 58.25, 23.0, 22.02, 9999.0, 9.66, 10.0, 21.73, 9999.0, 24.02, 9999.0, 117.73, 128.0, 120.25, 91.25, 138.59
2024-11-07, 23:58:32, 136.5, 58.25, 23.0, 22.02, 9999.0, 9.68, 10.0, 21.73, 9999.0, 23.98, 9999.0, 117.73, 128.0, 120.25, 91.25, 138.57
2024-11-07, 23:58:37, 136.5, 58.25, 23.0, 22.0, 9999.0, 9.68, 10.0, 21.73, 9999.0, 23.95, 9999.0, 117.73, 128.0, 120.25, 91.25, 138.55
2024-11-07, 23:58:41, 136.5, 58.25, 23.0, 22.0, 9999.0, 9.7, 10.0, 21.73, 9999.0, 23.93, 9999.0, 117.75, 128.0, 120.25, 91.25, 138.55
2024-11-07, 23:58:45, 136.5, 58.25, 23.0, 22.0, 9999.0, 9.73, 10.0, 21.75, 9999.0, 23.91, 9999.0, 117.77, 128.0, 120.25, 91.25, 138.55
2024-11-07, 23:58:49, 136.5, 58.25, 23.0, 22.0, 9999.0, 9.75, 10.0, 21.75, 9999.0, 23.89, 9999.0, 117.8, 128.0, 120.25, 91.25, 138.55
2024-11-07, 23:58:53, 136.5, 58.25, 23.0, 22.0, 9999.0, 9.77, 10.0, 21.75, 9999.0, 23.89, 9999.0, 117.82, 128.0, 120.25, 91.25, 138.55
2024-11-07, 23:58:57, 136.5, 58.25, 23.0, 22.0, 9999.0, 9.8, 10.0, 21.75, 9999.0, 23.89, 9999.0, 117.84, 128.0, 120.25, 91.25, 138.52
2024-11-07, 23:59:01, 136.5, 58.25, 23.0, 22.0, 9999.0, 9.8, 10.0, 21.75, 9999.0, 23.89, 9999.0, 117.86, 128.0, 120.25, 91.25, 138.52
2024-11-07, 23:59:05, 136.5, 58.25, 23.0, 22.02, 9999.0, 9.8, 10.0, 21.73, 9999.0, 23.91, 9999.0, 117.86, 128.0, 120.27, 91.25, 138.52
2024-11-07, 23:59:09, 136.5, 58.25, 23.0, 22.02, 9999.0, 9.8, 10.0, 21.7, 9999.0, 23.93, 9999.0, 117.86, 128.0, 120.27, 91.25, 138.52
2024-11-07, 23:59:13, 136.5, 58.27, 23.0, 22.02, 9999.0, 9.75, 10.0, 21.7, 9999.0, 23.95, 9999.0, 117.89, 128.0, 120.27, 91.25, 138.52
2024-11-07, 23:59:17, 136.5, 58.27, 23.0, 22.02, 9999.0, 9.73, 10.0, 21.7, 9999.0, 23.98, 9999.0, 117.89, 128.0, 120.27, 91.25, 138.52
2024-11-07, 23:59:21, 136.5, 58.27, 23.0, 22.02, 9999.0, 9.7, 10.0, 21.7, 9999.0, 24.0, 9999.0, 117.89, 128.0, 120.27, 91.25, 138.52
2024-11-07, 23:59:25, 136.5, 58.27, 23.0, 22.02, 9999.0, 9.68, 10.0, 21.7, 9999.0, 24.02, 9999.0, 117.86, 128.0, 120.27, 91.25, 138.55
2024-11-07, 23:59:29, 136.5, 58.27, 23.0, 22.02, 9999.0, 9.66, 10.0, 21.7, 9999.0, 24.05, 9999.0, 117.84, 128.0, 120.27, 91.25, 138.57
2024-11-07, 23:59:33, 136.5, 58.27, 23.0, 22.02, 9999.0, 9.64, 10.0, 21.68, 9999.0, 24.07, 9999.0, 117.82, 128.0, 120.27, 91.25, 138.59
2024-11-07, 23:59:37, 136.5, 58.27, 23.0, 22.02, 9999.0, 9.64, 10.0, 21.66, 9999.0, 24.07, 9999.0, 117.8, 128.0, 120.27, 91.25, 138.61
2024-11-07, 23:59:41, 136.52, 58.27, 23.0, 22.02, 9999.0, 9.64, 10.0, 21.64, 9999.0, 24.07, 9999.0, 117.77, 128.0, 120.27, 91.25, 138.61
2024-11-07, 23:59:45, 136.52, 58.27, 23.0, 22.02, 9999.0, 9.66, 10.0, 21.64, 9999.0, 24.07, 9999.0, 117.75, 128.0, 120.27, 91.25, 138.61
2024-11-07, 23:59:49, 136.55, 58.27, 23.0, 22.0, 9999.0, 9.68, 10.0, 21.66, 9999.0, 24.05, 9999.0, 117.75, 127.98, 120.25, 91.25, 138.64
2024-11-07, 23:59:53, 136.55, 58.27, 23.0, 22.0, 9999.0, 9.7, 10.0, 21.66, 9999.0, 24.02, 9999.0, 117.75, 127.98, 120.25, 91.25, 138.64
2024-11-07, 23:59:57, 136.55, 58.25, 23.0, 22.0, 9999.0, 9.73, 10.0, 21.66, 9999.0, 24.0, 9999.0, 117.75, 127.98, 120.25, 91.25, 138.64
