2026-09-08, 00:00:02, 22.25, 22.3, 22.61, 22.57, 9999.0, 9999.0, 9999.0, 23.68, 9999.0, 22.34, 9999.0, 22.59, 22.36, 22.11, 22.25, 22.18
2026-09-08, 00:00:06, 22.25, 22.27, 22.61, 22.57, 9999.0, 9999.0, 9999.0, 23.7, 9999.0, 22.34, 9999.0, 22.59, 22.34, 22.11, 22.23, 22.2
2026-09-08, 00:00:10, 22.25, 22.27, 22.64, 22.55, 9999.0, 9999.0, 9999.0, 23.73, 9999.0, 22.36, 9999.0, 22.57, 22.32, 22.11, 22.23, 22.2
2026-09-08, 00:00:14, 22.25, 22.25, 22.64, 22.52, 9999.0, 9999.0, 9999.0, 23.77, 9999.0, 22.39, 9999.0, 22.55, 22.32, 22.11, 22.23, 22.2
2026-09-08, 00:00:18, 22.25, 22.25, 22.61, 22.55, 9999.0, 9999.0, 9999.0, 23.8, 9999.0, 22.39, 9999.0, 22.55, 22.32, 22.09, 22.23, 22.2
2026-09-08, 00:00:22, 22.23, 22.25, 22.61, 22.55, 9999.0, 9999.0, 9999.0, 23.82, 9999.0, 22.39, 9999.0, 22.52, 22.32, 22.07, 22.23, 22.2
2026-09-08, 00:00:26, 22.23, 22.25, 22.59, 22.55, 9999.0, 9999.0, 9999.0, 23.86, 9999.0, 22.36, 9999.0, 22.5, 22.3, 22.07, 22.23, 22.2
2026-09-08, 00:00:30, 22.23, 22.25, 22.59, 22.52, 9999.0, 9999.0, 9999.0, 23.91, 9999.0, 22.34, 9999.0, 22.48, 22.3, 22.07, 22.23, 22.23
2026-09-08, 00:00:34, 22.23, 22.27, 22.59, 22.52, 9999.0, 9999.0, 9999.0, 23.93, 9999.0, 22.32, 9999.0, 22.48, 22.3, 22.09, 22.23, 22.23
2026-09-08, 00:00:38, 22.23, 22.27, 22.57, 22.52, 9999.0, 9999.0, 9999.0, 23.89, 9999.0, 22.27, 9999.0, 22.48, 22.3, 22.11, 22.23, 22.23
2026-09-08, 00:00:42, 22.23, 22.3, 22.57, 22.52, 9999.0, 9999.0, 9999.0, 23.86, 9999.0, 22.23, 9999.0, 22.5, 22.3, 22.14, 22.23, 22.23
2026-09-08, 00:00:46, 22.2, 22.3, 22.57, 22.55, 9999.0, 9999.0, 9999.0, 23.82, 9999.0, 22.18, 9999.0, 22.52, 22.27, 22.16, 22.23, 22.23
2026-09-08, 00:00:50, 22.2, 22.3, 22.59, 22.55, 9999.0, 9999.0, 9999.0, 23.77, 9999.0, 22.16, 9999.0, 22.55, 22.27, 22.16, 22.25, 22.23
2026-09-08, 00:00:54, 22.2, 22.32, 22.57, 22.55, 9999.0, 9999.0, 9999.0, 23.73, 9999.0, 22.16, 9999.0, 22.57, 22.27, 22.16, 22.25, 22.23
2026-09-08, 00:00:58, 22.2, 22.32, 22.57, 22.57, 9999.0, 9999.0, 9999.0, 23.66, 9999.0, 22.16, 9999.0, 22.59, 22.27, 22.16, 22.25, 22.23
2026-09-08, 00:01:02, 22.2, 22.32, 22.57, 22.57, 9999.0, 9999.0, 9999.0, 23.64, 9999.0, 22.16, 9999.0, 22.61, 22.3, 22.18, 22.25, 22.23
2026-09-08, 00:01:06, 22.2, 22.34, 22.59, 22.57, 9999.0, 9999.0, 9999.0, 23.59, 9999.0, 22.16, 9999.0, 22.66, 22.32, 22.18, 22.25, 22.23
2026-09-08, 00:01:10, 22.18, 22.34, 22.59, 22.57, 9999.0, 9999.0, 9999.0, 23.52, 9999.0, 22.16, 9999.0, 22.68, 22.34, 22.18, 22.25, 22.25
2026-09-08, 00:01:14, 22.18, 22.34, 22.57, 22.57, 9999.0, 9999.0, 9999.0, 23.57, 9999.0, 22.16, 9999.0, 22.7, 22.36, 22.2, 22.25, 22.25
2026-09-08, 00:01:18, 22.18, 22.32, 22.55, 22.59, 9999.0, 9999.0, 9999.0, 23.59, 9999.0, 22.16, 9999.0, 22.7, 22.36, 22.2, 22.25, 22.25
2026-09-08, 00:01:22, 22.18, 22.32, 22.55, 22.59, 9999.0, 9999.0, 9999.0, 23.61, 9999.0, 22.18, 9999.0, 22.7, 22.36, 22.18, 22.25, 22.25
2026-09-08, 00:01:26, 22.18, 22.3, 22.55, 22.59, 9999.0, 9999.0, 9999.0, 23.64, 9999.0, 22.2, 9999.0, 22.68, 22.34, 22.16, 22.25, 22.25
2026-09-08, 00:01:30, 22.2, 22.3, 22.57, 22.57, 9999.0, 9999.0, 9999.0, 23.68, 9999.0, 22.2, 9999.0, 22.66, 22.36, 22.16, 22.23, 22.25
2026-09-08, 00:01:34, 22.2, 22.3, 22.57, 22.57, 9999.0, 9999.0, 9999.0, 23.73, 9999.0, 22.2, 9999.0, 22.64, 22.36, 22.16, 22.2, 22.25
2026-09-08, 00:01:38, 22.2, 22.3, 22.57, 22.57, 9999.0, 9999.0, 9999.0, 23.75, 9999.0, 22.18, 9999.0, 22.61, 22.36, 22.16, 22.18, 22.25
2026-09-08, 00:01:42, 22.2, 22.3, 22.57, 22.55, 9999.0, 9999.0, 9999.0, 23.8, 9999.0, 22.16, 9999.0, 22.59, 22.39, 22.16, 22.18, 22.25
2026-09-08, 00:01:46, 22.2, 22.32, 22.57, 22.52, 9999.0, 9999.0, 9999.0, 23.82, 9999.0, 22.14, 9999.0, 22.57, 22.36, 22.14, 22.18, 22.25
2026-09-08, 00:01:50, 22.23, 22.3, 22.55, 22.55, 9999.0, 9999.0, 9999.0, 23.86, 9999.0, 22.11, 9999.0, 22.57, 22.34, 22.14, 22.18, 22.23
2026-09-08, 00:01:54, 22.25, 22.3, 22.57, 22.57, 9999.0, 9999.0, 9999.0, 23.91, 9999.0, 22.09, 9999.0, 22.57, 22.34, 22.14, 22.18, 22.23
2026-09-08, 00:01:58, 22.25, 22.3, 22.59, 22.57, 9999.0, 9999.0, 9999.0, 23.86, 9999.0, 22.07, 9999.0, 22.57, 22.32, 22.14, 22.18, 22.23
2026-09-08, 00:02:02, 22.25, 22.3, 22.59, 22.57, 9999.0, 9999.0, 9999.0, 23.82, 9999.0, 22.05, 9999.0, 22.59, 22.34, 22.14, 22.18, 22.23
2026-09-08, 00:02:06, 22.25, 22.3, 22.59, 22.57, 9999.0, 9999.0, 9999.0, 23.77, 9999.0, 22.02, 9999.0, 22.61, 22.34, 22.16, 22.18, 22.23
2026-09-08, 00:02:10, 22.25, 22.3, 22.59, 22.57, 9999.0, 9999.0, 9999.0, 23.73, 9999.0, 22.02, 9999.0, 22.61, 22.36, 22.16, 22.18, 22.23
2026-09-08, 00:02:14, 22.25, 22.3, 22.57, 22.57, 9999.0, 9999.0, 9999.0, 23.68, 9999.0, 22.05, 9999.0, 22.64, 22.34, 22.14, 22.2, 22.23
2026-09-08, 00:02:18, 22.25, 22.3, 22.57, 22.59, 9999.0, 9999.0, 9999.0, 23.64, 9999.0, 22.07, 9999.0, 22.64, 22.36, 22.14, 22.23, 22.23
2026-09-08, 00:02:22, 22.25, 22.27, 22.59, 22.59, 9999.0, 9999.0, 9999.0, 23.61, 9999.0, 22.11, 9999.0, 22.66, 22.39, 22.11, 22.25, 22.23
2026-09-08, 00:02:26, 22.25, 22.27, 22.61, 22.61, 9999.0, 9999.0, 9999.0, 23.57, 9999.0, 22.14, 9999.0, 22.66, 22.39, 22.11, 22.25, 22.23
2026-09-08, 00:02:30, 22.25, 22.25, 22.61, 22.64, 9999.0, 9999.0, 9999.0, 23.61, 9999.0, 22.16, 9999.0, 22.66, 22.41, 22.11, 22.25, 22.23
2026-09-08, 00:02:34, 22.25, 22.25, 22.61, 22.64, 9999.0, 9999.0, 9999.0, 23.64, 9999.0, 22.18, 9999.0, 22.64, 22.43, 22.14, 22.25, 22.25
2026-09-08, 00:02:38, 22.25, 22.27, 22.61, 22.61, 9999.0, 9999.0, 9999.0, 23.66, 9999.0, 22.2, 9999.0, 22.61, 22.43, 22.16, 22.25, 22.23
2026-09-08, 00:02:42, 22.25, 22.27, 22.61, 22.64, 9999.0, 9999.0, 9999.0, 23.68, 9999.0, 22.23, 9999.0, 22.59, 22.45, 22.16, 22.25, 22.23
2026-09-08, 00:02:46, 22.25, 22.3, 22.61, 22.64, 9999.0, 9999.0, 9999.0, 23.73, 9999.0, 22.23, 9999.0, 22.57, 22.43, 22.16, 22.25, 22.23
2026-09-08, 00:02:50, 22.23, 22.3, 22.61, 22.66, 9999.0, 9999.0, 9999.0, 23.75, 9999.0, 22.23, 9999.0, 22.55, 22.45, 22.16, 22.25, 22.23
2026-09-08, 00:02:54, 22.23, 22.3, 22.61, 22.66, 9999.0, 9999.0, 9999.0, 23.77, 9999.0, 22.2, 9999.0, 22.55, 22.45, 22.16, 22.25, 22.23
2026-09-08, 00:02:58, 22.23, 22.3, 22.64, 22.68, 9999.0, 9999.0, 9999.0, 23.8, 9999.0, 22.18, 9999.0, 22.52, 22.45, 22.18, 22.25, 22.23
2026-09-08, 00:03:02, 22.23, 22.3, 22.64, 22.68, 9999.0, 9999.0, 9999.0, 23.82, 9999.0, 22.18, 9999.0, 22.52, 22.43, 22.18, 22.25, 22.23
2026-09-08, 00:03:06, 22.23, 22.3, 22.61, 22.7, 9999.0, 9999.0, 9999.0, 23.84, 9999.0, 22.14, 9999.0, 22.5, 22.41, 22.2, 22.25, 22.23
2026-09-08, 00:03:10, 22.23, 22.3, 22.61, 22.68, 9999.0, 9999.0, 9999.0, 23.89, 9999.0, 22.11, 9999.0, 22.5, 22.39, 22.18, 22.25, 22.23
2026-09-08, 00:03:14, 22.23, 22.32, 22.61, 22.68, 9999.0, 9999.0, 9999.0, 23.82, 9999.0, 22.09, 9999.0, 22.5, 22.36, 22.2, 22.25, 22.23
2026-09-08, 00:03:18, 22.23, 22.32, 22.61, 22.66, 9999.0, 9999.0, 9999.0, 23.77, 9999.0, 22.07, 9999.0, 22.52, 22.34, 22.2, 22.25, 22.23
2026-09-08, 00:03:22, 22.23, 22.3, 22.59, 22.68, 9999.0, 9999.0, 9999.0, 23.73, 9999.0, 22.05, 9999.0, 22.55, 22.34, 22.2, 22.25, 22.25
2026-09-08, 00:03:26, 22.23, 22.3, 22.59, 22.66, 9999.0, 9999.0, 9999.0, 23.68, 9999.0, 22.05, 9999.0, 22.57, 22.32, 22.18, 22.25, 22.23
2026-09-08, 00:03:30, 22.23, 22.27, 22.61, 22.66, 9999.0, 9999.0, 9999.0, 23.64, 9999.0, 22.07, 9999.0, 22.59, 22.34, 22.18, 22.25, 22.23
2026-09-08, 00:03:34, 22.25, 22.27, 22.61, 22.64, 9999.0, 9999.0, 9999.0, 23.61, 9999.0, 22.07, 9999.0, 22.61, 22.32, 22.18, 22.25, 22.23
2026-09-08, 00:03:39, 22.25, 22.27, 22.64, 22.64, 9999.0, 9999.0, 9999.0, 23.59, 9999.0, 22.09, 9999.0, 22.64, 22.32, 22.18, 22.25, 22.23
2026-09-08, 00:03:43, 22.25, 22.27, 22.61, 22.61, 9999.0, 9999.0, 9999.0, 23.55, 9999.0, 22.11, 9999.0, 22.66, 22.34, 22.16, 22.25, 22.23
2026-09-08, 00:03:47, 22.25, 22.27, 22.59, 22.61, 9999.0, 9999.0, 9999.0, 23.59, 9999.0, 22.11, 9999.0, 22.68, 22.36, 22.16, 22.25, 22.23
2026-09-08, 00:03:51, 22.25, 22.27, 22.59, 22.61, 9999.0, 9999.0, 9999.0, 23.61, 9999.0, 22.11, 9999.0, 22.68, 22.39, 22.16, 22.25, 22.23
2026-09-08, 00:03:55, 22.25, 22.27, 22.57, 22.64, 9999.0, 9999.0, 9999.0, 23.64, 9999.0, 22.11, 9999.0, 22.7, 22.39, 22.16, 22.25, 22.23
2026-09-08, 00:03:59, 22.25, 22.25, 22.57, 22.61, 9999.0, 9999.0, 9999.0, 23.68, 9999.0, 22.14, 9999.0, 22.73, 22.39, 22.16, 22.25, 22.23
2026-09-08, 00:04:03, 22.25, 22.25, 22.59, 22.61, 9999.0, 9999.0, 9999.0, 23.7, 9999.0, 22.14, 9999.0, 22.7, 22.39, 22.16, 22.23, 22.23
2026-09-08, 00:04:07, 22.25, 22.25, 22.59, 22.61, 9999.0, 9999.0, 9999.0, 23.73, 9999.0, 22.14, 9999.0, 22.68, 22.36, 22.16, 22.23, 22.23
2026-09-08, 00:04:11, 22.25, 22.25, 22.57, 22.64, 9999.0, 9999.0, 9999.0, 23.75, 9999.0, 22.11, 9999.0, 22.66, 22.36, 22.18, 22.23, 22.25
2026-09-08, 00:04:15, 22.25, 22.25, 22.55, 22.61, 9999.0, 9999.0, 9999.0, 23.77, 9999.0, 22.09, 9999.0, 22.64, 22.34, 22.16, 22.23, 22.25
2026-09-08, 00:04:19, 22.25, 22.25, 22.55, 22.61, 9999.0, 9999.0, 9999.0, 23.8, 9999.0, 22.09, 9999.0, 22.61, 22.34, 22.16, 22.23, 22.25
2026-09-08, 00:04:23, 22.25, 22.25, 22.52, 22.61, 9999.0, 9999.0, 9999.0, 23.8, 9999.0, 22.07, 9999.0, 22.61, 22.32, 22.18, 22.23, 22.25
2026-09-08, 00:04:27, 22.25, 22.25, 22.55, 22.61, 9999.0, 9999.0, 9999.0, 23.84, 9999.0, 22.05, 9999.0, 22.61, 22.3, 22.2, 22.23, 22.25
2026-09-08, 00:04:31, 22.25, 22.25, 22.55, 22.61, 9999.0, 9999.0, 9999.0, 23.77, 9999.0, 22.02, 9999.0, 22.61, 22.27, 22.2, 22.23, 22.25
2026-09-08, 00:04:35, 22.25, 22.25, 22.57, 22.59, 9999.0, 9999.0, 9999.0, 23.73, 9999.0, 22.02, 9999.0, 22.64, 22.27, 22.2, 22.23, 22.25
2026-09-08, 00:04:39, 22.25, 22.25, 22.59, 22.59, 9999.0, 9999.0, 9999.0, 23.68, 9999.0, 22.02, 9999.0, 22.64, 22.3, 22.23, 22.23, 22.25
2026-09-08, 00:04:43, 22.25, 22.25, 22.61, 22.59, 9999.0, 9999.0, 9999.0, 23.64, 9999.0, 22.0, 9999.0, 22.64, 22.3, 22.23, 22.23, 22.25
2026-09-08, 00:04:47, 22.23, 22.27, 22.59, 22.61, 9999.0, 9999.0, 9999.0, 23.59, 9999.0, 22.0, 9999.0, 22.66, 22.3, 22.23, 22.25, 22.25
2026-09-08, 00:04:51, 22.23, 22.27, 22.59, 22.61, 9999.0, 9999.0, 9999.0, 23.55, 9999.0, 22.02, 9999.0, 22.66, 22.32, 22.23, 22.25, 22.25
2026-09-08, 00:04:55, 22.23, 22.27, 22.61, 22.61, 9999.0, 9999.0, 9999.0, 23.5, 9999.0, 22.05, 9999.0, 22.68, 22.34, 22.23, 22.25, 22.25
2026-09-08, 00:04:59, 22.23, 22.3, 22.64, 22.64, 9999.0, 9999.0, 9999.0, 23.45, 9999.0, 22.07, 9999.0, 22.7, 22.36, 22.25, 22.25, 22.25
2026-09-08, 00:05:03, 22.2, 22.3, 22.64, 22.66, 9999.0, 9999.0, 9999.0, 23.5, 9999.0, 22.09, 9999.0, 22.7, 22.39, 22.23, 22.25, 22.25
2026-09-08, 00:05:07, 22.2, 22.3, 22.64, 22.68, 9999.0, 9999.0, 9999.0, 23.55, 9999.0, 22.11, 9999.0, 22.7, 22.41, 22.2, 22.25, 22.25
2026-09-08, 00:05:11, 22.2, 22.3, 22.64, 22.7, 9999.0, 9999.0, 9999.0, 23.57, 9999.0, 22.14, 9999.0, 22.68, 22.43, 22.2, 22.25, 22.25
2026-09-08, 00:05:15, 22.2, 22.32, 22.64, 22.7, 9999.0, 9999.0, 9999.0, 23.61, 9999.0, 22.14, 9999.0, 22.66, 22.43, 22.18, 22.25, 22.25
2026-09-08, 00:05:19, 22.2, 22.32, 22.61, 22.73, 9999.0, 9999.0, 9999.0, 23.66, 9999.0, 22.14, 9999.0, 22.64, 22.43, 22.18, 22.25, 22.25
2026-09-08, 00:05:23, 22.18, 22.32, 22.61, 22.73, 9999.0, 9999.0, 9999.0, 23.7, 9999.0, 22.14, 9999.0, 22.61, 22.43, 22.18, 22.25, 22.25
2026-09-08, 00:05:27, 22.18, 22.32, 22.61, 22.75, 9999.0, 9999.0, 9999.0, 23.73, 9999.0, 22.14, 9999.0, 22.59, 22.43, 22.18, 22.25, 22.25
2026-09-08, 00:05:31, 22.18, 22.3, 22.61, 22.75, 9999.0, 9999.0, 9999.0, 23.77, 9999.0, 22.14, 9999.0, 22.57, 22.43, 22.18, 22.25, 22.25
2026-09-08, 00:05:35, 22.18, 22.3, 22.64, 22.73, 9999.0, 9999.0, 9999.0, 23.82, 9999.0, 22.11, 9999.0, 22.57, 22.41, 22.18, 22.25, 22.25
2026-09-08, 00:05:39, 22.18, 22.32, 22.61, 22.73, 9999.0, 9999.0, 9999.0, 23.86, 9999.0, 22.09, 9999.0, 22.55, 22.41, 22.18, 22.25, 22.25
2026-09-08, 00:05:43, 22.18, 22.3, 22.59, 22.73, 9999.0, 9999.0, 9999.0, 23.89, 9999.0, 22.07, 9999.0, 22.55, 22.39, 22.18, 22.25, 22.25
2026-09-08, 00:05:47, 22.2, 22.3, 22.59, 22.7, 9999.0, 9999.0, 9999.0, 23.82, 9999.0, 22.05, 9999.0, 22.55, 22.39, 22.2, 22.25, 22.25
2026-09-08, 00:05:51, 22.2, 22.3, 22.59, 22.68, 9999.0, 9999.0, 9999.0, 23.77, 9999.0, 22.0, 9999.0, 22.55, 22.39, 22.23, 22.25, 22.25
2026-09-08, 00:05:55, 22.2, 22.3, 22.57, 22.66, 9999.0, 9999.0, 9999.0, 23.73, 9999.0, 21.95, 9999.0, 22.57, 22.39, 22.23, 22.25, 22.25
2026-09-08, 00:05:59, 22.2, 22.27, 22.59, 22.66, 9999.0, 9999.0, 9999.0, 23.68, 9999.0, 21.93, 9999.0, 22.59, 22.41, 22.25, 22.25, 22.25
2026-09-08, 00:06:03, 22.2, 22.27, 22.61, 22.64, 9999.0, 9999.0, 9999.0, 23.64, 9999.0, 21.95, 9999.0, 22.61, 22.41, 22.25, 22.25, 22.25
2026-09-08, 00:06:07, 22.23, 22.27, 22.61, 22.64, 9999.0, 9999.0, 9999.0, 23.59, 9999.0, 21.95, 9999.0, 22.61, 22.41, 22.25, 22.25, 22.25
2026-09-08, 00:06:11, 22.23, 22.27, 22.59, 22.64, 9999.0, 9999.0, 9999.0, 23.55, 9999.0, 21.98, 9999.0, 22.61, 22.43, 22.23, 22.25, 22.25
2026-09-08, 00:06:15, 22.25, 22.27, 22.59, 22.61, 9999.0, 9999.0, 9999.0, 23.5, 9999.0, 22.0, 9999.0, 22.64, 22.45, 22.2, 22.25, 22.25
2026-09-08, 00:06:19, 22.25, 22.27, 22.57, 22.64, 9999.0, 9999.0, 9999.0, 23.45, 9999.0, 22.02, 9999.0, 22.64, 22.48, 22.2, 22.25, 22.25
2026-09-08, 00:06:23, 22.25, 22.25, 22.59, 22.61, 9999.0, 9999.0, 9999.0, 23.48, 9999.0, 22.05, 9999.0, 22.64, 22.48, 22.2, 22.25, 22.25
2026-09-08, 00:06:27, 22.25, 22.25, 22.59, 22.59, 9999.0, 9999.0, 9999.0, 23.5, 9999.0, 22.05, 9999.0, 22.61, 22.5, 22.2, 22.25, 22.25
2026-09-08, 00:06:31, 22.25, 22.25, 22.59, 22.61, 9999.0, 9999.0, 9999.0, 23.52, 9999.0, 22.05, 9999.0, 22.61, 22.48, 22.18, 22.25, 22.25
2026-09-08, 00:06:35, 22.25, 22.25, 22.59, 22.61, 9999.0, 9999.0, 9999.0, 23.57, 9999.0, 22.07, 9999.0, 22.59, 22.48, 22.16, 22.25, 22.25
2026-09-08, 00:06:39, 22.25, 22.25, 22.59, 22.64, 9999.0, 9999.0, 9999.0, 23.59, 9999.0, 22.09, 9999.0, 22.57, 22.45, 22.14, 22.25, 22.25
2026-09-08, 00:06:43, 22.25, 22.25, 22.57, 22.64, 9999.0, 9999.0, 9999.0, 23.61, 9999.0, 22.11, 9999.0, 22.55, 22.43, 22.14, 22.25, 22.25
2026-09-08, 00:06:47, 22.25, 22.25, 22.57, 22.64, 9999.0, 9999.0, 9999.0, 23.64, 9999.0, 22.07, 9999.0, 22.52, 22.43, 22.11, 22.25, 22.25
2026-09-08, 00:06:51, 22.25, 22.25, 22.55, 22.61, 9999.0, 9999.0, 9999.0, 23.64, 9999.0, 22.05, 9999.0, 22.52, 22.41, 22.11, 22.25, 22.25
2026-09-08, 00:06:55, 22.25, 22.25, 22.55, 22.61, 9999.0, 9999.0, 9999.0, 23.68, 9999.0, 22.0, 9999.0, 22.52, 22.39, 22.14, 22.25, 22.25
2026-09-08, 00:06:59, 22.25, 22.25, 22.55, 22.61, 9999.0, 9999.0, 9999.0, 23.7, 9999.0, 21.95, 9999.0, 22.5, 22.36, 22.16, 22.25, 22.25
2026-09-08, 00:07:03, 22.25, 22.25, 22.55, 22.59, 9999.0, 9999.0, 9999.0, 23.73, 9999.0, 21.91, 9999.0, 22.5, 22.34, 22.14, 22.25, 22.25
2026-09-08, 00:07:07, 22.25, 22.25, 22.52, 22.59, 9999.0, 9999.0, 9999.0, 23.68, 9999.0, 21.86, 9999.0, 22.52, 22.32, 22.14, 22.25, 22.25
2026-09-08, 00:07:11, 22.25, 22.25, 22.55, 22.59, 9999.0, 9999.0, 9999.0, 23.66, 9999.0, 21.84, 9999.0, 22.55, 22.32, 22.14, 22.25, 22.25
2026-09-08, 00:07:16, 22.25, 22.25, 22.57, 22.57, 9999.0, 9999.0, 9999.0, 23.64, 9999.0, 21.82, 9999.0, 22.57, 22.32, 22.16, 22.25, 22.25
2026-09-08, 00:07:20, 22.25, 22.25, 22.57, 22.57, 9999.0, 9999.0, 9999.0, 23.59, 9999.0, 21.82, 9999.0, 22.59, 22.3, 22.18, 22.25, 22.25
2026-09-08, 00:07:24, 22.25, 22.25, 22.59, 22.55, 9999.0, 9999.0, 9999.0, 23.55, 9999.0, 21.8, 9999.0, 22.61, 22.3, 22.2, 22.25, 22.25
2026-09-08, 00:07:28, 22.25, 22.27, 22.61, 22.55, 9999.0, 9999.0, 9999.0, 23.5, 9999.0, 21.8, 9999.0, 22.64, 22.32, 22.2, 22.25, 22.25
2026-09-08, 00:07:32, 22.25, 22.27, 22.59, 22.55, 9999.0, 9999.0, 9999.0, 23.45, 9999.0, 21.84, 9999.0, 22.66, 22.32, 22.2, 22.25, 22.25
2026-09-08, 00:07:36, 22.25, 22.27, 22.59, 22.57, 9999.0, 9999.0, 9999.0, 23.43, 9999.0, 21.86, 9999.0, 22.68, 22.34, 22.2, 22.25, 22.25
2026-09-08, 00:07:40, 22.25, 22.27, 22.59, 22.55, 9999.0, 9999.0, 9999.0, 23.45, 9999.0, 21.89, 9999.0, 22.68, 22.36, 22.2, 22.25, 22.25
2026-09-08, 00:07:44, 22.25, 22.27, 22.59, 22.55, 9999.0, 9999.0, 9999.0, 23.48, 9999.0, 21.91, 9999.0, 22.68, 22.36, 22.18, 22.25, 22.25
2026-09-08, 00:07:48, 22.25, 22.27, 22.61, 22.55, 9999.0, 9999.0, 9999.0, 23.5, 9999.0, 21.93, 9999.0, 22.68, 22.36, 22.2, 22.25, 22.25
2026-09-08, 00:07:52, 22.25, 22.27, 22.64, 22.57, 9999.0, 9999.0, 9999.0, 23.52, 9999.0, 21.95, 9999.0, 22.68, 22.39, 22.18, 22.25, 22.25
2026-09-08, 00:07:56, 22.25, 22.27, 22.64, 22.59, 9999.0, 9999.0, 9999.0, 23.55, 9999.0, 21.98, 9999.0, 22.66, 22.39, 22.18, 22.25, 22.25
2026-09-08, 00:08:00, 22.25, 22.27, 22.64, 22.61, 9999.0, 9999.0, 9999.0, 23.55, 9999.0, 21.98, 9999.0, 22.64, 22.39, 22.18, 22.25, 22.25
2026-09-08, 00:08:04, 22.25, 22.27, 22.64, 22.64, 9999.0, 9999.0, 9999.0, 23.55, 9999.0, 21.95, 9999.0, 22.61, 22.41, 22.18, 22.25, 22.25
2026-09-08, 00:08:08, 22.25, 22.27, 22.61, 22.64, 9999.0, 9999.0, 9999.0, 23.57, 9999.0, 21.98, 9999.0, 22.59, 22.43, 22.18, 22.25, 22.25
2026-09-08, 00:08:12, 22.25, 22.25, 22.61, 22.64, 9999.0, 9999.0, 9999.0, 23.59, 9999.0, 21.98, 9999.0, 22.57, 22.43, 22.16, 22.25, 22.25
2026-09-08, 00:08:16, 22.25, 22.25, 22.64, 22.66, 9999.0, 9999.0, 9999.0, 23.61, 9999.0, 21.93, 9999.0, 22.55, 22.41, 22.18, 22.25, 22.25
2026-09-08, 00:08:20, 22.25, 22.25, 22.64, 22.64, 9999.0, 9999.0, 9999.0, 23.64, 9999.0, 21.91, 9999.0, 22.55, 22.39, 22.18, 22.25, 22.25
2026-09-08, 00:08:24, 22.25, 22.25, 22.64, 22.64, 9999.0, 9999.0, 9999.0, 23.59, 9999.0, 21.89, 9999.0, 22.55, 22.36, 22.18, 22.25, 22.25
2026-09-08, 00:08:28, 22.25, 22.25, 22.66, 22.66, 9999.0, 9999.0, 9999.0, 23.57, 9999.0, 21.86, 9999.0, 22.57, 22.36, 22.18, 22.25, 22.25
2026-09-08, 00:08:32, 22.25, 22.25, 22.66, 22.68, 9999.0, 9999.0, 9999.0, 23.55, 9999.0, 21.84, 9999.0, 22.59, 22.36, 22.18, 22.25, 22.25
2026-09-08, 00:08:36, 22.25, 22.25, 22.66, 22.68, 9999.0, 9999.0, 9999.0, 23.5, 9999.0, 21.82, 9999.0, 22.59, 22.34, 22.2, 22.25, 22.25
2026-09-08, 00:08:40, 22.25, 22.25, 22.66, 22.66, 9999.0, 9999.0, 9999.0, 23.45, 9999.0, 21.82, 9999.0, 22.61, 22.34, 22.18, 22.25, 22.25
2026-09-08, 00:08:44, 22.25, 22.25, 22.64, 22.64, 9999.0, 9999.0, 9999.0, 23.43, 9999.0, 21.84, 9999.0, 22.64, 22.34, 22.18, 22.25, 22.25
2026-09-08, 00:08:48, 22.25, 22.25, 22.66, 22.64, 9999.0, 9999.0, 9999.0, 23.41, 9999.0, 21.86, 9999.0, 22.66, 22.34, 22.16, 22.25, 22.25
2026-09-08, 00:08:52, 22.25, 22.25, 22.68, 22.66, 9999.0, 9999.0, 9999.0, 23.39, 9999.0, 21.86, 9999.0, 22.68, 22.34, 22.16, 22.25, 22.25
2026-09-08, 00:08:56, 22.25, 22.25, 22.68, 22.66, 9999.0, 9999.0, 9999.0, 23.36, 9999.0, 21.86, 9999.0, 22.7, 22.34, 22.18, 22.25, 22.25
2026-09-08, 00:09:00, 22.25, 22.25, 22.68, 22.66, 9999.0, 9999.0, 9999.0, 23.41, 9999.0, 21.91, 9999.0, 22.73, 22.36, 22.16, 22.25, 22.25
2026-09-08, 00:09:04, 22.25, 22.25, 22.68, 22.68, 9999.0, 9999.0, 9999.0, 23.43, 9999.0, 21.93, 9999.0, 22.73, 22.39, 22.14, 22.25, 22.25
2026-09-08, 00:09:08, 22.25, 22.25, 22.68, 22.7, 9999.0, 9999.0, 9999.0, 23.45, 9999.0, 21.95, 9999.0, 22.73, 22.41, 22.14, 22.25, 22.25
2026-09-08, 00:09:12, 22.25, 22.27, 22.68, 22.7, 9999.0, 9999.0, 9999.0, 23.48, 9999.0, 21.98, 9999.0, 22.7, 22.43, 22.14, 22.25, 22.25
2026-09-08, 00:09:16, 22.25, 22.27, 22.68, 22.68, 9999.0, 9999.0, 9999.0, 23.5, 9999.0, 22.0, 9999.0, 22.68, 22.45, 22.14, 22.25, 22.25
2026-09-08, 00:09:20, 22.25, 22.27, 22.68, 22.66, 9999.0, 9999.0, 9999.0, 23.55, 9999.0, 22.02, 9999.0, 22.68, 22.45, 22.14, 22.25, 22.25
2026-09-08, 00:09:24, 22.25, 22.27, 22.68, 22.68, 9999.0, 9999.0, 9999.0, 23.59, 9999.0, 22.02, 9999.0, 22.66, 22.43, 22.16, 22.25, 22.25
2026-09-08, 00:09:28, 22.25, 22.27, 22.7, 22.7, 9999.0, 9999.0, 9999.0, 23.64, 9999.0, 22.02, 9999.0, 22.64, 22.45, 22.16, 22.25, 22.25
2026-09-08, 00:09:32, 22.25, 22.27, 22.68, 22.7, 9999.0, 9999.0, 9999.0, 23.66, 9999.0, 22.02, 9999.0, 22.61, 22.43, 22.18, 22.25, 22.25
2026-09-08, 00:09:36, 22.25, 22.27, 22.68, 22.7, 9999.0, 9999.0, 9999.0, 23.68, 9999.0, 22.02, 9999.0, 22.59, 22.41, 22.18, 22.25, 22.25
2026-09-08, 00:09:40, 22.25, 22.27, 22.68, 22.7, 9999.0, 9999.0, 9999.0, 23.7, 9999.0, 22.02, 9999.0, 22.59, 22.39, 22.18, 22.25, 22.25
2026-09-08, 00:09:44, 22.25, 22.27, 22.66, 22.7, 9999.0, 9999.0, 9999.0, 23.66, 9999.0, 22.0, 9999.0, 22.59, 22.39, 22.2, 22.25, 22.25
2026-09-08, 00:09:48, 22.25, 22.27, 22.68, 22.7, 9999.0, 9999.0, 9999.0, 23.64, 9999.0, 22.0, 9999.0, 22.59, 22.39, 22.23, 22.25, 22.25
2026-09-08, 00:09:52, 22.25, 22.27, 22.7, 22.68, 9999.0, 9999.0, 9999.0, 23.61, 9999.0, 22.0, 9999.0, 22.61, 22.39, 22.23, 22.25, 22.25
2026-09-08, 00:09:56, 22.25, 22.25, 22.7, 22.68, 9999.0, 9999.0, 9999.0, 23.57, 9999.0, 22.02, 9999.0, 22.64, 22.39, 22.25, 22.25, 22.25
2026-09-08, 00:10:00, 22.25, 22.27, 22.7, 22.7, 9999.0, 9999.0, 9999.0, 23.55, 9999.0, 22.05, 9999.0, 22.66, 22.39, 22.25, 22.25, 22.25
2026-09-08, 00:10:04, 22.25, 22.27, 22.68, 22.73, 9999.0, 9999.0, 9999.0, 23.5, 9999.0, 22.07, 9999.0, 22.66, 22.41, 22.25, 22.25, 22.25
2026-09-08, 00:10:08, 22.25, 22.27, 22.68, 22.73, 9999.0, 9999.0, 9999.0, 23.45, 9999.0, 22.09, 9999.0, 22.68, 22.43, 22.25, 22.25, 22.25
2026-09-08, 00:10:12, 22.25, 22.27, 22.66, 22.73, 9999.0, 9999.0, 9999.0, 23.41, 9999.0, 22.11, 9999.0, 22.68, 22.43, 22.25, 22.25, 22.25
2026-09-08, 00:10:16, 22.25, 22.27, 22.68, 22.73, 9999.0, 9999.0, 9999.0, 23.45, 9999.0, 22.14, 9999.0, 22.68, 22.45, 22.25, 22.25, 22.25
2026-09-08, 00:10:20, 22.25, 22.3, 22.68, 22.73, 9999.0, 9999.0, 9999.0, 23.5, 9999.0, 22.16, 9999.0, 22.68, 22.48, 22.25, 22.25, 22.25
2026-09-08, 00:10:24, 22.25, 22.32, 22.68, 22.73, 9999.0, 9999.0, 9999.0, 23.55, 9999.0, 22.18, 9999.0, 22.66, 22.5, 22.25, 22.25, 22.25
2026-09-08, 00:10:28, 22.25, 22.32, 22.7, 22.73, 9999.0, 9999.0, 9999.0, 23.57, 9999.0, 22.18, 9999.0, 22.64, 22.5, 22.25, 22.25, 22.25
2026-09-08, 00:10:32, 22.25, 22.32, 22.7, 22.73, 9999.0, 9999.0, 9999.0, 23.59, 9999.0, 22.18, 9999.0, 22.61, 22.48, 22.25, 22.25, 22.25
2026-09-08, 00:10:36, 22.25, 22.32, 22.7, 22.75, 9999.0, 9999.0, 9999.0, 23.61, 9999.0, 22.18, 9999.0, 22.59, 22.48, 22.25, 22.25, 22.25
2026-09-08, 00:10:40, 22.25, 22.32, 22.7, 22.75, 9999.0, 9999.0, 9999.0, 23.66, 9999.0, 22.16, 9999.0, 22.57, 22.45, 22.25, 22.25, 22.25
2026-09-08, 00:10:44, 22.25, 22.3, 22.7, 22.75, 9999.0, 9999.0, 9999.0, 23.66, 9999.0, 22.14, 9999.0, 22.55, 22.43, 22.25, 22.25, 22.25
2026-09-08, 00:10:48, 22.25, 22.3, 22.73, 22.75, 9999.0, 9999.0, 9999.0, 23.68, 9999.0, 22.11, 9999.0, 22.52, 22.41, 22.25, 22.25, 22.25
2026-09-08, 00:10:52, 22.25, 22.3, 22.73, 22.75, 9999.0, 9999.0, 9999.0, 23.7, 9999.0, 22.09, 9999.0, 22.52, 22.39, 22.25, 22.25, 22.25
2026-09-08, 00:10:57, 22.25, 22.3, 22.75, 22.75, 9999.0, 9999.0, 9999.0, 23.73, 9999.0, 22.07, 9999.0, 22.55, 22.36, 22.25, 22.25, 22.25
2026-09-08, 00:11:01, 22.25, 22.3, 22.75, 22.75, 9999.0, 9999.0, 9999.0, 23.68, 9999.0, 22.05, 9999.0, 22.57, 22.34, 22.25, 22.25, 22.25
2026-09-08, 00:11:05, 22.25, 22.27, 22.75, 22.75, 9999.0, 9999.0, 9999.0, 23.64, 9999.0, 22.02, 9999.0, 22.59, 22.34, 22.25, 22.25, 22.25
2026-09-08, 00:11:09, 22.25, 22.25, 22.75, 22.75, 9999.0, 9999.0, 9999.0, 23.59, 9999.0, 22.0, 9999.0, 22.61, 22.32, 22.25, 22.25, 22.25
2026-09-08, 00:11:13, 22.25, 22.25, 22.75, 22.75, 9999.0, 9999.0, 9999.0, 23.57, 9999.0, 22.02, 9999.0, 22.64, 22.3, 22.25, 22.25, 22.25
2026-09-08, 00:11:17, 22.25, 22.25, 22.75, 22.75, 9999.0, 9999.0, 9999.0, 23.55, 9999.0, 22.05, 9999.0, 22.66, 22.3, 22.25, 22.25, 22.25
2026-09-08, 00:11:21, 22.25, 22.27, 22.75, 22.75, 9999.0, 9999.0, 9999.0, 23.5, 9999.0, 22.07, 9999.0, 22.68, 22.3, 22.25, 22.25, 22.25
2026-09-08, 00:11:25, 22.25, 22.27, 22.75, 22.75, 9999.0, 9999.0, 9999.0, 23.45, 9999.0, 22.09, 9999.0, 22.7, 22.32, 22.25, 22.25, 22.25
2026-09-08, 00:11:29, 22.25, 22.3, 22.75, 22.75, 9999.0, 9999.0, 9999.0, 23.43, 9999.0, 22.11, 9999.0, 22.73, 22.34, 22.25, 22.25, 22.25
2026-09-08, 00:11:33, 22.25, 22.3, 22.75, 22.75, 9999.0, 9999.0, 9999.0, 23.41, 9999.0, 22.14, 9999.0, 22.75, 22.36, 22.25, 22.25, 22.25
2026-09-08, 00:11:37, 22.25, 22.3, 22.75, 22.75, 9999.0, 9999.0, 9999.0, 23.45, 9999.0, 22.16, 9999.0, 22.75, 22.39, 22.25, 22.25, 22.25
2026-09-08, 00:11:41, 22.25, 22.3, 22.75, 22.75, 9999.0, 9999.0, 9999.0, 23.5, 9999.0, 22.18, 9999.0, 22.73, 22.41, 22.25, 22.25, 22.25
2026-09-08, 00:11:45, 22.25, 22.3, 22.75, 22.75, 9999.0, 9999.0, 9999.0, 23.55, 9999.0, 22.2, 9999.0, 22.7, 22.43, 22.25, 22.25, 22.25
2026-09-08, 00:11:49, 22.25, 22.3, 22.75, 22.75, 9999.0, 9999.0, 9999.0, 23.57, 9999.0, 22.23, 9999.0, 22.7, 22.43, 22.25, 22.25, 22.25
2026-09-08, 00:11:53, 22.25, 22.3, 22.75, 22.75, 9999.0, 9999.0, 9999.0, 23.59, 9999.0, 22.25, 9999.0, 22.68, 22.45, 22.25, 22.25, 22.25
2026-09-08, 00:11:57, 22.25, 22.32, 22.75, 22.75, 9999.0, 9999.0, 9999.0, 23.61, 9999.0, 22.25, 9999.0, 22.66, 22.48, 22.25, 22.25, 22.25
2026-09-08, 00:12:01, 22.25, 22.32, 22.75, 22.75, 9999.0, 9999.0, 9999.0, 23.64, 9999.0, 22.25, 9999.0, 22.64, 22.5, 22.25, 22.25, 22.25
2026-09-08, 00:12:05, 22.25, 22.3, 22.75, 22.75, 9999.0, 9999.0, 9999.0, 23.68, 9999.0, 22.25, 9999.0, 22.61, 22.48, 22.25, 22.25, 22.25
2026-09-08, 00:12:09, 22.25, 22.3, 22.75, 22.75, 9999.0, 9999.0, 9999.0, 23.73, 9999.0, 22.25, 9999.0, 22.59, 22.45, 22.25, 22.25, 22.25
2026-09-08, 00:12:13, 22.25, 22.27, 22.75, 22.75, 9999.0, 9999.0, 9999.0, 23.77, 9999.0, 22.25, 9999.0, 22.59, 22.45, 22.25, 22.25, 22.25
2026-09-08, 00:12:17, 22.25, 22.27, 22.75, 22.75, 9999.0, 9999.0, 9999.0, 23.8, 9999.0, 22.25, 9999.0, 22.59, 22.43, 22.25, 22.25, 22.25
2026-09-08, 00:12:21, 22.25, 22.27, 22.75, 22.75, 9999.0, 9999.0, 9999.0, 23.75, 9999.0, 22.25, 9999.0, 22.59, 22.43, 22.25, 22.25, 22.25
2026-09-08, 00:12:25, 22.25, 22.27, 22.75, 22.75, 9999.0, 9999.0, 9999.0, 23.7, 9999.0, 22.25, 9999.0, 22.61, 22.43, 22.25, 22.25, 22.25
2026-09-08, 00:12:29, 22.25, 22.27, 22.75, 22.75, 9999.0, 9999.0, 9999.0, 23.66, 9999.0, 22.25, 9999.0, 22.64, 22.41, 22.25, 22.25, 22.25
2026-09-08, 00:12:33, 22.25, 22.27, 22.75, 22.75, 9999.0, 9999.0, 9999.0, 23.64, 9999.0, 22.25, 9999.0, 22.64, 22.41, 22.25, 22.25, 22.25
2026-09-08, 00:12:37, 22.25, 22.27, 22.75, 22.75, 9999.0, 9999.0, 9999.0, 23.61, 9999.0, 22.25, 9999.0, 22.66, 22.39, 22.25, 22.25, 22.25
2026-09-08, 00:12:41, 22.25, 22.25, 22.75, 22.75, 9999.0, 9999.0, 9999.0, 23.59, 9999.0, 22.27, 9999.0, 22.68, 22.39, 22.25, 22.25, 22.25
2026-09-08, 00:12:45, 22.25, 22.25, 22.75, 22.75, 9999.0, 9999.0, 9999.0, 23.57, 9999.0, 22.3, 9999.0, 22.68, 22.39, 22.25, 22.25, 22.25
2026-09-08, 00:12:49, 22.25, 22.25, 22.75, 22.75, 9999.0, 9999.0, 9999.0, 23.55, 9999.0, 22.32, 9999.0, 22.68, 22.41, 22.25, 22.25, 22.25
2026-09-08, 00:12:53, 22.25, 22.27, 22.75, 22.75, 9999.0, 9999.0, 9999.0, 23.57, 9999.0, 22.34, 9999.0, 22.68, 22.43, 22.25, 22.25, 22.25
2026-09-08, 00:12:57, 22.25, 22.27, 22.75, 22.75, 9999.0, 9999.0, 9999.0, 23.59, 9999.0, 22.36, 9999.0, 22.66, 22.43, 22.25, 22.25, 22.25
2026-09-08, 00:13:01, 22.25, 22.3, 22.75, 22.75, 9999.0, 9999.0, 9999.0, 23.64, 9999.0, 22.39, 9999.0, 22.64, 22.45, 22.25, 22.25, 22.25
2026-09-08, 00:13:05, 22.25, 22.3, 22.75, 22.75, 9999.0, 9999.0, 9999.0, 23.68, 9999.0, 22.41, 9999.0, 22.61, 22.43, 22.23, 22.25, 22.25
2026-09-08, 00:13:09, 22.25, 22.3, 22.75, 22.75, 9999.0, 9999.0, 9999.0, 23.73, 9999.0, 22.41, 9999.0, 22.59, 22.43, 22.2, 22.25, 22.25
2026-09-08, 00:13:13, 22.25, 22.3, 22.75, 22.75, 9999.0, 9999.0, 9999.0, 23.75, 9999.0, 22.41, 9999.0, 22.57, 22.43, 22.2, 22.25, 22.25
2026-09-08, 00:13:17, 22.25, 22.3, 22.75, 22.75, 9999.0, 9999.0, 9999.0, 23.77, 9999.0, 22.41, 9999.0, 22.55, 22.41, 22.18, 22.25, 22.25
2026-09-08, 00:13:21, 22.25, 22.3, 22.75, 22.75, 9999.0, 9999.0, 9999.0, 23.8, 9999.0, 22.41, 9999.0, 22.52, 22.41, 22.16, 22.25, 22.25
2026-09-08, 00:13:25, 22.25, 22.32, 22.75, 22.75, 9999.0, 9999.0, 9999.0, 23.82, 9999.0, 22.39, 9999.0, 22.5, 22.41, 22.16, 22.25, 22.25
2026-09-08, 00:13:29, 22.25, 22.34, 22.75, 22.75, 9999.0, 9999.0, 9999.0, 23.84, 9999.0, 22.36, 9999.0, 22.52, 22.39, 22.14, 22.25, 22.25
2026-09-08, 00:13:33, 22.25, 22.34, 22.75, 22.75, 9999.0, 9999.0, 9999.0, 23.86, 9999.0, 22.34, 9999.0, 22.55, 22.36, 22.14, 22.25, 22.25
2026-09-08, 00:13:37, 22.25, 22.32, 22.75, 22.75, 9999.0, 9999.0, 9999.0, 23.84, 9999.0, 22.32, 9999.0, 22.57, 22.36, 22.11, 22.25, 22.25
2026-09-08, 00:13:41, 22.25, 22.34, 22.75, 22.75, 9999.0, 9999.0, 9999.0, 23.8, 9999.0, 22.3, 9999.0, 22.59, 22.36, 22.11, 22.25, 22.25
2026-09-08, 00:13:45, 22.25, 22.32, 22.75, 22.75, 9999.0, 9999.0, 9999.0, 23.75, 9999.0, 22.27, 9999.0, 22.61, 22.36, 22.09, 22.25, 22.25
2026-09-08, 00:13:49, 22.25, 22.32, 22.75, 22.75, 9999.0, 9999.0, 9999.0, 23.7, 9999.0, 22.27, 9999.0, 22.64, 22.39, 22.11, 22.25, 22.25
2026-09-08, 00:13:53, 22.25, 22.34, 22.75, 22.75, 9999.0, 9999.0, 9999.0, 23.66, 9999.0, 22.3, 9999.0, 22.66, 22.39, 22.14, 22.25, 22.25
2026-09-08, 00:13:57, 22.25, 22.34, 22.75, 22.75, 9999.0, 9999.0, 9999.0, 23.64, 9999.0, 22.32, 9999.0, 22.66, 22.41, 22.11, 22.25, 22.25
2026-09-08, 00:14:01, 22.25, 22.34, 22.75, 22.75, 9999.0, 9999.0, 9999.0, 23.59, 9999.0, 22.36, 9999.0, 22.68, 22.43, 22.14, 22.25, 22.25
2026-09-08, 00:14:05, 22.25, 22.34, 22.75, 22.75, 9999.0, 9999.0, 9999.0, 23.55, 9999.0, 22.39, 9999.0, 22.68, 22.45, 22.16, 22.25, 22.25
2026-09-08, 00:14:09, 22.25, 22.32, 22.75, 22.75, 9999.0, 9999.0, 9999.0, 23.57, 9999.0, 22.41, 9999.0, 22.68, 22.45, 22.16, 22.25, 22.25
2026-09-08, 00:14:13, 22.25, 22.3, 22.75, 22.75, 9999.0, 9999.0, 9999.0, 23.59, 9999.0, 22.43, 9999.0, 22.66, 22.48, 22.18, 22.25, 22.25
2026-09-08, 00:14:17, 22.25, 22.32, 22.75, 22.75, 9999.0, 9999.0, 9999.0, 23.61, 9999.0, 22.45, 9999.0, 22.64, 22.5, 22.18, 22.25, 22.25
2026-09-08, 00:14:21, 22.25, 22.32, 22.75, 22.75, 9999.0, 9999.0, 9999.0, 23.64, 9999.0, 22.48, 9999.0, 22.61, 22.5, 22.2, 22.25, 22.25
2026-09-08, 00:14:25, 22.25, 22.32, 22.75, 22.75, 9999.0, 9999.0, 9999.0, 23.66, 9999.0, 22.48, 9999.0, 22.59, 22.5, 22.2, 22.25, 22.25
2026-09-08, 00:14:29, 22.25, 22.34, 22.75, 22.75, 9999.0, 9999.0, 9999.0, 23.7, 9999.0, 22.5, 9999.0, 22.57, 22.5, 22.23, 22.25, 22.25
2026-09-08, 00:14:33, 22.25, 22.36, 22.75, 22.75, 9999.0, 9999.0, 9999.0, 23.73, 9999.0, 22.48, 9999.0, 22.55, 22.5, 22.23, 22.25, 22.25
2026-09-08, 00:14:37, 22.25, 22.34, 22.75, 22.75, 9999.0, 9999.0, 9999.0, 23.75, 9999.0, 22.45, 9999.0, 22.52, 22.48, 22.23, 22.25, 22.25
2026-09-08, 00:14:41, 22.25, 22.34, 22.75, 22.75, 9999.0, 9999.0, 9999.0, 23.77, 9999.0, 22.43, 9999.0, 22.52, 22.45, 22.25, 22.25, 22.25
2026-09-08, 00:14:46, 22.25, 22.34, 22.75, 22.75, 9999.0, 9999.0, 9999.0, 23.82, 9999.0, 22.39, 9999.0, 22.52, 22.43, 22.23, 22.25, 22.25
2026-09-08, 00:14:50, 22.25, 22.36, 22.75, 22.75, 9999.0, 9999.0, 9999.0, 23.86, 9999.0, 22.36, 9999.0, 22.52, 22.41, 22.23, 22.25, 22.25
2026-09-08, 00:14:54, 22.25, 22.39, 22.75, 22.75, 9999.0, 9999.0, 9999.0, 23.84, 9999.0, 22.34, 9999.0, 22.55, 22.39, 22.23, 22.25, 22.25
2026-09-08, 00:14:58, 22.25, 22.39, 22.75, 22.75, 9999.0, 9999.0, 9999.0, 23.82, 9999.0, 22.32, 9999.0, 22.57, 22.39, 22.23, 22.25, 22.25
2026-09-08, 00:15:02, 22.25, 22.36, 22.75, 22.75, 9999.0, 9999.0, 9999.0, 23.77, 9999.0, 22.3, 9999.0, 22.59, 22.39, 22.23, 22.25, 22.25
2026-09-08, 00:15:06, 22.25, 22.36, 22.75, 22.75, 9999.0, 9999.0, 9999.0, 23.73, 9999.0, 22.3, 9999.0, 22.61, 22.36, 22.23, 22.25, 22.25
2026-09-08, 00:15:10, 22.25, 22.36, 22.75, 22.75, 9999.0, 9999.0, 9999.0, 23.7, 9999.0, 22.32, 9999.0, 22.64, 22.34, 22.23, 22.25, 22.25
2026-09-08, 00:15:14, 22.25, 22.34, 22.75, 22.75, 9999.0, 9999.0, 9999.0, 23.66, 9999.0, 22.32, 9999.0, 22.66, 22.34, 22.23, 22.25, 22.25
2026-09-08, 00:15:18, 22.25, 22.32, 22.75, 22.75, 9999.0, 9999.0, 9999.0, 23.64, 9999.0, 22.34, 9999.0, 22.68, 22.34, 22.23, 22.25, 22.25
2026-09-08, 00:15:22, 22.25, 22.32, 22.75, 22.75, 9999.0, 9999.0, 9999.0, 23.61, 9999.0, 22.36, 9999.0, 22.68, 22.36, 22.23, 22.25, 22.25
2026-09-08, 00:15:26, 22.25, 22.34, 22.75, 22.75, 9999.0, 9999.0, 9999.0, 23.66, 9999.0, 22.39, 9999.0, 22.68, 22.39, 22.23, 22.25, 22.25
2026-09-08, 00:15:30, 22.25, 22.36, 22.75, 22.75, 9999.0, 9999.0, 9999.0, 23.7, 9999.0, 22.41, 9999.0, 22.66, 22.41, 22.25, 22.25, 22.25
2026-09-08, 00:15:34, 22.25, 22.34, 22.75, 22.75, 9999.0, 9999.0, 9999.0, 23.73, 9999.0, 22.43, 9999.0, 22.66, 22.43, 22.25, 22.25, 22.25
2026-09-08, 00:15:38, 22.25, 22.34, 22.75, 22.75, 9999.0, 9999.0, 9999.0, 23.75, 9999.0, 22.45, 9999.0, 22.64, 22.45, 22.25, 22.25, 22.25
2026-09-08, 00:15:42, 22.25, 22.36, 22.75, 22.75, 9999.0, 9999.0, 9999.0, 23.77, 9999.0, 22.48, 9999.0, 22.61, 22.45, 22.25, 22.25, 22.25
2026-09-08, 00:15:46, 22.25, 22.36, 22.75, 22.75, 9999.0, 9999.0, 9999.0, 23.82, 9999.0, 22.5, 9999.0, 22.59, 22.43, 22.25, 22.25, 22.25
2026-09-08, 00:15:50, 22.25, 22.36, 22.75, 22.75, 9999.0, 9999.0, 9999.0, 23.86, 9999.0, 22.5, 9999.0, 22.57, 22.43, 22.23, 22.25, 22.25
2026-09-08, 00:15:54, 22.25, 22.34, 22.75, 22.75, 9999.0, 9999.0, 9999.0, 23.89, 9999.0, 22.5, 9999.0, 22.55, 22.45, 22.23, 22.25, 22.25
2026-09-08, 00:15:58, 22.25, 22.36, 22.75, 22.75, 9999.0, 9999.0, 9999.0, 23.93, 9999.0, 22.5, 9999.0, 22.52, 22.45, 22.23, 22.25, 22.25
2026-09-08, 00:16:02, 22.25, 22.36, 22.75, 22.75, 9999.0, 9999.0, 9999.0, 23.95, 9999.0, 22.5, 9999.0, 22.5, 22.45, 22.2, 22.25, 22.25
2026-09-08, 00:16:06, 22.25, 22.36, 22.75, 22.75, 9999.0, 9999.0, 9999.0, 23.98, 9999.0, 22.48, 9999.0, 22.5, 22.45, 22.2, 22.25, 22.25
2026-09-08, 00:16:10, 22.25, 22.34, 22.75, 22.75, 9999.0, 9999.0, 9999.0, 23.93, 9999.0, 22.45, 9999.0, 22.5, 22.45, 22.18, 22.25, 22.25
2026-09-08, 00:16:14, 22.25, 22.32, 22.75, 22.75, 9999.0, 9999.0, 9999.0, 23.89, 9999.0, 22.43, 9999.0, 22.52, 22.45, 22.18, 22.25, 22.25
2026-09-08, 00:16:18, 22.25, 22.32, 22.75, 22.75, 9999.0, 9999.0, 9999.0, 23.86, 9999.0, 22.41, 9999.0, 22.55, 22.43, 22.18, 22.25, 22.25
2026-09-08, 00:16:22, 22.25, 22.3, 22.75, 22.75, 9999.0, 9999.0, 9999.0, 23.82, 9999.0, 22.39, 9999.0, 22.57, 22.43, 22.18, 22.25, 22.25
2026-09-08, 00:16:26, 22.25, 22.27, 22.75, 22.75, 9999.0, 9999.0, 9999.0, 23.77, 9999.0, 22.39, 9999.0, 22.59, 22.43, 22.18, 22.27, 22.25
2026-09-08, 00:16:30, 22.25, 22.27, 22.75, 22.75, 9999.0, 9999.0, 9999.0, 23.73, 9999.0, 22.39, 9999.0, 22.61, 22.45, 22.18, 22.27, 22.25
2026-09-08, 00:16:34, 22.25, 22.27, 22.75, 22.75, 9999.0, 9999.0, 9999.0, 23.68, 9999.0, 22.41, 9999.0, 22.64, 22.48, 22.2, 22.27, 22.25
2026-09-08, 00:16:38, 22.25, 22.27, 22.75, 22.75, 9999.0, 9999.0, 9999.0, 23.66, 9999.0, 22.43, 9999.0, 22.66, 22.48, 22.2, 22.27, 22.25
2026-09-08, 00:16:42, 22.25, 22.25, 22.75, 22.75, 9999.0, 9999.0, 9999.0, 23.61, 9999.0, 22.45, 9999.0, 22.66, 22.48, 22.2, 22.27, 22.25
2026-09-08, 00:16:46, 22.25, 22.25, 22.75, 22.75, 9999.0, 9999.0, 9999.0, 23.66, 9999.0, 22.45, 9999.0, 22.66, 22.48, 22.23, 22.27, 22.25
2026-09-08, 00:16:50, 22.25, 22.25, 22.73, 22.75, 9999.0, 9999.0, 9999.0, 23.7, 9999.0, 22.48, 9999.0, 22.66, 22.48, 22.23, 22.27, 22.25
2026-09-08, 00:16:54, 22.25, 22.25, 22.73, 22.75, 9999.0, 9999.0, 9999.0, 23.73, 9999.0, 22.5, 9999.0, 22.66, 22.45, 22.25, 22.27, 22.25
2026-09-08, 00:16:58, 22.25, 22.25, 22.73, 22.75, 9999.0, 9999.0, 9999.0, 23.75, 9999.0, 22.52, 9999.0, 22.64, 22.45, 22.25, 22.27, 22.25
2026-09-08, 00:17:02, 22.25, 22.25, 22.73, 22.75, 9999.0, 9999.0, 9999.0, 23.77, 9999.0, 22.55, 9999.0, 22.61, 22.45, 22.25, 22.27, 22.25
2026-09-08, 00:17:06, 22.25, 22.25, 22.73, 22.75, 9999.0, 9999.0, 9999.0, 23.82, 9999.0, 22.57, 9999.0, 22.59, 22.43, 22.25, 22.27, 22.25
2026-09-08, 00:17:10, 22.25, 22.25, 22.73, 22.75, 9999.0, 9999.0, 9999.0, 23.84, 9999.0, 22.57, 9999.0, 22.57, 22.41, 22.25, 22.25, 22.25
2026-09-08, 00:17:14, 22.25, 22.25, 22.73, 22.75, 9999.0, 9999.0, 9999.0, 23.89, 9999.0, 22.57, 9999.0, 22.55, 22.39, 22.25, 22.25, 22.25
2026-09-08, 00:17:18, 22.25, 22.25, 22.73, 22.75, 9999.0, 9999.0, 9999.0, 23.93, 9999.0, 22.55, 9999.0, 22.52, 22.36, 22.25, 22.25, 22.25
2026-09-08, 00:17:22, 22.25, 22.25, 22.73, 22.75, 9999.0, 9999.0, 9999.0, 23.95, 9999.0, 22.52, 9999.0, 22.5, 22.34, 22.25, 22.25, 22.25
2026-09-08, 00:17:26, 22.25, 22.27, 22.73, 22.75, 9999.0, 9999.0, 9999.0, 23.98, 9999.0, 22.5, 9999.0, 22.5, 22.32, 22.25, 22.25, 22.25
2026-09-08, 00:17:30, 22.25, 22.3, 22.73, 22.75, 9999.0, 9999.0, 9999.0, 23.93, 9999.0, 22.5, 9999.0, 22.52, 22.3, 22.25, 22.25, 22.25
2026-09-08, 00:17:34, 22.25, 22.3, 22.75, 22.75, 9999.0, 9999.0, 9999.0, 23.89, 9999.0, 22.5, 9999.0, 22.55, 22.3, 22.25, 22.25, 22.25
2026-09-08, 00:17:38, 22.25, 22.3, 22.75, 22.75, 9999.0, 9999.0, 9999.0, 23.84, 9999.0, 22.5, 9999.0, 22.57, 22.3, 22.25, 22.25, 22.25
2026-09-08, 00:17:42, 22.25, 22.3, 22.75, 22.75, 9999.0, 9999.0, 9999.0, 23.8, 9999.0, 22.5, 9999.0, 22.59, 22.27, 22.25, 22.25, 22.25
2026-09-08, 00:17:46, 22.25, 22.3, 22.75, 22.75, 9999.0, 9999.0, 9999.0, 23.75, 9999.0, 22.5, 9999.0, 22.61, 22.27, 22.25, 22.25, 22.25
2026-09-08, 00:17:50, 22.25, 22.32, 22.75, 22.73, 9999.0, 9999.0, 9999.0, 23.7, 9999.0, 22.52, 9999.0, 22.64, 22.3, 22.25, 22.25, 22.25
2026-09-08, 00:17:54, 22.25, 22.34, 22.75, 22.7, 9999.0, 9999.0, 9999.0, 23.68, 9999.0, 22.55, 9999.0, 22.66, 22.32, 22.25, 22.25, 22.25
2026-09-08, 00:17:58, 22.25, 22.36, 22.75, 22.68, 9999.0, 9999.0, 9999.0, 23.64, 9999.0, 22.57, 9999.0, 22.66, 22.34, 22.25, 22.25, 22.25
2026-09-08, 00:18:02, 22.25, 22.39, 22.75, 22.68, 9999.0, 9999.0, 9999.0, 23.66, 9999.0, 22.59, 9999.0, 22.66, 22.36, 22.25, 22.25, 22.25
2026-09-08, 00:18:06, 22.25, 22.41, 22.75, 22.68, 9999.0, 9999.0, 9999.0, 23.7, 9999.0, 22.61, 9999.0, 22.68, 22.39, 22.23, 22.25, 22.25
2026-09-08, 00:18:10, 22.25, 22.41, 22.75, 22.66, 9999.0, 9999.0, 9999.0, 23.75, 9999.0, 22.61, 9999.0, 22.68, 22.39, 22.23, 22.25, 22.25
2026-09-08, 00:18:14, 22.25, 22.39, 22.75, 22.64, 9999.0, 9999.0, 9999.0, 23.77, 9999.0, 22.64, 9999.0, 22.66, 22.39, 22.23, 22.25, 22.25
2026-09-08, 00:18:18, 22.25, 22.39, 22.75, 22.61, 9999.0, 9999.0, 9999.0, 23.8, 9999.0, 22.66, 9999.0, 22.64, 22.39, 22.23, 22.25, 22.25
2026-09-08, 00:18:22, 22.25, 22.39, 22.75, 22.61, 9999.0, 9999.0, 9999.0, 23.84, 9999.0, 22.66, 9999.0, 22.61, 22.39, 22.23, 22.25, 22.25
2026-09-08, 00:18:26, 22.25, 22.39, 22.75, 22.59, 9999.0, 9999.0, 9999.0, 23.89, 9999.0, 22.66, 9999.0, 22.59, 22.39, 22.23, 22.25, 22.25
2026-09-08, 00:18:30, 22.25, 22.39, 22.75, 22.57, 9999.0, 9999.0, 9999.0, 23.93, 9999.0, 22.66, 9999.0, 22.57, 22.39, 22.23, 22.25, 22.25
2026-09-08, 00:18:35, 22.25, 22.36, 22.75, 22.59, 9999.0, 9999.0, 9999.0, 23.98, 9999.0, 22.64, 9999.0, 22.55, 22.36, 22.23, 22.25, 22.25
2026-09-08, 00:18:39, 22.25, 22.34, 22.75, 22.59, 9999.0, 9999.0, 9999.0, 24.02, 9999.0, 22.61, 9999.0, 22.55, 22.34, 22.23, 22.25, 22.25
2026-09-08, 00:18:43, 22.25, 22.32, 22.75, 22.59, 9999.0, 9999.0, 9999.0, 24.07, 9999.0, 22.59, 9999.0, 22.55, 22.32, 22.23, 22.25, 22.25
2026-09-08, 00:18:47, 22.25, 22.3, 22.75, 22.57, 9999.0, 9999.0, 9999.0, 24.02, 9999.0, 22.57, 9999.0, 22.55, 22.32, 22.23, 22.25, 22.25
2026-09-08, 00:18:51, 22.25, 22.27, 22.75, 22.55, 9999.0, 9999.0, 9999.0, 23.98, 9999.0, 22.55, 9999.0, 22.55, 22.3, 22.25, 22.25, 22.25
2026-09-08, 00:18:55, 22.25, 22.25, 22.75, 22.55, 9999.0, 9999.0, 9999.0, 23.93, 9999.0, 22.55, 9999.0, 22.57, 22.3, 22.25, 22.25, 22.25
2026-09-08, 00:18:59, 22.25, 22.25, 22.75, 22.55, 9999.0, 9999.0, 9999.0, 23.91, 9999.0, 22.52, 9999.0, 22.59, 22.3, 22.25, 22.25, 22.25
2026-09-08, 00:19:03, 22.25, 22.25, 22.75, 22.57, 9999.0, 9999.0, 9999.0, 23.86, 9999.0, 22.5, 9999.0, 22.61, 22.27, 22.25, 22.25, 22.25
2026-09-08, 00:19:07, 22.25, 22.27, 22.75, 22.57, 9999.0, 9999.0, 9999.0, 23.82, 9999.0, 22.5, 9999.0, 22.64, 22.27, 22.25, 22.25, 22.25
2026-09-08, 00:19:11, 22.25, 22.27, 22.75, 22.59, 9999.0, 9999.0, 9999.0, 23.77, 9999.0, 22.52, 9999.0, 22.64, 22.3, 22.25, 22.25, 22.25
2026-09-08, 00:19:15, 22.25, 22.27, 22.75, 22.59, 9999.0, 9999.0, 9999.0, 23.73, 9999.0, 22.55, 9999.0, 22.64, 22.32, 22.25, 22.25, 22.25
2026-09-08, 00:19:19, 22.25, 22.27, 22.75, 22.57, 9999.0, 9999.0, 9999.0, 23.68, 9999.0, 22.57, 9999.0, 22.64, 22.34, 22.25, 22.25, 22.25
2026-09-08, 00:19:23, 22.25, 22.27, 22.75, 22.59, 9999.0, 9999.0, 9999.0, 23.7, 9999.0, 22.57, 9999.0, 22.61, 22.36, 22.25, 22.25, 22.25
2026-09-08, 00:19:27, 22.25, 22.3, 22.75, 22.59, 9999.0, 9999.0, 9999.0, 23.73, 9999.0, 22.59, 9999.0, 22.61, 22.39, 22.25, 22.25, 22.25
2026-09-08, 00:19:31, 22.25, 22.32, 22.75, 22.59, 9999.0, 9999.0, 9999.0, 23.77, 9999.0, 22.59, 9999.0, 22.61, 22.39, 22.25, 22.25, 22.25
2026-09-08, 00:19:35, 22.25, 22.34, 22.75, 22.59, 9999.0, 9999.0, 9999.0, 23.82, 9999.0, 22.59, 9999.0, 22.59, 22.41, 22.25, 22.25, 22.25
2026-09-08, 00:19:39, 22.25, 22.34, 22.75, 22.61, 9999.0, 9999.0, 9999.0, 23.84, 9999.0, 22.59, 9999.0, 22.57, 22.41, 22.25, 22.25, 22.25
2026-09-08, 00:19:43, 22.25, 22.34, 22.75, 22.64, 9999.0, 9999.0, 9999.0, 23.86, 9999.0, 22.59, 9999.0, 22.55, 22.41, 22.25, 22.25, 22.25
2026-09-08, 00:19:47, 22.25, 22.34, 22.75, 22.61, 9999.0, 9999.0, 9999.0, 23.91, 9999.0, 22.61, 9999.0, 22.52, 22.41, 22.25, 22.25, 22.25
2026-09-08, 00:19:51, 22.25, 22.32, 22.75, 22.61, 9999.0, 9999.0, 9999.0, 23.95, 9999.0, 22.61, 9999.0, 22.5, 22.43, 22.25, 22.25, 22.25
2026-09-08, 00:19:55, 22.25, 22.32, 22.73, 22.59, 9999.0, 9999.0, 9999.0, 24.0, 9999.0, 22.59, 9999.0, 22.5, 22.41, 22.25, 22.25, 22.25
2026-09-08, 00:19:59, 22.25, 22.34, 22.73, 22.61, 9999.0, 9999.0, 9999.0, 24.05, 9999.0, 22.57, 9999.0, 22.5, 22.39, 22.25, 22.25, 22.25
2026-09-08, 00:20:03, 22.25, 22.34, 22.73, 22.61, 9999.0, 9999.0, 9999.0, 24.07, 9999.0, 22.55, 9999.0, 22.5, 22.36, 22.25, 22.25, 22.25
2026-09-08, 00:20:07, 22.25, 22.34, 22.73, 22.59, 9999.0, 9999.0, 9999.0, 24.02, 9999.0, 22.55, 9999.0, 22.52, 22.34, 22.25, 22.25, 22.23
2026-09-08, 00:20:11, 22.25, 22.32, 22.73, 22.61, 9999.0, 9999.0, 9999.0, 23.98, 9999.0, 22.5, 9999.0, 22.55, 22.34, 22.25, 22.25, 22.23
2026-09-08, 00:20:15, 22.25, 22.3, 22.73, 22.64, 9999.0, 9999.0, 9999.0, 23.93, 9999.0, 22.48, 9999.0, 22.57, 22.34, 22.25, 22.25, 22.23
2026-09-08, 00:20:19, 22.25, 22.27, 22.73, 22.66, 9999.0, 9999.0, 9999.0, 23.89, 9999.0, 22.48, 9999.0, 22.59, 22.32, 22.25, 22.25, 22.23
2026-09-08, 00:20:23, 22.25, 22.27, 22.7, 22.64, 9999.0, 9999.0, 9999.0, 23.84, 9999.0, 22.5, 9999.0, 22.59, 22.32, 22.25, 22.25, 22.23
2026-09-08, 00:20:27, 22.25, 22.3, 22.7, 22.61, 9999.0, 9999.0, 9999.0, 23.8, 9999.0, 22.52, 9999.0, 22.61, 22.32, 22.25, 22.25, 22.23
2026-09-08, 00:20:31, 22.25, 22.32, 22.68, 22.61, 9999.0, 9999.0, 9999.0, 23.75, 9999.0, 22.52, 9999.0, 22.61, 22.34, 22.25, 22.25, 22.23
2026-09-08, 00:20:35, 22.25, 22.32, 22.68, 22.59, 9999.0, 9999.0, 9999.0, 23.7, 9999.0, 22.55, 9999.0, 22.61, 22.34, 22.23, 22.25, 22.23
2026-09-08, 00:20:39, 22.25, 22.32, 22.7, 22.61, 9999.0, 9999.0, 9999.0, 23.73, 9999.0, 22.57, 9999.0, 22.61, 22.36, 22.2, 22.25, 22.23
2026-09-08, 00:20:43, 22.25, 22.3, 22.7, 22.59, 9999.0, 9999.0, 9999.0, 23.75, 9999.0, 22.57, 9999.0, 22.61, 22.39, 22.18, 22.25, 22.23
2026-09-08, 00:20:47, 22.25, 22.3, 22.7, 22.61, 9999.0, 9999.0, 9999.0, 23.8, 9999.0, 22.59, 9999.0, 22.61, 22.39, 22.16, 22.25, 22.23
2026-09-08, 00:20:51, 22.25, 22.3, 22.68, 22.61, 9999.0, 9999.0, 9999.0, 23.84, 9999.0, 22.59, 9999.0, 22.59, 22.41, 22.14, 22.25, 22.25
2026-09-08, 00:20:55, 22.25, 22.3, 22.66, 22.59, 9999.0, 9999.0, 9999.0, 23.86, 9999.0, 22.61, 9999.0, 22.57, 22.41, 22.14, 22.25, 22.25
2026-09-08, 00:20:59, 22.25, 22.3, 22.64, 22.59, 9999.0, 9999.0, 9999.0, 23.89, 9999.0, 22.64, 9999.0, 22.55, 22.39, 22.11, 22.25, 22.25
2026-09-08, 00:21:03, 22.25, 22.3, 22.61, 22.57, 9999.0, 9999.0, 9999.0, 23.91, 9999.0, 22.64, 9999.0, 22.52, 22.39, 22.09, 22.25, 22.25
2026-09-08, 00:21:07, 22.25, 22.3, 22.61, 22.57, 9999.0, 9999.0, 9999.0, 23.95, 9999.0, 22.61, 9999.0, 22.52, 22.41, 22.07, 22.25, 22.25
2026-09-08, 00:21:11, 22.25, 22.27, 22.61, 22.59, 9999.0, 9999.0, 9999.0, 24.0, 9999.0, 22.59, 9999.0, 22.5, 22.41, 22.05, 22.25, 22.25
2026-09-08, 00:21:15, 22.25, 22.25, 22.61, 22.59, 9999.0, 9999.0, 9999.0, 24.05, 9999.0, 22.57, 9999.0, 22.5, 22.39, 22.02, 22.25, 22.25
2026-09-08, 00:21:19, 22.25, 22.25, 22.59, 22.59, 9999.0, 9999.0, 9999.0, 24.09, 9999.0, 22.55, 9999.0, 22.5, 22.39, 22.02, 22.25, 22.25
2026-09-08, 00:21:23, 22.25, 22.25, 22.57, 22.57, 9999.0, 9999.0, 9999.0, 24.05, 9999.0, 22.52, 9999.0, 22.5, 22.39, 22.02, 22.25, 22.25
2026-09-08, 00:21:27, 22.25, 22.27, 22.55, 22.57, 9999.0, 9999.0, 9999.0, 24.0, 9999.0, 22.52, 9999.0, 22.52, 22.39, 22.05, 22.25, 22.25
2026-09-08, 00:21:31, 22.25, 22.3, 22.55, 22.57, 9999.0, 9999.0, 9999.0, 23.95, 9999.0, 22.48, 9999.0, 22.55, 22.41, 22.05, 22.25, 22.25
2026-09-08, 00:21:35, 22.25, 22.3, 22.57, 22.59, 9999.0, 9999.0, 9999.0, 23.91, 9999.0, 22.5, 9999.0, 22.55, 22.39, 22.07, 22.25, 22.25
2026-09-08, 00:21:39, 22.25, 22.3, 22.59, 22.59, 9999.0, 9999.0, 9999.0, 23.86, 9999.0, 22.5, 9999.0, 22.55, 22.39, 22.07, 22.25, 22.25
2026-09-08, 00:21:43, 22.25, 22.32, 22.61, 22.57, 9999.0, 9999.0, 9999.0, 23.82, 9999.0, 22.5, 9999.0, 22.55, 22.41, 22.09, 22.25, 22.25
2026-09-08, 00:21:47, 22.25, 22.32, 22.61, 22.57, 9999.0, 9999.0, 9999.0, 23.77, 9999.0, 22.52, 9999.0, 22.55, 22.43, 22.11, 22.25, 22.25
2026-09-08, 00:21:51, 22.25, 22.32, 22.64, 22.57, 9999.0, 9999.0, 9999.0, 23.73, 9999.0, 22.52, 9999.0, 22.55, 22.43, 22.14, 22.25, 22.25
2026-09-08, 00:21:55, 22.25, 22.34, 22.64, 22.55, 9999.0, 9999.0, 9999.0, 23.75, 9999.0, 22.52, 9999.0, 22.55, 22.43, 22.16, 22.25, 22.23
2026-09-08, 00:21:59, 22.25, 22.34, 22.66, 22.57, 9999.0, 9999.0, 9999.0, 23.77, 9999.0, 22.52, 9999.0, 22.55, 22.43, 22.18, 22.25, 22.23
2026-09-08, 00:22:03, 22.25, 22.36, 22.66, 22.59, 9999.0, 9999.0, 9999.0, 23.77, 9999.0, 22.52, 9999.0, 22.55, 22.41, 22.18, 22.25, 22.23
2026-09-08, 00:22:07, 22.25, 22.39, 22.66, 22.59, 9999.0, 9999.0, 9999.0, 23.8, 9999.0, 22.52, 9999.0, 22.55, 22.41, 22.2, 22.25, 22.23
2026-09-08, 00:22:11, 22.25, 22.36, 22.68, 22.59, 9999.0, 9999.0, 9999.0, 23.82, 9999.0, 22.52, 9999.0, 22.52, 22.41, 22.2, 22.25, 22.23
2026-09-08, 00:22:15, 22.25, 22.34, 22.68, 22.57, 9999.0, 9999.0, 9999.0, 23.84, 9999.0, 22.55, 9999.0, 22.5, 22.39, 22.23, 22.25, 22.23
2026-09-08, 00:22:19, 22.25, 22.36, 22.68, 22.57, 9999.0, 9999.0, 9999.0, 23.86, 9999.0, 22.52, 9999.0, 22.5, 22.39, 22.23, 22.25, 22.2
2026-09-08, 00:22:23, 22.25, 22.36, 22.68, 22.57, 9999.0, 9999.0, 9999.0, 23.89, 9999.0, 22.52, 9999.0, 22.5, 22.39, 22.2, 22.25, 22.2
2026-09-08, 00:22:28, 22.25, 22.36, 22.68, 22.59, 9999.0, 9999.0, 9999.0, 23.93, 9999.0, 22.5, 9999.0, 22.5, 22.39, 22.2, 22.25, 22.2
2026-09-08, 00:22:32, 22.25, 22.39, 22.7, 22.59, 9999.0, 9999.0, 9999.0, 23.98, 9999.0, 22.45, 9999.0, 22.5, 22.36, 22.2, 22.25, 22.2
2026-09-08, 00:22:36, 22.25, 22.41, 22.68, 22.59, 9999.0, 9999.0, 9999.0, 24.0, 9999.0, 22.43, 9999.0, 22.5, 22.34, 22.2, 22.25, 22.2
2026-09-08, 00:22:40, 22.25, 22.39, 22.68, 22.59, 9999.0, 9999.0, 9999.0, 23.95, 9999.0, 22.43, 9999.0, 22.52, 22.34, 22.18, 22.25, 22.23
2026-09-08, 00:22:44, 22.25, 22.39, 22.66, 22.57, 9999.0, 9999.0, 9999.0, 23.91, 9999.0, 22.41, 9999.0, 22.55, 22.34, 22.18, 22.25, 22.2
2026-09-08, 00:22:48, 22.25, 22.36, 22.66, 22.55, 9999.0, 9999.0, 9999.0, 23.89, 9999.0, 22.39, 9999.0, 22.57, 22.36, 22.18, 22.25, 22.2
2026-09-08, 00:22:52, 22.25, 22.34, 22.68, 22.55, 9999.0, 9999.0, 9999.0, 23.86, 9999.0, 22.36, 9999.0, 22.59, 22.36, 22.18, 22.25, 22.2
2026-09-08, 00:22:56, 22.25, 22.34, 22.68, 22.55, 9999.0, 9999.0, 9999.0, 23.84, 9999.0, 22.36, 9999.0, 22.61, 22.34, 22.18, 22.25, 22.2
2026-09-08, 00:23:00, 22.25, 22.34, 22.66, 22.55, 9999.0, 9999.0, 9999.0, 23.8, 9999.0, 22.36, 9999.0, 22.64, 22.34, 22.18, 22.25, 22.18
2026-09-08, 00:23:04, 22.25, 22.32, 22.64, 22.52, 9999.0, 9999.0, 9999.0, 23.77, 9999.0, 22.39, 9999.0, 22.64, 22.36, 22.18, 22.25, 22.2
2026-09-08, 00:23:08, 22.25, 22.32, 22.61, 22.52, 9999.0, 9999.0, 9999.0, 23.75, 9999.0, 22.41, 9999.0, 22.64, 22.36, 22.2, 22.25, 22.2
2026-09-08, 00:23:12, 22.25, 22.3, 22.61, 22.52, 9999.0, 9999.0, 9999.0, 23.7, 9999.0, 22.43, 9999.0, 22.66, 22.34, 22.2, 22.25, 22.2
2026-09-08, 00:23:16, 22.25, 22.27, 22.59, 22.55, 9999.0, 9999.0, 9999.0, 23.73, 9999.0, 22.45, 9999.0, 22.66, 22.36, 22.2, 22.25, 22.2
2026-09-08, 00:23:20, 22.25, 22.25, 22.61, 22.55, 9999.0, 9999.0, 9999.0, 23.77, 9999.0, 22.48, 9999.0, 22.66, 22.39, 22.2, 22.25, 22.2
2026-09-08, 00:23:24, 22.25, 22.25, 22.61, 22.55, 9999.0, 9999.0, 9999.0, 23.82, 9999.0, 22.48, 9999.0, 22.64, 22.41, 22.23, 22.25, 22.2
2026-09-08, 00:23:28, 22.25, 22.25, 22.61, 22.55, 9999.0, 9999.0, 9999.0, 23.84, 9999.0, 22.5, 9999.0, 22.61, 22.43, 22.23, 22.25, 22.23
2026-09-08, 00:23:32, 22.25, 22.25, 22.64, 22.57, 9999.0, 9999.0, 9999.0, 23.86, 9999.0, 22.52, 9999.0, 22.59, 22.43, 22.25, 22.25, 22.23
2026-09-08, 00:23:36, 22.25, 22.25, 22.61, 22.57, 9999.0, 9999.0, 9999.0, 23.89, 9999.0, 22.55, 9999.0, 22.57, 22.41, 22.23, 22.25, 22.23
2026-09-08, 00:23:40, 22.25, 22.25, 22.61, 22.57, 9999.0, 9999.0, 9999.0, 23.91, 9999.0, 22.52, 9999.0, 22.55, 22.41, 22.23, 22.25, 22.23
2026-09-08, 00:23:44, 22.25, 22.25, 22.61, 22.59, 9999.0, 9999.0, 9999.0, 23.95, 9999.0, 22.52, 9999.0, 22.52, 22.41, 22.23, 22.25, 22.25
2026-09-08, 00:23:48, 22.25, 22.25, 22.64, 22.59, 9999.0, 9999.0, 9999.0, 23.98, 9999.0, 22.48, 9999.0, 22.52, 22.39, 22.2, 22.23, 22.25
2026-09-08, 00:23:52, 22.25, 22.25, 22.64, 22.59, 9999.0, 9999.0, 9999.0, 24.02, 9999.0, 22.45, 9999.0, 22.52, 22.36, 22.2, 22.2, 22.25
2026-09-08, 00:23:56, 22.25, 22.27, 22.64, 22.59, 9999.0, 9999.0, 9999.0, 24.05, 9999.0, 22.45, 9999.0, 22.5, 22.36, 22.2, 22.2, 22.25
2026-09-08, 00:24:00, 22.25, 22.27, 22.64, 22.57, 9999.0, 9999.0, 9999.0, 24.0, 9999.0, 22.43, 9999.0, 22.52, 22.34, 22.2, 22.2, 22.25
2026-09-08, 00:24:04, 22.25, 22.27, 22.61, 22.57, 9999.0, 9999.0, 9999.0, 23.93, 9999.0, 22.41, 9999.0, 22.55, 22.32, 22.2, 22.2, 22.25
2026-09-08, 00:24:08, 22.25, 22.27, 22.59, 22.57, 9999.0, 9999.0, 9999.0, 23.89, 9999.0, 22.39, 9999.0, 22.57, 22.32, 22.2, 22.2, 22.23
2026-09-08, 00:24:12, 22.25, 22.3, 22.61, 22.57, 9999.0, 9999.0, 9999.0, 23.84, 9999.0, 22.39, 9999.0, 22.57, 22.3, 22.2, 22.2, 22.23
2026-09-08, 00:24:16, 22.25, 22.32, 22.61, 22.57, 9999.0, 9999.0, 9999.0, 23.82, 9999.0, 22.39, 9999.0, 22.59, 22.27, 22.2, 22.2, 22.2
2026-09-08, 00:24:20, 22.25, 22.32, 22.64, 22.57, 9999.0, 9999.0, 9999.0, 23.77, 9999.0, 22.39, 9999.0, 22.61, 22.3, 22.23, 22.2, 22.2
2026-09-08, 00:24:24, 22.25, 22.32, 22.61, 22.59, 9999.0, 9999.0, 9999.0, 23.73, 9999.0, 22.41, 9999.0, 22.64, 22.32, 22.23, 22.2, 22.2
2026-09-08, 00:24:28, 22.25, 22.32, 22.64, 22.59, 9999.0, 9999.0, 9999.0, 23.68, 9999.0, 22.41, 9999.0, 22.66, 22.32, 22.23, 22.2, 22.2
2026-09-08, 00:24:32, 22.25, 22.32, 22.61, 22.59, 9999.0, 9999.0, 9999.0, 23.7, 9999.0, 22.43, 9999.0, 22.66, 22.32, 22.23, 22.23, 22.2
2026-09-08, 00:24:36, 22.25, 22.32, 22.61, 22.59, 9999.0, 9999.0, 9999.0, 23.7, 9999.0, 22.43, 9999.0, 22.66, 22.32, 22.2, 22.25, 22.2
2026-09-08, 00:24:40, 22.25, 22.32, 22.61, 22.59, 9999.0, 9999.0, 9999.0, 23.73, 9999.0, 22.43, 9999.0, 22.66, 22.32, 22.18, 22.25, 22.18
2026-09-08, 00:24:44, 22.25, 22.32, 22.64, 22.61, 9999.0, 9999.0, 9999.0, 23.75, 9999.0, 22.45, 9999.0, 22.64, 22.34, 22.18, 22.25, 22.16
2026-09-08, 00:24:48, 22.23, 22.32, 22.64, 22.61, 9999.0, 9999.0, 9999.0, 23.8, 9999.0, 22.48, 9999.0, 22.61, 22.34, 22.16, 22.25, 22.16
2026-09-08, 00:24:52, 22.2, 22.32, 22.66, 22.64, 9999.0, 9999.0, 9999.0, 23.8, 9999.0, 22.48, 9999.0, 22.59, 22.32, 22.14, 22.25, 22.18
2026-09-08, 00:24:56, 22.2, 22.3, 22.64, 22.66, 9999.0, 9999.0, 9999.0, 23.84, 9999.0, 22.45, 9999.0, 22.59, 22.34, 22.11, 22.25, 22.16
2026-09-08, 00:25:00, 22.2, 22.27, 22.64, 22.66, 9999.0, 9999.0, 9999.0, 23.86, 9999.0, 22.43, 9999.0, 22.57, 22.34, 22.11, 22.25, 22.18
2026-09-08, 00:25:04, 22.2, 22.3, 22.61, 22.66, 9999.0, 9999.0, 9999.0, 23.89, 9999.0, 22.41, 9999.0, 22.55, 22.32, 22.11, 22.25, 22.18
2026-09-08, 00:25:08, 22.2, 22.3, 22.61, 22.64, 9999.0, 9999.0, 9999.0, 23.91, 9999.0, 22.39, 9999.0, 22.55, 22.32, 22.09, 22.25, 22.18
2026-09-08, 00:25:12, 22.2, 22.3, 22.59, 22.64, 9999.0, 9999.0, 9999.0, 23.93, 9999.0, 22.36, 9999.0, 22.52, 22.34, 22.09, 22.23, 22.18
2026-09-08, 00:25:16, 22.2, 22.32, 22.61, 22.64, 9999.0, 9999.0, 9999.0, 23.86, 9999.0, 22.34, 9999.0, 22.55, 22.34, 22.11, 22.23, 22.16
2026-09-08, 00:25:20, 22.2, 22.32, 22.61, 22.66, 9999.0, 9999.0, 9999.0, 23.82, 9999.0, 22.32, 9999.0, 22.57, 22.36, 22.14, 22.23, 22.16
2026-09-08, 00:25:24, 22.2, 22.3, 22.61, 22.64, 9999.0, 9999.0, 9999.0, 23.77, 9999.0, 22.3, 9999.0, 22.59, 22.36, 22.16, 22.23, 22.18
2026-09-08, 00:25:28, 22.2, 22.3, 22.59, 22.61, 9999.0, 9999.0, 9999.0, 23.73, 9999.0, 22.3, 9999.0, 22.59, 22.34, 22.16, 22.23, 22.2
2026-09-08, 00:25:32, 22.23, 22.3, 22.61, 22.61, 9999.0, 9999.0, 9999.0, 23.68, 9999.0, 22.27, 9999.0, 22.61, 22.34, 22.18, 22.23, 22.2
2026-09-08, 00:25:36, 22.25, 22.3, 22.59, 22.59, 9999.0, 9999.0, 9999.0, 23.64, 9999.0, 22.27, 9999.0, 22.64, 22.36, 22.2, 22.23, 22.2
2026-09-08, 00:25:40, 22.25, 22.3, 22.61, 22.57, 9999.0, 9999.0, 9999.0, 23.57, 9999.0, 22.3, 9999.0, 22.64, 22.36, 22.23, 22.23, 22.2
2026-09-08, 00:25:44, 22.25, 22.3, 22.59, 22.55, 9999.0, 9999.0, 9999.0, 23.52, 9999.0, 22.32, 9999.0, 22.64, 22.39, 22.2, 22.23, 22.2
2026-09-08, 00:25:48, 22.25, 22.27, 22.61, 22.55, 9999.0, 9999.0, 9999.0, 23.57, 9999.0, 22.34, 9999.0, 22.66, 22.39, 22.18, 22.23, 22.2
2026-09-08, 00:25:52, 22.25, 22.27, 22.64, 22.55, 9999.0, 9999.0, 9999.0, 23.59, 9999.0, 22.36, 9999.0, 22.64, 22.36, 22.2, 22.23, 22.2
2026-09-08, 00:25:56, 22.25, 22.27, 22.64, 22.55, 9999.0, 9999.0, 9999.0, 23.61, 9999.0, 22.39, 9999.0, 22.64, 22.36, 22.2, 22.25, 22.2
2026-09-08, 00:26:00, 22.25, 22.25, 22.64, 22.57, 9999.0, 9999.0, 9999.0, 23.66, 9999.0, 22.41, 9999.0, 22.61, 22.39, 22.2, 22.25, 22.23
2026-09-08, 00:26:04, 22.25, 22.25, 22.66, 22.57, 9999.0, 9999.0, 9999.0, 23.7, 9999.0, 22.41, 9999.0, 22.59, 22.39, 22.18, 22.25, 22.23
2026-09-08, 00:26:08, 22.25, 22.25, 22.64, 22.59, 9999.0, 9999.0, 9999.0, 23.75, 9999.0, 22.41, 9999.0, 22.57, 22.39, 22.16, 22.25, 22.2
2026-09-08, 00:26:12, 22.25, 22.25, 22.64, 22.59, 9999.0, 9999.0, 9999.0, 23.77, 9999.0, 22.39, 9999.0, 22.57, 22.39, 22.16, 22.23, 22.2
2026-09-08, 00:26:16, 22.25, 22.27, 22.61, 22.59, 9999.0, 9999.0, 9999.0, 23.8, 9999.0, 22.39, 9999.0, 22.55, 22.39, 22.16, 22.23, 22.2
2026-09-08, 00:26:21, 22.25, 22.27, 22.61, 22.59, 9999.0, 9999.0, 9999.0, 23.84, 9999.0, 22.39, 9999.0, 22.52, 22.36, 22.14, 22.23, 22.2
2026-09-08, 00:26:25, 22.25, 22.27, 22.61, 22.61, 9999.0, 9999.0, 9999.0, 23.89, 9999.0, 22.36, 9999.0, 22.55, 22.34, 22.11, 22.23, 22.23
2026-09-08, 00:26:29, 22.25, 22.3, 22.61, 22.64, 9999.0, 9999.0, 9999.0, 23.91, 9999.0, 22.34, 9999.0, 22.55, 22.32, 22.14, 22.23, 22.23
2026-09-08, 00:26:33, 22.25, 22.3, 22.61, 22.64, 9999.0, 9999.0, 9999.0, 23.84, 9999.0, 22.32, 9999.0, 22.55, 22.32, 22.14, 22.23, 22.23
2026-09-08, 00:26:37, 22.25, 22.3, 22.61, 22.64, 9999.0, 9999.0, 9999.0, 23.8, 9999.0, 22.27, 9999.0, 22.57, 22.32, 22.14, 22.23, 22.2
2026-09-08, 00:26:41, 22.25, 22.3, 22.64, 22.61, 9999.0, 9999.0, 9999.0, 23.75, 9999.0, 22.25, 9999.0, 22.57, 22.32, 22.11, 22.23, 22.2
2026-09-08, 00:26:45, 22.25, 22.3, 22.61, 22.59, 9999.0, 9999.0, 9999.0, 23.7, 9999.0, 22.23, 9999.0, 22.59, 22.3, 22.11, 22.23, 22.2
2026-09-08, 00:26:49, 22.25, 22.3, 22.61, 22.59, 9999.0, 9999.0, 9999.0, 23.66, 9999.0, 22.23, 9999.0, 22.61, 22.3, 22.14, 22.23, 22.2
2026-09-08, 00:26:53, 22.25, 22.3, 22.64, 22.59, 9999.0, 9999.0, 9999.0, 23.61, 9999.0, 22.23, 9999.0, 22.64, 22.3, 22.16, 22.23, 22.23
2026-09-08, 00:26:57, 22.25, 22.3, 22.66, 22.59, 9999.0, 9999.0, 9999.0, 23.59, 9999.0, 22.25, 9999.0, 22.66, 22.3, 22.14, 22.25, 22.23
2026-09-08, 00:27:01, 22.25, 22.27, 22.66, 22.61, 9999.0, 9999.0, 9999.0, 23.55, 9999.0, 22.27, 9999.0, 22.66, 22.32, 22.14, 22.25, 22.2
2026-09-08, 00:27:05, 22.25, 22.27, 22.66, 22.64, 9999.0, 9999.0, 9999.0, 23.59, 9999.0, 22.3, 9999.0, 22.68, 22.34, 22.14, 22.25, 22.2
2026-09-08, 00:27:09, 22.25, 22.27, 22.66, 22.61, 9999.0, 9999.0, 9999.0, 23.61, 9999.0, 22.32, 9999.0, 22.66, 22.34, 22.16, 22.25, 22.2
2026-09-08, 00:27:13, 22.25, 22.25, 22.66, 22.59, 9999.0, 9999.0, 9999.0, 23.64, 9999.0, 22.34, 9999.0, 22.66, 22.34, 22.14, 22.25, 22.2
2026-09-08, 00:27:17, 22.25, 22.25, 22.64, 22.59, 9999.0, 9999.0, 9999.0, 23.68, 9999.0, 22.34, 9999.0, 22.64, 22.34, 22.14, 22.25, 22.2
2026-09-08, 00:27:21, 22.25, 22.25, 22.61, 22.61, 9999.0, 9999.0, 9999.0, 23.73, 9999.0, 22.36, 9999.0, 22.61, 22.34, 22.14, 22.25, 22.23
2026-09-08, 00:27:25, 22.25, 22.25, 22.61, 22.61, 9999.0, 9999.0, 9999.0, 23.75, 9999.0, 22.36, 9999.0, 22.61, 22.32, 22.14, 22.25, 22.23
2026-09-08, 00:27:29, 22.25, 22.25, 22.64, 22.61, 9999.0, 9999.0, 9999.0, 23.77, 9999.0, 22.36, 9999.0, 22.59, 22.32, 22.14, 22.25, 22.23
2026-09-08, 00:27:33, 22.25, 22.25, 22.64, 22.61, 9999.0, 9999.0, 9999.0, 23.8, 9999.0, 22.36, 9999.0, 22.57, 22.3, 22.11, 22.25, 22.23
2026-09-08, 00:27:37, 22.25, 22.25, 22.64, 22.59, 9999.0, 9999.0, 9999.0, 23.82, 9999.0, 22.36, 9999.0, 22.55, 22.3, 22.11, 22.25, 22.2
2026-09-08, 00:27:41, 22.25, 22.25, 22.61, 22.59, 9999.0, 9999.0, 9999.0, 23.84, 9999.0, 22.34, 9999.0, 22.52, 22.3, 22.11, 22.25, 22.2
2026-09-08, 00:27:45, 22.25, 22.25, 22.64, 22.57, 9999.0, 9999.0, 9999.0, 23.86, 9999.0, 22.32, 9999.0, 22.55, 22.27, 22.11, 22.25, 22.23
2026-09-08, 00:27:49, 22.25, 22.27, 22.66, 22.57, 9999.0, 9999.0, 9999.0, 23.82, 9999.0, 22.3, 9999.0, 22.55, 22.25, 22.14, 22.25, 22.23
2026-09-08, 00:27:53, 22.25, 22.27, 22.66, 22.59, 9999.0, 9999.0, 9999.0, 23.77, 9999.0, 22.25, 9999.0, 22.57, 22.25, 22.14, 22.25, 22.23
2026-09-08, 00:27:57, 22.25, 22.27, 22.66, 22.61, 9999.0, 9999.0, 9999.0, 23.73, 9999.0, 22.2, 9999.0, 22.59, 22.25, 22.16, 22.25, 22.23
2026-09-08, 00:28:01, 22.25, 22.27, 22.66, 22.64, 9999.0, 9999.0, 9999.0, 23.68, 9999.0, 22.2, 9999.0, 22.61, 22.27, 22.18, 22.25, 22.23
2026-09-08, 00:28:05, 22.25, 22.27, 22.66, 22.64, 9999.0, 9999.0, 9999.0, 23.64, 9999.0, 22.2, 9999.0, 22.61, 22.27, 22.16, 22.25, 22.23
2026-09-08, 00:28:09, 22.25, 22.27, 22.64, 22.66, 9999.0, 9999.0, 9999.0, 23.61, 9999.0, 22.2, 9999.0, 22.61, 22.3, 22.18, 22.25, 22.23
2026-09-08, 00:28:13, 22.25, 22.27, 22.61, 22.66, 9999.0, 9999.0, 9999.0, 23.57, 9999.0, 22.23, 9999.0, 22.64, 22.32, 22.18, 22.25, 22.23
2026-09-08, 00:28:17, 22.25, 22.27, 22.61, 22.64, 9999.0, 9999.0, 9999.0, 23.52, 9999.0, 22.25, 9999.0, 22.66, 22.34, 22.2, 22.25, 22.23
2026-09-08, 00:28:21, 22.25, 22.27, 22.59, 22.66, 9999.0, 9999.0, 9999.0, 23.55, 9999.0, 22.27, 9999.0, 22.66, 22.36, 22.2, 22.25, 22.25
2026-09-08, 00:28:25, 22.25, 22.27, 22.61, 22.66, 9999.0, 9999.0, 9999.0, 23.59, 9999.0, 22.27, 9999.0, 22.68, 22.39, 22.23, 22.25, 22.25
2026-09-08, 00:28:29, 22.25, 22.27, 22.59, 22.66, 9999.0, 9999.0, 9999.0, 23.64, 9999.0, 22.27, 9999.0, 22.66, 22.41, 22.2, 22.25, 22.25
2026-09-08, 00:28:33, 22.25, 22.25, 22.59, 22.64, 9999.0, 9999.0, 9999.0, 23.66, 9999.0, 22.27, 9999.0, 22.64, 22.41, 22.18, 22.25, 22.25
2026-09-08, 00:28:37, 22.25, 22.27, 22.57, 22.61, 9999.0, 9999.0, 9999.0, 23.7, 9999.0, 22.3, 9999.0, 22.61, 22.41, 22.18, 22.25, 22.23
2026-09-08, 00:28:41, 22.25, 22.27, 22.57, 22.61, 9999.0, 9999.0, 9999.0, 23.73, 9999.0, 22.32, 9999.0, 22.59, 22.41, 22.18, 22.25, 22.23
2026-09-08, 00:28:45, 22.25, 22.27, 22.59, 22.59, 9999.0, 9999.0, 9999.0, 23.75, 9999.0, 22.3, 9999.0, 22.57, 22.39, 22.18, 22.25, 22.2
2026-09-08, 00:28:49, 22.25, 22.27, 22.59, 22.57, 9999.0, 9999.0, 9999.0, 23.77, 9999.0, 22.27, 9999.0, 22.57, 22.41, 22.2, 22.25, 22.2
2026-09-08, 00:28:53, 22.25, 22.27, 22.59, 22.55, 9999.0, 9999.0, 9999.0, 23.8, 9999.0, 22.27, 9999.0, 22.57, 22.39, 22.18, 22.25, 22.2
2026-09-08, 00:28:57, 22.25, 22.27, 22.61, 22.57, 9999.0, 9999.0, 9999.0, 23.84, 9999.0, 22.23, 9999.0, 22.55, 22.36, 22.16, 22.25, 22.2
2026-09-08, 00:29:01, 22.25, 22.27, 22.61, 22.57, 9999.0, 9999.0, 9999.0, 23.89, 9999.0, 22.2, 9999.0, 22.52, 22.36, 22.16, 22.25, 22.2
2026-09-08, 00:29:05, 22.25, 22.27, 22.64, 22.57, 9999.0, 9999.0, 9999.0, 23.84, 9999.0, 22.16, 9999.0, 22.55, 22.34, 22.16, 22.25, 22.2
2026-09-08, 00:29:09, 22.25, 22.27, 22.61, 22.57, 9999.0, 9999.0, 9999.0, 23.77, 9999.0, 22.14, 9999.0, 22.55, 22.34, 22.14, 22.25, 22.2
2026-09-08, 00:29:13, 22.25, 22.27, 22.64, 22.59, 9999.0, 9999.0, 9999.0, 23.73, 9999.0, 22.14, 9999.0, 22.57, 22.32, 22.16, 22.25, 22.18
2026-09-08, 00:29:17, 22.25, 22.27, 22.64, 22.59, 9999.0, 9999.0, 9999.0, 23.68, 9999.0, 22.14, 9999.0, 22.59, 22.32, 22.18, 22.25, 22.18
2026-09-08, 00:29:21, 22.25, 22.27, 22.64, 22.59, 9999.0, 9999.0, 9999.0, 23.64, 9999.0, 22.14, 9999.0, 22.61, 22.32, 22.16, 22.25, 22.2
2026-09-08, 00:29:25, 22.25, 22.27, 22.66, 22.57, 9999.0, 9999.0, 9999.0, 23.61, 9999.0, 22.11, 9999.0, 22.61, 22.34, 22.16, 22.25, 22.2
2026-09-08, 00:29:29, 22.23, 22.27, 22.66, 22.59, 9999.0, 9999.0, 9999.0, 23.57, 9999.0, 22.16, 9999.0, 22.61, 22.36, 22.16, 22.25, 22.23
2026-09-08, 00:29:33, 22.23, 22.27, 22.68, 22.59, 9999.0, 9999.0, 9999.0, 23.52, 9999.0, 22.18, 9999.0, 22.64, 22.34, 22.16, 22.25, 22.23
2026-09-08, 00:29:37, 22.23, 22.27, 22.7, 22.59, 9999.0, 9999.0, 9999.0, 23.55, 9999.0, 22.18, 9999.0, 22.64, 22.36, 22.16, 22.25, 22.23
2026-09-08, 00:29:41, 22.23, 22.27, 22.7, 22.57, 9999.0, 9999.0, 9999.0, 23.55, 9999.0, 22.2, 9999.0, 22.64, 22.39, 22.18, 22.25, 22.23
2026-09-08, 00:29:45, 22.23, 22.27, 22.7, 22.57, 9999.0, 9999.0, 9999.0, 23.57, 9999.0, 22.2, 9999.0, 22.64, 22.36, 22.18, 22.25, 22.23
2026-09-08, 00:29:49, 22.23, 22.27, 22.68, 22.57, 9999.0, 9999.0, 9999.0, 23.59, 9999.0, 22.23, 9999.0, 22.61, 22.36, 22.18, 22.25, 22.23
2026-09-08, 00:29:53, 22.23, 22.27, 22.68, 22.57, 9999.0, 9999.0, 9999.0, 23.61, 9999.0, 22.25, 9999.0, 22.59, 22.34, 22.18, 22.25, 22.23
2026-09-08, 00:29:57, 22.23, 22.27, 22.66, 22.57, 9999.0, 9999.0, 9999.0, 23.64, 9999.0, 22.23, 9999.0, 22.57, 22.36, 22.16, 22.25, 22.25
2026-09-08, 00:30:01, 22.23, 22.27, 22.64, 22.57, 9999.0, 9999.0, 9999.0, 23.66, 9999.0, 22.2, 9999.0, 22.55, 22.36, 22.16, 22.25, 22.25
2026-09-08, 00:30:05, 22.23, 22.25, 22.66, 22.57, 9999.0, 9999.0, 9999.0, 23.68, 9999.0, 22.18, 9999.0, 22.52, 22.36, 22.18, 22.25, 22.25
2026-09-08, 00:30:09, 22.23, 22.25, 22.66, 22.57, 9999.0, 9999.0, 9999.0, 23.7, 9999.0, 22.18, 9999.0, 22.52, 22.36, 22.16, 22.25, 22.25
2026-09-08, 00:30:14, 22.25, 22.25, 22.66, 22.55, 9999.0, 9999.0, 9999.0, 23.75, 9999.0, 22.14, 9999.0, 22.52, 22.34, 22.16, 22.25, 22.25
2026-09-08, 00:30:18, 22.23, 22.25, 22.64, 22.55, 9999.0, 9999.0, 9999.0, 23.8, 9999.0, 22.11, 9999.0, 22.5, 22.34, 22.14, 22.25, 22.25
2026-09-08, 00:30:22, 22.23, 22.25, 22.64, 22.57, 9999.0, 9999.0, 9999.0, 23.75, 9999.0, 22.09, 9999.0, 22.5, 22.32, 22.16, 22.25, 22.25
2026-09-08, 00:30:26, 22.23, 22.25, 22.64, 22.59, 9999.0, 9999.0, 9999.0, 23.73, 9999.0, 22.07, 9999.0, 22.52, 22.32, 22.16, 22.25, 22.25
2026-09-08, 00:30:30, 22.23, 22.25, 22.64, 22.59, 9999.0, 9999.0, 9999.0, 23.68, 9999.0, 22.05, 9999.0, 22.55, 22.32, 22.16, 22.25, 22.25
2026-09-08, 00:30:34, 22.23, 22.25, 22.64, 22.59, 9999.0, 9999.0, 9999.0, 23.64, 9999.0, 22.05, 9999.0, 22.57, 22.32, 22.16, 22.25, 22.25
2026-09-08, 00:30:38, 22.23, 22.25, 22.66, 22.59, 9999.0, 9999.0, 9999.0, 23.61, 9999.0, 22.05, 9999.0, 22.59, 22.32, 22.18, 22.25, 22.25
2026-09-08, 00:30:42, 22.23, 22.25, 22.66, 22.57, 9999.0, 9999.0, 9999.0, 23.57, 9999.0, 22.05, 9999.0, 22.61, 22.32, 22.2, 22.25, 22.25
2026-09-08, 00:30:46, 22.23, 22.25, 22.68, 22.57, 9999.0, 9999.0, 9999.0, 23.52, 9999.0, 22.07, 9999.0, 22.64, 22.34, 22.2, 22.25, 22.25
2026-09-08, 00:30:50, 22.23, 22.25, 22.68, 22.57, 9999.0, 9999.0, 9999.0, 23.48, 9999.0, 22.09, 9999.0, 22.66, 22.36, 22.2, 22.25, 22.25
2026-09-08, 00:30:54, 22.23, 22.27, 22.68, 22.57, 9999.0, 9999.0, 9999.0, 23.5, 9999.0, 22.11, 9999.0, 22.66, 22.36, 22.23, 22.25, 22.25
2026-09-08, 00:30:58, 22.23, 22.27, 22.68, 22.57, 9999.0, 9999.0, 9999.0, 23.52, 9999.0, 22.14, 9999.0, 22.66, 22.39, 22.2, 22.25, 22.25
2026-09-08, 00:31:02, 22.25, 22.27, 22.7, 22.57, 9999.0, 9999.0, 9999.0, 23.55, 9999.0, 22.14, 9999.0, 22.66, 22.41, 22.23, 22.25, 22.25
2026-09-08, 00:31:06, 22.25, 22.27, 22.7, 22.57, 9999.0, 9999.0, 9999.0, 23.57, 9999.0, 22.16, 9999.0, 22.68, 22.41, 22.23, 22.25, 22.25
2026-09-08, 00:31:10, 22.25, 22.27, 22.7, 22.57, 9999.0, 9999.0, 9999.0, 23.59, 9999.0, 22.16, 9999.0, 22.66, 22.39, 22.23, 22.25, 22.25
2026-09-08, 00:31:14, 22.25, 22.27, 22.7, 22.59, 9999.0, 9999.0, 9999.0, 23.61, 9999.0, 22.18, 9999.0, 22.64, 22.39, 22.2, 22.25, 22.25
2026-09-08, 00:31:18, 22.25, 22.27, 22.73, 22.57, 9999.0, 9999.0, 9999.0, 23.66, 9999.0, 22.16, 9999.0, 22.61, 22.39, 22.18, 22.25, 22.25
2026-09-08, 00:31:22, 22.25, 22.27, 22.73, 22.59, 9999.0, 9999.0, 9999.0, 23.68, 9999.0, 22.14, 9999.0, 22.59, 22.39, 22.18, 22.25, 22.25
2026-09-08, 00:31:26, 22.25, 22.27, 22.75, 22.61, 9999.0, 9999.0, 9999.0, 23.73, 9999.0, 22.16, 9999.0, 22.57, 22.36, 22.18, 22.25, 22.25
2026-09-08, 00:31:30, 22.25, 22.27, 22.75, 22.64, 9999.0, 9999.0, 9999.0, 23.75, 9999.0, 22.14, 9999.0, 22.55, 22.34, 22.16, 22.25, 22.25
2026-09-08, 00:31:34, 22.25, 22.27, 22.73, 22.66, 9999.0, 9999.0, 9999.0, 23.77, 9999.0, 22.11, 9999.0, 22.52, 22.32, 22.16, 22.25, 22.25
2026-09-08, 00:31:38, 22.23, 22.25, 22.7, 22.68, 9999.0, 9999.0, 9999.0, 23.73, 9999.0, 22.09, 9999.0, 22.52, 22.3, 22.16, 22.25, 22.25
2026-09-08, 00:31:42, 22.23, 22.25, 22.68, 22.7, 9999.0, 9999.0, 9999.0, 23.68, 9999.0, 22.07, 9999.0, 22.55, 22.3, 22.18, 22.25, 22.25
2026-09-08, 00:31:46, 22.23, 22.25, 22.68, 22.73, 9999.0, 9999.0, 9999.0, 23.64, 9999.0, 22.07, 9999.0, 22.57, 22.3, 22.18, 22.25, 22.25
2026-09-08, 00:31:50, 22.23, 22.25, 22.68, 22.7, 9999.0, 9999.0, 9999.0, 23.61, 9999.0, 22.05, 9999.0, 22.57, 22.32, 22.18, 22.25, 22.25
2026-09-08, 00:31:54, 22.23, 22.25, 22.66, 22.7, 9999.0, 9999.0, 9999.0, 23.59, 9999.0, 22.07, 9999.0, 22.57, 22.34, 22.18, 22.25, 22.25
2026-09-08, 00:31:58, 22.23, 22.25, 22.66, 22.7, 9999.0, 9999.0, 9999.0, 23.55, 9999.0, 22.05, 9999.0, 22.59, 22.34, 22.18, 22.25, 22.25
2026-09-08, 00:32:02, 22.23, 22.25, 22.66, 22.73, 9999.0, 9999.0, 9999.0, 23.5, 9999.0, 22.07, 9999.0, 22.61, 22.36, 22.2, 22.25, 22.25
2026-09-08, 00:32:06, 22.23, 22.25, 22.66, 22.73, 9999.0, 9999.0, 9999.0, 23.45, 9999.0, 22.09, 9999.0, 22.64, 22.39, 22.18, 22.25, 22.25
2026-09-08, 00:32:10, 22.23, 22.25, 22.66, 22.7, 9999.0, 9999.0, 9999.0, 23.41, 9999.0, 22.09, 9999.0, 22.64, 22.41, 22.18, 22.25, 22.25
2026-09-08, 00:32:14, 22.23, 22.25, 22.64, 22.7, 9999.0, 9999.0, 9999.0, 23.45, 9999.0, 22.11, 9999.0, 22.64, 22.41, 22.2, 22.25, 22.25
2026-09-08, 00:32:18, 22.23, 22.25, 22.64, 22.7, 9999.0, 9999.0, 9999.0, 23.5, 9999.0, 22.11, 9999.0, 22.64, 22.41, 22.18, 22.25, 22.25
2026-09-08, 00:32:22, 22.25, 22.25, 22.64, 22.7, 9999.0, 9999.0, 9999.0, 23.55, 9999.0, 22.14, 9999.0, 22.64, 22.41, 22.16, 22.25, 22.25
2026-09-08, 00:32:26, 22.25, 22.25, 22.66, 22.7, 9999.0, 9999.0, 9999.0, 23.57, 9999.0, 22.14, 9999.0, 22.61, 22.39, 22.16, 22.25, 22.25
2026-09-08, 00:32:30, 22.25, 22.25, 22.66, 22.7, 9999.0, 9999.0, 9999.0, 23.59, 9999.0, 22.14, 9999.0, 22.59, 22.39, 22.16, 22.25, 22.25
2026-09-08, 00:32:34, 22.25, 22.25, 22.66, 22.73, 9999.0, 9999.0, 9999.0, 23.59, 9999.0, 22.14, 9999.0, 22.57, 22.36, 22.16, 22.25, 22.23
2026-09-08, 00:32:38, 22.25, 22.25, 22.68, 22.73, 9999.0, 9999.0, 9999.0, 23.59, 9999.0, 22.11, 9999.0, 22.57, 22.34, 22.16, 22.25, 22.23
2026-09-08, 00:32:42, 22.25, 22.25, 22.68, 22.73, 9999.0, 9999.0, 9999.0, 23.61, 9999.0, 22.11, 9999.0, 22.55, 22.34, 22.16, 22.25, 22.23
2026-09-08, 00:32:46, 22.25, 22.25, 22.68, 22.73, 9999.0, 9999.0, 9999.0, 23.64, 9999.0, 22.09, 9999.0, 22.52, 22.32, 22.14, 22.25, 22.23
2026-09-08, 00:32:50, 22.25, 22.25, 22.68, 22.73, 9999.0, 9999.0, 9999.0, 23.66, 9999.0, 22.07, 9999.0, 22.5, 22.3, 22.14, 22.25, 22.23
2026-09-08, 00:32:54, 22.25, 22.25, 22.68, 22.75, 9999.0, 9999.0, 9999.0, 23.68, 9999.0, 22.05, 9999.0, 22.5, 22.27, 22.14, 22.25, 22.23
2026-09-08, 00:32:58, 22.25, 22.25, 22.68, 22.75, 9999.0, 9999.0, 9999.0, 23.64, 9999.0, 22.02, 9999.0, 22.52, 22.3, 22.14, 22.25, 22.23
2026-09-08, 00:33:02, 22.25, 22.25, 22.7, 22.75, 9999.0, 9999.0, 9999.0, 23.57, 9999.0, 22.0, 9999.0, 22.55, 22.32, 22.16, 22.25, 22.23
2026-09-08, 00:33:06, 22.25, 22.25, 22.73, 22.73, 9999.0, 9999.0, 9999.0, 23.5, 9999.0, 21.98, 9999.0, 22.57, 22.34, 22.18, 22.25, 22.23
2026-09-08, 00:33:10, 22.25, 22.25, 22.73, 22.73, 9999.0, 9999.0, 9999.0, 23.45, 9999.0, 22.0, 9999.0, 22.59, 22.34, 22.18, 22.25, 22.23
2026-09-08, 00:33:14, 22.25, 22.25, 22.73, 22.73, 9999.0, 9999.0, 9999.0, 23.41, 9999.0, 22.02, 9999.0, 22.61, 22.34, 22.18, 22.25, 22.23
2026-09-08, 00:33:18, 22.25, 22.25, 22.7, 22.73, 9999.0, 9999.0, 9999.0, 23.39, 9999.0, 22.05, 9999.0, 22.64, 22.36, 22.18, 22.25, 22.25
2026-09-08, 00:33:22, 22.25, 22.25, 22.7, 22.73, 9999.0, 9999.0, 9999.0, 23.36, 9999.0, 22.07, 9999.0, 22.64, 22.39, 22.18, 22.25, 22.25
2026-09-08, 00:33:26, 22.25, 22.25, 22.7, 22.73, 9999.0, 9999.0, 9999.0, 23.41, 9999.0, 22.09, 9999.0, 22.64, 22.41, 22.2, 22.25, 22.25
2026-09-08, 00:33:30, 22.25, 22.25, 22.7, 22.73, 9999.0, 9999.0, 9999.0, 23.45, 9999.0, 22.11, 9999.0, 22.64, 22.41, 22.23, 22.25, 22.25
2026-09-08, 00:33:34, 22.25, 22.25, 22.7, 22.73, 9999.0, 9999.0, 9999.0, 23.48, 9999.0, 22.14, 9999.0, 22.64, 22.41, 22.25, 22.25, 22.25
2026-09-08, 00:33:38, 22.25, 22.25, 22.68, 22.73, 9999.0, 9999.0, 9999.0, 23.5, 9999.0, 22.16, 9999.0, 22.64, 22.41, 22.23, 22.25, 22.25
2026-09-08, 00:33:42, 22.25, 22.25, 22.7, 22.73, 9999.0, 9999.0, 9999.0, 23.52, 9999.0, 22.16, 9999.0, 22.61, 22.39, 22.23, 22.25, 22.25
2026-09-08, 00:33:46, 22.25, 22.25, 22.7, 22.73, 9999.0, 9999.0, 9999.0, 23.57, 9999.0, 22.18, 9999.0, 22.59, 22.36, 22.23, 22.25, 22.25
2026-09-08, 00:33:50, 22.25, 22.25, 22.7, 22.75, 9999.0, 9999.0, 9999.0, 23.61, 9999.0, 22.18, 9999.0, 22.57, 22.34, 22.23, 22.25, 22.25
2026-09-08, 00:33:55, 22.25, 22.25, 22.7, 22.75, 9999.0, 9999.0, 9999.0, 23.64, 9999.0, 22.16, 9999.0, 22.55, 22.34, 22.2, 22.25, 22.25
2026-09-08, 00:33:59, 22.25, 22.25, 22.7, 22.75, 9999.0, 9999.0, 9999.0, 23.68, 9999.0, 22.14, 9999.0, 22.52, 22.32, 22.2, 22.25, 22.25
2026-09-08, 00:34:03, 22.25, 22.25, 22.73, 22.75, 9999.0, 9999.0, 9999.0, 23.7, 9999.0, 22.11, 9999.0, 22.52, 22.3, 22.2, 22.25, 22.25
2026-09-08, 00:34:07, 22.25, 22.25, 22.73, 22.75, 9999.0, 9999.0, 9999.0, 23.73, 9999.0, 22.09, 9999.0, 22.52, 22.27, 22.2, 22.25, 22.25
2026-09-08, 00:34:11, 22.25, 22.25, 22.73, 22.75, 9999.0, 9999.0, 9999.0, 23.68, 9999.0, 22.07, 9999.0, 22.52, 22.25, 22.2, 22.25, 22.25
2026-09-08, 00:34:15, 22.25, 22.25, 22.73, 22.75, 9999.0, 9999.0, 9999.0, 23.64, 9999.0, 22.05, 9999.0, 22.55, 22.25, 22.2, 22.25, 22.25
2026-09-08, 00:34:19, 22.25, 22.25, 22.73, 22.75, 9999.0, 9999.0, 9999.0, 23.61, 9999.0, 22.02, 9999.0, 22.57, 22.27, 22.2, 22.25, 22.25
2026-09-08, 00:34:23, 22.25, 22.25, 22.75, 22.75, 9999.0, 9999.0, 9999.0, 23.59, 9999.0, 22.02, 9999.0, 22.59, 22.27, 22.23, 22.25, 22.25
2026-09-08, 00:34:27, 22.25, 22.25, 22.75, 22.75, 9999.0, 9999.0, 9999.0, 23.57, 9999.0, 22.05, 9999.0, 22.61, 22.3, 22.23, 22.25, 22.25
2026-09-08, 00:34:31, 22.25, 22.25, 22.75, 22.75, 9999.0, 9999.0, 9999.0, 23.52, 9999.0, 22.05, 9999.0, 22.61, 22.32, 22.23, 22.25, 22.25
2026-09-08, 00:34:35, 22.25, 22.25, 22.75, 22.75, 9999.0, 9999.0, 9999.0, 23.48, 9999.0, 22.07, 9999.0, 22.64, 22.34, 22.23, 22.25, 22.25
2026-09-08, 00:34:39, 22.25, 22.25, 22.75, 22.75, 9999.0, 9999.0, 9999.0, 23.45, 9999.0, 22.09, 9999.0, 22.66, 22.34, 22.25, 22.25, 22.25
2026-09-08, 00:34:43, 22.25, 22.25, 22.75, 22.75, 9999.0, 9999.0, 9999.0, 23.48, 9999.0, 22.11, 9999.0, 22.66, 22.36, 22.25, 22.25, 22.25
2026-09-08, 00:34:47, 22.25, 22.25, 22.75, 22.75, 9999.0, 9999.0, 9999.0, 23.52, 9999.0, 22.14, 9999.0, 22.66, 22.39, 22.23, 22.25, 22.25
2026-09-08, 00:34:51, 22.25, 22.25, 22.75, 22.75, 9999.0, 9999.0, 9999.0, 23.57, 9999.0, 22.16, 9999.0, 22.66, 22.41, 22.2, 22.25, 22.25
2026-09-08, 00:34:55, 22.25, 22.25, 22.75, 22.75, 9999.0, 9999.0, 9999.0, 23.61, 9999.0, 22.16, 9999.0, 22.66, 22.41, 22.2, 22.25, 22.25
2026-09-08, 00:34:59, 22.25, 22.25, 22.75, 22.75, 9999.0, 9999.0, 9999.0, 23.64, 9999.0, 22.16, 9999.0, 22.66, 22.43, 22.2, 22.25, 22.25
2026-09-08, 00:35:03, 22.25, 22.25, 22.75, 22.75, 9999.0, 9999.0, 9999.0, 23.66, 9999.0, 22.16, 9999.0, 22.64, 22.41, 22.2, 22.25, 22.25
2026-09-08, 00:35:07, 22.25, 22.25, 22.75, 22.75, 9999.0, 9999.0, 9999.0, 23.66, 9999.0, 22.14, 9999.0, 22.61, 22.41, 22.18, 22.25, 22.25
2026-09-08, 00:35:11, 22.25, 22.25, 22.73, 22.75, 9999.0, 9999.0, 9999.0, 23.66, 9999.0, 22.11, 9999.0, 22.59, 22.39, 22.18, 22.25, 22.25
2026-09-08, 00:35:15, 22.25, 22.25, 22.73, 22.75, 9999.0, 9999.0, 9999.0, 23.68, 9999.0, 22.11, 9999.0, 22.59, 22.36, 22.18, 22.25, 22.25
2026-09-08, 00:35:19, 22.25, 22.25, 22.73, 22.75, 9999.0, 9999.0, 9999.0, 23.7, 9999.0, 22.09, 9999.0, 22.59, 22.36, 22.18, 22.25, 22.23
2026-09-08, 00:35:23, 22.25, 22.25, 22.73, 22.73, 9999.0, 9999.0, 9999.0, 23.73, 9999.0, 22.07, 9999.0, 22.57, 22.36, 22.18, 22.25, 22.23
2026-09-08, 00:35:27, 22.25, 22.25, 22.73, 22.73, 9999.0, 9999.0, 9999.0, 23.68, 9999.0, 22.05, 9999.0, 22.57, 22.34, 22.18, 22.25, 22.23
2026-09-08, 00:35:31, 22.25, 22.25, 22.73, 22.73, 9999.0, 9999.0, 9999.0, 23.64, 9999.0, 22.02, 9999.0, 22.57, 22.32, 22.2, 22.25, 22.23
2026-09-08, 00:35:35, 22.25, 22.25, 22.73, 22.73, 9999.0, 9999.0, 9999.0, 23.59, 9999.0, 22.0, 9999.0, 22.59, 22.32, 22.23, 22.25, 22.23
2026-09-08, 00:35:39, 22.25, 22.25, 22.73, 22.73, 9999.0, 9999.0, 9999.0, 23.55, 9999.0, 22.02, 9999.0, 22.61, 22.34, 22.23, 22.25, 22.23
2026-09-08, 00:35:43, 22.25, 22.25, 22.73, 22.7, 9999.0, 9999.0, 9999.0, 23.5, 9999.0, 22.05, 9999.0, 22.61, 22.34, 22.23, 22.25, 22.23
2026-09-08, 00:35:47, 22.25, 22.25, 22.73, 22.68, 9999.0, 9999.0, 9999.0, 23.45, 9999.0, 22.07, 9999.0, 22.64, 22.36, 22.23, 22.25, 22.23
2026-09-08, 00:35:51, 22.25, 22.25, 22.73, 22.68, 9999.0, 9999.0, 9999.0, 23.43, 9999.0, 22.09, 9999.0, 22.66, 22.39, 22.25, 22.25, 22.23
2026-09-08, 00:35:55, 22.25, 22.25, 22.75, 22.68, 9999.0, 9999.0, 9999.0, 23.41, 9999.0, 22.11, 9999.0, 22.66, 22.41, 22.25, 22.25, 22.23
2026-09-08, 00:35:59, 22.25, 22.25, 22.75, 22.68, 9999.0, 9999.0, 9999.0, 23.45, 9999.0, 22.14, 9999.0, 22.66, 22.43, 22.25, 22.25, 22.23
2026-09-08, 00:36:03, 22.25, 22.25, 22.75, 22.68, 9999.0, 9999.0, 9999.0, 23.5, 9999.0, 22.16, 9999.0, 22.64, 22.43, 22.25, 22.25, 22.25
2026-09-08, 00:36:07, 22.25, 22.27, 22.75, 22.7, 9999.0, 9999.0, 9999.0, 23.52, 9999.0, 22.18, 9999.0, 22.64, 22.43, 22.23, 22.25, 22.25
2026-09-08, 00:36:11, 22.25, 22.27, 22.75, 22.7, 9999.0, 9999.0, 9999.0, 23.55, 9999.0, 22.2, 9999.0, 22.64, 22.43, 22.23, 22.25, 22.25
2026-09-08, 00:36:15, 22.25, 22.27, 22.75, 22.7, 9999.0, 9999.0, 9999.0, 23.57, 9999.0, 22.23, 9999.0, 22.61, 22.45, 22.23, 22.25, 22.25
2026-09-08, 00:36:19, 22.25, 22.27, 22.73, 22.7, 9999.0, 9999.0, 9999.0, 23.59, 9999.0, 22.25, 9999.0, 22.59, 22.45, 22.2, 22.25, 22.25
2026-09-08, 00:36:23, 22.25, 22.3, 22.73, 22.7, 9999.0, 9999.0, 9999.0, 23.61, 9999.0, 22.25, 9999.0, 22.57, 22.45, 22.2, 22.25, 22.25
2026-09-08, 00:36:27, 22.25, 22.3, 22.73, 22.73, 9999.0, 9999.0, 9999.0, 23.66, 9999.0, 22.23, 9999.0, 22.55, 22.45, 22.2, 22.25, 22.25
2026-09-08, 00:36:31, 22.25, 22.3, 22.73, 22.75, 9999.0, 9999.0, 9999.0, 23.7, 9999.0, 22.23, 9999.0, 22.52, 22.45, 22.2, 22.25, 22.25
2026-09-08, 00:36:35, 22.25, 22.3, 22.73, 22.75, 9999.0, 9999.0, 9999.0, 23.75, 9999.0, 22.2, 9999.0, 22.5, 22.43, 22.2, 22.25, 22.25
2026-09-08, 00:36:39, 22.25, 22.3, 22.73, 22.73, 9999.0, 9999.0, 9999.0, 23.8, 9999.0, 22.18, 9999.0, 22.5, 22.41, 22.2, 22.25, 22.25
2026-09-08, 00:36:43, 22.23, 22.3, 22.73, 22.73, 9999.0, 9999.0, 9999.0, 23.75, 9999.0, 22.16, 9999.0, 22.5, 22.39, 22.2, 22.25, 22.25
2026-09-08, 00:36:47, 22.23, 22.3, 22.73, 22.73, 9999.0, 9999.0, 9999.0, 23.7, 9999.0, 22.14, 9999.0, 22.52, 22.39, 22.2, 22.25, 22.25
2026-09-08, 00:36:51, 22.23, 22.27, 22.73, 22.73, 9999.0, 9999.0, 9999.0, 23.66, 9999.0, 22.11, 9999.0, 22.55, 22.41, 22.2, 22.25, 22.25
2026-09-08, 00:36:55, 22.23, 22.27, 22.73, 22.73, 9999.0, 9999.0, 9999.0, 23.61, 9999.0, 22.09, 9999.0, 22.57, 22.43, 22.18, 22.25, 22.25
2026-09-08, 00:36:59, 22.23, 22.27, 22.73, 22.7, 9999.0, 9999.0, 9999.0, 23.57, 9999.0, 22.09, 9999.0, 22.59, 22.41, 22.18, 22.25, 22.25
2026-09-08, 00:37:03, 22.23, 22.3, 22.75, 22.68, 9999.0, 9999.0, 9999.0, 23.52, 9999.0, 22.09, 9999.0, 22.61, 22.41, 22.2, 22.25, 22.25
2026-09-08, 00:37:07, 22.23, 22.27, 22.75, 22.68, 9999.0, 9999.0, 9999.0, 23.48, 9999.0, 22.11, 9999.0, 22.64, 22.41, 22.2, 22.25, 22.25
2026-09-08, 00:37:11, 22.23, 22.27, 22.75, 22.68, 9999.0, 9999.0, 9999.0, 23.43, 9999.0, 22.16, 9999.0, 22.66, 22.39, 22.18, 22.25, 22.25
2026-09-08, 00:37:15, 22.23, 22.27, 22.75, 22.68, 9999.0, 9999.0, 9999.0, 23.39, 9999.0, 22.18, 9999.0, 22.66, 22.39, 22.16, 22.25, 22.25
2026-09-08, 00:37:19, 22.23, 22.27, 22.73, 22.68, 9999.0, 9999.0, 9999.0, 23.41, 9999.0, 22.2, 9999.0, 22.66, 22.41, 22.16, 22.25, 22.25
2026-09-08, 00:37:23, 22.23, 22.27, 22.7, 22.7, 9999.0, 9999.0, 9999.0, 23.43, 9999.0, 22.23, 9999.0, 22.66, 22.43, 22.14, 22.25, 22.25
2026-09-08, 00:37:27, 22.25, 22.27, 22.68, 22.7, 9999.0, 9999.0, 9999.0, 23.45, 9999.0, 22.25, 9999.0, 22.66, 22.45, 22.14, 22.25, 22.25
2026-09-08, 00:37:31, 22.25, 22.27, 22.68, 22.7, 9999.0, 9999.0, 9999.0, 23.48, 9999.0, 22.27, 9999.0, 22.64, 22.45, 22.14, 22.25, 22.25
2026-09-08, 00:37:35, 22.25, 22.27, 22.68, 22.7, 9999.0, 9999.0, 9999.0, 23.52, 9999.0, 22.3, 9999.0, 22.61, 22.45, 22.16, 22.25, 22.25
2026-09-08, 00:37:39, 22.25, 22.27, 22.68, 22.7, 9999.0, 9999.0, 9999.0, 23.57, 9999.0, 22.32, 9999.0, 22.59, 22.43, 22.18, 22.25, 22.25
2026-09-08, 00:37:44, 22.25, 22.27, 22.68, 22.73, 9999.0, 9999.0, 9999.0, 23.59, 9999.0, 22.3, 9999.0, 22.57, 22.45, 22.18, 22.25, 22.25
2026-09-08, 00:37:48, 22.25, 22.27, 22.68, 22.75, 9999.0, 9999.0, 9999.0, 23.64, 9999.0, 22.27, 9999.0, 22.55, 22.45, 22.18, 22.25, 22.25
2026-09-08, 00:37:52, 22.25, 22.3, 22.68, 22.73, 9999.0, 9999.0, 9999.0, 23.66, 9999.0, 22.23, 9999.0, 22.52, 22.43, 22.16, 22.25, 22.25
2026-09-08, 00:37:56, 22.25, 22.3, 22.68, 22.7, 9999.0, 9999.0, 9999.0, 23.7, 9999.0, 22.18, 9999.0, 22.52, 22.43, 22.18, 22.25, 22.25
2026-09-08, 00:38:00, 22.25, 22.3, 22.68, 22.7, 9999.0, 9999.0, 9999.0, 23.73, 9999.0, 22.14, 9999.0, 22.52, 22.41, 22.2, 22.25, 22.25
2026-09-08, 00:38:04, 22.25, 22.3, 22.7, 22.68, 9999.0, 9999.0, 9999.0, 23.68, 9999.0, 22.11, 9999.0, 22.55, 22.41, 22.2, 22.25, 22.25
2026-09-08, 00:38:08, 22.25, 22.32, 22.73, 22.68, 9999.0, 9999.0, 9999.0, 23.64, 9999.0, 22.09, 9999.0, 22.57, 22.41, 22.23, 22.25, 22.25
2026-09-08, 00:38:12, 22.25, 22.34, 22.75, 22.68, 9999.0, 9999.0, 9999.0, 23.61, 9999.0, 22.09, 9999.0, 22.59, 22.39, 22.23, 22.25, 22.25
2026-09-08, 00:38:16, 22.25, 22.34, 22.75, 22.66, 9999.0, 9999.0, 9999.0, 23.59, 9999.0, 22.09, 9999.0, 22.61, 22.36, 22.2, 22.25, 22.25
2026-09-08, 00:38:20, 22.25, 22.34, 22.75, 22.66, 9999.0, 9999.0, 9999.0, 23.55, 9999.0, 22.09, 9999.0, 22.61, 22.36, 22.2, 22.25, 22.25
2026-09-08, 00:38:24, 22.25, 22.34, 22.75, 22.66, 9999.0, 9999.0, 9999.0, 23.5, 9999.0, 22.11, 9999.0, 22.64, 22.39, 22.2, 22.25, 22.25
2026-09-08, 00:38:28, 22.25, 22.34, 22.73, 22.66, 9999.0, 9999.0, 9999.0, 23.48, 9999.0, 22.16, 9999.0, 22.66, 22.39, 22.2, 22.25, 22.25
2026-09-08, 00:38:32, 22.25, 22.32, 22.73, 22.64, 9999.0, 9999.0, 9999.0, 23.43, 9999.0, 22.2, 9999.0, 22.66, 22.39, 22.18, 22.25, 22.25
2026-09-08, 00:38:36, 22.25, 22.3, 22.73, 22.66, 9999.0, 9999.0, 9999.0, 23.48, 9999.0, 22.25, 9999.0, 22.66, 22.39, 22.18, 22.25, 22.25
2026-09-08, 00:38:40, 22.25, 22.3, 22.73, 22.68, 9999.0, 9999.0, 9999.0, 23.5, 9999.0, 22.3, 9999.0, 22.64, 22.41, 22.18, 22.25, 22.25
2026-09-08, 00:38:44, 22.25, 22.3, 22.73, 22.68, 9999.0, 9999.0, 9999.0, 23.55, 9999.0, 22.32, 9999.0, 22.64, 22.43, 22.18, 22.25, 22.25
2026-09-08, 00:38:48, 22.25, 22.3, 22.7, 22.7, 9999.0, 9999.0, 9999.0, 23.57, 9999.0, 22.34, 9999.0, 22.61, 22.41, 22.18, 22.25, 22.25
2026-09-08, 00:38:52, 22.25, 22.27, 22.7, 22.7, 9999.0, 9999.0, 9999.0, 23.59, 9999.0, 22.36, 9999.0, 22.59, 22.39, 22.18, 22.25, 22.25
2026-09-08, 00:38:56, 22.25, 22.25, 22.68, 22.7, 9999.0, 9999.0, 9999.0, 23.61, 9999.0, 22.36, 9999.0, 22.57, 22.39, 22.16, 22.25, 22.25
2026-09-08, 00:39:00, 22.25, 22.25, 22.68, 22.73, 9999.0, 9999.0, 9999.0, 23.64, 9999.0, 22.36, 9999.0, 22.55, 22.41, 22.16, 22.25, 22.25
2026-09-08, 00:39:04, 22.25, 22.25, 22.68, 22.73, 9999.0, 9999.0, 9999.0, 23.68, 9999.0, 22.36, 9999.0, 22.55, 22.41, 22.16, 22.25, 22.25
2026-09-08, 00:39:08, 22.25, 22.25, 22.68, 22.73, 9999.0, 9999.0, 9999.0, 23.7, 9999.0, 22.34, 9999.0, 22.52, 22.39, 22.14, 22.25, 22.25
2026-09-08, 00:39:12, 22.25, 22.25, 22.68, 22.73, 9999.0, 9999.0, 9999.0, 23.75, 9999.0, 22.3, 9999.0, 22.5, 22.36, 22.14, 22.25, 22.25
2026-09-08, 00:39:16, 22.25, 22.25, 22.68, 22.75, 9999.0, 9999.0, 9999.0, 23.77, 9999.0, 22.27, 9999.0, 22.5, 22.34, 22.14, 22.25, 22.25
2026-09-08, 00:39:20, 22.25, 22.25, 22.68, 22.75, 9999.0, 9999.0, 9999.0, 23.73, 9999.0, 22.25, 9999.0, 22.52, 22.36, 22.16, 22.25, 22.25
2026-09-08, 00:39:24, 22.25, 22.25, 22.68, 22.75, 9999.0, 9999.0, 9999.0, 23.68, 9999.0, 22.23, 9999.0, 22.55, 22.36, 22.16, 22.25, 22.25
2026-09-08, 00:39:28, 22.25, 22.25, 22.68, 22.75, 9999.0, 9999.0, 9999.0, 23.64, 9999.0, 22.2, 9999.0, 22.57, 22.36, 22.16, 22.25, 22.23
2026-09-08, 00:39:32, 22.25, 22.25, 22.7, 22.75, 9999.0, 9999.0, 9999.0, 23.61, 9999.0, 22.2, 9999.0, 22.59, 22.36, 22.14, 22.25, 22.23
2026-09-08, 00:39:36, 22.25, 22.25, 22.68, 22.75, 9999.0, 9999.0, 9999.0, 23.59, 9999.0, 22.23, 9999.0, 22.59, 22.36, 22.14, 22.25, 22.23
2026-09-08, 00:39:40, 22.25, 22.25, 22.7, 22.75, 9999.0, 9999.0, 9999.0, 23.55, 9999.0, 22.25, 9999.0, 22.61, 22.39, 22.14, 22.25, 22.23
2026-09-08, 00:39:44, 22.25, 22.25, 22.7, 22.75, 9999.0, 9999.0, 9999.0, 23.52, 9999.0, 22.27, 9999.0, 22.64, 22.39, 22.16, 22.25, 22.23
2026-09-08, 00:39:48, 22.25, 22.25, 22.7, 22.75, 9999.0, 9999.0, 9999.0, 23.48, 9999.0, 22.3, 9999.0, 22.64, 22.39, 22.14, 22.25, 22.23
2026-09-08, 00:39:52, 22.25, 22.25, 22.68, 22.75, 9999.0, 9999.0, 9999.0, 23.55, 9999.0, 22.32, 9999.0, 22.64, 22.39, 22.16, 22.25, 22.23
2026-09-08, 00:39:56, 22.25, 22.25, 22.68, 22.75, 9999.0, 9999.0, 9999.0, 23.57, 9999.0, 22.36, 9999.0, 22.64, 22.41, 22.16, 22.25, 22.23
2026-09-08, 00:40:00, 22.25, 22.25, 22.66, 22.75, 9999.0, 9999.0, 9999.0, 23.61, 9999.0, 22.39, 9999.0, 22.64, 22.41, 22.16, 22.25, 22.23
2026-09-08, 00:40:04, 22.25, 22.25, 22.66, 22.75, 9999.0, 9999.0, 9999.0, 23.66, 9999.0, 22.41, 9999.0, 22.61, 22.39, 22.16, 22.25, 22.23
2026-09-08, 00:40:08, 22.25, 22.25, 22.66, 22.75, 9999.0, 9999.0, 9999.0, 23.68, 9999.0, 22.43, 9999.0, 22.59, 22.36, 22.16, 22.25, 22.23
2026-09-08, 00:40:12, 22.25, 22.25, 22.66, 22.75, 9999.0, 9999.0, 9999.0, 23.7, 9999.0, 22.45, 9999.0, 22.57, 22.34, 22.14, 22.25, 22.25
2026-09-08, 00:40:16, 22.25, 22.25, 22.66, 22.75, 9999.0, 9999.0, 9999.0, 23.73, 9999.0, 22.45, 9999.0, 22.55, 22.34, 22.14, 22.25, 22.25
2026-09-08, 00:40:20, 22.25, 22.25, 22.66, 22.75, 9999.0, 9999.0, 9999.0, 23.75, 9999.0, 22.43, 9999.0, 22.55, 22.34, 22.14, 22.25, 22.25
2026-09-08, 00:40:24, 22.25, 22.25, 22.66, 22.75, 9999.0, 9999.0, 9999.0, 23.8, 9999.0, 22.41, 9999.0, 22.52, 22.32, 22.16, 22.25, 22.25
2026-09-08, 00:40:28, 22.25, 22.25, 22.66, 22.75, 9999.0, 9999.0, 9999.0, 23.82, 9999.0, 22.39, 9999.0, 22.52, 22.3, 22.16, 22.25, 22.25
2026-09-08, 00:40:32, 22.25, 22.25, 22.66, 22.73, 9999.0, 9999.0, 9999.0, 23.86, 9999.0, 22.36, 9999.0, 22.52, 22.27, 22.16, 22.25, 22.25
2026-09-08, 00:40:36, 22.25, 22.25, 22.68, 22.73, 9999.0, 9999.0, 9999.0, 23.82, 9999.0, 22.34, 9999.0, 22.55, 22.27, 22.16, 22.25, 22.25
2026-09-08, 00:40:40, 22.25, 22.25, 22.7, 22.73, 9999.0, 9999.0, 9999.0, 23.77, 9999.0, 22.32, 9999.0, 22.57, 22.27, 22.14, 22.25, 22.25
2026-09-08, 00:40:44, 22.25, 22.25, 22.7, 22.73, 9999.0, 9999.0, 9999.0, 23.73, 9999.0, 22.3, 9999.0, 22.59, 22.27, 22.16, 22.25, 22.25
2026-09-08, 00:40:48, 22.25, 22.25, 22.7, 22.7, 9999.0, 9999.0, 9999.0, 23.68, 9999.0, 22.3, 9999.0, 22.61, 22.3, 22.14, 22.25, 22.25
2026-09-08, 00:40:52, 22.25, 22.25, 22.7, 22.68, 9999.0, 9999.0, 9999.0, 23.66, 9999.0, 22.3, 9999.0, 22.64, 22.3, 22.14, 22.25, 22.25
2026-09-08, 00:40:56, 22.25, 22.25, 22.68, 22.68, 9999.0, 9999.0, 9999.0, 23.64, 9999.0, 22.34, 9999.0, 22.64, 22.32, 22.14, 22.25, 22.25
2026-09-08, 00:41:00, 22.25, 22.25, 22.68, 22.68, 9999.0, 9999.0, 9999.0, 23.61, 9999.0, 22.36, 9999.0, 22.64, 22.34, 22.14, 22.25, 22.25
2026-09-08, 00:41:04, 22.25, 22.25, 22.7, 22.68, 9999.0, 9999.0, 9999.0, 23.59, 9999.0, 22.39, 9999.0, 22.64, 22.34, 22.14, 22.25, 22.25
2026-09-08, 00:41:08, 22.25, 22.25, 22.7, 22.68, 9999.0, 9999.0, 9999.0, 23.61, 9999.0, 22.41, 9999.0, 22.64, 22.34, 22.11, 22.25, 22.25
2026-09-08, 00:41:12, 22.25, 22.25, 22.68, 22.68, 9999.0, 9999.0, 9999.0, 23.64, 9999.0, 22.43, 9999.0, 22.61, 22.34, 22.11, 22.25, 22.25
2026-09-08, 00:41:16, 22.25, 22.25, 22.66, 22.7, 9999.0, 9999.0, 9999.0, 23.66, 9999.0, 22.43, 9999.0, 22.61, 22.34, 22.11, 22.25, 22.25
2026-09-08, 00:41:20, 22.25, 22.25, 22.66, 22.7, 9999.0, 9999.0, 9999.0, 23.68, 9999.0, 22.45, 9999.0, 22.59, 22.34, 22.11, 22.25, 22.25
2026-09-08, 00:41:24, 22.25, 22.25, 22.64, 22.7, 9999.0, 9999.0, 9999.0, 23.7, 9999.0, 22.48, 9999.0, 22.57, 22.34, 22.11, 22.25, 22.25
2026-09-08, 00:41:28, 22.25, 22.25, 22.64, 22.68, 9999.0, 9999.0, 9999.0, 23.73, 9999.0, 22.5, 9999.0, 22.55, 22.34, 22.11, 22.25, 22.25
2026-09-08, 00:41:32, 22.25, 22.25, 22.61, 22.7, 9999.0, 9999.0, 9999.0, 23.75, 9999.0, 22.5, 9999.0, 22.52, 22.32, 22.11, 22.25, 22.25
2026-09-08, 00:41:37, 22.25, 22.25, 22.59, 22.7, 9999.0, 9999.0, 9999.0, 23.77, 9999.0, 22.48, 9999.0, 22.5, 22.32, 22.09, 22.25, 22.25
2026-09-08, 00:41:41, 22.25, 22.25, 22.61, 22.68, 9999.0, 9999.0, 9999.0, 23.8, 9999.0, 22.43, 9999.0, 22.5, 22.3, 22.11, 22.25, 22.25
2026-09-08, 00:41:45, 22.25, 22.25, 22.61, 22.68, 9999.0, 9999.0, 9999.0, 23.82, 9999.0, 22.43, 9999.0, 22.52, 22.3, 22.11, 22.25, 22.25
2026-09-08, 00:41:49, 22.25, 22.27, 22.61, 22.66, 9999.0, 9999.0, 9999.0, 23.82, 9999.0, 22.41, 9999.0, 22.55, 22.3, 22.09, 22.25, 22.25
2026-09-08, 00:41:53, 22.25, 22.27, 22.59, 22.64, 9999.0, 9999.0, 9999.0, 23.8, 9999.0, 22.39, 9999.0, 22.57, 22.3, 22.11, 22.25, 22.25
2026-09-08, 00:41:57, 22.25, 22.27, 22.59, 22.64, 9999.0, 9999.0, 9999.0, 23.75, 9999.0, 22.36, 9999.0, 22.59, 22.32, 22.11, 22.25, 22.25
2026-09-08, 00:42:01, 22.25, 22.27, 22.61, 22.64, 9999.0, 9999.0, 9999.0, 23.7, 9999.0, 22.36, 9999.0, 22.61, 22.32, 22.14, 22.25, 22.25
2026-09-08, 00:42:05, 22.25, 22.27, 22.59, 22.64, 9999.0, 9999.0, 9999.0, 23.66, 9999.0, 22.36, 9999.0, 22.64, 22.32, 22.14, 22.25, 22.25
2026-09-08, 00:42:09, 22.25, 22.27, 22.61, 22.64, 9999.0, 9999.0, 9999.0, 23.64, 9999.0, 22.36, 9999.0, 22.64, 22.32, 22.14, 22.25, 22.25
2026-09-08, 00:42:13, 22.25, 22.27, 22.64, 22.66, 9999.0, 9999.0, 9999.0, 23.61, 9999.0, 22.36, 9999.0, 22.64, 22.34, 22.14, 22.25, 22.25
2026-09-08, 00:42:17, 22.25, 22.27, 22.66, 22.64, 9999.0, 9999.0, 9999.0, 23.59, 9999.0, 22.36, 9999.0, 22.66, 22.36, 22.14, 22.25, 22.25
2026-09-08, 00:42:21, 22.25, 22.27, 22.68, 22.64, 9999.0, 9999.0, 9999.0, 23.57, 9999.0, 22.39, 9999.0, 22.66, 22.39, 22.14, 22.25, 22.25
2026-09-08, 00:42:25, 22.25, 22.27, 22.66, 22.66, 9999.0, 9999.0, 9999.0, 23.61, 9999.0, 22.41, 9999.0, 22.66, 22.39, 22.11, 22.25, 22.25
2026-09-08, 00:42:29, 22.25, 22.27, 22.66, 22.66, 9999.0, 9999.0, 9999.0, 23.66, 9999.0, 22.41, 9999.0, 22.64, 22.36, 22.14, 22.25, 22.25
2026-09-08, 00:42:33, 22.25, 22.27, 22.66, 22.68, 9999.0, 9999.0, 9999.0, 23.7, 9999.0, 22.43, 9999.0, 22.61, 22.39, 22.14, 22.25, 22.25
2026-09-08, 00:42:37, 22.25, 22.27, 22.66, 22.68, 9999.0, 9999.0, 9999.0, 23.73, 9999.0, 22.45, 9999.0, 22.59, 22.39, 22.11, 22.25, 22.25
2026-09-08, 00:42:41, 22.25, 22.27, 22.68, 22.68, 9999.0, 9999.0, 9999.0, 23.77, 9999.0, 22.48, 9999.0, 22.57, 22.36, 22.11, 22.25, 22.25
2026-09-08, 00:42:45, 22.25, 22.27, 22.66, 22.68, 9999.0, 9999.0, 9999.0, 23.82, 9999.0, 22.5, 9999.0, 22.55, 22.36, 22.09, 22.25, 22.25
2026-09-08, 00:42:49, 22.25, 22.27, 22.66, 22.66, 9999.0, 9999.0, 9999.0, 23.86, 9999.0, 22.5, 9999.0, 22.52, 22.36, 22.09, 22.25, 22.25
2026-09-08, 00:42:53, 22.25, 22.27, 22.66, 22.64, 9999.0, 9999.0, 9999.0, 23.91, 9999.0, 22.5, 9999.0, 22.52, 22.34, 22.11, 22.25, 22.25
2026-09-08, 00:42:57, 22.25, 22.27, 22.66, 22.61, 9999.0, 9999.0, 9999.0, 23.93, 9999.0, 22.5, 9999.0, 22.52, 22.32, 22.09, 22.25, 22.25
2026-09-08, 00:43:01, 22.25, 22.27, 22.66, 22.61, 9999.0, 9999.0, 9999.0, 23.95, 9999.0, 22.5, 9999.0, 22.5, 22.3, 22.09, 22.25, 22.25
2026-09-08, 00:43:05, 22.25, 22.27, 22.64, 22.61, 9999.0, 9999.0, 9999.0, 23.98, 9999.0, 22.5, 9999.0, 22.5, 22.27, 22.09, 22.25, 22.25
2026-09-08, 00:43:09, 22.25, 22.27, 22.64, 22.59, 9999.0, 9999.0, 9999.0, 23.93, 9999.0, 22.48, 9999.0, 22.52, 22.3, 22.11, 22.25, 22.25
2026-09-08, 00:43:13, 22.25, 22.27, 22.61, 22.57, 9999.0, 9999.0, 9999.0, 23.89, 9999.0, 22.48, 9999.0, 22.55, 22.32, 22.11, 22.25, 22.25
2026-09-08, 00:43:17, 22.25, 22.27, 22.61, 22.57, 9999.0, 9999.0, 9999.0, 23.86, 9999.0, 22.45, 9999.0, 22.57, 22.3, 22.11, 22.25, 22.25
2026-09-08, 00:43:21, 22.25, 22.27, 22.64, 22.59, 9999.0, 9999.0, 9999.0, 23.82, 9999.0, 22.45, 9999.0, 22.59, 22.3, 22.14, 22.25, 22.25
2026-09-08, 00:43:25, 22.23, 22.3, 22.64, 22.57, 9999.0, 9999.0, 9999.0, 23.77, 9999.0, 22.45, 9999.0, 22.61, 22.3, 22.14, 22.25, 22.25
2026-09-08, 00:43:29, 22.23, 22.3, 22.66, 22.55, 9999.0, 9999.0, 9999.0, 23.73, 9999.0, 22.45, 9999.0, 22.64, 22.32, 22.14, 22.25, 22.25
2026-09-08, 00:43:33, 22.2, 22.32, 22.66, 22.57, 9999.0, 9999.0, 9999.0, 23.68, 9999.0, 22.45, 9999.0, 22.64, 22.34, 22.11, 22.25, 22.25
2026-09-08, 00:43:37, 22.2, 22.32, 22.66, 22.57, 9999.0, 9999.0, 9999.0, 23.64, 9999.0, 22.45, 9999.0, 22.64, 22.36, 22.09, 22.25, 22.25
2026-09-08, 00:43:41, 22.2, 22.32, 22.64, 22.57, 9999.0, 9999.0, 9999.0, 23.68, 9999.0, 22.45, 9999.0, 22.64, 22.36, 22.11, 22.25, 22.25
2026-09-08, 00:43:45, 22.2, 22.34, 22.64, 22.57, 9999.0, 9999.0, 9999.0, 23.73, 9999.0, 22.45, 9999.0, 22.64, 22.36, 22.14, 22.25, 22.25
2026-09-08, 00:43:49, 22.2, 22.34, 22.64, 22.59, 9999.0, 9999.0, 9999.0, 23.75, 9999.0, 22.45, 9999.0, 22.64, 22.36, 22.16, 22.25, 22.23
2026-09-08, 00:43:53, 22.2, 22.34, 22.66, 22.59, 9999.0, 9999.0, 9999.0, 23.77, 9999.0, 22.48, 9999.0, 22.61, 22.34, 22.16, 22.25, 22.23
2026-09-08, 00:43:57, 22.2, 22.34, 22.66, 22.59, 9999.0, 9999.0, 9999.0, 23.8, 9999.0, 22.48, 9999.0, 22.59, 22.34, 22.16, 22.25, 22.2
2026-09-08, 00:44:01, 22.2, 22.32, 22.64, 22.57, 9999.0, 9999.0, 9999.0, 23.82, 9999.0, 22.48, 9999.0, 22.57, 22.34, 22.16, 22.25, 22.18
2026-09-08, 00:44:05, 22.2, 22.32, 22.64, 22.57, 9999.0, 9999.0, 9999.0, 23.84, 9999.0, 22.48, 9999.0, 22.55, 22.34, 22.16, 22.25, 22.16
2026-09-08, 00:44:09, 22.23, 22.3, 22.64, 22.57, 9999.0, 9999.0, 9999.0, 23.89, 9999.0, 22.48, 9999.0, 22.52, 22.36, 22.14, 22.25, 22.16
2026-09-08, 00:44:13, 22.23, 22.3, 22.61, 22.57, 9999.0, 9999.0, 9999.0, 23.93, 9999.0, 22.45, 9999.0, 22.5, 22.34, 22.16, 22.25, 22.16
2026-09-08, 00:44:17, 22.25, 22.27, 22.64, 22.55, 9999.0, 9999.0, 9999.0, 23.95, 9999.0, 22.43, 9999.0, 22.5, 22.32, 22.16, 22.25, 22.16
2026-09-08, 00:44:21, 22.25, 22.27, 22.61, 22.55, 9999.0, 9999.0, 9999.0, 23.98, 9999.0, 22.41, 9999.0, 22.5, 22.3, 22.16, 22.25, 22.16
2026-09-08, 00:44:25, 22.25, 22.27, 22.61, 22.55, 9999.0, 9999.0, 9999.0, 23.93, 9999.0, 22.39, 9999.0, 22.52, 22.3, 22.16, 22.25, 22.16
2026-09-08, 00:44:29, 22.23, 22.25, 22.59, 22.57, 9999.0, 9999.0, 9999.0, 23.89, 9999.0, 22.39, 9999.0, 22.55, 22.3, 22.14, 22.25, 22.16
2026-09-08, 00:44:34, 22.23, 22.25, 22.59, 22.55, 9999.0, 9999.0, 9999.0, 23.84, 9999.0, 22.39, 9999.0, 22.57, 22.32, 22.14, 22.25, 22.18
2026-09-08, 00:44:38, 22.23, 22.25, 22.59, 22.55, 9999.0, 9999.0, 9999.0, 23.82, 9999.0, 22.39, 9999.0, 22.57, 22.32, 22.14, 22.25, 22.18
2026-09-08, 00:44:42, 22.23, 22.25, 22.59, 22.55, 9999.0, 9999.0, 9999.0, 23.77, 9999.0, 22.39, 9999.0, 22.57, 22.3, 22.11, 22.23, 22.2
2026-09-08, 00:44:46, 22.2, 22.25, 22.61, 22.55, 9999.0, 9999.0, 9999.0, 23.73, 9999.0, 22.43, 9999.0, 22.57, 22.32, 22.14, 22.2, 22.2
2026-09-08, 00:44:50, 22.2, 22.25, 22.59, 22.52, 9999.0, 9999.0, 9999.0, 23.7, 9999.0, 22.45, 9999.0, 22.59, 22.34, 22.11, 22.2, 22.23
2026-09-08, 00:44:54, 22.2, 22.25, 22.57, 22.52, 9999.0, 9999.0, 9999.0, 23.66, 9999.0, 22.45, 9999.0, 22.59, 22.34, 22.11, 22.2, 22.23
2026-09-08, 00:44:58, 22.2, 22.25, 22.57, 22.52, 9999.0, 9999.0, 9999.0, 23.68, 9999.0, 22.48, 9999.0, 22.59, 22.36, 22.11, 22.2, 22.23
2026-09-08, 00:45:02, 22.18, 22.25, 22.57, 22.52, 9999.0, 9999.0, 9999.0, 23.73, 9999.0, 22.5, 9999.0, 22.59, 22.39, 22.14, 22.2, 22.2
2026-09-08, 00:45:06, 22.18, 22.25, 22.59, 22.52, 9999.0, 9999.0, 9999.0, 23.77, 9999.0, 22.52, 9999.0, 22.59, 22.41, 22.14, 22.2, 22.2
2026-09-08, 00:45:10, 22.18, 22.25, 22.61, 22.52, 9999.0, 9999.0, 9999.0, 23.8, 9999.0, 22.55, 9999.0, 22.57, 22.41, 22.11, 22.2, 22.2
2026-09-08, 00:45:14, 22.2, 22.25, 22.64, 22.5, 9999.0, 9999.0, 9999.0, 23.82, 9999.0, 22.55, 9999.0, 22.55, 22.41, 22.11, 22.2, 22.2
2026-09-08, 00:45:18, 22.2, 22.25, 22.64, 22.5, 9999.0, 9999.0, 9999.0, 23.86, 9999.0, 22.55, 9999.0, 22.52, 22.39, 22.09, 22.2, 22.2
2026-09-08, 00:45:22, 22.2, 22.25, 22.61, 22.5, 9999.0, 9999.0, 9999.0, 23.89, 9999.0, 22.55, 9999.0, 22.52, 22.39, 22.07, 22.2, 22.2
2026-09-08, 00:45:26, 22.2, 22.25, 22.64, 22.5, 9999.0, 9999.0, 9999.0, 23.93, 9999.0, 22.55, 9999.0, 22.52, 22.39, 22.09, 22.23, 22.2
2026-09-08, 00:45:30, 22.23, 22.25, 22.64, 22.5, 9999.0, 9999.0, 9999.0, 23.95, 9999.0, 22.52, 9999.0, 22.52, 22.36, 22.07, 22.25, 22.23
2026-09-08, 00:45:34, 22.23, 22.25, 22.66, 22.5, 9999.0, 9999.0, 9999.0, 23.98, 9999.0, 22.48, 9999.0, 22.5, 22.34, 22.07, 22.25, 22.23
2026-09-08, 00:45:38, 22.23, 22.25, 22.66, 22.5, 9999.0, 9999.0, 9999.0, 24.0, 9999.0, 22.45, 9999.0, 22.5, 22.32, 22.09, 22.25, 22.23
2026-09-08, 00:45:42, 22.23, 22.25, 22.66, 22.52, 9999.0, 9999.0, 9999.0, 23.95, 9999.0, 22.43, 9999.0, 22.52, 22.3, 22.07, 22.25, 22.23
2026-09-08, 00:45:46, 22.25, 22.25, 22.64, 22.55, 9999.0, 9999.0, 9999.0, 23.91, 9999.0, 22.41, 9999.0, 22.55, 22.27, 22.05, 22.25, 22.25
2026-09-08, 00:45:50, 22.25, 22.27, 22.61, 22.57, 9999.0, 9999.0, 9999.0, 23.86, 9999.0, 22.39, 9999.0, 22.57, 22.25, 22.05, 22.25, 22.23
2026-09-08, 00:45:54, 22.25, 22.3, 22.59, 22.57, 9999.0, 9999.0, 9999.0, 23.84, 9999.0, 22.39, 9999.0, 22.59, 22.25, 22.07, 22.25, 22.23
2026-09-08, 00:45:58, 22.25, 22.3, 22.59, 22.57, 9999.0, 9999.0, 9999.0, 23.8, 9999.0, 22.39, 9999.0, 22.59, 22.25, 22.09, 22.25, 22.23
2026-09-08, 00:46:02, 22.25, 22.3, 22.59, 22.57, 9999.0, 9999.0, 9999.0, 23.75, 9999.0, 22.39, 9999.0, 22.61, 22.25, 22.11, 22.25, 22.23
2026-09-08, 00:46:06, 22.25, 22.3, 22.59, 22.57, 9999.0, 9999.0, 9999.0, 23.7, 9999.0, 22.39, 9999.0, 22.61, 22.25, 22.11, 22.25, 22.2
2026-09-08, 00:46:10, 22.25, 22.32, 22.59, 22.57, 9999.0, 9999.0, 9999.0, 23.66, 9999.0, 22.39, 9999.0, 22.61, 22.27, 22.09, 22.25, 22.2
2026-09-08, 00:46:14, 22.25, 22.34, 22.57, 22.57, 9999.0, 9999.0, 9999.0, 23.7, 9999.0, 22.39, 9999.0, 22.61, 22.27, 22.11, 22.25, 22.2
2026-09-08, 00:46:20, 22.25, 22.34, 22.57, 22.57, 9999.0, 9999.0, 9999.0, 23.75, 9999.0, 22.41, 9999.0, 22.61, 22.3, 22.11, 22.25, 22.2
2026-09-08, 00:46:24, 22.23, 22.34, 22.57, 22.57, 9999.0, 9999.0, 9999.0, 23.8, 9999.0, 22.43, 9999.0, 22.61, 22.3, 22.11, 22.25, 22.2
2026-09-08, 00:46:28, 22.23, 22.34, 22.57, 22.55, 9999.0, 9999.0, 9999.0, 23.82, 9999.0, 22.45, 9999.0, 22.59, 22.3, 22.11, 22.25, 22.2
2026-09-08, 00:46:32, 22.23, 22.34, 22.57, 22.52, 9999.0, 9999.0, 9999.0, 23.84, 9999.0, 22.48, 9999.0, 22.57, 22.3, 22.11, 22.23, 22.2
2026-09-08, 00:46:36, 22.23, 22.32, 22.57, 22.5, 9999.0, 9999.0, 9999.0, 23.84, 9999.0, 22.5, 9999.0, 22.55, 22.3, 22.11, 22.23, 22.2
2026-09-08, 00:46:40, 22.23, 22.3, 22.57, 22.5, 9999.0, 9999.0, 9999.0, 23.84, 9999.0, 22.48, 9999.0, 22.52, 22.3, 22.11, 22.23, 22.2
2026-09-08, 00:46:44, 22.23, 22.3, 22.57, 22.5, 9999.0, 9999.0, 9999.0, 23.86, 9999.0, 22.48, 9999.0, 22.52, 22.3, 22.11, 22.23, 22.18
2026-09-08, 00:46:48, 22.23, 22.3, 22.59, 22.5, 9999.0, 9999.0, 9999.0, 23.91, 9999.0, 22.45, 9999.0, 22.5, 22.3, 22.09, 22.23, 22.18
2026-09-08, 00:46:52, 22.23, 22.3, 22.59, 22.5, 9999.0, 9999.0, 9999.0, 23.93, 9999.0, 22.43, 9999.0, 22.5, 22.3, 22.09, 22.23, 22.18
2026-09-08, 00:46:56, 22.23, 22.27, 22.57, 22.5, 9999.0, 9999.0, 9999.0, 23.95, 9999.0, 22.41, 9999.0, 22.5, 22.27, 22.09, 22.23, 22.18
2026-09-08, 00:47:00, 22.23, 22.25, 22.57, 22.5, 9999.0, 9999.0, 9999.0, 23.91, 9999.0, 22.39, 9999.0, 22.52, 22.27, 22.07, 22.23, 22.18
2026-09-08, 00:47:04, 22.23, 22.25, 22.55, 22.5, 9999.0, 9999.0, 9999.0, 23.86, 9999.0, 22.36, 9999.0, 22.55, 22.25, 22.07, 22.23, 22.18
2026-09-08, 00:47:08, 22.25, 22.25, 22.55, 22.5, 9999.0, 9999.0, 9999.0, 23.8, 9999.0, 22.34, 9999.0, 22.57, 22.25, 22.07, 22.23, 22.18
2026-09-08, 00:47:12, 22.25, 22.25, 22.55, 22.5, 9999.0, 9999.0, 9999.0, 23.75, 9999.0, 22.34, 9999.0, 22.59, 22.27, 22.07, 22.23, 22.18
2026-09-08, 00:47:16, 22.25, 22.25, 22.55, 22.5, 9999.0, 9999.0, 9999.0, 23.7, 9999.0, 22.34, 9999.0, 22.59, 22.3, 22.07, 22.25, 22.18
2026-09-08, 00:47:20, 22.25, 22.25, 22.55, 22.5, 9999.0, 9999.0, 9999.0, 23.68, 9999.0, 22.34, 9999.0, 22.59, 22.3, 22.07, 22.25, 22.2
2026-09-08, 00:47:24, 22.25, 22.25, 22.55, 22.5, 9999.0, 9999.0, 9999.0, 23.66, 9999.0, 22.36, 9999.0, 22.59, 22.3, 22.07, 22.23, 22.2
2026-09-08, 00:47:28, 22.25, 22.25, 22.52, 22.5, 9999.0, 9999.0, 9999.0, 23.64, 9999.0, 22.36, 9999.0, 22.59, 22.3, 22.07, 22.23, 22.23
2026-09-08, 00:47:32, 22.25, 22.25, 22.5, 22.5, 9999.0, 9999.0, 9999.0, 23.66, 9999.0, 22.39, 9999.0, 22.59, 22.3, 22.09, 22.23, 22.23
2026-09-08, 00:47:36, 22.23, 22.25, 22.5, 22.5, 9999.0, 9999.0, 9999.0, 23.7, 9999.0, 22.41, 9999.0, 22.59, 22.3, 22.09, 22.23, 22.25
2026-09-08, 00:47:40, 22.23, 22.25, 22.5, 22.5, 9999.0, 9999.0, 9999.0, 23.73, 9999.0, 22.43, 9999.0, 22.59, 22.3, 22.11, 22.23, 22.25
2026-09-08, 00:47:44, 22.23, 22.25, 22.5, 22.5, 9999.0, 9999.0, 9999.0, 23.75, 9999.0, 22.45, 9999.0, 22.57, 22.3, 22.14, 22.23, 22.25
2026-09-08, 00:47:48, 22.23, 22.25, 22.52, 22.5, 9999.0, 9999.0, 9999.0, 23.77, 9999.0, 22.48, 9999.0, 22.55, 22.3, 22.14, 22.23, 22.23
2026-09-08, 00:47:52, 22.23, 22.25, 22.52, 22.5, 9999.0, 9999.0, 9999.0, 23.8, 9999.0, 22.5, 9999.0, 22.52, 22.3, 22.14, 22.23, 22.2
2026-09-08, 00:47:56, 22.23, 22.25, 22.55, 22.5, 9999.0, 9999.0, 9999.0, 23.82, 9999.0, 22.48, 9999.0, 22.5, 22.27, 22.14, 22.23, 22.2
2026-09-08, 00:48:00, 22.23, 22.25, 22.55, 22.5, 9999.0, 9999.0, 9999.0, 23.84, 9999.0, 22.45, 9999.0, 22.5, 22.25, 22.14, 22.23, 22.2
2026-09-08, 00:48:04, 22.2, 22.25, 22.55, 22.5, 9999.0, 9999.0, 9999.0, 23.89, 9999.0, 22.43, 9999.0, 22.48, 22.25, 22.14, 22.2, 22.18
2026-09-08, 00:48:08, 22.2, 22.25, 22.55, 22.5, 9999.0, 9999.0, 9999.0, 23.91, 9999.0, 22.41, 9999.0, 22.48, 22.25, 22.11, 22.23, 22.18
2026-09-08, 00:48:12, 22.2, 22.25, 22.55, 22.5, 9999.0, 9999.0, 9999.0, 23.93, 9999.0, 22.39, 9999.0, 22.48, 22.25, 22.09, 22.23, 22.18
2026-09-08, 00:48:16, 22.2, 22.25, 22.55, 22.5, 9999.0, 9999.0, 9999.0, 23.89, 9999.0, 22.36, 9999.0, 22.48, 22.25, 22.07, 22.23, 22.18
2026-09-08, 00:48:20, 22.23, 22.25, 22.55, 22.5, 9999.0, 9999.0, 9999.0, 23.84, 9999.0, 22.34, 9999.0, 22.5, 22.25, 22.07, 22.23, 22.18
2026-09-08, 00:48:24, 22.23, 22.25, 22.57, 22.5, 9999.0, 9999.0, 9999.0, 23.8, 9999.0, 22.32, 9999.0, 22.52, 22.25, 22.05, 22.23, 22.18
2026-09-08, 00:48:28, 22.23, 22.25, 22.57, 22.5, 9999.0, 9999.0, 9999.0, 23.75, 9999.0, 22.32, 9999.0, 22.55, 22.27, 22.02, 22.23, 22.18
2026-09-08, 00:48:32, 22.23, 22.25, 22.55, 22.5, 9999.0, 9999.0, 9999.0, 23.7, 9999.0, 22.32, 9999.0, 22.55, 22.27, 22.02, 22.23, 22.2
2026-09-08, 00:48:37, 22.23, 22.25, 22.55, 22.5, 9999.0, 9999.0, 9999.0, 23.68, 9999.0, 22.32, 9999.0, 22.55, 22.3, 22.02, 22.23, 22.23
2026-09-08, 00:48:41, 22.23, 22.25, 22.52, 22.5, 9999.0, 9999.0, 9999.0, 23.66, 9999.0, 22.34, 9999.0, 22.55, 22.32, 22.05, 22.23, 22.2
2026-09-08, 00:48:45, 22.23, 22.25, 22.52, 22.5, 9999.0, 9999.0, 9999.0, 23.61, 9999.0, 22.36, 9999.0, 22.55, 22.32, 22.05, 22.23, 22.2
2026-09-08, 00:48:49, 22.25, 22.25, 22.52, 22.5, 9999.0, 9999.0, 9999.0, 23.55, 9999.0, 22.39, 9999.0, 22.57, 22.32, 22.05, 22.25, 22.23
2026-09-08, 00:48:53, 22.25, 22.25, 22.52, 22.5, 9999.0, 9999.0, 9999.0, 23.57, 9999.0, 22.41, 9999.0, 22.57, 22.32, 22.05, 22.25, 22.2
2026-09-08, 00:48:57, 22.25, 22.25, 22.52, 22.5, 9999.0, 9999.0, 9999.0, 23.59, 9999.0, 22.43, 9999.0, 22.57, 22.34, 22.05, 22.25, 22.2
2026-09-08, 00:49:01, 22.25, 22.25, 22.52, 22.5, 9999.0, 9999.0, 9999.0, 23.61, 9999.0, 22.45, 9999.0, 22.57, 22.34, 22.05, 22.25, 22.2
2026-09-08, 00:49:05, 22.25, 22.25, 22.52, 22.5, 9999.0, 9999.0, 9999.0, 23.64, 9999.0, 22.45, 9999.0, 22.55, 22.34, 22.05, 22.25, 22.2
2026-09-08, 00:49:09, 22.25, 22.25, 22.5, 22.5, 9999.0, 9999.0, 9999.0, 23.68, 9999.0, 22.45, 9999.0, 22.52, 22.34, 22.05, 22.25, 22.18
2026-09-08, 00:49:13, 22.25, 22.25, 22.5, 22.5, 9999.0, 9999.0, 9999.0, 23.7, 9999.0, 22.43, 9999.0, 22.5, 22.32, 22.07, 22.25, 22.16
2026-09-08, 00:49:17, 22.25, 22.25, 22.5, 22.5, 9999.0, 9999.0, 9999.0, 23.73, 9999.0, 22.41, 9999.0, 22.5, 22.32, 22.07, 22.25, 22.16
2026-09-08, 00:49:21, 22.25, 22.25, 22.5, 22.5, 9999.0, 9999.0, 9999.0, 23.75, 9999.0, 22.39, 9999.0, 22.5, 22.3, 22.07, 22.25, 22.14
2026-09-08, 00:49:25, 22.25, 22.25, 22.5, 22.5, 9999.0, 9999.0, 9999.0, 23.77, 9999.0, 22.36, 9999.0, 22.5, 22.27, 22.05, 22.23, 22.16
2026-09-08, 00:49:29, 22.23, 22.25, 22.5, 22.5, 9999.0, 9999.0, 9999.0, 23.82, 9999.0, 22.34, 9999.0, 22.5, 22.27, 22.05, 22.23, 22.16
2026-09-08, 00:49:33, 22.23, 22.25, 22.52, 22.5, 9999.0, 9999.0, 9999.0, 23.86, 9999.0, 22.32, 9999.0, 22.5, 22.27, 22.05, 22.23, 22.14
2026-09-08, 00:49:37, 22.23, 22.25, 22.52, 22.5, 9999.0, 9999.0, 9999.0, 23.84, 9999.0, 22.3, 9999.0, 22.52, 22.27, 22.07, 22.23, 22.16
2026-09-08, 00:49:41, 22.23, 22.25, 22.52, 22.5, 9999.0, 9999.0, 9999.0, 23.8, 9999.0, 22.27, 9999.0, 22.55, 22.27, 22.07, 22.2, 22.14
2026-09-08, 00:49:45, 22.23, 22.25, 22.52, 22.5, 9999.0, 9999.0, 9999.0, 23.77, 9999.0, 22.25, 9999.0, 22.57, 22.3, 22.09, 22.2, 22.14
2026-09-08, 00:49:49, 22.23, 22.25, 22.52, 22.5, 9999.0, 9999.0, 9999.0, 23.73, 9999.0, 22.27, 9999.0, 22.59, 22.3, 22.11, 22.2, 22.11
2026-09-08, 00:49:53, 22.23, 22.25, 22.52, 22.5, 9999.0, 9999.0, 9999.0, 23.68, 9999.0, 22.27, 9999.0, 22.59, 22.3, 22.14, 22.2, 22.11
2026-09-08, 00:49:57, 22.23, 22.25, 22.52, 22.5, 9999.0, 9999.0, 9999.0, 23.66, 9999.0, 22.3, 9999.0, 22.59, 22.32, 22.14, 22.2, 22.14
2026-09-08, 00:50:01, 22.23, 22.25, 22.52, 22.5, 9999.0, 9999.0, 9999.0, 23.64, 9999.0, 22.32, 9999.0, 22.59, 22.34, 22.14, 22.2, 22.14
2026-09-08, 00:50:05, 22.23, 22.25, 22.55, 22.5, 9999.0, 9999.0, 9999.0, 23.61, 9999.0, 22.34, 9999.0, 22.59, 22.36, 22.11, 22.2, 22.16
2026-09-08, 00:50:09, 22.23, 22.25, 22.55, 22.5, 9999.0, 9999.0, 9999.0, 23.66, 9999.0, 22.36, 9999.0, 22.61, 22.36, 22.14, 22.23, 22.16
2026-09-08, 00:50:13, 22.25, 22.25, 22.55, 22.5, 9999.0, 9999.0, 9999.0, 23.7, 9999.0, 22.39, 9999.0, 22.61, 22.36, 22.14, 22.23, 22.16
2026-09-08, 00:50:17, 22.25, 22.25, 22.52, 22.5, 9999.0, 9999.0, 9999.0, 23.73, 9999.0, 22.39, 9999.0, 22.61, 22.36, 22.14, 22.23, 22.18
2026-09-08, 00:50:21, 22.25, 22.25, 22.52, 22.5, 9999.0, 9999.0, 9999.0, 23.75, 9999.0, 22.39, 9999.0, 22.59, 22.36, 22.14, 22.23, 22.18
2026-09-08, 00:50:25, 22.25, 22.25, 22.55, 22.5, 9999.0, 9999.0, 9999.0, 23.8, 9999.0, 22.39, 9999.0, 22.57, 22.34, 22.14, 22.23, 22.2
2026-09-08, 00:50:29, 22.25, 22.25, 22.55, 22.52, 9999.0, 9999.0, 9999.0, 23.82, 9999.0, 22.39, 9999.0, 22.55, 22.32, 22.11, 22.23, 22.2
2026-09-08, 00:50:33, 22.25, 22.25, 22.55, 22.52, 9999.0, 9999.0, 9999.0, 23.86, 9999.0, 22.36, 9999.0, 22.52, 22.32, 22.09, 22.23, 22.23
2026-09-08, 00:50:37, 22.25, 22.25, 22.55, 22.52, 9999.0, 9999.0, 9999.0, 23.91, 9999.0, 22.36, 9999.0, 22.52, 22.32, 22.09, 22.23, 22.25
2026-09-08, 00:50:41, 22.25, 22.25, 22.55, 22.52, 9999.0, 9999.0, 9999.0, 23.95, 9999.0, 22.34, 9999.0, 22.52, 22.3, 22.09, 22.23, 22.25
2026-09-08, 00:50:45, 22.25, 22.25, 22.55, 22.52, 9999.0, 9999.0, 9999.0, 23.98, 9999.0, 22.32, 9999.0, 22.52, 22.27, 22.09, 22.23, 22.23
2026-09-08, 00:50:49, 22.25, 22.25, 22.52, 22.52, 9999.0, 9999.0, 9999.0, 23.98, 9999.0, 22.3, 9999.0, 22.52, 22.25, 22.09, 22.23, 22.23
2026-09-08, 00:50:53, 22.25, 22.25, 22.52, 22.52, 9999.0, 9999.0, 9999.0, 23.93, 9999.0, 22.27, 9999.0, 22.52, 22.25, 22.07, 22.23, 22.2
2026-09-08, 00:50:57, 22.25, 22.25, 22.55, 22.52, 9999.0, 9999.0, 9999.0, 23.86, 9999.0, 22.23, 9999.0, 22.55, 22.25, 22.09, 22.23, 22.2
2026-09-08, 00:51:01, 22.25, 22.25, 22.57, 22.55, 9999.0, 9999.0, 9999.0, 23.82, 9999.0, 22.2, 9999.0, 22.57, 22.25, 22.11, 22.2, 22.2
2026-09-08, 00:51:05, 22.25, 22.25, 22.57, 22.55, 9999.0, 9999.0, 9999.0, 23.77, 9999.0, 22.2, 9999.0, 22.59, 22.25, 22.09, 22.2, 22.2
2026-09-08, 00:51:09, 22.25, 22.25, 22.55, 22.55, 9999.0, 9999.0, 9999.0, 23.73, 9999.0, 22.2, 9999.0, 22.59, 22.25, 22.09, 22.23, 22.2
2026-09-08, 00:51:13, 22.25, 22.25, 22.55, 22.52, 9999.0, 9999.0, 9999.0, 23.68, 9999.0, 22.23, 9999.0, 22.59, 22.25, 22.09, 22.23, 22.2
2026-09-08, 00:51:17, 22.25, 22.25, 22.55, 22.52, 9999.0, 9999.0, 9999.0, 23.64, 9999.0, 22.25, 9999.0, 22.59, 22.25, 22.11, 22.23, 22.2
2026-09-08, 00:51:21, 22.25, 22.25, 22.57, 22.55, 9999.0, 9999.0, 9999.0, 23.59, 9999.0, 22.25, 9999.0, 22.59, 22.27, 22.11, 22.23, 22.18
2026-09-08, 00:51:25, 22.25, 22.25, 22.57, 22.55, 9999.0, 9999.0, 9999.0, 23.61, 9999.0, 22.27, 9999.0, 22.59, 22.27, 22.09, 22.23, 22.18
2026-09-08, 00:51:29, 22.25, 22.25, 22.57, 22.55, 9999.0, 9999.0, 9999.0, 23.64, 9999.0, 22.27, 9999.0, 22.59, 22.27, 22.09, 22.23, 22.2
2026-09-08, 00:51:33, 22.25, 22.25, 22.57, 22.55, 9999.0, 9999.0, 9999.0, 23.68, 9999.0, 22.27, 9999.0, 22.59, 22.27, 22.11, 22.23, 22.2
2026-09-08, 00:51:37, 22.25, 22.25, 22.57, 22.55, 9999.0, 9999.0, 9999.0, 23.7, 9999.0, 22.27, 9999.0, 22.57, 22.27, 22.11, 22.2, 22.23
2026-09-08, 00:51:41, 22.25, 22.25, 22.55, 22.55, 9999.0, 9999.0, 9999.0, 23.75, 9999.0, 22.3, 9999.0, 22.55, 22.27, 22.11, 22.2, 22.2
2026-09-08, 00:51:45, 22.25, 22.25, 22.52, 22.52, 9999.0, 9999.0, 9999.0, 23.77, 9999.0, 22.32, 9999.0, 22.52, 22.27, 22.11, 22.23, 22.2
2026-09-08, 00:51:49, 22.25, 22.25, 22.52, 22.52, 9999.0, 9999.0, 9999.0, 23.8, 9999.0, 22.32, 9999.0, 22.5, 22.27, 22.11, 22.23, 22.2
2026-09-08, 00:51:53, 22.25, 22.25, 22.55, 22.52, 9999.0, 9999.0, 9999.0, 23.82, 9999.0, 22.32, 9999.0, 22.48, 22.27, 22.11, 22.23, 22.18
2026-09-08, 00:51:57, 22.25, 22.25, 22.55, 22.52, 9999.0, 9999.0, 9999.0, 23.84, 9999.0, 22.3, 9999.0, 22.48, 22.27, 22.14, 22.2, 22.16
2026-09-08, 00:52:01, 22.25, 22.27, 22.55, 22.52, 9999.0, 9999.0, 9999.0, 23.86, 9999.0, 22.25, 9999.0, 22.48, 22.27, 22.14, 22.2, 22.16
2026-09-08, 00:52:05, 22.25, 22.27, 22.52, 22.5, 9999.0, 9999.0, 9999.0, 23.89, 9999.0, 22.23, 9999.0, 22.48, 22.25, 22.14, 22.2, 22.16
2026-09-08, 00:52:09, 22.25, 22.27, 22.52, 22.5, 9999.0, 9999.0, 9999.0, 23.84, 9999.0, 22.18, 9999.0, 22.5, 22.25, 22.14, 22.2, 22.16
2026-09-08, 00:52:13, 22.25, 22.27, 22.52, 22.5, 9999.0, 9999.0, 9999.0, 23.82, 9999.0, 22.16, 9999.0, 22.52, 22.25, 22.14, 22.2, 22.16
2026-09-08, 00:52:17, 22.25, 22.27, 22.52, 22.5, 9999.0, 9999.0, 9999.0, 23.77, 9999.0, 22.14, 9999.0, 22.55, 22.25, 22.14, 22.2, 22.16
2026-09-08, 00:52:21, 22.25, 22.27, 22.52, 22.52, 9999.0, 9999.0, 9999.0, 23.73, 9999.0, 22.14, 9999.0, 22.57, 22.25, 22.16, 22.23, 22.14
2026-09-08, 00:52:25, 22.25, 22.27, 22.52, 22.52, 9999.0, 9999.0, 9999.0, 23.68, 9999.0, 22.14, 9999.0, 22.59, 22.25, 22.14, 22.23, 22.16
2026-09-08, 00:52:30, 22.25, 22.27, 22.52, 22.55, 9999.0, 9999.0, 9999.0, 23.66, 9999.0, 22.14, 9999.0, 22.59, 22.25, 22.11, 22.23, 22.16
2026-09-08, 00:52:34, 22.25, 22.27, 22.55, 22.55, 9999.0, 9999.0, 9999.0, 23.61, 9999.0, 22.16, 9999.0, 22.59, 22.27, 22.14, 22.23, 22.16
2026-09-08, 00:52:38, 22.25, 22.27, 22.55, 22.55, 9999.0, 9999.0, 9999.0, 23.57, 9999.0, 22.18, 9999.0, 22.61, 22.3, 22.16, 22.23, 22.18
2026-09-08, 00:52:42, 22.25, 22.27, 22.55, 22.55, 9999.0, 9999.0, 9999.0, 23.61, 9999.0, 22.18, 9999.0, 22.61, 22.3, 22.16, 22.23, 22.2
2026-09-08, 00:52:46, 22.25, 22.25, 22.55, 22.55, 9999.0, 9999.0, 9999.0, 23.66, 9999.0, 22.2, 9999.0, 22.61, 22.32, 22.16, 22.23, 22.2
2026-09-08, 00:52:50, 22.25, 22.25, 22.55, 22.55, 9999.0, 9999.0, 9999.0, 23.68, 9999.0, 22.23, 9999.0, 22.61, 22.32, 22.14, 22.23, 22.23
2026-09-08, 00:52:54, 22.25, 22.25, 22.55, 22.55, 9999.0, 9999.0, 9999.0, 23.7, 9999.0, 22.25, 9999.0, 22.59, 22.32, 22.14, 22.23, 22.23
2026-09-08, 00:52:58, 22.25, 22.25, 22.55, 22.55, 9999.0, 9999.0, 9999.0, 23.73, 9999.0, 22.27, 9999.0, 22.57, 22.32, 22.14, 22.23, 22.23
2026-09-08, 00:53:02, 22.25, 22.25, 22.55, 22.55, 9999.0, 9999.0, 9999.0, 23.75, 9999.0, 22.3, 9999.0, 22.55, 22.34, 22.11, 22.2, 22.23
2026-09-08, 00:53:06, 22.25, 22.25, 22.55, 22.52, 9999.0, 9999.0, 9999.0, 23.77, 9999.0, 22.3, 9999.0, 22.52, 22.36, 22.11, 22.18, 22.25
2026-09-08, 00:53:10, 22.25, 22.25, 22.55, 22.52, 9999.0, 9999.0, 9999.0, 23.8, 9999.0, 22.3, 9999.0, 22.5, 22.39, 22.11, 22.18, 22.25
2026-09-08, 00:53:14, 22.25, 22.25, 22.55, 22.5, 9999.0, 9999.0, 9999.0, 23.82, 9999.0, 22.3, 9999.0, 22.48, 22.39, 22.11, 22.18, 22.25
2026-09-08, 00:53:18, 22.25, 22.25, 22.52, 22.5, 9999.0, 9999.0, 9999.0, 23.86, 9999.0, 22.25, 9999.0, 22.48, 22.36, 22.09, 22.18, 22.25
2026-09-08, 00:53:22, 22.25, 22.25, 22.5, 22.5, 9999.0, 9999.0, 9999.0, 23.91, 9999.0, 22.23, 9999.0, 22.48, 22.34, 22.07, 22.18, 22.23
2026-09-08, 00:53:26, 22.25, 22.25, 22.5, 22.5, 9999.0, 9999.0, 9999.0, 23.86, 9999.0, 22.2, 9999.0, 22.48, 22.34, 22.05, 22.2, 22.23
2026-09-08, 00:53:30, 22.25, 22.25, 22.5, 22.5, 9999.0, 9999.0, 9999.0, 23.82, 9999.0, 22.18, 9999.0, 22.5, 22.32, 22.05, 22.2, 22.2
2026-09-08, 00:53:34, 22.25, 22.25, 22.52, 22.5, 9999.0, 9999.0, 9999.0, 23.77, 9999.0, 22.16, 9999.0, 22.52, 22.34, 22.05, 22.2, 22.2
2026-09-08, 00:53:38, 22.23, 22.25, 22.52, 22.5, 9999.0, 9999.0, 9999.0, 23.75, 9999.0, 22.16, 9999.0, 22.52, 22.34, 22.07, 22.2, 22.2
2026-09-08, 00:53:42, 22.23, 22.25, 22.55, 22.52, 9999.0, 9999.0, 9999.0, 23.7, 9999.0, 22.16, 9999.0, 22.52, 22.34, 22.07, 22.2, 22.2
2026-09-08, 00:53:46, 22.23, 22.25, 22.55, 22.52, 9999.0, 9999.0, 9999.0, 23.68, 9999.0, 22.16, 9999.0, 22.55, 22.34, 22.09, 22.23, 22.2
2026-09-08, 00:53:50, 22.23, 22.25, 22.55, 22.52, 9999.0, 9999.0, 9999.0, 23.66, 9999.0, 22.18, 9999.0, 22.55, 22.34, 22.09, 22.25, 22.2
2026-09-08, 00:53:54, 22.23, 22.25, 22.55, 22.52, 9999.0, 9999.0, 9999.0, 23.64, 9999.0, 22.2, 9999.0, 22.57, 22.34, 22.11, 22.25, 22.2
2026-09-08, 00:53:58, 22.23, 22.25, 22.55, 22.52, 9999.0, 9999.0, 9999.0, 23.59, 9999.0, 22.2, 9999.0, 22.59, 22.36, 22.14, 22.23, 22.2
2026-09-08, 00:54:02, 22.23, 22.25, 22.55, 22.52, 9999.0, 9999.0, 9999.0, 23.64, 9999.0, 22.23, 9999.0, 22.59, 22.36, 22.16, 22.23, 22.2
2026-09-08, 00:54:06, 22.23, 22.25, 22.55, 22.52, 9999.0, 9999.0, 9999.0, 23.66, 9999.0, 22.23, 9999.0, 22.59, 22.39, 22.16, 22.23, 22.23
2026-09-08, 00:54:10, 22.2, 22.25, 22.57, 22.52, 9999.0, 9999.0, 9999.0, 23.68, 9999.0, 22.25, 9999.0, 22.59, 22.39, 22.18, 22.23, 22.23
2026-09-08, 00:54:14, 22.2, 22.25, 22.59, 22.55, 9999.0, 9999.0, 9999.0, 23.7, 9999.0, 22.27, 9999.0, 22.57, 22.41, 22.18, 22.23, 22.25
2026-09-08, 00:54:18, 22.2, 22.25, 22.57, 22.55, 9999.0, 9999.0, 9999.0, 23.73, 9999.0, 22.3, 9999.0, 22.55, 22.39, 22.2, 22.2, 22.25
2026-09-08, 00:54:22, 22.23, 22.25, 22.57, 22.55, 9999.0, 9999.0, 9999.0, 23.73, 9999.0, 22.27, 9999.0, 22.55, 22.39, 22.18, 22.2, 22.25
2026-09-08, 00:54:26, 22.2, 22.25, 22.55, 22.52, 9999.0, 9999.0, 9999.0, 23.75, 9999.0, 22.25, 9999.0, 22.55, 22.39, 22.2, 22.2, 22.23
2026-09-08, 00:54:30, 22.18, 22.25, 22.55, 22.52, 9999.0, 9999.0, 9999.0, 23.77, 9999.0, 22.23, 9999.0, 22.52, 22.36, 22.18, 22.2, 22.23
2026-09-08, 00:54:34, 22.18, 22.25, 22.55, 22.52, 9999.0, 9999.0, 9999.0, 23.82, 9999.0, 22.18, 9999.0, 22.52, 22.34, 22.16, 22.2, 22.23
2026-09-08, 00:54:38, 22.18, 22.25, 22.55, 22.52, 9999.0, 9999.0, 9999.0, 23.84, 9999.0, 22.14, 9999.0, 22.5, 22.32, 22.14, 22.2, 22.23
2026-09-08, 00:54:42, 22.16, 22.25, 22.55, 22.52, 9999.0, 9999.0, 9999.0, 23.89, 9999.0, 22.11, 9999.0, 22.5, 22.3, 22.11, 22.23, 22.23
2026-09-08, 00:54:46, 22.16, 22.25, 22.57, 22.52, 9999.0, 9999.0, 9999.0, 23.82, 9999.0, 22.07, 9999.0, 22.52, 22.32, 22.11, 22.23, 22.23
2026-09-08, 00:54:50, 22.16, 22.25, 22.57, 22.55, 9999.0, 9999.0, 9999.0, 23.77, 9999.0, 22.05, 9999.0, 22.55, 22.3, 22.11, 22.23, 22.23
2026-09-08, 00:54:54, 22.18, 22.25, 22.55, 22.55, 9999.0, 9999.0, 9999.0, 23.73, 9999.0, 22.02, 9999.0, 22.57, 22.3, 22.09, 22.23, 22.23
2026-09-08, 00:54:58, 22.18, 22.25, 22.52, 22.55, 9999.0, 9999.0, 9999.0, 23.68, 9999.0, 22.02, 9999.0, 22.59, 22.27, 22.07, 22.23, 22.23
2026-09-08, 00:55:02, 22.18, 22.25, 22.52, 22.55, 9999.0, 9999.0, 9999.0, 23.64, 9999.0, 22.02, 9999.0, 22.61, 22.27, 22.07, 22.25, 22.23
2026-09-08, 00:55:06, 22.18, 22.25, 22.52, 22.57, 9999.0, 9999.0, 9999.0, 23.59, 9999.0, 22.05, 9999.0, 22.61, 22.3, 22.09, 22.25, 22.23
2026-09-08, 00:55:10, 22.18, 22.25, 22.55, 22.57, 9999.0, 9999.0, 9999.0, 23.55, 9999.0, 22.07, 9999.0, 22.61, 22.3, 22.09, 22.25, 22.25
2026-09-08, 00:55:14, 22.2, 22.27, 22.57, 22.57, 9999.0, 9999.0, 9999.0, 23.5, 9999.0, 22.09, 9999.0, 22.61, 22.32, 22.11, 22.25, 22.25
2026-09-08, 00:55:18, 22.18, 22.27, 22.57, 22.57, 9999.0, 9999.0, 9999.0, 23.52, 9999.0, 22.11, 9999.0, 22.61, 22.32, 22.14, 22.25, 22.25
2026-09-08, 00:55:22, 22.18, 22.27, 22.59, 22.57, 9999.0, 9999.0, 9999.0, 23.55, 9999.0, 22.14, 9999.0, 22.61, 22.32, 22.16, 22.25, 22.25
2026-09-08, 00:55:26, 22.2, 22.27, 22.59, 22.57, 9999.0, 9999.0, 9999.0, 23.57, 9999.0, 22.16, 9999.0, 22.61, 22.32, 22.16, 22.25, 22.25
2026-09-08, 00:55:30, 22.2, 22.27, 22.57, 22.57, 9999.0, 9999.0, 9999.0, 23.61, 9999.0, 22.18, 9999.0, 22.59, 22.3, 22.16, 22.25, 22.25
2026-09-08, 00:55:34, 22.2, 22.27, 22.59, 22.55, 9999.0, 9999.0, 9999.0, 23.64, 9999.0, 22.18, 9999.0, 22.57, 22.3, 22.18, 22.25, 22.25
2026-09-08, 00:55:38, 22.18, 22.27, 22.59, 22.55, 9999.0, 9999.0, 9999.0, 23.66, 9999.0, 22.18, 9999.0, 22.55, 22.3, 22.2, 22.25, 22.25
2026-09-08, 00:55:42, 22.16, 22.27, 22.59, 22.52, 9999.0, 9999.0, 9999.0, 23.68, 9999.0, 22.16, 9999.0, 22.52, 22.3, 22.23, 22.25, 22.25
2026-09-08, 00:55:46, 22.16, 22.27, 22.59, 22.52, 9999.0, 9999.0, 9999.0, 23.73, 9999.0, 22.14, 9999.0, 22.5, 22.3, 22.23, 22.25, 22.25
2026-09-08, 00:55:50, 22.16, 22.27, 22.61, 22.5, 9999.0, 9999.0, 9999.0, 23.77, 9999.0, 22.11, 9999.0, 22.5, 22.27, 22.23, 22.25, 22.25
2026-09-08, 00:55:54, 22.18, 22.27, 22.61, 22.5, 9999.0, 9999.0, 9999.0, 23.82, 9999.0, 22.09, 9999.0, 22.5, 22.27, 22.2, 22.25, 22.25
2026-09-08, 00:55:58, 22.18, 22.25, 22.59, 22.5, 9999.0, 9999.0, 9999.0, 23.84, 9999.0, 22.07, 9999.0, 22.52, 22.25, 22.18, 22.25, 22.25
2026-09-08, 00:56:02, 22.2, 22.25, 22.59, 22.5, 9999.0, 9999.0, 9999.0, 23.77, 9999.0, 22.05, 9999.0, 22.52, 22.25, 22.18, 22.25, 22.23
2026-09-08, 00:56:06, 22.2, 22.25, 22.57, 22.5, 9999.0, 9999.0, 9999.0, 23.73, 9999.0, 22.02, 9999.0, 22.55, 22.27, 22.18, 22.25, 22.23
2026-09-08, 00:56:10, 22.2, 22.25, 22.57, 22.5, 9999.0, 9999.0, 9999.0, 23.68, 9999.0, 22.0, 9999.0, 22.57, 22.27, 22.2, 22.25, 22.23
2026-09-08, 00:56:15, 22.2, 22.25, 22.59, 22.5, 9999.0, 9999.0, 9999.0, 23.61, 9999.0, 22.02, 9999.0, 22.59, 22.3, 22.2, 22.25, 22.23
2026-09-08, 00:56:19, 22.18, 22.27, 22.59, 22.5, 9999.0, 9999.0, 9999.0, 23.57, 9999.0, 22.05, 9999.0, 22.59, 22.3, 22.2, 22.25, 22.23
2026-09-08, 00:56:23, 22.2, 22.27, 22.61, 22.5, 9999.0, 9999.0, 9999.0, 23.52, 9999.0, 22.07, 9999.0, 22.59, 22.32, 22.18, 22.25, 22.23
2026-09-08, 00:56:27, 22.23, 22.27, 22.64, 22.52, 9999.0, 9999.0, 9999.0, 23.48, 9999.0, 22.11, 9999.0, 22.61, 22.34, 22.18, 22.25, 22.23
2026-09-08, 00:56:31, 22.23, 22.27, 22.64, 22.52, 9999.0, 9999.0, 9999.0, 23.43, 9999.0, 22.16, 9999.0, 22.64, 22.36, 22.16, 22.25, 22.23
2026-09-08, 00:56:35, 22.23, 22.27, 22.64, 22.55, 9999.0, 9999.0, 9999.0, 23.45, 9999.0, 22.18, 9999.0, 22.66, 22.39, 22.14, 22.25, 22.23
2026-09-08, 00:56:39, 22.23, 22.27, 22.61, 22.55, 9999.0, 9999.0, 9999.0, 23.48, 9999.0, 22.2, 9999.0, 22.66, 22.39, 22.14, 22.25, 22.23
2026-09-08, 00:56:43, 22.23, 22.27, 22.61, 22.57, 9999.0, 9999.0, 9999.0, 23.5, 9999.0, 22.23, 9999.0, 22.64, 22.39, 22.14, 22.25, 22.23
2026-09-08, 00:56:47, 22.23, 22.27, 22.61, 22.59, 9999.0, 9999.0, 9999.0, 23.52, 9999.0, 22.25, 9999.0, 22.64, 22.41, 22.14, 22.25, 22.25
2026-09-08, 00:56:51, 22.23, 22.27, 22.61, 22.59, 9999.0, 9999.0, 9999.0, 23.55, 9999.0, 22.27, 9999.0, 22.61, 22.41, 22.14, 22.25, 22.25
2026-09-08, 00:56:55, 22.23, 22.27, 22.64, 22.59, 9999.0, 9999.0, 9999.0, 23.57, 9999.0, 22.3, 9999.0, 22.59, 22.43, 22.11, 22.25, 22.25
2026-09-08, 00:56:59, 22.23, 22.27, 22.64, 22.59, 9999.0, 9999.0, 9999.0, 23.61, 9999.0, 22.27, 9999.0, 22.57, 22.41, 22.11, 22.25, 22.25
2026-09-08, 00:57:03, 22.25, 22.25, 22.64, 22.61, 9999.0, 9999.0, 9999.0, 23.66, 9999.0, 22.25, 9999.0, 22.57, 22.41, 22.11, 22.25, 22.25
2026-09-08, 00:57:07, 22.25, 22.25, 22.64, 22.61, 9999.0, 9999.0, 9999.0, 23.7, 9999.0, 22.23, 9999.0, 22.57, 22.39, 22.14, 22.25, 22.25
2026-09-08, 00:57:11, 22.25, 22.25, 22.61, 22.61, 9999.0, 9999.0, 9999.0, 23.75, 9999.0, 22.18, 9999.0, 22.57, 22.36, 22.11, 22.25, 22.25
2026-09-08, 00:57:15, 22.25, 22.25, 22.61, 22.61, 9999.0, 9999.0, 9999.0, 23.77, 9999.0, 22.14, 9999.0, 22.55, 22.34, 22.14, 22.23, 22.25
2026-09-08, 00:57:19, 22.25, 22.25, 22.59, 22.59, 9999.0, 9999.0, 9999.0, 23.73, 9999.0, 22.11, 9999.0, 22.55, 22.32, 22.14, 22.23, 22.25
2026-09-08, 00:57:23, 22.25, 22.25, 22.59, 22.59, 9999.0, 9999.0, 9999.0, 23.68, 9999.0, 22.09, 9999.0, 22.57, 22.34, 22.16, 22.23, 22.25
2026-09-08, 00:57:27, 22.25, 22.25, 22.59, 22.57, 9999.0, 9999.0, 9999.0, 23.66, 9999.0, 22.05, 9999.0, 22.59, 22.36, 22.16, 22.23, 22.25
2026-09-08, 00:57:31, 22.25, 22.25, 22.59, 22.55, 9999.0, 9999.0, 9999.0, 23.64, 9999.0, 22.05, 9999.0, 22.61, 22.36, 22.14, 22.23, 22.25
2026-09-08, 00:57:35, 22.23, 22.25, 22.61, 22.55, 9999.0, 9999.0, 9999.0, 23.59, 9999.0, 22.02, 9999.0, 22.61, 22.34, 22.14, 22.23, 22.25
2026-09-08, 00:57:39, 22.23, 22.25, 22.59, 22.57, 9999.0, 9999.0, 9999.0, 23.57, 9999.0, 22.0, 9999.0, 22.61, 22.34, 22.16, 22.23, 22.25
2026-09-08, 00:57:43, 22.23, 22.25, 22.57, 22.59, 9999.0, 9999.0, 9999.0, 23.55, 9999.0, 22.02, 9999.0, 22.61, 22.34, 22.16, 22.23, 22.25
2026-09-08, 00:57:47, 22.23, 22.25, 22.55, 22.57, 9999.0, 9999.0, 9999.0, 23.5, 9999.0, 22.05, 9999.0, 22.64, 22.36, 22.16, 22.23, 22.25
2026-09-08, 00:57:51, 22.2, 22.25, 22.52, 22.57, 9999.0, 9999.0, 9999.0, 23.45, 9999.0, 22.07, 9999.0, 22.64, 22.36, 22.16, 22.23, 22.25
2026-09-08, 00:57:55, 22.2, 22.25, 22.52, 22.55, 9999.0, 9999.0, 9999.0, 23.48, 9999.0, 22.09, 9999.0, 22.61, 22.36, 22.18, 22.23, 22.25
2026-09-08, 00:57:59, 22.2, 22.27, 22.52, 22.55, 9999.0, 9999.0, 9999.0, 23.52, 9999.0, 22.11, 9999.0, 22.61, 22.36, 22.18, 22.25, 22.25
2026-09-08, 00:58:03, 22.2, 22.27, 22.52, 22.57, 9999.0, 9999.0, 9999.0, 23.55, 9999.0, 22.14, 9999.0, 22.59, 22.36, 22.18, 22.25, 22.25
2026-09-08, 00:58:07, 22.2, 22.27, 22.52, 22.57, 9999.0, 9999.0, 9999.0, 23.57, 9999.0, 22.16, 9999.0, 22.57, 22.34, 22.16, 22.25, 22.25
2026-09-08, 00:58:11, 22.18, 22.27, 22.52, 22.59, 9999.0, 9999.0, 9999.0, 23.59, 9999.0, 22.18, 9999.0, 22.55, 22.32, 22.18, 22.25, 22.25
2026-09-08, 00:58:15, 22.18, 22.27, 22.52, 22.61, 9999.0, 9999.0, 9999.0, 23.61, 9999.0, 22.16, 9999.0, 22.52, 22.3, 22.2, 22.25, 22.25
2026-09-08, 00:58:19, 22.2, 22.27, 22.5, 22.61, 9999.0, 9999.0, 9999.0, 23.66, 9999.0, 22.16, 9999.0, 22.52, 22.3, 22.2, 22.25, 22.25
2026-09-08, 00:58:23, 22.2, 22.27, 22.5, 22.61, 9999.0, 9999.0, 9999.0, 23.68, 9999.0, 22.16, 9999.0, 22.52, 22.27, 22.18, 22.25, 22.25
2026-09-08, 00:58:27, 22.2, 22.27, 22.5, 22.61, 9999.0, 9999.0, 9999.0, 23.7, 9999.0, 22.11, 9999.0, 22.52, 22.27, 22.18, 22.25, 22.25
2026-09-08, 00:58:31, 22.2, 22.27, 22.5, 22.61, 9999.0, 9999.0, 9999.0, 23.75, 9999.0, 22.09, 9999.0, 22.52, 22.25, 22.18, 22.25, 22.25
2026-09-08, 00:58:35, 22.23, 22.27, 22.5, 22.64, 9999.0, 9999.0, 9999.0, 23.77, 9999.0, 22.07, 9999.0, 22.55, 22.25, 22.16, 22.25, 22.25
2026-09-08, 00:58:39, 22.23, 22.27, 22.5, 22.66, 9999.0, 9999.0, 9999.0, 23.73, 9999.0, 22.02, 9999.0, 22.57, 22.25, 22.16, 22.25, 22.25
2026-09-08, 00:58:43, 22.23, 22.25, 22.52, 22.66, 9999.0, 9999.0, 9999.0, 23.68, 9999.0, 22.0, 9999.0, 22.59, 22.25, 22.14, 22.25, 22.25
2026-09-08, 00:58:47, 22.23, 22.25, 22.55, 22.64, 9999.0, 9999.0, 9999.0, 23.66, 9999.0, 21.95, 9999.0, 22.61, 22.25, 22.16, 22.25, 22.25
2026-09-08, 00:58:51, 22.23, 22.25, 22.55, 22.64, 9999.0, 9999.0, 9999.0, 23.64, 9999.0, 21.95, 9999.0, 22.64, 22.27, 22.18, 22.25, 22.25
2026-09-08, 00:58:55, 22.25, 22.25, 22.55, 22.64, 9999.0, 9999.0, 9999.0, 23.59, 9999.0, 21.95, 9999.0, 22.64, 22.3, 22.16, 22.25, 22.25
2026-09-08, 00:58:59, 22.25, 22.25, 22.55, 22.64, 9999.0, 9999.0, 9999.0, 23.55, 9999.0, 21.98, 9999.0, 22.66, 22.32, 22.16, 22.25, 22.25
2026-09-08, 00:59:03, 22.25, 22.25, 22.55, 22.66, 9999.0, 9999.0, 9999.0, 23.5, 9999.0, 22.0, 9999.0, 22.66, 22.34, 22.16, 22.25, 22.25
2026-09-08, 00:59:07, 22.23, 22.25, 22.55, 22.66, 9999.0, 9999.0, 9999.0, 23.45, 9999.0, 22.02, 9999.0, 22.66, 22.36, 22.18, 22.25, 22.25
2026-09-08, 00:59:11, 22.23, 22.25, 22.55, 22.66, 9999.0, 9999.0, 9999.0, 23.48, 9999.0, 22.05, 9999.0, 22.66, 22.39, 22.16, 22.25, 22.25
2026-09-08, 00:59:15, 22.23, 22.25, 22.55, 22.66, 9999.0, 9999.0, 9999.0, 23.48, 9999.0, 22.05, 9999.0, 22.64, 22.39, 22.14, 22.25, 22.25
2026-09-08, 00:59:19, 22.23, 22.25, 22.55, 22.66, 9999.0, 9999.0, 9999.0, 23.5, 9999.0, 22.05, 9999.0, 22.61, 22.39, 22.16, 22.25, 22.25
2026-09-08, 00:59:23, 22.23, 22.25, 22.55, 22.66, 9999.0, 9999.0, 9999.0, 23.52, 9999.0, 22.07, 9999.0, 22.59, 22.41, 22.16, 22.25, 22.25
2026-09-08, 00:59:27, 22.23, 22.25, 22.55, 22.66, 9999.0, 9999.0, 9999.0, 23.55, 9999.0, 22.07, 9999.0, 22.57, 22.41, 22.18, 22.25, 22.25
2026-09-08, 00:59:31, 22.23, 22.25, 22.52, 22.68, 9999.0, 9999.0, 9999.0, 23.57, 9999.0, 22.09, 9999.0, 22.55, 22.41, 22.18, 22.25, 22.25
2026-09-08, 00:59:35, 22.23, 22.25, 22.52, 22.68, 9999.0, 9999.0, 9999.0, 23.57, 9999.0, 22.07, 9999.0, 22.52, 22.39, 22.16, 22.25, 22.25
2026-09-08, 00:59:39, 22.23, 22.25, 22.52, 22.68, 9999.0, 9999.0, 9999.0, 23.61, 9999.0, 22.07, 9999.0, 22.52, 22.36, 22.18, 22.25, 22.25
2026-09-08, 00:59:43, 22.23, 22.25, 22.52, 22.68, 9999.0, 9999.0, 9999.0, 23.64, 9999.0, 22.05, 9999.0, 22.5, 22.34, 22.18, 22.25, 22.25
2026-09-08, 00:59:47, 22.23, 22.25, 22.52, 22.66, 9999.0, 9999.0, 9999.0, 23.66, 9999.0, 22.02, 9999.0, 22.52, 22.32, 22.16, 22.25, 22.25
2026-09-08, 00:59:51, 22.25, 22.25, 22.55, 22.66, 9999.0, 9999.0, 9999.0, 23.68, 9999.0, 22.0, 9999.0, 22.55, 22.3, 22.14, 22.25, 22.25
2026-09-08, 00:59:55, 22.25, 22.25, 22.55, 22.64, 9999.0, 9999.0, 9999.0, 23.64, 9999.0, 21.98, 9999.0, 22.57, 22.3, 22.14, 22.25, 22.25
2026-09-08, 00:59:59, 22.25, 22.25, 22.55, 22.66, 9999.0, 9999.0, 9999.0, 23.61, 9999.0, 21.95, 9999.0, 22.59, 22.32, 22.16, 22.25, 22.25
2026-09-08, 01:00:03, 22.25, 22.25, 22.57, 22.66, 9999.0, 9999.0, 9999.0, 23.57, 9999.0, 21.93, 9999.0, 22.61, 22.34, 22.16, 22.25, 22.25
2026-09-08, 01:00:08, 22.25, 22.25, 22.59, 22.66, 9999.0, 9999.0, 9999.0, 23.55, 9999.0, 21.93, 9999.0, 22.64, 22.34, 22.16, 22.25, 22.25
2026-09-08, 01:00:12, 22.25, 22.25, 22.59, 22.66, 9999.0, 9999.0, 9999.0, 23.5, 9999.0, 21.95, 9999.0, 22.66, 22.34, 22.14, 22.25, 22.25
2026-09-08, 01:00:16, 22.25, 22.25, 22.59, 22.66, 9999.0, 9999.0, 9999.0, 23.45, 9999.0, 21.98, 9999.0, 22.66, 22.36, 22.11, 22.25, 22.25
2026-09-08, 01:00:20, 22.25, 22.25, 22.59, 22.68, 9999.0, 9999.0, 9999.0, 23.43, 9999.0, 22.0, 9999.0, 22.66, 22.39, 22.11, 22.25, 22.25
2026-09-08, 01:00:24, 22.25, 22.25, 22.61, 22.68, 9999.0, 9999.0, 9999.0, 23.39, 9999.0, 22.02, 9999.0, 22.68, 22.41, 22.11, 22.25, 22.25
2026-09-08, 01:00:28, 22.25, 22.25, 22.61, 22.66, 9999.0, 9999.0, 9999.0, 23.43, 9999.0, 22.05, 9999.0, 22.68, 22.43, 22.11, 22.25, 22.25
2026-09-08, 01:00:32, 22.25, 22.25, 22.64, 22.68, 9999.0, 9999.0, 9999.0, 23.48, 9999.0, 22.07, 9999.0, 22.66, 22.45, 22.14, 22.25, 22.25
2026-09-08, 01:00:36, 22.25, 22.25, 22.64, 22.66, 9999.0, 9999.0, 9999.0, 23.5, 9999.0, 22.07, 9999.0, 22.64, 22.45, 22.14, 22.25, 22.25
2026-09-08, 01:00:40, 22.25, 22.25, 22.66, 22.68, 9999.0, 9999.0, 9999.0, 23.52, 9999.0, 22.09, 9999.0, 22.61, 22.43, 22.14, 22.25, 22.25
2026-09-08, 01:00:44, 22.25, 22.25, 22.66, 22.68, 9999.0, 9999.0, 9999.0, 23.55, 9999.0, 22.11, 9999.0, 22.59, 22.43, 22.14, 22.25, 22.25
2026-09-08, 01:00:48, 22.25, 22.25, 22.64, 22.66, 9999.0, 9999.0, 9999.0, 23.59, 9999.0, 22.14, 9999.0, 22.57, 22.43, 22.14, 22.25, 22.25
2026-09-08, 01:00:52, 22.25, 22.27, 22.64, 22.66, 9999.0, 9999.0, 9999.0, 23.59, 9999.0, 22.14, 9999.0, 22.55, 22.41, 22.14, 22.25, 22.25
2026-09-08, 01:00:56, 22.25, 22.27, 22.64, 22.68, 9999.0, 9999.0, 9999.0, 23.61, 9999.0, 22.11, 9999.0, 22.52, 22.41, 22.16, 22.25, 22.25
2026-09-08, 01:01:00, 22.25, 22.27, 22.66, 22.68, 9999.0, 9999.0, 9999.0, 23.64, 9999.0, 22.09, 9999.0, 22.52, 22.39, 22.18, 22.25, 22.25
2026-09-08, 01:01:04, 22.25, 22.27, 22.66, 22.68, 9999.0, 9999.0, 9999.0, 23.66, 9999.0, 22.07, 9999.0, 22.55, 22.36, 22.2, 22.25, 22.25
2026-09-08, 01:01:08, 22.25, 22.27, 22.66, 22.68, 9999.0, 9999.0, 9999.0, 23.68, 9999.0, 22.05, 9999.0, 22.52, 22.34, 22.2, 22.25, 22.25
2026-09-08, 01:01:12, 22.25, 22.27, 22.68, 22.68, 9999.0, 9999.0, 9999.0, 23.64, 9999.0, 22.0, 9999.0, 22.55, 22.32, 22.2, 22.25, 22.25
2026-09-08, 01:01:16, 22.25, 22.27, 22.68, 22.68, 9999.0, 9999.0, 9999.0, 23.59, 9999.0, 21.95, 9999.0, 22.57, 22.32, 22.2, 22.25, 22.25
2026-09-08, 01:01:20, 22.25, 22.27, 22.66, 22.7, 9999.0, 9999.0, 9999.0, 23.57, 9999.0, 21.93, 9999.0, 22.59, 22.34, 22.23, 22.25, 22.25
2026-09-08, 01:01:24, 22.25, 22.27, 22.66, 22.7, 9999.0, 9999.0, 9999.0, 23.52, 9999.0, 21.95, 9999.0, 22.61, 22.36, 22.25, 22.25, 22.25
2026-09-08, 01:01:28, 22.25, 22.27, 22.68, 22.7, 9999.0, 9999.0, 9999.0, 23.48, 9999.0, 21.98, 9999.0, 22.64, 22.36, 22.25, 22.25, 22.25
2026-09-08, 01:01:32, 22.25, 22.27, 22.7, 22.73, 9999.0, 9999.0, 9999.0, 23.43, 9999.0, 22.0, 9999.0, 22.66, 22.36, 22.25, 22.25, 22.25
2026-09-08, 01:01:36, 22.25, 22.25, 22.68, 22.73, 9999.0, 9999.0, 9999.0, 23.41, 9999.0, 22.02, 9999.0, 22.66, 22.39, 22.25, 22.25, 22.25
2026-09-08, 01:01:40, 22.25, 22.25, 22.68, 22.73, 9999.0, 9999.0, 9999.0, 23.39, 9999.0, 22.05, 9999.0, 22.66, 22.41, 22.25, 22.25, 22.25
2026-09-08, 01:01:44, 22.25, 22.25, 22.68, 22.73, 9999.0, 9999.0, 9999.0, 23.43, 9999.0, 22.07, 9999.0, 22.66, 22.43, 22.25, 22.25, 22.25
2026-09-08, 01:01:48, 22.25, 22.25, 22.7, 22.73, 9999.0, 9999.0, 9999.0, 23.48, 9999.0, 22.07, 9999.0, 22.64, 22.45, 22.25, 22.25, 22.25
2026-09-08, 01:01:52, 22.25, 22.27, 22.7, 22.73, 9999.0, 9999.0, 9999.0, 23.52, 9999.0, 22.09, 9999.0, 22.64, 22.48, 22.25, 22.25, 22.25
2026-09-08, 01:01:56, 22.25, 22.27, 22.7, 22.75, 9999.0, 9999.0, 9999.0, 23.57, 9999.0, 22.11, 9999.0, 22.61, 22.48, 22.23, 22.25, 22.25
2026-09-08, 01:02:00, 22.25, 22.27, 22.7, 22.75, 9999.0, 9999.0, 9999.0, 23.59, 9999.0, 22.14, 9999.0, 22.59, 22.45, 22.23, 22.25, 22.25
2026-09-08, 01:02:04, 22.25, 22.27, 22.73, 22.75, 9999.0, 9999.0, 9999.0, 23.61, 9999.0, 22.16, 9999.0, 22.57, 22.43, 22.2, 22.25, 22.25
2026-09-08, 01:02:08, 22.25, 22.27, 22.73, 22.75, 9999.0, 9999.0, 9999.0, 23.66, 9999.0, 22.14, 9999.0, 22.55, 22.41, 22.2, 22.25, 22.25
2026-09-08, 01:02:12, 22.25, 22.27, 22.73, 22.75, 9999.0, 9999.0, 9999.0, 23.68, 9999.0, 22.11, 9999.0, 22.52, 22.39, 22.18, 22.25, 22.25
2026-09-08, 01:02:16, 22.25, 22.27, 22.73, 22.75, 9999.0, 9999.0, 9999.0, 23.7, 9999.0, 22.09, 9999.0, 22.5, 22.36, 22.18, 22.25, 22.25
2026-09-08, 01:02:20, 22.25, 22.27, 22.75, 22.75, 9999.0, 9999.0, 9999.0, 23.73, 9999.0, 22.07, 9999.0, 22.52, 22.34, 22.18, 22.25, 22.25
2026-09-08, 01:02:24, 22.25, 22.27, 22.75, 22.75, 9999.0, 9999.0, 9999.0, 23.75, 9999.0, 22.05, 9999.0, 22.52, 22.32, 22.18, 22.25, 22.25
2026-09-08, 01:02:28, 22.25, 22.27, 22.75, 22.75, 9999.0, 9999.0, 9999.0, 23.7, 9999.0, 22.02, 9999.0, 22.52, 22.3, 22.16, 22.25, 22.25
2026-09-08, 01:02:32, 22.25, 22.27, 22.73, 22.75, 9999.0, 9999.0, 9999.0, 23.66, 9999.0, 22.02, 9999.0, 22.55, 22.3, 22.16, 22.25, 22.25
2026-09-08, 01:02:36, 22.25, 22.25, 22.7, 22.75, 9999.0, 9999.0, 9999.0, 23.59, 9999.0, 22.0, 9999.0, 22.57, 22.27, 22.16, 22.25, 22.25
2026-09-08, 01:02:40, 22.25, 22.25, 22.7, 22.75, 9999.0, 9999.0, 9999.0, 23.52, 9999.0, 22.02, 9999.0, 22.59, 22.27, 22.18, 22.25, 22.25
2026-09-08, 01:02:44, 22.25, 22.25, 22.7, 22.75, 9999.0, 9999.0, 9999.0, 23.48, 9999.0, 22.05, 9999.0, 22.61, 22.3, 22.18, 22.25, 22.25
2026-09-08, 01:02:48, 22.25, 22.25, 22.68, 22.75, 9999.0, 9999.0, 9999.0, 23.43, 9999.0, 22.07, 9999.0, 22.61, 22.32, 22.2, 22.25, 22.25
2026-09-08, 01:02:52, 22.25, 22.25, 22.68, 22.75, 9999.0, 9999.0, 9999.0, 23.39, 9999.0, 22.09, 9999.0, 22.64, 22.34, 22.2, 22.25, 22.25
2026-09-08, 01:02:56, 22.25, 22.25, 22.68, 22.75, 9999.0, 9999.0, 9999.0, 23.36, 9999.0, 22.11, 9999.0, 22.66, 22.36, 22.23, 22.25, 22.25
2026-09-08, 01:03:00, 22.25, 22.25, 22.68, 22.75, 9999.0, 9999.0, 9999.0, 23.34, 9999.0, 22.14, 9999.0, 22.66, 22.39, 22.23, 22.25, 22.25
2026-09-08, 01:03:04, 22.25, 22.25, 22.68, 22.75, 9999.0, 9999.0, 9999.0, 23.39, 9999.0, 22.16, 9999.0, 22.64, 22.41, 22.23, 22.25, 22.25
2026-09-08, 01:03:09, 22.25, 22.25, 22.68, 22.75, 9999.0, 9999.0, 9999.0, 23.41, 9999.0, 22.18, 9999.0, 22.64, 22.43, 22.23, 22.25, 22.25
2026-09-08, 01:03:13, 22.23, 22.25, 22.68, 22.75, 9999.0, 9999.0, 9999.0, 23.43, 9999.0, 22.2, 9999.0, 22.64, 22.43, 22.25, 22.25, 22.25
2026-09-08, 01:03:17, 22.23, 22.25, 22.7, 22.75, 9999.0, 9999.0, 9999.0, 23.45, 9999.0, 22.2, 9999.0, 22.61, 22.43, 22.25, 22.25, 22.25
2026-09-08, 01:03:21, 22.23, 22.25, 22.73, 22.75, 9999.0, 9999.0, 9999.0, 23.5, 9999.0, 22.23, 9999.0, 22.59, 22.43, 22.23, 22.25, 22.25
2026-09-08, 01:03:25, 22.23, 22.25, 22.73, 22.75, 9999.0, 9999.0, 9999.0, 23.55, 9999.0, 22.23, 9999.0, 22.57, 22.43, 22.23, 22.25, 22.25
2026-09-08, 01:03:29, 22.23, 22.25, 22.73, 22.75, 9999.0, 9999.0, 9999.0, 23.59, 9999.0, 22.23, 9999.0, 22.55, 22.43, 22.23, 22.25, 22.25
2026-09-08, 01:03:33, 22.23, 22.25, 22.75, 22.75, 9999.0, 9999.0, 9999.0, 23.64, 9999.0, 22.23, 9999.0, 22.55, 22.41, 22.23, 22.25, 22.25
2026-09-08, 01:03:37, 22.23, 22.25, 22.75, 22.75, 9999.0, 9999.0, 9999.0, 23.68, 9999.0, 22.23, 9999.0, 22.52, 22.41, 22.23, 22.25, 22.25
2026-09-08, 01:03:41, 22.23, 22.25, 22.75, 22.75, 9999.0, 9999.0, 9999.0, 23.73, 9999.0, 22.2, 9999.0, 22.5, 22.39, 22.23, 22.25, 22.25
2026-09-08, 01:03:45, 22.23, 22.25, 22.75, 22.75, 9999.0, 9999.0, 9999.0, 23.75, 9999.0, 22.18, 9999.0, 22.5, 22.36, 22.23, 22.25, 22.25
2026-09-08, 01:03:49, 22.23, 22.25, 22.75, 22.75, 9999.0, 9999.0, 9999.0, 23.7, 9999.0, 22.16, 9999.0, 22.52, 22.36, 22.23, 22.25, 22.25
2026-09-08, 01:03:53, 22.23, 22.25, 22.75, 22.75, 9999.0, 9999.0, 9999.0, 23.68, 9999.0, 22.14, 9999.0, 22.55, 22.36, 22.23, 22.25, 22.25
2026-09-08, 01:03:57, 22.25, 22.25, 22.75, 22.75, 9999.0, 9999.0, 9999.0, 23.66, 9999.0, 22.11, 9999.0, 22.57, 22.36, 22.23, 22.25, 22.25
2026-09-08, 01:04:01, 22.25, 22.25, 22.75, 22.75, 9999.0, 9999.0, 9999.0, 23.64, 9999.0, 22.14, 9999.0, 22.59, 22.34, 22.23, 22.25, 22.25
2026-09-08, 01:04:05, 22.25, 22.27, 22.75, 22.75, 9999.0, 9999.0, 9999.0, 23.59, 9999.0, 22.14, 9999.0, 22.61, 22.34, 22.25, 22.25, 22.25
2026-09-08, 01:04:09, 22.25, 22.27, 22.75, 22.75, 9999.0, 9999.0, 9999.0, 23.55, 9999.0, 22.14, 9999.0, 22.64, 22.36, 22.25, 22.25, 22.25
2026-09-08, 01:04:13, 22.25, 22.27, 22.75, 22.75, 9999.0, 9999.0, 9999.0, 23.5, 9999.0, 22.14, 9999.0, 22.64, 22.36, 22.25, 22.25, 22.25
2026-09-08, 01:04:17, 22.25, 22.3, 22.75, 22.75, 9999.0, 9999.0, 9999.0, 23.45, 9999.0, 22.14, 9999.0, 22.64, 22.39, 22.25, 22.25, 22.25
2026-09-08, 01:04:21, 22.25, 22.3, 22.75, 22.75, 9999.0, 9999.0, 9999.0, 23.48, 9999.0, 22.16, 9999.0, 22.64, 22.39, 22.25, 22.25, 22.25
2026-09-08, 01:04:25, 22.25, 22.3, 22.75, 22.75, 9999.0, 9999.0, 9999.0, 23.48, 9999.0, 22.18, 9999.0, 22.64, 22.41, 22.25, 22.25, 22.25
2026-09-08, 01:04:29, 22.25, 22.3, 22.75, 22.75, 9999.0, 9999.0, 9999.0, 23.5, 9999.0, 22.2, 9999.0, 22.64, 22.43, 22.25, 22.25, 22.25
2026-09-08, 01:04:33, 22.25, 22.3, 22.75, 22.75, 9999.0, 9999.0, 9999.0, 23.52, 9999.0, 22.23, 9999.0, 22.61, 22.43, 22.25, 22.25, 22.25
2026-09-08, 01:04:37, 22.25, 22.3, 22.73, 22.75, 9999.0, 9999.0, 9999.0, 23.55, 9999.0, 22.25, 9999.0, 22.61, 22.43, 22.25, 22.25, 22.25
2026-09-08, 01:04:41, 22.25, 22.3, 22.73, 22.75, 9999.0, 9999.0, 9999.0, 23.57, 9999.0, 22.27, 9999.0, 22.59, 22.43, 22.25, 22.25, 22.25
2026-09-08, 01:04:45, 22.25, 22.3, 22.73, 22.75, 9999.0, 9999.0, 9999.0, 23.59, 9999.0, 22.27, 9999.0, 22.57, 22.43, 22.25, 22.25, 22.25
2026-09-08, 01:04:49, 22.25, 22.27, 22.73, 22.73, 9999.0, 9999.0, 9999.0, 23.64, 9999.0, 22.27, 9999.0, 22.55, 22.43, 22.25, 22.25, 22.25
2026-09-08, 01:04:53, 22.25, 22.27, 22.73, 22.73, 9999.0, 9999.0, 9999.0, 23.68, 9999.0, 22.27, 9999.0, 22.52, 22.41, 22.25, 22.25, 22.25
2026-09-08, 01:04:57, 22.25, 22.27, 22.73, 22.73, 9999.0, 9999.0, 9999.0, 23.7, 9999.0, 22.27, 9999.0, 22.55, 22.39, 22.25, 22.25, 22.25
2026-09-08, 01:05:01, 22.25, 22.25, 22.7, 22.73, 9999.0, 9999.0, 9999.0, 23.73, 9999.0, 22.27, 9999.0, 22.55, 22.36, 22.25, 22.25, 22.25
2026-09-08, 01:05:05, 22.25, 22.25, 22.7, 22.73, 9999.0, 9999.0, 9999.0, 23.68, 9999.0, 22.25, 9999.0, 22.57, 22.36, 22.25, 22.25, 22.25
2026-09-08, 01:05:09, 22.25, 22.25, 22.7, 22.73, 9999.0, 9999.0, 9999.0, 23.66, 9999.0, 22.25, 9999.0, 22.59, 22.34, 22.25, 22.25, 22.25
2026-09-08, 01:05:13, 22.25, 22.25, 22.7, 22.73, 9999.0, 9999.0, 9999.0, 23.64, 9999.0, 22.25, 9999.0, 22.61, 22.34, 22.25, 22.25, 22.25
2026-09-08, 01:05:17, 22.25, 22.25, 22.7, 22.73, 9999.0, 9999.0, 9999.0, 23.59, 9999.0, 22.27, 9999.0, 22.64, 22.34, 22.25, 22.25, 22.25
2026-09-08, 01:05:21, 22.25, 22.25, 22.73, 22.73, 9999.0, 9999.0, 9999.0, 23.55, 9999.0, 22.3, 9999.0, 22.64, 22.34, 22.25, 22.25, 22.25
2026-09-08, 01:05:25, 22.25, 22.25, 22.73, 22.73, 9999.0, 9999.0, 9999.0, 23.5, 9999.0, 22.32, 9999.0, 22.66, 22.36, 22.25, 22.25, 22.25
2026-09-08, 01:05:29, 22.25, 22.25, 22.73, 22.73, 9999.0, 9999.0, 9999.0, 23.45, 9999.0, 22.34, 9999.0, 22.68, 22.39, 22.25, 22.25, 22.25
2026-09-08, 01:05:33, 22.25, 22.27, 22.73, 22.75, 9999.0, 9999.0, 9999.0, 23.41, 9999.0, 22.36, 9999.0, 22.7, 22.41, 22.25, 22.25, 22.25
2026-09-08, 01:05:37, 22.25, 22.27, 22.73, 22.75, 9999.0, 9999.0, 9999.0, 23.43, 9999.0, 22.39, 9999.0, 22.7, 22.43, 22.25, 22.25, 22.25
2026-09-08, 01:05:41, 22.25, 22.27, 22.73, 22.75, 9999.0, 9999.0, 9999.0, 23.48, 9999.0, 22.41, 9999.0, 22.68, 22.45, 22.25, 22.25, 22.25
2026-09-08, 01:05:45, 22.25, 22.27, 22.75, 22.75, 9999.0, 9999.0, 9999.0, 23.52, 9999.0, 22.41, 9999.0, 22.68, 22.48, 22.23, 22.25, 22.25
2026-09-08, 01:05:49, 22.25, 22.27, 22.75, 22.75, 9999.0, 9999.0, 9999.0, 23.55, 9999.0, 22.41, 9999.0, 22.66, 22.48, 22.23, 22.25, 22.25
2026-09-08, 01:05:53, 22.25, 22.27, 22.75, 22.75, 9999.0, 9999.0, 9999.0, 23.57, 9999.0, 22.41, 9999.0, 22.64, 22.5, 22.23, 22.25, 22.25
2026-09-08, 01:05:57, 22.25, 22.27, 22.75, 22.75, 9999.0, 9999.0, 9999.0, 23.59, 9999.0, 22.41, 9999.0, 22.61, 22.5, 22.23, 22.25, 22.25
2026-09-08, 01:06:01, 22.25, 22.27, 22.75, 22.75, 9999.0, 9999.0, 9999.0, 23.64, 9999.0, 22.39, 9999.0, 22.59, 22.48, 22.2, 22.25, 22.25
2026-09-08, 01:06:05, 22.25, 22.27, 22.75, 22.75, 9999.0, 9999.0, 9999.0, 23.68, 9999.0, 22.36, 9999.0, 22.57, 22.45, 22.2, 22.25, 22.25
2026-09-08, 01:06:09, 22.25, 22.27, 22.75, 22.75, 9999.0, 9999.0, 9999.0, 23.73, 9999.0, 22.34, 9999.0, 22.55, 22.43, 22.2, 22.25, 22.25
2026-09-08, 01:06:13, 22.25, 22.27, 22.75, 22.75, 9999.0, 9999.0, 9999.0, 23.77, 9999.0, 22.32, 9999.0, 22.55, 22.41, 22.2, 22.25, 22.25
2026-09-08, 01:06:17, 22.25, 22.25, 22.75, 22.75, 9999.0, 9999.0, 9999.0, 23.8, 9999.0, 22.3, 9999.0, 22.55, 22.41, 22.18, 22.25, 22.25
2026-09-08, 01:06:21, 22.25, 22.25, 22.75, 22.75, 9999.0, 9999.0, 9999.0, 23.75, 9999.0, 22.27, 9999.0, 22.57, 22.41, 22.18, 22.25, 22.25
2026-09-08, 01:06:25, 22.25, 22.25, 22.75, 22.75, 9999.0, 9999.0, 9999.0, 23.7, 9999.0, 22.25, 9999.0, 22.59, 22.41, 22.18, 22.25, 22.25
2026-09-08, 01:06:29, 22.25, 22.27, 22.73, 22.75, 9999.0, 9999.0, 9999.0, 23.66, 9999.0, 22.25, 9999.0, 22.61, 22.41, 22.2, 22.25, 22.25
2026-09-08, 01:06:33, 22.25, 22.27, 22.73, 22.75, 9999.0, 9999.0, 9999.0, 23.64, 9999.0, 22.27, 9999.0, 22.64, 22.41, 22.2, 22.25, 22.25
2026-09-08, 01:06:37, 22.25, 22.27, 22.73, 22.75, 9999.0, 9999.0, 9999.0, 23.61, 9999.0, 22.27, 9999.0, 22.66, 22.41, 22.2, 22.25, 22.25
2026-09-08, 01:06:41, 22.25, 22.3, 22.73, 22.75, 9999.0, 9999.0, 9999.0, 23.57, 9999.0, 22.3, 9999.0, 22.68, 22.41, 22.2, 22.25, 22.25
2026-09-08, 01:06:45, 22.25, 22.32, 22.73, 22.75, 9999.0, 9999.0, 9999.0, 23.55, 9999.0, 22.32, 9999.0, 22.68, 22.43, 22.23, 22.25, 22.25
2026-09-08, 01:06:49, 22.25, 22.34, 22.73, 22.75, 9999.0, 9999.0, 9999.0, 23.5, 9999.0, 22.34, 9999.0, 22.68, 22.45, 22.23, 22.25, 22.25
2026-09-08, 01:06:53, 22.25, 22.36, 22.73, 22.75, 9999.0, 9999.0, 9999.0, 23.55, 9999.0, 22.36, 9999.0, 22.7, 22.48, 22.23, 22.25, 22.25
2026-09-08, 01:06:57, 22.25, 22.36, 22.73, 22.75, 9999.0, 9999.0, 9999.0, 23.57, 9999.0, 22.39, 9999.0, 22.68, 22.5, 22.2, 22.25, 22.25
2026-09-08, 01:07:01, 22.25, 22.39, 22.73, 22.75, 9999.0, 9999.0, 9999.0, 23.61, 9999.0, 22.41, 9999.0, 22.66, 22.5, 22.2, 22.25, 22.25
2026-09-08, 01:07:06, 22.25, 22.39, 22.73, 22.75, 9999.0, 9999.0, 9999.0, 23.66, 9999.0, 22.43, 9999.0, 22.64, 22.5, 22.18, 22.25, 22.25
2026-09-08, 01:07:10, 22.25, 22.39, 22.73, 22.75, 9999.0, 9999.0, 9999.0, 23.7, 9999.0, 22.45, 9999.0, 22.61, 22.5, 22.16, 22.25, 22.25
2026-09-08, 01:07:14, 22.25, 22.36, 22.73, 22.75, 9999.0, 9999.0, 9999.0, 23.75, 9999.0, 22.45, 9999.0, 22.59, 22.5, 22.16, 22.25, 22.25
2026-09-08, 01:07:18, 22.25, 22.36, 22.73, 22.75, 9999.0, 9999.0, 9999.0, 23.77, 9999.0, 22.43, 9999.0, 22.57, 22.5, 22.16, 22.25, 22.25
2026-09-08, 01:07:22, 22.25, 22.36, 22.73, 22.75, 9999.0, 9999.0, 9999.0, 23.8, 9999.0, 22.43, 9999.0, 22.55, 22.48, 22.16, 22.25, 22.25
2026-09-08, 01:07:26, 22.25, 22.34, 22.73, 22.75, 9999.0, 9999.0, 9999.0, 23.84, 9999.0, 22.41, 9999.0, 22.52, 22.45, 22.16, 22.25, 22.25
2026-09-08, 01:07:30, 22.25, 22.32, 22.73, 22.75, 9999.0, 9999.0, 9999.0, 23.86, 9999.0, 22.39, 9999.0, 22.52, 22.43, 22.14, 22.25, 22.25
2026-09-08, 01:07:34, 22.25, 22.3, 22.73, 22.75, 9999.0, 9999.0, 9999.0, 23.91, 9999.0, 22.36, 9999.0, 22.52, 22.43, 22.11, 22.25, 22.25
2026-09-08, 01:07:38, 22.25, 22.27, 22.73, 22.75, 9999.0, 9999.0, 9999.0, 23.86, 9999.0, 22.34, 9999.0, 22.52, 22.41, 22.11, 22.25, 22.25
2026-09-08, 01:07:42, 22.25, 22.27, 22.7, 22.75, 9999.0, 9999.0, 9999.0, 23.82, 9999.0, 22.32, 9999.0, 22.55, 22.41, 22.11, 22.25, 22.25
2026-09-08, 01:07:46, 22.25, 22.27, 22.7, 22.75, 9999.0, 9999.0, 9999.0, 23.77, 9999.0, 22.3, 9999.0, 22.57, 22.41, 22.14, 22.25, 22.25
2026-09-08, 01:07:50, 22.25, 22.3, 22.7, 22.75, 9999.0, 9999.0, 9999.0, 23.73, 9999.0, 22.3, 9999.0, 22.59, 22.39, 22.16, 22.25, 22.25
2026-09-08, 01:07:54, 22.25, 22.3, 22.7, 22.75, 9999.0, 9999.0, 9999.0, 23.68, 9999.0, 22.3, 9999.0, 22.61, 22.39, 22.18, 22.25, 22.25
2026-09-08, 01:07:58, 22.25, 22.3, 22.73, 22.75, 9999.0, 9999.0, 9999.0, 23.64, 9999.0, 22.32, 9999.0, 22.64, 22.39, 22.18, 22.25, 22.25
2026-09-08, 01:08:02, 22.25, 22.3, 22.73, 22.75, 9999.0, 9999.0, 9999.0, 23.61, 9999.0, 22.34, 9999.0, 22.66, 22.39, 22.18, 22.25, 22.25
2026-09-08, 01:08:06, 22.25, 22.3, 22.73, 22.75, 9999.0, 9999.0, 9999.0, 23.59, 9999.0, 22.36, 9999.0, 22.66, 22.39, 22.18, 22.25, 22.25
2026-09-08, 01:08:10, 22.25, 22.3, 22.73, 22.75, 9999.0, 9999.0, 9999.0, 23.64, 9999.0, 22.39, 9999.0, 22.66, 22.41, 22.16, 22.25, 22.23
2026-09-08, 01:08:14, 22.25, 22.3, 22.7, 22.75, 9999.0, 9999.0, 9999.0, 23.66, 9999.0, 22.41, 9999.0, 22.66, 22.43, 22.18, 22.25, 22.23
2026-09-08, 01:08:18, 22.25, 22.3, 22.7, 22.75, 9999.0, 9999.0, 9999.0, 23.68, 9999.0, 22.43, 9999.0, 22.66, 22.43, 22.18, 22.25, 22.23
2026-09-08, 01:08:22, 22.25, 22.3, 22.7, 22.73, 9999.0, 9999.0, 9999.0, 23.7, 9999.0, 22.45, 9999.0, 22.64, 22.45, 22.18, 22.25, 22.23
2026-09-08, 01:08:26, 22.25, 22.3, 22.73, 22.73, 9999.0, 9999.0, 9999.0, 23.75, 9999.0, 22.48, 9999.0, 22.61, 22.43, 22.18, 22.25, 22.23
2026-09-08, 01:08:30, 22.25, 22.27, 22.73, 22.7, 9999.0, 9999.0, 9999.0, 23.77, 9999.0, 22.5, 9999.0, 22.59, 22.43, 22.18, 22.25, 22.23
2026-09-08, 01:08:34, 22.25, 22.25, 22.73, 22.7, 9999.0, 9999.0, 9999.0, 23.8, 9999.0, 22.5, 9999.0, 22.57, 22.45, 22.18, 22.25, 22.23
2026-09-08, 01:08:38, 22.25, 22.25, 22.73, 22.7, 9999.0, 9999.0, 9999.0, 23.82, 9999.0, 22.5, 9999.0, 22.55, 22.45, 22.18, 22.25, 22.23
2026-09-08, 01:08:42, 22.25, 22.25, 22.73, 22.68, 9999.0, 9999.0, 9999.0, 23.84, 9999.0, 22.5, 9999.0, 22.52, 22.43, 22.18, 22.25, 22.23
2026-09-08, 01:08:46, 22.25, 22.25, 22.73, 22.66, 9999.0, 9999.0, 9999.0, 23.86, 9999.0, 22.48, 9999.0, 22.5, 22.41, 22.18, 22.25, 22.23
2026-09-08, 01:08:50, 22.25, 22.25, 22.73, 22.64, 9999.0, 9999.0, 9999.0, 23.89, 9999.0, 22.48, 9999.0, 22.5, 22.43, 22.16, 22.25, 22.23
2026-09-08, 01:08:54, 22.25, 22.25, 22.73, 22.64, 9999.0, 9999.0, 9999.0, 23.82, 9999.0, 22.45, 9999.0, 22.52, 22.41, 22.18, 22.25, 22.25
2026-09-08, 01:08:58, 22.25, 22.25, 22.75, 22.61, 9999.0, 9999.0, 9999.0, 23.8, 9999.0, 22.45, 9999.0, 22.55, 22.41, 22.18, 22.25, 22.25
2026-09-08, 01:09:02, 22.25, 22.25, 22.75, 22.59, 9999.0, 9999.0, 9999.0, 23.75, 9999.0, 22.45, 9999.0, 22.57, 22.41, 22.2, 22.25, 22.25
2026-09-08, 01:09:06, 22.25, 22.25, 22.75, 22.59, 9999.0, 9999.0, 9999.0, 23.7, 9999.0, 22.45, 9999.0, 22.59, 22.39, 22.2, 22.25, 22.25
2026-09-08, 01:09:10, 22.25, 22.25, 22.75, 22.59, 9999.0, 9999.0, 9999.0, 23.66, 9999.0, 22.45, 9999.0, 22.61, 22.39, 22.23, 22.25, 22.25
2026-09-08, 01:09:14, 22.25, 22.25, 22.75, 22.61, 9999.0, 9999.0, 9999.0, 23.64, 9999.0, 22.45, 9999.0, 22.64, 22.39, 22.23, 22.25, 22.25
2026-09-08, 01:09:18, 22.25, 22.25, 22.75, 22.59, 9999.0, 9999.0, 9999.0, 23.61, 9999.0, 22.48, 9999.0, 22.64, 22.39, 22.23, 22.25, 22.25
2026-09-08, 01:09:22, 22.25, 22.25, 22.75, 22.57, 9999.0, 9999.0, 9999.0, 23.59, 9999.0, 22.5, 9999.0, 22.64, 22.36, 22.23, 22.25, 22.25
2026-09-08, 01:09:26, 22.25, 22.25, 22.73, 22.59, 9999.0, 9999.0, 9999.0, 23.64, 9999.0, 22.52, 9999.0, 22.64, 22.39, 22.23, 22.25, 22.23
2026-09-08, 01:09:30, 22.25, 22.25, 22.7, 22.61, 9999.0, 9999.0, 9999.0, 23.68, 9999.0, 22.55, 9999.0, 22.64, 22.41, 22.2, 22.25, 22.23
2026-09-08, 01:09:34, 22.25, 22.25, 22.7, 22.64, 9999.0, 9999.0, 9999.0, 23.73, 9999.0, 22.55, 9999.0, 22.64, 22.41, 22.23, 22.25, 22.23
2026-09-08, 01:09:38, 22.25, 22.27, 22.68, 22.61, 9999.0, 9999.0, 9999.0, 23.77, 9999.0, 22.57, 9999.0, 22.61, 22.41, 22.2, 22.25, 22.23
2026-09-08, 01:09:42, 22.25, 22.3, 22.68, 22.61, 9999.0, 9999.0, 9999.0, 23.8, 9999.0, 22.57, 9999.0, 22.59, 22.41, 22.2, 22.25, 22.23
2026-09-08, 01:09:46, 22.25, 22.3, 22.68, 22.64, 9999.0, 9999.0, 9999.0, 23.82, 9999.0, 22.57, 9999.0, 22.57, 22.39, 22.2, 22.25, 22.2
2026-09-08, 01:09:50, 22.25, 22.3, 22.68, 22.66, 9999.0, 9999.0, 9999.0, 23.84, 9999.0, 22.57, 9999.0, 22.55, 22.39, 22.2, 22.25, 22.2
2026-09-08, 01:09:54, 22.25, 22.3, 22.68, 22.66, 9999.0, 9999.0, 9999.0, 23.86, 9999.0, 22.57, 9999.0, 22.52, 22.39, 22.2, 22.25, 22.2
2026-09-08, 01:09:58, 22.25, 22.3, 22.68, 22.66, 9999.0, 9999.0, 9999.0, 23.89, 9999.0, 22.57, 9999.0, 22.5, 22.36, 22.2, 22.23, 22.2
2026-09-08, 01:10:02, 22.25, 22.32, 22.66, 22.68, 9999.0, 9999.0, 9999.0, 23.91, 9999.0, 22.55, 9999.0, 22.5, 22.36, 22.18, 22.2, 22.2
2026-09-08, 01:10:06, 22.25, 22.32, 22.66, 22.7, 9999.0, 9999.0, 9999.0, 23.93, 9999.0, 22.52, 9999.0, 22.5, 22.36, 22.18, 22.2, 22.2
2026-09-08, 01:10:10, 22.25, 22.32, 22.68, 22.7, 9999.0, 9999.0, 9999.0, 23.89, 9999.0, 22.5, 9999.0, 22.52, 22.36, 22.18, 22.2, 22.23
2026-09-08, 01:10:14, 22.25, 22.32, 22.7, 22.7, 9999.0, 9999.0, 9999.0, 23.84, 9999.0, 22.5, 9999.0, 22.55, 22.34, 22.2, 22.2, 22.23
2026-09-08, 01:10:18, 22.25, 22.32, 22.7, 22.7, 9999.0, 9999.0, 9999.0, 23.8, 9999.0, 22.5, 9999.0, 22.57, 22.34, 22.2, 22.2, 22.23
2026-09-08, 01:10:22, 22.25, 22.3, 22.73, 22.7, 9999.0, 9999.0, 9999.0, 23.75, 9999.0, 22.5, 9999.0, 22.59, 22.34, 22.2, 22.2, 22.23
2026-09-08, 01:10:26, 22.25, 22.27, 22.7, 22.73, 9999.0, 9999.0, 9999.0, 23.7, 9999.0, 22.5, 9999.0, 22.59, 22.34, 22.2, 22.2, 22.23
2026-09-08, 01:10:30, 22.25, 22.27, 22.68, 22.73, 9999.0, 9999.0, 9999.0, 23.68, 9999.0, 22.5, 9999.0, 22.61, 22.36, 22.2, 22.2, 22.25
2026-09-08, 01:10:34, 22.25, 22.27, 22.68, 22.7, 9999.0, 9999.0, 9999.0, 23.66, 9999.0, 22.52, 9999.0, 22.64, 22.39, 22.2, 22.2, 22.25
2026-09-08, 01:10:38, 22.25, 22.27, 22.68, 22.7, 9999.0, 9999.0, 9999.0, 23.64, 9999.0, 22.55, 9999.0, 22.64, 22.41, 22.2, 22.2, 22.25
2026-09-08, 01:10:42, 22.25, 22.27, 22.66, 22.7, 9999.0, 9999.0, 9999.0, 23.68, 9999.0, 22.57, 9999.0, 22.64, 22.43, 22.18, 22.23, 22.25
2026-09-08, 01:10:46, 22.25, 22.25, 22.66, 22.7, 9999.0, 9999.0, 9999.0, 23.73, 9999.0, 22.59, 9999.0, 22.64, 22.43, 22.2, 22.25, 22.25
2026-09-08, 01:10:50, 22.25, 22.25, 22.64, 22.7, 9999.0, 9999.0, 9999.0, 23.77, 9999.0, 22.61, 9999.0, 22.64, 22.45, 22.18, 22.25, 22.25
2026-09-08, 01:10:54, 22.25, 22.27, 22.64, 22.68, 9999.0, 9999.0, 9999.0, 23.82, 9999.0, 22.61, 9999.0, 22.61, 22.43, 22.18, 22.25, 22.25
2026-09-08, 01:10:59, 22.25, 22.3, 22.64, 22.66, 9999.0, 9999.0, 9999.0, 23.84, 9999.0, 22.61, 9999.0, 22.59, 22.45, 22.18, 22.25, 22.25
2026-09-08, 01:11:03, 22.25, 22.3, 22.64, 22.66, 9999.0, 9999.0, 9999.0, 23.86, 9999.0, 22.61, 9999.0, 22.57, 22.45, 22.18, 22.25, 22.25
2026-09-08, 01:11:07, 22.25, 22.3, 22.61, 22.68, 9999.0, 9999.0, 9999.0, 23.91, 9999.0, 22.61, 9999.0, 22.55, 22.45, 22.2, 22.25, 22.25
2026-09-08, 01:11:11, 22.25, 22.3, 22.64, 22.68, 9999.0, 9999.0, 9999.0, 23.93, 9999.0, 22.61, 9999.0, 22.55, 22.43, 22.2, 22.25, 22.25
2026-09-08, 01:11:15, 22.25, 22.3, 22.64, 22.68, 9999.0, 9999.0, 9999.0, 23.98, 9999.0, 22.61, 9999.0, 22.52, 22.41, 22.2, 22.25, 22.25
2026-09-08, 01:11:19, 22.25, 22.3, 22.64, 22.68, 9999.0, 9999.0, 9999.0, 24.02, 9999.0, 22.59, 9999.0, 22.5, 22.39, 22.2, 22.25, 22.25
2026-09-08, 01:11:23, 22.25, 22.3, 22.64, 22.66, 9999.0, 9999.0, 9999.0, 24.05, 9999.0, 22.57, 9999.0, 22.5, 22.36, 22.2, 22.25, 22.25
2026-09-08, 01:11:27, 22.25, 22.3, 22.66, 22.64, 9999.0, 9999.0, 9999.0, 24.0, 9999.0, 22.55, 9999.0, 22.52, 22.34, 22.23, 22.25, 22.23
2026-09-08, 01:11:31, 22.25, 22.3, 22.68, 22.64, 9999.0, 9999.0, 9999.0, 23.95, 9999.0, 22.52, 9999.0, 22.55, 22.34, 22.23, 22.25, 22.2
2026-09-08, 01:11:35, 22.25, 22.3, 22.68, 22.64, 9999.0, 9999.0, 9999.0, 23.91, 9999.0, 22.5, 9999.0, 22.57, 22.34, 22.23, 22.25, 22.2
2026-09-08, 01:11:39, 22.25, 22.27, 22.68, 22.66, 9999.0, 9999.0, 9999.0, 23.86, 9999.0, 22.52, 9999.0, 22.59, 22.34, 22.23, 22.25, 22.2
2026-09-08, 01:11:43, 22.25, 22.27, 22.66, 22.68, 9999.0, 9999.0, 9999.0, 23.82, 9999.0, 22.52, 9999.0, 22.61, 22.32, 22.23, 22.25, 22.2
2026-09-08, 01:11:47, 22.25, 22.27, 22.64, 22.68, 9999.0, 9999.0, 9999.0, 23.77, 9999.0, 22.55, 9999.0, 22.61, 22.32, 22.23, 22.25, 22.2
2026-09-08, 01:11:51, 22.25, 22.27, 22.66, 22.66, 9999.0, 9999.0, 9999.0, 23.73, 9999.0, 22.59, 9999.0, 22.61, 22.34, 22.23, 22.25, 22.2
2026-09-08, 01:11:55, 22.25, 22.3, 22.64, 22.64, 9999.0, 9999.0, 9999.0, 23.7, 9999.0, 22.61, 9999.0, 22.61, 22.36, 22.2, 22.25, 22.18
2026-09-08, 01:11:59, 22.25, 22.3, 22.66, 22.64, 9999.0, 9999.0, 9999.0, 23.73, 9999.0, 22.64, 9999.0, 22.61, 22.39, 22.2, 22.25, 22.18
2026-09-08, 01:12:03, 22.25, 22.3, 22.66, 22.64, 9999.0, 9999.0, 9999.0, 23.75, 9999.0, 22.66, 9999.0, 22.61, 22.41, 22.18, 22.25, 22.18
2026-09-08, 01:12:07, 22.25, 22.3, 22.66, 22.64, 9999.0, 9999.0, 9999.0, 23.8, 9999.0, 22.68, 9999.0, 22.61, 22.41, 22.16, 22.25, 22.18
2026-09-08, 01:12:11, 22.25, 22.3, 22.66, 22.66, 9999.0, 9999.0, 9999.0, 23.82, 9999.0, 22.7, 9999.0, 22.59, 22.41, 22.14, 22.25, 22.2
2026-09-08, 01:12:15, 22.25, 22.3, 22.64, 22.64, 9999.0, 9999.0, 9999.0, 23.84, 9999.0, 22.7, 9999.0, 22.57, 22.39, 22.14, 22.25, 22.2
2026-09-08, 01:12:19, 22.25, 22.3, 22.66, 22.61, 9999.0, 9999.0, 9999.0, 23.86, 9999.0, 22.7, 9999.0, 22.55, 22.36, 22.16, 22.25, 22.2
2026-09-08, 01:12:23, 22.25, 22.3, 22.64, 22.59, 9999.0, 9999.0, 9999.0, 23.89, 9999.0, 22.68, 9999.0, 22.52, 22.36, 22.16, 22.25, 22.18
2026-09-08, 01:12:27, 22.23, 22.27, 22.66, 22.57, 9999.0, 9999.0, 9999.0, 23.93, 9999.0, 22.68, 9999.0, 22.5, 22.39, 22.14, 22.25, 22.18
2026-09-08, 01:12:31, 22.2, 22.27, 22.68, 22.55, 9999.0, 9999.0, 9999.0, 23.98, 9999.0, 22.66, 9999.0, 22.5, 22.36, 22.11, 22.25, 22.18
2026-09-08, 01:12:35, 22.2, 22.27, 22.66, 22.55, 9999.0, 9999.0, 9999.0, 24.02, 9999.0, 22.61, 9999.0, 22.5, 22.34, 22.11, 22.25, 22.18
2026-09-08, 01:12:39, 22.2, 22.25, 22.68, 22.55, 9999.0, 9999.0, 9999.0, 24.07, 9999.0, 22.59, 9999.0, 22.5, 22.32, 22.11, 22.25, 22.2
2026-09-08, 01:12:43, 22.18, 22.25, 22.66, 22.55, 9999.0, 9999.0, 9999.0, 24.02, 9999.0, 22.57, 9999.0, 22.5, 22.3, 22.09, 22.25, 22.2
2026-09-08, 01:12:47, 22.18, 22.25, 22.64, 22.55, 9999.0, 9999.0, 9999.0, 23.98, 9999.0, 22.55, 9999.0, 22.52, 22.27, 22.11, 22.25, 22.2
2026-09-08, 01:12:51, 22.18, 22.25, 22.64, 22.57, 9999.0, 9999.0, 9999.0, 23.93, 9999.0, 22.52, 9999.0, 22.55, 22.3, 22.14, 22.25, 22.2
2026-09-08, 01:12:55, 22.18, 22.25, 22.64, 22.55, 9999.0, 9999.0, 9999.0, 23.91, 9999.0, 22.5, 9999.0, 22.57, 22.32, 22.16, 22.25, 22.2
2026-09-08, 01:12:59, 22.18, 22.25, 22.66, 22.55, 9999.0, 9999.0, 9999.0, 23.86, 9999.0, 22.5, 9999.0, 22.59, 22.32, 22.16, 22.25, 22.23
2026-09-08, 01:13:03, 22.18, 22.25, 22.64, 22.55, 9999.0, 9999.0, 9999.0, 23.82, 9999.0, 22.5, 9999.0, 22.59, 22.34, 22.14, 22.25, 22.23
2026-09-08, 01:13:07, 22.18, 22.25, 22.64, 22.55, 9999.0, 9999.0, 9999.0, 23.77, 9999.0, 22.52, 9999.0, 22.59, 22.36, 22.11, 22.25, 22.25
2026-09-08, 01:13:11, 22.2, 22.25, 22.64, 22.55, 9999.0, 9999.0, 9999.0, 23.73, 9999.0, 22.55, 9999.0, 22.59, 22.36, 22.14, 22.25, 22.25
2026-09-08, 01:13:15, 22.23, 22.25, 22.64, 22.55, 9999.0, 9999.0, 9999.0, 23.75, 9999.0, 22.57, 9999.0, 22.59, 22.39, 22.14, 22.25, 22.23
2026-09-08, 01:13:19, 22.23, 22.25, 22.64, 22.57, 9999.0, 9999.0, 9999.0, 23.77, 9999.0, 22.59, 9999.0, 22.59, 22.41, 22.14, 22.25, 22.23
2026-09-08, 01:13:23, 22.23, 22.25, 22.64, 22.57, 9999.0, 9999.0, 9999.0, 23.8, 9999.0, 22.59, 9999.0, 22.59, 22.41, 22.16, 22.25, 22.23
2026-09-08, 01:13:27, 22.25, 22.25, 22.64, 22.57, 9999.0, 9999.0, 9999.0, 23.84, 9999.0, 22.59, 9999.0, 22.59, 22.43, 22.18, 22.25, 22.23
2026-09-08, 01:13:31, 22.25, 22.25, 22.64, 22.57, 9999.0, 9999.0, 9999.0, 23.86, 9999.0, 22.59, 9999.0, 22.57, 22.43, 22.18, 22.25, 22.23
2026-09-08, 01:13:35, 22.25, 22.25, 22.61, 22.55, 9999.0, 9999.0, 9999.0, 23.89, 9999.0, 22.59, 9999.0, 22.55, 22.41, 22.18, 22.25, 22.23
2026-09-08, 01:13:39, 22.25, 22.25, 22.59, 22.55, 9999.0, 9999.0, 9999.0, 23.91, 9999.0, 22.59, 9999.0, 22.52, 22.41, 22.16, 22.25, 22.2
2026-09-08, 01:13:43, 22.25, 22.25, 22.57, 22.55, 9999.0, 9999.0, 9999.0, 23.95, 9999.0, 22.59, 9999.0, 22.5, 22.43, 22.14, 22.25, 22.2
2026-09-08, 01:13:47, 22.25, 22.25, 22.57, 22.55, 9999.0, 9999.0, 9999.0, 24.0, 9999.0, 22.59, 9999.0, 22.5, 22.41, 22.14, 22.25, 22.2
2026-09-08, 01:13:51, 22.25, 22.25, 22.57, 22.55, 9999.0, 9999.0, 9999.0, 24.05, 9999.0, 22.57, 9999.0, 22.5, 22.39, 22.14, 22.25, 22.2
2026-09-08, 01:13:55, 22.25, 22.25, 22.55, 22.55, 9999.0, 9999.0, 9999.0, 24.09, 9999.0, 22.55, 9999.0, 22.5, 22.36, 22.14, 22.25, 22.2
2026-09-08, 01:13:59, 22.25, 22.25, 22.52, 22.55, 9999.0, 9999.0, 9999.0, 24.07, 9999.0, 22.52, 9999.0, 22.5, 22.34, 22.16, 22.25, 22.23
2026-09-08, 01:14:03, 22.25, 22.27, 22.52, 22.52, 9999.0, 9999.0, 9999.0, 24.02, 9999.0, 22.5, 9999.0, 22.52, 22.32, 22.16, 22.25, 22.23
2026-09-08, 01:14:07, 22.25, 22.27, 22.5, 22.52, 9999.0, 9999.0, 9999.0, 23.98, 9999.0, 22.5, 9999.0, 22.55, 22.32, 22.16, 22.25, 22.23
2026-09-08, 01:14:11, 22.25, 22.27, 22.5, 22.5, 9999.0, 9999.0, 9999.0, 23.93, 9999.0, 22.5, 9999.0, 22.57, 22.32, 22.14, 22.25, 22.23
2026-09-08, 01:14:15, 22.25, 22.27, 22.5, 22.52, 9999.0, 9999.0, 9999.0, 23.89, 9999.0, 22.5, 9999.0, 22.59, 22.32, 22.14, 22.25, 22.23
2026-09-08, 01:14:19, 22.25, 22.27, 22.5, 22.52, 9999.0, 9999.0, 9999.0, 23.84, 9999.0, 22.5, 9999.0, 22.61, 22.34, 22.14, 22.25, 22.23
2026-09-08, 01:14:23, 22.25, 22.3, 22.5, 22.52, 9999.0, 9999.0, 9999.0, 23.8, 9999.0, 22.52, 9999.0, 22.61, 22.34, 22.16, 22.23, 22.23
2026-09-08, 01:14:27, 22.25, 22.3, 22.5, 22.52, 9999.0, 9999.0, 9999.0, 23.75, 9999.0, 22.52, 9999.0, 22.61, 22.32, 22.18, 22.23, 22.2
2026-09-08, 01:14:31, 22.25, 22.3, 22.5, 22.52, 9999.0, 9999.0, 9999.0, 23.77, 9999.0, 22.52, 9999.0, 22.61, 22.32, 22.2, 22.23, 22.18
2026-09-08, 01:14:35, 22.25, 22.3, 22.5, 22.52, 9999.0, 9999.0, 9999.0, 23.8, 9999.0, 22.52, 9999.0, 22.61, 22.34, 22.2, 22.23, 22.18
2026-09-08, 01:14:40, 22.25, 22.32, 22.52, 22.52, 9999.0, 9999.0, 9999.0, 23.82, 9999.0, 22.52, 9999.0, 22.61, 22.34, 22.18, 22.23, 22.18
2026-09-08, 01:14:44, 22.25, 22.32, 22.52, 22.52, 9999.0, 9999.0, 9999.0, 23.84, 9999.0, 22.52, 9999.0, 22.61, 22.34, 22.16, 22.23, 22.18
2026-09-08, 01:14:48, 22.25, 22.3, 22.55, 22.52, 9999.0, 9999.0, 9999.0, 23.86, 9999.0, 22.52, 9999.0, 22.59, 22.36, 22.14, 22.23, 22.18
2026-09-08, 01:14:52, 22.25, 22.3, 22.57, 22.52, 9999.0, 9999.0, 9999.0, 23.89, 9999.0, 22.52, 9999.0, 22.57, 22.36, 22.11, 22.23, 22.18
2026-09-08, 01:14:56, 22.25, 22.3, 22.57, 22.52, 9999.0, 9999.0, 9999.0, 23.91, 9999.0, 22.5, 9999.0, 22.55, 22.34, 22.14, 22.23, 22.16
2026-09-08, 01:15:00, 22.25, 22.3, 22.57, 22.5, 9999.0, 9999.0, 9999.0, 23.95, 9999.0, 22.48, 9999.0, 22.52, 22.34, 22.14, 22.23, 22.14
2026-09-08, 01:15:04, 22.25, 22.3, 22.57, 22.5, 9999.0, 9999.0, 9999.0, 24.0, 9999.0, 22.45, 9999.0, 22.5, 22.32, 22.14, 22.23, 22.14
2026-09-08, 01:15:08, 22.25, 22.27, 22.59, 22.5, 9999.0, 9999.0, 9999.0, 24.05, 9999.0, 22.41, 9999.0, 22.5, 22.3, 22.14, 22.25, 22.14
2026-09-08, 01:15:12, 22.25, 22.27, 22.59, 22.5, 9999.0, 9999.0, 9999.0, 24.07, 9999.0, 22.39, 9999.0, 22.5, 22.3, 22.11, 22.23, 22.16
2026-09-08, 01:15:16, 22.25, 22.27, 22.59, 22.5, 9999.0, 9999.0, 9999.0, 24.05, 9999.0, 22.36, 9999.0, 22.5, 22.3, 22.11, 22.23, 22.18
2026-09-08, 01:15:20, 22.25, 22.27, 22.59, 22.5, 9999.0, 9999.0, 9999.0, 24.0, 9999.0, 22.34, 9999.0, 22.52, 22.27, 22.14, 22.23, 22.18
2026-09-08, 01:15:24, 22.25, 22.25, 22.59, 22.5, 9999.0, 9999.0, 9999.0, 23.95, 9999.0, 22.32, 9999.0, 22.55, 22.27, 22.16, 22.23, 22.18
2026-09-08, 01:15:28, 22.25, 22.25, 22.59, 22.5, 9999.0, 9999.0, 9999.0, 23.91, 9999.0, 22.32, 9999.0, 22.57, 22.27, 22.16, 22.23, 22.18
2026-09-08, 01:15:32, 22.25, 22.27, 22.57, 22.5, 9999.0, 9999.0, 9999.0, 23.89, 9999.0, 22.32, 9999.0, 22.57, 22.25, 22.18, 22.23, 22.18
2026-09-08, 01:15:36, 22.23, 22.27, 22.57, 22.5, 9999.0, 9999.0, 9999.0, 23.84, 9999.0, 22.32, 9999.0, 22.57, 22.25, 22.18, 22.23, 22.16
2026-09-08, 01:15:40, 22.23, 22.27, 22.59, 22.5, 9999.0, 9999.0, 9999.0, 23.8, 9999.0, 22.34, 9999.0, 22.57, 22.27, 22.16, 22.23, 22.18
2026-09-08, 01:15:44, 22.23, 22.27, 22.59, 22.5, 9999.0, 9999.0, 9999.0, 23.75, 9999.0, 22.39, 9999.0, 22.59, 22.3, 22.14, 22.23, 22.2
2026-09-08, 01:15:48, 22.23, 22.27, 22.59, 22.5, 9999.0, 9999.0, 9999.0, 23.77, 9999.0, 22.41, 9999.0, 22.59, 22.3, 22.11, 22.23, 22.2
2026-09-08, 01:15:52, 22.23, 22.3, 22.57, 22.5, 9999.0, 9999.0, 9999.0, 23.8, 9999.0, 22.43, 9999.0, 22.59, 22.3, 22.11, 22.23, 22.2
2026-09-08, 01:15:56, 22.23, 22.3, 22.57, 22.5, 9999.0, 9999.0, 9999.0, 23.82, 9999.0, 22.45, 9999.0, 22.59, 22.3, 22.11, 22.25, 22.2
2026-09-08, 01:16:00, 22.23, 22.3, 22.57, 22.5, 9999.0, 9999.0, 9999.0, 23.82, 9999.0, 22.48, 9999.0, 22.59, 22.3, 22.09, 22.25, 22.18
2026-09-08, 01:16:04, 22.23, 22.32, 22.57, 22.5, 9999.0, 9999.0, 9999.0, 23.84, 9999.0, 22.48, 9999.0, 22.57, 22.3, 22.07, 22.25, 22.16
2026-09-08, 01:16:08, 22.23, 22.32, 22.55, 22.5, 9999.0, 9999.0, 9999.0, 23.86, 9999.0, 22.48, 9999.0, 22.55, 22.3, 22.05, 22.25, 22.16
2026-09-08, 01:16:12, 22.23, 22.32, 22.55, 22.5, 9999.0, 9999.0, 9999.0, 23.89, 9999.0, 22.45, 9999.0, 22.52, 22.3, 22.07, 22.25, 22.16
2026-09-08, 01:16:16, 22.23, 22.3, 22.55, 22.5, 9999.0, 9999.0, 9999.0, 23.89, 9999.0, 22.43, 9999.0, 22.5, 22.3, 22.05, 22.25, 22.14
2026-09-08, 01:16:20, 22.25, 22.3, 22.55, 22.5, 9999.0, 9999.0, 9999.0, 23.93, 9999.0, 22.41, 9999.0, 22.48, 22.3, 22.05, 22.25, 22.16
2026-09-08, 01:16:24, 22.25, 22.3, 22.52, 22.5, 9999.0, 9999.0, 9999.0, 23.95, 9999.0, 22.39, 9999.0, 22.48, 22.27, 22.05, 22.23, 22.16
2026-09-08, 01:16:28, 22.25, 22.3, 22.52, 22.5, 9999.0, 9999.0, 9999.0, 24.0, 9999.0, 22.34, 9999.0, 22.45, 22.25, 22.05, 22.23, 22.16
2026-09-08, 01:16:32, 22.25, 22.3, 22.52, 22.5, 9999.0, 9999.0, 9999.0, 23.95, 9999.0, 22.32, 9999.0, 22.45, 22.25, 22.07, 22.23, 22.16
2026-09-08, 01:16:36, 22.25, 22.27, 22.52, 22.5, 9999.0, 9999.0, 9999.0, 23.91, 9999.0, 22.3, 9999.0, 22.48, 22.27, 22.07, 22.23, 22.16
2026-09-08, 01:16:40, 22.25, 22.27, 22.52, 22.5, 9999.0, 9999.0, 9999.0, 23.86, 9999.0, 22.27, 9999.0, 22.5, 22.27, 22.09, 22.23, 22.14
2026-09-08, 01:16:44, 22.25, 22.3, 22.52, 22.52, 9999.0, 9999.0, 9999.0, 23.82, 9999.0, 22.27, 9999.0, 22.52, 22.27, 22.09, 22.23, 22.16
2026-09-08, 01:16:48, 22.25, 22.3, 22.52, 22.55, 9999.0, 9999.0, 9999.0, 23.77, 9999.0, 22.3, 9999.0, 22.55, 22.27, 22.09, 22.23, 22.18
2026-09-08, 01:16:52, 22.25, 22.3, 22.52, 22.55, 9999.0, 9999.0, 9999.0, 23.73, 9999.0, 22.32, 9999.0, 22.55, 22.27, 22.11, 22.23, 22.18
2026-09-08, 01:16:56, 22.25, 22.3, 22.52, 22.55, 9999.0, 9999.0, 9999.0, 23.68, 9999.0, 22.34, 9999.0, 22.57, 22.27, 22.09, 22.23, 22.16
2026-09-08, 01:17:00, 22.25, 22.3, 22.52, 22.55, 9999.0, 9999.0, 9999.0, 23.66, 9999.0, 22.36, 9999.0, 22.61, 22.27, 22.11, 22.23, 22.18
2026-09-08, 01:17:04, 22.25, 22.3, 22.5, 22.55, 9999.0, 9999.0, 9999.0, 23.68, 9999.0, 22.39, 9999.0, 22.64, 22.27, 22.14, 22.23, 22.18
2026-09-08, 01:17:08, 22.25, 22.3, 22.5, 22.57, 9999.0, 9999.0, 9999.0, 23.73, 9999.0, 22.41, 9999.0, 22.64, 22.27, 22.16, 22.25, 22.18
2026-09-08, 01:17:12, 22.25, 22.3, 22.5, 22.59, 9999.0, 9999.0, 9999.0, 23.73, 9999.0, 22.43, 9999.0, 22.64, 22.27, 22.16, 22.25, 22.18
2026-09-08, 01:17:16, 22.25, 22.3, 22.5, 22.61, 9999.0, 9999.0, 9999.0, 23.75, 9999.0, 22.43, 9999.0, 22.64, 22.27, 22.16, 22.25, 22.18
2026-09-08, 01:17:20, 22.25, 22.3, 22.52, 22.61, 9999.0, 9999.0, 9999.0, 23.77, 9999.0, 22.43, 9999.0, 22.61, 22.25, 22.16, 22.25, 22.2
2026-09-08, 01:17:24, 22.23, 22.3, 22.52, 22.61, 9999.0, 9999.0, 9999.0, 23.8, 9999.0, 22.43, 9999.0, 22.59, 22.25, 22.16, 22.25, 22.2
2026-09-08, 01:17:28, 22.23, 22.27, 22.55, 22.59, 9999.0, 9999.0, 9999.0, 23.84, 9999.0, 22.41, 9999.0, 22.57, 22.25, 22.18, 22.25, 22.18
2026-09-08, 01:17:32, 22.23, 22.25, 22.55, 22.57, 9999.0, 9999.0, 9999.0, 23.86, 9999.0, 22.39, 9999.0, 22.52, 22.27, 22.18, 22.25, 22.18
2026-09-08, 01:17:36, 22.23, 22.25, 22.55, 22.57, 9999.0, 9999.0, 9999.0, 23.89, 9999.0, 22.36, 9999.0, 22.52, 22.27, 22.18, 22.25, 22.18
2026-09-08, 01:17:40, 22.23, 22.25, 22.55, 22.57, 9999.0, 9999.0, 9999.0, 23.91, 9999.0, 22.34, 9999.0, 22.5, 22.27, 22.18, 22.25, 22.18
2026-09-08, 01:17:44, 22.23, 22.25, 22.57, 22.57, 9999.0, 9999.0, 9999.0, 23.93, 9999.0, 22.32, 9999.0, 22.5, 22.27, 22.18, 22.25, 22.16
2026-09-08, 01:17:48, 22.23, 22.25, 22.57, 22.57, 9999.0, 9999.0, 9999.0, 23.89, 9999.0, 22.3, 9999.0, 22.52, 22.27, 22.18, 22.25, 22.14
2026-09-08, 01:17:52, 22.23, 22.25, 22.57, 22.55, 9999.0, 9999.0, 9999.0, 23.84, 9999.0, 22.25, 9999.0, 22.55, 22.27, 22.16, 22.25, 22.14
2026-09-08, 01:17:56, 22.23, 22.25, 22.59, 22.52, 9999.0, 9999.0, 9999.0, 23.8, 9999.0, 22.2, 9999.0, 22.57, 22.27, 22.18, 22.25, 22.11
2026-09-08, 01:18:00, 22.23, 22.25, 22.61, 22.5, 9999.0, 9999.0, 9999.0, 23.77, 9999.0, 22.2, 9999.0, 22.59, 22.3, 22.16, 22.25, 22.09
2026-09-08, 01:18:04, 22.23, 22.25, 22.59, 22.5, 9999.0, 9999.0, 9999.0, 23.73, 9999.0, 22.2, 9999.0, 22.61, 22.32, 22.16, 22.25, 22.09
2026-09-08, 01:18:08, 22.25, 22.25, 22.59, 22.5, 9999.0, 9999.0, 9999.0, 23.7, 9999.0, 22.2, 9999.0, 22.64, 22.34, 22.14, 22.25, 22.09
2026-09-08, 01:18:12, 22.25, 22.25, 22.59, 22.5, 9999.0, 9999.0, 9999.0, 23.66, 9999.0, 22.23, 9999.0, 22.64, 22.34, 22.11, 22.25, 22.11
2026-09-08, 01:18:16, 22.25, 22.25, 22.59, 22.5, 9999.0, 9999.0, 9999.0, 23.64, 9999.0, 22.25, 9999.0, 22.66, 22.32, 22.11, 22.25, 22.11
2026-09-08, 01:18:20, 22.25, 22.25, 22.59, 22.5, 9999.0, 9999.0, 9999.0, 23.68, 9999.0, 22.27, 9999.0, 22.66, 22.32, 22.09, 22.25, 22.11
2026-09-08, 01:18:24, 22.25, 22.27, 22.61, 22.5, 9999.0, 9999.0, 9999.0, 23.73, 9999.0, 22.3, 9999.0, 22.66, 22.32, 22.11, 22.25, 22.11
2026-09-08, 01:18:28, 22.25, 22.27, 22.59, 22.52, 9999.0, 9999.0, 9999.0, 23.77, 9999.0, 22.3, 9999.0, 22.64, 22.32, 22.11, 22.25, 22.14
2026-09-08, 01:18:33, 22.25, 22.27, 22.59, 22.55, 9999.0, 9999.0, 9999.0, 23.8, 9999.0, 22.3, 9999.0, 22.61, 22.34, 22.11, 22.25, 22.14
2026-09-08, 01:18:37, 22.25, 22.27, 22.61, 22.55, 9999.0, 9999.0, 9999.0, 23.82, 9999.0, 22.32, 9999.0, 22.59, 22.36, 22.11, 22.25, 22.14
2026-09-08, 01:18:41, 22.25, 22.27, 22.59, 22.57, 9999.0, 9999.0, 9999.0, 23.86, 9999.0, 22.34, 9999.0, 22.57, 22.36, 22.11, 22.25, 22.16
2026-09-08, 01:18:45, 22.25, 22.27, 22.57, 22.57, 9999.0, 9999.0, 9999.0, 23.86, 9999.0, 22.34, 9999.0, 22.55, 22.36, 22.14, 22.25, 22.18
2026-09-08, 01:18:49, 22.25, 22.27, 22.57, 22.57, 9999.0, 9999.0, 9999.0, 23.89, 9999.0, 22.34, 9999.0, 22.5, 22.34, 22.11, 22.25, 22.18
2026-09-08, 01:18:53, 22.25, 22.27, 22.57, 22.57, 9999.0, 9999.0, 9999.0, 23.91, 9999.0, 22.34, 9999.0, 22.45, 22.34, 22.11, 22.23, 22.2
2026-09-08, 01:18:57, 22.25, 22.27, 22.55, 22.59, 9999.0, 9999.0, 9999.0, 23.95, 9999.0, 22.32, 9999.0, 22.48, 22.36, 22.14, 22.23, 22.2
2026-09-08, 01:19:01, 22.25, 22.27, 22.55, 22.59, 9999.0, 9999.0, 9999.0, 23.98, 9999.0, 22.27, 9999.0, 22.48, 22.36, 22.14, 22.23, 22.2
2026-09-08, 01:19:05, 22.23, 22.27, 22.55, 22.59, 9999.0, 9999.0, 9999.0, 23.93, 9999.0, 22.25, 9999.0, 22.48, 22.36, 22.14, 22.23, 22.2
2026-09-08, 01:19:09, 22.23, 22.25, 22.52, 22.59, 9999.0, 9999.0, 9999.0, 23.89, 9999.0, 22.2, 9999.0, 22.5, 22.36, 22.14, 22.23, 22.23
2026-09-08, 01:19:13, 22.2, 22.25, 22.52, 22.59, 9999.0, 9999.0, 9999.0, 23.82, 9999.0, 22.18, 9999.0, 22.52, 22.36, 22.14, 22.23, 22.23
2026-09-08, 01:19:17, 22.2, 22.25, 22.55, 22.57, 9999.0, 9999.0, 9999.0, 23.77, 9999.0, 22.18, 9999.0, 22.55, 22.34, 22.14, 22.23, 22.25
2026-09-08, 01:19:21, 22.2, 22.25, 22.55, 22.57, 9999.0, 9999.0, 9999.0, 23.73, 9999.0, 22.18, 9999.0, 22.57, 22.32, 22.16, 22.23, 22.25
2026-09-08, 01:19:25, 22.2, 22.25, 22.57, 22.55, 9999.0, 9999.0, 9999.0, 23.68, 9999.0, 22.18, 9999.0, 22.59, 22.34, 22.14, 22.23, 22.25
2026-09-08, 01:19:29, 22.2, 22.25, 22.57, 22.55, 9999.0, 9999.0, 9999.0, 23.66, 9999.0, 22.2, 9999.0, 22.61, 22.34, 22.14, 22.23, 22.23
2026-09-08, 01:19:33, 22.2, 22.25, 22.57, 22.55, 9999.0, 9999.0, 9999.0, 23.64, 9999.0, 22.23, 9999.0, 22.66, 22.36, 22.16, 22.23, 22.23
2026-09-08, 01:19:37, 22.2, 22.25, 22.57, 22.55, 9999.0, 9999.0, 9999.0, 23.59, 9999.0, 22.25, 9999.0, 22.7, 22.34, 22.16, 22.25, 22.23
2026-09-08, 01:19:41, 22.2, 22.25, 22.59, 22.52, 9999.0, 9999.0, 9999.0, 23.59, 9999.0, 22.27, 9999.0, 22.68, 22.32, 22.14, 22.25, 22.23
2026-09-08, 01:19:45, 22.2, 22.27, 22.59, 22.52, 9999.0, 9999.0, 9999.0, 23.61, 9999.0, 22.3, 9999.0, 22.68, 22.32, 22.14, 22.25, 22.23
2026-09-08, 01:19:49, 22.23, 22.27, 22.59, 22.52, 9999.0, 9999.0, 9999.0, 23.64, 9999.0, 22.3, 9999.0, 22.68, 22.32, 22.14, 22.25, 22.2
2026-09-08, 01:19:53, 22.23, 22.27, 22.59, 22.52, 9999.0, 9999.0, 9999.0, 23.64, 9999.0, 22.32, 9999.0, 22.66, 22.34, 22.11, 22.25, 22.2
2026-09-08, 01:19:57, 22.25, 22.27, 22.59, 22.52, 9999.0, 9999.0, 9999.0, 23.66, 9999.0, 22.34, 9999.0, 22.64, 22.34, 22.11, 22.25, 22.2
2026-09-08, 01:20:01, 22.25, 22.3, 22.59, 22.52, 9999.0, 9999.0, 9999.0, 23.68, 9999.0, 22.34, 9999.0, 22.61, 22.34, 22.11, 22.25, 22.2
2026-09-08, 01:20:05, 22.25, 22.3, 22.59, 22.52, 9999.0, 9999.0, 9999.0, 23.7, 9999.0, 22.32, 9999.0, 22.59, 22.34, 22.09, 22.23, 22.2
2026-09-08, 01:20:09, 22.25, 22.3, 22.59, 22.55, 9999.0, 9999.0, 9999.0, 23.73, 9999.0, 22.3, 9999.0, 22.57, 22.32, 22.11, 22.2, 22.2
2026-09-08, 01:20:13, 22.25, 22.3, 22.61, 22.55, 9999.0, 9999.0, 9999.0, 23.75, 9999.0, 22.27, 9999.0, 22.55, 22.3, 22.11, 22.2, 22.23
2026-09-08, 01:20:17, 22.25, 22.3, 22.61, 22.55, 9999.0, 9999.0, 9999.0, 23.77, 9999.0, 22.23, 9999.0, 22.52, 22.3, 22.11, 22.2, 22.23
2026-09-08, 01:20:21, 22.23, 22.3, 22.61, 22.55, 9999.0, 9999.0, 9999.0, 23.8, 9999.0, 22.18, 9999.0, 22.5, 22.3, 22.14, 22.2, 22.23
2026-09-08, 01:20:25, 22.2, 22.3, 22.59, 22.55, 9999.0, 9999.0, 9999.0, 23.77, 9999.0, 22.14, 9999.0, 22.52, 22.32, 22.14, 22.2, 22.23
2026-09-08, 01:20:29, 22.18, 22.27, 22.59, 22.55, 9999.0, 9999.0, 9999.0, 23.73, 9999.0, 22.11, 9999.0, 22.55, 22.32, 22.16, 22.2, 22.23
2026-09-08, 01:20:33, 22.18, 22.27, 22.59, 22.55, 9999.0, 9999.0, 9999.0, 23.68, 9999.0, 22.09, 9999.0, 22.57, 22.32, 22.18, 22.2, 22.23
2026-09-08, 01:20:37, 22.18, 22.27, 22.59, 22.55, 9999.0, 9999.0, 9999.0, 23.66, 9999.0, 22.09, 9999.0, 22.57, 22.3, 22.2, 22.2, 22.23
2026-09-08, 01:20:41, 22.16, 22.27, 22.59, 22.52, 9999.0, 9999.0, 9999.0, 23.64, 9999.0, 22.09, 9999.0, 22.59, 22.3, 22.18, 22.2, 22.23
2026-09-08, 01:20:45, 22.16, 22.25, 22.59, 22.55, 9999.0, 9999.0, 9999.0, 23.61, 9999.0, 22.09, 9999.0, 22.59, 22.32, 22.18, 22.2, 22.23
2026-09-08, 01:20:49, 22.16, 22.25, 22.59, 22.55, 9999.0, 9999.0, 9999.0, 23.57, 9999.0, 22.11, 9999.0, 22.59, 22.34, 22.2, 22.23, 22.23
2026-09-08, 01:20:53, 22.16, 22.25, 22.59, 22.55, 9999.0, 9999.0, 9999.0, 23.52, 9999.0, 22.14, 9999.0, 22.59, 22.36, 22.2, 22.25, 22.23
2026-09-08, 01:20:57, 22.14, 22.25, 22.59, 22.55, 9999.0, 9999.0, 9999.0, 23.55, 9999.0, 22.14, 9999.0, 22.59, 22.36, 22.2, 22.25, 22.23
2026-09-08, 01:21:01, 22.14, 22.25, 22.59, 22.55, 9999.0, 9999.0, 9999.0, 23.57, 9999.0, 22.16, 9999.0, 22.59, 22.36, 22.2, 22.25, 22.23
2026-09-08, 01:21:05, 22.16, 22.27, 22.61, 22.57, 9999.0, 9999.0, 9999.0, 23.61, 9999.0, 22.18, 9999.0, 22.59, 22.39, 22.2, 22.25, 22.23
2026-09-08, 01:21:09, 22.18, 22.3, 22.64, 22.57, 9999.0, 9999.0, 9999.0, 23.61, 9999.0, 22.2, 9999.0, 22.57, 22.36, 22.2, 22.25, 22.23
2026-09-08, 01:21:13, 22.2, 22.3, 22.64, 22.57, 9999.0, 9999.0, 9999.0, 23.64, 9999.0, 22.2, 9999.0, 22.55, 22.36, 22.2, 22.25, 22.23
2026-09-08, 01:21:17, 22.2, 22.3, 22.66, 22.57, 9999.0, 9999.0, 9999.0, 23.66, 9999.0, 22.23, 9999.0, 22.52, 22.36, 22.18, 22.25, 22.23
2026-09-08, 01:21:21, 22.2, 22.3, 22.66, 22.57, 9999.0, 9999.0, 9999.0, 23.68, 9999.0, 22.2, 9999.0, 22.52, 22.36, 22.16, 22.25, 22.2
2026-09-08, 01:21:25, 22.23, 22.32, 22.66, 22.57, 9999.0, 9999.0, 9999.0, 23.7, 9999.0, 22.18, 9999.0, 22.5, 22.36, 22.18, 22.25, 22.2
2026-09-08, 01:21:29, 22.23, 22.32, 22.64, 22.55, 9999.0, 9999.0, 9999.0, 23.73, 9999.0, 22.16, 9999.0, 22.5, 22.34, 22.16, 22.25, 22.2
2026-09-08, 01:21:33, 22.23, 22.34, 22.64, 22.55, 9999.0, 9999.0, 9999.0, 23.77, 9999.0, 22.14, 9999.0, 22.52, 22.32, 22.14, 22.25, 22.2
2026-09-08, 01:21:37, 22.2, 22.34, 22.64, 22.52, 9999.0, 9999.0, 9999.0, 23.8, 9999.0, 22.11, 9999.0, 22.52, 22.3, 22.14, 22.25, 22.18
2026-09-08, 01:21:41, 22.23, 22.36, 22.61, 22.52, 9999.0, 9999.0, 9999.0, 23.75, 9999.0, 22.09, 9999.0, 22.55, 22.3, 22.11, 22.25, 22.18
2026-09-08, 01:21:45, 22.23, 22.36, 22.61, 22.52, 9999.0, 9999.0, 9999.0, 23.7, 9999.0, 22.05, 9999.0, 22.57, 22.3, 22.09, 22.25, 22.18
2026-09-08, 01:21:49, 22.23, 22.34, 22.61, 22.5, 9999.0, 9999.0, 9999.0, 23.64, 9999.0, 22.0, 9999.0, 22.59, 22.27, 22.07, 22.25, 22.18
2026-09-08, 01:21:53, 22.23, 22.34, 22.61, 22.52, 9999.0, 9999.0, 9999.0, 23.61, 9999.0, 21.98, 9999.0, 22.61, 22.27, 22.09, 22.25, 22.18
2026-09-08, 01:21:57, 22.2, 22.34, 22.61, 22.52, 9999.0, 9999.0, 9999.0, 23.57, 9999.0, 21.98, 9999.0, 22.64, 22.27, 22.07, 22.25, 22.18
2026-09-08, 01:22:01, 22.2, 22.34, 22.59, 22.55, 9999.0, 9999.0, 9999.0, 23.52, 9999.0, 21.98, 9999.0, 22.66, 22.3, 22.09, 22.25, 22.18
2026-09-08, 01:22:05, 22.2, 22.34, 22.59, 22.55, 9999.0, 9999.0, 9999.0, 23.48, 9999.0, 22.0, 9999.0, 22.66, 22.32, 22.11, 22.25, 22.2
2026-09-08, 01:22:09, 22.2, 22.32, 22.61, 22.55, 9999.0, 9999.0, 9999.0, 23.43, 9999.0, 22.02, 9999.0, 22.68, 22.34, 22.11, 22.25, 22.2
2026-09-08, 01:22:13, 22.2, 22.32, 22.64, 22.55, 9999.0, 9999.0, 9999.0, 23.45, 9999.0, 22.05, 9999.0, 22.7, 22.36, 22.11, 22.25, 22.2
2026-09-08, 01:22:17, 22.2, 22.3, 22.61, 22.55, 9999.0, 9999.0, 9999.0, 23.48, 9999.0, 22.07, 9999.0, 22.68, 22.39, 22.14, 22.25, 22.2
2026-09-08, 01:22:21, 22.23, 22.3, 22.59, 22.55, 9999.0, 9999.0, 9999.0, 23.52, 9999.0, 22.07, 9999.0, 22.68, 22.39, 22.11, 22.25, 22.23
2026-09-08, 01:22:26, 22.23, 22.27, 22.59, 22.55, 9999.0, 9999.0, 9999.0, 23.55, 9999.0, 22.07, 9999.0, 22.66, 22.41, 22.11, 22.25, 22.2
2026-09-08, 01:22:30, 22.2, 22.27, 22.59, 22.57, 9999.0, 9999.0, 9999.0, 23.57, 9999.0, 22.09, 9999.0, 22.64, 22.39, 22.14, 22.25, 22.2
2026-09-08, 01:22:34, 22.2, 22.27, 22.59, 22.57, 9999.0, 9999.0, 9999.0, 23.61, 9999.0, 22.11, 9999.0, 22.61, 22.39, 22.14, 22.25, 22.2
2026-09-08, 01:22:38, 22.2, 22.25, 22.59, 22.55, 9999.0, 9999.0, 9999.0, 23.64, 9999.0, 22.11, 9999.0, 22.59, 22.41, 22.11, 22.25, 22.2
2026-09-08, 01:22:42, 22.23, 22.25, 22.59, 22.55, 9999.0, 9999.0, 9999.0, 23.68, 9999.0, 22.11, 9999.0, 22.57, 22.41, 22.11, 22.25, 22.2
2026-09-08, 01:22:46, 22.23, 22.25, 22.59, 22.52, 9999.0, 9999.0, 9999.0, 23.7, 9999.0, 22.09, 9999.0, 22.55, 22.39, 22.09, 22.25, 22.23
2026-09-08, 01:22:50, 22.23, 22.25, 22.61, 22.52, 9999.0, 9999.0, 9999.0, 23.75, 9999.0, 22.05, 9999.0, 22.57, 22.36, 22.07, 22.25, 22.23
2026-09-08, 01:22:54, 22.23, 22.25, 22.59, 22.52, 9999.0, 9999.0, 9999.0, 23.77, 9999.0, 22.02, 9999.0, 22.55, 22.34, 22.07, 22.23, 22.23
2026-09-08, 01:22:58, 22.23, 22.25, 22.59, 22.52, 9999.0, 9999.0, 9999.0, 23.73, 9999.0, 22.0, 9999.0, 22.55, 22.32, 22.09, 22.23, 22.2
2026-09-08, 01:23:02, 22.23, 22.25, 22.59, 22.55, 9999.0, 9999.0, 9999.0, 23.68, 9999.0, 21.98, 9999.0, 22.57, 22.32, 22.09, 22.23, 22.2
2026-09-08, 01:23:06, 22.23, 22.27, 22.59, 22.55, 9999.0, 9999.0, 9999.0, 23.64, 9999.0, 21.95, 9999.0, 22.57, 22.34, 22.11, 22.23, 22.2
2026-09-08, 01:23:10, 22.23, 22.27, 22.59, 22.57, 9999.0, 9999.0, 9999.0, 23.61, 9999.0, 21.95, 9999.0, 22.57, 22.34, 22.14, 22.2, 22.23
2026-09-08, 01:23:14, 22.25, 22.27, 22.61, 22.55, 9999.0, 9999.0, 9999.0, 23.59, 9999.0, 21.95, 9999.0, 22.57, 22.34, 22.14, 22.2, 22.23
2026-09-08, 01:23:18, 22.25, 22.27, 22.59, 22.55, 9999.0, 9999.0, 9999.0, 23.55, 9999.0, 21.98, 9999.0, 22.57, 22.34, 22.14, 22.2, 22.23
2026-09-08, 01:23:22, 22.23, 22.27, 22.57, 22.55, 9999.0, 9999.0, 9999.0, 23.5, 9999.0, 22.0, 9999.0, 22.57, 22.34, 22.16, 22.2, 22.23
2026-09-08, 01:23:26, 22.2, 22.3, 22.57, 22.55, 9999.0, 9999.0, 9999.0, 23.45, 9999.0, 22.02, 9999.0, 22.57, 22.36, 22.16, 22.2, 22.23
2026-09-08, 01:23:30, 22.2, 22.3, 22.57, 22.55, 9999.0, 9999.0, 9999.0, 23.5, 9999.0, 22.05, 9999.0, 22.59, 22.39, 22.16, 22.2, 22.23
2026-09-08, 01:23:34, 22.2, 22.3, 22.55, 22.55, 9999.0, 9999.0, 9999.0, 23.52, 9999.0, 22.07, 9999.0, 22.57, 22.41, 22.18, 22.2, 22.23
2026-09-08, 01:23:38, 22.2, 22.3, 22.55, 22.57, 9999.0, 9999.0, 9999.0, 23.57, 9999.0, 22.07, 9999.0, 22.57, 22.41, 22.18, 22.23, 22.23
2026-09-08, 01:23:42, 22.2, 22.3, 22.55, 22.59, 9999.0, 9999.0, 9999.0, 23.61, 9999.0, 22.07, 9999.0, 22.55, 22.43, 22.18, 22.2, 22.25
2026-09-08, 01:23:46, 22.2, 22.3, 22.55, 22.57, 9999.0, 9999.0, 9999.0, 23.66, 9999.0, 22.07, 9999.0, 22.52, 22.41, 22.18, 22.2, 22.25
2026-09-08, 01:23:50, 22.2, 22.27, 22.55, 22.57, 9999.0, 9999.0, 9999.0, 23.68, 9999.0, 22.09, 9999.0, 22.52, 22.39, 22.18, 22.2, 22.25
2026-09-08, 01:23:54, 22.2, 22.27, 22.55, 22.55, 9999.0, 9999.0, 9999.0, 23.7, 9999.0, 22.09, 9999.0, 22.52, 22.36, 22.18, 22.23, 22.25
2026-09-08, 01:23:58, 22.2, 22.27, 22.55, 22.57, 9999.0, 9999.0, 9999.0, 23.7, 9999.0, 22.09, 9999.0, 22.52, 22.36, 22.18, 22.23, 22.25
2026-09-08, 01:24:02, 22.18, 22.27, 22.55, 22.59, 9999.0, 9999.0, 9999.0, 23.75, 9999.0, 22.07, 9999.0, 22.52, 22.36, 22.18, 22.23, 22.25
2026-09-08, 01:24:06, 22.2, 22.27, 22.55, 22.61, 9999.0, 9999.0, 9999.0, 23.8, 9999.0, 22.02, 9999.0, 22.55, 22.34, 22.18, 22.23, 22.25
2026-09-08, 01:24:10, 22.23, 22.25, 22.57, 22.61, 9999.0, 9999.0, 9999.0, 23.84, 9999.0, 22.0, 9999.0, 22.55, 22.32, 22.18, 22.23, 22.25
2026-09-08, 01:24:14, 22.23, 22.25, 22.57, 22.61, 9999.0, 9999.0, 9999.0, 23.8, 9999.0, 21.95, 9999.0, 22.55, 22.3, 22.2, 22.23, 22.25
2026-09-08, 01:24:18, 22.23, 22.25, 22.57, 22.61, 9999.0, 9999.0, 9999.0, 23.75, 9999.0, 21.93, 9999.0, 22.57, 22.27, 22.2, 22.23, 22.25
2026-09-08, 01:24:22, 22.2, 22.25, 22.57, 22.59, 9999.0, 9999.0, 9999.0, 23.7, 9999.0, 21.91, 9999.0, 22.59, 22.27, 22.2, 22.23, 22.25
2026-09-08, 01:24:26, 22.2, 22.25, 22.55, 22.57, 9999.0, 9999.0, 9999.0, 23.66, 9999.0, 21.91, 9999.0, 22.61, 22.25, 22.2, 22.25, 22.25
2026-09-08, 01:24:30, 22.18, 22.27, 22.57, 22.57, 9999.0, 9999.0, 9999.0, 23.59, 9999.0, 21.91, 9999.0, 22.61, 22.25, 22.2, 22.25, 22.25
2026-09-08, 01:24:34, 22.18, 22.27, 22.57, 22.59, 9999.0, 9999.0, 9999.0, 23.55, 9999.0, 21.91, 9999.0, 22.61, 22.25, 22.2, 22.25, 22.25
2026-09-08, 01:24:38, 22.18, 22.27, 22.57, 22.59, 9999.0, 9999.0, 9999.0, 23.5, 9999.0, 21.91, 9999.0, 22.61, 22.27, 22.2, 22.25, 22.25
2026-09-08, 01:24:42, 22.16, 22.27, 22.55, 22.59, 9999.0, 9999.0, 9999.0, 23.48, 9999.0, 21.93, 9999.0, 22.64, 22.3, 22.2, 22.25, 22.25
2026-09-08, 01:24:46, 22.18, 22.27, 22.57, 22.57, 9999.0, 9999.0, 9999.0, 23.5, 9999.0, 21.93, 9999.0, 22.64, 22.32, 22.23, 22.25, 22.25
2026-09-08, 01:24:50, 22.18, 22.27, 22.57, 22.57, 9999.0, 9999.0, 9999.0, 23.52, 9999.0, 21.95, 9999.0, 22.61, 22.34, 22.23, 22.25, 22.25
2026-09-08, 01:24:54, 22.18, 22.27, 22.55, 22.59, 9999.0, 9999.0, 9999.0, 23.55, 9999.0, 21.95, 9999.0, 22.61, 22.36, 22.25, 22.25, 22.25
2026-09-08, 01:24:58, 22.18, 22.27, 22.55, 22.59, 9999.0, 9999.0, 9999.0, 23.57, 9999.0, 21.98, 9999.0, 22.59, 22.39, 22.25, 22.25, 22.25
2026-09-08, 01:25:02, 22.18, 22.27, 22.57, 22.59, 9999.0, 9999.0, 9999.0, 23.59, 9999.0, 22.0, 9999.0, 22.57, 22.41, 22.25, 22.25, 22.25
2026-09-08, 01:25:06, 22.18, 22.27, 22.57, 22.59, 9999.0, 9999.0, 9999.0, 23.61, 9999.0, 22.02, 9999.0, 22.55, 22.41, 22.23, 22.25, 22.25
2026-09-08, 01:25:10, 22.18, 22.27, 22.59, 22.59, 9999.0, 9999.0, 9999.0, 23.61, 9999.0, 22.02, 9999.0, 22.52, 22.41, 22.23, 22.25, 22.25
2026-09-08, 01:25:14, 22.2, 22.25, 22.57, 22.59, 9999.0, 9999.0, 9999.0, 23.64, 9999.0, 22.02, 9999.0, 22.52, 22.41, 22.2, 22.25, 22.25
2026-09-08, 01:25:18, 22.2, 22.25, 22.59, 22.57, 9999.0, 9999.0, 9999.0, 23.66, 9999.0, 22.02, 9999.0, 22.52, 22.41, 22.2, 22.25, 22.25
2026-09-08, 01:25:22, 22.2, 22.25, 22.59, 22.57, 9999.0, 9999.0, 9999.0, 23.68, 9999.0, 22.0, 9999.0, 22.52, 22.39, 22.2, 22.25, 22.25
2026-09-08, 01:25:26, 22.23, 22.25, 22.59, 22.55, 9999.0, 9999.0, 9999.0, 23.7, 9999.0, 21.95, 9999.0, 22.52, 22.36, 22.18, 22.25, 22.25
2026-09-08, 01:25:30, 22.2, 22.25, 22.59, 22.55, 9999.0, 9999.0, 9999.0, 23.64, 9999.0, 21.93, 9999.0, 22.55, 22.36, 22.18, 22.25, 22.25
2026-09-08, 01:25:34, 22.2, 22.25, 22.61, 22.55, 9999.0, 9999.0, 9999.0, 23.59, 9999.0, 21.91, 9999.0, 22.57, 22.36, 22.18, 22.25, 22.25
2026-09-08, 01:25:38, 22.2, 22.25, 22.61, 22.52, 9999.0, 9999.0, 9999.0, 23.52, 9999.0, 21.89, 9999.0, 22.59, 22.34, 22.18, 22.25, 22.25
2026-09-08, 01:25:42, 22.2, 22.25, 22.61, 22.55, 9999.0, 9999.0, 9999.0, 23.48, 9999.0, 21.89, 9999.0, 22.61, 22.32, 22.18, 22.25, 22.25
2026-09-08, 01:25:46, 22.2, 22.25, 22.61, 22.55, 9999.0, 9999.0, 9999.0, 23.45, 9999.0, 21.89, 9999.0, 22.64, 22.3, 22.18, 22.25, 22.25
2026-09-08, 01:25:50, 22.23, 22.25, 22.61, 22.55, 9999.0, 9999.0, 9999.0, 23.41, 9999.0, 21.91, 9999.0, 22.66, 22.32, 22.2, 22.25, 22.25
2026-09-08, 01:25:54, 22.23, 22.25, 22.61, 22.55, 9999.0, 9999.0, 9999.0, 23.39, 9999.0, 21.93, 9999.0, 22.68, 22.34, 22.18, 22.25, 22.25
2026-09-08, 01:25:58, 22.23, 22.25, 22.64, 22.57, 9999.0, 9999.0, 9999.0, 23.36, 9999.0, 21.95, 9999.0, 22.68, 22.36, 22.2, 22.25, 22.25
2026-09-08, 01:26:02, 22.23, 22.25, 22.61, 22.57, 9999.0, 9999.0, 9999.0, 23.41, 9999.0, 21.98, 9999.0, 22.68, 22.39, 22.18, 22.25, 22.25
2026-09-08, 01:26:06, 22.23, 22.25, 22.61, 22.59, 9999.0, 9999.0, 9999.0, 23.43, 9999.0, 22.02, 9999.0, 22.68, 22.39, 22.16, 22.25, 22.25
2026-09-08, 01:26:10, 22.23, 22.25, 22.61, 22.61, 9999.0, 9999.0, 9999.0, 23.45, 9999.0, 22.05, 9999.0, 22.66, 22.39, 22.18, 22.25, 22.25
2026-09-08, 01:26:15, 22.25, 22.25, 22.61, 22.64, 9999.0, 9999.0, 9999.0, 23.5, 9999.0, 22.07, 9999.0, 22.64, 22.36, 22.18, 22.25, 22.25
2026-09-08, 01:26:19, 22.25, 22.25, 22.59, 22.64, 9999.0, 9999.0, 9999.0, 23.52, 9999.0, 22.09, 9999.0, 22.61, 22.36, 22.18, 22.25, 22.25
2026-09-08, 01:26:23, 22.25, 22.25, 22.61, 22.66, 9999.0, 9999.0, 9999.0, 23.55, 9999.0, 22.11, 9999.0, 22.59, 22.36, 22.16, 22.25, 22.25
2026-09-08, 01:26:27, 22.25, 22.25, 22.61, 22.64, 9999.0, 9999.0, 9999.0, 23.57, 9999.0, 22.11, 9999.0, 22.57, 22.36, 22.14, 22.25, 22.25
2026-09-08, 01:26:31, 22.25, 22.25, 22.59, 22.66, 9999.0, 9999.0, 9999.0, 23.57, 9999.0, 22.11, 9999.0, 22.55, 22.36, 22.14, 22.25, 22.25
2026-09-08, 01:26:35, 22.25, 22.25, 22.59, 22.66, 9999.0, 9999.0, 9999.0, 23.59, 9999.0, 22.09, 9999.0, 22.52, 22.34, 22.14, 22.25, 22.25
2026-09-08, 01:26:39, 22.25, 22.25, 22.57, 22.68, 9999.0, 9999.0, 9999.0, 23.61, 9999.0, 22.07, 9999.0, 22.5, 22.32, 22.14, 22.25, 22.25
2026-09-08, 01:26:43, 22.25, 22.25, 22.55, 22.68, 9999.0, 9999.0, 9999.0, 23.64, 9999.0, 22.05, 9999.0, 22.5, 22.3, 22.11, 22.25, 22.25
2026-09-08, 01:26:47, 22.25, 22.25, 22.55, 22.68, 9999.0, 9999.0, 9999.0, 23.59, 9999.0, 22.02, 9999.0, 22.52, 22.3, 22.11, 22.25, 22.25
2026-09-08, 01:26:51, 22.25, 22.25, 22.55, 22.68, 9999.0, 9999.0, 9999.0, 23.57, 9999.0, 22.0, 9999.0, 22.55, 22.32, 22.11, 22.25, 22.25
2026-09-08, 01:26:55, 22.25, 22.25, 22.57, 22.68, 9999.0, 9999.0, 9999.0, 23.55, 9999.0, 22.0, 9999.0, 22.57, 22.34, 22.11, 22.25, 22.25
2026-09-08, 01:26:59, 22.25, 22.27, 22.55, 22.68, 9999.0, 9999.0, 9999.0, 23.5, 9999.0, 22.02, 9999.0, 22.59, 22.36, 22.09, 22.25, 22.25
2026-09-08, 01:27:03, 22.25, 22.27, 22.57, 22.68, 9999.0, 9999.0, 9999.0, 23.45, 9999.0, 22.02, 9999.0, 22.59, 22.34, 22.09, 22.25, 22.25
2026-09-08, 01:27:07, 22.25, 22.27, 22.55, 22.68, 9999.0, 9999.0, 9999.0, 23.43, 9999.0, 22.05, 9999.0, 22.61, 22.36, 22.11, 22.25, 22.25
2026-09-08, 01:27:11, 22.25, 22.27, 22.55, 22.68, 9999.0, 9999.0, 9999.0, 23.41, 9999.0, 22.07, 9999.0, 22.61, 22.39, 22.11, 22.25, 22.25
2026-09-08, 01:27:15, 22.25, 22.27, 22.57, 22.68, 9999.0, 9999.0, 9999.0, 23.39, 9999.0, 22.09, 9999.0, 22.64, 22.41, 22.11, 22.25, 22.25
2026-09-08, 01:27:19, 22.25, 22.27, 22.59, 22.7, 9999.0, 9999.0, 9999.0, 23.43, 9999.0, 22.11, 9999.0, 22.64, 22.43, 22.09, 22.25, 22.25
2026-09-08, 01:27:23, 22.25, 22.27, 22.59, 22.68, 9999.0, 9999.0, 9999.0, 23.48, 9999.0, 22.14, 9999.0, 22.64, 22.43, 22.11, 22.25, 22.25
2026-09-08, 01:27:27, 22.25, 22.27, 22.59, 22.68, 9999.0, 9999.0, 9999.0, 23.5, 9999.0, 22.16, 9999.0, 22.64, 22.45, 22.14, 22.25, 22.25
2026-09-08, 01:27:31, 22.25, 22.27, 22.61, 22.7, 9999.0, 9999.0, 9999.0, 23.52, 9999.0, 22.16, 9999.0, 22.61, 22.45, 22.14, 22.25, 22.25
2026-09-08, 01:27:35, 22.25, 22.27, 22.64, 22.7, 9999.0, 9999.0, 9999.0, 23.55, 9999.0, 22.16, 9999.0, 22.59, 22.43, 22.14, 22.25, 22.25
2026-09-08, 01:27:39, 22.25, 22.27, 22.61, 22.7, 9999.0, 9999.0, 9999.0, 23.57, 9999.0, 22.16, 9999.0, 22.57, 22.41, 22.14, 22.25, 22.25
2026-09-08, 01:27:43, 22.25, 22.25, 22.64, 22.7, 9999.0, 9999.0, 9999.0, 23.59, 9999.0, 22.14, 9999.0, 22.55, 22.39, 22.16, 22.25, 22.25
2026-09-08, 01:27:47, 22.25, 22.25, 22.64, 22.7, 9999.0, 9999.0, 9999.0, 23.61, 9999.0, 22.14, 9999.0, 22.55, 22.41, 22.14, 22.25, 22.25
2026-09-08, 01:27:51, 22.25, 22.25, 22.66, 22.7, 9999.0, 9999.0, 9999.0, 23.64, 9999.0, 22.11, 9999.0, 22.52, 22.39, 22.14, 22.25, 22.25
2026-09-08, 01:27:55, 22.25, 22.25, 22.68, 22.73, 9999.0, 9999.0, 9999.0, 23.66, 9999.0, 22.09, 9999.0, 22.52, 22.36, 22.14, 22.25, 22.25
2026-09-08, 01:27:59, 22.25, 22.25, 22.68, 22.7, 9999.0, 9999.0, 9999.0, 23.68, 9999.0, 22.07, 9999.0, 22.5, 22.34, 22.14, 22.25, 22.25
2026-09-08, 01:28:03, 22.25, 22.25, 22.68, 22.7, 9999.0, 9999.0, 9999.0, 23.64, 9999.0, 22.05, 9999.0, 22.52, 22.34, 22.16, 22.25, 22.25
2026-09-08, 01:28:07, 22.25, 22.25, 22.68, 22.73, 9999.0, 9999.0, 9999.0, 23.59, 9999.0, 22.02, 9999.0, 22.55, 22.36, 22.16, 22.25, 22.25
2026-09-08, 01:28:11, 22.25, 22.25, 22.7, 22.73, 9999.0, 9999.0, 9999.0, 23.57, 9999.0, 22.0, 9999.0, 22.57, 22.34, 22.16, 22.25, 22.25
2026-09-08, 01:28:15, 22.25, 22.25, 22.7, 22.73, 9999.0, 9999.0, 9999.0, 23.55, 9999.0, 22.02, 9999.0, 22.59, 22.32, 22.18, 22.25, 22.25
2026-09-08, 01:28:19, 22.25, 22.25, 22.7, 22.73, 9999.0, 9999.0, 9999.0, 23.5, 9999.0, 22.05, 9999.0, 22.61, 22.34, 22.18, 22.25, 22.25
2026-09-08, 01:28:23, 22.25, 22.25, 22.7, 22.73, 9999.0, 9999.0, 9999.0, 23.45, 9999.0, 22.09, 9999.0, 22.61, 22.36, 22.18, 22.25, 22.25
2026-09-08, 01:28:27, 22.25, 22.25, 22.68, 22.73, 9999.0, 9999.0, 9999.0, 23.43, 9999.0, 22.14, 9999.0, 22.61, 22.39, 22.18, 22.25, 22.25
2026-09-08, 01:28:31, 22.25, 22.25, 22.66, 22.73, 9999.0, 9999.0, 9999.0, 23.41, 9999.0, 22.16, 9999.0, 22.61, 22.39, 22.2, 22.25, 22.25
2026-09-08, 01:28:35, 22.25, 22.25, 22.66, 22.73, 9999.0, 9999.0, 9999.0, 23.45, 9999.0, 22.18, 9999.0, 22.61, 22.41, 22.2, 22.25, 22.25
2026-09-08, 01:28:39, 22.25, 22.25, 22.66, 22.73, 9999.0, 9999.0, 9999.0, 23.5, 9999.0, 22.2, 9999.0, 22.61, 22.41, 22.2, 22.25, 22.25
2026-09-08, 01:28:43, 22.25, 22.25, 22.64, 22.73, 9999.0, 9999.0, 9999.0, 23.52, 9999.0, 22.23, 9999.0, 22.61, 22.41, 22.18, 22.25, 22.25
2026-09-08, 01:28:47, 22.25, 22.25, 22.64, 22.73, 9999.0, 9999.0, 9999.0, 23.55, 9999.0, 22.25, 9999.0, 22.59, 22.39, 22.16, 22.25, 22.25
2026-09-08, 01:28:51, 22.25, 22.25, 22.64, 22.7, 9999.0, 9999.0, 9999.0, 23.57, 9999.0, 22.27, 9999.0, 22.57, 22.39, 22.16, 22.25, 22.25
2026-09-08, 01:28:55, 22.25, 22.25, 22.64, 22.7, 9999.0, 9999.0, 9999.0, 23.59, 9999.0, 22.3, 9999.0, 22.55, 22.39, 22.16, 22.25, 22.25
2026-09-08, 01:28:59, 22.25, 22.25, 22.64, 22.7, 9999.0, 9999.0, 9999.0, 23.59, 9999.0, 22.3, 9999.0, 22.52, 22.39, 22.16, 22.25, 22.25
2026-09-08, 01:29:03, 22.25, 22.25, 22.64, 22.7, 9999.0, 9999.0, 9999.0, 23.64, 9999.0, 22.3, 9999.0, 22.5, 22.36, 22.18, 22.25, 22.25
2026-09-08, 01:29:07, 22.25, 22.25, 22.66, 22.7, 9999.0, 9999.0, 9999.0, 23.68, 9999.0, 22.27, 9999.0, 22.5, 22.34, 22.16, 22.25, 22.25
2026-09-08, 01:29:11, 22.25, 22.25, 22.68, 22.7, 9999.0, 9999.0, 9999.0, 23.7, 9999.0, 22.25, 9999.0, 22.52, 22.32, 22.14, 22.25, 22.25
2026-09-08, 01:29:15, 22.25, 22.25, 22.7, 22.7, 9999.0, 9999.0, 9999.0, 23.73, 9999.0, 22.25, 9999.0, 22.52, 22.3, 22.14, 22.25, 22.25
2026-09-08, 01:29:19, 22.25, 22.25, 22.68, 22.7, 9999.0, 9999.0, 9999.0, 23.68, 9999.0, 22.23, 9999.0, 22.55, 22.3, 22.11, 22.25, 22.25
2026-09-08, 01:29:23, 22.25, 22.25, 22.68, 22.7, 9999.0, 9999.0, 9999.0, 23.64, 9999.0, 22.2, 9999.0, 22.57, 22.3, 22.14, 22.25, 22.25
2026-09-08, 01:29:27, 22.25, 22.25, 22.7, 22.73, 9999.0, 9999.0, 9999.0, 23.61, 9999.0, 22.18, 9999.0, 22.59, 22.3, 22.16, 22.25, 22.25
2026-09-08, 01:29:31, 22.25, 22.25, 22.7, 22.73, 9999.0, 9999.0, 9999.0, 23.59, 9999.0, 22.18, 9999.0, 22.61, 22.3, 22.18, 22.25, 22.25
2026-09-08, 01:29:35, 22.25, 22.25, 22.7, 22.75, 9999.0, 9999.0, 9999.0, 23.57, 9999.0, 22.18, 9999.0, 22.61, 22.27, 22.18, 22.25, 22.25
2026-09-08, 01:29:39, 22.25, 22.25, 22.7, 22.75, 9999.0, 9999.0, 9999.0, 23.52, 9999.0, 22.2, 9999.0, 22.64, 22.3, 22.18, 22.25, 22.25
2026-09-08, 01:29:43, 22.25, 22.27, 22.7, 22.75, 9999.0, 9999.0, 9999.0, 23.5, 9999.0, 22.23, 9999.0, 22.64, 22.32, 22.18, 22.25, 22.25
2026-09-08, 01:29:47, 22.25, 22.27, 22.7, 22.75, 9999.0, 9999.0, 9999.0, 23.45, 9999.0, 22.25, 9999.0, 22.64, 22.34, 22.18, 22.25, 22.25
2026-09-08, 01:29:52, 22.25, 22.3, 22.68, 22.75, 9999.0, 9999.0, 9999.0, 23.48, 9999.0, 22.27, 9999.0, 22.64, 22.34, 22.2, 22.25, 22.25
2026-09-08, 01:29:56, 22.25, 22.3, 22.68, 22.75, 9999.0, 9999.0, 9999.0, 23.52, 9999.0, 22.3, 9999.0, 22.61, 22.34, 22.2, 22.25, 22.25
2026-09-08, 01:30:00, 22.25, 22.32, 22.68, 22.75, 9999.0, 9999.0, 9999.0, 23.57, 9999.0, 22.32, 9999.0, 22.61, 22.34, 22.2, 22.25, 22.25
2026-09-08, 01:30:04, 22.25, 22.32, 22.7, 22.75, 9999.0, 9999.0, 9999.0, 23.61, 9999.0, 22.34, 9999.0, 22.59, 22.32, 22.23, 22.25, 22.25
2026-09-08, 01:30:08, 22.25, 22.32, 22.7, 22.73, 9999.0, 9999.0, 9999.0, 23.64, 9999.0, 22.36, 9999.0, 22.57, 22.32, 22.23, 22.25, 22.25
2026-09-08, 01:30:12, 22.25, 22.32, 22.7, 22.73, 9999.0, 9999.0, 9999.0, 23.66, 9999.0, 22.39, 9999.0, 22.55, 22.32, 22.23, 22.25, 22.25
2026-09-08, 01:30:16, 22.25, 22.32, 22.7, 22.73, 9999.0, 9999.0, 9999.0, 23.68, 9999.0, 22.39, 9999.0, 22.52, 22.34, 22.2, 22.25, 22.25
2026-09-08, 01:30:20, 22.25, 22.32, 22.73, 22.7, 9999.0, 9999.0, 9999.0, 23.7, 9999.0, 22.39, 9999.0, 22.52, 22.36, 22.18, 22.25, 22.25
2026-09-08, 01:30:24, 22.25, 22.32, 22.73, 22.7, 9999.0, 9999.0, 9999.0, 23.75, 9999.0, 22.36, 9999.0, 22.5, 22.34, 22.18, 22.25, 22.25
2026-09-08, 01:30:28, 22.25, 22.3, 22.73, 22.7, 9999.0, 9999.0, 9999.0, 23.8, 9999.0, 22.34, 9999.0, 22.52, 22.32, 22.18, 22.25, 22.25
2026-09-08, 01:30:32, 22.25, 22.32, 22.73, 22.7, 9999.0, 9999.0, 9999.0, 23.82, 9999.0, 22.32, 9999.0, 22.52, 22.3, 22.16, 22.25, 22.25
2026-09-08, 01:30:36, 22.25, 22.3, 22.75, 22.7, 9999.0, 9999.0, 9999.0, 23.8, 9999.0, 22.3, 9999.0, 22.55, 22.32, 22.16, 22.25, 22.25
2026-09-08, 01:30:40, 22.25, 22.3, 22.75, 22.7, 9999.0, 9999.0, 9999.0, 23.75, 9999.0, 22.25, 9999.0, 22.57, 22.34, 22.18, 22.25, 22.25
2026-09-08, 01:30:44, 22.25, 22.27, 22.75, 22.7, 9999.0, 9999.0, 9999.0, 23.7, 9999.0, 22.23, 9999.0, 22.59, 22.34, 22.18, 22.25, 22.25
2026-09-08, 01:30:48, 22.25, 22.27, 22.75, 22.68, 9999.0, 9999.0, 9999.0, 23.66, 9999.0, 22.23, 9999.0, 22.61, 22.34, 22.18, 22.25, 22.25
2026-09-08, 01:30:52, 22.25, 22.27, 22.73, 22.7, 9999.0, 9999.0, 9999.0, 23.61, 9999.0, 22.23, 9999.0, 22.64, 22.34, 22.18, 22.25, 22.25
2026-09-08, 01:30:56, 22.25, 22.27, 22.73, 22.68, 9999.0, 9999.0, 9999.0, 23.59, 9999.0, 22.25, 9999.0, 22.66, 22.36, 22.18, 22.25, 22.25
2026-09-08, 01:31:00, 22.25, 22.27, 22.73, 22.68, 9999.0, 9999.0, 9999.0, 23.55, 9999.0, 22.27, 9999.0, 22.66, 22.36, 22.2, 22.25, 22.25
2026-09-08, 01:31:04, 22.25, 22.27, 22.73, 22.7, 9999.0, 9999.0, 9999.0, 23.5, 9999.0, 22.3, 9999.0, 22.66, 22.36, 22.23, 22.25, 22.25
2026-09-08, 01:31:08, 22.25, 22.3, 22.73, 22.68, 9999.0, 9999.0, 9999.0, 23.52, 9999.0, 22.32, 9999.0, 22.66, 22.36, 22.23, 22.25, 22.25
2026-09-08, 01:31:12, 22.25, 22.3, 22.73, 22.68, 9999.0, 9999.0, 9999.0, 23.55, 9999.0, 22.34, 9999.0, 22.64, 22.39, 22.23, 22.25, 22.25
2026-09-08, 01:31:16, 22.25, 22.27, 22.73, 22.68, 9999.0, 9999.0, 9999.0, 23.59, 9999.0, 22.36, 9999.0, 22.64, 22.41, 22.25, 22.25, 22.25
2026-09-08, 01:31:20, 22.25, 22.27, 22.73, 22.68, 9999.0, 9999.0, 9999.0, 23.59, 9999.0, 22.39, 9999.0, 22.61, 22.39, 22.23, 22.25, 22.25
2026-09-08, 01:31:24, 22.25, 22.27, 22.73, 22.68, 9999.0, 9999.0, 9999.0, 23.61, 9999.0, 22.41, 9999.0, 22.59, 22.36, 22.2, 22.25, 22.25
2026-09-08, 01:31:28, 22.25, 22.27, 22.73, 22.68, 9999.0, 9999.0, 9999.0, 23.64, 9999.0, 22.41, 9999.0, 22.57, 22.36, 22.2, 22.25, 22.25
2026-09-08, 01:31:32, 22.25, 22.27, 22.73, 22.7, 9999.0, 9999.0, 9999.0, 23.66, 9999.0, 22.41, 9999.0, 22.55, 22.36, 22.2, 22.25, 22.25
2026-09-08, 01:31:36, 22.25, 22.27, 22.75, 22.7, 9999.0, 9999.0, 9999.0, 23.7, 9999.0, 22.41, 9999.0, 22.52, 22.36, 22.2, 22.25, 22.25
2026-09-08, 01:31:40, 22.25, 22.27, 22.75, 22.73, 9999.0, 9999.0, 9999.0, 23.73, 9999.0, 22.39, 9999.0, 22.5, 22.34, 22.2, 22.25, 22.25
2026-09-08, 01:31:44, 22.25, 22.3, 22.75, 22.7, 9999.0, 9999.0, 9999.0, 23.77, 9999.0, 22.36, 9999.0, 22.52, 22.32, 22.18, 22.25, 22.25
2026-09-08, 01:31:48, 22.25, 22.32, 22.75, 22.7, 9999.0, 9999.0, 9999.0, 23.82, 9999.0, 22.34, 9999.0, 22.52, 22.3, 22.16, 22.25, 22.25
2026-09-08, 01:31:52, 22.25, 22.3, 22.75, 22.73, 9999.0, 9999.0, 9999.0, 23.8, 9999.0, 22.32, 9999.0, 22.55, 22.32, 22.16, 22.25, 22.25
2026-09-08, 01:31:56, 22.25, 22.32, 22.75, 22.73, 9999.0, 9999.0, 9999.0, 23.75, 9999.0, 22.3, 9999.0, 22.57, 22.32, 22.16, 22.25, 22.25
2026-09-08, 01:32:00, 22.25, 22.32, 22.73, 22.73, 9999.0, 9999.0, 9999.0, 23.7, 9999.0, 22.27, 9999.0, 22.59, 22.32, 22.16, 22.25, 22.25
2026-09-08, 01:32:04, 22.25, 22.32, 22.73, 22.73, 9999.0, 9999.0, 9999.0, 23.68, 9999.0, 22.27, 9999.0, 22.59, 22.32, 22.18, 22.25, 22.25
2026-09-08, 01:32:08, 22.25, 22.32, 22.73, 22.7, 9999.0, 9999.0, 9999.0, 23.66, 9999.0, 22.3, 9999.0, 22.61, 22.34, 22.2, 22.25, 22.25
2026-09-08, 01:32:12, 22.25, 22.32, 22.73, 22.7, 9999.0, 9999.0, 9999.0, 23.64, 9999.0, 22.32, 9999.0, 22.64, 22.36, 22.2, 22.25, 22.25
2026-09-08, 01:32:16, 22.25, 22.32, 22.7, 22.68, 9999.0, 9999.0, 9999.0, 23.61, 9999.0, 22.34, 9999.0, 22.66, 22.39, 22.2, 22.25, 22.25
2026-09-08, 01:32:20, 22.25, 22.34, 22.7, 22.66, 9999.0, 9999.0, 9999.0, 23.59, 9999.0, 22.36, 9999.0, 22.66, 22.41, 22.2, 22.25, 22.25
2026-09-08, 01:32:24, 22.25, 22.34, 22.7, 22.66, 9999.0, 9999.0, 9999.0, 23.64, 9999.0, 22.39, 9999.0, 22.66, 22.43, 22.18, 22.25, 22.25
2026-09-08, 01:32:28, 22.25, 22.32, 22.68, 22.68, 9999.0, 9999.0, 9999.0, 23.66, 9999.0, 22.41, 9999.0, 22.64, 22.45, 22.2, 22.25, 22.25
2026-09-08, 01:32:32, 22.25, 22.3, 22.68, 22.68, 9999.0, 9999.0, 9999.0, 23.68, 9999.0, 22.43, 9999.0, 22.64, 22.48, 22.23, 22.25, 22.25
2026-09-08, 01:32:36, 22.25, 22.3, 22.66, 22.66, 9999.0, 9999.0, 9999.0, 23.7, 9999.0, 22.45, 9999.0, 22.61, 22.45, 22.2, 22.25, 22.25
2026-09-08, 01:32:40, 22.25, 22.3, 22.66, 22.64, 9999.0, 9999.0, 9999.0, 23.75, 9999.0, 22.48, 9999.0, 22.59, 22.43, 22.2, 22.25, 22.25
2026-09-08, 01:32:44, 22.25, 22.3, 22.68, 22.64, 9999.0, 9999.0, 9999.0, 23.77, 9999.0, 22.5, 9999.0, 22.57, 22.41, 22.2, 22.25, 22.25
2026-09-08, 01:32:48, 22.25, 22.3, 22.68, 22.64, 9999.0, 9999.0, 9999.0, 23.8, 9999.0, 22.5, 9999.0, 22.57, 22.41, 22.18, 22.25, 22.25
2026-09-08, 01:32:52, 22.25, 22.3, 22.68, 22.66, 9999.0, 9999.0, 9999.0, 23.82, 9999.0, 22.5, 9999.0, 22.55, 22.39, 22.16, 22.23, 22.25
2026-09-08, 01:32:56, 22.25, 22.3, 22.66, 22.66, 9999.0, 9999.0, 9999.0, 23.86, 9999.0, 22.5, 9999.0, 22.52, 22.39, 22.14, 22.23, 22.25
2026-09-08, 01:33:00, 22.25, 22.32, 22.68, 22.66, 9999.0, 9999.0, 9999.0, 23.89, 9999.0, 22.48, 9999.0, 22.5, 22.36, 22.14, 22.23, 22.23
2026-09-08, 01:33:04, 22.25, 22.3, 22.66, 22.68, 9999.0, 9999.0, 9999.0, 23.91, 9999.0, 22.48, 9999.0, 22.5, 22.34, 22.14, 22.23, 22.23
2026-09-08, 01:33:08, 22.25, 22.3, 22.64, 22.68, 9999.0, 9999.0, 9999.0, 23.86, 9999.0, 22.48, 9999.0, 22.52, 22.32, 22.16, 22.23, 22.23
2026-09-08, 01:33:12, 22.25, 22.3, 22.64, 22.68, 9999.0, 9999.0, 9999.0, 23.84, 9999.0, 22.45, 9999.0, 22.55, 22.32, 22.16, 22.23, 22.23
2026-09-08, 01:33:16, 22.25, 22.3, 22.64, 22.68, 9999.0, 9999.0, 9999.0, 23.82, 9999.0, 22.43, 9999.0, 22.57, 22.32, 22.16, 22.23, 22.23
2026-09-08, 01:33:20, 22.25, 22.32, 22.66, 22.7, 9999.0, 9999.0, 9999.0, 23.77, 9999.0, 22.43, 9999.0, 22.59, 22.32, 22.18, 22.23, 22.23
2026-09-08, 01:33:24, 22.25, 22.3, 22.66, 22.73, 9999.0, 9999.0, 9999.0, 23.73, 9999.0, 22.43, 9999.0, 22.59, 22.32, 22.18, 22.23, 22.23
2026-09-08, 01:33:28, 22.25, 22.3, 22.66, 22.73, 9999.0, 9999.0, 9999.0, 23.7, 9999.0, 22.43, 9999.0, 22.61, 22.34, 22.18, 22.23, 22.23
2026-09-08, 01:33:32, 22.25, 22.3, 22.66, 22.73, 9999.0, 9999.0, 9999.0, 23.68, 9999.0, 22.45, 9999.0, 22.64, 22.36, 22.2, 22.23, 22.23
2026-09-08, 01:33:37, 22.25, 22.3, 22.66, 22.7, 9999.0, 9999.0, 9999.0, 23.66, 9999.0, 22.45, 9999.0, 22.64, 22.39, 22.23, 22.25, 22.23
2026-09-08, 01:33:41, 22.25, 22.3, 22.68, 22.7, 9999.0, 9999.0, 9999.0, 23.68, 9999.0, 22.45, 9999.0, 22.64, 22.39, 22.25, 22.25, 22.23
2026-09-08, 01:33:45, 22.25, 22.27, 22.68, 22.73, 9999.0, 9999.0, 9999.0, 23.73, 9999.0, 22.48, 9999.0, 22.64, 22.41, 22.25, 22.25, 22.25
2026-09-08, 01:33:49, 22.25, 22.3, 22.68, 22.7, 9999.0, 9999.0, 9999.0, 23.77, 9999.0, 22.48, 9999.0, 22.64, 22.41, 22.23, 22.25, 22.25
2026-09-08, 01:33:53, 22.25, 22.32, 22.7, 22.68, 9999.0, 9999.0, 9999.0, 23.8, 9999.0, 22.48, 9999.0, 22.61, 22.41, 22.2, 22.25, 22.25
2026-09-08, 01:33:57, 22.25, 22.32, 22.7, 22.66, 9999.0, 9999.0, 9999.0, 23.82, 9999.0, 22.5, 9999.0, 22.59, 22.39, 22.2, 22.25, 22.25
2026-09-08, 01:34:01, 22.25, 22.32, 22.7, 22.66, 9999.0, 9999.0, 9999.0, 23.84, 9999.0, 22.52, 9999.0, 22.57, 22.39, 22.18, 22.25, 22.25
2026-09-08, 01:34:05, 22.25, 22.32, 22.7, 22.64, 9999.0, 9999.0, 9999.0, 23.86, 9999.0, 22.52, 9999.0, 22.55, 22.39, 22.16, 22.25, 22.25
2026-09-08, 01:34:09, 22.25, 22.32, 22.7, 22.64, 9999.0, 9999.0, 9999.0, 23.89, 9999.0, 22.52, 9999.0, 22.55, 22.39, 22.16, 22.25, 22.25
2026-09-08, 01:34:13, 22.25, 22.32, 22.7, 22.64, 9999.0, 9999.0, 9999.0, 23.91, 9999.0, 22.52, 9999.0, 22.52, 22.36, 22.16, 22.25, 22.25
2026-09-08, 01:34:17, 22.25, 22.32, 22.7, 22.64, 9999.0, 9999.0, 9999.0, 23.93, 9999.0, 22.5, 9999.0, 22.5, 22.34, 22.16, 22.25, 22.25
2026-09-08, 01:34:21, 22.25, 22.34, 22.7, 22.66, 9999.0, 9999.0, 9999.0, 23.95, 9999.0, 22.5, 9999.0, 22.5, 22.32, 22.16, 22.25, 22.25
2026-09-08, 01:34:25, 22.25, 22.34, 22.7, 22.64, 9999.0, 9999.0, 9999.0, 23.91, 9999.0, 22.5, 9999.0, 22.52, 22.3, 22.16, 22.25, 22.25
2026-09-08, 01:34:29, 22.25, 22.34, 22.7, 22.61, 9999.0, 9999.0, 9999.0, 23.86, 9999.0, 22.5, 9999.0, 22.55, 22.27, 22.16, 22.25, 22.25
2026-09-08, 01:34:33, 22.25, 22.32, 22.73, 22.64, 9999.0, 9999.0, 9999.0, 23.82, 9999.0, 22.5, 9999.0, 22.57, 22.27, 22.16, 22.25, 22.25
2026-09-08, 01:34:37, 22.25, 22.3, 22.7, 22.66, 9999.0, 9999.0, 9999.0, 23.77, 9999.0, 22.5, 9999.0, 22.59, 22.3, 22.16, 22.25, 22.25
2026-09-08, 01:34:41, 22.25, 22.3, 22.7, 22.68, 9999.0, 9999.0, 9999.0, 23.73, 9999.0, 22.5, 9999.0, 22.59, 22.3, 22.16, 22.25, 22.25
2026-09-08, 01:34:45, 22.25, 22.3, 22.68, 22.68, 9999.0, 9999.0, 9999.0, 23.68, 9999.0, 22.52, 9999.0, 22.59, 22.27, 22.18, 22.25, 22.25
2026-09-08, 01:34:49, 22.25, 22.27, 22.66, 22.7, 9999.0, 9999.0, 9999.0, 23.66, 9999.0, 22.55, 9999.0, 22.59, 22.3, 22.2, 22.25, 22.25
2026-09-08, 01:34:53, 22.25, 22.27, 22.64, 22.68, 9999.0, 9999.0, 9999.0, 23.64, 9999.0, 22.57, 9999.0, 22.59, 22.32, 22.18, 22.25, 22.25
2026-09-08, 01:34:57, 22.25, 22.27, 22.61, 22.68, 9999.0, 9999.0, 9999.0, 23.68, 9999.0, 22.59, 9999.0, 22.59, 22.34, 22.16, 22.25, 22.25
2026-09-08, 01:35:01, 22.25, 22.27, 22.61, 22.66, 9999.0, 9999.0, 9999.0, 23.73, 9999.0, 22.61, 9999.0, 22.59, 22.34, 22.14, 22.25, 22.25
2026-09-08, 01:35:05, 22.25, 22.25, 22.59, 22.64, 9999.0, 9999.0, 9999.0, 23.75, 9999.0, 22.64, 9999.0, 22.59, 22.36, 22.14, 22.25, 22.25
2026-09-08, 01:35:09, 22.25, 22.25, 22.57, 22.66, 9999.0, 9999.0, 9999.0, 23.77, 9999.0, 22.64, 9999.0, 22.57, 22.36, 22.11, 22.25, 22.25
2026-09-08, 01:35:13, 22.25, 22.25, 22.55, 22.66, 9999.0, 9999.0, 9999.0, 23.8, 9999.0, 22.64, 9999.0, 22.55, 22.36, 22.11, 22.25, 22.25
2026-09-08, 01:35:17, 22.25, 22.25, 22.55, 22.64, 9999.0, 9999.0, 9999.0, 23.82, 9999.0, 22.64, 9999.0, 22.52, 22.36, 22.14, 22.25, 22.25
2026-09-08, 01:35:21, 22.25, 22.25, 22.57, 22.61, 9999.0, 9999.0, 9999.0, 23.84, 9999.0, 22.66, 9999.0, 22.5, 22.34, 22.16, 22.25, 22.25
2026-09-08, 01:35:25, 22.25, 22.25, 22.57, 22.61, 9999.0, 9999.0, 9999.0, 23.89, 9999.0, 22.66, 9999.0, 22.5, 22.34, 22.16, 22.25, 22.25
2026-09-08, 01:35:29, 22.25, 22.25, 22.59, 22.61, 9999.0, 9999.0, 9999.0, 23.93, 9999.0, 22.64, 9999.0, 22.5, 22.34, 22.16, 22.25, 22.25
2026-09-08, 01:35:33, 22.25, 22.25, 22.59, 22.61, 9999.0, 9999.0, 9999.0, 23.98, 9999.0, 22.61, 9999.0, 22.5, 22.32, 22.16, 22.25, 22.23
2026-09-08, 01:35:37, 22.25, 22.25, 22.61, 22.61, 9999.0, 9999.0, 9999.0, 24.0, 9999.0, 22.59, 9999.0, 22.5, 22.3, 22.18, 22.25, 22.23
2026-09-08, 01:35:41, 22.25, 22.25, 22.64, 22.59, 9999.0, 9999.0, 9999.0, 23.95, 9999.0, 22.57, 9999.0, 22.52, 22.27, 22.18, 22.25, 22.23
2026-09-08, 01:35:45, 22.25, 22.25, 22.61, 22.59, 9999.0, 9999.0, 9999.0, 23.91, 9999.0, 22.55, 9999.0, 22.55, 22.3, 22.2, 22.25, 22.23
2026-09-08, 01:35:49, 22.25, 22.25, 22.61, 22.59, 9999.0, 9999.0, 9999.0, 23.89, 9999.0, 22.52, 9999.0, 22.57, 22.3, 22.2, 22.25, 22.23
2026-09-08, 01:35:53, 22.25, 22.25, 22.61, 22.57, 9999.0, 9999.0, 9999.0, 23.86, 9999.0, 22.55, 9999.0, 22.59, 22.32, 22.2, 22.25, 22.23
2026-09-08, 01:35:57, 22.25, 22.25, 22.61, 22.59, 9999.0, 9999.0, 9999.0, 23.82, 9999.0, 22.57, 9999.0, 22.61, 22.34, 22.2, 22.25, 22.23
2026-09-08, 01:36:01, 22.25, 22.27, 22.59, 22.59, 9999.0, 9999.0, 9999.0, 23.77, 9999.0, 22.59, 9999.0, 22.64, 22.34, 22.18, 22.25, 22.23
2026-09-08, 01:36:05, 22.25, 22.27, 22.59, 22.61, 9999.0, 9999.0, 9999.0, 23.75, 9999.0, 22.59, 9999.0, 22.64, 22.36, 22.18, 22.25, 22.23
2026-09-08, 01:36:09, 22.25, 22.27, 22.61, 22.61, 9999.0, 9999.0, 9999.0, 23.7, 9999.0, 22.61, 9999.0, 22.64, 22.39, 22.18, 22.25, 22.23
2026-09-08, 01:36:13, 22.25, 22.27, 22.59, 22.59, 9999.0, 9999.0, 9999.0, 23.73, 9999.0, 22.64, 9999.0, 22.64, 22.39, 22.18, 22.25, 22.23
2026-09-08, 01:36:17, 22.25, 22.27, 22.59, 22.57, 9999.0, 9999.0, 9999.0, 23.75, 9999.0, 22.66, 9999.0, 22.64, 22.41, 22.16, 22.25, 22.25
2026-09-08, 01:36:21, 22.25, 22.27, 22.59, 22.59, 9999.0, 9999.0, 9999.0, 23.8, 9999.0, 22.66, 9999.0, 22.64, 22.43, 22.16, 22.25, 22.25
2026-09-08, 01:36:25, 22.25, 22.27, 22.57, 22.59, 9999.0, 9999.0, 9999.0, 23.82, 9999.0, 22.66, 9999.0, 22.61, 22.45, 22.18, 22.25, 22.25
2026-09-08, 01:36:29, 22.25, 22.3, 22.57, 22.59, 9999.0, 9999.0, 9999.0, 23.84, 9999.0, 22.66, 9999.0, 22.59, 22.45, 22.18, 22.25, 22.25
2026-09-08, 01:36:33, 22.25, 22.3, 22.59, 22.61, 9999.0, 9999.0, 9999.0, 23.86, 9999.0, 22.66, 9999.0, 22.57, 22.43, 22.16, 22.25, 22.25
2026-09-08, 01:36:37, 22.25, 22.3, 22.59, 22.61, 9999.0, 9999.0, 9999.0, 23.89, 9999.0, 22.64, 9999.0, 22.55, 22.43, 22.18, 22.25, 22.23
2026-09-08, 01:36:41, 22.25, 22.32, 22.61, 22.59, 9999.0, 9999.0, 9999.0, 23.91, 9999.0, 22.61, 9999.0, 22.52, 22.41, 22.18, 22.25, 22.2
2026-09-08, 01:36:45, 22.25, 22.3, 22.64, 22.59, 9999.0, 9999.0, 9999.0, 23.93, 9999.0, 22.59, 9999.0, 22.5, 22.41, 22.18, 22.25, 22.2
2026-09-08, 01:36:49, 22.25, 22.3, 22.61, 22.57, 9999.0, 9999.0, 9999.0, 23.95, 9999.0, 22.57, 9999.0, 22.52, 22.39, 22.16, 22.25, 22.2
2026-09-08, 01:36:53, 22.25, 22.32, 22.59, 22.57, 9999.0, 9999.0, 9999.0, 24.0, 9999.0, 22.55, 9999.0, 22.52, 22.36, 22.14, 22.25, 22.2
2026-09-08, 01:36:57, 22.25, 22.32, 22.59, 22.57, 9999.0, 9999.0, 9999.0, 23.95, 9999.0, 22.52, 9999.0, 22.52, 22.36, 22.14, 22.25, 22.2
2026-09-08, 01:37:01, 22.25, 22.32, 22.59, 22.57, 9999.0, 9999.0, 9999.0, 23.91, 9999.0, 22.48, 9999.0, 22.55, 22.36, 22.16, 22.25, 22.2
2026-09-08, 01:37:05, 22.25, 22.34, 22.57, 22.55, 9999.0, 9999.0, 9999.0, 23.86, 9999.0, 22.45, 9999.0, 22.57, 22.36, 22.16, 22.25, 22.2
2026-09-08, 01:37:09, 22.25, 22.36, 22.59, 22.55, 9999.0, 9999.0, 9999.0, 23.84, 9999.0, 22.45, 9999.0, 22.59, 22.34, 22.16, 22.25, 22.2
2026-09-08, 01:37:13, 22.25, 22.34, 22.59, 22.57, 9999.0, 9999.0, 9999.0, 23.82, 9999.0, 22.45, 9999.0, 22.59, 22.32, 22.16, 22.25, 22.2
2026-09-08, 01:37:17, 22.25, 22.36, 22.59, 22.55, 9999.0, 9999.0, 9999.0, 23.77, 9999.0, 22.45, 9999.0, 22.61, 22.34, 22.18, 22.25, 22.2
2026-09-08, 01:37:22, 22.25, 22.36, 22.59, 22.55, 9999.0, 9999.0, 9999.0, 23.73, 9999.0, 22.45, 9999.0, 22.61, 22.34, 22.18, 22.25, 22.23
2026-09-08, 01:37:26, 22.25, 22.34, 22.59, 22.55, 9999.0, 9999.0, 9999.0, 23.7, 9999.0, 22.48, 9999.0, 22.61, 22.36, 22.16, 22.25, 22.25
2026-09-08, 01:37:30, 22.25, 22.36, 22.57, 22.55, 9999.0, 9999.0, 9999.0, 23.75, 9999.0, 22.5, 9999.0, 22.61, 22.39, 22.18, 22.25, 22.25
2026-09-08, 01:37:34, 22.25, 22.36, 22.57, 22.55, 9999.0, 9999.0, 9999.0, 23.8, 9999.0, 22.5, 9999.0, 22.59, 22.39, 22.2, 22.25, 22.25
2026-09-08, 01:37:38, 22.25, 22.36, 22.59, 22.52, 9999.0, 9999.0, 9999.0, 23.82, 9999.0, 22.5, 9999.0, 22.59, 22.39, 22.23, 22.25, 22.25
2026-09-08, 01:37:42, 22.25, 22.39, 22.61, 22.52, 9999.0, 9999.0, 9999.0, 23.84, 9999.0, 22.52, 9999.0, 22.59, 22.41, 22.23, 22.25, 22.25
2026-09-08, 01:37:46, 22.25, 22.39, 22.64, 22.52, 9999.0, 9999.0, 9999.0, 23.86, 9999.0, 22.55, 9999.0, 22.57, 22.39, 22.23, 22.25, 22.25
2026-09-08, 01:37:50, 22.25, 22.36, 22.66, 22.52, 9999.0, 9999.0, 9999.0, 23.89, 9999.0, 22.57, 9999.0, 22.55, 22.36, 22.23, 22.25, 22.25
2026-09-08, 01:37:54, 22.25, 22.34, 22.66, 22.55, 9999.0, 9999.0, 9999.0, 23.91, 9999.0, 22.57, 9999.0, 22.52, 22.39, 22.2, 22.25, 22.25
2026-09-08, 01:37:58, 22.25, 22.34, 22.66, 22.52, 9999.0, 9999.0, 9999.0, 23.93, 9999.0, 22.57, 9999.0, 22.52, 22.39, 22.2, 22.25, 22.25
2026-09-08, 01:38:02, 22.25, 22.32, 22.64, 22.52, 9999.0, 9999.0, 9999.0, 23.98, 9999.0, 22.57, 9999.0, 22.5, 22.36, 22.2, 22.25, 22.23
2026-09-08, 01:38:06, 22.25, 22.32, 22.64, 22.52, 9999.0, 9999.0, 9999.0, 24.0, 9999.0, 22.57, 9999.0, 22.52, 22.34, 22.2, 22.25, 22.23
2026-09-08, 01:38:10, 22.25, 22.34, 22.64, 22.52, 9999.0, 9999.0, 9999.0, 24.02, 9999.0, 22.52, 9999.0, 22.55, 22.32, 22.2, 22.25, 22.23
2026-09-08, 01:38:14, 22.25, 22.32, 22.64, 22.52, 9999.0, 9999.0, 9999.0, 23.98, 9999.0, 22.48, 9999.0, 22.55, 22.32, 22.18, 22.25, 22.23
2026-09-08, 01:38:18, 22.25, 22.32, 22.64, 22.52, 9999.0, 9999.0, 9999.0, 23.93, 9999.0, 22.48, 9999.0, 22.57, 22.34, 22.18, 22.25, 22.23
2026-09-08, 01:38:22, 22.25, 22.3, 22.61, 22.55, 9999.0, 9999.0, 9999.0, 23.89, 9999.0, 22.48, 9999.0, 22.59, 22.34, 22.18, 22.25, 22.23
2026-09-08, 01:38:26, 22.25, 22.27, 22.61, 22.55, 9999.0, 9999.0, 9999.0, 23.84, 9999.0, 22.45, 9999.0, 22.61, 22.32, 22.18, 22.25, 22.23
2026-09-08, 01:38:30, 22.25, 22.27, 22.61, 22.55, 9999.0, 9999.0, 9999.0, 23.8, 9999.0, 22.48, 9999.0, 22.64, 22.34, 22.16, 22.25, 22.23
2026-09-08, 01:38:34, 22.25, 22.27, 22.61, 22.55, 9999.0, 9999.0, 9999.0, 23.75, 9999.0, 22.48, 9999.0, 22.66, 22.34, 22.14, 22.25, 22.23
2026-09-08, 01:38:38, 22.25, 22.27, 22.59, 22.52, 9999.0, 9999.0, 9999.0, 23.7, 9999.0, 22.5, 9999.0, 22.66, 22.34, 22.14, 22.25, 22.23
2026-09-08, 01:38:42, 22.25, 22.27, 22.59, 22.52, 9999.0, 9999.0, 9999.0, 23.66, 9999.0, 22.52, 9999.0, 22.66, 22.36, 22.11, 22.25, 22.23
2026-09-08, 01:38:46, 22.25, 22.27, 22.59, 22.52, 9999.0, 9999.0, 9999.0, 23.68, 9999.0, 22.55, 9999.0, 22.66, 22.39, 22.11, 22.25, 22.25
2026-09-08, 01:38:50, 22.25, 22.27, 22.61, 22.52, 9999.0, 9999.0, 9999.0, 23.73, 9999.0, 22.55, 9999.0, 22.64, 22.41, 22.11, 22.25, 22.25
2026-09-08, 01:38:54, 22.25, 22.25, 22.61, 22.52, 9999.0, 9999.0, 9999.0, 23.75, 9999.0, 22.59, 9999.0, 22.61, 22.43, 22.14, 22.25, 22.23
2026-09-08, 01:38:58, 22.25, 22.25, 22.61, 22.52, 9999.0, 9999.0, 9999.0, 23.77, 9999.0, 22.61, 9999.0, 22.61, 22.41, 22.16, 22.25, 22.2
2026-09-08, 01:39:02, 22.25, 22.25, 22.61, 22.52, 9999.0, 9999.0, 9999.0, 23.8, 9999.0, 22.61, 9999.0, 22.59, 22.39, 22.14, 22.25, 22.2
2026-09-08, 01:39:06, 22.25, 22.25, 22.61, 22.5, 9999.0, 9999.0, 9999.0, 23.82, 9999.0, 22.61, 9999.0, 22.57, 22.41, 22.14, 22.25, 22.18
2026-09-08, 01:39:10, 22.25, 22.25, 22.59, 22.52, 9999.0, 9999.0, 9999.0, 23.84, 9999.0, 22.61, 9999.0, 22.55, 22.41, 22.14, 22.25, 22.18
2026-09-08, 01:39:14, 22.25, 22.25, 22.57, 22.52, 9999.0, 9999.0, 9999.0, 23.89, 9999.0, 22.59, 9999.0, 22.52, 22.39, 22.16, 22.25, 22.18
2026-09-08, 01:39:18, 22.25, 22.25, 22.57, 22.52, 9999.0, 9999.0, 9999.0, 23.93, 9999.0, 22.59, 9999.0, 22.48, 22.41, 22.16, 22.23, 22.16
2026-09-08, 01:39:22, 22.25, 22.25, 22.57, 22.55, 9999.0, 9999.0, 9999.0, 23.98, 9999.0, 22.57, 9999.0, 22.5, 22.41, 22.16, 22.23, 22.14
2026-09-08, 01:39:26, 22.25, 22.25, 22.57, 22.55, 9999.0, 9999.0, 9999.0, 24.0, 9999.0, 22.55, 9999.0, 22.5, 22.39, 22.16, 22.23, 22.14
2026-09-08, 01:39:30, 22.25, 22.25, 22.57, 22.55, 9999.0, 9999.0, 9999.0, 23.95, 9999.0, 22.52, 9999.0, 22.52, 22.36, 22.14, 22.23, 22.14
2026-09-08, 01:39:34, 22.25, 22.27, 22.55, 22.57, 9999.0, 9999.0, 9999.0, 23.91, 9999.0, 22.5, 9999.0, 22.55, 22.34, 22.11, 22.23, 22.11
2026-09-08, 01:39:38, 22.25, 22.27, 22.52, 22.57, 9999.0, 9999.0, 9999.0, 23.89, 9999.0, 22.45, 9999.0, 22.57, 22.32, 22.11, 22.23, 22.14
2026-09-08, 01:39:42, 22.25, 22.27, 22.55, 22.59, 9999.0, 9999.0, 9999.0, 23.84, 9999.0, 22.45, 9999.0, 22.59, 22.32, 22.11, 22.23, 22.16
2026-09-08, 01:39:46, 22.25, 22.27, 22.55, 22.59, 9999.0, 9999.0, 9999.0, 23.8, 9999.0, 22.45, 9999.0, 22.61, 22.34, 22.11, 22.23, 22.14
2026-09-08, 01:39:50, 22.25, 22.27, 22.55, 22.59, 9999.0, 9999.0, 9999.0, 23.75, 9999.0, 22.45, 9999.0, 22.61, 22.34, 22.09, 22.23, 22.16
2026-09-08, 01:39:54, 22.25, 22.27, 22.57, 22.57, 9999.0, 9999.0, 9999.0, 23.73, 9999.0, 22.48, 9999.0, 22.64, 22.36, 22.07, 22.23, 22.16
2026-09-08, 01:39:58, 22.25, 22.3, 22.57, 22.57, 9999.0, 9999.0, 9999.0, 23.68, 9999.0, 22.5, 9999.0, 22.64, 22.36, 22.07, 22.23, 22.14
2026-09-08, 01:40:02, 22.25, 22.3, 22.55, 22.57, 9999.0, 9999.0, 9999.0, 23.7, 9999.0, 22.52, 9999.0, 22.66, 22.34, 22.09, 22.25, 22.16
2026-09-08, 01:40:06, 22.25, 22.3, 22.55, 22.57, 9999.0, 9999.0, 9999.0, 23.73, 9999.0, 22.55, 9999.0, 22.64, 22.32, 22.11, 22.25, 22.18
2026-09-08, 01:40:10, 22.25, 22.32, 22.55, 22.57, 9999.0, 9999.0, 9999.0, 23.77, 9999.0, 22.55, 9999.0, 22.64, 22.32, 22.11, 22.25, 22.18
2026-09-08, 01:40:14, 22.25, 22.34, 22.55, 22.57, 9999.0, 9999.0, 9999.0, 23.8, 9999.0, 22.55, 9999.0, 22.61, 22.32, 22.11, 22.25, 22.16
2026-09-08, 01:40:18, 22.25, 22.32, 22.57, 22.55, 9999.0, 9999.0, 9999.0, 23.82, 9999.0, 22.57, 9999.0, 22.59, 22.34, 22.14, 22.25, 22.18
2026-09-08, 01:40:22, 22.25, 22.34, 22.57, 22.55, 9999.0, 9999.0, 9999.0, 23.82, 9999.0, 22.59, 9999.0, 22.57, 22.36, 22.14, 22.25, 22.18
2026-09-08, 01:40:26, 22.25, 22.36, 22.55, 22.52, 9999.0, 9999.0, 9999.0, 23.86, 9999.0, 22.59, 9999.0, 22.55, 22.36, 22.14, 22.25, 22.18
2026-09-08, 01:40:30, 22.25, 22.36, 22.57, 22.55, 9999.0, 9999.0, 9999.0, 23.89, 9999.0, 22.57, 9999.0, 22.52, 22.34, 22.16, 22.25, 22.2
2026-09-08, 01:40:34, 22.25, 22.36, 22.59, 22.57, 9999.0, 9999.0, 9999.0, 23.93, 9999.0, 22.57, 9999.0, 22.52, 22.32, 22.18, 22.25, 22.18
2026-09-08, 01:40:38, 22.25, 22.36, 22.57, 22.59, 9999.0, 9999.0, 9999.0, 23.95, 9999.0, 22.55, 9999.0, 22.52, 22.3, 22.18, 22.25, 22.16
2026-09-08, 01:40:42, 22.25, 22.36, 22.59, 22.59, 9999.0, 9999.0, 9999.0, 23.98, 9999.0, 22.5, 9999.0, 22.55, 22.3, 22.18, 22.25, 22.18
2026-09-08, 01:40:46, 22.25, 22.36, 22.59, 22.59, 9999.0, 9999.0, 9999.0, 23.93, 9999.0, 22.45, 9999.0, 22.55, 22.3, 22.18, 22.25, 22.18
2026-09-08, 01:40:50, 22.25, 22.36, 22.59, 22.57, 9999.0, 9999.0, 9999.0, 23.89, 9999.0, 22.41, 9999.0, 22.57, 22.3, 22.18, 22.25, 22.18
2026-09-08, 01:40:54, 22.25, 22.34, 22.59, 22.57, 9999.0, 9999.0, 9999.0, 23.84, 9999.0, 22.39, 9999.0, 22.59, 22.3, 22.2, 22.25, 22.16
2026-09-08, 01:40:58, 22.25, 22.34, 22.59, 22.57, 9999.0, 9999.0, 9999.0, 23.8, 9999.0, 22.36, 9999.0, 22.61, 22.3, 22.2, 22.25, 22.18
2026-09-08, 01:41:02, 22.25, 22.34, 22.59, 22.57, 9999.0, 9999.0, 9999.0, 23.75, 9999.0, 22.36, 9999.0, 22.64, 22.3, 22.18, 22.25, 22.18
2026-09-08, 01:41:06, 22.25, 22.32, 22.59, 22.57, 9999.0, 9999.0, 9999.0, 23.73, 9999.0, 22.36, 9999.0, 22.66, 22.27, 22.16, 22.25, 22.18
2026-09-08, 01:41:10, 22.25, 22.3, 22.59, 22.59, 9999.0, 9999.0, 9999.0, 23.68, 9999.0, 22.39, 9999.0, 22.66, 22.3, 22.16, 22.25, 22.18
2026-09-08, 01:41:15, 22.25, 22.3, 22.57, 22.57, 9999.0, 9999.0, 9999.0, 23.66, 9999.0, 22.43, 9999.0, 22.68, 22.32, 22.16, 22.25, 22.16
2026-09-08, 01:41:19, 22.25, 22.3, 22.55, 22.55, 9999.0, 9999.0, 9999.0, 23.61, 9999.0, 22.45, 9999.0, 22.7, 22.32, 22.16, 22.25, 22.18
2026-09-08, 01:41:23, 22.25, 22.3, 22.57, 22.52, 9999.0, 9999.0, 9999.0, 23.66, 9999.0, 22.48, 9999.0, 22.68, 22.32, 22.18, 22.25, 22.2
2026-09-08, 01:41:27, 22.25, 22.3, 22.57, 22.55, 9999.0, 9999.0, 9999.0, 23.7, 9999.0, 22.52, 9999.0, 22.66, 22.34, 22.16, 22.25, 22.2
2026-09-08, 01:41:31, 22.25, 22.3, 22.59, 22.57, 9999.0, 9999.0, 9999.0, 23.73, 9999.0, 22.55, 9999.0, 22.66, 22.34, 22.14, 22.25, 22.2
2026-09-08, 01:41:35, 22.25, 22.3, 22.61, 22.59, 9999.0, 9999.0, 9999.0, 23.75, 9999.0, 22.57, 9999.0, 22.64, 22.34, 22.14, 22.25, 22.2
2026-09-08, 01:41:39, 22.25, 22.3, 22.61, 22.59, 9999.0, 9999.0, 9999.0, 23.77, 9999.0, 22.59, 9999.0, 22.61, 22.34, 22.11, 22.25, 22.23
2026-09-08, 01:41:43, 22.25, 22.27, 22.64, 22.59, 9999.0, 9999.0, 9999.0, 23.82, 9999.0, 22.61, 9999.0, 22.59, 22.34, 22.14, 22.25, 22.23
2026-09-08, 01:41:47, 22.25, 22.27, 22.64, 22.59, 9999.0, 9999.0, 9999.0, 23.84, 9999.0, 22.59, 9999.0, 22.57, 22.32, 22.16, 22.25, 22.2
2026-09-08, 01:41:51, 22.25, 22.27, 22.66, 22.59, 9999.0, 9999.0, 9999.0, 23.89, 9999.0, 22.59, 9999.0, 22.55, 22.32, 22.18, 22.25, 22.18
2026-09-08, 01:41:55, 22.25, 22.27, 22.66, 22.59, 9999.0, 9999.0, 9999.0, 23.91, 9999.0, 22.57, 9999.0, 22.55, 22.3, 22.18, 22.25, 22.18
2026-09-08, 01:41:59, 22.25, 22.27, 22.68, 22.59, 9999.0, 9999.0, 9999.0, 23.93, 9999.0, 22.52, 9999.0, 22.52, 22.3, 22.18, 22.25, 22.2
2026-09-08, 01:42:03, 22.25, 22.27, 22.7, 22.61, 9999.0, 9999.0, 9999.0, 23.95, 9999.0, 22.48, 9999.0, 22.52, 22.3, 22.16, 22.25, 22.18
2026-09-08, 01:42:07, 22.25, 22.27, 22.68, 22.64, 9999.0, 9999.0, 9999.0, 23.91, 9999.0, 22.43, 9999.0, 22.55, 22.32, 22.14, 22.25, 22.16
2026-09-08, 01:42:11, 22.25, 22.25, 22.66, 22.61, 9999.0, 9999.0, 9999.0, 23.86, 9999.0, 22.39, 9999.0, 22.57, 22.32, 22.16, 22.25, 22.16
2026-09-08, 01:42:15, 22.25, 22.27, 22.66, 22.59, 9999.0, 9999.0, 9999.0, 23.82, 9999.0, 22.36, 9999.0, 22.59, 22.32, 22.18, 22.25, 22.16
2026-09-08, 01:42:19, 22.25, 22.27, 22.64, 22.57, 9999.0, 9999.0, 9999.0, 23.77, 9999.0, 22.36, 9999.0, 22.61, 22.32, 22.18, 22.23, 22.16
2026-09-08, 01:42:23, 22.25, 22.3, 22.64, 22.59, 9999.0, 9999.0, 9999.0, 23.73, 9999.0, 22.36, 9999.0, 22.64, 22.32, 22.18, 22.23, 22.16
2026-09-08, 01:42:27, 22.25, 22.3, 22.64, 22.59, 9999.0, 9999.0, 9999.0, 23.68, 9999.0, 22.36, 9999.0, 22.64, 22.32, 22.16, 22.23, 22.16
2026-09-08, 01:42:31, 22.25, 22.3, 22.61, 22.59, 9999.0, 9999.0, 9999.0, 23.66, 9999.0, 22.39, 9999.0, 22.64, 22.34, 22.14, 22.23, 22.18
2026-09-08, 01:42:35, 22.25, 22.3, 22.61, 22.59, 9999.0, 9999.0, 9999.0, 23.61, 9999.0, 22.39, 9999.0, 22.64, 22.36, 22.14, 22.23, 22.2
2026-09-08, 01:42:39, 22.23, 22.3, 22.64, 22.59, 9999.0, 9999.0, 9999.0, 23.66, 9999.0, 22.39, 9999.0, 22.64, 22.39, 22.11, 22.23, 22.2
2026-09-08, 01:42:43, 22.23, 22.32, 22.64, 22.59, 9999.0, 9999.0, 9999.0, 23.68, 9999.0, 22.41, 9999.0, 22.64, 22.39, 22.11, 22.23, 22.2
2026-09-08, 01:42:47, 22.2, 22.34, 22.64, 22.59, 9999.0, 9999.0, 9999.0, 23.7, 9999.0, 22.41, 9999.0, 22.61, 22.41, 22.14, 22.23, 22.2
2026-09-08, 01:42:51, 22.2, 22.34, 22.66, 22.59, 9999.0, 9999.0, 9999.0, 23.73, 9999.0, 22.41, 9999.0, 22.59, 22.41, 22.14, 22.2, 22.23
2026-09-08, 01:42:55, 22.2, 22.36, 22.68, 22.61, 9999.0, 9999.0, 9999.0, 23.75, 9999.0, 22.41, 9999.0, 22.57, 22.41, 22.14, 22.2, 22.23
2026-09-08, 01:42:59, 22.2, 22.34, 22.68, 22.61, 9999.0, 9999.0, 9999.0, 23.8, 9999.0, 22.41, 9999.0, 22.55, 22.41, 22.14, 22.2, 22.23
2026-09-08, 01:43:03, 22.2, 22.34, 22.7, 22.64, 9999.0, 9999.0, 9999.0, 23.82, 9999.0, 22.39, 9999.0, 22.52, 22.43, 22.11, 22.2, 22.23
2026-09-08, 01:43:07, 22.2, 22.32, 22.73, 22.64, 9999.0, 9999.0, 9999.0, 23.84, 9999.0, 22.36, 9999.0, 22.5, 22.43, 22.11, 22.2, 22.23
2026-09-08, 01:43:11, 22.2, 22.34, 22.73, 22.64, 9999.0, 9999.0, 9999.0, 23.86, 9999.0, 22.34, 9999.0, 22.5, 22.45, 22.11, 22.18, 22.23
2026-09-08, 01:43:15, 22.2, 22.34, 22.75, 22.66, 9999.0, 9999.0, 9999.0, 23.89, 9999.0, 22.32, 9999.0, 22.52, 22.43, 22.14, 22.18, 22.23
2026-09-08, 01:43:19, 22.2, 22.34, 22.73, 22.68, 9999.0, 9999.0, 9999.0, 23.91, 9999.0, 22.3, 9999.0, 22.52, 22.41, 22.11, 22.18, 22.23
2026-09-08, 01:43:23, 22.23, 22.34, 22.7, 22.68, 9999.0, 9999.0, 9999.0, 23.86, 9999.0, 22.27, 9999.0, 22.55, 22.39, 22.11, 22.18, 22.23
2026-09-08, 01:43:27, 22.23, 22.34, 22.7, 22.68, 9999.0, 9999.0, 9999.0, 23.82, 9999.0, 22.25, 9999.0, 22.57, 22.39, 22.11, 22.18, 22.23
2026-09-08, 01:43:31, 22.25, 22.32, 22.7, 22.66, 9999.0, 9999.0, 9999.0, 23.8, 9999.0, 22.25, 9999.0, 22.59, 22.39, 22.11, 22.18, 22.25
2026-09-08, 01:43:35, 22.25, 22.32, 22.7, 22.64, 9999.0, 9999.0, 9999.0, 23.75, 9999.0, 22.27, 9999.0, 22.61, 22.36, 22.14, 22.2, 22.25
2026-09-08, 01:43:39, 22.25, 22.32, 22.68, 22.61, 9999.0, 9999.0, 9999.0, 23.7, 9999.0, 22.3, 9999.0, 22.61, 22.36, 22.14, 22.2, 22.25
2026-09-08, 01:43:43, 22.25, 22.32, 22.68, 22.64, 9999.0, 9999.0, 9999.0, 23.64, 9999.0, 22.32, 9999.0, 22.61, 22.36, 22.14, 22.2, 22.25
2026-09-08, 01:43:47, 22.25, 22.32, 22.66, 22.61, 9999.0, 9999.0, 9999.0, 23.59, 9999.0, 22.34, 9999.0, 22.64, 22.36, 22.16, 22.23, 22.25
2026-09-08, 01:43:51, 22.25, 22.32, 22.64, 22.59, 9999.0, 9999.0, 9999.0, 23.55, 9999.0, 22.36, 9999.0, 22.64, 22.39, 22.18, 22.23, 22.25
2026-09-08, 01:43:55, 22.25, 22.32, 22.61, 22.59, 9999.0, 9999.0, 9999.0, 23.59, 9999.0, 22.39, 9999.0, 22.64, 22.39, 22.2, 22.25, 22.25
2026-09-08, 01:43:59, 22.25, 22.32, 22.59, 22.59, 9999.0, 9999.0, 9999.0, 23.61, 9999.0, 22.41, 9999.0, 22.61, 22.41, 22.18, 22.25, 22.25
2026-09-08, 01:44:03, 22.25, 22.32, 22.59, 22.59, 9999.0, 9999.0, 9999.0, 23.64, 9999.0, 22.43, 9999.0, 22.61, 22.41, 22.2, 22.25, 22.23
2026-09-08, 01:44:07, 22.25, 22.32, 22.61, 22.59, 9999.0, 9999.0, 9999.0, 23.66, 9999.0, 22.43, 9999.0, 22.59, 22.43, 22.23, 22.25, 22.23
2026-09-08, 01:44:11, 22.23, 22.3, 22.59, 22.59, 9999.0, 9999.0, 9999.0, 23.68, 9999.0, 22.45, 9999.0, 22.57, 22.41, 22.23, 22.25, 22.2
2026-09-08, 01:44:15, 22.23, 22.3, 22.57, 22.61, 9999.0, 9999.0, 9999.0, 23.68, 9999.0, 22.48, 9999.0, 22.55, 22.39, 22.23, 22.25, 22.2
2026-09-08, 01:44:19, 22.23, 22.32, 22.55, 22.64, 9999.0, 9999.0, 9999.0, 23.7, 9999.0, 22.48, 9999.0, 22.52, 22.39, 22.2, 22.25, 22.2
2026-09-08, 01:44:23, 22.23, 22.3, 22.57, 22.64, 9999.0, 9999.0, 9999.0, 23.73, 9999.0, 22.45, 9999.0, 22.52, 22.39, 22.18, 22.25, 22.2
2026-09-08, 01:44:27, 22.23, 22.32, 22.57, 22.61, 9999.0, 9999.0, 9999.0, 23.8, 9999.0, 22.43, 9999.0, 22.52, 22.39, 22.16, 22.25, 22.18
2026-09-08, 01:44:31, 22.23, 22.32, 22.59, 22.61, 9999.0, 9999.0, 9999.0, 23.84, 9999.0, 22.41, 9999.0, 22.52, 22.36, 22.16, 22.25, 22.18
2026-09-08, 01:44:35, 22.23, 22.32, 22.59, 22.61, 9999.0, 9999.0, 9999.0, 23.89, 9999.0, 22.39, 9999.0, 22.52, 22.34, 22.14, 22.25, 22.16
2026-09-08, 01:44:39, 22.23, 22.3, 22.61, 22.64, 9999.0, 9999.0, 9999.0, 23.84, 9999.0, 22.36, 9999.0, 22.55, 22.32, 22.14, 22.25, 22.16
2026-09-08, 01:44:43, 22.23, 22.3, 22.61, 22.64, 9999.0, 9999.0, 9999.0, 23.82, 9999.0, 22.34, 9999.0, 22.57, 22.32, 22.14, 22.25, 22.16
2026-09-08, 01:44:47, 22.23, 22.3, 22.64, 22.64, 9999.0, 9999.0, 9999.0, 23.77, 9999.0, 22.32, 9999.0, 22.59, 22.32, 22.14, 22.25, 22.18
2026-09-08, 01:44:51, 22.23, 22.3, 22.61, 22.61, 9999.0, 9999.0, 9999.0, 23.73, 9999.0, 22.32, 9999.0, 22.59, 22.3, 22.14, 22.25, 22.18
2026-09-08, 01:44:55, 22.25, 22.32, 22.64, 22.61, 9999.0, 9999.0, 9999.0, 23.7, 9999.0, 22.3, 9999.0, 22.61, 22.3, 22.14, 22.25, 22.18
2026-09-08, 01:44:59, 22.25, 22.34, 22.64, 22.59, 9999.0, 9999.0, 9999.0, 23.68, 9999.0, 22.27, 9999.0, 22.64, 22.32, 22.14, 22.25, 22.18
2026-09-08, 01:45:03, 22.25, 22.32, 22.64, 22.59, 9999.0, 9999.0, 9999.0, 23.66, 9999.0, 22.27, 9999.0, 22.64, 22.34, 22.16, 22.25, 22.18
2026-09-08, 01:45:08, 22.25, 22.32, 22.64, 22.61, 9999.0, 9999.0, 9999.0, 23.64, 9999.0, 22.3, 9999.0, 22.64, 22.34, 22.18, 22.25, 22.18
2026-09-08, 01:45:12, 22.25, 22.3, 22.64, 22.61, 9999.0, 9999.0, 9999.0, 23.66, 9999.0, 22.32, 9999.0, 22.64, 22.36, 22.2, 22.23, 22.2
2026-09-08, 01:45:16, 22.25, 22.3, 22.64, 22.61, 9999.0, 9999.0, 9999.0, 23.7, 9999.0, 22.32, 9999.0, 22.61, 22.39, 22.18, 22.23, 22.2
2026-09-08, 01:45:20, 22.25, 22.3, 22.66, 22.61, 9999.0, 9999.0, 9999.0, 23.73, 9999.0, 22.32, 9999.0, 22.61, 22.41, 22.18, 22.23, 22.23
2026-09-08, 01:45:24, 22.25, 22.3, 22.64, 22.59, 9999.0, 9999.0, 9999.0, 23.75, 9999.0, 22.32, 9999.0, 22.59, 22.41, 22.18, 22.23, 22.23
2026-09-08, 01:45:28, 22.25, 22.3, 22.66, 22.59, 9999.0, 9999.0, 9999.0, 23.75, 9999.0, 22.32, 9999.0, 22.57, 22.39, 22.2, 22.23, 22.23
2026-09-08, 01:45:32, 22.25, 22.3, 22.66, 22.57, 9999.0, 9999.0, 9999.0, 23.77, 9999.0, 22.32, 9999.0, 22.55, 22.39, 22.2, 22.23, 22.23
2026-09-08, 01:45:36, 22.25, 22.3, 22.68, 22.57, 9999.0, 9999.0, 9999.0, 23.8, 9999.0, 22.32, 9999.0, 22.55, 22.39, 22.18, 22.23, 22.2
2026-09-08, 01:45:40, 22.25, 22.27, 22.66, 22.57, 9999.0, 9999.0, 9999.0, 23.82, 9999.0, 22.32, 9999.0, 22.52, 22.41, 22.16, 22.23, 22.23
2026-09-08, 01:45:44, 22.25, 22.25, 22.66, 22.57, 9999.0, 9999.0, 9999.0, 23.84, 9999.0, 22.32, 9999.0, 22.5, 22.41, 22.16, 22.23, 22.2
2026-09-08, 01:45:48, 22.25, 22.25, 22.66, 22.55, 9999.0, 9999.0, 9999.0, 23.86, 9999.0, 22.3, 9999.0, 22.52, 22.39, 22.14, 22.23, 22.2
2026-09-08, 01:45:52, 22.25, 22.25, 22.66, 22.55, 9999.0, 9999.0, 9999.0, 23.89, 9999.0, 22.27, 9999.0, 22.52, 22.36, 22.14, 22.23, 22.2
2026-09-08, 01:45:56, 22.25, 22.25, 22.64, 22.55, 9999.0, 9999.0, 9999.0, 23.82, 9999.0, 22.25, 9999.0, 22.55, 22.34, 22.14, 22.25, 22.18
2026-09-08, 01:46:00, 22.25, 22.25, 22.64, 22.55, 9999.0, 9999.0, 9999.0, 23.75, 9999.0, 22.25, 9999.0, 22.57, 22.32, 22.16, 22.25, 22.16
2026-09-08, 01:46:04, 22.25, 22.25, 22.64, 22.55, 9999.0, 9999.0, 9999.0, 23.7, 9999.0, 22.25, 9999.0, 22.59, 22.3, 22.18, 22.25, 22.16
2026-09-08, 01:46:08, 22.25, 22.27, 22.64, 22.55, 9999.0, 9999.0, 9999.0, 23.66, 9999.0, 22.25, 9999.0, 22.61, 22.3, 22.16, 22.25, 22.16
2026-09-08, 01:46:12, 22.25, 22.27, 22.61, 22.55, 9999.0, 9999.0, 9999.0, 23.64, 9999.0, 22.25, 9999.0, 22.64, 22.3, 22.16, 22.25, 22.16
2026-09-08, 01:46:16, 22.25, 22.27, 22.59, 22.57, 9999.0, 9999.0, 9999.0, 23.61, 9999.0, 22.27, 9999.0, 22.66, 22.3, 22.16, 22.25, 22.14
2026-09-08, 01:46:20, 22.25, 22.27, 22.59, 22.59, 9999.0, 9999.0, 9999.0, 23.59, 9999.0, 22.3, 9999.0, 22.66, 22.32, 22.16, 22.25, 22.16
2026-09-08, 01:46:24, 22.25, 22.27, 22.61, 22.59, 9999.0, 9999.0, 9999.0, 23.55, 9999.0, 22.32, 9999.0, 22.66, 22.32, 22.18, 22.25, 22.16
2026-09-08, 01:46:28, 22.25, 22.27, 22.61, 22.59, 9999.0, 9999.0, 9999.0, 23.57, 9999.0, 22.34, 9999.0, 22.66, 22.3, 22.18, 22.25, 22.18
2026-09-08, 01:46:32, 22.25, 22.27, 22.64, 22.59, 9999.0, 9999.0, 9999.0, 23.59, 9999.0, 22.36, 9999.0, 22.64, 22.3, 22.18, 22.25, 22.18
2026-09-08, 01:46:36, 22.25, 22.27, 22.64, 22.59, 9999.0, 9999.0, 9999.0, 23.61, 9999.0, 22.36, 9999.0, 22.64, 22.3, 22.16, 22.25, 22.18
2026-09-08, 01:46:40, 22.25, 22.3, 22.64, 22.59, 9999.0, 9999.0, 9999.0, 23.66, 9999.0, 22.36, 9999.0, 22.61, 22.32, 22.14, 22.25, 22.2
2026-09-08, 01:46:44, 22.25, 22.3, 22.64, 22.59, 9999.0, 9999.0, 9999.0, 23.7, 9999.0, 22.36, 9999.0, 22.59, 22.32, 22.14, 22.25, 22.23
2026-09-08, 01:46:48, 22.25, 22.3, 22.61, 22.59, 9999.0, 9999.0, 9999.0, 23.73, 9999.0, 22.36, 9999.0, 22.57, 22.34, 22.11, 22.25, 22.23
2026-09-08, 01:46:52, 22.25, 22.27, 22.61, 22.61, 9999.0, 9999.0, 9999.0, 23.75, 9999.0, 22.36, 9999.0, 22.55, 22.34, 22.11, 22.25, 22.23
2026-09-08, 01:46:56, 22.25, 22.3, 22.61, 22.61, 9999.0, 9999.0, 9999.0, 23.77, 9999.0, 22.36, 9999.0, 22.52, 22.34, 22.09, 22.25, 22.23
2026-09-08, 01:47:00, 22.25, 22.32, 22.61, 22.61, 9999.0, 9999.0, 9999.0, 23.8, 9999.0, 22.34, 9999.0, 22.5, 22.34, 22.07, 22.25, 22.25
2026-09-08, 01:47:04, 22.25, 22.34, 22.61, 22.59, 9999.0, 9999.0, 9999.0, 23.82, 9999.0, 22.32, 9999.0, 22.52, 22.32, 22.09, 22.25, 22.25
2026-09-08, 01:47:08, 22.25, 22.34, 22.59, 22.61, 9999.0, 9999.0, 9999.0, 23.84, 9999.0, 22.3, 9999.0, 22.52, 22.3, 22.09, 22.23, 22.25
2026-09-08, 01:47:12, 22.25, 22.34, 22.61, 22.61, 9999.0, 9999.0, 9999.0, 23.82, 9999.0, 22.25, 9999.0, 22.55, 22.3, 22.09, 22.23, 22.25
2026-09-08, 01:47:16, 22.25, 22.34, 22.61, 22.64, 9999.0, 9999.0, 9999.0, 23.77, 9999.0, 22.23, 9999.0, 22.57, 22.32, 22.11, 22.23, 22.25
2026-09-08, 01:47:20, 22.25, 22.34, 22.61, 22.64, 9999.0, 9999.0, 9999.0, 23.73, 9999.0, 22.2, 9999.0, 22.59, 22.34, 22.14, 22.23, 22.25
2026-09-08, 01:47:24, 22.25, 22.32, 22.64, 22.64, 9999.0, 9999.0, 9999.0, 23.68, 9999.0, 22.2, 9999.0, 22.61, 22.32, 22.14, 22.23, 22.25
2026-09-08, 01:47:28, 22.25, 22.32, 22.64, 22.64, 9999.0, 9999.0, 9999.0, 23.64, 9999.0, 22.2, 9999.0, 22.64, 22.32, 22.14, 22.23, 22.25
2026-09-08, 01:47:32, 22.25, 22.32, 22.66, 22.64, 9999.0, 9999.0, 9999.0, 23.59, 9999.0, 22.2, 9999.0, 22.66, 22.32, 22.16, 22.23, 22.25
2026-09-08, 01:47:36, 22.25, 22.32, 22.68, 22.61, 9999.0, 9999.0, 9999.0, 23.55, 9999.0, 22.23, 9999.0, 22.66, 22.34, 22.18, 22.23, 22.25
2026-09-08, 01:47:40, 22.25, 22.3, 22.7, 22.59, 9999.0, 9999.0, 9999.0, 23.5, 9999.0, 22.25, 9999.0, 22.66, 22.36, 22.2, 22.23, 22.25
2026-09-08, 01:47:44, 22.25, 22.27, 22.73, 22.59, 9999.0, 9999.0, 9999.0, 23.52, 9999.0, 22.25, 9999.0, 22.66, 22.36, 22.23, 22.23, 22.25
2026-09-08, 01:47:48, 22.25, 22.25, 22.73, 22.61, 9999.0, 9999.0, 9999.0, 23.55, 9999.0, 22.25, 9999.0, 22.64, 22.36, 22.2, 22.23, 22.25
2026-09-08, 01:47:52, 22.25, 22.25, 22.75, 22.61, 9999.0, 9999.0, 9999.0, 23.59, 9999.0, 22.25, 9999.0, 22.64, 22.39, 22.18, 22.25, 22.25
2026-09-08, 01:47:56, 22.25, 22.25, 22.75, 22.64, 9999.0, 9999.0, 9999.0, 23.59, 9999.0, 22.27, 9999.0, 22.61, 22.39, 22.18, 22.25, 22.25
2026-09-08, 01:48:00, 22.25, 22.25, 22.75, 22.64, 9999.0, 9999.0, 9999.0, 23.61, 9999.0, 22.27, 9999.0, 22.59, 22.36, 22.18, 22.25, 22.25
2026-09-08, 01:48:04, 22.25, 22.25, 22.75, 22.64, 9999.0, 9999.0, 9999.0, 23.64, 9999.0, 22.3, 9999.0, 22.57, 22.34, 22.18, 22.25, 22.25
2026-09-08, 01:48:08, 22.25, 22.25, 22.75, 22.66, 9999.0, 9999.0, 9999.0, 23.66, 9999.0, 22.3, 9999.0, 22.55, 22.36, 22.2, 22.25, 22.25
2026-09-08, 01:48:12, 22.25, 22.25, 22.73, 22.68, 9999.0, 9999.0, 9999.0, 23.68, 9999.0, 22.3, 9999.0, 22.52, 22.36, 22.2, 22.25, 22.25
2026-09-08, 01:48:16, 22.25, 22.25, 22.73, 22.7, 9999.0, 9999.0, 9999.0, 23.73, 9999.0, 22.3, 9999.0, 22.5, 22.34, 22.2, 22.25, 22.25
2026-09-08, 01:48:20, 22.25, 22.25, 22.73, 22.73, 9999.0, 9999.0, 9999.0, 23.77, 9999.0, 22.27, 9999.0, 22.5, 22.32, 22.2, 22.25, 22.25
2026-09-08, 01:48:24, 22.25, 22.25, 22.73, 22.75, 9999.0, 9999.0, 9999.0, 23.8, 9999.0, 22.23, 9999.0, 22.52, 22.3, 22.2, 22.25, 22.25
2026-09-08, 01:48:28, 22.25, 22.25, 22.73, 22.75, 9999.0, 9999.0, 9999.0, 23.75, 9999.0, 22.2, 9999.0, 22.55, 22.3, 22.2, 22.25, 22.25
2026-09-08, 01:48:32, 22.25, 22.25, 22.7, 22.75, 9999.0, 9999.0, 9999.0, 23.7, 9999.0, 22.2, 9999.0, 22.57, 22.3, 22.23, 22.25, 22.25
2026-09-08, 01:48:36, 22.25, 22.27, 22.7, 22.75, 9999.0, 9999.0, 9999.0, 23.66, 9999.0, 22.18, 9999.0, 22.59, 22.3, 22.25, 22.25, 22.25
2026-09-08, 01:48:40, 22.25, 22.27, 22.7, 22.73, 9999.0, 9999.0, 9999.0, 23.64, 9999.0, 22.18, 9999.0, 22.61, 22.32, 22.25, 22.25, 22.25
2026-09-08, 01:48:44, 22.25, 22.27, 22.7, 22.73, 9999.0, 9999.0, 9999.0, 23.61, 9999.0, 22.18, 9999.0, 22.64, 22.34, 22.23, 22.25, 22.25
2026-09-08, 01:48:48, 22.25, 22.27, 22.68, 22.73, 9999.0, 9999.0, 9999.0, 23.59, 9999.0, 22.18, 9999.0, 22.64, 22.36, 22.23, 22.25, 22.25
2026-09-08, 01:48:52, 22.25, 22.3, 22.68, 22.73, 9999.0, 9999.0, 9999.0, 23.57, 9999.0, 22.18, 9999.0, 22.66, 22.36, 22.23, 22.25, 22.25
2026-09-08, 01:48:56, 22.25, 22.3, 22.7, 22.73, 9999.0, 9999.0, 9999.0, 23.55, 9999.0, 22.18, 9999.0, 22.66, 22.39, 22.23, 22.25, 22.25
2026-09-08, 01:49:01, 22.25, 22.32, 22.7, 22.73, 9999.0, 9999.0, 9999.0, 23.52, 9999.0, 22.18, 9999.0, 22.66, 22.41, 22.23, 22.25, 22.25
2026-09-08, 01:49:05, 22.25, 22.32, 22.68, 22.73, 9999.0, 9999.0, 9999.0, 23.55, 9999.0, 22.18, 9999.0, 22.66, 22.43, 22.23, 22.25, 22.25
2026-09-08, 01:49:09, 22.25, 22.34, 22.68, 22.7, 9999.0, 9999.0, 9999.0, 23.59, 9999.0, 22.2, 9999.0, 22.66, 22.43, 22.23, 22.25, 22.25
2026-09-08, 01:49:13, 22.25, 22.36, 22.68, 22.7, 9999.0, 9999.0, 9999.0, 23.64, 9999.0, 22.23, 9999.0, 22.64, 22.45, 22.23, 22.25, 22.25
2026-09-08, 01:49:17, 22.25, 22.36, 22.7, 22.7, 9999.0, 9999.0, 9999.0, 23.68, 9999.0, 22.2, 9999.0, 22.61, 22.45, 22.23, 22.25, 22.25
2026-09-08, 01:49:21, 22.25, 22.34, 22.7, 22.7, 9999.0, 9999.0, 9999.0, 23.7, 9999.0, 22.2, 9999.0, 22.59, 22.43, 22.23, 22.25, 22.25
2026-09-08, 01:49:25, 22.25, 22.34, 22.7, 22.73, 9999.0, 9999.0, 9999.0, 23.73, 9999.0, 22.18, 9999.0, 22.57, 22.41, 22.23, 22.25, 22.25
2026-09-08, 01:49:29, 22.25, 22.34, 22.7, 22.73, 9999.0, 9999.0, 9999.0, 23.73, 9999.0, 22.16, 9999.0, 22.55, 22.41, 22.25, 22.25, 22.25
2026-09-08, 01:49:33, 22.25, 22.34, 22.73, 22.73, 9999.0, 9999.0, 9999.0, 23.75, 9999.0, 22.14, 9999.0, 22.55, 22.41, 22.23, 22.25, 22.25
2026-09-08, 01:49:37, 22.25, 22.32, 22.73, 22.73, 9999.0, 9999.0, 9999.0, 23.77, 9999.0, 22.11, 9999.0, 22.52, 22.41, 22.23, 22.25, 22.25
2026-09-08, 01:49:41, 22.25, 22.34, 22.73, 22.7, 9999.0, 9999.0, 9999.0, 23.77, 9999.0, 22.09, 9999.0, 22.52, 22.39, 22.2, 22.25, 22.25
2026-09-08, 01:49:45, 22.25, 22.32, 22.73, 22.7, 9999.0, 9999.0, 9999.0, 23.77, 9999.0, 22.07, 9999.0, 22.52, 22.36, 22.18, 22.25, 22.25
2026-09-08, 01:49:49, 22.25, 22.32, 22.73, 22.68, 9999.0, 9999.0, 9999.0, 23.73, 9999.0, 22.05, 9999.0, 22.55, 22.36, 22.18, 22.25, 22.25
2026-09-08, 01:49:53, 22.25, 22.3, 22.73, 22.68, 9999.0, 9999.0, 9999.0, 23.66, 9999.0, 22.02, 9999.0, 22.55, 22.39, 22.16, 22.25, 22.25
2026-09-08, 01:49:57, 22.25, 22.27, 22.73, 22.66, 9999.0, 9999.0, 9999.0, 23.59, 9999.0, 21.98, 9999.0, 22.57, 22.39, 22.16, 22.25, 22.25
2026-09-08, 01:50:01, 22.25, 22.27, 22.73, 22.66, 9999.0, 9999.0, 9999.0, 23.52, 9999.0, 22.0, 9999.0, 22.59, 22.41, 22.16, 22.25, 22.25
2026-09-08, 01:50:05, 22.25, 22.27, 22.73, 22.66, 9999.0, 9999.0, 9999.0, 23.48, 9999.0, 22.02, 9999.0, 22.61, 22.43, 22.16, 22.25, 22.25
2026-09-08, 01:50:09, 22.25, 22.27, 22.73, 22.66, 9999.0, 9999.0, 9999.0, 23.43, 9999.0, 22.05, 9999.0, 22.64, 22.45, 22.16, 22.25, 22.25
2026-09-08, 01:50:13, 22.25, 22.27, 22.73, 22.66, 9999.0, 9999.0, 9999.0, 23.41, 9999.0, 22.07, 9999.0, 22.64, 22.45, 22.16, 22.25, 22.25
2026-09-08, 01:50:17, 22.25, 22.27, 22.73, 22.64, 9999.0, 9999.0, 9999.0, 23.36, 9999.0, 22.09, 9999.0, 22.64, 22.45, 22.18, 22.25, 22.25
2026-09-08, 01:50:21, 22.25, 22.3, 22.73, 22.64, 9999.0, 9999.0, 9999.0, 23.41, 9999.0, 22.11, 9999.0, 22.64, 22.45, 22.18, 22.25, 22.25
2026-09-08, 01:50:25, 22.25, 22.27, 22.73, 22.66, 9999.0, 9999.0, 9999.0, 23.45, 9999.0, 22.11, 9999.0, 22.64, 22.48, 22.2, 22.25, 22.25
2026-09-08, 01:50:29, 22.25, 22.27, 22.73, 22.66, 9999.0, 9999.0, 9999.0, 23.48, 9999.0, 22.11, 9999.0, 22.64, 22.5, 22.2, 22.25, 22.25
2026-09-08, 01:50:33, 22.25, 22.27, 22.75, 22.68, 9999.0, 9999.0, 9999.0, 23.5, 9999.0, 22.11, 9999.0, 22.61, 22.5, 22.2, 22.25, 22.25
2026-09-08, 01:50:37, 22.25, 22.27, 22.75, 22.7, 9999.0, 9999.0, 9999.0, 23.55, 9999.0, 22.11, 9999.0, 22.59, 22.5, 22.2, 22.25, 22.25
2026-09-08, 01:50:41, 22.25, 22.3, 22.75, 22.73, 9999.0, 9999.0, 9999.0, 23.59, 9999.0, 22.14, 9999.0, 22.57, 22.5, 22.2, 22.25, 22.25
2026-09-08, 01:50:45, 22.25, 22.3, 22.75, 22.73, 9999.0, 9999.0, 9999.0, 23.61, 9999.0, 22.11, 9999.0, 22.55, 22.5, 22.2, 22.25, 22.25
2026-09-08, 01:50:49, 22.25, 22.3, 22.75, 22.73, 9999.0, 9999.0, 9999.0, 23.64, 9999.0, 22.09, 9999.0, 22.52, 22.48, 22.2, 22.25, 22.25
2026-09-08, 01:50:53, 22.25, 22.3, 22.75, 22.73, 9999.0, 9999.0, 9999.0, 23.68, 9999.0, 22.07, 9999.0, 22.5, 22.45, 22.2, 22.25, 22.25
2026-09-08, 01:50:57, 22.25, 22.3, 22.75, 22.73, 9999.0, 9999.0, 9999.0, 23.7, 9999.0, 22.05, 9999.0, 22.5, 22.45, 22.18, 22.25, 22.25
2026-09-08, 01:51:01, 22.25, 22.32, 22.75, 22.75, 9999.0, 9999.0, 9999.0, 23.73, 9999.0, 22.02, 9999.0, 22.5, 22.43, 22.18, 22.25, 22.25
2026-09-08, 01:51:05, 22.25, 22.3, 22.75, 22.75, 9999.0, 9999.0, 9999.0, 23.66, 9999.0, 22.0, 9999.0, 22.52, 22.43, 22.18, 22.25, 22.25
2026-09-08, 01:51:09, 22.25, 22.3, 22.75, 22.75, 9999.0, 9999.0, 9999.0, 23.61, 9999.0, 22.0, 9999.0, 22.55, 22.43, 22.18, 22.25, 22.25
2026-09-08, 01:51:13, 22.25, 22.32, 22.75, 22.75, 9999.0, 9999.0, 9999.0, 23.57, 9999.0, 22.0, 9999.0, 22.57, 22.43, 22.2, 22.25, 22.25
2026-09-08, 01:51:17, 22.25, 22.34, 22.75, 22.75, 9999.0, 9999.0, 9999.0, 23.52, 9999.0, 22.02, 9999.0, 22.59, 22.41, 22.2, 22.25, 22.25
2026-09-08, 01:51:21, 22.25, 22.34, 22.75, 22.75, 9999.0, 9999.0, 9999.0, 23.48, 9999.0, 22.02, 9999.0, 22.61, 22.39, 22.23, 22.25, 22.25
2026-09-08, 01:51:25, 22.25, 22.32, 22.75, 22.73, 9999.0, 9999.0, 9999.0, 23.43, 9999.0, 22.05, 9999.0, 22.64, 22.39, 22.23, 22.25, 22.25
2026-09-08, 01:51:29, 22.25, 22.34, 22.75, 22.73, 9999.0, 9999.0, 9999.0, 23.41, 9999.0, 22.07, 9999.0, 22.66, 22.39, 22.23, 22.25, 22.25
2026-09-08, 01:51:33, 22.25, 22.34, 22.75, 22.73, 9999.0, 9999.0, 9999.0, 23.39, 9999.0, 22.09, 9999.0, 22.66, 22.41, 22.23, 22.25, 22.25
2026-09-08, 01:51:37, 22.25, 22.34, 22.75, 22.73, 9999.0, 9999.0, 9999.0, 23.41, 9999.0, 22.11, 9999.0, 22.68, 22.43, 22.2, 22.25, 22.25
2026-09-08, 01:51:41, 22.25, 22.34, 22.75, 22.73, 9999.0, 9999.0, 9999.0, 23.45, 9999.0, 22.14, 9999.0, 22.68, 22.43, 22.23, 22.25, 22.25
2026-09-08, 01:51:45, 22.25, 22.32, 22.75, 22.73, 9999.0, 9999.0, 9999.0, 23.5, 9999.0, 22.16, 9999.0, 22.68, 22.45, 22.23, 22.25, 22.25
2026-09-08, 01:51:49, 22.25, 22.32, 22.75, 22.73, 9999.0, 9999.0, 9999.0, 23.52, 9999.0, 22.18, 9999.0, 22.66, 22.45, 22.23, 22.25, 22.25
2026-09-08, 01:51:53, 22.25, 22.32, 22.75, 22.73, 9999.0, 9999.0, 9999.0, 23.55, 9999.0, 22.18, 9999.0, 22.64, 22.43, 22.23, 22.25, 22.25
2026-09-08, 01:51:57, 22.25, 22.3, 22.75, 22.73, 9999.0, 9999.0, 9999.0, 23.59, 9999.0, 22.18, 9999.0, 22.61, 22.41, 22.23, 22.25, 22.25
2026-09-08, 01:52:01, 22.23, 22.27, 22.75, 22.73, 9999.0, 9999.0, 9999.0, 23.64, 9999.0, 22.18, 9999.0, 22.59, 22.43, 22.2, 22.25, 22.25
2026-09-08, 01:52:05, 22.23, 22.27, 22.75, 22.73, 9999.0, 9999.0, 9999.0, 23.68, 9999.0, 22.18, 9999.0, 22.57, 22.45, 22.2, 22.25, 22.25
2026-09-08, 01:52:09, 22.23, 22.3, 22.75, 22.75, 9999.0, 9999.0, 9999.0, 23.73, 9999.0, 22.16, 9999.0, 22.55, 22.43, 22.2, 22.25, 22.25
2026-09-08, 01:52:13, 22.23, 22.27, 22.75, 22.75, 9999.0, 9999.0, 9999.0, 23.75, 9999.0, 22.14, 9999.0, 22.55, 22.41, 22.2, 22.25, 22.25
2026-09-08, 01:52:17, 22.23, 22.27, 22.75, 22.75, 9999.0, 9999.0, 9999.0, 23.77, 9999.0, 22.11, 9999.0, 22.55, 22.41, 22.2, 22.25, 22.25
2026-09-08, 01:52:21, 22.23, 22.3, 22.75, 22.75, 9999.0, 9999.0, 9999.0, 23.73, 9999.0, 22.09, 9999.0, 22.55, 22.39, 22.23, 22.25, 22.25
2026-09-08, 01:52:25, 22.23, 22.3, 22.75, 22.75, 9999.0, 9999.0, 9999.0, 23.68, 9999.0, 22.07, 9999.0, 22.57, 22.39, 22.23, 22.25, 22.25
2026-09-08, 01:52:29, 22.2, 22.32, 22.75, 22.75, 9999.0, 9999.0, 9999.0, 23.64, 9999.0, 22.05, 9999.0, 22.59, 22.39, 22.23, 22.25, 22.25
2026-09-08, 01:52:33, 22.18, 22.32, 22.75, 22.75, 9999.0, 9999.0, 9999.0, 23.61, 9999.0, 22.02, 9999.0, 22.61, 22.36, 22.23, 22.25, 22.25
2026-09-08, 01:52:37, 22.18, 22.34, 22.75, 22.75, 9999.0, 9999.0, 9999.0, 23.59, 9999.0, 22.05, 9999.0, 22.64, 22.39, 22.23, 22.25, 22.25
2026-09-08, 01:52:41, 22.18, 22.34, 22.75, 22.75, 9999.0, 9999.0, 9999.0, 23.55, 9999.0, 22.07, 9999.0, 22.66, 22.41, 22.23, 22.25, 22.25
2026-09-08, 01:52:45, 22.2, 22.34, 22.75, 22.75, 9999.0, 9999.0, 9999.0, 23.52, 9999.0, 22.09, 9999.0, 22.66, 22.41, 22.25, 22.25, 22.25
2026-09-08, 01:52:50, 22.2, 22.34, 22.75, 22.75, 9999.0, 9999.0, 9999.0, 23.48, 9999.0, 22.11, 9999.0, 22.68, 22.41, 22.23, 22.25, 22.25
2026-09-08, 01:52:54, 22.2, 22.32, 22.75, 22.75, 9999.0, 9999.0, 9999.0, 23.43, 9999.0, 22.14, 9999.0, 22.68, 22.43, 22.2, 22.25, 22.25
2026-09-08, 01:52:58, 22.2, 22.34, 22.75, 22.73, 9999.0, 9999.0, 9999.0, 23.48, 9999.0, 22.16, 9999.0, 22.66, 22.45, 22.2, 22.25, 22.25
2026-09-08, 01:53:02, 22.2, 22.34, 22.73, 22.73, 9999.0, 9999.0, 9999.0, 23.52, 9999.0, 22.18, 9999.0, 22.66, 22.45, 22.2, 22.25, 22.25
2026-09-08, 01:53:06, 22.2, 22.32, 22.7, 22.73, 9999.0, 9999.0, 9999.0, 23.57, 9999.0, 22.2, 9999.0, 22.64, 22.45, 22.2, 22.25, 22.25
2026-09-08, 01:53:10, 22.2, 22.34, 22.7, 22.73, 9999.0, 9999.0, 9999.0, 23.61, 9999.0, 22.2, 9999.0, 22.61, 22.45, 22.2, 22.25, 22.25
2026-09-08, 01:53:14, 22.23, 22.32, 22.7, 22.73, 9999.0, 9999.0, 9999.0, 23.64, 9999.0, 22.23, 9999.0, 22.59, 22.45, 22.2, 22.25, 22.25
2026-09-08, 01:53:18, 22.25, 22.32, 22.7, 22.73, 9999.0, 9999.0, 9999.0, 23.66, 9999.0, 22.23, 9999.0, 22.57, 22.48, 22.2, 22.25, 22.25
2026-09-08, 01:53:22, 22.25, 22.32, 22.7, 22.73, 9999.0, 9999.0, 9999.0, 23.66, 9999.0, 22.2, 9999.0, 22.55, 22.45, 22.2, 22.25, 22.25
2026-09-08, 01:53:26, 22.25, 22.32, 22.7, 22.73, 9999.0, 9999.0, 9999.0, 23.7, 9999.0, 22.18, 9999.0, 22.52, 22.45, 22.18, 22.25, 22.25
2026-09-08, 01:53:30, 22.25, 22.32, 22.68, 22.73, 9999.0, 9999.0, 9999.0, 23.7, 9999.0, 22.14, 9999.0, 22.52, 22.43, 22.18, 22.25, 22.25
2026-09-08, 01:53:34, 22.25, 22.34, 22.68, 22.73, 9999.0, 9999.0, 9999.0, 23.73, 9999.0, 22.11, 9999.0, 22.5, 22.41, 22.2, 22.25, 22.25
2026-09-08, 01:53:38, 22.25, 22.34, 22.68, 22.7, 9999.0, 9999.0, 9999.0, 23.75, 9999.0, 22.09, 9999.0, 22.5, 22.39, 22.2, 22.25, 22.25
2026-09-08, 01:53:42, 22.25, 22.32, 22.68, 22.73, 9999.0, 9999.0, 9999.0, 23.7, 9999.0, 22.07, 9999.0, 22.52, 22.39, 22.2, 22.25, 22.25
2026-09-08, 01:53:46, 22.25, 22.32, 22.7, 22.73, 9999.0, 9999.0, 9999.0, 23.66, 9999.0, 22.05, 9999.0, 22.55, 22.39, 22.2, 22.25, 22.25
2026-09-08, 01:53:50, 22.25, 22.32, 22.7, 22.73, 9999.0, 9999.0, 9999.0, 23.61, 9999.0, 22.02, 9999.0, 22.57, 22.39, 22.2, 22.25, 22.25
2026-09-08, 01:53:54, 22.25, 22.3, 22.7, 22.73, 9999.0, 9999.0, 9999.0, 23.57, 9999.0, 22.05, 9999.0, 22.59, 22.36, 22.2, 22.25, 22.25
2026-09-08, 01:53:58, 22.25, 22.3, 22.7, 22.73, 9999.0, 9999.0, 9999.0, 23.55, 9999.0, 22.05, 9999.0, 22.61, 22.34, 22.2, 22.25, 22.25
2026-09-08, 01:54:02, 22.25, 22.3, 22.7, 22.73, 9999.0, 9999.0, 9999.0, 23.5, 9999.0, 22.07, 9999.0, 22.64, 22.34, 22.2, 22.25, 22.23
2026-09-08, 01:54:06, 22.25, 22.27, 22.7, 22.73, 9999.0, 9999.0, 9999.0, 23.5, 9999.0, 22.11, 9999.0, 22.64, 22.36, 22.2, 22.25, 22.23
2026-09-08, 01:54:10, 22.25, 22.27, 22.7, 22.73, 9999.0, 9999.0, 9999.0, 23.48, 9999.0, 22.16, 9999.0, 22.64, 22.36, 22.23, 22.25, 22.23
2026-09-08, 01:54:14, 22.25, 22.27, 22.73, 22.73, 9999.0, 9999.0, 9999.0, 23.55, 9999.0, 22.2, 9999.0, 22.64, 22.36, 22.23, 22.25, 22.23
2026-09-08, 01:54:18, 22.25, 22.25, 22.73, 22.73, 9999.0, 9999.0, 9999.0, 23.59, 9999.0, 22.25, 9999.0, 22.66, 22.39, 22.23, 22.25, 22.23
2026-09-08, 01:54:22, 22.25, 22.25, 22.73, 22.75, 9999.0, 9999.0, 9999.0, 23.61, 9999.0, 22.3, 9999.0, 22.66, 22.41, 22.23, 22.25, 22.23
2026-09-08, 01:54:26, 22.25, 22.25, 22.73, 22.75, 9999.0, 9999.0, 9999.0, 23.66, 9999.0, 22.32, 9999.0, 22.64, 22.39, 22.23, 22.25, 22.23
2026-09-08, 01:54:30, 22.25, 22.25, 22.73, 22.75, 9999.0, 9999.0, 9999.0, 23.7, 9999.0, 22.34, 9999.0, 22.61, 22.39, 22.23, 22.25, 22.23
2026-09-08, 01:54:34, 22.25, 22.25, 22.75, 22.75, 9999.0, 9999.0, 9999.0, 23.73, 9999.0, 22.36, 9999.0, 22.59, 22.41, 22.23, 22.25, 22.23
2026-09-08, 01:54:38, 22.25, 22.25, 22.75, 22.75, 9999.0, 9999.0, 9999.0, 23.75, 9999.0, 22.36, 9999.0, 22.57, 22.41, 22.23, 22.25, 22.23
2026-09-08, 01:54:42, 22.25, 22.25, 22.75, 22.75, 9999.0, 9999.0, 9999.0, 23.77, 9999.0, 22.36, 9999.0, 22.55, 22.41, 22.23, 22.25, 22.23
2026-09-08, 01:54:46, 22.25, 22.25, 22.75, 22.75, 9999.0, 9999.0, 9999.0, 23.82, 9999.0, 22.36, 9999.0, 22.52, 22.41, 22.2, 22.25, 22.25
2026-09-08, 01:54:50, 22.25, 22.25, 22.75, 22.75, 9999.0, 9999.0, 9999.0, 23.84, 9999.0, 22.34, 9999.0, 22.55, 22.39, 22.2, 22.25, 22.25
2026-09-08, 01:54:54, 22.25, 22.25, 22.73, 22.75, 9999.0, 9999.0, 9999.0, 23.86, 9999.0, 22.32, 9999.0, 22.55, 22.36, 22.18, 22.25, 22.25
2026-09-08, 01:54:58, 22.25, 22.27, 22.73, 22.75, 9999.0, 9999.0, 9999.0, 23.8, 9999.0, 22.3, 9999.0, 22.55, 22.39, 22.18, 22.25, 22.25
2026-09-08, 01:55:02, 22.25, 22.27, 22.73, 22.75, 9999.0, 9999.0, 9999.0, 23.75, 9999.0, 22.27, 9999.0, 22.55, 22.39, 22.18, 22.25, 22.25
2026-09-08, 01:55:06, 22.25, 22.3, 22.73, 22.75, 9999.0, 9999.0, 9999.0, 23.73, 9999.0, 22.23, 9999.0, 22.57, 22.36, 22.2, 22.25, 22.25
2026-09-08, 01:55:10, 22.25, 22.3, 22.73, 22.75, 9999.0, 9999.0, 9999.0, 23.68, 9999.0, 22.23, 9999.0, 22.59, 22.36, 22.2, 22.25, 22.25
2026-09-08, 01:55:14, 22.25, 22.3, 22.73, 22.75, 9999.0, 9999.0, 9999.0, 23.64, 9999.0, 22.23, 9999.0, 22.61, 22.36, 22.2, 22.25, 22.25
2026-09-08, 01:55:18, 22.25, 22.3, 22.73, 22.75, 9999.0, 9999.0, 9999.0, 23.59, 9999.0, 22.23, 9999.0, 22.64, 22.36, 22.2, 22.25, 22.25
2026-09-08, 01:55:22, 22.25, 22.3, 22.73, 22.75, 9999.0, 9999.0, 9999.0, 23.55, 9999.0, 22.25, 9999.0, 22.66, 22.39, 22.18, 22.25, 22.25
2026-09-08, 01:55:26, 22.25, 22.3, 22.7, 22.75, 9999.0, 9999.0, 9999.0, 23.5, 9999.0, 22.27, 9999.0, 22.68, 22.41, 22.16, 22.25, 22.25
2026-09-08, 01:55:30, 22.25, 22.3, 22.7, 22.75, 9999.0, 9999.0, 9999.0, 23.52, 9999.0, 22.3, 9999.0, 22.68, 22.41, 22.18, 22.25, 22.25
2026-09-08, 01:55:34, 22.25, 22.3, 22.7, 22.73, 9999.0, 9999.0, 9999.0, 23.55, 9999.0, 22.32, 9999.0, 22.66, 22.43, 22.18, 22.25, 22.25
2026-09-08, 01:55:38, 22.25, 22.3, 22.73, 22.73, 9999.0, 9999.0, 9999.0, 23.57, 9999.0, 22.32, 9999.0, 22.66, 22.43, 22.2, 22.25, 22.25
2026-09-08, 01:55:42, 22.25, 22.3, 22.73, 22.7, 9999.0, 9999.0, 9999.0, 23.61, 9999.0, 22.32, 9999.0, 22.66, 22.43, 22.2, 22.25, 22.25
2026-09-08, 01:55:46, 22.25, 22.3, 22.73, 22.7, 9999.0, 9999.0, 9999.0, 23.66, 9999.0, 22.32, 9999.0, 22.64, 22.43, 22.2, 22.25, 22.25
2026-09-08, 01:55:50, 22.25, 22.3, 22.7, 22.7, 9999.0, 9999.0, 9999.0, 23.7, 9999.0, 22.34, 9999.0, 22.61, 22.45, 22.18, 22.25, 22.25
2026-09-08, 01:55:54, 22.25, 22.32, 22.7, 22.7, 9999.0, 9999.0, 9999.0, 23.73, 9999.0, 22.34, 9999.0, 22.59, 22.45, 22.18, 22.25, 22.25
2026-09-08, 01:55:58, 22.25, 22.34, 22.7, 22.68, 9999.0, 9999.0, 9999.0, 23.75, 9999.0, 22.34, 9999.0, 22.57, 22.45, 22.18, 22.25, 22.25
2026-09-08, 01:56:02, 22.25, 22.34, 22.7, 22.68, 9999.0, 9999.0, 9999.0, 23.8, 9999.0, 22.34, 9999.0, 22.55, 22.43, 22.16, 22.25, 22.25
2026-09-08, 01:56:06, 22.25, 22.34, 22.7, 22.68, 9999.0, 9999.0, 9999.0, 23.84, 9999.0, 22.32, 9999.0, 22.55, 22.41, 22.16, 22.25, 22.25
2026-09-08, 01:56:10, 22.25, 22.34, 22.73, 22.68, 9999.0, 9999.0, 9999.0, 23.89, 9999.0, 22.3, 9999.0, 22.52, 22.39, 22.18, 22.25, 22.25
2026-09-08, 01:56:14, 22.25, 22.34, 22.73, 22.68, 9999.0, 9999.0, 9999.0, 23.86, 9999.0, 22.27, 9999.0, 22.52, 22.36, 22.18, 22.25, 22.25
2026-09-08, 01:56:18, 22.25, 22.34, 22.7, 22.7, 9999.0, 9999.0, 9999.0, 23.84, 9999.0, 22.25, 9999.0, 22.55, 22.34, 22.16, 22.25, 22.25
2026-09-08, 01:56:22, 22.25, 22.36, 22.7, 22.7, 9999.0, 9999.0, 9999.0, 23.8, 9999.0, 22.25, 9999.0, 22.57, 22.34, 22.16, 22.25, 22.25
2026-09-08, 01:56:26, 22.25, 22.34, 22.7, 22.7, 9999.0, 9999.0, 9999.0, 23.75, 9999.0, 22.25, 9999.0, 22.59, 22.34, 22.16, 22.25, 22.25
2026-09-08, 01:56:31, 22.25, 22.34, 22.7, 22.68, 9999.0, 9999.0, 9999.0, 23.7, 9999.0, 22.25, 9999.0, 22.61, 22.32, 22.16, 22.25, 22.25
2026-09-08, 01:56:35, 22.25, 22.32, 22.73, 22.68, 9999.0, 9999.0, 9999.0, 23.66, 9999.0, 22.25, 9999.0, 22.61, 22.32, 22.18, 22.25, 22.25
2026-09-08, 01:56:39, 22.25, 22.3, 22.73, 22.68, 9999.0, 9999.0, 9999.0, 23.64, 9999.0, 22.27, 9999.0, 22.61, 22.34, 22.16, 22.25, 22.25
2026-09-08, 01:56:43, 22.25, 22.27, 22.73, 22.7, 9999.0, 9999.0, 9999.0, 23.61, 9999.0, 22.3, 9999.0, 22.61, 22.34, 22.16, 22.25, 22.25
2026-09-08, 01:56:47, 22.25, 22.27, 22.73, 22.7, 9999.0, 9999.0, 9999.0, 23.57, 9999.0, 22.32, 9999.0, 22.61, 22.36, 22.16, 22.25, 22.25
2026-09-08, 01:56:51, 22.23, 22.3, 22.73, 22.7, 9999.0, 9999.0, 9999.0, 23.59, 9999.0, 22.34, 9999.0, 22.59, 22.39, 22.16, 22.25, 22.25
2026-09-08, 01:56:55, 22.23, 22.32, 22.73, 22.68, 9999.0, 9999.0, 9999.0, 23.61, 9999.0, 22.36, 9999.0, 22.59, 22.39, 22.14, 22.25, 22.25
2026-09-08, 01:56:59, 22.23, 22.32, 22.73, 22.66, 9999.0, 9999.0, 9999.0, 23.64, 9999.0, 22.36, 9999.0, 22.59, 22.39, 22.14, 22.25, 22.25
2026-09-08, 01:57:03, 22.23, 22.32, 22.75, 22.64, 9999.0, 9999.0, 9999.0, 23.64, 9999.0, 22.39, 9999.0, 22.57, 22.41, 22.16, 22.25, 22.25
2026-09-08, 01:57:07, 22.2, 22.3, 22.75, 22.64, 9999.0, 9999.0, 9999.0, 23.66, 9999.0, 22.39, 9999.0, 22.55, 22.43, 22.14, 22.25, 22.25
2026-09-08, 01:57:11, 22.2, 22.3, 22.75, 22.64, 9999.0, 9999.0, 9999.0, 23.68, 9999.0, 22.41, 9999.0, 22.52, 22.41, 22.14, 22.25, 22.25
2026-09-08, 01:57:15, 22.2, 22.3, 22.75, 22.66, 9999.0, 9999.0, 9999.0, 23.7, 9999.0, 22.41, 9999.0, 22.5, 22.41, 22.11, 22.25, 22.25
2026-09-08, 01:57:19, 22.2, 22.3, 22.75, 22.66, 9999.0, 9999.0, 9999.0, 23.73, 9999.0, 22.41, 9999.0, 22.5, 22.39, 22.11, 22.25, 22.25
2026-09-08, 01:57:23, 22.2, 22.3, 22.75, 22.66, 9999.0, 9999.0, 9999.0, 23.75, 9999.0, 22.39, 9999.0, 22.5, 22.36, 22.14, 22.25, 22.25
2026-09-08, 01:57:27, 22.2, 22.32, 22.73, 22.66, 9999.0, 9999.0, 9999.0, 23.77, 9999.0, 22.36, 9999.0, 22.5, 22.34, 22.11, 22.25, 22.25
2026-09-08, 01:57:31, 22.2, 22.32, 22.7, 22.64, 9999.0, 9999.0, 9999.0, 23.82, 9999.0, 22.34, 9999.0, 22.5, 22.32, 22.11, 22.25, 22.25
2026-09-08, 01:57:35, 22.23, 22.3, 22.7, 22.64, 9999.0, 9999.0, 9999.0, 23.77, 9999.0, 22.32, 9999.0, 22.52, 22.3, 22.14, 22.25, 22.25
2026-09-08, 01:57:39, 22.23, 22.27, 22.7, 22.64, 9999.0, 9999.0, 9999.0, 23.75, 9999.0, 22.3, 9999.0, 22.55, 22.32, 22.14, 22.25, 22.25
2026-09-08, 01:57:43, 22.23, 22.27, 22.7, 22.64, 9999.0, 9999.0, 9999.0, 23.7, 9999.0, 22.3, 9999.0, 22.57, 22.34, 22.14, 22.25, 22.25
2026-09-08, 01:57:47, 22.23, 22.27, 22.7, 22.66, 9999.0, 9999.0, 9999.0, 23.68, 9999.0, 22.3, 9999.0, 22.59, 22.32, 22.14, 22.25, 22.25
2026-09-08, 01:57:51, 22.25, 22.27, 22.7, 22.64, 9999.0, 9999.0, 9999.0, 23.66, 9999.0, 22.32, 9999.0, 22.59, 22.3, 22.14, 22.25, 22.25
2026-09-08, 01:57:55, 22.25, 22.3, 22.7, 22.64, 9999.0, 9999.0, 9999.0, 23.64, 9999.0, 22.32, 9999.0, 22.61, 22.32, 22.14, 22.25, 22.25
2026-09-08, 01:57:59, 22.25, 22.3, 22.7, 22.64, 9999.0, 9999.0, 9999.0, 23.61, 9999.0, 22.34, 9999.0, 22.64, 22.32, 22.16, 22.25, 22.25
2026-09-08, 01:58:03, 22.25, 22.3, 22.68, 22.61, 9999.0, 9999.0, 9999.0, 23.57, 9999.0, 22.36, 9999.0, 22.64, 22.32, 22.14, 22.25, 22.25
2026-09-08, 01:58:07, 22.25, 22.3, 22.68, 22.59, 9999.0, 9999.0, 9999.0, 23.61, 9999.0, 22.39, 9999.0, 22.64, 22.34, 22.14, 22.25, 22.25
2026-09-08, 01:58:11, 22.25, 22.27, 22.7, 22.59, 9999.0, 9999.0, 9999.0, 23.64, 9999.0, 22.41, 9999.0, 22.64, 22.36, 22.16, 22.25, 22.23
2026-09-08, 01:58:15, 22.25, 22.27, 22.73, 22.61, 9999.0, 9999.0, 9999.0, 23.66, 9999.0, 22.43, 9999.0, 22.64, 22.39, 22.16, 22.25, 22.23
2026-09-08, 01:58:19, 22.23, 22.27, 22.73, 22.61, 9999.0, 9999.0, 9999.0, 23.7, 9999.0, 22.43, 9999.0, 22.61, 22.41, 22.14, 22.25, 22.23
2026-09-08, 01:58:23, 22.23, 22.27, 22.73, 22.64, 9999.0, 9999.0, 9999.0, 23.73, 9999.0, 22.45, 9999.0, 22.59, 22.41, 22.14, 22.25, 22.23
2026-09-08, 01:58:27, 22.23, 22.27, 22.73, 22.64, 9999.0, 9999.0, 9999.0, 23.77, 9999.0, 22.48, 9999.0, 22.57, 22.39, 22.14, 22.25, 22.23
2026-09-08, 01:58:31, 22.23, 22.27, 22.73, 22.64, 9999.0, 9999.0, 9999.0, 23.82, 9999.0, 22.48, 9999.0, 22.55, 22.39, 22.14, 22.25, 22.23
2026-09-08, 01:58:35, 22.23, 22.27, 22.73, 22.64, 9999.0, 9999.0, 9999.0, 23.84, 9999.0, 22.48, 9999.0, 22.55, 22.39, 22.14, 22.25, 22.23
2026-09-08, 01:58:39, 22.23, 22.25, 22.7, 22.66, 9999.0, 9999.0, 9999.0, 23.86, 9999.0, 22.48, 9999.0, 22.52, 22.39, 22.11, 22.25, 22.23
2026-09-08, 01:58:43, 22.23, 22.25, 22.68, 22.66, 9999.0, 9999.0, 9999.0, 23.89, 9999.0, 22.48, 9999.0, 22.5, 22.39, 22.11, 22.25, 22.23
2026-09-08, 01:58:47, 22.23, 22.25, 22.7, 22.68, 9999.0, 9999.0, 9999.0, 23.93, 9999.0, 22.45, 9999.0, 22.5, 22.39, 22.14, 22.25, 22.23
2026-09-08, 01:58:51, 22.23, 22.25, 22.7, 22.7, 9999.0, 9999.0, 9999.0, 23.89, 9999.0, 22.43, 9999.0, 22.52, 22.36, 22.14, 22.25, 22.23
2026-09-08, 01:58:55, 22.23, 22.25, 22.7, 22.68, 9999.0, 9999.0, 9999.0, 23.86, 9999.0, 22.41, 9999.0, 22.55, 22.36, 22.11, 22.25, 22.25
2026-09-08, 01:58:59, 22.23, 22.25, 22.7, 22.68, 9999.0, 9999.0, 9999.0, 23.84, 9999.0, 22.39, 9999.0, 22.57, 22.36, 22.14, 22.25, 22.25
2026-09-08, 01:59:03, 22.25, 22.25, 22.68, 22.68, 9999.0, 9999.0, 9999.0, 23.8, 9999.0, 22.41, 9999.0, 22.59, 22.34, 22.16, 22.25, 22.25
2026-09-08, 01:59:07, 22.25, 22.25, 22.68, 22.66, 9999.0, 9999.0, 9999.0, 23.75, 9999.0, 22.41, 9999.0, 22.61, 22.34, 22.16, 22.25, 22.25
2026-09-08, 01:59:11, 22.25, 22.25, 22.68, 22.68, 9999.0, 9999.0, 9999.0, 23.7, 9999.0, 22.41, 9999.0, 22.61, 22.36, 22.16, 22.25, 22.25
2026-09-08, 01:59:15, 22.25, 22.25, 22.66, 22.68, 9999.0, 9999.0, 9999.0, 23.66, 9999.0, 22.41, 9999.0, 22.64, 22.39, 22.16, 22.25, 22.25
2026-09-08, 01:59:19, 22.25, 22.25, 22.64, 22.7, 9999.0, 9999.0, 9999.0, 23.64, 9999.0, 22.41, 9999.0, 22.64, 22.41, 22.16, 22.25, 22.25
2026-09-08, 01:59:23, 22.25, 22.25, 22.66, 22.68, 9999.0, 9999.0, 9999.0, 23.68, 9999.0, 22.41, 9999.0, 22.64, 22.41, 22.18, 22.25, 22.25
2026-09-08, 01:59:27, 22.25, 22.25, 22.68, 22.66, 9999.0, 9999.0, 9999.0, 23.73, 9999.0, 22.41, 9999.0, 22.64, 22.43, 22.18, 22.25, 22.25
2026-09-08, 01:59:31, 22.25, 22.25, 22.68, 22.64, 9999.0, 9999.0, 9999.0, 23.75, 9999.0, 22.43, 9999.0, 22.64, 22.43, 22.16, 22.25, 22.25
2026-09-08, 01:59:35, 22.25, 22.25, 22.68, 22.61, 9999.0, 9999.0, 9999.0, 23.77, 9999.0, 22.45, 9999.0, 22.61, 22.43, 22.14, 22.25, 22.25
2026-09-08, 01:59:39, 22.25, 22.25, 22.68, 22.64, 9999.0, 9999.0, 9999.0, 23.8, 9999.0, 22.48, 9999.0, 22.59, 22.41, 22.16, 22.25, 22.25
2026-09-08, 01:59:43, 22.25, 22.25, 22.68, 22.64, 9999.0, 9999.0, 9999.0, 23.8, 9999.0, 22.5, 9999.0, 22.57, 22.41, 22.14, 22.25, 22.25
2026-09-08, 01:59:47, 22.25, 22.25, 22.7, 22.64, 9999.0, 9999.0, 9999.0, 23.82, 9999.0, 22.48, 9999.0, 22.55, 22.41, 22.11, 22.25, 22.25
2026-09-08, 01:59:51, 22.25, 22.25, 22.7, 22.64, 9999.0, 9999.0, 9999.0, 23.84, 9999.0, 22.48, 9999.0, 22.52, 22.39, 22.11, 22.25, 22.25
2026-09-08, 01:59:55, 22.25, 22.25, 22.68, 22.61, 9999.0, 9999.0, 9999.0, 23.86, 9999.0, 22.48, 9999.0, 22.52, 22.36, 22.09, 22.25, 22.25
2026-09-08, 01:59:59, 22.25, 22.25, 22.7, 22.61, 9999.0, 9999.0, 9999.0, 23.89, 9999.0, 22.48, 9999.0, 22.5, 22.34, 22.07, 22.23, 22.25
2026-09-08, 02:00:03, 22.25, 22.25, 22.7, 22.59, 9999.0, 9999.0, 9999.0, 23.91, 9999.0, 22.48, 9999.0, 22.5, 22.32, 22.09, 22.23, 22.25
2026-09-08, 02:00:07, 22.25, 22.25, 22.7, 22.61, 9999.0, 9999.0, 9999.0, 23.86, 9999.0, 22.45, 9999.0, 22.5, 22.3, 22.09, 22.23, 22.25
2026-09-08, 02:00:11, 22.25, 22.25, 22.68, 22.61, 9999.0, 9999.0, 9999.0, 23.82, 9999.0, 22.45, 9999.0, 22.52, 22.27, 22.07, 22.23, 22.25
2026-09-08, 02:00:16, 22.25, 22.27, 22.68, 22.61, 9999.0, 9999.0, 9999.0, 23.77, 9999.0, 22.43, 9999.0, 22.55, 22.3, 22.07, 22.23, 22.25
2026-09-08, 02:00:20, 22.25, 22.27, 22.66, 22.61, 9999.0, 9999.0, 9999.0, 23.73, 9999.0, 22.43, 9999.0, 22.57, 22.3, 22.09, 22.23, 22.25
2026-09-08, 02:00:24, 22.25, 22.27, 22.64, 22.59, 9999.0, 9999.0, 9999.0, 23.68, 9999.0, 22.43, 9999.0, 22.59, 22.3, 22.09, 22.23, 22.23
2026-09-08, 02:00:28, 22.25, 22.27, 22.61, 22.59, 9999.0, 9999.0, 9999.0, 23.66, 9999.0, 22.43, 9999.0, 22.59, 22.3, 22.09, 22.23, 22.23
2026-09-08, 02:00:32, 22.25, 22.3, 22.59, 22.57, 9999.0, 9999.0, 9999.0, 23.64, 9999.0, 22.48, 9999.0, 22.61, 22.32, 22.09, 22.23, 22.23
2026-09-08, 02:00:36, 22.25, 22.3, 22.59, 22.57, 9999.0, 9999.0, 9999.0, 23.61, 9999.0, 22.5, 9999.0, 22.61, 22.34, 22.09, 22.23, 22.23
2026-09-08, 02:00:40, 22.25, 22.32, 22.61, 22.59, 9999.0, 9999.0, 9999.0, 23.66, 9999.0, 22.5, 9999.0, 22.61, 22.36, 22.11, 22.23, 22.23
2026-09-08, 02:00:44, 22.25, 22.32, 22.61, 22.57, 9999.0, 9999.0, 9999.0, 23.7, 9999.0, 22.52, 9999.0, 22.61, 22.36, 22.11, 22.25, 22.23
2026-09-08, 02:00:48, 22.25, 22.32, 22.64, 22.57, 9999.0, 9999.0, 9999.0, 23.73, 9999.0, 22.52, 9999.0, 22.61, 22.39, 22.11, 22.25, 22.23
2026-09-08, 02:00:52, 22.25, 22.32, 22.64, 22.55, 9999.0, 9999.0, 9999.0, 23.75, 9999.0, 22.55, 9999.0, 22.61, 22.39, 22.11, 22.25, 22.2
2026-09-08, 02:00:56, 22.25, 22.32, 22.66, 22.57, 9999.0, 9999.0, 9999.0, 23.77, 9999.0, 22.55, 9999.0, 22.59, 22.39, 22.14, 22.25, 22.2
2026-09-08, 02:01:00, 22.25, 22.3, 22.64, 22.57, 9999.0, 9999.0, 9999.0, 23.82, 9999.0, 22.57, 9999.0, 22.57, 22.39, 22.16, 22.25, 22.2
2026-09-08, 02:01:04, 22.25, 22.32, 22.64, 22.57, 9999.0, 9999.0, 9999.0, 23.84, 9999.0, 22.57, 9999.0, 22.55, 22.41, 22.14, 22.25, 22.2
2026-09-08, 02:01:08, 22.25, 22.32, 22.66, 22.59, 9999.0, 9999.0, 9999.0, 23.86, 9999.0, 22.57, 9999.0, 22.52, 22.41, 22.14, 22.25, 22.2
2026-09-08, 02:01:12, 22.25, 22.32, 22.66, 22.59, 9999.0, 9999.0, 9999.0, 23.91, 9999.0, 22.57, 9999.0, 22.52, 22.39, 22.14, 22.23, 22.2
2026-09-08, 02:01:16, 22.25, 22.3, 22.68, 22.59, 9999.0, 9999.0, 9999.0, 23.93, 9999.0, 22.55, 9999.0, 22.5, 22.36, 22.14, 22.23, 22.2
2026-09-08, 02:01:20, 22.25, 22.32, 22.68, 22.59, 9999.0, 9999.0, 9999.0, 23.95, 9999.0, 22.52, 9999.0, 22.5, 22.36, 22.14, 22.23, 22.2
2026-09-08, 02:01:24, 22.25, 22.3, 22.66, 22.59, 9999.0, 9999.0, 9999.0, 23.91, 9999.0, 22.5, 9999.0, 22.5, 22.36, 22.11, 22.23, 22.2
2026-09-08, 02:01:28, 22.23, 22.3, 22.66, 22.59, 9999.0, 9999.0, 9999.0, 23.86, 9999.0, 22.45, 9999.0, 22.52, 22.39, 22.14, 22.23, 22.2
2026-09-08, 02:01:32, 22.23, 22.3, 22.64, 22.61, 9999.0, 9999.0, 9999.0, 23.84, 9999.0, 22.43, 9999.0, 22.55, 22.36, 22.11, 22.23, 22.2
2026-09-08, 02:01:36, 22.23, 22.3, 22.64, 22.61, 9999.0, 9999.0, 9999.0, 23.8, 9999.0, 22.43, 9999.0, 22.57, 22.39, 22.11, 22.23, 22.23
2026-09-08, 02:01:40, 22.23, 22.3, 22.64, 22.59, 9999.0, 9999.0, 9999.0, 23.77, 9999.0, 22.43, 9999.0, 22.57, 22.41, 22.09, 22.23, 22.23
2026-09-08, 02:01:44, 22.2, 22.3, 22.66, 22.59, 9999.0, 9999.0, 9999.0, 23.73, 9999.0, 22.43, 9999.0, 22.57, 22.39, 22.09, 22.23, 22.23
2026-09-08, 02:01:48, 22.2, 22.27, 22.68, 22.59, 9999.0, 9999.0, 9999.0, 23.7, 9999.0, 22.45, 9999.0, 22.57, 22.39, 22.11, 22.23, 22.2
2026-09-08, 02:01:52, 22.2, 22.3, 22.68, 22.57, 9999.0, 9999.0, 9999.0, 23.68, 9999.0, 22.48, 9999.0, 22.59, 22.39, 22.11, 22.23, 22.23
2026-09-08, 02:01:56, 22.2, 22.3, 22.68, 22.55, 9999.0, 9999.0, 9999.0, 23.64, 9999.0, 22.5, 9999.0, 22.59, 22.41, 22.11, 22.25, 22.2
2026-09-08, 02:02:00, 22.2, 22.3, 22.68, 22.55, 9999.0, 9999.0, 9999.0, 23.68, 9999.0, 22.5, 9999.0, 22.59, 22.43, 22.14, 22.25, 22.2
2026-09-08, 02:02:04, 22.2, 22.27, 22.68, 22.55, 9999.0, 9999.0, 9999.0, 23.73, 9999.0, 22.52, 9999.0, 22.59, 22.43, 22.16, 22.23, 22.2
2026-09-08, 02:02:08, 22.2, 22.27, 22.7, 22.52, 9999.0, 9999.0, 9999.0, 23.75, 9999.0, 22.57, 9999.0, 22.59, 22.43, 22.16, 22.23, 22.18
2026-09-08, 02:02:12, 22.23, 22.27, 22.7, 22.52, 9999.0, 9999.0, 9999.0, 23.77, 9999.0, 22.59, 9999.0, 22.57, 22.41, 22.14, 22.23, 22.18
2026-09-08, 02:02:16, 22.23, 22.27, 22.73, 22.5, 9999.0, 9999.0, 9999.0, 23.8, 9999.0, 22.61, 9999.0, 22.55, 22.41, 22.16, 22.23, 22.16
2026-09-08, 02:02:20, 22.23, 22.27, 22.7, 22.5, 9999.0, 9999.0, 9999.0, 23.84, 9999.0, 22.61, 9999.0, 22.52, 22.41, 22.14, 22.23, 22.16
2026-09-08, 02:02:24, 22.2, 22.27, 22.68, 22.5, 9999.0, 9999.0, 9999.0, 23.86, 9999.0, 22.61, 9999.0, 22.52, 22.39, 22.16, 22.23, 22.16
2026-09-08, 02:02:28, 22.23, 22.3, 22.68, 22.5, 9999.0, 9999.0, 9999.0, 23.91, 9999.0, 22.61, 9999.0, 22.52, 22.39, 22.16, 22.23, 22.16
2026-09-08, 02:02:32, 22.23, 22.3, 22.68, 22.5, 9999.0, 9999.0, 9999.0, 23.95, 9999.0, 22.59, 9999.0, 22.52, 22.36, 22.14, 22.23, 22.18
2026-09-08, 02:02:36, 22.23, 22.27, 22.68, 22.5, 9999.0, 9999.0, 9999.0, 23.98, 9999.0, 22.57, 9999.0, 22.5, 22.36, 22.14, 22.23, 22.18
2026-09-08, 02:02:40, 22.23, 22.27, 22.68, 22.52, 9999.0, 9999.0, 9999.0, 24.0, 9999.0, 22.55, 9999.0, 22.5, 22.34, 22.16, 22.23, 22.2
2026-09-08, 02:02:44, 22.23, 22.27, 22.68, 22.55, 9999.0, 9999.0, 9999.0, 23.95, 9999.0, 22.55, 9999.0, 22.52, 22.32, 22.16, 22.2, 22.2
2026-09-08, 02:02:48, 22.23, 22.27, 22.68, 22.55, 9999.0, 9999.0, 9999.0, 23.91, 9999.0, 22.52, 9999.0, 22.55, 22.3, 22.14, 22.23, 22.18
2026-09-08, 02:02:52, 22.23, 22.27, 22.68, 22.55, 9999.0, 9999.0, 9999.0, 23.89, 9999.0, 22.5, 9999.0, 22.57, 22.27, 22.16, 22.23, 22.18
2026-09-08, 02:02:56, 22.23, 22.27, 22.68, 22.57, 9999.0, 9999.0, 9999.0, 23.84, 9999.0, 22.5, 9999.0, 22.59, 22.27, 22.18, 22.23, 22.18
2026-09-08, 02:03:00, 22.23, 22.27, 22.68, 22.59, 9999.0, 9999.0, 9999.0, 23.8, 9999.0, 22.5, 9999.0, 22.59, 22.27, 22.16, 22.23, 22.2
2026-09-08, 02:03:04, 22.2, 22.27, 22.68, 22.61, 9999.0, 9999.0, 9999.0, 23.75, 9999.0, 22.52, 9999.0, 22.59, 22.27, 22.16, 22.23, 22.2
2026-09-08, 02:03:08, 22.23, 22.27, 22.68, 22.61, 9999.0, 9999.0, 9999.0, 23.7, 9999.0, 22.55, 9999.0, 22.59, 22.3, 22.14, 22.23, 22.2
2026-09-08, 02:03:12, 22.23, 22.25, 22.68, 22.61, 9999.0, 9999.0, 9999.0, 23.66, 9999.0, 22.57, 9999.0, 22.59, 22.32, 22.11, 22.23, 22.2
2026-09-08, 02:03:16, 22.23, 22.25, 22.68, 22.61, 9999.0, 9999.0, 9999.0, 23.68, 9999.0, 22.59, 9999.0, 22.59, 22.32, 22.14, 22.23, 22.2
2026-09-08, 02:03:20, 22.23, 22.27, 22.66, 22.61, 9999.0, 9999.0, 9999.0, 23.73, 9999.0, 22.61, 9999.0, 22.59, 22.34, 22.14, 22.23, 22.2
2026-09-08, 02:03:24, 22.2, 22.3, 22.68, 22.59, 9999.0, 9999.0, 9999.0, 23.77, 9999.0, 22.61, 9999.0, 22.59, 22.36, 22.14, 22.2, 22.2
2026-09-08, 02:03:28, 22.2, 22.3, 22.66, 22.57, 9999.0, 9999.0, 9999.0, 23.8, 9999.0, 22.61, 9999.0, 22.57, 22.36, 22.14, 22.23, 22.2
2026-09-08, 02:03:32, 22.2, 22.3, 22.64, 22.57, 9999.0, 9999.0, 9999.0, 23.82, 9999.0, 22.61, 9999.0, 22.55, 22.36, 22.16, 22.23, 22.23
2026-09-08, 02:03:36, 22.2, 22.3, 22.64, 22.57, 9999.0, 9999.0, 9999.0, 23.84, 9999.0, 22.61, 9999.0, 22.52, 22.36, 22.14, 22.23, 22.23
2026-09-08, 02:03:40, 22.18, 22.3, 22.64, 22.55, 9999.0, 9999.0, 9999.0, 23.86, 9999.0, 22.61, 9999.0, 22.5, 22.36, 22.14, 22.23, 22.23
2026-09-08, 02:03:44, 22.18, 22.3, 22.64, 22.52, 9999.0, 9999.0, 9999.0, 23.91, 9999.0, 22.61, 9999.0, 22.5, 22.36, 22.14, 22.23, 22.2
2026-09-08, 02:03:48, 22.2, 22.3, 22.66, 22.5, 9999.0, 9999.0, 9999.0, 23.95, 9999.0, 22.59, 9999.0, 22.5, 22.34, 22.14, 22.23, 22.2
2026-09-08, 02:03:52, 22.2, 22.3, 22.68, 22.5, 9999.0, 9999.0, 9999.0, 23.98, 9999.0, 22.57, 9999.0, 22.5, 22.32, 22.14, 22.23, 22.2
2026-09-08, 02:03:56, 22.2, 22.3, 22.66, 22.5, 9999.0, 9999.0, 9999.0, 24.0, 9999.0, 22.55, 9999.0, 22.5, 22.3, 22.14, 22.23, 22.18
2026-09-08, 02:04:00, 22.2, 22.3, 22.66, 22.5, 9999.0, 9999.0, 9999.0, 23.95, 9999.0, 22.52, 9999.0, 22.5, 22.3, 22.14, 22.23, 22.18
2026-09-08, 02:04:04, 22.2, 22.27, 22.68, 22.5, 9999.0, 9999.0, 9999.0, 23.91, 9999.0, 22.5, 9999.0, 22.52, 22.27, 22.14, 22.23, 22.18
2026-09-08, 02:04:09, 22.23, 22.25, 22.66, 22.5, 9999.0, 9999.0, 9999.0, 23.86, 9999.0, 22.5, 9999.0, 22.55, 22.25, 22.11, 22.25, 22.16
2026-09-08, 02:04:13, 22.23, 22.25, 22.68, 22.5, 9999.0, 9999.0, 9999.0, 23.84, 9999.0, 22.5, 9999.0, 22.57, 22.25, 22.09, 22.25, 22.16
2026-09-08, 02:04:17, 22.23, 22.25, 22.68, 22.5, 9999.0, 9999.0, 9999.0, 23.82, 9999.0, 22.5, 9999.0, 22.57, 22.25, 22.09, 22.25, 22.16
2026-09-08, 02:04:21, 22.23, 22.25, 22.66, 22.5, 9999.0, 9999.0, 9999.0, 23.8, 9999.0, 22.52, 9999.0, 22.57, 22.27, 22.09, 22.25, 22.18
2026-09-08, 02:04:25, 22.25, 22.25, 22.64, 22.5, 9999.0, 9999.0, 9999.0, 23.77, 9999.0, 22.55, 9999.0, 22.57, 22.3, 22.09, 22.25, 22.18
2026-09-08, 02:04:29, 22.25, 22.25, 22.61, 22.5, 9999.0, 9999.0, 9999.0, 23.73, 9999.0, 22.57, 9999.0, 22.57, 22.32, 22.11, 22.25, 22.2
2026-09-08, 02:04:33, 22.25, 22.25, 22.61, 22.5, 9999.0, 9999.0, 9999.0, 23.75, 9999.0, 22.59, 9999.0, 22.57, 22.32, 22.11, 22.25, 22.2
2026-09-08, 02:04:37, 22.25, 22.25, 22.59, 22.5, 9999.0, 9999.0, 9999.0, 23.8, 9999.0, 22.61, 9999.0, 22.57, 22.32, 22.11, 22.25, 22.2
2026-09-08, 02:04:41, 22.25, 22.25, 22.59, 22.5, 9999.0, 9999.0, 9999.0, 23.84, 9999.0, 22.61, 9999.0, 22.57, 22.32, 22.11, 22.25, 22.23
2026-09-08, 02:04:45, 22.25, 22.25, 22.57, 22.5, 9999.0, 9999.0, 9999.0, 23.86, 9999.0, 22.61, 9999.0, 22.57, 22.32, 22.11, 22.23, 22.23
2026-09-08, 02:04:49, 22.25, 22.25, 22.55, 22.5, 9999.0, 9999.0, 9999.0, 23.89, 9999.0, 22.61, 9999.0, 22.55, 22.32, 22.09, 22.2, 22.2
2026-09-08, 02:04:53, 22.25, 22.25, 22.55, 22.5, 9999.0, 9999.0, 9999.0, 23.89, 9999.0, 22.61, 9999.0, 22.52, 22.32, 22.09, 22.2, 22.2
2026-09-08, 02:04:57, 22.25, 22.25, 22.55, 22.5, 9999.0, 9999.0, 9999.0, 23.89, 9999.0, 22.61, 9999.0, 22.48, 22.32, 22.09, 22.2, 22.2
2026-09-08, 02:05:01, 22.25, 22.25, 22.55, 22.5, 9999.0, 9999.0, 9999.0, 23.89, 9999.0, 22.61, 9999.0, 22.48, 22.32, 22.09, 22.2, 22.18
2026-09-08, 02:05:05, 22.25, 22.25, 22.55, 22.5, 9999.0, 9999.0, 9999.0, 23.91, 9999.0, 22.61, 9999.0, 22.48, 22.3, 22.09, 22.2, 22.16
2026-09-08, 02:05:09, 22.25, 22.25, 22.57, 22.5, 9999.0, 9999.0, 9999.0, 23.95, 9999.0, 22.59, 9999.0, 22.48, 22.27, 22.09, 22.18, 22.14
2026-09-08, 02:05:13, 22.25, 22.25, 22.59, 22.5, 9999.0, 9999.0, 9999.0, 23.98, 9999.0, 22.57, 9999.0, 22.48, 22.25, 22.07, 22.18, 22.14
2026-09-08, 02:05:17, 22.25, 22.25, 22.59, 22.5, 9999.0, 9999.0, 9999.0, 23.93, 9999.0, 22.55, 9999.0, 22.48, 22.25, 22.09, 22.18, 22.11
2026-09-08, 02:05:21, 22.25, 22.25, 22.61, 22.5, 9999.0, 9999.0, 9999.0, 23.89, 9999.0, 22.52, 9999.0, 22.5, 22.25, 22.11, 22.18, 22.11
2026-09-08, 02:05:25, 22.25, 22.27, 22.64, 22.5, 9999.0, 9999.0, 9999.0, 23.84, 9999.0, 22.52, 9999.0, 22.52, 22.25, 22.11, 22.18, 22.09
2026-09-08, 02:05:29, 22.25, 22.27, 22.64, 22.5, 9999.0, 9999.0, 9999.0, 23.82, 9999.0, 22.52, 9999.0, 22.55, 22.25, 22.11, 22.2, 22.09
2026-09-08, 02:05:33, 22.25, 22.27, 22.64, 22.5, 9999.0, 9999.0, 9999.0, 23.77, 9999.0, 22.52, 9999.0, 22.57, 22.25, 22.14, 22.23, 22.09
2026-09-08, 02:05:37, 22.25, 22.27, 22.66, 22.5, 9999.0, 9999.0, 9999.0, 23.75, 9999.0, 22.52, 9999.0, 22.57, 22.27, 22.16, 22.23, 22.11
2026-09-08, 02:05:41, 22.25, 22.27, 22.64, 22.5, 9999.0, 9999.0, 9999.0, 23.73, 9999.0, 22.55, 9999.0, 22.59, 22.3, 22.16, 22.23, 22.11
2026-09-08, 02:05:45, 22.25, 22.27, 22.64, 22.5, 9999.0, 9999.0, 9999.0, 23.7, 9999.0, 22.57, 9999.0, 22.59, 22.3, 22.14, 22.23, 22.14
2026-09-08, 02:05:49, 22.25, 22.27, 22.64, 22.5, 9999.0, 9999.0, 9999.0, 23.73, 9999.0, 22.57, 9999.0, 22.59, 22.3, 22.16, 22.23, 22.14
2026-09-08, 02:05:53, 22.25, 22.3, 22.61, 22.5, 9999.0, 9999.0, 9999.0, 23.75, 9999.0, 22.59, 9999.0, 22.59, 22.3, 22.16, 22.25, 22.14
2026-09-08, 02:05:57, 22.25, 22.3, 22.59, 22.5, 9999.0, 9999.0, 9999.0, 23.8, 9999.0, 22.59, 9999.0, 22.59, 22.3, 22.16, 22.25, 22.14
2026-09-08, 02:06:01, 22.25, 22.3, 22.59, 22.5, 9999.0, 9999.0, 9999.0, 23.82, 9999.0, 22.59, 9999.0, 22.59, 22.3, 22.14, 22.25, 22.16
2026-09-08, 02:06:05, 22.25, 22.3, 22.57, 22.5, 9999.0, 9999.0, 9999.0, 23.84, 9999.0, 22.59, 9999.0, 22.57, 22.3, 22.11, 22.25, 22.14
2026-09-08, 02:06:09, 22.25, 22.27, 22.55, 22.5, 9999.0, 9999.0, 9999.0, 23.86, 9999.0, 22.59, 9999.0, 22.55, 22.3, 22.11, 22.25, 22.14
2026-09-08, 02:06:13, 22.25, 22.27, 22.55, 22.5, 9999.0, 9999.0, 9999.0, 23.89, 9999.0, 22.59, 9999.0, 22.52, 22.3, 22.09, 22.23, 22.11
2026-09-08, 02:06:17, 22.25, 22.27, 22.55, 22.5, 9999.0, 9999.0, 9999.0, 23.93, 9999.0, 22.59, 9999.0, 22.5, 22.3, 22.07, 22.23, 22.11
2026-09-08, 02:06:21, 22.25, 22.27, 22.52, 22.5, 9999.0, 9999.0, 9999.0, 23.98, 9999.0, 22.57, 9999.0, 22.5, 22.27, 22.05, 22.23, 22.11
2026-09-08, 02:06:25, 22.25, 22.27, 22.52, 22.5, 9999.0, 9999.0, 9999.0, 24.0, 9999.0, 22.55, 9999.0, 22.5, 22.25, 22.05, 22.23, 22.09
2026-09-08, 02:06:29, 22.25, 22.27, 22.55, 22.5, 9999.0, 9999.0, 9999.0, 24.02, 9999.0, 22.52, 9999.0, 22.5, 22.25, 22.07, 22.23, 22.07
2026-09-08, 02:06:33, 22.25, 22.27, 22.55, 22.5, 9999.0, 9999.0, 9999.0, 23.98, 9999.0, 22.5, 9999.0, 22.5, 22.25, 22.07, 22.23, 22.07
2026-09-08, 02:06:37, 22.23, 22.27, 22.55, 22.5, 9999.0, 9999.0, 9999.0, 23.93, 9999.0, 22.48, 9999.0, 22.52, 22.25, 22.07, 22.23, 22.09
2026-09-08, 02:06:41, 22.23, 22.27, 22.55, 22.5, 9999.0, 9999.0, 9999.0, 23.89, 9999.0, 22.45, 9999.0, 22.52, 22.25, 22.09, 22.23, 22.09
2026-09-08, 02:06:45, 22.23, 22.27, 22.52, 22.5, 9999.0, 9999.0, 9999.0, 23.86, 9999.0, 22.45, 9999.0, 22.52, 22.25, 22.09, 22.23, 22.07
2026-09-08, 02:06:49, 22.23, 22.3, 22.55, 22.5, 9999.0, 9999.0, 9999.0, 23.84, 9999.0, 22.45, 9999.0, 22.52, 22.25, 22.11, 22.2, 22.07
2026-09-08, 02:06:53, 22.23, 22.3, 22.57, 22.5, 9999.0, 9999.0, 9999.0, 23.8, 9999.0, 22.45, 9999.0, 22.52, 22.27, 22.11, 22.2, 22.09
2026-09-08, 02:06:57, 22.2, 22.3, 22.57, 22.5, 9999.0, 9999.0, 9999.0, 23.75, 9999.0, 22.48, 9999.0, 22.52, 22.3, 22.14, 22.23, 22.11
2026-09-08, 02:07:01, 22.2, 22.32, 22.57, 22.5, 9999.0, 9999.0, 9999.0, 23.7, 9999.0, 22.48, 9999.0, 22.52, 22.32, 22.14, 22.23, 22.14
2026-09-08, 02:07:05, 22.18, 22.32, 22.57, 22.5, 9999.0, 9999.0, 9999.0, 23.73, 9999.0, 22.5, 9999.0, 22.52, 22.34, 22.14, 22.23, 22.11
2026-09-08, 02:07:09, 22.18, 22.32, 22.59, 22.5, 9999.0, 9999.0, 9999.0, 23.77, 9999.0, 22.5, 9999.0, 22.52, 22.36, 22.16, 22.2, 22.11
2026-09-08, 02:07:13, 22.18, 22.32, 22.59, 22.5, 9999.0, 9999.0, 9999.0, 23.82, 9999.0, 22.5, 9999.0, 22.52, 22.36, 22.14, 22.2, 22.14
2026-09-08, 02:07:17, 22.18, 22.32, 22.59, 22.5, 9999.0, 9999.0, 9999.0, 23.84, 9999.0, 22.5, 9999.0, 22.52, 22.39, 22.11, 22.2, 22.14
2026-09-08, 02:07:21, 22.2, 22.3, 22.59, 22.5, 9999.0, 9999.0, 9999.0, 23.86, 9999.0, 22.5, 9999.0, 22.5, 22.39, 22.09, 22.2, 22.11
2026-09-08, 02:07:25, 22.2, 22.3, 22.59, 22.5, 9999.0, 9999.0, 9999.0, 23.89, 9999.0, 22.52, 9999.0, 22.5, 22.39, 22.09, 22.18, 22.11
2026-09-08, 02:07:29, 22.2, 22.3, 22.59, 22.5, 9999.0, 9999.0, 9999.0, 23.91, 9999.0, 22.52, 9999.0, 22.5, 22.39, 22.11, 22.18, 22.14
2026-09-08, 02:07:33, 22.2, 22.27, 22.57, 22.5, 9999.0, 9999.0, 9999.0, 23.91, 9999.0, 22.52, 9999.0, 22.5, 22.39, 22.09, 22.2, 22.14
2026-09-08, 02:07:37, 22.2, 22.27, 22.55, 22.5, 9999.0, 9999.0, 9999.0, 23.95, 9999.0, 22.52, 9999.0, 22.5, 22.36, 22.09, 22.2, 22.14
2026-09-08, 02:07:41, 22.23, 22.27, 22.55, 22.5, 9999.0, 9999.0, 9999.0, 23.98, 9999.0, 22.48, 9999.0, 22.5, 22.34, 22.07, 22.18, 22.14
2026-09-08, 02:07:45, 22.23, 22.27, 22.55, 22.5, 9999.0, 9999.0, 9999.0, 24.0, 9999.0, 22.48, 9999.0, 22.5, 22.32, 22.07, 22.18, 22.14
2026-09-08, 02:07:49, 22.23, 22.27, 22.55, 22.5, 9999.0, 9999.0, 9999.0, 23.95, 9999.0, 22.45, 9999.0, 22.5, 22.3, 22.07, 22.18, 22.14
2026-09-08, 02:07:53, 22.23, 22.27, 22.52, 22.5, 9999.0, 9999.0, 9999.0, 23.91, 9999.0, 22.43, 9999.0, 22.52, 22.27, 22.07, 22.2, 22.16
2026-09-08, 02:07:57, 22.23, 22.27, 22.5, 22.5, 9999.0, 9999.0, 9999.0, 23.86, 9999.0, 22.41, 9999.0, 22.55, 22.27, 22.09, 22.2, 22.16
2026-09-08, 02:08:02, 22.23, 22.27, 22.5, 22.5, 9999.0, 9999.0, 9999.0, 23.84, 9999.0, 22.41, 9999.0, 22.57, 22.25, 22.09, 22.2, 22.18
2026-09-08, 02:08:06, 22.23, 22.27, 22.5, 22.5, 9999.0, 9999.0, 9999.0, 23.8, 9999.0, 22.41, 9999.0, 22.57, 22.25, 22.11, 22.2, 22.2
2026-09-08, 02:08:10, 22.23, 22.27, 22.52, 22.5, 9999.0, 9999.0, 9999.0, 23.75, 9999.0, 22.41, 9999.0, 22.57, 22.27, 22.09, 22.23, 22.18
2026-09-08, 02:08:14, 22.23, 22.27, 22.52, 22.5, 9999.0, 9999.0, 9999.0, 23.7, 9999.0, 22.41, 9999.0, 22.57, 22.27, 22.09, 22.23, 22.16
2026-09-08, 02:08:18, 22.23, 22.27, 22.52, 22.5, 9999.0, 9999.0, 9999.0, 23.68, 9999.0, 22.41, 9999.0, 22.57, 22.27, 22.11, 22.23, 22.18
2026-09-08, 02:08:22, 22.23, 22.27, 22.52, 22.5, 9999.0, 9999.0, 9999.0, 23.64, 9999.0, 22.41, 9999.0, 22.57, 22.27, 22.14, 22.23, 22.18
2026-09-08, 02:08:26, 22.23, 22.27, 22.52, 22.52, 9999.0, 9999.0, 9999.0, 23.68, 9999.0, 22.41, 9999.0, 22.57, 22.27, 22.16, 22.25, 22.18
2026-09-08, 02:08:30, 22.2, 22.25, 22.52, 22.52, 9999.0, 9999.0, 9999.0, 23.73, 9999.0, 22.39, 9999.0, 22.57, 22.27, 22.16, 22.25, 22.18
2026-09-08, 02:08:34, 22.23, 22.25, 22.52, 22.52, 9999.0, 9999.0, 9999.0, 23.75, 9999.0, 22.39, 9999.0, 22.57, 22.27, 22.18, 22.25, 22.2
2026-09-08, 02:08:38, 22.23, 22.25, 22.52, 22.52, 9999.0, 9999.0, 9999.0, 23.77, 9999.0, 22.39, 9999.0, 22.55, 22.27, 22.18, 22.25, 22.18
2026-09-08, 02:08:42, 22.23, 22.25, 22.52, 22.52, 9999.0, 9999.0, 9999.0, 23.8, 9999.0, 22.36, 9999.0, 22.52, 22.27, 22.18, 22.25, 22.18
2026-09-08, 02:08:46, 22.23, 22.25, 22.52, 22.52, 9999.0, 9999.0, 9999.0, 23.82, 9999.0, 22.34, 9999.0, 22.5, 22.27, 22.18, 22.25, 22.16
2026-09-08, 02:08:50, 22.23, 22.25, 22.52, 22.52, 9999.0, 9999.0, 9999.0, 23.84, 9999.0, 22.32, 9999.0, 22.5, 22.27, 22.16, 22.23, 22.16
2026-09-08, 02:08:54, 22.23, 22.25, 22.5, 22.52, 9999.0, 9999.0, 9999.0, 23.86, 9999.0, 22.27, 9999.0, 22.5, 22.25, 22.18, 22.23, 22.16
2026-09-08, 02:08:58, 22.23, 22.25, 22.5, 22.52, 9999.0, 9999.0, 9999.0, 23.89, 9999.0, 22.23, 9999.0, 22.5, 22.25, 22.18, 22.2, 22.16
2026-09-08, 02:09:02, 22.23, 22.25, 22.5, 22.52, 9999.0, 9999.0, 9999.0, 23.91, 9999.0, 22.18, 9999.0, 22.5, 22.25, 22.16, 22.18, 22.16
2026-09-08, 02:09:06, 22.23, 22.25, 22.5, 22.52, 9999.0, 9999.0, 9999.0, 23.93, 9999.0, 22.14, 9999.0, 22.5, 22.25, 22.14, 22.18, 22.14
2026-09-08, 02:09:10, 22.23, 22.25, 22.5, 22.5, 9999.0, 9999.0, 9999.0, 23.86, 9999.0, 22.11, 9999.0, 22.52, 22.25, 22.14, 22.18, 22.14
2026-09-08, 02:09:14, 22.25, 22.25, 22.5, 22.5, 9999.0, 9999.0, 9999.0, 23.8, 9999.0, 22.09, 9999.0, 22.55, 22.25, 22.16, 22.18, 22.14
2026-09-08, 02:09:18, 22.25, 22.25, 22.5, 22.5, 9999.0, 9999.0, 9999.0, 23.75, 9999.0, 22.07, 9999.0, 22.57, 22.27, 22.14, 22.18, 22.11
2026-09-08, 02:09:22, 22.25, 22.25, 22.5, 22.5, 9999.0, 9999.0, 9999.0, 23.7, 9999.0, 22.07, 9999.0, 22.59, 22.27, 22.14, 22.18, 22.11
2026-09-08, 02:09:26, 22.25, 22.25, 22.5, 22.5, 9999.0, 9999.0, 9999.0, 23.66, 9999.0, 22.09, 9999.0, 22.59, 22.27, 22.11, 22.18, 22.11
2026-09-08, 02:09:30, 22.25, 22.25, 22.5, 22.5, 9999.0, 9999.0, 9999.0, 23.61, 9999.0, 22.09, 9999.0, 22.59, 22.3, 22.14, 22.18, 22.14
2026-09-08, 02:09:34, 22.25, 22.25, 22.5, 22.5, 9999.0, 9999.0, 9999.0, 23.59, 9999.0, 22.11, 9999.0, 22.59, 22.3, 22.14, 22.2, 22.11
2026-09-08, 02:09:38, 22.25, 22.25, 22.52, 22.5, 9999.0, 9999.0, 9999.0, 23.55, 9999.0, 22.14, 9999.0, 22.59, 22.32, 22.11, 22.2, 22.11
2026-09-08, 02:09:42, 22.25, 22.25, 22.52, 22.5, 9999.0, 9999.0, 9999.0, 23.57, 9999.0, 22.16, 9999.0, 22.61, 22.32, 22.09, 22.23, 22.11
2026-09-08, 02:09:46, 22.25, 22.27, 22.52, 22.5, 9999.0, 9999.0, 9999.0, 23.59, 9999.0, 22.18, 9999.0, 22.61, 22.34, 22.09, 22.25, 22.11
2026-09-08, 02:09:50, 22.25, 22.27, 22.52, 22.5, 9999.0, 9999.0, 9999.0, 23.61, 9999.0, 22.2, 9999.0, 22.61, 22.34, 22.09, 22.25, 22.11
2026-09-08, 02:09:54, 22.23, 22.27, 22.52, 22.5, 9999.0, 9999.0, 9999.0, 23.66, 9999.0, 22.2, 9999.0, 22.59, 22.36, 22.07, 22.25, 22.09
2026-09-08, 02:09:58, 22.23, 22.27, 22.52, 22.5, 9999.0, 9999.0, 9999.0, 23.7, 9999.0, 22.2, 9999.0, 22.57, 22.36, 22.05, 22.25, 22.09
2026-09-08, 02:10:02, 22.23, 22.27, 22.52, 22.5, 9999.0, 9999.0, 9999.0, 23.73, 9999.0, 22.2, 9999.0, 22.55, 22.34, 22.05, 22.25, 22.11
2026-09-08, 02:10:06, 22.23, 22.27, 22.52, 22.5, 9999.0, 9999.0, 9999.0, 23.75, 9999.0, 22.18, 9999.0, 22.52, 22.34, 22.05, 22.25, 22.11
2026-09-08, 02:10:10, 22.23, 22.27, 22.55, 22.5, 9999.0, 9999.0, 9999.0, 23.77, 9999.0, 22.16, 9999.0, 22.52, 22.34, 22.05, 22.25, 22.11
2026-09-08, 02:10:14, 22.23, 22.27, 22.55, 22.5, 9999.0, 9999.0, 9999.0, 23.8, 9999.0, 22.14, 9999.0, 22.52, 22.32, 22.05, 22.25, 22.11
2026-09-08, 02:10:18, 22.2, 22.27, 22.55, 22.5, 9999.0, 9999.0, 9999.0, 23.82, 9999.0, 22.09, 9999.0, 22.52, 22.32, 22.05, 22.25, 22.14
2026-09-08, 02:10:22, 22.2, 22.27, 22.52, 22.5, 9999.0, 9999.0, 9999.0, 23.86, 9999.0, 22.05, 9999.0, 22.52, 22.3, 22.05, 22.23, 22.14
2026-09-08, 02:10:26, 22.2, 22.27, 22.52, 22.5, 9999.0, 9999.0, 9999.0, 23.82, 9999.0, 22.0, 9999.0, 22.5, 22.3, 22.05, 22.23, 22.14
2026-09-08, 02:10:30, 22.2, 22.25, 22.52, 22.5, 9999.0, 9999.0, 9999.0, 23.77, 9999.0, 21.95, 9999.0, 22.52, 22.27, 22.05, 22.23, 22.14
2026-09-08, 02:10:34, 22.2, 22.25, 22.52, 22.5, 9999.0, 9999.0, 9999.0, 23.73, 9999.0, 21.91, 9999.0, 22.55, 22.27, 22.05, 22.23, 22.16
2026-09-08, 02:10:38, 22.23, 22.25, 22.52, 22.5, 9999.0, 9999.0, 9999.0, 23.68, 9999.0, 21.91, 9999.0, 22.55, 22.25, 22.07, 22.23, 22.18
2026-09-08, 02:10:42, 22.23, 22.25, 22.52, 22.5, 9999.0, 9999.0, 9999.0, 23.64, 9999.0, 21.91, 9999.0, 22.55, 22.25, 22.07, 22.23, 22.18
2026-09-08, 02:10:46, 22.23, 22.25, 22.52, 22.5, 9999.0, 9999.0, 9999.0, 23.59, 9999.0, 21.93, 9999.0, 22.55, 22.25, 22.07, 22.23, 22.18
2026-09-08, 02:10:50, 22.23, 22.25, 22.55, 22.5, 9999.0, 9999.0, 9999.0, 23.55, 9999.0, 21.95, 9999.0, 22.55, 22.25, 22.05, 22.23, 22.2
2026-09-08, 02:10:54, 22.23, 22.25, 22.52, 22.5, 9999.0, 9999.0, 9999.0, 23.5, 9999.0, 21.98, 9999.0, 22.55, 22.25, 22.05, 22.23, 22.2
2026-09-08, 02:10:58, 22.23, 22.25, 22.52, 22.5, 9999.0, 9999.0, 9999.0, 23.52, 9999.0, 21.98, 9999.0, 22.55, 22.27, 22.05, 22.23, 22.2
2026-09-08, 02:11:02, 22.25, 22.25, 22.52, 22.5, 9999.0, 9999.0, 9999.0, 23.55, 9999.0, 21.98, 9999.0, 22.55, 22.3, 22.05, 22.23, 22.2
2026-09-08, 02:11:06, 22.25, 22.25, 22.52, 22.5, 9999.0, 9999.0, 9999.0, 23.57, 9999.0, 22.0, 9999.0, 22.55, 22.3, 22.05, 22.25, 22.23
2026-09-08, 02:11:10, 22.25, 22.25, 22.52, 22.5, 9999.0, 9999.0, 9999.0, 23.61, 9999.0, 22.02, 9999.0, 22.55, 22.32, 22.05, 22.25, 22.25
2026-09-08, 02:11:14, 22.25, 22.25, 22.52, 22.5, 9999.0, 9999.0, 9999.0, 23.64, 9999.0, 22.05, 9999.0, 22.52, 22.32, 22.05, 22.25, 22.25
2026-09-08, 02:11:18, 22.23, 22.25, 22.52, 22.5, 9999.0, 9999.0, 9999.0, 23.66, 9999.0, 22.05, 9999.0, 22.5, 22.32, 22.07, 22.25, 22.25
2026-09-08, 02:11:22, 22.23, 22.25, 22.52, 22.5, 9999.0, 9999.0, 9999.0, 23.68, 9999.0, 22.05, 9999.0, 22.5, 22.32, 22.07, 22.25, 22.25
2026-09-08, 02:11:26, 22.23, 22.25, 22.55, 22.5, 9999.0, 9999.0, 9999.0, 23.7, 9999.0, 22.05, 9999.0, 22.5, 22.32, 22.09, 22.25, 22.23
2026-09-08, 02:11:30, 22.23, 22.25, 22.55, 22.5, 9999.0, 9999.0, 9999.0, 23.75, 9999.0, 22.0, 9999.0, 22.48, 22.32, 22.11, 22.25, 22.2
2026-09-08, 02:11:34, 22.23, 22.25, 22.52, 22.52, 9999.0, 9999.0, 9999.0, 23.77, 9999.0, 21.95, 9999.0, 22.48, 22.32, 22.11, 22.25, 22.2
2026-09-08, 02:11:38, 22.23, 22.25, 22.55, 22.52, 9999.0, 9999.0, 9999.0, 23.8, 9999.0, 21.91, 9999.0, 22.48, 22.32, 22.11, 22.25, 22.2
2026-09-08, 02:11:42, 22.23, 22.27, 22.55, 22.52, 9999.0, 9999.0, 9999.0, 23.75, 9999.0, 21.89, 9999.0, 22.48, 22.3, 22.09, 22.25, 22.2
2026-09-08, 02:11:46, 22.2, 22.27, 22.57, 22.52, 9999.0, 9999.0, 9999.0, 23.7, 9999.0, 21.86, 9999.0, 22.5, 22.27, 22.11, 22.25, 22.2
2026-09-08, 02:11:51, 22.2, 22.27, 22.59, 22.52, 9999.0, 9999.0, 9999.0, 23.66, 9999.0, 21.84, 9999.0, 22.52, 22.27, 22.14, 22.25, 22.18
2026-09-08, 02:11:55, 22.2, 22.27, 22.61, 22.52, 9999.0, 9999.0, 9999.0, 23.61, 9999.0, 21.84, 9999.0, 22.55, 22.25, 22.14, 22.25, 22.18
2026-09-08, 02:11:59, 22.2, 22.27, 22.61, 22.52, 9999.0, 9999.0, 9999.0, 23.57, 9999.0, 21.84, 9999.0, 22.55, 22.27, 22.16, 22.25, 22.18
2026-09-08, 02:12:03, 22.23, 22.27, 22.61, 22.52, 9999.0, 9999.0, 9999.0, 23.52, 9999.0, 21.86, 9999.0, 22.55, 22.3, 22.16, 22.25, 22.18
2026-09-08, 02:12:07, 22.23, 22.27, 22.61, 22.52, 9999.0, 9999.0, 9999.0, 23.48, 9999.0, 21.89, 9999.0, 22.55, 22.32, 22.14, 22.25, 22.18
2026-09-08, 02:12:11, 22.2, 22.27, 22.59, 22.52, 9999.0, 9999.0, 9999.0, 23.43, 9999.0, 21.91, 9999.0, 22.55, 22.34, 22.11, 22.25, 22.2
2026-09-08, 02:12:15, 22.2, 22.27, 22.59, 22.52, 9999.0, 9999.0, 9999.0, 23.45, 9999.0, 21.95, 9999.0, 22.57, 22.36, 22.09, 22.25, 22.23
2026-09-08, 02:12:19, 22.2, 22.27, 22.59, 22.5, 9999.0, 9999.0, 9999.0, 23.5, 9999.0, 21.98, 9999.0, 22.59, 22.36, 22.11, 22.25, 22.23
2026-09-08, 02:12:23, 22.2, 22.27, 22.57, 22.5, 9999.0, 9999.0, 9999.0, 23.52, 9999.0, 22.0, 9999.0, 22.59, 22.39, 22.14, 22.25, 22.23
2026-09-08, 02:12:27, 22.2, 22.25, 22.57, 22.5, 9999.0, 9999.0, 9999.0, 23.57, 9999.0, 22.02, 9999.0, 22.59, 22.41, 22.14, 22.25, 22.23
2026-09-08, 02:12:31, 22.23, 22.25, 22.55, 22.5, 9999.0, 9999.0, 9999.0, 23.59, 9999.0, 22.05, 9999.0, 22.57, 22.41, 22.11, 22.25, 22.23
2026-09-08, 02:12:35, 22.23, 22.25, 22.52, 22.52, 9999.0, 9999.0, 9999.0, 23.61, 9999.0, 22.05, 9999.0, 22.55, 22.41, 22.09, 22.25, 22.25
2026-09-08, 02:12:39, 22.23, 22.25, 22.5, 22.52, 9999.0, 9999.0, 9999.0, 23.64, 9999.0, 22.02, 9999.0, 22.52, 22.41, 22.11, 22.25, 22.25
2026-09-08, 02:12:43, 22.23, 22.25, 22.52, 22.52, 9999.0, 9999.0, 9999.0, 23.66, 9999.0, 22.0, 9999.0, 22.52, 22.39, 22.11, 22.25, 22.25
2026-09-08, 02:12:47, 22.23, 22.25, 22.55, 22.52, 9999.0, 9999.0, 9999.0, 23.68, 9999.0, 22.0, 9999.0, 22.52, 22.36, 22.11, 22.25, 22.25
2026-09-08, 02:12:51, 22.23, 22.25, 22.55, 22.52, 9999.0, 9999.0, 9999.0, 23.7, 9999.0, 21.98, 9999.0, 22.52, 22.34, 22.11, 22.25, 22.25
2026-09-08, 02:12:55, 22.25, 22.25, 22.55, 22.52, 9999.0, 9999.0, 9999.0, 23.73, 9999.0, 21.95, 9999.0, 22.52, 22.32, 22.14, 22.25, 22.25
2026-09-08, 02:12:59, 22.23, 22.25, 22.55, 22.52, 9999.0, 9999.0, 9999.0, 23.68, 9999.0, 21.91, 9999.0, 22.55, 22.3, 22.16, 22.25, 22.25
2026-09-08, 02:13:03, 22.23, 22.25, 22.55, 22.52, 9999.0, 9999.0, 9999.0, 23.64, 9999.0, 21.89, 9999.0, 22.55, 22.3, 22.16, 22.25, 22.25
2026-09-08, 02:13:07, 22.23, 22.25, 22.55, 22.55, 9999.0, 9999.0, 9999.0, 23.61, 9999.0, 21.89, 9999.0, 22.57, 22.27, 22.16, 22.25, 22.25
2026-09-08, 02:13:11, 22.23, 22.25, 22.55, 22.55, 9999.0, 9999.0, 9999.0, 23.57, 9999.0, 21.86, 9999.0, 22.59, 22.27, 22.16, 22.25, 22.25
2026-09-08, 02:13:15, 22.23, 22.25, 22.55, 22.57, 9999.0, 9999.0, 9999.0, 23.52, 9999.0, 21.86, 9999.0, 22.61, 22.27, 22.16, 22.25, 22.25
2026-09-08, 02:13:19, 22.23, 22.25, 22.55, 22.55, 9999.0, 9999.0, 9999.0, 23.48, 9999.0, 21.89, 9999.0, 22.61, 22.27, 22.16, 22.25, 22.25
2026-09-08, 02:13:23, 22.23, 22.25, 22.55, 22.55, 9999.0, 9999.0, 9999.0, 23.43, 9999.0, 21.93, 9999.0, 22.64, 22.27, 22.16, 22.25, 22.25
2026-09-08, 02:13:27, 22.23, 22.25, 22.52, 22.57, 9999.0, 9999.0, 9999.0, 23.41, 9999.0, 21.95, 9999.0, 22.66, 22.3, 22.16, 22.25, 22.25
2026-09-08, 02:13:31, 22.23, 22.25, 22.5, 22.59, 9999.0, 9999.0, 9999.0, 23.39, 9999.0, 21.95, 9999.0, 22.68, 22.32, 22.14, 22.25, 22.25
2026-09-08, 02:13:35, 22.23, 22.25, 22.52, 22.59, 9999.0, 9999.0, 9999.0, 23.43, 9999.0, 21.95, 9999.0, 22.68, 22.32, 22.16, 22.25, 22.25
2026-09-08, 02:13:39, 22.23, 22.25, 22.52, 22.59, 9999.0, 9999.0, 9999.0, 23.48, 9999.0, 21.95, 9999.0, 22.68, 22.32, 22.14, 22.25, 22.25
2026-09-08, 02:13:43, 22.25, 22.25, 22.55, 22.59, 9999.0, 9999.0, 9999.0, 23.52, 9999.0, 21.98, 9999.0, 22.66, 22.34, 22.11, 22.25, 22.25
2026-09-08, 02:13:47, 22.25, 22.25, 22.55, 22.59, 9999.0, 9999.0, 9999.0, 23.57, 9999.0, 22.0, 9999.0, 22.64, 22.36, 22.09, 22.25, 22.25
2026-09-08, 02:13:51, 22.25, 22.25, 22.55, 22.57, 9999.0, 9999.0, 9999.0, 23.59, 9999.0, 22.0, 9999.0, 22.61, 22.39, 22.07, 22.25, 22.25
2026-09-08, 02:13:55, 22.25, 22.25, 22.55, 22.57, 9999.0, 9999.0, 9999.0, 23.61, 9999.0, 22.02, 9999.0, 22.59, 22.36, 22.09, 22.25, 22.25
2026-09-08, 02:13:59, 22.23, 22.25, 22.55, 22.57, 9999.0, 9999.0, 9999.0, 23.66, 9999.0, 22.02, 9999.0, 22.57, 22.36, 22.09, 22.25, 22.25
2026-09-08, 02:14:03, 22.2, 22.25, 22.55, 22.57, 9999.0, 9999.0, 9999.0, 23.7, 9999.0, 22.0, 9999.0, 22.57, 22.36, 22.09, 22.25, 22.25
2026-09-08, 02:14:07, 22.2, 22.25, 22.55, 22.57, 9999.0, 9999.0, 9999.0, 23.75, 9999.0, 21.98, 9999.0, 22.55, 22.36, 22.07, 22.25, 22.25
2026-09-08, 02:14:11, 22.2, 22.25, 22.55, 22.55, 9999.0, 9999.0, 9999.0, 23.77, 9999.0, 21.98, 9999.0, 22.52, 22.34, 22.05, 22.25, 22.25
2026-09-08, 02:14:15, 22.2, 22.25, 22.57, 22.52, 9999.0, 9999.0, 9999.0, 23.82, 9999.0, 21.98, 9999.0, 22.5, 22.32, 22.07, 22.25, 22.25
2026-09-08, 02:14:19, 22.2, 22.25, 22.57, 22.52, 9999.0, 9999.0, 9999.0, 23.77, 9999.0, 21.95, 9999.0, 22.52, 22.32, 22.07, 22.25, 22.25
2026-09-08, 02:14:23, 22.2, 22.25, 22.59, 22.52, 9999.0, 9999.0, 9999.0, 23.73, 9999.0, 21.93, 9999.0, 22.55, 22.34, 22.09, 22.25, 22.25
2026-09-08, 02:14:27, 22.2, 22.25, 22.59, 22.52, 9999.0, 9999.0, 9999.0, 23.68, 9999.0, 21.91, 9999.0, 22.57, 22.32, 22.11, 22.25, 22.25
2026-09-08, 02:14:31, 22.2, 22.25, 22.61, 22.52, 9999.0, 9999.0, 9999.0, 23.64, 9999.0, 21.91, 9999.0, 22.59, 22.32, 22.14, 22.25, 22.25
2026-09-08, 02:14:35, 22.2, 22.25, 22.64, 22.52, 9999.0, 9999.0, 9999.0, 23.59, 9999.0, 21.91, 9999.0, 22.61, 22.3, 22.14, 22.25, 22.25
2026-09-08, 02:14:39, 22.2, 22.25, 22.66, 22.52, 9999.0, 9999.0, 9999.0, 23.55, 9999.0, 21.91, 9999.0, 22.61, 22.32, 22.14, 22.25, 22.25
2026-09-08, 02:14:43, 22.23, 22.25, 22.68, 22.5, 9999.0, 9999.0, 9999.0, 23.5, 9999.0, 21.93, 9999.0, 22.61, 22.34, 22.16, 22.25, 22.25
2026-09-08, 02:14:47, 22.25, 22.25, 22.68, 22.5, 9999.0, 9999.0, 9999.0, 23.45, 9999.0, 21.98, 9999.0, 22.61, 22.36, 22.16, 22.25, 22.25
2026-09-08, 02:14:51, 22.25, 22.25, 22.68, 22.52, 9999.0, 9999.0, 9999.0, 23.48, 9999.0, 22.0, 9999.0, 22.61, 22.36, 22.18, 22.25, 22.25
2026-09-08, 02:14:55, 22.25, 22.25, 22.68, 22.55, 9999.0, 9999.0, 9999.0, 23.52, 9999.0, 22.02, 9999.0, 22.64, 22.39, 22.2, 22.25, 22.25
2026-09-08, 02:14:59, 22.25, 22.25, 22.66, 22.55, 9999.0, 9999.0, 9999.0, 23.55, 9999.0, 22.02, 9999.0, 22.64, 22.41, 22.18, 22.25, 22.25
2026-09-08, 02:15:03, 22.25, 22.25, 22.64, 22.55, 9999.0, 9999.0, 9999.0, 23.59, 9999.0, 22.05, 9999.0, 22.61, 22.43, 22.18, 22.25, 22.25
2026-09-08, 02:15:07, 22.25, 22.25, 22.64, 22.55, 9999.0, 9999.0, 9999.0, 23.61, 9999.0, 22.07, 9999.0, 22.59, 22.43, 22.16, 22.25, 22.25
2026-09-08, 02:15:11, 22.25, 22.25, 22.61, 22.55, 9999.0, 9999.0, 9999.0, 23.64, 9999.0, 22.09, 9999.0, 22.57, 22.43, 22.14, 22.25, 22.25
2026-09-08, 02:15:15, 22.25, 22.25, 22.59, 22.57, 9999.0, 9999.0, 9999.0, 23.66, 9999.0, 22.09, 9999.0, 22.55, 22.43, 22.11, 22.25, 22.25
2026-09-08, 02:15:19, 22.25, 22.25, 22.57, 22.57, 9999.0, 9999.0, 9999.0, 23.7, 9999.0, 22.09, 9999.0, 22.52, 22.43, 22.11, 22.25, 22.25
2026-09-08, 02:15:23, 22.23, 22.25, 22.55, 22.57, 9999.0, 9999.0, 9999.0, 23.75, 9999.0, 22.11, 9999.0, 22.52, 22.41, 22.11, 22.25, 22.25
2026-09-08, 02:15:27, 22.23, 22.25, 22.52, 22.57, 9999.0, 9999.0, 9999.0, 23.8, 9999.0, 22.09, 9999.0, 22.52, 22.39, 22.09, 22.25, 22.25
2026-09-08, 02:15:31, 22.23, 22.25, 22.55, 22.57, 9999.0, 9999.0, 9999.0, 23.82, 9999.0, 22.07, 9999.0, 22.52, 22.36, 22.11, 22.25, 22.25
2026-09-08, 02:15:35, 22.23, 22.27, 22.55, 22.57, 9999.0, 9999.0, 9999.0, 23.77, 9999.0, 22.05, 9999.0, 22.55, 22.36, 22.11, 22.25, 22.25
2026-09-08, 02:15:40, 22.23, 22.27, 22.55, 22.55, 9999.0, 9999.0, 9999.0, 23.73, 9999.0, 22.02, 9999.0, 22.55, 22.36, 22.09, 22.25, 22.25
2026-09-08, 02:15:44, 22.23, 22.27, 22.55, 22.55, 9999.0, 9999.0, 9999.0, 23.68, 9999.0, 22.02, 9999.0, 22.57, 22.34, 22.11, 22.25, 22.25
2026-09-08, 02:15:48, 22.23, 22.27, 22.57, 22.55, 9999.0, 9999.0, 9999.0, 23.64, 9999.0, 22.05, 9999.0, 22.59, 22.32, 22.11, 22.25, 22.25
2026-09-08, 02:15:52, 22.23, 22.27, 22.55, 22.57, 9999.0, 9999.0, 9999.0, 23.59, 9999.0, 22.07, 9999.0, 22.61, 22.3, 22.14, 22.25, 22.25
2026-09-08, 02:15:56, 22.23, 22.27, 22.55, 22.57, 9999.0, 9999.0, 9999.0, 23.55, 9999.0, 22.07, 9999.0, 22.61, 22.32, 22.14, 22.25, 22.25
2026-09-08, 02:16:00, 22.23, 22.27, 22.57, 22.57, 9999.0, 9999.0, 9999.0, 23.5, 9999.0, 22.09, 9999.0, 22.61, 22.32, 22.16, 22.25, 22.25
2026-09-08, 02:16:04, 22.23, 22.27, 22.57, 22.57, 9999.0, 9999.0, 9999.0, 23.45, 9999.0, 22.11, 9999.0, 22.61, 22.34, 22.16, 22.25, 22.25
2026-09-08, 02:16:08, 22.25, 22.27, 22.59, 22.57, 9999.0, 9999.0, 9999.0, 23.41, 9999.0, 22.11, 9999.0, 22.61, 22.36, 22.14, 22.25, 22.25
2026-09-08, 02:16:12, 22.25, 22.27, 22.61, 22.57, 9999.0, 9999.0, 9999.0, 23.43, 9999.0, 22.14, 9999.0, 22.61, 22.39, 22.14, 22.25, 22.25
2026-09-08, 02:16:16, 22.25, 22.27, 22.59, 22.57, 9999.0, 9999.0, 9999.0, 23.48, 9999.0, 22.16, 9999.0, 22.61, 22.41, 22.11, 22.25, 22.25
2026-09-08, 02:16:20, 22.25, 22.25, 22.61, 22.55, 9999.0, 9999.0, 9999.0, 23.52, 9999.0, 22.18, 9999.0, 22.59, 22.41, 22.09, 22.25, 22.25
2026-09-08, 02:16:24, 22.25, 22.25, 22.64, 22.55, 9999.0, 9999.0, 9999.0, 23.57, 9999.0, 22.2, 9999.0, 22.57, 22.41, 22.09, 22.25, 22.25
2026-09-08, 02:16:28, 22.25, 22.25, 22.64, 22.57, 9999.0, 9999.0, 9999.0, 23.61, 9999.0, 22.2, 9999.0, 22.55, 22.43, 22.09, 22.25, 22.25
2026-09-08, 02:16:32, 22.25, 22.25, 22.61, 22.57, 9999.0, 9999.0, 9999.0, 23.64, 9999.0, 22.18, 9999.0, 22.52, 22.45, 22.07, 22.25, 22.25
2026-09-08, 02:16:36, 22.23, 22.25, 22.61, 22.55, 9999.0, 9999.0, 9999.0, 23.68, 9999.0, 22.16, 9999.0, 22.5, 22.45, 22.05, 22.25, 22.25
2026-09-08, 02:16:40, 22.23, 22.25, 22.61, 22.55, 9999.0, 9999.0, 9999.0, 23.73, 9999.0, 22.16, 9999.0, 22.5, 22.43, 22.05, 22.25, 22.25
2026-09-08, 02:16:44, 22.23, 22.25, 22.59, 22.52, 9999.0, 9999.0, 9999.0, 23.75, 9999.0, 22.14, 9999.0, 22.5, 22.41, 22.02, 22.25, 22.25
2026-09-08, 02:16:48, 22.23, 22.25, 22.59, 22.52, 9999.0, 9999.0, 9999.0, 23.77, 9999.0, 22.11, 9999.0, 22.5, 22.41, 22.05, 22.23, 22.25
2026-09-08, 02:16:52, 22.23, 22.25, 22.57, 22.55, 9999.0, 9999.0, 9999.0, 23.8, 9999.0, 22.09, 9999.0, 22.5, 22.39, 22.07, 22.23, 22.25
2026-09-08, 02:16:56, 22.23, 22.25, 22.55, 22.55, 9999.0, 9999.0, 9999.0, 23.75, 9999.0, 22.07, 9999.0, 22.52, 22.39, 22.07, 22.23, 22.25
2026-09-08, 02:17:00, 22.23, 22.25, 22.55, 22.57, 9999.0, 9999.0, 9999.0, 23.7, 9999.0, 22.05, 9999.0, 22.55, 22.39, 22.07, 22.23, 22.25
2026-09-08, 02:17:04, 22.23, 22.25, 22.52, 22.59, 9999.0, 9999.0, 9999.0, 23.66, 9999.0, 22.02, 9999.0, 22.57, 22.41, 22.09, 22.23, 22.25
2026-09-08, 02:17:08, 22.23, 22.25, 22.5, 22.59, 9999.0, 9999.0, 9999.0, 23.61, 9999.0, 22.02, 9999.0, 22.57, 22.41, 22.09, 22.23, 22.25
2026-09-08, 02:17:12, 22.23, 22.25, 22.5, 22.59, 9999.0, 9999.0, 9999.0, 23.57, 9999.0, 22.05, 9999.0, 22.57, 22.41, 22.07, 22.23, 22.25
2026-09-08, 02:17:16, 22.23, 22.25, 22.52, 22.61, 9999.0, 9999.0, 9999.0, 23.52, 9999.0, 22.09, 9999.0, 22.57, 22.41, 22.09, 22.23, 22.25
2026-09-08, 02:17:20, 22.25, 22.25, 22.52, 22.64, 9999.0, 9999.0, 9999.0, 23.48, 9999.0, 22.14, 9999.0, 22.57, 22.43, 22.09, 22.23, 22.25
2026-09-08, 02:17:24, 22.25, 22.25, 22.52, 22.66, 9999.0, 9999.0, 9999.0, 23.43, 9999.0, 22.18, 9999.0, 22.57, 22.45, 22.11, 22.23, 22.25
2026-09-08, 02:17:28, 22.25, 22.25, 22.55, 22.66, 9999.0, 9999.0, 9999.0, 23.48, 9999.0, 22.23, 9999.0, 22.57, 22.48, 22.11, 22.23, 22.25
2026-09-08, 02:17:32, 22.25, 22.25, 22.55, 22.68, 9999.0, 9999.0, 9999.0, 23.52, 9999.0, 22.25, 9999.0, 22.57, 22.48, 22.11, 22.25, 22.25
2026-09-08, 02:17:36, 22.25, 22.25, 22.57, 22.68, 9999.0, 9999.0, 9999.0, 23.57, 9999.0, 22.27, 9999.0, 22.57, 22.48, 22.11, 22.25, 22.25
2026-09-08, 02:17:40, 22.25, 22.25, 22.57, 22.7, 9999.0, 9999.0, 9999.0, 23.61, 9999.0, 22.3, 9999.0, 22.55, 22.45, 22.14, 22.25, 22.25
2026-09-08, 02:17:44, 22.25, 22.25, 22.57, 22.68, 9999.0, 9999.0, 9999.0, 23.66, 9999.0, 22.32, 9999.0, 22.52, 22.43, 22.16, 22.25, 22.25
2026-09-08, 02:17:48, 22.25, 22.25, 22.57, 22.68, 9999.0, 9999.0, 9999.0, 23.68, 9999.0, 22.34, 9999.0, 22.5, 22.41, 22.16, 22.25, 22.25
2026-09-08, 02:17:52, 22.25, 22.25, 22.59, 22.68, 9999.0, 9999.0, 9999.0, 23.7, 9999.0, 22.34, 9999.0, 22.5, 22.39, 22.16, 22.25, 22.25
2026-09-08, 02:17:56, 22.25, 22.25, 22.61, 22.68, 9999.0, 9999.0, 9999.0, 23.73, 9999.0, 22.34, 9999.0, 22.5, 22.39, 22.16, 22.25, 22.25
2026-09-08, 02:18:00, 22.25, 22.25, 22.59, 22.68, 9999.0, 9999.0, 9999.0, 23.77, 9999.0, 22.32, 9999.0, 22.5, 22.36, 22.14, 22.25, 22.25
2026-09-08, 02:18:04, 22.25, 22.25, 22.59, 22.66, 9999.0, 9999.0, 9999.0, 23.82, 9999.0, 22.3, 9999.0, 22.5, 22.34, 22.16, 22.25, 22.25
2026-09-08, 02:18:08, 22.25, 22.25, 22.59, 22.66, 9999.0, 9999.0, 9999.0, 23.86, 9999.0, 22.27, 9999.0, 22.5, 22.32, 22.16, 22.23, 22.25
2026-09-08, 02:18:12, 22.23, 22.25, 22.59, 22.66, 9999.0, 9999.0, 9999.0, 23.82, 9999.0, 22.23, 9999.0, 22.52, 22.3, 22.18, 22.23, 22.25
2026-09-08, 02:18:16, 22.23, 22.25, 22.61, 22.64, 9999.0, 9999.0, 9999.0, 23.77, 9999.0, 22.2, 9999.0, 22.55, 22.27, 22.16, 22.23, 22.25
2026-09-08, 02:18:20, 22.23, 22.25, 22.61, 22.61, 9999.0, 9999.0, 9999.0, 23.73, 9999.0, 22.2, 9999.0, 22.57, 22.3, 22.16, 22.23, 22.25
2026-09-08, 02:18:24, 22.23, 22.25, 22.64, 22.59, 9999.0, 9999.0, 9999.0, 23.68, 9999.0, 22.2, 9999.0, 22.59, 22.3, 22.16, 22.23, 22.25
2026-09-08, 02:18:28, 22.23, 22.25, 22.66, 22.61, 9999.0, 9999.0, 9999.0, 23.64, 9999.0, 22.2, 9999.0, 22.61, 22.3, 22.16, 22.23, 22.25
2026-09-08, 02:18:32, 22.23, 22.25, 22.68, 22.61, 9999.0, 9999.0, 9999.0, 23.61, 9999.0, 22.23, 9999.0, 22.64, 22.32, 22.16, 22.23, 22.25
2026-09-08, 02:18:36, 22.23, 22.25, 22.66, 22.64, 9999.0, 9999.0, 9999.0, 23.59, 9999.0, 22.25, 9999.0, 22.66, 22.34, 22.18, 22.23, 22.25
2026-09-08, 02:18:40, 22.23, 22.25, 22.66, 22.61, 9999.0, 9999.0, 9999.0, 23.55, 9999.0, 22.27, 9999.0, 22.68, 22.32, 22.2, 22.23, 22.25
2026-09-08, 02:18:44, 22.2, 22.25, 22.66, 22.61, 9999.0, 9999.0, 9999.0, 23.57, 9999.0, 22.3, 9999.0, 22.68, 22.34, 22.2, 22.23, 22.25
2026-09-08, 02:18:48, 22.2, 22.25, 22.66, 22.64, 9999.0, 9999.0, 9999.0, 23.59, 9999.0, 22.32, 9999.0, 22.68, 22.36, 22.2, 22.23, 22.25
2026-09-08, 02:18:52, 22.2, 22.25, 22.66, 22.61, 9999.0, 9999.0, 9999.0, 23.61, 9999.0, 22.34, 9999.0, 22.68, 22.39, 22.18, 22.25, 22.25
2026-09-08, 02:18:56, 22.23, 22.25, 22.64, 22.64, 9999.0, 9999.0, 9999.0, 23.66, 9999.0, 22.39, 9999.0, 22.66, 22.39, 22.18, 22.25, 22.25
2026-09-08, 02:19:00, 22.23, 22.25, 22.64, 22.66, 9999.0, 9999.0, 9999.0, 23.7, 9999.0, 22.43, 9999.0, 22.64, 22.41, 22.2, 22.25, 22.25
2026-09-08, 02:19:05, 22.2, 22.25, 22.64, 22.66, 9999.0, 9999.0, 9999.0, 23.73, 9999.0, 22.43, 9999.0, 22.61, 22.39, 22.18, 22.25, 22.25
2026-09-08, 02:19:09, 22.2, 22.25, 22.61, 22.68, 9999.0, 9999.0, 9999.0, 23.75, 9999.0, 22.43, 9999.0, 22.59, 22.39, 22.18, 22.25, 22.25
2026-09-08, 02:19:13, 22.2, 22.25, 22.61, 22.66, 9999.0, 9999.0, 9999.0, 23.77, 9999.0, 22.43, 9999.0, 22.57, 22.39, 22.16, 22.25, 22.25
2026-09-08, 02:19:17, 22.2, 22.25, 22.59, 22.66, 9999.0, 9999.0, 9999.0, 23.8, 9999.0, 22.41, 9999.0, 22.55, 22.39, 22.16, 22.25, 22.25
2026-09-08, 02:19:21, 22.2, 22.25, 22.59, 22.66, 9999.0, 9999.0, 9999.0, 23.82, 9999.0, 22.39, 9999.0, 22.52, 22.36, 22.14, 22.25, 22.25
2026-09-08, 02:19:25, 22.2, 22.25, 22.57, 22.68, 9999.0, 9999.0, 9999.0, 23.86, 9999.0, 22.36, 9999.0, 22.5, 22.36, 22.14, 22.25, 22.25
2026-09-08, 02:19:29, 22.23, 22.25, 22.57, 22.68, 9999.0, 9999.0, 9999.0, 23.84, 9999.0, 22.34, 9999.0, 22.5, 22.36, 22.16, 22.25, 22.25
2026-09-08, 02:19:33, 22.23, 22.25, 22.59, 22.68, 9999.0, 9999.0, 9999.0, 23.8, 9999.0, 22.32, 9999.0, 22.52, 22.34, 22.16, 22.25, 22.25
2026-09-08, 02:19:37, 22.23, 22.25, 22.59, 22.7, 9999.0, 9999.0, 9999.0, 23.75, 9999.0, 22.3, 9999.0, 22.55, 22.32, 22.18, 22.25, 22.25
2026-09-08, 02:19:41, 22.23, 22.25, 22.59, 22.7, 9999.0, 9999.0, 9999.0, 23.7, 9999.0, 22.3, 9999.0, 22.57, 22.32, 22.18, 22.25, 22.25
2026-09-08, 02:19:45, 22.23, 22.25, 22.59, 22.68, 9999.0, 9999.0, 9999.0, 23.66, 9999.0, 22.3, 9999.0, 22.59, 22.3, 22.18, 22.25, 22.25
2026-09-08, 02:19:49, 22.25, 22.25, 22.59, 22.7, 9999.0, 9999.0, 9999.0, 23.64, 9999.0, 22.32, 9999.0, 22.61, 22.32, 22.18, 22.25, 22.25
2026-09-08, 02:19:53, 22.25, 22.25, 22.59, 22.68, 9999.0, 9999.0, 9999.0, 23.61, 9999.0, 22.34, 9999.0, 22.61, 22.34, 22.18, 22.25, 22.25
2026-09-08, 02:19:57, 22.25, 22.25, 22.57, 22.7, 9999.0, 9999.0, 9999.0, 23.57, 9999.0, 22.36, 9999.0, 22.61, 22.36, 22.2, 22.25, 22.25
2026-09-08, 02:20:01, 22.25, 22.25, 22.57, 22.7, 9999.0, 9999.0, 9999.0, 23.61, 9999.0, 22.39, 9999.0, 22.61, 22.36, 22.2, 22.25, 22.25
2026-09-08, 02:20:05, 22.25, 22.25, 22.59, 22.68, 9999.0, 9999.0, 9999.0, 23.66, 9999.0, 22.41, 9999.0, 22.61, 22.36, 22.23, 22.25, 22.25
2026-09-08, 02:20:09, 22.25, 22.27, 22.59, 22.68, 9999.0, 9999.0, 9999.0, 23.7, 9999.0, 22.43, 9999.0, 22.61, 22.39, 22.2, 22.25, 22.25
2026-09-08, 02:20:13, 22.25, 22.27, 22.61, 22.66, 9999.0, 9999.0, 9999.0, 23.73, 9999.0, 22.45, 9999.0, 22.61, 22.36, 22.18, 22.25, 22.25
2026-09-08, 02:20:17, 22.25, 22.27, 22.59, 22.64, 9999.0, 9999.0, 9999.0, 23.77, 9999.0, 22.48, 9999.0, 22.59, 22.36, 22.18, 22.25, 22.25
2026-09-08, 02:20:21, 22.25, 22.27, 22.59, 22.64, 9999.0, 9999.0, 9999.0, 23.82, 9999.0, 22.48, 9999.0, 22.57, 22.36, 22.16, 22.25, 22.25
2026-09-08, 02:20:25, 22.25, 22.27, 22.59, 22.61, 9999.0, 9999.0, 9999.0, 23.84, 9999.0, 22.45, 9999.0, 22.55, 22.36, 22.14, 22.25, 22.25
2026-09-08, 02:20:29, 22.25, 22.27, 22.59, 22.64, 9999.0, 9999.0, 9999.0, 23.86, 9999.0, 22.45, 9999.0, 22.52, 22.36, 22.14, 22.25, 22.23
2026-09-08, 02:20:33, 22.25, 22.27, 22.59, 22.61, 9999.0, 9999.0, 9999.0, 23.89, 9999.0, 22.45, 9999.0, 22.5, 22.34, 22.16, 22.25, 22.23
2026-09-08, 02:20:37, 22.25, 22.27, 22.59, 22.64, 9999.0, 9999.0, 9999.0, 23.91, 9999.0, 22.43, 9999.0, 22.5, 22.32, 22.14, 22.25, 22.23
2026-09-08, 02:20:41, 22.25, 22.27, 22.59, 22.61, 9999.0, 9999.0, 9999.0, 23.95, 9999.0, 22.41, 9999.0, 22.5, 22.32, 22.14, 22.25, 22.23
2026-09-08, 02:20:45, 22.25, 22.27, 22.59, 22.59, 9999.0, 9999.0, 9999.0, 23.91, 9999.0, 22.39, 9999.0, 22.5, 22.3, 22.11, 22.25, 22.23
2026-09-08, 02:20:49, 22.25, 22.27, 22.57, 22.61, 9999.0, 9999.0, 9999.0, 23.84, 9999.0, 22.36, 9999.0, 22.52, 22.3, 22.11, 22.25, 22.23
2026-09-08, 02:20:53, 22.25, 22.25, 22.57, 22.59, 9999.0, 9999.0, 9999.0, 23.77, 9999.0, 22.34, 9999.0, 22.55, 22.27, 22.14, 22.25, 22.23
2026-09-08, 02:20:57, 22.25, 22.25, 22.55, 22.61, 9999.0, 9999.0, 9999.0, 23.73, 9999.0, 22.32, 9999.0, 22.57, 22.3, 22.16, 22.25, 22.23
2026-09-08, 02:21:01, 22.25, 22.25, 22.55, 22.64, 9999.0, 9999.0, 9999.0, 23.68, 9999.0, 22.32, 9999.0, 22.57, 22.32, 22.16, 22.25, 22.23
2026-09-08, 02:21:05, 22.25, 22.25, 22.55, 22.61, 9999.0, 9999.0, 9999.0, 23.64, 9999.0, 22.34, 9999.0, 22.57, 22.34, 22.18, 22.25, 22.23
2026-09-08, 02:21:09, 22.23, 22.25, 22.55, 22.64, 9999.0, 9999.0, 9999.0, 23.59, 9999.0, 22.39, 9999.0, 22.59, 22.36, 22.2, 22.25, 22.23
2026-09-08, 02:21:13, 22.23, 22.27, 22.55, 22.61, 9999.0, 9999.0, 9999.0, 23.57, 9999.0, 22.41, 9999.0, 22.59, 22.39, 22.18, 22.25, 22.25
2026-09-08, 02:21:17, 22.23, 22.3, 22.52, 22.61, 9999.0, 9999.0, 9999.0, 23.55, 9999.0, 22.43, 9999.0, 22.59, 22.39, 22.16, 22.25, 22.25
2026-09-08, 02:21:21, 22.23, 22.3, 22.55, 22.61, 9999.0, 9999.0, 9999.0, 23.59, 9999.0, 22.45, 9999.0, 22.59, 22.39, 22.18, 22.25, 22.25
2026-09-08, 02:21:25, 22.23, 22.3, 22.57, 22.61, 9999.0, 9999.0, 9999.0, 23.64, 9999.0, 22.48, 9999.0, 22.59, 22.39, 22.16, 22.25, 22.25
2026-09-08, 02:21:29, 22.23, 22.3, 22.57, 22.64, 9999.0, 9999.0, 9999.0, 23.66, 9999.0, 22.5, 9999.0, 22.59, 22.39, 22.18, 22.25, 22.25
2026-09-08, 02:21:33, 22.23, 22.3, 22.59, 22.61, 9999.0, 9999.0, 9999.0, 23.7, 9999.0, 22.52, 9999.0, 22.57, 22.41, 22.16, 22.25, 22.25
2026-09-08, 02:21:37, 22.23, 22.3, 22.59, 22.64, 9999.0, 9999.0, 9999.0, 23.73, 9999.0, 22.55, 9999.0, 22.55, 22.41, 22.16, 22.25, 22.25
2026-09-08, 02:21:41, 22.23, 22.3, 22.59, 22.61, 9999.0, 9999.0, 9999.0, 23.75, 9999.0, 22.57, 9999.0, 22.52, 22.39, 22.16, 22.25, 22.25
2026-09-08, 02:21:45, 22.23, 22.3, 22.59, 22.59, 9999.0, 9999.0, 9999.0, 23.77, 9999.0, 22.57, 9999.0, 22.52, 22.36, 22.14, 22.25, 22.25
2026-09-08, 02:21:49, 22.23, 22.3, 22.61, 22.59, 9999.0, 9999.0, 9999.0, 23.82, 9999.0, 22.57, 9999.0, 22.52, 22.34, 22.14, 22.25, 22.25
2026-09-08, 02:21:53, 22.25, 22.3, 22.64, 22.57, 9999.0, 9999.0, 9999.0, 23.86, 9999.0, 22.55, 9999.0, 22.5, 22.32, 22.14, 22.25, 22.25
2026-09-08, 02:21:57, 22.25, 22.27, 22.64, 22.57, 9999.0, 9999.0, 9999.0, 23.89, 9999.0, 22.52, 9999.0, 22.5, 22.3, 22.16, 22.25, 22.25
2026-09-08, 02:22:01, 22.25, 22.25, 22.66, 22.57, 9999.0, 9999.0, 9999.0, 23.91, 9999.0, 22.5, 9999.0, 22.5, 22.3, 22.18, 22.25, 22.25
2026-09-08, 02:22:05, 22.25, 22.25, 22.64, 22.55, 9999.0, 9999.0, 9999.0, 23.86, 9999.0, 22.5, 9999.0, 22.52, 22.3, 22.18, 22.25, 22.25
2026-09-08, 02:22:09, 22.25, 22.25, 22.64, 22.55, 9999.0, 9999.0, 9999.0, 23.82, 9999.0, 22.5, 9999.0, 22.55, 22.27, 22.18, 22.25, 22.25
2026-09-08, 02:22:13, 22.25, 22.25, 22.64, 22.52, 9999.0, 9999.0, 9999.0, 23.8, 9999.0, 22.5, 9999.0, 22.57, 22.27, 22.16, 22.25, 22.25
2026-09-08, 02:22:17, 22.25, 22.25, 22.61, 22.52, 9999.0, 9999.0, 9999.0, 23.75, 9999.0, 22.5, 9999.0, 22.59, 22.25, 22.16, 22.25, 22.25
2026-09-08, 02:22:21, 22.25, 22.25, 22.61, 22.5, 9999.0, 9999.0, 9999.0, 23.73, 9999.0, 22.5, 9999.0, 22.61, 22.25, 22.16, 22.25, 22.25
2026-09-08, 02:22:25, 22.25, 22.25, 22.61, 22.5, 9999.0, 9999.0, 9999.0, 23.7, 9999.0, 22.52, 9999.0, 22.64, 22.27, 22.16, 22.25, 22.25
2026-09-08, 02:22:29, 22.25, 22.25, 22.61, 22.5, 9999.0, 9999.0, 9999.0, 23.68, 9999.0, 22.55, 9999.0, 22.64, 22.27, 22.18, 22.25, 22.25
2026-09-08, 02:22:33, 22.25, 22.25, 22.61, 22.5, 9999.0, 9999.0, 9999.0, 23.64, 9999.0, 22.57, 9999.0, 22.64, 22.3, 22.18, 22.25, 22.25
2026-09-08, 02:22:37, 22.25, 22.25, 22.61, 22.5, 9999.0, 9999.0, 9999.0, 23.68, 9999.0, 22.59, 9999.0, 22.64, 22.32, 22.18, 22.25, 22.25
2026-09-08, 02:22:41, 22.25, 22.25, 22.61, 22.5, 9999.0, 9999.0, 9999.0, 23.73, 9999.0, 22.61, 9999.0, 22.64, 22.32, 22.16, 22.25, 22.25
2026-09-08, 02:22:45, 22.25, 22.25, 22.61, 22.52, 9999.0, 9999.0, 9999.0, 23.75, 9999.0, 22.61, 9999.0, 22.64, 22.34, 22.14, 22.25, 22.25
2026-09-08, 02:22:49, 22.25, 22.25, 22.64, 22.55, 9999.0, 9999.0, 9999.0, 23.77, 9999.0, 22.61, 9999.0, 22.61, 22.34, 22.11, 22.25, 22.25
2026-09-08, 02:22:53, 22.25, 22.25, 22.61, 22.55, 9999.0, 9999.0, 9999.0, 23.8, 9999.0, 22.61, 9999.0, 22.59, 22.34, 22.14, 22.25, 22.25
2026-09-08, 02:22:57, 22.25, 22.25, 22.64, 22.55, 9999.0, 9999.0, 9999.0, 23.82, 9999.0, 22.61, 9999.0, 22.57, 22.34, 22.14, 22.25, 22.25
2026-09-08, 02:23:02, 22.25, 22.25, 22.66, 22.55, 9999.0, 9999.0, 9999.0, 23.84, 9999.0, 22.61, 9999.0, 22.55, 22.34, 22.14, 22.25, 22.25
2026-09-08, 02:23:06, 22.25, 22.25, 22.68, 22.55, 9999.0, 9999.0, 9999.0, 23.86, 9999.0, 22.61, 9999.0, 22.52, 22.34, 22.14, 22.25, 22.25
2026-09-08, 02:23:10, 22.25, 22.25, 22.68, 22.55, 9999.0, 9999.0, 9999.0, 23.91, 9999.0, 22.59, 9999.0, 22.5, 22.32, 22.11, 22.25, 22.25
2026-09-08, 02:23:14, 22.25, 22.25, 22.68, 22.55, 9999.0, 9999.0, 9999.0, 23.93, 9999.0, 22.57, 9999.0, 22.5, 22.32, 22.11, 22.25, 22.23
2026-09-08, 02:23:18, 22.25, 22.25, 22.68, 22.55, 9999.0, 9999.0, 9999.0, 23.95, 9999.0, 22.55, 9999.0, 22.5, 22.3, 22.11, 22.25, 22.23
2026-09-08, 02:23:22, 22.25, 22.25, 22.68, 22.55, 9999.0, 9999.0, 9999.0, 23.91, 9999.0, 22.52, 9999.0, 22.5, 22.27, 22.09, 22.25, 22.23
2026-09-08, 02:23:26, 22.25, 22.25, 22.68, 22.55, 9999.0, 9999.0, 9999.0, 23.86, 9999.0, 22.5, 9999.0, 22.52, 22.27, 22.11, 22.25, 22.23
2026-09-08, 02:23:30, 22.25, 22.25, 22.66, 22.55, 9999.0, 9999.0, 9999.0, 23.84, 9999.0, 22.5, 9999.0, 22.55, 22.25, 22.14, 22.25, 22.23
2026-09-08, 02:23:34, 22.25, 22.25, 22.64, 22.52, 9999.0, 9999.0, 9999.0, 23.82, 9999.0, 22.5, 9999.0, 22.57, 22.25, 22.14, 22.25, 22.23
2026-09-08, 02:23:38, 22.23, 22.25, 22.64, 22.55, 9999.0, 9999.0, 9999.0, 23.77, 9999.0, 22.52, 9999.0, 22.57, 22.25, 22.14, 22.25, 22.23
2026-09-08, 02:23:42, 22.2, 22.25, 22.64, 22.55, 9999.0, 9999.0, 9999.0, 23.73, 9999.0, 22.55, 9999.0, 22.57, 22.27, 22.14, 22.25, 22.23
2026-09-08, 02:23:46, 22.2, 22.25, 22.61, 22.55, 9999.0, 9999.0, 9999.0, 23.7, 9999.0, 22.57, 9999.0, 22.59, 22.3, 22.14, 22.25, 22.23
2026-09-08, 02:23:50, 22.2, 22.25, 22.59, 22.55, 9999.0, 9999.0, 9999.0, 23.68, 9999.0, 22.59, 9999.0, 22.59, 22.32, 22.14, 22.25, 22.23
2026-09-08, 02:23:54, 22.2, 22.25, 22.59, 22.55, 9999.0, 9999.0, 9999.0, 23.7, 9999.0, 22.61, 9999.0, 22.59, 22.34, 22.16, 22.25, 22.23
2026-09-08, 02:23:58, 22.2, 22.25, 22.61, 22.55, 9999.0, 9999.0, 9999.0, 23.75, 9999.0, 22.64, 9999.0, 22.59, 22.34, 22.14, 22.25, 22.25
2026-09-08, 02:24:02, 22.2, 22.25, 22.59, 22.55, 9999.0, 9999.0, 9999.0, 23.77, 9999.0, 22.66, 9999.0, 22.59, 22.36, 22.11, 22.25, 22.25
2026-09-08, 02:24:06, 22.2, 22.25, 22.59, 22.55, 9999.0, 9999.0, 9999.0, 23.8, 9999.0, 22.66, 9999.0, 22.59, 22.36, 22.14, 22.25, 22.25
2026-09-08, 02:24:10, 22.2, 22.25, 22.57, 22.55, 9999.0, 9999.0, 9999.0, 23.82, 9999.0, 22.66, 9999.0, 22.57, 22.36, 22.14, 22.25, 22.25
2026-09-08, 02:24:14, 22.2, 22.27, 22.57, 22.52, 9999.0, 9999.0, 9999.0, 23.84, 9999.0, 22.66, 9999.0, 22.55, 22.36, 22.14, 22.25, 22.25
2026-09-08, 02:24:18, 22.2, 22.27, 22.59, 22.52, 9999.0, 9999.0, 9999.0, 23.84, 9999.0, 22.66, 9999.0, 22.52, 22.36, 22.16, 22.25, 22.25
2026-09-08, 02:24:22, 22.23, 22.27, 22.61, 22.5, 9999.0, 9999.0, 9999.0, 23.89, 9999.0, 22.64, 9999.0, 22.52, 22.36, 22.14, 22.25, 22.25
2026-09-08, 02:24:26, 22.25, 22.27, 22.59, 22.52, 9999.0, 9999.0, 9999.0, 23.93, 9999.0, 22.61, 9999.0, 22.52, 22.34, 22.14, 22.25, 22.23
2026-09-08, 02:24:30, 22.25, 22.27, 22.59, 22.52, 9999.0, 9999.0, 9999.0, 23.98, 9999.0, 22.59, 9999.0, 22.5, 22.32, 22.16, 22.25, 22.23
2026-09-08, 02:24:34, 22.25, 22.27, 22.61, 22.52, 9999.0, 9999.0, 9999.0, 24.0, 9999.0, 22.57, 9999.0, 22.5, 22.3, 22.14, 22.25, 22.23
2026-09-08, 02:24:38, 22.23, 22.27, 22.64, 22.52, 9999.0, 9999.0, 9999.0, 23.95, 9999.0, 22.55, 9999.0, 22.52, 22.27, 22.11, 22.25, 22.23
2026-09-08, 02:24:42, 22.23, 22.27, 22.64, 22.52, 9999.0, 9999.0, 9999.0, 23.91, 9999.0, 22.52, 9999.0, 22.55, 22.27, 22.11, 22.25, 22.23
2026-09-08, 02:24:46, 22.23, 22.27, 22.64, 22.52, 9999.0, 9999.0, 9999.0, 23.89, 9999.0, 22.5, 9999.0, 22.55, 22.25, 22.14, 22.25, 22.23
2026-09-08, 02:24:50, 22.23, 22.27, 22.61, 22.52, 9999.0, 9999.0, 9999.0, 23.86, 9999.0, 22.5, 9999.0, 22.55, 22.25, 22.14, 22.25, 22.2
2026-09-08, 02:24:54, 22.23, 22.27, 22.61, 22.52, 9999.0, 9999.0, 9999.0, 23.82, 9999.0, 22.5, 9999.0, 22.55, 22.25, 22.14, 22.25, 22.2
2026-09-08, 02:24:58, 22.23, 22.25, 22.61, 22.52, 9999.0, 9999.0, 9999.0, 23.77, 9999.0, 22.5, 9999.0, 22.57, 22.25, 22.11, 22.25, 22.18
2026-09-08, 02:25:02, 22.23, 22.25, 22.61, 22.52, 9999.0, 9999.0, 9999.0, 23.75, 9999.0, 22.52, 9999.0, 22.57, 22.25, 22.11, 22.25, 22.18
2026-09-08, 02:25:06, 22.23, 22.25, 22.59, 22.52, 9999.0, 9999.0, 9999.0, 23.7, 9999.0, 22.55, 9999.0, 22.57, 22.25, 22.11, 22.25, 22.16
2026-09-08, 02:25:10, 22.23, 22.25, 22.59, 22.5, 9999.0, 9999.0, 9999.0, 23.73, 9999.0, 22.55, 9999.0, 22.57, 22.25, 22.14, 22.25, 22.18
2026-09-08, 02:25:14, 22.23, 22.25, 22.59, 22.52, 9999.0, 9999.0, 9999.0, 23.75, 9999.0, 22.55, 9999.0, 22.57, 22.27, 22.14, 22.23, 22.18
2026-09-08, 02:25:18, 22.23, 22.25, 22.59, 22.52, 9999.0, 9999.0, 9999.0, 23.8, 9999.0, 22.55, 9999.0, 22.57, 22.27, 22.14, 22.23, 22.18
2026-09-08, 02:25:22, 22.25, 22.25, 22.57, 22.52, 9999.0, 9999.0, 9999.0, 23.82, 9999.0, 22.57, 9999.0, 22.55, 22.3, 22.14, 22.23, 22.18
2026-09-08, 02:25:26, 22.25, 22.25, 22.55, 22.52, 9999.0, 9999.0, 9999.0, 23.84, 9999.0, 22.57, 9999.0, 22.52, 22.3, 22.16, 22.23, 22.18
2026-09-08, 02:25:30, 22.25, 22.25, 22.55, 22.52, 9999.0, 9999.0, 9999.0, 23.86, 9999.0, 22.57, 9999.0, 22.52, 22.3, 22.14, 22.2, 22.18
2026-09-08, 02:25:34, 22.25, 22.25, 22.55, 22.52, 9999.0, 9999.0, 9999.0, 23.89, 9999.0, 22.57, 9999.0, 22.52, 22.3, 22.11, 22.2, 22.2
2026-09-08, 02:25:38, 22.25, 22.25, 22.55, 22.52, 9999.0, 9999.0, 9999.0, 23.93, 9999.0, 22.57, 9999.0, 22.52, 22.3, 22.09, 22.2, 22.2
2026-09-08, 02:25:42, 22.25, 22.25, 22.55, 22.52, 9999.0, 9999.0, 9999.0, 23.98, 9999.0, 22.57, 9999.0, 22.5, 22.3, 22.11, 22.2, 22.2
2026-09-08, 02:25:46, 22.25, 22.25, 22.52, 22.52, 9999.0, 9999.0, 9999.0, 24.0, 9999.0, 22.55, 9999.0, 22.5, 22.32, 22.09, 22.2, 22.2
2026-09-08, 02:25:50, 22.25, 22.25, 22.52, 22.52, 9999.0, 9999.0, 9999.0, 24.02, 9999.0, 22.5, 9999.0, 22.5, 22.32, 22.11, 22.2, 22.23
2026-09-08, 02:25:54, 22.25, 22.25, 22.52, 22.52, 9999.0, 9999.0, 9999.0, 23.98, 9999.0, 22.48, 9999.0, 22.5, 22.32, 22.09, 22.2, 22.23
2026-09-08, 02:25:58, 22.25, 22.25, 22.52, 22.5, 9999.0, 9999.0, 9999.0, 23.93, 9999.0, 22.48, 9999.0, 22.52, 22.3, 22.09, 22.23, 22.2
2026-09-08, 02:26:02, 22.25, 22.25, 22.5, 22.5, 9999.0, 9999.0, 9999.0, 23.89, 9999.0, 22.48, 9999.0, 22.52, 22.3, 22.11, 22.23, 22.2
2026-09-08, 02:26:06, 22.25, 22.25, 22.5, 22.5, 9999.0, 9999.0, 9999.0, 23.86, 9999.0, 22.45, 9999.0, 22.55, 22.27, 22.11, 22.23, 22.18
2026-09-08, 02:26:10, 22.23, 22.25, 22.5, 22.5, 9999.0, 9999.0, 9999.0, 23.82, 9999.0, 22.45, 9999.0, 22.55, 22.27, 22.09, 22.23, 22.18
2026-09-08, 02:26:14, 22.23, 22.25, 22.5, 22.5, 9999.0, 9999.0, 9999.0, 23.77, 9999.0, 22.48, 9999.0, 22.55, 22.27, 22.09, 22.25, 22.16
2026-09-08, 02:26:18, 22.23, 22.25, 22.5, 22.5, 9999.0, 9999.0, 9999.0, 23.73, 9999.0, 22.5, 9999.0, 22.57, 22.3, 22.09, 22.25, 22.14
2026-09-08, 02:26:22, 22.23, 22.25, 22.5, 22.5, 9999.0, 9999.0, 9999.0, 23.68, 9999.0, 22.52, 9999.0, 22.57, 22.32, 22.09, 22.25, 22.11
2026-09-08, 02:26:26, 22.23, 22.25, 22.5, 22.5, 9999.0, 9999.0, 9999.0, 23.7, 9999.0, 22.55, 9999.0, 22.57, 22.32, 22.09, 22.25, 22.11
2026-09-08, 02:26:30, 22.23, 22.25, 22.52, 22.5, 9999.0, 9999.0, 9999.0, 23.75, 9999.0, 22.55, 9999.0, 22.57, 22.3, 22.09, 22.23, 22.11
2026-09-08, 02:26:34, 22.23, 22.25, 22.52, 22.5, 9999.0, 9999.0, 9999.0, 23.8, 9999.0, 22.59, 9999.0, 22.57, 22.3, 22.09, 22.23, 22.09
2026-09-08, 02:26:38, 22.23, 22.25, 22.52, 22.5, 9999.0, 9999.0, 9999.0, 23.82, 9999.0, 22.61, 9999.0, 22.57, 22.3, 22.09, 22.23, 22.07
2026-09-08, 02:26:42, 22.23, 22.25, 22.52, 22.5, 9999.0, 9999.0, 9999.0, 23.84, 9999.0, 22.61, 9999.0, 22.55, 22.32, 22.07, 22.23, 22.07
2026-09-08, 02:26:46, 22.23, 22.25, 22.52, 22.5, 9999.0, 9999.0, 9999.0, 23.86, 9999.0, 22.61, 9999.0, 22.55, 22.32, 22.05, 22.23, 22.05
2026-09-08, 02:26:50, 22.23, 22.25, 22.52, 22.5, 9999.0, 9999.0, 9999.0, 23.89, 9999.0, 22.61, 9999.0, 22.5, 22.32, 22.05, 22.23, 22.05
2026-09-08, 02:26:55, 22.25, 22.25, 22.52, 22.5, 9999.0, 9999.0, 9999.0, 23.93, 9999.0, 22.61, 9999.0, 22.48, 22.32, 22.07, 22.2, 22.05
2026-09-08, 02:26:59, 22.23, 22.25, 22.52, 22.5, 9999.0, 9999.0, 9999.0, 23.98, 9999.0, 22.59, 9999.0, 22.45, 22.32, 22.07, 22.2, 22.05
2026-09-08, 02:27:03, 22.23, 22.25, 22.52, 22.5, 9999.0, 9999.0, 9999.0, 24.02, 9999.0, 22.57, 9999.0, 22.43, 22.3, 22.07, 22.18, 22.07
2026-09-08, 02:27:07, 22.23, 22.25, 22.52, 22.5, 9999.0, 9999.0, 9999.0, 24.05, 9999.0, 22.55, 9999.0, 22.43, 22.27, 22.07, 22.18, 22.07
2026-09-08, 02:27:11, 22.23, 22.25, 22.52, 22.5, 9999.0, 9999.0, 9999.0, 24.0, 9999.0, 22.52, 9999.0, 22.43, 22.27, 22.05, 22.18, 22.07
2026-09-08, 02:27:15, 22.23, 22.25, 22.5, 22.5, 9999.0, 9999.0, 9999.0, 23.95, 9999.0, 22.5, 9999.0, 22.45, 22.3, 22.05, 22.2, 22.07
2026-09-08, 02:27:19, 22.23, 22.25, 22.5, 22.5, 9999.0, 9999.0, 9999.0, 23.91, 9999.0, 22.45, 9999.0, 22.48, 22.3, 22.02, 22.2, 22.07
2026-09-08, 02:27:23, 22.23, 22.25, 22.5, 22.5, 9999.0, 9999.0, 9999.0, 23.86, 9999.0, 22.45, 9999.0, 22.5, 22.3, 22.05, 22.2, 22.09
2026-09-08, 02:27:27, 22.23, 22.25, 22.5, 22.5, 9999.0, 9999.0, 9999.0, 23.84, 9999.0, 22.45, 9999.0, 22.5, 22.27, 22.05, 22.2, 22.09
2026-09-08, 02:27:31, 22.23, 22.25, 22.5, 22.5, 9999.0, 9999.0, 9999.0, 23.8, 9999.0, 22.45, 9999.0, 22.5, 22.3, 22.07, 22.18, 22.09
2026-09-08, 02:27:35, 22.23, 22.25, 22.5, 22.5, 9999.0, 9999.0, 9999.0, 23.75, 9999.0, 22.48, 9999.0, 22.52, 22.3, 22.07, 22.18, 22.09
2026-09-08, 02:27:39, 22.23, 22.25, 22.5, 22.5, 9999.0, 9999.0, 9999.0, 23.7, 9999.0, 22.5, 9999.0, 22.55, 22.3, 22.05, 22.2, 22.07
2026-09-08, 02:27:43, 22.23, 22.27, 22.5, 22.5, 9999.0, 9999.0, 9999.0, 23.66, 9999.0, 22.5, 9999.0, 22.57, 22.3, 22.05, 22.2, 22.07
2026-09-08, 02:27:47, 22.23, 22.27, 22.5, 22.5, 9999.0, 9999.0, 9999.0, 23.68, 9999.0, 22.52, 9999.0, 22.57, 22.3, 22.07, 22.2, 22.07
2026-09-08, 02:27:51, 22.23, 22.27, 22.5, 22.5, 9999.0, 9999.0, 9999.0, 23.73, 9999.0, 22.52, 9999.0, 22.57, 22.3, 22.09, 22.2, 22.09
2026-09-08, 02:27:55, 22.23, 22.27, 22.5, 22.5, 9999.0, 9999.0, 9999.0, 23.75, 9999.0, 22.52, 9999.0, 22.57, 22.3, 22.09, 22.2, 22.09
2026-09-08, 02:27:59, 22.23, 22.27, 22.5, 22.5, 9999.0, 9999.0, 9999.0, 23.77, 9999.0, 22.55, 9999.0, 22.55, 22.27, 22.09, 22.18, 22.09
2026-09-08, 02:28:03, 22.23, 22.27, 22.5, 22.5, 9999.0, 9999.0, 9999.0, 23.8, 9999.0, 22.57, 9999.0, 22.52, 22.27, 22.11, 22.18, 22.09
2026-09-08, 02:28:07, 22.23, 22.27, 22.52, 22.5, 9999.0, 9999.0, 9999.0, 23.84, 9999.0, 22.57, 9999.0, 22.5, 22.27, 22.11, 22.16, 22.09
2026-09-08, 02:28:11, 22.23, 22.27, 22.52, 22.5, 9999.0, 9999.0, 9999.0, 23.84, 9999.0, 22.57, 9999.0, 22.5, 22.27, 22.11, 22.16, 22.11
2026-09-08, 02:28:15, 22.2, 22.27, 22.52, 22.5, 9999.0, 9999.0, 9999.0, 23.89, 9999.0, 22.57, 9999.0, 22.5, 22.25, 22.09, 22.18, 22.11
2026-09-08, 02:28:19, 22.2, 22.27, 22.52, 22.5, 9999.0, 9999.0, 9999.0, 23.93, 9999.0, 22.52, 9999.0, 22.48, 22.25, 22.11, 22.18, 22.11
2026-09-08, 02:28:23, 22.18, 22.27, 22.52, 22.5, 9999.0, 9999.0, 9999.0, 23.98, 9999.0, 22.48, 9999.0, 22.48, 22.25, 22.11, 22.18, 22.11
2026-09-08, 02:28:27, 22.2, 22.25, 22.52, 22.5, 9999.0, 9999.0, 9999.0, 24.0, 9999.0, 22.45, 9999.0, 22.48, 22.25, 22.11, 22.18, 22.11
2026-09-08, 02:28:31, 22.2, 22.25, 22.52, 22.5, 9999.0, 9999.0, 9999.0, 23.95, 9999.0, 22.41, 9999.0, 22.5, 22.25, 22.11, 22.2, 22.09
2026-09-08, 02:28:35, 22.18, 22.25, 22.52, 22.52, 9999.0, 9999.0, 9999.0, 23.91, 9999.0, 22.39, 9999.0, 22.52, 22.25, 22.11, 22.18, 22.07
2026-09-08, 02:28:39, 22.18, 22.25, 22.52, 22.52, 9999.0, 9999.0, 9999.0, 23.89, 9999.0, 22.36, 9999.0, 22.55, 22.25, 22.14, 22.18, 22.09
2026-09-08, 02:28:43, 22.18, 22.25, 22.52, 22.52, 9999.0, 9999.0, 9999.0, 23.86, 9999.0, 22.36, 9999.0, 22.55, 22.25, 22.14, 22.2, 22.07
2026-09-08, 02:28:47, 22.18, 22.25, 22.52, 22.52, 9999.0, 9999.0, 9999.0, 23.82, 9999.0, 22.36, 9999.0, 22.55, 22.25, 22.14, 22.2, 22.09
2026-09-08, 02:28:51, 22.18, 22.25, 22.5, 22.52, 9999.0, 9999.0, 9999.0, 23.77, 9999.0, 22.36, 9999.0, 22.55, 22.27, 22.14, 22.23, 22.07
2026-09-08, 02:28:55, 22.18, 22.25, 22.5, 22.52, 9999.0, 9999.0, 9999.0, 23.75, 9999.0, 22.36, 9999.0, 22.55, 22.3, 22.14, 22.23, 22.07
2026-09-08, 02:28:59, 22.2, 22.25, 22.52, 22.52, 9999.0, 9999.0, 9999.0, 23.7, 9999.0, 22.36, 9999.0, 22.55, 22.32, 22.14, 22.23, 22.09
2026-09-08, 02:29:03, 22.2, 22.25, 22.52, 22.52, 9999.0, 9999.0, 9999.0, 23.73, 9999.0, 22.39, 9999.0, 22.57, 22.32, 22.14, 22.23, 22.09
2026-09-08, 02:29:07, 22.2, 22.27, 22.52, 22.52, 9999.0, 9999.0, 9999.0, 23.75, 9999.0, 22.41, 9999.0, 22.57, 22.32, 22.14, 22.23, 22.11
2026-09-08, 02:29:11, 22.18, 22.27, 22.52, 22.55, 9999.0, 9999.0, 9999.0, 23.8, 9999.0, 22.43, 9999.0, 22.57, 22.32, 22.14, 22.2, 22.14
2026-09-08, 02:29:15, 22.18, 22.27, 22.52, 22.55, 9999.0, 9999.0, 9999.0, 23.82, 9999.0, 22.45, 9999.0, 22.55, 22.34, 22.14, 22.2, 22.16
2026-09-08, 02:29:19, 22.2, 22.27, 22.52, 22.52, 9999.0, 9999.0, 9999.0, 23.84, 9999.0, 22.48, 9999.0, 22.52, 22.34, 22.14, 22.2, 22.18
2026-09-08, 02:29:23, 22.2, 22.27, 22.55, 22.52, 9999.0, 9999.0, 9999.0, 23.86, 9999.0, 22.48, 9999.0, 22.5, 22.34, 22.11, 22.18, 22.16
2026-09-08, 02:29:27, 22.2, 22.27, 22.55, 22.52, 9999.0, 9999.0, 9999.0, 23.86, 9999.0, 22.45, 9999.0, 22.5, 22.34, 22.11, 22.18, 22.18
2026-09-08, 02:29:31, 22.18, 22.27, 22.55, 22.55, 9999.0, 9999.0, 9999.0, 23.89, 9999.0, 22.45, 9999.0, 22.48, 22.34, 22.09, 22.18, 22.18
2026-09-08, 02:29:35, 22.18, 22.27, 22.57, 22.55, 9999.0, 9999.0, 9999.0, 23.91, 9999.0, 22.45, 9999.0, 22.45, 22.32, 22.07, 22.16, 22.2
2026-09-08, 02:29:39, 22.18, 22.27, 22.59, 22.57, 9999.0, 9999.0, 9999.0, 23.93, 9999.0, 22.43, 9999.0, 22.45, 22.3, 22.07, 22.16, 22.2
2026-09-08, 02:29:43, 22.18, 22.3, 22.57, 22.57, 9999.0, 9999.0, 9999.0, 23.95, 9999.0, 22.41, 9999.0, 22.45, 22.27, 22.07, 22.14, 22.18
2026-09-08, 02:29:47, 22.18, 22.3, 22.57, 22.57, 9999.0, 9999.0, 9999.0, 23.91, 9999.0, 22.39, 9999.0, 22.45, 22.27, 22.07, 22.14, 22.18
2026-09-08, 02:29:51, 22.18, 22.27, 22.57, 22.57, 9999.0, 9999.0, 9999.0, 23.86, 9999.0, 22.36, 9999.0, 22.48, 22.3, 22.07, 22.14, 22.18
2026-09-08, 02:29:55, 22.18, 22.27, 22.57, 22.57, 9999.0, 9999.0, 9999.0, 23.82, 9999.0, 22.34, 9999.0, 22.5, 22.3, 22.07, 22.16, 22.16
2026-09-08, 02:29:59, 22.18, 22.27, 22.57, 22.57, 9999.0, 9999.0, 9999.0, 23.77, 9999.0, 22.34, 9999.0, 22.52, 22.27, 22.07, 22.16, 22.16
2026-09-08, 02:30:03, 22.18, 22.27, 22.59, 22.57, 9999.0, 9999.0, 9999.0, 23.73, 9999.0, 22.34, 9999.0, 22.52, 22.27, 22.05, 22.18, 22.14
2026-09-08, 02:30:07, 22.18, 22.27, 22.57, 22.57, 9999.0, 9999.0, 9999.0, 23.68, 9999.0, 22.36, 9999.0, 22.52, 22.27, 22.05, 22.2, 22.14
2026-09-08, 02:30:11, 22.18, 22.27, 22.57, 22.59, 9999.0, 9999.0, 9999.0, 23.66, 9999.0, 22.39, 9999.0, 22.52, 22.27, 22.07, 22.18, 22.14
2026-09-08, 02:30:15, 22.2, 22.27, 22.57, 22.57, 9999.0, 9999.0, 9999.0, 23.64, 9999.0, 22.41, 9999.0, 22.55, 22.3, 22.09, 22.16, 22.14
2026-09-08, 02:30:19, 22.2, 22.27, 22.55, 22.57, 9999.0, 9999.0, 9999.0, 23.68, 9999.0, 22.41, 9999.0, 22.57, 22.3, 22.11, 22.18, 22.11
2026-09-08, 02:30:23, 22.2, 22.27, 22.52, 22.55, 9999.0, 9999.0, 9999.0, 23.73, 9999.0, 22.45, 9999.0, 22.57, 22.3, 22.11, 22.16, 22.11
2026-09-08, 02:30:27, 22.2, 22.25, 22.52, 22.55, 9999.0, 9999.0, 9999.0, 23.75, 9999.0, 22.48, 9999.0, 22.57, 22.32, 22.11, 22.16, 22.11
2026-09-08, 02:30:31, 22.2, 22.25, 22.52, 22.55, 9999.0, 9999.0, 9999.0, 23.77, 9999.0, 22.5, 9999.0, 22.57, 22.32, 22.09, 22.14, 22.11
2026-09-08, 02:30:36, 22.2, 22.25, 22.52, 22.57, 9999.0, 9999.0, 9999.0, 23.8, 9999.0, 22.52, 9999.0, 22.55, 22.3, 22.09, 22.14, 22.11
2026-09-08, 02:30:40, 22.23, 22.25, 22.52, 22.55, 9999.0, 9999.0, 9999.0, 23.82, 9999.0, 22.52, 9999.0, 22.52, 22.3, 22.09, 22.11, 22.11
2026-09-08, 02:30:44, 22.23, 22.25, 22.52, 22.55, 9999.0, 9999.0, 9999.0, 23.84, 9999.0, 22.52, 9999.0, 22.5, 22.3, 22.09, 22.09, 22.11
2026-09-08, 02:30:48, 22.23, 22.25, 22.5, 22.55, 9999.0, 9999.0, 9999.0, 23.86, 9999.0, 22.52, 9999.0, 22.48, 22.3, 22.09, 22.09, 22.11
2026-09-08, 02:30:52, 22.2, 22.25, 22.5, 22.55, 9999.0, 9999.0, 9999.0, 23.91, 9999.0, 22.5, 9999.0, 22.48, 22.3, 22.09, 22.09, 22.14
2026-09-08, 02:30:56, 22.2, 22.25, 22.5, 22.52, 9999.0, 9999.0, 9999.0, 23.95, 9999.0, 22.48, 9999.0, 22.48, 22.3, 22.09, 22.09, 22.14
2026-09-08, 02:31:00, 22.2, 22.25, 22.5, 22.52, 9999.0, 9999.0, 9999.0, 24.0, 9999.0, 22.43, 9999.0, 22.48, 22.27, 22.07, 22.11, 22.14
2026-09-08, 02:31:04, 22.2, 22.25, 22.52, 22.55, 9999.0, 9999.0, 9999.0, 23.95, 9999.0, 22.41, 9999.0, 22.48, 22.27, 22.05, 22.11, 22.14
2026-09-08, 02:31:08, 22.2, 22.25, 22.55, 22.55, 9999.0, 9999.0, 9999.0, 23.91, 9999.0, 22.36, 9999.0, 22.5, 22.27, 22.05, 22.14, 22.14
2026-09-08, 02:31:12, 22.2, 22.25, 22.55, 22.55, 9999.0, 9999.0, 9999.0, 23.89, 9999.0, 22.32, 9999.0, 22.52, 22.25, 22.07, 22.16, 22.14
2026-09-08, 02:31:16, 22.2, 22.25, 22.55, 22.55, 9999.0, 9999.0, 9999.0, 23.86, 9999.0, 22.3, 9999.0, 22.55, 22.25, 22.07, 22.18, 22.14
2026-09-08, 02:31:20, 22.23, 22.25, 22.55, 22.52, 9999.0, 9999.0, 9999.0, 23.82, 9999.0, 22.3, 9999.0, 22.57, 22.25, 22.07, 22.18, 22.11
2026-09-08, 02:31:24, 22.23, 22.25, 22.55, 22.52, 9999.0, 9999.0, 9999.0, 23.77, 9999.0, 22.32, 9999.0, 22.57, 22.25, 22.07, 22.2, 22.14
2026-09-08, 02:31:28, 22.23, 22.25, 22.55, 22.52, 9999.0, 9999.0, 9999.0, 23.75, 9999.0, 22.32, 9999.0, 22.57, 22.27, 22.05, 22.23, 22.11
2026-09-08, 02:31:32, 22.23, 22.25, 22.55, 22.52, 9999.0, 9999.0, 9999.0, 23.73, 9999.0, 22.34, 9999.0, 22.59, 22.27, 22.05, 22.23, 22.14
2026-09-08, 02:31:36, 22.23, 22.25, 22.55, 22.55, 9999.0, 9999.0, 9999.0, 23.68, 9999.0, 22.36, 9999.0, 22.59, 22.3, 22.07, 22.23, 22.14
2026-09-08, 02:31:40, 22.2, 22.25, 22.57, 22.55, 9999.0, 9999.0, 9999.0, 23.7, 9999.0, 22.39, 9999.0, 22.59, 22.32, 22.05, 22.23, 22.14
2026-09-08, 02:31:44, 22.2, 22.25, 22.57, 22.55, 9999.0, 9999.0, 9999.0, 23.73, 9999.0, 22.41, 9999.0, 22.59, 22.32, 22.05, 22.2, 22.14
2026-09-08, 02:31:48, 22.2, 22.25, 22.57, 22.52, 9999.0, 9999.0, 9999.0, 23.75, 9999.0, 22.43, 9999.0, 22.59, 22.32, 22.05, 22.2, 22.14
2026-09-08, 02:31:52, 22.18, 22.25, 22.57, 22.52, 9999.0, 9999.0, 9999.0, 23.77, 9999.0, 22.45, 9999.0, 22.57, 22.32, 22.05, 22.2, 22.11
2026-09-08, 02:31:56, 22.16, 22.25, 22.57, 22.52, 9999.0, 9999.0, 9999.0, 23.8, 9999.0, 22.5, 9999.0, 22.55, 22.32, 22.05, 22.2, 22.14
2026-09-08, 02:32:00, 22.16, 22.25, 22.59, 22.55, 9999.0, 9999.0, 9999.0, 23.8, 9999.0, 22.52, 9999.0, 22.5, 22.32, 22.05, 22.2, 22.14
2026-09-08, 02:32:04, 22.14, 22.25, 22.59, 22.55, 9999.0, 9999.0, 9999.0, 23.82, 9999.0, 22.5, 9999.0, 22.48, 22.32, 22.05, 22.2, 22.16
2026-09-08, 02:32:08, 22.14, 22.25, 22.59, 22.55, 9999.0, 9999.0, 9999.0, 23.86, 9999.0, 22.48, 9999.0, 22.48, 22.32, 22.05, 22.2, 22.14
2026-09-08, 02:32:12, 22.14, 22.25, 22.59, 22.57, 9999.0, 9999.0, 9999.0, 23.89, 9999.0, 22.45, 9999.0, 22.48, 22.3, 22.07, 22.2, 22.14
2026-09-08, 02:32:16, 22.14, 22.25, 22.61, 22.57, 9999.0, 9999.0, 9999.0, 23.93, 9999.0, 22.41, 9999.0, 22.48, 22.3, 22.09, 22.2, 22.11
2026-09-08, 02:32:20, 22.16, 22.27, 22.61, 22.55, 9999.0, 9999.0, 9999.0, 23.95, 9999.0, 22.39, 9999.0, 22.48, 22.27, 22.07, 22.18, 22.09
2026-09-08, 02:32:24, 22.18, 22.27, 22.59, 22.55, 9999.0, 9999.0, 9999.0, 23.91, 9999.0, 22.36, 9999.0, 22.48, 22.25, 22.09, 22.2, 22.09
2026-09-08, 02:32:28, 22.18, 22.27, 22.59, 22.55, 9999.0, 9999.0, 9999.0, 23.86, 9999.0, 22.34, 9999.0, 22.5, 22.25, 22.11, 22.23, 22.07
2026-09-08, 02:32:32, 22.16, 22.27, 22.57, 22.55, 9999.0, 9999.0, 9999.0, 23.82, 9999.0, 22.32, 9999.0, 22.52, 22.27, 22.11, 22.23, 22.09
2026-09-08, 02:32:36, 22.18, 22.27, 22.57, 22.57, 9999.0, 9999.0, 9999.0, 23.8, 9999.0, 22.32, 9999.0, 22.52, 22.27, 22.11, 22.23, 22.09
2026-09-08, 02:32:40, 22.18, 22.3, 22.57, 22.57, 9999.0, 9999.0, 9999.0, 23.75, 9999.0, 22.3, 9999.0, 22.55, 22.27, 22.09, 22.23, 22.09
2026-09-08, 02:32:44, 22.18, 22.3, 22.55, 22.57, 9999.0, 9999.0, 9999.0, 23.73, 9999.0, 22.27, 9999.0, 22.59, 22.27, 22.09, 22.23, 22.09
2026-09-08, 02:32:48, 22.2, 22.3, 22.57, 22.57, 9999.0, 9999.0, 9999.0, 23.7, 9999.0, 22.3, 9999.0, 22.61, 22.3, 22.11, 22.23, 22.09
2026-09-08, 02:32:52, 22.2, 22.3, 22.59, 22.57, 9999.0, 9999.0, 9999.0, 23.66, 9999.0, 22.32, 9999.0, 22.61, 22.3, 22.14, 22.23, 22.11
2026-09-08, 02:32:56, 22.2, 22.3, 22.59, 22.55, 9999.0, 9999.0, 9999.0, 23.7, 9999.0, 22.34, 9999.0, 22.61, 22.3, 22.11, 22.23, 22.11
2026-09-08, 02:33:00, 22.2, 22.3, 22.57, 22.57, 9999.0, 9999.0, 9999.0, 23.7, 9999.0, 22.36, 9999.0, 22.61, 22.32, 22.09, 22.23, 22.14
2026-09-08, 02:33:04, 22.2, 22.27, 22.59, 22.59, 9999.0, 9999.0, 9999.0, 23.73, 9999.0, 22.39, 9999.0, 22.61, 22.34, 22.09, 22.25, 22.16
2026-09-08, 02:33:08, 22.18, 22.27, 22.59, 22.61, 9999.0, 9999.0, 9999.0, 23.75, 9999.0, 22.39, 9999.0, 22.61, 22.34, 22.09, 22.25, 22.14
2026-09-08, 02:33:12, 22.18, 22.27, 22.59, 22.61, 9999.0, 9999.0, 9999.0, 23.77, 9999.0, 22.39, 9999.0, 22.59, 22.34, 22.07, 22.25, 22.14
2026-09-08, 02:33:16, 22.2, 22.27, 22.59, 22.61, 9999.0, 9999.0, 9999.0, 23.82, 9999.0, 22.39, 9999.0, 22.57, 22.32, 22.09, 22.25, 22.11
2026-09-08, 02:33:20, 22.18, 22.27, 22.57, 22.59, 9999.0, 9999.0, 9999.0, 23.82, 9999.0, 22.36, 9999.0, 22.57, 22.32, 22.09, 22.25, 22.14
2026-09-08, 02:33:24, 22.2, 22.25, 22.59, 22.59, 9999.0, 9999.0, 9999.0, 23.84, 9999.0, 22.36, 9999.0, 22.55, 22.32, 22.09, 22.25, 22.11
2026-09-08, 02:33:28, 22.2, 22.25, 22.59, 22.57, 9999.0, 9999.0, 9999.0, 23.86, 9999.0, 22.36, 9999.0, 22.52, 22.32, 22.09, 22.25, 22.14
2026-09-08, 02:33:32, 22.2, 22.25, 22.59, 22.59, 9999.0, 9999.0, 9999.0, 23.89, 9999.0, 22.34, 9999.0, 22.5, 22.3, 22.09, 22.25, 22.11
2026-09-08, 02:33:36, 22.2, 22.25, 22.59, 22.59, 9999.0, 9999.0, 9999.0, 23.91, 9999.0, 22.32, 9999.0, 22.52, 22.3, 22.07, 22.23, 22.11
2026-09-08, 02:33:40, 22.2, 22.25, 22.59, 22.59, 9999.0, 9999.0, 9999.0, 23.86, 9999.0, 22.3, 9999.0, 22.52, 22.3, 22.07, 22.23, 22.14
2026-09-08, 02:33:44, 22.2, 22.25, 22.59, 22.59, 9999.0, 9999.0, 9999.0, 23.82, 9999.0, 22.27, 9999.0, 22.55, 22.27, 22.07, 22.23, 22.11
2026-09-08, 02:33:48, 22.2, 22.25, 22.57, 22.57, 9999.0, 9999.0, 9999.0, 23.8, 9999.0, 22.23, 9999.0, 22.57, 22.25, 22.09, 22.23, 22.09
2026-09-08, 02:33:52, 22.23, 22.25, 22.57, 22.55, 9999.0, 9999.0, 9999.0, 23.75, 9999.0, 22.2, 9999.0, 22.59, 22.25, 22.09, 22.23, 22.11
2026-09-08, 02:33:56, 22.23, 22.25, 22.57, 22.55, 9999.0, 9999.0, 9999.0, 23.7, 9999.0, 22.2, 9999.0, 22.61, 22.25, 22.09, 22.23, 22.14
2026-09-08, 02:34:00, 22.23, 22.25, 22.57, 22.57, 9999.0, 9999.0, 9999.0, 23.66, 9999.0, 22.2, 9999.0, 22.61, 22.25, 22.07, 22.23, 22.16
2026-09-08, 02:34:04, 22.25, 22.25, 22.57, 22.57, 9999.0, 9999.0, 9999.0, 23.64, 9999.0, 22.23, 9999.0, 22.64, 22.27, 22.07, 22.23, 22.14
2026-09-08, 02:34:08, 22.25, 22.27, 22.55, 22.59, 9999.0, 9999.0, 9999.0, 23.61, 9999.0, 22.25, 9999.0, 22.66, 22.3, 22.09, 22.23, 22.16
2026-09-08, 02:34:12, 22.25, 22.27, 22.55, 22.61, 9999.0, 9999.0, 9999.0, 23.59, 9999.0, 22.27, 9999.0, 22.66, 22.32, 22.09, 22.23, 22.16
2026-09-08, 02:34:17, 22.25, 22.27, 22.52, 22.61, 9999.0, 9999.0, 9999.0, 23.61, 9999.0, 22.3, 9999.0, 22.66, 22.34, 22.09, 22.23, 22.18
2026-09-08, 02:34:21, 22.23, 22.27, 22.5, 22.61, 9999.0, 9999.0, 9999.0, 23.64, 9999.0, 22.3, 9999.0, 22.64, 22.36, 22.09, 22.25, 22.16
2026-09-08, 02:34:25, 22.23, 22.27, 22.5, 22.61, 9999.0, 9999.0, 9999.0, 23.66, 9999.0, 22.3, 9999.0, 22.64, 22.36, 22.11, 22.25, 22.16
2026-09-08, 02:34:29, 22.23, 22.27, 22.5, 22.59, 9999.0, 9999.0, 9999.0, 23.7, 9999.0, 22.3, 9999.0, 22.61, 22.36, 22.14, 22.25, 22.18
2026-09-08, 02:34:33, 22.23, 22.27, 22.5, 22.59, 9999.0, 9999.0, 9999.0, 23.73, 9999.0, 22.32, 9999.0, 22.59, 22.36, 22.11, 22.25, 22.2
2026-09-08, 02:34:37, 22.2, 22.3, 22.5, 22.59, 9999.0, 9999.0, 9999.0, 23.75, 9999.0, 22.34, 9999.0, 22.57, 22.36, 22.09, 22.25, 22.2
2026-09-08, 02:34:41, 22.2, 22.3, 22.52, 22.59, 9999.0, 9999.0, 9999.0, 23.77, 9999.0, 22.34, 9999.0, 22.55, 22.36, 22.09, 22.23, 22.2
2026-09-08, 02:34:45, 22.18, 22.3, 22.55, 22.59, 9999.0, 9999.0, 9999.0, 23.8, 9999.0, 22.34, 9999.0, 22.55, 22.36, 22.09, 22.23, 22.2
2026-09-08, 02:34:49, 22.18, 22.32, 22.55, 22.59, 9999.0, 9999.0, 9999.0, 23.82, 9999.0, 22.3, 9999.0, 22.52, 22.34, 22.09, 22.23, 22.23
2026-09-08, 02:34:53, 22.18, 22.3, 22.55, 22.57, 9999.0, 9999.0, 9999.0, 23.84, 9999.0, 22.27, 9999.0, 22.5, 22.32, 22.07, 22.23, 22.2
2026-09-08, 02:34:57, 22.16, 22.3, 22.55, 22.55, 9999.0, 9999.0, 9999.0, 23.86, 9999.0, 22.23, 9999.0, 22.5, 22.3, 22.09, 22.23, 22.18
2026-09-08, 02:35:01, 22.16, 22.3, 22.55, 22.55, 9999.0, 9999.0, 9999.0, 23.82, 9999.0, 22.18, 9999.0, 22.5, 22.27, 22.09, 22.23, 22.16
2026-09-08, 02:35:05, 22.18, 22.3, 22.55, 22.57, 9999.0, 9999.0, 9999.0, 23.77, 9999.0, 22.18, 9999.0, 22.52, 22.27, 22.09, 22.23, 22.18
2026-09-08, 02:35:09, 22.18, 22.3, 22.55, 22.57, 9999.0, 9999.0, 9999.0, 23.73, 9999.0, 22.16, 9999.0, 22.55, 22.3, 22.09, 22.23, 22.18
2026-09-08, 02:35:13, 22.18, 22.3, 22.55, 22.59, 9999.0, 9999.0, 9999.0, 23.68, 9999.0, 22.16, 9999.0, 22.57, 22.3, 22.09, 22.23, 22.18
2026-09-08, 02:35:17, 22.18, 22.3, 22.55, 22.59, 9999.0, 9999.0, 9999.0, 23.64, 9999.0, 22.16, 9999.0, 22.57, 22.3, 22.09, 22.2, 22.16
2026-09-08, 02:35:21, 22.2, 22.27, 22.55, 22.59, 9999.0, 9999.0, 9999.0, 23.61, 9999.0, 22.16, 9999.0, 22.59, 22.32, 22.09, 22.2, 22.16
2026-09-08, 02:35:25, 22.2, 22.27, 22.52, 22.59, 9999.0, 9999.0, 9999.0, 23.57, 9999.0, 22.18, 9999.0, 22.61, 22.34, 22.09, 22.23, 22.16
2026-09-08, 02:35:29, 22.23, 22.27, 22.5, 22.57, 9999.0, 9999.0, 9999.0, 23.52, 9999.0, 22.18, 9999.0, 22.61, 22.36, 22.09, 22.2, 22.16
2026-09-08, 02:35:33, 22.23, 22.25, 22.5, 22.57, 9999.0, 9999.0, 9999.0, 23.57, 9999.0, 22.2, 9999.0, 22.61, 22.36, 22.09, 22.2, 22.14
2026-09-08, 02:35:37, 22.23, 22.25, 22.5, 22.57, 9999.0, 9999.0, 9999.0, 23.59, 9999.0, 22.2, 9999.0, 22.64, 22.36, 22.09, 22.2, 22.16
2026-09-08, 02:35:41, 22.25, 22.25, 22.5, 22.59, 9999.0, 9999.0, 9999.0, 23.61, 9999.0, 22.23, 9999.0, 22.64, 22.36, 22.09, 22.2, 22.18
2026-09-08, 02:35:45, 22.25, 22.25, 22.52, 22.57, 9999.0, 9999.0, 9999.0, 23.66, 9999.0, 22.25, 9999.0, 22.64, 22.36, 22.09, 22.2, 22.2
2026-09-08, 02:35:49, 22.25, 22.25, 22.52, 22.55, 9999.0, 9999.0, 9999.0, 23.7, 9999.0, 22.25, 9999.0, 22.61, 22.36, 22.09, 22.2, 22.2
2026-09-08, 02:35:53, 22.25, 22.25, 22.52, 22.55, 9999.0, 9999.0, 9999.0, 23.75, 9999.0, 22.27, 9999.0, 22.59, 22.36, 22.09, 22.2, 22.2
2026-09-08, 02:35:57, 22.25, 22.25, 22.52, 22.52, 9999.0, 9999.0, 9999.0, 23.77, 9999.0, 22.27, 9999.0, 22.57, 22.36, 22.09, 22.2, 22.2
2026-09-08, 02:36:01, 22.25, 22.25, 22.52, 22.52, 9999.0, 9999.0, 9999.0, 23.8, 9999.0, 22.25, 9999.0, 22.57, 22.36, 22.09, 22.23, 22.23
2026-09-08, 02:36:05, 22.25, 22.25, 22.52, 22.52, 9999.0, 9999.0, 9999.0, 23.82, 9999.0, 22.23, 9999.0, 22.55, 22.34, 22.11, 22.23, 22.2
2026-09-08, 02:36:09, 22.25, 22.25, 22.52, 22.55, 9999.0, 9999.0, 9999.0, 23.86, 9999.0, 22.18, 9999.0, 22.52, 22.32, 22.11, 22.23, 22.2
2026-09-08, 02:36:13, 22.25, 22.25, 22.55, 22.57, 9999.0, 9999.0, 9999.0, 23.91, 9999.0, 22.16, 9999.0, 22.52, 22.3, 22.14, 22.25, 22.2
2026-09-08, 02:36:17, 22.25, 22.25, 22.55, 22.57, 9999.0, 9999.0, 9999.0, 23.84, 9999.0, 22.14, 9999.0, 22.55, 22.3, 22.16, 22.25, 22.23
2026-09-08, 02:36:21, 22.25, 22.25, 22.55, 22.57, 9999.0, 9999.0, 9999.0, 23.8, 9999.0, 22.11, 9999.0, 22.55, 22.3, 22.18, 22.25, 22.23
2026-09-08, 02:36:25, 22.25, 22.25, 22.55, 22.55, 9999.0, 9999.0, 9999.0, 23.75, 9999.0, 22.09, 9999.0, 22.57, 22.32, 22.18, 22.25, 22.23
2026-09-08, 02:36:29, 22.25, 22.25, 22.52, 22.57, 9999.0, 9999.0, 9999.0, 23.7, 9999.0, 22.09, 9999.0, 22.57, 22.32, 22.18, 22.25, 22.23
2026-09-08, 02:36:33, 22.23, 22.25, 22.52, 22.59, 9999.0, 9999.0, 9999.0, 23.66, 9999.0, 22.09, 9999.0, 22.57, 22.3, 22.2, 22.25, 22.2
2026-09-08, 02:36:37, 22.23, 22.27, 22.52, 22.61, 9999.0, 9999.0, 9999.0, 23.61, 9999.0, 22.07, 9999.0, 22.57, 22.27, 22.2, 22.25, 22.2
2026-09-08, 02:36:41, 22.23, 22.27, 22.55, 22.64, 9999.0, 9999.0, 9999.0, 23.57, 9999.0, 22.07, 9999.0, 22.59, 22.3, 22.2, 22.25, 22.2
2026-09-08, 02:36:45, 22.23, 22.27, 22.55, 22.66, 9999.0, 9999.0, 9999.0, 23.55, 9999.0, 22.09, 9999.0, 22.59, 22.3, 22.2, 22.25, 22.2
2026-09-08, 02:36:49, 22.23, 22.27, 22.57, 22.68, 9999.0, 9999.0, 9999.0, 23.5, 9999.0, 22.11, 9999.0, 22.59, 22.32, 22.2, 22.25, 22.23
2026-09-08, 02:36:53, 22.23, 22.27, 22.57, 22.66, 9999.0, 9999.0, 9999.0, 23.52, 9999.0, 22.14, 9999.0, 22.59, 22.32, 22.23, 22.25, 22.23
2026-09-08, 02:36:57, 22.23, 22.27, 22.55, 22.64, 9999.0, 9999.0, 9999.0, 23.55, 9999.0, 22.16, 9999.0, 22.59, 22.32, 22.23, 22.25, 22.23
2026-09-08, 02:37:01, 22.23, 22.27, 22.55, 22.66, 9999.0, 9999.0, 9999.0, 23.57, 9999.0, 22.18, 9999.0, 22.57, 22.32, 22.23, 22.25, 22.2
2026-09-08, 02:37:05, 22.23, 22.27, 22.55, 22.68, 9999.0, 9999.0, 9999.0, 23.59, 9999.0, 22.18, 9999.0, 22.55, 22.32, 22.23, 22.25, 22.2
2026-09-08, 02:37:09, 22.23, 22.27, 22.55, 22.7, 9999.0, 9999.0, 9999.0, 23.61, 9999.0, 22.18, 9999.0, 22.52, 22.32, 22.23, 22.25, 22.2
2026-09-08, 02:37:13, 22.23, 22.3, 22.55, 22.7, 9999.0, 9999.0, 9999.0, 23.64, 9999.0, 22.16, 9999.0, 22.52, 22.32, 22.23, 22.25, 22.2
2026-09-08, 02:37:17, 22.25, 22.3, 22.55, 22.68, 9999.0, 9999.0, 9999.0, 23.64, 9999.0, 22.14, 9999.0, 22.52, 22.32, 22.23, 22.25, 22.23
2026-09-08, 02:37:21, 22.25, 22.27, 22.57, 22.68, 9999.0, 9999.0, 9999.0, 23.66, 9999.0, 22.14, 9999.0, 22.52, 22.32, 22.23, 22.25, 22.23
2026-09-08, 02:37:25, 22.25, 22.27, 22.57, 22.66, 9999.0, 9999.0, 9999.0, 23.7, 9999.0, 22.11, 9999.0, 22.5, 22.3, 22.23, 22.25, 22.23
2026-09-08, 02:37:29, 22.25, 22.27, 22.59, 22.64, 9999.0, 9999.0, 9999.0, 23.7, 9999.0, 22.07, 9999.0, 22.52, 22.3, 22.25, 22.25, 22.23
2026-09-08, 02:37:33, 22.25, 22.27, 22.59, 22.61, 9999.0, 9999.0, 9999.0, 23.73, 9999.0, 22.02, 9999.0, 22.52, 22.27, 22.23, 22.25, 22.2
2026-09-08, 02:37:37, 22.25, 22.27, 22.61, 22.64, 9999.0, 9999.0, 9999.0, 23.68, 9999.0, 21.98, 9999.0, 22.55, 22.3, 22.23, 22.25, 22.2
2026-09-08, 02:37:41, 22.25, 22.27, 22.61, 22.66, 9999.0, 9999.0, 9999.0, 23.61, 9999.0, 21.93, 9999.0, 22.57, 22.32, 22.23, 22.25, 22.2
2026-09-08, 02:37:45, 22.25, 22.27, 22.61, 22.64, 9999.0, 9999.0, 9999.0, 23.59, 9999.0, 21.89, 9999.0, 22.59, 22.32, 22.23, 22.25, 22.23
2026-09-08, 02:37:49, 22.23, 22.27, 22.64, 22.64, 9999.0, 9999.0, 9999.0, 23.55, 9999.0, 21.89, 9999.0, 22.61, 22.32, 22.23, 22.23, 22.23
2026-09-08, 02:37:53, 22.23, 22.27, 22.66, 22.64, 9999.0, 9999.0, 9999.0, 23.5, 9999.0, 21.89, 9999.0, 22.64, 22.3, 22.23, 22.23, 22.23
2026-09-08, 02:37:57, 22.23, 22.25, 22.66, 22.61, 9999.0, 9999.0, 9999.0, 23.45, 9999.0, 21.91, 9999.0, 22.64, 22.32, 22.2, 22.23, 22.23
2026-09-08, 02:38:01, 22.23, 22.25, 22.68, 22.64, 9999.0, 9999.0, 9999.0, 23.43, 9999.0, 21.93, 9999.0, 22.64, 22.34, 22.2, 22.23, 22.23
2026-09-08, 02:38:05, 22.23, 22.25, 22.68, 22.61, 9999.0, 9999.0, 9999.0, 23.39, 9999.0, 21.95, 9999.0, 22.64, 22.36, 22.2, 22.23, 22.23
2026-09-08, 02:38:10, 22.23, 22.25, 22.68, 22.64, 9999.0, 9999.0, 9999.0, 23.41, 9999.0, 21.98, 9999.0, 22.64, 22.36, 22.2, 22.23, 22.23
2026-09-08, 02:38:14, 22.23, 22.25, 22.66, 22.66, 9999.0, 9999.0, 9999.0, 23.43, 9999.0, 22.0, 9999.0, 22.64, 22.36, 22.18, 22.23, 22.23
2026-09-08, 02:38:18, 22.23, 22.25, 22.66, 22.68, 9999.0, 9999.0, 9999.0, 23.45, 9999.0, 22.02, 9999.0, 22.64, 22.39, 22.2, 22.2, 22.25
2026-09-08, 02:38:22, 22.23, 22.25, 22.66, 22.66, 9999.0, 9999.0, 9999.0, 23.48, 9999.0, 22.05, 9999.0, 22.61, 22.39, 22.2, 22.2, 22.25
2026-09-08, 02:38:26, 22.23, 22.25, 22.68, 22.66, 9999.0, 9999.0, 9999.0, 23.52, 9999.0, 22.07, 9999.0, 22.59, 22.39, 22.18, 22.2, 22.25
2026-09-08, 02:38:30, 22.23, 22.25, 22.7, 22.68, 9999.0, 9999.0, 9999.0, 23.52, 9999.0, 22.09, 9999.0, 22.57, 22.39, 22.18, 22.2, 22.25
2026-09-08, 02:38:34, 22.25, 22.25, 22.7, 22.68, 9999.0, 9999.0, 9999.0, 23.55, 9999.0, 22.09, 9999.0, 22.55, 22.39, 22.18, 22.23, 22.25
2026-09-08, 02:38:38, 22.25, 22.25, 22.68, 22.68, 9999.0, 9999.0, 9999.0, 23.57, 9999.0, 22.09, 9999.0, 22.52, 22.41, 22.18, 22.23, 22.25
2026-09-08, 02:38:42, 22.25, 22.25, 22.7, 22.68, 9999.0, 9999.0, 9999.0, 23.59, 9999.0, 22.07, 9999.0, 22.52, 22.39, 22.2, 22.23, 22.25
2026-09-08, 02:38:46, 22.25, 22.25, 22.7, 22.68, 9999.0, 9999.0, 9999.0, 23.61, 9999.0, 22.05, 9999.0, 22.52, 22.36, 22.18, 22.23, 22.25
2026-09-08, 02:38:50, 22.25, 22.25, 22.7, 22.68, 9999.0, 9999.0, 9999.0, 23.64, 9999.0, 22.02, 9999.0, 22.52, 22.34, 22.18, 22.23, 22.25
2026-09-08, 02:38:54, 22.25, 22.25, 22.7, 22.66, 9999.0, 9999.0, 9999.0, 23.59, 9999.0, 22.0, 9999.0, 22.55, 22.34, 22.16, 22.23, 22.25
2026-09-08, 02:38:58, 22.25, 22.25, 22.73, 22.66, 9999.0, 9999.0, 9999.0, 23.55, 9999.0, 22.0, 9999.0, 22.55, 22.36, 22.18, 22.23, 22.25
2026-09-08, 02:39:02, 22.25, 22.25, 22.73, 22.66, 9999.0, 9999.0, 9999.0, 23.5, 9999.0, 22.0, 9999.0, 22.57, 22.34, 22.18, 22.25, 22.25
2026-09-08, 02:39:06, 22.25, 22.25, 22.73, 22.68, 9999.0, 9999.0, 9999.0, 23.45, 9999.0, 22.02, 9999.0, 22.59, 22.32, 22.18, 22.25, 22.25
2026-09-08, 02:39:10, 22.25, 22.25, 22.73, 22.68, 9999.0, 9999.0, 9999.0, 23.41, 9999.0, 22.05, 9999.0, 22.61, 22.32, 22.18, 22.25, 22.25
2026-09-08, 02:39:14, 22.25, 22.25, 22.73, 22.68, 9999.0, 9999.0, 9999.0, 23.39, 9999.0, 22.05, 9999.0, 22.64, 22.34, 22.18, 22.25, 22.25
2026-09-08, 02:39:18, 22.25, 22.25, 22.73, 22.68, 9999.0, 9999.0, 9999.0, 23.36, 9999.0, 22.07, 9999.0, 22.66, 22.36, 22.18, 22.25, 22.25
2026-09-08, 02:39:22, 22.25, 22.25, 22.75, 22.68, 9999.0, 9999.0, 9999.0, 23.34, 9999.0, 22.09, 9999.0, 22.68, 22.36, 22.18, 22.25, 22.25
2026-09-08, 02:39:26, 22.25, 22.25, 22.75, 22.7, 9999.0, 9999.0, 9999.0, 23.39, 9999.0, 22.11, 9999.0, 22.68, 22.39, 22.18, 22.25, 22.25
2026-09-08, 02:39:30, 22.25, 22.25, 22.75, 22.7, 9999.0, 9999.0, 9999.0, 23.43, 9999.0, 22.14, 9999.0, 22.68, 22.41, 22.2, 22.25, 22.25
2026-09-08, 02:39:34, 22.25, 22.25, 22.75, 22.73, 9999.0, 9999.0, 9999.0, 23.48, 9999.0, 22.16, 9999.0, 22.68, 22.43, 22.2, 22.25, 22.25
2026-09-08, 02:39:38, 22.25, 22.25, 22.75, 22.75, 9999.0, 9999.0, 9999.0, 23.52, 9999.0, 22.16, 9999.0, 22.66, 22.45, 22.23, 22.25, 22.25
2026-09-08, 02:39:42, 22.25, 22.25, 22.75, 22.75, 9999.0, 9999.0, 9999.0, 23.57, 9999.0, 22.18, 9999.0, 22.64, 22.43, 22.23, 22.25, 22.25
2026-09-08, 02:39:46, 22.25, 22.25, 22.75, 22.75, 9999.0, 9999.0, 9999.0, 23.61, 9999.0, 22.18, 9999.0, 22.61, 22.45, 22.23, 22.25, 22.25
2026-09-08, 02:39:50, 22.25, 22.25, 22.75, 22.75, 9999.0, 9999.0, 9999.0, 23.64, 9999.0, 22.18, 9999.0, 22.59, 22.45, 22.2, 22.25, 22.25
2026-09-08, 02:39:54, 22.25, 22.25, 22.75, 22.75, 9999.0, 9999.0, 9999.0, 23.66, 9999.0, 22.16, 9999.0, 22.57, 22.45, 22.23, 22.25, 22.25
2026-09-08, 02:39:58, 22.25, 22.25, 22.75, 22.75, 9999.0, 9999.0, 9999.0, 23.7, 9999.0, 22.16, 9999.0, 22.55, 22.43, 22.2, 22.25, 22.25
2026-09-08, 02:40:02, 22.25, 22.25, 22.75, 22.75, 9999.0, 9999.0, 9999.0, 23.75, 9999.0, 22.14, 9999.0, 22.52, 22.41, 22.2, 22.25, 22.25
2026-09-08, 02:40:06, 22.25, 22.25, 22.75, 22.75, 9999.0, 9999.0, 9999.0, 23.77, 9999.0, 22.11, 9999.0, 22.5, 22.39, 22.2, 22.25, 22.25
2026-09-08, 02:40:10, 22.25, 22.25, 22.73, 22.75, 9999.0, 9999.0, 9999.0, 23.73, 9999.0, 22.09, 9999.0, 22.5, 22.39, 22.18, 22.25, 22.25
2026-09-08, 02:40:14, 22.25, 22.25, 22.73, 22.75, 9999.0, 9999.0, 9999.0, 23.68, 9999.0, 22.07, 9999.0, 22.52, 22.39, 22.18, 22.25, 22.25
2026-09-08, 02:40:18, 22.25, 22.25, 22.73, 22.75, 9999.0, 9999.0, 9999.0, 23.61, 9999.0, 22.02, 9999.0, 22.55, 22.39, 22.18, 22.25, 22.25
2026-09-08, 02:40:22, 22.25, 22.25, 22.73, 22.75, 9999.0, 9999.0, 9999.0, 23.55, 9999.0, 22.02, 9999.0, 22.57, 22.39, 22.18, 22.25, 22.25
2026-09-08, 02:40:26, 22.25, 22.25, 22.73, 22.75, 9999.0, 9999.0, 9999.0, 23.5, 9999.0, 22.02, 9999.0, 22.59, 22.39, 22.18, 22.25, 22.25
2026-09-08, 02:40:30, 22.25, 22.25, 22.73, 22.75, 9999.0, 9999.0, 9999.0, 23.45, 9999.0, 22.05, 9999.0, 22.61, 22.39, 22.18, 22.25, 22.25
2026-09-08, 02:40:34, 22.25, 22.27, 22.73, 22.75, 9999.0, 9999.0, 9999.0, 23.43, 9999.0, 22.05, 9999.0, 22.61, 22.41, 22.2, 22.25, 22.25
2026-09-08, 02:40:38, 22.25, 22.27, 22.73, 22.75, 9999.0, 9999.0, 9999.0, 23.41, 9999.0, 22.07, 9999.0, 22.64, 22.41, 22.2, 22.25, 22.25
2026-09-08, 02:40:42, 22.25, 22.27, 22.73, 22.75, 9999.0, 9999.0, 9999.0, 23.36, 9999.0, 22.09, 9999.0, 22.64, 22.43, 22.23, 22.25, 22.25
2026-09-08, 02:40:46, 22.25, 22.27, 22.73, 22.75, 9999.0, 9999.0, 9999.0, 23.39, 9999.0, 22.11, 9999.0, 22.66, 22.45, 22.2, 22.25, 22.25
2026-09-08, 02:40:50, 22.25, 22.27, 22.73, 22.75, 9999.0, 9999.0, 9999.0, 23.43, 9999.0, 22.14, 9999.0, 22.66, 22.48, 22.2, 22.25, 22.25
2026-09-08, 02:40:54, 22.25, 22.27, 22.75, 22.75, 9999.0, 9999.0, 9999.0, 23.48, 9999.0, 22.14, 9999.0, 22.66, 22.48, 22.23, 22.25, 22.25
2026-09-08, 02:40:58, 22.25, 22.27, 22.75, 22.75, 9999.0, 9999.0, 9999.0, 23.5, 9999.0, 22.14, 9999.0, 22.64, 22.45, 22.23, 22.25, 22.25
2026-09-08, 02:41:02, 22.25, 22.3, 22.75, 22.75, 9999.0, 9999.0, 9999.0, 23.55, 9999.0, 22.18, 9999.0, 22.61, 22.43, 22.23, 22.25, 22.25
2026-09-08, 02:41:06, 22.25, 22.3, 22.75, 22.75, 9999.0, 9999.0, 9999.0, 23.59, 9999.0, 22.18, 9999.0, 22.59, 22.43, 22.23, 22.25, 22.25
2026-09-08, 02:41:10, 22.25, 22.3, 22.75, 22.75, 9999.0, 9999.0, 9999.0, 23.64, 9999.0, 22.16, 9999.0, 22.57, 22.43, 22.23, 22.25, 22.25
2026-09-08, 02:41:14, 22.25, 22.3, 22.73, 22.75, 9999.0, 9999.0, 9999.0, 23.68, 9999.0, 22.14, 9999.0, 22.55, 22.41, 22.23, 22.25, 22.25
2026-09-08, 02:41:18, 22.25, 22.27, 22.73, 22.75, 9999.0, 9999.0, 9999.0, 23.73, 9999.0, 22.11, 9999.0, 22.55, 22.41, 22.23, 22.25, 22.25
2026-09-08, 02:41:22, 22.25, 22.27, 22.73, 22.75, 9999.0, 9999.0, 9999.0, 23.75, 9999.0, 22.09, 9999.0, 22.52, 22.39, 22.23, 22.25, 22.25
2026-09-08, 02:41:26, 22.25, 22.27, 22.73, 22.75, 9999.0, 9999.0, 9999.0, 23.77, 9999.0, 22.09, 9999.0, 22.52, 22.36, 22.23, 22.25, 22.25
2026-09-08, 02:41:30, 22.25, 22.27, 22.7, 22.75, 9999.0, 9999.0, 9999.0, 23.73, 9999.0, 22.09, 9999.0, 22.52, 22.36, 22.25, 22.25, 22.25
2026-09-08, 02:41:34, 22.25, 22.3, 22.7, 22.75, 9999.0, 9999.0, 9999.0, 23.68, 9999.0, 22.07, 9999.0, 22.55, 22.36, 22.23, 22.25, 22.25
2026-09-08, 02:41:38, 22.25, 22.3, 22.7, 22.75, 9999.0, 9999.0, 9999.0, 23.64, 9999.0, 22.07, 9999.0, 22.57, 22.36, 22.23, 22.25, 22.25
2026-09-08, 02:41:42, 22.25, 22.3, 22.7, 22.75, 9999.0, 9999.0, 9999.0, 23.61, 9999.0, 22.09, 9999.0, 22.59, 22.36, 22.23, 22.25, 22.25
2026-09-08, 02:41:46, 22.25, 22.27, 22.7, 22.75, 9999.0, 9999.0, 9999.0, 23.57, 9999.0, 22.09, 9999.0, 22.61, 22.39, 22.2, 22.25, 22.23
2026-09-08, 02:41:51, 22.25, 22.27, 22.7, 22.75, 9999.0, 9999.0, 9999.0, 23.55, 9999.0, 22.11, 9999.0, 22.61, 22.39, 22.2, 22.25, 22.23
2026-09-08, 02:41:55, 22.25, 22.3, 22.7, 22.75, 9999.0, 9999.0, 9999.0, 23.5, 9999.0, 22.16, 9999.0, 22.64, 22.41, 22.2, 22.25, 22.23
2026-09-08, 02:41:59, 22.25, 22.32, 22.73, 22.75, 9999.0, 9999.0, 9999.0, 23.45, 9999.0, 22.2, 9999.0, 22.64, 22.43, 22.2, 22.25, 22.23
2026-09-08, 02:42:03, 22.25, 22.32, 22.73, 22.75, 9999.0, 9999.0, 9999.0, 23.48, 9999.0, 22.23, 9999.0, 22.64, 22.43, 22.2, 22.25, 22.23
2026-09-08, 02:42:07, 22.25, 22.32, 22.73, 22.75, 9999.0, 9999.0, 9999.0, 23.52, 9999.0, 22.25, 9999.0, 22.64, 22.45, 22.2, 22.25, 22.23
2026-09-08, 02:42:11, 22.25, 22.32, 22.73, 22.75, 9999.0, 9999.0, 9999.0, 23.55, 9999.0, 22.25, 9999.0, 22.64, 22.48, 22.2, 22.25, 22.23
2026-09-08, 02:42:15, 22.25, 22.32, 22.75, 22.75, 9999.0, 9999.0, 9999.0, 23.59, 9999.0, 22.25, 9999.0, 22.61, 22.48, 22.2, 22.25, 22.23
2026-09-08, 02:42:19, 22.25, 22.3, 22.75, 22.75, 9999.0, 9999.0, 9999.0, 23.61, 9999.0, 22.27, 9999.0, 22.59, 22.45, 22.23, 22.25, 22.23
2026-09-08, 02:42:23, 22.25, 22.3, 22.75, 22.75, 9999.0, 9999.0, 9999.0, 23.64, 9999.0, 22.3, 9999.0, 22.57, 22.43, 22.23, 22.25, 22.23
2026-09-08, 02:42:27, 22.23, 22.3, 22.75, 22.75, 9999.0, 9999.0, 9999.0, 23.66, 9999.0, 22.3, 9999.0, 22.55, 22.43, 22.23, 22.25, 22.23
2026-09-08, 02:42:31, 22.23, 22.3, 22.75, 22.75, 9999.0, 9999.0, 9999.0, 23.7, 9999.0, 22.3, 9999.0, 22.52, 22.43, 22.25, 22.25, 22.25
2026-09-08, 02:42:35, 22.23, 22.3, 22.75, 22.75, 9999.0, 9999.0, 9999.0, 23.73, 9999.0, 22.3, 9999.0, 22.52, 22.41, 22.25, 22.25, 22.25
2026-09-08, 02:42:39, 22.23, 22.27, 22.75, 22.75, 9999.0, 9999.0, 9999.0, 23.75, 9999.0, 22.27, 9999.0, 22.52, 22.39, 22.25, 22.25, 22.25
2026-09-08, 02:42:43, 22.23, 22.25, 22.75, 22.75, 9999.0, 9999.0, 9999.0, 23.8, 9999.0, 22.25, 9999.0, 22.55, 22.36, 22.25, 22.25, 22.25
2026-09-08, 02:42:47, 22.23, 22.25, 22.75, 22.75, 9999.0, 9999.0, 9999.0, 23.75, 9999.0, 22.25, 9999.0, 22.55, 22.34, 22.23, 22.25, 22.25
2026-09-08, 02:42:51, 22.23, 22.25, 22.75, 22.75, 9999.0, 9999.0, 9999.0, 23.7, 9999.0, 22.23, 9999.0, 22.57, 22.34, 22.23, 22.25, 22.25
2026-09-08, 02:42:55, 22.23, 22.25, 22.73, 22.75, 9999.0, 9999.0, 9999.0, 23.68, 9999.0, 22.2, 9999.0, 22.59, 22.32, 22.23, 22.25, 22.25
2026-09-08, 02:42:59, 22.23, 22.25, 22.7, 22.75, 9999.0, 9999.0, 9999.0, 23.64, 9999.0, 22.2, 9999.0, 22.61, 22.3, 22.23, 22.25, 22.25
2026-09-08, 02:43:03, 22.23, 22.25, 22.7, 22.75, 9999.0, 9999.0, 9999.0, 23.61, 9999.0, 22.2, 9999.0, 22.64, 22.3, 22.23, 22.25, 22.25
2026-09-08, 02:43:07, 22.23, 22.25, 22.7, 22.75, 9999.0, 9999.0, 9999.0, 23.59, 9999.0, 22.2, 9999.0, 22.64, 22.3, 22.23, 22.25, 22.25
2026-09-08, 02:43:11, 22.25, 22.25, 22.7, 22.75, 9999.0, 9999.0, 9999.0, 23.57, 9999.0, 22.23, 9999.0, 22.66, 22.32, 22.23, 22.25, 22.25
2026-09-08, 02:43:15, 22.25, 22.27, 22.7, 22.75, 9999.0, 9999.0, 9999.0, 23.52, 9999.0, 22.25, 9999.0, 22.68, 22.32, 22.2, 22.25, 22.25
2026-09-08, 02:43:19, 22.25, 22.27, 22.7, 22.75, 9999.0, 9999.0, 9999.0, 23.48, 9999.0, 22.27, 9999.0, 22.68, 22.34, 22.2, 22.25, 22.25
2026-09-08, 02:43:23, 22.25, 22.27, 22.7, 22.75, 9999.0, 9999.0, 9999.0, 23.55, 9999.0, 22.3, 9999.0, 22.66, 22.36, 22.18, 22.25, 22.25
2026-09-08, 02:43:27, 22.25, 22.27, 22.7, 22.75, 9999.0, 9999.0, 9999.0, 23.57, 9999.0, 22.32, 9999.0, 22.64, 22.36, 22.18, 22.25, 22.25
2026-09-08, 02:43:31, 22.25, 22.27, 22.7, 22.75, 9999.0, 9999.0, 9999.0, 23.61, 9999.0, 22.34, 9999.0, 22.64, 22.36, 22.18, 22.25, 22.25
2026-09-08, 02:43:35, 22.23, 22.27, 22.7, 22.75, 9999.0, 9999.0, 9999.0, 23.66, 9999.0, 22.36, 9999.0, 22.61, 22.36, 22.18, 22.25, 22.25
2026-09-08, 02:43:39, 22.23, 22.27, 22.73, 22.75, 9999.0, 9999.0, 9999.0, 23.7, 9999.0, 22.41, 9999.0, 22.59, 22.39, 22.16, 22.25, 22.25
2026-09-08, 02:43:43, 22.23, 22.27, 22.75, 22.75, 9999.0, 9999.0, 9999.0, 23.73, 9999.0, 22.41, 9999.0, 22.57, 22.39, 22.16, 22.25, 22.25
2026-09-08, 02:43:47, 22.23, 22.27, 22.75, 22.75, 9999.0, 9999.0, 9999.0, 23.75, 9999.0, 22.41, 9999.0, 22.55, 22.39, 22.16, 22.25, 22.25
2026-09-08, 02:43:51, 22.23, 22.27, 22.75, 22.75, 9999.0, 9999.0, 9999.0, 23.77, 9999.0, 22.43, 9999.0, 22.55, 22.39, 22.16, 22.25, 22.25
2026-09-08, 02:43:55, 22.23, 22.27, 22.75, 22.75, 9999.0, 9999.0, 9999.0, 23.8, 9999.0, 22.43, 9999.0, 22.52, 22.36, 22.16, 22.25, 22.25
2026-09-08, 02:43:59, 22.23, 22.25, 22.75, 22.75, 9999.0, 9999.0, 9999.0, 23.84, 9999.0, 22.43, 9999.0, 22.52, 22.34, 22.18, 22.25, 22.25
2026-09-08, 02:44:03, 22.23, 22.27, 22.75, 22.75, 9999.0, 9999.0, 9999.0, 23.89, 9999.0, 22.41, 9999.0, 22.52, 22.34, 22.16, 22.25, 22.25
2026-09-08, 02:44:07, 22.23, 22.3, 22.75, 22.75, 9999.0, 9999.0, 9999.0, 23.84, 9999.0, 22.39, 9999.0, 22.55, 22.34, 22.18, 22.25, 22.25
2026-09-08, 02:44:11, 22.23, 22.3, 22.73, 22.75, 9999.0, 9999.0, 9999.0, 23.8, 9999.0, 22.36, 9999.0, 22.57, 22.36, 22.16, 22.25, 22.25
2026-09-08, 02:44:15, 22.23, 22.3, 22.7, 22.75, 9999.0, 9999.0, 9999.0, 23.75, 9999.0, 22.34, 9999.0, 22.59, 22.39, 22.18, 22.25, 22.25
2026-09-08, 02:44:19, 22.23, 22.32, 22.7, 22.75, 9999.0, 9999.0, 9999.0, 23.7, 9999.0, 22.36, 9999.0, 22.61, 22.36, 22.18, 22.25, 22.25
2026-09-08, 02:44:23, 22.23, 22.32, 22.7, 22.75, 9999.0, 9999.0, 9999.0, 23.66, 9999.0, 22.36, 9999.0, 22.61, 22.34, 22.2, 22.25, 22.25
2026-09-08, 02:44:27, 22.23, 22.32, 22.7, 22.75, 9999.0, 9999.0, 9999.0, 23.64, 9999.0, 22.39, 9999.0, 22.64, 22.36, 22.2, 22.25, 22.25
2026-09-08, 02:44:31, 22.23, 22.32, 22.7, 22.75, 9999.0, 9999.0, 9999.0, 23.61, 9999.0, 22.41, 9999.0, 22.64, 22.39, 22.2, 22.25, 22.25
2026-09-08, 02:44:35, 22.23, 22.32, 22.7, 22.75, 9999.0, 9999.0, 9999.0, 23.59, 9999.0, 22.41, 9999.0, 22.64, 22.41, 22.18, 22.25, 22.25
2026-09-08, 02:44:39, 22.23, 22.32, 22.7, 22.75, 9999.0, 9999.0, 9999.0, 23.64, 9999.0, 22.41, 9999.0, 22.64, 22.43, 22.16, 22.25, 22.25
2026-09-08, 02:44:43, 22.2, 22.34, 22.7, 22.75, 9999.0, 9999.0, 9999.0, 23.68, 9999.0, 22.41, 9999.0, 22.61, 22.45, 22.16, 22.25, 22.25
2026-09-08, 02:44:47, 22.2, 22.34, 22.7, 22.73, 9999.0, 9999.0, 9999.0, 23.73, 9999.0, 22.43, 9999.0, 22.61, 22.45, 22.18, 22.25, 22.25
2026-09-08, 02:44:51, 22.2, 22.34, 22.68, 22.7, 9999.0, 9999.0, 9999.0, 23.75, 9999.0, 22.45, 9999.0, 22.59, 22.43, 22.18, 22.25, 22.25
2026-09-08, 02:44:55, 22.2, 22.36, 22.68, 22.7, 9999.0, 9999.0, 9999.0, 23.8, 9999.0, 22.48, 9999.0, 22.57, 22.43, 22.2, 22.23, 22.25
2026-09-08, 02:44:59, 22.2, 22.39, 22.68, 22.7, 9999.0, 9999.0, 9999.0, 23.84, 9999.0, 22.5, 9999.0, 22.55, 22.43, 22.2, 22.23, 22.25
2026-09-08, 02:45:03, 22.23, 22.36, 22.68, 22.68, 9999.0, 9999.0, 9999.0, 23.86, 9999.0, 22.5, 9999.0, 22.52, 22.43, 22.2, 22.23, 22.25
2026-09-08, 02:45:07, 22.23, 22.36, 22.66, 22.66, 9999.0, 9999.0, 9999.0, 23.89, 9999.0, 22.5, 9999.0, 22.52, 22.43, 22.2, 22.23, 22.25
2026-09-08, 02:45:11, 22.23, 22.36, 22.66, 22.64, 9999.0, 9999.0, 9999.0, 23.91, 9999.0, 22.48, 9999.0, 22.5, 22.41, 22.2, 22.23, 22.25
2026-09-08, 02:45:15, 22.23, 22.36, 22.66, 22.64, 9999.0, 9999.0, 9999.0, 23.93, 9999.0, 22.45, 9999.0, 22.5, 22.39, 22.2, 22.23, 22.25
2026-09-08, 02:45:19, 22.23, 22.36, 22.66, 22.61, 9999.0, 9999.0, 9999.0, 23.95, 9999.0, 22.43, 9999.0, 22.5, 22.36, 22.2, 22.23, 22.25
2026-09-08, 02:45:23, 22.23, 22.36, 22.66, 22.59, 9999.0, 9999.0, 9999.0, 23.91, 9999.0, 22.41, 9999.0, 22.52, 22.36, 22.2, 22.23, 22.25
2026-09-08, 02:45:27, 22.25, 22.34, 22.66, 22.59, 9999.0, 9999.0, 9999.0, 23.86, 9999.0, 22.39, 9999.0, 22.55, 22.36, 22.18, 22.23, 22.25
2026-09-08, 02:45:31, 22.25, 22.32, 22.66, 22.61, 9999.0, 9999.0, 9999.0, 23.82, 9999.0, 22.36, 9999.0, 22.57, 22.34, 22.16, 22.23, 22.25
2026-09-08, 02:45:36, 22.25, 22.3, 22.68, 22.61, 9999.0, 9999.0, 9999.0, 23.77, 9999.0, 22.34, 9999.0, 22.59, 22.34, 22.16, 22.23, 22.25
2026-09-08, 02:45:40, 22.25, 22.27, 22.7, 22.59, 9999.0, 9999.0, 9999.0, 23.73, 9999.0, 22.34, 9999.0, 22.61, 22.34, 22.16, 22.25, 22.25
2026-09-08, 02:45:44, 22.25, 22.25, 22.73, 22.57, 9999.0, 9999.0, 9999.0, 23.68, 9999.0, 22.34, 9999.0, 22.61, 22.34, 22.16, 22.25, 22.25
2026-09-08, 02:45:48, 22.23, 22.25, 22.73, 22.57, 9999.0, 9999.0, 9999.0, 23.64, 9999.0, 22.34, 9999.0, 22.61, 22.36, 22.16, 22.25, 22.25
2026-09-08, 02:45:52, 22.23, 22.25, 22.73, 22.59, 9999.0, 9999.0, 9999.0, 23.61, 9999.0, 22.34, 9999.0, 22.61, 22.39, 22.16, 22.25, 22.25
2026-09-08, 02:45:56, 22.23, 22.25, 22.73, 22.61, 9999.0, 9999.0, 9999.0, 23.66, 9999.0, 22.36, 9999.0, 22.61, 22.41, 22.14, 22.25, 22.25
2026-09-08, 02:46:00, 22.23, 22.25, 22.73, 22.61, 9999.0, 9999.0, 9999.0, 23.68, 9999.0, 22.39, 9999.0, 22.61, 22.43, 22.11, 22.25, 22.25
2026-09-08, 02:46:04, 22.23, 22.25, 22.73, 22.61, 9999.0, 9999.0, 9999.0, 23.7, 9999.0, 22.41, 9999.0, 22.61, 22.45, 22.11, 22.25, 22.25
2026-09-08, 02:46:08, 22.23, 22.25, 22.73, 22.61, 9999.0, 9999.0, 9999.0, 23.73, 9999.0, 22.43, 9999.0, 22.59, 22.45, 22.14, 22.25, 22.25
2026-09-08, 02:46:12, 22.23, 22.25, 22.73, 22.59, 9999.0, 9999.0, 9999.0, 23.75, 9999.0, 22.45, 9999.0, 22.57, 22.45, 22.16, 22.25, 22.25
2026-09-08, 02:46:16, 22.23, 22.25, 22.73, 22.59, 9999.0, 9999.0, 9999.0, 23.77, 9999.0, 22.48, 9999.0, 22.55, 22.48, 22.18, 22.25, 22.25
2026-09-08, 02:46:20, 22.23, 22.25, 22.7, 22.59, 9999.0, 9999.0, 9999.0, 23.82, 9999.0, 22.5, 9999.0, 22.52, 22.5, 22.18, 22.23, 22.25
2026-09-08, 02:46:24, 22.23, 22.25, 22.7, 22.61, 9999.0, 9999.0, 9999.0, 23.84, 9999.0, 22.5, 9999.0, 22.5, 22.48, 22.16, 22.23, 22.25
2026-09-08, 02:46:28, 22.23, 22.25, 22.7, 22.64, 9999.0, 9999.0, 9999.0, 23.86, 9999.0, 22.5, 9999.0, 22.5, 22.45, 22.16, 22.23, 22.25
2026-09-08, 02:46:32, 22.25, 22.25, 22.7, 22.64, 9999.0, 9999.0, 9999.0, 23.91, 9999.0, 22.5, 9999.0, 22.5, 22.45, 22.16, 22.23, 22.25
2026-09-08, 02:46:36, 22.25, 22.27, 22.73, 22.61, 9999.0, 9999.0, 9999.0, 23.93, 9999.0, 22.5, 9999.0, 22.5, 22.43, 22.14, 22.23, 22.25
2026-09-08, 02:46:40, 22.25, 22.27, 22.73, 22.61, 9999.0, 9999.0, 9999.0, 23.86, 9999.0, 22.5, 9999.0, 22.5, 22.41, 22.16, 22.23, 22.25
2026-09-08, 02:46:44, 22.25, 22.27, 22.73, 22.59, 9999.0, 9999.0, 9999.0, 23.84, 9999.0, 22.5, 9999.0, 22.52, 22.41, 22.18, 22.23, 22.25
2026-09-08, 02:46:48, 22.25, 22.27, 22.7, 22.61, 9999.0, 9999.0, 9999.0, 23.82, 9999.0, 22.5, 9999.0, 22.55, 22.39, 22.2, 22.23, 22.25
2026-09-08, 02:46:52, 22.25, 22.3, 22.7, 22.64, 9999.0, 9999.0, 9999.0, 23.77, 9999.0, 22.48, 9999.0, 22.57, 22.36, 22.2, 22.23, 22.25
2026-09-08, 02:46:56, 22.25, 22.3, 22.7, 22.66, 9999.0, 9999.0, 9999.0, 23.73, 9999.0, 22.48, 9999.0, 22.59, 22.34, 22.2, 22.23, 22.25
2026-09-08, 02:47:00, 22.25, 22.3, 22.7, 22.66, 9999.0, 9999.0, 9999.0, 23.68, 9999.0, 22.48, 9999.0, 22.59, 22.34, 22.2, 22.23, 22.25
2026-09-08, 02:47:04, 22.25, 22.3, 22.7, 22.68, 9999.0, 9999.0, 9999.0, 23.64, 9999.0, 22.5, 9999.0, 22.59, 22.34, 22.18, 22.25, 22.25
2026-09-08, 02:47:08, 22.25, 22.3, 22.68, 22.68, 9999.0, 9999.0, 9999.0, 23.61, 9999.0, 22.52, 9999.0, 22.59, 22.36, 22.2, 22.25, 22.25
2026-09-08, 02:47:12, 22.25, 22.32, 22.66, 22.66, 9999.0, 9999.0, 9999.0, 23.59, 9999.0, 22.52, 9999.0, 22.59, 22.39, 22.2, 22.25, 22.25
2026-09-08, 02:47:16, 22.25, 22.32, 22.66, 22.66, 9999.0, 9999.0, 9999.0, 23.64, 9999.0, 22.52, 9999.0, 22.59, 22.36, 22.18, 22.25, 22.23
2026-09-08, 02:47:20, 22.25, 22.32, 22.66, 22.66, 9999.0, 9999.0, 9999.0, 23.68, 9999.0, 22.52, 9999.0, 22.59, 22.36, 22.18, 22.25, 22.23
2026-09-08, 02:47:24, 22.25, 22.32, 22.66, 22.64, 9999.0, 9999.0, 9999.0, 23.75, 9999.0, 22.52, 9999.0, 22.59, 22.39, 22.18, 22.25, 22.23
2026-09-08, 02:47:28, 22.25, 22.32, 22.64, 22.64, 9999.0, 9999.0, 9999.0, 23.77, 9999.0, 22.52, 9999.0, 22.57, 22.36, 22.18, 22.25, 22.23
2026-09-08, 02:47:32, 22.25, 22.34, 22.66, 22.61, 9999.0, 9999.0, 9999.0, 23.8, 9999.0, 22.52, 9999.0, 22.55, 22.39, 22.18, 22.25, 22.23
2026-09-08, 02:47:36, 22.25, 22.32, 22.66, 22.61, 9999.0, 9999.0, 9999.0, 23.82, 9999.0, 22.55, 9999.0, 22.52, 22.39, 22.18, 22.25, 22.23
2026-09-08, 02:47:40, 22.25, 22.32, 22.66, 22.59, 9999.0, 9999.0, 9999.0, 23.84, 9999.0, 22.55, 9999.0, 22.5, 22.39, 22.16, 22.25, 22.23
2026-09-08, 02:47:44, 22.25, 22.32, 22.66, 22.57, 9999.0, 9999.0, 9999.0, 23.89, 9999.0, 22.55, 9999.0, 22.5, 22.36, 22.16, 22.23, 22.23
2026-09-08, 02:47:48, 22.25, 22.32, 22.66, 22.57, 9999.0, 9999.0, 9999.0, 23.91, 9999.0, 22.52, 9999.0, 22.5, 22.36, 22.16, 22.23, 22.2
2026-09-08, 02:47:52, 22.25, 22.34, 22.66, 22.55, 9999.0, 9999.0, 9999.0, 23.95, 9999.0, 22.5, 9999.0, 22.5, 22.36, 22.14, 22.23, 22.2
2026-09-08, 02:47:56, 22.25, 22.34, 22.68, 22.57, 9999.0, 9999.0, 9999.0, 23.98, 9999.0, 22.5, 9999.0, 22.5, 22.34, 22.14, 22.2, 22.2
2026-09-08, 02:48:00, 22.25, 22.36, 22.68, 22.57, 9999.0, 9999.0, 9999.0, 23.93, 9999.0, 22.48, 9999.0, 22.52, 22.34, 22.14, 22.2, 22.23
2026-09-08, 02:48:04, 22.25, 22.36, 22.66, 22.59, 9999.0, 9999.0, 9999.0, 23.89, 9999.0, 22.45, 9999.0, 22.55, 22.34, 22.16, 22.2, 22.23
2026-09-08, 02:48:08, 22.25, 22.39, 22.66, 22.61, 9999.0, 9999.0, 9999.0, 23.84, 9999.0, 22.43, 9999.0, 22.57, 22.32, 22.16, 22.2, 22.23
2026-09-08, 02:48:12, 22.25, 22.39, 22.66, 22.64, 9999.0, 9999.0, 9999.0, 23.82, 9999.0, 22.43, 9999.0, 22.59, 22.34, 22.16, 22.2, 22.23
2026-09-08, 02:48:16, 22.25, 22.36, 22.66, 22.64, 9999.0, 9999.0, 9999.0, 23.77, 9999.0, 22.43, 9999.0, 22.59, 22.32, 22.16, 22.2, 22.23
2026-09-08, 02:48:20, 22.23, 22.36, 22.66, 22.61, 9999.0, 9999.0, 9999.0, 23.75, 9999.0, 22.45, 9999.0, 22.61, 22.34, 22.16, 22.2, 22.23
2026-09-08, 02:48:25, 22.23, 22.36, 22.66, 22.61, 9999.0, 9999.0, 9999.0, 23.73, 9999.0, 22.48, 9999.0, 22.61, 22.36, 22.16, 22.2, 22.23
2026-09-08, 02:48:29, 22.23, 22.36, 22.66, 22.64, 9999.0, 9999.0, 9999.0, 23.68, 9999.0, 22.5, 9999.0, 22.61, 22.39, 22.16, 22.23, 22.23
2026-09-08, 02:48:33, 22.23, 22.36, 22.66, 22.61, 9999.0, 9999.0, 9999.0, 23.73, 9999.0, 22.52, 9999.0, 22.61, 22.39, 22.16, 22.23, 22.25
2026-09-08, 02:48:37, 22.23, 22.34, 22.66, 22.61, 9999.0, 9999.0, 9999.0, 23.75, 9999.0, 22.55, 9999.0, 22.61, 22.39, 22.18, 22.23, 22.23
2026-09-08, 02:48:41, 22.23, 22.32, 22.66, 22.61, 9999.0, 9999.0, 9999.0, 23.8, 9999.0, 22.55, 9999.0, 22.61, 22.39, 22.18, 22.25, 22.23
2026-09-08, 02:48:45, 22.23, 22.3, 22.64, 22.61, 9999.0, 9999.0, 9999.0, 23.82, 9999.0, 22.57, 9999.0, 22.59, 22.39, 22.2, 22.25, 22.23
2026-09-08, 02:48:49, 22.23, 22.27, 22.66, 22.61, 9999.0, 9999.0, 9999.0, 23.84, 9999.0, 22.59, 9999.0, 22.57, 22.39, 22.18, 22.25, 22.23
2026-09-08, 02:48:53, 22.23, 22.25, 22.66, 22.59, 9999.0, 9999.0, 9999.0, 23.86, 9999.0, 22.61, 9999.0, 22.55, 22.39, 22.18, 22.25, 22.23
2026-09-08, 02:48:57, 22.2, 22.25, 22.68, 22.59, 9999.0, 9999.0, 9999.0, 23.89, 9999.0, 22.61, 9999.0, 22.52, 22.36, 22.18, 22.25, 22.23
2026-09-08, 02:49:01, 22.18, 22.25, 22.66, 22.61, 9999.0, 9999.0, 9999.0, 23.93, 9999.0, 22.61, 9999.0, 22.52, 22.39, 22.16, 22.25, 22.23
2026-09-08, 02:49:05, 22.2, 22.25, 22.64, 22.61, 9999.0, 9999.0, 9999.0, 23.98, 9999.0, 22.59, 9999.0, 22.5, 22.36, 22.16, 22.25, 22.23
2026-09-08, 02:49:09, 22.2, 22.27, 22.64, 22.61, 9999.0, 9999.0, 9999.0, 24.02, 9999.0, 22.57, 9999.0, 22.5, 22.34, 22.18, 22.25, 22.23
2026-09-08, 02:49:13, 22.2, 22.27, 22.64, 22.61, 9999.0, 9999.0, 9999.0, 24.05, 9999.0, 22.55, 9999.0, 22.5, 22.32, 22.16, 22.25, 22.23
2026-09-08, 02:49:17, 22.2, 22.27, 22.64, 22.64, 9999.0, 9999.0, 9999.0, 24.0, 9999.0, 22.52, 9999.0, 22.5, 22.3, 22.18, 22.25, 22.23
2026-09-08, 02:49:21, 22.2, 22.27, 22.64, 22.64, 9999.0, 9999.0, 9999.0, 23.95, 9999.0, 22.5, 9999.0, 22.52, 22.27, 22.18, 22.25, 22.25
2026-09-08, 02:49:25, 22.2, 22.27, 22.64, 22.61, 9999.0, 9999.0, 9999.0, 23.91, 9999.0, 22.5, 9999.0, 22.55, 22.3, 22.16, 22.25, 22.25
2026-09-08, 02:49:29, 22.2, 22.3, 22.66, 22.61, 9999.0, 9999.0, 9999.0, 23.89, 9999.0, 22.52, 9999.0, 22.57, 22.32, 22.14, 22.25, 22.25
2026-09-08, 02:49:33, 22.2, 22.3, 22.66, 22.61, 9999.0, 9999.0, 9999.0, 23.84, 9999.0, 22.52, 9999.0, 22.59, 22.32, 22.16, 22.25, 22.25
2026-09-08, 02:49:37, 22.2, 22.3, 22.64, 22.64, 9999.0, 9999.0, 9999.0, 23.82, 9999.0, 22.55, 9999.0, 22.59, 22.34, 22.16, 22.25, 22.25
2026-09-08, 02:49:41, 22.23, 22.3, 22.64, 22.61, 9999.0, 9999.0, 9999.0, 23.77, 9999.0, 22.57, 9999.0, 22.59, 22.36, 22.14, 22.25, 22.25
2026-09-08, 02:49:45, 22.25, 22.3, 22.64, 22.61, 9999.0, 9999.0, 9999.0, 23.73, 9999.0, 22.59, 9999.0, 22.59, 22.36, 22.16, 22.25, 22.23
2026-09-08, 02:49:49, 22.25, 22.3, 22.64, 22.61, 9999.0, 9999.0, 9999.0, 23.75, 9999.0, 22.61, 9999.0, 22.59, 22.39, 22.16, 22.23, 22.23
2026-09-08, 02:49:53, 22.25, 22.3, 22.64, 22.61, 9999.0, 9999.0, 9999.0, 23.77, 9999.0, 22.64, 9999.0, 22.59, 22.41, 22.14, 22.23, 22.23
2026-09-08, 02:49:57, 22.25, 22.32, 22.64, 22.59, 9999.0, 9999.0, 9999.0, 23.82, 9999.0, 22.66, 9999.0, 22.59, 22.41, 22.14, 22.23, 22.23
2026-09-08, 02:50:01, 22.25, 22.32, 22.64, 22.57, 9999.0, 9999.0, 9999.0, 23.84, 9999.0, 22.68, 9999.0, 22.59, 22.41, 22.11, 22.23, 22.2
2026-09-08, 02:50:05, 22.25, 22.32, 22.66, 22.57, 9999.0, 9999.0, 9999.0, 23.86, 9999.0, 22.68, 9999.0, 22.57, 22.41, 22.11, 22.23, 22.2
2026-09-08, 02:50:09, 22.25, 22.32, 22.64, 22.59, 9999.0, 9999.0, 9999.0, 23.89, 9999.0, 22.68, 9999.0, 22.55, 22.39, 22.11, 22.23, 22.18
2026-09-08, 02:50:13, 22.25, 22.3, 22.61, 22.59, 9999.0, 9999.0, 9999.0, 23.91, 9999.0, 22.66, 9999.0, 22.52, 22.39, 22.14, 22.23, 22.18
2026-09-08, 02:50:17, 22.25, 22.3, 22.59, 22.57, 9999.0, 9999.0, 9999.0, 23.95, 9999.0, 22.66, 9999.0, 22.5, 22.39, 22.11, 22.23, 22.16
2026-09-08, 02:50:21, 22.25, 22.3, 22.59, 22.55, 9999.0, 9999.0, 9999.0, 23.98, 9999.0, 22.64, 9999.0, 22.5, 22.39, 22.09, 22.23, 22.16
2026-09-08, 02:50:25, 22.25, 22.3, 22.57, 22.55, 9999.0, 9999.0, 9999.0, 24.02, 9999.0, 22.61, 9999.0, 22.5, 22.36, 22.11, 22.23, 22.16
2026-09-08, 02:50:29, 22.25, 22.3, 22.57, 22.52, 9999.0, 9999.0, 9999.0, 24.07, 9999.0, 22.59, 9999.0, 22.5, 22.34, 22.11, 22.23, 22.18
2026-09-08, 02:50:33, 22.25, 22.3, 22.57, 22.52, 9999.0, 9999.0, 9999.0, 24.02, 9999.0, 22.57, 9999.0, 22.5, 22.34, 22.11, 22.23, 22.18
2026-09-08, 02:50:37, 22.25, 22.27, 22.55, 22.52, 9999.0, 9999.0, 9999.0, 23.98, 9999.0, 22.55, 9999.0, 22.52, 22.32, 22.11, 22.23, 22.18
2026-09-08, 02:50:41, 22.25, 22.25, 22.52, 22.52, 9999.0, 9999.0, 9999.0, 23.93, 9999.0, 22.52, 9999.0, 22.55, 22.32, 22.14, 22.23, 22.18
2026-09-08, 02:50:45, 22.25, 22.25, 22.55, 22.52, 9999.0, 9999.0, 9999.0, 23.89, 9999.0, 22.48, 9999.0, 22.57, 22.32, 22.16, 22.23, 22.2
2026-09-08, 02:50:49, 22.25, 22.25, 22.52, 22.52, 9999.0, 9999.0, 9999.0, 23.86, 9999.0, 22.48, 9999.0, 22.59, 22.32, 22.16, 22.23, 22.18
2026-09-08, 02:50:53, 22.25, 22.25, 22.55, 22.5, 9999.0, 9999.0, 9999.0, 23.82, 9999.0, 22.48, 9999.0, 22.59, 22.32, 22.16, 22.23, 22.2
2026-09-08, 02:50:57, 22.25, 22.25, 22.57, 22.5, 9999.0, 9999.0, 9999.0, 23.77, 9999.0, 22.5, 9999.0, 22.59, 22.3, 22.16, 22.23, 22.2
2026-09-08, 02:51:01, 22.25, 22.25, 22.57, 22.5, 9999.0, 9999.0, 9999.0, 23.73, 9999.0, 22.52, 9999.0, 22.59, 22.32, 22.18, 22.23, 22.23
2026-09-08, 02:51:05, 22.25, 22.25, 22.57, 22.5, 9999.0, 9999.0, 9999.0, 23.68, 9999.0, 22.55, 9999.0, 22.61, 22.32, 22.18, 22.23, 22.23
2026-09-08, 02:51:09, 22.25, 22.25, 22.57, 22.52, 9999.0, 9999.0, 9999.0, 23.7, 9999.0, 22.55, 9999.0, 22.61, 22.32, 22.18, 22.23, 22.23
2026-09-08, 02:51:13, 22.25, 22.25, 22.59, 22.52, 9999.0, 9999.0, 9999.0, 23.73, 9999.0, 22.55, 9999.0, 22.61, 22.34, 22.16, 22.23, 22.23
2026-09-08, 02:51:17, 22.25, 22.25, 22.61, 22.52, 9999.0, 9999.0, 9999.0, 23.77, 9999.0, 22.55, 9999.0, 22.61, 22.32, 22.14, 22.25, 22.23
2026-09-08, 02:51:21, 22.25, 22.25, 22.61, 22.52, 9999.0, 9999.0, 9999.0, 23.8, 9999.0, 22.55, 9999.0, 22.59, 22.32, 22.14, 22.25, 22.23
2026-09-08, 02:51:25, 22.25, 22.25, 22.64, 22.52, 9999.0, 9999.0, 9999.0, 23.82, 9999.0, 22.55, 9999.0, 22.57, 22.32, 22.14, 22.25, 22.2
2026-09-08, 02:51:29, 22.25, 22.25, 22.64, 22.52, 9999.0, 9999.0, 9999.0, 23.86, 9999.0, 22.57, 9999.0, 22.55, 22.32, 22.14, 22.25, 22.2
2026-09-08, 02:51:33, 22.25, 22.25, 22.66, 22.55, 9999.0, 9999.0, 9999.0, 23.89, 9999.0, 22.57, 9999.0, 22.52, 22.34, 22.11, 22.25, 22.23
2026-09-08, 02:51:37, 22.25, 22.25, 22.64, 22.55, 9999.0, 9999.0, 9999.0, 23.93, 9999.0, 22.57, 9999.0, 22.52, 22.34, 22.11, 22.25, 22.2
2026-09-08, 02:51:41, 22.25, 22.25, 22.61, 22.55, 9999.0, 9999.0, 9999.0, 23.98, 9999.0, 22.55, 9999.0, 22.52, 22.34, 22.11, 22.25, 22.18
2026-09-08, 02:51:45, 22.25, 22.25, 22.61, 22.55, 9999.0, 9999.0, 9999.0, 24.02, 9999.0, 22.52, 9999.0, 22.52, 22.32, 22.09, 22.25, 22.18
2026-09-08, 02:51:49, 22.25, 22.25, 22.61, 22.55, 9999.0, 9999.0, 9999.0, 24.05, 9999.0, 22.5, 9999.0, 22.5, 22.3, 22.09, 22.25, 22.18
2026-09-08, 02:51:53, 22.25, 22.25, 22.61, 22.52, 9999.0, 9999.0, 9999.0, 24.0, 9999.0, 22.48, 9999.0, 22.5, 22.3, 22.07, 22.25, 22.18
2026-09-08, 02:51:57, 22.25, 22.25, 22.59, 22.52, 9999.0, 9999.0, 9999.0, 23.95, 9999.0, 22.48, 9999.0, 22.52, 22.27, 22.09, 22.25, 22.18
2026-09-08, 02:52:01, 22.25, 22.25, 22.59, 22.55, 9999.0, 9999.0, 9999.0, 23.91, 9999.0, 22.45, 9999.0, 22.55, 22.27, 22.11, 22.25, 22.16
2026-09-08, 02:52:05, 22.25, 22.25, 22.59, 22.55, 9999.0, 9999.0, 9999.0, 23.89, 9999.0, 22.45, 9999.0, 22.57, 22.27, 22.14, 22.25, 22.14
2026-09-08, 02:52:09, 22.25, 22.25, 22.57, 22.55, 9999.0, 9999.0, 9999.0, 23.86, 9999.0, 22.45, 9999.0, 22.57, 22.3, 22.14, 22.25, 22.16
2026-09-08, 02:52:13, 22.25, 22.25, 22.55, 22.55, 9999.0, 9999.0, 9999.0, 23.84, 9999.0, 22.45, 9999.0, 22.57, 22.32, 22.11, 22.25, 22.14
2026-09-08, 02:52:18, 22.25, 22.25, 22.52, 22.52, 9999.0, 9999.0, 9999.0, 23.8, 9999.0, 22.48, 9999.0, 22.57, 22.32, 22.14, 22.25, 22.11
2026-09-08, 02:52:22, 22.25, 22.25, 22.52, 22.52, 9999.0, 9999.0, 9999.0, 23.75, 9999.0, 22.48, 9999.0, 22.57, 22.34, 22.14, 22.25, 22.14
2026-09-08, 02:52:26, 22.25, 22.25, 22.55, 22.52, 9999.0, 9999.0, 9999.0, 23.77, 9999.0, 22.48, 9999.0, 22.57, 22.34, 22.11, 22.25, 22.16
2026-09-08, 02:52:30, 22.25, 22.25, 22.55, 22.52, 9999.0, 9999.0, 9999.0, 23.8, 9999.0, 22.48, 9999.0, 22.57, 22.36, 22.14, 22.25, 22.16
2026-09-08, 02:52:34, 22.25, 22.25, 22.55, 22.52, 9999.0, 9999.0, 9999.0, 23.84, 9999.0, 22.48, 9999.0, 22.57, 22.36, 22.14, 22.25, 22.14
2026-09-08, 02:52:38, 22.25, 22.25, 22.55, 22.52, 9999.0, 9999.0, 9999.0, 23.86, 9999.0, 22.5, 9999.0, 22.57, 22.36, 22.14, 22.25, 22.14
2026-09-08, 02:52:42, 22.25, 22.25, 22.55, 22.52, 9999.0, 9999.0, 9999.0, 23.89, 9999.0, 22.5, 9999.0, 22.55, 22.36, 22.14, 22.25, 22.11
2026-09-08, 02:52:46, 22.25, 22.27, 22.52, 22.5, 9999.0, 9999.0, 9999.0, 23.91, 9999.0, 22.52, 9999.0, 22.52, 22.39, 22.14, 22.25, 22.14
2026-09-08, 02:52:50, 22.25, 22.27, 22.52, 22.5, 9999.0, 9999.0, 9999.0, 23.93, 9999.0, 22.52, 9999.0, 22.5, 22.39, 22.14, 22.25, 22.16
2026-09-08, 02:52:54, 22.25, 22.27, 22.52, 22.5, 9999.0, 9999.0, 9999.0, 23.95, 9999.0, 22.52, 9999.0, 22.5, 22.36, 22.11, 22.25, 22.14
2026-09-08, 02:52:58, 22.25, 22.27, 22.52, 22.5, 9999.0, 9999.0, 9999.0, 23.98, 9999.0, 22.52, 9999.0, 22.5, 22.34, 22.14, 22.25, 22.14
2026-09-08, 02:53:02, 22.25, 22.27, 22.52, 22.5, 9999.0, 9999.0, 9999.0, 24.02, 9999.0, 22.48, 9999.0, 22.5, 22.32, 22.11, 22.25, 22.14
2026-09-08, 02:53:06, 22.25, 22.27, 22.52, 22.5, 9999.0, 9999.0, 9999.0, 24.05, 9999.0, 22.45, 9999.0, 22.5, 22.3, 22.14, 22.25, 22.14
2026-09-08, 02:53:10, 22.25, 22.27, 22.5, 22.5, 9999.0, 9999.0, 9999.0, 24.0, 9999.0, 22.43, 9999.0, 22.5, 22.3, 22.14, 22.25, 22.14
2026-09-08, 02:53:14, 22.25, 22.27, 22.5, 22.5, 9999.0, 9999.0, 9999.0, 23.95, 9999.0, 22.41, 9999.0, 22.52, 22.3, 22.11, 22.25, 22.14
2026-09-08, 02:53:18, 22.25, 22.27, 22.52, 22.5, 9999.0, 9999.0, 9999.0, 23.91, 9999.0, 22.39, 9999.0, 22.55, 22.3, 22.14, 22.25, 22.16
2026-09-08, 02:53:22, 22.25, 22.27, 22.52, 22.5, 9999.0, 9999.0, 9999.0, 23.86, 9999.0, 22.39, 9999.0, 22.57, 22.32, 22.14, 22.25, 22.16
2026-09-08, 02:53:26, 22.25, 22.27, 22.52, 22.5, 9999.0, 9999.0, 9999.0, 23.82, 9999.0, 22.39, 9999.0, 22.57, 22.32, 22.11, 22.25, 22.18
2026-09-08, 02:53:30, 22.25, 22.25, 22.52, 22.5, 9999.0, 9999.0, 9999.0, 23.77, 9999.0, 22.39, 9999.0, 22.57, 22.32, 22.11, 22.25, 22.18
2026-09-08, 02:53:34, 22.25, 22.25, 22.55, 22.5, 9999.0, 9999.0, 9999.0, 23.73, 9999.0, 22.41, 9999.0, 22.57, 22.32, 22.11, 22.25, 22.16
2026-09-08, 02:53:38, 22.25, 22.25, 22.55, 22.5, 9999.0, 9999.0, 9999.0, 23.68, 9999.0, 22.41, 9999.0, 22.57, 22.34, 22.11, 22.25, 22.18
2026-09-08, 02:53:42, 22.25, 22.25, 22.55, 22.5, 9999.0, 9999.0, 9999.0, 23.7, 9999.0, 22.41, 9999.0, 22.57, 22.34, 22.09, 22.25, 22.2
2026-09-08, 02:53:46, 22.25, 22.25, 22.57, 22.52, 9999.0, 9999.0, 9999.0, 23.73, 9999.0, 22.43, 9999.0, 22.57, 22.34, 22.09, 22.25, 22.2
2026-09-08, 02:53:50, 22.25, 22.25, 22.57, 22.52, 9999.0, 9999.0, 9999.0, 23.77, 9999.0, 22.45, 9999.0, 22.57, 22.34, 22.07, 22.25, 22.18
2026-09-08, 02:53:54, 22.25, 22.25, 22.57, 22.52, 9999.0, 9999.0, 9999.0, 23.8, 9999.0, 22.48, 9999.0, 22.57, 22.34, 22.07, 22.25, 22.16
2026-09-08, 02:53:58, 22.25, 22.25, 22.57, 22.52, 9999.0, 9999.0, 9999.0, 23.82, 9999.0, 22.5, 9999.0, 22.55, 22.32, 22.07, 22.25, 22.14
2026-09-08, 02:54:02, 22.23, 22.25, 22.55, 22.52, 9999.0, 9999.0, 9999.0, 23.84, 9999.0, 22.52, 9999.0, 22.52, 22.32, 22.05, 22.25, 22.14
2026-09-08, 02:54:06, 22.23, 22.25, 22.55, 22.52, 9999.0, 9999.0, 9999.0, 23.86, 9999.0, 22.52, 9999.0, 22.5, 22.3, 22.05, 22.25, 22.14
2026-09-08, 02:54:10, 22.23, 22.25, 22.55, 22.52, 9999.0, 9999.0, 9999.0, 23.89, 9999.0, 22.52, 9999.0, 22.48, 22.3, 22.05, 22.25, 22.14
2026-09-08, 02:54:14, 22.23, 22.25, 22.55, 22.52, 9999.0, 9999.0, 9999.0, 23.91, 9999.0, 22.52, 9999.0, 22.48, 22.27, 22.05, 22.25, 22.14
2026-09-08, 02:54:18, 22.23, 22.25, 22.52, 22.52, 9999.0, 9999.0, 9999.0, 23.93, 9999.0, 22.48, 9999.0, 22.48, 22.27, 22.05, 22.25, 22.14
2026-09-08, 02:54:22, 22.23, 22.25, 22.52, 22.52, 9999.0, 9999.0, 9999.0, 23.95, 9999.0, 22.45, 9999.0, 22.5, 22.27, 22.05, 22.23, 22.14
2026-09-08, 02:54:26, 22.23, 22.25, 22.52, 22.52, 9999.0, 9999.0, 9999.0, 23.91, 9999.0, 22.43, 9999.0, 22.5, 22.27, 22.05, 22.23, 22.11
2026-09-08, 02:54:30, 22.23, 22.25, 22.5, 22.5, 9999.0, 9999.0, 9999.0, 23.84, 9999.0, 22.41, 9999.0, 22.52, 22.27, 22.05, 22.23, 22.14
2026-09-08, 02:54:34, 22.23, 22.25, 22.5, 22.5, 9999.0, 9999.0, 9999.0, 23.77, 9999.0, 22.39, 9999.0, 22.55, 22.27, 22.07, 22.23, 22.16
2026-09-08, 02:54:38, 22.23, 22.25, 22.5, 22.5, 9999.0, 9999.0, 9999.0, 23.75, 9999.0, 22.36, 9999.0, 22.57, 22.27, 22.09, 22.23, 22.16
2026-09-08, 02:54:42, 22.23, 22.27, 22.5, 22.52, 9999.0, 9999.0, 9999.0, 23.7, 9999.0, 22.36, 9999.0, 22.57, 22.27, 22.11, 22.23, 22.16
2026-09-08, 02:54:46, 22.25, 22.27, 22.5, 22.52, 9999.0, 9999.0, 9999.0, 23.66, 9999.0, 22.36, 9999.0, 22.57, 22.27, 22.14, 22.23, 22.14
2026-09-08, 02:54:50, 22.25, 22.27, 22.5, 22.52, 9999.0, 9999.0, 9999.0, 23.64, 9999.0, 22.39, 9999.0, 22.59, 22.3, 22.16, 22.23, 22.14
2026-09-08, 02:54:54, 22.25, 22.27, 22.5, 22.52, 9999.0, 9999.0, 9999.0, 23.61, 9999.0, 22.39, 9999.0, 22.61, 22.32, 22.18, 22.23, 22.14
2026-09-08, 02:54:58, 22.25, 22.27, 22.5, 22.52, 9999.0, 9999.0, 9999.0, 23.59, 9999.0, 22.39, 9999.0, 22.61, 22.32, 22.16, 22.23, 22.14
2026-09-08, 02:55:02, 22.25, 22.3, 22.52, 22.52, 9999.0, 9999.0, 9999.0, 23.64, 9999.0, 22.41, 9999.0, 22.61, 22.32, 22.14, 22.23, 22.16
2026-09-08, 02:55:06, 22.25, 22.3, 22.52, 22.52, 9999.0, 9999.0, 9999.0, 23.66, 9999.0, 22.43, 9999.0, 22.59, 22.3, 22.14, 22.25, 22.14
2026-09-08, 02:55:10, 22.25, 22.3, 22.52, 22.52, 9999.0, 9999.0, 9999.0, 23.68, 9999.0, 22.45, 9999.0, 22.59, 22.3, 22.14, 22.25, 22.16
2026-09-08, 02:55:14, 22.25, 22.3, 22.52, 22.52, 9999.0, 9999.0, 9999.0, 23.73, 9999.0, 22.48, 9999.0, 22.57, 22.3, 22.16, 22.25, 22.16
2026-09-08, 02:55:18, 22.25, 22.3, 22.52, 22.52, 9999.0, 9999.0, 9999.0, 23.77, 9999.0, 22.48, 9999.0, 22.55, 22.3, 22.14, 22.25, 22.14
2026-09-08, 02:55:22, 22.25, 22.3, 22.52, 22.52, 9999.0, 9999.0, 9999.0, 23.8, 9999.0, 22.48, 9999.0, 22.52, 22.3, 22.11, 22.25, 22.16
2026-09-08, 02:55:26, 22.25, 22.27, 22.52, 22.5, 9999.0, 9999.0, 9999.0, 23.82, 9999.0, 22.45, 9999.0, 22.52, 22.3, 22.09, 22.25, 22.16
2026-09-08, 02:55:30, 22.25, 22.27, 22.52, 22.5, 9999.0, 9999.0, 9999.0, 23.84, 9999.0, 22.43, 9999.0, 22.5, 22.3, 22.07, 22.25, 22.18
2026-09-08, 02:55:34, 22.25, 22.27, 22.52, 22.5, 9999.0, 9999.0, 9999.0, 23.86, 9999.0, 22.39, 9999.0, 22.45, 22.27, 22.07, 22.23, 22.16
2026-09-08, 02:55:38, 22.25, 22.27, 22.52, 22.5, 9999.0, 9999.0, 9999.0, 23.89, 9999.0, 22.36, 9999.0, 22.45, 22.25, 22.07, 22.23, 22.14
2026-09-08, 02:55:42, 22.25, 22.27, 22.55, 22.5, 9999.0, 9999.0, 9999.0, 23.91, 9999.0, 22.34, 9999.0, 22.45, 22.25, 22.07, 22.23, 22.11
2026-09-08, 02:55:46, 22.25, 22.25, 22.52, 22.5, 9999.0, 9999.0, 9999.0, 23.86, 9999.0, 22.32, 9999.0, 22.48, 22.25, 22.07, 22.23, 22.09
2026-09-08, 02:55:50, 22.25, 22.25, 22.55, 22.5, 9999.0, 9999.0, 9999.0, 23.84, 9999.0, 22.3, 9999.0, 22.5, 22.25, 22.09, 22.23, 22.11
2026-09-08, 02:55:54, 22.25, 22.25, 22.55, 22.52, 9999.0, 9999.0, 9999.0, 23.82, 9999.0, 22.27, 9999.0, 22.5, 22.25, 22.11, 22.23, 22.11
2026-09-08, 02:55:58, 22.25, 22.25, 22.55, 22.52, 9999.0, 9999.0, 9999.0, 23.8, 9999.0, 22.27, 9999.0, 22.52, 22.27, 22.11, 22.23, 22.09
2026-09-08, 02:56:02, 22.23, 22.25, 22.55, 22.52, 9999.0, 9999.0, 9999.0, 23.75, 9999.0, 22.27, 9999.0, 22.52, 22.27, 22.11, 22.23, 22.11
2026-09-08, 02:56:06, 22.23, 22.25, 22.57, 22.52, 9999.0, 9999.0, 9999.0, 23.7, 9999.0, 22.3, 9999.0, 22.52, 22.3, 22.11, 22.23, 22.09
2026-09-08, 02:56:11, 22.23, 22.25, 22.57, 22.52, 9999.0, 9999.0, 9999.0, 23.68, 9999.0, 22.32, 9999.0, 22.52, 22.32, 22.14, 22.23, 22.11
2026-09-08, 02:56:15, 22.23, 22.25, 22.57, 22.52, 9999.0, 9999.0, 9999.0, 23.64, 9999.0, 22.34, 9999.0, 22.55, 22.34, 22.16, 22.2, 22.11
2026-09-08, 02:56:19, 22.23, 22.25, 22.59, 22.52, 9999.0, 9999.0, 9999.0, 23.68, 9999.0, 22.36, 9999.0, 22.57, 22.34, 22.16, 22.23, 22.11
2026-09-08, 02:56:23, 22.23, 22.27, 22.61, 22.52, 9999.0, 9999.0, 9999.0, 23.73, 9999.0, 22.39, 9999.0, 22.57, 22.34, 22.14, 22.23, 22.14
2026-09-08, 02:56:27, 22.23, 22.27, 22.59, 22.52, 9999.0, 9999.0, 9999.0, 23.75, 9999.0, 22.41, 9999.0, 22.57, 22.34, 22.16, 22.23, 22.14
2026-09-08, 02:56:31, 22.23, 22.27, 22.59, 22.52, 9999.0, 9999.0, 9999.0, 23.77, 9999.0, 22.43, 9999.0, 22.55, 22.34, 22.16, 22.23, 22.16
2026-09-08, 02:56:35, 22.23, 22.27, 22.57, 22.52, 9999.0, 9999.0, 9999.0, 23.8, 9999.0, 22.43, 9999.0, 22.52, 22.34, 22.14, 22.23, 22.16
2026-09-08, 02:56:39, 22.23, 22.27, 22.57, 22.5, 9999.0, 9999.0, 9999.0, 23.8, 9999.0, 22.43, 9999.0, 22.52, 22.34, 22.14, 22.23, 22.14
2026-09-08, 02:56:43, 22.23, 22.27, 22.57, 22.5, 9999.0, 9999.0, 9999.0, 23.8, 9999.0, 22.41, 9999.0, 22.5, 22.32, 22.14, 22.23, 22.16
2026-09-08, 02:56:47, 22.25, 22.27, 22.59, 22.5, 9999.0, 9999.0, 9999.0, 23.82, 9999.0, 22.41, 9999.0, 22.5, 22.32, 22.16, 22.23, 22.16
2026-09-08, 02:56:51, 22.25, 22.27, 22.57, 22.5, 9999.0, 9999.0, 9999.0, 23.84, 9999.0, 22.39, 9999.0, 22.5, 22.3, 22.16, 22.23, 22.18
2026-09-08, 02:56:55, 22.25, 22.27, 22.57, 22.5, 9999.0, 9999.0, 9999.0, 23.86, 9999.0, 22.36, 9999.0, 22.5, 22.27, 22.14, 22.23, 22.18
2026-09-08, 02:56:59, 22.25, 22.27, 22.57, 22.5, 9999.0, 9999.0, 9999.0, 23.91, 9999.0, 22.34, 9999.0, 22.5, 22.25, 22.14, 22.25, 22.16
2026-09-08, 02:57:03, 22.25, 22.27, 22.55, 22.5, 9999.0, 9999.0, 9999.0, 23.84, 9999.0, 22.32, 9999.0, 22.5, 22.25, 22.11, 22.25, 22.18
2026-09-08, 02:57:07, 22.25, 22.25, 22.52, 22.5, 9999.0, 9999.0, 9999.0, 23.8, 9999.0, 22.3, 9999.0, 22.52, 22.27, 22.11, 22.25, 22.18
2026-09-08, 02:57:11, 22.25, 22.25, 22.52, 22.5, 9999.0, 9999.0, 9999.0, 23.75, 9999.0, 22.27, 9999.0, 22.52, 22.27, 22.11, 22.25, 22.2
2026-09-08, 02:57:15, 22.25, 22.25, 22.52, 22.5, 9999.0, 9999.0, 9999.0, 23.7, 9999.0, 22.25, 9999.0, 22.55, 22.27, 22.14, 22.25, 22.18
2026-09-08, 02:57:19, 22.25, 22.25, 22.52, 22.5, 9999.0, 9999.0, 9999.0, 23.66, 9999.0, 22.25, 9999.0, 22.57, 22.27, 22.14, 22.25, 22.18
2026-09-08, 02:57:23, 22.25, 22.25, 22.52, 22.5, 9999.0, 9999.0, 9999.0, 23.64, 9999.0, 22.25, 9999.0, 22.59, 22.27, 22.11, 22.25, 22.18
2026-09-08, 02:57:27, 22.25, 22.25, 22.52, 22.5, 9999.0, 9999.0, 9999.0, 23.61, 9999.0, 22.27, 9999.0, 22.59, 22.27, 22.09, 22.25, 22.18
2026-09-08, 02:57:31, 22.25, 22.25, 22.5, 22.5, 9999.0, 9999.0, 9999.0, 23.59, 9999.0, 22.3, 9999.0, 22.59, 22.27, 22.09, 22.25, 22.18
2026-09-08, 02:57:35, 22.25, 22.25, 22.5, 22.5, 9999.0, 9999.0, 9999.0, 23.64, 9999.0, 22.32, 9999.0, 22.59, 22.27, 22.09, 22.25, 22.16
2026-09-08, 02:57:39, 22.25, 22.25, 22.5, 22.5, 9999.0, 9999.0, 9999.0, 23.68, 9999.0, 22.34, 9999.0, 22.59, 22.3, 22.11, 22.25, 22.16
2026-09-08, 02:57:43, 22.23, 22.25, 22.5, 22.5, 9999.0, 9999.0, 9999.0, 23.7, 9999.0, 22.36, 9999.0, 22.59, 22.32, 22.11, 22.23, 22.18
2026-09-08, 02:57:47, 22.23, 22.25, 22.5, 22.5, 9999.0, 9999.0, 9999.0, 23.75, 9999.0, 22.36, 9999.0, 22.59, 22.32, 22.11, 22.23, 22.18
2026-09-08, 02:57:51, 22.23, 22.25, 22.5, 22.5, 9999.0, 9999.0, 9999.0, 23.77, 9999.0, 22.36, 9999.0, 22.57, 22.3, 22.14, 22.23, 22.18
2026-09-08, 02:57:55, 22.23, 22.25, 22.52, 22.5, 9999.0, 9999.0, 9999.0, 23.82, 9999.0, 22.36, 9999.0, 22.57, 22.3, 22.14, 22.23, 22.18
2026-09-08, 02:57:59, 22.23, 22.25, 22.52, 22.5, 9999.0, 9999.0, 9999.0, 23.84, 9999.0, 22.36, 9999.0, 22.55, 22.3, 22.11, 22.23, 22.2
2026-09-08, 02:58:03, 22.23, 22.25, 22.52, 22.5, 9999.0, 9999.0, 9999.0, 23.86, 9999.0, 22.36, 9999.0, 22.52, 22.3, 22.11, 22.23, 22.2
2026-09-08, 02:58:07, 22.23, 22.25, 22.52, 22.5, 9999.0, 9999.0, 9999.0, 23.89, 9999.0, 22.36, 9999.0, 22.5, 22.3, 22.11, 22.23, 22.23
2026-09-08, 02:58:11, 22.23, 22.25, 22.52, 22.5, 9999.0, 9999.0, 9999.0, 23.91, 9999.0, 22.34, 9999.0, 22.5, 22.3, 22.11, 22.23, 22.23
2026-09-08, 02:58:15, 22.23, 22.25, 22.55, 22.5, 9999.0, 9999.0, 9999.0, 23.91, 9999.0, 22.32, 9999.0, 22.5, 22.3, 22.09, 22.23, 22.23
2026-09-08, 02:58:19, 22.23, 22.25, 22.55, 22.5, 9999.0, 9999.0, 9999.0, 23.86, 9999.0, 22.27, 9999.0, 22.52, 22.3, 22.09, 22.23, 22.25
2026-09-08, 02:58:23, 22.23, 22.25, 22.55, 22.5, 9999.0, 9999.0, 9999.0, 23.8, 9999.0, 22.25, 9999.0, 22.55, 22.27, 22.09, 22.2, 22.23
2026-09-08, 02:58:27, 22.25, 22.25, 22.57, 22.5, 9999.0, 9999.0, 9999.0, 23.75, 9999.0, 22.2, 9999.0, 22.57, 22.25, 22.09, 22.23, 22.23
2026-09-08, 02:58:31, 22.25, 22.25, 22.59, 22.5, 9999.0, 9999.0, 9999.0, 23.7, 9999.0, 22.18, 9999.0, 22.59, 22.25, 22.11, 22.23, 22.23
2026-09-08, 02:58:35, 22.25, 22.25, 22.61, 22.5, 9999.0, 9999.0, 9999.0, 23.66, 9999.0, 22.18, 9999.0, 22.59, 22.25, 22.11, 22.23, 22.2
2026-09-08, 02:58:39, 22.25, 22.25, 22.59, 22.5, 9999.0, 9999.0, 9999.0, 23.61, 9999.0, 22.18, 9999.0, 22.59, 22.25, 22.09, 22.23, 22.2
2026-09-08, 02:58:43, 22.25, 22.25, 22.59, 22.5, 9999.0, 9999.0, 9999.0, 23.57, 9999.0, 22.2, 9999.0, 22.59, 22.27, 22.11, 22.23, 22.2
2026-09-08, 02:58:47, 22.25, 22.25, 22.59, 22.5, 9999.0, 9999.0, 9999.0, 23.52, 9999.0, 22.23, 9999.0, 22.61, 22.3, 22.11, 22.23, 22.2
2026-09-08, 02:58:51, 22.25, 22.25, 22.59, 22.5, 9999.0, 9999.0, 9999.0, 23.48, 9999.0, 22.23, 9999.0, 22.61, 22.32, 22.11, 22.23, 22.2
2026-09-08, 02:58:55, 22.25, 22.25, 22.59, 22.5, 9999.0, 9999.0, 9999.0, 23.5, 9999.0, 22.23, 9999.0, 22.61, 22.32, 22.14, 22.23, 22.2
2026-09-08, 02:58:59, 22.25, 22.25, 22.59, 22.5, 9999.0, 9999.0, 9999.0, 23.55, 9999.0, 22.23, 9999.0, 22.61, 22.32, 22.14, 22.23, 22.2
2026-09-08, 02:59:03, 22.25, 22.25, 22.59, 22.5, 9999.0, 9999.0, 9999.0, 23.57, 9999.0, 22.25, 9999.0, 22.59, 22.32, 22.16, 22.23, 22.2
2026-09-08, 02:59:07, 22.25, 22.25, 22.59, 22.5, 9999.0, 9999.0, 9999.0, 23.59, 9999.0, 22.25, 9999.0, 22.57, 22.32, 22.14, 22.25, 22.23
2026-09-08, 02:59:11, 22.25, 22.25, 22.57, 22.52, 9999.0, 9999.0, 9999.0, 23.61, 9999.0, 22.27, 9999.0, 22.55, 22.32, 22.14, 22.25, 22.23
2026-09-08, 02:59:15, 22.25, 22.25, 22.57, 22.52, 9999.0, 9999.0, 9999.0, 23.64, 9999.0, 22.3, 9999.0, 22.52, 22.32, 22.14, 22.25, 22.23
2026-09-08, 02:59:19, 22.25, 22.25, 22.55, 22.52, 9999.0, 9999.0, 9999.0, 23.64, 9999.0, 22.27, 9999.0, 22.52, 22.32, 22.11, 22.25, 22.25
2026-09-08, 02:59:23, 22.25, 22.25, 22.55, 22.52, 9999.0, 9999.0, 9999.0, 23.66, 9999.0, 22.27, 9999.0, 22.52, 22.32, 22.11, 22.25, 22.25
2026-09-08, 02:59:27, 22.25, 22.25, 22.55, 22.55, 9999.0, 9999.0, 9999.0, 23.7, 9999.0, 22.25, 9999.0, 22.52, 22.3, 22.09, 22.25, 22.25
2026-09-08, 02:59:31, 22.25, 22.25, 22.55, 22.55, 9999.0, 9999.0, 9999.0, 23.73, 9999.0, 22.23, 9999.0, 22.5, 22.27, 22.09, 22.25, 22.25
2026-09-08, 02:59:35, 22.23, 22.25, 22.57, 22.55, 9999.0, 9999.0, 9999.0, 23.75, 9999.0, 22.2, 9999.0, 22.5, 22.25, 22.09, 22.25, 22.25
2026-09-08, 02:59:39, 22.23, 22.25, 22.57, 22.55, 9999.0, 9999.0, 9999.0, 23.7, 9999.0, 22.18, 9999.0, 22.52, 22.25, 22.09, 22.25, 22.23
2026-09-08, 02:59:43, 22.23, 22.25, 22.57, 22.55, 9999.0, 9999.0, 9999.0, 23.66, 9999.0, 22.16, 9999.0, 22.55, 22.27, 22.11, 22.23, 22.23
2026-09-08, 02:59:47, 22.23, 22.25, 22.59, 22.55, 9999.0, 9999.0, 9999.0, 23.61, 9999.0, 22.16, 9999.0, 22.57, 22.27, 22.11, 22.23, 22.2
2026-09-08, 02:59:51, 22.23, 22.25, 22.61, 22.55, 9999.0, 9999.0, 9999.0, 23.59, 9999.0, 22.16, 9999.0, 22.59, 22.27, 22.14, 22.23, 22.18
2026-09-08, 02:59:55, 22.23, 22.25, 22.61, 22.52, 9999.0, 9999.0, 9999.0, 23.55, 9999.0, 22.16, 9999.0, 22.61, 22.27, 22.11, 22.23, 22.18
2026-09-08, 02:59:59, 22.23, 22.25, 22.59, 22.52, 9999.0, 9999.0, 9999.0, 23.5, 9999.0, 22.18, 9999.0, 22.61, 22.3, 22.09, 22.23, 22.18
2026-09-08, 03:00:04, 22.23, 22.25, 22.59, 22.55, 9999.0, 9999.0, 9999.0, 23.48, 9999.0, 22.23, 9999.0, 22.64, 22.32, 22.09, 22.23, 22.18
2026-09-08, 03:00:08, 22.23, 22.25, 22.61, 22.57, 9999.0, 9999.0, 9999.0, 23.43, 9999.0, 22.25, 9999.0, 22.64, 22.34, 22.11, 22.23, 22.18
2026-09-08, 03:00:12, 22.23, 22.25, 22.64, 22.55, 9999.0, 9999.0, 9999.0, 23.45, 9999.0, 22.25, 9999.0, 22.64, 22.34, 22.14, 22.23, 22.18
2026-09-08, 03:00:16, 22.23, 22.25, 22.64, 22.55, 9999.0, 9999.0, 9999.0, 23.5, 9999.0, 22.25, 9999.0, 22.64, 22.34, 22.14, 22.23, 22.18
2026-09-08, 03:00:20, 22.25, 22.25, 22.64, 22.55, 9999.0, 9999.0, 9999.0, 23.55, 9999.0, 22.27, 9999.0, 22.64, 22.36, 22.16, 22.23, 22.18
2026-09-08, 03:00:24, 22.25, 22.25, 22.66, 22.57, 9999.0, 9999.0, 9999.0, 23.59, 9999.0, 22.3, 9999.0, 22.61, 22.36, 22.14, 22.23, 22.2
2026-09-08, 03:00:28, 22.25, 22.25, 22.64, 22.57, 9999.0, 9999.0, 9999.0, 23.64, 9999.0, 22.3, 9999.0, 22.59, 22.34, 22.11, 22.25, 22.18
2026-09-08, 03:00:32, 22.25, 22.25, 22.61, 22.57, 9999.0, 9999.0, 9999.0, 23.66, 9999.0, 22.27, 9999.0, 22.57, 22.34, 22.11, 22.25, 22.2
2026-09-08, 03:00:36, 22.25, 22.25, 22.59, 22.59, 9999.0, 9999.0, 9999.0, 23.68, 9999.0, 22.25, 9999.0, 22.55, 22.34, 22.09, 22.25, 22.23
2026-09-08, 03:00:40, 22.25, 22.25, 22.61, 22.61, 9999.0, 9999.0, 9999.0, 23.73, 9999.0, 22.23, 9999.0, 22.52, 22.34, 22.09, 22.25, 22.23
2026-09-08, 03:00:44, 22.25, 22.25, 22.64, 22.61, 9999.0, 9999.0, 9999.0, 23.77, 9999.0, 22.18, 9999.0, 22.52, 22.32, 22.11, 22.25, 22.23
2026-09-08, 03:00:48, 22.25, 22.25, 22.66, 22.59, 9999.0, 9999.0, 9999.0, 23.8, 9999.0, 22.14, 9999.0, 22.5, 22.3, 22.11, 22.25, 22.2
2026-09-08, 03:00:52, 22.25, 22.25, 22.66, 22.59, 9999.0, 9999.0, 9999.0, 23.82, 9999.0, 22.09, 9999.0, 22.5, 22.27, 22.09, 22.25, 22.2
2026-09-08, 03:00:56, 22.25, 22.25, 22.64, 22.59, 9999.0, 9999.0, 9999.0, 23.77, 9999.0, 22.07, 9999.0, 22.5, 22.3, 22.07, 22.25, 22.2
2026-09-08, 03:01:00, 22.25, 22.25, 22.64, 22.61, 9999.0, 9999.0, 9999.0, 23.73, 9999.0, 22.02, 9999.0, 22.52, 22.32, 22.09, 22.25, 22.2
2026-09-08, 03:01:04, 22.25, 22.25, 22.64, 22.64, 9999.0, 9999.0, 9999.0, 23.68, 9999.0, 22.0, 9999.0, 22.55, 22.32, 22.09, 22.25, 22.2
2026-09-08, 03:01:08, 22.25, 22.25, 22.64, 22.64, 9999.0, 9999.0, 9999.0, 23.64, 9999.0, 22.0, 9999.0, 22.57, 22.34, 22.09, 22.25, 22.2
2026-09-08, 03:01:12, 22.25, 22.25, 22.66, 22.66, 9999.0, 9999.0, 9999.0, 23.59, 9999.0, 22.02, 9999.0, 22.57, 22.34, 22.09, 22.25, 22.23
2026-09-08, 03:01:16, 22.25, 22.25, 22.68, 22.68, 9999.0, 9999.0, 9999.0, 23.55, 9999.0, 22.05, 9999.0, 22.57, 22.36, 22.09, 22.25, 22.23
2026-09-08, 03:01:20, 22.25, 22.25, 22.68, 22.66, 9999.0, 9999.0, 9999.0, 23.5, 9999.0, 22.09, 9999.0, 22.57, 22.39, 22.11, 22.25, 22.2
2026-09-08, 03:01:24, 22.25, 22.25, 22.68, 22.66, 9999.0, 9999.0, 9999.0, 23.45, 9999.0, 22.11, 9999.0, 22.57, 22.41, 22.11, 22.25, 22.2
2026-09-08, 03:01:28, 22.25, 22.25, 22.68, 22.68, 9999.0, 9999.0, 9999.0, 23.48, 9999.0, 22.14, 9999.0, 22.57, 22.43, 22.09, 22.25, 22.18
2026-09-08, 03:01:32, 22.25, 22.25, 22.68, 22.7, 9999.0, 9999.0, 9999.0, 23.52, 9999.0, 22.16, 9999.0, 22.57, 22.45, 22.11, 22.25, 22.2
2026-09-08, 03:01:36, 22.25, 22.25, 22.68, 22.7, 9999.0, 9999.0, 9999.0, 23.57, 9999.0, 22.18, 9999.0, 22.57, 22.48, 22.14, 22.25, 22.2
2026-09-08, 03:01:40, 22.25, 22.25, 22.68, 22.7, 9999.0, 9999.0, 9999.0, 23.59, 9999.0, 22.2, 9999.0, 22.57, 22.48, 22.16, 22.25, 22.2
2026-09-08, 03:01:44, 22.25, 22.25, 22.7, 22.68, 9999.0, 9999.0, 9999.0, 23.61, 9999.0, 22.25, 9999.0, 22.55, 22.48, 22.14, 22.25, 22.2
2026-09-08, 03:01:48, 22.25, 22.25, 22.7, 22.68, 9999.0, 9999.0, 9999.0, 23.64, 9999.0, 22.27, 9999.0, 22.52, 22.45, 22.11, 22.25, 22.2
2026-09-08, 03:01:52, 22.25, 22.25, 22.7, 22.68, 9999.0, 9999.0, 9999.0, 23.64, 9999.0, 22.27, 9999.0, 22.5, 22.43, 22.14, 22.25, 22.2
2026-09-08, 03:01:56, 22.25, 22.25, 22.7, 22.66, 9999.0, 9999.0, 9999.0, 23.64, 9999.0, 22.25, 9999.0, 22.5, 22.43, 22.14, 22.25, 22.2
2026-09-08, 03:02:00, 22.25, 22.25, 22.7, 22.66, 9999.0, 9999.0, 9999.0, 23.66, 9999.0, 22.23, 9999.0, 22.5, 22.41, 22.14, 22.25, 22.2
2026-09-08, 03:02:04, 22.25, 22.25, 22.73, 22.68, 9999.0, 9999.0, 9999.0, 23.68, 9999.0, 22.18, 9999.0, 22.52, 22.39, 22.11, 22.25, 22.23
2026-09-08, 03:02:08, 22.25, 22.25, 22.73, 22.68, 9999.0, 9999.0, 9999.0, 23.73, 9999.0, 22.16, 9999.0, 22.52, 22.36, 22.11, 22.25, 22.23
2026-09-08, 03:02:12, 22.25, 22.25, 22.73, 22.68, 9999.0, 9999.0, 9999.0, 23.68, 9999.0, 22.14, 9999.0, 22.52, 22.34, 22.11, 22.25, 22.25
2026-09-08, 03:02:16, 22.25, 22.25, 22.73, 22.68, 9999.0, 9999.0, 9999.0, 23.64, 9999.0, 22.11, 9999.0, 22.55, 22.34, 22.11, 22.25, 22.25
2026-09-08, 03:02:20, 22.25, 22.25, 22.73, 22.68, 9999.0, 9999.0, 9999.0, 23.59, 9999.0, 22.09, 9999.0, 22.57, 22.34, 22.11, 22.25, 22.25
2026-09-08, 03:02:24, 22.25, 22.27, 22.75, 22.7, 9999.0, 9999.0, 9999.0, 23.57, 9999.0, 22.07, 9999.0, 22.59, 22.32, 22.11, 22.25, 22.25
2026-09-08, 03:02:28, 22.25, 22.27, 22.75, 22.73, 9999.0, 9999.0, 9999.0, 23.55, 9999.0, 22.07, 9999.0, 22.61, 22.32, 22.11, 22.25, 22.25
2026-09-08, 03:02:32, 22.25, 22.27, 22.75, 22.73, 9999.0, 9999.0, 9999.0, 23.5, 9999.0, 22.05, 9999.0, 22.61, 22.32, 22.14, 22.25, 22.25
2026-09-08, 03:02:36, 22.25, 22.27, 22.75, 22.73, 9999.0, 9999.0, 9999.0, 23.48, 9999.0, 22.05, 9999.0, 22.64, 22.34, 22.14, 22.25, 22.23
2026-09-08, 03:02:40, 22.25, 22.27, 22.75, 22.75, 9999.0, 9999.0, 9999.0, 23.45, 9999.0, 22.07, 9999.0, 22.64, 22.36, 22.16, 22.25, 22.23
2026-09-08, 03:02:44, 22.25, 22.27, 22.75, 22.75, 9999.0, 9999.0, 9999.0, 23.43, 9999.0, 22.09, 9999.0, 22.64, 22.39, 22.14, 22.25, 22.23
2026-09-08, 03:02:48, 22.25, 22.27, 22.75, 22.75, 9999.0, 9999.0, 9999.0, 23.48, 9999.0, 22.11, 9999.0, 22.61, 22.41, 22.16, 22.25, 22.23
2026-09-08, 03:02:52, 22.25, 22.27, 22.73, 22.75, 9999.0, 9999.0, 9999.0, 23.5, 9999.0, 22.14, 9999.0, 22.61, 22.43, 22.16, 22.25, 22.23
2026-09-08, 03:02:56, 22.25, 22.3, 22.73, 22.75, 9999.0, 9999.0, 9999.0, 23.55, 9999.0, 22.16, 9999.0, 22.61, 22.45, 22.16, 22.25, 22.23
2026-09-08, 03:03:00, 22.25, 22.3, 22.73, 22.75, 9999.0, 9999.0, 9999.0, 23.57, 9999.0, 22.16, 9999.0, 22.59, 22.45, 22.16, 22.23, 22.23
2026-09-08, 03:03:04, 22.25, 22.3, 22.73, 22.75, 9999.0, 9999.0, 9999.0, 23.59, 9999.0, 22.16, 9999.0, 22.57, 22.45, 22.16, 22.23, 22.23
2026-09-08, 03:03:08, 22.25, 22.27, 22.73, 22.75, 9999.0, 9999.0, 9999.0, 23.59, 9999.0, 22.16, 9999.0, 22.55, 22.48, 22.16, 22.23, 22.23
2026-09-08, 03:03:12, 22.25, 22.27, 22.73, 22.75, 9999.0, 9999.0, 9999.0, 23.59, 9999.0, 22.14, 9999.0, 22.52, 22.48, 22.16, 22.23, 22.23
2026-09-08, 03:03:16, 22.25, 22.27, 22.73, 22.75, 9999.0, 9999.0, 9999.0, 23.64, 9999.0, 22.14, 9999.0, 22.52, 22.48, 22.16, 22.23, 22.2
2026-09-08, 03:03:20, 22.25, 22.27, 22.7, 22.75, 9999.0, 9999.0, 9999.0, 23.68, 9999.0, 22.11, 9999.0, 22.5, 22.48, 22.16, 22.23, 22.23
2026-09-08, 03:03:24, 22.25, 22.27, 22.7, 22.75, 9999.0, 9999.0, 9999.0, 23.73, 9999.0, 22.09, 9999.0, 22.5, 22.45, 22.16, 22.23, 22.23
2026-09-08, 03:03:28, 22.25, 22.27, 22.7, 22.75, 9999.0, 9999.0, 9999.0, 23.75, 9999.0, 22.07, 9999.0, 22.5, 22.43, 22.18, 22.23, 22.23
2026-09-08, 03:03:32, 22.25, 22.27, 22.7, 22.73, 9999.0, 9999.0, 9999.0, 23.7, 9999.0, 22.05, 9999.0, 22.52, 22.43, 22.18, 22.23, 22.23
2026-09-08, 03:03:36, 22.25, 22.27, 22.73, 22.7, 9999.0, 9999.0, 9999.0, 23.66, 9999.0, 22.02, 9999.0, 22.55, 22.41, 22.2, 22.23, 22.23
2026-09-08, 03:03:40, 22.25, 22.25, 22.73, 22.7, 9999.0, 9999.0, 9999.0, 23.61, 9999.0, 22.0, 9999.0, 22.57, 22.39, 22.23, 22.23, 22.23
2026-09-08, 03:03:44, 22.25, 22.25, 22.73, 22.7, 9999.0, 9999.0, 9999.0, 23.59, 9999.0, 22.02, 9999.0, 22.59, 22.39, 22.23, 22.25, 22.23
2026-09-08, 03:03:48, 22.25, 22.25, 22.73, 22.7, 9999.0, 9999.0, 9999.0, 23.55, 9999.0, 22.05, 9999.0, 22.59, 22.39, 22.23, 22.25, 22.23
2026-09-08, 03:03:53, 22.25, 22.25, 22.73, 22.7, 9999.0, 9999.0, 9999.0, 23.52, 9999.0, 22.07, 9999.0, 22.61, 22.39, 22.23, 22.25, 22.23
2026-09-08, 03:03:57, 22.25, 22.25, 22.73, 22.68, 9999.0, 9999.0, 9999.0, 23.5, 9999.0, 22.09, 9999.0, 22.61, 22.39, 22.25, 22.25, 22.2
2026-09-08, 03:04:01, 22.25, 22.25, 22.73, 22.68, 9999.0, 9999.0, 9999.0, 23.45, 9999.0, 22.11, 9999.0, 22.61, 22.41, 22.25, 22.25, 22.23
2026-09-08, 03:04:05, 22.25, 22.25, 22.75, 22.68, 9999.0, 9999.0, 9999.0, 23.48, 9999.0, 22.14, 9999.0, 22.64, 22.41, 22.25, 22.25, 22.23
2026-09-08, 03:04:09, 22.25, 22.25, 22.75, 22.68, 9999.0, 9999.0, 9999.0, 23.5, 9999.0, 22.16, 9999.0, 22.64, 22.43, 22.23, 22.25, 22.23
2026-09-08, 03:04:13, 22.25, 22.27, 22.75, 22.66, 9999.0, 9999.0, 9999.0, 23.55, 9999.0, 22.18, 9999.0, 22.64, 22.45, 22.2, 22.25, 22.23
2026-09-08, 03:04:17, 22.25, 22.27, 22.75, 22.68, 9999.0, 9999.0, 9999.0, 23.57, 9999.0, 22.2, 9999.0, 22.61, 22.45, 22.18, 22.25, 22.23
2026-09-08, 03:04:21, 22.25, 22.27, 22.75, 22.7, 9999.0, 9999.0, 9999.0, 23.59, 9999.0, 22.23, 9999.0, 22.59, 22.48, 22.18, 22.25, 22.23
2026-09-08, 03:04:25, 22.25, 22.27, 22.75, 22.7, 9999.0, 9999.0, 9999.0, 23.61, 9999.0, 22.23, 9999.0, 22.57, 22.48, 22.16, 22.25, 22.23
2026-09-08, 03:04:29, 22.25, 22.27, 22.75, 22.7, 9999.0, 9999.0, 9999.0, 23.61, 9999.0, 22.2, 9999.0, 22.55, 22.45, 22.16, 22.25, 22.2
2026-09-08, 03:04:33, 22.25, 22.27, 22.75, 22.7, 9999.0, 9999.0, 9999.0, 23.66, 9999.0, 22.18, 9999.0, 22.55, 22.43, 22.16, 22.25, 22.18
2026-09-08, 03:04:37, 22.25, 22.27, 22.75, 22.7, 9999.0, 9999.0, 9999.0, 23.7, 9999.0, 22.16, 9999.0, 22.52, 22.41, 22.16, 22.25, 22.18
2026-09-08, 03:04:41, 22.25, 22.27, 22.73, 22.73, 9999.0, 9999.0, 9999.0, 23.75, 9999.0, 22.14, 9999.0, 22.52, 22.41, 22.16, 22.25, 22.2
2026-09-08, 03:04:45, 22.25, 22.27, 22.73, 22.73, 9999.0, 9999.0, 9999.0, 23.8, 9999.0, 22.11, 9999.0, 22.52, 22.41, 22.16, 22.25, 22.2
2026-09-08, 03:04:49, 22.25, 22.27, 22.73, 22.7, 9999.0, 9999.0, 9999.0, 23.75, 9999.0, 22.09, 9999.0, 22.5, 22.39, 22.16, 22.25, 22.2
2026-09-08, 03:04:53, 22.25, 22.27, 22.73, 22.68, 9999.0, 9999.0, 9999.0, 23.7, 9999.0, 22.07, 9999.0, 22.52, 22.39, 22.18, 22.25, 22.2
2026-09-08, 03:04:57, 22.25, 22.25, 22.73, 22.7, 9999.0, 9999.0, 9999.0, 23.64, 9999.0, 22.05, 9999.0, 22.55, 22.39, 22.18, 22.25, 22.2
2026-09-08, 03:05:01, 22.25, 22.27, 22.73, 22.7, 9999.0, 9999.0, 9999.0, 23.59, 9999.0, 22.02, 9999.0, 22.57, 22.36, 22.2, 22.25, 22.2
2026-09-08, 03:05:05, 22.25, 22.27, 22.73, 22.7, 9999.0, 9999.0, 9999.0, 23.55, 9999.0, 22.02, 9999.0, 22.59, 22.34, 22.2, 22.25, 22.2
2026-09-08, 03:05:09, 22.25, 22.27, 22.73, 22.7, 9999.0, 9999.0, 9999.0, 23.5, 9999.0, 22.02, 9999.0, 22.59, 22.36, 22.23, 22.25, 22.2
2026-09-08, 03:05:13, 22.25, 22.27, 22.7, 22.7, 9999.0, 9999.0, 9999.0, 23.48, 9999.0, 22.05, 9999.0, 22.61, 22.39, 22.23, 22.25, 22.23
2026-09-08, 03:05:17, 22.25, 22.27, 22.68, 22.7, 9999.0, 9999.0, 9999.0, 23.43, 9999.0, 22.07, 9999.0, 22.61, 22.41, 22.23, 22.25, 22.25
2026-09-08, 03:05:21, 22.25, 22.27, 22.68, 22.7, 9999.0, 9999.0, 9999.0, 23.39, 9999.0, 22.09, 9999.0, 22.61, 22.43, 22.23, 22.25, 22.25
2026-09-08, 03:05:25, 22.25, 22.3, 22.7, 22.7, 9999.0, 9999.0, 9999.0, 23.41, 9999.0, 22.11, 9999.0, 22.61, 22.43, 22.23, 22.25, 22.25
2026-09-08, 03:05:29, 22.25, 22.3, 22.7, 22.7, 9999.0, 9999.0, 9999.0, 23.43, 9999.0, 22.14, 9999.0, 22.61, 22.43, 22.2, 22.25, 22.25
2026-09-08, 03:05:33, 22.25, 22.3, 22.7, 22.73, 9999.0, 9999.0, 9999.0, 23.48, 9999.0, 22.16, 9999.0, 22.61, 22.45, 22.18, 22.25, 22.25
2026-09-08, 03:05:37, 22.23, 22.3, 22.7, 22.75, 9999.0, 9999.0, 9999.0, 23.5, 9999.0, 22.18, 9999.0, 22.59, 22.45, 22.18, 22.25, 22.25
2026-09-08, 03:05:41, 22.23, 22.3, 22.7, 22.75, 9999.0, 9999.0, 9999.0, 23.55, 9999.0, 22.18, 9999.0, 22.57, 22.43, 22.2, 22.25, 22.25
2026-09-08, 03:05:45, 22.23, 22.27, 22.68, 22.75, 9999.0, 9999.0, 9999.0, 23.59, 9999.0, 22.18, 9999.0, 22.55, 22.45, 22.2, 22.25, 22.25
2026-09-08, 03:05:49, 22.23, 22.27, 22.68, 22.75, 9999.0, 9999.0, 9999.0, 23.64, 9999.0, 22.16, 9999.0, 22.52, 22.45, 22.2, 22.25, 22.25
2026-09-08, 03:05:53, 22.23, 22.27, 22.68, 22.75, 9999.0, 9999.0, 9999.0, 23.68, 9999.0, 22.16, 9999.0, 22.52, 22.43, 22.18, 22.25, 22.25
2026-09-08, 03:05:57, 22.23, 22.27, 22.7, 22.75, 9999.0, 9999.0, 9999.0, 23.73, 9999.0, 22.14, 9999.0, 22.5, 22.43, 22.16, 22.25, 22.25
2026-09-08, 03:06:01, 22.23, 22.27, 22.7, 22.75, 9999.0, 9999.0, 9999.0, 23.77, 9999.0, 22.11, 9999.0, 22.5, 22.43, 22.14, 22.25, 22.25
2026-09-08, 03:06:05, 22.23, 22.27, 22.7, 22.75, 9999.0, 9999.0, 9999.0, 23.8, 9999.0, 22.09, 9999.0, 22.5, 22.43, 22.11, 22.25, 22.25
2026-09-08, 03:06:09, 22.23, 22.25, 22.7, 22.75, 9999.0, 9999.0, 9999.0, 23.75, 9999.0, 22.07, 9999.0, 22.52, 22.43, 22.09, 22.25, 22.25
2026-09-08, 03:06:13, 22.23, 22.25, 22.7, 22.75, 9999.0, 9999.0, 9999.0, 23.7, 9999.0, 22.05, 9999.0, 22.55, 22.43, 22.11, 22.25, 22.25
2026-09-08, 03:06:17, 22.23, 22.27, 22.68, 22.75, 9999.0, 9999.0, 9999.0, 23.66, 9999.0, 22.02, 9999.0, 22.57, 22.43, 22.14, 22.25, 22.25
2026-09-08, 03:06:21, 22.25, 22.27, 22.68, 22.75, 9999.0, 9999.0, 9999.0, 23.64, 9999.0, 22.02, 9999.0, 22.59, 22.43, 22.14, 22.25, 22.25
2026-09-08, 03:06:25, 22.25, 22.27, 22.66, 22.75, 9999.0, 9999.0, 9999.0, 23.61, 9999.0, 22.05, 9999.0, 22.61, 22.43, 22.14, 22.25, 22.25
2026-09-08, 03:06:29, 22.25, 22.27, 22.68, 22.75, 9999.0, 9999.0, 9999.0, 23.59, 9999.0, 22.09, 9999.0, 22.64, 22.43, 22.11, 22.25, 22.23
2026-09-08, 03:06:33, 22.25, 22.27, 22.68, 22.75, 9999.0, 9999.0, 9999.0, 23.55, 9999.0, 22.11, 9999.0, 22.64, 22.45, 22.11, 22.25, 22.23
2026-09-08, 03:06:37, 22.25, 22.27, 22.68, 22.75, 9999.0, 9999.0, 9999.0, 23.5, 9999.0, 22.14, 9999.0, 22.64, 22.48, 22.14, 22.25, 22.23
2026-09-08, 03:06:41, 22.25, 22.27, 22.68, 22.75, 9999.0, 9999.0, 9999.0, 23.52, 9999.0, 22.16, 9999.0, 22.64, 22.48, 22.14, 22.25, 22.23
2026-09-08, 03:06:45, 22.25, 22.27, 22.7, 22.75, 9999.0, 9999.0, 9999.0, 23.55, 9999.0, 22.18, 9999.0, 22.64, 22.48, 22.16, 22.25, 22.23
2026-09-08, 03:06:49, 22.23, 22.27, 22.7, 22.75, 9999.0, 9999.0, 9999.0, 23.59, 9999.0, 22.2, 9999.0, 22.64, 22.48, 22.16, 22.25, 22.23
2026-09-08, 03:06:53, 22.23, 22.27, 22.7, 22.75, 9999.0, 9999.0, 9999.0, 23.61, 9999.0, 22.23, 9999.0, 22.61, 22.45, 22.18, 22.25, 22.23
2026-09-08, 03:06:57, 22.23, 22.27, 22.7, 22.75, 9999.0, 9999.0, 9999.0, 23.64, 9999.0, 22.25, 9999.0, 22.59, 22.43, 22.18, 22.25, 22.23
2026-09-08, 03:07:01, 22.23, 22.25, 22.7, 22.75, 9999.0, 9999.0, 9999.0, 23.66, 9999.0, 22.25, 9999.0, 22.57, 22.41, 22.16, 22.25, 22.23
2026-09-08, 03:07:05, 22.23, 22.25, 22.7, 22.75, 9999.0, 9999.0, 9999.0, 23.66, 9999.0, 22.23, 9999.0, 22.55, 22.39, 22.16, 22.25, 22.2
2026-09-08, 03:07:09, 22.23, 22.25, 22.73, 22.75, 9999.0, 9999.0, 9999.0, 23.68, 9999.0, 22.2, 9999.0, 22.52, 22.39, 22.16, 22.25, 22.2
2026-09-08, 03:07:13, 22.23, 22.27, 22.73, 22.75, 9999.0, 9999.0, 9999.0, 23.7, 9999.0, 22.16, 9999.0, 22.5, 22.39, 22.18, 22.25, 22.23
2026-09-08, 03:07:17, 22.23, 22.27, 22.73, 22.75, 9999.0, 9999.0, 9999.0, 23.75, 9999.0, 22.14, 9999.0, 22.52, 22.36, 22.18, 22.25, 22.23
2026-09-08, 03:07:21, 22.23, 22.27, 22.73, 22.75, 9999.0, 9999.0, 9999.0, 23.77, 9999.0, 22.11, 9999.0, 22.52, 22.34, 22.18, 22.25, 22.23
2026-09-08, 03:07:25, 22.23, 22.27, 22.73, 22.75, 9999.0, 9999.0, 9999.0, 23.73, 9999.0, 22.09, 9999.0, 22.55, 22.34, 22.2, 22.25, 22.23
2026-09-08, 03:07:29, 22.23, 22.27, 22.73, 22.75, 9999.0, 9999.0, 9999.0, 23.68, 9999.0, 22.07, 9999.0, 22.57, 22.34, 22.18, 22.25, 22.23
2026-09-08, 03:07:33, 22.25, 22.3, 22.73, 22.75, 9999.0, 9999.0, 9999.0, 23.64, 9999.0, 22.07, 9999.0, 22.59, 22.34, 22.2, 22.25, 22.23
2026-09-08, 03:07:37, 22.25, 22.3, 22.73, 22.75, 9999.0, 9999.0, 9999.0, 23.61, 9999.0, 22.07, 9999.0, 22.61, 22.34, 22.2, 22.25, 22.23
2026-09-08, 03:07:41, 22.25, 22.32, 22.73, 22.75, 9999.0, 9999.0, 9999.0, 23.59, 9999.0, 22.07, 9999.0, 22.64, 22.36, 22.2, 22.23, 22.23
2026-09-08, 03:07:46, 22.25, 22.32, 22.75, 22.75, 9999.0, 9999.0, 9999.0, 23.57, 9999.0, 22.11, 9999.0, 22.66, 22.39, 22.23, 22.23, 22.23
2026-09-08, 03:07:50, 22.25, 22.32, 22.75, 22.75, 9999.0, 9999.0, 9999.0, 23.57, 9999.0, 22.16, 9999.0, 22.68, 22.39, 22.23, 22.23, 22.25
2026-09-08, 03:07:54, 22.25, 22.32, 22.75, 22.75, 9999.0, 9999.0, 9999.0, 23.52, 9999.0, 22.18, 9999.0, 22.68, 22.41, 22.23, 22.23, 22.25
2026-09-08, 03:07:58, 22.25, 22.3, 22.75, 22.75, 9999.0, 9999.0, 9999.0, 23.57, 9999.0, 22.23, 9999.0, 22.68, 22.41, 22.2, 22.23, 22.25
2026-09-08, 03:08:02, 22.25, 22.3, 22.75, 22.75, 9999.0, 9999.0, 9999.0, 23.59, 9999.0, 22.25, 9999.0, 22.66, 22.41, 22.18, 22.23, 22.25
2026-09-08, 03:08:06, 22.25, 22.3, 22.75, 22.75, 9999.0, 9999.0, 9999.0, 23.64, 9999.0, 22.3, 9999.0, 22.66, 22.43, 22.18, 22.23, 22.23
2026-09-08, 03:08:10, 22.25, 22.3, 22.75, 22.75, 9999.0, 9999.0, 9999.0, 23.68, 9999.0, 22.32, 9999.0, 22.64, 22.41, 22.16, 22.23, 22.23
2026-09-08, 03:08:14, 22.25, 22.3, 22.75, 22.75, 9999.0, 9999.0, 9999.0, 23.7, 9999.0, 22.34, 9999.0, 22.61, 22.41, 22.16, 22.23, 22.23
2026-09-08, 03:08:18, 22.25, 22.27, 22.75, 22.75, 9999.0, 9999.0, 9999.0, 23.73, 9999.0, 22.34, 9999.0, 22.59, 22.39, 22.16, 22.23, 22.23
2026-09-08, 03:08:22, 22.25, 22.3, 22.75, 22.75, 9999.0, 9999.0, 9999.0, 23.75, 9999.0, 22.34, 9999.0, 22.57, 22.41, 22.14, 22.23, 22.23
2026-09-08, 03:08:26, 22.25, 22.27, 22.75, 22.75, 9999.0, 9999.0, 9999.0, 23.77, 9999.0, 22.34, 9999.0, 22.55, 22.39, 22.11, 22.25, 22.23
2026-09-08, 03:08:30, 22.25, 22.3, 22.75, 22.75, 9999.0, 9999.0, 9999.0, 23.8, 9999.0, 22.32, 9999.0, 22.52, 22.36, 22.11, 22.25, 22.23
2026-09-08, 03:08:34, 22.25, 22.3, 22.75, 22.75, 9999.0, 9999.0, 9999.0, 23.82, 9999.0, 22.3, 9999.0, 22.5, 22.36, 22.09, 22.25, 22.23
2026-09-08, 03:08:38, 22.25, 22.3, 22.73, 22.75, 9999.0, 9999.0, 9999.0, 23.86, 9999.0, 22.3, 9999.0, 22.5, 22.34, 22.09, 22.25, 22.23
2026-09-08, 03:08:42, 22.25, 22.3, 22.73, 22.75, 9999.0, 9999.0, 9999.0, 23.82, 9999.0, 22.25, 9999.0, 22.52, 22.32, 22.11, 22.25, 22.23
2026-09-08, 03:08:46, 22.25, 22.3, 22.73, 22.75, 9999.0, 9999.0, 9999.0, 23.8, 9999.0, 22.23, 9999.0, 22.55, 22.32, 22.14, 22.25, 22.23
2026-09-08, 03:08:50, 22.25, 22.3, 22.73, 22.75, 9999.0, 9999.0, 9999.0, 23.75, 9999.0, 22.18, 9999.0, 22.57, 22.32, 22.14, 22.25, 22.25
2026-09-08, 03:08:54, 22.25, 22.3, 22.73, 22.75, 9999.0, 9999.0, 9999.0, 23.7, 9999.0, 22.18, 9999.0, 22.59, 22.34, 22.14, 22.25, 22.25
2026-09-08, 03:08:58, 22.25, 22.3, 22.7, 22.75, 9999.0, 9999.0, 9999.0, 23.68, 9999.0, 22.18, 9999.0, 22.61, 22.32, 22.14, 22.25, 22.25
2026-09-08, 03:09:02, 22.25, 22.3, 22.7, 22.75, 9999.0, 9999.0, 9999.0, 23.66, 9999.0, 22.18, 9999.0, 22.64, 22.34, 22.14, 22.25, 22.25
2026-09-08, 03:09:06, 22.25, 22.3, 22.7, 22.75, 9999.0, 9999.0, 9999.0, 23.61, 9999.0, 22.2, 9999.0, 22.66, 22.34, 22.16, 22.25, 22.25
2026-09-08, 03:09:10, 22.25, 22.3, 22.7, 22.75, 9999.0, 9999.0, 9999.0, 23.57, 9999.0, 22.23, 9999.0, 22.68, 22.36, 22.16, 22.25, 22.25
2026-09-08, 03:09:14, 22.25, 22.27, 22.7, 22.75, 9999.0, 9999.0, 9999.0, 23.61, 9999.0, 22.25, 9999.0, 22.68, 22.36, 22.14, 22.25, 22.25
2026-09-08, 03:09:18, 22.25, 22.27, 22.68, 22.75, 9999.0, 9999.0, 9999.0, 23.64, 9999.0, 22.27, 9999.0, 22.68, 22.36, 22.16, 22.25, 22.25
2026-09-08, 03:09:22, 22.25, 22.27, 22.7, 22.75, 9999.0, 9999.0, 9999.0, 23.66, 9999.0, 22.3, 9999.0, 22.68, 22.39, 22.16, 22.25, 22.25
2026-09-08, 03:09:26, 22.25, 22.3, 22.7, 22.75, 9999.0, 9999.0, 9999.0, 23.68, 9999.0, 22.34, 9999.0, 22.66, 22.41, 22.14, 22.25, 22.25
2026-09-08, 03:09:30, 22.25, 22.3, 22.7, 22.75, 9999.0, 9999.0, 9999.0, 23.7, 9999.0, 22.36, 9999.0, 22.64, 22.41, 22.11, 22.25, 22.25
2026-09-08, 03:09:34, 22.25, 22.3, 22.7, 22.73, 9999.0, 9999.0, 9999.0, 23.73, 9999.0, 22.39, 9999.0, 22.61, 22.39, 22.11, 22.25, 22.25
2026-09-08, 03:09:38, 22.25, 22.3, 22.7, 22.73, 9999.0, 9999.0, 9999.0, 23.75, 9999.0, 22.39, 9999.0, 22.59, 22.36, 22.14, 22.25, 22.23
2026-09-08, 03:09:42, 22.25, 22.3, 22.73, 22.7, 9999.0, 9999.0, 9999.0, 23.77, 9999.0, 22.39, 9999.0, 22.57, 22.36, 22.14, 22.25, 22.23
2026-09-08, 03:09:46, 22.25, 22.3, 22.73, 22.7, 9999.0, 9999.0, 9999.0, 23.8, 9999.0, 22.39, 9999.0, 22.55, 22.36, 22.14, 22.25, 22.23
2026-09-08, 03:09:50, 22.25, 22.27, 22.73, 22.7, 9999.0, 9999.0, 9999.0, 23.84, 9999.0, 22.36, 9999.0, 22.52, 22.34, 22.11, 22.25, 22.23
2026-09-08, 03:09:54, 22.25, 22.27, 22.73, 22.7, 9999.0, 9999.0, 9999.0, 23.86, 9999.0, 22.34, 9999.0, 22.5, 22.32, 22.11, 22.25, 22.23
2026-09-08, 03:09:58, 22.25, 22.27, 22.73, 22.68, 9999.0, 9999.0, 9999.0, 23.8, 9999.0, 22.32, 9999.0, 22.5, 22.32, 22.11, 22.25, 22.23
2026-09-08, 03:10:02, 22.25, 22.27, 22.75, 22.68, 9999.0, 9999.0, 9999.0, 23.75, 9999.0, 22.3, 9999.0, 22.52, 22.34, 22.09, 22.25, 22.23
2026-09-08, 03:10:06, 22.25, 22.27, 22.75, 22.68, 9999.0, 9999.0, 9999.0, 23.7, 9999.0, 22.27, 9999.0, 22.55, 22.34, 22.09, 22.25, 22.23
2026-09-08, 03:10:10, 22.25, 22.25, 22.75, 22.68, 9999.0, 9999.0, 9999.0, 23.66, 9999.0, 22.25, 9999.0, 22.57, 22.32, 22.11, 22.25, 22.23
2026-09-08, 03:10:14, 22.25, 22.25, 22.75, 22.66, 9999.0, 9999.0, 9999.0, 23.61, 9999.0, 22.27, 9999.0, 22.59, 22.32, 22.11, 22.25, 22.23
2026-09-08, 03:10:18, 22.25, 22.25, 22.75, 22.68, 9999.0, 9999.0, 9999.0, 23.59, 9999.0, 22.3, 9999.0, 22.59, 22.34, 22.11, 22.25, 22.23
2026-09-08, 03:10:22, 22.25, 22.25, 22.73, 22.68, 9999.0, 9999.0, 9999.0, 23.55, 9999.0, 22.32, 9999.0, 22.61, 22.36, 22.11, 22.25, 22.25
2026-09-08, 03:10:26, 22.25, 22.27, 22.73, 22.7, 9999.0, 9999.0, 9999.0, 23.5, 9999.0, 22.34, 9999.0, 22.61, 22.39, 22.14, 22.25, 22.25
2026-09-08, 03:10:30, 22.25, 22.27, 22.73, 22.68, 9999.0, 9999.0, 9999.0, 23.45, 9999.0, 22.36, 9999.0, 22.61, 22.39, 22.11, 22.25, 22.25
2026-09-08, 03:10:34, 22.25, 22.27, 22.7, 22.68, 9999.0, 9999.0, 9999.0, 23.48, 9999.0, 22.39, 9999.0, 22.61, 22.41, 22.11, 22.25, 22.25
2026-09-08, 03:10:38, 22.25, 22.27, 22.68, 22.68, 9999.0, 9999.0, 9999.0, 23.52, 9999.0, 22.41, 9999.0, 22.61, 22.43, 22.14, 22.25, 22.25
2026-09-08, 03:10:42, 22.25, 22.3, 22.68, 22.7, 9999.0, 9999.0, 9999.0, 23.57, 9999.0, 22.43, 9999.0, 22.61, 22.45, 22.16, 22.25, 22.25
2026-09-08, 03:10:46, 22.25, 22.32, 22.66, 22.68, 9999.0, 9999.0, 9999.0, 23.61, 9999.0, 22.45, 9999.0, 22.59, 22.43, 22.16, 22.25, 22.25
2026-09-08, 03:10:50, 22.25, 22.32, 22.66, 22.68, 9999.0, 9999.0, 9999.0, 23.64, 9999.0, 22.45, 9999.0, 22.57, 22.41, 22.16, 22.25, 22.23
2026-09-08, 03:10:54, 22.25, 22.32, 22.66, 22.66, 9999.0, 9999.0, 9999.0, 23.66, 9999.0, 22.45, 9999.0, 22.55, 22.41, 22.16, 22.25, 22.23
2026-09-08, 03:10:58, 22.25, 22.32, 22.66, 22.68, 9999.0, 9999.0, 9999.0, 23.68, 9999.0, 22.43, 9999.0, 22.52, 22.43, 22.16, 22.25, 22.23
2026-09-08, 03:11:02, 22.25, 22.32, 22.64, 22.68, 9999.0, 9999.0, 9999.0, 23.73, 9999.0, 22.41, 9999.0, 22.52, 22.43, 22.16, 22.25, 22.23
2026-09-08, 03:11:06, 22.25, 22.34, 22.66, 22.68, 9999.0, 9999.0, 9999.0, 23.77, 9999.0, 22.39, 9999.0, 22.5, 22.41, 22.16, 22.25, 22.23
2026-09-08, 03:11:10, 22.25, 22.32, 22.66, 22.68, 9999.0, 9999.0, 9999.0, 23.82, 9999.0, 22.36, 9999.0, 22.5, 22.39, 22.14, 22.25, 22.23
2026-09-08, 03:11:14, 22.25, 22.32, 22.66, 22.68, 9999.0, 9999.0, 9999.0, 23.86, 9999.0, 22.34, 9999.0, 22.5, 22.36, 22.16, 22.25, 22.23
2026-09-08, 03:11:18, 22.25, 22.32, 22.68, 22.66, 9999.0, 9999.0, 9999.0, 23.84, 9999.0, 22.32, 9999.0, 22.52, 22.34, 22.18, 22.25, 22.23
2026-09-08, 03:11:22, 22.25, 22.34, 22.68, 22.66, 9999.0, 9999.0, 9999.0, 23.82, 9999.0, 22.3, 9999.0, 22.55, 22.34, 22.16, 22.25, 22.23
2026-09-08, 03:11:26, 22.25, 22.34, 22.68, 22.66, 9999.0, 9999.0, 9999.0, 23.8, 9999.0, 22.27, 9999.0, 22.57, 22.32, 22.16, 22.25, 22.23
2026-09-08, 03:11:31, 22.25, 22.32, 22.68, 22.68, 9999.0, 9999.0, 9999.0, 23.75, 9999.0, 22.27, 9999.0, 22.59, 22.32, 22.16, 22.25, 22.23
2026-09-08, 03:11:35, 22.25, 22.32, 22.68, 22.66, 9999.0, 9999.0, 9999.0, 23.73, 9999.0, 22.3, 9999.0, 22.59, 22.32, 22.14, 22.25, 22.25
2026-09-08, 03:11:39, 22.25, 22.32, 22.68, 22.66, 9999.0, 9999.0, 9999.0, 23.7, 9999.0, 22.32, 9999.0, 22.61, 22.32, 22.11, 22.25, 22.25
2026-09-08, 03:11:43, 22.25, 22.32, 22.68, 22.64, 9999.0, 9999.0, 9999.0, 23.68, 9999.0, 22.34, 9999.0, 22.61, 22.32, 22.14, 22.25, 22.25
2026-09-08, 03:11:47, 22.25, 22.32, 22.7, 22.61, 9999.0, 9999.0, 9999.0, 23.64, 9999.0, 22.36, 9999.0, 22.61, 22.32, 22.14, 22.25, 22.25
2026-09-08, 03:11:51, 22.25, 22.3, 22.7, 22.61, 9999.0, 9999.0, 9999.0, 23.68, 9999.0, 22.39, 9999.0, 22.61, 22.34, 22.14, 22.25, 22.25
2026-09-08, 03:11:55, 22.25, 22.3, 22.68, 22.59, 9999.0, 9999.0, 9999.0, 23.7, 9999.0, 22.41, 9999.0, 22.61, 22.36, 22.16, 22.25, 22.25
2026-09-08, 03:11:59, 22.25, 22.3, 22.66, 22.59, 9999.0, 9999.0, 9999.0, 23.73, 9999.0, 22.43, 9999.0, 22.61, 22.36, 22.14, 22.25, 22.25
2026-09-08, 03:12:03, 22.25, 22.3, 22.66, 22.61, 9999.0, 9999.0, 9999.0, 23.75, 9999.0, 22.45, 9999.0, 22.59, 22.36, 22.11, 22.25, 22.25
2026-09-08, 03:12:07, 22.25, 22.27, 22.68, 22.59, 9999.0, 9999.0, 9999.0, 23.77, 9999.0, 22.48, 9999.0, 22.57, 22.36, 22.14, 22.25, 22.25
2026-09-08, 03:12:11, 22.25, 22.27, 22.68, 22.57, 9999.0, 9999.0, 9999.0, 23.8, 9999.0, 22.5, 9999.0, 22.55, 22.39, 22.11, 22.25, 22.25
2026-09-08, 03:12:15, 22.25, 22.27, 22.7, 22.57, 9999.0, 9999.0, 9999.0, 23.82, 9999.0, 22.5, 9999.0, 22.52, 22.39, 22.11, 22.25, 22.25
2026-09-08, 03:12:19, 22.25, 22.27, 22.7, 22.59, 9999.0, 9999.0, 9999.0, 23.84, 9999.0, 22.5, 9999.0, 22.52, 22.39, 22.14, 22.23, 22.25
2026-09-08, 03:12:23, 22.25, 22.27, 22.7, 22.61, 9999.0, 9999.0, 9999.0, 23.86, 9999.0, 22.5, 9999.0, 22.48, 22.41, 22.16, 22.23, 22.25
2026-09-08, 03:12:27, 22.25, 22.27, 22.7, 22.61, 9999.0, 9999.0, 9999.0, 23.89, 9999.0, 22.48, 9999.0, 22.48, 22.39, 22.14, 22.23, 22.23
2026-09-08, 03:12:31, 22.25, 22.27, 22.68, 22.64, 9999.0, 9999.0, 9999.0, 23.91, 9999.0, 22.45, 9999.0, 22.48, 22.36, 22.11, 22.23, 22.2
2026-09-08, 03:12:35, 22.25, 22.27, 22.68, 22.64, 9999.0, 9999.0, 9999.0, 23.86, 9999.0, 22.43, 9999.0, 22.5, 22.36, 22.09, 22.23, 22.2
2026-09-08, 03:12:39, 22.25, 22.27, 22.68, 22.66, 9999.0, 9999.0, 9999.0, 23.82, 9999.0, 22.41, 9999.0, 22.52, 22.36, 22.09, 22.23, 22.2
2026-09-08, 03:12:43, 22.25, 22.27, 22.7, 22.68, 9999.0, 9999.0, 9999.0, 23.8, 9999.0, 22.39, 9999.0, 22.55, 22.36, 22.11, 22.23, 22.2
2026-09-08, 03:12:47, 22.25, 22.27, 22.7, 22.66, 9999.0, 9999.0, 9999.0, 23.75, 9999.0, 22.39, 9999.0, 22.57, 22.36, 22.14, 22.23, 22.18
2026-09-08, 03:12:51, 22.25, 22.27, 22.68, 22.66, 9999.0, 9999.0, 9999.0, 23.7, 9999.0, 22.39, 9999.0, 22.59, 22.34, 22.14, 22.23, 22.18
2026-09-08, 03:12:55, 22.25, 22.25, 22.68, 22.68, 9999.0, 9999.0, 9999.0, 23.66, 9999.0, 22.39, 9999.0, 22.61, 22.34, 22.14, 22.23, 22.18
2026-09-08, 03:12:59, 22.25, 22.25, 22.68, 22.66, 9999.0, 9999.0, 9999.0, 23.64, 9999.0, 22.39, 9999.0, 22.61, 22.34, 22.16, 22.23, 22.18
2026-09-08, 03:13:03, 22.25, 22.25, 22.68, 22.64, 9999.0, 9999.0, 9999.0, 23.61, 9999.0, 22.39, 9999.0, 22.64, 22.36, 22.14, 22.25, 22.18
2026-09-08, 03:13:07, 22.25, 22.25, 22.66, 22.64, 9999.0, 9999.0, 9999.0, 23.66, 9999.0, 22.41, 9999.0, 22.66, 22.36, 22.14, 22.25, 22.18
2026-09-08, 03:13:11, 22.25, 22.25, 22.64, 22.64, 9999.0, 9999.0, 9999.0, 23.7, 9999.0, 22.43, 9999.0, 22.66, 22.39, 22.16, 22.23, 22.2
2026-09-08, 03:13:15, 22.25, 22.27, 22.66, 22.61, 9999.0, 9999.0, 9999.0, 23.73, 9999.0, 22.45, 9999.0, 22.66, 22.41, 22.16, 22.23, 22.23
2026-09-08, 03:13:19, 22.25, 22.27, 22.66, 22.59, 9999.0, 9999.0, 9999.0, 23.75, 9999.0, 22.48, 9999.0, 22.64, 22.41, 22.18, 22.23, 22.23
2026-09-08, 03:13:23, 22.25, 22.27, 22.68, 22.57, 9999.0, 9999.0, 9999.0, 23.8, 9999.0, 22.5, 9999.0, 22.61, 22.41, 22.18, 22.23, 22.23
2026-09-08, 03:13:27, 22.25, 22.3, 22.66, 22.55, 9999.0, 9999.0, 9999.0, 23.82, 9999.0, 22.52, 9999.0, 22.59, 22.41, 22.16, 22.23, 22.23
2026-09-08, 03:13:31, 22.25, 22.3, 22.64, 22.57, 9999.0, 9999.0, 9999.0, 23.84, 9999.0, 22.52, 9999.0, 22.57, 22.41, 22.14, 22.23, 22.23
2026-09-08, 03:13:35, 22.25, 22.3, 22.66, 22.59, 9999.0, 9999.0, 9999.0, 23.86, 9999.0, 22.52, 9999.0, 22.55, 22.41, 22.11, 22.23, 22.23
2026-09-08, 03:13:39, 22.25, 22.32, 22.64, 22.57, 9999.0, 9999.0, 9999.0, 23.91, 9999.0, 22.52, 9999.0, 22.52, 22.39, 22.14, 22.23, 22.23
2026-09-08, 03:13:43, 22.25, 22.34, 22.64, 22.57, 9999.0, 9999.0, 9999.0, 23.93, 9999.0, 22.52, 9999.0, 22.52, 22.39, 22.14, 22.23, 22.23
2026-09-08, 03:13:47, 22.25, 22.34, 22.61, 22.57, 9999.0, 9999.0, 9999.0, 23.95, 9999.0, 22.5, 9999.0, 22.5, 22.36, 22.16, 22.23, 22.23
2026-09-08, 03:13:51, 22.25, 22.36, 22.64, 22.55, 9999.0, 9999.0, 9999.0, 23.91, 9999.0, 22.45, 9999.0, 22.52, 22.36, 22.14, 22.23, 22.23
2026-09-08, 03:13:55, 22.25, 22.36, 22.64, 22.55, 9999.0, 9999.0, 9999.0, 23.86, 9999.0, 22.43, 9999.0, 22.55, 22.34, 22.14, 22.25, 22.23
2026-09-08, 03:13:59, 22.25, 22.34, 22.61, 22.57, 9999.0, 9999.0, 9999.0, 23.82, 9999.0, 22.41, 9999.0, 22.57, 22.32, 22.16, 22.25, 22.23
2026-09-08, 03:14:03, 22.25, 22.34, 22.61, 22.57, 9999.0, 9999.0, 9999.0, 23.8, 9999.0, 22.41, 9999.0, 22.59, 22.3, 22.14, 22.25, 22.23
2026-09-08, 03:14:07, 22.25, 22.34, 22.59, 22.57, 9999.0, 9999.0, 9999.0, 23.75, 9999.0, 22.41, 9999.0, 22.59, 22.3, 22.11, 22.25, 22.23
2026-09-08, 03:14:11, 22.25, 22.32, 22.61, 22.59, 9999.0, 9999.0, 9999.0, 23.7, 9999.0, 22.41, 9999.0, 22.59, 22.32, 22.14, 22.25, 22.23
2026-09-08, 03:14:15, 22.25, 22.32, 22.64, 22.59, 9999.0, 9999.0, 9999.0, 23.68, 9999.0, 22.43, 9999.0, 22.59, 22.34, 22.14, 22.25, 22.25
2026-09-08, 03:14:19, 22.25, 22.32, 22.64, 22.57, 9999.0, 9999.0, 9999.0, 23.66, 9999.0, 22.45, 9999.0, 22.59, 22.34, 22.16, 22.25, 22.25
2026-09-08, 03:14:23, 22.25, 22.32, 22.66, 22.57, 9999.0, 9999.0, 9999.0, 23.68, 9999.0, 22.45, 9999.0, 22.59, 22.36, 22.16, 22.25, 22.25
2026-09-08, 03:14:27, 22.25, 22.3, 22.66, 22.57, 9999.0, 9999.0, 9999.0, 23.73, 9999.0, 22.48, 9999.0, 22.59, 22.39, 22.14, 22.25, 22.25
2026-09-08, 03:14:31, 22.25, 22.3, 22.66, 22.59, 9999.0, 9999.0, 9999.0, 23.77, 9999.0, 22.52, 9999.0, 22.59, 22.41, 22.11, 22.25, 22.25
2026-09-08, 03:14:35, 22.25, 22.27, 22.64, 22.61, 9999.0, 9999.0, 9999.0, 23.8, 9999.0, 22.55, 9999.0, 22.57, 22.41, 22.14, 22.25, 22.25
2026-09-08, 03:14:39, 22.25, 22.3, 22.64, 22.61, 9999.0, 9999.0, 9999.0, 23.82, 9999.0, 22.57, 9999.0, 22.55, 22.41, 22.14, 22.25, 22.25
2026-09-08, 03:14:43, 22.25, 22.3, 22.66, 22.59, 9999.0, 9999.0, 9999.0, 23.86, 9999.0, 22.59, 9999.0, 22.52, 22.41, 22.11, 22.25, 22.23
2026-09-08, 03:14:47, 22.25, 22.3, 22.64, 22.61, 9999.0, 9999.0, 9999.0, 23.86, 9999.0, 22.59, 9999.0, 22.5, 22.41, 22.14, 22.25, 22.2
2026-09-08, 03:14:51, 22.25, 22.3, 22.66, 22.61, 9999.0, 9999.0, 9999.0, 23.89, 9999.0, 22.59, 9999.0, 22.5, 22.39, 22.16, 22.25, 22.2
2026-09-08, 03:14:55, 22.25, 22.3, 22.64, 22.59, 9999.0, 9999.0, 9999.0, 23.91, 9999.0, 22.59, 9999.0, 22.5, 22.36, 22.16, 22.25, 22.18
2026-09-08, 03:14:59, 22.25, 22.3, 22.64, 22.57, 9999.0, 9999.0, 9999.0, 23.93, 9999.0, 22.57, 9999.0, 22.5, 22.34, 22.16, 22.25, 22.18
2026-09-08, 03:15:03, 22.25, 22.3, 22.64, 22.57, 9999.0, 9999.0, 9999.0, 23.95, 9999.0, 22.55, 9999.0, 22.5, 22.34, 22.16, 22.25, 22.16
2026-09-08, 03:15:07, 22.25, 22.27, 22.64, 22.57, 9999.0, 9999.0, 9999.0, 23.91, 9999.0, 22.55, 9999.0, 22.5, 22.32, 22.14, 22.25, 22.14
2026-09-08, 03:15:11, 22.25, 22.27, 22.61, 22.57, 9999.0, 9999.0, 9999.0, 23.86, 9999.0, 22.52, 9999.0, 22.52, 22.32, 22.16, 22.25, 22.14
2026-09-08, 03:15:16, 22.25, 22.27, 22.61, 22.55, 9999.0, 9999.0, 9999.0, 23.82, 9999.0, 22.5, 9999.0, 22.55, 22.32, 22.16, 22.25, 22.14
2026-09-08, 03:15:20, 22.25, 22.3, 22.61, 22.52, 9999.0, 9999.0, 9999.0, 23.8, 9999.0, 22.52, 9999.0, 22.57, 22.3, 22.14, 22.25, 22.14
2026-09-08, 03:15:24, 22.25, 22.3, 22.64, 22.52, 9999.0, 9999.0, 9999.0, 23.75, 9999.0, 22.55, 9999.0, 22.59, 22.3, 22.14, 22.25, 22.11
2026-09-08, 03:15:28, 22.25, 22.3, 22.61, 22.52, 9999.0, 9999.0, 9999.0, 23.7, 9999.0, 22.55, 9999.0, 22.61, 22.32, 22.14, 22.25, 22.14
2026-09-08, 03:15:32, 22.25, 22.3, 22.64, 22.5, 9999.0, 9999.0, 9999.0, 23.68, 9999.0, 22.57, 9999.0, 22.61, 22.34, 22.14, 22.25, 22.16
2026-09-08, 03:15:36, 22.25, 22.32, 22.64, 22.5, 9999.0, 9999.0, 9999.0, 23.66, 9999.0, 22.59, 9999.0, 22.61, 22.34, 22.11, 22.25, 22.16
2026-09-08, 03:15:40, 22.25, 22.32, 22.64, 22.5, 9999.0, 9999.0, 9999.0, 23.7, 9999.0, 22.61, 9999.0, 22.61, 22.36, 22.09, 22.25, 22.18
2026-09-08, 03:15:44, 22.25, 22.32, 22.61, 22.5, 9999.0, 9999.0, 9999.0, 23.75, 9999.0, 22.64, 9999.0, 22.61, 22.39, 22.09, 22.25, 22.16
2026-09-08, 03:15:48, 22.25, 22.32, 22.59, 22.52, 9999.0, 9999.0, 9999.0, 23.8, 9999.0, 22.64, 9999.0, 22.61, 22.39, 22.07, 22.25, 22.18
2026-09-08, 03:15:52, 22.25, 22.32, 22.57, 22.52, 9999.0, 9999.0, 9999.0, 23.84, 9999.0, 22.66, 9999.0, 22.61, 22.41, 22.09, 22.25, 22.18
2026-09-08, 03:15:56, 22.25, 22.32, 22.57, 22.52, 9999.0, 9999.0, 9999.0, 23.86, 9999.0, 22.66, 9999.0, 22.59, 22.39, 22.09, 22.25, 22.18
2026-09-08, 03:16:00, 22.25, 22.32, 22.59, 22.52, 9999.0, 9999.0, 9999.0, 23.89, 9999.0, 22.66, 9999.0, 22.57, 22.36, 22.11, 22.25, 22.16
2026-09-08, 03:16:04, 22.23, 22.3, 22.61, 22.55, 9999.0, 9999.0, 9999.0, 23.89, 9999.0, 22.64, 9999.0, 22.52, 22.36, 22.11, 22.23, 22.16
2026-09-08, 03:16:08, 22.2, 22.27, 22.59, 22.55, 9999.0, 9999.0, 9999.0, 23.91, 9999.0, 22.61, 9999.0, 22.48, 22.39, 22.09, 22.2, 22.18
2026-09-08, 03:16:12, 22.2, 22.27, 22.59, 22.55, 9999.0, 9999.0, 9999.0, 23.95, 9999.0, 22.61, 9999.0, 22.45, 22.36, 22.09, 22.2, 22.16
2026-09-08, 03:16:16, 22.2, 22.27, 22.57, 22.55, 9999.0, 9999.0, 9999.0, 24.0, 9999.0, 22.59, 9999.0, 22.43, 22.34, 22.09, 22.2, 22.16
2026-09-08, 03:16:20, 22.2, 22.27, 22.55, 22.55, 9999.0, 9999.0, 9999.0, 24.05, 9999.0, 22.57, 9999.0, 22.43, 22.34, 22.11, 22.2, 22.16
2026-09-08, 03:16:24, 22.2, 22.27, 22.55, 22.55, 9999.0, 9999.0, 9999.0, 24.02, 9999.0, 22.55, 9999.0, 22.43, 22.32, 22.11, 22.18, 22.14
2026-09-08, 03:16:28, 22.2, 22.3, 22.55, 22.55, 9999.0, 9999.0, 9999.0, 23.98, 9999.0, 22.52, 9999.0, 22.45, 22.3, 22.14, 22.18, 22.16
2026-09-08, 03:16:32, 22.2, 22.3, 22.55, 22.52, 9999.0, 9999.0, 9999.0, 23.93, 9999.0, 22.52, 9999.0, 22.48, 22.32, 22.14, 22.18, 22.14
2026-09-08, 03:16:36, 22.2, 22.3, 22.57, 22.52, 9999.0, 9999.0, 9999.0, 23.89, 9999.0, 22.5, 9999.0, 22.5, 22.3, 22.11, 22.18, 22.16
2026-09-08, 03:16:40, 22.2, 22.3, 22.57, 22.52, 9999.0, 9999.0, 9999.0, 23.86, 9999.0, 22.52, 9999.0, 22.5, 22.32, 22.11, 22.18, 22.14
2026-09-08, 03:16:44, 22.2, 22.3, 22.55, 22.52, 9999.0, 9999.0, 9999.0, 23.84, 9999.0, 22.52, 9999.0, 22.5, 22.32, 22.09, 22.18, 22.16
2026-09-08, 03:16:48, 22.2, 22.3, 22.55, 22.5, 9999.0, 9999.0, 9999.0, 23.82, 9999.0, 22.52, 9999.0, 22.55, 22.34, 22.09, 22.2, 22.14
2026-09-08, 03:16:52, 22.23, 22.3, 22.57, 22.5, 9999.0, 9999.0, 9999.0, 23.8, 9999.0, 22.55, 9999.0, 22.57, 22.34, 22.11, 22.23, 22.11
2026-09-08, 03:16:56, 22.23, 22.3, 22.57, 22.5, 9999.0, 9999.0, 9999.0, 23.75, 9999.0, 22.57, 9999.0, 22.57, 22.36, 22.14, 22.23, 22.14
2026-09-08, 03:17:00, 22.23, 22.3, 22.57, 22.5, 9999.0, 9999.0, 9999.0, 23.77, 9999.0, 22.57, 9999.0, 22.59, 22.39, 22.11, 22.23, 22.11
2026-09-08, 03:17:04, 22.2, 22.27, 22.57, 22.5, 9999.0, 9999.0, 9999.0, 23.8, 9999.0, 22.57, 9999.0, 22.59, 22.41, 22.09, 22.23, 22.11
2026-09-08, 03:17:08, 22.2, 22.3, 22.57, 22.5, 9999.0, 9999.0, 9999.0, 23.82, 9999.0, 22.57, 9999.0, 22.59, 22.41, 22.11, 22.25, 22.14
2026-09-08, 03:17:12, 22.2, 22.27, 22.57, 22.5, 9999.0, 9999.0, 9999.0, 23.84, 9999.0, 22.57, 9999.0, 22.57, 22.41, 22.09, 22.25, 22.11
2026-09-08, 03:17:16, 22.18, 22.27, 22.59, 22.5, 9999.0, 9999.0, 9999.0, 23.86, 9999.0, 22.57, 9999.0, 22.55, 22.39, 22.11, 22.25, 22.11
2026-09-08, 03:17:20, 22.18, 22.27, 22.57, 22.5, 9999.0, 9999.0, 9999.0, 23.89, 9999.0, 22.57, 9999.0, 22.52, 22.39, 22.11, 22.23, 22.09
2026-09-08, 03:17:24, 22.18, 22.27, 22.57, 22.52, 9999.0, 9999.0, 9999.0, 23.89, 9999.0, 22.55, 9999.0, 22.52, 22.36, 22.09, 22.23, 22.09
2026-09-08, 03:17:28, 22.18, 22.27, 22.57, 22.52, 9999.0, 9999.0, 9999.0, 23.91, 9999.0, 22.55, 9999.0, 22.52, 22.36, 22.09, 22.2, 22.09
2026-09-08, 03:17:32, 22.2, 22.27, 22.55, 22.52, 9999.0, 9999.0, 9999.0, 23.95, 9999.0, 22.52, 9999.0, 22.5, 22.34, 22.11, 22.2, 22.09
2026-09-08, 03:17:36, 22.18, 22.27, 22.52, 22.52, 9999.0, 9999.0, 9999.0, 23.98, 9999.0, 22.5, 9999.0, 22.5, 22.32, 22.09, 22.2, 22.09
2026-09-08, 03:17:40, 22.18, 22.27, 22.52, 22.52, 9999.0, 9999.0, 9999.0, 24.0, 9999.0, 22.45, 9999.0, 22.5, 22.3, 22.09, 22.2, 22.09
2026-09-08, 03:17:44, 22.18, 22.27, 22.52, 22.52, 9999.0, 9999.0, 9999.0, 23.95, 9999.0, 22.43, 9999.0, 22.52, 22.27, 22.09, 22.2, 22.09
2026-09-08, 03:17:48, 22.2, 22.27, 22.55, 22.52, 9999.0, 9999.0, 9999.0, 23.91, 9999.0, 22.41, 9999.0, 22.55, 22.27, 22.09, 22.2, 22.09
2026-09-08, 03:17:52, 22.2, 22.25, 22.55, 22.52, 9999.0, 9999.0, 9999.0, 23.86, 9999.0, 22.39, 9999.0, 22.57, 22.3, 22.09, 22.2, 22.09
2026-09-08, 03:17:56, 22.2, 22.27, 22.55, 22.52, 9999.0, 9999.0, 9999.0, 23.84, 9999.0, 22.39, 9999.0, 22.57, 22.32, 22.11, 22.18, 22.11
2026-09-08, 03:18:00, 22.23, 22.27, 22.52, 22.52, 9999.0, 9999.0, 9999.0, 23.82, 9999.0, 22.39, 9999.0, 22.57, 22.32, 22.09, 22.18, 22.14
2026-09-08, 03:18:04, 22.23, 22.27, 22.52, 22.55, 9999.0, 9999.0, 9999.0, 23.77, 9999.0, 22.39, 9999.0, 22.57, 22.32, 22.11, 22.2, 22.14
2026-09-08, 03:18:08, 22.23, 22.3, 22.55, 22.52, 9999.0, 9999.0, 9999.0, 23.75, 9999.0, 22.39, 9999.0, 22.57, 22.34, 22.14, 22.2, 22.16
2026-09-08, 03:18:12, 22.23, 22.3, 22.55, 22.52, 9999.0, 9999.0, 9999.0, 23.7, 9999.0, 22.39, 9999.0, 22.57, 22.36, 22.14, 22.23, 22.16
2026-09-08, 03:18:16, 22.23, 22.3, 22.55, 22.52, 9999.0, 9999.0, 9999.0, 23.73, 9999.0, 22.41, 9999.0, 22.57, 22.39, 22.14, 22.23, 22.18
2026-09-08, 03:18:20, 22.25, 22.32, 22.55, 22.52, 9999.0, 9999.0, 9999.0, 23.77, 9999.0, 22.41, 9999.0, 22.57, 22.39, 22.14, 22.23, 22.2
2026-09-08, 03:18:24, 22.25, 22.34, 22.57, 22.52, 9999.0, 9999.0, 9999.0, 23.82, 9999.0, 22.43, 9999.0, 22.57, 22.39, 22.11, 22.23, 22.18
2026-09-08, 03:18:28, 22.25, 22.34, 22.59, 22.52, 9999.0, 9999.0, 9999.0, 23.84, 9999.0, 22.45, 9999.0, 22.55, 22.39, 22.11, 22.23, 22.18
2026-09-08, 03:18:32, 22.25, 22.34, 22.57, 22.52, 9999.0, 9999.0, 9999.0, 23.86, 9999.0, 22.48, 9999.0, 22.52, 22.39, 22.11, 22.23, 22.16
2026-09-08, 03:18:36, 22.23, 22.34, 22.57, 22.52, 9999.0, 9999.0, 9999.0, 23.89, 9999.0, 22.5, 9999.0, 22.5, 22.36, 22.09, 22.23, 22.14
2026-09-08, 03:18:40, 22.23, 22.32, 22.57, 22.52, 9999.0, 9999.0, 9999.0, 23.91, 9999.0, 22.48, 9999.0, 22.5, 22.34, 22.07, 22.25, 22.11
2026-09-08, 03:18:44, 22.23, 22.32, 22.57, 22.52, 9999.0, 9999.0, 9999.0, 23.93, 9999.0, 22.45, 9999.0, 22.5, 22.34, 22.09, 22.25, 22.09
2026-09-08, 03:18:48, 22.23, 22.32, 22.57, 22.5, 9999.0, 9999.0, 9999.0, 23.98, 9999.0, 22.43, 9999.0, 22.5, 22.34, 22.07, 22.25, 22.09
2026-09-08, 03:18:52, 22.2, 22.3, 22.55, 22.5, 9999.0, 9999.0, 9999.0, 24.02, 9999.0, 22.41, 9999.0, 22.5, 22.32, 22.07, 22.25, 22.09
2026-09-08, 03:18:56, 22.2, 22.3, 22.55, 22.5, 9999.0, 9999.0, 9999.0, 24.05, 9999.0, 22.39, 9999.0, 22.5, 22.3, 22.07, 22.25, 22.07
2026-09-08, 03:19:00, 22.2, 22.3, 22.55, 22.5, 9999.0, 9999.0, 9999.0, 24.0, 9999.0, 22.36, 9999.0, 22.52, 22.27, 22.07, 22.25, 22.05
2026-09-08, 03:19:05, 22.2, 22.27, 22.55, 22.5, 9999.0, 9999.0, 9999.0, 23.95, 9999.0, 22.34, 9999.0, 22.55, 22.3, 22.07, 22.25, 22.02
2026-09-08, 03:19:09, 22.2, 22.25, 22.52, 22.5, 9999.0, 9999.0, 9999.0, 23.91, 9999.0, 22.32, 9999.0, 22.57, 22.3, 22.07, 22.23, 22.05
2026-09-08, 03:19:13, 22.2, 22.25, 22.52, 22.5, 9999.0, 9999.0, 9999.0, 23.86, 9999.0, 22.3, 9999.0, 22.59, 22.3, 22.09, 22.23, 22.07
2026-09-08, 03:19:17, 22.2, 22.25, 22.55, 22.5, 9999.0, 9999.0, 9999.0, 23.82, 9999.0, 22.27, 9999.0, 22.59, 22.27, 22.11, 22.23, 22.09
2026-09-08, 03:19:21, 22.23, 22.25, 22.57, 22.5, 9999.0, 9999.0, 9999.0, 23.77, 9999.0, 22.27, 9999.0, 22.61, 22.27, 22.11, 22.23, 22.11
2026-09-08, 03:19:25, 22.23, 22.25, 22.57, 22.5, 9999.0, 9999.0, 9999.0, 23.73, 9999.0, 22.3, 9999.0, 22.61, 22.3, 22.14, 22.23, 22.14
2026-09-08, 03:19:29, 22.23, 22.25, 22.57, 22.5, 9999.0, 9999.0, 9999.0, 23.68, 9999.0, 22.32, 9999.0, 22.61, 22.32, 22.11, 22.23, 22.14
2026-09-08, 03:19:33, 22.23, 22.25, 22.57, 22.5, 9999.0, 9999.0, 9999.0, 23.7, 9999.0, 22.34, 9999.0, 22.61, 22.34, 22.11, 22.23, 22.16
2026-09-08, 03:19:37, 22.25, 22.25, 22.59, 22.5, 9999.0, 9999.0, 9999.0, 23.73, 9999.0, 22.36, 9999.0, 22.61, 22.34, 22.09, 22.23, 22.14
2026-09-08, 03:19:41, 22.25, 22.25, 22.59, 22.5, 9999.0, 9999.0, 9999.0, 23.75, 9999.0, 22.39, 9999.0, 22.61, 22.34, 22.09, 22.23, 22.14
2026-09-08, 03:19:45, 22.25, 22.25, 22.59, 22.5, 9999.0, 9999.0, 9999.0, 23.77, 9999.0, 22.41, 9999.0, 22.59, 22.34, 22.09, 22.23, 22.14
2026-09-08, 03:19:49, 22.25, 22.25, 22.59, 22.5, 9999.0, 9999.0, 9999.0, 23.8, 9999.0, 22.43, 9999.0, 22.57, 22.32, 22.09, 22.23, 22.16
2026-09-08, 03:19:53, 22.25, 22.25, 22.59, 22.5, 9999.0, 9999.0, 9999.0, 23.82, 9999.0, 22.45, 9999.0, 22.55, 22.32, 22.11, 22.25, 22.16
2026-09-08, 03:19:57, 22.25, 22.25, 22.57, 22.5, 9999.0, 9999.0, 9999.0, 23.86, 9999.0, 22.48, 9999.0, 22.52, 22.32, 22.11, 22.23, 22.16
2026-09-08, 03:20:01, 22.25, 22.25, 22.55, 22.5, 9999.0, 9999.0, 9999.0, 23.91, 9999.0, 22.5, 9999.0, 22.52, 22.32, 22.09, 22.23, 22.16
2026-09-08, 03:20:05, 22.25, 22.25, 22.52, 22.5, 9999.0, 9999.0, 9999.0, 23.95, 9999.0, 22.48, 9999.0, 22.48, 22.32, 22.09, 22.23, 22.16
2026-09-08, 03:20:09, 22.25, 22.25, 22.52, 22.5, 9999.0, 9999.0, 9999.0, 23.98, 9999.0, 22.45, 9999.0, 22.48, 22.3, 22.09, 22.23, 22.16
2026-09-08, 03:20:13, 22.23, 22.25, 22.52, 22.5, 9999.0, 9999.0, 9999.0, 24.0, 9999.0, 22.43, 9999.0, 22.48, 22.27, 22.09, 22.23, 22.16
2026-09-08, 03:20:17, 22.23, 22.25, 22.52, 22.5, 9999.0, 9999.0, 9999.0, 23.95, 9999.0, 22.41, 9999.0, 22.5, 22.25, 22.09, 22.23, 22.16
2026-09-08, 03:20:21, 22.23, 22.25, 22.52, 22.5, 9999.0, 9999.0, 9999.0, 23.91, 9999.0, 22.39, 9999.0, 22.52, 22.25, 22.09, 22.23, 22.16
2026-09-08, 03:20:25, 22.23, 22.25, 22.52, 22.5, 9999.0, 9999.0, 9999.0, 23.89, 9999.0, 22.36, 9999.0, 22.52, 22.27, 22.11, 22.23, 22.16
2026-09-08, 03:20:29, 22.23, 22.25, 22.52, 22.5, 9999.0, 9999.0, 9999.0, 23.84, 9999.0, 22.36, 9999.0, 22.52, 22.27, 22.09, 22.23, 22.18
2026-09-08, 03:20:33, 22.23, 22.25, 22.52, 22.5, 9999.0, 9999.0, 9999.0, 23.8, 9999.0, 22.36, 9999.0, 22.52, 22.27, 22.09, 22.23, 22.18
2026-09-08, 03:20:37, 22.23, 22.25, 22.52, 22.5, 9999.0, 9999.0, 9999.0, 23.75, 9999.0, 22.36, 9999.0, 22.52, 22.3, 22.09, 22.23, 22.16
2026-09-08, 03:20:41, 22.23, 22.25, 22.52, 22.5, 9999.0, 9999.0, 9999.0, 23.7, 9999.0, 22.39, 9999.0, 22.52, 22.32, 22.07, 22.25, 22.14
2026-09-08, 03:20:45, 22.23, 22.25, 22.52, 22.5, 9999.0, 9999.0, 9999.0, 23.66, 9999.0, 22.39, 9999.0, 22.52, 22.32, 22.07, 22.25, 22.11
2026-09-08, 03:20:49, 22.23, 22.25, 22.52, 22.5, 9999.0, 9999.0, 9999.0, 23.68, 9999.0, 22.41, 9999.0, 22.55, 22.32, 22.07, 22.25, 22.11
2026-09-08, 03:20:53, 22.23, 22.25, 22.52, 22.5, 9999.0, 9999.0, 9999.0, 23.73, 9999.0, 22.43, 9999.0, 22.55, 22.32, 22.05, 22.25, 22.09
2026-09-08, 03:20:57, 22.25, 22.25, 22.52, 22.5, 9999.0, 9999.0, 9999.0, 23.75, 9999.0, 22.45, 9999.0, 22.55, 22.32, 22.05, 22.25, 22.09
2026-09-08, 03:21:01, 22.25, 22.25, 22.52, 22.5, 9999.0, 9999.0, 9999.0, 23.77, 9999.0, 22.48, 9999.0, 22.52, 22.32, 22.07, 22.25, 22.07
2026-09-08, 03:21:05, 22.25, 22.25, 22.5, 22.5, 9999.0, 9999.0, 9999.0, 23.8, 9999.0, 22.5, 9999.0, 22.5, 22.32, 22.07, 22.25, 22.09
2026-09-08, 03:21:09, 22.25, 22.25, 22.5, 22.5, 9999.0, 9999.0, 9999.0, 23.82, 9999.0, 22.52, 9999.0, 22.5, 22.3, 22.07, 22.25, 22.09
2026-09-08, 03:21:13, 22.25, 22.25, 22.52, 22.5, 9999.0, 9999.0, 9999.0, 23.84, 9999.0, 22.52, 9999.0, 22.5, 22.3, 22.07, 22.25, 22.07
2026-09-08, 03:21:17, 22.25, 22.25, 22.55, 22.5, 9999.0, 9999.0, 9999.0, 23.89, 9999.0, 22.5, 9999.0, 22.5, 22.3, 22.07, 22.25, 22.05
2026-09-08, 03:21:21, 22.25, 22.25, 22.55, 22.5, 9999.0, 9999.0, 9999.0, 23.91, 9999.0, 22.48, 9999.0, 22.5, 22.27, 22.07, 22.25, 22.05
2026-09-08, 03:21:25, 22.25, 22.25, 22.57, 22.5, 9999.0, 9999.0, 9999.0, 23.93, 9999.0, 22.43, 9999.0, 22.5, 22.25, 22.09, 22.25, 22.05
2026-09-08, 03:21:29, 22.25, 22.25, 22.59, 22.5, 9999.0, 9999.0, 9999.0, 23.95, 9999.0, 22.41, 9999.0, 22.5, 22.25, 22.11, 22.25, 22.05
2026-09-08, 03:21:33, 22.25, 22.25, 22.59, 22.5, 9999.0, 9999.0, 9999.0, 23.91, 9999.0, 22.39, 9999.0, 22.5, 22.25, 22.14, 22.25, 22.05
2026-09-08, 03:21:37, 22.25, 22.25, 22.61, 22.5, 9999.0, 9999.0, 9999.0, 23.86, 9999.0, 22.36, 9999.0, 22.52, 22.25, 22.14, 22.25, 22.05
2026-09-08, 03:21:41, 22.25, 22.25, 22.61, 22.5, 9999.0, 9999.0, 9999.0, 23.82, 9999.0, 22.34, 9999.0, 22.55, 22.25, 22.14, 22.25, 22.07
2026-09-08, 03:21:45, 22.25, 22.25, 22.61, 22.5, 9999.0, 9999.0, 9999.0, 23.77, 9999.0, 22.34, 9999.0, 22.57, 22.25, 22.11, 22.25, 22.09
2026-09-08, 03:21:49, 22.25, 22.25, 22.61, 22.5, 9999.0, 9999.0, 9999.0, 23.73, 9999.0, 22.34, 9999.0, 22.57, 22.25, 22.11, 22.25, 22.09
2026-09-08, 03:21:53, 22.25, 22.25, 22.61, 22.5, 9999.0, 9999.0, 9999.0, 23.68, 9999.0, 22.34, 9999.0, 22.57, 22.27, 22.11, 22.25, 22.11
2026-09-08, 03:21:57, 22.25, 22.25, 22.59, 22.5, 9999.0, 9999.0, 9999.0, 23.66, 9999.0, 22.34, 9999.0, 22.57, 22.27, 22.14, 22.25, 22.14
2026-09-08, 03:22:01, 22.25, 22.25, 22.57, 22.5, 9999.0, 9999.0, 9999.0, 23.61, 9999.0, 22.36, 9999.0, 22.57, 22.27, 22.14, 22.25, 22.16
2026-09-08, 03:22:05, 22.25, 22.25, 22.57, 22.5, 9999.0, 9999.0, 9999.0, 23.66, 9999.0, 22.39, 9999.0, 22.57, 22.27, 22.11, 22.25, 22.18
2026-09-08, 03:22:09, 22.25, 22.25, 22.55, 22.5, 9999.0, 9999.0, 9999.0, 23.68, 9999.0, 22.41, 9999.0, 22.57, 22.27, 22.09, 22.25, 22.2
2026-09-08, 03:22:13, 22.25, 22.25, 22.52, 22.5, 9999.0, 9999.0, 9999.0, 23.7, 9999.0, 22.43, 9999.0, 22.57, 22.27, 22.07, 22.25, 22.2
2026-09-08, 03:22:17, 22.25, 22.25, 22.52, 22.5, 9999.0, 9999.0, 9999.0, 23.73, 9999.0, 22.43, 9999.0, 22.57, 22.27, 22.05, 22.25, 22.18
2026-09-08, 03:22:21, 22.23, 22.25, 22.5, 22.5, 9999.0, 9999.0, 9999.0, 23.75, 9999.0, 22.43, 9999.0, 22.55, 22.27, 22.07, 22.25, 22.2
2026-09-08, 03:22:25, 22.23, 22.25, 22.5, 22.5, 9999.0, 9999.0, 9999.0, 23.77, 9999.0, 22.43, 9999.0, 22.52, 22.27, 22.09, 22.25, 22.2
2026-09-08, 03:22:29, 22.23, 22.25, 22.5, 22.5, 9999.0, 9999.0, 9999.0, 23.8, 9999.0, 22.41, 9999.0, 22.5, 22.27, 22.11, 22.25, 22.18
2026-09-08, 03:22:33, 22.23, 22.27, 22.5, 22.5, 9999.0, 9999.0, 9999.0, 23.82, 9999.0, 22.39, 9999.0, 22.5, 22.27, 22.14, 22.25, 22.18
2026-09-08, 03:22:37, 22.23, 22.27, 22.5, 22.5, 9999.0, 9999.0, 9999.0, 23.86, 9999.0, 22.36, 9999.0, 22.5, 22.25, 22.11, 22.25, 22.18
2026-09-08, 03:22:41, 22.23, 22.27, 22.5, 22.5, 9999.0, 9999.0, 9999.0, 23.89, 9999.0, 22.34, 9999.0, 22.5, 22.25, 22.09, 22.25, 22.16
2026-09-08, 03:22:45, 22.23, 22.27, 22.52, 22.5, 9999.0, 9999.0, 9999.0, 23.91, 9999.0, 22.32, 9999.0, 22.5, 22.25, 22.09, 22.23, 22.16
2026-09-08, 03:22:49, 22.2, 22.27, 22.52, 22.5, 9999.0, 9999.0, 9999.0, 23.86, 9999.0, 22.3, 9999.0, 22.5, 22.25, 22.09, 22.2, 22.16
2026-09-08, 03:22:53, 22.2, 22.27, 22.52, 22.5, 9999.0, 9999.0, 9999.0, 23.84, 9999.0, 22.25, 9999.0, 22.52, 22.27, 22.11, 22.2, 22.14
2026-09-08, 03:22:58, 22.2, 22.27, 22.52, 22.5, 9999.0, 9999.0, 9999.0, 23.8, 9999.0, 22.2, 9999.0, 22.55, 22.27, 22.14, 22.2, 22.14
2026-09-08, 03:23:02, 22.2, 22.27, 22.52, 22.5, 9999.0, 9999.0, 9999.0, 23.75, 9999.0, 22.23, 9999.0, 22.57, 22.27, 22.14, 22.2, 22.16
2026-09-08, 03:23:06, 22.23, 22.27, 22.52, 22.5, 9999.0, 9999.0, 9999.0, 23.7, 9999.0, 22.25, 9999.0, 22.59, 22.27, 22.11, 22.2, 22.16
2026-09-08, 03:23:10, 22.23, 22.27, 22.52, 22.5, 9999.0, 9999.0, 9999.0, 23.68, 9999.0, 22.27, 9999.0, 22.59, 22.3, 22.09, 22.18, 22.14
2026-09-08, 03:23:14, 22.23, 22.27, 22.52, 22.5, 9999.0, 9999.0, 9999.0, 23.66, 9999.0, 22.3, 9999.0, 22.59, 22.3, 22.07, 22.18, 22.16
2026-09-08, 03:23:18, 22.23, 22.25, 22.52, 22.5, 9999.0, 9999.0, 9999.0, 23.64, 9999.0, 22.32, 9999.0, 22.59, 22.32, 22.05, 22.18, 22.16
2026-09-08, 03:23:22, 22.23, 22.25, 22.55, 22.5, 9999.0, 9999.0, 9999.0, 23.66, 9999.0, 22.34, 9999.0, 22.59, 22.32, 22.07, 22.18, 22.16
2026-09-08, 03:23:26, 22.23, 22.25, 22.55, 22.5, 9999.0, 9999.0, 9999.0, 23.7, 9999.0, 22.36, 9999.0, 22.59, 22.32, 22.07, 22.18, 22.16
2026-09-08, 03:23:30, 22.23, 22.25, 22.52, 22.5, 9999.0, 9999.0, 9999.0, 23.73, 9999.0, 22.36, 9999.0, 22.59, 22.32, 22.07, 22.2, 22.16
2026-09-08, 03:23:34, 22.25, 22.27, 22.52, 22.5, 9999.0, 9999.0, 9999.0, 23.75, 9999.0, 22.36, 9999.0, 22.59, 22.32, 22.07, 22.2, 22.16
2026-09-08, 03:23:38, 22.25, 22.27, 22.52, 22.5, 9999.0, 9999.0, 9999.0, 23.77, 9999.0, 22.39, 9999.0, 22.57, 22.3, 22.05, 22.2, 22.18
2026-09-08, 03:23:42, 22.25, 22.27, 22.52, 22.5, 9999.0, 9999.0, 9999.0, 23.8, 9999.0, 22.41, 9999.0, 22.55, 22.3, 22.02, 22.2, 22.2
2026-09-08, 03:23:46, 22.25, 22.27, 22.52, 22.5, 9999.0, 9999.0, 9999.0, 23.82, 9999.0, 22.39, 9999.0, 22.52, 22.3, 22.02, 22.2, 22.2
2026-09-08, 03:23:50, 22.25, 22.27, 22.52, 22.5, 9999.0, 9999.0, 9999.0, 23.84, 9999.0, 22.36, 9999.0, 22.48, 22.3, 22.02, 22.18, 22.2
2026-09-08, 03:23:54, 22.25, 22.27, 22.52, 22.5, 9999.0, 9999.0, 9999.0, 23.86, 9999.0, 22.34, 9999.0, 22.48, 22.27, 22.02, 22.2, 22.23
2026-09-08, 03:23:58, 22.25, 22.27, 22.52, 22.5, 9999.0, 9999.0, 9999.0, 23.89, 9999.0, 22.32, 9999.0, 22.48, 22.27, 22.02, 22.2, 22.23
2026-09-08, 03:24:02, 22.25, 22.27, 22.52, 22.5, 9999.0, 9999.0, 9999.0, 23.89, 9999.0, 22.3, 9999.0, 22.48, 22.25, 22.02, 22.2, 22.2
2026-09-08, 03:24:06, 22.25, 22.27, 22.5, 22.5, 9999.0, 9999.0, 9999.0, 23.82, 9999.0, 22.27, 9999.0, 22.48, 22.25, 22.0, 22.2, 22.18
2026-09-08, 03:24:10, 22.25, 22.27, 22.5, 22.5, 9999.0, 9999.0, 9999.0, 23.75, 9999.0, 22.25, 9999.0, 22.5, 22.25, 22.0, 22.2, 22.2
2026-09-08, 03:24:14, 22.25, 22.27, 22.5, 22.5, 9999.0, 9999.0, 9999.0, 23.7, 9999.0, 22.25, 9999.0, 22.52, 22.25, 22.02, 22.2, 22.18
2026-09-08, 03:24:18, 22.25, 22.25, 22.5, 22.52, 9999.0, 9999.0, 9999.0, 23.66, 9999.0, 22.27, 9999.0, 22.52, 22.27, 22.02, 22.23, 22.18
2026-09-08, 03:24:22, 22.25, 22.25, 22.5, 22.52, 9999.0, 9999.0, 9999.0, 23.61, 9999.0, 22.3, 9999.0, 22.52, 22.3, 22.05, 22.23, 22.18
2026-09-08, 03:24:26, 22.25, 22.25, 22.5, 22.52, 9999.0, 9999.0, 9999.0, 23.59, 9999.0, 22.3, 9999.0, 22.52, 22.32, 22.05, 22.23, 22.18
2026-09-08, 03:24:30, 22.25, 22.25, 22.5, 22.55, 9999.0, 9999.0, 9999.0, 23.57, 9999.0, 22.32, 9999.0, 22.52, 22.34, 22.07, 22.23, 22.18
2026-09-08, 03:24:34, 22.25, 22.25, 22.5, 22.55, 9999.0, 9999.0, 9999.0, 23.52, 9999.0, 22.34, 9999.0, 22.55, 22.36, 22.07, 22.25, 22.18
2026-09-08, 03:24:38, 22.23, 22.25, 22.5, 22.55, 9999.0, 9999.0, 9999.0, 23.57, 9999.0, 22.34, 9999.0, 22.55, 22.39, 22.09, 22.25, 22.18
2026-09-08, 03:24:42, 22.23, 22.25, 22.5, 22.55, 9999.0, 9999.0, 9999.0, 23.59, 9999.0, 22.34, 9999.0, 22.55, 22.39, 22.11, 22.25, 22.16
2026-09-08, 03:24:46, 22.23, 22.25, 22.52, 22.55, 9999.0, 9999.0, 9999.0, 23.64, 9999.0, 22.34, 9999.0, 22.55, 22.39, 22.11, 22.25, 22.18
2026-09-08, 03:24:50, 22.23, 22.25, 22.52, 22.55, 9999.0, 9999.0, 9999.0, 23.68, 9999.0, 22.34, 9999.0, 22.55, 22.39, 22.11, 22.25, 22.18
2026-09-08, 03:24:54, 22.23, 22.25, 22.52, 22.55, 9999.0, 9999.0, 9999.0, 23.73, 9999.0, 22.34, 9999.0, 22.52, 22.39, 22.14, 22.25, 22.16
2026-09-08, 03:24:58, 22.2, 22.25, 22.52, 22.55, 9999.0, 9999.0, 9999.0, 23.77, 9999.0, 22.32, 9999.0, 22.5, 22.39, 22.14, 22.25, 22.16
2026-09-08, 03:25:02, 22.2, 22.25, 22.52, 22.52, 9999.0, 9999.0, 9999.0, 23.8, 9999.0, 22.3, 9999.0, 22.5, 22.36, 22.16, 22.25, 22.14
2026-09-08, 03:25:06, 22.2, 22.25, 22.52, 22.52, 9999.0, 9999.0, 9999.0, 23.8, 9999.0, 22.27, 9999.0, 22.5, 22.36, 22.14, 22.25, 22.14
2026-09-08, 03:25:10, 22.2, 22.25, 22.52, 22.52, 9999.0, 9999.0, 9999.0, 23.82, 9999.0, 22.25, 9999.0, 22.48, 22.34, 22.14, 22.25, 22.14
2026-09-08, 03:25:14, 22.2, 22.25, 22.52, 22.5, 9999.0, 9999.0, 9999.0, 23.84, 9999.0, 22.2, 9999.0, 22.48, 22.32, 22.11, 22.25, 22.14
2026-09-08, 03:25:18, 22.2, 22.25, 22.52, 22.5, 9999.0, 9999.0, 9999.0, 23.89, 9999.0, 22.16, 9999.0, 22.48, 22.3, 22.11, 22.25, 22.14
2026-09-08, 03:25:22, 22.2, 22.25, 22.52, 22.5, 9999.0, 9999.0, 9999.0, 23.82, 9999.0, 22.14, 9999.0, 22.48, 22.27, 22.11, 22.23, 22.11
2026-09-08, 03:25:26, 22.2, 22.25, 22.52, 22.5, 9999.0, 9999.0, 9999.0, 23.77, 9999.0, 22.11, 9999.0, 22.5, 22.27, 22.11, 22.2, 22.14
2026-09-08, 03:25:30, 22.2, 22.25, 22.5, 22.5, 9999.0, 9999.0, 9999.0, 23.73, 9999.0, 22.09, 9999.0, 22.52, 22.27, 22.14, 22.2, 22.11
2026-09-08, 03:25:34, 22.2, 22.25, 22.52, 22.5, 9999.0, 9999.0, 9999.0, 23.68, 9999.0, 22.09, 9999.0, 22.52, 22.3, 22.14, 22.2, 22.14
2026-09-08, 03:25:38, 22.2, 22.25, 22.52, 22.5, 9999.0, 9999.0, 9999.0, 23.64, 9999.0, 22.09, 9999.0, 22.52, 22.3, 22.11, 22.2, 22.16
2026-09-08, 03:25:42, 22.23, 22.25, 22.52, 22.5, 9999.0, 9999.0, 9999.0, 23.59, 9999.0, 22.11, 9999.0, 22.52, 22.32, 22.09, 22.2, 22.18
2026-09-08, 03:25:46, 22.23, 22.25, 22.55, 22.5, 9999.0, 9999.0, 9999.0, 23.57, 9999.0, 22.14, 9999.0, 22.52, 22.34, 22.09, 22.2, 22.2
2026-09-08, 03:25:50, 22.23, 22.25, 22.55, 22.52, 9999.0, 9999.0, 9999.0, 23.57, 9999.0, 22.16, 9999.0, 22.55, 22.32, 22.09, 22.2, 22.2
2026-09-08, 03:25:54, 22.23, 22.25, 22.55, 22.52, 9999.0, 9999.0, 9999.0, 23.61, 9999.0, 22.18, 9999.0, 22.57, 22.34, 22.11, 22.2, 22.2
2026-09-08, 03:25:58, 22.23, 22.25, 22.55, 22.52, 9999.0, 9999.0, 9999.0, 23.64, 9999.0, 22.2, 9999.0, 22.57, 22.34, 22.11, 22.2, 22.2
2026-09-08, 03:26:02, 22.23, 22.25, 22.55, 22.52, 9999.0, 9999.0, 9999.0, 23.66, 9999.0, 22.23, 9999.0, 22.57, 22.34, 22.11, 22.2, 22.2
2026-09-08, 03:26:06, 22.25, 22.25, 22.55, 22.52, 9999.0, 9999.0, 9999.0, 23.7, 9999.0, 22.25, 9999.0, 22.57, 22.36, 22.09, 22.23, 22.2
2026-09-08, 03:26:10, 22.25, 22.25, 22.55, 22.52, 9999.0, 9999.0, 9999.0, 23.73, 9999.0, 22.27, 9999.0, 22.55, 22.36, 22.07, 22.23, 22.2
2026-09-08, 03:26:14, 22.25, 22.25, 22.55, 22.52, 9999.0, 9999.0, 9999.0, 23.75, 9999.0, 22.27, 9999.0, 22.52, 22.36, 22.07, 22.23, 22.23
2026-09-08, 03:26:18, 22.25, 22.27, 22.52, 22.52, 9999.0, 9999.0, 9999.0, 23.77, 9999.0, 22.25, 9999.0, 22.52, 22.34, 22.09, 22.23, 22.2
2026-09-08, 03:26:22, 22.25, 22.27, 22.52, 22.55, 9999.0, 9999.0, 9999.0, 23.77, 9999.0, 22.23, 9999.0, 22.52, 22.34, 22.09, 22.23, 22.2
2026-09-08, 03:26:26, 22.25, 22.27, 22.52, 22.55, 9999.0, 9999.0, 9999.0, 23.8, 9999.0, 22.2, 9999.0, 22.52, 22.32, 22.11, 22.23, 22.2
2026-09-08, 03:26:30, 22.25, 22.27, 22.5, 22.55, 9999.0, 9999.0, 9999.0, 23.82, 9999.0, 22.16, 9999.0, 22.55, 22.3, 22.11, 22.23, 22.2
2026-09-08, 03:26:34, 22.25, 22.27, 22.5, 22.52, 9999.0, 9999.0, 9999.0, 23.84, 9999.0, 22.11, 9999.0, 22.52, 22.3, 22.11, 22.23, 22.18
2026-09-08, 03:26:38, 22.25, 22.27, 22.5, 22.52, 9999.0, 9999.0, 9999.0, 23.77, 9999.0, 22.09, 9999.0, 22.52, 22.27, 22.11, 22.23, 22.18
2026-09-08, 03:26:42, 22.25, 22.27, 22.5, 22.52, 9999.0, 9999.0, 9999.0, 23.73, 9999.0, 22.07, 9999.0, 22.55, 22.27, 22.11, 22.23, 22.18
2026-09-08, 03:26:46, 22.23, 22.27, 22.52, 22.52, 9999.0, 9999.0, 9999.0, 23.68, 9999.0, 22.05, 9999.0, 22.57, 22.3, 22.14, 22.23, 22.18
2026-09-08, 03:26:51, 22.23, 22.27, 22.52, 22.52, 9999.0, 9999.0, 9999.0, 23.64, 9999.0, 22.05, 9999.0, 22.59, 22.27, 22.16, 22.23, 22.2
2026-09-08, 03:26:55, 22.23, 22.27, 22.52, 22.55, 9999.0, 9999.0, 9999.0, 23.61, 9999.0, 22.02, 9999.0, 22.59, 22.27, 22.18, 22.25, 22.2
2026-09-08, 03:26:59, 22.23, 22.27, 22.52, 22.57, 9999.0, 9999.0, 9999.0, 23.57, 9999.0, 22.02, 9999.0, 22.59, 22.27, 22.16, 22.25, 22.2
2026-09-08, 03:27:03, 22.23, 22.25, 22.55, 22.57, 9999.0, 9999.0, 9999.0, 23.52, 9999.0, 22.05, 9999.0, 22.59, 22.3, 22.16, 22.25, 22.2
2026-09-08, 03:27:07, 22.23, 22.25, 22.55, 22.55, 9999.0, 9999.0, 9999.0, 23.5, 9999.0, 22.07, 9999.0, 22.59, 22.3, 22.16, 22.25, 22.2
2026-09-08, 03:27:11, 22.23, 22.25, 22.55, 22.57, 9999.0, 9999.0, 9999.0, 23.52, 9999.0, 22.07, 9999.0, 22.59, 22.3, 22.16, 22.25, 22.2
2026-09-08, 03:27:15, 22.2, 22.25, 22.55, 22.57, 9999.0, 9999.0, 9999.0, 23.55, 9999.0, 22.07, 9999.0, 22.57, 22.32, 22.16, 22.23, 22.2
2026-09-08, 03:27:19, 22.2, 22.25, 22.55, 22.57, 9999.0, 9999.0, 9999.0, 23.57, 9999.0, 22.07, 9999.0, 22.57, 22.32, 22.16, 22.23, 22.23
2026-09-08, 03:27:23, 22.2, 22.25, 22.55, 22.57, 9999.0, 9999.0, 9999.0, 23.61, 9999.0, 22.07, 9999.0, 22.57, 22.34, 22.14, 22.23, 22.23
2026-09-08, 03:27:27, 22.2, 22.25, 22.55, 22.59, 9999.0, 9999.0, 9999.0, 23.64, 9999.0, 22.07, 9999.0, 22.55, 22.34, 22.16, 22.23, 22.23
2026-09-08, 03:27:31, 22.23, 22.25, 22.55, 22.59, 9999.0, 9999.0, 9999.0, 23.66, 9999.0, 22.07, 9999.0, 22.52, 22.32, 22.16, 22.23, 22.23
2026-09-08, 03:27:35, 22.23, 22.25, 22.55, 22.59, 9999.0, 9999.0, 9999.0, 23.66, 9999.0, 22.05, 9999.0, 22.5, 22.32, 22.14, 22.23, 22.23
2026-09-08, 03:27:39, 22.23, 22.25, 22.57, 22.57, 9999.0, 9999.0, 9999.0, 23.66, 9999.0, 22.05, 9999.0, 22.5, 22.32, 22.11, 22.23, 22.23
2026-09-08, 03:27:43, 22.23, 22.25, 22.57, 22.55, 9999.0, 9999.0, 9999.0, 23.7, 9999.0, 22.05, 9999.0, 22.5, 22.32, 22.11, 22.23, 22.23
2026-09-08, 03:27:47, 22.23, 22.25, 22.55, 22.55, 9999.0, 9999.0, 9999.0, 23.73, 9999.0, 22.02, 9999.0, 22.5, 22.3, 22.09, 22.23, 22.25
2026-09-08, 03:27:51, 22.23, 22.25, 22.55, 22.55, 9999.0, 9999.0, 9999.0, 23.77, 9999.0, 22.0, 9999.0, 22.5, 22.3, 22.09, 22.23, 22.25
2026-09-08, 03:27:55, 22.23, 22.25, 22.55, 22.52, 9999.0, 9999.0, 9999.0, 23.73, 9999.0, 21.98, 9999.0, 22.5, 22.3, 22.09, 22.23, 22.25
2026-09-08, 03:27:59, 22.25, 22.25, 22.55, 22.52, 9999.0, 9999.0, 9999.0, 23.68, 9999.0, 21.98, 9999.0, 22.52, 22.3, 22.09, 22.25, 22.25
2026-09-08, 03:28:03, 22.25, 22.25, 22.57, 22.52, 9999.0, 9999.0, 9999.0, 23.64, 9999.0, 21.95, 9999.0, 22.55, 22.3, 22.11, 22.25, 22.25
2026-09-08, 03:28:07, 22.25, 22.25, 22.59, 22.52, 9999.0, 9999.0, 9999.0, 23.59, 9999.0, 21.93, 9999.0, 22.57, 22.27, 22.14, 22.25, 22.25
2026-09-08, 03:28:11, 22.25, 22.25, 22.59, 22.5, 9999.0, 9999.0, 9999.0, 23.57, 9999.0, 21.93, 9999.0, 22.57, 22.27, 22.14, 22.25, 22.25
2026-09-08, 03:28:15, 22.25, 22.25, 22.57, 22.5, 9999.0, 9999.0, 9999.0, 23.52, 9999.0, 21.93, 9999.0, 22.57, 22.3, 22.14, 22.25, 22.25
2026-09-08, 03:28:19, 22.25, 22.25, 22.57, 22.5, 9999.0, 9999.0, 9999.0, 23.5, 9999.0, 21.95, 9999.0, 22.57, 22.32, 22.16, 22.25, 22.25
2026-09-08, 03:28:23, 22.25, 22.25, 22.55, 22.52, 9999.0, 9999.0, 9999.0, 23.48, 9999.0, 21.98, 9999.0, 22.57, 22.32, 22.16, 22.25, 22.25
2026-09-08, 03:28:27, 22.25, 22.25, 22.55, 22.52, 9999.0, 9999.0, 9999.0, 23.43, 9999.0, 22.0, 9999.0, 22.57, 22.34, 22.16, 22.25, 22.25
2026-09-08, 03:28:31, 22.25, 22.25, 22.55, 22.55, 9999.0, 9999.0, 9999.0, 23.48, 9999.0, 22.0, 9999.0, 22.57, 22.36, 22.16, 22.25, 22.25
2026-09-08, 03:28:35, 22.25, 22.25, 22.57, 22.55, 9999.0, 9999.0, 9999.0, 23.5, 9999.0, 22.0, 9999.0, 22.57, 22.36, 22.16, 22.25, 22.25
2026-09-08, 03:28:39, 22.25, 22.25, 22.57, 22.55, 9999.0, 9999.0, 9999.0, 23.52, 9999.0, 22.02, 9999.0, 22.57, 22.36, 22.14, 22.25, 22.25
2026-09-08, 03:28:43, 22.25, 22.25, 22.59, 22.57, 9999.0, 9999.0, 9999.0, 23.55, 9999.0, 22.02, 9999.0, 22.55, 22.34, 22.14, 22.25, 22.25
2026-09-08, 03:28:47, 22.23, 22.25, 22.57, 22.57, 9999.0, 9999.0, 9999.0, 23.57, 9999.0, 22.05, 9999.0, 22.52, 22.34, 22.14, 22.25, 22.25
2026-09-08, 03:28:51, 22.23, 22.25, 22.55, 22.57, 9999.0, 9999.0, 9999.0, 23.59, 9999.0, 22.07, 9999.0, 22.5, 22.34, 22.11, 22.25, 22.25
2026-09-08, 03:28:55, 22.23, 22.25, 22.57, 22.59, 9999.0, 9999.0, 9999.0, 23.61, 9999.0, 22.05, 9999.0, 22.5, 22.34, 22.11, 22.25, 22.25
2026-09-08, 03:28:59, 22.23, 22.25, 22.57, 22.61, 9999.0, 9999.0, 9999.0, 23.66, 9999.0, 22.02, 9999.0, 22.5, 22.32, 22.11, 22.25, 22.25
2026-09-08, 03:29:03, 22.23, 22.27, 22.57, 22.61, 9999.0, 9999.0, 9999.0, 23.7, 9999.0, 22.0, 9999.0, 22.5, 22.3, 22.11, 22.25, 22.25
2026-09-08, 03:29:07, 22.23, 22.27, 22.57, 22.59, 9999.0, 9999.0, 9999.0, 23.73, 9999.0, 21.95, 9999.0, 22.5, 22.3, 22.11, 22.25, 22.25
2026-09-08, 03:29:11, 22.23, 22.27, 22.59, 22.61, 9999.0, 9999.0, 9999.0, 23.75, 9999.0, 21.91, 9999.0, 22.5, 22.27, 22.14, 22.25, 22.25
2026-09-08, 03:29:15, 22.23, 22.27, 22.59, 22.59, 9999.0, 9999.0, 9999.0, 23.7, 9999.0, 21.89, 9999.0, 22.52, 22.27, 22.16, 22.25, 22.25
2026-09-08, 03:29:19, 22.23, 22.27, 22.59, 22.61, 9999.0, 9999.0, 9999.0, 23.66, 9999.0, 21.86, 9999.0, 22.55, 22.27, 22.18, 22.25, 22.25
2026-09-08, 03:29:23, 22.23, 22.27, 22.59, 22.64, 9999.0, 9999.0, 9999.0, 23.64, 9999.0, 21.84, 9999.0, 22.57, 22.27, 22.18, 22.25, 22.25
2026-09-08, 03:29:27, 22.23, 22.27, 22.59, 22.61, 9999.0, 9999.0, 9999.0, 23.59, 9999.0, 21.84, 9999.0, 22.57, 22.3, 22.16, 22.25, 22.25
2026-09-08, 03:29:31, 22.25, 22.27, 22.59, 22.61, 9999.0, 9999.0, 9999.0, 23.55, 9999.0, 21.84, 9999.0, 22.59, 22.3, 22.14, 22.25, 22.25
2026-09-08, 03:29:35, 22.25, 22.27, 22.61, 22.64, 9999.0, 9999.0, 9999.0, 23.5, 9999.0, 21.86, 9999.0, 22.59, 22.32, 22.16, 22.25, 22.25
2026-09-08, 03:29:39, 22.25, 22.27, 22.59, 22.64, 9999.0, 9999.0, 9999.0, 23.45, 9999.0, 21.91, 9999.0, 22.59, 22.32, 22.16, 22.25, 22.25
2026-09-08, 03:29:43, 22.25, 22.27, 22.59, 22.61, 9999.0, 9999.0, 9999.0, 23.41, 9999.0, 21.95, 9999.0, 22.59, 22.34, 22.14, 22.25, 22.25
2026-09-08, 03:29:47, 22.25, 22.25, 22.61, 22.64, 9999.0, 9999.0, 9999.0, 23.43, 9999.0, 21.98, 9999.0, 22.59, 22.34, 22.11, 22.25, 22.25
2026-09-08, 03:29:51, 22.25, 22.25, 22.61, 22.66, 9999.0, 9999.0, 9999.0, 23.48, 9999.0, 22.0, 9999.0, 22.59, 22.36, 22.11, 22.25, 22.25
2026-09-08, 03:29:55, 22.25, 22.27, 22.61, 22.64, 9999.0, 9999.0, 9999.0, 23.52, 9999.0, 22.02, 9999.0, 22.59, 22.36, 22.11, 22.25, 22.25
2026-09-08, 03:29:59, 22.25, 22.27, 22.64, 22.64, 9999.0, 9999.0, 9999.0, 23.55, 9999.0, 22.05, 9999.0, 22.57, 22.34, 22.09, 22.25, 22.25
2026-09-08, 03:30:03, 22.25, 22.27, 22.64, 22.64, 9999.0, 9999.0, 9999.0, 23.57, 9999.0, 22.07, 9999.0, 22.55, 22.34, 22.09, 22.25, 22.25
2026-09-08, 03:30:07, 22.25, 22.27, 22.66, 22.64, 9999.0, 9999.0, 9999.0, 23.57, 9999.0, 22.09, 9999.0, 22.52, 22.34, 22.11, 22.25, 22.25
2026-09-08, 03:30:11, 22.25, 22.27, 22.66, 22.66, 9999.0, 9999.0, 9999.0, 23.61, 9999.0, 22.09, 9999.0, 22.52, 22.32, 22.14, 22.25, 22.25
2026-09-08, 03:30:15, 22.25, 22.27, 22.68, 22.68, 9999.0, 9999.0, 9999.0, 23.64, 9999.0, 22.09, 9999.0, 22.5, 22.32, 22.16, 22.25, 22.25
2026-09-08, 03:30:19, 22.25, 22.27, 22.66, 22.68, 9999.0, 9999.0, 9999.0, 23.66, 9999.0, 22.07, 9999.0, 22.5, 22.3, 22.14, 22.25, 22.25
2026-09-08, 03:30:23, 22.25, 22.27, 22.66, 22.68, 9999.0, 9999.0, 9999.0, 23.68, 9999.0, 22.05, 9999.0, 22.5, 22.3, 22.11, 22.25, 22.25
2026-09-08, 03:30:27, 22.25, 22.27, 22.66, 22.68, 9999.0, 9999.0, 9999.0, 23.7, 9999.0, 22.0, 9999.0, 22.5, 22.27, 22.11, 22.25, 22.25
2026-09-08, 03:30:31, 22.25, 22.27, 22.64, 22.68, 9999.0, 9999.0, 9999.0, 23.66, 9999.0, 21.95, 9999.0, 22.52, 22.3, 22.11, 22.25, 22.25
2026-09-08, 03:30:36, 22.25, 22.27, 22.64, 22.68, 9999.0, 9999.0, 9999.0, 23.59, 9999.0, 21.93, 9999.0, 22.55, 22.3, 22.14, 22.25, 22.25
2026-09-08, 03:30:40, 22.25, 22.25, 22.61, 22.7, 9999.0, 9999.0, 9999.0, 23.52, 9999.0, 21.93, 9999.0, 22.57, 22.32, 22.11, 22.25, 22.25
2026-09-08, 03:30:44, 22.25, 22.25, 22.59, 22.73, 9999.0, 9999.0, 9999.0, 23.48, 9999.0, 21.93, 9999.0, 22.59, 22.34, 22.11, 22.25, 22.25
2026-09-08, 03:30:48, 22.25, 22.25, 22.57, 22.73, 9999.0, 9999.0, 9999.0, 23.43, 9999.0, 21.93, 9999.0, 22.59, 22.36, 22.09, 22.25, 22.25
2026-09-08, 03:30:52, 22.25, 22.25, 22.55, 22.73, 9999.0, 9999.0, 9999.0, 23.41, 9999.0, 21.95, 9999.0, 22.59, 22.39, 22.07, 22.25, 22.25
2026-09-08, 03:30:56, 22.25, 22.25, 22.52, 22.73, 9999.0, 9999.0, 9999.0, 23.36, 9999.0, 21.98, 9999.0, 22.59, 22.41, 22.05, 22.25, 22.25
2026-09-08, 03:31:00, 22.25, 22.25, 22.5, 22.73, 9999.0, 9999.0, 9999.0, 23.34, 9999.0, 22.0, 9999.0, 22.59, 22.41, 22.02, 22.25, 22.25
2026-09-08, 03:31:04, 22.25, 22.25, 22.5, 22.73, 9999.0, 9999.0, 9999.0, 23.39, 9999.0, 22.02, 9999.0, 22.61, 22.43, 22.02, 22.25, 22.25
2026-09-08, 03:31:08, 22.25, 22.25, 22.5, 22.73, 9999.0, 9999.0, 9999.0, 23.43, 9999.0, 22.02, 9999.0, 22.61, 22.43, 22.05, 22.25, 22.25
2026-09-08, 03:31:12, 22.25, 22.25, 22.5, 22.75, 9999.0, 9999.0, 9999.0, 23.45, 9999.0, 22.05, 9999.0, 22.61, 22.43, 22.05, 22.25, 22.25
2026-09-08, 03:31:16, 22.25, 22.25, 22.52, 22.73, 9999.0, 9999.0, 9999.0, 23.48, 9999.0, 22.07, 9999.0, 22.59, 22.41, 22.07, 22.25, 22.25
2026-09-08, 03:31:20, 22.25, 22.25, 22.52, 22.73, 9999.0, 9999.0, 9999.0, 23.52, 9999.0, 22.09, 9999.0, 22.57, 22.39, 22.05, 22.25, 22.25
2026-09-08, 03:31:24, 22.25, 22.25, 22.52, 22.73, 9999.0, 9999.0, 9999.0, 23.57, 9999.0, 22.09, 9999.0, 22.55, 22.36, 22.07, 22.25, 22.25
2026-09-08, 03:31:28, 22.25, 22.25, 22.55, 22.7, 9999.0, 9999.0, 9999.0, 23.59, 9999.0, 22.09, 9999.0, 22.52, 22.34, 22.09, 22.25, 22.25
2026-09-08, 03:31:32, 22.25, 22.25, 22.55, 22.7, 9999.0, 9999.0, 9999.0, 23.61, 9999.0, 22.09, 9999.0, 22.52, 22.32, 22.09, 22.25, 22.25
2026-09-08, 03:31:36, 22.25, 22.25, 22.57, 22.68, 9999.0, 9999.0, 9999.0, 23.64, 9999.0, 22.05, 9999.0, 22.52, 22.3, 22.11, 22.23, 22.25
2026-09-08, 03:31:40, 22.25, 22.25, 22.57, 22.68, 9999.0, 9999.0, 9999.0, 23.66, 9999.0, 22.0, 9999.0, 22.52, 22.27, 22.11, 22.23, 22.25
2026-09-08, 03:31:44, 22.25, 22.25, 22.57, 22.68, 9999.0, 9999.0, 9999.0, 23.68, 9999.0, 21.98, 9999.0, 22.52, 22.27, 22.11, 22.23, 22.25
2026-09-08, 03:31:48, 22.25, 22.25, 22.57, 22.68, 9999.0, 9999.0, 9999.0, 23.64, 9999.0, 21.95, 9999.0, 22.52, 22.27, 22.14, 22.23, 22.25
2026-09-08, 03:31:52, 22.25, 22.25, 22.57, 22.66, 9999.0, 9999.0, 9999.0, 23.57, 9999.0, 21.93, 9999.0, 22.55, 22.3, 22.11, 22.23, 22.25
2026-09-08, 03:31:56, 22.25, 22.25, 22.57, 22.66, 9999.0, 9999.0, 9999.0, 23.52, 9999.0, 21.93, 9999.0, 22.57, 22.32, 22.14, 22.23, 22.25
2026-09-08, 03:32:00, 22.25, 22.25, 22.55, 22.68, 9999.0, 9999.0, 9999.0, 23.48, 9999.0, 21.95, 9999.0, 22.59, 22.34, 22.14, 22.23, 22.25
2026-09-08, 03:32:04, 22.25, 22.25, 22.55, 22.68, 9999.0, 9999.0, 9999.0, 23.43, 9999.0, 21.98, 9999.0, 22.59, 22.36, 22.16, 22.23, 22.25
2026-09-08, 03:32:08, 22.25, 22.25, 22.57, 22.68, 9999.0, 9999.0, 9999.0, 23.39, 9999.0, 22.0, 9999.0, 22.59, 22.39, 22.16, 22.23, 22.25
2026-09-08, 03:32:12, 22.25, 22.25, 22.57, 22.7, 9999.0, 9999.0, 9999.0, 23.36, 9999.0, 22.02, 9999.0, 22.59, 22.41, 22.16, 22.23, 22.25
2026-09-08, 03:32:16, 22.25, 22.25, 22.57, 22.7, 9999.0, 9999.0, 9999.0, 23.34, 9999.0, 22.05, 9999.0, 22.59, 22.43, 22.18, 22.23, 22.25
2026-09-08, 03:32:20, 22.25, 22.25, 22.57, 22.73, 9999.0, 9999.0, 9999.0, 23.39, 9999.0, 22.09, 9999.0, 22.59, 22.45, 22.18, 22.25, 22.25
2026-09-08, 03:32:24, 22.25, 22.25, 22.59, 22.73, 9999.0, 9999.0, 9999.0, 23.43, 9999.0, 22.14, 9999.0, 22.59, 22.48, 22.2, 22.25, 22.25
2026-09-08, 03:32:28, 22.25, 22.25, 22.61, 22.7, 9999.0, 9999.0, 9999.0, 23.48, 9999.0, 22.16, 9999.0, 22.59, 22.5, 22.23, 22.25, 22.25
2026-09-08, 03:32:32, 22.25, 22.25, 22.64, 22.7, 9999.0, 9999.0, 9999.0, 23.52, 9999.0, 22.18, 9999.0, 22.57, 22.48, 22.2, 22.25, 22.25
2026-09-08, 03:32:36, 22.25, 22.25, 22.66, 22.73, 9999.0, 9999.0, 9999.0, 23.57, 9999.0, 22.23, 9999.0, 22.55, 22.45, 22.23, 22.25, 22.25
2026-09-08, 03:32:40, 22.25, 22.25, 22.68, 22.73, 9999.0, 9999.0, 9999.0, 23.61, 9999.0, 22.23, 9999.0, 22.52, 22.43, 22.23, 22.25, 22.25
2026-09-08, 03:32:44, 22.25, 22.25, 22.7, 22.73, 9999.0, 9999.0, 9999.0, 23.66, 9999.0, 22.2, 9999.0, 22.5, 22.41, 22.23, 22.25, 22.25
2026-09-08, 03:32:48, 22.25, 22.25, 22.7, 22.73, 9999.0, 9999.0, 9999.0, 23.7, 9999.0, 22.18, 9999.0, 22.5, 22.41, 22.23, 22.25, 22.25
2026-09-08, 03:32:52, 22.25, 22.25, 22.68, 22.73, 9999.0, 9999.0, 9999.0, 23.75, 9999.0, 22.16, 9999.0, 22.5, 22.39, 22.23, 22.25, 22.25
2026-09-08, 03:32:56, 22.25, 22.25, 22.68, 22.7, 9999.0, 9999.0, 9999.0, 23.8, 9999.0, 22.14, 9999.0, 22.5, 22.36, 22.23, 22.25, 22.25
2026-09-08, 03:33:00, 22.25, 22.25, 22.68, 22.7, 9999.0, 9999.0, 9999.0, 23.84, 9999.0, 22.11, 9999.0, 22.5, 22.34, 22.23, 22.25, 22.25
2026-09-08, 03:33:04, 22.25, 22.25, 22.68, 22.7, 9999.0, 9999.0, 9999.0, 23.8, 9999.0, 22.09, 9999.0, 22.52, 22.34, 22.2, 22.25, 22.25
2026-09-08, 03:33:08, 22.25, 22.25, 22.66, 22.7, 9999.0, 9999.0, 9999.0, 23.75, 9999.0, 22.07, 9999.0, 22.55, 22.34, 22.2, 22.25, 22.25
2026-09-08, 03:33:12, 22.25, 22.25, 22.64, 22.73, 9999.0, 9999.0, 9999.0, 23.68, 9999.0, 22.05, 9999.0, 22.57, 22.32, 22.2, 22.23, 22.25
2026-09-08, 03:33:16, 22.25, 22.25, 22.64, 22.73, 9999.0, 9999.0, 9999.0, 23.61, 9999.0, 22.05, 9999.0, 22.59, 22.32, 22.23, 22.23, 22.25
2026-09-08, 03:33:20, 22.25, 22.25, 22.64, 22.73, 9999.0, 9999.0, 9999.0, 23.57, 9999.0, 22.05, 9999.0, 22.61, 22.32, 22.23, 22.23, 22.25
2026-09-08, 03:33:24, 22.25, 22.25, 22.64, 22.73, 9999.0, 9999.0, 9999.0, 23.52, 9999.0, 22.07, 9999.0, 22.64, 22.34, 22.2, 22.23, 22.25
2026-09-08, 03:33:28, 22.25, 22.25, 22.61, 22.73, 9999.0, 9999.0, 9999.0, 23.48, 9999.0, 22.11, 9999.0, 22.64, 22.36, 22.2, 22.23, 22.25
2026-09-08, 03:33:32, 22.23, 22.25, 22.64, 22.73, 9999.0, 9999.0, 9999.0, 23.43, 9999.0, 22.16, 9999.0, 22.64, 22.36, 22.18, 22.23, 22.25
2026-09-08, 03:33:36, 22.23, 22.25, 22.66, 22.73, 9999.0, 9999.0, 9999.0, 23.45, 9999.0, 22.18, 9999.0, 22.64, 22.39, 22.18, 22.23, 22.25
2026-09-08, 03:33:40, 22.23, 22.25, 22.64, 22.75, 9999.0, 9999.0, 9999.0, 23.48, 9999.0, 22.2, 9999.0, 22.64, 22.41, 22.18, 22.23, 22.25
2026-09-08, 03:33:44, 22.23, 22.25, 22.66, 22.75, 9999.0, 9999.0, 9999.0, 23.5, 9999.0, 22.23, 9999.0, 22.64, 22.41, 22.16, 22.23, 22.25
2026-09-08, 03:33:48, 22.23, 22.25, 22.66, 22.75, 9999.0, 9999.0, 9999.0, 23.52, 9999.0, 22.25, 9999.0, 22.61, 22.41, 22.16, 22.23, 22.25
2026-09-08, 03:33:52, 22.23, 22.25, 22.68, 22.75, 9999.0, 9999.0, 9999.0, 23.55, 9999.0, 22.27, 9999.0, 22.59, 22.41, 22.14, 22.23, 22.25
2026-09-08, 03:33:56, 22.23, 22.25, 22.68, 22.75, 9999.0, 9999.0, 9999.0, 23.59, 9999.0, 22.27, 9999.0, 22.57, 22.43, 22.14, 22.25, 22.25
2026-09-08, 03:34:00, 22.23, 22.25, 22.66, 22.75, 9999.0, 9999.0, 9999.0, 23.64, 9999.0, 22.25, 9999.0, 22.55, 22.43, 22.14, 22.25, 22.25
2026-09-08, 03:34:04, 22.23, 22.25, 22.66, 22.75, 9999.0, 9999.0, 9999.0, 23.68, 9999.0, 22.23, 9999.0, 22.52, 22.43, 22.14, 22.25, 22.25
2026-09-08, 03:34:08, 22.23, 22.25, 22.66, 22.75, 9999.0, 9999.0, 9999.0, 23.73, 9999.0, 22.23, 9999.0, 22.5, 22.41, 22.14, 22.23, 22.25
2026-09-08, 03:34:12, 22.23, 22.25, 22.66, 22.75, 9999.0, 9999.0, 9999.0, 23.77, 9999.0, 22.18, 9999.0, 22.5, 22.41, 22.14, 22.23, 22.25
2026-09-08, 03:34:16, 22.23, 22.25, 22.66, 22.75, 9999.0, 9999.0, 9999.0, 23.8, 9999.0, 22.16, 9999.0, 22.5, 22.41, 22.16, 22.23, 22.25
2026-09-08, 03:34:20, 22.2, 22.25, 22.64, 22.75, 9999.0, 9999.0, 9999.0, 23.75, 9999.0, 22.16, 9999.0, 22.52, 22.39, 22.16, 22.23, 22.25
2026-09-08, 03:34:24, 22.2, 22.25, 22.66, 22.75, 9999.0, 9999.0, 9999.0, 23.7, 9999.0, 22.14, 9999.0, 22.55, 22.39, 22.16, 22.23, 22.25
2026-09-08, 03:34:29, 22.2, 22.25, 22.64, 22.75, 9999.0, 9999.0, 9999.0, 23.66, 9999.0, 22.11, 9999.0, 22.57, 22.41, 22.18, 22.23, 22.25
2026-09-08, 03:34:33, 22.2, 22.25, 22.61, 22.75, 9999.0, 9999.0, 9999.0, 23.64, 9999.0, 22.11, 9999.0, 22.59, 22.39, 22.18, 22.23, 22.25
2026-09-08, 03:34:37, 22.2, 22.25, 22.59, 22.75, 9999.0, 9999.0, 9999.0, 23.61, 9999.0, 22.11, 9999.0, 22.61, 22.36, 22.2, 22.23, 22.25
2026-09-08, 03:34:41, 22.2, 22.25, 22.61, 22.75, 9999.0, 9999.0, 9999.0, 23.57, 9999.0, 22.14, 9999.0, 22.61, 22.36, 22.2, 22.23, 22.25
2026-09-08, 03:34:45, 22.2, 22.25, 22.64, 22.75, 9999.0, 9999.0, 9999.0, 23.52, 9999.0, 22.18, 9999.0, 22.64, 22.39, 22.2, 22.23, 22.25
2026-09-08, 03:34:49, 22.18, 22.25, 22.64, 22.75, 9999.0, 9999.0, 9999.0, 23.48, 9999.0, 22.23, 9999.0, 22.64, 22.41, 22.2, 22.23, 22.25
2026-09-08, 03:34:53, 22.18, 22.25, 22.61, 22.75, 9999.0, 9999.0, 9999.0, 23.5, 9999.0, 22.25, 9999.0, 22.64, 22.43, 22.2, 22.25, 22.25
2026-09-08, 03:34:57, 22.18, 22.25, 22.64, 22.75, 9999.0, 9999.0, 9999.0, 23.52, 9999.0, 22.27, 9999.0, 22.66, 22.43, 22.2, 22.25, 22.25
2026-09-08, 03:35:01, 22.2, 22.27, 22.61, 22.75, 9999.0, 9999.0, 9999.0, 23.57, 9999.0, 22.27, 9999.0, 22.66, 22.43, 22.2, 22.25, 22.25
2026-09-08, 03:35:05, 22.23, 22.27, 22.61, 22.75, 9999.0, 9999.0, 9999.0, 23.61, 9999.0, 22.27, 9999.0, 22.64, 22.45, 22.18, 22.25, 22.25
2026-09-08, 03:35:09, 22.23, 22.27, 22.59, 22.75, 9999.0, 9999.0, 9999.0, 23.66, 9999.0, 22.3, 9999.0, 22.61, 22.45, 22.16, 22.25, 22.25
2026-09-08, 03:35:13, 22.23, 22.27, 22.59, 22.75, 9999.0, 9999.0, 9999.0, 23.68, 9999.0, 22.32, 9999.0, 22.59, 22.45, 22.14, 22.25, 22.25
2026-09-08, 03:35:17, 22.23, 22.27, 22.59, 22.75, 9999.0, 9999.0, 9999.0, 23.7, 9999.0, 22.32, 9999.0, 22.57, 22.45, 22.14, 22.25, 22.25
2026-09-08, 03:35:21, 22.23, 22.27, 22.61, 22.75, 9999.0, 9999.0, 9999.0, 23.73, 9999.0, 22.32, 9999.0, 22.55, 22.45, 22.14, 22.25, 22.25
2026-09-08, 03:35:25, 22.23, 22.3, 22.61, 22.75, 9999.0, 9999.0, 9999.0, 23.77, 9999.0, 22.32, 9999.0, 22.55, 22.43, 22.14, 22.25, 22.25
2026-09-08, 03:35:29, 22.23, 22.3, 22.61, 22.75, 9999.0, 9999.0, 9999.0, 23.82, 9999.0, 22.3, 9999.0, 22.52, 22.41, 22.11, 22.25, 22.25
2026-09-08, 03:35:33, 22.25, 22.32, 22.61, 22.75, 9999.0, 9999.0, 9999.0, 23.86, 9999.0, 22.27, 9999.0, 22.52, 22.39, 22.11, 22.25, 22.25
2026-09-08, 03:35:37, 22.25, 22.32, 22.64, 22.75, 9999.0, 9999.0, 9999.0, 23.84, 9999.0, 22.25, 9999.0, 22.52, 22.36, 22.14, 22.25, 22.25
2026-09-08, 03:35:41, 22.25, 22.32, 22.64, 22.75, 9999.0, 9999.0, 9999.0, 23.8, 9999.0, 22.25, 9999.0, 22.52, 22.36, 22.11, 22.25, 22.25
2026-09-08, 03:35:45, 22.25, 22.3, 22.66, 22.75, 9999.0, 9999.0, 9999.0, 23.75, 9999.0, 22.25, 9999.0, 22.55, 22.34, 22.09, 22.25, 22.25
2026-09-08, 03:35:49, 22.25, 22.3, 22.66, 22.75, 9999.0, 9999.0, 9999.0, 23.7, 9999.0, 22.27, 9999.0, 22.57, 22.32, 22.11, 22.25, 22.25
2026-09-08, 03:35:53, 22.25, 22.3, 22.68, 22.75, 9999.0, 9999.0, 9999.0, 23.64, 9999.0, 22.3, 9999.0, 22.59, 22.3, 22.14, 22.25, 22.25
2026-09-08, 03:35:57, 22.25, 22.32, 22.7, 22.73, 9999.0, 9999.0, 9999.0, 23.61, 9999.0, 22.32, 9999.0, 22.61, 22.3, 22.16, 22.25, 22.25
2026-09-08, 03:36:01, 22.25, 22.32, 22.73, 22.73, 9999.0, 9999.0, 9999.0, 23.57, 9999.0, 22.34, 9999.0, 22.64, 22.32, 22.16, 22.25, 22.25
2026-09-08, 03:36:05, 22.25, 22.32, 22.73, 22.73, 9999.0, 9999.0, 9999.0, 23.52, 9999.0, 22.36, 9999.0, 22.66, 22.32, 22.16, 22.25, 22.25
2026-09-08, 03:36:09, 22.25, 22.3, 22.73, 22.73, 9999.0, 9999.0, 9999.0, 23.48, 9999.0, 22.39, 9999.0, 22.66, 22.34, 22.16, 22.25, 22.25
2026-09-08, 03:36:13, 22.25, 22.3, 22.73, 22.73, 9999.0, 9999.0, 9999.0, 23.5, 9999.0, 22.41, 9999.0, 22.66, 22.34, 22.16, 22.25, 22.25
2026-09-08, 03:36:17, 22.25, 22.27, 22.73, 22.73, 9999.0, 9999.0, 9999.0, 23.52, 9999.0, 22.43, 9999.0, 22.66, 22.36, 22.14, 22.25, 22.25
2026-09-08, 03:36:21, 22.25, 22.27, 22.73, 22.73, 9999.0, 9999.0, 9999.0, 23.55, 9999.0, 22.45, 9999.0, 22.66, 22.39, 22.14, 22.25, 22.25
2026-09-08, 03:36:25, 22.25, 22.27, 22.73, 22.7, 9999.0, 9999.0, 9999.0, 23.57, 9999.0, 22.48, 9999.0, 22.64, 22.36, 22.14, 22.25, 22.25
2026-09-08, 03:36:29, 22.25, 22.27, 22.73, 22.7, 9999.0, 9999.0, 9999.0, 23.59, 9999.0, 22.48, 9999.0, 22.61, 22.36, 22.16, 22.25, 22.25
2026-09-08, 03:36:33, 22.25, 22.27, 22.75, 22.7, 9999.0, 9999.0, 9999.0, 23.61, 9999.0, 22.45, 9999.0, 22.59, 22.36, 22.14, 22.25, 22.25
2026-09-08, 03:36:37, 22.25, 22.27, 22.75, 22.7, 9999.0, 9999.0, 9999.0, 23.66, 9999.0, 22.43, 9999.0, 22.57, 22.36, 22.14, 22.25, 22.25
2026-09-08, 03:36:41, 22.25, 22.25, 22.75, 22.73, 9999.0, 9999.0, 9999.0, 23.68, 9999.0, 22.41, 9999.0, 22.55, 22.36, 22.14, 22.25, 22.25
2026-09-08, 03:36:45, 22.25, 22.27, 22.75, 22.73, 9999.0, 9999.0, 9999.0, 23.73, 9999.0, 22.39, 9999.0, 22.52, 22.34, 22.16, 22.25, 22.25
2026-09-08, 03:36:49, 22.25, 22.27, 22.75, 22.73, 9999.0, 9999.0, 9999.0, 23.77, 9999.0, 22.36, 9999.0, 22.5, 22.36, 22.14, 22.25, 22.25
2026-09-08, 03:36:53, 22.25, 22.3, 22.73, 22.73, 9999.0, 9999.0, 9999.0, 23.82, 9999.0, 22.34, 9999.0, 22.5, 22.34, 22.14, 22.25, 22.25
2026-09-08, 03:36:57, 22.25, 22.3, 22.73, 22.7, 9999.0, 9999.0, 9999.0, 23.77, 9999.0, 22.32, 9999.0, 22.52, 22.34, 22.16, 22.25, 22.25
2026-09-08, 03:37:01, 22.25, 22.32, 22.73, 22.7, 9999.0, 9999.0, 9999.0, 23.73, 9999.0, 22.3, 9999.0, 22.55, 22.32, 22.18, 22.25, 22.25
2026-09-08, 03:37:05, 22.25, 22.32, 22.73, 22.7, 9999.0, 9999.0, 9999.0, 23.68, 9999.0, 22.27, 9999.0, 22.57, 22.3, 22.16, 22.25, 22.25
2026-09-08, 03:37:09, 22.25, 22.32, 22.7, 22.73, 9999.0, 9999.0, 9999.0, 23.66, 9999.0, 22.25, 9999.0, 22.59, 22.3, 22.18, 22.25, 22.25
2026-09-08, 03:37:13, 22.25, 22.34, 22.7, 22.73, 9999.0, 9999.0, 9999.0, 23.64, 9999.0, 22.27, 9999.0, 22.61, 22.32, 22.18, 22.25, 22.25
2026-09-08, 03:37:17, 22.25, 22.34, 22.68, 22.7, 9999.0, 9999.0, 9999.0, 23.61, 9999.0, 22.3, 9999.0, 22.64, 22.34, 22.2, 22.25, 22.25
2026-09-08, 03:37:21, 22.23, 22.34, 22.66, 22.7, 9999.0, 9999.0, 9999.0, 23.59, 9999.0, 22.32, 9999.0, 22.64, 22.36, 22.2, 22.25, 22.25
2026-09-08, 03:37:25, 22.23, 22.34, 22.66, 22.7, 9999.0, 9999.0, 9999.0, 23.57, 9999.0, 22.34, 9999.0, 22.64, 22.36, 22.2, 22.25, 22.25
2026-09-08, 03:37:29, 22.23, 22.32, 22.64, 22.7, 9999.0, 9999.0, 9999.0, 23.61, 9999.0, 22.36, 9999.0, 22.64, 22.39, 22.2, 22.25, 22.25
2026-09-08, 03:37:33, 22.23, 22.32, 22.64, 22.7, 9999.0, 9999.0, 9999.0, 23.66, 9999.0, 22.39, 9999.0, 22.64, 22.39, 22.23, 22.25, 22.25
2026-09-08, 03:37:37, 22.23, 22.3, 22.66, 22.68, 9999.0, 9999.0, 9999.0, 23.68, 9999.0, 22.41, 9999.0, 22.64, 22.41, 22.2, 22.25, 22.25
2026-09-08, 03:37:41, 22.23, 22.3, 22.64, 22.7, 9999.0, 9999.0, 9999.0, 23.73, 9999.0, 22.43, 9999.0, 22.61, 22.43, 22.18, 22.25, 22.25
2026-09-08, 03:37:45, 22.23, 22.27, 22.64, 22.7, 9999.0, 9999.0, 9999.0, 23.77, 9999.0, 22.45, 9999.0, 22.59, 22.43, 22.16, 22.25, 22.25
2026-09-08, 03:37:49, 22.23, 22.27, 22.64, 22.7, 9999.0, 9999.0, 9999.0, 23.8, 9999.0, 22.48, 9999.0, 22.57, 22.43, 22.18, 22.25, 22.25
2026-09-08, 03:37:53, 22.23, 22.27, 22.66, 22.7, 9999.0, 9999.0, 9999.0, 23.82, 9999.0, 22.5, 9999.0, 22.52, 22.43, 22.18, 22.25, 22.25
2026-09-08, 03:37:57, 22.2, 22.25, 22.66, 22.7, 9999.0, 9999.0, 9999.0, 23.84, 9999.0, 22.5, 9999.0, 22.5, 22.41, 22.18, 22.25, 22.25
2026-09-08, 03:38:01, 22.2, 22.25, 22.68, 22.73, 9999.0, 9999.0, 9999.0, 23.86, 9999.0, 22.48, 9999.0, 22.45, 22.39, 22.18, 22.25, 22.25
2026-09-08, 03:38:05, 22.23, 22.25, 22.7, 22.73, 9999.0, 9999.0, 9999.0, 23.89, 9999.0, 22.45, 9999.0, 22.48, 22.36, 22.16, 22.25, 22.25
2026-09-08, 03:38:09, 22.23, 22.25, 22.68, 22.73, 9999.0, 9999.0, 9999.0, 23.91, 9999.0, 22.43, 9999.0, 22.48, 22.34, 22.14, 22.25, 22.25
2026-09-08, 03:38:13, 22.23, 22.25, 22.7, 22.73, 9999.0, 9999.0, 9999.0, 23.84, 9999.0, 22.41, 9999.0, 22.5, 22.34, 22.11, 22.25, 22.25
2026-09-08, 03:38:17, 22.23, 22.27, 22.68, 22.73, 9999.0, 9999.0, 9999.0, 23.8, 9999.0, 22.39, 9999.0, 22.52, 22.34, 22.11, 22.25, 22.25
2026-09-08, 03:38:22, 22.2, 22.27, 22.68, 22.75, 9999.0, 9999.0, 9999.0, 23.77, 9999.0, 22.36, 9999.0, 22.55, 22.32, 22.14, 22.25, 22.25
2026-09-08, 03:38:26, 22.2, 22.27, 22.68, 22.75, 9999.0, 9999.0, 9999.0, 23.73, 9999.0, 22.36, 9999.0, 22.57, 22.3, 22.14, 22.25, 22.25
2026-09-08, 03:38:30, 22.2, 22.27, 22.68, 22.75, 9999.0, 9999.0, 9999.0, 23.68, 9999.0, 22.36, 9999.0, 22.59, 22.3, 22.16, 22.25, 22.25
2026-09-08, 03:38:34, 22.2, 22.27, 22.68, 22.75, 9999.0, 9999.0, 9999.0, 23.66, 9999.0, 22.36, 9999.0, 22.59, 22.32, 22.16, 22.25, 22.25
2026-09-08, 03:38:38, 22.2, 22.3, 22.68, 22.75, 9999.0, 9999.0, 9999.0, 23.64, 9999.0, 22.39, 9999.0, 22.61, 22.34, 22.16, 22.25, 22.25
2026-09-08, 03:38:42, 22.23, 22.3, 22.68, 22.73, 9999.0, 9999.0, 9999.0, 23.61, 9999.0, 22.39, 9999.0, 22.61, 22.36, 22.16, 22.25, 22.25
2026-09-08, 03:38:46, 22.23, 22.3, 22.66, 22.73, 9999.0, 9999.0, 9999.0, 23.66, 9999.0, 22.41, 9999.0, 22.64, 22.39, 22.16, 22.25, 22.25
2026-09-08, 03:38:50, 22.23, 22.3, 22.66, 22.73, 9999.0, 9999.0, 9999.0, 23.68, 9999.0, 22.43, 9999.0, 22.61, 22.39, 22.16, 22.25, 22.25
2026-09-08, 03:38:54, 22.23, 22.3, 22.66, 22.73, 9999.0, 9999.0, 9999.0, 23.7, 9999.0, 22.45, 9999.0, 22.61, 22.39, 22.18, 22.25, 22.25
2026-09-08, 03:38:58, 22.23, 22.3, 22.66, 22.73, 9999.0, 9999.0, 9999.0, 23.75, 9999.0, 22.48, 9999.0, 22.59, 22.36, 22.2, 22.25, 22.25
2026-09-08, 03:39:02, 22.23, 22.27, 22.68, 22.7, 9999.0, 9999.0, 9999.0, 23.77, 9999.0, 22.5, 9999.0, 22.57, 22.34, 22.2, 22.25, 22.25
2026-09-08, 03:39:06, 22.25, 22.3, 22.68, 22.7, 9999.0, 9999.0, 9999.0, 23.8, 9999.0, 22.52, 9999.0, 22.55, 22.34, 22.18, 22.25, 22.25
2026-09-08, 03:39:10, 22.25, 22.3, 22.68, 22.7, 9999.0, 9999.0, 9999.0, 23.82, 9999.0, 22.52, 9999.0, 22.52, 22.36, 22.18, 22.25, 22.25
2026-09-08, 03:39:14, 22.25, 22.3, 22.68, 22.68, 9999.0, 9999.0, 9999.0, 23.86, 9999.0, 22.52, 9999.0, 22.5, 22.36, 22.18, 22.25, 22.25
2026-09-08, 03:39:18, 22.25, 22.3, 22.68, 22.66, 9999.0, 9999.0, 9999.0, 23.91, 9999.0, 22.52, 9999.0, 22.5, 22.34, 22.18, 22.25, 22.25
2026-09-08, 03:39:22, 22.25, 22.27, 22.66, 22.64, 9999.0, 9999.0, 9999.0, 23.93, 9999.0, 22.5, 9999.0, 22.5, 22.32, 22.18, 22.25, 22.25
2026-09-08, 03:39:26, 22.25, 22.27, 22.64, 22.66, 9999.0, 9999.0, 9999.0, 23.95, 9999.0, 22.5, 9999.0, 22.5, 22.3, 22.18, 22.25, 22.25
2026-09-08, 03:39:30, 22.25, 22.27, 22.66, 22.64, 9999.0, 9999.0, 9999.0, 23.91, 9999.0, 22.5, 9999.0, 22.52, 22.3, 22.16, 22.23, 22.25
2026-09-08, 03:39:34, 22.25, 22.27, 22.66, 22.61, 9999.0, 9999.0, 9999.0, 23.89, 9999.0, 22.5, 9999.0, 22.55, 22.3, 22.18, 22.23, 22.25
2026-09-08, 03:39:38, 22.25, 22.27, 22.68, 22.59, 9999.0, 9999.0, 9999.0, 23.86, 9999.0, 22.48, 9999.0, 22.57, 22.32, 22.18, 22.23, 22.25
2026-09-08, 03:39:42, 22.25, 22.27, 22.66, 22.57, 9999.0, 9999.0, 9999.0, 23.84, 9999.0, 22.5, 9999.0, 22.59, 22.34, 22.18, 22.23, 22.25
2026-09-08, 03:39:46, 22.25, 22.27, 22.66, 22.57, 9999.0, 9999.0, 9999.0, 23.8, 9999.0, 22.5, 9999.0, 22.61, 22.34, 22.18, 22.23, 22.25
2026-09-08, 03:39:50, 22.25, 22.25, 22.64, 22.57, 9999.0, 9999.0, 9999.0, 23.75, 9999.0, 22.5, 9999.0, 22.64, 22.36, 22.2, 22.23, 22.25
2026-09-08, 03:39:54, 22.25, 22.25, 22.66, 22.55, 9999.0, 9999.0, 9999.0, 23.73, 9999.0, 22.52, 9999.0, 22.66, 22.36, 22.23, 22.23, 22.25
2026-09-08, 03:39:58, 22.25, 22.25, 22.64, 22.57, 9999.0, 9999.0, 9999.0, 23.68, 9999.0, 22.55, 9999.0, 22.66, 22.39, 22.2, 22.23, 22.25
2026-09-08, 03:40:02, 22.25, 22.25, 22.61, 22.59, 9999.0, 9999.0, 9999.0, 23.7, 9999.0, 22.57, 9999.0, 22.66, 22.39, 22.18, 22.23, 22.25
2026-09-08, 03:40:06, 22.25, 22.25, 22.64, 22.61, 9999.0, 9999.0, 9999.0, 23.75, 9999.0, 22.57, 9999.0, 22.66, 22.41, 22.18, 22.23, 22.25
2026-09-08, 03:40:10, 22.25, 22.25, 22.66, 22.61, 9999.0, 9999.0, 9999.0, 23.8, 9999.0, 22.57, 9999.0, 22.66, 22.41, 22.16, 22.23, 22.25
2026-09-08, 03:40:14, 22.25, 22.25, 22.66, 22.61, 9999.0, 9999.0, 9999.0, 23.82, 9999.0, 22.57, 9999.0, 22.64, 22.41, 22.18, 22.25, 22.25
2026-09-08, 03:40:18, 22.25, 22.25, 22.66, 22.64, 9999.0, 9999.0, 9999.0, 23.84, 9999.0, 22.57, 9999.0, 22.61, 22.43, 22.16, 22.25, 22.25
2026-09-08, 03:40:22, 22.25, 22.25, 22.64, 22.64, 9999.0, 9999.0, 9999.0, 23.86, 9999.0, 22.59, 9999.0, 22.59, 22.41, 22.16, 22.25, 22.25
2026-09-08, 03:40:26, 22.25, 22.25, 22.66, 22.66, 9999.0, 9999.0, 9999.0, 23.89, 9999.0, 22.57, 9999.0, 22.57, 22.39, 22.14, 22.25, 22.25
2026-09-08, 03:40:30, 22.25, 22.25, 22.66, 22.68, 9999.0, 9999.0, 9999.0, 23.93, 9999.0, 22.57, 9999.0, 22.55, 22.39, 22.11, 22.25, 22.25
2026-09-08, 03:40:34, 22.25, 22.27, 22.66, 22.66, 9999.0, 9999.0, 9999.0, 23.98, 9999.0, 22.57, 9999.0, 22.52, 22.36, 22.09, 22.25, 22.25
2026-09-08, 03:40:38, 22.25, 22.3, 22.64, 22.66, 9999.0, 9999.0, 9999.0, 24.02, 9999.0, 22.55, 9999.0, 22.5, 22.34, 22.07, 22.25, 22.25
2026-09-08, 03:40:42, 22.25, 22.3, 22.66, 22.66, 9999.0, 9999.0, 9999.0, 24.05, 9999.0, 22.52, 9999.0, 22.5, 22.32, 22.09, 22.25, 22.25
2026-09-08, 03:40:46, 22.25, 22.3, 22.68, 22.64, 9999.0, 9999.0, 9999.0, 24.0, 9999.0, 22.5, 9999.0, 22.52, 22.32, 22.09, 22.25, 22.25
2026-09-08, 03:40:50, 22.25, 22.3, 22.66, 22.61, 9999.0, 9999.0, 9999.0, 23.95, 9999.0, 22.5, 9999.0, 22.55, 22.32, 22.09, 22.25, 22.25
2026-09-08, 03:40:54, 22.25, 22.32, 22.64, 22.61, 9999.0, 9999.0, 9999.0, 23.91, 9999.0, 22.5, 9999.0, 22.57, 22.32, 22.11, 22.25, 22.25
2026-09-08, 03:40:58, 22.25, 22.32, 22.64, 22.64, 9999.0, 9999.0, 9999.0, 23.89, 9999.0, 22.5, 9999.0, 22.59, 22.3, 22.11, 22.25, 22.25
2026-09-08, 03:41:02, 22.25, 22.34, 22.64, 22.61, 9999.0, 9999.0, 9999.0, 23.86, 9999.0, 22.5, 9999.0, 22.59, 22.27, 22.14, 22.25, 22.25
2026-09-08, 03:41:06, 22.25, 22.34, 22.64, 22.64, 9999.0, 9999.0, 9999.0, 23.82, 9999.0, 22.52, 9999.0, 22.59, 22.27, 22.11, 22.25, 22.25
2026-09-08, 03:41:10, 22.25, 22.34, 22.64, 22.61, 9999.0, 9999.0, 9999.0, 23.77, 9999.0, 22.55, 9999.0, 22.59, 22.3, 22.14, 22.25, 22.25
2026-09-08, 03:41:14, 22.23, 22.36, 22.61, 22.59, 9999.0, 9999.0, 9999.0, 23.73, 9999.0, 22.57, 9999.0, 22.59, 22.32, 22.16, 22.25, 22.25
2026-09-08, 03:41:18, 22.23, 22.34, 22.64, 22.59, 9999.0, 9999.0, 9999.0, 23.75, 9999.0, 22.59, 9999.0, 22.59, 22.34, 22.18, 22.25, 22.25
2026-09-08, 03:41:22, 22.23, 22.32, 22.64, 22.61, 9999.0, 9999.0, 9999.0, 23.77, 9999.0, 22.61, 9999.0, 22.59, 22.36, 22.18, 22.25, 22.25
2026-09-08, 03:41:26, 22.23, 22.32, 22.61, 22.59, 9999.0, 9999.0, 9999.0, 23.8, 9999.0, 22.64, 9999.0, 22.59, 22.39, 22.18, 22.25, 22.25
2026-09-08, 03:41:30, 22.23, 22.32, 22.61, 22.61, 9999.0, 9999.0, 9999.0, 23.82, 9999.0, 22.64, 9999.0, 22.57, 22.39, 22.2, 22.25, 22.25
2026-09-08, 03:41:34, 22.23, 22.32, 22.61, 22.61, 9999.0, 9999.0, 9999.0, 23.84, 9999.0, 22.64, 9999.0, 22.55, 22.39, 22.2, 22.25, 22.25
2026-09-08, 03:41:38, 22.23, 22.32, 22.64, 22.59, 9999.0, 9999.0, 9999.0, 23.86, 9999.0, 22.64, 9999.0, 22.52, 22.39, 22.18, 22.25, 22.25
2026-09-08, 03:41:42, 22.23, 22.32, 22.64, 22.57, 9999.0, 9999.0, 9999.0, 23.89, 9999.0, 22.64, 9999.0, 22.5, 22.39, 22.16, 22.25, 22.25
2026-09-08, 03:41:46, 22.23, 22.3, 22.61, 22.57, 9999.0, 9999.0, 9999.0, 23.89, 9999.0, 22.64, 9999.0, 22.5, 22.39, 22.16, 22.25, 22.25
2026-09-08, 03:41:50, 22.23, 22.3, 22.61, 22.55, 9999.0, 9999.0, 9999.0, 23.91, 9999.0, 22.61, 9999.0, 22.5, 22.39, 22.16, 22.25, 22.25
2026-09-08, 03:41:54, 22.23, 22.3, 22.59, 22.57, 9999.0, 9999.0, 9999.0, 23.95, 9999.0, 22.59, 9999.0, 22.5, 22.39, 22.14, 22.25, 22.25
2026-09-08, 03:41:58, 22.25, 22.3, 22.59, 22.57, 9999.0, 9999.0, 9999.0, 24.0, 9999.0, 22.57, 9999.0, 22.5, 22.36, 22.14, 22.25, 22.25
2026-09-08, 03:42:02, 22.25, 22.32, 22.59, 22.57, 9999.0, 9999.0, 9999.0, 23.95, 9999.0, 22.55, 9999.0, 22.5, 22.34, 22.14, 22.25, 22.25
2026-09-08, 03:42:06, 22.25, 22.32, 22.59, 22.55, 9999.0, 9999.0, 9999.0, 23.93, 9999.0, 22.52, 9999.0, 22.52, 22.34, 22.14, 22.25, 22.25
2026-09-08, 03:42:10, 22.25, 22.32, 22.59, 22.57, 9999.0, 9999.0, 9999.0, 23.91, 9999.0, 22.5, 9999.0, 22.55, 22.32, 22.14, 22.25, 22.25
2026-09-08, 03:42:15, 22.25, 22.32, 22.59, 22.55, 9999.0, 9999.0, 9999.0, 23.89, 9999.0, 22.5, 9999.0, 22.57, 22.32, 22.14, 22.25, 22.25
2026-09-08, 03:42:19, 22.25, 22.32, 22.61, 22.55, 9999.0, 9999.0, 9999.0, 23.86, 9999.0, 22.5, 9999.0, 22.57, 22.3, 22.14, 22.25, 22.23
2026-09-08, 03:42:23, 22.25, 22.32, 22.61, 22.55, 9999.0, 9999.0, 9999.0, 23.82, 9999.0, 22.5, 9999.0, 22.59, 22.32, 22.16, 22.25, 22.23
2026-09-08, 03:42:27, 22.25, 22.32, 22.59, 22.55, 9999.0, 9999.0, 9999.0, 23.77, 9999.0, 22.52, 9999.0, 22.59, 22.32, 22.16, 22.25, 22.23
2026-09-08, 03:42:31, 22.25, 22.32, 22.59, 22.55, 9999.0, 9999.0, 9999.0, 23.75, 9999.0, 22.55, 9999.0, 22.59, 22.34, 22.14, 22.25, 22.23
2026-09-08, 03:42:35, 22.25, 22.32, 22.61, 22.55, 9999.0, 9999.0, 9999.0, 23.8, 9999.0, 22.55, 9999.0, 22.59, 22.36, 22.16, 22.25, 22.23
2026-09-08, 03:42:39, 22.25, 22.32, 22.61, 22.52, 9999.0, 9999.0, 9999.0, 23.82, 9999.0, 22.57, 9999.0, 22.59, 22.36, 22.16, 22.25, 22.23
2026-09-08, 03:42:43, 22.25, 22.3, 22.61, 22.52, 9999.0, 9999.0, 9999.0, 23.84, 9999.0, 22.57, 9999.0, 22.59, 22.36, 22.16, 22.25, 22.23
2026-09-08, 03:42:47, 22.25, 22.27, 22.61, 22.52, 9999.0, 9999.0, 9999.0, 23.86, 9999.0, 22.57, 9999.0, 22.61, 22.36, 22.14, 22.25, 22.23
2026-09-08, 03:42:51, 22.25, 22.27, 22.61, 22.55, 9999.0, 9999.0, 9999.0, 23.86, 9999.0, 22.57, 9999.0, 22.59, 22.34, 22.14, 22.25, 22.2
2026-09-08, 03:42:55, 22.25, 22.27, 22.61, 22.55, 9999.0, 9999.0, 9999.0, 23.89, 9999.0, 22.57, 9999.0, 22.57, 22.34, 22.11, 22.25, 22.2
2026-09-08, 03:42:59, 22.25, 22.27, 22.59, 22.55, 9999.0, 9999.0, 9999.0, 23.91, 9999.0, 22.57, 9999.0, 22.55, 22.34, 22.11, 22.25, 22.18
2026-09-08, 03:43:03, 22.25, 22.27, 22.57, 22.55, 9999.0, 9999.0, 9999.0, 23.91, 9999.0, 22.57, 9999.0, 22.55, 22.34, 22.09, 22.25, 22.2
2026-09-08, 03:43:07, 22.25, 22.25, 22.55, 22.55, 9999.0, 9999.0, 9999.0, 23.95, 9999.0, 22.57, 9999.0, 22.5, 22.32, 22.07, 22.25, 22.2
2026-09-08, 03:43:11, 22.25, 22.25, 22.57, 22.55, 9999.0, 9999.0, 9999.0, 23.98, 9999.0, 22.55, 9999.0, 22.5, 22.32, 22.07, 22.25, 22.2
2026-09-08, 03:43:15, 22.25, 22.25, 22.57, 22.55, 9999.0, 9999.0, 9999.0, 24.0, 9999.0, 22.52, 9999.0, 22.5, 22.3, 22.07, 22.23, 22.2
2026-09-08, 03:43:19, 22.25, 22.25, 22.57, 22.55, 9999.0, 9999.0, 9999.0, 23.95, 9999.0, 22.52, 9999.0, 22.52, 22.27, 22.07, 22.23, 22.2
2026-09-08, 03:43:23, 22.25, 22.25, 22.57, 22.55, 9999.0, 9999.0, 9999.0, 23.91, 9999.0, 22.5, 9999.0, 22.55, 22.27, 22.07, 22.23, 22.2
2026-09-08, 03:43:27, 22.25, 22.25, 22.59, 22.55, 9999.0, 9999.0, 9999.0, 23.86, 9999.0, 22.48, 9999.0, 22.57, 22.27, 22.05, 22.23, 22.2
2026-09-08, 03:43:31, 22.25, 22.25, 22.59, 22.55, 9999.0, 9999.0, 9999.0, 23.82, 9999.0, 22.48, 9999.0, 22.57, 22.3, 22.07, 22.23, 22.2
2026-09-08, 03:43:35, 22.25, 22.25, 22.59, 22.55, 9999.0, 9999.0, 9999.0, 23.77, 9999.0, 22.48, 9999.0, 22.59, 22.3, 22.07, 22.23, 22.23
2026-09-08, 03:43:39, 22.25, 22.25, 22.61, 22.52, 9999.0, 9999.0, 9999.0, 23.73, 9999.0, 22.48, 9999.0, 22.59, 22.3, 22.09, 22.23, 22.23
2026-09-08, 03:43:43, 22.25, 22.25, 22.61, 22.52, 9999.0, 9999.0, 9999.0, 23.68, 9999.0, 22.5, 9999.0, 22.59, 22.32, 22.07, 22.23, 22.25
2026-09-08, 03:43:47, 22.25, 22.25, 22.61, 22.52, 9999.0, 9999.0, 9999.0, 23.66, 9999.0, 22.52, 9999.0, 22.59, 22.34, 22.07, 22.23, 22.23
2026-09-08, 03:43:51, 22.25, 22.25, 22.64, 22.52, 9999.0, 9999.0, 9999.0, 23.61, 9999.0, 22.55, 9999.0, 22.64, 22.36, 22.09, 22.23, 22.2
2026-09-08, 03:43:55, 22.25, 22.25, 22.61, 22.52, 9999.0, 9999.0, 9999.0, 23.66, 9999.0, 22.57, 9999.0, 22.64, 22.36, 22.11, 22.23, 22.18
2026-09-08, 03:43:59, 22.25, 22.25, 22.61, 22.55, 9999.0, 9999.0, 9999.0, 23.7, 9999.0, 22.59, 9999.0, 22.64, 22.36, 22.14, 22.25, 22.18
2026-09-08, 03:44:03, 22.25, 22.25, 22.59, 22.55, 9999.0, 9999.0, 9999.0, 23.75, 9999.0, 22.59, 9999.0, 22.61, 22.36, 22.11, 22.25, 22.16
2026-09-08, 03:44:07, 22.25, 22.25, 22.61, 22.55, 9999.0, 9999.0, 9999.0, 23.77, 9999.0, 22.59, 9999.0, 22.59, 22.34, 22.11, 22.25, 22.16
2026-09-08, 03:44:11, 22.25, 22.25, 22.59, 22.55, 9999.0, 9999.0, 9999.0, 23.8, 9999.0, 22.61, 9999.0, 22.57, 22.34, 22.14, 22.25, 22.14
2026-09-08, 03:44:15, 22.25, 22.25, 22.57, 22.55, 9999.0, 9999.0, 9999.0, 23.84, 9999.0, 22.61, 9999.0, 22.55, 22.32, 22.11, 22.23, 22.14
2026-09-08, 03:44:19, 22.25, 22.25, 22.57, 22.52, 9999.0, 9999.0, 9999.0, 23.89, 9999.0, 22.61, 9999.0, 22.52, 22.32, 22.14, 22.23, 22.11
2026-09-08, 03:44:23, 22.25, 22.25, 22.55, 22.52, 9999.0, 9999.0, 9999.0, 23.93, 9999.0, 22.61, 9999.0, 22.52, 22.34, 22.11, 22.23, 22.11
2026-09-08, 03:44:27, 22.25, 22.25, 22.57, 22.55, 9999.0, 9999.0, 9999.0, 23.95, 9999.0, 22.59, 9999.0, 22.5, 22.32, 22.11, 22.23, 22.09
2026-09-08, 03:44:31, 22.25, 22.25, 22.57, 22.55, 9999.0, 9999.0, 9999.0, 24.0, 9999.0, 22.57, 9999.0, 22.5, 22.3, 22.11, 22.2, 22.11
2026-09-08, 03:44:35, 22.25, 22.25, 22.57, 22.55, 9999.0, 9999.0, 9999.0, 24.02, 9999.0, 22.55, 9999.0, 22.48, 22.27, 22.09, 22.2, 22.14
2026-09-08, 03:44:39, 22.25, 22.25, 22.57, 22.55, 9999.0, 9999.0, 9999.0, 23.98, 9999.0, 22.52, 9999.0, 22.5, 22.27, 22.09, 22.2, 22.16
2026-09-08, 03:44:43, 22.25, 22.25, 22.57, 22.52, 9999.0, 9999.0, 9999.0, 23.93, 9999.0, 22.48, 9999.0, 22.52, 22.3, 22.07, 22.2, 22.16
2026-09-08, 03:44:47, 22.25, 22.25, 22.57, 22.52, 9999.0, 9999.0, 9999.0, 23.89, 9999.0, 22.45, 9999.0, 22.55, 22.3, 22.09, 22.2, 22.16
2026-09-08, 03:44:51, 22.25, 22.25, 22.57, 22.52, 9999.0, 9999.0, 9999.0, 23.84, 9999.0, 22.45, 9999.0, 22.57, 22.3, 22.09, 22.2, 22.16
2026-09-08, 03:44:55, 22.25, 22.25, 22.59, 22.52, 9999.0, 9999.0, 9999.0, 23.82, 9999.0, 22.48, 9999.0, 22.59, 22.3, 22.07, 22.2, 22.18
2026-09-08, 03:44:59, 22.25, 22.27, 22.59, 22.52, 9999.0, 9999.0, 9999.0, 23.77, 9999.0, 22.5, 9999.0, 22.59, 22.3, 22.09, 22.23, 22.16
2026-09-08, 03:45:03, 22.25, 22.27, 22.59, 22.52, 9999.0, 9999.0, 9999.0, 23.73, 9999.0, 22.52, 9999.0, 22.59, 22.32, 22.09, 22.23, 22.18
2026-09-08, 03:45:07, 22.25, 22.27, 22.59, 22.52, 9999.0, 9999.0, 9999.0, 23.68, 9999.0, 22.55, 9999.0, 22.59, 22.3, 22.11, 22.23, 22.18
2026-09-08, 03:45:11, 22.25, 22.3, 22.59, 22.5, 9999.0, 9999.0, 9999.0, 23.73, 9999.0, 22.55, 9999.0, 22.61, 22.3, 22.14, 22.23, 22.2
2026-09-08, 03:45:15, 22.25, 22.3, 22.59, 22.5, 9999.0, 9999.0, 9999.0, 23.75, 9999.0, 22.55, 9999.0, 22.61, 22.3, 22.14, 22.25, 22.18
2026-09-08, 03:45:19, 22.25, 22.3, 22.57, 22.52, 9999.0, 9999.0, 9999.0, 23.8, 9999.0, 22.55, 9999.0, 22.61, 22.32, 22.14, 22.25, 22.18
2026-09-08, 03:45:23, 22.25, 22.32, 22.57, 22.52, 9999.0, 9999.0, 9999.0, 23.82, 9999.0, 22.55, 9999.0, 22.59, 22.32, 22.11, 22.25, 22.18
2026-09-08, 03:45:27, 22.25, 22.32, 22.57, 22.52, 9999.0, 9999.0, 9999.0, 23.84, 9999.0, 22.57, 9999.0, 22.57, 22.3, 22.11, 22.25, 22.18
2026-09-08, 03:45:31, 22.25, 22.32, 22.57, 22.52, 9999.0, 9999.0, 9999.0, 23.86, 9999.0, 22.59, 9999.0, 22.55, 22.3, 22.09, 22.25, 22.2
2026-09-08, 03:45:35, 22.25, 22.34, 22.55, 22.52, 9999.0, 9999.0, 9999.0, 23.91, 9999.0, 22.59, 9999.0, 22.52, 22.3, 22.09, 22.25, 22.2
2026-09-08, 03:45:39, 22.23, 22.36, 22.52, 22.52, 9999.0, 9999.0, 9999.0, 23.93, 9999.0, 22.55, 9999.0, 22.5, 22.32, 22.11, 22.25, 22.18
2026-09-08, 03:45:43, 22.23, 22.34, 22.52, 22.52, 9999.0, 9999.0, 9999.0, 23.98, 9999.0, 22.52, 9999.0, 22.5, 22.32, 22.11, 22.25, 22.2
2026-09-08, 03:45:47, 22.23, 22.34, 22.52, 22.52, 9999.0, 9999.0, 9999.0, 24.0, 9999.0, 22.5, 9999.0, 22.52, 22.3, 22.09, 22.25, 22.2
2026-09-08, 03:45:51, 22.23, 22.34, 22.52, 22.52, 9999.0, 9999.0, 9999.0, 24.02, 9999.0, 22.45, 9999.0, 22.52, 22.3, 22.07, 22.25, 22.2
2026-09-08, 03:45:55, 22.23, 22.32, 22.52, 22.52, 9999.0, 9999.0, 9999.0, 23.98, 9999.0, 22.43, 9999.0, 22.55, 22.32, 22.07, 22.25, 22.18
2026-09-08, 03:45:59, 22.23, 22.32, 22.52, 22.52, 9999.0, 9999.0, 9999.0, 23.93, 9999.0, 22.43, 9999.0, 22.57, 22.32, 22.09, 22.25, 22.18
2026-09-08, 03:46:03, 22.23, 22.32, 22.52, 22.5, 9999.0, 9999.0, 9999.0, 23.89, 9999.0, 22.41, 9999.0, 22.59, 22.32, 22.11, 22.25, 22.16
2026-09-08, 03:46:08, 22.23, 22.32, 22.52, 22.5, 9999.0, 9999.0, 9999.0, 23.86, 9999.0, 22.41, 9999.0, 22.61, 22.32, 22.14, 22.25, 22.14
2026-09-08, 03:46:12, 22.23, 22.32, 22.52, 22.5, 9999.0, 9999.0, 9999.0, 23.84, 9999.0, 22.41, 9999.0, 22.61, 22.32, 22.14, 22.25, 22.14
2026-09-08, 03:46:16, 22.23, 22.32, 22.52, 22.5, 9999.0, 9999.0, 9999.0, 23.82, 9999.0, 22.41, 9999.0, 22.64, 22.34, 22.14, 22.25, 22.14
2026-09-08, 03:46:20, 22.23, 22.3, 22.52, 22.5, 9999.0, 9999.0, 9999.0, 23.77, 9999.0, 22.43, 9999.0, 22.64, 22.36, 22.16, 22.25, 22.14
2026-09-08, 03:46:24, 22.25, 22.27, 22.52, 22.5, 9999.0, 9999.0, 9999.0, 23.73, 9999.0, 22.45, 9999.0, 22.64, 22.36, 22.16, 22.25, 22.14
2026-09-08, 03:46:28, 22.25, 22.27, 22.52, 22.5, 9999.0, 9999.0, 9999.0, 23.75, 9999.0, 22.45, 9999.0, 22.66, 22.36, 22.14, 22.25, 22.14
2026-09-08, 03:46:32, 22.25, 22.27, 22.55, 22.5, 9999.0, 9999.0, 9999.0, 23.8, 9999.0, 22.45, 9999.0, 22.64, 22.36, 22.14, 22.25, 22.11
2026-09-08, 03:46:36, 22.25, 22.27, 22.55, 22.5, 9999.0, 9999.0, 9999.0, 23.82, 9999.0, 22.48, 9999.0, 22.64, 22.36, 22.14, 22.25, 22.09
2026-09-08, 03:46:40, 22.25, 22.27, 22.52, 22.5, 9999.0, 9999.0, 9999.0, 23.84, 9999.0, 22.5, 9999.0, 22.61, 22.34, 22.11, 22.25, 22.11
2026-09-08, 03:46:44, 22.25, 22.27, 22.52, 22.5, 9999.0, 9999.0, 9999.0, 23.86, 9999.0, 22.5, 9999.0, 22.59, 22.34, 22.09, 22.25, 22.11
2026-09-08, 03:46:48, 22.25, 22.27, 22.52, 22.5, 9999.0, 9999.0, 9999.0, 23.89, 9999.0, 22.52, 9999.0, 22.57, 22.32, 22.07, 22.25, 22.11
2026-09-08, 03:46:52, 22.25, 22.25, 22.52, 22.5, 9999.0, 9999.0, 9999.0, 23.89, 9999.0, 22.52, 9999.0, 22.55, 22.32, 22.05, 22.25, 22.11
2026-09-08, 03:46:56, 22.25, 22.27, 22.52, 22.52, 9999.0, 9999.0, 9999.0, 23.89, 9999.0, 22.52, 9999.0, 22.55, 22.32, 22.07, 22.23, 22.11
2026-09-08, 03:47:00, 22.25, 22.27, 22.52, 22.52, 9999.0, 9999.0, 9999.0, 23.91, 9999.0, 22.5, 9999.0, 22.52, 22.3, 22.09, 22.23, 22.09
2026-09-08, 03:47:04, 22.25, 22.27, 22.52, 22.52, 9999.0, 9999.0, 9999.0, 23.93, 9999.0, 22.45, 9999.0, 22.55, 22.3, 22.09, 22.23, 22.09
2026-09-08, 03:47:08, 22.25, 22.27, 22.52, 22.52, 9999.0, 9999.0, 9999.0, 23.95, 9999.0, 22.45, 9999.0, 22.55, 22.27, 22.07, 22.23, 22.11
2026-09-08, 03:47:12, 22.25, 22.27, 22.52, 22.52, 9999.0, 9999.0, 9999.0, 23.91, 9999.0, 22.43, 9999.0, 22.52, 22.3, 22.09, 22.23, 22.09
2026-09-08, 03:47:16, 22.25, 22.3, 22.52, 22.52, 9999.0, 9999.0, 9999.0, 23.86, 9999.0, 22.41, 9999.0, 22.55, 22.32, 22.11, 22.23, 22.09
2026-09-08, 03:47:20, 22.25, 22.3, 22.52, 22.52, 9999.0, 9999.0, 9999.0, 23.82, 9999.0, 22.39, 9999.0, 22.57, 22.32, 22.11, 22.23, 22.09
2026-09-08, 03:47:24, 22.25, 22.3, 22.52, 22.52, 9999.0, 9999.0, 9999.0, 23.77, 9999.0, 22.39, 9999.0, 22.59, 22.32, 22.11, 22.23, 22.07
2026-09-08, 03:47:28, 22.25, 22.3, 22.52, 22.52, 9999.0, 9999.0, 9999.0, 23.73, 9999.0, 22.39, 9999.0, 22.61, 22.34, 22.11, 22.23, 22.09
2026-09-08, 03:47:32, 22.25, 22.3, 22.52, 22.52, 9999.0, 9999.0, 9999.0, 23.68, 9999.0, 22.39, 9999.0, 22.64, 22.34, 22.14, 22.23, 22.09
2026-09-08, 03:47:36, 22.23, 22.3, 22.55, 22.52, 9999.0, 9999.0, 9999.0, 23.66, 9999.0, 22.39, 9999.0, 22.64, 22.36, 22.16, 22.23, 22.11
2026-09-08, 03:47:40, 22.23, 22.27, 22.55, 22.52, 9999.0, 9999.0, 9999.0, 23.64, 9999.0, 22.39, 9999.0, 22.64, 22.36, 22.14, 22.25, 22.09
2026-09-08, 03:47:44, 22.23, 22.27, 22.55, 22.52, 9999.0, 9999.0, 9999.0, 23.66, 9999.0, 22.41, 9999.0, 22.64, 22.36, 22.14, 22.25, 22.09
2026-09-08, 03:47:48, 22.23, 22.3, 22.55, 22.52, 9999.0, 9999.0, 9999.0, 23.7, 9999.0, 22.43, 9999.0, 22.61, 22.36, 22.11, 22.25, 22.09
2026-09-08, 03:47:52, 22.23, 22.3, 22.55, 22.52, 9999.0, 9999.0, 9999.0, 23.75, 9999.0, 22.43, 9999.0, 22.61, 22.36, 22.11, 22.25, 22.07
2026-09-08, 03:47:56, 22.23, 22.3, 22.55, 22.52, 9999.0, 9999.0, 9999.0, 23.77, 9999.0, 22.45, 9999.0, 22.61, 22.34, 22.11, 22.25, 22.07
2026-09-08, 03:48:00, 22.23, 22.27, 22.52, 22.52, 9999.0, 9999.0, 9999.0, 23.8, 9999.0, 22.48, 9999.0, 22.59, 22.32, 22.11, 22.25, 22.09
2026-09-08, 03:48:04, 22.2, 22.27, 22.52, 22.52, 9999.0, 9999.0, 9999.0, 23.82, 9999.0, 22.48, 9999.0, 22.57, 22.32, 22.11, 22.23, 22.11
2026-09-08, 03:48:08, 22.2, 22.27, 22.52, 22.52, 9999.0, 9999.0, 9999.0, 23.84, 9999.0, 22.45, 9999.0, 22.55, 22.32, 22.11, 22.23, 22.11
2026-09-08, 03:48:12, 22.2, 22.27, 22.52, 22.52, 9999.0, 9999.0, 9999.0, 23.86, 9999.0, 22.43, 9999.0, 22.52, 22.32, 22.11, 22.23, 22.09
2026-09-08, 03:48:16, 22.2, 22.27, 22.55, 22.52, 9999.0, 9999.0, 9999.0, 23.89, 9999.0, 22.43, 9999.0, 22.5, 22.32, 22.09, 22.23, 22.11
2026-09-08, 03:48:20, 22.23, 22.27, 22.52, 22.55, 9999.0, 9999.0, 9999.0, 23.91, 9999.0, 22.43, 9999.0, 22.52, 22.3, 22.07, 22.23, 22.09
2026-09-08, 03:48:24, 22.23, 22.27, 22.52, 22.52, 9999.0, 9999.0, 9999.0, 23.93, 9999.0, 22.41, 9999.0, 22.52, 22.3, 22.07, 22.2, 22.09
2026-09-08, 03:48:28, 22.23, 22.27, 22.52, 22.52, 9999.0, 9999.0, 9999.0, 23.89, 9999.0, 22.39, 9999.0, 22.52, 22.3, 22.05, 22.2, 22.09
2026-09-08, 03:48:32, 22.23, 22.27, 22.52, 22.52, 9999.0, 9999.0, 9999.0, 23.84, 9999.0, 22.36, 9999.0, 22.55, 22.27, 22.05, 22.2, 22.09
2026-09-08, 03:48:36, 22.23, 22.27, 22.52, 22.55, 9999.0, 9999.0, 9999.0, 23.77, 9999.0, 22.34, 9999.0, 22.57, 22.3, 22.07, 22.2, 22.11
2026-09-08, 03:48:40, 22.23, 22.27, 22.52, 22.57, 9999.0, 9999.0, 9999.0, 23.73, 9999.0, 22.32, 9999.0, 22.59, 22.3, 22.07, 22.2, 22.14
2026-09-08, 03:48:44, 22.23, 22.27, 22.52, 22.57, 9999.0, 9999.0, 9999.0, 23.68, 9999.0, 22.32, 9999.0, 22.61, 22.3, 22.07, 22.2, 22.14
2026-09-08, 03:48:48, 22.25, 22.27, 22.52, 22.57, 9999.0, 9999.0, 9999.0, 23.66, 9999.0, 22.32, 9999.0, 22.61, 22.3, 22.09, 22.23, 22.14
2026-09-08, 03:48:52, 22.25, 22.27, 22.52, 22.57, 9999.0, 9999.0, 9999.0, 23.64, 9999.0, 22.34, 9999.0, 22.64, 22.32, 22.09, 22.23, 22.16
2026-09-08, 03:48:56, 22.25, 22.3, 22.52, 22.57, 9999.0, 9999.0, 9999.0, 23.59, 9999.0, 22.36, 9999.0, 22.66, 22.3, 22.09, 22.23, 22.18
2026-09-08, 03:49:00, 22.25, 22.3, 22.52, 22.57, 9999.0, 9999.0, 9999.0, 23.57, 9999.0, 22.36, 9999.0, 22.66, 22.3, 22.09, 22.23, 22.18
2026-09-08, 03:49:04, 22.25, 22.3, 22.52, 22.55, 9999.0, 9999.0, 9999.0, 23.59, 9999.0, 22.36, 9999.0, 22.64, 22.32, 22.09, 22.23, 22.18
2026-09-08, 03:49:08, 22.25, 22.3, 22.52, 22.55, 9999.0, 9999.0, 9999.0, 23.64, 9999.0, 22.39, 9999.0, 22.64, 22.32, 22.11, 22.25, 22.2
2026-09-08, 03:49:12, 22.25, 22.3, 22.52, 22.57, 9999.0, 9999.0, 9999.0, 23.66, 9999.0, 22.39, 9999.0, 22.64, 22.32, 22.11, 22.23, 22.2
2026-09-08, 03:49:16, 22.25, 22.27, 22.52, 22.57, 9999.0, 9999.0, 9999.0, 23.68, 9999.0, 22.39, 9999.0, 22.61, 22.34, 22.11, 22.23, 22.18
2026-09-08, 03:49:20, 22.25, 22.27, 22.52, 22.57, 9999.0, 9999.0, 9999.0, 23.73, 9999.0, 22.39, 9999.0, 22.59, 22.32, 22.09, 22.2, 22.18
2026-09-08, 03:49:24, 22.25, 22.27, 22.52, 22.57, 9999.0, 9999.0, 9999.0, 23.77, 9999.0, 22.39, 9999.0, 22.57, 22.32, 22.09, 22.2, 22.16
2026-09-08, 03:49:28, 22.25, 22.27, 22.55, 22.59, 9999.0, 9999.0, 9999.0, 23.8, 9999.0, 22.36, 9999.0, 22.55, 22.32, 22.07, 22.2, 22.14
2026-09-08, 03:49:32, 22.25, 22.3, 22.55, 22.59, 9999.0, 9999.0, 9999.0, 23.82, 9999.0, 22.36, 9999.0, 22.55, 22.32, 22.05, 22.2, 22.14
2026-09-08, 03:49:36, 22.25, 22.3, 22.57, 22.59, 9999.0, 9999.0, 9999.0, 23.86, 9999.0, 22.34, 9999.0, 22.52, 22.3, 22.07, 22.18, 22.14
2026-09-08, 03:49:40, 22.25, 22.27, 22.57, 22.61, 9999.0, 9999.0, 9999.0, 23.91, 9999.0, 22.32, 9999.0, 22.52, 22.3, 22.07, 22.18, 22.14
2026-09-08, 03:49:44, 22.25, 22.27, 22.55, 22.61, 9999.0, 9999.0, 9999.0, 23.93, 9999.0, 22.3, 9999.0, 22.55, 22.3, 22.09, 22.18, 22.11
2026-09-08, 03:49:48, 22.25, 22.27, 22.55, 22.61, 9999.0, 9999.0, 9999.0, 23.89, 9999.0, 22.25, 9999.0, 22.57, 22.27, 22.11, 22.18, 22.14
2026-09-08, 03:49:52, 22.25, 22.27, 22.55, 22.64, 9999.0, 9999.0, 9999.0, 23.82, 9999.0, 22.23, 9999.0, 22.59, 22.27, 22.11, 22.18, 22.14
2026-09-08, 03:49:56, 22.25, 22.27, 22.55, 22.64, 9999.0, 9999.0, 9999.0, 23.77, 9999.0, 22.2, 9999.0, 22.61, 22.27, 22.14, 22.2, 22.16
2026-09-08, 03:50:01, 22.25, 22.27, 22.55, 22.64, 9999.0, 9999.0, 9999.0, 23.73, 9999.0, 22.2, 9999.0, 22.64, 22.25, 22.14, 22.2, 22.16
2026-09-08, 03:50:05, 22.25, 22.27, 22.57, 22.64, 9999.0, 9999.0, 9999.0, 23.68, 9999.0, 22.2, 9999.0, 22.64, 22.25, 22.16, 22.23, 22.16
2026-09-08, 03:50:09, 22.25, 22.27, 22.57, 22.61, 9999.0, 9999.0, 9999.0, 23.64, 9999.0, 22.23, 9999.0, 22.64, 22.27, 22.14, 22.23, 22.18
2026-09-08, 03:50:13, 22.25, 22.27, 22.55, 22.59, 9999.0, 9999.0, 9999.0, 23.61, 9999.0, 22.25, 9999.0, 22.64, 22.3, 22.14, 22.23, 22.2
2026-09-08, 03:50:17, 22.25, 22.25, 22.57, 22.59, 9999.0, 9999.0, 9999.0, 23.57, 9999.0, 22.25, 9999.0, 22.64, 22.3, 22.16, 22.23, 22.2
2026-09-08, 03:50:21, 22.25, 22.25, 22.57, 22.59, 9999.0, 9999.0, 9999.0, 23.57, 9999.0, 22.27, 9999.0, 22.64, 22.3, 22.14, 22.25, 22.2
2026-09-08, 03:50:25, 22.25, 22.25, 22.57, 22.57, 9999.0, 9999.0, 9999.0, 23.59, 9999.0, 22.3, 9999.0, 22.61, 22.3, 22.14, 22.25, 22.18
2026-09-08, 03:50:29, 22.25, 22.25, 22.57, 22.57, 9999.0, 9999.0, 9999.0, 23.61, 9999.0, 22.3, 9999.0, 22.59, 22.32, 22.11, 22.23, 22.2
2026-09-08, 03:50:33, 22.25, 22.25, 22.57, 22.57, 9999.0, 9999.0, 9999.0, 23.66, 9999.0, 22.32, 9999.0, 22.57, 22.32, 22.11, 22.23, 22.2
2026-09-08, 03:50:37, 22.25, 22.25, 22.57, 22.57, 9999.0, 9999.0, 9999.0, 23.68, 9999.0, 22.32, 9999.0, 22.55, 22.32, 22.11, 22.23, 22.18
2026-09-08, 03:50:41, 22.25, 22.25, 22.57, 22.55, 9999.0, 9999.0, 9999.0, 23.7, 9999.0, 22.34, 9999.0, 22.52, 22.32, 22.09, 22.23, 22.18
2026-09-08, 03:50:45, 22.25, 22.25, 22.57, 22.55, 9999.0, 9999.0, 9999.0, 23.73, 9999.0, 22.34, 9999.0, 22.5, 22.32, 22.09, 22.23, 22.2
2026-09-08, 03:50:49, 22.25, 22.27, 22.57, 22.52, 9999.0, 9999.0, 9999.0, 23.75, 9999.0, 22.34, 9999.0, 22.5, 22.32, 22.09, 22.23, 22.18
2026-09-08, 03:50:53, 22.25, 22.27, 22.57, 22.52, 9999.0, 9999.0, 9999.0, 23.77, 9999.0, 22.32, 9999.0, 22.48, 22.3, 22.09, 22.23, 22.18
2026-09-08, 03:50:57, 22.25, 22.27, 22.59, 22.55, 9999.0, 9999.0, 9999.0, 23.8, 9999.0, 22.3, 9999.0, 22.48, 22.27, 22.11, 22.23, 22.16
2026-09-08, 03:51:01, 22.25, 22.27, 22.59, 22.55, 9999.0, 9999.0, 9999.0, 23.82, 9999.0, 22.3, 9999.0, 22.48, 22.27, 22.11, 22.23, 22.16
2026-09-08, 03:51:05, 22.25, 22.27, 22.57, 22.57, 9999.0, 9999.0, 9999.0, 23.77, 9999.0, 22.27, 9999.0, 22.5, 22.27, 22.11, 22.23, 22.16
2026-09-08, 03:51:09, 22.25, 22.27, 22.59, 22.59, 9999.0, 9999.0, 9999.0, 23.73, 9999.0, 22.25, 9999.0, 22.52, 22.3, 22.14, 22.23, 22.18
2026-09-08, 03:51:13, 22.25, 22.27, 22.59, 22.59, 9999.0, 9999.0, 9999.0, 23.68, 9999.0, 22.25, 9999.0, 22.55, 22.27, 22.14, 22.25, 22.18
2026-09-08, 03:51:17, 22.25, 22.27, 22.61, 22.61, 9999.0, 9999.0, 9999.0, 23.64, 9999.0, 22.25, 9999.0, 22.57, 22.27, 22.11, 22.25, 22.18
2026-09-08, 03:51:21, 22.25, 22.27, 22.64, 22.59, 9999.0, 9999.0, 9999.0, 23.61, 9999.0, 22.25, 9999.0, 22.57, 22.27, 22.11, 22.25, 22.2
2026-09-08, 03:51:25, 22.25, 22.27, 22.64, 22.59, 9999.0, 9999.0, 9999.0, 23.59, 9999.0, 22.25, 9999.0, 22.57, 22.27, 22.14, 22.25, 22.2
2026-09-08, 03:51:29, 22.25, 22.27, 22.64, 22.59, 9999.0, 9999.0, 9999.0, 23.57, 9999.0, 22.27, 9999.0, 22.57, 22.3, 22.16, 22.25, 22.2
2026-09-08, 03:51:33, 22.25, 22.25, 22.64, 22.59, 9999.0, 9999.0, 9999.0, 23.52, 9999.0, 22.3, 9999.0, 22.59, 22.32, 22.16, 22.25, 22.23
2026-09-08, 03:51:37, 22.25, 22.25, 22.66, 22.59, 9999.0, 9999.0, 9999.0, 23.57, 9999.0, 22.3, 9999.0, 22.61, 22.32, 22.16, 22.25, 22.23
2026-09-08, 03:51:41, 22.25, 22.25, 22.64, 22.57, 9999.0, 9999.0, 9999.0, 23.59, 9999.0, 22.3, 9999.0, 22.61, 22.34, 22.14, 22.25, 22.23
2026-09-08, 03:51:45, 22.25, 22.25, 22.61, 22.59, 9999.0, 9999.0, 9999.0, 23.64, 9999.0, 22.3, 9999.0, 22.61, 22.36, 22.11, 22.23, 22.23
2026-09-08, 03:51:49, 22.25, 22.25, 22.64, 22.57, 9999.0, 9999.0, 9999.0, 23.68, 9999.0, 22.3, 9999.0, 22.59, 22.39, 22.11, 22.23, 22.23
2026-09-08, 03:51:53, 22.25, 22.25, 22.64, 22.55, 9999.0, 9999.0, 9999.0, 23.7, 9999.0, 22.3, 9999.0, 22.57, 22.36, 22.09, 22.23, 22.2
2026-09-08, 03:51:57, 22.25, 22.25, 22.66, 22.55, 9999.0, 9999.0, 9999.0, 23.73, 9999.0, 22.3, 9999.0, 22.55, 22.36, 22.09, 22.23, 22.2
2026-09-08, 03:52:01, 22.25, 22.25, 22.64, 22.52, 9999.0, 9999.0, 9999.0, 23.75, 9999.0, 22.3, 9999.0, 22.52, 22.36, 22.09, 22.23, 22.2
2026-09-08, 03:52:05, 22.25, 22.25, 22.61, 22.52, 9999.0, 9999.0, 9999.0, 23.77, 9999.0, 22.3, 9999.0, 22.52, 22.36, 22.09, 22.23, 22.2
2026-09-08, 03:52:09, 22.25, 22.25, 22.64, 22.52, 9999.0, 9999.0, 9999.0, 23.8, 9999.0, 22.27, 9999.0, 22.52, 22.36, 22.07, 22.23, 22.2
2026-09-08, 03:52:13, 22.25, 22.25, 22.66, 22.52, 9999.0, 9999.0, 9999.0, 23.8, 9999.0, 22.23, 9999.0, 22.52, 22.34, 22.05, 22.23, 22.2
2026-09-08, 03:52:17, 22.25, 22.25, 22.64, 22.55, 9999.0, 9999.0, 9999.0, 23.82, 9999.0, 22.18, 9999.0, 22.5, 22.32, 22.02, 22.2, 22.2
2026-09-08, 03:52:21, 22.25, 22.27, 22.64, 22.55, 9999.0, 9999.0, 9999.0, 23.75, 9999.0, 22.16, 9999.0, 22.5, 22.32, 22.05, 22.2, 22.2
2026-09-08, 03:52:25, 22.25, 22.27, 22.66, 22.55, 9999.0, 9999.0, 9999.0, 23.7, 9999.0, 22.14, 9999.0, 22.52, 22.32, 22.07, 22.2, 22.23
2026-09-08, 03:52:29, 22.25, 22.27, 22.68, 22.52, 9999.0, 9999.0, 9999.0, 23.66, 9999.0, 22.11, 9999.0, 22.55, 22.3, 22.07, 22.23, 22.23
2026-09-08, 03:52:33, 22.25, 22.27, 22.68, 22.55, 9999.0, 9999.0, 9999.0, 23.61, 9999.0, 22.11, 9999.0, 22.57, 22.27, 22.07, 22.23, 22.23
2026-09-08, 03:52:37, 22.25, 22.27, 22.66, 22.57, 9999.0, 9999.0, 9999.0, 23.59, 9999.0, 22.09, 9999.0, 22.57, 22.27, 22.07, 22.2, 22.25
2026-09-08, 03:52:41, 22.25, 22.27, 22.66, 22.57, 9999.0, 9999.0, 9999.0, 23.55, 9999.0, 22.09, 9999.0, 22.57, 22.27, 22.09, 22.2, 22.25
2026-09-08, 03:52:45, 22.25, 22.27, 22.68, 22.57, 9999.0, 9999.0, 9999.0, 23.5, 9999.0, 22.11, 9999.0, 22.57, 22.3, 22.09, 22.2, 22.25
2026-09-08, 03:52:49, 22.25, 22.27, 22.7, 22.57, 9999.0, 9999.0, 9999.0, 23.45, 9999.0, 22.14, 9999.0, 22.57, 22.32, 22.09, 22.2, 22.25
2026-09-08, 03:52:53, 22.25, 22.27, 22.68, 22.59, 9999.0, 9999.0, 9999.0, 23.41, 9999.0, 22.16, 9999.0, 22.57, 22.34, 22.09, 22.2, 22.25
2026-09-08, 03:52:57, 22.25, 22.27, 22.68, 22.59, 9999.0, 9999.0, 9999.0, 23.45, 9999.0, 22.18, 9999.0, 22.57, 22.36, 22.11, 22.2, 22.25
2026-09-08, 03:53:01, 22.25, 22.27, 22.68, 22.59, 9999.0, 9999.0, 9999.0, 23.5, 9999.0, 22.2, 9999.0, 22.57, 22.36, 22.11, 22.23, 22.25
2026-09-08, 03:53:05, 22.25, 22.25, 22.66, 22.61, 9999.0, 9999.0, 9999.0, 23.52, 9999.0, 22.23, 9999.0, 22.57, 22.39, 22.11, 22.23, 22.25
2026-09-08, 03:53:09, 22.25, 22.25, 22.64, 22.64, 9999.0, 9999.0, 9999.0, 23.55, 9999.0, 22.25, 9999.0, 22.55, 22.36, 22.11, 22.23, 22.25
2026-09-08, 03:53:13, 22.25, 22.25, 22.64, 22.64, 9999.0, 9999.0, 9999.0, 23.57, 9999.0, 22.25, 9999.0, 22.52, 22.36, 22.14, 22.23, 22.25
2026-09-08, 03:53:17, 22.25, 22.25, 22.61, 22.64, 9999.0, 9999.0, 9999.0, 23.59, 9999.0, 22.23, 9999.0, 22.5, 22.36, 22.16, 22.23, 22.23
2026-09-08, 03:53:21, 22.25, 22.25, 22.64, 22.64, 9999.0, 9999.0, 9999.0, 23.61, 9999.0, 22.23, 9999.0, 22.5, 22.36, 22.18, 22.25, 22.23
2026-09-08, 03:53:25, 22.25, 22.25, 22.61, 22.66, 9999.0, 9999.0, 9999.0, 23.66, 9999.0, 22.2, 9999.0, 22.5, 22.36, 22.16, 22.25, 22.23
2026-09-08, 03:53:29, 22.25, 22.25, 22.61, 22.66, 9999.0, 9999.0, 9999.0, 23.7, 9999.0, 22.16, 9999.0, 22.5, 22.34, 22.18, 22.25, 22.23
2026-09-08, 03:53:33, 22.25, 22.25, 22.61, 22.68, 9999.0, 9999.0, 9999.0, 23.75, 9999.0, 22.11, 9999.0, 22.5, 22.32, 22.18, 22.25, 22.23
2026-09-08, 03:53:37, 22.25, 22.25, 22.61, 22.68, 9999.0, 9999.0, 9999.0, 23.77, 9999.0, 22.09, 9999.0, 22.5, 22.3, 22.18, 22.25, 22.23
2026-09-08, 03:53:41, 22.25, 22.25, 22.61, 22.68, 9999.0, 9999.0, 9999.0, 23.73, 9999.0, 22.07, 9999.0, 22.52, 22.3, 22.16, 22.25, 22.23
2026-09-08, 03:53:45, 22.25, 22.25, 22.64, 22.68, 9999.0, 9999.0, 9999.0, 23.68, 9999.0, 22.05, 9999.0, 22.55, 22.3, 22.18, 22.25, 22.23
2026-09-08, 03:53:49, 22.25, 22.25, 22.66, 22.68, 9999.0, 9999.0, 9999.0, 23.66, 9999.0, 22.02, 9999.0, 22.57, 22.3, 22.18, 22.25, 22.2
2026-09-08, 03:53:54, 22.25, 22.25, 22.68, 22.68, 9999.0, 9999.0, 9999.0, 23.64, 9999.0, 22.02, 9999.0, 22.59, 22.32, 22.16, 22.25, 22.2
2026-09-08, 03:53:58, 22.25, 22.27, 22.68, 22.7, 9999.0, 9999.0, 9999.0, 23.61, 9999.0, 22.05, 9999.0, 22.59, 22.32, 22.16, 22.25, 22.2
2026-09-08, 03:54:02, 22.25, 22.27, 22.7, 22.7, 9999.0, 9999.0, 9999.0, 23.57, 9999.0, 22.09, 9999.0, 22.61, 22.34, 22.14, 22.25, 22.23
2026-09-08, 03:54:06, 22.25, 22.27, 22.68, 22.7, 9999.0, 9999.0, 9999.0, 23.52, 9999.0, 22.11, 9999.0, 22.61, 22.34, 22.11, 22.25, 22.23
2026-09-08, 03:54:10, 22.25, 22.27, 22.7, 22.7, 9999.0, 9999.0, 9999.0, 23.48, 9999.0, 22.14, 9999.0, 22.64, 22.36, 22.11, 22.25, 22.23
2026-09-08, 03:54:14, 22.25, 22.27, 22.68, 22.73, 9999.0, 9999.0, 9999.0, 23.5, 9999.0, 22.16, 9999.0, 22.64, 22.39, 22.09, 22.25, 22.23
2026-09-08, 03:54:18, 22.25, 22.27, 22.68, 22.7, 9999.0, 9999.0, 9999.0, 23.52, 9999.0, 22.18, 9999.0, 22.64, 22.41, 22.09, 22.25, 22.2
2026-09-08, 03:54:22, 22.25, 22.27, 22.68, 22.7, 9999.0, 9999.0, 9999.0, 23.57, 9999.0, 22.18, 9999.0, 22.64, 22.43, 22.11, 22.25, 22.2
2026-09-08, 03:54:26, 22.25, 22.3, 22.68, 22.73, 9999.0, 9999.0, 9999.0, 23.59, 9999.0, 22.18, 9999.0, 22.61, 22.41, 22.11, 22.25, 22.2
2026-09-08, 03:54:30, 22.25, 22.3, 22.68, 22.73, 9999.0, 9999.0, 9999.0, 23.61, 9999.0, 22.18, 9999.0, 22.59, 22.41, 22.09, 22.25, 22.2
2026-09-08, 03:54:34, 22.25, 22.3, 22.68, 22.73, 9999.0, 9999.0, 9999.0, 23.64, 9999.0, 22.18, 9999.0, 22.57, 22.39, 22.09, 22.25, 22.23
2026-09-08, 03:54:38, 22.25, 22.3, 22.68, 22.73, 9999.0, 9999.0, 9999.0, 23.66, 9999.0, 22.16, 9999.0, 22.55, 22.39, 22.09, 22.25, 22.23
2026-09-08, 03:54:42, 22.25, 22.27, 22.68, 22.73, 9999.0, 9999.0, 9999.0, 23.68, 9999.0, 22.14, 9999.0, 22.55, 22.41, 22.07, 22.25, 22.23
2026-09-08, 03:54:46, 22.25, 22.3, 22.68, 22.73, 9999.0, 9999.0, 9999.0, 23.73, 9999.0, 22.09, 9999.0, 22.52, 22.41, 22.07, 22.25, 22.23
2026-09-08, 03:54:50, 22.25, 22.3, 22.7, 22.7, 9999.0, 9999.0, 9999.0, 23.77, 9999.0, 22.07, 9999.0, 22.52, 22.41, 22.07, 22.25, 22.23
2026-09-08, 03:54:54, 22.25, 22.32, 22.7, 22.7, 9999.0, 9999.0, 9999.0, 23.8, 9999.0, 22.05, 9999.0, 22.5, 22.39, 22.09, 22.25, 22.23
2026-09-08, 03:54:58, 22.25, 22.32, 22.73, 22.7, 9999.0, 9999.0, 9999.0, 23.75, 9999.0, 22.02, 9999.0, 22.52, 22.39, 22.11, 22.25, 22.23
2026-09-08, 03:55:02, 22.25, 22.32, 22.73, 22.73, 9999.0, 9999.0, 9999.0, 23.7, 9999.0, 22.0, 9999.0, 22.55, 22.36, 22.11, 22.25, 22.25
2026-09-08, 03:55:06, 22.25, 22.32, 22.73, 22.73, 9999.0, 9999.0, 9999.0, 23.66, 9999.0, 22.0, 9999.0, 22.57, 22.36, 22.11, 22.25, 22.25
2026-09-08, 03:55:10, 22.25, 22.3, 22.7, 22.73, 9999.0, 9999.0, 9999.0, 23.61, 9999.0, 22.02, 9999.0, 22.59, 22.36, 22.14, 22.25, 22.25
2026-09-08, 03:55:14, 22.25, 22.3, 22.7, 22.73, 9999.0, 9999.0, 9999.0, 23.57, 9999.0, 22.05, 9999.0, 22.61, 22.36, 22.14, 22.25, 22.25
2026-09-08, 03:55:18, 22.25, 22.3, 22.7, 22.73, 9999.0, 9999.0, 9999.0, 23.52, 9999.0, 22.07, 9999.0, 22.64, 22.36, 22.14, 22.25, 22.25
2026-09-08, 03:55:22, 22.25, 22.3, 22.7, 22.73, 9999.0, 9999.0, 9999.0, 23.48, 9999.0, 22.11, 9999.0, 22.66, 22.36, 22.16, 22.25, 22.25
2026-09-08, 03:55:26, 22.25, 22.3, 22.7, 22.73, 9999.0, 9999.0, 9999.0, 23.43, 9999.0, 22.16, 9999.0, 22.66, 22.36, 22.18, 22.25, 22.25
2026-09-08, 03:55:30, 22.25, 22.27, 22.68, 22.73, 9999.0, 9999.0, 9999.0, 23.45, 9999.0, 22.2, 9999.0, 22.66, 22.36, 22.2, 22.25, 22.25
2026-09-08, 03:55:34, 22.25, 22.27, 22.68, 22.75, 9999.0, 9999.0, 9999.0, 23.48, 9999.0, 22.25, 9999.0, 22.66, 22.36, 22.23, 22.25, 22.25
2026-09-08, 03:55:38, 22.25, 22.25, 22.68, 22.75, 9999.0, 9999.0, 9999.0, 23.52, 9999.0, 22.27, 9999.0, 22.66, 22.36, 22.2, 22.25, 22.25
2026-09-08, 03:55:42, 22.25, 22.25, 22.68, 22.75, 9999.0, 9999.0, 9999.0, 23.55, 9999.0, 22.3, 9999.0, 22.64, 22.36, 22.2, 22.25, 22.25
2026-09-08, 03:55:46, 22.25, 22.25, 22.68, 22.75, 9999.0, 9999.0, 9999.0, 23.57, 9999.0, 22.32, 9999.0, 22.61, 22.39, 22.2, 22.25, 22.25
2026-09-08, 03:55:50, 22.25, 22.25, 22.7, 22.75, 9999.0, 9999.0, 9999.0, 23.59, 9999.0, 22.32, 9999.0, 22.59, 22.36, 22.2, 22.25, 22.25
2026-09-08, 03:55:54, 22.25, 22.25, 22.73, 22.75, 9999.0, 9999.0, 9999.0, 23.64, 9999.0, 22.32, 9999.0, 22.57, 22.39, 22.2, 22.25, 22.25
2026-09-08, 03:55:58, 22.25, 22.25, 22.73, 22.75, 9999.0, 9999.0, 9999.0, 23.68, 9999.0, 22.3, 9999.0, 22.55, 22.41, 22.23, 22.25, 22.25
2026-09-08, 03:56:02, 22.25, 22.25, 22.73, 22.75, 9999.0, 9999.0, 9999.0, 23.73, 9999.0, 22.27, 9999.0, 22.52, 22.41, 22.23, 22.25, 22.25
2026-09-08, 03:56:06, 22.25, 22.25, 22.73, 22.75, 9999.0, 9999.0, 9999.0, 23.75, 9999.0, 22.23, 9999.0, 22.52, 22.39, 22.23, 22.25, 22.25
2026-09-08, 03:56:10, 22.25, 22.25, 22.73, 22.75, 9999.0, 9999.0, 9999.0, 23.77, 9999.0, 22.2, 9999.0, 22.52, 22.36, 22.23, 22.25, 22.25
2026-09-08, 03:56:14, 22.25, 22.25, 22.75, 22.75, 9999.0, 9999.0, 9999.0, 23.73, 9999.0, 22.16, 9999.0, 22.52, 22.36, 22.2, 22.25, 22.25
2026-09-08, 03:56:18, 22.25, 22.27, 22.75, 22.75, 9999.0, 9999.0, 9999.0, 23.68, 9999.0, 22.11, 9999.0, 22.55, 22.39, 22.2, 22.25, 22.25
2026-09-08, 03:56:22, 22.25, 22.27, 22.75, 22.75, 9999.0, 9999.0, 9999.0, 23.64, 9999.0, 22.09, 9999.0, 22.57, 22.39, 22.23, 22.25, 22.25
2026-09-08, 03:56:26, 22.25, 22.27, 22.75, 22.75, 9999.0, 9999.0, 9999.0, 23.61, 9999.0, 22.09, 9999.0, 22.59, 22.39, 22.23, 22.25, 22.25
2026-09-08, 03:56:30, 22.25, 22.27, 22.75, 22.75, 9999.0, 9999.0, 9999.0, 23.57, 9999.0, 22.09, 9999.0, 22.61, 22.39, 22.2, 22.25, 22.25
2026-09-08, 03:56:34, 22.25, 22.27, 22.75, 22.75, 9999.0, 9999.0, 9999.0, 23.52, 9999.0, 22.11, 9999.0, 22.64, 22.41, 22.2, 22.25, 22.25
2026-09-08, 03:56:38, 22.25, 22.27, 22.75, 22.75, 9999.0, 9999.0, 9999.0, 23.48, 9999.0, 22.11, 9999.0, 22.66, 22.41, 22.2, 22.25, 22.25
2026-09-08, 03:56:42, 22.25, 22.3, 22.75, 22.75, 9999.0, 9999.0, 9999.0, 23.43, 9999.0, 22.14, 9999.0, 22.68, 22.41, 22.2, 22.25, 22.25
2026-09-08, 03:56:46, 22.25, 22.3, 22.75, 22.75, 9999.0, 9999.0, 9999.0, 23.39, 9999.0, 22.16, 9999.0, 22.7, 22.43, 22.2, 22.25, 22.25
2026-09-08, 03:56:50, 22.25, 22.3, 22.75, 22.75, 9999.0, 9999.0, 9999.0, 23.43, 9999.0, 22.18, 9999.0, 22.68, 22.45, 22.2, 22.25, 22.25
2026-09-08, 03:56:54, 22.25, 22.3, 22.75, 22.75, 9999.0, 9999.0, 9999.0, 23.48, 9999.0, 22.18, 9999.0, 22.68, 22.45, 22.2, 22.25, 22.25
2026-09-08, 03:56:58, 22.25, 22.3, 22.75, 22.75, 9999.0, 9999.0, 9999.0, 23.5, 9999.0, 22.2, 9999.0, 22.68, 22.45, 22.23, 22.25, 22.25
2026-09-08, 03:57:02, 22.25, 22.27, 22.75, 22.75, 9999.0, 9999.0, 9999.0, 23.52, 9999.0, 22.23, 9999.0, 22.66, 22.45, 22.2, 22.25, 22.25
2026-09-08, 03:57:06, 22.25, 22.27, 22.73, 22.75, 9999.0, 9999.0, 9999.0, 23.55, 9999.0, 22.25, 9999.0, 22.64, 22.48, 22.2, 22.25, 22.25
2026-09-08, 03:57:10, 22.25, 22.27, 22.73, 22.75, 9999.0, 9999.0, 9999.0, 23.57, 9999.0, 22.25, 9999.0, 22.61, 22.45, 22.2, 22.25, 22.25
2026-09-08, 03:57:14, 22.25, 22.27, 22.73, 22.73, 9999.0, 9999.0, 9999.0, 23.59, 9999.0, 22.25, 9999.0, 22.59, 22.45, 22.23, 22.25, 22.25
2026-09-08, 03:57:18, 22.25, 22.27, 22.73, 22.73, 9999.0, 9999.0, 9999.0, 23.64, 9999.0, 22.25, 9999.0, 22.57, 22.43, 22.23, 22.25, 22.25
2026-09-08, 03:57:22, 22.25, 22.27, 22.73, 22.7, 9999.0, 9999.0, 9999.0, 23.68, 9999.0, 22.23, 9999.0, 22.55, 22.41, 22.23, 22.25, 22.25
2026-09-08, 03:57:26, 22.25, 22.27, 22.73, 22.7, 9999.0, 9999.0, 9999.0, 23.7, 9999.0, 22.23, 9999.0, 22.52, 22.39, 22.23, 22.25, 22.25
2026-09-08, 03:57:30, 22.25, 22.27, 22.73, 22.7, 9999.0, 9999.0, 9999.0, 23.73, 9999.0, 22.2, 9999.0, 22.5, 22.36, 22.23, 22.25, 22.25
2026-09-08, 03:57:34, 22.25, 22.3, 22.73, 22.7, 9999.0, 9999.0, 9999.0, 23.68, 9999.0, 22.18, 9999.0, 22.52, 22.36, 22.23, 22.25, 22.25
2026-09-08, 03:57:38, 22.25, 22.3, 22.73, 22.7, 9999.0, 9999.0, 9999.0, 23.64, 9999.0, 22.16, 9999.0, 22.55, 22.39, 22.23, 22.25, 22.25
2026-09-08, 03:57:43, 22.25, 22.3, 22.73, 22.7, 9999.0, 9999.0, 9999.0, 23.59, 9999.0, 22.14, 9999.0, 22.57, 22.39, 22.23, 22.25, 22.25
2026-09-08, 03:57:47, 22.25, 22.3, 22.73, 22.7, 9999.0, 9999.0, 9999.0, 23.57, 9999.0, 22.14, 9999.0, 22.59, 22.39, 22.25, 22.25, 22.25
2026-09-08, 03:57:51, 22.25, 22.3, 22.75, 22.7, 9999.0, 9999.0, 9999.0, 23.52, 9999.0, 22.14, 9999.0, 22.59, 22.36, 22.25, 22.25, 22.25
2026-09-08, 03:57:55, 22.25, 22.3, 22.75, 22.7, 9999.0, 9999.0, 9999.0, 23.48, 9999.0, 22.16, 9999.0, 22.61, 22.39, 22.25, 22.25, 22.25
2026-09-08, 03:57:59, 22.25, 22.3, 22.75, 22.73, 9999.0, 9999.0, 9999.0, 23.45, 9999.0, 22.18, 9999.0, 22.64, 22.39, 22.25, 22.25, 22.25
2026-09-08, 03:58:03, 22.25, 22.32, 22.75, 22.73, 9999.0, 9999.0, 9999.0, 23.41, 9999.0, 22.2, 9999.0, 22.66, 22.41, 22.23, 22.25, 22.25
2026-09-08, 03:58:07, 22.25, 22.32, 22.75, 22.75, 9999.0, 9999.0, 9999.0, 23.43, 9999.0, 22.25, 9999.0, 22.66, 22.43, 22.2, 22.25, 22.25
2026-09-08, 03:58:11, 22.25, 22.3, 22.75, 22.75, 9999.0, 9999.0, 9999.0, 23.48, 9999.0, 22.25, 9999.0, 22.66, 22.45, 22.2, 22.25, 22.25
2026-09-08, 03:58:15, 22.25, 22.3, 22.75, 22.75, 9999.0, 9999.0, 9999.0, 23.52, 9999.0, 22.27, 9999.0, 22.66, 22.48, 22.2, 22.23, 22.25
2026-09-08, 03:58:19, 22.25, 22.27, 22.75, 22.75, 9999.0, 9999.0, 9999.0, 23.57, 9999.0, 22.3, 9999.0, 22.64, 22.45, 22.2, 22.23, 22.25
2026-09-08, 03:58:23, 22.25, 22.27, 22.75, 22.73, 9999.0, 9999.0, 9999.0, 23.59, 9999.0, 22.32, 9999.0, 22.61, 22.45, 22.2, 22.23, 22.25
2026-09-08, 03:58:27, 22.25, 22.27, 22.75, 22.73, 9999.0, 9999.0, 9999.0, 23.64, 9999.0, 22.34, 9999.0, 22.59, 22.45, 22.2, 22.23, 22.25
2026-09-08, 03:58:31, 22.25, 22.27, 22.75, 22.73, 9999.0, 9999.0, 9999.0, 23.66, 9999.0, 22.34, 9999.0, 22.57, 22.45, 22.2, 22.23, 22.25
2026-09-08, 03:58:35, 22.25, 22.3, 22.75, 22.73, 9999.0, 9999.0, 9999.0, 23.7, 9999.0, 22.34, 9999.0, 22.57, 22.45, 22.2, 22.23, 22.25
2026-09-08, 03:58:39, 22.25, 22.3, 22.75, 22.73, 9999.0, 9999.0, 9999.0, 23.75, 9999.0, 22.32, 9999.0, 22.55, 22.43, 22.2, 22.23, 22.25
2026-09-08, 03:58:43, 22.25, 22.3, 22.75, 22.73, 9999.0, 9999.0, 9999.0, 23.8, 9999.0, 22.3, 9999.0, 22.52, 22.41, 22.2, 22.23, 22.25
2026-09-08, 03:58:47, 22.25, 22.27, 22.75, 22.73, 9999.0, 9999.0, 9999.0, 23.82, 9999.0, 22.27, 9999.0, 22.5, 22.39, 22.2, 22.23, 22.25
2026-09-08, 03:58:51, 22.25, 22.27, 22.75, 22.73, 9999.0, 9999.0, 9999.0, 23.77, 9999.0, 22.25, 9999.0, 22.52, 22.36, 22.23, 22.23, 22.25
2026-09-08, 03:58:55, 22.25, 22.27, 22.75, 22.73, 9999.0, 9999.0, 9999.0, 23.73, 9999.0, 22.25, 9999.0, 22.55, 22.34, 22.23, 22.23, 22.23
2026-09-08, 03:58:59, 22.25, 22.27, 22.75, 22.73, 9999.0, 9999.0, 9999.0, 23.68, 9999.0, 22.25, 9999.0, 22.57, 22.32, 22.23, 22.25, 22.23
2026-09-08, 03:59:03, 22.25, 22.27, 22.75, 22.73, 9999.0, 9999.0, 9999.0, 23.64, 9999.0, 22.25, 9999.0, 22.59, 22.32, 22.2, 22.25, 22.23
2026-09-08, 03:59:07, 22.25, 22.27, 22.75, 22.75, 9999.0, 9999.0, 9999.0, 23.61, 9999.0, 22.27, 9999.0, 22.61, 22.32, 22.2, 22.25, 22.23
2026-09-08, 03:59:11, 22.25, 22.27, 22.75, 22.73, 9999.0, 9999.0, 9999.0, 23.59, 9999.0, 22.3, 9999.0, 22.64, 22.3, 22.2, 22.25, 22.23
2026-09-08, 03:59:15, 22.25, 22.27, 22.75, 22.73, 9999.0, 9999.0, 9999.0, 23.57, 9999.0, 22.32, 9999.0, 22.66, 22.27, 22.18, 22.25, 22.23
2026-09-08, 03:59:19, 22.25, 22.25, 22.75, 22.73, 9999.0, 9999.0, 9999.0, 23.52, 9999.0, 22.34, 9999.0, 22.68, 22.27, 22.16, 22.25, 22.23
2026-09-08, 03:59:23, 22.25, 22.25, 22.73, 22.73, 9999.0, 9999.0, 9999.0, 23.57, 9999.0, 22.36, 9999.0, 22.68, 22.3, 22.14, 22.25, 22.23
2026-09-08, 03:59:27, 22.25, 22.27, 22.73, 22.73, 9999.0, 9999.0, 9999.0, 23.59, 9999.0, 22.39, 9999.0, 22.68, 22.3, 22.14, 22.25, 22.23
2026-09-08, 03:59:31, 22.25, 22.3, 22.73, 22.73, 9999.0, 9999.0, 9999.0, 23.64, 9999.0, 22.41, 9999.0, 22.68, 22.32, 22.14, 22.25, 22.23
2026-09-08, 03:59:35, 22.25, 22.32, 22.73, 22.73, 9999.0, 9999.0, 9999.0, 23.68, 9999.0, 22.43, 9999.0, 22.66, 22.32, 22.11, 22.25, 22.23
2026-09-08, 03:59:39, 22.25, 22.34, 22.73, 22.73, 9999.0, 9999.0, 9999.0, 23.73, 9999.0, 22.45, 9999.0, 22.64, 22.34, 22.11, 22.25, 22.25
2026-09-08, 03:59:43, 22.25, 22.34, 22.73, 22.73, 9999.0, 9999.0, 9999.0, 23.75, 9999.0, 22.45, 9999.0, 22.61, 22.34, 22.11, 22.25, 22.25
2026-09-08, 03:59:47, 22.25, 22.36, 22.73, 22.73, 9999.0, 9999.0, 9999.0, 23.77, 9999.0, 22.45, 9999.0, 22.59, 22.36, 22.14, 22.25, 22.25
2026-09-08, 03:59:51, 22.25, 22.39, 22.73, 22.7, 9999.0, 9999.0, 9999.0, 23.8, 9999.0, 22.43, 9999.0, 22.57, 22.36, 22.14, 22.25, 22.25
2026-09-08, 03:59:55, 22.25, 22.41, 22.73, 22.73, 9999.0, 9999.0, 9999.0, 23.82, 9999.0, 22.41, 9999.0, 22.55, 22.39, 22.11, 22.25, 22.25
2026-09-08, 03:59:59, 22.25, 22.41, 22.73, 22.73, 9999.0, 9999.0, 9999.0, 23.84, 9999.0, 22.39, 9999.0, 22.55, 22.39, 22.14, 22.25, 22.25
2026-09-08, 04:00:03, 22.25, 22.41, 22.73, 22.73, 9999.0, 9999.0, 9999.0, 23.89, 9999.0, 22.36, 9999.0, 22.52, 22.41, 22.14, 22.25, 22.25
2026-09-08, 04:00:07, 22.25, 22.41, 22.75, 22.73, 9999.0, 9999.0, 9999.0, 23.84, 9999.0, 22.34, 9999.0, 22.55, 22.39, 22.16, 22.25, 22.25
2026-09-08, 04:00:11, 22.25, 22.39, 22.75, 22.73, 9999.0, 9999.0, 9999.0, 23.8, 9999.0, 22.32, 9999.0, 22.57, 22.41, 22.16, 22.25, 22.25
2026-09-08, 04:00:15, 22.25, 22.39, 22.75, 22.73, 9999.0, 9999.0, 9999.0, 23.75, 9999.0, 22.3, 9999.0, 22.59, 22.41, 22.16, 22.25, 22.25
2026-09-08, 04:00:19, 22.25, 22.36, 22.75, 22.73, 9999.0, 9999.0, 9999.0, 23.7, 9999.0, 22.3, 9999.0, 22.61, 22.43, 22.18, 22.25, 22.25
2026-09-08, 04:00:23, 22.25, 22.34, 22.75, 22.73, 9999.0, 9999.0, 9999.0, 23.66, 9999.0, 22.27, 9999.0, 22.64, 22.43, 22.16, 22.25, 22.25
2026-09-08, 04:00:27, 22.25, 22.34, 22.75, 22.73, 9999.0, 9999.0, 9999.0, 23.64, 9999.0, 22.3, 9999.0, 22.64, 22.45, 22.14, 22.25, 22.25
2026-09-08, 04:00:31, 22.25, 22.32, 22.75, 22.73, 9999.0, 9999.0, 9999.0, 23.61, 9999.0, 22.32, 9999.0, 22.66, 22.45, 22.14, 22.25, 22.25
2026-09-08, 04:00:35, 22.25, 22.3, 22.75, 22.75, 9999.0, 9999.0, 9999.0, 23.59, 9999.0, 22.34, 9999.0, 22.66, 22.45, 22.14, 22.25, 22.25
2026-09-08, 04:00:39, 22.25, 22.27, 22.75, 22.75, 9999.0, 9999.0, 9999.0, 23.64, 9999.0, 22.36, 9999.0, 22.66, 22.45, 22.14, 22.25, 22.25
2026-09-08, 04:00:43, 22.25, 22.3, 22.75, 22.75, 9999.0, 9999.0, 9999.0, 23.68, 9999.0, 22.39, 9999.0, 22.64, 22.48, 22.14, 22.25, 22.25
2026-09-08, 04:00:47, 22.25, 22.3, 22.75, 22.73, 9999.0, 9999.0, 9999.0, 23.7, 9999.0, 22.41, 9999.0, 22.64, 22.48, 22.16, 22.25, 22.25
2026-09-08, 04:00:51, 22.25, 22.3, 22.75, 22.73, 9999.0, 9999.0, 9999.0, 23.73, 9999.0, 22.43, 9999.0, 22.61, 22.5, 22.16, 22.25, 22.23
2026-09-08, 04:00:55, 22.23, 22.32, 22.75, 22.73, 9999.0, 9999.0, 9999.0, 23.77, 9999.0, 22.45, 9999.0, 22.59, 22.5, 22.16, 22.25, 22.23
2026-09-08, 04:00:59, 22.23, 22.32, 22.75, 22.73, 9999.0, 9999.0, 9999.0, 23.82, 9999.0, 22.45, 9999.0, 22.57, 22.48, 22.18, 22.25, 22.23
2026-09-08, 04:01:03, 22.23, 22.34, 22.75, 22.73, 9999.0, 9999.0, 9999.0, 23.86, 9999.0, 22.45, 9999.0, 22.55, 22.48, 22.18, 22.25, 22.23
2026-09-08, 04:01:07, 22.23, 22.34, 22.75, 22.7, 9999.0, 9999.0, 9999.0, 23.91, 9999.0, 22.45, 9999.0, 22.52, 22.45, 22.18, 22.25, 22.23
2026-09-08, 04:01:11, 22.23, 22.34, 22.75, 22.68, 9999.0, 9999.0, 9999.0, 23.93, 9999.0, 22.45, 9999.0, 22.52, 22.43, 22.18, 22.25, 22.23
2026-09-08, 04:01:15, 22.23, 22.34, 22.75, 22.68, 9999.0, 9999.0, 9999.0, 23.95, 9999.0, 22.45, 9999.0, 22.52, 22.43, 22.16, 22.25, 22.23
2026-09-08, 04:01:19, 22.23, 22.34, 22.75, 22.68, 9999.0, 9999.0, 9999.0, 23.98, 9999.0, 22.43, 9999.0, 22.52, 22.41, 22.16, 22.23, 22.23
2026-09-08, 04:01:23, 22.23, 22.34, 22.75, 22.68, 9999.0, 9999.0, 9999.0, 23.93, 9999.0, 22.41, 9999.0, 22.52, 22.39, 22.16, 22.23, 22.23
2026-09-08, 04:01:27, 22.23, 22.32, 22.75, 22.68, 9999.0, 9999.0, 9999.0, 23.89, 9999.0, 22.39, 9999.0, 22.55, 22.39, 22.16, 22.23, 22.23
2026-09-08, 04:01:31, 22.23, 22.32, 22.75, 22.7, 9999.0, 9999.0, 9999.0, 23.84, 9999.0, 22.36, 9999.0, 22.57, 22.36, 22.14, 22.2, 22.23
2026-09-08, 04:01:36, 22.23, 22.32, 22.75, 22.7, 9999.0, 9999.0, 9999.0, 23.8, 9999.0, 22.36, 9999.0, 22.59, 22.36, 22.14, 22.2, 22.25
2026-09-08, 04:01:40, 22.25, 22.3, 22.75, 22.68, 9999.0, 9999.0, 9999.0, 23.77, 9999.0, 22.36, 9999.0, 22.61, 22.36, 22.11, 22.2, 22.25
2026-09-08, 04:01:44, 22.25, 22.27, 22.73, 22.68, 9999.0, 9999.0, 9999.0, 23.73, 9999.0, 22.39, 9999.0, 22.61, 22.39, 22.11, 22.2, 22.25
2026-09-08, 04:01:48, 22.25, 22.25, 22.73, 22.68, 9999.0, 9999.0, 9999.0, 23.68, 9999.0, 22.39, 9999.0, 22.61, 22.39, 22.11, 22.2, 22.23
2026-09-08, 04:01:52, 22.25, 22.25, 22.73, 22.68, 9999.0, 9999.0, 9999.0, 23.64, 9999.0, 22.41, 9999.0, 22.61, 22.39, 22.14, 22.2, 22.23
2026-09-08, 04:01:56, 22.25, 22.25, 22.73, 22.68, 9999.0, 9999.0, 9999.0, 23.61, 9999.0, 22.41, 9999.0, 22.61, 22.41, 22.14, 22.2, 22.23
2026-09-08, 04:02:00, 22.25, 22.25, 22.73, 22.68, 9999.0, 9999.0, 9999.0, 23.66, 9999.0, 22.41, 9999.0, 22.59, 22.41, 22.16, 22.2, 22.23
2026-09-08, 04:02:04, 22.25, 22.25, 22.73, 22.68, 9999.0, 9999.0, 9999.0, 23.68, 9999.0, 22.43, 9999.0, 22.59, 22.41, 22.14, 22.23, 22.23
2026-09-08, 04:02:08, 22.25, 22.25, 22.7, 22.66, 9999.0, 9999.0, 9999.0, 23.7, 9999.0, 22.45, 9999.0, 22.59, 22.41, 22.14, 22.23, 22.2
2026-09-08, 04:02:12, 22.25, 22.25, 22.7, 22.66, 9999.0, 9999.0, 9999.0, 23.73, 9999.0, 22.48, 9999.0, 22.57, 22.41, 22.11, 22.23, 22.2
2026-09-08, 04:02:16, 22.25, 22.25, 22.7, 22.64, 9999.0, 9999.0, 9999.0, 23.77, 9999.0, 22.5, 9999.0, 22.55, 22.41, 22.11, 22.25, 22.2
2026-09-08, 04:02:20, 22.25, 22.25, 22.7, 22.64, 9999.0, 9999.0, 9999.0, 23.82, 9999.0, 22.48, 9999.0, 22.52, 22.39, 22.09, 22.25, 22.2
2026-09-08, 04:02:24, 22.25, 22.25, 22.7, 22.64, 9999.0, 9999.0, 9999.0, 23.82, 9999.0, 22.45, 9999.0, 22.5, 22.36, 22.11, 22.25, 22.18
2026-09-08, 04:02:28, 22.25, 22.25, 22.73, 22.64, 9999.0, 9999.0, 9999.0, 23.84, 9999.0, 22.43, 9999.0, 22.5, 22.34, 22.09, 22.25, 22.18
2026-09-08, 04:02:32, 22.25, 22.25, 22.73, 22.61, 9999.0, 9999.0, 9999.0, 23.86, 9999.0, 22.41, 9999.0, 22.5, 22.32, 22.09, 22.25, 22.2
2026-09-08, 04:02:36, 22.25, 22.27, 22.7, 22.61, 9999.0, 9999.0, 9999.0, 23.89, 9999.0, 22.39, 9999.0, 22.5, 22.32, 22.09, 22.25, 22.2
2026-09-08, 04:02:40, 22.25, 22.27, 22.7, 22.61, 9999.0, 9999.0, 9999.0, 23.91, 9999.0, 22.36, 9999.0, 22.5, 22.3, 22.09, 22.25, 22.18
2026-09-08, 04:02:44, 22.25, 22.27, 22.7, 22.61, 9999.0, 9999.0, 9999.0, 23.86, 9999.0, 22.34, 9999.0, 22.52, 22.27, 22.07, 22.25, 22.18
2026-09-08, 04:02:48, 22.25, 22.27, 22.7, 22.61, 9999.0, 9999.0, 9999.0, 23.84, 9999.0, 22.34, 9999.0, 22.55, 22.3, 22.07, 22.25, 22.18
2026-09-08, 04:02:52, 22.25, 22.3, 22.73, 22.64, 9999.0, 9999.0, 9999.0, 23.82, 9999.0, 22.32, 9999.0, 22.57, 22.32, 22.09, 22.25, 22.2
2026-09-08, 04:02:56, 22.25, 22.3, 22.7, 22.64, 9999.0, 9999.0, 9999.0, 23.77, 9999.0, 22.32, 9999.0, 22.59, 22.32, 22.11, 22.25, 22.2
2026-09-08, 04:03:00, 22.25, 22.3, 22.7, 22.64, 9999.0, 9999.0, 9999.0, 23.73, 9999.0, 22.32, 9999.0, 22.61, 22.34, 22.11, 22.25, 22.2
2026-09-08, 04:03:04, 22.25, 22.32, 22.7, 22.61, 9999.0, 9999.0, 9999.0, 23.68, 9999.0, 22.36, 9999.0, 22.61, 22.36, 22.14, 22.25, 22.2
2026-09-08, 04:03:08, 22.25, 22.34, 22.7, 22.61, 9999.0, 9999.0, 9999.0, 23.66, 9999.0, 22.41, 9999.0, 22.61, 22.39, 22.11, 22.25, 22.23
2026-09-08, 04:03:12, 22.25, 22.34, 22.7, 22.61, 9999.0, 9999.0, 9999.0, 23.64, 9999.0, 22.45, 9999.0, 22.61, 22.41, 22.11, 22.25, 22.23
2026-09-08, 04:03:16, 22.25, 22.34, 22.68, 22.64, 9999.0, 9999.0, 9999.0, 23.66, 9999.0, 22.5, 9999.0, 22.61, 22.43, 22.09, 22.23, 22.23
2026-09-08, 04:03:20, 22.25, 22.32, 22.68, 22.66, 9999.0, 9999.0, 9999.0, 23.7, 9999.0, 22.52, 9999.0, 22.61, 22.45, 22.09, 22.23, 22.2
2026-09-08, 04:03:24, 22.25, 22.32, 22.66, 22.66, 9999.0, 9999.0, 9999.0, 23.73, 9999.0, 22.55, 9999.0, 22.61, 22.48, 22.09, 22.23, 22.23
2026-09-08, 04:03:28, 22.25, 22.32, 22.66, 22.66, 9999.0, 9999.0, 9999.0, 23.75, 9999.0, 22.57, 9999.0, 22.59, 22.5, 22.09, 22.23, 22.23
2026-09-08, 04:03:32, 22.25, 22.32, 22.66, 22.66, 9999.0, 9999.0, 9999.0, 23.77, 9999.0, 22.57, 9999.0, 22.57, 22.48, 22.11, 22.23, 22.23
2026-09-08, 04:03:36, 22.23, 22.3, 22.64, 22.64, 9999.0, 9999.0, 9999.0, 23.8, 9999.0, 22.59, 9999.0, 22.55, 22.45, 22.11, 22.23, 22.23
2026-09-08, 04:03:40, 22.23, 22.3, 22.66, 22.61, 9999.0, 9999.0, 9999.0, 23.82, 9999.0, 22.59, 9999.0, 22.52, 22.43, 22.11, 22.23, 22.2
2026-09-08, 04:03:44, 22.23, 22.3, 22.66, 22.64, 9999.0, 9999.0, 9999.0, 23.84, 9999.0, 22.59, 9999.0, 22.5, 22.41, 22.14, 22.23, 22.2
2026-09-08, 04:03:48, 22.23, 22.27, 22.66, 22.66, 9999.0, 9999.0, 9999.0, 23.86, 9999.0, 22.57, 9999.0, 22.5, 22.39, 22.11, 22.23, 22.2
2026-09-08, 04:03:52, 22.23, 22.25, 22.64, 22.68, 9999.0, 9999.0, 9999.0, 23.91, 9999.0, 22.55, 9999.0, 22.5, 22.39, 22.11, 22.23, 22.2
2026-09-08, 04:03:56, 22.23, 22.27, 22.61, 22.68, 9999.0, 9999.0, 9999.0, 23.93, 9999.0, 22.52, 9999.0, 22.5, 22.36, 22.14, 22.23, 22.2
2026-09-08, 04:04:00, 22.23, 22.27, 22.61, 22.66, 9999.0, 9999.0, 9999.0, 23.91, 9999.0, 22.5, 9999.0, 22.52, 22.34, 22.14, 22.25, 22.2
2026-09-08, 04:04:04, 22.23, 22.27, 22.64, 22.66, 9999.0, 9999.0, 9999.0, 23.86, 9999.0, 22.48, 9999.0, 22.55, 22.34, 22.11, 22.25, 22.23
2026-09-08, 04:04:08, 22.23, 22.27, 22.66, 22.68, 9999.0, 9999.0, 9999.0, 23.84, 9999.0, 22.45, 9999.0, 22.57, 22.32, 22.14, 22.25, 22.23
2026-09-08, 04:04:12, 22.23, 22.27, 22.64, 22.66, 9999.0, 9999.0, 9999.0, 23.82, 9999.0, 22.45, 9999.0, 22.57, 22.3, 22.16, 22.25, 22.23
2026-09-08, 04:04:16, 22.23, 22.27, 22.64, 22.66, 9999.0, 9999.0, 9999.0, 23.77, 9999.0, 22.45, 9999.0, 22.57, 22.3, 22.14, 22.25, 22.2
2026-09-08, 04:04:20, 22.25, 22.27, 22.64, 22.66, 9999.0, 9999.0, 9999.0, 23.73, 9999.0, 22.45, 9999.0, 22.57, 22.3, 22.14, 22.25, 22.18
2026-09-08, 04:04:24, 22.25, 22.27, 22.61, 22.68, 9999.0, 9999.0, 9999.0, 23.7, 9999.0, 22.48, 9999.0, 22.57, 22.32, 22.11, 22.25, 22.2
2026-09-08, 04:04:28, 22.25, 22.27, 22.61, 22.68, 9999.0, 9999.0, 9999.0, 23.68, 9999.0, 22.5, 9999.0, 22.57, 22.34, 22.09, 22.25, 22.18
2026-09-08, 04:04:32, 22.23, 22.27, 22.61, 22.66, 9999.0, 9999.0, 9999.0, 23.73, 9999.0, 22.5, 9999.0, 22.57, 22.34, 22.09, 22.25, 22.18
2026-09-08, 04:04:36, 22.23, 22.27, 22.61, 22.64, 9999.0, 9999.0, 9999.0, 23.75, 9999.0, 22.5, 9999.0, 22.57, 22.32, 22.11, 22.25, 22.18
2026-09-08, 04:04:40, 22.23, 22.27, 22.64, 22.61, 9999.0, 9999.0, 9999.0, 23.8, 9999.0, 22.5, 9999.0, 22.57, 22.32, 22.09, 22.25, 22.16
2026-09-08, 04:04:44, 22.23, 22.27, 22.66, 22.61, 9999.0, 9999.0, 9999.0, 23.82, 9999.0, 22.5, 9999.0, 22.55, 22.32, 22.09, 22.25, 22.16
2026-09-08, 04:04:48, 22.23, 22.27, 22.64, 22.61, 9999.0, 9999.0, 9999.0, 23.84, 9999.0, 22.52, 9999.0, 22.52, 22.3, 22.11, 22.25, 22.16
2026-09-08, 04:04:52, 22.23, 22.27, 22.64, 22.61, 9999.0, 9999.0, 9999.0, 23.86, 9999.0, 22.55, 9999.0, 22.5, 22.3, 22.09, 22.25, 22.16
2026-09-08, 04:04:56, 22.23, 22.3, 22.64, 22.61, 9999.0, 9999.0, 9999.0, 23.89, 9999.0, 22.55, 9999.0, 22.5, 22.3, 22.07, 22.23, 22.16
2026-09-08, 04:05:00, 22.23, 22.3, 22.61, 22.59, 9999.0, 9999.0, 9999.0, 23.93, 9999.0, 22.55, 9999.0, 22.5, 22.3, 22.07, 22.23, 22.16
2026-09-08, 04:05:04, 22.23, 22.3, 22.64, 22.59, 9999.0, 9999.0, 9999.0, 23.98, 9999.0, 22.55, 9999.0, 22.5, 22.3, 22.07, 22.23, 22.18
2026-09-08, 04:05:08, 22.23, 22.3, 22.64, 22.57, 9999.0, 9999.0, 9999.0, 24.0, 9999.0, 22.52, 9999.0, 22.5, 22.27, 22.07, 22.23, 22.16
2026-09-08, 04:05:12, 22.23, 22.3, 22.64, 22.55, 9999.0, 9999.0, 9999.0, 24.02, 9999.0, 22.5, 9999.0, 22.5, 22.25, 22.09, 22.23, 22.16
2026-09-08, 04:05:16, 22.25, 22.32, 22.61, 22.57, 9999.0, 9999.0, 9999.0, 23.98, 9999.0, 22.5, 9999.0, 22.52, 22.25, 22.09, 22.23, 22.16
2026-09-08, 04:05:20, 22.25, 22.34, 22.61, 22.57, 9999.0, 9999.0, 9999.0, 23.93, 9999.0, 22.48, 9999.0, 22.55, 22.25, 22.09, 22.23, 22.16
2026-09-08, 04:05:24, 22.25, 22.32, 22.59, 22.57, 9999.0, 9999.0, 9999.0, 23.89, 9999.0, 22.48, 9999.0, 22.57, 22.25, 22.11, 22.23, 22.16
2026-09-08, 04:05:28, 22.25, 22.32, 22.59, 22.57, 9999.0, 9999.0, 9999.0, 23.86, 9999.0, 22.48, 9999.0, 22.59, 22.25, 22.14, 22.2, 22.16
2026-09-08, 04:05:33, 22.25, 22.34, 22.59, 22.57, 9999.0, 9999.0, 9999.0, 23.84, 9999.0, 22.48, 9999.0, 22.61, 22.25, 22.14, 22.2, 22.14
2026-09-08, 04:05:37, 22.25, 22.36, 22.59, 22.55, 9999.0, 9999.0, 9999.0, 23.82, 9999.0, 22.5, 9999.0, 22.64, 22.27, 22.16, 22.2, 22.14
2026-09-08, 04:05:41, 22.25, 22.36, 22.61, 22.55, 9999.0, 9999.0, 9999.0, 23.77, 9999.0, 22.55, 9999.0, 22.66, 22.3, 22.16, 22.23, 22.14
2026-09-08, 04:05:45, 22.25, 22.36, 22.61, 22.55, 9999.0, 9999.0, 9999.0, 23.73, 9999.0, 22.57, 9999.0, 22.66, 22.32, 22.16, 22.23, 22.16
2026-09-08, 04:05:49, 22.25, 22.36, 22.61, 22.55, 9999.0, 9999.0, 9999.0, 23.75, 9999.0, 22.59, 9999.0, 22.66, 22.34, 22.14, 22.23, 22.16
2026-09-08, 04:05:53, 22.25, 22.36, 22.61, 22.55, 9999.0, 9999.0, 9999.0, 23.8, 9999.0, 22.59, 9999.0, 22.66, 22.36, 22.16, 22.2, 22.18
2026-09-08, 04:05:57, 22.25, 22.36, 22.59, 22.55, 9999.0, 9999.0, 9999.0, 23.84, 9999.0, 22.59, 9999.0, 22.66, 22.39, 22.14, 22.2, 22.2
2026-09-08, 04:06:01, 22.25, 22.34, 22.61, 22.55, 9999.0, 9999.0, 9999.0, 23.89, 9999.0, 22.59, 9999.0, 22.64, 22.39, 22.14, 22.2, 22.2
2026-09-08, 04:06:05, 22.25, 22.32, 22.64, 22.55, 9999.0, 9999.0, 9999.0, 23.91, 9999.0, 22.61, 9999.0, 22.61, 22.39, 22.14, 22.2, 22.18
2026-09-08, 04:06:09, 22.25, 22.32, 22.66, 22.55, 9999.0, 9999.0, 9999.0, 23.93, 9999.0, 22.61, 9999.0, 22.59, 22.41, 22.11, 22.2, 22.2
2026-09-08, 04:06:13, 22.25, 22.32, 22.64, 22.55, 9999.0, 9999.0, 9999.0, 23.93, 9999.0, 22.61, 9999.0, 22.57, 22.41, 22.09, 22.23, 22.2
2026-09-08, 04:06:17, 22.23, 22.3, 22.64, 22.55, 9999.0, 9999.0, 9999.0, 23.95, 9999.0, 22.61, 9999.0, 22.55, 22.41, 22.07, 22.23, 22.2
2026-09-08, 04:06:21, 22.23, 22.27, 22.64, 22.55, 9999.0, 9999.0, 9999.0, 23.98, 9999.0, 22.59, 9999.0, 22.52, 22.39, 22.05, 22.23, 22.18
2026-09-08, 04:06:25, 22.23, 22.25, 22.64, 22.55, 9999.0, 9999.0, 9999.0, 24.02, 9999.0, 22.55, 9999.0, 22.5, 22.36, 22.07, 22.23, 22.18
2026-09-08, 04:06:29, 22.23, 22.25, 22.64, 22.55, 9999.0, 9999.0, 9999.0, 24.07, 9999.0, 22.52, 9999.0, 22.5, 22.34, 22.09, 22.23, 22.16
2026-09-08, 04:06:33, 22.23, 22.25, 22.64, 22.55, 9999.0, 9999.0, 9999.0, 24.02, 9999.0, 22.5, 9999.0, 22.5, 22.32, 22.11, 22.23, 22.16
2026-09-08, 04:06:37, 22.23, 22.25, 22.64, 22.55, 9999.0, 9999.0, 9999.0, 23.98, 9999.0, 22.48, 9999.0, 22.52, 22.3, 22.11, 22.25, 22.16
2026-09-08, 04:06:41, 22.23, 22.25, 22.64, 22.55, 9999.0, 9999.0, 9999.0, 23.93, 9999.0, 22.48, 9999.0, 22.55, 22.27, 22.14, 22.25, 22.14
2026-09-08, 04:06:45, 22.23, 22.25, 22.61, 22.52, 9999.0, 9999.0, 9999.0, 23.89, 9999.0, 22.45, 9999.0, 22.57, 22.27, 22.16, 22.25, 22.14
2026-09-08, 04:06:49, 22.23, 22.25, 22.59, 22.52, 9999.0, 9999.0, 9999.0, 23.86, 9999.0, 22.45, 9999.0, 22.59, 22.27, 22.16, 22.25, 22.14
2026-09-08, 04:06:53, 22.23, 22.25, 22.59, 22.52, 9999.0, 9999.0, 9999.0, 23.84, 9999.0, 22.45, 9999.0, 22.59, 22.25, 22.18, 22.25, 22.14
2026-09-08, 04:06:57, 22.23, 22.27, 22.59, 22.52, 9999.0, 9999.0, 9999.0, 23.84, 9999.0, 22.48, 9999.0, 22.59, 22.27, 22.2, 22.25, 22.11
2026-09-08, 04:07:01, 22.25, 22.27, 22.61, 22.5, 9999.0, 9999.0, 9999.0, 23.8, 9999.0, 22.5, 9999.0, 22.59, 22.3, 22.2, 22.25, 22.14
2026-09-08, 04:07:05, 22.25, 22.27, 22.59, 22.5, 9999.0, 9999.0, 9999.0, 23.75, 9999.0, 22.5, 9999.0, 22.59, 22.32, 22.2, 22.25, 22.16
2026-09-08, 04:07:09, 22.25, 22.27, 22.57, 22.5, 9999.0, 9999.0, 9999.0, 23.77, 9999.0, 22.5, 9999.0, 22.59, 22.32, 22.18, 22.23, 22.16
2026-09-08, 04:07:13, 22.25, 22.27, 22.57, 22.5, 9999.0, 9999.0, 9999.0, 23.8, 9999.0, 22.5, 9999.0, 22.59, 22.32, 22.16, 22.23, 22.18
2026-09-08, 04:07:17, 22.25, 22.3, 22.55, 22.5, 9999.0, 9999.0, 9999.0, 23.82, 9999.0, 22.5, 9999.0, 22.59, 22.32, 22.14, 22.23, 22.18
2026-09-08, 04:07:21, 22.25, 22.3, 22.55, 22.52, 9999.0, 9999.0, 9999.0, 23.84, 9999.0, 22.52, 9999.0, 22.57, 22.32, 22.14, 22.2, 22.18
2026-09-08, 04:07:25, 22.25, 22.3, 22.55, 22.52, 9999.0, 9999.0, 9999.0, 23.86, 9999.0, 22.52, 9999.0, 22.55, 22.32, 22.11, 22.2, 22.18
2026-09-08, 04:07:29, 22.25, 22.3, 22.57, 22.52, 9999.0, 9999.0, 9999.0, 23.89, 9999.0, 22.55, 9999.0, 22.52, 22.32, 22.11, 22.2, 22.18
2026-09-08, 04:07:33, 22.25, 22.32, 22.57, 22.52, 9999.0, 9999.0, 9999.0, 23.89, 9999.0, 22.55, 9999.0, 22.5, 22.32, 22.09, 22.2, 22.2
2026-09-08, 04:07:37, 22.25, 22.32, 22.55, 22.52, 9999.0, 9999.0, 9999.0, 23.91, 9999.0, 22.52, 9999.0, 22.5, 22.32, 22.07, 22.18, 22.2
2026-09-08, 04:07:41, 22.25, 22.3, 22.55, 22.52, 9999.0, 9999.0, 9999.0, 23.93, 9999.0, 22.5, 9999.0, 22.5, 22.3, 22.07, 22.18, 22.2
2026-09-08, 04:07:45, 22.25, 22.3, 22.52, 22.52, 9999.0, 9999.0, 9999.0, 23.98, 9999.0, 22.48, 9999.0, 22.5, 22.27, 22.09, 22.16, 22.2
2026-09-08, 04:07:49, 22.25, 22.32, 22.52, 22.52, 9999.0, 9999.0, 9999.0, 24.0, 9999.0, 22.48, 9999.0, 22.5, 22.25, 22.09, 22.16, 22.18
2026-09-08, 04:07:53, 22.25, 22.32, 22.52, 22.52, 9999.0, 9999.0, 9999.0, 23.95, 9999.0, 22.45, 9999.0, 22.52, 22.25, 22.09, 22.18, 22.18
2026-09-08, 04:07:57, 22.25, 22.32, 22.52, 22.55, 9999.0, 9999.0, 9999.0, 23.91, 9999.0, 22.43, 9999.0, 22.55, 22.27, 22.11, 22.18, 22.18
2026-09-08, 04:08:01, 22.25, 22.3, 22.52, 22.55, 9999.0, 9999.0, 9999.0, 23.89, 9999.0, 22.41, 9999.0, 22.57, 22.27, 22.14, 22.18, 22.18
2026-09-08, 04:08:05, 22.25, 22.32, 22.52, 22.52, 9999.0, 9999.0, 9999.0, 23.86, 9999.0, 22.41, 9999.0, 22.59, 22.27, 22.14, 22.2, 22.18
2026-09-08, 04:08:09, 22.25, 22.32, 22.52, 22.52, 9999.0, 9999.0, 9999.0, 23.82, 9999.0, 22.41, 9999.0, 22.59, 22.27, 22.14, 22.2, 22.2
2026-09-08, 04:08:13, 22.25, 22.32, 22.5, 22.52, 9999.0, 9999.0, 9999.0, 23.77, 9999.0, 22.41, 9999.0, 22.59, 22.3, 22.14, 22.2, 22.18
2026-09-08, 04:08:17, 22.25, 22.32, 22.52, 22.52, 9999.0, 9999.0, 9999.0, 23.75, 9999.0, 22.41, 9999.0, 22.59, 22.32, 22.16, 22.2, 22.18
2026-09-08, 04:08:21, 22.25, 22.32, 22.55, 22.52, 9999.0, 9999.0, 9999.0, 23.7, 9999.0, 22.43, 9999.0, 22.59, 22.34, 22.18, 22.23, 22.18
2026-09-08, 04:08:25, 22.25, 22.32, 22.55, 22.52, 9999.0, 9999.0, 9999.0, 23.73, 9999.0, 22.43, 9999.0, 22.59, 22.34, 22.16, 22.23, 22.2
2026-09-08, 04:08:29, 22.25, 22.32, 22.55, 22.52, 9999.0, 9999.0, 9999.0, 23.75, 9999.0, 22.43, 9999.0, 22.59, 22.36, 22.14, 22.25, 22.2
2026-09-08, 04:08:33, 22.23, 22.3, 22.55, 22.52, 9999.0, 9999.0, 9999.0, 23.8, 9999.0, 22.43, 9999.0, 22.59, 22.36, 22.16, 22.25, 22.23
2026-09-08, 04:08:37, 22.2, 22.3, 22.55, 22.52, 9999.0, 9999.0, 9999.0, 23.82, 9999.0, 22.45, 9999.0, 22.57, 22.36, 22.16, 22.25, 22.23
2026-09-08, 04:08:41, 22.2, 22.32, 22.57, 22.5, 9999.0, 9999.0, 9999.0, 23.84, 9999.0, 22.48, 9999.0, 22.55, 22.36, 22.14, 22.25, 22.23
2026-09-08, 04:08:45, 22.2, 22.32, 22.57, 22.5, 9999.0, 9999.0, 9999.0, 23.86, 9999.0, 22.5, 9999.0, 22.52, 22.36, 22.11, 22.25, 22.23
2026-09-08, 04:08:49, 22.2, 22.3, 22.57, 22.5, 9999.0, 9999.0, 9999.0, 23.86, 9999.0, 22.5, 9999.0, 22.5, 22.36, 22.11, 22.25, 22.23
2026-09-08, 04:08:53, 22.2, 22.3, 22.57, 22.5, 9999.0, 9999.0, 9999.0, 23.91, 9999.0, 22.5, 9999.0, 22.5, 22.36, 22.14, 22.25, 22.2
2026-09-08, 04:08:57, 22.2, 22.3, 22.57, 22.5, 9999.0, 9999.0, 9999.0, 23.95, 9999.0, 22.5, 9999.0, 22.48, 22.34, 22.11, 22.25, 22.23
2026-09-08, 04:09:01, 22.2, 22.27, 22.55, 22.5, 9999.0, 9999.0, 9999.0, 23.98, 9999.0, 22.48, 9999.0, 22.48, 22.32, 22.09, 22.23, 22.23
2026-09-08, 04:09:05, 22.2, 22.27, 22.52, 22.5, 9999.0, 9999.0, 9999.0, 24.0, 9999.0, 22.45, 9999.0, 22.48, 22.3, 22.07, 22.23, 22.2
2026-09-08, 04:09:09, 22.2, 22.27, 22.52, 22.5, 9999.0, 9999.0, 9999.0, 23.95, 9999.0, 22.43, 9999.0, 22.5, 22.32, 22.07, 22.23, 22.2
2026-09-08, 04:09:13, 22.2, 22.27, 22.52, 22.5, 9999.0, 9999.0, 9999.0, 23.91, 9999.0, 22.41, 9999.0, 22.52, 22.3, 22.07, 22.23, 22.2
2026-09-08, 04:09:18, 22.23, 22.27, 22.52, 22.5, 9999.0, 9999.0, 9999.0, 23.86, 9999.0, 22.39, 9999.0, 22.52, 22.32, 22.07, 22.23, 22.2
2026-09-08, 04:09:22, 22.25, 22.27, 22.52, 22.5, 9999.0, 9999.0, 9999.0, 23.82, 9999.0, 22.39, 9999.0, 22.52, 22.32, 22.07, 22.23, 22.2
2026-09-08, 04:09:26, 22.25, 22.25, 22.5, 22.5, 9999.0, 9999.0, 9999.0, 23.77, 9999.0, 22.39, 9999.0, 22.52, 22.3, 22.09, 22.23, 22.2
2026-09-08, 04:09:30, 22.25, 22.25, 22.5, 22.5, 9999.0, 9999.0, 9999.0, 23.73, 9999.0, 22.39, 9999.0, 22.52, 22.3, 22.11, 22.23, 22.2
2026-09-08, 04:09:34, 22.25, 22.25, 22.5, 22.5, 9999.0, 9999.0, 9999.0, 23.7, 9999.0, 22.39, 9999.0, 22.55, 22.3, 22.11, 22.23, 22.2
2026-09-08, 04:09:38, 22.25, 22.25, 22.5, 22.5, 9999.0, 9999.0, 9999.0, 23.66, 9999.0, 22.39, 9999.0, 22.55, 22.3, 22.11, 22.23, 22.23
2026-09-08, 04:09:42, 22.25, 22.25, 22.5, 22.5, 9999.0, 9999.0, 9999.0, 23.68, 9999.0, 22.39, 9999.0, 22.57, 22.3, 22.14, 22.23, 22.2
2026-09-08, 04:09:46, 22.25, 22.25, 22.5, 22.5, 9999.0, 9999.0, 9999.0, 23.7, 9999.0, 22.41, 9999.0, 22.57, 22.3, 22.14, 22.25, 22.18
2026-09-08, 04:09:50, 22.25, 22.25, 22.5, 22.5, 9999.0, 9999.0, 9999.0, 23.73, 9999.0, 22.43, 9999.0, 22.57, 22.3, 22.14, 22.25, 22.18
2026-09-08, 04:09:54, 22.25, 22.25, 22.5, 22.5, 9999.0, 9999.0, 9999.0, 23.75, 9999.0, 22.45, 9999.0, 22.55, 22.27, 22.16, 22.25, 22.16
2026-09-08, 04:09:58, 22.25, 22.25, 22.52, 22.5, 9999.0, 9999.0, 9999.0, 23.77, 9999.0, 22.48, 9999.0, 22.52, 22.27, 22.18, 22.25, 22.16
2026-09-08, 04:10:02, 22.25, 22.27, 22.55, 22.5, 9999.0, 9999.0, 9999.0, 23.8, 9999.0, 22.5, 9999.0, 22.52, 22.25, 22.18, 22.23, 22.14
2026-09-08, 04:10:06, 22.25, 22.27, 22.57, 22.5, 9999.0, 9999.0, 9999.0, 23.84, 9999.0, 22.5, 9999.0, 22.52, 22.25, 22.2, 22.23, 22.11
2026-09-08, 04:10:10, 22.25, 22.27, 22.59, 22.5, 9999.0, 9999.0, 9999.0, 23.86, 9999.0, 22.5, 9999.0, 22.52, 22.25, 22.2, 22.23, 22.09
2026-09-08, 04:10:14, 22.25, 22.27, 22.61, 22.5, 9999.0, 9999.0, 9999.0, 23.91, 9999.0, 22.48, 9999.0, 22.5, 22.25, 22.18, 22.23, 22.09
2026-09-08, 04:10:18, 22.25, 22.27, 22.61, 22.5, 9999.0, 9999.0, 9999.0, 23.93, 9999.0, 22.45, 9999.0, 22.48, 22.25, 22.16, 22.23, 22.09
2026-09-08, 04:10:22, 22.25, 22.27, 22.61, 22.5, 9999.0, 9999.0, 9999.0, 23.95, 9999.0, 22.43, 9999.0, 22.48, 22.25, 22.16, 22.23, 22.09
2026-09-08, 04:10:26, 22.25, 22.3, 22.61, 22.5, 9999.0, 9999.0, 9999.0, 23.91, 9999.0, 22.41, 9999.0, 22.5, 22.25, 22.14, 22.23, 22.11
2026-09-08, 04:10:30, 22.25, 22.3, 22.61, 22.5, 9999.0, 9999.0, 9999.0, 23.89, 9999.0, 22.39, 9999.0, 22.52, 22.27, 22.14, 22.23, 22.14
2026-09-08, 04:10:34, 22.25, 22.3, 22.61, 22.5, 9999.0, 9999.0, 9999.0, 23.86, 9999.0, 22.36, 9999.0, 22.55, 22.27, 22.16, 22.23, 22.14
2026-09-08, 04:10:38, 22.25, 22.32, 22.61, 22.5, 9999.0, 9999.0, 9999.0, 23.84, 9999.0, 22.36, 9999.0, 22.55, 22.27, 22.14, 22.23, 22.14
2026-09-08, 04:10:42, 22.25, 22.32, 22.59, 22.5, 9999.0, 9999.0, 9999.0, 23.8, 9999.0, 22.36, 9999.0, 22.55, 22.27, 22.14, 22.23, 22.11
2026-09-08, 04:10:46, 22.25, 22.3, 22.57, 22.5, 9999.0, 9999.0, 9999.0, 23.75, 9999.0, 22.36, 9999.0, 22.55, 22.3, 22.14, 22.25, 22.14
2026-09-08, 04:10:50, 22.25, 22.3, 22.55, 22.5, 9999.0, 9999.0, 9999.0, 23.7, 9999.0, 22.39, 9999.0, 22.55, 22.32, 22.11, 22.25, 22.14
2026-09-08, 04:10:54, 22.25, 22.3, 22.52, 22.5, 9999.0, 9999.0, 9999.0, 23.68, 9999.0, 22.39, 9999.0, 22.55, 22.32, 22.09, 22.25, 22.16
2026-09-08, 04:10:58, 22.25, 22.3, 22.5, 22.5, 9999.0, 9999.0, 9999.0, 23.7, 9999.0, 22.41, 9999.0, 22.57, 22.32, 22.11, 22.25, 22.16
2026-09-08, 04:11:02, 22.25, 22.3, 22.5, 22.5, 9999.0, 9999.0, 9999.0, 23.73, 9999.0, 22.43, 9999.0, 22.57, 22.32, 22.11, 22.25, 22.16
2026-09-08, 04:11:06, 22.25, 22.3, 22.5, 22.5, 9999.0, 9999.0, 9999.0, 23.75, 9999.0, 22.45, 9999.0, 22.57, 22.32, 22.09, 22.23, 22.16
2026-09-08, 04:11:10, 22.25, 22.27, 22.5, 22.5, 9999.0, 9999.0, 9999.0, 23.77, 9999.0, 22.48, 9999.0, 22.55, 22.32, 22.09, 22.23, 22.16
2026-09-08, 04:11:14, 22.25, 22.27, 22.5, 22.5, 9999.0, 9999.0, 9999.0, 23.8, 9999.0, 22.5, 9999.0, 22.52, 22.3, 22.09, 22.23, 22.14
2026-09-08, 04:11:18, 22.25, 22.27, 22.5, 22.5, 9999.0, 9999.0, 9999.0, 23.8, 9999.0, 22.5, 9999.0, 22.5, 22.3, 22.07, 22.23, 22.14
2026-09-08, 04:11:22, 22.25, 22.25, 22.5, 22.5, 9999.0, 9999.0, 9999.0, 23.8, 9999.0, 22.48, 9999.0, 22.5, 22.3, 22.07, 22.23, 22.14
2026-09-08, 04:11:26, 22.25, 22.25, 22.5, 22.5, 9999.0, 9999.0, 9999.0, 23.82, 9999.0, 22.45, 9999.0, 22.5, 22.3, 22.05, 22.23, 22.14
2026-09-08, 04:11:30, 22.25, 22.25, 22.5, 22.5, 9999.0, 9999.0, 9999.0, 23.84, 9999.0, 22.43, 9999.0, 22.5, 22.27, 22.02, 22.23, 22.11
2026-09-08, 04:11:34, 22.25, 22.25, 22.52, 22.5, 9999.0, 9999.0, 9999.0, 23.86, 9999.0, 22.39, 9999.0, 22.5, 22.25, 22.02, 22.23, 22.11
2026-09-08, 04:11:38, 22.25, 22.25, 22.55, 22.5, 9999.0, 9999.0, 9999.0, 23.89, 9999.0, 22.36, 9999.0, 22.5, 22.25, 22.02, 22.23, 22.09
2026-09-08, 04:11:42, 22.25, 22.25, 22.57, 22.5, 9999.0, 9999.0, 9999.0, 23.84, 9999.0, 22.34, 9999.0, 22.52, 22.25, 22.0, 22.23, 22.09
2026-09-08, 04:11:46, 22.25, 22.25, 22.57, 22.5, 9999.0, 9999.0, 9999.0, 23.82, 9999.0, 22.32, 9999.0, 22.55, 22.25, 22.02, 22.2, 22.07
2026-09-08, 04:11:50, 22.25, 22.25, 22.57, 22.5, 9999.0, 9999.0, 9999.0, 23.77, 9999.0, 22.27, 9999.0, 22.57, 22.25, 22.02, 22.23, 22.07
2026-09-08, 04:11:54, 22.25, 22.25, 22.57, 22.5, 9999.0, 9999.0, 9999.0, 23.73, 9999.0, 22.27, 9999.0, 22.57, 22.25, 22.05, 22.23, 22.07
2026-09-08, 04:11:58, 22.25, 22.25, 22.57, 22.5, 9999.0, 9999.0, 9999.0, 23.68, 9999.0, 22.27, 9999.0, 22.59, 22.27, 22.07, 22.23, 22.07
2026-09-08, 04:12:02, 22.23, 22.25, 22.57, 22.5, 9999.0, 9999.0, 9999.0, 23.66, 9999.0, 22.3, 9999.0, 22.61, 22.3, 22.07, 22.23, 22.07
2026-09-08, 04:12:06, 22.23, 22.25, 22.57, 22.5, 9999.0, 9999.0, 9999.0, 23.64, 9999.0, 22.32, 9999.0, 22.64, 22.32, 22.09, 22.23, 22.07
2026-09-08, 04:12:10, 22.23, 22.25, 22.57, 22.5, 9999.0, 9999.0, 9999.0, 23.59, 9999.0, 22.34, 9999.0, 22.64, 22.34, 22.11, 22.23, 22.09
2026-09-08, 04:12:14, 22.2, 22.25, 22.57, 22.5, 9999.0, 9999.0, 9999.0, 23.64, 9999.0, 22.36, 9999.0, 22.64, 22.36, 22.11, 22.23, 22.09
2026-09-08, 04:12:18, 22.2, 22.25, 22.55, 22.52, 9999.0, 9999.0, 9999.0, 23.66, 9999.0, 22.39, 9999.0, 22.64, 22.36, 22.14, 22.23, 22.11
2026-09-08, 04:12:22, 22.2, 22.27, 22.52, 22.52, 9999.0, 9999.0, 9999.0, 23.68, 9999.0, 22.39, 9999.0, 22.64, 22.39, 22.14, 22.23, 22.14
2026-09-08, 04:12:26, 22.2, 22.27, 22.5, 22.52, 9999.0, 9999.0, 9999.0, 23.7, 9999.0, 22.39, 9999.0, 22.61, 22.39, 22.14, 22.23, 22.11
2026-09-08, 04:12:30, 22.2, 22.27, 22.52, 22.52, 9999.0, 9999.0, 9999.0, 23.73, 9999.0, 22.39, 9999.0, 22.59, 22.39, 22.14, 22.25, 22.11
2026-09-08, 04:12:34, 22.2, 22.27, 22.52, 22.52, 9999.0, 9999.0, 9999.0, 23.75, 9999.0, 22.41, 9999.0, 22.57, 22.39, 22.16, 22.25, 22.09
2026-09-08, 04:12:38, 22.2, 22.27, 22.55, 22.52, 9999.0, 9999.0, 9999.0, 23.77, 9999.0, 22.39, 9999.0, 22.57, 22.39, 22.16, 22.25, 22.07
2026-09-08, 04:12:42, 22.2, 22.27, 22.57, 22.52, 9999.0, 9999.0, 9999.0, 23.8, 9999.0, 22.36, 9999.0, 22.55, 22.36, 22.16, 22.25, 22.07
2026-09-08, 04:12:46, 22.23, 22.27, 22.59, 22.52, 9999.0, 9999.0, 9999.0, 23.82, 9999.0, 22.34, 9999.0, 22.52, 22.34, 22.18, 22.25, 22.07
2026-09-08, 04:12:50, 22.23, 22.27, 22.59, 22.52, 9999.0, 9999.0, 9999.0, 23.84, 9999.0, 22.32, 9999.0, 22.5, 22.32, 22.16, 22.25, 22.07
2026-09-08, 04:12:54, 22.23, 22.27, 22.59, 22.52, 9999.0, 9999.0, 9999.0, 23.89, 9999.0, 22.3, 9999.0, 22.52, 22.3, 22.14, 22.25, 22.05
2026-09-08, 04:12:58, 22.25, 22.27, 22.61, 22.55, 9999.0, 9999.0, 9999.0, 23.84, 9999.0, 22.27, 9999.0, 22.52, 22.3, 22.14, 22.25, 22.05
2026-09-08, 04:13:02, 22.25, 22.27, 22.64, 22.52, 9999.0, 9999.0, 9999.0, 23.82, 9999.0, 22.25, 9999.0, 22.55, 22.3, 22.14, 22.25, 22.02
2026-09-08, 04:13:06, 22.25, 22.25, 22.64, 22.52, 9999.0, 9999.0, 9999.0, 23.77, 9999.0, 22.25, 9999.0, 22.57, 22.27, 22.16, 22.25, 22.0
2026-09-08, 04:13:11, 22.25, 22.25, 22.64, 22.52, 9999.0, 9999.0, 9999.0, 23.73, 9999.0, 22.27, 9999.0, 22.59, 22.27, 22.16, 22.25, 22.0
2026-09-08, 04:13:15, 22.25, 22.25, 22.61, 22.52, 9999.0, 9999.0, 9999.0, 23.68, 9999.0, 22.27, 9999.0, 22.59, 22.27, 22.16, 22.25, 22.0
2026-09-08, 04:13:19, 22.25, 22.27, 22.64, 22.52, 9999.0, 9999.0, 9999.0, 23.66, 9999.0, 22.3, 9999.0, 22.61, 22.27, 22.16, 22.25, 22.02
2026-09-08, 04:13:23, 22.25, 22.27, 22.64, 22.52, 9999.0, 9999.0, 9999.0, 23.64, 9999.0, 22.32, 9999.0, 22.61, 22.27, 22.16, 22.23, 22.02
2026-09-08, 04:13:27, 22.25, 22.27, 22.61, 22.52, 9999.0, 9999.0, 9999.0, 23.59, 9999.0, 22.34, 9999.0, 22.61, 22.3, 22.16, 22.23, 22.05
2026-09-08, 04:13:31, 22.25, 22.3, 22.61, 22.52, 9999.0, 9999.0, 9999.0, 23.64, 9999.0, 22.36, 9999.0, 22.61, 22.32, 22.16, 22.23, 22.07
2026-09-08, 04:13:35, 22.25, 22.32, 22.61, 22.52, 9999.0, 9999.0, 9999.0, 23.68, 9999.0, 22.39, 9999.0, 22.61, 22.32, 22.16, 22.23, 22.07
2026-09-08, 04:13:39, 22.25, 22.32, 22.61, 22.52, 9999.0, 9999.0, 9999.0, 23.7, 9999.0, 22.41, 9999.0, 22.59, 22.32, 22.18, 22.23, 22.09
2026-09-08, 04:13:43, 22.25, 22.32, 22.59, 22.5, 9999.0, 9999.0, 9999.0, 23.73, 9999.0, 22.41, 9999.0, 22.59, 22.3, 22.18, 22.2, 22.11
2026-09-08, 04:13:47, 22.25, 22.32, 22.59, 22.5, 9999.0, 9999.0, 9999.0, 23.75, 9999.0, 22.41, 9999.0, 22.57, 22.3, 22.16, 22.2, 22.14
2026-09-08, 04:13:51, 22.25, 22.32, 22.61, 22.5, 9999.0, 9999.0, 9999.0, 23.77, 9999.0, 22.41, 9999.0, 22.55, 22.3, 22.14, 22.2, 22.16
2026-09-08, 04:13:55, 22.25, 22.32, 22.61, 22.5, 9999.0, 9999.0, 9999.0, 23.8, 9999.0, 22.39, 9999.0, 22.52, 22.3, 22.14, 22.2, 22.16
2026-09-08, 04:13:59, 22.25, 22.32, 22.64, 22.5, 9999.0, 9999.0, 9999.0, 23.82, 9999.0, 22.39, 9999.0, 22.5, 22.3, 22.11, 22.2, 22.16
2026-09-08, 04:14:03, 22.25, 22.3, 22.61, 22.5, 9999.0, 9999.0, 9999.0, 23.84, 9999.0, 22.36, 9999.0, 22.48, 22.3, 22.11, 22.2, 22.14
2026-09-08, 04:14:07, 22.25, 22.3, 22.61, 22.5, 9999.0, 9999.0, 9999.0, 23.86, 9999.0, 22.34, 9999.0, 22.48, 22.3, 22.11, 22.23, 22.14
2026-09-08, 04:14:11, 22.25, 22.3, 22.64, 22.5, 9999.0, 9999.0, 9999.0, 23.91, 9999.0, 22.32, 9999.0, 22.48, 22.27, 22.09, 22.23, 22.14
2026-09-08, 04:14:15, 22.25, 22.27, 22.61, 22.5, 9999.0, 9999.0, 9999.0, 23.86, 9999.0, 22.3, 9999.0, 22.48, 22.25, 22.07, 22.23, 22.14
2026-09-08, 04:14:19, 22.25, 22.25, 22.64, 22.5, 9999.0, 9999.0, 9999.0, 23.82, 9999.0, 22.27, 9999.0, 22.5, 22.25, 22.09, 22.23, 22.14
2026-09-08, 04:14:23, 22.25, 22.25, 22.64, 22.52, 9999.0, 9999.0, 9999.0, 23.77, 9999.0, 22.25, 9999.0, 22.52, 22.27, 22.09, 22.23, 22.11
2026-09-08, 04:14:27, 22.25, 22.25, 22.66, 22.52, 9999.0, 9999.0, 9999.0, 23.73, 9999.0, 22.25, 9999.0, 22.55, 22.27, 22.11, 22.25, 22.11
2026-09-08, 04:14:31, 22.25, 22.25, 22.64, 22.52, 9999.0, 9999.0, 9999.0, 23.68, 9999.0, 22.25, 9999.0, 22.57, 22.27, 22.11, 22.25, 22.11
2026-09-08, 04:14:35, 22.25, 22.25, 22.61, 22.52, 9999.0, 9999.0, 9999.0, 23.66, 9999.0, 22.27, 9999.0, 22.57, 22.3, 22.11, 22.25, 22.09
2026-09-08, 04:14:39, 22.25, 22.25, 22.61, 22.52, 9999.0, 9999.0, 9999.0, 23.64, 9999.0, 22.3, 9999.0, 22.57, 22.3, 22.14, 22.25, 22.11
2026-09-08, 04:14:43, 22.25, 22.25, 22.59, 22.52, 9999.0, 9999.0, 9999.0, 23.61, 9999.0, 22.32, 9999.0, 22.59, 22.3, 22.16, 22.25, 22.14
2026-09-08, 04:14:47, 22.25, 22.25, 22.61, 22.52, 9999.0, 9999.0, 9999.0, 23.66, 9999.0, 22.34, 9999.0, 22.59, 22.32, 22.16, 22.25, 22.16
2026-09-08, 04:14:51, 22.25, 22.27, 22.59, 22.52, 9999.0, 9999.0, 9999.0, 23.68, 9999.0, 22.36, 9999.0, 22.59, 22.32, 22.16, 22.25, 22.18
2026-09-08, 04:14:55, 22.25, 22.27, 22.57, 22.52, 9999.0, 9999.0, 9999.0, 23.7, 9999.0, 22.36, 9999.0, 22.59, 22.32, 22.16, 22.25, 22.18
2026-09-08, 04:14:59, 22.25, 22.27, 22.59, 22.55, 9999.0, 9999.0, 9999.0, 23.73, 9999.0, 22.36, 9999.0, 22.59, 22.32, 22.18, 22.25, 22.16
2026-09-08, 04:15:03, 22.25, 22.27, 22.57, 22.55, 9999.0, 9999.0, 9999.0, 23.75, 9999.0, 22.36, 9999.0, 22.57, 22.32, 22.16, 22.25, 22.16
2026-09-08, 04:15:07, 22.25, 22.27, 22.59, 22.52, 9999.0, 9999.0, 9999.0, 23.77, 9999.0, 22.36, 9999.0, 22.55, 22.3, 22.16, 22.25, 22.18
2026-09-08, 04:15:11, 22.25, 22.27, 22.59, 22.52, 9999.0, 9999.0, 9999.0, 23.8, 9999.0, 22.36, 9999.0, 22.52, 22.3, 22.16, 22.25, 22.16
2026-09-08, 04:15:15, 22.25, 22.27, 22.59, 22.52, 9999.0, 9999.0, 9999.0, 23.82, 9999.0, 22.36, 9999.0, 22.5, 22.3, 22.18, 22.25, 22.14
2026-09-08, 04:15:19, 22.25, 22.27, 22.59, 22.52, 9999.0, 9999.0, 9999.0, 23.84, 9999.0, 22.34, 9999.0, 22.5, 22.27, 22.2, 22.25, 22.14
2026-09-08, 04:15:23, 22.25, 22.27, 22.61, 22.52, 9999.0, 9999.0, 9999.0, 23.86, 9999.0, 22.32, 9999.0, 22.52, 22.27, 22.2, 22.25, 22.14
2026-09-08, 04:15:27, 22.25, 22.27, 22.64, 22.52, 9999.0, 9999.0, 9999.0, 23.86, 9999.0, 22.3, 9999.0, 22.52, 22.27, 22.18, 22.25, 22.14
2026-09-08, 04:15:31, 22.25, 22.27, 22.61, 22.52, 9999.0, 9999.0, 9999.0, 23.8, 9999.0, 22.27, 9999.0, 22.52, 22.27, 22.18, 22.25, 22.11
2026-09-08, 04:15:35, 22.25, 22.25, 22.61, 22.52, 9999.0, 9999.0, 9999.0, 23.75, 9999.0, 22.25, 9999.0, 22.55, 22.27, 22.18, 22.25, 22.11
2026-09-08, 04:15:39, 22.25, 22.25, 22.61, 22.52, 9999.0, 9999.0, 9999.0, 23.7, 9999.0, 22.23, 9999.0, 22.57, 22.27, 22.2, 22.25, 22.09
2026-09-08, 04:15:43, 22.25, 22.25, 22.61, 22.5, 9999.0, 9999.0, 9999.0, 23.66, 9999.0, 22.23, 9999.0, 22.59, 22.27, 22.18, 22.23, 22.11
2026-09-08, 04:15:47, 22.25, 22.25, 22.61, 22.5, 9999.0, 9999.0, 9999.0, 23.61, 9999.0, 22.23, 9999.0, 22.61, 22.27, 22.18, 22.23, 22.14
2026-09-08, 04:15:51, 22.25, 22.25, 22.59, 22.5, 9999.0, 9999.0, 9999.0, 23.59, 9999.0, 22.23, 9999.0, 22.61, 22.3, 22.16, 22.23, 22.14
2026-09-08, 04:15:55, 22.25, 22.25, 22.59, 22.5, 9999.0, 9999.0, 9999.0, 23.57, 9999.0, 22.25, 9999.0, 22.64, 22.32, 22.16, 22.23, 22.16
2026-09-08, 04:15:59, 22.25, 22.25, 22.61, 22.5, 9999.0, 9999.0, 9999.0, 23.55, 9999.0, 22.27, 9999.0, 22.66, 22.34, 22.16, 22.23, 22.18
2026-09-08, 04:16:03, 22.25, 22.25, 22.64, 22.5, 9999.0, 9999.0, 9999.0, 23.57, 9999.0, 22.27, 9999.0, 22.68, 22.34, 22.16, 22.23, 22.2
2026-09-08, 04:16:07, 22.25, 22.25, 22.64, 22.5, 9999.0, 9999.0, 9999.0, 23.59, 9999.0, 22.27, 9999.0, 22.66, 22.36, 22.14, 22.23, 22.2
2026-09-08, 04:16:11, 22.25, 22.25, 22.61, 22.5, 9999.0, 9999.0, 9999.0, 23.64, 9999.0, 22.27, 9999.0, 22.66, 22.39, 22.14, 22.23, 22.2
2026-09-08, 04:16:15, 22.25, 22.25, 22.64, 22.5, 9999.0, 9999.0, 9999.0, 23.68, 9999.0, 22.27, 9999.0, 22.66, 22.36, 22.14, 22.23, 22.23
2026-09-08, 04:16:19, 22.25, 22.27, 22.64, 22.5, 9999.0, 9999.0, 9999.0, 23.73, 9999.0, 22.27, 9999.0, 22.64, 22.36, 22.14, 22.23, 22.23
2026-09-08, 04:16:23, 22.25, 22.27, 22.64, 22.5, 9999.0, 9999.0, 9999.0, 23.75, 9999.0, 22.3, 9999.0, 22.61, 22.39, 22.11, 22.2, 22.25
2026-09-08, 04:16:27, 22.25, 22.27, 22.64, 22.5, 9999.0, 9999.0, 9999.0, 23.77, 9999.0, 22.3, 9999.0, 22.59, 22.39, 22.14, 22.23, 22.25
2026-09-08, 04:16:31, 22.25, 22.27, 22.64, 22.5, 9999.0, 9999.0, 9999.0, 23.8, 9999.0, 22.27, 9999.0, 22.57, 22.39, 22.16, 22.23, 22.25
2026-09-08, 04:16:35, 22.25, 22.27, 22.64, 22.5, 9999.0, 9999.0, 9999.0, 23.82, 9999.0, 22.27, 9999.0, 22.57, 22.36, 22.16, 22.23, 22.25
2026-09-08, 04:16:39, 22.25, 22.27, 22.61, 22.52, 9999.0, 9999.0, 9999.0, 23.84, 9999.0, 22.25, 9999.0, 22.55, 22.34, 22.14, 22.2, 22.25
2026-09-08, 04:16:43, 22.25, 22.27, 22.59, 22.52, 9999.0, 9999.0, 9999.0, 23.86, 9999.0, 22.2, 9999.0, 22.55, 22.32, 22.14, 22.2, 22.25
2026-09-08, 04:16:47, 22.25, 22.27, 22.57, 22.52, 9999.0, 9999.0, 9999.0, 23.84, 9999.0, 22.18, 9999.0, 22.52, 22.32, 22.14, 22.2, 22.25
2026-09-08, 04:16:51, 22.25, 22.27, 22.55, 22.52, 9999.0, 9999.0, 9999.0, 23.8, 9999.0, 22.16, 9999.0, 22.55, 22.3, 22.16, 22.2, 22.25
2026-09-08, 04:16:55, 22.25, 22.27, 22.55, 22.52, 9999.0, 9999.0, 9999.0, 23.75, 9999.0, 22.14, 9999.0, 22.57, 22.27, 22.18, 22.2, 22.25
2026-09-08, 04:16:59, 22.25, 22.27, 22.52, 22.52, 9999.0, 9999.0, 9999.0, 23.7, 9999.0, 22.11, 9999.0, 22.59, 22.27, 22.18, 22.2, 22.25
2026-09-08, 04:17:04, 22.25, 22.25, 22.52, 22.52, 9999.0, 9999.0, 9999.0, 23.66, 9999.0, 22.11, 9999.0, 22.61, 22.27, 22.18, 22.2, 22.25
2026-09-08, 04:17:08, 22.25, 22.25, 22.55, 22.52, 9999.0, 9999.0, 9999.0, 23.64, 9999.0, 22.11, 9999.0, 22.64, 22.27, 22.18, 22.23, 22.25
2026-09-08, 04:17:12, 22.25, 22.25, 22.52, 22.55, 9999.0, 9999.0, 9999.0, 23.59, 9999.0, 22.14, 9999.0, 22.64, 22.3, 22.18, 22.23, 22.25
2026-09-08, 04:17:16, 22.25, 22.27, 22.52, 22.55, 9999.0, 9999.0, 9999.0, 23.57, 9999.0, 22.16, 9999.0, 22.66, 22.32, 22.18, 22.23, 22.25
2026-09-08, 04:17:20, 22.25, 22.27, 22.55, 22.55, 9999.0, 9999.0, 9999.0, 23.52, 9999.0, 22.16, 9999.0, 22.66, 22.32, 22.2, 22.23, 22.25
2026-09-08, 04:17:24, 22.25, 22.27, 22.57, 22.52, 9999.0, 9999.0, 9999.0, 23.57, 9999.0, 22.16, 9999.0, 22.68, 22.32, 22.23, 22.25, 22.25
2026-09-08, 04:17:28, 22.25, 22.27, 22.59, 22.52, 9999.0, 9999.0, 9999.0, 23.59, 9999.0, 22.18, 9999.0, 22.66, 22.32, 22.2, 22.25, 22.25
2026-09-08, 04:17:32, 22.25, 22.27, 22.59, 22.52, 9999.0, 9999.0, 9999.0, 23.61, 9999.0, 22.2, 9999.0, 22.66, 22.32, 22.2, 22.25, 22.25
2026-09-08, 04:17:36, 22.25, 22.27, 22.61, 22.52, 9999.0, 9999.0, 9999.0, 23.66, 9999.0, 22.23, 9999.0, 22.64, 22.32, 22.2, 22.25, 22.25
2026-09-08, 04:17:40, 22.25, 22.27, 22.64, 22.52, 9999.0, 9999.0, 9999.0, 23.68, 9999.0, 22.25, 9999.0, 22.61, 22.34, 22.2, 22.25, 22.25
2026-09-08, 04:17:44, 22.25, 22.27, 22.64, 22.52, 9999.0, 9999.0, 9999.0, 23.7, 9999.0, 22.27, 9999.0, 22.59, 22.36, 22.2, 22.25, 22.25
2026-09-08, 04:17:48, 22.25, 22.27, 22.64, 22.52, 9999.0, 9999.0, 9999.0, 23.7, 9999.0, 22.25, 9999.0, 22.57, 22.36, 22.18, 22.25, 22.25
2026-09-08, 04:17:52, 22.25, 22.27, 22.61, 22.52, 9999.0, 9999.0, 9999.0, 23.73, 9999.0, 22.23, 9999.0, 22.55, 22.34, 22.18, 22.25, 22.25
2026-09-08, 04:17:56, 22.25, 22.27, 22.61, 22.5, 9999.0, 9999.0, 9999.0, 23.77, 9999.0, 22.2, 9999.0, 22.55, 22.32, 22.16, 22.25, 22.25
2026-09-08, 04:18:00, 22.25, 22.25, 22.61, 22.5, 9999.0, 9999.0, 9999.0, 23.77, 9999.0, 22.18, 9999.0, 22.55, 22.3, 22.16, 22.25, 22.25
2026-09-08, 04:18:04, 22.25, 22.25, 22.59, 22.5, 9999.0, 9999.0, 9999.0, 23.8, 9999.0, 22.16, 9999.0, 22.55, 22.3, 22.16, 22.25, 22.25
2026-09-08, 04:18:08, 22.25, 22.27, 22.59, 22.5, 9999.0, 9999.0, 9999.0, 23.73, 9999.0, 22.14, 9999.0, 22.55, 22.32, 22.16, 22.25, 22.25
2026-09-08, 04:18:12, 22.25, 22.27, 22.57, 22.5, 9999.0, 9999.0, 9999.0, 23.68, 9999.0, 22.11, 9999.0, 22.57, 22.34, 22.18, 22.25, 22.25
2026-09-08, 04:18:16, 22.25, 22.27, 22.59, 22.5, 9999.0, 9999.0, 9999.0, 23.64, 9999.0, 22.09, 9999.0, 22.59, 22.34, 22.18, 22.25, 22.25
2026-09-08, 04:18:20, 22.25, 22.27, 22.59, 22.5, 9999.0, 9999.0, 9999.0, 23.57, 9999.0, 22.09, 9999.0, 22.61, 22.36, 22.18, 22.25, 22.25
2026-09-08, 04:18:24, 22.25, 22.27, 22.57, 22.52, 9999.0, 9999.0, 9999.0, 23.52, 9999.0, 22.09, 9999.0, 22.64, 22.34, 22.18, 22.25, 22.25
2026-09-08, 04:18:28, 22.25, 22.27, 22.57, 22.55, 9999.0, 9999.0, 9999.0, 23.5, 9999.0, 22.09, 9999.0, 22.66, 22.34, 22.16, 22.25, 22.25
2026-09-08, 04:18:32, 22.25, 22.27, 22.57, 22.57, 9999.0, 9999.0, 9999.0, 23.48, 9999.0, 22.11, 9999.0, 22.66, 22.36, 22.18, 22.25, 22.25
2026-09-08, 04:18:36, 22.25, 22.27, 22.57, 22.59, 9999.0, 9999.0, 9999.0, 23.43, 9999.0, 22.14, 9999.0, 22.66, 22.39, 22.2, 22.25, 22.25
2026-09-08, 04:18:40, 22.25, 22.27, 22.57, 22.59, 9999.0, 9999.0, 9999.0, 23.45, 9999.0, 22.14, 9999.0, 22.66, 22.41, 22.2, 22.25, 22.25
2026-09-08, 04:18:44, 22.25, 22.27, 22.57, 22.61, 9999.0, 9999.0, 9999.0, 23.5, 9999.0, 22.16, 9999.0, 22.64, 22.43, 22.18, 22.25, 22.25
2026-09-08, 04:18:48, 22.25, 22.27, 22.57, 22.64, 9999.0, 9999.0, 9999.0, 23.55, 9999.0, 22.18, 9999.0, 22.64, 22.43, 22.16, 22.25, 22.25
2026-09-08, 04:18:52, 22.25, 22.25, 22.57, 22.66, 9999.0, 9999.0, 9999.0, 23.57, 9999.0, 22.2, 9999.0, 22.61, 22.41, 22.14, 22.25, 22.25
2026-09-08, 04:18:56, 22.25, 22.25, 22.59, 22.68, 9999.0, 9999.0, 9999.0, 23.59, 9999.0, 22.2, 9999.0, 22.59, 22.39, 22.14, 22.25, 22.25
2026-09-08, 04:19:00, 22.25, 22.25, 22.59, 22.7, 9999.0, 9999.0, 9999.0, 23.61, 9999.0, 22.2, 9999.0, 22.57, 22.39, 22.11, 22.25, 22.25
2026-09-08, 04:19:04, 22.25, 22.25, 22.57, 22.73, 9999.0, 9999.0, 9999.0, 23.66, 9999.0, 22.18, 9999.0, 22.55, 22.36, 22.09, 22.25, 22.25
2026-09-08, 04:19:08, 22.25, 22.25, 22.57, 22.73, 9999.0, 9999.0, 9999.0, 23.7, 9999.0, 22.16, 9999.0, 22.52, 22.36, 22.09, 22.25, 22.25
2026-09-08, 04:19:12, 22.25, 22.25, 22.59, 22.7, 9999.0, 9999.0, 9999.0, 23.73, 9999.0, 22.14, 9999.0, 22.5, 22.36, 22.11, 22.25, 22.25
2026-09-08, 04:19:16, 22.25, 22.25, 22.61, 22.68, 9999.0, 9999.0, 9999.0, 23.77, 9999.0, 22.11, 9999.0, 22.5, 22.34, 22.11, 22.25, 22.25
2026-09-08, 04:19:20, 22.25, 22.25, 22.61, 22.68, 9999.0, 9999.0, 9999.0, 23.8, 9999.0, 22.09, 9999.0, 22.5, 22.32, 22.09, 22.25, 22.25
2026-09-08, 04:19:24, 22.25, 22.25, 22.64, 22.68, 9999.0, 9999.0, 9999.0, 23.75, 9999.0, 22.07, 9999.0, 22.52, 22.32, 22.09, 22.25, 22.25
2026-09-08, 04:19:28, 22.25, 22.25, 22.64, 22.66, 9999.0, 9999.0, 9999.0, 23.7, 9999.0, 22.05, 9999.0, 22.55, 22.3, 22.11, 22.25, 22.25
2026-09-08, 04:19:32, 22.25, 22.25, 22.64, 22.64, 9999.0, 9999.0, 9999.0, 23.66, 9999.0, 22.05, 9999.0, 22.57, 22.32, 22.11, 22.25, 22.25
2026-09-08, 04:19:36, 22.25, 22.25, 22.64, 22.64, 9999.0, 9999.0, 9999.0, 23.61, 9999.0, 22.05, 9999.0, 22.57, 22.34, 22.11, 22.25, 22.25
2026-09-08, 04:19:40, 22.25, 22.25, 22.61, 22.64, 9999.0, 9999.0, 9999.0, 23.57, 9999.0, 22.07, 9999.0, 22.57, 22.36, 22.09, 22.25, 22.25
2026-09-08, 04:19:44, 22.25, 22.25, 22.61, 22.64, 9999.0, 9999.0, 9999.0, 23.55, 9999.0, 22.11, 9999.0, 22.57, 22.39, 22.11, 22.25, 22.25
2026-09-08, 04:19:48, 22.25, 22.25, 22.64, 22.64, 9999.0, 9999.0, 9999.0, 23.5, 9999.0, 22.14, 9999.0, 22.57, 22.41, 22.14, 22.25, 22.25
2026-09-08, 04:19:52, 22.25, 22.25, 22.66, 22.64, 9999.0, 9999.0, 9999.0, 23.52, 9999.0, 22.16, 9999.0, 22.57, 22.43, 22.14, 22.25, 22.25
2026-09-08, 04:19:56, 22.25, 22.25, 22.66, 22.66, 9999.0, 9999.0, 9999.0, 23.55, 9999.0, 22.18, 9999.0, 22.57, 22.41, 22.14, 22.25, 22.25
2026-09-08, 04:20:00, 22.25, 22.25, 22.66, 22.68, 9999.0, 9999.0, 9999.0, 23.57, 9999.0, 22.2, 9999.0, 22.57, 22.43, 22.14, 22.25, 22.25
2026-09-08, 04:20:04, 22.25, 22.25, 22.68, 22.68, 9999.0, 9999.0, 9999.0, 23.59, 9999.0, 22.2, 9999.0, 22.57, 22.45, 22.16, 22.25, 22.25
2026-09-08, 04:20:08, 22.25, 22.27, 22.66, 22.7, 9999.0, 9999.0, 9999.0, 23.61, 9999.0, 22.2, 9999.0, 22.55, 22.43, 22.16, 22.25, 22.25
2026-09-08, 04:20:12, 22.25, 22.27, 22.66, 22.73, 9999.0, 9999.0, 9999.0, 23.64, 9999.0, 22.2, 9999.0, 22.52, 22.45, 22.14, 22.25, 22.25
2026-09-08, 04:20:16, 22.25, 22.27, 22.66, 22.73, 9999.0, 9999.0, 9999.0, 23.64, 9999.0, 22.18, 9999.0, 22.5, 22.43, 22.16, 22.25, 22.25
2026-09-08, 04:20:20, 22.25, 22.27, 22.64, 22.73, 9999.0, 9999.0, 9999.0, 23.66, 9999.0, 22.16, 9999.0, 22.5, 22.41, 22.18, 22.25, 22.25
2026-09-08, 04:20:24, 22.25, 22.27, 22.66, 22.73, 9999.0, 9999.0, 9999.0, 23.68, 9999.0, 22.14, 9999.0, 22.5, 22.39, 22.2, 22.25, 22.25
2026-09-08, 04:20:28, 22.25, 22.27, 22.66, 22.73, 9999.0, 9999.0, 9999.0, 23.68, 9999.0, 22.11, 9999.0, 22.5, 22.36, 22.2, 22.25, 22.25
2026-09-08, 04:20:32, 22.25, 22.27, 22.64, 22.73, 9999.0, 9999.0, 9999.0, 23.7, 9999.0, 22.09, 9999.0, 22.5, 22.34, 22.2, 22.25, 22.25
2026-09-08, 04:20:36, 22.25, 22.3, 22.64, 22.73, 9999.0, 9999.0, 9999.0, 23.66, 9999.0, 22.07, 9999.0, 22.5, 22.32, 22.2, 22.25, 22.25
2026-09-08, 04:20:40, 22.25, 22.3, 22.64, 22.73, 9999.0, 9999.0, 9999.0, 23.61, 9999.0, 22.05, 9999.0, 22.52, 22.32, 22.2, 22.25, 22.25
2026-09-08, 04:20:44, 22.25, 22.3, 22.61, 22.73, 9999.0, 9999.0, 9999.0, 23.57, 9999.0, 22.0, 9999.0, 22.55, 22.32, 22.18, 22.25, 22.25
2026-09-08, 04:20:48, 22.25, 22.3, 22.61, 22.73, 9999.0, 9999.0, 9999.0, 23.52, 9999.0, 22.02, 9999.0, 22.57, 22.3, 22.18, 22.25, 22.25
2026-09-08, 04:20:53, 22.25, 22.27, 22.64, 22.73, 9999.0, 9999.0, 9999.0, 23.5, 9999.0, 22.02, 9999.0, 22.59, 22.3, 22.2, 22.25, 22.25
2026-09-08, 04:20:57, 22.25, 22.3, 22.66, 22.7, 9999.0, 9999.0, 9999.0, 23.48, 9999.0, 22.05, 9999.0, 22.61, 22.3, 22.23, 22.25, 22.25
2026-09-08, 04:21:01, 22.25, 22.3, 22.68, 22.73, 9999.0, 9999.0, 9999.0, 23.45, 9999.0, 22.07, 9999.0, 22.61, 22.32, 22.23, 22.25, 22.25
2026-09-08, 04:21:05, 22.25, 22.3, 22.7, 22.73, 9999.0, 9999.0, 9999.0, 23.43, 9999.0, 22.09, 9999.0, 22.61, 22.34, 22.23, 22.25, 22.25
2026-09-08, 04:21:09, 22.25, 22.3, 22.7, 22.73, 9999.0, 9999.0, 9999.0, 23.48, 9999.0, 22.11, 9999.0, 22.61, 22.36, 22.23, 22.25, 22.25
2026-09-08, 04:21:13, 22.25, 22.32, 22.7, 22.73, 9999.0, 9999.0, 9999.0, 23.52, 9999.0, 22.11, 9999.0, 22.61, 22.36, 22.2, 22.25, 22.25
2026-09-08, 04:21:17, 22.25, 22.32, 22.73, 22.73, 9999.0, 9999.0, 9999.0, 23.55, 9999.0, 22.14, 9999.0, 22.61, 22.39, 22.18, 22.25, 22.25
2026-09-08, 04:21:21, 22.25, 22.3, 22.73, 22.73, 9999.0, 9999.0, 9999.0, 23.57, 9999.0, 22.14, 9999.0, 22.61, 22.41, 22.16, 22.25, 22.25
2026-09-08, 04:21:25, 22.25, 22.3, 22.73, 22.73, 9999.0, 9999.0, 9999.0, 23.59, 9999.0, 22.14, 9999.0, 22.59, 22.43, 22.16, 22.25, 22.25
2026-09-08, 04:21:29, 22.25, 22.3, 22.75, 22.7, 9999.0, 9999.0, 9999.0, 23.61, 9999.0, 22.16, 9999.0, 22.57, 22.41, 22.18, 22.25, 22.25
2026-09-08, 04:21:33, 22.25, 22.3, 22.75, 22.7, 9999.0, 9999.0, 9999.0, 23.66, 9999.0, 22.14, 9999.0, 22.55, 22.41, 22.18, 22.25, 22.25
2026-09-08, 04:21:37, 22.25, 22.3, 22.75, 22.7, 9999.0, 9999.0, 9999.0, 23.66, 9999.0, 22.14, 9999.0, 22.52, 22.41, 22.18, 22.25, 22.25
2026-09-08, 04:21:41, 22.25, 22.27, 22.75, 22.73, 9999.0, 9999.0, 9999.0, 23.68, 9999.0, 22.11, 9999.0, 22.5, 22.41, 22.18, 22.25, 22.25
2026-09-08, 04:21:45, 22.25, 22.27, 22.75, 22.73, 9999.0, 9999.0, 9999.0, 23.7, 9999.0, 22.09, 9999.0, 22.5, 22.39, 22.18, 22.25, 22.25
2026-09-08, 04:21:49, 22.25, 22.27, 22.75, 22.73, 9999.0, 9999.0, 9999.0, 23.73, 9999.0, 22.07, 9999.0, 22.5, 22.36, 22.18, 22.25, 22.25
2026-09-08, 04:21:53, 22.25, 22.27, 22.75, 22.73, 9999.0, 9999.0, 9999.0, 23.68, 9999.0, 22.05, 9999.0, 22.52, 22.34, 22.18, 22.25, 22.25
2026-09-08, 04:21:57, 22.25, 22.25, 22.75, 22.73, 9999.0, 9999.0, 9999.0, 23.64, 9999.0, 22.02, 9999.0, 22.55, 22.36, 22.2, 22.25, 22.25
2026-09-08, 04:22:01, 22.25, 22.25, 22.75, 22.73, 9999.0, 9999.0, 9999.0, 23.61, 9999.0, 22.0, 9999.0, 22.57, 22.36, 22.23, 22.25, 22.25
2026-09-08, 04:22:05, 22.25, 22.25, 22.75, 22.73, 9999.0, 9999.0, 9999.0, 23.59, 9999.0, 22.02, 9999.0, 22.59, 22.36, 22.25, 22.25, 22.25
2026-09-08, 04:22:09, 22.25, 22.27, 22.75, 22.73, 9999.0, 9999.0, 9999.0, 23.57, 9999.0, 22.02, 9999.0, 22.61, 22.36, 22.25, 22.25, 22.25
2026-09-08, 04:22:13, 22.25, 22.3, 22.75, 22.75, 9999.0, 9999.0, 9999.0, 23.52, 9999.0, 22.05, 9999.0, 22.64, 22.39, 22.25, 22.25, 22.25
2026-09-08, 04:22:17, 22.25, 22.3, 22.75, 22.75, 9999.0, 9999.0, 9999.0, 23.48, 9999.0, 22.09, 9999.0, 22.66, 22.41, 22.25, 22.25, 22.25
2026-09-08, 04:22:21, 22.25, 22.3, 22.75, 22.75, 9999.0, 9999.0, 9999.0, 23.45, 9999.0, 22.11, 9999.0, 22.68, 22.43, 22.25, 22.25, 22.25
2026-09-08, 04:22:25, 22.25, 22.3, 22.75, 22.75, 9999.0, 9999.0, 9999.0, 23.48, 9999.0, 22.14, 9999.0, 22.68, 22.43, 22.25, 22.25, 22.25
2026-09-08, 04:22:29, 22.25, 22.3, 22.75, 22.75, 9999.0, 9999.0, 9999.0, 23.52, 9999.0, 22.16, 9999.0, 22.68, 22.45, 22.25, 22.25, 22.25
2026-09-08, 04:22:33, 22.25, 22.3, 22.75, 22.75, 9999.0, 9999.0, 9999.0, 23.55, 9999.0, 22.18, 9999.0, 22.68, 22.48, 22.25, 22.25, 22.25
2026-09-08, 04:22:37, 22.25, 22.3, 22.75, 22.75, 9999.0, 9999.0, 9999.0, 23.57, 9999.0, 22.2, 9999.0, 22.66, 22.5, 22.25, 22.25, 22.25
2026-09-08, 04:22:41, 22.25, 22.3, 22.75, 22.75, 9999.0, 9999.0, 9999.0, 23.59, 9999.0, 22.23, 9999.0, 22.64, 22.5, 22.25, 22.25, 22.25
2026-09-08, 04:22:45, 22.25, 22.3, 22.75, 22.75, 9999.0, 9999.0, 9999.0, 23.61, 9999.0, 22.23, 9999.0, 22.61, 22.5, 22.25, 22.25, 22.25
2026-09-08, 04:22:49, 22.25, 22.32, 22.75, 22.75, 9999.0, 9999.0, 9999.0, 23.64, 9999.0, 22.23, 9999.0, 22.59, 22.48, 22.25, 22.25, 22.25
2026-09-08, 04:22:53, 22.25, 22.3, 22.75, 22.75, 9999.0, 9999.0, 9999.0, 23.64, 9999.0, 22.25, 9999.0, 22.57, 22.45, 22.25, 22.25, 22.25
2026-09-08, 04:22:57, 22.25, 22.27, 22.75, 22.75, 9999.0, 9999.0, 9999.0, 23.68, 9999.0, 22.25, 9999.0, 22.55, 22.45, 22.25, 22.25, 22.25
2026-09-08, 04:23:01, 22.25, 22.3, 22.75, 22.75, 9999.0, 9999.0, 9999.0, 23.73, 9999.0, 22.2, 9999.0, 22.55, 22.45, 22.25, 22.25, 22.25
2026-09-08, 04:23:05, 22.25, 22.3, 22.75, 22.73, 9999.0, 9999.0, 9999.0, 23.77, 9999.0, 22.18, 9999.0, 22.52, 22.43, 22.25, 22.25, 22.25
2026-09-08, 04:23:09, 22.25, 22.3, 22.75, 22.73, 9999.0, 9999.0, 9999.0, 23.73, 9999.0, 22.16, 9999.0, 22.52, 22.41, 22.25, 22.25, 22.25
2026-09-08, 04:23:13, 22.25, 22.3, 22.75, 22.73, 9999.0, 9999.0, 9999.0, 23.68, 9999.0, 22.14, 9999.0, 22.55, 22.41, 22.25, 22.25, 22.25
2026-09-08, 04:23:17, 22.25, 22.3, 22.75, 22.73, 9999.0, 9999.0, 9999.0, 23.66, 9999.0, 22.11, 9999.0, 22.57, 22.41, 22.25, 22.25, 22.25
2026-09-08, 04:23:21, 22.25, 22.3, 22.75, 22.73, 9999.0, 9999.0, 9999.0, 23.64, 9999.0, 22.09, 9999.0, 22.59, 22.41, 22.25, 22.25, 22.25
2026-09-08, 04:23:25, 22.25, 22.32, 22.75, 22.73, 9999.0, 9999.0, 9999.0, 23.59, 9999.0, 22.09, 9999.0, 22.61, 22.41, 22.23, 22.25, 22.25
2026-09-08, 04:23:29, 22.25, 22.32, 22.75, 22.73, 9999.0, 9999.0, 9999.0, 23.55, 9999.0, 22.11, 9999.0, 22.64, 22.41, 22.2, 22.25, 22.25
2026-09-08, 04:23:33, 22.25, 22.3, 22.75, 22.73, 9999.0, 9999.0, 9999.0, 23.5, 9999.0, 22.14, 9999.0, 22.66, 22.43, 22.2, 22.25, 22.25
2026-09-08, 04:23:37, 22.25, 22.3, 22.75, 22.73, 9999.0, 9999.0, 9999.0, 23.48, 9999.0, 22.16, 9999.0, 22.66, 22.45, 22.2, 22.25, 22.25
2026-09-08, 04:23:41, 22.25, 22.3, 22.75, 22.7, 9999.0, 9999.0, 9999.0, 23.43, 9999.0, 22.16, 9999.0, 22.66, 22.45, 22.2, 22.25, 22.25
2026-09-08, 04:23:45, 22.25, 22.27, 22.75, 22.7, 9999.0, 9999.0, 9999.0, 23.45, 9999.0, 22.2, 9999.0, 22.64, 22.45, 22.2, 22.25, 22.25
2026-09-08, 04:23:49, 22.25, 22.27, 22.75, 22.73, 9999.0, 9999.0, 9999.0, 23.48, 9999.0, 22.25, 9999.0, 22.64, 22.48, 22.2, 22.25, 22.25
2026-09-08, 04:23:53, 22.25, 22.27, 22.75, 22.73, 9999.0, 9999.0, 9999.0, 23.52, 9999.0, 22.27, 9999.0, 22.64, 22.5, 22.2, 22.25, 22.25
2026-09-08, 04:23:57, 22.25, 22.27, 22.75, 22.73, 9999.0, 9999.0, 9999.0, 23.57, 9999.0, 22.3, 9999.0, 22.61, 22.5, 22.18, 22.25, 22.25
2026-09-08, 04:24:01, 22.25, 22.27, 22.75, 22.73, 9999.0, 9999.0, 9999.0, 23.59, 9999.0, 22.32, 9999.0, 22.59, 22.48, 22.18, 22.25, 22.25
2026-09-08, 04:24:05, 22.25, 22.27, 22.73, 22.73, 9999.0, 9999.0, 9999.0, 23.61, 9999.0, 22.34, 9999.0, 22.57, 22.48, 22.18, 22.25, 22.25
2026-09-08, 04:24:09, 22.25, 22.25, 22.73, 22.73, 9999.0, 9999.0, 9999.0, 23.66, 9999.0, 22.34, 9999.0, 22.55, 22.45, 22.2, 22.25, 22.25
2026-09-08, 04:24:13, 22.25, 22.25, 22.73, 22.73, 9999.0, 9999.0, 9999.0, 23.7, 9999.0, 22.34, 9999.0, 22.52, 22.45, 22.2, 22.25, 22.25
2026-09-08, 04:24:17, 22.25, 22.25, 22.73, 22.73, 9999.0, 9999.0, 9999.0, 23.75, 9999.0, 22.3, 9999.0, 22.5, 22.43, 22.2, 22.25, 22.25
2026-09-08, 04:24:21, 22.25, 22.25, 22.73, 22.73, 9999.0, 9999.0, 9999.0, 23.77, 9999.0, 22.25, 9999.0, 22.52, 22.43, 22.18, 22.25, 22.25
2026-09-08, 04:24:25, 22.25, 22.27, 22.7, 22.75, 9999.0, 9999.0, 9999.0, 23.8, 9999.0, 22.23, 9999.0, 22.52, 22.43, 22.18, 22.25, 22.25
2026-09-08, 04:24:29, 22.25, 22.27, 22.68, 22.75, 9999.0, 9999.0, 9999.0, 23.75, 9999.0, 22.2, 9999.0, 22.55, 22.43, 22.18, 22.25, 22.25
2026-09-08, 04:24:33, 22.25, 22.3, 22.68, 22.75, 9999.0, 9999.0, 9999.0, 23.7, 9999.0, 22.16, 9999.0, 22.57, 22.43, 22.18, 22.25, 22.25
2026-09-08, 04:24:37, 22.25, 22.3, 22.68, 22.75, 9999.0, 9999.0, 9999.0, 23.64, 9999.0, 22.14, 9999.0, 22.59, 22.43, 22.16, 22.25, 22.25
2026-09-08, 04:24:41, 22.25, 22.3, 22.68, 22.75, 9999.0, 9999.0, 9999.0, 23.57, 9999.0, 22.14, 9999.0, 22.61, 22.43, 22.18, 22.25, 22.25
2026-09-08, 04:24:46, 22.25, 22.3, 22.68, 22.73, 9999.0, 9999.0, 9999.0, 23.55, 9999.0, 22.14, 9999.0, 22.64, 22.45, 22.18, 22.25, 22.25
2026-09-08, 04:24:50, 22.25, 22.32, 22.68, 22.73, 9999.0, 9999.0, 9999.0, 23.5, 9999.0, 22.16, 9999.0, 22.66, 22.45, 22.18, 22.25, 22.25
2026-09-08, 04:24:54, 22.25, 22.34, 22.68, 22.7, 9999.0, 9999.0, 9999.0, 23.45, 9999.0, 22.18, 9999.0, 22.66, 22.48, 22.18, 22.25, 22.25
2026-09-08, 04:24:58, 22.25, 22.36, 22.68, 22.7, 9999.0, 9999.0, 9999.0, 23.41, 9999.0, 22.2, 9999.0, 22.68, 22.48, 22.2, 22.25, 22.25
2026-09-08, 04:25:02, 22.25, 22.36, 22.66, 22.68, 9999.0, 9999.0, 9999.0, 23.43, 9999.0, 22.25, 9999.0, 22.68, 22.5, 22.18, 22.25, 22.25
2026-09-08, 04:25:06, 22.25, 22.36, 22.66, 22.68, 9999.0, 9999.0, 9999.0, 23.48, 9999.0, 22.3, 9999.0, 22.68, 22.5, 22.2, 22.25, 22.25
2026-09-08, 04:25:10, 22.25, 22.34, 22.68, 22.68, 9999.0, 9999.0, 9999.0, 23.52, 9999.0, 22.32, 9999.0, 22.68, 22.48, 22.2, 22.25, 22.25
2026-09-08, 04:25:14, 22.25, 22.34, 22.7, 22.68, 9999.0, 9999.0, 9999.0, 23.55, 9999.0, 22.32, 9999.0, 22.66, 22.45, 22.2, 22.25, 22.25
2026-09-08, 04:25:18, 22.25, 22.32, 22.7, 22.68, 9999.0, 9999.0, 9999.0, 23.57, 9999.0, 22.34, 9999.0, 22.64, 22.43, 22.2, 22.25, 22.25
2026-09-08, 04:25:22, 22.25, 22.34, 22.7, 22.68, 9999.0, 9999.0, 9999.0, 23.61, 9999.0, 22.36, 9999.0, 22.61, 22.43, 22.23, 22.25, 22.25
2026-09-08, 04:25:26, 22.25, 22.36, 22.68, 22.68, 9999.0, 9999.0, 9999.0, 23.66, 9999.0, 22.36, 9999.0, 22.59, 22.43, 22.2, 22.25, 22.25
2026-09-08, 04:25:30, 22.25, 22.39, 22.68, 22.7, 9999.0, 9999.0, 9999.0, 23.68, 9999.0, 22.36, 9999.0, 22.57, 22.41, 22.2, 22.25, 22.25
2026-09-08, 04:25:34, 22.25, 22.39, 22.68, 22.7, 9999.0, 9999.0, 9999.0, 23.73, 9999.0, 22.34, 9999.0, 22.55, 22.39, 22.18, 22.25, 22.25
2026-09-08, 04:25:38, 22.23, 22.39, 22.68, 22.7, 9999.0, 9999.0, 9999.0, 23.77, 9999.0, 22.32, 9999.0, 22.57, 22.36, 22.18, 22.25, 22.25
2026-09-08, 04:25:42, 22.23, 22.36, 22.68, 22.68, 9999.0, 9999.0, 9999.0, 23.82, 9999.0, 22.3, 9999.0, 22.57, 22.34, 22.18, 22.25, 22.25
2026-09-08, 04:25:46, 22.23, 22.36, 22.7, 22.7, 9999.0, 9999.0, 9999.0, 23.77, 9999.0, 22.27, 9999.0, 22.59, 22.34, 22.18, 22.25, 22.25
2026-09-08, 04:25:50, 22.23, 22.39, 22.68, 22.7, 9999.0, 9999.0, 9999.0, 23.73, 9999.0, 22.25, 9999.0, 22.59, 22.34, 22.18, 22.25, 22.25
2026-09-08, 04:25:54, 22.23, 22.39, 22.68, 22.7, 9999.0, 9999.0, 9999.0, 23.68, 9999.0, 22.23, 9999.0, 22.61, 22.36, 22.18, 22.25, 22.25
2026-09-08, 04:25:58, 22.23, 22.39, 22.68, 22.68, 9999.0, 9999.0, 9999.0, 23.66, 9999.0, 22.23, 9999.0, 22.64, 22.39, 22.18, 22.25, 22.25
2026-09-08, 04:26:02, 22.23, 22.39, 22.68, 22.68, 9999.0, 9999.0, 9999.0, 23.64, 9999.0, 22.23, 9999.0, 22.66, 22.39, 22.16, 22.25, 22.25
2026-09-08, 04:26:06, 22.23, 22.36, 22.66, 22.68, 9999.0, 9999.0, 9999.0, 23.59, 9999.0, 22.23, 9999.0, 22.66, 22.39, 22.16, 22.25, 22.25
2026-09-08, 04:26:10, 22.2, 22.34, 22.68, 22.66, 9999.0, 9999.0, 9999.0, 23.55, 9999.0, 22.25, 9999.0, 22.68, 22.39, 22.18, 22.25, 22.25
2026-09-08, 04:26:14, 22.2, 22.34, 22.68, 22.66, 9999.0, 9999.0, 9999.0, 23.5, 9999.0, 22.27, 9999.0, 22.7, 22.41, 22.16, 22.25, 22.25
2026-09-08, 04:26:18, 22.2, 22.32, 22.7, 22.64, 9999.0, 9999.0, 9999.0, 23.52, 9999.0, 22.3, 9999.0, 22.7, 22.43, 22.18, 22.25, 22.25
2026-09-08, 04:26:22, 22.23, 22.32, 22.68, 22.66, 9999.0, 9999.0, 9999.0, 23.55, 9999.0, 22.32, 9999.0, 22.68, 22.45, 22.18, 22.25, 22.25
2026-09-08, 04:26:26, 22.23, 22.34, 22.68, 22.66, 9999.0, 9999.0, 9999.0, 23.57, 9999.0, 22.34, 9999.0, 22.66, 22.48, 22.18, 22.25, 22.25
2026-09-08, 04:26:30, 22.23, 22.36, 22.68, 22.66, 9999.0, 9999.0, 9999.0, 23.61, 9999.0, 22.36, 9999.0, 22.64, 22.48, 22.2, 22.25, 22.25
2026-09-08, 04:26:34, 22.23, 22.34, 22.7, 22.66, 9999.0, 9999.0, 9999.0, 23.66, 9999.0, 22.36, 9999.0, 22.61, 22.48, 22.2, 22.25, 22.25
2026-09-08, 04:26:38, 22.23, 22.36, 22.68, 22.64, 9999.0, 9999.0, 9999.0, 23.68, 9999.0, 22.39, 9999.0, 22.59, 22.48, 22.2, 22.25, 22.25
2026-09-08, 04:26:42, 22.23, 22.36, 22.66, 22.66, 9999.0, 9999.0, 9999.0, 23.7, 9999.0, 22.39, 9999.0, 22.57, 22.45, 22.2, 22.25, 22.25
2026-09-08, 04:26:46, 22.23, 22.36, 22.66, 22.66, 9999.0, 9999.0, 9999.0, 23.73, 9999.0, 22.39, 9999.0, 22.55, 22.45, 22.23, 22.25, 22.25
2026-09-08, 04:26:50, 22.23, 22.36, 22.68, 22.66, 9999.0, 9999.0, 9999.0, 23.8, 9999.0, 22.39, 9999.0, 22.55, 22.45, 22.23, 22.25, 22.25
2026-09-08, 04:26:54, 22.25, 22.36, 22.68, 22.68, 9999.0, 9999.0, 9999.0, 23.84, 9999.0, 22.36, 9999.0, 22.55, 22.43, 22.23, 22.25, 22.25
2026-09-08, 04:26:58, 22.25, 22.34, 22.68, 22.68, 9999.0, 9999.0, 9999.0, 23.89, 9999.0, 22.34, 9999.0, 22.52, 22.41, 22.25, 22.25, 22.25
2026-09-08, 04:27:02, 22.25, 22.34, 22.68, 22.7, 9999.0, 9999.0, 9999.0, 23.84, 9999.0, 22.32, 9999.0, 22.55, 22.39, 22.23, 22.25, 22.25
2026-09-08, 04:27:06, 22.25, 22.32, 22.7, 22.7, 9999.0, 9999.0, 9999.0, 23.82, 9999.0, 22.3, 9999.0, 22.57, 22.39, 22.23, 22.25, 22.25
2026-09-08, 04:27:10, 22.25, 22.32, 22.7, 22.73, 9999.0, 9999.0, 9999.0, 23.77, 9999.0, 22.27, 9999.0, 22.59, 22.39, 22.23, 22.25, 22.25
2026-09-08, 04:27:14, 22.25, 22.3, 22.7, 22.73, 9999.0, 9999.0, 9999.0, 23.73, 9999.0, 22.25, 9999.0, 22.61, 22.36, 22.23, 22.25, 22.25
2026-09-08, 04:27:18, 22.25, 22.3, 22.7, 22.73, 9999.0, 9999.0, 9999.0, 23.68, 9999.0, 22.27, 9999.0, 22.64, 22.36, 22.23, 22.25, 22.25
2026-09-08, 04:27:22, 22.25, 22.3, 22.73, 22.73, 9999.0, 9999.0, 9999.0, 23.66, 9999.0, 22.3, 9999.0, 22.66, 22.34, 22.23, 22.25, 22.25
2026-09-08, 04:27:26, 22.25, 22.3, 22.73, 22.73, 9999.0, 9999.0, 9999.0, 23.64, 9999.0, 22.34, 9999.0, 22.66, 22.36, 22.2, 22.25, 22.25
2026-09-08, 04:27:30, 22.25, 22.3, 22.73, 22.7, 9999.0, 9999.0, 9999.0, 23.59, 9999.0, 22.36, 9999.0, 22.66, 22.36, 22.2, 22.25, 22.25
2026-09-08, 04:27:34, 22.25, 22.3, 22.7, 22.7, 9999.0, 9999.0, 9999.0, 23.52, 9999.0, 22.39, 9999.0, 22.66, 22.36, 22.2, 22.25, 22.25
2026-09-08, 04:27:38, 22.25, 22.3, 22.7, 22.7, 9999.0, 9999.0, 9999.0, 23.57, 9999.0, 22.41, 9999.0, 22.64, 22.36, 22.18, 22.25, 22.25
2026-09-08, 04:27:42, 22.25, 22.32, 22.7, 22.7, 9999.0, 9999.0, 9999.0, 23.61, 9999.0, 22.43, 9999.0, 22.64, 22.36, 22.18, 22.25, 22.25
2026-09-08, 04:27:46, 22.25, 22.32, 22.7, 22.7, 9999.0, 9999.0, 9999.0, 23.66, 9999.0, 22.45, 9999.0, 22.61, 22.36, 22.18, 22.25, 22.25
2026-09-08, 04:27:50, 22.25, 22.32, 22.7, 22.7, 9999.0, 9999.0, 9999.0, 23.68, 9999.0, 22.48, 9999.0, 22.59, 22.34, 22.18, 22.25, 22.25
2026-09-08, 04:27:54, 22.25, 22.3, 22.7, 22.7, 9999.0, 9999.0, 9999.0, 23.73, 9999.0, 22.5, 9999.0, 22.57, 22.34, 22.16, 22.25, 22.25
2026-09-08, 04:27:58, 22.25, 22.3, 22.68, 22.68, 9999.0, 9999.0, 9999.0, 23.77, 9999.0, 22.52, 9999.0, 22.55, 22.34, 22.16, 22.25, 22.25
2026-09-08, 04:28:02, 22.25, 22.32, 22.68, 22.66, 9999.0, 9999.0, 9999.0, 23.8, 9999.0, 22.52, 9999.0, 22.52, 22.32, 22.14, 22.25, 22.25
2026-09-08, 04:28:06, 22.25, 22.3, 22.68, 22.68, 9999.0, 9999.0, 9999.0, 23.82, 9999.0, 22.52, 9999.0, 22.5, 22.32, 22.14, 22.25, 22.25
2026-09-08, 04:28:10, 22.25, 22.3, 22.68, 22.68, 9999.0, 9999.0, 9999.0, 23.84, 9999.0, 22.5, 9999.0, 22.5, 22.32, 22.16, 22.25, 22.25
2026-09-08, 04:28:14, 22.25, 22.3, 22.68, 22.7, 9999.0, 9999.0, 9999.0, 23.89, 9999.0, 22.48, 9999.0, 22.5, 22.32, 22.16, 22.25, 22.25
2026-09-08, 04:28:18, 22.25, 22.32, 22.7, 22.7, 9999.0, 9999.0, 9999.0, 23.93, 9999.0, 22.45, 9999.0, 22.5, 22.3, 22.16, 22.25, 22.25
2026-09-08, 04:28:22, 22.25, 22.34, 22.7, 22.7, 9999.0, 9999.0, 9999.0, 23.89, 9999.0, 22.43, 9999.0, 22.52, 22.32, 22.18, 22.25, 22.23
2026-09-08, 04:28:26, 22.25, 22.32, 22.7, 22.68, 9999.0, 9999.0, 9999.0, 23.84, 9999.0, 22.41, 9999.0, 22.55, 22.34, 22.18, 22.25, 22.23
2026-09-08, 04:28:30, 22.25, 22.32, 22.7, 22.68, 9999.0, 9999.0, 9999.0, 23.8, 9999.0, 22.39, 9999.0, 22.57, 22.36, 22.2, 22.25, 22.23
2026-09-08, 04:28:34, 22.23, 22.32, 22.7, 22.68, 9999.0, 9999.0, 9999.0, 23.75, 9999.0, 22.39, 9999.0, 22.59, 22.39, 22.2, 22.25, 22.23
2026-09-08, 04:28:39, 22.23, 22.32, 22.7, 22.68, 9999.0, 9999.0, 9999.0, 23.7, 9999.0, 22.39, 9999.0, 22.59, 22.39, 22.23, 22.25, 22.23
2026-09-08, 04:28:43, 22.23, 22.32, 22.73, 22.7, 9999.0, 9999.0, 9999.0, 23.66, 9999.0, 22.39, 9999.0, 22.61, 22.41, 22.23, 22.25, 22.23
2026-09-08, 04:28:47, 22.23, 22.3, 22.7, 22.7, 9999.0, 9999.0, 9999.0, 23.64, 9999.0, 22.39, 9999.0, 22.61, 22.43, 22.25, 22.25, 22.23
2026-09-08, 04:28:51, 22.2, 22.3, 22.7, 22.68, 9999.0, 9999.0, 9999.0, 23.61, 9999.0, 22.39, 9999.0, 22.61, 22.45, 22.25, 22.25, 22.23
2026-09-08, 04:28:55, 22.2, 22.32, 22.73, 22.68, 9999.0, 9999.0, 9999.0, 23.66, 9999.0, 22.39, 9999.0, 22.61, 22.45, 22.25, 22.25, 22.23
2026-09-08, 04:28:59, 22.2, 22.32, 22.73, 22.66, 9999.0, 9999.0, 9999.0, 23.7, 9999.0, 22.41, 9999.0, 22.61, 22.45, 22.25, 22.25, 22.23
2026-09-08, 04:29:03, 22.2, 22.3, 22.7, 22.66, 9999.0, 9999.0, 9999.0, 23.73, 9999.0, 22.43, 9999.0, 22.61, 22.48, 22.23, 22.25, 22.2
2026-09-08, 04:29:07, 22.2, 22.27, 22.7, 22.66, 9999.0, 9999.0, 9999.0, 23.75, 9999.0, 22.45, 9999.0, 22.59, 22.48, 22.23, 22.25, 22.23
2026-09-08, 04:29:11, 22.2, 22.27, 22.7, 22.68, 9999.0, 9999.0, 9999.0, 23.77, 9999.0, 22.48, 9999.0, 22.57, 22.48, 22.23, 22.25, 22.23
2026-09-08, 04:29:15, 22.2, 22.3, 22.7, 22.66, 9999.0, 9999.0, 9999.0, 23.82, 9999.0, 22.5, 9999.0, 22.55, 22.45, 22.23, 22.25, 22.23
2026-09-08, 04:29:19, 22.23, 22.3, 22.68, 22.64, 9999.0, 9999.0, 9999.0, 23.84, 9999.0, 22.5, 9999.0, 22.52, 22.43, 22.23, 22.25, 22.23
2026-09-08, 04:29:23, 22.23, 22.3, 22.66, 22.64, 9999.0, 9999.0, 9999.0, 23.86, 9999.0, 22.5, 9999.0, 22.52, 22.41, 22.2, 22.25, 22.23
2026-09-08, 04:29:27, 22.23, 22.3, 22.64, 22.64, 9999.0, 9999.0, 9999.0, 23.89, 9999.0, 22.5, 9999.0, 22.5, 22.39, 22.2, 22.25, 22.23
2026-09-08, 04:29:31, 22.23, 22.3, 22.66, 22.66, 9999.0, 9999.0, 9999.0, 23.91, 9999.0, 22.5, 9999.0, 22.5, 22.36, 22.18, 22.25, 22.23
2026-09-08, 04:29:35, 22.25, 22.3, 22.66, 22.66, 9999.0, 9999.0, 9999.0, 23.93, 9999.0, 22.48, 9999.0, 22.5, 22.34, 22.18, 22.25, 22.23
2026-09-08, 04:29:39, 22.25, 22.27, 22.66, 22.64, 9999.0, 9999.0, 9999.0, 23.89, 9999.0, 22.48, 9999.0, 22.52, 22.34, 22.18, 22.25, 22.23
2026-09-08, 04:29:43, 22.25, 22.27, 22.64, 22.66, 9999.0, 9999.0, 9999.0, 23.84, 9999.0, 22.48, 9999.0, 22.55, 22.36, 22.16, 22.25, 22.23
2026-09-08, 04:29:47, 22.25, 22.3, 22.66, 22.66, 9999.0, 9999.0, 9999.0, 23.82, 9999.0, 22.48, 9999.0, 22.57, 22.34, 22.18, 22.25, 22.25
2026-09-08, 04:29:51, 22.25, 22.3, 22.66, 22.64, 9999.0, 9999.0, 9999.0, 23.77, 9999.0, 22.48, 9999.0, 22.59, 22.32, 22.18, 22.25, 22.25
2026-09-08, 04:29:55, 22.25, 22.32, 22.66, 22.61, 9999.0, 9999.0, 9999.0, 23.73, 9999.0, 22.48, 9999.0, 22.61, 22.32, 22.18, 22.25, 22.25
2026-09-08, 04:29:59, 22.25, 22.3, 22.64, 22.64, 9999.0, 9999.0, 9999.0, 23.68, 9999.0, 22.48, 9999.0, 22.61, 22.32, 22.18, 22.25, 22.25
2026-09-08, 04:30:03, 22.25, 22.32, 22.66, 22.64, 9999.0, 9999.0, 9999.0, 23.66, 9999.0, 22.5, 9999.0, 22.64, 22.34, 22.18, 22.25, 22.25
2026-09-08, 04:30:07, 22.25, 22.32, 22.68, 22.64, 9999.0, 9999.0, 9999.0, 23.64, 9999.0, 22.52, 9999.0, 22.66, 22.36, 22.2, 22.25, 22.25
2026-09-08, 04:30:11, 22.25, 22.32, 22.7, 22.61, 9999.0, 9999.0, 9999.0, 23.68, 9999.0, 22.55, 9999.0, 22.66, 22.36, 22.2, 22.25, 22.25
2026-09-08, 04:30:15, 22.25, 22.32, 22.7, 22.59, 9999.0, 9999.0, 9999.0, 23.73, 9999.0, 22.57, 9999.0, 22.66, 22.39, 22.2, 22.25, 22.25
2026-09-08, 04:30:19, 22.25, 22.32, 22.68, 22.61, 9999.0, 9999.0, 9999.0, 23.75, 9999.0, 22.59, 9999.0, 22.66, 22.41, 22.2, 22.25, 22.25
2026-09-08, 04:30:23, 22.25, 22.34, 22.66, 22.64, 9999.0, 9999.0, 9999.0, 23.77, 9999.0, 22.59, 9999.0, 22.64, 22.41, 22.2, 22.25, 22.25
2026-09-08, 04:30:27, 22.25, 22.34, 22.68, 22.61, 9999.0, 9999.0, 9999.0, 23.8, 9999.0, 22.59, 9999.0, 22.61, 22.39, 22.23, 22.25, 22.25
2026-09-08, 04:30:31, 22.25, 22.32, 22.66, 22.59, 9999.0, 9999.0, 9999.0, 23.82, 9999.0, 22.59, 9999.0, 22.59, 22.39, 22.23, 22.25, 22.25
2026-09-08, 04:30:35, 22.25, 22.32, 22.66, 22.61, 9999.0, 9999.0, 9999.0, 23.86, 9999.0, 22.59, 9999.0, 22.57, 22.41, 22.2, 22.25, 22.25
2026-09-08, 04:30:39, 22.25, 22.3, 22.66, 22.64, 9999.0, 9999.0, 9999.0, 23.91, 9999.0, 22.59, 9999.0, 22.55, 22.39, 22.18, 22.23, 22.25
2026-09-08, 04:30:43, 22.25, 22.3, 22.66, 22.64, 9999.0, 9999.0, 9999.0, 23.95, 9999.0, 22.59, 9999.0, 22.55, 22.41, 22.18, 22.23, 22.25
2026-09-08, 04:30:47, 22.25, 22.3, 22.66, 22.64, 9999.0, 9999.0, 9999.0, 24.0, 9999.0, 22.57, 9999.0, 22.52, 22.39, 22.18, 22.23, 22.25
2026-09-08, 04:30:51, 22.25, 22.3, 22.66, 22.64, 9999.0, 9999.0, 9999.0, 24.02, 9999.0, 22.55, 9999.0, 22.5, 22.36, 22.16, 22.23, 22.25
2026-09-08, 04:30:55, 22.25, 22.3, 22.66, 22.64, 9999.0, 9999.0, 9999.0, 23.98, 9999.0, 22.52, 9999.0, 22.5, 22.36, 22.16, 22.23, 22.25
2026-09-08, 04:30:59, 22.25, 22.3, 22.66, 22.64, 9999.0, 9999.0, 9999.0, 23.93, 9999.0, 22.5, 9999.0, 22.52, 22.36, 22.18, 22.23, 22.25
2026-09-08, 04:31:03, 22.25, 22.3, 22.68, 22.64, 9999.0, 9999.0, 9999.0, 23.91, 9999.0, 22.48, 9999.0, 22.55, 22.36, 22.18, 22.23, 22.25
2026-09-08, 04:31:07, 22.25, 22.3, 22.68, 22.64, 9999.0, 9999.0, 9999.0, 23.86, 9999.0, 22.5, 9999.0, 22.57, 22.36, 22.16, 22.23, 22.25
2026-09-08, 04:31:11, 22.25, 22.3, 22.66, 22.66, 9999.0, 9999.0, 9999.0, 23.84, 9999.0, 22.5, 9999.0, 22.59, 22.36, 22.14, 22.23, 22.25
2026-09-08, 04:31:15, 22.23, 22.3, 22.66, 22.68, 9999.0, 9999.0, 9999.0, 23.8, 9999.0, 22.5, 9999.0, 22.59, 22.39, 22.11, 22.23, 22.25
2026-09-08, 04:31:19, 22.2, 22.3, 22.66, 22.68, 9999.0, 9999.0, 9999.0, 23.75, 9999.0, 22.52, 9999.0, 22.59, 22.39, 22.11, 22.23, 22.25
2026-09-08, 04:31:23, 22.2, 22.3, 22.64, 22.66, 9999.0, 9999.0, 9999.0, 23.7, 9999.0, 22.55, 9999.0, 22.59, 22.41, 22.14, 22.25, 22.25
2026-09-08, 04:31:27, 22.2, 22.32, 22.64, 22.64, 9999.0, 9999.0, 9999.0, 23.66, 9999.0, 22.57, 9999.0, 22.59, 22.39, 22.14, 22.25, 22.25
2026-09-08, 04:31:31, 22.2, 22.32, 22.64, 22.64, 9999.0, 9999.0, 9999.0, 23.68, 9999.0, 22.59, 9999.0, 22.59, 22.39, 22.11, 22.25, 22.25
2026-09-08, 04:31:35, 22.2, 22.32, 22.61, 22.64, 9999.0, 9999.0, 9999.0, 23.73, 9999.0, 22.61, 9999.0, 22.59, 22.41, 22.14, 22.25, 22.25
2026-09-08, 04:31:39, 22.2, 22.32, 22.61, 22.66, 9999.0, 9999.0, 9999.0, 23.77, 9999.0, 22.61, 9999.0, 22.59, 22.43, 22.14, 22.25, 22.25
2026-09-08, 04:31:43, 22.2, 22.32, 22.61, 22.68, 9999.0, 9999.0, 9999.0, 23.82, 9999.0, 22.61, 9999.0, 22.57, 22.41, 22.11, 22.23, 22.25
2026-09-08, 04:31:47, 22.2, 22.34, 22.61, 22.66, 9999.0, 9999.0, 9999.0, 23.84, 9999.0, 22.64, 9999.0, 22.55, 22.39, 22.11, 22.23, 22.23
2026-09-08, 04:31:51, 22.2, 22.34, 22.64, 22.64, 9999.0, 9999.0, 9999.0, 23.89, 9999.0, 22.61, 9999.0, 22.52, 22.36, 22.14, 22.23, 22.2
2026-09-08, 04:31:55, 22.2, 22.34, 22.64, 22.61, 9999.0, 9999.0, 9999.0, 23.91, 9999.0, 22.61, 9999.0, 22.5, 22.39, 22.16, 22.23, 22.2
2026-09-08, 04:31:59, 22.23, 22.34, 22.66, 22.59, 9999.0, 9999.0, 9999.0, 23.95, 9999.0, 22.61, 9999.0, 22.5, 22.36, 22.16, 22.23, 22.2
2026-09-08, 04:32:03, 22.25, 22.34, 22.64, 22.59, 9999.0, 9999.0, 9999.0, 24.0, 9999.0, 22.59, 9999.0, 22.5, 22.36, 22.16, 22.23, 22.2
2026-09-08, 04:32:07, 22.25, 22.34, 22.64, 22.59, 9999.0, 9999.0, 9999.0, 24.05, 9999.0, 22.57, 9999.0, 22.5, 22.36, 22.16, 22.2, 22.18
2026-09-08, 04:32:11, 22.25, 22.34, 22.66, 22.59, 9999.0, 9999.0, 9999.0, 24.09, 9999.0, 22.55, 9999.0, 22.5, 22.36, 22.14, 22.2, 22.16
2026-09-08, 04:32:15, 22.25, 22.32, 22.66, 22.61, 9999.0, 9999.0, 9999.0, 24.05, 9999.0, 22.52, 9999.0, 22.52, 22.36, 22.16, 22.2, 22.16
2026-09-08, 04:32:19, 22.25, 22.32, 22.68, 22.59, 9999.0, 9999.0, 9999.0, 24.0, 9999.0, 22.5, 9999.0, 22.55, 22.36, 22.16, 22.2, 22.16
2026-09-08, 04:32:23, 22.25, 22.32, 22.66, 22.59, 9999.0, 9999.0, 9999.0, 23.95, 9999.0, 22.5, 9999.0, 22.57, 22.34, 22.16, 22.2, 22.16
2026-09-08, 04:32:27, 22.25, 22.32, 22.64, 22.57, 9999.0, 9999.0, 9999.0, 23.91, 9999.0, 22.52, 9999.0, 22.59, 22.34, 22.18, 22.23, 22.16
2026-09-08, 04:32:32, 22.25, 22.3, 22.61, 22.57, 9999.0, 9999.0, 9999.0, 23.86, 9999.0, 22.52, 9999.0, 22.61, 22.34, 22.18, 22.23, 22.18
2026-09-08, 04:32:36, 22.25, 22.27, 22.59, 22.57, 9999.0, 9999.0, 9999.0, 23.82, 9999.0, 22.55, 9999.0, 22.61, 22.34, 22.18, 22.23, 22.2
2026-09-08, 04:32:40, 22.25, 22.3, 22.61, 22.57, 9999.0, 9999.0, 9999.0, 23.77, 9999.0, 22.57, 9999.0, 22.61, 22.34, 22.16, 22.23, 22.2
2026-09-08, 04:32:44, 22.25, 22.3, 22.59, 22.57, 9999.0, 9999.0, 9999.0, 23.73, 9999.0, 22.59, 9999.0, 22.61, 22.36, 22.18, 22.23, 22.2
2026-09-08, 04:32:48, 22.25, 22.3, 22.59, 22.57, 9999.0, 9999.0, 9999.0, 23.75, 9999.0, 22.61, 9999.0, 22.61, 22.36, 22.18, 22.23, 22.2
2026-09-08, 04:32:52, 22.25, 22.3, 22.59, 22.57, 9999.0, 9999.0, 9999.0, 23.77, 9999.0, 22.61, 9999.0, 22.61, 22.36, 22.18, 22.25, 22.23
2026-09-08, 04:32:56, 22.23, 22.27, 22.59, 22.57, 9999.0, 9999.0, 9999.0, 23.77, 9999.0, 22.61, 9999.0, 22.61, 22.39, 22.2, 22.25, 22.25
2026-09-08, 04:33:00, 22.23, 22.3, 22.57, 22.57, 9999.0, 9999.0, 9999.0, 23.8, 9999.0, 22.61, 9999.0, 22.59, 22.39, 22.18, 22.25, 22.23
2026-09-08, 04:33:04, 22.23, 22.3, 22.55, 22.57, 9999.0, 9999.0, 9999.0, 23.82, 9999.0, 22.61, 9999.0, 22.57, 22.39, 22.16, 22.25, 22.23
2026-09-08, 04:33:08, 22.23, 22.32, 22.55, 22.55, 9999.0, 9999.0, 9999.0, 23.84, 9999.0, 22.61, 9999.0, 22.55, 22.39, 22.16, 22.25, 22.23
2026-09-08, 04:33:12, 22.23, 22.32, 22.55, 22.55, 9999.0, 9999.0, 9999.0, 23.86, 9999.0, 22.59, 9999.0, 22.52, 22.41, 22.16, 22.23, 22.23
2026-09-08, 04:33:16, 22.23, 22.34, 22.57, 22.55, 9999.0, 9999.0, 9999.0, 23.91, 9999.0, 22.59, 9999.0, 22.5, 22.43, 22.14, 22.23, 22.23
2026-09-08, 04:33:20, 22.23, 22.34, 22.57, 22.55, 9999.0, 9999.0, 9999.0, 23.95, 9999.0, 22.57, 9999.0, 22.5, 22.43, 22.11, 22.23, 22.23
2026-09-08, 04:33:24, 22.23, 22.32, 22.57, 22.55, 9999.0, 9999.0, 9999.0, 23.98, 9999.0, 22.55, 9999.0, 22.5, 22.41, 22.14, 22.23, 22.23
2026-09-08, 04:33:28, 22.23, 22.32, 22.59, 22.55, 9999.0, 9999.0, 9999.0, 24.0, 9999.0, 22.5, 9999.0, 22.5, 22.39, 22.14, 22.23, 22.2
2026-09-08, 04:33:32, 22.23, 22.32, 22.61, 22.52, 9999.0, 9999.0, 9999.0, 23.95, 9999.0, 22.48, 9999.0, 22.52, 22.39, 22.14, 22.23, 22.2
2026-09-08, 04:33:36, 22.23, 22.32, 22.64, 22.52, 9999.0, 9999.0, 9999.0, 23.91, 9999.0, 22.45, 9999.0, 22.55, 22.36, 22.14, 22.23, 22.2
2026-09-08, 04:33:40, 22.25, 22.32, 22.61, 22.55, 9999.0, 9999.0, 9999.0, 23.89, 9999.0, 22.43, 9999.0, 22.57, 22.36, 22.14, 22.23, 22.2
2026-09-08, 04:33:44, 22.25, 22.3, 22.61, 22.52, 9999.0, 9999.0, 9999.0, 23.86, 9999.0, 22.43, 9999.0, 22.59, 22.39, 22.16, 22.23, 22.23
2026-09-08, 04:33:48, 22.25, 22.32, 22.64, 22.52, 9999.0, 9999.0, 9999.0, 23.82, 9999.0, 22.43, 9999.0, 22.61, 22.36, 22.18, 22.23, 22.2
2026-09-08, 04:33:52, 22.25, 22.32, 22.64, 22.52, 9999.0, 9999.0, 9999.0, 23.77, 9999.0, 22.45, 9999.0, 22.61, 22.39, 22.18, 22.23, 22.18
2026-09-08, 04:33:56, 22.25, 22.32, 22.66, 22.52, 9999.0, 9999.0, 9999.0, 23.75, 9999.0, 22.48, 9999.0, 22.61, 22.39, 22.16, 22.25, 22.18
2026-09-08, 04:34:00, 22.25, 22.3, 22.64, 22.52, 9999.0, 9999.0, 9999.0, 23.7, 9999.0, 22.5, 9999.0, 22.61, 22.39, 22.16, 22.25, 22.18
2026-09-08, 04:34:04, 22.25, 22.3, 22.64, 22.52, 9999.0, 9999.0, 9999.0, 23.73, 9999.0, 22.5, 9999.0, 22.61, 22.39, 22.18, 22.25, 22.18
2026-09-08, 04:34:08, 22.25, 22.3, 22.64, 22.52, 9999.0, 9999.0, 9999.0, 23.77, 9999.0, 22.5, 9999.0, 22.61, 22.41, 22.16, 22.25, 22.16
2026-09-08, 04:34:12, 22.25, 22.3, 22.61, 22.52, 9999.0, 9999.0, 9999.0, 23.8, 9999.0, 22.52, 9999.0, 22.61, 22.43, 22.14, 22.25, 22.18
2026-09-08, 04:34:16, 22.25, 22.32, 22.59, 22.52, 9999.0, 9999.0, 9999.0, 23.82, 9999.0, 22.52, 9999.0, 22.59, 22.43, 22.14, 22.23, 22.18
2026-09-08, 04:34:20, 22.25, 22.34, 22.59, 22.52, 9999.0, 9999.0, 9999.0, 23.84, 9999.0, 22.55, 9999.0, 22.57, 22.43, 22.14, 22.23, 22.18
2026-09-08, 04:34:24, 22.25, 22.36, 22.61, 22.5, 9999.0, 9999.0, 9999.0, 23.86, 9999.0, 22.57, 9999.0, 22.55, 22.41, 22.14, 22.23, 22.18
2026-09-08, 04:34:28, 22.25, 22.36, 22.64, 22.5, 9999.0, 9999.0, 9999.0, 23.89, 9999.0, 22.57, 9999.0, 22.52, 22.39, 22.11, 22.2, 22.18
2026-09-08, 04:34:32, 22.25, 22.34, 22.64, 22.5, 9999.0, 9999.0, 9999.0, 23.91, 9999.0, 22.57, 9999.0, 22.5, 22.39, 22.11, 22.2, 22.18
2026-09-08, 04:34:36, 22.25, 22.32, 22.64, 22.5, 9999.0, 9999.0, 9999.0, 23.95, 9999.0, 22.52, 9999.0, 22.5, 22.36, 22.09, 22.2, 22.18
2026-09-08, 04:34:40, 22.25, 22.32, 22.61, 22.5, 9999.0, 9999.0, 9999.0, 23.98, 9999.0, 22.48, 9999.0, 22.5, 22.34, 22.09, 22.2, 22.18
2026-09-08, 04:34:44, 22.25, 22.32, 22.64, 22.5, 9999.0, 9999.0, 9999.0, 24.0, 9999.0, 22.43, 9999.0, 22.5, 22.32, 22.09, 22.2, 22.18
2026-09-08, 04:34:48, 22.25, 22.32, 22.64, 22.5, 9999.0, 9999.0, 9999.0, 23.95, 9999.0, 22.41, 9999.0, 22.52, 22.32, 22.09, 22.2, 22.16
2026-09-08, 04:34:52, 22.25, 22.34, 22.61, 22.5, 9999.0, 9999.0, 9999.0, 23.91, 9999.0, 22.39, 9999.0, 22.55, 22.3, 22.11, 22.2, 22.18
2026-09-08, 04:34:56, 22.25, 22.34, 22.61, 22.5, 9999.0, 9999.0, 9999.0, 23.89, 9999.0, 22.36, 9999.0, 22.57, 22.27, 22.14, 22.2, 22.18
2026-09-08, 04:35:00, 22.25, 22.34, 22.61, 22.5, 9999.0, 9999.0, 9999.0, 23.86, 9999.0, 22.36, 9999.0, 22.57, 22.25, 22.16, 22.23, 22.18
2026-09-08, 04:35:04, 22.25, 22.32, 22.59, 22.5, 9999.0, 9999.0, 9999.0, 23.82, 9999.0, 22.36, 9999.0, 22.57, 22.27, 22.14, 22.23, 22.18
2026-09-08, 04:35:08, 22.25, 22.3, 22.57, 22.5, 9999.0, 9999.0, 9999.0, 23.77, 9999.0, 22.36, 9999.0, 22.57, 22.3, 22.14, 22.23, 22.16
2026-09-08, 04:35:12, 22.25, 22.3, 22.57, 22.5, 9999.0, 9999.0, 9999.0, 23.73, 9999.0, 22.36, 9999.0, 22.57, 22.32, 22.16, 22.25, 22.16
2026-09-08, 04:35:16, 22.25, 22.3, 22.55, 22.5, 9999.0, 9999.0, 9999.0, 23.7, 9999.0, 22.36, 9999.0, 22.59, 22.34, 22.16, 22.25, 22.18
2026-09-08, 04:35:20, 22.25, 22.3, 22.55, 22.5, 9999.0, 9999.0, 9999.0, 23.73, 9999.0, 22.39, 9999.0, 22.59, 22.36, 22.18, 22.25, 22.2
2026-09-08, 04:35:24, 22.25, 22.3, 22.57, 22.5, 9999.0, 9999.0, 9999.0, 23.75, 9999.0, 22.41, 9999.0, 22.59, 22.36, 22.2, 22.25, 22.2
2026-09-08, 04:35:28, 22.25, 22.3, 22.55, 22.5, 9999.0, 9999.0, 9999.0, 23.8, 9999.0, 22.43, 9999.0, 22.59, 22.39, 22.23, 22.25, 22.2
2026-09-08, 04:35:32, 22.25, 22.3, 22.55, 22.5, 9999.0, 9999.0, 9999.0, 23.82, 9999.0, 22.45, 9999.0, 22.57, 22.41, 22.23, 22.23, 22.23
2026-09-08, 04:35:36, 22.25, 22.27, 22.55, 22.5, 9999.0, 9999.0, 9999.0, 23.84, 9999.0, 22.48, 9999.0, 22.55, 22.43, 22.23, 22.23, 22.23
2026-09-08, 04:35:40, 22.25, 22.3, 22.55, 22.5, 9999.0, 9999.0, 9999.0, 23.86, 9999.0, 22.48, 9999.0, 22.52, 22.43, 22.23, 22.23, 22.23
2026-09-08, 04:35:44, 22.25, 22.3, 22.55, 22.5, 9999.0, 9999.0, 9999.0, 23.89, 9999.0, 22.45, 9999.0, 22.52, 22.43, 22.23, 22.23, 22.23
2026-09-08, 04:35:48, 22.25, 22.3, 22.57, 22.5, 9999.0, 9999.0, 9999.0, 23.93, 9999.0, 22.43, 9999.0, 22.52, 22.41, 22.23, 22.23, 22.23
2026-09-08, 04:35:52, 22.25, 22.3, 22.57, 22.5, 9999.0, 9999.0, 9999.0, 23.95, 9999.0, 22.43, 9999.0, 22.52, 22.39, 22.23, 22.23, 22.25
2026-09-08, 04:35:56, 22.25, 22.3, 22.55, 22.5, 9999.0, 9999.0, 9999.0, 23.98, 9999.0, 22.41, 9999.0, 22.52, 22.36, 22.2, 22.23, 22.23
2026-09-08, 04:36:00, 22.25, 22.3, 22.55, 22.5, 9999.0, 9999.0, 9999.0, 24.0, 9999.0, 22.39, 9999.0, 22.5, 22.34, 22.2, 22.23, 22.2
2026-09-08, 04:36:04, 22.25, 22.3, 22.57, 22.5, 9999.0, 9999.0, 9999.0, 23.95, 9999.0, 22.36, 9999.0, 22.52, 22.32, 22.2, 22.23, 22.18
2026-09-08, 04:36:08, 22.25, 22.3, 22.57, 22.5, 9999.0, 9999.0, 9999.0, 23.91, 9999.0, 22.34, 9999.0, 22.55, 22.32, 22.2, 22.23, 22.18
2026-09-08, 04:36:12, 22.25, 22.3, 22.57, 22.5, 9999.0, 9999.0, 9999.0, 23.86, 9999.0, 22.32, 9999.0, 22.57, 22.3, 22.18, 22.2, 22.18
2026-09-08, 04:36:16, 22.25, 22.3, 22.57, 22.5, 9999.0, 9999.0, 9999.0, 23.84, 9999.0, 22.32, 9999.0, 22.57, 22.27, 22.18, 22.23, 22.16
2026-09-08, 04:36:20, 22.25, 22.3, 22.57, 22.5, 9999.0, 9999.0, 9999.0, 23.8, 9999.0, 22.32, 9999.0, 22.57, 22.25, 22.18, 22.23, 22.16
2026-09-08, 04:36:25, 22.25, 22.27, 22.57, 22.5, 9999.0, 9999.0, 9999.0, 23.75, 9999.0, 22.34, 9999.0, 22.57, 22.27, 22.16, 22.23, 22.16
2026-09-08, 04:36:29, 22.25, 22.25, 22.57, 22.5, 9999.0, 9999.0, 9999.0, 23.7, 9999.0, 22.36, 9999.0, 22.57, 22.3, 22.16, 22.23, 22.16
2026-09-08, 04:36:33, 22.25, 22.25, 22.55, 22.5, 9999.0, 9999.0, 9999.0, 23.66, 9999.0, 22.39, 9999.0, 22.57, 22.32, 22.18, 22.23, 22.16
2026-09-08, 04:36:37, 22.25, 22.25, 22.55, 22.5, 9999.0, 9999.0, 9999.0, 23.7, 9999.0, 22.39, 9999.0, 22.59, 22.32, 22.16, 22.23, 22.16
2026-09-08, 04:36:41, 22.25, 22.25, 22.55, 22.5, 9999.0, 9999.0, 9999.0, 23.75, 9999.0, 22.41, 9999.0, 22.59, 22.32, 22.16, 22.23, 22.16
2026-09-08, 04:36:45, 22.25, 22.25, 22.55, 22.5, 9999.0, 9999.0, 9999.0, 23.77, 9999.0, 22.43, 9999.0, 22.59, 22.34, 22.14, 22.23, 22.18
2026-09-08, 04:36:49, 22.25, 22.27, 22.52, 22.5, 9999.0, 9999.0, 9999.0, 23.8, 9999.0, 22.43, 9999.0, 22.57, 22.36, 22.11, 22.23, 22.2
2026-09-08, 04:36:53, 22.25, 22.27, 22.5, 22.5, 9999.0, 9999.0, 9999.0, 23.82, 9999.0, 22.43, 9999.0, 22.55, 22.39, 22.11, 22.23, 22.18
2026-09-08, 04:36:57, 22.25, 22.27, 22.5, 22.5, 9999.0, 9999.0, 9999.0, 23.84, 9999.0, 22.43, 9999.0, 22.52, 22.39, 22.11, 22.25, 22.18
2026-09-08, 04:37:01, 22.25, 22.27, 22.52, 22.5, 9999.0, 9999.0, 9999.0, 23.84, 9999.0, 22.41, 9999.0, 22.52, 22.39, 22.09, 22.25, 22.2
2026-09-08, 04:37:05, 22.25, 22.27, 22.52, 22.5, 9999.0, 9999.0, 9999.0, 23.86, 9999.0, 22.41, 9999.0, 22.52, 22.39, 22.07, 22.25, 22.2
2026-09-08, 04:37:09, 22.25, 22.3, 22.52, 22.5, 9999.0, 9999.0, 9999.0, 23.91, 9999.0, 22.39, 9999.0, 22.52, 22.36, 22.09, 22.25, 22.18
2026-09-08, 04:37:13, 22.25, 22.3, 22.52, 22.5, 9999.0, 9999.0, 9999.0, 23.93, 9999.0, 22.36, 9999.0, 22.52, 22.34, 22.07, 22.25, 22.18
2026-09-08, 04:37:17, 22.25, 22.3, 22.52, 22.5, 9999.0, 9999.0, 9999.0, 23.95, 9999.0, 22.34, 9999.0, 22.52, 22.32, 22.05, 22.25, 22.18
2026-09-08, 04:37:21, 22.25, 22.3, 22.52, 22.5, 9999.0, 9999.0, 9999.0, 23.91, 9999.0, 22.32, 9999.0, 22.52, 22.32, 22.07, 22.25, 22.18
2026-09-08, 04:37:25, 22.25, 22.3, 22.52, 22.5, 9999.0, 9999.0, 9999.0, 23.84, 9999.0, 22.27, 9999.0, 22.55, 22.32, 22.09, 22.25, 22.2
2026-09-08, 04:37:29, 22.25, 22.32, 22.52, 22.5, 9999.0, 9999.0, 9999.0, 23.8, 9999.0, 22.23, 9999.0, 22.57, 22.3, 22.11, 22.25, 22.2
2026-09-08, 04:37:33, 22.25, 22.3, 22.52, 22.5, 9999.0, 9999.0, 9999.0, 23.75, 9999.0, 22.23, 9999.0, 22.59, 22.27, 22.14, 22.25, 22.18
2026-09-08, 04:37:37, 22.25, 22.3, 22.55, 22.5, 9999.0, 9999.0, 9999.0, 23.7, 9999.0, 22.23, 9999.0, 22.61, 22.25, 22.14, 22.25, 22.2
2026-09-08, 04:37:41, 22.25, 22.3, 22.55, 22.5, 9999.0, 9999.0, 9999.0, 23.66, 9999.0, 22.25, 9999.0, 22.61, 22.25, 22.14, 22.25, 22.2
2026-09-08, 04:37:45, 22.25, 22.32, 22.52, 22.5, 9999.0, 9999.0, 9999.0, 23.64, 9999.0, 22.27, 9999.0, 22.64, 22.27, 22.16, 22.25, 22.2
2026-09-08, 04:37:49, 22.25, 22.32, 22.52, 22.5, 9999.0, 9999.0, 9999.0, 23.61, 9999.0, 22.27, 9999.0, 22.66, 22.27, 22.16, 22.25, 22.2
2026-09-08, 04:37:53, 22.25, 22.32, 22.52, 22.5, 9999.0, 9999.0, 9999.0, 23.64, 9999.0, 22.3, 9999.0, 22.66, 22.3, 22.16, 22.25, 22.23
2026-09-08, 04:37:57, 22.25, 22.32, 22.52, 22.5, 9999.0, 9999.0, 9999.0, 23.66, 9999.0, 22.32, 9999.0, 22.66, 22.32, 22.16, 22.25, 22.23
2026-09-08, 04:38:01, 22.25, 22.32, 22.52, 22.5, 9999.0, 9999.0, 9999.0, 23.68, 9999.0, 22.32, 9999.0, 22.66, 22.32, 22.18, 22.25, 22.23
2026-09-08, 04:38:05, 22.25, 22.32, 22.52, 22.5, 9999.0, 9999.0, 9999.0, 23.7, 9999.0, 22.32, 9999.0, 22.64, 22.34, 22.16, 22.25, 22.23
2026-09-08, 04:38:09, 22.25, 22.32, 22.52, 22.5, 9999.0, 9999.0, 9999.0, 23.75, 9999.0, 22.34, 9999.0, 22.61, 22.34, 22.14, 22.23, 22.23
2026-09-08, 04:38:13, 22.25, 22.3, 22.52, 22.5, 9999.0, 9999.0, 9999.0, 23.8, 9999.0, 22.36, 9999.0, 22.59, 22.36, 22.11, 22.23, 22.23
2026-09-08, 04:38:17, 22.25, 22.3, 22.52, 22.5, 9999.0, 9999.0, 9999.0, 23.82, 9999.0, 22.34, 9999.0, 22.57, 22.36, 22.09, 22.23, 22.25
2026-09-08, 04:38:21, 22.25, 22.3, 22.52, 22.5, 9999.0, 9999.0, 9999.0, 23.86, 9999.0, 22.32, 9999.0, 22.55, 22.36, 22.07, 22.23, 22.25
2026-09-08, 04:38:25, 22.25, 22.32, 22.52, 22.5, 9999.0, 9999.0, 9999.0, 23.89, 9999.0, 22.27, 9999.0, 22.55, 22.36, 22.07, 22.23, 22.25
2026-09-08, 04:38:29, 22.25, 22.3, 22.52, 22.5, 9999.0, 9999.0, 9999.0, 23.91, 9999.0, 22.25, 9999.0, 22.52, 22.34, 22.07, 22.2, 22.25
2026-09-08, 04:38:33, 22.25, 22.3, 22.52, 22.5, 9999.0, 9999.0, 9999.0, 23.93, 9999.0, 22.2, 9999.0, 22.5, 22.34, 22.07, 22.2, 22.25
2026-09-08, 04:38:37, 22.25, 22.27, 22.52, 22.52, 9999.0, 9999.0, 9999.0, 23.89, 9999.0, 22.16, 9999.0, 22.5, 22.32, 22.07, 22.2, 22.25
2026-09-08, 04:38:41, 22.25, 22.27, 22.52, 22.52, 9999.0, 9999.0, 9999.0, 23.84, 9999.0, 22.11, 9999.0, 22.52, 22.3, 22.07, 22.2, 22.25
2026-09-08, 04:38:45, 22.25, 22.27, 22.55, 22.52, 9999.0, 9999.0, 9999.0, 23.8, 9999.0, 22.09, 9999.0, 22.55, 22.3, 22.07, 22.2, 22.25
2026-09-08, 04:38:49, 22.25, 22.27, 22.55, 22.52, 9999.0, 9999.0, 9999.0, 23.75, 9999.0, 22.07, 9999.0, 22.57, 22.27, 22.07, 22.2, 22.25
2026-09-08, 04:38:53, 22.25, 22.27, 22.55, 22.52, 9999.0, 9999.0, 9999.0, 23.7, 9999.0, 22.07, 9999.0, 22.57, 22.27, 22.09, 22.23, 22.25
2026-09-08, 04:38:57, 22.25, 22.27, 22.57, 22.52, 9999.0, 9999.0, 9999.0, 23.66, 9999.0, 22.05, 9999.0, 22.57, 22.25, 22.09, 22.23, 22.25
2026-09-08, 04:39:01, 22.25, 22.27, 22.57, 22.55, 9999.0, 9999.0, 9999.0, 23.64, 9999.0, 22.07, 9999.0, 22.57, 22.27, 22.11, 22.23, 22.25
2026-09-08, 04:39:05, 22.25, 22.27, 22.55, 22.55, 9999.0, 9999.0, 9999.0, 23.57, 9999.0, 22.09, 9999.0, 22.57, 22.3, 22.14, 22.23, 22.25
2026-09-08, 04:39:09, 22.25, 22.25, 22.55, 22.55, 9999.0, 9999.0, 9999.0, 23.52, 9999.0, 22.11, 9999.0, 22.57, 22.3, 22.16, 22.23, 22.25
2026-09-08, 04:39:13, 22.25, 22.27, 22.55, 22.55, 9999.0, 9999.0, 9999.0, 23.55, 9999.0, 22.09, 9999.0, 22.57, 22.32, 22.14, 22.25, 22.25
2026-09-08, 04:39:17, 22.23, 22.27, 22.55, 22.55, 9999.0, 9999.0, 9999.0, 23.57, 9999.0, 22.09, 9999.0, 22.57, 22.34, 22.16, 22.25, 22.25
2026-09-08, 04:39:21, 22.23, 22.27, 22.55, 22.52, 9999.0, 9999.0, 9999.0, 23.59, 9999.0, 22.09, 9999.0, 22.57, 22.34, 22.14, 22.25, 22.25
2026-09-08, 04:39:25, 22.23, 22.27, 22.55, 22.52, 9999.0, 9999.0, 9999.0, 23.61, 9999.0, 22.09, 9999.0, 22.55, 22.34, 22.14, 22.25, 22.25
2026-09-08, 04:39:29, 22.23, 22.27, 22.52, 22.52, 9999.0, 9999.0, 9999.0, 23.64, 9999.0, 22.09, 9999.0, 22.52, 22.34, 22.14, 22.25, 22.25
2026-09-08, 04:39:33, 22.23, 22.27, 22.52, 22.52, 9999.0, 9999.0, 9999.0, 23.66, 9999.0, 22.09, 9999.0, 22.5, 22.34, 22.16, 22.25, 22.25
2026-09-08, 04:39:37, 22.23, 22.27, 22.52, 22.52, 9999.0, 9999.0, 9999.0, 23.68, 9999.0, 22.07, 9999.0, 22.5, 22.34, 22.14, 22.25, 22.25
2026-09-08, 04:39:41, 22.23, 22.3, 22.52, 22.52, 9999.0, 9999.0, 9999.0, 23.7, 9999.0, 22.07, 9999.0, 22.5, 22.34, 22.14, 22.25, 22.25
2026-09-08, 04:39:45, 22.23, 22.3, 22.52, 22.52, 9999.0, 9999.0, 9999.0, 23.73, 9999.0, 22.05, 9999.0, 22.5, 22.32, 22.11, 22.25, 22.25
2026-09-08, 04:39:49, 22.2, 22.3, 22.52, 22.52, 9999.0, 9999.0, 9999.0, 23.77, 9999.0, 22.02, 9999.0, 22.5, 22.3, 22.09, 22.25, 22.25
2026-09-08, 04:39:53, 22.2, 22.3, 22.55, 22.52, 9999.0, 9999.0, 9999.0, 23.82, 9999.0, 22.0, 9999.0, 22.5, 22.3, 22.09, 22.25, 22.25
2026-09-08, 04:39:57, 22.2, 22.27, 22.55, 22.52, 9999.0, 9999.0, 9999.0, 23.77, 9999.0, 21.98, 9999.0, 22.52, 22.27, 22.11, 22.25, 22.25
2026-09-08, 04:40:01, 22.23, 22.27, 22.57, 22.52, 9999.0, 9999.0, 9999.0, 23.73, 9999.0, 21.98, 9999.0, 22.55, 22.25, 22.11, 22.25, 22.25
2026-09-08, 04:40:05, 22.23, 22.27, 22.57, 22.52, 9999.0, 9999.0, 9999.0, 23.68, 9999.0, 21.95, 9999.0, 22.57, 22.27, 22.11, 22.25, 22.25
2026-09-08, 04:40:09, 22.23, 22.27, 22.59, 22.52, 9999.0, 9999.0, 9999.0, 23.66, 9999.0, 21.95, 9999.0, 22.59, 22.27, 22.14, 22.25, 22.25
2026-09-08, 04:40:14, 22.23, 22.27, 22.61, 22.52, 9999.0, 9999.0, 9999.0, 23.64, 9999.0, 21.95, 9999.0, 22.59, 22.27, 22.14, 22.25, 22.25
2026-09-08, 04:40:18, 22.23, 22.27, 22.61, 22.52, 9999.0, 9999.0, 9999.0, 23.61, 9999.0, 21.98, 9999.0, 22.59, 22.27, 22.14, 22.25, 22.25
2026-09-08, 04:40:22, 22.23, 22.27, 22.61, 22.52, 9999.0, 9999.0, 9999.0, 23.57, 9999.0, 22.0, 9999.0, 22.59, 22.3, 22.14, 22.25, 22.25
2026-09-08, 04:40:26, 22.23, 22.25, 22.59, 22.52, 9999.0, 9999.0, 9999.0, 23.52, 9999.0, 22.02, 9999.0, 22.61, 22.32, 22.14, 22.25, 22.25
2026-09-08, 04:40:30, 22.23, 22.25, 22.59, 22.5, 9999.0, 9999.0, 9999.0, 23.55, 9999.0, 22.02, 9999.0, 22.61, 22.34, 22.16, 22.25, 22.25
2026-09-08, 04:40:34, 22.25, 22.25, 22.59, 22.52, 9999.0, 9999.0, 9999.0, 23.57, 9999.0, 22.02, 9999.0, 22.61, 22.34, 22.18, 22.25, 22.25
2026-09-08, 04:40:38, 22.25, 22.25, 22.57, 22.52, 9999.0, 9999.0, 9999.0, 23.59, 9999.0, 22.02, 9999.0, 22.61, 22.34, 22.16, 22.25, 22.25
2026-09-08, 04:40:42, 22.25, 22.27, 22.59, 22.52, 9999.0, 9999.0, 9999.0, 23.61, 9999.0, 22.05, 9999.0, 22.59, 22.34, 22.16, 22.25, 22.25
2026-09-08, 04:40:46, 22.25, 22.3, 22.57, 22.52, 9999.0, 9999.0, 9999.0, 23.64, 9999.0, 22.05, 9999.0, 22.57, 22.34, 22.16, 22.23, 22.25
2026-09-08, 04:40:50, 22.25, 22.3, 22.57, 22.52, 9999.0, 9999.0, 9999.0, 23.66, 9999.0, 22.05, 9999.0, 22.55, 22.32, 22.18, 22.23, 22.25
2026-09-08, 04:40:54, 22.25, 22.3, 22.57, 22.52, 9999.0, 9999.0, 9999.0, 23.68, 9999.0, 22.02, 9999.0, 22.52, 22.32, 22.18, 22.23, 22.25
2026-09-08, 04:40:58, 22.25, 22.3, 22.55, 22.52, 9999.0, 9999.0, 9999.0, 23.7, 9999.0, 22.02, 9999.0, 22.52, 22.34, 22.18, 22.23, 22.25
2026-09-08, 04:41:02, 22.25, 22.3, 22.55, 22.52, 9999.0, 9999.0, 9999.0, 23.73, 9999.0, 21.98, 9999.0, 22.52, 22.34, 22.16, 22.23, 22.25
2026-09-08, 04:41:06, 22.25, 22.3, 22.55, 22.52, 9999.0, 9999.0, 9999.0, 23.77, 9999.0, 21.93, 9999.0, 22.52, 22.34, 22.16, 22.23, 22.25
2026-09-08, 04:41:10, 22.25, 22.3, 22.55, 22.55, 9999.0, 9999.0, 9999.0, 23.8, 9999.0, 21.89, 9999.0, 22.5, 22.32, 22.16, 22.23, 22.25
2026-09-08, 04:41:14, 22.25, 22.3, 22.55, 22.57, 9999.0, 9999.0, 9999.0, 23.75, 9999.0, 21.86, 9999.0, 22.5, 22.32, 22.14, 22.23, 22.25
2026-09-08, 04:41:18, 22.25, 22.3, 22.55, 22.57, 9999.0, 9999.0, 9999.0, 23.7, 9999.0, 21.84, 9999.0, 22.52, 22.34, 22.11, 22.23, 22.25
2026-09-08, 04:41:22, 22.25, 22.3, 22.55, 22.59, 9999.0, 9999.0, 9999.0, 23.66, 9999.0, 21.82, 9999.0, 22.55, 22.36, 22.14, 22.23, 22.25
2026-09-08, 04:41:26, 22.25, 22.27, 22.52, 22.61, 9999.0, 9999.0, 9999.0, 23.64, 9999.0, 21.82, 9999.0, 22.55, 22.39, 22.14, 22.23, 22.25
2026-09-08, 04:41:30, 22.25, 22.25, 22.52, 22.61, 9999.0, 9999.0, 9999.0, 23.61, 9999.0, 21.82, 9999.0, 22.55, 22.41, 22.14, 22.25, 22.25
2026-09-08, 04:41:34, 22.25, 22.25, 22.52, 22.64, 9999.0, 9999.0, 9999.0, 23.57, 9999.0, 21.84, 9999.0, 22.55, 22.41, 22.14, 22.25, 22.25
2026-09-08, 04:41:38, 22.25, 22.25, 22.52, 22.66, 9999.0, 9999.0, 9999.0, 23.52, 9999.0, 21.89, 9999.0, 22.55, 22.43, 22.14, 22.25, 22.25
2026-09-08, 04:41:42, 22.25, 22.25, 22.52, 22.68, 9999.0, 9999.0, 9999.0, 23.48, 9999.0, 21.91, 9999.0, 22.55, 22.43, 22.14, 22.25, 22.25
2026-09-08, 04:41:46, 22.25, 22.25, 22.52, 22.7, 9999.0, 9999.0, 9999.0, 23.5, 9999.0, 21.93, 9999.0, 22.55, 22.45, 22.14, 22.25, 22.25
2026-09-08, 04:41:50, 22.25, 22.25, 22.52, 22.73, 9999.0, 9999.0, 9999.0, 23.52, 9999.0, 21.95, 9999.0, 22.55, 22.45, 22.16, 22.25, 22.25
2026-09-08, 04:41:54, 22.25, 22.25, 22.52, 22.73, 9999.0, 9999.0, 9999.0, 23.57, 9999.0, 22.0, 9999.0, 22.55, 22.45, 22.18, 22.25, 22.25
2026-09-08, 04:41:58, 22.25, 22.25, 22.52, 22.73, 9999.0, 9999.0, 9999.0, 23.61, 9999.0, 22.05, 9999.0, 22.55, 22.43, 22.18, 22.25, 22.25
2026-09-08, 04:42:02, 22.25, 22.25, 22.52, 22.73, 9999.0, 9999.0, 9999.0, 23.64, 9999.0, 22.07, 9999.0, 22.52, 22.43, 22.18, 22.25, 22.25
2026-09-08, 04:42:06, 22.25, 22.25, 22.52, 22.7, 9999.0, 9999.0, 9999.0, 23.66, 9999.0, 22.09, 9999.0, 22.5, 22.43, 22.16, 22.25, 22.25
2026-09-08, 04:42:10, 22.25, 22.25, 22.52, 22.7, 9999.0, 9999.0, 9999.0, 23.68, 9999.0, 22.09, 9999.0, 22.5, 22.43, 22.14, 22.25, 22.25
2026-09-08, 04:42:14, 22.25, 22.25, 22.52, 22.7, 9999.0, 9999.0, 9999.0, 23.7, 9999.0, 22.09, 9999.0, 22.5, 22.41, 22.14, 22.25, 22.25
2026-09-08, 04:42:18, 22.25, 22.25, 22.52, 22.68, 9999.0, 9999.0, 9999.0, 23.75, 9999.0, 22.09, 9999.0, 22.5, 22.43, 22.14, 22.25, 22.25
2026-09-08, 04:42:22, 22.25, 22.25, 22.5, 22.66, 9999.0, 9999.0, 9999.0, 23.8, 9999.0, 22.07, 9999.0, 22.52, 22.41, 22.11, 22.25, 22.25
2026-09-08, 04:42:26, 22.25, 22.25, 22.5, 22.66, 9999.0, 9999.0, 9999.0, 23.82, 9999.0, 22.05, 9999.0, 22.52, 22.39, 22.11, 22.25, 22.25
2026-09-08, 04:42:30, 22.25, 22.25, 22.5, 22.66, 9999.0, 9999.0, 9999.0, 23.77, 9999.0, 22.02, 9999.0, 22.52, 22.36, 22.14, 22.25, 22.25
2026-09-08, 04:42:34, 22.25, 22.25, 22.52, 22.66, 9999.0, 9999.0, 9999.0, 23.73, 9999.0, 22.02, 9999.0, 22.55, 22.34, 22.14, 22.25, 22.25
2026-09-08, 04:42:38, 22.25, 22.25, 22.52, 22.66, 9999.0, 9999.0, 9999.0, 23.68, 9999.0, 21.98, 9999.0, 22.57, 22.36, 22.14, 22.25, 22.25
2026-09-08, 04:42:42, 22.25, 22.25, 22.55, 22.64, 9999.0, 9999.0, 9999.0, 23.64, 9999.0, 21.95, 9999.0, 22.59, 22.39, 22.16, 22.25, 22.25
2026-09-08, 04:42:46, 22.25, 22.27, 22.57, 22.61, 9999.0, 9999.0, 9999.0, 23.61, 9999.0, 21.95, 9999.0, 22.61, 22.39, 22.18, 22.25, 22.25
2026-09-08, 04:42:50, 22.25, 22.27, 22.59, 22.64, 9999.0, 9999.0, 9999.0, 23.57, 9999.0, 21.95, 9999.0, 22.64, 22.39, 22.2, 22.25, 22.25
2026-09-08, 04:42:54, 22.25, 22.3, 22.61, 22.64, 9999.0, 9999.0, 9999.0, 23.52, 9999.0, 21.98, 9999.0, 22.66, 22.39, 22.23, 22.25, 22.25
2026-09-08, 04:42:58, 22.25, 22.3, 22.64, 22.66, 9999.0, 9999.0, 9999.0, 23.48, 9999.0, 22.0, 9999.0, 22.66, 22.41, 22.23, 22.25, 22.25
2026-09-08, 04:43:02, 22.25, 22.3, 22.66, 22.68, 9999.0, 9999.0, 9999.0, 23.52, 9999.0, 22.0, 9999.0, 22.66, 22.41, 22.23, 22.25, 22.25
2026-09-08, 04:43:06, 22.25, 22.3, 22.68, 22.7, 9999.0, 9999.0, 9999.0, 23.55, 9999.0, 22.02, 9999.0, 22.64, 22.41, 22.25, 22.25, 22.25
2026-09-08, 04:43:10, 22.25, 22.3, 22.68, 22.7, 9999.0, 9999.0, 9999.0, 23.59, 9999.0, 22.05, 9999.0, 22.64, 22.43, 22.23, 22.25, 22.25
2026-09-08, 04:43:14, 22.25, 22.3, 22.68, 22.7, 9999.0, 9999.0, 9999.0, 23.61, 9999.0, 22.07, 9999.0, 22.64, 22.43, 22.23, 22.25, 22.25
2026-09-08, 04:43:18, 22.25, 22.3, 22.68, 22.68, 9999.0, 9999.0, 9999.0, 23.64, 9999.0, 22.07, 9999.0, 22.61, 22.43, 22.23, 22.25, 22.25
2026-09-08, 04:43:22, 22.25, 22.3, 22.7, 22.68, 9999.0, 9999.0, 9999.0, 23.66, 9999.0, 22.09, 9999.0, 22.59, 22.41, 22.23, 22.25, 22.25
2026-09-08, 04:43:26, 22.25, 22.3, 22.68, 22.68, 9999.0, 9999.0, 9999.0, 23.66, 9999.0, 22.09, 9999.0, 22.57, 22.39, 22.23, 22.25, 22.25
2026-09-08, 04:43:30, 22.25, 22.27, 22.68, 22.7, 9999.0, 9999.0, 9999.0, 23.68, 9999.0, 22.09, 9999.0, 22.55, 22.39, 22.23, 22.25, 22.25
2026-09-08, 04:43:34, 22.25, 22.27, 22.68, 22.7, 9999.0, 9999.0, 9999.0, 23.73, 9999.0, 22.09, 9999.0, 22.52, 22.39, 22.23, 22.25, 22.25
2026-09-08, 04:43:38, 22.25, 22.25, 22.68, 22.7, 9999.0, 9999.0, 9999.0, 23.77, 9999.0, 22.07, 9999.0, 22.5, 22.36, 22.23, 22.25, 22.25
2026-09-08, 04:43:42, 22.25, 22.25, 22.68, 22.7, 9999.0, 9999.0, 9999.0, 23.8, 9999.0, 22.02, 9999.0, 22.52, 22.34, 22.23, 22.25, 22.25
2026-09-08, 04:43:46, 22.25, 22.25, 22.66, 22.7, 9999.0, 9999.0, 9999.0, 23.73, 9999.0, 22.0, 9999.0, 22.52, 22.32, 22.23, 22.25, 22.25
2026-09-08, 04:43:50, 22.25, 22.25, 22.66, 22.7, 9999.0, 9999.0, 9999.0, 23.68, 9999.0, 21.98, 9999.0, 22.55, 22.32, 22.23, 22.25, 22.25
2026-09-08, 04:43:54, 22.25, 22.25, 22.68, 22.7, 9999.0, 9999.0, 9999.0, 23.64, 9999.0, 21.93, 9999.0, 22.57, 22.3, 22.25, 22.25, 22.25
2026-09-08, 04:43:58, 22.25, 22.25, 22.7, 22.7, 9999.0, 9999.0, 9999.0, 23.59, 9999.0, 21.91, 9999.0, 22.59, 22.32, 22.23, 22.25, 22.25
2026-09-08, 04:44:02, 22.25, 22.25, 22.68, 22.73, 9999.0, 9999.0, 9999.0, 23.57, 9999.0, 21.91, 9999.0, 22.61, 22.32, 22.23, 22.25, 22.25
2026-09-08, 04:44:06, 22.25, 22.25, 22.68, 22.73, 9999.0, 9999.0, 9999.0, 23.52, 9999.0, 21.91, 9999.0, 22.64, 22.32, 22.23, 22.25, 22.25
2026-09-08, 04:44:11, 22.25, 22.25, 22.7, 22.73, 9999.0, 9999.0, 9999.0, 23.5, 9999.0, 21.93, 9999.0, 22.66, 22.34, 22.23, 22.25, 22.25
2026-09-08, 04:44:15, 22.25, 22.25, 22.68, 22.73, 9999.0, 9999.0, 9999.0, 23.45, 9999.0, 21.95, 9999.0, 22.66, 22.34, 22.23, 22.25, 22.25
2026-09-08, 04:44:19, 22.25, 22.25, 22.68, 22.7, 9999.0, 9999.0, 9999.0, 23.41, 9999.0, 21.98, 9999.0, 22.66, 22.34, 22.23, 22.25, 22.25
2026-09-08, 04:44:23, 22.23, 22.25, 22.68, 22.7, 9999.0, 9999.0, 9999.0, 23.43, 9999.0, 22.0, 9999.0, 22.66, 22.36, 22.23, 22.25, 22.25
2026-09-08, 04:44:27, 22.23, 22.25, 22.68, 22.68, 9999.0, 9999.0, 9999.0, 23.48, 9999.0, 22.05, 9999.0, 22.64, 22.39, 22.23, 22.25, 22.25
2026-09-08, 04:44:31, 22.23, 22.25, 22.7, 22.68, 9999.0, 9999.0, 9999.0, 23.5, 9999.0, 22.07, 9999.0, 22.64, 22.41, 22.23, 22.25, 22.25
2026-09-08, 04:44:35, 22.23, 22.25, 22.7, 22.68, 9999.0, 9999.0, 9999.0, 23.55, 9999.0, 22.07, 9999.0, 22.61, 22.41, 22.23, 22.25, 22.25
2026-09-08, 04:44:39, 22.23, 22.27, 22.68, 22.68, 9999.0, 9999.0, 9999.0, 23.57, 9999.0, 22.11, 9999.0, 22.59, 22.41, 22.2, 22.25, 22.25
2026-09-08, 04:44:43, 22.23, 22.27, 22.68, 22.68, 9999.0, 9999.0, 9999.0, 23.61, 9999.0, 22.14, 9999.0, 22.57, 22.39, 22.23, 22.25, 22.25
2026-09-08, 04:44:47, 22.23, 22.27, 22.7, 22.68, 9999.0, 9999.0, 9999.0, 23.64, 9999.0, 22.14, 9999.0, 22.55, 22.39, 22.23, 22.25, 22.25
2026-09-08, 04:44:51, 22.23, 22.27, 22.7, 22.68, 9999.0, 9999.0, 9999.0, 23.68, 9999.0, 22.14, 9999.0, 22.52, 22.39, 22.2, 22.25, 22.25
2026-09-08, 04:44:55, 22.23, 22.27, 22.68, 22.7, 9999.0, 9999.0, 9999.0, 23.73, 9999.0, 22.11, 9999.0, 22.5, 22.39, 22.2, 22.23, 22.25
2026-09-08, 04:44:59, 22.23, 22.27, 22.68, 22.7, 9999.0, 9999.0, 9999.0, 23.77, 9999.0, 22.09, 9999.0, 22.5, 22.36, 22.2, 22.23, 22.25
2026-09-08, 04:45:03, 22.23, 22.27, 22.68, 22.73, 9999.0, 9999.0, 9999.0, 23.8, 9999.0, 22.07, 9999.0, 22.5, 22.34, 22.2, 22.23, 22.25
2026-09-08, 04:45:07, 22.25, 22.27, 22.68, 22.73, 9999.0, 9999.0, 9999.0, 23.75, 9999.0, 22.05, 9999.0, 22.52, 22.34, 22.2, 22.23, 22.25
2026-09-08, 04:45:11, 22.25, 22.27, 22.68, 22.75, 9999.0, 9999.0, 9999.0, 23.7, 9999.0, 22.02, 9999.0, 22.55, 22.34, 22.2, 22.23, 22.25
2026-09-08, 04:45:15, 22.25, 22.27, 22.66, 22.75, 9999.0, 9999.0, 9999.0, 23.68, 9999.0, 22.02, 9999.0, 22.57, 22.34, 22.2, 22.23, 22.25
2026-09-08, 04:45:19, 22.25, 22.27, 22.66, 22.75, 9999.0, 9999.0, 9999.0, 23.64, 9999.0, 22.05, 9999.0, 22.59, 22.36, 22.2, 22.23, 22.25
2026-09-08, 04:45:23, 22.25, 22.25, 22.68, 22.75, 9999.0, 9999.0, 9999.0, 23.61, 9999.0, 22.05, 9999.0, 22.59, 22.39, 22.23, 22.23, 22.25
2026-09-08, 04:45:27, 22.25, 22.25, 22.68, 22.75, 9999.0, 9999.0, 9999.0, 23.57, 9999.0, 22.07, 9999.0, 22.61, 22.41, 22.23, 22.23, 22.25
2026-09-08, 04:45:31, 22.25, 22.25, 22.68, 22.75, 9999.0, 9999.0, 9999.0, 23.52, 9999.0, 22.11, 9999.0, 22.64, 22.43, 22.23, 22.23, 22.25
2026-09-08, 04:45:35, 22.25, 22.25, 22.68, 22.75, 9999.0, 9999.0, 9999.0, 23.48, 9999.0, 22.14, 9999.0, 22.64, 22.45, 22.25, 22.23, 22.25
2026-09-08, 04:45:39, 22.25, 22.25, 22.68, 22.75, 9999.0, 9999.0, 9999.0, 23.5, 9999.0, 22.16, 9999.0, 22.64, 22.45, 22.25, 22.25, 22.25
2026-09-08, 04:45:43, 22.25, 22.25, 22.7, 22.75, 9999.0, 9999.0, 9999.0, 23.52, 9999.0, 22.18, 9999.0, 22.64, 22.48, 22.25, 22.25, 22.25
2026-09-08, 04:45:47, 22.25, 22.27, 22.7, 22.75, 9999.0, 9999.0, 9999.0, 23.57, 9999.0, 22.2, 9999.0, 22.64, 22.48, 22.23, 22.25, 22.25
2026-09-08, 04:45:51, 22.25, 22.27, 22.68, 22.75, 9999.0, 9999.0, 9999.0, 23.59, 9999.0, 22.23, 9999.0, 22.61, 22.45, 22.2, 22.25, 22.25
2026-09-08, 04:45:55, 22.25, 22.27, 22.68, 22.73, 9999.0, 9999.0, 9999.0, 23.61, 9999.0, 22.25, 9999.0, 22.59, 22.45, 22.2, 22.25, 22.25
2026-09-08, 04:45:59, 22.25, 22.27, 22.7, 22.73, 9999.0, 9999.0, 9999.0, 23.64, 9999.0, 22.27, 9999.0, 22.57, 22.43, 22.2, 22.25, 22.25
2026-09-08, 04:46:03, 22.25, 22.27, 22.7, 22.73, 9999.0, 9999.0, 9999.0, 23.64, 9999.0, 22.27, 9999.0, 22.55, 22.41, 22.2, 22.25, 22.25
2026-09-08, 04:46:07, 22.25, 22.27, 22.7, 22.73, 9999.0, 9999.0, 9999.0, 23.64, 9999.0, 22.27, 9999.0, 22.55, 22.39, 22.2, 22.25, 22.25
2026-09-08, 04:46:11, 22.25, 22.27, 22.7, 22.73, 9999.0, 9999.0, 9999.0, 23.66, 9999.0, 22.27, 9999.0, 22.52, 22.36, 22.2, 22.25, 22.25
2026-09-08, 04:46:15, 22.25, 22.27, 22.7, 22.73, 9999.0, 9999.0, 9999.0, 23.68, 9999.0, 22.25, 9999.0, 22.52, 22.34, 22.2, 22.25, 22.25
2026-09-08, 04:46:19, 22.25, 22.27, 22.7, 22.7, 9999.0, 9999.0, 9999.0, 23.7, 9999.0, 22.25, 9999.0, 22.55, 22.34, 22.18, 22.25, 22.25
2026-09-08, 04:46:23, 22.25, 22.27, 22.73, 22.7, 9999.0, 9999.0, 9999.0, 23.66, 9999.0, 22.23, 9999.0, 22.57, 22.32, 22.18, 22.25, 22.25
2026-09-08, 04:46:27, 22.25, 22.27, 22.73, 22.7, 9999.0, 9999.0, 9999.0, 23.61, 9999.0, 22.2, 9999.0, 22.59, 22.32, 22.18, 22.25, 22.25
2026-09-08, 04:46:31, 22.23, 22.25, 22.7, 22.68, 9999.0, 9999.0, 9999.0, 23.57, 9999.0, 22.18, 9999.0, 22.61, 22.34, 22.2, 22.25, 22.25
2026-09-08, 04:46:35, 22.23, 22.25, 22.73, 22.68, 9999.0, 9999.0, 9999.0, 23.55, 9999.0, 22.18, 9999.0, 22.64, 22.36, 22.2, 22.25, 22.25
2026-09-08, 04:46:39, 22.23, 22.25, 22.73, 22.7, 9999.0, 9999.0, 9999.0, 23.52, 9999.0, 22.18, 9999.0, 22.66, 22.36, 22.2, 22.25, 22.25
2026-09-08, 04:46:43, 22.23, 22.27, 22.73, 22.7, 9999.0, 9999.0, 9999.0, 23.5, 9999.0, 22.18, 9999.0, 22.68, 22.39, 22.2, 22.25, 22.25
2026-09-08, 04:46:47, 22.23, 22.27, 22.73, 22.7, 9999.0, 9999.0, 9999.0, 23.48, 9999.0, 22.2, 9999.0, 22.7, 22.41, 22.2, 22.25, 22.25
2026-09-08, 04:46:51, 22.23, 22.27, 22.7, 22.7, 9999.0, 9999.0, 9999.0, 23.48, 9999.0, 22.23, 9999.0, 22.7, 22.43, 22.2, 22.25, 22.25
2026-09-08, 04:46:55, 22.23, 22.27, 22.7, 22.7, 9999.0, 9999.0, 9999.0, 23.55, 9999.0, 22.23, 9999.0, 22.7, 22.45, 22.2, 22.25, 22.25
2026-09-08, 04:46:59, 22.23, 22.27, 22.7, 22.7, 9999.0, 9999.0, 9999.0, 23.59, 9999.0, 22.23, 9999.0, 22.68, 22.45, 22.2, 22.25, 22.25
2026-09-08, 04:47:03, 22.23, 22.27, 22.7, 22.7, 9999.0, 9999.0, 9999.0, 23.64, 9999.0, 22.23, 9999.0, 22.66, 22.43, 22.23, 22.25, 22.25
2026-09-08, 04:47:07, 22.23, 22.27, 22.7, 22.7, 9999.0, 9999.0, 9999.0, 23.66, 9999.0, 22.27, 9999.0, 22.64, 22.43, 22.23, 22.25, 22.23
2026-09-08, 04:47:11, 22.23, 22.27, 22.7, 22.7, 9999.0, 9999.0, 9999.0, 23.7, 9999.0, 22.3, 9999.0, 22.61, 22.43, 22.2, 22.25, 22.23
2026-09-08, 04:47:15, 22.25, 22.27, 22.73, 22.73, 9999.0, 9999.0, 9999.0, 23.73, 9999.0, 22.32, 9999.0, 22.59, 22.43, 22.2, 22.25, 22.23
2026-09-08, 04:47:19, 22.25, 22.27, 22.73, 22.73, 9999.0, 9999.0, 9999.0, 23.75, 9999.0, 22.32, 9999.0, 22.57, 22.41, 22.23, 22.25, 22.23
2026-09-08, 04:47:23, 22.25, 22.27, 22.73, 22.73, 9999.0, 9999.0, 9999.0, 23.77, 9999.0, 22.32, 9999.0, 22.55, 22.39, 22.23, 22.25, 22.23
2026-09-08, 04:47:27, 22.25, 22.25, 22.73, 22.73, 9999.0, 9999.0, 9999.0, 23.8, 9999.0, 22.32, 9999.0, 22.52, 22.36, 22.23, 22.25, 22.23
2026-09-08, 04:47:31, 22.25, 22.25, 22.73, 22.73, 9999.0, 9999.0, 9999.0, 23.84, 9999.0, 22.3, 9999.0, 22.5, 22.34, 22.23, 22.25, 22.23
2026-09-08, 04:47:35, 22.25, 22.25, 22.75, 22.73, 9999.0, 9999.0, 9999.0, 23.84, 9999.0, 22.27, 9999.0, 22.5, 22.32, 22.2, 22.25, 22.23
2026-09-08, 04:47:39, 22.25, 22.25, 22.75, 22.7, 9999.0, 9999.0, 9999.0, 23.77, 9999.0, 22.27, 9999.0, 22.5, 22.32, 22.2, 22.25, 22.23
2026-09-08, 04:47:43, 22.25, 22.25, 22.73, 22.68, 9999.0, 9999.0, 9999.0, 23.73, 9999.0, 22.27, 9999.0, 22.52, 22.32, 22.2, 22.25, 22.23
2026-09-08, 04:47:47, 22.25, 22.27, 22.73, 22.7, 9999.0, 9999.0, 9999.0, 23.68, 9999.0, 22.27, 9999.0, 22.55, 22.32, 22.2, 22.25, 22.23
2026-09-08, 04:47:51, 22.25, 22.27, 22.73, 22.7, 9999.0, 9999.0, 9999.0, 23.66, 9999.0, 22.25, 9999.0, 22.57, 22.32, 22.2, 22.25, 22.25
2026-09-08, 04:47:55, 22.25, 22.27, 22.73, 22.7, 9999.0, 9999.0, 9999.0, 23.61, 9999.0, 22.27, 9999.0, 22.59, 22.3, 22.23, 22.25, 22.25
2026-09-08, 04:48:00, 22.25, 22.27, 22.73, 22.7, 9999.0, 9999.0, 9999.0, 23.59, 9999.0, 22.27, 9999.0, 22.61, 22.27, 22.23, 22.25, 22.25
2026-09-08, 04:48:04, 22.25, 22.27, 22.73, 22.7, 9999.0, 9999.0, 9999.0, 23.57, 9999.0, 22.3, 9999.0, 22.61, 22.3, 22.23, 22.25, 22.25
2026-09-08, 04:48:08, 22.25, 22.27, 22.73, 22.7, 9999.0, 9999.0, 9999.0, 23.55, 9999.0, 22.32, 9999.0, 22.61, 22.32, 22.23, 22.25, 22.25
2026-09-08, 04:48:12, 22.25, 22.27, 22.73, 22.68, 9999.0, 9999.0, 9999.0, 23.5, 9999.0, 22.34, 9999.0, 22.61, 22.34, 22.23, 22.25, 22.25
2026-09-08, 04:48:16, 22.23, 22.27, 22.7, 22.68, 9999.0, 9999.0, 9999.0, 23.55, 9999.0, 22.36, 9999.0, 22.61, 22.36, 22.23, 22.25, 22.25
2026-09-08, 04:48:20, 22.23, 22.3, 22.7, 22.68, 9999.0, 9999.0, 9999.0, 23.61, 9999.0, 22.39, 9999.0, 22.61, 22.39, 22.25, 22.25, 22.25
2026-09-08, 04:48:24, 22.23, 22.3, 22.7, 22.7, 9999.0, 9999.0, 9999.0, 23.66, 9999.0, 22.41, 9999.0, 22.61, 22.39, 22.25, 22.25, 22.25
2026-09-08, 04:48:28, 22.2, 22.32, 22.73, 22.73, 9999.0, 9999.0, 9999.0, 23.7, 9999.0, 22.41, 9999.0, 22.59, 22.41, 22.25, 22.25, 22.25
2026-09-08, 04:48:32, 22.2, 22.3, 22.7, 22.73, 9999.0, 9999.0, 9999.0, 23.73, 9999.0, 22.41, 9999.0, 22.57, 22.41, 22.25, 22.25, 22.25
2026-09-08, 04:48:36, 22.2, 22.3, 22.68, 22.73, 9999.0, 9999.0, 9999.0, 23.75, 9999.0, 22.41, 9999.0, 22.55, 22.41, 22.25, 22.23, 22.25
2026-09-08, 04:48:40, 22.2, 22.3, 22.68, 22.7, 9999.0, 9999.0, 9999.0, 23.77, 9999.0, 22.41, 9999.0, 22.52, 22.41, 22.25, 22.23, 22.25
2026-09-08, 04:48:44, 22.2, 22.3, 22.68, 22.68, 9999.0, 9999.0, 9999.0, 23.82, 9999.0, 22.41, 9999.0, 22.5, 22.43, 22.23, 22.23, 22.25
2026-09-08, 04:48:48, 22.2, 22.3, 22.66, 22.68, 9999.0, 9999.0, 9999.0, 23.84, 9999.0, 22.39, 9999.0, 22.48, 22.43, 22.23, 22.23, 22.25
2026-09-08, 04:48:52, 22.2, 22.3, 22.64, 22.66, 9999.0, 9999.0, 9999.0, 23.86, 9999.0, 22.36, 9999.0, 22.48, 22.43, 22.23, 22.23, 22.25
2026-09-08, 04:48:56, 22.2, 22.3, 22.61, 22.68, 9999.0, 9999.0, 9999.0, 23.91, 9999.0, 22.34, 9999.0, 22.48, 22.41, 22.23, 22.23, 22.25
2026-09-08, 04:49:00, 22.23, 22.3, 22.64, 22.66, 9999.0, 9999.0, 9999.0, 23.86, 9999.0, 22.32, 9999.0, 22.5, 22.39, 22.23, 22.23, 22.25
2026-09-08, 04:49:04, 22.23, 22.27, 22.64, 22.66, 9999.0, 9999.0, 9999.0, 23.82, 9999.0, 22.3, 9999.0, 22.52, 22.39, 22.23, 22.23, 22.25
2026-09-08, 04:49:08, 22.23, 22.27, 22.64, 22.66, 9999.0, 9999.0, 9999.0, 23.77, 9999.0, 22.27, 9999.0, 22.55, 22.36, 22.23, 22.23, 22.25
2026-09-08, 04:49:12, 22.25, 22.25, 22.61, 22.66, 9999.0, 9999.0, 9999.0, 23.73, 9999.0, 22.3, 9999.0, 22.57, 22.36, 22.23, 22.23, 22.25
2026-09-08, 04:49:16, 22.25, 22.25, 22.64, 22.66, 9999.0, 9999.0, 9999.0, 23.7, 9999.0, 22.32, 9999.0, 22.57, 22.36, 22.23, 22.23, 22.25
2026-09-08, 04:49:20, 22.25, 22.25, 22.64, 22.66, 9999.0, 9999.0, 9999.0, 23.68, 9999.0, 22.34, 9999.0, 22.59, 22.39, 22.23, 22.25, 22.25
2026-09-08, 04:49:24, 22.25, 22.27, 22.64, 22.68, 9999.0, 9999.0, 9999.0, 23.66, 9999.0, 22.34, 9999.0, 22.61, 22.41, 22.23, 22.25, 22.25
2026-09-08, 04:49:28, 22.25, 22.27, 22.61, 22.7, 9999.0, 9999.0, 9999.0, 23.61, 9999.0, 22.36, 9999.0, 22.61, 22.41, 22.25, 22.25, 22.25
2026-09-08, 04:49:32, 22.25, 22.27, 22.64, 22.68, 9999.0, 9999.0, 9999.0, 23.66, 9999.0, 22.39, 9999.0, 22.64, 22.41, 22.23, 22.25, 22.25
2026-09-08, 04:49:36, 22.25, 22.27, 22.66, 22.68, 9999.0, 9999.0, 9999.0, 23.7, 9999.0, 22.41, 9999.0, 22.64, 22.41, 22.23, 22.25, 22.25
2026-09-08, 04:49:40, 22.25, 22.3, 22.66, 22.66, 9999.0, 9999.0, 9999.0, 23.73, 9999.0, 22.43, 9999.0, 22.64, 22.43, 22.23, 22.25, 22.25
2026-09-08, 04:49:44, 22.25, 22.32, 22.64, 22.66, 9999.0, 9999.0, 9999.0, 23.75, 9999.0, 22.45, 9999.0, 22.61, 22.45, 22.23, 22.25, 22.25
2026-09-08, 04:49:48, 22.25, 22.34, 22.64, 22.64, 9999.0, 9999.0, 9999.0, 23.77, 9999.0, 22.48, 9999.0, 22.59, 22.43, 22.23, 22.25, 22.25
2026-09-08, 04:49:52, 22.25, 22.34, 22.64, 22.61, 9999.0, 9999.0, 9999.0, 23.82, 9999.0, 22.5, 9999.0, 22.57, 22.43, 22.23, 22.25, 22.25
2026-09-08, 04:49:56, 22.25, 22.34, 22.64, 22.59, 9999.0, 9999.0, 9999.0, 23.86, 9999.0, 22.5, 9999.0, 22.55, 22.41, 22.23, 22.25, 22.25
2026-09-08, 04:50:00, 22.25, 22.34, 22.61, 22.59, 9999.0, 9999.0, 9999.0, 23.91, 9999.0, 22.48, 9999.0, 22.55, 22.41, 22.2, 22.25, 22.25
2026-09-08, 04:50:04, 22.25, 22.34, 22.64, 22.59, 9999.0, 9999.0, 9999.0, 23.95, 9999.0, 22.48, 9999.0, 22.52, 22.41, 22.2, 22.25, 22.25
2026-09-08, 04:50:08, 22.25, 22.32, 22.64, 22.59, 9999.0, 9999.0, 9999.0, 23.98, 9999.0, 22.48, 9999.0, 22.5, 22.39, 22.2, 22.25, 22.25
2026-09-08, 04:50:12, 22.25, 22.34, 22.66, 22.57, 9999.0, 9999.0, 9999.0, 24.0, 9999.0, 22.48, 9999.0, 22.5, 22.36, 22.2, 22.25, 22.25
2026-09-08, 04:50:16, 22.25, 22.34, 22.66, 22.59, 9999.0, 9999.0, 9999.0, 23.95, 9999.0, 22.48, 9999.0, 22.5, 22.34, 22.2, 22.25, 22.25
2026-09-08, 04:50:20, 22.25, 22.36, 22.66, 22.61, 9999.0, 9999.0, 9999.0, 23.91, 9999.0, 22.45, 9999.0, 22.52, 22.34, 22.2, 22.25, 22.25
2026-09-08, 04:50:24, 22.25, 22.34, 22.68, 22.64, 9999.0, 9999.0, 9999.0, 23.89, 9999.0, 22.43, 9999.0, 22.55, 22.34, 22.2, 22.25, 22.25
2026-09-08, 04:50:28, 22.25, 22.32, 22.68, 22.66, 9999.0, 9999.0, 9999.0, 23.84, 9999.0, 22.41, 9999.0, 22.57, 22.32, 22.2, 22.25, 22.25
2026-09-08, 04:50:32, 22.25, 22.3, 22.66, 22.68, 9999.0, 9999.0, 9999.0, 23.8, 9999.0, 22.41, 9999.0, 22.59, 22.32, 22.2, 22.25, 22.25
2026-09-08, 04:50:36, 22.25, 22.3, 22.64, 22.7, 9999.0, 9999.0, 9999.0, 23.75, 9999.0, 22.41, 9999.0, 22.59, 22.32, 22.2, 22.25, 22.25
2026-09-08, 04:50:40, 22.25, 22.3, 22.66, 22.73, 9999.0, 9999.0, 9999.0, 23.7, 9999.0, 22.43, 9999.0, 22.59, 22.34, 22.2, 22.25, 22.25
2026-09-08, 04:50:44, 22.25, 22.3, 22.66, 22.73, 9999.0, 9999.0, 9999.0, 23.66, 9999.0, 22.48, 9999.0, 22.59, 22.36, 22.2, 22.25, 22.25
2026-09-08, 04:50:48, 22.25, 22.3, 22.64, 22.73, 9999.0, 9999.0, 9999.0, 23.61, 9999.0, 22.5, 9999.0, 22.59, 22.36, 22.2, 22.25, 22.25
2026-09-08, 04:50:52, 22.25, 22.32, 22.61, 22.73, 9999.0, 9999.0, 9999.0, 23.66, 9999.0, 22.52, 9999.0, 22.59, 22.36, 22.2, 22.25, 22.25
2026-09-08, 04:50:56, 22.25, 22.32, 22.61, 22.75, 9999.0, 9999.0, 9999.0, 23.7, 9999.0, 22.52, 9999.0, 22.59, 22.39, 22.18, 22.25, 22.25
2026-09-08, 04:51:00, 22.25, 22.32, 22.61, 22.75, 9999.0, 9999.0, 9999.0, 23.73, 9999.0, 22.52, 9999.0, 22.59, 22.41, 22.2, 22.25, 22.25
2026-09-08, 04:51:04, 22.25, 22.3, 22.59, 22.75, 9999.0, 9999.0, 9999.0, 23.75, 9999.0, 22.55, 9999.0, 22.57, 22.41, 22.2, 22.25, 22.25
2026-09-08, 04:51:08, 22.25, 22.3, 22.57, 22.75, 9999.0, 9999.0, 9999.0, 23.77, 9999.0, 22.57, 9999.0, 22.55, 22.41, 22.2, 22.25, 22.25
2026-09-08, 04:51:12, 22.25, 22.3, 22.57, 22.73, 9999.0, 9999.0, 9999.0, 23.82, 9999.0, 22.59, 9999.0, 22.52, 22.43, 22.18, 22.25, 22.25
2026-09-08, 04:51:16, 22.25, 22.3, 22.57, 22.7, 9999.0, 9999.0, 9999.0, 23.86, 9999.0, 22.59, 9999.0, 22.5, 22.43, 22.16, 22.25, 22.25
2026-09-08, 04:51:20, 22.25, 22.32, 22.59, 22.68, 9999.0, 9999.0, 9999.0, 23.91, 9999.0, 22.59, 9999.0, 22.5, 22.45, 22.16, 22.25, 22.25
2026-09-08, 04:51:24, 22.25, 22.32, 22.59, 22.66, 9999.0, 9999.0, 9999.0, 23.95, 9999.0, 22.57, 9999.0, 22.5, 22.43, 22.16, 22.25, 22.25
2026-09-08, 04:51:28, 22.25, 22.32, 22.61, 22.64, 9999.0, 9999.0, 9999.0, 23.98, 9999.0, 22.55, 9999.0, 22.5, 22.43, 22.16, 22.25, 22.25
2026-09-08, 04:51:32, 22.25, 22.34, 22.61, 22.64, 9999.0, 9999.0, 9999.0, 24.0, 9999.0, 22.52, 9999.0, 22.52, 22.41, 22.16, 22.25, 22.25
2026-09-08, 04:51:36, 22.25, 22.34, 22.64, 22.64, 9999.0, 9999.0, 9999.0, 23.95, 9999.0, 22.48, 9999.0, 22.55, 22.41, 22.16, 22.25, 22.25
2026-09-08, 04:51:40, 22.25, 22.32, 22.64, 22.64, 9999.0, 9999.0, 9999.0, 23.91, 9999.0, 22.48, 9999.0, 22.57, 22.41, 22.18, 22.25, 22.25
2026-09-08, 04:51:45, 22.25, 22.32, 22.64, 22.64, 9999.0, 9999.0, 9999.0, 23.89, 9999.0, 22.48, 9999.0, 22.59, 22.41, 22.18, 22.25, 22.25
2026-09-08, 04:51:49, 22.25, 22.32, 22.64, 22.64, 9999.0, 9999.0, 9999.0, 23.84, 9999.0, 22.48, 9999.0, 22.61, 22.39, 22.18, 22.25, 22.25
2026-09-08, 04:51:53, 22.25, 22.34, 22.66, 22.64, 9999.0, 9999.0, 9999.0, 23.8, 9999.0, 22.48, 9999.0, 22.64, 22.36, 22.18, 22.25, 22.25
2026-09-08, 04:51:57, 22.25, 22.34, 22.68, 22.64, 9999.0, 9999.0, 9999.0, 23.75, 9999.0, 22.48, 9999.0, 22.64, 22.36, 22.2, 22.25, 22.25
2026-09-08, 04:52:01, 22.25, 22.34, 22.7, 22.64, 9999.0, 9999.0, 9999.0, 23.7, 9999.0, 22.5, 9999.0, 22.64, 22.39, 22.2, 22.25, 22.25
2026-09-08, 04:52:05, 22.25, 22.32, 22.7, 22.64, 9999.0, 9999.0, 9999.0, 23.66, 9999.0, 22.52, 9999.0, 22.64, 22.36, 22.2, 22.25, 22.25
2026-09-08, 04:52:09, 22.25, 22.32, 22.7, 22.64, 9999.0, 9999.0, 9999.0, 23.68, 9999.0, 22.55, 9999.0, 22.64, 22.36, 22.18, 22.25, 22.25
2026-09-08, 04:52:13, 22.25, 22.32, 22.68, 22.64, 9999.0, 9999.0, 9999.0, 23.73, 9999.0, 22.57, 9999.0, 22.64, 22.36, 22.18, 22.25, 22.25
2026-09-08, 04:52:17, 22.25, 22.3, 22.68, 22.61, 9999.0, 9999.0, 9999.0, 23.75, 9999.0, 22.59, 9999.0, 22.61, 22.36, 22.18, 22.25, 22.25
2026-09-08, 04:52:21, 22.25, 22.27, 22.68, 22.61, 9999.0, 9999.0, 9999.0, 23.77, 9999.0, 22.61, 9999.0, 22.59, 22.36, 22.18, 22.25, 22.25
2026-09-08, 04:52:25, 22.25, 22.27, 22.68, 22.59, 9999.0, 9999.0, 9999.0, 23.8, 9999.0, 22.61, 9999.0, 22.57, 22.36, 22.18, 22.25, 22.25
2026-09-08, 04:52:29, 22.25, 22.27, 22.66, 22.59, 9999.0, 9999.0, 9999.0, 23.82, 9999.0, 22.61, 9999.0, 22.55, 22.34, 22.16, 22.25, 22.25
2026-09-08, 04:52:33, 22.25, 22.27, 22.66, 22.59, 9999.0, 9999.0, 9999.0, 23.86, 9999.0, 22.61, 9999.0, 22.52, 22.36, 22.14, 22.25, 22.25
2026-09-08, 04:52:37, 22.25, 22.25, 22.64, 22.57, 9999.0, 9999.0, 9999.0, 23.91, 9999.0, 22.61, 9999.0, 22.5, 22.36, 22.11, 22.25, 22.25
2026-09-08, 04:52:41, 22.25, 22.25, 22.61, 22.57, 9999.0, 9999.0, 9999.0, 23.95, 9999.0, 22.61, 9999.0, 22.5, 22.34, 22.11, 22.25, 22.25
2026-09-08, 04:52:45, 22.25, 22.27, 22.61, 22.57, 9999.0, 9999.0, 9999.0, 24.0, 9999.0, 22.59, 9999.0, 22.5, 22.32, 22.14, 22.25, 22.25
2026-09-08, 04:52:49, 22.25, 22.3, 22.59, 22.57, 9999.0, 9999.0, 9999.0, 24.05, 9999.0, 22.57, 9999.0, 22.5, 22.32, 22.14, 22.25, 22.25
2026-09-08, 04:52:53, 22.25, 22.3, 22.59, 22.57, 9999.0, 9999.0, 9999.0, 24.0, 9999.0, 22.55, 9999.0, 22.5, 22.32, 22.14, 22.25, 22.25
2026-09-08, 04:52:57, 22.25, 22.3, 22.59, 22.57, 9999.0, 9999.0, 9999.0, 23.95, 9999.0, 22.52, 9999.0, 22.52, 22.3, 22.16, 22.25, 22.25
2026-09-08, 04:53:01, 22.25, 22.3, 22.61, 22.59, 9999.0, 9999.0, 9999.0, 23.93, 9999.0, 22.5, 9999.0, 22.55, 22.3, 22.16, 22.25, 22.25
2026-09-08, 04:53:05, 22.25, 22.3, 22.59, 22.57, 9999.0, 9999.0, 9999.0, 23.91, 9999.0, 22.5, 9999.0, 22.57, 22.32, 22.16, 22.25, 22.25
2026-09-08, 04:53:09, 22.25, 22.3, 22.57, 22.57, 9999.0, 9999.0, 9999.0, 23.89, 9999.0, 22.5, 9999.0, 22.59, 22.3, 22.16, 22.25, 22.25
2026-09-08, 04:53:13, 22.25, 22.3, 22.59, 22.55, 9999.0, 9999.0, 9999.0, 23.84, 9999.0, 22.5, 9999.0, 22.61, 22.3, 22.16, 22.25, 22.25
2026-09-08, 04:53:17, 22.25, 22.3, 22.59, 22.52, 9999.0, 9999.0, 9999.0, 23.8, 9999.0, 22.52, 9999.0, 22.61, 22.3, 22.18, 22.25, 22.25
2026-09-08, 04:53:21, 22.25, 22.3, 22.59, 22.55, 9999.0, 9999.0, 9999.0, 23.75, 9999.0, 22.55, 9999.0, 22.61, 22.32, 22.2, 22.25, 22.25
2026-09-08, 04:53:25, 22.25, 22.32, 22.61, 22.55, 9999.0, 9999.0, 9999.0, 23.7, 9999.0, 22.57, 9999.0, 22.61, 22.34, 22.2, 22.25, 22.25
2026-09-08, 04:53:29, 22.25, 22.3, 22.61, 22.55, 9999.0, 9999.0, 9999.0, 23.73, 9999.0, 22.59, 9999.0, 22.61, 22.36, 22.2, 22.25, 22.25
2026-09-08, 04:53:33, 22.25, 22.27, 22.61, 22.57, 9999.0, 9999.0, 9999.0, 23.75, 9999.0, 22.61, 9999.0, 22.61, 22.36, 22.18, 22.25, 22.23
2026-09-08, 04:53:37, 22.25, 22.27, 22.59, 22.57, 9999.0, 9999.0, 9999.0, 23.77, 9999.0, 22.64, 9999.0, 22.61, 22.36, 22.18, 22.25, 22.23
2026-09-08, 04:53:41, 22.25, 22.27, 22.59, 22.59, 9999.0, 9999.0, 9999.0, 23.8, 9999.0, 22.64, 9999.0, 22.59, 22.36, 22.18, 22.25, 22.23
2026-09-08, 04:53:45, 22.25, 22.3, 22.57, 22.57, 9999.0, 9999.0, 9999.0, 23.82, 9999.0, 22.64, 9999.0, 22.57, 22.36, 22.18, 22.25, 22.23
2026-09-08, 04:53:49, 22.25, 22.3, 22.59, 22.59, 9999.0, 9999.0, 9999.0, 23.82, 9999.0, 22.64, 9999.0, 22.55, 22.34, 22.16, 22.25, 22.23
2026-09-08, 04:53:53, 22.25, 22.3, 22.59, 22.59, 9999.0, 9999.0, 9999.0, 23.84, 9999.0, 22.64, 9999.0, 22.52, 22.34, 22.16, 22.25, 22.23
2026-09-08, 04:53:57, 22.25, 22.3, 22.57, 22.59, 9999.0, 9999.0, 9999.0, 23.89, 9999.0, 22.64, 9999.0, 22.5, 22.34, 22.18, 22.25, 22.23
2026-09-08, 04:54:01, 22.25, 22.32, 22.57, 22.59, 9999.0, 9999.0, 9999.0, 23.93, 9999.0, 22.64, 9999.0, 22.5, 22.32, 22.18, 22.25, 22.23
2026-09-08, 04:54:05, 22.25, 22.32, 22.59, 22.57, 9999.0, 9999.0, 9999.0, 23.95, 9999.0, 22.61, 9999.0, 22.5, 22.3, 22.16, 22.25, 22.23
2026-09-08, 04:54:09, 22.25, 22.3, 22.59, 22.57, 9999.0, 9999.0, 9999.0, 23.98, 9999.0, 22.59, 9999.0, 22.5, 22.27, 22.14, 22.25, 22.23
2026-09-08, 04:54:13, 22.25, 22.3, 22.57, 22.57, 9999.0, 9999.0, 9999.0, 23.93, 9999.0, 22.57, 9999.0, 22.5, 22.27, 22.11, 22.25, 22.23
2026-09-08, 04:54:17, 22.25, 22.3, 22.59, 22.55, 9999.0, 9999.0, 9999.0, 23.89, 9999.0, 22.55, 9999.0, 22.52, 22.3, 22.14, 22.25, 22.25
2026-09-08, 04:54:21, 22.25, 22.3, 22.61, 22.55, 9999.0, 9999.0, 9999.0, 23.84, 9999.0, 22.52, 9999.0, 22.55, 22.3, 22.16, 22.25, 22.25
2026-09-08, 04:54:25, 22.25, 22.3, 22.64, 22.52, 9999.0, 9999.0, 9999.0, 23.8, 9999.0, 22.55, 9999.0, 22.57, 22.3, 22.16, 22.25, 22.25
2026-09-08, 04:54:29, 22.25, 22.27, 22.64, 22.52, 9999.0, 9999.0, 9999.0, 23.75, 9999.0, 22.55, 9999.0, 22.59, 22.3, 22.14, 22.25, 22.25
2026-09-08, 04:54:33, 22.25, 22.27, 22.61, 22.5, 9999.0, 9999.0, 9999.0, 23.73, 9999.0, 22.57, 9999.0, 22.59, 22.32, 22.16, 22.25, 22.25
2026-09-08, 04:54:37, 22.25, 22.27, 22.61, 22.5, 9999.0, 9999.0, 9999.0, 23.68, 9999.0, 22.59, 9999.0, 22.59, 22.34, 22.14, 22.25, 22.25
2026-09-08, 04:54:41, 22.25, 22.27, 22.61, 22.5, 9999.0, 9999.0, 9999.0, 23.64, 9999.0, 22.61, 9999.0, 22.59, 22.36, 22.14, 22.25, 22.25
2026-09-08, 04:54:45, 22.25, 22.25, 22.64, 22.5, 9999.0, 9999.0, 9999.0, 23.66, 9999.0, 22.61, 9999.0, 22.59, 22.39, 22.14, 22.25, 22.25
2026-09-08, 04:54:49, 22.25, 22.25, 22.61, 22.5, 9999.0, 9999.0, 9999.0, 23.7, 9999.0, 22.64, 9999.0, 22.59, 22.39, 22.14, 22.25, 22.25
2026-09-08, 04:54:53, 22.25, 22.25, 22.61, 22.52, 9999.0, 9999.0, 9999.0, 23.75, 9999.0, 22.64, 9999.0, 22.59, 22.39, 22.14, 22.25, 22.23
2026-09-08, 04:54:57, 22.25, 22.25, 22.64, 22.52, 9999.0, 9999.0, 9999.0, 23.77, 9999.0, 22.64, 9999.0, 22.59, 22.36, 22.14, 22.25, 22.23
2026-09-08, 04:55:01, 22.25, 22.25, 22.64, 22.52, 9999.0, 9999.0, 9999.0, 23.8, 9999.0, 22.64, 9999.0, 22.57, 22.34, 22.11, 22.25, 22.23
2026-09-08, 04:55:05, 22.25, 22.25, 22.61, 22.52, 9999.0, 9999.0, 9999.0, 23.84, 9999.0, 22.64, 9999.0, 22.55, 22.34, 22.09, 22.25, 22.23
2026-09-08, 04:55:09, 22.25, 22.27, 22.59, 22.52, 9999.0, 9999.0, 9999.0, 23.89, 9999.0, 22.61, 9999.0, 22.52, 22.34, 22.09, 22.25, 22.2
2026-09-08, 04:55:13, 22.25, 22.27, 22.59, 22.52, 9999.0, 9999.0, 9999.0, 23.91, 9999.0, 22.61, 9999.0, 22.5, 22.34, 22.09, 22.25, 22.18
2026-09-08, 04:55:17, 22.25, 22.27, 22.59, 22.52, 9999.0, 9999.0, 9999.0, 23.95, 9999.0, 22.59, 9999.0, 22.5, 22.32, 22.07, 22.23, 22.18
2026-09-08, 04:55:21, 22.25, 22.27, 22.59, 22.52, 9999.0, 9999.0, 9999.0, 24.0, 9999.0, 22.57, 9999.0, 22.5, 22.3, 22.09, 22.23, 22.16
2026-09-08, 04:55:25, 22.25, 22.27, 22.59, 22.52, 9999.0, 9999.0, 9999.0, 24.02, 9999.0, 22.55, 9999.0, 22.5, 22.27, 22.07, 22.23, 22.16
2026-09-08, 04:55:30, 22.25, 22.27, 22.59, 22.52, 9999.0, 9999.0, 9999.0, 23.98, 9999.0, 22.52, 9999.0, 22.5, 22.25, 22.05, 22.23, 22.16
2026-09-08, 04:55:34, 22.25, 22.3, 22.59, 22.52, 9999.0, 9999.0, 9999.0, 23.93, 9999.0, 22.5, 9999.0, 22.52, 22.27, 22.05, 22.23, 22.14
2026-09-08, 04:55:38, 22.25, 22.3, 22.57, 22.5, 9999.0, 9999.0, 9999.0, 23.89, 9999.0, 22.48, 9999.0, 22.55, 22.27, 22.07, 22.23, 22.16
2026-09-08, 04:55:42, 22.25, 22.3, 22.55, 22.5, 9999.0, 9999.0, 9999.0, 23.84, 9999.0, 22.48, 9999.0, 22.57, 22.27, 22.07, 22.23, 22.16
2026-09-08, 04:55:46, 22.25, 22.3, 22.55, 22.5, 9999.0, 9999.0, 9999.0, 23.82, 9999.0, 22.48, 9999.0, 22.57, 22.27, 22.07, 22.23, 22.16
2026-09-08, 04:55:50, 22.25, 22.3, 22.55, 22.52, 9999.0, 9999.0, 9999.0, 23.77, 9999.0, 22.48, 9999.0, 22.57, 22.3, 22.09, 22.23, 22.16
2026-09-08, 04:55:54, 22.25, 22.27, 22.55, 22.52, 9999.0, 9999.0, 9999.0, 23.73, 9999.0, 22.5, 9999.0, 22.57, 22.3, 22.09, 22.23, 22.16
2026-09-08, 04:55:58, 22.25, 22.3, 22.57, 22.52, 9999.0, 9999.0, 9999.0, 23.7, 9999.0, 22.52, 9999.0, 22.57, 22.3, 22.09, 22.23, 22.18
2026-09-08, 04:56:02, 22.25, 22.3, 22.59, 22.52, 9999.0, 9999.0, 9999.0, 23.66, 9999.0, 22.55, 9999.0, 22.57, 22.3, 22.09, 22.25, 22.18
2026-09-08, 04:56:06, 22.25, 22.3, 22.59, 22.52, 9999.0, 9999.0, 9999.0, 23.68, 9999.0, 22.55, 9999.0, 22.57, 22.3, 22.09, 22.25, 22.18
2026-09-08, 04:56:10, 22.25, 22.3, 22.59, 22.55, 9999.0, 9999.0, 9999.0, 23.73, 9999.0, 22.55, 9999.0, 22.57, 22.3, 22.11, 22.25, 22.16
2026-09-08, 04:56:14, 22.25, 22.3, 22.59, 22.55, 9999.0, 9999.0, 9999.0, 23.77, 9999.0, 22.55, 9999.0, 22.57, 22.32, 22.11, 22.25, 22.16
2026-09-08, 04:56:18, 22.25, 22.27, 22.59, 22.57, 9999.0, 9999.0, 9999.0, 23.8, 9999.0, 22.55, 9999.0, 22.55, 22.3, 22.11, 22.25, 22.18
2026-09-08, 04:56:22, 22.25, 22.27, 22.59, 22.57, 9999.0, 9999.0, 9999.0, 23.82, 9999.0, 22.57, 9999.0, 22.52, 22.3, 22.11, 22.25, 22.16
2026-09-08, 04:56:26, 22.25, 22.3, 22.61, 22.57, 9999.0, 9999.0, 9999.0, 23.86, 9999.0, 22.57, 9999.0, 22.5, 22.3, 22.11, 22.25, 22.16
2026-09-08, 04:56:30, 22.25, 22.3, 22.59, 22.59, 9999.0, 9999.0, 9999.0, 23.89, 9999.0, 22.57, 9999.0, 22.48, 22.3, 22.14, 22.25, 22.14
2026-09-08, 04:56:34, 22.25, 22.3, 22.59, 22.57, 9999.0, 9999.0, 9999.0, 23.91, 9999.0, 22.57, 9999.0, 22.48, 22.3, 22.11, 22.25, 22.14
2026-09-08, 04:56:38, 22.25, 22.3, 22.59, 22.57, 9999.0, 9999.0, 9999.0, 23.93, 9999.0, 22.55, 9999.0, 22.48, 22.3, 22.11, 22.25, 22.14
2026-09-08, 04:56:42, 22.25, 22.3, 22.57, 22.57, 9999.0, 9999.0, 9999.0, 23.98, 9999.0, 22.52, 9999.0, 22.48, 22.3, 22.11, 22.25, 22.14
2026-09-08, 04:56:46, 22.25, 22.3, 22.55, 22.59, 9999.0, 9999.0, 9999.0, 24.0, 9999.0, 22.5, 9999.0, 22.48, 22.3, 22.14, 22.25, 22.11
2026-09-08, 04:56:50, 22.25, 22.3, 22.55, 22.59, 9999.0, 9999.0, 9999.0, 23.95, 9999.0, 22.5, 9999.0, 22.5, 22.3, 22.11, 22.25, 22.11
2026-09-08, 04:56:54, 22.25, 22.3, 22.55, 22.57, 9999.0, 9999.0, 9999.0, 23.91, 9999.0, 22.48, 9999.0, 22.52, 22.32, 22.09, 22.25, 22.14
2026-09-08, 04:56:58, 22.25, 22.32, 22.55, 22.57, 9999.0, 9999.0, 9999.0, 23.86, 9999.0, 22.45, 9999.0, 22.55, 22.3, 22.09, 22.25, 22.14
2026-09-08, 04:57:02, 22.25, 22.34, 22.55, 22.55, 9999.0, 9999.0, 9999.0, 23.84, 9999.0, 22.48, 9999.0, 22.55, 22.32, 22.09, 22.25, 22.11
2026-09-08, 04:57:06, 22.25, 22.34, 22.57, 22.55, 9999.0, 9999.0, 9999.0, 23.82, 9999.0, 22.48, 9999.0, 22.55, 22.32, 22.09, 22.25, 22.14
2026-09-08, 04:57:10, 22.25, 22.32, 22.55, 22.55, 9999.0, 9999.0, 9999.0, 23.77, 9999.0, 22.48, 9999.0, 22.57, 22.34, 22.11, 22.25, 22.11
2026-09-08, 04:57:14, 22.25, 22.34, 22.55, 22.55, 9999.0, 9999.0, 9999.0, 23.73, 9999.0, 22.5, 9999.0, 22.59, 22.36, 22.11, 22.25, 22.14
2026-09-08, 04:57:18, 22.25, 22.34, 22.55, 22.55, 9999.0, 9999.0, 9999.0, 23.7, 9999.0, 22.5, 9999.0, 22.59, 22.36, 22.11, 22.25, 22.14
2026-09-08, 04:57:22, 22.25, 22.34, 22.55, 22.57, 9999.0, 9999.0, 9999.0, 23.75, 9999.0, 22.5, 9999.0, 22.59, 22.39, 22.11, 22.25, 22.14
2026-09-08, 04:57:26, 22.25, 22.32, 22.55, 22.59, 9999.0, 9999.0, 9999.0, 23.77, 9999.0, 22.5, 9999.0, 22.59, 22.41, 22.11, 22.25, 22.14
2026-09-08, 04:57:30, 22.23, 22.32, 22.55, 22.57, 9999.0, 9999.0, 9999.0, 23.8, 9999.0, 22.5, 9999.0, 22.59, 22.41, 22.09, 22.25, 22.14
2026-09-08, 04:57:34, 22.23, 22.32, 22.55, 22.59, 9999.0, 9999.0, 9999.0, 23.82, 9999.0, 22.5, 9999.0, 22.57, 22.41, 22.09, 22.23, 22.16
2026-09-08, 04:57:38, 22.23, 22.32, 22.55, 22.59, 9999.0, 9999.0, 9999.0, 23.84, 9999.0, 22.52, 9999.0, 22.55, 22.41, 22.09, 22.23, 22.16
2026-09-08, 04:57:42, 22.23, 22.3, 22.55, 22.59, 9999.0, 9999.0, 9999.0, 23.86, 9999.0, 22.55, 9999.0, 22.52, 22.41, 22.11, 22.2, 22.16
2026-09-08, 04:57:46, 22.23, 22.27, 22.55, 22.59, 9999.0, 9999.0, 9999.0, 23.86, 9999.0, 22.5, 9999.0, 22.52, 22.39, 22.14, 22.2, 22.18
2026-09-08, 04:57:50, 22.23, 22.27, 22.55, 22.59, 9999.0, 9999.0, 9999.0, 23.89, 9999.0, 22.5, 9999.0, 22.52, 22.39, 22.11, 22.2, 22.16
2026-09-08, 04:57:54, 22.23, 22.27, 22.57, 22.61, 9999.0, 9999.0, 9999.0, 23.93, 9999.0, 22.48, 9999.0, 22.5, 22.36, 22.11, 22.2, 22.16
2026-09-08, 04:57:58, 22.23, 22.27, 22.57, 22.59, 9999.0, 9999.0, 9999.0, 23.98, 9999.0, 22.43, 9999.0, 22.5, 22.36, 22.09, 22.2, 22.14
2026-09-08, 04:58:02, 22.23, 22.27, 22.57, 22.59, 9999.0, 9999.0, 9999.0, 24.0, 9999.0, 22.43, 9999.0, 22.52, 22.34, 22.11, 22.2, 22.14
2026-09-08, 04:58:06, 22.23, 22.27, 22.59, 22.57, 9999.0, 9999.0, 9999.0, 23.95, 9999.0, 22.41, 9999.0, 22.52, 22.32, 22.09, 22.18, 22.14
2026-09-08, 04:58:10, 22.23, 22.27, 22.59, 22.55, 9999.0, 9999.0, 9999.0, 23.91, 9999.0, 22.39, 9999.0, 22.55, 22.32, 22.09, 22.18, 22.11
2026-09-08, 04:58:14, 22.25, 22.27, 22.59, 22.57, 9999.0, 9999.0, 9999.0, 23.89, 9999.0, 22.34, 9999.0, 22.57, 22.34, 22.09, 22.18, 22.14
2026-09-08, 04:58:18, 22.23, 22.27, 22.59, 22.55, 9999.0, 9999.0, 9999.0, 23.84, 9999.0, 22.34, 9999.0, 22.57, 22.34, 22.11, 22.2, 22.14
2026-09-08, 04:58:22, 22.23, 22.27, 22.59, 22.55, 9999.0, 9999.0, 9999.0, 23.8, 9999.0, 22.34, 9999.0, 22.59, 22.32, 22.14, 22.2, 22.11
2026-09-08, 04:58:26, 22.23, 22.27, 22.57, 22.57, 9999.0, 9999.0, 9999.0, 23.75, 9999.0, 22.34, 9999.0, 22.61, 22.32, 22.14, 22.23, 22.11
2026-09-08, 04:58:30, 22.23, 22.27, 22.57, 22.57, 9999.0, 9999.0, 9999.0, 23.73, 9999.0, 22.36, 9999.0, 22.61, 22.34, 22.11, 22.23, 22.09
2026-09-08, 04:58:34, 22.23, 22.27, 22.55, 22.57, 9999.0, 9999.0, 9999.0, 23.68, 9999.0, 22.36, 9999.0, 22.61, 22.34, 22.11, 22.23, 22.11
2026-09-08, 04:58:38, 22.23, 22.3, 22.55, 22.57, 9999.0, 9999.0, 9999.0, 23.7, 9999.0, 22.39, 9999.0, 22.61, 22.36, 22.11, 22.2, 22.14
2026-09-08, 04:58:42, 22.23, 22.27, 22.55, 22.57, 9999.0, 9999.0, 9999.0, 23.73, 9999.0, 22.41, 9999.0, 22.61, 22.34, 22.14, 22.2, 22.14
2026-09-08, 04:58:46, 22.23, 22.27, 22.57, 22.57, 9999.0, 9999.0, 9999.0, 23.75, 9999.0, 22.41, 9999.0, 22.59, 22.34, 22.11, 22.2, 22.11
2026-09-08, 04:58:50, 22.23, 22.27, 22.57, 22.57, 9999.0, 9999.0, 9999.0, 23.77, 9999.0, 22.43, 9999.0, 22.59, 22.34, 22.11, 22.23, 22.11
2026-09-08, 04:58:54, 22.23, 22.27, 22.57, 22.59, 9999.0, 9999.0, 9999.0, 23.8, 9999.0, 22.45, 9999.0, 22.57, 22.32, 22.14, 22.23, 22.11
2026-09-08, 04:58:58, 22.23, 22.27, 22.59, 22.57, 9999.0, 9999.0, 9999.0, 23.8, 9999.0, 22.48, 9999.0, 22.55, 22.3, 22.14, 22.23, 22.11
2026-09-08, 04:59:02, 22.25, 22.27, 22.61, 22.57, 9999.0, 9999.0, 9999.0, 23.82, 9999.0, 22.45, 9999.0, 22.55, 22.3, 22.14, 22.23, 22.11
2026-09-08, 04:59:07, 22.25, 22.3, 22.61, 22.59, 9999.0, 9999.0, 9999.0, 23.84, 9999.0, 22.41, 9999.0, 22.52, 22.3, 22.14, 22.23, 22.11
2026-09-08, 04:59:11, 22.23, 22.3, 22.64, 22.59, 9999.0, 9999.0, 9999.0, 23.86, 9999.0, 22.39, 9999.0, 22.5, 22.3, 22.14, 22.23, 22.11
2026-09-08, 04:59:15, 22.23, 22.3, 22.64, 22.59, 9999.0, 9999.0, 9999.0, 23.89, 9999.0, 22.34, 9999.0, 22.5, 22.27, 22.16, 22.23, 22.11
2026-09-08, 04:59:19, 22.23, 22.32, 22.64, 22.59, 9999.0, 9999.0, 9999.0, 23.91, 9999.0, 22.3, 9999.0, 22.5, 22.3, 22.16, 22.2, 22.09
2026-09-08, 04:59:23, 22.23, 22.32, 22.61, 22.57, 9999.0, 9999.0, 9999.0, 23.86, 9999.0, 22.25, 9999.0, 22.5, 22.27, 22.14, 22.23, 22.09
2026-09-08, 04:59:27, 22.23, 22.34, 22.64, 22.57, 9999.0, 9999.0, 9999.0, 23.82, 9999.0, 22.2, 9999.0, 22.52, 22.3, 22.14, 22.23, 22.09
2026-09-08, 04:59:31, 22.23, 22.34, 22.64, 22.57, 9999.0, 9999.0, 9999.0, 23.77, 9999.0, 22.16, 9999.0, 22.55, 22.32, 22.14, 22.23, 22.09
2026-09-08, 04:59:35, 22.23, 22.36, 22.64, 22.57, 9999.0, 9999.0, 9999.0, 23.75, 9999.0, 22.11, 9999.0, 22.57, 22.32, 22.14, 22.23, 22.11
2026-09-08, 04:59:39, 22.23, 22.36, 22.64, 22.55, 9999.0, 9999.0, 9999.0, 23.7, 9999.0, 22.09, 9999.0, 22.59, 22.32, 22.11, 22.23, 22.11
2026-09-08, 04:59:43, 22.23, 22.36, 22.61, 22.55, 9999.0, 9999.0, 9999.0, 23.68, 9999.0, 22.09, 9999.0, 22.61, 22.32, 22.14, 22.23, 22.11
2026-09-08, 04:59:47, 22.23, 22.39, 22.61, 22.55, 9999.0, 9999.0, 9999.0, 23.64, 9999.0, 22.09, 9999.0, 22.64, 22.34, 22.14, 22.23, 22.11
2026-09-08, 04:59:51, 22.23, 22.39, 22.64, 22.52, 9999.0, 9999.0, 9999.0, 23.59, 9999.0, 22.14, 9999.0, 22.64, 22.36, 22.14, 22.23, 22.14
2026-09-08, 04:59:55, 22.25, 22.39, 22.64, 22.5, 9999.0, 9999.0, 9999.0, 23.55, 9999.0, 22.14, 9999.0, 22.64, 22.39, 22.14, 22.2, 22.14
2026-09-08, 04:59:59, 22.25, 22.39, 22.64, 22.5, 9999.0, 9999.0, 9999.0, 23.57, 9999.0, 22.16, 9999.0, 22.64, 22.41, 22.14, 22.2, 22.16
2026-09-08, 05:00:03, 22.25, 22.36, 22.66, 22.5, 9999.0, 9999.0, 9999.0, 23.59, 9999.0, 22.18, 9999.0, 22.64, 22.41, 22.14, 22.23, 22.18
2026-09-08, 05:00:07, 22.23, 22.34, 22.66, 22.5, 9999.0, 9999.0, 9999.0, 23.61, 9999.0, 22.2, 9999.0, 22.64, 22.41, 22.14, 22.23, 22.18
2026-09-08, 05:00:11, 22.23, 22.32, 22.64, 22.5, 9999.0, 9999.0, 9999.0, 23.64, 9999.0, 22.23, 9999.0, 22.61, 22.41, 22.11, 22.23, 22.18
2026-09-08, 05:00:15, 22.23, 22.32, 22.61, 22.5, 9999.0, 9999.0, 9999.0, 23.66, 9999.0, 22.25, 9999.0, 22.59, 22.41, 22.14, 22.23, 22.2
2026-09-08, 05:00:19, 22.23, 22.3, 22.61, 22.5, 9999.0, 9999.0, 9999.0, 23.66, 9999.0, 22.27, 9999.0, 22.57, 22.43, 22.14, 22.23, 22.2
2026-09-08, 05:00:23, 22.23, 22.3, 22.61, 22.52, 9999.0, 9999.0, 9999.0, 23.68, 9999.0, 22.25, 9999.0, 22.55, 22.43, 22.14, 22.23, 22.2
2026-09-08, 05:00:27, 22.23, 22.3, 22.64, 22.52, 9999.0, 9999.0, 9999.0, 23.7, 9999.0, 22.23, 9999.0, 22.5, 22.43, 22.11, 22.23, 22.2
2026-09-08, 05:00:31, 22.23, 22.27, 22.61, 22.55, 9999.0, 9999.0, 9999.0, 23.73, 9999.0, 22.2, 9999.0, 22.48, 22.41, 22.11, 22.23, 22.2
2026-09-08, 05:00:35, 22.23, 22.25, 22.61, 22.55, 9999.0, 9999.0, 9999.0, 23.77, 9999.0, 22.16, 9999.0, 22.5, 22.39, 22.09, 22.23, 22.2
2026-09-08, 05:00:39, 22.23, 22.25, 22.61, 22.55, 9999.0, 9999.0, 9999.0, 23.82, 9999.0, 22.14, 9999.0, 22.5, 22.36, 22.07, 22.25, 22.2
2026-09-08, 05:00:43, 22.23, 22.25, 22.61, 22.55, 9999.0, 9999.0, 9999.0, 23.77, 9999.0, 22.11, 9999.0, 22.52, 22.34, 22.05, 22.25, 22.2
2026-09-08, 05:00:47, 22.23, 22.25, 22.59, 22.55, 9999.0, 9999.0, 9999.0, 23.73, 9999.0, 22.09, 9999.0, 22.55, 22.34, 22.07, 22.25, 22.2
2026-09-08, 05:00:51, 22.25, 22.25, 22.59, 22.55, 9999.0, 9999.0, 9999.0, 23.68, 9999.0, 22.07, 9999.0, 22.57, 22.36, 22.07, 22.25, 22.2
2026-09-08, 05:00:55, 22.25, 22.25, 22.61, 22.55, 9999.0, 9999.0, 9999.0, 23.64, 9999.0, 22.07, 9999.0, 22.57, 22.34, 22.09, 22.25, 22.23
2026-09-08, 05:00:59, 22.25, 22.25, 22.61, 22.57, 9999.0, 9999.0, 9999.0, 23.59, 9999.0, 22.05, 9999.0, 22.59, 22.34, 22.07, 22.25, 22.23
2026-09-08, 05:01:03, 22.25, 22.25, 22.59, 22.57, 9999.0, 9999.0, 9999.0, 23.55, 9999.0, 22.05, 9999.0, 22.61, 22.32, 22.09, 22.25, 22.23
2026-09-08, 05:01:07, 22.25, 22.25, 22.61, 22.55, 9999.0, 9999.0, 9999.0, 23.5, 9999.0, 22.07, 9999.0, 22.64, 22.34, 22.11, 22.25, 22.25
2026-09-08, 05:01:11, 22.25, 22.25, 22.59, 22.57, 9999.0, 9999.0, 9999.0, 23.45, 9999.0, 22.09, 9999.0, 22.66, 22.34, 22.14, 22.25, 22.25
2026-09-08, 05:01:15, 22.25, 22.27, 22.61, 22.57, 9999.0, 9999.0, 9999.0, 23.5, 9999.0, 22.11, 9999.0, 22.68, 22.34, 22.14, 22.25, 22.25
2026-09-08, 05:01:19, 22.25, 22.27, 22.61, 22.57, 9999.0, 9999.0, 9999.0, 23.52, 9999.0, 22.14, 9999.0, 22.68, 22.36, 22.16, 22.25, 22.23
2026-09-08, 05:01:23, 22.25, 22.27, 22.59, 22.57, 9999.0, 9999.0, 9999.0, 23.52, 9999.0, 22.16, 9999.0, 22.68, 22.39, 22.16, 22.25, 22.23
2026-09-08, 05:01:27, 22.25, 22.27, 22.59, 22.57, 9999.0, 9999.0, 9999.0, 23.57, 9999.0, 22.16, 9999.0, 22.66, 22.39, 22.18, 22.23, 22.23
2026-09-08, 05:01:31, 22.25, 22.27, 22.61, 22.57, 9999.0, 9999.0, 9999.0, 23.59, 9999.0, 22.16, 9999.0, 22.64, 22.36, 22.16, 22.23, 22.23
2026-09-08, 05:01:35, 22.25, 22.27, 22.61, 22.57, 9999.0, 9999.0, 9999.0, 23.61, 9999.0, 22.16, 9999.0, 22.61, 22.36, 22.16, 22.23, 22.23
2026-09-08, 05:01:39, 22.25, 22.27, 22.59, 22.57, 9999.0, 9999.0, 9999.0, 23.61, 9999.0, 22.14, 9999.0, 22.61, 22.39, 22.16, 22.23, 22.23
2026-09-08, 05:01:43, 22.25, 22.27, 22.61, 22.57, 9999.0, 9999.0, 9999.0, 23.64, 9999.0, 22.14, 9999.0, 22.59, 22.36, 22.18, 22.23, 22.23
2026-09-08, 05:01:47, 22.25, 22.27, 22.64, 22.57, 9999.0, 9999.0, 9999.0, 23.66, 9999.0, 22.11, 9999.0, 22.57, 22.36, 22.16, 22.23, 22.23
2026-09-08, 05:01:51, 22.25, 22.27, 22.64, 22.59, 9999.0, 9999.0, 9999.0, 23.68, 9999.0, 22.09, 9999.0, 22.55, 22.34, 22.16, 22.23, 22.23
2026-09-08, 05:01:55, 22.25, 22.27, 22.66, 22.57, 9999.0, 9999.0, 9999.0, 23.7, 9999.0, 22.07, 9999.0, 22.57, 22.34, 22.16, 22.23, 22.2
2026-09-08, 05:01:59, 22.25, 22.25, 22.66, 22.55, 9999.0, 9999.0, 9999.0, 23.66, 9999.0, 22.05, 9999.0, 22.55, 22.34, 22.14, 22.23, 22.18
2026-09-08, 05:02:03, 22.25, 22.25, 22.66, 22.55, 9999.0, 9999.0, 9999.0, 23.61, 9999.0, 22.02, 9999.0, 22.55, 22.34, 22.14, 22.23, 22.18
2026-09-08, 05:02:07, 22.25, 22.25, 22.68, 22.55, 9999.0, 9999.0, 9999.0, 23.59, 9999.0, 22.0, 9999.0, 22.57, 22.32, 22.14, 22.23, 22.16
2026-09-08, 05:02:11, 22.25, 22.25, 22.7, 22.55, 9999.0, 9999.0, 9999.0, 23.55, 9999.0, 22.0, 9999.0, 22.59, 22.34, 22.14, 22.25, 22.16
2026-09-08, 05:02:15, 22.25, 22.27, 22.7, 22.55, 9999.0, 9999.0, 9999.0, 23.52, 9999.0, 22.02, 9999.0, 22.61, 22.34, 22.16, 22.25, 22.14
2026-09-08, 05:02:19, 22.25, 22.27, 22.73, 22.57, 9999.0, 9999.0, 9999.0, 23.48, 9999.0, 22.05, 9999.0, 22.61, 22.34, 22.18, 22.25, 22.11
2026-09-08, 05:02:23, 22.25, 22.27, 22.75, 22.57, 9999.0, 9999.0, 9999.0, 23.45, 9999.0, 22.07, 9999.0, 22.64, 22.32, 22.18, 22.25, 22.11
2026-09-08, 05:02:27, 22.25, 22.3, 22.75, 22.55, 9999.0, 9999.0, 9999.0, 23.43, 9999.0, 22.09, 9999.0, 22.66, 22.34, 22.16, 22.25, 22.11
2026-09-08, 05:02:31, 22.25, 22.3, 22.73, 22.55, 9999.0, 9999.0, 9999.0, 23.41, 9999.0, 22.11, 9999.0, 22.66, 22.36, 22.18, 22.25, 22.11
2026-09-08, 05:02:35, 22.25, 22.3, 22.7, 22.52, 9999.0, 9999.0, 9999.0, 23.45, 9999.0, 22.14, 9999.0, 22.66, 22.39, 22.16, 22.25, 22.11
2026-09-08, 05:02:39, 22.25, 22.3, 22.7, 22.52, 9999.0, 9999.0, 9999.0, 23.5, 9999.0, 22.16, 9999.0, 22.64, 22.41, 22.14, 22.25, 22.14
2026-09-08, 05:02:43, 22.25, 22.3, 22.7, 22.52, 9999.0, 9999.0, 9999.0, 23.55, 9999.0, 22.18, 9999.0, 22.64, 22.43, 22.14, 22.25, 22.16
2026-09-08, 05:02:47, 22.25, 22.3, 22.68, 22.55, 9999.0, 9999.0, 9999.0, 23.59, 9999.0, 22.2, 9999.0, 22.61, 22.41, 22.14, 22.25, 22.18
2026-09-08, 05:02:52, 22.25, 22.3, 22.68, 22.55, 9999.0, 9999.0, 9999.0, 23.64, 9999.0, 22.23, 9999.0, 22.59, 22.41, 22.14, 22.25, 22.2
2026-09-08, 05:02:56, 22.25, 22.3, 22.66, 22.57, 9999.0, 9999.0, 9999.0, 23.66, 9999.0, 22.25, 9999.0, 22.57, 22.39, 22.11, 22.25, 22.2
2026-09-08, 05:03:00, 22.25, 22.27, 22.64, 22.59, 9999.0, 9999.0, 9999.0, 23.68, 9999.0, 22.23, 9999.0, 22.55, 22.39, 22.11, 22.25, 22.23
2026-09-08, 05:03:04, 22.25, 22.27, 22.64, 22.59, 9999.0, 9999.0, 9999.0, 23.73, 9999.0, 22.23, 9999.0, 22.55, 22.36, 22.09, 22.25, 22.25
2026-09-08, 05:03:08, 22.25, 22.27, 22.64, 22.61, 9999.0, 9999.0, 9999.0, 23.77, 9999.0, 22.23, 9999.0, 22.52, 22.36, 22.09, 22.25, 22.23
2026-09-08, 05:03:12, 22.25, 22.25, 22.64, 22.64, 9999.0, 9999.0, 9999.0, 23.82, 9999.0, 22.2, 9999.0, 22.5, 22.34, 22.11, 22.25, 22.23
2026-09-08, 05:03:16, 22.25, 22.27, 22.66, 22.66, 9999.0, 9999.0, 9999.0, 23.86, 9999.0, 22.18, 9999.0, 22.5, 22.32, 22.09, 22.25, 22.23
2026-09-08, 05:03:20, 22.25, 22.27, 22.66, 22.68, 9999.0, 9999.0, 9999.0, 23.82, 9999.0, 22.16, 9999.0, 22.52, 22.3, 22.11, 22.25, 22.23
2026-09-08, 05:03:24, 22.25, 22.27, 22.66, 22.7, 9999.0, 9999.0, 9999.0, 23.77, 9999.0, 22.14, 9999.0, 22.55, 22.3, 22.14, 22.25, 22.23
2026-09-08, 05:03:28, 22.25, 22.27, 22.66, 22.73, 9999.0, 9999.0, 9999.0, 23.73, 9999.0, 22.11, 9999.0, 22.57, 22.3, 22.16, 22.25, 22.23
2026-09-08, 05:03:32, 22.25, 22.27, 22.68, 22.7, 9999.0, 9999.0, 9999.0, 23.68, 9999.0, 22.11, 9999.0, 22.59, 22.32, 22.16, 22.25, 22.23
2026-09-08, 05:03:36, 22.25, 22.27, 22.68, 22.73, 9999.0, 9999.0, 9999.0, 23.61, 9999.0, 22.11, 9999.0, 22.61, 22.32, 22.18, 22.25, 22.23
2026-09-08, 05:03:40, 22.25, 22.27, 22.7, 22.73, 9999.0, 9999.0, 9999.0, 23.57, 9999.0, 22.11, 9999.0, 22.61, 22.34, 22.2, 22.25, 22.23
2026-09-08, 05:03:44, 22.25, 22.27, 22.7, 22.73, 9999.0, 9999.0, 9999.0, 23.52, 9999.0, 22.16, 9999.0, 22.61, 22.36, 22.18, 22.25, 22.23
2026-09-08, 05:03:48, 22.23, 22.3, 22.7, 22.73, 9999.0, 9999.0, 9999.0, 23.5, 9999.0, 22.18, 9999.0, 22.61, 22.39, 22.18, 22.25, 22.23
2026-09-08, 05:03:52, 22.23, 22.3, 22.7, 22.73, 9999.0, 9999.0, 9999.0, 23.55, 9999.0, 22.18, 9999.0, 22.61, 22.41, 22.18, 22.25, 22.25
2026-09-08, 05:03:56, 22.23, 22.3, 22.7, 22.73, 9999.0, 9999.0, 9999.0, 23.57, 9999.0, 22.2, 9999.0, 22.64, 22.43, 22.18, 22.25, 22.25
2026-09-08, 05:04:00, 22.23, 22.3, 22.7, 22.7, 9999.0, 9999.0, 9999.0, 23.59, 9999.0, 22.23, 9999.0, 22.64, 22.45, 22.18, 22.25, 22.25
2026-09-08, 05:04:04, 22.23, 22.3, 22.73, 22.7, 9999.0, 9999.0, 9999.0, 23.64, 9999.0, 22.25, 9999.0, 22.61, 22.45, 22.16, 22.25, 22.25
2026-09-08, 05:04:08, 22.23, 22.32, 22.73, 22.68, 9999.0, 9999.0, 9999.0, 23.66, 9999.0, 22.27, 9999.0, 22.59, 22.45, 22.16, 22.25, 22.25
2026-09-08, 05:04:12, 22.23, 22.32, 22.73, 22.66, 9999.0, 9999.0, 9999.0, 23.68, 9999.0, 22.3, 9999.0, 22.57, 22.43, 22.16, 22.25, 22.25
2026-09-08, 05:04:16, 22.23, 22.34, 22.73, 22.66, 9999.0, 9999.0, 9999.0, 23.7, 9999.0, 22.3, 9999.0, 22.55, 22.41, 22.16, 22.25, 22.25
2026-09-08, 05:04:20, 22.23, 22.34, 22.73, 22.64, 9999.0, 9999.0, 9999.0, 23.75, 9999.0, 22.3, 9999.0, 22.52, 22.41, 22.16, 22.25, 22.25
2026-09-08, 05:04:24, 22.23, 22.34, 22.73, 22.61, 9999.0, 9999.0, 9999.0, 23.8, 9999.0, 22.27, 9999.0, 22.52, 22.39, 22.16, 22.25, 22.25
2026-09-08, 05:04:28, 22.23, 22.34, 22.75, 22.59, 9999.0, 9999.0, 9999.0, 23.84, 9999.0, 22.23, 9999.0, 22.52, 22.36, 22.16, 22.25, 22.25
2026-09-08, 05:04:32, 22.25, 22.34, 22.75, 22.59, 9999.0, 9999.0, 9999.0, 23.84, 9999.0, 22.18, 9999.0, 22.52, 22.34, 22.18, 22.25, 22.25
2026-09-08, 05:04:36, 22.25, 22.34, 22.75, 22.59, 9999.0, 9999.0, 9999.0, 23.77, 9999.0, 22.16, 9999.0, 22.55, 22.32, 22.18, 22.25, 22.25
2026-09-08, 05:04:40, 22.25, 22.34, 22.75, 22.59, 9999.0, 9999.0, 9999.0, 23.73, 9999.0, 22.16, 9999.0, 22.55, 22.32, 22.18, 22.25, 22.25
2026-09-08, 05:04:44, 22.25, 22.32, 22.75, 22.61, 9999.0, 9999.0, 9999.0, 23.68, 9999.0, 22.16, 9999.0, 22.57, 22.32, 22.2, 22.25, 22.25
2026-09-08, 05:04:48, 22.25, 22.32, 22.75, 22.61, 9999.0, 9999.0, 9999.0, 23.64, 9999.0, 22.18, 9999.0, 22.59, 22.32, 22.23, 22.25, 22.25
2026-09-08, 05:04:52, 22.25, 22.32, 22.75, 22.64, 9999.0, 9999.0, 9999.0, 23.61, 9999.0, 22.2, 9999.0, 22.61, 22.3, 22.23, 22.25, 22.25
2026-09-08, 05:04:56, 22.25, 22.32, 22.75, 22.66, 9999.0, 9999.0, 9999.0, 23.59, 9999.0, 22.23, 9999.0, 22.61, 22.32, 22.2, 22.25, 22.25
2026-09-08, 05:05:00, 22.25, 22.3, 22.75, 22.68, 9999.0, 9999.0, 9999.0, 23.55, 9999.0, 22.25, 9999.0, 22.61, 22.34, 22.2, 22.25, 22.25
2026-09-08, 05:05:04, 22.25, 22.32, 22.73, 22.7, 9999.0, 9999.0, 9999.0, 23.5, 9999.0, 22.27, 9999.0, 22.61, 22.34, 22.2, 22.25, 22.25
2026-09-08, 05:05:08, 22.25, 22.34, 22.73, 22.73, 9999.0, 9999.0, 9999.0, 23.55, 9999.0, 22.32, 9999.0, 22.61, 22.36, 22.2, 22.25, 22.25
2026-09-08, 05:05:12, 22.25, 22.34, 22.73, 22.75, 9999.0, 9999.0, 9999.0, 23.57, 9999.0, 22.36, 9999.0, 22.61, 22.39, 22.23, 22.25, 22.25
2026-09-08, 05:05:16, 22.25, 22.32, 22.7, 22.75, 9999.0, 9999.0, 9999.0, 23.61, 9999.0, 22.41, 9999.0, 22.61, 22.41, 22.23, 22.25, 22.25
2026-09-08, 05:05:20, 22.25, 22.32, 22.7, 22.75, 9999.0, 9999.0, 9999.0, 23.66, 9999.0, 22.43, 9999.0, 22.59, 22.41, 22.23, 22.25, 22.25
2026-09-08, 05:05:24, 22.25, 22.32, 22.7, 22.75, 9999.0, 9999.0, 9999.0, 23.68, 9999.0, 22.43, 9999.0, 22.57, 22.39, 22.23, 22.25, 22.25
2026-09-08, 05:05:28, 22.25, 22.32, 22.7, 22.75, 9999.0, 9999.0, 9999.0, 23.7, 9999.0, 22.43, 9999.0, 22.55, 22.36, 22.23, 22.25, 22.25
2026-09-08, 05:05:32, 22.25, 22.32, 22.7, 22.75, 9999.0, 9999.0, 9999.0, 23.73, 9999.0, 22.41, 9999.0, 22.52, 22.36, 22.23, 22.25, 22.25
2026-09-08, 05:05:36, 22.25, 22.3, 22.68, 22.75, 9999.0, 9999.0, 9999.0, 23.75, 9999.0, 22.39, 9999.0, 22.5, 22.36, 22.23, 22.25, 22.25
2026-09-08, 05:05:40, 22.25, 22.3, 22.68, 22.75, 9999.0, 9999.0, 9999.0, 23.77, 9999.0, 22.36, 9999.0, 22.5, 22.34, 22.25, 22.25, 22.25
2026-09-08, 05:05:44, 22.25, 22.3, 22.68, 22.75, 9999.0, 9999.0, 9999.0, 23.82, 9999.0, 22.34, 9999.0, 22.52, 22.32, 22.25, 22.25, 22.25
2026-09-08, 05:05:48, 22.25, 22.27, 22.7, 22.75, 9999.0, 9999.0, 9999.0, 23.86, 9999.0, 22.32, 9999.0, 22.52, 22.34, 22.25, 22.25, 22.25
2026-09-08, 05:05:52, 22.25, 22.25, 22.7, 22.75, 9999.0, 9999.0, 9999.0, 23.8, 9999.0, 22.3, 9999.0, 22.52, 22.32, 22.23, 22.25, 22.25
2026-09-08, 05:05:56, 22.25, 22.25, 22.7, 22.75, 9999.0, 9999.0, 9999.0, 23.75, 9999.0, 22.27, 9999.0, 22.55, 22.32, 22.23, 22.25, 22.25
2026-09-08, 05:06:00, 22.25, 22.25, 22.73, 22.75, 9999.0, 9999.0, 9999.0, 23.7, 9999.0, 22.25, 9999.0, 22.57, 22.32, 22.23, 22.25, 22.25
2026-09-08, 05:06:04, 22.25, 22.25, 22.7, 22.75, 9999.0, 9999.0, 9999.0, 23.66, 9999.0, 22.27, 9999.0, 22.59, 22.34, 22.23, 22.25, 22.25
2026-09-08, 05:06:08, 22.25, 22.27, 22.7, 22.75, 9999.0, 9999.0, 9999.0, 23.64, 9999.0, 22.3, 9999.0, 22.61, 22.34, 22.23, 22.25, 22.25
2026-09-08, 05:06:12, 22.25, 22.27, 22.7, 22.75, 9999.0, 9999.0, 9999.0, 23.61, 9999.0, 22.32, 9999.0, 22.61, 22.36, 22.23, 22.25, 22.25
2026-09-08, 05:06:16, 22.23, 22.3, 22.7, 22.75, 9999.0, 9999.0, 9999.0, 23.59, 9999.0, 22.34, 9999.0, 22.61, 22.39, 22.23, 22.25, 22.25
2026-09-08, 05:06:20, 22.23, 22.3, 22.73, 22.75, 9999.0, 9999.0, 9999.0, 23.57, 9999.0, 22.36, 9999.0, 22.61, 22.41, 22.23, 22.25, 22.25
2026-09-08, 05:06:24, 22.23, 22.32, 22.73, 22.75, 9999.0, 9999.0, 9999.0, 23.61, 9999.0, 22.39, 9999.0, 22.64, 22.41, 22.2, 22.25, 22.25
2026-09-08, 05:06:28, 22.23, 22.32, 22.7, 22.75, 9999.0, 9999.0, 9999.0, 23.64, 9999.0, 22.41, 9999.0, 22.61, 22.43, 22.2, 22.25, 22.25
2026-09-08, 05:06:32, 22.23, 22.32, 22.7, 22.75, 9999.0, 9999.0, 9999.0, 23.66, 9999.0, 22.43, 9999.0, 22.61, 22.43, 22.2, 22.25, 22.25
2026-09-08, 05:06:36, 22.23, 22.32, 22.7, 22.73, 9999.0, 9999.0, 9999.0, 23.7, 9999.0, 22.43, 9999.0, 22.61, 22.43, 22.23, 22.25, 22.25
2026-09-08, 05:06:40, 22.23, 22.34, 22.68, 22.73, 9999.0, 9999.0, 9999.0, 23.73, 9999.0, 22.43, 9999.0, 22.59, 22.43, 22.23, 22.25, 22.25
2026-09-08, 05:06:45, 22.23, 22.34, 22.68, 22.73, 9999.0, 9999.0, 9999.0, 23.75, 9999.0, 22.45, 9999.0, 22.57, 22.43, 22.2, 22.25, 22.25
2026-09-08, 05:06:49, 22.23, 22.34, 22.7, 22.73, 9999.0, 9999.0, 9999.0, 23.77, 9999.0, 22.43, 9999.0, 22.55, 22.41, 22.2, 22.25, 22.25
2026-09-08, 05:06:53, 22.23, 22.32, 22.68, 22.73, 9999.0, 9999.0, 9999.0, 23.8, 9999.0, 22.41, 9999.0, 22.52, 22.43, 22.18, 22.25, 22.25
2026-09-08, 05:06:57, 22.23, 22.34, 22.66, 22.7, 9999.0, 9999.0, 9999.0, 23.82, 9999.0, 22.41, 9999.0, 22.52, 22.41, 22.18, 22.25, 22.25
2026-09-08, 05:07:01, 22.25, 22.32, 22.66, 22.7, 9999.0, 9999.0, 9999.0, 23.84, 9999.0, 22.39, 9999.0, 22.52, 22.39, 22.18, 22.25, 22.25
2026-09-08, 05:07:05, 22.25, 22.32, 22.66, 22.7, 9999.0, 9999.0, 9999.0, 23.86, 9999.0, 22.36, 9999.0, 22.55, 22.39, 22.18, 22.25, 22.25
2026-09-08, 05:07:09, 22.25, 22.3, 22.66, 22.7, 9999.0, 9999.0, 9999.0, 23.82, 9999.0, 22.34, 9999.0, 22.52, 22.39, 22.2, 22.25, 22.25
2026-09-08, 05:07:13, 22.25, 22.3, 22.68, 22.7, 9999.0, 9999.0, 9999.0, 23.8, 9999.0, 22.32, 9999.0, 22.55, 22.39, 22.2, 22.25, 22.25
2026-09-08, 05:07:17, 22.25, 22.32, 22.68, 22.7, 9999.0, 9999.0, 9999.0, 23.75, 9999.0, 22.3, 9999.0, 22.57, 22.39, 22.2, 22.25, 22.25
2026-09-08, 05:07:21, 22.25, 22.32, 22.68, 22.73, 9999.0, 9999.0, 9999.0, 23.7, 9999.0, 22.3, 9999.0, 22.59, 22.39, 22.2, 22.25, 22.25
2026-09-08, 05:07:25, 22.25, 22.3, 22.7, 22.73, 9999.0, 9999.0, 9999.0, 23.68, 9999.0, 22.32, 9999.0, 22.61, 22.36, 22.18, 22.25, 22.25
2026-09-08, 05:07:29, 22.25, 22.3, 22.7, 22.73, 9999.0, 9999.0, 9999.0, 23.66, 9999.0, 22.32, 9999.0, 22.64, 22.34, 22.18, 22.25, 22.25
2026-09-08, 05:07:33, 22.25, 22.32, 22.7, 22.7, 9999.0, 9999.0, 9999.0, 23.64, 9999.0, 22.34, 9999.0, 22.66, 22.36, 22.18, 22.25, 22.25
2026-09-08, 05:07:37, 22.25, 22.32, 22.7, 22.7, 9999.0, 9999.0, 9999.0, 23.61, 9999.0, 22.36, 9999.0, 22.66, 22.36, 22.2, 22.25, 22.25
2026-09-08, 05:07:41, 22.25, 22.3, 22.7, 22.73, 9999.0, 9999.0, 9999.0, 23.59, 9999.0, 22.36, 9999.0, 22.66, 22.39, 22.2, 22.25, 22.25
2026-09-08, 05:07:45, 22.25, 22.3, 22.7, 22.73, 9999.0, 9999.0, 9999.0, 23.64, 9999.0, 22.39, 9999.0, 22.66, 22.41, 22.2, 22.25, 22.25
2026-09-08, 05:07:49, 22.25, 22.3, 22.7, 22.7, 9999.0, 9999.0, 9999.0, 23.66, 9999.0, 22.41, 9999.0, 22.64, 22.41, 22.2, 22.25, 22.25
2026-09-08, 05:07:53, 22.25, 22.3, 22.7, 22.68, 9999.0, 9999.0, 9999.0, 23.68, 9999.0, 22.43, 9999.0, 22.64, 22.41, 22.2, 22.25, 22.25
2026-09-08, 05:07:57, 22.25, 22.3, 22.7, 22.68, 9999.0, 9999.0, 9999.0, 23.7, 9999.0, 22.45, 9999.0, 22.61, 22.41, 22.2, 22.25, 22.25
2026-09-08, 05:08:01, 22.25, 22.27, 22.7, 22.68, 9999.0, 9999.0, 9999.0, 23.75, 9999.0, 22.45, 9999.0, 22.59, 22.39, 22.2, 22.25, 22.25
2026-09-08, 05:08:05, 22.25, 22.27, 22.7, 22.68, 9999.0, 9999.0, 9999.0, 23.77, 9999.0, 22.45, 9999.0, 22.57, 22.39, 22.18, 22.25, 22.25
2026-09-08, 05:08:09, 22.25, 22.27, 22.7, 22.68, 9999.0, 9999.0, 9999.0, 23.8, 9999.0, 22.43, 9999.0, 22.55, 22.39, 22.18, 22.25, 22.25
2026-09-08, 05:08:13, 22.25, 22.27, 22.7, 22.66, 9999.0, 9999.0, 9999.0, 23.82, 9999.0, 22.41, 9999.0, 22.52, 22.39, 22.2, 22.25, 22.25
2026-09-08, 05:08:17, 22.25, 22.25, 22.7, 22.68, 9999.0, 9999.0, 9999.0, 23.84, 9999.0, 22.39, 9999.0, 22.5, 22.36, 22.2, 22.25, 22.25
2026-09-08, 05:08:21, 22.25, 22.25, 22.73, 22.68, 9999.0, 9999.0, 9999.0, 23.86, 9999.0, 22.36, 9999.0, 22.5, 22.36, 22.2, 22.25, 22.25
2026-09-08, 05:08:25, 22.25, 22.25, 22.75, 22.68, 9999.0, 9999.0, 9999.0, 23.89, 9999.0, 22.34, 9999.0, 22.5, 22.34, 22.2, 22.25, 22.25
2026-09-08, 05:08:29, 22.25, 22.25, 22.75, 22.68, 9999.0, 9999.0, 9999.0, 23.82, 9999.0, 22.32, 9999.0, 22.52, 22.32, 22.2, 22.25, 22.25
2026-09-08, 05:08:33, 22.25, 22.25, 22.75, 22.7, 9999.0, 9999.0, 9999.0, 23.8, 9999.0, 22.3, 9999.0, 22.55, 22.3, 22.2, 22.25, 22.25
2026-09-08, 05:08:37, 22.25, 22.27, 22.73, 22.73, 9999.0, 9999.0, 9999.0, 23.75, 9999.0, 22.27, 9999.0, 22.57, 22.32, 22.2, 22.25, 22.25
2026-09-08, 05:08:41, 22.25, 22.3, 22.73, 22.73, 9999.0, 9999.0, 9999.0, 23.7, 9999.0, 22.27, 9999.0, 22.59, 22.32, 22.2, 22.25, 22.25
2026-09-08, 05:08:45, 22.25, 22.32, 22.73, 22.7, 9999.0, 9999.0, 9999.0, 23.66, 9999.0, 22.3, 9999.0, 22.61, 22.34, 22.2, 22.25, 22.25
2026-09-08, 05:08:49, 22.25, 22.34, 22.73, 22.68, 9999.0, 9999.0, 9999.0, 23.64, 9999.0, 22.32, 9999.0, 22.64, 22.36, 22.23, 22.25, 22.25
2026-09-08, 05:08:53, 22.25, 22.34, 22.7, 22.68, 9999.0, 9999.0, 9999.0, 23.59, 9999.0, 22.34, 9999.0, 22.64, 22.39, 22.25, 22.25, 22.25
2026-09-08, 05:08:57, 22.25, 22.34, 22.7, 22.7, 9999.0, 9999.0, 9999.0, 23.55, 9999.0, 22.36, 9999.0, 22.64, 22.41, 22.25, 22.25, 22.25
2026-09-08, 05:09:01, 22.25, 22.34, 22.7, 22.7, 9999.0, 9999.0, 9999.0, 23.57, 9999.0, 22.39, 9999.0, 22.64, 22.43, 22.25, 22.25, 22.25
2026-09-08, 05:09:05, 22.23, 22.34, 22.7, 22.7, 9999.0, 9999.0, 9999.0, 23.59, 9999.0, 22.41, 9999.0, 22.64, 22.43, 22.23, 22.25, 22.25
2026-09-08, 05:09:09, 22.23, 22.36, 22.7, 22.68, 9999.0, 9999.0, 9999.0, 23.61, 9999.0, 22.43, 9999.0, 22.64, 22.45, 22.2, 22.25, 22.25
2026-09-08, 05:09:13, 22.23, 22.36, 22.7, 22.68, 9999.0, 9999.0, 9999.0, 23.66, 9999.0, 22.45, 9999.0, 22.61, 22.45, 22.18, 22.25, 22.23
2026-09-08, 05:09:17, 22.23, 22.36, 22.7, 22.68, 9999.0, 9999.0, 9999.0, 23.66, 9999.0, 22.48, 9999.0, 22.59, 22.45, 22.18, 22.25, 22.23
2026-09-08, 05:09:21, 22.23, 22.34, 22.73, 22.68, 9999.0, 9999.0, 9999.0, 23.68, 9999.0, 22.5, 9999.0, 22.57, 22.43, 22.16, 22.25, 22.23
2026-09-08, 05:09:25, 22.23, 22.32, 22.73, 22.68, 9999.0, 9999.0, 9999.0, 23.7, 9999.0, 22.48, 9999.0, 22.55, 22.41, 22.16, 22.25, 22.23
2026-09-08, 05:09:29, 22.23, 22.3, 22.73, 22.7, 9999.0, 9999.0, 9999.0, 23.75, 9999.0, 22.48, 9999.0, 22.52, 22.39, 22.14, 22.25, 22.23
2026-09-08, 05:09:33, 22.23, 22.27, 22.73, 22.73, 9999.0, 9999.0, 9999.0, 23.77, 9999.0, 22.48, 9999.0, 22.5, 22.36, 22.14, 22.25, 22.23
2026-09-08, 05:09:37, 22.23, 22.27, 22.73, 22.73, 9999.0, 9999.0, 9999.0, 23.82, 9999.0, 22.45, 9999.0, 22.5, 22.34, 22.11, 22.25, 22.23
2026-09-08, 05:09:41, 22.23, 22.3, 22.7, 22.7, 9999.0, 9999.0, 9999.0, 23.86, 9999.0, 22.43, 9999.0, 22.5, 22.32, 22.09, 22.25, 22.2
2026-09-08, 05:09:45, 22.23, 22.3, 22.7, 22.7, 9999.0, 9999.0, 9999.0, 23.84, 9999.0, 22.41, 9999.0, 22.52, 22.32, 22.09, 22.25, 22.2
2026-09-08, 05:09:49, 22.25, 22.32, 22.7, 22.7, 9999.0, 9999.0, 9999.0, 23.82, 9999.0, 22.39, 9999.0, 22.55, 22.3, 22.11, 22.25, 22.2
2026-09-08, 05:09:53, 22.25, 22.3, 22.7, 22.7, 9999.0, 9999.0, 9999.0, 23.77, 9999.0, 22.36, 9999.0, 22.57, 22.3, 22.14, 22.25, 22.2
2026-09-08, 05:09:57, 22.25, 22.3, 22.7, 22.68, 9999.0, 9999.0, 9999.0, 23.73, 9999.0, 22.36, 9999.0, 22.59, 22.32, 22.16, 22.25, 22.23
2026-09-08, 05:10:01, 22.25, 22.3, 22.7, 22.68, 9999.0, 9999.0, 9999.0, 23.7, 9999.0, 22.36, 9999.0, 22.59, 22.34, 22.14, 22.25, 22.23
2026-09-08, 05:10:05, 22.25, 22.3, 22.68, 22.66, 9999.0, 9999.0, 9999.0, 23.68, 9999.0, 22.36, 9999.0, 22.59, 22.36, 22.16, 22.25, 22.23
2026-09-08, 05:10:09, 22.23, 22.32, 22.68, 22.66, 9999.0, 9999.0, 9999.0, 23.66, 9999.0, 22.41, 9999.0, 22.61, 22.39, 22.16, 22.25, 22.23
2026-09-08, 05:10:13, 22.23, 22.32, 22.66, 22.66, 9999.0, 9999.0, 9999.0, 23.61, 9999.0, 22.41, 9999.0, 22.61, 22.41, 22.18, 22.25, 22.23
2026-09-08, 05:10:17, 22.23, 22.32, 22.66, 22.66, 9999.0, 9999.0, 9999.0, 23.66, 9999.0, 22.41, 9999.0, 22.61, 22.43, 22.18, 22.25, 22.23
2026-09-08, 05:10:21, 22.23, 22.34, 22.68, 22.64, 9999.0, 9999.0, 9999.0, 23.7, 9999.0, 22.43, 9999.0, 22.61, 22.45, 22.2, 22.25, 22.23
2026-09-08, 05:10:25, 22.23, 22.32, 22.68, 22.66, 9999.0, 9999.0, 9999.0, 23.73, 9999.0, 22.45, 9999.0, 22.61, 22.48, 22.23, 22.25, 22.25
2026-09-08, 05:10:29, 22.23, 22.32, 22.68, 22.66, 9999.0, 9999.0, 9999.0, 23.75, 9999.0, 22.48, 9999.0, 22.59, 22.45, 22.2, 22.25, 22.25
2026-09-08, 05:10:33, 22.23, 22.3, 22.66, 22.64, 9999.0, 9999.0, 9999.0, 23.77, 9999.0, 22.5, 9999.0, 22.57, 22.48, 22.18, 22.25, 22.25
2026-09-08, 05:10:38, 22.23, 22.3, 22.66, 22.64, 9999.0, 9999.0, 9999.0, 23.82, 9999.0, 22.52, 9999.0, 22.55, 22.45, 22.18, 22.25, 22.25
2026-09-08, 05:10:42, 22.23, 22.3, 22.66, 22.66, 9999.0, 9999.0, 9999.0, 23.84, 9999.0, 22.52, 9999.0, 22.52, 22.43, 22.16, 22.25, 22.25
2026-09-08, 05:10:46, 22.23, 22.3, 22.64, 22.64, 9999.0, 9999.0, 9999.0, 23.89, 9999.0, 22.52, 9999.0, 22.52, 22.41, 22.18, 22.25, 22.25
2026-09-08, 05:10:50, 22.23, 22.3, 22.64, 22.66, 9999.0, 9999.0, 9999.0, 23.91, 9999.0, 22.52, 9999.0, 22.52, 22.39, 22.16, 22.25, 22.25
2026-09-08, 05:10:54, 22.25, 22.27, 22.61, 22.64, 9999.0, 9999.0, 9999.0, 23.93, 9999.0, 22.5, 9999.0, 22.5, 22.39, 22.14, 22.25, 22.25
2026-09-08, 05:10:58, 22.25, 22.27, 22.64, 22.61, 9999.0, 9999.0, 9999.0, 23.95, 9999.0, 22.5, 9999.0, 22.5, 22.36, 22.11, 22.25, 22.25
2026-09-08, 05:11:02, 22.25, 22.27, 22.64, 22.61, 9999.0, 9999.0, 9999.0, 23.91, 9999.0, 22.5, 9999.0, 22.5, 22.34, 22.09, 22.25, 22.25
2026-09-08, 05:11:06, 22.25, 22.27, 22.61, 22.64, 9999.0, 9999.0, 9999.0, 23.86, 9999.0, 22.5, 9999.0, 22.52, 22.32, 22.09, 22.25, 22.25
2026-09-08, 05:11:10, 22.25, 22.27, 22.64, 22.64, 9999.0, 9999.0, 9999.0, 23.84, 9999.0, 22.48, 9999.0, 22.55, 22.32, 22.09, 22.25, 22.25
2026-09-08, 05:11:14, 22.25, 22.27, 22.64, 22.64, 9999.0, 9999.0, 9999.0, 23.8, 9999.0, 22.48, 9999.0, 22.57, 22.32, 22.11, 22.23, 22.25
2026-09-08, 05:11:18, 22.25, 22.27, 22.66, 22.64, 9999.0, 9999.0, 9999.0, 23.75, 9999.0, 22.48, 9999.0, 22.57, 22.32, 22.11, 22.23, 22.25
2026-09-08, 05:11:22, 22.25, 22.27, 22.66, 22.64, 9999.0, 9999.0, 9999.0, 23.7, 9999.0, 22.48, 9999.0, 22.59, 22.34, 22.09, 22.23, 22.25
2026-09-08, 05:11:26, 22.25, 22.27, 22.66, 22.61, 9999.0, 9999.0, 9999.0, 23.68, 9999.0, 22.5, 9999.0, 22.59, 22.36, 22.11, 22.23, 22.25
2026-09-08, 05:11:30, 22.25, 22.27, 22.68, 22.61, 9999.0, 9999.0, 9999.0, 23.64, 9999.0, 22.52, 9999.0, 22.59, 22.39, 22.11, 22.23, 22.25
2026-09-08, 05:11:34, 22.25, 22.27, 22.68, 22.59, 9999.0, 9999.0, 9999.0, 23.68, 9999.0, 22.55, 9999.0, 22.59, 22.39, 22.11, 22.23, 22.25
2026-09-08, 05:11:38, 22.25, 22.27, 22.68, 22.59, 9999.0, 9999.0, 9999.0, 23.7, 9999.0, 22.55, 9999.0, 22.59, 22.39, 22.11, 22.23, 22.25
2026-09-08, 05:11:42, 22.25, 22.27, 22.66, 22.59, 9999.0, 9999.0, 9999.0, 23.73, 9999.0, 22.55, 9999.0, 22.59, 22.41, 22.14, 22.23, 22.25
2026-09-08, 05:11:46, 22.25, 22.27, 22.64, 22.57, 9999.0, 9999.0, 9999.0, 23.75, 9999.0, 22.55, 9999.0, 22.59, 22.43, 22.14, 22.23, 22.25
2026-09-08, 05:11:50, 22.25, 22.25, 22.64, 22.55, 9999.0, 9999.0, 9999.0, 23.77, 9999.0, 22.55, 9999.0, 22.57, 22.43, 22.11, 22.23, 22.25
2026-09-08, 05:11:54, 22.25, 22.25, 22.61, 22.52, 9999.0, 9999.0, 9999.0, 23.8, 9999.0, 22.57, 9999.0, 22.55, 22.43, 22.09, 22.23, 22.25
2026-09-08, 05:11:58, 22.25, 22.25, 22.61, 22.5, 9999.0, 9999.0, 9999.0, 23.82, 9999.0, 22.57, 9999.0, 22.52, 22.43, 22.09, 22.25, 22.25
2026-09-08, 05:12:02, 22.25, 22.25, 22.61, 22.5, 9999.0, 9999.0, 9999.0, 23.84, 9999.0, 22.57, 9999.0, 22.52, 22.41, 22.11, 22.25, 22.25
2026-09-08, 05:12:06, 22.25, 22.25, 22.61, 22.5, 9999.0, 9999.0, 9999.0, 23.86, 9999.0, 22.57, 9999.0, 22.5, 22.39, 22.14, 22.25, 22.23
2026-09-08, 05:12:10, 22.25, 22.25, 22.61, 22.5, 9999.0, 9999.0, 9999.0, 23.91, 9999.0, 22.55, 9999.0, 22.5, 22.36, 22.11, 22.25, 22.23
2026-09-08, 05:12:14, 22.25, 22.25, 22.61, 22.5, 9999.0, 9999.0, 9999.0, 23.93, 9999.0, 22.52, 9999.0, 22.52, 22.34, 22.09, 22.25, 22.23
2026-09-08, 05:12:18, 22.25, 22.27, 22.64, 22.5, 9999.0, 9999.0, 9999.0, 23.89, 9999.0, 22.5, 9999.0, 22.52, 22.34, 22.11, 22.25, 22.23
2026-09-08, 05:12:22, 22.25, 22.27, 22.66, 22.5, 9999.0, 9999.0, 9999.0, 23.86, 9999.0, 22.5, 9999.0, 22.55, 22.32, 22.14, 22.25, 22.2
2026-09-08, 05:12:26, 22.25, 22.27, 22.68, 22.5, 9999.0, 9999.0, 9999.0, 23.84, 9999.0, 22.5, 9999.0, 22.57, 22.3, 22.14, 22.25, 22.2
2026-09-08, 05:12:30, 22.25, 22.27, 22.7, 22.5, 9999.0, 9999.0, 9999.0, 23.82, 9999.0, 22.5, 9999.0, 22.59, 22.3, 22.16, 22.25, 22.2
2026-09-08, 05:12:34, 22.25, 22.27, 22.73, 22.5, 9999.0, 9999.0, 9999.0, 23.8, 9999.0, 22.5, 9999.0, 22.61, 22.32, 22.18, 22.25, 22.2
2026-09-08, 05:12:38, 22.25, 22.27, 22.75, 22.5, 9999.0, 9999.0, 9999.0, 23.77, 9999.0, 22.5, 9999.0, 22.61, 22.3, 22.2, 22.25, 22.2
2026-09-08, 05:12:42, 22.25, 22.3, 22.75, 22.5, 9999.0, 9999.0, 9999.0, 23.75, 9999.0, 22.52, 9999.0, 22.61, 22.32, 22.2, 22.25, 22.2
2026-09-08, 05:12:46, 22.25, 22.3, 22.73, 22.5, 9999.0, 9999.0, 9999.0, 23.73, 9999.0, 22.55, 9999.0, 22.61, 22.32, 22.2, 22.25, 22.18
2026-09-08, 05:12:50, 22.25, 22.3, 22.73, 22.5, 9999.0, 9999.0, 9999.0, 23.7, 9999.0, 22.57, 9999.0, 22.61, 22.34, 22.18, 22.25, 22.2
2026-09-08, 05:12:54, 22.25, 22.3, 22.73, 22.5, 9999.0, 9999.0, 9999.0, 23.73, 9999.0, 22.59, 9999.0, 22.61, 22.34, 22.2, 22.25, 22.2
2026-09-08, 05:12:58, 22.25, 22.3, 22.73, 22.5, 9999.0, 9999.0, 9999.0, 23.77, 9999.0, 22.61, 9999.0, 22.61, 22.34, 22.2, 22.25, 22.2
2026-09-08, 05:13:02, 22.25, 22.27, 22.73, 22.5, 9999.0, 9999.0, 9999.0, 23.82, 9999.0, 22.64, 9999.0, 22.61, 22.34, 22.18, 22.25, 22.2
2026-09-08, 05:13:06, 22.25, 22.27, 22.73, 22.5, 9999.0, 9999.0, 9999.0, 23.86, 9999.0, 22.66, 9999.0, 22.59, 22.34, 22.16, 22.25, 22.23
2026-09-08, 05:13:10, 22.25, 22.27, 22.73, 22.5, 9999.0, 9999.0, 9999.0, 23.89, 9999.0, 22.66, 9999.0, 22.57, 22.34, 22.14, 22.25, 22.23
2026-09-08, 05:13:14, 22.25, 22.27, 22.73, 22.5, 9999.0, 9999.0, 9999.0, 23.91, 9999.0, 22.68, 9999.0, 22.55, 22.32, 22.11, 22.25, 22.23
2026-09-08, 05:13:18, 22.25, 22.27, 22.7, 22.5, 9999.0, 9999.0, 9999.0, 23.93, 9999.0, 22.68, 9999.0, 22.52, 22.3, 22.09, 22.25, 22.2
2026-09-08, 05:13:22, 22.25, 22.27, 22.7, 22.5, 9999.0, 9999.0, 9999.0, 23.93, 9999.0, 22.68, 9999.0, 22.52, 22.3, 22.09, 22.25, 22.18
2026-09-08, 05:13:26, 22.25, 22.25, 22.7, 22.52, 9999.0, 9999.0, 9999.0, 23.98, 9999.0, 22.66, 9999.0, 22.52, 22.27, 22.07, 22.25, 22.16
2026-09-08, 05:13:30, 22.25, 22.25, 22.7, 22.55, 9999.0, 9999.0, 9999.0, 24.02, 9999.0, 22.64, 9999.0, 22.52, 22.27, 22.05, 22.25, 22.18
2026-09-08, 05:13:34, 22.25, 22.25, 22.68, 22.55, 9999.0, 9999.0, 9999.0, 24.05, 9999.0, 22.61, 9999.0, 22.52, 22.25, 22.07, 22.25, 22.18
2026-09-08, 05:13:38, 22.25, 22.27, 22.66, 22.55, 9999.0, 9999.0, 9999.0, 24.0, 9999.0, 22.59, 9999.0, 22.55, 22.27, 22.05, 22.25, 22.18
2026-09-08, 05:13:42, 22.25, 22.27, 22.64, 22.55, 9999.0, 9999.0, 9999.0, 23.95, 9999.0, 22.57, 9999.0, 22.55, 22.3, 22.05, 22.25, 22.18
2026-09-08, 05:13:46, 22.25, 22.27, 22.61, 22.55, 9999.0, 9999.0, 9999.0, 23.91, 9999.0, 22.55, 9999.0, 22.57, 22.3, 22.07, 22.25, 22.18
2026-09-08, 05:13:50, 22.25, 22.27, 22.59, 22.55, 9999.0, 9999.0, 9999.0, 23.86, 9999.0, 22.55, 9999.0, 22.59, 22.3, 22.07, 22.25, 22.16
2026-09-08, 05:13:54, 22.25, 22.27, 22.57, 22.55, 9999.0, 9999.0, 9999.0, 23.84, 9999.0, 22.55, 9999.0, 22.59, 22.3, 22.07, 22.25, 22.16
2026-09-08, 05:13:58, 22.25, 22.27, 22.55, 22.55, 9999.0, 9999.0, 9999.0, 23.82, 9999.0, 22.55, 9999.0, 22.61, 22.3, 22.09, 22.25, 22.16
2026-09-08, 05:14:02, 22.25, 22.27, 22.55, 22.55, 9999.0, 9999.0, 9999.0, 23.77, 9999.0, 22.57, 9999.0, 22.61, 22.32, 22.09, 22.25, 22.18
2026-09-08, 05:14:06, 22.25, 22.27, 22.52, 22.55, 9999.0, 9999.0, 9999.0, 23.75, 9999.0, 22.59, 9999.0, 22.61, 22.34, 22.09, 22.25, 22.18
2026-09-08, 05:14:10, 22.25, 22.27, 22.5, 22.52, 9999.0, 9999.0, 9999.0, 23.77, 9999.0, 22.61, 9999.0, 22.61, 22.34, 22.09, 22.25, 22.18
2026-09-08, 05:14:14, 22.25, 22.27, 22.5, 22.5, 9999.0, 9999.0, 9999.0, 23.8, 9999.0, 22.64, 9999.0, 22.61, 22.34, 22.11, 22.25, 22.16
2026-09-08, 05:14:18, 22.25, 22.27, 22.5, 22.5, 9999.0, 9999.0, 9999.0, 23.84, 9999.0, 22.64, 9999.0, 22.61, 22.34, 22.11, 22.25, 22.16
2026-09-08, 05:14:22, 22.25, 22.25, 22.5, 22.5, 9999.0, 9999.0, 9999.0, 23.89, 9999.0, 22.64, 9999.0, 22.59, 22.34, 22.11, 22.25, 22.16
2026-09-08, 05:14:26, 22.25, 22.25, 22.5, 22.5, 9999.0, 9999.0, 9999.0, 23.91, 9999.0, 22.64, 9999.0, 22.57, 22.32, 22.11, 22.23, 22.16
2026-09-08, 05:14:31, 22.25, 22.25, 22.5, 22.5, 9999.0, 9999.0, 9999.0, 23.93, 9999.0, 22.64, 9999.0, 22.55, 22.32, 22.11, 22.23, 22.14
2026-09-08, 05:14:35, 22.25, 22.25, 22.5, 22.5, 9999.0, 9999.0, 9999.0, 23.95, 9999.0, 22.61, 9999.0, 22.52, 22.32, 22.14, 22.23, 22.14
2026-09-08, 05:14:39, 22.23, 22.25, 22.5, 22.5, 9999.0, 9999.0, 9999.0, 23.98, 9999.0, 22.61, 9999.0, 22.52, 22.32, 22.16, 22.2, 22.14
2026-09-08, 05:14:43, 22.23, 22.25, 22.5, 22.5, 9999.0, 9999.0, 9999.0, 24.0, 9999.0, 22.59, 9999.0, 22.5, 22.34, 22.14, 22.2, 22.14
2026-09-08, 05:14:47, 22.23, 22.25, 22.5, 22.5, 9999.0, 9999.0, 9999.0, 24.05, 9999.0, 22.57, 9999.0, 22.5, 22.32, 22.16, 22.2, 22.14
2026-09-08, 05:14:51, 22.23, 22.25, 22.52, 22.5, 9999.0, 9999.0, 9999.0, 24.09, 9999.0, 22.52, 9999.0, 22.52, 22.3, 22.14, 22.2, 22.16
2026-09-08, 05:14:55, 22.23, 22.25, 22.52, 22.5, 9999.0, 9999.0, 9999.0, 24.05, 9999.0, 22.5, 9999.0, 22.55, 22.3, 22.14, 22.2, 22.16
2026-09-08, 05:14:59, 22.23, 22.25, 22.52, 22.5, 9999.0, 9999.0, 9999.0, 24.0, 9999.0, 22.45, 9999.0, 22.57, 22.3, 22.11, 22.2, 22.18
2026-09-08, 05:15:03, 22.23, 22.25, 22.52, 22.5, 9999.0, 9999.0, 9999.0, 23.95, 9999.0, 22.43, 9999.0, 22.59, 22.32, 22.11, 22.2, 22.18
2026-09-08, 05:15:07, 22.23, 22.27, 22.55, 22.5, 9999.0, 9999.0, 9999.0, 23.91, 9999.0, 22.43, 9999.0, 22.59, 22.3, 22.14, 22.2, 22.16
2026-09-08, 05:15:11, 22.23, 22.27, 22.55, 22.5, 9999.0, 9999.0, 9999.0, 23.89, 9999.0, 22.43, 9999.0, 22.59, 22.3, 22.14, 22.23, 22.16
2026-09-08, 05:15:15, 22.23, 22.27, 22.55, 22.5, 9999.0, 9999.0, 9999.0, 23.84, 9999.0, 22.43, 9999.0, 22.61, 22.3, 22.14, 22.23, 22.18
2026-09-08, 05:15:19, 22.23, 22.27, 22.57, 22.52, 9999.0, 9999.0, 9999.0, 23.8, 9999.0, 22.45, 9999.0, 22.61, 22.3, 22.14, 22.23, 22.2
2026-09-08, 05:15:23, 22.25, 22.27, 22.57, 22.52, 9999.0, 9999.0, 9999.0, 23.75, 9999.0, 22.48, 9999.0, 22.61, 22.32, 22.14, 22.25, 22.2
2026-09-08, 05:15:27, 22.25, 22.27, 22.57, 22.52, 9999.0, 9999.0, 9999.0, 23.77, 9999.0, 22.48, 9999.0, 22.61, 22.3, 22.14, 22.25, 22.2
2026-09-08, 05:15:31, 22.25, 22.27, 22.57, 22.52, 9999.0, 9999.0, 9999.0, 23.8, 9999.0, 22.48, 9999.0, 22.61, 22.32, 22.11, 22.25, 22.2
2026-09-08, 05:15:35, 22.25, 22.3, 22.55, 22.52, 9999.0, 9999.0, 9999.0, 23.8, 9999.0, 22.5, 9999.0, 22.59, 22.34, 22.14, 22.25, 22.18
2026-09-08, 05:15:39, 22.25, 22.3, 22.55, 22.52, 9999.0, 9999.0, 9999.0, 23.82, 9999.0, 22.5, 9999.0, 22.57, 22.34, 22.14, 22.23, 22.2
2026-09-08, 05:15:43, 22.25, 22.3, 22.57, 22.52, 9999.0, 9999.0, 9999.0, 23.84, 9999.0, 22.55, 9999.0, 22.55, 22.36, 22.16, 22.23, 22.18
2026-09-08, 05:15:47, 22.25, 22.3, 22.59, 22.52, 9999.0, 9999.0, 9999.0, 23.86, 9999.0, 22.57, 9999.0, 22.52, 22.34, 22.16, 22.23, 22.18
2026-09-08, 05:15:51, 22.23, 22.27, 22.57, 22.52, 9999.0, 9999.0, 9999.0, 23.89, 9999.0, 22.57, 9999.0, 22.52, 22.34, 22.16, 22.2, 22.18
2026-09-08, 05:15:55, 22.23, 22.27, 22.59, 22.55, 9999.0, 9999.0, 9999.0, 23.91, 9999.0, 22.55, 9999.0, 22.52, 22.34, 22.16, 22.2, 22.16
2026-09-08, 05:15:59, 22.23, 22.27, 22.59, 22.55, 9999.0, 9999.0, 9999.0, 23.95, 9999.0, 22.55, 9999.0, 22.5, 22.34, 22.16, 22.2, 22.14
2026-09-08, 05:16:03, 22.23, 22.27, 22.57, 22.52, 9999.0, 9999.0, 9999.0, 23.98, 9999.0, 22.5, 9999.0, 22.52, 22.34, 22.14, 22.2, 22.14
2026-09-08, 05:16:07, 22.23, 22.27, 22.57, 22.52, 9999.0, 9999.0, 9999.0, 24.0, 9999.0, 22.45, 9999.0, 22.52, 22.32, 22.11, 22.2, 22.14
2026-09-08, 05:16:11, 22.23, 22.27, 22.59, 22.52, 9999.0, 9999.0, 9999.0, 23.95, 9999.0, 22.43, 9999.0, 22.52, 22.32, 22.14, 22.2, 22.11
2026-09-08, 05:16:15, 22.23, 22.27, 22.59, 22.52, 9999.0, 9999.0, 9999.0, 23.91, 9999.0, 22.41, 9999.0, 22.55, 22.32, 22.14, 22.2, 22.11
2026-09-08, 05:16:19, 22.23, 22.25, 22.59, 22.52, 9999.0, 9999.0, 9999.0, 23.89, 9999.0, 22.39, 9999.0, 22.55, 22.3, 22.14, 22.2, 22.14
2026-09-08, 05:16:23, 22.23, 22.25, 22.61, 22.52, 9999.0, 9999.0, 9999.0, 23.86, 9999.0, 22.39, 9999.0, 22.57, 22.3, 22.16, 22.23, 22.14
2026-09-08, 05:16:27, 22.23, 22.25, 22.59, 22.52, 9999.0, 9999.0, 9999.0, 23.84, 9999.0, 22.36, 9999.0, 22.57, 22.27, 22.16, 22.2, 22.16
2026-09-08, 05:16:31, 22.23, 22.25, 22.57, 22.52, 9999.0, 9999.0, 9999.0, 23.8, 9999.0, 22.36, 9999.0, 22.57, 22.3, 22.14, 22.2, 22.14
2026-09-08, 05:16:35, 22.25, 22.25, 22.59, 22.52, 9999.0, 9999.0, 9999.0, 23.75, 9999.0, 22.36, 9999.0, 22.59, 22.32, 22.11, 22.23, 22.14
2026-09-08, 05:16:39, 22.25, 22.25, 22.57, 22.5, 9999.0, 9999.0, 9999.0, 23.7, 9999.0, 22.39, 9999.0, 22.61, 22.34, 22.14, 22.2, 22.16
2026-09-08, 05:16:43, 22.25, 22.25, 22.57, 22.5, 9999.0, 9999.0, 9999.0, 23.73, 9999.0, 22.39, 9999.0, 22.61, 22.36, 22.14, 22.2, 22.18
2026-09-08, 05:16:47, 22.25, 22.27, 22.57, 22.52, 9999.0, 9999.0, 9999.0, 23.77, 9999.0, 22.41, 9999.0, 22.59, 22.36, 22.14, 22.2, 22.16
2026-09-08, 05:16:51, 22.25, 22.3, 22.57, 22.52, 9999.0, 9999.0, 9999.0, 23.82, 9999.0, 22.43, 9999.0, 22.59, 22.36, 22.14, 22.2, 22.16
2026-09-08, 05:16:55, 22.25, 22.32, 22.55, 22.52, 9999.0, 9999.0, 9999.0, 23.86, 9999.0, 22.45, 9999.0, 22.59, 22.36, 22.11, 22.2, 22.16
2026-09-08, 05:16:59, 22.25, 22.32, 22.55, 22.52, 9999.0, 9999.0, 9999.0, 23.91, 9999.0, 22.48, 9999.0, 22.57, 22.34, 22.14, 22.2, 22.16
2026-09-08, 05:17:03, 22.25, 22.32, 22.57, 22.52, 9999.0, 9999.0, 9999.0, 23.93, 9999.0, 22.48, 9999.0, 22.57, 22.34, 22.14, 22.2, 22.14
2026-09-08, 05:17:07, 22.25, 22.32, 22.55, 22.52, 9999.0, 9999.0, 9999.0, 23.95, 9999.0, 22.48, 9999.0, 22.55, 22.34, 22.11, 22.2, 22.11
2026-09-08, 05:17:11, 22.25, 22.32, 22.55, 22.55, 9999.0, 9999.0, 9999.0, 23.95, 9999.0, 22.45, 9999.0, 22.55, 22.34, 22.09, 22.23, 22.11
2026-09-08, 05:17:15, 22.25, 22.32, 22.55, 22.55, 9999.0, 9999.0, 9999.0, 24.0, 9999.0, 22.43, 9999.0, 22.55, 22.34, 22.09, 22.23, 22.14
2026-09-08, 05:17:19, 22.25, 22.32, 22.52, 22.55, 9999.0, 9999.0, 9999.0, 24.02, 9999.0, 22.41, 9999.0, 22.52, 22.34, 22.09, 22.2, 22.16
2026-09-08, 05:17:23, 22.25, 22.32, 22.55, 22.55, 9999.0, 9999.0, 9999.0, 24.05, 9999.0, 22.39, 9999.0, 22.52, 22.32, 22.09, 22.23, 22.14
2026-09-08, 05:17:27, 22.25, 22.32, 22.55, 22.55, 9999.0, 9999.0, 9999.0, 24.0, 9999.0, 22.36, 9999.0, 22.55, 22.3, 22.09, 22.23, 22.14
2026-09-08, 05:17:31, 22.25, 22.3, 22.57, 22.52, 9999.0, 9999.0, 9999.0, 23.95, 9999.0, 22.34, 9999.0, 22.57, 22.32, 22.11, 22.23, 22.14
2026-09-08, 05:17:35, 22.25, 22.27, 22.59, 22.55, 9999.0, 9999.0, 9999.0, 23.89, 9999.0, 22.32, 9999.0, 22.59, 22.32, 22.14, 22.23, 22.11
2026-09-08, 05:17:39, 22.25, 22.25, 22.61, 22.55, 9999.0, 9999.0, 9999.0, 23.82, 9999.0, 22.32, 9999.0, 22.61, 22.34, 22.14, 22.23, 22.11
2026-09-08, 05:17:43, 22.25, 22.25, 22.64, 22.55, 9999.0, 9999.0, 9999.0, 23.75, 9999.0, 22.32, 9999.0, 22.64, 22.34, 22.14, 22.23, 22.09
2026-09-08, 05:17:47, 22.25, 22.25, 22.61, 22.55, 9999.0, 9999.0, 9999.0, 23.7, 9999.0, 22.34, 9999.0, 22.66, 22.34, 22.11, 22.23, 22.09
2026-09-08, 05:17:51, 22.25, 22.27, 22.64, 22.55, 9999.0, 9999.0, 9999.0, 23.66, 9999.0, 22.34, 9999.0, 22.66, 22.36, 22.14, 22.23, 22.11
2026-09-08, 05:17:55, 22.25, 22.3, 22.66, 22.52, 9999.0, 9999.0, 9999.0, 23.64, 9999.0, 22.36, 9999.0, 22.66, 22.39, 22.14, 22.23, 22.09
2026-09-08, 05:17:59, 22.25, 22.32, 22.68, 22.52, 9999.0, 9999.0, 9999.0, 23.66, 9999.0, 22.39, 9999.0, 22.66, 22.36, 22.16, 22.23, 22.07
2026-09-08, 05:18:03, 22.25, 22.32, 22.68, 22.52, 9999.0, 9999.0, 9999.0, 23.7, 9999.0, 22.41, 9999.0, 22.66, 22.36, 22.18, 22.23, 22.07
2026-09-08, 05:18:07, 22.25, 22.34, 22.68, 22.55, 9999.0, 9999.0, 9999.0, 23.75, 9999.0, 22.43, 9999.0, 22.64, 22.39, 22.18, 22.23, 22.09
2026-09-08, 05:18:11, 22.25, 22.34, 22.7, 22.55, 9999.0, 9999.0, 9999.0, 23.8, 9999.0, 22.45, 9999.0, 22.61, 22.39, 22.16, 22.23, 22.09
2026-09-08, 05:18:15, 22.25, 22.34, 22.7, 22.57, 9999.0, 9999.0, 9999.0, 23.82, 9999.0, 22.45, 9999.0, 22.59, 22.36, 22.16, 22.23, 22.11
2026-09-08, 05:18:19, 22.25, 22.34, 22.7, 22.57, 9999.0, 9999.0, 9999.0, 23.86, 9999.0, 22.45, 9999.0, 22.57, 22.36, 22.14, 22.23, 22.14
2026-09-08, 05:18:24, 22.25, 22.34, 22.68, 22.59, 9999.0, 9999.0, 9999.0, 23.91, 9999.0, 22.43, 9999.0, 22.55, 22.34, 22.14, 22.23, 22.16
2026-09-08, 05:18:28, 22.25, 22.34, 22.66, 22.61, 9999.0, 9999.0, 9999.0, 23.93, 9999.0, 22.41, 9999.0, 22.5, 22.34, 22.11, 22.23, 22.16
2026-09-08, 05:18:32, 22.25, 22.34, 22.68, 22.64, 9999.0, 9999.0, 9999.0, 23.98, 9999.0, 22.39, 9999.0, 22.48, 22.34, 22.14, 22.23, 22.16
2026-09-08, 05:18:36, 22.25, 22.32, 22.66, 22.64, 9999.0, 9999.0, 9999.0, 24.02, 9999.0, 22.36, 9999.0, 22.5, 22.32, 22.14, 22.23, 22.16
2026-09-08, 05:18:40, 22.25, 22.32, 22.64, 22.66, 9999.0, 9999.0, 9999.0, 24.05, 9999.0, 22.34, 9999.0, 22.5, 22.3, 22.14, 22.23, 22.18
2026-09-08, 05:18:44, 22.25, 22.32, 22.61, 22.68, 9999.0, 9999.0, 9999.0, 24.0, 9999.0, 22.32, 9999.0, 22.5, 22.3, 22.11, 22.23, 22.2
2026-09-08, 05:18:48, 22.25, 22.34, 22.64, 22.68, 9999.0, 9999.0, 9999.0, 23.95, 9999.0, 22.3, 9999.0, 22.52, 22.3, 22.11, 22.25, 22.2
2026-09-08, 05:18:52, 22.25, 22.32, 22.64, 22.66, 9999.0, 9999.0, 9999.0, 23.89, 9999.0, 22.25, 9999.0, 22.55, 22.27, 22.11, 22.25, 22.2
2026-09-08, 05:18:56, 22.25, 22.34, 22.61, 22.68, 9999.0, 9999.0, 9999.0, 23.84, 9999.0, 22.23, 9999.0, 22.57, 22.3, 22.11, 22.25, 22.2
2026-09-08, 05:19:00, 22.25, 22.34, 22.59, 22.68, 9999.0, 9999.0, 9999.0, 23.8, 9999.0, 22.23, 9999.0, 22.57, 22.3, 22.09, 22.25, 22.2
2026-09-08, 05:19:04, 22.23, 22.36, 22.57, 22.68, 9999.0, 9999.0, 9999.0, 23.75, 9999.0, 22.23, 9999.0, 22.59, 22.32, 22.11, 22.25, 22.18
2026-09-08, 05:19:08, 22.23, 22.36, 22.57, 22.68, 9999.0, 9999.0, 9999.0, 23.7, 9999.0, 22.25, 9999.0, 22.59, 22.34, 22.14, 22.25, 22.18
2026-09-08, 05:19:12, 22.23, 22.39, 22.57, 22.68, 9999.0, 9999.0, 9999.0, 23.66, 9999.0, 22.27, 9999.0, 22.61, 22.36, 22.16, 22.25, 22.2
2026-09-08, 05:19:16, 22.23, 22.39, 22.57, 22.66, 9999.0, 9999.0, 9999.0, 23.68, 9999.0, 22.27, 9999.0, 22.61, 22.39, 22.14, 22.23, 22.2
2026-09-08, 05:19:20, 22.23, 22.39, 22.57, 22.68, 9999.0, 9999.0, 9999.0, 23.7, 9999.0, 22.27, 9999.0, 22.59, 22.41, 22.11, 22.23, 22.18
2026-09-08, 05:19:24, 22.23, 22.36, 22.57, 22.68, 9999.0, 9999.0, 9999.0, 23.75, 9999.0, 22.27, 9999.0, 22.59, 22.43, 22.14, 22.23, 22.18
2026-09-08, 05:19:28, 22.23, 22.34, 22.57, 22.66, 9999.0, 9999.0, 9999.0, 23.77, 9999.0, 22.27, 9999.0, 22.59, 22.45, 22.14, 22.2, 22.16
2026-09-08, 05:19:32, 22.23, 22.32, 22.55, 22.66, 9999.0, 9999.0, 9999.0, 23.8, 9999.0, 22.27, 9999.0, 22.57, 22.43, 22.14, 22.2, 22.16
2026-09-08, 05:19:36, 22.23, 22.32, 22.55, 22.68, 9999.0, 9999.0, 9999.0, 23.84, 9999.0, 22.3, 9999.0, 22.55, 22.45, 22.14, 22.2, 22.16
2026-09-08, 05:19:40, 22.2, 22.3, 22.55, 22.66, 9999.0, 9999.0, 9999.0, 23.86, 9999.0, 22.27, 9999.0, 22.52, 22.43, 22.16, 22.18, 22.14
2026-09-08, 05:19:44, 22.2, 22.3, 22.55, 22.64, 9999.0, 9999.0, 9999.0, 23.89, 9999.0, 22.25, 9999.0, 22.52, 22.43, 22.18, 22.18, 22.11
2026-09-08, 05:19:48, 22.23, 22.3, 22.57, 22.64, 9999.0, 9999.0, 9999.0, 23.93, 9999.0, 22.23, 9999.0, 22.5, 22.41, 22.18, 22.16, 22.14
2026-09-08, 05:19:52, 22.2, 22.3, 22.57, 22.61, 9999.0, 9999.0, 9999.0, 23.95, 9999.0, 22.18, 9999.0, 22.5, 22.39, 22.18, 22.16, 22.11
2026-09-08, 05:19:56, 22.2, 22.27, 22.59, 22.61, 9999.0, 9999.0, 9999.0, 24.0, 9999.0, 22.14, 9999.0, 22.5, 22.36, 22.18, 22.16, 22.11
2026-09-08, 05:20:00, 22.2, 22.27, 22.59, 22.64, 9999.0, 9999.0, 9999.0, 23.95, 9999.0, 22.11, 9999.0, 22.5, 22.34, 22.18, 22.18, 22.14
2026-09-08, 05:20:04, 22.2, 22.27, 22.59, 22.64, 9999.0, 9999.0, 9999.0, 23.91, 9999.0, 22.09, 9999.0, 22.52, 22.32, 22.2, 22.18, 22.14
2026-09-08, 05:20:08, 22.2, 22.27, 22.61, 22.61, 9999.0, 9999.0, 9999.0, 23.84, 9999.0, 22.05, 9999.0, 22.55, 22.32, 22.2, 22.16, 22.14
2026-09-08, 05:20:12, 22.2, 22.27, 22.64, 22.61, 9999.0, 9999.0, 9999.0, 23.8, 9999.0, 22.02, 9999.0, 22.57, 22.3, 22.23, 22.18, 22.16
2026-09-08, 05:20:16, 22.2, 22.27, 22.66, 22.61, 9999.0, 9999.0, 9999.0, 23.75, 9999.0, 22.02, 9999.0, 22.59, 22.32, 22.23, 22.18, 22.14
2026-09-08, 05:20:20, 22.2, 22.27, 22.66, 22.59, 9999.0, 9999.0, 9999.0, 23.68, 9999.0, 22.0, 9999.0, 22.61, 22.32, 22.2, 22.18, 22.14
2026-09-08, 05:20:24, 22.23, 22.27, 22.66, 22.61, 9999.0, 9999.0, 9999.0, 23.64, 9999.0, 22.02, 9999.0, 22.61, 22.34, 22.18, 22.2, 22.16
2026-09-08, 05:20:28, 22.23, 22.27, 22.66, 22.64, 9999.0, 9999.0, 9999.0, 23.59, 9999.0, 22.05, 9999.0, 22.61, 22.36, 22.18, 22.2, 22.16
2026-09-08, 05:20:32, 22.23, 22.25, 22.64, 22.64, 9999.0, 9999.0, 9999.0, 23.52, 9999.0, 22.07, 9999.0, 22.61, 22.39, 22.18, 22.23, 22.16
2026-09-08, 05:20:36, 22.25, 22.25, 22.64, 22.64, 9999.0, 9999.0, 9999.0, 23.55, 9999.0, 22.07, 9999.0, 22.61, 22.41, 22.18, 22.23, 22.18
2026-09-08, 05:20:40, 22.25, 22.25, 22.64, 22.64, 9999.0, 9999.0, 9999.0, 23.57, 9999.0, 22.09, 9999.0, 22.61, 22.43, 22.18, 22.23, 22.18
2026-09-08, 05:20:44, 22.25, 22.25, 22.64, 22.64, 9999.0, 9999.0, 9999.0, 23.59, 9999.0, 22.09, 9999.0, 22.61, 22.43, 22.18, 22.23, 22.18
2026-09-08, 05:20:48, 22.25, 22.25, 22.66, 22.64, 9999.0, 9999.0, 9999.0, 23.61, 9999.0, 22.09, 9999.0, 22.59, 22.43, 22.18, 22.23, 22.2
2026-09-08, 05:20:52, 22.25, 22.27, 22.64, 22.66, 9999.0, 9999.0, 9999.0, 23.64, 9999.0, 22.11, 9999.0, 22.57, 22.41, 22.18, 22.25, 22.2
2026-09-08, 05:20:56, 22.25, 22.27, 22.64, 22.68, 9999.0, 9999.0, 9999.0, 23.66, 9999.0, 22.11, 9999.0, 22.55, 22.43, 22.18, 22.25, 22.2
2026-09-08, 05:21:00, 22.25, 22.27, 22.61, 22.68, 9999.0, 9999.0, 9999.0, 23.68, 9999.0, 22.09, 9999.0, 22.52, 22.41, 22.18, 22.25, 22.23
2026-09-08, 05:21:04, 22.25, 22.27, 22.59, 22.68, 9999.0, 9999.0, 9999.0, 23.73, 9999.0, 22.09, 9999.0, 22.5, 22.39, 22.2, 22.25, 22.23
2026-09-08, 05:21:08, 22.25, 22.27, 22.59, 22.66, 9999.0, 9999.0, 9999.0, 23.75, 9999.0, 22.07, 9999.0, 22.5, 22.36, 22.2, 22.25, 22.23
2026-09-08, 05:21:12, 22.25, 22.27, 22.59, 22.64, 9999.0, 9999.0, 9999.0, 23.8, 9999.0, 22.02, 9999.0, 22.5, 22.34, 22.18, 22.25, 22.25
2026-09-08, 05:21:16, 22.25, 22.27, 22.59, 22.64, 9999.0, 9999.0, 9999.0, 23.82, 9999.0, 22.0, 9999.0, 22.52, 22.32, 22.16, 22.25, 22.25
2026-09-08, 05:21:20, 22.25, 22.3, 22.61, 22.66, 9999.0, 9999.0, 9999.0, 23.77, 9999.0, 21.98, 9999.0, 22.55, 22.32, 22.16, 22.25, 22.25
2026-09-08, 05:21:24, 22.25, 22.3, 22.61, 22.66, 9999.0, 9999.0, 9999.0, 23.73, 9999.0, 21.93, 9999.0, 22.57, 22.3, 22.16, 22.25, 22.25
2026-09-08, 05:21:28, 22.25, 22.3, 22.61, 22.64, 9999.0, 9999.0, 9999.0, 23.68, 9999.0, 21.91, 9999.0, 22.59, 22.3, 22.18, 22.25, 22.25
2026-09-08, 05:21:32, 22.25, 22.3, 22.59, 22.64, 9999.0, 9999.0, 9999.0, 23.64, 9999.0, 21.91, 9999.0, 22.61, 22.3, 22.18, 22.25, 22.25
2026-09-08, 05:21:36, 22.25, 22.27, 22.59, 22.61, 9999.0, 9999.0, 9999.0, 23.61, 9999.0, 21.91, 9999.0, 22.64, 22.3, 22.18, 22.25, 22.25
2026-09-08, 05:21:40, 22.25, 22.27, 22.57, 22.59, 9999.0, 9999.0, 9999.0, 23.59, 9999.0, 21.93, 9999.0, 22.66, 22.3, 22.16, 22.25, 22.25
2026-09-08, 05:21:44, 22.25, 22.27, 22.57, 22.61, 9999.0, 9999.0, 9999.0, 23.55, 9999.0, 21.95, 9999.0, 22.68, 22.32, 22.16, 22.25, 22.25
2026-09-08, 05:21:48, 22.25, 22.27, 22.59, 22.64, 9999.0, 9999.0, 9999.0, 23.5, 9999.0, 21.98, 9999.0, 22.7, 22.32, 22.14, 22.25, 22.25
2026-09-08, 05:21:52, 22.25, 22.27, 22.61, 22.64, 9999.0, 9999.0, 9999.0, 23.52, 9999.0, 22.0, 9999.0, 22.7, 22.32, 22.16, 22.25, 22.25
2026-09-08, 05:21:56, 22.25, 22.27, 22.64, 22.66, 9999.0, 9999.0, 9999.0, 23.55, 9999.0, 22.05, 9999.0, 22.7, 22.34, 22.16, 22.25, 22.25
2026-09-08, 05:22:00, 22.25, 22.3, 22.64, 22.66, 9999.0, 9999.0, 9999.0, 23.57, 9999.0, 22.05, 9999.0, 22.68, 22.36, 22.16, 22.25, 22.25
2026-09-08, 05:22:04, 22.25, 22.27, 22.61, 22.66, 9999.0, 9999.0, 9999.0, 23.59, 9999.0, 22.07, 9999.0, 22.66, 22.34, 22.16, 22.25, 22.25
2026-09-08, 05:22:08, 22.25, 22.27, 22.61, 22.64, 9999.0, 9999.0, 9999.0, 23.61, 9999.0, 22.09, 9999.0, 22.64, 22.34, 22.16, 22.25, 22.25
2026-09-08, 05:22:13, 22.25, 22.27, 22.61, 22.66, 9999.0, 9999.0, 9999.0, 23.64, 9999.0, 22.11, 9999.0, 22.61, 22.34, 22.16, 22.25, 22.25
2026-09-08, 05:22:17, 22.25, 22.27, 22.61, 22.66, 9999.0, 9999.0, 9999.0, 23.66, 9999.0, 22.11, 9999.0, 22.59, 22.36, 22.16, 22.25, 22.25
2026-09-08, 05:22:21, 22.25, 22.27, 22.61, 22.66, 9999.0, 9999.0, 9999.0, 23.68, 9999.0, 22.11, 9999.0, 22.57, 22.36, 22.16, 22.25, 22.25
2026-09-08, 05:22:25, 22.25, 22.27, 22.64, 22.66, 9999.0, 9999.0, 9999.0, 23.7, 9999.0, 22.09, 9999.0, 22.55, 22.34, 22.18, 22.25, 22.25
2026-09-08, 05:22:29, 22.25, 22.27, 22.66, 22.66, 9999.0, 9999.0, 9999.0, 23.75, 9999.0, 22.07, 9999.0, 22.52, 22.32, 22.16, 22.25, 22.25
2026-09-08, 05:22:33, 22.23, 22.27, 22.66, 22.66, 9999.0, 9999.0, 9999.0, 23.8, 9999.0, 22.05, 9999.0, 22.52, 22.32, 22.16, 22.25, 22.25
2026-09-08, 05:22:37, 22.2, 22.27, 22.66, 22.68, 9999.0, 9999.0, 9999.0, 23.75, 9999.0, 22.02, 9999.0, 22.55, 22.32, 22.16, 22.25, 22.25
2026-09-08, 05:22:41, 22.2, 22.27, 22.66, 22.68, 9999.0, 9999.0, 9999.0, 23.7, 9999.0, 21.98, 9999.0, 22.57, 22.32, 22.18, 22.25, 22.25
2026-09-08, 05:22:45, 22.2, 22.25, 22.68, 22.66, 9999.0, 9999.0, 9999.0, 23.68, 9999.0, 21.95, 9999.0, 22.59, 22.32, 22.2, 22.25, 22.25
2026-09-08, 05:22:49, 22.2, 22.25, 22.68, 22.66, 9999.0, 9999.0, 9999.0, 23.66, 9999.0, 21.95, 9999.0, 22.61, 22.32, 22.2, 22.25, 22.25
2026-09-08, 05:22:53, 22.2, 22.25, 22.68, 22.66, 9999.0, 9999.0, 9999.0, 23.61, 9999.0, 21.95, 9999.0, 22.64, 22.34, 22.2, 22.23, 22.25
2026-09-08, 05:22:57, 22.2, 22.25, 22.66, 22.64, 9999.0, 9999.0, 9999.0, 23.57, 9999.0, 21.98, 9999.0, 22.66, 22.36, 22.18, 22.23, 22.25
2026-09-08, 05:23:01, 22.2, 22.27, 22.68, 22.64, 9999.0, 9999.0, 9999.0, 23.52, 9999.0, 22.0, 9999.0, 22.68, 22.36, 22.16, 22.23, 22.25
2026-09-08, 05:23:05, 22.2, 22.27, 22.7, 22.66, 9999.0, 9999.0, 9999.0, 23.48, 9999.0, 22.02, 9999.0, 22.7, 22.36, 22.16, 22.23, 22.25
2026-09-08, 05:23:09, 22.2, 22.27, 22.7, 22.66, 9999.0, 9999.0, 9999.0, 23.5, 9999.0, 22.05, 9999.0, 22.7, 22.39, 22.16, 22.23, 22.25
2026-09-08, 05:23:13, 22.2, 22.27, 22.68, 22.66, 9999.0, 9999.0, 9999.0, 23.52, 9999.0, 22.05, 9999.0, 22.7, 22.41, 22.18, 22.23, 22.25
2026-09-08, 05:23:17, 22.23, 22.3, 22.68, 22.66, 9999.0, 9999.0, 9999.0, 23.55, 9999.0, 22.05, 9999.0, 22.68, 22.43, 22.2, 22.23, 22.25
2026-09-08, 05:23:21, 22.25, 22.3, 22.68, 22.66, 9999.0, 9999.0, 9999.0, 23.57, 9999.0, 22.05, 9999.0, 22.66, 22.45, 22.2, 22.23, 22.25
2026-09-08, 05:23:25, 22.25, 22.3, 22.66, 22.64, 9999.0, 9999.0, 9999.0, 23.59, 9999.0, 22.07, 9999.0, 22.64, 22.45, 22.2, 22.23, 22.25
2026-09-08, 05:23:29, 22.25, 22.3, 22.64, 22.66, 9999.0, 9999.0, 9999.0, 23.61, 9999.0, 22.09, 9999.0, 22.61, 22.43, 22.2, 22.23, 22.25
2026-09-08, 05:23:33, 22.25, 22.3, 22.66, 22.64, 9999.0, 9999.0, 9999.0, 23.64, 9999.0, 22.09, 9999.0, 22.59, 22.45, 22.18, 22.23, 22.25
2026-09-08, 05:23:37, 22.25, 22.3, 22.64, 22.66, 9999.0, 9999.0, 9999.0, 23.66, 9999.0, 22.07, 9999.0, 22.57, 22.45, 22.16, 22.25, 22.25
2026-09-08, 05:23:41, 22.25, 22.3, 22.64, 22.66, 9999.0, 9999.0, 9999.0, 23.7, 9999.0, 22.05, 9999.0, 22.55, 22.43, 22.16, 22.25, 22.25
2026-09-08, 05:23:45, 22.25, 22.27, 22.64, 22.64, 9999.0, 9999.0, 9999.0, 23.73, 9999.0, 22.0, 9999.0, 22.55, 22.41, 22.18, 22.25, 22.25
2026-09-08, 05:23:49, 22.25, 22.27, 22.61, 22.64, 9999.0, 9999.0, 9999.0, 23.75, 9999.0, 21.98, 9999.0, 22.55, 22.41, 22.18, 22.25, 22.25
2026-09-08, 05:23:53, 22.25, 22.27, 22.61, 22.64, 9999.0, 9999.0, 9999.0, 23.7, 9999.0, 21.93, 9999.0, 22.55, 22.39, 22.18, 22.25, 22.25
2026-09-08, 05:23:57, 22.25, 22.27, 22.64, 22.64, 9999.0, 9999.0, 9999.0, 23.66, 9999.0, 21.91, 9999.0, 22.57, 22.36, 22.18, 22.25, 22.25
2026-09-08, 05:24:01, 22.25, 22.25, 22.61, 22.64, 9999.0, 9999.0, 9999.0, 23.61, 9999.0, 21.89, 9999.0, 22.59, 22.36, 22.16, 22.25, 22.25
2026-09-08, 05:24:05, 22.25, 22.25, 22.59, 22.61, 9999.0, 9999.0, 9999.0, 23.57, 9999.0, 21.86, 9999.0, 22.61, 22.36, 22.16, 22.25, 22.25
2026-09-08, 05:24:09, 22.25, 22.25, 22.59, 22.64, 9999.0, 9999.0, 9999.0, 23.52, 9999.0, 21.86, 9999.0, 22.61, 22.36, 22.14, 22.25, 22.25
2026-09-08, 05:24:13, 22.25, 22.27, 22.59, 22.61, 9999.0, 9999.0, 9999.0, 23.48, 9999.0, 21.86, 9999.0, 22.64, 22.36, 22.14, 22.25, 22.25
2026-09-08, 05:24:17, 22.25, 22.27, 22.59, 22.61, 9999.0, 9999.0, 9999.0, 23.43, 9999.0, 21.89, 9999.0, 22.66, 22.36, 22.16, 22.25, 22.25
2026-09-08, 05:24:21, 22.25, 22.27, 22.61, 22.61, 9999.0, 9999.0, 9999.0, 23.41, 9999.0, 21.93, 9999.0, 22.66, 22.36, 22.18, 22.25, 22.25
2026-09-08, 05:24:25, 22.25, 22.27, 22.64, 22.61, 9999.0, 9999.0, 9999.0, 23.36, 9999.0, 21.95, 9999.0, 22.66, 22.39, 22.18, 22.25, 22.25
2026-09-08, 05:24:29, 22.25, 22.27, 22.64, 22.61, 9999.0, 9999.0, 9999.0, 23.39, 9999.0, 22.0, 9999.0, 22.64, 22.39, 22.18, 22.25, 22.25
2026-09-08, 05:24:33, 22.25, 22.27, 22.64, 22.61, 9999.0, 9999.0, 9999.0, 23.43, 9999.0, 22.02, 9999.0, 22.61, 22.39, 22.18, 22.25, 22.25
2026-09-08, 05:24:37, 22.25, 22.27, 22.64, 22.61, 9999.0, 9999.0, 9999.0, 23.48, 9999.0, 22.05, 9999.0, 22.61, 22.41, 22.18, 22.25, 22.25
2026-09-08, 05:24:41, 22.25, 22.27, 22.64, 22.59, 9999.0, 9999.0, 9999.0, 23.5, 9999.0, 22.07, 9999.0, 22.59, 22.41, 22.16, 22.25, 22.25
2026-09-08, 05:24:45, 22.25, 22.27, 22.64, 22.57, 9999.0, 9999.0, 9999.0, 23.52, 9999.0, 22.09, 9999.0, 22.57, 22.41, 22.18, 22.25, 22.25
2026-09-08, 05:24:49, 22.25, 22.3, 22.66, 22.59, 9999.0, 9999.0, 9999.0, 23.57, 9999.0, 22.11, 9999.0, 22.55, 22.39, 22.18, 22.25, 22.25
2026-09-08, 05:24:53, 22.25, 22.3, 22.66, 22.59, 9999.0, 9999.0, 9999.0, 23.61, 9999.0, 22.11, 9999.0, 22.55, 22.36, 22.2, 22.25, 22.25
2026-09-08, 05:24:57, 22.25, 22.27, 22.66, 22.59, 9999.0, 9999.0, 9999.0, 23.66, 9999.0, 22.11, 9999.0, 22.52, 22.39, 22.18, 22.25, 22.25
2026-09-08, 05:25:01, 22.25, 22.27, 22.64, 22.61, 9999.0, 9999.0, 9999.0, 23.7, 9999.0, 22.09, 9999.0, 22.5, 22.36, 22.16, 22.25, 22.25
2026-09-08, 05:25:05, 22.25, 22.27, 22.61, 22.59, 9999.0, 9999.0, 9999.0, 23.73, 9999.0, 22.07, 9999.0, 22.52, 22.34, 22.16, 22.25, 22.25
2026-09-08, 05:25:09, 22.25, 22.27, 22.61, 22.59, 9999.0, 9999.0, 9999.0, 23.75, 9999.0, 22.05, 9999.0, 22.52, 22.32, 22.16, 22.25, 22.25
2026-09-08, 05:25:13, 22.25, 22.27, 22.59, 22.59, 9999.0, 9999.0, 9999.0, 23.73, 9999.0, 22.02, 9999.0, 22.55, 22.34, 22.14, 22.25, 22.25
2026-09-08, 05:25:17, 22.25, 22.27, 22.59, 22.59, 9999.0, 9999.0, 9999.0, 23.68, 9999.0, 22.0, 9999.0, 22.57, 22.36, 22.11, 22.25, 22.25
2026-09-08, 05:25:21, 22.25, 22.27, 22.59, 22.59, 9999.0, 9999.0, 9999.0, 23.64, 9999.0, 22.0, 9999.0, 22.59, 22.34, 22.11, 22.25, 22.25
2026-09-08, 05:25:25, 22.25, 22.27, 22.57, 22.61, 9999.0, 9999.0, 9999.0, 23.61, 9999.0, 22.02, 9999.0, 22.61, 22.36, 22.11, 22.25, 22.25
2026-09-08, 05:25:29, 22.25, 22.27, 22.57, 22.64, 9999.0, 9999.0, 9999.0, 23.57, 9999.0, 22.05, 9999.0, 22.64, 22.34, 22.11, 22.25, 22.25
2026-09-08, 05:25:33, 22.25, 22.25, 22.55, 22.64, 9999.0, 9999.0, 9999.0, 23.52, 9999.0, 22.07, 9999.0, 22.66, 22.36, 22.09, 22.25, 22.25
2026-09-08, 05:25:37, 22.25, 22.25, 22.55, 22.61, 9999.0, 9999.0, 9999.0, 23.48, 9999.0, 22.11, 9999.0, 22.68, 22.39, 22.07, 22.25, 22.25
2026-09-08, 05:25:41, 22.25, 22.25, 22.57, 22.61, 9999.0, 9999.0, 9999.0, 23.43, 9999.0, 22.14, 9999.0, 22.7, 22.39, 22.09, 22.25, 22.25
2026-09-08, 05:25:45, 22.25, 22.25, 22.59, 22.61, 9999.0, 9999.0, 9999.0, 23.45, 9999.0, 22.16, 9999.0, 22.73, 22.41, 22.09, 22.25, 22.25
2026-09-08, 05:25:49, 22.23, 22.25, 22.61, 22.64, 9999.0, 9999.0, 9999.0, 23.5, 9999.0, 22.18, 9999.0, 22.7, 22.43, 22.09, 22.25, 22.25
2026-09-08, 05:25:54, 22.23, 22.25, 22.61, 22.64, 9999.0, 9999.0, 9999.0, 23.55, 9999.0, 22.2, 9999.0, 22.7, 22.45, 22.11, 22.25, 22.25
2026-09-08, 05:25:58, 22.23, 22.25, 22.61, 22.64, 9999.0, 9999.0, 9999.0, 23.57, 9999.0, 22.23, 9999.0, 22.68, 22.43, 22.11, 22.25, 22.25
2026-09-08, 05:26:02, 22.23, 22.25, 22.61, 22.61, 9999.0, 9999.0, 9999.0, 23.59, 9999.0, 22.25, 9999.0, 22.66, 22.41, 22.14, 22.25, 22.25
2026-09-08, 05:26:06, 22.23, 22.25, 22.59, 22.61, 9999.0, 9999.0, 9999.0, 23.61, 9999.0, 22.25, 9999.0, 22.64, 22.41, 22.14, 22.25, 22.25
2026-09-08, 05:26:10, 22.23, 22.25, 22.59, 22.61, 9999.0, 9999.0, 9999.0, 23.64, 9999.0, 22.25, 9999.0, 22.61, 22.39, 22.16, 22.25, 22.25
2026-09-08, 05:26:14, 22.23, 22.25, 22.61, 22.59, 9999.0, 9999.0, 9999.0, 23.68, 9999.0, 22.25, 9999.0, 22.59, 22.39, 22.16, 22.25, 22.25
2026-09-08, 05:26:18, 22.23, 22.25, 22.61, 22.59, 9999.0, 9999.0, 9999.0, 23.73, 9999.0, 22.25, 9999.0, 22.57, 22.36, 22.18, 22.25, 22.25
2026-09-08, 05:26:22, 22.23, 22.27, 22.64, 22.61, 9999.0, 9999.0, 9999.0, 23.77, 9999.0, 22.23, 9999.0, 22.55, 22.36, 22.2, 22.25, 22.25
2026-09-08, 05:26:26, 22.23, 22.27, 22.61, 22.64, 9999.0, 9999.0, 9999.0, 23.82, 9999.0, 22.2, 9999.0, 22.55, 22.34, 22.2, 22.25, 22.25
2026-09-08, 05:26:30, 22.23, 22.27, 22.59, 22.64, 9999.0, 9999.0, 9999.0, 23.77, 9999.0, 22.18, 9999.0, 22.55, 22.32, 22.23, 22.25, 22.25
2026-09-08, 05:26:34, 22.25, 22.27, 22.59, 22.61, 9999.0, 9999.0, 9999.0, 23.73, 9999.0, 22.16, 9999.0, 22.57, 22.3, 22.23, 22.25, 22.25
2026-09-08, 05:26:38, 22.25, 22.27, 22.57, 22.64, 9999.0, 9999.0, 9999.0, 23.68, 9999.0, 22.14, 9999.0, 22.59, 22.3, 22.23, 22.25, 22.25
2026-09-08, 05:26:42, 22.25, 22.27, 22.57, 22.66, 9999.0, 9999.0, 9999.0, 23.66, 9999.0, 22.14, 9999.0, 22.61, 22.3, 22.25, 22.25, 22.25
2026-09-08, 05:26:46, 22.25, 22.27, 22.57, 22.68, 9999.0, 9999.0, 9999.0, 23.64, 9999.0, 22.14, 9999.0, 22.64, 22.3, 22.25, 22.25, 22.25
2026-09-08, 05:26:50, 22.25, 22.27, 22.59, 22.7, 9999.0, 9999.0, 9999.0, 23.59, 9999.0, 22.16, 9999.0, 22.66, 22.32, 22.23, 22.25, 22.25
2026-09-08, 05:26:54, 22.25, 22.27, 22.59, 22.7, 9999.0, 9999.0, 9999.0, 23.57, 9999.0, 22.16, 9999.0, 22.66, 22.34, 22.23, 22.25, 22.25
2026-09-08, 05:26:58, 22.25, 22.3, 22.59, 22.73, 9999.0, 9999.0, 9999.0, 23.52, 9999.0, 22.16, 9999.0, 22.68, 22.36, 22.23, 22.25, 22.25
2026-09-08, 05:27:02, 22.25, 22.3, 22.59, 22.7, 9999.0, 9999.0, 9999.0, 23.57, 9999.0, 22.16, 9999.0, 22.68, 22.39, 22.2, 22.25, 22.25
2026-09-08, 05:27:06, 22.25, 22.27, 22.57, 22.7, 9999.0, 9999.0, 9999.0, 23.59, 9999.0, 22.16, 9999.0, 22.68, 22.39, 22.2, 22.25, 22.25
2026-09-08, 05:27:10, 22.25, 22.27, 22.59, 22.7, 9999.0, 9999.0, 9999.0, 23.61, 9999.0, 22.18, 9999.0, 22.66, 22.39, 22.2, 22.25, 22.25
2026-09-08, 05:27:14, 22.25, 22.27, 22.59, 22.68, 9999.0, 9999.0, 9999.0, 23.66, 9999.0, 22.2, 9999.0, 22.64, 22.39, 22.2, 22.25, 22.25
2026-09-08, 05:27:18, 22.25, 22.27, 22.57, 22.7, 9999.0, 9999.0, 9999.0, 23.7, 9999.0, 22.23, 9999.0, 22.61, 22.39, 22.2, 22.25, 22.25
2026-09-08, 05:27:22, 22.25, 22.27, 22.59, 22.68, 9999.0, 9999.0, 9999.0, 23.73, 9999.0, 22.25, 9999.0, 22.59, 22.36, 22.2, 22.25, 22.25
2026-09-08, 05:27:26, 22.25, 22.27, 22.61, 22.68, 9999.0, 9999.0, 9999.0, 23.75, 9999.0, 22.25, 9999.0, 22.57, 22.36, 22.2, 22.25, 22.25
2026-09-08, 05:27:30, 22.25, 22.27, 22.61, 22.68, 9999.0, 9999.0, 9999.0, 23.77, 9999.0, 22.25, 9999.0, 22.55, 22.36, 22.18, 22.25, 22.25
2026-09-08, 05:27:34, 22.25, 22.27, 22.59, 22.68, 9999.0, 9999.0, 9999.0, 23.82, 9999.0, 22.25, 9999.0, 22.52, 22.34, 22.2, 22.25, 22.25
2026-09-08, 05:27:38, 22.25, 22.27, 22.59, 22.68, 9999.0, 9999.0, 9999.0, 23.84, 9999.0, 22.25, 9999.0, 22.55, 22.32, 22.2, 22.25, 22.25
2026-09-08, 05:27:42, 22.25, 22.25, 22.59, 22.68, 9999.0, 9999.0, 9999.0, 23.86, 9999.0, 22.25, 9999.0, 22.52, 22.3, 22.2, 22.25, 22.25
2026-09-08, 05:27:46, 22.25, 22.25, 22.61, 22.68, 9999.0, 9999.0, 9999.0, 23.8, 9999.0, 22.25, 9999.0, 22.55, 22.27, 22.23, 22.25, 22.25
2026-09-08, 05:27:50, 22.25, 22.25, 22.64, 22.68, 9999.0, 9999.0, 9999.0, 23.75, 9999.0, 22.25, 9999.0, 22.57, 22.27, 22.23, 22.25, 22.25
2026-09-08, 05:27:54, 22.25, 22.25, 22.64, 22.68, 9999.0, 9999.0, 9999.0, 23.7, 9999.0, 22.25, 9999.0, 22.59, 22.27, 22.23, 22.25, 22.25
2026-09-08, 05:27:58, 22.25, 22.25, 22.66, 22.7, 9999.0, 9999.0, 9999.0, 23.66, 9999.0, 22.27, 9999.0, 22.61, 22.3, 22.23, 22.25, 22.25
2026-09-08, 05:28:02, 22.25, 22.25, 22.68, 22.7, 9999.0, 9999.0, 9999.0, 23.61, 9999.0, 22.27, 9999.0, 22.64, 22.3, 22.23, 22.25, 22.25
2026-09-08, 05:28:06, 22.25, 22.25, 22.66, 22.73, 9999.0, 9999.0, 9999.0, 23.59, 9999.0, 22.27, 9999.0, 22.66, 22.32, 22.23, 22.25, 22.25
2026-09-08, 05:28:10, 22.25, 22.25, 22.66, 22.7, 9999.0, 9999.0, 9999.0, 23.57, 9999.0, 22.3, 9999.0, 22.68, 22.34, 22.23, 22.25, 22.25
2026-09-08, 05:28:14, 22.25, 22.25, 22.68, 22.68, 9999.0, 9999.0, 9999.0, 23.52, 9999.0, 22.32, 9999.0, 22.68, 22.36, 22.25, 22.25, 22.25
2026-09-08, 05:28:18, 22.25, 22.25, 22.68, 22.68, 9999.0, 9999.0, 9999.0, 23.57, 9999.0, 22.34, 9999.0, 22.68, 22.39, 22.25, 22.25, 22.25
2026-09-08, 05:28:22, 22.25, 22.25, 22.7, 22.68, 9999.0, 9999.0, 9999.0, 23.61, 9999.0, 22.36, 9999.0, 22.68, 22.39, 22.25, 22.25, 22.25
2026-09-08, 05:28:26, 22.25, 22.25, 22.7, 22.68, 9999.0, 9999.0, 9999.0, 23.66, 9999.0, 22.39, 9999.0, 22.68, 22.39, 22.25, 22.25, 22.25
2026-09-08, 05:28:30, 22.25, 22.25, 22.7, 22.7, 9999.0, 9999.0, 9999.0, 23.7, 9999.0, 22.41, 9999.0, 22.66, 22.39, 22.25, 22.25, 22.25
2026-09-08, 05:28:34, 22.25, 22.25, 22.7, 22.68, 9999.0, 9999.0, 9999.0, 23.75, 9999.0, 22.43, 9999.0, 22.64, 22.36, 22.25, 22.25, 22.25
2026-09-08, 05:28:38, 22.25, 22.25, 22.7, 22.68, 9999.0, 9999.0, 9999.0, 23.8, 9999.0, 22.45, 9999.0, 22.61, 22.39, 22.23, 22.25, 22.25
2026-09-08, 05:28:42, 22.25, 22.25, 22.68, 22.66, 9999.0, 9999.0, 9999.0, 23.82, 9999.0, 22.43, 9999.0, 22.59, 22.36, 22.23, 22.25, 22.25
2026-09-08, 05:28:46, 22.25, 22.25, 22.68, 22.66, 9999.0, 9999.0, 9999.0, 23.84, 9999.0, 22.43, 9999.0, 22.57, 22.36, 22.23, 22.25, 22.25
2026-09-08, 05:28:50, 22.25, 22.25, 22.7, 22.66, 9999.0, 9999.0, 9999.0, 23.86, 9999.0, 22.43, 9999.0, 22.55, 22.34, 22.23, 22.25, 22.25
2026-09-08, 05:28:54, 22.25, 22.25, 22.68, 22.68, 9999.0, 9999.0, 9999.0, 23.89, 9999.0, 22.41, 9999.0, 22.52, 22.32, 22.23, 22.25, 22.25
2026-09-08, 05:28:58, 22.25, 22.25, 22.68, 22.7, 9999.0, 9999.0, 9999.0, 23.93, 9999.0, 22.39, 9999.0, 22.52, 22.32, 22.2, 22.25, 22.25
2026-09-08, 05:29:02, 22.25, 22.25, 22.68, 22.7, 9999.0, 9999.0, 9999.0, 23.89, 9999.0, 22.36, 9999.0, 22.52, 22.32, 22.2, 22.25, 22.25
2026-09-08, 05:29:06, 22.25, 22.25, 22.66, 22.7, 9999.0, 9999.0, 9999.0, 23.84, 9999.0, 22.34, 9999.0, 22.52, 22.32, 22.2, 22.25, 22.25
2026-09-08, 05:29:10, 22.25, 22.25, 22.64, 22.7, 9999.0, 9999.0, 9999.0, 23.8, 9999.0, 22.32, 9999.0, 22.55, 22.34, 22.2, 22.25, 22.25
2026-09-08, 05:29:14, 22.25, 22.25, 22.64, 22.7, 9999.0, 9999.0, 9999.0, 23.75, 9999.0, 22.3, 9999.0, 22.57, 22.36, 22.18, 22.25, 22.25
2026-09-08, 05:29:18, 22.25, 22.25, 22.61, 22.73, 9999.0, 9999.0, 9999.0, 23.7, 9999.0, 22.3, 9999.0, 22.57, 22.36, 22.18, 22.25, 22.25
2026-09-08, 05:29:22, 22.25, 22.25, 22.59, 22.73, 9999.0, 9999.0, 9999.0, 23.66, 9999.0, 22.3, 9999.0, 22.57, 22.34, 22.2, 22.25, 22.25
2026-09-08, 05:29:26, 22.25, 22.25, 22.61, 22.75, 9999.0, 9999.0, 9999.0, 23.64, 9999.0, 22.32, 9999.0, 22.59, 22.36, 22.2, 22.25, 22.25
2026-09-08, 05:29:31, 22.25, 22.25, 22.61, 22.75, 9999.0, 9999.0, 9999.0, 23.61, 9999.0, 22.34, 9999.0, 22.59, 22.39, 22.2, 22.25, 22.25
2026-09-08, 05:29:35, 22.25, 22.25, 22.61, 22.75, 9999.0, 9999.0, 9999.0, 23.59, 9999.0, 22.39, 9999.0, 22.59, 22.41, 22.2, 22.25, 22.25
2026-09-08, 05:29:39, 22.25, 22.25, 22.64, 22.75, 9999.0, 9999.0, 9999.0, 23.64, 9999.0, 22.41, 9999.0, 22.59, 22.43, 22.2, 22.25, 22.25
2026-09-08, 05:29:43, 22.25, 22.25, 22.61, 22.75, 9999.0, 9999.0, 9999.0, 23.66, 9999.0, 22.43, 9999.0, 22.59, 22.43, 22.23, 22.25, 22.25
2026-09-08, 05:29:47, 22.25, 22.25, 22.64, 22.73, 9999.0, 9999.0, 9999.0, 23.68, 9999.0, 22.45, 9999.0, 22.59, 22.41, 22.2, 22.25, 22.25
2026-09-08, 05:29:51, 22.25, 22.25, 22.64, 22.7, 9999.0, 9999.0, 9999.0, 23.7, 9999.0, 22.48, 9999.0, 22.57, 22.43, 22.18, 22.25, 22.25
2026-09-08, 05:29:55, 22.25, 22.25, 22.66, 22.7, 9999.0, 9999.0, 9999.0, 23.75, 9999.0, 22.48, 9999.0, 22.55, 22.41, 22.18, 22.25, 22.25
2026-09-08, 05:29:59, 22.25, 22.27, 22.64, 22.68, 9999.0, 9999.0, 9999.0, 23.77, 9999.0, 22.48, 9999.0, 22.52, 22.41, 22.2, 22.25, 22.25
2026-09-08, 05:30:03, 22.25, 22.27, 22.66, 22.66, 9999.0, 9999.0, 9999.0, 23.8, 9999.0, 22.48, 9999.0, 22.52, 22.43, 22.2, 22.25, 22.25
2026-09-08, 05:30:07, 22.25, 22.27, 22.68, 22.66, 9999.0, 9999.0, 9999.0, 23.82, 9999.0, 22.48, 9999.0, 22.52, 22.45, 22.2, 22.25, 22.25
2026-09-08, 05:30:11, 22.25, 22.27, 22.68, 22.66, 9999.0, 9999.0, 9999.0, 23.84, 9999.0, 22.48, 9999.0, 22.5, 22.43, 22.2, 22.25, 22.25
2026-09-08, 05:30:15, 22.25, 22.27, 22.66, 22.66, 9999.0, 9999.0, 9999.0, 23.86, 9999.0, 22.48, 9999.0, 22.5, 22.43, 22.2, 22.25, 22.25
2026-09-08, 05:30:19, 22.25, 22.27, 22.64, 22.66, 9999.0, 9999.0, 9999.0, 23.89, 9999.0, 22.43, 9999.0, 22.5, 22.41, 22.2, 22.25, 22.25
2026-09-08, 05:30:23, 22.25, 22.27, 22.64, 22.66, 9999.0, 9999.0, 9999.0, 23.82, 9999.0, 22.41, 9999.0, 22.52, 22.39, 22.2, 22.25, 22.25
2026-09-08, 05:30:27, 22.25, 22.27, 22.64, 22.64, 9999.0, 9999.0, 9999.0, 23.8, 9999.0, 22.39, 9999.0, 22.55, 22.36, 22.2, 22.25, 22.25
2026-09-08, 05:30:31, 22.25, 22.27, 22.61, 22.66, 9999.0, 9999.0, 9999.0, 23.75, 9999.0, 22.36, 9999.0, 22.57, 22.39, 22.23, 22.25, 22.25
2026-09-08, 05:30:35, 22.25, 22.27, 22.61, 22.68, 9999.0, 9999.0, 9999.0, 23.7, 9999.0, 22.36, 9999.0, 22.59, 22.39, 22.25, 22.25, 22.25
2026-09-08, 05:30:39, 22.25, 22.27, 22.59, 22.68, 9999.0, 9999.0, 9999.0, 23.66, 9999.0, 22.39, 9999.0, 22.59, 22.39, 22.25, 22.25, 22.25
2026-09-08, 05:30:43, 22.25, 22.25, 22.61, 22.7, 9999.0, 9999.0, 9999.0, 23.64, 9999.0, 22.41, 9999.0, 22.61, 22.39, 22.25, 22.25, 22.25
2026-09-08, 05:30:47, 22.25, 22.25, 22.59, 22.7, 9999.0, 9999.0, 9999.0, 23.61, 9999.0, 22.43, 9999.0, 22.64, 22.39, 22.25, 22.25, 22.25
2026-09-08, 05:30:51, 22.25, 22.25, 22.57, 22.68, 9999.0, 9999.0, 9999.0, 23.57, 9999.0, 22.45, 9999.0, 22.66, 22.39, 22.23, 22.25, 22.25
2026-09-08, 05:30:55, 22.25, 22.25, 22.55, 22.66, 9999.0, 9999.0, 9999.0, 23.59, 9999.0, 22.48, 9999.0, 22.66, 22.41, 22.23, 22.25, 22.25
2026-09-08, 05:30:59, 22.25, 22.25, 22.55, 22.66, 9999.0, 9999.0, 9999.0, 23.61, 9999.0, 22.5, 9999.0, 22.66, 22.41, 22.2, 22.25, 22.25
2026-09-08, 05:31:03, 22.25, 22.25, 22.55, 22.66, 9999.0, 9999.0, 9999.0, 23.64, 9999.0, 22.52, 9999.0, 22.66, 22.43, 22.2, 22.25, 22.25
2026-09-08, 05:31:07, 22.25, 22.25, 22.52, 22.66, 9999.0, 9999.0, 9999.0, 23.68, 9999.0, 22.55, 9999.0, 22.64, 22.43, 22.2, 22.25, 22.25
2026-09-08, 05:31:11, 22.25, 22.25, 22.52, 22.68, 9999.0, 9999.0, 9999.0, 23.7, 9999.0, 22.57, 9999.0, 22.61, 22.45, 22.18, 22.25, 22.25
2026-09-08, 05:31:15, 22.25, 22.25, 22.52, 22.68, 9999.0, 9999.0, 9999.0, 23.75, 9999.0, 22.59, 9999.0, 22.59, 22.45, 22.16, 22.25, 22.25
2026-09-08, 05:31:19, 22.25, 22.25, 22.52, 22.66, 9999.0, 9999.0, 9999.0, 23.77, 9999.0, 22.59, 9999.0, 22.57, 22.43, 22.16, 22.25, 22.25
2026-09-08, 05:31:23, 22.25, 22.25, 22.52, 22.66, 9999.0, 9999.0, 9999.0, 23.8, 9999.0, 22.59, 9999.0, 22.57, 22.43, 22.16, 22.25, 22.25
2026-09-08, 05:31:27, 22.25, 22.27, 22.5, 22.66, 9999.0, 9999.0, 9999.0, 23.84, 9999.0, 22.59, 9999.0, 22.55, 22.41, 22.14, 22.25, 22.25
2026-09-08, 05:31:31, 22.25, 22.27, 22.5, 22.68, 9999.0, 9999.0, 9999.0, 23.86, 9999.0, 22.57, 9999.0, 22.52, 22.39, 22.14, 22.25, 22.25
2026-09-08, 05:31:35, 22.25, 22.27, 22.5, 22.68, 9999.0, 9999.0, 9999.0, 23.91, 9999.0, 22.55, 9999.0, 22.5, 22.36, 22.14, 22.25, 22.25
2026-09-08, 05:31:39, 22.25, 22.3, 22.5, 22.68, 9999.0, 9999.0, 9999.0, 23.89, 9999.0, 22.52, 9999.0, 22.5, 22.34, 22.14, 22.25, 22.25
2026-09-08, 05:31:43, 22.25, 22.3, 22.5, 22.68, 9999.0, 9999.0, 9999.0, 23.86, 9999.0, 22.5, 9999.0, 22.52, 22.34, 22.16, 22.25, 22.25
2026-09-08, 05:31:47, 22.25, 22.32, 22.52, 22.68, 9999.0, 9999.0, 9999.0, 23.84, 9999.0, 22.5, 9999.0, 22.55, 22.32, 22.16, 22.25, 22.25
2026-09-08, 05:31:51, 22.25, 22.32, 22.55, 22.66, 9999.0, 9999.0, 9999.0, 23.82, 9999.0, 22.5, 9999.0, 22.57, 22.32, 22.16, 22.25, 22.25
2026-09-08, 05:31:55, 22.25, 22.32, 22.55, 22.64, 9999.0, 9999.0, 9999.0, 23.8, 9999.0, 22.5, 9999.0, 22.59, 22.3, 22.16, 22.25, 22.25
2026-09-08, 05:31:59, 22.25, 22.32, 22.55, 22.64, 9999.0, 9999.0, 9999.0, 23.77, 9999.0, 22.5, 9999.0, 22.61, 22.3, 22.18, 22.25, 22.25
2026-09-08, 05:32:03, 22.25, 22.32, 22.55, 22.66, 9999.0, 9999.0, 9999.0, 23.75, 9999.0, 22.52, 9999.0, 22.61, 22.32, 22.18, 22.25, 22.25
2026-09-08, 05:32:07, 22.25, 22.32, 22.57, 22.66, 9999.0, 9999.0, 9999.0, 23.73, 9999.0, 22.55, 9999.0, 22.61, 22.34, 22.18, 22.25, 22.25
2026-09-08, 05:32:11, 22.25, 22.3, 22.59, 22.64, 9999.0, 9999.0, 9999.0, 23.75, 9999.0, 22.57, 9999.0, 22.61, 22.36, 22.2, 22.25, 22.25
2026-09-08, 05:32:15, 22.25, 22.3, 22.61, 22.61, 9999.0, 9999.0, 9999.0, 23.8, 9999.0, 22.59, 9999.0, 22.61, 22.39, 22.2, 22.25, 22.25
2026-09-08, 05:32:19, 22.25, 22.3, 22.64, 22.61, 9999.0, 9999.0, 9999.0, 23.84, 9999.0, 22.59, 9999.0, 22.61, 22.41, 22.23, 22.25, 22.25
2026-09-08, 05:32:23, 22.25, 22.27, 22.64, 22.61, 9999.0, 9999.0, 9999.0, 23.86, 9999.0, 22.61, 9999.0, 22.61, 22.43, 22.23, 22.25, 22.25
2026-09-08, 05:32:27, 22.25, 22.27, 22.64, 22.59, 9999.0, 9999.0, 9999.0, 23.89, 9999.0, 22.61, 9999.0, 22.59, 22.41, 22.23, 22.25, 22.25
2026-09-08, 05:32:31, 22.25, 22.25, 22.61, 22.57, 9999.0, 9999.0, 9999.0, 23.91, 9999.0, 22.61, 9999.0, 22.57, 22.41, 22.23, 22.25, 22.25
2026-09-08, 05:32:35, 22.25, 22.25, 22.59, 22.57, 9999.0, 9999.0, 9999.0, 23.93, 9999.0, 22.61, 9999.0, 22.55, 22.41, 22.2, 22.25, 22.25
2026-09-08, 05:32:39, 22.25, 22.25, 22.59, 22.57, 9999.0, 9999.0, 9999.0, 23.95, 9999.0, 22.61, 9999.0, 22.52, 22.43, 22.23, 22.25, 22.25
2026-09-08, 05:32:43, 22.25, 22.25, 22.59, 22.55, 9999.0, 9999.0, 9999.0, 23.98, 9999.0, 22.61, 9999.0, 22.5, 22.43, 22.23, 22.25, 22.25
2026-09-08, 05:32:47, 22.25, 22.27, 22.59, 22.52, 9999.0, 9999.0, 9999.0, 24.02, 9999.0, 22.59, 9999.0, 22.5, 22.41, 22.2, 22.25, 22.25
2026-09-08, 05:32:51, 22.25, 22.3, 22.57, 22.5, 9999.0, 9999.0, 9999.0, 24.07, 9999.0, 22.57, 9999.0, 22.5, 22.39, 22.2, 22.23, 22.25
2026-09-08, 05:32:55, 22.25, 22.3, 22.55, 22.5, 9999.0, 9999.0, 9999.0, 24.02, 9999.0, 22.55, 9999.0, 22.5, 22.36, 22.2, 22.23, 22.25
2026-09-08, 05:32:59, 22.25, 22.3, 22.52, 22.52, 9999.0, 9999.0, 9999.0, 23.98, 9999.0, 22.52, 9999.0, 22.52, 22.34, 22.2, 22.23, 22.25
2026-09-08, 05:33:03, 22.25, 22.3, 22.5, 22.52, 9999.0, 9999.0, 9999.0, 23.93, 9999.0, 22.52, 9999.0, 22.55, 22.32, 22.2, 22.23, 22.25
2026-09-08, 05:33:07, 22.25, 22.3, 22.5, 22.55, 9999.0, 9999.0, 9999.0, 23.91, 9999.0, 22.5, 9999.0, 22.57, 22.32, 22.2, 22.23, 22.25
2026-09-08, 05:33:11, 22.25, 22.3, 22.52, 22.55, 9999.0, 9999.0, 9999.0, 23.86, 9999.0, 22.5, 9999.0, 22.57, 22.32, 22.2, 22.23, 22.25
2026-09-08, 05:33:16, 22.25, 22.3, 22.52, 22.55, 9999.0, 9999.0, 9999.0, 23.82, 9999.0, 22.5, 9999.0, 22.57, 22.32, 22.2, 22.23, 22.25
2026-09-08, 05:33:20, 22.25, 22.3, 22.52, 22.55, 9999.0, 9999.0, 9999.0, 23.77, 9999.0, 22.52, 9999.0, 22.57, 22.34, 22.23, 22.23, 22.25
2026-09-08, 05:33:24, 22.25, 22.3, 22.52, 22.55, 9999.0, 9999.0, 9999.0, 23.73, 9999.0, 22.55, 9999.0, 22.59, 22.34, 22.23, 22.23, 22.25
2026-09-08, 05:33:28, 22.25, 22.3, 22.52, 22.55, 9999.0, 9999.0, 9999.0, 23.68, 9999.0, 22.57, 9999.0, 22.61, 22.34, 22.23, 22.23, 22.25
2026-09-08, 05:33:32, 22.25, 22.27, 22.52, 22.55, 9999.0, 9999.0, 9999.0, 23.7, 9999.0, 22.59, 9999.0, 22.61, 22.34, 22.23, 22.23, 22.25
2026-09-08, 05:33:36, 22.25, 22.25, 22.52, 22.55, 9999.0, 9999.0, 9999.0, 23.73, 9999.0, 22.61, 9999.0, 22.61, 22.34, 22.23, 22.25, 22.25
2026-09-08, 05:33:40, 22.25, 22.27, 22.52, 22.55, 9999.0, 9999.0, 9999.0, 23.77, 9999.0, 22.61, 9999.0, 22.61, 22.36, 22.23, 22.25, 22.25
2026-09-08, 05:33:44, 22.25, 22.27, 22.55, 22.52, 9999.0, 9999.0, 9999.0, 23.82, 9999.0, 22.61, 9999.0, 22.59, 22.39, 22.23, 22.25, 22.25
2026-09-08, 05:33:48, 22.25, 22.27, 22.55, 22.52, 9999.0, 9999.0, 9999.0, 23.84, 9999.0, 22.61, 9999.0, 22.57, 22.39, 22.23, 22.25, 22.25
2026-09-08, 05:33:52, 22.25, 22.27, 22.55, 22.5, 9999.0, 9999.0, 9999.0, 23.86, 9999.0, 22.61, 9999.0, 22.55, 22.36, 22.23, 22.25, 22.25
2026-09-08, 05:33:56, 22.25, 22.27, 22.52, 22.5, 9999.0, 9999.0, 9999.0, 23.91, 9999.0, 22.61, 9999.0, 22.55, 22.36, 22.23, 22.25, 22.25
2026-09-08, 05:34:00, 22.25, 22.27, 22.52, 22.5, 9999.0, 9999.0, 9999.0, 23.95, 9999.0, 22.61, 9999.0, 22.55, 22.36, 22.23, 22.25, 22.25
2026-09-08, 05:34:04, 22.25, 22.3, 22.52, 22.5, 9999.0, 9999.0, 9999.0, 24.0, 9999.0, 22.59, 9999.0, 22.55, 22.34, 22.2, 22.25, 22.25
2026-09-08, 05:34:08, 22.25, 22.3, 22.55, 22.5, 9999.0, 9999.0, 9999.0, 24.05, 9999.0, 22.57, 9999.0, 22.52, 22.32, 22.2, 22.25, 22.25
2026-09-08, 05:34:12, 22.25, 22.3, 22.55, 22.5, 9999.0, 9999.0, 9999.0, 24.09, 9999.0, 22.55, 9999.0, 22.5, 22.3, 22.2, 22.25, 22.25
2026-09-08, 05:34:16, 22.25, 22.3, 22.55, 22.52, 9999.0, 9999.0, 9999.0, 24.05, 9999.0, 22.52, 9999.0, 22.5, 22.32, 22.23, 22.25, 22.25
2026-09-08, 05:34:20, 22.25, 22.3, 22.55, 22.52, 9999.0, 9999.0, 9999.0, 24.0, 9999.0, 22.5, 9999.0, 22.52, 22.34, 22.23, 22.25, 22.25
2026-09-08, 05:34:24, 22.25, 22.27, 22.57, 22.52, 9999.0, 9999.0, 9999.0, 23.95, 9999.0, 22.5, 9999.0, 22.55, 22.32, 22.23, 22.25, 22.25
2026-09-08, 05:34:28, 22.25, 22.3, 22.55, 22.52, 9999.0, 9999.0, 9999.0, 23.91, 9999.0, 22.52, 9999.0, 22.55, 22.3, 22.23, 22.25, 22.25
2026-09-08, 05:34:32, 22.25, 22.3, 22.55, 22.55, 9999.0, 9999.0, 9999.0, 23.89, 9999.0, 22.52, 9999.0, 22.57, 22.3, 22.23, 22.25, 22.25
2026-09-08, 05:34:36, 22.25, 22.3, 22.55, 22.55, 9999.0, 9999.0, 9999.0, 23.84, 9999.0, 22.55, 9999.0, 22.59, 22.32, 22.23, 22.25, 22.25
2026-09-08, 05:34:40, 22.25, 22.3, 22.55, 22.57, 9999.0, 9999.0, 9999.0, 23.8, 9999.0, 22.57, 9999.0, 22.59, 22.32, 22.23, 22.25, 22.25
2026-09-08, 05:34:44, 22.25, 22.3, 22.55, 22.59, 9999.0, 9999.0, 9999.0, 23.75, 9999.0, 22.59, 9999.0, 22.61, 22.34, 22.2, 22.25, 22.25
2026-09-08, 05:34:48, 22.25, 22.3, 22.55, 22.59, 9999.0, 9999.0, 9999.0, 23.8, 9999.0, 22.61, 9999.0, 22.61, 22.34, 22.23, 22.25, 22.25
2026-09-08, 05:34:52, 22.25, 22.3, 22.52, 22.59, 9999.0, 9999.0, 9999.0, 23.82, 9999.0, 22.64, 9999.0, 22.61, 22.34, 22.23, 22.25, 22.25
2026-09-08, 05:34:56, 22.25, 22.3, 22.55, 22.59, 9999.0, 9999.0, 9999.0, 23.84, 9999.0, 22.66, 9999.0, 22.61, 22.36, 22.2, 22.25, 22.25
2026-09-08, 05:35:00, 22.25, 22.3, 22.55, 22.57, 9999.0, 9999.0, 9999.0, 23.89, 9999.0, 22.68, 9999.0, 22.61, 22.34, 22.2, 22.25, 22.25
2026-09-08, 05:35:04, 22.25, 22.3, 22.55, 22.59, 9999.0, 9999.0, 9999.0, 23.91, 9999.0, 22.7, 9999.0, 22.59, 22.32, 22.2, 22.25, 22.25
2026-09-08, 05:35:08, 22.25, 22.3, 22.55, 22.59, 9999.0, 9999.0, 9999.0, 23.93, 9999.0, 22.73, 9999.0, 22.57, 22.32, 22.2, 22.25, 22.25
2026-09-08, 05:35:12, 22.25, 22.27, 22.55, 22.59, 9999.0, 9999.0, 9999.0, 23.95, 9999.0, 22.7, 9999.0, 22.57, 22.32, 22.2, 22.25, 22.25
2026-09-08, 05:35:16, 22.25, 22.27, 22.55, 22.59, 9999.0, 9999.0, 9999.0, 23.98, 9999.0, 22.7, 9999.0, 22.55, 22.32, 22.2, 22.25, 22.25
2026-09-08, 05:35:20, 22.23, 22.27, 22.55, 22.59, 9999.0, 9999.0, 9999.0, 24.02, 9999.0, 22.68, 9999.0, 22.52, 22.3, 22.2, 22.25, 22.23
2026-09-08, 05:35:24, 22.23, 22.27, 22.57, 22.57, 9999.0, 9999.0, 9999.0, 24.07, 9999.0, 22.66, 9999.0, 22.52, 22.3, 22.18, 22.25, 22.2
2026-09-08, 05:35:28, 22.23, 22.27, 22.57, 22.55, 9999.0, 9999.0, 9999.0, 24.09, 9999.0, 22.64, 9999.0, 22.5, 22.27, 22.18, 22.25, 22.2
2026-09-08, 05:35:32, 22.23, 22.25, 22.57, 22.55, 9999.0, 9999.0, 9999.0, 24.02, 9999.0, 22.61, 9999.0, 22.52, 22.27, 22.16, 22.25, 22.2
2026-09-08, 05:35:36, 22.23, 22.25, 22.57, 22.55, 9999.0, 9999.0, 9999.0, 23.98, 9999.0, 22.59, 9999.0, 22.55, 22.3, 22.14, 22.25, 22.2
2026-09-08, 05:35:40, 22.23, 22.25, 22.55, 22.55, 9999.0, 9999.0, 9999.0, 23.93, 9999.0, 22.57, 9999.0, 22.57, 22.27, 22.16, 22.25, 22.18
2026-09-08, 05:35:44, 22.23, 22.25, 22.57, 22.55, 9999.0, 9999.0, 9999.0, 23.86, 9999.0, 22.57, 9999.0, 22.59, 22.3, 22.16, 22.25, 22.16
2026-09-08, 05:35:48, 22.23, 22.27, 22.57, 22.52, 9999.0, 9999.0, 9999.0, 23.84, 9999.0, 22.57, 9999.0, 22.61, 22.3, 22.16, 22.25, 22.14
2026-09-08, 05:35:52, 22.23, 22.27, 22.57, 22.52, 9999.0, 9999.0, 9999.0, 23.8, 9999.0, 22.57, 9999.0, 22.64, 22.32, 22.14, 22.23, 22.14
2026-09-08, 05:35:56, 22.23, 22.27, 22.57, 22.52, 9999.0, 9999.0, 9999.0, 23.75, 9999.0, 22.59, 9999.0, 22.64, 22.34, 22.14, 22.23, 22.14
2026-09-08, 05:36:00, 22.23, 22.27, 22.57, 22.52, 9999.0, 9999.0, 9999.0, 23.7, 9999.0, 22.61, 9999.0, 22.64, 22.36, 22.14, 22.23, 22.14
2026-09-08, 05:36:04, 22.25, 22.27, 22.57, 22.52, 9999.0, 9999.0, 9999.0, 23.73, 9999.0, 22.64, 9999.0, 22.64, 22.39, 22.14, 22.23, 22.16
2026-09-08, 05:36:08, 22.25, 22.27, 22.55, 22.55, 9999.0, 9999.0, 9999.0, 23.75, 9999.0, 22.66, 9999.0, 22.64, 22.41, 22.16, 22.23, 22.18
2026-09-08, 05:36:12, 22.25, 22.3, 22.55, 22.55, 9999.0, 9999.0, 9999.0, 23.8, 9999.0, 22.66, 9999.0, 22.64, 22.41, 22.16, 22.23, 22.16
2026-09-08, 05:36:16, 22.25, 22.3, 22.55, 22.57, 9999.0, 9999.0, 9999.0, 23.82, 9999.0, 22.68, 9999.0, 22.61, 22.41, 22.16, 22.23, 22.16
2026-09-08, 05:36:20, 22.25, 22.32, 22.55, 22.57, 9999.0, 9999.0, 9999.0, 23.84, 9999.0, 22.68, 9999.0, 22.59, 22.39, 22.18, 22.23, 22.16
2026-09-08, 05:36:24, 22.25, 22.32, 22.57, 22.57, 9999.0, 9999.0, 9999.0, 23.86, 9999.0, 22.7, 9999.0, 22.57, 22.41, 22.16, 22.23, 22.16
2026-09-08, 05:36:28, 22.25, 22.34, 22.55, 22.57, 9999.0, 9999.0, 9999.0, 23.91, 9999.0, 22.68, 9999.0, 22.55, 22.39, 22.16, 22.23, 22.18
2026-09-08, 05:36:32, 22.25, 22.32, 22.57, 22.59, 9999.0, 9999.0, 9999.0, 23.93, 9999.0, 22.66, 9999.0, 22.52, 22.39, 22.16, 22.23, 22.2
2026-09-08, 05:36:36, 22.25, 22.32, 22.55, 22.59, 9999.0, 9999.0, 9999.0, 23.98, 9999.0, 22.64, 9999.0, 22.48, 22.36, 22.16, 22.25, 22.2
2026-09-08, 05:36:40, 22.25, 22.34, 22.55, 22.59, 9999.0, 9999.0, 9999.0, 24.02, 9999.0, 22.61, 9999.0, 22.5, 22.34, 22.16, 22.25, 22.2
2026-09-08, 05:36:44, 22.25, 22.34, 22.55, 22.57, 9999.0, 9999.0, 9999.0, 24.05, 9999.0, 22.59, 9999.0, 22.5, 22.32, 22.16, 22.25, 22.2
2026-09-08, 05:36:48, 22.25, 22.34, 22.55, 22.59, 9999.0, 9999.0, 9999.0, 24.0, 9999.0, 22.57, 9999.0, 22.5, 22.32, 22.14, 22.25, 22.18
2026-09-08, 05:36:52, 22.23, 22.34, 22.57, 22.59, 9999.0, 9999.0, 9999.0, 23.95, 9999.0, 22.55, 9999.0, 22.52, 22.32, 22.14, 22.25, 22.18
2026-09-08, 05:36:56, 22.23, 22.32, 22.59, 22.61, 9999.0, 9999.0, 9999.0, 23.91, 9999.0, 22.55, 9999.0, 22.55, 22.34, 22.16, 22.25, 22.18
2026-09-08, 05:37:01, 22.23, 22.34, 22.61, 22.59, 9999.0, 9999.0, 9999.0, 23.89, 9999.0, 22.55, 9999.0, 22.57, 22.36, 22.16, 22.25, 22.18
2026-09-08, 05:37:05, 22.23, 22.32, 22.61, 22.61, 9999.0, 9999.0, 9999.0, 23.86, 9999.0, 22.55, 9999.0, 22.59, 22.36, 22.16, 22.25, 22.18
2026-09-08, 05:37:09, 22.23, 22.32, 22.61, 22.61, 9999.0, 9999.0, 9999.0, 23.82, 9999.0, 22.52, 9999.0, 22.61, 22.36, 22.16, 22.25, 22.2
2026-09-08, 05:37:13, 22.23, 22.3, 22.64, 22.61, 9999.0, 9999.0, 9999.0, 23.77, 9999.0, 22.55, 9999.0, 22.64, 22.39, 22.16, 22.25, 22.2
2026-09-08, 05:37:17, 22.23, 22.3, 22.61, 22.61, 9999.0, 9999.0, 9999.0, 23.73, 9999.0, 22.57, 9999.0, 22.64, 22.39, 22.14, 22.25, 22.2
2026-09-08, 05:37:21, 22.23, 22.3, 22.64, 22.64, 9999.0, 9999.0, 9999.0, 23.68, 9999.0, 22.59, 9999.0, 22.66, 22.41, 22.16, 22.25, 22.2
2026-09-08, 05:37:25, 22.2, 22.27, 22.64, 22.64, 9999.0, 9999.0, 9999.0, 23.7, 9999.0, 22.61, 9999.0, 22.64, 22.43, 22.16, 22.25, 22.2
2026-09-08, 05:37:29, 22.2, 22.3, 22.64, 22.66, 9999.0, 9999.0, 9999.0, 23.75, 9999.0, 22.64, 9999.0, 22.64, 22.45, 22.16, 22.25, 22.2
2026-09-08, 05:37:33, 22.2, 22.32, 22.64, 22.64, 9999.0, 9999.0, 9999.0, 23.8, 9999.0, 22.66, 9999.0, 22.64, 22.45, 22.18, 22.25, 22.2
2026-09-08, 05:37:37, 22.23, 22.32, 22.61, 22.61, 9999.0, 9999.0, 9999.0, 23.84, 9999.0, 22.68, 9999.0, 22.61, 22.43, 22.18, 22.25, 22.2
2026-09-08, 05:37:41, 22.23, 22.32, 22.59, 22.59, 9999.0, 9999.0, 9999.0, 23.86, 9999.0, 22.68, 9999.0, 22.59, 22.43, 22.18, 22.25, 22.23
2026-09-08, 05:37:45, 22.23, 22.3, 22.59, 22.59, 9999.0, 9999.0, 9999.0, 23.89, 9999.0, 22.66, 9999.0, 22.57, 22.41, 22.2, 22.25, 22.2
2026-09-08, 05:37:49, 22.23, 22.3, 22.61, 22.57, 9999.0, 9999.0, 9999.0, 23.91, 9999.0, 22.66, 9999.0, 22.52, 22.41, 22.2, 22.25, 22.18
2026-09-08, 05:37:53, 22.23, 22.3, 22.59, 22.59, 9999.0, 9999.0, 9999.0, 23.95, 9999.0, 22.66, 9999.0, 22.48, 22.39, 22.2, 22.25, 22.16
2026-09-08, 05:37:57, 22.23, 22.32, 22.59, 22.59, 9999.0, 9999.0, 9999.0, 24.0, 9999.0, 22.61, 9999.0, 22.45, 22.36, 22.2, 22.25, 22.16
2026-09-08, 05:38:01, 22.23, 22.32, 22.61, 22.57, 9999.0, 9999.0, 9999.0, 24.05, 9999.0, 22.59, 9999.0, 22.45, 22.36, 22.2, 22.25, 22.16
2026-09-08, 05:38:05, 22.23, 22.34, 22.59, 22.55, 9999.0, 9999.0, 9999.0, 24.09, 9999.0, 22.55, 9999.0, 22.45, 22.34, 22.18, 22.25, 22.16
2026-09-08, 05:38:09, 22.25, 22.34, 22.61, 22.55, 9999.0, 9999.0, 9999.0, 24.05, 9999.0, 22.5, 9999.0, 22.48, 22.34, 22.18, 22.25, 22.16
2026-09-08, 05:38:13, 22.25, 22.32, 22.64, 22.55, 9999.0, 9999.0, 9999.0, 24.0, 9999.0, 22.48, 9999.0, 22.5, 22.34, 22.16, 22.25, 22.16
2026-09-08, 05:38:17, 22.25, 22.3, 22.64, 22.55, 9999.0, 9999.0, 9999.0, 23.95, 9999.0, 22.43, 9999.0, 22.52, 22.34, 22.16, 22.25, 22.16
2026-09-08, 05:38:21, 22.25, 22.3, 22.66, 22.55, 9999.0, 9999.0, 9999.0, 23.91, 9999.0, 22.43, 9999.0, 22.55, 22.36, 22.16, 22.25, 22.16
2026-09-08, 05:38:25, 22.25, 22.32, 22.66, 22.57, 9999.0, 9999.0, 9999.0, 23.89, 9999.0, 22.43, 9999.0, 22.57, 22.34, 22.16, 22.25, 22.16
2026-09-08, 05:38:29, 22.25, 22.34, 22.64, 22.59, 9999.0, 9999.0, 9999.0, 23.84, 9999.0, 22.45, 9999.0, 22.59, 22.36, 22.16, 22.25, 22.18
2026-09-08, 05:38:33, 22.25, 22.34, 22.61, 22.61, 9999.0, 9999.0, 9999.0, 23.8, 9999.0, 22.48, 9999.0, 22.64, 22.36, 22.16, 22.25, 22.2
2026-09-08, 05:38:37, 22.25, 22.34, 22.64, 22.61, 9999.0, 9999.0, 9999.0, 23.75, 9999.0, 22.5, 9999.0, 22.66, 22.39, 22.18, 22.25, 22.23
2026-09-08, 05:38:41, 22.25, 22.34, 22.64, 22.61, 9999.0, 9999.0, 9999.0, 23.77, 9999.0, 22.55, 9999.0, 22.66, 22.39, 22.18, 22.25, 22.23
2026-09-08, 05:38:45, 22.25, 22.34, 22.64, 22.61, 9999.0, 9999.0, 9999.0, 23.8, 9999.0, 22.55, 9999.0, 22.66, 22.39, 22.18, 22.25, 22.23
2026-09-08, 05:38:49, 22.25, 22.32, 22.66, 22.61, 9999.0, 9999.0, 9999.0, 23.82, 9999.0, 22.57, 9999.0, 22.66, 22.39, 22.2, 22.25, 22.2
2026-09-08, 05:38:53, 22.25, 22.32, 22.64, 22.61, 9999.0, 9999.0, 9999.0, 23.86, 9999.0, 22.59, 9999.0, 22.64, 22.36, 22.2, 22.25, 22.2
2026-09-08, 05:38:57, 22.23, 22.34, 22.61, 22.61, 9999.0, 9999.0, 9999.0, 23.89, 9999.0, 22.59, 9999.0, 22.61, 22.34, 22.23, 22.25, 22.2
2026-09-08, 05:39:01, 22.23, 22.34, 22.64, 22.64, 9999.0, 9999.0, 9999.0, 23.91, 9999.0, 22.61, 9999.0, 22.59, 22.32, 22.2, 22.25, 22.23
2026-09-08, 05:39:05, 22.23, 22.34, 22.64, 22.64, 9999.0, 9999.0, 9999.0, 23.93, 9999.0, 22.57, 9999.0, 22.57, 22.3, 22.2, 22.25, 22.23
2026-09-08, 05:39:09, 22.23, 22.32, 22.66, 22.61, 9999.0, 9999.0, 9999.0, 23.95, 9999.0, 22.55, 9999.0, 22.55, 22.3, 22.2, 22.25, 22.23
2026-09-08, 05:39:13, 22.23, 22.3, 22.68, 22.59, 9999.0, 9999.0, 9999.0, 24.0, 9999.0, 22.52, 9999.0, 22.52, 22.27, 22.2, 22.25, 22.2
2026-09-08, 05:39:17, 22.23, 22.3, 22.68, 22.59, 9999.0, 9999.0, 9999.0, 24.05, 9999.0, 22.48, 9999.0, 22.52, 22.27, 22.18, 22.25, 22.2
2026-09-08, 05:39:21, 22.23, 22.3, 22.66, 22.57, 9999.0, 9999.0, 9999.0, 24.09, 9999.0, 22.43, 9999.0, 22.52, 22.25, 22.18, 22.25, 22.2
2026-09-08, 05:39:25, 22.23, 22.27, 22.66, 22.57, 9999.0, 9999.0, 9999.0, 24.05, 9999.0, 22.39, 9999.0, 22.55, 22.25, 22.18, 22.25, 22.2
2026-09-08, 05:39:29, 22.23, 22.27, 22.66, 22.57, 9999.0, 9999.0, 9999.0, 24.0, 9999.0, 22.36, 9999.0, 22.57, 22.27, 22.2, 22.25, 22.2
2026-09-08, 05:39:33, 22.23, 22.27, 22.66, 22.57, 9999.0, 9999.0, 9999.0, 23.93, 9999.0, 22.34, 9999.0, 22.59, 22.3, 22.18, 22.25, 22.23
2026-09-08, 05:39:37, 22.23, 22.27, 22.68, 22.57, 9999.0, 9999.0, 9999.0, 23.86, 9999.0, 22.34, 9999.0, 22.61, 22.3, 22.18, 22.25, 22.23
2026-09-08, 05:39:41, 22.25, 22.25, 22.68, 22.57, 9999.0, 9999.0, 9999.0, 23.82, 9999.0, 22.34, 9999.0, 22.61, 22.3, 22.18, 22.25, 22.23
2026-09-08, 05:39:45, 22.25, 22.25, 22.68, 22.57, 9999.0, 9999.0, 9999.0, 23.77, 9999.0, 22.34, 9999.0, 22.64, 22.32, 22.2, 22.25, 22.2
2026-09-08, 05:39:49, 22.25, 22.27, 22.68, 22.57, 9999.0, 9999.0, 9999.0, 23.73, 9999.0, 22.36, 9999.0, 22.66, 22.32, 22.2, 22.25, 22.2
2026-09-08, 05:39:53, 22.25, 22.27, 22.66, 22.57, 9999.0, 9999.0, 9999.0, 23.66, 9999.0, 22.39, 9999.0, 22.66, 22.34, 22.2, 22.25, 22.2
2026-09-08, 05:39:57, 22.25, 22.27, 22.66, 22.59, 9999.0, 9999.0, 9999.0, 23.68, 9999.0, 22.39, 9999.0, 22.66, 22.36, 22.2, 22.25, 22.23
2026-09-08, 05:40:01, 22.25, 22.27, 22.68, 22.59, 9999.0, 9999.0, 9999.0, 23.7, 9999.0, 22.41, 9999.0, 22.64, 22.39, 22.23, 22.25, 22.23
2026-09-08, 05:40:05, 22.25, 22.27, 22.7, 22.59, 9999.0, 9999.0, 9999.0, 23.73, 9999.0, 22.43, 9999.0, 22.64, 22.39, 22.2, 22.25, 22.23
2026-09-08, 05:40:09, 22.25, 22.27, 22.7, 22.61, 9999.0, 9999.0, 9999.0, 23.75, 9999.0, 22.45, 9999.0, 22.61, 22.39, 22.2, 22.25, 22.23
2026-09-08, 05:40:13, 22.25, 22.27, 22.7, 22.64, 9999.0, 9999.0, 9999.0, 23.77, 9999.0, 22.45, 9999.0, 22.59, 22.39, 22.18, 22.25, 22.23
2026-09-08, 05:40:17, 22.25, 22.27, 22.7, 22.64, 9999.0, 9999.0, 9999.0, 23.82, 9999.0, 22.48, 9999.0, 22.57, 22.36, 22.2, 22.25, 22.23
2026-09-08, 05:40:21, 22.25, 22.27, 22.68, 22.64, 9999.0, 9999.0, 9999.0, 23.84, 9999.0, 22.45, 9999.0, 22.55, 22.36, 22.2, 22.25, 22.23
2026-09-08, 05:40:25, 22.25, 22.27, 22.7, 22.64, 9999.0, 9999.0, 9999.0, 23.86, 9999.0, 22.43, 9999.0, 22.55, 22.36, 22.2, 22.25, 22.23
2026-09-08, 05:40:29, 22.25, 22.27, 22.7, 22.64, 9999.0, 9999.0, 9999.0, 23.91, 9999.0, 22.41, 9999.0, 22.52, 22.34, 22.2, 22.25, 22.25
2026-09-08, 05:40:33, 22.25, 22.27, 22.68, 22.64, 9999.0, 9999.0, 9999.0, 23.93, 9999.0, 22.39, 9999.0, 22.52, 22.34, 22.18, 22.25, 22.25
2026-09-08, 05:40:37, 22.25, 22.27, 22.7, 22.66, 9999.0, 9999.0, 9999.0, 23.98, 9999.0, 22.36, 9999.0, 22.52, 22.32, 22.18, 22.25, 22.25
2026-09-08, 05:40:41, 22.25, 22.27, 22.7, 22.66, 9999.0, 9999.0, 9999.0, 23.93, 9999.0, 22.32, 9999.0, 22.52, 22.3, 22.18, 22.25, 22.23
2026-09-08, 05:40:45, 22.25, 22.27, 22.68, 22.64, 9999.0, 9999.0, 9999.0, 23.89, 9999.0, 22.3, 9999.0, 22.55, 22.3, 22.18, 22.25, 22.23
2026-09-08, 05:40:49, 22.25, 22.3, 22.68, 22.66, 9999.0, 9999.0, 9999.0, 23.82, 9999.0, 22.25, 9999.0, 22.57, 22.3, 22.2, 22.25, 22.23
2026-09-08, 05:40:54, 22.25, 22.3, 22.68, 22.66, 9999.0, 9999.0, 9999.0, 23.77, 9999.0, 22.2, 9999.0, 22.59, 22.3, 22.2, 22.25, 22.2
2026-09-08, 05:40:58, 22.25, 22.32, 22.68, 22.66, 9999.0, 9999.0, 9999.0, 23.73, 9999.0, 22.2, 9999.0, 22.61, 22.27, 22.23, 22.25, 22.2
2026-09-08, 05:41:02, 22.25, 22.32, 22.66, 22.66, 9999.0, 9999.0, 9999.0, 23.68, 9999.0, 22.18, 9999.0, 22.61, 22.27, 22.23, 22.25, 22.2
2026-09-08, 05:41:06, 22.25, 22.32, 22.68, 22.68, 9999.0, 9999.0, 9999.0, 23.66, 9999.0, 22.2, 9999.0, 22.64, 22.3, 22.23, 22.25, 22.2
2026-09-08, 05:41:10, 22.25, 22.32, 22.68, 22.68, 9999.0, 9999.0, 9999.0, 23.64, 9999.0, 22.2, 9999.0, 22.66, 22.32, 22.23, 22.25, 22.2
2026-09-08, 05:41:14, 22.25, 22.34, 22.68, 22.66, 9999.0, 9999.0, 9999.0, 23.57, 9999.0, 22.23, 9999.0, 22.68, 22.34, 22.2, 22.25, 22.2
2026-09-08, 05:41:18, 22.25, 22.32, 22.7, 22.68, 9999.0, 9999.0, 9999.0, 23.59, 9999.0, 22.23, 9999.0, 22.68, 22.36, 22.23, 22.25, 22.2
2026-09-08, 05:41:22, 22.25, 22.32, 22.7, 22.68, 9999.0, 9999.0, 9999.0, 23.61, 9999.0, 22.23, 9999.0, 22.68, 22.39, 22.23, 22.25, 22.2
2026-09-08, 05:41:26, 22.25, 22.32, 22.7, 22.68, 9999.0, 9999.0, 9999.0, 23.64, 9999.0, 22.25, 9999.0, 22.68, 22.41, 22.23, 22.25, 22.23
2026-09-08, 05:41:30, 22.25, 22.32, 22.73, 22.7, 9999.0, 9999.0, 9999.0, 23.64, 9999.0, 22.25, 9999.0, 22.66, 22.39, 22.23, 22.25, 22.2
2026-09-08, 05:41:34, 22.25, 22.3, 22.73, 22.7, 9999.0, 9999.0, 9999.0, 23.66, 9999.0, 22.27, 9999.0, 22.64, 22.39, 22.2, 22.25, 22.2
2026-09-08, 05:41:38, 22.25, 22.3, 22.73, 22.7, 9999.0, 9999.0, 9999.0, 23.68, 9999.0, 22.27, 9999.0, 22.61, 22.39, 22.2, 22.25, 22.23
2026-09-08, 05:41:42, 22.25, 22.27, 22.73, 22.7, 9999.0, 9999.0, 9999.0, 23.7, 9999.0, 22.25, 9999.0, 22.59, 22.39, 22.18, 22.25, 22.2
2026-09-08, 05:41:46, 22.25, 22.27, 22.75, 22.73, 9999.0, 9999.0, 9999.0, 23.73, 9999.0, 22.23, 9999.0, 22.59, 22.39, 22.18, 22.25, 22.2
2026-09-08, 05:41:50, 22.25, 22.27, 22.73, 22.73, 9999.0, 9999.0, 9999.0, 23.75, 9999.0, 22.18, 9999.0, 22.57, 22.36, 22.16, 22.25, 22.2
2026-09-08, 05:41:54, 22.25, 22.27, 22.73, 22.7, 9999.0, 9999.0, 9999.0, 23.77, 9999.0, 22.16, 9999.0, 22.57, 22.34, 22.16, 22.25, 22.2
2026-09-08, 05:41:58, 22.25, 22.25, 22.73, 22.7, 9999.0, 9999.0, 9999.0, 23.82, 9999.0, 22.14, 9999.0, 22.55, 22.32, 22.18, 22.25, 22.2
2026-09-08, 05:42:02, 22.25, 22.27, 22.7, 22.68, 9999.0, 9999.0, 9999.0, 23.8, 9999.0, 22.11, 9999.0, 22.55, 22.32, 22.16, 22.25, 22.2
2026-09-08, 05:42:06, 22.25, 22.3, 22.68, 22.68, 9999.0, 9999.0, 9999.0, 23.75, 9999.0, 22.09, 9999.0, 22.57, 22.3, 22.16, 22.25, 22.2
2026-09-08, 05:42:10, 22.25, 22.3, 22.66, 22.68, 9999.0, 9999.0, 9999.0, 23.7, 9999.0, 22.07, 9999.0, 22.59, 22.27, 22.16, 22.25, 22.2
2026-09-08, 05:42:14, 22.25, 22.32, 22.64, 22.68, 9999.0, 9999.0, 9999.0, 23.68, 9999.0, 22.07, 9999.0, 22.61, 22.3, 22.16, 22.25, 22.23
2026-09-08, 05:42:18, 22.25, 22.32, 22.61, 22.68, 9999.0, 9999.0, 9999.0, 23.66, 9999.0, 22.07, 9999.0, 22.64, 22.3, 22.18, 22.23, 22.23
2026-09-08, 05:42:22, 22.25, 22.32, 22.61, 22.68, 9999.0, 9999.0, 9999.0, 23.64, 9999.0, 22.09, 9999.0, 22.66, 22.32, 22.18, 22.23, 22.23
2026-09-08, 05:42:26, 22.25, 22.32, 22.61, 22.68, 9999.0, 9999.0, 9999.0, 23.61, 9999.0, 22.11, 9999.0, 22.66, 22.34, 22.2, 22.23, 22.25
2026-09-08, 05:42:30, 22.25, 22.32, 22.61, 22.68, 9999.0, 9999.0, 9999.0, 23.59, 9999.0, 22.14, 9999.0, 22.66, 22.36, 22.2, 22.23, 22.25
2026-09-08, 05:42:34, 22.25, 22.32, 22.64, 22.68, 9999.0, 9999.0, 9999.0, 23.61, 9999.0, 22.16, 9999.0, 22.68, 22.39, 22.23, 22.23, 22.25
2026-09-08, 05:42:38, 22.25, 22.32, 22.61, 22.7, 9999.0, 9999.0, 9999.0, 23.64, 9999.0, 22.18, 9999.0, 22.66, 22.41, 22.2, 22.23, 22.25
2026-09-08, 05:42:42, 22.25, 22.32, 22.61, 22.73, 9999.0, 9999.0, 9999.0, 23.66, 9999.0, 22.18, 9999.0, 22.66, 22.41, 22.18, 22.23, 22.25
2026-09-08, 05:42:46, 22.25, 22.3, 22.64, 22.75, 9999.0, 9999.0, 9999.0, 23.66, 9999.0, 22.2, 9999.0, 22.64, 22.39, 22.2, 22.23, 22.25
2026-09-08, 05:42:50, 22.25, 22.27, 22.66, 22.73, 9999.0, 9999.0, 9999.0, 23.68, 9999.0, 22.2, 9999.0, 22.61, 22.39, 22.2, 22.23, 22.25
2026-09-08, 05:42:54, 22.25, 22.27, 22.68, 22.73, 9999.0, 9999.0, 9999.0, 23.7, 9999.0, 22.2, 9999.0, 22.59, 22.39, 22.2, 22.2, 22.25
2026-09-08, 05:42:58, 22.25, 22.25, 22.7, 22.73, 9999.0, 9999.0, 9999.0, 23.73, 9999.0, 22.18, 9999.0, 22.57, 22.39, 22.2, 22.2, 22.25
2026-09-08, 05:43:02, 22.25, 22.25, 22.73, 22.7, 9999.0, 9999.0, 9999.0, 23.75, 9999.0, 22.16, 9999.0, 22.55, 22.41, 22.2, 22.23, 22.25
2026-09-08, 05:43:06, 22.25, 22.27, 22.73, 22.7, 9999.0, 9999.0, 9999.0, 23.77, 9999.0, 22.14, 9999.0, 22.52, 22.39, 22.18, 22.23, 22.25
2026-09-08, 05:43:10, 22.25, 22.27, 22.73, 22.7, 9999.0, 9999.0, 9999.0, 23.8, 9999.0, 22.11, 9999.0, 22.55, 22.36, 22.16, 22.23, 22.25
2026-09-08, 05:43:14, 22.25, 22.27, 22.73, 22.7, 9999.0, 9999.0, 9999.0, 23.82, 9999.0, 22.09, 9999.0, 22.57, 22.34, 22.16, 22.23, 22.25
2026-09-08, 05:43:18, 22.25, 22.3, 22.73, 22.7, 9999.0, 9999.0, 9999.0, 23.77, 9999.0, 22.07, 9999.0, 22.57, 22.34, 22.16, 22.23, 22.25
2026-09-08, 05:43:22, 22.25, 22.3, 22.73, 22.68, 9999.0, 9999.0, 9999.0, 23.73, 9999.0, 22.05, 9999.0, 22.59, 22.34, 22.18, 22.23, 22.25
2026-09-08, 05:43:26, 22.25, 22.3, 22.73, 22.68, 9999.0, 9999.0, 9999.0, 23.68, 9999.0, 22.02, 9999.0, 22.61, 22.34, 22.2, 22.23, 22.25
2026-09-08, 05:43:30, 22.25, 22.3, 22.73, 22.68, 9999.0, 9999.0, 9999.0, 23.66, 9999.0, 22.02, 9999.0, 22.64, 22.36, 22.2, 22.23, 22.25
2026-09-08, 05:43:34, 22.25, 22.3, 22.73, 22.7, 9999.0, 9999.0, 9999.0, 23.64, 9999.0, 22.05, 9999.0, 22.66, 22.39, 22.2, 22.23, 22.25
2026-09-08, 05:43:38, 22.25, 22.3, 22.7, 22.7, 9999.0, 9999.0, 9999.0, 23.59, 9999.0, 22.07, 9999.0, 22.68, 22.41, 22.2, 22.25, 22.25
2026-09-08, 05:43:42, 22.25, 22.32, 22.7, 22.7, 9999.0, 9999.0, 9999.0, 23.55, 9999.0, 22.11, 9999.0, 22.7, 22.41, 22.2, 22.25, 22.25
2026-09-08, 05:43:46, 22.25, 22.32, 22.7, 22.7, 9999.0, 9999.0, 9999.0, 23.5, 9999.0, 22.16, 9999.0, 22.73, 22.41, 22.2, 22.25, 22.25
2026-09-08, 05:43:50, 22.25, 22.32, 22.7, 22.68, 9999.0, 9999.0, 9999.0, 23.55, 9999.0, 22.2, 9999.0, 22.75, 22.43, 22.23, 22.25, 22.25
2026-09-08, 05:43:54, 22.25, 22.32, 22.7, 22.68, 9999.0, 9999.0, 9999.0, 23.57, 9999.0, 22.23, 9999.0, 22.73, 22.45, 22.23, 22.25, 22.25
2026-09-08, 05:43:58, 22.25, 22.32, 22.68, 22.66, 9999.0, 9999.0, 9999.0, 23.57, 9999.0, 22.25, 9999.0, 22.7, 22.45, 22.23, 22.25, 22.25
2026-09-08, 05:44:02, 22.25, 22.3, 22.68, 22.66, 9999.0, 9999.0, 9999.0, 23.59, 9999.0, 22.27, 9999.0, 22.68, 22.45, 22.23, 22.23, 22.25
2026-09-08, 05:44:06, 22.25, 22.3, 22.7, 22.66, 9999.0, 9999.0, 9999.0, 23.61, 9999.0, 22.3, 9999.0, 22.66, 22.43, 22.23, 22.23, 22.25
2026-09-08, 05:44:10, 22.25, 22.3, 22.68, 22.64, 9999.0, 9999.0, 9999.0, 23.64, 9999.0, 22.32, 9999.0, 22.64, 22.43, 22.23, 22.23, 22.25
2026-09-08, 05:44:14, 22.25, 22.3, 22.68, 22.61, 9999.0, 9999.0, 9999.0, 23.64, 9999.0, 22.32, 9999.0, 22.61, 22.41, 22.23, 22.23, 22.25
2026-09-08, 05:44:18, 22.25, 22.3, 22.68, 22.59, 9999.0, 9999.0, 9999.0, 23.64, 9999.0, 22.32, 9999.0, 22.59, 22.39, 22.23, 22.23, 22.25
2026-09-08, 05:44:22, 22.25, 22.3, 22.7, 22.57, 9999.0, 9999.0, 9999.0, 23.68, 9999.0, 22.32, 9999.0, 22.57, 22.36, 22.2, 22.23, 22.25
2026-09-08, 05:44:26, 22.25, 22.3, 22.7, 22.57, 9999.0, 9999.0, 9999.0, 23.73, 9999.0, 22.3, 9999.0, 22.57, 22.36, 22.2, 22.23, 22.25
2026-09-08, 05:44:30, 22.25, 22.3, 22.7, 22.59, 9999.0, 9999.0, 9999.0, 23.75, 9999.0, 22.27, 9999.0, 22.57, 22.34, 22.2, 22.23, 22.25
2026-09-08, 05:44:34, 22.25, 22.27, 22.68, 22.61, 9999.0, 9999.0, 9999.0, 23.68, 9999.0, 22.23, 9999.0, 22.57, 22.32, 22.18, 22.23, 22.25
2026-09-08, 05:44:38, 22.25, 22.27, 22.66, 22.59, 9999.0, 9999.0, 9999.0, 23.64, 9999.0, 22.2, 9999.0, 22.59, 22.3, 22.2, 22.23, 22.25
2026-09-08, 05:44:42, 22.25, 22.27, 22.68, 22.61, 9999.0, 9999.0, 9999.0, 23.61, 9999.0, 22.18, 9999.0, 22.61, 22.32, 22.18, 22.23, 22.25
2026-09-08, 05:44:47, 22.25, 22.27, 22.66, 22.61, 9999.0, 9999.0, 9999.0, 23.59, 9999.0, 22.18, 9999.0, 22.64, 22.32, 22.18, 22.25, 22.25
2026-09-08, 05:44:51, 22.25, 22.27, 22.64, 22.61, 9999.0, 9999.0, 9999.0, 23.57, 9999.0, 22.18, 9999.0, 22.66, 22.34, 22.18, 22.25, 22.25
2026-09-08, 05:44:55, 22.25, 22.27, 22.64, 22.64, 9999.0, 9999.0, 9999.0, 23.52, 9999.0, 22.18, 9999.0, 22.66, 22.34, 22.18, 22.25, 22.25
2026-09-08, 05:44:59, 22.25, 22.3, 22.64, 22.66, 9999.0, 9999.0, 9999.0, 23.5, 9999.0, 22.2, 9999.0, 22.66, 22.36, 22.18, 22.25, 22.25
2026-09-08, 05:45:03, 22.25, 22.3, 22.64, 22.68, 9999.0, 9999.0, 9999.0, 23.48, 9999.0, 22.23, 9999.0, 22.68, 22.39, 22.18, 22.25, 22.25
2026-09-08, 05:45:07, 22.25, 22.32, 22.64, 22.68, 9999.0, 9999.0, 9999.0, 23.43, 9999.0, 22.25, 9999.0, 22.68, 22.41, 22.2, 22.25, 22.25
2026-09-08, 05:45:11, 22.25, 22.3, 22.64, 22.68, 9999.0, 9999.0, 9999.0, 23.45, 9999.0, 22.27, 9999.0, 22.66, 22.41, 22.18, 22.25, 22.25
2026-09-08, 05:45:15, 22.25, 22.3, 22.61, 22.66, 9999.0, 9999.0, 9999.0, 23.5, 9999.0, 22.3, 9999.0, 22.64, 22.41, 22.16, 22.25, 22.25
2026-09-08, 05:45:19, 22.25, 22.32, 22.64, 22.66, 9999.0, 9999.0, 9999.0, 23.52, 9999.0, 22.32, 9999.0, 22.61, 22.43, 22.18, 22.25, 22.25
2026-09-08, 05:45:23, 22.25, 22.32, 22.66, 22.66, 9999.0, 9999.0, 9999.0, 23.55, 9999.0, 22.34, 9999.0, 22.59, 22.43, 22.16, 22.25, 22.25
2026-09-08, 05:45:27, 22.25, 22.32, 22.66, 22.64, 9999.0, 9999.0, 9999.0, 23.57, 9999.0, 22.36, 9999.0, 22.57, 22.41, 22.18, 22.25, 22.25
2026-09-08, 05:45:31, 22.25, 22.32, 22.68, 22.61, 9999.0, 9999.0, 9999.0, 23.59, 9999.0, 22.36, 9999.0, 22.55, 22.41, 22.16, 22.25, 22.25
2026-09-08, 05:45:35, 22.25, 22.32, 22.7, 22.64, 9999.0, 9999.0, 9999.0, 23.59, 9999.0, 22.36, 9999.0, 22.52, 22.39, 22.14, 22.25, 22.25
2026-09-08, 05:45:39, 22.25, 22.32, 22.73, 22.64, 9999.0, 9999.0, 9999.0, 23.61, 9999.0, 22.36, 9999.0, 22.52, 22.41, 22.14, 22.25, 22.25
2026-09-08, 05:45:43, 22.25, 22.3, 22.7, 22.64, 9999.0, 9999.0, 9999.0, 23.64, 9999.0, 22.34, 9999.0, 22.52, 22.39, 22.14, 22.23, 22.25
2026-09-08, 05:45:47, 22.25, 22.3, 22.7, 22.64, 9999.0, 9999.0, 9999.0, 23.66, 9999.0, 22.32, 9999.0, 22.5, 22.36, 22.14, 22.23, 22.25
2026-09-08, 05:45:51, 22.25, 22.27, 22.68, 22.66, 9999.0, 9999.0, 9999.0, 23.68, 9999.0, 22.3, 9999.0, 22.52, 22.34, 22.14, 22.23, 22.25
2026-09-08, 05:45:55, 22.25, 22.27, 22.68, 22.66, 9999.0, 9999.0, 9999.0, 23.64, 9999.0, 22.25, 9999.0, 22.55, 22.34, 22.16, 22.23, 22.25
2026-09-08, 05:45:59, 22.25, 22.27, 22.7, 22.66, 9999.0, 9999.0, 9999.0, 23.59, 9999.0, 22.2, 9999.0, 22.57, 22.34, 22.18, 22.23, 22.25
2026-09-08, 05:46:03, 22.25, 22.25, 22.7, 22.66, 9999.0, 9999.0, 9999.0, 23.57, 9999.0, 22.18, 9999.0, 22.59, 22.34, 22.18, 22.23, 22.25
2026-09-08, 05:46:07, 22.25, 22.25, 22.7, 22.68, 9999.0, 9999.0, 9999.0, 23.55, 9999.0, 22.18, 9999.0, 22.61, 22.36, 22.2, 22.23, 22.25
2026-09-08, 05:46:11, 22.25, 22.25, 22.68, 22.7, 9999.0, 9999.0, 9999.0, 23.52, 9999.0, 22.18, 9999.0, 22.61, 22.39, 22.2, 22.23, 22.25
2026-09-08, 05:46:15, 22.25, 22.27, 22.66, 22.73, 9999.0, 9999.0, 9999.0, 23.5, 9999.0, 22.2, 9999.0, 22.61, 22.39, 22.2, 22.23, 22.25
2026-09-08, 05:46:19, 22.23, 22.3, 22.66, 22.73, 9999.0, 9999.0, 9999.0, 23.48, 9999.0, 22.23, 9999.0, 22.61, 22.41, 22.23, 22.23, 22.25
2026-09-08, 05:46:23, 22.23, 22.3, 22.66, 22.73, 9999.0, 9999.0, 9999.0, 23.45, 9999.0, 22.25, 9999.0, 22.61, 22.41, 22.23, 22.23, 22.25
2026-09-08, 05:46:27, 22.23, 22.32, 22.68, 22.73, 9999.0, 9999.0, 9999.0, 23.52, 9999.0, 22.27, 9999.0, 22.61, 22.43, 22.23, 22.25, 22.25
2026-09-08, 05:46:31, 22.23, 22.32, 22.68, 22.73, 9999.0, 9999.0, 9999.0, 23.57, 9999.0, 22.3, 9999.0, 22.61, 22.45, 22.23, 22.25, 22.25
2026-09-08, 05:46:35, 22.23, 22.32, 22.7, 22.73, 9999.0, 9999.0, 9999.0, 23.61, 9999.0, 22.3, 9999.0, 22.59, 22.48, 22.23, 22.25, 22.25
2026-09-08, 05:46:39, 22.23, 22.32, 22.68, 22.73, 9999.0, 9999.0, 9999.0, 23.66, 9999.0, 22.32, 9999.0, 22.57, 22.48, 22.23, 22.25, 22.25
2026-09-08, 05:46:43, 22.23, 22.32, 22.68, 22.73, 9999.0, 9999.0, 9999.0, 23.68, 9999.0, 22.34, 9999.0, 22.55, 22.5, 22.23, 22.25, 22.25
2026-09-08, 05:46:47, 22.23, 22.32, 22.68, 22.73, 9999.0, 9999.0, 9999.0, 23.7, 9999.0, 22.36, 9999.0, 22.52, 22.5, 22.23, 22.25, 22.25
2026-09-08, 05:46:51, 22.23, 22.34, 22.68, 22.7, 9999.0, 9999.0, 9999.0, 23.73, 9999.0, 22.36, 9999.0, 22.5, 22.48, 22.23, 22.25, 22.25
2026-09-08, 05:46:55, 22.23, 22.34, 22.7, 22.7, 9999.0, 9999.0, 9999.0, 23.75, 9999.0, 22.36, 9999.0, 22.5, 22.48, 22.2, 22.25, 22.25
2026-09-08, 05:46:59, 22.23, 22.32, 22.7, 22.7, 9999.0, 9999.0, 9999.0, 23.77, 9999.0, 22.34, 9999.0, 22.5, 22.45, 22.23, 22.25, 22.25
2026-09-08, 05:47:03, 22.25, 22.3, 22.7, 22.7, 9999.0, 9999.0, 9999.0, 23.82, 9999.0, 22.3, 9999.0, 22.52, 22.43, 22.23, 22.25, 22.25
2026-09-08, 05:47:07, 22.25, 22.3, 22.7, 22.7, 9999.0, 9999.0, 9999.0, 23.84, 9999.0, 22.25, 9999.0, 22.52, 22.41, 22.23, 22.25, 22.25
2026-09-08, 05:47:11, 22.25, 22.3, 22.7, 22.7, 9999.0, 9999.0, 9999.0, 23.77, 9999.0, 22.23, 9999.0, 22.55, 22.41, 22.23, 22.25, 22.25
2026-09-08, 05:47:15, 22.25, 22.3, 22.7, 22.7, 9999.0, 9999.0, 9999.0, 23.73, 9999.0, 22.18, 9999.0, 22.57, 22.39, 22.23, 22.25, 22.25
2026-09-08, 05:47:19, 22.25, 22.3, 22.7, 22.7, 9999.0, 9999.0, 9999.0, 23.68, 9999.0, 22.18, 9999.0, 22.59, 22.39, 22.23, 22.25, 22.25
2026-09-08, 05:47:23, 22.25, 22.3, 22.73, 22.7, 9999.0, 9999.0, 9999.0, 23.64, 9999.0, 22.18, 9999.0, 22.61, 22.36, 22.23, 22.25, 22.25
2026-09-08, 05:47:27, 22.25, 22.3, 22.73, 22.73, 9999.0, 9999.0, 9999.0, 23.61, 9999.0, 22.18, 9999.0, 22.64, 22.34, 22.23, 22.25, 22.25
2026-09-08, 05:47:31, 22.25, 22.32, 22.73, 22.7, 9999.0, 9999.0, 9999.0, 23.59, 9999.0, 22.2, 9999.0, 22.66, 22.34, 22.23, 22.25, 22.25
2026-09-08, 05:47:35, 22.25, 22.3, 22.73, 22.73, 9999.0, 9999.0, 9999.0, 23.57, 9999.0, 22.23, 9999.0, 22.66, 22.36, 22.23, 22.25, 22.25
2026-09-08, 05:47:39, 22.25, 22.3, 22.73, 22.73, 9999.0, 9999.0, 9999.0, 23.52, 9999.0, 22.25, 9999.0, 22.66, 22.36, 22.25, 22.25, 22.25
2026-09-08, 05:47:43, 22.25, 22.32, 22.75, 22.73, 9999.0, 9999.0, 9999.0, 23.57, 9999.0, 22.27, 9999.0, 22.66, 22.39, 22.25, 22.25, 22.25
2026-09-08, 05:47:47, 22.25, 22.34, 22.75, 22.73, 9999.0, 9999.0, 9999.0, 23.59, 9999.0, 22.32, 9999.0, 22.64, 22.41, 22.25, 22.25, 22.25
2026-09-08, 05:47:51, 22.25, 22.34, 22.75, 22.73, 9999.0, 9999.0, 9999.0, 23.66, 9999.0, 22.36, 9999.0, 22.64, 22.43, 22.23, 22.25, 22.25
2026-09-08, 05:47:55, 22.25, 22.32, 22.73, 22.73, 9999.0, 9999.0, 9999.0, 23.7, 9999.0, 22.39, 9999.0, 22.61, 22.43, 22.23, 22.25, 22.25
2026-09-08, 05:47:59, 22.25, 22.32, 22.73, 22.73, 9999.0, 9999.0, 9999.0, 23.75, 9999.0, 22.41, 9999.0, 22.59, 22.45, 22.23, 22.25, 22.25
2026-09-08, 05:48:03, 22.25, 22.32, 22.73, 22.73, 9999.0, 9999.0, 9999.0, 23.8, 9999.0, 22.41, 9999.0, 22.57, 22.45, 22.23, 22.25, 22.25
2026-09-08, 05:48:07, 22.25, 22.32, 22.73, 22.73, 9999.0, 9999.0, 9999.0, 23.82, 9999.0, 22.43, 9999.0, 22.55, 22.45, 22.2, 22.25, 22.25
2026-09-08, 05:48:11, 22.25, 22.32, 22.73, 22.73, 9999.0, 9999.0, 9999.0, 23.84, 9999.0, 22.45, 9999.0, 22.52, 22.45, 22.2, 22.25, 22.25
2026-09-08, 05:48:15, 22.25, 22.3, 22.73, 22.75, 9999.0, 9999.0, 9999.0, 23.86, 9999.0, 22.43, 9999.0, 22.5, 22.45, 22.2, 22.25, 22.25
2026-09-08, 05:48:19, 22.25, 22.3, 22.73, 22.73, 9999.0, 9999.0, 9999.0, 23.89, 9999.0, 22.41, 9999.0, 22.5, 22.43, 22.2, 22.25, 22.25
2026-09-08, 05:48:23, 22.25, 22.3, 22.73, 22.7, 9999.0, 9999.0, 9999.0, 23.91, 9999.0, 22.39, 9999.0, 22.52, 22.41, 22.2, 22.25, 22.25
2026-09-08, 05:48:27, 22.25, 22.27, 22.73, 22.68, 9999.0, 9999.0, 9999.0, 23.84, 9999.0, 22.36, 9999.0, 22.55, 22.39, 22.18, 22.25, 22.25
2026-09-08, 05:48:32, 22.25, 22.25, 22.7, 22.66, 9999.0, 9999.0, 9999.0, 23.8, 9999.0, 22.32, 9999.0, 22.57, 22.39, 22.16, 22.25, 22.25
2026-09-08, 05:48:36, 22.25, 22.25, 22.7, 22.66, 9999.0, 9999.0, 9999.0, 23.73, 9999.0, 22.27, 9999.0, 22.59, 22.36, 22.18, 22.25, 22.25
2026-09-08, 05:48:40, 22.25, 22.25, 22.73, 22.66, 9999.0, 9999.0, 9999.0, 23.68, 9999.0, 22.27, 9999.0, 22.61, 22.34, 22.18, 22.25, 22.25
2026-09-08, 05:48:44, 22.25, 22.25, 22.73, 22.64, 9999.0, 9999.0, 9999.0, 23.64, 9999.0, 22.27, 9999.0, 22.64, 22.32, 22.18, 22.25, 22.25
2026-09-08, 05:48:48, 22.25, 22.25, 22.73, 22.61, 9999.0, 9999.0, 9999.0, 23.57, 9999.0, 22.27, 9999.0, 22.64, 22.32, 22.16, 22.25, 22.25
2026-09-08, 05:48:52, 22.25, 22.25, 22.73, 22.61, 9999.0, 9999.0, 9999.0, 23.52, 9999.0, 22.27, 9999.0, 22.64, 22.34, 22.16, 22.25, 22.25
2026-09-08, 05:48:56, 22.25, 22.25, 22.73, 22.61, 9999.0, 9999.0, 9999.0, 23.48, 9999.0, 22.27, 9999.0, 22.64, 22.36, 22.16, 22.25, 22.25
2026-09-08, 05:49:00, 22.25, 22.25, 22.73, 22.59, 9999.0, 9999.0, 9999.0, 23.52, 9999.0, 22.3, 9999.0, 22.64, 22.36, 22.16, 22.25, 22.25
2026-09-08, 05:49:04, 22.25, 22.25, 22.73, 22.61, 9999.0, 9999.0, 9999.0, 23.57, 9999.0, 22.32, 9999.0, 22.64, 22.39, 22.14, 22.25, 22.25
2026-09-08, 05:49:08, 22.25, 22.25, 22.7, 22.64, 9999.0, 9999.0, 9999.0, 23.61, 9999.0, 22.34, 9999.0, 22.61, 22.41, 22.11, 22.25, 22.25
2026-09-08, 05:49:12, 22.25, 22.25, 22.7, 22.66, 9999.0, 9999.0, 9999.0, 23.66, 9999.0, 22.36, 9999.0, 22.59, 22.43, 22.14, 22.25, 22.25
2026-09-08, 05:49:16, 22.25, 22.25, 22.7, 22.68, 9999.0, 9999.0, 9999.0, 23.7, 9999.0, 22.39, 9999.0, 22.57, 22.43, 22.16, 22.25, 22.25
2026-09-08, 05:49:20, 22.25, 22.25, 22.68, 22.66, 9999.0, 9999.0, 9999.0, 23.75, 9999.0, 22.41, 9999.0, 22.55, 22.43, 22.16, 22.25, 22.25
2026-09-08, 05:49:24, 22.25, 22.25, 22.68, 22.66, 9999.0, 9999.0, 9999.0, 23.77, 9999.0, 22.39, 9999.0, 22.52, 22.43, 22.16, 22.25, 22.25
2026-09-08, 05:49:28, 22.25, 22.25, 22.68, 22.68, 9999.0, 9999.0, 9999.0, 23.8, 9999.0, 22.41, 9999.0, 22.5, 22.43, 22.16, 22.25, 22.25
2026-09-08, 05:49:32, 22.25, 22.25, 22.68, 22.7, 9999.0, 9999.0, 9999.0, 23.84, 9999.0, 22.43, 9999.0, 22.5, 22.43, 22.16, 22.25, 22.25
2026-09-08, 05:49:36, 22.25, 22.25, 22.68, 22.7, 9999.0, 9999.0, 9999.0, 23.89, 9999.0, 22.41, 9999.0, 22.5, 22.43, 22.16, 22.25, 22.25
2026-09-08, 05:49:40, 22.25, 22.25, 22.68, 22.7, 9999.0, 9999.0, 9999.0, 23.93, 9999.0, 22.39, 9999.0, 22.5, 22.41, 22.14, 22.25, 22.25
2026-09-08, 05:49:44, 22.23, 22.25, 22.68, 22.73, 9999.0, 9999.0, 9999.0, 23.89, 9999.0, 22.36, 9999.0, 22.5, 22.39, 22.11, 22.25, 22.25
2026-09-08, 05:49:48, 22.23, 22.25, 22.68, 22.7, 9999.0, 9999.0, 9999.0, 23.84, 9999.0, 22.34, 9999.0, 22.52, 22.36, 22.11, 22.25, 22.25
2026-09-08, 05:49:52, 22.23, 22.25, 22.7, 22.7, 9999.0, 9999.0, 9999.0, 23.8, 9999.0, 22.32, 9999.0, 22.55, 22.36, 22.11, 22.25, 22.25
2026-09-08, 05:49:56, 22.23, 22.27, 22.7, 22.7, 9999.0, 9999.0, 9999.0, 23.75, 9999.0, 22.3, 9999.0, 22.57, 22.36, 22.11, 22.25, 22.25
2026-09-08, 05:50:00, 22.23, 22.27, 22.73, 22.7, 9999.0, 9999.0, 9999.0, 23.7, 9999.0, 22.32, 9999.0, 22.59, 22.34, 22.11, 22.25, 22.25
2026-09-08, 05:50:04, 22.23, 22.27, 22.75, 22.7, 9999.0, 9999.0, 9999.0, 23.66, 9999.0, 22.34, 9999.0, 22.61, 22.36, 22.09, 22.25, 22.25
2026-09-08, 05:50:08, 22.23, 22.27, 22.75, 22.68, 9999.0, 9999.0, 9999.0, 23.64, 9999.0, 22.39, 9999.0, 22.64, 22.39, 22.07, 22.25, 22.25
2026-09-08, 05:50:12, 22.23, 22.27, 22.75, 22.68, 9999.0, 9999.0, 9999.0, 23.59, 9999.0, 22.41, 9999.0, 22.64, 22.39, 22.05, 22.25, 22.25
2026-09-08, 05:50:16, 22.23, 22.27, 22.75, 22.68, 9999.0, 9999.0, 9999.0, 23.55, 9999.0, 22.41, 9999.0, 22.64, 22.36, 22.07, 22.25, 22.25
2026-09-08, 05:50:20, 22.23, 22.27, 22.75, 22.68, 9999.0, 9999.0, 9999.0, 23.59, 9999.0, 22.43, 9999.0, 22.66, 22.36, 22.07, 22.25, 22.25
2026-09-08, 05:50:24, 22.23, 22.27, 22.75, 22.68, 9999.0, 9999.0, 9999.0, 23.64, 9999.0, 22.45, 9999.0, 22.66, 22.39, 22.07, 22.25, 22.25
2026-09-08, 05:50:28, 22.25, 22.27, 22.75, 22.66, 9999.0, 9999.0, 9999.0, 23.66, 9999.0, 22.48, 9999.0, 22.66, 22.41, 22.07, 22.25, 22.25
2026-09-08, 05:50:32, 22.25, 22.27, 22.75, 22.66, 9999.0, 9999.0, 9999.0, 23.68, 9999.0, 22.5, 9999.0, 22.64, 22.43, 22.07, 22.25, 22.25
2026-09-08, 05:50:36, 22.25, 22.27, 22.75, 22.64, 9999.0, 9999.0, 9999.0, 23.73, 9999.0, 22.52, 9999.0, 22.61, 22.41, 22.09, 22.25, 22.25
2026-09-08, 05:50:40, 22.25, 22.25, 22.75, 22.61, 9999.0, 9999.0, 9999.0, 23.77, 9999.0, 22.55, 9999.0, 22.59, 22.39, 22.07, 22.25, 22.25
2026-09-08, 05:50:44, 22.25, 22.25, 22.75, 22.59, 9999.0, 9999.0, 9999.0, 23.8, 9999.0, 22.55, 9999.0, 22.57, 22.39, 22.07, 22.25, 22.25
2026-09-08, 05:50:48, 22.25, 22.25, 22.75, 22.59, 9999.0, 9999.0, 9999.0, 23.82, 9999.0, 22.52, 9999.0, 22.55, 22.36, 22.09, 22.25, 22.25
2026-09-08, 05:50:52, 22.25, 22.25, 22.75, 22.61, 9999.0, 9999.0, 9999.0, 23.84, 9999.0, 22.5, 9999.0, 22.52, 22.34, 22.09, 22.25, 22.25
2026-09-08, 05:50:56, 22.25, 22.25, 22.75, 22.59, 9999.0, 9999.0, 9999.0, 23.89, 9999.0, 22.45, 9999.0, 22.52, 22.34, 22.11, 22.25, 22.25
2026-09-08, 05:51:00, 22.25, 22.25, 22.75, 22.57, 9999.0, 9999.0, 9999.0, 23.93, 9999.0, 22.43, 9999.0, 22.52, 22.34, 22.11, 22.25, 22.25
2026-09-08, 05:51:04, 22.25, 22.25, 22.75, 22.55, 9999.0, 9999.0, 9999.0, 23.89, 9999.0, 22.41, 9999.0, 22.52, 22.34, 22.14, 22.25, 22.25
2026-09-08, 05:51:08, 22.25, 22.27, 22.75, 22.55, 9999.0, 9999.0, 9999.0, 23.82, 9999.0, 22.41, 9999.0, 22.55, 22.34, 22.14, 22.25, 22.25
2026-09-08, 05:51:12, 22.25, 22.27, 22.75, 22.57, 9999.0, 9999.0, 9999.0, 23.77, 9999.0, 22.39, 9999.0, 22.57, 22.32, 22.14, 22.25, 22.25
2026-09-08, 05:51:16, 22.25, 22.27, 22.73, 22.57, 9999.0, 9999.0, 9999.0, 23.73, 9999.0, 22.39, 9999.0, 22.59, 22.3, 22.16, 22.25, 22.25
2026-09-08, 05:51:20, 22.25, 22.27, 22.73, 22.59, 9999.0, 9999.0, 9999.0, 23.68, 9999.0, 22.39, 9999.0, 22.59, 22.3, 22.16, 22.25, 22.25
2026-09-08, 05:51:24, 22.25, 22.27, 22.7, 22.61, 9999.0, 9999.0, 9999.0, 23.64, 9999.0, 22.41, 9999.0, 22.61, 22.32, 22.18, 22.25, 22.25
2026-09-08, 05:51:28, 22.25, 22.27, 22.68, 22.64, 9999.0, 9999.0, 9999.0, 23.61, 9999.0, 22.43, 9999.0, 22.61, 22.32, 22.18, 22.25, 22.25
2026-09-08, 05:51:32, 22.25, 22.27, 22.68, 22.66, 9999.0, 9999.0, 9999.0, 23.59, 9999.0, 22.48, 9999.0, 22.61, 22.32, 22.18, 22.25, 22.25
2026-09-08, 05:51:36, 22.25, 22.27, 22.66, 22.64, 9999.0, 9999.0, 9999.0, 23.61, 9999.0, 22.48, 9999.0, 22.61, 22.34, 22.2, 22.25, 22.25
2026-09-08, 05:51:40, 22.25, 22.27, 22.64, 22.66, 9999.0, 9999.0, 9999.0, 23.66, 9999.0, 22.5, 9999.0, 22.61, 22.36, 22.2, 22.25, 22.25
2026-09-08, 05:51:44, 22.25, 22.27, 22.61, 22.66, 9999.0, 9999.0, 9999.0, 23.68, 9999.0, 22.52, 9999.0, 22.61, 22.36, 22.2, 22.25, 22.25
2026-09-08, 05:51:48, 22.25, 22.27, 22.61, 22.66, 9999.0, 9999.0, 9999.0, 23.7, 9999.0, 22.55, 9999.0, 22.59, 22.34, 22.2, 22.25, 22.25
2026-09-08, 05:51:52, 22.25, 22.25, 22.61, 22.66, 9999.0, 9999.0, 9999.0, 23.75, 9999.0, 22.55, 9999.0, 22.57, 22.32, 22.2, 22.25, 22.25
2026-09-08, 05:51:56, 22.25, 22.25, 22.61, 22.66, 9999.0, 9999.0, 9999.0, 23.77, 9999.0, 22.57, 9999.0, 22.55, 22.32, 22.23, 22.25, 22.25
2026-09-08, 05:52:00, 22.25, 22.25, 22.64, 22.66, 9999.0, 9999.0, 9999.0, 23.8, 9999.0, 22.57, 9999.0, 22.52, 22.32, 22.23, 22.25, 22.23
2026-09-08, 05:52:04, 22.25, 22.25, 22.64, 22.64, 9999.0, 9999.0, 9999.0, 23.82, 9999.0, 22.57, 9999.0, 22.52, 22.32, 22.23, 22.25, 22.23
2026-09-08, 05:52:08, 22.25, 22.25, 22.64, 22.64, 9999.0, 9999.0, 9999.0, 23.86, 9999.0, 22.55, 9999.0, 22.5, 22.32, 22.2, 22.25, 22.23
2026-09-08, 05:52:12, 22.25, 22.25, 22.64, 22.61, 9999.0, 9999.0, 9999.0, 23.89, 9999.0, 22.52, 9999.0, 22.5, 22.32, 22.2, 22.25, 22.23
2026-09-08, 05:52:17, 22.25, 22.25, 22.61, 22.61, 9999.0, 9999.0, 9999.0, 23.91, 9999.0, 22.5, 9999.0, 22.52, 22.32, 22.18, 22.25, 22.23
2026-09-08, 05:52:21, 22.25, 22.25, 22.64, 22.64, 9999.0, 9999.0, 9999.0, 23.89, 9999.0, 22.5, 9999.0, 22.55, 22.3, 22.18, 22.25, 22.23
2026-09-08, 05:52:25, 22.25, 22.27, 22.66, 22.61, 9999.0, 9999.0, 9999.0, 23.84, 9999.0, 22.5, 9999.0, 22.57, 22.27, 22.16, 22.25, 22.23
2026-09-08, 05:52:29, 22.25, 22.27, 22.68, 22.64, 9999.0, 9999.0, 9999.0, 23.82, 9999.0, 22.5, 9999.0, 22.59, 22.3, 22.16, 22.25, 22.23
2026-09-08, 05:52:33, 22.25, 22.27, 22.66, 22.66, 9999.0, 9999.0, 9999.0, 23.77, 9999.0, 22.5, 9999.0, 22.61, 22.3, 22.16, 22.25, 22.23
2026-09-08, 05:52:37, 22.25, 22.27, 22.66, 22.64, 9999.0, 9999.0, 9999.0, 23.73, 9999.0, 22.5, 9999.0, 22.64, 22.3, 22.18, 22.25, 22.23
2026-09-08, 05:52:41, 22.25, 22.27, 22.64, 22.64, 9999.0, 9999.0, 9999.0, 23.7, 9999.0, 22.52, 9999.0, 22.64, 22.3, 22.16, 22.25, 22.23
2026-09-08, 05:52:45, 22.25, 22.27, 22.61, 22.66, 9999.0, 9999.0, 9999.0, 23.68, 9999.0, 22.55, 9999.0, 22.64, 22.32, 22.16, 22.25, 22.25
2026-09-08, 05:52:49, 22.25, 22.27, 22.61, 22.66, 9999.0, 9999.0, 9999.0, 23.66, 9999.0, 22.55, 9999.0, 22.64, 22.34, 22.14, 22.25, 22.25
2026-09-08, 05:52:53, 22.25, 22.27, 22.64, 22.64, 9999.0, 9999.0, 9999.0, 23.68, 9999.0, 22.57, 9999.0, 22.64, 22.32, 22.16, 22.25, 22.25
2026-09-08, 05:52:57, 22.25, 22.27, 22.66, 22.64, 9999.0, 9999.0, 9999.0, 23.73, 9999.0, 22.57, 9999.0, 22.64, 22.32, 22.16, 22.25, 22.25
2026-09-08, 05:53:01, 22.25, 22.27, 22.68, 22.61, 9999.0, 9999.0, 9999.0, 23.77, 9999.0, 22.59, 9999.0, 22.61, 22.34, 22.18, 22.25, 22.25
2026-09-08, 05:53:05, 22.25, 22.27, 22.66, 22.61, 9999.0, 9999.0, 9999.0, 23.8, 9999.0, 22.59, 9999.0, 22.59, 22.34, 22.18, 22.25, 22.25
2026-09-08, 05:53:09, 22.25, 22.25, 22.66, 22.64, 9999.0, 9999.0, 9999.0, 23.82, 9999.0, 22.59, 9999.0, 22.57, 22.34, 22.2, 22.25, 22.25
2026-09-08, 05:53:13, 22.25, 22.25, 22.66, 22.64, 9999.0, 9999.0, 9999.0, 23.84, 9999.0, 22.61, 9999.0, 22.55, 22.32, 22.18, 22.25, 22.25
2026-09-08, 05:53:17, 22.25, 22.25, 22.66, 22.61, 9999.0, 9999.0, 9999.0, 23.89, 9999.0, 22.61, 9999.0, 22.52, 22.32, 22.18, 22.25, 22.25
2026-09-08, 05:53:21, 22.25, 22.25, 22.64, 22.61, 9999.0, 9999.0, 9999.0, 23.93, 9999.0, 22.61, 9999.0, 22.5, 22.32, 22.16, 22.25, 22.25
2026-09-08, 05:53:25, 22.25, 22.25, 22.66, 22.61, 9999.0, 9999.0, 9999.0, 23.98, 9999.0, 22.59, 9999.0, 22.5, 22.32, 22.18, 22.25, 22.25
2026-09-08, 05:53:29, 22.25, 22.25, 22.66, 22.59, 9999.0, 9999.0, 9999.0, 24.0, 9999.0, 22.57, 9999.0, 22.5, 22.3, 22.18, 22.25, 22.25
2026-09-08, 05:53:33, 22.25, 22.25, 22.66, 22.59, 9999.0, 9999.0, 9999.0, 24.05, 9999.0, 22.57, 9999.0, 22.5, 22.27, 22.2, 22.25, 22.25
2026-09-08, 05:53:37, 22.25, 22.25, 22.64, 22.61, 9999.0, 9999.0, 9999.0, 24.0, 9999.0, 22.55, 9999.0, 22.52, 22.3, 22.18, 22.25, 22.25
2026-09-08, 05:53:41, 22.25, 22.25, 22.64, 22.61, 9999.0, 9999.0, 9999.0, 23.95, 9999.0, 22.55, 9999.0, 22.55, 22.3, 22.18, 22.25, 22.25
2026-09-08, 05:53:45, 22.25, 22.25, 22.64, 22.61, 9999.0, 9999.0, 9999.0, 23.91, 9999.0, 22.52, 9999.0, 22.57, 22.3, 22.16, 22.25, 22.23
2026-09-08, 05:53:49, 22.25, 22.27, 22.66, 22.59, 9999.0, 9999.0, 9999.0, 23.89, 9999.0, 22.55, 9999.0, 22.59, 22.32, 22.14, 22.25, 22.23
2026-09-08, 05:53:53, 22.25, 22.27, 22.64, 22.59, 9999.0, 9999.0, 9999.0, 23.86, 9999.0, 22.57, 9999.0, 22.61, 22.32, 22.14, 22.25, 22.2
2026-09-08, 05:53:57, 22.25, 22.27, 22.64, 22.57, 9999.0, 9999.0, 9999.0, 23.82, 9999.0, 22.57, 9999.0, 22.64, 22.32, 22.14, 22.25, 22.2
2026-09-08, 05:54:01, 22.25, 22.27, 22.66, 22.57, 9999.0, 9999.0, 9999.0, 23.77, 9999.0, 22.59, 9999.0, 22.64, 22.34, 22.11, 22.25, 22.2
2026-09-08, 05:54:05, 22.25, 22.27, 22.66, 22.57, 9999.0, 9999.0, 9999.0, 23.73, 9999.0, 22.61, 9999.0, 22.64, 22.36, 22.14, 22.25, 22.2
2026-09-08, 05:54:09, 22.25, 22.27, 22.66, 22.55, 9999.0, 9999.0, 9999.0, 23.75, 9999.0, 22.64, 9999.0, 22.64, 22.39, 22.14, 22.25, 22.2
2026-09-08, 05:54:13, 22.25, 22.27, 22.68, 22.55, 9999.0, 9999.0, 9999.0, 23.8, 9999.0, 22.64, 9999.0, 22.64, 22.39, 22.14, 22.25, 22.2
2026-09-08, 05:54:17, 22.25, 22.27, 22.66, 22.57, 9999.0, 9999.0, 9999.0, 23.82, 9999.0, 22.66, 9999.0, 22.64, 22.41, 22.11, 22.25, 22.2
2026-09-08, 05:54:21, 22.25, 22.27, 22.66, 22.55, 9999.0, 9999.0, 9999.0, 23.86, 9999.0, 22.68, 9999.0, 22.61, 22.41, 22.14, 22.25, 22.2
2026-09-08, 05:54:25, 22.25, 22.27, 22.66, 22.55, 9999.0, 9999.0, 9999.0, 23.91, 9999.0, 22.7, 9999.0, 22.59, 22.41, 22.14, 22.25, 22.2
2026-09-08, 05:54:29, 22.25, 22.27, 22.64, 22.55, 9999.0, 9999.0, 9999.0, 23.93, 9999.0, 22.7, 9999.0, 22.57, 22.39, 22.16, 22.23, 22.23
2026-09-08, 05:54:33, 22.25, 22.25, 22.64, 22.55, 9999.0, 9999.0, 9999.0, 23.95, 9999.0, 22.68, 9999.0, 22.55, 22.36, 22.18, 22.23, 22.2
2026-09-08, 05:54:37, 22.25, 22.25, 22.66, 22.52, 9999.0, 9999.0, 9999.0, 23.98, 9999.0, 22.66, 9999.0, 22.52, 22.36, 22.16, 22.23, 22.23
2026-09-08, 05:54:41, 22.25, 22.25, 22.64, 22.52, 9999.0, 9999.0, 9999.0, 24.02, 9999.0, 22.64, 9999.0, 22.5, 22.36, 22.18, 22.23, 22.23
2026-09-08, 05:54:45, 22.25, 22.25, 22.61, 22.52, 9999.0, 9999.0, 9999.0, 24.07, 9999.0, 22.61, 9999.0, 22.5, 22.36, 22.18, 22.23, 22.23
2026-09-08, 05:54:49, 22.25, 22.25, 22.61, 22.52, 9999.0, 9999.0, 9999.0, 24.09, 9999.0, 22.59, 9999.0, 22.52, 22.34, 22.18, 22.23, 22.23
2026-09-08, 05:54:53, 22.25, 22.25, 22.61, 22.52, 9999.0, 9999.0, 9999.0, 24.05, 9999.0, 22.57, 9999.0, 22.52, 22.32, 22.16, 22.23, 22.23
2026-09-08, 05:54:57, 22.25, 22.25, 22.59, 22.55, 9999.0, 9999.0, 9999.0, 24.0, 9999.0, 22.57, 9999.0, 22.55, 22.32, 22.16, 22.23, 22.23
2026-09-08, 05:55:01, 22.25, 22.27, 22.59, 22.52, 9999.0, 9999.0, 9999.0, 23.95, 9999.0, 22.55, 9999.0, 22.57, 22.3, 22.18, 22.23, 22.2
2026-09-08, 05:55:05, 22.25, 22.27, 22.59, 22.52, 9999.0, 9999.0, 9999.0, 23.91, 9999.0, 22.52, 9999.0, 22.59, 22.27, 22.16, 22.23, 22.2
2026-09-08, 05:55:09, 22.25, 22.27, 22.57, 22.52, 9999.0, 9999.0, 9999.0, 23.86, 9999.0, 22.5, 9999.0, 22.61, 22.27, 22.16, 22.23, 22.18
2026-09-08, 05:55:13, 22.25, 22.27, 22.57, 22.52, 9999.0, 9999.0, 9999.0, 23.82, 9999.0, 22.5, 9999.0, 22.61, 22.3, 22.16, 22.25, 22.18
2026-09-08, 05:55:17, 22.25, 22.3, 22.55, 22.52, 9999.0, 9999.0, 9999.0, 23.8, 9999.0, 22.52, 9999.0, 22.64, 22.3, 22.16, 22.25, 22.2
2026-09-08, 05:55:21, 22.25, 22.32, 22.52, 22.52, 9999.0, 9999.0, 9999.0, 23.75, 9999.0, 22.55, 9999.0, 22.64, 22.32, 22.18, 22.25, 22.2
2026-09-08, 05:55:25, 22.25, 22.32, 22.52, 22.52, 9999.0, 9999.0, 9999.0, 23.77, 9999.0, 22.57, 9999.0, 22.64, 22.34, 22.16, 22.25, 22.2
2026-09-08, 05:55:29, 22.25, 22.32, 22.55, 22.55, 9999.0, 9999.0, 9999.0, 23.8, 9999.0, 22.59, 9999.0, 22.64, 22.32, 22.16, 22.25, 22.2
2026-09-08, 05:55:33, 22.25, 22.34, 22.55, 22.55, 9999.0, 9999.0, 9999.0, 23.84, 9999.0, 22.61, 9999.0, 22.61, 22.32, 22.16, 22.25, 22.2
2026-09-08, 05:55:37, 22.25, 22.34, 22.55, 22.57, 9999.0, 9999.0, 9999.0, 23.89, 9999.0, 22.61, 9999.0, 22.61, 22.32, 22.16, 22.25, 22.2
2026-09-08, 05:55:41, 22.25, 22.34, 22.55, 22.55, 9999.0, 9999.0, 9999.0, 23.91, 9999.0, 22.64, 9999.0, 22.59, 22.32, 22.16, 22.25, 22.2
2026-09-08, 05:55:45, 22.25, 22.32, 22.57, 22.57, 9999.0, 9999.0, 9999.0, 23.93, 9999.0, 22.66, 9999.0, 22.57, 22.32, 22.16, 22.25, 22.2
2026-09-08, 05:55:49, 22.25, 22.32, 22.59, 22.57, 9999.0, 9999.0, 9999.0, 23.95, 9999.0, 22.68, 9999.0, 22.55, 22.32, 22.16, 22.25, 22.2
2026-09-08, 05:55:53, 22.25, 22.34, 22.59, 22.57, 9999.0, 9999.0, 9999.0, 23.98, 9999.0, 22.68, 9999.0, 22.52, 22.32, 22.14, 22.25, 22.2
2026-09-08, 05:55:57, 22.25, 22.36, 22.59, 22.57, 9999.0, 9999.0, 9999.0, 24.02, 9999.0, 22.68, 9999.0, 22.52, 22.3, 22.14, 22.25, 22.2
2026-09-08, 05:56:01, 22.25, 22.34, 22.59, 22.57, 9999.0, 9999.0, 9999.0, 24.05, 9999.0, 22.66, 9999.0, 22.52, 22.3, 22.14, 22.25, 22.18
2026-09-08, 05:56:06, 22.25, 22.32, 22.59, 22.57, 9999.0, 9999.0, 9999.0, 24.09, 9999.0, 22.64, 9999.0, 22.52, 22.27, 22.11, 22.25, 22.16
2026-09-08, 05:56:10, 22.25, 22.32, 22.59, 22.57, 9999.0, 9999.0, 9999.0, 24.05, 9999.0, 22.61, 9999.0, 22.52, 22.25, 22.14, 22.25, 22.16
2026-09-08, 05:56:14, 22.25, 22.32, 22.57, 22.55, 9999.0, 9999.0, 9999.0, 24.0, 9999.0, 22.59, 9999.0, 22.55, 22.27, 22.16, 22.25, 22.16
2026-09-08, 05:56:18, 22.25, 22.3, 22.57, 22.55, 9999.0, 9999.0, 9999.0, 23.95, 9999.0, 22.57, 9999.0, 22.57, 22.3, 22.16, 22.23, 22.16
2026-09-08, 05:56:22, 22.25, 22.3, 22.55, 22.55, 9999.0, 9999.0, 9999.0, 23.91, 9999.0, 22.57, 9999.0, 22.59, 22.3, 22.16, 22.23, 22.16
2026-09-08, 05:56:26, 22.25, 22.3, 22.55, 22.55, 9999.0, 9999.0, 9999.0, 23.89, 9999.0, 22.57, 9999.0, 22.61, 22.32, 22.16, 22.23, 22.14
2026-09-08, 05:56:30, 22.25, 22.32, 22.55, 22.52, 9999.0, 9999.0, 9999.0, 23.86, 9999.0, 22.57, 9999.0, 22.64, 22.32, 22.14, 22.23, 22.14
2026-09-08, 05:56:34, 22.25, 22.34, 22.52, 22.55, 9999.0, 9999.0, 9999.0, 23.84, 9999.0, 22.57, 9999.0, 22.66, 22.34, 22.16, 22.23, 22.14
2026-09-08, 05:56:38, 22.25, 22.34, 22.52, 22.55, 9999.0, 9999.0, 9999.0, 23.8, 9999.0, 22.59, 9999.0, 22.66, 22.36, 22.18, 22.23, 22.16
2026-09-08, 05:56:42, 22.23, 22.32, 22.52, 22.55, 9999.0, 9999.0, 9999.0, 23.75, 9999.0, 22.59, 9999.0, 22.66, 22.39, 22.16, 22.23, 22.16
2026-09-08, 05:56:46, 22.23, 22.34, 22.55, 22.55, 9999.0, 9999.0, 9999.0, 23.77, 9999.0, 22.61, 9999.0, 22.64, 22.41, 22.14, 22.23, 22.18
2026-09-08, 05:56:50, 22.23, 22.34, 22.57, 22.55, 9999.0, 9999.0, 9999.0, 23.8, 9999.0, 22.61, 9999.0, 22.64, 22.41, 22.14, 22.23, 22.18
2026-09-08, 05:56:54, 22.23, 22.36, 22.57, 22.55, 9999.0, 9999.0, 9999.0, 23.82, 9999.0, 22.64, 9999.0, 22.64, 22.43, 22.11, 22.2, 22.16
2026-09-08, 05:56:58, 22.23, 22.39, 22.57, 22.57, 9999.0, 9999.0, 9999.0, 23.86, 9999.0, 22.64, 9999.0, 22.61, 22.41, 22.09, 22.2, 22.14
2026-09-08, 05:57:02, 22.23, 22.39, 22.57, 22.57, 9999.0, 9999.0, 9999.0, 23.89, 9999.0, 22.64, 9999.0, 22.59, 22.39, 22.09, 22.23, 22.14
2026-09-08, 05:57:06, 22.23, 22.39, 22.57, 22.57, 9999.0, 9999.0, 9999.0, 23.91, 9999.0, 22.64, 9999.0, 22.57, 22.39, 22.11, 22.23, 22.11
2026-09-08, 05:57:10, 22.23, 22.41, 22.57, 22.59, 9999.0, 9999.0, 9999.0, 23.91, 9999.0, 22.61, 9999.0, 22.52, 22.36, 22.09, 22.2, 22.11
2026-09-08, 05:57:14, 22.23, 22.41, 22.57, 22.59, 9999.0, 9999.0, 9999.0, 23.93, 9999.0, 22.59, 9999.0, 22.5, 22.39, 22.09, 22.2, 22.14
2026-09-08, 05:57:18, 22.23, 22.39, 22.57, 22.57, 9999.0, 9999.0, 9999.0, 23.95, 9999.0, 22.57, 9999.0, 22.48, 22.36, 22.09, 22.2, 22.14
2026-09-08, 05:57:22, 22.2, 22.36, 22.57, 22.59, 9999.0, 9999.0, 9999.0, 23.98, 9999.0, 22.55, 9999.0, 22.48, 22.34, 22.09, 22.18, 22.14
2026-09-08, 05:57:26, 22.23, 22.36, 22.57, 22.59, 9999.0, 9999.0, 9999.0, 24.0, 9999.0, 22.55, 9999.0, 22.48, 22.32, 22.09, 22.18, 22.11
2026-09-08, 05:57:30, 22.23, 22.34, 22.57, 22.59, 9999.0, 9999.0, 9999.0, 23.95, 9999.0, 22.52, 9999.0, 22.5, 22.3, 22.11, 22.18, 22.11
2026-09-08, 05:57:34, 22.23, 22.34, 22.55, 22.59, 9999.0, 9999.0, 9999.0, 23.91, 9999.0, 22.5, 9999.0, 22.52, 22.3, 22.14, 22.18, 22.11
2026-09-08, 05:57:38, 22.23, 22.32, 22.55, 22.59, 9999.0, 9999.0, 9999.0, 23.89, 9999.0, 22.45, 9999.0, 22.55, 22.27, 22.16, 22.2, 22.14
2026-09-08, 05:57:42, 22.23, 22.3, 22.57, 22.57, 9999.0, 9999.0, 9999.0, 23.84, 9999.0, 22.45, 9999.0, 22.55, 22.3, 22.16, 22.2, 22.16
2026-09-08, 05:57:46, 22.23, 22.32, 22.57, 22.59, 9999.0, 9999.0, 9999.0, 23.8, 9999.0, 22.45, 9999.0, 22.57, 22.3, 22.14, 22.2, 22.16
2026-09-08, 05:57:50, 22.23, 22.32, 22.57, 22.57, 9999.0, 9999.0, 9999.0, 23.75, 9999.0, 22.48, 9999.0, 22.57, 22.32, 22.14, 22.2, 22.16
2026-09-08, 05:57:54, 22.2, 22.3, 22.57, 22.55, 9999.0, 9999.0, 9999.0, 23.73, 9999.0, 22.5, 9999.0, 22.61, 22.32, 22.16, 22.23, 22.18
2026-09-08, 05:57:58, 22.2, 22.3, 22.55, 22.57, 9999.0, 9999.0, 9999.0, 23.68, 9999.0, 22.52, 9999.0, 22.61, 22.32, 22.18, 22.23, 22.16
2026-09-08, 05:58:02, 22.2, 22.32, 22.55, 22.59, 9999.0, 9999.0, 9999.0, 23.7, 9999.0, 22.52, 9999.0, 22.64, 22.32, 22.16, 22.23, 22.16
2026-09-08, 05:58:06, 22.23, 22.34, 22.55, 22.57, 9999.0, 9999.0, 9999.0, 23.75, 9999.0, 22.55, 9999.0, 22.64, 22.32, 22.14, 22.25, 22.14
2026-09-08, 05:58:10, 22.23, 22.34, 22.57, 22.57, 9999.0, 9999.0, 9999.0, 23.8, 9999.0, 22.55, 9999.0, 22.64, 22.34, 22.16, 22.25, 22.16
2026-09-08, 05:58:14, 22.23, 22.34, 22.55, 22.57, 9999.0, 9999.0, 9999.0, 23.84, 9999.0, 22.55, 9999.0, 22.61, 22.36, 22.16, 22.25, 22.16
2026-09-08, 05:58:18, 22.23, 22.34, 22.57, 22.57, 9999.0, 9999.0, 9999.0, 23.86, 9999.0, 22.57, 9999.0, 22.59, 22.36, 22.16, 22.25, 22.18
2026-09-08, 05:58:22, 22.23, 22.34, 22.59, 22.59, 9999.0, 9999.0, 9999.0, 23.89, 9999.0, 22.59, 9999.0, 22.57, 22.36, 22.14, 22.23, 22.18
2026-09-08, 05:58:26, 22.23, 22.34, 22.57, 22.59, 9999.0, 9999.0, 9999.0, 23.91, 9999.0, 22.57, 9999.0, 22.57, 22.34, 22.16, 22.23, 22.16
2026-09-08, 05:58:30, 22.23, 22.34, 22.59, 22.59, 9999.0, 9999.0, 9999.0, 23.95, 9999.0, 22.55, 9999.0, 22.55, 22.34, 22.16, 22.23, 22.16
2026-09-08, 05:58:34, 22.23, 22.34, 22.59, 22.59, 9999.0, 9999.0, 9999.0, 24.0, 9999.0, 22.52, 9999.0, 22.55, 22.32, 22.16, 22.23, 22.16
2026-09-08, 05:58:38, 22.25, 22.36, 22.59, 22.59, 9999.0, 9999.0, 9999.0, 24.05, 9999.0, 22.48, 9999.0, 22.55, 22.32, 22.14, 22.23, 22.14
2026-09-08, 05:58:42, 22.25, 22.34, 22.61, 22.57, 9999.0, 9999.0, 9999.0, 24.07, 9999.0, 22.43, 9999.0, 22.57, 22.3, 22.14, 22.23, 22.16
2026-09-08, 05:58:46, 22.23, 22.32, 22.61, 22.57, 9999.0, 9999.0, 9999.0, 24.02, 9999.0, 22.41, 9999.0, 22.55, 22.3, 22.16, 22.23, 22.14
2026-09-08, 05:58:50, 22.23, 22.3, 22.61, 22.57, 9999.0, 9999.0, 9999.0, 23.98, 9999.0, 22.36, 9999.0, 22.57, 22.32, 22.18, 22.23, 22.14
2026-09-08, 05:58:54, 22.23, 22.3, 22.59, 22.59, 9999.0, 9999.0, 9999.0, 23.93, 9999.0, 22.34, 9999.0, 22.59, 22.3, 22.16, 22.23, 22.14
2026-09-08, 05:58:58, 22.23, 22.32, 22.59, 22.59, 9999.0, 9999.0, 9999.0, 23.89, 9999.0, 22.34, 9999.0, 22.59, 22.27, 22.14, 22.23, 22.14
2026-09-08, 05:59:02, 22.23, 22.32, 22.57, 22.59, 9999.0, 9999.0, 9999.0, 23.86, 9999.0, 22.34, 9999.0, 22.61, 22.27, 22.14, 22.23, 22.14
2026-09-08, 05:59:06, 22.23, 22.34, 22.57, 22.57, 9999.0, 9999.0, 9999.0, 23.82, 9999.0, 22.34, 9999.0, 22.64, 22.27, 22.14, 22.25, 22.14
2026-09-08, 05:59:10, 22.23, 22.34, 22.59, 22.57, 9999.0, 9999.0, 9999.0, 23.77, 9999.0, 22.36, 9999.0, 22.66, 22.27, 22.14, 22.23, 22.16
2026-09-08, 05:59:14, 22.23, 22.34, 22.59, 22.55, 9999.0, 9999.0, 9999.0, 23.73, 9999.0, 22.39, 9999.0, 22.66, 22.27, 22.14, 22.23, 22.16
2026-09-08, 05:59:18, 22.23, 22.34, 22.59, 22.55, 9999.0, 9999.0, 9999.0, 23.75, 9999.0, 22.39, 9999.0, 22.66, 22.3, 22.11, 22.23, 22.18
2026-09-08, 05:59:22, 22.23, 22.32, 22.61, 22.55, 9999.0, 9999.0, 9999.0, 23.77, 9999.0, 22.41, 9999.0, 22.64, 22.32, 22.14, 22.23, 22.2
2026-09-08, 05:59:26, 22.2, 22.32, 22.61, 22.57, 9999.0, 9999.0, 9999.0, 23.82, 9999.0, 22.43, 9999.0, 22.61, 22.34, 22.11, 22.23, 22.18
2026-09-08, 05:59:30, 22.23, 22.32, 22.64, 22.55, 9999.0, 9999.0, 9999.0, 23.86, 9999.0, 22.45, 9999.0, 22.61, 22.34, 22.09, 22.23, 22.2
2026-09-08, 05:59:34, 22.23, 22.32, 22.66, 22.55, 9999.0, 9999.0, 9999.0, 23.89, 9999.0, 22.45, 9999.0, 22.59, 22.34, 22.07, 22.23, 22.23
2026-09-08, 05:59:38, 22.23, 22.32, 22.66, 22.55, 9999.0, 9999.0, 9999.0, 23.91, 9999.0, 22.45, 9999.0, 22.57, 22.34, 22.09, 22.23, 22.23
2026-09-08, 05:59:42, 22.23, 22.32, 22.68, 22.55, 9999.0, 9999.0, 9999.0, 23.93, 9999.0, 22.43, 9999.0, 22.57, 22.34, 22.11, 22.23, 22.23
2026-09-08, 05:59:46, 22.23, 22.32, 22.7, 22.55, 9999.0, 9999.0, 9999.0, 23.95, 9999.0, 22.41, 9999.0, 22.55, 22.34, 22.09, 22.23, 22.23
2026-09-08, 05:59:50, 22.23, 22.3, 22.68, 22.55, 9999.0, 9999.0, 9999.0, 24.0, 9999.0, 22.39, 9999.0, 22.52, 22.34, 22.11, 22.23, 22.23
2026-09-08, 05:59:55, 22.23, 22.3, 22.66, 22.55, 9999.0, 9999.0, 9999.0, 24.05, 9999.0, 22.36, 9999.0, 22.5, 22.34, 22.11, 22.25, 22.23
2026-09-08, 05:59:59, 22.2, 22.27, 22.64, 22.55, 9999.0, 9999.0, 9999.0, 24.09, 9999.0, 22.34, 9999.0, 22.5, 22.34, 22.11, 22.25, 22.2
2026-09-08, 06:00:03, 22.2, 22.3, 22.64, 22.57, 9999.0, 9999.0, 9999.0, 24.05, 9999.0, 22.32, 9999.0, 22.52, 22.32, 22.14, 22.25, 22.18
2026-09-08, 06:00:07, 22.2, 22.3, 22.64, 22.59, 9999.0, 9999.0, 9999.0, 24.0, 9999.0, 22.3, 9999.0, 22.55, 22.3, 22.14, 22.23, 22.18
2026-09-08, 06:00:11, 22.23, 22.3, 22.64, 22.57, 9999.0, 9999.0, 9999.0, 23.95, 9999.0, 22.27, 9999.0, 22.57, 22.27, 22.16, 22.23, 22.2
2026-09-08, 06:00:15, 22.23, 22.3, 22.64, 22.57, 9999.0, 9999.0, 9999.0, 23.91, 9999.0, 22.27, 9999.0, 22.59, 22.3, 22.18, 22.23, 22.2
2026-09-08, 06:00:19, 22.23, 22.32, 22.61, 22.59, 9999.0, 9999.0, 9999.0, 23.89, 9999.0, 22.3, 9999.0, 22.59, 22.27, 22.18, 22.23, 22.2
2026-09-08, 06:00:23, 22.23, 22.32, 22.61, 22.57, 9999.0, 9999.0, 9999.0, 23.84, 9999.0, 22.32, 9999.0, 22.61, 22.27, 22.16, 22.23, 22.2
2026-09-08, 06:00:27, 22.23, 22.3, 22.61, 22.57, 9999.0, 9999.0, 9999.0, 23.8, 9999.0, 22.34, 9999.0, 22.61, 22.27, 22.16, 22.23, 22.18
2026-09-08, 06:00:31, 22.23, 22.3, 22.61, 22.59, 9999.0, 9999.0, 9999.0, 23.75, 9999.0, 22.36, 9999.0, 22.61, 22.3, 22.16, 22.23, 22.18
2026-09-08, 06:00:35, 22.23, 22.3, 22.64, 22.59, 9999.0, 9999.0, 9999.0, 23.77, 9999.0, 22.39, 9999.0, 22.61, 22.32, 22.16, 22.23, 22.18
2026-09-08, 06:00:39, 22.23, 22.3, 22.66, 22.59, 9999.0, 9999.0, 9999.0, 23.8, 9999.0, 22.41, 9999.0, 22.61, 22.34, 22.16, 22.23, 22.16
2026-09-08, 06:00:43, 22.25, 22.32, 22.68, 22.59, 9999.0, 9999.0, 9999.0, 23.82, 9999.0, 22.43, 9999.0, 22.61, 22.34, 22.16, 22.23, 22.18
2026-09-08, 06:00:47, 22.23, 22.3, 22.7, 22.59, 9999.0, 9999.0, 9999.0, 23.84, 9999.0, 22.45, 9999.0, 22.59, 22.34, 22.16, 22.23, 22.2
2026-09-08, 06:00:51, 22.23, 22.32, 22.68, 22.57, 9999.0, 9999.0, 9999.0, 23.86, 9999.0, 22.48, 9999.0, 22.57, 22.36, 22.16, 22.25, 22.2
2026-09-08, 06:00:55, 22.23, 22.32, 22.68, 22.57, 9999.0, 9999.0, 9999.0, 23.89, 9999.0, 22.48, 9999.0, 22.55, 22.36, 22.16, 22.25, 22.2
2026-09-08, 06:00:59, 22.23, 22.34, 22.68, 22.59, 9999.0, 9999.0, 9999.0, 23.89, 9999.0, 22.45, 9999.0, 22.52, 22.34, 22.14, 22.25, 22.2
2026-09-08, 06:01:03, 22.23, 22.32, 22.7, 22.59, 9999.0, 9999.0, 9999.0, 23.89, 9999.0, 22.43, 9999.0, 22.52, 22.34, 22.16, 22.25, 22.18
2026-09-08, 06:01:07, 22.23, 22.32, 22.7, 22.59, 9999.0, 9999.0, 9999.0, 23.91, 9999.0, 22.41, 9999.0, 22.5, 22.34, 22.16, 22.25, 22.18
2026-09-08, 06:01:11, 22.23, 22.32, 22.7, 22.59, 9999.0, 9999.0, 9999.0, 23.93, 9999.0, 22.39, 9999.0, 22.48, 22.34, 22.14, 22.25, 22.2
2026-09-08, 06:01:15, 22.23, 22.32, 22.7, 22.57, 9999.0, 9999.0, 9999.0, 23.95, 9999.0, 22.36, 9999.0, 22.5, 22.32, 22.14, 22.25, 22.2
2026-09-08, 06:01:19, 22.23, 22.32, 22.7, 22.59, 9999.0, 9999.0, 9999.0, 23.91, 9999.0, 22.34, 9999.0, 22.5, 22.3, 22.11, 22.25, 22.2
2026-09-08, 06:01:23, 22.23, 22.32, 22.7, 22.61, 9999.0, 9999.0, 9999.0, 23.86, 9999.0, 22.32, 9999.0, 22.52, 22.27, 22.09, 22.25, 22.2
2026-09-08, 06:01:27, 22.23, 22.3, 22.7, 22.61, 9999.0, 9999.0, 9999.0, 23.82, 9999.0, 22.27, 9999.0, 22.55, 22.27, 22.11, 22.25, 22.2
2026-09-08, 06:01:31, 22.25, 22.32, 22.7, 22.59, 9999.0, 9999.0, 9999.0, 23.8, 9999.0, 22.23, 9999.0, 22.57, 22.3, 22.11, 22.25, 22.2
2026-09-08, 06:01:35, 22.25, 22.3, 22.7, 22.59, 9999.0, 9999.0, 9999.0, 23.75, 9999.0, 22.2, 9999.0, 22.59, 22.3, 22.09, 22.25, 22.2
2026-09-08, 06:01:39, 22.25, 22.3, 22.68, 22.61, 9999.0, 9999.0, 9999.0, 23.7, 9999.0, 22.2, 9999.0, 22.61, 22.3, 22.07, 22.25, 22.2
2026-09-08, 06:01:43, 22.25, 22.27, 22.66, 22.59, 9999.0, 9999.0, 9999.0, 23.68, 9999.0, 22.23, 9999.0, 22.64, 22.32, 22.09, 22.25, 22.18
2026-09-08, 06:01:47, 22.25, 22.27, 22.66, 22.57, 9999.0, 9999.0, 9999.0, 23.66, 9999.0, 22.25, 9999.0, 22.66, 22.34, 22.09, 22.25, 22.2
2026-09-08, 06:01:51, 22.25, 22.27, 22.68, 22.59, 9999.0, 9999.0, 9999.0, 23.64, 9999.0, 22.27, 9999.0, 22.66, 22.34, 22.11, 22.25, 22.2
2026-09-08, 06:01:55, 22.25, 22.3, 22.68, 22.61, 9999.0, 9999.0, 9999.0, 23.68, 9999.0, 22.3, 9999.0, 22.68, 22.36, 22.11, 22.25, 22.2
2026-09-08, 06:01:59, 22.25, 22.32, 22.66, 22.64, 9999.0, 9999.0, 9999.0, 23.73, 9999.0, 22.32, 9999.0, 22.66, 22.39, 22.14, 22.25, 22.2
2026-09-08, 06:02:03, 22.25, 22.32, 22.66, 22.61, 9999.0, 9999.0, 9999.0, 23.75, 9999.0, 22.34, 9999.0, 22.66, 22.41, 22.16, 22.25, 22.2
2026-09-08, 06:02:07, 22.25, 22.32, 22.66, 22.61, 9999.0, 9999.0, 9999.0, 23.77, 9999.0, 22.34, 9999.0, 22.64, 22.43, 22.16, 22.25, 22.23
2026-09-08, 06:02:11, 22.25, 22.32, 22.64, 22.61, 9999.0, 9999.0, 9999.0, 23.8, 9999.0, 22.36, 9999.0, 22.61, 22.43, 22.16, 22.25, 22.23
2026-09-08, 06:02:15, 22.25, 22.3, 22.64, 22.64, 9999.0, 9999.0, 9999.0, 23.82, 9999.0, 22.39, 9999.0, 22.59, 22.41, 22.16, 22.25, 22.23
2026-09-08, 06:02:19, 22.25, 22.3, 22.64, 22.64, 9999.0, 9999.0, 9999.0, 23.84, 9999.0, 22.39, 9999.0, 22.57, 22.39, 22.16, 22.25, 22.23
2026-09-08, 06:02:23, 22.25, 22.3, 22.66, 22.64, 9999.0, 9999.0, 9999.0, 23.86, 9999.0, 22.39, 9999.0, 22.55, 22.39, 22.18, 22.25, 22.23
2026-09-08, 06:02:27, 22.25, 22.3, 22.66, 22.66, 9999.0, 9999.0, 9999.0, 23.89, 9999.0, 22.36, 9999.0, 22.52, 22.36, 22.18, 22.25, 22.25
2026-09-08, 06:02:31, 22.23, 22.3, 22.64, 22.66, 9999.0, 9999.0, 9999.0, 23.91, 9999.0, 22.34, 9999.0, 22.52, 22.34, 22.16, 22.25, 22.25
2026-09-08, 06:02:35, 22.23, 22.3, 22.64, 22.64, 9999.0, 9999.0, 9999.0, 23.93, 9999.0, 22.3, 9999.0, 22.52, 22.34, 22.14, 22.25, 22.23
2026-09-08, 06:02:39, 22.23, 22.27, 22.64, 22.61, 9999.0, 9999.0, 9999.0, 23.89, 9999.0, 22.27, 9999.0, 22.55, 22.32, 22.16, 22.25, 22.23
2026-09-08, 06:02:43, 22.23, 22.27, 22.66, 22.61, 9999.0, 9999.0, 9999.0, 23.82, 9999.0, 22.23, 9999.0, 22.57, 22.3, 22.16, 22.25, 22.2
2026-09-08, 06:02:47, 22.23, 22.27, 22.66, 22.64, 9999.0, 9999.0, 9999.0, 23.77, 9999.0, 22.18, 9999.0, 22.59, 22.27, 22.16, 22.25, 22.2
2026-09-08, 06:02:51, 22.2, 22.27, 22.66, 22.64, 9999.0, 9999.0, 9999.0, 23.73, 9999.0, 22.18, 9999.0, 22.61, 22.27, 22.18, 22.25, 22.2
2026-09-08, 06:02:55, 22.2, 22.27, 22.68, 22.64, 9999.0, 9999.0, 9999.0, 23.68, 9999.0, 22.18, 9999.0, 22.64, 22.3, 22.18, 22.25, 22.2
2026-09-08, 06:02:59, 22.2, 22.27, 22.68, 22.61, 9999.0, 9999.0, 9999.0, 23.64, 9999.0, 22.2, 9999.0, 22.66, 22.32, 22.16, 22.25, 22.18
2026-09-08, 06:03:03, 22.2, 22.27, 22.7, 22.61, 9999.0, 9999.0, 9999.0, 23.61, 9999.0, 22.23, 9999.0, 22.68, 22.34, 22.18, 22.25, 22.18
2026-09-08, 06:03:07, 22.2, 22.27, 22.7, 22.61, 9999.0, 9999.0, 9999.0, 23.57, 9999.0, 22.25, 9999.0, 22.68, 22.36, 22.18, 22.25, 22.18
2026-09-08, 06:03:11, 22.2, 22.3, 22.7, 22.61, 9999.0, 9999.0, 9999.0, 23.61, 9999.0, 22.25, 9999.0, 22.68, 22.39, 22.18, 22.25, 22.18
2026-09-08, 06:03:15, 22.23, 22.3, 22.73, 22.64, 9999.0, 9999.0, 9999.0, 23.66, 9999.0, 22.25, 9999.0, 22.66, 22.41, 22.2, 22.25, 22.18
2026-09-08, 06:03:19, 22.23, 22.3, 22.73, 22.64, 9999.0, 9999.0, 9999.0, 23.68, 9999.0, 22.27, 9999.0, 22.66, 22.43, 22.2, 22.25, 22.2
2026-09-08, 06:03:23, 22.23, 22.3, 22.73, 22.66, 9999.0, 9999.0, 9999.0, 23.7, 9999.0, 22.27, 9999.0, 22.64, 22.45, 22.2, 22.25, 22.2
2026-09-08, 06:03:27, 22.23, 22.27, 22.73, 22.66, 9999.0, 9999.0, 9999.0, 23.75, 9999.0, 22.3, 9999.0, 22.61, 22.48, 22.2, 22.23, 22.23
2026-09-08, 06:03:31, 22.2, 22.3, 22.73, 22.66, 9999.0, 9999.0, 9999.0, 23.77, 9999.0, 22.32, 9999.0, 22.59, 22.48, 22.2, 22.23, 22.23
2026-09-08, 06:03:35, 22.23, 22.32, 22.7, 22.64, 9999.0, 9999.0, 9999.0, 23.8, 9999.0, 22.32, 9999.0, 22.57, 22.45, 22.2, 22.2, 22.23
2026-09-08, 06:03:39, 22.23, 22.32, 22.68, 22.64, 9999.0, 9999.0, 9999.0, 23.82, 9999.0, 22.32, 9999.0, 22.55, 22.43, 22.2, 22.2, 22.23
2026-09-08, 06:03:43, 22.23, 22.34, 22.68, 22.66, 9999.0, 9999.0, 9999.0, 23.84, 9999.0, 22.3, 9999.0, 22.52, 22.41, 22.23, 22.2, 22.25
2026-09-08, 06:03:48, 22.23, 22.34, 22.68, 22.68, 9999.0, 9999.0, 9999.0, 23.86, 9999.0, 22.27, 9999.0, 22.52, 22.39, 22.23, 22.2, 22.23
2026-09-08, 06:03:52, 22.23, 22.34, 22.68, 22.66, 9999.0, 9999.0, 9999.0, 23.91, 9999.0, 22.23, 9999.0, 22.52, 22.36, 22.23, 22.2, 22.23
2026-09-08, 06:03:56, 22.23, 22.32, 22.68, 22.66, 9999.0, 9999.0, 9999.0, 23.84, 9999.0, 22.2, 9999.0, 22.55, 22.34, 22.23, 22.2, 22.23
2026-09-08, 06:04:00, 22.23, 22.32, 22.66, 22.66, 9999.0, 9999.0, 9999.0, 23.77, 9999.0, 22.18, 9999.0, 22.57, 22.32, 22.23, 22.2, 22.23
2026-09-08, 06:04:04, 22.23, 22.32, 22.66, 22.68, 9999.0, 9999.0, 9999.0, 23.73, 9999.0, 22.16, 9999.0, 22.59, 22.3, 22.25, 22.2, 22.23
2026-09-08, 06:04:08, 22.23, 22.32, 22.66, 22.66, 9999.0, 9999.0, 9999.0, 23.68, 9999.0, 22.16, 9999.0, 22.61, 22.3, 22.25, 22.2, 22.23
2026-09-08, 06:04:12, 22.23, 22.32, 22.66, 22.66, 9999.0, 9999.0, 9999.0, 23.64, 9999.0, 22.16, 9999.0, 22.64, 22.3, 22.25, 22.23, 22.23
2026-09-08, 06:04:16, 22.25, 22.3, 22.66, 22.66, 9999.0, 9999.0, 9999.0, 23.61, 9999.0, 22.16, 9999.0, 22.64, 22.32, 22.25, 22.23, 22.23
2026-09-08, 06:04:20, 22.23, 22.3, 22.66, 22.68, 9999.0, 9999.0, 9999.0, 23.59, 9999.0, 22.16, 9999.0, 22.64, 22.34, 22.25, 22.25, 22.23
2026-09-08, 06:04:24, 22.23, 22.32, 22.66, 22.7, 9999.0, 9999.0, 9999.0, 23.57, 9999.0, 22.16, 9999.0, 22.64, 22.36, 22.23, 22.25, 22.23
2026-09-08, 06:04:28, 22.23, 22.3, 22.64, 22.7, 9999.0, 9999.0, 9999.0, 23.61, 9999.0, 22.16, 9999.0, 22.64, 22.39, 22.2, 22.25, 22.23
2026-09-08, 06:04:32, 22.23, 22.3, 22.64, 22.7, 9999.0, 9999.0, 9999.0, 23.66, 9999.0, 22.16, 9999.0, 22.61, 22.39, 22.2, 22.25, 22.25
2026-09-08, 06:04:36, 22.23, 22.3, 22.64, 22.73, 9999.0, 9999.0, 9999.0, 23.68, 9999.0, 22.18, 9999.0, 22.61, 22.41, 22.18, 22.25, 22.25
2026-09-08, 06:04:40, 22.23, 22.3, 22.66, 22.73, 9999.0, 9999.0, 9999.0, 23.73, 9999.0, 22.2, 9999.0, 22.59, 22.41, 22.16, 22.25, 22.23
2026-09-08, 06:04:44, 22.23, 22.3, 22.68, 22.73, 9999.0, 9999.0, 9999.0, 23.77, 9999.0, 22.23, 9999.0, 22.57, 22.43, 22.16, 22.25, 22.23
2026-09-08, 06:04:48, 22.23, 22.3, 22.68, 22.7, 9999.0, 9999.0, 9999.0, 23.8, 9999.0, 22.23, 9999.0, 22.55, 22.43, 22.16, 22.25, 22.23
2026-09-08, 06:04:52, 22.23, 22.32, 22.68, 22.73, 9999.0, 9999.0, 9999.0, 23.82, 9999.0, 22.2, 9999.0, 22.52, 22.41, 22.16, 22.25, 22.23
2026-09-08, 06:04:56, 22.23, 22.34, 22.66, 22.73, 9999.0, 9999.0, 9999.0, 23.84, 9999.0, 22.18, 9999.0, 22.5, 22.39, 22.14, 22.25, 22.23
2026-09-08, 06:05:00, 22.23, 22.34, 22.64, 22.7, 9999.0, 9999.0, 9999.0, 23.86, 9999.0, 22.18, 9999.0, 22.5, 22.39, 22.14, 22.25, 22.23
2026-09-08, 06:05:04, 22.25, 22.32, 22.66, 22.68, 9999.0, 9999.0, 9999.0, 23.89, 9999.0, 22.16, 9999.0, 22.52, 22.36, 22.11, 22.25, 22.23
2026-09-08, 06:05:08, 22.25, 22.3, 22.68, 22.66, 9999.0, 9999.0, 9999.0, 23.91, 9999.0, 22.14, 9999.0, 22.55, 22.34, 22.11, 22.25, 22.23
2026-09-08, 06:05:12, 22.25, 22.3, 22.7, 22.66, 9999.0, 9999.0, 9999.0, 23.86, 9999.0, 22.11, 9999.0, 22.57, 22.34, 22.14, 22.25, 22.23
2026-09-08, 06:05:16, 22.25, 22.3, 22.7, 22.66, 9999.0, 9999.0, 9999.0, 23.82, 9999.0, 22.09, 9999.0, 22.59, 22.34, 22.14, 22.25, 22.23
2026-09-08, 06:05:20, 22.25, 22.3, 22.7, 22.64, 9999.0, 9999.0, 9999.0, 23.77, 9999.0, 22.07, 9999.0, 22.61, 22.32, 22.16, 22.25, 22.23
2026-09-08, 06:05:24, 22.25, 22.3, 22.68, 22.64, 9999.0, 9999.0, 9999.0, 23.73, 9999.0, 22.07, 9999.0, 22.64, 22.34, 22.18, 22.25, 22.25
2026-09-08, 06:05:28, 22.25, 22.32, 22.68, 22.61, 9999.0, 9999.0, 9999.0, 23.68, 9999.0, 22.05, 9999.0, 22.66, 22.32, 22.18, 22.25, 22.25
2026-09-08, 06:05:32, 22.25, 22.32, 22.66, 22.64, 9999.0, 9999.0, 9999.0, 23.66, 9999.0, 22.07, 9999.0, 22.68, 22.34, 22.18, 22.25, 22.25
2026-09-08, 06:05:36, 22.25, 22.3, 22.66, 22.64, 9999.0, 9999.0, 9999.0, 23.64, 9999.0, 22.11, 9999.0, 22.7, 22.36, 22.16, 22.25, 22.25
2026-09-08, 06:05:40, 22.25, 22.27, 22.66, 22.61, 9999.0, 9999.0, 9999.0, 23.59, 9999.0, 22.14, 9999.0, 22.73, 22.36, 22.18, 22.25, 22.25
2026-09-08, 06:05:44, 22.25, 22.27, 22.68, 22.64, 9999.0, 9999.0, 9999.0, 23.61, 9999.0, 22.14, 9999.0, 22.73, 22.34, 22.18, 22.25, 22.25
2026-09-08, 06:05:48, 22.25, 22.27, 22.68, 22.66, 9999.0, 9999.0, 9999.0, 23.64, 9999.0, 22.16, 9999.0, 22.7, 22.36, 22.2, 22.25, 22.25
2026-09-08, 06:05:52, 22.25, 22.27, 22.68, 22.66, 9999.0, 9999.0, 9999.0, 23.66, 9999.0, 22.18, 9999.0, 22.68, 22.39, 22.23, 22.25, 22.25
2026-09-08, 06:05:56, 22.25, 22.27, 22.68, 22.66, 9999.0, 9999.0, 9999.0, 23.68, 9999.0, 22.18, 9999.0, 22.66, 22.36, 22.2, 22.25, 22.25
2026-09-08, 06:06:00, 22.25, 22.27, 22.68, 22.66, 9999.0, 9999.0, 9999.0, 23.68, 9999.0, 22.2, 9999.0, 22.64, 22.36, 22.2, 22.25, 22.25
2026-09-08, 06:06:04, 22.25, 22.27, 22.68, 22.68, 9999.0, 9999.0, 9999.0, 23.7, 9999.0, 22.2, 9999.0, 22.61, 22.39, 22.2, 22.25, 22.25
2026-09-08, 06:06:08, 22.25, 22.27, 22.7, 22.66, 9999.0, 9999.0, 9999.0, 23.73, 9999.0, 22.18, 9999.0, 22.59, 22.36, 22.2, 22.25, 22.25
2026-09-08, 06:06:12, 22.25, 22.25, 22.68, 22.68, 9999.0, 9999.0, 9999.0, 23.75, 9999.0, 22.18, 9999.0, 22.57, 22.36, 22.2, 22.25, 22.25
2026-09-08, 06:06:16, 22.25, 22.25, 22.7, 22.68, 9999.0, 9999.0, 9999.0, 23.77, 9999.0, 22.16, 9999.0, 22.55, 22.36, 22.2, 22.25, 22.25
2026-09-08, 06:06:20, 22.25, 22.27, 22.7, 22.68, 9999.0, 9999.0, 9999.0, 23.8, 9999.0, 22.11, 9999.0, 22.55, 22.34, 22.2, 22.25, 22.25
2026-09-08, 06:06:24, 22.25, 22.27, 22.73, 22.7, 9999.0, 9999.0, 9999.0, 23.82, 9999.0, 22.09, 9999.0, 22.55, 22.36, 22.18, 22.25, 22.25
2026-09-08, 06:06:28, 22.25, 22.27, 22.73, 22.7, 9999.0, 9999.0, 9999.0, 23.77, 9999.0, 22.05, 9999.0, 22.55, 22.36, 22.18, 22.25, 22.25
2026-09-08, 06:06:32, 22.25, 22.27, 22.73, 22.7, 9999.0, 9999.0, 9999.0, 23.73, 9999.0, 22.02, 9999.0, 22.57, 22.36, 22.18, 22.25, 22.25
2026-09-08, 06:06:36, 22.25, 22.3, 22.7, 22.73, 9999.0, 9999.0, 9999.0, 23.68, 9999.0, 21.98, 9999.0, 22.59, 22.36, 22.18, 22.25, 22.25
2026-09-08, 06:06:40, 22.25, 22.3, 22.7, 22.73, 9999.0, 9999.0, 9999.0, 23.64, 9999.0, 21.98, 9999.0, 22.61, 22.39, 22.18, 22.25, 22.25
2026-09-08, 06:06:44, 22.25, 22.3, 22.7, 22.7, 9999.0, 9999.0, 9999.0, 23.61, 9999.0, 21.95, 9999.0, 22.64, 22.39, 22.18, 22.25, 22.25
2026-09-08, 06:06:48, 22.25, 22.32, 22.68, 22.7, 9999.0, 9999.0, 9999.0, 23.59, 9999.0, 21.95, 9999.0, 22.66, 22.39, 22.18, 22.25, 22.25
2026-09-08, 06:06:52, 22.25, 22.32, 22.68, 22.73, 9999.0, 9999.0, 9999.0, 23.55, 9999.0, 21.98, 9999.0, 22.68, 22.41, 22.18, 22.25, 22.25
2026-09-08, 06:06:56, 22.25, 22.34, 22.7, 22.7, 9999.0, 9999.0, 9999.0, 23.5, 9999.0, 22.0, 9999.0, 22.7, 22.43, 22.18, 22.25, 22.25
2026-09-08, 06:07:00, 22.25, 22.36, 22.68, 22.7, 9999.0, 9999.0, 9999.0, 23.45, 9999.0, 22.0, 9999.0, 22.7, 22.43, 22.18, 22.25, 22.25
2026-09-08, 06:07:04, 22.25, 22.34, 22.68, 22.7, 9999.0, 9999.0, 9999.0, 23.48, 9999.0, 22.02, 9999.0, 22.68, 22.45, 22.2, 22.25, 22.25
2026-09-08, 06:07:08, 22.25, 22.34, 22.66, 22.68, 9999.0, 9999.0, 9999.0, 23.52, 9999.0, 22.02, 9999.0, 22.66, 22.45, 22.23, 22.25, 22.25
2026-09-08, 06:07:12, 22.25, 22.34, 22.64, 22.66, 9999.0, 9999.0, 9999.0, 23.57, 9999.0, 22.05, 9999.0, 22.66, 22.48, 22.23, 22.25, 22.25
2026-09-08, 06:07:16, 22.25, 22.34, 22.64, 22.66, 9999.0, 9999.0, 9999.0, 23.61, 9999.0, 22.05, 9999.0, 22.64, 22.48, 22.23, 22.25, 22.25
2026-09-08, 06:07:20, 22.25, 22.32, 22.64, 22.64, 9999.0, 9999.0, 9999.0, 23.66, 9999.0, 22.07, 9999.0, 22.61, 22.45, 22.2, 22.25, 22.25
2026-09-08, 06:07:24, 22.23, 22.32, 22.64, 22.64, 9999.0, 9999.0, 9999.0, 23.68, 9999.0, 22.07, 9999.0, 22.59, 22.45, 22.23, 22.25, 22.25
2026-09-08, 06:07:28, 22.2, 22.32, 22.64, 22.66, 9999.0, 9999.0, 9999.0, 23.7, 9999.0, 22.07, 9999.0, 22.57, 22.45, 22.2, 22.25, 22.25
2026-09-08, 06:07:32, 22.2, 22.3, 22.66, 22.64, 9999.0, 9999.0, 9999.0, 23.73, 9999.0, 22.07, 9999.0, 22.55, 22.43, 22.2, 22.25, 22.25
2026-09-08, 06:07:36, 22.2, 22.3, 22.66, 22.64, 9999.0, 9999.0, 9999.0, 23.77, 9999.0, 22.05, 9999.0, 22.52, 22.41, 22.2, 22.25, 22.25
2026-09-08, 06:07:41, 22.2, 22.3, 22.66, 22.66, 9999.0, 9999.0, 9999.0, 23.82, 9999.0, 22.02, 9999.0, 22.52, 22.41, 22.2, 22.25, 22.25
2026-09-08, 06:07:45, 22.2, 22.27, 22.68, 22.64, 9999.0, 9999.0, 9999.0, 23.84, 9999.0, 22.02, 9999.0, 22.52, 22.39, 22.2, 22.25, 22.25
2026-09-08, 06:07:49, 22.2, 22.27, 22.66, 22.64, 9999.0, 9999.0, 9999.0, 23.8, 9999.0, 22.0, 9999.0, 22.55, 22.36, 22.2, 22.25, 22.25
2026-09-08, 06:07:53, 22.2, 22.27, 22.68, 22.66, 9999.0, 9999.0, 9999.0, 23.75, 9999.0, 22.0, 9999.0, 22.57, 22.34, 22.2, 22.25, 22.25
2026-09-08, 06:07:57, 22.2, 22.27, 22.7, 22.68, 9999.0, 9999.0, 9999.0, 23.7, 9999.0, 22.0, 9999.0, 22.59, 22.34, 22.2, 22.25, 22.25
2026-09-08, 06:08:01, 22.18, 22.27, 22.7, 22.68, 9999.0, 9999.0, 9999.0, 23.66, 9999.0, 22.0, 9999.0, 22.61, 22.32, 22.2, 22.25, 22.25
2026-09-08, 06:08:05, 22.18, 22.27, 22.73, 22.68, 9999.0, 9999.0, 9999.0, 23.61, 9999.0, 22.02, 9999.0, 22.64, 22.34, 22.23, 22.25, 22.25
2026-09-08, 06:08:09, 22.2, 22.27, 22.73, 22.68, 9999.0, 9999.0, 9999.0, 23.57, 9999.0, 22.05, 9999.0, 22.66, 22.34, 22.23, 22.25, 22.25
2026-09-08, 06:08:13, 22.23, 22.27, 22.7, 22.68, 9999.0, 9999.0, 9999.0, 23.52, 9999.0, 22.07, 9999.0, 22.68, 22.36, 22.25, 22.25, 22.25
2026-09-08, 06:08:17, 22.23, 22.27, 22.7, 22.7, 9999.0, 9999.0, 9999.0, 23.48, 9999.0, 22.09, 9999.0, 22.68, 22.39, 22.25, 22.25, 22.25
2026-09-08, 06:08:21, 22.23, 22.27, 22.68, 22.7, 9999.0, 9999.0, 9999.0, 23.5, 9999.0, 22.11, 9999.0, 22.68, 22.39, 22.23, 22.25, 22.25
2026-09-08, 06:08:25, 22.23, 22.25, 22.66, 22.7, 9999.0, 9999.0, 9999.0, 23.52, 9999.0, 22.14, 9999.0, 22.66, 22.39, 22.2, 22.25, 22.25
2026-09-08, 06:08:29, 22.23, 22.25, 22.66, 22.7, 9999.0, 9999.0, 9999.0, 23.55, 9999.0, 22.16, 9999.0, 22.68, 22.39, 22.2, 22.25, 22.25
2026-09-08, 06:08:33, 22.23, 22.25, 22.68, 22.68, 9999.0, 9999.0, 9999.0, 23.57, 9999.0, 22.16, 9999.0, 22.66, 22.41, 22.18, 22.25, 22.25
2026-09-08, 06:08:37, 22.23, 22.25, 22.68, 22.68, 9999.0, 9999.0, 9999.0, 23.59, 9999.0, 22.16, 9999.0, 22.64, 22.41, 22.18, 22.25, 22.25
2026-09-08, 06:08:41, 22.23, 22.25, 22.68, 22.66, 9999.0, 9999.0, 9999.0, 23.59, 9999.0, 22.16, 9999.0, 22.61, 22.41, 22.18, 22.25, 22.25
2026-09-08, 06:08:45, 22.25, 22.25, 22.68, 22.64, 9999.0, 9999.0, 9999.0, 23.59, 9999.0, 22.16, 9999.0, 22.59, 22.41, 22.18, 22.25, 22.25
2026-09-08, 06:08:49, 22.25, 22.25, 22.68, 22.66, 9999.0, 9999.0, 9999.0, 23.59, 9999.0, 22.14, 9999.0, 22.57, 22.39, 22.18, 22.25, 22.25
2026-09-08, 06:08:53, 22.25, 22.25, 22.68, 22.64, 9999.0, 9999.0, 9999.0, 23.64, 9999.0, 22.11, 9999.0, 22.55, 22.36, 22.18, 22.25, 22.25
2026-09-08, 06:08:57, 22.25, 22.25, 22.7, 22.64, 9999.0, 9999.0, 9999.0, 23.66, 9999.0, 22.09, 9999.0, 22.52, 22.36, 22.18, 22.25, 22.25
2026-09-08, 06:09:01, 22.25, 22.25, 22.7, 22.64, 9999.0, 9999.0, 9999.0, 23.68, 9999.0, 22.07, 9999.0, 22.55, 22.34, 22.18, 22.25, 22.25
2026-09-08, 06:09:05, 22.25, 22.25, 22.73, 22.64, 9999.0, 9999.0, 9999.0, 23.64, 9999.0, 22.05, 9999.0, 22.55, 22.34, 22.2, 22.25, 22.25
2026-09-08, 06:09:09, 22.25, 22.25, 22.75, 22.64, 9999.0, 9999.0, 9999.0, 23.57, 9999.0, 22.0, 9999.0, 22.57, 22.34, 22.23, 22.25, 22.25
2026-09-08, 06:09:13, 22.25, 22.27, 22.75, 22.66, 9999.0, 9999.0, 9999.0, 23.52, 9999.0, 21.98, 9999.0, 22.57, 22.36, 22.23, 22.25, 22.25
2026-09-08, 06:09:17, 22.25, 22.3, 22.75, 22.68, 9999.0, 9999.0, 9999.0, 23.48, 9999.0, 21.98, 9999.0, 22.59, 22.34, 22.25, 22.25, 22.25
2026-09-08, 06:09:21, 22.25, 22.32, 22.73, 22.68, 9999.0, 9999.0, 9999.0, 23.43, 9999.0, 22.0, 9999.0, 22.59, 22.36, 22.25, 22.25, 22.25
2026-09-08, 06:09:25, 22.25, 22.34, 22.73, 22.7, 9999.0, 9999.0, 9999.0, 23.41, 9999.0, 22.02, 9999.0, 22.59, 22.36, 22.25, 22.25, 22.25
2026-09-08, 06:09:29, 22.25, 22.34, 22.73, 22.73, 9999.0, 9999.0, 9999.0, 23.39, 9999.0, 22.05, 9999.0, 22.61, 22.39, 22.25, 22.25, 22.25
2026-09-08, 06:09:33, 22.25, 22.34, 22.7, 22.73, 9999.0, 9999.0, 9999.0, 23.36, 9999.0, 22.07, 9999.0, 22.64, 22.41, 22.25, 22.25, 22.25
2026-09-08, 06:09:37, 22.25, 22.34, 22.7, 22.75, 9999.0, 9999.0, 9999.0, 23.39, 9999.0, 22.07, 9999.0, 22.66, 22.43, 22.25, 22.25, 22.25
2026-09-08, 06:09:41, 22.25, 22.34, 22.7, 22.75, 9999.0, 9999.0, 9999.0, 23.43, 9999.0, 22.09, 9999.0, 22.68, 22.43, 22.25, 22.25, 22.25
2026-09-08, 06:09:45, 22.25, 22.34, 22.7, 22.75, 9999.0, 9999.0, 9999.0, 23.45, 9999.0, 22.11, 9999.0, 22.66, 22.45, 22.25, 22.25, 22.25
2026-09-08, 06:09:49, 22.25, 22.34, 22.7, 22.75, 9999.0, 9999.0, 9999.0, 23.48, 9999.0, 22.11, 9999.0, 22.66, 22.48, 22.25, 22.25, 22.25
2026-09-08, 06:09:53, 22.25, 22.34, 22.7, 22.75, 9999.0, 9999.0, 9999.0, 23.52, 9999.0, 22.14, 9999.0, 22.64, 22.45, 22.25, 22.25, 22.25
2026-09-08, 06:09:57, 22.25, 22.32, 22.7, 22.75, 9999.0, 9999.0, 9999.0, 23.57, 9999.0, 22.14, 9999.0, 22.61, 22.43, 22.25, 22.25, 22.25
2026-09-08, 06:10:01, 22.25, 22.3, 22.68, 22.75, 9999.0, 9999.0, 9999.0, 23.61, 9999.0, 22.14, 9999.0, 22.59, 22.43, 22.25, 22.25, 22.25
2026-09-08, 06:10:05, 22.25, 22.27, 22.7, 22.75, 9999.0, 9999.0, 9999.0, 23.66, 9999.0, 22.11, 9999.0, 22.59, 22.41, 22.25, 22.25, 22.25
2026-09-08, 06:10:09, 22.25, 22.25, 22.7, 22.73, 9999.0, 9999.0, 9999.0, 23.7, 9999.0, 22.09, 9999.0, 22.59, 22.41, 22.25, 22.25, 22.25
2026-09-08, 06:10:13, 22.25, 22.25, 22.7, 22.73, 9999.0, 9999.0, 9999.0, 23.75, 9999.0, 22.07, 9999.0, 22.59, 22.39, 22.25, 22.25, 22.27
2026-09-08, 06:10:17, 22.25, 22.25, 22.73, 22.73, 9999.0, 9999.0, 9999.0, 23.77, 9999.0, 22.05, 9999.0, 22.59, 22.36, 22.25, 22.25, 22.27
2026-09-08, 06:10:21, 22.25, 22.25, 22.73, 22.73, 9999.0, 9999.0, 9999.0, 23.73, 9999.0, 22.05, 9999.0, 22.59, 22.34, 22.25, 22.25, 22.27
2026-09-08, 06:10:25, 22.25, 22.25, 22.73, 22.73, 9999.0, 9999.0, 9999.0, 23.68, 9999.0, 22.02, 9999.0, 22.59, 22.34, 22.25, 22.25, 22.27
2026-09-08, 06:10:29, 22.25, 22.25, 22.73, 22.73, 9999.0, 9999.0, 9999.0, 23.66, 9999.0, 22.0, 9999.0, 22.61, 22.32, 22.25, 22.25, 22.27
2026-09-08, 06:10:33, 22.25, 22.25, 22.73, 22.73, 9999.0, 9999.0, 9999.0, 23.64, 9999.0, 22.02, 9999.0, 22.64, 22.32, 22.25, 22.25, 22.27
2026-09-08, 06:10:37, 22.25, 22.25, 22.73, 22.73, 9999.0, 9999.0, 9999.0, 23.61, 9999.0, 22.02, 9999.0, 22.66, 22.34, 22.25, 22.25, 22.27
2026-09-08, 06:10:41, 22.25, 22.25, 22.73, 22.73, 9999.0, 9999.0, 9999.0, 23.57, 9999.0, 22.05, 9999.0, 22.68, 22.36, 22.25, 22.25, 22.27
2026-09-08, 06:10:45, 22.25, 22.25, 22.75, 22.73, 9999.0, 9999.0, 9999.0, 23.52, 9999.0, 22.07, 9999.0, 22.7, 22.39, 22.25, 22.25, 22.27
2026-09-08, 06:10:49, 22.25, 22.25, 22.75, 22.73, 9999.0, 9999.0, 9999.0, 23.48, 9999.0, 22.09, 9999.0, 22.73, 22.41, 22.25, 22.25, 22.27
2026-09-08, 06:10:53, 22.25, 22.27, 22.75, 22.75, 9999.0, 9999.0, 9999.0, 23.43, 9999.0, 22.11, 9999.0, 22.75, 22.41, 22.25, 22.25, 22.27
2026-09-08, 06:10:57, 22.25, 22.27, 22.75, 22.75, 9999.0, 9999.0, 9999.0, 23.45, 9999.0, 22.11, 9999.0, 22.73, 22.43, 22.25, 22.25, 22.25
2026-09-08, 06:11:01, 22.25, 22.27, 22.75, 22.75, 9999.0, 9999.0, 9999.0, 23.5, 9999.0, 22.14, 9999.0, 22.7, 22.45, 22.25, 22.25, 22.25
2026-09-08, 06:11:05, 22.25, 22.27, 22.75, 22.75, 9999.0, 9999.0, 9999.0, 23.55, 9999.0, 22.16, 9999.0, 22.68, 22.48, 22.25, 22.25, 22.25
2026-09-08, 06:11:09, 22.25, 22.27, 22.75, 22.75, 9999.0, 9999.0, 9999.0, 23.57, 9999.0, 22.18, 9999.0, 22.66, 22.48, 22.25, 22.25, 22.25
2026-09-08, 06:11:13, 22.25, 22.3, 22.75, 22.75, 9999.0, 9999.0, 9999.0, 23.59, 9999.0, 22.2, 9999.0, 22.64, 22.5, 22.25, 22.25, 22.25
2026-09-08, 06:11:17, 22.25, 22.3, 22.75, 22.75, 9999.0, 9999.0, 9999.0, 23.59, 9999.0, 22.2, 9999.0, 22.61, 22.5, 22.25, 22.25, 22.25
2026-09-08, 06:11:22, 22.25, 22.32, 22.75, 22.75, 9999.0, 9999.0, 9999.0, 23.59, 9999.0, 22.2, 9999.0, 22.59, 22.48, 22.25, 22.25, 22.25
2026-09-08, 06:11:26, 22.25, 22.32, 22.75, 22.75, 9999.0, 9999.0, 9999.0, 23.64, 9999.0, 22.18, 9999.0, 22.57, 22.48, 22.25, 22.25, 22.25
2026-09-08, 06:11:30, 22.25, 22.32, 22.75, 22.75, 9999.0, 9999.0, 9999.0, 23.66, 9999.0, 22.16, 9999.0, 22.55, 22.45, 22.25, 22.25, 22.25
2026-09-08, 06:11:34, 22.25, 22.34, 22.75, 22.75, 9999.0, 9999.0, 9999.0, 23.68, 9999.0, 22.14, 9999.0, 22.52, 22.45, 22.25, 22.25, 22.25
2026-09-08, 06:11:38, 22.25, 22.32, 22.75, 22.75, 9999.0, 9999.0, 9999.0, 23.7, 9999.0, 22.11, 9999.0, 22.52, 22.43, 22.25, 22.25, 22.25
2026-09-08, 06:11:42, 22.25, 22.32, 22.75, 22.75, 9999.0, 9999.0, 9999.0, 23.66, 9999.0, 22.11, 9999.0, 22.55, 22.43, 22.25, 22.25, 22.25
2026-09-08, 06:11:46, 22.25, 22.32, 22.75, 22.75, 9999.0, 9999.0, 9999.0, 23.61, 9999.0, 22.09, 9999.0, 22.57, 22.43, 22.25, 22.25, 22.25
2026-09-08, 06:11:50, 22.25, 22.32, 22.75, 22.75, 9999.0, 9999.0, 9999.0, 23.57, 9999.0, 22.07, 9999.0, 22.59, 22.43, 22.25, 22.25, 22.25
2026-09-08, 06:11:54, 22.25, 22.32, 22.73, 22.75, 9999.0, 9999.0, 9999.0, 23.55, 9999.0, 22.07, 9999.0, 22.61, 22.43, 22.25, 22.25, 22.25
2026-09-08, 06:11:58, 22.25, 22.3, 22.73, 22.75, 9999.0, 9999.0, 9999.0, 23.52, 9999.0, 22.07, 9999.0, 22.64, 22.43, 22.25, 22.25, 22.25
2026-09-08, 06:12:02, 22.25, 22.3, 22.73, 22.75, 9999.0, 9999.0, 9999.0, 23.5, 9999.0, 22.07, 9999.0, 22.66, 22.43, 22.25, 22.25, 22.25
2026-09-08, 06:12:06, 22.25, 22.3, 22.73, 22.75, 9999.0, 9999.0, 9999.0, 23.48, 9999.0, 22.11, 9999.0, 22.68, 22.45, 22.25, 22.25, 22.25
2026-09-08, 06:12:10, 22.25, 22.3, 22.73, 22.75, 9999.0, 9999.0, 9999.0, 23.43, 9999.0, 22.16, 9999.0, 22.68, 22.43, 22.23, 22.25, 22.25
2026-09-08, 06:12:14, 22.25, 22.3, 22.73, 22.75, 9999.0, 9999.0, 9999.0, 23.48, 9999.0, 22.2, 9999.0, 22.68, 22.45, 22.23, 22.25, 22.25
2026-09-08, 06:12:18, 22.25, 22.27, 22.73, 22.75, 9999.0, 9999.0, 9999.0, 23.52, 9999.0, 22.23, 9999.0, 22.68, 22.45, 22.2, 22.25, 22.25
2026-09-08, 06:12:22, 22.25, 22.27, 22.7, 22.75, 9999.0, 9999.0, 9999.0, 23.55, 9999.0, 22.25, 9999.0, 22.66, 22.48, 22.2, 22.25, 22.25
2026-09-08, 06:12:26, 22.25, 22.27, 22.7, 22.75, 9999.0, 9999.0, 9999.0, 23.59, 9999.0, 22.27, 9999.0, 22.64, 22.48, 22.2, 22.25, 22.25
2026-09-08, 06:12:30, 22.25, 22.27, 22.7, 22.75, 9999.0, 9999.0, 9999.0, 23.61, 9999.0, 22.3, 9999.0, 22.61, 22.48, 22.2, 22.25, 22.25
2026-09-08, 06:12:34, 22.25, 22.27, 22.7, 22.75, 9999.0, 9999.0, 9999.0, 23.64, 9999.0, 22.32, 9999.0, 22.59, 22.48, 22.2, 22.25, 22.25
2026-09-08, 06:12:38, 22.25, 22.27, 22.73, 22.75, 9999.0, 9999.0, 9999.0, 23.66, 9999.0, 22.32, 9999.0, 22.57, 22.45, 22.2, 22.25, 22.25
2026-09-08, 06:12:42, 22.25, 22.27, 22.73, 22.75, 9999.0, 9999.0, 9999.0, 23.68, 9999.0, 22.32, 9999.0, 22.55, 22.43, 22.2, 22.25, 22.25
2026-09-08, 06:12:46, 22.25, 22.27, 22.73, 22.75, 9999.0, 9999.0, 9999.0, 23.73, 9999.0, 22.32, 9999.0, 22.52, 22.41, 22.2, 22.25, 22.25
2026-09-08, 06:12:50, 22.25, 22.25, 22.73, 22.75, 9999.0, 9999.0, 9999.0, 23.77, 9999.0, 22.3, 9999.0, 22.52, 22.39, 22.2, 22.25, 22.25
2026-09-08, 06:12:54, 22.25, 22.25, 22.73, 22.75, 9999.0, 9999.0, 9999.0, 23.8, 9999.0, 22.27, 9999.0, 22.52, 22.39, 22.23, 22.25, 22.25
2026-09-08, 06:12:58, 22.25, 22.25, 22.73, 22.75, 9999.0, 9999.0, 9999.0, 23.75, 9999.0, 22.25, 9999.0, 22.55, 22.39, 22.23, 22.25, 22.25
2026-09-08, 06:13:02, 22.25, 22.27, 22.73, 22.75, 9999.0, 9999.0, 9999.0, 23.7, 9999.0, 22.25, 9999.0, 22.57, 22.39, 22.25, 22.25, 22.25
2026-09-08, 06:13:06, 22.25, 22.27, 22.75, 22.75, 9999.0, 9999.0, 9999.0, 23.68, 9999.0, 22.25, 9999.0, 22.59, 22.39, 22.25, 22.25, 22.25
2026-09-08, 06:13:10, 22.25, 22.27, 22.75, 22.75, 9999.0, 9999.0, 9999.0, 23.64, 9999.0, 22.27, 9999.0, 22.61, 22.39, 22.25, 22.25, 22.25
2026-09-08, 06:13:14, 22.25, 22.27, 22.75, 22.75, 9999.0, 9999.0, 9999.0, 23.61, 9999.0, 22.3, 9999.0, 22.64, 22.39, 22.23, 22.25, 22.25
2026-09-08, 06:13:18, 22.25, 22.27, 22.75, 22.75, 9999.0, 9999.0, 9999.0, 23.57, 9999.0, 22.32, 9999.0, 22.66, 22.39, 22.23, 22.25, 22.25
2026-09-08, 06:13:22, 22.25, 22.27, 22.75, 22.75, 9999.0, 9999.0, 9999.0, 23.52, 9999.0, 22.34, 9999.0, 22.68, 22.41, 22.23, 22.25, 22.25
2026-09-08, 06:13:26, 22.25, 22.3, 22.75, 22.75, 9999.0, 9999.0, 9999.0, 23.48, 9999.0, 22.36, 9999.0, 22.7, 22.43, 22.23, 22.25, 22.25
2026-09-08, 06:13:30, 22.25, 22.3, 22.75, 22.75, 9999.0, 9999.0, 9999.0, 23.5, 9999.0, 22.39, 9999.0, 22.7, 22.45, 22.23, 22.25, 22.25
2026-09-08, 06:13:34, 22.25, 22.3, 22.75, 22.75, 9999.0, 9999.0, 9999.0, 23.52, 9999.0, 22.41, 9999.0, 22.68, 22.48, 22.23, 22.25, 22.25
2026-09-08, 06:13:38, 22.25, 22.3, 22.75, 22.75, 9999.0, 9999.0, 9999.0, 23.57, 9999.0, 22.43, 9999.0, 22.68, 22.5, 22.23, 22.25, 22.25
2026-09-08, 06:13:42, 22.25, 22.32, 22.75, 22.75, 9999.0, 9999.0, 9999.0, 23.61, 9999.0, 22.45, 9999.0, 22.66, 22.5, 22.23, 22.25, 22.25
2026-09-08, 06:13:46, 22.25, 22.3, 22.75, 22.75, 9999.0, 9999.0, 9999.0, 23.64, 9999.0, 22.48, 9999.0, 22.64, 22.5, 22.23, 22.25, 22.25
2026-09-08, 06:13:50, 22.25, 22.3, 22.75, 22.75, 9999.0, 9999.0, 9999.0, 23.66, 9999.0, 22.5, 9999.0, 22.61, 22.5, 22.23, 22.25, 22.25
2026-09-08, 06:13:54, 22.25, 22.32, 22.75, 22.75, 9999.0, 9999.0, 9999.0, 23.68, 9999.0, 22.48, 9999.0, 22.59, 22.5, 22.23, 22.25, 22.25
2026-09-08, 06:13:58, 22.25, 22.32, 22.75, 22.75, 9999.0, 9999.0, 9999.0, 23.7, 9999.0, 22.45, 9999.0, 22.57, 22.48, 22.25, 22.25, 22.25
2026-09-08, 06:14:02, 22.25, 22.32, 22.75, 22.75, 9999.0, 9999.0, 9999.0, 23.75, 9999.0, 22.43, 9999.0, 22.55, 22.48, 22.25, 22.25, 22.25
2026-09-08, 06:14:06, 22.25, 22.32, 22.75, 22.75, 9999.0, 9999.0, 9999.0, 23.8, 9999.0, 22.41, 9999.0, 22.52, 22.48, 22.25, 22.25, 22.25
2026-09-08, 06:14:10, 22.25, 22.3, 22.75, 22.75, 9999.0, 9999.0, 9999.0, 23.84, 9999.0, 22.39, 9999.0, 22.5, 22.48, 22.25, 22.25, 22.25
2026-09-08, 06:14:14, 22.25, 22.3, 22.75, 22.75, 9999.0, 9999.0, 9999.0, 23.82, 9999.0, 22.36, 9999.0, 22.52, 22.48, 22.25, 22.25, 22.25
2026-09-08, 06:14:18, 22.25, 22.3, 22.75, 22.75, 9999.0, 9999.0, 9999.0, 23.77, 9999.0, 22.34, 9999.0, 22.55, 22.48, 22.25, 22.25, 22.25
2026-09-08, 06:14:22, 22.25, 22.3, 22.75, 22.75, 9999.0, 9999.0, 9999.0, 23.73, 9999.0, 22.32, 9999.0, 22.57, 22.48, 22.23, 22.25, 22.25
2026-09-08, 06:14:26, 22.25, 22.3, 22.73, 22.75, 9999.0, 9999.0, 9999.0, 23.68, 9999.0, 22.32, 9999.0, 22.59, 22.48, 22.23, 22.25, 22.25
2026-09-08, 06:14:30, 22.25, 22.3, 22.73, 22.75, 9999.0, 9999.0, 9999.0, 23.66, 9999.0, 22.32, 9999.0, 22.61, 22.48, 22.23, 22.25, 22.25
2026-09-08, 06:14:34, 22.25, 22.3, 22.7, 22.75, 9999.0, 9999.0, 9999.0, 23.64, 9999.0, 22.32, 9999.0, 22.64, 22.48, 22.23, 22.25, 22.25
2026-09-08, 06:14:38, 22.25, 22.27, 22.7, 22.75, 9999.0, 9999.0, 9999.0, 23.61, 9999.0, 22.34, 9999.0, 22.66, 22.48, 22.23, 22.25, 22.25
2026-09-08, 06:14:42, 22.25, 22.27, 22.7, 22.75, 9999.0, 9999.0, 9999.0, 23.57, 9999.0, 22.36, 9999.0, 22.68, 22.5, 22.23, 22.25, 22.25
2026-09-08, 06:14:46, 22.25, 22.27, 22.7, 22.75, 9999.0, 9999.0, 9999.0, 23.59, 9999.0, 22.39, 9999.0, 22.68, 22.5, 22.23, 22.25, 22.25
2026-09-08, 06:14:50, 22.25, 22.27, 22.7, 22.75, 9999.0, 9999.0, 9999.0, 23.61, 9999.0, 22.41, 9999.0, 22.68, 22.5, 22.23, 22.25, 22.25
2026-09-08, 06:14:54, 22.25, 22.27, 22.7, 22.75, 9999.0, 9999.0, 9999.0, 23.64, 9999.0, 22.43, 9999.0, 22.68, 22.5, 22.23, 22.25, 22.25
2026-09-08, 06:14:58, 22.25, 22.27, 22.7, 22.75, 9999.0, 9999.0, 9999.0, 23.64, 9999.0, 22.45, 9999.0, 22.66, 22.48, 22.2, 22.25, 22.25
2026-09-08, 06:15:02, 22.25, 22.27, 22.7, 22.75, 9999.0, 9999.0, 9999.0, 23.66, 9999.0, 22.48, 9999.0, 22.64, 22.48, 22.2, 22.25, 22.25
2026-09-08, 06:15:07, 22.25, 22.27, 22.7, 22.75, 9999.0, 9999.0, 9999.0, 23.68, 9999.0, 22.5, 9999.0, 22.61, 22.48, 22.23, 22.25, 22.25
2026-09-08, 06:15:11, 22.25, 22.25, 22.73, 22.75, 9999.0, 9999.0, 9999.0, 23.7, 9999.0, 22.48, 9999.0, 22.59, 22.48, 22.23, 22.25, 22.25
2026-09-08, 06:15:15, 22.25, 22.27, 22.73, 22.75, 9999.0, 9999.0, 9999.0, 23.73, 9999.0, 22.45, 9999.0, 22.57, 22.45, 22.2, 22.25, 22.25
2026-09-08, 06:15:19, 22.25, 22.27, 22.75, 22.75, 9999.0, 9999.0, 9999.0, 23.77, 9999.0, 22.43, 9999.0, 22.55, 22.45, 22.2, 22.25, 22.25
2026-09-08, 06:15:23, 22.25, 22.27, 22.75, 22.75, 9999.0, 9999.0, 9999.0, 23.8, 9999.0, 22.41, 9999.0, 22.52, 22.45, 22.2, 22.25, 22.25
2026-09-08, 06:15:27, 22.25, 22.3, 22.75, 22.75, 9999.0, 9999.0, 9999.0, 23.84, 9999.0, 22.39, 9999.0, 22.5, 22.43, 22.2, 22.25, 22.25
2026-09-08, 06:15:31, 22.25, 22.3, 22.75, 22.75, 9999.0, 9999.0, 9999.0, 23.8, 9999.0, 22.36, 9999.0, 22.5, 22.43, 22.2, 22.25, 22.25
2026-09-08, 06:15:35, 22.25, 22.3, 22.75, 22.75, 9999.0, 9999.0, 9999.0, 23.75, 9999.0, 22.34, 9999.0, 22.52, 22.43, 22.2, 22.25, 22.25
2026-09-08, 06:15:39, 22.25, 22.32, 22.75, 22.75, 9999.0, 9999.0, 9999.0, 23.7, 9999.0, 22.34, 9999.0, 22.55, 22.43, 22.2, 22.25, 22.25
2026-09-08, 06:15:43, 22.25, 22.32, 22.75, 22.75, 9999.0, 9999.0, 9999.0, 23.68, 9999.0, 22.32, 9999.0, 22.57, 22.45, 22.23, 22.25, 22.25
2026-09-08, 06:15:47, 22.25, 22.32, 22.75, 22.75, 9999.0, 9999.0, 9999.0, 23.66, 9999.0, 22.32, 9999.0, 22.59, 22.45, 22.23, 22.25, 22.25
2026-09-08, 06:15:51, 22.25, 22.32, 22.75, 22.75, 9999.0, 9999.0, 9999.0, 23.64, 9999.0, 22.32, 9999.0, 22.61, 22.45, 22.23, 22.25, 22.25
2026-09-08, 06:15:55, 22.25, 22.32, 22.75, 22.75, 9999.0, 9999.0, 9999.0, 23.61, 9999.0, 22.36, 9999.0, 22.64, 22.45, 22.23, 22.25, 22.25
2026-09-08, 06:15:59, 22.25, 22.3, 22.75, 22.75, 9999.0, 9999.0, 9999.0, 23.59, 9999.0, 22.41, 9999.0, 22.64, 22.48, 22.23, 22.25, 22.25
2026-09-08, 06:16:03, 22.25, 22.3, 22.75, 22.75, 9999.0, 9999.0, 9999.0, 23.55, 9999.0, 22.45, 9999.0, 22.66, 22.48, 22.23, 22.25, 22.25
2026-09-08, 06:16:07, 22.25, 22.3, 22.75, 22.75, 9999.0, 9999.0, 9999.0, 23.59, 9999.0, 22.48, 9999.0, 22.66, 22.48, 22.23, 22.25, 22.25
2026-09-08, 06:16:11, 22.25, 22.27, 22.75, 22.75, 9999.0, 9999.0, 9999.0, 23.61, 9999.0, 22.5, 9999.0, 22.66, 22.5, 22.23, 22.25, 22.25
2026-09-08, 06:16:15, 22.25, 22.27, 22.75, 22.75, 9999.0, 9999.0, 9999.0, 23.66, 9999.0, 22.52, 9999.0, 22.66, 22.5, 22.23, 22.25, 22.25
2026-09-08, 06:16:19, 22.25, 22.27, 22.75, 22.75, 9999.0, 9999.0, 9999.0, 23.7, 9999.0, 22.55, 9999.0, 22.64, 22.5, 22.23, 22.25, 22.25
2026-09-08, 06:16:23, 22.25, 22.25, 22.75, 22.75, 9999.0, 9999.0, 9999.0, 23.75, 9999.0, 22.55, 9999.0, 22.61, 22.5, 22.23, 22.25, 22.25
2026-09-08, 06:16:27, 22.25, 22.25, 22.75, 22.75, 9999.0, 9999.0, 9999.0, 23.8, 9999.0, 22.57, 9999.0, 22.59, 22.5, 22.23, 22.25, 22.25
2026-09-08, 06:16:31, 22.25, 22.25, 22.75, 22.75, 9999.0, 9999.0, 9999.0, 23.82, 9999.0, 22.57, 9999.0, 22.57, 22.48, 22.23, 22.25, 22.25
2026-09-08, 06:16:35, 22.25, 22.25, 22.75, 22.75, 9999.0, 9999.0, 9999.0, 23.84, 9999.0, 22.57, 9999.0, 22.55, 22.45, 22.23, 22.25, 22.25
2026-09-08, 06:16:39, 22.25, 22.25, 22.75, 22.75, 9999.0, 9999.0, 9999.0, 23.86, 9999.0, 22.55, 9999.0, 22.52, 22.45, 22.23, 22.25, 22.25
2026-09-08, 06:16:43, 22.25, 22.25, 22.75, 22.75, 9999.0, 9999.0, 9999.0, 23.89, 9999.0, 22.52, 9999.0, 22.55, 22.45, 22.25, 22.25, 22.25
2026-09-08, 06:16:47, 22.25, 22.25, 22.75, 22.75, 9999.0, 9999.0, 9999.0, 23.91, 9999.0, 22.48, 9999.0, 22.52, 22.43, 22.25, 22.25, 22.25
2026-09-08, 06:16:51, 22.25, 22.27, 22.75, 22.75, 9999.0, 9999.0, 9999.0, 23.86, 9999.0, 22.45, 9999.0, 22.55, 22.41, 22.25, 22.25, 22.25
2026-09-08, 06:16:55, 22.25, 22.27, 22.75, 22.75, 9999.0, 9999.0, 9999.0, 23.82, 9999.0, 22.45, 9999.0, 22.57, 22.41, 22.25, 22.25, 22.25
2026-09-08, 06:16:59, 22.25, 22.27, 22.75, 22.75, 9999.0, 9999.0, 9999.0, 23.8, 9999.0, 22.45, 9999.0, 22.59, 22.41, 22.25, 22.25, 22.25
2026-09-08, 06:17:03, 22.25, 22.27, 22.75, 22.75, 9999.0, 9999.0, 9999.0, 23.75, 9999.0, 22.45, 9999.0, 22.61, 22.41, 22.25, 22.25, 22.25
2026-09-08, 06:17:07, 22.25, 22.27, 22.75, 22.75, 9999.0, 9999.0, 9999.0, 23.7, 9999.0, 22.45, 9999.0, 22.64, 22.41, 22.25, 22.25, 22.25
2026-09-08, 06:17:11, 22.25, 22.3, 22.75, 22.75, 9999.0, 9999.0, 9999.0, 23.66, 9999.0, 22.48, 9999.0, 22.66, 22.41, 22.25, 22.25, 22.25
2026-09-08, 06:17:15, 22.25, 22.32, 22.75, 22.75, 9999.0, 9999.0, 9999.0, 23.64, 9999.0, 22.5, 9999.0, 22.68, 22.43, 22.25, 22.25, 22.25
2026-09-08, 06:17:19, 22.25, 22.32, 22.75, 22.75, 9999.0, 9999.0, 9999.0, 23.61, 9999.0, 22.52, 9999.0, 22.68, 22.45, 22.25, 22.25, 22.25
2026-09-08, 06:17:23, 22.25, 22.34, 22.75, 22.75, 9999.0, 9999.0, 9999.0, 23.66, 9999.0, 22.52, 9999.0, 22.68, 22.45, 22.25, 22.25, 22.25
2026-09-08, 06:17:27, 22.25, 22.34, 22.75, 22.75, 9999.0, 9999.0, 9999.0, 23.7, 9999.0, 22.52, 9999.0, 22.66, 22.45, 22.25, 22.25, 22.25
2026-09-08, 06:17:31, 22.25, 22.34, 22.75, 22.75, 9999.0, 9999.0, 9999.0, 23.75, 9999.0, 22.57, 9999.0, 22.66, 22.48, 22.25, 22.25, 22.25
2026-09-08, 06:17:35, 22.25, 22.32, 22.75, 22.75, 9999.0, 9999.0, 9999.0, 23.8, 9999.0, 22.59, 9999.0, 22.64, 22.5, 22.25, 22.25, 22.25
2026-09-08, 06:17:39, 22.25, 22.34, 22.75, 22.75, 9999.0, 9999.0, 9999.0, 23.84, 9999.0, 22.59, 9999.0, 22.61, 22.5, 22.25, 22.25, 22.25
2026-09-08, 06:17:43, 22.25, 22.36, 22.75, 22.75, 9999.0, 9999.0, 9999.0, 23.86, 9999.0, 22.59, 9999.0, 22.59, 22.5, 22.25, 22.25, 22.25
2026-09-08, 06:17:47, 22.25, 22.36, 22.75, 22.73, 9999.0, 9999.0, 9999.0, 23.91, 9999.0, 22.59, 9999.0, 22.57, 22.48, 22.25, 22.25, 22.25
2026-09-08, 06:17:51, 22.25, 22.39, 22.75, 22.7, 9999.0, 9999.0, 9999.0, 23.93, 9999.0, 22.59, 9999.0, 22.55, 22.48, 22.25, 22.25, 22.25
2026-09-08, 06:17:55, 22.25, 22.39, 22.75, 22.68, 9999.0, 9999.0, 9999.0, 23.98, 9999.0, 22.57, 9999.0, 22.52, 22.45, 22.25, 22.25, 22.25
2026-09-08, 06:17:59, 22.25, 22.39, 22.75, 22.66, 9999.0, 9999.0, 9999.0, 24.02, 9999.0, 22.55, 9999.0, 22.5, 22.43, 22.25, 22.25, 22.25
2026-09-08, 06:18:03, 22.25, 22.41, 22.75, 22.66, 9999.0, 9999.0, 9999.0, 24.07, 9999.0, 22.52, 9999.0, 22.5, 22.43, 22.25, 22.25, 22.25
2026-09-08, 06:18:07, 22.25, 22.41, 22.75, 22.66, 9999.0, 9999.0, 9999.0, 24.02, 9999.0, 22.52, 9999.0, 22.5, 22.41, 22.25, 22.25, 22.25
2026-09-08, 06:18:11, 22.25, 22.41, 22.75, 22.66, 9999.0, 9999.0, 9999.0, 23.98, 9999.0, 22.52, 9999.0, 22.52, 22.41, 22.25, 22.25, 22.25
2026-09-08, 06:18:15, 22.25, 22.41, 22.75, 22.66, 9999.0, 9999.0, 9999.0, 23.93, 9999.0, 22.5, 9999.0, 22.55, 22.41, 22.25, 22.25, 22.25
2026-09-08, 06:18:19, 22.25, 22.41, 22.75, 22.66, 9999.0, 9999.0, 9999.0, 23.86, 9999.0, 22.5, 9999.0, 22.57, 22.41, 22.25, 22.25, 22.25
2026-09-08, 06:18:23, 22.25, 22.39, 22.75, 22.66, 9999.0, 9999.0, 9999.0, 23.82, 9999.0, 22.5, 9999.0, 22.59, 22.41, 22.25, 22.25, 22.25
2026-09-08, 06:18:27, 22.25, 22.39, 22.75, 22.66, 9999.0, 9999.0, 9999.0, 23.77, 9999.0, 22.5, 9999.0, 22.61, 22.39, 22.25, 22.25, 22.25
2026-09-08, 06:18:31, 22.25, 22.41, 22.75, 22.68, 9999.0, 9999.0, 9999.0, 23.73, 9999.0, 22.52, 9999.0, 22.64, 22.41, 22.25, 22.25, 22.25
2026-09-08, 06:18:35, 22.25, 22.41, 22.75, 22.7, 9999.0, 9999.0, 9999.0, 23.7, 9999.0, 22.55, 9999.0, 22.66, 22.41, 22.25, 22.25, 22.25
2026-09-08, 06:18:39, 22.25, 22.39, 22.75, 22.73, 9999.0, 9999.0, 9999.0, 23.66, 9999.0, 22.57, 9999.0, 22.66, 22.43, 22.25, 22.25, 22.25
2026-09-08, 06:18:43, 22.25, 22.39, 22.75, 22.75, 9999.0, 9999.0, 9999.0, 23.68, 9999.0, 22.59, 9999.0, 22.66, 22.45, 22.25, 22.25, 22.25
2026-09-08, 06:18:47, 22.25, 22.39, 22.75, 22.75, 9999.0, 9999.0, 9999.0, 23.7, 9999.0, 22.61, 9999.0, 22.66, 22.45, 22.25, 22.25, 22.25
2026-09-08, 06:18:51, 22.25, 22.39, 22.75, 22.75, 9999.0, 9999.0, 9999.0, 23.75, 9999.0, 22.61, 9999.0, 22.66, 22.45, 22.25, 22.25, 22.25
2026-09-08, 06:18:56, 22.25, 22.41, 22.75, 22.75, 9999.0, 9999.0, 9999.0, 23.77, 9999.0, 22.61, 9999.0, 22.64, 22.43, 22.25, 22.25, 22.25
2026-09-08, 06:19:00, 22.25, 22.43, 22.75, 22.75, 9999.0, 9999.0, 9999.0, 23.8, 9999.0, 22.61, 9999.0, 22.61, 22.41, 22.25, 22.25, 22.25
2026-09-08, 06:19:04, 22.25, 22.43, 22.75, 22.75, 9999.0, 9999.0, 9999.0, 23.84, 9999.0, 22.61, 9999.0, 22.59, 22.41, 22.25, 22.25, 22.25
2026-09-08, 06:19:08, 22.25, 22.43, 22.75, 22.75, 9999.0, 9999.0, 9999.0, 23.89, 9999.0, 22.61, 9999.0, 22.57, 22.39, 22.23, 22.25, 22.25
2026-09-08, 06:19:12, 22.25, 22.43, 22.75, 22.75, 9999.0, 9999.0, 9999.0, 23.91, 9999.0, 22.61, 9999.0, 22.55, 22.39, 22.23, 22.25, 22.25
2026-09-08, 06:19:16, 22.25, 22.43, 22.75, 22.75, 9999.0, 9999.0, 9999.0, 23.95, 9999.0, 22.59, 9999.0, 22.52, 22.39, 22.2, 22.25, 22.25
2026-09-08, 06:19:20, 22.25, 22.41, 22.75, 22.75, 9999.0, 9999.0, 9999.0, 23.98, 9999.0, 22.57, 9999.0, 22.5, 22.36, 22.18, 22.25, 22.25
2026-09-08, 06:19:24, 22.25, 22.43, 22.75, 22.73, 9999.0, 9999.0, 9999.0, 24.0, 9999.0, 22.55, 9999.0, 22.5, 22.36, 22.16, 22.25, 22.25
2026-09-08, 06:19:28, 22.25, 22.41, 22.73, 22.7, 9999.0, 9999.0, 9999.0, 23.95, 9999.0, 22.52, 9999.0, 22.52, 22.36, 22.14, 22.25, 22.25
2026-09-08, 06:19:32, 22.25, 22.41, 22.7, 22.7, 9999.0, 9999.0, 9999.0, 23.91, 9999.0, 22.5, 9999.0, 22.55, 22.36, 22.14, 22.25, 22.25
2026-09-08, 06:19:36, 22.25, 22.41, 22.7, 22.7, 9999.0, 9999.0, 9999.0, 23.86, 9999.0, 22.5, 9999.0, 22.57, 22.39, 22.11, 22.25, 22.25
2026-09-08, 06:19:40, 22.25, 22.41, 22.68, 22.68, 9999.0, 9999.0, 9999.0, 23.84, 9999.0, 22.52, 9999.0, 22.59, 22.41, 22.11, 22.25, 22.25
2026-09-08, 06:19:44, 22.25, 22.41, 22.68, 22.66, 9999.0, 9999.0, 9999.0, 23.82, 9999.0, 22.52, 9999.0, 22.61, 22.41, 22.11, 22.25, 22.25
2026-09-08, 06:19:48, 22.25, 22.41, 22.68, 22.66, 9999.0, 9999.0, 9999.0, 23.77, 9999.0, 22.52, 9999.0, 22.61, 22.41, 22.11, 22.25, 22.25
2026-09-08, 06:19:52, 22.25, 22.41, 22.68, 22.64, 9999.0, 9999.0, 9999.0, 23.73, 9999.0, 22.55, 9999.0, 22.64, 22.43, 22.14, 22.25, 22.25
2026-09-08, 06:19:56, 22.25, 22.41, 22.68, 22.61, 9999.0, 9999.0, 9999.0, 23.7, 9999.0, 22.57, 9999.0, 22.64, 22.45, 22.14, 22.25, 22.25
2026-09-08, 06:20:00, 22.25, 22.39, 22.68, 22.59, 9999.0, 9999.0, 9999.0, 23.73, 9999.0, 22.59, 9999.0, 22.64, 22.45, 22.14, 22.25, 22.25
2026-09-08, 06:20:04, 22.25, 22.39, 22.68, 22.59, 9999.0, 9999.0, 9999.0, 23.77, 9999.0, 22.61, 9999.0, 22.64, 22.45, 22.14, 22.25, 22.25
2026-09-08, 06:20:08, 22.25, 22.39, 22.68, 22.61, 9999.0, 9999.0, 9999.0, 23.82, 9999.0, 22.64, 9999.0, 22.64, 22.45, 22.16, 22.25, 22.25
2026-09-08, 06:20:12, 22.25, 22.41, 22.7, 22.61, 9999.0, 9999.0, 9999.0, 23.86, 9999.0, 22.64, 9999.0, 22.61, 22.45, 22.16, 22.25, 22.25
2026-09-08, 06:20:16, 22.25, 22.39, 22.73, 22.59, 9999.0, 9999.0, 9999.0, 23.89, 9999.0, 22.66, 9999.0, 22.59, 22.43, 22.16, 22.25, 22.25
2026-09-08, 06:20:20, 22.25, 22.36, 22.73, 22.59, 9999.0, 9999.0, 9999.0, 23.91, 9999.0, 22.68, 9999.0, 22.57, 22.41, 22.18, 22.25, 22.25
2026-09-08, 06:20:24, 22.25, 22.34, 22.73, 22.61, 9999.0, 9999.0, 9999.0, 23.93, 9999.0, 22.66, 9999.0, 22.55, 22.41, 22.18, 22.25, 22.25
2026-09-08, 06:20:28, 22.25, 22.34, 22.73, 22.64, 9999.0, 9999.0, 9999.0, 23.95, 9999.0, 22.66, 9999.0, 22.52, 22.41, 22.18, 22.25, 22.25
2026-09-08, 06:20:32, 22.25, 22.34, 22.73, 22.64, 9999.0, 9999.0, 9999.0, 24.0, 9999.0, 22.66, 9999.0, 22.52, 22.41, 22.16, 22.25, 22.25
2026-09-08, 06:20:36, 22.25, 22.34, 22.73, 22.64, 9999.0, 9999.0, 9999.0, 24.05, 9999.0, 22.64, 9999.0, 22.5, 22.39, 22.16, 22.25, 22.25
2026-09-08, 06:20:40, 22.25, 22.32, 22.73, 22.64, 9999.0, 9999.0, 9999.0, 24.09, 9999.0, 22.61, 9999.0, 22.5, 22.36, 22.14, 22.25, 22.25
2026-09-08, 06:20:44, 22.25, 22.32, 22.73, 22.64, 9999.0, 9999.0, 9999.0, 24.05, 9999.0, 22.59, 9999.0, 22.52, 22.34, 22.16, 22.25, 22.25
2026-09-08, 06:20:48, 22.25, 22.32, 22.73, 22.61, 9999.0, 9999.0, 9999.0, 24.0, 9999.0, 22.57, 9999.0, 22.55, 22.36, 22.18, 22.25, 22.25
2026-09-08, 06:20:52, 22.25, 22.32, 22.73, 22.61, 9999.0, 9999.0, 9999.0, 23.95, 9999.0, 22.55, 9999.0, 22.57, 22.34, 22.18, 22.25, 22.25
2026-09-08, 06:20:56, 22.25, 22.3, 22.73, 22.64, 9999.0, 9999.0, 9999.0, 23.91, 9999.0, 22.55, 9999.0, 22.59, 22.34, 22.2, 22.25, 22.25
2026-09-08, 06:21:00, 22.25, 22.3, 22.73, 22.64, 9999.0, 9999.0, 9999.0, 23.89, 9999.0, 22.55, 9999.0, 22.61, 22.34, 22.2, 22.25, 22.25
2026-09-08, 06:21:04, 22.25, 22.3, 22.7, 22.61, 9999.0, 9999.0, 9999.0, 23.86, 9999.0, 22.52, 9999.0, 22.64, 22.36, 22.18, 22.25, 22.25
2026-09-08, 06:21:08, 22.25, 22.3, 22.7, 22.61, 9999.0, 9999.0, 9999.0, 23.82, 9999.0, 22.55, 9999.0, 22.64, 22.36, 22.18, 22.25, 22.25
2026-09-08, 06:21:12, 22.25, 22.27, 22.7, 22.61, 9999.0, 9999.0, 9999.0, 23.77, 9999.0, 22.57, 9999.0, 22.64, 22.39, 22.18, 22.25, 22.25
2026-09-08, 06:21:16, 22.25, 22.3, 22.7, 22.59, 9999.0, 9999.0, 9999.0, 23.73, 9999.0, 22.59, 9999.0, 22.64, 22.39, 22.2, 22.25, 22.25
2026-09-08, 06:21:20, 22.25, 22.32, 22.7, 22.59, 9999.0, 9999.0, 9999.0, 23.75, 9999.0, 22.61, 9999.0, 22.64, 22.39, 22.2, 22.25, 22.25
2026-09-08, 06:21:24, 22.25, 22.32, 22.68, 22.59, 9999.0, 9999.0, 9999.0, 23.77, 9999.0, 22.64, 9999.0, 22.64, 22.41, 22.2, 22.25, 22.25
2026-09-08, 06:21:28, 22.25, 22.32, 22.66, 22.59, 9999.0, 9999.0, 9999.0, 23.82, 9999.0, 22.64, 9999.0, 22.61, 22.41, 22.2, 22.25, 22.25
2026-09-08, 06:21:32, 22.25, 22.32, 22.64, 22.61, 9999.0, 9999.0, 9999.0, 23.84, 9999.0, 22.64, 9999.0, 22.59, 22.41, 22.2, 22.25, 22.25
2026-09-08, 06:21:36, 22.25, 22.3, 22.64, 22.61, 9999.0, 9999.0, 9999.0, 23.86, 9999.0, 22.64, 9999.0, 22.57, 22.41, 22.2, 22.25, 22.25
2026-09-08, 06:21:40, 22.25, 22.3, 22.64, 22.59, 9999.0, 9999.0, 9999.0, 23.89, 9999.0, 22.64, 9999.0, 22.55, 22.39, 22.2, 22.25, 22.25
2026-09-08, 06:21:44, 22.25, 22.3, 22.61, 22.59, 9999.0, 9999.0, 9999.0, 23.91, 9999.0, 22.61, 9999.0, 22.52, 22.39, 22.2, 22.25, 22.25
2026-09-08, 06:21:48, 22.25, 22.3, 22.64, 22.59, 9999.0, 9999.0, 9999.0, 23.93, 9999.0, 22.61, 9999.0, 22.5, 22.39, 22.23, 22.25, 22.25
2026-09-08, 06:21:52, 22.25, 22.3, 22.64, 22.59, 9999.0, 9999.0, 9999.0, 23.98, 9999.0, 22.59, 9999.0, 22.5, 22.36, 22.23, 22.25, 22.25
2026-09-08, 06:21:56, 22.25, 22.3, 22.61, 22.57, 9999.0, 9999.0, 9999.0, 24.02, 9999.0, 22.57, 9999.0, 22.5, 22.34, 22.23, 22.25, 22.25
2026-09-08, 06:22:00, 22.25, 22.3, 22.61, 22.57, 9999.0, 9999.0, 9999.0, 24.07, 9999.0, 22.55, 9999.0, 22.5, 22.32, 22.23, 22.25, 22.25
2026-09-08, 06:22:04, 22.25, 22.27, 22.61, 22.57, 9999.0, 9999.0, 9999.0, 24.05, 9999.0, 22.52, 9999.0, 22.52, 22.32, 22.23, 22.25, 22.25
2026-09-08, 06:22:08, 22.25, 22.27, 22.61, 22.59, 9999.0, 9999.0, 9999.0, 24.0, 9999.0, 22.5, 9999.0, 22.55, 22.3, 22.25, 22.25, 22.25
2026-09-08, 06:22:12, 22.25, 22.27, 22.64, 22.59, 9999.0, 9999.0, 9999.0, 23.95, 9999.0, 22.5, 9999.0, 22.57, 22.3, 22.25, 22.25, 22.25
2026-09-08, 06:22:16, 22.25, 22.27, 22.66, 22.57, 9999.0, 9999.0, 9999.0, 23.93, 9999.0, 22.5, 9999.0, 22.59, 22.3, 22.25, 22.25, 22.23
2026-09-08, 06:22:20, 22.25, 22.27, 22.66, 22.55, 9999.0, 9999.0, 9999.0, 23.91, 9999.0, 22.5, 9999.0, 22.61, 22.3, 22.25, 22.25, 22.23
2026-09-08, 06:22:24, 22.25, 22.27, 22.66, 22.55, 9999.0, 9999.0, 9999.0, 23.86, 9999.0, 22.5, 9999.0, 22.61, 22.3, 22.25, 22.25, 22.23
2026-09-08, 06:22:28, 22.25, 22.27, 22.66, 22.55, 9999.0, 9999.0, 9999.0, 23.82, 9999.0, 22.52, 9999.0, 22.61, 22.32, 22.25, 22.25, 22.23
2026-09-08, 06:22:32, 22.25, 22.27, 22.66, 22.55, 9999.0, 9999.0, 9999.0, 23.77, 9999.0, 22.55, 9999.0, 22.61, 22.32, 22.25, 22.25, 22.2
2026-09-08, 06:22:36, 22.25, 22.27, 22.68, 22.52, 9999.0, 9999.0, 9999.0, 23.8, 9999.0, 22.55, 9999.0, 22.61, 22.34, 22.25, 22.25, 22.2
2026-09-08, 06:22:40, 22.25, 22.27, 22.7, 22.55, 9999.0, 9999.0, 9999.0, 23.82, 9999.0, 22.55, 9999.0, 22.61, 22.34, 22.25, 22.25, 22.2
2026-09-08, 06:22:44, 22.25, 22.25, 22.68, 22.55, 9999.0, 9999.0, 9999.0, 23.84, 9999.0, 22.57, 9999.0, 22.61, 22.36, 22.23, 22.25, 22.18
2026-09-08, 06:22:49, 22.25, 22.25, 22.68, 22.55, 9999.0, 9999.0, 9999.0, 23.84, 9999.0, 22.57, 9999.0, 22.59, 22.39, 22.23, 22.25, 22.18
2026-09-08, 06:22:53, 22.25, 22.25, 22.68, 22.52, 9999.0, 9999.0, 9999.0, 23.86, 9999.0, 22.57, 9999.0, 22.57, 22.39, 22.23, 22.25, 22.18
2026-09-08, 06:22:57, 22.25, 22.25, 22.66, 22.52, 9999.0, 9999.0, 9999.0, 23.89, 9999.0, 22.57, 9999.0, 22.55, 22.39, 22.23, 22.25, 22.18
2026-09-08, 06:23:01, 22.25, 22.25, 22.66, 22.52, 9999.0, 9999.0, 9999.0, 23.91, 9999.0, 22.57, 9999.0, 22.52, 22.36, 22.2, 22.25, 22.2
2026-09-08, 06:23:05, 22.25, 22.25, 22.64, 22.52, 9999.0, 9999.0, 9999.0, 23.93, 9999.0, 22.57, 9999.0, 22.5, 22.36, 22.2, 22.25, 22.2
2026-09-08, 06:23:09, 22.25, 22.27, 22.64, 22.55, 9999.0, 9999.0, 9999.0, 23.98, 9999.0, 22.57, 9999.0, 22.5, 22.36, 22.2, 22.25, 22.18
2026-09-08, 06:23:13, 22.25, 22.27, 22.64, 22.55, 9999.0, 9999.0, 9999.0, 24.02, 9999.0, 22.55, 9999.0, 22.48, 22.34, 22.18, 22.25, 22.16
2026-09-08, 06:23:17, 22.25, 22.27, 22.61, 22.55, 9999.0, 9999.0, 9999.0, 24.07, 9999.0, 22.52, 9999.0, 22.48, 22.34, 22.18, 22.25, 22.18
2026-09-08, 06:23:21, 22.25, 22.27, 22.59, 22.57, 9999.0, 9999.0, 9999.0, 24.02, 9999.0, 22.52, 9999.0, 22.48, 22.32, 22.16, 22.25, 22.18
2026-09-08, 06:23:25, 22.25, 22.27, 22.59, 22.55, 9999.0, 9999.0, 9999.0, 23.98, 9999.0, 22.52, 9999.0, 22.5, 22.32, 22.16, 22.25, 22.16
2026-09-08, 06:23:29, 22.25, 22.27, 22.59, 22.55, 9999.0, 9999.0, 9999.0, 23.93, 9999.0, 22.48, 9999.0, 22.52, 22.32, 22.16, 22.25, 22.18
2026-09-08, 06:23:33, 22.25, 22.27, 22.57, 22.55, 9999.0, 9999.0, 9999.0, 23.91, 9999.0, 22.48, 9999.0, 22.55, 22.3, 22.16, 22.25, 22.16
2026-09-08, 06:23:37, 22.25, 22.27, 22.57, 22.55, 9999.0, 9999.0, 9999.0, 23.86, 9999.0, 22.48, 9999.0, 22.57, 22.3, 22.14, 22.25, 22.16
2026-09-08, 06:23:41, 22.25, 22.3, 22.59, 22.55, 9999.0, 9999.0, 9999.0, 23.82, 9999.0, 22.48, 9999.0, 22.59, 22.3, 22.14, 22.25, 22.16
2026-09-08, 06:23:45, 22.25, 22.3, 22.57, 22.55, 9999.0, 9999.0, 9999.0, 23.77, 9999.0, 22.5, 9999.0, 22.59, 22.3, 22.16, 22.25, 22.16
2026-09-08, 06:23:49, 22.25, 22.3, 22.59, 22.55, 9999.0, 9999.0, 9999.0, 23.73, 9999.0, 22.5, 9999.0, 22.59, 22.32, 22.16, 22.25, 22.16
2026-09-08, 06:23:53, 22.25, 22.3, 22.57, 22.52, 9999.0, 9999.0, 9999.0, 23.68, 9999.0, 22.52, 9999.0, 22.59, 22.34, 22.16, 22.25, 22.16
2026-09-08, 06:23:57, 22.25, 22.3, 22.57, 22.52, 9999.0, 9999.0, 9999.0, 23.73, 9999.0, 22.55, 9999.0, 22.61, 22.34, 22.16, 22.25, 22.18
2026-09-08, 06:24:01, 22.25, 22.3, 22.57, 22.52, 9999.0, 9999.0, 9999.0, 23.75, 9999.0, 22.55, 9999.0, 22.61, 22.34, 22.14, 22.25, 22.16
2026-09-08, 06:24:05, 22.25, 22.3, 22.57, 22.5, 9999.0, 9999.0, 9999.0, 23.77, 9999.0, 22.55, 9999.0, 22.61, 22.34, 22.14, 22.25, 22.14
2026-09-08, 06:24:09, 22.25, 22.3, 22.55, 22.5, 9999.0, 9999.0, 9999.0, 23.82, 9999.0, 22.55, 9999.0, 22.59, 22.34, 22.11, 22.25, 22.16
2026-09-08, 06:24:13, 22.25, 22.3, 22.57, 22.5, 9999.0, 9999.0, 9999.0, 23.86, 9999.0, 22.57, 9999.0, 22.57, 22.34, 22.11, 22.25, 22.16
2026-09-08, 06:24:17, 22.25, 22.3, 22.59, 22.5, 9999.0, 9999.0, 9999.0, 23.89, 9999.0, 22.57, 9999.0, 22.55, 22.34, 22.09, 22.25, 22.18
2026-09-08, 06:24:21, 22.25, 22.3, 22.59, 22.5, 9999.0, 9999.0, 9999.0, 23.93, 9999.0, 22.57, 9999.0, 22.52, 22.34, 22.09, 22.25, 22.18
2026-09-08, 06:24:25, 22.25, 22.27, 22.57, 22.5, 9999.0, 9999.0, 9999.0, 23.98, 9999.0, 22.57, 9999.0, 22.48, 22.34, 22.09, 22.25, 22.16
2026-09-08, 06:24:29, 22.25, 22.27, 22.57, 22.5, 9999.0, 9999.0, 9999.0, 24.0, 9999.0, 22.55, 9999.0, 22.48, 22.34, 22.09, 22.25, 22.14
2026-09-08, 06:24:33, 22.25, 22.3, 22.57, 22.5, 9999.0, 9999.0, 9999.0, 24.05, 9999.0, 22.55, 9999.0, 22.5, 22.32, 22.07, 22.25, 22.11
2026-09-08, 06:24:37, 22.25, 22.27, 22.57, 22.5, 9999.0, 9999.0, 9999.0, 24.07, 9999.0, 22.5, 9999.0, 22.52, 22.3, 22.05, 22.25, 22.14
2026-09-08, 06:24:41, 22.25, 22.27, 22.57, 22.5, 9999.0, 9999.0, 9999.0, 24.0, 9999.0, 22.45, 9999.0, 22.52, 22.3, 22.07, 22.25, 22.11
2026-09-08, 06:24:45, 22.25, 22.27, 22.57, 22.5, 9999.0, 9999.0, 9999.0, 23.95, 9999.0, 22.43, 9999.0, 22.55, 22.27, 22.09, 22.25, 22.14
2026-09-08, 06:24:49, 22.25, 22.27, 22.57, 22.52, 9999.0, 9999.0, 9999.0, 23.93, 9999.0, 22.41, 9999.0, 22.57, 22.3, 22.11, 22.25, 22.16
2026-09-08, 06:24:53, 22.25, 22.27, 22.59, 22.55, 9999.0, 9999.0, 9999.0, 23.89, 9999.0, 22.41, 9999.0, 22.59, 22.3, 22.14, 22.25, 22.16
2026-09-08, 06:24:57, 22.25, 22.27, 22.57, 22.57, 9999.0, 9999.0, 9999.0, 23.82, 9999.0, 22.41, 9999.0, 22.61, 22.27, 22.16, 22.25, 22.16
2026-09-08, 06:25:01, 22.25, 22.27, 22.55, 22.57, 9999.0, 9999.0, 9999.0, 23.77, 9999.0, 22.41, 9999.0, 22.64, 22.27, 22.18, 22.25, 22.16
2026-09-08, 06:25:05, 22.25, 22.27, 22.55, 22.57, 9999.0, 9999.0, 9999.0, 23.73, 9999.0, 22.41, 9999.0, 22.66, 22.3, 22.2, 22.25, 22.16
2026-09-08, 06:25:09, 22.25, 22.27, 22.55, 22.57, 9999.0, 9999.0, 9999.0, 23.68, 9999.0, 22.43, 9999.0, 22.7, 22.32, 22.18, 22.25, 22.18
2026-09-08, 06:25:13, 22.25, 22.27, 22.55, 22.57, 9999.0, 9999.0, 9999.0, 23.73, 9999.0, 22.43, 9999.0, 22.73, 22.34, 22.16, 22.25, 22.18
2026-09-08, 06:25:17, 22.25, 22.25, 22.52, 22.57, 9999.0, 9999.0, 9999.0, 23.75, 9999.0, 22.43, 9999.0, 22.7, 22.36, 22.18, 22.25, 22.2
2026-09-08, 06:25:21, 22.25, 22.25, 22.52, 22.57, 9999.0, 9999.0, 9999.0, 23.8, 9999.0, 22.45, 9999.0, 22.68, 22.36, 22.18, 22.25, 22.2
2026-09-08, 06:25:25, 22.25, 22.27, 22.52, 22.57, 9999.0, 9999.0, 9999.0, 23.82, 9999.0, 22.48, 9999.0, 22.68, 22.39, 22.16, 22.25, 22.23
2026-09-08, 06:25:29, 22.25, 22.27, 22.55, 22.57, 9999.0, 9999.0, 9999.0, 23.84, 9999.0, 22.5, 9999.0, 22.66, 22.39, 22.16, 22.23, 22.23
2026-09-08, 06:25:33, 22.25, 22.27, 22.55, 22.55, 9999.0, 9999.0, 9999.0, 23.86, 9999.0, 22.52, 9999.0, 22.64, 22.36, 22.14, 22.23, 22.2
2026-09-08, 06:25:37, 22.25, 22.27, 22.55, 22.52, 9999.0, 9999.0, 9999.0, 23.89, 9999.0, 22.52, 9999.0, 22.61, 22.36, 22.14, 22.23, 22.18
2026-09-08, 06:25:41, 22.25, 22.27, 22.57, 22.5, 9999.0, 9999.0, 9999.0, 23.91, 9999.0, 22.52, 9999.0, 22.59, 22.36, 22.11, 22.23, 22.16
2026-09-08, 06:25:45, 22.25, 22.27, 22.57, 22.5, 9999.0, 9999.0, 9999.0, 23.95, 9999.0, 22.52, 9999.0, 22.57, 22.36, 22.09, 22.23, 22.16
2026-09-08, 06:25:49, 22.25, 22.27, 22.57, 22.5, 9999.0, 9999.0, 9999.0, 24.0, 9999.0, 22.5, 9999.0, 22.55, 22.36, 22.09, 22.23, 22.16
2026-09-08, 06:25:53, 22.25, 22.3, 22.59, 22.5, 9999.0, 9999.0, 9999.0, 24.02, 9999.0, 22.45, 9999.0, 22.52, 22.34, 22.09, 22.23, 22.16
2026-09-08, 06:25:57, 22.25, 22.3, 22.59, 22.5, 9999.0, 9999.0, 9999.0, 23.98, 9999.0, 22.43, 9999.0, 22.5, 22.32, 22.09, 22.23, 22.16
2026-09-08, 06:26:01, 22.25, 22.3, 22.59, 22.5, 9999.0, 9999.0, 9999.0, 23.93, 9999.0, 22.41, 9999.0, 22.52, 22.3, 22.09, 22.23, 22.16
2026-09-08, 06:26:05, 22.25, 22.3, 22.59, 22.5, 9999.0, 9999.0, 9999.0, 23.89, 9999.0, 22.39, 9999.0, 22.55, 22.32, 22.09, 22.23, 22.16
2026-09-08, 06:26:09, 22.25, 22.3, 22.61, 22.52, 9999.0, 9999.0, 9999.0, 23.86, 9999.0, 22.36, 9999.0, 22.57, 22.32, 22.09, 22.23, 22.16
2026-09-08, 06:26:13, 22.25, 22.3, 22.61, 22.52, 9999.0, 9999.0, 9999.0, 23.82, 9999.0, 22.36, 9999.0, 22.59, 22.32, 22.09, 22.25, 22.16
2026-09-08, 06:26:17, 22.25, 22.3, 22.61, 22.52, 9999.0, 9999.0, 9999.0, 23.77, 9999.0, 22.36, 9999.0, 22.61, 22.32, 22.11, 22.23, 22.16
2026-09-08, 06:26:21, 22.25, 22.3, 22.59, 22.55, 9999.0, 9999.0, 9999.0, 23.73, 9999.0, 22.36, 9999.0, 22.61, 22.34, 22.11, 22.23, 22.18
2026-09-08, 06:26:25, 22.25, 22.32, 22.59, 22.55, 9999.0, 9999.0, 9999.0, 23.7, 9999.0, 22.39, 9999.0, 22.61, 22.36, 22.14, 22.23, 22.18
2026-09-08, 06:26:30, 22.25, 22.34, 22.61, 22.55, 9999.0, 9999.0, 9999.0, 23.66, 9999.0, 22.39, 9999.0, 22.64, 22.39, 22.16, 22.23, 22.18
2026-09-08, 06:26:34, 22.25, 22.34, 22.64, 22.55, 9999.0, 9999.0, 9999.0, 23.68, 9999.0, 22.41, 9999.0, 22.66, 22.36, 22.16, 22.23, 22.18
2026-09-08, 06:26:38, 22.25, 22.32, 22.64, 22.55, 9999.0, 9999.0, 9999.0, 23.7, 9999.0, 22.43, 9999.0, 22.66, 22.39, 22.18, 22.23, 22.18
2026-09-08, 06:26:42, 22.25, 22.32, 22.64, 22.55, 9999.0, 9999.0, 9999.0, 23.73, 9999.0, 22.43, 9999.0, 22.68, 22.39, 22.2, 22.23, 22.2
2026-09-08, 06:26:46, 22.25, 22.32, 22.64, 22.55, 9999.0, 9999.0, 9999.0, 23.75, 9999.0, 22.43, 9999.0, 22.66, 22.39, 22.18, 22.23, 22.2
2026-09-08, 06:26:50, 22.25, 22.32, 22.64, 22.55, 9999.0, 9999.0, 9999.0, 23.77, 9999.0, 22.43, 9999.0, 22.64, 22.36, 22.2, 22.23, 22.18
2026-09-08, 06:26:54, 22.25, 22.3, 22.61, 22.52, 9999.0, 9999.0, 9999.0, 23.8, 9999.0, 22.43, 9999.0, 22.61, 22.34, 22.23, 22.23, 22.16
2026-09-08, 06:26:58, 22.25, 22.3, 22.61, 22.52, 9999.0, 9999.0, 9999.0, 23.82, 9999.0, 22.41, 9999.0, 22.59, 22.34, 22.2, 22.23, 22.16
2026-09-08, 06:27:02, 22.25, 22.3, 22.61, 22.52, 9999.0, 9999.0, 9999.0, 23.84, 9999.0, 22.39, 9999.0, 22.57, 22.36, 22.2, 22.25, 22.18
2026-09-08, 06:27:06, 22.25, 22.3, 22.61, 22.5, 9999.0, 9999.0, 9999.0, 23.89, 9999.0, 22.36, 9999.0, 22.55, 22.34, 22.18, 22.25, 22.18
2026-09-08, 06:27:10, 22.25, 22.3, 22.61, 22.5, 9999.0, 9999.0, 9999.0, 23.91, 9999.0, 22.32, 9999.0, 22.57, 22.32, 22.18, 22.25, 22.18
2026-09-08, 06:27:14, 22.25, 22.27, 22.59, 22.52, 9999.0, 9999.0, 9999.0, 23.93, 9999.0, 22.3, 9999.0, 22.55, 22.32, 22.16, 22.25, 22.16
2026-09-08, 06:27:18, 22.25, 22.27, 22.59, 22.52, 9999.0, 9999.0, 9999.0, 23.89, 9999.0, 22.27, 9999.0, 22.55, 22.34, 22.16, 22.25, 22.16
2026-09-08, 06:27:22, 22.25, 22.27, 22.57, 22.52, 9999.0, 9999.0, 9999.0, 23.86, 9999.0, 22.25, 9999.0, 22.57, 22.34, 22.14, 22.25, 22.14
2026-09-08, 06:27:26, 22.25, 22.27, 22.57, 22.52, 9999.0, 9999.0, 9999.0, 23.82, 9999.0, 22.25, 9999.0, 22.57, 22.34, 22.11, 22.25, 22.14
2026-09-08, 06:27:30, 22.25, 22.27, 22.57, 22.52, 9999.0, 9999.0, 9999.0, 23.8, 9999.0, 22.27, 9999.0, 22.59, 22.34, 22.14, 22.25, 22.14
2026-09-08, 06:27:34, 22.25, 22.27, 22.57, 22.52, 9999.0, 9999.0, 9999.0, 23.77, 9999.0, 22.3, 9999.0, 22.59, 22.34, 22.14, 22.25, 22.16
2026-09-08, 06:27:38, 22.25, 22.27, 22.57, 22.55, 9999.0, 9999.0, 9999.0, 23.73, 9999.0, 22.32, 9999.0, 22.61, 22.36, 22.11, 22.25, 22.18
2026-09-08, 06:27:42, 22.25, 22.3, 22.55, 22.57, 9999.0, 9999.0, 9999.0, 23.7, 9999.0, 22.34, 9999.0, 22.64, 22.39, 22.14, 22.25, 22.18
2026-09-08, 06:27:46, 22.25, 22.3, 22.55, 22.57, 9999.0, 9999.0, 9999.0, 23.68, 9999.0, 22.36, 9999.0, 22.64, 22.39, 22.14, 22.25, 22.18
2026-09-08, 06:27:50, 22.25, 22.3, 22.55, 22.57, 9999.0, 9999.0, 9999.0, 23.7, 9999.0, 22.36, 9999.0, 22.68, 22.39, 22.14, 22.25, 22.18
2026-09-08, 06:27:54, 22.25, 22.27, 22.55, 22.57, 9999.0, 9999.0, 9999.0, 23.75, 9999.0, 22.39, 9999.0, 22.66, 22.41, 22.11, 22.25, 22.2
2026-09-08, 06:27:58, 22.25, 22.27, 22.55, 22.55, 9999.0, 9999.0, 9999.0, 23.77, 9999.0, 22.39, 9999.0, 22.66, 22.39, 22.14, 22.25, 22.23
2026-09-08, 06:28:02, 22.25, 22.3, 22.52, 22.55, 9999.0, 9999.0, 9999.0, 23.82, 9999.0, 22.39, 9999.0, 22.64, 22.36, 22.11, 22.25, 22.23
2026-09-08, 06:28:06, 22.25, 22.3, 22.52, 22.55, 9999.0, 9999.0, 9999.0, 23.84, 9999.0, 22.39, 9999.0, 22.61, 22.34, 22.11, 22.25, 22.25
2026-09-08, 06:28:10, 22.25, 22.3, 22.52, 22.57, 9999.0, 9999.0, 9999.0, 23.89, 9999.0, 22.39, 9999.0, 22.59, 22.34, 22.14, 22.25, 22.25
2026-09-08, 06:28:14, 22.25, 22.32, 22.52, 22.57, 9999.0, 9999.0, 9999.0, 23.91, 9999.0, 22.36, 9999.0, 22.57, 22.34, 22.14, 22.25, 22.25
2026-09-08, 06:28:18, 22.25, 22.32, 22.52, 22.59, 9999.0, 9999.0, 9999.0, 23.91, 9999.0, 22.34, 9999.0, 22.57, 22.34, 22.14, 22.25, 22.25
2026-09-08, 06:28:22, 22.25, 22.32, 22.55, 22.57, 9999.0, 9999.0, 9999.0, 23.93, 9999.0, 22.32, 9999.0, 22.55, 22.32, 22.16, 22.25, 22.25
2026-09-08, 06:28:26, 22.25, 22.3, 22.55, 22.55, 9999.0, 9999.0, 9999.0, 23.95, 9999.0, 22.3, 9999.0, 22.55, 22.3, 22.16, 22.25, 22.23
2026-09-08, 06:28:30, 22.25, 22.32, 22.57, 22.57, 9999.0, 9999.0, 9999.0, 23.98, 9999.0, 22.27, 9999.0, 22.55, 22.27, 22.14, 22.25, 22.23
2026-09-08, 06:28:34, 22.25, 22.32, 22.57, 22.59, 9999.0, 9999.0, 9999.0, 23.93, 9999.0, 22.25, 9999.0, 22.55, 22.27, 22.16, 22.25, 22.23
2026-09-08, 06:28:38, 22.25, 22.32, 22.55, 22.59, 9999.0, 9999.0, 9999.0, 23.86, 9999.0, 22.23, 9999.0, 22.57, 22.25, 22.18, 22.25, 22.23
2026-09-08, 06:28:42, 22.25, 22.32, 22.57, 22.59, 9999.0, 9999.0, 9999.0, 23.82, 9999.0, 22.23, 9999.0, 22.59, 22.25, 22.18, 22.25, 22.2
2026-09-08, 06:28:46, 22.25, 22.3, 22.57, 22.61, 9999.0, 9999.0, 9999.0, 23.75, 9999.0, 22.23, 9999.0, 22.61, 22.27, 22.2, 22.25, 22.2
2026-09-08, 06:28:50, 22.25, 22.32, 22.59, 22.64, 9999.0, 9999.0, 9999.0, 23.7, 9999.0, 22.23, 9999.0, 22.64, 22.3, 22.23, 22.25, 22.2
2026-09-08, 06:28:54, 22.25, 22.32, 22.59, 22.64, 9999.0, 9999.0, 9999.0, 23.66, 9999.0, 22.23, 9999.0, 22.66, 22.32, 22.23, 22.25, 22.18
2026-09-08, 06:28:58, 22.25, 22.3, 22.61, 22.64, 9999.0, 9999.0, 9999.0, 23.61, 9999.0, 22.25, 9999.0, 22.66, 22.34, 22.23, 22.25, 22.18
2026-09-08, 06:29:02, 22.25, 22.3, 22.61, 22.61, 9999.0, 9999.0, 9999.0, 23.59, 9999.0, 22.27, 9999.0, 22.68, 22.36, 22.2, 22.25, 22.18
2026-09-08, 06:29:06, 22.25, 22.3, 22.59, 22.61, 9999.0, 9999.0, 9999.0, 23.64, 9999.0, 22.27, 9999.0, 22.7, 22.39, 22.2, 22.25, 22.18
2026-09-08, 06:29:10, 22.25, 22.3, 22.59, 22.61, 9999.0, 9999.0, 9999.0, 23.66, 9999.0, 22.27, 9999.0, 22.68, 22.41, 22.18, 22.25, 22.2
2026-09-08, 06:29:14, 22.25, 22.27, 22.57, 22.59, 9999.0, 9999.0, 9999.0, 23.68, 9999.0, 22.3, 9999.0, 22.68, 22.43, 22.2, 22.25, 22.18
2026-09-08, 06:29:18, 22.25, 22.27, 22.57, 22.57, 9999.0, 9999.0, 9999.0, 23.7, 9999.0, 22.32, 9999.0, 22.66, 22.45, 22.2, 22.25, 22.18
2026-09-08, 06:29:22, 22.25, 22.3, 22.59, 22.57, 9999.0, 9999.0, 9999.0, 23.75, 9999.0, 22.32, 9999.0, 22.64, 22.48, 22.18, 22.25, 22.18
2026-09-08, 06:29:26, 22.25, 22.3, 22.57, 22.57, 9999.0, 9999.0, 9999.0, 23.8, 9999.0, 22.32, 9999.0, 22.61, 22.5, 22.16, 22.25, 22.2
2026-09-08, 06:29:30, 22.25, 22.3, 22.57, 22.55, 9999.0, 9999.0, 9999.0, 23.82, 9999.0, 22.32, 9999.0, 22.59, 22.48, 22.16, 22.25, 22.2
2026-09-08, 06:29:34, 22.25, 22.27, 22.55, 22.52, 9999.0, 9999.0, 9999.0, 23.84, 9999.0, 22.32, 9999.0, 22.57, 22.45, 22.16, 22.25, 22.2
2026-09-08, 06:29:38, 22.25, 22.27, 22.57, 22.52, 9999.0, 9999.0, 9999.0, 23.86, 9999.0, 22.32, 9999.0, 22.55, 22.45, 22.14, 22.25, 22.23
2026-09-08, 06:29:42, 22.25, 22.27, 22.57, 22.52, 9999.0, 9999.0, 9999.0, 23.89, 9999.0, 22.27, 9999.0, 22.55, 22.43, 22.11, 22.25, 22.23
2026-09-08, 06:29:46, 22.25, 22.27, 22.57, 22.55, 9999.0, 9999.0, 9999.0, 23.91, 9999.0, 22.25, 9999.0, 22.52, 22.41, 22.14, 22.23, 22.23
2026-09-08, 06:29:50, 22.25, 22.27, 22.57, 22.57, 9999.0, 9999.0, 9999.0, 23.86, 9999.0, 22.25, 9999.0, 22.5, 22.41, 22.14, 22.23, 22.23
2026-09-08, 06:29:54, 22.25, 22.27, 22.57, 22.59, 9999.0, 9999.0, 9999.0, 23.84, 9999.0, 22.23, 9999.0, 22.52, 22.39, 22.16, 22.23, 22.23
2026-09-08, 06:29:58, 22.25, 22.3, 22.59, 22.59, 9999.0, 9999.0, 9999.0, 23.82, 9999.0, 22.18, 9999.0, 22.55, 22.36, 22.16, 22.23, 22.25
2026-09-08, 06:30:02, 22.25, 22.3, 22.61, 22.61, 9999.0, 9999.0, 9999.0, 23.77, 9999.0, 22.16, 9999.0, 22.57, 22.34, 22.16, 22.23, 22.25
2026-09-08, 06:30:07, 22.25, 22.27, 22.61, 22.61, 9999.0, 9999.0, 9999.0, 23.73, 9999.0, 22.16, 9999.0, 22.59, 22.32, 22.18, 22.23, 22.25
2026-09-08, 06:30:11, 22.25, 22.27, 22.61, 22.64, 9999.0, 9999.0, 9999.0, 23.68, 9999.0, 22.18, 9999.0, 22.61, 22.32, 22.2, 22.23, 22.25
2026-09-08, 06:30:15, 22.25, 22.27, 22.61, 22.66, 9999.0, 9999.0, 9999.0, 23.66, 9999.0, 22.2, 9999.0, 22.61, 22.34, 22.2, 22.23, 22.25
2026-09-08, 06:30:19, 22.25, 22.27, 22.64, 22.66, 9999.0, 9999.0, 9999.0, 23.64, 9999.0, 22.23, 9999.0, 22.61, 22.36, 22.2, 22.23, 22.23
2026-09-08, 06:30:23, 22.25, 22.27, 22.64, 22.64, 9999.0, 9999.0, 9999.0, 23.61, 9999.0, 22.25, 9999.0, 22.61, 22.34, 22.23, 22.23, 22.23
2026-09-08, 06:30:27, 22.25, 22.27, 22.61, 22.64, 9999.0, 9999.0, 9999.0, 23.66, 9999.0, 22.3, 9999.0, 22.61, 22.34, 22.23, 22.23, 22.23
2026-09-08, 06:30:31, 22.25, 22.27, 22.61, 22.64, 9999.0, 9999.0, 9999.0, 23.68, 9999.0, 22.32, 9999.0, 22.61, 22.36, 22.23, 22.25, 22.23
2026-09-08, 06:30:35, 22.25, 22.27, 22.64, 22.61, 9999.0, 9999.0, 9999.0, 23.7, 9999.0, 22.32, 9999.0, 22.61, 22.36, 22.23, 22.25, 22.23
2026-09-08, 06:30:39, 22.25, 22.3, 22.64, 22.61, 9999.0, 9999.0, 9999.0, 23.73, 9999.0, 22.34, 9999.0, 22.59, 22.39, 22.23, 22.25, 22.23
2026-09-08, 06:30:43, 22.25, 22.27, 22.64, 22.61, 9999.0, 9999.0, 9999.0, 23.73, 9999.0, 22.36, 9999.0, 22.57, 22.39, 22.23, 22.25, 22.23
2026-09-08, 06:30:47, 22.25, 22.27, 22.61, 22.59, 9999.0, 9999.0, 9999.0, 23.75, 9999.0, 22.39, 9999.0, 22.55, 22.41, 22.23, 22.25, 22.23
2026-09-08, 06:30:51, 22.25, 22.27, 22.61, 22.59, 9999.0, 9999.0, 9999.0, 23.77, 9999.0, 22.39, 9999.0, 22.52, 22.43, 22.2, 22.25, 22.23
2026-09-08, 06:30:55, 22.25, 22.3, 22.64, 22.59, 9999.0, 9999.0, 9999.0, 23.8, 9999.0, 22.34, 9999.0, 22.5, 22.41, 22.2, 22.25, 22.23
2026-09-08, 06:30:59, 22.25, 22.3, 22.64, 22.57, 9999.0, 9999.0, 9999.0, 23.82, 9999.0, 22.3, 9999.0, 22.5, 22.39, 22.2, 22.25, 22.2
2026-09-08, 06:31:03, 22.25, 22.3, 22.64, 22.57, 9999.0, 9999.0, 9999.0, 23.82, 9999.0, 22.27, 9999.0, 22.52, 22.36, 22.2, 22.25, 22.23
2026-09-08, 06:31:07, 22.25, 22.3, 22.64, 22.57, 9999.0, 9999.0, 9999.0, 23.82, 9999.0, 22.23, 9999.0, 22.52, 22.39, 22.2, 22.25, 22.23
2026-09-08, 06:31:11, 22.25, 22.3, 22.64, 22.59, 9999.0, 9999.0, 9999.0, 23.75, 9999.0, 22.18, 9999.0, 22.55, 22.41, 22.2, 22.25, 22.23
2026-09-08, 06:31:15, 22.25, 22.3, 22.66, 22.57, 9999.0, 9999.0, 9999.0, 23.7, 9999.0, 22.14, 9999.0, 22.57, 22.39, 22.2, 22.25, 22.23
2026-09-08, 06:31:19, 22.25, 22.3, 22.66, 22.57, 9999.0, 9999.0, 9999.0, 23.66, 9999.0, 22.11, 9999.0, 22.59, 22.39, 22.2, 22.25, 22.23
2026-09-08, 06:31:23, 22.25, 22.27, 22.66, 22.55, 9999.0, 9999.0, 9999.0, 23.61, 9999.0, 22.11, 9999.0, 22.61, 22.39, 22.2, 22.25, 22.23
2026-09-08, 06:31:27, 22.25, 22.3, 22.66, 22.55, 9999.0, 9999.0, 9999.0, 23.57, 9999.0, 22.11, 9999.0, 22.64, 22.39, 22.2, 22.25, 22.23
2026-09-08, 06:31:31, 22.25, 22.3, 22.66, 22.57, 9999.0, 9999.0, 9999.0, 23.52, 9999.0, 22.11, 9999.0, 22.66, 22.39, 22.2, 22.25, 22.23
2026-09-08, 06:31:35, 22.25, 22.3, 22.66, 22.59, 9999.0, 9999.0, 9999.0, 23.48, 9999.0, 22.14, 9999.0, 22.66, 22.39, 22.23, 22.25, 22.23
2026-09-08, 06:31:39, 22.25, 22.27, 22.66, 22.59, 9999.0, 9999.0, 9999.0, 23.43, 9999.0, 22.18, 9999.0, 22.68, 22.41, 22.23, 22.25, 22.23
2026-09-08, 06:31:43, 22.25, 22.3, 22.66, 22.59, 9999.0, 9999.0, 9999.0, 23.45, 9999.0, 22.23, 9999.0, 22.68, 22.43, 22.23, 22.25, 22.25
2026-09-08, 06:31:47, 22.25, 22.3, 22.66, 22.59, 9999.0, 9999.0, 9999.0, 23.5, 9999.0, 22.23, 9999.0, 22.66, 22.45, 22.23, 22.25, 22.25
2026-09-08, 06:31:51, 22.25, 22.3, 22.64, 22.61, 9999.0, 9999.0, 9999.0, 23.55, 9999.0, 22.25, 9999.0, 22.66, 22.45, 22.23, 22.25, 22.25
2026-09-08, 06:31:55, 22.25, 22.3, 22.66, 22.61, 9999.0, 9999.0, 9999.0, 23.59, 9999.0, 22.27, 9999.0, 22.64, 22.45, 22.23, 22.25, 22.25
2026-09-08, 06:31:59, 22.25, 22.32, 22.66, 22.61, 9999.0, 9999.0, 9999.0, 23.61, 9999.0, 22.3, 9999.0, 22.61, 22.45, 22.23, 22.25, 22.25
2026-09-08, 06:32:03, 22.25, 22.32, 22.66, 22.61, 9999.0, 9999.0, 9999.0, 23.66, 9999.0, 22.32, 9999.0, 22.59, 22.45, 22.23, 22.25, 22.25
2026-09-08, 06:32:07, 22.25, 22.32, 22.68, 22.61, 9999.0, 9999.0, 9999.0, 23.68, 9999.0, 22.32, 9999.0, 22.57, 22.43, 22.23, 22.25, 22.25
2026-09-08, 06:32:11, 22.25, 22.3, 22.68, 22.61, 9999.0, 9999.0, 9999.0, 23.73, 9999.0, 22.3, 9999.0, 22.55, 22.43, 22.23, 22.25, 22.25
2026-09-08, 06:32:15, 22.25, 22.3, 22.7, 22.61, 9999.0, 9999.0, 9999.0, 23.77, 9999.0, 22.27, 9999.0, 22.52, 22.41, 22.23, 22.25, 22.25
2026-09-08, 06:32:19, 22.25, 22.3, 22.7, 22.61, 9999.0, 9999.0, 9999.0, 23.82, 9999.0, 22.25, 9999.0, 22.55, 22.39, 22.23, 22.25, 22.25
2026-09-08, 06:32:23, 22.25, 22.32, 22.7, 22.61, 9999.0, 9999.0, 9999.0, 23.86, 9999.0, 22.2, 9999.0, 22.55, 22.39, 22.2, 22.25, 22.25
2026-09-08, 06:32:27, 22.25, 22.3, 22.7, 22.64, 9999.0, 9999.0, 9999.0, 23.84, 9999.0, 22.16, 9999.0, 22.57, 22.39, 22.2, 22.25, 22.25
2026-09-08, 06:32:31, 22.25, 22.3, 22.7, 22.66, 9999.0, 9999.0, 9999.0, 23.82, 9999.0, 22.14, 9999.0, 22.59, 22.39, 22.2, 22.25, 22.25
2026-09-08, 06:32:35, 22.25, 22.3, 22.73, 22.66, 9999.0, 9999.0, 9999.0, 23.77, 9999.0, 22.11, 9999.0, 22.61, 22.39, 22.2, 22.25, 22.25
2026-09-08, 06:32:39, 22.25, 22.3, 22.73, 22.64, 9999.0, 9999.0, 9999.0, 23.73, 9999.0, 22.11, 9999.0, 22.64, 22.36, 22.23, 22.25, 22.25
2026-09-08, 06:32:43, 22.25, 22.27, 22.7, 22.64, 9999.0, 9999.0, 9999.0, 23.7, 9999.0, 22.11, 9999.0, 22.66, 22.39, 22.2, 22.25, 22.25
2026-09-08, 06:32:47, 22.25, 22.27, 22.68, 22.66, 9999.0, 9999.0, 9999.0, 23.66, 9999.0, 22.11, 9999.0, 22.66, 22.39, 22.2, 22.25, 22.25
2026-09-08, 06:32:51, 22.25, 22.27, 22.66, 22.68, 9999.0, 9999.0, 9999.0, 23.64, 9999.0, 22.14, 9999.0, 22.66, 22.41, 22.2, 22.25, 22.25
2026-09-08, 06:32:55, 22.25, 22.27, 22.66, 22.7, 9999.0, 9999.0, 9999.0, 23.59, 9999.0, 22.16, 9999.0, 22.66, 22.43, 22.2, 22.25, 22.25
2026-09-08, 06:32:59, 22.25, 22.27, 22.64, 22.7, 9999.0, 9999.0, 9999.0, 23.61, 9999.0, 22.18, 9999.0, 22.66, 22.45, 22.2, 22.25, 22.25
2026-09-08, 06:33:03, 22.25, 22.3, 22.61, 22.7, 9999.0, 9999.0, 9999.0, 23.66, 9999.0, 22.18, 9999.0, 22.66, 22.48, 22.2, 22.25, 22.25
2026-09-08, 06:33:07, 22.25, 22.3, 22.61, 22.68, 9999.0, 9999.0, 9999.0, 23.68, 9999.0, 22.2, 9999.0, 22.64, 22.48, 22.23, 22.25, 22.25
2026-09-08, 06:33:11, 22.25, 22.3, 22.64, 22.66, 9999.0, 9999.0, 9999.0, 23.7, 9999.0, 22.23, 9999.0, 22.64, 22.45, 22.23, 22.25, 22.25
2026-09-08, 06:33:15, 22.25, 22.32, 22.64, 22.64, 9999.0, 9999.0, 9999.0, 23.7, 9999.0, 22.23, 9999.0, 22.61, 22.45, 22.23, 22.25, 22.25
2026-09-08, 06:33:19, 22.25, 22.32, 22.64, 22.64, 9999.0, 9999.0, 9999.0, 23.73, 9999.0, 22.23, 9999.0, 22.59, 22.45, 22.2, 22.25, 22.25
2026-09-08, 06:33:23, 22.25, 22.32, 22.61, 22.66, 9999.0, 9999.0, 9999.0, 23.75, 9999.0, 22.2, 9999.0, 22.57, 22.45, 22.2, 22.25, 22.25
2026-09-08, 06:33:27, 22.25, 22.34, 22.64, 22.66, 9999.0, 9999.0, 9999.0, 23.77, 9999.0, 22.18, 9999.0, 22.55, 22.43, 22.23, 22.25, 22.25
2026-09-08, 06:33:31, 22.25, 22.34, 22.66, 22.66, 9999.0, 9999.0, 9999.0, 23.8, 9999.0, 22.16, 9999.0, 22.55, 22.41, 22.23, 22.25, 22.25
2026-09-08, 06:33:35, 22.25, 22.36, 22.68, 22.66, 9999.0, 9999.0, 9999.0, 23.8, 9999.0, 22.14, 9999.0, 22.57, 22.39, 22.2, 22.25, 22.25
2026-09-08, 06:33:39, 22.25, 22.36, 22.68, 22.64, 9999.0, 9999.0, 9999.0, 23.84, 9999.0, 22.11, 9999.0, 22.59, 22.36, 22.18, 22.25, 22.25
2026-09-08, 06:33:43, 22.25, 22.36, 22.7, 22.64, 9999.0, 9999.0, 9999.0, 23.8, 9999.0, 22.09, 9999.0, 22.59, 22.34, 22.16, 22.25, 22.25
2026-09-08, 06:33:48, 22.25, 22.34, 22.73, 22.61, 9999.0, 9999.0, 9999.0, 23.73, 9999.0, 22.07, 9999.0, 22.59, 22.34, 22.16, 22.25, 22.25
2026-09-08, 06:33:52, 22.25, 22.32, 22.7, 22.64, 9999.0, 9999.0, 9999.0, 23.68, 9999.0, 22.05, 9999.0, 22.61, 22.34, 22.16, 22.25, 22.25
2026-09-08, 06:33:56, 22.25, 22.32, 22.7, 22.66, 9999.0, 9999.0, 9999.0, 23.64, 9999.0, 22.02, 9999.0, 22.61, 22.36, 22.16, 22.25, 22.25
2026-09-08, 06:34:00, 22.25, 22.3, 22.7, 22.66, 9999.0, 9999.0, 9999.0, 23.59, 9999.0, 22.05, 9999.0, 22.64, 22.34, 22.16, 22.25, 22.25
2026-09-08, 06:34:04, 22.25, 22.3, 22.7, 22.66, 9999.0, 9999.0, 9999.0, 23.55, 9999.0, 22.07, 9999.0, 22.66, 22.34, 22.16, 22.25, 22.25
2026-09-08, 06:34:08, 22.25, 22.3, 22.73, 22.66, 9999.0, 9999.0, 9999.0, 23.5, 9999.0, 22.09, 9999.0, 22.66, 22.36, 22.16, 22.25, 22.25
2026-09-08, 06:34:12, 22.25, 22.27, 22.7, 22.68, 9999.0, 9999.0, 9999.0, 23.45, 9999.0, 22.11, 9999.0, 22.68, 22.39, 22.16, 22.25, 22.25
2026-09-08, 06:34:16, 22.25, 22.27, 22.7, 22.66, 9999.0, 9999.0, 9999.0, 23.41, 9999.0, 22.14, 9999.0, 22.68, 22.41, 22.16, 22.25, 22.25
2026-09-08, 06:34:20, 22.25, 22.25, 22.68, 22.66, 9999.0, 9999.0, 9999.0, 23.45, 9999.0, 22.14, 9999.0, 22.66, 22.43, 22.18, 22.25, 22.25
2026-09-08, 06:34:24, 22.25, 22.25, 22.68, 22.68, 9999.0, 9999.0, 9999.0, 23.48, 9999.0, 22.14, 9999.0, 22.66, 22.45, 22.2, 22.25, 22.25
2026-09-08, 06:34:28, 22.25, 22.25, 22.68, 22.68, 9999.0, 9999.0, 9999.0, 23.52, 9999.0, 22.14, 9999.0, 22.66, 22.48, 22.23, 22.25, 22.25
2026-09-08, 06:34:32, 22.25, 22.25, 22.68, 22.7, 9999.0, 9999.0, 9999.0, 23.57, 9999.0, 22.16, 9999.0, 22.64, 22.45, 22.2, 22.25, 22.25
2026-09-08, 06:34:36, 22.25, 22.25, 22.7, 22.68, 9999.0, 9999.0, 9999.0, 23.59, 9999.0, 22.16, 9999.0, 22.61, 22.43, 22.2, 22.25, 22.25
2026-09-08, 06:34:40, 22.25, 22.25, 22.7, 22.68, 9999.0, 9999.0, 9999.0, 23.61, 9999.0, 22.16, 9999.0, 22.59, 22.41, 22.2, 22.25, 22.25
2026-09-08, 06:34:44, 22.25, 22.25, 22.7, 22.7, 9999.0, 9999.0, 9999.0, 23.66, 9999.0, 22.14, 9999.0, 22.57, 22.43, 22.2, 22.25, 22.25
2026-09-08, 06:34:48, 22.25, 22.25, 22.7, 22.68, 9999.0, 9999.0, 9999.0, 23.7, 9999.0, 22.11, 9999.0, 22.55, 22.41, 22.23, 22.25, 22.25
2026-09-08, 06:34:52, 22.25, 22.25, 22.7, 22.66, 9999.0, 9999.0, 9999.0, 23.75, 9999.0, 22.09, 9999.0, 22.55, 22.39, 22.23, 22.25, 22.25
2026-09-08, 06:34:56, 22.25, 22.25, 22.73, 22.66, 9999.0, 9999.0, 9999.0, 23.77, 9999.0, 22.07, 9999.0, 22.52, 22.36, 22.23, 22.25, 22.25
2026-09-08, 06:35:00, 22.25, 22.25, 22.73, 22.68, 9999.0, 9999.0, 9999.0, 23.8, 9999.0, 22.05, 9999.0, 22.52, 22.36, 22.23, 22.25, 22.25
2026-09-08, 06:35:04, 22.25, 22.25, 22.75, 22.68, 9999.0, 9999.0, 9999.0, 23.75, 9999.0, 22.02, 9999.0, 22.55, 22.36, 22.23, 22.25, 22.25
2026-09-08, 06:35:08, 22.25, 22.25, 22.75, 22.68, 9999.0, 9999.0, 9999.0, 23.7, 9999.0, 22.02, 9999.0, 22.55, 22.36, 22.23, 22.25, 22.25
2026-09-08, 06:35:12, 22.25, 22.25, 22.75, 22.68, 9999.0, 9999.0, 9999.0, 23.66, 9999.0, 22.02, 9999.0, 22.57, 22.36, 22.23, 22.25, 22.25
2026-09-08, 06:35:16, 22.25, 22.25, 22.75, 22.68, 9999.0, 9999.0, 9999.0, 23.61, 9999.0, 22.02, 9999.0, 22.59, 22.36, 22.25, 22.25, 22.25
2026-09-08, 06:35:20, 22.25, 22.25, 22.75, 22.7, 9999.0, 9999.0, 9999.0, 23.57, 9999.0, 22.05, 9999.0, 22.61, 22.39, 22.23, 22.25, 22.25
2026-09-08, 06:35:24, 22.25, 22.25, 22.73, 22.7, 9999.0, 9999.0, 9999.0, 23.52, 9999.0, 22.07, 9999.0, 22.61, 22.41, 22.23, 22.25, 22.25
2026-09-08, 06:35:28, 22.25, 22.25, 22.73, 22.7, 9999.0, 9999.0, 9999.0, 23.48, 9999.0, 22.09, 9999.0, 22.61, 22.41, 22.23, 22.25, 22.25
2026-09-08, 06:35:32, 22.25, 22.27, 22.73, 22.73, 9999.0, 9999.0, 9999.0, 23.43, 9999.0, 22.11, 9999.0, 22.61, 22.43, 22.23, 22.25, 22.25
2026-09-08, 06:35:36, 22.25, 22.27, 22.73, 22.75, 9999.0, 9999.0, 9999.0, 23.45, 9999.0, 22.14, 9999.0, 22.61, 22.45, 22.23, 22.25, 22.25
2026-09-08, 06:35:40, 22.25, 22.27, 22.73, 22.75, 9999.0, 9999.0, 9999.0, 23.5, 9999.0, 22.16, 9999.0, 22.61, 22.48, 22.23, 22.25, 22.25
2026-09-08, 06:35:44, 22.25, 22.27, 22.73, 22.75, 9999.0, 9999.0, 9999.0, 23.55, 9999.0, 22.18, 9999.0, 22.61, 22.48, 22.23, 22.25, 22.25
2026-09-08, 06:35:48, 22.25, 22.27, 22.7, 22.73, 9999.0, 9999.0, 9999.0, 23.59, 9999.0, 22.2, 9999.0, 22.59, 22.48, 22.23, 22.25, 22.25
2026-09-08, 06:35:52, 22.25, 22.27, 22.7, 22.7, 9999.0, 9999.0, 9999.0, 23.61, 9999.0, 22.23, 9999.0, 22.57, 22.45, 22.23, 22.25, 22.25
2026-09-08, 06:35:56, 22.25, 22.27, 22.7, 22.68, 9999.0, 9999.0, 9999.0, 23.64, 9999.0, 22.23, 9999.0, 22.55, 22.43, 22.23, 22.25, 22.25
2026-09-08, 06:36:00, 22.25, 22.27, 22.7, 22.66, 9999.0, 9999.0, 9999.0, 23.66, 9999.0, 22.23, 9999.0, 22.52, 22.45, 22.23, 22.25, 22.25
2026-09-08, 06:36:04, 22.25, 22.27, 22.7, 22.66, 9999.0, 9999.0, 9999.0, 23.7, 9999.0, 22.2, 9999.0, 22.5, 22.43, 22.23, 22.25, 22.25
2026-09-08, 06:36:08, 22.25, 22.27, 22.73, 22.66, 9999.0, 9999.0, 9999.0, 23.75, 9999.0, 22.18, 9999.0, 22.5, 22.43, 22.23, 22.25, 22.25
2026-09-08, 06:36:12, 22.25, 22.27, 22.73, 22.66, 9999.0, 9999.0, 9999.0, 23.8, 9999.0, 22.16, 9999.0, 22.5, 22.41, 22.23, 22.25, 22.25
2026-09-08, 06:36:16, 22.25, 22.25, 22.73, 22.66, 9999.0, 9999.0, 9999.0, 23.82, 9999.0, 22.14, 9999.0, 22.5, 22.39, 22.23, 22.25, 22.25
2026-09-08, 06:36:20, 22.25, 22.25, 22.73, 22.66, 9999.0, 9999.0, 9999.0, 23.77, 9999.0, 22.11, 9999.0, 22.52, 22.39, 22.23, 22.25, 22.25
2026-09-08, 06:36:24, 22.25, 22.25, 22.73, 22.66, 9999.0, 9999.0, 9999.0, 23.73, 9999.0, 22.09, 9999.0, 22.55, 22.39, 22.23, 22.25, 22.25
2026-09-08, 06:36:28, 22.25, 22.27, 22.73, 22.66, 9999.0, 9999.0, 9999.0, 23.68, 9999.0, 22.07, 9999.0, 22.57, 22.39, 22.23, 22.25, 22.25
2026-09-08, 06:36:32, 22.25, 22.3, 22.75, 22.68, 9999.0, 9999.0, 9999.0, 23.61, 9999.0, 22.07, 9999.0, 22.59, 22.36, 22.23, 22.25, 22.25
2026-09-08, 06:36:36, 22.25, 22.3, 22.75, 22.7, 9999.0, 9999.0, 9999.0, 23.57, 9999.0, 22.07, 9999.0, 22.61, 22.36, 22.23, 22.25, 22.25
2026-09-08, 06:36:40, 22.25, 22.3, 22.75, 22.73, 9999.0, 9999.0, 9999.0, 23.52, 9999.0, 22.09, 9999.0, 22.64, 22.39, 22.23, 22.25, 22.25
2026-09-08, 06:36:44, 22.25, 22.3, 22.75, 22.75, 9999.0, 9999.0, 9999.0, 23.48, 9999.0, 22.11, 9999.0, 22.66, 22.39, 22.23, 22.25, 22.25
2026-09-08, 06:36:48, 22.25, 22.3, 22.75, 22.75, 9999.0, 9999.0, 9999.0, 23.43, 9999.0, 22.14, 9999.0, 22.68, 22.41, 22.25, 22.25, 22.25
2026-09-08, 06:36:52, 22.25, 22.3, 22.75, 22.75, 9999.0, 9999.0, 9999.0, 23.45, 9999.0, 22.16, 9999.0, 22.68, 22.41, 22.25, 22.25, 22.25
2026-09-08, 06:36:56, 22.25, 22.32, 22.75, 22.75, 9999.0, 9999.0, 9999.0, 23.48, 9999.0, 22.18, 9999.0, 22.68, 22.41, 22.25, 22.25, 22.25
2026-09-08, 06:37:00, 22.25, 22.32, 22.75, 22.75, 9999.0, 9999.0, 9999.0, 23.52, 9999.0, 22.2, 9999.0, 22.68, 22.41, 22.23, 22.25, 22.25
2026-09-08, 06:37:04, 22.25, 22.32, 22.75, 22.75, 9999.0, 9999.0, 9999.0, 23.55, 9999.0, 22.23, 9999.0, 22.66, 22.41, 22.23, 22.25, 22.25
2026-09-08, 06:37:08, 22.25, 22.32, 22.75, 22.75, 9999.0, 9999.0, 9999.0, 23.57, 9999.0, 22.25, 9999.0, 22.64, 22.39, 22.23, 22.25, 22.25
2026-09-08, 06:37:12, 22.25, 22.3, 22.75, 22.75, 9999.0, 9999.0, 9999.0, 23.57, 9999.0, 22.25, 9999.0, 22.61, 22.36, 22.23, 22.25, 22.25
2026-09-08, 06:37:16, 22.25, 22.27, 22.75, 22.75, 9999.0, 9999.0, 9999.0, 23.61, 9999.0, 22.23, 9999.0, 22.59, 22.39, 22.23, 22.25, 22.25
2026-09-08, 06:37:20, 22.23, 22.27, 22.75, 22.75, 9999.0, 9999.0, 9999.0, 23.66, 9999.0, 22.2, 9999.0, 22.57, 22.41, 22.23, 22.25, 22.25
2026-09-08, 06:37:25, 22.23, 22.3, 22.75, 22.73, 9999.0, 9999.0, 9999.0, 23.7, 9999.0, 22.18, 9999.0, 22.55, 22.39, 22.23, 22.25, 22.25
2026-09-08, 06:37:29, 22.23, 22.3, 22.75, 22.73, 9999.0, 9999.0, 9999.0, 23.75, 9999.0, 22.14, 9999.0, 22.55, 22.36, 22.23, 22.25, 22.25
2026-09-08, 06:37:33, 22.23, 22.3, 22.75, 22.7, 9999.0, 9999.0, 9999.0, 23.8, 9999.0, 22.11, 9999.0, 22.52, 22.34, 22.23, 22.25, 22.25
2026-09-08, 06:37:37, 22.23, 22.3, 22.75, 22.7, 9999.0, 9999.0, 9999.0, 23.75, 9999.0, 22.09, 9999.0, 22.55, 22.34, 22.2, 22.25, 22.25
2026-09-08, 06:37:41, 22.23, 22.27, 22.73, 22.7, 9999.0, 9999.0, 9999.0, 23.7, 9999.0, 22.07, 9999.0, 22.57, 22.36, 22.2, 22.25, 22.25
2026-09-08, 06:37:45, 22.23, 22.27, 22.73, 22.7, 9999.0, 9999.0, 9999.0, 23.66, 9999.0, 22.05, 9999.0, 22.59, 22.39, 22.23, 22.25, 22.25
2026-09-08, 06:37:49, 22.23, 22.27, 22.73, 22.68, 9999.0, 9999.0, 9999.0, 23.64, 9999.0, 22.05, 9999.0, 22.61, 22.39, 22.23, 22.25, 22.25
2026-09-08, 06:37:53, 22.23, 22.27, 22.73, 22.68, 9999.0, 9999.0, 9999.0, 23.61, 9999.0, 22.05, 9999.0, 22.64, 22.41, 22.23, 22.25, 22.25
2026-09-08, 06:37:57, 22.23, 22.27, 22.7, 22.68, 9999.0, 9999.0, 9999.0, 23.61, 9999.0, 22.07, 9999.0, 22.66, 22.43, 22.23, 22.25, 22.25
2026-09-08, 06:38:01, 22.23, 22.27, 22.7, 22.68, 9999.0, 9999.0, 9999.0, 23.57, 9999.0, 22.09, 9999.0, 22.68, 22.43, 22.23, 22.25, 22.25
2026-09-08, 06:38:05, 22.25, 22.3, 22.7, 22.68, 9999.0, 9999.0, 9999.0, 23.52, 9999.0, 22.11, 9999.0, 22.7, 22.43, 22.23, 22.25, 22.25
2026-09-08, 06:38:09, 22.25, 22.27, 22.68, 22.7, 9999.0, 9999.0, 9999.0, 23.55, 9999.0, 22.14, 9999.0, 22.73, 22.45, 22.2, 22.25, 22.25
2026-09-08, 06:38:13, 22.25, 22.27, 22.68, 22.7, 9999.0, 9999.0, 9999.0, 23.57, 9999.0, 22.16, 9999.0, 22.7, 22.48, 22.2, 22.25, 22.25
2026-09-08, 06:38:17, 22.25, 22.27, 22.66, 22.73, 9999.0, 9999.0, 9999.0, 23.59, 9999.0, 22.18, 9999.0, 22.7, 22.5, 22.2, 22.25, 22.25
2026-09-08, 06:38:21, 22.25, 22.27, 22.66, 22.73, 9999.0, 9999.0, 9999.0, 23.61, 9999.0, 22.2, 9999.0, 22.68, 22.48, 22.23, 22.25, 22.25
2026-09-08, 06:38:25, 22.25, 22.27, 22.68, 22.73, 9999.0, 9999.0, 9999.0, 23.64, 9999.0, 22.23, 9999.0, 22.66, 22.48, 22.23, 22.25, 22.25
2026-09-08, 06:38:29, 22.25, 22.27, 22.68, 22.73, 9999.0, 9999.0, 9999.0, 23.66, 9999.0, 22.25, 9999.0, 22.64, 22.48, 22.2, 22.25, 22.25
2026-09-08, 06:38:33, 22.25, 22.27, 22.66, 22.75, 9999.0, 9999.0, 9999.0, 23.68, 9999.0, 22.25, 9999.0, 22.61, 22.48, 22.2, 22.25, 22.25
2026-09-08, 06:38:37, 22.25, 22.3, 22.66, 22.75, 9999.0, 9999.0, 9999.0, 23.7, 9999.0, 22.25, 9999.0, 22.59, 22.48, 22.2, 22.25, 22.25
2026-09-08, 06:38:41, 22.25, 22.3, 22.68, 22.75, 9999.0, 9999.0, 9999.0, 23.73, 9999.0, 22.25, 9999.0, 22.57, 22.48, 22.2, 22.25, 22.25
2026-09-08, 06:38:45, 22.25, 22.3, 22.68, 22.75, 9999.0, 9999.0, 9999.0, 23.77, 9999.0, 22.25, 9999.0, 22.55, 22.48, 22.2, 22.25, 22.25
2026-09-08, 06:38:49, 22.25, 22.27, 22.68, 22.73, 9999.0, 9999.0, 9999.0, 23.82, 9999.0, 22.25, 9999.0, 22.52, 22.45, 22.2, 22.25, 22.25
2026-09-08, 06:38:53, 22.25, 22.3, 22.7, 22.73, 9999.0, 9999.0, 9999.0, 23.8, 9999.0, 22.25, 9999.0, 22.5, 22.45, 22.23, 22.25, 22.25
2026-09-08, 06:38:57, 22.25, 22.3, 22.7, 22.73, 9999.0, 9999.0, 9999.0, 23.75, 9999.0, 22.25, 9999.0, 22.52, 22.45, 22.23, 22.25, 22.25
2026-09-08, 06:39:01, 22.25, 22.3, 22.73, 22.73, 9999.0, 9999.0, 9999.0, 23.7, 9999.0, 22.23, 9999.0, 22.55, 22.45, 22.2, 22.25, 22.25
2026-09-08, 06:39:05, 22.25, 22.3, 22.73, 22.73, 9999.0, 9999.0, 9999.0, 23.68, 9999.0, 22.2, 9999.0, 22.57, 22.48, 22.2, 22.25, 22.25
2026-09-08, 06:39:09, 22.25, 22.32, 22.73, 22.73, 9999.0, 9999.0, 9999.0, 23.66, 9999.0, 22.23, 9999.0, 22.59, 22.48, 22.2, 22.25, 22.25
2026-09-08, 06:39:13, 22.25, 22.32, 22.73, 22.73, 9999.0, 9999.0, 9999.0, 23.61, 9999.0, 22.23, 9999.0, 22.61, 22.45, 22.23, 22.25, 22.25
2026-09-08, 06:39:17, 22.25, 22.34, 22.75, 22.73, 9999.0, 9999.0, 9999.0, 23.57, 9999.0, 22.25, 9999.0, 22.64, 22.45, 22.23, 22.25, 22.25
2026-09-08, 06:39:21, 22.25, 22.32, 22.73, 22.73, 9999.0, 9999.0, 9999.0, 23.52, 9999.0, 22.27, 9999.0, 22.66, 22.45, 22.23, 22.25, 22.25
2026-09-08, 06:39:25, 22.25, 22.32, 22.73, 22.73, 9999.0, 9999.0, 9999.0, 23.48, 9999.0, 22.3, 9999.0, 22.66, 22.45, 22.23, 22.25, 22.25
2026-09-08, 06:39:29, 22.25, 22.32, 22.7, 22.73, 9999.0, 9999.0, 9999.0, 23.5, 9999.0, 22.32, 9999.0, 22.66, 22.43, 22.23, 22.25, 22.25
2026-09-08, 06:39:33, 22.25, 22.32, 22.7, 22.75, 9999.0, 9999.0, 9999.0, 23.52, 9999.0, 22.32, 9999.0, 22.66, 22.45, 22.23, 22.25, 22.25
2026-09-08, 06:39:37, 22.25, 22.32, 22.7, 22.75, 9999.0, 9999.0, 9999.0, 23.55, 9999.0, 22.32, 9999.0, 22.66, 22.45, 22.2, 22.25, 22.25
2026-09-08, 06:39:41, 22.25, 22.32, 22.7, 22.75, 9999.0, 9999.0, 9999.0, 23.57, 9999.0, 22.32, 9999.0, 22.64, 22.45, 22.2, 22.25, 22.25
2026-09-08, 06:39:45, 22.25, 22.32, 22.7, 22.75, 9999.0, 9999.0, 9999.0, 23.59, 9999.0, 22.34, 9999.0, 22.61, 22.45, 22.23, 22.25, 22.25
2026-09-08, 06:39:49, 22.25, 22.32, 22.7, 22.75, 9999.0, 9999.0, 9999.0, 23.61, 9999.0, 22.36, 9999.0, 22.59, 22.45, 22.23, 22.25, 22.25
2026-09-08, 06:39:53, 22.25, 22.3, 22.7, 22.73, 9999.0, 9999.0, 9999.0, 23.64, 9999.0, 22.34, 9999.0, 22.57, 22.45, 22.23, 22.25, 22.25
2026-09-08, 06:39:57, 22.25, 22.3, 22.7, 22.73, 9999.0, 9999.0, 9999.0, 23.68, 9999.0, 22.34, 9999.0, 22.55, 22.45, 22.23, 22.25, 22.25
2026-09-08, 06:40:01, 22.25, 22.27, 22.7, 22.73, 9999.0, 9999.0, 9999.0, 23.73, 9999.0, 22.32, 9999.0, 22.52, 22.45, 22.23, 22.25, 22.25
2026-09-08, 06:40:05, 22.25, 22.27, 22.73, 22.73, 9999.0, 9999.0, 9999.0, 23.77, 9999.0, 22.3, 9999.0, 22.52, 22.45, 22.23, 22.25, 22.25
2026-09-08, 06:40:09, 22.25, 22.3, 22.73, 22.73, 9999.0, 9999.0, 9999.0, 23.82, 9999.0, 22.27, 9999.0, 22.52, 22.45, 22.2, 22.25, 22.25
2026-09-08, 06:40:13, 22.25, 22.3, 22.75, 22.73, 9999.0, 9999.0, 9999.0, 23.77, 9999.0, 22.25, 9999.0, 22.55, 22.48, 22.2, 22.25, 22.25
2026-09-08, 06:40:17, 22.25, 22.3, 22.73, 22.73, 9999.0, 9999.0, 9999.0, 23.73, 9999.0, 22.25, 9999.0, 22.57, 22.48, 22.2, 22.25, 22.25
2026-09-08, 06:40:21, 22.25, 22.3, 22.73, 22.73, 9999.0, 9999.0, 9999.0, 23.68, 9999.0, 22.25, 9999.0, 22.59, 22.45, 22.23, 22.25, 22.25
2026-09-08, 06:40:25, 22.25, 22.3, 22.73, 22.73, 9999.0, 9999.0, 9999.0, 23.66, 9999.0, 22.25, 9999.0, 22.61, 22.43, 22.23, 22.25, 22.25
2026-09-08, 06:40:29, 22.25, 22.32, 22.73, 22.73, 9999.0, 9999.0, 9999.0, 23.64, 9999.0, 22.25, 9999.0, 22.64, 22.43, 22.23, 22.25, 22.25
2026-09-08, 06:40:33, 22.25, 22.32, 22.73, 22.73, 9999.0, 9999.0, 9999.0, 23.61, 9999.0, 22.27, 9999.0, 22.66, 22.43, 22.23, 22.25, 22.25
2026-09-08, 06:40:37, 22.25, 22.32, 22.73, 22.75, 9999.0, 9999.0, 9999.0, 23.59, 9999.0, 22.3, 9999.0, 22.66, 22.43, 22.23, 22.25, 22.25
2026-09-08, 06:40:41, 22.25, 22.34, 22.73, 22.75, 9999.0, 9999.0, 9999.0, 23.55, 9999.0, 22.32, 9999.0, 22.66, 22.45, 22.23, 22.25, 22.25
2026-09-08, 06:40:45, 22.23, 22.34, 22.7, 22.75, 9999.0, 9999.0, 9999.0, 23.57, 9999.0, 22.34, 9999.0, 22.66, 22.45, 22.23, 22.25, 22.25
2026-09-08, 06:40:49, 22.23, 22.34, 22.7, 22.75, 9999.0, 9999.0, 9999.0, 23.61, 9999.0, 22.36, 9999.0, 22.64, 22.45, 22.23, 22.25, 22.25
2026-09-08, 06:40:53, 22.23, 22.34, 22.68, 22.75, 9999.0, 9999.0, 9999.0, 23.64, 9999.0, 22.39, 9999.0, 22.64, 22.45, 22.25, 22.25, 22.25
2026-09-08, 06:40:57, 22.23, 22.34, 22.68, 22.75, 9999.0, 9999.0, 9999.0, 23.68, 9999.0, 22.39, 9999.0, 22.61, 22.45, 22.23, 22.25, 22.25
2026-09-08, 06:41:02, 22.23, 22.34, 22.7, 22.73, 9999.0, 9999.0, 9999.0, 23.73, 9999.0, 22.39, 9999.0, 22.59, 22.45, 22.23, 22.25, 22.25
2026-09-08, 06:41:06, 22.23, 22.32, 22.7, 22.7, 9999.0, 9999.0, 9999.0, 23.77, 9999.0, 22.39, 9999.0, 22.57, 22.48, 22.23, 22.25, 22.25
2026-09-08, 06:41:10, 22.23, 22.34, 22.68, 22.7, 9999.0, 9999.0, 9999.0, 23.82, 9999.0, 22.39, 9999.0, 22.55, 22.5, 22.23, 22.25, 22.25
2026-09-08, 06:41:14, 22.23, 22.32, 22.68, 22.68, 9999.0, 9999.0, 9999.0, 23.86, 9999.0, 22.39, 9999.0, 22.52, 22.5, 22.23, 22.25, 22.25
2026-09-08, 06:41:18, 22.23, 22.34, 22.66, 22.66, 9999.0, 9999.0, 9999.0, 23.89, 9999.0, 22.36, 9999.0, 22.5, 22.5, 22.23, 22.25, 22.25
2026-09-08, 06:41:22, 22.23, 22.36, 22.66, 22.64, 9999.0, 9999.0, 9999.0, 23.91, 9999.0, 22.34, 9999.0, 22.52, 22.48, 22.23, 22.25, 22.25
2026-09-08, 06:41:26, 22.23, 22.34, 22.66, 22.64, 9999.0, 9999.0, 9999.0, 23.95, 9999.0, 22.32, 9999.0, 22.52, 22.45, 22.23, 22.25, 22.25
2026-09-08, 06:41:30, 22.25, 22.34, 22.68, 22.64, 9999.0, 9999.0, 9999.0, 23.91, 9999.0, 22.3, 9999.0, 22.55, 22.45, 22.23, 22.25, 22.25
2026-09-08, 06:41:34, 22.25, 22.34, 22.68, 22.61, 9999.0, 9999.0, 9999.0, 23.86, 9999.0, 22.27, 9999.0, 22.57, 22.43, 22.23, 22.25, 22.25
2026-09-08, 06:41:38, 22.25, 22.32, 22.7, 22.59, 9999.0, 9999.0, 9999.0, 23.82, 9999.0, 22.25, 9999.0, 22.59, 22.43, 22.23, 22.25, 22.25
2026-09-08, 06:41:42, 22.25, 22.34, 22.7, 22.59, 9999.0, 9999.0, 9999.0, 23.77, 9999.0, 22.27, 9999.0, 22.61, 22.41, 22.25, 22.25, 22.25
2026-09-08, 06:41:46, 22.25, 22.34, 22.7, 22.59, 9999.0, 9999.0, 9999.0, 23.73, 9999.0, 22.3, 9999.0, 22.64, 22.41, 22.23, 22.25, 22.25
2026-09-08, 06:41:50, 22.25, 22.34, 22.7, 22.59, 9999.0, 9999.0, 9999.0, 23.68, 9999.0, 22.32, 9999.0, 22.66, 22.41, 22.23, 22.25, 22.25
2026-09-08, 06:41:54, 22.25, 22.32, 22.7, 22.57, 9999.0, 9999.0, 9999.0, 23.64, 9999.0, 22.34, 9999.0, 22.68, 22.41, 22.23, 22.25, 22.25
2026-09-08, 06:41:58, 22.25, 22.32, 22.7, 22.59, 9999.0, 9999.0, 9999.0, 23.57, 9999.0, 22.36, 9999.0, 22.68, 22.41, 22.23, 22.25, 22.25
2026-09-08, 06:42:02, 22.25, 22.3, 22.73, 22.61, 9999.0, 9999.0, 9999.0, 23.52, 9999.0, 22.39, 9999.0, 22.68, 22.41, 22.23, 22.25, 22.25
2026-09-08, 06:42:06, 22.25, 22.27, 22.7, 22.64, 9999.0, 9999.0, 9999.0, 23.57, 9999.0, 22.41, 9999.0, 22.66, 22.43, 22.23, 22.25, 22.25
2026-09-08, 06:42:10, 22.25, 22.27, 22.7, 22.64, 9999.0, 9999.0, 9999.0, 23.59, 9999.0, 22.43, 9999.0, 22.66, 22.45, 22.23, 22.25, 22.25
2026-09-08, 06:42:14, 22.23, 22.27, 22.7, 22.64, 9999.0, 9999.0, 9999.0, 23.64, 9999.0, 22.45, 9999.0, 22.64, 22.43, 22.23, 22.25, 22.25
2026-09-08, 06:42:18, 22.23, 22.3, 22.68, 22.66, 9999.0, 9999.0, 9999.0, 23.66, 9999.0, 22.48, 9999.0, 22.61, 22.45, 22.23, 22.25, 22.25
2026-09-08, 06:42:22, 22.23, 22.3, 22.66, 22.68, 9999.0, 9999.0, 9999.0, 23.7, 9999.0, 22.5, 9999.0, 22.59, 22.43, 22.23, 22.25, 22.25
2026-09-08, 06:42:26, 22.23, 22.27, 22.66, 22.66, 9999.0, 9999.0, 9999.0, 23.73, 9999.0, 22.5, 9999.0, 22.57, 22.45, 22.23, 22.25, 22.25
2026-09-08, 06:42:30, 22.23, 22.27, 22.64, 22.68, 9999.0, 9999.0, 9999.0, 23.75, 9999.0, 22.5, 9999.0, 22.55, 22.45, 22.25, 22.25, 22.25
2026-09-08, 06:42:34, 22.23, 22.27, 22.61, 22.68, 9999.0, 9999.0, 9999.0, 23.8, 9999.0, 22.5, 9999.0, 22.52, 22.45, 22.23, 22.25, 22.25
2026-09-08, 06:42:38, 22.23, 22.27, 22.64, 22.68, 9999.0, 9999.0, 9999.0, 23.82, 9999.0, 22.48, 9999.0, 22.5, 22.43, 22.23, 22.25, 22.25
2026-09-08, 06:42:42, 22.23, 22.27, 22.64, 22.68, 9999.0, 9999.0, 9999.0, 23.86, 9999.0, 22.45, 9999.0, 22.5, 22.43, 22.2, 22.25, 22.25
2026-09-08, 06:42:46, 22.23, 22.27, 22.61, 22.68, 9999.0, 9999.0, 9999.0, 23.91, 9999.0, 22.43, 9999.0, 22.5, 22.41, 22.2, 22.25, 22.25
2026-09-08, 06:42:50, 22.23, 22.27, 22.64, 22.68, 9999.0, 9999.0, 9999.0, 23.86, 9999.0, 22.41, 9999.0, 22.52, 22.41, 22.2, 22.25, 22.25
2026-09-08, 06:42:54, 22.23, 22.27, 22.64, 22.68, 9999.0, 9999.0, 9999.0, 23.84, 9999.0, 22.39, 9999.0, 22.55, 22.41, 22.2, 22.25, 22.25
2026-09-08, 06:42:58, 22.25, 22.27, 22.64, 22.68, 9999.0, 9999.0, 9999.0, 23.8, 9999.0, 22.36, 9999.0, 22.57, 22.43, 22.2, 22.25, 22.25
2026-09-08, 06:43:02, 22.25, 22.25, 22.66, 22.68, 9999.0, 9999.0, 9999.0, 23.75, 9999.0, 22.36, 9999.0, 22.59, 22.43, 22.2, 22.25, 22.25
2026-09-08, 06:43:06, 22.25, 22.25, 22.68, 22.68, 9999.0, 9999.0, 9999.0, 23.7, 9999.0, 22.36, 9999.0, 22.61, 22.45, 22.2, 22.25, 22.25
2026-09-08, 06:43:10, 22.25, 22.27, 22.68, 22.7, 9999.0, 9999.0, 9999.0, 23.68, 9999.0, 22.39, 9999.0, 22.64, 22.45, 22.2, 22.25, 22.25
2026-09-08, 06:43:14, 22.25, 22.27, 22.68, 22.7, 9999.0, 9999.0, 9999.0, 23.66, 9999.0, 22.39, 9999.0, 22.66, 22.45, 22.2, 22.25, 22.25
2026-09-08, 06:43:18, 22.25, 22.3, 22.7, 22.73, 9999.0, 9999.0, 9999.0, 23.61, 9999.0, 22.39, 9999.0, 22.68, 22.45, 22.23, 22.25, 22.25
2026-09-08, 06:43:22, 22.25, 22.3, 22.68, 22.75, 9999.0, 9999.0, 9999.0, 23.66, 9999.0, 22.41, 9999.0, 22.68, 22.48, 22.23, 22.25, 22.25
2026-09-08, 06:43:26, 22.25, 22.3, 22.68, 22.75, 9999.0, 9999.0, 9999.0, 23.7, 9999.0, 22.43, 9999.0, 22.68, 22.48, 22.25, 22.25, 22.25
2026-09-08, 06:43:30, 22.25, 22.3, 22.7, 22.73, 9999.0, 9999.0, 9999.0, 23.73, 9999.0, 22.45, 9999.0, 22.68, 22.48, 22.23, 22.25, 22.25
2026-09-08, 06:43:34, 22.25, 22.3, 22.7, 22.7, 9999.0, 9999.0, 9999.0, 23.75, 9999.0, 22.48, 9999.0, 22.66, 22.48, 22.2, 22.25, 22.25
2026-09-08, 06:43:38, 22.25, 22.3, 22.68, 22.7, 9999.0, 9999.0, 9999.0, 23.77, 9999.0, 22.5, 9999.0, 22.64, 22.45, 22.2, 22.25, 22.25
2026-09-08, 06:43:42, 22.25, 22.3, 22.68, 22.7, 9999.0, 9999.0, 9999.0, 23.8, 9999.0, 22.52, 9999.0, 22.61, 22.43, 22.2, 22.25, 22.25
2026-09-08, 06:43:46, 22.25, 22.3, 22.68, 22.7, 9999.0, 9999.0, 9999.0, 23.82, 9999.0, 22.52, 9999.0, 22.59, 22.43, 22.2, 22.25, 22.25
2026-09-08, 06:43:50, 22.25, 22.32, 22.66, 22.68, 9999.0, 9999.0, 9999.0, 23.86, 9999.0, 22.52, 9999.0, 22.57, 22.43, 22.2, 22.25, 22.25
2026-09-08, 06:43:54, 22.25, 22.3, 22.64, 22.66, 9999.0, 9999.0, 9999.0, 23.89, 9999.0, 22.5, 9999.0, 22.55, 22.41, 22.2, 22.25, 22.25
2026-09-08, 06:43:58, 22.25, 22.3, 22.66, 22.66, 9999.0, 9999.0, 9999.0, 23.91, 9999.0, 22.5, 9999.0, 22.52, 22.39, 22.18, 22.25, 22.25
2026-09-08, 06:44:02, 22.25, 22.27, 22.64, 22.64, 9999.0, 9999.0, 9999.0, 23.93, 9999.0, 22.48, 9999.0, 22.5, 22.39, 22.18, 22.25, 22.25
2026-09-08, 06:44:06, 22.25, 22.3, 22.66, 22.64, 9999.0, 9999.0, 9999.0, 23.89, 9999.0, 22.45, 9999.0, 22.52, 22.36, 22.18, 22.25, 22.25
2026-09-08, 06:44:10, 22.25, 22.3, 22.66, 22.61, 9999.0, 9999.0, 9999.0, 23.84, 9999.0, 22.43, 9999.0, 22.55, 22.36, 22.18, 22.25, 22.25
2026-09-08, 06:44:14, 22.25, 22.32, 22.66, 22.61, 9999.0, 9999.0, 9999.0, 23.82, 9999.0, 22.41, 9999.0, 22.57, 22.39, 22.2, 22.25, 22.25
2026-09-08, 06:44:18, 22.25, 22.32, 22.64, 22.64, 9999.0, 9999.0, 9999.0, 23.77, 9999.0, 22.41, 9999.0, 22.59, 22.36, 22.23, 22.25, 22.25
2026-09-08, 06:44:22, 22.25, 22.32, 22.66, 22.61, 9999.0, 9999.0, 9999.0, 23.73, 9999.0, 22.41, 9999.0, 22.61, 22.39, 22.23, 22.25, 22.25
2026-09-08, 06:44:26, 22.25, 22.32, 22.64, 22.61, 9999.0, 9999.0, 9999.0, 23.7, 9999.0, 22.41, 9999.0, 22.64, 22.41, 22.2, 22.25, 22.25
2026-09-08, 06:44:30, 22.25, 22.32, 22.61, 22.61, 9999.0, 9999.0, 9999.0, 23.68, 9999.0, 22.43, 9999.0, 22.64, 22.41, 22.2, 22.25, 22.25
2026-09-08, 06:44:34, 22.25, 22.3, 22.61, 22.64, 9999.0, 9999.0, 9999.0, 23.64, 9999.0, 22.43, 9999.0, 22.66, 22.41, 22.2, 22.25, 22.25
2026-09-08, 06:44:38, 22.25, 22.32, 22.64, 22.64, 9999.0, 9999.0, 9999.0, 23.68, 9999.0, 22.45, 9999.0, 22.66, 22.43, 22.2, 22.25, 22.25
2026-09-08, 06:44:42, 22.25, 22.32, 22.64, 22.61, 9999.0, 9999.0, 9999.0, 23.73, 9999.0, 22.45, 9999.0, 22.66, 22.45, 22.23, 22.25, 22.25
2026-09-08, 06:44:46, 22.25, 22.32, 22.64, 22.64, 9999.0, 9999.0, 9999.0, 23.77, 9999.0, 22.48, 9999.0, 22.66, 22.45, 22.23, 22.25, 22.25
2026-09-08, 06:44:50, 22.25, 22.32, 22.64, 22.61, 9999.0, 9999.0, 9999.0, 23.82, 9999.0, 22.5, 9999.0, 22.64, 22.48, 22.23, 22.25, 22.25
2026-09-08, 06:44:55, 22.25, 22.32, 22.64, 22.64, 9999.0, 9999.0, 9999.0, 23.84, 9999.0, 22.52, 9999.0, 22.61, 22.45, 22.23, 22.25, 22.25
2026-09-08, 06:44:59, 22.25, 22.32, 22.64, 22.66, 9999.0, 9999.0, 9999.0, 23.86, 9999.0, 22.55, 9999.0, 22.59, 22.45, 22.2, 22.25, 22.25
2026-09-08, 06:45:03, 22.25, 22.32, 22.64, 22.64, 9999.0, 9999.0, 9999.0, 23.91, 9999.0, 22.55, 9999.0, 22.57, 22.45, 22.2, 22.25, 22.25
2026-09-08, 06:45:07, 22.25, 22.32, 22.64, 22.64, 9999.0, 9999.0, 9999.0, 23.93, 9999.0, 22.55, 9999.0, 22.55, 22.43, 22.2, 22.25, 22.25
2026-09-08, 06:45:11, 22.25, 22.32, 22.66, 22.64, 9999.0, 9999.0, 9999.0, 23.98, 9999.0, 22.55, 9999.0, 22.52, 22.41, 22.23, 22.25, 22.25
2026-09-08, 06:45:15, 22.25, 22.32, 22.66, 22.64, 9999.0, 9999.0, 9999.0, 24.02, 9999.0, 22.52, 9999.0, 22.52, 22.39, 22.23, 22.25, 22.23
2026-09-08, 06:45:19, 22.25, 22.34, 22.68, 22.64, 9999.0, 9999.0, 9999.0, 24.07, 9999.0, 22.52, 9999.0, 22.5, 22.36, 22.23, 22.25, 22.23
2026-09-08, 06:45:23, 22.25, 22.32, 22.68, 22.66, 9999.0, 9999.0, 9999.0, 24.02, 9999.0, 22.5, 9999.0, 22.5, 22.34, 22.23, 22.25, 22.23
2026-09-08, 06:45:27, 22.25, 22.32, 22.68, 22.66, 9999.0, 9999.0, 9999.0, 23.98, 9999.0, 22.5, 9999.0, 22.52, 22.34, 22.23, 22.25, 22.23
2026-09-08, 06:45:31, 22.25, 22.32, 22.7, 22.64, 9999.0, 9999.0, 9999.0, 23.93, 9999.0, 22.5, 9999.0, 22.55, 22.34, 22.23, 22.25, 22.23
2026-09-08, 06:45:35, 22.25, 22.3, 22.7, 22.64, 9999.0, 9999.0, 9999.0, 23.89, 9999.0, 22.5, 9999.0, 22.57, 22.34, 22.23, 22.25, 22.23
2026-09-08, 06:45:39, 22.25, 22.3, 22.7, 22.64, 9999.0, 9999.0, 9999.0, 23.86, 9999.0, 22.5, 9999.0, 22.59, 22.34, 22.23, 22.25, 22.23
2026-09-08, 06:45:43, 22.25, 22.27, 22.7, 22.61, 9999.0, 9999.0, 9999.0, 23.82, 9999.0, 22.5, 9999.0, 22.61, 22.34, 22.25, 22.25, 22.23
2026-09-08, 06:45:47, 22.25, 22.3, 22.73, 22.61, 9999.0, 9999.0, 9999.0, 23.77, 9999.0, 22.52, 9999.0, 22.64, 22.36, 22.25, 22.25, 22.23
2026-09-08, 06:45:51, 22.25, 22.32, 22.73, 22.61, 9999.0, 9999.0, 9999.0, 23.75, 9999.0, 22.55, 9999.0, 22.66, 22.36, 22.25, 22.25, 22.23
2026-09-08, 06:45:55, 22.25, 22.32, 22.7, 22.59, 9999.0, 9999.0, 9999.0, 23.77, 9999.0, 22.57, 9999.0, 22.66, 22.39, 22.25, 22.25, 22.23
2026-09-08, 06:45:59, 22.25, 22.32, 22.73, 22.57, 9999.0, 9999.0, 9999.0, 23.8, 9999.0, 22.59, 9999.0, 22.66, 22.41, 22.25, 22.25, 22.25
2026-09-08, 06:46:03, 22.25, 22.3, 22.73, 22.55, 9999.0, 9999.0, 9999.0, 23.82, 9999.0, 22.61, 9999.0, 22.66, 22.41, 22.25, 22.25, 22.25
2026-09-08, 06:46:07, 22.25, 22.3, 22.73, 22.52, 9999.0, 9999.0, 9999.0, 23.84, 9999.0, 22.61, 9999.0, 22.66, 22.41, 22.23, 22.25, 22.25
2026-09-08, 06:46:11, 22.25, 22.3, 22.73, 22.52, 9999.0, 9999.0, 9999.0, 23.86, 9999.0, 22.61, 9999.0, 22.64, 22.39, 22.23, 22.25, 22.25
2026-09-08, 06:46:15, 22.25, 22.3, 22.7, 22.52, 9999.0, 9999.0, 9999.0, 23.89, 9999.0, 22.61, 9999.0, 22.61, 22.39, 22.23, 22.23, 22.25
2026-09-08, 06:46:19, 22.25, 22.32, 22.7, 22.52, 9999.0, 9999.0, 9999.0, 23.91, 9999.0, 22.61, 9999.0, 22.59, 22.36, 22.23, 22.23, 22.25
2026-09-08, 06:46:23, 22.25, 22.32, 22.7, 22.5, 9999.0, 9999.0, 9999.0, 23.93, 9999.0, 22.61, 9999.0, 22.57, 22.36, 22.23, 22.23, 22.23
2026-09-08, 06:46:27, 22.25, 22.34, 22.7, 22.5, 9999.0, 9999.0, 9999.0, 23.98, 9999.0, 22.61, 9999.0, 22.55, 22.34, 22.2, 22.23, 22.23
2026-09-08, 06:46:31, 22.25, 22.32, 22.68, 22.5, 9999.0, 9999.0, 9999.0, 24.02, 9999.0, 22.59, 9999.0, 22.52, 22.34, 22.18, 22.2, 22.23
2026-09-08, 06:46:35, 22.25, 22.32, 22.68, 22.52, 9999.0, 9999.0, 9999.0, 24.07, 9999.0, 22.57, 9999.0, 22.5, 22.34, 22.18, 22.2, 22.23
2026-09-08, 06:46:39, 22.25, 22.32, 22.7, 22.52, 9999.0, 9999.0, 9999.0, 24.02, 9999.0, 22.55, 9999.0, 22.5, 22.32, 22.18, 22.2, 22.23
2026-09-08, 06:46:43, 22.25, 22.32, 22.7, 22.52, 9999.0, 9999.0, 9999.0, 23.98, 9999.0, 22.52, 9999.0, 22.52, 22.32, 22.18, 22.2, 22.23
2026-09-08, 06:46:47, 22.25, 22.32, 22.68, 22.52, 9999.0, 9999.0, 9999.0, 23.93, 9999.0, 22.5, 9999.0, 22.55, 22.34, 22.18, 22.2, 22.23
2026-09-08, 06:46:51, 22.25, 22.34, 22.66, 22.52, 9999.0, 9999.0, 9999.0, 23.91, 9999.0, 22.52, 9999.0, 22.57, 22.34, 22.2, 22.2, 22.23
2026-09-08, 06:46:55, 22.25, 22.34, 22.66, 22.55, 9999.0, 9999.0, 9999.0, 23.86, 9999.0, 22.52, 9999.0, 22.59, 22.34, 22.2, 22.2, 22.23
2026-09-08, 06:46:59, 22.25, 22.34, 22.68, 22.55, 9999.0, 9999.0, 9999.0, 23.82, 9999.0, 22.52, 9999.0, 22.59, 22.34, 22.18, 22.23, 22.23
2026-09-08, 06:47:03, 22.25, 22.32, 22.68, 22.55, 9999.0, 9999.0, 9999.0, 23.77, 9999.0, 22.55, 9999.0, 22.59, 22.36, 22.16, 22.23, 22.23
2026-09-08, 06:47:07, 22.25, 22.32, 22.68, 22.55, 9999.0, 9999.0, 9999.0, 23.73, 9999.0, 22.57, 9999.0, 22.59, 22.39, 22.14, 22.23, 22.25
2026-09-08, 06:47:11, 22.25, 22.3, 22.66, 22.55, 9999.0, 9999.0, 9999.0, 23.75, 9999.0, 22.57, 9999.0, 22.59, 22.41, 22.16, 22.23, 22.25
2026-09-08, 06:47:15, 22.25, 22.32, 22.68, 22.55, 9999.0, 9999.0, 9999.0, 23.77, 9999.0, 22.57, 9999.0, 22.59, 22.41, 22.18, 22.25, 22.25
2026-09-08, 06:47:19, 22.25, 22.32, 22.68, 22.52, 9999.0, 9999.0, 9999.0, 23.8, 9999.0, 22.57, 9999.0, 22.59, 22.43, 22.18, 22.25, 22.25
2026-09-08, 06:47:23, 22.25, 22.34, 22.68, 22.52, 9999.0, 9999.0, 9999.0, 23.84, 9999.0, 22.57, 9999.0, 22.59, 22.43, 22.18, 22.25, 22.25
2026-09-08, 06:47:27, 22.25, 22.34, 22.66, 22.52, 9999.0, 9999.0, 9999.0, 23.86, 9999.0, 22.57, 9999.0, 22.57, 22.41, 22.18, 22.25, 22.25
2026-09-08, 06:47:31, 22.25, 22.34, 22.66, 22.52, 9999.0, 9999.0, 9999.0, 23.89, 9999.0, 22.57, 9999.0, 22.55, 22.39, 22.16, 22.25, 22.25
2026-09-08, 06:47:35, 22.25, 22.34, 22.68, 22.52, 9999.0, 9999.0, 9999.0, 23.91, 9999.0, 22.55, 9999.0, 22.52, 22.41, 22.14, 22.25, 22.25
2026-09-08, 06:47:39, 22.25, 22.34, 22.68, 22.5, 9999.0, 9999.0, 9999.0, 23.93, 9999.0, 22.55, 9999.0, 22.5, 22.41, 22.11, 22.25, 22.23
2026-09-08, 06:47:43, 22.25, 22.34, 22.66, 22.5, 9999.0, 9999.0, 9999.0, 23.98, 9999.0, 22.55, 9999.0, 22.5, 22.39, 22.14, 22.25, 22.23
2026-09-08, 06:47:47, 22.25, 22.34, 22.64, 22.5, 9999.0, 9999.0, 9999.0, 24.02, 9999.0, 22.52, 9999.0, 22.5, 22.36, 22.16, 22.25, 22.23
2026-09-08, 06:47:51, 22.25, 22.34, 22.61, 22.5, 9999.0, 9999.0, 9999.0, 24.05, 9999.0, 22.5, 9999.0, 22.5, 22.34, 22.16, 22.25, 22.23
2026-09-08, 06:47:55, 22.25, 22.34, 22.61, 22.5, 9999.0, 9999.0, 9999.0, 24.0, 9999.0, 22.5, 9999.0, 22.5, 22.32, 22.14, 22.25, 22.23
2026-09-08, 06:47:59, 22.25, 22.32, 22.59, 22.5, 9999.0, 9999.0, 9999.0, 23.95, 9999.0, 22.5, 9999.0, 22.52, 22.32, 22.14, 22.25, 22.23
2026-09-08, 06:48:03, 22.25, 22.32, 22.57, 22.5, 9999.0, 9999.0, 9999.0, 23.91, 9999.0, 22.5, 9999.0, 22.55, 22.32, 22.14, 22.25, 22.23
2026-09-08, 06:48:07, 22.25, 22.32, 22.55, 22.52, 9999.0, 9999.0, 9999.0, 23.86, 9999.0, 22.5, 9999.0, 22.57, 22.32, 22.14, 22.25, 22.2
2026-09-08, 06:48:11, 22.25, 22.32, 22.55, 22.52, 9999.0, 9999.0, 9999.0, 23.82, 9999.0, 22.5, 9999.0, 22.59, 22.32, 22.14, 22.25, 22.2
2026-09-08, 06:48:15, 22.25, 22.32, 22.55, 22.52, 9999.0, 9999.0, 9999.0, 23.77, 9999.0, 22.5, 9999.0, 22.59, 22.34, 22.14, 22.25, 22.2
2026-09-08, 06:48:19, 22.25, 22.32, 22.55, 22.52, 9999.0, 9999.0, 9999.0, 23.73, 9999.0, 22.52, 9999.0, 22.61, 22.34, 22.16, 22.25, 22.18
2026-09-08, 06:48:23, 22.25, 22.32, 22.52, 22.52, 9999.0, 9999.0, 9999.0, 23.7, 9999.0, 22.55, 9999.0, 22.61, 22.34, 22.16, 22.25, 22.2
2026-09-08, 06:48:27, 22.25, 22.32, 22.52, 22.52, 9999.0, 9999.0, 9999.0, 23.73, 9999.0, 22.57, 9999.0, 22.61, 22.36, 22.16, 22.25, 22.2
2026-09-08, 06:48:31, 22.25, 22.32, 22.55, 22.52, 9999.0, 9999.0, 9999.0, 23.75, 9999.0, 22.57, 9999.0, 22.61, 22.36, 22.16, 22.25, 22.2
2026-09-08, 06:48:35, 22.25, 22.32, 22.55, 22.52, 9999.0, 9999.0, 9999.0, 23.8, 9999.0, 22.57, 9999.0, 22.64, 22.39, 22.18, 22.25, 22.2
2026-09-08, 06:48:39, 22.25, 22.32, 22.57, 22.52, 9999.0, 9999.0, 9999.0, 23.84, 9999.0, 22.57, 9999.0, 22.64, 22.41, 22.18, 22.25, 22.2
2026-09-08, 06:48:44, 22.25, 22.34, 22.57, 22.52, 9999.0, 9999.0, 9999.0, 23.86, 9999.0, 22.57, 9999.0, 22.61, 22.39, 22.16, 22.25, 22.2
2026-09-08, 06:48:48, 22.25, 22.32, 22.57, 22.52, 9999.0, 9999.0, 9999.0, 23.89, 9999.0, 22.57, 9999.0, 22.59, 22.36, 22.14, 22.25, 22.2
2026-09-08, 06:48:52, 22.25, 22.3, 22.57, 22.5, 9999.0, 9999.0, 9999.0, 23.91, 9999.0, 22.57, 9999.0, 22.57, 22.36, 22.14, 22.25, 22.23
2026-09-08, 06:48:56, 22.25, 22.32, 22.57, 22.5, 9999.0, 9999.0, 9999.0, 23.95, 9999.0, 22.57, 9999.0, 22.55, 22.36, 22.14, 22.25, 22.2
2026-09-08, 06:49:00, 22.25, 22.32, 22.59, 22.5, 9999.0, 9999.0, 9999.0, 24.0, 9999.0, 22.57, 9999.0, 22.55, 22.34, 22.14, 22.25, 22.2
2026-09-08, 06:49:04, 22.25, 22.32, 22.59, 22.5, 9999.0, 9999.0, 9999.0, 24.05, 9999.0, 22.55, 9999.0, 22.55, 22.32, 22.11, 22.25, 22.23
2026-09-08, 06:49:08, 22.25, 22.32, 22.59, 22.5, 9999.0, 9999.0, 9999.0, 24.09, 9999.0, 22.52, 9999.0, 22.55, 22.32, 22.11, 22.25, 22.23
2026-09-08, 06:49:12, 22.25, 22.32, 22.59, 22.5, 9999.0, 9999.0, 9999.0, 24.05, 9999.0, 22.5, 9999.0, 22.55, 22.3, 22.11, 22.25, 22.23
2026-09-08, 06:49:16, 22.25, 22.32, 22.59, 22.5, 9999.0, 9999.0, 9999.0, 24.0, 9999.0, 22.48, 9999.0, 22.57, 22.3, 22.11, 22.25, 22.23
2026-09-08, 06:49:20, 22.25, 22.32, 22.61, 22.5, 9999.0, 9999.0, 9999.0, 23.95, 9999.0, 22.48, 9999.0, 22.57, 22.27, 22.11, 22.25, 22.23
2026-09-08, 06:49:24, 22.25, 22.32, 22.59, 22.5, 9999.0, 9999.0, 9999.0, 23.89, 9999.0, 22.45, 9999.0, 22.59, 22.25, 22.14, 22.25, 22.23
2026-09-08, 06:49:28, 22.25, 22.3, 22.61, 22.5, 9999.0, 9999.0, 9999.0, 23.86, 9999.0, 22.45, 9999.0, 22.61, 22.27, 22.16, 22.25, 22.2
2026-09-08, 06:49:32, 22.25, 22.32, 22.61, 22.5, 9999.0, 9999.0, 9999.0, 23.82, 9999.0, 22.45, 9999.0, 22.61, 22.3, 22.16, 22.25, 22.2
2026-09-08, 06:49:36, 22.25, 22.32, 22.61, 22.5, 9999.0, 9999.0, 9999.0, 23.77, 9999.0, 22.48, 9999.0, 22.61, 22.32, 22.14, 22.25, 22.2
2026-09-08, 06:49:40, 22.25, 22.3, 22.61, 22.52, 9999.0, 9999.0, 9999.0, 23.73, 9999.0, 22.5, 9999.0, 22.61, 22.34, 22.14, 22.25, 22.23
2026-09-08, 06:49:44, 22.25, 22.3, 22.59, 22.52, 9999.0, 9999.0, 9999.0, 23.68, 9999.0, 22.5, 9999.0, 22.64, 22.36, 22.16, 22.25, 22.23
2026-09-08, 06:49:48, 22.25, 22.27, 22.57, 22.52, 9999.0, 9999.0, 9999.0, 23.7, 9999.0, 22.5, 9999.0, 22.61, 22.39, 22.18, 22.25, 22.23
2026-09-08, 06:49:52, 22.25, 22.27, 22.59, 22.52, 9999.0, 9999.0, 9999.0, 23.73, 9999.0, 22.5, 9999.0, 22.61, 22.41, 22.2, 22.25, 22.23
2026-09-08, 06:49:56, 22.25, 22.27, 22.59, 22.52, 9999.0, 9999.0, 9999.0, 23.75, 9999.0, 22.5, 9999.0, 22.61, 22.43, 22.2, 22.25, 22.23
2026-09-08, 06:50:00, 22.25, 22.27, 22.59, 22.52, 9999.0, 9999.0, 9999.0, 23.77, 9999.0, 22.52, 9999.0, 22.59, 22.43, 22.2, 22.25, 22.23
2026-09-08, 06:50:04, 22.25, 22.27, 22.57, 22.52, 9999.0, 9999.0, 9999.0, 23.8, 9999.0, 22.52, 9999.0, 22.57, 22.45, 22.2, 22.25, 22.23
2026-09-08, 06:50:08, 22.25, 22.27, 22.57, 22.52, 9999.0, 9999.0, 9999.0, 23.84, 9999.0, 22.55, 9999.0, 22.55, 22.45, 22.18, 22.25, 22.2
2026-09-08, 06:50:12, 22.25, 22.27, 22.55, 22.52, 9999.0, 9999.0, 9999.0, 23.86, 9999.0, 22.55, 9999.0, 22.52, 22.43, 22.16, 22.25, 22.2
2026-09-08, 06:50:16, 22.25, 22.25, 22.55, 22.52, 9999.0, 9999.0, 9999.0, 23.91, 9999.0, 22.55, 9999.0, 22.5, 22.41, 22.18, 22.25, 22.2
2026-09-08, 06:50:20, 22.25, 22.25, 22.55, 22.52, 9999.0, 9999.0, 9999.0, 23.95, 9999.0, 22.52, 9999.0, 22.5, 22.39, 22.2, 22.25, 22.2
2026-09-08, 06:50:24, 22.25, 22.25, 22.55, 22.5, 9999.0, 9999.0, 9999.0, 24.0, 9999.0, 22.5, 9999.0, 22.5, 22.36, 22.18, 22.25, 22.2
2026-09-08, 06:50:28, 22.23, 22.25, 22.57, 22.5, 9999.0, 9999.0, 9999.0, 24.02, 9999.0, 22.5, 9999.0, 22.48, 22.34, 22.16, 22.25, 22.2
2026-09-08, 06:50:32, 22.23, 22.25, 22.57, 22.5, 9999.0, 9999.0, 9999.0, 23.98, 9999.0, 22.48, 9999.0, 22.5, 22.32, 22.16, 22.25, 22.18
2026-09-08, 06:50:36, 22.23, 22.25, 22.55, 22.5, 9999.0, 9999.0, 9999.0, 23.93, 9999.0, 22.45, 9999.0, 22.52, 22.3, 22.16, 22.25, 22.18
2026-09-08, 06:50:40, 22.23, 22.25, 22.55, 22.5, 9999.0, 9999.0, 9999.0, 23.91, 9999.0, 22.43, 9999.0, 22.55, 22.3, 22.16, 22.25, 22.18
2026-09-08, 06:50:44, 22.23, 22.27, 22.52, 22.5, 9999.0, 9999.0, 9999.0, 23.86, 9999.0, 22.43, 9999.0, 22.55, 22.32, 22.16, 22.25, 22.18
2026-09-08, 06:50:48, 22.23, 22.27, 22.52, 22.5, 9999.0, 9999.0, 9999.0, 23.84, 9999.0, 22.43, 9999.0, 22.55, 22.3, 22.16, 22.23, 22.18
2026-09-08, 06:50:52, 22.23, 22.3, 22.52, 22.5, 9999.0, 9999.0, 9999.0, 23.8, 9999.0, 22.45, 9999.0, 22.55, 22.32, 22.18, 22.23, 22.2
2026-09-08, 06:50:56, 22.23, 22.3, 22.52, 22.5, 9999.0, 9999.0, 9999.0, 23.75, 9999.0, 22.48, 9999.0, 22.55, 22.34, 22.2, 22.23, 22.23
2026-09-08, 06:51:00, 22.23, 22.3, 22.52, 22.5, 9999.0, 9999.0, 9999.0, 23.7, 9999.0, 22.48, 9999.0, 22.57, 22.36, 22.18, 22.23, 22.2
2026-09-08, 06:51:04, 22.23, 22.3, 22.52, 22.5, 9999.0, 9999.0, 9999.0, 23.73, 9999.0, 22.48, 9999.0, 22.57, 22.36, 22.16, 22.23, 22.2
2026-09-08, 06:51:08, 22.23, 22.3, 22.52, 22.5, 9999.0, 9999.0, 9999.0, 23.75, 9999.0, 22.48, 9999.0, 22.57, 22.36, 22.18, 22.23, 22.2
2026-09-08, 06:51:12, 22.25, 22.3, 22.52, 22.5, 9999.0, 9999.0, 9999.0, 23.8, 9999.0, 22.48, 9999.0, 22.57, 22.36, 22.18, 22.23, 22.18
2026-09-08, 06:51:16, 22.25, 22.3, 22.52, 22.5, 9999.0, 9999.0, 9999.0, 23.82, 9999.0, 22.5, 9999.0, 22.55, 22.39, 22.16, 22.23, 22.2
2026-09-08, 06:51:20, 22.25, 22.3, 22.55, 22.5, 9999.0, 9999.0, 9999.0, 23.84, 9999.0, 22.52, 9999.0, 22.52, 22.39, 22.14, 22.23, 22.2
2026-09-08, 06:51:24, 22.25, 22.3, 22.55, 22.52, 9999.0, 9999.0, 9999.0, 23.86, 9999.0, 22.55, 9999.0, 22.5, 22.36, 22.14, 22.23, 22.2
2026-09-08, 06:51:28, 22.25, 22.27, 22.55, 22.52, 9999.0, 9999.0, 9999.0, 23.89, 9999.0, 22.55, 9999.0, 22.5, 22.36, 22.11, 22.23, 22.2
2026-09-08, 06:51:32, 22.25, 22.27, 22.55, 22.52, 9999.0, 9999.0, 9999.0, 23.89, 9999.0, 22.55, 9999.0, 22.5, 22.36, 22.09, 22.25, 22.2
2026-09-08, 06:51:36, 22.25, 22.25, 22.55, 22.52, 9999.0, 9999.0, 9999.0, 23.91, 9999.0, 22.52, 9999.0, 22.5, 22.34, 22.09, 22.25, 22.18
2026-09-08, 06:51:40, 22.25, 22.25, 22.57, 22.52, 9999.0, 9999.0, 9999.0, 23.93, 9999.0, 22.5, 9999.0, 22.5, 22.34, 22.09, 22.25, 22.16
2026-09-08, 06:51:44, 22.25, 22.25, 22.57, 22.52, 9999.0, 9999.0, 9999.0, 23.95, 9999.0, 22.48, 9999.0, 22.52, 22.32, 22.11, 22.25, 22.16
2026-09-08, 06:51:48, 22.25, 22.25, 22.57, 22.55, 9999.0, 9999.0, 9999.0, 23.91, 9999.0, 22.45, 9999.0, 22.55, 22.32, 22.14, 22.25, 22.16
2026-09-08, 06:51:52, 22.25, 22.25, 22.57, 22.55, 9999.0, 9999.0, 9999.0, 23.86, 9999.0, 22.45, 9999.0, 22.57, 22.32, 22.14, 22.25, 22.16
2026-09-08, 06:51:56, 22.25, 22.25, 22.55, 22.55, 9999.0, 9999.0, 9999.0, 23.8, 9999.0, 22.43, 9999.0, 22.59, 22.32, 22.16, 22.25, 22.16
2026-09-08, 06:52:00, 22.25, 22.27, 22.57, 22.55, 9999.0, 9999.0, 9999.0, 23.75, 9999.0, 22.43, 9999.0, 22.61, 22.3, 22.16, 22.25, 22.16
2026-09-08, 06:52:04, 22.25, 22.27, 22.55, 22.55, 9999.0, 9999.0, 9999.0, 23.7, 9999.0, 22.43, 9999.0, 22.61, 22.3, 22.18, 22.25, 22.16
2026-09-08, 06:52:08, 22.25, 22.27, 22.55, 22.55, 9999.0, 9999.0, 9999.0, 23.66, 9999.0, 22.43, 9999.0, 22.64, 22.32, 22.16, 22.25, 22.16
2026-09-08, 06:52:12, 22.25, 22.27, 22.55, 22.55, 9999.0, 9999.0, 9999.0, 23.64, 9999.0, 22.45, 9999.0, 22.66, 22.3, 22.18, 22.25, 22.14
2026-09-08, 06:52:16, 22.25, 22.3, 22.55, 22.55, 9999.0, 9999.0, 9999.0, 23.61, 9999.0, 22.45, 9999.0, 22.66, 22.32, 22.2, 22.25, 22.14
2026-09-08, 06:52:20, 22.25, 22.3, 22.55, 22.55, 9999.0, 9999.0, 9999.0, 23.66, 9999.0, 22.45, 9999.0, 22.66, 22.32, 22.2, 22.25, 22.16
2026-09-08, 06:52:24, 22.23, 22.3, 22.52, 22.55, 9999.0, 9999.0, 9999.0, 23.7, 9999.0, 22.45, 9999.0, 22.66, 22.3, 22.18, 22.25, 22.18
2026-09-08, 06:52:28, 22.23, 22.32, 22.55, 22.55, 9999.0, 9999.0, 9999.0, 23.73, 9999.0, 22.48, 9999.0, 22.64, 22.3, 22.16, 22.25, 22.2
2026-09-08, 06:52:33, 22.23, 22.32, 22.55, 22.52, 9999.0, 9999.0, 9999.0, 23.75, 9999.0, 22.5, 9999.0, 22.61, 22.32, 22.16, 22.25, 22.2
2026-09-08, 06:52:37, 22.23, 22.32, 22.55, 22.52, 9999.0, 9999.0, 9999.0, 23.77, 9999.0, 22.5, 9999.0, 22.59, 22.32, 22.14, 22.25, 22.2
2026-09-08, 06:52:41, 22.23, 22.32, 22.57, 22.52, 9999.0, 9999.0, 9999.0, 23.82, 9999.0, 22.52, 9999.0, 22.57, 22.32, 22.11, 22.25, 22.23
2026-09-08, 06:52:45, 22.23, 22.3, 22.57, 22.52, 9999.0, 9999.0, 9999.0, 23.84, 9999.0, 22.52, 9999.0, 22.55, 22.32, 22.14, 22.25, 22.23
2026-09-08, 06:52:49, 22.23, 22.3, 22.59, 22.52, 9999.0, 9999.0, 9999.0, 23.86, 9999.0, 22.52, 9999.0, 22.55, 22.34, 22.11, 22.25, 22.23
2026-09-08, 06:52:53, 22.23, 22.3, 22.59, 22.5, 9999.0, 9999.0, 9999.0, 23.91, 9999.0, 22.52, 9999.0, 22.52, 22.32, 22.11, 22.25, 22.23
2026-09-08, 06:52:57, 22.23, 22.3, 22.59, 22.5, 9999.0, 9999.0, 9999.0, 23.93, 9999.0, 22.5, 9999.0, 22.5, 22.34, 22.11, 22.25, 22.23
2026-09-08, 06:53:01, 22.23, 22.27, 22.59, 22.5, 9999.0, 9999.0, 9999.0, 23.95, 9999.0, 22.48, 9999.0, 22.5, 22.34, 22.09, 22.25, 22.23
2026-09-08, 06:53:05, 22.23, 22.3, 22.59, 22.5, 9999.0, 9999.0, 9999.0, 23.91, 9999.0, 22.45, 9999.0, 22.52, 22.36, 22.09, 22.25, 22.2
2026-09-08, 06:53:09, 22.25, 22.3, 22.59, 22.5, 9999.0, 9999.0, 9999.0, 23.86, 9999.0, 22.43, 9999.0, 22.55, 22.36, 22.11, 22.25, 22.2
2026-09-08, 06:53:13, 22.25, 22.27, 22.59, 22.5, 9999.0, 9999.0, 9999.0, 23.84, 9999.0, 22.41, 9999.0, 22.57, 22.36, 22.14, 22.25, 22.2
2026-09-08, 06:53:17, 22.25, 22.27, 22.59, 22.5, 9999.0, 9999.0, 9999.0, 23.82, 9999.0, 22.41, 9999.0, 22.57, 22.34, 22.14, 22.25, 22.2
2026-09-08, 06:53:21, 22.25, 22.27, 22.59, 22.5, 9999.0, 9999.0, 9999.0, 23.77, 9999.0, 22.41, 9999.0, 22.59, 22.34, 22.16, 22.25, 22.2
2026-09-08, 06:53:25, 22.25, 22.27, 22.57, 22.5, 9999.0, 9999.0, 9999.0, 23.73, 9999.0, 22.41, 9999.0, 22.59, 22.36, 22.18, 22.25, 22.2
2026-09-08, 06:53:29, 22.25, 22.27, 22.55, 22.5, 9999.0, 9999.0, 9999.0, 23.7, 9999.0, 22.43, 9999.0, 22.61, 22.39, 22.18, 22.25, 22.18
2026-09-08, 06:53:33, 22.25, 22.27, 22.52, 22.5, 9999.0, 9999.0, 9999.0, 23.68, 9999.0, 22.43, 9999.0, 22.61, 22.39, 22.18, 22.25, 22.18
2026-09-08, 06:53:37, 22.25, 22.27, 22.52, 22.52, 9999.0, 9999.0, 9999.0, 23.7, 9999.0, 22.43, 9999.0, 22.61, 22.41, 22.2, 22.25, 22.18
2026-09-08, 06:53:41, 22.25, 22.3, 22.52, 22.52, 9999.0, 9999.0, 9999.0, 23.75, 9999.0, 22.43, 9999.0, 22.64, 22.39, 22.18, 22.25, 22.2
2026-09-08, 06:53:45, 22.25, 22.3, 22.52, 22.52, 9999.0, 9999.0, 9999.0, 23.77, 9999.0, 22.45, 9999.0, 22.64, 22.36, 22.18, 22.25, 22.2
2026-09-08, 06:53:49, 22.25, 22.27, 22.52, 22.52, 9999.0, 9999.0, 9999.0, 23.8, 9999.0, 22.48, 9999.0, 22.61, 22.34, 22.16, 22.25, 22.2
2026-09-08, 06:53:53, 22.25, 22.27, 22.52, 22.52, 9999.0, 9999.0, 9999.0, 23.82, 9999.0, 22.48, 9999.0, 22.59, 22.34, 22.16, 22.25, 22.18
2026-09-08, 06:53:57, 22.25, 22.27, 22.5, 22.52, 9999.0, 9999.0, 9999.0, 23.82, 9999.0, 22.48, 9999.0, 22.57, 22.34, 22.16, 22.25, 22.16
2026-09-08, 06:54:01, 22.25, 22.27, 22.52, 22.52, 9999.0, 9999.0, 9999.0, 23.82, 9999.0, 22.45, 9999.0, 22.57, 22.34, 22.16, 22.25, 22.16
2026-09-08, 06:54:05, 22.23, 22.27, 22.52, 22.52, 9999.0, 9999.0, 9999.0, 23.84, 9999.0, 22.43, 9999.0, 22.55, 22.34, 22.14, 22.25, 22.16
2026-09-08, 06:54:09, 22.23, 22.27, 22.52, 22.52, 9999.0, 9999.0, 9999.0, 23.86, 9999.0, 22.41, 9999.0, 22.55, 22.32, 22.11, 22.25, 22.16
2026-09-08, 06:54:13, 22.23, 22.27, 22.52, 22.52, 9999.0, 9999.0, 9999.0, 23.89, 9999.0, 22.36, 9999.0, 22.52, 22.3, 22.11, 22.25, 22.18
2026-09-08, 06:54:17, 22.23, 22.27, 22.52, 22.52, 9999.0, 9999.0, 9999.0, 23.91, 9999.0, 22.34, 9999.0, 22.52, 22.27, 22.11, 22.25, 22.16
2026-09-08, 06:54:21, 22.23, 22.27, 22.52, 22.52, 9999.0, 9999.0, 9999.0, 23.86, 9999.0, 22.32, 9999.0, 22.52, 22.25, 22.11, 22.25, 22.16
2026-09-08, 06:54:25, 22.23, 22.25, 22.52, 22.52, 9999.0, 9999.0, 9999.0, 23.82, 9999.0, 22.3, 9999.0, 22.52, 22.27, 22.14, 22.25, 22.16
2026-09-08, 06:54:29, 22.23, 22.25, 22.52, 22.55, 9999.0, 9999.0, 9999.0, 23.77, 9999.0, 22.27, 9999.0, 22.55, 22.27, 22.16, 22.25, 22.16
2026-09-08, 06:54:33, 22.23, 22.25, 22.52, 22.55, 9999.0, 9999.0, 9999.0, 23.73, 9999.0, 22.25, 9999.0, 22.57, 22.27, 22.18, 22.25, 22.16
2026-09-08, 06:54:37, 22.23, 22.25, 22.52, 22.55, 9999.0, 9999.0, 9999.0, 23.68, 9999.0, 22.27, 9999.0, 22.59, 22.3, 22.18, 22.25, 22.18
2026-09-08, 06:54:41, 22.23, 22.25, 22.52, 22.55, 9999.0, 9999.0, 9999.0, 23.66, 9999.0, 22.3, 9999.0, 22.59, 22.32, 22.16, 22.25, 22.2
2026-09-08, 06:54:45, 22.23, 22.25, 22.5, 22.55, 9999.0, 9999.0, 9999.0, 23.64, 9999.0, 22.32, 9999.0, 22.59, 22.34, 22.16, 22.25, 22.2
2026-09-08, 06:54:49, 22.25, 22.25, 22.52, 22.57, 9999.0, 9999.0, 9999.0, 23.61, 9999.0, 22.34, 9999.0, 22.59, 22.36, 22.18, 22.25, 22.2
2026-09-08, 06:54:53, 22.25, 22.25, 22.52, 22.57, 9999.0, 9999.0, 9999.0, 23.66, 9999.0, 22.36, 9999.0, 22.59, 22.39, 22.2, 22.25, 22.2
2026-09-08, 06:54:57, 22.25, 22.25, 22.55, 22.59, 9999.0, 9999.0, 9999.0, 23.7, 9999.0, 22.39, 9999.0, 22.59, 22.39, 22.18, 22.25, 22.2
2026-09-08, 06:55:01, 22.25, 22.25, 22.55, 22.59, 9999.0, 9999.0, 9999.0, 23.73, 9999.0, 22.41, 9999.0, 22.59, 22.41, 22.2, 22.25, 22.23
2026-09-08, 06:55:05, 22.25, 22.25, 22.55, 22.57, 9999.0, 9999.0, 9999.0, 23.75, 9999.0, 22.41, 9999.0, 22.59, 22.41, 22.2, 22.25, 22.2
2026-09-08, 06:55:09, 22.25, 22.25, 22.55, 22.57, 9999.0, 9999.0, 9999.0, 23.77, 9999.0, 22.41, 9999.0, 22.57, 22.39, 22.2, 22.23, 22.18
2026-09-08, 06:55:13, 22.25, 22.25, 22.55, 22.55, 9999.0, 9999.0, 9999.0, 23.8, 9999.0, 22.41, 9999.0, 22.55, 22.39, 22.2, 22.23, 22.16
2026-09-08, 06:55:17, 22.25, 22.25, 22.55, 22.55, 9999.0, 9999.0, 9999.0, 23.82, 9999.0, 22.41, 9999.0, 22.52, 22.41, 22.18, 22.23, 22.18
2026-09-08, 06:55:21, 22.25, 22.25, 22.55, 22.57, 9999.0, 9999.0, 9999.0, 23.84, 9999.0, 22.39, 9999.0, 22.5, 22.39, 22.18, 22.23, 22.18
2026-09-08, 06:55:25, 22.25, 22.25, 22.55, 22.57, 9999.0, 9999.0, 9999.0, 23.89, 9999.0, 22.36, 9999.0, 22.5, 22.36, 22.2, 22.23, 22.18
2026-09-08, 06:55:29, 22.25, 22.25, 22.55, 22.57, 9999.0, 9999.0, 9999.0, 23.91, 9999.0, 22.34, 9999.0, 22.48, 22.36, 22.18, 22.23, 22.18
2026-09-08, 06:55:33, 22.25, 22.25, 22.55, 22.55, 9999.0, 9999.0, 9999.0, 23.93, 9999.0, 22.32, 9999.0, 22.5, 22.34, 22.16, 22.23, 22.16
2026-09-08, 06:55:37, 22.25, 22.25, 22.57, 22.57, 9999.0, 9999.0, 9999.0, 23.89, 9999.0, 22.3, 9999.0, 22.5, 22.32, 22.14, 22.23, 22.16
2026-09-08, 06:55:41, 22.25, 22.25, 22.55, 22.57, 9999.0, 9999.0, 9999.0, 23.84, 9999.0, 22.27, 9999.0, 22.52, 22.32, 22.14, 22.23, 22.16
2026-09-08, 06:55:45, 22.25, 22.25, 22.57, 22.57, 9999.0, 9999.0, 9999.0, 23.82, 9999.0, 22.25, 9999.0, 22.55, 22.3, 22.14, 22.23, 22.14
2026-09-08, 06:55:49, 22.25, 22.25, 22.59, 22.57, 9999.0, 9999.0, 9999.0, 23.77, 9999.0, 22.25, 9999.0, 22.57, 22.3, 22.14, 22.23, 22.16
2026-09-08, 06:55:53, 22.25, 22.25, 22.59, 22.57, 9999.0, 9999.0, 9999.0, 23.73, 9999.0, 22.25, 9999.0, 22.59, 22.32, 22.14, 22.25, 22.18
2026-09-08, 06:55:57, 22.25, 22.25, 22.61, 22.57, 9999.0, 9999.0, 9999.0, 23.7, 9999.0, 22.25, 9999.0, 22.59, 22.32, 22.11, 22.25, 22.18
2026-09-08, 06:56:01, 22.25, 22.25, 22.61, 22.57, 9999.0, 9999.0, 9999.0, 23.68, 9999.0, 22.27, 9999.0, 22.59, 22.3, 22.14, 22.25, 22.18
2026-09-08, 06:56:05, 22.25, 22.25, 22.61, 22.55, 9999.0, 9999.0, 9999.0, 23.64, 9999.0, 22.3, 9999.0, 22.61, 22.32, 22.14, 22.25, 22.18
2026-09-08, 06:56:09, 22.25, 22.25, 22.61, 22.55, 9999.0, 9999.0, 9999.0, 23.57, 9999.0, 22.32, 9999.0, 22.64, 22.34, 22.11, 22.25, 22.18
2026-09-08, 06:56:13, 22.25, 22.25, 22.61, 22.55, 9999.0, 9999.0, 9999.0, 23.59, 9999.0, 22.34, 9999.0, 22.66, 22.34, 22.14, 22.25, 22.18
2026-09-08, 06:56:17, 22.23, 22.25, 22.59, 22.55, 9999.0, 9999.0, 9999.0, 23.61, 9999.0, 22.36, 9999.0, 22.64, 22.36, 22.14, 22.25, 22.2
2026-09-08, 06:56:21, 22.23, 22.25, 22.59, 22.52, 9999.0, 9999.0, 9999.0, 23.64, 9999.0, 22.36, 9999.0, 22.64, 22.39, 22.14, 22.25, 22.2
2026-09-08, 06:56:26, 22.23, 22.25, 22.61, 22.5, 9999.0, 9999.0, 9999.0, 23.66, 9999.0, 22.36, 9999.0, 22.61, 22.41, 22.16, 22.25, 22.2
2026-09-08, 06:56:30, 22.23, 22.25, 22.61, 22.5, 9999.0, 9999.0, 9999.0, 23.68, 9999.0, 22.36, 9999.0, 22.59, 22.41, 22.16, 22.25, 22.23
2026-09-08, 06:56:34, 22.23, 22.25, 22.61, 22.5, 9999.0, 9999.0, 9999.0, 23.7, 9999.0, 22.36, 9999.0, 22.57, 22.41, 22.14, 22.25, 22.23
2026-09-08, 06:56:38, 22.23, 22.25, 22.61, 22.5, 9999.0, 9999.0, 9999.0, 23.73, 9999.0, 22.36, 9999.0, 22.55, 22.39, 22.14, 22.25, 22.2
2026-09-08, 06:56:42, 22.23, 22.25, 22.59, 22.5, 9999.0, 9999.0, 9999.0, 23.77, 9999.0, 22.36, 9999.0, 22.55, 22.39, 22.16, 22.25, 22.23
2026-09-08, 06:56:46, 22.23, 22.27, 22.59, 22.5, 9999.0, 9999.0, 9999.0, 23.8, 9999.0, 22.34, 9999.0, 22.55, 22.39, 22.16, 22.25, 22.23
2026-09-08, 06:56:50, 22.23, 22.27, 22.59, 22.5, 9999.0, 9999.0, 9999.0, 23.84, 9999.0, 22.3, 9999.0, 22.52, 22.36, 22.16, 22.25, 22.23
2026-09-08, 06:56:54, 22.23, 22.27, 22.61, 22.5, 9999.0, 9999.0, 9999.0, 23.89, 9999.0, 22.27, 9999.0, 22.5, 22.34, 22.16, 22.25, 22.23
2026-09-08, 06:56:58, 22.23, 22.27, 22.61, 22.5, 9999.0, 9999.0, 9999.0, 23.86, 9999.0, 22.25, 9999.0, 22.5, 22.32, 22.16, 22.25, 22.23
2026-09-08, 06:57:02, 22.25, 22.27, 22.61, 22.52, 9999.0, 9999.0, 9999.0, 23.82, 9999.0, 22.2, 9999.0, 22.52, 22.3, 22.18, 22.23, 22.23
2026-09-08, 06:57:06, 22.25, 22.27, 22.61, 22.52, 9999.0, 9999.0, 9999.0, 23.77, 9999.0, 22.18, 9999.0, 22.55, 22.27, 22.18, 22.23, 22.2
2026-09-08, 06:57:10, 22.25, 22.27, 22.59, 22.52, 9999.0, 9999.0, 9999.0, 23.73, 9999.0, 22.18, 9999.0, 22.57, 22.25, 22.18, 22.23, 22.2
2026-09-08, 06:57:14, 22.25, 22.27, 22.57, 22.52, 9999.0, 9999.0, 9999.0, 23.68, 9999.0, 22.18, 9999.0, 22.57, 22.25, 22.18, 22.2, 22.2
2026-09-08, 06:57:18, 22.25, 22.27, 22.55, 22.55, 9999.0, 9999.0, 9999.0, 23.66, 9999.0, 22.18, 9999.0, 22.59, 22.27, 22.18, 22.2, 22.2
2026-09-08, 06:57:22, 22.25, 22.27, 22.55, 22.57, 9999.0, 9999.0, 9999.0, 23.61, 9999.0, 22.2, 9999.0, 22.59, 22.3, 22.18, 22.2, 22.23
2026-09-08, 06:57:26, 22.25, 22.27, 22.55, 22.59, 9999.0, 9999.0, 9999.0, 23.55, 9999.0, 22.2, 9999.0, 22.59, 22.32, 22.16, 22.2, 22.23
2026-09-08, 06:57:30, 22.25, 22.25, 22.55, 22.59, 9999.0, 9999.0, 9999.0, 23.59, 9999.0, 22.2, 9999.0, 22.59, 22.34, 22.14, 22.2, 22.23
2026-09-08, 06:57:34, 22.25, 22.25, 22.55, 22.61, 9999.0, 9999.0, 9999.0, 23.61, 9999.0, 22.23, 9999.0, 22.59, 22.34, 22.11, 22.2, 22.23
2026-09-08, 06:57:38, 22.25, 22.27, 22.52, 22.64, 9999.0, 9999.0, 9999.0, 23.64, 9999.0, 22.23, 9999.0, 22.59, 22.36, 22.11, 22.2, 22.23
2026-09-08, 06:57:42, 22.25, 22.27, 22.55, 22.64, 9999.0, 9999.0, 9999.0, 23.66, 9999.0, 22.23, 9999.0, 22.59, 22.36, 22.09, 22.2, 22.2
2026-09-08, 06:57:46, 22.25, 22.3, 22.57, 22.61, 9999.0, 9999.0, 9999.0, 23.68, 9999.0, 22.25, 9999.0, 22.57, 22.36, 22.09, 22.23, 22.2
2026-09-08, 06:57:50, 22.25, 22.3, 22.57, 22.61, 9999.0, 9999.0, 9999.0, 23.73, 9999.0, 22.27, 9999.0, 22.55, 22.36, 22.09, 22.23, 22.23
2026-09-08, 06:57:54, 22.25, 22.3, 22.57, 22.64, 9999.0, 9999.0, 9999.0, 23.75, 9999.0, 22.27, 9999.0, 22.52, 22.36, 22.09, 22.23, 22.23
2026-09-08, 06:57:58, 22.25, 22.3, 22.59, 22.64, 9999.0, 9999.0, 9999.0, 23.77, 9999.0, 22.27, 9999.0, 22.52, 22.36, 22.07, 22.25, 22.23
2026-09-08, 06:58:02, 22.25, 22.3, 22.61, 22.61, 9999.0, 9999.0, 9999.0, 23.8, 9999.0, 22.25, 9999.0, 22.5, 22.34, 22.07, 22.25, 22.23
2026-09-08, 06:58:06, 22.25, 22.3, 22.61, 22.59, 9999.0, 9999.0, 9999.0, 23.82, 9999.0, 22.23, 9999.0, 22.52, 22.32, 22.05, 22.25, 22.2
2026-09-08, 06:58:10, 22.25, 22.3, 22.61, 22.57, 9999.0, 9999.0, 9999.0, 23.84, 9999.0, 22.23, 9999.0, 22.52, 22.3, 22.05, 22.25, 22.2
2026-09-08, 06:58:14, 22.25, 22.3, 22.64, 22.59, 9999.0, 9999.0, 9999.0, 23.77, 9999.0, 22.2, 9999.0, 22.55, 22.27, 22.05, 22.25, 22.2
2026-09-08, 06:58:18, 22.25, 22.3, 22.64, 22.57, 9999.0, 9999.0, 9999.0, 23.73, 9999.0, 22.18, 9999.0, 22.57, 22.3, 22.05, 22.25, 22.2
2026-09-08, 06:58:22, 22.25, 22.27, 22.64, 22.55, 9999.0, 9999.0, 9999.0, 23.68, 9999.0, 22.16, 9999.0, 22.59, 22.3, 22.07, 22.25, 22.2
2026-09-08, 06:58:26, 22.25, 22.27, 22.64, 22.57, 9999.0, 9999.0, 9999.0, 23.64, 9999.0, 22.16, 9999.0, 22.61, 22.3, 22.09, 22.25, 22.23
2026-09-08, 06:58:30, 22.25, 22.25, 22.64, 22.57, 9999.0, 9999.0, 9999.0, 23.61, 9999.0, 22.16, 9999.0, 22.64, 22.3, 22.09, 22.25, 22.23
2026-09-08, 06:58:34, 22.25, 22.25, 22.61, 22.57, 9999.0, 9999.0, 9999.0, 23.55, 9999.0, 22.16, 9999.0, 22.64, 22.32, 22.11, 22.25, 22.23
2026-09-08, 06:58:38, 22.25, 22.25, 22.61, 22.57, 9999.0, 9999.0, 9999.0, 23.5, 9999.0, 22.16, 9999.0, 22.64, 22.34, 22.11, 22.25, 22.23
2026-09-08, 06:58:42, 22.25, 22.25, 22.61, 22.57, 9999.0, 9999.0, 9999.0, 23.45, 9999.0, 22.16, 9999.0, 22.66, 22.36, 22.14, 22.25, 22.23
2026-09-08, 06:58:46, 22.25, 22.25, 22.59, 22.57, 9999.0, 9999.0, 9999.0, 23.41, 9999.0, 22.18, 9999.0, 22.66, 22.39, 22.16, 22.25, 22.23
2026-09-08, 06:58:50, 22.25, 22.25, 22.59, 22.57, 9999.0, 9999.0, 9999.0, 23.45, 9999.0, 22.18, 9999.0, 22.64, 22.41, 22.16, 22.25, 22.25
2026-09-08, 06:58:54, 22.25, 22.25, 22.61, 22.57, 9999.0, 9999.0, 9999.0, 23.5, 9999.0, 22.18, 9999.0, 22.66, 22.41, 22.18, 22.25, 22.25
2026-09-08, 06:58:58, 22.25, 22.25, 22.59, 22.57, 9999.0, 9999.0, 9999.0, 23.55, 9999.0, 22.2, 9999.0, 22.64, 22.43, 22.18, 22.25, 22.25
2026-09-08, 06:59:02, 22.25, 22.25, 22.61, 22.57, 9999.0, 9999.0, 9999.0, 23.59, 9999.0, 22.23, 9999.0, 22.61, 22.43, 22.2, 22.25, 22.25
2026-09-08, 06:59:06, 22.25, 22.25, 22.61, 22.57, 9999.0, 9999.0, 9999.0, 23.61, 9999.0, 22.23, 9999.0, 22.59, 22.41, 22.2, 22.25, 22.25
2026-09-08, 06:59:10, 22.25, 22.25, 22.61, 22.55, 9999.0, 9999.0, 9999.0, 23.64, 9999.0, 22.23, 9999.0, 22.57, 22.43, 22.2, 22.25, 22.25
2026-09-08, 06:59:14, 22.25, 22.25, 22.61, 22.55, 9999.0, 9999.0, 9999.0, 23.66, 9999.0, 22.2, 9999.0, 22.55, 22.43, 22.2, 22.25, 22.25
2026-09-08, 06:59:18, 22.25, 22.25, 22.64, 22.55, 9999.0, 9999.0, 9999.0, 23.7, 9999.0, 22.18, 9999.0, 22.55, 22.41, 22.18, 22.25, 22.25
2026-09-08, 06:59:22, 22.25, 22.25, 22.64, 22.55, 9999.0, 9999.0, 9999.0, 23.73, 9999.0, 22.16, 9999.0, 22.55, 22.39, 22.16, 22.25, 22.25
2026-09-08, 06:59:26, 22.25, 22.27, 22.64, 22.55, 9999.0, 9999.0, 9999.0, 23.75, 9999.0, 22.14, 9999.0, 22.52, 22.36, 22.16, 22.25, 22.25
2026-09-08, 06:59:30, 22.25, 22.27, 22.66, 22.57, 9999.0, 9999.0, 9999.0, 23.77, 9999.0, 22.11, 9999.0, 22.52, 22.34, 22.16, 22.25, 22.25
2026-09-08, 06:59:34, 22.25, 22.27, 22.66, 22.59, 9999.0, 9999.0, 9999.0, 23.73, 9999.0, 22.09, 9999.0, 22.55, 22.34, 22.18, 22.25, 22.25
2026-09-08, 06:59:38, 22.25, 22.27, 22.64, 22.61, 9999.0, 9999.0, 9999.0, 23.68, 9999.0, 22.07, 9999.0, 22.55, 22.34, 22.18, 22.25, 22.25
2026-09-08, 06:59:42, 22.25, 22.27, 22.66, 22.61, 9999.0, 9999.0, 9999.0, 23.61, 9999.0, 22.05, 9999.0, 22.57, 22.34, 22.2, 22.25, 22.25
2026-09-08, 06:59:46, 22.25, 22.27, 22.66, 22.64, 9999.0, 9999.0, 9999.0, 23.55, 9999.0, 22.05, 9999.0, 22.59, 22.34, 22.2, 22.25, 22.25
2026-09-08, 06:59:50, 22.25, 22.27, 22.68, 22.66, 9999.0, 9999.0, 9999.0, 23.52, 9999.0, 22.07, 9999.0, 22.59, 22.36, 22.2, 22.25, 22.25
2026-09-08, 06:59:54, 22.25, 22.3, 22.68, 22.68, 9999.0, 9999.0, 9999.0, 23.48, 9999.0, 22.07, 9999.0, 22.61, 22.36, 22.2, 22.25, 22.25
2026-09-08, 06:59:58, 22.25, 22.32, 22.68, 22.68, 9999.0, 9999.0, 9999.0, 23.43, 9999.0, 22.09, 9999.0, 22.61, 22.39, 22.2, 22.25, 22.25
2026-09-08, 07:00:02, 22.25, 22.32, 22.68, 22.68, 9999.0, 9999.0, 9999.0, 23.39, 9999.0, 22.11, 9999.0, 22.61, 22.41, 22.23, 22.25, 22.25
2026-09-08, 07:00:06, 22.25, 22.32, 22.7, 22.68, 9999.0, 9999.0, 9999.0, 23.43, 9999.0, 22.14, 9999.0, 22.61, 22.43, 22.23, 22.25, 22.25
2026-09-08, 07:00:10, 22.25, 22.3, 22.7, 22.7, 9999.0, 9999.0, 9999.0, 23.48, 9999.0, 22.16, 9999.0, 22.61, 22.45, 22.23, 22.25, 22.25
2026-09-08, 07:00:15, 22.25, 22.3, 22.7, 22.7, 9999.0, 9999.0, 9999.0, 23.52, 9999.0, 22.18, 9999.0, 22.61, 22.48, 22.23, 22.25, 22.25
2026-09-08, 07:00:19, 22.25, 22.3, 22.73, 22.68, 9999.0, 9999.0, 9999.0, 23.55, 9999.0, 22.2, 9999.0, 22.59, 22.48, 22.23, 22.25, 22.25
2026-09-08, 07:00:23, 22.25, 22.3, 22.75, 22.68, 9999.0, 9999.0, 9999.0, 23.57, 9999.0, 22.2, 9999.0, 22.57, 22.5, 22.23, 22.25, 22.25
2026-09-08, 07:00:27, 22.25, 22.3, 22.75, 22.68, 9999.0, 9999.0, 9999.0, 23.61, 9999.0, 22.2, 9999.0, 22.55, 22.48, 22.23, 22.25, 22.25
2026-09-08, 07:00:31, 22.25, 22.3, 22.75, 22.68, 9999.0, 9999.0, 9999.0, 23.66, 9999.0, 22.18, 9999.0, 22.52, 22.48, 22.2, 22.25, 22.25
2026-09-08, 07:00:35, 22.25, 22.32, 22.75, 22.68, 9999.0, 9999.0, 9999.0, 23.66, 9999.0, 22.16, 9999.0, 22.52, 22.45, 22.18, 22.25, 22.25
2026-09-08, 07:00:39, 22.25, 22.3, 22.75, 22.66, 9999.0, 9999.0, 9999.0, 23.68, 9999.0, 22.14, 9999.0, 22.5, 22.43, 22.18, 22.25, 22.25
2026-09-08, 07:00:43, 22.25, 22.27, 22.75, 22.68, 9999.0, 9999.0, 9999.0, 23.7, 9999.0, 22.11, 9999.0, 22.5, 22.43, 22.18, 22.25, 22.25
2026-09-08, 07:00:47, 22.25, 22.27, 22.75, 22.7, 9999.0, 9999.0, 9999.0, 23.73, 9999.0, 22.07, 9999.0, 22.5, 22.41, 22.18, 22.25, 22.25
2026-09-08, 07:00:51, 22.25, 22.27, 22.75, 22.68, 9999.0, 9999.0, 9999.0, 23.68, 9999.0, 22.05, 9999.0, 22.52, 22.41, 22.18, 22.25, 22.25
2026-09-08, 07:00:55, 22.25, 22.27, 22.75, 22.68, 9999.0, 9999.0, 9999.0, 23.61, 9999.0, 22.02, 9999.0, 22.55, 22.39, 22.18, 22.25, 22.25
2026-09-08, 07:00:59, 22.25, 22.27, 22.75, 22.68, 9999.0, 9999.0, 9999.0, 23.55, 9999.0, 22.0, 9999.0, 22.57, 22.39, 22.18, 22.25, 22.25
2026-09-08, 07:01:03, 22.25, 22.27, 22.75, 22.7, 9999.0, 9999.0, 9999.0, 23.52, 9999.0, 21.98, 9999.0, 22.59, 22.39, 22.16, 22.25, 22.25
2026-09-08, 07:01:07, 22.25, 22.27, 22.75, 22.7, 9999.0, 9999.0, 9999.0, 23.48, 9999.0, 21.98, 9999.0, 22.61, 22.39, 22.16, 22.25, 22.25
2026-09-08, 07:01:11, 22.25, 22.27, 22.75, 22.7, 9999.0, 9999.0, 9999.0, 23.43, 9999.0, 21.98, 9999.0, 22.64, 22.41, 22.16, 22.25, 22.25
2026-09-08, 07:01:15, 22.25, 22.3, 22.75, 22.68, 9999.0, 9999.0, 9999.0, 23.39, 9999.0, 22.0, 9999.0, 22.66, 22.41, 22.18, 22.25, 22.25
2026-09-08, 07:01:19, 22.25, 22.27, 22.75, 22.68, 9999.0, 9999.0, 9999.0, 23.36, 9999.0, 22.02, 9999.0, 22.66, 22.43, 22.18, 22.25, 22.25
2026-09-08, 07:01:23, 22.25, 22.27, 22.75, 22.7, 9999.0, 9999.0, 9999.0, 23.41, 9999.0, 22.05, 9999.0, 22.66, 22.45, 22.16, 22.25, 22.25
2026-09-08, 07:01:27, 22.25, 22.27, 22.75, 22.7, 9999.0, 9999.0, 9999.0, 23.45, 9999.0, 22.07, 9999.0, 22.66, 22.45, 22.16, 22.25, 22.25
2026-09-08, 07:01:31, 22.25, 22.27, 22.75, 22.7, 9999.0, 9999.0, 9999.0, 23.5, 9999.0, 22.11, 9999.0, 22.66, 22.48, 22.16, 22.25, 22.25
2026-09-08, 07:01:35, 22.25, 22.3, 22.75, 22.73, 9999.0, 9999.0, 9999.0, 23.55, 9999.0, 22.14, 9999.0, 22.66, 22.48, 22.16, 22.25, 22.25
2026-09-08, 07:01:39, 22.25, 22.3, 22.75, 22.7, 9999.0, 9999.0, 9999.0, 23.59, 9999.0, 22.16, 9999.0, 22.64, 22.48, 22.16, 22.25, 22.25
2026-09-08, 07:01:43, 22.25, 22.3, 22.75, 22.7, 9999.0, 9999.0, 9999.0, 23.64, 9999.0, 22.16, 9999.0, 22.61, 22.45, 22.16, 22.25, 22.25
2026-09-08, 07:01:47, 22.25, 22.3, 22.75, 22.7, 9999.0, 9999.0, 9999.0, 23.66, 9999.0, 22.16, 9999.0, 22.59, 22.45, 22.18, 22.25, 22.25
2026-09-08, 07:01:51, 22.25, 22.3, 22.75, 22.7, 9999.0, 9999.0, 9999.0, 23.7, 9999.0, 22.16, 9999.0, 22.57, 22.45, 22.18, 22.25, 22.25
2026-09-08, 07:01:55, 22.25, 22.3, 22.75, 22.68, 9999.0, 9999.0, 9999.0, 23.75, 9999.0, 22.16, 9999.0, 22.55, 22.45, 22.18, 22.25, 22.25
2026-09-08, 07:01:59, 22.25, 22.3, 22.75, 22.68, 9999.0, 9999.0, 9999.0, 23.8, 9999.0, 22.14, 9999.0, 22.55, 22.43, 22.18, 22.25, 22.25
2026-09-08, 07:02:03, 22.25, 22.3, 22.75, 22.68, 9999.0, 9999.0, 9999.0, 23.82, 9999.0, 22.11, 9999.0, 22.55, 22.41, 22.2, 22.25, 22.25
2026-09-08, 07:02:07, 22.25, 22.3, 22.75, 22.68, 9999.0, 9999.0, 9999.0, 23.77, 9999.0, 22.09, 9999.0, 22.57, 22.39, 22.23, 22.25, 22.25
2026-09-08, 07:02:11, 22.25, 22.3, 22.75, 22.68, 9999.0, 9999.0, 9999.0, 23.73, 9999.0, 22.07, 9999.0, 22.59, 22.39, 22.23, 22.25, 22.25
2026-09-08, 07:02:15, 22.25, 22.3, 22.75, 22.66, 9999.0, 9999.0, 9999.0, 23.68, 9999.0, 22.05, 9999.0, 22.61, 22.36, 22.23, 22.25, 22.25
2026-09-08, 07:02:19, 22.25, 22.27, 22.75, 22.66, 9999.0, 9999.0, 9999.0, 23.64, 9999.0, 22.05, 9999.0, 22.61, 22.34, 22.25, 22.25, 22.25
2026-09-08, 07:02:23, 22.25, 22.27, 22.75, 22.68, 9999.0, 9999.0, 9999.0, 23.61, 9999.0, 22.05, 9999.0, 22.64, 22.34, 22.25, 22.25, 22.25
2026-09-08, 07:02:27, 22.25, 22.3, 22.75, 22.68, 9999.0, 9999.0, 9999.0, 23.57, 9999.0, 22.05, 9999.0, 22.66, 22.36, 22.25, 22.25, 22.25
2026-09-08, 07:02:31, 22.25, 22.3, 22.75, 22.68, 9999.0, 9999.0, 9999.0, 23.52, 9999.0, 22.07, 9999.0, 22.66, 22.36, 22.25, 22.25, 22.25
2026-09-08, 07:02:35, 22.25, 22.32, 22.75, 22.68, 9999.0, 9999.0, 9999.0, 23.48, 9999.0, 22.09, 9999.0, 22.68, 22.36, 22.25, 22.25, 22.25
2026-09-08, 07:02:39, 22.25, 22.34, 22.75, 22.7, 9999.0, 9999.0, 9999.0, 23.43, 9999.0, 22.11, 9999.0, 22.7, 22.36, 22.25, 22.25, 22.25
2026-09-08, 07:02:43, 22.25, 22.34, 22.75, 22.73, 9999.0, 9999.0, 9999.0, 23.45, 9999.0, 22.14, 9999.0, 22.68, 22.39, 22.25, 22.25, 22.25
2026-09-08, 07:02:47, 22.25, 22.34, 22.75, 22.73, 9999.0, 9999.0, 9999.0, 23.5, 9999.0, 22.16, 9999.0, 22.68, 22.41, 22.25, 22.25, 22.25
2026-09-08, 07:02:51, 22.25, 22.34, 22.75, 22.73, 9999.0, 9999.0, 9999.0, 23.52, 9999.0, 22.18, 9999.0, 22.66, 22.41, 22.25, 22.25, 22.25
2026-09-08, 07:02:55, 22.25, 22.36, 22.75, 22.73, 9999.0, 9999.0, 9999.0, 23.55, 9999.0, 22.18, 9999.0, 22.64, 22.41, 22.25, 22.25, 22.25
2026-09-08, 07:02:59, 22.25, 22.36, 22.75, 22.75, 9999.0, 9999.0, 9999.0, 23.57, 9999.0, 22.18, 9999.0, 22.61, 22.43, 22.25, 22.25, 22.25
2026-09-08, 07:03:03, 22.25, 22.36, 22.75, 22.75, 9999.0, 9999.0, 9999.0, 23.57, 9999.0, 22.16, 9999.0, 22.59, 22.43, 22.25, 22.25, 22.25
2026-09-08, 07:03:07, 22.25, 22.36, 22.75, 22.75, 9999.0, 9999.0, 9999.0, 23.57, 9999.0, 22.14, 9999.0, 22.57, 22.45, 22.25, 22.25, 22.25
2026-09-08, 07:03:11, 22.25, 22.34, 22.75, 22.75, 9999.0, 9999.0, 9999.0, 23.59, 9999.0, 22.14, 9999.0, 22.55, 22.45, 22.25, 22.25, 22.25
2026-09-08, 07:03:15, 22.25, 22.34, 22.73, 22.75, 9999.0, 9999.0, 9999.0, 23.61, 9999.0, 22.11, 9999.0, 22.55, 22.43, 22.25, 22.25, 22.25
2026-09-08, 07:03:19, 22.25, 22.32, 22.73, 22.75, 9999.0, 9999.0, 9999.0, 23.64, 9999.0, 22.09, 9999.0, 22.55, 22.43, 22.25, 22.25, 22.25
2026-09-08, 07:03:23, 22.25, 22.3, 22.73, 22.75, 9999.0, 9999.0, 9999.0, 23.66, 9999.0, 22.07, 9999.0, 22.52, 22.43, 22.25, 22.25, 22.25
2026-09-08, 07:03:27, 22.25, 22.27, 22.73, 22.75, 9999.0, 9999.0, 9999.0, 23.61, 9999.0, 22.05, 9999.0, 22.55, 22.43, 22.25, 22.25, 22.25
2026-09-08, 07:03:31, 22.25, 22.27, 22.73, 22.75, 9999.0, 9999.0, 9999.0, 23.57, 9999.0, 22.02, 9999.0, 22.57, 22.43, 22.25, 22.25, 22.25
2026-09-08, 07:03:35, 22.25, 22.27, 22.73, 22.75, 9999.0, 9999.0, 9999.0, 23.55, 9999.0, 22.0, 9999.0, 22.59, 22.45, 22.25, 22.25, 22.25
2026-09-08, 07:03:39, 22.25, 22.27, 22.73, 22.75, 9999.0, 9999.0, 9999.0, 23.5, 9999.0, 22.02, 9999.0, 22.61, 22.43, 22.25, 22.25, 22.25
2026-09-08, 07:03:43, 22.25, 22.27, 22.73, 22.75, 9999.0, 9999.0, 9999.0, 23.48, 9999.0, 22.05, 9999.0, 22.64, 22.41, 22.25, 22.25, 22.25
2026-09-08, 07:03:47, 22.25, 22.27, 22.73, 22.75, 9999.0, 9999.0, 9999.0, 23.45, 9999.0, 22.07, 9999.0, 22.66, 22.43, 22.25, 22.25, 22.25
2026-09-08, 07:03:51, 22.25, 22.27, 22.73, 22.75, 9999.0, 9999.0, 9999.0, 23.43, 9999.0, 22.11, 9999.0, 22.68, 22.43, 22.23, 22.25, 22.25
2026-09-08, 07:03:55, 22.25, 22.27, 22.73, 22.75, 9999.0, 9999.0, 9999.0, 23.41, 9999.0, 22.14, 9999.0, 22.68, 22.41, 22.23, 22.25, 22.25
2026-09-08, 07:04:00, 22.25, 22.27, 22.75, 22.75, 9999.0, 9999.0, 9999.0, 23.45, 9999.0, 22.18, 9999.0, 22.68, 22.43, 22.23, 22.25, 22.25
2026-09-08, 07:04:04, 22.25, 22.3, 22.75, 22.75, 9999.0, 9999.0, 9999.0, 23.5, 9999.0, 22.2, 9999.0, 22.66, 22.43, 22.23, 22.25, 22.25
2026-09-08, 07:04:08, 22.25, 22.3, 22.75, 22.75, 9999.0, 9999.0, 9999.0, 23.52, 9999.0, 22.23, 9999.0, 22.66, 22.43, 22.23, 22.25, 22.25
2026-09-08, 07:04:12, 22.25, 22.3, 22.75, 22.75, 9999.0, 9999.0, 9999.0, 23.55, 9999.0, 22.25, 9999.0, 22.64, 22.43, 22.23, 22.25, 22.25
2026-09-08, 07:04:16, 22.25, 22.3, 22.75, 22.75, 9999.0, 9999.0, 9999.0, 23.57, 9999.0, 22.27, 9999.0, 22.61, 22.43, 22.23, 22.25, 22.25
2026-09-08, 07:04:20, 22.25, 22.3, 22.75, 22.75, 9999.0, 9999.0, 9999.0, 23.59, 9999.0, 22.3, 9999.0, 22.59, 22.41, 22.23, 22.25, 22.25
2026-09-08, 07:04:24, 22.25, 22.27, 22.75, 22.75, 9999.0, 9999.0, 9999.0, 23.64, 9999.0, 22.3, 9999.0, 22.57, 22.41, 22.23, 22.25, 22.25
2026-09-08, 07:04:28, 22.25, 22.27, 22.75, 22.75, 9999.0, 9999.0, 9999.0, 23.66, 9999.0, 22.3, 9999.0, 22.55, 22.41, 22.23, 22.25, 22.25
2026-09-08, 07:04:32, 22.25, 22.27, 22.75, 22.75, 9999.0, 9999.0, 9999.0, 23.7, 9999.0, 22.3, 9999.0, 22.52, 22.41, 22.23, 22.25, 22.25
2026-09-08, 07:04:36, 22.25, 22.27, 22.75, 22.75, 9999.0, 9999.0, 9999.0, 23.73, 9999.0, 22.27, 9999.0, 22.52, 22.39, 22.25, 22.25, 22.25
2026-09-08, 07:04:40, 22.25, 22.27, 22.75, 22.73, 9999.0, 9999.0, 9999.0, 23.75, 9999.0, 22.27, 9999.0, 22.55, 22.39, 22.25, 22.25, 22.25
2026-09-08, 07:04:44, 22.25, 22.27, 22.75, 22.73, 9999.0, 9999.0, 9999.0, 23.7, 9999.0, 22.23, 9999.0, 22.57, 22.39, 22.25, 22.25, 22.25
2026-09-08, 07:04:48, 22.25, 22.25, 22.75, 22.73, 9999.0, 9999.0, 9999.0, 23.64, 9999.0, 22.2, 9999.0, 22.59, 22.39, 22.25, 22.25, 22.25
2026-09-08, 07:04:52, 22.25, 22.25, 22.75, 22.73, 9999.0, 9999.0, 9999.0, 23.61, 9999.0, 22.18, 9999.0, 22.61, 22.39, 22.25, 22.25, 22.25
2026-09-08, 07:04:56, 22.25, 22.25, 22.75, 22.73, 9999.0, 9999.0, 9999.0, 23.57, 9999.0, 22.18, 9999.0, 22.64, 22.39, 22.25, 22.25, 22.25
2026-09-08, 07:05:00, 22.25, 22.25, 22.73, 22.73, 9999.0, 9999.0, 9999.0, 23.55, 9999.0, 22.18, 9999.0, 22.66, 22.39, 22.25, 22.25, 22.25
2026-09-08, 07:05:04, 22.25, 22.27, 22.73, 22.73, 9999.0, 9999.0, 9999.0, 23.5, 9999.0, 22.2, 9999.0, 22.68, 22.41, 22.25, 22.25, 22.25
2026-09-08, 07:05:08, 22.25, 22.27, 22.73, 22.73, 9999.0, 9999.0, 9999.0, 23.45, 9999.0, 22.2, 9999.0, 22.68, 22.43, 22.25, 22.25, 22.25
2026-09-08, 07:05:12, 22.25, 22.27, 22.7, 22.73, 9999.0, 9999.0, 9999.0, 23.41, 9999.0, 22.2, 9999.0, 22.7, 22.45, 22.25, 22.25, 22.25
2026-09-08, 07:05:16, 22.25, 22.27, 22.7, 22.73, 9999.0, 9999.0, 9999.0, 23.43, 9999.0, 22.2, 9999.0, 22.7, 22.45, 22.25, 22.25, 22.25
2026-09-08, 07:05:20, 22.25, 22.27, 22.7, 22.73, 9999.0, 9999.0, 9999.0, 23.48, 9999.0, 22.2, 9999.0, 22.68, 22.48, 22.25, 22.25, 22.25
2026-09-08, 07:05:24, 22.25, 22.3, 22.7, 22.73, 9999.0, 9999.0, 9999.0, 23.52, 9999.0, 22.2, 9999.0, 22.66, 22.5, 22.23, 22.25, 22.25
2026-09-08, 07:05:28, 22.25, 22.3, 22.7, 22.73, 9999.0, 9999.0, 9999.0, 23.57, 9999.0, 22.23, 9999.0, 22.64, 22.5, 22.23, 22.25, 22.25
2026-09-08, 07:05:32, 22.25, 22.3, 22.7, 22.73, 9999.0, 9999.0, 9999.0, 23.61, 9999.0, 22.25, 9999.0, 22.61, 22.48, 22.23, 22.25, 22.25
2026-09-08, 07:05:36, 22.25, 22.3, 22.7, 22.73, 9999.0, 9999.0, 9999.0, 23.64, 9999.0, 22.27, 9999.0, 22.59, 22.48, 22.23, 22.25, 22.25
2026-09-08, 07:05:40, 22.25, 22.3, 22.7, 22.73, 9999.0, 9999.0, 9999.0, 23.68, 9999.0, 22.27, 9999.0, 22.57, 22.48, 22.23, 22.25, 22.25
2026-09-08, 07:05:44, 22.25, 22.3, 22.73, 22.7, 9999.0, 9999.0, 9999.0, 23.7, 9999.0, 22.25, 9999.0, 22.55, 22.48, 22.23, 22.25, 22.25
2026-09-08, 07:05:48, 22.25, 22.27, 22.73, 22.7, 9999.0, 9999.0, 9999.0, 23.75, 9999.0, 22.23, 9999.0, 22.52, 22.48, 22.23, 22.25, 22.25
2026-09-08, 07:05:52, 22.25, 22.27, 22.73, 22.7, 9999.0, 9999.0, 9999.0, 23.8, 9999.0, 22.2, 9999.0, 22.55, 22.45, 22.23, 22.25, 22.25
2026-09-08, 07:05:56, 22.25, 22.27, 22.73, 22.7, 9999.0, 9999.0, 9999.0, 23.84, 9999.0, 22.18, 9999.0, 22.52, 22.43, 22.23, 22.25, 22.25
2026-09-08, 07:06:00, 22.25, 22.3, 22.73, 22.7, 9999.0, 9999.0, 9999.0, 23.8, 9999.0, 22.16, 9999.0, 22.55, 22.41, 22.23, 22.25, 22.25
2026-09-08, 07:06:04, 22.25, 22.3, 22.73, 22.7, 9999.0, 9999.0, 9999.0, 23.75, 9999.0, 22.16, 9999.0, 22.57, 22.41, 22.23, 22.25, 22.25
2026-09-08, 07:06:08, 22.25, 22.27, 22.73, 22.7, 9999.0, 9999.0, 9999.0, 23.7, 9999.0, 22.14, 9999.0, 22.59, 22.41, 22.25, 22.25, 22.25
2026-09-08, 07:06:12, 22.25, 22.3, 22.73, 22.7, 9999.0, 9999.0, 9999.0, 23.66, 9999.0, 22.16, 9999.0, 22.61, 22.41, 22.23, 22.25, 22.25
2026-09-08, 07:06:16, 22.25, 22.3, 22.73, 22.7, 9999.0, 9999.0, 9999.0, 23.64, 9999.0, 22.18, 9999.0, 22.64, 22.41, 22.23, 22.25, 22.25
2026-09-08, 07:06:20, 22.25, 22.3, 22.73, 22.7, 9999.0, 9999.0, 9999.0, 23.61, 9999.0, 22.18, 9999.0, 22.66, 22.41, 22.23, 22.25, 22.25
2026-09-08, 07:06:24, 22.25, 22.32, 22.73, 22.7, 9999.0, 9999.0, 9999.0, 23.59, 9999.0, 22.2, 9999.0, 22.68, 22.41, 22.23, 22.25, 22.25
2026-09-08, 07:06:28, 22.25, 22.32, 22.7, 22.73, 9999.0, 9999.0, 9999.0, 23.55, 9999.0, 22.25, 9999.0, 22.7, 22.41, 22.23, 22.25, 22.25
2026-09-08, 07:06:32, 22.23, 22.32, 22.7, 22.73, 9999.0, 9999.0, 9999.0, 23.57, 9999.0, 22.27, 9999.0, 22.7, 22.41, 22.23, 22.25, 22.25
2026-09-08, 07:06:36, 22.23, 22.32, 22.7, 22.73, 9999.0, 9999.0, 9999.0, 23.59, 9999.0, 22.32, 9999.0, 22.68, 22.41, 22.2, 22.25, 22.25
2026-09-08, 07:06:40, 22.23, 22.32, 22.73, 22.73, 9999.0, 9999.0, 9999.0, 23.61, 9999.0, 22.36, 9999.0, 22.68, 22.43, 22.2, 22.25, 22.25
2026-09-08, 07:06:44, 22.23, 22.3, 22.73, 22.73, 9999.0, 9999.0, 9999.0, 23.66, 9999.0, 22.41, 9999.0, 22.66, 22.45, 22.2, 22.25, 22.25
2026-09-08, 07:06:48, 22.23, 22.3, 22.73, 22.73, 9999.0, 9999.0, 9999.0, 23.7, 9999.0, 22.43, 9999.0, 22.64, 22.45, 22.2, 22.25, 22.25
2026-09-08, 07:06:52, 22.23, 22.3, 22.73, 22.75, 9999.0, 9999.0, 9999.0, 23.73, 9999.0, 22.45, 9999.0, 22.61, 22.43, 22.18, 22.25, 22.25
2026-09-08, 07:06:56, 22.23, 22.27, 22.73, 22.75, 9999.0, 9999.0, 9999.0, 23.75, 9999.0, 22.43, 9999.0, 22.59, 22.43, 22.2, 22.25, 22.25
2026-09-08, 07:07:00, 22.23, 22.27, 22.73, 22.75, 9999.0, 9999.0, 9999.0, 23.77, 9999.0, 22.41, 9999.0, 22.57, 22.45, 22.2, 22.25, 22.25
2026-09-08, 07:07:04, 22.23, 22.27, 22.73, 22.73, 9999.0, 9999.0, 9999.0, 23.82, 9999.0, 22.41, 9999.0, 22.55, 22.43, 22.18, 22.25, 22.25
2026-09-08, 07:07:08, 22.23, 22.25, 22.73, 22.73, 9999.0, 9999.0, 9999.0, 23.84, 9999.0, 22.39, 9999.0, 22.55, 22.41, 22.18, 22.25, 22.25
2026-09-08, 07:07:12, 22.23, 22.25, 22.75, 22.73, 9999.0, 9999.0, 9999.0, 23.89, 9999.0, 22.36, 9999.0, 22.55, 22.39, 22.18, 22.25, 22.25
2026-09-08, 07:07:16, 22.25, 22.25, 22.75, 22.73, 9999.0, 9999.0, 9999.0, 23.86, 9999.0, 22.34, 9999.0, 22.55, 22.36, 22.18, 22.25, 22.25
2026-09-08, 07:07:20, 22.25, 22.25, 22.75, 22.73, 9999.0, 9999.0, 9999.0, 23.84, 9999.0, 22.3, 9999.0, 22.57, 22.39, 22.18, 22.25, 22.25
2026-09-08, 07:07:24, 22.25, 22.25, 22.75, 22.73, 9999.0, 9999.0, 9999.0, 23.82, 9999.0, 22.25, 9999.0, 22.59, 22.39, 22.18, 22.25, 22.25
2026-09-08, 07:07:28, 22.25, 22.25, 22.75, 22.73, 9999.0, 9999.0, 9999.0, 23.77, 9999.0, 22.2, 9999.0, 22.61, 22.39, 22.16, 22.25, 22.25
2026-09-08, 07:07:32, 22.25, 22.25, 22.75, 22.73, 9999.0, 9999.0, 9999.0, 23.73, 9999.0, 22.18, 9999.0, 22.61, 22.39, 22.16, 22.25, 22.25
2026-09-08, 07:07:36, 22.25, 22.27, 22.75, 22.73, 9999.0, 9999.0, 9999.0, 23.7, 9999.0, 22.18, 9999.0, 22.64, 22.41, 22.18, 22.25, 22.25
2026-09-08, 07:07:41, 22.25, 22.3, 22.75, 22.73, 9999.0, 9999.0, 9999.0, 23.68, 9999.0, 22.2, 9999.0, 22.66, 22.41, 22.16, 22.25, 22.25
2026-09-08, 07:07:45, 22.25, 22.3, 22.75, 22.73, 9999.0, 9999.0, 9999.0, 23.66, 9999.0, 22.23, 9999.0, 22.68, 22.41, 22.16, 22.25, 22.25
2026-09-08, 07:07:49, 22.25, 22.3, 22.75, 22.75, 9999.0, 9999.0, 9999.0, 23.59, 9999.0, 22.25, 9999.0, 22.7, 22.43, 22.16, 22.25, 22.25
2026-09-08, 07:07:53, 22.25, 22.32, 22.75, 22.75, 9999.0, 9999.0, 9999.0, 23.61, 9999.0, 22.27, 9999.0, 22.68, 22.45, 22.16, 22.25, 22.25
2026-09-08, 07:07:57, 22.25, 22.32, 22.75, 22.73, 9999.0, 9999.0, 9999.0, 23.64, 9999.0, 22.3, 9999.0, 22.66, 22.45, 22.14, 22.25, 22.25
2026-09-08, 07:08:01, 22.25, 22.32, 22.75, 22.73, 9999.0, 9999.0, 9999.0, 23.66, 9999.0, 22.32, 9999.0, 22.66, 22.45, 22.14, 22.25, 22.25
2026-09-08, 07:08:05, 22.25, 22.34, 22.75, 22.73, 9999.0, 9999.0, 9999.0, 23.68, 9999.0, 22.34, 9999.0, 22.64, 22.45, 22.16, 22.25, 22.25
2026-09-08, 07:08:09, 22.25, 22.36, 22.73, 22.73, 9999.0, 9999.0, 9999.0, 23.7, 9999.0, 22.36, 9999.0, 22.61, 22.43, 22.14, 22.25, 22.25
2026-09-08, 07:08:13, 22.25, 22.36, 22.73, 22.73, 9999.0, 9999.0, 9999.0, 23.73, 9999.0, 22.39, 9999.0, 22.59, 22.41, 22.16, 22.25, 22.25
2026-09-08, 07:08:17, 22.25, 22.36, 22.73, 22.73, 9999.0, 9999.0, 9999.0, 23.75, 9999.0, 22.39, 9999.0, 22.59, 22.39, 22.14, 22.25, 22.25
2026-09-08, 07:08:21, 22.25, 22.36, 22.73, 22.73, 9999.0, 9999.0, 9999.0, 23.77, 9999.0, 22.39, 9999.0, 22.57, 22.39, 22.11, 22.25, 22.25
2026-09-08, 07:08:25, 22.25, 22.34, 22.73, 22.73, 9999.0, 9999.0, 9999.0, 23.8, 9999.0, 22.36, 9999.0, 22.55, 22.36, 22.11, 22.25, 22.25
2026-09-08, 07:08:29, 22.25, 22.34, 22.73, 22.73, 9999.0, 9999.0, 9999.0, 23.82, 9999.0, 22.34, 9999.0, 22.52, 22.36, 22.11, 22.25, 22.25
2026-09-08, 07:08:33, 22.25, 22.34, 22.73, 22.73, 9999.0, 9999.0, 9999.0, 23.86, 9999.0, 22.32, 9999.0, 22.5, 22.36, 22.14, 22.25, 22.25
2026-09-08, 07:08:37, 22.25, 22.32, 22.73, 22.73, 9999.0, 9999.0, 9999.0, 23.84, 9999.0, 22.3, 9999.0, 22.52, 22.36, 22.14, 22.25, 22.25
2026-09-08, 07:08:41, 22.25, 22.32, 22.73, 22.75, 9999.0, 9999.0, 9999.0, 23.82, 9999.0, 22.27, 9999.0, 22.55, 22.36, 22.16, 22.25, 22.25
2026-09-08, 07:08:45, 22.25, 22.32, 22.73, 22.73, 9999.0, 9999.0, 9999.0, 23.77, 9999.0, 22.25, 9999.0, 22.57, 22.36, 22.16, 22.25, 22.25
2026-09-08, 07:08:49, 22.25, 22.3, 22.73, 22.73, 9999.0, 9999.0, 9999.0, 23.73, 9999.0, 22.27, 9999.0, 22.59, 22.36, 22.14, 22.25, 22.25
2026-09-08, 07:08:53, 22.25, 22.27, 22.73, 22.73, 9999.0, 9999.0, 9999.0, 23.68, 9999.0, 22.3, 9999.0, 22.61, 22.39, 22.16, 22.25, 22.25
2026-09-08, 07:08:57, 22.25, 22.27, 22.73, 22.73, 9999.0, 9999.0, 9999.0, 23.66, 9999.0, 22.32, 9999.0, 22.61, 22.41, 22.16, 22.25, 22.25
2026-09-08, 07:09:01, 22.25, 22.3, 22.73, 22.73, 9999.0, 9999.0, 9999.0, 23.64, 9999.0, 22.34, 9999.0, 22.64, 22.41, 22.18, 22.25, 22.25
2026-09-08, 07:09:05, 22.25, 22.27, 22.73, 22.73, 9999.0, 9999.0, 9999.0, 23.61, 9999.0, 22.36, 9999.0, 22.64, 22.41, 22.18, 22.25, 22.25
2026-09-08, 07:09:09, 22.25, 22.27, 22.7, 22.73, 9999.0, 9999.0, 9999.0, 23.66, 9999.0, 22.39, 9999.0, 22.64, 22.43, 22.18, 22.25, 22.25
2026-09-08, 07:09:13, 22.25, 22.27, 22.7, 22.73, 9999.0, 9999.0, 9999.0, 23.68, 9999.0, 22.41, 9999.0, 22.64, 22.43, 22.16, 22.25, 22.25
2026-09-08, 07:09:17, 22.25, 22.27, 22.7, 22.73, 9999.0, 9999.0, 9999.0, 23.7, 9999.0, 22.43, 9999.0, 22.64, 22.41, 22.16, 22.25, 22.23
2026-09-08, 07:09:21, 22.25, 22.27, 22.7, 22.73, 9999.0, 9999.0, 9999.0, 23.73, 9999.0, 22.45, 9999.0, 22.61, 22.41, 22.16, 22.25, 22.23
2026-09-08, 07:09:25, 22.25, 22.27, 22.7, 22.73, 9999.0, 9999.0, 9999.0, 23.75, 9999.0, 22.48, 9999.0, 22.59, 22.43, 22.14, 22.25, 22.23
2026-09-08, 07:09:29, 22.25, 22.27, 22.7, 22.73, 9999.0, 9999.0, 9999.0, 23.8, 9999.0, 22.48, 9999.0, 22.57, 22.45, 22.14, 22.25, 22.23
2026-09-08, 07:09:33, 22.25, 22.3, 22.7, 22.7, 9999.0, 9999.0, 9999.0, 23.82, 9999.0, 22.48, 9999.0, 22.55, 22.43, 22.16, 22.25, 22.23
2026-09-08, 07:09:37, 22.25, 22.3, 22.73, 22.7, 9999.0, 9999.0, 9999.0, 23.84, 9999.0, 22.48, 9999.0, 22.52, 22.41, 22.14, 22.25, 22.23
2026-09-08, 07:09:41, 22.25, 22.3, 22.73, 22.68, 9999.0, 9999.0, 9999.0, 23.86, 9999.0, 22.48, 9999.0, 22.5, 22.39, 22.11, 22.25, 22.23
2026-09-08, 07:09:45, 22.25, 22.27, 22.73, 22.68, 9999.0, 9999.0, 9999.0, 23.89, 9999.0, 22.48, 9999.0, 22.5, 22.39, 22.11, 22.25, 22.23
2026-09-08, 07:09:49, 22.25, 22.27, 22.73, 22.68, 9999.0, 9999.0, 9999.0, 23.91, 9999.0, 22.48, 9999.0, 22.5, 22.36, 22.14, 22.25, 22.23
2026-09-08, 07:09:53, 22.25, 22.3, 22.75, 22.68, 9999.0, 9999.0, 9999.0, 23.86, 9999.0, 22.45, 9999.0, 22.5, 22.36, 22.16, 22.25, 22.23
2026-09-08, 07:09:57, 22.25, 22.3, 22.73, 22.68, 9999.0, 9999.0, 9999.0, 23.82, 9999.0, 22.43, 9999.0, 22.52, 22.36, 22.16, 22.25, 22.23
2026-09-08, 07:10:01, 22.25, 22.3, 22.73, 22.68, 9999.0, 9999.0, 9999.0, 23.77, 9999.0, 22.41, 9999.0, 22.55, 22.39, 22.16, 22.25, 22.25
2026-09-08, 07:10:05, 22.25, 22.32, 22.73, 22.68, 9999.0, 9999.0, 9999.0, 23.73, 9999.0, 22.41, 9999.0, 22.57, 22.36, 22.14, 22.25, 22.25
2026-09-08, 07:10:09, 22.25, 22.32, 22.73, 22.68, 9999.0, 9999.0, 9999.0, 23.68, 9999.0, 22.41, 9999.0, 22.59, 22.34, 22.16, 22.25, 22.25
2026-09-08, 07:10:13, 22.25, 22.32, 22.73, 22.68, 9999.0, 9999.0, 9999.0, 23.64, 9999.0, 22.43, 9999.0, 22.61, 22.34, 22.14, 22.25, 22.25
2026-09-08, 07:10:17, 22.25, 22.3, 22.7, 22.68, 9999.0, 9999.0, 9999.0, 23.61, 9999.0, 22.45, 9999.0, 22.61, 22.36, 22.14, 22.25, 22.25
2026-09-08, 07:10:21, 22.25, 22.32, 22.7, 22.68, 9999.0, 9999.0, 9999.0, 23.59, 9999.0, 22.45, 9999.0, 22.64, 22.39, 22.16, 22.25, 22.25
2026-09-08, 07:10:25, 22.25, 22.34, 22.7, 22.7, 9999.0, 9999.0, 9999.0, 23.57, 9999.0, 22.45, 9999.0, 22.66, 22.41, 22.16, 22.25, 22.25
2026-09-08, 07:10:29, 22.25, 22.36, 22.68, 22.7, 9999.0, 9999.0, 9999.0, 23.61, 9999.0, 22.48, 9999.0, 22.66, 22.43, 22.14, 22.25, 22.25
2026-09-08, 07:10:33, 22.25, 22.39, 22.66, 22.68, 9999.0, 9999.0, 9999.0, 23.66, 9999.0, 22.48, 9999.0, 22.66, 22.43, 22.14, 22.25, 22.25
2026-09-08, 07:10:37, 22.25, 22.36, 22.66, 22.68, 9999.0, 9999.0, 9999.0, 23.68, 9999.0, 22.5, 9999.0, 22.66, 22.43, 22.11, 22.25, 22.25
2026-09-08, 07:10:41, 22.25, 22.36, 22.66, 22.66, 9999.0, 9999.0, 9999.0, 23.73, 9999.0, 22.52, 9999.0, 22.64, 22.43, 22.11, 22.25, 22.25
2026-09-08, 07:10:45, 22.25, 22.36, 22.66, 22.66, 9999.0, 9999.0, 9999.0, 23.77, 9999.0, 22.55, 9999.0, 22.61, 22.43, 22.11, 22.25, 22.25
2026-09-08, 07:10:49, 22.25, 22.36, 22.66, 22.66, 9999.0, 9999.0, 9999.0, 23.82, 9999.0, 22.55, 9999.0, 22.59, 22.45, 22.11, 22.25, 22.25
2026-09-08, 07:10:53, 22.25, 22.36, 22.66, 22.64, 9999.0, 9999.0, 9999.0, 23.86, 9999.0, 22.52, 9999.0, 22.57, 22.45, 22.11, 22.25, 22.25
2026-09-08, 07:10:57, 22.25, 22.36, 22.64, 22.64, 9999.0, 9999.0, 9999.0, 23.91, 9999.0, 22.52, 9999.0, 22.55, 22.45, 22.14, 22.23, 22.25
2026-09-08, 07:11:01, 22.25, 22.36, 22.64, 22.64, 9999.0, 9999.0, 9999.0, 23.95, 9999.0, 22.5, 9999.0, 22.55, 22.43, 22.11, 22.23, 22.25
2026-09-08, 07:11:05, 22.25, 22.34, 22.61, 22.61, 9999.0, 9999.0, 9999.0, 24.0, 9999.0, 22.5, 9999.0, 22.52, 22.41, 22.11, 22.23, 22.25
2026-09-08, 07:11:09, 22.25, 22.32, 22.61, 22.61, 9999.0, 9999.0, 9999.0, 24.02, 9999.0, 22.5, 9999.0, 22.52, 22.39, 22.11, 22.23, 22.25
2026-09-08, 07:11:13, 22.25, 22.32, 22.64, 22.59, 9999.0, 9999.0, 9999.0, 23.98, 9999.0, 22.45, 9999.0, 22.52, 22.36, 22.14, 22.23, 22.25
2026-09-08, 07:11:17, 22.25, 22.3, 22.66, 22.61, 9999.0, 9999.0, 9999.0, 23.93, 9999.0, 22.45, 9999.0, 22.55, 22.39, 22.11, 22.23, 22.25
2026-09-08, 07:11:21, 22.25, 22.3, 22.64, 22.61, 9999.0, 9999.0, 9999.0, 23.91, 9999.0, 22.45, 9999.0, 22.57, 22.36, 22.14, 22.23, 22.25
2026-09-08, 07:11:25, 22.25, 22.3, 22.64, 22.61, 9999.0, 9999.0, 9999.0, 23.86, 9999.0, 22.45, 9999.0, 22.59, 22.34, 22.14, 22.23, 22.25
2026-09-08, 07:11:29, 22.25, 22.3, 22.64, 22.59, 9999.0, 9999.0, 9999.0, 23.82, 9999.0, 22.45, 9999.0, 22.61, 22.32, 22.14, 22.23, 22.23
2026-09-08, 07:11:33, 22.25, 22.3, 22.61, 22.57, 9999.0, 9999.0, 9999.0, 23.77, 9999.0, 22.48, 9999.0, 22.64, 22.32, 22.14, 22.23, 22.23
2026-09-08, 07:11:38, 22.25, 22.32, 22.59, 22.57, 9999.0, 9999.0, 9999.0, 23.73, 9999.0, 22.52, 9999.0, 22.66, 22.34, 22.11, 22.23, 22.2
2026-09-08, 07:11:42, 22.25, 22.32, 22.61, 22.57, 9999.0, 9999.0, 9999.0, 23.68, 9999.0, 22.55, 9999.0, 22.66, 22.32, 22.09, 22.25, 22.2
2026-09-08, 07:11:46, 22.25, 22.34, 22.61, 22.57, 9999.0, 9999.0, 9999.0, 23.7, 9999.0, 22.55, 9999.0, 22.66, 22.34, 22.09, 22.25, 22.2
2026-09-08, 07:11:50, 22.25, 22.34, 22.64, 22.57, 9999.0, 9999.0, 9999.0, 23.73, 9999.0, 22.57, 9999.0, 22.66, 22.36, 22.07, 22.25, 22.2
2026-09-08, 07:11:54, 22.25, 22.34, 22.64, 22.55, 9999.0, 9999.0, 9999.0, 23.75, 9999.0, 22.59, 9999.0, 22.66, 22.36, 22.09, 22.25, 22.2
2026-09-08, 07:11:58, 22.25, 22.32, 22.61, 22.55, 9999.0, 9999.0, 9999.0, 23.77, 9999.0, 22.64, 9999.0, 22.64, 22.39, 22.07, 22.25, 22.2
2026-09-08, 07:12:02, 22.25, 22.32, 22.59, 22.52, 9999.0, 9999.0, 9999.0, 23.8, 9999.0, 22.64, 9999.0, 22.61, 22.36, 22.09, 22.25, 22.2
2026-09-08, 07:12:06, 22.25, 22.32, 22.61, 22.5, 9999.0, 9999.0, 9999.0, 23.82, 9999.0, 22.64, 9999.0, 22.59, 22.36, 22.07, 22.25, 22.18
2026-09-08, 07:12:10, 22.25, 22.32, 22.61, 22.5, 9999.0, 9999.0, 9999.0, 23.86, 9999.0, 22.64, 9999.0, 22.57, 22.36, 22.07, 22.23, 22.18
2026-09-08, 07:12:14, 22.25, 22.32, 22.59, 22.5, 9999.0, 9999.0, 9999.0, 23.91, 9999.0, 22.64, 9999.0, 22.55, 22.36, 22.07, 22.23, 22.2
2026-09-08, 07:12:18, 22.25, 22.3, 22.59, 22.52, 9999.0, 9999.0, 9999.0, 23.95, 9999.0, 22.61, 9999.0, 22.52, 22.34, 22.07, 22.23, 22.2
2026-09-08, 07:12:22, 22.23, 22.3, 22.61, 22.52, 9999.0, 9999.0, 9999.0, 24.0, 9999.0, 22.59, 9999.0, 22.5, 22.32, 22.09, 22.23, 22.2
2026-09-08, 07:12:26, 22.23, 22.3, 22.61, 22.52, 9999.0, 9999.0, 9999.0, 24.02, 9999.0, 22.57, 9999.0, 22.5, 22.32, 22.09, 22.23, 22.18
2026-09-08, 07:12:30, 22.23, 22.3, 22.61, 22.52, 9999.0, 9999.0, 9999.0, 23.98, 9999.0, 22.57, 9999.0, 22.5, 22.32, 22.09, 22.23, 22.18
2026-09-08, 07:12:34, 22.23, 22.32, 22.61, 22.52, 9999.0, 9999.0, 9999.0, 23.93, 9999.0, 22.55, 9999.0, 22.52, 22.32, 22.11, 22.23, 22.18
2026-09-08, 07:12:38, 22.23, 22.32, 22.61, 22.52, 9999.0, 9999.0, 9999.0, 23.91, 9999.0, 22.52, 9999.0, 22.55, 22.34, 22.09, 22.23, 22.18
2026-09-08, 07:12:42, 22.23, 22.34, 22.61, 22.52, 9999.0, 9999.0, 9999.0, 23.89, 9999.0, 22.52, 9999.0, 22.55, 22.32, 22.09, 22.23, 22.18
2026-09-08, 07:12:46, 22.23, 22.34, 22.61, 22.52, 9999.0, 9999.0, 9999.0, 23.86, 9999.0, 22.55, 9999.0, 22.55, 22.32, 22.07, 22.23, 22.16
2026-09-08, 07:12:50, 22.23, 22.34, 22.59, 22.55, 9999.0, 9999.0, 9999.0, 23.82, 9999.0, 22.57, 9999.0, 22.55, 22.34, 22.09, 22.23, 22.18
2026-09-08, 07:12:54, 22.23, 22.36, 22.61, 22.55, 9999.0, 9999.0, 9999.0, 23.77, 9999.0, 22.59, 9999.0, 22.57, 22.36, 22.11, 22.23, 22.18
2026-09-08, 07:12:58, 22.23, 22.36, 22.64, 22.55, 9999.0, 9999.0, 9999.0, 23.73, 9999.0, 22.61, 9999.0, 22.57, 22.36, 22.11, 22.23, 22.18
2026-09-08, 07:13:02, 22.23, 22.36, 22.66, 22.52, 9999.0, 9999.0, 9999.0, 23.68, 9999.0, 22.64, 9999.0, 22.57, 22.39, 22.14, 22.23, 22.18
2026-09-08, 07:13:06, 22.25, 22.34, 22.64, 22.55, 9999.0, 9999.0, 9999.0, 23.7, 9999.0, 22.66, 9999.0, 22.57, 22.41, 22.14, 22.23, 22.2
2026-09-08, 07:13:10, 22.25, 22.36, 22.64, 22.55, 9999.0, 9999.0, 9999.0, 23.75, 9999.0, 22.68, 9999.0, 22.57, 22.41, 22.16, 22.23, 22.23
2026-09-08, 07:13:14, 22.25, 22.34, 22.66, 22.55, 9999.0, 9999.0, 9999.0, 23.8, 9999.0, 22.7, 9999.0, 22.57, 22.39, 22.18, 22.23, 22.2
2026-09-08, 07:13:18, 22.25, 22.32, 22.66, 22.55, 9999.0, 9999.0, 9999.0, 23.82, 9999.0, 22.7, 9999.0, 22.55, 22.36, 22.18, 22.23, 22.2
2026-09-08, 07:13:22, 22.25, 22.32, 22.66, 22.57, 9999.0, 9999.0, 9999.0, 23.84, 9999.0, 22.7, 9999.0, 22.52, 22.34, 22.2, 22.23, 22.2
2026-09-08, 07:13:26, 22.25, 22.3, 22.68, 22.59, 9999.0, 9999.0, 9999.0, 23.86, 9999.0, 22.68, 9999.0, 22.52, 22.34, 22.23, 22.23, 22.2
2026-09-08, 07:13:30, 22.25, 22.3, 22.68, 22.59, 9999.0, 9999.0, 9999.0, 23.89, 9999.0, 22.66, 9999.0, 22.52, 22.34, 22.25, 22.23, 22.2
2026-09-08, 07:13:34, 22.25, 22.3, 22.7, 22.57, 9999.0, 9999.0, 9999.0, 23.93, 9999.0, 22.64, 9999.0, 22.52, 22.32, 22.25, 22.23, 22.2
2026-09-08, 07:13:38, 22.25, 22.27, 22.68, 22.57, 9999.0, 9999.0, 9999.0, 23.98, 9999.0, 22.61, 9999.0, 22.5, 22.3, 22.23, 22.25, 22.2
2026-09-08, 07:13:42, 22.25, 22.27, 22.68, 22.57, 9999.0, 9999.0, 9999.0, 24.02, 9999.0, 22.59, 9999.0, 22.5, 22.3, 22.2, 22.25, 22.2
2026-09-08, 07:13:46, 22.25, 22.3, 22.66, 22.57, 9999.0, 9999.0, 9999.0, 24.07, 9999.0, 22.57, 9999.0, 22.5, 22.27, 22.18, 22.25, 22.2
2026-09-08, 07:13:50, 22.25, 22.3, 22.68, 22.55, 9999.0, 9999.0, 9999.0, 24.02, 9999.0, 22.55, 9999.0, 22.52, 22.25, 22.18, 22.25, 22.2
2026-09-08, 07:13:54, 22.25, 22.27, 22.68, 22.55, 9999.0, 9999.0, 9999.0, 23.98, 9999.0, 22.52, 9999.0, 22.55, 22.27, 22.18, 22.25, 22.2
2026-09-08, 07:13:58, 22.25, 22.27, 22.68, 22.55, 9999.0, 9999.0, 9999.0, 23.93, 9999.0, 22.5, 9999.0, 22.57, 22.27, 22.18, 22.25, 22.23
2026-09-08, 07:14:02, 22.25, 22.27, 22.66, 22.55, 9999.0, 9999.0, 9999.0, 23.91, 9999.0, 22.5, 9999.0, 22.57, 22.3, 22.18, 22.25, 22.23
2026-09-08, 07:14:06, 22.25, 22.27, 22.64, 22.52, 9999.0, 9999.0, 9999.0, 23.89, 9999.0, 22.5, 9999.0, 22.57, 22.32, 22.18, 22.25, 22.23
2026-09-08, 07:14:10, 22.23, 22.27, 22.64, 22.5, 9999.0, 9999.0, 9999.0, 23.84, 9999.0, 22.52, 9999.0, 22.57, 22.34, 22.16, 22.25, 22.23
2026-09-08, 07:14:14, 22.23, 22.27, 22.66, 22.5, 9999.0, 9999.0, 9999.0, 23.8, 9999.0, 22.55, 9999.0, 22.57, 22.36, 22.16, 22.25, 22.25
2026-09-08, 07:14:18, 22.23, 22.27, 22.64, 22.5, 9999.0, 9999.0, 9999.0, 23.75, 9999.0, 22.57, 9999.0, 22.57, 22.36, 22.14, 22.25, 22.25
2026-09-08, 07:14:22, 22.23, 22.27, 22.64, 22.5, 9999.0, 9999.0, 9999.0, 23.77, 9999.0, 22.57, 9999.0, 22.57, 22.39, 22.14, 22.25, 22.25
2026-09-08, 07:14:26, 22.23, 22.3, 22.61, 22.5, 9999.0, 9999.0, 9999.0, 23.8, 9999.0, 22.57, 9999.0, 22.57, 22.39, 22.14, 22.25, 22.25
2026-09-08, 07:14:30, 22.23, 22.3, 22.64, 22.5, 9999.0, 9999.0, 9999.0, 23.82, 9999.0, 22.57, 9999.0, 22.57, 22.41, 22.14, 22.25, 22.25
2026-09-08, 07:14:34, 22.23, 22.3, 22.64, 22.5, 9999.0, 9999.0, 9999.0, 23.86, 9999.0, 22.57, 9999.0, 22.55, 22.41, 22.11, 22.25, 22.25
2026-09-08, 07:14:38, 22.23, 22.3, 22.64, 22.52, 9999.0, 9999.0, 9999.0, 23.89, 9999.0, 22.57, 9999.0, 22.52, 22.39, 22.11, 22.25, 22.25
2026-09-08, 07:14:42, 22.23, 22.3, 22.64, 22.55, 9999.0, 9999.0, 9999.0, 23.91, 9999.0, 22.57, 9999.0, 22.5, 22.39, 22.09, 22.25, 22.25
2026-09-08, 07:14:46, 22.23, 22.3, 22.64, 22.55, 9999.0, 9999.0, 9999.0, 23.93, 9999.0, 22.55, 9999.0, 22.5, 22.36, 22.07, 22.23, 22.23
2026-09-08, 07:14:50, 22.23, 22.32, 22.64, 22.55, 9999.0, 9999.0, 9999.0, 23.95, 9999.0, 22.55, 9999.0, 22.5, 22.34, 22.05, 22.23, 22.23
2026-09-08, 07:14:54, 22.25, 22.32, 22.61, 22.55, 9999.0, 9999.0, 9999.0, 24.0, 9999.0, 22.52, 9999.0, 22.5, 22.32, 22.05, 22.23, 22.23
2026-09-08, 07:14:58, 22.25, 22.32, 22.59, 22.55, 9999.0, 9999.0, 9999.0, 24.05, 9999.0, 22.5, 9999.0, 22.5, 22.32, 22.02, 22.23, 22.23
2026-09-08, 07:15:02, 22.25, 22.32, 22.59, 22.55, 9999.0, 9999.0, 9999.0, 24.09, 9999.0, 22.45, 9999.0, 22.5, 22.32, 22.05, 22.23, 22.2
2026-09-08, 07:15:06, 22.25, 22.32, 22.59, 22.57, 9999.0, 9999.0, 9999.0, 24.05, 9999.0, 22.43, 9999.0, 22.5, 22.3, 22.07, 22.23, 22.2
2026-09-08, 07:15:10, 22.25, 22.3, 22.59, 22.57, 9999.0, 9999.0, 9999.0, 24.0, 9999.0, 22.41, 9999.0, 22.52, 22.3, 22.09, 22.23, 22.18
2026-09-08, 07:15:15, 22.25, 22.27, 22.59, 22.57, 9999.0, 9999.0, 9999.0, 23.95, 9999.0, 22.39, 9999.0, 22.55, 22.3, 22.09, 22.23, 22.18
2026-09-08, 07:15:19, 22.25, 22.3, 22.57, 22.57, 9999.0, 9999.0, 9999.0, 23.91, 9999.0, 22.39, 9999.0, 22.57, 22.3, 22.09, 22.23, 22.18
2026-09-08, 07:15:23, 22.25, 22.32, 22.55, 22.57, 9999.0, 9999.0, 9999.0, 23.86, 9999.0, 22.39, 9999.0, 22.59, 22.3, 22.09, 22.23, 22.18
2026-09-08, 07:15:27, 22.25, 22.32, 22.52, 22.55, 9999.0, 9999.0, 9999.0, 23.82, 9999.0, 22.39, 9999.0, 22.59, 22.32, 22.09, 22.23, 22.16
2026-09-08, 07:15:31, 22.25, 22.32, 22.52, 22.55, 9999.0, 9999.0, 9999.0, 23.77, 9999.0, 22.43, 9999.0, 22.59, 22.34, 22.11, 22.25, 22.18
2026-09-08, 07:15:35, 22.25, 22.3, 22.52, 22.55, 9999.0, 9999.0, 9999.0, 23.73, 9999.0, 22.43, 9999.0, 22.59, 22.36, 22.14, 22.25, 22.18
2026-09-08, 07:15:39, 22.25, 22.32, 22.52, 22.55, 9999.0, 9999.0, 9999.0, 23.75, 9999.0, 22.45, 9999.0, 22.59, 22.39, 22.14, 22.25, 22.18
2026-09-08, 07:15:43, 22.25, 22.32, 22.52, 22.55, 9999.0, 9999.0, 9999.0, 23.77, 9999.0, 22.45, 9999.0, 22.59, 22.39, 22.16, 22.25, 22.16
2026-09-08, 07:15:47, 22.25, 22.34, 22.52, 22.55, 9999.0, 9999.0, 9999.0, 23.8, 9999.0, 22.48, 9999.0, 22.59, 22.39, 22.16, 22.25, 22.16
2026-09-08, 07:15:51, 22.25, 22.34, 22.52, 22.52, 9999.0, 9999.0, 9999.0, 23.82, 9999.0, 22.5, 9999.0, 22.59, 22.41, 22.14, 22.25, 22.16
2026-09-08, 07:15:55, 22.25, 22.34, 22.52, 22.52, 9999.0, 9999.0, 9999.0, 23.84, 9999.0, 22.52, 9999.0, 22.57, 22.41, 22.11, 22.25, 22.18
2026-09-08, 07:15:59, 22.25, 22.34, 22.52, 22.52, 9999.0, 9999.0, 9999.0, 23.86, 9999.0, 22.55, 9999.0, 22.55, 22.39, 22.11, 22.25, 22.16
2026-09-08, 07:16:03, 22.25, 22.32, 22.52, 22.52, 9999.0, 9999.0, 9999.0, 23.89, 9999.0, 22.52, 9999.0, 22.52, 22.39, 22.14, 22.25, 22.14
2026-09-08, 07:16:07, 22.25, 22.32, 22.52, 22.5, 9999.0, 9999.0, 9999.0, 23.93, 9999.0, 22.5, 9999.0, 22.5, 22.39, 22.14, 22.23, 22.14
2026-09-08, 07:16:11, 22.25, 22.32, 22.55, 22.5, 9999.0, 9999.0, 9999.0, 23.98, 9999.0, 22.48, 9999.0, 22.5, 22.36, 22.16, 22.23, 22.14
2026-09-08, 07:16:15, 22.25, 22.34, 22.57, 22.5, 9999.0, 9999.0, 9999.0, 24.02, 9999.0, 22.43, 9999.0, 22.5, 22.36, 22.14, 22.23, 22.14
2026-09-08, 07:16:19, 22.25, 22.34, 22.57, 22.5, 9999.0, 9999.0, 9999.0, 24.07, 9999.0, 22.41, 9999.0, 22.5, 22.34, 22.14, 22.23, 22.14
2026-09-08, 07:16:23, 22.25, 22.32, 22.57, 22.5, 9999.0, 9999.0, 9999.0, 24.02, 9999.0, 22.36, 9999.0, 22.5, 22.32, 22.16, 22.23, 22.14
2026-09-08, 07:16:27, 22.25, 22.32, 22.57, 22.5, 9999.0, 9999.0, 9999.0, 23.98, 9999.0, 22.34, 9999.0, 22.52, 22.3, 22.16, 22.23, 22.14
2026-09-08, 07:16:31, 22.25, 22.3, 22.57, 22.5, 9999.0, 9999.0, 9999.0, 23.93, 9999.0, 22.32, 9999.0, 22.55, 22.3, 22.16, 22.23, 22.16
2026-09-08, 07:16:35, 22.25, 22.3, 22.57, 22.5, 9999.0, 9999.0, 9999.0, 23.91, 9999.0, 22.32, 9999.0, 22.55, 22.27, 22.18, 22.23, 22.16
2026-09-08, 07:16:39, 22.25, 22.3, 22.57, 22.5, 9999.0, 9999.0, 9999.0, 23.86, 9999.0, 22.32, 9999.0, 22.55, 22.27, 22.2, 22.23, 22.14
2026-09-08, 07:16:43, 22.25, 22.3, 22.55, 22.5, 9999.0, 9999.0, 9999.0, 23.82, 9999.0, 22.32, 9999.0, 22.55, 22.27, 22.23, 22.23, 22.14
2026-09-08, 07:16:47, 22.25, 22.3, 22.55, 22.5, 9999.0, 9999.0, 9999.0, 23.77, 9999.0, 22.34, 9999.0, 22.55, 22.3, 22.23, 22.23, 22.14
2026-09-08, 07:16:51, 22.25, 22.27, 22.55, 22.5, 9999.0, 9999.0, 9999.0, 23.73, 9999.0, 22.36, 9999.0, 22.55, 22.32, 22.23, 22.25, 22.14
2026-09-08, 07:16:55, 22.25, 22.27, 22.52, 22.5, 9999.0, 9999.0, 9999.0, 23.68, 9999.0, 22.39, 9999.0, 22.55, 22.32, 22.23, 22.25, 22.16
2026-09-08, 07:16:59, 22.25, 22.25, 22.52, 22.5, 9999.0, 9999.0, 9999.0, 23.7, 9999.0, 22.41, 9999.0, 22.55, 22.3, 22.25, 22.25, 22.16
2026-09-08, 07:17:03, 22.25, 22.25, 22.52, 22.5, 9999.0, 9999.0, 9999.0, 23.73, 9999.0, 22.43, 9999.0, 22.57, 22.3, 22.23, 22.25, 22.14
2026-09-08, 07:17:07, 22.23, 22.25, 22.52, 22.5, 9999.0, 9999.0, 9999.0, 23.75, 9999.0, 22.45, 9999.0, 22.57, 22.32, 22.23, 22.25, 22.14
2026-09-08, 07:17:11, 22.23, 22.25, 22.52, 22.5, 9999.0, 9999.0, 9999.0, 23.77, 9999.0, 22.48, 9999.0, 22.55, 22.32, 22.23, 22.25, 22.16
2026-09-08, 07:17:15, 22.23, 22.27, 22.52, 22.5, 9999.0, 9999.0, 9999.0, 23.8, 9999.0, 22.48, 9999.0, 22.52, 22.32, 22.23, 22.25, 22.14
2026-09-08, 07:17:19, 22.23, 22.27, 22.52, 22.5, 9999.0, 9999.0, 9999.0, 23.82, 9999.0, 22.45, 9999.0, 22.52, 22.32, 22.23, 22.25, 22.14
2026-09-08, 07:17:23, 22.23, 22.27, 22.52, 22.5, 9999.0, 9999.0, 9999.0, 23.86, 9999.0, 22.43, 9999.0, 22.52, 22.32, 22.23, 22.25, 22.14
2026-09-08, 07:17:27, 22.23, 22.27, 22.52, 22.5, 9999.0, 9999.0, 9999.0, 23.89, 9999.0, 22.41, 9999.0, 22.52, 22.32, 22.23, 22.25, 22.14
2026-09-08, 07:17:31, 22.23, 22.27, 22.52, 22.5, 9999.0, 9999.0, 9999.0, 23.93, 9999.0, 22.39, 9999.0, 22.52, 22.3, 22.2, 22.25, 22.14
2026-09-08, 07:17:35, 22.23, 22.27, 22.52, 22.5, 9999.0, 9999.0, 9999.0, 23.98, 9999.0, 22.36, 9999.0, 22.52, 22.27, 22.2, 22.25, 22.14
2026-09-08, 07:17:39, 22.23, 22.27, 22.52, 22.5, 9999.0, 9999.0, 9999.0, 24.0, 9999.0, 22.34, 9999.0, 22.52, 22.27, 22.18, 22.25, 22.14
2026-09-08, 07:17:43, 22.23, 22.27, 22.5, 22.5, 9999.0, 9999.0, 9999.0, 23.95, 9999.0, 22.32, 9999.0, 22.55, 22.27, 22.16, 22.25, 22.11
2026-09-08, 07:17:47, 22.23, 22.27, 22.52, 22.5, 9999.0, 9999.0, 9999.0, 23.91, 9999.0, 22.3, 9999.0, 22.55, 22.3, 22.16, 22.25, 22.14
2026-09-08, 07:17:51, 22.25, 22.27, 22.52, 22.5, 9999.0, 9999.0, 9999.0, 23.89, 9999.0, 22.25, 9999.0, 22.55, 22.27, 22.16, 22.25, 22.14
2026-09-08, 07:17:55, 22.25, 22.27, 22.52, 22.5, 9999.0, 9999.0, 9999.0, 23.84, 9999.0, 22.23, 9999.0, 22.55, 22.27, 22.16, 22.25, 22.14
2026-09-08, 07:17:59, 22.25, 22.25, 22.52, 22.5, 9999.0, 9999.0, 9999.0, 23.8, 9999.0, 22.23, 9999.0, 22.55, 22.27, 22.14, 22.23, 22.14
2026-09-08, 07:18:03, 22.25, 22.25, 22.55, 22.5, 9999.0, 9999.0, 9999.0, 23.75, 9999.0, 22.25, 9999.0, 22.55, 22.3, 22.14, 22.23, 22.14
2026-09-08, 07:18:07, 22.25, 22.25, 22.57, 22.5, 9999.0, 9999.0, 9999.0, 23.68, 9999.0, 22.27, 9999.0, 22.55, 22.32, 22.14, 22.23, 22.14
2026-09-08, 07:18:11, 22.25, 22.25, 22.57, 22.5, 9999.0, 9999.0, 9999.0, 23.66, 9999.0, 22.3, 9999.0, 22.55, 22.32, 22.14, 22.23, 22.16
2026-09-08, 07:18:15, 22.25, 22.25, 22.59, 22.5, 9999.0, 9999.0, 9999.0, 23.68, 9999.0, 22.3, 9999.0, 22.55, 22.32, 22.16, 22.23, 22.18
2026-09-08, 07:18:19, 22.25, 22.25, 22.59, 22.5, 9999.0, 9999.0, 9999.0, 23.7, 9999.0, 22.3, 9999.0, 22.55, 22.32, 22.14, 22.23, 22.18
2026-09-08, 07:18:23, 22.25, 22.25, 22.59, 22.5, 9999.0, 9999.0, 9999.0, 23.73, 9999.0, 22.3, 9999.0, 22.55, 22.32, 22.14, 22.23, 22.18
2026-09-08, 07:18:27, 22.25, 22.25, 22.59, 22.5, 9999.0, 9999.0, 9999.0, 23.75, 9999.0, 22.3, 9999.0, 22.52, 22.32, 22.14, 22.23, 22.18
2026-09-08, 07:18:31, 22.25, 22.25, 22.57, 22.5, 9999.0, 9999.0, 9999.0, 23.77, 9999.0, 22.3, 9999.0, 22.5, 22.3, 22.16, 22.23, 22.18
2026-09-08, 07:18:35, 22.25, 22.25, 22.57, 22.5, 9999.0, 9999.0, 9999.0, 23.77, 9999.0, 22.32, 9999.0, 22.5, 22.3, 22.16, 22.23, 22.18
2026-09-08, 07:18:39, 22.25, 22.25, 22.57, 22.5, 9999.0, 9999.0, 9999.0, 23.8, 9999.0, 22.32, 9999.0, 22.5, 22.3, 22.14, 22.23, 22.18
2026-09-08, 07:18:43, 22.25, 22.25, 22.57, 22.5, 9999.0, 9999.0, 9999.0, 23.82, 9999.0, 22.32, 9999.0, 22.48, 22.3, 22.16, 22.25, 22.2
2026-09-08, 07:18:47, 22.25, 22.25, 22.55, 22.5, 9999.0, 9999.0, 9999.0, 23.84, 9999.0, 22.3, 9999.0, 22.45, 22.27, 22.14, 22.25, 22.2
2026-09-08, 07:18:51, 22.25, 22.25, 22.52, 22.5, 9999.0, 9999.0, 9999.0, 23.89, 9999.0, 22.25, 9999.0, 22.48, 22.25, 22.11, 22.25, 22.23
2026-09-08, 07:18:55, 22.25, 22.25, 22.52, 22.5, 9999.0, 9999.0, 9999.0, 23.91, 9999.0, 22.2, 9999.0, 22.48, 22.25, 22.09, 22.25, 22.2
2026-09-08, 07:18:59, 22.25, 22.25, 22.5, 22.5, 9999.0, 9999.0, 9999.0, 23.86, 9999.0, 22.18, 9999.0, 22.48, 22.25, 22.07, 22.25, 22.2
2026-09-08, 07:19:03, 22.25, 22.25, 22.5, 22.5, 9999.0, 9999.0, 9999.0, 23.82, 9999.0, 22.16, 9999.0, 22.5, 22.25, 22.09, 22.25, 22.18
2026-09-08, 07:19:08, 22.25, 22.27, 22.5, 22.5, 9999.0, 9999.0, 9999.0, 23.77, 9999.0, 22.14, 9999.0, 22.5, 22.27, 22.09, 22.25, 22.18
2026-09-08, 07:19:12, 22.25, 22.27, 22.5, 22.5, 9999.0, 9999.0, 9999.0, 23.73, 9999.0, 22.14, 9999.0, 22.5, 22.27, 22.11, 22.25, 22.2
2026-09-08, 07:19:16, 22.25, 22.3, 22.5, 22.5, 9999.0, 9999.0, 9999.0, 23.68, 9999.0, 22.14, 9999.0, 22.5, 22.27, 22.11, 22.25, 22.18
2026-09-08, 07:19:20, 22.25, 22.3, 22.5, 22.5, 9999.0, 9999.0, 9999.0, 23.66, 9999.0, 22.14, 9999.0, 22.5, 22.3, 22.09, 22.25, 22.18
2026-09-08, 07:19:24, 22.25, 22.3, 22.5, 22.5, 9999.0, 9999.0, 9999.0, 23.61, 9999.0, 22.14, 9999.0, 22.52, 22.32, 22.11, 22.25, 22.18
2026-09-08, 07:19:28, 22.25, 22.3, 22.5, 22.5, 9999.0, 9999.0, 9999.0, 23.57, 9999.0, 22.14, 9999.0, 22.55, 22.34, 22.11, 22.25, 22.18
2026-09-08, 07:19:32, 22.25, 22.3, 22.5, 22.5, 9999.0, 9999.0, 9999.0, 23.61, 9999.0, 22.14, 9999.0, 22.57, 22.34, 22.14, 22.25, 22.18
2026-09-08, 07:19:36, 22.25, 22.3, 22.5, 22.5, 9999.0, 9999.0, 9999.0, 23.64, 9999.0, 22.16, 9999.0, 22.55, 22.34, 22.14, 22.25, 22.18
2026-09-08, 07:19:40, 22.25, 22.3, 22.5, 22.5, 9999.0, 9999.0, 9999.0, 23.66, 9999.0, 22.18, 9999.0, 22.55, 22.34, 22.14, 22.25, 22.2
2026-09-08, 07:19:44, 22.25, 22.3, 22.5, 22.5, 9999.0, 9999.0, 9999.0, 23.68, 9999.0, 22.2, 9999.0, 22.55, 22.34, 22.16, 22.25, 22.18
2026-09-08, 07:19:48, 22.25, 22.3, 22.5, 22.52, 9999.0, 9999.0, 9999.0, 23.7, 9999.0, 22.2, 9999.0, 22.52, 22.36, 22.16, 22.25, 22.2
2026-09-08, 07:19:52, 22.25, 22.3, 22.5, 22.52, 9999.0, 9999.0, 9999.0, 23.73, 9999.0, 22.2, 9999.0, 22.52, 22.34, 22.18, 22.25, 22.2
2026-09-08, 07:19:56, 22.25, 22.3, 22.5, 22.52, 9999.0, 9999.0, 9999.0, 23.75, 9999.0, 22.18, 9999.0, 22.52, 22.34, 22.18, 22.25, 22.2
2026-09-08, 07:20:00, 22.25, 22.27, 22.5, 22.52, 9999.0, 9999.0, 9999.0, 23.77, 9999.0, 22.16, 9999.0, 22.5, 22.34, 22.18, 22.25, 22.2
2026-09-08, 07:20:04, 22.25, 22.3, 22.52, 22.52, 9999.0, 9999.0, 9999.0, 23.8, 9999.0, 22.14, 9999.0, 22.48, 22.32, 22.2, 22.25, 22.2
2026-09-08, 07:20:08, 22.25, 22.3, 22.52, 22.55, 9999.0, 9999.0, 9999.0, 23.84, 9999.0, 22.11, 9999.0, 22.45, 22.3, 22.18, 22.25, 22.2
2026-09-08, 07:20:12, 22.25, 22.3, 22.52, 22.55, 9999.0, 9999.0, 9999.0, 23.89, 9999.0, 22.09, 9999.0, 22.45, 22.27, 22.16, 22.25, 22.2
2026-09-08, 07:20:16, 22.25, 22.3, 22.52, 22.55, 9999.0, 9999.0, 9999.0, 23.84, 9999.0, 22.05, 9999.0, 22.45, 22.27, 22.14, 22.23, 22.2
2026-09-08, 07:20:20, 22.25, 22.3, 22.52, 22.55, 9999.0, 9999.0, 9999.0, 23.82, 9999.0, 22.02, 9999.0, 22.48, 22.27, 22.16, 22.23, 22.2
2026-09-08, 07:20:24, 22.25, 22.3, 22.52, 22.55, 9999.0, 9999.0, 9999.0, 23.77, 9999.0, 21.98, 9999.0, 22.5, 22.27, 22.18, 22.23, 22.2
2026-09-08, 07:20:28, 22.25, 22.3, 22.55, 22.55, 9999.0, 9999.0, 9999.0, 23.73, 9999.0, 21.93, 9999.0, 22.52, 22.27, 22.16, 22.23, 22.23
2026-09-08, 07:20:32, 22.25, 22.3, 22.55, 22.52, 9999.0, 9999.0, 9999.0, 23.68, 9999.0, 21.93, 9999.0, 22.55, 22.25, 22.16, 22.23, 22.23
2026-09-08, 07:20:36, 22.25, 22.3, 22.55, 22.52, 9999.0, 9999.0, 9999.0, 23.66, 9999.0, 21.93, 9999.0, 22.57, 22.25, 22.16, 22.23, 22.23
2026-09-08, 07:20:40, 22.25, 22.3, 22.55, 22.52, 9999.0, 9999.0, 9999.0, 23.61, 9999.0, 21.93, 9999.0, 22.59, 22.25, 22.16, 22.23, 22.23
2026-09-08, 07:20:44, 22.25, 22.3, 22.55, 22.52, 9999.0, 9999.0, 9999.0, 23.57, 9999.0, 21.95, 9999.0, 22.61, 22.27, 22.14, 22.23, 22.25
2026-09-08, 07:20:48, 22.25, 22.27, 22.52, 22.52, 9999.0, 9999.0, 9999.0, 23.52, 9999.0, 21.98, 9999.0, 22.66, 22.3, 22.14, 22.23, 22.25
2026-09-08, 07:20:52, 22.25, 22.27, 22.52, 22.5, 9999.0, 9999.0, 9999.0, 23.55, 9999.0, 22.0, 9999.0, 22.66, 22.3, 22.16, 22.23, 22.25
2026-09-08, 07:20:56, 22.25, 22.27, 22.52, 22.5, 9999.0, 9999.0, 9999.0, 23.57, 9999.0, 22.0, 9999.0, 22.66, 22.3, 22.16, 22.23, 22.25
2026-09-08, 07:21:00, 22.25, 22.27, 22.52, 22.5, 9999.0, 9999.0, 9999.0, 23.59, 9999.0, 22.02, 9999.0, 22.66, 22.3, 22.16, 22.25, 22.25
2026-09-08, 07:21:04, 22.25, 22.27, 22.52, 22.5, 9999.0, 9999.0, 9999.0, 23.59, 9999.0, 22.02, 9999.0, 22.64, 22.3, 22.14, 22.25, 22.25
2026-09-08, 07:21:08, 22.25, 22.27, 22.52, 22.5, 9999.0, 9999.0, 9999.0, 23.61, 9999.0, 22.05, 9999.0, 22.61, 22.32, 22.14, 22.25, 22.25
2026-09-08, 07:21:12, 22.25, 22.3, 22.52, 22.5, 9999.0, 9999.0, 9999.0, 23.64, 9999.0, 22.07, 9999.0, 22.59, 22.32, 22.16, 22.25, 22.25
2026-09-08, 07:21:16, 22.25, 22.3, 22.52, 22.5, 9999.0, 9999.0, 9999.0, 23.64, 9999.0, 22.07, 9999.0, 22.57, 22.32, 22.16, 22.25, 22.25
2026-09-08, 07:21:20, 22.25, 22.27, 22.52, 22.5, 9999.0, 9999.0, 9999.0, 23.64, 9999.0, 22.05, 9999.0, 22.55, 22.32, 22.14, 22.25, 22.25
2026-09-08, 07:21:24, 22.25, 22.27, 22.52, 22.5, 9999.0, 9999.0, 9999.0, 23.66, 9999.0, 22.05, 9999.0, 22.52, 22.32, 22.11, 22.25, 22.25
2026-09-08, 07:21:28, 22.25, 22.27, 22.55, 22.5, 9999.0, 9999.0, 9999.0, 23.7, 9999.0, 22.0, 9999.0, 22.52, 22.3, 22.11, 22.25, 22.25
2026-09-08, 07:21:32, 22.25, 22.27, 22.55, 22.52, 9999.0, 9999.0, 9999.0, 23.73, 9999.0, 21.98, 9999.0, 22.5, 22.27, 22.09, 22.25, 22.25
2026-09-08, 07:21:36, 22.23, 22.27, 22.55, 22.52, 9999.0, 9999.0, 9999.0, 23.68, 9999.0, 21.95, 9999.0, 22.52, 22.27, 22.07, 22.25, 22.25
2026-09-08, 07:21:40, 22.23, 22.27, 22.57, 22.52, 9999.0, 9999.0, 9999.0, 23.64, 9999.0, 21.93, 9999.0, 22.55, 22.27, 22.09, 22.25, 22.25
2026-09-08, 07:21:44, 22.23, 22.27, 22.57, 22.52, 9999.0, 9999.0, 9999.0, 23.59, 9999.0, 21.91, 9999.0, 22.57, 22.27, 22.11, 22.25, 22.25
2026-09-08, 07:21:48, 22.23, 22.27, 22.57, 22.52, 9999.0, 9999.0, 9999.0, 23.55, 9999.0, 21.91, 9999.0, 22.59, 22.27, 22.14, 22.25, 22.25
2026-09-08, 07:21:52, 22.23, 22.27, 22.57, 22.52, 9999.0, 9999.0, 9999.0, 23.5, 9999.0, 21.91, 9999.0, 22.61, 22.25, 22.11, 22.25, 22.25
2026-09-08, 07:21:56, 22.23, 22.25, 22.55, 22.52, 9999.0, 9999.0, 9999.0, 23.45, 9999.0, 21.91, 9999.0, 22.61, 22.27, 22.11, 22.25, 22.25
2026-09-08, 07:22:00, 22.23, 22.27, 22.55, 22.55, 9999.0, 9999.0, 9999.0, 23.43, 9999.0, 21.93, 9999.0, 22.61, 22.3, 22.11, 22.25, 22.25
2026-09-08, 07:22:04, 22.23, 22.27, 22.55, 22.57, 9999.0, 9999.0, 9999.0, 23.41, 9999.0, 21.98, 9999.0, 22.61, 22.32, 22.14, 22.25, 22.25
2026-09-08, 07:22:08, 22.23, 22.27, 22.55, 22.59, 9999.0, 9999.0, 9999.0, 23.45, 9999.0, 22.0, 9999.0, 22.61, 22.34, 22.16, 22.25, 22.25
2026-09-08, 07:22:12, 22.23, 22.27, 22.55, 22.61, 9999.0, 9999.0, 9999.0, 23.48, 9999.0, 22.02, 9999.0, 22.61, 22.36, 22.18, 22.25, 22.25
2026-09-08, 07:22:16, 22.23, 22.27, 22.57, 22.59, 9999.0, 9999.0, 9999.0, 23.52, 9999.0, 22.02, 9999.0, 22.61, 22.36, 22.2, 22.25, 22.25
2026-09-08, 07:22:20, 22.25, 22.27, 22.59, 22.59, 9999.0, 9999.0, 9999.0, 23.55, 9999.0, 22.02, 9999.0, 22.59, 22.36, 22.23, 22.25, 22.25
2026-09-08, 07:22:24, 22.25, 22.27, 22.57, 22.59, 9999.0, 9999.0, 9999.0, 23.57, 9999.0, 22.05, 9999.0, 22.57, 22.36, 22.23, 22.25, 22.25
2026-09-08, 07:22:28, 22.25, 22.27, 22.57, 22.61, 9999.0, 9999.0, 9999.0, 23.59, 9999.0, 22.07, 9999.0, 22.55, 22.36, 22.23, 22.25, 22.25
2026-09-08, 07:22:32, 22.25, 22.27, 22.57, 22.61, 9999.0, 9999.0, 9999.0, 23.64, 9999.0, 22.07, 9999.0, 22.52, 22.36, 22.2, 22.25, 22.25
2026-09-08, 07:22:36, 22.25, 22.27, 22.59, 22.61, 9999.0, 9999.0, 9999.0, 23.66, 9999.0, 22.07, 9999.0, 22.5, 22.36, 22.23, 22.25, 22.25
2026-09-08, 07:22:40, 22.25, 22.27, 22.61, 22.61, 9999.0, 9999.0, 9999.0, 23.68, 9999.0, 22.07, 9999.0, 22.5, 22.34, 22.23, 22.25, 22.25
2026-09-08, 07:22:44, 22.25, 22.25, 22.64, 22.61, 9999.0, 9999.0, 9999.0, 23.7, 9999.0, 22.05, 9999.0, 22.52, 22.32, 22.2, 22.25, 22.25
2026-09-08, 07:22:48, 22.25, 22.25, 22.64, 22.59, 9999.0, 9999.0, 9999.0, 23.73, 9999.0, 22.02, 9999.0, 22.52, 22.3, 22.2, 22.25, 22.25
2026-09-08, 07:22:52, 22.25, 22.25, 22.66, 22.57, 9999.0, 9999.0, 9999.0, 23.68, 9999.0, 22.0, 9999.0, 22.52, 22.27, 22.2, 22.25, 22.25
2026-09-08, 07:22:56, 22.25, 22.25, 22.64, 22.55, 9999.0, 9999.0, 9999.0, 23.64, 9999.0, 21.98, 9999.0, 22.55, 22.27, 22.2, 22.25, 22.25
2026-09-08, 07:23:00, 22.25, 22.25, 22.61, 22.57, 9999.0, 9999.0, 9999.0, 23.59, 9999.0, 21.95, 9999.0, 22.57, 22.27, 22.2, 22.25, 22.25
2026-09-08, 07:23:05, 22.25, 22.25, 22.59, 22.57, 9999.0, 9999.0, 9999.0, 23.57, 9999.0, 21.93, 9999.0, 22.59, 22.27, 22.2, 22.25, 22.25
2026-09-08, 07:23:09, 22.25, 22.25, 22.59, 22.57, 9999.0, 9999.0, 9999.0, 23.52, 9999.0, 21.93, 9999.0, 22.59, 22.27, 22.2, 22.25, 22.25
2026-09-08, 07:23:13, 22.25, 22.25, 22.59, 22.57, 9999.0, 9999.0, 9999.0, 23.48, 9999.0, 21.93, 9999.0, 22.61, 22.27, 22.2, 22.25, 22.25
2026-09-08, 07:23:17, 22.25, 22.25, 22.61, 22.57, 9999.0, 9999.0, 9999.0, 23.43, 9999.0, 21.95, 9999.0, 22.64, 22.3, 22.2, 22.25, 22.25
2026-09-08, 07:23:21, 22.25, 22.25, 22.59, 22.57, 9999.0, 9999.0, 9999.0, 23.41, 9999.0, 21.98, 9999.0, 22.64, 22.32, 22.2, 22.25, 22.25
2026-09-08, 07:23:25, 22.25, 22.25, 22.59, 22.57, 9999.0, 9999.0, 9999.0, 23.39, 9999.0, 22.0, 9999.0, 22.64, 22.34, 22.2, 22.25, 22.25
2026-09-08, 07:23:29, 22.25, 22.25, 22.57, 22.55, 9999.0, 9999.0, 9999.0, 23.43, 9999.0, 22.0, 9999.0, 22.61, 22.36, 22.2, 22.25, 22.25
2026-09-08, 07:23:33, 22.25, 22.25, 22.57, 22.57, 9999.0, 9999.0, 9999.0, 23.45, 9999.0, 22.0, 9999.0, 22.61, 22.39, 22.2, 22.25, 22.25
2026-09-08, 07:23:37, 22.25, 22.25, 22.55, 22.57, 9999.0, 9999.0, 9999.0, 23.48, 9999.0, 22.02, 9999.0, 22.61, 22.39, 22.18, 22.25, 22.25
2026-09-08, 07:23:41, 22.25, 22.25, 22.57, 22.57, 9999.0, 9999.0, 9999.0, 23.5, 9999.0, 22.05, 9999.0, 22.59, 22.39, 22.16, 22.25, 22.25
2026-09-08, 07:23:45, 22.25, 22.25, 22.57, 22.55, 9999.0, 9999.0, 9999.0, 23.52, 9999.0, 22.07, 9999.0, 22.57, 22.39, 22.16, 22.25, 22.25
2026-09-08, 07:23:49, 22.25, 22.25, 22.57, 22.55, 9999.0, 9999.0, 9999.0, 23.55, 9999.0, 22.07, 9999.0, 22.55, 22.39, 22.14, 22.25, 22.25
2026-09-08, 07:23:53, 22.25, 22.25, 22.57, 22.57, 9999.0, 9999.0, 9999.0, 23.59, 9999.0, 22.05, 9999.0, 22.55, 22.41, 22.14, 22.25, 22.25
2026-09-08, 07:23:57, 22.25, 22.25, 22.57, 22.55, 9999.0, 9999.0, 9999.0, 23.64, 9999.0, 22.05, 9999.0, 22.52, 22.41, 22.14, 22.25, 22.25
2026-09-08, 07:24:01, 22.25, 22.25, 22.55, 22.57, 9999.0, 9999.0, 9999.0, 23.68, 9999.0, 22.0, 9999.0, 22.5, 22.39, 22.14, 22.25, 22.25
2026-09-08, 07:24:05, 22.25, 22.25, 22.55, 22.57, 9999.0, 9999.0, 9999.0, 23.7, 9999.0, 21.95, 9999.0, 22.5, 22.36, 22.11, 22.25, 22.25
2026-09-08, 07:24:09, 22.25, 22.25, 22.52, 22.57, 9999.0, 9999.0, 9999.0, 23.73, 9999.0, 21.91, 9999.0, 22.5, 22.34, 22.09, 22.25, 22.25
2026-09-08, 07:24:13, 22.25, 22.25, 22.52, 22.57, 9999.0, 9999.0, 9999.0, 23.68, 9999.0, 21.89, 9999.0, 22.52, 22.34, 22.11, 22.25, 22.25
2026-09-08, 07:24:17, 22.25, 22.25, 22.52, 22.55, 9999.0, 9999.0, 9999.0, 23.66, 9999.0, 21.86, 9999.0, 22.55, 22.34, 22.11, 22.25, 22.25
2026-09-08, 07:24:21, 22.25, 22.25, 22.52, 22.55, 9999.0, 9999.0, 9999.0, 23.61, 9999.0, 21.82, 9999.0, 22.57, 22.34, 22.14, 22.25, 22.25
2026-09-08, 07:24:25, 22.25, 22.25, 22.5, 22.55, 9999.0, 9999.0, 9999.0, 23.57, 9999.0, 21.82, 9999.0, 22.59, 22.34, 22.16, 22.25, 22.25
2026-09-08, 07:24:29, 22.25, 22.25, 22.5, 22.57, 9999.0, 9999.0, 9999.0, 23.52, 9999.0, 21.82, 9999.0, 22.61, 22.34, 22.16, 22.25, 22.25
2026-09-08, 07:24:33, 22.25, 22.25, 22.52, 22.57, 9999.0, 9999.0, 9999.0, 23.48, 9999.0, 21.86, 9999.0, 22.64, 22.36, 22.18, 22.25, 22.25
2026-09-08, 07:24:37, 22.25, 22.25, 22.52, 22.55, 9999.0, 9999.0, 9999.0, 23.43, 9999.0, 21.91, 9999.0, 22.64, 22.36, 22.18, 22.25, 22.25
2026-09-08, 07:24:41, 22.25, 22.25, 22.55, 22.55, 9999.0, 9999.0, 9999.0, 23.39, 9999.0, 21.93, 9999.0, 22.64, 22.39, 22.18, 22.25, 22.25
2026-09-08, 07:24:45, 22.25, 22.25, 22.57, 22.52, 9999.0, 9999.0, 9999.0, 23.41, 9999.0, 21.98, 9999.0, 22.64, 22.39, 22.18, 22.25, 22.25
2026-09-08, 07:24:49, 22.25, 22.25, 22.59, 22.52, 9999.0, 9999.0, 9999.0, 23.45, 9999.0, 22.02, 9999.0, 22.64, 22.41, 22.2, 22.25, 22.25
2026-09-08, 07:24:53, 22.25, 22.25, 22.59, 22.52, 9999.0, 9999.0, 9999.0, 23.5, 9999.0, 22.07, 9999.0, 22.64, 22.41, 22.2, 22.25, 22.25
2026-09-08, 07:24:57, 22.25, 22.25, 22.59, 22.52, 9999.0, 9999.0, 9999.0, 23.52, 9999.0, 22.11, 9999.0, 22.61, 22.39, 22.2, 22.25, 22.25
2026-09-08, 07:25:01, 22.25, 22.25, 22.61, 22.55, 9999.0, 9999.0, 9999.0, 23.55, 9999.0, 22.14, 9999.0, 22.59, 22.39, 22.18, 22.25, 22.25
2026-09-08, 07:25:05, 22.25, 22.25, 22.61, 22.55, 9999.0, 9999.0, 9999.0, 23.59, 9999.0, 22.18, 9999.0, 22.57, 22.39, 22.18, 22.25, 22.25
2026-09-08, 07:25:09, 22.25, 22.25, 22.61, 22.55, 9999.0, 9999.0, 9999.0, 23.61, 9999.0, 22.18, 9999.0, 22.55, 22.36, 22.16, 22.25, 22.25
2026-09-08, 07:25:13, 22.25, 22.25, 22.61, 22.55, 9999.0, 9999.0, 9999.0, 23.64, 9999.0, 22.18, 9999.0, 22.52, 22.39, 22.16, 22.25, 22.25
2026-09-08, 07:25:17, 22.25, 22.25, 22.61, 22.55, 9999.0, 9999.0, 9999.0, 23.66, 9999.0, 22.16, 9999.0, 22.5, 22.36, 22.14, 22.25, 22.25
2026-09-08, 07:25:21, 22.25, 22.25, 22.64, 22.55, 9999.0, 9999.0, 9999.0, 23.68, 9999.0, 22.16, 9999.0, 22.52, 22.34, 22.11, 22.25, 22.25
2026-09-08, 07:25:25, 22.25, 22.25, 22.61, 22.55, 9999.0, 9999.0, 9999.0, 23.7, 9999.0, 22.14, 9999.0, 22.52, 22.32, 22.11, 22.25, 22.25
2026-09-08, 07:25:29, 22.25, 22.25, 22.59, 22.55, 9999.0, 9999.0, 9999.0, 23.66, 9999.0, 22.11, 9999.0, 22.55, 22.34, 22.14, 22.25, 22.25
2026-09-08, 07:25:33, 22.25, 22.25, 22.57, 22.55, 9999.0, 9999.0, 9999.0, 23.59, 9999.0, 22.09, 9999.0, 22.57, 22.34, 22.11, 22.25, 22.25
2026-09-08, 07:25:37, 22.25, 22.25, 22.57, 22.57, 9999.0, 9999.0, 9999.0, 23.52, 9999.0, 22.07, 9999.0, 22.59, 22.36, 22.14, 22.25, 22.25
2026-09-08, 07:25:41, 22.25, 22.25, 22.59, 22.57, 9999.0, 9999.0, 9999.0, 23.5, 9999.0, 22.07, 9999.0, 22.61, 22.39, 22.14, 22.25, 22.25
2026-09-08, 07:25:45, 22.25, 22.25, 22.59, 22.55, 9999.0, 9999.0, 9999.0, 23.45, 9999.0, 22.09, 9999.0, 22.64, 22.36, 22.14, 22.25, 22.25
2026-09-08, 07:25:49, 22.25, 22.25, 22.59, 22.55, 9999.0, 9999.0, 9999.0, 23.41, 9999.0, 22.09, 9999.0, 22.66, 22.39, 22.11, 22.25, 22.25
2026-09-08, 07:25:53, 22.25, 22.25, 22.59, 22.55, 9999.0, 9999.0, 9999.0, 23.39, 9999.0, 22.14, 9999.0, 22.68, 22.41, 22.11, 22.25, 22.25
2026-09-08, 07:25:57, 22.23, 22.25, 22.59, 22.52, 9999.0, 9999.0, 9999.0, 23.36, 9999.0, 22.16, 9999.0, 22.68, 22.39, 22.11, 22.25, 22.25
2026-09-08, 07:26:01, 22.23, 22.25, 22.57, 22.55, 9999.0, 9999.0, 9999.0, 23.41, 9999.0, 22.18, 9999.0, 22.68, 22.41, 22.14, 22.25, 22.25
2026-09-08, 07:26:05, 22.23, 22.25, 22.57, 22.57, 9999.0, 9999.0, 9999.0, 23.45, 9999.0, 22.18, 9999.0, 22.66, 22.43, 22.16, 22.25, 22.25
2026-09-08, 07:26:09, 22.23, 22.25, 22.57, 22.57, 9999.0, 9999.0, 9999.0, 23.5, 9999.0, 22.2, 9999.0, 22.66, 22.43, 22.16, 22.25, 22.25
2026-09-08, 07:26:13, 22.23, 22.25, 22.57, 22.59, 9999.0, 9999.0, 9999.0, 23.55, 9999.0, 22.23, 9999.0, 22.64, 22.43, 22.14, 22.25, 22.25
2026-09-08, 07:26:17, 22.23, 22.25, 22.59, 22.61, 9999.0, 9999.0, 9999.0, 23.61, 9999.0, 22.23, 9999.0, 22.61, 22.41, 22.16, 22.25, 22.25
2026-09-08, 07:26:21, 22.23, 22.25, 22.61, 22.59, 9999.0, 9999.0, 9999.0, 23.66, 9999.0, 22.23, 9999.0, 22.59, 22.39, 22.16, 22.23, 22.25
2026-09-08, 07:26:25, 22.23, 22.25, 22.59, 22.59, 9999.0, 9999.0, 9999.0, 23.68, 9999.0, 22.2, 9999.0, 22.57, 22.39, 22.16, 22.23, 22.25
2026-09-08, 07:26:29, 22.23, 22.25, 22.59, 22.61, 9999.0, 9999.0, 9999.0, 23.73, 9999.0, 22.2, 9999.0, 22.55, 22.39, 22.18, 22.23, 22.25
2026-09-08, 07:26:33, 22.23, 22.25, 22.59, 22.61, 9999.0, 9999.0, 9999.0, 23.77, 9999.0, 22.2, 9999.0, 22.52, 22.36, 22.2, 22.23, 22.25
2026-09-08, 07:26:37, 22.23, 22.25, 22.59, 22.64, 9999.0, 9999.0, 9999.0, 23.82, 9999.0, 22.16, 9999.0, 22.52, 22.34, 22.2, 22.23, 22.25
2026-09-08, 07:26:41, 22.25, 22.25, 22.59, 22.66, 9999.0, 9999.0, 9999.0, 23.84, 9999.0, 22.14, 9999.0, 22.55, 22.34, 22.2, 22.23, 22.25
2026-09-08, 07:26:45, 22.25, 22.25, 22.59, 22.64, 9999.0, 9999.0, 9999.0, 23.8, 9999.0, 22.14, 9999.0, 22.55, 22.32, 22.18, 22.23, 22.25
2026-09-08, 07:26:49, 22.25, 22.25, 22.57, 22.64, 9999.0, 9999.0, 9999.0, 23.75, 9999.0, 22.11, 9999.0, 22.57, 22.32, 22.18, 22.23, 22.25
2026-09-08, 07:26:54, 22.25, 22.25, 22.59, 22.64, 9999.0, 9999.0, 9999.0, 23.7, 9999.0, 22.09, 9999.0, 22.59, 22.34, 22.18, 22.23, 22.25
2026-09-08, 07:26:58, 22.25, 22.25, 22.61, 22.61, 9999.0, 9999.0, 9999.0, 23.64, 9999.0, 22.07, 9999.0, 22.61, 22.32, 22.2, 22.23, 22.25
2026-09-08, 07:27:02, 22.25, 22.25, 22.61, 22.59, 9999.0, 9999.0, 9999.0, 23.57, 9999.0, 22.09, 9999.0, 22.64, 22.34, 22.18, 22.23, 22.25
2026-09-08, 07:27:06, 22.25, 22.25, 22.61, 22.61, 9999.0, 9999.0, 9999.0, 23.52, 9999.0, 22.11, 9999.0, 22.66, 22.34, 22.18, 22.25, 22.25
2026-09-08, 07:27:10, 22.25, 22.25, 22.64, 22.64, 9999.0, 9999.0, 9999.0, 23.48, 9999.0, 22.16, 9999.0, 22.68, 22.34, 22.16, 22.25, 22.25
2026-09-08, 07:27:14, 22.25, 22.25, 22.64, 22.61, 9999.0, 9999.0, 9999.0, 23.43, 9999.0, 22.18, 9999.0, 22.68, 22.36, 22.16, 22.25, 22.25
2026-09-08, 07:27:18, 22.25, 22.27, 22.66, 22.64, 9999.0, 9999.0, 9999.0, 23.39, 9999.0, 22.2, 9999.0, 22.68, 22.36, 22.14, 22.25, 22.25
2026-09-08, 07:27:22, 22.25, 22.27, 22.66, 22.64, 9999.0, 9999.0, 9999.0, 23.41, 9999.0, 22.25, 9999.0, 22.66, 22.39, 22.16, 22.25, 22.25
2026-09-08, 07:27:26, 22.25, 22.27, 22.68, 22.64, 9999.0, 9999.0, 9999.0, 23.45, 9999.0, 22.3, 9999.0, 22.64, 22.41, 22.14, 22.25, 22.25
2026-09-08, 07:27:30, 22.25, 22.27, 22.68, 22.64, 9999.0, 9999.0, 9999.0, 23.5, 9999.0, 22.3, 9999.0, 22.64, 22.43, 22.14, 22.23, 22.25
2026-09-08, 07:27:34, 22.25, 22.27, 22.7, 22.61, 9999.0, 9999.0, 9999.0, 23.55, 9999.0, 22.34, 9999.0, 22.61, 22.41, 22.14, 22.23, 22.25
2026-09-08, 07:27:38, 22.25, 22.27, 22.7, 22.64, 9999.0, 9999.0, 9999.0, 23.57, 9999.0, 22.36, 9999.0, 22.59, 22.41, 22.14, 22.23, 22.25
2026-09-08, 07:27:42, 22.25, 22.27, 22.68, 22.64, 9999.0, 9999.0, 9999.0, 23.61, 9999.0, 22.39, 9999.0, 22.57, 22.41, 22.14, 22.23, 22.25
2026-09-08, 07:27:46, 22.25, 22.27, 22.68, 22.64, 9999.0, 9999.0, 9999.0, 23.66, 9999.0, 22.39, 9999.0, 22.55, 22.39, 22.14, 22.2, 22.25
2026-09-08, 07:27:50, 22.25, 22.27, 22.66, 22.61, 9999.0, 9999.0, 9999.0, 23.7, 9999.0, 22.39, 9999.0, 22.52, 22.39, 22.14, 22.2, 22.25
2026-09-08, 07:27:54, 22.25, 22.27, 22.64, 22.61, 9999.0, 9999.0, 9999.0, 23.75, 9999.0, 22.36, 9999.0, 22.5, 22.39, 22.14, 22.2, 22.25
2026-09-08, 07:27:58, 22.25, 22.27, 22.61, 22.61, 9999.0, 9999.0, 9999.0, 23.8, 9999.0, 22.34, 9999.0, 22.5, 22.36, 22.11, 22.2, 22.25
2026-09-08, 07:28:02, 22.25, 22.25, 22.59, 22.59, 9999.0, 9999.0, 9999.0, 23.82, 9999.0, 22.32, 9999.0, 22.5, 22.36, 22.14, 22.2, 22.25
2026-09-08, 07:28:06, 22.25, 22.25, 22.59, 22.57, 9999.0, 9999.0, 9999.0, 23.77, 9999.0, 22.27, 9999.0, 22.52, 22.36, 22.14, 22.2, 22.25
2026-09-08, 07:28:10, 22.25, 22.25, 22.59, 22.57, 9999.0, 9999.0, 9999.0, 23.73, 9999.0, 22.25, 9999.0, 22.55, 22.34, 22.16, 22.2, 22.25
2026-09-08, 07:28:14, 22.25, 22.25, 22.61, 22.59, 9999.0, 9999.0, 9999.0, 23.68, 9999.0, 22.25, 9999.0, 22.57, 22.32, 22.16, 22.23, 22.25
2026-09-08, 07:28:18, 22.25, 22.25, 22.61, 22.61, 9999.0, 9999.0, 9999.0, 23.64, 9999.0, 22.23, 9999.0, 22.59, 22.32, 22.16, 22.23, 22.25
2026-09-08, 07:28:22, 22.25, 22.25, 22.61, 22.61, 9999.0, 9999.0, 9999.0, 23.61, 9999.0, 22.23, 9999.0, 22.61, 22.3, 22.16, 22.23, 22.25
2026-09-08, 07:28:26, 22.25, 22.25, 22.61, 22.64, 9999.0, 9999.0, 9999.0, 23.59, 9999.0, 22.25, 9999.0, 22.64, 22.32, 22.16, 22.23, 22.25
2026-09-08, 07:28:30, 22.25, 22.25, 22.61, 22.66, 9999.0, 9999.0, 9999.0, 23.55, 9999.0, 22.27, 9999.0, 22.64, 22.34, 22.18, 22.25, 22.25
2026-09-08, 07:28:34, 22.25, 22.25, 22.64, 22.68, 9999.0, 9999.0, 9999.0, 23.52, 9999.0, 22.3, 9999.0, 22.64, 22.36, 22.16, 22.25, 22.25
2026-09-08, 07:28:38, 22.25, 22.25, 22.64, 22.68, 9999.0, 9999.0, 9999.0, 23.57, 9999.0, 22.32, 9999.0, 22.64, 22.36, 22.18, 22.25, 22.25
2026-09-08, 07:28:42, 22.25, 22.25, 22.66, 22.68, 9999.0, 9999.0, 9999.0, 23.59, 9999.0, 22.34, 9999.0, 22.64, 22.36, 22.2, 22.25, 22.25
2026-09-08, 07:28:46, 22.25, 22.25, 22.66, 22.7, 9999.0, 9999.0, 9999.0, 23.64, 9999.0, 22.36, 9999.0, 22.64, 22.39, 22.2, 22.25, 22.25
2026-09-08, 07:28:50, 22.25, 22.25, 22.68, 22.73, 9999.0, 9999.0, 9999.0, 23.68, 9999.0, 22.41, 9999.0, 22.61, 22.39, 22.2, 22.25, 22.25
2026-09-08, 07:28:54, 22.25, 22.27, 22.68, 22.73, 9999.0, 9999.0, 9999.0, 23.73, 9999.0, 22.43, 9999.0, 22.59, 22.41, 22.2, 22.25, 22.25
2026-09-08, 07:28:58, 22.25, 22.27, 22.68, 22.73, 9999.0, 9999.0, 9999.0, 23.75, 9999.0, 22.43, 9999.0, 22.57, 22.43, 22.2, 22.25, 22.25
2026-09-08, 07:29:02, 22.25, 22.27, 22.66, 22.7, 9999.0, 9999.0, 9999.0, 23.77, 9999.0, 22.43, 9999.0, 22.55, 22.43, 22.2, 22.25, 22.25
2026-09-08, 07:29:06, 22.25, 22.27, 22.66, 22.7, 9999.0, 9999.0, 9999.0, 23.8, 9999.0, 22.43, 9999.0, 22.52, 22.43, 22.2, 22.25, 22.25
2026-09-08, 07:29:10, 22.25, 22.27, 22.66, 22.68, 9999.0, 9999.0, 9999.0, 23.82, 9999.0, 22.41, 9999.0, 22.5, 22.41, 22.2, 22.25, 22.25
2026-09-08, 07:29:14, 22.25, 22.27, 22.66, 22.68, 9999.0, 9999.0, 9999.0, 23.86, 9999.0, 22.39, 9999.0, 22.52, 22.39, 22.2, 22.25, 22.25
2026-09-08, 07:29:18, 22.25, 22.27, 22.64, 22.68, 9999.0, 9999.0, 9999.0, 23.89, 9999.0, 22.36, 9999.0, 22.52, 22.39, 22.23, 22.25, 22.25
2026-09-08, 07:29:22, 22.25, 22.27, 22.66, 22.68, 9999.0, 9999.0, 9999.0, 23.84, 9999.0, 22.34, 9999.0, 22.52, 22.36, 22.23, 22.25, 22.25
2026-09-08, 07:29:26, 22.25, 22.27, 22.66, 22.7, 9999.0, 9999.0, 9999.0, 23.82, 9999.0, 22.32, 9999.0, 22.55, 22.39, 22.23, 22.25, 22.25
2026-09-08, 07:29:30, 22.25, 22.27, 22.68, 22.7, 9999.0, 9999.0, 9999.0, 23.77, 9999.0, 22.3, 9999.0, 22.57, 22.36, 22.23, 22.25, 22.25
2026-09-08, 07:29:34, 22.25, 22.27, 22.68, 22.68, 9999.0, 9999.0, 9999.0, 23.73, 9999.0, 22.3, 9999.0, 22.59, 22.36, 22.2, 22.25, 22.25
2026-09-08, 07:29:38, 22.25, 22.25, 22.68, 22.66, 9999.0, 9999.0, 9999.0, 23.68, 9999.0, 22.3, 9999.0, 22.61, 22.34, 22.18, 22.25, 22.25
2026-09-08, 07:29:42, 22.25, 22.25, 22.68, 22.64, 9999.0, 9999.0, 9999.0, 23.66, 9999.0, 22.32, 9999.0, 22.61, 22.34, 22.2, 22.25, 22.25
2026-09-08, 07:29:46, 22.25, 22.25, 22.7, 22.66, 9999.0, 9999.0, 9999.0, 23.64, 9999.0, 22.36, 9999.0, 22.61, 22.36, 22.2, 22.25, 22.25
2026-09-08, 07:29:50, 22.25, 22.25, 22.68, 22.64, 9999.0, 9999.0, 9999.0, 23.61, 9999.0, 22.39, 9999.0, 22.61, 22.39, 22.2, 22.25, 22.25
2026-09-08, 07:29:54, 22.25, 22.25, 22.68, 22.66, 9999.0, 9999.0, 9999.0, 23.66, 9999.0, 22.41, 9999.0, 22.61, 22.41, 22.2, 22.25, 22.25
2026-09-08, 07:29:58, 22.25, 22.25, 22.66, 22.64, 9999.0, 9999.0, 9999.0, 23.68, 9999.0, 22.43, 9999.0, 22.59, 22.43, 22.2, 22.25, 22.25
2026-09-08, 07:30:02, 22.25, 22.25, 22.68, 22.61, 9999.0, 9999.0, 9999.0, 23.7, 9999.0, 22.45, 9999.0, 22.59, 22.43, 22.2, 22.25, 22.25
2026-09-08, 07:30:06, 22.25, 22.25, 22.68, 22.61, 9999.0, 9999.0, 9999.0, 23.73, 9999.0, 22.48, 9999.0, 22.59, 22.45, 22.18, 22.25, 22.25
2026-09-08, 07:30:10, 22.25, 22.25, 22.68, 22.59, 9999.0, 9999.0, 9999.0, 23.75, 9999.0, 22.5, 9999.0, 22.57, 22.43, 22.18, 22.25, 22.25
2026-09-08, 07:30:14, 22.25, 22.25, 22.68, 22.57, 9999.0, 9999.0, 9999.0, 23.77, 9999.0, 22.52, 9999.0, 22.55, 22.45, 22.18, 22.25, 22.25
2026-09-08, 07:30:18, 22.25, 22.25, 22.68, 22.57, 9999.0, 9999.0, 9999.0, 23.8, 9999.0, 22.52, 9999.0, 22.52, 22.43, 22.2, 22.25, 22.25
2026-09-08, 07:30:22, 22.25, 22.25, 22.68, 22.59, 9999.0, 9999.0, 9999.0, 23.82, 9999.0, 22.52, 9999.0, 22.5, 22.43, 22.23, 22.25, 22.25
2026-09-08, 07:30:26, 22.25, 22.25, 22.68, 22.61, 9999.0, 9999.0, 9999.0, 23.86, 9999.0, 22.5, 9999.0, 22.5, 22.43, 22.2, 22.25, 22.25
2026-09-08, 07:30:30, 22.25, 22.25, 22.66, 22.59, 9999.0, 9999.0, 9999.0, 23.89, 9999.0, 22.45, 9999.0, 22.5, 22.41, 22.2, 22.25, 22.25
2026-09-08, 07:30:35, 22.25, 22.25, 22.68, 22.59, 9999.0, 9999.0, 9999.0, 23.91, 9999.0, 22.45, 9999.0, 22.52, 22.39, 22.18, 22.25, 22.25
2026-09-08, 07:30:39, 22.25, 22.25, 22.7, 22.57, 9999.0, 9999.0, 9999.0, 23.86, 9999.0, 22.43, 9999.0, 22.52, 22.36, 22.18, 22.25, 22.25
2026-09-08, 07:30:43, 22.25, 22.25, 22.73, 22.59, 9999.0, 9999.0, 9999.0, 23.84, 9999.0, 22.43, 9999.0, 22.55, 22.34, 22.18, 22.25, 22.25
2026-09-08, 07:30:47, 22.25, 22.25, 22.73, 22.61, 9999.0, 9999.0, 9999.0, 23.82, 9999.0, 22.41, 9999.0, 22.57, 22.34, 22.18, 22.25, 22.25
2026-09-08, 07:30:51, 22.25, 22.27, 22.7, 22.61, 9999.0, 9999.0, 9999.0, 23.77, 9999.0, 22.39, 9999.0, 22.59, 22.32, 22.2, 22.25, 22.25
2026-09-08, 07:30:55, 22.25, 22.27, 22.7, 22.61, 9999.0, 9999.0, 9999.0, 23.73, 9999.0, 22.39, 9999.0, 22.61, 22.34, 22.18, 22.25, 22.25
2026-09-08, 07:30:59, 22.25, 22.27, 22.68, 22.61, 9999.0, 9999.0, 9999.0, 23.7, 9999.0, 22.39, 9999.0, 22.61, 22.32, 22.18, 22.25, 22.25
2026-09-08, 07:31:03, 22.25, 22.27, 22.68, 22.64, 9999.0, 9999.0, 9999.0, 23.68, 9999.0, 22.39, 9999.0, 22.64, 22.34, 22.16, 22.25, 22.25
2026-09-08, 07:31:07, 22.25, 22.27, 22.68, 22.64, 9999.0, 9999.0, 9999.0, 23.66, 9999.0, 22.41, 9999.0, 22.64, 22.36, 22.16, 22.25, 22.25
2026-09-08, 07:31:11, 22.23, 22.3, 22.68, 22.64, 9999.0, 9999.0, 9999.0, 23.61, 9999.0, 22.45, 9999.0, 22.64, 22.36, 22.18, 22.25, 22.25
2026-09-08, 07:31:15, 22.2, 22.32, 22.7, 22.64, 9999.0, 9999.0, 9999.0, 23.66, 9999.0, 22.5, 9999.0, 22.64, 22.39, 22.16, 22.25, 22.25
2026-09-08, 07:31:19, 22.2, 22.32, 22.68, 22.64, 9999.0, 9999.0, 9999.0, 23.7, 9999.0, 22.52, 9999.0, 22.61, 22.41, 22.18, 22.25, 22.25
2026-09-08, 07:31:23, 22.2, 22.32, 22.68, 22.66, 9999.0, 9999.0, 9999.0, 23.73, 9999.0, 22.55, 9999.0, 22.61, 22.43, 22.18, 22.25, 22.25
2026-09-08, 07:31:27, 22.2, 22.34, 22.68, 22.66, 9999.0, 9999.0, 9999.0, 23.75, 9999.0, 22.55, 9999.0, 22.59, 22.43, 22.16, 22.25, 22.25
2026-09-08, 07:31:31, 22.2, 22.34, 22.68, 22.66, 9999.0, 9999.0, 9999.0, 23.77, 9999.0, 22.57, 9999.0, 22.57, 22.41, 22.16, 22.25, 22.25
2026-09-08, 07:31:35, 22.2, 22.32, 22.7, 22.66, 9999.0, 9999.0, 9999.0, 23.8, 9999.0, 22.59, 9999.0, 22.55, 22.43, 22.16, 22.25, 22.25
2026-09-08, 07:31:39, 22.2, 22.34, 22.68, 22.66, 9999.0, 9999.0, 9999.0, 23.82, 9999.0, 22.59, 9999.0, 22.52, 22.41, 22.18, 22.25, 22.25
2026-09-08, 07:31:43, 22.2, 22.34, 22.7, 22.66, 9999.0, 9999.0, 9999.0, 23.84, 9999.0, 22.59, 9999.0, 22.52, 22.41, 22.18, 22.25, 22.25
2026-09-08, 07:31:47, 22.2, 22.34, 22.7, 22.64, 9999.0, 9999.0, 9999.0, 23.86, 9999.0, 22.59, 9999.0, 22.5, 22.41, 22.2, 22.25, 22.25
2026-09-08, 07:31:51, 22.2, 22.34, 22.7, 22.61, 9999.0, 9999.0, 9999.0, 23.89, 9999.0, 22.57, 9999.0, 22.5, 22.39, 22.2, 22.25, 22.25
2026-09-08, 07:31:55, 22.23, 22.32, 22.7, 22.59, 9999.0, 9999.0, 9999.0, 23.91, 9999.0, 22.55, 9999.0, 22.5, 22.36, 22.2, 22.25, 22.25
2026-09-08, 07:31:59, 22.25, 22.3, 22.7, 22.59, 9999.0, 9999.0, 9999.0, 23.86, 9999.0, 22.52, 9999.0, 22.52, 22.34, 22.23, 22.25, 22.25
2026-09-08, 07:32:03, 22.25, 22.3, 22.7, 22.59, 9999.0, 9999.0, 9999.0, 23.82, 9999.0, 22.5, 9999.0, 22.55, 22.34, 22.23, 22.25, 22.25
2026-09-08, 07:32:07, 22.25, 22.3, 22.68, 22.57, 9999.0, 9999.0, 9999.0, 23.8, 9999.0, 22.5, 9999.0, 22.57, 22.32, 22.23, 22.25, 22.25
2026-09-08, 07:32:11, 22.25, 22.27, 22.68, 22.55, 9999.0, 9999.0, 9999.0, 23.75, 9999.0, 22.52, 9999.0, 22.59, 22.32, 22.25, 22.25, 22.25
2026-09-08, 07:32:15, 22.25, 22.27, 22.68, 22.55, 9999.0, 9999.0, 9999.0, 23.7, 9999.0, 22.55, 9999.0, 22.61, 22.34, 22.23, 22.25, 22.25
2026-09-08, 07:32:19, 22.25, 22.27, 22.66, 22.52, 9999.0, 9999.0, 9999.0, 23.68, 9999.0, 22.57, 9999.0, 22.61, 22.34, 22.23, 22.25, 22.25
2026-09-08, 07:32:23, 22.25, 22.25, 22.68, 22.55, 9999.0, 9999.0, 9999.0, 23.66, 9999.0, 22.59, 9999.0, 22.61, 22.36, 22.23, 22.25, 22.25
2026-09-08, 07:32:27, 22.25, 22.25, 22.68, 22.55, 9999.0, 9999.0, 9999.0, 23.64, 9999.0, 22.61, 9999.0, 22.64, 22.36, 22.2, 22.25, 22.25
2026-09-08, 07:32:31, 22.25, 22.25, 22.68, 22.55, 9999.0, 9999.0, 9999.0, 23.68, 9999.0, 22.64, 9999.0, 22.64, 22.34, 22.18, 22.25, 22.25
2026-09-08, 07:32:35, 22.25, 22.25, 22.68, 22.55, 9999.0, 9999.0, 9999.0, 23.73, 9999.0, 22.66, 9999.0, 22.64, 22.36, 22.18, 22.25, 22.25
2026-09-08, 07:32:39, 22.25, 22.25, 22.68, 22.57, 9999.0, 9999.0, 9999.0, 23.77, 9999.0, 22.66, 9999.0, 22.64, 22.39, 22.18, 22.25, 22.25
2026-09-08, 07:32:43, 22.25, 22.25, 22.68, 22.57, 9999.0, 9999.0, 9999.0, 23.82, 9999.0, 22.66, 9999.0, 22.61, 22.41, 22.16, 22.25, 22.25
2026-09-08, 07:32:47, 22.25, 22.25, 22.7, 22.57, 9999.0, 9999.0, 9999.0, 23.84, 9999.0, 22.66, 9999.0, 22.59, 22.39, 22.16, 22.25, 22.25
2026-09-08, 07:32:51, 22.25, 22.25, 22.73, 22.57, 9999.0, 9999.0, 9999.0, 23.86, 9999.0, 22.66, 9999.0, 22.57, 22.39, 22.16, 22.25, 22.25
2026-09-08, 07:32:55, 22.25, 22.25, 22.7, 22.57, 9999.0, 9999.0, 9999.0, 23.91, 9999.0, 22.64, 9999.0, 22.55, 22.39, 22.16, 22.25, 22.25
2026-09-08, 07:32:59, 22.25, 22.25, 22.7, 22.55, 9999.0, 9999.0, 9999.0, 23.95, 9999.0, 22.61, 9999.0, 22.52, 22.36, 22.18, 22.25, 22.25
2026-09-08, 07:33:03, 22.25, 22.25, 22.7, 22.57, 9999.0, 9999.0, 9999.0, 24.0, 9999.0, 22.59, 9999.0, 22.52, 22.34, 22.16, 22.25, 22.25
2026-09-08, 07:33:08, 22.25, 22.25, 22.68, 22.55, 9999.0, 9999.0, 9999.0, 24.05, 9999.0, 22.57, 9999.0, 22.52, 22.32, 22.14, 22.25, 22.25
2026-09-08, 07:33:12, 22.25, 22.25, 22.68, 22.55, 9999.0, 9999.0, 9999.0, 24.09, 9999.0, 22.55, 9999.0, 22.5, 22.32, 22.16, 22.25, 22.25
2026-09-08, 07:33:16, 22.25, 22.25, 22.68, 22.57, 9999.0, 9999.0, 9999.0, 24.05, 9999.0, 22.52, 9999.0, 22.5, 22.32, 22.18, 22.25, 22.25
2026-09-08, 07:33:20, 22.25, 22.25, 22.68, 22.57, 9999.0, 9999.0, 9999.0, 24.0, 9999.0, 22.5, 9999.0, 22.52, 22.3, 22.18, 22.25, 22.25
2026-09-08, 07:33:24, 22.25, 22.25, 22.68, 22.55, 9999.0, 9999.0, 9999.0, 23.95, 9999.0, 22.5, 9999.0, 22.55, 22.27, 22.16, 22.25, 22.25
2026-09-08, 07:33:28, 22.25, 22.25, 22.68, 22.55, 9999.0, 9999.0, 9999.0, 23.91, 9999.0, 22.52, 9999.0, 22.57, 22.27, 22.18, 22.25, 22.25
2026-09-08, 07:33:32, 22.25, 22.25, 22.66, 22.57, 9999.0, 9999.0, 9999.0, 23.89, 9999.0, 22.52, 9999.0, 22.57, 22.27, 22.16, 22.25, 22.25
2026-09-08, 07:33:36, 22.25, 22.25, 22.66, 22.57, 9999.0, 9999.0, 9999.0, 23.86, 9999.0, 22.55, 9999.0, 22.57, 22.3, 22.16, 22.25, 22.25
2026-09-08, 07:33:40, 22.25, 22.25, 22.66, 22.59, 9999.0, 9999.0, 9999.0, 23.82, 9999.0, 22.57, 9999.0, 22.57, 22.32, 22.16, 22.25, 22.25
2026-09-08, 07:33:44, 22.25, 22.25, 22.66, 22.59, 9999.0, 9999.0, 9999.0, 23.77, 9999.0, 22.59, 9999.0, 22.57, 22.34, 22.14, 22.25, 22.25
2026-09-08, 07:33:48, 22.25, 22.25, 22.66, 22.57, 9999.0, 9999.0, 9999.0, 23.8, 9999.0, 22.61, 9999.0, 22.57, 22.36, 22.14, 22.25, 22.25
2026-09-08, 07:33:52, 22.25, 22.25, 22.68, 22.57, 9999.0, 9999.0, 9999.0, 23.82, 9999.0, 22.64, 9999.0, 22.57, 22.39, 22.16, 22.25, 22.25
2026-09-08, 07:33:56, 22.25, 22.25, 22.66, 22.57, 9999.0, 9999.0, 9999.0, 23.84, 9999.0, 22.64, 9999.0, 22.57, 22.39, 22.14, 22.25, 22.25
2026-09-08, 07:34:00, 22.25, 22.25, 22.66, 22.55, 9999.0, 9999.0, 9999.0, 23.89, 9999.0, 22.64, 9999.0, 22.57, 22.39, 22.11, 22.25, 22.25
2026-09-08, 07:34:04, 22.25, 22.25, 22.66, 22.55, 9999.0, 9999.0, 9999.0, 23.91, 9999.0, 22.64, 9999.0, 22.55, 22.39, 22.11, 22.25, 22.23
2026-09-08, 07:34:08, 22.25, 22.25, 22.64, 22.55, 9999.0, 9999.0, 9999.0, 23.93, 9999.0, 22.64, 9999.0, 22.52, 22.39, 22.11, 22.25, 22.23
2026-09-08, 07:34:12, 22.25, 22.25, 22.61, 22.55, 9999.0, 9999.0, 9999.0, 23.95, 9999.0, 22.61, 9999.0, 22.5, 22.39, 22.09, 22.25, 22.23
2026-09-08, 07:34:16, 22.25, 22.25, 22.61, 22.52, 9999.0, 9999.0, 9999.0, 23.98, 9999.0, 22.61, 9999.0, 22.5, 22.39, 22.11, 22.25, 22.23
2026-09-08, 07:34:20, 22.25, 22.25, 22.59, 22.52, 9999.0, 9999.0, 9999.0, 24.0, 9999.0, 22.59, 9999.0, 22.5, 22.36, 22.09, 22.25, 22.23
2026-09-08, 07:34:24, 22.25, 22.25, 22.61, 22.52, 9999.0, 9999.0, 9999.0, 24.05, 9999.0, 22.57, 9999.0, 22.5, 22.34, 22.09, 22.25, 22.23
2026-09-08, 07:34:28, 22.25, 22.25, 22.61, 22.52, 9999.0, 9999.0, 9999.0, 24.07, 9999.0, 22.55, 9999.0, 22.5, 22.32, 22.09, 22.25, 22.23
2026-09-08, 07:34:32, 22.25, 22.25, 22.61, 22.52, 9999.0, 9999.0, 9999.0, 24.02, 9999.0, 22.52, 9999.0, 22.5, 22.32, 22.09, 22.25, 22.23
2026-09-08, 07:34:36, 22.25, 22.25, 22.61, 22.55, 9999.0, 9999.0, 9999.0, 23.98, 9999.0, 22.5, 9999.0, 22.52, 22.32, 22.09, 22.25, 22.23
2026-09-08, 07:34:40, 22.25, 22.25, 22.64, 22.57, 9999.0, 9999.0, 9999.0, 23.93, 9999.0, 22.5, 9999.0, 22.55, 22.32, 22.11, 22.25, 22.2
2026-09-08, 07:34:44, 22.25, 22.25, 22.61, 22.57, 9999.0, 9999.0, 9999.0, 23.89, 9999.0, 22.5, 9999.0, 22.57, 22.34, 22.14, 22.25, 22.2
2026-09-08, 07:34:48, 22.25, 22.25, 22.61, 22.57, 9999.0, 9999.0, 9999.0, 23.86, 9999.0, 22.5, 9999.0, 22.57, 22.34, 22.14, 22.25, 22.23
2026-09-08, 07:34:52, 22.25, 22.25, 22.64, 22.59, 9999.0, 9999.0, 9999.0, 23.84, 9999.0, 22.5, 9999.0, 22.59, 22.34, 22.14, 22.25, 22.2
2026-09-08, 07:34:56, 22.25, 22.25, 22.64, 22.59, 9999.0, 9999.0, 9999.0, 23.8, 9999.0, 22.52, 9999.0, 22.61, 22.32, 22.14, 22.25, 22.18
2026-09-08, 07:35:00, 22.25, 22.25, 22.64, 22.59, 9999.0, 9999.0, 9999.0, 23.75, 9999.0, 22.55, 9999.0, 22.61, 22.32, 22.11, 22.25, 22.18
2026-09-08, 07:35:04, 22.25, 22.25, 22.64, 22.61, 9999.0, 9999.0, 9999.0, 23.7, 9999.0, 22.57, 9999.0, 22.61, 22.32, 22.11, 22.25, 22.16
2026-09-08, 07:35:08, 22.25, 22.25, 22.61, 22.59, 9999.0, 9999.0, 9999.0, 23.73, 9999.0, 22.57, 9999.0, 22.61, 22.32, 22.09, 22.25, 22.14
2026-09-08, 07:35:12, 22.25, 22.25, 22.59, 22.61, 9999.0, 9999.0, 9999.0, 23.77, 9999.0, 22.57, 9999.0, 22.61, 22.34, 22.09, 22.25, 22.14
2026-09-08, 07:35:16, 22.25, 22.27, 22.61, 22.61, 9999.0, 9999.0, 9999.0, 23.82, 9999.0, 22.57, 9999.0, 22.61, 22.34, 22.11, 22.25, 22.14
2026-09-08, 07:35:20, 22.25, 22.27, 22.59, 22.59, 9999.0, 9999.0, 9999.0, 23.84, 9999.0, 22.57, 9999.0, 22.59, 22.32, 22.11, 22.25, 22.14
2026-09-08, 07:35:24, 22.25, 22.27, 22.59, 22.57, 9999.0, 9999.0, 9999.0, 23.86, 9999.0, 22.57, 9999.0, 22.57, 22.32, 22.11, 22.25, 22.16
2026-09-08, 07:35:28, 22.25, 22.27, 22.59, 22.57, 9999.0, 9999.0, 9999.0, 23.89, 9999.0, 22.57, 9999.0, 22.55, 22.3, 22.11, 22.25, 22.14
2026-09-08, 07:35:32, 22.25, 22.27, 22.57, 22.57, 9999.0, 9999.0, 9999.0, 23.91, 9999.0, 22.57, 9999.0, 22.55, 22.32, 22.11, 22.25, 22.14
2026-09-08, 07:35:36, 22.25, 22.27, 22.55, 22.57, 9999.0, 9999.0, 9999.0, 23.93, 9999.0, 22.57, 9999.0, 22.5, 22.32, 22.11, 22.25, 22.16
2026-09-08, 07:35:40, 22.25, 22.27, 22.55, 22.57, 9999.0, 9999.0, 9999.0, 23.98, 9999.0, 22.55, 9999.0, 22.48, 22.32, 22.14, 22.25, 22.18
2026-09-08, 07:35:44, 22.25, 22.27, 22.55, 22.57, 9999.0, 9999.0, 9999.0, 24.02, 9999.0, 22.52, 9999.0, 22.48, 22.32, 22.16, 22.25, 22.16
2026-09-08, 07:35:48, 22.25, 22.27, 22.55, 22.55, 9999.0, 9999.0, 9999.0, 24.07, 9999.0, 22.5, 9999.0, 22.48, 22.32, 22.18, 22.25, 22.16
2026-09-08, 07:35:52, 22.25, 22.27, 22.55, 22.55, 9999.0, 9999.0, 9999.0, 24.05, 9999.0, 22.48, 9999.0, 22.5, 22.32, 22.2, 22.25, 22.16
2026-09-08, 07:35:56, 22.25, 22.27, 22.55, 22.52, 9999.0, 9999.0, 9999.0, 24.0, 9999.0, 22.45, 9999.0, 22.52, 22.32, 22.2, 22.25, 22.16
2026-09-08, 07:36:00, 22.25, 22.25, 22.52, 22.55, 9999.0, 9999.0, 9999.0, 23.95, 9999.0, 22.45, 9999.0, 22.55, 22.3, 22.2, 22.25, 22.16
2026-09-08, 07:36:04, 22.25, 22.25, 22.52, 22.57, 9999.0, 9999.0, 9999.0, 23.93, 9999.0, 22.45, 9999.0, 22.57, 22.3, 22.2, 22.25, 22.14
2026-09-08, 07:36:08, 22.25, 22.25, 22.52, 22.57, 9999.0, 9999.0, 9999.0, 23.91, 9999.0, 22.48, 9999.0, 22.57, 22.3, 22.18, 22.25, 22.14
2026-09-08, 07:36:12, 22.25, 22.25, 22.55, 22.59, 9999.0, 9999.0, 9999.0, 23.86, 9999.0, 22.5, 9999.0, 22.57, 22.32, 22.16, 22.25, 22.16
2026-09-08, 07:36:16, 22.25, 22.25, 22.55, 22.61, 9999.0, 9999.0, 9999.0, 23.82, 9999.0, 22.52, 9999.0, 22.57, 22.3, 22.14, 22.25, 22.16
2026-09-08, 07:36:20, 22.25, 22.25, 22.55, 22.59, 9999.0, 9999.0, 9999.0, 23.77, 9999.0, 22.55, 9999.0, 22.59, 22.32, 22.16, 22.25, 22.16
2026-09-08, 07:36:24, 22.25, 22.27, 22.55, 22.59, 9999.0, 9999.0, 9999.0, 23.8, 9999.0, 22.55, 9999.0, 22.59, 22.34, 22.14, 22.25, 22.14
2026-09-08, 07:36:28, 22.23, 22.27, 22.55, 22.59, 9999.0, 9999.0, 9999.0, 23.82, 9999.0, 22.55, 9999.0, 22.59, 22.34, 22.11, 22.25, 22.16
2026-09-08, 07:36:32, 22.23, 22.27, 22.55, 22.61, 9999.0, 9999.0, 9999.0, 23.84, 9999.0, 22.55, 9999.0, 22.59, 22.34, 22.09, 22.25, 22.18
2026-09-08, 07:36:36, 22.23, 22.27, 22.55, 22.61, 9999.0, 9999.0, 9999.0, 23.86, 9999.0, 22.57, 9999.0, 22.57, 22.34, 22.07, 22.25, 22.18
2026-09-08, 07:36:40, 22.23, 22.3, 22.55, 22.61, 9999.0, 9999.0, 9999.0, 23.89, 9999.0, 22.59, 9999.0, 22.55, 22.34, 22.07, 22.25, 22.16
2026-09-08, 07:36:44, 22.23, 22.3, 22.55, 22.59, 9999.0, 9999.0, 9999.0, 23.91, 9999.0, 22.59, 9999.0, 22.52, 22.34, 22.05, 22.25, 22.14
2026-09-08, 07:36:48, 22.23, 22.3, 22.55, 22.57, 9999.0, 9999.0, 9999.0, 23.93, 9999.0, 22.59, 9999.0, 22.5, 22.34, 22.05, 22.25, 22.14
2026-09-08, 07:36:53, 22.23, 22.32, 22.52, 22.57, 9999.0, 9999.0, 9999.0, 23.95, 9999.0, 22.57, 9999.0, 22.5, 22.34, 22.05, 22.25, 22.11
2026-09-08, 07:36:57, 22.23, 22.32, 22.5, 22.55, 9999.0, 9999.0, 9999.0, 24.0, 9999.0, 22.55, 9999.0, 22.5, 22.32, 22.05, 22.23, 22.11
2026-09-08, 07:37:01, 22.23, 22.32, 22.5, 22.52, 9999.0, 9999.0, 9999.0, 24.05, 9999.0, 22.5, 9999.0, 22.52, 22.32, 22.05, 22.2, 22.11
2026-09-08, 07:37:05, 22.2, 22.32, 22.5, 22.52, 9999.0, 9999.0, 9999.0, 24.09, 9999.0, 22.48, 9999.0, 22.52, 22.3, 22.02, 22.2, 22.11
2026-09-08, 07:37:09, 22.2, 22.3, 22.52, 22.52, 9999.0, 9999.0, 9999.0, 24.07, 9999.0, 22.45, 9999.0, 22.55, 22.27, 22.05, 22.18, 22.11
2026-09-08, 07:37:13, 22.23, 22.3, 22.52, 22.52, 9999.0, 9999.0, 9999.0, 24.02, 9999.0, 22.45, 9999.0, 22.57, 22.3, 22.05, 22.18, 22.11
2026-09-08, 07:37:17, 22.23, 22.3, 22.55, 22.5, 9999.0, 9999.0, 9999.0, 23.98, 9999.0, 22.43, 9999.0, 22.59, 22.3, 22.07, 22.18, 22.11
2026-09-08, 07:37:21, 22.23, 22.3, 22.55, 22.5, 9999.0, 9999.0, 9999.0, 23.93, 9999.0, 22.45, 9999.0, 22.61, 22.32, 22.09, 22.18, 22.14
2026-09-08, 07:37:25, 22.23, 22.27, 22.57, 22.5, 9999.0, 9999.0, 9999.0, 23.91, 9999.0, 22.45, 9999.0, 22.64, 22.3, 22.11, 22.18, 22.14
2026-09-08, 07:37:29, 22.23, 22.27, 22.57, 22.5, 9999.0, 9999.0, 9999.0, 23.86, 9999.0, 22.45, 9999.0, 22.64, 22.32, 22.14, 22.18, 22.14
2026-09-08, 07:37:33, 22.23, 22.3, 22.59, 22.5, 9999.0, 9999.0, 9999.0, 23.82, 9999.0, 22.48, 9999.0, 22.66, 22.34, 22.14, 22.18, 22.16
2026-09-08, 07:37:37, 22.2, 22.27, 22.59, 22.5, 9999.0, 9999.0, 9999.0, 23.77, 9999.0, 22.5, 9999.0, 22.66, 22.36, 22.14, 22.18, 22.18
2026-09-08, 07:37:41, 22.2, 22.27, 22.59, 22.5, 9999.0, 9999.0, 9999.0, 23.73, 9999.0, 22.5, 9999.0, 22.66, 22.36, 22.16, 22.2, 22.18
2026-09-08, 07:37:45, 22.2, 22.3, 22.59, 22.5, 9999.0, 9999.0, 9999.0, 23.75, 9999.0, 22.55, 9999.0, 22.64, 22.39, 22.18, 22.23, 22.16
2026-09-08, 07:37:49, 22.23, 22.3, 22.61, 22.5, 9999.0, 9999.0, 9999.0, 23.77, 9999.0, 22.55, 9999.0, 22.64, 22.39, 22.2, 22.23, 22.14
2026-09-08, 07:37:53, 22.23, 22.3, 22.61, 22.5, 9999.0, 9999.0, 9999.0, 23.8, 9999.0, 22.57, 9999.0, 22.61, 22.41, 22.18, 22.25, 22.16
2026-09-08, 07:37:57, 22.23, 22.3, 22.64, 22.5, 9999.0, 9999.0, 9999.0, 23.82, 9999.0, 22.57, 9999.0, 22.59, 22.41, 22.2, 22.25, 22.14
2026-09-08, 07:38:01, 22.23, 22.3, 22.61, 22.5, 9999.0, 9999.0, 9999.0, 23.84, 9999.0, 22.59, 9999.0, 22.57, 22.41, 22.18, 22.25, 22.14
2026-09-08, 07:38:05, 22.2, 22.3, 22.61, 22.5, 9999.0, 9999.0, 9999.0, 23.86, 9999.0, 22.57, 9999.0, 22.55, 22.39, 22.18, 22.25, 22.14
2026-09-08, 07:38:09, 22.2, 22.3, 22.61, 22.5, 9999.0, 9999.0, 9999.0, 23.89, 9999.0, 22.57, 9999.0, 22.52, 22.39, 22.16, 22.25, 22.16
2026-09-08, 07:38:13, 22.2, 22.3, 22.61, 22.5, 9999.0, 9999.0, 9999.0, 23.93, 9999.0, 22.57, 9999.0, 22.52, 22.36, 22.14, 22.25, 22.18
2026-09-08, 07:38:17, 22.2, 22.27, 22.59, 22.5, 9999.0, 9999.0, 9999.0, 23.98, 9999.0, 22.55, 9999.0, 22.48, 22.34, 22.11, 22.25, 22.16
2026-09-08, 07:38:21, 22.23, 22.3, 22.59, 22.5, 9999.0, 9999.0, 9999.0, 24.02, 9999.0, 22.5, 9999.0, 22.5, 22.32, 22.14, 22.25, 22.16
2026-09-08, 07:38:25, 22.23, 22.3, 22.59, 22.5, 9999.0, 9999.0, 9999.0, 24.05, 9999.0, 22.48, 9999.0, 22.52, 22.34, 22.11, 22.25, 22.14
2026-09-08, 07:38:29, 22.23, 22.3, 22.59, 22.52, 9999.0, 9999.0, 9999.0, 24.0, 9999.0, 22.43, 9999.0, 22.55, 22.32, 22.09, 22.25, 22.16
2026-09-08, 07:38:33, 22.23, 22.3, 22.57, 22.52, 9999.0, 9999.0, 9999.0, 23.95, 9999.0, 22.43, 9999.0, 22.57, 22.34, 22.09, 22.25, 22.18
2026-09-08, 07:38:37, 22.23, 22.3, 22.57, 22.52, 9999.0, 9999.0, 9999.0, 23.91, 9999.0, 22.41, 9999.0, 22.59, 22.32, 22.11, 22.25, 22.18
2026-09-08, 07:38:41, 22.23, 22.3, 22.57, 22.52, 9999.0, 9999.0, 9999.0, 23.89, 9999.0, 22.41, 9999.0, 22.61, 22.3, 22.11, 22.25, 22.2
2026-09-08, 07:38:45, 22.23, 22.3, 22.59, 22.52, 9999.0, 9999.0, 9999.0, 23.84, 9999.0, 22.41, 9999.0, 22.61, 22.32, 22.11, 22.25, 22.18
2026-09-08, 07:38:49, 22.25, 22.3, 22.61, 22.52, 9999.0, 9999.0, 9999.0, 23.8, 9999.0, 22.41, 9999.0, 22.64, 22.34, 22.11, 22.25, 22.18
2026-09-08, 07:38:53, 22.25, 22.3, 22.59, 22.55, 9999.0, 9999.0, 9999.0, 23.75, 9999.0, 22.41, 9999.0, 22.66, 22.36, 22.14, 22.25, 22.18
2026-09-08, 07:38:57, 22.25, 22.32, 22.61, 22.55, 9999.0, 9999.0, 9999.0, 23.7, 9999.0, 22.41, 9999.0, 22.68, 22.39, 22.14, 22.25, 22.18
2026-09-08, 07:39:01, 22.25, 22.32, 22.61, 22.57, 9999.0, 9999.0, 9999.0, 23.73, 9999.0, 22.41, 9999.0, 22.7, 22.41, 22.14, 22.25, 22.18
2026-09-08, 07:39:05, 22.25, 22.3, 22.61, 22.57, 9999.0, 9999.0, 9999.0, 23.75, 9999.0, 22.43, 9999.0, 22.68, 22.41, 22.11, 22.25, 22.16
2026-09-08, 07:39:09, 22.25, 22.3, 22.61, 22.57, 9999.0, 9999.0, 9999.0, 23.77, 9999.0, 22.45, 9999.0, 22.66, 22.39, 22.11, 22.25, 22.16
2026-09-08, 07:39:13, 22.25, 22.27, 22.64, 22.57, 9999.0, 9999.0, 9999.0, 23.8, 9999.0, 22.48, 9999.0, 22.64, 22.39, 22.14, 22.25, 22.14
2026-09-08, 07:39:17, 22.25, 22.3, 22.66, 22.59, 9999.0, 9999.0, 9999.0, 23.82, 9999.0, 22.48, 9999.0, 22.61, 22.36, 22.14, 22.25, 22.11
2026-09-08, 07:39:21, 22.25, 22.3, 22.64, 22.61, 9999.0, 9999.0, 9999.0, 23.84, 9999.0, 22.48, 9999.0, 22.59, 22.36, 22.11, 22.25, 22.11
2026-09-08, 07:39:25, 22.23, 22.3, 22.61, 22.61, 9999.0, 9999.0, 9999.0, 23.84, 9999.0, 22.48, 9999.0, 22.57, 22.36, 22.11, 22.25, 22.09
2026-09-08, 07:39:29, 22.2, 22.32, 22.59, 22.61, 9999.0, 9999.0, 9999.0, 23.86, 9999.0, 22.45, 9999.0, 22.57, 22.34, 22.14, 22.25, 22.09
2026-09-08, 07:39:33, 22.2, 22.32, 22.57, 22.64, 9999.0, 9999.0, 9999.0, 23.91, 9999.0, 22.43, 9999.0, 22.55, 22.34, 22.11, 22.25, 22.09
2026-09-08, 07:39:37, 22.2, 22.34, 22.57, 22.61, 9999.0, 9999.0, 9999.0, 23.95, 9999.0, 22.41, 9999.0, 22.52, 22.32, 22.11, 22.25, 22.09
2026-09-08, 07:39:41, 22.2, 22.32, 22.57, 22.61, 9999.0, 9999.0, 9999.0, 23.98, 9999.0, 22.39, 9999.0, 22.52, 22.3, 22.14, 22.25, 22.09
2026-09-08, 07:39:45, 22.18, 22.32, 22.57, 22.61, 9999.0, 9999.0, 9999.0, 23.93, 9999.0, 22.36, 9999.0, 22.52, 22.27, 22.16, 22.25, 22.11
2026-09-08, 07:39:49, 22.18, 22.34, 22.57, 22.64, 9999.0, 9999.0, 9999.0, 23.89, 9999.0, 22.34, 9999.0, 22.55, 22.3, 22.18, 22.25, 22.14
2026-09-08, 07:39:53, 22.18, 22.34, 22.59, 22.66, 9999.0, 9999.0, 9999.0, 23.86, 9999.0, 22.32, 9999.0, 22.57, 22.3, 22.18, 22.25, 22.16
2026-09-08, 07:39:57, 22.18, 22.36, 22.59, 22.64, 9999.0, 9999.0, 9999.0, 23.82, 9999.0, 22.32, 9999.0, 22.59, 22.32, 22.18, 22.25, 22.16
2026-09-08, 07:40:01, 22.18, 22.34, 22.57, 22.64, 9999.0, 9999.0, 9999.0, 23.77, 9999.0, 22.34, 9999.0, 22.61, 22.32, 22.18, 22.25, 22.18
2026-09-08, 07:40:05, 22.18, 22.34, 22.57, 22.64, 9999.0, 9999.0, 9999.0, 23.73, 9999.0, 22.36, 9999.0, 22.61, 22.32, 22.2, 22.25, 22.18
2026-09-08, 07:40:09, 22.2, 22.34, 22.59, 22.66, 9999.0, 9999.0, 9999.0, 23.7, 9999.0, 22.39, 9999.0, 22.64, 22.34, 22.2, 22.25, 22.18
2026-09-08, 07:40:13, 22.23, 22.32, 22.61, 22.68, 9999.0, 9999.0, 9999.0, 23.68, 9999.0, 22.41, 9999.0, 22.66, 22.36, 22.2, 22.25, 22.2
2026-09-08, 07:40:17, 22.23, 22.34, 22.61, 22.68, 9999.0, 9999.0, 9999.0, 23.61, 9999.0, 22.43, 9999.0, 22.68, 22.36, 22.23, 22.23, 22.2
2026-09-08, 07:40:21, 22.23, 22.34, 22.64, 22.68, 9999.0, 9999.0, 9999.0, 23.64, 9999.0, 22.45, 9999.0, 22.7, 22.39, 22.23, 22.23, 22.18
2026-09-08, 07:40:25, 22.23, 22.34, 22.61, 22.7, 9999.0, 9999.0, 9999.0, 23.66, 9999.0, 22.48, 9999.0, 22.68, 22.41, 22.23, 22.23, 22.16
2026-09-08, 07:40:29, 22.25, 22.36, 22.64, 22.68, 9999.0, 9999.0, 9999.0, 23.68, 9999.0, 22.5, 9999.0, 22.68, 22.43, 22.23, 22.23, 22.16
2026-09-08, 07:40:33, 22.25, 22.34, 22.64, 22.68, 9999.0, 9999.0, 9999.0, 23.68, 9999.0, 22.52, 9999.0, 22.66, 22.43, 22.2, 22.23, 22.16
2026-09-08, 07:40:37, 22.25, 22.36, 22.61, 22.68, 9999.0, 9999.0, 9999.0, 23.68, 9999.0, 22.52, 9999.0, 22.64, 22.43, 22.2, 22.23, 22.16
2026-09-08, 07:40:41, 22.25, 22.34, 22.61, 22.68, 9999.0, 9999.0, 9999.0, 23.7, 9999.0, 22.5, 9999.0, 22.61, 22.41, 22.2, 22.23, 22.18
2026-09-08, 07:40:46, 22.25, 22.34, 22.61, 22.68, 9999.0, 9999.0, 9999.0, 23.73, 9999.0, 22.45, 9999.0, 22.59, 22.41, 22.2, 22.23, 22.16
2026-09-08, 07:40:50, 22.25, 22.34, 22.61, 22.68, 9999.0, 9999.0, 9999.0, 23.75, 9999.0, 22.43, 9999.0, 22.59, 22.43, 22.2, 22.23, 22.14
2026-09-08, 07:40:54, 22.25, 22.34, 22.61, 22.66, 9999.0, 9999.0, 9999.0, 23.77, 9999.0, 22.39, 9999.0, 22.55, 22.41, 22.2, 22.23, 22.16
2026-09-08, 07:40:58, 22.25, 22.34, 22.61, 22.64, 9999.0, 9999.0, 9999.0, 23.8, 9999.0, 22.36, 9999.0, 22.52, 22.41, 22.2, 22.2, 22.14
2026-09-08, 07:41:02, 22.25, 22.34, 22.64, 22.64, 9999.0, 9999.0, 9999.0, 23.84, 9999.0, 22.34, 9999.0, 22.5, 22.39, 22.2, 22.23, 22.14
2026-09-08, 07:41:06, 22.25, 22.32, 22.64, 22.66, 9999.0, 9999.0, 9999.0, 23.77, 9999.0, 22.32, 9999.0, 22.5, 22.39, 22.18, 22.23, 22.16
2026-09-08, 07:41:10, 22.25, 22.32, 22.64, 22.64, 9999.0, 9999.0, 9999.0, 23.73, 9999.0, 22.3, 9999.0, 22.52, 22.36, 22.18, 22.23, 22.18
2026-09-08, 07:41:14, 22.25, 22.3, 22.61, 22.66, 9999.0, 9999.0, 9999.0, 23.68, 9999.0, 22.27, 9999.0, 22.55, 22.36, 22.16, 22.23, 22.18
2026-09-08, 07:41:18, 22.25, 22.3, 22.64, 22.64, 9999.0, 9999.0, 9999.0, 23.66, 9999.0, 22.27, 9999.0, 22.57, 22.34, 22.18, 22.23, 22.18
2026-09-08, 07:41:22, 22.25, 22.27, 22.64, 22.61, 9999.0, 9999.0, 9999.0, 23.64, 9999.0, 22.27, 9999.0, 22.57, 22.34, 22.2, 22.23, 22.18
2026-09-08, 07:41:26, 22.25, 22.27, 22.64, 22.64, 9999.0, 9999.0, 9999.0, 23.61, 9999.0, 22.27, 9999.0, 22.59, 22.36, 22.2, 22.23, 22.18
2026-09-08, 07:41:30, 22.25, 22.27, 22.64, 22.61, 9999.0, 9999.0, 9999.0, 23.59, 9999.0, 22.3, 9999.0, 22.61, 22.39, 22.2, 22.23, 22.18
2026-09-08, 07:41:34, 22.25, 22.27, 22.66, 22.61, 9999.0, 9999.0, 9999.0, 23.55, 9999.0, 22.32, 9999.0, 22.61, 22.39, 22.2, 22.23, 22.2
2026-09-08, 07:41:38, 22.25, 22.27, 22.66, 22.61, 9999.0, 9999.0, 9999.0, 23.59, 9999.0, 22.34, 9999.0, 22.64, 22.39, 22.2, 22.23, 22.2
2026-09-08, 07:41:42, 22.25, 22.27, 22.64, 22.64, 9999.0, 9999.0, 9999.0, 23.61, 9999.0, 22.36, 9999.0, 22.64, 22.36, 22.2, 22.25, 22.23
2026-09-08, 07:41:46, 22.25, 22.25, 22.64, 22.61, 9999.0, 9999.0, 9999.0, 23.66, 9999.0, 22.36, 9999.0, 22.64, 22.36, 22.18, 22.25, 22.23
2026-09-08, 07:41:50, 22.25, 22.25, 22.64, 22.59, 9999.0, 9999.0, 9999.0, 23.7, 9999.0, 22.39, 9999.0, 22.61, 22.36, 22.2, 22.25, 22.23
2026-09-08, 07:41:54, 22.25, 22.25, 22.66, 22.59, 9999.0, 9999.0, 9999.0, 23.75, 9999.0, 22.39, 9999.0, 22.59, 22.36, 22.18, 22.25, 22.23
2026-09-08, 07:41:58, 22.25, 22.25, 22.68, 22.59, 9999.0, 9999.0, 9999.0, 23.8, 9999.0, 22.39, 9999.0, 22.57, 22.36, 22.2, 22.25, 22.23
2026-09-08, 07:42:02, 22.25, 22.25, 22.66, 22.59, 9999.0, 9999.0, 9999.0, 23.84, 9999.0, 22.36, 9999.0, 22.55, 22.36, 22.2, 22.25, 22.2
2026-09-08, 07:42:06, 22.25, 22.25, 22.68, 22.59, 9999.0, 9999.0, 9999.0, 23.86, 9999.0, 22.36, 9999.0, 22.55, 22.36, 22.2, 22.25, 22.2
2026-09-08, 07:42:10, 22.25, 22.25, 22.66, 22.59, 9999.0, 9999.0, 9999.0, 23.89, 9999.0, 22.36, 9999.0, 22.52, 22.34, 22.2, 22.25, 22.2
2026-09-08, 07:42:14, 22.25, 22.27, 22.68, 22.61, 9999.0, 9999.0, 9999.0, 23.91, 9999.0, 22.34, 9999.0, 22.52, 22.32, 22.2, 22.25, 22.23
2026-09-08, 07:42:18, 22.25, 22.27, 22.68, 22.59, 9999.0, 9999.0, 9999.0, 23.95, 9999.0, 22.32, 9999.0, 22.52, 22.3, 22.2, 22.25, 22.23
2026-09-08, 07:42:22, 22.25, 22.27, 22.66, 22.61, 9999.0, 9999.0, 9999.0, 23.89, 9999.0, 22.3, 9999.0, 22.55, 22.3, 22.2, 22.25, 22.23
2026-09-08, 07:42:26, 22.25, 22.27, 22.66, 22.61, 9999.0, 9999.0, 9999.0, 23.84, 9999.0, 22.27, 9999.0, 22.57, 22.32, 22.2, 22.25, 22.23
2026-09-08, 07:42:30, 22.25, 22.3, 22.64, 22.64, 9999.0, 9999.0, 9999.0, 23.77, 9999.0, 22.27, 9999.0, 22.59, 22.32, 22.23, 22.25, 22.23
2026-09-08, 07:42:34, 22.25, 22.3, 22.61, 22.64, 9999.0, 9999.0, 9999.0, 23.73, 9999.0, 22.23, 9999.0, 22.61, 22.32, 22.23, 22.25, 22.23
2026-09-08, 07:42:38, 22.25, 22.3, 22.59, 22.64, 9999.0, 9999.0, 9999.0, 23.68, 9999.0, 22.25, 9999.0, 22.61, 22.32, 22.23, 22.25, 22.23
2026-09-08, 07:42:42, 22.25, 22.3, 22.59, 22.61, 9999.0, 9999.0, 9999.0, 23.64, 9999.0, 22.25, 9999.0, 22.64, 22.32, 22.23, 22.25, 22.23
2026-09-08, 07:42:46, 22.25, 22.32, 22.59, 22.61, 9999.0, 9999.0, 9999.0, 23.59, 9999.0, 22.25, 9999.0, 22.66, 22.34, 22.23, 22.25, 22.25
2026-09-08, 07:42:50, 22.25, 22.32, 22.59, 22.61, 9999.0, 9999.0, 9999.0, 23.55, 9999.0, 22.27, 9999.0, 22.66, 22.36, 22.23, 22.25, 22.23
2026-09-08, 07:42:54, 22.25, 22.32, 22.59, 22.59, 9999.0, 9999.0, 9999.0, 23.5, 9999.0, 22.3, 9999.0, 22.66, 22.39, 22.23, 22.25, 22.23
2026-09-08, 07:42:58, 22.25, 22.3, 22.59, 22.57, 9999.0, 9999.0, 9999.0, 23.55, 9999.0, 22.32, 9999.0, 22.66, 22.41, 22.2, 22.25, 22.23
2026-09-08, 07:43:02, 22.25, 22.32, 22.59, 22.59, 9999.0, 9999.0, 9999.0, 23.57, 9999.0, 22.32, 9999.0, 22.68, 22.41, 22.2, 22.25, 22.23
2026-09-08, 07:43:06, 22.25, 22.32, 22.59, 22.57, 9999.0, 9999.0, 9999.0, 23.61, 9999.0, 22.32, 9999.0, 22.66, 22.41, 22.18, 22.25, 22.23
2026-09-08, 07:43:10, 22.25, 22.32, 22.59, 22.55, 9999.0, 9999.0, 9999.0, 23.66, 9999.0, 22.32, 9999.0, 22.64, 22.41, 22.16, 22.25, 22.23
2026-09-08, 07:43:14, 22.25, 22.32, 22.61, 22.55, 9999.0, 9999.0, 9999.0, 23.7, 9999.0, 22.32, 9999.0, 22.61, 22.41, 22.16, 22.25, 22.23
2026-09-08, 07:43:18, 22.25, 22.34, 22.64, 22.55, 9999.0, 9999.0, 9999.0, 23.75, 9999.0, 22.34, 9999.0, 22.59, 22.41, 22.16, 22.25, 22.23
2026-09-08, 07:43:22, 22.25, 22.36, 22.64, 22.55, 9999.0, 9999.0, 9999.0, 23.77, 9999.0, 22.32, 9999.0, 22.59, 22.43, 22.16, 22.25, 22.23
2026-09-08, 07:43:26, 22.25, 22.36, 22.61, 22.57, 9999.0, 9999.0, 9999.0, 23.8, 9999.0, 22.32, 9999.0, 22.57, 22.41, 22.16, 22.25, 22.23
2026-09-08, 07:43:30, 22.25, 22.34, 22.64, 22.57, 9999.0, 9999.0, 9999.0, 23.82, 9999.0, 22.32, 9999.0, 22.55, 22.39, 22.16, 22.25, 22.2
2026-09-08, 07:43:34, 22.25, 22.34, 22.64, 22.57, 9999.0, 9999.0, 9999.0, 23.86, 9999.0, 22.27, 9999.0, 22.55, 22.36, 22.14, 22.25, 22.23
2026-09-08, 07:43:38, 22.25, 22.34, 22.64, 22.59, 9999.0, 9999.0, 9999.0, 23.91, 9999.0, 22.23, 9999.0, 22.57, 22.34, 22.14, 22.25, 22.23
2026-09-08, 07:43:42, 22.25, 22.34, 22.64, 22.61, 9999.0, 9999.0, 9999.0, 23.84, 9999.0, 22.18, 9999.0, 22.55, 22.32, 22.16, 22.25, 22.23
2026-09-08, 07:43:46, 22.25, 22.32, 22.64, 22.61, 9999.0, 9999.0, 9999.0, 23.82, 9999.0, 22.16, 9999.0, 22.55, 22.34, 22.16, 22.25, 22.2
2026-09-08, 07:43:50, 22.25, 22.32, 22.66, 22.64, 9999.0, 9999.0, 9999.0, 23.8, 9999.0, 22.14, 9999.0, 22.57, 22.36, 22.18, 22.25, 22.18
2026-09-08, 07:43:54, 22.25, 22.32, 22.66, 22.66, 9999.0, 9999.0, 9999.0, 23.75, 9999.0, 22.14, 9999.0, 22.59, 22.36, 22.18, 22.25, 22.18
2026-09-08, 07:43:58, 22.25, 22.3, 22.64, 22.66, 9999.0, 9999.0, 9999.0, 23.7, 9999.0, 22.14, 9999.0, 22.61, 22.36, 22.16, 22.25, 22.18
2026-09-08, 07:44:02, 22.25, 22.27, 22.64, 22.66, 9999.0, 9999.0, 9999.0, 23.64, 9999.0, 22.14, 9999.0, 22.61, 22.36, 22.16, 22.25, 22.18
2026-09-08, 07:44:06, 22.25, 22.25, 22.66, 22.68, 9999.0, 9999.0, 9999.0, 23.59, 9999.0, 22.16, 9999.0, 22.61, 22.36, 22.18, 22.25, 22.16
2026-09-08, 07:44:10, 22.25, 22.25, 22.66, 22.68, 9999.0, 9999.0, 9999.0, 23.55, 9999.0, 22.18, 9999.0, 22.64, 22.36, 22.18, 22.25, 22.16
2026-09-08, 07:44:14, 22.25, 22.25, 22.66, 22.7, 9999.0, 9999.0, 9999.0, 23.59, 9999.0, 22.18, 9999.0, 22.64, 22.39, 22.16, 22.25, 22.18
2026-09-08, 07:44:18, 22.25, 22.25, 22.66, 22.7, 9999.0, 9999.0, 9999.0, 23.61, 9999.0, 22.2, 9999.0, 22.64, 22.39, 22.16, 22.25, 22.18
2026-09-08, 07:44:22, 22.25, 22.25, 22.68, 22.68, 9999.0, 9999.0, 9999.0, 23.64, 9999.0, 22.23, 9999.0, 22.61, 22.41, 22.14, 22.25, 22.18
2026-09-08, 07:44:26, 22.25, 22.25, 22.68, 22.66, 9999.0, 9999.0, 9999.0, 23.66, 9999.0, 22.25, 9999.0, 22.61, 22.43, 22.14, 22.25, 22.18
2026-09-08, 07:44:30, 22.25, 22.25, 22.68, 22.64, 9999.0, 9999.0, 9999.0, 23.66, 9999.0, 22.27, 9999.0, 22.59, 22.41, 22.14, 22.25, 22.2
2026-09-08, 07:44:34, 22.25, 22.25, 22.68, 22.61, 9999.0, 9999.0, 9999.0, 23.66, 9999.0, 22.3, 9999.0, 22.57, 22.41, 22.14, 22.25, 22.23
2026-09-08, 07:44:39, 22.25, 22.25, 22.7, 22.61, 9999.0, 9999.0, 9999.0, 23.68, 9999.0, 22.3, 9999.0, 22.55, 22.39, 22.16, 22.25, 22.23
2026-09-08, 07:44:43, 22.25, 22.25, 22.73, 22.59, 9999.0, 9999.0, 9999.0, 23.7, 9999.0, 22.3, 9999.0, 22.52, 22.39, 22.18, 22.25, 22.23
2026-09-08, 07:44:47, 22.25, 22.25, 22.73, 22.59, 9999.0, 9999.0, 9999.0, 23.75, 9999.0, 22.3, 9999.0, 22.52, 22.36, 22.16, 22.25, 22.2
2026-09-08, 07:44:51, 22.25, 22.25, 22.73, 22.57, 9999.0, 9999.0, 9999.0, 23.8, 9999.0, 22.27, 9999.0, 22.52, 22.36, 22.14, 22.25, 22.23
2026-09-08, 07:44:55, 22.25, 22.25, 22.75, 22.57, 9999.0, 9999.0, 9999.0, 23.84, 9999.0, 22.25, 9999.0, 22.5, 22.36, 22.11, 22.25, 22.23
2026-09-08, 07:44:59, 22.25, 22.25, 22.75, 22.55, 9999.0, 9999.0, 9999.0, 23.8, 9999.0, 22.23, 9999.0, 22.52, 22.34, 22.11, 22.25, 22.23
2026-09-08, 07:45:03, 22.25, 22.25, 22.75, 22.57, 9999.0, 9999.0, 9999.0, 23.75, 9999.0, 22.2, 9999.0, 22.55, 22.36, 22.14, 22.25, 22.23
2026-09-08, 07:45:07, 22.25, 22.27, 22.73, 22.57, 9999.0, 9999.0, 9999.0, 23.73, 9999.0, 22.18, 9999.0, 22.57, 22.36, 22.14, 22.25, 22.23
2026-09-08, 07:45:11, 22.25, 22.3, 22.7, 22.57, 9999.0, 9999.0, 9999.0, 23.7, 9999.0, 22.16, 9999.0, 22.59, 22.34, 22.14, 22.25, 22.23
2026-09-08, 07:45:15, 22.25, 22.3, 22.7, 22.59, 9999.0, 9999.0, 9999.0, 23.68, 9999.0, 22.16, 9999.0, 22.61, 22.34, 22.11, 22.25, 22.23
2026-09-08, 07:45:19, 22.25, 22.3, 22.7, 22.61, 9999.0, 9999.0, 9999.0, 23.64, 9999.0, 22.16, 9999.0, 22.61, 22.32, 22.11, 22.25, 22.23
2026-09-08, 07:45:23, 22.25, 22.3, 22.7, 22.59, 9999.0, 9999.0, 9999.0, 23.59, 9999.0, 22.16, 9999.0, 22.61, 22.34, 22.09, 22.25, 22.23
2026-09-08, 07:45:27, 22.25, 22.3, 22.68, 22.61, 9999.0, 9999.0, 9999.0, 23.55, 9999.0, 22.16, 9999.0, 22.61, 22.36, 22.07, 22.25, 22.23
2026-09-08, 07:45:31, 22.25, 22.3, 22.68, 22.61, 9999.0, 9999.0, 9999.0, 23.5, 9999.0, 22.16, 9999.0, 22.61, 22.36, 22.09, 22.25, 22.25
2026-09-08, 07:45:35, 22.25, 22.3, 22.68, 22.61, 9999.0, 9999.0, 9999.0, 23.55, 9999.0, 22.16, 9999.0, 22.61, 22.36, 22.09, 22.25, 22.25
2026-09-08, 07:45:39, 22.25, 22.3, 22.68, 22.59, 9999.0, 9999.0, 9999.0, 23.57, 9999.0, 22.18, 9999.0, 22.61, 22.39, 22.11, 22.25, 22.25
2026-09-08, 07:45:43, 22.25, 22.3, 22.66, 22.61, 9999.0, 9999.0, 9999.0, 23.59, 9999.0, 22.2, 9999.0, 22.59, 22.41, 22.14, 22.25, 22.25
2026-09-08, 07:45:47, 22.25, 22.3, 22.66, 22.59, 9999.0, 9999.0, 9999.0, 23.64, 9999.0, 22.23, 9999.0, 22.57, 22.39, 22.14, 22.25, 22.23
2026-09-08, 07:45:51, 22.25, 22.27, 22.66, 22.59, 9999.0, 9999.0, 9999.0, 23.64, 9999.0, 22.25, 9999.0, 22.55, 22.39, 22.16, 22.25, 22.23
2026-09-08, 07:45:55, 22.25, 22.25, 22.68, 22.61, 9999.0, 9999.0, 9999.0, 23.66, 9999.0, 22.27, 9999.0, 22.52, 22.41, 22.16, 22.25, 22.23
2026-09-08, 07:45:59, 22.25, 22.25, 22.66, 22.59, 9999.0, 9999.0, 9999.0, 23.68, 9999.0, 22.25, 9999.0, 22.5, 22.43, 22.18, 22.25, 22.23
2026-09-08, 07:46:03, 22.25, 22.25, 22.66, 22.57, 9999.0, 9999.0, 9999.0, 23.7, 9999.0, 22.23, 9999.0, 22.5, 22.43, 22.18, 22.25, 22.23
2026-09-08, 07:46:07, 22.25, 22.25, 22.66, 22.57, 9999.0, 9999.0, 9999.0, 23.73, 9999.0, 22.2, 9999.0, 22.5, 22.41, 22.18, 22.25, 22.23
2026-09-08, 07:46:11, 22.25, 22.25, 22.68, 22.55, 9999.0, 9999.0, 9999.0, 23.77, 9999.0, 22.18, 9999.0, 22.5, 22.39, 22.2, 22.25, 22.23
2026-09-08, 07:46:15, 22.25, 22.25, 22.68, 22.57, 9999.0, 9999.0, 9999.0, 23.8, 9999.0, 22.16, 9999.0, 22.5, 22.41, 22.2, 22.25, 22.23
2026-09-08, 07:46:19, 22.25, 22.25, 22.68, 22.57, 9999.0, 9999.0, 9999.0, 23.73, 9999.0, 22.14, 9999.0, 22.52, 22.39, 22.23, 22.25, 22.23
2026-09-08, 07:46:23, 22.25, 22.25, 22.68, 22.57, 9999.0, 9999.0, 9999.0, 23.68, 9999.0, 22.09, 9999.0, 22.55, 22.36, 22.23, 22.25, 22.23
2026-09-08, 07:46:27, 22.25, 22.25, 22.7, 22.57, 9999.0, 9999.0, 9999.0, 23.64, 9999.0, 22.07, 9999.0, 22.57, 22.34, 22.2, 22.25, 22.23
2026-09-08, 07:46:31, 22.25, 22.25, 22.68, 22.59, 9999.0, 9999.0, 9999.0, 23.57, 9999.0, 22.07, 9999.0, 22.59, 22.34, 22.2, 22.25, 22.25
2026-09-08, 07:46:35, 22.25, 22.25, 22.7, 22.61, 9999.0, 9999.0, 9999.0, 23.55, 9999.0, 22.07, 9999.0, 22.61, 22.32, 22.18, 22.25, 22.25
2026-09-08, 07:46:39, 22.25, 22.25, 22.68, 22.61, 9999.0, 9999.0, 9999.0, 23.5, 9999.0, 22.07, 9999.0, 22.64, 22.32, 22.16, 22.25, 22.25
2026-09-08, 07:46:43, 22.25, 22.25, 22.68, 22.64, 9999.0, 9999.0, 9999.0, 23.45, 9999.0, 22.09, 9999.0, 22.64, 22.3, 22.14, 22.25, 22.25
2026-09-08, 07:46:47, 22.25, 22.25, 22.66, 22.66, 9999.0, 9999.0, 9999.0, 23.43, 9999.0, 22.11, 9999.0, 22.66, 22.3, 22.14, 22.25, 22.25
2026-09-08, 07:46:51, 22.25, 22.25, 22.66, 22.68, 9999.0, 9999.0, 9999.0, 23.48, 9999.0, 22.14, 9999.0, 22.66, 22.32, 22.16, 22.25, 22.25
2026-09-08, 07:46:55, 22.25, 22.25, 22.66, 22.7, 9999.0, 9999.0, 9999.0, 23.5, 9999.0, 22.16, 9999.0, 22.66, 22.34, 22.14, 22.25, 22.25
2026-09-08, 07:46:59, 22.25, 22.25, 22.66, 22.7, 9999.0, 9999.0, 9999.0, 23.55, 9999.0, 22.18, 9999.0, 22.66, 22.34, 22.14, 22.25, 22.25
2026-09-08, 07:47:03, 22.25, 22.25, 22.66, 22.7, 9999.0, 9999.0, 9999.0, 23.59, 9999.0, 22.18, 9999.0, 22.66, 22.34, 22.11, 22.25, 22.25
2026-09-08, 07:47:07, 22.25, 22.25, 22.66, 22.73, 9999.0, 9999.0, 9999.0, 23.61, 9999.0, 22.2, 9999.0, 22.64, 22.34, 22.09, 22.25, 22.25
2026-09-08, 07:47:11, 22.25, 22.25, 22.66, 22.73, 9999.0, 9999.0, 9999.0, 23.64, 9999.0, 22.2, 9999.0, 22.61, 22.34, 22.11, 22.25, 22.25
2026-09-08, 07:47:15, 22.25, 22.25, 22.68, 22.7, 9999.0, 9999.0, 9999.0, 23.68, 9999.0, 22.18, 9999.0, 22.59, 22.34, 22.11, 22.25, 22.25
2026-09-08, 07:47:19, 22.25, 22.25, 22.68, 22.7, 9999.0, 9999.0, 9999.0, 23.68, 9999.0, 22.16, 9999.0, 22.57, 22.36, 22.11, 22.25, 22.25
2026-09-08, 07:47:23, 22.25, 22.25, 22.68, 22.7, 9999.0, 9999.0, 9999.0, 23.7, 9999.0, 22.14, 9999.0, 22.55, 22.34, 22.11, 22.25, 22.25
2026-09-08, 07:47:27, 22.25, 22.25, 22.68, 22.68, 9999.0, 9999.0, 9999.0, 23.73, 9999.0, 22.11, 9999.0, 22.55, 22.34, 22.14, 22.25, 22.25
2026-09-08, 07:47:31, 22.25, 22.25, 22.68, 22.66, 9999.0, 9999.0, 9999.0, 23.75, 9999.0, 22.09, 9999.0, 22.55, 22.34, 22.14, 22.23, 22.25
2026-09-08, 07:47:35, 22.25, 22.25, 22.68, 22.66, 9999.0, 9999.0, 9999.0, 23.7, 9999.0, 22.07, 9999.0, 22.55, 22.32, 22.11, 22.2, 22.25
2026-09-08, 07:47:39, 22.25, 22.25, 22.66, 22.66, 9999.0, 9999.0, 9999.0, 23.66, 9999.0, 22.05, 9999.0, 22.57, 22.32, 22.14, 22.2, 22.25
2026-09-08, 07:47:43, 22.25, 22.25, 22.66, 22.66, 9999.0, 9999.0, 9999.0, 23.61, 9999.0, 22.02, 9999.0, 22.59, 22.32, 22.14, 22.2, 22.25
2026-09-08, 07:47:47, 22.25, 22.25, 22.66, 22.68, 9999.0, 9999.0, 9999.0, 23.57, 9999.0, 22.02, 9999.0, 22.59, 22.32, 22.16, 22.2, 22.25
2026-09-08, 07:47:51, 22.25, 22.25, 22.66, 22.68, 9999.0, 9999.0, 9999.0, 23.52, 9999.0, 22.02, 9999.0, 22.61, 22.32, 22.16, 22.2, 22.25
2026-09-08, 07:47:55, 22.25, 22.25, 22.66, 22.68, 9999.0, 9999.0, 9999.0, 23.48, 9999.0, 22.05, 9999.0, 22.64, 22.32, 22.16, 22.2, 22.25
2026-09-08, 07:47:59, 22.25, 22.25, 22.66, 22.7, 9999.0, 9999.0, 9999.0, 23.43, 9999.0, 22.07, 9999.0, 22.64, 22.34, 22.14, 22.2, 22.25
2026-09-08, 07:48:03, 22.25, 22.25, 22.64, 22.7, 9999.0, 9999.0, 9999.0, 23.41, 9999.0, 22.09, 9999.0, 22.66, 22.34, 22.16, 22.2, 22.25
2026-09-08, 07:48:07, 22.25, 22.25, 22.64, 22.7, 9999.0, 9999.0, 9999.0, 23.39, 9999.0, 22.11, 9999.0, 22.66, 22.36, 22.18, 22.2, 22.25
2026-09-08, 07:48:11, 22.25, 22.25, 22.64, 22.73, 9999.0, 9999.0, 9999.0, 23.43, 9999.0, 22.14, 9999.0, 22.66, 22.36, 22.18, 22.2, 22.25
2026-09-08, 07:48:15, 22.25, 22.25, 22.66, 22.73, 9999.0, 9999.0, 9999.0, 23.48, 9999.0, 22.16, 9999.0, 22.64, 22.36, 22.18, 22.23, 22.25
2026-09-08, 07:48:19, 22.25, 22.25, 22.66, 22.7, 9999.0, 9999.0, 9999.0, 23.5, 9999.0, 22.18, 9999.0, 22.64, 22.39, 22.18, 22.25, 22.25
2026-09-08, 07:48:24, 22.25, 22.25, 22.68, 22.68, 9999.0, 9999.0, 9999.0, 23.52, 9999.0, 22.2, 9999.0, 22.61, 22.36, 22.16, 22.25, 22.25
2026-09-08, 07:48:28, 22.25, 22.25, 22.68, 22.68, 9999.0, 9999.0, 9999.0, 23.55, 9999.0, 22.2, 9999.0, 22.59, 22.34, 22.16, 22.25, 22.25
2026-09-08, 07:48:32, 22.25, 22.25, 22.66, 22.68, 9999.0, 9999.0, 9999.0, 23.57, 9999.0, 22.2, 9999.0, 22.57, 22.34, 22.16, 22.25, 22.25
2026-09-08, 07:48:36, 22.25, 22.25, 22.64, 22.66, 9999.0, 9999.0, 9999.0, 23.61, 9999.0, 22.18, 9999.0, 22.55, 22.34, 22.16, 22.25, 22.25
2026-09-08, 07:48:40, 22.25, 22.25, 22.64, 22.64, 9999.0, 9999.0, 9999.0, 23.66, 9999.0, 22.18, 9999.0, 22.52, 22.34, 22.16, 22.25, 22.25
2026-09-08, 07:48:44, 22.25, 22.25, 22.64, 22.64, 9999.0, 9999.0, 9999.0, 23.7, 9999.0, 22.18, 9999.0, 22.52, 22.32, 22.16, 22.25, 22.25
2026-09-08, 07:48:48, 22.25, 22.25, 22.66, 22.64, 9999.0, 9999.0, 9999.0, 23.73, 9999.0, 22.16, 9999.0, 22.5, 22.3, 22.14, 22.25, 22.25
2026-09-08, 07:48:52, 22.25, 22.25, 22.66, 22.64, 9999.0, 9999.0, 9999.0, 23.75, 9999.0, 22.14, 9999.0, 22.5, 22.27, 22.11, 22.25, 22.25
2026-09-08, 07:48:56, 22.25, 22.25, 22.68, 22.64, 9999.0, 9999.0, 9999.0, 23.7, 9999.0, 22.11, 9999.0, 22.52, 22.27, 22.11, 22.25, 22.25
2026-09-08, 07:49:00, 22.25, 22.25, 22.68, 22.66, 9999.0, 9999.0, 9999.0, 23.66, 9999.0, 22.09, 9999.0, 22.55, 22.27, 22.11, 22.25, 22.25
2026-09-08, 07:49:04, 22.25, 22.25, 22.68, 22.68, 9999.0, 9999.0, 9999.0, 23.64, 9999.0, 22.07, 9999.0, 22.57, 22.25, 22.14, 22.25, 22.25
2026-09-08, 07:49:08, 22.25, 22.27, 22.66, 22.7, 9999.0, 9999.0, 9999.0, 23.61, 9999.0, 22.07, 9999.0, 22.59, 22.27, 22.16, 22.25, 22.25
2026-09-08, 07:49:12, 22.25, 22.27, 22.66, 22.7, 9999.0, 9999.0, 9999.0, 23.59, 9999.0, 22.09, 9999.0, 22.61, 22.27, 22.16, 22.25, 22.25
2026-09-08, 07:49:16, 22.25, 22.27, 22.68, 22.7, 9999.0, 9999.0, 9999.0, 23.55, 9999.0, 22.11, 9999.0, 22.64, 22.3, 22.16, 22.25, 22.23
2026-09-08, 07:49:20, 22.25, 22.27, 22.7, 22.73, 9999.0, 9999.0, 9999.0, 23.52, 9999.0, 22.14, 9999.0, 22.64, 22.32, 22.18, 22.25, 22.23
2026-09-08, 07:49:24, 22.25, 22.27, 22.68, 22.75, 9999.0, 9999.0, 9999.0, 23.48, 9999.0, 22.14, 9999.0, 22.64, 22.34, 22.18, 22.25, 22.23
2026-09-08, 07:49:28, 22.25, 22.27, 22.66, 22.75, 9999.0, 9999.0, 9999.0, 23.5, 9999.0, 22.14, 9999.0, 22.64, 22.36, 22.18, 22.25, 22.23
2026-09-08, 07:49:32, 22.25, 22.27, 22.66, 22.75, 9999.0, 9999.0, 9999.0, 23.55, 9999.0, 22.16, 9999.0, 22.64, 22.39, 22.18, 22.25, 22.23
2026-09-08, 07:49:36, 22.25, 22.27, 22.68, 22.75, 9999.0, 9999.0, 9999.0, 23.59, 9999.0, 22.18, 9999.0, 22.64, 22.39, 22.18, 22.25, 22.23
2026-09-08, 07:49:40, 22.25, 22.27, 22.68, 22.75, 9999.0, 9999.0, 9999.0, 23.64, 9999.0, 22.2, 9999.0, 22.61, 22.39, 22.16, 22.25, 22.23
2026-09-08, 07:49:44, 22.25, 22.27, 22.68, 22.75, 9999.0, 9999.0, 9999.0, 23.66, 9999.0, 22.23, 9999.0, 22.59, 22.39, 22.16, 22.25, 22.23
2026-09-08, 07:49:48, 22.25, 22.27, 22.68, 22.75, 9999.0, 9999.0, 9999.0, 23.68, 9999.0, 22.25, 9999.0, 22.57, 22.39, 22.16, 22.25, 22.23
2026-09-08, 07:49:52, 22.25, 22.25, 22.7, 22.75, 9999.0, 9999.0, 9999.0, 23.7, 9999.0, 22.25, 9999.0, 22.55, 22.39, 22.14, 22.25, 22.23
2026-09-08, 07:49:56, 22.25, 22.25, 22.7, 22.75, 9999.0, 9999.0, 9999.0, 23.73, 9999.0, 22.25, 9999.0, 22.52, 22.39, 22.11, 22.25, 22.23
2026-09-08, 07:50:00, 22.25, 22.25, 22.7, 22.75, 9999.0, 9999.0, 9999.0, 23.77, 9999.0, 22.25, 9999.0, 22.5, 22.36, 22.09, 22.25, 22.25
2026-09-08, 07:50:04, 22.25, 22.25, 22.7, 22.75, 9999.0, 9999.0, 9999.0, 23.8, 9999.0, 22.25, 9999.0, 22.52, 22.34, 22.07, 22.25, 22.25
2026-09-08, 07:50:08, 22.25, 22.27, 22.7, 22.75, 9999.0, 9999.0, 9999.0, 23.82, 9999.0, 22.23, 9999.0, 22.55, 22.32, 22.05, 22.25, 22.25
2026-09-08, 07:50:12, 22.25, 22.27, 22.7, 22.75, 9999.0, 9999.0, 9999.0, 23.77, 9999.0, 22.2, 9999.0, 22.55, 22.3, 22.05, 22.25, 22.25
2026-09-08, 07:50:16, 22.25, 22.27, 22.7, 22.75, 9999.0, 9999.0, 9999.0, 23.73, 9999.0, 22.2, 9999.0, 22.57, 22.3, 22.07, 22.25, 22.25
2026-09-08, 07:50:20, 22.25, 22.3, 22.68, 22.75, 9999.0, 9999.0, 9999.0, 23.68, 9999.0, 22.18, 9999.0, 22.59, 22.32, 22.07, 22.25, 22.25
2026-09-08, 07:50:24, 22.25, 22.3, 22.68, 22.75, 9999.0, 9999.0, 9999.0, 23.64, 9999.0, 22.16, 9999.0, 22.61, 22.34, 22.09, 22.25, 22.25
2026-09-08, 07:50:28, 22.25, 22.3, 22.66, 22.75, 9999.0, 9999.0, 9999.0, 23.59, 9999.0, 22.16, 9999.0, 22.64, 22.34, 22.09, 22.25, 22.25
2026-09-08, 07:50:32, 22.25, 22.3, 22.66, 22.75, 9999.0, 9999.0, 9999.0, 23.57, 9999.0, 22.16, 9999.0, 22.64, 22.34, 22.07, 22.25, 22.25
2026-09-08, 07:50:36, 22.25, 22.3, 22.66, 22.75, 9999.0, 9999.0, 9999.0, 23.52, 9999.0, 22.18, 9999.0, 22.64, 22.34, 22.09, 22.25, 22.25
2026-09-08, 07:50:40, 22.25, 22.3, 22.66, 22.75, 9999.0, 9999.0, 9999.0, 23.48, 9999.0, 22.2, 9999.0, 22.64, 22.36, 22.11, 22.25, 22.25
2026-09-08, 07:50:44, 22.25, 22.3, 22.66, 22.75, 9999.0, 9999.0, 9999.0, 23.43, 9999.0, 22.23, 9999.0, 22.64, 22.39, 22.14, 22.25, 22.25
2026-09-08, 07:50:48, 22.25, 22.3, 22.66, 22.75, 9999.0, 9999.0, 9999.0, 23.45, 9999.0, 22.25, 9999.0, 22.61, 22.41, 22.16, 22.25, 22.25
2026-09-08, 07:50:52, 22.25, 22.27, 22.68, 22.75, 9999.0, 9999.0, 9999.0, 23.5, 9999.0, 22.27, 9999.0, 22.59, 22.41, 22.18, 22.25, 22.23
2026-09-08, 07:50:56, 22.25, 22.27, 22.68, 22.75, 9999.0, 9999.0, 9999.0, 23.55, 9999.0, 22.3, 9999.0, 22.59, 22.43, 22.18, 22.25, 22.23
2026-09-08, 07:51:00, 22.25, 22.27, 22.68, 22.75, 9999.0, 9999.0, 9999.0, 23.57, 9999.0, 22.3, 9999.0, 22.57, 22.43, 22.16, 22.25, 22.23
2026-09-08, 07:51:04, 22.25, 22.27, 22.7, 22.75, 9999.0, 9999.0, 9999.0, 23.59, 9999.0, 22.32, 9999.0, 22.55, 22.43, 22.16, 22.25, 22.23
2026-09-08, 07:51:08, 22.25, 22.27, 22.68, 22.73, 9999.0, 9999.0, 9999.0, 23.64, 9999.0, 22.34, 9999.0, 22.52, 22.41, 22.16, 22.25, 22.23
2026-09-08, 07:51:12, 22.25, 22.27, 22.7, 22.73, 9999.0, 9999.0, 9999.0, 23.68, 9999.0, 22.34, 9999.0, 22.5, 22.41, 22.14, 22.25, 22.23
2026-09-08, 07:51:16, 22.25, 22.27, 22.7, 22.73, 9999.0, 9999.0, 9999.0, 23.7, 9999.0, 22.34, 9999.0, 22.5, 22.41, 22.16, 22.25, 22.23
2026-09-08, 07:51:20, 22.25, 22.27, 22.7, 22.73, 9999.0, 9999.0, 9999.0, 23.75, 9999.0, 22.32, 9999.0, 22.5, 22.39, 22.16, 22.25, 22.23
2026-09-08, 07:51:24, 22.25, 22.27, 22.7, 22.73, 9999.0, 9999.0, 9999.0, 23.8, 9999.0, 22.3, 9999.0, 22.52, 22.36, 22.14, 22.25, 22.23
2026-09-08, 07:51:28, 22.25, 22.27, 22.68, 22.73, 9999.0, 9999.0, 9999.0, 23.84, 9999.0, 22.27, 9999.0, 22.52, 22.34, 22.14, 22.25, 22.23
2026-09-08, 07:51:32, 22.25, 22.27, 22.68, 22.73, 9999.0, 9999.0, 9999.0, 23.8, 9999.0, 22.25, 9999.0, 22.52, 22.34, 22.14, 22.25, 22.23
2026-09-08, 07:51:36, 22.25, 22.3, 22.68, 22.73, 9999.0, 9999.0, 9999.0, 23.75, 9999.0, 22.25, 9999.0, 22.55, 22.34, 22.14, 22.25, 22.25
2026-09-08, 07:51:40, 22.25, 22.3, 22.7, 22.73, 9999.0, 9999.0, 9999.0, 23.7, 9999.0, 22.25, 9999.0, 22.57, 22.34, 22.16, 22.25, 22.25
2026-09-08, 07:51:44, 22.25, 22.3, 22.68, 22.73, 9999.0, 9999.0, 9999.0, 23.68, 9999.0, 22.27, 9999.0, 22.59, 22.32, 22.16, 22.25, 22.25
2026-09-08, 07:51:48, 22.25, 22.3, 22.68, 22.73, 9999.0, 9999.0, 9999.0, 23.66, 9999.0, 22.3, 9999.0, 22.61, 22.3, 22.18, 22.25, 22.25
2026-09-08, 07:51:52, 22.25, 22.3, 22.7, 22.73, 9999.0, 9999.0, 9999.0, 23.61, 9999.0, 22.32, 9999.0, 22.64, 22.32, 22.16, 22.25, 22.25
2026-09-08, 07:51:56, 22.25, 22.3, 22.7, 22.7, 9999.0, 9999.0, 9999.0, 23.57, 9999.0, 22.34, 9999.0, 22.64, 22.34, 22.18, 22.23, 22.25
2026-09-08, 07:52:00, 22.25, 22.3, 22.7, 22.7, 9999.0, 9999.0, 9999.0, 23.52, 9999.0, 22.36, 9999.0, 22.66, 22.36, 22.16, 22.23, 22.25
2026-09-08, 07:52:04, 22.25, 22.3, 22.7, 22.7, 9999.0, 9999.0, 9999.0, 23.57, 9999.0, 22.39, 9999.0, 22.66, 22.39, 22.14, 22.23, 22.25
2026-09-08, 07:52:08, 22.25, 22.3, 22.7, 22.68, 9999.0, 9999.0, 9999.0, 23.59, 9999.0, 22.41, 9999.0, 22.64, 22.39, 22.14, 22.23, 22.25
2026-09-08, 07:52:13, 22.25, 22.3, 22.7, 22.68, 9999.0, 9999.0, 9999.0, 23.61, 9999.0, 22.43, 9999.0, 22.64, 22.39, 22.14, 22.23, 22.25
2026-09-08, 07:52:17, 22.25, 22.3, 22.7, 22.68, 9999.0, 9999.0, 9999.0, 23.66, 9999.0, 22.43, 9999.0, 22.64, 22.39, 22.11, 22.23, 22.25
2026-09-08, 07:52:21, 22.25, 22.27, 22.7, 22.66, 9999.0, 9999.0, 9999.0, 23.68, 9999.0, 22.43, 9999.0, 22.61, 22.39, 22.11, 22.23, 22.25
2026-09-08, 07:52:25, 22.25, 22.27, 22.68, 22.64, 9999.0, 9999.0, 9999.0, 23.7, 9999.0, 22.43, 9999.0, 22.59, 22.36, 22.11, 22.23, 22.25
2026-09-08, 07:52:29, 22.23, 22.27, 22.7, 22.61, 9999.0, 9999.0, 9999.0, 23.73, 9999.0, 22.41, 9999.0, 22.57, 22.36, 22.14, 22.23, 22.25
2026-09-08, 07:52:33, 22.23, 22.25, 22.7, 22.61, 9999.0, 9999.0, 9999.0, 23.75, 9999.0, 22.39, 9999.0, 22.55, 22.36, 22.14, 22.23, 22.25
2026-09-08, 07:52:37, 22.23, 22.25, 22.7, 22.64, 9999.0, 9999.0, 9999.0, 23.77, 9999.0, 22.36, 9999.0, 22.52, 22.34, 22.16, 22.23, 22.25
2026-09-08, 07:52:41, 22.23, 22.25, 22.7, 22.66, 9999.0, 9999.0, 9999.0, 23.82, 9999.0, 22.34, 9999.0, 22.52, 22.32, 22.16, 22.25, 22.25
2026-09-08, 07:52:45, 22.23, 22.25, 22.7, 22.66, 9999.0, 9999.0, 9999.0, 23.84, 9999.0, 22.32, 9999.0, 22.52, 22.3, 22.16, 22.25, 22.25
2026-09-08, 07:52:49, 22.23, 22.25, 22.7, 22.66, 9999.0, 9999.0, 9999.0, 23.77, 9999.0, 22.3, 9999.0, 22.52, 22.27, 22.16, 22.25, 22.25
2026-09-08, 07:52:53, 22.23, 22.25, 22.7, 22.68, 9999.0, 9999.0, 9999.0, 23.73, 9999.0, 22.27, 9999.0, 22.55, 22.3, 22.16, 22.25, 22.25
2026-09-08, 07:52:57, 22.23, 22.27, 22.73, 22.68, 9999.0, 9999.0, 9999.0, 23.68, 9999.0, 22.25, 9999.0, 22.57, 22.3, 22.16, 22.25, 22.25
2026-09-08, 07:53:01, 22.23, 22.27, 22.73, 22.68, 9999.0, 9999.0, 9999.0, 23.64, 9999.0, 22.25, 9999.0, 22.59, 22.27, 22.18, 22.25, 22.25
2026-09-08, 07:53:05, 22.23, 22.3, 22.73, 22.7, 9999.0, 9999.0, 9999.0, 23.61, 9999.0, 22.27, 9999.0, 22.61, 22.27, 22.18, 22.25, 22.25
2026-09-08, 07:53:09, 22.23, 22.3, 22.75, 22.73, 9999.0, 9999.0, 9999.0, 23.59, 9999.0, 22.3, 9999.0, 22.64, 22.27, 22.16, 22.25, 22.25
2026-09-08, 07:53:13, 22.25, 22.3, 22.75, 22.75, 9999.0, 9999.0, 9999.0, 23.57, 9999.0, 22.32, 9999.0, 22.66, 22.3, 22.14, 22.25, 22.25
2026-09-08, 07:53:17, 22.25, 22.3, 22.75, 22.75, 9999.0, 9999.0, 9999.0, 23.52, 9999.0, 22.34, 9999.0, 22.66, 22.32, 22.14, 22.25, 22.25
2026-09-08, 07:53:21, 22.25, 22.3, 22.75, 22.75, 9999.0, 9999.0, 9999.0, 23.48, 9999.0, 22.36, 9999.0, 22.66, 22.34, 22.14, 22.25, 22.25
2026-09-08, 07:53:25, 22.25, 22.3, 22.73, 22.75, 9999.0, 9999.0, 9999.0, 23.5, 9999.0, 22.39, 9999.0, 22.66, 22.36, 22.14, 22.25, 22.25
2026-09-08, 07:53:29, 22.25, 22.3, 22.7, 22.75, 9999.0, 9999.0, 9999.0, 23.55, 9999.0, 22.41, 9999.0, 22.64, 22.39, 22.16, 22.25, 22.25
2026-09-08, 07:53:33, 22.25, 22.32, 22.7, 22.75, 9999.0, 9999.0, 9999.0, 23.59, 9999.0, 22.43, 9999.0, 22.64, 22.41, 22.16, 22.25, 22.25
2026-09-08, 07:53:37, 22.25, 22.32, 22.68, 22.75, 9999.0, 9999.0, 9999.0, 23.64, 9999.0, 22.45, 9999.0, 22.61, 22.39, 22.16, 22.25, 22.25
2026-09-08, 07:53:41, 22.25, 22.32, 22.68, 22.73, 9999.0, 9999.0, 9999.0, 23.68, 9999.0, 22.48, 9999.0, 22.59, 22.39, 22.16, 22.25, 22.25
2026-09-08, 07:53:45, 22.25, 22.32, 22.68, 22.73, 9999.0, 9999.0, 9999.0, 23.7, 9999.0, 22.5, 9999.0, 22.57, 22.39, 22.16, 22.25, 22.25
2026-09-08, 07:53:49, 22.25, 22.3, 22.68, 22.73, 9999.0, 9999.0, 9999.0, 23.73, 9999.0, 22.5, 9999.0, 22.55, 22.39, 22.14, 22.25, 22.25
2026-09-08, 07:53:53, 22.25, 22.3, 22.68, 22.73, 9999.0, 9999.0, 9999.0, 23.75, 9999.0, 22.5, 9999.0, 22.52, 22.39, 22.16, 22.25, 22.23
2026-09-08, 07:53:57, 22.25, 22.3, 22.66, 22.7, 9999.0, 9999.0, 9999.0, 23.77, 9999.0, 22.5, 9999.0, 22.5, 22.36, 22.18, 22.25, 22.23
2026-09-08, 07:54:01, 22.25, 22.3, 22.66, 22.68, 9999.0, 9999.0, 9999.0, 23.82, 9999.0, 22.48, 9999.0, 22.5, 22.34, 22.18, 22.25, 22.23
2026-09-08, 07:54:05, 22.25, 22.3, 22.66, 22.66, 9999.0, 9999.0, 9999.0, 23.86, 9999.0, 22.45, 9999.0, 22.5, 22.32, 22.18, 22.23, 22.23
2026-09-08, 07:54:09, 22.25, 22.3, 22.66, 22.66, 9999.0, 9999.0, 9999.0, 23.84, 9999.0, 22.43, 9999.0, 22.5, 22.3, 22.18, 22.23, 22.23
2026-09-08, 07:54:13, 22.25, 22.3, 22.68, 22.66, 9999.0, 9999.0, 9999.0, 23.82, 9999.0, 22.41, 9999.0, 22.52, 22.27, 22.18, 22.23, 22.23
2026-09-08, 07:54:17, 22.25, 22.27, 22.68, 22.64, 9999.0, 9999.0, 9999.0, 23.8, 9999.0, 22.39, 9999.0, 22.55, 22.25, 22.2, 22.23, 22.23
2026-09-08, 07:54:21, 22.25, 22.27, 22.7, 22.61, 9999.0, 9999.0, 9999.0, 23.75, 9999.0, 22.39, 9999.0, 22.55, 22.25, 22.23, 22.23, 22.23
2026-09-08, 07:54:25, 22.25, 22.25, 22.68, 22.64, 9999.0, 9999.0, 9999.0, 23.7, 9999.0, 22.39, 9999.0, 22.55, 22.25, 22.23, 22.23, 22.23
2026-09-08, 07:54:29, 22.25, 22.25, 22.66, 22.61, 9999.0, 9999.0, 9999.0, 23.68, 9999.0, 22.39, 9999.0, 22.55, 22.27, 22.23, 22.23, 22.2
2026-09-08, 07:54:33, 22.25, 22.25, 22.66, 22.61, 9999.0, 9999.0, 9999.0, 23.66, 9999.0, 22.41, 9999.0, 22.55, 22.3, 22.23, 22.23, 22.2
2026-09-08, 07:54:37, 22.25, 22.25, 22.64, 22.61, 9999.0, 9999.0, 9999.0, 23.64, 9999.0, 22.43, 9999.0, 22.55, 22.32, 22.2, 22.23, 22.23
2026-09-08, 07:54:41, 22.25, 22.25, 22.66, 22.64, 9999.0, 9999.0, 9999.0, 23.68, 9999.0, 22.43, 9999.0, 22.55, 22.34, 22.18, 22.23, 22.23
2026-09-08, 07:54:45, 22.25, 22.25, 22.66, 22.64, 9999.0, 9999.0, 9999.0, 23.73, 9999.0, 22.45, 9999.0, 22.55, 22.36, 22.16, 22.23, 22.23
2026-09-08, 07:54:49, 22.25, 22.27, 22.66, 22.64, 9999.0, 9999.0, 9999.0, 23.77, 9999.0, 22.48, 9999.0, 22.55, 22.36, 22.14, 22.25, 22.23
2026-09-08, 07:54:53, 22.25, 22.27, 22.68, 22.61, 9999.0, 9999.0, 9999.0, 23.8, 9999.0, 22.5, 9999.0, 22.55, 22.36, 22.11, 22.25, 22.23
2026-09-08, 07:54:57, 22.25, 22.27, 22.68, 22.59, 9999.0, 9999.0, 9999.0, 23.82, 9999.0, 22.52, 9999.0, 22.52, 22.36, 22.09, 22.25, 22.23
2026-09-08, 07:55:01, 22.25, 22.27, 22.68, 22.59, 9999.0, 9999.0, 9999.0, 23.84, 9999.0, 22.55, 9999.0, 22.5, 22.36, 22.07, 22.25, 22.23
2026-09-08, 07:55:05, 22.25, 22.27, 22.66, 22.59, 9999.0, 9999.0, 9999.0, 23.89, 9999.0, 22.55, 9999.0, 22.5, 22.36, 22.07, 22.25, 22.23
2026-09-08, 07:55:09, 22.25, 22.27, 22.66, 22.57, 9999.0, 9999.0, 9999.0, 23.91, 9999.0, 22.55, 9999.0, 22.5, 22.36, 22.05, 22.25, 22.23
2026-09-08, 07:55:13, 22.25, 22.27, 22.68, 22.57, 9999.0, 9999.0, 9999.0, 23.93, 9999.0, 22.55, 9999.0, 22.5, 22.34, 22.05, 22.25, 22.25
2026-09-08, 07:55:17, 22.25, 22.27, 22.68, 22.55, 9999.0, 9999.0, 9999.0, 23.95, 9999.0, 22.52, 9999.0, 22.5, 22.32, 22.05, 22.25, 22.25
2026-09-08, 07:55:21, 22.25, 22.27, 22.7, 22.55, 9999.0, 9999.0, 9999.0, 23.98, 9999.0, 22.48, 9999.0, 22.5, 22.3, 22.05, 22.25, 22.25
2026-09-08, 07:55:25, 22.25, 22.3, 22.68, 22.55, 9999.0, 9999.0, 9999.0, 23.93, 9999.0, 22.45, 9999.0, 22.5, 22.27, 22.05, 22.25, 22.25
2026-09-08, 07:55:29, 22.25, 22.3, 22.66, 22.55, 9999.0, 9999.0, 9999.0, 23.89, 9999.0, 22.43, 9999.0, 22.52, 22.25, 22.05, 22.25, 22.25
2026-09-08, 07:55:33, 22.25, 22.27, 22.66, 22.55, 9999.0, 9999.0, 9999.0, 23.82, 9999.0, 22.41, 9999.0, 22.55, 22.25, 22.07, 22.25, 22.25
2026-09-08, 07:55:37, 22.25, 22.27, 22.64, 22.57, 9999.0, 9999.0, 9999.0, 23.77, 9999.0, 22.39, 9999.0, 22.57, 22.25, 22.07, 22.25, 22.25
2026-09-08, 07:55:41, 22.25, 22.3, 22.61, 22.57, 9999.0, 9999.0, 9999.0, 23.73, 9999.0, 22.39, 9999.0, 22.59, 22.25, 22.07, 22.25, 22.25
2026-09-08, 07:55:45, 22.25, 22.3, 22.59, 22.59, 9999.0, 9999.0, 9999.0, 23.68, 9999.0, 22.39, 9999.0, 22.59, 22.25, 22.09, 22.25, 22.23
2026-09-08, 07:55:49, 22.25, 22.32, 22.59, 22.59, 9999.0, 9999.0, 9999.0, 23.64, 9999.0, 22.39, 9999.0, 22.61, 22.27, 22.07, 22.25, 22.23
2026-09-08, 07:55:53, 22.25, 22.32, 22.59, 22.59, 9999.0, 9999.0, 9999.0, 23.61, 9999.0, 22.41, 9999.0, 22.61, 22.27, 22.09, 22.25, 22.23
2026-09-08, 07:55:57, 22.25, 22.32, 22.57, 22.59, 9999.0, 9999.0, 9999.0, 23.59, 9999.0, 22.41, 9999.0, 22.61, 22.27, 22.07, 22.25, 22.23
2026-09-08, 07:56:01, 22.25, 22.32, 22.57, 22.59, 9999.0, 9999.0, 9999.0, 23.64, 9999.0, 22.43, 9999.0, 22.64, 22.3, 22.07, 22.25, 22.23
2026-09-08, 07:56:06, 22.25, 22.34, 22.55, 22.57, 9999.0, 9999.0, 9999.0, 23.68, 9999.0, 22.45, 9999.0, 22.64, 22.3, 22.07, 22.25, 22.23
2026-09-08, 07:56:10, 22.25, 22.32, 22.55, 22.55, 9999.0, 9999.0, 9999.0, 23.7, 9999.0, 22.48, 9999.0, 22.64, 22.3, 22.07, 22.25, 22.23
2026-09-08, 07:56:14, 22.25, 22.32, 22.55, 22.57, 9999.0, 9999.0, 9999.0, 23.73, 9999.0, 22.5, 9999.0, 22.61, 22.3, 22.09, 22.25, 22.23
2026-09-08, 07:56:18, 22.25, 22.32, 22.52, 22.59, 9999.0, 9999.0, 9999.0, 23.77, 9999.0, 22.52, 9999.0, 22.59, 22.3, 22.07, 22.25, 22.2
2026-09-08, 07:56:22, 22.25, 22.32, 22.52, 22.59, 9999.0, 9999.0, 9999.0, 23.82, 9999.0, 22.55, 9999.0, 22.57, 22.3, 22.07, 22.25, 22.2
2026-09-08, 07:56:26, 22.25, 22.3, 22.52, 22.59, 9999.0, 9999.0, 9999.0, 23.86, 9999.0, 22.55, 9999.0, 22.55, 22.3, 22.09, 22.25, 22.2
2026-09-08, 07:56:30, 22.25, 22.3, 22.52, 22.57, 9999.0, 9999.0, 9999.0, 23.91, 9999.0, 22.55, 9999.0, 22.55, 22.3, 22.09, 22.25, 22.23
2026-09-08, 07:56:34, 22.25, 22.27, 22.55, 22.57, 9999.0, 9999.0, 9999.0, 23.95, 9999.0, 22.55, 9999.0, 22.52, 22.27, 22.11, 22.25, 22.2
2026-09-08, 07:56:38, 22.25, 22.27, 22.55, 22.57, 9999.0, 9999.0, 9999.0, 23.98, 9999.0, 22.52, 9999.0, 22.55, 22.27, 22.09, 22.25, 22.2
2026-09-08, 07:56:42, 22.25, 22.27, 22.57, 22.57, 9999.0, 9999.0, 9999.0, 24.0, 9999.0, 22.52, 9999.0, 22.57, 22.27, 22.09, 22.25, 22.2
2026-09-08, 07:56:46, 22.25, 22.3, 22.55, 22.57, 9999.0, 9999.0, 9999.0, 23.95, 9999.0, 22.5, 9999.0, 22.55, 22.25, 22.09, 22.23, 22.18
2026-09-08, 07:56:50, 22.25, 22.27, 22.55, 22.57, 9999.0, 9999.0, 9999.0, 23.91, 9999.0, 22.48, 9999.0, 22.57, 22.25, 22.11, 22.23, 22.18
2026-09-08, 07:56:54, 22.25, 22.27, 22.57, 22.57, 9999.0, 9999.0, 9999.0, 23.89, 9999.0, 22.48, 9999.0, 22.59, 22.25, 22.11, 22.23, 22.18
2026-09-08, 07:56:58, 22.25, 22.3, 22.59, 22.55, 9999.0, 9999.0, 9999.0, 23.84, 9999.0, 22.48, 9999.0, 22.61, 22.25, 22.09, 22.23, 22.16
2026-09-08, 07:57:02, 22.25, 22.3, 22.61, 22.52, 9999.0, 9999.0, 9999.0, 23.8, 9999.0, 22.48, 9999.0, 22.61, 22.25, 22.09, 22.23, 22.16
2026-09-08, 07:57:06, 22.25, 22.3, 22.61, 22.5, 9999.0, 9999.0, 9999.0, 23.75, 9999.0, 22.48, 9999.0, 22.61, 22.25, 22.09, 22.23, 22.16
2026-09-08, 07:57:10, 22.25, 22.3, 22.61, 22.5, 9999.0, 9999.0, 9999.0, 23.7, 9999.0, 22.5, 9999.0, 22.61, 22.25, 22.09, 22.23, 22.16
2026-09-08, 07:57:14, 22.25, 22.3, 22.61, 22.52, 9999.0, 9999.0, 9999.0, 23.66, 9999.0, 22.52, 9999.0, 22.61, 22.25, 22.09, 22.23, 22.16
2026-09-08, 07:57:18, 22.25, 22.3, 22.59, 22.52, 9999.0, 9999.0, 9999.0, 23.68, 9999.0, 22.55, 9999.0, 22.61, 22.27, 22.09, 22.2, 22.18
2026-09-08, 07:57:22, 22.25, 22.3, 22.61, 22.52, 9999.0, 9999.0, 9999.0, 23.73, 9999.0, 22.57, 9999.0, 22.59, 22.27, 22.09, 22.2, 22.18
2026-09-08, 07:57:26, 22.25, 22.3, 22.59, 22.52, 9999.0, 9999.0, 9999.0, 23.77, 9999.0, 22.57, 9999.0, 22.57, 22.27, 22.11, 22.2, 22.16
2026-09-08, 07:57:30, 22.25, 22.27, 22.59, 22.52, 9999.0, 9999.0, 9999.0, 23.8, 9999.0, 22.57, 9999.0, 22.57, 22.27, 22.11, 22.23, 22.18
2026-09-08, 07:57:34, 22.25, 22.27, 22.59, 22.55, 9999.0, 9999.0, 9999.0, 23.84, 9999.0, 22.59, 9999.0, 22.55, 22.27, 22.09, 22.23, 22.18
2026-09-08, 07:57:38, 22.25, 22.27, 22.57, 22.55, 9999.0, 9999.0, 9999.0, 23.86, 9999.0, 22.59, 9999.0, 22.52, 22.27, 22.11, 22.23, 22.18
2026-09-08, 07:57:42, 22.25, 22.25, 22.55, 22.55, 9999.0, 9999.0, 9999.0, 23.91, 9999.0, 22.59, 9999.0, 22.5, 22.27, 22.11, 22.23, 22.2
2026-09-08, 07:57:46, 22.25, 22.25, 22.52, 22.55, 9999.0, 9999.0, 9999.0, 23.95, 9999.0, 22.59, 9999.0, 22.5, 22.27, 22.11, 22.23, 22.23
2026-09-08, 07:57:50, 22.25, 22.25, 22.55, 22.55, 9999.0, 9999.0, 9999.0, 23.98, 9999.0, 22.59, 9999.0, 22.5, 22.27, 22.14, 22.23, 22.2
2026-09-08, 07:57:54, 22.25, 22.25, 22.55, 22.57, 9999.0, 9999.0, 9999.0, 24.0, 9999.0, 22.57, 9999.0, 22.5, 22.27, 22.11, 22.23, 22.2
2026-09-08, 07:57:58, 22.25, 22.25, 22.55, 22.55, 9999.0, 9999.0, 9999.0, 24.02, 9999.0, 22.55, 9999.0, 22.52, 22.27, 22.09, 22.2, 22.2
2026-09-08, 07:58:02, 22.25, 22.25, 22.55, 22.55, 9999.0, 9999.0, 9999.0, 23.98, 9999.0, 22.52, 9999.0, 22.52, 22.25, 22.07, 22.23, 22.2
2026-09-08, 07:58:06, 22.25, 22.25, 22.52, 22.55, 9999.0, 9999.0, 9999.0, 23.93, 9999.0, 22.5, 9999.0, 22.55, 22.25, 22.07, 22.23, 22.18
2026-09-08, 07:58:10, 22.25, 22.25, 22.52, 22.57, 9999.0, 9999.0, 9999.0, 23.89, 9999.0, 22.5, 9999.0, 22.57, 22.25, 22.05, 22.23, 22.2
2026-09-08, 07:58:14, 22.25, 22.27, 22.52, 22.57, 9999.0, 9999.0, 9999.0, 23.86, 9999.0, 22.5, 9999.0, 22.57, 22.25, 22.07, 22.23, 22.2
2026-09-08, 07:58:18, 22.25, 22.27, 22.52, 22.55, 9999.0, 9999.0, 9999.0, 23.82, 9999.0, 22.5, 9999.0, 22.57, 22.25, 22.09, 22.23, 22.2
2026-09-08, 07:58:22, 22.25, 22.27, 22.52, 22.55, 9999.0, 9999.0, 9999.0, 23.77, 9999.0, 22.52, 9999.0, 22.57, 22.25, 22.09, 22.23, 22.18
2026-09-08, 07:58:26, 22.25, 22.27, 22.52, 22.55, 9999.0, 9999.0, 9999.0, 23.73, 9999.0, 22.55, 9999.0, 22.59, 22.27, 22.09, 22.23, 22.18
2026-09-08, 07:58:30, 22.25, 22.27, 22.52, 22.55, 9999.0, 9999.0, 9999.0, 23.68, 9999.0, 22.57, 9999.0, 22.59, 22.27, 22.09, 22.23, 22.18
2026-09-08, 07:58:34, 22.25, 22.27, 22.5, 22.55, 9999.0, 9999.0, 9999.0, 23.73, 9999.0, 22.59, 9999.0, 22.59, 22.3, 22.07, 22.23, 22.2
2026-09-08, 07:58:38, 22.25, 22.3, 22.52, 22.52, 9999.0, 9999.0, 9999.0, 23.77, 9999.0, 22.61, 9999.0, 22.59, 22.3, 22.07, 22.23, 22.2
2026-09-08, 07:58:42, 22.25, 22.3, 22.55, 22.52, 9999.0, 9999.0, 9999.0, 23.82, 9999.0, 22.64, 9999.0, 22.57, 22.3, 22.07, 22.25, 22.2
2026-09-08, 07:58:46, 22.25, 22.3, 22.55, 22.52, 9999.0, 9999.0, 9999.0, 23.84, 9999.0, 22.66, 9999.0, 22.57, 22.3, 22.07, 22.25, 22.18
2026-09-08, 07:58:50, 22.25, 22.3, 22.57, 22.52, 9999.0, 9999.0, 9999.0, 23.86, 9999.0, 22.66, 9999.0, 22.55, 22.3, 22.07, 22.25, 22.18
2026-09-08, 07:58:54, 22.25, 22.32, 22.57, 22.5, 9999.0, 9999.0, 9999.0, 23.89, 9999.0, 22.66, 9999.0, 22.52, 22.32, 22.07, 22.23, 22.18
2026-09-08, 07:58:58, 22.25, 22.3, 22.57, 22.5, 9999.0, 9999.0, 9999.0, 23.91, 9999.0, 22.66, 9999.0, 22.52, 22.32, 22.05, 22.2, 22.18
2026-09-08, 07:59:02, 22.25, 22.3, 22.57, 22.5, 9999.0, 9999.0, 9999.0, 23.93, 9999.0, 22.66, 9999.0, 22.52, 22.32, 22.05, 22.2, 22.16
2026-09-08, 07:59:06, 22.25, 22.3, 22.57, 22.5, 9999.0, 9999.0, 9999.0, 23.98, 9999.0, 22.64, 9999.0, 22.52, 22.32, 22.02, 22.2, 22.18
2026-09-08, 07:59:10, 22.25, 22.32, 22.57, 22.52, 9999.0, 9999.0, 9999.0, 24.02, 9999.0, 22.61, 9999.0, 22.5, 22.3, 22.05, 22.2, 22.18
2026-09-08, 07:59:14, 22.25, 22.34, 22.57, 22.52, 9999.0, 9999.0, 9999.0, 24.07, 9999.0, 22.59, 9999.0, 22.5, 22.3, 22.07, 22.2, 22.16
2026-09-08, 07:59:18, 22.25, 22.34, 22.57, 22.52, 9999.0, 9999.0, 9999.0, 24.05, 9999.0, 22.57, 9999.0, 22.5, 22.27, 22.07, 22.2, 22.14
2026-09-08, 07:59:22, 22.25, 22.32, 22.55, 22.52, 9999.0, 9999.0, 9999.0, 24.0, 9999.0, 22.55, 9999.0, 22.52, 22.27, 22.07, 22.2, 22.11
2026-09-08, 07:59:26, 22.25, 22.32, 22.52, 22.52, 9999.0, 9999.0, 9999.0, 23.95, 9999.0, 22.52, 9999.0, 22.55, 22.27, 22.07, 22.2, 22.11
2026-09-08, 07:59:30, 22.25, 22.32, 22.52, 22.52, 9999.0, 9999.0, 9999.0, 23.93, 9999.0, 22.48, 9999.0, 22.55, 22.27, 22.07, 22.2, 22.11
2026-09-08, 07:59:34, 22.25, 22.32, 22.5, 22.52, 9999.0, 9999.0, 9999.0, 23.89, 9999.0, 22.48, 9999.0, 22.57, 22.27, 22.07, 22.2, 22.14
2026-09-08, 07:59:38, 22.25, 22.3, 22.5, 22.52, 9999.0, 9999.0, 9999.0, 23.84, 9999.0, 22.48, 9999.0, 22.57, 22.25, 22.07, 22.23, 22.11
2026-09-08, 07:59:42, 22.25, 22.3, 22.5, 22.52, 9999.0, 9999.0, 9999.0, 23.8, 9999.0, 22.5, 9999.0, 22.57, 22.25, 22.09, 22.23, 22.09
2026-09-08, 07:59:46, 22.25, 22.3, 22.5, 22.52, 9999.0, 9999.0, 9999.0, 23.75, 9999.0, 22.52, 9999.0, 22.59, 22.25, 22.07, 22.2, 22.09
2026-09-08, 07:59:50, 22.25, 22.3, 22.5, 22.55, 9999.0, 9999.0, 9999.0, 23.7, 9999.0, 22.55, 9999.0, 22.59, 22.25, 22.07, 22.18, 22.07
2026-09-08, 07:59:54, 22.25, 22.3, 22.5, 22.52, 9999.0, 9999.0, 9999.0, 23.73, 9999.0, 22.57, 9999.0, 22.59, 22.25, 22.05, 22.16, 22.05
2026-09-08, 07:59:59, 22.25, 22.27, 22.5, 22.52, 9999.0, 9999.0, 9999.0, 23.75, 9999.0, 22.59, 9999.0, 22.59, 22.27, 22.02, 22.16, 22.05
2026-09-08, 08:00:03, 22.25, 22.27, 22.5, 22.52, 9999.0, 9999.0, 9999.0, 23.77, 9999.0, 22.59, 9999.0, 22.59, 22.27, 22.02, 22.16, 22.07
2026-09-08, 08:00:07, 22.23, 22.3, 22.5, 22.52, 9999.0, 9999.0, 9999.0, 23.8, 9999.0, 22.59, 9999.0, 22.57, 22.27, 22.02, 22.16, 22.07
2026-09-08, 08:00:11, 22.23, 22.3, 22.5, 22.52, 9999.0, 9999.0, 9999.0, 23.82, 9999.0, 22.59, 9999.0, 22.55, 22.27, 22.02, 22.16, 22.05
2026-09-08, 08:00:15, 22.23, 22.32, 22.5, 22.52, 9999.0, 9999.0, 9999.0, 23.84, 9999.0, 22.61, 9999.0, 22.55, 22.27, 22.02, 22.16, 22.05
2026-09-08, 08:00:19, 22.23, 22.32, 22.5, 22.52, 9999.0, 9999.0, 9999.0, 23.89, 9999.0, 22.61, 9999.0, 22.52, 22.27, 22.02, 22.14, 22.02
2026-09-08, 08:00:23, 22.2, 22.32, 22.5, 22.52, 9999.0, 9999.0, 9999.0, 23.93, 9999.0, 22.61, 9999.0, 22.52, 22.27, 22.05, 22.11, 22.02
2026-09-08, 08:00:27, 22.2, 22.32, 22.5, 22.55, 9999.0, 9999.0, 9999.0, 23.98, 9999.0, 22.59, 9999.0, 22.52, 22.27, 22.05, 22.14, 22.02
2026-09-08, 08:00:31, 22.2, 22.32, 22.5, 22.57, 9999.0, 9999.0, 9999.0, 24.0, 9999.0, 22.57, 9999.0, 22.5, 22.27, 22.05, 22.16, 22.02
2026-09-08, 08:00:35, 22.2, 22.32, 22.5, 22.55, 9999.0, 9999.0, 9999.0, 24.02, 9999.0, 22.55, 9999.0, 22.5, 22.27, 22.05, 22.18, 22.02
2026-09-08, 08:00:39, 22.2, 22.3, 22.5, 22.55, 9999.0, 9999.0, 9999.0, 23.98, 9999.0, 22.52, 9999.0, 22.52, 22.3, 22.07, 22.2, 22.02
2026-09-08, 08:00:43, 22.2, 22.3, 22.52, 22.55, 9999.0, 9999.0, 9999.0, 23.93, 9999.0, 22.5, 9999.0, 22.55, 22.27, 22.07, 22.2, 22.05
2026-09-08, 08:00:47, 22.2, 22.3, 22.52, 22.55, 9999.0, 9999.0, 9999.0, 23.89, 9999.0, 22.48, 9999.0, 22.57, 22.27, 22.09, 22.2, 22.05
2026-09-08, 08:00:51, 22.23, 22.27, 22.52, 22.55, 9999.0, 9999.0, 9999.0, 23.84, 9999.0, 22.48, 9999.0, 22.59, 22.27, 22.11, 22.2, 22.05
2026-09-08, 08:00:55, 22.23, 22.27, 22.52, 22.55, 9999.0, 9999.0, 9999.0, 23.8, 9999.0, 22.48, 9999.0, 22.59, 22.27, 22.11, 22.2, 22.07
2026-09-08, 08:00:59, 22.23, 22.25, 22.52, 22.57, 9999.0, 9999.0, 9999.0, 23.75, 9999.0, 22.5, 9999.0, 22.59, 22.3, 22.11, 22.2, 22.09
2026-09-08, 08:01:03, 22.2, 22.25, 22.52, 22.59, 9999.0, 9999.0, 9999.0, 23.7, 9999.0, 22.52, 9999.0, 22.59, 22.3, 22.11, 22.23, 22.09
2026-09-08, 08:01:07, 22.23, 22.25, 22.52, 22.61, 9999.0, 9999.0, 9999.0, 23.66, 9999.0, 22.52, 9999.0, 22.59, 22.3, 22.11, 22.25, 22.09
2026-09-08, 08:01:11, 22.23, 22.25, 22.52, 22.61, 9999.0, 9999.0, 9999.0, 23.68, 9999.0, 22.55, 9999.0, 22.59, 22.32, 22.11, 22.23, 22.11
2026-09-08, 08:01:15, 22.2, 22.25, 22.52, 22.59, 9999.0, 9999.0, 9999.0, 23.73, 9999.0, 22.55, 9999.0, 22.59, 22.32, 22.14, 22.23, 22.11
2026-09-08, 08:01:19, 22.2, 22.25, 22.52, 22.59, 9999.0, 9999.0, 9999.0, 23.77, 9999.0, 22.55, 9999.0, 22.59, 22.34, 22.14, 22.23, 22.11
2026-09-08, 08:01:23, 22.2, 22.27, 22.55, 22.59, 9999.0, 9999.0, 9999.0, 23.8, 9999.0, 22.55, 9999.0, 22.57, 22.32, 22.11, 22.23, 22.14
2026-09-08, 08:01:27, 22.2, 22.27, 22.52, 22.59, 9999.0, 9999.0, 9999.0, 23.82, 9999.0, 22.55, 9999.0, 22.52, 22.32, 22.11, 22.23, 22.11
2026-09-08, 08:01:31, 22.18, 22.27, 22.52, 22.59, 9999.0, 9999.0, 9999.0, 23.84, 9999.0, 22.57, 9999.0, 22.48, 22.32, 22.09, 22.2, 22.11
2026-09-08, 08:01:35, 22.16, 22.27, 22.52, 22.59, 9999.0, 9999.0, 9999.0, 23.89, 9999.0, 22.57, 9999.0, 22.45, 22.32, 22.09, 22.2, 22.14
2026-09-08, 08:01:39, 22.14, 22.27, 22.52, 22.59, 9999.0, 9999.0, 9999.0, 23.93, 9999.0, 22.57, 9999.0, 22.45, 22.32, 22.09, 22.2, 22.11
2026-09-08, 08:01:43, 22.14, 22.3, 22.55, 22.59, 9999.0, 9999.0, 9999.0, 23.98, 9999.0, 22.55, 9999.0, 22.45, 22.3, 22.09, 22.2, 22.11
2026-09-08, 08:01:47, 22.16, 22.3, 22.55, 22.59, 9999.0, 9999.0, 9999.0, 24.0, 9999.0, 22.52, 9999.0, 22.45, 22.32, 22.09, 22.2, 22.11
2026-09-08, 08:01:51, 22.16, 22.3, 22.55, 22.57, 9999.0, 9999.0, 9999.0, 24.02, 9999.0, 22.5, 9999.0, 22.45, 22.32, 22.07, 22.18, 22.11
2026-09-08, 08:01:55, 22.16, 22.3, 22.57, 22.55, 9999.0, 9999.0, 9999.0, 23.98, 9999.0, 22.45, 9999.0, 22.45, 22.3, 22.05, 22.2, 22.11
2026-09-08, 08:01:59, 22.18, 22.3, 22.57, 22.57, 9999.0, 9999.0, 9999.0, 23.93, 9999.0, 22.43, 9999.0, 22.48, 22.3, 22.05, 22.2, 22.11
2026-09-08, 08:02:03, 22.16, 22.3, 22.57, 22.59, 9999.0, 9999.0, 9999.0, 23.89, 9999.0, 22.43, 9999.0, 22.5, 22.27, 22.07, 22.18, 22.14
2026-09-08, 08:02:07, 22.16, 22.3, 22.55, 22.59, 9999.0, 9999.0, 9999.0, 23.84, 9999.0, 22.45, 9999.0, 22.52, 22.27, 22.09, 22.18, 22.11
2026-09-08, 08:02:11, 22.16, 22.32, 22.57, 22.59, 9999.0, 9999.0, 9999.0, 23.8, 9999.0, 22.45, 9999.0, 22.55, 22.27, 22.11, 22.16, 22.11
2026-09-08, 08:02:15, 22.18, 22.34, 22.57, 22.59, 9999.0, 9999.0, 9999.0, 23.75, 9999.0, 22.48, 9999.0, 22.57, 22.27, 22.11, 22.18, 22.11
2026-09-08, 08:02:19, 22.2, 22.34, 22.57, 22.61, 9999.0, 9999.0, 9999.0, 23.7, 9999.0, 22.5, 9999.0, 22.57, 22.27, 22.11, 22.18, 22.09
2026-09-08, 08:02:23, 22.2, 22.36, 22.57, 22.64, 9999.0, 9999.0, 9999.0, 23.66, 9999.0, 22.52, 9999.0, 22.57, 22.3, 22.11, 22.18, 22.11
2026-09-08, 08:02:27, 22.2, 22.36, 22.55, 22.64, 9999.0, 9999.0, 9999.0, 23.68, 9999.0, 22.55, 9999.0, 22.57, 22.3, 22.11, 22.18, 22.11
2026-09-08, 08:02:31, 22.2, 22.39, 22.55, 22.61, 9999.0, 9999.0, 9999.0, 23.73, 9999.0, 22.55, 9999.0, 22.57, 22.27, 22.14, 22.18, 22.11
2026-09-08, 08:02:35, 22.2, 22.39, 22.55, 22.64, 9999.0, 9999.0, 9999.0, 23.77, 9999.0, 22.57, 9999.0, 22.57, 22.27, 22.16, 22.18, 22.14
2026-09-08, 08:02:39, 22.2, 22.39, 22.55, 22.66, 9999.0, 9999.0, 9999.0, 23.8, 9999.0, 22.59, 9999.0, 22.57, 22.27, 22.18, 22.18, 22.11
2026-09-08, 08:02:43, 22.2, 22.39, 22.55, 22.64, 9999.0, 9999.0, 9999.0, 23.82, 9999.0, 22.61, 9999.0, 22.55, 22.27, 22.16, 22.18, 22.14
2026-09-08, 08:02:47, 22.23, 22.41, 22.57, 22.64, 9999.0, 9999.0, 9999.0, 23.84, 9999.0, 22.61, 9999.0, 22.52, 22.27, 22.16, 22.18, 22.11
2026-09-08, 08:02:51, 22.23, 22.39, 22.57, 22.66, 9999.0, 9999.0, 9999.0, 23.89, 9999.0, 22.59, 9999.0, 22.5, 22.27, 22.14, 22.18, 22.11
2026-09-08, 08:02:55, 22.23, 22.36, 22.57, 22.68, 9999.0, 9999.0, 9999.0, 23.93, 9999.0, 22.57, 9999.0, 22.48, 22.27, 22.11, 22.2, 22.11
2026-09-08, 08:02:59, 22.23, 22.34, 22.57, 22.68, 9999.0, 9999.0, 9999.0, 23.98, 9999.0, 22.52, 9999.0, 22.48, 22.27, 22.11, 22.2, 22.11
2026-09-08, 08:03:03, 22.23, 22.34, 22.59, 22.66, 9999.0, 9999.0, 9999.0, 24.02, 9999.0, 22.48, 9999.0, 22.5, 22.27, 22.09, 22.2, 22.11
2026-09-08, 08:03:07, 22.25, 22.32, 22.59, 22.66, 9999.0, 9999.0, 9999.0, 24.05, 9999.0, 22.43, 9999.0, 22.5, 22.25, 22.09, 22.2, 22.09
2026-09-08, 08:03:11, 22.25, 22.3, 22.59, 22.64, 9999.0, 9999.0, 9999.0, 24.0, 9999.0, 22.39, 9999.0, 22.5, 22.25, 22.09, 22.18, 22.09
2026-09-08, 08:03:15, 22.25, 22.3, 22.59, 22.64, 9999.0, 9999.0, 9999.0, 23.95, 9999.0, 22.36, 9999.0, 22.52, 22.25, 22.07, 22.18, 22.09
2026-09-08, 08:03:19, 22.25, 22.3, 22.59, 22.64, 9999.0, 9999.0, 9999.0, 23.91, 9999.0, 22.34, 9999.0, 22.55, 22.25, 22.07, 22.2, 22.09
2026-09-08, 08:03:23, 22.25, 22.3, 22.57, 22.64, 9999.0, 9999.0, 9999.0, 23.89, 9999.0, 22.32, 9999.0, 22.57, 22.27, 22.07, 22.18, 22.09
2026-09-08, 08:03:27, 22.25, 22.32, 22.59, 22.64, 9999.0, 9999.0, 9999.0, 23.84, 9999.0, 22.32, 9999.0, 22.59, 22.27, 22.07, 22.18, 22.09
2026-09-08, 08:03:31, 22.25, 22.3, 22.57, 22.61, 9999.0, 9999.0, 9999.0, 23.8, 9999.0, 22.32, 9999.0, 22.59, 22.27, 22.07, 22.2, 22.09
2026-09-08, 08:03:35, 22.25, 22.3, 22.57, 22.61, 9999.0, 9999.0, 9999.0, 23.75, 9999.0, 22.34, 9999.0, 22.59, 22.3, 22.07, 22.2, 22.11
2026-09-08, 08:03:39, 22.25, 22.32, 22.57, 22.59, 9999.0, 9999.0, 9999.0, 23.7, 9999.0, 22.36, 9999.0, 22.61, 22.3, 22.07, 22.2, 22.14
2026-09-08, 08:03:43, 22.25, 22.32, 22.59, 22.59, 9999.0, 9999.0, 9999.0, 23.66, 9999.0, 22.39, 9999.0, 22.61, 22.3, 22.09, 22.2, 22.14
2026-09-08, 08:03:47, 22.25, 22.32, 22.59, 22.61, 9999.0, 9999.0, 9999.0, 23.68, 9999.0, 22.43, 9999.0, 22.59, 22.3, 22.11, 22.2, 22.16
2026-09-08, 08:03:52, 22.25, 22.32, 22.61, 22.61, 9999.0, 9999.0, 9999.0, 23.73, 9999.0, 22.45, 9999.0, 22.59, 22.3, 22.11, 22.2, 22.16
2026-09-08, 08:03:56, 22.25, 22.32, 22.64, 22.61, 9999.0, 9999.0, 9999.0, 23.77, 9999.0, 22.48, 9999.0, 22.59, 22.3, 22.11, 22.23, 22.16
2026-09-08, 08:04:00, 22.25, 22.3, 22.64, 22.64, 9999.0, 9999.0, 9999.0, 23.8, 9999.0, 22.5, 9999.0, 22.57, 22.3, 22.11, 22.23, 22.18
2026-09-08, 08:04:04, 22.25, 22.3, 22.66, 22.61, 9999.0, 9999.0, 9999.0, 23.82, 9999.0, 22.52, 9999.0, 22.55, 22.3, 22.09, 22.23, 22.16
2026-09-08, 08:04:08, 22.25, 22.3, 22.68, 22.61, 9999.0, 9999.0, 9999.0, 23.84, 9999.0, 22.55, 9999.0, 22.52, 22.27, 22.09, 22.25, 22.16
2026-09-08, 08:04:12, 22.25, 22.27, 22.68, 22.61, 9999.0, 9999.0, 9999.0, 23.86, 9999.0, 22.55, 9999.0, 22.5, 22.27, 22.11, 22.25, 22.16
2026-09-08, 08:04:16, 22.25, 22.27, 22.68, 22.61, 9999.0, 9999.0, 9999.0, 23.91, 9999.0, 22.55, 9999.0, 22.48, 22.27, 22.09, 22.25, 22.16
2026-09-08, 08:04:20, 22.25, 22.27, 22.7, 22.59, 9999.0, 9999.0, 9999.0, 23.95, 9999.0, 22.52, 9999.0, 22.48, 22.25, 22.09, 22.25, 22.14
2026-09-08, 08:04:24, 22.25, 22.25, 22.7, 22.59, 9999.0, 9999.0, 9999.0, 23.98, 9999.0, 22.5, 9999.0, 22.48, 22.25, 22.09, 22.23, 22.14
2026-09-08, 08:04:28, 22.25, 22.25, 22.68, 22.59, 9999.0, 9999.0, 9999.0, 24.0, 9999.0, 22.5, 9999.0, 22.48, 22.25, 22.09, 22.23, 22.11
2026-09-08, 08:04:32, 22.25, 22.25, 22.68, 22.57, 9999.0, 9999.0, 9999.0, 23.95, 9999.0, 22.45, 9999.0, 22.5, 22.25, 22.09, 22.23, 22.09
2026-09-08, 08:04:36, 22.25, 22.25, 22.68, 22.55, 9999.0, 9999.0, 9999.0, 23.91, 9999.0, 22.43, 9999.0, 22.52, 22.27, 22.09, 22.23, 22.09
2026-09-08, 08:04:40, 22.25, 22.25, 22.68, 22.55, 9999.0, 9999.0, 9999.0, 23.86, 9999.0, 22.41, 9999.0, 22.55, 22.27, 22.09, 22.23, 22.07
2026-09-08, 08:04:44, 22.25, 22.25, 22.7, 22.52, 9999.0, 9999.0, 9999.0, 23.82, 9999.0, 22.41, 9999.0, 22.57, 22.27, 22.09, 22.23, 22.05
2026-09-08, 08:04:48, 22.25, 22.25, 22.68, 22.55, 9999.0, 9999.0, 9999.0, 23.77, 9999.0, 22.41, 9999.0, 22.59, 22.27, 22.09, 22.23, 22.07
2026-09-08, 08:04:52, 22.25, 22.25, 22.66, 22.52, 9999.0, 9999.0, 9999.0, 23.73, 9999.0, 22.41, 9999.0, 22.59, 22.27, 22.09, 22.23, 22.09
2026-09-08, 08:04:56, 22.25, 22.27, 22.66, 22.55, 9999.0, 9999.0, 9999.0, 23.7, 9999.0, 22.41, 9999.0, 22.59, 22.27, 22.09, 22.23, 22.09
2026-09-08, 08:05:00, 22.23, 22.27, 22.68, 22.57, 9999.0, 9999.0, 9999.0, 23.66, 9999.0, 22.41, 9999.0, 22.61, 22.27, 22.09, 22.23, 22.11
2026-09-08, 08:05:04, 22.23, 22.27, 22.66, 22.59, 9999.0, 9999.0, 9999.0, 23.68, 9999.0, 22.41, 9999.0, 22.61, 22.3, 22.09, 22.23, 22.14
2026-09-08, 08:05:08, 22.23, 22.27, 22.66, 22.61, 9999.0, 9999.0, 9999.0, 23.73, 9999.0, 22.43, 9999.0, 22.61, 22.3, 22.09, 22.23, 22.14
2026-09-08, 08:05:12, 22.23, 22.27, 22.66, 22.64, 9999.0, 9999.0, 9999.0, 23.77, 9999.0, 22.43, 9999.0, 22.61, 22.3, 22.07, 22.23, 22.16
2026-09-08, 08:05:16, 22.23, 22.27, 22.66, 22.66, 9999.0, 9999.0, 9999.0, 23.8, 9999.0, 22.45, 9999.0, 22.59, 22.3, 22.05, 22.23, 22.18
2026-09-08, 08:05:20, 22.23, 22.27, 22.64, 22.68, 9999.0, 9999.0, 9999.0, 23.82, 9999.0, 22.48, 9999.0, 22.57, 22.27, 22.07, 22.23, 22.2
2026-09-08, 08:05:24, 22.23, 22.27, 22.61, 22.7, 9999.0, 9999.0, 9999.0, 23.84, 9999.0, 22.48, 9999.0, 22.55, 22.3, 22.07, 22.23, 22.23
2026-09-08, 08:05:28, 22.23, 22.27, 22.59, 22.7, 9999.0, 9999.0, 9999.0, 23.86, 9999.0, 22.45, 9999.0, 22.52, 22.3, 22.07, 22.23, 22.25
2026-09-08, 08:05:32, 22.23, 22.27, 22.59, 22.7, 9999.0, 9999.0, 9999.0, 23.89, 9999.0, 22.43, 9999.0, 22.5, 22.3, 22.07, 22.2, 22.23
2026-09-08, 08:05:36, 22.23, 22.27, 22.59, 22.73, 9999.0, 9999.0, 9999.0, 23.91, 9999.0, 22.41, 9999.0, 22.5, 22.3, 22.05, 22.2, 22.23
2026-09-08, 08:05:40, 22.23, 22.25, 22.57, 22.73, 9999.0, 9999.0, 9999.0, 23.93, 9999.0, 22.39, 9999.0, 22.52, 22.3, 22.02, 22.18, 22.23
2026-09-08, 08:05:44, 22.25, 22.27, 22.55, 22.73, 9999.0, 9999.0, 9999.0, 23.95, 9999.0, 22.36, 9999.0, 22.52, 22.3, 22.05, 22.18, 22.2
2026-09-08, 08:05:48, 22.25, 22.27, 22.57, 22.7, 9999.0, 9999.0, 9999.0, 23.91, 9999.0, 22.34, 9999.0, 22.52, 22.27, 22.05, 22.16, 22.18
2026-09-08, 08:05:52, 22.25, 22.27, 22.55, 22.7, 9999.0, 9999.0, 9999.0, 23.86, 9999.0, 22.32, 9999.0, 22.55, 22.27, 22.07, 22.18, 22.16
2026-09-08, 08:05:56, 22.25, 22.27, 22.55, 22.7, 9999.0, 9999.0, 9999.0, 23.82, 9999.0, 22.3, 9999.0, 22.57, 22.27, 22.07, 22.18, 22.16
2026-09-08, 08:06:00, 22.25, 22.27, 22.55, 22.7, 9999.0, 9999.0, 9999.0, 23.8, 9999.0, 22.3, 9999.0, 22.59, 22.27, 22.09, 22.18, 22.14
2026-09-08, 08:06:04, 22.25, 22.27, 22.57, 22.7, 9999.0, 9999.0, 9999.0, 23.75, 9999.0, 22.27, 9999.0, 22.61, 22.27, 22.07, 22.18, 22.14
2026-09-08, 08:06:08, 22.25, 22.3, 22.59, 22.68, 9999.0, 9999.0, 9999.0, 23.7, 9999.0, 22.27, 9999.0, 22.61, 22.27, 22.09, 22.18, 22.14
2026-09-08, 08:06:12, 22.25, 22.3, 22.61, 22.68, 9999.0, 9999.0, 9999.0, 23.68, 9999.0, 22.3, 9999.0, 22.64, 22.27, 22.09, 22.18, 22.11
2026-09-08, 08:06:16, 22.25, 22.3, 22.61, 22.68, 9999.0, 9999.0, 9999.0, 23.66, 9999.0, 22.32, 9999.0, 22.64, 22.27, 22.09, 22.2, 22.14
2026-09-08, 08:06:20, 22.25, 22.3, 22.64, 22.68, 9999.0, 9999.0, 9999.0, 23.7, 9999.0, 22.34, 9999.0, 22.64, 22.27, 22.09, 22.2, 22.14
2026-09-08, 08:06:24, 22.25, 22.3, 22.66, 22.66, 9999.0, 9999.0, 9999.0, 23.75, 9999.0, 22.36, 9999.0, 22.61, 22.27, 22.09, 22.23, 22.11
2026-09-08, 08:06:28, 22.25, 22.27, 22.68, 22.64, 9999.0, 9999.0, 9999.0, 23.77, 9999.0, 22.39, 9999.0, 22.61, 22.27, 22.07, 22.23, 22.11
2026-09-08, 08:06:32, 22.25, 22.27, 22.68, 22.64, 9999.0, 9999.0, 9999.0, 23.8, 9999.0, 22.39, 9999.0, 22.61, 22.27, 22.07, 22.23, 22.11
2026-09-08, 08:06:36, 22.25, 22.27, 22.7, 22.61, 9999.0, 9999.0, 9999.0, 23.82, 9999.0, 22.41, 9999.0, 22.59, 22.27, 22.05, 22.23, 22.11
2026-09-08, 08:06:40, 22.25, 22.27, 22.7, 22.59, 9999.0, 9999.0, 9999.0, 23.82, 9999.0, 22.41, 9999.0, 22.57, 22.27, 22.05, 22.23, 22.11
2026-09-08, 08:06:44, 22.25, 22.27, 22.68, 22.59, 9999.0, 9999.0, 9999.0, 23.82, 9999.0, 22.39, 9999.0, 22.55, 22.27, 22.02, 22.23, 22.14
2026-09-08, 08:06:48, 22.25, 22.27, 22.68, 22.57, 9999.0, 9999.0, 9999.0, 23.84, 9999.0, 22.39, 9999.0, 22.52, 22.27, 22.02, 22.2, 22.11
2026-09-08, 08:06:52, 22.25, 22.25, 22.68, 22.57, 9999.0, 9999.0, 9999.0, 23.89, 9999.0, 22.39, 9999.0, 22.5, 22.25, 22.02, 22.2, 22.09
2026-09-08, 08:06:56, 22.25, 22.25, 22.68, 22.59, 9999.0, 9999.0, 9999.0, 23.91, 9999.0, 22.36, 9999.0, 22.45, 22.25, 22.02, 22.2, 22.11
2026-09-08, 08:07:00, 22.25, 22.25, 22.7, 22.57, 9999.0, 9999.0, 9999.0, 23.93, 9999.0, 22.34, 9999.0, 22.45, 22.25, 22.02, 22.2, 22.09
2026-09-08, 08:07:04, 22.25, 22.25, 22.68, 22.55, 9999.0, 9999.0, 9999.0, 23.89, 9999.0, 22.32, 9999.0, 22.45, 22.25, 22.05, 22.2, 22.07
2026-09-08, 08:07:08, 22.25, 22.25, 22.66, 22.57, 9999.0, 9999.0, 9999.0, 23.82, 9999.0, 22.3, 9999.0, 22.48, 22.25, 22.05, 22.2, 22.09
2026-09-08, 08:07:12, 22.25, 22.25, 22.66, 22.57, 9999.0, 9999.0, 9999.0, 23.77, 9999.0, 22.25, 9999.0, 22.5, 22.25, 22.07, 22.2, 22.11
2026-09-08, 08:07:16, 22.25, 22.25, 22.66, 22.57, 9999.0, 9999.0, 9999.0, 23.73, 9999.0, 22.23, 9999.0, 22.52, 22.25, 22.07, 22.23, 22.14
2026-09-08, 08:07:20, 22.25, 22.25, 22.64, 22.57, 9999.0, 9999.0, 9999.0, 23.68, 9999.0, 22.23, 9999.0, 22.52, 22.25, 22.09, 22.23, 22.16
2026-09-08, 08:07:24, 22.25, 22.25, 22.66, 22.59, 9999.0, 9999.0, 9999.0, 23.66, 9999.0, 22.23, 9999.0, 22.55, 22.25, 22.09, 22.2, 22.14
2026-09-08, 08:07:28, 22.25, 22.25, 22.68, 22.57, 9999.0, 9999.0, 9999.0, 23.64, 9999.0, 22.25, 9999.0, 22.57, 22.27, 22.09, 22.2, 22.14
2026-09-08, 08:07:32, 22.25, 22.25, 22.68, 22.59, 9999.0, 9999.0, 9999.0, 23.61, 9999.0, 22.27, 9999.0, 22.57, 22.3, 22.11, 22.23, 22.16
2026-09-08, 08:07:37, 22.25, 22.25, 22.68, 22.59, 9999.0, 9999.0, 9999.0, 23.57, 9999.0, 22.3, 9999.0, 22.61, 22.3, 22.09, 22.23, 22.18
2026-09-08, 08:07:41, 22.25, 22.25, 22.68, 22.57, 9999.0, 9999.0, 9999.0, 23.59, 9999.0, 22.32, 9999.0, 22.64, 22.3, 22.09, 22.2, 22.18
2026-09-08, 08:07:45, 22.25, 22.25, 22.66, 22.59, 9999.0, 9999.0, 9999.0, 23.61, 9999.0, 22.34, 9999.0, 22.64, 22.32, 22.11, 22.2, 22.2
2026-09-08, 08:07:49, 22.25, 22.25, 22.68, 22.61, 9999.0, 9999.0, 9999.0, 23.64, 9999.0, 22.36, 9999.0, 22.64, 22.32, 22.09, 22.2, 22.23
2026-09-08, 08:07:53, 22.25, 22.25, 22.68, 22.59, 9999.0, 9999.0, 9999.0, 23.68, 9999.0, 22.39, 9999.0, 22.61, 22.32, 22.09, 22.2, 22.2
2026-09-08, 08:07:57, 22.23, 22.25, 22.66, 22.61, 9999.0, 9999.0, 9999.0, 23.73, 9999.0, 22.41, 9999.0, 22.59, 22.32, 22.09, 22.2, 22.2
2026-09-08, 08:08:01, 22.23, 22.25, 22.66, 22.61, 9999.0, 9999.0, 9999.0, 23.75, 9999.0, 22.43, 9999.0, 22.57, 22.32, 22.09, 22.2, 22.2
2026-09-08, 08:08:05, 22.23, 22.25, 22.68, 22.64, 9999.0, 9999.0, 9999.0, 23.77, 9999.0, 22.41, 9999.0, 22.57, 22.32, 22.07, 22.2, 22.2
2026-09-08, 08:08:09, 22.23, 22.25, 22.68, 22.64, 9999.0, 9999.0, 9999.0, 23.8, 9999.0, 22.41, 9999.0, 22.55, 22.32, 22.09, 22.2, 22.23
2026-09-08, 08:08:13, 22.23, 22.25, 22.68, 22.66, 9999.0, 9999.0, 9999.0, 23.82, 9999.0, 22.39, 9999.0, 22.52, 22.3, 22.09, 22.2, 22.23
2026-09-08, 08:08:17, 22.23, 22.25, 22.68, 22.66, 9999.0, 9999.0, 9999.0, 23.84, 9999.0, 22.36, 9999.0, 22.52, 22.27, 22.07, 22.2, 22.23
2026-09-08, 08:08:21, 22.23, 22.25, 22.66, 22.68, 9999.0, 9999.0, 9999.0, 23.86, 9999.0, 22.32, 9999.0, 22.5, 22.27, 22.07, 22.18, 22.23
2026-09-08, 08:08:25, 22.23, 22.25, 22.64, 22.7, 9999.0, 9999.0, 9999.0, 23.82, 9999.0, 22.3, 9999.0, 22.5, 22.27, 22.09, 22.2, 22.2
2026-09-08, 08:08:29, 22.23, 22.25, 22.64, 22.7, 9999.0, 9999.0, 9999.0, 23.77, 9999.0, 22.25, 9999.0, 22.52, 22.25, 22.09, 22.18, 22.18
2026-09-08, 08:08:33, 22.23, 22.25, 22.64, 22.7, 9999.0, 9999.0, 9999.0, 23.75, 9999.0, 22.2, 9999.0, 22.55, 22.25, 22.09, 22.18, 22.18
2026-09-08, 08:08:37, 22.23, 22.25, 22.66, 22.73, 9999.0, 9999.0, 9999.0, 23.7, 9999.0, 22.18, 9999.0, 22.57, 22.25, 22.11, 22.18, 22.2
2026-09-08, 08:08:41, 22.25, 22.25, 22.68, 22.73, 9999.0, 9999.0, 9999.0, 23.66, 9999.0, 22.18, 9999.0, 22.57, 22.25, 22.09, 22.18, 22.2
2026-09-08, 08:08:45, 22.23, 22.27, 22.68, 22.73, 9999.0, 9999.0, 9999.0, 23.64, 9999.0, 22.18, 9999.0, 22.57, 22.25, 22.09, 22.18, 22.2
2026-09-08, 08:08:49, 22.23, 22.27, 22.66, 22.73, 9999.0, 9999.0, 9999.0, 23.61, 9999.0, 22.2, 9999.0, 22.57, 22.25, 22.11, 22.18, 22.18
2026-09-08, 08:08:53, 22.23, 22.27, 22.66, 22.73, 9999.0, 9999.0, 9999.0, 23.59, 9999.0, 22.2, 9999.0, 22.59, 22.25, 22.09, 22.2, 22.18
2026-09-08, 08:08:57, 22.23, 22.27, 22.66, 22.73, 9999.0, 9999.0, 9999.0, 23.64, 9999.0, 22.23, 9999.0, 22.59, 22.25, 22.09, 22.18, 22.18
2026-09-08, 08:09:01, 22.23, 22.27, 22.66, 22.73, 9999.0, 9999.0, 9999.0, 23.66, 9999.0, 22.23, 9999.0, 22.59, 22.27, 22.09, 22.18, 22.18
2026-09-08, 08:09:05, 22.23, 22.27, 22.68, 22.73, 9999.0, 9999.0, 9999.0, 23.68, 9999.0, 22.27, 9999.0, 22.59, 22.27, 22.09, 22.2, 22.18
2026-09-08, 08:09:09, 22.23, 22.27, 22.7, 22.73, 9999.0, 9999.0, 9999.0, 23.73, 9999.0, 22.27, 9999.0, 22.59, 22.27, 22.09, 22.2, 22.2
2026-09-08, 08:09:13, 22.23, 22.27, 22.73, 22.73, 9999.0, 9999.0, 9999.0, 23.77, 9999.0, 22.3, 9999.0, 22.57, 22.27, 22.07, 22.23, 22.23
2026-09-08, 08:09:17, 22.23, 22.27, 22.7, 22.73, 9999.0, 9999.0, 9999.0, 23.77, 9999.0, 22.32, 9999.0, 22.55, 22.27, 22.07, 22.23, 22.23
2026-09-08, 08:09:21, 22.23, 22.27, 22.68, 22.73, 9999.0, 9999.0, 9999.0, 23.8, 9999.0, 22.32, 9999.0, 22.52, 22.27, 22.05, 22.23, 22.2
2026-09-08, 08:09:25, 22.23, 22.27, 22.68, 22.73, 9999.0, 9999.0, 9999.0, 23.82, 9999.0, 22.32, 9999.0, 22.52, 22.27, 22.05, 22.23, 22.2
2026-09-08, 08:09:29, 22.23, 22.25, 22.68, 22.75, 9999.0, 9999.0, 9999.0, 23.84, 9999.0, 22.3, 9999.0, 22.52, 22.27, 22.07, 22.2, 22.2
2026-09-08, 08:09:33, 22.23, 22.25, 22.7, 22.73, 9999.0, 9999.0, 9999.0, 23.86, 9999.0, 22.27, 9999.0, 22.52, 22.27, 22.05, 22.18, 22.23
2026-09-08, 08:09:37, 22.23, 22.25, 22.7, 22.73, 9999.0, 9999.0, 9999.0, 23.89, 9999.0, 22.27, 9999.0, 22.5, 22.27, 22.05, 22.16, 22.23
2026-09-08, 08:09:41, 22.23, 22.25, 22.68, 22.73, 9999.0, 9999.0, 9999.0, 23.82, 9999.0, 22.23, 9999.0, 22.5, 22.27, 22.07, 22.18, 22.23
2026-09-08, 08:09:45, 22.23, 22.25, 22.66, 22.73, 9999.0, 9999.0, 9999.0, 23.77, 9999.0, 22.2, 9999.0, 22.52, 22.27, 22.09, 22.18, 22.2
2026-09-08, 08:09:49, 22.23, 22.27, 22.66, 22.73, 9999.0, 9999.0, 9999.0, 23.73, 9999.0, 22.16, 9999.0, 22.55, 22.27, 22.09, 22.18, 22.2
2026-09-08, 08:09:53, 22.23, 22.27, 22.66, 22.73, 9999.0, 9999.0, 9999.0, 23.68, 9999.0, 22.14, 9999.0, 22.57, 22.3, 22.09, 22.18, 22.2
2026-09-08, 08:09:57, 22.23, 22.27, 22.66, 22.73, 9999.0, 9999.0, 9999.0, 23.64, 9999.0, 22.14, 9999.0, 22.59, 22.3, 22.11, 22.18, 22.2
2026-09-08, 08:10:01, 22.23, 22.3, 22.68, 22.73, 9999.0, 9999.0, 9999.0, 23.61, 9999.0, 22.14, 9999.0, 22.59, 22.3, 22.11, 22.18, 22.2
2026-09-08, 08:10:05, 22.23, 22.3, 22.7, 22.73, 9999.0, 9999.0, 9999.0, 23.59, 9999.0, 22.14, 9999.0, 22.61, 22.3, 22.11, 22.18, 22.23
2026-09-08, 08:10:09, 22.23, 22.3, 22.68, 22.73, 9999.0, 9999.0, 9999.0, 23.57, 9999.0, 22.16, 9999.0, 22.61, 22.32, 22.11, 22.18, 22.23
2026-09-08, 08:10:13, 22.25, 22.3, 22.66, 22.73, 9999.0, 9999.0, 9999.0, 23.52, 9999.0, 22.18, 9999.0, 22.61, 22.32, 22.09, 22.2, 22.23
2026-09-08, 08:10:17, 22.25, 22.32, 22.66, 22.75, 9999.0, 9999.0, 9999.0, 23.57, 9999.0, 22.18, 9999.0, 22.64, 22.32, 22.11, 22.23, 22.23
2026-09-08, 08:10:21, 22.25, 22.32, 22.66, 22.73, 9999.0, 9999.0, 9999.0, 23.61, 9999.0, 22.18, 9999.0, 22.64, 22.32, 22.11, 22.25, 22.23
2026-09-08, 08:10:25, 22.25, 22.32, 22.68, 22.7, 9999.0, 9999.0, 9999.0, 23.66, 9999.0, 22.2, 9999.0, 22.64, 22.32, 22.09, 22.25, 22.23
2026-09-08, 08:10:29, 22.25, 22.32, 22.7, 22.7, 9999.0, 9999.0, 9999.0, 23.7, 9999.0, 22.23, 9999.0, 22.61, 22.3, 22.07, 22.25, 22.25
2026-09-08, 08:10:33, 22.25, 22.3, 22.7, 22.7, 9999.0, 9999.0, 9999.0, 23.73, 9999.0, 22.25, 9999.0, 22.59, 22.3, 22.07, 22.25, 22.25
2026-09-08, 08:10:37, 22.25, 22.3, 22.7, 22.7, 9999.0, 9999.0, 9999.0, 23.75, 9999.0, 22.25, 9999.0, 22.57, 22.27, 22.05, 22.25, 22.25
2026-09-08, 08:10:41, 22.25, 22.3, 22.7, 22.7, 9999.0, 9999.0, 9999.0, 23.77, 9999.0, 22.23, 9999.0, 22.55, 22.27, 22.05, 22.25, 22.25
2026-09-08, 08:10:45, 22.25, 22.27, 22.68, 22.7, 9999.0, 9999.0, 9999.0, 23.8, 9999.0, 22.2, 9999.0, 22.55, 22.27, 22.07, 22.25, 22.25
2026-09-08, 08:10:49, 22.25, 22.27, 22.68, 22.7, 9999.0, 9999.0, 9999.0, 23.82, 9999.0, 22.18, 9999.0, 22.52, 22.27, 22.07, 22.25, 22.25
2026-09-08, 08:10:53, 22.25, 22.27, 22.7, 22.7, 9999.0, 9999.0, 9999.0, 23.84, 9999.0, 22.14, 9999.0, 22.55, 22.25, 22.09, 22.25, 22.25
2026-09-08, 08:10:57, 22.25, 22.27, 22.73, 22.7, 9999.0, 9999.0, 9999.0, 23.86, 9999.0, 22.11, 9999.0, 22.57, 22.25, 22.09, 22.25, 22.25
2026-09-08, 08:11:01, 22.25, 22.25, 22.73, 22.7, 9999.0, 9999.0, 9999.0, 23.8, 9999.0, 22.09, 9999.0, 22.57, 22.25, 22.07, 22.25, 22.25
2026-09-08, 08:11:05, 22.25, 22.25, 22.73, 22.7, 9999.0, 9999.0, 9999.0, 23.73, 9999.0, 22.07, 9999.0, 22.59, 22.27, 22.07, 22.25, 22.23
2026-09-08, 08:11:09, 22.25, 22.25, 22.73, 22.73, 9999.0, 9999.0, 9999.0, 23.68, 9999.0, 22.05, 9999.0, 22.61, 22.27, 22.09, 22.25, 22.23
2026-09-08, 08:11:13, 22.25, 22.25, 22.7, 22.73, 9999.0, 9999.0, 9999.0, 23.64, 9999.0, 22.05, 9999.0, 22.64, 22.27, 22.11, 22.25, 22.23
2026-09-08, 08:11:17, 22.25, 22.25, 22.7, 22.73, 9999.0, 9999.0, 9999.0, 23.61, 9999.0, 22.05, 9999.0, 22.66, 22.27, 22.11, 22.25, 22.23
2026-09-08, 08:11:22, 22.25, 22.25, 22.7, 22.73, 9999.0, 9999.0, 9999.0, 23.57, 9999.0, 22.07, 9999.0, 22.68, 22.3, 22.11, 22.25, 22.23
2026-09-08, 08:11:26, 22.25, 22.25, 22.7, 22.73, 9999.0, 9999.0, 9999.0, 23.52, 9999.0, 22.11, 9999.0, 22.7, 22.32, 22.09, 22.25, 22.2
2026-09-08, 08:11:30, 22.25, 22.25, 22.73, 22.73, 9999.0, 9999.0, 9999.0, 23.48, 9999.0, 22.14, 9999.0, 22.73, 22.32, 22.07, 22.25, 22.2
2026-09-08, 08:11:34, 22.25, 22.25, 22.73, 22.73, 9999.0, 9999.0, 9999.0, 23.5, 9999.0, 22.16, 9999.0, 22.73, 22.34, 22.07, 22.25, 22.2
2026-09-08, 08:11:38, 22.25, 22.27, 22.73, 22.73, 9999.0, 9999.0, 9999.0, 23.52, 9999.0, 22.18, 9999.0, 22.7, 22.34, 22.07, 22.25, 22.2
2026-09-08, 08:11:42, 22.25, 22.27, 22.73, 22.73, 9999.0, 9999.0, 9999.0, 23.57, 9999.0, 22.18, 9999.0, 22.7, 22.34, 22.07, 22.25, 22.2
2026-09-08, 08:11:46, 22.25, 22.27, 22.73, 22.73, 9999.0, 9999.0, 9999.0, 23.61, 9999.0, 22.2, 9999.0, 22.68, 22.34, 22.07, 22.25, 22.2
2026-09-08, 08:11:50, 22.25, 22.27, 22.73, 22.73, 9999.0, 9999.0, 9999.0, 23.66, 9999.0, 22.23, 9999.0, 22.66, 22.34, 22.07, 22.25, 22.23
2026-09-08, 08:11:54, 22.25, 22.27, 22.73, 22.73, 9999.0, 9999.0, 9999.0, 23.68, 9999.0, 22.25, 9999.0, 22.64, 22.34, 22.07, 22.25, 22.23
2026-09-08, 08:11:58, 22.25, 22.27, 22.75, 22.73, 9999.0, 9999.0, 9999.0, 23.7, 9999.0, 22.23, 9999.0, 22.61, 22.34, 22.05, 22.25, 22.23
2026-09-08, 08:12:02, 22.25, 22.27, 22.73, 22.73, 9999.0, 9999.0, 9999.0, 23.73, 9999.0, 22.2, 9999.0, 22.59, 22.34, 22.05, 22.25, 22.23
2026-09-08, 08:12:06, 22.23, 22.27, 22.73, 22.73, 9999.0, 9999.0, 9999.0, 23.77, 9999.0, 22.18, 9999.0, 22.57, 22.32, 22.07, 22.25, 22.23
2026-09-08, 08:12:10, 22.2, 22.27, 22.73, 22.7, 9999.0, 9999.0, 9999.0, 23.82, 9999.0, 22.14, 9999.0, 22.55, 22.3, 22.09, 22.25, 22.25
2026-09-08, 08:12:14, 22.2, 22.27, 22.73, 22.7, 9999.0, 9999.0, 9999.0, 23.84, 9999.0, 22.11, 9999.0, 22.52, 22.3, 22.11, 22.25, 22.25
2026-09-08, 08:12:18, 22.2, 22.27, 22.73, 22.7, 9999.0, 9999.0, 9999.0, 23.8, 9999.0, 22.09, 9999.0, 22.55, 22.27, 22.11, 22.25, 22.25
2026-09-08, 08:12:22, 22.2, 22.25, 22.73, 22.7, 9999.0, 9999.0, 9999.0, 23.75, 9999.0, 22.07, 9999.0, 22.57, 22.27, 22.11, 22.25, 22.25
2026-09-08, 08:12:26, 22.2, 22.25, 22.73, 22.7, 9999.0, 9999.0, 9999.0, 23.7, 9999.0, 22.07, 9999.0, 22.57, 22.27, 22.14, 22.25, 22.25
2026-09-08, 08:12:30, 22.2, 22.25, 22.73, 22.7, 9999.0, 9999.0, 9999.0, 23.66, 9999.0, 22.07, 9999.0, 22.59, 22.27, 22.16, 22.23, 22.25
2026-09-08, 08:12:34, 22.2, 22.25, 22.73, 22.73, 9999.0, 9999.0, 9999.0, 23.59, 9999.0, 22.07, 9999.0, 22.61, 22.25, 22.18, 22.23, 22.25
2026-09-08, 08:12:38, 22.2, 22.25, 22.73, 22.73, 9999.0, 9999.0, 9999.0, 23.55, 9999.0, 22.07, 9999.0, 22.64, 22.27, 22.18, 22.23, 22.25
2026-09-08, 08:12:42, 22.2, 22.25, 22.73, 22.73, 9999.0, 9999.0, 9999.0, 23.5, 9999.0, 22.09, 9999.0, 22.66, 22.27, 22.2, 22.23, 22.25
2026-09-08, 08:12:46, 22.2, 22.25, 22.75, 22.73, 9999.0, 9999.0, 9999.0, 23.45, 9999.0, 22.11, 9999.0, 22.66, 22.3, 22.23, 22.23, 22.25
2026-09-08, 08:12:50, 22.23, 22.25, 22.75, 22.73, 9999.0, 9999.0, 9999.0, 23.41, 9999.0, 22.14, 9999.0, 22.66, 22.3, 22.2, 22.23, 22.25
2026-09-08, 08:12:54, 22.25, 22.25, 22.75, 22.75, 9999.0, 9999.0, 9999.0, 23.43, 9999.0, 22.14, 9999.0, 22.66, 22.32, 22.18, 22.23, 22.25
2026-09-08, 08:12:58, 22.25, 22.25, 22.75, 22.75, 9999.0, 9999.0, 9999.0, 23.48, 9999.0, 22.14, 9999.0, 22.66, 22.34, 22.16, 22.23, 22.25
2026-09-08, 08:13:02, 22.25, 22.25, 22.75, 22.75, 9999.0, 9999.0, 9999.0, 23.5, 9999.0, 22.14, 9999.0, 22.64, 22.34, 22.16, 22.23, 22.25
2026-09-08, 08:13:06, 22.25, 22.25, 22.75, 22.75, 9999.0, 9999.0, 9999.0, 23.52, 9999.0, 22.14, 9999.0, 22.61, 22.34, 22.14, 22.23, 22.25
2026-09-08, 08:13:10, 22.25, 22.25, 22.73, 22.75, 9999.0, 9999.0, 9999.0, 23.55, 9999.0, 22.14, 9999.0, 22.59, 22.34, 22.11, 22.23, 22.25
2026-09-08, 08:13:14, 22.25, 22.25, 22.73, 22.75, 9999.0, 9999.0, 9999.0, 23.55, 9999.0, 22.11, 9999.0, 22.57, 22.34, 22.11, 22.25, 22.25
2026-09-08, 08:13:18, 22.25, 22.25, 22.73, 22.75, 9999.0, 9999.0, 9999.0, 23.59, 9999.0, 22.09, 9999.0, 22.55, 22.34, 22.09, 22.25, 22.25
2026-09-08, 08:13:22, 22.25, 22.25, 22.73, 22.75, 9999.0, 9999.0, 9999.0, 23.64, 9999.0, 22.07, 9999.0, 22.52, 22.32, 22.09, 22.25, 22.25
2026-09-08, 08:13:26, 22.25, 22.25, 22.7, 22.73, 9999.0, 9999.0, 9999.0, 23.68, 9999.0, 22.05, 9999.0, 22.5, 22.32, 22.07, 22.25, 22.25
2026-09-08, 08:13:30, 22.25, 22.25, 22.7, 22.7, 9999.0, 9999.0, 9999.0, 23.7, 9999.0, 22.02, 9999.0, 22.5, 22.3, 22.05, 22.25, 22.25
2026-09-08, 08:13:34, 22.25, 22.25, 22.7, 22.7, 9999.0, 9999.0, 9999.0, 23.73, 9999.0, 22.0, 9999.0, 22.5, 22.3, 22.05, 22.25, 22.25
2026-09-08, 08:13:38, 22.25, 22.25, 22.7, 22.68, 9999.0, 9999.0, 9999.0, 23.66, 9999.0, 22.0, 9999.0, 22.52, 22.27, 22.07, 22.25, 22.25
2026-09-08, 08:13:42, 22.25, 22.25, 22.7, 22.68, 9999.0, 9999.0, 9999.0, 23.59, 9999.0, 21.98, 9999.0, 22.55, 22.25, 22.09, 22.25, 22.25
2026-09-08, 08:13:46, 22.25, 22.25, 22.7, 22.68, 9999.0, 9999.0, 9999.0, 23.55, 9999.0, 21.95, 9999.0, 22.57, 22.25, 22.09, 22.25, 22.25
2026-09-08, 08:13:50, 22.25, 22.25, 22.68, 22.68, 9999.0, 9999.0, 9999.0, 23.5, 9999.0, 21.95, 9999.0, 22.59, 22.25, 22.09, 22.25, 22.25
2026-09-08, 08:13:54, 22.25, 22.25, 22.7, 22.68, 9999.0, 9999.0, 9999.0, 23.45, 9999.0, 21.95, 9999.0, 22.61, 22.25, 22.11, 22.25, 22.25
2026-09-08, 08:13:58, 22.25, 22.25, 22.7, 22.68, 9999.0, 9999.0, 9999.0, 23.43, 9999.0, 21.98, 9999.0, 22.64, 22.25, 22.11, 22.25, 22.25
2026-09-08, 08:14:02, 22.25, 22.25, 22.7, 22.68, 9999.0, 9999.0, 9999.0, 23.39, 9999.0, 22.0, 9999.0, 22.66, 22.27, 22.11, 22.25, 22.25
2026-09-08, 08:14:06, 22.25, 22.25, 22.7, 22.68, 9999.0, 9999.0, 9999.0, 23.34, 9999.0, 22.02, 9999.0, 22.68, 22.3, 22.11, 22.25, 22.25
2026-09-08, 08:14:10, 22.25, 22.25, 22.73, 22.7, 9999.0, 9999.0, 9999.0, 23.36, 9999.0, 22.05, 9999.0, 22.68, 22.32, 22.14, 22.25, 22.25
2026-09-08, 08:14:14, 22.25, 22.25, 22.73, 22.73, 9999.0, 9999.0, 9999.0, 23.41, 9999.0, 22.07, 9999.0, 22.68, 22.34, 22.16, 22.25, 22.25
2026-09-08, 08:14:18, 22.25, 22.25, 22.73, 22.73, 9999.0, 9999.0, 9999.0, 23.43, 9999.0, 22.09, 9999.0, 22.68, 22.34, 22.16, 22.25, 22.25
2026-09-08, 08:14:22, 22.25, 22.25, 22.73, 22.75, 9999.0, 9999.0, 9999.0, 23.48, 9999.0, 22.09, 9999.0, 22.66, 22.34, 22.14, 22.25, 22.25
2026-09-08, 08:14:26, 22.25, 22.25, 22.7, 22.75, 9999.0, 9999.0, 9999.0, 23.52, 9999.0, 22.11, 9999.0, 22.64, 22.34, 22.14, 22.25, 22.25
2026-09-08, 08:14:30, 22.25, 22.25, 22.7, 22.75, 9999.0, 9999.0, 9999.0, 23.55, 9999.0, 22.14, 9999.0, 22.61, 22.34, 22.14, 22.25, 22.25
2026-09-08, 08:14:34, 22.25, 22.25, 22.73, 22.75, 9999.0, 9999.0, 9999.0, 23.57, 9999.0, 22.14, 9999.0, 22.59, 22.34, 22.16, 22.25, 22.25
2026-09-08, 08:14:38, 22.25, 22.25, 22.7, 22.75, 9999.0, 9999.0, 9999.0, 23.59, 9999.0, 22.14, 9999.0, 22.57, 22.34, 22.14, 22.25, 22.25
2026-09-08, 08:14:42, 22.25, 22.25, 22.7, 22.75, 9999.0, 9999.0, 9999.0, 23.61, 9999.0, 22.11, 9999.0, 22.55, 22.34, 22.14, 22.25, 22.25
2026-09-08, 08:14:46, 22.25, 22.25, 22.7, 22.75, 9999.0, 9999.0, 9999.0, 23.64, 9999.0, 22.09, 9999.0, 22.55, 22.32, 22.16, 22.25, 22.25
2026-09-08, 08:14:50, 22.25, 22.25, 22.7, 22.75, 9999.0, 9999.0, 9999.0, 23.66, 9999.0, 22.07, 9999.0, 22.52, 22.3, 22.16, 22.25, 22.25
2026-09-08, 08:14:54, 22.25, 22.25, 22.7, 22.75, 9999.0, 9999.0, 9999.0, 23.61, 9999.0, 22.05, 9999.0, 22.55, 22.27, 22.16, 22.25, 22.25
2026-09-08, 08:14:58, 22.25, 22.25, 22.7, 22.75, 9999.0, 9999.0, 9999.0, 23.57, 9999.0, 22.02, 9999.0, 22.57, 22.25, 22.16, 22.25, 22.25
2026-09-08, 08:15:03, 22.25, 22.25, 22.7, 22.75, 9999.0, 9999.0, 9999.0, 23.52, 9999.0, 22.0, 9999.0, 22.59, 22.25, 22.18, 22.25, 22.25
2026-09-08, 08:15:07, 22.25, 22.25, 22.7, 22.75, 9999.0, 9999.0, 9999.0, 23.5, 9999.0, 22.02, 9999.0, 22.61, 22.27, 22.2, 22.25, 22.25
2026-09-08, 08:15:11, 22.25, 22.25, 22.7, 22.75, 9999.0, 9999.0, 9999.0, 23.45, 9999.0, 22.05, 9999.0, 22.61, 22.27, 22.2, 22.25, 22.25
2026-09-08, 08:15:15, 22.25, 22.27, 22.68, 22.75, 9999.0, 9999.0, 9999.0, 23.43, 9999.0, 22.07, 9999.0, 22.64, 22.3, 22.23, 22.25, 22.25
2026-09-08, 08:15:19, 22.25, 22.27, 22.68, 22.73, 9999.0, 9999.0, 9999.0, 23.41, 9999.0, 22.11, 9999.0, 22.66, 22.32, 22.23, 22.25, 22.25
2026-09-08, 08:15:23, 22.25, 22.27, 22.7, 22.7, 9999.0, 9999.0, 9999.0, 23.39, 9999.0, 22.16, 9999.0, 22.68, 22.34, 22.23, 22.25, 22.25
2026-09-08, 08:15:27, 22.25, 22.27, 22.68, 22.7, 9999.0, 9999.0, 9999.0, 23.43, 9999.0, 22.2, 9999.0, 22.68, 22.36, 22.23, 22.25, 22.25
2026-09-08, 08:15:31, 22.25, 22.27, 22.68, 22.7, 9999.0, 9999.0, 9999.0, 23.48, 9999.0, 22.23, 9999.0, 22.66, 22.39, 22.23, 22.25, 22.25
2026-09-08, 08:15:35, 22.25, 22.27, 22.66, 22.7, 9999.0, 9999.0, 9999.0, 23.52, 9999.0, 22.25, 9999.0, 22.66, 22.41, 22.2, 22.25, 22.25
2026-09-08, 08:15:39, 22.25, 22.27, 22.66, 22.7, 9999.0, 9999.0, 9999.0, 23.55, 9999.0, 22.27, 9999.0, 22.64, 22.43, 22.2, 22.25, 22.25
2026-09-08, 08:15:43, 22.25, 22.27, 22.66, 22.7, 9999.0, 9999.0, 9999.0, 23.57, 9999.0, 22.3, 9999.0, 22.61, 22.43, 22.2, 22.25, 22.25
2026-09-08, 08:15:47, 22.25, 22.27, 22.66, 22.7, 9999.0, 9999.0, 9999.0, 23.61, 9999.0, 22.32, 9999.0, 22.59, 22.43, 22.2, 22.25, 22.25
2026-09-08, 08:15:51, 22.25, 22.27, 22.66, 22.7, 9999.0, 9999.0, 9999.0, 23.64, 9999.0, 22.32, 9999.0, 22.57, 22.41, 22.2, 22.25, 22.25
2026-09-08, 08:15:55, 22.25, 22.27, 22.66, 22.7, 9999.0, 9999.0, 9999.0, 23.66, 9999.0, 22.32, 9999.0, 22.57, 22.41, 22.18, 22.25, 22.25
2026-09-08, 08:15:59, 22.25, 22.25, 22.68, 22.7, 9999.0, 9999.0, 9999.0, 23.68, 9999.0, 22.3, 9999.0, 22.55, 22.39, 22.18, 22.25, 22.25
2026-09-08, 08:16:03, 22.25, 22.25, 22.68, 22.73, 9999.0, 9999.0, 9999.0, 23.7, 9999.0, 22.27, 9999.0, 22.55, 22.36, 22.18, 22.25, 22.25
2026-09-08, 08:16:07, 22.25, 22.25, 22.68, 22.75, 9999.0, 9999.0, 9999.0, 23.73, 9999.0, 22.25, 9999.0, 22.55, 22.34, 22.18, 22.25, 22.25
2026-09-08, 08:16:11, 22.25, 22.25, 22.7, 22.75, 9999.0, 9999.0, 9999.0, 23.68, 9999.0, 22.23, 9999.0, 22.55, 22.32, 22.18, 22.25, 22.25
2026-09-08, 08:16:15, 22.25, 22.25, 22.7, 22.75, 9999.0, 9999.0, 9999.0, 23.64, 9999.0, 22.23, 9999.0, 22.57, 22.3, 22.18, 22.25, 22.25
2026-09-08, 08:16:19, 22.25, 22.25, 22.73, 22.75, 9999.0, 9999.0, 9999.0, 23.57, 9999.0, 22.23, 9999.0, 22.59, 22.3, 22.2, 22.25, 22.25
2026-09-08, 08:16:23, 22.25, 22.25, 22.73, 22.73, 9999.0, 9999.0, 9999.0, 23.52, 9999.0, 22.23, 9999.0, 22.61, 22.27, 22.2, 22.25, 22.25
2026-09-08, 08:16:27, 22.25, 22.25, 22.73, 22.73, 9999.0, 9999.0, 9999.0, 23.48, 9999.0, 22.23, 9999.0, 22.64, 22.27, 22.2, 22.25, 22.25
2026-09-08, 08:16:31, 22.25, 22.25, 22.73, 22.73, 9999.0, 9999.0, 9999.0, 23.43, 9999.0, 22.23, 9999.0, 22.66, 22.27, 22.18, 22.25, 22.25
2026-09-08, 08:16:35, 22.25, 22.25, 22.73, 22.73, 9999.0, 9999.0, 9999.0, 23.41, 9999.0, 22.25, 9999.0, 22.68, 22.3, 22.18, 22.25, 22.25
2026-09-08, 08:16:39, 22.25, 22.25, 22.75, 22.73, 9999.0, 9999.0, 9999.0, 23.39, 9999.0, 22.25, 9999.0, 22.68, 22.32, 22.2, 22.25, 22.25
2026-09-08, 08:16:43, 22.25, 22.25, 22.75, 22.73, 9999.0, 9999.0, 9999.0, 23.36, 9999.0, 22.27, 9999.0, 22.68, 22.32, 22.2, 22.25, 22.25
2026-09-08, 08:16:47, 22.25, 22.25, 22.75, 22.73, 9999.0, 9999.0, 9999.0, 23.41, 9999.0, 22.27, 9999.0, 22.66, 22.34, 22.2, 22.25, 22.25
2026-09-08, 08:16:51, 22.25, 22.25, 22.75, 22.73, 9999.0, 9999.0, 9999.0, 23.45, 9999.0, 22.27, 9999.0, 22.64, 22.36, 22.23, 22.25, 22.25
2026-09-08, 08:16:55, 22.23, 22.25, 22.75, 22.73, 9999.0, 9999.0, 9999.0, 23.48, 9999.0, 22.27, 9999.0, 22.64, 22.39, 22.23, 22.25, 22.25
2026-09-08, 08:16:59, 22.23, 22.27, 22.75, 22.73, 9999.0, 9999.0, 9999.0, 23.5, 9999.0, 22.27, 9999.0, 22.61, 22.41, 22.23, 22.25, 22.25
2026-09-08, 08:17:03, 22.23, 22.3, 22.73, 22.73, 9999.0, 9999.0, 9999.0, 23.55, 9999.0, 22.27, 9999.0, 22.59, 22.41, 22.2, 22.23, 22.25
2026-09-08, 08:17:07, 22.23, 22.3, 22.73, 22.75, 9999.0, 9999.0, 9999.0, 23.57, 9999.0, 22.27, 9999.0, 22.57, 22.41, 22.18, 22.23, 22.25
2026-09-08, 08:17:11, 22.23, 22.3, 22.73, 22.73, 9999.0, 9999.0, 9999.0, 23.61, 9999.0, 22.25, 9999.0, 22.55, 22.41, 22.18, 22.23, 22.25
2026-09-08, 08:17:15, 22.23, 22.3, 22.73, 22.7, 9999.0, 9999.0, 9999.0, 23.66, 9999.0, 22.25, 9999.0, 22.52, 22.41, 22.2, 22.23, 22.25
2026-09-08, 08:17:19, 22.23, 22.3, 22.73, 22.68, 9999.0, 9999.0, 9999.0, 23.68, 9999.0, 22.23, 9999.0, 22.5, 22.39, 22.2, 22.23, 22.25
2026-09-08, 08:17:23, 22.23, 22.3, 22.73, 22.68, 9999.0, 9999.0, 9999.0, 23.7, 9999.0, 22.23, 9999.0, 22.52, 22.36, 22.18, 22.23, 22.25
2026-09-08, 08:17:27, 22.23, 22.3, 22.73, 22.68, 9999.0, 9999.0, 9999.0, 23.73, 9999.0, 22.23, 9999.0, 22.55, 22.39, 22.16, 22.23, 22.25
2026-09-08, 08:17:31, 22.23, 22.3, 22.73, 22.66, 9999.0, 9999.0, 9999.0, 23.68, 9999.0, 22.2, 9999.0, 22.57, 22.39, 22.16, 22.23, 22.25
2026-09-08, 08:17:35, 22.23, 22.3, 22.73, 22.66, 9999.0, 9999.0, 9999.0, 23.64, 9999.0, 22.18, 9999.0, 22.59, 22.39, 22.16, 22.23, 22.25
2026-09-08, 08:17:39, 22.25, 22.3, 22.73, 22.66, 9999.0, 9999.0, 9999.0, 23.61, 9999.0, 22.18, 9999.0, 22.61, 22.39, 22.14, 22.23, 22.25
2026-09-08, 08:17:43, 22.25, 22.27, 22.73, 22.66, 9999.0, 9999.0, 9999.0, 23.59, 9999.0, 22.2, 9999.0, 22.61, 22.39, 22.14, 22.23, 22.25
2026-09-08, 08:17:47, 22.25, 22.25, 22.75, 22.66, 9999.0, 9999.0, 9999.0, 23.57, 9999.0, 22.2, 9999.0, 22.61, 22.36, 22.16, 22.25, 22.25
2026-09-08, 08:17:51, 22.25, 22.25, 22.75, 22.64, 9999.0, 9999.0, 9999.0, 23.55, 9999.0, 22.23, 9999.0, 22.61, 22.39, 22.18, 22.25, 22.25
2026-09-08, 08:17:55, 22.25, 22.25, 22.75, 22.66, 9999.0, 9999.0, 9999.0, 23.52, 9999.0, 22.27, 9999.0, 22.61, 22.39, 22.16, 22.25, 22.25
2026-09-08, 08:17:59, 22.25, 22.27, 22.75, 22.68, 9999.0, 9999.0, 9999.0, 23.48, 9999.0, 22.3, 9999.0, 22.61, 22.41, 22.14, 22.25, 22.25
2026-09-08, 08:18:03, 22.25, 22.27, 22.73, 22.7, 9999.0, 9999.0, 9999.0, 23.5, 9999.0, 22.32, 9999.0, 22.61, 22.41, 22.11, 22.25, 22.25
2026-09-08, 08:18:07, 22.25, 22.27, 22.7, 22.7, 9999.0, 9999.0, 9999.0, 23.55, 9999.0, 22.34, 9999.0, 22.59, 22.43, 22.14, 22.25, 22.25
2026-09-08, 08:18:11, 22.25, 22.27, 22.7, 22.7, 9999.0, 9999.0, 9999.0, 23.59, 9999.0, 22.34, 9999.0, 22.57, 22.43, 22.14, 22.25, 22.25
2026-09-08, 08:18:15, 22.25, 22.27, 22.7, 22.73, 9999.0, 9999.0, 9999.0, 23.61, 9999.0, 22.36, 9999.0, 22.55, 22.41, 22.11, 22.25, 22.25
2026-09-08, 08:18:19, 22.25, 22.27, 22.7, 22.73, 9999.0, 9999.0, 9999.0, 23.64, 9999.0, 22.39, 9999.0, 22.52, 22.41, 22.09, 22.25, 22.25
2026-09-08, 08:18:23, 22.25, 22.27, 22.68, 22.7, 9999.0, 9999.0, 9999.0, 23.66, 9999.0, 22.39, 9999.0, 22.5, 22.39, 22.11, 22.25, 22.25
2026-09-08, 08:18:27, 22.25, 22.3, 22.68, 22.68, 9999.0, 9999.0, 9999.0, 23.68, 9999.0, 22.36, 9999.0, 22.5, 22.36, 22.11, 22.25, 22.25
2026-09-08, 08:18:31, 22.25, 22.3, 22.68, 22.68, 9999.0, 9999.0, 9999.0, 23.7, 9999.0, 22.36, 9999.0, 22.5, 22.36, 22.11, 22.25, 22.25
2026-09-08, 08:18:35, 22.25, 22.3, 22.68, 22.7, 9999.0, 9999.0, 9999.0, 23.75, 9999.0, 22.34, 9999.0, 22.5, 22.34, 22.11, 22.25, 22.25
2026-09-08, 08:18:39, 22.25, 22.3, 22.68, 22.7, 9999.0, 9999.0, 9999.0, 23.77, 9999.0, 22.32, 9999.0, 22.52, 22.34, 22.11, 22.25, 22.25
2026-09-08, 08:18:43, 22.25, 22.27, 22.66, 22.7, 9999.0, 9999.0, 9999.0, 23.82, 9999.0, 22.3, 9999.0, 22.55, 22.32, 22.14, 22.25, 22.25
2026-09-08, 08:18:47, 22.25, 22.27, 22.68, 22.7, 9999.0, 9999.0, 9999.0, 23.8, 9999.0, 22.27, 9999.0, 22.57, 22.32, 22.16, 22.25, 22.25
2026-09-08, 08:18:52, 22.25, 22.27, 22.7, 22.7, 9999.0, 9999.0, 9999.0, 23.75, 9999.0, 22.25, 9999.0, 22.59, 22.3, 22.16, 22.25, 22.25
2026-09-08, 08:18:56, 22.25, 22.27, 22.7, 22.7, 9999.0, 9999.0, 9999.0, 23.7, 9999.0, 22.23, 9999.0, 22.61, 22.3, 22.16, 22.25, 22.25
2026-09-08, 08:19:00, 22.25, 22.27, 22.7, 22.7, 9999.0, 9999.0, 9999.0, 23.68, 9999.0, 22.25, 9999.0, 22.64, 22.3, 22.16, 22.25, 22.25
2026-09-08, 08:19:04, 22.25, 22.3, 22.68, 22.7, 9999.0, 9999.0, 9999.0, 23.66, 9999.0, 22.25, 9999.0, 22.66, 22.3, 22.18, 22.25, 22.25
2026-09-08, 08:19:08, 22.25, 22.3, 22.7, 22.73, 9999.0, 9999.0, 9999.0, 23.64, 9999.0, 22.27, 9999.0, 22.68, 22.32, 22.18, 22.25, 22.25
2026-09-08, 08:19:12, 22.25, 22.3, 22.7, 22.75, 9999.0, 9999.0, 9999.0, 23.59, 9999.0, 22.3, 9999.0, 22.68, 22.34, 22.16, 22.25, 22.25
2026-09-08, 08:19:16, 22.25, 22.3, 22.7, 22.75, 9999.0, 9999.0, 9999.0, 23.55, 9999.0, 22.32, 9999.0, 22.7, 22.34, 22.16, 22.25, 22.25
2026-09-08, 08:19:20, 22.25, 22.32, 22.7, 22.75, 9999.0, 9999.0, 9999.0, 23.57, 9999.0, 22.34, 9999.0, 22.7, 22.36, 22.14, 22.25, 22.25
2026-09-08, 08:19:24, 22.25, 22.34, 22.7, 22.73, 9999.0, 9999.0, 9999.0, 23.59, 9999.0, 22.36, 9999.0, 22.68, 22.36, 22.14, 22.25, 22.25
2026-09-08, 08:19:28, 22.25, 22.34, 22.73, 22.73, 9999.0, 9999.0, 9999.0, 23.61, 9999.0, 22.39, 9999.0, 22.66, 22.36, 22.11, 22.25, 22.25
2026-09-08, 08:19:32, 22.25, 22.34, 22.73, 22.73, 9999.0, 9999.0, 9999.0, 23.64, 9999.0, 22.41, 9999.0, 22.64, 22.36, 22.11, 22.25, 22.25
2026-09-08, 08:19:36, 22.25, 22.34, 22.73, 22.73, 9999.0, 9999.0, 9999.0, 23.66, 9999.0, 22.43, 9999.0, 22.61, 22.36, 22.11, 22.25, 22.25
2026-09-08, 08:19:40, 22.25, 22.34, 22.73, 22.7, 9999.0, 9999.0, 9999.0, 23.68, 9999.0, 22.48, 9999.0, 22.59, 22.34, 22.11, 22.25, 22.25
2026-09-08, 08:19:44, 22.25, 22.34, 22.73, 22.7, 9999.0, 9999.0, 9999.0, 23.7, 9999.0, 22.48, 9999.0, 22.57, 22.34, 22.11, 22.25, 22.25
2026-09-08, 08:19:48, 22.25, 22.32, 22.73, 22.7, 9999.0, 9999.0, 9999.0, 23.73, 9999.0, 22.48, 9999.0, 22.55, 22.32, 22.09, 22.25, 22.25
2026-09-08, 08:19:52, 22.25, 22.32, 22.7, 22.7, 9999.0, 9999.0, 9999.0, 23.75, 9999.0, 22.48, 9999.0, 22.52, 22.3, 22.07, 22.23, 22.25
2026-09-08, 08:19:56, 22.25, 22.3, 22.68, 22.68, 9999.0, 9999.0, 9999.0, 23.8, 9999.0, 22.45, 9999.0, 22.55, 22.27, 22.09, 22.23, 22.25
2026-09-08, 08:20:00, 22.25, 22.3, 22.68, 22.66, 9999.0, 9999.0, 9999.0, 23.84, 9999.0, 22.43, 9999.0, 22.52, 22.27, 22.07, 22.23, 22.25
2026-09-08, 08:20:04, 22.25, 22.27, 22.68, 22.66, 9999.0, 9999.0, 9999.0, 23.82, 9999.0, 22.41, 9999.0, 22.52, 22.25, 22.09, 22.23, 22.25
2026-09-08, 08:20:08, 22.25, 22.25, 22.68, 22.68, 9999.0, 9999.0, 9999.0, 23.8, 9999.0, 22.39, 9999.0, 22.55, 22.25, 22.11, 22.23, 22.25
2026-09-08, 08:20:12, 22.25, 22.25, 22.68, 22.66, 9999.0, 9999.0, 9999.0, 23.75, 9999.0, 22.36, 9999.0, 22.57, 22.25, 22.14, 22.23, 22.25
2026-09-08, 08:20:16, 22.25, 22.25, 22.68, 22.64, 9999.0, 9999.0, 9999.0, 23.7, 9999.0, 22.36, 9999.0, 22.59, 22.27, 22.14, 22.23, 22.25
2026-09-08, 08:20:20, 22.25, 22.25, 22.68, 22.64, 9999.0, 9999.0, 9999.0, 23.68, 9999.0, 22.36, 9999.0, 22.61, 22.27, 22.11, 22.23, 22.25
2026-09-08, 08:20:24, 22.25, 22.27, 22.68, 22.64, 9999.0, 9999.0, 9999.0, 23.66, 9999.0, 22.36, 9999.0, 22.61, 22.27, 22.11, 22.23, 22.25
2026-09-08, 08:20:28, 22.25, 22.27, 22.66, 22.64, 9999.0, 9999.0, 9999.0, 23.64, 9999.0, 22.36, 9999.0, 22.64, 22.27, 22.11, 22.23, 22.25
2026-09-08, 08:20:32, 22.25, 22.27, 22.66, 22.64, 9999.0, 9999.0, 9999.0, 23.61, 9999.0, 22.41, 9999.0, 22.66, 22.3, 22.11, 22.23, 22.25
2026-09-08, 08:20:36, 22.25, 22.27, 22.66, 22.61, 9999.0, 9999.0, 9999.0, 23.66, 9999.0, 22.41, 9999.0, 22.68, 22.3, 22.11, 22.25, 22.25
2026-09-08, 08:20:40, 22.25, 22.27, 22.68, 22.61, 9999.0, 9999.0, 9999.0, 23.68, 9999.0, 22.43, 9999.0, 22.66, 22.3, 22.09, 22.25, 22.25
2026-09-08, 08:20:44, 22.25, 22.27, 22.68, 22.64, 9999.0, 9999.0, 9999.0, 23.7, 9999.0, 22.45, 9999.0, 22.66, 22.3, 22.09, 22.25, 22.25
2026-09-08, 08:20:48, 22.25, 22.27, 22.66, 22.64, 9999.0, 9999.0, 9999.0, 23.73, 9999.0, 22.48, 9999.0, 22.66, 22.3, 22.09, 22.25, 22.25
2026-09-08, 08:20:52, 22.25, 22.27, 22.66, 22.64, 9999.0, 9999.0, 9999.0, 23.75, 9999.0, 22.48, 9999.0, 22.64, 22.32, 22.07, 22.25, 22.25
2026-09-08, 08:20:56, 22.25, 22.27, 22.66, 22.64, 9999.0, 9999.0, 9999.0, 23.77, 9999.0, 22.48, 9999.0, 22.61, 22.32, 22.07, 22.25, 22.25
2026-09-08, 08:21:00, 22.25, 22.27, 22.66, 22.66, 9999.0, 9999.0, 9999.0, 23.8, 9999.0, 22.48, 9999.0, 22.59, 22.3, 22.05, 22.25, 22.25
2026-09-08, 08:21:04, 22.25, 22.27, 22.66, 22.66, 9999.0, 9999.0, 9999.0, 23.82, 9999.0, 22.45, 9999.0, 22.57, 22.3, 22.05, 22.25, 22.25
2026-09-08, 08:21:08, 22.25, 22.25, 22.66, 22.68, 9999.0, 9999.0, 9999.0, 23.84, 9999.0, 22.43, 9999.0, 22.57, 22.3, 22.05, 22.25, 22.25
2026-09-08, 08:21:12, 22.25, 22.25, 22.66, 22.66, 9999.0, 9999.0, 9999.0, 23.86, 9999.0, 22.43, 9999.0, 22.52, 22.32, 22.05, 22.25, 22.25
2026-09-08, 08:21:16, 22.25, 22.25, 22.66, 22.64, 9999.0, 9999.0, 9999.0, 23.89, 9999.0, 22.39, 9999.0, 22.5, 22.3, 22.05, 22.25, 22.25
2026-09-08, 08:21:20, 22.25, 22.25, 22.66, 22.64, 9999.0, 9999.0, 9999.0, 23.84, 9999.0, 22.39, 9999.0, 22.48, 22.32, 22.05, 22.25, 22.25
2026-09-08, 08:21:24, 22.25, 22.25, 22.66, 22.66, 9999.0, 9999.0, 9999.0, 23.82, 9999.0, 22.36, 9999.0, 22.5, 22.34, 22.07, 22.25, 22.25
2026-09-08, 08:21:28, 22.25, 22.25, 22.64, 22.64, 9999.0, 9999.0, 9999.0, 23.77, 9999.0, 22.34, 9999.0, 22.52, 22.36, 22.09, 22.25, 22.25
2026-09-08, 08:21:32, 22.25, 22.25, 22.66, 22.61, 9999.0, 9999.0, 9999.0, 23.73, 9999.0, 22.32, 9999.0, 22.55, 22.36, 22.07, 22.25, 22.25
2026-09-08, 08:21:36, 22.25, 22.25, 22.66, 22.61, 9999.0, 9999.0, 9999.0, 23.68, 9999.0, 22.34, 9999.0, 22.55, 22.34, 22.07, 22.25, 22.25
2026-09-08, 08:21:40, 22.25, 22.27, 22.66, 22.61, 9999.0, 9999.0, 9999.0, 23.66, 9999.0, 22.36, 9999.0, 22.57, 22.34, 22.07, 22.25, 22.25
2026-09-08, 08:21:44, 22.25, 22.3, 22.64, 22.61, 9999.0, 9999.0, 9999.0, 23.64, 9999.0, 22.39, 9999.0, 22.59, 22.34, 22.09, 22.25, 22.25
2026-09-08, 08:21:48, 22.25, 22.3, 22.64, 22.61, 9999.0, 9999.0, 9999.0, 23.59, 9999.0, 22.43, 9999.0, 22.59, 22.36, 22.11, 22.25, 22.25
2026-09-08, 08:21:52, 22.25, 22.3, 22.61, 22.61, 9999.0, 9999.0, 9999.0, 23.55, 9999.0, 22.45, 9999.0, 22.59, 22.36, 22.14, 22.25, 22.25
2026-09-08, 08:21:56, 22.25, 22.3, 22.64, 22.61, 9999.0, 9999.0, 9999.0, 23.59, 9999.0, 22.48, 9999.0, 22.61, 22.34, 22.16, 22.25, 22.25
2026-09-08, 08:22:00, 22.25, 22.3, 22.66, 22.64, 9999.0, 9999.0, 9999.0, 23.64, 9999.0, 22.52, 9999.0, 22.61, 22.34, 22.18, 22.25, 22.25
2026-09-08, 08:22:04, 22.25, 22.32, 22.66, 22.64, 9999.0, 9999.0, 9999.0, 23.66, 9999.0, 22.52, 9999.0, 22.61, 22.32, 22.2, 22.25, 22.25
2026-09-08, 08:22:08, 22.25, 22.32, 22.66, 22.61, 9999.0, 9999.0, 9999.0, 23.68, 9999.0, 22.57, 9999.0, 22.59, 22.3, 22.18, 22.25, 22.25
2026-09-08, 08:22:12, 22.25, 22.32, 22.68, 22.64, 9999.0, 9999.0, 9999.0, 23.73, 9999.0, 22.59, 9999.0, 22.57, 22.27, 22.16, 22.25, 22.25
2026-09-08, 08:22:16, 22.25, 22.32, 22.68, 22.64, 9999.0, 9999.0, 9999.0, 23.75, 9999.0, 22.61, 9999.0, 22.55, 22.27, 22.18, 22.25, 22.25
2026-09-08, 08:22:20, 22.25, 22.32, 22.68, 22.61, 9999.0, 9999.0, 9999.0, 23.77, 9999.0, 22.61, 9999.0, 22.55, 22.27, 22.18, 22.25, 22.25
2026-09-08, 08:22:24, 22.25, 22.3, 22.68, 22.64, 9999.0, 9999.0, 9999.0, 23.82, 9999.0, 22.61, 9999.0, 22.5, 22.27, 22.16, 22.25, 22.25
2026-09-08, 08:22:28, 22.25, 22.3, 22.7, 22.61, 9999.0, 9999.0, 9999.0, 23.86, 9999.0, 22.57, 9999.0, 22.48, 22.27, 22.16, 22.23, 22.25
2026-09-08, 08:22:32, 22.25, 22.3, 22.68, 22.61, 9999.0, 9999.0, 9999.0, 23.93, 9999.0, 22.55, 9999.0, 22.48, 22.25, 22.14, 22.23, 22.25
2026-09-08, 08:22:36, 22.25, 22.3, 22.68, 22.61, 9999.0, 9999.0, 9999.0, 23.98, 9999.0, 22.55, 9999.0, 22.48, 22.25, 22.14, 22.2, 22.25
2026-09-08, 08:22:41, 22.25, 22.3, 22.66, 22.64, 9999.0, 9999.0, 9999.0, 23.93, 9999.0, 22.52, 9999.0, 22.5, 22.27, 22.14, 22.2, 22.25
2026-09-08, 08:22:45, 22.25, 22.3, 22.66, 22.61, 9999.0, 9999.0, 9999.0, 23.89, 9999.0, 22.5, 9999.0, 22.52, 22.27, 22.14, 22.2, 22.25
2026-09-08, 08:22:49, 22.25, 22.27, 22.68, 22.64, 9999.0, 9999.0, 9999.0, 23.86, 9999.0, 22.5, 9999.0, 22.55, 22.27, 22.14, 22.2, 22.25
2026-09-08, 08:22:53, 22.25, 22.3, 22.66, 22.66, 9999.0, 9999.0, 9999.0, 23.84, 9999.0, 22.48, 9999.0, 22.57, 22.3, 22.14, 22.2, 22.25
2026-09-08, 08:22:57, 22.25, 22.3, 22.66, 22.64, 9999.0, 9999.0, 9999.0, 23.8, 9999.0, 22.48, 9999.0, 22.57, 22.3, 22.14, 22.2, 22.25
2026-09-08, 08:23:01, 22.25, 22.3, 22.64, 22.66, 9999.0, 9999.0, 9999.0, 23.77, 9999.0, 22.5, 9999.0, 22.57, 22.3, 22.14, 22.2, 22.25
2026-09-08, 08:23:05, 22.25, 22.3, 22.61, 22.68, 9999.0, 9999.0, 9999.0, 23.75, 9999.0, 22.52, 9999.0, 22.57, 22.3, 22.14, 22.2, 22.25
2026-09-08, 08:23:09, 22.25, 22.3, 22.61, 22.66, 9999.0, 9999.0, 9999.0, 23.7, 9999.0, 22.55, 9999.0, 22.59, 22.32, 22.14, 22.2, 22.23
2026-09-08, 08:23:13, 22.25, 22.27, 22.59, 22.68, 9999.0, 9999.0, 9999.0, 23.73, 9999.0, 22.57, 9999.0, 22.61, 22.34, 22.14, 22.23, 22.23
2026-09-08, 08:23:17, 22.25, 22.3, 22.59, 22.68, 9999.0, 9999.0, 9999.0, 23.75, 9999.0, 22.57, 9999.0, 22.61, 22.36, 22.16, 22.23, 22.23
2026-09-08, 08:23:21, 22.25, 22.32, 22.61, 22.66, 9999.0, 9999.0, 9999.0, 23.77, 9999.0, 22.57, 9999.0, 22.61, 22.36, 22.16, 22.25, 22.23
2026-09-08, 08:23:25, 22.25, 22.32, 22.61, 22.64, 9999.0, 9999.0, 9999.0, 23.8, 9999.0, 22.57, 9999.0, 22.59, 22.36, 22.14, 22.25, 22.23
2026-09-08, 08:23:29, 22.25, 22.32, 22.61, 22.64, 9999.0, 9999.0, 9999.0, 23.82, 9999.0, 22.57, 9999.0, 22.57, 22.39, 22.14, 22.25, 22.2
2026-09-08, 08:23:33, 22.25, 22.34, 22.59, 22.64, 9999.0, 9999.0, 9999.0, 23.84, 9999.0, 22.57, 9999.0, 22.55, 22.39, 22.14, 22.25, 22.2
2026-09-08, 08:23:37, 22.23, 22.34, 22.59, 22.64, 9999.0, 9999.0, 9999.0, 23.86, 9999.0, 22.57, 9999.0, 22.52, 22.36, 22.14, 22.25, 22.2
2026-09-08, 08:23:41, 22.23, 22.34, 22.57, 22.64, 9999.0, 9999.0, 9999.0, 23.91, 9999.0, 22.57, 9999.0, 22.52, 22.36, 22.16, 22.25, 22.2
2026-09-08, 08:23:45, 22.23, 22.34, 22.59, 22.61, 9999.0, 9999.0, 9999.0, 23.95, 9999.0, 22.55, 9999.0, 22.52, 22.36, 22.16, 22.25, 22.2
2026-09-08, 08:23:49, 22.23, 22.34, 22.59, 22.59, 9999.0, 9999.0, 9999.0, 23.98, 9999.0, 22.52, 9999.0, 22.55, 22.36, 22.18, 22.25, 22.2
2026-09-08, 08:23:53, 22.23, 22.34, 22.57, 22.61, 9999.0, 9999.0, 9999.0, 24.0, 9999.0, 22.5, 9999.0, 22.55, 22.34, 22.2, 22.25, 22.2
2026-09-08, 08:23:57, 22.2, 22.34, 22.59, 22.61, 9999.0, 9999.0, 9999.0, 23.95, 9999.0, 22.5, 9999.0, 22.55, 22.32, 22.18, 22.25, 22.2
2026-09-08, 08:24:01, 22.2, 22.32, 22.59, 22.61, 9999.0, 9999.0, 9999.0, 23.91, 9999.0, 22.5, 9999.0, 22.57, 22.3, 22.18, 22.25, 22.2
2026-09-08, 08:24:05, 22.2, 22.3, 22.59, 22.64, 9999.0, 9999.0, 9999.0, 23.89, 9999.0, 22.5, 9999.0, 22.59, 22.3, 22.18, 22.25, 22.2
2026-09-08, 08:24:09, 22.2, 22.3, 22.61, 22.66, 9999.0, 9999.0, 9999.0, 23.86, 9999.0, 22.5, 9999.0, 22.59, 22.27, 22.2, 22.25, 22.18
2026-09-08, 08:24:13, 22.2, 22.3, 22.61, 22.68, 9999.0, 9999.0, 9999.0, 23.82, 9999.0, 22.5, 9999.0, 22.61, 22.25, 22.2, 22.25, 22.18
2026-09-08, 08:24:17, 22.2, 22.27, 22.61, 22.66, 9999.0, 9999.0, 9999.0, 23.77, 9999.0, 22.52, 9999.0, 22.64, 22.27, 22.18, 22.25, 22.16
2026-09-08, 08:24:21, 22.23, 22.27, 22.64, 22.66, 9999.0, 9999.0, 9999.0, 23.73, 9999.0, 22.55, 9999.0, 22.66, 22.3, 22.2, 22.25, 22.16
2026-09-08, 08:24:25, 22.2, 22.27, 22.64, 22.66, 9999.0, 9999.0, 9999.0, 23.66, 9999.0, 22.57, 9999.0, 22.66, 22.3, 22.18, 22.25, 22.16
2026-09-08, 08:24:29, 22.2, 22.27, 22.64, 22.68, 9999.0, 9999.0, 9999.0, 23.68, 9999.0, 22.57, 9999.0, 22.66, 22.32, 22.16, 22.25, 22.14
2026-09-08, 08:24:33, 22.2, 22.3, 22.66, 22.7, 9999.0, 9999.0, 9999.0, 23.73, 9999.0, 22.59, 9999.0, 22.64, 22.32, 22.14, 22.25, 22.14
2026-09-08, 08:24:37, 22.2, 22.32, 22.68, 22.7, 9999.0, 9999.0, 9999.0, 23.77, 9999.0, 22.59, 9999.0, 22.64, 22.32, 22.11, 22.25, 22.16
2026-09-08, 08:24:41, 22.23, 22.32, 22.68, 22.7, 9999.0, 9999.0, 9999.0, 23.82, 9999.0, 22.59, 9999.0, 22.61, 22.32, 22.11, 22.25, 22.16
2026-09-08, 08:24:45, 22.23, 22.34, 22.7, 22.68, 9999.0, 9999.0, 9999.0, 23.86, 9999.0, 22.59, 9999.0, 22.59, 22.32, 22.09, 22.23, 22.14
2026-09-08, 08:24:49, 22.23, 22.34, 22.7, 22.68, 9999.0, 9999.0, 9999.0, 23.89, 9999.0, 22.59, 9999.0, 22.57, 22.32, 22.07, 22.23, 22.11
2026-09-08, 08:24:53, 22.23, 22.34, 22.7, 22.66, 9999.0, 9999.0, 9999.0, 23.91, 9999.0, 22.59, 9999.0, 22.57, 22.32, 22.05, 22.23, 22.11
2026-09-08, 08:24:57, 22.23, 22.34, 22.7, 22.64, 9999.0, 9999.0, 9999.0, 23.93, 9999.0, 22.59, 9999.0, 22.55, 22.32, 22.02, 22.23, 22.11
2026-09-08, 08:25:01, 22.23, 22.34, 22.73, 22.64, 9999.0, 9999.0, 9999.0, 23.98, 9999.0, 22.57, 9999.0, 22.52, 22.32, 22.02, 22.23, 22.14
2026-09-08, 08:25:05, 22.23, 22.32, 22.73, 22.64, 9999.0, 9999.0, 9999.0, 24.02, 9999.0, 22.55, 9999.0, 22.5, 22.3, 22.0, 22.23, 22.14
2026-09-08, 08:25:09, 22.25, 22.32, 22.75, 22.66, 9999.0, 9999.0, 9999.0, 24.09, 9999.0, 22.52, 9999.0, 22.52, 22.3, 22.02, 22.23, 22.11
2026-09-08, 08:25:13, 22.25, 22.32, 22.75, 22.66, 9999.0, 9999.0, 9999.0, 24.05, 9999.0, 22.52, 9999.0, 22.52, 22.27, 22.02, 22.23, 22.14
2026-09-08, 08:25:17, 22.25, 22.3, 22.73, 22.66, 9999.0, 9999.0, 9999.0, 24.0, 9999.0, 22.5, 9999.0, 22.55, 22.3, 22.05, 22.23, 22.14
2026-09-08, 08:25:21, 22.25, 22.27, 22.73, 22.64, 9999.0, 9999.0, 9999.0, 23.95, 9999.0, 22.5, 9999.0, 22.57, 22.3, 22.07, 22.23, 22.14
2026-09-08, 08:25:25, 22.25, 22.27, 22.73, 22.64, 9999.0, 9999.0, 9999.0, 23.91, 9999.0, 22.5, 9999.0, 22.59, 22.3, 22.09, 22.23, 22.14
2026-09-08, 08:25:29, 22.25, 22.27, 22.7, 22.64, 9999.0, 9999.0, 9999.0, 23.86, 9999.0, 22.52, 9999.0, 22.61, 22.3, 22.11, 22.25, 22.16
2026-09-08, 08:25:33, 22.25, 22.27, 22.7, 22.64, 9999.0, 9999.0, 9999.0, 23.84, 9999.0, 22.52, 9999.0, 22.64, 22.3, 22.14, 22.25, 22.16
2026-09-08, 08:25:37, 22.25, 22.27, 22.7, 22.66, 9999.0, 9999.0, 9999.0, 23.8, 9999.0, 22.55, 9999.0, 22.66, 22.3, 22.16, 22.25, 22.18
2026-09-08, 08:25:41, 22.25, 22.27, 22.68, 22.66, 9999.0, 9999.0, 9999.0, 23.77, 9999.0, 22.57, 9999.0, 22.66, 22.32, 22.16, 22.25, 22.2
2026-09-08, 08:25:45, 22.25, 22.27, 22.68, 22.68, 9999.0, 9999.0, 9999.0, 23.73, 9999.0, 22.59, 9999.0, 22.66, 22.3, 22.18, 22.25, 22.2
2026-09-08, 08:25:49, 22.25, 22.3, 22.68, 22.66, 9999.0, 9999.0, 9999.0, 23.75, 9999.0, 22.59, 9999.0, 22.66, 22.32, 22.18, 22.25, 22.2
2026-09-08, 08:25:53, 22.25, 22.32, 22.68, 22.64, 9999.0, 9999.0, 9999.0, 23.77, 9999.0, 22.61, 9999.0, 22.64, 22.32, 22.16, 22.25, 22.23
2026-09-08, 08:25:57, 22.25, 22.32, 22.68, 22.61, 9999.0, 9999.0, 9999.0, 23.82, 9999.0, 22.64, 9999.0, 22.64, 22.32, 22.16, 22.23, 22.23
2026-09-08, 08:26:01, 22.25, 22.32, 22.7, 22.61, 9999.0, 9999.0, 9999.0, 23.84, 9999.0, 22.64, 9999.0, 22.61, 22.3, 22.14, 22.23, 22.23
2026-09-08, 08:26:05, 22.25, 22.32, 22.7, 22.61, 9999.0, 9999.0, 9999.0, 23.86, 9999.0, 22.64, 9999.0, 22.59, 22.3, 22.11, 22.23, 22.23
2026-09-08, 08:26:09, 22.25, 22.32, 22.68, 22.61, 9999.0, 9999.0, 9999.0, 23.89, 9999.0, 22.64, 9999.0, 22.57, 22.3, 22.11, 22.23, 22.23
2026-09-08, 08:26:13, 22.25, 22.3, 22.7, 22.61, 9999.0, 9999.0, 9999.0, 23.91, 9999.0, 22.61, 9999.0, 22.55, 22.3, 22.09, 22.23, 22.23
2026-09-08, 08:26:17, 22.23, 22.3, 22.7, 22.59, 9999.0, 9999.0, 9999.0, 23.93, 9999.0, 22.61, 9999.0, 22.52, 22.3, 22.07, 22.23, 22.25
2026-09-08, 08:26:21, 22.23, 22.3, 22.7, 22.59, 9999.0, 9999.0, 9999.0, 23.98, 9999.0, 22.59, 9999.0, 22.48, 22.3, 22.05, 22.23, 22.25
2026-09-08, 08:26:25, 22.23, 22.3, 22.73, 22.61, 9999.0, 9999.0, 9999.0, 24.02, 9999.0, 22.57, 9999.0, 22.5, 22.27, 22.05, 22.23, 22.25
2026-09-08, 08:26:30, 22.23, 22.3, 22.73, 22.59, 9999.0, 9999.0, 9999.0, 24.05, 9999.0, 22.55, 9999.0, 22.5, 22.27, 22.02, 22.23, 22.25
2026-09-08, 08:26:34, 22.23, 22.3, 22.73, 22.59, 9999.0, 9999.0, 9999.0, 24.0, 9999.0, 22.55, 9999.0, 22.5, 22.25, 22.02, 22.23, 22.25
2026-09-08, 08:26:38, 22.23, 22.27, 22.73, 22.61, 9999.0, 9999.0, 9999.0, 23.95, 9999.0, 22.52, 9999.0, 22.52, 22.27, 22.02, 22.23, 22.25
2026-09-08, 08:26:42, 22.23, 22.27, 22.7, 22.61, 9999.0, 9999.0, 9999.0, 23.91, 9999.0, 22.48, 9999.0, 22.55, 22.27, 22.05, 22.25, 22.25
2026-09-08, 08:26:46, 22.23, 22.27, 22.7, 22.61, 9999.0, 9999.0, 9999.0, 23.89, 9999.0, 22.48, 9999.0, 22.57, 22.27, 22.05, 22.25, 22.25
2026-09-08, 08:26:50, 22.23, 22.27, 22.7, 22.61, 9999.0, 9999.0, 9999.0, 23.86, 9999.0, 22.48, 9999.0, 22.59, 22.27, 22.05, 22.25, 22.23
2026-09-08, 08:26:54, 22.23, 22.27, 22.7, 22.61, 9999.0, 9999.0, 9999.0, 23.82, 9999.0, 22.48, 9999.0, 22.61, 22.27, 22.02, 22.25, 22.23
2026-09-08, 08:26:58, 22.23, 22.27, 22.7, 22.61, 9999.0, 9999.0, 9999.0, 23.77, 9999.0, 22.5, 9999.0, 22.61, 22.3, 22.05, 22.25, 22.2
2026-09-08, 08:27:02, 22.25, 22.27, 22.7, 22.64, 9999.0, 9999.0, 9999.0, 23.73, 9999.0, 22.52, 9999.0, 22.61, 22.3, 22.05, 22.25, 22.2
2026-09-08, 08:27:06, 22.25, 22.27, 22.7, 22.61, 9999.0, 9999.0, 9999.0, 23.75, 9999.0, 22.55, 9999.0, 22.64, 22.32, 22.07, 22.25, 22.2
2026-09-08, 08:27:10, 22.25, 22.27, 22.7, 22.59, 9999.0, 9999.0, 9999.0, 23.77, 9999.0, 22.55, 9999.0, 22.61, 22.32, 22.07, 22.25, 22.2
2026-09-08, 08:27:14, 22.25, 22.27, 22.7, 22.59, 9999.0, 9999.0, 9999.0, 23.82, 9999.0, 22.55, 9999.0, 22.61, 22.32, 22.07, 22.25, 22.2
2026-09-08, 08:27:18, 22.25, 22.25, 22.68, 22.61, 9999.0, 9999.0, 9999.0, 23.84, 9999.0, 22.55, 9999.0, 22.61, 22.32, 22.07, 22.25, 22.2
2026-09-08, 08:27:22, 22.25, 22.25, 22.68, 22.61, 9999.0, 9999.0, 9999.0, 23.86, 9999.0, 22.55, 9999.0, 22.59, 22.3, 22.09, 22.25, 22.2
2026-09-08, 08:27:26, 22.25, 22.27, 22.7, 22.61, 9999.0, 9999.0, 9999.0, 23.89, 9999.0, 22.57, 9999.0, 22.57, 22.3, 22.09, 22.25, 22.18
2026-09-08, 08:27:30, 22.25, 22.27, 22.7, 22.61, 9999.0, 9999.0, 9999.0, 23.91, 9999.0, 22.57, 9999.0, 22.55, 22.3, 22.11, 22.25, 22.16
2026-09-08, 08:27:34, 22.25, 22.3, 22.7, 22.61, 9999.0, 9999.0, 9999.0, 23.93, 9999.0, 22.57, 9999.0, 22.52, 22.3, 22.11, 22.25, 22.16
2026-09-08, 08:27:38, 22.25, 22.3, 22.73, 22.59, 9999.0, 9999.0, 9999.0, 23.98, 9999.0, 22.57, 9999.0, 22.48, 22.3, 22.11, 22.25, 22.14
2026-09-08, 08:27:42, 22.25, 22.32, 22.7, 22.61, 9999.0, 9999.0, 9999.0, 24.02, 9999.0, 22.55, 9999.0, 22.48, 22.27, 22.11, 22.25, 22.14
2026-09-08, 08:27:46, 22.25, 22.32, 22.7, 22.61, 9999.0, 9999.0, 9999.0, 24.05, 9999.0, 22.52, 9999.0, 22.48, 22.27, 22.11, 22.25, 22.14
2026-09-08, 08:27:50, 22.25, 22.32, 22.7, 22.61, 9999.0, 9999.0, 9999.0, 24.0, 9999.0, 22.5, 9999.0, 22.48, 22.25, 22.09, 22.25, 22.11
2026-09-08, 08:27:54, 22.25, 22.32, 22.7, 22.61, 9999.0, 9999.0, 9999.0, 23.95, 9999.0, 22.5, 9999.0, 22.5, 22.25, 22.11, 22.25, 22.09
2026-09-08, 08:27:58, 22.25, 22.32, 22.7, 22.61, 9999.0, 9999.0, 9999.0, 23.91, 9999.0, 22.5, 9999.0, 22.52, 22.25, 22.11, 22.25, 22.09
2026-09-08, 08:28:02, 22.25, 22.32, 22.73, 22.59, 9999.0, 9999.0, 9999.0, 23.89, 9999.0, 22.5, 9999.0, 22.55, 22.27, 22.14, 22.25, 22.09
2026-09-08, 08:28:06, 22.25, 22.32, 22.73, 22.57, 9999.0, 9999.0, 9999.0, 23.86, 9999.0, 22.5, 9999.0, 22.57, 22.27, 22.11, 22.25, 22.07
2026-09-08, 08:28:10, 22.25, 22.3, 22.73, 22.57, 9999.0, 9999.0, 9999.0, 23.82, 9999.0, 22.5, 9999.0, 22.59, 22.27, 22.09, 22.25, 22.09
2026-09-08, 08:28:14, 22.25, 22.3, 22.7, 22.57, 9999.0, 9999.0, 9999.0, 23.77, 9999.0, 22.52, 9999.0, 22.59, 22.3, 22.07, 22.25, 22.09
2026-09-08, 08:28:18, 22.25, 22.3, 22.68, 22.59, 9999.0, 9999.0, 9999.0, 23.73, 9999.0, 22.55, 9999.0, 22.59, 22.3, 22.09, 22.25, 22.09
2026-09-08, 08:28:22, 22.25, 22.3, 22.68, 22.61, 9999.0, 9999.0, 9999.0, 23.68, 9999.0, 22.57, 9999.0, 22.61, 22.3, 22.09, 22.25, 22.11
2026-09-08, 08:28:26, 22.25, 22.27, 22.68, 22.61, 9999.0, 9999.0, 9999.0, 23.7, 9999.0, 22.59, 9999.0, 22.61, 22.3, 22.07, 22.25, 22.11
2026-09-08, 08:28:30, 22.25, 22.27, 22.66, 22.61, 9999.0, 9999.0, 9999.0, 23.75, 9999.0, 22.59, 9999.0, 22.61, 22.32, 22.07, 22.25, 22.11
2026-09-08, 08:28:34, 22.25, 22.27, 22.64, 22.61, 9999.0, 9999.0, 9999.0, 23.8, 9999.0, 22.59, 9999.0, 22.61, 22.32, 22.09, 22.25, 22.14
2026-09-08, 08:28:38, 22.25, 22.27, 22.61, 22.61, 9999.0, 9999.0, 9999.0, 23.84, 9999.0, 22.59, 9999.0, 22.59, 22.32, 22.07, 22.23, 22.16
2026-09-08, 08:28:42, 22.25, 22.27, 22.61, 22.61, 9999.0, 9999.0, 9999.0, 23.86, 9999.0, 22.59, 9999.0, 22.57, 22.32, 22.07, 22.23, 22.16
2026-09-08, 08:28:46, 22.25, 22.27, 22.59, 22.61, 9999.0, 9999.0, 9999.0, 23.89, 9999.0, 22.59, 9999.0, 22.55, 22.3, 22.05, 22.23, 22.16
2026-09-08, 08:28:50, 22.25, 22.27, 22.59, 22.61, 9999.0, 9999.0, 9999.0, 23.91, 9999.0, 22.59, 9999.0, 22.52, 22.3, 22.05, 22.23, 22.16
2026-09-08, 08:28:54, 22.25, 22.27, 22.59, 22.64, 9999.0, 9999.0, 9999.0, 23.95, 9999.0, 22.59, 9999.0, 22.5, 22.3, 22.05, 22.23, 22.14
2026-09-08, 08:28:58, 22.25, 22.27, 22.59, 22.61, 9999.0, 9999.0, 9999.0, 24.0, 9999.0, 22.55, 9999.0, 22.5, 22.27, 22.07, 22.23, 22.16
2026-09-08, 08:29:02, 22.25, 22.25, 22.59, 22.59, 9999.0, 9999.0, 9999.0, 24.05, 9999.0, 22.5, 9999.0, 22.5, 22.27, 22.05, 22.23, 22.18
2026-09-08, 08:29:06, 22.25, 22.25, 22.57, 22.57, 9999.0, 9999.0, 9999.0, 24.07, 9999.0, 22.45, 9999.0, 22.5, 22.27, 22.05, 22.23, 22.16
2026-09-08, 08:29:10, 22.25, 22.25, 22.59, 22.55, 9999.0, 9999.0, 9999.0, 24.02, 9999.0, 22.41, 9999.0, 22.52, 22.27, 22.05, 22.23, 22.18
2026-09-08, 08:29:14, 22.25, 22.25, 22.61, 22.52, 9999.0, 9999.0, 9999.0, 23.98, 9999.0, 22.39, 9999.0, 22.55, 22.25, 22.05, 22.23, 22.16
2026-09-08, 08:29:18, 22.25, 22.25, 22.61, 22.52, 9999.0, 9999.0, 9999.0, 23.93, 9999.0, 22.36, 9999.0, 22.57, 22.25, 22.02, 22.23, 22.14
2026-09-08, 08:29:22, 22.23, 22.27, 22.64, 22.55, 9999.0, 9999.0, 9999.0, 23.89, 9999.0, 22.36, 9999.0, 22.59, 22.25, 22.05, 22.25, 22.14
2026-09-08, 08:29:26, 22.23, 22.27, 22.64, 22.55, 9999.0, 9999.0, 9999.0, 23.84, 9999.0, 22.34, 9999.0, 22.61, 22.25, 22.05, 22.25, 22.11
2026-09-08, 08:29:30, 22.23, 22.27, 22.64, 22.55, 9999.0, 9999.0, 9999.0, 23.8, 9999.0, 22.34, 9999.0, 22.61, 22.25, 22.07, 22.23, 22.09
2026-09-08, 08:29:34, 22.23, 22.27, 22.64, 22.55, 9999.0, 9999.0, 9999.0, 23.75, 9999.0, 22.36, 9999.0, 22.61, 22.25, 22.09, 22.23, 22.09
2026-09-08, 08:29:38, 22.23, 22.27, 22.61, 22.52, 9999.0, 9999.0, 9999.0, 23.7, 9999.0, 22.36, 9999.0, 22.61, 22.25, 22.09, 22.23, 22.09
2026-09-08, 08:29:42, 22.23, 22.27, 22.61, 22.52, 9999.0, 9999.0, 9999.0, 23.66, 9999.0, 22.39, 9999.0, 22.61, 22.25, 22.07, 22.23, 22.09
2026-09-08, 08:29:46, 22.23, 22.27, 22.61, 22.52, 9999.0, 9999.0, 9999.0, 23.68, 9999.0, 22.41, 9999.0, 22.61, 22.25, 22.07, 22.23, 22.07
2026-09-08, 08:29:50, 22.23, 22.27, 22.64, 22.52, 9999.0, 9999.0, 9999.0, 23.73, 9999.0, 22.43, 9999.0, 22.61, 22.25, 22.07, 22.23, 22.09
2026-09-08, 08:29:54, 22.23, 22.27, 22.61, 22.52, 9999.0, 9999.0, 9999.0, 23.75, 9999.0, 22.45, 9999.0, 22.59, 22.25, 22.07, 22.23, 22.09
2026-09-08, 08:29:58, 22.23, 22.27, 22.59, 22.55, 9999.0, 9999.0, 9999.0, 23.77, 9999.0, 22.45, 9999.0, 22.57, 22.25, 22.07, 22.2, 22.11
2026-09-08, 08:30:02, 22.23, 22.27, 22.59, 22.55, 9999.0, 9999.0, 9999.0, 23.8, 9999.0, 22.45, 9999.0, 22.55, 22.25, 22.09, 22.2, 22.14
2026-09-08, 08:30:06, 22.25, 22.25, 22.59, 22.52, 9999.0, 9999.0, 9999.0, 23.8, 9999.0, 22.43, 9999.0, 22.5, 22.25, 22.07, 22.18, 22.11
2026-09-08, 08:30:10, 22.25, 22.25, 22.59, 22.52, 9999.0, 9999.0, 9999.0, 23.84, 9999.0, 22.43, 9999.0, 22.48, 22.25, 22.07, 22.18, 22.14
2026-09-08, 08:30:14, 22.25, 22.25, 22.59, 22.52, 9999.0, 9999.0, 9999.0, 23.89, 9999.0, 22.41, 9999.0, 22.45, 22.25, 22.05, 22.2, 22.16
2026-09-08, 08:30:18, 22.25, 22.25, 22.59, 22.52, 9999.0, 9999.0, 9999.0, 23.93, 9999.0, 22.36, 9999.0, 22.45, 22.25, 22.02, 22.2, 22.18
2026-09-08, 08:30:23, 22.25, 22.25, 22.61, 22.55, 9999.0, 9999.0, 9999.0, 23.95, 9999.0, 22.32, 9999.0, 22.45, 22.25, 22.02, 22.2, 22.18
2026-09-08, 08:30:27, 22.25, 22.25, 22.64, 22.55, 9999.0, 9999.0, 9999.0, 23.98, 9999.0, 22.27, 9999.0, 22.45, 22.25, 22.02, 22.2, 22.18
2026-09-08, 08:30:31, 22.25, 22.25, 22.64, 22.55, 9999.0, 9999.0, 9999.0, 23.95, 9999.0, 22.23, 9999.0, 22.48, 22.25, 22.02, 22.2, 22.2
2026-09-08, 08:30:35, 22.23, 22.25, 22.61, 22.57, 9999.0, 9999.0, 9999.0, 23.91, 9999.0, 22.18, 9999.0, 22.5, 22.25, 22.02, 22.2, 22.2
2026-09-08, 08:30:39, 22.23, 22.25, 22.64, 22.57, 9999.0, 9999.0, 9999.0, 23.86, 9999.0, 22.14, 9999.0, 22.52, 22.25, 22.02, 22.2, 22.18
2026-09-08, 08:30:43, 22.23, 22.27, 22.64, 22.55, 9999.0, 9999.0, 9999.0, 23.82, 9999.0, 22.14, 9999.0, 22.55, 22.25, 22.02, 22.23, 22.16
2026-09-08, 08:30:47, 22.23, 22.27, 22.64, 22.55, 9999.0, 9999.0, 9999.0, 23.77, 9999.0, 22.14, 9999.0, 22.57, 22.25, 22.02, 22.23, 22.16
2026-09-08, 08:30:51, 22.23, 22.27, 22.61, 22.55, 9999.0, 9999.0, 9999.0, 23.75, 9999.0, 22.14, 9999.0, 22.59, 22.25, 22.02, 22.25, 22.18
2026-09-08, 08:30:55, 22.23, 22.27, 22.59, 22.55, 9999.0, 9999.0, 9999.0, 23.7, 9999.0, 22.14, 9999.0, 22.59, 22.27, 22.02, 22.25, 22.18
2026-09-08, 08:30:59, 22.23, 22.27, 22.61, 22.55, 9999.0, 9999.0, 9999.0, 23.66, 9999.0, 22.14, 9999.0, 22.61, 22.27, 22.02, 22.25, 22.18
2026-09-08, 08:31:03, 22.23, 22.27, 22.59, 22.55, 9999.0, 9999.0, 9999.0, 23.68, 9999.0, 22.14, 9999.0, 22.61, 22.27, 22.02, 22.25, 22.16
2026-09-08, 08:31:07, 22.23, 22.27, 22.59, 22.52, 9999.0, 9999.0, 9999.0, 23.73, 9999.0, 22.16, 9999.0, 22.61, 22.27, 22.02, 22.25, 22.18
2026-09-08, 08:31:11, 22.23, 22.27, 22.57, 22.52, 9999.0, 9999.0, 9999.0, 23.75, 9999.0, 22.18, 9999.0, 22.61, 22.27, 22.02, 22.25, 22.16
2026-09-08, 08:31:15, 22.23, 22.3, 22.57, 22.52, 9999.0, 9999.0, 9999.0, 23.75, 9999.0, 22.2, 9999.0, 22.59, 22.27, 22.02, 22.25, 22.16
2026-09-08, 08:31:19, 22.25, 22.3, 22.57, 22.5, 9999.0, 9999.0, 9999.0, 23.75, 9999.0, 22.23, 9999.0, 22.57, 22.3, 22.05, 22.25, 22.16
2026-09-08, 08:31:23, 22.25, 22.3, 22.57, 22.5, 9999.0, 9999.0, 9999.0, 23.77, 9999.0, 22.23, 9999.0, 22.55, 22.3, 22.07, 22.25, 22.16
2026-09-08, 08:31:27, 22.25, 22.27, 22.59, 22.52, 9999.0, 9999.0, 9999.0, 23.8, 9999.0, 22.23, 9999.0, 22.52, 22.3, 22.07, 22.25, 22.18
2026-09-08, 08:31:31, 22.25, 22.3, 22.59, 22.52, 9999.0, 9999.0, 9999.0, 23.82, 9999.0, 22.2, 9999.0, 22.48, 22.3, 22.05, 22.25, 22.18
2026-09-08, 08:31:35, 22.25, 22.3, 22.59, 22.52, 9999.0, 9999.0, 9999.0, 23.84, 9999.0, 22.18, 9999.0, 22.45, 22.3, 22.05, 22.23, 22.18
2026-09-08, 08:31:39, 22.25, 22.3, 22.59, 22.52, 9999.0, 9999.0, 9999.0, 23.86, 9999.0, 22.16, 9999.0, 22.45, 22.27, 22.05, 22.23, 22.18
2026-09-08, 08:31:43, 22.23, 22.3, 22.57, 22.52, 9999.0, 9999.0, 9999.0, 23.89, 9999.0, 22.14, 9999.0, 22.45, 22.27, 22.05, 22.2, 22.18
2026-09-08, 08:31:47, 22.23, 22.3, 22.59, 22.52, 9999.0, 9999.0, 9999.0, 23.82, 9999.0, 22.11, 9999.0, 22.45, 22.27, 22.05, 22.18, 22.18
2026-09-08, 08:31:51, 22.23, 22.3, 22.59, 22.55, 9999.0, 9999.0, 9999.0, 23.75, 9999.0, 22.09, 9999.0, 22.48, 22.27, 22.05, 22.18, 22.18
2026-09-08, 08:31:55, 22.23, 22.3, 22.59, 22.55, 9999.0, 9999.0, 9999.0, 23.7, 9999.0, 22.07, 9999.0, 22.5, 22.3, 22.05, 22.18, 22.2
2026-09-08, 08:31:59, 22.23, 22.27, 22.59, 22.57, 9999.0, 9999.0, 9999.0, 23.66, 9999.0, 22.05, 9999.0, 22.52, 22.3, 22.07, 22.18, 22.2
2026-09-08, 08:32:03, 22.23, 22.3, 22.59, 22.57, 9999.0, 9999.0, 9999.0, 23.64, 9999.0, 22.02, 9999.0, 22.55, 22.27, 22.05, 22.18, 22.18
2026-09-08, 08:32:07, 22.23, 22.3, 22.57, 22.57, 9999.0, 9999.0, 9999.0, 23.61, 9999.0, 22.02, 9999.0, 22.55, 22.27, 22.02, 22.18, 22.2
2026-09-08, 08:32:11, 22.23, 22.3, 22.55, 22.55, 9999.0, 9999.0, 9999.0, 23.59, 9999.0, 22.02, 9999.0, 22.57, 22.3, 22.02, 22.18, 22.2
2026-09-08, 08:32:15, 22.23, 22.27, 22.55, 22.55, 9999.0, 9999.0, 9999.0, 23.57, 9999.0, 22.05, 9999.0, 22.59, 22.32, 22.02, 22.18, 22.2
2026-09-08, 08:32:19, 22.23, 22.27, 22.55, 22.55, 9999.0, 9999.0, 9999.0, 23.52, 9999.0, 22.07, 9999.0, 22.61, 22.34, 22.05, 22.2, 22.2
2026-09-08, 08:32:23, 22.23, 22.27, 22.57, 22.55, 9999.0, 9999.0, 9999.0, 23.55, 9999.0, 22.09, 9999.0, 22.61, 22.36, 22.07, 22.2, 22.2
2026-09-08, 08:32:27, 22.25, 22.27, 22.57, 22.55, 9999.0, 9999.0, 9999.0, 23.57, 9999.0, 22.11, 9999.0, 22.61, 22.39, 22.09, 22.23, 22.2
2026-09-08, 08:32:31, 22.25, 22.27, 22.57, 22.55, 9999.0, 9999.0, 9999.0, 23.61, 9999.0, 22.14, 9999.0, 22.61, 22.39, 22.09, 22.25, 22.23
2026-09-08, 08:32:35, 22.25, 22.27, 22.57, 22.52, 9999.0, 9999.0, 9999.0, 23.66, 9999.0, 22.14, 9999.0, 22.59, 22.39, 22.09, 22.25, 22.23
2026-09-08, 08:32:39, 22.25, 22.3, 22.59, 22.55, 9999.0, 9999.0, 9999.0, 23.68, 9999.0, 22.14, 9999.0, 22.57, 22.39, 22.11, 22.25, 22.23
2026-09-08, 08:32:43, 22.25, 22.3, 22.61, 22.52, 9999.0, 9999.0, 9999.0, 23.7, 9999.0, 22.14, 9999.0, 22.55, 22.39, 22.09, 22.25, 22.23
2026-09-08, 08:32:47, 22.25, 22.27, 22.64, 22.52, 9999.0, 9999.0, 9999.0, 23.73, 9999.0, 22.14, 9999.0, 22.52, 22.39, 22.11, 22.25, 22.25
2026-09-08, 08:32:51, 22.25, 22.27, 22.66, 22.52, 9999.0, 9999.0, 9999.0, 23.75, 9999.0, 22.14, 9999.0, 22.5, 22.39, 22.11, 22.25, 22.25
2026-09-08, 08:32:55, 22.25, 22.27, 22.66, 22.55, 9999.0, 9999.0, 9999.0, 23.77, 9999.0, 22.11, 9999.0, 22.48, 22.36, 22.14, 22.25, 22.25
2026-09-08, 08:32:59, 22.25, 22.27, 22.68, 22.55, 9999.0, 9999.0, 9999.0, 23.8, 9999.0, 22.09, 9999.0, 22.5, 22.34, 22.16, 22.25, 22.25
2026-09-08, 08:33:03, 22.25, 22.27, 22.68, 22.55, 9999.0, 9999.0, 9999.0, 23.82, 9999.0, 22.05, 9999.0, 22.5, 22.32, 22.16, 22.25, 22.25
2026-09-08, 08:33:07, 22.25, 22.27, 22.66, 22.55, 9999.0, 9999.0, 9999.0, 23.77, 9999.0, 22.02, 9999.0, 22.52, 22.3, 22.16, 22.25, 22.25
2026-09-08, 08:33:11, 22.25, 22.27, 22.66, 22.55, 9999.0, 9999.0, 9999.0, 23.73, 9999.0, 22.0, 9999.0, 22.55, 22.27, 22.16, 22.25, 22.25
2026-09-08, 08:33:15, 22.25, 22.27, 22.64, 22.55, 9999.0, 9999.0, 9999.0, 23.68, 9999.0, 21.95, 9999.0, 22.57, 22.3, 22.16, 22.25, 22.25
2026-09-08, 08:33:19, 22.25, 22.27, 22.64, 22.55, 9999.0, 9999.0, 9999.0, 23.64, 9999.0, 21.95, 9999.0, 22.59, 22.32, 22.16, 22.25, 22.25
2026-09-08, 08:33:23, 22.25, 22.25, 22.61, 22.52, 9999.0, 9999.0, 9999.0, 23.61, 9999.0, 21.95, 9999.0, 22.61, 22.3, 22.14, 22.23, 22.25
2026-09-08, 08:33:27, 22.25, 22.27, 22.61, 22.52, 9999.0, 9999.0, 9999.0, 23.59, 9999.0, 21.98, 9999.0, 22.64, 22.3, 22.16, 22.23, 22.25
2026-09-08, 08:33:31, 22.25, 22.3, 22.61, 22.52, 9999.0, 9999.0, 9999.0, 23.55, 9999.0, 22.0, 9999.0, 22.64, 22.3, 22.16, 22.23, 22.25
2026-09-08, 08:33:35, 22.25, 22.3, 22.59, 22.55, 9999.0, 9999.0, 9999.0, 23.5, 9999.0, 22.02, 9999.0, 22.68, 22.3, 22.16, 22.23, 22.25
2026-09-08, 08:33:39, 22.25, 22.3, 22.61, 22.52, 9999.0, 9999.0, 9999.0, 23.55, 9999.0, 22.02, 9999.0, 22.68, 22.3, 22.16, 22.23, 22.25
2026-09-08, 08:33:43, 22.25, 22.3, 22.61, 22.52, 9999.0, 9999.0, 9999.0, 23.57, 9999.0, 22.05, 9999.0, 22.66, 22.32, 22.16, 22.23, 22.25
2026-09-08, 08:33:47, 22.25, 22.3, 22.61, 22.52, 9999.0, 9999.0, 9999.0, 23.61, 9999.0, 22.07, 9999.0, 22.66, 22.34, 22.16, 22.23, 22.25
2026-09-08, 08:33:51, 22.25, 22.3, 22.64, 22.52, 9999.0, 9999.0, 9999.0, 23.66, 9999.0, 22.07, 9999.0, 22.64, 22.34, 22.16, 22.23, 22.23
2026-09-08, 08:33:55, 22.25, 22.3, 22.66, 22.55, 9999.0, 9999.0, 9999.0, 23.68, 9999.0, 22.07, 9999.0, 22.61, 22.34, 22.14, 22.23, 22.23
2026-09-08, 08:33:59, 22.25, 22.3, 22.68, 22.57, 9999.0, 9999.0, 9999.0, 23.68, 9999.0, 22.09, 9999.0, 22.59, 22.32, 22.14, 22.23, 22.23
2026-09-08, 08:34:03, 22.25, 22.3, 22.66, 22.59, 9999.0, 9999.0, 9999.0, 23.68, 9999.0, 22.09, 9999.0, 22.57, 22.3, 22.16, 22.2, 22.23
2026-09-08, 08:34:07, 22.25, 22.3, 22.66, 22.61, 9999.0, 9999.0, 9999.0, 23.7, 9999.0, 22.09, 9999.0, 22.55, 22.3, 22.18, 22.23, 22.23
2026-09-08, 08:34:12, 22.25, 22.27, 22.64, 22.61, 9999.0, 9999.0, 9999.0, 23.73, 9999.0, 22.07, 9999.0, 22.52, 22.3, 22.16, 22.23, 22.23
2026-09-08, 08:34:16, 22.25, 22.25, 22.61, 22.61, 9999.0, 9999.0, 9999.0, 23.77, 9999.0, 22.05, 9999.0, 22.52, 22.3, 22.16, 22.23, 22.23
2026-09-08, 08:34:20, 22.25, 22.25, 22.61, 22.61, 9999.0, 9999.0, 9999.0, 23.8, 9999.0, 22.02, 9999.0, 22.5, 22.3, 22.18, 22.23, 22.23
2026-09-08, 08:34:24, 22.25, 22.25, 22.59, 22.64, 9999.0, 9999.0, 9999.0, 23.73, 9999.0, 22.02, 9999.0, 22.5, 22.3, 22.16, 22.2, 22.23
2026-09-08, 08:34:28, 22.25, 22.25, 22.59, 22.66, 9999.0, 9999.0, 9999.0, 23.68, 9999.0, 22.0, 9999.0, 22.52, 22.27, 22.16, 22.2, 22.23
2026-09-08, 08:34:32, 22.25, 22.27, 22.61, 22.66, 9999.0, 9999.0, 9999.0, 23.64, 9999.0, 22.0, 9999.0, 22.55, 22.27, 22.14, 22.2, 22.23
2026-09-08, 08:34:36, 22.25, 22.3, 22.59, 22.68, 9999.0, 9999.0, 9999.0, 23.59, 9999.0, 21.98, 9999.0, 22.57, 22.3, 22.14, 22.2, 22.25
2026-09-08, 08:34:40, 22.25, 22.3, 22.57, 22.66, 9999.0, 9999.0, 9999.0, 23.57, 9999.0, 21.98, 9999.0, 22.59, 22.3, 22.14, 22.2, 22.25
2026-09-08, 08:34:44, 22.25, 22.3, 22.57, 22.66, 9999.0, 9999.0, 9999.0, 23.55, 9999.0, 21.98, 9999.0, 22.61, 22.3, 22.14, 22.2, 22.25
2026-09-08, 08:34:48, 22.25, 22.3, 22.59, 22.64, 9999.0, 9999.0, 9999.0, 23.52, 9999.0, 22.0, 9999.0, 22.64, 22.3, 22.11, 22.23, 22.25
2026-09-08, 08:34:52, 22.25, 22.3, 22.61, 22.64, 9999.0, 9999.0, 9999.0, 23.48, 9999.0, 22.02, 9999.0, 22.64, 22.32, 22.11, 22.23, 22.25
2026-09-08, 08:34:56, 22.25, 22.3, 22.64, 22.64, 9999.0, 9999.0, 9999.0, 23.41, 9999.0, 22.05, 9999.0, 22.64, 22.32, 22.14, 22.23, 22.25
2026-09-08, 08:35:00, 22.25, 22.3, 22.64, 22.64, 9999.0, 9999.0, 9999.0, 23.41, 9999.0, 22.07, 9999.0, 22.64, 22.32, 22.14, 22.23, 22.25
2026-09-08, 08:35:04, 22.25, 22.3, 22.64, 22.64, 9999.0, 9999.0, 9999.0, 23.45, 9999.0, 22.09, 9999.0, 22.64, 22.32, 22.11, 22.23, 22.25
2026-09-08, 08:35:08, 22.25, 22.3, 22.64, 22.64, 9999.0, 9999.0, 9999.0, 23.48, 9999.0, 22.09, 9999.0, 22.64, 22.32, 22.11, 22.25, 22.25
2026-09-08, 08:35:12, 22.25, 22.3, 22.64, 22.64, 9999.0, 9999.0, 9999.0, 23.48, 9999.0, 22.09, 9999.0, 22.61, 22.32, 22.11, 22.25, 22.25
2026-09-08, 08:35:16, 22.25, 22.27, 22.64, 22.66, 9999.0, 9999.0, 9999.0, 23.5, 9999.0, 22.09, 9999.0, 22.59, 22.3, 22.14, 22.25, 22.25
2026-09-08, 08:35:20, 22.23, 22.27, 22.66, 22.66, 9999.0, 9999.0, 9999.0, 23.5, 9999.0, 22.11, 9999.0, 22.57, 22.27, 22.11, 22.25, 22.25
2026-09-08, 08:35:24, 22.2, 22.27, 22.68, 22.68, 9999.0, 9999.0, 9999.0, 23.5, 9999.0, 22.11, 9999.0, 22.55, 22.27, 22.14, 22.25, 22.25
2026-09-08, 08:35:28, 22.2, 22.27, 22.68, 22.68, 9999.0, 9999.0, 9999.0, 23.52, 9999.0, 22.11, 9999.0, 22.52, 22.27, 22.14, 22.25, 22.25
2026-09-08, 08:35:32, 22.2, 22.27, 22.68, 22.68, 9999.0, 9999.0, 9999.0, 23.55, 9999.0, 22.09, 9999.0, 22.5, 22.27, 22.16, 22.25, 22.25
2026-09-08, 08:35:36, 22.2, 22.27, 22.68, 22.66, 9999.0, 9999.0, 9999.0, 23.57, 9999.0, 22.07, 9999.0, 22.5, 22.25, 22.14, 22.25, 22.25
2026-09-08, 08:35:40, 22.2, 22.27, 22.68, 22.68, 9999.0, 9999.0, 9999.0, 23.61, 9999.0, 22.05, 9999.0, 22.5, 22.25, 22.11, 22.25, 22.25
2026-09-08, 08:35:44, 22.2, 22.27, 22.68, 22.7, 9999.0, 9999.0, 9999.0, 23.59, 9999.0, 22.02, 9999.0, 22.52, 22.25, 22.11, 22.25, 22.25
2026-09-08, 08:35:48, 22.2, 22.27, 22.7, 22.7, 9999.0, 9999.0, 9999.0, 23.55, 9999.0, 22.0, 9999.0, 22.55, 22.25, 22.14, 22.25, 22.25
2026-09-08, 08:35:52, 22.2, 22.3, 22.73, 22.7, 9999.0, 9999.0, 9999.0, 23.5, 9999.0, 21.98, 9999.0, 22.57, 22.27, 22.16, 22.25, 22.25
2026-09-08, 08:35:56, 22.2, 22.3, 22.7, 22.7, 9999.0, 9999.0, 9999.0, 23.5, 9999.0, 21.98, 9999.0, 22.59, 22.3, 22.14, 22.25, 22.25
2026-09-08, 08:36:00, 22.2, 22.3, 22.7, 22.68, 9999.0, 9999.0, 9999.0, 23.45, 9999.0, 21.98, 9999.0, 22.61, 22.3, 22.11, 22.25, 22.25
2026-09-08, 08:36:04, 22.23, 22.27, 22.7, 22.68, 9999.0, 9999.0, 9999.0, 23.43, 9999.0, 21.98, 9999.0, 22.61, 22.32, 22.14, 22.25, 22.25
2026-09-08, 08:36:08, 22.25, 22.27, 22.7, 22.68, 9999.0, 9999.0, 9999.0, 23.41, 9999.0, 22.0, 9999.0, 22.61, 22.34, 22.14, 22.25, 22.25
2026-09-08, 08:36:12, 22.25, 22.27, 22.7, 22.68, 9999.0, 9999.0, 9999.0, 23.39, 9999.0, 22.02, 9999.0, 22.64, 22.34, 22.16, 22.25, 22.25
2026-09-08, 08:36:16, 22.25, 22.27, 22.7, 22.7, 9999.0, 9999.0, 9999.0, 23.43, 9999.0, 22.05, 9999.0, 22.64, 22.36, 22.14, 22.25, 22.25
2026-09-08, 08:36:20, 22.25, 22.27, 22.7, 22.73, 9999.0, 9999.0, 9999.0, 23.48, 9999.0, 22.05, 9999.0, 22.64, 22.36, 22.14, 22.25, 22.25
2026-09-08, 08:36:24, 22.25, 22.27, 22.7, 22.73, 9999.0, 9999.0, 9999.0, 23.52, 9999.0, 22.05, 9999.0, 22.64, 22.39, 22.16, 22.25, 22.25
2026-09-08, 08:36:28, 22.25, 22.3, 22.73, 22.7, 9999.0, 9999.0, 9999.0, 23.57, 9999.0, 22.05, 9999.0, 22.61, 22.39, 22.14, 22.25, 22.25
2026-09-08, 08:36:32, 22.25, 22.3, 22.7, 22.7, 9999.0, 9999.0, 9999.0, 23.59, 9999.0, 22.05, 9999.0, 22.59, 22.39, 22.14, 22.25, 22.25
2026-09-08, 08:36:36, 22.25, 22.27, 22.7, 22.68, 9999.0, 9999.0, 9999.0, 23.66, 9999.0, 22.07, 9999.0, 22.57, 22.36, 22.14, 22.25, 22.25
2026-09-08, 08:36:40, 22.23, 22.27, 22.73, 22.68, 9999.0, 9999.0, 9999.0, 23.68, 9999.0, 22.07, 9999.0, 22.55, 22.34, 22.16, 22.25, 22.25
2026-09-08, 08:36:44, 22.23, 22.27, 22.7, 22.7, 9999.0, 9999.0, 9999.0, 23.73, 9999.0, 22.07, 9999.0, 22.52, 22.34, 22.18, 22.25, 22.25
2026-09-08, 08:36:48, 22.23, 22.27, 22.7, 22.7, 9999.0, 9999.0, 9999.0, 23.77, 9999.0, 22.07, 9999.0, 22.52, 22.32, 22.18, 22.25, 22.25
2026-09-08, 08:36:52, 22.23, 22.27, 22.7, 22.7, 9999.0, 9999.0, 9999.0, 23.8, 9999.0, 22.05, 9999.0, 22.52, 22.3, 22.16, 22.25, 22.25
2026-09-08, 08:36:56, 22.23, 22.27, 22.68, 22.7, 9999.0, 9999.0, 9999.0, 23.82, 9999.0, 22.02, 9999.0, 22.5, 22.3, 22.14, 22.25, 22.25
2026-09-08, 08:37:00, 22.23, 22.27, 22.68, 22.68, 9999.0, 9999.0, 9999.0, 23.77, 9999.0, 22.0, 9999.0, 22.52, 22.27, 22.16, 22.25, 22.25
2026-09-08, 08:37:04, 22.23, 22.27, 22.68, 22.68, 9999.0, 9999.0, 9999.0, 23.73, 9999.0, 22.0, 9999.0, 22.55, 22.27, 22.18, 22.25, 22.25
2026-09-08, 08:37:08, 22.23, 22.27, 22.68, 22.68, 9999.0, 9999.0, 9999.0, 23.68, 9999.0, 22.0, 9999.0, 22.57, 22.25, 22.18, 22.25, 22.25
2026-09-08, 08:37:12, 22.23, 22.25, 22.68, 22.7, 9999.0, 9999.0, 9999.0, 23.64, 9999.0, 22.0, 9999.0, 22.59, 22.27, 22.2, 22.25, 22.25
2026-09-08, 08:37:16, 22.2, 22.25, 22.7, 22.7, 9999.0, 9999.0, 9999.0, 23.59, 9999.0, 22.02, 9999.0, 22.61, 22.27, 22.2, 22.25, 22.25
2026-09-08, 08:37:20, 22.2, 22.25, 22.7, 22.73, 9999.0, 9999.0, 9999.0, 23.55, 9999.0, 22.05, 9999.0, 22.64, 22.3, 22.2, 22.25, 22.25
2026-09-08, 08:37:24, 22.23, 22.25, 22.7, 22.7, 9999.0, 9999.0, 9999.0, 23.5, 9999.0, 22.07, 9999.0, 22.66, 22.3, 22.2, 22.25, 22.25
2026-09-08, 08:37:28, 22.23, 22.27, 22.73, 22.68, 9999.0, 9999.0, 9999.0, 23.45, 9999.0, 22.11, 9999.0, 22.68, 22.32, 22.2, 22.25, 22.25
2026-09-08, 08:37:32, 22.23, 22.27, 22.73, 22.68, 9999.0, 9999.0, 9999.0, 23.41, 9999.0, 22.16, 9999.0, 22.68, 22.32, 22.18, 22.25, 22.25
2026-09-08, 08:37:36, 22.23, 22.27, 22.73, 22.68, 9999.0, 9999.0, 9999.0, 23.45, 9999.0, 22.2, 9999.0, 22.68, 22.34, 22.18, 22.25, 22.25
2026-09-08, 08:37:40, 22.23, 22.27, 22.75, 22.68, 9999.0, 9999.0, 9999.0, 23.5, 9999.0, 22.23, 9999.0, 22.68, 22.36, 22.18, 22.25, 22.25
2026-09-08, 08:37:44, 22.23, 22.27, 22.75, 22.7, 9999.0, 9999.0, 9999.0, 23.55, 9999.0, 22.25, 9999.0, 22.66, 22.39, 22.16, 22.25, 22.25
2026-09-08, 08:37:48, 22.23, 22.27, 22.75, 22.7, 9999.0, 9999.0, 9999.0, 23.59, 9999.0, 22.27, 9999.0, 22.64, 22.39, 22.14, 22.25, 22.25
2026-09-08, 08:37:52, 22.23, 22.27, 22.73, 22.7, 9999.0, 9999.0, 9999.0, 23.61, 9999.0, 22.3, 9999.0, 22.61, 22.39, 22.14, 22.25, 22.25
2026-09-08, 08:37:56, 22.23, 22.27, 22.73, 22.7, 9999.0, 9999.0, 9999.0, 23.64, 9999.0, 22.32, 9999.0, 22.59, 22.36, 22.14, 22.25, 22.25
2026-09-08, 08:38:00, 22.25, 22.27, 22.7, 22.7, 9999.0, 9999.0, 9999.0, 23.68, 9999.0, 22.32, 9999.0, 22.57, 22.39, 22.11, 22.25, 22.25
2026-09-08, 08:38:04, 22.25, 22.27, 22.7, 22.7, 9999.0, 9999.0, 9999.0, 23.7, 9999.0, 22.3, 9999.0, 22.55, 22.36, 22.11, 22.25, 22.25
2026-09-08, 08:38:09, 22.25, 22.27, 22.7, 22.7, 9999.0, 9999.0, 9999.0, 23.75, 9999.0, 22.3, 9999.0, 22.52, 22.36, 22.11, 22.25, 22.25
2026-09-08, 08:38:13, 22.25, 22.25, 22.7, 22.73, 9999.0, 9999.0, 9999.0, 23.77, 9999.0, 22.27, 9999.0, 22.52, 22.34, 22.09, 22.25, 22.25
2026-09-08, 08:38:17, 22.25, 22.25, 22.7, 22.73, 9999.0, 9999.0, 9999.0, 23.8, 9999.0, 22.23, 9999.0, 22.52, 22.34, 22.11, 22.25, 22.25
2026-09-08, 08:38:21, 22.25, 22.25, 22.7, 22.73, 9999.0, 9999.0, 9999.0, 23.75, 9999.0, 22.18, 9999.0, 22.52, 22.34, 22.11, 22.25, 22.25
2026-09-08, 08:38:25, 22.25, 22.25, 22.7, 22.73, 9999.0, 9999.0, 9999.0, 23.7, 9999.0, 22.16, 9999.0, 22.55, 22.32, 22.14, 22.25, 22.25
2026-09-08, 08:38:29, 22.25, 22.25, 22.7, 22.73, 9999.0, 9999.0, 9999.0, 23.66, 9999.0, 22.14, 9999.0, 22.57, 22.3, 22.14, 22.25, 22.25
2026-09-08, 08:38:33, 22.25, 22.25, 22.7, 22.73, 9999.0, 9999.0, 9999.0, 23.61, 9999.0, 22.11, 9999.0, 22.59, 22.3, 22.14, 22.25, 22.25
2026-09-08, 08:38:37, 22.25, 22.25, 22.73, 22.73, 9999.0, 9999.0, 9999.0, 23.59, 9999.0, 22.11, 9999.0, 22.61, 22.32, 22.14, 22.25, 22.25
2026-09-08, 08:38:41, 22.25, 22.25, 22.73, 22.73, 9999.0, 9999.0, 9999.0, 23.55, 9999.0, 22.11, 9999.0, 22.64, 22.32, 22.11, 22.25, 22.25
2026-09-08, 08:38:45, 22.25, 22.25, 22.75, 22.73, 9999.0, 9999.0, 9999.0, 23.5, 9999.0, 22.14, 9999.0, 22.66, 22.3, 22.14, 22.25, 22.25
2026-09-08, 08:38:49, 22.25, 22.25, 22.75, 22.73, 9999.0, 9999.0, 9999.0, 23.45, 9999.0, 22.18, 9999.0, 22.68, 22.3, 22.14, 22.25, 22.25
2026-09-08, 08:38:53, 22.25, 22.25, 22.75, 22.75, 9999.0, 9999.0, 9999.0, 23.41, 9999.0, 22.2, 9999.0, 22.7, 22.3, 22.14, 22.25, 22.25
2026-09-08, 08:38:57, 22.25, 22.25, 22.75, 22.75, 9999.0, 9999.0, 9999.0, 23.45, 9999.0, 22.23, 9999.0, 22.7, 22.32, 22.16, 22.25, 22.25
2026-09-08, 08:39:01, 22.25, 22.25, 22.75, 22.75, 9999.0, 9999.0, 9999.0, 23.5, 9999.0, 22.25, 9999.0, 22.7, 22.32, 22.14, 22.25, 22.25
2026-09-08, 08:39:05, 22.25, 22.25, 22.75, 22.75, 9999.0, 9999.0, 9999.0, 23.55, 9999.0, 22.27, 9999.0, 22.7, 22.3, 22.16, 22.25, 22.25
2026-09-08, 08:39:09, 22.25, 22.25, 22.75, 22.75, 9999.0, 9999.0, 9999.0, 23.57, 9999.0, 22.3, 9999.0, 22.68, 22.3, 22.14, 22.25, 22.25
2026-09-08, 08:39:13, 22.25, 22.25, 22.75, 22.75, 9999.0, 9999.0, 9999.0, 23.59, 9999.0, 22.32, 9999.0, 22.66, 22.3, 22.16, 22.25, 22.25
2026-09-08, 08:39:17, 22.25, 22.25, 22.75, 22.75, 9999.0, 9999.0, 9999.0, 23.61, 9999.0, 22.34, 9999.0, 22.64, 22.3, 22.18, 22.25, 22.25
2026-09-08, 08:39:21, 22.25, 22.25, 22.75, 22.75, 9999.0, 9999.0, 9999.0, 23.64, 9999.0, 22.34, 9999.0, 22.61, 22.3, 22.16, 22.25, 22.25
2026-09-08, 08:39:25, 22.25, 22.25, 22.73, 22.75, 9999.0, 9999.0, 9999.0, 23.68, 9999.0, 22.34, 9999.0, 22.59, 22.3, 22.16, 22.25, 22.25
2026-09-08, 08:39:29, 22.25, 22.25, 22.73, 22.73, 9999.0, 9999.0, 9999.0, 23.73, 9999.0, 22.32, 9999.0, 22.57, 22.3, 22.16, 22.25, 22.25
2026-09-08, 08:39:33, 22.25, 22.25, 22.73, 22.73, 9999.0, 9999.0, 9999.0, 23.77, 9999.0, 22.3, 9999.0, 22.57, 22.3, 22.14, 22.25, 22.25
2026-09-08, 08:39:37, 22.23, 22.25, 22.73, 22.73, 9999.0, 9999.0, 9999.0, 23.8, 9999.0, 22.27, 9999.0, 22.55, 22.3, 22.11, 22.25, 22.25
2026-09-08, 08:39:41, 22.23, 22.25, 22.73, 22.73, 9999.0, 9999.0, 9999.0, 23.75, 9999.0, 22.25, 9999.0, 22.55, 22.27, 22.09, 22.25, 22.25
2026-09-08, 08:39:45, 22.23, 22.25, 22.73, 22.73, 9999.0, 9999.0, 9999.0, 23.7, 9999.0, 22.25, 9999.0, 22.57, 22.27, 22.09, 22.25, 22.25
2026-09-08, 08:39:49, 22.23, 22.25, 22.73, 22.73, 9999.0, 9999.0, 9999.0, 23.66, 9999.0, 22.25, 9999.0, 22.59, 22.3, 22.09, 22.25, 22.25
2026-09-08, 08:39:53, 22.23, 22.25, 22.73, 22.73, 9999.0, 9999.0, 9999.0, 23.64, 9999.0, 22.27, 9999.0, 22.61, 22.3, 22.09, 22.25, 22.25
2026-09-08, 08:39:57, 22.23, 22.25, 22.7, 22.73, 9999.0, 9999.0, 9999.0, 23.61, 9999.0, 22.3, 9999.0, 22.64, 22.3, 22.09, 22.25, 22.25
2026-09-08, 08:40:01, 22.23, 22.25, 22.7, 22.73, 9999.0, 9999.0, 9999.0, 23.57, 9999.0, 22.32, 9999.0, 22.66, 22.32, 22.09, 22.25, 22.25
2026-09-08, 08:40:05, 22.23, 22.25, 22.68, 22.73, 9999.0, 9999.0, 9999.0, 23.52, 9999.0, 22.34, 9999.0, 22.66, 22.32, 22.11, 22.25, 22.25
2026-09-08, 08:40:09, 22.23, 22.25, 22.7, 22.73, 9999.0, 9999.0, 9999.0, 23.48, 9999.0, 22.36, 9999.0, 22.68, 22.32, 22.14, 22.25, 22.25
2026-09-08, 08:40:13, 22.23, 22.25, 22.7, 22.75, 9999.0, 9999.0, 9999.0, 23.5, 9999.0, 22.39, 9999.0, 22.68, 22.32, 22.11, 22.25, 22.25
2026-09-08, 08:40:17, 22.23, 22.27, 22.7, 22.75, 9999.0, 9999.0, 9999.0, 23.52, 9999.0, 22.41, 9999.0, 22.66, 22.34, 22.11, 22.25, 22.25
2026-09-08, 08:40:21, 22.25, 22.27, 22.7, 22.75, 9999.0, 9999.0, 9999.0, 23.57, 9999.0, 22.43, 9999.0, 22.66, 22.36, 22.14, 22.25, 22.25
2026-09-08, 08:40:25, 22.25, 22.27, 22.7, 22.73, 9999.0, 9999.0, 9999.0, 23.61, 9999.0, 22.45, 9999.0, 22.64, 22.36, 22.16, 22.25, 22.25
2026-09-08, 08:40:29, 22.25, 22.27, 22.7, 22.73, 9999.0, 9999.0, 9999.0, 23.66, 9999.0, 22.48, 9999.0, 22.61, 22.36, 22.16, 22.25, 22.25
2026-09-08, 08:40:33, 22.25, 22.27, 22.68, 22.73, 9999.0, 9999.0, 9999.0, 23.68, 9999.0, 22.48, 9999.0, 22.59, 22.34, 22.14, 22.25, 22.25
2026-09-08, 08:40:37, 22.25, 22.27, 22.68, 22.73, 9999.0, 9999.0, 9999.0, 23.7, 9999.0, 22.45, 9999.0, 22.57, 22.34, 22.14, 22.25, 22.25
2026-09-08, 08:40:41, 22.25, 22.27, 22.7, 22.73, 9999.0, 9999.0, 9999.0, 23.73, 9999.0, 22.45, 9999.0, 22.55, 22.34, 22.11, 22.25, 22.25
2026-09-08, 08:40:45, 22.25, 22.27, 22.7, 22.73, 9999.0, 9999.0, 9999.0, 23.77, 9999.0, 22.43, 9999.0, 22.52, 22.34, 22.09, 22.25, 22.25
2026-09-08, 08:40:49, 22.25, 22.27, 22.73, 22.73, 9999.0, 9999.0, 9999.0, 23.82, 9999.0, 22.41, 9999.0, 22.52, 22.32, 22.07, 22.25, 22.25
2026-09-08, 08:40:53, 22.25, 22.27, 22.73, 22.73, 9999.0, 9999.0, 9999.0, 23.86, 9999.0, 22.39, 9999.0, 22.52, 22.32, 22.07, 22.25, 22.25
2026-09-08, 08:40:57, 22.25, 22.27, 22.73, 22.73, 9999.0, 9999.0, 9999.0, 23.84, 9999.0, 22.36, 9999.0, 22.55, 22.32, 22.09, 22.25, 22.25
2026-09-08, 08:41:01, 22.25, 22.25, 22.73, 22.73, 9999.0, 9999.0, 9999.0, 23.82, 9999.0, 22.34, 9999.0, 22.57, 22.3, 22.11, 22.25, 22.25
2026-09-08, 08:41:05, 22.25, 22.25, 22.73, 22.73, 9999.0, 9999.0, 9999.0, 23.77, 9999.0, 22.32, 9999.0, 22.59, 22.27, 22.11, 22.25, 22.25
2026-09-08, 08:41:09, 22.25, 22.25, 22.73, 22.75, 9999.0, 9999.0, 9999.0, 23.73, 9999.0, 22.3, 9999.0, 22.61, 22.27, 22.11, 22.25, 22.25
2026-09-08, 08:41:13, 22.25, 22.25, 22.73, 22.75, 9999.0, 9999.0, 9999.0, 23.68, 9999.0, 22.3, 9999.0, 22.64, 22.27, 22.11, 22.25, 22.25
2026-09-08, 08:41:17, 22.25, 22.25, 22.75, 22.75, 9999.0, 9999.0, 9999.0, 23.66, 9999.0, 22.32, 9999.0, 22.66, 22.27, 22.14, 22.25, 22.25
2026-09-08, 08:41:21, 22.25, 22.27, 22.75, 22.75, 9999.0, 9999.0, 9999.0, 23.64, 9999.0, 22.34, 9999.0, 22.68, 22.3, 22.16, 22.25, 22.25
2026-09-08, 08:41:25, 22.25, 22.27, 22.75, 22.75, 9999.0, 9999.0, 9999.0, 23.59, 9999.0, 22.34, 9999.0, 22.7, 22.3, 22.16, 22.25, 22.25
2026-09-08, 08:41:29, 22.25, 22.27, 22.75, 22.75, 9999.0, 9999.0, 9999.0, 23.55, 9999.0, 22.39, 9999.0, 22.73, 22.27, 22.18, 22.25, 22.25
2026-09-08, 08:41:33, 22.25, 22.27, 22.75, 22.75, 9999.0, 9999.0, 9999.0, 23.59, 9999.0, 22.41, 9999.0, 22.73, 22.27, 22.18, 22.25, 22.25
2026-09-08, 08:41:37, 22.25, 22.27, 22.75, 22.75, 9999.0, 9999.0, 9999.0, 23.61, 9999.0, 22.43, 9999.0, 22.7, 22.3, 22.16, 22.25, 22.25
2026-09-08, 08:41:41, 22.25, 22.27, 22.75, 22.75, 9999.0, 9999.0, 9999.0, 23.64, 9999.0, 22.45, 9999.0, 22.7, 22.3, 22.16, 22.25, 22.25
2026-09-08, 08:41:45, 22.25, 22.27, 22.73, 22.75, 9999.0, 9999.0, 9999.0, 23.66, 9999.0, 22.48, 9999.0, 22.68, 22.3, 22.16, 22.25, 22.25
2026-09-08, 08:41:49, 22.25, 22.27, 22.73, 22.75, 9999.0, 9999.0, 9999.0, 23.7, 9999.0, 22.5, 9999.0, 22.66, 22.3, 22.16, 22.25, 22.25
2026-09-08, 08:41:53, 22.25, 22.27, 22.73, 22.75, 9999.0, 9999.0, 9999.0, 23.73, 9999.0, 22.52, 9999.0, 22.64, 22.3, 22.16, 22.25, 22.25
2026-09-08, 08:41:57, 22.25, 22.27, 22.73, 22.75, 9999.0, 9999.0, 9999.0, 23.75, 9999.0, 22.52, 9999.0, 22.61, 22.3, 22.16, 22.25, 22.25
2026-09-08, 08:42:02, 22.25, 22.27, 22.73, 22.75, 9999.0, 9999.0, 9999.0, 23.77, 9999.0, 22.5, 9999.0, 22.59, 22.3, 22.16, 22.25, 22.25
2026-09-08, 08:42:06, 22.25, 22.25, 22.73, 22.75, 9999.0, 9999.0, 9999.0, 23.82, 9999.0, 22.5, 9999.0, 22.57, 22.27, 22.16, 22.25, 22.25
2026-09-08, 08:42:10, 22.25, 22.25, 22.73, 22.75, 9999.0, 9999.0, 9999.0, 23.86, 9999.0, 22.5, 9999.0, 22.57, 22.27, 22.18, 22.25, 22.25
2026-09-08, 08:42:14, 22.25, 22.25, 22.73, 22.75, 9999.0, 9999.0, 9999.0, 23.91, 9999.0, 22.48, 9999.0, 22.57, 22.27, 22.16, 22.25, 22.25
2026-09-08, 08:42:18, 22.25, 22.25, 22.73, 22.75, 9999.0, 9999.0, 9999.0, 23.86, 9999.0, 22.48, 9999.0, 22.57, 22.27, 22.16, 22.25, 22.25
2026-09-08, 08:42:22, 22.25, 22.25, 22.73, 22.75, 9999.0, 9999.0, 9999.0, 23.82, 9999.0, 22.45, 9999.0, 22.59, 22.25, 22.18, 22.25, 22.25
2026-09-08, 08:42:26, 22.25, 22.25, 22.73, 22.75, 9999.0, 9999.0, 9999.0, 23.77, 9999.0, 22.43, 9999.0, 22.59, 22.25, 22.18, 22.25, 22.25
2026-09-08, 08:42:30, 22.25, 22.25, 22.75, 22.73, 9999.0, 9999.0, 9999.0, 23.73, 9999.0, 22.41, 9999.0, 22.61, 22.25, 22.16, 22.25, 22.25
2026-09-08, 08:42:34, 22.25, 22.25, 22.75, 22.73, 9999.0, 9999.0, 9999.0, 23.68, 9999.0, 22.41, 9999.0, 22.64, 22.27, 22.16, 22.25, 22.25
2026-09-08, 08:42:38, 22.25, 22.25, 22.75, 22.73, 9999.0, 9999.0, 9999.0, 23.66, 9999.0, 22.41, 9999.0, 22.66, 22.27, 22.16, 22.25, 22.25
2026-09-08, 08:42:42, 22.25, 22.25, 22.75, 22.7, 9999.0, 9999.0, 9999.0, 23.64, 9999.0, 22.43, 9999.0, 22.68, 22.3, 22.18, 22.25, 22.25
2026-09-08, 08:42:46, 22.25, 22.25, 22.75, 22.7, 9999.0, 9999.0, 9999.0, 23.61, 9999.0, 22.48, 9999.0, 22.7, 22.3, 22.16, 22.25, 22.25
2026-09-08, 08:42:50, 22.25, 22.25, 22.75, 22.7, 9999.0, 9999.0, 9999.0, 23.57, 9999.0, 22.5, 9999.0, 22.73, 22.3, 22.16, 22.25, 22.25
2026-09-08, 08:42:54, 22.25, 22.25, 22.75, 22.7, 9999.0, 9999.0, 9999.0, 23.61, 9999.0, 22.52, 9999.0, 22.7, 22.3, 22.14, 22.25, 22.25
2026-09-08, 08:42:58, 22.25, 22.25, 22.75, 22.7, 9999.0, 9999.0, 9999.0, 23.66, 9999.0, 22.52, 9999.0, 22.68, 22.3, 22.16, 22.25, 22.25
2026-09-08, 08:43:02, 22.25, 22.25, 22.75, 22.7, 9999.0, 9999.0, 9999.0, 23.68, 9999.0, 22.52, 9999.0, 22.68, 22.3, 22.18, 22.25, 22.25
2026-09-08, 08:43:06, 22.25, 22.25, 22.75, 22.7, 9999.0, 9999.0, 9999.0, 23.73, 9999.0, 22.55, 9999.0, 22.66, 22.3, 22.16, 22.25, 22.25
2026-09-08, 08:43:10, 22.25, 22.25, 22.75, 22.7, 9999.0, 9999.0, 9999.0, 23.77, 9999.0, 22.57, 9999.0, 22.64, 22.3, 22.14, 22.25, 22.25
2026-09-08, 08:43:14, 22.25, 22.25, 22.73, 22.73, 9999.0, 9999.0, 9999.0, 23.82, 9999.0, 22.59, 9999.0, 22.61, 22.3, 22.16, 22.25, 22.25
2026-09-08, 08:43:18, 22.25, 22.25, 22.73, 22.73, 9999.0, 9999.0, 9999.0, 23.86, 9999.0, 22.59, 9999.0, 22.59, 22.27, 22.14, 22.25, 22.25
2026-09-08, 08:43:22, 22.25, 22.25, 22.73, 22.7, 9999.0, 9999.0, 9999.0, 23.91, 9999.0, 22.59, 9999.0, 22.57, 22.27, 22.11, 22.25, 22.25
2026-09-08, 08:43:26, 22.25, 22.25, 22.73, 22.7, 9999.0, 9999.0, 9999.0, 23.95, 9999.0, 22.57, 9999.0, 22.55, 22.25, 22.11, 22.25, 22.23
2026-09-08, 08:43:30, 22.25, 22.25, 22.73, 22.7, 9999.0, 9999.0, 9999.0, 24.0, 9999.0, 22.55, 9999.0, 22.52, 22.25, 22.11, 22.25, 22.23
2026-09-08, 08:43:34, 22.25, 22.25, 22.73, 22.7, 9999.0, 9999.0, 9999.0, 24.02, 9999.0, 22.52, 9999.0, 22.5, 22.25, 22.11, 22.25, 22.23
2026-09-08, 08:43:38, 22.25, 22.25, 22.73, 22.7, 9999.0, 9999.0, 9999.0, 23.98, 9999.0, 22.5, 9999.0, 22.52, 22.25, 22.14, 22.25, 22.23
2026-09-08, 08:43:42, 22.25, 22.25, 22.73, 22.68, 9999.0, 9999.0, 9999.0, 23.93, 9999.0, 22.5, 9999.0, 22.55, 22.25, 22.14, 22.25, 22.23
2026-09-08, 08:43:46, 22.25, 22.25, 22.73, 22.68, 9999.0, 9999.0, 9999.0, 23.91, 9999.0, 22.5, 9999.0, 22.57, 22.25, 22.14, 22.25, 22.23
2026-09-08, 08:43:50, 22.25, 22.27, 22.73, 22.66, 9999.0, 9999.0, 9999.0, 23.86, 9999.0, 22.52, 9999.0, 22.59, 22.25, 22.16, 22.25, 22.23
2026-09-08, 08:43:54, 22.25, 22.27, 22.73, 22.66, 9999.0, 9999.0, 9999.0, 23.82, 9999.0, 22.55, 9999.0, 22.59, 22.25, 22.16, 22.25, 22.23
2026-09-08, 08:43:58, 22.25, 22.27, 22.73, 22.66, 9999.0, 9999.0, 9999.0, 23.77, 9999.0, 22.57, 9999.0, 22.59, 22.27, 22.16, 22.25, 22.23
2026-09-08, 08:44:02, 22.25, 22.27, 22.7, 22.66, 9999.0, 9999.0, 9999.0, 23.73, 9999.0, 22.59, 9999.0, 22.59, 22.27, 22.18, 22.25, 22.23
2026-09-08, 08:44:06, 22.25, 22.27, 22.7, 22.66, 9999.0, 9999.0, 9999.0, 23.68, 9999.0, 22.61, 9999.0, 22.59, 22.3, 22.18, 22.25, 22.23
2026-09-08, 08:44:10, 22.25, 22.27, 22.68, 22.68, 9999.0, 9999.0, 9999.0, 23.7, 9999.0, 22.64, 9999.0, 22.59, 22.3, 22.18, 22.25, 22.25
2026-09-08, 08:44:14, 22.25, 22.3, 22.68, 22.68, 9999.0, 9999.0, 9999.0, 23.73, 9999.0, 22.66, 9999.0, 22.59, 22.3, 22.2, 22.25, 22.25
2026-09-08, 08:44:18, 22.23, 22.32, 22.66, 22.68, 9999.0, 9999.0, 9999.0, 23.75, 9999.0, 22.68, 9999.0, 22.59, 22.3, 22.18, 22.25, 22.25
2026-09-08, 08:44:22, 22.23, 22.32, 22.66, 22.68, 9999.0, 9999.0, 9999.0, 23.8, 9999.0, 22.7, 9999.0, 22.57, 22.3, 22.18, 22.25, 22.25
2026-09-08, 08:44:26, 22.23, 22.32, 22.66, 22.7, 9999.0, 9999.0, 9999.0, 23.82, 9999.0, 22.73, 9999.0, 22.55, 22.32, 22.18, 22.25, 22.25
2026-09-08, 08:44:30, 22.23, 22.32, 22.66, 22.7, 9999.0, 9999.0, 9999.0, 23.84, 9999.0, 22.73, 9999.0, 22.52, 22.32, 22.16, 22.25, 22.25
2026-09-08, 08:44:34, 22.23, 22.3, 22.66, 22.7, 9999.0, 9999.0, 9999.0, 23.86, 9999.0, 22.73, 9999.0, 22.5, 22.32, 22.14, 22.25, 22.25
2026-09-08, 08:44:38, 22.23, 22.3, 22.66, 22.7, 9999.0, 9999.0, 9999.0, 23.89, 9999.0, 22.7, 9999.0, 22.5, 22.32, 22.16, 22.25, 22.25
2026-09-08, 08:44:42, 22.23, 22.3, 22.68, 22.68, 9999.0, 9999.0, 9999.0, 23.93, 9999.0, 22.68, 9999.0, 22.5, 22.32, 22.14, 22.25, 22.25
2026-09-08, 08:44:46, 22.23, 22.3, 22.7, 22.68, 9999.0, 9999.0, 9999.0, 23.95, 9999.0, 22.66, 9999.0, 22.52, 22.32, 22.11, 22.25, 22.25
2026-09-08, 08:44:50, 22.23, 22.3, 22.7, 22.7, 9999.0, 9999.0, 9999.0, 23.98, 9999.0, 22.64, 9999.0, 22.55, 22.3, 22.14, 22.25, 22.25
2026-09-08, 08:44:54, 22.23, 22.3, 22.7, 22.7, 9999.0, 9999.0, 9999.0, 23.93, 9999.0, 22.61, 9999.0, 22.55, 22.3, 22.14, 22.25, 22.25
2026-09-08, 08:44:58, 22.23, 22.27, 22.7, 22.68, 9999.0, 9999.0, 9999.0, 23.89, 9999.0, 22.59, 9999.0, 22.57, 22.3, 22.14, 22.25, 22.25
2026-09-08, 08:45:02, 22.25, 22.25, 22.73, 22.68, 9999.0, 9999.0, 9999.0, 23.86, 9999.0, 22.57, 9999.0, 22.59, 22.3, 22.16, 22.25, 22.25
2026-09-08, 08:45:06, 22.25, 22.25, 22.73, 22.68, 9999.0, 9999.0, 9999.0, 23.8, 9999.0, 22.55, 9999.0, 22.61, 22.3, 22.14, 22.25, 22.25
2026-09-08, 08:45:10, 22.25, 22.25, 22.73, 22.66, 9999.0, 9999.0, 9999.0, 23.75, 9999.0, 22.52, 9999.0, 22.64, 22.27, 22.14, 22.25, 22.23
2026-09-08, 08:45:14, 22.25, 22.27, 22.73, 22.66, 9999.0, 9999.0, 9999.0, 23.7, 9999.0, 22.55, 9999.0, 22.66, 22.27, 22.14, 22.25, 22.23
2026-09-08, 08:45:18, 22.25, 22.27, 22.7, 22.66, 9999.0, 9999.0, 9999.0, 23.68, 9999.0, 22.55, 9999.0, 22.68, 22.27, 22.14, 22.25, 22.23
2026-09-08, 08:45:22, 22.25, 22.3, 22.7, 22.66, 9999.0, 9999.0, 9999.0, 23.66, 9999.0, 22.57, 9999.0, 22.68, 22.3, 22.14, 22.25, 22.23
2026-09-08, 08:45:26, 22.25, 22.3, 22.7, 22.68, 9999.0, 9999.0, 9999.0, 23.61, 9999.0, 22.59, 9999.0, 22.68, 22.27, 22.14, 22.25, 22.23
2026-09-08, 08:45:30, 22.25, 22.3, 22.7, 22.66, 9999.0, 9999.0, 9999.0, 23.66, 9999.0, 22.61, 9999.0, 22.66, 22.27, 22.14, 22.25, 22.23
2026-09-08, 08:45:34, 22.25, 22.3, 22.68, 22.66, 9999.0, 9999.0, 9999.0, 23.7, 9999.0, 22.64, 9999.0, 22.64, 22.27, 22.11, 22.25, 22.23
2026-09-08, 08:45:38, 22.25, 22.3, 22.7, 22.66, 9999.0, 9999.0, 9999.0, 23.75, 9999.0, 22.66, 9999.0, 22.64, 22.27, 22.09, 22.25, 22.23
2026-09-08, 08:45:42, 22.25, 22.3, 22.7, 22.68, 9999.0, 9999.0, 9999.0, 23.8, 9999.0, 22.68, 9999.0, 22.61, 22.27, 22.09, 22.25, 22.23
2026-09-08, 08:45:47, 22.25, 22.3, 22.7, 22.68, 9999.0, 9999.0, 9999.0, 23.82, 9999.0, 22.68, 9999.0, 22.59, 22.27, 22.07, 22.25, 22.23
2026-09-08, 08:45:51, 22.25, 22.32, 22.7, 22.66, 9999.0, 9999.0, 9999.0, 23.86, 9999.0, 22.68, 9999.0, 22.57, 22.27, 22.09, 22.25, 22.23
2026-09-08, 08:45:55, 22.25, 22.32, 22.7, 22.66, 9999.0, 9999.0, 9999.0, 23.91, 9999.0, 22.68, 9999.0, 22.55, 22.27, 22.09, 22.25, 22.25
2026-09-08, 08:45:59, 22.25, 22.3, 22.68, 22.64, 9999.0, 9999.0, 9999.0, 23.95, 9999.0, 22.66, 9999.0, 22.52, 22.27, 22.09, 22.25, 22.25
2026-09-08, 08:46:03, 22.23, 22.3, 22.7, 22.64, 9999.0, 9999.0, 9999.0, 23.98, 9999.0, 22.64, 9999.0, 22.48, 22.27, 22.09, 22.25, 22.25
2026-09-08, 08:46:07, 22.23, 22.3, 22.7, 22.64, 9999.0, 9999.0, 9999.0, 24.0, 9999.0, 22.61, 9999.0, 22.5, 22.25, 22.07, 22.25, 22.25
2026-09-08, 08:46:11, 22.23, 22.3, 22.68, 22.61, 9999.0, 9999.0, 9999.0, 24.02, 9999.0, 22.59, 9999.0, 22.5, 22.25, 22.09, 22.25, 22.23
2026-09-08, 08:46:15, 22.23, 22.3, 22.66, 22.61, 9999.0, 9999.0, 9999.0, 23.98, 9999.0, 22.57, 9999.0, 22.52, 22.25, 22.11, 22.25, 22.23
2026-09-08, 08:46:19, 22.23, 22.32, 22.68, 22.59, 9999.0, 9999.0, 9999.0, 23.93, 9999.0, 22.55, 9999.0, 22.55, 22.25, 22.11, 22.25, 22.23
2026-09-08, 08:46:23, 22.23, 22.32, 22.68, 22.59, 9999.0, 9999.0, 9999.0, 23.89, 9999.0, 22.52, 9999.0, 22.57, 22.25, 22.11, 22.25, 22.23
2026-09-08, 08:46:27, 22.23, 22.32, 22.68, 22.57, 9999.0, 9999.0, 9999.0, 23.82, 9999.0, 22.52, 9999.0, 22.59, 22.25, 22.09, 22.25, 22.23
2026-09-08, 08:46:31, 22.23, 22.34, 22.66, 22.55, 9999.0, 9999.0, 9999.0, 23.8, 9999.0, 22.55, 9999.0, 22.61, 22.25, 22.11, 22.25, 22.23
2026-09-08, 08:46:35, 22.23, 22.32, 22.66, 22.57, 9999.0, 9999.0, 9999.0, 23.75, 9999.0, 22.57, 9999.0, 22.64, 22.25, 22.11, 22.25, 22.2
2026-09-08, 08:46:39, 22.23, 22.34, 22.66, 22.57, 9999.0, 9999.0, 9999.0, 23.7, 9999.0, 22.61, 9999.0, 22.66, 22.25, 22.09, 22.25, 22.2
2026-09-08, 08:46:43, 22.23, 22.34, 22.68, 22.59, 9999.0, 9999.0, 9999.0, 23.66, 9999.0, 22.64, 9999.0, 22.66, 22.27, 22.09, 22.25, 22.18
2026-09-08, 08:46:47, 22.25, 22.34, 22.68, 22.59, 9999.0, 9999.0, 9999.0, 23.73, 9999.0, 22.66, 9999.0, 22.68, 22.27, 22.09, 22.25, 22.18
2026-09-08, 08:46:51, 22.25, 22.32, 22.68, 22.57, 9999.0, 9999.0, 9999.0, 23.77, 9999.0, 22.68, 9999.0, 22.66, 22.3, 22.09, 22.25, 22.18
2026-09-08, 08:46:55, 22.25, 22.32, 22.7, 22.57, 9999.0, 9999.0, 9999.0, 23.82, 9999.0, 22.7, 9999.0, 22.66, 22.3, 22.07, 22.25, 22.2
2026-09-08, 08:46:59, 22.25, 22.34, 22.7, 22.57, 9999.0, 9999.0, 9999.0, 23.84, 9999.0, 22.73, 9999.0, 22.64, 22.32, 22.05, 22.25, 22.2
2026-09-08, 08:47:03, 22.25, 22.32, 22.7, 22.57, 9999.0, 9999.0, 9999.0, 23.86, 9999.0, 22.75, 9999.0, 22.61, 22.32, 22.07, 22.25, 22.2
2026-09-08, 08:47:07, 22.25, 22.32, 22.7, 22.55, 9999.0, 9999.0, 9999.0, 23.89, 9999.0, 22.75, 9999.0, 22.59, 22.34, 22.09, 22.25, 22.18
2026-09-08, 08:47:11, 22.25, 22.34, 22.7, 22.57, 9999.0, 9999.0, 9999.0, 23.93, 9999.0, 22.73, 9999.0, 22.55, 22.36, 22.09, 22.25, 22.18
2026-09-08, 08:47:15, 22.25, 22.34, 22.73, 22.57, 9999.0, 9999.0, 9999.0, 23.93, 9999.0, 22.7, 9999.0, 22.52, 22.36, 22.07, 22.25, 22.18
2026-09-08, 08:47:19, 22.25, 22.34, 22.7, 22.57, 9999.0, 9999.0, 9999.0, 23.98, 9999.0, 22.68, 9999.0, 22.48, 22.36, 22.07, 22.25, 22.2
2026-09-08, 08:47:23, 22.25, 22.34, 22.7, 22.57, 9999.0, 9999.0, 9999.0, 24.02, 9999.0, 22.64, 9999.0, 22.43, 22.36, 22.09, 22.25, 22.2
2026-09-08, 08:47:27, 22.25, 22.36, 22.68, 22.55, 9999.0, 9999.0, 9999.0, 24.05, 9999.0, 22.61, 9999.0, 22.45, 22.34, 22.09, 22.25, 22.23
2026-09-08, 08:47:31, 22.25, 22.36, 22.68, 22.55, 9999.0, 9999.0, 9999.0, 23.98, 9999.0, 22.59, 9999.0, 22.45, 22.34, 22.09, 22.25, 22.23
2026-09-08, 08:47:35, 22.25, 22.36, 22.68, 22.55, 9999.0, 9999.0, 9999.0, 23.93, 9999.0, 22.57, 9999.0, 22.48, 22.32, 22.11, 22.25, 22.23
2026-09-08, 08:47:39, 22.25, 22.36, 22.68, 22.57, 9999.0, 9999.0, 9999.0, 23.89, 9999.0, 22.55, 9999.0, 22.5, 22.34, 22.11, 22.25, 22.23
2026-09-08, 08:47:43, 22.25, 22.34, 22.7, 22.59, 9999.0, 9999.0, 9999.0, 23.86, 9999.0, 22.52, 9999.0, 22.52, 22.34, 22.11, 22.25, 22.23
2026-09-08, 08:47:47, 22.25, 22.34, 22.68, 22.59, 9999.0, 9999.0, 9999.0, 23.82, 9999.0, 22.52, 9999.0, 22.55, 22.34, 22.11, 22.25, 22.23
2026-09-08, 08:47:51, 22.25, 22.34, 22.68, 22.61, 9999.0, 9999.0, 9999.0, 23.77, 9999.0, 22.52, 9999.0, 22.57, 22.32, 22.11, 22.25, 22.25
2026-09-08, 08:47:55, 22.23, 22.34, 22.68, 22.59, 9999.0, 9999.0, 9999.0, 23.75, 9999.0, 22.55, 9999.0, 22.61, 22.3, 22.14, 22.25, 22.25
2026-09-08, 08:47:59, 22.23, 22.32, 22.66, 22.59, 9999.0, 9999.0, 9999.0, 23.73, 9999.0, 22.57, 9999.0, 22.61, 22.3, 22.16, 22.25, 22.25
2026-09-08, 08:48:03, 22.23, 22.32, 22.66, 22.57, 9999.0, 9999.0, 9999.0, 23.68, 9999.0, 22.59, 9999.0, 22.64, 22.32, 22.14, 22.25, 22.25
2026-09-08, 08:48:07, 22.23, 22.3, 22.66, 22.57, 9999.0, 9999.0, 9999.0, 23.7, 9999.0, 22.61, 9999.0, 22.66, 22.32, 22.11, 22.25, 22.23
2026-09-08, 08:48:11, 22.23, 22.27, 22.66, 22.57, 9999.0, 9999.0, 9999.0, 23.75, 9999.0, 22.64, 9999.0, 22.64, 22.32, 22.11, 22.25, 22.23
2026-09-08, 08:48:15, 22.2, 22.27, 22.66, 22.57, 9999.0, 9999.0, 9999.0, 23.77, 9999.0, 22.64, 9999.0, 22.64, 22.32, 22.11, 22.25, 22.23
2026-09-08, 08:48:19, 22.2, 22.27, 22.64, 22.57, 9999.0, 9999.0, 9999.0, 23.8, 9999.0, 22.66, 9999.0, 22.61, 22.32, 22.09, 22.25, 22.23
2026-09-08, 08:48:23, 22.2, 22.3, 22.61, 22.55, 9999.0, 9999.0, 9999.0, 23.82, 9999.0, 22.66, 9999.0, 22.59, 22.3, 22.11, 22.25, 22.23
2026-09-08, 08:48:27, 22.2, 22.3, 22.61, 22.52, 9999.0, 9999.0, 9999.0, 23.84, 9999.0, 22.66, 9999.0, 22.57, 22.27, 22.11, 22.25, 22.23
2026-09-08, 08:48:31, 22.2, 22.3, 22.64, 22.52, 9999.0, 9999.0, 9999.0, 23.86, 9999.0, 22.64, 9999.0, 22.55, 22.3, 22.09, 22.25, 22.23
2026-09-08, 08:48:35, 22.2, 22.3, 22.61, 22.52, 9999.0, 9999.0, 9999.0, 23.91, 9999.0, 22.64, 9999.0, 22.5, 22.3, 22.09, 22.25, 22.23
2026-09-08, 08:48:39, 22.23, 22.27, 22.61, 22.52, 9999.0, 9999.0, 9999.0, 23.93, 9999.0, 22.61, 9999.0, 22.48, 22.3, 22.07, 22.25, 22.23
2026-09-08, 08:48:43, 22.23, 22.27, 22.61, 22.52, 9999.0, 9999.0, 9999.0, 23.95, 9999.0, 22.59, 9999.0, 22.48, 22.3, 22.07, 22.25, 22.23
2026-09-08, 08:48:47, 22.23, 22.27, 22.64, 22.52, 9999.0, 9999.0, 9999.0, 23.98, 9999.0, 22.57, 9999.0, 22.48, 22.27, 22.07, 22.25, 22.23
2026-09-08, 08:48:51, 22.23, 22.27, 22.61, 22.52, 9999.0, 9999.0, 9999.0, 23.93, 9999.0, 22.55, 9999.0, 22.5, 22.3, 22.09, 22.25, 22.25
2026-09-08, 08:48:55, 22.23, 22.3, 22.61, 22.55, 9999.0, 9999.0, 9999.0, 23.89, 9999.0, 22.5, 9999.0, 22.52, 22.3, 22.11, 22.25, 22.25
2026-09-08, 08:48:59, 22.25, 22.3, 22.59, 22.55, 9999.0, 9999.0, 9999.0, 23.86, 9999.0, 22.48, 9999.0, 22.55, 22.3, 22.11, 22.25, 22.25
2026-09-08, 08:49:03, 22.25, 22.32, 22.61, 22.55, 9999.0, 9999.0, 9999.0, 23.84, 9999.0, 22.45, 9999.0, 22.57, 22.32, 22.11, 22.25, 22.25
2026-09-08, 08:49:07, 22.25, 22.3, 22.61, 22.55, 9999.0, 9999.0, 9999.0, 23.8, 9999.0, 22.45, 9999.0, 22.59, 22.32, 22.11, 22.25, 22.23
2026-09-08, 08:49:11, 22.25, 22.3, 22.59, 22.57, 9999.0, 9999.0, 9999.0, 23.75, 9999.0, 22.45, 9999.0, 22.61, 22.34, 22.14, 22.25, 22.23
2026-09-08, 08:49:15, 22.25, 22.3, 22.59, 22.57, 9999.0, 9999.0, 9999.0, 23.73, 9999.0, 22.48, 9999.0, 22.64, 22.32, 22.16, 22.25, 22.23
2026-09-08, 08:49:19, 22.25, 22.3, 22.61, 22.55, 9999.0, 9999.0, 9999.0, 23.68, 9999.0, 22.5, 9999.0, 22.66, 22.34, 22.16, 22.25, 22.23
2026-09-08, 08:49:23, 22.25, 22.3, 22.61, 22.55, 9999.0, 9999.0, 9999.0, 23.7, 9999.0, 22.52, 9999.0, 22.66, 22.36, 22.18, 22.25, 22.23
2026-09-08, 08:49:27, 22.25, 22.3, 22.64, 22.55, 9999.0, 9999.0, 9999.0, 23.75, 9999.0, 22.55, 9999.0, 22.66, 22.36, 22.18, 22.25, 22.23
2026-09-08, 08:49:31, 22.25, 22.3, 22.64, 22.57, 9999.0, 9999.0, 9999.0, 23.8, 9999.0, 22.57, 9999.0, 22.66, 22.36, 22.18, 22.23, 22.23
2026-09-08, 08:49:36, 22.25, 22.3, 22.66, 22.59, 9999.0, 9999.0, 9999.0, 23.82, 9999.0, 22.57, 9999.0, 22.64, 22.34, 22.16, 22.23, 22.2
2026-09-08, 08:49:40, 22.25, 22.3, 22.68, 22.57, 9999.0, 9999.0, 9999.0, 23.84, 9999.0, 22.59, 9999.0, 22.61, 22.34, 22.16, 22.23, 22.2
2026-09-08, 08:49:44, 22.25, 22.3, 22.7, 22.57, 9999.0, 9999.0, 9999.0, 23.86, 9999.0, 22.61, 9999.0, 22.59, 22.34, 22.18, 22.23, 22.2
2026-09-08, 08:49:48, 22.25, 22.3, 22.7, 22.59, 9999.0, 9999.0, 9999.0, 23.89, 9999.0, 22.61, 9999.0, 22.57, 22.32, 22.18, 22.23, 22.2
2026-09-08, 08:49:52, 22.25, 22.3, 22.73, 22.59, 9999.0, 9999.0, 9999.0, 23.91, 9999.0, 22.61, 9999.0, 22.55, 22.32, 22.18, 22.23, 22.23
2026-09-08, 08:49:56, 22.25, 22.3, 22.75, 22.57, 9999.0, 9999.0, 9999.0, 23.95, 9999.0, 22.61, 9999.0, 22.5, 22.32, 22.18, 22.23, 22.23
2026-09-08, 08:50:00, 22.25, 22.32, 22.75, 22.59, 9999.0, 9999.0, 9999.0, 24.0, 9999.0, 22.59, 9999.0, 22.5, 22.32, 22.16, 22.23, 22.23
2026-09-08, 08:50:04, 22.25, 22.32, 22.75, 22.59, 9999.0, 9999.0, 9999.0, 24.05, 9999.0, 22.55, 9999.0, 22.5, 22.3, 22.14, 22.23, 22.23
2026-09-08, 08:50:08, 22.25, 22.32, 22.75, 22.59, 9999.0, 9999.0, 9999.0, 24.0, 9999.0, 22.5, 9999.0, 22.5, 22.27, 22.11, 22.23, 22.23
2026-09-08, 08:50:12, 22.25, 22.32, 22.75, 22.59, 9999.0, 9999.0, 9999.0, 23.95, 9999.0, 22.45, 9999.0, 22.52, 22.3, 22.09, 22.23, 22.23
2026-09-08, 08:50:16, 22.25, 22.34, 22.75, 22.57, 9999.0, 9999.0, 9999.0, 23.91, 9999.0, 22.43, 9999.0, 22.55, 22.3, 22.09, 22.23, 22.23
2026-09-08, 08:50:20, 22.25, 22.36, 22.75, 22.55, 9999.0, 9999.0, 9999.0, 23.86, 9999.0, 22.45, 9999.0, 22.57, 22.3, 22.11, 22.23, 22.25
2026-09-08, 08:50:24, 22.25, 22.36, 22.75, 22.55, 9999.0, 9999.0, 9999.0, 23.82, 9999.0, 22.45, 9999.0, 22.59, 22.3, 22.11, 22.23, 22.25
2026-09-08, 08:50:28, 22.25, 22.36, 22.73, 22.57, 9999.0, 9999.0, 9999.0, 23.77, 9999.0, 22.45, 9999.0, 22.61, 22.32, 22.09, 22.23, 22.25
2026-09-08, 08:50:32, 22.23, 22.34, 22.73, 22.57, 9999.0, 9999.0, 9999.0, 23.73, 9999.0, 22.48, 9999.0, 22.61, 22.32, 22.11, 22.23, 22.25
2026-09-08, 08:50:36, 22.23, 22.34, 22.73, 22.57, 9999.0, 9999.0, 9999.0, 23.7, 9999.0, 22.5, 9999.0, 22.64, 22.32, 22.09, 22.23, 22.25
2026-09-08, 08:50:40, 22.23, 22.34, 22.73, 22.57, 9999.0, 9999.0, 9999.0, 23.66, 9999.0, 22.52, 9999.0, 22.66, 22.32, 22.09, 22.23, 22.23
2026-09-08, 08:50:44, 22.23, 22.34, 22.73, 22.55, 9999.0, 9999.0, 9999.0, 23.68, 9999.0, 22.52, 9999.0, 22.64, 22.32, 22.09, 22.23, 22.2
2026-09-08, 08:50:48, 22.23, 22.34, 22.73, 22.55, 9999.0, 9999.0, 9999.0, 23.7, 9999.0, 22.55, 9999.0, 22.64, 22.32, 22.09, 22.23, 22.2
2026-09-08, 08:50:52, 22.23, 22.34, 22.73, 22.57, 9999.0, 9999.0, 9999.0, 23.73, 9999.0, 22.57, 9999.0, 22.64, 22.34, 22.09, 22.23, 22.2
2026-09-08, 08:50:56, 22.23, 22.34, 22.73, 22.59, 9999.0, 9999.0, 9999.0, 23.75, 9999.0, 22.59, 9999.0, 22.61, 22.32, 22.09, 22.23, 22.2
2026-09-08, 08:51:00, 22.23, 22.32, 22.73, 22.59, 9999.0, 9999.0, 9999.0, 23.77, 9999.0, 22.59, 9999.0, 22.59, 22.32, 22.11, 22.25, 22.2
2026-09-08, 08:51:04, 22.23, 22.3, 22.73, 22.59, 9999.0, 9999.0, 9999.0, 23.82, 9999.0, 22.57, 9999.0, 22.57, 22.32, 22.11, 22.25, 22.2
2026-09-08, 08:51:08, 22.23, 22.3, 22.73, 22.61, 9999.0, 9999.0, 9999.0, 23.84, 9999.0, 22.57, 9999.0, 22.55, 22.32, 22.11, 22.25, 22.2
2026-09-08, 08:51:12, 22.23, 22.3, 22.73, 22.59, 9999.0, 9999.0, 9999.0, 23.86, 9999.0, 22.57, 9999.0, 22.52, 22.3, 22.14, 22.25, 22.18
2026-09-08, 08:51:16, 22.25, 22.3, 22.73, 22.57, 9999.0, 9999.0, 9999.0, 23.89, 9999.0, 22.52, 9999.0, 22.52, 22.3, 22.11, 22.23, 22.18
2026-09-08, 08:51:20, 22.25, 22.3, 22.7, 22.59, 9999.0, 9999.0, 9999.0, 23.91, 9999.0, 22.5, 9999.0, 22.52, 22.3, 22.11, 22.23, 22.16
2026-09-08, 08:51:24, 22.25, 22.3, 22.7, 22.59, 9999.0, 9999.0, 9999.0, 23.93, 9999.0, 22.45, 9999.0, 22.52, 22.27, 22.11, 22.23, 22.18
2026-09-08, 08:51:28, 22.23, 22.27, 22.7, 22.61, 9999.0, 9999.0, 9999.0, 23.89, 9999.0, 22.43, 9999.0, 22.55, 22.3, 22.14, 22.23, 22.2
2026-09-08, 08:51:32, 22.2, 22.27, 22.7, 22.64, 9999.0, 9999.0, 9999.0, 23.84, 9999.0, 22.41, 9999.0, 22.57, 22.3, 22.14, 22.23, 22.2
2026-09-08, 08:51:36, 22.2, 22.27, 22.7, 22.64, 9999.0, 9999.0, 9999.0, 23.82, 9999.0, 22.39, 9999.0, 22.59, 22.27, 22.16, 22.23, 22.2
2026-09-08, 08:51:40, 22.18, 22.27, 22.68, 22.61, 9999.0, 9999.0, 9999.0, 23.77, 9999.0, 22.39, 9999.0, 22.61, 22.27, 22.18, 22.23, 22.2
2026-09-08, 08:51:44, 22.18, 22.3, 22.68, 22.61, 9999.0, 9999.0, 9999.0, 23.73, 9999.0, 22.36, 9999.0, 22.64, 22.27, 22.18, 22.2, 22.2
2026-09-08, 08:51:48, 22.18, 22.3, 22.66, 22.64, 9999.0, 9999.0, 9999.0, 23.68, 9999.0, 22.36, 9999.0, 22.64, 22.3, 22.18, 22.2, 22.2
2026-09-08, 08:51:52, 22.18, 22.27, 22.66, 22.64, 9999.0, 9999.0, 9999.0, 23.66, 9999.0, 22.36, 9999.0, 22.64, 22.3, 22.18, 22.2, 22.2
2026-09-08, 08:51:56, 22.18, 22.3, 22.68, 22.64, 9999.0, 9999.0, 9999.0, 23.64, 9999.0, 22.36, 9999.0, 22.64, 22.3, 22.16, 22.2, 22.23
2026-09-08, 08:52:00, 22.18, 22.3, 22.68, 22.66, 9999.0, 9999.0, 9999.0, 23.68, 9999.0, 22.39, 9999.0, 22.64, 22.32, 22.18, 22.23, 22.2
2026-09-08, 08:52:04, 22.18, 22.3, 22.7, 22.66, 9999.0, 9999.0, 9999.0, 23.73, 9999.0, 22.39, 9999.0, 22.61, 22.32, 22.18, 22.23, 22.23
2026-09-08, 08:52:08, 22.18, 22.32, 22.68, 22.68, 9999.0, 9999.0, 9999.0, 23.75, 9999.0, 22.39, 9999.0, 22.61, 22.34, 22.16, 22.23, 22.23
2026-09-08, 08:52:12, 22.2, 22.32, 22.68, 22.68, 9999.0, 9999.0, 9999.0, 23.77, 9999.0, 22.41, 9999.0, 22.59, 22.32, 22.14, 22.2, 22.23
2026-09-08, 08:52:16, 22.23, 22.32, 22.68, 22.68, 9999.0, 9999.0, 9999.0, 23.8, 9999.0, 22.41, 9999.0, 22.57, 22.34, 22.16, 22.2, 22.23
2026-09-08, 08:52:20, 22.23, 22.32, 22.68, 22.66, 9999.0, 9999.0, 9999.0, 23.82, 9999.0, 22.43, 9999.0, 22.55, 22.34, 22.14, 22.2, 22.23
2026-09-08, 08:52:24, 22.25, 22.32, 22.68, 22.68, 9999.0, 9999.0, 9999.0, 23.84, 9999.0, 22.41, 9999.0, 22.52, 22.36, 22.11, 22.2, 22.23
2026-09-08, 08:52:28, 22.25, 22.3, 22.68, 22.68, 9999.0, 9999.0, 9999.0, 23.86, 9999.0, 22.43, 9999.0, 22.5, 22.36, 22.11, 22.23, 22.23
2026-09-08, 08:52:32, 22.25, 22.3, 22.7, 22.66, 9999.0, 9999.0, 9999.0, 23.89, 9999.0, 22.41, 9999.0, 22.5, 22.34, 22.11, 22.23, 22.23
2026-09-08, 08:52:36, 22.25, 22.3, 22.68, 22.64, 9999.0, 9999.0, 9999.0, 23.91, 9999.0, 22.39, 9999.0, 22.52, 22.34, 22.09, 22.23, 22.23
2026-09-08, 08:52:40, 22.25, 22.27, 22.68, 22.64, 9999.0, 9999.0, 9999.0, 23.93, 9999.0, 22.36, 9999.0, 22.52, 22.34, 22.09, 22.23, 22.23
2026-09-08, 08:52:44, 22.25, 22.27, 22.68, 22.61, 9999.0, 9999.0, 9999.0, 23.89, 9999.0, 22.34, 9999.0, 22.55, 22.32, 22.07, 22.23, 22.25
2026-09-08, 08:52:48, 22.25, 22.27, 22.66, 22.59, 9999.0, 9999.0, 9999.0, 23.82, 9999.0, 22.32, 9999.0, 22.57, 22.32, 22.09, 22.23, 22.23
2026-09-08, 08:52:52, 22.25, 22.25, 22.66, 22.57, 9999.0, 9999.0, 9999.0, 23.77, 9999.0, 22.32, 9999.0, 22.59, 22.3, 22.11, 22.23, 22.23
2026-09-08, 08:52:56, 22.25, 22.25, 22.66, 22.57, 9999.0, 9999.0, 9999.0, 23.73, 9999.0, 22.3, 9999.0, 22.61, 22.3, 22.14, 22.25, 22.23
2026-09-08, 08:53:00, 22.25, 22.25, 22.64, 22.55, 9999.0, 9999.0, 9999.0, 23.68, 9999.0, 22.32, 9999.0, 22.64, 22.27, 22.14, 22.25, 22.23
2026-09-08, 08:53:04, 22.25, 22.25, 22.64, 22.55, 9999.0, 9999.0, 9999.0, 23.64, 9999.0, 22.3, 9999.0, 22.64, 22.27, 22.16, 22.25, 22.23
2026-09-08, 08:53:08, 22.25, 22.25, 22.66, 22.52, 9999.0, 9999.0, 9999.0, 23.61, 9999.0, 22.32, 9999.0, 22.66, 22.25, 22.18, 22.25, 22.2
2026-09-08, 08:53:12, 22.25, 22.25, 22.66, 22.55, 9999.0, 9999.0, 9999.0, 23.57, 9999.0, 22.32, 9999.0, 22.66, 22.27, 22.16, 22.25, 22.2
2026-09-08, 08:53:17, 22.25, 22.25, 22.66, 22.55, 9999.0, 9999.0, 9999.0, 23.55, 9999.0, 22.34, 9999.0, 22.66, 22.3, 22.16, 22.25, 22.2
2026-09-08, 08:53:21, 22.25, 22.25, 22.68, 22.55, 9999.0, 9999.0, 9999.0, 23.59, 9999.0, 22.36, 9999.0, 22.64, 22.3, 22.16, 22.25, 22.2
2026-09-08, 08:53:25, 22.23, 22.25, 22.66, 22.57, 9999.0, 9999.0, 9999.0, 23.61, 9999.0, 22.39, 9999.0, 22.64, 22.3, 22.18, 22.25, 22.2
2026-09-08, 08:53:29, 22.23, 22.25, 22.66, 22.57, 9999.0, 9999.0, 9999.0, 23.64, 9999.0, 22.41, 9999.0, 22.61, 22.3, 22.18, 22.25, 22.2
2026-09-08, 08:53:33, 22.23, 22.25, 22.68, 22.57, 9999.0, 9999.0, 9999.0, 23.68, 9999.0, 22.43, 9999.0, 22.59, 22.3, 22.16, 22.25, 22.23
2026-09-08, 08:53:37, 22.23, 22.27, 22.7, 22.59, 9999.0, 9999.0, 9999.0, 23.7, 9999.0, 22.43, 9999.0, 22.57, 22.32, 22.16, 22.25, 22.23
2026-09-08, 08:53:41, 22.23, 22.27, 22.7, 22.57, 9999.0, 9999.0, 9999.0, 23.75, 9999.0, 22.43, 9999.0, 22.55, 22.32, 22.16, 22.25, 22.23
2026-09-08, 08:53:45, 22.23, 22.27, 22.7, 22.59, 9999.0, 9999.0, 9999.0, 23.77, 9999.0, 22.41, 9999.0, 22.52, 22.32, 22.14, 22.25, 22.2
2026-09-08, 08:53:49, 22.23, 22.27, 22.68, 22.59, 9999.0, 9999.0, 9999.0, 23.8, 9999.0, 22.41, 9999.0, 22.52, 22.32, 22.11, 22.25, 22.2
2026-09-08, 08:53:53, 22.23, 22.3, 22.68, 22.59, 9999.0, 9999.0, 9999.0, 23.82, 9999.0, 22.39, 9999.0, 22.48, 22.32, 22.09, 22.25, 22.23
2026-09-08, 08:53:57, 22.23, 22.3, 22.66, 22.59, 9999.0, 9999.0, 9999.0, 23.86, 9999.0, 22.36, 9999.0, 22.48, 22.3, 22.09, 22.25, 22.23
2026-09-08, 08:54:01, 22.23, 22.3, 22.64, 22.61, 9999.0, 9999.0, 9999.0, 23.89, 9999.0, 22.34, 9999.0, 22.48, 22.27, 22.09, 22.25, 22.23
2026-09-08, 08:54:05, 22.23, 22.3, 22.64, 22.64, 9999.0, 9999.0, 9999.0, 23.82, 9999.0, 22.32, 9999.0, 22.5, 22.27, 22.11, 22.25, 22.23
2026-09-08, 08:54:09, 22.25, 22.3, 22.66, 22.64, 9999.0, 9999.0, 9999.0, 23.8, 9999.0, 22.3, 9999.0, 22.52, 22.3, 22.09, 22.25, 22.23
2026-09-08, 08:54:13, 22.25, 22.3, 22.66, 22.64, 9999.0, 9999.0, 9999.0, 23.77, 9999.0, 22.25, 9999.0, 22.55, 22.3, 22.09, 22.25, 22.23
2026-09-08, 08:54:17, 22.25, 22.32, 22.66, 22.66, 9999.0, 9999.0, 9999.0, 23.73, 9999.0, 22.23, 9999.0, 22.57, 22.3, 22.11, 22.25, 22.23
2026-09-08, 08:54:21, 22.23, 22.32, 22.66, 22.66, 9999.0, 9999.0, 9999.0, 23.7, 9999.0, 22.25, 9999.0, 22.59, 22.3, 22.11, 22.25, 22.2
2026-09-08, 08:54:25, 22.23, 22.34, 22.66, 22.66, 9999.0, 9999.0, 9999.0, 23.66, 9999.0, 22.27, 9999.0, 22.61, 22.32, 22.09, 22.25, 22.2
2026-09-08, 08:54:29, 22.23, 22.34, 22.68, 22.66, 9999.0, 9999.0, 9999.0, 23.64, 9999.0, 22.32, 9999.0, 22.61, 22.34, 22.11, 22.25, 22.23
2026-09-08, 08:54:33, 22.23, 22.34, 22.7, 22.68, 9999.0, 9999.0, 9999.0, 23.59, 9999.0, 22.34, 9999.0, 22.61, 22.36, 22.11, 22.25, 22.23
2026-09-08, 08:54:37, 22.23, 22.34, 22.68, 22.7, 9999.0, 9999.0, 9999.0, 23.64, 9999.0, 22.36, 9999.0, 22.64, 22.39, 22.14, 22.25, 22.23
2026-09-08, 08:54:41, 22.23, 22.34, 22.7, 22.68, 9999.0, 9999.0, 9999.0, 23.68, 9999.0, 22.39, 9999.0, 22.64, 22.39, 22.14, 22.25, 22.23
2026-09-08, 08:54:45, 22.23, 22.34, 22.73, 22.66, 9999.0, 9999.0, 9999.0, 23.73, 9999.0, 22.39, 9999.0, 22.64, 22.39, 22.11, 22.25, 22.23
2026-09-08, 08:54:49, 22.23, 22.34, 22.73, 22.66, 9999.0, 9999.0, 9999.0, 23.77, 9999.0, 22.39, 9999.0, 22.61, 22.39, 22.09, 22.25, 22.2
2026-09-08, 08:54:53, 22.23, 22.34, 22.73, 22.66, 9999.0, 9999.0, 9999.0, 23.8, 9999.0, 22.41, 9999.0, 22.59, 22.39, 22.11, 22.25, 22.2
2026-09-08, 08:54:57, 22.23, 22.36, 22.73, 22.68, 9999.0, 9999.0, 9999.0, 23.82, 9999.0, 22.43, 9999.0, 22.57, 22.39, 22.11, 22.25, 22.2
2026-09-08, 08:55:01, 22.23, 22.34, 22.73, 22.66, 9999.0, 9999.0, 9999.0, 23.84, 9999.0, 22.43, 9999.0, 22.55, 22.39, 22.09, 22.25, 22.2
2026-09-08, 08:55:05, 22.25, 22.32, 22.73, 22.66, 9999.0, 9999.0, 9999.0, 23.86, 9999.0, 22.41, 9999.0, 22.52, 22.36, 22.07, 22.25, 22.23
2026-09-08, 08:55:09, 22.25, 22.3, 22.73, 22.68, 9999.0, 9999.0, 9999.0, 23.89, 9999.0, 22.39, 9999.0, 22.5, 22.34, 22.09, 22.23, 22.23
2026-09-08, 08:55:13, 22.25, 22.3, 22.7, 22.66, 9999.0, 9999.0, 9999.0, 23.91, 9999.0, 22.34, 9999.0, 22.5, 22.32, 22.07, 22.23, 22.23
2026-09-08, 08:55:17, 22.25, 22.32, 22.68, 22.66, 9999.0, 9999.0, 9999.0, 23.95, 9999.0, 22.32, 9999.0, 22.5, 22.3, 22.09, 22.23, 22.23
2026-09-08, 08:55:21, 22.25, 22.3, 22.7, 22.66, 9999.0, 9999.0, 9999.0, 23.91, 9999.0, 22.3, 9999.0, 22.5, 22.27, 22.07, 22.23, 22.23
2026-09-08, 08:55:25, 22.25, 22.3, 22.7, 22.68, 9999.0, 9999.0, 9999.0, 23.86, 9999.0, 22.25, 9999.0, 22.52, 22.3, 22.09, 22.23, 22.23
2026-09-08, 08:55:29, 22.25, 22.3, 22.68, 22.7, 9999.0, 9999.0, 9999.0, 23.8, 9999.0, 22.23, 9999.0, 22.55, 22.3, 22.11, 22.23, 22.23
2026-09-08, 08:55:33, 22.25, 22.3, 22.68, 22.7, 9999.0, 9999.0, 9999.0, 23.75, 9999.0, 22.23, 9999.0, 22.57, 22.3, 22.14, 22.23, 22.25
2026-09-08, 08:55:37, 22.25, 22.3, 22.68, 22.7, 9999.0, 9999.0, 9999.0, 23.7, 9999.0, 22.2, 9999.0, 22.59, 22.27, 22.14, 22.23, 22.25
2026-09-08, 08:55:41, 22.25, 22.27, 22.68, 22.7, 9999.0, 9999.0, 9999.0, 23.66, 9999.0, 22.2, 9999.0, 22.59, 22.3, 22.16, 22.23, 22.25
2026-09-08, 08:55:45, 22.25, 22.27, 22.66, 22.73, 9999.0, 9999.0, 9999.0, 23.64, 9999.0, 22.2, 9999.0, 22.61, 22.32, 22.18, 22.23, 22.25
2026-09-08, 08:55:49, 22.25, 22.27, 22.66, 22.73, 9999.0, 9999.0, 9999.0, 23.61, 9999.0, 22.23, 9999.0, 22.61, 22.34, 22.2, 22.23, 22.25
2026-09-08, 08:55:53, 22.25, 22.3, 22.66, 22.7, 9999.0, 9999.0, 9999.0, 23.59, 9999.0, 22.25, 9999.0, 22.64, 22.34, 22.2, 22.25, 22.23
2026-09-08, 08:55:57, 22.25, 22.3, 22.68, 22.7, 9999.0, 9999.0, 9999.0, 23.64, 9999.0, 22.25, 9999.0, 22.64, 22.36, 22.23, 22.25, 22.23
2026-09-08, 08:56:01, 22.25, 22.27, 22.7, 22.7, 9999.0, 9999.0, 9999.0, 23.66, 9999.0, 22.25, 9999.0, 22.64, 22.39, 22.23, 22.25, 22.23
2026-09-08, 08:56:05, 22.25, 22.27, 22.7, 22.7, 9999.0, 9999.0, 9999.0, 23.68, 9999.0, 22.25, 9999.0, 22.64, 22.39, 22.23, 22.25, 22.23
2026-09-08, 08:56:09, 22.23, 22.27, 22.7, 22.68, 9999.0, 9999.0, 9999.0, 23.7, 9999.0, 22.27, 9999.0, 22.61, 22.36, 22.23, 22.25, 22.23
2026-09-08, 08:56:13, 22.23, 22.3, 22.7, 22.68, 9999.0, 9999.0, 9999.0, 23.75, 9999.0, 22.3, 9999.0, 22.59, 22.36, 22.23, 22.25, 22.2
2026-09-08, 08:56:17, 22.23, 22.3, 22.7, 22.68, 9999.0, 9999.0, 9999.0, 23.77, 9999.0, 22.3, 9999.0, 22.57, 22.36, 22.23, 22.25, 22.2
2026-09-08, 08:56:21, 22.23, 22.3, 22.7, 22.68, 9999.0, 9999.0, 9999.0, 23.8, 9999.0, 22.3, 9999.0, 22.55, 22.36, 22.2, 22.25, 22.2
2026-09-08, 08:56:25, 22.23, 22.32, 22.7, 22.68, 9999.0, 9999.0, 9999.0, 23.82, 9999.0, 22.3, 9999.0, 22.55, 22.34, 22.18, 22.25, 22.2
2026-09-08, 08:56:29, 22.23, 22.32, 22.7, 22.68, 9999.0, 9999.0, 9999.0, 23.84, 9999.0, 22.3, 9999.0, 22.52, 22.32, 22.16, 22.25, 22.2
2026-09-08, 08:56:33, 22.23, 22.32, 22.7, 22.68, 9999.0, 9999.0, 9999.0, 23.86, 9999.0, 22.27, 9999.0, 22.52, 22.32, 22.16, 22.25, 22.2
2026-09-08, 08:56:37, 22.23, 22.3, 22.7, 22.7, 9999.0, 9999.0, 9999.0, 23.86, 9999.0, 22.23, 9999.0, 22.5, 22.32, 22.16, 22.25, 22.23
2026-09-08, 08:56:41, 22.23, 22.3, 22.7, 22.73, 9999.0, 9999.0, 9999.0, 23.82, 9999.0, 22.2, 9999.0, 22.52, 22.3, 22.16, 22.23, 22.2
2026-09-08, 08:56:45, 22.23, 22.3, 22.7, 22.73, 9999.0, 9999.0, 9999.0, 23.77, 9999.0, 22.18, 9999.0, 22.55, 22.27, 22.16, 22.23, 22.2
2026-09-08, 08:56:49, 22.23, 22.3, 22.68, 22.73, 9999.0, 9999.0, 9999.0, 23.73, 9999.0, 22.16, 9999.0, 22.57, 22.27, 22.18, 22.23, 22.2
2026-09-08, 08:56:53, 22.25, 22.3, 22.66, 22.75, 9999.0, 9999.0, 9999.0, 23.68, 9999.0, 22.16, 9999.0, 22.59, 22.27, 22.18, 22.23, 22.2
2026-09-08, 08:56:57, 22.25, 22.27, 22.68, 22.75, 9999.0, 9999.0, 9999.0, 23.64, 9999.0, 22.16, 9999.0, 22.61, 22.3, 22.16, 22.23, 22.23
2026-09-08, 08:57:01, 22.25, 22.27, 22.68, 22.75, 9999.0, 9999.0, 9999.0, 23.59, 9999.0, 22.16, 9999.0, 22.64, 22.32, 22.14, 22.23, 22.23
2026-09-08, 08:57:05, 22.25, 22.3, 22.68, 22.75, 9999.0, 9999.0, 9999.0, 23.55, 9999.0, 22.16, 9999.0, 22.64, 22.34, 22.16, 22.23, 22.23
2026-09-08, 08:57:10, 22.25, 22.27, 22.68, 22.75, 9999.0, 9999.0, 9999.0, 23.5, 9999.0, 22.16, 9999.0, 22.64, 22.36, 22.18, 22.23, 22.23
2026-09-08, 08:57:14, 22.25, 22.27, 22.7, 22.75, 9999.0, 9999.0, 9999.0, 23.52, 9999.0, 22.16, 9999.0, 22.64, 22.39, 22.18, 22.2, 22.23
2026-09-08, 08:57:18, 22.23, 22.3, 22.7, 22.73, 9999.0, 9999.0, 9999.0, 23.55, 9999.0, 22.16, 9999.0, 22.64, 22.36, 22.16, 22.2, 22.23
2026-09-08, 08:57:22, 22.23, 22.3, 22.7, 22.73, 9999.0, 9999.0, 9999.0, 23.59, 9999.0, 22.18, 9999.0, 22.64, 22.36, 22.14, 22.2, 22.23
2026-09-08, 08:57:26, 22.23, 22.3, 22.68, 22.7, 9999.0, 9999.0, 9999.0, 23.61, 9999.0, 22.2, 9999.0, 22.61, 22.36, 22.11, 22.23, 22.25
2026-09-08, 08:57:30, 22.2, 22.32, 22.68, 22.7, 9999.0, 9999.0, 9999.0, 23.64, 9999.0, 22.2, 9999.0, 22.59, 22.36, 22.09, 22.23, 22.25
2026-09-08, 08:57:34, 22.2, 22.32, 22.7, 22.7, 9999.0, 9999.0, 9999.0, 23.66, 9999.0, 22.23, 9999.0, 22.57, 22.36, 22.09, 22.23, 22.25
2026-09-08, 08:57:38, 22.2, 22.32, 22.73, 22.68, 9999.0, 9999.0, 9999.0, 23.68, 9999.0, 22.2, 9999.0, 22.55, 22.36, 22.07, 22.23, 22.25
2026-09-08, 08:57:42, 22.2, 22.32, 22.73, 22.68, 9999.0, 9999.0, 9999.0, 23.7, 9999.0, 22.18, 9999.0, 22.52, 22.34, 22.07, 22.23, 22.25
2026-09-08, 08:57:46, 22.2, 22.32, 22.73, 22.68, 9999.0, 9999.0, 9999.0, 23.75, 9999.0, 22.18, 9999.0, 22.48, 22.32, 22.09, 22.23, 22.23
2026-09-08, 08:57:50, 22.2, 22.3, 22.73, 22.68, 9999.0, 9999.0, 9999.0, 23.8, 9999.0, 22.16, 9999.0, 22.5, 22.32, 22.09, 22.23, 22.2
2026-09-08, 08:57:54, 22.2, 22.32, 22.7, 22.68, 9999.0, 9999.0, 9999.0, 23.82, 9999.0, 22.14, 9999.0, 22.52, 22.3, 22.07, 22.23, 22.2
2026-09-08, 08:57:58, 22.2, 22.32, 22.7, 22.68, 9999.0, 9999.0, 9999.0, 23.77, 9999.0, 22.11, 9999.0, 22.52, 22.27, 22.09, 22.25, 22.2
2026-09-08, 08:58:02, 22.23, 22.32, 22.7, 22.7, 9999.0, 9999.0, 9999.0, 23.73, 9999.0, 22.09, 9999.0, 22.55, 22.27, 22.11, 22.25, 22.2
2026-09-08, 08:58:06, 22.23, 22.32, 22.7, 22.7, 9999.0, 9999.0, 9999.0, 23.68, 9999.0, 22.07, 9999.0, 22.57, 22.27, 22.11, 22.25, 22.2
2026-09-08, 08:58:10, 22.23, 22.32, 22.73, 22.73, 9999.0, 9999.0, 9999.0, 23.64, 9999.0, 22.05, 9999.0, 22.59, 22.3, 22.11, 22.25, 22.2
2026-09-08, 08:58:14, 22.25, 22.32, 22.73, 22.73, 9999.0, 9999.0, 9999.0, 23.61, 9999.0, 22.07, 9999.0, 22.61, 22.3, 22.14, 22.25, 22.2
2026-09-08, 08:58:18, 22.25, 22.32, 22.73, 22.73, 9999.0, 9999.0, 9999.0, 23.57, 9999.0, 22.07, 9999.0, 22.64, 22.32, 22.14, 22.25, 22.2
2026-09-08, 08:58:22, 22.25, 22.34, 22.73, 22.75, 9999.0, 9999.0, 9999.0, 23.52, 9999.0, 22.11, 9999.0, 22.66, 22.32, 22.16, 22.25, 22.2
2026-09-08, 08:58:26, 22.25, 22.34, 22.73, 22.75, 9999.0, 9999.0, 9999.0, 23.48, 9999.0, 22.14, 9999.0, 22.66, 22.34, 22.18, 22.25, 22.2
2026-09-08, 08:58:30, 22.25, 22.34, 22.73, 22.75, 9999.0, 9999.0, 9999.0, 23.43, 9999.0, 22.14, 9999.0, 22.7, 22.36, 22.18, 22.25, 22.23
2026-09-08, 08:58:34, 22.25, 22.34, 22.73, 22.75, 9999.0, 9999.0, 9999.0, 23.45, 9999.0, 22.16, 9999.0, 22.7, 22.36, 22.18, 22.25, 22.25
2026-09-08, 08:58:38, 22.25, 22.32, 22.75, 22.73, 9999.0, 9999.0, 9999.0, 23.5, 9999.0, 22.18, 9999.0, 22.68, 22.39, 22.2, 22.25, 22.25
2026-09-08, 08:58:42, 22.25, 22.32, 22.75, 22.73, 9999.0, 9999.0, 9999.0, 23.55, 9999.0, 22.2, 9999.0, 22.68, 22.39, 22.18, 22.25, 22.25
2026-09-08, 08:58:46, 22.25, 22.3, 22.75, 22.73, 9999.0, 9999.0, 9999.0, 23.59, 9999.0, 22.23, 9999.0, 22.66, 22.41, 22.18, 22.25, 22.25
2026-09-08, 08:58:50, 22.25, 22.32, 22.75, 22.73, 9999.0, 9999.0, 9999.0, 23.61, 9999.0, 22.25, 9999.0, 22.64, 22.41, 22.18, 22.25, 22.25
2026-09-08, 08:58:54, 22.25, 22.32, 22.75, 22.7, 9999.0, 9999.0, 9999.0, 23.64, 9999.0, 22.27, 9999.0, 22.61, 22.39, 22.2, 22.25, 22.25
2026-09-08, 08:58:58, 22.25, 22.3, 22.75, 22.7, 9999.0, 9999.0, 9999.0, 23.66, 9999.0, 22.27, 9999.0, 22.59, 22.39, 22.2, 22.25, 22.25
2026-09-08, 08:59:02, 22.25, 22.3, 22.75, 22.7, 9999.0, 9999.0, 9999.0, 23.68, 9999.0, 22.27, 9999.0, 22.57, 22.36, 22.18, 22.25, 22.25
2026-09-08, 08:59:06, 22.25, 22.27, 22.75, 22.7, 9999.0, 9999.0, 9999.0, 23.7, 9999.0, 22.23, 9999.0, 22.55, 22.36, 22.18, 22.25, 22.25
2026-09-08, 08:59:10, 22.25, 22.27, 22.75, 22.7, 9999.0, 9999.0, 9999.0, 23.73, 9999.0, 22.2, 9999.0, 22.57, 22.34, 22.18, 22.25, 22.25
2026-09-08, 08:59:14, 22.25, 22.27, 22.75, 22.7, 9999.0, 9999.0, 9999.0, 23.75, 9999.0, 22.18, 9999.0, 22.55, 22.32, 22.16, 22.25, 22.25
2026-09-08, 08:59:18, 22.25, 22.27, 22.75, 22.7, 9999.0, 9999.0, 9999.0, 23.7, 9999.0, 22.16, 9999.0, 22.55, 22.32, 22.16, 22.25, 22.25
2026-09-08, 08:59:22, 22.25, 22.27, 22.75, 22.73, 9999.0, 9999.0, 9999.0, 23.66, 9999.0, 22.14, 9999.0, 22.57, 22.32, 22.16, 22.25, 22.25
2026-09-08, 08:59:26, 22.25, 22.27, 22.75, 22.73, 9999.0, 9999.0, 9999.0, 23.61, 9999.0, 22.11, 9999.0, 22.59, 22.34, 22.18, 22.25, 22.25
2026-09-08, 08:59:30, 22.25, 22.27, 22.75, 22.73, 9999.0, 9999.0, 9999.0, 23.57, 9999.0, 22.11, 9999.0, 22.61, 22.32, 22.18, 22.25, 22.25
2026-09-08, 08:59:34, 22.25, 22.25, 22.75, 22.73, 9999.0, 9999.0, 9999.0, 23.52, 9999.0, 22.11, 9999.0, 22.64, 22.34, 22.2, 22.25, 22.25
2026-09-08, 08:59:38, 22.25, 22.27, 22.75, 22.75, 9999.0, 9999.0, 9999.0, 23.48, 9999.0, 22.11, 9999.0, 22.66, 22.34, 22.2, 22.25, 22.25
2026-09-08, 08:59:42, 22.25, 22.27, 22.75, 22.75, 9999.0, 9999.0, 9999.0, 23.43, 9999.0, 22.11, 9999.0, 22.68, 22.34, 22.2, 22.25, 22.25
2026-09-08, 08:59:46, 22.25, 22.27, 22.75, 22.73, 9999.0, 9999.0, 9999.0, 23.41, 9999.0, 22.11, 9999.0, 22.7, 22.36, 22.2, 22.25, 22.25
2026-09-08, 08:59:50, 22.25, 22.27, 22.75, 22.73, 9999.0, 9999.0, 9999.0, 23.45, 9999.0, 22.14, 9999.0, 22.7, 22.39, 22.2, 22.25, 22.25
2026-09-08, 08:59:54, 22.25, 22.27, 22.75, 22.73, 9999.0, 9999.0, 9999.0, 23.5, 9999.0, 22.16, 9999.0, 22.68, 22.39, 22.18, 22.25, 22.25
2026-09-08, 08:59:58, 22.25, 22.3, 22.75, 22.73, 9999.0, 9999.0, 9999.0, 23.52, 9999.0, 22.18, 9999.0, 22.68, 22.41, 22.2, 22.25, 22.25
2026-09-08, 09:00:02, 22.25, 22.3, 22.75, 22.73, 9999.0, 9999.0, 9999.0, 23.55, 9999.0, 22.18, 9999.0, 22.66, 22.41, 22.2, 22.25, 22.25
2026-09-08, 09:00:06, 22.25, 22.3, 22.75, 22.73, 9999.0, 9999.0, 9999.0, 23.57, 9999.0, 22.18, 9999.0, 22.64, 22.39, 22.2, 22.25, 22.25
2026-09-08, 09:00:10, 22.25, 22.3, 22.75, 22.73, 9999.0, 9999.0, 9999.0, 23.59, 9999.0, 22.18, 9999.0, 22.61, 22.36, 22.18, 22.25, 22.25
2026-09-08, 09:00:14, 22.25, 22.3, 22.75, 22.73, 9999.0, 9999.0, 9999.0, 23.61, 9999.0, 22.16, 9999.0, 22.59, 22.36, 22.18, 22.25, 22.25
2026-09-08, 09:00:18, 22.25, 22.3, 22.75, 22.73, 9999.0, 9999.0, 9999.0, 23.66, 9999.0, 22.14, 9999.0, 22.57, 22.34, 22.18, 22.25, 22.25
2026-09-08, 09:00:22, 22.25, 22.27, 22.75, 22.73, 9999.0, 9999.0, 9999.0, 23.7, 9999.0, 22.11, 9999.0, 22.55, 22.34, 22.16, 22.25, 22.25
2026-09-08, 09:00:26, 22.25, 22.27, 22.75, 22.73, 9999.0, 9999.0, 9999.0, 23.75, 9999.0, 22.09, 9999.0, 22.55, 22.36, 22.14, 22.25, 22.25
2026-09-08, 09:00:31, 22.25, 22.27, 22.75, 22.75, 9999.0, 9999.0, 9999.0, 23.77, 9999.0, 22.07, 9999.0, 22.55, 22.34, 22.16, 22.25, 22.25
2026-09-08, 09:00:35, 22.25, 22.27, 22.75, 22.75, 9999.0, 9999.0, 9999.0, 23.73, 9999.0, 22.05, 9999.0, 22.57, 22.32, 22.16, 22.25, 22.25
2026-09-08, 09:00:39, 22.25, 22.27, 22.75, 22.75, 9999.0, 9999.0, 9999.0, 23.68, 9999.0, 22.02, 9999.0, 22.59, 22.32, 22.18, 22.25, 22.25
2026-09-08, 09:00:43, 22.25, 22.25, 22.75, 22.75, 9999.0, 9999.0, 9999.0, 23.66, 9999.0, 22.0, 9999.0, 22.61, 22.32, 22.18, 22.25, 22.25
2026-09-08, 09:00:47, 22.25, 22.27, 22.75, 22.75, 9999.0, 9999.0, 9999.0, 23.61, 9999.0, 22.02, 9999.0, 22.64, 22.3, 22.18, 22.25, 22.25
2026-09-08, 09:00:51, 22.25, 22.27, 22.75, 22.75, 9999.0, 9999.0, 9999.0, 23.57, 9999.0, 22.05, 9999.0, 22.66, 22.32, 22.16, 22.25, 22.25
2026-09-08, 09:00:55, 22.25, 22.27, 22.75, 22.75, 9999.0, 9999.0, 9999.0, 23.55, 9999.0, 22.07, 9999.0, 22.68, 22.32, 22.16, 22.25, 22.25
2026-09-08, 09:00:59, 22.25, 22.27, 22.75, 22.75, 9999.0, 9999.0, 9999.0, 23.5, 9999.0, 22.09, 9999.0, 22.7, 22.34, 22.16, 22.25, 22.25
2026-09-08, 09:01:03, 22.25, 22.27, 22.75, 22.75, 9999.0, 9999.0, 9999.0, 23.45, 9999.0, 22.11, 9999.0, 22.73, 22.36, 22.16, 22.25, 22.25
2026-09-08, 09:01:07, 22.25, 22.3, 22.75, 22.75, 9999.0, 9999.0, 9999.0, 23.48, 9999.0, 22.14, 9999.0, 22.75, 22.39, 22.16, 22.25, 22.25
2026-09-08, 09:01:11, 22.25, 22.32, 22.75, 22.75, 9999.0, 9999.0, 9999.0, 23.5, 9999.0, 22.16, 9999.0, 22.73, 22.39, 22.18, 22.25, 22.25
2026-09-08, 09:01:15, 22.25, 22.34, 22.75, 22.75, 9999.0, 9999.0, 9999.0, 23.55, 9999.0, 22.18, 9999.0, 22.7, 22.39, 22.18, 22.25, 22.25
2026-09-08, 09:01:19, 22.25, 22.34, 22.75, 22.75, 9999.0, 9999.0, 9999.0, 23.57, 9999.0, 22.18, 9999.0, 22.68, 22.39, 22.18, 22.25, 22.25
2026-09-08, 09:01:23, 22.25, 22.34, 22.75, 22.75, 9999.0, 9999.0, 9999.0, 23.59, 9999.0, 22.2, 9999.0, 22.66, 22.39, 22.18, 22.25, 22.25
2026-09-08, 09:01:27, 22.25, 22.34, 22.75, 22.75, 9999.0, 9999.0, 9999.0, 23.61, 9999.0, 22.2, 9999.0, 22.64, 22.36, 22.16, 22.25, 22.25
2026-09-08, 09:01:31, 22.25, 22.32, 22.75, 22.75, 9999.0, 9999.0, 9999.0, 23.66, 9999.0, 22.18, 9999.0, 22.61, 22.39, 22.16, 22.25, 22.25
2026-09-08, 09:01:35, 22.25, 22.34, 22.75, 22.75, 9999.0, 9999.0, 9999.0, 23.7, 9999.0, 22.16, 9999.0, 22.59, 22.36, 22.18, 22.25, 22.25
2026-09-08, 09:01:39, 22.25, 22.34, 22.75, 22.75, 9999.0, 9999.0, 9999.0, 23.73, 9999.0, 22.14, 9999.0, 22.57, 22.36, 22.18, 22.25, 22.25
2026-09-08, 09:01:43, 22.25, 22.36, 22.75, 22.75, 9999.0, 9999.0, 9999.0, 23.75, 9999.0, 22.11, 9999.0, 22.55, 22.34, 22.18, 22.25, 22.25
2026-09-08, 09:01:47, 22.25, 22.36, 22.75, 22.75, 9999.0, 9999.0, 9999.0, 23.77, 9999.0, 22.09, 9999.0, 22.55, 22.34, 22.16, 22.25, 22.25
2026-09-08, 09:01:51, 22.25, 22.34, 22.75, 22.75, 9999.0, 9999.0, 9999.0, 23.73, 9999.0, 22.07, 9999.0, 22.52, 22.32, 22.16, 22.25, 22.25
2026-09-08, 09:01:55, 22.25, 22.32, 22.75, 22.75, 9999.0, 9999.0, 9999.0, 23.68, 9999.0, 22.05, 9999.0, 22.55, 22.3, 22.16, 22.25, 22.25
2026-09-08, 09:01:59, 22.25, 22.3, 22.75, 22.75, 9999.0, 9999.0, 9999.0, 23.64, 9999.0, 22.02, 9999.0, 22.57, 22.32, 22.16, 22.25, 22.25
2026-09-08, 09:02:03, 22.25, 22.3, 22.75, 22.75, 9999.0, 9999.0, 9999.0, 23.61, 9999.0, 22.02, 9999.0, 22.59, 22.32, 22.16, 22.25, 22.25
2026-09-08, 09:02:07, 22.25, 22.3, 22.75, 22.75, 9999.0, 9999.0, 9999.0, 23.59, 9999.0, 22.02, 9999.0, 22.61, 22.32, 22.16, 22.25, 22.25
2026-09-08, 09:02:11, 22.25, 22.32, 22.75, 22.75, 9999.0, 9999.0, 9999.0, 23.55, 9999.0, 22.02, 9999.0, 22.64, 22.32, 22.16, 22.25, 22.25
2026-09-08, 09:02:15, 22.25, 22.32, 22.75, 22.75, 9999.0, 9999.0, 9999.0, 23.5, 9999.0, 22.05, 9999.0, 22.66, 22.3, 22.16, 22.25, 22.25
2026-09-08, 09:02:19, 22.25, 22.3, 22.75, 22.75, 9999.0, 9999.0, 9999.0, 23.45, 9999.0, 22.07, 9999.0, 22.68, 22.32, 22.16, 22.25, 22.25
2026-09-08, 09:02:23, 22.25, 22.3, 22.75, 22.75, 9999.0, 9999.0, 9999.0, 23.41, 9999.0, 22.09, 9999.0, 22.68, 22.34, 22.18, 22.25, 22.25
2026-09-08, 09:02:27, 22.25, 22.27, 22.75, 22.75, 9999.0, 9999.0, 9999.0, 23.45, 9999.0, 22.11, 9999.0, 22.7, 22.36, 22.18, 22.25, 22.25
2026-09-08, 09:02:31, 22.25, 22.27, 22.75, 22.75, 9999.0, 9999.0, 9999.0, 23.5, 9999.0, 22.14, 9999.0, 22.68, 22.36, 22.18, 22.25, 22.25
2026-09-08, 09:02:35, 22.25, 22.3, 22.75, 22.75, 9999.0, 9999.0, 9999.0, 23.55, 9999.0, 22.16, 9999.0, 22.68, 22.36, 22.2, 22.25, 22.25
2026-09-08, 09:02:39, 22.25, 22.32, 22.75, 22.75, 9999.0, 9999.0, 9999.0, 23.57, 9999.0, 22.18, 9999.0, 22.66, 22.39, 22.18, 22.25, 22.25
2026-09-08, 09:02:43, 22.25, 22.32, 22.75, 22.75, 9999.0, 9999.0, 9999.0, 23.61, 9999.0, 22.18, 9999.0, 22.64, 22.36, 22.18, 22.25, 22.25
2026-09-08, 09:02:47, 22.25, 22.32, 22.75, 22.75, 9999.0, 9999.0, 9999.0, 23.64, 9999.0, 22.18, 9999.0, 22.61, 22.36, 22.18, 22.25, 22.25
2026-09-08, 09:02:51, 22.25, 22.34, 22.75, 22.75, 9999.0, 9999.0, 9999.0, 23.66, 9999.0, 22.16, 9999.0, 22.59, 22.36, 22.18, 22.25, 22.25
2026-09-08, 09:02:56, 22.25, 22.32, 22.75, 22.75, 9999.0, 9999.0, 9999.0, 23.7, 9999.0, 22.16, 9999.0, 22.57, 22.36, 22.2, 22.25, 22.25
2026-09-08, 09:03:00, 22.25, 22.32, 22.75, 22.75, 9999.0, 9999.0, 9999.0, 23.75, 9999.0, 22.16, 9999.0, 22.55, 22.36, 22.2, 22.25, 22.25
2026-09-08, 09:03:04, 22.25, 22.32, 22.75, 22.75, 9999.0, 9999.0, 9999.0, 23.8, 9999.0, 22.14, 9999.0, 22.55, 22.34, 22.18, 22.25, 22.25
2026-09-08, 09:03:08, 22.25, 22.32, 22.75, 22.75, 9999.0, 9999.0, 9999.0, 23.84, 9999.0, 22.11, 9999.0, 22.55, 22.32, 22.18, 22.25, 22.25
2026-09-08, 09:03:12, 22.25, 22.32, 22.75, 22.75, 9999.0, 9999.0, 9999.0, 23.8, 9999.0, 22.09, 9999.0, 22.55, 22.3, 22.18, 22.25, 22.25
2026-09-08, 09:03:16, 22.25, 22.32, 22.75, 22.75, 9999.0, 9999.0, 9999.0, 23.75, 9999.0, 22.07, 9999.0, 22.57, 22.27, 22.2, 22.25, 22.25
2026-09-08, 09:03:20, 22.25, 22.3, 22.75, 22.75, 9999.0, 9999.0, 9999.0, 23.7, 9999.0, 22.05, 9999.0, 22.59, 22.27, 22.2, 22.25, 22.25
2026-09-08, 09:03:24, 22.25, 22.27, 22.75, 22.75, 9999.0, 9999.0, 9999.0, 23.68, 9999.0, 22.05, 9999.0, 22.61, 22.25, 22.23, 22.25, 22.25
2026-09-08, 09:03:28, 22.25, 22.27, 22.75, 22.75, 9999.0, 9999.0, 9999.0, 23.64, 9999.0, 22.05, 9999.0, 22.64, 22.25, 22.23, 22.25, 22.25
2026-09-08, 09:03:32, 22.25, 22.27, 22.75, 22.75, 9999.0, 9999.0, 9999.0, 23.61, 9999.0, 22.07, 9999.0, 22.66, 22.27, 22.23, 22.25, 22.25
2026-09-08, 09:03:36, 22.25, 22.27, 22.75, 22.75, 9999.0, 9999.0, 9999.0, 23.57, 9999.0, 22.11, 9999.0, 22.68, 22.3, 22.23, 22.25, 22.25
2026-09-08, 09:03:40, 22.25, 22.3, 22.75, 22.75, 9999.0, 9999.0, 9999.0, 23.52, 9999.0, 22.14, 9999.0, 22.7, 22.32, 22.23, 22.25, 22.25
2026-09-08, 09:03:44, 22.25, 22.3, 22.75, 22.75, 9999.0, 9999.0, 9999.0, 23.57, 9999.0, 22.14, 9999.0, 22.73, 22.32, 22.23, 22.25, 22.25
2026-09-08, 09:03:48, 22.25, 22.3, 22.75, 22.75, 9999.0, 9999.0, 9999.0, 23.59, 9999.0, 22.16, 9999.0, 22.73, 22.32, 22.23, 22.25, 22.25
2026-09-08, 09:03:52, 22.25, 22.3, 22.75, 22.75, 9999.0, 9999.0, 9999.0, 23.61, 9999.0, 22.18, 9999.0, 22.73, 22.34, 22.2, 22.25, 22.25
2026-09-08, 09:03:56, 22.25, 22.32, 22.75, 22.75, 9999.0, 9999.0, 9999.0, 23.64, 9999.0, 22.2, 9999.0, 22.7, 22.36, 22.18, 22.25, 22.25
2026-09-08, 09:04:00, 22.25, 22.34, 22.75, 22.75, 9999.0, 9999.0, 9999.0, 23.66, 9999.0, 22.23, 9999.0, 22.68, 22.39, 22.18, 22.25, 22.25
2026-09-08, 09:04:04, 22.25, 22.34, 22.75, 22.75, 9999.0, 9999.0, 9999.0, 23.68, 9999.0, 22.23, 9999.0, 22.66, 22.39, 22.16, 22.25, 22.25
2026-09-08, 09:04:08, 22.25, 22.34, 22.75, 22.75, 9999.0, 9999.0, 9999.0, 23.7, 9999.0, 22.23, 9999.0, 22.64, 22.41, 22.16, 22.25, 22.25
2026-09-08, 09:04:12, 22.25, 22.36, 22.75, 22.75, 9999.0, 9999.0, 9999.0, 23.73, 9999.0, 22.25, 9999.0, 22.61, 22.41, 22.16, 22.25, 22.25
2026-09-08, 09:04:16, 22.25, 22.36, 22.75, 22.75, 9999.0, 9999.0, 9999.0, 23.75, 9999.0, 22.25, 9999.0, 22.59, 22.39, 22.14, 22.25, 22.25
2026-09-08, 09:04:20, 22.25, 22.34, 22.75, 22.75, 9999.0, 9999.0, 9999.0, 23.8, 9999.0, 22.23, 9999.0, 22.59, 22.36, 22.11, 22.25, 22.25
2026-09-08, 09:04:24, 22.25, 22.32, 22.75, 22.75, 9999.0, 9999.0, 9999.0, 23.84, 9999.0, 22.23, 9999.0, 22.59, 22.34, 22.11, 22.25, 22.25
2026-09-08, 09:04:28, 22.25, 22.32, 22.75, 22.75, 9999.0, 9999.0, 9999.0, 23.77, 9999.0, 22.23, 9999.0, 22.59, 22.34, 22.11, 22.25, 22.25
2026-09-08, 09:04:32, 22.25, 22.32, 22.75, 22.75, 9999.0, 9999.0, 9999.0, 23.73, 9999.0, 22.2, 9999.0, 22.59, 22.36, 22.11, 22.25, 22.25
2026-09-08, 09:04:36, 22.25, 22.32, 22.75, 22.75, 9999.0, 9999.0, 9999.0, 23.68, 9999.0, 22.18, 9999.0, 22.61, 22.36, 22.11, 22.25, 22.25
2026-09-08, 09:04:40, 22.25, 22.32, 22.75, 22.75, 9999.0, 9999.0, 9999.0, 23.66, 9999.0, 22.2, 9999.0, 22.64, 22.36, 22.14, 22.25, 22.25
2026-09-08, 09:04:44, 22.25, 22.32, 22.75, 22.75, 9999.0, 9999.0, 9999.0, 23.61, 9999.0, 22.2, 9999.0, 22.66, 22.34, 22.14, 22.25, 22.25
2026-09-08, 09:04:48, 22.25, 22.32, 22.75, 22.75, 9999.0, 9999.0, 9999.0, 23.59, 9999.0, 22.23, 9999.0, 22.68, 22.36, 22.16, 22.25, 22.25
2026-09-08, 09:04:52, 22.25, 22.32, 22.75, 22.75, 9999.0, 9999.0, 9999.0, 23.55, 9999.0, 22.25, 9999.0, 22.7, 22.36, 22.16, 22.25, 22.25
2026-09-08, 09:04:56, 22.25, 22.32, 22.75, 22.75, 9999.0, 9999.0, 9999.0, 23.5, 9999.0, 22.27, 9999.0, 22.7, 22.39, 22.16, 22.25, 22.25
2026-09-08, 09:05:00, 22.25, 22.34, 22.75, 22.75, 9999.0, 9999.0, 9999.0, 23.45, 9999.0, 22.3, 9999.0, 22.73, 22.41, 22.18, 22.25, 22.25
2026-09-08, 09:05:04, 22.25, 22.34, 22.73, 22.75, 9999.0, 9999.0, 9999.0, 23.48, 9999.0, 22.3, 9999.0, 22.73, 22.41, 22.18, 22.25, 22.25
2026-09-08, 09:05:08, 22.25, 22.34, 22.73, 22.75, 9999.0, 9999.0, 9999.0, 23.5, 9999.0, 22.3, 9999.0, 22.7, 22.41, 22.16, 22.25, 22.25
2026-09-08, 09:05:12, 22.25, 22.34, 22.73, 22.75, 9999.0, 9999.0, 9999.0, 23.55, 9999.0, 22.3, 9999.0, 22.68, 22.43, 22.16, 22.25, 22.25
2026-09-08, 09:05:16, 22.25, 22.36, 22.73, 22.75, 9999.0, 9999.0, 9999.0, 23.59, 9999.0, 22.32, 9999.0, 22.66, 22.41, 22.16, 22.25, 22.25
2026-09-08, 09:05:20, 22.25, 22.39, 22.73, 22.75, 9999.0, 9999.0, 9999.0, 23.64, 9999.0, 22.34, 9999.0, 22.64, 22.39, 22.18, 22.25, 22.25
2026-09-08, 09:05:24, 22.25, 22.39, 22.73, 22.75, 9999.0, 9999.0, 9999.0, 23.66, 9999.0, 22.32, 9999.0, 22.61, 22.36, 22.18, 22.25, 22.25
2026-09-08, 09:05:28, 22.25, 22.36, 22.73, 22.75, 9999.0, 9999.0, 9999.0, 23.7, 9999.0, 22.32, 9999.0, 22.59, 22.36, 22.18, 22.25, 22.25
2026-09-08, 09:05:32, 22.25, 22.36, 22.73, 22.75, 9999.0, 9999.0, 9999.0, 23.73, 9999.0, 22.32, 9999.0, 22.57, 22.36, 22.18, 22.25, 22.25
2026-09-08, 09:05:36, 22.25, 22.36, 22.73, 22.75, 9999.0, 9999.0, 9999.0, 23.77, 9999.0, 22.3, 9999.0, 22.55, 22.34, 22.16, 22.25, 22.25
2026-09-08, 09:05:40, 22.25, 22.34, 22.73, 22.75, 9999.0, 9999.0, 9999.0, 23.82, 9999.0, 22.27, 9999.0, 22.57, 22.32, 22.16, 22.25, 22.25
2026-09-08, 09:05:44, 22.25, 22.32, 22.73, 22.75, 9999.0, 9999.0, 9999.0, 23.84, 9999.0, 22.25, 9999.0, 22.55, 22.3, 22.16, 22.25, 22.25
2026-09-08, 09:05:48, 22.25, 22.32, 22.75, 22.75, 9999.0, 9999.0, 9999.0, 23.8, 9999.0, 22.23, 9999.0, 22.55, 22.32, 22.18, 22.25, 22.25
2026-09-08, 09:05:52, 22.25, 22.34, 22.75, 22.75, 9999.0, 9999.0, 9999.0, 23.75, 9999.0, 22.23, 9999.0, 22.57, 22.34, 22.2, 22.25, 22.25
2026-09-08, 09:05:56, 22.25, 22.36, 22.75, 22.75, 9999.0, 9999.0, 9999.0, 23.7, 9999.0, 22.2, 9999.0, 22.59, 22.32, 22.2, 22.25, 22.25
2026-09-08, 09:06:00, 22.25, 22.34, 22.75, 22.75, 9999.0, 9999.0, 9999.0, 23.66, 9999.0, 22.23, 9999.0, 22.61, 22.32, 22.23, 22.25, 22.25
2026-09-08, 09:06:04, 22.25, 22.32, 22.75, 22.75, 9999.0, 9999.0, 9999.0, 23.61, 9999.0, 22.23, 9999.0, 22.64, 22.34, 22.23, 22.25, 22.25
2026-09-08, 09:06:08, 22.25, 22.3, 22.75, 22.75, 9999.0, 9999.0, 9999.0, 23.59, 9999.0, 22.25, 9999.0, 22.66, 22.34, 22.23, 22.25, 22.25
2026-09-08, 09:06:12, 22.25, 22.3, 22.75, 22.75, 9999.0, 9999.0, 9999.0, 23.55, 9999.0, 22.27, 9999.0, 22.68, 22.34, 22.2, 22.25, 22.25
2026-09-08, 09:06:16, 22.25, 22.3, 22.75, 22.75, 9999.0, 9999.0, 9999.0, 23.5, 9999.0, 22.3, 9999.0, 22.7, 22.32, 22.18, 22.25, 22.25
2026-09-08, 09:06:20, 22.25, 22.3, 22.75, 22.75, 9999.0, 9999.0, 9999.0, 23.52, 9999.0, 22.32, 9999.0, 22.7, 22.34, 22.2, 22.25, 22.25
2026-09-08, 09:06:24, 22.25, 22.3, 22.75, 22.75, 9999.0, 9999.0, 9999.0, 23.55, 9999.0, 22.34, 9999.0, 22.68, 22.34, 22.2, 22.25, 22.25
2026-09-08, 09:06:28, 22.25, 22.3, 22.75, 22.75, 9999.0, 9999.0, 9999.0, 23.59, 9999.0, 22.36, 9999.0, 22.68, 22.36, 22.18, 22.25, 22.25
2026-09-08, 09:06:32, 22.25, 22.3, 22.75, 22.75, 9999.0, 9999.0, 9999.0, 23.64, 9999.0, 22.39, 9999.0, 22.66, 22.34, 22.18, 22.25, 22.25
2026-09-08, 09:06:36, 22.25, 22.3, 22.75, 22.75, 9999.0, 9999.0, 9999.0, 23.68, 9999.0, 22.39, 9999.0, 22.64, 22.32, 22.18, 22.25, 22.25
2026-09-08, 09:06:40, 22.25, 22.3, 22.75, 22.75, 9999.0, 9999.0, 9999.0, 23.7, 9999.0, 22.41, 9999.0, 22.61, 22.34, 22.16, 22.25, 22.25
2026-09-08, 09:06:44, 22.25, 22.32, 22.75, 22.75, 9999.0, 9999.0, 9999.0, 23.73, 9999.0, 22.39, 9999.0, 22.59, 22.34, 22.16, 22.25, 22.25
2026-09-08, 09:06:49, 22.25, 22.34, 22.75, 22.75, 9999.0, 9999.0, 9999.0, 23.75, 9999.0, 22.39, 9999.0, 22.57, 22.32, 22.16, 22.25, 22.25
2026-09-08, 09:06:53, 22.25, 22.34, 22.75, 22.75, 9999.0, 9999.0, 9999.0, 23.77, 9999.0, 22.36, 9999.0, 22.55, 22.32, 22.16, 22.25, 22.25
2026-09-08, 09:06:57, 22.25, 22.34, 22.75, 22.75, 9999.0, 9999.0, 9999.0, 23.82, 9999.0, 22.34, 9999.0, 22.55, 22.32, 22.18, 22.25, 22.25
2026-09-08, 09:07:01, 22.25, 22.34, 22.75, 22.73, 9999.0, 9999.0, 9999.0, 23.86, 9999.0, 22.32, 9999.0, 22.52, 22.32, 22.2, 22.25, 22.25
2026-09-08, 09:07:05, 22.25, 22.34, 22.75, 22.73, 9999.0, 9999.0, 9999.0, 23.84, 9999.0, 22.3, 9999.0, 22.55, 22.3, 22.2, 22.25, 22.25
2026-09-08, 09:07:09, 22.25, 22.34, 22.75, 22.73, 9999.0, 9999.0, 9999.0, 23.8, 9999.0, 22.27, 9999.0, 22.57, 22.3, 22.2, 22.25, 22.25
2026-09-08, 09:07:13, 22.25, 22.34, 22.75, 22.73, 9999.0, 9999.0, 9999.0, 23.75, 9999.0, 22.25, 9999.0, 22.59, 22.27, 22.23, 22.25, 22.25
2026-09-08, 09:07:17, 22.25, 22.34, 22.75, 22.73, 9999.0, 9999.0, 9999.0, 23.7, 9999.0, 22.27, 9999.0, 22.61, 22.27, 22.23, 22.25, 22.25
2026-09-08, 09:07:21, 22.25, 22.34, 22.75, 22.73, 9999.0, 9999.0, 9999.0, 23.66, 9999.0, 22.27, 9999.0, 22.64, 22.27, 22.23, 22.25, 22.25
2026-09-08, 09:07:25, 22.25, 22.34, 22.75, 22.73, 9999.0, 9999.0, 9999.0, 23.64, 9999.0, 22.3, 9999.0, 22.66, 22.27, 22.25, 22.25, 22.25
2026-09-08, 09:07:29, 22.25, 22.32, 22.75, 22.73, 9999.0, 9999.0, 9999.0, 23.61, 9999.0, 22.34, 9999.0, 22.66, 22.3, 22.25, 22.25, 22.25
2026-09-08, 09:07:33, 22.25, 22.3, 22.75, 22.73, 9999.0, 9999.0, 9999.0, 23.57, 9999.0, 22.36, 9999.0, 22.68, 22.32, 22.25, 22.25, 22.25
2026-09-08, 09:07:37, 22.25, 22.32, 22.75, 22.73, 9999.0, 9999.0, 9999.0, 23.59, 9999.0, 22.39, 9999.0, 22.68, 22.34, 22.25, 22.25, 22.25
2026-09-08, 09:07:41, 22.25, 22.32, 22.75, 22.73, 9999.0, 9999.0, 9999.0, 23.61, 9999.0, 22.41, 9999.0, 22.66, 22.34, 22.25, 22.25, 22.25
2026-09-08, 09:07:45, 22.25, 22.32, 22.75, 22.75, 9999.0, 9999.0, 9999.0, 23.64, 9999.0, 22.43, 9999.0, 22.66, 22.36, 22.25, 22.25, 22.25
2026-09-08, 09:07:49, 22.25, 22.32, 22.75, 22.75, 9999.0, 9999.0, 9999.0, 23.66, 9999.0, 22.45, 9999.0, 22.64, 22.36, 22.25, 22.25, 22.25
2026-09-08, 09:07:53, 22.25, 22.32, 22.75, 22.75, 9999.0, 9999.0, 9999.0, 23.7, 9999.0, 22.48, 9999.0, 22.61, 22.36, 22.25, 22.25, 22.25
2026-09-08, 09:07:57, 22.25, 22.32, 22.75, 22.75, 9999.0, 9999.0, 9999.0, 23.73, 9999.0, 22.5, 9999.0, 22.59, 22.36, 22.25, 22.25, 22.25
2026-09-08, 09:08:01, 22.25, 22.32, 22.75, 22.75, 9999.0, 9999.0, 9999.0, 23.75, 9999.0, 22.5, 9999.0, 22.57, 22.39, 22.25, 22.25, 22.25
2026-09-08, 09:08:05, 22.25, 22.3, 22.75, 22.75, 9999.0, 9999.0, 9999.0, 23.77, 9999.0, 22.52, 9999.0, 22.55, 22.39, 22.23, 22.25, 22.25
2026-09-08, 09:08:09, 22.25, 22.27, 22.75, 22.75, 9999.0, 9999.0, 9999.0, 23.8, 9999.0, 22.5, 9999.0, 22.52, 22.36, 22.2, 22.25, 22.25
2026-09-08, 09:08:13, 22.25, 22.27, 22.75, 22.75, 9999.0, 9999.0, 9999.0, 23.82, 9999.0, 22.45, 9999.0, 22.55, 22.34, 22.2, 22.25, 22.25
2026-09-08, 09:08:17, 22.25, 22.3, 22.75, 22.75, 9999.0, 9999.0, 9999.0, 23.86, 9999.0, 22.43, 9999.0, 22.52, 22.32, 22.2, 22.25, 22.25
2026-09-08, 09:08:21, 22.25, 22.27, 22.75, 22.75, 9999.0, 9999.0, 9999.0, 23.84, 9999.0, 22.41, 9999.0, 22.52, 22.3, 22.18, 22.25, 22.25
2026-09-08, 09:08:25, 22.25, 22.27, 22.75, 22.75, 9999.0, 9999.0, 9999.0, 23.8, 9999.0, 22.39, 9999.0, 22.55, 22.3, 22.18, 22.25, 22.25
2026-09-08, 09:08:29, 22.25, 22.27, 22.75, 22.75, 9999.0, 9999.0, 9999.0, 23.75, 9999.0, 22.36, 9999.0, 22.57, 22.27, 22.18, 22.25, 22.25
2026-09-08, 09:08:33, 22.25, 22.27, 22.75, 22.75, 9999.0, 9999.0, 9999.0, 23.7, 9999.0, 22.34, 9999.0, 22.59, 22.27, 22.18, 22.25, 22.25
2026-09-08, 09:08:37, 22.25, 22.3, 22.75, 22.75, 9999.0, 9999.0, 9999.0, 23.66, 9999.0, 22.34, 9999.0, 22.61, 22.27, 22.18, 22.25, 22.23
2026-09-08, 09:08:41, 22.25, 22.3, 22.75, 22.75, 9999.0, 9999.0, 9999.0, 23.64, 9999.0, 22.34, 9999.0, 22.64, 22.27, 22.18, 22.25, 22.23
2026-09-08, 09:08:45, 22.25, 22.3, 22.73, 22.75, 9999.0, 9999.0, 9999.0, 23.61, 9999.0, 22.36, 9999.0, 22.66, 22.27, 22.16, 22.25, 22.23
2026-09-08, 09:08:49, 22.25, 22.3, 22.73, 22.75, 9999.0, 9999.0, 9999.0, 23.59, 9999.0, 22.36, 9999.0, 22.66, 22.3, 22.18, 22.25, 22.23
2026-09-08, 09:08:53, 22.25, 22.3, 22.73, 22.75, 9999.0, 9999.0, 9999.0, 23.57, 9999.0, 22.39, 9999.0, 22.68, 22.32, 22.2, 22.25, 22.23
2026-09-08, 09:08:57, 22.25, 22.3, 22.73, 22.75, 9999.0, 9999.0, 9999.0, 23.61, 9999.0, 22.43, 9999.0, 22.66, 22.32, 22.2, 22.25, 22.23
2026-09-08, 09:09:01, 22.25, 22.3, 22.73, 22.75, 9999.0, 9999.0, 9999.0, 23.66, 9999.0, 22.45, 9999.0, 22.66, 22.32, 22.2, 22.25, 22.23
2026-09-08, 09:09:05, 22.25, 22.3, 22.73, 22.75, 9999.0, 9999.0, 9999.0, 23.68, 9999.0, 22.48, 9999.0, 22.66, 22.32, 22.2, 22.25, 22.23
2026-09-08, 09:09:09, 22.25, 22.3, 22.73, 22.75, 9999.0, 9999.0, 9999.0, 23.73, 9999.0, 22.5, 9999.0, 22.64, 22.32, 22.18, 22.25, 22.23
2026-09-08, 09:09:13, 22.25, 22.32, 22.73, 22.75, 9999.0, 9999.0, 9999.0, 23.77, 9999.0, 22.52, 9999.0, 22.61, 22.32, 22.18, 22.25, 22.23
2026-09-08, 09:09:17, 22.25, 22.32, 22.73, 22.75, 9999.0, 9999.0, 9999.0, 23.8, 9999.0, 22.55, 9999.0, 22.59, 22.32, 22.18, 22.25, 22.23
2026-09-08, 09:09:21, 22.25, 22.3, 22.73, 22.75, 9999.0, 9999.0, 9999.0, 23.82, 9999.0, 22.55, 9999.0, 22.57, 22.32, 22.18, 22.25, 22.25
2026-09-08, 09:09:25, 22.25, 22.3, 22.73, 22.73, 9999.0, 9999.0, 9999.0, 23.86, 9999.0, 22.55, 9999.0, 22.55, 22.32, 22.18, 22.25, 22.23
2026-09-08, 09:09:29, 22.25, 22.3, 22.75, 22.73, 9999.0, 9999.0, 9999.0, 23.91, 9999.0, 22.5, 9999.0, 22.52, 22.3, 22.18, 22.25, 22.2
2026-09-08, 09:09:33, 22.25, 22.3, 22.75, 22.73, 9999.0, 9999.0, 9999.0, 23.93, 9999.0, 22.48, 9999.0, 22.55, 22.27, 22.18, 22.25, 22.2
2026-09-08, 09:09:37, 22.25, 22.3, 22.75, 22.73, 9999.0, 9999.0, 9999.0, 23.95, 9999.0, 22.48, 9999.0, 22.52, 22.25, 22.16, 22.25, 22.2
2026-09-08, 09:09:41, 22.25, 22.3, 22.75, 22.73, 9999.0, 9999.0, 9999.0, 23.91, 9999.0, 22.45, 9999.0, 22.55, 22.25, 22.16, 22.25, 22.2
2026-09-08, 09:09:45, 22.25, 22.3, 22.75, 22.73, 9999.0, 9999.0, 9999.0, 23.86, 9999.0, 22.43, 9999.0, 22.57, 22.25, 22.16, 22.25, 22.2
2026-09-08, 09:09:49, 22.25, 22.3, 22.75, 22.7, 9999.0, 9999.0, 9999.0, 23.84, 9999.0, 22.43, 9999.0, 22.59, 22.25, 22.18, 22.25, 22.2
2026-09-08, 09:09:53, 22.25, 22.32, 22.73, 22.7, 9999.0, 9999.0, 9999.0, 23.82, 9999.0, 22.43, 9999.0, 22.61, 22.27, 22.18, 22.25, 22.2
2026-09-08, 09:09:57, 22.25, 22.3, 22.73, 22.7, 9999.0, 9999.0, 9999.0, 23.77, 9999.0, 22.43, 9999.0, 22.61, 22.27, 22.18, 22.25, 22.2
2026-09-08, 09:10:01, 22.25, 22.3, 22.73, 22.7, 9999.0, 9999.0, 9999.0, 23.75, 9999.0, 22.45, 9999.0, 22.61, 22.3, 22.16, 22.25, 22.2
2026-09-08, 09:10:05, 22.25, 22.32, 22.73, 22.7, 9999.0, 9999.0, 9999.0, 23.73, 9999.0, 22.48, 9999.0, 22.64, 22.32, 22.16, 22.25, 22.2
2026-09-08, 09:10:09, 22.25, 22.34, 22.73, 22.73, 9999.0, 9999.0, 9999.0, 23.68, 9999.0, 22.5, 9999.0, 22.64, 22.32, 22.16, 22.25, 22.23
2026-09-08, 09:10:13, 22.25, 22.34, 22.73, 22.73, 9999.0, 9999.0, 9999.0, 23.7, 9999.0, 22.55, 9999.0, 22.66, 22.32, 22.16, 22.25, 22.25
2026-09-08, 09:10:17, 22.25, 22.34, 22.73, 22.73, 9999.0, 9999.0, 9999.0, 23.75, 9999.0, 22.59, 9999.0, 22.64, 22.32, 22.14, 22.25, 22.25
2026-09-08, 09:10:21, 22.25, 22.36, 22.73, 22.73, 9999.0, 9999.0, 9999.0, 23.8, 9999.0, 22.59, 9999.0, 22.64, 22.34, 22.14, 22.25, 22.25
2026-09-08, 09:10:25, 22.25, 22.36, 22.73, 22.73, 9999.0, 9999.0, 9999.0, 23.82, 9999.0, 22.59, 9999.0, 22.61, 22.34, 22.14, 22.25, 22.25
2026-09-08, 09:10:29, 22.25, 22.34, 22.73, 22.73, 9999.0, 9999.0, 9999.0, 23.84, 9999.0, 22.61, 9999.0, 22.59, 22.34, 22.14, 22.25, 22.25
2026-09-08, 09:10:34, 22.25, 22.34, 22.73, 22.75, 9999.0, 9999.0, 9999.0, 23.86, 9999.0, 22.61, 9999.0, 22.57, 22.34, 22.14, 22.25, 22.25
2026-09-08, 09:10:38, 22.25, 22.34, 22.75, 22.75, 9999.0, 9999.0, 9999.0, 23.89, 9999.0, 22.61, 9999.0, 22.55, 22.32, 22.14, 22.25, 22.25
2026-09-08, 09:10:42, 22.25, 22.34, 22.75, 22.75, 9999.0, 9999.0, 9999.0, 23.93, 9999.0, 22.61, 9999.0, 22.55, 22.32, 22.14, 22.25, 22.25
2026-09-08, 09:10:46, 22.25, 22.34, 22.73, 22.75, 9999.0, 9999.0, 9999.0, 23.98, 9999.0, 22.59, 9999.0, 22.55, 22.3, 22.16, 22.25, 22.25
2026-09-08, 09:10:50, 22.25, 22.32, 22.73, 22.75, 9999.0, 9999.0, 9999.0, 24.0, 9999.0, 22.57, 9999.0, 22.52, 22.27, 22.16, 22.25, 22.25
2026-09-08, 09:10:54, 22.25, 22.3, 22.73, 22.75, 9999.0, 9999.0, 9999.0, 24.05, 9999.0, 22.55, 9999.0, 22.52, 22.27, 22.16, 22.25, 22.25
2026-09-08, 09:10:58, 22.25, 22.3, 22.7, 22.75, 9999.0, 9999.0, 9999.0, 24.0, 9999.0, 22.52, 9999.0, 22.5, 22.27, 22.18, 22.25, 22.25
2026-09-08, 09:11:02, 22.25, 22.32, 22.7, 22.75, 9999.0, 9999.0, 9999.0, 23.95, 9999.0, 22.5, 9999.0, 22.52, 22.27, 22.2, 22.25, 22.25
2026-09-08, 09:11:06, 22.25, 22.3, 22.7, 22.75, 9999.0, 9999.0, 9999.0, 23.91, 9999.0, 22.5, 9999.0, 22.55, 22.27, 22.23, 22.25, 22.25
2026-09-08, 09:11:10, 22.25, 22.3, 22.7, 22.75, 9999.0, 9999.0, 9999.0, 23.89, 9999.0, 22.52, 9999.0, 22.57, 22.27, 22.2, 22.25, 22.25
2026-09-08, 09:11:14, 22.25, 22.3, 22.68, 22.75, 9999.0, 9999.0, 9999.0, 23.84, 9999.0, 22.55, 9999.0, 22.59, 22.27, 22.2, 22.25, 22.25
2026-09-08, 09:11:18, 22.25, 22.3, 22.68, 22.75, 9999.0, 9999.0, 9999.0, 23.8, 9999.0, 22.55, 9999.0, 22.59, 22.27, 22.18, 22.25, 22.25
2026-09-08, 09:11:22, 22.25, 22.3, 22.68, 22.75, 9999.0, 9999.0, 9999.0, 23.75, 9999.0, 22.57, 9999.0, 22.61, 22.3, 22.2, 22.25, 22.25
2026-09-08, 09:11:26, 22.25, 22.3, 22.68, 22.75, 9999.0, 9999.0, 9999.0, 23.7, 9999.0, 22.59, 9999.0, 22.64, 22.32, 22.2, 22.25, 22.25
2026-09-08, 09:11:30, 22.25, 22.3, 22.7, 22.75, 9999.0, 9999.0, 9999.0, 23.73, 9999.0, 22.61, 9999.0, 22.64, 22.34, 22.2, 22.25, 22.25
2026-09-08, 09:11:34, 22.25, 22.3, 22.7, 22.75, 9999.0, 9999.0, 9999.0, 23.77, 9999.0, 22.64, 9999.0, 22.64, 22.34, 22.2, 22.25, 22.25
2026-09-08, 09:11:38, 22.25, 22.3, 22.7, 22.73, 9999.0, 9999.0, 9999.0, 23.8, 9999.0, 22.66, 9999.0, 22.64, 22.36, 22.18, 22.25, 22.25
2026-09-08, 09:11:42, 22.25, 22.3, 22.73, 22.73, 9999.0, 9999.0, 9999.0, 23.84, 9999.0, 22.68, 9999.0, 22.64, 22.36, 22.16, 22.25, 22.25
2026-09-08, 09:11:46, 22.25, 22.27, 22.73, 22.73, 9999.0, 9999.0, 9999.0, 23.89, 9999.0, 22.68, 9999.0, 22.61, 22.36, 22.16, 22.25, 22.25
2026-09-08, 09:11:50, 22.25, 22.27, 22.73, 22.7, 9999.0, 9999.0, 9999.0, 23.91, 9999.0, 22.68, 9999.0, 22.59, 22.34, 22.16, 22.25, 22.25
2026-09-08, 09:11:54, 22.25, 22.27, 22.7, 22.68, 9999.0, 9999.0, 9999.0, 23.93, 9999.0, 22.66, 9999.0, 22.57, 22.34, 22.18, 22.25, 22.25
2026-09-08, 09:11:58, 22.25, 22.27, 22.7, 22.68, 9999.0, 9999.0, 9999.0, 23.98, 9999.0, 22.64, 9999.0, 22.55, 22.34, 22.16, 22.25, 22.25
2026-09-08, 09:12:02, 22.25, 22.27, 22.7, 22.68, 9999.0, 9999.0, 9999.0, 24.02, 9999.0, 22.64, 9999.0, 22.55, 22.34, 22.16, 22.25, 22.25
2026-09-08, 09:12:06, 22.25, 22.25, 22.7, 22.68, 9999.0, 9999.0, 9999.0, 24.07, 9999.0, 22.61, 9999.0, 22.55, 22.32, 22.14, 22.25, 22.25
2026-09-08, 09:12:10, 22.25, 22.25, 22.68, 22.68, 9999.0, 9999.0, 9999.0, 24.11, 9999.0, 22.59, 9999.0, 22.52, 22.32, 22.11, 22.25, 22.25
2026-09-08, 09:12:14, 22.25, 22.25, 22.68, 22.66, 9999.0, 9999.0, 9999.0, 24.07, 9999.0, 22.57, 9999.0, 22.52, 22.3, 22.09, 22.25, 22.25
2026-09-08, 09:12:18, 22.25, 22.25, 22.66, 22.66, 9999.0, 9999.0, 9999.0, 24.02, 9999.0, 22.55, 9999.0, 22.55, 22.3, 22.07, 22.25, 22.25
2026-09-08, 09:12:22, 22.25, 22.25, 22.66, 22.68, 9999.0, 9999.0, 9999.0, 23.98, 9999.0, 22.52, 9999.0, 22.57, 22.27, 22.07, 22.25, 22.25
2026-09-08, 09:12:26, 22.25, 22.27, 22.64, 22.68, 9999.0, 9999.0, 9999.0, 23.93, 9999.0, 22.48, 9999.0, 22.59, 22.3, 22.09, 22.25, 22.25
2026-09-08, 09:12:30, 22.25, 22.27, 22.61, 22.68, 9999.0, 9999.0, 9999.0, 23.89, 9999.0, 22.5, 9999.0, 22.61, 22.3, 22.07, 22.25, 22.25
2026-09-08, 09:12:34, 22.25, 22.27, 22.59, 22.68, 9999.0, 9999.0, 9999.0, 23.84, 9999.0, 22.52, 9999.0, 22.64, 22.3, 22.05, 22.25, 22.25
2026-09-08, 09:12:38, 22.25, 22.27, 22.61, 22.68, 9999.0, 9999.0, 9999.0, 23.8, 9999.0, 22.55, 9999.0, 22.66, 22.3, 22.05, 22.25, 22.25
2026-09-08, 09:12:42, 22.25, 22.27, 22.64, 22.68, 9999.0, 9999.0, 9999.0, 23.75, 9999.0, 22.57, 9999.0, 22.66, 22.3, 22.05, 22.25, 22.25
2026-09-08, 09:12:46, 22.25, 22.27, 22.64, 22.68, 9999.0, 9999.0, 9999.0, 23.7, 9999.0, 22.59, 9999.0, 22.66, 22.32, 22.05, 22.25, 22.25
2026-09-08, 09:12:50, 22.25, 22.27, 22.64, 22.68, 9999.0, 9999.0, 9999.0, 23.73, 9999.0, 22.61, 9999.0, 22.66, 22.32, 22.05, 22.25, 22.25
2026-09-08, 09:12:54, 22.25, 22.27, 22.66, 22.66, 9999.0, 9999.0, 9999.0, 23.73, 9999.0, 22.64, 9999.0, 22.66, 22.3, 22.05, 22.25, 22.25
2026-09-08, 09:12:58, 22.25, 22.27, 22.66, 22.68, 9999.0, 9999.0, 9999.0, 23.75, 9999.0, 22.66, 9999.0, 22.66, 22.3, 22.05, 22.25, 22.25
2026-09-08, 09:13:02, 22.25, 22.27, 22.68, 22.68, 9999.0, 9999.0, 9999.0, 23.77, 9999.0, 22.68, 9999.0, 22.64, 22.3, 22.05, 22.25, 22.25
2026-09-08, 09:13:06, 22.25, 22.27, 22.68, 22.68, 9999.0, 9999.0, 9999.0, 23.8, 9999.0, 22.68, 9999.0, 22.61, 22.3, 22.07, 22.25, 22.25
2026-09-08, 09:13:10, 22.25, 22.25, 22.7, 22.68, 9999.0, 9999.0, 9999.0, 23.82, 9999.0, 22.7, 9999.0, 22.57, 22.27, 22.07, 22.25, 22.23
2026-09-08, 09:13:14, 22.23, 22.25, 22.73, 22.68, 9999.0, 9999.0, 9999.0, 23.84, 9999.0, 22.66, 9999.0, 22.55, 22.27, 22.07, 22.25, 22.23
2026-09-08, 09:13:18, 22.23, 22.27, 22.75, 22.7, 9999.0, 9999.0, 9999.0, 23.89, 9999.0, 22.64, 9999.0, 22.5, 22.3, 22.07, 22.25, 22.23
2026-09-08, 09:13:22, 22.23, 22.27, 22.75, 22.73, 9999.0, 9999.0, 9999.0, 23.93, 9999.0, 22.61, 9999.0, 22.45, 22.3, 22.05, 22.25, 22.23
2026-09-08, 09:13:26, 22.23, 22.27, 22.75, 22.7, 9999.0, 9999.0, 9999.0, 23.98, 9999.0, 22.57, 9999.0, 22.45, 22.3, 22.07, 22.25, 22.2
2026-09-08, 09:13:30, 22.23, 22.27, 22.75, 22.7, 9999.0, 9999.0, 9999.0, 24.0, 9999.0, 22.52, 9999.0, 22.45, 22.27, 22.09, 22.25, 22.2
2026-09-08, 09:13:34, 22.23, 22.27, 22.75, 22.68, 9999.0, 9999.0, 9999.0, 23.95, 9999.0, 22.48, 9999.0, 22.45, 22.27, 22.09, 22.25, 22.2
2026-09-08, 09:13:38, 22.23, 22.27, 22.75, 22.7, 9999.0, 9999.0, 9999.0, 23.93, 9999.0, 22.43, 9999.0, 22.48, 22.3, 22.11, 22.25, 22.2
2026-09-08, 09:13:42, 22.23, 22.27, 22.73, 22.7, 9999.0, 9999.0, 9999.0, 23.91, 9999.0, 22.39, 9999.0, 22.5, 22.3, 22.11, 22.25, 22.2
2026-09-08, 09:13:46, 22.23, 22.27, 22.73, 22.68, 9999.0, 9999.0, 9999.0, 23.86, 9999.0, 22.36, 9999.0, 22.52, 22.3, 22.14, 22.25, 22.2
2026-09-08, 09:13:50, 22.23, 22.27, 22.73, 22.66, 9999.0, 9999.0, 9999.0, 23.82, 9999.0, 22.36, 9999.0, 22.55, 22.32, 22.11, 22.25, 22.2
2026-09-08, 09:13:54, 22.23, 22.27, 22.73, 22.64, 9999.0, 9999.0, 9999.0, 23.77, 9999.0, 22.36, 9999.0, 22.57, 22.34, 22.09, 22.25, 22.23
2026-09-08, 09:13:58, 22.25, 22.27, 22.7, 22.64, 9999.0, 9999.0, 9999.0, 23.73, 9999.0, 22.39, 9999.0, 22.59, 22.34, 22.09, 22.25, 22.23
2026-09-08, 09:14:02, 22.25, 22.27, 22.68, 22.64, 9999.0, 9999.0, 9999.0, 23.68, 9999.0, 22.39, 9999.0, 22.61, 22.32, 22.11, 22.25, 22.23
2026-09-08, 09:14:06, 22.25, 22.27, 22.68, 22.61, 9999.0, 9999.0, 9999.0, 23.7, 9999.0, 22.39, 9999.0, 22.64, 22.32, 22.11, 22.25, 22.23
2026-09-08, 09:14:10, 22.25, 22.27, 22.66, 22.64, 9999.0, 9999.0, 9999.0, 23.73, 9999.0, 22.41, 9999.0, 22.64, 22.34, 22.11, 22.25, 22.25
2026-09-08, 09:14:14, 22.25, 22.27, 22.66, 22.61, 9999.0, 9999.0, 9999.0, 23.77, 9999.0, 22.43, 9999.0, 22.64, 22.34, 22.11, 22.25, 22.25
2026-09-08, 09:14:18, 22.25, 22.27, 22.66, 22.64, 9999.0, 9999.0, 9999.0, 23.8, 9999.0, 22.45, 9999.0, 22.61, 22.36, 22.11, 22.25, 22.25
2026-09-08, 09:14:23, 22.25, 22.27, 22.66, 22.61, 9999.0, 9999.0, 9999.0, 23.82, 9999.0, 22.45, 9999.0, 22.59, 22.34, 22.11, 22.25, 22.25
2026-09-08, 09:14:27, 22.25, 22.3, 22.68, 22.59, 9999.0, 9999.0, 9999.0, 23.84, 9999.0, 22.48, 9999.0, 22.57, 22.34, 22.14, 22.25, 22.23
2026-09-08, 09:14:31, 22.25, 22.3, 22.68, 22.61, 9999.0, 9999.0, 9999.0, 23.86, 9999.0, 22.48, 9999.0, 22.55, 22.34, 22.11, 22.25, 22.23
2026-09-08, 09:14:35, 22.25, 22.3, 22.66, 22.61, 9999.0, 9999.0, 9999.0, 23.91, 9999.0, 22.48, 9999.0, 22.52, 22.32, 22.14, 22.25, 22.23
2026-09-08, 09:14:39, 22.25, 22.3, 22.66, 22.61, 9999.0, 9999.0, 9999.0, 23.95, 9999.0, 22.48, 9999.0, 22.52, 22.3, 22.16, 22.25, 22.23
2026-09-08, 09:14:43, 22.25, 22.3, 22.68, 22.59, 9999.0, 9999.0, 9999.0, 23.98, 9999.0, 22.45, 9999.0, 22.5, 22.3, 22.18, 22.25, 22.23
2026-09-08, 09:14:47, 22.25, 22.27, 22.7, 22.57, 9999.0, 9999.0, 9999.0, 24.0, 9999.0, 22.45, 9999.0, 22.5, 22.3, 22.16, 22.25, 22.23
2026-09-08, 09:14:51, 22.25, 22.27, 22.68, 22.57, 9999.0, 9999.0, 9999.0, 23.95, 9999.0, 22.45, 9999.0, 22.52, 22.3, 22.18, 22.25, 22.23
2026-09-08, 09:14:55, 22.25, 22.27, 22.68, 22.55, 9999.0, 9999.0, 9999.0, 23.91, 9999.0, 22.43, 9999.0, 22.55, 22.27, 22.18, 22.25, 22.23
2026-09-08, 09:14:59, 22.25, 22.27, 22.66, 22.55, 9999.0, 9999.0, 9999.0, 23.86, 9999.0, 22.41, 9999.0, 22.57, 22.3, 22.18, 22.25, 22.23
2026-09-08, 09:15:03, 22.25, 22.27, 22.66, 22.52, 9999.0, 9999.0, 9999.0, 23.82, 9999.0, 22.41, 9999.0, 22.59, 22.27, 22.2, 22.25, 22.23
2026-09-08, 09:15:07, 22.25, 22.3, 22.66, 22.52, 9999.0, 9999.0, 9999.0, 23.8, 9999.0, 22.45, 9999.0, 22.61, 22.27, 22.2, 22.25, 22.23
2026-09-08, 09:15:11, 22.25, 22.27, 22.66, 22.52, 9999.0, 9999.0, 9999.0, 23.75, 9999.0, 22.45, 9999.0, 22.64, 22.3, 22.18, 22.25, 22.25
2026-09-08, 09:15:15, 22.25, 22.27, 22.64, 22.52, 9999.0, 9999.0, 9999.0, 23.73, 9999.0, 22.48, 9999.0, 22.64, 22.32, 22.18, 22.25, 22.25
2026-09-08, 09:15:19, 22.25, 22.27, 22.64, 22.55, 9999.0, 9999.0, 9999.0, 23.68, 9999.0, 22.5, 9999.0, 22.64, 22.34, 22.18, 22.25, 22.25
2026-09-08, 09:15:23, 22.25, 22.27, 22.64, 22.57, 9999.0, 9999.0, 9999.0, 23.7, 9999.0, 22.52, 9999.0, 22.64, 22.36, 22.18, 22.25, 22.25
2026-09-08, 09:15:27, 22.25, 22.27, 22.61, 22.57, 9999.0, 9999.0, 9999.0, 23.75, 9999.0, 22.55, 9999.0, 22.64, 22.36, 22.18, 22.25, 22.25
2026-09-08, 09:15:31, 22.25, 22.27, 22.61, 22.59, 9999.0, 9999.0, 9999.0, 23.8, 9999.0, 22.55, 9999.0, 22.64, 22.36, 22.2, 22.25, 22.25
2026-09-08, 09:15:35, 22.25, 22.27, 22.61, 22.59, 9999.0, 9999.0, 9999.0, 23.82, 9999.0, 22.55, 9999.0, 22.61, 22.39, 22.18, 22.25, 22.23
2026-09-08, 09:15:39, 22.25, 22.27, 22.64, 22.59, 9999.0, 9999.0, 9999.0, 23.84, 9999.0, 22.57, 9999.0, 22.59, 22.39, 22.16, 22.25, 22.2
2026-09-08, 09:15:43, 22.25, 22.27, 22.64, 22.59, 9999.0, 9999.0, 9999.0, 23.86, 9999.0, 22.57, 9999.0, 22.57, 22.36, 22.14, 22.25, 22.2
2026-09-08, 09:15:47, 22.25, 22.27, 22.61, 22.59, 9999.0, 9999.0, 9999.0, 23.89, 9999.0, 22.57, 9999.0, 22.55, 22.36, 22.11, 22.25, 22.2
2026-09-08, 09:15:51, 22.25, 22.25, 22.59, 22.59, 9999.0, 9999.0, 9999.0, 23.89, 9999.0, 22.55, 9999.0, 22.52, 22.36, 22.11, 22.23, 22.2
2026-09-08, 09:15:55, 22.25, 22.25, 22.57, 22.59, 9999.0, 9999.0, 9999.0, 23.91, 9999.0, 22.55, 9999.0, 22.5, 22.34, 22.11, 22.23, 22.2
2026-09-08, 09:15:59, 22.25, 22.25, 22.59, 22.57, 9999.0, 9999.0, 9999.0, 23.93, 9999.0, 22.5, 9999.0, 22.5, 22.32, 22.14, 22.23, 22.2
2026-09-08, 09:16:03, 22.25, 22.25, 22.59, 22.57, 9999.0, 9999.0, 9999.0, 23.95, 9999.0, 22.45, 9999.0, 22.5, 22.3, 22.14, 22.2, 22.18
2026-09-08, 09:16:07, 22.25, 22.25, 22.57, 22.55, 9999.0, 9999.0, 9999.0, 23.91, 9999.0, 22.41, 9999.0, 22.5, 22.27, 22.14, 22.2, 22.16
2026-09-08, 09:16:11, 22.25, 22.25, 22.57, 22.55, 9999.0, 9999.0, 9999.0, 23.86, 9999.0, 22.39, 9999.0, 22.52, 22.27, 22.11, 22.2, 22.16
2026-09-08, 09:16:15, 22.25, 22.25, 22.57, 22.52, 9999.0, 9999.0, 9999.0, 23.82, 9999.0, 22.36, 9999.0, 22.55, 22.27, 22.11, 22.2, 22.16
2026-09-08, 09:16:19, 22.25, 22.27, 22.59, 22.52, 9999.0, 9999.0, 9999.0, 23.77, 9999.0, 22.34, 9999.0, 22.57, 22.27, 22.14, 22.2, 22.18
2026-09-08, 09:16:23, 22.25, 22.27, 22.59, 22.52, 9999.0, 9999.0, 9999.0, 23.73, 9999.0, 22.34, 9999.0, 22.59, 22.27, 22.16, 22.2, 22.18
2026-09-08, 09:16:27, 22.25, 22.3, 22.61, 22.55, 9999.0, 9999.0, 9999.0, 23.68, 9999.0, 22.36, 9999.0, 22.59, 22.27, 22.18, 22.2, 22.16
2026-09-08, 09:16:31, 22.25, 22.32, 22.61, 22.55, 9999.0, 9999.0, 9999.0, 23.66, 9999.0, 22.39, 9999.0, 22.59, 22.3, 22.2, 22.2, 22.14
2026-09-08, 09:16:35, 22.25, 22.32, 22.64, 22.55, 9999.0, 9999.0, 9999.0, 23.64, 9999.0, 22.39, 9999.0, 22.59, 22.32, 22.2, 22.23, 22.11
2026-09-08, 09:16:39, 22.25, 22.32, 22.66, 22.55, 9999.0, 9999.0, 9999.0, 23.61, 9999.0, 22.39, 9999.0, 22.61, 22.34, 22.23, 22.23, 22.11
2026-09-08, 09:16:43, 22.25, 22.32, 22.66, 22.55, 9999.0, 9999.0, 9999.0, 23.66, 9999.0, 22.41, 9999.0, 22.64, 22.34, 22.23, 22.23, 22.11
2026-09-08, 09:16:47, 22.25, 22.34, 22.68, 22.52, 9999.0, 9999.0, 9999.0, 23.7, 9999.0, 22.43, 9999.0, 22.64, 22.36, 22.2, 22.25, 22.14
2026-09-08, 09:16:51, 22.25, 22.34, 22.7, 22.55, 9999.0, 9999.0, 9999.0, 23.73, 9999.0, 22.45, 9999.0, 22.64, 22.36, 22.18, 22.25, 22.16
2026-09-08, 09:16:55, 22.25, 22.36, 22.73, 22.55, 9999.0, 9999.0, 9999.0, 23.75, 9999.0, 22.48, 9999.0, 22.61, 22.36, 22.18, 22.25, 22.14
2026-09-08, 09:16:59, 22.25, 22.36, 22.73, 22.55, 9999.0, 9999.0, 9999.0, 23.77, 9999.0, 22.5, 9999.0, 22.59, 22.36, 22.16, 22.25, 22.14
2026-09-08, 09:17:03, 22.25, 22.34, 22.7, 22.55, 9999.0, 9999.0, 9999.0, 23.8, 9999.0, 22.52, 9999.0, 22.57, 22.34, 22.14, 22.25, 22.14
2026-09-08, 09:17:07, 22.25, 22.34, 22.7, 22.55, 9999.0, 9999.0, 9999.0, 23.82, 9999.0, 22.5, 9999.0, 22.55, 22.34, 22.14, 22.25, 22.14
2026-09-08, 09:17:11, 22.25, 22.32, 22.7, 22.52, 9999.0, 9999.0, 9999.0, 23.86, 9999.0, 22.48, 9999.0, 22.52, 22.34, 22.14, 22.25, 22.14
2026-09-08, 09:17:15, 22.25, 22.3, 22.7, 22.55, 9999.0, 9999.0, 9999.0, 23.91, 9999.0, 22.43, 9999.0, 22.52, 22.32, 22.11, 22.25, 22.16
2026-09-08, 09:17:19, 22.25, 22.3, 22.7, 22.55, 9999.0, 9999.0, 9999.0, 23.95, 9999.0, 22.41, 9999.0, 22.52, 22.3, 22.11, 22.25, 22.18
2026-09-08, 09:17:23, 22.25, 22.32, 22.68, 22.57, 9999.0, 9999.0, 9999.0, 23.98, 9999.0, 22.41, 9999.0, 22.5, 22.27, 22.09, 22.25, 22.18
2026-09-08, 09:17:27, 22.25, 22.34, 22.66, 22.57, 9999.0, 9999.0, 9999.0, 23.93, 9999.0, 22.39, 9999.0, 22.5, 22.3, 22.07, 22.25, 22.18
2026-09-08, 09:17:31, 22.25, 22.34, 22.66, 22.59, 9999.0, 9999.0, 9999.0, 23.89, 9999.0, 22.36, 9999.0, 22.52, 22.27, 22.07, 22.25, 22.18
2026-09-08, 09:17:35, 22.25, 22.34, 22.64, 22.57, 9999.0, 9999.0, 9999.0, 23.86, 9999.0, 22.34, 9999.0, 22.55, 22.3, 22.09, 22.25, 22.18
2026-09-08, 09:17:39, 22.23, 22.32, 22.61, 22.57, 9999.0, 9999.0, 9999.0, 23.82, 9999.0, 22.34, 9999.0, 22.57, 22.3, 22.11, 22.25, 22.2
2026-09-08, 09:17:43, 22.23, 22.34, 22.59, 22.59, 9999.0, 9999.0, 9999.0, 23.77, 9999.0, 22.34, 9999.0, 22.57, 22.3, 22.14, 22.25, 22.18
2026-09-08, 09:17:47, 22.23, 22.34, 22.61, 22.61, 9999.0, 9999.0, 9999.0, 23.75, 9999.0, 22.34, 9999.0, 22.59, 22.3, 22.14, 22.25, 22.18
2026-09-08, 09:17:51, 22.23, 22.34, 22.61, 22.61, 9999.0, 9999.0, 9999.0, 23.73, 9999.0, 22.36, 9999.0, 22.59, 22.3, 22.14, 22.25, 22.2
2026-09-08, 09:17:55, 22.23, 22.34, 22.61, 22.61, 9999.0, 9999.0, 9999.0, 23.68, 9999.0, 22.39, 9999.0, 22.61, 22.3, 22.11, 22.25, 22.23
2026-09-08, 09:17:59, 22.23, 22.34, 22.64, 22.61, 9999.0, 9999.0, 9999.0, 23.7, 9999.0, 22.41, 9999.0, 22.61, 22.3, 22.14, 22.25, 22.23
2026-09-08, 09:18:03, 22.23, 22.34, 22.61, 22.64, 9999.0, 9999.0, 9999.0, 23.7, 9999.0, 22.43, 9999.0, 22.61, 22.32, 22.14, 22.25, 22.23
2026-09-08, 09:18:07, 22.23, 22.32, 22.64, 22.61, 9999.0, 9999.0, 9999.0, 23.73, 9999.0, 22.43, 9999.0, 22.61, 22.32, 22.14, 22.25, 22.23
2026-09-08, 09:18:12, 22.23, 22.3, 22.66, 22.64, 9999.0, 9999.0, 9999.0, 23.75, 9999.0, 22.43, 9999.0, 22.59, 22.3, 22.16, 22.25, 22.23
2026-09-08, 09:18:16, 22.23, 22.27, 22.64, 22.64, 9999.0, 9999.0, 9999.0, 23.77, 9999.0, 22.43, 9999.0, 22.57, 22.3, 22.18, 22.25, 22.23
2026-09-08, 09:18:20, 22.23, 22.27, 22.66, 22.64, 9999.0, 9999.0, 9999.0, 23.8, 9999.0, 22.43, 9999.0, 22.55, 22.27, 22.18, 22.25, 22.23
2026-09-08, 09:18:24, 22.25, 22.27, 22.68, 22.66, 9999.0, 9999.0, 9999.0, 23.82, 9999.0, 22.41, 9999.0, 22.52, 22.27, 22.18, 22.25, 22.2
2026-09-08, 09:18:28, 22.25, 22.25, 22.7, 22.66, 9999.0, 9999.0, 9999.0, 23.84, 9999.0, 22.39, 9999.0, 22.52, 22.27, 22.16, 22.23, 22.23
2026-09-08, 09:18:32, 22.25, 22.27, 22.7, 22.66, 9999.0, 9999.0, 9999.0, 23.86, 9999.0, 22.36, 9999.0, 22.5, 22.27, 22.16, 22.23, 22.23
2026-09-08, 09:18:36, 22.25, 22.27, 22.7, 22.66, 9999.0, 9999.0, 9999.0, 23.89, 9999.0, 22.34, 9999.0, 22.5, 22.27, 22.16, 22.23, 22.2
2026-09-08, 09:18:40, 22.25, 22.27, 22.7, 22.68, 9999.0, 9999.0, 9999.0, 23.91, 9999.0, 22.32, 9999.0, 22.5, 22.27, 22.16, 22.23, 22.2
2026-09-08, 09:18:44, 22.25, 22.27, 22.68, 22.68, 9999.0, 9999.0, 9999.0, 23.86, 9999.0, 22.3, 9999.0, 22.52, 22.27, 22.16, 22.23, 22.2
2026-09-08, 09:18:48, 22.25, 22.27, 22.7, 22.66, 9999.0, 9999.0, 9999.0, 23.84, 9999.0, 22.27, 9999.0, 22.55, 22.25, 22.14, 22.23, 22.2
2026-09-08, 09:18:52, 22.25, 22.3, 22.68, 22.66, 9999.0, 9999.0, 9999.0, 23.82, 9999.0, 22.25, 9999.0, 22.57, 22.25, 22.16, 22.23, 22.2
2026-09-08, 09:18:56, 22.25, 22.3, 22.68, 22.66, 9999.0, 9999.0, 9999.0, 23.77, 9999.0, 22.25, 9999.0, 22.59, 22.25, 22.16, 22.23, 22.2
2026-09-08, 09:19:00, 22.25, 22.3, 22.7, 22.64, 9999.0, 9999.0, 9999.0, 23.73, 9999.0, 22.27, 9999.0, 22.61, 22.25, 22.14, 22.23, 22.2
2026-09-08, 09:19:04, 22.25, 22.3, 22.7, 22.66, 9999.0, 9999.0, 9999.0, 23.68, 9999.0, 22.3, 9999.0, 22.64, 22.25, 22.11, 22.23, 22.2
2026-09-08, 09:19:08, 22.25, 22.3, 22.68, 22.64, 9999.0, 9999.0, 9999.0, 23.66, 9999.0, 22.32, 9999.0, 22.64, 22.25, 22.11, 22.23, 22.23
2026-09-08, 09:19:12, 22.25, 22.32, 22.66, 22.64, 9999.0, 9999.0, 9999.0, 23.64, 9999.0, 22.34, 9999.0, 22.64, 22.27, 22.14, 22.25, 22.23
2026-09-08, 09:19:16, 22.25, 22.3, 22.64, 22.64, 9999.0, 9999.0, 9999.0, 23.68, 9999.0, 22.36, 9999.0, 22.64, 22.3, 22.16, 22.25, 22.23
2026-09-08, 09:19:20, 22.25, 22.3, 22.61, 22.66, 9999.0, 9999.0, 9999.0, 23.73, 9999.0, 22.39, 9999.0, 22.64, 22.32, 22.14, 22.25, 22.25
2026-09-08, 09:19:24, 22.25, 22.3, 22.59, 22.64, 9999.0, 9999.0, 9999.0, 23.75, 9999.0, 22.39, 9999.0, 22.64, 22.34, 22.16, 22.25, 22.23
2026-09-08, 09:19:28, 22.25, 22.3, 22.61, 22.61, 9999.0, 9999.0, 9999.0, 23.77, 9999.0, 22.39, 9999.0, 22.61, 22.36, 22.14, 22.25, 22.23
2026-09-08, 09:19:32, 22.23, 22.32, 22.61, 22.61, 9999.0, 9999.0, 9999.0, 23.8, 9999.0, 22.39, 9999.0, 22.59, 22.36, 22.14, 22.25, 22.2
2026-09-08, 09:19:36, 22.23, 22.32, 22.61, 22.61, 9999.0, 9999.0, 9999.0, 23.8, 9999.0, 22.39, 9999.0, 22.57, 22.36, 22.11, 22.25, 22.2
2026-09-08, 09:19:40, 22.23, 22.32, 22.59, 22.59, 9999.0, 9999.0, 9999.0, 23.84, 9999.0, 22.39, 9999.0, 22.52, 22.39, 22.09, 22.23, 22.2
2026-09-08, 09:19:44, 22.23, 22.32, 22.57, 22.59, 9999.0, 9999.0, 9999.0, 23.86, 9999.0, 22.34, 9999.0, 22.5, 22.39, 22.11, 22.23, 22.2
2026-09-08, 09:19:48, 22.23, 22.32, 22.57, 22.57, 9999.0, 9999.0, 9999.0, 23.91, 9999.0, 22.32, 9999.0, 22.45, 22.39, 22.14, 22.23, 22.2
2026-09-08, 09:19:52, 22.23, 22.32, 22.57, 22.57, 9999.0, 9999.0, 9999.0, 23.93, 9999.0, 22.3, 9999.0, 22.48, 22.39, 22.11, 22.23, 22.18
2026-09-08, 09:19:56, 22.23, 22.3, 22.57, 22.57, 9999.0, 9999.0, 9999.0, 23.95, 9999.0, 22.27, 9999.0, 22.48, 22.36, 22.09, 22.23, 22.18
2026-09-08, 09:20:00, 22.23, 22.3, 22.59, 22.57, 9999.0, 9999.0, 9999.0, 23.91, 9999.0, 22.25, 9999.0, 22.48, 22.34, 22.07, 22.23, 22.18
2026-09-08, 09:20:04, 22.23, 22.3, 22.61, 22.57, 9999.0, 9999.0, 9999.0, 23.86, 9999.0, 22.2, 9999.0, 22.5, 22.32, 22.07, 22.23, 22.18
2026-09-08, 09:20:08, 22.23, 22.32, 22.64, 22.59, 9999.0, 9999.0, 9999.0, 23.84, 9999.0, 22.2, 9999.0, 22.52, 22.32, 22.07, 22.23, 22.2
2026-09-08, 09:20:12, 22.23, 22.32, 22.64, 22.59, 9999.0, 9999.0, 9999.0, 23.8, 9999.0, 22.2, 9999.0, 22.55, 22.32, 22.07, 22.23, 22.2
2026-09-08, 09:20:16, 22.25, 22.3, 22.64, 22.59, 9999.0, 9999.0, 9999.0, 23.75, 9999.0, 22.2, 9999.0, 22.57, 22.32, 22.09, 22.23, 22.23
2026-09-08, 09:20:20, 22.25, 22.27, 22.64, 22.61, 9999.0, 9999.0, 9999.0, 23.73, 9999.0, 22.2, 9999.0, 22.59, 22.32, 22.09, 22.23, 22.23
2026-09-08, 09:20:24, 22.25, 22.27, 22.64, 22.64, 9999.0, 9999.0, 9999.0, 23.68, 9999.0, 22.23, 9999.0, 22.61, 22.32, 22.11, 22.25, 22.23
2026-09-08, 09:20:28, 22.25, 22.27, 22.64, 22.64, 9999.0, 9999.0, 9999.0, 23.66, 9999.0, 22.27, 9999.0, 22.61, 22.34, 22.11, 22.25, 22.23
2026-09-08, 09:20:32, 22.25, 22.27, 22.64, 22.64, 9999.0, 9999.0, 9999.0, 23.61, 9999.0, 22.3, 9999.0, 22.64, 22.36, 22.11, 22.25, 22.2
2026-09-08, 09:20:36, 22.25, 22.27, 22.64, 22.64, 9999.0, 9999.0, 9999.0, 23.64, 9999.0, 22.32, 9999.0, 22.61, 22.36, 22.14, 22.25, 22.23
2026-09-08, 09:20:40, 22.25, 22.27, 22.66, 22.64, 9999.0, 9999.0, 9999.0, 23.66, 9999.0, 22.32, 9999.0, 22.61, 22.36, 22.16, 22.25, 22.2
2026-09-08, 09:20:44, 22.25, 22.27, 22.66, 22.61, 9999.0, 9999.0, 9999.0, 23.68, 9999.0, 22.32, 9999.0, 22.61, 22.39, 22.16, 22.25, 22.2
2026-09-08, 09:20:48, 22.25, 22.27, 22.66, 22.59, 9999.0, 9999.0, 9999.0, 23.68, 9999.0, 22.34, 9999.0, 22.59, 22.39, 22.18, 22.25, 22.2
2026-09-08, 09:20:52, 22.25, 22.27, 22.66, 22.57, 9999.0, 9999.0, 9999.0, 23.68, 9999.0, 22.34, 9999.0, 22.57, 22.36, 22.18, 22.25, 22.2
2026-09-08, 09:20:56, 22.25, 22.27, 22.66, 22.59, 9999.0, 9999.0, 9999.0, 23.7, 9999.0, 22.34, 9999.0, 22.52, 22.34, 22.18, 22.25, 22.2
2026-09-08, 09:21:00, 22.25, 22.27, 22.66, 22.61, 9999.0, 9999.0, 9999.0, 23.73, 9999.0, 22.32, 9999.0, 22.48, 22.34, 22.16, 22.25, 22.2
2026-09-08, 09:21:04, 22.25, 22.27, 22.68, 22.61, 9999.0, 9999.0, 9999.0, 23.75, 9999.0, 22.32, 9999.0, 22.45, 22.34, 22.16, 22.25, 22.2
2026-09-08, 09:21:08, 22.25, 22.3, 22.68, 22.61, 9999.0, 9999.0, 9999.0, 23.77, 9999.0, 22.27, 9999.0, 22.45, 22.32, 22.16, 22.25, 22.2
2026-09-08, 09:21:12, 22.25, 22.32, 22.7, 22.64, 9999.0, 9999.0, 9999.0, 23.8, 9999.0, 22.23, 9999.0, 22.45, 22.3, 22.14, 22.25, 22.2
2026-09-08, 09:21:16, 22.25, 22.32, 22.7, 22.64, 9999.0, 9999.0, 9999.0, 23.82, 9999.0, 22.16, 9999.0, 22.45, 22.27, 22.11, 22.23, 22.23
2026-09-08, 09:21:20, 22.25, 22.32, 22.73, 22.64, 9999.0, 9999.0, 9999.0, 23.8, 9999.0, 22.11, 9999.0, 22.48, 22.27, 22.11, 22.23, 22.23
2026-09-08, 09:21:24, 22.25, 22.32, 22.73, 22.61, 9999.0, 9999.0, 9999.0, 23.77, 9999.0, 22.09, 9999.0, 22.5, 22.27, 22.11, 22.23, 22.23
2026-09-08, 09:21:28, 22.25, 22.32, 22.73, 22.61, 9999.0, 9999.0, 9999.0, 23.73, 9999.0, 22.07, 9999.0, 22.52, 22.25, 22.14, 22.23, 22.23
2026-09-08, 09:21:32, 22.25, 22.32, 22.7, 22.61, 9999.0, 9999.0, 9999.0, 23.7, 9999.0, 22.05, 9999.0, 22.55, 22.25, 22.11, 22.23, 22.23
2026-09-08, 09:21:36, 22.25, 22.3, 22.7, 22.64, 9999.0, 9999.0, 9999.0, 23.68, 9999.0, 22.02, 9999.0, 22.57, 22.25, 22.11, 22.2, 22.23
2026-09-08, 09:21:40, 22.25, 22.3, 22.7, 22.64, 9999.0, 9999.0, 9999.0, 23.66, 9999.0, 22.02, 9999.0, 22.61, 22.25, 22.14, 22.2, 22.23
2026-09-08, 09:21:44, 22.25, 22.3, 22.68, 22.64, 9999.0, 9999.0, 9999.0, 23.64, 9999.0, 22.05, 9999.0, 22.64, 22.25, 22.14, 22.2, 22.23
2026-09-08, 09:21:48, 22.25, 22.3, 22.66, 22.64, 9999.0, 9999.0, 9999.0, 23.61, 9999.0, 22.05, 9999.0, 22.64, 22.27, 22.16, 22.2, 22.23
2026-09-08, 09:21:52, 22.25, 22.27, 22.66, 22.61, 9999.0, 9999.0, 9999.0, 23.66, 9999.0, 22.07, 9999.0, 22.64, 22.3, 22.16, 22.2, 22.23
2026-09-08, 09:21:56, 22.25, 22.25, 22.64, 22.59, 9999.0, 9999.0, 9999.0, 23.68, 9999.0, 22.09, 9999.0, 22.64, 22.3, 22.16, 22.2, 22.23
2026-09-08, 09:22:00, 22.25, 22.25, 22.64, 22.59, 9999.0, 9999.0, 9999.0, 23.7, 9999.0, 22.14, 9999.0, 22.64, 22.3, 22.16, 22.23, 22.23
2026-09-08, 09:22:05, 22.25, 22.25, 22.64, 22.59, 9999.0, 9999.0, 9999.0, 23.73, 9999.0, 22.16, 9999.0, 22.61, 22.3, 22.14, 22.23, 22.23
2026-09-08, 09:22:09, 22.25, 22.25, 22.64, 22.61, 9999.0, 9999.0, 9999.0, 23.73, 9999.0, 22.16, 9999.0, 22.59, 22.3, 22.11, 22.23, 22.25
2026-09-08, 09:22:13, 22.25, 22.25, 22.61, 22.64, 9999.0, 9999.0, 9999.0, 23.75, 9999.0, 22.16, 9999.0, 22.57, 22.3, 22.11, 22.23, 22.25
2026-09-08, 09:22:17, 22.25, 22.25, 22.61, 22.66, 9999.0, 9999.0, 9999.0, 23.77, 9999.0, 22.16, 9999.0, 22.55, 22.3, 22.11, 22.23, 22.25
2026-09-08, 09:22:21, 22.25, 22.25, 22.59, 22.64, 9999.0, 9999.0, 9999.0, 23.8, 9999.0, 22.16, 9999.0, 22.5, 22.3, 22.09, 22.25, 22.25
2026-09-08, 09:22:25, 22.25, 22.25, 22.57, 22.61, 9999.0, 9999.0, 9999.0, 23.82, 9999.0, 22.14, 9999.0, 22.48, 22.3, 22.07, 22.25, 22.25
2026-09-08, 09:22:29, 22.25, 22.27, 22.57, 22.59, 9999.0, 9999.0, 9999.0, 23.84, 9999.0, 22.11, 9999.0, 22.48, 22.3, 22.07, 22.23, 22.25
2026-09-08, 09:22:33, 22.25, 22.27, 22.57, 22.59, 9999.0, 9999.0, 9999.0, 23.86, 9999.0, 22.09, 9999.0, 22.48, 22.27, 22.05, 22.2, 22.25
2026-09-08, 09:22:37, 22.25, 22.27, 22.57, 22.61, 9999.0, 9999.0, 9999.0, 23.82, 9999.0, 22.07, 9999.0, 22.48, 22.25, 22.02, 22.2, 22.25
2026-09-08, 09:22:41, 22.25, 22.3, 22.57, 22.61, 9999.0, 9999.0, 9999.0, 23.77, 9999.0, 22.05, 9999.0, 22.5, 22.25, 22.05, 22.2, 22.25
2026-09-08, 09:22:45, 22.25, 22.3, 22.55, 22.61, 9999.0, 9999.0, 9999.0, 23.75, 9999.0, 22.0, 9999.0, 22.52, 22.25, 22.05, 22.2, 22.25
2026-09-08, 09:22:49, 22.25, 22.3, 22.52, 22.64, 9999.0, 9999.0, 9999.0, 23.7, 9999.0, 21.98, 9999.0, 22.55, 22.25, 22.05, 22.2, 22.25
2026-09-08, 09:22:53, 22.25, 22.3, 22.52, 22.61, 9999.0, 9999.0, 9999.0, 23.68, 9999.0, 21.98, 9999.0, 22.57, 22.25, 22.07, 22.2, 22.25
2026-09-08, 09:22:57, 22.25, 22.3, 22.52, 22.59, 9999.0, 9999.0, 9999.0, 23.66, 9999.0, 22.0, 9999.0, 22.57, 22.27, 22.05, 22.2, 22.25
2026-09-08, 09:23:01, 22.25, 22.32, 22.55, 22.57, 9999.0, 9999.0, 9999.0, 23.64, 9999.0, 22.02, 9999.0, 22.59, 22.3, 22.07, 22.2, 22.25
2026-09-08, 09:23:05, 22.25, 22.32, 22.57, 22.57, 9999.0, 9999.0, 9999.0, 23.59, 9999.0, 22.05, 9999.0, 22.61, 22.3, 22.09, 22.2, 22.25
2026-09-08, 09:23:09, 22.25, 22.32, 22.57, 22.59, 9999.0, 9999.0, 9999.0, 23.61, 9999.0, 22.07, 9999.0, 22.61, 22.32, 22.11, 22.2, 22.25
2026-09-08, 09:23:13, 22.25, 22.3, 22.57, 22.61, 9999.0, 9999.0, 9999.0, 23.64, 9999.0, 22.09, 9999.0, 22.61, 22.34, 22.11, 22.23, 22.25
2026-09-08, 09:23:17, 22.25, 22.32, 22.57, 22.59, 9999.0, 9999.0, 9999.0, 23.66, 9999.0, 22.11, 9999.0, 22.61, 22.34, 22.14, 22.25, 22.25
2026-09-08, 09:23:21, 22.25, 22.32, 22.57, 22.57, 9999.0, 9999.0, 9999.0, 23.68, 9999.0, 22.14, 9999.0, 22.61, 22.34, 22.14, 22.25, 22.25
2026-09-08, 09:23:25, 22.25, 22.3, 22.59, 22.57, 9999.0, 9999.0, 9999.0, 23.7, 9999.0, 22.14, 9999.0, 22.59, 22.34, 22.14, 22.25, 22.25
2026-09-08, 09:23:29, 22.25, 22.3, 22.61, 22.59, 9999.0, 9999.0, 9999.0, 23.7, 9999.0, 22.16, 9999.0, 22.57, 22.34, 22.16, 22.25, 22.25
2026-09-08, 09:23:33, 22.23, 22.3, 22.61, 22.59, 9999.0, 9999.0, 9999.0, 23.73, 9999.0, 22.16, 9999.0, 22.55, 22.34, 22.16, 22.25, 22.25
2026-09-08, 09:23:37, 22.23, 22.32, 22.59, 22.59, 9999.0, 9999.0, 9999.0, 23.75, 9999.0, 22.16, 9999.0, 22.52, 22.34, 22.16, 22.25, 22.25
2026-09-08, 09:23:41, 22.23, 22.32, 22.59, 22.59, 9999.0, 9999.0, 9999.0, 23.77, 9999.0, 22.14, 9999.0, 22.52, 22.32, 22.18, 22.25, 22.25
2026-09-08, 09:23:45, 22.23, 22.3, 22.59, 22.59, 9999.0, 9999.0, 9999.0, 23.8, 9999.0, 22.11, 9999.0, 22.52, 22.3, 22.16, 22.25, 22.25
2026-09-08, 09:23:49, 22.23, 22.32, 22.57, 22.61, 9999.0, 9999.0, 9999.0, 23.82, 9999.0, 22.09, 9999.0, 22.52, 22.3, 22.14, 22.25, 22.25
2026-09-08, 09:23:53, 22.23, 22.32, 22.59, 22.61, 9999.0, 9999.0, 9999.0, 23.77, 9999.0, 22.07, 9999.0, 22.52, 22.27, 22.14, 22.25, 22.25
2026-09-08, 09:23:57, 22.23, 22.32, 22.61, 22.61, 9999.0, 9999.0, 9999.0, 23.73, 9999.0, 22.05, 9999.0, 22.55, 22.27, 22.16, 22.25, 22.25
2026-09-08, 09:24:01, 22.23, 22.32, 22.64, 22.64, 9999.0, 9999.0, 9999.0, 23.68, 9999.0, 22.02, 9999.0, 22.57, 22.27, 22.16, 22.25, 22.25
2026-09-08, 09:24:05, 22.23, 22.32, 22.64, 22.66, 9999.0, 9999.0, 9999.0, 23.64, 9999.0, 22.0, 9999.0, 22.59, 22.27, 22.18, 22.25, 22.25
2026-09-08, 09:24:09, 22.23, 22.34, 22.61, 22.66, 9999.0, 9999.0, 9999.0, 23.61, 9999.0, 22.0, 9999.0, 22.61, 22.27, 22.18, 22.25, 22.25
2026-09-08, 09:24:13, 22.2, 22.34, 22.61, 22.66, 9999.0, 9999.0, 9999.0, 23.57, 9999.0, 22.0, 9999.0, 22.64, 22.27, 22.18, 22.25, 22.25
2026-09-08, 09:24:17, 22.23, 22.34, 22.64, 22.64, 9999.0, 9999.0, 9999.0, 23.52, 9999.0, 22.02, 9999.0, 22.66, 22.3, 22.2, 22.25, 22.25
2026-09-08, 09:24:21, 22.23, 22.32, 22.66, 22.64, 9999.0, 9999.0, 9999.0, 23.48, 9999.0, 22.05, 9999.0, 22.68, 22.3, 22.2, 22.25, 22.25
2026-09-08, 09:24:25, 22.23, 22.32, 22.68, 22.64, 9999.0, 9999.0, 9999.0, 23.43, 9999.0, 22.07, 9999.0, 22.68, 22.32, 22.2, 22.25, 22.25
2026-09-08, 09:24:29, 22.23, 22.32, 22.68, 22.64, 9999.0, 9999.0, 9999.0, 23.45, 9999.0, 22.09, 9999.0, 22.68, 22.32, 22.2, 22.25, 22.25
2026-09-08, 09:24:33, 22.23, 22.3, 22.7, 22.64, 9999.0, 9999.0, 9999.0, 23.5, 9999.0, 22.09, 9999.0, 22.68, 22.32, 22.23, 22.25, 22.25
2026-09-08, 09:24:37, 22.23, 22.3, 22.7, 22.64, 9999.0, 9999.0, 9999.0, 23.52, 9999.0, 22.09, 9999.0, 22.68, 22.32, 22.23, 22.25, 22.25
2026-09-08, 09:24:41, 22.23, 22.3, 22.68, 22.64, 9999.0, 9999.0, 9999.0, 23.55, 9999.0, 22.09, 9999.0, 22.66, 22.3, 22.2, 22.25, 22.25
2026-09-08, 09:24:45, 22.23, 22.27, 22.68, 22.61, 9999.0, 9999.0, 9999.0, 23.57, 9999.0, 22.09, 9999.0, 22.64, 22.3, 22.2, 22.25, 22.25
2026-09-08, 09:24:49, 22.23, 22.27, 22.7, 22.59, 9999.0, 9999.0, 9999.0, 23.59, 9999.0, 22.09, 9999.0, 22.61, 22.3, 22.2, 22.25, 22.25
2026-09-08, 09:24:53, 22.23, 22.25, 22.73, 22.59, 9999.0, 9999.0, 9999.0, 23.61, 9999.0, 22.09, 9999.0, 22.57, 22.32, 22.18, 22.25, 22.25
2026-09-08, 09:24:57, 22.25, 22.25, 22.73, 22.59, 9999.0, 9999.0, 9999.0, 23.66, 9999.0, 22.09, 9999.0, 22.55, 22.32, 22.18, 22.25, 22.25
2026-09-08, 09:25:01, 22.25, 22.25, 22.73, 22.59, 9999.0, 9999.0, 9999.0, 23.7, 9999.0, 22.07, 9999.0, 22.52, 22.3, 22.18, 22.25, 22.25
2026-09-08, 09:25:05, 22.25, 22.25, 22.73, 22.61, 9999.0, 9999.0, 9999.0, 23.75, 9999.0, 22.05, 9999.0, 22.52, 22.3, 22.18, 22.25, 22.25
2026-09-08, 09:25:09, 22.25, 22.25, 22.73, 22.64, 9999.0, 9999.0, 9999.0, 23.8, 9999.0, 22.02, 9999.0, 22.52, 22.27, 22.16, 22.25, 22.25
2026-09-08, 09:25:13, 22.25, 22.27, 22.73, 22.66, 9999.0, 9999.0, 9999.0, 23.75, 9999.0, 21.98, 9999.0, 22.52, 22.27, 22.18, 22.25, 22.25
2026-09-08, 09:25:17, 22.25, 22.27, 22.73, 22.64, 9999.0, 9999.0, 9999.0, 23.7, 9999.0, 21.95, 9999.0, 22.55, 22.3, 22.18, 22.25, 22.25
2026-09-08, 09:25:21, 22.25, 22.3, 22.73, 22.64, 9999.0, 9999.0, 9999.0, 23.68, 9999.0, 21.93, 9999.0, 22.57, 22.3, 22.16, 22.25, 22.25
2026-09-08, 09:25:25, 22.25, 22.3, 22.75, 22.64, 9999.0, 9999.0, 9999.0, 23.66, 9999.0, 21.93, 9999.0, 22.59, 22.3, 22.18, 22.25, 22.25
2026-09-08, 09:25:29, 22.25, 22.3, 22.73, 22.66, 9999.0, 9999.0, 9999.0, 23.64, 9999.0, 21.93, 9999.0, 22.61, 22.3, 22.18, 22.25, 22.25
2026-09-08, 09:25:33, 22.25, 22.3, 22.7, 22.68, 9999.0, 9999.0, 9999.0, 23.61, 9999.0, 21.93, 9999.0, 22.64, 22.32, 22.16, 22.25, 22.25
2026-09-08, 09:25:37, 22.25, 22.3, 22.68, 22.7, 9999.0, 9999.0, 9999.0, 23.57, 9999.0, 21.95, 9999.0, 22.66, 22.32, 22.16, 22.25, 22.25
2026-09-08, 09:25:41, 22.25, 22.3, 22.68, 22.7, 9999.0, 9999.0, 9999.0, 23.52, 9999.0, 21.95, 9999.0, 22.66, 22.34, 22.14, 22.25, 22.25
2026-09-08, 09:25:45, 22.25, 22.3, 22.68, 22.73, 9999.0, 9999.0, 9999.0, 23.55, 9999.0, 21.95, 9999.0, 22.66, 22.36, 22.14, 22.25, 22.25
2026-09-08, 09:25:49, 22.25, 22.32, 22.66, 22.73, 9999.0, 9999.0, 9999.0, 23.57, 9999.0, 21.95, 9999.0, 22.64, 22.39, 22.14, 22.25, 22.25
2026-09-08, 09:25:53, 22.25, 22.34, 22.66, 22.73, 9999.0, 9999.0, 9999.0, 23.59, 9999.0, 21.95, 9999.0, 22.64, 22.41, 22.14, 22.25, 22.25
2026-09-08, 09:25:58, 22.25, 22.34, 22.66, 22.73, 9999.0, 9999.0, 9999.0, 23.61, 9999.0, 21.98, 9999.0, 22.61, 22.43, 22.11, 22.25, 22.25
2026-09-08, 09:26:02, 22.25, 22.34, 22.66, 22.75, 9999.0, 9999.0, 9999.0, 23.64, 9999.0, 22.0, 9999.0, 22.59, 22.43, 22.11, 22.25, 22.25
2026-09-08, 09:26:06, 22.25, 22.34, 22.66, 22.75, 9999.0, 9999.0, 9999.0, 23.66, 9999.0, 22.02, 9999.0, 22.57, 22.43, 22.14, 22.25, 22.25
2026-09-08, 09:26:10, 22.25, 22.36, 22.66, 22.75, 9999.0, 9999.0, 9999.0, 23.68, 9999.0, 22.02, 9999.0, 22.55, 22.43, 22.14, 22.25, 22.25
2026-09-08, 09:26:14, 22.25, 22.36, 22.68, 22.75, 9999.0, 9999.0, 9999.0, 23.7, 9999.0, 22.02, 9999.0, 22.52, 22.45, 22.14, 22.25, 22.25
2026-09-08, 09:26:18, 22.25, 22.36, 22.7, 22.75, 9999.0, 9999.0, 9999.0, 23.73, 9999.0, 22.02, 9999.0, 22.5, 22.43, 22.14, 22.25, 22.25
2026-09-08, 09:26:22, 22.25, 22.36, 22.73, 22.75, 9999.0, 9999.0, 9999.0, 23.77, 9999.0, 22.0, 9999.0, 22.5, 22.41, 22.14, 22.25, 22.25
2026-09-08, 09:26:26, 22.25, 22.39, 22.7, 22.75, 9999.0, 9999.0, 9999.0, 23.82, 9999.0, 22.0, 9999.0, 22.5, 22.39, 22.14, 22.25, 22.25
2026-09-08, 09:26:30, 22.25, 22.39, 22.7, 22.75, 9999.0, 9999.0, 9999.0, 23.77, 9999.0, 21.98, 9999.0, 22.5, 22.39, 22.11, 22.25, 22.25
2026-09-08, 09:26:34, 22.25, 22.36, 22.73, 22.75, 9999.0, 9999.0, 9999.0, 23.73, 9999.0, 21.95, 9999.0, 22.52, 22.39, 22.11, 22.25, 22.25
2026-09-08, 09:26:38, 22.25, 22.34, 22.73, 22.75, 9999.0, 9999.0, 9999.0, 23.68, 9999.0, 21.93, 9999.0, 22.55, 22.39, 22.14, 22.25, 22.25
2026-09-08, 09:26:42, 22.25, 22.32, 22.73, 22.73, 9999.0, 9999.0, 9999.0, 23.66, 9999.0, 21.91, 9999.0, 22.57, 22.39, 22.16, 22.25, 22.25
2026-09-08, 09:26:46, 22.25, 22.32, 22.73, 22.73, 9999.0, 9999.0, 9999.0, 23.64, 9999.0, 21.91, 9999.0, 22.59, 22.36, 22.14, 22.25, 22.25
2026-09-08, 09:26:50, 22.25, 22.32, 22.73, 22.73, 9999.0, 9999.0, 9999.0, 23.59, 9999.0, 21.91, 9999.0, 22.61, 22.36, 22.11, 22.25, 22.25
2026-09-08, 09:26:54, 22.25, 22.3, 22.73, 22.73, 9999.0, 9999.0, 9999.0, 23.55, 9999.0, 21.93, 9999.0, 22.64, 22.39, 22.11, 22.25, 22.25
2026-09-08, 09:26:58, 22.25, 22.3, 22.7, 22.73, 9999.0, 9999.0, 9999.0, 23.5, 9999.0, 21.93, 9999.0, 22.66, 22.39, 22.11, 22.25, 22.25
2026-09-08, 09:27:02, 22.25, 22.3, 22.7, 22.73, 9999.0, 9999.0, 9999.0, 23.45, 9999.0, 21.93, 9999.0, 22.66, 22.41, 22.14, 22.25, 22.25
2026-09-08, 09:27:06, 22.25, 22.32, 22.7, 22.73, 9999.0, 9999.0, 9999.0, 23.48, 9999.0, 21.93, 9999.0, 22.68, 22.41, 22.16, 22.25, 22.25
2026-09-08, 09:27:10, 22.25, 22.3, 22.73, 22.73, 9999.0, 9999.0, 9999.0, 23.5, 9999.0, 21.93, 9999.0, 22.68, 22.43, 22.18, 22.25, 22.25
2026-09-08, 09:27:14, 22.25, 22.3, 22.73, 22.73, 9999.0, 9999.0, 9999.0, 23.52, 9999.0, 21.95, 9999.0, 22.68, 22.43, 22.2, 22.25, 22.25
2026-09-08, 09:27:18, 22.25, 22.3, 22.7, 22.73, 9999.0, 9999.0, 9999.0, 23.55, 9999.0, 21.98, 9999.0, 22.66, 22.43, 22.2, 22.25, 22.25
2026-09-08, 09:27:22, 22.25, 22.3, 22.7, 22.73, 9999.0, 9999.0, 9999.0, 23.57, 9999.0, 22.0, 9999.0, 22.64, 22.43, 22.2, 22.25, 22.25
2026-09-08, 09:27:26, 22.25, 22.3, 22.68, 22.75, 9999.0, 9999.0, 9999.0, 23.59, 9999.0, 22.0, 9999.0, 22.61, 22.41, 22.18, 22.25, 22.25
2026-09-08, 09:27:30, 22.25, 22.3, 22.68, 22.75, 9999.0, 9999.0, 9999.0, 23.59, 9999.0, 21.98, 9999.0, 22.59, 22.43, 22.2, 22.25, 22.25
2026-09-08, 09:27:34, 22.25, 22.27, 22.68, 22.75, 9999.0, 9999.0, 9999.0, 23.64, 9999.0, 21.98, 9999.0, 22.57, 22.43, 22.23, 22.25, 22.25
2026-09-08, 09:27:38, 22.25, 22.3, 22.68, 22.75, 9999.0, 9999.0, 9999.0, 23.68, 9999.0, 21.93, 9999.0, 22.55, 22.43, 22.23, 22.25, 22.25
2026-09-08, 09:27:42, 22.25, 22.32, 22.7, 22.75, 9999.0, 9999.0, 9999.0, 23.7, 9999.0, 21.91, 9999.0, 22.55, 22.41, 22.23, 22.25, 22.25
2026-09-08, 09:27:46, 22.25, 22.32, 22.68, 22.75, 9999.0, 9999.0, 9999.0, 23.73, 9999.0, 21.89, 9999.0, 22.57, 22.39, 22.23, 22.25, 22.25
2026-09-08, 09:27:50, 22.25, 22.3, 22.68, 22.75, 9999.0, 9999.0, 9999.0, 23.68, 9999.0, 21.86, 9999.0, 22.57, 22.39, 22.23, 22.25, 22.25
2026-09-08, 09:27:54, 22.25, 22.3, 22.68, 22.75, 9999.0, 9999.0, 9999.0, 23.64, 9999.0, 21.84, 9999.0, 22.59, 22.39, 22.23, 22.25, 22.25
2026-09-08, 09:27:58, 22.25, 22.32, 22.68, 22.75, 9999.0, 9999.0, 9999.0, 23.61, 9999.0, 21.82, 9999.0, 22.61, 22.36, 22.23, 22.25, 22.25
2026-09-08, 09:28:02, 22.25, 22.32, 22.68, 22.75, 9999.0, 9999.0, 9999.0, 23.59, 9999.0, 21.82, 9999.0, 22.64, 22.36, 22.2, 22.25, 22.25
2026-09-08, 09:28:06, 22.25, 22.32, 22.68, 22.75, 9999.0, 9999.0, 9999.0, 23.55, 9999.0, 21.82, 9999.0, 22.66, 22.34, 22.2, 22.25, 22.25
2026-09-08, 09:28:10, 22.25, 22.32, 22.7, 22.75, 9999.0, 9999.0, 9999.0, 23.5, 9999.0, 21.84, 9999.0, 22.66, 22.36, 22.2, 22.25, 22.25
2026-09-08, 09:28:14, 22.25, 22.32, 22.68, 22.75, 9999.0, 9999.0, 9999.0, 23.48, 9999.0, 21.89, 9999.0, 22.68, 22.36, 22.2, 22.25, 22.25
2026-09-08, 09:28:18, 22.25, 22.34, 22.68, 22.75, 9999.0, 9999.0, 9999.0, 23.43, 9999.0, 21.91, 9999.0, 22.7, 22.39, 22.18, 22.25, 22.25
2026-09-08, 09:28:22, 22.23, 22.34, 22.66, 22.75, 9999.0, 9999.0, 9999.0, 23.45, 9999.0, 21.95, 9999.0, 22.7, 22.39, 22.18, 22.25, 22.25
2026-09-08, 09:28:26, 22.23, 22.32, 22.66, 22.75, 9999.0, 9999.0, 9999.0, 23.5, 9999.0, 21.98, 9999.0, 22.7, 22.41, 22.18, 22.25, 22.25
2026-09-08, 09:28:30, 22.23, 22.32, 22.68, 22.73, 9999.0, 9999.0, 9999.0, 23.55, 9999.0, 22.02, 9999.0, 22.68, 22.43, 22.18, 22.25, 22.25
2026-09-08, 09:28:34, 22.23, 22.32, 22.66, 22.73, 9999.0, 9999.0, 9999.0, 23.57, 9999.0, 22.05, 9999.0, 22.66, 22.43, 22.18, 22.25, 22.25
2026-09-08, 09:28:38, 22.23, 22.32, 22.66, 22.73, 9999.0, 9999.0, 9999.0, 23.59, 9999.0, 22.07, 9999.0, 22.66, 22.41, 22.18, 22.25, 22.25
2026-09-08, 09:28:42, 22.23, 22.3, 22.64, 22.73, 9999.0, 9999.0, 9999.0, 23.61, 9999.0, 22.09, 9999.0, 22.64, 22.41, 22.18, 22.25, 22.25
2026-09-08, 09:28:46, 22.23, 22.3, 22.66, 22.73, 9999.0, 9999.0, 9999.0, 23.64, 9999.0, 22.09, 9999.0, 22.61, 22.39, 22.2, 22.25, 22.25
2026-09-08, 09:28:50, 22.23, 22.3, 22.66, 22.73, 9999.0, 9999.0, 9999.0, 23.66, 9999.0, 22.09, 9999.0, 22.59, 22.41, 22.18, 22.25, 22.25
2026-09-08, 09:28:54, 22.23, 22.3, 22.66, 22.73, 9999.0, 9999.0, 9999.0, 23.68, 9999.0, 22.09, 9999.0, 22.59, 22.39, 22.18, 22.25, 22.25
2026-09-08, 09:28:58, 22.23, 22.3, 22.68, 22.73, 9999.0, 9999.0, 9999.0, 23.73, 9999.0, 22.07, 9999.0, 22.57, 22.39, 22.16, 22.25, 22.25
2026-09-08, 09:29:02, 22.23, 22.3, 22.66, 22.73, 9999.0, 9999.0, 9999.0, 23.75, 9999.0, 22.05, 9999.0, 22.55, 22.36, 22.18, 22.25, 22.25
2026-09-08, 09:29:06, 22.25, 22.27, 22.66, 22.73, 9999.0, 9999.0, 9999.0, 23.7, 9999.0, 22.02, 9999.0, 22.55, 22.34, 22.16, 22.25, 22.25
2026-09-08, 09:29:10, 22.25, 22.27, 22.64, 22.73, 9999.0, 9999.0, 9999.0, 23.66, 9999.0, 22.02, 9999.0, 22.55, 22.34, 22.16, 22.25, 22.25
2026-09-08, 09:29:14, 22.25, 22.27, 22.64, 22.75, 9999.0, 9999.0, 9999.0, 23.61, 9999.0, 22.0, 9999.0, 22.57, 22.34, 22.16, 22.25, 22.25
2026-09-08, 09:29:18, 22.25, 22.27, 22.66, 22.75, 9999.0, 9999.0, 9999.0, 23.59, 9999.0, 22.0, 9999.0, 22.59, 22.36, 22.16, 22.25, 22.25
2026-09-08, 09:29:22, 22.25, 22.3, 22.66, 22.75, 9999.0, 9999.0, 9999.0, 23.55, 9999.0, 22.02, 9999.0, 22.59, 22.36, 22.14, 22.25, 22.25
2026-09-08, 09:29:26, 22.25, 22.32, 22.68, 22.75, 9999.0, 9999.0, 9999.0, 23.5, 9999.0, 22.02, 9999.0, 22.61, 22.36, 22.14, 22.25, 22.25
2026-09-08, 09:29:30, 22.25, 22.32, 22.68, 22.75, 9999.0, 9999.0, 9999.0, 23.45, 9999.0, 22.05, 9999.0, 22.64, 22.39, 22.14, 22.25, 22.25
2026-09-08, 09:29:34, 22.25, 22.32, 22.68, 22.75, 9999.0, 9999.0, 9999.0, 23.43, 9999.0, 22.07, 9999.0, 22.66, 22.36, 22.16, 22.25, 22.25
2026-09-08, 09:29:38, 22.25, 22.32, 22.66, 22.75, 9999.0, 9999.0, 9999.0, 23.41, 9999.0, 22.09, 9999.0, 22.66, 22.39, 22.18, 22.25, 22.25
2026-09-08, 09:29:42, 22.25, 22.32, 22.64, 22.75, 9999.0, 9999.0, 9999.0, 23.43, 9999.0, 22.11, 9999.0, 22.66, 22.36, 22.2, 22.25, 22.25
2026-09-08, 09:29:46, 22.25, 22.3, 22.66, 22.75, 9999.0, 9999.0, 9999.0, 23.48, 9999.0, 22.14, 9999.0, 22.66, 22.39, 22.2, 22.25, 22.25
2026-09-08, 09:29:51, 22.25, 22.3, 22.68, 22.75, 9999.0, 9999.0, 9999.0, 23.52, 9999.0, 22.16, 9999.0, 22.66, 22.39, 22.23, 22.25, 22.25
2026-09-08, 09:29:55, 22.25, 22.3, 22.7, 22.73, 9999.0, 9999.0, 9999.0, 23.55, 9999.0, 22.18, 9999.0, 22.64, 22.39, 22.2, 22.25, 22.25
2026-09-08, 09:29:59, 22.25, 22.3, 22.7, 22.73, 9999.0, 9999.0, 9999.0, 23.57, 9999.0, 22.2, 9999.0, 22.61, 22.39, 22.18, 22.25, 22.25
2026-09-08, 09:30:03, 22.25, 22.3, 22.7, 22.73, 9999.0, 9999.0, 9999.0, 23.59, 9999.0, 22.23, 9999.0, 22.59, 22.36, 22.16, 22.25, 22.25
2026-09-08, 09:30:07, 22.25, 22.27, 22.7, 22.73, 9999.0, 9999.0, 9999.0, 23.61, 9999.0, 22.23, 9999.0, 22.57, 22.36, 22.18, 22.25, 22.25
2026-09-08, 09:30:11, 22.25, 22.25, 22.7, 22.73, 9999.0, 9999.0, 9999.0, 23.66, 9999.0, 22.23, 9999.0, 22.55, 22.39, 22.18, 22.25, 22.25
2026-09-08, 09:30:15, 22.25, 22.25, 22.7, 22.73, 9999.0, 9999.0, 9999.0, 23.68, 9999.0, 22.2, 9999.0, 22.52, 22.36, 22.18, 22.25, 22.25
2026-09-08, 09:30:19, 22.25, 22.25, 22.68, 22.73, 9999.0, 9999.0, 9999.0, 23.73, 9999.0, 22.18, 9999.0, 22.52, 22.36, 22.18, 22.25, 22.25
2026-09-08, 09:30:23, 22.25, 22.27, 22.68, 22.73, 9999.0, 9999.0, 9999.0, 23.75, 9999.0, 22.16, 9999.0, 22.55, 22.34, 22.16, 22.25, 22.25
2026-09-08, 09:30:27, 22.25, 22.27, 22.7, 22.73, 9999.0, 9999.0, 9999.0, 23.7, 9999.0, 22.14, 9999.0, 22.57, 22.36, 22.16, 22.25, 22.25
2026-09-08, 09:30:31, 22.25, 22.27, 22.7, 22.73, 9999.0, 9999.0, 9999.0, 23.66, 9999.0, 22.11, 9999.0, 22.59, 22.36, 22.16, 22.25, 22.25
2026-09-08, 09:30:35, 22.25, 22.27, 22.7, 22.73, 9999.0, 9999.0, 9999.0, 23.61, 9999.0, 22.09, 9999.0, 22.61, 22.39, 22.16, 22.25, 22.25
2026-09-08, 09:30:39, 22.25, 22.27, 22.7, 22.75, 9999.0, 9999.0, 9999.0, 23.59, 9999.0, 22.09, 9999.0, 22.64, 22.36, 22.18, 22.25, 22.25
2026-09-08, 09:30:43, 22.25, 22.3, 22.7, 22.75, 9999.0, 9999.0, 9999.0, 23.55, 9999.0, 22.09, 9999.0, 22.66, 22.34, 22.2, 22.25, 22.25
2026-09-08, 09:30:47, 22.25, 22.3, 22.68, 22.75, 9999.0, 9999.0, 9999.0, 23.52, 9999.0, 22.09, 9999.0, 22.68, 22.36, 22.23, 22.25, 22.25
2026-09-08, 09:30:51, 22.25, 22.3, 22.68, 22.75, 9999.0, 9999.0, 9999.0, 23.5, 9999.0, 22.11, 9999.0, 22.7, 22.39, 22.23, 22.25, 22.25
2026-09-08, 09:30:55, 22.25, 22.3, 22.68, 22.75, 9999.0, 9999.0, 9999.0, 23.45, 9999.0, 22.14, 9999.0, 22.73, 22.39, 22.23, 22.25, 22.25
2026-09-08, 09:30:59, 22.25, 22.32, 22.68, 22.75, 9999.0, 9999.0, 9999.0, 23.5, 9999.0, 22.16, 9999.0, 22.75, 22.41, 22.23, 22.25, 22.25
2026-09-08, 09:31:03, 22.25, 22.32, 22.7, 22.75, 9999.0, 9999.0, 9999.0, 23.52, 9999.0, 22.18, 9999.0, 22.73, 22.41, 22.23, 22.25, 22.25
2026-09-08, 09:31:07, 22.25, 22.3, 22.73, 22.75, 9999.0, 9999.0, 9999.0, 23.57, 9999.0, 22.2, 9999.0, 22.7, 22.43, 22.25, 22.25, 22.25
2026-09-08, 09:31:11, 22.25, 22.3, 22.73, 22.75, 9999.0, 9999.0, 9999.0, 23.61, 9999.0, 22.23, 9999.0, 22.68, 22.41, 22.25, 22.25, 22.25
2026-09-08, 09:31:15, 22.25, 22.3, 22.73, 22.75, 9999.0, 9999.0, 9999.0, 23.64, 9999.0, 22.25, 9999.0, 22.66, 22.41, 22.25, 22.25, 22.25
2026-09-08, 09:31:19, 22.25, 22.3, 22.73, 22.75, 9999.0, 9999.0, 9999.0, 23.66, 9999.0, 22.27, 9999.0, 22.64, 22.39, 22.25, 22.25, 22.25
2026-09-08, 09:31:23, 22.25, 22.3, 22.73, 22.75, 9999.0, 9999.0, 9999.0, 23.68, 9999.0, 22.27, 9999.0, 22.61, 22.39, 22.23, 22.25, 22.25
2026-09-08, 09:31:27, 22.25, 22.27, 22.73, 22.75, 9999.0, 9999.0, 9999.0, 23.73, 9999.0, 22.27, 9999.0, 22.59, 22.39, 22.2, 22.25, 22.25
2026-09-08, 09:31:31, 22.25, 22.27, 22.75, 22.75, 9999.0, 9999.0, 9999.0, 23.75, 9999.0, 22.27, 9999.0, 22.57, 22.36, 22.2, 22.25, 22.25
2026-09-08, 09:31:35, 22.25, 22.3, 22.75, 22.75, 9999.0, 9999.0, 9999.0, 23.8, 9999.0, 22.25, 9999.0, 22.55, 22.34, 22.18, 22.25, 22.25
2026-09-08, 09:31:39, 22.25, 22.3, 22.73, 22.75, 9999.0, 9999.0, 9999.0, 23.84, 9999.0, 22.25, 9999.0, 22.52, 22.32, 22.18, 22.25, 22.25
2026-09-08, 09:31:43, 22.25, 22.27, 22.7, 22.75, 9999.0, 9999.0, 9999.0, 23.8, 9999.0, 22.25, 9999.0, 22.5, 22.3, 22.18, 22.25, 22.25
2026-09-08, 09:31:47, 22.25, 22.27, 22.7, 22.75, 9999.0, 9999.0, 9999.0, 23.75, 9999.0, 22.23, 9999.0, 22.52, 22.32, 22.18, 22.25, 22.25
2026-09-08, 09:31:51, 22.25, 22.27, 22.7, 22.75, 9999.0, 9999.0, 9999.0, 23.7, 9999.0, 22.23, 9999.0, 22.55, 22.32, 22.18, 22.25, 22.25
2026-09-08, 09:31:55, 22.25, 22.3, 22.7, 22.75, 9999.0, 9999.0, 9999.0, 23.66, 9999.0, 22.23, 9999.0, 22.57, 22.32, 22.18, 22.25, 22.25
2026-09-08, 09:31:59, 22.25, 22.3, 22.7, 22.75, 9999.0, 9999.0, 9999.0, 23.64, 9999.0, 22.23, 9999.0, 22.59, 22.32, 22.16, 22.25, 22.25
2026-09-08, 09:32:03, 22.25, 22.3, 22.7, 22.75, 9999.0, 9999.0, 9999.0, 23.59, 9999.0, 22.23, 9999.0, 22.61, 22.34, 22.16, 22.25, 22.25
2026-09-08, 09:32:07, 22.25, 22.3, 22.7, 22.75, 9999.0, 9999.0, 9999.0, 23.55, 9999.0, 22.23, 9999.0, 22.64, 22.36, 22.18, 22.25, 22.25
2026-09-08, 09:32:11, 22.25, 22.3, 22.7, 22.75, 9999.0, 9999.0, 9999.0, 23.5, 9999.0, 22.25, 9999.0, 22.66, 22.36, 22.18, 22.25, 22.25
2026-09-08, 09:32:15, 22.25, 22.3, 22.7, 22.75, 9999.0, 9999.0, 9999.0, 23.45, 9999.0, 22.27, 9999.0, 22.68, 22.39, 22.18, 22.25, 22.25
2026-09-08, 09:32:19, 22.25, 22.27, 22.7, 22.75, 9999.0, 9999.0, 9999.0, 23.48, 9999.0, 22.3, 9999.0, 22.68, 22.41, 22.2, 22.25, 22.25
2026-09-08, 09:32:23, 22.25, 22.27, 22.73, 22.75, 9999.0, 9999.0, 9999.0, 23.5, 9999.0, 22.32, 9999.0, 22.68, 22.43, 22.2, 22.25, 22.25
2026-09-08, 09:32:27, 22.25, 22.27, 22.75, 22.75, 9999.0, 9999.0, 9999.0, 23.55, 9999.0, 22.34, 9999.0, 22.68, 22.45, 22.2, 22.25, 22.25
2026-09-08, 09:32:31, 22.25, 22.27, 22.75, 22.75, 9999.0, 9999.0, 9999.0, 23.59, 9999.0, 22.36, 9999.0, 22.66, 22.43, 22.2, 22.25, 22.25
2026-09-08, 09:32:35, 22.25, 22.27, 22.75, 22.75, 9999.0, 9999.0, 9999.0, 23.61, 9999.0, 22.36, 9999.0, 22.64, 22.41, 22.2, 22.25, 22.25
2026-09-08, 09:32:39, 22.25, 22.25, 22.75, 22.75, 9999.0, 9999.0, 9999.0, 23.64, 9999.0, 22.36, 9999.0, 22.61, 22.43, 22.2, 22.25, 22.25
2026-09-08, 09:32:43, 22.25, 22.27, 22.75, 22.75, 9999.0, 9999.0, 9999.0, 23.66, 9999.0, 22.36, 9999.0, 22.59, 22.41, 22.23, 22.25, 22.25
2026-09-08, 09:32:47, 22.25, 22.27, 22.75, 22.75, 9999.0, 9999.0, 9999.0, 23.7, 9999.0, 22.36, 9999.0, 22.57, 22.41, 22.2, 22.25, 22.25
2026-09-08, 09:32:51, 22.25, 22.27, 22.75, 22.75, 9999.0, 9999.0, 9999.0, 23.75, 9999.0, 22.36, 9999.0, 22.55, 22.39, 22.2, 22.25, 22.25
2026-09-08, 09:32:55, 22.25, 22.27, 22.75, 22.75, 9999.0, 9999.0, 9999.0, 23.8, 9999.0, 22.34, 9999.0, 22.55, 22.39, 22.2, 22.25, 22.25
2026-09-08, 09:32:59, 22.25, 22.27, 22.75, 22.75, 9999.0, 9999.0, 9999.0, 23.84, 9999.0, 22.32, 9999.0, 22.52, 22.36, 22.2, 22.25, 22.25
2026-09-08, 09:33:03, 22.25, 22.27, 22.75, 22.75, 9999.0, 9999.0, 9999.0, 23.82, 9999.0, 22.3, 9999.0, 22.55, 22.34, 22.2, 22.25, 22.25
2026-09-08, 09:33:07, 22.25, 22.3, 22.75, 22.75, 9999.0, 9999.0, 9999.0, 23.77, 9999.0, 22.25, 9999.0, 22.57, 22.32, 22.2, 22.25, 22.25
2026-09-08, 09:33:11, 22.25, 22.3, 22.75, 22.75, 9999.0, 9999.0, 9999.0, 23.73, 9999.0, 22.23, 9999.0, 22.59, 22.32, 22.2, 22.25, 22.25
2026-09-08, 09:33:15, 22.25, 22.32, 22.75, 22.75, 9999.0, 9999.0, 9999.0, 23.68, 9999.0, 22.25, 9999.0, 22.61, 22.32, 22.2, 22.25, 22.25
2026-09-08, 09:33:19, 22.25, 22.32, 22.75, 22.75, 9999.0, 9999.0, 9999.0, 23.66, 9999.0, 22.27, 9999.0, 22.64, 22.32, 22.2, 22.25, 22.25
2026-09-08, 09:33:23, 22.25, 22.32, 22.75, 22.75, 9999.0, 9999.0, 9999.0, 23.61, 9999.0, 22.27, 9999.0, 22.66, 22.32, 22.2, 22.25, 22.25
2026-09-08, 09:33:27, 22.25, 22.3, 22.75, 22.75, 9999.0, 9999.0, 9999.0, 23.57, 9999.0, 22.3, 9999.0, 22.68, 22.34, 22.18, 22.25, 22.25
2026-09-08, 09:33:31, 22.25, 22.3, 22.75, 22.75, 9999.0, 9999.0, 9999.0, 23.55, 9999.0, 22.32, 9999.0, 22.7, 22.34, 22.18, 22.25, 22.25
2026-09-08, 09:33:35, 22.25, 22.3, 22.75, 22.75, 9999.0, 9999.0, 9999.0, 23.5, 9999.0, 22.34, 9999.0, 22.7, 22.36, 22.18, 22.25, 22.25
2026-09-08, 09:33:39, 22.25, 22.3, 22.75, 22.75, 9999.0, 9999.0, 9999.0, 23.52, 9999.0, 22.36, 9999.0, 22.68, 22.39, 22.2, 22.25, 22.25
2026-09-08, 09:33:44, 22.25, 22.32, 22.75, 22.75, 9999.0, 9999.0, 9999.0, 23.55, 9999.0, 22.39, 9999.0, 22.7, 22.39, 22.18, 22.25, 22.25
2026-09-08, 09:33:48, 22.25, 22.32, 22.75, 22.75, 9999.0, 9999.0, 9999.0, 23.57, 9999.0, 22.41, 9999.0, 22.68, 22.41, 22.16, 22.25, 22.25
2026-09-08, 09:33:52, 22.25, 22.3, 22.75, 22.75, 9999.0, 9999.0, 9999.0, 23.59, 9999.0, 22.43, 9999.0, 22.66, 22.41, 22.16, 22.25, 22.25
2026-09-08, 09:33:56, 22.25, 22.32, 22.75, 22.75, 9999.0, 9999.0, 9999.0, 23.61, 9999.0, 22.45, 9999.0, 22.64, 22.41, 22.14, 22.25, 22.25
2026-09-08, 09:34:00, 22.25, 22.3, 22.75, 22.75, 9999.0, 9999.0, 9999.0, 23.64, 9999.0, 22.45, 9999.0, 22.61, 22.41, 22.11, 22.25, 22.25
2026-09-08, 09:34:04, 22.25, 22.3, 22.75, 22.73, 9999.0, 9999.0, 9999.0, 23.66, 9999.0, 22.43, 9999.0, 22.59, 22.41, 22.11, 22.25, 22.25
2026-09-08, 09:34:08, 22.25, 22.3, 22.75, 22.73, 9999.0, 9999.0, 9999.0, 23.7, 9999.0, 22.43, 9999.0, 22.57, 22.39, 22.11, 22.25, 22.25
2026-09-08, 09:34:12, 22.25, 22.3, 22.75, 22.73, 9999.0, 9999.0, 9999.0, 23.75, 9999.0, 22.43, 9999.0, 22.55, 22.36, 22.11, 22.25, 22.25
2026-09-08, 09:34:16, 22.25, 22.3, 22.75, 22.73, 9999.0, 9999.0, 9999.0, 23.77, 9999.0, 22.41, 9999.0, 22.55, 22.34, 22.14, 22.25, 22.25
2026-09-08, 09:34:20, 22.25, 22.3, 22.75, 22.73, 9999.0, 9999.0, 9999.0, 23.82, 9999.0, 22.39, 9999.0, 22.55, 22.32, 22.14, 22.25, 22.25
2026-09-08, 09:34:24, 22.25, 22.3, 22.75, 22.73, 9999.0, 9999.0, 9999.0, 23.8, 9999.0, 22.36, 9999.0, 22.57, 22.3, 22.14, 22.25, 22.25
2026-09-08, 09:34:28, 22.25, 22.27, 22.75, 22.73, 9999.0, 9999.0, 9999.0, 23.75, 9999.0, 22.34, 9999.0, 22.57, 22.32, 22.16, 22.25, 22.25
2026-09-08, 09:34:32, 22.25, 22.3, 22.75, 22.73, 9999.0, 9999.0, 9999.0, 23.7, 9999.0, 22.32, 9999.0, 22.59, 22.32, 22.16, 22.25, 22.25
2026-09-08, 09:34:36, 22.25, 22.3, 22.75, 22.73, 9999.0, 9999.0, 9999.0, 23.68, 9999.0, 22.34, 9999.0, 22.61, 22.34, 22.16, 22.25, 22.25
2026-09-08, 09:34:40, 22.25, 22.27, 22.75, 22.73, 9999.0, 9999.0, 9999.0, 23.66, 9999.0, 22.34, 9999.0, 22.64, 22.34, 22.18, 22.25, 22.25
2026-09-08, 09:34:44, 22.25, 22.3, 22.75, 22.73, 9999.0, 9999.0, 9999.0, 23.64, 9999.0, 22.34, 9999.0, 22.66, 22.36, 22.2, 22.25, 22.25
2026-09-08, 09:34:48, 22.25, 22.32, 22.75, 22.75, 9999.0, 9999.0, 9999.0, 23.61, 9999.0, 22.36, 9999.0, 22.68, 22.39, 22.2, 22.25, 22.25
2026-09-08, 09:34:52, 22.25, 22.32, 22.73, 22.75, 9999.0, 9999.0, 9999.0, 23.57, 9999.0, 22.41, 9999.0, 22.7, 22.41, 22.2, 22.25, 22.25
2026-09-08, 09:34:56, 22.25, 22.32, 22.73, 22.75, 9999.0, 9999.0, 9999.0, 23.61, 9999.0, 22.43, 9999.0, 22.7, 22.41, 22.2, 22.25, 22.25
2026-09-08, 09:35:00, 22.25, 22.32, 22.73, 22.75, 9999.0, 9999.0, 9999.0, 23.64, 9999.0, 22.48, 9999.0, 22.68, 22.41, 22.2, 22.25, 22.25
2026-09-08, 09:35:04, 22.25, 22.32, 22.73, 22.75, 9999.0, 9999.0, 9999.0, 23.66, 9999.0, 22.5, 9999.0, 22.68, 22.43, 22.18, 22.25, 22.25
2026-09-08, 09:35:08, 22.25, 22.34, 22.73, 22.75, 9999.0, 9999.0, 9999.0, 23.68, 9999.0, 22.52, 9999.0, 22.66, 22.45, 22.18, 22.25, 22.25
2026-09-08, 09:35:12, 22.25, 22.36, 22.73, 22.75, 9999.0, 9999.0, 9999.0, 23.73, 9999.0, 22.55, 9999.0, 22.64, 22.45, 22.18, 22.25, 22.25
2026-09-08, 09:35:16, 22.25, 22.36, 22.73, 22.75, 9999.0, 9999.0, 9999.0, 23.77, 9999.0, 22.57, 9999.0, 22.61, 22.43, 22.2, 22.25, 22.25
2026-09-08, 09:35:20, 22.25, 22.39, 22.73, 22.75, 9999.0, 9999.0, 9999.0, 23.82, 9999.0, 22.57, 9999.0, 22.59, 22.41, 22.2, 22.25, 22.25
2026-09-08, 09:35:24, 22.25, 22.39, 22.73, 22.75, 9999.0, 9999.0, 9999.0, 23.84, 9999.0, 22.57, 9999.0, 22.57, 22.41, 22.2, 22.25, 22.25
2026-09-08, 09:35:28, 22.25, 22.36, 22.73, 22.75, 9999.0, 9999.0, 9999.0, 23.89, 9999.0, 22.57, 9999.0, 22.55, 22.39, 22.2, 22.25, 22.25
2026-09-08, 09:35:32, 22.25, 22.34, 22.73, 22.75, 9999.0, 9999.0, 9999.0, 23.91, 9999.0, 22.57, 9999.0, 22.52, 22.39, 22.18, 22.25, 22.25
2026-09-08, 09:35:36, 22.25, 22.34, 22.75, 22.75, 9999.0, 9999.0, 9999.0, 23.95, 9999.0, 22.55, 9999.0, 22.52, 22.36, 22.18, 22.25, 22.25
2026-09-08, 09:35:40, 22.25, 22.34, 22.75, 22.75, 9999.0, 9999.0, 9999.0, 23.91, 9999.0, 22.52, 9999.0, 22.55, 22.36, 22.2, 22.25, 22.25
2026-09-08, 09:35:44, 22.25, 22.36, 22.75, 22.75, 9999.0, 9999.0, 9999.0, 23.89, 9999.0, 22.5, 9999.0, 22.57, 22.36, 22.2, 22.25, 22.25
2026-09-08, 09:35:48, 22.25, 22.36, 22.75, 22.75, 9999.0, 9999.0, 9999.0, 23.86, 9999.0, 22.5, 9999.0, 22.59, 22.34, 22.23, 22.25, 22.25
2026-09-08, 09:35:52, 22.25, 22.34, 22.75, 22.75, 9999.0, 9999.0, 9999.0, 23.84, 9999.0, 22.48, 9999.0, 22.61, 22.32, 22.23, 22.25, 22.25
2026-09-08, 09:35:56, 22.25, 22.32, 22.75, 22.75, 9999.0, 9999.0, 9999.0, 23.8, 9999.0, 22.48, 9999.0, 22.64, 22.32, 22.2, 22.25, 22.25
2026-09-08, 09:36:00, 22.25, 22.3, 22.75, 22.75, 9999.0, 9999.0, 9999.0, 23.75, 9999.0, 22.48, 9999.0, 22.66, 22.32, 22.2, 22.25, 22.25
2026-09-08, 09:36:04, 22.25, 22.27, 22.75, 22.75, 9999.0, 9999.0, 9999.0, 23.7, 9999.0, 22.5, 9999.0, 22.66, 22.34, 22.2, 22.25, 22.25
2026-09-08, 09:36:08, 22.25, 22.27, 22.75, 22.75, 9999.0, 9999.0, 9999.0, 23.68, 9999.0, 22.52, 9999.0, 22.68, 22.34, 22.2, 22.25, 22.25
2026-09-08, 09:36:12, 22.25, 22.3, 22.75, 22.75, 9999.0, 9999.0, 9999.0, 23.64, 9999.0, 22.52, 9999.0, 22.68, 22.34, 22.2, 22.25, 22.25
2026-09-08, 09:36:16, 22.25, 22.3, 22.75, 22.75, 9999.0, 9999.0, 9999.0, 23.68, 9999.0, 22.52, 9999.0, 22.68, 22.34, 22.23, 22.25, 22.25
2026-09-08, 09:36:20, 22.25, 22.3, 22.75, 22.73, 9999.0, 9999.0, 9999.0, 23.73, 9999.0, 22.52, 9999.0, 22.66, 22.34, 22.23, 22.25, 22.25
2026-09-08, 09:36:24, 22.25, 22.32, 22.75, 22.73, 9999.0, 9999.0, 9999.0, 23.77, 9999.0, 22.52, 9999.0, 22.64, 22.34, 22.2, 22.25, 22.25
2026-09-08, 09:36:28, 22.25, 22.3, 22.75, 22.73, 9999.0, 9999.0, 9999.0, 23.8, 9999.0, 22.55, 9999.0, 22.61, 22.34, 22.2, 22.25, 22.25
2026-09-08, 09:36:32, 22.25, 22.3, 22.75, 22.73, 9999.0, 9999.0, 9999.0, 23.82, 9999.0, 22.55, 9999.0, 22.59, 22.34, 22.2, 22.25, 22.25
2026-09-08, 09:36:36, 22.25, 22.3, 22.75, 22.7, 9999.0, 9999.0, 9999.0, 23.84, 9999.0, 22.57, 9999.0, 22.57, 22.34, 22.2, 22.25, 22.25
2026-09-08, 09:36:40, 22.25, 22.3, 22.75, 22.7, 9999.0, 9999.0, 9999.0, 23.86, 9999.0, 22.57, 9999.0, 22.55, 22.32, 22.23, 22.25, 22.25
2026-09-08, 09:36:44, 22.25, 22.32, 22.75, 22.7, 9999.0, 9999.0, 9999.0, 23.91, 9999.0, 22.57, 9999.0, 22.52, 22.32, 22.2, 22.25, 22.25
2026-09-08, 09:36:48, 22.25, 22.34, 22.75, 22.7, 9999.0, 9999.0, 9999.0, 23.95, 9999.0, 22.55, 9999.0, 22.52, 22.3, 22.18, 22.25, 22.25
2026-09-08, 09:36:52, 22.25, 22.34, 22.75, 22.7, 9999.0, 9999.0, 9999.0, 24.0, 9999.0, 22.52, 9999.0, 22.52, 22.27, 22.18, 22.25, 22.25
2026-09-08, 09:36:56, 22.25, 22.34, 22.75, 22.7, 9999.0, 9999.0, 9999.0, 24.02, 9999.0, 22.52, 9999.0, 22.55, 22.27, 22.18, 22.25, 22.25
2026-09-08, 09:37:00, 22.25, 22.34, 22.75, 22.7, 9999.0, 9999.0, 9999.0, 23.98, 9999.0, 22.52, 9999.0, 22.57, 22.25, 22.18, 22.25, 22.25
2026-09-08, 09:37:04, 22.25, 22.34, 22.75, 22.73, 9999.0, 9999.0, 9999.0, 23.93, 9999.0, 22.52, 9999.0, 22.59, 22.25, 22.16, 22.25, 22.25
2026-09-08, 09:37:08, 22.25, 22.32, 22.75, 22.73, 9999.0, 9999.0, 9999.0, 23.89, 9999.0, 22.52, 9999.0, 22.61, 22.27, 22.18, 22.25, 22.25
2026-09-08, 09:37:12, 22.25, 22.34, 22.75, 22.73, 9999.0, 9999.0, 9999.0, 23.84, 9999.0, 22.52, 9999.0, 22.64, 22.3, 22.16, 22.25, 22.25
2026-09-08, 09:37:16, 22.25, 22.36, 22.75, 22.73, 9999.0, 9999.0, 9999.0, 23.82, 9999.0, 22.52, 9999.0, 22.66, 22.3, 22.16, 22.25, 22.25
2026-09-08, 09:37:20, 22.25, 22.36, 22.75, 22.75, 9999.0, 9999.0, 9999.0, 23.77, 9999.0, 22.55, 9999.0, 22.68, 22.32, 22.16, 22.25, 22.25
2026-09-08, 09:37:24, 22.25, 22.36, 22.75, 22.75, 9999.0, 9999.0, 9999.0, 23.75, 9999.0, 22.57, 9999.0, 22.7, 22.34, 22.16, 22.25, 22.25
2026-09-08, 09:37:28, 22.25, 22.34, 22.75, 22.73, 9999.0, 9999.0, 9999.0, 23.7, 9999.0, 22.59, 9999.0, 22.73, 22.36, 22.18, 22.25, 22.25
2026-09-08, 09:37:32, 22.25, 22.32, 22.75, 22.73, 9999.0, 9999.0, 9999.0, 23.73, 9999.0, 22.61, 9999.0, 22.73, 22.39, 22.2, 22.25, 22.25
2026-09-08, 09:37:37, 22.25, 22.32, 22.75, 22.73, 9999.0, 9999.0, 9999.0, 23.75, 9999.0, 22.64, 9999.0, 22.7, 22.41, 22.2, 22.25, 22.25
2026-09-08, 09:37:41, 22.25, 22.32, 22.75, 22.73, 9999.0, 9999.0, 9999.0, 23.8, 9999.0, 22.66, 9999.0, 22.68, 22.43, 22.2, 22.25, 22.25
2026-09-08, 09:37:45, 22.25, 22.34, 22.75, 22.73, 9999.0, 9999.0, 9999.0, 23.84, 9999.0, 22.68, 9999.0, 22.66, 22.43, 22.2, 22.25, 22.25
2026-09-08, 09:37:49, 22.25, 22.34, 22.75, 22.73, 9999.0, 9999.0, 9999.0, 23.89, 9999.0, 22.68, 9999.0, 22.64, 22.43, 22.23, 22.25, 22.25
2026-09-08, 09:37:53, 22.25, 22.34, 22.75, 22.73, 9999.0, 9999.0, 9999.0, 23.91, 9999.0, 22.68, 9999.0, 22.61, 22.41, 22.23, 22.25, 22.25
2026-09-08, 09:37:57, 22.25, 22.34, 22.75, 22.73, 9999.0, 9999.0, 9999.0, 23.95, 9999.0, 22.66, 9999.0, 22.59, 22.39, 22.23, 22.25, 22.23
2026-09-08, 09:38:01, 22.25, 22.32, 22.75, 22.73, 9999.0, 9999.0, 9999.0, 23.95, 9999.0, 22.66, 9999.0, 22.57, 22.39, 22.2, 22.25, 22.23
2026-09-08, 09:38:05, 22.25, 22.32, 22.75, 22.73, 9999.0, 9999.0, 9999.0, 24.0, 9999.0, 22.64, 9999.0, 22.55, 22.36, 22.2, 22.25, 22.23
2026-09-08, 09:38:09, 22.25, 22.32, 22.75, 22.73, 9999.0, 9999.0, 9999.0, 24.05, 9999.0, 22.61, 9999.0, 22.52, 22.36, 22.2, 22.25, 22.23
2026-09-08, 09:38:13, 22.25, 22.34, 22.75, 22.75, 9999.0, 9999.0, 9999.0, 24.09, 9999.0, 22.59, 9999.0, 22.52, 22.34, 22.2, 22.25, 22.23
2026-09-08, 09:38:17, 22.25, 22.34, 22.75, 22.75, 9999.0, 9999.0, 9999.0, 24.05, 9999.0, 22.57, 9999.0, 22.55, 22.32, 22.18, 22.25, 22.23
2026-09-08, 09:38:21, 22.25, 22.36, 22.73, 22.75, 9999.0, 9999.0, 9999.0, 24.0, 9999.0, 22.55, 9999.0, 22.57, 22.32, 22.18, 22.25, 22.23
2026-09-08, 09:38:25, 22.25, 22.34, 22.73, 22.73, 9999.0, 9999.0, 9999.0, 23.95, 9999.0, 22.52, 9999.0, 22.59, 22.3, 22.18, 22.25, 22.23
2026-09-08, 09:38:29, 22.25, 22.32, 22.73, 22.73, 9999.0, 9999.0, 9999.0, 23.91, 9999.0, 22.5, 9999.0, 22.61, 22.3, 22.18, 22.25, 22.23
2026-09-08, 09:38:33, 22.25, 22.32, 22.73, 22.73, 9999.0, 9999.0, 9999.0, 23.84, 9999.0, 22.5, 9999.0, 22.64, 22.3, 22.18, 22.25, 22.23
2026-09-08, 09:38:37, 22.25, 22.32, 22.73, 22.7, 9999.0, 9999.0, 9999.0, 23.8, 9999.0, 22.52, 9999.0, 22.66, 22.3, 22.18, 22.25, 22.23
2026-09-08, 09:38:41, 22.25, 22.32, 22.73, 22.7, 9999.0, 9999.0, 9999.0, 23.77, 9999.0, 22.55, 9999.0, 22.68, 22.32, 22.2, 22.25, 22.25
2026-09-08, 09:38:45, 22.25, 22.32, 22.73, 22.7, 9999.0, 9999.0, 9999.0, 23.75, 9999.0, 22.57, 9999.0, 22.7, 22.34, 22.23, 22.25, 22.25
2026-09-08, 09:38:49, 22.25, 22.32, 22.73, 22.7, 9999.0, 9999.0, 9999.0, 23.7, 9999.0, 22.59, 9999.0, 22.7, 22.34, 22.23, 22.25, 22.25
2026-09-08, 09:38:53, 22.25, 22.32, 22.7, 22.7, 9999.0, 9999.0, 9999.0, 23.73, 9999.0, 22.61, 9999.0, 22.7, 22.34, 22.23, 22.25, 22.25
2026-09-08, 09:38:57, 22.25, 22.32, 22.7, 22.7, 9999.0, 9999.0, 9999.0, 23.75, 9999.0, 22.64, 9999.0, 22.7, 22.36, 22.2, 22.25, 22.25
2026-09-08, 09:39:01, 22.25, 22.32, 22.7, 22.68, 9999.0, 9999.0, 9999.0, 23.8, 9999.0, 22.66, 9999.0, 22.68, 22.36, 22.23, 22.25, 22.25
2026-09-08, 09:39:05, 22.25, 22.3, 22.73, 22.68, 9999.0, 9999.0, 9999.0, 23.84, 9999.0, 22.66, 9999.0, 22.66, 22.34, 22.23, 22.25, 22.25
2026-09-08, 09:39:09, 22.25, 22.3, 22.73, 22.7, 9999.0, 9999.0, 9999.0, 23.86, 9999.0, 22.68, 9999.0, 22.64, 22.36, 22.23, 22.25, 22.25
2026-09-08, 09:39:13, 22.25, 22.32, 22.73, 22.7, 9999.0, 9999.0, 9999.0, 23.89, 9999.0, 22.68, 9999.0, 22.61, 22.36, 22.2, 22.25, 22.25
2026-09-08, 09:39:17, 22.25, 22.32, 22.73, 22.68, 9999.0, 9999.0, 9999.0, 23.93, 9999.0, 22.68, 9999.0, 22.59, 22.36, 22.2, 22.25, 22.25
2026-09-08, 09:39:21, 22.25, 22.32, 22.7, 22.7, 9999.0, 9999.0, 9999.0, 23.98, 9999.0, 22.66, 9999.0, 22.57, 22.39, 22.2, 22.25, 22.25
2026-09-08, 09:39:25, 22.25, 22.32, 22.7, 22.7, 9999.0, 9999.0, 9999.0, 24.0, 9999.0, 22.64, 9999.0, 22.55, 22.36, 22.2, 22.25, 22.25
2026-09-08, 09:39:29, 22.25, 22.32, 22.7, 22.7, 9999.0, 9999.0, 9999.0, 24.05, 9999.0, 22.61, 9999.0, 22.55, 22.34, 22.2, 22.25, 22.25
2026-09-08, 09:39:33, 22.25, 22.32, 22.7, 22.7, 9999.0, 9999.0, 9999.0, 24.07, 9999.0, 22.59, 9999.0, 22.57, 22.34, 22.2, 22.25, 22.25
2026-09-08, 09:39:37, 22.25, 22.32, 22.7, 22.68, 9999.0, 9999.0, 9999.0, 24.02, 9999.0, 22.57, 9999.0, 22.59, 22.32, 22.2, 22.25, 22.25
2026-09-08, 09:39:41, 22.25, 22.3, 22.7, 22.68, 9999.0, 9999.0, 9999.0, 23.98, 9999.0, 22.55, 9999.0, 22.59, 22.32, 22.23, 22.25, 22.23
2026-09-08, 09:39:45, 22.25, 22.32, 22.7, 22.68, 9999.0, 9999.0, 9999.0, 23.93, 9999.0, 22.52, 9999.0, 22.61, 22.32, 22.2, 22.25, 22.23
2026-09-08, 09:39:49, 22.25, 22.34, 22.7, 22.66, 9999.0, 9999.0, 9999.0, 23.89, 9999.0, 22.55, 9999.0, 22.64, 22.32, 22.2, 22.25, 22.23
2026-09-08, 09:39:53, 22.25, 22.36, 22.7, 22.66, 9999.0, 9999.0, 9999.0, 23.84, 9999.0, 22.52, 9999.0, 22.66, 22.32, 22.2, 22.25, 22.2
2026-09-08, 09:39:57, 22.25, 22.34, 22.7, 22.66, 9999.0, 9999.0, 9999.0, 23.8, 9999.0, 22.52, 9999.0, 22.68, 22.34, 22.23, 22.25, 22.2
2026-09-08, 09:40:01, 22.25, 22.34, 22.68, 22.68, 9999.0, 9999.0, 9999.0, 23.75, 9999.0, 22.55, 9999.0, 22.7, 22.36, 22.23, 22.25, 22.2
2026-09-08, 09:40:05, 22.25, 22.36, 22.7, 22.68, 9999.0, 9999.0, 9999.0, 23.7, 9999.0, 22.57, 9999.0, 22.7, 22.36, 22.23, 22.25, 22.2
2026-09-08, 09:40:09, 22.25, 22.36, 22.7, 22.66, 9999.0, 9999.0, 9999.0, 23.75, 9999.0, 22.59, 9999.0, 22.7, 22.36, 22.23, 22.25, 22.2
2026-09-08, 09:40:13, 22.25, 22.36, 22.68, 22.66, 9999.0, 9999.0, 9999.0, 23.77, 9999.0, 22.61, 9999.0, 22.68, 22.39, 22.23, 22.25, 22.2
2026-09-08, 09:40:17, 22.25, 22.39, 22.68, 22.66, 9999.0, 9999.0, 9999.0, 23.82, 9999.0, 22.61, 9999.0, 22.66, 22.41, 22.23, 22.25, 22.2
2026-09-08, 09:40:21, 22.25, 22.39, 22.7, 22.68, 9999.0, 9999.0, 9999.0, 23.86, 9999.0, 22.61, 9999.0, 22.66, 22.41, 22.2, 22.25, 22.2
2026-09-08, 09:40:25, 22.25, 22.39, 22.68, 22.68, 9999.0, 9999.0, 9999.0, 23.89, 9999.0, 22.61, 9999.0, 22.64, 22.41, 22.2, 22.25, 22.23
2026-09-08, 09:40:29, 22.25, 22.36, 22.68, 22.7, 9999.0, 9999.0, 9999.0, 23.91, 9999.0, 22.61, 9999.0, 22.61, 22.41, 22.23, 22.25, 22.23
2026-09-08, 09:40:33, 22.25, 22.36, 22.66, 22.7, 9999.0, 9999.0, 9999.0, 23.93, 9999.0, 22.59, 9999.0, 22.59, 22.43, 22.23, 22.25, 22.23
2026-09-08, 09:40:37, 22.25, 22.34, 22.64, 22.7, 9999.0, 9999.0, 9999.0, 23.98, 9999.0, 22.59, 9999.0, 22.57, 22.43, 22.23, 22.25, 22.25
2026-09-08, 09:40:41, 22.25, 22.36, 22.64, 22.7, 9999.0, 9999.0, 9999.0, 24.02, 9999.0, 22.59, 9999.0, 22.55, 22.41, 22.23, 22.25, 22.25
2026-09-08, 09:40:45, 22.25, 22.36, 22.64, 22.7, 9999.0, 9999.0, 9999.0, 24.07, 9999.0, 22.57, 9999.0, 22.5, 22.39, 22.23, 22.25, 22.25
2026-09-08, 09:40:49, 22.25, 22.34, 22.64, 22.68, 9999.0, 9999.0, 9999.0, 24.09, 9999.0, 22.55, 9999.0, 22.52, 22.36, 22.23, 22.25, 22.25
2026-09-08, 09:40:53, 22.25, 22.34, 22.64, 22.68, 9999.0, 9999.0, 9999.0, 24.05, 9999.0, 22.52, 9999.0, 22.52, 22.36, 22.23, 22.25, 22.25
2026-09-08, 09:40:57, 22.25, 22.34, 22.64, 22.68, 9999.0, 9999.0, 9999.0, 24.0, 9999.0, 22.48, 9999.0, 22.55, 22.36, 22.23, 22.25, 22.25
2026-09-08, 09:41:01, 22.25, 22.32, 22.64, 22.68, 9999.0, 9999.0, 9999.0, 23.95, 9999.0, 22.48, 9999.0, 22.57, 22.34, 22.23, 22.25, 22.23
2026-09-08, 09:41:05, 22.25, 22.32, 22.61, 22.68, 9999.0, 9999.0, 9999.0, 23.91, 9999.0, 22.45, 9999.0, 22.57, 22.34, 22.25, 22.25, 22.23
2026-09-08, 09:41:09, 22.25, 22.32, 22.61, 22.66, 9999.0, 9999.0, 9999.0, 23.89, 9999.0, 22.45, 9999.0, 22.59, 22.34, 22.25, 22.25, 22.23
2026-09-08, 09:41:13, 22.25, 22.32, 22.61, 22.64, 9999.0, 9999.0, 9999.0, 23.84, 9999.0, 22.45, 9999.0, 22.59, 22.34, 22.23, 22.25, 22.23
2026-09-08, 09:41:17, 22.25, 22.3, 22.64, 22.66, 9999.0, 9999.0, 9999.0, 23.8, 9999.0, 22.48, 9999.0, 22.59, 22.34, 22.23, 22.25, 22.23
2026-09-08, 09:41:21, 22.25, 22.3, 22.66, 22.66, 9999.0, 9999.0, 9999.0, 23.75, 9999.0, 22.5, 9999.0, 22.59, 22.34, 22.23, 22.25, 22.23
2026-09-08, 09:41:25, 22.25, 22.3, 22.66, 22.66, 9999.0, 9999.0, 9999.0, 23.7, 9999.0, 22.5, 9999.0, 22.59, 22.36, 22.23, 22.25, 22.23
2026-09-08, 09:41:30, 22.25, 22.32, 22.68, 22.64, 9999.0, 9999.0, 9999.0, 23.73, 9999.0, 22.5, 9999.0, 22.64, 22.36, 22.23, 22.25, 22.23
2026-09-08, 09:41:34, 22.25, 22.32, 22.66, 22.66, 9999.0, 9999.0, 9999.0, 23.77, 9999.0, 22.52, 9999.0, 22.61, 22.39, 22.23, 22.25, 22.23
2026-09-08, 09:41:38, 22.25, 22.3, 22.66, 22.68, 9999.0, 9999.0, 9999.0, 23.8, 9999.0, 22.52, 9999.0, 22.61, 22.39, 22.23, 22.25, 22.23
2026-09-08, 09:41:42, 22.25, 22.3, 22.68, 22.68, 9999.0, 9999.0, 9999.0, 23.82, 9999.0, 22.55, 9999.0, 22.59, 22.39, 22.23, 22.25, 22.23
2026-09-08, 09:41:46, 22.25, 22.32, 22.68, 22.68, 9999.0, 9999.0, 9999.0, 23.84, 9999.0, 22.55, 9999.0, 22.57, 22.39, 22.23, 22.25, 22.25
2026-09-08, 09:41:50, 22.25, 22.34, 22.7, 22.66, 9999.0, 9999.0, 9999.0, 23.86, 9999.0, 22.57, 9999.0, 22.55, 22.39, 22.23, 22.25, 22.25
2026-09-08, 09:41:54, 22.25, 22.34, 22.73, 22.68, 9999.0, 9999.0, 9999.0, 23.86, 9999.0, 22.57, 9999.0, 22.52, 22.39, 22.23, 22.25, 22.25
2026-09-08, 09:41:58, 22.25, 22.36, 22.73, 22.7, 9999.0, 9999.0, 9999.0, 23.91, 9999.0, 22.57, 9999.0, 22.52, 22.39, 22.25, 22.25, 22.25
2026-09-08, 09:42:02, 22.25, 22.36, 22.73, 22.68, 9999.0, 9999.0, 9999.0, 23.95, 9999.0, 22.55, 9999.0, 22.52, 22.36, 22.25, 22.25, 22.25
2026-09-08, 09:42:06, 22.25, 22.36, 22.73, 22.66, 9999.0, 9999.0, 9999.0, 23.98, 9999.0, 22.52, 9999.0, 22.52, 22.36, 22.25, 22.25, 22.25
2026-09-08, 09:42:10, 22.25, 22.36, 22.73, 22.66, 9999.0, 9999.0, 9999.0, 24.0, 9999.0, 22.52, 9999.0, 22.55, 22.34, 22.23, 22.25, 22.25
2026-09-08, 09:42:14, 22.25, 22.34, 22.73, 22.68, 9999.0, 9999.0, 9999.0, 23.95, 9999.0, 22.5, 9999.0, 22.55, 22.34, 22.23, 22.25, 22.25
2026-09-08, 09:42:18, 22.25, 22.34, 22.75, 22.68, 9999.0, 9999.0, 9999.0, 23.91, 9999.0, 22.45, 9999.0, 22.57, 22.32, 22.23, 22.25, 22.25
2026-09-08, 09:42:22, 22.25, 22.34, 22.75, 22.66, 9999.0, 9999.0, 9999.0, 23.84, 9999.0, 22.43, 9999.0, 22.59, 22.34, 22.23, 22.25, 22.25
2026-09-08, 09:42:26, 22.25, 22.36, 22.75, 22.66, 9999.0, 9999.0, 9999.0, 23.82, 9999.0, 22.43, 9999.0, 22.61, 22.34, 22.23, 22.25, 22.25
2026-09-08, 09:42:30, 22.25, 22.36, 22.75, 22.66, 9999.0, 9999.0, 9999.0, 23.77, 9999.0, 22.43, 9999.0, 22.64, 22.34, 22.23, 22.25, 22.25
2026-09-08, 09:42:34, 22.25, 22.34, 22.75, 22.68, 9999.0, 9999.0, 9999.0, 23.73, 9999.0, 22.43, 9999.0, 22.66, 22.36, 22.23, 22.25, 22.25
2026-09-08, 09:42:38, 22.25, 22.36, 22.75, 22.68, 9999.0, 9999.0, 9999.0, 23.7, 9999.0, 22.45, 9999.0, 22.68, 22.34, 22.23, 22.25, 22.25
2026-09-08, 09:42:42, 22.25, 22.36, 22.75, 22.68, 9999.0, 9999.0, 9999.0, 23.66, 9999.0, 22.48, 9999.0, 22.68, 22.36, 22.2, 22.25, 22.25
2026-09-08, 09:42:46, 22.25, 22.36, 22.75, 22.7, 9999.0, 9999.0, 9999.0, 23.7, 9999.0, 22.48, 9999.0, 22.68, 22.39, 22.2, 22.25, 22.25
2026-09-08, 09:42:50, 22.25, 22.36, 22.75, 22.73, 9999.0, 9999.0, 9999.0, 23.75, 9999.0, 22.48, 9999.0, 22.68, 22.39, 22.2, 22.25, 22.25
2026-09-08, 09:42:54, 22.25, 22.34, 22.73, 22.73, 9999.0, 9999.0, 9999.0, 23.8, 9999.0, 22.48, 9999.0, 22.66, 22.41, 22.2, 22.25, 22.25
2026-09-08, 09:42:58, 22.25, 22.34, 22.73, 22.73, 9999.0, 9999.0, 9999.0, 23.82, 9999.0, 22.5, 9999.0, 22.64, 22.43, 22.2, 22.25, 22.25
2026-09-08, 09:43:02, 22.25, 22.36, 22.73, 22.73, 9999.0, 9999.0, 9999.0, 23.84, 9999.0, 22.52, 9999.0, 22.61, 22.45, 22.2, 22.25, 22.25
2026-09-08, 09:43:06, 22.25, 22.39, 22.73, 22.73, 9999.0, 9999.0, 9999.0, 23.89, 9999.0, 22.55, 9999.0, 22.59, 22.43, 22.2, 22.25, 22.25
2026-09-08, 09:43:10, 22.25, 22.36, 22.73, 22.73, 9999.0, 9999.0, 9999.0, 23.91, 9999.0, 22.52, 9999.0, 22.57, 22.41, 22.2, 22.25, 22.25
2026-09-08, 09:43:14, 22.25, 22.36, 22.73, 22.73, 9999.0, 9999.0, 9999.0, 23.95, 9999.0, 22.52, 9999.0, 22.55, 22.43, 22.2, 22.25, 22.25
2026-09-08, 09:43:18, 22.25, 22.39, 22.7, 22.7, 9999.0, 9999.0, 9999.0, 24.0, 9999.0, 22.52, 9999.0, 22.52, 22.41, 22.2, 22.25, 22.25
2026-09-08, 09:43:22, 22.25, 22.36, 22.7, 22.7, 9999.0, 9999.0, 9999.0, 24.02, 9999.0, 22.48, 9999.0, 22.5, 22.41, 22.18, 22.25, 22.25
2026-09-08, 09:43:26, 22.25, 22.36, 22.7, 22.7, 9999.0, 9999.0, 9999.0, 24.05, 9999.0, 22.43, 9999.0, 22.5, 22.39, 22.2, 22.25, 22.25
2026-09-08, 09:43:30, 22.25, 22.39, 22.7, 22.7, 9999.0, 9999.0, 9999.0, 23.98, 9999.0, 22.41, 9999.0, 22.5, 22.36, 22.2, 22.25, 22.25
2026-09-08, 09:43:34, 22.25, 22.39, 22.7, 22.7, 9999.0, 9999.0, 9999.0, 23.93, 9999.0, 22.39, 9999.0, 22.52, 22.34, 22.2, 22.25, 22.25
2026-09-08, 09:43:38, 22.25, 22.41, 22.73, 22.7, 9999.0, 9999.0, 9999.0, 23.86, 9999.0, 22.36, 9999.0, 22.55, 22.32, 22.23, 22.25, 22.25
2026-09-08, 09:43:42, 22.25, 22.43, 22.73, 22.7, 9999.0, 9999.0, 9999.0, 23.82, 9999.0, 22.34, 9999.0, 22.57, 22.3, 22.23, 22.25, 22.25
2026-09-08, 09:43:46, 22.25, 22.41, 22.73, 22.7, 9999.0, 9999.0, 9999.0, 23.77, 9999.0, 22.34, 9999.0, 22.59, 22.27, 22.23, 22.25, 22.25
2026-09-08, 09:43:50, 22.25, 22.41, 22.73, 22.7, 9999.0, 9999.0, 9999.0, 23.73, 9999.0, 22.34, 9999.0, 22.61, 22.27, 22.23, 22.25, 22.25
2026-09-08, 09:43:54, 22.25, 22.43, 22.73, 22.7, 9999.0, 9999.0, 9999.0, 23.68, 9999.0, 22.36, 9999.0, 22.61, 22.3, 22.23, 22.25, 22.25
2026-09-08, 09:43:58, 22.25, 22.41, 22.73, 22.7, 9999.0, 9999.0, 9999.0, 23.64, 9999.0, 22.36, 9999.0, 22.64, 22.3, 22.23, 22.25, 22.25
2026-09-08, 09:44:02, 22.25, 22.39, 22.75, 22.73, 9999.0, 9999.0, 9999.0, 23.59, 9999.0, 22.36, 9999.0, 22.66, 22.3, 22.23, 22.25, 22.25
2026-09-08, 09:44:06, 22.25, 22.39, 22.75, 22.73, 9999.0, 9999.0, 9999.0, 23.64, 9999.0, 22.39, 9999.0, 22.66, 22.32, 22.25, 22.25, 22.25
2026-09-08, 09:44:10, 22.25, 22.39, 22.75, 22.73, 9999.0, 9999.0, 9999.0, 23.66, 9999.0, 22.41, 9999.0, 22.66, 22.32, 22.25, 22.25, 22.25
2026-09-08, 09:44:14, 22.25, 22.36, 22.75, 22.73, 9999.0, 9999.0, 9999.0, 23.68, 9999.0, 22.43, 9999.0, 22.66, 22.32, 22.25, 22.25, 22.23
2026-09-08, 09:44:18, 22.25, 22.36, 22.75, 22.73, 9999.0, 9999.0, 9999.0, 23.7, 9999.0, 22.45, 9999.0, 22.64, 22.32, 22.25, 22.25, 22.23
2026-09-08, 09:44:22, 22.25, 22.34, 22.75, 22.73, 9999.0, 9999.0, 9999.0, 23.75, 9999.0, 22.48, 9999.0, 22.61, 22.34, 22.25, 22.25, 22.23
2026-09-08, 09:44:26, 22.25, 22.34, 22.75, 22.73, 9999.0, 9999.0, 9999.0, 23.77, 9999.0, 22.5, 9999.0, 22.59, 22.34, 22.23, 22.25, 22.23
2026-09-08, 09:44:30, 22.25, 22.34, 22.75, 22.73, 9999.0, 9999.0, 9999.0, 23.8, 9999.0, 22.48, 9999.0, 22.57, 22.34, 22.2, 22.25, 22.23
2026-09-08, 09:44:34, 22.25, 22.32, 22.75, 22.75, 9999.0, 9999.0, 9999.0, 23.82, 9999.0, 22.45, 9999.0, 22.55, 22.34, 22.2, 22.25, 22.23
2026-09-08, 09:44:38, 22.25, 22.3, 22.75, 22.75, 9999.0, 9999.0, 9999.0, 23.84, 9999.0, 22.43, 9999.0, 22.52, 22.34, 22.2, 22.25, 22.23
2026-09-08, 09:44:42, 22.25, 22.3, 22.75, 22.75, 9999.0, 9999.0, 9999.0, 23.86, 9999.0, 22.41, 9999.0, 22.52, 22.32, 22.18, 22.25, 22.23
2026-09-08, 09:44:46, 22.25, 22.3, 22.75, 22.75, 9999.0, 9999.0, 9999.0, 23.89, 9999.0, 22.39, 9999.0, 22.5, 22.32, 22.18, 22.25, 22.23
2026-09-08, 09:44:50, 22.25, 22.3, 22.75, 22.75, 9999.0, 9999.0, 9999.0, 23.84, 9999.0, 22.36, 9999.0, 22.52, 22.3, 22.18, 22.25, 22.23
2026-09-08, 09:44:54, 22.25, 22.27, 22.75, 22.75, 9999.0, 9999.0, 9999.0, 23.8, 9999.0, 22.34, 9999.0, 22.55, 22.32, 22.18, 22.25, 22.23
2026-09-08, 09:44:58, 22.25, 22.3, 22.75, 22.73, 9999.0, 9999.0, 9999.0, 23.75, 9999.0, 22.32, 9999.0, 22.57, 22.34, 22.18, 22.25, 22.25
2026-09-08, 09:45:02, 22.25, 22.3, 22.75, 22.73, 9999.0, 9999.0, 9999.0, 23.7, 9999.0, 22.32, 9999.0, 22.59, 22.36, 22.18, 22.25, 22.25
2026-09-08, 09:45:06, 22.25, 22.3, 22.75, 22.73, 9999.0, 9999.0, 9999.0, 23.66, 9999.0, 22.32, 9999.0, 22.61, 22.34, 22.18, 22.25, 22.25
2026-09-08, 09:45:10, 22.25, 22.27, 22.75, 22.73, 9999.0, 9999.0, 9999.0, 23.64, 9999.0, 22.3, 9999.0, 22.64, 22.36, 22.2, 22.25, 22.25
2026-09-08, 09:45:15, 22.25, 22.27, 22.75, 22.73, 9999.0, 9999.0, 9999.0, 23.61, 9999.0, 22.34, 9999.0, 22.66, 22.39, 22.23, 22.25, 22.25
2026-09-08, 09:45:19, 22.25, 22.27, 22.75, 22.73, 9999.0, 9999.0, 9999.0, 23.57, 9999.0, 22.39, 9999.0, 22.66, 22.41, 22.23, 22.25, 22.25
2026-09-08, 09:45:23, 22.25, 22.3, 22.75, 22.73, 9999.0, 9999.0, 9999.0, 23.52, 9999.0, 22.41, 9999.0, 22.68, 22.41, 22.2, 22.25, 22.25
2026-09-08, 09:45:27, 22.25, 22.32, 22.75, 22.73, 9999.0, 9999.0, 9999.0, 23.57, 9999.0, 22.43, 9999.0, 22.68, 22.43, 22.23, 22.25, 22.25
2026-09-08, 09:45:31, 22.25, 22.32, 22.75, 22.73, 9999.0, 9999.0, 9999.0, 23.61, 9999.0, 22.45, 9999.0, 22.68, 22.45, 22.23, 22.25, 22.25
2026-09-08, 09:45:35, 22.25, 22.34, 22.75, 22.73, 9999.0, 9999.0, 9999.0, 23.64, 9999.0, 22.48, 9999.0, 22.66, 22.45, 22.2, 22.25, 22.25
2026-09-08, 09:45:39, 22.25, 22.34, 22.75, 22.7, 9999.0, 9999.0, 9999.0, 23.68, 9999.0, 22.48, 9999.0, 22.64, 22.43, 22.2, 22.25, 22.25
2026-09-08, 09:45:43, 22.25, 22.32, 22.75, 22.73, 9999.0, 9999.0, 9999.0, 23.73, 9999.0, 22.48, 9999.0, 22.61, 22.41, 22.2, 22.25, 22.25
2026-09-08, 09:45:47, 22.25, 22.34, 22.75, 22.73, 9999.0, 9999.0, 9999.0, 23.77, 9999.0, 22.45, 9999.0, 22.59, 22.39, 22.2, 22.25, 22.25
2026-09-08, 09:45:51, 22.25, 22.34, 22.75, 22.73, 9999.0, 9999.0, 9999.0, 23.82, 9999.0, 22.43, 9999.0, 22.57, 22.39, 22.2, 22.25, 22.25
2026-09-08, 09:45:55, 22.25, 22.36, 22.75, 22.73, 9999.0, 9999.0, 9999.0, 23.86, 9999.0, 22.43, 9999.0, 22.55, 22.36, 22.2, 22.25, 22.25
2026-09-08, 09:45:59, 22.25, 22.36, 22.75, 22.73, 9999.0, 9999.0, 9999.0, 23.89, 9999.0, 22.39, 9999.0, 22.52, 22.36, 22.2, 22.25, 22.25
2026-09-08, 09:46:03, 22.25, 22.36, 22.75, 22.73, 9999.0, 9999.0, 9999.0, 23.93, 9999.0, 22.34, 9999.0, 22.55, 22.34, 22.18, 22.25, 22.25
2026-09-08, 09:46:07, 22.25, 22.36, 22.75, 22.73, 9999.0, 9999.0, 9999.0, 23.98, 9999.0, 22.32, 9999.0, 22.55, 22.34, 22.18, 22.25, 22.25
2026-09-08, 09:46:11, 22.25, 22.36, 22.75, 22.73, 9999.0, 9999.0, 9999.0, 23.93, 9999.0, 22.27, 9999.0, 22.55, 22.32, 22.18, 22.25, 22.25
2026-09-08, 09:46:15, 22.25, 22.39, 22.75, 22.73, 9999.0, 9999.0, 9999.0, 23.89, 9999.0, 22.25, 9999.0, 22.57, 22.3, 22.18, 22.25, 22.25
2026-09-08, 09:46:19, 22.25, 22.39, 22.75, 22.73, 9999.0, 9999.0, 9999.0, 23.84, 9999.0, 22.23, 9999.0, 22.59, 22.32, 22.2, 22.25, 22.25
2026-09-08, 09:46:23, 22.25, 22.39, 22.75, 22.75, 9999.0, 9999.0, 9999.0, 23.8, 9999.0, 22.25, 9999.0, 22.61, 22.32, 22.2, 22.25, 22.25
2026-09-08, 09:46:27, 22.25, 22.41, 22.75, 22.75, 9999.0, 9999.0, 9999.0, 23.75, 9999.0, 22.25, 9999.0, 22.64, 22.32, 22.2, 22.25, 22.25
2026-09-08, 09:46:31, 22.25, 22.41, 22.75, 22.75, 9999.0, 9999.0, 9999.0, 23.7, 9999.0, 22.27, 9999.0, 22.66, 22.34, 22.2, 22.25, 22.25
2026-09-08, 09:46:35, 22.25, 22.41, 22.75, 22.75, 9999.0, 9999.0, 9999.0, 23.66, 9999.0, 22.3, 9999.0, 22.68, 22.34, 22.2, 22.25, 22.25
2026-09-08, 09:46:39, 22.25, 22.39, 22.75, 22.75, 9999.0, 9999.0, 9999.0, 23.61, 9999.0, 22.32, 9999.0, 22.68, 22.36, 22.2, 22.25, 22.25
2026-09-08, 09:46:43, 22.25, 22.41, 22.75, 22.75, 9999.0, 9999.0, 9999.0, 23.66, 9999.0, 22.34, 9999.0, 22.68, 22.36, 22.2, 22.25, 22.25
2026-09-08, 09:46:47, 22.25, 22.43, 22.75, 22.75, 9999.0, 9999.0, 9999.0, 23.7, 9999.0, 22.34, 9999.0, 22.66, 22.39, 22.23, 22.25, 22.25
2026-09-08, 09:46:51, 22.25, 22.41, 22.75, 22.75, 9999.0, 9999.0, 9999.0, 23.75, 9999.0, 22.34, 9999.0, 22.66, 22.39, 22.25, 22.25, 22.25
2026-09-08, 09:46:55, 22.25, 22.39, 22.75, 22.75, 9999.0, 9999.0, 9999.0, 23.77, 9999.0, 22.36, 9999.0, 22.64, 22.41, 22.25, 22.25, 22.25
2026-09-08, 09:46:59, 22.25, 22.36, 22.75, 22.75, 9999.0, 9999.0, 9999.0, 23.8, 9999.0, 22.36, 9999.0, 22.61, 22.41, 22.25, 22.25, 22.25
2026-09-08, 09:47:03, 22.25, 22.34, 22.75, 22.75, 9999.0, 9999.0, 9999.0, 23.84, 9999.0, 22.36, 9999.0, 22.59, 22.39, 22.25, 22.25, 22.25
2026-09-08, 09:47:07, 22.25, 22.34, 22.75, 22.75, 9999.0, 9999.0, 9999.0, 23.86, 9999.0, 22.34, 9999.0, 22.57, 22.39, 22.25, 22.25, 22.25
2026-09-08, 09:47:11, 22.25, 22.32, 22.75, 22.75, 9999.0, 9999.0, 9999.0, 23.89, 9999.0, 22.34, 9999.0, 22.55, 22.39, 22.25, 22.25, 22.25
2026-09-08, 09:47:15, 22.25, 22.3, 22.75, 22.75, 9999.0, 9999.0, 9999.0, 23.91, 9999.0, 22.32, 9999.0, 22.52, 22.36, 22.25, 22.25, 22.25
2026-09-08, 09:47:20, 22.25, 22.32, 22.75, 22.75, 9999.0, 9999.0, 9999.0, 23.93, 9999.0, 22.27, 9999.0, 22.52, 22.36, 22.25, 22.25, 22.25
2026-09-08, 09:47:24, 22.25, 22.34, 22.75, 22.75, 9999.0, 9999.0, 9999.0, 23.95, 9999.0, 22.25, 9999.0, 22.55, 22.34, 22.25, 22.25, 22.25
2026-09-08, 09:47:28, 22.25, 22.32, 22.75, 22.75, 9999.0, 9999.0, 9999.0, 23.89, 9999.0, 22.23, 9999.0, 22.57, 22.32, 22.25, 22.25, 22.25
2026-09-08, 09:47:32, 22.25, 22.3, 22.75, 22.75, 9999.0, 9999.0, 9999.0, 23.82, 9999.0, 22.23, 9999.0, 22.59, 22.32, 22.25, 22.25, 22.25
2026-09-08, 09:47:36, 22.25, 22.32, 22.75, 22.75, 9999.0, 9999.0, 9999.0, 23.77, 9999.0, 22.2, 9999.0, 22.61, 22.32, 22.25, 22.25, 22.25
2026-09-08, 09:47:40, 22.25, 22.34, 22.75, 22.75, 9999.0, 9999.0, 9999.0, 23.73, 9999.0, 22.18, 9999.0, 22.64, 22.32, 22.25, 22.25, 22.25
2026-09-08, 09:47:44, 22.25, 22.36, 22.75, 22.75, 9999.0, 9999.0, 9999.0, 23.68, 9999.0, 22.2, 9999.0, 22.66, 22.32, 22.25, 22.25, 22.25
2026-09-08, 09:47:48, 22.25, 22.36, 22.75, 22.75, 9999.0, 9999.0, 9999.0, 23.64, 9999.0, 22.2, 9999.0, 22.68, 22.32, 22.25, 22.25, 22.25
2026-09-08, 09:47:52, 22.25, 22.36, 22.75, 22.75, 9999.0, 9999.0, 9999.0, 23.61, 9999.0, 22.23, 9999.0, 22.7, 22.34, 22.25, 22.25, 22.25
2026-09-08, 09:47:56, 22.25, 22.36, 22.75, 22.75, 9999.0, 9999.0, 9999.0, 23.59, 9999.0, 22.25, 9999.0, 22.73, 22.36, 22.25, 22.25, 22.25
2026-09-08, 09:48:00, 22.25, 22.36, 22.75, 22.75, 9999.0, 9999.0, 9999.0, 23.55, 9999.0, 22.27, 9999.0, 22.75, 22.36, 22.25, 22.25, 22.25
2026-09-08, 09:48:04, 22.25, 22.34, 22.75, 22.75, 9999.0, 9999.0, 9999.0, 23.57, 9999.0, 22.32, 9999.0, 22.73, 22.39, 22.25, 22.25, 22.25
2026-09-08, 09:48:08, 22.25, 22.32, 22.75, 22.75, 9999.0, 9999.0, 9999.0, 23.59, 9999.0, 22.32, 9999.0, 22.7, 22.39, 22.25, 22.25, 22.25
2026-09-08, 09:48:12, 22.25, 22.32, 22.75, 22.75, 9999.0, 9999.0, 9999.0, 23.64, 9999.0, 22.32, 9999.0, 22.68, 22.41, 22.25, 22.25, 22.25
2026-09-08, 09:48:16, 22.25, 22.34, 22.75, 22.75, 9999.0, 9999.0, 9999.0, 23.68, 9999.0, 22.32, 9999.0, 22.66, 22.41, 22.25, 22.25, 22.25
2026-09-08, 09:48:20, 22.25, 22.34, 22.75, 22.75, 9999.0, 9999.0, 9999.0, 23.7, 9999.0, 22.34, 9999.0, 22.64, 22.39, 22.25, 22.25, 22.25
2026-09-08, 09:48:24, 22.25, 22.32, 22.73, 22.75, 9999.0, 9999.0, 9999.0, 23.73, 9999.0, 22.36, 9999.0, 22.61, 22.36, 22.25, 22.25, 22.25
2026-09-08, 09:48:28, 22.25, 22.3, 22.73, 22.75, 9999.0, 9999.0, 9999.0, 23.75, 9999.0, 22.34, 9999.0, 22.59, 22.36, 22.25, 22.25, 22.25
2026-09-08, 09:48:32, 22.25, 22.3, 22.73, 22.75, 9999.0, 9999.0, 9999.0, 23.77, 9999.0, 22.34, 9999.0, 22.57, 22.39, 22.25, 22.25, 22.25
2026-09-08, 09:48:36, 22.25, 22.32, 22.73, 22.75, 9999.0, 9999.0, 9999.0, 23.8, 9999.0, 22.32, 9999.0, 22.55, 22.39, 22.25, 22.25, 22.25
2026-09-08, 09:48:40, 22.25, 22.32, 22.73, 22.75, 9999.0, 9999.0, 9999.0, 23.82, 9999.0, 22.3, 9999.0, 22.52, 22.36, 22.25, 22.25, 22.25
2026-09-08, 09:48:44, 22.25, 22.34, 22.73, 22.75, 9999.0, 9999.0, 9999.0, 23.86, 9999.0, 22.25, 9999.0, 22.5, 22.36, 22.23, 22.25, 22.25
2026-09-08, 09:48:48, 22.25, 22.34, 22.73, 22.75, 9999.0, 9999.0, 9999.0, 23.82, 9999.0, 22.2, 9999.0, 22.52, 22.36, 22.2, 22.25, 22.25
2026-09-08, 09:48:52, 22.25, 22.36, 22.73, 22.75, 9999.0, 9999.0, 9999.0, 23.77, 9999.0, 22.18, 9999.0, 22.55, 22.39, 22.2, 22.25, 22.25
2026-09-08, 09:48:56, 22.25, 22.39, 22.73, 22.75, 9999.0, 9999.0, 9999.0, 23.73, 9999.0, 22.16, 9999.0, 22.57, 22.36, 22.2, 22.25, 22.25
2026-09-08, 09:49:00, 22.25, 22.36, 22.73, 22.75, 9999.0, 9999.0, 9999.0, 23.68, 9999.0, 22.16, 9999.0, 22.59, 22.34, 22.2, 22.25, 22.25
2026-09-08, 09:49:04, 22.25, 22.36, 22.73, 22.75, 9999.0, 9999.0, 9999.0, 23.64, 9999.0, 22.16, 9999.0, 22.61, 22.36, 22.2, 22.25, 22.25
2026-09-08, 09:49:08, 22.25, 22.36, 22.75, 22.75, 9999.0, 9999.0, 9999.0, 23.61, 9999.0, 22.16, 9999.0, 22.64, 22.36, 22.18, 22.25, 22.25
2026-09-08, 09:49:12, 22.25, 22.36, 22.75, 22.75, 9999.0, 9999.0, 9999.0, 23.59, 9999.0, 22.18, 9999.0, 22.66, 22.39, 22.18, 22.25, 22.25
2026-09-08, 09:49:16, 22.25, 22.39, 22.75, 22.75, 9999.0, 9999.0, 9999.0, 23.55, 9999.0, 22.18, 9999.0, 22.66, 22.39, 22.18, 22.25, 22.25
2026-09-08, 09:49:20, 22.25, 22.39, 22.75, 22.75, 9999.0, 9999.0, 9999.0, 23.59, 9999.0, 22.2, 9999.0, 22.68, 22.39, 22.18, 22.25, 22.25
2026-09-08, 09:49:24, 22.25, 22.39, 22.75, 22.75, 9999.0, 9999.0, 9999.0, 23.61, 9999.0, 22.23, 9999.0, 22.7, 22.41, 22.18, 22.25, 22.25
2026-09-08, 09:49:28, 22.25, 22.36, 22.75, 22.75, 9999.0, 9999.0, 9999.0, 23.64, 9999.0, 22.25, 9999.0, 22.7, 22.43, 22.2, 22.25, 22.25
2026-09-08, 09:49:32, 22.25, 22.36, 22.75, 22.75, 9999.0, 9999.0, 9999.0, 23.68, 9999.0, 22.27, 9999.0, 22.68, 22.41, 22.23, 22.25, 22.25
2026-09-08, 09:49:36, 22.25, 22.36, 22.75, 22.75, 9999.0, 9999.0, 9999.0, 23.73, 9999.0, 22.3, 9999.0, 22.66, 22.39, 22.23, 22.25, 22.25
2026-09-08, 09:49:40, 22.25, 22.34, 22.75, 22.75, 9999.0, 9999.0, 9999.0, 23.75, 9999.0, 22.32, 9999.0, 22.64, 22.41, 22.23, 22.25, 22.25
2026-09-08, 09:49:44, 22.25, 22.36, 22.75, 22.75, 9999.0, 9999.0, 9999.0, 23.77, 9999.0, 22.32, 9999.0, 22.61, 22.41, 22.23, 22.25, 22.25
2026-09-08, 09:49:48, 22.25, 22.36, 22.75, 22.75, 9999.0, 9999.0, 9999.0, 23.8, 9999.0, 22.32, 9999.0, 22.59, 22.39, 22.23, 22.25, 22.25
2026-09-08, 09:49:52, 22.25, 22.39, 22.75, 22.75, 9999.0, 9999.0, 9999.0, 23.82, 9999.0, 22.32, 9999.0, 22.57, 22.39, 22.25, 22.25, 22.25
2026-09-08, 09:49:56, 22.25, 22.39, 22.75, 22.75, 9999.0, 9999.0, 9999.0, 23.84, 9999.0, 22.27, 9999.0, 22.55, 22.39, 22.25, 22.25, 22.25
2026-09-08, 09:50:00, 22.25, 22.39, 22.75, 22.75, 9999.0, 9999.0, 9999.0, 23.86, 9999.0, 22.25, 9999.0, 22.57, 22.39, 22.23, 22.25, 22.25
2026-09-08, 09:50:04, 22.25, 22.36, 22.75, 22.75, 9999.0, 9999.0, 9999.0, 23.82, 9999.0, 22.2, 9999.0, 22.57, 22.39, 22.23, 22.25, 22.25
2026-09-08, 09:50:08, 22.25, 22.39, 22.75, 22.75, 9999.0, 9999.0, 9999.0, 23.77, 9999.0, 22.16, 9999.0, 22.57, 22.39, 22.23, 22.25, 22.25
2026-09-08, 09:50:12, 22.25, 22.39, 22.75, 22.75, 9999.0, 9999.0, 9999.0, 23.73, 9999.0, 22.14, 9999.0, 22.59, 22.39, 22.23, 22.25, 22.25
2026-09-08, 09:50:16, 22.25, 22.41, 22.75, 22.75, 9999.0, 9999.0, 9999.0, 23.68, 9999.0, 22.11, 9999.0, 22.61, 22.41, 22.23, 22.25, 22.25
2026-09-08, 09:50:20, 22.25, 22.39, 22.75, 22.75, 9999.0, 9999.0, 9999.0, 23.64, 9999.0, 22.11, 9999.0, 22.64, 22.43, 22.23, 22.25, 22.25
2026-09-08, 09:50:24, 22.25, 22.39, 22.75, 22.75, 9999.0, 9999.0, 9999.0, 23.61, 9999.0, 22.11, 9999.0, 22.66, 22.41, 22.23, 22.25, 22.25
2026-09-08, 09:50:28, 22.25, 22.39, 22.75, 22.75, 9999.0, 9999.0, 9999.0, 23.57, 9999.0, 22.11, 9999.0, 22.68, 22.43, 22.23, 22.25, 22.25
2026-09-08, 09:50:32, 22.25, 22.39, 22.75, 22.75, 9999.0, 9999.0, 9999.0, 23.55, 9999.0, 22.14, 9999.0, 22.7, 22.45, 22.23, 22.25, 22.25
2026-09-08, 09:50:36, 22.25, 22.36, 22.75, 22.75, 9999.0, 9999.0, 9999.0, 23.5, 9999.0, 22.14, 9999.0, 22.73, 22.48, 22.23, 22.25, 22.25
2026-09-08, 09:50:40, 22.25, 22.39, 22.75, 22.75, 9999.0, 9999.0, 9999.0, 23.55, 9999.0, 22.16, 9999.0, 22.73, 22.48, 22.23, 22.25, 22.25
2026-09-08, 09:50:44, 22.25, 22.36, 22.75, 22.75, 9999.0, 9999.0, 9999.0, 23.59, 9999.0, 22.18, 9999.0, 22.7, 22.48, 22.25, 22.25, 22.25
2026-09-08, 09:50:48, 22.25, 22.39, 22.75, 22.75, 9999.0, 9999.0, 9999.0, 23.61, 9999.0, 22.2, 9999.0, 22.68, 22.48, 22.25, 22.25, 22.25
2026-09-08, 09:50:52, 22.25, 22.36, 22.75, 22.75, 9999.0, 9999.0, 9999.0, 23.66, 9999.0, 22.23, 9999.0, 22.66, 22.48, 22.25, 22.25, 22.25
2026-09-08, 09:50:56, 22.25, 22.39, 22.75, 22.75, 9999.0, 9999.0, 9999.0, 23.68, 9999.0, 22.25, 9999.0, 22.64, 22.48, 22.25, 22.25, 22.25
2026-09-08, 09:51:00, 22.25, 22.36, 22.75, 22.75, 9999.0, 9999.0, 9999.0, 23.7, 9999.0, 22.25, 9999.0, 22.61, 22.48, 22.25, 22.25, 22.25
2026-09-08, 09:51:04, 22.25, 22.39, 22.75, 22.75, 9999.0, 9999.0, 9999.0, 23.73, 9999.0, 22.23, 9999.0, 22.59, 22.45, 22.25, 22.25, 22.25
2026-09-08, 09:51:09, 22.25, 22.39, 22.75, 22.75, 9999.0, 9999.0, 9999.0, 23.75, 9999.0, 22.2, 9999.0, 22.57, 22.45, 22.25, 22.25, 22.25
2026-09-08, 09:51:13, 22.25, 22.36, 22.75, 22.75, 9999.0, 9999.0, 9999.0, 23.8, 9999.0, 22.18, 9999.0, 22.55, 22.45, 22.25, 22.25, 22.25
2026-09-08, 09:51:17, 22.25, 22.34, 22.75, 22.75, 9999.0, 9999.0, 9999.0, 23.82, 9999.0, 22.14, 9999.0, 22.55, 22.45, 22.25, 22.25, 22.25
2026-09-08, 09:51:21, 22.25, 22.34, 22.75, 22.75, 9999.0, 9999.0, 9999.0, 23.84, 9999.0, 22.11, 9999.0, 22.52, 22.43, 22.25, 22.25, 22.25
2026-09-08, 09:51:25, 22.25, 22.32, 22.75, 22.75, 9999.0, 9999.0, 9999.0, 23.8, 9999.0, 22.09, 9999.0, 22.55, 22.43, 22.25, 22.25, 22.25
2026-09-08, 09:51:29, 22.25, 22.32, 22.75, 22.75, 9999.0, 9999.0, 9999.0, 23.75, 9999.0, 22.07, 9999.0, 22.57, 22.43, 22.25, 22.25, 22.25
2026-09-08, 09:51:33, 22.25, 22.3, 22.75, 22.75, 9999.0, 9999.0, 9999.0, 23.7, 9999.0, 22.05, 9999.0, 22.59, 22.43, 22.25, 22.25, 22.25
2026-09-08, 09:51:37, 22.25, 22.3, 22.75, 22.75, 9999.0, 9999.0, 9999.0, 23.66, 9999.0, 22.05, 9999.0, 22.61, 22.43, 22.25, 22.25, 22.25
2026-09-08, 09:51:41, 22.25, 22.27, 22.75, 22.75, 9999.0, 9999.0, 9999.0, 23.64, 9999.0, 22.05, 9999.0, 22.64, 22.43, 22.25, 22.25, 22.25
2026-09-08, 09:51:45, 22.25, 22.27, 22.75, 22.75, 9999.0, 9999.0, 9999.0, 23.61, 9999.0, 22.05, 9999.0, 22.66, 22.41, 22.23, 22.25, 22.25
2026-09-08, 09:51:49, 22.25, 22.25, 22.75, 22.75, 9999.0, 9999.0, 9999.0, 23.57, 9999.0, 22.07, 9999.0, 22.68, 22.43, 22.23, 22.25, 22.25
2026-09-08, 09:51:53, 22.25, 22.25, 22.75, 22.75, 9999.0, 9999.0, 9999.0, 23.52, 9999.0, 22.09, 9999.0, 22.7, 22.45, 22.23, 22.25, 22.25
2026-09-08, 09:51:57, 22.25, 22.25, 22.75, 22.75, 9999.0, 9999.0, 9999.0, 23.48, 9999.0, 22.11, 9999.0, 22.7, 22.45, 22.23, 22.25, 22.25
2026-09-08, 09:52:01, 22.25, 22.25, 22.75, 22.75, 9999.0, 9999.0, 9999.0, 23.5, 9999.0, 22.14, 9999.0, 22.7, 22.45, 22.2, 22.25, 22.25
2026-09-08, 09:52:05, 22.25, 22.27, 22.75, 22.75, 9999.0, 9999.0, 9999.0, 23.55, 9999.0, 22.16, 9999.0, 22.7, 22.48, 22.2, 22.25, 22.25
2026-09-08, 09:52:09, 22.25, 22.3, 22.75, 22.75, 9999.0, 9999.0, 9999.0, 23.57, 9999.0, 22.18, 9999.0, 22.68, 22.48, 22.2, 22.25, 22.25
2026-09-08, 09:52:13, 22.25, 22.3, 22.75, 22.75, 9999.0, 9999.0, 9999.0, 23.61, 9999.0, 22.2, 9999.0, 22.68, 22.45, 22.2, 22.25, 22.25
2026-09-08, 09:52:17, 22.25, 22.32, 22.75, 22.75, 9999.0, 9999.0, 9999.0, 23.64, 9999.0, 22.23, 9999.0, 22.66, 22.43, 22.2, 22.25, 22.25
2026-09-08, 09:52:21, 22.25, 22.32, 22.75, 22.75, 9999.0, 9999.0, 9999.0, 23.66, 9999.0, 22.23, 9999.0, 22.64, 22.41, 22.2, 22.25, 22.25
2026-09-08, 09:52:25, 22.25, 22.32, 22.75, 22.75, 9999.0, 9999.0, 9999.0, 23.68, 9999.0, 22.23, 9999.0, 22.61, 22.41, 22.2, 22.25, 22.25
2026-09-08, 09:52:29, 22.25, 22.32, 22.75, 22.75, 9999.0, 9999.0, 9999.0, 23.7, 9999.0, 22.23, 9999.0, 22.59, 22.41, 22.23, 22.25, 22.25
2026-09-08, 09:52:33, 22.25, 22.34, 22.75, 22.75, 9999.0, 9999.0, 9999.0, 23.75, 9999.0, 22.2, 9999.0, 22.57, 22.39, 22.23, 22.25, 22.25
2026-09-08, 09:52:37, 22.25, 22.34, 22.75, 22.75, 9999.0, 9999.0, 9999.0, 23.8, 9999.0, 22.18, 9999.0, 22.55, 22.36, 22.23, 22.25, 22.25
2026-09-08, 09:52:41, 22.25, 22.36, 22.75, 22.75, 9999.0, 9999.0, 9999.0, 23.84, 9999.0, 22.16, 9999.0, 22.55, 22.34, 22.23, 22.25, 22.25
2026-09-08, 09:52:45, 22.25, 22.36, 22.75, 22.75, 9999.0, 9999.0, 9999.0, 23.8, 9999.0, 22.14, 9999.0, 22.55, 22.34, 22.25, 22.25, 22.25
2026-09-08, 09:52:49, 22.25, 22.34, 22.75, 22.75, 9999.0, 9999.0, 9999.0, 23.75, 9999.0, 22.11, 9999.0, 22.57, 22.34, 22.25, 22.25, 22.25
2026-09-08, 09:52:53, 22.25, 22.32, 22.75, 22.75, 9999.0, 9999.0, 9999.0, 23.68, 9999.0, 22.09, 9999.0, 22.59, 22.34, 22.25, 22.25, 22.25
2026-09-08, 09:52:57, 22.25, 22.32, 22.75, 22.75, 9999.0, 9999.0, 9999.0, 23.61, 9999.0, 22.07, 9999.0, 22.59, 22.34, 22.25, 22.25, 22.25
2026-09-08, 09:53:01, 22.25, 22.32, 22.75, 22.75, 9999.0, 9999.0, 9999.0, 23.57, 9999.0, 22.05, 9999.0, 22.61, 22.34, 22.23, 22.25, 22.25
2026-09-08, 09:53:05, 22.25, 22.34, 22.75, 22.75, 9999.0, 9999.0, 9999.0, 23.52, 9999.0, 22.05, 9999.0, 22.64, 22.36, 22.23, 22.25, 22.25
2026-09-08, 09:53:09, 22.25, 22.34, 22.75, 22.75, 9999.0, 9999.0, 9999.0, 23.48, 9999.0, 22.05, 9999.0, 22.66, 22.36, 22.23, 22.25, 22.25
2026-09-08, 09:53:13, 22.25, 22.34, 22.75, 22.75, 9999.0, 9999.0, 9999.0, 23.43, 9999.0, 22.07, 9999.0, 22.68, 22.39, 22.23, 22.25, 22.25
2026-09-08, 09:53:17, 22.25, 22.34, 22.75, 22.75, 9999.0, 9999.0, 9999.0, 23.45, 9999.0, 22.09, 9999.0, 22.7, 22.41, 22.23, 22.25, 22.25
2026-09-08, 09:53:21, 22.25, 22.34, 22.75, 22.75, 9999.0, 9999.0, 9999.0, 23.48, 9999.0, 22.11, 9999.0, 22.7, 22.43, 22.2, 22.25, 22.25
2026-09-08, 09:53:25, 22.25, 22.34, 22.75, 22.75, 9999.0, 9999.0, 9999.0, 23.5, 9999.0, 22.14, 9999.0, 22.7, 22.45, 22.2, 22.25, 22.25
2026-09-08, 09:53:29, 22.25, 22.36, 22.75, 22.75, 9999.0, 9999.0, 9999.0, 23.55, 9999.0, 22.16, 9999.0, 22.68, 22.45, 22.2, 22.25, 22.25
2026-09-08, 09:53:33, 22.23, 22.39, 22.75, 22.75, 9999.0, 9999.0, 9999.0, 23.57, 9999.0, 22.16, 9999.0, 22.66, 22.45, 22.18, 22.25, 22.25
2026-09-08, 09:53:37, 22.23, 22.41, 22.75, 22.75, 9999.0, 9999.0, 9999.0, 23.61, 9999.0, 22.16, 9999.0, 22.64, 22.45, 22.18, 22.25, 22.25
2026-09-08, 09:53:41, 22.23, 22.41, 22.75, 22.75, 9999.0, 9999.0, 9999.0, 23.66, 9999.0, 22.16, 9999.0, 22.61, 22.48, 22.18, 22.25, 22.25
2026-09-08, 09:53:45, 22.23, 22.41, 22.75, 22.75, 9999.0, 9999.0, 9999.0, 23.7, 9999.0, 22.16, 9999.0, 22.59, 22.5, 22.2, 22.25, 22.25
2026-09-08, 09:53:49, 22.23, 22.39, 22.75, 22.75, 9999.0, 9999.0, 9999.0, 23.75, 9999.0, 22.14, 9999.0, 22.57, 22.48, 22.2, 22.25, 22.25
2026-09-08, 09:53:53, 22.23, 22.39, 22.75, 22.75, 9999.0, 9999.0, 9999.0, 23.8, 9999.0, 22.11, 9999.0, 22.57, 22.45, 22.2, 22.25, 22.25
2026-09-08, 09:53:57, 22.23, 22.39, 22.75, 22.75, 9999.0, 9999.0, 9999.0, 23.82, 9999.0, 22.09, 9999.0, 22.57, 22.43, 22.2, 22.25, 22.25
2026-09-08, 09:54:01, 22.23, 22.36, 22.75, 22.75, 9999.0, 9999.0, 9999.0, 23.77, 9999.0, 22.07, 9999.0, 22.57, 22.43, 22.2, 22.25, 22.25
2026-09-08, 09:54:05, 22.23, 22.39, 22.75, 22.75, 9999.0, 9999.0, 9999.0, 23.73, 9999.0, 22.05, 9999.0, 22.61, 22.43, 22.23, 22.25, 22.25
2026-09-08, 09:54:09, 22.23, 22.39, 22.75, 22.75, 9999.0, 9999.0, 9999.0, 23.68, 9999.0, 22.02, 9999.0, 22.64, 22.43, 22.23, 22.25, 22.25
2026-09-08, 09:54:13, 22.23, 22.39, 22.75, 22.75, 9999.0, 9999.0, 9999.0, 23.61, 9999.0, 22.02, 9999.0, 22.66, 22.43, 22.23, 22.25, 22.25
2026-09-08, 09:54:17, 22.25, 22.39, 22.75, 22.75, 9999.0, 9999.0, 9999.0, 23.57, 9999.0, 22.05, 9999.0, 22.68, 22.41, 22.25, 22.25, 22.25
2026-09-08, 09:54:21, 22.25, 22.36, 22.75, 22.75, 9999.0, 9999.0, 9999.0, 23.52, 9999.0, 22.07, 9999.0, 22.7, 22.41, 22.25, 22.25, 22.25
2026-09-08, 09:54:25, 22.25, 22.36, 22.75, 22.75, 9999.0, 9999.0, 9999.0, 23.48, 9999.0, 22.09, 9999.0, 22.73, 22.41, 22.25, 22.25, 22.25
2026-09-08, 09:54:29, 22.25, 22.34, 22.75, 22.75, 9999.0, 9999.0, 9999.0, 23.43, 9999.0, 22.11, 9999.0, 22.75, 22.41, 22.25, 22.25, 22.25
2026-09-08, 09:54:33, 22.25, 22.36, 22.75, 22.75, 9999.0, 9999.0, 9999.0, 23.39, 9999.0, 22.14, 9999.0, 22.77, 22.43, 22.25, 22.25, 22.25
2026-09-08, 09:54:37, 22.25, 22.39, 22.75, 22.75, 9999.0, 9999.0, 9999.0, 23.41, 9999.0, 22.16, 9999.0, 22.77, 22.45, 22.23, 22.25, 22.25
2026-09-08, 09:54:41, 22.25, 22.41, 22.75, 22.75, 9999.0, 9999.0, 9999.0, 23.45, 9999.0, 22.18, 9999.0, 22.75, 22.48, 22.23, 22.25, 22.25
2026-09-08, 09:54:45, 22.25, 22.41, 22.75, 22.75, 9999.0, 9999.0, 9999.0, 23.48, 9999.0, 22.18, 9999.0, 22.75, 22.48, 22.2, 22.25, 22.25
2026-09-08, 09:54:49, 22.25, 22.39, 22.75, 22.75, 9999.0, 9999.0, 9999.0, 23.5, 9999.0, 22.18, 9999.0, 22.7, 22.48, 22.18, 22.25, 22.25
2026-09-08, 09:54:53, 22.25, 22.36, 22.75, 22.75, 9999.0, 9999.0, 9999.0, 23.52, 9999.0, 22.2, 9999.0, 22.68, 22.48, 22.18, 22.25, 22.25
2026-09-08, 09:54:57, 22.25, 22.34, 22.75, 22.75, 9999.0, 9999.0, 9999.0, 23.55, 9999.0, 22.2, 9999.0, 22.66, 22.48, 22.18, 22.25, 22.25
2026-09-08, 09:55:02, 22.25, 22.34, 22.75, 22.75, 9999.0, 9999.0, 9999.0, 23.57, 9999.0, 22.2, 9999.0, 22.64, 22.48, 22.16, 22.25, 22.25
2026-09-08, 09:55:06, 22.25, 22.34, 22.75, 22.75, 9999.0, 9999.0, 9999.0, 23.61, 9999.0, 22.2, 9999.0, 22.61, 22.48, 22.16, 22.25, 22.25
2026-09-08, 09:55:10, 22.25, 22.34, 22.75, 22.75, 9999.0, 9999.0, 9999.0, 23.66, 9999.0, 22.18, 9999.0, 22.59, 22.45, 22.16, 22.25, 22.25
2026-09-08, 09:55:14, 22.25, 22.34, 22.75, 22.75, 9999.0, 9999.0, 9999.0, 23.68, 9999.0, 22.16, 9999.0, 22.59, 22.43, 22.16, 22.25, 22.25
2026-09-08, 09:55:18, 22.25, 22.34, 22.75, 22.75, 9999.0, 9999.0, 9999.0, 23.7, 9999.0, 22.14, 9999.0, 22.59, 22.43, 22.16, 22.25, 22.25
2026-09-08, 09:55:22, 22.25, 22.34, 22.75, 22.75, 9999.0, 9999.0, 9999.0, 23.66, 9999.0, 22.11, 9999.0, 22.59, 22.41, 22.18, 22.25, 22.25
2026-09-08, 09:55:26, 22.25, 22.34, 22.75, 22.75, 9999.0, 9999.0, 9999.0, 23.61, 9999.0, 22.09, 9999.0, 22.61, 22.39, 22.18, 22.25, 22.25
2026-09-08, 09:55:30, 22.25, 22.34, 22.75, 22.75, 9999.0, 9999.0, 9999.0, 23.59, 9999.0, 22.09, 9999.0, 22.61, 22.39, 22.2, 22.25, 22.25
2026-09-08, 09:55:34, 22.25, 22.36, 22.75, 22.75, 9999.0, 9999.0, 9999.0, 23.57, 9999.0, 22.11, 9999.0, 22.64, 22.39, 22.23, 22.25, 22.25
2026-09-08, 09:55:38, 22.25, 22.36, 22.75, 22.75, 9999.0, 9999.0, 9999.0, 23.55, 9999.0, 22.11, 9999.0, 22.66, 22.39, 22.23, 22.25, 22.25
2026-09-08, 09:55:42, 22.25, 22.36, 22.75, 22.75, 9999.0, 9999.0, 9999.0, 23.55, 9999.0, 22.11, 9999.0, 22.68, 22.39, 22.23, 22.25, 22.25
2026-09-08, 09:55:46, 22.25, 22.34, 22.75, 22.75, 9999.0, 9999.0, 9999.0, 23.52, 9999.0, 22.11, 9999.0, 22.7, 22.41, 22.25, 22.25, 22.25
2026-09-08, 09:55:50, 22.25, 22.36, 22.75, 22.75, 9999.0, 9999.0, 9999.0, 23.48, 9999.0, 22.11, 9999.0, 22.73, 22.41, 22.23, 22.25, 22.25
2026-09-08, 09:55:54, 22.25, 22.36, 22.75, 22.75, 9999.0, 9999.0, 9999.0, 23.5, 9999.0, 22.14, 9999.0, 22.75, 22.43, 22.23, 22.25, 22.25
2026-09-08, 09:55:58, 22.25, 22.36, 22.75, 22.75, 9999.0, 9999.0, 9999.0, 23.55, 9999.0, 22.16, 9999.0, 22.73, 22.45, 22.23, 22.25, 22.25
2026-09-08, 09:56:02, 22.25, 22.34, 22.75, 22.75, 9999.0, 9999.0, 9999.0, 23.57, 9999.0, 22.18, 9999.0, 22.7, 22.45, 22.23, 22.25, 22.25
2026-09-08, 09:56:06, 22.25, 22.32, 22.75, 22.75, 9999.0, 9999.0, 9999.0, 23.59, 9999.0, 22.2, 9999.0, 22.68, 22.48, 22.23, 22.25, 22.25
2026-09-08, 09:56:10, 22.25, 22.3, 22.75, 22.75, 9999.0, 9999.0, 9999.0, 23.61, 9999.0, 22.23, 9999.0, 22.66, 22.48, 22.23, 22.25, 22.25
2026-09-08, 09:56:14, 22.25, 22.3, 22.75, 22.75, 9999.0, 9999.0, 9999.0, 23.64, 9999.0, 22.23, 9999.0, 22.64, 22.48, 22.23, 22.25, 22.25
2026-09-08, 09:56:18, 22.25, 22.3, 22.75, 22.75, 9999.0, 9999.0, 9999.0, 23.64, 9999.0, 22.2, 9999.0, 22.61, 22.48, 22.2, 22.25, 22.25
2026-09-08, 09:56:22, 22.25, 22.32, 22.75, 22.75, 9999.0, 9999.0, 9999.0, 23.66, 9999.0, 22.2, 9999.0, 22.59, 22.48, 22.18, 22.25, 22.25
2026-09-08, 09:56:26, 22.25, 22.32, 22.75, 22.75, 9999.0, 9999.0, 9999.0, 23.66, 9999.0, 22.2, 9999.0, 22.57, 22.45, 22.18, 22.25, 22.25
2026-09-08, 09:56:30, 22.25, 22.32, 22.75, 22.75, 9999.0, 9999.0, 9999.0, 23.7, 9999.0, 22.2, 9999.0, 22.57, 22.45, 22.18, 22.25, 22.25
2026-09-08, 09:56:34, 22.25, 22.32, 22.75, 22.75, 9999.0, 9999.0, 9999.0, 23.75, 9999.0, 22.18, 9999.0, 22.57, 22.43, 22.2, 22.25, 22.25
2026-09-08, 09:56:38, 22.25, 22.34, 22.75, 22.75, 9999.0, 9999.0, 9999.0, 23.73, 9999.0, 22.16, 9999.0, 22.57, 22.41, 22.2, 22.25, 22.25
2026-09-08, 09:56:42, 22.25, 22.34, 22.75, 22.75, 9999.0, 9999.0, 9999.0, 23.7, 9999.0, 22.14, 9999.0, 22.59, 22.39, 22.2, 22.25, 22.25
2026-09-08, 09:56:46, 22.25, 22.36, 22.75, 22.75, 9999.0, 9999.0, 9999.0, 23.68, 9999.0, 22.14, 9999.0, 22.61, 22.39, 22.2, 22.25, 22.25
2026-09-08, 09:56:50, 22.25, 22.39, 22.75, 22.75, 9999.0, 9999.0, 9999.0, 23.66, 9999.0, 22.16, 9999.0, 22.64, 22.39, 22.2, 22.25, 22.25
2026-09-08, 09:56:54, 22.25, 22.39, 22.75, 22.75, 9999.0, 9999.0, 9999.0, 23.64, 9999.0, 22.18, 9999.0, 22.66, 22.41, 22.2, 22.25, 22.25
2026-09-08, 09:56:58, 22.25, 22.39, 22.75, 22.75, 9999.0, 9999.0, 9999.0, 23.61, 9999.0, 22.23, 9999.0, 22.68, 22.41, 22.2, 22.25, 22.25
2026-09-08, 09:57:02, 22.25, 22.36, 22.75, 22.75, 9999.0, 9999.0, 9999.0, 23.59, 9999.0, 22.27, 9999.0, 22.7, 22.41, 22.23, 22.25, 22.25
2026-09-08, 09:57:06, 22.25, 22.34, 22.75, 22.75, 9999.0, 9999.0, 9999.0, 23.55, 9999.0, 22.3, 9999.0, 22.73, 22.41, 22.23, 22.25, 22.25
2026-09-08, 09:57:10, 22.25, 22.36, 22.75, 22.75, 9999.0, 9999.0, 9999.0, 23.59, 9999.0, 22.32, 9999.0, 22.73, 22.41, 22.23, 22.25, 22.25
2026-09-08, 09:57:14, 22.25, 22.36, 22.75, 22.75, 9999.0, 9999.0, 9999.0, 23.61, 9999.0, 22.34, 9999.0, 22.73, 22.41, 22.23, 22.25, 22.25
2026-09-08, 09:57:18, 22.25, 22.34, 22.75, 22.75, 9999.0, 9999.0, 9999.0, 23.64, 9999.0, 22.39, 9999.0, 22.7, 22.41, 22.23, 22.25, 22.25
2026-09-08, 09:57:22, 22.25, 22.32, 22.75, 22.75, 9999.0, 9999.0, 9999.0, 23.66, 9999.0, 22.41, 9999.0, 22.68, 22.41, 22.23, 22.25, 22.25
2026-09-08, 09:57:26, 22.25, 22.32, 22.75, 22.75, 9999.0, 9999.0, 9999.0, 23.66, 9999.0, 22.43, 9999.0, 22.66, 22.43, 22.23, 22.25, 22.25
2026-09-08, 09:57:30, 22.25, 22.3, 22.75, 22.75, 9999.0, 9999.0, 9999.0, 23.68, 9999.0, 22.43, 9999.0, 22.64, 22.43, 22.23, 22.25, 22.25
2026-09-08, 09:57:34, 22.25, 22.27, 22.75, 22.75, 9999.0, 9999.0, 9999.0, 23.7, 9999.0, 22.41, 9999.0, 22.61, 22.43, 22.23, 22.25, 22.25
2026-09-08, 09:57:38, 22.25, 22.27, 22.75, 22.75, 9999.0, 9999.0, 9999.0, 23.73, 9999.0, 22.39, 9999.0, 22.59, 22.41, 22.23, 22.25, 22.25
2026-09-08, 09:57:42, 22.25, 22.27, 22.75, 22.75, 9999.0, 9999.0, 9999.0, 23.75, 9999.0, 22.36, 9999.0, 22.57, 22.39, 22.23, 22.25, 22.25
2026-09-08, 09:57:46, 22.25, 22.27, 22.75, 22.75, 9999.0, 9999.0, 9999.0, 23.8, 9999.0, 22.32, 9999.0, 22.57, 22.36, 22.23, 22.25, 22.25
2026-09-08, 09:57:50, 22.25, 22.27, 22.75, 22.75, 9999.0, 9999.0, 9999.0, 23.84, 9999.0, 22.3, 9999.0, 22.57, 22.34, 22.25, 22.25, 22.25
2026-09-08, 09:57:54, 22.25, 22.25, 22.75, 22.75, 9999.0, 9999.0, 9999.0, 23.8, 9999.0, 22.27, 9999.0, 22.59, 22.36, 22.23, 22.25, 22.25
2026-09-08, 09:57:58, 22.25, 22.25, 22.75, 22.75, 9999.0, 9999.0, 9999.0, 23.75, 9999.0, 22.23, 9999.0, 22.59, 22.36, 22.23, 22.25, 22.25
2026-09-08, 09:58:02, 22.25, 22.27, 22.75, 22.75, 9999.0, 9999.0, 9999.0, 23.68, 9999.0, 22.18, 9999.0, 22.61, 22.39, 22.23, 22.25, 22.25
2026-09-08, 09:58:06, 22.25, 22.27, 22.75, 22.75, 9999.0, 9999.0, 9999.0, 23.64, 9999.0, 22.18, 9999.0, 22.64, 22.39, 22.23, 22.25, 22.25
2026-09-08, 09:58:10, 22.25, 22.27, 22.75, 22.75, 9999.0, 9999.0, 9999.0, 23.59, 9999.0, 22.18, 9999.0, 22.66, 22.36, 22.2, 22.25, 22.25
2026-09-08, 09:58:14, 22.25, 22.27, 22.75, 22.75, 9999.0, 9999.0, 9999.0, 23.55, 9999.0, 22.2, 9999.0, 22.68, 22.36, 22.2, 22.25, 22.25
2026-09-08, 09:58:18, 22.25, 22.3, 22.75, 22.75, 9999.0, 9999.0, 9999.0, 23.5, 9999.0, 22.23, 9999.0, 22.68, 22.36, 22.2, 22.25, 22.25
2026-09-08, 09:58:22, 22.25, 22.32, 22.75, 22.75, 9999.0, 9999.0, 9999.0, 23.45, 9999.0, 22.25, 9999.0, 22.7, 22.39, 22.2, 22.25, 22.25
2026-09-08, 09:58:26, 22.25, 22.34, 22.75, 22.75, 9999.0, 9999.0, 9999.0, 23.48, 9999.0, 22.27, 9999.0, 22.73, 22.41, 22.2, 22.25, 22.25
2026-09-08, 09:58:30, 22.25, 22.34, 22.75, 22.75, 9999.0, 9999.0, 9999.0, 23.5, 9999.0, 22.32, 9999.0, 22.7, 22.43, 22.2, 22.25, 22.25
2026-09-08, 09:58:34, 22.25, 22.34, 22.75, 22.75, 9999.0, 9999.0, 9999.0, 23.52, 9999.0, 22.34, 9999.0, 22.7, 22.45, 22.2, 22.25, 22.25
2026-09-08, 09:58:38, 22.25, 22.36, 22.75, 22.75, 9999.0, 9999.0, 9999.0, 23.57, 9999.0, 22.36, 9999.0, 22.68, 22.43, 22.23, 22.25, 22.25
2026-09-08, 09:58:42, 22.25, 22.39, 22.73, 22.75, 9999.0, 9999.0, 9999.0, 23.61, 9999.0, 22.41, 9999.0, 22.66, 22.43, 22.23, 22.25, 22.25
2026-09-08, 09:58:46, 22.25, 22.39, 22.73, 22.75, 9999.0, 9999.0, 9999.0, 23.66, 9999.0, 22.45, 9999.0, 22.64, 22.41, 22.23, 22.25, 22.25
2026-09-08, 09:58:50, 22.25, 22.39, 22.73, 22.75, 9999.0, 9999.0, 9999.0, 23.68, 9999.0, 22.45, 9999.0, 22.61, 22.43, 22.2, 22.25, 22.25
2026-09-08, 09:58:55, 22.25, 22.41, 22.73, 22.75, 9999.0, 9999.0, 9999.0, 23.73, 9999.0, 22.45, 9999.0, 22.59, 22.43, 22.2, 22.27, 22.25
2026-09-08, 09:58:59, 22.25, 22.41, 22.73, 22.75, 9999.0, 9999.0, 9999.0, 23.77, 9999.0, 22.43, 9999.0, 22.57, 22.43, 22.18, 22.27, 22.25
2026-09-08, 09:59:03, 22.25, 22.39, 22.73, 22.75, 9999.0, 9999.0, 9999.0, 23.82, 9999.0, 22.41, 9999.0, 22.57, 22.41, 22.18, 22.27, 22.25
2026-09-08, 09:59:07, 22.25, 22.39, 22.73, 22.75, 9999.0, 9999.0, 9999.0, 23.86, 9999.0, 22.39, 9999.0, 22.57, 22.39, 22.18, 22.27, 22.25
2026-09-08, 09:59:11, 22.25, 22.36, 22.73, 22.75, 9999.0, 9999.0, 9999.0, 23.84, 9999.0, 22.36, 9999.0, 22.57, 22.36, 22.18, 22.27, 22.25
2026-09-08, 09:59:15, 22.25, 22.39, 22.73, 22.75, 9999.0, 9999.0, 9999.0, 23.8, 9999.0, 22.34, 9999.0, 22.59, 22.36, 22.18, 22.27, 22.25
2026-09-08, 09:59:19, 22.25, 22.39, 22.73, 22.75, 9999.0, 9999.0, 9999.0, 23.75, 9999.0, 22.32, 9999.0, 22.59, 22.34, 22.18, 22.27, 22.25
2026-09-08, 09:59:23, 22.25, 22.36, 22.73, 22.75, 9999.0, 9999.0, 9999.0, 23.7, 9999.0, 22.3, 9999.0, 22.61, 22.36, 22.18, 22.27, 22.25
2026-09-08, 09:59:27, 22.25, 22.36, 22.75, 22.75, 9999.0, 9999.0, 9999.0, 23.66, 9999.0, 22.3, 9999.0, 22.64, 22.34, 22.18, 22.27, 22.25
2026-09-08, 09:59:31, 22.25, 22.36, 22.75, 22.75, 9999.0, 9999.0, 9999.0, 23.61, 9999.0, 22.27, 9999.0, 22.66, 22.34, 22.18, 22.27, 22.25
2026-09-08, 09:59:35, 22.25, 22.36, 22.75, 22.75, 9999.0, 9999.0, 9999.0, 23.57, 9999.0, 22.3, 9999.0, 22.68, 22.34, 22.2, 22.27, 22.25
2026-09-08, 09:59:39, 22.25, 22.34, 22.75, 22.75, 9999.0, 9999.0, 9999.0, 23.52, 9999.0, 22.32, 9999.0, 22.7, 22.36, 22.23, 22.25, 22.25
2026-09-08, 09:59:43, 22.25, 22.36, 22.75, 22.75, 9999.0, 9999.0, 9999.0, 23.48, 9999.0, 22.34, 9999.0, 22.73, 22.36, 22.25, 22.25, 22.25
2026-09-08, 09:59:47, 22.25, 22.36, 22.75, 22.75, 9999.0, 9999.0, 9999.0, 23.52, 9999.0, 22.36, 9999.0, 22.73, 22.39, 22.25, 22.25, 22.25
2026-09-08, 09:59:51, 22.25, 22.34, 22.75, 22.75, 9999.0, 9999.0, 9999.0, 23.57, 9999.0, 22.39, 9999.0, 22.7, 22.41, 22.25, 22.25, 22.25
2026-09-08, 09:59:55, 22.25, 22.36, 22.75, 22.75, 9999.0, 9999.0, 9999.0, 23.59, 9999.0, 22.39, 9999.0, 22.68, 22.43, 22.25, 22.25, 22.25
2026-09-08, 09:59:59, 22.25, 22.34, 22.75, 22.75, 9999.0, 9999.0, 9999.0, 23.64, 9999.0, 22.41, 9999.0, 22.66, 22.43, 22.25, 22.25, 22.25
2026-09-08, 10:00:03, 22.25, 22.34, 22.75, 22.75, 9999.0, 9999.0, 9999.0, 23.68, 9999.0, 22.41, 9999.0, 22.64, 22.45, 22.23, 22.25, 22.25
2026-09-08, 10:00:07, 22.25, 22.36, 22.75, 22.75, 9999.0, 9999.0, 9999.0, 23.73, 9999.0, 22.41, 9999.0, 22.61, 22.45, 22.23, 22.25, 22.25
2026-09-08, 10:00:11, 22.25, 22.34, 22.75, 22.75, 9999.0, 9999.0, 9999.0, 23.75, 9999.0, 22.39, 9999.0, 22.59, 22.48, 22.23, 22.25, 22.25
2026-09-08, 10:00:15, 22.25, 22.32, 22.75, 22.75, 9999.0, 9999.0, 9999.0, 23.8, 9999.0, 22.39, 9999.0, 22.57, 22.5, 22.23, 22.25, 22.25
2026-09-08, 10:00:19, 22.25, 22.34, 22.75, 22.75, 9999.0, 9999.0, 9999.0, 23.84, 9999.0, 22.36, 9999.0, 22.55, 22.48, 22.23, 22.25, 22.25
2026-09-08, 10:00:23, 22.25, 22.34, 22.75, 22.75, 9999.0, 9999.0, 9999.0, 23.89, 9999.0, 22.34, 9999.0, 22.55, 22.48, 22.23, 22.25, 22.25
2026-09-08, 10:00:27, 22.25, 22.34, 22.75, 22.75, 9999.0, 9999.0, 9999.0, 23.93, 9999.0, 22.32, 9999.0, 22.52, 22.45, 22.23, 22.25, 22.25
2026-09-08, 10:00:31, 22.25, 22.36, 22.75, 22.75, 9999.0, 9999.0, 9999.0, 23.89, 9999.0, 22.3, 9999.0, 22.55, 22.43, 22.23, 22.25, 22.25
2026-09-08, 10:00:35, 22.25, 22.39, 22.75, 22.75, 9999.0, 9999.0, 9999.0, 23.84, 9999.0, 22.27, 9999.0, 22.57, 22.43, 22.23, 22.25, 22.25
2026-09-08, 10:00:39, 22.25, 22.36, 22.75, 22.75, 9999.0, 9999.0, 9999.0, 23.8, 9999.0, 22.27, 9999.0, 22.59, 22.43, 22.23, 22.25, 22.25
2026-09-08, 10:00:43, 22.25, 22.36, 22.75, 22.75, 9999.0, 9999.0, 9999.0, 23.75, 9999.0, 22.27, 9999.0, 22.61, 22.43, 22.23, 22.25, 22.25
2026-09-08, 10:00:47, 22.25, 22.36, 22.75, 22.75, 9999.0, 9999.0, 9999.0, 23.7, 9999.0, 22.27, 9999.0, 22.64, 22.41, 22.25, 22.25, 22.25
2026-09-08, 10:00:51, 22.25, 22.36, 22.75, 22.75, 9999.0, 9999.0, 9999.0, 23.66, 9999.0, 22.3, 9999.0, 22.66, 22.41, 22.25, 22.25, 22.25
2026-09-08, 10:00:55, 22.25, 22.36, 22.75, 22.75, 9999.0, 9999.0, 9999.0, 23.64, 9999.0, 22.34, 9999.0, 22.68, 22.41, 22.25, 22.25, 22.25
2026-09-08, 10:00:59, 22.25, 22.39, 22.75, 22.75, 9999.0, 9999.0, 9999.0, 23.61, 9999.0, 22.36, 9999.0, 22.7, 22.41, 22.25, 22.25, 22.25
2026-09-08, 10:01:03, 22.25, 22.39, 22.75, 22.75, 9999.0, 9999.0, 9999.0, 23.66, 9999.0, 22.39, 9999.0, 22.73, 22.43, 22.25, 22.25, 22.25
2026-09-08, 10:01:07, 22.25, 22.41, 22.75, 22.75, 9999.0, 9999.0, 9999.0, 23.7, 9999.0, 22.41, 9999.0, 22.73, 22.41, 22.25, 22.25, 22.25
2026-09-08, 10:01:11, 22.25, 22.41, 22.75, 22.75, 9999.0, 9999.0, 9999.0, 23.73, 9999.0, 22.43, 9999.0, 22.73, 22.43, 22.25, 22.25, 22.25
2026-09-08, 10:01:15, 22.25, 22.39, 22.75, 22.75, 9999.0, 9999.0, 9999.0, 23.75, 9999.0, 22.45, 9999.0, 22.73, 22.43, 22.25, 22.25, 22.25
2026-09-08, 10:01:19, 22.25, 22.36, 22.75, 22.75, 9999.0, 9999.0, 9999.0, 23.77, 9999.0, 22.48, 9999.0, 22.7, 22.41, 22.25, 22.25, 22.25
2026-09-08, 10:01:23, 22.25, 22.36, 22.75, 22.75, 9999.0, 9999.0, 9999.0, 23.8, 9999.0, 22.5, 9999.0, 22.68, 22.41, 22.25, 22.25, 22.25
2026-09-08, 10:01:27, 22.25, 22.36, 22.75, 22.75, 9999.0, 9999.0, 9999.0, 23.82, 9999.0, 22.5, 9999.0, 22.66, 22.41, 22.25, 22.25, 22.25
2026-09-08, 10:01:31, 22.25, 22.36, 22.75, 22.75, 9999.0, 9999.0, 9999.0, 23.84, 9999.0, 22.5, 9999.0, 22.64, 22.41, 22.25, 22.25, 22.25
2026-09-08, 10:01:35, 22.25, 22.36, 22.75, 22.75, 9999.0, 9999.0, 9999.0, 23.86, 9999.0, 22.5, 9999.0, 22.61, 22.39, 22.23, 22.25, 22.25
2026-09-08, 10:01:39, 22.25, 22.39, 22.75, 22.75, 9999.0, 9999.0, 9999.0, 23.89, 9999.0, 22.48, 9999.0, 22.59, 22.36, 22.23, 22.25, 22.25
2026-09-08, 10:01:43, 22.25, 22.39, 22.75, 22.75, 9999.0, 9999.0, 9999.0, 23.91, 9999.0, 22.45, 9999.0, 22.59, 22.34, 22.23, 22.25, 22.25
2026-09-08, 10:01:47, 22.25, 22.36, 22.75, 22.75, 9999.0, 9999.0, 9999.0, 23.86, 9999.0, 22.43, 9999.0, 22.59, 22.32, 22.23, 22.25, 22.25
2026-09-08, 10:01:51, 22.25, 22.34, 22.75, 22.75, 9999.0, 9999.0, 9999.0, 23.8, 9999.0, 22.41, 9999.0, 22.59, 22.32, 22.23, 22.25, 22.25
2026-09-08, 10:01:55, 22.25, 22.34, 22.75, 22.75, 9999.0, 9999.0, 9999.0, 23.77, 9999.0, 22.39, 9999.0, 22.61, 22.32, 22.23, 22.25, 22.25
2026-09-08, 10:01:59, 22.25, 22.34, 22.75, 22.75, 9999.0, 9999.0, 9999.0, 23.75, 9999.0, 22.36, 9999.0, 22.61, 22.34, 22.23, 22.25, 22.25
2026-09-08, 10:02:03, 22.25, 22.34, 22.75, 22.75, 9999.0, 9999.0, 9999.0, 23.7, 9999.0, 22.36, 9999.0, 22.64, 22.36, 22.23, 22.25, 22.25
2026-09-08, 10:02:07, 22.25, 22.34, 22.75, 22.75, 9999.0, 9999.0, 9999.0, 23.68, 9999.0, 22.36, 9999.0, 22.66, 22.36, 22.23, 22.25, 22.25
2026-09-08, 10:02:11, 22.25, 22.34, 22.75, 22.75, 9999.0, 9999.0, 9999.0, 23.66, 9999.0, 22.39, 9999.0, 22.68, 22.36, 22.2, 22.25, 22.25
2026-09-08, 10:02:15, 22.25, 22.34, 22.75, 22.75, 9999.0, 9999.0, 9999.0, 23.64, 9999.0, 22.43, 9999.0, 22.7, 22.39, 22.2, 22.25, 22.25
2026-09-08, 10:02:19, 22.25, 22.32, 22.75, 22.75, 9999.0, 9999.0, 9999.0, 23.59, 9999.0, 22.45, 9999.0, 22.7, 22.41, 22.23, 22.25, 22.25
2026-09-08, 10:02:23, 22.25, 22.3, 22.75, 22.75, 9999.0, 9999.0, 9999.0, 23.64, 9999.0, 22.45, 9999.0, 22.7, 22.43, 22.23, 22.25, 22.25
2026-09-08, 10:02:27, 22.25, 22.3, 22.75, 22.75, 9999.0, 9999.0, 9999.0, 23.66, 9999.0, 22.48, 9999.0, 22.7, 22.43, 22.23, 22.25, 22.25
2026-09-08, 10:02:31, 22.25, 22.3, 22.75, 22.75, 9999.0, 9999.0, 9999.0, 23.68, 9999.0, 22.5, 9999.0, 22.68, 22.45, 22.23, 22.25, 22.25
2026-09-08, 10:02:35, 22.25, 22.3, 22.75, 22.75, 9999.0, 9999.0, 9999.0, 23.73, 9999.0, 22.52, 9999.0, 22.66, 22.45, 22.23, 22.25, 22.25
2026-09-08, 10:02:39, 22.25, 22.27, 22.75, 22.75, 9999.0, 9999.0, 9999.0, 23.75, 9999.0, 22.55, 9999.0, 22.64, 22.45, 22.23, 22.25, 22.25
2026-09-08, 10:02:44, 22.25, 22.27, 22.75, 22.75, 9999.0, 9999.0, 9999.0, 23.77, 9999.0, 22.57, 9999.0, 22.61, 22.45, 22.23, 22.25, 22.25
2026-09-08, 10:02:48, 22.25, 22.3, 22.75, 22.75, 9999.0, 9999.0, 9999.0, 23.8, 9999.0, 22.57, 9999.0, 22.59, 22.43, 22.23, 22.25, 22.25
2026-09-08, 10:02:52, 22.25, 22.3, 22.75, 22.75, 9999.0, 9999.0, 9999.0, 23.84, 9999.0, 22.57, 9999.0, 22.57, 22.41, 22.23, 22.25, 22.25
2026-09-08, 10:02:56, 22.25, 22.32, 22.75, 22.75, 9999.0, 9999.0, 9999.0, 23.89, 9999.0, 22.55, 9999.0, 22.55, 22.41, 22.25, 22.25, 22.25
2026-09-08, 10:03:00, 22.25, 22.32, 22.75, 22.75, 9999.0, 9999.0, 9999.0, 23.93, 9999.0, 22.52, 9999.0, 22.55, 22.41, 22.25, 22.25, 22.25
2026-09-08, 10:03:04, 22.25, 22.32, 22.75, 22.75, 9999.0, 9999.0, 9999.0, 23.98, 9999.0, 22.5, 9999.0, 22.57, 22.39, 22.25, 22.25, 22.25
2026-09-08, 10:03:08, 22.25, 22.32, 22.75, 22.75, 9999.0, 9999.0, 9999.0, 23.93, 9999.0, 22.5, 9999.0, 22.59, 22.36, 22.25, 22.25, 22.25
2026-09-08, 10:03:12, 22.25, 22.3, 22.75, 22.75, 9999.0, 9999.0, 9999.0, 23.91, 9999.0, 22.48, 9999.0, 22.59, 22.36, 22.25, 22.25, 22.25
2026-09-08, 10:03:16, 22.25, 22.3, 22.75, 22.75, 9999.0, 9999.0, 9999.0, 23.89, 9999.0, 22.45, 9999.0, 22.61, 22.36, 22.25, 22.25, 22.25
2026-09-08, 10:03:20, 22.25, 22.32, 22.75, 22.75, 9999.0, 9999.0, 9999.0, 23.84, 9999.0, 22.48, 9999.0, 22.64, 22.39, 22.23, 22.25, 22.25
2026-09-08, 10:03:24, 22.25, 22.34, 22.75, 22.75, 9999.0, 9999.0, 9999.0, 23.82, 9999.0, 22.48, 9999.0, 22.66, 22.36, 22.23, 22.25, 22.25
2026-09-08, 10:03:28, 22.25, 22.36, 22.75, 22.75, 9999.0, 9999.0, 9999.0, 23.77, 9999.0, 22.5, 9999.0, 22.68, 22.36, 22.23, 22.25, 22.25
2026-09-08, 10:03:32, 22.25, 22.36, 22.75, 22.75, 9999.0, 9999.0, 9999.0, 23.75, 9999.0, 22.52, 9999.0, 22.7, 22.39, 22.23, 22.25, 22.25
2026-09-08, 10:03:36, 22.25, 22.39, 22.75, 22.75, 9999.0, 9999.0, 9999.0, 23.7, 9999.0, 22.55, 9999.0, 22.7, 22.41, 22.23, 22.25, 22.25
2026-09-08, 10:03:40, 22.25, 22.36, 22.75, 22.75, 9999.0, 9999.0, 9999.0, 23.73, 9999.0, 22.57, 9999.0, 22.7, 22.41, 22.23, 22.25, 22.25
2026-09-08, 10:03:44, 22.25, 22.36, 22.75, 22.75, 9999.0, 9999.0, 9999.0, 23.75, 9999.0, 22.59, 9999.0, 22.68, 22.41, 22.23, 22.25, 22.25
2026-09-08, 10:03:48, 22.25, 22.39, 22.75, 22.75, 9999.0, 9999.0, 9999.0, 23.8, 9999.0, 22.61, 9999.0, 22.66, 22.43, 22.23, 22.25, 22.25
2026-09-08, 10:03:52, 22.25, 22.39, 22.75, 22.75, 9999.0, 9999.0, 9999.0, 23.82, 9999.0, 22.61, 9999.0, 22.66, 22.45, 22.23, 22.25, 22.25
2026-09-08, 10:03:56, 22.25, 22.41, 22.75, 22.75, 9999.0, 9999.0, 9999.0, 23.84, 9999.0, 22.64, 9999.0, 22.64, 22.48, 22.23, 22.25, 22.25
2026-09-08, 10:04:00, 22.25, 22.41, 22.75, 22.75, 9999.0, 9999.0, 9999.0, 23.86, 9999.0, 22.66, 9999.0, 22.61, 22.48, 22.23, 22.25, 22.23
2026-09-08, 10:04:04, 22.25, 22.39, 22.75, 22.75, 9999.0, 9999.0, 9999.0, 23.91, 9999.0, 22.64, 9999.0, 22.59, 22.45, 22.25, 22.25, 22.23
2026-09-08, 10:04:08, 22.25, 22.39, 22.75, 22.75, 9999.0, 9999.0, 9999.0, 23.93, 9999.0, 22.64, 9999.0, 22.57, 22.45, 22.25, 22.25, 22.23
2026-09-08, 10:04:12, 22.25, 22.36, 22.75, 22.75, 9999.0, 9999.0, 9999.0, 23.98, 9999.0, 22.61, 9999.0, 22.55, 22.45, 22.25, 22.25, 22.23
2026-09-08, 10:04:16, 22.25, 22.34, 22.75, 22.75, 9999.0, 9999.0, 9999.0, 24.02, 9999.0, 22.59, 9999.0, 22.55, 22.45, 22.25, 22.25, 22.23
2026-09-08, 10:04:20, 22.25, 22.34, 22.75, 22.75, 9999.0, 9999.0, 9999.0, 24.07, 9999.0, 22.57, 9999.0, 22.55, 22.43, 22.23, 22.25, 22.23
2026-09-08, 10:04:24, 22.25, 22.34, 22.75, 22.75, 9999.0, 9999.0, 9999.0, 24.02, 9999.0, 22.55, 9999.0, 22.57, 22.41, 22.23, 22.25, 22.23
2026-09-08, 10:04:28, 22.25, 22.34, 22.75, 22.75, 9999.0, 9999.0, 9999.0, 23.98, 9999.0, 22.52, 9999.0, 22.59, 22.41, 22.23, 22.25, 22.23
2026-09-08, 10:04:32, 22.25, 22.32, 22.75, 22.75, 9999.0, 9999.0, 9999.0, 23.93, 9999.0, 22.5, 9999.0, 22.61, 22.41, 22.23, 22.25, 22.23
2026-09-08, 10:04:36, 22.25, 22.34, 22.75, 22.75, 9999.0, 9999.0, 9999.0, 23.91, 9999.0, 22.52, 9999.0, 22.61, 22.41, 22.23, 22.25, 22.23
2026-09-08, 10:04:40, 22.25, 22.32, 22.75, 22.75, 9999.0, 9999.0, 9999.0, 23.86, 9999.0, 22.55, 9999.0, 22.64, 22.39, 22.23, 22.25, 22.23
2026-09-08, 10:04:44, 22.25, 22.34, 22.75, 22.75, 9999.0, 9999.0, 9999.0, 23.82, 9999.0, 22.57, 9999.0, 22.64, 22.39, 22.23, 22.25, 22.25
2026-09-08, 10:04:48, 22.25, 22.34, 22.75, 22.75, 9999.0, 9999.0, 9999.0, 23.77, 9999.0, 22.59, 9999.0, 22.66, 22.41, 22.23, 22.25, 22.25
2026-09-08, 10:04:52, 22.25, 22.34, 22.75, 22.75, 9999.0, 9999.0, 9999.0, 23.73, 9999.0, 22.61, 9999.0, 22.68, 22.43, 22.2, 22.25, 22.25
2026-09-08, 10:04:56, 22.25, 22.36, 22.75, 22.75, 9999.0, 9999.0, 9999.0, 23.75, 9999.0, 22.64, 9999.0, 22.68, 22.43, 22.2, 22.25, 22.25
2026-09-08, 10:05:00, 22.25, 22.36, 22.75, 22.75, 9999.0, 9999.0, 9999.0, 23.77, 9999.0, 22.66, 9999.0, 22.66, 22.41, 22.18, 22.25, 22.25
2026-09-08, 10:05:04, 22.25, 22.36, 22.75, 22.75, 9999.0, 9999.0, 9999.0, 23.8, 9999.0, 22.68, 9999.0, 22.68, 22.43, 22.2, 22.25, 22.25
2026-09-08, 10:05:08, 22.25, 22.39, 22.75, 22.73, 9999.0, 9999.0, 9999.0, 23.84, 9999.0, 22.7, 9999.0, 22.66, 22.43, 22.18, 22.25, 22.25
2026-09-08, 10:05:12, 22.25, 22.39, 22.75, 22.73, 9999.0, 9999.0, 9999.0, 23.86, 9999.0, 22.73, 9999.0, 22.64, 22.41, 22.18, 22.25, 22.23
2026-09-08, 10:05:16, 22.25, 22.41, 22.75, 22.73, 9999.0, 9999.0, 9999.0, 23.89, 9999.0, 22.73, 9999.0, 22.61, 22.39, 22.16, 22.25, 22.23
2026-09-08, 10:05:20, 22.25, 22.41, 22.75, 22.73, 9999.0, 9999.0, 9999.0, 23.91, 9999.0, 22.7, 9999.0, 22.59, 22.39, 22.16, 22.25, 22.23
2026-09-08, 10:05:24, 22.25, 22.41, 22.75, 22.73, 9999.0, 9999.0, 9999.0, 23.95, 9999.0, 22.68, 9999.0, 22.57, 22.41, 22.14, 22.25, 22.23
2026-09-08, 10:05:28, 22.25, 22.41, 22.75, 22.73, 9999.0, 9999.0, 9999.0, 24.0, 9999.0, 22.66, 9999.0, 22.57, 22.41, 22.14, 22.25, 22.23
2026-09-08, 10:05:32, 22.25, 22.43, 22.75, 22.7, 9999.0, 9999.0, 9999.0, 24.05, 9999.0, 22.64, 9999.0, 22.57, 22.41, 22.14, 22.23, 22.23
2026-09-08, 10:05:36, 22.25, 22.43, 22.75, 22.7, 9999.0, 9999.0, 9999.0, 24.09, 9999.0, 22.61, 9999.0, 22.55, 22.41, 22.16, 22.23, 22.23
2026-09-08, 10:05:40, 22.25, 22.43, 22.75, 22.7, 9999.0, 9999.0, 9999.0, 24.05, 9999.0, 22.59, 9999.0, 22.55, 22.39, 22.16, 22.23, 22.23
2026-09-08, 10:05:44, 22.25, 22.45, 22.75, 22.7, 9999.0, 9999.0, 9999.0, 24.02, 9999.0, 22.57, 9999.0, 22.57, 22.41, 22.18, 22.23, 22.23
2026-09-08, 10:05:48, 22.25, 22.43, 22.75, 22.7, 9999.0, 9999.0, 9999.0, 23.98, 9999.0, 22.55, 9999.0, 22.57, 22.39, 22.18, 22.23, 22.23
2026-09-08, 10:05:52, 22.25, 22.43, 22.75, 22.73, 9999.0, 9999.0, 9999.0, 23.93, 9999.0, 22.52, 9999.0, 22.59, 22.41, 22.2, 22.23, 22.23
2026-09-08, 10:05:56, 22.25, 22.43, 22.75, 22.73, 9999.0, 9999.0, 9999.0, 23.91, 9999.0, 22.52, 9999.0, 22.61, 22.41, 22.2, 22.23, 22.25
2026-09-08, 10:06:00, 22.25, 22.41, 22.75, 22.73, 9999.0, 9999.0, 9999.0, 23.89, 9999.0, 22.55, 9999.0, 22.64, 22.41, 22.23, 22.23, 22.25
2026-09-08, 10:06:04, 22.25, 22.41, 22.75, 22.73, 9999.0, 9999.0, 9999.0, 23.84, 9999.0, 22.57, 9999.0, 22.66, 22.41, 22.23, 22.23, 22.25
2026-09-08, 10:06:08, 22.25, 22.41, 22.75, 22.73, 9999.0, 9999.0, 9999.0, 23.8, 9999.0, 22.59, 9999.0, 22.68, 22.41, 22.25, 22.23, 22.25
2026-09-08, 10:06:12, 22.25, 22.41, 22.75, 22.73, 9999.0, 9999.0, 9999.0, 23.75, 9999.0, 22.61, 9999.0, 22.7, 22.41, 22.25, 22.23, 22.25
2026-09-08, 10:06:16, 22.25, 22.41, 22.75, 22.75, 9999.0, 9999.0, 9999.0, 23.77, 9999.0, 22.64, 9999.0, 22.7, 22.41, 22.25, 22.25, 22.25
2026-09-08, 10:06:20, 22.25, 22.39, 22.75, 22.75, 9999.0, 9999.0, 9999.0, 23.8, 9999.0, 22.66, 9999.0, 22.7, 22.41, 22.25, 22.25, 22.25
2026-09-08, 10:06:24, 22.25, 22.39, 22.75, 22.75, 9999.0, 9999.0, 9999.0, 23.84, 9999.0, 22.68, 9999.0, 22.7, 22.41, 22.23, 22.25, 22.25
2026-09-08, 10:06:28, 22.25, 22.39, 22.73, 22.75, 9999.0, 9999.0, 9999.0, 23.86, 9999.0, 22.7, 9999.0, 22.68, 22.41, 22.23, 22.25, 22.25
2026-09-08, 10:06:33, 22.25, 22.41, 22.73, 22.73, 9999.0, 9999.0, 9999.0, 23.89, 9999.0, 22.7, 9999.0, 22.66, 22.43, 22.23, 22.25, 22.25
2026-09-08, 10:06:37, 22.25, 22.39, 22.73, 22.73, 9999.0, 9999.0, 9999.0, 23.91, 9999.0, 22.73, 9999.0, 22.64, 22.41, 22.23, 22.25, 22.25
2026-09-08, 10:06:41, 22.25, 22.39, 22.73, 22.73, 9999.0, 9999.0, 9999.0, 23.93, 9999.0, 22.7, 9999.0, 22.61, 22.43, 22.23, 22.25, 22.25
2026-09-08, 10:06:45, 22.25, 22.39, 22.7, 22.7, 9999.0, 9999.0, 9999.0, 23.95, 9999.0, 22.68, 9999.0, 22.59, 22.43, 22.23, 22.25, 22.25
2026-09-08, 10:06:49, 22.25, 22.36, 22.7, 22.7, 9999.0, 9999.0, 9999.0, 24.0, 9999.0, 22.66, 9999.0, 22.57, 22.41, 22.23, 22.25, 22.25
2026-09-08, 10:06:53, 22.25, 22.39, 22.7, 22.7, 9999.0, 9999.0, 9999.0, 24.05, 9999.0, 22.64, 9999.0, 22.57, 22.41, 22.2, 22.25, 22.25
2026-09-08, 10:06:57, 22.25, 22.39, 22.7, 22.7, 9999.0, 9999.0, 9999.0, 24.09, 9999.0, 22.61, 9999.0, 22.57, 22.39, 22.2, 22.25, 22.25
2026-09-08, 10:07:01, 22.25, 22.36, 22.7, 22.7, 9999.0, 9999.0, 9999.0, 24.07, 9999.0, 22.59, 9999.0, 22.57, 22.39, 22.2, 22.25, 22.25
2026-09-08, 10:07:05, 22.25, 22.39, 22.7, 22.7, 9999.0, 9999.0, 9999.0, 24.05, 9999.0, 22.57, 9999.0, 22.59, 22.36, 22.2, 22.25, 22.25
2026-09-08, 10:07:09, 22.25, 22.36, 22.7, 22.7, 9999.0, 9999.0, 9999.0, 24.0, 9999.0, 22.52, 9999.0, 22.61, 22.36, 22.23, 22.25, 22.25
2026-09-08, 10:07:13, 22.25, 22.36, 22.73, 22.68, 9999.0, 9999.0, 9999.0, 23.95, 9999.0, 22.5, 9999.0, 22.64, 22.34, 22.23, 22.25, 22.25
2026-09-08, 10:07:17, 22.25, 22.36, 22.73, 22.68, 9999.0, 9999.0, 9999.0, 23.93, 9999.0, 22.5, 9999.0, 22.66, 22.32, 22.23, 22.25, 22.25
2026-09-08, 10:07:21, 22.25, 22.36, 22.73, 22.68, 9999.0, 9999.0, 9999.0, 23.91, 9999.0, 22.48, 9999.0, 22.68, 22.34, 22.23, 22.25, 22.25
2026-09-08, 10:07:25, 22.25, 22.36, 22.73, 22.68, 9999.0, 9999.0, 9999.0, 23.86, 9999.0, 22.5, 9999.0, 22.7, 22.32, 22.23, 22.25, 22.25
2026-09-08, 10:07:29, 22.25, 22.39, 22.73, 22.7, 9999.0, 9999.0, 9999.0, 23.84, 9999.0, 22.52, 9999.0, 22.7, 22.34, 22.23, 22.25, 22.25
2026-09-08, 10:07:33, 22.25, 22.39, 22.73, 22.7, 9999.0, 9999.0, 9999.0, 23.86, 9999.0, 22.55, 9999.0, 22.7, 22.36, 22.23, 22.25, 22.25
2026-09-08, 10:07:37, 22.25, 22.39, 22.73, 22.68, 9999.0, 9999.0, 9999.0, 23.89, 9999.0, 22.55, 9999.0, 22.68, 22.36, 22.25, 22.25, 22.25
2026-09-08, 10:07:41, 22.25, 22.36, 22.73, 22.68, 9999.0, 9999.0, 9999.0, 23.91, 9999.0, 22.55, 9999.0, 22.66, 22.39, 22.25, 22.25, 22.25
2026-09-08, 10:07:45, 22.25, 22.39, 22.73, 22.68, 9999.0, 9999.0, 9999.0, 23.93, 9999.0, 22.55, 9999.0, 22.64, 22.39, 22.25, 22.25, 22.25
2026-09-08, 10:07:49, 22.25, 22.39, 22.73, 22.68, 9999.0, 9999.0, 9999.0, 23.93, 9999.0, 22.55, 9999.0, 22.61, 22.41, 22.25, 22.25, 22.25
2026-09-08, 10:07:53, 22.25, 22.41, 22.73, 22.66, 9999.0, 9999.0, 9999.0, 23.95, 9999.0, 22.57, 9999.0, 22.59, 22.41, 22.23, 22.25, 22.25
2026-09-08, 10:07:57, 22.25, 22.39, 22.73, 22.66, 9999.0, 9999.0, 9999.0, 23.98, 9999.0, 22.57, 9999.0, 22.57, 22.43, 22.23, 22.25, 22.25
2026-09-08, 10:08:01, 22.25, 22.39, 22.73, 22.68, 9999.0, 9999.0, 9999.0, 24.0, 9999.0, 22.57, 9999.0, 22.55, 22.43, 22.23, 22.25, 22.25
2026-09-08, 10:08:05, 22.25, 22.41, 22.73, 22.68, 9999.0, 9999.0, 9999.0, 24.02, 9999.0, 22.57, 9999.0, 22.52, 22.43, 22.2, 22.25, 22.25
2026-09-08, 10:08:09, 22.25, 22.43, 22.73, 22.68, 9999.0, 9999.0, 9999.0, 24.07, 9999.0, 22.55, 9999.0, 22.5, 22.45, 22.2, 22.25, 22.25
2026-09-08, 10:08:13, 22.25, 22.41, 22.75, 22.68, 9999.0, 9999.0, 9999.0, 24.09, 9999.0, 22.52, 9999.0, 22.5, 22.43, 22.2, 22.25, 22.25
2026-09-08, 10:08:17, 22.25, 22.41, 22.75, 22.68, 9999.0, 9999.0, 9999.0, 24.05, 9999.0, 22.5, 9999.0, 22.5, 22.41, 22.2, 22.25, 22.25
2026-09-08, 10:08:21, 22.25, 22.41, 22.75, 22.7, 9999.0, 9999.0, 9999.0, 24.0, 9999.0, 22.48, 9999.0, 22.52, 22.41, 22.2, 22.25, 22.25
2026-09-08, 10:08:25, 22.25, 22.43, 22.75, 22.7, 9999.0, 9999.0, 9999.0, 23.95, 9999.0, 22.45, 9999.0, 22.55, 22.39, 22.2, 22.25, 22.25
2026-09-08, 10:08:29, 22.25, 22.43, 22.73, 22.7, 9999.0, 9999.0, 9999.0, 23.91, 9999.0, 22.43, 9999.0, 22.57, 22.36, 22.2, 22.25, 22.25
2026-09-08, 10:08:33, 22.25, 22.43, 22.7, 22.7, 9999.0, 9999.0, 9999.0, 23.89, 9999.0, 22.43, 9999.0, 22.59, 22.36, 22.2, 22.25, 22.25
2026-09-08, 10:08:37, 22.25, 22.43, 22.7, 22.7, 9999.0, 9999.0, 9999.0, 23.84, 9999.0, 22.43, 9999.0, 22.61, 22.39, 22.23, 22.25, 22.25
2026-09-08, 10:08:41, 22.25, 22.43, 22.7, 22.73, 9999.0, 9999.0, 9999.0, 23.82, 9999.0, 22.45, 9999.0, 22.64, 22.39, 22.23, 22.25, 22.25
2026-09-08, 10:08:45, 22.25, 22.43, 22.7, 22.73, 9999.0, 9999.0, 9999.0, 23.8, 9999.0, 22.48, 9999.0, 22.64, 22.41, 22.2, 22.25, 22.25
2026-09-08, 10:08:49, 22.25, 22.41, 22.7, 22.73, 9999.0, 9999.0, 9999.0, 23.75, 9999.0, 22.48, 9999.0, 22.64, 22.41, 22.2, 22.25, 22.25
2026-09-08, 10:08:53, 22.25, 22.39, 22.68, 22.73, 9999.0, 9999.0, 9999.0, 23.77, 9999.0, 22.48, 9999.0, 22.64, 22.41, 22.2, 22.25, 22.25
2026-09-08, 10:08:57, 22.25, 22.39, 22.68, 22.7, 9999.0, 9999.0, 9999.0, 23.8, 9999.0, 22.48, 9999.0, 22.64, 22.43, 22.2, 22.25, 22.25
2026-09-08, 10:09:01, 22.25, 22.39, 22.68, 22.7, 9999.0, 9999.0, 9999.0, 23.84, 9999.0, 22.48, 9999.0, 22.64, 22.45, 22.18, 22.25, 22.25
2026-09-08, 10:09:05, 22.25, 22.39, 22.68, 22.7, 9999.0, 9999.0, 9999.0, 23.86, 9999.0, 22.5, 9999.0, 22.61, 22.45, 22.16, 22.25, 22.25
2026-09-08, 10:09:09, 22.25, 22.36, 22.68, 22.7, 9999.0, 9999.0, 9999.0, 23.89, 9999.0, 22.52, 9999.0, 22.59, 22.48, 22.16, 22.25, 22.25
2026-09-08, 10:09:13, 22.25, 22.36, 22.7, 22.7, 9999.0, 9999.0, 9999.0, 23.91, 9999.0, 22.55, 9999.0, 22.57, 22.5, 22.16, 22.25, 22.25
2026-09-08, 10:09:17, 22.25, 22.36, 22.73, 22.7, 9999.0, 9999.0, 9999.0, 23.93, 9999.0, 22.55, 9999.0, 22.55, 22.48, 22.16, 22.25, 22.25
2026-09-08, 10:09:21, 22.25, 22.36, 22.73, 22.73, 9999.0, 9999.0, 9999.0, 23.98, 9999.0, 22.52, 9999.0, 22.52, 22.45, 22.16, 22.25, 22.25
2026-09-08, 10:09:25, 22.25, 22.39, 22.73, 22.7, 9999.0, 9999.0, 9999.0, 24.0, 9999.0, 22.48, 9999.0, 22.5, 22.45, 22.16, 22.25, 22.25
2026-09-08, 10:09:29, 22.25, 22.36, 22.73, 22.7, 9999.0, 9999.0, 9999.0, 24.0, 9999.0, 22.43, 9999.0, 22.5, 22.43, 22.18, 22.25, 22.25
2026-09-08, 10:09:33, 22.25, 22.39, 22.73, 22.7, 9999.0, 9999.0, 9999.0, 24.02, 9999.0, 22.41, 9999.0, 22.5, 22.41, 22.2, 22.25, 22.25
2026-09-08, 10:09:37, 22.25, 22.41, 22.75, 22.7, 9999.0, 9999.0, 9999.0, 23.98, 9999.0, 22.39, 9999.0, 22.52, 22.41, 22.18, 22.25, 22.25
2026-09-08, 10:09:41, 22.25, 22.41, 22.75, 22.73, 9999.0, 9999.0, 9999.0, 23.93, 9999.0, 22.36, 9999.0, 22.55, 22.41, 22.18, 22.25, 22.25
2026-09-08, 10:09:45, 22.25, 22.43, 22.75, 22.73, 9999.0, 9999.0, 9999.0, 23.89, 9999.0, 22.34, 9999.0, 22.57, 22.41, 22.2, 22.25, 22.25
2026-09-08, 10:09:49, 22.25, 22.41, 22.75, 22.7, 9999.0, 9999.0, 9999.0, 23.86, 9999.0, 22.34, 9999.0, 22.59, 22.41, 22.23, 22.25, 22.25
2026-09-08, 10:09:53, 22.25, 22.43, 22.75, 22.7, 9999.0, 9999.0, 9999.0, 23.82, 9999.0, 22.32, 9999.0, 22.61, 22.39, 22.23, 22.25, 22.25
2026-09-08, 10:09:57, 22.25, 22.43, 22.75, 22.68, 9999.0, 9999.0, 9999.0, 23.77, 9999.0, 22.32, 9999.0, 22.64, 22.39, 22.23, 22.25, 22.25
2026-09-08, 10:10:01, 22.25, 22.41, 22.75, 22.66, 9999.0, 9999.0, 9999.0, 23.73, 9999.0, 22.32, 9999.0, 22.66, 22.39, 22.23, 22.25, 22.25
2026-09-08, 10:10:05, 22.25, 22.41, 22.75, 22.64, 9999.0, 9999.0, 9999.0, 23.68, 9999.0, 22.34, 9999.0, 22.68, 22.41, 22.2, 22.25, 22.25
2026-09-08, 10:10:09, 22.25, 22.39, 22.75, 22.64, 9999.0, 9999.0, 9999.0, 23.7, 9999.0, 22.36, 9999.0, 22.68, 22.41, 22.18, 22.25, 22.25
2026-09-08, 10:10:13, 22.25, 22.39, 22.75, 22.64, 9999.0, 9999.0, 9999.0, 23.75, 9999.0, 22.39, 9999.0, 22.68, 22.43, 22.18, 22.25, 22.25
2026-09-08, 10:10:17, 22.25, 22.39, 22.73, 22.61, 9999.0, 9999.0, 9999.0, 23.77, 9999.0, 22.41, 9999.0, 22.68, 22.45, 22.16, 22.25, 22.25
2026-09-08, 10:10:21, 22.25, 22.36, 22.73, 22.61, 9999.0, 9999.0, 9999.0, 23.8, 9999.0, 22.41, 9999.0, 22.66, 22.43, 22.16, 22.25, 22.25
2026-09-08, 10:10:26, 22.25, 22.39, 22.73, 22.61, 9999.0, 9999.0, 9999.0, 23.82, 9999.0, 22.41, 9999.0, 22.64, 22.41, 22.16, 22.25, 22.23
2026-09-08, 10:10:30, 22.25, 22.39, 22.73, 22.61, 9999.0, 9999.0, 9999.0, 23.84, 9999.0, 22.41, 9999.0, 22.61, 22.41, 22.14, 22.25, 22.23
2026-09-08, 10:10:34, 22.25, 22.41, 22.73, 22.64, 9999.0, 9999.0, 9999.0, 23.86, 9999.0, 22.39, 9999.0, 22.59, 22.41, 22.11, 22.25, 22.23
2026-09-08, 10:10:38, 22.25, 22.41, 22.7, 22.64, 9999.0, 9999.0, 9999.0, 23.91, 9999.0, 22.39, 9999.0, 22.57, 22.41, 22.09, 22.25, 22.23
2026-09-08, 10:10:42, 22.25, 22.39, 22.7, 22.64, 9999.0, 9999.0, 9999.0, 23.95, 9999.0, 22.36, 9999.0, 22.55, 22.39, 22.09, 22.25, 22.23
2026-09-08, 10:10:46, 22.25, 22.41, 22.68, 22.66, 9999.0, 9999.0, 9999.0, 24.0, 9999.0, 22.34, 9999.0, 22.52, 22.39, 22.09, 22.25, 22.23
2026-09-08, 10:10:50, 22.25, 22.41, 22.68, 22.68, 9999.0, 9999.0, 9999.0, 24.02, 9999.0, 22.32, 9999.0, 22.5, 22.36, 22.09, 22.25, 22.23
2026-09-08, 10:10:54, 22.25, 22.41, 22.66, 22.7, 9999.0, 9999.0, 9999.0, 23.98, 9999.0, 22.27, 9999.0, 22.5, 22.34, 22.11, 22.25, 22.23
2026-09-08, 10:10:58, 22.25, 22.41, 22.66, 22.7, 9999.0, 9999.0, 9999.0, 23.93, 9999.0, 22.25, 9999.0, 22.52, 22.32, 22.11, 22.25, 22.23
2026-09-08, 10:11:02, 22.25, 22.39, 22.68, 22.73, 9999.0, 9999.0, 9999.0, 23.91, 9999.0, 22.2, 9999.0, 22.55, 22.3, 22.14, 22.25, 22.23
2026-09-08, 10:11:06, 22.25, 22.39, 22.68, 22.73, 9999.0, 9999.0, 9999.0, 23.86, 9999.0, 22.2, 9999.0, 22.57, 22.3, 22.16, 22.25, 22.23
2026-09-08, 10:11:10, 22.25, 22.39, 22.66, 22.73, 9999.0, 9999.0, 9999.0, 23.82, 9999.0, 22.2, 9999.0, 22.59, 22.3, 22.16, 22.25, 22.25
2026-09-08, 10:11:14, 22.25, 22.39, 22.66, 22.73, 9999.0, 9999.0, 9999.0, 23.77, 9999.0, 22.2, 9999.0, 22.61, 22.3, 22.18, 22.25, 22.25
2026-09-08, 10:11:18, 22.25, 22.36, 22.66, 22.7, 9999.0, 9999.0, 9999.0, 23.73, 9999.0, 22.23, 9999.0, 22.64, 22.3, 22.2, 22.25, 22.25
2026-09-08, 10:11:22, 22.25, 22.36, 22.68, 22.68, 9999.0, 9999.0, 9999.0, 23.68, 9999.0, 22.23, 9999.0, 22.66, 22.32, 22.23, 22.25, 22.25
2026-09-08, 10:11:26, 22.25, 22.39, 22.68, 22.68, 9999.0, 9999.0, 9999.0, 23.7, 9999.0, 22.23, 9999.0, 22.66, 22.34, 22.23, 22.25, 22.25
2026-09-08, 10:11:30, 22.25, 22.36, 22.68, 22.68, 9999.0, 9999.0, 9999.0, 23.73, 9999.0, 22.23, 9999.0, 22.66, 22.34, 22.23, 22.25, 22.25
2026-09-08, 10:11:34, 22.25, 22.34, 22.68, 22.66, 9999.0, 9999.0, 9999.0, 23.75, 9999.0, 22.23, 9999.0, 22.66, 22.34, 22.25, 22.25, 22.25
2026-09-08, 10:11:38, 22.25, 22.36, 22.7, 22.66, 9999.0, 9999.0, 9999.0, 23.77, 9999.0, 22.23, 9999.0, 22.66, 22.36, 22.25, 22.25, 22.25
2026-09-08, 10:11:42, 22.25, 22.39, 22.7, 22.66, 9999.0, 9999.0, 9999.0, 23.8, 9999.0, 22.23, 9999.0, 22.64, 22.36, 22.23, 22.25, 22.25
2026-09-08, 10:11:46, 22.25, 22.41, 22.68, 22.66, 9999.0, 9999.0, 9999.0, 23.8, 9999.0, 22.25, 9999.0, 22.61, 22.36, 22.23, 22.25, 22.25
2026-09-08, 10:11:50, 22.23, 22.43, 22.66, 22.66, 9999.0, 9999.0, 9999.0, 23.82, 9999.0, 22.25, 9999.0, 22.59, 22.36, 22.23, 22.25, 22.25
2026-09-08, 10:11:54, 22.23, 22.41, 22.68, 22.64, 9999.0, 9999.0, 9999.0, 23.84, 9999.0, 22.23, 9999.0, 22.57, 22.36, 22.2, 22.25, 22.25
2026-09-08, 10:11:58, 22.23, 22.39, 22.66, 22.64, 9999.0, 9999.0, 9999.0, 23.86, 9999.0, 22.2, 9999.0, 22.55, 22.34, 22.2, 22.25, 22.25
2026-09-08, 10:12:02, 22.23, 22.39, 22.64, 22.64, 9999.0, 9999.0, 9999.0, 23.89, 9999.0, 22.16, 9999.0, 22.52, 22.32, 22.2, 22.25, 22.25
2026-09-08, 10:12:06, 22.23, 22.39, 22.64, 22.64, 9999.0, 9999.0, 9999.0, 23.91, 9999.0, 22.14, 9999.0, 22.5, 22.3, 22.2, 22.25, 22.25
2026-09-08, 10:12:10, 22.23, 22.39, 22.61, 22.66, 9999.0, 9999.0, 9999.0, 23.86, 9999.0, 22.11, 9999.0, 22.5, 22.27, 22.2, 22.25, 22.25
2026-09-08, 10:12:14, 22.23, 22.41, 22.64, 22.66, 9999.0, 9999.0, 9999.0, 23.8, 9999.0, 22.09, 9999.0, 22.52, 22.3, 22.2, 22.25, 22.25
2026-09-08, 10:12:18, 22.23, 22.41, 22.64, 22.68, 9999.0, 9999.0, 9999.0, 23.75, 9999.0, 22.07, 9999.0, 22.55, 22.3, 22.2, 22.25, 22.25
2026-09-08, 10:12:22, 22.23, 22.39, 22.61, 22.68, 9999.0, 9999.0, 9999.0, 23.7, 9999.0, 22.07, 9999.0, 22.57, 22.3, 22.2, 22.25, 22.25
2026-09-08, 10:12:26, 22.23, 22.39, 22.61, 22.66, 9999.0, 9999.0, 9999.0, 23.66, 9999.0, 22.07, 9999.0, 22.59, 22.3, 22.23, 22.25, 22.25
2026-09-08, 10:12:30, 22.23, 22.36, 22.64, 22.64, 9999.0, 9999.0, 9999.0, 23.64, 9999.0, 22.05, 9999.0, 22.61, 22.3, 22.23, 22.25, 22.25
2026-09-08, 10:12:34, 22.25, 22.34, 22.66, 22.61, 9999.0, 9999.0, 9999.0, 23.59, 9999.0, 22.05, 9999.0, 22.64, 22.32, 22.23, 22.25, 22.25
2026-09-08, 10:12:38, 22.25, 22.34, 22.64, 22.64, 9999.0, 9999.0, 9999.0, 23.55, 9999.0, 22.07, 9999.0, 22.66, 22.32, 22.25, 22.25, 22.25
2026-09-08, 10:12:42, 22.25, 22.36, 22.66, 22.61, 9999.0, 9999.0, 9999.0, 23.5, 9999.0, 22.09, 9999.0, 22.68, 22.32, 22.23, 22.25, 22.25
2026-09-08, 10:12:46, 22.25, 22.36, 22.68, 22.61, 9999.0, 9999.0, 9999.0, 23.52, 9999.0, 22.09, 9999.0, 22.7, 22.32, 22.2, 22.25, 22.25
2026-09-08, 10:12:50, 22.25, 22.34, 22.66, 22.64, 9999.0, 9999.0, 9999.0, 23.55, 9999.0, 22.11, 9999.0, 22.7, 22.32, 22.2, 22.25, 22.25
2026-09-08, 10:12:54, 22.25, 22.34, 22.68, 22.64, 9999.0, 9999.0, 9999.0, 23.57, 9999.0, 22.11, 9999.0, 22.7, 22.32, 22.2, 22.25, 22.25
2026-09-08, 10:12:58, 22.25, 22.32, 22.68, 22.64, 9999.0, 9999.0, 9999.0, 23.61, 9999.0, 22.11, 9999.0, 22.68, 22.3, 22.2, 22.25, 22.25
2026-09-08, 10:13:02, 22.25, 22.32, 22.68, 22.61, 9999.0, 9999.0, 9999.0, 23.64, 9999.0, 22.11, 9999.0, 22.66, 22.3, 22.18, 22.25, 22.25
2026-09-08, 10:13:06, 22.25, 22.32, 22.7, 22.61, 9999.0, 9999.0, 9999.0, 23.66, 9999.0, 22.11, 9999.0, 22.64, 22.27, 22.18, 22.25, 22.25
2026-09-08, 10:13:10, 22.25, 22.3, 22.7, 22.64, 9999.0, 9999.0, 9999.0, 23.68, 9999.0, 22.09, 9999.0, 22.61, 22.27, 22.18, 22.25, 22.25
2026-09-08, 10:13:14, 22.25, 22.3, 22.68, 22.66, 9999.0, 9999.0, 9999.0, 23.7, 9999.0, 22.09, 9999.0, 22.59, 22.3, 22.18, 22.25, 22.25
2026-09-08, 10:13:18, 22.25, 22.32, 22.68, 22.68, 9999.0, 9999.0, 9999.0, 23.75, 9999.0, 22.07, 9999.0, 22.57, 22.27, 22.18, 22.25, 22.25
2026-09-08, 10:13:22, 22.25, 22.32, 22.7, 22.68, 9999.0, 9999.0, 9999.0, 23.8, 9999.0, 22.05, 9999.0, 22.55, 22.27, 22.18, 22.25, 22.25
2026-09-08, 10:13:26, 22.25, 22.3, 22.7, 22.68, 9999.0, 9999.0, 9999.0, 23.84, 9999.0, 22.02, 9999.0, 22.55, 22.3, 22.2, 22.25, 22.25
2026-09-08, 10:13:30, 22.25, 22.32, 22.7, 22.68, 9999.0, 9999.0, 9999.0, 23.8, 9999.0, 22.02, 9999.0, 22.55, 22.3, 22.2, 22.25, 22.25
2026-09-08, 10:13:34, 22.25, 22.34, 22.73, 22.68, 9999.0, 9999.0, 9999.0, 23.75, 9999.0, 22.0, 9999.0, 22.57, 22.32, 22.2, 22.25, 22.25
2026-09-08, 10:13:38, 22.25, 22.32, 22.73, 22.68, 9999.0, 9999.0, 9999.0, 23.7, 9999.0, 22.0, 9999.0, 22.59, 22.34, 22.2, 22.25, 22.25
2026-09-08, 10:13:42, 22.25, 22.32, 22.73, 22.68, 9999.0, 9999.0, 9999.0, 23.66, 9999.0, 22.0, 9999.0, 22.61, 22.34, 22.2, 22.25, 22.25
2026-09-08, 10:13:46, 22.25, 22.32, 22.73, 22.7, 9999.0, 9999.0, 9999.0, 23.64, 9999.0, 22.0, 9999.0, 22.64, 22.36, 22.23, 22.25, 22.25
2026-09-08, 10:13:50, 22.25, 22.32, 22.73, 22.68, 9999.0, 9999.0, 9999.0, 23.59, 9999.0, 22.02, 9999.0, 22.66, 22.39, 22.23, 22.25, 22.25
2026-09-08, 10:13:54, 22.25, 22.32, 22.73, 22.68, 9999.0, 9999.0, 9999.0, 23.55, 9999.0, 22.05, 9999.0, 22.68, 22.41, 22.23, 22.25, 22.25
2026-09-08, 10:13:58, 22.25, 22.32, 22.75, 22.66, 9999.0, 9999.0, 9999.0, 23.5, 9999.0, 22.07, 9999.0, 22.7, 22.41, 22.23, 22.25, 22.25
2026-09-08, 10:14:02, 22.25, 22.3, 22.75, 22.66, 9999.0, 9999.0, 9999.0, 23.52, 9999.0, 22.07, 9999.0, 22.73, 22.43, 22.23, 22.25, 22.25
2026-09-08, 10:14:06, 22.25, 22.3, 22.75, 22.66, 9999.0, 9999.0, 9999.0, 23.55, 9999.0, 22.07, 9999.0, 22.73, 22.45, 22.23, 22.25, 22.25
2026-09-08, 10:14:10, 22.25, 22.3, 22.75, 22.68, 9999.0, 9999.0, 9999.0, 23.55, 9999.0, 22.07, 9999.0, 22.7, 22.45, 22.2, 22.25, 22.25
2026-09-08, 10:14:15, 22.25, 22.27, 22.75, 22.7, 9999.0, 9999.0, 9999.0, 23.57, 9999.0, 22.07, 9999.0, 22.68, 22.45, 22.23, 22.25, 22.25
2026-09-08, 10:14:19, 22.25, 22.25, 22.75, 22.7, 9999.0, 9999.0, 9999.0, 23.59, 9999.0, 22.07, 9999.0, 22.66, 22.43, 22.23, 22.25, 22.25
2026-09-08, 10:14:23, 22.25, 22.25, 22.75, 22.7, 9999.0, 9999.0, 9999.0, 23.61, 9999.0, 22.07, 9999.0, 22.64, 22.43, 22.2, 22.25, 22.25
2026-09-08, 10:14:27, 22.25, 22.25, 22.75, 22.7, 9999.0, 9999.0, 9999.0, 23.64, 9999.0, 22.07, 9999.0, 22.61, 22.45, 22.2, 22.25, 22.25
2026-09-08, 10:14:31, 22.25, 22.25, 22.75, 22.7, 9999.0, 9999.0, 9999.0, 23.64, 9999.0, 22.07, 9999.0, 22.59, 22.43, 22.2, 22.25, 22.25
2026-09-08, 10:14:35, 22.25, 22.25, 22.75, 22.73, 9999.0, 9999.0, 9999.0, 23.68, 9999.0, 22.02, 9999.0, 22.57, 22.43, 22.2, 22.25, 22.25
2026-09-08, 10:14:39, 22.25, 22.25, 22.75, 22.73, 9999.0, 9999.0, 9999.0, 23.7, 9999.0, 21.98, 9999.0, 22.57, 22.41, 22.2, 22.25, 22.25
2026-09-08, 10:14:43, 22.25, 22.25, 22.75, 22.73, 9999.0, 9999.0, 9999.0, 23.73, 9999.0, 21.95, 9999.0, 22.57, 22.39, 22.18, 22.25, 22.25
2026-09-08, 10:14:47, 22.25, 22.25, 22.75, 22.73, 9999.0, 9999.0, 9999.0, 23.68, 9999.0, 21.93, 9999.0, 22.57, 22.39, 22.18, 22.25, 22.25
2026-09-08, 10:14:51, 22.25, 22.25, 22.75, 22.73, 9999.0, 9999.0, 9999.0, 23.64, 9999.0, 21.91, 9999.0, 22.59, 22.36, 22.18, 22.25, 22.25
2026-09-08, 10:14:55, 22.25, 22.25, 22.75, 22.73, 9999.0, 9999.0, 9999.0, 23.61, 9999.0, 21.89, 9999.0, 22.61, 22.34, 22.2, 22.25, 22.25
2026-09-08, 10:14:59, 22.25, 22.25, 22.75, 22.73, 9999.0, 9999.0, 9999.0, 23.57, 9999.0, 21.89, 9999.0, 22.64, 22.36, 22.2, 22.25, 22.25
2026-09-08, 10:15:03, 22.25, 22.25, 22.75, 22.73, 9999.0, 9999.0, 9999.0, 23.55, 9999.0, 21.89, 9999.0, 22.66, 22.36, 22.2, 22.25, 22.25
2026-09-08, 10:15:07, 22.25, 22.25, 22.75, 22.73, 9999.0, 9999.0, 9999.0, 23.5, 9999.0, 21.89, 9999.0, 22.68, 22.36, 22.23, 22.25, 22.25
2026-09-08, 10:15:11, 22.25, 22.25, 22.73, 22.73, 9999.0, 9999.0, 9999.0, 23.45, 9999.0, 21.91, 9999.0, 22.7, 22.36, 22.23, 22.25, 22.25
2026-09-08, 10:15:15, 22.25, 22.25, 22.73, 22.7, 9999.0, 9999.0, 9999.0, 23.43, 9999.0, 21.93, 9999.0, 22.73, 22.39, 22.23, 22.25, 22.25
2026-09-08, 10:15:19, 22.25, 22.25, 22.73, 22.7, 9999.0, 9999.0, 9999.0, 23.39, 9999.0, 21.95, 9999.0, 22.75, 22.39, 22.23, 22.25, 22.25
2026-09-08, 10:15:23, 22.25, 22.25, 22.73, 22.7, 9999.0, 9999.0, 9999.0, 23.43, 9999.0, 22.0, 9999.0, 22.75, 22.39, 22.23, 22.25, 22.25
2026-09-08, 10:15:27, 22.25, 22.25, 22.73, 22.73, 9999.0, 9999.0, 9999.0, 23.48, 9999.0, 22.0, 9999.0, 22.75, 22.41, 22.25, 22.25, 22.25
2026-09-08, 10:15:31, 22.25, 22.25, 22.73, 22.73, 9999.0, 9999.0, 9999.0, 23.52, 9999.0, 22.02, 9999.0, 22.73, 22.41, 22.25, 22.25, 22.25
2026-09-08, 10:15:37, 22.25, 22.25, 22.73, 22.73, 9999.0, 9999.0, 9999.0, 23.55, 9999.0, 22.05, 9999.0, 22.7, 22.41, 22.25, 22.25, 22.25
2026-09-08, 10:15:41, 22.25, 22.25, 22.73, 22.73, 9999.0, 9999.0, 9999.0, 23.57, 9999.0, 22.07, 9999.0, 22.68, 22.41, 22.25, 22.25, 22.25
2026-09-08, 10:15:45, 22.25, 22.25, 22.73, 22.73, 9999.0, 9999.0, 9999.0, 23.61, 9999.0, 22.07, 9999.0, 22.66, 22.41, 22.25, 22.25, 22.25
2026-09-08, 10:15:49, 22.25, 22.25, 22.73, 22.73, 9999.0, 9999.0, 9999.0, 23.64, 9999.0, 22.05, 9999.0, 22.64, 22.43, 22.23, 22.25, 22.25
2026-09-08, 10:15:53, 22.25, 22.27, 22.73, 22.73, 9999.0, 9999.0, 9999.0, 23.68, 9999.0, 22.05, 9999.0, 22.61, 22.43, 22.23, 22.25, 22.25
2026-09-08, 10:15:57, 22.25, 22.27, 22.73, 22.73, 9999.0, 9999.0, 9999.0, 23.7, 9999.0, 22.02, 9999.0, 22.59, 22.41, 22.23, 22.25, 22.25
2026-09-08, 10:16:01, 22.25, 22.27, 22.73, 22.75, 9999.0, 9999.0, 9999.0, 23.73, 9999.0, 22.0, 9999.0, 22.59, 22.39, 22.23, 22.25, 22.25
2026-09-08, 10:16:05, 22.25, 22.27, 22.73, 22.75, 9999.0, 9999.0, 9999.0, 23.75, 9999.0, 22.0, 9999.0, 22.57, 22.36, 22.23, 22.25, 22.25
2026-09-08, 10:16:09, 22.25, 22.27, 22.73, 22.75, 9999.0, 9999.0, 9999.0, 23.7, 9999.0, 21.98, 9999.0, 22.57, 22.36, 22.23, 22.25, 22.25
2026-09-08, 10:16:13, 22.25, 22.27, 22.73, 22.75, 9999.0, 9999.0, 9999.0, 23.66, 9999.0, 21.98, 9999.0, 22.57, 22.34, 22.23, 22.25, 22.25
2026-09-08, 10:16:17, 22.25, 22.27, 22.73, 22.75, 9999.0, 9999.0, 9999.0, 23.61, 9999.0, 21.98, 9999.0, 22.59, 22.34, 22.23, 22.25, 22.25
2026-09-08, 10:16:21, 22.25, 22.27, 22.73, 22.75, 9999.0, 9999.0, 9999.0, 23.59, 9999.0, 21.98, 9999.0, 22.61, 22.34, 22.23, 22.25, 22.25
2026-09-08, 10:16:25, 22.25, 22.3, 22.73, 22.75, 9999.0, 9999.0, 9999.0, 23.57, 9999.0, 21.98, 9999.0, 22.64, 22.36, 22.23, 22.25, 22.25
2026-09-08, 10:16:29, 22.25, 22.3, 22.73, 22.75, 9999.0, 9999.0, 9999.0, 23.52, 9999.0, 22.0, 9999.0, 22.66, 22.36, 22.23, 22.25, 22.25
2026-09-08, 10:16:33, 22.25, 22.3, 22.73, 22.73, 9999.0, 9999.0, 9999.0, 23.5, 9999.0, 22.05, 9999.0, 22.68, 22.36, 22.25, 22.25, 22.25
2026-09-08, 10:16:37, 22.25, 22.3, 22.73, 22.73, 9999.0, 9999.0, 9999.0, 23.45, 9999.0, 22.07, 9999.0, 22.7, 22.36, 22.25, 22.25, 22.25
2026-09-08, 10:16:42, 22.25, 22.3, 22.75, 22.73, 9999.0, 9999.0, 9999.0, 23.5, 9999.0, 22.09, 9999.0, 22.7, 22.39, 22.25, 22.25, 22.25
2026-09-08, 10:16:46, 22.25, 22.3, 22.75, 22.73, 9999.0, 9999.0, 9999.0, 23.55, 9999.0, 22.11, 9999.0, 22.7, 22.39, 22.25, 22.25, 22.25
2026-09-08, 10:16:50, 22.25, 22.3, 22.75, 22.73, 9999.0, 9999.0, 9999.0, 23.59, 9999.0, 22.14, 9999.0, 22.7, 22.41, 22.23, 22.25, 22.25
2026-09-08, 10:16:54, 22.25, 22.3, 22.75, 22.73, 9999.0, 9999.0, 9999.0, 23.61, 9999.0, 22.14, 9999.0, 22.68, 22.41, 22.23, 22.25, 22.25
2026-09-08, 10:16:58, 22.25, 22.3, 22.75, 22.73, 9999.0, 9999.0, 9999.0, 23.64, 9999.0, 22.14, 9999.0, 22.66, 22.43, 22.23, 22.25, 22.25
2026-09-08, 10:17:02, 22.25, 22.3, 22.75, 22.73, 9999.0, 9999.0, 9999.0, 23.66, 9999.0, 22.14, 9999.0, 22.64, 22.43, 22.23, 22.25, 22.25
2026-09-08, 10:17:06, 22.25, 22.3, 22.75, 22.73, 9999.0, 9999.0, 9999.0, 23.68, 9999.0, 22.14, 9999.0, 22.61, 22.43, 22.23, 22.25, 22.25
2026-09-08, 10:17:10, 22.25, 22.27, 22.75, 22.73, 9999.0, 9999.0, 9999.0, 23.7, 9999.0, 22.14, 9999.0, 22.59, 22.43, 22.23, 22.25, 22.25
2026-09-08, 10:17:14, 22.25, 22.27, 22.75, 22.73, 9999.0, 9999.0, 9999.0, 23.75, 9999.0, 22.11, 9999.0, 22.57, 22.41, 22.23, 22.25, 22.25
2026-09-08, 10:17:18, 22.25, 22.27, 22.75, 22.75, 9999.0, 9999.0, 9999.0, 23.75, 9999.0, 22.09, 9999.0, 22.57, 22.39, 22.23, 22.25, 22.25
2026-09-08, 10:17:22, 22.25, 22.25, 22.75, 22.75, 9999.0, 9999.0, 9999.0, 23.77, 9999.0, 22.07, 9999.0, 22.57, 22.36, 22.23, 22.25, 22.25
2026-09-08, 10:17:26, 22.25, 22.25, 22.73, 22.75, 9999.0, 9999.0, 9999.0, 23.73, 9999.0, 22.05, 9999.0, 22.59, 22.36, 22.23, 22.25, 22.25
2026-09-08, 10:17:30, 22.25, 22.25, 22.73, 22.75, 9999.0, 9999.0, 9999.0, 23.68, 9999.0, 22.02, 9999.0, 22.59, 22.36, 22.23, 22.25, 22.27
2026-09-08, 10:17:34, 22.25, 22.25, 22.73, 22.75, 9999.0, 9999.0, 9999.0, 23.64, 9999.0, 22.0, 9999.0, 22.61, 22.36, 22.25, 22.25, 22.27
2026-09-08, 10:17:38, 22.25, 22.25, 22.73, 22.75, 9999.0, 9999.0, 9999.0, 23.61, 9999.0, 22.02, 9999.0, 22.64, 22.36, 22.25, 22.25, 22.27
2026-09-08, 10:17:42, 22.25, 22.25, 22.73, 22.75, 9999.0, 9999.0, 9999.0, 23.57, 9999.0, 22.05, 9999.0, 22.66, 22.34, 22.25, 22.25, 22.27
2026-09-08, 10:17:46, 22.25, 22.27, 22.7, 22.75, 9999.0, 9999.0, 9999.0, 23.52, 9999.0, 22.07, 9999.0, 22.66, 22.34, 22.25, 22.25, 22.27
2026-09-08, 10:17:50, 22.25, 22.27, 22.7, 22.75, 9999.0, 9999.0, 9999.0, 23.48, 9999.0, 22.09, 9999.0, 22.68, 22.36, 22.25, 22.25, 22.27
2026-09-08, 10:17:54, 22.25, 22.3, 22.7, 22.75, 9999.0, 9999.0, 9999.0, 23.43, 9999.0, 22.11, 9999.0, 22.7, 22.36, 22.25, 22.25, 22.27
2026-09-08, 10:17:58, 22.25, 22.3, 22.7, 22.75, 9999.0, 9999.0, 9999.0, 23.45, 9999.0, 22.14, 9999.0, 22.7, 22.39, 22.25, 22.25, 22.27
2026-09-08, 10:18:02, 22.25, 22.3, 22.7, 22.75, 9999.0, 9999.0, 9999.0, 23.5, 9999.0, 22.16, 9999.0, 22.68, 22.41, 22.25, 22.25, 22.27
2026-09-08, 10:18:06, 22.25, 22.32, 22.7, 22.75, 9999.0, 9999.0, 9999.0, 23.55, 9999.0, 22.18, 9999.0, 22.66, 22.43, 22.23, 22.25, 22.27
2026-09-08, 10:18:10, 22.25, 22.32, 22.73, 22.75, 9999.0, 9999.0, 9999.0, 23.59, 9999.0, 22.2, 9999.0, 22.64, 22.43, 22.23, 22.25, 22.27
2026-09-08, 10:18:14, 22.25, 22.32, 22.73, 22.75, 9999.0, 9999.0, 9999.0, 23.61, 9999.0, 22.23, 9999.0, 22.61, 22.45, 22.23, 22.25, 22.25
2026-09-08, 10:18:18, 22.25, 22.32, 22.73, 22.75, 9999.0, 9999.0, 9999.0, 23.64, 9999.0, 22.23, 9999.0, 22.59, 22.43, 22.23, 22.25, 22.25
2026-09-08, 10:18:22, 22.25, 22.34, 22.73, 22.75, 9999.0, 9999.0, 9999.0, 23.66, 9999.0, 22.2, 9999.0, 22.57, 22.43, 22.23, 22.25, 22.25
2026-09-08, 10:18:26, 22.25, 22.34, 22.73, 22.75, 9999.0, 9999.0, 9999.0, 23.68, 9999.0, 22.2, 9999.0, 22.55, 22.45, 22.23, 22.25, 22.25
2026-09-08, 10:18:30, 22.25, 22.32, 22.73, 22.75, 9999.0, 9999.0, 9999.0, 23.73, 9999.0, 22.2, 9999.0, 22.55, 22.45, 22.23, 22.25, 22.25
2026-09-08, 10:18:34, 22.25, 22.32, 22.73, 22.75, 9999.0, 9999.0, 9999.0, 23.75, 9999.0, 22.18, 9999.0, 22.55, 22.45, 22.23, 22.25, 22.25
2026-09-08, 10:18:38, 22.25, 22.3, 22.73, 22.75, 9999.0, 9999.0, 9999.0, 23.8, 9999.0, 22.16, 9999.0, 22.55, 22.43, 22.23, 22.25, 22.25
2026-09-08, 10:18:42, 22.25, 22.3, 22.73, 22.73, 9999.0, 9999.0, 9999.0, 23.75, 9999.0, 22.14, 9999.0, 22.57, 22.41, 22.23, 22.25, 22.25
2026-09-08, 10:18:46, 22.25, 22.3, 22.7, 22.73, 9999.0, 9999.0, 9999.0, 23.7, 9999.0, 22.11, 9999.0, 22.59, 22.41, 22.23, 22.25, 22.25
2026-09-08, 10:18:50, 22.25, 22.27, 22.7, 22.73, 9999.0, 9999.0, 9999.0, 23.66, 9999.0, 22.09, 9999.0, 22.61, 22.41, 22.23, 22.25, 22.25
2026-09-08, 10:18:54, 22.25, 22.27, 22.7, 22.73, 9999.0, 9999.0, 9999.0, 23.61, 9999.0, 22.09, 9999.0, 22.64, 22.41, 22.23, 22.25, 22.25
2026-09-08, 10:18:58, 22.25, 22.3, 22.7, 22.73, 9999.0, 9999.0, 9999.0, 23.59, 9999.0, 22.09, 9999.0, 22.66, 22.39, 22.23, 22.25, 22.25
2026-09-08, 10:19:02, 22.25, 22.32, 22.7, 22.73, 9999.0, 9999.0, 9999.0, 23.55, 9999.0, 22.11, 9999.0, 22.68, 22.39, 22.23, 22.25, 22.25
2026-09-08, 10:19:06, 22.25, 22.32, 22.68, 22.73, 9999.0, 9999.0, 9999.0, 23.5, 9999.0, 22.14, 9999.0, 22.7, 22.41, 22.23, 22.25, 22.25
2026-09-08, 10:19:10, 22.25, 22.34, 22.68, 22.73, 9999.0, 9999.0, 9999.0, 23.48, 9999.0, 22.14, 9999.0, 22.73, 22.41, 22.23, 22.25, 22.25
2026-09-08, 10:19:14, 22.25, 22.36, 22.7, 22.73, 9999.0, 9999.0, 9999.0, 23.43, 9999.0, 22.14, 9999.0, 22.75, 22.41, 22.2, 22.25, 22.25
2026-09-08, 10:19:18, 22.25, 22.39, 22.68, 22.73, 9999.0, 9999.0, 9999.0, 23.48, 9999.0, 22.18, 9999.0, 22.73, 22.41, 22.2, 22.25, 22.25
2026-09-08, 10:19:22, 22.25, 22.39, 22.68, 22.73, 9999.0, 9999.0, 9999.0, 23.5, 9999.0, 22.2, 9999.0, 22.7, 22.43, 22.2, 22.25, 22.25
2026-09-08, 10:19:26, 22.25, 22.41, 22.66, 22.75, 9999.0, 9999.0, 9999.0, 23.52, 9999.0, 22.23, 9999.0, 22.68, 22.45, 22.2, 22.25, 22.25
2026-09-08, 10:19:30, 22.23, 22.43, 22.68, 22.75, 9999.0, 9999.0, 9999.0, 23.55, 9999.0, 22.25, 9999.0, 22.66, 22.45, 22.2, 22.25, 22.25
2026-09-08, 10:19:34, 22.2, 22.45, 22.68, 22.75, 9999.0, 9999.0, 9999.0, 23.57, 9999.0, 22.27, 9999.0, 22.64, 22.45, 22.23, 22.25, 22.25
2026-09-08, 10:19:38, 22.2, 22.48, 22.68, 22.75, 9999.0, 9999.0, 9999.0, 23.59, 9999.0, 22.27, 9999.0, 22.61, 22.43, 22.23, 22.25, 22.25
2026-09-08, 10:19:42, 22.2, 22.45, 22.68, 22.75, 9999.0, 9999.0, 9999.0, 23.61, 9999.0, 22.27, 9999.0, 22.59, 22.43, 22.23, 22.25, 22.25
2026-09-08, 10:19:46, 22.2, 22.43, 22.68, 22.75, 9999.0, 9999.0, 9999.0, 23.66, 9999.0, 22.25, 9999.0, 22.57, 22.43, 22.23, 22.25, 22.25
2026-09-08, 10:19:50, 22.2, 22.41, 22.7, 22.75, 9999.0, 9999.0, 9999.0, 23.7, 9999.0, 22.23, 9999.0, 22.55, 22.41, 22.23, 22.25, 22.25
2026-09-08, 10:19:54, 22.2, 22.39, 22.7, 22.75, 9999.0, 9999.0, 9999.0, 23.75, 9999.0, 22.2, 9999.0, 22.52, 22.39, 22.23, 22.25, 22.25
2026-09-08, 10:19:58, 22.2, 22.36, 22.7, 22.75, 9999.0, 9999.0, 9999.0, 23.77, 9999.0, 22.18, 9999.0, 22.52, 22.36, 22.25, 22.25, 22.25
2026-09-08, 10:20:02, 22.2, 22.36, 22.73, 22.75, 9999.0, 9999.0, 9999.0, 23.73, 9999.0, 22.14, 9999.0, 22.55, 22.36, 22.25, 22.25, 22.25
2026-09-08, 10:20:06, 22.2, 22.36, 22.73, 22.75, 9999.0, 9999.0, 9999.0, 23.68, 9999.0, 22.11, 9999.0, 22.57, 22.34, 22.25, 22.25, 22.27
2026-09-08, 10:20:10, 22.2, 22.34, 22.75, 22.75, 9999.0, 9999.0, 9999.0, 23.66, 9999.0, 22.09, 9999.0, 22.59, 22.34, 22.25, 22.25, 22.27
2026-09-08, 10:20:14, 22.23, 22.34, 22.75, 22.75, 9999.0, 9999.0, 9999.0, 23.64, 9999.0, 22.09, 9999.0, 22.61, 22.32, 22.25, 22.25, 22.27
2026-09-08, 10:20:18, 22.25, 22.32, 22.75, 22.75, 9999.0, 9999.0, 9999.0, 23.61, 9999.0, 22.09, 9999.0, 22.64, 22.32, 22.25, 22.25, 22.27
2026-09-08, 10:20:22, 22.25, 22.3, 22.75, 22.75, 9999.0, 9999.0, 9999.0, 23.59, 9999.0, 22.11, 9999.0, 22.66, 22.34, 22.25, 22.25, 22.27
2026-09-08, 10:20:27, 22.25, 22.3, 22.75, 22.75, 9999.0, 9999.0, 9999.0, 23.57, 9999.0, 22.14, 9999.0, 22.68, 22.36, 22.25, 22.25, 22.27
2026-09-08, 10:20:31, 22.25, 22.3, 22.73, 22.73, 9999.0, 9999.0, 9999.0, 23.55, 9999.0, 22.18, 9999.0, 22.7, 22.39, 22.25, 22.25, 22.27
2026-09-08, 10:20:35, 22.25, 22.3, 22.73, 22.73, 9999.0, 9999.0, 9999.0, 23.57, 9999.0, 22.23, 9999.0, 22.73, 22.41, 22.25, 22.25, 22.27
2026-09-08, 10:20:39, 22.25, 22.3, 22.73, 22.73, 9999.0, 9999.0, 9999.0, 23.59, 9999.0, 22.25, 9999.0, 22.73, 22.43, 22.25, 22.25, 22.27
2026-09-08, 10:20:43, 22.25, 22.3, 22.73, 22.7, 9999.0, 9999.0, 9999.0, 23.64, 9999.0, 22.27, 9999.0, 22.7, 22.43, 22.25, 22.25, 22.27
2026-09-08, 10:20:47, 22.25, 22.27, 22.73, 22.7, 9999.0, 9999.0, 9999.0, 23.68, 9999.0, 22.3, 9999.0, 22.68, 22.41, 22.25, 22.25, 22.27
2026-09-08, 10:20:51, 22.25, 22.27, 22.73, 22.7, 9999.0, 9999.0, 9999.0, 23.73, 9999.0, 22.32, 9999.0, 22.66, 22.41, 22.25, 22.25, 22.25
2026-09-08, 10:20:55, 22.25, 22.27, 22.73, 22.7, 9999.0, 9999.0, 9999.0, 23.75, 9999.0, 22.34, 9999.0, 22.64, 22.39, 22.25, 22.25, 22.25
2026-09-08, 10:20:59, 22.25, 22.25, 22.7, 22.7, 9999.0, 9999.0, 9999.0, 23.77, 9999.0, 22.34, 9999.0, 22.61, 22.39, 22.25, 22.25, 22.25
2026-09-08, 10:21:03, 22.25, 22.25, 22.7, 22.68, 9999.0, 9999.0, 9999.0, 23.8, 9999.0, 22.34, 9999.0, 22.59, 22.36, 22.25, 22.25, 22.25
2026-09-08, 10:21:07, 22.25, 22.25, 22.7, 22.68, 9999.0, 9999.0, 9999.0, 23.82, 9999.0, 22.32, 9999.0, 22.57, 22.34, 22.25, 22.25, 22.25
2026-09-08, 10:21:11, 22.25, 22.25, 22.7, 22.68, 9999.0, 9999.0, 9999.0, 23.84, 9999.0, 22.3, 9999.0, 22.55, 22.32, 22.25, 22.25, 22.25
2026-09-08, 10:21:15, 22.23, 22.25, 22.73, 22.7, 9999.0, 9999.0, 9999.0, 23.86, 9999.0, 22.27, 9999.0, 22.52, 22.3, 22.25, 22.25, 22.25
2026-09-08, 10:21:19, 22.23, 22.25, 22.73, 22.7, 9999.0, 9999.0, 9999.0, 23.84, 9999.0, 22.25, 9999.0, 22.52, 22.27, 22.25, 22.25, 22.25
2026-09-08, 10:21:23, 22.23, 22.25, 22.73, 22.7, 9999.0, 9999.0, 9999.0, 23.82, 9999.0, 22.25, 9999.0, 22.55, 22.25, 22.25, 22.25, 22.25
2026-09-08, 10:21:27, 22.23, 22.25, 22.73, 22.73, 9999.0, 9999.0, 9999.0, 23.77, 9999.0, 22.25, 9999.0, 22.57, 22.27, 22.25, 22.25, 22.25
2026-09-08, 10:21:31, 22.23, 22.25, 22.73, 22.73, 9999.0, 9999.0, 9999.0, 23.75, 9999.0, 22.27, 9999.0, 22.59, 22.27, 22.25, 22.25, 22.25
2026-09-08, 10:21:35, 22.23, 22.27, 22.7, 22.73, 9999.0, 9999.0, 9999.0, 23.7, 9999.0, 22.3, 9999.0, 22.61, 22.3, 22.25, 22.25, 22.25
2026-09-08, 10:21:39, 22.23, 22.27, 22.7, 22.73, 9999.0, 9999.0, 9999.0, 23.68, 9999.0, 22.32, 9999.0, 22.64, 22.32, 22.25, 22.25, 22.25
2026-09-08, 10:21:43, 22.23, 22.27, 22.7, 22.73, 9999.0, 9999.0, 9999.0, 23.66, 9999.0, 22.34, 9999.0, 22.66, 22.34, 22.25, 22.25, 22.25
2026-09-08, 10:21:47, 22.23, 22.27, 22.68, 22.75, 9999.0, 9999.0, 9999.0, 23.64, 9999.0, 22.36, 9999.0, 22.66, 22.36, 22.23, 22.25, 22.25
2026-09-08, 10:21:51, 22.23, 22.3, 22.68, 22.73, 9999.0, 9999.0, 9999.0, 23.68, 9999.0, 22.39, 9999.0, 22.66, 22.39, 22.2, 22.25, 22.25
2026-09-08, 10:21:55, 22.23, 22.3, 22.68, 22.73, 9999.0, 9999.0, 9999.0, 23.7, 9999.0, 22.41, 9999.0, 22.66, 22.39, 22.2, 22.25, 22.25
2026-09-08, 10:21:59, 22.25, 22.3, 22.68, 22.73, 9999.0, 9999.0, 9999.0, 23.73, 9999.0, 22.43, 9999.0, 22.66, 22.41, 22.2, 22.25, 22.25
2026-09-08, 10:22:03, 22.25, 22.3, 22.68, 22.73, 9999.0, 9999.0, 9999.0, 23.75, 9999.0, 22.45, 9999.0, 22.64, 22.43, 22.2, 22.25, 22.25
2026-09-08, 10:22:07, 22.25, 22.3, 22.68, 22.73, 9999.0, 9999.0, 9999.0, 23.77, 9999.0, 22.48, 9999.0, 22.61, 22.45, 22.2, 22.25, 22.25
2026-09-08, 10:22:11, 22.25, 22.3, 22.68, 22.73, 9999.0, 9999.0, 9999.0, 23.8, 9999.0, 22.5, 9999.0, 22.59, 22.43, 22.2, 22.25, 22.25
2026-09-08, 10:22:15, 22.25, 22.3, 22.68, 22.7, 9999.0, 9999.0, 9999.0, 23.8, 9999.0, 22.5, 9999.0, 22.57, 22.43, 22.2, 22.25, 22.25
2026-09-08, 10:22:19, 22.25, 22.27, 22.7, 22.7, 9999.0, 9999.0, 9999.0, 23.82, 9999.0, 22.48, 9999.0, 22.55, 22.41, 22.2, 22.25, 22.25
2026-09-08, 10:22:23, 22.25, 22.27, 22.7, 22.68, 9999.0, 9999.0, 9999.0, 23.84, 9999.0, 22.48, 9999.0, 22.52, 22.39, 22.2, 22.25, 22.25
2026-09-08, 10:22:27, 22.25, 22.27, 22.7, 22.68, 9999.0, 9999.0, 9999.0, 23.86, 9999.0, 22.45, 9999.0, 22.5, 22.36, 22.2, 22.25, 22.25
2026-09-08, 10:22:31, 22.25, 22.27, 22.7, 22.68, 9999.0, 9999.0, 9999.0, 23.89, 9999.0, 22.43, 9999.0, 22.5, 22.36, 22.23, 22.25, 22.25
2026-09-08, 10:22:35, 22.25, 22.25, 22.7, 22.68, 9999.0, 9999.0, 9999.0, 23.84, 9999.0, 22.43, 9999.0, 22.5, 22.34, 22.25, 22.25, 22.25
2026-09-08, 10:22:39, 22.25, 22.27, 22.7, 22.68, 9999.0, 9999.0, 9999.0, 23.82, 9999.0, 22.41, 9999.0, 22.52, 22.36, 22.25, 22.25, 22.25
2026-09-08, 10:22:43, 22.25, 22.3, 22.68, 22.68, 9999.0, 9999.0, 9999.0, 23.77, 9999.0, 22.39, 9999.0, 22.55, 22.36, 22.25, 22.25, 22.25
2026-09-08, 10:22:47, 22.25, 22.32, 22.66, 22.68, 9999.0, 9999.0, 9999.0, 23.73, 9999.0, 22.39, 9999.0, 22.57, 22.34, 22.25, 22.25, 22.25
2026-09-08, 10:22:51, 22.25, 22.32, 22.66, 22.68, 9999.0, 9999.0, 9999.0, 23.68, 9999.0, 22.39, 9999.0, 22.59, 22.34, 22.25, 22.25, 22.25
2026-09-08, 10:22:55, 22.25, 22.34, 22.66, 22.68, 9999.0, 9999.0, 9999.0, 23.66, 9999.0, 22.39, 9999.0, 22.61, 22.36, 22.25, 22.25, 22.25
2026-09-08, 10:22:59, 22.25, 22.36, 22.66, 22.7, 9999.0, 9999.0, 9999.0, 23.64, 9999.0, 22.41, 9999.0, 22.64, 22.39, 22.25, 22.25, 22.25
2026-09-08, 10:23:03, 22.25, 22.36, 22.66, 22.7, 9999.0, 9999.0, 9999.0, 23.61, 9999.0, 22.45, 9999.0, 22.66, 22.41, 22.25, 22.25, 22.25
2026-09-08, 10:23:07, 22.25, 22.36, 22.64, 22.73, 9999.0, 9999.0, 9999.0, 23.59, 9999.0, 22.48, 9999.0, 22.66, 22.43, 22.23, 22.25, 22.25
2026-09-08, 10:23:11, 22.25, 22.36, 22.64, 22.73, 9999.0, 9999.0, 9999.0, 23.64, 9999.0, 22.5, 9999.0, 22.66, 22.45, 22.2, 22.25, 22.25
2026-09-08, 10:23:15, 22.25, 22.36, 22.66, 22.73, 9999.0, 9999.0, 9999.0, 23.66, 9999.0, 22.52, 9999.0, 22.66, 22.45, 22.18, 22.25, 22.25
2026-09-08, 10:23:19, 22.25, 22.36, 22.64, 22.73, 9999.0, 9999.0, 9999.0, 23.68, 9999.0, 22.52, 9999.0, 22.66, 22.48, 22.18, 22.25, 22.25
2026-09-08, 10:23:23, 22.25, 22.34, 22.64, 22.7, 9999.0, 9999.0, 9999.0, 23.7, 9999.0, 22.55, 9999.0, 22.64, 22.48, 22.18, 22.25, 22.25
2026-09-08, 10:23:27, 22.25, 22.32, 22.66, 22.7, 9999.0, 9999.0, 9999.0, 23.75, 9999.0, 22.57, 9999.0, 22.61, 22.48, 22.18, 22.25, 22.25
2026-09-08, 10:23:31, 22.25, 22.3, 22.68, 22.7, 9999.0, 9999.0, 9999.0, 23.77, 9999.0, 22.57, 9999.0, 22.59, 22.5, 22.18, 22.25, 22.25
2026-09-08, 10:23:35, 22.25, 22.3, 22.68, 22.7, 9999.0, 9999.0, 9999.0, 23.8, 9999.0, 22.57, 9999.0, 22.57, 22.48, 22.18, 22.25, 22.25
2026-09-08, 10:23:39, 22.25, 22.27, 22.68, 22.7, 9999.0, 9999.0, 9999.0, 23.82, 9999.0, 22.57, 9999.0, 22.55, 22.48, 22.18, 22.25, 22.25
2026-09-08, 10:23:43, 22.25, 22.25, 22.68, 22.7, 9999.0, 9999.0, 9999.0, 23.84, 9999.0, 22.55, 9999.0, 22.52, 22.48, 22.18, 22.25, 22.25
2026-09-08, 10:23:47, 22.25, 22.25, 22.68, 22.7, 9999.0, 9999.0, 9999.0, 23.86, 9999.0, 22.52, 9999.0, 22.52, 22.45, 22.18, 22.25, 22.25
2026-09-08, 10:23:51, 22.25, 22.25, 22.7, 22.68, 9999.0, 9999.0, 9999.0, 23.89, 9999.0, 22.5, 9999.0, 22.55, 22.43, 22.2, 22.25, 22.25
2026-09-08, 10:23:55, 22.25, 22.25, 22.73, 22.66, 9999.0, 9999.0, 9999.0, 23.84, 9999.0, 22.5, 9999.0, 22.57, 22.43, 22.23, 22.25, 22.25
2026-09-08, 10:23:59, 22.25, 22.25, 22.73, 22.64, 9999.0, 9999.0, 9999.0, 23.82, 9999.0, 22.48, 9999.0, 22.59, 22.43, 22.25, 22.25, 22.25
2026-09-08, 10:24:03, 22.25, 22.25, 22.75, 22.64, 9999.0, 9999.0, 9999.0, 23.77, 9999.0, 22.48, 9999.0, 22.61, 22.43, 22.25, 22.25, 22.25
2026-09-08, 10:24:08, 22.25, 22.25, 22.75, 22.66, 9999.0, 9999.0, 9999.0, 23.73, 9999.0, 22.5, 9999.0, 22.64, 22.43, 22.25, 22.25, 22.25
2026-09-08, 10:24:12, 22.25, 22.25, 22.75, 22.66, 9999.0, 9999.0, 9999.0, 23.68, 9999.0, 22.5, 9999.0, 22.66, 22.43, 22.25, 22.25, 22.25
2026-09-08, 10:24:16, 22.25, 22.25, 22.75, 22.66, 9999.0, 9999.0, 9999.0, 23.66, 9999.0, 22.52, 9999.0, 22.68, 22.43, 22.25, 22.25, 22.25
2026-09-08, 10:24:20, 22.25, 22.25, 22.75, 22.64, 9999.0, 9999.0, 9999.0, 23.64, 9999.0, 22.55, 9999.0, 22.68, 22.45, 22.25, 22.25, 22.25
2026-09-08, 10:24:24, 22.25, 22.25, 22.75, 22.61, 9999.0, 9999.0, 9999.0, 23.61, 9999.0, 22.57, 9999.0, 22.68, 22.45, 22.25, 22.25, 22.25
2026-09-08, 10:24:28, 22.25, 22.25, 22.75, 22.61, 9999.0, 9999.0, 9999.0, 23.66, 9999.0, 22.59, 9999.0, 22.68, 22.45, 22.25, 22.25, 22.25
2026-09-08, 10:24:32, 22.25, 22.27, 22.75, 22.61, 9999.0, 9999.0, 9999.0, 23.7, 9999.0, 22.59, 9999.0, 22.66, 22.48, 22.25, 22.25, 22.25
2026-09-08, 10:24:36, 22.25, 22.3, 22.75, 22.61, 9999.0, 9999.0, 9999.0, 23.73, 9999.0, 22.59, 9999.0, 22.64, 22.5, 22.25, 22.25, 22.25
2026-09-08, 10:24:40, 22.25, 22.3, 22.75, 22.61, 9999.0, 9999.0, 9999.0, 23.75, 9999.0, 22.59, 9999.0, 22.61, 22.48, 22.25, 22.25, 22.25
2026-09-08, 10:24:44, 22.25, 22.32, 22.75, 22.64, 9999.0, 9999.0, 9999.0, 23.77, 9999.0, 22.61, 9999.0, 22.59, 22.48, 22.25, 22.25, 22.25
2026-09-08, 10:24:48, 22.25, 22.32, 22.75, 22.66, 9999.0, 9999.0, 9999.0, 23.82, 9999.0, 22.61, 9999.0, 22.57, 22.45, 22.25, 22.25, 22.25
2026-09-08, 10:24:52, 22.25, 22.32, 22.75, 22.66, 9999.0, 9999.0, 9999.0, 23.86, 9999.0, 22.59, 9999.0, 22.55, 22.43, 22.25, 22.25, 22.25
2026-09-08, 10:24:56, 22.25, 22.32, 22.75, 22.64, 9999.0, 9999.0, 9999.0, 23.91, 9999.0, 22.59, 9999.0, 22.52, 22.41, 22.25, 22.25, 22.25
2026-09-08, 10:25:00, 22.25, 22.32, 22.73, 22.64, 9999.0, 9999.0, 9999.0, 23.93, 9999.0, 22.57, 9999.0, 22.5, 22.39, 22.25, 22.25, 22.25
2026-09-08, 10:25:04, 22.25, 22.32, 22.73, 22.66, 9999.0, 9999.0, 9999.0, 23.95, 9999.0, 22.55, 9999.0, 22.52, 22.36, 22.25, 22.25, 22.25
2026-09-08, 10:25:08, 22.25, 22.32, 22.73, 22.68, 9999.0, 9999.0, 9999.0, 23.98, 9999.0, 22.52, 9999.0, 22.52, 22.36, 22.25, 22.25, 22.25
2026-09-08, 10:25:12, 22.25, 22.32, 22.73, 22.68, 9999.0, 9999.0, 9999.0, 23.93, 9999.0, 22.5, 9999.0, 22.55, 22.36, 22.25, 22.25, 22.25
2026-09-08, 10:25:16, 22.25, 22.3, 22.73, 22.68, 9999.0, 9999.0, 9999.0, 23.89, 9999.0, 22.5, 9999.0, 22.57, 22.36, 22.25, 22.25, 22.25
2026-09-08, 10:25:20, 22.25, 22.27, 22.73, 22.7, 9999.0, 9999.0, 9999.0, 23.86, 9999.0, 22.5, 9999.0, 22.59, 22.34, 22.25, 22.25, 22.25
2026-09-08, 10:25:24, 22.25, 22.3, 22.73, 22.73, 9999.0, 9999.0, 9999.0, 23.84, 9999.0, 22.52, 9999.0, 22.61, 22.34, 22.25, 22.25, 22.25
2026-09-08, 10:25:28, 22.25, 22.27, 22.73, 22.7, 9999.0, 9999.0, 9999.0, 23.8, 9999.0, 22.55, 9999.0, 22.64, 22.34, 22.25, 22.25, 22.25
2026-09-08, 10:25:32, 22.25, 22.27, 22.73, 22.7, 9999.0, 9999.0, 9999.0, 23.75, 9999.0, 22.57, 9999.0, 22.66, 22.36, 22.25, 22.25, 22.25
2026-09-08, 10:25:36, 22.25, 22.27, 22.7, 22.68, 9999.0, 9999.0, 9999.0, 23.7, 9999.0, 22.59, 9999.0, 22.66, 22.39, 22.25, 22.25, 22.25
2026-09-08, 10:25:40, 22.25, 22.27, 22.7, 22.7, 9999.0, 9999.0, 9999.0, 23.66, 9999.0, 22.61, 9999.0, 22.66, 22.41, 22.25, 22.25, 22.25
2026-09-08, 10:25:44, 22.25, 22.3, 22.7, 22.7, 9999.0, 9999.0, 9999.0, 23.7, 9999.0, 22.64, 9999.0, 22.68, 22.41, 22.25, 22.25, 22.25
2026-09-08, 10:25:48, 22.25, 22.32, 22.7, 22.7, 9999.0, 9999.0, 9999.0, 23.75, 9999.0, 22.66, 9999.0, 22.66, 22.43, 22.25, 22.25, 22.25
2026-09-08, 10:25:52, 22.25, 22.34, 22.68, 22.7, 9999.0, 9999.0, 9999.0, 23.77, 9999.0, 22.66, 9999.0, 22.66, 22.43, 22.25, 22.25, 22.25
2026-09-08, 10:25:56, 22.25, 22.34, 22.68, 22.7, 9999.0, 9999.0, 9999.0, 23.8, 9999.0, 22.66, 9999.0, 22.64, 22.41, 22.25, 22.25, 22.25
2026-09-08, 10:26:00, 22.25, 22.34, 22.68, 22.7, 9999.0, 9999.0, 9999.0, 23.82, 9999.0, 22.66, 9999.0, 22.61, 22.41, 22.25, 22.25, 22.25
2026-09-08, 10:26:04, 22.25, 22.34, 22.68, 22.68, 9999.0, 9999.0, 9999.0, 23.84, 9999.0, 22.66, 9999.0, 22.59, 22.43, 22.25, 22.25, 22.25
2026-09-08, 10:26:08, 22.25, 22.32, 22.68, 22.66, 9999.0, 9999.0, 9999.0, 23.86, 9999.0, 22.64, 9999.0, 22.57, 22.45, 22.25, 22.25, 22.25
2026-09-08, 10:26:12, 22.25, 22.34, 22.68, 22.68, 9999.0, 9999.0, 9999.0, 23.89, 9999.0, 22.61, 9999.0, 22.55, 22.43, 22.25, 22.25, 22.25
2026-09-08, 10:26:16, 22.25, 22.36, 22.66, 22.66, 9999.0, 9999.0, 9999.0, 23.93, 9999.0, 22.59, 9999.0, 22.52, 22.41, 22.25, 22.25, 22.25
2026-09-08, 10:26:20, 22.25, 22.36, 22.68, 22.66, 9999.0, 9999.0, 9999.0, 23.98, 9999.0, 22.57, 9999.0, 22.52, 22.39, 22.25, 22.25, 22.25
2026-09-08, 10:26:24, 22.25, 22.36, 22.68, 22.64, 9999.0, 9999.0, 9999.0, 24.02, 9999.0, 22.55, 9999.0, 22.52, 22.36, 22.23, 22.25, 22.25
2026-09-08, 10:26:28, 22.25, 22.34, 22.7, 22.64, 9999.0, 9999.0, 9999.0, 23.98, 9999.0, 22.52, 9999.0, 22.5, 22.36, 22.23, 22.25, 22.25
2026-09-08, 10:26:32, 22.25, 22.32, 22.7, 22.64, 9999.0, 9999.0, 9999.0, 23.93, 9999.0, 22.5, 9999.0, 22.52, 22.36, 22.23, 22.25, 22.25
2026-09-08, 10:26:36, 22.25, 22.3, 22.73, 22.64, 9999.0, 9999.0, 9999.0, 23.89, 9999.0, 22.5, 9999.0, 22.55, 22.36, 22.23, 22.25, 22.25
2026-09-08, 10:26:40, 22.25, 22.3, 22.73, 22.64, 9999.0, 9999.0, 9999.0, 23.84, 9999.0, 22.5, 9999.0, 22.57, 22.36, 22.23, 22.25, 22.25
2026-09-08, 10:26:44, 22.25, 22.3, 22.73, 22.64, 9999.0, 9999.0, 9999.0, 23.8, 9999.0, 22.5, 9999.0, 22.59, 22.34, 22.23, 22.25, 22.25
2026-09-08, 10:26:48, 22.25, 22.3, 22.73, 22.66, 9999.0, 9999.0, 9999.0, 23.75, 9999.0, 22.5, 9999.0, 22.61, 22.34, 22.23, 22.25, 22.25
2026-09-08, 10:26:52, 22.25, 22.32, 22.7, 22.68, 9999.0, 9999.0, 9999.0, 23.7, 9999.0, 22.52, 9999.0, 22.64, 22.32, 22.23, 22.25, 22.25
2026-09-08, 10:26:56, 22.25, 22.32, 22.7, 22.66, 9999.0, 9999.0, 9999.0, 23.68, 9999.0, 22.55, 9999.0, 22.64, 22.34, 22.23, 22.25, 22.25
2026-09-08, 10:27:00, 22.25, 22.3, 22.73, 22.66, 9999.0, 9999.0, 9999.0, 23.7, 9999.0, 22.57, 9999.0, 22.64, 22.36, 22.23, 22.25, 22.25
2026-09-08, 10:27:04, 22.25, 22.32, 22.73, 22.66, 9999.0, 9999.0, 9999.0, 23.73, 9999.0, 22.57, 9999.0, 22.64, 22.39, 22.23, 22.25, 22.25
2026-09-08, 10:27:08, 22.25, 22.32, 22.73, 22.66, 9999.0, 9999.0, 9999.0, 23.75, 9999.0, 22.57, 9999.0, 22.66, 22.41, 22.25, 22.25, 22.25
2026-09-08, 10:27:12, 22.25, 22.32, 22.7, 22.64, 9999.0, 9999.0, 9999.0, 23.77, 9999.0, 22.57, 9999.0, 22.66, 22.41, 22.25, 22.25, 22.25
2026-09-08, 10:27:16, 22.25, 22.32, 22.7, 22.64, 9999.0, 9999.0, 9999.0, 23.8, 9999.0, 22.57, 9999.0, 22.64, 22.39, 22.25, 22.25, 22.25
2026-09-08, 10:27:20, 22.25, 22.32, 22.7, 22.61, 9999.0, 9999.0, 9999.0, 23.84, 9999.0, 22.57, 9999.0, 22.61, 22.36, 22.25, 22.25, 22.25
2026-09-08, 10:27:24, 22.25, 22.32, 22.7, 22.59, 9999.0, 9999.0, 9999.0, 23.89, 9999.0, 22.57, 9999.0, 22.59, 22.36, 22.25, 22.25, 22.25
2026-09-08, 10:27:28, 22.25, 22.32, 22.7, 22.57, 9999.0, 9999.0, 9999.0, 23.91, 9999.0, 22.57, 9999.0, 22.57, 22.39, 22.25, 22.25, 22.25
2026-09-08, 10:27:32, 22.25, 22.32, 22.7, 22.57, 9999.0, 9999.0, 9999.0, 23.95, 9999.0, 22.57, 9999.0, 22.55, 22.36, 22.25, 22.25, 22.25
2026-09-08, 10:27:36, 22.25, 22.3, 22.73, 22.55, 9999.0, 9999.0, 9999.0, 24.0, 9999.0, 22.55, 9999.0, 22.52, 22.36, 22.25, 22.25, 22.25
2026-09-08, 10:27:40, 22.25, 22.27, 22.73, 22.55, 9999.0, 9999.0, 9999.0, 24.02, 9999.0, 22.52, 9999.0, 22.55, 22.34, 22.25, 22.25, 22.25
2026-09-08, 10:27:44, 22.25, 22.27, 22.73, 22.57, 9999.0, 9999.0, 9999.0, 23.98, 9999.0, 22.5, 9999.0, 22.57, 22.32, 22.25, 22.25, 22.25
2026-09-08, 10:27:48, 22.25, 22.25, 22.73, 22.59, 9999.0, 9999.0, 9999.0, 23.93, 9999.0, 22.5, 9999.0, 22.59, 22.3, 22.25, 22.25, 22.25
2026-09-08, 10:27:52, 22.25, 22.25, 22.73, 22.61, 9999.0, 9999.0, 9999.0, 23.89, 9999.0, 22.48, 9999.0, 22.59, 22.27, 22.25, 22.25, 22.25
2026-09-08, 10:27:57, 22.25, 22.25, 22.75, 22.64, 9999.0, 9999.0, 9999.0, 23.86, 9999.0, 22.45, 9999.0, 22.61, 22.27, 22.25, 22.25, 22.25
2026-09-08, 10:28:01, 22.25, 22.25, 22.75, 22.64, 9999.0, 9999.0, 9999.0, 23.84, 9999.0, 22.45, 9999.0, 22.64, 22.27, 22.25, 22.25, 22.25
2026-09-08, 10:28:05, 22.25, 22.27, 22.75, 22.66, 9999.0, 9999.0, 9999.0, 23.8, 9999.0, 22.45, 9999.0, 22.66, 22.27, 22.25, 22.25, 22.25
2026-09-08, 10:28:09, 22.25, 22.3, 22.75, 22.68, 9999.0, 9999.0, 9999.0, 23.75, 9999.0, 22.48, 9999.0, 22.66, 22.3, 22.25, 22.25, 22.25
2026-09-08, 10:28:13, 22.25, 22.32, 22.73, 22.7, 9999.0, 9999.0, 9999.0, 23.73, 9999.0, 22.5, 9999.0, 22.66, 22.3, 22.25, 22.25, 22.25
2026-09-08, 10:28:17, 22.25, 22.34, 22.73, 22.7, 9999.0, 9999.0, 9999.0, 23.68, 9999.0, 22.52, 9999.0, 22.66, 22.3, 22.25, 22.25, 22.25
2026-09-08, 10:28:21, 22.25, 22.36, 22.73, 22.73, 9999.0, 9999.0, 9999.0, 23.7, 9999.0, 22.55, 9999.0, 22.66, 22.32, 22.25, 22.25, 22.25
2026-09-08, 10:28:25, 22.25, 22.39, 22.7, 22.75, 9999.0, 9999.0, 9999.0, 23.75, 9999.0, 22.57, 9999.0, 22.64, 22.32, 22.23, 22.25, 22.25
2026-09-08, 10:28:29, 22.25, 22.39, 22.68, 22.75, 9999.0, 9999.0, 9999.0, 23.77, 9999.0, 22.59, 9999.0, 22.61, 22.34, 22.23, 22.25, 22.25
2026-09-08, 10:28:33, 22.25, 22.39, 22.68, 22.73, 9999.0, 9999.0, 9999.0, 23.8, 9999.0, 22.59, 9999.0, 22.59, 22.36, 22.2, 22.25, 22.25
2026-09-08, 10:28:37, 22.25, 22.41, 22.68, 22.7, 9999.0, 9999.0, 9999.0, 23.82, 9999.0, 22.64, 9999.0, 22.57, 22.36, 22.18, 22.25, 22.25
2026-09-08, 10:28:41, 22.25, 22.41, 22.68, 22.68, 9999.0, 9999.0, 9999.0, 23.82, 9999.0, 22.68, 9999.0, 22.55, 22.39, 22.18, 22.25, 22.25
2026-09-08, 10:28:45, 22.25, 22.41, 22.68, 22.66, 9999.0, 9999.0, 9999.0, 23.82, 9999.0, 22.68, 9999.0, 22.52, 22.39, 22.18, 22.25, 22.25
2026-09-08, 10:28:49, 22.25, 22.39, 22.68, 22.64, 9999.0, 9999.0, 9999.0, 23.84, 9999.0, 22.68, 9999.0, 22.5, 22.39, 22.16, 22.25, 22.25
2026-09-08, 10:28:53, 22.25, 22.36, 22.68, 22.64, 9999.0, 9999.0, 9999.0, 23.86, 9999.0, 22.66, 9999.0, 22.5, 22.36, 22.14, 22.25, 22.25
2026-09-08, 10:28:57, 22.25, 22.34, 22.7, 22.64, 9999.0, 9999.0, 9999.0, 23.89, 9999.0, 22.64, 9999.0, 22.52, 22.34, 22.11, 22.25, 22.25
2026-09-08, 10:29:01, 22.25, 22.32, 22.7, 22.64, 9999.0, 9999.0, 9999.0, 23.91, 9999.0, 22.61, 9999.0, 22.55, 22.34, 22.11, 22.25, 22.25
2026-09-08, 10:29:05, 22.25, 22.3, 22.7, 22.64, 9999.0, 9999.0, 9999.0, 23.86, 9999.0, 22.59, 9999.0, 22.57, 22.32, 22.11, 22.25, 22.25
2026-09-08, 10:29:09, 22.25, 22.27, 22.73, 22.64, 9999.0, 9999.0, 9999.0, 23.82, 9999.0, 22.55, 9999.0, 22.59, 22.32, 22.14, 22.25, 22.25
2026-09-08, 10:29:13, 22.25, 22.27, 22.75, 22.64, 9999.0, 9999.0, 9999.0, 23.8, 9999.0, 22.5, 9999.0, 22.61, 22.3, 22.14, 22.25, 22.25
2026-09-08, 10:29:17, 22.25, 22.27, 22.75, 22.64, 9999.0, 9999.0, 9999.0, 23.77, 9999.0, 22.5, 9999.0, 22.64, 22.27, 22.16, 22.25, 22.25
2026-09-08, 10:29:21, 22.25, 22.27, 22.75, 22.66, 9999.0, 9999.0, 9999.0, 23.73, 9999.0, 22.48, 9999.0, 22.66, 22.3, 22.18, 22.25, 22.25
2026-09-08, 10:29:25, 22.25, 22.27, 22.75, 22.68, 9999.0, 9999.0, 9999.0, 23.7, 9999.0, 22.48, 9999.0, 22.68, 22.3, 22.18, 22.25, 22.25
2026-09-08, 10:29:29, 22.25, 22.3, 22.75, 22.7, 9999.0, 9999.0, 9999.0, 23.68, 9999.0, 22.5, 9999.0, 22.7, 22.32, 22.18, 22.25, 22.25
2026-09-08, 10:29:33, 22.25, 22.32, 22.75, 22.73, 9999.0, 9999.0, 9999.0, 23.66, 9999.0, 22.5, 9999.0, 22.73, 22.34, 22.2, 22.25, 22.25
2026-09-08, 10:29:37, 22.25, 22.34, 22.73, 22.73, 9999.0, 9999.0, 9999.0, 23.7, 9999.0, 22.5, 9999.0, 22.73, 22.36, 22.23, 22.25, 22.25
2026-09-08, 10:29:41, 22.25, 22.34, 22.73, 22.73, 9999.0, 9999.0, 9999.0, 23.75, 9999.0, 22.5, 9999.0, 22.7, 22.36, 22.25, 22.25, 22.25
2026-09-08, 10:29:45, 22.25, 22.36, 22.7, 22.73, 9999.0, 9999.0, 9999.0, 23.77, 9999.0, 22.5, 9999.0, 22.68, 22.39, 22.25, 22.25, 22.25
2026-09-08, 10:29:49, 22.25, 22.39, 22.7, 22.73, 9999.0, 9999.0, 9999.0, 23.8, 9999.0, 22.5, 9999.0, 22.66, 22.41, 22.25, 22.25, 22.25
2026-09-08, 10:29:53, 22.25, 22.41, 22.7, 22.73, 9999.0, 9999.0, 9999.0, 23.82, 9999.0, 22.52, 9999.0, 22.64, 22.41, 22.25, 22.25, 22.25
2026-09-08, 10:29:57, 22.25, 22.43, 22.7, 22.73, 9999.0, 9999.0, 9999.0, 23.84, 9999.0, 22.55, 9999.0, 22.61, 22.41, 22.25, 22.25, 22.25
2026-09-08, 10:30:01, 22.25, 22.43, 22.7, 22.75, 9999.0, 9999.0, 9999.0, 23.86, 9999.0, 22.55, 9999.0, 22.59, 22.43, 22.25, 22.25, 22.25
2026-09-08, 10:30:05, 22.25, 22.41, 22.7, 22.75, 9999.0, 9999.0, 9999.0, 23.91, 9999.0, 22.52, 9999.0, 22.57, 22.41, 22.25, 22.25, 22.25
2026-09-08, 10:30:09, 22.25, 22.41, 22.7, 22.73, 9999.0, 9999.0, 9999.0, 23.95, 9999.0, 22.5, 9999.0, 22.55, 22.39, 22.25, 22.25, 22.25
2026-09-08, 10:30:13, 22.25, 22.39, 22.7, 22.73, 9999.0, 9999.0, 9999.0, 24.0, 9999.0, 22.48, 9999.0, 22.55, 22.36, 22.25, 22.25, 22.25
2026-09-08, 10:30:17, 22.25, 22.36, 22.7, 22.73, 9999.0, 9999.0, 9999.0, 24.05, 9999.0, 22.48, 9999.0, 22.55, 22.34, 22.25, 22.25, 22.25
2026-09-08, 10:30:21, 22.25, 22.34, 22.7, 22.73, 9999.0, 9999.0, 9999.0, 24.0, 9999.0, 22.48, 9999.0, 22.55, 22.32, 22.25, 22.25, 22.25
2026-09-08, 10:30:25, 22.25, 22.34, 22.7, 22.73, 9999.0, 9999.0, 9999.0, 23.95, 9999.0, 22.45, 9999.0, 22.57, 22.32, 22.25, 22.25, 22.25
2026-09-08, 10:30:29, 22.25, 22.34, 22.7, 22.73, 9999.0, 9999.0, 9999.0, 23.93, 9999.0, 22.43, 9999.0, 22.59, 22.32, 22.25, 22.25, 22.25
2026-09-08, 10:30:33, 22.25, 22.34, 22.7, 22.73, 9999.0, 9999.0, 9999.0, 23.91, 9999.0, 22.43, 9999.0, 22.61, 22.3, 22.25, 22.25, 22.25
2026-09-08, 10:30:37, 22.25, 22.34, 22.7, 22.73, 9999.0, 9999.0, 9999.0, 23.89, 9999.0, 22.43, 9999.0, 22.64, 22.3, 22.25, 22.25, 22.25
2026-09-08, 10:30:41, 22.25, 22.32, 22.7, 22.7, 9999.0, 9999.0, 9999.0, 23.84, 9999.0, 22.43, 9999.0, 22.64, 22.32, 22.25, 22.25, 22.25
2026-09-08, 10:30:45, 22.25, 22.34, 22.68, 22.68, 9999.0, 9999.0, 9999.0, 23.8, 9999.0, 22.45, 9999.0, 22.66, 22.32, 22.23, 22.25, 22.25
2026-09-08, 10:30:49, 22.25, 22.34, 22.68, 22.66, 9999.0, 9999.0, 9999.0, 23.75, 9999.0, 22.5, 9999.0, 22.68, 22.34, 22.23, 22.25, 22.25
2026-09-08, 10:30:53, 22.25, 22.34, 22.68, 22.66, 9999.0, 9999.0, 9999.0, 23.68, 9999.0, 22.5, 9999.0, 22.68, 22.34, 22.23, 22.25, 22.25
2026-09-08, 10:30:57, 22.25, 22.34, 22.66, 22.66, 9999.0, 9999.0, 9999.0, 23.7, 9999.0, 22.5, 9999.0, 22.68, 22.34, 22.23, 22.25, 22.25
2026-09-08, 10:31:01, 22.25, 22.34, 22.66, 22.64, 9999.0, 9999.0, 9999.0, 23.7, 9999.0, 22.5, 9999.0, 22.68, 22.36, 22.23, 22.25, 22.25
2026-09-08, 10:31:05, 22.25, 22.34, 22.68, 22.64, 9999.0, 9999.0, 9999.0, 23.73, 9999.0, 22.5, 9999.0, 22.68, 22.36, 22.23, 22.25, 22.25
2026-09-08, 10:31:09, 22.25, 22.34, 22.68, 22.61, 9999.0, 9999.0, 9999.0, 23.75, 9999.0, 22.52, 9999.0, 22.66, 22.36, 22.23, 22.25, 22.25
2026-09-08, 10:31:13, 22.25, 22.32, 22.7, 22.59, 9999.0, 9999.0, 9999.0, 23.77, 9999.0, 22.55, 9999.0, 22.64, 22.34, 22.23, 22.25, 22.25
2026-09-08, 10:31:17, 22.25, 22.32, 22.7, 22.57, 9999.0, 9999.0, 9999.0, 23.8, 9999.0, 22.55, 9999.0, 22.61, 22.34, 22.23, 22.25, 22.25
2026-09-08, 10:31:21, 22.25, 22.3, 22.7, 22.55, 9999.0, 9999.0, 9999.0, 23.82, 9999.0, 22.55, 9999.0, 22.59, 22.34, 22.23, 22.25, 22.25
2026-09-08, 10:31:25, 22.25, 22.3, 22.7, 22.55, 9999.0, 9999.0, 9999.0, 23.84, 9999.0, 22.52, 9999.0, 22.59, 22.32, 22.23, 22.25, 22.25
2026-09-08, 10:31:29, 22.25, 22.27, 22.7, 22.57, 9999.0, 9999.0, 9999.0, 23.86, 9999.0, 22.5, 9999.0, 22.57, 22.3, 22.25, 22.25, 22.25
2026-09-08, 10:31:33, 22.25, 22.27, 22.68, 22.57, 9999.0, 9999.0, 9999.0, 23.89, 9999.0, 22.45, 9999.0, 22.57, 22.27, 22.25, 22.25, 22.25
2026-09-08, 10:31:37, 22.25, 22.27, 22.68, 22.59, 9999.0, 9999.0, 9999.0, 23.93, 9999.0, 22.43, 9999.0, 22.57, 22.27, 22.25, 22.25, 22.25
2026-09-08, 10:31:41, 22.25, 22.27, 22.7, 22.59, 9999.0, 9999.0, 9999.0, 23.89, 9999.0, 22.41, 9999.0, 22.57, 22.27, 22.25, 22.25, 22.25
2026-09-08, 10:31:45, 22.25, 22.27, 22.68, 22.61, 9999.0, 9999.0, 9999.0, 23.86, 9999.0, 22.39, 9999.0, 22.57, 22.25, 22.25, 22.25, 22.25
2026-09-08, 10:31:50, 22.25, 22.3, 22.66, 22.61, 9999.0, 9999.0, 9999.0, 23.84, 9999.0, 22.36, 9999.0, 22.59, 22.27, 22.25, 22.25, 22.25
2026-09-08, 10:31:54, 22.25, 22.3, 22.64, 22.64, 9999.0, 9999.0, 9999.0, 23.82, 9999.0, 22.36, 9999.0, 22.61, 22.3, 22.25, 22.25, 22.25
2026-09-08, 10:31:58, 22.25, 22.3, 22.61, 22.66, 9999.0, 9999.0, 9999.0, 23.77, 9999.0, 22.36, 9999.0, 22.64, 22.32, 22.25, 22.25, 22.25
2026-09-08, 10:32:02, 22.25, 22.27, 22.61, 22.66, 9999.0, 9999.0, 9999.0, 23.73, 9999.0, 22.36, 9999.0, 22.66, 22.34, 22.25, 22.25, 22.25
2026-09-08, 10:32:06, 22.25, 22.3, 22.61, 22.68, 9999.0, 9999.0, 9999.0, 23.68, 9999.0, 22.39, 9999.0, 22.66, 22.36, 22.25, 22.25, 22.25
2026-09-08, 10:32:10, 22.25, 22.32, 22.61, 22.7, 9999.0, 9999.0, 9999.0, 23.64, 9999.0, 22.41, 9999.0, 22.66, 22.39, 22.25, 22.25, 22.25
2026-09-08, 10:32:14, 22.25, 22.34, 22.64, 22.7, 9999.0, 9999.0, 9999.0, 23.68, 9999.0, 22.41, 9999.0, 22.66, 22.41, 22.25, 22.25, 22.25
2026-09-08, 10:32:18, 22.25, 22.34, 22.66, 22.73, 9999.0, 9999.0, 9999.0, 23.7, 9999.0, 22.43, 9999.0, 22.64, 22.43, 22.25, 22.25, 22.25
2026-09-08, 10:32:22, 22.25, 22.36, 22.66, 22.73, 9999.0, 9999.0, 9999.0, 23.75, 9999.0, 22.45, 9999.0, 22.64, 22.43, 22.25, 22.25, 22.25
2026-09-08, 10:32:26, 22.25, 22.39, 22.66, 22.73, 9999.0, 9999.0, 9999.0, 23.77, 9999.0, 22.48, 9999.0, 22.61, 22.45, 22.25, 22.25, 22.25
2026-09-08, 10:32:30, 22.25, 22.39, 22.66, 22.73, 9999.0, 9999.0, 9999.0, 23.8, 9999.0, 22.48, 9999.0, 22.59, 22.45, 22.25, 22.25, 22.25
2026-09-08, 10:32:34, 22.25, 22.36, 22.66, 22.73, 9999.0, 9999.0, 9999.0, 23.82, 9999.0, 22.48, 9999.0, 22.57, 22.43, 22.25, 22.25, 22.25
2026-09-08, 10:32:38, 22.25, 22.39, 22.68, 22.7, 9999.0, 9999.0, 9999.0, 23.84, 9999.0, 22.45, 9999.0, 22.55, 22.43, 22.25, 22.25, 22.25
2026-09-08, 10:32:42, 22.25, 22.39, 22.7, 22.7, 9999.0, 9999.0, 9999.0, 23.86, 9999.0, 22.43, 9999.0, 22.52, 22.41, 22.25, 22.25, 22.25
2026-09-08, 10:32:46, 22.25, 22.39, 22.7, 22.73, 9999.0, 9999.0, 9999.0, 23.91, 9999.0, 22.41, 9999.0, 22.5, 22.41, 22.25, 22.25, 22.25
2026-09-08, 10:32:50, 22.25, 22.39, 22.7, 22.73, 9999.0, 9999.0, 9999.0, 23.93, 9999.0, 22.36, 9999.0, 22.5, 22.39, 22.25, 22.25, 22.25
2026-09-08, 10:32:54, 22.25, 22.36, 22.7, 22.73, 9999.0, 9999.0, 9999.0, 23.98, 9999.0, 22.34, 9999.0, 22.52, 22.39, 22.25, 22.25, 22.25
2026-09-08, 10:32:58, 22.25, 22.36, 22.7, 22.7, 9999.0, 9999.0, 9999.0, 23.93, 9999.0, 22.32, 9999.0, 22.55, 22.39, 22.23, 22.25, 22.25
2026-09-08, 10:33:02, 22.25, 22.39, 22.7, 22.7, 9999.0, 9999.0, 9999.0, 23.91, 9999.0, 22.27, 9999.0, 22.57, 22.39, 22.23, 22.25, 22.25
2026-09-08, 10:33:06, 22.25, 22.36, 22.7, 22.7, 9999.0, 9999.0, 9999.0, 23.86, 9999.0, 22.25, 9999.0, 22.59, 22.39, 22.23, 22.25, 22.25
2026-09-08, 10:33:10, 22.25, 22.36, 22.7, 22.7, 9999.0, 9999.0, 9999.0, 23.82, 9999.0, 22.23, 9999.0, 22.61, 22.39, 22.23, 22.25, 22.25
2026-09-08, 10:33:14, 22.25, 22.39, 22.73, 22.68, 9999.0, 9999.0, 9999.0, 23.77, 9999.0, 22.23, 9999.0, 22.64, 22.41, 22.23, 22.25, 22.25
2026-09-08, 10:33:18, 22.25, 22.39, 22.75, 22.66, 9999.0, 9999.0, 9999.0, 23.73, 9999.0, 22.23, 9999.0, 22.66, 22.41, 22.23, 22.25, 22.25
2026-09-08, 10:33:22, 22.25, 22.36, 22.75, 22.68, 9999.0, 9999.0, 9999.0, 23.68, 9999.0, 22.25, 9999.0, 22.68, 22.41, 22.23, 22.25, 22.25
2026-09-08, 10:33:26, 22.25, 22.39, 22.75, 22.68, 9999.0, 9999.0, 9999.0, 23.66, 9999.0, 22.27, 9999.0, 22.68, 22.43, 22.23, 22.25, 22.25
2026-09-08, 10:33:30, 22.25, 22.41, 22.73, 22.68, 9999.0, 9999.0, 9999.0, 23.61, 9999.0, 22.3, 9999.0, 22.7, 22.43, 22.23, 22.25, 22.25
2026-09-08, 10:33:34, 22.25, 22.39, 22.73, 22.68, 9999.0, 9999.0, 9999.0, 23.66, 9999.0, 22.32, 9999.0, 22.73, 22.45, 22.2, 22.25, 22.25
2026-09-08, 10:33:38, 22.25, 22.41, 22.7, 22.68, 9999.0, 9999.0, 9999.0, 23.68, 9999.0, 22.32, 9999.0, 22.73, 22.45, 22.2, 22.25, 22.25
2026-09-08, 10:33:42, 22.25, 22.39, 22.7, 22.7, 9999.0, 9999.0, 9999.0, 23.73, 9999.0, 22.32, 9999.0, 22.7, 22.43, 22.23, 22.25, 22.25
2026-09-08, 10:33:46, 22.25, 22.36, 22.68, 22.68, 9999.0, 9999.0, 9999.0, 23.75, 9999.0, 22.34, 9999.0, 22.68, 22.43, 22.23, 22.25, 22.25
2026-09-08, 10:33:50, 22.25, 22.36, 22.68, 22.68, 9999.0, 9999.0, 9999.0, 23.77, 9999.0, 22.34, 9999.0, 22.66, 22.43, 22.23, 22.25, 22.25
2026-09-08, 10:33:54, 22.25, 22.36, 22.68, 22.68, 9999.0, 9999.0, 9999.0, 23.82, 9999.0, 22.34, 9999.0, 22.64, 22.41, 22.23, 22.25, 22.25
2026-09-08, 10:33:58, 22.25, 22.34, 22.68, 22.68, 9999.0, 9999.0, 9999.0, 23.86, 9999.0, 22.34, 9999.0, 22.61, 22.41, 22.23, 22.25, 22.25
2026-09-08, 10:34:02, 22.25, 22.34, 22.68, 22.7, 9999.0, 9999.0, 9999.0, 23.91, 9999.0, 22.34, 9999.0, 22.59, 22.43, 22.2, 22.25, 22.25
2026-09-08, 10:34:06, 22.25, 22.34, 22.66, 22.7, 9999.0, 9999.0, 9999.0, 23.95, 9999.0, 22.32, 9999.0, 22.57, 22.43, 22.18, 22.25, 22.25
2026-09-08, 10:34:10, 22.25, 22.32, 22.66, 22.7, 9999.0, 9999.0, 9999.0, 23.98, 9999.0, 22.3, 9999.0, 22.57, 22.43, 22.18, 22.25, 22.25
2026-09-08, 10:34:14, 22.25, 22.32, 22.66, 22.7, 9999.0, 9999.0, 9999.0, 24.0, 9999.0, 22.27, 9999.0, 22.57, 22.41, 22.16, 22.25, 22.25
2026-09-08, 10:34:18, 22.25, 22.32, 22.66, 22.7, 9999.0, 9999.0, 9999.0, 23.95, 9999.0, 22.25, 9999.0, 22.55, 22.39, 22.18, 22.25, 22.25
2026-09-08, 10:34:22, 22.25, 22.32, 22.68, 22.7, 9999.0, 9999.0, 9999.0, 23.93, 9999.0, 22.23, 9999.0, 22.55, 22.39, 22.18, 22.25, 22.25
2026-09-08, 10:34:26, 22.25, 22.34, 22.68, 22.7, 9999.0, 9999.0, 9999.0, 23.86, 9999.0, 22.2, 9999.0, 22.57, 22.39, 22.18, 22.25, 22.25
2026-09-08, 10:34:30, 22.25, 22.34, 22.7, 22.73, 9999.0, 9999.0, 9999.0, 23.82, 9999.0, 22.2, 9999.0, 22.59, 22.36, 22.18, 22.25, 22.25
2026-09-08, 10:34:34, 22.25, 22.36, 22.7, 22.73, 9999.0, 9999.0, 9999.0, 23.77, 9999.0, 22.2, 9999.0, 22.61, 22.36, 22.18, 22.25, 22.25
2026-09-08, 10:34:38, 22.25, 22.34, 22.7, 22.73, 9999.0, 9999.0, 9999.0, 23.73, 9999.0, 22.2, 9999.0, 22.64, 22.39, 22.18, 22.25, 22.25
2026-09-08, 10:34:42, 22.25, 22.36, 22.7, 22.75, 9999.0, 9999.0, 9999.0, 23.68, 9999.0, 22.23, 9999.0, 22.64, 22.39, 22.18, 22.25, 22.25
2026-09-08, 10:34:46, 22.25, 22.36, 22.7, 22.75, 9999.0, 9999.0, 9999.0, 23.64, 9999.0, 22.25, 9999.0, 22.66, 22.36, 22.2, 22.25, 22.25
2026-09-08, 10:34:50, 22.25, 22.36, 22.73, 22.75, 9999.0, 9999.0, 9999.0, 23.57, 9999.0, 22.27, 9999.0, 22.68, 22.36, 22.2, 22.25, 22.25
2026-09-08, 10:34:54, 22.25, 22.36, 22.73, 22.75, 9999.0, 9999.0, 9999.0, 23.59, 9999.0, 22.27, 9999.0, 22.7, 22.36, 22.2, 22.25, 22.25
2026-09-08, 10:34:58, 22.25, 22.34, 22.75, 22.75, 9999.0, 9999.0, 9999.0, 23.61, 9999.0, 22.27, 9999.0, 22.68, 22.39, 22.23, 22.25, 22.25
2026-09-08, 10:35:02, 22.25, 22.34, 22.75, 22.75, 9999.0, 9999.0, 9999.0, 23.64, 9999.0, 22.27, 9999.0, 22.68, 22.39, 22.2, 22.25, 22.25
2026-09-08, 10:35:06, 22.25, 22.32, 22.75, 22.75, 9999.0, 9999.0, 9999.0, 23.66, 9999.0, 22.3, 9999.0, 22.66, 22.36, 22.18, 22.25, 22.25
2026-09-08, 10:35:10, 22.25, 22.32, 22.75, 22.75, 9999.0, 9999.0, 9999.0, 23.7, 9999.0, 22.32, 9999.0, 22.64, 22.36, 22.18, 22.25, 22.25
2026-09-08, 10:35:14, 22.25, 22.32, 22.75, 22.75, 9999.0, 9999.0, 9999.0, 23.73, 9999.0, 22.32, 9999.0, 22.64, 22.36, 22.18, 22.25, 22.25
2026-09-08, 10:35:18, 22.25, 22.3, 22.75, 22.75, 9999.0, 9999.0, 9999.0, 23.75, 9999.0, 22.32, 9999.0, 22.61, 22.36, 22.18, 22.25, 22.25
2026-09-08, 10:35:22, 22.25, 22.3, 22.75, 22.75, 9999.0, 9999.0, 9999.0, 23.77, 9999.0, 22.3, 9999.0, 22.59, 22.34, 22.18, 22.25, 22.25
2026-09-08, 10:35:26, 22.25, 22.27, 22.75, 22.75, 9999.0, 9999.0, 9999.0, 23.8, 9999.0, 22.27, 9999.0, 22.59, 22.32, 22.18, 22.25, 22.25
2026-09-08, 10:35:30, 22.25, 22.3, 22.75, 22.75, 9999.0, 9999.0, 9999.0, 23.82, 9999.0, 22.25, 9999.0, 22.59, 22.32, 22.18, 22.25, 22.25
2026-09-08, 10:35:34, 22.25, 22.3, 22.75, 22.75, 9999.0, 9999.0, 9999.0, 23.86, 9999.0, 22.23, 9999.0, 22.57, 22.3, 22.2, 22.25, 22.25
2026-09-08, 10:35:38, 22.23, 22.3, 22.73, 22.75, 9999.0, 9999.0, 9999.0, 23.82, 9999.0, 22.23, 9999.0, 22.57, 22.3, 22.2, 22.25, 22.25
2026-09-08, 10:35:43, 22.23, 22.3, 22.73, 22.75, 9999.0, 9999.0, 9999.0, 23.77, 9999.0, 22.2, 9999.0, 22.59, 22.27, 22.2, 22.25, 22.25
2026-09-08, 10:35:47, 22.2, 22.32, 22.73, 22.75, 9999.0, 9999.0, 9999.0, 23.73, 9999.0, 22.18, 9999.0, 22.61, 22.27, 22.23, 22.25, 22.25
2026-09-08, 10:35:51, 22.2, 22.34, 22.73, 22.75, 9999.0, 9999.0, 9999.0, 23.68, 9999.0, 22.18, 9999.0, 22.64, 22.27, 22.25, 22.25, 22.25
2026-09-08, 10:35:55, 22.2, 22.32, 22.7, 22.75, 9999.0, 9999.0, 9999.0, 23.61, 9999.0, 22.18, 9999.0, 22.66, 22.27, 22.25, 22.25, 22.25
2026-09-08, 10:35:59, 22.2, 22.34, 22.7, 22.75, 9999.0, 9999.0, 9999.0, 23.59, 9999.0, 22.18, 9999.0, 22.64, 22.3, 22.25, 22.25, 22.25
2026-09-08, 10:36:03, 22.2, 22.34, 22.7, 22.75, 9999.0, 9999.0, 9999.0, 23.55, 9999.0, 22.2, 9999.0, 22.66, 22.32, 22.25, 22.25, 22.25
2026-09-08, 10:36:07, 22.2, 22.36, 22.7, 22.75, 9999.0, 9999.0, 9999.0, 23.5, 9999.0, 22.25, 9999.0, 22.68, 22.34, 22.25, 22.25, 22.25
2026-09-08, 10:36:11, 22.2, 22.36, 22.7, 22.75, 9999.0, 9999.0, 9999.0, 23.55, 9999.0, 22.25, 9999.0, 22.7, 22.34, 22.25, 22.25, 22.25
2026-09-08, 10:36:15, 22.2, 22.36, 22.7, 22.75, 9999.0, 9999.0, 9999.0, 23.57, 9999.0, 22.25, 9999.0, 22.7, 22.36, 22.25, 22.25, 22.25
2026-09-08, 10:36:19, 22.2, 22.36, 22.7, 22.75, 9999.0, 9999.0, 9999.0, 23.59, 9999.0, 22.25, 9999.0, 22.7, 22.39, 22.25, 22.25, 22.25
2026-09-08, 10:36:23, 22.23, 22.39, 22.73, 22.75, 9999.0, 9999.0, 9999.0, 23.64, 9999.0, 22.25, 9999.0, 22.68, 22.39, 22.25, 22.25, 22.25
2026-09-08, 10:36:27, 22.23, 22.41, 22.73, 22.75, 9999.0, 9999.0, 9999.0, 23.66, 9999.0, 22.27, 9999.0, 22.66, 22.39, 22.25, 22.25, 22.25
2026-09-08, 10:36:31, 22.25, 22.41, 22.7, 22.75, 9999.0, 9999.0, 9999.0, 23.68, 9999.0, 22.3, 9999.0, 22.64, 22.41, 22.25, 22.25, 22.25
2026-09-08, 10:36:35, 22.25, 22.39, 22.7, 22.75, 9999.0, 9999.0, 9999.0, 23.7, 9999.0, 22.3, 9999.0, 22.61, 22.43, 22.25, 22.25, 22.25
2026-09-08, 10:36:39, 22.25, 22.39, 22.73, 22.75, 9999.0, 9999.0, 9999.0, 23.75, 9999.0, 22.3, 9999.0, 22.59, 22.45, 22.25, 22.25, 22.25
2026-09-08, 10:36:43, 22.25, 22.39, 22.73, 22.75, 9999.0, 9999.0, 9999.0, 23.77, 9999.0, 22.3, 9999.0, 22.59, 22.45, 22.25, 22.25, 22.25
2026-09-08, 10:36:47, 22.25, 22.41, 22.73, 22.75, 9999.0, 9999.0, 9999.0, 23.82, 9999.0, 22.25, 9999.0, 22.59, 22.45, 22.25, 22.25, 22.25
2026-09-08, 10:36:51, 22.25, 22.39, 22.73, 22.75, 9999.0, 9999.0, 9999.0, 23.86, 9999.0, 22.23, 9999.0, 22.57, 22.45, 22.25, 22.25, 22.25
2026-09-08, 10:36:55, 22.25, 22.41, 22.73, 22.75, 9999.0, 9999.0, 9999.0, 23.82, 9999.0, 22.2, 9999.0, 22.57, 22.45, 22.25, 22.25, 22.25
2026-09-08, 10:36:59, 22.25, 22.41, 22.73, 22.75, 9999.0, 9999.0, 9999.0, 23.8, 9999.0, 22.18, 9999.0, 22.57, 22.45, 22.25, 22.25, 22.25
2026-09-08, 10:37:03, 22.25, 22.41, 22.73, 22.75, 9999.0, 9999.0, 9999.0, 23.77, 9999.0, 22.16, 9999.0, 22.59, 22.45, 22.25, 22.25, 22.25
2026-09-08, 10:37:07, 22.25, 22.41, 22.73, 22.75, 9999.0, 9999.0, 9999.0, 23.73, 9999.0, 22.14, 9999.0, 22.61, 22.45, 22.25, 22.25, 22.25
2026-09-08, 10:37:11, 22.25, 22.39, 22.73, 22.75, 9999.0, 9999.0, 9999.0, 23.7, 9999.0, 22.14, 9999.0, 22.64, 22.45, 22.25, 22.25, 22.25
2026-09-08, 10:37:15, 22.25, 22.36, 22.75, 22.75, 9999.0, 9999.0, 9999.0, 23.68, 9999.0, 22.14, 9999.0, 22.66, 22.45, 22.25, 22.25, 22.25
2026-09-08, 10:37:19, 22.25, 22.36, 22.75, 22.75, 9999.0, 9999.0, 9999.0, 23.64, 9999.0, 22.16, 9999.0, 22.68, 22.45, 22.25, 22.25, 22.25
2026-09-08, 10:37:23, 22.25, 22.36, 22.75, 22.75, 9999.0, 9999.0, 9999.0, 23.61, 9999.0, 22.18, 9999.0, 22.7, 22.45, 22.25, 22.25, 22.25
2026-09-08, 10:37:27, 22.25, 22.36, 22.75, 22.75, 9999.0, 9999.0, 9999.0, 23.57, 9999.0, 22.2, 9999.0, 22.73, 22.45, 22.25, 22.25, 22.25
2026-09-08, 10:37:31, 22.25, 22.34, 22.75, 22.75, 9999.0, 9999.0, 9999.0, 23.59, 9999.0, 22.23, 9999.0, 22.7, 22.45, 22.23, 22.25, 22.25
2026-09-08, 10:37:35, 22.25, 22.36, 22.75, 22.75, 9999.0, 9999.0, 9999.0, 23.61, 9999.0, 22.23, 9999.0, 22.73, 22.45, 22.23, 22.25, 22.25
2026-09-08, 10:37:39, 22.25, 22.34, 22.73, 22.75, 9999.0, 9999.0, 9999.0, 23.64, 9999.0, 22.25, 9999.0, 22.73, 22.45, 22.23, 22.25, 22.25
2026-09-08, 10:37:43, 22.25, 22.32, 22.73, 22.75, 9999.0, 9999.0, 9999.0, 23.66, 9999.0, 22.27, 9999.0, 22.7, 22.45, 22.23, 22.25, 22.25
2026-09-08, 10:37:47, 22.25, 22.32, 22.73, 22.75, 9999.0, 9999.0, 9999.0, 23.66, 9999.0, 22.3, 9999.0, 22.68, 22.45, 22.23, 22.25, 22.25
2026-09-08, 10:37:51, 22.25, 22.3, 22.73, 22.75, 9999.0, 9999.0, 9999.0, 23.68, 9999.0, 22.32, 9999.0, 22.68, 22.45, 22.23, 22.25, 22.25
2026-09-08, 10:37:55, 22.25, 22.32, 22.73, 22.75, 9999.0, 9999.0, 9999.0, 23.7, 9999.0, 22.32, 9999.0, 22.66, 22.45, 22.23, 22.25, 22.25
2026-09-08, 10:37:59, 22.25, 22.32, 22.73, 22.75, 9999.0, 9999.0, 9999.0, 23.73, 9999.0, 22.32, 9999.0, 22.64, 22.43, 22.23, 22.25, 22.25
2026-09-08, 10:38:03, 22.25, 22.32, 22.73, 22.75, 9999.0, 9999.0, 9999.0, 23.77, 9999.0, 22.27, 9999.0, 22.61, 22.41, 22.23, 22.25, 22.25
2026-09-08, 10:38:07, 22.25, 22.32, 22.73, 22.75, 9999.0, 9999.0, 9999.0, 23.8, 9999.0, 22.25, 9999.0, 22.61, 22.39, 22.23, 22.25, 22.25
2026-09-08, 10:38:11, 22.25, 22.32, 22.73, 22.75, 9999.0, 9999.0, 9999.0, 23.82, 9999.0, 22.2, 9999.0, 22.59, 22.39, 22.23, 22.25, 22.25
2026-09-08, 10:38:15, 22.25, 22.34, 22.73, 22.75, 9999.0, 9999.0, 9999.0, 23.77, 9999.0, 22.18, 9999.0, 22.61, 22.36, 22.25, 22.25, 22.25
2026-09-08, 10:38:19, 22.25, 22.32, 22.73, 22.75, 9999.0, 9999.0, 9999.0, 23.73, 9999.0, 22.16, 9999.0, 22.61, 22.36, 22.25, 22.25, 22.25
2026-09-08, 10:38:23, 22.27, 22.32, 22.75, 22.75, 9999.0, 9999.0, 9999.0, 23.68, 9999.0, 22.14, 9999.0, 22.61, 22.39, 22.25, 22.25, 22.25
2026-09-08, 10:38:27, 22.27, 22.34, 22.75, 22.75, 9999.0, 9999.0, 9999.0, 23.64, 9999.0, 22.14, 9999.0, 22.64, 22.39, 22.25, 22.25, 22.25
2026-09-08, 10:38:31, 22.27, 22.36, 22.75, 22.75, 9999.0, 9999.0, 9999.0, 23.61, 9999.0, 22.14, 9999.0, 22.66, 22.39, 22.25, 22.25, 22.25
2026-09-08, 10:38:35, 22.27, 22.36, 22.75, 22.75, 9999.0, 9999.0, 9999.0, 23.57, 9999.0, 22.14, 9999.0, 22.66, 22.39, 22.25, 22.25, 22.25
2026-09-08, 10:38:39, 22.27, 22.34, 22.75, 22.75, 9999.0, 9999.0, 9999.0, 23.55, 9999.0, 22.16, 9999.0, 22.68, 22.41, 22.25, 22.25, 22.25
2026-09-08, 10:38:43, 22.27, 22.34, 22.75, 22.75, 9999.0, 9999.0, 9999.0, 23.5, 9999.0, 22.16, 9999.0, 22.7, 22.43, 22.25, 22.25, 22.25
2026-09-08, 10:38:47, 22.27, 22.36, 22.75, 22.75, 9999.0, 9999.0, 9999.0, 23.55, 9999.0, 22.18, 9999.0, 22.73, 22.45, 22.25, 22.25, 22.25
2026-09-08, 10:38:52, 22.27, 22.39, 22.75, 22.75, 9999.0, 9999.0, 9999.0, 23.59, 9999.0, 22.18, 9999.0, 22.7, 22.48, 22.25, 22.25, 22.25
2026-09-08, 10:38:56, 22.27, 22.36, 22.75, 22.75, 9999.0, 9999.0, 9999.0, 23.64, 9999.0, 22.2, 9999.0, 22.73, 22.45, 22.25, 22.25, 22.25
2026-09-08, 10:39:00, 22.27, 22.34, 22.75, 22.75, 9999.0, 9999.0, 9999.0, 23.68, 9999.0, 22.23, 9999.0, 22.73, 22.48, 22.25, 22.25, 22.25
2026-09-08, 10:39:04, 22.27, 22.34, 22.75, 22.75, 9999.0, 9999.0, 9999.0, 23.73, 9999.0, 22.25, 9999.0, 22.7, 22.45, 22.25, 22.25, 22.25
2026-09-08, 10:39:08, 22.25, 22.36, 22.75, 22.75, 9999.0, 9999.0, 9999.0, 23.75, 9999.0, 22.27, 9999.0, 22.68, 22.43, 22.25, 22.25, 22.25
2026-09-08, 10:39:12, 22.25, 22.36, 22.75, 22.75, 9999.0, 9999.0, 9999.0, 23.77, 9999.0, 22.25, 9999.0, 22.66, 22.43, 22.25, 22.25, 22.25
2026-09-08, 10:39:16, 22.25, 22.34, 22.75, 22.75, 9999.0, 9999.0, 9999.0, 23.8, 9999.0, 22.25, 9999.0, 22.64, 22.43, 22.25, 22.25, 22.25
2026-09-08, 10:39:20, 22.25, 22.34, 22.75, 22.75, 9999.0, 9999.0, 9999.0, 23.84, 9999.0, 22.25, 9999.0, 22.61, 22.41, 22.23, 22.25, 22.25
2026-09-08, 10:39:24, 22.25, 22.34, 22.75, 22.75, 9999.0, 9999.0, 9999.0, 23.86, 9999.0, 22.23, 9999.0, 22.59, 22.39, 22.23, 22.25, 22.25
2026-09-08, 10:39:28, 22.25, 22.34, 22.75, 22.75, 9999.0, 9999.0, 9999.0, 23.91, 9999.0, 22.2, 9999.0, 22.59, 22.36, 22.23, 22.25, 22.25
2026-09-08, 10:39:32, 22.25, 22.34, 22.75, 22.75, 9999.0, 9999.0, 9999.0, 23.84, 9999.0, 22.18, 9999.0, 22.59, 22.34, 22.23, 22.25, 22.25
2026-09-08, 10:39:36, 22.25, 22.34, 22.75, 22.75, 9999.0, 9999.0, 9999.0, 23.77, 9999.0, 22.16, 9999.0, 22.61, 22.34, 22.23, 22.25, 22.25
2026-09-08, 10:39:40, 22.25, 22.36, 22.75, 22.75, 9999.0, 9999.0, 9999.0, 23.73, 9999.0, 22.14, 9999.0, 22.61, 22.36, 22.23, 22.25, 22.25
2026-09-08, 10:39:44, 22.25, 22.39, 22.75, 22.75, 9999.0, 9999.0, 9999.0, 23.68, 9999.0, 22.11, 9999.0, 22.61, 22.36, 22.23, 22.25, 22.25
2026-09-08, 10:39:48, 22.25, 22.41, 22.75, 22.75, 9999.0, 9999.0, 9999.0, 23.64, 9999.0, 22.11, 9999.0, 22.64, 22.39, 22.23, 22.25, 22.25
2026-09-08, 10:39:52, 22.25, 22.39, 22.75, 22.75, 9999.0, 9999.0, 9999.0, 23.61, 9999.0, 22.11, 9999.0, 22.66, 22.41, 22.23, 22.25, 22.25
2026-09-08, 10:39:56, 22.25, 22.39, 22.75, 22.75, 9999.0, 9999.0, 9999.0, 23.57, 9999.0, 22.14, 9999.0, 22.68, 22.41, 22.23, 22.25, 22.25
2026-09-08, 10:40:00, 22.25, 22.41, 22.75, 22.75, 9999.0, 9999.0, 9999.0, 23.52, 9999.0, 22.14, 9999.0, 22.7, 22.41, 22.23, 22.25, 22.25
2026-09-08, 10:40:04, 22.25, 22.43, 22.75, 22.75, 9999.0, 9999.0, 9999.0, 23.48, 9999.0, 22.14, 9999.0, 22.73, 22.43, 22.25, 22.25, 22.25
2026-09-08, 10:40:08, 22.25, 22.43, 22.75, 22.75, 9999.0, 9999.0, 9999.0, 23.5, 9999.0, 22.14, 9999.0, 22.75, 22.45, 22.25, 22.25, 22.25
2026-09-08, 10:40:12, 22.25, 22.43, 22.75, 22.75, 9999.0, 9999.0, 9999.0, 23.52, 9999.0, 22.16, 9999.0, 22.75, 22.48, 22.25, 22.25, 22.25
2026-09-08, 10:40:16, 22.25, 22.41, 22.75, 22.75, 9999.0, 9999.0, 9999.0, 23.57, 9999.0, 22.18, 9999.0, 22.75, 22.5, 22.25, 22.25, 22.25
2026-09-08, 10:40:20, 22.25, 22.39, 22.75, 22.75, 9999.0, 9999.0, 9999.0, 23.59, 9999.0, 22.18, 9999.0, 22.73, 22.5, 22.25, 22.25, 22.25
2026-09-08, 10:40:24, 22.25, 22.39, 22.75, 22.75, 9999.0, 9999.0, 9999.0, 23.61, 9999.0, 22.2, 9999.0, 22.7, 22.5, 22.25, 22.25, 22.25
2026-09-08, 10:40:28, 22.25, 22.39, 22.75, 22.75, 9999.0, 9999.0, 9999.0, 23.64, 9999.0, 22.2, 9999.0, 22.68, 22.5, 22.25, 22.25, 22.25
2026-09-08, 10:40:32, 22.25, 22.39, 22.75, 22.75, 9999.0, 9999.0, 9999.0, 23.66, 9999.0, 22.18, 9999.0, 22.66, 22.5, 22.25, 22.25, 22.25
2026-09-08, 10:40:36, 22.25, 22.39, 22.75, 22.75, 9999.0, 9999.0, 9999.0, 23.68, 9999.0, 22.16, 9999.0, 22.64, 22.48, 22.25, 22.25, 22.25
2026-09-08, 10:40:40, 22.25, 22.39, 22.75, 22.75, 9999.0, 9999.0, 9999.0, 23.73, 9999.0, 22.14, 9999.0, 22.61, 22.45, 22.25, 22.25, 22.25
2026-09-08, 10:40:44, 22.25, 22.36, 22.75, 22.75, 9999.0, 9999.0, 9999.0, 23.77, 9999.0, 22.11, 9999.0, 22.61, 22.45, 22.25, 22.25, 22.25
2026-09-08, 10:40:48, 22.25, 22.34, 22.75, 22.75, 9999.0, 9999.0, 9999.0, 23.8, 9999.0, 22.09, 9999.0, 22.61, 22.43, 22.25, 22.25, 22.25
2026-09-08, 10:40:52, 22.25, 22.34, 22.75, 22.75, 9999.0, 9999.0, 9999.0, 23.75, 9999.0, 22.07, 9999.0, 22.61, 22.41, 22.25, 22.25, 22.25
2026-09-08, 10:40:56, 22.25, 22.36, 22.75, 22.75, 9999.0, 9999.0, 9999.0, 23.7, 9999.0, 22.05, 9999.0, 22.61, 22.41, 22.25, 22.27, 22.25
2026-09-08, 10:41:00, 22.25, 22.36, 22.75, 22.75, 9999.0, 9999.0, 9999.0, 23.64, 9999.0, 22.02, 9999.0, 22.61, 22.41, 22.25, 22.27, 22.25
2026-09-08, 10:41:04, 22.25, 22.36, 22.75, 22.75, 9999.0, 9999.0, 9999.0, 23.61, 9999.0, 22.05, 9999.0, 22.64, 22.41, 22.25, 22.3, 22.25
2026-09-08, 10:41:08, 22.25, 22.36, 22.75, 22.75, 9999.0, 9999.0, 9999.0, 23.57, 9999.0, 22.05, 9999.0, 22.66, 22.41, 22.25, 22.3, 22.25
2026-09-08, 10:41:12, 22.25, 22.36, 22.75, 22.75, 9999.0, 9999.0, 9999.0, 23.52, 9999.0, 22.07, 9999.0, 22.68, 22.41, 22.25, 22.3, 22.25
2026-09-08, 10:41:16, 22.25, 22.36, 22.75, 22.75, 9999.0, 9999.0, 9999.0, 23.48, 9999.0, 22.09, 9999.0, 22.7, 22.41, 22.25, 22.3, 22.25
2026-09-08, 10:41:20, 22.25, 22.39, 22.75, 22.75, 9999.0, 9999.0, 9999.0, 23.43, 9999.0, 22.11, 9999.0, 22.73, 22.43, 22.25, 22.3, 22.25
2026-09-08, 10:41:24, 22.25, 22.39, 22.75, 22.75, 9999.0, 9999.0, 9999.0, 23.45, 9999.0, 22.14, 9999.0, 22.75, 22.45, 22.25, 22.3, 22.25
2026-09-08, 10:41:28, 22.25, 22.39, 22.75, 22.75, 9999.0, 9999.0, 9999.0, 23.48, 9999.0, 22.16, 9999.0, 22.75, 22.45, 22.25, 22.3, 22.25
2026-09-08, 10:41:32, 22.25, 22.41, 22.75, 22.75, 9999.0, 9999.0, 9999.0, 23.5, 9999.0, 22.18, 9999.0, 22.75, 22.48, 22.25, 22.3, 22.27
2026-09-08, 10:41:36, 22.25, 22.41, 22.75, 22.75, 9999.0, 9999.0, 9999.0, 23.52, 9999.0, 22.18, 9999.0, 22.73, 22.5, 22.23, 22.3, 22.27
2026-09-08, 10:41:40, 22.25, 22.39, 22.75, 22.75, 9999.0, 9999.0, 9999.0, 23.55, 9999.0, 22.18, 9999.0, 22.7, 22.5, 22.23, 22.27, 22.27
2026-09-08, 10:41:44, 22.25, 22.39, 22.75, 22.75, 9999.0, 9999.0, 9999.0, 23.57, 9999.0, 22.18, 9999.0, 22.68, 22.5, 22.23, 22.27, 22.27
2026-09-08, 10:41:48, 22.25, 22.41, 22.75, 22.75, 9999.0, 9999.0, 9999.0, 23.57, 9999.0, 22.16, 9999.0, 22.66, 22.5, 22.23, 22.25, 22.27
2026-09-08, 10:41:52, 22.25, 22.41, 22.75, 22.75, 9999.0, 9999.0, 9999.0, 23.59, 9999.0, 22.14, 9999.0, 22.64, 22.5, 22.23, 22.25, 22.27
2026-09-08, 10:41:56, 22.25, 22.39, 22.75, 22.75, 9999.0, 9999.0, 9999.0, 23.61, 9999.0, 22.11, 9999.0, 22.61, 22.5, 22.23, 22.25, 22.27
2026-09-08, 10:42:00, 22.25, 22.39, 22.75, 22.75, 9999.0, 9999.0, 9999.0, 23.66, 9999.0, 22.09, 9999.0, 22.59, 22.5, 22.23, 22.25, 22.27
2026-09-08, 10:42:04, 22.25, 22.39, 22.75, 22.75, 9999.0, 9999.0, 9999.0, 23.68, 9999.0, 22.07, 9999.0, 22.59, 22.48, 22.23, 22.25, 22.27
2026-09-08, 10:42:08, 22.25, 22.36, 22.75, 22.75, 9999.0, 9999.0, 9999.0, 23.64, 9999.0, 22.05, 9999.0, 22.59, 22.48, 22.23, 22.25, 22.27
2026-09-08, 10:42:12, 22.25, 22.39, 22.75, 22.75, 9999.0, 9999.0, 9999.0, 23.59, 9999.0, 22.02, 9999.0, 22.61, 22.48, 22.23, 22.25, 22.27
2026-09-08, 10:42:17, 22.25, 22.39, 22.75, 22.75, 9999.0, 9999.0, 9999.0, 23.57, 9999.0, 22.0, 9999.0, 22.61, 22.48, 22.23, 22.25, 22.25
2026-09-08, 10:42:21, 22.25, 22.41, 22.75, 22.75, 9999.0, 9999.0, 9999.0, 23.55, 9999.0, 22.0, 9999.0, 22.64, 22.48, 22.25, 22.25, 22.25
2026-09-08, 10:42:25, 22.25, 22.41, 22.75, 22.75, 9999.0, 9999.0, 9999.0, 23.52, 9999.0, 22.02, 9999.0, 22.66, 22.48, 22.25, 22.25, 22.25
2026-09-08, 10:42:29, 22.25, 22.43, 22.75, 22.75, 9999.0, 9999.0, 9999.0, 23.5, 9999.0, 22.05, 9999.0, 22.68, 22.48, 22.25, 22.25, 22.25
2026-09-08, 10:42:33, 22.25, 22.41, 22.75, 22.75, 9999.0, 9999.0, 9999.0, 23.48, 9999.0, 22.09, 9999.0, 22.7, 22.48, 22.25, 22.25, 22.25
2026-09-08, 10:42:37, 22.25, 22.41, 22.75, 22.75, 9999.0, 9999.0, 9999.0, 23.45, 9999.0, 22.11, 9999.0, 22.73, 22.48, 22.25, 22.25, 22.25
2026-09-08, 10:42:41, 22.25, 22.43, 22.75, 22.75, 9999.0, 9999.0, 9999.0, 23.43, 9999.0, 22.14, 9999.0, 22.75, 22.48, 22.25, 22.25, 22.25
2026-09-08, 10:42:45, 22.25, 22.43, 22.75, 22.75, 9999.0, 9999.0, 9999.0, 23.45, 9999.0, 22.16, 9999.0, 22.77, 22.48, 22.25, 22.25, 22.25
2026-09-08, 10:42:49, 22.25, 22.43, 22.75, 22.75, 9999.0, 9999.0, 9999.0, 23.48, 9999.0, 22.18, 9999.0, 22.75, 22.5, 22.25, 22.25, 22.25
2026-09-08, 10:42:53, 22.25, 22.45, 22.75, 22.75, 9999.0, 9999.0, 9999.0, 23.5, 9999.0, 22.2, 9999.0, 22.75, 22.5, 22.25, 22.25, 22.25
2026-09-08, 10:42:57, 22.25, 22.45, 22.75, 22.75, 9999.0, 9999.0, 9999.0, 23.52, 9999.0, 22.23, 9999.0, 22.7, 22.5, 22.25, 22.27, 22.25
2026-09-08, 10:43:01, 22.25, 22.45, 22.75, 22.75, 9999.0, 9999.0, 9999.0, 23.55, 9999.0, 22.25, 9999.0, 22.68, 22.5, 22.25, 22.27, 22.25
2026-09-08, 10:43:05, 22.25, 22.45, 22.75, 22.75, 9999.0, 9999.0, 9999.0, 23.55, 9999.0, 22.27, 9999.0, 22.66, 22.5, 22.25, 22.27, 22.25
2026-09-08, 10:43:09, 22.25, 22.48, 22.75, 22.75, 9999.0, 9999.0, 9999.0, 23.55, 9999.0, 22.27, 9999.0, 22.64, 22.48, 22.25, 22.27, 22.25
2026-09-08, 10:43:13, 22.25, 22.45, 22.75, 22.75, 9999.0, 9999.0, 9999.0, 23.57, 9999.0, 22.27, 9999.0, 22.61, 22.48, 22.25, 22.27, 22.25
2026-09-08, 10:43:17, 22.25, 22.45, 22.75, 22.75, 9999.0, 9999.0, 9999.0, 23.59, 9999.0, 22.25, 9999.0, 22.59, 22.48, 22.25, 22.27, 22.25
2026-09-08, 10:43:21, 22.25, 22.43, 22.75, 22.75, 9999.0, 9999.0, 9999.0, 23.61, 9999.0, 22.23, 9999.0, 22.59, 22.48, 22.25, 22.27, 22.25
2026-09-08, 10:43:25, 22.25, 22.43, 22.75, 22.75, 9999.0, 9999.0, 9999.0, 23.64, 9999.0, 22.2, 9999.0, 22.59, 22.45, 22.25, 22.27, 22.25
2026-09-08, 10:43:29, 22.25, 22.41, 22.75, 22.75, 9999.0, 9999.0, 9999.0, 23.59, 9999.0, 22.18, 9999.0, 22.59, 22.45, 22.25, 22.27, 22.25
2026-09-08, 10:43:33, 22.25, 22.39, 22.75, 22.75, 9999.0, 9999.0, 9999.0, 23.57, 9999.0, 22.16, 9999.0, 22.61, 22.45, 22.25, 22.27, 22.25
2026-09-08, 10:43:37, 22.25, 22.36, 22.75, 22.75, 9999.0, 9999.0, 9999.0, 23.55, 9999.0, 22.14, 9999.0, 22.61, 22.45, 22.25, 22.27, 22.25
2026-09-08, 10:43:41, 22.25, 22.34, 22.75, 22.75, 9999.0, 9999.0, 9999.0, 23.5, 9999.0, 22.14, 9999.0, 22.64, 22.43, 22.25, 22.25, 22.25
2026-09-08, 10:43:45, 22.25, 22.34, 22.75, 22.75, 9999.0, 9999.0, 9999.0, 23.45, 9999.0, 22.14, 9999.0, 22.66, 22.43, 22.25, 22.25, 22.25
2026-09-08, 10:43:49, 22.25, 22.34, 22.75, 22.75, 9999.0, 9999.0, 9999.0, 23.43, 9999.0, 22.14, 9999.0, 22.68, 22.43, 22.25, 22.25, 22.25
2026-09-08, 10:43:53, 22.25, 22.32, 22.75, 22.75, 9999.0, 9999.0, 9999.0, 23.43, 9999.0, 22.16, 9999.0, 22.7, 22.45, 22.25, 22.25, 22.25
2026-09-08, 10:43:57, 22.25, 22.32, 22.75, 22.75, 9999.0, 9999.0, 9999.0, 23.41, 9999.0, 22.18, 9999.0, 22.73, 22.45, 22.25, 22.25, 22.25
2026-09-08, 10:44:01, 22.25, 22.32, 22.75, 22.75, 9999.0, 9999.0, 9999.0, 23.45, 9999.0, 22.2, 9999.0, 22.75, 22.45, 22.25, 22.25, 22.25
2026-09-08, 10:44:05, 22.25, 22.34, 22.75, 22.75, 9999.0, 9999.0, 9999.0, 23.5, 9999.0, 22.23, 9999.0, 22.73, 22.45, 22.25, 22.25, 22.25
2026-09-08, 10:44:09, 22.25, 22.34, 22.75, 22.75, 9999.0, 9999.0, 9999.0, 23.52, 9999.0, 22.25, 9999.0, 22.7, 22.48, 22.25, 22.25, 22.25
2026-09-08, 10:44:13, 22.25, 22.36, 22.75, 22.75, 9999.0, 9999.0, 9999.0, 23.55, 9999.0, 22.27, 9999.0, 22.68, 22.48, 22.25, 22.25, 22.25
2026-09-08, 10:44:17, 22.25, 22.39, 22.75, 22.75, 9999.0, 9999.0, 9999.0, 23.57, 9999.0, 22.3, 9999.0, 22.66, 22.48, 22.25, 22.25, 22.25
2026-09-08, 10:44:21, 22.25, 22.39, 22.75, 22.75, 9999.0, 9999.0, 9999.0, 23.59, 9999.0, 22.32, 9999.0, 22.64, 22.48, 22.25, 22.25, 22.25
2026-09-08, 10:44:25, 22.25, 22.39, 22.75, 22.75, 9999.0, 9999.0, 9999.0, 23.64, 9999.0, 22.3, 9999.0, 22.61, 22.5, 22.25, 22.25, 22.25
2026-09-08, 10:44:29, 22.25, 22.39, 22.75, 22.75, 9999.0, 9999.0, 9999.0, 23.68, 9999.0, 22.3, 9999.0, 22.59, 22.5, 22.25, 22.25, 22.25
2026-09-08, 10:44:33, 22.25, 22.39, 22.75, 22.75, 9999.0, 9999.0, 9999.0, 23.73, 9999.0, 22.3, 9999.0, 22.57, 22.5, 22.25, 22.25, 22.25
2026-09-08, 10:44:37, 22.25, 22.41, 22.75, 22.75, 9999.0, 9999.0, 9999.0, 23.75, 9999.0, 22.27, 9999.0, 22.57, 22.5, 22.25, 22.25, 22.25
2026-09-08, 10:44:41, 22.25, 22.43, 22.75, 22.75, 9999.0, 9999.0, 9999.0, 23.8, 9999.0, 22.23, 9999.0, 22.55, 22.5, 22.25, 22.25, 22.25
2026-09-08, 10:44:45, 22.25, 22.45, 22.75, 22.75, 9999.0, 9999.0, 9999.0, 23.75, 9999.0, 22.2, 9999.0, 22.55, 22.48, 22.25, 22.25, 22.25
2026-09-08, 10:44:49, 22.25, 22.45, 22.75, 22.75, 9999.0, 9999.0, 9999.0, 23.7, 9999.0, 22.18, 9999.0, 22.57, 22.48, 22.25, 22.25, 22.25
2026-09-08, 10:44:53, 22.25, 22.45, 22.75, 22.75, 9999.0, 9999.0, 9999.0, 23.68, 9999.0, 22.16, 9999.0, 22.59, 22.48, 22.25, 22.27, 22.25
2026-09-08, 10:44:57, 22.25, 22.45, 22.75, 22.77, 9999.0, 9999.0, 9999.0, 23.66, 9999.0, 22.16, 9999.0, 22.61, 22.48, 22.25, 22.3, 22.25
2026-09-08, 10:45:01, 22.25, 22.45, 22.75, 22.77, 9999.0, 9999.0, 9999.0, 23.64, 9999.0, 22.16, 9999.0, 22.64, 22.48, 22.25, 22.3, 22.25
2026-09-08, 10:45:05, 22.25, 22.48, 22.75, 22.77, 9999.0, 9999.0, 9999.0, 23.61, 9999.0, 22.16, 9999.0, 22.66, 22.48, 22.25, 22.3, 22.25
2026-09-08, 10:45:09, 22.25, 22.48, 22.75, 22.77, 9999.0, 9999.0, 9999.0, 23.59, 9999.0, 22.2, 9999.0, 22.68, 22.48, 22.25, 22.32, 22.25
2026-09-08, 10:45:13, 22.25, 22.48, 22.75, 22.77, 9999.0, 9999.0, 9999.0, 23.55, 9999.0, 22.23, 9999.0, 22.7, 22.48, 22.25, 22.32, 22.25
2026-09-08, 10:45:17, 22.25, 22.48, 22.75, 22.77, 9999.0, 9999.0, 9999.0, 23.5, 9999.0, 22.25, 9999.0, 22.73, 22.48, 22.25, 22.32, 22.25
2026-09-08, 10:45:21, 22.25, 22.45, 22.75, 22.77, 9999.0, 9999.0, 9999.0, 23.52, 9999.0, 22.25, 9999.0, 22.73, 22.48, 22.25, 22.32, 22.25
2026-09-08, 10:45:25, 22.25, 22.45, 22.75, 22.77, 9999.0, 9999.0, 9999.0, 23.55, 9999.0, 22.27, 9999.0, 22.73, 22.48, 22.25, 22.32, 22.25
2026-09-08, 10:45:29, 22.25, 22.45, 22.75, 22.77, 9999.0, 9999.0, 9999.0, 23.59, 9999.0, 22.27, 9999.0, 22.7, 22.5, 22.25, 22.32, 22.25
2026-09-08, 10:45:33, 22.25, 22.45, 22.75, 22.77, 9999.0, 9999.0, 9999.0, 23.64, 9999.0, 22.3, 9999.0, 22.68, 22.5, 22.25, 22.32, 22.25
2026-09-08, 10:45:37, 22.25, 22.45, 22.75, 22.77, 9999.0, 9999.0, 9999.0, 23.66, 9999.0, 22.32, 9999.0, 22.66, 22.5, 22.25, 22.3, 22.25
2026-09-08, 10:45:41, 22.25, 22.45, 22.75, 22.75, 9999.0, 9999.0, 9999.0, 23.68, 9999.0, 22.32, 9999.0, 22.64, 22.5, 22.25, 22.27, 22.25
2026-09-08, 10:45:45, 22.25, 22.43, 22.75, 22.75, 9999.0, 9999.0, 9999.0, 23.7, 9999.0, 22.32, 9999.0, 22.61, 22.5, 22.25, 22.27, 22.25
2026-09-08, 10:45:49, 22.25, 22.43, 22.75, 22.75, 9999.0, 9999.0, 9999.0, 23.75, 9999.0, 22.32, 9999.0, 22.59, 22.5, 22.25, 22.27, 22.25
2026-09-08, 10:45:53, 22.25, 22.43, 22.75, 22.75, 9999.0, 9999.0, 9999.0, 23.77, 9999.0, 22.27, 9999.0, 22.57, 22.48, 22.25, 22.25, 22.25
2026-09-08, 10:45:57, 22.25, 22.43, 22.75, 22.75, 9999.0, 9999.0, 9999.0, 23.82, 9999.0, 22.25, 9999.0, 22.57, 22.45, 22.25, 22.25, 22.25
2026-09-08, 10:46:02, 22.25, 22.43, 22.75, 22.75, 9999.0, 9999.0, 9999.0, 23.86, 9999.0, 22.23, 9999.0, 22.57, 22.45, 22.25, 22.25, 22.25
2026-09-08, 10:46:06, 22.25, 22.45, 22.75, 22.75, 9999.0, 9999.0, 9999.0, 23.84, 9999.0, 22.2, 9999.0, 22.57, 22.45, 22.25, 22.25, 22.25
2026-09-08, 10:46:10, 22.25, 22.45, 22.75, 22.75, 9999.0, 9999.0, 9999.0, 23.8, 9999.0, 22.18, 9999.0, 22.59, 22.45, 22.25, 22.25, 22.25
2026-09-08, 10:46:14, 22.25, 22.45, 22.75, 22.75, 9999.0, 9999.0, 9999.0, 23.75, 9999.0, 22.16, 9999.0, 22.61, 22.45, 22.25, 22.25, 22.25
2026-09-08, 10:46:18, 22.25, 22.45, 22.75, 22.75, 9999.0, 9999.0, 9999.0, 23.7, 9999.0, 22.16, 9999.0, 22.64, 22.45, 22.25, 22.25, 22.27
2026-09-08, 10:46:22, 22.25, 22.43, 22.75, 22.75, 9999.0, 9999.0, 9999.0, 23.68, 9999.0, 22.16, 9999.0, 22.66, 22.45, 22.25, 22.25, 22.27
2026-09-08, 10:46:26, 22.25, 22.43, 22.75, 22.75, 9999.0, 9999.0, 9999.0, 23.66, 9999.0, 22.18, 9999.0, 22.68, 22.45, 22.25, 22.25, 22.3
2026-09-08, 10:46:30, 22.25, 22.45, 22.75, 22.75, 9999.0, 9999.0, 9999.0, 23.61, 9999.0, 22.2, 9999.0, 22.7, 22.45, 22.25, 22.25, 22.3
2026-09-08, 10:46:34, 22.25, 22.45, 22.75, 22.75, 9999.0, 9999.0, 9999.0, 23.55, 9999.0, 22.23, 9999.0, 22.73, 22.45, 22.25, 22.25, 22.3
2026-09-08, 10:46:38, 22.25, 22.48, 22.75, 22.75, 9999.0, 9999.0, 9999.0, 23.59, 9999.0, 22.27, 9999.0, 22.75, 22.48, 22.25, 22.25, 22.3
2026-09-08, 10:46:42, 22.25, 22.45, 22.75, 22.75, 9999.0, 9999.0, 9999.0, 23.61, 9999.0, 22.3, 9999.0, 22.73, 22.5, 22.25, 22.25, 22.3
2026-09-08, 10:46:46, 22.25, 22.45, 22.75, 22.75, 9999.0, 9999.0, 9999.0, 23.64, 9999.0, 22.3, 9999.0, 22.73, 22.5, 22.25, 22.25, 22.3
2026-09-08, 10:46:50, 22.25, 22.45, 22.75, 22.75, 9999.0, 9999.0, 9999.0, 23.66, 9999.0, 22.32, 9999.0, 22.7, 22.5, 22.25, 22.25, 22.3
2026-09-08, 10:46:54, 22.25, 22.45, 22.75, 22.75, 9999.0, 9999.0, 9999.0, 23.68, 9999.0, 22.34, 9999.0, 22.68, 22.5, 22.25, 22.25, 22.3
2026-09-08, 10:46:58, 22.25, 22.45, 22.75, 22.75, 9999.0, 9999.0, 9999.0, 23.73, 9999.0, 22.36, 9999.0, 22.66, 22.5, 22.25, 22.25, 22.3
2026-09-08, 10:47:02, 22.25, 22.45, 22.75, 22.75, 9999.0, 9999.0, 9999.0, 23.75, 9999.0, 22.36, 9999.0, 22.64, 22.5, 22.25, 22.25, 22.27
2026-09-08, 10:47:06, 22.25, 22.48, 22.75, 22.75, 9999.0, 9999.0, 9999.0, 23.77, 9999.0, 22.36, 9999.0, 22.61, 22.5, 22.25, 22.25, 22.27
2026-09-08, 10:47:10, 22.25, 22.45, 22.75, 22.75, 9999.0, 9999.0, 9999.0, 23.82, 9999.0, 22.34, 9999.0, 22.59, 22.5, 22.25, 22.25, 22.25
2026-09-08, 10:47:14, 22.25, 22.45, 22.75, 22.75, 9999.0, 9999.0, 9999.0, 23.86, 9999.0, 22.32, 9999.0, 22.59, 22.5, 22.25, 22.25, 22.25
2026-09-08, 10:47:18, 22.25, 22.45, 22.75, 22.75, 9999.0, 9999.0, 9999.0, 23.91, 9999.0, 22.3, 9999.0, 22.59, 22.5, 22.25, 22.25, 22.25
2026-09-08, 10:47:22, 22.25, 22.45, 22.75, 22.75, 9999.0, 9999.0, 9999.0, 23.86, 9999.0, 22.27, 9999.0, 22.59, 22.5, 22.25, 22.25, 22.25
2026-09-08, 10:47:26, 22.25, 22.45, 22.75, 22.75, 9999.0, 9999.0, 9999.0, 23.82, 9999.0, 22.25, 9999.0, 22.61, 22.5, 22.25, 22.25, 22.25
2026-09-08, 10:47:30, 22.25, 22.45, 22.75, 22.75, 9999.0, 9999.0, 9999.0, 23.77, 9999.0, 22.25, 9999.0, 22.61, 22.5, 22.25, 22.25, 22.25
2026-09-08, 10:47:34, 22.25, 22.43, 22.75, 22.75, 9999.0, 9999.0, 9999.0, 23.73, 9999.0, 22.27, 9999.0, 22.64, 22.5, 22.25, 22.25, 22.25
2026-09-08, 10:47:38, 22.25, 22.43, 22.75, 22.75, 9999.0, 9999.0, 9999.0, 23.7, 9999.0, 22.27, 9999.0, 22.66, 22.48, 22.25, 22.25, 22.25
2026-09-08, 10:47:42, 22.25, 22.43, 22.75, 22.75, 9999.0, 9999.0, 9999.0, 23.66, 9999.0, 22.3, 9999.0, 22.68, 22.48, 22.25, 22.25, 22.25
2026-09-08, 10:47:46, 22.25, 22.43, 22.75, 22.75, 9999.0, 9999.0, 9999.0, 23.64, 9999.0, 22.32, 9999.0, 22.7, 22.48, 22.25, 22.25, 22.25
2026-09-08, 10:47:50, 22.25, 22.43, 22.75, 22.75, 9999.0, 9999.0, 9999.0, 23.61, 9999.0, 22.34, 9999.0, 22.73, 22.48, 22.25, 22.25, 22.25
2026-09-08, 10:47:54, 22.25, 22.45, 22.75, 22.75, 9999.0, 9999.0, 9999.0, 23.64, 9999.0, 22.36, 9999.0, 22.75, 22.48, 22.25, 22.25, 22.25
2026-09-08, 10:47:58, 22.25, 22.45, 22.75, 22.75, 9999.0, 9999.0, 9999.0, 23.68, 9999.0, 22.39, 9999.0, 22.75, 22.48, 22.25, 22.25, 22.25
2026-09-08, 10:48:02, 22.25, 22.45, 22.75, 22.75, 9999.0, 9999.0, 9999.0, 23.7, 9999.0, 22.41, 9999.0, 22.73, 22.48, 22.25, 22.27, 22.25
2026-09-08, 10:48:06, 22.25, 22.45, 22.75, 22.75, 9999.0, 9999.0, 9999.0, 23.73, 9999.0, 22.41, 9999.0, 22.73, 22.48, 22.25, 22.27, 22.25
2026-09-08, 10:48:10, 22.25, 22.48, 22.75, 22.75, 9999.0, 9999.0, 9999.0, 23.77, 9999.0, 22.41, 9999.0, 22.7, 22.48, 22.25, 22.27, 22.25
2026-09-08, 10:48:14, 22.25, 22.48, 22.75, 22.75, 9999.0, 9999.0, 9999.0, 23.82, 9999.0, 22.41, 9999.0, 22.68, 22.45, 22.25, 22.27, 22.25
2026-09-08, 10:48:18, 22.25, 22.48, 22.75, 22.75, 9999.0, 9999.0, 9999.0, 23.86, 9999.0, 22.39, 9999.0, 22.66, 22.45, 22.25, 22.27, 22.25
2026-09-08, 10:48:22, 22.25, 22.48, 22.75, 22.75, 9999.0, 9999.0, 9999.0, 23.91, 9999.0, 22.39, 9999.0, 22.64, 22.48, 22.25, 22.27, 22.25
2026-09-08, 10:48:26, 22.25, 22.48, 22.75, 22.75, 9999.0, 9999.0, 9999.0, 23.95, 9999.0, 22.36, 9999.0, 22.61, 22.45, 22.25, 22.27, 22.25
2026-09-08, 10:48:30, 22.25, 22.45, 22.75, 22.75, 9999.0, 9999.0, 9999.0, 23.98, 9999.0, 22.34, 9999.0, 22.61, 22.45, 22.25, 22.27, 22.25
2026-09-08, 10:48:34, 22.25, 22.45, 22.75, 22.75, 9999.0, 9999.0, 9999.0, 24.0, 9999.0, 22.32, 9999.0, 22.61, 22.45, 22.25, 22.27, 22.25
2026-09-08, 10:48:38, 22.25, 22.45, 22.75, 22.75, 9999.0, 9999.0, 9999.0, 23.95, 9999.0, 22.3, 9999.0, 22.61, 22.45, 22.25, 22.27, 22.25
2026-09-08, 10:48:42, 22.25, 22.45, 22.75, 22.75, 9999.0, 9999.0, 9999.0, 23.89, 9999.0, 22.27, 9999.0, 22.61, 22.43, 22.25, 22.27, 22.25
2026-09-08, 10:48:46, 22.25, 22.45, 22.75, 22.75, 9999.0, 9999.0, 9999.0, 23.84, 9999.0, 22.25, 9999.0, 22.64, 22.43, 22.25, 22.27, 22.25
2026-09-08, 10:48:50, 22.25, 22.43, 22.75, 22.75, 9999.0, 9999.0, 9999.0, 23.82, 9999.0, 22.27, 9999.0, 22.64, 22.43, 22.25, 22.27, 22.25
2026-09-08, 10:48:54, 22.25, 22.41, 22.75, 22.75, 9999.0, 9999.0, 9999.0, 23.77, 9999.0, 22.3, 9999.0, 22.66, 22.43, 22.25, 22.27, 22.25
2026-09-08, 10:48:58, 22.25, 22.41, 22.75, 22.75, 9999.0, 9999.0, 9999.0, 23.73, 9999.0, 22.32, 9999.0, 22.68, 22.45, 22.25, 22.27, 22.25
2026-09-08, 10:49:02, 22.25, 22.43, 22.75, 22.75, 9999.0, 9999.0, 9999.0, 23.68, 9999.0, 22.36, 9999.0, 22.7, 22.45, 22.25, 22.27, 22.25
2026-09-08, 10:49:06, 22.25, 22.43, 22.75, 22.75, 9999.0, 9999.0, 9999.0, 23.64, 9999.0, 22.39, 9999.0, 22.73, 22.45, 22.25, 22.27, 22.25
2026-09-08, 10:49:10, 22.25, 22.43, 22.75, 22.75, 9999.0, 9999.0, 9999.0, 23.66, 9999.0, 22.41, 9999.0, 22.75, 22.48, 22.25, 22.27, 22.25
2026-09-08, 10:49:14, 22.25, 22.43, 22.75, 22.75, 9999.0, 9999.0, 9999.0, 23.7, 9999.0, 22.43, 9999.0, 22.75, 22.48, 22.25, 22.27, 22.25
2026-09-08, 10:49:18, 22.25, 22.43, 22.75, 22.75, 9999.0, 9999.0, 9999.0, 23.75, 9999.0, 22.45, 9999.0, 22.75, 22.48, 22.25, 22.27, 22.25
2026-09-08, 10:49:22, 22.25, 22.41, 22.75, 22.75, 9999.0, 9999.0, 9999.0, 23.77, 9999.0, 22.48, 9999.0, 22.75, 22.48, 22.25, 22.27, 22.25
2026-09-08, 10:49:26, 22.25, 22.41, 22.75, 22.75, 9999.0, 9999.0, 9999.0, 23.82, 9999.0, 22.5, 9999.0, 22.73, 22.5, 22.25, 22.27, 22.25
2026-09-08, 10:49:30, 22.25, 22.39, 22.75, 22.75, 9999.0, 9999.0, 9999.0, 23.84, 9999.0, 22.52, 9999.0, 22.7, 22.48, 22.25, 22.25, 22.25
2026-09-08, 10:49:34, 22.25, 22.41, 22.75, 22.75, 9999.0, 9999.0, 9999.0, 23.84, 9999.0, 22.52, 9999.0, 22.68, 22.48, 22.25, 22.25, 22.25
2026-09-08, 10:49:39, 22.25, 22.41, 22.75, 22.75, 9999.0, 9999.0, 9999.0, 23.89, 9999.0, 22.52, 9999.0, 22.66, 22.48, 22.25, 22.25, 22.25
2026-09-08, 10:49:43, 22.25, 22.41, 22.75, 22.75, 9999.0, 9999.0, 9999.0, 23.91, 9999.0, 22.52, 9999.0, 22.64, 22.45, 22.25, 22.25, 22.25
2026-09-08, 10:49:47, 22.25, 22.41, 22.75, 22.75, 9999.0, 9999.0, 9999.0, 23.93, 9999.0, 22.5, 9999.0, 22.64, 22.43, 22.25, 22.25, 22.25
2026-09-08, 10:49:51, 22.25, 22.41, 22.75, 22.75, 9999.0, 9999.0, 9999.0, 23.95, 9999.0, 22.48, 9999.0, 22.64, 22.41, 22.25, 22.25, 22.25
2026-09-08, 10:49:55, 22.25, 22.41, 22.75, 22.75, 9999.0, 9999.0, 9999.0, 23.91, 9999.0, 22.45, 9999.0, 22.64, 22.39, 22.25, 22.25, 22.25
2026-09-08, 10:49:59, 22.25, 22.41, 22.75, 22.75, 9999.0, 9999.0, 9999.0, 23.86, 9999.0, 22.45, 9999.0, 22.64, 22.39, 22.25, 22.25, 22.25
2026-09-08, 10:50:03, 22.25, 22.41, 22.75, 22.75, 9999.0, 9999.0, 9999.0, 23.82, 9999.0, 22.43, 9999.0, 22.64, 22.39, 22.25, 22.25, 22.25
2026-09-08, 10:50:07, 22.25, 22.41, 22.75, 22.75, 9999.0, 9999.0, 9999.0, 23.77, 9999.0, 22.41, 9999.0, 22.64, 22.36, 22.25, 22.25, 22.25
2026-09-08, 10:50:11, 22.25, 22.41, 22.75, 22.75, 9999.0, 9999.0, 9999.0, 23.73, 9999.0, 22.41, 9999.0, 22.66, 22.36, 22.25, 22.25, 22.25
2026-09-08, 10:50:15, 22.25, 22.43, 22.75, 22.75, 9999.0, 9999.0, 9999.0, 23.7, 9999.0, 22.41, 9999.0, 22.68, 22.36, 22.25, 22.25, 22.25
2026-09-08, 10:50:19, 22.25, 22.43, 22.75, 22.75, 9999.0, 9999.0, 9999.0, 23.68, 9999.0, 22.43, 9999.0, 22.7, 22.36, 22.25, 22.25, 22.25
2026-09-08, 10:50:23, 22.25, 22.45, 22.75, 22.75, 9999.0, 9999.0, 9999.0, 23.64, 9999.0, 22.45, 9999.0, 22.73, 22.36, 22.25, 22.25, 22.25
2026-09-08, 10:50:27, 22.25, 22.45, 22.75, 22.75, 9999.0, 9999.0, 9999.0, 23.61, 9999.0, 22.48, 9999.0, 22.75, 22.39, 22.25, 22.25, 22.25
2026-09-08, 10:50:31, 22.25, 22.45, 22.75, 22.75, 9999.0, 9999.0, 9999.0, 23.66, 9999.0, 22.5, 9999.0, 22.75, 22.41, 22.25, 22.25, 22.25
2026-09-08, 10:50:35, 22.25, 22.45, 22.75, 22.75, 9999.0, 9999.0, 9999.0, 23.7, 9999.0, 22.55, 9999.0, 22.73, 22.43, 22.25, 22.25, 22.25
2026-09-08, 10:50:39, 22.25, 22.45, 22.75, 22.75, 9999.0, 9999.0, 9999.0, 23.75, 9999.0, 22.59, 9999.0, 22.7, 22.45, 22.25, 22.25, 22.25
2026-09-08, 10:50:43, 22.25, 22.45, 22.75, 22.75, 9999.0, 9999.0, 9999.0, 23.77, 9999.0, 22.61, 9999.0, 22.7, 22.45, 22.25, 22.25, 22.25
2026-09-08, 10:50:47, 22.25, 22.45, 22.75, 22.75, 9999.0, 9999.0, 9999.0, 23.8, 9999.0, 22.66, 9999.0, 22.68, 22.45, 22.25, 22.25, 22.25
2026-09-08, 10:50:51, 22.25, 22.45, 22.75, 22.75, 9999.0, 9999.0, 9999.0, 23.84, 9999.0, 22.68, 9999.0, 22.66, 22.45, 22.25, 22.25, 22.25
2026-09-08, 10:50:55, 22.25, 22.43, 22.75, 22.75, 9999.0, 9999.0, 9999.0, 23.89, 9999.0, 22.68, 9999.0, 22.64, 22.45, 22.25, 22.25, 22.25
2026-09-08, 10:50:59, 22.25, 22.41, 22.75, 22.75, 9999.0, 9999.0, 9999.0, 23.93, 9999.0, 22.68, 9999.0, 22.61, 22.45, 22.25, 22.25, 22.25
2026-09-08, 10:51:03, 22.25, 22.41, 22.75, 22.75, 9999.0, 9999.0, 9999.0, 23.98, 9999.0, 22.66, 9999.0, 22.59, 22.45, 22.25, 22.25, 22.25
2026-09-08, 10:51:07, 22.25, 22.41, 22.75, 22.75, 9999.0, 9999.0, 9999.0, 24.0, 9999.0, 22.64, 9999.0, 22.59, 22.45, 22.25, 22.25, 22.25
2026-09-08, 10:51:11, 22.25, 22.41, 22.75, 22.75, 9999.0, 9999.0, 9999.0, 24.05, 9999.0, 22.61, 9999.0, 22.59, 22.43, 22.25, 22.25, 22.25
2026-09-08, 10:51:15, 22.25, 22.41, 22.75, 22.75, 9999.0, 9999.0, 9999.0, 24.0, 9999.0, 22.59, 9999.0, 22.59, 22.43, 22.25, 22.25, 22.25
2026-09-08, 10:51:19, 22.25, 22.41, 22.75, 22.75, 9999.0, 9999.0, 9999.0, 23.95, 9999.0, 22.57, 9999.0, 22.61, 22.43, 22.25, 22.25, 22.25
2026-09-08, 10:51:23, 22.25, 22.41, 22.75, 22.75, 9999.0, 9999.0, 9999.0, 23.91, 9999.0, 22.55, 9999.0, 22.64, 22.43, 22.25, 22.25, 22.25
2026-09-08, 10:51:27, 22.25, 22.43, 22.75, 22.75, 9999.0, 9999.0, 9999.0, 23.89, 9999.0, 22.55, 9999.0, 22.64, 22.43, 22.25, 22.25, 22.25
2026-09-08, 10:51:31, 22.25, 22.43, 22.75, 22.75, 9999.0, 9999.0, 9999.0, 23.86, 9999.0, 22.55, 9999.0, 22.66, 22.43, 22.25, 22.27, 22.27
2026-09-08, 10:51:35, 22.25, 22.45, 22.75, 22.75, 9999.0, 9999.0, 9999.0, 23.82, 9999.0, 22.55, 9999.0, 22.68, 22.45, 22.25, 22.27, 22.27
2026-09-08, 10:51:39, 22.25, 22.48, 22.75, 22.75, 9999.0, 9999.0, 9999.0, 23.77, 9999.0, 22.57, 9999.0, 22.7, 22.45, 22.25, 22.27, 22.27
2026-09-08, 10:51:43, 22.25, 22.5, 22.75, 22.75, 9999.0, 9999.0, 9999.0, 23.73, 9999.0, 22.59, 9999.0, 22.73, 22.48, 22.25, 22.27, 22.27
2026-09-08, 10:51:47, 22.25, 22.5, 22.75, 22.75, 9999.0, 9999.0, 9999.0, 23.68, 9999.0, 22.61, 9999.0, 22.73, 22.48, 22.25, 22.27, 22.27
2026-09-08, 10:51:51, 22.25, 22.5, 22.75, 22.75, 9999.0, 9999.0, 9999.0, 23.73, 9999.0, 22.64, 9999.0, 22.73, 22.48, 22.25, 22.27, 22.27
2026-09-08, 10:51:55, 22.25, 22.5, 22.75, 22.75, 9999.0, 9999.0, 9999.0, 23.75, 9999.0, 22.66, 9999.0, 22.73, 22.5, 22.25, 22.27, 22.27
2026-09-08, 10:51:59, 22.25, 22.48, 22.75, 22.75, 9999.0, 9999.0, 9999.0, 23.8, 9999.0, 22.68, 9999.0, 22.73, 22.5, 22.25, 22.27, 22.27
2026-09-08, 10:52:03, 22.25, 22.48, 22.75, 22.75, 9999.0, 9999.0, 9999.0, 23.84, 9999.0, 22.7, 9999.0, 22.73, 22.5, 22.25, 22.27, 22.27
2026-09-08, 10:52:07, 22.25, 22.45, 22.75, 22.75, 9999.0, 9999.0, 9999.0, 23.86, 9999.0, 22.73, 9999.0, 22.7, 22.48, 22.25, 22.27, 22.27
2026-09-08, 10:52:11, 22.25, 22.43, 22.75, 22.75, 9999.0, 9999.0, 9999.0, 23.89, 9999.0, 22.7, 9999.0, 22.68, 22.48, 22.25, 22.27, 22.27
2026-09-08, 10:52:15, 22.25, 22.43, 22.75, 22.75, 9999.0, 9999.0, 9999.0, 23.91, 9999.0, 22.68, 9999.0, 22.66, 22.48, 22.25, 22.25, 22.25
2026-09-08, 10:52:19, 22.25, 22.43, 22.75, 22.75, 9999.0, 9999.0, 9999.0, 23.95, 9999.0, 22.68, 9999.0, 22.64, 22.48, 22.25, 22.25, 22.25
2026-09-08, 10:52:23, 22.25, 22.43, 22.75, 22.75, 9999.0, 9999.0, 9999.0, 24.0, 9999.0, 22.66, 9999.0, 22.61, 22.45, 22.25, 22.25, 22.25
2026-09-08, 10:52:27, 22.25, 22.41, 22.75, 22.75, 9999.0, 9999.0, 9999.0, 24.05, 9999.0, 22.64, 9999.0, 22.61, 22.43, 22.25, 22.25, 22.25
2026-09-08, 10:52:31, 22.25, 22.41, 22.75, 22.75, 9999.0, 9999.0, 9999.0, 24.07, 9999.0, 22.61, 9999.0, 22.64, 22.43, 22.25, 22.25, 22.25
2026-09-08, 10:52:35, 22.25, 22.41, 22.75, 22.75, 9999.0, 9999.0, 9999.0, 24.02, 9999.0, 22.59, 9999.0, 22.64, 22.43, 22.25, 22.25, 22.25
2026-09-08, 10:52:39, 22.25, 22.41, 22.75, 22.75, 9999.0, 9999.0, 9999.0, 23.98, 9999.0, 22.57, 9999.0, 22.64, 22.43, 22.25, 22.25, 22.25
2026-09-08, 10:52:43, 22.25, 22.43, 22.75, 22.75, 9999.0, 9999.0, 9999.0, 23.93, 9999.0, 22.55, 9999.0, 22.64, 22.43, 22.25, 22.25, 22.25
2026-09-08, 10:52:47, 22.25, 22.43, 22.75, 22.75, 9999.0, 9999.0, 9999.0, 23.89, 9999.0, 22.55, 9999.0, 22.64, 22.43, 22.25, 22.25, 22.25
2026-09-08, 10:52:51, 22.25, 22.45, 22.75, 22.75, 9999.0, 9999.0, 9999.0, 23.86, 9999.0, 22.55, 9999.0, 22.66, 22.45, 22.25, 22.25, 22.25
2026-09-08, 10:52:55, 22.25, 22.45, 22.75, 22.75, 9999.0, 9999.0, 9999.0, 23.84, 9999.0, 22.57, 9999.0, 22.68, 22.45, 22.25, 22.25, 22.25
2026-09-08, 10:52:59, 22.25, 22.45, 22.75, 22.75, 9999.0, 9999.0, 9999.0, 23.8, 9999.0, 22.59, 9999.0, 22.7, 22.45, 22.25, 22.25, 22.25
2026-09-08, 10:53:03, 22.25, 22.45, 22.75, 22.75, 9999.0, 9999.0, 9999.0, 23.75, 9999.0, 22.61, 9999.0, 22.7, 22.45, 22.25, 22.25, 22.25
2026-09-08, 10:53:07, 22.25, 22.45, 22.75, 22.75, 9999.0, 9999.0, 9999.0, 23.7, 9999.0, 22.64, 9999.0, 22.73, 22.48, 22.23, 22.25, 22.25
2026-09-08, 10:53:11, 22.25, 22.48, 22.75, 22.75, 9999.0, 9999.0, 9999.0, 23.73, 9999.0, 22.66, 9999.0, 22.73, 22.5, 22.23, 22.25, 22.25
2026-09-08, 10:53:15, 22.25, 22.48, 22.75, 22.75, 9999.0, 9999.0, 9999.0, 23.77, 9999.0, 22.68, 9999.0, 22.73, 22.5, 22.23, 22.25, 22.25
2026-09-08, 10:53:19, 22.25, 22.45, 22.75, 22.75, 9999.0, 9999.0, 9999.0, 23.82, 9999.0, 22.7, 9999.0, 22.7, 22.5, 22.23, 22.25, 22.25
2026-09-08, 10:53:23, 22.25, 22.45, 22.75, 22.75, 9999.0, 9999.0, 9999.0, 23.84, 9999.0, 22.73, 9999.0, 22.68, 22.5, 22.23, 22.25, 22.25
2026-09-08, 10:53:27, 22.25, 22.45, 22.75, 22.75, 9999.0, 9999.0, 9999.0, 23.86, 9999.0, 22.75, 9999.0, 22.66, 22.48, 22.23, 22.25, 22.25
2026-09-08, 10:53:32, 22.25, 22.45, 22.75, 22.75, 9999.0, 9999.0, 9999.0, 23.89, 9999.0, 22.75, 9999.0, 22.64, 22.48, 22.23, 22.25, 22.25
2026-09-08, 10:53:36, 22.25, 22.45, 22.75, 22.75, 9999.0, 9999.0, 9999.0, 23.91, 9999.0, 22.75, 9999.0, 22.61, 22.45, 22.23, 22.25, 22.25
2026-09-08, 10:53:40, 22.25, 22.45, 22.75, 22.75, 9999.0, 9999.0, 9999.0, 23.93, 9999.0, 22.75, 9999.0, 22.59, 22.43, 22.23, 22.25, 22.25
2026-09-08, 10:53:44, 22.25, 22.45, 22.75, 22.75, 9999.0, 9999.0, 9999.0, 23.98, 9999.0, 22.75, 9999.0, 22.57, 22.43, 22.23, 22.25, 22.25
2026-09-08, 10:53:48, 22.25, 22.43, 22.75, 22.75, 9999.0, 9999.0, 9999.0, 24.02, 9999.0, 22.75, 9999.0, 22.59, 22.41, 22.23, 22.25, 22.23
2026-09-08, 10:53:52, 22.25, 22.43, 22.75, 22.75, 9999.0, 9999.0, 9999.0, 24.07, 9999.0, 22.73, 9999.0, 22.59, 22.41, 22.25, 22.25, 22.23
2026-09-08, 10:53:56, 22.25, 22.43, 22.75, 22.75, 9999.0, 9999.0, 9999.0, 24.05, 9999.0, 22.7, 9999.0, 22.59, 22.41, 22.25, 22.25, 22.23
2026-09-08, 10:54:00, 22.25, 22.41, 22.75, 22.73, 9999.0, 9999.0, 9999.0, 24.02, 9999.0, 22.68, 9999.0, 22.59, 22.41, 22.25, 22.25, 22.23
2026-09-08, 10:54:04, 22.25, 22.43, 22.75, 22.73, 9999.0, 9999.0, 9999.0, 23.98, 9999.0, 22.66, 9999.0, 22.61, 22.41, 22.25, 22.25, 22.23
2026-09-08, 10:54:08, 22.25, 22.43, 22.75, 22.73, 9999.0, 9999.0, 9999.0, 23.95, 9999.0, 22.66, 9999.0, 22.64, 22.41, 22.25, 22.25, 22.23
2026-09-08, 10:54:12, 22.25, 22.43, 22.75, 22.73, 9999.0, 9999.0, 9999.0, 23.93, 9999.0, 22.66, 9999.0, 22.66, 22.41, 22.25, 22.25, 22.23
2026-09-08, 10:54:16, 22.25, 22.43, 22.75, 22.73, 9999.0, 9999.0, 9999.0, 23.91, 9999.0, 22.66, 9999.0, 22.68, 22.41, 22.25, 22.25, 22.23
2026-09-08, 10:54:20, 22.25, 22.41, 22.75, 22.73, 9999.0, 9999.0, 9999.0, 23.86, 9999.0, 22.68, 9999.0, 22.7, 22.43, 22.25, 22.25, 22.23
2026-09-08, 10:54:24, 22.25, 22.43, 22.75, 22.73, 9999.0, 9999.0, 9999.0, 23.82, 9999.0, 22.68, 9999.0, 22.7, 22.45, 22.25, 22.25, 22.23
2026-09-08, 10:54:28, 22.25, 22.41, 22.75, 22.73, 9999.0, 9999.0, 9999.0, 23.77, 9999.0, 22.68, 9999.0, 22.7, 22.45, 22.25, 22.25, 22.23
2026-09-08, 10:54:32, 22.25, 22.43, 22.75, 22.73, 9999.0, 9999.0, 9999.0, 23.8, 9999.0, 22.68, 9999.0, 22.68, 22.48, 22.25, 22.25, 22.25
2026-09-08, 10:54:36, 22.25, 22.43, 22.75, 22.73, 9999.0, 9999.0, 9999.0, 23.82, 9999.0, 22.7, 9999.0, 22.66, 22.48, 22.25, 22.25, 22.25
2026-09-08, 10:54:40, 22.25, 22.43, 22.75, 22.73, 9999.0, 9999.0, 9999.0, 23.84, 9999.0, 22.73, 9999.0, 22.64, 22.45, 22.25, 22.25, 22.25
2026-09-08, 10:54:44, 22.25, 22.45, 22.75, 22.73, 9999.0, 9999.0, 9999.0, 23.86, 9999.0, 22.73, 9999.0, 22.61, 22.43, 22.25, 22.25, 22.25
2026-09-08, 10:54:48, 22.25, 22.43, 22.75, 22.7, 9999.0, 9999.0, 9999.0, 23.89, 9999.0, 22.75, 9999.0, 22.59, 22.43, 22.25, 22.25, 22.25
2026-09-08, 10:54:52, 22.25, 22.43, 22.75, 22.7, 9999.0, 9999.0, 9999.0, 23.91, 9999.0, 22.73, 9999.0, 22.57, 22.43, 22.25, 22.25, 22.25
2026-09-08, 10:54:56, 22.25, 22.41, 22.73, 22.7, 9999.0, 9999.0, 9999.0, 23.93, 9999.0, 22.7, 9999.0, 22.55, 22.43, 22.25, 22.25, 22.25
2026-09-08, 10:55:00, 22.25, 22.39, 22.73, 22.68, 9999.0, 9999.0, 9999.0, 23.95, 9999.0, 22.68, 9999.0, 22.52, 22.41, 22.25, 22.25, 22.25
2026-09-08, 10:55:04, 22.25, 22.39, 22.73, 22.68, 9999.0, 9999.0, 9999.0, 24.0, 9999.0, 22.64, 9999.0, 22.5, 22.39, 22.25, 22.27, 22.25
2026-09-08, 10:55:08, 22.25, 22.36, 22.73, 22.68, 9999.0, 9999.0, 9999.0, 24.02, 9999.0, 22.61, 9999.0, 22.5, 22.36, 22.25, 22.27, 22.25
2026-09-08, 10:55:12, 22.25, 22.39, 22.73, 22.68, 9999.0, 9999.0, 9999.0, 24.05, 9999.0, 22.59, 9999.0, 22.52, 22.34, 22.23, 22.27, 22.25
2026-09-08, 10:55:16, 22.25, 22.36, 22.73, 22.68, 9999.0, 9999.0, 9999.0, 24.0, 9999.0, 22.57, 9999.0, 22.55, 22.32, 22.23, 22.27, 22.25
2026-09-08, 10:55:20, 22.25, 22.34, 22.73, 22.68, 9999.0, 9999.0, 9999.0, 23.95, 9999.0, 22.55, 9999.0, 22.57, 22.32, 22.23, 22.27, 22.25
2026-09-08, 10:55:24, 22.25, 22.34, 22.73, 22.68, 9999.0, 9999.0, 9999.0, 23.91, 9999.0, 22.52, 9999.0, 22.59, 22.34, 22.23, 22.27, 22.25
2026-09-08, 10:55:28, 22.25, 22.34, 22.73, 22.68, 9999.0, 9999.0, 9999.0, 23.86, 9999.0, 22.55, 9999.0, 22.61, 22.36, 22.23, 22.27, 22.25
2026-09-08, 10:55:32, 22.25, 22.36, 22.73, 22.7, 9999.0, 9999.0, 9999.0, 23.84, 9999.0, 22.55, 9999.0, 22.64, 22.36, 22.23, 22.27, 22.25
2026-09-08, 10:55:36, 22.25, 22.36, 22.73, 22.7, 9999.0, 9999.0, 9999.0, 23.8, 9999.0, 22.57, 9999.0, 22.66, 22.36, 22.23, 22.27, 22.25
2026-09-08, 10:55:40, 22.25, 22.36, 22.75, 22.68, 9999.0, 9999.0, 9999.0, 23.75, 9999.0, 22.59, 9999.0, 22.68, 22.39, 22.23, 22.27, 22.25
2026-09-08, 10:55:44, 22.25, 22.36, 22.75, 22.7, 9999.0, 9999.0, 9999.0, 23.7, 9999.0, 22.61, 9999.0, 22.7, 22.41, 22.23, 22.27, 22.25
2026-09-08, 10:55:48, 22.25, 22.39, 22.75, 22.7, 9999.0, 9999.0, 9999.0, 23.73, 9999.0, 22.64, 9999.0, 22.7, 22.43, 22.23, 22.25, 22.25
2026-09-08, 10:55:52, 22.25, 22.41, 22.75, 22.7, 9999.0, 9999.0, 9999.0, 23.77, 9999.0, 22.66, 9999.0, 22.7, 22.45, 22.23, 22.25, 22.25
2026-09-08, 10:55:56, 22.25, 22.41, 22.75, 22.7, 9999.0, 9999.0, 9999.0, 23.82, 9999.0, 22.68, 9999.0, 22.68, 22.48, 22.23, 22.25, 22.25
2026-09-08, 10:56:00, 22.25, 22.41, 22.75, 22.7, 9999.0, 9999.0, 9999.0, 23.86, 9999.0, 22.7, 9999.0, 22.66, 22.5, 22.23, 22.25, 22.25
2026-09-08, 10:56:04, 22.25, 22.43, 22.75, 22.7, 9999.0, 9999.0, 9999.0, 23.89, 9999.0, 22.7, 9999.0, 22.64, 22.5, 22.23, 22.25, 22.25
2026-09-08, 10:56:08, 22.25, 22.43, 22.75, 22.68, 9999.0, 9999.0, 9999.0, 23.91, 9999.0, 22.7, 9999.0, 22.61, 22.48, 22.23, 22.25, 22.25
2026-09-08, 10:56:12, 22.25, 22.41, 22.75, 22.7, 9999.0, 9999.0, 9999.0, 23.93, 9999.0, 22.68, 9999.0, 22.59, 22.48, 22.23, 22.25, 22.23
2026-09-08, 10:56:16, 22.25, 22.41, 22.75, 22.7, 9999.0, 9999.0, 9999.0, 23.95, 9999.0, 22.66, 9999.0, 22.57, 22.45, 22.2, 22.25, 22.23
2026-09-08, 10:56:20, 22.25, 22.41, 22.75, 22.7, 9999.0, 9999.0, 9999.0, 24.0, 9999.0, 22.64, 9999.0, 22.55, 22.43, 22.2, 22.25, 22.23
2026-09-08, 10:56:24, 22.25, 22.41, 22.75, 22.73, 9999.0, 9999.0, 9999.0, 24.02, 9999.0, 22.61, 9999.0, 22.52, 22.43, 22.2, 22.25, 22.23
2026-09-08, 10:56:28, 22.25, 22.43, 22.75, 22.73, 9999.0, 9999.0, 9999.0, 24.05, 9999.0, 22.59, 9999.0, 22.52, 22.43, 22.2, 22.25, 22.23
2026-09-08, 10:56:32, 22.25, 22.43, 22.73, 22.73, 9999.0, 9999.0, 9999.0, 24.0, 9999.0, 22.57, 9999.0, 22.52, 22.41, 22.2, 22.25, 22.23
2026-09-08, 10:56:36, 22.25, 22.41, 22.73, 22.73, 9999.0, 9999.0, 9999.0, 23.95, 9999.0, 22.55, 9999.0, 22.55, 22.41, 22.2, 22.25, 22.23
2026-09-08, 10:56:40, 22.25, 22.41, 22.73, 22.73, 9999.0, 9999.0, 9999.0, 23.91, 9999.0, 22.52, 9999.0, 22.57, 22.41, 22.23, 22.25, 22.23
2026-09-08, 10:56:44, 22.25, 22.43, 22.73, 22.7, 9999.0, 9999.0, 9999.0, 23.86, 9999.0, 22.48, 9999.0, 22.59, 22.41, 22.23, 22.25, 22.23
2026-09-08, 10:56:48, 22.25, 22.43, 22.73, 22.7, 9999.0, 9999.0, 9999.0, 23.82, 9999.0, 22.5, 9999.0, 22.61, 22.39, 22.23, 22.25, 22.23
2026-09-08, 10:56:52, 22.25, 22.43, 22.73, 22.73, 9999.0, 9999.0, 9999.0, 23.8, 9999.0, 22.5, 9999.0, 22.64, 22.41, 22.23, 22.25, 22.23
2026-09-08, 10:56:56, 22.25, 22.43, 22.73, 22.7, 9999.0, 9999.0, 9999.0, 23.75, 9999.0, 22.52, 9999.0, 22.66, 22.41, 22.23, 22.25, 22.25
2026-09-08, 10:57:00, 22.25, 22.43, 22.73, 22.7, 9999.0, 9999.0, 9999.0, 23.7, 9999.0, 22.55, 9999.0, 22.68, 22.43, 22.25, 22.25, 22.25
2026-09-08, 10:57:04, 22.25, 22.43, 22.73, 22.7, 9999.0, 9999.0, 9999.0, 23.66, 9999.0, 22.57, 9999.0, 22.7, 22.45, 22.25, 22.25, 22.25
2026-09-08, 10:57:08, 22.25, 22.45, 22.73, 22.7, 9999.0, 9999.0, 9999.0, 23.7, 9999.0, 22.57, 9999.0, 22.73, 22.43, 22.23, 22.25, 22.25
2026-09-08, 10:57:12, 22.25, 22.45, 22.73, 22.7, 9999.0, 9999.0, 9999.0, 23.75, 9999.0, 22.59, 9999.0, 22.7, 22.43, 22.23, 22.25, 22.25
2026-09-08, 10:57:16, 22.25, 22.45, 22.73, 22.7, 9999.0, 9999.0, 9999.0, 23.8, 9999.0, 22.59, 9999.0, 22.7, 22.45, 22.23, 22.25, 22.25
2026-09-08, 10:57:20, 22.25, 22.48, 22.73, 22.7, 9999.0, 9999.0, 9999.0, 23.84, 9999.0, 22.59, 9999.0, 22.68, 22.43, 22.2, 22.25, 22.25
2026-09-08, 10:57:25, 22.25, 22.48, 22.73, 22.7, 9999.0, 9999.0, 9999.0, 23.86, 9999.0, 22.59, 9999.0, 22.66, 22.43, 22.2, 22.25, 22.25
2026-09-08, 10:57:29, 22.25, 22.48, 22.73, 22.73, 9999.0, 9999.0, 9999.0, 23.89, 9999.0, 22.61, 9999.0, 22.64, 22.43, 22.2, 22.25, 22.25
2026-09-08, 10:57:33, 22.25, 22.48, 22.7, 22.7, 9999.0, 9999.0, 9999.0, 23.93, 9999.0, 22.59, 9999.0, 22.61, 22.43, 22.2, 22.25, 22.25
2026-09-08, 10:57:37, 22.25, 22.48, 22.7, 22.7, 9999.0, 9999.0, 9999.0, 23.95, 9999.0, 22.59, 9999.0, 22.59, 22.43, 22.2, 22.25, 22.25
2026-09-08, 10:57:41, 22.25, 22.48, 22.7, 22.73, 9999.0, 9999.0, 9999.0, 24.0, 9999.0, 22.57, 9999.0, 22.57, 22.43, 22.2, 22.25, 22.25
2026-09-08, 10:57:45, 22.25, 22.48, 22.7, 22.73, 9999.0, 9999.0, 9999.0, 24.05, 9999.0, 22.55, 9999.0, 22.55, 22.43, 22.2, 22.25, 22.25
2026-09-08, 10:57:49, 22.25, 22.48, 22.7, 22.7, 9999.0, 9999.0, 9999.0, 24.09, 9999.0, 22.52, 9999.0, 22.55, 22.41, 22.2, 22.25, 22.25
2026-09-08, 10:57:53, 22.25, 22.48, 22.7, 22.7, 9999.0, 9999.0, 9999.0, 24.07, 9999.0, 22.5, 9999.0, 22.52, 22.41, 22.23, 22.25, 22.25
2026-09-08, 10:57:57, 22.25, 22.48, 22.7, 22.68, 9999.0, 9999.0, 9999.0, 24.02, 9999.0, 22.45, 9999.0, 22.55, 22.41, 22.23, 22.25, 22.25
2026-09-08, 10:58:01, 22.25, 22.48, 22.7, 22.68, 9999.0, 9999.0, 9999.0, 23.98, 9999.0, 22.43, 9999.0, 22.57, 22.41, 22.23, 22.25, 22.25
2026-09-08, 10:58:05, 22.25, 22.45, 22.7, 22.68, 9999.0, 9999.0, 9999.0, 23.93, 9999.0, 22.41, 9999.0, 22.59, 22.41, 22.25, 22.25, 22.25
2026-09-08, 10:58:09, 22.25, 22.43, 22.7, 22.66, 9999.0, 9999.0, 9999.0, 23.91, 9999.0, 22.41, 9999.0, 22.61, 22.41, 22.25, 22.25, 22.25
2026-09-08, 10:58:13, 22.25, 22.41, 22.7, 22.64, 9999.0, 9999.0, 9999.0, 23.89, 9999.0, 22.41, 9999.0, 22.64, 22.41, 22.25, 22.25, 22.25
2026-09-08, 10:58:17, 22.25, 22.41, 22.7, 22.66, 9999.0, 9999.0, 9999.0, 23.84, 9999.0, 22.41, 9999.0, 22.66, 22.43, 22.25, 22.25, 22.25
2026-09-08, 10:58:21, 22.25, 22.41, 22.7, 22.66, 9999.0, 9999.0, 9999.0, 23.8, 9999.0, 22.43, 9999.0, 22.66, 22.43, 22.25, 22.25, 22.25
2026-09-08, 10:58:25, 22.25, 22.43, 22.7, 22.66, 9999.0, 9999.0, 9999.0, 23.75, 9999.0, 22.43, 9999.0, 22.68, 22.41, 22.25, 22.25, 22.25
2026-09-08, 10:58:29, 22.25, 22.43, 22.7, 22.66, 9999.0, 9999.0, 9999.0, 23.77, 9999.0, 22.43, 9999.0, 22.7, 22.41, 22.25, 22.25, 22.25
2026-09-08, 10:58:33, 22.25, 22.43, 22.7, 22.68, 9999.0, 9999.0, 9999.0, 23.8, 9999.0, 22.43, 9999.0, 22.68, 22.43, 22.25, 22.25, 22.25
2026-09-08, 10:58:37, 22.25, 22.41, 22.7, 22.68, 9999.0, 9999.0, 9999.0, 23.82, 9999.0, 22.45, 9999.0, 22.68, 22.45, 22.25, 22.25, 22.25
2026-09-08, 10:58:41, 22.25, 22.41, 22.7, 22.68, 9999.0, 9999.0, 9999.0, 23.84, 9999.0, 22.48, 9999.0, 22.66, 22.43, 22.25, 22.25, 22.25
2026-09-08, 10:58:45, 22.25, 22.41, 22.7, 22.66, 9999.0, 9999.0, 9999.0, 23.86, 9999.0, 22.5, 9999.0, 22.64, 22.43, 22.25, 22.25, 22.25
2026-09-08, 10:58:49, 22.25, 22.41, 22.7, 22.66, 9999.0, 9999.0, 9999.0, 23.89, 9999.0, 22.52, 9999.0, 22.61, 22.43, 22.25, 22.25, 22.25
2026-09-08, 10:58:53, 22.25, 22.41, 22.7, 22.68, 9999.0, 9999.0, 9999.0, 23.91, 9999.0, 22.52, 9999.0, 22.59, 22.43, 22.25, 22.25, 22.25
2026-09-08, 10:58:57, 22.25, 22.41, 22.7, 22.68, 9999.0, 9999.0, 9999.0, 23.91, 9999.0, 22.5, 9999.0, 22.57, 22.43, 22.25, 22.25, 22.25
2026-09-08, 10:59:01, 22.25, 22.41, 22.73, 22.66, 9999.0, 9999.0, 9999.0, 23.95, 9999.0, 22.48, 9999.0, 22.55, 22.43, 22.25, 22.25, 22.25
2026-09-08, 10:59:05, 22.25, 22.41, 22.73, 22.66, 9999.0, 9999.0, 9999.0, 23.98, 9999.0, 22.43, 9999.0, 22.55, 22.41, 22.25, 22.25, 22.25
2026-09-08, 10:59:09, 22.25, 22.39, 22.73, 22.66, 9999.0, 9999.0, 9999.0, 24.02, 9999.0, 22.41, 9999.0, 22.55, 22.41, 22.23, 22.25, 22.25
2026-09-08, 10:59:13, 22.25, 22.39, 22.73, 22.64, 9999.0, 9999.0, 9999.0, 23.98, 9999.0, 22.39, 9999.0, 22.52, 22.41, 22.2, 22.25, 22.25
2026-09-08, 10:59:17, 22.25, 22.39, 22.73, 22.64, 9999.0, 9999.0, 9999.0, 23.93, 9999.0, 22.36, 9999.0, 22.55, 22.39, 22.2, 22.25, 22.25
2026-09-08, 10:59:21, 22.25, 22.39, 22.7, 22.61, 9999.0, 9999.0, 9999.0, 23.89, 9999.0, 22.34, 9999.0, 22.57, 22.39, 22.2, 22.25, 22.25
2026-09-08, 10:59:25, 22.25, 22.39, 22.68, 22.64, 9999.0, 9999.0, 9999.0, 23.86, 9999.0, 22.32, 9999.0, 22.59, 22.39, 22.2, 22.25, 22.25
2026-09-08, 10:59:29, 22.25, 22.36, 22.7, 22.64, 9999.0, 9999.0, 9999.0, 23.84, 9999.0, 22.32, 9999.0, 22.61, 22.36, 22.2, 22.25, 22.25
2026-09-08, 10:59:33, 22.25, 22.39, 22.68, 22.61, 9999.0, 9999.0, 9999.0, 23.8, 9999.0, 22.3, 9999.0, 22.64, 22.36, 22.2, 22.25, 22.25
2026-09-08, 10:59:37, 22.25, 22.41, 22.68, 22.59, 9999.0, 9999.0, 9999.0, 23.77, 9999.0, 22.3, 9999.0, 22.64, 22.36, 22.2, 22.25, 22.25
2026-09-08, 10:59:41, 22.25, 22.43, 22.66, 22.61, 9999.0, 9999.0, 9999.0, 23.75, 9999.0, 22.32, 9999.0, 22.66, 22.36, 22.2, 22.25, 22.25
2026-09-08, 10:59:45, 22.25, 22.43, 22.64, 22.64, 9999.0, 9999.0, 9999.0, 23.7, 9999.0, 22.34, 9999.0, 22.68, 22.34, 22.2, 22.25, 22.25
2026-09-08, 10:59:49, 22.25, 22.41, 22.61, 22.64, 9999.0, 9999.0, 9999.0, 23.75, 9999.0, 22.36, 9999.0, 22.7, 22.34, 22.2, 22.25, 22.25
2026-09-08, 10:59:53, 22.25, 22.43, 22.61, 22.61, 9999.0, 9999.0, 9999.0, 23.77, 9999.0, 22.36, 9999.0, 22.68, 22.36, 22.23, 22.25, 22.25
2026-09-08, 10:59:57, 22.25, 22.41, 22.61, 22.61, 9999.0, 9999.0, 9999.0, 23.82, 9999.0, 22.39, 9999.0, 22.68, 22.34, 22.25, 22.25, 22.25
2026-09-08, 11:00:01, 22.25, 22.41, 22.61, 22.61, 9999.0, 9999.0, 9999.0, 23.84, 9999.0, 22.41, 9999.0, 22.66, 22.36, 22.23, 22.25, 22.25
2026-09-08, 11:00:05, 22.25, 22.41, 22.64, 22.61, 9999.0, 9999.0, 9999.0, 23.86, 9999.0, 22.41, 9999.0, 22.64, 22.34, 22.23, 22.25, 22.25
2026-09-08, 11:00:09, 22.25, 22.39, 22.66, 22.59, 9999.0, 9999.0, 9999.0, 23.89, 9999.0, 22.41, 9999.0, 22.61, 22.34, 22.23, 22.25, 22.25
2026-09-08, 11:00:13, 22.25, 22.39, 22.66, 22.59, 9999.0, 9999.0, 9999.0, 23.91, 9999.0, 22.39, 9999.0, 22.59, 22.34, 22.23, 22.25, 22.25
2026-09-08, 11:00:17, 22.25, 22.36, 22.68, 22.59, 9999.0, 9999.0, 9999.0, 23.95, 9999.0, 22.39, 9999.0, 22.57, 22.36, 22.23, 22.25, 22.25
2026-09-08, 11:00:21, 22.25, 22.34, 22.68, 22.61, 9999.0, 9999.0, 9999.0, 23.98, 9999.0, 22.36, 9999.0, 22.57, 22.34, 22.23, 22.25, 22.25
2026-09-08, 11:00:25, 22.25, 22.32, 22.7, 22.59, 9999.0, 9999.0, 9999.0, 24.0, 9999.0, 22.34, 9999.0, 22.57, 22.32, 22.23, 22.25, 22.25
2026-09-08, 11:00:29, 22.25, 22.3, 22.73, 22.57, 9999.0, 9999.0, 9999.0, 24.02, 9999.0, 22.32, 9999.0, 22.55, 22.32, 22.23, 22.25, 22.25
2026-09-08, 11:00:33, 22.25, 22.3, 22.75, 22.55, 9999.0, 9999.0, 9999.0, 23.98, 9999.0, 22.3, 9999.0, 22.52, 22.32, 22.23, 22.25, 22.25
2026-09-08, 11:00:37, 22.25, 22.3, 22.75, 22.57, 9999.0, 9999.0, 9999.0, 23.93, 9999.0, 22.3, 9999.0, 22.55, 22.32, 22.23, 22.25, 22.25
2026-09-08, 11:00:41, 22.25, 22.32, 22.73, 22.59, 9999.0, 9999.0, 9999.0, 23.89, 9999.0, 22.27, 9999.0, 22.57, 22.32, 22.23, 22.25, 22.25
2026-09-08, 11:00:45, 22.25, 22.32, 22.7, 22.59, 9999.0, 9999.0, 9999.0, 23.84, 9999.0, 22.23, 9999.0, 22.59, 22.32, 22.25, 22.25, 22.25
2026-09-08, 11:00:49, 22.23, 22.32, 22.7, 22.61, 9999.0, 9999.0, 9999.0, 23.8, 9999.0, 22.23, 9999.0, 22.61, 22.32, 22.25, 22.25, 22.25
2026-09-08, 11:00:53, 22.23, 22.34, 22.7, 22.61, 9999.0, 9999.0, 9999.0, 23.75, 9999.0, 22.23, 9999.0, 22.64, 22.32, 22.25, 22.25, 22.25
2026-09-08, 11:00:57, 22.23, 22.36, 22.68, 22.64, 9999.0, 9999.0, 9999.0, 23.7, 9999.0, 22.23, 9999.0, 22.64, 22.34, 22.25, 22.25, 22.25
2026-09-08, 11:01:01, 22.23, 22.39, 22.66, 22.66, 9999.0, 9999.0, 9999.0, 23.66, 9999.0, 22.25, 9999.0, 22.64, 22.34, 22.25, 22.25, 22.25
2026-09-08, 11:01:05, 22.23, 22.41, 22.66, 22.66, 9999.0, 9999.0, 9999.0, 23.59, 9999.0, 22.27, 9999.0, 22.64, 22.36, 22.25, 22.25, 22.25
2026-09-08, 11:01:09, 22.23, 22.43, 22.66, 22.68, 9999.0, 9999.0, 9999.0, 23.64, 9999.0, 22.3, 9999.0, 22.61, 22.39, 22.25, 22.25, 22.25
2026-09-08, 11:01:13, 22.23, 22.45, 22.66, 22.7, 9999.0, 9999.0, 9999.0, 23.66, 9999.0, 22.32, 9999.0, 22.61, 22.41, 22.25, 22.25, 22.25
2026-09-08, 11:01:18, 22.23, 22.48, 22.66, 22.73, 9999.0, 9999.0, 9999.0, 23.68, 9999.0, 22.34, 9999.0, 22.61, 22.43, 22.25, 22.25, 22.25
2026-09-08, 11:01:22, 22.23, 22.45, 22.66, 22.73, 9999.0, 9999.0, 9999.0, 23.7, 9999.0, 22.34, 9999.0, 22.59, 22.43, 22.25, 22.25, 22.25
2026-09-08, 11:01:26, 22.23, 22.43, 22.66, 22.73, 9999.0, 9999.0, 9999.0, 23.73, 9999.0, 22.32, 9999.0, 22.57, 22.45, 22.25, 22.25, 22.25
2026-09-08, 11:01:30, 22.23, 22.41, 22.68, 22.73, 9999.0, 9999.0, 9999.0, 23.77, 9999.0, 22.34, 9999.0, 22.55, 22.43, 22.23, 22.25, 22.25
2026-09-08, 11:01:34, 22.25, 22.41, 22.66, 22.73, 9999.0, 9999.0, 9999.0, 23.8, 9999.0, 22.32, 9999.0, 22.52, 22.43, 22.23, 22.25, 22.25
2026-09-08, 11:01:38, 22.25, 22.41, 22.66, 22.73, 9999.0, 9999.0, 9999.0, 23.82, 9999.0, 22.32, 9999.0, 22.5, 22.45, 22.2, 22.25, 22.25
2026-09-08, 11:01:42, 22.25, 22.41, 22.66, 22.7, 9999.0, 9999.0, 9999.0, 23.86, 9999.0, 22.32, 9999.0, 22.5, 22.43, 22.2, 22.25, 22.25
2026-09-08, 11:01:46, 22.25, 22.41, 22.68, 22.68, 9999.0, 9999.0, 9999.0, 23.91, 9999.0, 22.3, 9999.0, 22.5, 22.41, 22.18, 22.25, 22.25
2026-09-08, 11:01:50, 22.25, 22.39, 22.66, 22.66, 9999.0, 9999.0, 9999.0, 23.95, 9999.0, 22.27, 9999.0, 22.5, 22.39, 22.16, 22.25, 22.25
2026-09-08, 11:01:54, 22.25, 22.36, 22.66, 22.66, 9999.0, 9999.0, 9999.0, 23.91, 9999.0, 22.25, 9999.0, 22.52, 22.36, 22.16, 22.25, 22.25
2026-09-08, 11:01:58, 22.25, 22.34, 22.66, 22.66, 9999.0, 9999.0, 9999.0, 23.89, 9999.0, 22.2, 9999.0, 22.55, 22.34, 22.16, 22.25, 22.25
2026-09-08, 11:02:02, 22.25, 22.32, 22.66, 22.64, 9999.0, 9999.0, 9999.0, 23.86, 9999.0, 22.16, 9999.0, 22.57, 22.34, 22.16, 22.25, 22.25
2026-09-08, 11:02:06, 22.25, 22.32, 22.64, 22.61, 9999.0, 9999.0, 9999.0, 23.84, 9999.0, 22.14, 9999.0, 22.59, 22.34, 22.16, 22.25, 22.25
2026-09-08, 11:02:10, 22.25, 22.32, 22.66, 22.59, 9999.0, 9999.0, 9999.0, 23.8, 9999.0, 22.16, 9999.0, 22.61, 22.32, 22.16, 22.25, 22.25
2026-09-08, 11:02:14, 22.25, 22.32, 22.66, 22.57, 9999.0, 9999.0, 9999.0, 23.75, 9999.0, 22.16, 9999.0, 22.64, 22.32, 22.18, 22.25, 22.25
2026-09-08, 11:02:18, 22.25, 22.32, 22.66, 22.57, 9999.0, 9999.0, 9999.0, 23.73, 9999.0, 22.18, 9999.0, 22.66, 22.34, 22.18, 22.25, 22.25
2026-09-08, 11:02:22, 22.25, 22.32, 22.66, 22.59, 9999.0, 9999.0, 9999.0, 23.7, 9999.0, 22.2, 9999.0, 22.68, 22.34, 22.2, 22.25, 22.25
2026-09-08, 11:02:26, 22.25, 22.32, 22.68, 22.59, 9999.0, 9999.0, 9999.0, 23.66, 9999.0, 22.2, 9999.0, 22.68, 22.36, 22.2, 22.25, 22.25
2026-09-08, 11:02:30, 22.25, 22.32, 22.68, 22.59, 9999.0, 9999.0, 9999.0, 23.68, 9999.0, 22.2, 9999.0, 22.7, 22.39, 22.23, 22.25, 22.25
2026-09-08, 11:02:34, 22.25, 22.34, 22.7, 22.59, 9999.0, 9999.0, 9999.0, 23.73, 9999.0, 22.23, 9999.0, 22.73, 22.41, 22.25, 22.25, 22.25
2026-09-08, 11:02:38, 22.25, 22.36, 22.7, 22.57, 9999.0, 9999.0, 9999.0, 23.77, 9999.0, 22.23, 9999.0, 22.7, 22.43, 22.25, 22.25, 22.25
2026-09-08, 11:02:42, 22.25, 22.36, 22.7, 22.55, 9999.0, 9999.0, 9999.0, 23.8, 9999.0, 22.25, 9999.0, 22.68, 22.45, 22.23, 22.25, 22.25
2026-09-08, 11:02:46, 22.25, 22.36, 22.7, 22.57, 9999.0, 9999.0, 9999.0, 23.8, 9999.0, 22.27, 9999.0, 22.66, 22.43, 22.23, 22.25, 22.25
2026-09-08, 11:02:50, 22.25, 22.39, 22.73, 22.59, 9999.0, 9999.0, 9999.0, 23.82, 9999.0, 22.3, 9999.0, 22.64, 22.43, 22.23, 22.25, 22.25
2026-09-08, 11:02:54, 22.25, 22.41, 22.73, 22.59, 9999.0, 9999.0, 9999.0, 23.84, 9999.0, 22.27, 9999.0, 22.61, 22.45, 22.23, 22.25, 22.25
2026-09-08, 11:02:58, 22.25, 22.43, 22.73, 22.61, 9999.0, 9999.0, 9999.0, 23.86, 9999.0, 22.27, 9999.0, 22.59, 22.48, 22.2, 22.25, 22.25
2026-09-08, 11:03:02, 22.25, 22.45, 22.75, 22.61, 9999.0, 9999.0, 9999.0, 23.89, 9999.0, 22.27, 9999.0, 22.57, 22.45, 22.18, 22.25, 22.25
2026-09-08, 11:03:06, 22.25, 22.43, 22.75, 22.61, 9999.0, 9999.0, 9999.0, 23.91, 9999.0, 22.23, 9999.0, 22.57, 22.43, 22.18, 22.25, 22.25
2026-09-08, 11:03:10, 22.25, 22.43, 22.75, 22.64, 9999.0, 9999.0, 9999.0, 23.93, 9999.0, 22.2, 9999.0, 22.59, 22.41, 22.16, 22.25, 22.25
2026-09-08, 11:03:14, 22.25, 22.43, 22.75, 22.64, 9999.0, 9999.0, 9999.0, 23.89, 9999.0, 22.18, 9999.0, 22.59, 22.41, 22.14, 22.25, 22.25
2026-09-08, 11:03:18, 22.25, 22.41, 22.73, 22.66, 9999.0, 9999.0, 9999.0, 23.84, 9999.0, 22.14, 9999.0, 22.59, 22.41, 22.14, 22.25, 22.25
2026-09-08, 11:03:22, 22.25, 22.41, 22.73, 22.68, 9999.0, 9999.0, 9999.0, 23.77, 9999.0, 22.11, 9999.0, 22.61, 22.41, 22.14, 22.25, 22.25
2026-09-08, 11:03:26, 22.25, 22.41, 22.73, 22.68, 9999.0, 9999.0, 9999.0, 23.73, 9999.0, 22.09, 9999.0, 22.64, 22.41, 22.16, 22.25, 22.25
2026-09-08, 11:03:30, 22.25, 22.41, 22.73, 22.66, 9999.0, 9999.0, 9999.0, 23.7, 9999.0, 22.09, 9999.0, 22.66, 22.43, 22.16, 22.25, 22.25
2026-09-08, 11:03:34, 22.25, 22.39, 22.73, 22.64, 9999.0, 9999.0, 9999.0, 23.66, 9999.0, 22.09, 9999.0, 22.68, 22.43, 22.16, 22.25, 22.25
2026-09-08, 11:03:38, 22.25, 22.36, 22.73, 22.64, 9999.0, 9999.0, 9999.0, 23.61, 9999.0, 22.14, 9999.0, 22.7, 22.43, 22.16, 22.25, 22.25
2026-09-08, 11:03:42, 22.25, 22.34, 22.7, 22.64, 9999.0, 9999.0, 9999.0, 23.59, 9999.0, 22.16, 9999.0, 22.7, 22.43, 22.18, 22.25, 22.25
2026-09-08, 11:03:46, 22.25, 22.32, 22.68, 22.64, 9999.0, 9999.0, 9999.0, 23.55, 9999.0, 22.16, 9999.0, 22.7, 22.45, 22.2, 22.25, 22.25
2026-09-08, 11:03:50, 22.25, 22.32, 22.68, 22.61, 9999.0, 9999.0, 9999.0, 23.59, 9999.0, 22.18, 9999.0, 22.7, 22.48, 22.2, 22.25, 22.25
2026-09-08, 11:03:54, 22.25, 22.3, 22.68, 22.59, 9999.0, 9999.0, 9999.0, 23.64, 9999.0, 22.2, 9999.0, 22.68, 22.48, 22.23, 22.25, 22.25
2026-09-08, 11:03:58, 22.25, 22.27, 22.68, 22.59, 9999.0, 9999.0, 9999.0, 23.66, 9999.0, 22.23, 9999.0, 22.66, 22.48, 22.25, 22.25, 22.25
2026-09-08, 11:04:02, 22.25, 22.27, 22.7, 22.59, 9999.0, 9999.0, 9999.0, 23.68, 9999.0, 22.25, 9999.0, 22.64, 22.48, 22.25, 22.25, 22.25
2026-09-08, 11:04:06, 22.25, 22.27, 22.7, 22.59, 9999.0, 9999.0, 9999.0, 23.73, 9999.0, 22.25, 9999.0, 22.61, 22.48, 22.25, 22.25, 22.25
2026-09-08, 11:04:10, 22.25, 22.27, 22.7, 22.59, 9999.0, 9999.0, 9999.0, 23.77, 9999.0, 22.27, 9999.0, 22.59, 22.45, 22.25, 22.25, 22.25
2026-09-08, 11:04:14, 22.25, 22.27, 22.68, 22.61, 9999.0, 9999.0, 9999.0, 23.8, 9999.0, 22.27, 9999.0, 22.57, 22.43, 22.25, 22.25, 22.25
2026-09-08, 11:04:18, 22.25, 22.27, 22.68, 22.64, 9999.0, 9999.0, 9999.0, 23.82, 9999.0, 22.27, 9999.0, 22.55, 22.43, 22.25, 22.25, 22.25
2026-09-08, 11:04:22, 22.25, 22.27, 22.68, 22.64, 9999.0, 9999.0, 9999.0, 23.86, 9999.0, 22.23, 9999.0, 22.52, 22.41, 22.25, 22.25, 22.25
2026-09-08, 11:04:26, 22.25, 22.27, 22.68, 22.61, 9999.0, 9999.0, 9999.0, 23.89, 9999.0, 22.18, 9999.0, 22.55, 22.39, 22.25, 22.25, 22.25
2026-09-08, 11:04:30, 22.25, 22.3, 22.7, 22.61, 9999.0, 9999.0, 9999.0, 23.91, 9999.0, 22.16, 9999.0, 22.55, 22.36, 22.25, 22.25, 22.25
2026-09-08, 11:04:34, 22.25, 22.3, 22.7, 22.64, 9999.0, 9999.0, 9999.0, 23.84, 9999.0, 22.14, 9999.0, 22.55, 22.36, 22.25, 22.25, 22.25
2026-09-08, 11:04:38, 22.25, 22.3, 22.7, 22.66, 9999.0, 9999.0, 9999.0, 23.77, 9999.0, 22.11, 9999.0, 22.57, 22.39, 22.23, 22.25, 22.25
2026-09-08, 11:04:42, 22.25, 22.32, 22.68, 22.68, 9999.0, 9999.0, 9999.0, 23.73, 9999.0, 22.09, 9999.0, 22.59, 22.39, 22.23, 22.25, 22.25
2026-09-08, 11:04:46, 22.25, 22.34, 22.68, 22.68, 9999.0, 9999.0, 9999.0, 23.68, 9999.0, 22.07, 9999.0, 22.61, 22.39, 22.23, 22.25, 22.25
2026-09-08, 11:04:50, 22.25, 22.32, 22.68, 22.68, 9999.0, 9999.0, 9999.0, 23.64, 9999.0, 22.07, 9999.0, 22.64, 22.39, 22.23, 22.25, 22.25
2026-09-08, 11:04:54, 22.25, 22.34, 22.68, 22.68, 9999.0, 9999.0, 9999.0, 23.59, 9999.0, 22.07, 9999.0, 22.66, 22.39, 22.23, 22.25, 22.25
2026-09-08, 11:04:58, 22.25, 22.34, 22.7, 22.66, 9999.0, 9999.0, 9999.0, 23.57, 9999.0, 22.09, 9999.0, 22.68, 22.41, 22.2, 22.25, 22.25
2026-09-08, 11:05:02, 22.25, 22.34, 22.7, 22.66, 9999.0, 9999.0, 9999.0, 23.52, 9999.0, 22.09, 9999.0, 22.7, 22.41, 22.2, 22.25, 22.25
2026-09-08, 11:05:06, 22.25, 22.34, 22.7, 22.68, 9999.0, 9999.0, 9999.0, 23.48, 9999.0, 22.11, 9999.0, 22.73, 22.43, 22.2, 22.25, 22.25
2026-09-08, 11:05:11, 22.25, 22.34, 22.73, 22.68, 9999.0, 9999.0, 9999.0, 23.52, 9999.0, 22.14, 9999.0, 22.73, 22.45, 22.2, 22.25, 22.25
2026-09-08, 11:05:15, 22.25, 22.32, 22.73, 22.66, 9999.0, 9999.0, 9999.0, 23.57, 9999.0, 22.16, 9999.0, 22.75, 22.48, 22.2, 22.25, 22.25
2026-09-08, 11:05:19, 22.25, 22.32, 22.73, 22.66, 9999.0, 9999.0, 9999.0, 23.61, 9999.0, 22.18, 9999.0, 22.73, 22.48, 22.2, 22.25, 22.25
2026-09-08, 11:05:23, 22.25, 22.32, 22.73, 22.66, 9999.0, 9999.0, 9999.0, 23.64, 9999.0, 22.18, 9999.0, 22.7, 22.48, 22.23, 22.25, 22.25
2026-09-08, 11:05:27, 22.25, 22.3, 22.73, 22.66, 9999.0, 9999.0, 9999.0, 23.66, 9999.0, 22.18, 9999.0, 22.68, 22.45, 22.23, 22.25, 22.25
2026-09-08, 11:05:31, 22.25, 22.27, 22.7, 22.64, 9999.0, 9999.0, 9999.0, 23.68, 9999.0, 22.18, 9999.0, 22.66, 22.43, 22.23, 22.25, 22.25
2026-09-08, 11:05:35, 22.25, 22.27, 22.68, 22.64, 9999.0, 9999.0, 9999.0, 23.7, 9999.0, 22.18, 9999.0, 22.64, 22.41, 22.23, 22.25, 22.25
2026-09-08, 11:05:39, 22.25, 22.25, 22.68, 22.64, 9999.0, 9999.0, 9999.0, 23.73, 9999.0, 22.16, 9999.0, 22.61, 22.41, 22.23, 22.25, 22.25
2026-09-08, 11:05:43, 22.25, 22.25, 22.68, 22.66, 9999.0, 9999.0, 9999.0, 23.75, 9999.0, 22.11, 9999.0, 22.59, 22.41, 22.25, 22.25, 22.25
2026-09-08, 11:05:47, 22.25, 22.25, 22.68, 22.66, 9999.0, 9999.0, 9999.0, 23.8, 9999.0, 22.09, 9999.0, 22.59, 22.39, 22.25, 22.25, 22.25
2026-09-08, 11:05:51, 22.25, 22.27, 22.66, 22.64, 9999.0, 9999.0, 9999.0, 23.84, 9999.0, 22.07, 9999.0, 22.59, 22.36, 22.25, 22.27, 22.25
2026-09-08, 11:05:55, 22.25, 22.27, 22.66, 22.66, 9999.0, 9999.0, 9999.0, 23.8, 9999.0, 22.05, 9999.0, 22.57, 22.36, 22.25, 22.27, 22.25
2026-09-08, 11:05:59, 22.25, 22.27, 22.66, 22.68, 9999.0, 9999.0, 9999.0, 23.75, 9999.0, 22.02, 9999.0, 22.57, 22.36, 22.25, 22.27, 22.25
2026-09-08, 11:06:03, 22.25, 22.27, 22.66, 22.68, 9999.0, 9999.0, 9999.0, 23.7, 9999.0, 22.0, 9999.0, 22.59, 22.36, 22.25, 22.27, 22.25
2026-09-08, 11:06:07, 22.25, 22.27, 22.64, 22.68, 9999.0, 9999.0, 9999.0, 23.68, 9999.0, 21.98, 9999.0, 22.61, 22.34, 22.25, 22.27, 22.25
2026-09-08, 11:06:11, 22.25, 22.27, 22.66, 22.68, 9999.0, 9999.0, 9999.0, 23.66, 9999.0, 21.98, 9999.0, 22.64, 22.34, 22.25, 22.27, 22.27
2026-09-08, 11:06:15, 22.25, 22.3, 22.68, 22.7, 9999.0, 9999.0, 9999.0, 23.64, 9999.0, 21.98, 9999.0, 22.66, 22.36, 22.25, 22.27, 22.27
2026-09-08, 11:06:19, 22.25, 22.3, 22.7, 22.7, 9999.0, 9999.0, 9999.0, 23.59, 9999.0, 22.0, 9999.0, 22.68, 22.39, 22.25, 22.27, 22.27
2026-09-08, 11:06:23, 22.25, 22.32, 22.7, 22.73, 9999.0, 9999.0, 9999.0, 23.57, 9999.0, 22.02, 9999.0, 22.7, 22.41, 22.25, 22.27, 22.27
2026-09-08, 11:06:27, 22.25, 22.32, 22.7, 22.73, 9999.0, 9999.0, 9999.0, 23.52, 9999.0, 22.05, 9999.0, 22.7, 22.39, 22.25, 22.27, 22.27
2026-09-08, 11:06:31, 22.25, 22.32, 22.7, 22.7, 9999.0, 9999.0, 9999.0, 23.55, 9999.0, 22.05, 9999.0, 22.7, 22.41, 22.25, 22.27, 22.27
2026-09-08, 11:06:35, 22.25, 22.32, 22.73, 22.73, 9999.0, 9999.0, 9999.0, 23.59, 9999.0, 22.05, 9999.0, 22.7, 22.43, 22.25, 22.25, 22.27
2026-09-08, 11:06:39, 22.25, 22.34, 22.73, 22.73, 9999.0, 9999.0, 9999.0, 23.61, 9999.0, 22.05, 9999.0, 22.7, 22.43, 22.25, 22.25, 22.27
2026-09-08, 11:06:43, 22.25, 22.34, 22.73, 22.73, 9999.0, 9999.0, 9999.0, 23.66, 9999.0, 22.05, 9999.0, 22.68, 22.43, 22.25, 22.25, 22.27
2026-09-08, 11:06:47, 22.25, 22.34, 22.73, 22.73, 9999.0, 9999.0, 9999.0, 23.7, 9999.0, 22.05, 9999.0, 22.66, 22.43, 22.25, 22.25, 22.27
2026-09-08, 11:06:51, 22.25, 22.34, 22.73, 22.73, 9999.0, 9999.0, 9999.0, 23.73, 9999.0, 22.07, 9999.0, 22.64, 22.43, 22.25, 22.25, 22.27
2026-09-08, 11:06:55, 22.25, 22.34, 22.73, 22.73, 9999.0, 9999.0, 9999.0, 23.73, 9999.0, 22.07, 9999.0, 22.61, 22.45, 22.23, 22.25, 22.25
2026-09-08, 11:06:59, 22.25, 22.32, 22.73, 22.73, 9999.0, 9999.0, 9999.0, 23.75, 9999.0, 22.05, 9999.0, 22.59, 22.45, 22.23, 22.25, 22.25
2026-09-08, 11:07:03, 22.25, 22.34, 22.7, 22.73, 9999.0, 9999.0, 9999.0, 23.77, 9999.0, 22.02, 9999.0, 22.57, 22.43, 22.23, 22.25, 22.25
2026-09-08, 11:07:07, 22.25, 22.32, 22.7, 22.73, 9999.0, 9999.0, 9999.0, 23.8, 9999.0, 22.0, 9999.0, 22.57, 22.41, 22.23, 22.25, 22.25
2026-09-08, 11:07:11, 22.25, 22.32, 22.68, 22.73, 9999.0, 9999.0, 9999.0, 23.82, 9999.0, 21.98, 9999.0, 22.57, 22.41, 22.23, 22.25, 22.25
2026-09-08, 11:07:15, 22.25, 22.32, 22.66, 22.73, 9999.0, 9999.0, 9999.0, 23.77, 9999.0, 21.95, 9999.0, 22.57, 22.39, 22.23, 22.25, 22.25
2026-09-08, 11:07:19, 22.25, 22.32, 22.66, 22.7, 9999.0, 9999.0, 9999.0, 23.7, 9999.0, 21.93, 9999.0, 22.57, 22.39, 22.23, 22.25, 22.25
2026-09-08, 11:07:23, 22.25, 22.3, 22.64, 22.7, 9999.0, 9999.0, 9999.0, 23.66, 9999.0, 21.91, 9999.0, 22.59, 22.39, 22.23, 22.25, 22.25
2026-09-08, 11:07:27, 22.25, 22.3, 22.64, 22.7, 9999.0, 9999.0, 9999.0, 23.61, 9999.0, 21.89, 9999.0, 22.61, 22.36, 22.23, 22.25, 22.25
2026-09-08, 11:07:31, 22.25, 22.3, 22.64, 22.7, 9999.0, 9999.0, 9999.0, 23.57, 9999.0, 21.89, 9999.0, 22.64, 22.34, 22.23, 22.25, 22.25
2026-09-08, 11:07:35, 22.25, 22.32, 22.66, 22.7, 9999.0, 9999.0, 9999.0, 23.55, 9999.0, 21.89, 9999.0, 22.66, 22.36, 22.2, 22.25, 22.25
2026-09-08, 11:07:39, 22.25, 22.34, 22.66, 22.7, 9999.0, 9999.0, 9999.0, 23.52, 9999.0, 21.91, 9999.0, 22.68, 22.36, 22.23, 22.25, 22.25
2026-09-08, 11:07:43, 22.25, 22.34, 22.66, 22.7, 9999.0, 9999.0, 9999.0, 23.48, 9999.0, 21.93, 9999.0, 22.68, 22.36, 22.23, 22.25, 22.25
2026-09-08, 11:07:47, 22.25, 22.34, 22.68, 22.7, 9999.0, 9999.0, 9999.0, 23.45, 9999.0, 21.93, 9999.0, 22.7, 22.39, 22.23, 22.25, 22.25
2026-09-08, 11:07:51, 22.25, 22.36, 22.68, 22.7, 9999.0, 9999.0, 9999.0, 23.48, 9999.0, 21.93, 9999.0, 22.7, 22.41, 22.2, 22.25, 22.25
2026-09-08, 11:07:55, 22.25, 22.36, 22.7, 22.7, 9999.0, 9999.0, 9999.0, 23.52, 9999.0, 21.93, 9999.0, 22.7, 22.43, 22.2, 22.25, 22.25
2026-09-08, 11:07:59, 22.25, 22.36, 22.73, 22.73, 9999.0, 9999.0, 9999.0, 23.57, 9999.0, 21.95, 9999.0, 22.68, 22.45, 22.2, 22.25, 22.25
2026-09-08, 11:08:03, 22.25, 22.36, 22.73, 22.75, 9999.0, 9999.0, 9999.0, 23.59, 9999.0, 21.98, 9999.0, 22.66, 22.45, 22.2, 22.25, 22.25
2026-09-08, 11:08:07, 22.25, 22.36, 22.75, 22.75, 9999.0, 9999.0, 9999.0, 23.61, 9999.0, 21.98, 9999.0, 22.64, 22.45, 22.2, 22.25, 22.25
2026-09-08, 11:08:11, 22.25, 22.36, 22.75, 22.75, 9999.0, 9999.0, 9999.0, 23.64, 9999.0, 22.0, 9999.0, 22.61, 22.45, 22.2, 22.25, 22.25
2026-09-08, 11:08:15, 22.25, 22.36, 22.75, 22.75, 9999.0, 9999.0, 9999.0, 23.64, 9999.0, 21.98, 9999.0, 22.59, 22.48, 22.2, 22.25, 22.25
2026-09-08, 11:08:19, 22.25, 22.36, 22.75, 22.75, 9999.0, 9999.0, 9999.0, 23.64, 9999.0, 21.98, 9999.0, 22.57, 22.48, 22.23, 22.25, 22.25
2026-09-08, 11:08:23, 22.25, 22.34, 22.73, 22.75, 9999.0, 9999.0, 9999.0, 23.68, 9999.0, 21.95, 9999.0, 22.55, 22.45, 22.23, 22.25, 22.25
2026-09-08, 11:08:27, 22.25, 22.34, 22.73, 22.75, 9999.0, 9999.0, 9999.0, 23.7, 9999.0, 21.93, 9999.0, 22.57, 22.45, 22.23, 22.25, 22.27
2026-09-08, 11:08:31, 22.25, 22.32, 22.73, 22.75, 9999.0, 9999.0, 9999.0, 23.73, 9999.0, 21.93, 9999.0, 22.57, 22.43, 22.23, 22.25, 22.27
2026-09-08, 11:08:35, 22.25, 22.3, 22.73, 22.75, 9999.0, 9999.0, 9999.0, 23.68, 9999.0, 21.91, 9999.0, 22.57, 22.41, 22.25, 22.25, 22.27
2026-09-08, 11:08:39, 22.25, 22.32, 22.73, 22.75, 9999.0, 9999.0, 9999.0, 23.64, 9999.0, 21.89, 9999.0, 22.59, 22.41, 22.25, 22.25, 22.27
2026-09-08, 11:08:43, 22.25, 22.32, 22.73, 22.75, 9999.0, 9999.0, 9999.0, 23.59, 9999.0, 21.89, 9999.0, 22.61, 22.41, 22.25, 22.25, 22.27
2026-09-08, 11:08:47, 22.25, 22.3, 22.73, 22.75, 9999.0, 9999.0, 9999.0, 23.57, 9999.0, 21.86, 9999.0, 22.64, 22.41, 22.25, 22.25, 22.27
2026-09-08, 11:08:52, 22.25, 22.3, 22.73, 22.75, 9999.0, 9999.0, 9999.0, 23.55, 9999.0, 21.89, 9999.0, 22.66, 22.41, 22.25, 22.25, 22.27
2026-09-08, 11:08:56, 22.25, 22.3, 22.73, 22.75, 9999.0, 9999.0, 9999.0, 23.5, 9999.0, 21.89, 9999.0, 22.68, 22.43, 22.25, 22.27, 22.27
2026-09-08, 11:09:00, 22.25, 22.3, 22.73, 22.75, 9999.0, 9999.0, 9999.0, 23.48, 9999.0, 21.93, 9999.0, 22.7, 22.43, 22.25, 22.27, 22.27
2026-09-08, 11:09:04, 22.25, 22.27, 22.73, 22.75, 9999.0, 9999.0, 9999.0, 23.45, 9999.0, 21.95, 9999.0, 22.73, 22.43, 22.25, 22.27, 22.27
2026-09-08, 11:09:08, 22.25, 22.27, 22.75, 22.75, 9999.0, 9999.0, 9999.0, 23.41, 9999.0, 21.95, 9999.0, 22.73, 22.45, 22.25, 22.27, 22.27
2026-09-08, 11:09:12, 22.25, 22.27, 22.75, 22.75, 9999.0, 9999.0, 9999.0, 23.45, 9999.0, 21.98, 9999.0, 22.73, 22.43, 22.25, 22.27, 22.25
2026-09-08, 11:09:16, 22.25, 22.27, 22.75, 22.75, 9999.0, 9999.0, 9999.0, 23.48, 9999.0, 22.0, 9999.0, 22.7, 22.45, 22.25, 22.3, 22.27
2026-09-08, 11:09:20, 22.25, 22.27, 22.75, 22.75, 9999.0, 9999.0, 9999.0, 23.5, 9999.0, 22.02, 9999.0, 22.68, 22.48, 22.25, 22.3, 22.27
2026-09-08, 11:09:24, 22.25, 22.27, 22.75, 22.75, 9999.0, 9999.0, 9999.0, 23.52, 9999.0, 22.05, 9999.0, 22.66, 22.48, 22.25, 22.3, 22.27
2026-09-08, 11:09:28, 22.25, 22.3, 22.75, 22.75, 9999.0, 9999.0, 9999.0, 23.55, 9999.0, 22.05, 9999.0, 22.64, 22.48, 22.25, 22.3, 22.27
2026-09-08, 11:09:32, 22.25, 22.3, 22.75, 22.75, 9999.0, 9999.0, 9999.0, 23.57, 9999.0, 22.07, 9999.0, 22.61, 22.45, 22.25, 22.3, 22.27
2026-09-08, 11:09:36, 22.25, 22.3, 22.75, 22.75, 9999.0, 9999.0, 9999.0, 23.57, 9999.0, 22.07, 9999.0, 22.59, 22.45, 22.25, 22.3, 22.27
2026-09-08, 11:09:40, 22.25, 22.32, 22.75, 22.75, 9999.0, 9999.0, 9999.0, 23.59, 9999.0, 22.07, 9999.0, 22.57, 22.45, 22.25, 22.27, 22.27
2026-09-08, 11:09:44, 22.25, 22.32, 22.75, 22.75, 9999.0, 9999.0, 9999.0, 23.64, 9999.0, 22.05, 9999.0, 22.55, 22.43, 22.25, 22.27, 22.27
2026-09-08, 11:09:48, 22.25, 22.32, 22.75, 22.75, 9999.0, 9999.0, 9999.0, 23.68, 9999.0, 22.02, 9999.0, 22.55, 22.43, 22.25, 22.27, 22.27
2026-09-08, 11:09:52, 22.25, 22.32, 22.75, 22.75, 9999.0, 9999.0, 9999.0, 23.7, 9999.0, 22.0, 9999.0, 22.55, 22.43, 22.25, 22.27, 22.27
2026-09-08, 11:09:56, 22.25, 22.32, 22.75, 22.75, 9999.0, 9999.0, 9999.0, 23.66, 9999.0, 22.0, 9999.0, 22.55, 22.43, 22.25, 22.27, 22.27
2026-09-08, 11:10:00, 22.25, 22.32, 22.75, 22.75, 9999.0, 9999.0, 9999.0, 23.64, 9999.0, 21.95, 9999.0, 22.59, 22.41, 22.25, 22.25, 22.25
2026-09-08, 11:10:04, 22.25, 22.32, 22.75, 22.75, 9999.0, 9999.0, 9999.0, 23.61, 9999.0, 21.93, 9999.0, 22.61, 22.41, 22.25, 22.25, 22.25
2026-09-08, 11:10:08, 22.25, 22.3, 22.75, 22.75, 9999.0, 9999.0, 9999.0, 23.59, 9999.0, 21.91, 9999.0, 22.64, 22.39, 22.25, 22.25, 22.25
2026-09-08, 11:10:12, 22.25, 22.27, 22.75, 22.75, 9999.0, 9999.0, 9999.0, 23.57, 9999.0, 21.91, 9999.0, 22.66, 22.36, 22.25, 22.25, 22.25
2026-09-08, 11:10:16, 22.25, 22.27, 22.75, 22.75, 9999.0, 9999.0, 9999.0, 23.55, 9999.0, 21.91, 9999.0, 22.68, 22.36, 22.25, 22.25, 22.25
2026-09-08, 11:10:20, 22.25, 22.27, 22.75, 22.75, 9999.0, 9999.0, 9999.0, 23.52, 9999.0, 21.93, 9999.0, 22.7, 22.36, 22.25, 22.25, 22.25
2026-09-08, 11:10:24, 22.25, 22.27, 22.75, 22.75, 9999.0, 9999.0, 9999.0, 23.5, 9999.0, 21.95, 9999.0, 22.73, 22.34, 22.25, 22.25, 22.25
2026-09-08, 11:10:28, 22.25, 22.27, 22.75, 22.75, 9999.0, 9999.0, 9999.0, 23.45, 9999.0, 21.98, 9999.0, 22.75, 22.36, 22.25, 22.25, 22.25
2026-09-08, 11:10:32, 22.25, 22.3, 22.75, 22.75, 9999.0, 9999.0, 9999.0, 23.5, 9999.0, 21.98, 9999.0, 22.75, 22.36, 22.25, 22.25, 22.25
2026-09-08, 11:10:36, 22.25, 22.32, 22.75, 22.75, 9999.0, 9999.0, 9999.0, 23.55, 9999.0, 22.0, 9999.0, 22.77, 22.36, 22.25, 22.25, 22.25
2026-09-08, 11:10:40, 22.25, 22.32, 22.75, 22.75, 9999.0, 9999.0, 9999.0, 23.59, 9999.0, 22.0, 9999.0, 22.77, 22.39, 22.25, 22.25, 22.25
2026-09-08, 11:10:44, 22.25, 22.32, 22.75, 22.75, 9999.0, 9999.0, 9999.0, 23.61, 9999.0, 22.02, 9999.0, 22.73, 22.39, 22.25, 22.25, 22.27
2026-09-08, 11:10:48, 22.25, 22.32, 22.75, 22.75, 9999.0, 9999.0, 9999.0, 23.64, 9999.0, 22.05, 9999.0, 22.7, 22.39, 22.25, 22.25, 22.27
2026-09-08, 11:10:52, 22.25, 22.34, 22.75, 22.75, 9999.0, 9999.0, 9999.0, 23.66, 9999.0, 22.07, 9999.0, 22.68, 22.41, 22.25, 22.25, 22.27
2026-09-08, 11:10:56, 22.25, 22.34, 22.75, 22.75, 9999.0, 9999.0, 9999.0, 23.68, 9999.0, 22.07, 9999.0, 22.66, 22.43, 22.25, 22.25, 22.27
2026-09-08, 11:11:00, 22.25, 22.34, 22.75, 22.75, 9999.0, 9999.0, 9999.0, 23.7, 9999.0, 22.07, 9999.0, 22.64, 22.45, 22.25, 22.25, 22.27
2026-09-08, 11:11:04, 22.25, 22.36, 22.75, 22.75, 9999.0, 9999.0, 9999.0, 23.75, 9999.0, 22.05, 9999.0, 22.61, 22.43, 22.25, 22.25, 22.27
2026-09-08, 11:11:08, 22.25, 22.34, 22.75, 22.75, 9999.0, 9999.0, 9999.0, 23.8, 9999.0, 22.02, 9999.0, 22.61, 22.43, 22.25, 22.25, 22.27
2026-09-08, 11:11:12, 22.25, 22.34, 22.75, 22.75, 9999.0, 9999.0, 9999.0, 23.84, 9999.0, 22.0, 9999.0, 22.61, 22.41, 22.25, 22.25, 22.27
2026-09-08, 11:11:16, 22.25, 22.32, 22.75, 22.75, 9999.0, 9999.0, 9999.0, 23.8, 9999.0, 22.0, 9999.0, 22.61, 22.39, 22.25, 22.25, 22.27
2026-09-08, 11:11:20, 22.25, 22.3, 22.75, 22.75, 9999.0, 9999.0, 9999.0, 23.75, 9999.0, 22.0, 9999.0, 22.61, 22.39, 22.25, 22.25, 22.3
2026-09-08, 11:11:24, 22.25, 22.32, 22.75, 22.75, 9999.0, 9999.0, 9999.0, 23.7, 9999.0, 22.0, 9999.0, 22.61, 22.36, 22.25, 22.25, 22.3
2026-09-08, 11:11:28, 22.25, 22.32, 22.75, 22.75, 9999.0, 9999.0, 9999.0, 23.68, 9999.0, 22.02, 9999.0, 22.64, 22.39, 22.25, 22.25, 22.27
2026-09-08, 11:11:32, 22.25, 22.32, 22.75, 22.75, 9999.0, 9999.0, 9999.0, 23.66, 9999.0, 22.05, 9999.0, 22.66, 22.36, 22.25, 22.25, 22.27
2026-09-08, 11:11:36, 22.25, 22.3, 22.75, 22.75, 9999.0, 9999.0, 9999.0, 23.64, 9999.0, 22.07, 9999.0, 22.68, 22.36, 22.25, 22.25, 22.27
2026-09-08, 11:11:40, 22.25, 22.3, 22.75, 22.75, 9999.0, 9999.0, 9999.0, 23.59, 9999.0, 22.11, 9999.0, 22.7, 22.36, 22.25, 22.25, 22.27
2026-09-08, 11:11:44, 22.25, 22.32, 22.75, 22.75, 9999.0, 9999.0, 9999.0, 23.55, 9999.0, 22.16, 9999.0, 22.73, 22.36, 22.25, 22.25, 22.27
2026-09-08, 11:11:48, 22.25, 22.3, 22.75, 22.75, 9999.0, 9999.0, 9999.0, 23.59, 9999.0, 22.2, 9999.0, 22.75, 22.39, 22.25, 22.25, 22.27
2026-09-08, 11:11:52, 22.25, 22.3, 22.75, 22.75, 9999.0, 9999.0, 9999.0, 23.61, 9999.0, 22.25, 9999.0, 22.73, 22.41, 22.25, 22.25, 22.27
2026-09-08, 11:11:56, 22.25, 22.3, 22.75, 22.75, 9999.0, 9999.0, 9999.0, 23.64, 9999.0, 22.27, 9999.0, 22.7, 22.43, 22.25, 22.25, 22.27
2026-09-08, 11:12:00, 22.25, 22.32, 22.75, 22.75, 9999.0, 9999.0, 9999.0, 23.64, 9999.0, 22.3, 9999.0, 22.68, 22.45, 22.25, 22.25, 22.27
2026-09-08, 11:12:04, 22.25, 22.32, 22.75, 22.75, 9999.0, 9999.0, 9999.0, 23.66, 9999.0, 22.32, 9999.0, 22.66, 22.43, 22.25, 22.25, 22.25
2026-09-08, 11:12:08, 22.25, 22.3, 22.75, 22.75, 9999.0, 9999.0, 9999.0, 23.68, 9999.0, 22.34, 9999.0, 22.64, 22.43, 22.25, 22.25, 22.25
2026-09-08, 11:12:12, 22.25, 22.3, 22.75, 22.75, 9999.0, 9999.0, 9999.0, 23.7, 9999.0, 22.34, 9999.0, 22.61, 22.41, 22.25, 22.25, 22.25
2026-09-08, 11:12:16, 22.25, 22.32, 22.75, 22.75, 9999.0, 9999.0, 9999.0, 23.73, 9999.0, 22.32, 9999.0, 22.59, 22.41, 22.25, 22.25, 22.25
2026-09-08, 11:12:20, 22.25, 22.34, 22.75, 22.75, 9999.0, 9999.0, 9999.0, 23.75, 9999.0, 22.3, 9999.0, 22.57, 22.41, 22.25, 22.25, 22.25
2026-09-08, 11:12:24, 22.25, 22.34, 22.75, 22.75, 9999.0, 9999.0, 9999.0, 23.8, 9999.0, 22.27, 9999.0, 22.55, 22.39, 22.25, 22.25, 22.25
2026-09-08, 11:12:29, 22.25, 22.34, 22.75, 22.75, 9999.0, 9999.0, 9999.0, 23.82, 9999.0, 22.23, 9999.0, 22.55, 22.36, 22.25, 22.25, 22.25
2026-09-08, 11:12:33, 22.25, 22.34, 22.75, 22.75, 9999.0, 9999.0, 9999.0, 23.75, 9999.0, 22.2, 9999.0, 22.55, 22.34, 22.25, 22.25, 22.25
2026-09-08, 11:12:37, 22.25, 22.34, 22.75, 22.75, 9999.0, 9999.0, 9999.0, 23.7, 9999.0, 22.18, 9999.0, 22.57, 22.34, 22.25, 22.25, 22.25
2026-09-08, 11:12:41, 22.25, 22.34, 22.75, 22.75, 9999.0, 9999.0, 9999.0, 23.66, 9999.0, 22.16, 9999.0, 22.59, 22.34, 22.25, 22.25, 22.25
2026-09-08, 11:12:45, 22.25, 22.32, 22.75, 22.75, 9999.0, 9999.0, 9999.0, 23.64, 9999.0, 22.14, 9999.0, 22.61, 22.34, 22.25, 22.25, 22.25
2026-09-08, 11:12:49, 22.25, 22.32, 22.75, 22.75, 9999.0, 9999.0, 9999.0, 23.61, 9999.0, 22.14, 9999.0, 22.64, 22.34, 22.25, 22.25, 22.25
2026-09-08, 11:12:53, 22.25, 22.32, 22.75, 22.75, 9999.0, 9999.0, 9999.0, 23.57, 9999.0, 22.14, 9999.0, 22.66, 22.36, 22.25, 22.25, 22.25
2026-09-08, 11:12:57, 22.25, 22.32, 22.75, 22.75, 9999.0, 9999.0, 9999.0, 23.52, 9999.0, 22.16, 9999.0, 22.66, 22.39, 22.25, 22.25, 22.25
2026-09-08, 11:13:01, 22.25, 22.3, 22.75, 22.75, 9999.0, 9999.0, 9999.0, 23.48, 9999.0, 22.2, 9999.0, 22.68, 22.41, 22.25, 22.25, 22.25
2026-09-08, 11:13:05, 22.25, 22.27, 22.75, 22.75, 9999.0, 9999.0, 9999.0, 23.43, 9999.0, 22.25, 9999.0, 22.7, 22.41, 22.25, 22.25, 22.25
2026-09-08, 11:13:09, 22.25, 22.27, 22.75, 22.75, 9999.0, 9999.0, 9999.0, 23.45, 9999.0, 22.27, 9999.0, 22.73, 22.43, 22.25, 22.25, 22.25
2026-09-08, 11:13:13, 22.25, 22.25, 22.75, 22.75, 9999.0, 9999.0, 9999.0, 23.5, 9999.0, 22.32, 9999.0, 22.73, 22.45, 22.23, 22.25, 22.25
2026-09-08, 11:13:17, 22.25, 22.27, 22.75, 22.75, 9999.0, 9999.0, 9999.0, 23.55, 9999.0, 22.34, 9999.0, 22.7, 22.48, 22.23, 22.25, 22.25
2026-09-08, 11:13:21, 22.25, 22.27, 22.75, 22.75, 9999.0, 9999.0, 9999.0, 23.57, 9999.0, 22.34, 9999.0, 22.68, 22.48, 22.23, 22.25, 22.25
2026-09-08, 11:13:25, 22.25, 22.27, 22.75, 22.75, 9999.0, 9999.0, 9999.0, 23.59, 9999.0, 22.36, 9999.0, 22.66, 22.48, 22.23, 22.25, 22.25
2026-09-08, 11:13:29, 22.25, 22.27, 22.75, 22.75, 9999.0, 9999.0, 9999.0, 23.61, 9999.0, 22.39, 9999.0, 22.64, 22.45, 22.23, 22.25, 22.25
2026-09-08, 11:13:33, 22.25, 22.27, 22.75, 22.75, 9999.0, 9999.0, 9999.0, 23.64, 9999.0, 22.39, 9999.0, 22.61, 22.45, 22.23, 22.25, 22.25
2026-09-08, 11:13:37, 22.25, 22.3, 22.75, 22.75, 9999.0, 9999.0, 9999.0, 23.68, 9999.0, 22.39, 9999.0, 22.59, 22.45, 22.23, 22.25, 22.25
2026-09-08, 11:13:41, 22.25, 22.32, 22.75, 22.75, 9999.0, 9999.0, 9999.0, 23.73, 9999.0, 22.36, 9999.0, 22.59, 22.43, 22.23, 22.25, 22.25
2026-09-08, 11:13:45, 22.25, 22.32, 22.75, 22.75, 9999.0, 9999.0, 9999.0, 23.77, 9999.0, 22.34, 9999.0, 22.59, 22.43, 22.23, 22.25, 22.25
2026-09-08, 11:13:49, 22.25, 22.32, 22.75, 22.75, 9999.0, 9999.0, 9999.0, 23.82, 9999.0, 22.32, 9999.0, 22.59, 22.43, 22.23, 22.25, 22.25
2026-09-08, 11:13:53, 22.25, 22.32, 22.75, 22.75, 9999.0, 9999.0, 9999.0, 23.8, 9999.0, 22.3, 9999.0, 22.59, 22.41, 22.23, 22.25, 22.25
2026-09-08, 11:13:57, 22.25, 22.34, 22.75, 22.75, 9999.0, 9999.0, 9999.0, 23.75, 9999.0, 22.27, 9999.0, 22.59, 22.41, 22.25, 22.25, 22.25
2026-09-08, 11:14:01, 22.25, 22.32, 22.75, 22.75, 9999.0, 9999.0, 9999.0, 23.7, 9999.0, 22.25, 9999.0, 22.61, 22.41, 22.25, 22.25, 22.25
2026-09-08, 11:14:05, 22.25, 22.32, 22.75, 22.75, 9999.0, 9999.0, 9999.0, 23.68, 9999.0, 22.27, 9999.0, 22.64, 22.41, 22.25, 22.25, 22.25
2026-09-08, 11:14:09, 22.25, 22.32, 22.75, 22.75, 9999.0, 9999.0, 9999.0, 23.66, 9999.0, 22.3, 9999.0, 22.66, 22.41, 22.25, 22.25, 22.25
2026-09-08, 11:14:13, 22.25, 22.32, 22.75, 22.75, 9999.0, 9999.0, 9999.0, 23.64, 9999.0, 22.3, 9999.0, 22.68, 22.43, 22.25, 22.25, 22.25
2026-09-08, 11:14:17, 22.25, 22.32, 22.75, 22.75, 9999.0, 9999.0, 9999.0, 23.61, 9999.0, 22.32, 9999.0, 22.7, 22.45, 22.25, 22.25, 22.25
2026-09-08, 11:14:21, 22.25, 22.32, 22.75, 22.75, 9999.0, 9999.0, 9999.0, 23.57, 9999.0, 22.34, 9999.0, 22.73, 22.45, 22.25, 22.25, 22.25
2026-09-08, 11:14:25, 22.25, 22.3, 22.75, 22.75, 9999.0, 9999.0, 9999.0, 23.52, 9999.0, 22.36, 9999.0, 22.75, 22.48, 22.25, 22.25, 22.25
2026-09-08, 11:14:29, 22.25, 22.32, 22.75, 22.75, 9999.0, 9999.0, 9999.0, 23.55, 9999.0, 22.39, 9999.0, 22.75, 22.48, 22.25, 22.25, 22.25
2026-09-08, 11:14:33, 22.25, 22.34, 22.75, 22.75, 9999.0, 9999.0, 9999.0, 23.57, 9999.0, 22.41, 9999.0, 22.73, 22.48, 22.25, 22.25, 22.25
2026-09-08, 11:14:37, 22.25, 22.34, 22.75, 22.75, 9999.0, 9999.0, 9999.0, 23.59, 9999.0, 22.43, 9999.0, 22.7, 22.5, 22.25, 22.25, 22.25
2026-09-08, 11:14:41, 22.25, 22.32, 22.75, 22.75, 9999.0, 9999.0, 9999.0, 23.64, 9999.0, 22.45, 9999.0, 22.7, 22.48, 22.25, 22.25, 22.25
2026-09-08, 11:14:45, 22.25, 22.32, 22.75, 22.75, 9999.0, 9999.0, 9999.0, 23.66, 9999.0, 22.48, 9999.0, 22.68, 22.48, 22.25, 22.25, 22.25
2026-09-08, 11:14:49, 22.25, 22.32, 22.75, 22.75, 9999.0, 9999.0, 9999.0, 23.68, 9999.0, 22.48, 9999.0, 22.66, 22.48, 22.25, 22.25, 22.25
2026-09-08, 11:14:53, 22.25, 22.32, 22.75, 22.75, 9999.0, 9999.0, 9999.0, 23.7, 9999.0, 22.48, 9999.0, 22.64, 22.45, 22.25, 22.25, 22.25
2026-09-08, 11:14:57, 22.25, 22.32, 22.75, 22.75, 9999.0, 9999.0, 9999.0, 23.73, 9999.0, 22.5, 9999.0, 22.61, 22.45, 22.25, 22.25, 22.25
2026-09-08, 11:15:01, 22.25, 22.34, 22.75, 22.75, 9999.0, 9999.0, 9999.0, 23.75, 9999.0, 22.48, 9999.0, 22.61, 22.45, 22.23, 22.25, 22.25
2026-09-08, 11:15:05, 22.25, 22.34, 22.75, 22.75, 9999.0, 9999.0, 9999.0, 23.8, 9999.0, 22.45, 9999.0, 22.61, 22.45, 22.23, 22.25, 22.25
2026-09-08, 11:15:09, 22.25, 22.34, 22.75, 22.75, 9999.0, 9999.0, 9999.0, 23.82, 9999.0, 22.43, 9999.0, 22.59, 22.43, 22.23, 22.25, 22.25
2026-09-08, 11:15:13, 22.25, 22.34, 22.75, 22.75, 9999.0, 9999.0, 9999.0, 23.77, 9999.0, 22.41, 9999.0, 22.59, 22.43, 22.23, 22.25, 22.25
2026-09-08, 11:15:17, 22.25, 22.32, 22.75, 22.75, 9999.0, 9999.0, 9999.0, 23.73, 9999.0, 22.39, 9999.0, 22.61, 22.43, 22.23, 22.25, 22.25
2026-09-08, 11:15:21, 22.25, 22.32, 22.75, 22.75, 9999.0, 9999.0, 9999.0, 23.68, 9999.0, 22.36, 9999.0, 22.64, 22.43, 22.23, 22.25, 22.25
2026-09-08, 11:15:25, 22.25, 22.32, 22.75, 22.75, 9999.0, 9999.0, 9999.0, 23.64, 9999.0, 22.36, 9999.0, 22.64, 22.45, 22.2, 22.25, 22.25
2026-09-08, 11:15:29, 22.25, 22.32, 22.75, 22.75, 9999.0, 9999.0, 9999.0, 23.61, 9999.0, 22.36, 9999.0, 22.66, 22.45, 22.2, 22.25, 22.25
2026-09-08, 11:15:33, 22.25, 22.32, 22.73, 22.75, 9999.0, 9999.0, 9999.0, 23.59, 9999.0, 22.36, 9999.0, 22.68, 22.45, 22.2, 22.25, 22.25
2026-09-08, 11:15:37, 22.25, 22.32, 22.73, 22.75, 9999.0, 9999.0, 9999.0, 23.57, 9999.0, 22.36, 9999.0, 22.7, 22.48, 22.2, 22.25, 22.25
2026-09-08, 11:15:41, 22.25, 22.32, 22.73, 22.75, 9999.0, 9999.0, 9999.0, 23.55, 9999.0, 22.36, 9999.0, 22.7, 22.48, 22.2, 22.25, 22.25
2026-09-08, 11:15:45, 22.25, 22.32, 22.73, 22.75, 9999.0, 9999.0, 9999.0, 23.59, 9999.0, 22.39, 9999.0, 22.7, 22.48, 22.23, 22.25, 22.25
2026-09-08, 11:15:49, 22.25, 22.3, 22.73, 22.75, 9999.0, 9999.0, 9999.0, 23.61, 9999.0, 22.41, 9999.0, 22.68, 22.48, 22.23, 22.25, 22.25
2026-09-08, 11:15:53, 22.25, 22.32, 22.73, 22.75, 9999.0, 9999.0, 9999.0, 23.66, 9999.0, 22.43, 9999.0, 22.68, 22.5, 22.23, 22.25, 22.25
2026-09-08, 11:15:57, 22.25, 22.3, 22.73, 22.75, 9999.0, 9999.0, 9999.0, 23.7, 9999.0, 22.45, 9999.0, 22.66, 22.5, 22.23, 22.25, 22.25
2026-09-08, 11:16:01, 22.25, 22.3, 22.73, 22.75, 9999.0, 9999.0, 9999.0, 23.73, 9999.0, 22.48, 9999.0, 22.64, 22.5, 22.23, 22.25, 22.25
2026-09-08, 11:16:05, 22.25, 22.32, 22.73, 22.75, 9999.0, 9999.0, 9999.0, 23.77, 9999.0, 22.48, 9999.0, 22.61, 22.5, 22.23, 22.25, 22.25
2026-09-08, 11:16:09, 22.25, 22.34, 22.73, 22.75, 9999.0, 9999.0, 9999.0, 23.8, 9999.0, 22.48, 9999.0, 22.59, 22.48, 22.25, 22.25, 22.25
2026-09-08, 11:16:13, 22.25, 22.36, 22.73, 22.75, 9999.0, 9999.0, 9999.0, 23.82, 9999.0, 22.48, 9999.0, 22.57, 22.48, 22.25, 22.25, 22.25
2026-09-08, 11:16:18, 22.25, 22.39, 22.75, 22.75, 9999.0, 9999.0, 9999.0, 23.84, 9999.0, 22.48, 9999.0, 22.55, 22.48, 22.25, 22.25, 22.25
2026-09-08, 11:16:22, 22.25, 22.39, 22.75, 22.75, 9999.0, 9999.0, 9999.0, 23.86, 9999.0, 22.48, 9999.0, 22.52, 22.48, 22.25, 22.25, 22.25
2026-09-08, 11:16:26, 22.25, 22.39, 22.75, 22.75, 9999.0, 9999.0, 9999.0, 23.89, 9999.0, 22.48, 9999.0, 22.52, 22.45, 22.25, 22.25, 22.25
2026-09-08, 11:16:30, 22.25, 22.36, 22.75, 22.75, 9999.0, 9999.0, 9999.0, 23.84, 9999.0, 22.48, 9999.0, 22.52, 22.43, 22.25, 22.25, 22.25
2026-09-08, 11:16:34, 22.25, 22.36, 22.75, 22.75, 9999.0, 9999.0, 9999.0, 23.82, 9999.0, 22.45, 9999.0, 22.55, 22.43, 22.25, 22.25, 22.25
2026-09-08, 11:16:38, 22.25, 22.36, 22.75, 22.75, 9999.0, 9999.0, 9999.0, 23.8, 9999.0, 22.43, 9999.0, 22.57, 22.43, 22.25, 22.25, 22.25
2026-09-08, 11:16:42, 22.25, 22.36, 22.75, 22.75, 9999.0, 9999.0, 9999.0, 23.75, 9999.0, 22.43, 9999.0, 22.59, 22.43, 22.25, 22.25, 22.25
2026-09-08, 11:16:46, 22.25, 22.39, 22.75, 22.75, 9999.0, 9999.0, 9999.0, 23.73, 9999.0, 22.43, 9999.0, 22.61, 22.41, 22.25, 22.25, 22.25
2026-09-08, 11:16:50, 22.25, 22.39, 22.75, 22.75, 9999.0, 9999.0, 9999.0, 23.68, 9999.0, 22.48, 9999.0, 22.64, 22.41, 22.25, 22.25, 22.25
2026-09-08, 11:16:54, 22.25, 22.39, 22.75, 22.75, 9999.0, 9999.0, 9999.0, 23.66, 9999.0, 22.5, 9999.0, 22.66, 22.43, 22.25, 22.25, 22.25
2026-09-08, 11:16:58, 22.25, 22.39, 22.75, 22.75, 9999.0, 9999.0, 9999.0, 23.64, 9999.0, 22.52, 9999.0, 22.68, 22.43, 22.25, 22.25, 22.25
2026-09-08, 11:17:02, 22.25, 22.36, 22.75, 22.75, 9999.0, 9999.0, 9999.0, 23.68, 9999.0, 22.55, 9999.0, 22.68, 22.43, 22.25, 22.25, 22.25
2026-09-08, 11:17:06, 22.25, 22.36, 22.75, 22.73, 9999.0, 9999.0, 9999.0, 23.73, 9999.0, 22.57, 9999.0, 22.68, 22.43, 22.23, 22.25, 22.25
2026-09-08, 11:17:10, 22.25, 22.36, 22.75, 22.73, 9999.0, 9999.0, 9999.0, 23.75, 9999.0, 22.57, 9999.0, 22.68, 22.45, 22.23, 22.25, 22.25
2026-09-08, 11:17:14, 22.25, 22.39, 22.75, 22.73, 9999.0, 9999.0, 9999.0, 23.77, 9999.0, 22.57, 9999.0, 22.66, 22.48, 22.23, 22.25, 22.25
2026-09-08, 11:17:18, 22.25, 22.41, 22.75, 22.73, 9999.0, 9999.0, 9999.0, 23.8, 9999.0, 22.59, 9999.0, 22.64, 22.45, 22.23, 22.25, 22.25
2026-09-08, 11:17:22, 22.25, 22.41, 22.75, 22.73, 9999.0, 9999.0, 9999.0, 23.82, 9999.0, 22.61, 9999.0, 22.61, 22.45, 22.2, 22.25, 22.25
2026-09-08, 11:17:26, 22.25, 22.43, 22.75, 22.73, 9999.0, 9999.0, 9999.0, 23.86, 9999.0, 22.61, 9999.0, 22.59, 22.43, 22.2, 22.25, 22.25
2026-09-08, 11:17:30, 22.25, 22.41, 22.75, 22.73, 9999.0, 9999.0, 9999.0, 23.91, 9999.0, 22.61, 9999.0, 22.57, 22.45, 22.2, 22.25, 22.25
2026-09-08, 11:17:34, 22.25, 22.39, 22.75, 22.73, 9999.0, 9999.0, 9999.0, 23.95, 9999.0, 22.59, 9999.0, 22.55, 22.43, 22.2, 22.25, 22.25
2026-09-08, 11:17:38, 22.25, 22.39, 22.75, 22.73, 9999.0, 9999.0, 9999.0, 23.98, 9999.0, 22.57, 9999.0, 22.55, 22.41, 22.2, 22.25, 22.25
2026-09-08, 11:17:42, 22.25, 22.36, 22.75, 22.73, 9999.0, 9999.0, 9999.0, 24.0, 9999.0, 22.55, 9999.0, 22.55, 22.39, 22.2, 22.25, 22.25
2026-09-08, 11:17:46, 22.25, 22.39, 22.75, 22.73, 9999.0, 9999.0, 9999.0, 23.95, 9999.0, 22.52, 9999.0, 22.57, 22.36, 22.2, 22.25, 22.25
2026-09-08, 11:17:50, 22.25, 22.41, 22.75, 22.73, 9999.0, 9999.0, 9999.0, 23.91, 9999.0, 22.5, 9999.0, 22.59, 22.36, 22.23, 22.25, 22.25
2026-09-08, 11:17:54, 22.25, 22.43, 22.75, 22.73, 9999.0, 9999.0, 9999.0, 23.89, 9999.0, 22.5, 9999.0, 22.61, 22.36, 22.23, 22.25, 22.25
2026-09-08, 11:17:58, 22.25, 22.43, 22.75, 22.7, 9999.0, 9999.0, 9999.0, 23.84, 9999.0, 22.5, 9999.0, 22.64, 22.36, 22.23, 22.25, 22.25
2026-09-08, 11:18:02, 22.25, 22.43, 22.75, 22.7, 9999.0, 9999.0, 9999.0, 23.8, 9999.0, 22.52, 9999.0, 22.66, 22.39, 22.23, 22.25, 22.25
2026-09-08, 11:18:06, 22.25, 22.41, 22.75, 22.68, 9999.0, 9999.0, 9999.0, 23.75, 9999.0, 22.55, 9999.0, 22.68, 22.39, 22.25, 22.25, 22.25
2026-09-08, 11:18:10, 22.25, 22.41, 22.73, 22.68, 9999.0, 9999.0, 9999.0, 23.7, 9999.0, 22.57, 9999.0, 22.7, 22.39, 22.25, 22.25, 22.25
2026-09-08, 11:18:14, 22.25, 22.41, 22.73, 22.68, 9999.0, 9999.0, 9999.0, 23.66, 9999.0, 22.59, 9999.0, 22.73, 22.39, 22.25, 22.25, 22.25
2026-09-08, 11:18:18, 22.25, 22.41, 22.73, 22.68, 9999.0, 9999.0, 9999.0, 23.68, 9999.0, 22.61, 9999.0, 22.73, 22.41, 22.25, 22.25, 22.25
2026-09-08, 11:18:22, 22.25, 22.39, 22.73, 22.68, 9999.0, 9999.0, 9999.0, 23.73, 9999.0, 22.64, 9999.0, 22.7, 22.41, 22.25, 22.25, 22.25
2026-09-08, 11:18:26, 22.25, 22.41, 22.73, 22.68, 9999.0, 9999.0, 9999.0, 23.77, 9999.0, 22.66, 9999.0, 22.68, 22.43, 22.25, 22.25, 22.25
2026-09-08, 11:18:30, 22.25, 22.39, 22.73, 22.68, 9999.0, 9999.0, 9999.0, 23.8, 9999.0, 22.68, 9999.0, 22.66, 22.43, 22.25, 22.25, 22.25
2026-09-08, 11:18:34, 22.25, 22.36, 22.73, 22.7, 9999.0, 9999.0, 9999.0, 23.82, 9999.0, 22.7, 9999.0, 22.64, 22.43, 22.25, 22.25, 22.25
2026-09-08, 11:18:38, 22.25, 22.36, 22.73, 22.7, 9999.0, 9999.0, 9999.0, 23.84, 9999.0, 22.7, 9999.0, 22.61, 22.43, 22.25, 22.25, 22.25
2026-09-08, 11:18:42, 22.25, 22.36, 22.73, 22.73, 9999.0, 9999.0, 9999.0, 23.89, 9999.0, 22.7, 9999.0, 22.59, 22.43, 22.25, 22.25, 22.25
2026-09-08, 11:18:46, 22.25, 22.34, 22.73, 22.73, 9999.0, 9999.0, 9999.0, 23.91, 9999.0, 22.68, 9999.0, 22.57, 22.43, 22.25, 22.25, 22.25
2026-09-08, 11:18:50, 22.25, 22.34, 22.73, 22.75, 9999.0, 9999.0, 9999.0, 23.93, 9999.0, 22.66, 9999.0, 22.55, 22.41, 22.25, 22.25, 22.25
2026-09-08, 11:18:54, 22.25, 22.32, 22.75, 22.75, 9999.0, 9999.0, 9999.0, 23.98, 9999.0, 22.64, 9999.0, 22.52, 22.41, 22.23, 22.25, 22.25
2026-09-08, 11:18:58, 22.25, 22.32, 22.75, 22.75, 9999.0, 9999.0, 9999.0, 24.02, 9999.0, 22.61, 9999.0, 22.5, 22.39, 22.23, 22.25, 22.25
2026-09-08, 11:19:02, 22.25, 22.32, 22.75, 22.75, 9999.0, 9999.0, 9999.0, 23.98, 9999.0, 22.59, 9999.0, 22.5, 22.36, 22.23, 22.25, 22.25
2026-09-08, 11:19:06, 22.25, 22.32, 22.75, 22.75, 9999.0, 9999.0, 9999.0, 23.93, 9999.0, 22.57, 9999.0, 22.52, 22.39, 22.23, 22.25, 22.25
2026-09-08, 11:19:10, 22.25, 22.32, 22.75, 22.75, 9999.0, 9999.0, 9999.0, 23.89, 9999.0, 22.55, 9999.0, 22.55, 22.39, 22.23, 22.25, 22.25
2026-09-08, 11:19:14, 22.25, 22.32, 22.75, 22.75, 9999.0, 9999.0, 9999.0, 23.86, 9999.0, 22.52, 9999.0, 22.57, 22.41, 22.23, 22.25, 22.25
2026-09-08, 11:19:18, 22.25, 22.34, 22.75, 22.75, 9999.0, 9999.0, 9999.0, 23.82, 9999.0, 22.52, 9999.0, 22.59, 22.39, 22.23, 22.25, 22.25
2026-09-08, 11:19:22, 22.25, 22.34, 22.75, 22.75, 9999.0, 9999.0, 9999.0, 23.8, 9999.0, 22.52, 9999.0, 22.61, 22.36, 22.23, 22.25, 22.25
2026-09-08, 11:19:26, 22.25, 22.34, 22.75, 22.75, 9999.0, 9999.0, 9999.0, 23.75, 9999.0, 22.55, 9999.0, 22.64, 22.36, 22.23, 22.25, 22.25
2026-09-08, 11:19:30, 22.25, 22.34, 22.75, 22.75, 9999.0, 9999.0, 9999.0, 23.73, 9999.0, 22.57, 9999.0, 22.66, 22.36, 22.23, 22.25, 22.25
2026-09-08, 11:19:34, 22.25, 22.34, 22.75, 22.75, 9999.0, 9999.0, 9999.0, 23.7, 9999.0, 22.59, 9999.0, 22.66, 22.39, 22.23, 22.25, 22.25
2026-09-08, 11:19:38, 22.25, 22.36, 22.75, 22.75, 9999.0, 9999.0, 9999.0, 23.73, 9999.0, 22.61, 9999.0, 22.66, 22.41, 22.25, 22.25, 22.25
2026-09-08, 11:19:42, 22.25, 22.39, 22.75, 22.75, 9999.0, 9999.0, 9999.0, 23.75, 9999.0, 22.61, 9999.0, 22.66, 22.43, 22.25, 22.23, 22.25
2026-09-08, 11:19:46, 22.25, 22.41, 22.75, 22.75, 9999.0, 9999.0, 9999.0, 23.8, 9999.0, 22.64, 9999.0, 22.66, 22.45, 22.25, 22.23, 22.25
2026-09-08, 11:19:50, 22.25, 22.43, 22.75, 22.75, 9999.0, 9999.0, 9999.0, 23.82, 9999.0, 22.64, 9999.0, 22.64, 22.43, 22.25, 22.23, 22.25
2026-09-08, 11:19:54, 22.25, 22.43, 22.75, 22.75, 9999.0, 9999.0, 9999.0, 23.86, 9999.0, 22.64, 9999.0, 22.61, 22.41, 22.25, 22.23, 22.25
2026-09-08, 11:19:58, 22.25, 22.43, 22.75, 22.75, 9999.0, 9999.0, 9999.0, 23.89, 9999.0, 22.64, 9999.0, 22.59, 22.39, 22.25, 22.23, 22.25
2026-09-08, 11:20:02, 22.25, 22.41, 22.75, 22.75, 9999.0, 9999.0, 9999.0, 23.93, 9999.0, 22.61, 9999.0, 22.57, 22.39, 22.25, 22.23, 22.25
2026-09-08, 11:20:06, 22.25, 22.39, 22.75, 22.75, 9999.0, 9999.0, 9999.0, 23.95, 9999.0, 22.61, 9999.0, 22.55, 22.41, 22.25, 22.23, 22.25
2026-09-08, 11:20:11, 22.25, 22.39, 22.75, 22.75, 9999.0, 9999.0, 9999.0, 24.0, 9999.0, 22.59, 9999.0, 22.52, 22.39, 22.25, 22.23, 22.25
2026-09-08, 11:20:15, 22.25, 22.41, 22.75, 22.75, 9999.0, 9999.0, 9999.0, 24.02, 9999.0, 22.57, 9999.0, 22.52, 22.36, 22.23, 22.23, 22.25
2026-09-08, 11:20:19, 22.25, 22.43, 22.75, 22.75, 9999.0, 9999.0, 9999.0, 24.07, 9999.0, 22.55, 9999.0, 22.52, 22.34, 22.23, 22.23, 22.25
2026-09-08, 11:20:23, 22.25, 22.43, 22.75, 22.75, 9999.0, 9999.0, 9999.0, 24.05, 9999.0, 22.52, 9999.0, 22.52, 22.32, 22.23, 22.23, 22.25
2026-09-08, 11:20:27, 22.25, 22.41, 22.75, 22.75, 9999.0, 9999.0, 9999.0, 24.0, 9999.0, 22.52, 9999.0, 22.55, 22.32, 22.23, 22.25, 22.25
2026-09-08, 11:20:31, 22.25, 22.39, 22.75, 22.75, 9999.0, 9999.0, 9999.0, 23.95, 9999.0, 22.48, 9999.0, 22.57, 22.32, 22.23, 22.25, 22.25
2026-09-08, 11:20:35, 22.25, 22.39, 22.75, 22.75, 9999.0, 9999.0, 9999.0, 23.93, 9999.0, 22.48, 9999.0, 22.59, 22.34, 22.23, 22.25, 22.25
2026-09-08, 11:20:39, 22.25, 22.36, 22.75, 22.75, 9999.0, 9999.0, 9999.0, 23.89, 9999.0, 22.48, 9999.0, 22.61, 22.34, 22.23, 22.25, 22.25
2026-09-08, 11:20:43, 22.25, 22.36, 22.75, 22.75, 9999.0, 9999.0, 9999.0, 23.84, 9999.0, 22.48, 9999.0, 22.64, 22.34, 22.23, 22.25, 22.25
2026-09-08, 11:20:47, 22.25, 22.36, 22.75, 22.75, 9999.0, 9999.0, 9999.0, 23.8, 9999.0, 22.5, 9999.0, 22.66, 22.36, 22.23, 22.25, 22.25
2026-09-08, 11:20:51, 22.25, 22.36, 22.75, 22.75, 9999.0, 9999.0, 9999.0, 23.75, 9999.0, 22.52, 9999.0, 22.68, 22.36, 22.23, 22.25, 22.25
2026-09-08, 11:20:55, 22.25, 22.34, 22.75, 22.75, 9999.0, 9999.0, 9999.0, 23.7, 9999.0, 22.55, 9999.0, 22.68, 22.36, 22.23, 22.25, 22.25
2026-09-08, 11:20:59, 22.25, 22.34, 22.75, 22.75, 9999.0, 9999.0, 9999.0, 23.75, 9999.0, 22.57, 9999.0, 22.66, 22.39, 22.25, 22.25, 22.25
2026-09-08, 11:21:03, 22.25, 22.34, 22.75, 22.73, 9999.0, 9999.0, 9999.0, 23.77, 9999.0, 22.57, 9999.0, 22.68, 22.39, 22.25, 22.25, 22.25
2026-09-08, 11:21:07, 22.25, 22.32, 22.75, 22.7, 9999.0, 9999.0, 9999.0, 23.8, 9999.0, 22.57, 9999.0, 22.68, 22.39, 22.23, 22.25, 22.25
2026-09-08, 11:21:11, 22.25, 22.34, 22.75, 22.68, 9999.0, 9999.0, 9999.0, 23.82, 9999.0, 22.57, 9999.0, 22.66, 22.39, 22.2, 22.25, 22.25
2026-09-08, 11:21:15, 22.25, 22.36, 22.75, 22.68, 9999.0, 9999.0, 9999.0, 23.84, 9999.0, 22.59, 9999.0, 22.64, 22.39, 22.2, 22.25, 22.25
2026-09-08, 11:21:19, 22.25, 22.34, 22.75, 22.68, 9999.0, 9999.0, 9999.0, 23.86, 9999.0, 22.59, 9999.0, 22.61, 22.39, 22.2, 22.25, 22.25
2026-09-08, 11:21:23, 22.25, 22.36, 22.75, 22.68, 9999.0, 9999.0, 9999.0, 23.89, 9999.0, 22.59, 9999.0, 22.59, 22.39, 22.2, 22.25, 22.25
2026-09-08, 11:21:27, 22.25, 22.36, 22.75, 22.68, 9999.0, 9999.0, 9999.0, 23.93, 9999.0, 22.59, 9999.0, 22.57, 22.39, 22.2, 22.25, 22.25
2026-09-08, 11:21:31, 22.25, 22.36, 22.75, 22.68, 9999.0, 9999.0, 9999.0, 23.98, 9999.0, 22.57, 9999.0, 22.55, 22.39, 22.2, 22.25, 22.25
2026-09-08, 11:21:35, 22.25, 22.39, 22.75, 22.68, 9999.0, 9999.0, 9999.0, 24.0, 9999.0, 22.55, 9999.0, 22.52, 22.36, 22.2, 22.25, 22.25
2026-09-08, 11:21:39, 22.25, 22.39, 22.75, 22.66, 9999.0, 9999.0, 9999.0, 24.02, 9999.0, 22.52, 9999.0, 22.52, 22.36, 22.2, 22.25, 22.25
2026-09-08, 11:21:43, 22.25, 22.36, 22.75, 22.64, 9999.0, 9999.0, 9999.0, 23.98, 9999.0, 22.5, 9999.0, 22.55, 22.34, 22.2, 22.25, 22.25
2026-09-08, 11:21:47, 22.25, 22.34, 22.75, 22.66, 9999.0, 9999.0, 9999.0, 23.93, 9999.0, 22.48, 9999.0, 22.55, 22.36, 22.2, 22.25, 22.25
2026-09-08, 11:21:51, 22.25, 22.36, 22.75, 22.68, 9999.0, 9999.0, 9999.0, 23.89, 9999.0, 22.48, 9999.0, 22.57, 22.36, 22.23, 22.25, 22.25
2026-09-08, 11:21:55, 22.25, 22.36, 22.75, 22.68, 9999.0, 9999.0, 9999.0, 23.86, 9999.0, 22.48, 9999.0, 22.59, 22.34, 22.25, 22.25, 22.25
2026-09-08, 11:21:59, 22.25, 22.34, 22.75, 22.68, 9999.0, 9999.0, 9999.0, 23.84, 9999.0, 22.48, 9999.0, 22.61, 22.32, 22.25, 22.25, 22.25
2026-09-08, 11:22:03, 22.25, 22.34, 22.75, 22.66, 9999.0, 9999.0, 9999.0, 23.8, 9999.0, 22.48, 9999.0, 22.64, 22.32, 22.25, 22.25, 22.25
2026-09-08, 11:22:07, 22.25, 22.32, 22.75, 22.64, 9999.0, 9999.0, 9999.0, 23.75, 9999.0, 22.5, 9999.0, 22.66, 22.32, 22.23, 22.25, 22.25
2026-09-08, 11:22:11, 22.25, 22.32, 22.75, 22.64, 9999.0, 9999.0, 9999.0, 23.7, 9999.0, 22.5, 9999.0, 22.68, 22.34, 22.23, 22.25, 22.25
2026-09-08, 11:22:15, 22.25, 22.32, 22.75, 22.61, 9999.0, 9999.0, 9999.0, 23.73, 9999.0, 22.5, 9999.0, 22.7, 22.32, 22.2, 22.25, 22.25
2026-09-08, 11:22:19, 22.25, 22.3, 22.73, 22.61, 9999.0, 9999.0, 9999.0, 23.77, 9999.0, 22.5, 9999.0, 22.7, 22.34, 22.18, 22.25, 22.25
2026-09-08, 11:22:23, 22.25, 22.3, 22.7, 22.61, 9999.0, 9999.0, 9999.0, 23.8, 9999.0, 22.5, 9999.0, 22.7, 22.36, 22.18, 22.25, 22.25
2026-09-08, 11:22:27, 22.25, 22.3, 22.7, 22.64, 9999.0, 9999.0, 9999.0, 23.82, 9999.0, 22.5, 9999.0, 22.68, 22.39, 22.18, 22.25, 22.25
2026-09-08, 11:22:31, 22.25, 22.32, 22.7, 22.61, 9999.0, 9999.0, 9999.0, 23.84, 9999.0, 22.52, 9999.0, 22.66, 22.36, 22.18, 22.25, 22.25
2026-09-08, 11:22:35, 22.25, 22.32, 22.7, 22.61, 9999.0, 9999.0, 9999.0, 23.86, 9999.0, 22.52, 9999.0, 22.64, 22.36, 22.18, 22.25, 22.25
2026-09-08, 11:22:39, 22.25, 22.3, 22.7, 22.64, 9999.0, 9999.0, 9999.0, 23.89, 9999.0, 22.52, 9999.0, 22.61, 22.36, 22.18, 22.25, 22.25
2026-09-08, 11:22:43, 22.25, 22.3, 22.7, 22.64, 9999.0, 9999.0, 9999.0, 23.89, 9999.0, 22.52, 9999.0, 22.59, 22.36, 22.18, 22.25, 22.25
2026-09-08, 11:22:47, 22.25, 22.32, 22.68, 22.66, 9999.0, 9999.0, 9999.0, 23.93, 9999.0, 22.52, 9999.0, 22.57, 22.34, 22.18, 22.25, 22.25
2026-09-08, 11:22:51, 22.25, 22.34, 22.68, 22.68, 9999.0, 9999.0, 9999.0, 23.98, 9999.0, 22.5, 9999.0, 22.57, 22.34, 22.2, 22.25, 22.25
2026-09-08, 11:22:55, 22.25, 22.34, 22.68, 22.68, 9999.0, 9999.0, 9999.0, 24.02, 9999.0, 22.5, 9999.0, 22.57, 22.32, 22.2, 22.25, 22.25
2026-09-08, 11:22:59, 22.25, 22.36, 22.68, 22.68, 9999.0, 9999.0, 9999.0, 23.98, 9999.0, 22.5, 9999.0, 22.57, 22.32, 22.23, 22.25, 22.25
2026-09-08, 11:23:03, 22.25, 22.36, 22.68, 22.68, 9999.0, 9999.0, 9999.0, 23.93, 9999.0, 22.48, 9999.0, 22.59, 22.32, 22.25, 22.25, 22.25
2026-09-08, 11:23:07, 22.25, 22.39, 22.7, 22.7, 9999.0, 9999.0, 9999.0, 23.91, 9999.0, 22.45, 9999.0, 22.61, 22.3, 22.25, 22.25, 22.25
2026-09-08, 11:23:11, 22.25, 22.39, 22.7, 22.7, 9999.0, 9999.0, 9999.0, 23.89, 9999.0, 22.43, 9999.0, 22.64, 22.3, 22.25, 22.25, 22.25
2026-09-08, 11:23:15, 22.25, 22.39, 22.7, 22.7, 9999.0, 9999.0, 9999.0, 23.86, 9999.0, 22.43, 9999.0, 22.66, 22.32, 22.25, 22.25, 22.25
2026-09-08, 11:23:19, 22.25, 22.36, 22.7, 22.7, 9999.0, 9999.0, 9999.0, 23.84, 9999.0, 22.43, 9999.0, 22.68, 22.32, 22.23, 22.25, 22.25
2026-09-08, 11:23:23, 22.25, 22.39, 22.68, 22.68, 9999.0, 9999.0, 9999.0, 23.8, 9999.0, 22.45, 9999.0, 22.7, 22.34, 22.23, 22.25, 22.25
2026-09-08, 11:23:27, 22.25, 22.41, 22.66, 22.68, 9999.0, 9999.0, 9999.0, 23.77, 9999.0, 22.45, 9999.0, 22.73, 22.36, 22.23, 22.25, 22.25
2026-09-08, 11:23:31, 22.25, 22.41, 22.68, 22.68, 9999.0, 9999.0, 9999.0, 23.73, 9999.0, 22.48, 9999.0, 22.73, 22.36, 22.2, 22.25, 22.25
2026-09-08, 11:23:35, 22.25, 22.41, 22.68, 22.66, 9999.0, 9999.0, 9999.0, 23.75, 9999.0, 22.48, 9999.0, 22.7, 22.39, 22.2, 22.25, 22.25
2026-09-08, 11:23:39, 22.25, 22.43, 22.68, 22.66, 9999.0, 9999.0, 9999.0, 23.77, 9999.0, 22.5, 9999.0, 22.68, 22.39, 22.18, 22.25, 22.25
2026-09-08, 11:23:43, 22.25, 22.41, 22.68, 22.68, 9999.0, 9999.0, 9999.0, 23.82, 9999.0, 22.5, 9999.0, 22.68, 22.39, 22.16, 22.25, 22.25
2026-09-08, 11:23:47, 22.25, 22.41, 22.68, 22.66, 9999.0, 9999.0, 9999.0, 23.84, 9999.0, 22.52, 9999.0, 22.66, 22.36, 22.16, 22.25, 22.25
2026-09-08, 11:23:51, 22.25, 22.39, 22.66, 22.66, 9999.0, 9999.0, 9999.0, 23.86, 9999.0, 22.55, 9999.0, 22.64, 22.36, 22.16, 22.25, 22.25
2026-09-08, 11:23:55, 22.25, 22.41, 22.66, 22.64, 9999.0, 9999.0, 9999.0, 23.89, 9999.0, 22.57, 9999.0, 22.61, 22.34, 22.16, 22.25, 22.25
2026-09-08, 11:24:00, 22.25, 22.39, 22.66, 22.66, 9999.0, 9999.0, 9999.0, 23.91, 9999.0, 22.57, 9999.0, 22.59, 22.34, 22.16, 22.25, 22.25
2026-09-08, 11:24:04, 22.25, 22.41, 22.66, 22.64, 9999.0, 9999.0, 9999.0, 23.93, 9999.0, 22.57, 9999.0, 22.57, 22.36, 22.18, 22.25, 22.25
2026-09-08, 11:24:08, 22.25, 22.41, 22.66, 22.66, 9999.0, 9999.0, 9999.0, 23.95, 9999.0, 22.55, 9999.0, 22.55, 22.36, 22.18, 22.25, 22.25
2026-09-08, 11:24:12, 22.25, 22.41, 22.68, 22.66, 9999.0, 9999.0, 9999.0, 23.98, 9999.0, 22.55, 9999.0, 22.55, 22.34, 22.18, 22.25, 22.25
2026-09-08, 11:24:16, 22.25, 22.41, 22.68, 22.64, 9999.0, 9999.0, 9999.0, 24.02, 9999.0, 22.5, 9999.0, 22.57, 22.34, 22.2, 22.25, 22.25
2026-09-08, 11:24:20, 22.25, 22.39, 22.68, 22.66, 9999.0, 9999.0, 9999.0, 23.98, 9999.0, 22.48, 9999.0, 22.59, 22.32, 22.2, 22.25, 22.25
2026-09-08, 11:24:24, 22.25, 22.36, 22.68, 22.64, 9999.0, 9999.0, 9999.0, 23.93, 9999.0, 22.43, 9999.0, 22.61, 22.32, 22.23, 22.25, 22.25
2026-09-08, 11:24:28, 22.25, 22.39, 22.68, 22.61, 9999.0, 9999.0, 9999.0, 23.89, 9999.0, 22.41, 9999.0, 22.61, 22.34, 22.25, 22.25, 22.25
2026-09-08, 11:24:32, 22.25, 22.41, 22.7, 22.64, 9999.0, 9999.0, 9999.0, 23.86, 9999.0, 22.41, 9999.0, 22.64, 22.34, 22.25, 22.25, 22.25
2026-09-08, 11:24:36, 22.25, 22.41, 22.7, 22.64, 9999.0, 9999.0, 9999.0, 23.82, 9999.0, 22.41, 9999.0, 22.66, 22.36, 22.25, 22.25, 22.25
2026-09-08, 11:24:40, 22.25, 22.39, 22.7, 22.66, 9999.0, 9999.0, 9999.0, 23.77, 9999.0, 22.41, 9999.0, 22.68, 22.39, 22.25, 22.25, 22.25
2026-09-08, 11:24:44, 22.25, 22.41, 22.7, 22.66, 9999.0, 9999.0, 9999.0, 23.73, 9999.0, 22.43, 9999.0, 22.7, 22.39, 22.25, 22.25, 22.23
2026-09-08, 11:24:48, 22.25, 22.39, 22.7, 22.66, 9999.0, 9999.0, 9999.0, 23.66, 9999.0, 22.43, 9999.0, 22.73, 22.39, 22.25, 22.25, 22.23
2026-09-08, 11:24:52, 22.25, 22.36, 22.7, 22.64, 9999.0, 9999.0, 9999.0, 23.7, 9999.0, 22.43, 9999.0, 22.73, 22.36, 22.25, 22.25, 22.23
2026-09-08, 11:24:56, 22.25, 22.36, 22.7, 22.64, 9999.0, 9999.0, 9999.0, 23.73, 9999.0, 22.43, 9999.0, 22.73, 22.39, 22.25, 22.25, 22.23
2026-09-08, 11:25:00, 22.25, 22.34, 22.7, 22.66, 9999.0, 9999.0, 9999.0, 23.75, 9999.0, 22.45, 9999.0, 22.73, 22.39, 22.23, 22.25, 22.23
2026-09-08, 11:25:04, 22.25, 22.36, 22.7, 22.64, 9999.0, 9999.0, 9999.0, 23.77, 9999.0, 22.48, 9999.0, 22.7, 22.41, 22.2, 22.25, 22.23
2026-09-08, 11:25:08, 22.25, 22.39, 22.7, 22.66, 9999.0, 9999.0, 9999.0, 23.8, 9999.0, 22.5, 9999.0, 22.68, 22.43, 22.18, 22.25, 22.23
2026-09-08, 11:25:12, 22.25, 22.36, 22.7, 22.68, 9999.0, 9999.0, 9999.0, 23.82, 9999.0, 22.52, 9999.0, 22.66, 22.41, 22.18, 22.25, 22.23
2026-09-08, 11:25:16, 22.25, 22.36, 22.7, 22.68, 9999.0, 9999.0, 9999.0, 23.84, 9999.0, 22.52, 9999.0, 22.64, 22.41, 22.18, 22.25, 22.23
2026-09-08, 11:25:20, 22.25, 22.39, 22.73, 22.68, 9999.0, 9999.0, 9999.0, 23.86, 9999.0, 22.52, 9999.0, 22.61, 22.41, 22.18, 22.25, 22.23
2026-09-08, 11:25:24, 22.25, 22.41, 22.73, 22.68, 9999.0, 9999.0, 9999.0, 23.91, 9999.0, 22.52, 9999.0, 22.59, 22.41, 22.18, 22.25, 22.23
2026-09-08, 11:25:28, 22.25, 22.39, 22.73, 22.68, 9999.0, 9999.0, 9999.0, 23.95, 9999.0, 22.48, 9999.0, 22.57, 22.41, 22.18, 22.25, 22.25
2026-09-08, 11:25:32, 22.25, 22.39, 22.73, 22.7, 9999.0, 9999.0, 9999.0, 24.0, 9999.0, 22.48, 9999.0, 22.55, 22.39, 22.18, 22.25, 22.25
2026-09-08, 11:25:36, 22.25, 22.39, 22.75, 22.73, 9999.0, 9999.0, 9999.0, 23.95, 9999.0, 22.48, 9999.0, 22.55, 22.39, 22.18, 22.25, 22.25
2026-09-08, 11:25:40, 22.25, 22.39, 22.75, 22.73, 9999.0, 9999.0, 9999.0, 23.93, 9999.0, 22.45, 9999.0, 22.55, 22.39, 22.18, 22.25, 22.25
2026-09-08, 11:25:44, 22.25, 22.41, 22.75, 22.73, 9999.0, 9999.0, 9999.0, 23.89, 9999.0, 22.43, 9999.0, 22.55, 22.41, 22.2, 22.25, 22.25
2026-09-08, 11:25:48, 22.25, 22.41, 22.75, 22.75, 9999.0, 9999.0, 9999.0, 23.86, 9999.0, 22.41, 9999.0, 22.57, 22.39, 22.23, 22.25, 22.25
2026-09-08, 11:25:52, 22.25, 22.39, 22.75, 22.73, 9999.0, 9999.0, 9999.0, 23.82, 9999.0, 22.41, 9999.0, 22.59, 22.39, 22.25, 22.25, 22.25
2026-09-08, 11:25:56, 22.25, 22.41, 22.75, 22.7, 9999.0, 9999.0, 9999.0, 23.77, 9999.0, 22.39, 9999.0, 22.61, 22.39, 22.25, 22.25, 22.25
2026-09-08, 11:26:00, 22.25, 22.41, 22.75, 22.7, 9999.0, 9999.0, 9999.0, 23.73, 9999.0, 22.39, 9999.0, 22.64, 22.41, 22.25, 22.25, 22.25
2026-09-08, 11:26:04, 22.25, 22.41, 22.75, 22.68, 9999.0, 9999.0, 9999.0, 23.7, 9999.0, 22.41, 9999.0, 22.64, 22.41, 22.25, 22.25, 22.25
2026-09-08, 11:26:08, 22.25, 22.41, 22.75, 22.68, 9999.0, 9999.0, 9999.0, 23.66, 9999.0, 22.41, 9999.0, 22.66, 22.41, 22.25, 22.25, 22.25
2026-09-08, 11:26:12, 22.25, 22.43, 22.75, 22.66, 9999.0, 9999.0, 9999.0, 23.68, 9999.0, 22.43, 9999.0, 22.66, 22.41, 22.25, 22.25, 22.25
2026-09-08, 11:26:16, 22.25, 22.43, 22.73, 22.66, 9999.0, 9999.0, 9999.0, 23.73, 9999.0, 22.43, 9999.0, 22.66, 22.43, 22.25, 22.25, 22.25
2026-09-08, 11:26:20, 22.25, 22.45, 22.73, 22.66, 9999.0, 9999.0, 9999.0, 23.75, 9999.0, 22.41, 9999.0, 22.68, 22.45, 22.23, 22.25, 22.25
2026-09-08, 11:26:24, 22.25, 22.45, 22.73, 22.64, 9999.0, 9999.0, 9999.0, 23.77, 9999.0, 22.43, 9999.0, 22.66, 22.43, 22.23, 22.25, 22.25
2026-09-08, 11:26:28, 22.25, 22.43, 22.73, 22.64, 9999.0, 9999.0, 9999.0, 23.8, 9999.0, 22.45, 9999.0, 22.64, 22.41, 22.23, 22.25, 22.25
2026-09-08, 11:26:32, 22.25, 22.43, 22.73, 22.61, 9999.0, 9999.0, 9999.0, 23.82, 9999.0, 22.48, 9999.0, 22.61, 22.41, 22.23, 22.25, 22.25
2026-09-08, 11:26:36, 22.25, 22.45, 22.73, 22.64, 9999.0, 9999.0, 9999.0, 23.84, 9999.0, 22.45, 9999.0, 22.59, 22.41, 22.23, 22.25, 22.25
2026-09-08, 11:26:40, 22.25, 22.45, 22.7, 22.66, 9999.0, 9999.0, 9999.0, 23.89, 9999.0, 22.45, 9999.0, 22.57, 22.41, 22.23, 22.25, 22.25
2026-09-08, 11:26:44, 22.25, 22.43, 22.7, 22.66, 9999.0, 9999.0, 9999.0, 23.91, 9999.0, 22.43, 9999.0, 22.55, 22.41, 22.23, 22.25, 22.25
2026-09-08, 11:26:48, 22.25, 22.41, 22.7, 22.68, 9999.0, 9999.0, 9999.0, 23.93, 9999.0, 22.39, 9999.0, 22.57, 22.39, 22.23, 22.25, 22.25
2026-09-08, 11:26:52, 22.25, 22.39, 22.7, 22.66, 9999.0, 9999.0, 9999.0, 23.95, 9999.0, 22.36, 9999.0, 22.57, 22.36, 22.23, 22.25, 22.25
2026-09-08, 11:26:56, 22.25, 22.39, 22.7, 22.68, 9999.0, 9999.0, 9999.0, 23.91, 9999.0, 22.34, 9999.0, 22.59, 22.34, 22.23, 22.25, 22.25
2026-09-08, 11:27:00, 22.25, 22.39, 22.73, 22.68, 9999.0, 9999.0, 9999.0, 23.86, 9999.0, 22.32, 9999.0, 22.61, 22.34, 22.23, 22.25, 22.25
2026-09-08, 11:27:04, 22.25, 22.39, 22.73, 22.68, 9999.0, 9999.0, 9999.0, 23.84, 9999.0, 22.32, 9999.0, 22.61, 22.32, 22.25, 22.25, 22.25
2026-09-08, 11:27:08, 22.25, 22.39, 22.73, 22.7, 9999.0, 9999.0, 9999.0, 23.8, 9999.0, 22.32, 9999.0, 22.64, 22.34, 22.25, 22.25, 22.25
2026-09-08, 11:27:12, 22.25, 22.39, 22.73, 22.7, 9999.0, 9999.0, 9999.0, 23.75, 9999.0, 22.32, 9999.0, 22.66, 22.36, 22.25, 22.25, 22.25
2026-09-08, 11:27:16, 22.25, 22.36, 22.73, 22.73, 9999.0, 9999.0, 9999.0, 23.73, 9999.0, 22.32, 9999.0, 22.68, 22.39, 22.25, 22.25, 22.25
2026-09-08, 11:27:20, 22.25, 22.36, 22.73, 22.73, 9999.0, 9999.0, 9999.0, 23.7, 9999.0, 22.34, 9999.0, 22.7, 22.39, 22.23, 22.25, 22.25
2026-09-08, 11:27:24, 22.25, 22.34, 22.75, 22.73, 9999.0, 9999.0, 9999.0, 23.66, 9999.0, 22.36, 9999.0, 22.73, 22.41, 22.23, 22.25, 22.25
2026-09-08, 11:27:28, 22.25, 22.36, 22.75, 22.73, 9999.0, 9999.0, 9999.0, 23.61, 9999.0, 22.39, 9999.0, 22.73, 22.41, 22.23, 22.25, 22.25
2026-09-08, 11:27:32, 22.25, 22.39, 22.75, 22.73, 9999.0, 9999.0, 9999.0, 23.66, 9999.0, 22.41, 9999.0, 22.7, 22.41, 22.23, 22.25, 22.25
2026-09-08, 11:27:36, 22.25, 22.39, 22.75, 22.73, 9999.0, 9999.0, 9999.0, 23.68, 9999.0, 22.43, 9999.0, 22.7, 22.43, 22.2, 22.25, 22.25
2026-09-08, 11:27:40, 22.25, 22.39, 22.75, 22.73, 9999.0, 9999.0, 9999.0, 23.7, 9999.0, 22.45, 9999.0, 22.68, 22.45, 22.2, 22.25, 22.25
2026-09-08, 11:27:44, 22.25, 22.41, 22.75, 22.73, 9999.0, 9999.0, 9999.0, 23.73, 9999.0, 22.48, 9999.0, 22.66, 22.43, 22.2, 22.25, 22.25
2026-09-08, 11:27:48, 22.25, 22.39, 22.75, 22.73, 9999.0, 9999.0, 9999.0, 23.75, 9999.0, 22.5, 9999.0, 22.64, 22.45, 22.2, 22.25, 22.25
2026-09-08, 11:27:53, 22.25, 22.36, 22.75, 22.73, 9999.0, 9999.0, 9999.0, 23.8, 9999.0, 22.48, 9999.0, 22.61, 22.45, 22.2, 22.25, 22.25
2026-09-08, 11:27:57, 22.25, 22.36, 22.75, 22.73, 9999.0, 9999.0, 9999.0, 23.84, 9999.0, 22.45, 9999.0, 22.59, 22.43, 22.2, 22.25, 22.25
2026-09-08, 11:28:01, 22.25, 22.36, 22.75, 22.73, 9999.0, 9999.0, 9999.0, 23.84, 9999.0, 22.43, 9999.0, 22.57, 22.43, 22.2, 22.25, 22.25
2026-09-08, 11:28:05, 22.25, 22.36, 22.75, 22.73, 9999.0, 9999.0, 9999.0, 23.89, 9999.0, 22.41, 9999.0, 22.55, 22.43, 22.23, 22.25, 22.25
2026-09-08, 11:28:09, 22.25, 22.39, 22.73, 22.73, 9999.0, 9999.0, 9999.0, 23.91, 9999.0, 22.39, 9999.0, 22.55, 22.41, 22.23, 22.25, 22.25
2026-09-08, 11:28:13, 22.25, 22.39, 22.73, 22.73, 9999.0, 9999.0, 9999.0, 23.95, 9999.0, 22.36, 9999.0, 22.55, 22.41, 22.23, 22.25, 22.25
2026-09-08, 11:28:17, 22.25, 22.39, 22.73, 22.73, 9999.0, 9999.0, 9999.0, 23.91, 9999.0, 22.34, 9999.0, 22.57, 22.41, 22.23, 22.25, 22.25
2026-09-08, 11:28:21, 22.25, 22.41, 22.73, 22.75, 9999.0, 9999.0, 9999.0, 23.86, 9999.0, 22.32, 9999.0, 22.57, 22.41, 22.25, 22.25, 22.25
2026-09-08, 11:28:25, 22.25, 22.39, 22.73, 22.75, 9999.0, 9999.0, 9999.0, 23.82, 9999.0, 22.27, 9999.0, 22.59, 22.39, 22.25, 22.25, 22.25
2026-09-08, 11:28:29, 22.25, 22.36, 22.73, 22.75, 9999.0, 9999.0, 9999.0, 23.77, 9999.0, 22.27, 9999.0, 22.61, 22.41, 22.25, 22.27, 22.25
2026-09-08, 11:28:33, 22.25, 22.39, 22.73, 22.75, 9999.0, 9999.0, 9999.0, 23.73, 9999.0, 22.25, 9999.0, 22.61, 22.39, 22.25, 22.27, 22.25
2026-09-08, 11:28:37, 22.25, 22.41, 22.7, 22.75, 9999.0, 9999.0, 9999.0, 23.68, 9999.0, 22.25, 9999.0, 22.64, 22.39, 22.25, 22.27, 22.25
2026-09-08, 11:28:41, 22.25, 22.41, 22.7, 22.75, 9999.0, 9999.0, 9999.0, 23.64, 9999.0, 22.27, 9999.0, 22.66, 22.41, 22.25, 22.27, 22.25
2026-09-08, 11:28:45, 22.25, 22.41, 22.7, 22.75, 9999.0, 9999.0, 9999.0, 23.59, 9999.0, 22.3, 9999.0, 22.68, 22.41, 22.25, 22.27, 22.25
2026-09-08, 11:28:49, 22.25, 22.41, 22.7, 22.75, 9999.0, 9999.0, 9999.0, 23.61, 9999.0, 22.32, 9999.0, 22.7, 22.41, 22.25, 22.27, 22.25
2026-09-08, 11:28:53, 22.25, 22.39, 22.73, 22.75, 9999.0, 9999.0, 9999.0, 23.66, 9999.0, 22.34, 9999.0, 22.68, 22.43, 22.25, 22.27, 22.25
2026-09-08, 11:28:57, 22.25, 22.36, 22.73, 22.75, 9999.0, 9999.0, 9999.0, 23.68, 9999.0, 22.36, 9999.0, 22.68, 22.41, 22.25, 22.27, 22.25
2026-09-08, 11:29:01, 22.25, 22.36, 22.73, 22.75, 9999.0, 9999.0, 9999.0, 23.7, 9999.0, 22.36, 9999.0, 22.64, 22.41, 22.23, 22.27, 22.23
2026-09-08, 11:29:05, 22.25, 22.34, 22.73, 22.73, 9999.0, 9999.0, 9999.0, 23.73, 9999.0, 22.39, 9999.0, 22.61, 22.41, 22.2, 22.27, 22.23
2026-09-08, 11:29:09, 22.25, 22.36, 22.73, 22.73, 9999.0, 9999.0, 9999.0, 23.77, 9999.0, 22.41, 9999.0, 22.59, 22.41, 22.2, 22.27, 22.23
2026-09-08, 11:29:13, 22.25, 22.39, 22.73, 22.73, 9999.0, 9999.0, 9999.0, 23.82, 9999.0, 22.39, 9999.0, 22.57, 22.39, 22.2, 22.25, 22.23
2026-09-08, 11:29:17, 22.25, 22.39, 22.73, 22.73, 9999.0, 9999.0, 9999.0, 23.84, 9999.0, 22.39, 9999.0, 22.57, 22.41, 22.2, 22.25, 22.23
2026-09-08, 11:29:21, 22.25, 22.36, 22.75, 22.73, 9999.0, 9999.0, 9999.0, 23.89, 9999.0, 22.39, 9999.0, 22.55, 22.41, 22.2, 22.25, 22.23
2026-09-08, 11:29:25, 22.25, 22.36, 22.75, 22.73, 9999.0, 9999.0, 9999.0, 23.91, 9999.0, 22.36, 9999.0, 22.52, 22.39, 22.2, 22.25, 22.23
2026-09-08, 11:29:29, 22.25, 22.39, 22.75, 22.73, 9999.0, 9999.0, 9999.0, 23.95, 9999.0, 22.34, 9999.0, 22.52, 22.36, 22.2, 22.25, 22.23
2026-09-08, 11:29:33, 22.25, 22.36, 22.75, 22.73, 9999.0, 9999.0, 9999.0, 23.91, 9999.0, 22.32, 9999.0, 22.52, 22.34, 22.2, 22.25, 22.23
2026-09-08, 11:29:37, 22.25, 22.39, 22.75, 22.73, 9999.0, 9999.0, 9999.0, 23.84, 9999.0, 22.27, 9999.0, 22.55, 22.34, 22.2, 22.25, 22.23
2026-09-08, 11:29:41, 22.25, 22.39, 22.75, 22.73, 9999.0, 9999.0, 9999.0, 23.8, 9999.0, 22.23, 9999.0, 22.57, 22.36, 22.2, 22.25, 22.23
2026-09-08, 11:29:45, 22.25, 22.39, 22.75, 22.73, 9999.0, 9999.0, 9999.0, 23.75, 9999.0, 22.2, 9999.0, 22.61, 22.39, 22.23, 22.25, 22.25
2026-09-08, 11:29:49, 22.25, 22.39, 22.75, 22.73, 9999.0, 9999.0, 9999.0, 23.73, 9999.0, 22.18, 9999.0, 22.64, 22.39, 22.25, 22.25, 22.25
2026-09-08, 11:29:53, 22.25, 22.39, 22.75, 22.73, 9999.0, 9999.0, 9999.0, 23.68, 9999.0, 22.18, 9999.0, 22.66, 22.39, 22.25, 22.25, 22.25
2026-09-08, 11:29:57, 22.25, 22.39, 22.75, 22.73, 9999.0, 9999.0, 9999.0, 23.64, 9999.0, 22.18, 9999.0, 22.66, 22.41, 22.25, 22.25, 22.25
2026-09-08, 11:30:01, 22.25, 22.39, 22.75, 22.73, 9999.0, 9999.0, 9999.0, 23.59, 9999.0, 22.2, 9999.0, 22.68, 22.41, 22.25, 22.25, 22.25
2026-09-08, 11:30:05, 22.25, 22.41, 22.75, 22.73, 9999.0, 9999.0, 9999.0, 23.52, 9999.0, 22.23, 9999.0, 22.7, 22.41, 22.25, 22.25, 22.25
2026-09-08, 11:30:09, 22.25, 22.43, 22.75, 22.73, 9999.0, 9999.0, 9999.0, 23.57, 9999.0, 22.23, 9999.0, 22.73, 22.43, 22.25, 22.25, 22.25
2026-09-08, 11:30:13, 22.25, 22.43, 22.75, 22.73, 9999.0, 9999.0, 9999.0, 23.61, 9999.0, 22.25, 9999.0, 22.7, 22.45, 22.25, 22.25, 22.25
2026-09-08, 11:30:17, 22.25, 22.45, 22.75, 22.73, 9999.0, 9999.0, 9999.0, 23.64, 9999.0, 22.25, 9999.0, 22.68, 22.48, 22.25, 22.25, 22.25
2026-09-08, 11:30:21, 22.25, 22.45, 22.75, 22.73, 9999.0, 9999.0, 9999.0, 23.68, 9999.0, 22.27, 9999.0, 22.66, 22.48, 22.25, 22.25, 22.25
2026-09-08, 11:30:25, 22.25, 22.45, 22.75, 22.73, 9999.0, 9999.0, 9999.0, 23.73, 9999.0, 22.3, 9999.0, 22.64, 22.45, 22.25, 22.25, 22.25
2026-09-08, 11:30:29, 22.25, 22.45, 22.75, 22.73, 9999.0, 9999.0, 9999.0, 23.77, 9999.0, 22.32, 9999.0, 22.61, 22.45, 22.25, 22.25, 22.25
2026-09-08, 11:30:33, 22.25, 22.48, 22.75, 22.75, 9999.0, 9999.0, 9999.0, 23.8, 9999.0, 22.32, 9999.0, 22.59, 22.43, 22.25, 22.25, 22.25
2026-09-08, 11:30:37, 22.25, 22.48, 22.75, 22.75, 9999.0, 9999.0, 9999.0, 23.82, 9999.0, 22.32, 9999.0, 22.57, 22.45, 22.25, 22.25, 22.25
2026-09-08, 11:30:41, 22.25, 22.45, 22.75, 22.75, 9999.0, 9999.0, 9999.0, 23.86, 9999.0, 22.32, 9999.0, 22.57, 22.43, 22.25, 22.25, 22.25
2026-09-08, 11:30:45, 22.25, 22.45, 22.75, 22.75, 9999.0, 9999.0, 9999.0, 23.91, 9999.0, 22.3, 9999.0, 22.57, 22.43, 22.25, 22.25, 22.25
2026-09-08, 11:30:49, 22.25, 22.45, 22.75, 22.75, 9999.0, 9999.0, 9999.0, 23.95, 9999.0, 22.27, 9999.0, 22.57, 22.43, 22.25, 22.25, 22.25
2026-09-08, 11:30:53, 22.25, 22.45, 22.75, 22.75, 9999.0, 9999.0, 9999.0, 23.91, 9999.0, 22.27, 9999.0, 22.57, 22.43, 22.25, 22.25, 22.25
2026-09-08, 11:30:57, 22.25, 22.43, 22.75, 22.75, 9999.0, 9999.0, 9999.0, 23.84, 9999.0, 22.23, 9999.0, 22.59, 22.43, 22.25, 22.27, 22.25
2026-09-08, 11:31:01, 22.25, 22.43, 22.75, 22.75, 9999.0, 9999.0, 9999.0, 23.8, 9999.0, 22.2, 9999.0, 22.61, 22.43, 22.25, 22.27, 22.25
2026-09-08, 11:31:05, 22.25, 22.41, 22.75, 22.75, 9999.0, 9999.0, 9999.0, 23.75, 9999.0, 22.18, 9999.0, 22.64, 22.43, 22.25, 22.27, 22.25
2026-09-08, 11:31:09, 22.25, 22.43, 22.75, 22.75, 9999.0, 9999.0, 9999.0, 23.7, 9999.0, 22.18, 9999.0, 22.66, 22.43, 22.25, 22.27, 22.25
2026-09-08, 11:31:13, 22.25, 22.43, 22.75, 22.75, 9999.0, 9999.0, 9999.0, 23.66, 9999.0, 22.18, 9999.0, 22.68, 22.41, 22.25, 22.27, 22.25
2026-09-08, 11:31:17, 22.25, 22.41, 22.75, 22.75, 9999.0, 9999.0, 9999.0, 23.64, 9999.0, 22.18, 9999.0, 22.7, 22.43, 22.25, 22.27, 22.25
2026-09-08, 11:31:21, 22.25, 22.41, 22.75, 22.75, 9999.0, 9999.0, 9999.0, 23.59, 9999.0, 22.2, 9999.0, 22.73, 22.43, 22.23, 22.27, 22.25
2026-09-08, 11:31:25, 22.25, 22.43, 22.75, 22.75, 9999.0, 9999.0, 9999.0, 23.52, 9999.0, 22.23, 9999.0, 22.75, 22.45, 22.23, 22.27, 22.25
2026-09-08, 11:31:29, 22.25, 22.43, 22.75, 22.75, 9999.0, 9999.0, 9999.0, 23.57, 9999.0, 22.23, 9999.0, 22.75, 22.45, 22.23, 22.3, 22.25
2026-09-08, 11:31:33, 22.25, 22.43, 22.75, 22.75, 9999.0, 9999.0, 9999.0, 23.61, 9999.0, 22.23, 9999.0, 22.75, 22.45, 22.23, 22.3, 22.25
2026-09-08, 11:31:37, 22.25, 22.43, 22.75, 22.75, 9999.0, 9999.0, 9999.0, 23.64, 9999.0, 22.23, 9999.0, 22.75, 22.45, 22.23, 22.3, 22.25
2026-09-08, 11:31:41, 22.25, 22.43, 22.75, 22.75, 9999.0, 9999.0, 9999.0, 23.68, 9999.0, 22.25, 9999.0, 22.73, 22.45, 22.23, 22.27, 22.25
2026-09-08, 11:31:46, 22.25, 22.43, 22.75, 22.73, 9999.0, 9999.0, 9999.0, 23.73, 9999.0, 22.27, 9999.0, 22.7, 22.45, 22.23, 22.27, 22.25
2026-09-08, 11:31:50, 22.25, 22.45, 22.75, 22.73, 9999.0, 9999.0, 9999.0, 23.75, 9999.0, 22.3, 9999.0, 22.68, 22.45, 22.23, 22.27, 22.25
2026-09-08, 11:31:54, 22.25, 22.45, 22.75, 22.73, 9999.0, 9999.0, 9999.0, 23.77, 9999.0, 22.3, 9999.0, 22.66, 22.45, 22.23, 22.27, 22.25
2026-09-08, 11:31:58, 22.25, 22.43, 22.75, 22.73, 9999.0, 9999.0, 9999.0, 23.8, 9999.0, 22.3, 9999.0, 22.64, 22.48, 22.23, 22.27, 22.25
2026-09-08, 11:32:02, 22.25, 22.43, 22.75, 22.73, 9999.0, 9999.0, 9999.0, 23.82, 9999.0, 22.3, 9999.0, 22.61, 22.45, 22.23, 22.27, 22.25
2026-09-08, 11:32:06, 22.25, 22.43, 22.75, 22.73, 9999.0, 9999.0, 9999.0, 23.86, 9999.0, 22.27, 9999.0, 22.61, 22.43, 22.25, 22.27, 22.25
2026-09-08, 11:32:10, 22.25, 22.43, 22.75, 22.73, 9999.0, 9999.0, 9999.0, 23.91, 9999.0, 22.25, 9999.0, 22.61, 22.41, 22.25, 22.27, 22.25
2026-09-08, 11:32:14, 22.25, 22.43, 22.75, 22.73, 9999.0, 9999.0, 9999.0, 23.86, 9999.0, 22.25, 9999.0, 22.61, 22.39, 22.25, 22.25, 22.25
2026-09-08, 11:32:18, 22.25, 22.41, 22.75, 22.73, 9999.0, 9999.0, 9999.0, 23.8, 9999.0, 22.23, 9999.0, 22.61, 22.39, 22.25, 22.25, 22.25
2026-09-08, 11:32:22, 22.25, 22.41, 22.75, 22.73, 9999.0, 9999.0, 9999.0, 23.77, 9999.0, 22.2, 9999.0, 22.61, 22.39, 22.25, 22.25, 22.25
2026-09-08, 11:32:26, 22.25, 22.43, 22.75, 22.73, 9999.0, 9999.0, 9999.0, 23.73, 9999.0, 22.2, 9999.0, 22.64, 22.39, 22.25, 22.25, 22.25
2026-09-08, 11:32:30, 22.25, 22.43, 22.75, 22.75, 9999.0, 9999.0, 9999.0, 23.68, 9999.0, 22.2, 9999.0, 22.66, 22.39, 22.25, 22.25, 22.25
2026-09-08, 11:32:34, 22.25, 22.41, 22.75, 22.75, 9999.0, 9999.0, 9999.0, 23.66, 9999.0, 22.2, 9999.0, 22.68, 22.39, 22.25, 22.25, 22.25
2026-09-08, 11:32:38, 22.25, 22.39, 22.75, 22.75, 9999.0, 9999.0, 9999.0, 23.61, 9999.0, 22.23, 9999.0, 22.7, 22.41, 22.25, 22.25, 22.27
2026-09-08, 11:32:42, 22.25, 22.39, 22.75, 22.75, 9999.0, 9999.0, 9999.0, 23.57, 9999.0, 22.25, 9999.0, 22.7, 22.41, 22.25, 22.25, 22.27
2026-09-08, 11:32:46, 22.25, 22.39, 22.75, 22.75, 9999.0, 9999.0, 9999.0, 23.52, 9999.0, 22.25, 9999.0, 22.73, 22.43, 22.25, 22.25, 22.27
2026-09-08, 11:32:50, 22.25, 22.36, 22.75, 22.75, 9999.0, 9999.0, 9999.0, 23.55, 9999.0, 22.27, 9999.0, 22.73, 22.45, 22.25, 22.25, 22.27
2026-09-08, 11:32:54, 22.25, 22.34, 22.75, 22.75, 9999.0, 9999.0, 9999.0, 23.57, 9999.0, 22.27, 9999.0, 22.7, 22.48, 22.25, 22.25, 22.27
2026-09-08, 11:32:58, 22.25, 22.34, 22.75, 22.75, 9999.0, 9999.0, 9999.0, 23.57, 9999.0, 22.25, 9999.0, 22.68, 22.5, 22.25, 22.25, 22.27
2026-09-08, 11:33:02, 22.25, 22.36, 22.75, 22.75, 9999.0, 9999.0, 9999.0, 23.59, 9999.0, 22.27, 9999.0, 22.68, 22.5, 22.25, 22.25, 22.27
2026-09-08, 11:33:06, 22.25, 22.34, 22.75, 22.75, 9999.0, 9999.0, 9999.0, 23.59, 9999.0, 22.3, 9999.0, 22.66, 22.48, 22.25, 22.25, 22.27
2026-09-08, 11:33:10, 22.25, 22.34, 22.75, 22.75, 9999.0, 9999.0, 9999.0, 23.61, 9999.0, 22.3, 9999.0, 22.64, 22.48, 22.25, 22.25, 22.27
2026-09-08, 11:33:14, 22.25, 22.34, 22.75, 22.75, 9999.0, 9999.0, 9999.0, 23.61, 9999.0, 22.3, 9999.0, 22.61, 22.48, 22.25, 22.25, 22.27
2026-09-08, 11:33:18, 22.25, 22.34, 22.75, 22.75, 9999.0, 9999.0, 9999.0, 23.61, 9999.0, 22.3, 9999.0, 22.59, 22.48, 22.25, 22.25, 22.27
2026-09-08, 11:33:22, 22.25, 22.34, 22.75, 22.75, 9999.0, 9999.0, 9999.0, 23.64, 9999.0, 22.25, 9999.0, 22.57, 22.45, 22.25, 22.25, 22.27
2026-09-08, 11:33:26, 22.25, 22.34, 22.75, 22.75, 9999.0, 9999.0, 9999.0, 23.66, 9999.0, 22.2, 9999.0, 22.59, 22.43, 22.25, 22.25, 22.27
2026-09-08, 11:33:30, 22.25, 22.34, 22.75, 22.75, 9999.0, 9999.0, 9999.0, 23.68, 9999.0, 22.18, 9999.0, 22.59, 22.41, 22.25, 22.25, 22.27
2026-09-08, 11:33:34, 22.25, 22.36, 22.75, 22.75, 9999.0, 9999.0, 9999.0, 23.64, 9999.0, 22.14, 9999.0, 22.59, 22.41, 22.25, 22.27, 22.27
2026-09-08, 11:33:38, 22.25, 22.39, 22.75, 22.75, 9999.0, 9999.0, 9999.0, 23.59, 9999.0, 22.11, 9999.0, 22.61, 22.41, 22.25, 22.27, 22.27
2026-09-08, 11:33:42, 22.25, 22.36, 22.75, 22.75, 9999.0, 9999.0, 9999.0, 23.57, 9999.0, 22.11, 9999.0, 22.64, 22.41, 22.25, 22.27, 22.27
2026-09-08, 11:33:46, 22.25, 22.34, 22.75, 22.75, 9999.0, 9999.0, 9999.0, 23.55, 9999.0, 22.11, 9999.0, 22.64, 22.41, 22.25, 22.27, 22.3
2026-09-08, 11:33:50, 22.25, 22.34, 22.75, 22.75, 9999.0, 9999.0, 9999.0, 23.52, 9999.0, 22.11, 9999.0, 22.66, 22.43, 22.25, 22.27, 22.3
2026-09-08, 11:33:54, 22.25, 22.32, 22.75, 22.75, 9999.0, 9999.0, 9999.0, 23.5, 9999.0, 22.11, 9999.0, 22.68, 22.43, 22.25, 22.27, 22.3
2026-09-08, 11:33:58, 22.25, 22.32, 22.75, 22.75, 9999.0, 9999.0, 9999.0, 23.48, 9999.0, 22.11, 9999.0, 22.7, 22.43, 22.25, 22.27, 22.3
2026-09-08, 11:34:02, 22.25, 22.32, 22.75, 22.75, 9999.0, 9999.0, 9999.0, 23.45, 9999.0, 22.11, 9999.0, 22.73, 22.43, 22.25, 22.27, 22.3
2026-09-08, 11:34:06, 22.25, 22.34, 22.75, 22.75, 9999.0, 9999.0, 9999.0, 23.5, 9999.0, 22.14, 9999.0, 22.75, 22.45, 22.25, 22.27, 22.27
2026-09-08, 11:34:10, 22.25, 22.36, 22.75, 22.75, 9999.0, 9999.0, 9999.0, 23.55, 9999.0, 22.16, 9999.0, 22.75, 22.48, 22.25, 22.27, 22.27
2026-09-08, 11:34:14, 22.25, 22.39, 22.75, 22.75, 9999.0, 9999.0, 9999.0, 23.59, 9999.0, 22.18, 9999.0, 22.73, 22.5, 22.25, 22.27, 22.27
2026-09-08, 11:34:18, 22.25, 22.39, 22.75, 22.75, 9999.0, 9999.0, 9999.0, 23.61, 9999.0, 22.2, 9999.0, 22.73, 22.5, 22.23, 22.25, 22.27
2026-09-08, 11:34:22, 22.25, 22.36, 22.75, 22.75, 9999.0, 9999.0, 9999.0, 23.64, 9999.0, 22.23, 9999.0, 22.7, 22.5, 22.23, 22.25, 22.27
2026-09-08, 11:34:26, 22.25, 22.39, 22.75, 22.75, 9999.0, 9999.0, 9999.0, 23.66, 9999.0, 22.25, 9999.0, 22.68, 22.5, 22.23, 22.25, 22.3
2026-09-08, 11:34:30, 22.25, 22.41, 22.75, 22.75, 9999.0, 9999.0, 9999.0, 23.68, 9999.0, 22.23, 9999.0, 22.66, 22.48, 22.23, 22.25, 22.27
2026-09-08, 11:34:34, 22.25, 22.41, 22.75, 22.75, 9999.0, 9999.0, 9999.0, 23.7, 9999.0, 22.23, 9999.0, 22.64, 22.48, 22.23, 22.25, 22.27
2026-09-08, 11:34:38, 22.25, 22.41, 22.75, 22.75, 9999.0, 9999.0, 9999.0, 23.73, 9999.0, 22.23, 9999.0, 22.61, 22.48, 22.23, 22.25, 22.27
2026-09-08, 11:34:42, 22.25, 22.41, 22.75, 22.75, 9999.0, 9999.0, 9999.0, 23.77, 9999.0, 22.23, 9999.0, 22.61, 22.48, 22.23, 22.25, 22.27
2026-09-08, 11:34:46, 22.25, 22.41, 22.75, 22.75, 9999.0, 9999.0, 9999.0, 23.82, 9999.0, 22.23, 9999.0, 22.61, 22.45, 22.23, 22.25, 22.27
2026-09-08, 11:34:50, 22.25, 22.39, 22.75, 22.75, 9999.0, 9999.0, 9999.0, 23.77, 9999.0, 22.23, 9999.0, 22.61, 22.43, 22.23, 22.25, 22.27
2026-09-08, 11:34:54, 22.25, 22.39, 22.75, 22.75, 9999.0, 9999.0, 9999.0, 23.73, 9999.0, 22.23, 9999.0, 22.61, 22.43, 22.23, 22.25, 22.27
2026-09-08, 11:34:58, 22.25, 22.39, 22.75, 22.75, 9999.0, 9999.0, 9999.0, 23.68, 9999.0, 22.2, 9999.0, 22.64, 22.43, 22.23, 22.25, 22.27
2026-09-08, 11:35:02, 22.25, 22.39, 22.75, 22.75, 9999.0, 9999.0, 9999.0, 23.66, 9999.0, 22.18, 9999.0, 22.64, 22.43, 22.25, 22.25, 22.27
2026-09-08, 11:35:06, 22.25, 22.41, 22.75, 22.75, 9999.0, 9999.0, 9999.0, 23.64, 9999.0, 22.18, 9999.0, 22.66, 22.43, 22.25, 22.27, 22.27
2026-09-08, 11:35:10, 22.25, 22.41, 22.75, 22.75, 9999.0, 9999.0, 9999.0, 23.61, 9999.0, 22.18, 9999.0, 22.68, 22.43, 22.25, 22.27, 22.25
2026-09-08, 11:35:14, 22.25, 22.41, 22.75, 22.75, 9999.0, 9999.0, 9999.0, 23.59, 9999.0, 22.2, 9999.0, 22.7, 22.45, 22.25, 22.27, 22.25
2026-09-08, 11:35:18, 22.25, 22.43, 22.75, 22.75, 9999.0, 9999.0, 9999.0, 23.57, 9999.0, 22.23, 9999.0, 22.73, 22.45, 22.25, 22.27, 22.25
2026-09-08, 11:35:22, 22.25, 22.45, 22.75, 22.75, 9999.0, 9999.0, 9999.0, 23.52, 9999.0, 22.23, 9999.0, 22.75, 22.45, 22.25, 22.27, 22.27
2026-09-08, 11:35:26, 22.25, 22.45, 22.75, 22.75, 9999.0, 9999.0, 9999.0, 23.57, 9999.0, 22.23, 9999.0, 22.75, 22.45, 22.25, 22.27, 22.27
2026-09-08, 11:35:31, 22.25, 22.48, 22.75, 22.75, 9999.0, 9999.0, 9999.0, 23.61, 9999.0, 22.23, 9999.0, 22.75, 22.48, 22.25, 22.27, 22.27
2026-09-08, 11:35:35, 22.25, 22.5, 22.75, 22.75, 9999.0, 9999.0, 9999.0, 23.66, 9999.0, 22.23, 9999.0, 22.75, 22.5, 22.25, 22.27, 22.27
2026-09-08, 11:35:39, 22.25, 22.5, 22.75, 22.75, 9999.0, 9999.0, 9999.0, 23.7, 9999.0, 22.23, 9999.0, 22.73, 22.5, 22.25, 22.27, 22.27
2026-09-08, 11:35:43, 22.25, 22.5, 22.75, 22.75, 9999.0, 9999.0, 9999.0, 23.75, 9999.0, 22.25, 9999.0, 22.7, 22.5, 22.25, 22.27, 22.27
2026-09-08, 11:35:47, 22.25, 22.5, 22.75, 22.75, 9999.0, 9999.0, 9999.0, 23.77, 9999.0, 22.27, 9999.0, 22.68, 22.5, 22.25, 22.27, 22.27
2026-09-08, 11:35:51, 22.25, 22.48, 22.75, 22.75, 9999.0, 9999.0, 9999.0, 23.8, 9999.0, 22.27, 9999.0, 22.66, 22.5, 22.25, 22.25, 22.27
2026-09-08, 11:35:55, 22.25, 22.48, 22.75, 22.75, 9999.0, 9999.0, 9999.0, 23.82, 9999.0, 22.27, 9999.0, 22.64, 22.5, 22.25, 22.25, 22.27
2026-09-08, 11:35:59, 22.25, 22.48, 22.75, 22.75, 9999.0, 9999.0, 9999.0, 23.84, 9999.0, 22.27, 9999.0, 22.61, 22.5, 22.25, 22.25, 22.27
2026-09-08, 11:36:03, 22.25, 22.48, 22.75, 22.75, 9999.0, 9999.0, 9999.0, 23.86, 9999.0, 22.25, 9999.0, 22.61, 22.48, 22.25, 22.25, 22.27
2026-09-08, 11:36:07, 22.25, 22.48, 22.75, 22.75, 9999.0, 9999.0, 9999.0, 23.91, 9999.0, 22.25, 9999.0, 22.61, 22.48, 22.25, 22.25, 22.25
2026-09-08, 11:36:11, 22.25, 22.48, 22.75, 22.75, 9999.0, 9999.0, 9999.0, 23.84, 9999.0, 22.25, 9999.0, 22.61, 22.48, 22.25, 22.25, 22.25
2026-09-08, 11:36:15, 22.25, 22.48, 22.75, 22.75, 9999.0, 9999.0, 9999.0, 23.77, 9999.0, 22.25, 9999.0, 22.61, 22.48, 22.25, 22.25, 22.25
2026-09-08, 11:36:19, 22.25, 22.48, 22.75, 22.75, 9999.0, 9999.0, 9999.0, 23.73, 9999.0, 22.25, 9999.0, 22.61, 22.48, 22.25, 22.25, 22.25
2026-09-08, 11:36:23, 22.25, 22.48, 22.75, 22.75, 9999.0, 9999.0, 9999.0, 23.68, 9999.0, 22.25, 9999.0, 22.64, 22.48, 22.25, 22.25, 22.25
2026-09-08, 11:36:27, 22.25, 22.48, 22.75, 22.75, 9999.0, 9999.0, 9999.0, 23.64, 9999.0, 22.25, 9999.0, 22.66, 22.48, 22.25, 22.25, 22.25
2026-09-08, 11:36:31, 22.25, 22.48, 22.75, 22.75, 9999.0, 9999.0, 9999.0, 23.61, 9999.0, 22.25, 9999.0, 22.68, 22.48, 22.25, 22.25, 22.25
2026-09-08, 11:36:35, 22.25, 22.5, 22.75, 22.75, 9999.0, 9999.0, 9999.0, 23.57, 9999.0, 22.27, 9999.0, 22.7, 22.48, 22.25, 22.25, 22.25
2026-09-08, 11:36:39, 22.25, 22.5, 22.75, 22.75, 9999.0, 9999.0, 9999.0, 23.52, 9999.0, 22.3, 9999.0, 22.73, 22.48, 22.25, 22.25, 22.25
2026-09-08, 11:36:43, 22.25, 22.5, 22.75, 22.75, 9999.0, 9999.0, 9999.0, 23.57, 9999.0, 22.32, 9999.0, 22.75, 22.48, 22.25, 22.25, 22.25
2026-09-08, 11:36:47, 22.25, 22.5, 22.75, 22.75, 9999.0, 9999.0, 9999.0, 23.59, 9999.0, 22.32, 9999.0, 22.75, 22.5, 22.25, 22.25, 22.25
2026-09-08, 11:36:51, 22.25, 22.5, 22.75, 22.75, 9999.0, 9999.0, 9999.0, 23.61, 9999.0, 22.34, 9999.0, 22.75, 22.5, 22.25, 22.25, 22.25
2026-09-08, 11:36:55, 22.25, 22.5, 22.75, 22.75, 9999.0, 9999.0, 9999.0, 23.66, 9999.0, 22.36, 9999.0, 22.73, 22.5, 22.25, 22.25, 22.25
2026-09-08, 11:36:59, 22.25, 22.5, 22.75, 22.75, 9999.0, 9999.0, 9999.0, 23.68, 9999.0, 22.39, 9999.0, 22.7, 22.5, 22.25, 22.25, 22.25
2026-09-08, 11:37:03, 22.25, 22.5, 22.75, 22.75, 9999.0, 9999.0, 9999.0, 23.7, 9999.0, 22.39, 9999.0, 22.68, 22.5, 22.25, 22.25, 22.25
2026-09-08, 11:37:07, 22.25, 22.5, 22.75, 22.75, 9999.0, 9999.0, 9999.0, 23.73, 9999.0, 22.41, 9999.0, 22.66, 22.5, 22.25, 22.25, 22.25
2026-09-08, 11:37:11, 22.25, 22.5, 22.75, 22.75, 9999.0, 9999.0, 9999.0, 23.73, 9999.0, 22.41, 9999.0, 22.64, 22.5, 22.25, 22.25, 22.25
2026-09-08, 11:37:15, 22.25, 22.5, 22.75, 22.75, 9999.0, 9999.0, 9999.0, 23.75, 9999.0, 22.41, 9999.0, 22.61, 22.5, 22.25, 22.25, 22.25
2026-09-08, 11:37:19, 22.25, 22.5, 22.75, 22.75, 9999.0, 9999.0, 9999.0, 23.8, 9999.0, 22.39, 9999.0, 22.59, 22.5, 22.25, 22.25, 22.25
2026-09-08, 11:37:23, 22.25, 22.5, 22.75, 22.75, 9999.0, 9999.0, 9999.0, 23.82, 9999.0, 22.36, 9999.0, 22.59, 22.48, 22.25, 22.25, 22.25
2026-09-08, 11:37:27, 22.25, 22.5, 22.75, 22.75, 9999.0, 9999.0, 9999.0, 23.75, 9999.0, 22.34, 9999.0, 22.59, 22.48, 22.25, 22.25, 22.25
2026-09-08, 11:37:31, 22.25, 22.5, 22.75, 22.75, 9999.0, 9999.0, 9999.0, 23.7, 9999.0, 22.34, 9999.0, 22.59, 22.48, 22.25, 22.25, 22.25
2026-09-08, 11:37:35, 22.25, 22.5, 22.75, 22.75, 9999.0, 9999.0, 9999.0, 23.66, 9999.0, 22.32, 9999.0, 22.59, 22.48, 22.25, 22.25, 22.25
2026-09-08, 11:37:39, 22.27, 22.5, 22.75, 22.75, 9999.0, 9999.0, 9999.0, 23.61, 9999.0, 22.3, 9999.0, 22.61, 22.48, 22.25, 22.25, 22.25
2026-09-08, 11:37:43, 22.27, 22.5, 22.75, 22.75, 9999.0, 9999.0, 9999.0, 23.59, 9999.0, 22.3, 9999.0, 22.64, 22.48, 22.25, 22.25, 22.25
2026-09-08, 11:37:47, 22.27, 22.5, 22.75, 22.75, 9999.0, 9999.0, 9999.0, 23.57, 9999.0, 22.32, 9999.0, 22.66, 22.48, 22.25, 22.25, 22.25
2026-09-08, 11:37:51, 22.27, 22.5, 22.75, 22.75, 9999.0, 9999.0, 9999.0, 23.52, 9999.0, 22.32, 9999.0, 22.68, 22.48, 22.25, 22.25, 22.25
2026-09-08, 11:37:55, 22.27, 22.5, 22.75, 22.75, 9999.0, 9999.0, 9999.0, 23.5, 9999.0, 22.34, 9999.0, 22.7, 22.48, 22.25, 22.27, 22.25
2026-09-08, 11:37:59, 22.27, 22.5, 22.75, 22.75, 9999.0, 9999.0, 9999.0, 23.45, 9999.0, 22.36, 9999.0, 22.73, 22.48, 22.25, 22.27, 22.25
2026-09-08, 11:38:03, 22.27, 22.5, 22.75, 22.75, 9999.0, 9999.0, 9999.0, 23.5, 9999.0, 22.39, 9999.0, 22.75, 22.48, 22.25, 22.27, 22.25
2026-09-08, 11:38:07, 22.27, 22.5, 22.75, 22.75, 9999.0, 9999.0, 9999.0, 23.55, 9999.0, 22.41, 9999.0, 22.75, 22.5, 22.25, 22.27, 22.25
2026-09-08, 11:38:11, 22.27, 22.5, 22.75, 22.75, 9999.0, 9999.0, 9999.0, 23.59, 9999.0, 22.41, 9999.0, 22.75, 22.5, 22.25, 22.27, 22.25
2026-09-08, 11:38:15, 22.27, 22.5, 22.75, 22.75, 9999.0, 9999.0, 9999.0, 23.64, 9999.0, 22.43, 9999.0, 22.75, 22.5, 22.25, 22.27, 22.25
2026-09-08, 11:38:19, 22.27, 22.48, 22.75, 22.75, 9999.0, 9999.0, 9999.0, 23.68, 9999.0, 22.43, 9999.0, 22.75, 22.5, 22.25, 22.27, 22.25
2026-09-08, 11:38:23, 22.25, 22.45, 22.75, 22.75, 9999.0, 9999.0, 9999.0, 23.7, 9999.0, 22.43, 9999.0, 22.73, 22.5, 22.25, 22.3, 22.25
2026-09-08, 11:38:27, 22.25, 22.43, 22.75, 22.75, 9999.0, 9999.0, 9999.0, 23.73, 9999.0, 22.43, 9999.0, 22.7, 22.5, 22.25, 22.3, 22.25
2026-09-08, 11:38:31, 22.25, 22.43, 22.75, 22.75, 9999.0, 9999.0, 9999.0, 23.75, 9999.0, 22.41, 9999.0, 22.68, 22.5, 22.25, 22.3, 22.25
2026-09-08, 11:38:35, 22.25, 22.43, 22.75, 22.75, 9999.0, 9999.0, 9999.0, 23.8, 9999.0, 22.39, 9999.0, 22.66, 22.5, 22.25, 22.3, 22.25
2026-09-08, 11:38:39, 22.25, 22.43, 22.75, 22.75, 9999.0, 9999.0, 9999.0, 23.84, 9999.0, 22.36, 9999.0, 22.66, 22.5, 22.23, 22.27, 22.25
2026-09-08, 11:38:43, 22.25, 22.43, 22.75, 22.75, 9999.0, 9999.0, 9999.0, 23.89, 9999.0, 22.34, 9999.0, 22.66, 22.5, 22.23, 22.27, 22.25
2026-09-08, 11:38:47, 22.25, 22.43, 22.75, 22.75, 9999.0, 9999.0, 9999.0, 23.84, 9999.0, 22.32, 9999.0, 22.66, 22.5, 22.23, 22.27, 22.25
2026-09-08, 11:38:51, 22.27, 22.43, 22.75, 22.75, 9999.0, 9999.0, 9999.0, 23.82, 9999.0, 22.3, 9999.0, 22.66, 22.5, 22.23, 22.27, 22.25
2026-09-08, 11:38:55, 22.27, 22.43, 22.75, 22.75, 9999.0, 9999.0, 9999.0, 23.8, 9999.0, 22.3, 9999.0, 22.66, 22.5, 22.23, 22.27, 22.25
2026-09-08, 11:38:59, 22.27, 22.41, 22.75, 22.75, 9999.0, 9999.0, 9999.0, 23.75, 9999.0, 22.27, 9999.0, 22.66, 22.5, 22.23, 22.27, 22.25
2026-09-08, 11:39:03, 22.27, 22.43, 22.75, 22.75, 9999.0, 9999.0, 9999.0, 23.7, 9999.0, 22.3, 9999.0, 22.66, 22.5, 22.23, 22.27, 22.25
2026-09-08, 11:39:07, 22.27, 22.45, 22.75, 22.75, 9999.0, 9999.0, 9999.0, 23.68, 9999.0, 22.32, 9999.0, 22.68, 22.5, 22.23, 22.25, 22.25
2026-09-08, 11:39:11, 22.27, 22.48, 22.75, 22.75, 9999.0, 9999.0, 9999.0, 23.66, 9999.0, 22.32, 9999.0, 22.7, 22.5, 22.23, 22.25, 22.25
2026-09-08, 11:39:16, 22.27, 22.48, 22.75, 22.75, 9999.0, 9999.0, 9999.0, 23.64, 9999.0, 22.34, 9999.0, 22.73, 22.5, 22.23, 22.25, 22.25
2026-09-08, 11:39:20, 22.27, 22.48, 22.75, 22.75, 9999.0, 9999.0, 9999.0, 23.61, 9999.0, 22.36, 9999.0, 22.75, 22.5, 22.23, 22.25, 22.25
2026-09-08, 11:39:24, 22.27, 22.48, 22.75, 22.75, 9999.0, 9999.0, 9999.0, 23.66, 9999.0, 22.39, 9999.0, 22.75, 22.5, 22.25, 22.25, 22.25
2026-09-08, 11:39:28, 22.27, 22.48, 22.75, 22.75, 9999.0, 9999.0, 9999.0, 23.7, 9999.0, 22.41, 9999.0, 22.75, 22.5, 22.25, 22.25, 22.25
2026-09-08, 11:39:32, 22.27, 22.48, 22.75, 22.75, 9999.0, 9999.0, 9999.0, 23.73, 9999.0, 22.43, 9999.0, 22.73, 22.5, 22.25, 22.25, 22.25
2026-09-08, 11:39:36, 22.25, 22.48, 22.75, 22.75, 9999.0, 9999.0, 9999.0, 23.75, 9999.0, 22.45, 9999.0, 22.7, 22.5, 22.25, 22.25, 22.25
2026-09-08, 11:39:40, 22.25, 22.48, 22.75, 22.75, 9999.0, 9999.0, 9999.0, 23.77, 9999.0, 22.48, 9999.0, 22.68, 22.5, 22.25, 22.25, 22.25
2026-09-08, 11:39:44, 22.25, 22.5, 22.75, 22.75, 9999.0, 9999.0, 9999.0, 23.82, 9999.0, 22.5, 9999.0, 22.66, 22.5, 22.25, 22.25, 22.25
2026-09-08, 11:39:48, 22.25, 22.5, 22.75, 22.75, 9999.0, 9999.0, 9999.0, 23.84, 9999.0, 22.5, 9999.0, 22.64, 22.5, 22.25, 22.25, 22.25
2026-09-08, 11:39:52, 22.25, 22.5, 22.75, 22.75, 9999.0, 9999.0, 9999.0, 23.86, 9999.0, 22.5, 9999.0, 22.61, 22.5, 22.25, 22.25, 22.25
2026-09-08, 11:39:56, 22.25, 22.5, 22.75, 22.75, 9999.0, 9999.0, 9999.0, 23.91, 9999.0, 22.5, 9999.0, 22.59, 22.5, 22.25, 22.25, 22.25
2026-09-08, 11:40:00, 22.25, 22.5, 22.75, 22.75, 9999.0, 9999.0, 9999.0, 23.95, 9999.0, 22.5, 9999.0, 22.59, 22.5, 22.25, 22.25, 22.25
2026-09-08, 11:40:04, 22.25, 22.5, 22.75, 22.75, 9999.0, 9999.0, 9999.0, 23.98, 9999.0, 22.5, 9999.0, 22.59, 22.5, 22.25, 22.25, 22.25
2026-09-08, 11:40:08, 22.25, 22.5, 22.75, 22.75, 9999.0, 9999.0, 9999.0, 23.93, 9999.0, 22.5, 9999.0, 22.59, 22.5, 22.25, 22.25, 22.25
2026-09-08, 11:40:12, 22.25, 22.5, 22.75, 22.75, 9999.0, 9999.0, 9999.0, 23.89, 9999.0, 22.48, 9999.0, 22.59, 22.5, 22.25, 22.25, 22.25
2026-09-08, 11:40:16, 22.27, 22.5, 22.75, 22.75, 9999.0, 9999.0, 9999.0, 23.86, 9999.0, 22.45, 9999.0, 22.61, 22.5, 22.25, 22.25, 22.25
2026-09-08, 11:40:20, 22.27, 22.5, 22.75, 22.75, 9999.0, 9999.0, 9999.0, 23.84, 9999.0, 22.45, 9999.0, 22.64, 22.5, 22.25, 22.25, 22.25
2026-09-08, 11:40:24, 22.27, 22.5, 22.75, 22.75, 9999.0, 9999.0, 9999.0, 23.82, 9999.0, 22.45, 9999.0, 22.66, 22.5, 22.25, 22.25, 22.25
2026-09-08, 11:40:28, 22.27, 22.5, 22.75, 22.75, 9999.0, 9999.0, 9999.0, 23.77, 9999.0, 22.45, 9999.0, 22.68, 22.5, 22.25, 22.25, 22.25
2026-09-08, 11:40:32, 22.27, 22.5, 22.75, 22.75, 9999.0, 9999.0, 9999.0, 23.75, 9999.0, 22.48, 9999.0, 22.7, 22.5, 22.25, 22.25, 22.25
2026-09-08, 11:40:36, 22.27, 22.5, 22.75, 22.75, 9999.0, 9999.0, 9999.0, 23.73, 9999.0, 22.5, 9999.0, 22.73, 22.5, 22.25, 22.25, 22.25
2026-09-08, 11:40:40, 22.27, 22.5, 22.75, 22.75, 9999.0, 9999.0, 9999.0, 23.75, 9999.0, 22.52, 9999.0, 22.75, 22.5, 22.25, 22.25, 22.25
2026-09-08, 11:40:44, 22.27, 22.48, 22.75, 22.75, 9999.0, 9999.0, 9999.0, 23.77, 9999.0, 22.55, 9999.0, 22.73, 22.5, 22.25, 22.25, 22.25
2026-09-08, 11:40:48, 22.27, 22.48, 22.75, 22.75, 9999.0, 9999.0, 9999.0, 23.82, 9999.0, 22.57, 9999.0, 22.7, 22.5, 22.25, 22.25, 22.25
2026-09-08, 11:40:52, 22.27, 22.45, 22.75, 22.75, 9999.0, 9999.0, 9999.0, 23.84, 9999.0, 22.57, 9999.0, 22.68, 22.5, 22.25, 22.25, 22.25
2026-09-08, 11:40:56, 22.27, 22.45, 22.75, 22.75, 9999.0, 9999.0, 9999.0, 23.86, 9999.0, 22.59, 9999.0, 22.66, 22.5, 22.25, 22.25, 22.25
2026-09-08, 11:41:00, 22.25, 22.45, 22.75, 22.75, 9999.0, 9999.0, 9999.0, 23.89, 9999.0, 22.61, 9999.0, 22.64, 22.5, 22.25, 22.25, 22.25
2026-09-08, 11:41:04, 22.25, 22.45, 22.75, 22.75, 9999.0, 9999.0, 9999.0, 23.91, 9999.0, 22.61, 9999.0, 22.61, 22.5, 22.25, 22.25, 22.25
2026-09-08, 11:41:08, 22.25, 22.45, 22.75, 22.75, 9999.0, 9999.0, 9999.0, 23.91, 9999.0, 22.61, 9999.0, 22.59, 22.48, 22.25, 22.25, 22.25
2026-09-08, 11:41:12, 22.25, 22.43, 22.75, 22.75, 9999.0, 9999.0, 9999.0, 23.95, 9999.0, 22.61, 9999.0, 22.57, 22.48, 22.25, 22.25, 22.25
2026-09-08, 11:41:16, 22.25, 22.43, 22.75, 22.75, 9999.0, 9999.0, 9999.0, 24.0, 9999.0, 22.59, 9999.0, 22.55, 22.48, 22.25, 22.25, 22.25
2026-09-08, 11:41:20, 22.25, 22.41, 22.75, 22.75, 9999.0, 9999.0, 9999.0, 24.02, 9999.0, 22.57, 9999.0, 22.55, 22.48, 22.25, 22.25, 22.25
2026-09-08, 11:41:24, 22.25, 22.41, 22.75, 22.75, 9999.0, 9999.0, 9999.0, 23.98, 9999.0, 22.55, 9999.0, 22.55, 22.45, 22.25, 22.25, 22.25
2026-09-08, 11:41:28, 22.25, 22.43, 22.75, 22.75, 9999.0, 9999.0, 9999.0, 23.93, 9999.0, 22.52, 9999.0, 22.57, 22.45, 22.25, 22.25, 22.25
2026-09-08, 11:41:32, 22.25, 22.43, 22.75, 22.75, 9999.0, 9999.0, 9999.0, 23.89, 9999.0, 22.5, 9999.0, 22.61, 22.45, 22.25, 22.25, 22.25
2026-09-08, 11:41:36, 22.25, 22.45, 22.75, 22.75, 9999.0, 9999.0, 9999.0, 23.86, 9999.0, 22.48, 9999.0, 22.64, 22.45, 22.25, 22.25, 22.25
2026-09-08, 11:41:40, 22.25, 22.45, 22.75, 22.75, 9999.0, 9999.0, 9999.0, 23.84, 9999.0, 22.5, 9999.0, 22.66, 22.45, 22.25, 22.25, 22.25
2026-09-08, 11:41:44, 22.25, 22.45, 22.75, 22.75, 9999.0, 9999.0, 9999.0, 23.8, 9999.0, 22.5, 9999.0, 22.68, 22.43, 22.25, 22.25, 22.25
2026-09-08, 11:41:48, 22.25, 22.45, 22.75, 22.75, 9999.0, 9999.0, 9999.0, 23.75, 9999.0, 22.52, 9999.0, 22.7, 22.43, 22.25, 22.25, 22.25
2026-09-08, 11:41:52, 22.25, 22.45, 22.75, 22.75, 9999.0, 9999.0, 9999.0, 23.73, 9999.0, 22.55, 9999.0, 22.73, 22.45, 22.25, 22.25, 22.25
2026-09-08, 11:41:56, 22.25, 22.48, 22.75, 22.75, 9999.0, 9999.0, 9999.0, 23.68, 9999.0, 22.57, 9999.0, 22.75, 22.45, 22.25, 22.25, 22.25
2026-09-08, 11:42:00, 22.25, 22.48, 22.75, 22.75, 9999.0, 9999.0, 9999.0, 23.7, 9999.0, 22.59, 9999.0, 22.75, 22.45, 22.25, 22.25, 22.25
2026-09-08, 11:42:04, 22.25, 22.5, 22.75, 22.75, 9999.0, 9999.0, 9999.0, 23.75, 9999.0, 22.61, 9999.0, 22.73, 22.45, 22.23, 22.25, 22.25
2026-09-08, 11:42:08, 22.25, 22.48, 22.75, 22.75, 9999.0, 9999.0, 9999.0, 23.8, 9999.0, 22.64, 9999.0, 22.7, 22.48, 22.23, 22.25, 22.25
2026-09-08, 11:42:12, 22.25, 22.48, 22.75, 22.75, 9999.0, 9999.0, 9999.0, 23.82, 9999.0, 22.64, 9999.0, 22.68, 22.48, 22.23, 22.25, 22.25
2026-09-08, 11:42:16, 22.25, 22.48, 22.75, 22.75, 9999.0, 9999.0, 9999.0, 23.84, 9999.0, 22.64, 9999.0, 22.64, 22.48, 22.23, 22.25, 22.25
2026-09-08, 11:42:20, 22.25, 22.48, 22.75, 22.75, 9999.0, 9999.0, 9999.0, 23.86, 9999.0, 22.66, 9999.0, 22.61, 22.48, 22.2, 22.25, 22.25
2026-09-08, 11:42:24, 22.25, 22.48, 22.75, 22.75, 9999.0, 9999.0, 9999.0, 23.89, 9999.0, 22.64, 9999.0, 22.59, 22.48, 22.2, 22.25, 22.25
2026-09-08, 11:42:28, 22.25, 22.48, 22.75, 22.75, 9999.0, 9999.0, 9999.0, 23.93, 9999.0, 22.64, 9999.0, 22.57, 22.48, 22.2, 22.25, 22.25
2026-09-08, 11:42:32, 22.25, 22.48, 22.75, 22.75, 9999.0, 9999.0, 9999.0, 23.98, 9999.0, 22.64, 9999.0, 22.55, 22.48, 22.2, 22.25, 22.25
2026-09-08, 11:42:36, 22.25, 22.48, 22.75, 22.75, 9999.0, 9999.0, 9999.0, 24.02, 9999.0, 22.61, 9999.0, 22.55, 22.48, 22.2, 22.25, 22.25
2026-09-08, 11:42:40, 22.25, 22.48, 22.75, 22.75, 9999.0, 9999.0, 9999.0, 24.05, 9999.0, 22.59, 9999.0, 22.55, 22.48, 22.2, 22.25, 22.25
2026-09-08, 11:42:44, 22.25, 22.45, 22.75, 22.75, 9999.0, 9999.0, 9999.0, 24.02, 9999.0, 22.57, 9999.0, 22.57, 22.45, 22.2, 22.25, 22.25
2026-09-08, 11:42:48, 22.25, 22.45, 22.75, 22.75, 9999.0, 9999.0, 9999.0, 23.98, 9999.0, 22.55, 9999.0, 22.59, 22.45, 22.23, 22.25, 22.25
2026-09-08, 11:42:53, 22.25, 22.48, 22.75, 22.75, 9999.0, 9999.0, 9999.0, 23.93, 9999.0, 22.52, 9999.0, 22.61, 22.45, 22.23, 22.25, 22.25
2026-09-08, 11:42:57, 22.25, 22.48, 22.75, 22.75, 9999.0, 9999.0, 9999.0, 23.91, 9999.0, 22.55, 9999.0, 22.64, 22.43, 22.23, 22.25, 22.25
2026-09-08, 11:43:01, 22.25, 22.45, 22.75, 22.75, 9999.0, 9999.0, 9999.0, 23.89, 9999.0, 22.57, 9999.0, 22.66, 22.43, 22.23, 22.25, 22.25
2026-09-08, 11:43:05, 22.25, 22.45, 22.75, 22.75, 9999.0, 9999.0, 9999.0, 23.86, 9999.0, 22.59, 9999.0, 22.68, 22.43, 22.25, 22.25, 22.25
2026-09-08, 11:43:09, 22.25, 22.45, 22.75, 22.75, 9999.0, 9999.0, 9999.0, 23.82, 9999.0, 22.61, 9999.0, 22.7, 22.43, 22.25, 22.25, 22.25
2026-09-08, 11:43:13, 22.25, 22.43, 22.75, 22.75, 9999.0, 9999.0, 9999.0, 23.77, 9999.0, 22.64, 9999.0, 22.73, 22.45, 22.25, 22.25, 22.25
2026-09-08, 11:43:17, 22.25, 22.43, 22.75, 22.75, 9999.0, 9999.0, 9999.0, 23.8, 9999.0, 22.64, 9999.0, 22.73, 22.45, 22.25, 22.25, 22.25
2026-09-08, 11:43:21, 22.25, 22.43, 22.75, 22.75, 9999.0, 9999.0, 9999.0, 23.82, 9999.0, 22.66, 9999.0, 22.7, 22.45, 22.25, 22.25, 22.25
2026-09-08, 11:43:25, 22.25, 22.43, 22.75, 22.75, 9999.0, 9999.0, 9999.0, 23.86, 9999.0, 22.68, 9999.0, 22.68, 22.45, 22.25, 22.25, 22.25
2026-09-08, 11:43:29, 22.25, 22.45, 22.75, 22.75, 9999.0, 9999.0, 9999.0, 23.89, 9999.0, 22.7, 9999.0, 22.68, 22.48, 22.25, 22.25, 22.25
2026-09-08, 11:43:33, 22.25, 22.45, 22.75, 22.75, 9999.0, 9999.0, 9999.0, 23.91, 9999.0, 22.73, 9999.0, 22.68, 22.48, 22.25, 22.25, 22.25
2026-09-08, 11:43:37, 22.25, 22.45, 22.75, 22.75, 9999.0, 9999.0, 9999.0, 23.93, 9999.0, 22.75, 9999.0, 22.66, 22.48, 22.25, 22.25, 22.25
2026-09-08, 11:43:41, 22.25, 22.45, 22.75, 22.75, 9999.0, 9999.0, 9999.0, 23.95, 9999.0, 22.75, 9999.0, 22.64, 22.5, 22.25, 22.25, 22.25
2026-09-08, 11:43:45, 22.25, 22.48, 22.75, 22.75, 9999.0, 9999.0, 9999.0, 23.98, 9999.0, 22.73, 9999.0, 22.61, 22.5, 22.25, 22.25, 22.25
2026-09-08, 11:43:49, 22.25, 22.48, 22.75, 22.75, 9999.0, 9999.0, 9999.0, 24.0, 9999.0, 22.73, 9999.0, 22.59, 22.5, 22.25, 22.25, 22.25
2026-09-08, 11:43:53, 22.25, 22.48, 22.75, 22.75, 9999.0, 9999.0, 9999.0, 24.05, 9999.0, 22.7, 9999.0, 22.57, 22.48, 22.25, 22.25, 22.25
2026-09-08, 11:43:57, 22.25, 22.5, 22.75, 22.75, 9999.0, 9999.0, 9999.0, 24.09, 9999.0, 22.7, 9999.0, 22.57, 22.48, 22.25, 22.25, 22.25
2026-09-08, 11:44:01, 22.25, 22.5, 22.75, 22.75, 9999.0, 9999.0, 9999.0, 24.05, 9999.0, 22.68, 9999.0, 22.59, 22.45, 22.25, 22.25, 22.25
2026-09-08, 11:44:05, 22.25, 22.5, 22.75, 22.75, 9999.0, 9999.0, 9999.0, 24.0, 9999.0, 22.66, 9999.0, 22.61, 22.45, 22.25, 22.25, 22.25
2026-09-08, 11:44:09, 22.25, 22.5, 22.75, 22.75, 9999.0, 9999.0, 9999.0, 23.95, 9999.0, 22.64, 9999.0, 22.66, 22.45, 22.25, 22.25, 22.25
2026-09-08, 11:44:13, 22.25, 22.5, 22.75, 22.75, 9999.0, 9999.0, 9999.0, 23.91, 9999.0, 22.61, 9999.0, 22.66, 22.45, 22.25, 22.25, 22.25
2026-09-08, 11:44:17, 22.25, 22.5, 22.75, 22.75, 9999.0, 9999.0, 9999.0, 23.89, 9999.0, 22.61, 9999.0, 22.66, 22.45, 22.25, 22.25, 22.25
2026-09-08, 11:44:21, 22.25, 22.48, 22.75, 22.75, 9999.0, 9999.0, 9999.0, 23.86, 9999.0, 22.61, 9999.0, 22.68, 22.45, 22.25, 22.25, 22.25
2026-09-08, 11:44:25, 22.25, 22.48, 22.75, 22.75, 9999.0, 9999.0, 9999.0, 23.84, 9999.0, 22.61, 9999.0, 22.7, 22.45, 22.25, 22.25, 22.25
2026-09-08, 11:44:29, 22.25, 22.48, 22.75, 22.75, 9999.0, 9999.0, 9999.0, 23.82, 9999.0, 22.64, 9999.0, 22.73, 22.45, 22.25, 22.25, 22.25
2026-09-08, 11:44:33, 22.25, 22.48, 22.75, 22.75, 9999.0, 9999.0, 9999.0, 23.77, 9999.0, 22.64, 9999.0, 22.75, 22.45, 22.25, 22.25, 22.25
2026-09-08, 11:44:37, 22.25, 22.48, 22.75, 22.75, 9999.0, 9999.0, 9999.0, 23.82, 9999.0, 22.66, 9999.0, 22.77, 22.48, 22.25, 22.25, 22.25
2026-09-08, 11:44:41, 22.25, 22.48, 22.75, 22.73, 9999.0, 9999.0, 9999.0, 23.84, 9999.0, 22.66, 9999.0, 22.75, 22.48, 22.25, 22.25, 22.25
2026-09-08, 11:44:45, 22.25, 22.48, 22.75, 22.73, 9999.0, 9999.0, 9999.0, 23.89, 9999.0, 22.68, 9999.0, 22.73, 22.5, 22.25, 22.25, 22.25
2026-09-08, 11:44:49, 22.25, 22.48, 22.75, 22.73, 9999.0, 9999.0, 9999.0, 23.93, 9999.0, 22.7, 9999.0, 22.7, 22.5, 22.25, 22.25, 22.25
2026-09-08, 11:44:53, 22.25, 22.48, 22.75, 22.73, 9999.0, 9999.0, 9999.0, 23.98, 9999.0, 22.73, 9999.0, 22.66, 22.48, 22.25, 22.25, 22.25
2026-09-08, 11:44:57, 22.25, 22.48, 22.75, 22.73, 9999.0, 9999.0, 9999.0, 24.0, 9999.0, 22.75, 9999.0, 22.64, 22.48, 22.25, 22.25, 22.25
2026-09-08, 11:45:01, 22.25, 22.48, 22.75, 22.73, 9999.0, 9999.0, 9999.0, 24.02, 9999.0, 22.73, 9999.0, 22.61, 22.48, 22.25, 22.25, 22.25
2026-09-08, 11:45:05, 22.25, 22.5, 22.75, 22.73, 9999.0, 9999.0, 9999.0, 24.05, 9999.0, 22.73, 9999.0, 22.59, 22.45, 22.25, 22.25, 22.25
2026-09-08, 11:45:09, 22.25, 22.48, 22.75, 22.73, 9999.0, 9999.0, 9999.0, 24.07, 9999.0, 22.73, 9999.0, 22.57, 22.45, 22.25, 22.25, 22.25
2026-09-08, 11:45:13, 22.25, 22.48, 22.75, 22.73, 9999.0, 9999.0, 9999.0, 24.09, 9999.0, 22.73, 9999.0, 22.57, 22.43, 22.25, 22.25, 22.25
2026-09-08, 11:45:17, 22.25, 22.48, 22.75, 22.73, 9999.0, 9999.0, 9999.0, 24.14, 9999.0, 22.7, 9999.0, 22.57, 22.43, 22.25, 22.25, 22.25
2026-09-08, 11:45:21, 22.25, 22.48, 22.75, 22.73, 9999.0, 9999.0, 9999.0, 24.09, 9999.0, 22.68, 9999.0, 22.57, 22.43, 22.25, 22.25, 22.25
2026-09-08, 11:45:25, 22.25, 22.48, 22.75, 22.75, 9999.0, 9999.0, 9999.0, 24.05, 9999.0, 22.68, 9999.0, 22.59, 22.43, 22.25, 22.25, 22.25
2026-09-08, 11:45:29, 22.25, 22.48, 22.75, 22.75, 9999.0, 9999.0, 9999.0, 24.0, 9999.0, 22.66, 9999.0, 22.61, 22.43, 22.25, 22.25, 22.25
2026-09-08, 11:45:33, 22.25, 22.48, 22.75, 22.75, 9999.0, 9999.0, 9999.0, 23.95, 9999.0, 22.64, 9999.0, 22.64, 22.41, 22.25, 22.25, 22.25
2026-09-08, 11:45:37, 22.25, 22.48, 22.75, 22.75, 9999.0, 9999.0, 9999.0, 23.91, 9999.0, 22.64, 9999.0, 22.66, 22.43, 22.25, 22.25, 22.25
2026-09-08, 11:45:41, 22.25, 22.48, 22.75, 22.75, 9999.0, 9999.0, 9999.0, 23.89, 9999.0, 22.64, 9999.0, 22.68, 22.43, 22.25, 22.25, 22.25
2026-09-08, 11:45:45, 22.25, 22.48, 22.75, 22.75, 9999.0, 9999.0, 9999.0, 23.86, 9999.0, 22.68, 9999.0, 22.7, 22.43, 22.25, 22.25, 22.25
2026-09-08, 11:45:49, 22.25, 22.48, 22.75, 22.75, 9999.0, 9999.0, 9999.0, 23.82, 9999.0, 22.7, 9999.0, 22.73, 22.45, 22.25, 22.25, 22.25
2026-09-08, 11:45:53, 22.25, 22.5, 22.75, 22.75, 9999.0, 9999.0, 9999.0, 23.77, 9999.0, 22.7, 9999.0, 22.75, 22.45, 22.25, 22.25, 22.25
2026-09-08, 11:45:57, 22.25, 22.5, 22.75, 22.75, 9999.0, 9999.0, 9999.0, 23.82, 9999.0, 22.7, 9999.0, 22.73, 22.48, 22.25, 22.25, 22.25
2026-09-08, 11:46:01, 22.25, 22.5, 22.75, 22.75, 9999.0, 9999.0, 9999.0, 23.84, 9999.0, 22.73, 9999.0, 22.7, 22.48, 22.25, 22.25, 22.25
2026-09-08, 11:46:05, 22.25, 22.5, 22.75, 22.75, 9999.0, 9999.0, 9999.0, 23.86, 9999.0, 22.75, 9999.0, 22.68, 22.48, 22.25, 22.25, 22.25
2026-09-08, 11:46:09, 22.25, 22.48, 22.75, 22.75, 9999.0, 9999.0, 9999.0, 23.91, 9999.0, 22.75, 9999.0, 22.66, 22.45, 22.25, 22.25, 22.25
2026-09-08, 11:46:13, 22.25, 22.48, 22.75, 22.75, 9999.0, 9999.0, 9999.0, 23.93, 9999.0, 22.77, 9999.0, 22.64, 22.45, 22.25, 22.25, 22.25
2026-09-08, 11:46:17, 22.25, 22.48, 22.75, 22.75, 9999.0, 9999.0, 9999.0, 23.98, 9999.0, 22.77, 9999.0, 22.61, 22.48, 22.25, 22.25, 22.25
2026-09-08, 11:46:21, 22.25, 22.48, 22.75, 22.75, 9999.0, 9999.0, 9999.0, 24.0, 9999.0, 22.75, 9999.0, 22.59, 22.45, 22.25, 22.25, 22.25
2026-09-08, 11:46:25, 22.25, 22.48, 22.75, 22.75, 9999.0, 9999.0, 9999.0, 24.02, 9999.0, 22.73, 9999.0, 22.57, 22.45, 22.25, 22.25, 22.25
2026-09-08, 11:46:29, 22.25, 22.48, 22.75, 22.75, 9999.0, 9999.0, 9999.0, 24.05, 9999.0, 22.68, 9999.0, 22.55, 22.45, 22.25, 22.25, 22.25
2026-09-08, 11:46:34, 22.25, 22.48, 22.75, 22.75, 9999.0, 9999.0, 9999.0, 24.09, 9999.0, 22.64, 9999.0, 22.55, 22.43, 22.25, 22.25, 22.25
2026-09-08, 11:46:38, 22.25, 22.48, 22.75, 22.75, 9999.0, 9999.0, 9999.0, 24.14, 9999.0, 22.61, 9999.0, 22.55, 22.43, 22.25, 22.25, 22.25
2026-09-08, 11:46:42, 22.25, 22.48, 22.75, 22.75, 9999.0, 9999.0, 9999.0, 24.07, 9999.0, 22.59, 9999.0, 22.57, 22.43, 22.25, 22.25, 22.25
2026-09-08, 11:46:46, 22.25, 22.48, 22.75, 22.75, 9999.0, 9999.0, 9999.0, 24.02, 9999.0, 22.57, 9999.0, 22.59, 22.41, 22.25, 22.25, 22.25
2026-09-08, 11:46:50, 22.27, 22.48, 22.75, 22.75, 9999.0, 9999.0, 9999.0, 23.98, 9999.0, 22.52, 9999.0, 22.61, 22.39, 22.25, 22.25, 22.25
2026-09-08, 11:46:54, 22.27, 22.48, 22.75, 22.75, 9999.0, 9999.0, 9999.0, 23.91, 9999.0, 22.52, 9999.0, 22.64, 22.41, 22.25, 22.25, 22.25
2026-09-08, 11:46:58, 22.27, 22.45, 22.75, 22.75, 9999.0, 9999.0, 9999.0, 23.89, 9999.0, 22.5, 9999.0, 22.66, 22.41, 22.25, 22.25, 22.25
2026-09-08, 11:47:02, 22.27, 22.45, 22.75, 22.75, 9999.0, 9999.0, 9999.0, 23.82, 9999.0, 22.5, 9999.0, 22.66, 22.41, 22.25, 22.25, 22.25
2026-09-08, 11:47:06, 22.27, 22.45, 22.75, 22.75, 9999.0, 9999.0, 9999.0, 23.77, 9999.0, 22.52, 9999.0, 22.68, 22.43, 22.25, 22.25, 22.25
2026-09-08, 11:47:10, 22.27, 22.45, 22.75, 22.75, 9999.0, 9999.0, 9999.0, 23.73, 9999.0, 22.55, 9999.0, 22.7, 22.43, 22.25, 22.25, 22.25
2026-09-08, 11:47:14, 22.27, 22.45, 22.75, 22.75, 9999.0, 9999.0, 9999.0, 23.75, 9999.0, 22.57, 9999.0, 22.7, 22.41, 22.25, 22.25, 22.25
2026-09-08, 11:47:18, 22.27, 22.45, 22.75, 22.73, 9999.0, 9999.0, 9999.0, 23.77, 9999.0, 22.59, 9999.0, 22.7, 22.43, 22.25, 22.25, 22.25
2026-09-08, 11:47:22, 22.27, 22.45, 22.75, 22.73, 9999.0, 9999.0, 9999.0, 23.8, 9999.0, 22.59, 9999.0, 22.68, 22.43, 22.25, 22.25, 22.25
2026-09-08, 11:47:26, 22.27, 22.45, 22.75, 22.73, 9999.0, 9999.0, 9999.0, 23.84, 9999.0, 22.59, 9999.0, 22.66, 22.41, 22.25, 22.25, 22.25
2026-09-08, 11:47:30, 22.27, 22.43, 22.75, 22.7, 9999.0, 9999.0, 9999.0, 23.86, 9999.0, 22.59, 9999.0, 22.64, 22.43, 22.25, 22.25, 22.25
2026-09-08, 11:47:34, 22.25, 22.43, 22.75, 22.7, 9999.0, 9999.0, 9999.0, 23.89, 9999.0, 22.61, 9999.0, 22.61, 22.45, 22.25, 22.25, 22.25
2026-09-08, 11:47:38, 22.25, 22.45, 22.75, 22.7, 9999.0, 9999.0, 9999.0, 23.93, 9999.0, 22.59, 9999.0, 22.59, 22.43, 22.25, 22.25, 22.25
2026-09-08, 11:47:42, 22.25, 22.48, 22.75, 22.7, 9999.0, 9999.0, 9999.0, 23.95, 9999.0, 22.59, 9999.0, 22.57, 22.43, 22.25, 22.25, 22.25
2026-09-08, 11:47:46, 22.25, 22.45, 22.75, 22.7, 9999.0, 9999.0, 9999.0, 24.0, 9999.0, 22.59, 9999.0, 22.57, 22.41, 22.25, 22.25, 22.25
2026-09-08, 11:47:50, 22.25, 22.45, 22.75, 22.7, 9999.0, 9999.0, 9999.0, 24.05, 9999.0, 22.57, 9999.0, 22.55, 22.39, 22.25, 22.25, 22.25
2026-09-08, 11:47:54, 22.25, 22.45, 22.75, 22.7, 9999.0, 9999.0, 9999.0, 24.07, 9999.0, 22.55, 9999.0, 22.55, 22.39, 22.25, 22.25, 22.25
2026-09-08, 11:47:58, 22.25, 22.45, 22.75, 22.68, 9999.0, 9999.0, 9999.0, 24.05, 9999.0, 22.52, 9999.0, 22.55, 22.39, 22.25, 22.25, 22.25
2026-09-08, 11:48:02, 22.25, 22.43, 22.75, 22.7, 9999.0, 9999.0, 9999.0, 24.0, 9999.0, 22.48, 9999.0, 22.55, 22.39, 22.25, 22.25, 22.25
2026-09-08, 11:48:06, 22.25, 22.43, 22.75, 22.7, 9999.0, 9999.0, 9999.0, 23.95, 9999.0, 22.45, 9999.0, 22.57, 22.39, 22.25, 22.25, 22.25
2026-09-08, 11:48:10, 22.25, 22.43, 22.75, 22.7, 9999.0, 9999.0, 9999.0, 23.91, 9999.0, 22.43, 9999.0, 22.59, 22.41, 22.25, 22.25, 22.25
2026-09-08, 11:48:14, 22.25, 22.45, 22.75, 22.7, 9999.0, 9999.0, 9999.0, 23.89, 9999.0, 22.43, 9999.0, 22.61, 22.41, 22.25, 22.25, 22.25
2026-09-08, 11:48:18, 22.25, 22.45, 22.75, 22.7, 9999.0, 9999.0, 9999.0, 23.86, 9999.0, 22.43, 9999.0, 22.64, 22.41, 22.25, 22.25, 22.25
2026-09-08, 11:48:22, 22.25, 22.45, 22.73, 22.7, 9999.0, 9999.0, 9999.0, 23.84, 9999.0, 22.43, 9999.0, 22.66, 22.43, 22.25, 22.25, 22.25
2026-09-08, 11:48:26, 22.25, 22.45, 22.73, 22.7, 9999.0, 9999.0, 9999.0, 23.8, 9999.0, 22.45, 9999.0, 22.68, 22.43, 22.25, 22.25, 22.25
2026-09-08, 11:48:30, 22.25, 22.48, 22.73, 22.68, 9999.0, 9999.0, 9999.0, 23.75, 9999.0, 22.48, 9999.0, 22.7, 22.45, 22.25, 22.25, 22.25
2026-09-08, 11:48:34, 22.25, 22.45, 22.73, 22.68, 9999.0, 9999.0, 9999.0, 23.8, 9999.0, 22.5, 9999.0, 22.73, 22.48, 22.25, 22.25, 22.25
2026-09-08, 11:48:38, 22.25, 22.45, 22.73, 22.68, 9999.0, 9999.0, 9999.0, 23.84, 9999.0, 22.5, 9999.0, 22.73, 22.48, 22.25, 22.25, 22.25
2026-09-08, 11:48:42, 22.25, 22.43, 22.73, 22.68, 9999.0, 9999.0, 9999.0, 23.86, 9999.0, 22.5, 9999.0, 22.73, 22.5, 22.25, 22.25, 22.25
2026-09-08, 11:48:46, 22.25, 22.45, 22.73, 22.68, 9999.0, 9999.0, 9999.0, 23.91, 9999.0, 22.52, 9999.0, 22.7, 22.48, 22.25, 22.25, 22.25
2026-09-08, 11:48:50, 22.25, 22.43, 22.73, 22.68, 9999.0, 9999.0, 9999.0, 23.93, 9999.0, 22.55, 9999.0, 22.68, 22.45, 22.25, 22.25, 22.25
2026-09-08, 11:48:54, 22.25, 22.43, 22.73, 22.68, 9999.0, 9999.0, 9999.0, 23.95, 9999.0, 22.57, 9999.0, 22.66, 22.43, 22.25, 22.25, 22.25
2026-09-08, 11:48:58, 22.25, 22.43, 22.7, 22.68, 9999.0, 9999.0, 9999.0, 23.98, 9999.0, 22.57, 9999.0, 22.64, 22.43, 22.25, 22.25, 22.25
2026-09-08, 11:49:02, 22.25, 22.43, 22.7, 22.68, 9999.0, 9999.0, 9999.0, 24.0, 9999.0, 22.57, 9999.0, 22.61, 22.43, 22.25, 22.25, 22.25
2026-09-08, 11:49:06, 22.25, 22.43, 22.73, 22.68, 9999.0, 9999.0, 9999.0, 24.02, 9999.0, 22.55, 9999.0, 22.59, 22.43, 22.25, 22.25, 22.25
2026-09-08, 11:49:10, 22.25, 22.43, 22.73, 22.66, 9999.0, 9999.0, 9999.0, 24.07, 9999.0, 22.5, 9999.0, 22.59, 22.43, 22.23, 22.25, 22.25
2026-09-08, 11:49:14, 22.25, 22.43, 22.73, 22.66, 9999.0, 9999.0, 9999.0, 24.09, 9999.0, 22.48, 9999.0, 22.59, 22.43, 22.23, 22.25, 22.25
2026-09-08, 11:49:18, 22.25, 22.45, 22.73, 22.64, 9999.0, 9999.0, 9999.0, 24.02, 9999.0, 22.43, 9999.0, 22.59, 22.43, 22.23, 22.25, 22.25
2026-09-08, 11:49:22, 22.25, 22.45, 22.73, 22.61, 9999.0, 9999.0, 9999.0, 23.98, 9999.0, 22.41, 9999.0, 22.59, 22.43, 22.23, 22.25, 22.25
2026-09-08, 11:49:26, 22.25, 22.48, 22.73, 22.64, 9999.0, 9999.0, 9999.0, 23.93, 9999.0, 22.39, 9999.0, 22.61, 22.43, 22.23, 22.25, 22.25
2026-09-08, 11:49:30, 22.25, 22.48, 22.73, 22.61, 9999.0, 9999.0, 9999.0, 23.89, 9999.0, 22.36, 9999.0, 22.64, 22.45, 22.23, 22.25, 22.25
2026-09-08, 11:49:34, 22.25, 22.5, 22.73, 22.61, 9999.0, 9999.0, 9999.0, 23.86, 9999.0, 22.36, 9999.0, 22.66, 22.45, 22.23, 22.25, 22.25
2026-09-08, 11:49:38, 22.25, 22.5, 22.7, 22.61, 9999.0, 9999.0, 9999.0, 23.82, 9999.0, 22.36, 9999.0, 22.68, 22.45, 22.23, 22.25, 22.25
2026-09-08, 11:49:42, 22.25, 22.5, 22.73, 22.64, 9999.0, 9999.0, 9999.0, 23.77, 9999.0, 22.36, 9999.0, 22.7, 22.45, 22.23, 22.25, 22.25
2026-09-08, 11:49:47, 22.25, 22.5, 22.73, 22.64, 9999.0, 9999.0, 9999.0, 23.73, 9999.0, 22.36, 9999.0, 22.73, 22.45, 22.23, 22.25, 22.25
2026-09-08, 11:49:51, 22.25, 22.5, 22.73, 22.61, 9999.0, 9999.0, 9999.0, 23.68, 9999.0, 22.39, 9999.0, 22.75, 22.45, 22.23, 22.25, 22.25
2026-09-08, 11:49:55, 22.25, 22.5, 22.73, 22.61, 9999.0, 9999.0, 9999.0, 23.7, 9999.0, 22.41, 9999.0, 22.75, 22.45, 22.25, 22.25, 22.23
2026-09-08, 11:49:59, 22.25, 22.5, 22.73, 22.61, 9999.0, 9999.0, 9999.0, 23.75, 9999.0, 22.41, 9999.0, 22.73, 22.45, 22.25, 22.25, 22.23
2026-09-08, 11:50:03, 22.25, 22.5, 22.7, 22.64, 9999.0, 9999.0, 9999.0, 23.8, 9999.0, 22.43, 9999.0, 22.7, 22.45, 22.25, 22.25, 22.23
2026-09-08, 11:50:07, 22.25, 22.48, 22.7, 22.66, 9999.0, 9999.0, 9999.0, 23.82, 9999.0, 22.45, 9999.0, 22.68, 22.45, 22.25, 22.25, 22.23
2026-09-08, 11:50:11, 22.25, 22.48, 22.7, 22.64, 9999.0, 9999.0, 9999.0, 23.84, 9999.0, 22.48, 9999.0, 22.66, 22.43, 22.25, 22.25, 22.23
2026-09-08, 11:50:15, 22.25, 22.45, 22.7, 22.66, 9999.0, 9999.0, 9999.0, 23.86, 9999.0, 22.48, 9999.0, 22.64, 22.43, 22.25, 22.25, 22.23
2026-09-08, 11:50:19, 22.25, 22.43, 22.7, 22.66, 9999.0, 9999.0, 9999.0, 23.86, 9999.0, 22.45, 9999.0, 22.61, 22.45, 22.25, 22.25, 22.23
2026-09-08, 11:50:23, 22.25, 22.41, 22.73, 22.64, 9999.0, 9999.0, 9999.0, 23.91, 9999.0, 22.43, 9999.0, 22.59, 22.48, 22.25, 22.25, 22.23
2026-09-08, 11:50:27, 22.25, 22.39, 22.73, 22.64, 9999.0, 9999.0, 9999.0, 23.95, 9999.0, 22.41, 9999.0, 22.57, 22.48, 22.25, 22.25, 22.23
2026-09-08, 11:50:31, 22.25, 22.39, 22.73, 22.64, 9999.0, 9999.0, 9999.0, 23.98, 9999.0, 22.39, 9999.0, 22.57, 22.45, 22.25, 22.25, 22.23
2026-09-08, 11:50:35, 22.25, 22.36, 22.73, 22.66, 9999.0, 9999.0, 9999.0, 24.0, 9999.0, 22.36, 9999.0, 22.57, 22.43, 22.25, 22.25, 22.23
2026-09-08, 11:50:39, 22.25, 22.34, 22.73, 22.68, 9999.0, 9999.0, 9999.0, 23.95, 9999.0, 22.34, 9999.0, 22.57, 22.41, 22.25, 22.25, 22.25
2026-09-08, 11:50:43, 22.25, 22.34, 22.73, 22.68, 9999.0, 9999.0, 9999.0, 23.91, 9999.0, 22.32, 9999.0, 22.59, 22.41, 22.25, 22.25, 22.25
2026-09-08, 11:50:47, 22.25, 22.34, 22.75, 22.66, 9999.0, 9999.0, 9999.0, 23.86, 9999.0, 22.3, 9999.0, 22.61, 22.41, 22.25, 22.25, 22.25
2026-09-08, 11:50:51, 22.25, 22.34, 22.75, 22.66, 9999.0, 9999.0, 9999.0, 23.84, 9999.0, 22.3, 9999.0, 22.64, 22.41, 22.25, 22.25, 22.25
2026-09-08, 11:50:55, 22.25, 22.32, 22.75, 22.68, 9999.0, 9999.0, 9999.0, 23.8, 9999.0, 22.3, 9999.0, 22.66, 22.43, 22.25, 22.25, 22.25
2026-09-08, 11:50:59, 22.25, 22.34, 22.75, 22.66, 9999.0, 9999.0, 9999.0, 23.75, 9999.0, 22.3, 9999.0, 22.68, 22.43, 22.25, 22.25, 22.25
2026-09-08, 11:51:03, 22.25, 22.36, 22.75, 22.66, 9999.0, 9999.0, 9999.0, 23.73, 9999.0, 22.32, 9999.0, 22.7, 22.43, 22.25, 22.25, 22.25
2026-09-08, 11:51:07, 22.25, 22.39, 22.75, 22.66, 9999.0, 9999.0, 9999.0, 23.68, 9999.0, 22.36, 9999.0, 22.7, 22.43, 22.25, 22.25, 22.25
2026-09-08, 11:51:11, 22.25, 22.41, 22.73, 22.66, 9999.0, 9999.0, 9999.0, 23.64, 9999.0, 22.39, 9999.0, 22.73, 22.43, 22.25, 22.25, 22.25
2026-09-08, 11:51:15, 22.25, 22.41, 22.73, 22.64, 9999.0, 9999.0, 9999.0, 23.68, 9999.0, 22.41, 9999.0, 22.7, 22.45, 22.25, 22.25, 22.25
2026-09-08, 11:51:19, 22.25, 22.43, 22.73, 22.64, 9999.0, 9999.0, 9999.0, 23.73, 9999.0, 22.43, 9999.0, 22.68, 22.48, 22.23, 22.25, 22.25
2026-09-08, 11:51:23, 22.25, 22.43, 22.7, 22.64, 9999.0, 9999.0, 9999.0, 23.75, 9999.0, 22.45, 9999.0, 22.66, 22.5, 22.23, 22.25, 22.25
2026-09-08, 11:51:27, 22.25, 22.43, 22.7, 22.66, 9999.0, 9999.0, 9999.0, 23.77, 9999.0, 22.45, 9999.0, 22.64, 22.5, 22.23, 22.25, 22.25
2026-09-08, 11:51:31, 22.25, 22.43, 22.68, 22.68, 9999.0, 9999.0, 9999.0, 23.8, 9999.0, 22.48, 9999.0, 22.61, 22.5, 22.23, 22.25, 22.25
2026-09-08, 11:51:35, 22.25, 22.43, 22.68, 22.66, 9999.0, 9999.0, 9999.0, 23.82, 9999.0, 22.45, 9999.0, 22.59, 22.48, 22.23, 22.25, 22.25
2026-09-08, 11:51:39, 22.25, 22.43, 22.68, 22.66, 9999.0, 9999.0, 9999.0, 23.86, 9999.0, 22.43, 9999.0, 22.57, 22.48, 22.23, 22.25, 22.25
2026-09-08, 11:51:43, 22.25, 22.43, 22.68, 22.68, 9999.0, 9999.0, 9999.0, 23.91, 9999.0, 22.43, 9999.0, 22.55, 22.45, 22.23, 22.25, 22.25
2026-09-08, 11:51:47, 22.25, 22.43, 22.68, 22.66, 9999.0, 9999.0, 9999.0, 23.93, 9999.0, 22.41, 9999.0, 22.52, 22.45, 22.23, 22.25, 22.25
2026-09-08, 11:51:51, 22.25, 22.43, 22.68, 22.68, 9999.0, 9999.0, 9999.0, 23.95, 9999.0, 22.34, 9999.0, 22.55, 22.43, 22.23, 22.25, 22.25
2026-09-08, 11:51:55, 22.25, 22.43, 22.7, 22.68, 9999.0, 9999.0, 9999.0, 23.98, 9999.0, 22.3, 9999.0, 22.55, 22.41, 22.23, 22.25, 22.25
2026-09-08, 11:51:59, 22.25, 22.43, 22.7, 22.7, 9999.0, 9999.0, 9999.0, 23.93, 9999.0, 22.25, 9999.0, 22.57, 22.39, 22.23, 22.25, 22.25
2026-09-08, 11:52:03, 22.25, 22.43, 22.7, 22.7, 9999.0, 9999.0, 9999.0, 23.89, 9999.0, 22.2, 9999.0, 22.59, 22.36, 22.25, 22.25, 22.25
2026-09-08, 11:52:07, 22.25, 22.45, 22.73, 22.7, 9999.0, 9999.0, 9999.0, 23.84, 9999.0, 22.16, 9999.0, 22.61, 22.36, 22.25, 22.25, 22.25
2026-09-08, 11:52:11, 22.25, 22.45, 22.73, 22.68, 9999.0, 9999.0, 9999.0, 23.8, 9999.0, 22.16, 9999.0, 22.64, 22.36, 22.25, 22.25, 22.25
2026-09-08, 11:52:15, 22.25, 22.45, 22.75, 22.68, 9999.0, 9999.0, 9999.0, 23.75, 9999.0, 22.14, 9999.0, 22.66, 22.34, 22.25, 22.25, 22.25
2026-09-08, 11:52:19, 22.25, 22.48, 22.75, 22.7, 9999.0, 9999.0, 9999.0, 23.7, 9999.0, 22.16, 9999.0, 22.68, 22.36, 22.25, 22.25, 22.25
2026-09-08, 11:52:23, 22.25, 22.5, 22.75, 22.7, 9999.0, 9999.0, 9999.0, 23.66, 9999.0, 22.18, 9999.0, 22.7, 22.36, 22.25, 22.25, 22.25
2026-09-08, 11:52:27, 22.25, 22.5, 22.75, 22.7, 9999.0, 9999.0, 9999.0, 23.61, 9999.0, 22.2, 9999.0, 22.73, 22.39, 22.25, 22.25, 22.25
2026-09-08, 11:52:31, 22.25, 22.5, 22.75, 22.73, 9999.0, 9999.0, 9999.0, 23.66, 9999.0, 22.23, 9999.0, 22.73, 22.39, 22.25, 22.25, 22.25
2026-09-08, 11:52:35, 22.25, 22.5, 22.75, 22.73, 9999.0, 9999.0, 9999.0, 23.7, 9999.0, 22.27, 9999.0, 22.7, 22.39, 22.25, 22.25, 22.25
2026-09-08, 11:52:39, 22.25, 22.5, 22.75, 22.73, 9999.0, 9999.0, 9999.0, 23.75, 9999.0, 22.32, 9999.0, 22.68, 22.41, 22.23, 22.25, 22.25
2026-09-08, 11:52:43, 22.25, 22.5, 22.75, 22.73, 9999.0, 9999.0, 9999.0, 23.77, 9999.0, 22.34, 9999.0, 22.68, 22.43, 22.23, 22.25, 22.25
2026-09-08, 11:52:47, 22.25, 22.48, 22.75, 22.73, 9999.0, 9999.0, 9999.0, 23.8, 9999.0, 22.36, 9999.0, 22.66, 22.45, 22.23, 22.25, 22.25
2026-09-08, 11:52:51, 22.25, 22.48, 22.75, 22.73, 9999.0, 9999.0, 9999.0, 23.84, 9999.0, 22.39, 9999.0, 22.64, 22.45, 22.23, 22.25, 22.25
2026-09-08, 11:52:55, 22.25, 22.48, 22.75, 22.75, 9999.0, 9999.0, 9999.0, 23.89, 9999.0, 22.39, 9999.0, 22.61, 22.43, 22.23, 22.25, 22.25
2026-09-08, 11:52:59, 22.25, 22.45, 22.75, 22.73, 9999.0, 9999.0, 9999.0, 23.91, 9999.0, 22.39, 9999.0, 22.59, 22.45, 22.23, 22.25, 22.25
2026-09-08, 11:53:03, 22.25, 22.45, 22.75, 22.73, 9999.0, 9999.0, 9999.0, 23.93, 9999.0, 22.36, 9999.0, 22.57, 22.43, 22.23, 22.25, 22.25
2026-09-08, 11:53:07, 22.25, 22.45, 22.75, 22.7, 9999.0, 9999.0, 9999.0, 23.95, 9999.0, 22.34, 9999.0, 22.55, 22.43, 22.23, 22.25, 22.25
2026-09-08, 11:53:11, 22.25, 22.43, 22.75, 22.7, 9999.0, 9999.0, 9999.0, 23.98, 9999.0, 22.32, 9999.0, 22.55, 22.41, 22.23, 22.25, 22.25
2026-09-08, 11:53:15, 22.25, 22.41, 22.75, 22.68, 9999.0, 9999.0, 9999.0, 23.93, 9999.0, 22.3, 9999.0, 22.57, 22.39, 22.23, 22.25, 22.25
2026-09-08, 11:53:19, 22.25, 22.41, 22.75, 22.68, 9999.0, 9999.0, 9999.0, 23.86, 9999.0, 22.27, 9999.0, 22.59, 22.41, 22.23, 22.25, 22.25
2026-09-08, 11:53:23, 22.25, 22.41, 22.75, 22.68, 9999.0, 9999.0, 9999.0, 23.82, 9999.0, 22.23, 9999.0, 22.61, 22.41, 22.25, 22.25, 22.25
2026-09-08, 11:53:27, 22.25, 22.39, 22.75, 22.68, 9999.0, 9999.0, 9999.0, 23.77, 9999.0, 22.2, 9999.0, 22.61, 22.41, 22.25, 22.25, 22.25
2026-09-08, 11:53:32, 22.25, 22.41, 22.75, 22.68, 9999.0, 9999.0, 9999.0, 23.73, 9999.0, 22.2, 9999.0, 22.64, 22.41, 22.25, 22.25, 22.25
2026-09-08, 11:53:36, 22.25, 22.39, 22.75, 22.68, 9999.0, 9999.0, 9999.0, 23.68, 9999.0, 22.2, 9999.0, 22.66, 22.39, 22.25, 22.25, 22.25
2026-09-08, 11:53:40, 22.25, 22.39, 22.73, 22.68, 9999.0, 9999.0, 9999.0, 23.64, 9999.0, 22.2, 9999.0, 22.68, 22.41, 22.25, 22.25, 22.25
2026-09-08, 11:53:44, 22.25, 22.41, 22.73, 22.7, 9999.0, 9999.0, 9999.0, 23.61, 9999.0, 22.2, 9999.0, 22.7, 22.41, 22.23, 22.25, 22.25
2026-09-08, 11:53:48, 22.25, 22.41, 22.73, 22.7, 9999.0, 9999.0, 9999.0, 23.59, 9999.0, 22.2, 9999.0, 22.7, 22.43, 22.23, 22.25, 22.25
2026-09-08, 11:53:52, 22.25, 22.41, 22.73, 22.73, 9999.0, 9999.0, 9999.0, 23.64, 9999.0, 22.2, 9999.0, 22.7, 22.43, 22.23, 22.25, 22.25
2026-09-08, 11:53:56, 22.25, 22.43, 22.73, 22.7, 9999.0, 9999.0, 9999.0, 23.68, 9999.0, 22.2, 9999.0, 22.7, 22.45, 22.23, 22.25, 22.25
2026-09-08, 11:54:00, 22.25, 22.43, 22.73, 22.73, 9999.0, 9999.0, 9999.0, 23.7, 9999.0, 22.2, 9999.0, 22.68, 22.48, 22.23, 22.25, 22.25
2026-09-08, 11:54:04, 22.25, 22.41, 22.73, 22.73, 9999.0, 9999.0, 9999.0, 23.75, 9999.0, 22.2, 9999.0, 22.66, 22.48, 22.23, 22.25, 22.25
2026-09-08, 11:54:08, 22.25, 22.39, 22.73, 22.73, 9999.0, 9999.0, 9999.0, 23.77, 9999.0, 22.23, 9999.0, 22.64, 22.45, 22.23, 22.25, 22.25
2026-09-08, 11:54:12, 22.25, 22.39, 22.73, 22.73, 9999.0, 9999.0, 9999.0, 23.8, 9999.0, 22.25, 9999.0, 22.61, 22.45, 22.23, 22.25, 22.25
2026-09-08, 11:54:16, 22.25, 22.39, 22.73, 22.7, 9999.0, 9999.0, 9999.0, 23.82, 9999.0, 22.25, 9999.0, 22.59, 22.43, 22.23, 22.25, 22.25
2026-09-08, 11:54:20, 22.25, 22.41, 22.73, 22.7, 9999.0, 9999.0, 9999.0, 23.84, 9999.0, 22.23, 9999.0, 22.57, 22.43, 22.23, 22.25, 22.25
2026-09-08, 11:54:24, 22.25, 22.39, 22.75, 22.7, 9999.0, 9999.0, 9999.0, 23.86, 9999.0, 22.2, 9999.0, 22.55, 22.41, 22.23, 22.25, 22.25
2026-09-08, 11:54:28, 22.25, 22.39, 22.75, 22.7, 9999.0, 9999.0, 9999.0, 23.89, 9999.0, 22.18, 9999.0, 22.55, 22.41, 22.23, 22.25, 22.25
2026-09-08, 11:54:32, 22.25, 22.39, 22.75, 22.7, 9999.0, 9999.0, 9999.0, 23.91, 9999.0, 22.16, 9999.0, 22.57, 22.39, 22.23, 22.25, 22.25
2026-09-08, 11:54:36, 22.25, 22.36, 22.75, 22.7, 9999.0, 9999.0, 9999.0, 23.86, 9999.0, 22.14, 9999.0, 22.59, 22.39, 22.23, 22.25, 22.25
2026-09-08, 11:54:40, 22.25, 22.36, 22.75, 22.73, 9999.0, 9999.0, 9999.0, 23.82, 9999.0, 22.11, 9999.0, 22.59, 22.39, 22.23, 22.25, 22.25
2026-09-08, 11:54:44, 22.25, 22.39, 22.75, 22.7, 9999.0, 9999.0, 9999.0, 23.8, 9999.0, 22.09, 9999.0, 22.61, 22.39, 22.23, 22.25, 22.25
2026-09-08, 11:54:48, 22.25, 22.39, 22.75, 22.7, 9999.0, 9999.0, 9999.0, 23.75, 9999.0, 22.07, 9999.0, 22.64, 22.39, 22.23, 22.25, 22.25
2026-09-08, 11:54:52, 22.25, 22.41, 22.75, 22.7, 9999.0, 9999.0, 9999.0, 23.7, 9999.0, 22.07, 9999.0, 22.66, 22.41, 22.23, 22.25, 22.25
2026-09-08, 11:54:56, 22.25, 22.43, 22.75, 22.7, 9999.0, 9999.0, 9999.0, 23.68, 9999.0, 22.07, 9999.0, 22.68, 22.39, 22.23, 22.25, 22.25
2026-09-08, 11:55:00, 22.25, 22.43, 22.75, 22.73, 9999.0, 9999.0, 9999.0, 23.66, 9999.0, 22.07, 9999.0, 22.7, 22.41, 22.2, 22.25, 22.25
2026-09-08, 11:55:04, 22.25, 22.41, 22.75, 22.73, 9999.0, 9999.0, 9999.0, 23.64, 9999.0, 22.11, 9999.0, 22.73, 22.43, 22.2, 22.25, 22.25
2026-09-08, 11:55:08, 22.25, 22.43, 22.75, 22.73, 9999.0, 9999.0, 9999.0, 23.59, 9999.0, 22.14, 9999.0, 22.73, 22.45, 22.2, 22.25, 22.25
2026-09-08, 11:55:12, 22.25, 22.43, 22.75, 22.73, 9999.0, 9999.0, 9999.0, 23.61, 9999.0, 22.16, 9999.0, 22.73, 22.45, 22.23, 22.25, 22.25
2026-09-08, 11:55:16, 22.25, 22.43, 22.75, 22.73, 9999.0, 9999.0, 9999.0, 23.64, 9999.0, 22.16, 9999.0, 22.7, 22.48, 22.23, 22.25, 22.25
2026-09-08, 11:55:20, 22.25, 22.45, 22.75, 22.73, 9999.0, 9999.0, 9999.0, 23.66, 9999.0, 22.18, 9999.0, 22.7, 22.48, 22.23, 22.25, 22.25
2026-09-08, 11:55:24, 22.25, 22.45, 22.75, 22.73, 9999.0, 9999.0, 9999.0, 23.68, 9999.0, 22.18, 9999.0, 22.68, 22.48, 22.23, 22.25, 22.25
2026-09-08, 11:55:28, 22.25, 22.43, 22.73, 22.73, 9999.0, 9999.0, 9999.0, 23.68, 9999.0, 22.18, 9999.0, 22.66, 22.48, 22.23, 22.25, 22.25
2026-09-08, 11:55:32, 22.25, 22.43, 22.73, 22.73, 9999.0, 9999.0, 9999.0, 23.7, 9999.0, 22.18, 9999.0, 22.64, 22.48, 22.23, 22.25, 22.25
2026-09-08, 11:55:36, 22.25, 22.41, 22.73, 22.73, 9999.0, 9999.0, 9999.0, 23.73, 9999.0, 22.16, 9999.0, 22.61, 22.45, 22.23, 22.25, 22.25
2026-09-08, 11:55:40, 22.25, 22.41, 22.73, 22.73, 9999.0, 9999.0, 9999.0, 23.75, 9999.0, 22.16, 9999.0, 22.59, 22.48, 22.23, 22.25, 22.25
2026-09-08, 11:55:44, 22.25, 22.41, 22.73, 22.73, 9999.0, 9999.0, 9999.0, 23.77, 9999.0, 22.14, 9999.0, 22.57, 22.45, 22.25, 22.25, 22.25
2026-09-08, 11:55:48, 22.25, 22.43, 22.73, 22.73, 9999.0, 9999.0, 9999.0, 23.8, 9999.0, 22.09, 9999.0, 22.57, 22.45, 22.25, 22.25, 22.25
2026-09-08, 11:55:52, 22.25, 22.41, 22.73, 22.7, 9999.0, 9999.0, 9999.0, 23.84, 9999.0, 22.07, 9999.0, 22.59, 22.45, 22.25, 22.25, 22.25
2026-09-08, 11:55:56, 22.25, 22.41, 22.73, 22.7, 9999.0, 9999.0, 9999.0, 23.82, 9999.0, 22.05, 9999.0, 22.59, 22.45, 22.25, 22.25, 22.25
2026-09-08, 11:56:00, 22.25, 22.39, 22.73, 22.7, 9999.0, 9999.0, 9999.0, 23.8, 9999.0, 22.05, 9999.0, 22.61, 22.45, 22.25, 22.25, 22.25
2026-09-08, 11:56:04, 22.25, 22.39, 22.73, 22.7, 9999.0, 9999.0, 9999.0, 23.75, 9999.0, 22.02, 9999.0, 22.61, 22.43, 22.25, 22.25, 22.25
2026-09-08, 11:56:08, 22.25, 22.36, 22.7, 22.7, 9999.0, 9999.0, 9999.0, 23.7, 9999.0, 22.05, 9999.0, 22.64, 22.43, 22.25, 22.25, 22.25
2026-09-08, 11:56:12, 22.25, 22.36, 22.73, 22.73, 9999.0, 9999.0, 9999.0, 23.68, 9999.0, 22.05, 9999.0, 22.66, 22.43, 22.25, 22.25, 22.25
2026-09-08, 11:56:16, 22.25, 22.36, 22.73, 22.73, 9999.0, 9999.0, 9999.0, 23.66, 9999.0, 22.05, 9999.0, 22.68, 22.43, 22.25, 22.25, 22.25
2026-09-08, 11:56:20, 22.25, 22.36, 22.73, 22.73, 9999.0, 9999.0, 9999.0, 23.61, 9999.0, 22.07, 9999.0, 22.7, 22.45, 22.25, 22.25, 22.25
2026-09-08, 11:56:24, 22.25, 22.36, 22.73, 22.73, 9999.0, 9999.0, 9999.0, 23.57, 9999.0, 22.07, 9999.0, 22.73, 22.45, 22.25, 22.25, 22.25
2026-09-08, 11:56:28, 22.25, 22.34, 22.73, 22.73, 9999.0, 9999.0, 9999.0, 23.52, 9999.0, 22.09, 9999.0, 22.75, 22.48, 22.25, 22.25, 22.25
2026-09-08, 11:56:32, 22.25, 22.34, 22.73, 22.73, 9999.0, 9999.0, 9999.0, 23.55, 9999.0, 22.11, 9999.0, 22.75, 22.48, 22.25, 22.25, 22.25
2026-09-08, 11:56:36, 22.25, 22.36, 22.73, 22.75, 9999.0, 9999.0, 9999.0, 23.57, 9999.0, 22.14, 9999.0, 22.73, 22.48, 22.25, 22.25, 22.25
2026-09-08, 11:56:40, 22.25, 22.36, 22.73, 22.75, 9999.0, 9999.0, 9999.0, 23.59, 9999.0, 22.16, 9999.0, 22.7, 22.48, 22.25, 22.25, 22.25
2026-09-08, 11:56:44, 22.25, 22.36, 22.73, 22.75, 9999.0, 9999.0, 9999.0, 23.59, 9999.0, 22.16, 9999.0, 22.68, 22.48, 22.25, 22.25, 22.25
2026-09-08, 11:56:48, 22.25, 22.36, 22.73, 22.75, 9999.0, 9999.0, 9999.0, 23.61, 9999.0, 22.16, 9999.0, 22.66, 22.5, 22.25, 22.25, 22.25
2026-09-08, 11:56:52, 22.25, 22.36, 22.75, 22.75, 9999.0, 9999.0, 9999.0, 23.64, 9999.0, 22.14, 9999.0, 22.64, 22.5, 22.25, 22.25, 22.25
2026-09-08, 11:56:56, 22.25, 22.36, 22.75, 22.75, 9999.0, 9999.0, 9999.0, 23.66, 9999.0, 22.14, 9999.0, 22.61, 22.5, 22.25, 22.25, 22.25
2026-09-08, 11:57:00, 22.25, 22.36, 22.75, 22.75, 9999.0, 9999.0, 9999.0, 23.68, 9999.0, 22.14, 9999.0, 22.59, 22.5, 22.25, 22.25, 22.25
2026-09-08, 11:57:04, 22.25, 22.36, 22.75, 22.75, 9999.0, 9999.0, 9999.0, 23.73, 9999.0, 22.11, 9999.0, 22.57, 22.48, 22.25, 22.25, 22.25
2026-09-08, 11:57:08, 22.25, 22.36, 22.75, 22.75, 9999.0, 9999.0, 9999.0, 23.77, 9999.0, 22.09, 9999.0, 22.57, 22.45, 22.25, 22.25, 22.25
2026-09-08, 11:57:12, 22.25, 22.39, 22.75, 22.75, 9999.0, 9999.0, 9999.0, 23.8, 9999.0, 22.07, 9999.0, 22.57, 22.43, 22.25, 22.25, 22.25
2026-09-08, 11:57:16, 22.25, 22.39, 22.73, 22.75, 9999.0, 9999.0, 9999.0, 23.75, 9999.0, 22.05, 9999.0, 22.57, 22.41, 22.25, 22.25, 22.25
2026-09-08, 11:57:20, 22.25, 22.39, 22.73, 22.75, 9999.0, 9999.0, 9999.0, 23.7, 9999.0, 22.02, 9999.0, 22.59, 22.41, 22.25, 22.25, 22.25
2026-09-08, 11:57:24, 22.25, 22.39, 22.73, 22.75, 9999.0, 9999.0, 9999.0, 23.66, 9999.0, 22.0, 9999.0, 22.61, 22.39, 22.25, 22.27, 22.27
2026-09-08, 11:57:29, 22.25, 22.39, 22.73, 22.75, 9999.0, 9999.0, 9999.0, 23.64, 9999.0, 22.02, 9999.0, 22.64, 22.39, 22.25, 22.27, 22.27
2026-09-08, 11:57:33, 22.25, 22.36, 22.73, 22.75, 9999.0, 9999.0, 9999.0, 23.59, 9999.0, 22.05, 9999.0, 22.66, 22.39, 22.25, 22.27, 22.27
2026-09-08, 11:57:37, 22.25, 22.39, 22.73, 22.73, 9999.0, 9999.0, 9999.0, 23.57, 9999.0, 22.07, 9999.0, 22.68, 22.39, 22.25, 22.27, 22.27
2026-09-08, 11:57:41, 22.25, 22.41, 22.73, 22.73, 9999.0, 9999.0, 9999.0, 23.52, 9999.0, 22.09, 9999.0, 22.7, 22.39, 22.25, 22.27, 22.27
2026-09-08, 11:57:45, 22.25, 22.43, 22.73, 22.7, 9999.0, 9999.0, 9999.0, 23.48, 9999.0, 22.11, 9999.0, 22.73, 22.39, 22.25, 22.27, 22.27
2026-09-08, 11:57:49, 22.25, 22.45, 22.73, 22.7, 9999.0, 9999.0, 9999.0, 23.52, 9999.0, 22.14, 9999.0, 22.75, 22.41, 22.25, 22.27, 22.27
2026-09-08, 11:57:53, 22.25, 22.45, 22.73, 22.68, 9999.0, 9999.0, 9999.0, 23.55, 9999.0, 22.16, 9999.0, 22.75, 22.43, 22.25, 22.27, 22.27
2026-09-08, 11:57:57, 22.25, 22.45, 22.7, 22.68, 9999.0, 9999.0, 9999.0, 23.59, 9999.0, 22.18, 9999.0, 22.75, 22.45, 22.25, 22.27, 22.27
2026-09-08, 11:58:01, 22.25, 22.43, 22.73, 22.68, 9999.0, 9999.0, 9999.0, 23.64, 9999.0, 22.18, 9999.0, 22.75, 22.48, 22.25, 22.27, 22.27
2026-09-08, 11:58:05, 22.25, 22.41, 22.73, 22.68, 9999.0, 9999.0, 9999.0, 23.66, 9999.0, 22.18, 9999.0, 22.73, 22.48, 22.25, 22.27, 22.27
2026-09-08, 11:58:09, 22.25, 22.41, 22.73, 22.68, 9999.0, 9999.0, 9999.0, 23.68, 9999.0, 22.18, 9999.0, 22.7, 22.5, 22.25, 22.25, 22.25
2026-09-08, 11:58:13, 22.25, 22.43, 22.73, 22.68, 9999.0, 9999.0, 9999.0, 23.7, 9999.0, 22.16, 9999.0, 22.68, 22.48, 22.25, 22.25, 22.25
2026-09-08, 11:58:17, 22.25, 22.45, 22.73, 22.68, 9999.0, 9999.0, 9999.0, 23.75, 9999.0, 22.14, 9999.0, 22.66, 22.45, 22.25, 22.25, 22.25
2026-09-08, 11:58:21, 22.25, 22.45, 22.73, 22.7, 9999.0, 9999.0, 9999.0, 23.77, 9999.0, 22.11, 9999.0, 22.64, 22.45, 22.25, 22.25, 22.25
2026-09-08, 11:58:25, 22.25, 22.45, 22.73, 22.7, 9999.0, 9999.0, 9999.0, 23.82, 9999.0, 22.09, 9999.0, 22.61, 22.43, 22.25, 22.27, 22.25
2026-09-08, 11:58:29, 22.25, 22.45, 22.73, 22.73, 9999.0, 9999.0, 9999.0, 23.86, 9999.0, 22.07, 9999.0, 22.61, 22.43, 22.25, 22.27, 22.25
2026-09-08, 11:58:33, 22.25, 22.43, 22.73, 22.73, 9999.0, 9999.0, 9999.0, 23.82, 9999.0, 22.05, 9999.0, 22.61, 22.43, 22.25, 22.27, 22.25
2026-09-08, 11:58:37, 22.25, 22.43, 22.73, 22.75, 9999.0, 9999.0, 9999.0, 23.77, 9999.0, 22.02, 9999.0, 22.61, 22.43, 22.25, 22.27, 22.25
2026-09-08, 11:58:41, 22.25, 22.41, 22.75, 22.75, 9999.0, 9999.0, 9999.0, 23.73, 9999.0, 22.0, 9999.0, 22.61, 22.43, 22.25, 22.27, 22.25
2026-09-08, 11:58:45, 22.25, 22.41, 22.75, 22.75, 9999.0, 9999.0, 9999.0, 23.68, 9999.0, 22.0, 9999.0, 22.61, 22.43, 22.25, 22.27, 22.25
2026-09-08, 11:58:49, 22.25, 22.43, 22.75, 22.75, 9999.0, 9999.0, 9999.0, 23.66, 9999.0, 22.0, 9999.0, 22.64, 22.43, 22.25, 22.27, 22.25
2026-09-08, 11:58:53, 22.25, 22.43, 22.75, 22.75, 9999.0, 9999.0, 9999.0, 23.61, 9999.0, 22.02, 9999.0, 22.66, 22.43, 22.25, 22.27, 22.25
2026-09-08, 11:58:57, 22.25, 22.43, 22.75, 22.75, 9999.0, 9999.0, 9999.0, 23.57, 9999.0, 22.05, 9999.0, 22.68, 22.45, 22.25, 22.27, 22.25
2026-09-08, 11:59:01, 22.25, 22.41, 22.75, 22.75, 9999.0, 9999.0, 9999.0, 23.52, 9999.0, 22.07, 9999.0, 22.7, 22.48, 22.25, 22.27, 22.25
2026-09-08, 11:59:05, 22.25, 22.41, 22.75, 22.75, 9999.0, 9999.0, 9999.0, 23.48, 9999.0, 22.09, 9999.0, 22.73, 22.48, 22.25, 22.27, 22.25
2026-09-08, 11:59:09, 22.25, 22.41, 22.75, 22.75, 9999.0, 9999.0, 9999.0, 23.5, 9999.0, 22.09, 9999.0, 22.75, 22.5, 22.25, 22.25, 22.25
2026-09-08, 11:59:13, 22.25, 22.41, 22.75, 22.75, 9999.0, 9999.0, 9999.0, 23.52, 9999.0, 22.09, 9999.0, 22.75, 22.5, 22.25, 22.25, 22.25
2026-09-08, 11:59:17, 22.25, 22.41, 22.75, 22.75, 9999.0, 9999.0, 9999.0, 23.55, 9999.0, 22.11, 9999.0, 22.75, 22.5, 22.25, 22.25, 22.27
2026-09-08, 11:59:21, 22.25, 22.41, 22.75, 22.75, 9999.0, 9999.0, 9999.0, 23.59, 9999.0, 22.11, 9999.0, 22.75, 22.5, 22.25, 22.25, 22.3
2026-09-08, 11:59:25, 22.25, 22.43, 22.75, 22.75, 9999.0, 9999.0, 9999.0, 23.61, 9999.0, 22.11, 9999.0, 22.75, 22.5, 22.25, 22.25, 22.32
2026-09-08, 11:59:29, 22.25, 22.43, 22.75, 22.75, 9999.0, 9999.0, 9999.0, 23.64, 9999.0, 22.11, 9999.0, 22.73, 22.5, 22.25, 22.25, 22.32
2026-09-08, 11:59:33, 22.25, 22.43, 22.75, 22.75, 9999.0, 9999.0, 9999.0, 23.64, 9999.0, 22.11, 9999.0, 22.7, 22.5, 22.25, 22.25, 22.32
2026-09-08, 11:59:37, 22.25, 22.41, 22.75, 22.75, 9999.0, 9999.0, 9999.0, 23.66, 9999.0, 22.09, 9999.0, 22.68, 22.5, 22.25, 22.25, 22.34
2026-09-08, 11:59:41, 22.25, 22.39, 22.75, 22.75, 9999.0, 9999.0, 9999.0, 23.68, 9999.0, 22.07, 9999.0, 22.66, 22.48, 22.25, 22.25, 22.34
2026-09-08, 11:59:45, 22.25, 22.41, 22.75, 22.75, 9999.0, 9999.0, 9999.0, 23.7, 9999.0, 22.05, 9999.0, 22.66, 22.48, 22.25, 22.25, 22.34
2026-09-08, 11:59:49, 22.25, 22.41, 22.75, 22.75, 9999.0, 9999.0, 9999.0, 23.73, 9999.0, 22.02, 9999.0, 22.64, 22.48, 22.25, 22.25, 22.36
2026-09-08, 11:59:53, 22.25, 22.41, 22.75, 22.75, 9999.0, 9999.0, 9999.0, 23.68, 9999.0, 22.02, 9999.0, 22.64, 22.48, 22.25, 22.25, 22.36
2026-09-08, 11:59:57, 22.25, 22.41, 22.75, 22.75, 9999.0, 9999.0, 9999.0, 23.64, 9999.0, 22.02, 9999.0, 22.66, 22.48, 22.25, 22.25, 22.36
2026-09-08, 12:00:01, 22.25, 22.43, 22.75, 22.75, 9999.0, 9999.0, 9999.0, 23.57, 9999.0, 22.0, 9999.0, 22.66, 22.48, 22.25, 22.25, 22.34
2026-09-08, 12:00:05, 22.25, 22.43, 22.75, 22.75, 9999.0, 9999.0, 9999.0, 23.5, 9999.0, 22.02, 9999.0, 22.66, 22.48, 22.25, 22.27, 22.32
2026-09-08, 12:00:09, 22.25, 22.41, 22.75, 22.75, 9999.0, 9999.0, 9999.0, 23.45, 9999.0, 22.02, 9999.0, 22.66, 22.45, 22.25, 22.27, 22.32
2026-09-08, 12:00:13, 22.25, 22.43, 22.75, 22.75, 9999.0, 9999.0, 9999.0, 23.41, 9999.0, 22.05, 9999.0, 22.68, 22.45, 22.25, 22.27, 22.32
2026-09-08, 12:00:17, 22.25, 22.41, 22.75, 22.75, 9999.0, 9999.0, 9999.0, 23.39, 9999.0, 22.09, 9999.0, 22.7, 22.45, 22.25, 22.27, 22.32
2026-09-08, 12:00:21, 22.25, 22.41, 22.75, 22.75, 9999.0, 9999.0, 9999.0, 23.36, 9999.0, 22.14, 9999.0, 22.73, 22.45, 22.25, 22.27, 22.3
2026-09-08, 12:00:25, 22.25, 22.43, 22.75, 22.75, 9999.0, 9999.0, 9999.0, 23.34, 9999.0, 22.16, 9999.0, 22.75, 22.48, 22.25, 22.27, 22.32
2026-09-08, 12:00:29, 22.25, 22.43, 22.75, 22.75, 9999.0, 9999.0, 9999.0, 23.39, 9999.0, 22.18, 9999.0, 22.75, 22.48, 22.25, 22.27, 22.32
2026-09-08, 12:00:33, 22.25, 22.43, 22.75, 22.75, 9999.0, 9999.0, 9999.0, 23.41, 9999.0, 22.2, 9999.0, 22.77, 22.48, 22.25, 22.27, 22.32
2026-09-08, 12:00:37, 22.25, 22.43, 22.75, 22.75, 9999.0, 9999.0, 9999.0, 23.43, 9999.0, 22.23, 9999.0, 22.77, 22.48, 22.25, 22.27, 22.34
2026-09-08, 12:00:41, 22.25, 22.43, 22.75, 22.75, 9999.0, 9999.0, 9999.0, 23.45, 9999.0, 22.23, 9999.0, 22.73, 22.48, 22.25, 22.27, 22.34
2026-09-08, 12:00:45, 22.25, 22.41, 22.75, 22.75, 9999.0, 9999.0, 9999.0, 23.5, 9999.0, 22.23, 9999.0, 22.7, 22.48, 22.25, 22.27, 22.34
2026-09-08, 12:00:49, 22.25, 22.39, 22.75, 22.75, 9999.0, 9999.0, 9999.0, 23.55, 9999.0, 22.2, 9999.0, 22.68, 22.48, 22.25, 22.25, 22.34
2026-09-08, 12:00:53, 22.25, 22.39, 22.75, 22.75, 9999.0, 9999.0, 9999.0, 23.59, 9999.0, 22.2, 9999.0, 22.66, 22.5, 22.25, 22.25, 22.32
2026-09-08, 12:00:57, 22.25, 22.39, 22.75, 22.75, 9999.0, 9999.0, 9999.0, 23.64, 9999.0, 22.18, 9999.0, 22.64, 22.5, 22.25, 22.25, 22.32
2026-09-08, 12:01:01, 22.25, 22.39, 22.75, 22.75, 9999.0, 9999.0, 9999.0, 23.68, 9999.0, 22.14, 9999.0, 22.61, 22.5, 22.25, 22.25, 22.32
2026-09-08, 12:01:05, 22.25, 22.41, 22.75, 22.75, 9999.0, 9999.0, 9999.0, 23.7, 9999.0, 22.09, 9999.0, 22.61, 22.5, 22.25, 22.27, 22.32
2026-09-08, 12:01:09, 22.25, 22.39, 22.75, 22.75, 9999.0, 9999.0, 9999.0, 23.73, 9999.0, 22.07, 9999.0, 22.59, 22.5, 22.25, 22.27, 22.3
2026-09-08, 12:01:14, 22.25, 22.39, 22.75, 22.75, 9999.0, 9999.0, 9999.0, 23.68, 9999.0, 22.05, 9999.0, 22.59, 22.5, 22.25, 22.27, 22.3
2026-09-08, 12:01:18, 22.25, 22.39, 22.75, 22.75, 9999.0, 9999.0, 9999.0, 23.66, 9999.0, 22.02, 9999.0, 22.59, 22.5, 22.25, 22.27, 22.27
2026-09-08, 12:01:22, 22.25, 22.39, 22.75, 22.75, 9999.0, 9999.0, 9999.0, 23.61, 9999.0, 21.98, 9999.0, 22.59, 22.5, 22.25, 22.27, 22.25
2026-09-08, 12:01:26, 22.25, 22.36, 22.75, 22.75, 9999.0, 9999.0, 9999.0, 23.59, 9999.0, 22.0, 9999.0, 22.61, 22.5, 22.25, 22.27, 22.27
2026-09-08, 12:01:30, 22.25, 22.36, 22.75, 22.75, 9999.0, 9999.0, 9999.0, 23.55, 9999.0, 22.02, 9999.0, 22.64, 22.5, 22.25, 22.3, 22.3
2026-09-08, 12:01:34, 22.25, 22.36, 22.75, 22.75, 9999.0, 9999.0, 9999.0, 23.52, 9999.0, 22.05, 9999.0, 22.66, 22.5, 22.25, 22.32, 22.32
2026-09-08, 12:01:38, 22.25, 22.36, 22.75, 22.75, 9999.0, 9999.0, 9999.0, 23.48, 9999.0, 22.07, 9999.0, 22.68, 22.5, 22.25, 22.34, 22.34
2026-09-08, 12:01:42, 22.25, 22.34, 22.75, 22.75, 9999.0, 9999.0, 9999.0, 23.43, 9999.0, 22.11, 9999.0, 22.7, 22.5, 22.25, 22.34, 22.34
2026-09-08, 12:01:46, 22.25, 22.36, 22.75, 22.75, 9999.0, 9999.0, 9999.0, 23.45, 9999.0, 22.14, 9999.0, 22.7, 22.5, 22.25, 22.34, 22.34
2026-09-08, 12:01:50, 22.25, 22.34, 22.75, 22.75, 9999.0, 9999.0, 9999.0, 23.5, 9999.0, 22.16, 9999.0, 22.7, 22.5, 22.25, 22.32, 22.34
2026-09-08, 12:01:54, 22.25, 22.34, 22.75, 22.75, 9999.0, 9999.0, 9999.0, 23.55, 9999.0, 22.18, 9999.0, 22.73, 22.5, 22.25, 22.32, 22.34
2026-09-08, 12:01:58, 22.25, 22.32, 22.75, 22.75, 9999.0, 9999.0, 9999.0, 23.57, 9999.0, 22.2, 9999.0, 22.73, 22.5, 22.25, 22.32, 22.34
2026-09-08, 12:02:02, 22.25, 22.3, 22.75, 22.75, 9999.0, 9999.0, 9999.0, 23.59, 9999.0, 22.23, 9999.0, 22.7, 22.5, 22.25, 22.32, 22.36
2026-09-08, 12:02:06, 22.25, 22.3, 22.75, 22.75, 9999.0, 9999.0, 9999.0, 23.64, 9999.0, 22.27, 9999.0, 22.68, 22.5, 22.25, 22.34, 22.36
2026-09-08, 12:02:10, 22.25, 22.3, 22.75, 22.75, 9999.0, 9999.0, 9999.0, 23.66, 9999.0, 22.25, 9999.0, 22.66, 22.5, 22.25, 22.34, 22.34
2026-09-08, 12:02:14, 22.25, 22.32, 22.75, 22.75, 9999.0, 9999.0, 9999.0, 23.68, 9999.0, 22.23, 9999.0, 22.64, 22.5, 22.25, 22.32, 22.32
2026-09-08, 12:02:18, 22.25, 22.34, 22.75, 22.75, 9999.0, 9999.0, 9999.0, 23.7, 9999.0, 22.2, 9999.0, 22.61, 22.5, 22.25, 22.3, 22.3
2026-09-08, 12:02:22, 22.25, 22.36, 22.75, 22.75, 9999.0, 9999.0, 9999.0, 23.75, 9999.0, 22.18, 9999.0, 22.61, 22.48, 22.25, 22.3, 22.27
2026-09-08, 12:02:26, 22.25, 22.39, 22.75, 22.75, 9999.0, 9999.0, 9999.0, 23.77, 9999.0, 22.14, 9999.0, 22.61, 22.45, 22.25, 22.3, 22.3
2026-09-08, 12:02:30, 22.25, 22.39, 22.75, 22.75, 9999.0, 9999.0, 9999.0, 23.73, 9999.0, 22.11, 9999.0, 22.64, 22.45, 22.25, 22.3, 22.3
2026-09-08, 12:02:34, 22.25, 22.41, 22.75, 22.75, 9999.0, 9999.0, 9999.0, 23.68, 9999.0, 22.09, 9999.0, 22.66, 22.45, 22.25, 22.3, 22.32
2026-09-08, 12:02:38, 22.25, 22.41, 22.75, 22.75, 9999.0, 9999.0, 9999.0, 23.61, 9999.0, 22.07, 9999.0, 22.66, 22.45, 22.25, 22.3, 22.32
2026-09-08, 12:02:42, 22.25, 22.41, 22.75, 22.75, 9999.0, 9999.0, 9999.0, 23.59, 9999.0, 22.07, 9999.0, 22.66, 22.45, 22.25, 22.32, 22.32
2026-09-08, 12:02:46, 22.25, 22.43, 22.75, 22.75, 9999.0, 9999.0, 9999.0, 23.57, 9999.0, 22.07, 9999.0, 22.68, 22.45, 22.25, 22.32, 22.3
2026-09-08, 12:02:50, 22.25, 22.43, 22.75, 22.75, 9999.0, 9999.0, 9999.0, 23.52, 9999.0, 22.07, 9999.0, 22.7, 22.45, 22.25, 22.32, 22.3
2026-09-08, 12:02:54, 22.25, 22.43, 22.75, 22.75, 9999.0, 9999.0, 9999.0, 23.48, 9999.0, 22.11, 9999.0, 22.73, 22.45, 22.25, 22.32, 22.3
2026-09-08, 12:02:58, 22.25, 22.43, 22.75, 22.75, 9999.0, 9999.0, 9999.0, 23.45, 9999.0, 22.16, 9999.0, 22.75, 22.45, 22.25, 22.32, 22.3
2026-09-08, 12:03:02, 22.25, 22.43, 22.75, 22.75, 9999.0, 9999.0, 9999.0, 23.48, 9999.0, 22.18, 9999.0, 22.77, 22.45, 22.25, 22.32, 22.3
2026-09-08, 12:03:06, 22.25, 22.41, 22.75, 22.75, 9999.0, 9999.0, 9999.0, 23.5, 9999.0, 22.2, 9999.0, 22.77, 22.48, 22.25, 22.3, 22.3
2026-09-08, 12:03:10, 22.25, 22.41, 22.75, 22.75, 9999.0, 9999.0, 9999.0, 23.52, 9999.0, 22.23, 9999.0, 22.77, 22.5, 22.25, 22.3, 22.27
2026-09-08, 12:03:14, 22.25, 22.41, 22.75, 22.75, 9999.0, 9999.0, 9999.0, 23.57, 9999.0, 22.25, 9999.0, 22.77, 22.5, 22.25, 22.3, 22.27
2026-09-08, 12:03:18, 22.25, 22.39, 22.75, 22.75, 9999.0, 9999.0, 9999.0, 23.61, 9999.0, 22.27, 9999.0, 22.75, 22.5, 22.25, 22.32, 22.25
2026-09-08, 12:03:22, 22.25, 22.39, 22.75, 22.75, 9999.0, 9999.0, 9999.0, 23.66, 9999.0, 22.3, 9999.0, 22.73, 22.48, 22.25, 22.32, 22.25
2026-09-08, 12:03:26, 22.25, 22.39, 22.75, 22.75, 9999.0, 9999.0, 9999.0, 23.68, 9999.0, 22.3, 9999.0, 22.7, 22.48, 22.25, 22.32, 22.25
2026-09-08, 12:03:30, 22.25, 22.36, 22.75, 22.75, 9999.0, 9999.0, 9999.0, 23.7, 9999.0, 22.3, 9999.0, 22.7, 22.48, 22.25, 22.32, 22.25
2026-09-08, 12:03:34, 22.25, 22.34, 22.75, 22.75, 9999.0, 9999.0, 9999.0, 23.75, 9999.0, 22.3, 9999.0, 22.68, 22.48, 22.25, 22.3, 22.27
2026-09-08, 12:03:38, 22.25, 22.34, 22.75, 22.75, 9999.0, 9999.0, 9999.0, 23.8, 9999.0, 22.27, 9999.0, 22.66, 22.45, 22.25, 22.3, 22.27
2026-09-08, 12:03:42, 22.25, 22.32, 22.75, 22.75, 9999.0, 9999.0, 9999.0, 23.82, 9999.0, 22.23, 9999.0, 22.66, 22.45, 22.25, 22.3, 22.3
2026-09-08, 12:03:46, 22.25, 22.32, 22.75, 22.75, 9999.0, 9999.0, 9999.0, 23.8, 9999.0, 22.23, 9999.0, 22.66, 22.43, 22.25, 22.3, 22.32
2026-09-08, 12:03:50, 22.25, 22.32, 22.75, 22.75, 9999.0, 9999.0, 9999.0, 23.75, 9999.0, 22.2, 9999.0, 22.66, 22.43, 22.25, 22.3, 22.32
2026-09-08, 12:03:54, 22.25, 22.3, 22.75, 22.75, 9999.0, 9999.0, 9999.0, 23.73, 9999.0, 22.18, 9999.0, 22.66, 22.43, 22.25, 22.3, 22.32
2026-09-08, 12:03:58, 22.25, 22.3, 22.75, 22.75, 9999.0, 9999.0, 9999.0, 23.68, 9999.0, 22.16, 9999.0, 22.66, 22.43, 22.25, 22.3, 22.34
2026-09-08, 12:04:02, 22.25, 22.3, 22.75, 22.75, 9999.0, 9999.0, 9999.0, 23.64, 9999.0, 22.16, 9999.0, 22.66, 22.43, 22.25, 22.27, 22.34
2026-09-08, 12:04:06, 22.25, 22.32, 22.75, 22.75, 9999.0, 9999.0, 9999.0, 23.61, 9999.0, 22.16, 9999.0, 22.68, 22.45, 22.25, 22.27, 22.34
2026-09-08, 12:04:10, 22.25, 22.34, 22.75, 22.75, 9999.0, 9999.0, 9999.0, 23.57, 9999.0, 22.18, 9999.0, 22.7, 22.45, 22.25, 22.25, 22.34
2026-09-08, 12:04:14, 22.25, 22.36, 22.75, 22.75, 9999.0, 9999.0, 9999.0, 23.52, 9999.0, 22.2, 9999.0, 22.7, 22.45, 22.25, 22.25, 22.36
2026-09-08, 12:04:18, 22.25, 22.36, 22.75, 22.75, 9999.0, 9999.0, 9999.0, 23.48, 9999.0, 22.23, 9999.0, 22.73, 22.45, 22.25, 22.25, 22.34
2026-09-08, 12:04:22, 22.25, 22.39, 22.75, 22.75, 9999.0, 9999.0, 9999.0, 23.5, 9999.0, 22.25, 9999.0, 22.75, 22.48, 22.25, 22.25, 22.34
2026-09-08, 12:04:26, 22.25, 22.41, 22.75, 22.75, 9999.0, 9999.0, 9999.0, 23.55, 9999.0, 22.27, 9999.0, 22.73, 22.48, 22.25, 22.25, 22.34
2026-09-08, 12:04:30, 22.25, 22.41, 22.75, 22.75, 9999.0, 9999.0, 9999.0, 23.57, 9999.0, 22.27, 9999.0, 22.7, 22.5, 22.25, 22.27, 22.32
2026-09-08, 12:04:34, 22.25, 22.43, 22.75, 22.75, 9999.0, 9999.0, 9999.0, 23.59, 9999.0, 22.3, 9999.0, 22.68, 22.5, 22.25, 22.27, 22.32
2026-09-08, 12:04:38, 22.25, 22.45, 22.75, 22.75, 9999.0, 9999.0, 9999.0, 23.61, 9999.0, 22.32, 9999.0, 22.66, 22.5, 22.25, 22.27, 22.32
2026-09-08, 12:04:42, 22.25, 22.45, 22.75, 22.75, 9999.0, 9999.0, 9999.0, 23.64, 9999.0, 22.34, 9999.0, 22.66, 22.5, 22.25, 22.27, 22.3
2026-09-08, 12:04:46, 22.25, 22.45, 22.75, 22.75, 9999.0, 9999.0, 9999.0, 23.66, 9999.0, 22.34, 9999.0, 22.64, 22.5, 22.25, 22.27, 22.3
2026-09-08, 12:04:50, 22.25, 22.45, 22.75, 22.75, 9999.0, 9999.0, 9999.0, 23.68, 9999.0, 22.34, 9999.0, 22.61, 22.5, 22.25, 22.27, 22.3
2026-09-08, 12:04:54, 22.25, 22.45, 22.75, 22.75, 9999.0, 9999.0, 9999.0, 23.73, 9999.0, 22.32, 9999.0, 22.59, 22.5, 22.25, 22.27, 22.3
2026-09-08, 12:04:59, 22.25, 22.43, 22.75, 22.75, 9999.0, 9999.0, 9999.0, 23.77, 9999.0, 22.3, 9999.0, 22.59, 22.5, 22.25, 22.27, 22.27
2026-09-08, 12:05:03, 22.25, 22.45, 22.75, 22.75, 9999.0, 9999.0, 9999.0, 23.8, 9999.0, 22.27, 9999.0, 22.59, 22.48, 22.25, 22.27, 22.27
2026-09-08, 12:05:07, 22.25, 22.45, 22.75, 22.75, 9999.0, 9999.0, 9999.0, 23.75, 9999.0, 22.23, 9999.0, 22.59, 22.48, 22.25, 22.27, 22.27
2026-09-08, 12:05:11, 22.25, 22.45, 22.75, 22.75, 9999.0, 9999.0, 9999.0, 23.7, 9999.0, 22.2, 9999.0, 22.61, 22.48, 22.25, 22.27, 22.25
2026-09-08, 12:05:15, 22.25, 22.45, 22.75, 22.75, 9999.0, 9999.0, 9999.0, 23.66, 9999.0, 22.18, 9999.0, 22.64, 22.48, 22.25, 22.27, 22.25
2026-09-08, 12:05:19, 22.25, 22.43, 22.75, 22.75, 9999.0, 9999.0, 9999.0, 23.64, 9999.0, 22.18, 9999.0, 22.66, 22.48, 22.25, 22.27, 22.25
2026-09-08, 12:05:23, 22.25, 22.43, 22.75, 22.75, 9999.0, 9999.0, 9999.0, 23.61, 9999.0, 22.18, 9999.0, 22.68, 22.48, 22.25, 22.27, 22.25
2026-09-08, 12:05:27, 22.25, 22.43, 22.75, 22.75, 9999.0, 9999.0, 9999.0, 23.59, 9999.0, 22.18, 9999.0, 22.68, 22.48, 22.25, 22.27, 22.25
2026-09-08, 12:05:31, 22.25, 22.43, 22.75, 22.75, 9999.0, 9999.0, 9999.0, 23.57, 9999.0, 22.2, 9999.0, 22.7, 22.48, 22.25, 22.27, 22.25
2026-09-08, 12:05:35, 22.25, 22.43, 22.75, 22.75, 9999.0, 9999.0, 9999.0, 23.52, 9999.0, 22.23, 9999.0, 22.73, 22.48, 22.25, 22.27, 22.27
2026-09-08, 12:05:39, 22.25, 22.43, 22.75, 22.75, 9999.0, 9999.0, 9999.0, 23.48, 9999.0, 22.25, 9999.0, 22.75, 22.48, 22.25, 22.27, 22.27
2026-09-08, 12:05:43, 22.25, 22.45, 22.75, 22.75, 9999.0, 9999.0, 9999.0, 23.5, 9999.0, 22.27, 9999.0, 22.73, 22.48, 22.25, 22.3, 22.27
2026-09-08, 12:05:47, 22.25, 22.45, 22.75, 22.75, 9999.0, 9999.0, 9999.0, 23.55, 9999.0, 22.3, 9999.0, 22.7, 22.5, 22.25, 22.3, 22.27
2026-09-08, 12:05:51, 22.25, 22.43, 22.75, 22.75, 9999.0, 9999.0, 9999.0, 23.59, 9999.0, 22.34, 9999.0, 22.7, 22.5, 22.25, 22.3, 22.27
2026-09-08, 12:05:55, 22.25, 22.41, 22.75, 22.75, 9999.0, 9999.0, 9999.0, 23.64, 9999.0, 22.39, 9999.0, 22.68, 22.5, 22.25, 22.3, 22.27
2026-09-08, 12:05:59, 22.25, 22.41, 22.75, 22.75, 9999.0, 9999.0, 9999.0, 23.66, 9999.0, 22.41, 9999.0, 22.66, 22.5, 22.25, 22.27, 22.3
2026-09-08, 12:06:03, 22.25, 22.43, 22.75, 22.75, 9999.0, 9999.0, 9999.0, 23.68, 9999.0, 22.41, 9999.0, 22.64, 22.48, 22.25, 22.27, 22.3
2026-09-08, 12:06:07, 22.25, 22.43, 22.75, 22.75, 9999.0, 9999.0, 9999.0, 23.7, 9999.0, 22.41, 9999.0, 22.61, 22.48, 22.25, 22.27, 22.3
2026-09-08, 12:06:11, 22.25, 22.41, 22.75, 22.75, 9999.0, 9999.0, 9999.0, 23.73, 9999.0, 22.43, 9999.0, 22.59, 22.48, 22.25, 22.27, 22.3
2026-09-08, 12:06:15, 22.25, 22.43, 22.75, 22.75, 9999.0, 9999.0, 9999.0, 23.75, 9999.0, 22.41, 9999.0, 22.57, 22.48, 22.25, 22.27, 22.3
2026-09-08, 12:06:19, 22.25, 22.41, 22.75, 22.75, 9999.0, 9999.0, 9999.0, 23.8, 9999.0, 22.39, 9999.0, 22.57, 22.48, 22.25, 22.27, 22.27
2026-09-08, 12:06:23, 22.25, 22.41, 22.75, 22.75, 9999.0, 9999.0, 9999.0, 23.84, 9999.0, 22.36, 9999.0, 22.57, 22.45, 22.25, 22.27, 22.27
2026-09-08, 12:06:27, 22.25, 22.41, 22.75, 22.75, 9999.0, 9999.0, 9999.0, 23.8, 9999.0, 22.34, 9999.0, 22.59, 22.45, 22.25, 22.25, 22.27
2026-09-08, 12:06:31, 22.25, 22.41, 22.75, 22.75, 9999.0, 9999.0, 9999.0, 23.75, 9999.0, 22.32, 9999.0, 22.61, 22.45, 22.25, 22.25, 22.27
2026-09-08, 12:06:35, 22.25, 22.41, 22.75, 22.75, 9999.0, 9999.0, 9999.0, 23.7, 9999.0, 22.3, 9999.0, 22.61, 22.45, 22.25, 22.25, 22.27
2026-09-08, 12:06:39, 22.25, 22.43, 22.75, 22.75, 9999.0, 9999.0, 9999.0, 23.66, 9999.0, 22.3, 9999.0, 22.64, 22.45, 22.25, 22.25, 22.27
2026-09-08, 12:06:43, 22.25, 22.43, 22.75, 22.75, 9999.0, 9999.0, 9999.0, 23.64, 9999.0, 22.32, 9999.0, 22.66, 22.45, 22.25, 22.25, 22.27
2026-09-08, 12:06:47, 22.25, 22.43, 22.75, 22.75, 9999.0, 9999.0, 9999.0, 23.61, 9999.0, 22.34, 9999.0, 22.68, 22.48, 22.25, 22.25, 22.3
2026-09-08, 12:06:51, 22.25, 22.43, 22.75, 22.75, 9999.0, 9999.0, 9999.0, 23.59, 9999.0, 22.39, 9999.0, 22.7, 22.48, 22.25, 22.25, 22.3
2026-09-08, 12:06:55, 22.25, 22.45, 22.75, 22.75, 9999.0, 9999.0, 9999.0, 23.55, 9999.0, 22.41, 9999.0, 22.73, 22.48, 22.25, 22.25, 22.32
2026-09-08, 12:06:59, 22.25, 22.45, 22.75, 22.75, 9999.0, 9999.0, 9999.0, 23.59, 9999.0, 22.43, 9999.0, 22.75, 22.48, 22.25, 22.25, 22.34
2026-09-08, 12:07:03, 22.25, 22.48, 22.75, 22.75, 9999.0, 9999.0, 9999.0, 23.64, 9999.0, 22.45, 9999.0, 22.75, 22.48, 22.25, 22.25, 22.34
2026-09-08, 12:07:07, 22.25, 22.48, 22.75, 22.75, 9999.0, 9999.0, 9999.0, 23.68, 9999.0, 22.48, 9999.0, 22.75, 22.5, 22.25, 22.25, 22.34
2026-09-08, 12:07:11, 22.25, 22.48, 22.75, 22.75, 9999.0, 9999.0, 9999.0, 23.73, 9999.0, 22.5, 9999.0, 22.75, 22.5, 22.25, 22.25, 22.34
2026-09-08, 12:07:15, 22.25, 22.45, 22.75, 22.75, 9999.0, 9999.0, 9999.0, 23.77, 9999.0, 22.52, 9999.0, 22.75, 22.5, 22.25, 22.25, 22.34
2026-09-08, 12:07:19, 22.25, 22.48, 22.75, 22.75, 9999.0, 9999.0, 9999.0, 23.8, 9999.0, 22.55, 9999.0, 22.73, 22.5, 22.25, 22.25, 22.34
2026-09-08, 12:07:23, 22.25, 22.45, 22.75, 22.75, 9999.0, 9999.0, 9999.0, 23.82, 9999.0, 22.55, 9999.0, 22.7, 22.5, 22.25, 22.25, 22.34
2026-09-08, 12:07:27, 22.25, 22.43, 22.75, 22.75, 9999.0, 9999.0, 9999.0, 23.84, 9999.0, 22.55, 9999.0, 22.68, 22.5, 22.25, 22.25, 22.32
2026-09-08, 12:07:31, 22.25, 22.43, 22.75, 22.75, 9999.0, 9999.0, 9999.0, 23.86, 9999.0, 22.55, 9999.0, 22.66, 22.5, 22.25, 22.25, 22.3
2026-09-08, 12:07:35, 22.25, 22.43, 22.75, 22.75, 9999.0, 9999.0, 9999.0, 23.89, 9999.0, 22.52, 9999.0, 22.64, 22.48, 22.25, 22.25, 22.3
2026-09-08, 12:07:39, 22.25, 22.43, 22.75, 22.75, 9999.0, 9999.0, 9999.0, 23.93, 9999.0, 22.5, 9999.0, 22.64, 22.48, 22.25, 22.25, 22.27
2026-09-08, 12:07:43, 22.25, 22.41, 22.75, 22.75, 9999.0, 9999.0, 9999.0, 23.89, 9999.0, 22.5, 9999.0, 22.64, 22.45, 22.25, 22.25, 22.25
2026-09-08, 12:07:47, 22.25, 22.39, 22.75, 22.75, 9999.0, 9999.0, 9999.0, 23.82, 9999.0, 22.5, 9999.0, 22.64, 22.45, 22.25, 22.25, 22.25
2026-09-08, 12:07:51, 22.25, 22.39, 22.75, 22.75, 9999.0, 9999.0, 9999.0, 23.75, 9999.0, 22.48, 9999.0, 22.64, 22.45, 22.25, 22.25, 22.25
2026-09-08, 12:07:55, 22.25, 22.39, 22.75, 22.75, 9999.0, 9999.0, 9999.0, 23.7, 9999.0, 22.48, 9999.0, 22.64, 22.45, 22.25, 22.25, 22.25
2026-09-08, 12:07:59, 22.25, 22.41, 22.75, 22.75, 9999.0, 9999.0, 9999.0, 23.66, 9999.0, 22.48, 9999.0, 22.64, 22.45, 22.25, 22.25, 22.25
2026-09-08, 12:08:03, 22.25, 22.39, 22.75, 22.75, 9999.0, 9999.0, 9999.0, 23.64, 9999.0, 22.5, 9999.0, 22.66, 22.45, 22.25, 22.25, 22.25
2026-09-08, 12:08:07, 22.25, 22.41, 22.75, 22.75, 9999.0, 9999.0, 9999.0, 23.61, 9999.0, 22.52, 9999.0, 22.68, 22.45, 22.25, 22.25, 22.25
2026-09-08, 12:08:11, 22.25, 22.43, 22.75, 22.75, 9999.0, 9999.0, 9999.0, 23.59, 9999.0, 22.55, 9999.0, 22.7, 22.45, 22.25, 22.25, 22.25
2026-09-08, 12:08:15, 22.25, 22.43, 22.75, 22.75, 9999.0, 9999.0, 9999.0, 23.57, 9999.0, 22.57, 9999.0, 22.73, 22.45, 22.25, 22.25, 22.25
2026-09-08, 12:08:19, 22.25, 22.43, 22.75, 22.75, 9999.0, 9999.0, 9999.0, 23.61, 9999.0, 22.59, 9999.0, 22.75, 22.48, 22.25, 22.25, 22.25
2026-09-08, 12:08:23, 22.25, 22.43, 22.75, 22.75, 9999.0, 9999.0, 9999.0, 23.66, 9999.0, 22.61, 9999.0, 22.75, 22.48, 22.25, 22.25, 22.25
2026-09-08, 12:08:27, 22.25, 22.45, 22.75, 22.75, 9999.0, 9999.0, 9999.0, 23.7, 9999.0, 22.64, 9999.0, 22.73, 22.5, 22.25, 22.25, 22.27
2026-09-08, 12:08:31, 22.25, 22.48, 22.75, 22.75, 9999.0, 9999.0, 9999.0, 23.75, 9999.0, 22.66, 9999.0, 22.7, 22.5, 22.25, 22.25, 22.27
2026-09-08, 12:08:35, 22.25, 22.45, 22.75, 22.75, 9999.0, 9999.0, 9999.0, 23.8, 9999.0, 22.7, 9999.0, 22.7, 22.5, 22.25, 22.25, 22.27
2026-09-08, 12:08:40, 22.25, 22.45, 22.75, 22.75, 9999.0, 9999.0, 9999.0, 23.84, 9999.0, 22.73, 9999.0, 22.68, 22.5, 22.25, 22.25, 22.27
2026-09-08, 12:08:44, 22.25, 22.45, 22.75, 22.75, 9999.0, 9999.0, 9999.0, 23.86, 9999.0, 22.73, 9999.0, 22.66, 22.5, 22.25, 22.25, 22.27
2026-09-08, 12:08:48, 22.25, 22.48, 22.75, 22.75, 9999.0, 9999.0, 9999.0, 23.91, 9999.0, 22.7, 9999.0, 22.64, 22.48, 22.25, 22.25, 22.27
2026-09-08, 12:08:52, 22.25, 22.48, 22.75, 22.75, 9999.0, 9999.0, 9999.0, 23.93, 9999.0, 22.68, 9999.0, 22.61, 22.48, 22.25, 22.25, 22.27
2026-09-08, 12:08:56, 22.25, 22.48, 22.75, 22.75, 9999.0, 9999.0, 9999.0, 23.98, 9999.0, 22.66, 9999.0, 22.59, 22.48, 22.25, 22.25, 22.27
2026-09-08, 12:09:00, 22.25, 22.48, 22.75, 22.75, 9999.0, 9999.0, 9999.0, 24.0, 9999.0, 22.64, 9999.0, 22.59, 22.48, 22.25, 22.25, 22.27
2026-09-08, 12:09:04, 22.25, 22.48, 22.75, 22.75, 9999.0, 9999.0, 9999.0, 23.95, 9999.0, 22.61, 9999.0, 22.59, 22.48, 22.25, 22.25, 22.27
2026-09-08, 12:09:08, 22.25, 22.45, 22.75, 22.75, 9999.0, 9999.0, 9999.0, 23.91, 9999.0, 22.59, 9999.0, 22.59, 22.48, 22.25, 22.25, 22.27
2026-09-08, 12:09:12, 22.25, 22.45, 22.75, 22.75, 9999.0, 9999.0, 9999.0, 23.86, 9999.0, 22.57, 9999.0, 22.61, 22.48, 22.25, 22.25, 22.25
2026-09-08, 12:09:16, 22.25, 22.45, 22.75, 22.75, 9999.0, 9999.0, 9999.0, 23.84, 9999.0, 22.55, 9999.0, 22.64, 22.48, 22.25, 22.25, 22.25
2026-09-08, 12:09:20, 22.25, 22.48, 22.75, 22.75, 9999.0, 9999.0, 9999.0, 23.8, 9999.0, 22.55, 9999.0, 22.64, 22.48, 22.25, 22.25, 22.25
2026-09-08, 12:09:24, 22.25, 22.48, 22.75, 22.75, 9999.0, 9999.0, 9999.0, 23.75, 9999.0, 22.55, 9999.0, 22.66, 22.48, 22.25, 22.25, 22.25
2026-09-08, 12:09:28, 22.25, 22.48, 22.75, 22.75, 9999.0, 9999.0, 9999.0, 23.73, 9999.0, 22.57, 9999.0, 22.68, 22.48, 22.25, 22.25, 22.25
2026-09-08, 12:09:32, 22.25, 22.48, 22.75, 22.75, 9999.0, 9999.0, 9999.0, 23.68, 9999.0, 22.59, 9999.0, 22.7, 22.5, 22.25, 22.25, 22.25
2026-09-08, 12:09:36, 22.25, 22.48, 22.75, 22.75, 9999.0, 9999.0, 9999.0, 23.66, 9999.0, 22.61, 9999.0, 22.73, 22.48, 22.25, 22.25, 22.25
2026-09-08, 12:09:40, 22.25, 22.48, 22.75, 22.75, 9999.0, 9999.0, 9999.0, 23.68, 9999.0, 22.64, 9999.0, 22.75, 22.48, 22.25, 22.25, 22.25
2026-09-08, 12:09:44, 22.25, 22.48, 22.75, 22.75, 9999.0, 9999.0, 9999.0, 23.73, 9999.0, 22.66, 9999.0, 22.75, 22.48, 22.25, 22.25, 22.25
2026-09-08, 12:09:48, 22.25, 22.48, 22.75, 22.75, 9999.0, 9999.0, 9999.0, 23.77, 9999.0, 22.68, 9999.0, 22.73, 22.48, 22.25, 22.25, 22.27
2026-09-08, 12:09:52, 22.25, 22.5, 22.75, 22.75, 9999.0, 9999.0, 9999.0, 23.8, 9999.0, 22.7, 9999.0, 22.73, 22.45, 22.23, 22.25, 22.27
2026-09-08, 12:09:56, 22.25, 22.5, 22.75, 22.75, 9999.0, 9999.0, 9999.0, 23.82, 9999.0, 22.73, 9999.0, 22.7, 22.45, 22.23, 22.25, 22.27
2026-09-08, 12:10:00, 22.25, 22.5, 22.75, 22.75, 9999.0, 9999.0, 9999.0, 23.84, 9999.0, 22.75, 9999.0, 22.68, 22.45, 22.23, 22.25, 22.27
2026-09-08, 12:10:04, 22.25, 22.5, 22.75, 22.75, 9999.0, 9999.0, 9999.0, 23.89, 9999.0, 22.73, 9999.0, 22.66, 22.45, 22.23, 22.25, 22.27
2026-09-08, 12:10:08, 22.25, 22.5, 22.75, 22.75, 9999.0, 9999.0, 9999.0, 23.93, 9999.0, 22.7, 9999.0, 22.64, 22.45, 22.23, 22.25, 22.27
2026-09-08, 12:10:12, 22.25, 22.5, 22.75, 22.75, 9999.0, 9999.0, 9999.0, 23.98, 9999.0, 22.68, 9999.0, 22.61, 22.45, 22.23, 22.25, 22.27
2026-09-08, 12:10:16, 22.25, 22.5, 22.75, 22.75, 9999.0, 9999.0, 9999.0, 24.02, 9999.0, 22.66, 9999.0, 22.61, 22.45, 22.23, 22.25, 22.27
2026-09-08, 12:10:20, 22.25, 22.5, 22.75, 22.75, 9999.0, 9999.0, 9999.0, 24.05, 9999.0, 22.64, 9999.0, 22.61, 22.48, 22.23, 22.25, 22.27
2026-09-08, 12:10:24, 22.25, 22.5, 22.75, 22.75, 9999.0, 9999.0, 9999.0, 24.0, 9999.0, 22.61, 9999.0, 22.61, 22.45, 22.23, 22.25, 22.27
2026-09-08, 12:10:28, 22.25, 22.5, 22.75, 22.75, 9999.0, 9999.0, 9999.0, 23.95, 9999.0, 22.59, 9999.0, 22.61, 22.45, 22.23, 22.25, 22.27
2026-09-08, 12:10:32, 22.25, 22.5, 22.75, 22.75, 9999.0, 9999.0, 9999.0, 23.91, 9999.0, 22.57, 9999.0, 22.64, 22.45, 22.23, 22.25, 22.25
2026-09-08, 12:10:36, 22.25, 22.48, 22.75, 22.75, 9999.0, 9999.0, 9999.0, 23.86, 9999.0, 22.55, 9999.0, 22.64, 22.45, 22.25, 22.25, 22.27
2026-09-08, 12:10:40, 22.25, 22.48, 22.75, 22.75, 9999.0, 9999.0, 9999.0, 23.82, 9999.0, 22.55, 9999.0, 22.66, 22.45, 22.25, 22.25, 22.27
2026-09-08, 12:10:44, 22.25, 22.48, 22.75, 22.75, 9999.0, 9999.0, 9999.0, 23.77, 9999.0, 22.55, 9999.0, 22.68, 22.45, 22.25, 22.25, 22.27
2026-09-08, 12:10:48, 22.25, 22.45, 22.75, 22.75, 9999.0, 9999.0, 9999.0, 23.73, 9999.0, 22.57, 9999.0, 22.7, 22.45, 22.25, 22.25, 22.27
2026-09-08, 12:10:52, 22.25, 22.43, 22.75, 22.75, 9999.0, 9999.0, 9999.0, 23.68, 9999.0, 22.59, 9999.0, 22.73, 22.45, 22.25, 22.25, 22.27
2026-09-08, 12:10:56, 22.25, 22.43, 22.75, 22.75, 9999.0, 9999.0, 9999.0, 23.64, 9999.0, 22.61, 9999.0, 22.75, 22.45, 22.25, 22.25, 22.27
2026-09-08, 12:11:00, 22.25, 22.43, 22.75, 22.75, 9999.0, 9999.0, 9999.0, 23.66, 9999.0, 22.64, 9999.0, 22.75, 22.45, 22.25, 22.25, 22.27
2026-09-08, 12:11:04, 22.25, 22.43, 22.75, 22.75, 9999.0, 9999.0, 9999.0, 23.7, 9999.0, 22.66, 9999.0, 22.73, 22.45, 22.25, 22.25, 22.27
2026-09-08, 12:11:08, 22.25, 22.41, 22.75, 22.75, 9999.0, 9999.0, 9999.0, 23.75, 9999.0, 22.68, 9999.0, 22.7, 22.48, 22.25, 22.25, 22.27
2026-09-08, 12:11:12, 22.25, 22.41, 22.75, 22.75, 9999.0, 9999.0, 9999.0, 23.77, 9999.0, 22.7, 9999.0, 22.68, 22.48, 22.25, 22.25, 22.27
2026-09-08, 12:11:16, 22.25, 22.41, 22.75, 22.75, 9999.0, 9999.0, 9999.0, 23.82, 9999.0, 22.7, 9999.0, 22.66, 22.48, 22.25, 22.25, 22.27
2026-09-08, 12:11:20, 22.25, 22.41, 22.75, 22.75, 9999.0, 9999.0, 9999.0, 23.86, 9999.0, 22.7, 9999.0, 22.64, 22.48, 22.25, 22.25, 22.25
2026-09-08, 12:11:24, 22.25, 22.41, 22.75, 22.75, 9999.0, 9999.0, 9999.0, 23.91, 9999.0, 22.68, 9999.0, 22.61, 22.48, 22.25, 22.25, 22.25
2026-09-08, 12:11:28, 22.25, 22.41, 22.75, 22.75, 9999.0, 9999.0, 9999.0, 23.95, 9999.0, 22.66, 9999.0, 22.59, 22.48, 22.25, 22.25, 22.25
2026-09-08, 12:11:32, 22.25, 22.43, 22.75, 22.75, 9999.0, 9999.0, 9999.0, 24.0, 9999.0, 22.64, 9999.0, 22.57, 22.48, 22.25, 22.25, 22.25
2026-09-08, 12:11:36, 22.25, 22.45, 22.75, 22.75, 9999.0, 9999.0, 9999.0, 24.05, 9999.0, 22.61, 9999.0, 22.57, 22.45, 22.25, 22.25, 22.25
2026-09-08, 12:11:40, 22.25, 22.45, 22.75, 22.75, 9999.0, 9999.0, 9999.0, 24.09, 9999.0, 22.59, 9999.0, 22.55, 22.45, 22.25, 22.25, 22.25
2026-09-08, 12:11:44, 22.25, 22.45, 22.75, 22.75, 9999.0, 9999.0, 9999.0, 24.05, 9999.0, 22.57, 9999.0, 22.55, 22.45, 22.25, 22.25, 22.25
2026-09-08, 12:11:48, 22.25, 22.45, 22.75, 22.75, 9999.0, 9999.0, 9999.0, 24.0, 9999.0, 22.55, 9999.0, 22.57, 22.45, 22.25, 22.27, 22.25
2026-09-08, 12:11:52, 22.25, 22.48, 22.75, 22.75, 9999.0, 9999.0, 9999.0, 23.95, 9999.0, 22.52, 9999.0, 22.59, 22.43, 22.25, 22.27, 22.25
2026-09-08, 12:11:56, 22.25, 22.48, 22.75, 22.75, 9999.0, 9999.0, 9999.0, 23.93, 9999.0, 22.52, 9999.0, 22.61, 22.43, 22.25, 22.27, 22.25
2026-09-08, 12:12:00, 22.25, 22.48, 22.75, 22.75, 9999.0, 9999.0, 9999.0, 23.89, 9999.0, 22.55, 9999.0, 22.64, 22.43, 22.25, 22.3, 22.25
2026-09-08, 12:12:04, 22.25, 22.5, 22.75, 22.75, 9999.0, 9999.0, 9999.0, 23.86, 9999.0, 22.57, 9999.0, 22.66, 22.45, 22.25, 22.3, 22.25
2026-09-08, 12:12:08, 22.25, 22.5, 22.75, 22.75, 9999.0, 9999.0, 9999.0, 23.82, 9999.0, 22.59, 9999.0, 22.68, 22.45, 22.25, 22.3, 22.25
2026-09-08, 12:12:12, 22.25, 22.5, 22.75, 22.75, 9999.0, 9999.0, 9999.0, 23.77, 9999.0, 22.61, 9999.0, 22.7, 22.45, 22.25, 22.3, 22.25
2026-09-08, 12:12:16, 22.25, 22.5, 22.75, 22.75, 9999.0, 9999.0, 9999.0, 23.82, 9999.0, 22.64, 9999.0, 22.73, 22.45, 22.25, 22.3, 22.25
2026-09-08, 12:12:20, 22.25, 22.5, 22.75, 22.73, 9999.0, 9999.0, 9999.0, 23.84, 9999.0, 22.66, 9999.0, 22.7, 22.48, 22.25, 22.3, 22.25
2026-09-08, 12:12:24, 22.25, 22.5, 22.75, 22.73, 9999.0, 9999.0, 9999.0, 23.86, 9999.0, 22.68, 9999.0, 22.7, 22.48, 22.25, 22.3, 22.25
2026-09-08, 12:12:29, 22.25, 22.5, 22.75, 22.73, 9999.0, 9999.0, 9999.0, 23.91, 9999.0, 22.7, 9999.0, 22.68, 22.48, 22.25, 22.3, 22.25
2026-09-08, 12:12:33, 22.25, 22.5, 22.75, 22.73, 9999.0, 9999.0, 9999.0, 23.95, 9999.0, 22.73, 9999.0, 22.68, 22.48, 22.25, 22.27, 22.25
2026-09-08, 12:12:37, 22.25, 22.5, 22.75, 22.73, 9999.0, 9999.0, 9999.0, 23.98, 9999.0, 22.75, 9999.0, 22.66, 22.48, 22.25, 22.27, 22.25
2026-09-08, 12:12:41, 22.25, 22.5, 22.75, 22.73, 9999.0, 9999.0, 9999.0, 24.0, 9999.0, 22.75, 9999.0, 22.64, 22.48, 22.25, 22.27, 22.25
2026-09-08, 12:12:45, 22.25, 22.48, 22.75, 22.73, 9999.0, 9999.0, 9999.0, 24.02, 9999.0, 22.73, 9999.0, 22.61, 22.48, 22.25, 22.25, 22.25
2026-09-08, 12:12:49, 22.25, 22.48, 22.75, 22.73, 9999.0, 9999.0, 9999.0, 24.05, 9999.0, 22.7, 9999.0, 22.59, 22.48, 22.25, 22.25, 22.25
2026-09-08, 12:12:53, 22.25, 22.48, 22.75, 22.73, 9999.0, 9999.0, 9999.0, 24.09, 9999.0, 22.7, 9999.0, 22.57, 22.45, 22.25, 22.25, 22.25
2026-09-08, 12:12:57, 22.25, 22.48, 22.75, 22.73, 9999.0, 9999.0, 9999.0, 24.14, 9999.0, 22.68, 9999.0, 22.57, 22.43, 22.25, 22.25, 22.25
2026-09-08, 12:13:01, 22.25, 22.45, 22.75, 22.73, 9999.0, 9999.0, 9999.0, 24.09, 9999.0, 22.66, 9999.0, 22.57, 22.41, 22.25, 22.25, 22.25
2026-09-08, 12:13:05, 22.25, 22.43, 22.75, 22.75, 9999.0, 9999.0, 9999.0, 24.05, 9999.0, 22.64, 9999.0, 22.59, 22.39, 22.25, 22.25, 22.25
2026-09-08, 12:13:09, 22.25, 22.43, 22.75, 22.75, 9999.0, 9999.0, 9999.0, 24.0, 9999.0, 22.61, 9999.0, 22.61, 22.39, 22.25, 22.25, 22.25
2026-09-08, 12:13:13, 22.25, 22.43, 22.75, 22.75, 9999.0, 9999.0, 9999.0, 23.95, 9999.0, 22.59, 9999.0, 22.64, 22.39, 22.25, 22.25, 22.25
2026-09-08, 12:13:17, 22.25, 22.43, 22.75, 22.75, 9999.0, 9999.0, 9999.0, 23.91, 9999.0, 22.59, 9999.0, 22.64, 22.39, 22.25, 22.25, 22.25
2026-09-08, 12:13:21, 22.25, 22.43, 22.75, 22.75, 9999.0, 9999.0, 9999.0, 23.89, 9999.0, 22.57, 9999.0, 22.66, 22.41, 22.25, 22.25, 22.25
2026-09-08, 12:13:25, 22.25, 22.43, 22.75, 22.75, 9999.0, 9999.0, 9999.0, 23.84, 9999.0, 22.57, 9999.0, 22.68, 22.41, 22.25, 22.25, 22.25
2026-09-08, 12:13:29, 22.25, 22.45, 22.75, 22.75, 9999.0, 9999.0, 9999.0, 23.8, 9999.0, 22.59, 9999.0, 22.7, 22.41, 22.25, 22.25, 22.25
2026-09-08, 12:13:33, 22.25, 22.45, 22.75, 22.75, 9999.0, 9999.0, 9999.0, 23.75, 9999.0, 22.61, 9999.0, 22.73, 22.41, 22.25, 22.25, 22.25
2026-09-08, 12:13:37, 22.25, 22.43, 22.75, 22.75, 9999.0, 9999.0, 9999.0, 23.77, 9999.0, 22.61, 9999.0, 22.73, 22.43, 22.25, 22.25, 22.25
2026-09-08, 12:13:41, 22.25, 22.43, 22.75, 22.75, 9999.0, 9999.0, 9999.0, 23.8, 9999.0, 22.64, 9999.0, 22.7, 22.45, 22.25, 22.25, 22.25
2026-09-08, 12:13:45, 22.25, 22.43, 22.75, 22.75, 9999.0, 9999.0, 9999.0, 23.82, 9999.0, 22.66, 9999.0, 22.7, 22.45, 22.23, 22.25, 22.25
2026-09-08, 12:13:49, 22.25, 22.45, 22.75, 22.75, 9999.0, 9999.0, 9999.0, 23.86, 9999.0, 22.68, 9999.0, 22.7, 22.48, 22.23, 22.25, 22.25
2026-09-08, 12:13:53, 22.25, 22.45, 22.75, 22.75, 9999.0, 9999.0, 9999.0, 23.89, 9999.0, 22.7, 9999.0, 22.68, 22.48, 22.23, 22.25, 22.25
2026-09-08, 12:13:57, 22.25, 22.45, 22.75, 22.75, 9999.0, 9999.0, 9999.0, 23.91, 9999.0, 22.73, 9999.0, 22.66, 22.48, 22.23, 22.25, 22.25
2026-09-08, 12:14:01, 22.25, 22.43, 22.75, 22.75, 9999.0, 9999.0, 9999.0, 23.93, 9999.0, 22.73, 9999.0, 22.64, 22.48, 22.23, 22.25, 22.25
2026-09-08, 12:14:05, 22.25, 22.43, 22.75, 22.75, 9999.0, 9999.0, 9999.0, 23.95, 9999.0, 22.73, 9999.0, 22.61, 22.45, 22.23, 22.25, 22.25
2026-09-08, 12:14:09, 22.25, 22.43, 22.75, 22.73, 9999.0, 9999.0, 9999.0, 24.0, 9999.0, 22.7, 9999.0, 22.59, 22.43, 22.23, 22.25, 22.25
2026-09-08, 12:14:13, 22.25, 22.41, 22.75, 22.73, 9999.0, 9999.0, 9999.0, 24.05, 9999.0, 22.7, 9999.0, 22.57, 22.43, 22.23, 22.25, 22.25
2026-09-08, 12:14:17, 22.25, 22.41, 22.75, 22.73, 9999.0, 9999.0, 9999.0, 24.09, 9999.0, 22.68, 9999.0, 22.57, 22.43, 22.23, 22.25, 22.25
2026-09-08, 12:14:21, 22.25, 22.41, 22.75, 22.73, 9999.0, 9999.0, 9999.0, 24.07, 9999.0, 22.66, 9999.0, 22.59, 22.41, 22.23, 22.25, 22.25
2026-09-08, 12:14:25, 22.25, 22.39, 22.75, 22.73, 9999.0, 9999.0, 9999.0, 24.02, 9999.0, 22.64, 9999.0, 22.61, 22.39, 22.23, 22.25, 22.25
2026-09-08, 12:14:29, 22.25, 22.41, 22.75, 22.73, 9999.0, 9999.0, 9999.0, 23.98, 9999.0, 22.61, 9999.0, 22.61, 22.41, 22.25, 22.25, 22.25
2026-09-08, 12:14:33, 22.27, 22.41, 22.73, 22.73, 9999.0, 9999.0, 9999.0, 23.93, 9999.0, 22.59, 9999.0, 22.61, 22.41, 22.25, 22.27, 22.25
2026-09-08, 12:14:37, 22.27, 22.39, 22.73, 22.73, 9999.0, 9999.0, 9999.0, 23.91, 9999.0, 22.59, 9999.0, 22.64, 22.41, 22.25, 22.27, 22.25
2026-09-08, 12:14:41, 22.27, 22.39, 22.73, 22.7, 9999.0, 9999.0, 9999.0, 23.89, 9999.0, 22.59, 9999.0, 22.66, 22.39, 22.25, 22.27, 22.25
2026-09-08, 12:14:45, 22.27, 22.41, 22.73, 22.7, 9999.0, 9999.0, 9999.0, 23.86, 9999.0, 22.59, 9999.0, 22.68, 22.39, 22.25, 22.27, 22.25
2026-09-08, 12:14:49, 22.27, 22.41, 22.73, 22.7, 9999.0, 9999.0, 9999.0, 23.82, 9999.0, 22.61, 9999.0, 22.7, 22.41, 22.25, 22.27, 22.25
2026-09-08, 12:14:53, 22.27, 22.41, 22.73, 22.73, 9999.0, 9999.0, 9999.0, 23.77, 9999.0, 22.64, 9999.0, 22.73, 22.43, 22.25, 22.27, 22.25
2026-09-08, 12:14:57, 22.27, 22.43, 22.73, 22.73, 9999.0, 9999.0, 9999.0, 23.8, 9999.0, 22.64, 9999.0, 22.75, 22.43, 22.25, 22.27, 22.25
2026-09-08, 12:15:01, 22.27, 22.43, 22.73, 22.73, 9999.0, 9999.0, 9999.0, 23.82, 9999.0, 22.66, 9999.0, 22.75, 22.43, 22.25, 22.27, 22.25
2026-09-08, 12:15:05, 22.27, 22.45, 22.73, 22.73, 9999.0, 9999.0, 9999.0, 23.84, 9999.0, 22.68, 9999.0, 22.75, 22.45, 22.23, 22.27, 22.25
2026-09-08, 12:15:09, 22.27, 22.48, 22.73, 22.73, 9999.0, 9999.0, 9999.0, 23.89, 9999.0, 22.7, 9999.0, 22.73, 22.48, 22.23, 22.27, 22.25
2026-09-08, 12:15:13, 22.27, 22.45, 22.73, 22.73, 9999.0, 9999.0, 9999.0, 23.91, 9999.0, 22.7, 9999.0, 22.7, 22.48, 22.23, 22.27, 22.25
2026-09-08, 12:15:17, 22.25, 22.45, 22.75, 22.73, 9999.0, 9999.0, 9999.0, 23.93, 9999.0, 22.73, 9999.0, 22.68, 22.45, 22.23, 22.25, 22.25
2026-09-08, 12:15:21, 22.25, 22.48, 22.75, 22.73, 9999.0, 9999.0, 9999.0, 23.95, 9999.0, 22.7, 9999.0, 22.66, 22.43, 22.23, 22.25, 22.25
2026-09-08, 12:15:25, 22.25, 22.48, 22.75, 22.75, 9999.0, 9999.0, 9999.0, 23.98, 9999.0, 22.68, 9999.0, 22.64, 22.45, 22.23, 22.25, 22.25
2026-09-08, 12:15:29, 22.25, 22.45, 22.75, 22.75, 9999.0, 9999.0, 9999.0, 24.0, 9999.0, 22.66, 9999.0, 22.61, 22.43, 22.23, 22.25, 22.25
2026-09-08, 12:15:33, 22.25, 22.45, 22.75, 22.75, 9999.0, 9999.0, 9999.0, 24.05, 9999.0, 22.64, 9999.0, 22.61, 22.41, 22.23, 22.25, 22.25
2026-09-08, 12:15:37, 22.25, 22.45, 22.75, 22.75, 9999.0, 9999.0, 9999.0, 24.09, 9999.0, 22.61, 9999.0, 22.61, 22.41, 22.23, 22.25, 22.25
2026-09-08, 12:15:41, 22.25, 22.45, 22.75, 22.75, 9999.0, 9999.0, 9999.0, 24.07, 9999.0, 22.61, 9999.0, 22.59, 22.39, 22.23, 22.25, 22.25
2026-09-08, 12:15:45, 22.25, 22.43, 22.75, 22.75, 9999.0, 9999.0, 9999.0, 24.02, 9999.0, 22.59, 9999.0, 22.61, 22.39, 22.23, 22.25, 22.25
2026-09-08, 12:15:49, 22.25, 22.43, 22.75, 22.73, 9999.0, 9999.0, 9999.0, 23.98, 9999.0, 22.57, 9999.0, 22.61, 22.39, 22.25, 22.25, 22.25
2026-09-08, 12:15:53, 22.25, 22.43, 22.75, 22.73, 9999.0, 9999.0, 9999.0, 23.93, 9999.0, 22.55, 9999.0, 22.64, 22.39, 22.25, 22.25, 22.25
2026-09-08, 12:15:57, 22.25, 22.45, 22.73, 22.73, 9999.0, 9999.0, 9999.0, 23.91, 9999.0, 22.57, 9999.0, 22.66, 22.36, 22.25, 22.25, 22.25
2026-09-08, 12:16:01, 22.25, 22.45, 22.73, 22.7, 9999.0, 9999.0, 9999.0, 23.89, 9999.0, 22.55, 9999.0, 22.68, 22.39, 22.25, 22.25, 22.25
2026-09-08, 12:16:06, 22.25, 22.45, 22.73, 22.7, 9999.0, 9999.0, 9999.0, 23.84, 9999.0, 22.57, 9999.0, 22.7, 22.41, 22.25, 22.25, 22.25
2026-09-08, 12:16:10, 22.25, 22.43, 22.73, 22.7, 9999.0, 9999.0, 9999.0, 23.8, 9999.0, 22.59, 9999.0, 22.73, 22.41, 22.25, 22.25, 22.25
2026-09-08, 12:16:14, 22.25, 22.45, 22.73, 22.7, 9999.0, 9999.0, 9999.0, 23.75, 9999.0, 22.61, 9999.0, 22.73, 22.43, 22.25, 22.25, 22.25
2026-09-08, 12:16:18, 22.25, 22.43, 22.73, 22.7, 9999.0, 9999.0, 9999.0, 23.77, 9999.0, 22.64, 9999.0, 22.73, 22.45, 22.25, 22.25, 22.25
2026-09-08, 12:16:22, 22.25, 22.43, 22.73, 22.7, 9999.0, 9999.0, 9999.0, 23.8, 9999.0, 22.66, 9999.0, 22.73, 22.43, 22.25, 22.25, 22.25
2026-09-08, 12:16:26, 22.25, 22.43, 22.73, 22.7, 9999.0, 9999.0, 9999.0, 23.82, 9999.0, 22.66, 9999.0, 22.73, 22.45, 22.25, 22.25, 22.25
2026-09-08, 12:16:30, 22.25, 22.45, 22.73, 22.68, 9999.0, 9999.0, 9999.0, 23.86, 9999.0, 22.68, 9999.0, 22.68, 22.45, 22.23, 22.25, 22.25
2026-09-08, 12:16:34, 22.25, 22.45, 22.73, 22.68, 9999.0, 9999.0, 9999.0, 23.89, 9999.0, 22.7, 9999.0, 22.66, 22.45, 22.23, 22.25, 22.25
2026-09-08, 12:16:38, 22.25, 22.45, 22.73, 22.68, 9999.0, 9999.0, 9999.0, 23.91, 9999.0, 22.7, 9999.0, 22.64, 22.45, 22.23, 22.25, 22.25
2026-09-08, 12:16:42, 22.25, 22.45, 22.75, 22.68, 9999.0, 9999.0, 9999.0, 23.93, 9999.0, 22.68, 9999.0, 22.61, 22.48, 22.23, 22.25, 22.25
2026-09-08, 12:16:46, 22.25, 22.45, 22.75, 22.7, 9999.0, 9999.0, 9999.0, 23.95, 9999.0, 22.68, 9999.0, 22.59, 22.45, 22.23, 22.25, 22.25
2026-09-08, 12:16:50, 22.25, 22.45, 22.75, 22.7, 9999.0, 9999.0, 9999.0, 24.0, 9999.0, 22.66, 9999.0, 22.57, 22.43, 22.23, 22.25, 22.25
2026-09-08, 12:16:54, 22.25, 22.48, 22.75, 22.7, 9999.0, 9999.0, 9999.0, 24.05, 9999.0, 22.64, 9999.0, 22.57, 22.43, 22.23, 22.25, 22.25
2026-09-08, 12:16:58, 22.25, 22.48, 22.75, 22.7, 9999.0, 9999.0, 9999.0, 24.09, 9999.0, 22.61, 9999.0, 22.59, 22.41, 22.2, 22.25, 22.25
2026-09-08, 12:17:02, 22.25, 22.5, 22.75, 22.68, 9999.0, 9999.0, 9999.0, 24.05, 9999.0, 22.59, 9999.0, 22.59, 22.39, 22.2, 22.25, 22.25
2026-09-08, 12:17:06, 22.25, 22.5, 22.73, 22.68, 9999.0, 9999.0, 9999.0, 24.0, 9999.0, 22.57, 9999.0, 22.59, 22.41, 22.2, 22.25, 22.25
2026-09-08, 12:17:10, 22.25, 22.5, 22.73, 22.68, 9999.0, 9999.0, 9999.0, 23.95, 9999.0, 22.55, 9999.0, 22.61, 22.39, 22.2, 22.27, 22.25
2026-09-08, 12:17:14, 22.25, 22.5, 22.73, 22.7, 9999.0, 9999.0, 9999.0, 23.91, 9999.0, 22.55, 9999.0, 22.64, 22.39, 22.23, 22.27, 22.25
2026-09-08, 12:17:18, 22.25, 22.5, 22.73, 22.73, 9999.0, 9999.0, 9999.0, 23.89, 9999.0, 22.52, 9999.0, 22.66, 22.39, 22.23, 22.27, 22.25
2026-09-08, 12:17:22, 22.25, 22.5, 22.73, 22.7, 9999.0, 9999.0, 9999.0, 23.86, 9999.0, 22.52, 9999.0, 22.68, 22.39, 22.23, 22.27, 22.25
2026-09-08, 12:17:26, 22.25, 22.5, 22.73, 22.7, 9999.0, 9999.0, 9999.0, 23.82, 9999.0, 22.55, 9999.0, 22.7, 22.39, 22.23, 22.27, 22.25
2026-09-08, 12:17:30, 22.25, 22.5, 22.73, 22.7, 9999.0, 9999.0, 9999.0, 23.8, 9999.0, 22.57, 9999.0, 22.73, 22.41, 22.23, 22.27, 22.25
2026-09-08, 12:17:34, 22.25, 22.5, 22.73, 22.7, 9999.0, 9999.0, 9999.0, 23.75, 9999.0, 22.57, 9999.0, 22.75, 22.43, 22.23, 22.27, 22.25
2026-09-08, 12:17:38, 22.25, 22.5, 22.73, 22.7, 9999.0, 9999.0, 9999.0, 23.77, 9999.0, 22.57, 9999.0, 22.73, 22.43, 22.23, 22.27, 22.25
2026-09-08, 12:17:42, 22.25, 22.5, 22.73, 22.7, 9999.0, 9999.0, 9999.0, 23.8, 9999.0, 22.57, 9999.0, 22.73, 22.45, 22.23, 22.27, 22.25
2026-09-08, 12:17:46, 22.25, 22.48, 22.73, 22.73, 9999.0, 9999.0, 9999.0, 23.84, 9999.0, 22.57, 9999.0, 22.7, 22.48, 22.23, 22.27, 22.25
2026-09-08, 12:17:50, 22.25, 22.48, 22.75, 22.73, 9999.0, 9999.0, 9999.0, 23.89, 9999.0, 22.57, 9999.0, 22.68, 22.48, 22.23, 22.27, 22.25
2026-09-08, 12:17:54, 22.25, 22.48, 22.75, 22.73, 9999.0, 9999.0, 9999.0, 23.91, 9999.0, 22.57, 9999.0, 22.66, 22.48, 22.23, 22.25, 22.25
2026-09-08, 12:17:58, 22.25, 22.48, 22.75, 22.73, 9999.0, 9999.0, 9999.0, 23.93, 9999.0, 22.55, 9999.0, 22.64, 22.45, 22.23, 22.25, 22.25
2026-09-08, 12:18:02, 22.25, 22.48, 22.75, 22.73, 9999.0, 9999.0, 9999.0, 23.95, 9999.0, 22.55, 9999.0, 22.61, 22.45, 22.23, 22.25, 22.25
2026-09-08, 12:18:06, 22.25, 22.48, 22.75, 22.75, 9999.0, 9999.0, 9999.0, 23.98, 9999.0, 22.55, 9999.0, 22.59, 22.45, 22.23, 22.25, 22.25
2026-09-08, 12:18:10, 22.25, 22.48, 22.75, 22.75, 9999.0, 9999.0, 9999.0, 24.02, 9999.0, 22.52, 9999.0, 22.57, 22.43, 22.23, 22.25, 22.25
2026-09-08, 12:18:14, 22.25, 22.48, 22.75, 22.75, 9999.0, 9999.0, 9999.0, 24.02, 9999.0, 22.48, 9999.0, 22.57, 22.41, 22.23, 22.25, 22.25
2026-09-08, 12:18:18, 22.25, 22.48, 22.75, 22.73, 9999.0, 9999.0, 9999.0, 24.05, 9999.0, 22.45, 9999.0, 22.57, 22.39, 22.23, 22.25, 22.25
2026-09-08, 12:18:22, 22.25, 22.45, 22.75, 22.73, 9999.0, 9999.0, 9999.0, 24.0, 9999.0, 22.43, 9999.0, 22.59, 22.36, 22.23, 22.25, 22.25
2026-09-08, 12:18:26, 22.25, 22.45, 22.75, 22.73, 9999.0, 9999.0, 9999.0, 23.95, 9999.0, 22.41, 9999.0, 22.59, 22.36, 22.25, 22.25, 22.25
2026-09-08, 12:18:30, 22.27, 22.48, 22.75, 22.73, 9999.0, 9999.0, 9999.0, 23.91, 9999.0, 22.39, 9999.0, 22.61, 22.36, 22.25, 22.25, 22.25
2026-09-08, 12:18:34, 22.27, 22.48, 22.75, 22.73, 9999.0, 9999.0, 9999.0, 23.84, 9999.0, 22.39, 9999.0, 22.64, 22.36, 22.25, 22.25, 22.25
2026-09-08, 12:18:38, 22.27, 22.48, 22.75, 22.73, 9999.0, 9999.0, 9999.0, 23.8, 9999.0, 22.39, 9999.0, 22.66, 22.36, 22.25, 22.25, 22.25
2026-09-08, 12:18:42, 22.27, 22.48, 22.75, 22.73, 9999.0, 9999.0, 9999.0, 23.75, 9999.0, 22.39, 9999.0, 22.68, 22.39, 22.25, 22.25, 22.25
2026-09-08, 12:18:46, 22.27, 22.48, 22.75, 22.73, 9999.0, 9999.0, 9999.0, 23.7, 9999.0, 22.41, 9999.0, 22.7, 22.39, 22.25, 22.25, 22.25
2026-09-08, 12:18:50, 22.27, 22.45, 22.75, 22.73, 9999.0, 9999.0, 9999.0, 23.66, 9999.0, 22.43, 9999.0, 22.73, 22.39, 22.25, 22.25, 22.25
2026-09-08, 12:18:54, 22.27, 22.45, 22.75, 22.73, 9999.0, 9999.0, 9999.0, 23.68, 9999.0, 22.43, 9999.0, 22.75, 22.41, 22.25, 22.25, 22.25
2026-09-08, 12:18:58, 22.27, 22.45, 22.75, 22.7, 9999.0, 9999.0, 9999.0, 23.73, 9999.0, 22.45, 9999.0, 22.75, 22.41, 22.25, 22.25, 22.25
2026-09-08, 12:19:02, 22.27, 22.45, 22.75, 22.73, 9999.0, 9999.0, 9999.0, 23.75, 9999.0, 22.48, 9999.0, 22.73, 22.43, 22.25, 22.25, 22.25
2026-09-08, 12:19:06, 22.27, 22.48, 22.73, 22.73, 9999.0, 9999.0, 9999.0, 23.77, 9999.0, 22.48, 9999.0, 22.7, 22.45, 22.25, 22.25, 22.25
2026-09-08, 12:19:10, 22.27, 22.48, 22.73, 22.73, 9999.0, 9999.0, 9999.0, 23.8, 9999.0, 22.5, 9999.0, 22.68, 22.43, 22.25, 22.25, 22.25
2026-09-08, 12:19:14, 22.25, 22.48, 22.73, 22.73, 9999.0, 9999.0, 9999.0, 23.82, 9999.0, 22.5, 9999.0, 22.66, 22.43, 22.25, 22.25, 22.25
2026-09-08, 12:19:18, 22.25, 22.48, 22.73, 22.73, 9999.0, 9999.0, 9999.0, 23.86, 9999.0, 22.48, 9999.0, 22.64, 22.43, 22.25, 22.25, 22.25
2026-09-08, 12:19:22, 22.25, 22.48, 22.73, 22.7, 9999.0, 9999.0, 9999.0, 23.91, 9999.0, 22.45, 9999.0, 22.61, 22.45, 22.25, 22.25, 22.25
2026-09-08, 12:19:26, 22.25, 22.48, 22.73, 22.7, 9999.0, 9999.0, 9999.0, 23.93, 9999.0, 22.43, 9999.0, 22.59, 22.45, 22.25, 22.25, 22.25
2026-09-08, 12:19:30, 22.25, 22.48, 22.73, 22.7, 9999.0, 9999.0, 9999.0, 23.98, 9999.0, 22.39, 9999.0, 22.57, 22.45, 22.25, 22.25, 22.25
2026-09-08, 12:19:34, 22.25, 22.5, 22.73, 22.7, 9999.0, 9999.0, 9999.0, 24.02, 9999.0, 22.32, 9999.0, 22.57, 22.43, 22.25, 22.25, 22.25
2026-09-08, 12:19:38, 22.25, 22.48, 22.73, 22.7, 9999.0, 9999.0, 9999.0, 23.98, 9999.0, 22.27, 9999.0, 22.55, 22.43, 22.25, 22.25, 22.25
2026-09-08, 12:19:42, 22.25, 22.48, 22.73, 22.7, 9999.0, 9999.0, 9999.0, 23.93, 9999.0, 22.23, 9999.0, 22.55, 22.45, 22.25, 22.25, 22.25
2026-09-08, 12:19:46, 22.25, 22.48, 22.73, 22.7, 9999.0, 9999.0, 9999.0, 23.89, 9999.0, 22.18, 9999.0, 22.57, 22.45, 22.25, 22.25, 22.25
2026-09-08, 12:19:51, 22.25, 22.48, 22.75, 22.7, 9999.0, 9999.0, 9999.0, 23.84, 9999.0, 22.18, 9999.0, 22.59, 22.45, 22.25, 22.25, 22.25
2026-09-08, 12:19:55, 22.25, 22.45, 22.75, 22.7, 9999.0, 9999.0, 9999.0, 23.8, 9999.0, 22.16, 9999.0, 22.61, 22.48, 22.25, 22.25, 22.25
2026-09-08, 12:19:59, 22.25, 22.43, 22.75, 22.7, 9999.0, 9999.0, 9999.0, 23.75, 9999.0, 22.16, 9999.0, 22.64, 22.48, 22.25, 22.25, 22.25
2026-09-08, 12:20:03, 22.25, 22.43, 22.75, 22.7, 9999.0, 9999.0, 9999.0, 23.7, 9999.0, 22.16, 9999.0, 22.66, 22.48, 22.25, 22.25, 22.25
2026-09-08, 12:20:07, 22.25, 22.41, 22.75, 22.73, 9999.0, 9999.0, 9999.0, 23.66, 9999.0, 22.18, 9999.0, 22.68, 22.48, 22.25, 22.25, 22.25
2026-09-08, 12:20:11, 22.25, 22.41, 22.75, 22.73, 9999.0, 9999.0, 9999.0, 23.64, 9999.0, 22.2, 9999.0, 22.7, 22.48, 22.25, 22.25, 22.25
2026-09-08, 12:20:15, 22.25, 22.41, 22.73, 22.73, 9999.0, 9999.0, 9999.0, 23.66, 9999.0, 22.2, 9999.0, 22.73, 22.48, 22.25, 22.25, 22.25
2026-09-08, 12:20:19, 22.25, 22.41, 22.73, 22.73, 9999.0, 9999.0, 9999.0, 23.68, 9999.0, 22.23, 9999.0, 22.7, 22.5, 22.25, 22.25, 22.25
2026-09-08, 12:20:23, 22.25, 22.41, 22.73, 22.73, 9999.0, 9999.0, 9999.0, 23.7, 9999.0, 22.25, 9999.0, 22.73, 22.5, 22.25, 22.25, 22.25
2026-09-08, 12:20:27, 22.25, 22.41, 22.73, 22.75, 9999.0, 9999.0, 9999.0, 23.73, 9999.0, 22.27, 9999.0, 22.7, 22.5, 22.25, 22.25, 22.25
2026-09-08, 12:20:31, 22.25, 22.41, 22.73, 22.75, 9999.0, 9999.0, 9999.0, 23.77, 9999.0, 22.3, 9999.0, 22.7, 22.5, 22.25, 22.25, 22.25
2026-09-08, 12:20:35, 22.25, 22.41, 22.73, 22.75, 9999.0, 9999.0, 9999.0, 23.8, 9999.0, 22.3, 9999.0, 22.68, 22.48, 22.25, 22.25, 22.25
2026-09-08, 12:20:39, 22.25, 22.43, 22.73, 22.75, 9999.0, 9999.0, 9999.0, 23.8, 9999.0, 22.27, 9999.0, 22.66, 22.48, 22.25, 22.25, 22.25
2026-09-08, 12:20:43, 22.25, 22.45, 22.73, 22.75, 9999.0, 9999.0, 9999.0, 23.82, 9999.0, 22.25, 9999.0, 22.64, 22.48, 22.25, 22.25, 22.25
2026-09-08, 12:20:47, 22.25, 22.45, 22.73, 22.75, 9999.0, 9999.0, 9999.0, 23.84, 9999.0, 22.25, 9999.0, 22.61, 22.45, 22.25, 22.25, 22.25
2026-09-08, 12:20:51, 22.25, 22.45, 22.73, 22.75, 9999.0, 9999.0, 9999.0, 23.86, 9999.0, 22.23, 9999.0, 22.59, 22.43, 22.25, 22.25, 22.25
2026-09-08, 12:20:55, 22.25, 22.45, 22.73, 22.75, 9999.0, 9999.0, 9999.0, 23.86, 9999.0, 22.2, 9999.0, 22.59, 22.41, 22.25, 22.25, 22.25
2026-09-08, 12:20:59, 22.25, 22.45, 22.75, 22.75, 9999.0, 9999.0, 9999.0, 23.82, 9999.0, 22.18, 9999.0, 22.57, 22.39, 22.25, 22.25, 22.25
2026-09-08, 12:21:03, 22.25, 22.43, 22.75, 22.75, 9999.0, 9999.0, 9999.0, 23.75, 9999.0, 22.16, 9999.0, 22.59, 22.39, 22.25, 22.25, 22.25
2026-09-08, 12:21:07, 22.25, 22.45, 22.75, 22.73, 9999.0, 9999.0, 9999.0, 23.7, 9999.0, 22.14, 9999.0, 22.59, 22.39, 22.25, 22.25, 22.25
2026-09-08, 12:21:11, 22.25, 22.45, 22.75, 22.73, 9999.0, 9999.0, 9999.0, 23.66, 9999.0, 22.11, 9999.0, 22.61, 22.39, 22.25, 22.25, 22.25
2026-09-08, 12:21:15, 22.25, 22.45, 22.75, 22.73, 9999.0, 9999.0, 9999.0, 23.61, 9999.0, 22.11, 9999.0, 22.61, 22.39, 22.25, 22.25, 22.25
2026-09-08, 12:21:19, 22.25, 22.45, 22.75, 22.73, 9999.0, 9999.0, 9999.0, 23.59, 9999.0, 22.11, 9999.0, 22.64, 22.41, 22.25, 22.25, 22.25
2026-09-08, 12:21:23, 22.25, 22.45, 22.75, 22.73, 9999.0, 9999.0, 9999.0, 23.57, 9999.0, 22.16, 9999.0, 22.66, 22.41, 22.25, 22.25, 22.25
2026-09-08, 12:21:27, 22.25, 22.45, 22.75, 22.73, 9999.0, 9999.0, 9999.0, 23.52, 9999.0, 22.2, 9999.0, 22.68, 22.41, 22.25, 22.25, 22.25
2026-09-08, 12:21:31, 22.25, 22.45, 22.75, 22.73, 9999.0, 9999.0, 9999.0, 23.48, 9999.0, 22.2, 9999.0, 22.7, 22.43, 22.25, 22.25, 22.25
2026-09-08, 12:21:35, 22.25, 22.45, 22.75, 22.73, 9999.0, 9999.0, 9999.0, 23.5, 9999.0, 22.2, 9999.0, 22.73, 22.45, 22.25, 22.25, 22.25
2026-09-08, 12:21:39, 22.25, 22.45, 22.75, 22.73, 9999.0, 9999.0, 9999.0, 23.55, 9999.0, 22.2, 9999.0, 22.73, 22.48, 22.25, 22.25, 22.25
2026-09-08, 12:21:43, 22.25, 22.45, 22.75, 22.73, 9999.0, 9999.0, 9999.0, 23.57, 9999.0, 22.23, 9999.0, 22.75, 22.5, 22.25, 22.25, 22.25
2026-09-08, 12:21:47, 22.25, 22.45, 22.75, 22.73, 9999.0, 9999.0, 9999.0, 23.61, 9999.0, 22.25, 9999.0, 22.73, 22.5, 22.25, 22.25, 22.25
2026-09-08, 12:21:51, 22.25, 22.45, 22.75, 22.75, 9999.0, 9999.0, 9999.0, 23.66, 9999.0, 22.27, 9999.0, 22.7, 22.5, 22.25, 22.25, 22.25
2026-09-08, 12:21:55, 22.25, 22.43, 22.75, 22.75, 9999.0, 9999.0, 9999.0, 23.68, 9999.0, 22.3, 9999.0, 22.68, 22.5, 22.25, 22.25, 22.25
2026-09-08, 12:21:59, 22.25, 22.41, 22.75, 22.75, 9999.0, 9999.0, 9999.0, 23.7, 9999.0, 22.27, 9999.0, 22.66, 22.5, 22.25, 22.25, 22.25
2026-09-08, 12:22:03, 22.25, 22.41, 22.75, 22.75, 9999.0, 9999.0, 9999.0, 23.73, 9999.0, 22.25, 9999.0, 22.64, 22.5, 22.25, 22.25, 22.25
2026-09-08, 12:22:07, 22.25, 22.41, 22.75, 22.75, 9999.0, 9999.0, 9999.0, 23.77, 9999.0, 22.2, 9999.0, 22.61, 22.5, 22.25, 22.25, 22.25
2026-09-08, 12:22:11, 22.25, 22.39, 22.75, 22.75, 9999.0, 9999.0, 9999.0, 23.82, 9999.0, 22.18, 9999.0, 22.61, 22.48, 22.25, 22.25, 22.25
2026-09-08, 12:22:15, 22.25, 22.39, 22.75, 22.75, 9999.0, 9999.0, 9999.0, 23.86, 9999.0, 22.18, 9999.0, 22.61, 22.48, 22.25, 22.25, 22.25
2026-09-08, 12:22:19, 22.25, 22.41, 22.75, 22.75, 9999.0, 9999.0, 9999.0, 23.82, 9999.0, 22.16, 9999.0, 22.61, 22.48, 22.23, 22.25, 22.25
2026-09-08, 12:22:23, 22.25, 22.41, 22.75, 22.75, 9999.0, 9999.0, 9999.0, 23.77, 9999.0, 22.14, 9999.0, 22.61, 22.45, 22.23, 22.27, 22.25
2026-09-08, 12:22:27, 22.25, 22.39, 22.75, 22.75, 9999.0, 9999.0, 9999.0, 23.73, 9999.0, 22.11, 9999.0, 22.61, 22.45, 22.23, 22.27, 22.25
2026-09-08, 12:22:31, 22.25, 22.41, 22.75, 22.75, 9999.0, 9999.0, 9999.0, 23.68, 9999.0, 22.11, 9999.0, 22.64, 22.45, 22.23, 22.27, 22.25
2026-09-08, 12:22:35, 22.25, 22.41, 22.75, 22.75, 9999.0, 9999.0, 9999.0, 23.64, 9999.0, 22.11, 9999.0, 22.66, 22.45, 22.23, 22.27, 22.25
2026-09-08, 12:22:39, 22.25, 22.43, 22.75, 22.75, 9999.0, 9999.0, 9999.0, 23.59, 9999.0, 22.11, 9999.0, 22.68, 22.45, 22.23, 22.27, 22.25
2026-09-08, 12:22:43, 22.27, 22.45, 22.75, 22.75, 9999.0, 9999.0, 9999.0, 23.55, 9999.0, 22.16, 9999.0, 22.7, 22.45, 22.23, 22.27, 22.25
2026-09-08, 12:22:47, 22.27, 22.45, 22.75, 22.75, 9999.0, 9999.0, 9999.0, 23.5, 9999.0, 22.2, 9999.0, 22.73, 22.45, 22.23, 22.27, 22.25
2026-09-08, 12:22:51, 22.27, 22.43, 22.75, 22.75, 9999.0, 9999.0, 9999.0, 23.52, 9999.0, 22.25, 9999.0, 22.75, 22.45, 22.23, 22.27, 22.25
2026-09-08, 12:22:55, 22.27, 22.45, 22.75, 22.75, 9999.0, 9999.0, 9999.0, 23.55, 9999.0, 22.25, 9999.0, 22.75, 22.48, 22.23, 22.27, 22.25
2026-09-08, 12:22:59, 22.27, 22.45, 22.75, 22.75, 9999.0, 9999.0, 9999.0, 23.55, 9999.0, 22.25, 9999.0, 22.75, 22.48, 22.2, 22.3, 22.25
2026-09-08, 12:23:03, 22.27, 22.45, 22.75, 22.75, 9999.0, 9999.0, 9999.0, 23.59, 9999.0, 22.27, 9999.0, 22.73, 22.48, 22.23, 22.3, 22.25
2026-09-08, 12:23:07, 22.27, 22.45, 22.75, 22.75, 9999.0, 9999.0, 9999.0, 23.61, 9999.0, 22.3, 9999.0, 22.7, 22.5, 22.23, 22.27, 22.25
2026-09-08, 12:23:11, 22.27, 22.48, 22.75, 22.75, 9999.0, 9999.0, 9999.0, 23.64, 9999.0, 22.32, 9999.0, 22.68, 22.5, 22.23, 22.27, 22.25
2026-09-08, 12:23:15, 22.27, 22.45, 22.75, 22.75, 9999.0, 9999.0, 9999.0, 23.66, 9999.0, 22.32, 9999.0, 22.66, 22.5, 22.23, 22.27, 22.25
2026-09-08, 12:23:19, 22.27, 22.45, 22.75, 22.75, 9999.0, 9999.0, 9999.0, 23.68, 9999.0, 22.3, 9999.0, 22.64, 22.5, 22.23, 22.27, 22.25
2026-09-08, 12:23:23, 22.27, 22.45, 22.75, 22.75, 9999.0, 9999.0, 9999.0, 23.73, 9999.0, 22.3, 9999.0, 22.61, 22.5, 22.23, 22.27, 22.25
2026-09-08, 12:23:27, 22.25, 22.43, 22.75, 22.75, 9999.0, 9999.0, 9999.0, 23.77, 9999.0, 22.27, 9999.0, 22.59, 22.5, 22.23, 22.27, 22.25
2026-09-08, 12:23:31, 22.25, 22.43, 22.75, 22.75, 9999.0, 9999.0, 9999.0, 23.82, 9999.0, 22.23, 9999.0, 22.59, 22.48, 22.23, 22.27, 22.25
2026-09-08, 12:23:36, 22.25, 22.43, 22.75, 22.75, 9999.0, 9999.0, 9999.0, 23.8, 9999.0, 22.18, 9999.0, 22.59, 22.48, 22.23, 22.27, 22.25
2026-09-08, 12:23:40, 22.25, 22.43, 22.75, 22.75, 9999.0, 9999.0, 9999.0, 23.75, 9999.0, 22.16, 9999.0, 22.59, 22.48, 22.23, 22.27, 22.25
2026-09-08, 12:23:44, 22.25, 22.43, 22.75, 22.75, 9999.0, 9999.0, 9999.0, 23.73, 9999.0, 22.14, 9999.0, 22.59, 22.48, 22.25, 22.25, 22.25
2026-09-08, 12:23:48, 22.25, 22.41, 22.75, 22.75, 9999.0, 9999.0, 9999.0, 23.68, 9999.0, 22.11, 9999.0, 22.61, 22.48, 22.25, 22.25, 22.25
2026-09-08, 12:23:52, 22.25, 22.41, 22.75, 22.75, 9999.0, 9999.0, 9999.0, 23.66, 9999.0, 22.14, 9999.0, 22.64, 22.48, 22.25, 22.25, 22.25
2026-09-08, 12:23:56, 22.25, 22.41, 22.75, 22.75, 9999.0, 9999.0, 9999.0, 23.61, 9999.0, 22.14, 9999.0, 22.66, 22.45, 22.25, 22.25, 22.25
2026-09-08, 12:24:00, 22.25, 22.43, 22.75, 22.75, 9999.0, 9999.0, 9999.0, 23.57, 9999.0, 22.16, 9999.0, 22.68, 22.45, 22.25, 22.25, 22.25
2026-09-08, 12:24:04, 22.25, 22.43, 22.75, 22.75, 9999.0, 9999.0, 9999.0, 23.52, 9999.0, 22.2, 9999.0, 22.7, 22.45, 22.25, 22.25, 22.25
2026-09-08, 12:24:08, 22.27, 22.43, 22.75, 22.75, 9999.0, 9999.0, 9999.0, 23.48, 9999.0, 22.23, 9999.0, 22.73, 22.45, 22.25, 22.25, 22.25
2026-09-08, 12:24:12, 22.27, 22.45, 22.75, 22.75, 9999.0, 9999.0, 9999.0, 23.52, 9999.0, 22.25, 9999.0, 22.75, 22.45, 22.25, 22.25, 22.25
2026-09-08, 12:24:16, 22.27, 22.45, 22.75, 22.75, 9999.0, 9999.0, 9999.0, 23.55, 9999.0, 22.3, 9999.0, 22.75, 22.48, 22.25, 22.25, 22.27
2026-09-08, 12:24:20, 22.27, 22.45, 22.75, 22.75, 9999.0, 9999.0, 9999.0, 23.57, 9999.0, 22.32, 9999.0, 22.73, 22.48, 22.25, 22.25, 22.27
2026-09-08, 12:24:24, 22.27, 22.45, 22.75, 22.75, 9999.0, 9999.0, 9999.0, 23.61, 9999.0, 22.34, 9999.0, 22.7, 22.48, 22.25, 22.25, 22.27
2026-09-08, 12:24:28, 22.27, 22.45, 22.75, 22.75, 9999.0, 9999.0, 9999.0, 23.66, 9999.0, 22.36, 9999.0, 22.7, 22.45, 22.25, 22.25, 22.27
2026-09-08, 12:24:32, 22.27, 22.48, 22.75, 22.75, 9999.0, 9999.0, 9999.0, 23.68, 9999.0, 22.39, 9999.0, 22.68, 22.45, 22.25, 22.25, 22.27
2026-09-08, 12:24:36, 22.27, 22.48, 22.75, 22.75, 9999.0, 9999.0, 9999.0, 23.7, 9999.0, 22.36, 9999.0, 22.66, 22.45, 22.25, 22.25, 22.27
2026-09-08, 12:24:40, 22.27, 22.48, 22.75, 22.75, 9999.0, 9999.0, 9999.0, 23.75, 9999.0, 22.39, 9999.0, 22.64, 22.48, 22.25, 22.25, 22.27
2026-09-08, 12:24:44, 22.27, 22.45, 22.75, 22.75, 9999.0, 9999.0, 9999.0, 23.8, 9999.0, 22.36, 9999.0, 22.61, 22.48, 22.25, 22.25, 22.3
2026-09-08, 12:24:48, 22.27, 22.45, 22.75, 22.75, 9999.0, 9999.0, 9999.0, 23.84, 9999.0, 22.34, 9999.0, 22.61, 22.48, 22.25, 22.27, 22.3
2026-09-08, 12:24:52, 22.25, 22.45, 22.75, 22.75, 9999.0, 9999.0, 9999.0, 23.89, 9999.0, 22.32, 9999.0, 22.61, 22.48, 22.25, 22.27, 22.3
2026-09-08, 12:24:56, 22.25, 22.45, 22.75, 22.75, 9999.0, 9999.0, 9999.0, 23.82, 9999.0, 22.3, 9999.0, 22.61, 22.45, 22.25, 22.27, 22.3
2026-09-08, 12:25:00, 22.25, 22.45, 22.75, 22.75, 9999.0, 9999.0, 9999.0, 23.77, 9999.0, 22.27, 9999.0, 22.61, 22.45, 22.25, 22.27, 22.27
2026-09-08, 12:25:04, 22.25, 22.48, 22.75, 22.75, 9999.0, 9999.0, 9999.0, 23.73, 9999.0, 22.27, 9999.0, 22.64, 22.45, 22.25, 22.27, 22.27
2026-09-08, 12:25:08, 22.25, 22.48, 22.75, 22.75, 9999.0, 9999.0, 9999.0, 23.68, 9999.0, 22.3, 9999.0, 22.66, 22.45, 22.25, 22.27, 22.27
2026-09-08, 12:25:12, 22.25, 22.48, 22.75, 22.75, 9999.0, 9999.0, 9999.0, 23.64, 9999.0, 22.32, 9999.0, 22.66, 22.48, 22.25, 22.27, 22.27
2026-09-08, 12:25:16, 22.27, 22.48, 22.75, 22.75, 9999.0, 9999.0, 9999.0, 23.61, 9999.0, 22.34, 9999.0, 22.68, 22.48, 22.25, 22.27, 22.27
2026-09-08, 12:25:20, 22.27, 22.48, 22.75, 22.75, 9999.0, 9999.0, 9999.0, 23.57, 9999.0, 22.39, 9999.0, 22.7, 22.48, 22.25, 22.27, 22.27
2026-09-08, 12:25:24, 22.27, 22.48, 22.75, 22.75, 9999.0, 9999.0, 9999.0, 23.52, 9999.0, 22.39, 9999.0, 22.73, 22.48, 22.25, 22.27, 22.27
2026-09-08, 12:25:28, 22.27, 22.5, 22.75, 22.75, 9999.0, 9999.0, 9999.0, 23.55, 9999.0, 22.41, 9999.0, 22.75, 22.48, 22.25, 22.27, 22.25
2026-09-08, 12:25:32, 22.27, 22.5, 22.75, 22.75, 9999.0, 9999.0, 9999.0, 23.59, 9999.0, 22.43, 9999.0, 22.75, 22.48, 22.25, 22.25, 22.25
2026-09-08, 12:25:36, 22.27, 22.5, 22.75, 22.75, 9999.0, 9999.0, 9999.0, 23.61, 9999.0, 22.45, 9999.0, 22.75, 22.48, 22.25, 22.25, 22.25
2026-09-08, 12:25:40, 22.27, 22.48, 22.75, 22.75, 9999.0, 9999.0, 9999.0, 23.66, 9999.0, 22.48, 9999.0, 22.73, 22.5, 22.25, 22.25, 22.25
2026-09-08, 12:25:44, 22.27, 22.48, 22.75, 22.75, 9999.0, 9999.0, 9999.0, 23.7, 9999.0, 22.5, 9999.0, 22.7, 22.5, 22.25, 22.25, 22.25
2026-09-08, 12:25:48, 22.27, 22.45, 22.75, 22.75, 9999.0, 9999.0, 9999.0, 23.73, 9999.0, 22.52, 9999.0, 22.7, 22.5, 22.25, 22.25, 22.25
2026-09-08, 12:25:52, 22.27, 22.45, 22.75, 22.75, 9999.0, 9999.0, 9999.0, 23.75, 9999.0, 22.5, 9999.0, 22.68, 22.5, 22.25, 22.25, 22.25
2026-09-08, 12:25:56, 22.27, 22.45, 22.75, 22.75, 9999.0, 9999.0, 9999.0, 23.77, 9999.0, 22.48, 9999.0, 22.66, 22.5, 22.25, 22.25, 22.25
2026-09-08, 12:26:00, 22.25, 22.45, 22.75, 22.75, 9999.0, 9999.0, 9999.0, 23.8, 9999.0, 22.48, 9999.0, 22.64, 22.5, 22.25, 22.25, 22.25
2026-09-08, 12:26:04, 22.25, 22.45, 22.75, 22.75, 9999.0, 9999.0, 9999.0, 23.84, 9999.0, 22.43, 9999.0, 22.61, 22.5, 22.25, 22.25, 22.25
2026-09-08, 12:26:08, 22.25, 22.45, 22.75, 22.75, 9999.0, 9999.0, 9999.0, 23.89, 9999.0, 22.41, 9999.0, 22.61, 22.48, 22.25, 22.25, 22.25
2026-09-08, 12:26:12, 22.25, 22.45, 22.75, 22.75, 9999.0, 9999.0, 9999.0, 23.86, 9999.0, 22.39, 9999.0, 22.61, 22.48, 22.25, 22.25, 22.25
2026-09-08, 12:26:16, 22.25, 22.45, 22.75, 22.75, 9999.0, 9999.0, 9999.0, 23.82, 9999.0, 22.36, 9999.0, 22.61, 22.48, 22.25, 22.25, 22.25
2026-09-08, 12:26:20, 22.25, 22.45, 22.75, 22.75, 9999.0, 9999.0, 9999.0, 23.8, 9999.0, 22.34, 9999.0, 22.61, 22.48, 22.25, 22.25, 22.25
2026-09-08, 12:26:24, 22.25, 22.48, 22.75, 22.75, 9999.0, 9999.0, 9999.0, 23.75, 9999.0, 22.32, 9999.0, 22.64, 22.48, 22.25, 22.25, 22.25
2026-09-08, 12:26:28, 22.25, 22.48, 22.75, 22.75, 9999.0, 9999.0, 9999.0, 23.7, 9999.0, 22.32, 9999.0, 22.66, 22.48, 22.25, 22.25, 22.25
2026-09-08, 12:26:32, 22.25, 22.5, 22.75, 22.75, 9999.0, 9999.0, 9999.0, 23.68, 9999.0, 22.32, 9999.0, 22.66, 22.48, 22.25, 22.25, 22.25
2026-09-08, 12:26:36, 22.25, 22.5, 22.75, 22.75, 9999.0, 9999.0, 9999.0, 23.66, 9999.0, 22.34, 9999.0, 22.68, 22.48, 22.25, 22.25, 22.25
2026-09-08, 12:26:40, 22.25, 22.5, 22.75, 22.75, 9999.0, 9999.0, 9999.0, 23.64, 9999.0, 22.36, 9999.0, 22.7, 22.48, 22.25, 22.25, 22.25
2026-09-08, 12:26:44, 22.25, 22.5, 22.75, 22.75, 9999.0, 9999.0, 9999.0, 23.59, 9999.0, 22.36, 9999.0, 22.73, 22.48, 22.25, 22.25, 22.25
2026-09-08, 12:26:48, 22.25, 22.5, 22.75, 22.75, 9999.0, 9999.0, 9999.0, 23.64, 9999.0, 22.39, 9999.0, 22.75, 22.48, 22.25, 22.25, 22.25
2026-09-08, 12:26:52, 22.25, 22.48, 22.75, 22.75, 9999.0, 9999.0, 9999.0, 23.66, 9999.0, 22.41, 9999.0, 22.73, 22.5, 22.25, 22.25, 22.25
2026-09-08, 12:26:56, 22.25, 22.48, 22.75, 22.75, 9999.0, 9999.0, 9999.0, 23.68, 9999.0, 22.43, 9999.0, 22.7, 22.5, 22.25, 22.25, 22.25
2026-09-08, 12:27:00, 22.25, 22.48, 22.75, 22.75, 9999.0, 9999.0, 9999.0, 23.7, 9999.0, 22.43, 9999.0, 22.68, 22.5, 22.25, 22.25, 22.25
2026-09-08, 12:27:04, 22.25, 22.45, 22.75, 22.75, 9999.0, 9999.0, 9999.0, 23.73, 9999.0, 22.45, 9999.0, 22.66, 22.5, 22.25, 22.25, 22.25
2026-09-08, 12:27:08, 22.25, 22.45, 22.75, 22.75, 9999.0, 9999.0, 9999.0, 23.77, 9999.0, 22.48, 9999.0, 22.64, 22.5, 22.25, 22.25, 22.25
2026-09-08, 12:27:12, 22.25, 22.45, 22.75, 22.75, 9999.0, 9999.0, 9999.0, 23.82, 9999.0, 22.48, 9999.0, 22.64, 22.5, 22.25, 22.25, 22.25
2026-09-08, 12:27:16, 22.25, 22.43, 22.75, 22.75, 9999.0, 9999.0, 9999.0, 23.84, 9999.0, 22.45, 9999.0, 22.61, 22.5, 22.25, 22.25, 22.25
2026-09-08, 12:27:20, 22.25, 22.43, 22.75, 22.75, 9999.0, 9999.0, 9999.0, 23.86, 9999.0, 22.45, 9999.0, 22.59, 22.5, 22.25, 22.25, 22.25
2026-09-08, 12:27:25, 22.25, 22.43, 22.75, 22.75, 9999.0, 9999.0, 9999.0, 23.89, 9999.0, 22.43, 9999.0, 22.59, 22.5, 22.25, 22.25, 22.25
2026-09-08, 12:27:29, 22.25, 22.41, 22.75, 22.75, 9999.0, 9999.0, 9999.0, 23.93, 9999.0, 22.41, 9999.0, 22.59, 22.48, 22.25, 22.25, 22.25
2026-09-08, 12:27:33, 22.25, 22.41, 22.75, 22.75, 9999.0, 9999.0, 9999.0, 23.89, 9999.0, 22.39, 9999.0, 22.59, 22.48, 22.25, 22.25, 22.25
2026-09-08, 12:27:37, 22.25, 22.43, 22.75, 22.75, 9999.0, 9999.0, 9999.0, 23.86, 9999.0, 22.36, 9999.0, 22.64, 22.48, 22.25, 22.25, 22.25
2026-09-08, 12:27:41, 22.25, 22.41, 22.75, 22.75, 9999.0, 9999.0, 9999.0, 23.82, 9999.0, 22.34, 9999.0, 22.66, 22.48, 22.25, 22.25, 22.25
2026-09-08, 12:27:45, 22.25, 22.41, 22.75, 22.75, 9999.0, 9999.0, 9999.0, 23.8, 9999.0, 22.34, 9999.0, 22.68, 22.48, 22.25, 22.25, 22.25
2026-09-08, 12:27:49, 22.25, 22.43, 22.75, 22.75, 9999.0, 9999.0, 9999.0, 23.75, 9999.0, 22.34, 9999.0, 22.7, 22.48, 22.25, 22.25, 22.25
2026-09-08, 12:27:53, 22.25, 22.43, 22.75, 22.75, 9999.0, 9999.0, 9999.0, 23.7, 9999.0, 22.34, 9999.0, 22.73, 22.48, 22.25, 22.25, 22.25
2026-09-08, 12:27:57, 22.25, 22.43, 22.75, 22.75, 9999.0, 9999.0, 9999.0, 23.66, 9999.0, 22.36, 9999.0, 22.73, 22.48, 22.25, 22.25, 22.25
2026-09-08, 12:28:01, 22.25, 22.45, 22.75, 22.75, 9999.0, 9999.0, 9999.0, 23.64, 9999.0, 22.41, 9999.0, 22.75, 22.48, 22.25, 22.25, 22.25
2026-09-08, 12:28:05, 22.25, 22.45, 22.75, 22.75, 9999.0, 9999.0, 9999.0, 23.61, 9999.0, 22.41, 9999.0, 22.77, 22.48, 22.25, 22.25, 22.25
2026-09-08, 12:28:09, 22.25, 22.45, 22.75, 22.75, 9999.0, 9999.0, 9999.0, 23.66, 9999.0, 22.43, 9999.0, 22.77, 22.48, 22.25, 22.25, 22.25
2026-09-08, 12:28:13, 22.25, 22.45, 22.75, 22.75, 9999.0, 9999.0, 9999.0, 23.7, 9999.0, 22.45, 9999.0, 22.75, 22.5, 22.25, 22.25, 22.25
2026-09-08, 12:28:17, 22.25, 22.45, 22.75, 22.75, 9999.0, 9999.0, 9999.0, 23.75, 9999.0, 22.48, 9999.0, 22.73, 22.5, 22.25, 22.25, 22.25
2026-09-08, 12:28:21, 22.25, 22.45, 22.75, 22.75, 9999.0, 9999.0, 9999.0, 23.77, 9999.0, 22.5, 9999.0, 22.68, 22.5, 22.25, 22.25, 22.25
2026-09-08, 12:28:25, 22.25, 22.48, 22.75, 22.75, 9999.0, 9999.0, 9999.0, 23.82, 9999.0, 22.52, 9999.0, 22.66, 22.5, 22.23, 22.25, 22.25
2026-09-08, 12:28:29, 22.25, 22.48, 22.75, 22.75, 9999.0, 9999.0, 9999.0, 23.84, 9999.0, 22.55, 9999.0, 22.64, 22.5, 22.23, 22.25, 22.25
2026-09-08, 12:28:33, 22.25, 22.48, 22.75, 22.75, 9999.0, 9999.0, 9999.0, 23.89, 9999.0, 22.52, 9999.0, 22.61, 22.48, 22.23, 22.25, 22.25
2026-09-08, 12:28:37, 22.25, 22.48, 22.75, 22.75, 9999.0, 9999.0, 9999.0, 23.93, 9999.0, 22.52, 9999.0, 22.59, 22.45, 22.23, 22.25, 22.25
2026-09-08, 12:28:41, 22.25, 22.48, 22.75, 22.75, 9999.0, 9999.0, 9999.0, 23.98, 9999.0, 22.5, 9999.0, 22.57, 22.43, 22.23, 22.25, 22.25
2026-09-08, 12:28:45, 22.25, 22.48, 22.75, 22.75, 9999.0, 9999.0, 9999.0, 24.02, 9999.0, 22.48, 9999.0, 22.57, 22.41, 22.23, 22.25, 22.25
2026-09-08, 12:28:49, 22.25, 22.48, 22.75, 22.75, 9999.0, 9999.0, 9999.0, 24.05, 9999.0, 22.48, 9999.0, 22.57, 22.39, 22.23, 22.25, 22.25
2026-09-08, 12:28:53, 22.25, 22.48, 22.75, 22.75, 9999.0, 9999.0, 9999.0, 24.0, 9999.0, 22.45, 9999.0, 22.57, 22.39, 22.23, 22.25, 22.25
2026-09-08, 12:28:57, 22.25, 22.5, 22.75, 22.75, 9999.0, 9999.0, 9999.0, 23.95, 9999.0, 22.43, 9999.0, 22.59, 22.39, 22.23, 22.25, 22.25
2026-09-08, 12:29:01, 22.25, 22.5, 22.75, 22.75, 9999.0, 9999.0, 9999.0, 23.89, 9999.0, 22.43, 9999.0, 22.61, 22.39, 22.23, 22.25, 22.25
2026-09-08, 12:29:05, 22.25, 22.5, 22.75, 22.75, 9999.0, 9999.0, 9999.0, 23.86, 9999.0, 22.43, 9999.0, 22.64, 22.36, 22.23, 22.25, 22.25
2026-09-08, 12:29:09, 22.25, 22.5, 22.75, 22.75, 9999.0, 9999.0, 9999.0, 23.82, 9999.0, 22.43, 9999.0, 22.66, 22.36, 22.25, 22.25, 22.25
2026-09-08, 12:29:13, 22.25, 22.5, 22.75, 22.75, 9999.0, 9999.0, 9999.0, 23.77, 9999.0, 22.43, 9999.0, 22.68, 22.36, 22.25, 22.25, 22.25
2026-09-08, 12:29:17, 22.25, 22.5, 22.75, 22.75, 9999.0, 9999.0, 9999.0, 23.73, 9999.0, 22.48, 9999.0, 22.7, 22.39, 22.25, 22.25, 22.25
2026-09-08, 12:29:21, 22.25, 22.5, 22.75, 22.75, 9999.0, 9999.0, 9999.0, 23.68, 9999.0, 22.5, 9999.0, 22.73, 22.41, 22.25, 22.25, 22.25
2026-09-08, 12:29:25, 22.25, 22.5, 22.75, 22.75, 9999.0, 9999.0, 9999.0, 23.7, 9999.0, 22.52, 9999.0, 22.75, 22.43, 22.25, 22.25, 22.25
2026-09-08, 12:29:29, 22.25, 22.48, 22.75, 22.75, 9999.0, 9999.0, 9999.0, 23.73, 9999.0, 22.55, 9999.0, 22.73, 22.45, 22.25, 22.25, 22.25
2026-09-08, 12:29:33, 22.25, 22.48, 22.75, 22.75, 9999.0, 9999.0, 9999.0, 23.77, 9999.0, 22.55, 9999.0, 22.7, 22.48, 22.25, 22.25, 22.25
2026-09-08, 12:29:37, 22.25, 22.48, 22.75, 22.75, 9999.0, 9999.0, 9999.0, 23.8, 9999.0, 22.57, 9999.0, 22.7, 22.48, 22.25, 22.25, 22.25
2026-09-08, 12:29:41, 22.25, 22.48, 22.75, 22.75, 9999.0, 9999.0, 9999.0, 23.82, 9999.0, 22.59, 9999.0, 22.68, 22.48, 22.25, 22.25, 22.25
2026-09-08, 12:29:45, 22.25, 22.48, 22.75, 22.75, 9999.0, 9999.0, 9999.0, 23.86, 9999.0, 22.59, 9999.0, 22.66, 22.48, 22.25, 22.25, 22.25
2026-09-08, 12:29:49, 22.25, 22.48, 22.75, 22.75, 9999.0, 9999.0, 9999.0, 23.89, 9999.0, 22.59, 9999.0, 22.64, 22.5, 22.25, 22.25, 22.25
2026-09-08, 12:29:53, 22.25, 22.48, 22.75, 22.75, 9999.0, 9999.0, 9999.0, 23.93, 9999.0, 22.59, 9999.0, 22.61, 22.5, 22.25, 22.25, 22.25
2026-09-08, 12:29:57, 22.25, 22.48, 22.75, 22.75, 9999.0, 9999.0, 9999.0, 23.98, 9999.0, 22.59, 9999.0, 22.59, 22.5, 22.25, 22.25, 22.25
2026-09-08, 12:30:01, 22.25, 22.48, 22.75, 22.75, 9999.0, 9999.0, 9999.0, 24.0, 9999.0, 22.57, 9999.0, 22.59, 22.48, 22.25, 22.25, 22.25
2026-09-08, 12:30:05, 22.25, 22.48, 22.75, 22.75, 9999.0, 9999.0, 9999.0, 24.05, 9999.0, 22.55, 9999.0, 22.59, 22.45, 22.23, 22.25, 22.25
2026-09-08, 12:30:09, 22.25, 22.48, 22.75, 22.75, 9999.0, 9999.0, 9999.0, 24.0, 9999.0, 22.5, 9999.0, 22.59, 22.43, 22.23, 22.25, 22.25
2026-09-08, 12:30:13, 22.25, 22.48, 22.75, 22.75, 9999.0, 9999.0, 9999.0, 23.95, 9999.0, 22.48, 9999.0, 22.61, 22.43, 22.23, 22.25, 22.25
2026-09-08, 12:30:17, 22.25, 22.48, 22.75, 22.75, 9999.0, 9999.0, 9999.0, 23.91, 9999.0, 22.45, 9999.0, 22.64, 22.43, 22.23, 22.25, 22.25
2026-09-08, 12:30:21, 22.25, 22.48, 22.75, 22.75, 9999.0, 9999.0, 9999.0, 23.89, 9999.0, 22.43, 9999.0, 22.64, 22.43, 22.23, 22.25, 22.25
2026-09-08, 12:30:25, 22.25, 22.45, 22.75, 22.75, 9999.0, 9999.0, 9999.0, 23.84, 9999.0, 22.43, 9999.0, 22.66, 22.43, 22.23, 22.25, 22.25
2026-09-08, 12:30:29, 22.25, 22.45, 22.75, 22.73, 9999.0, 9999.0, 9999.0, 23.8, 9999.0, 22.43, 9999.0, 22.68, 22.43, 22.23, 22.25, 22.25
2026-09-08, 12:30:33, 22.25, 22.45, 22.75, 22.73, 9999.0, 9999.0, 9999.0, 23.75, 9999.0, 22.45, 9999.0, 22.7, 22.43, 22.23, 22.25, 22.25
2026-09-08, 12:30:37, 22.25, 22.45, 22.75, 22.73, 9999.0, 9999.0, 9999.0, 23.7, 9999.0, 22.48, 9999.0, 22.73, 22.43, 22.23, 22.25, 22.25
2026-09-08, 12:30:41, 22.25, 22.45, 22.75, 22.73, 9999.0, 9999.0, 9999.0, 23.66, 9999.0, 22.5, 9999.0, 22.75, 22.43, 22.23, 22.25, 22.25
2026-09-08, 12:30:45, 22.25, 22.45, 22.75, 22.73, 9999.0, 9999.0, 9999.0, 23.7, 9999.0, 22.52, 9999.0, 22.73, 22.45, 22.23, 22.25, 22.25
2026-09-08, 12:30:49, 22.25, 22.45, 22.75, 22.73, 9999.0, 9999.0, 9999.0, 23.73, 9999.0, 22.55, 9999.0, 22.73, 22.45, 22.25, 22.25, 22.25
2026-09-08, 12:30:53, 22.25, 22.45, 22.75, 22.73, 9999.0, 9999.0, 9999.0, 23.77, 9999.0, 22.59, 9999.0, 22.7, 22.48, 22.25, 22.25, 22.25
2026-09-08, 12:30:57, 22.25, 22.48, 22.75, 22.73, 9999.0, 9999.0, 9999.0, 23.8, 9999.0, 22.61, 9999.0, 22.68, 22.48, 22.25, 22.25, 22.25
2026-09-08, 12:31:01, 22.25, 22.45, 22.75, 22.73, 9999.0, 9999.0, 9999.0, 23.82, 9999.0, 22.64, 9999.0, 22.66, 22.48, 22.25, 22.25, 22.25
2026-09-08, 12:31:05, 22.25, 22.45, 22.75, 22.73, 9999.0, 9999.0, 9999.0, 23.84, 9999.0, 22.66, 9999.0, 22.64, 22.48, 22.25, 22.25, 22.25
2026-09-08, 12:31:09, 22.25, 22.45, 22.75, 22.73, 9999.0, 9999.0, 9999.0, 23.89, 9999.0, 22.66, 9999.0, 22.61, 22.48, 22.25, 22.25, 22.25
2026-09-08, 12:31:13, 22.25, 22.45, 22.75, 22.75, 9999.0, 9999.0, 9999.0, 23.91, 9999.0, 22.68, 9999.0, 22.59, 22.48, 22.25, 22.25, 22.25
2026-09-08, 12:31:18, 22.25, 22.45, 22.75, 22.75, 9999.0, 9999.0, 9999.0, 23.95, 9999.0, 22.66, 9999.0, 22.57, 22.45, 22.25, 22.25, 22.25
2026-09-08, 12:31:22, 22.25, 22.45, 22.75, 22.75, 9999.0, 9999.0, 9999.0, 24.0, 9999.0, 22.64, 9999.0, 22.57, 22.43, 22.25, 22.25, 22.25
2026-09-08, 12:31:26, 22.25, 22.45, 22.75, 22.75, 9999.0, 9999.0, 9999.0, 24.05, 9999.0, 22.61, 9999.0, 22.57, 22.43, 22.25, 22.25, 22.25
2026-09-08, 12:31:30, 22.25, 22.45, 22.75, 22.75, 9999.0, 9999.0, 9999.0, 24.0, 9999.0, 22.59, 9999.0, 22.59, 22.41, 22.25, 22.25, 22.25
2026-09-08, 12:31:34, 22.25, 22.45, 22.75, 22.75, 9999.0, 9999.0, 9999.0, 23.95, 9999.0, 22.57, 9999.0, 22.59, 22.41, 22.25, 22.25, 22.25
2026-09-08, 12:31:38, 22.25, 22.45, 22.75, 22.75, 9999.0, 9999.0, 9999.0, 23.91, 9999.0, 22.55, 9999.0, 22.61, 22.41, 22.25, 22.25, 22.25
2026-09-08, 12:31:42, 22.25, 22.45, 22.75, 22.75, 9999.0, 9999.0, 9999.0, 23.89, 9999.0, 22.55, 9999.0, 22.64, 22.41, 22.25, 22.25, 22.25
2026-09-08, 12:31:46, 22.25, 22.48, 22.75, 22.75, 9999.0, 9999.0, 9999.0, 23.86, 9999.0, 22.57, 9999.0, 22.66, 22.41, 22.25, 22.25, 22.25
2026-09-08, 12:31:50, 22.25, 22.48, 22.75, 22.75, 9999.0, 9999.0, 9999.0, 23.84, 9999.0, 22.59, 9999.0, 22.68, 22.41, 22.25, 22.25, 22.25
2026-09-08, 12:31:54, 22.25, 22.5, 22.75, 22.75, 9999.0, 9999.0, 9999.0, 23.8, 9999.0, 22.64, 9999.0, 22.7, 22.41, 22.25, 22.25, 22.25
2026-09-08, 12:31:58, 22.25, 22.5, 22.75, 22.75, 9999.0, 9999.0, 9999.0, 23.8, 9999.0, 22.64, 9999.0, 22.73, 22.41, 22.25, 22.25, 22.25
2026-09-08, 12:32:02, 22.25, 22.48, 22.75, 22.75, 9999.0, 9999.0, 9999.0, 23.82, 9999.0, 22.66, 9999.0, 22.75, 22.43, 22.25, 22.25, 22.25
2026-09-08, 12:32:06, 22.25, 22.45, 22.75, 22.75, 9999.0, 9999.0, 9999.0, 23.84, 9999.0, 22.68, 9999.0, 22.75, 22.45, 22.25, 22.25, 22.25
2026-09-08, 12:32:10, 22.25, 22.43, 22.75, 22.75, 9999.0, 9999.0, 9999.0, 23.86, 9999.0, 22.7, 9999.0, 22.73, 22.45, 22.25, 22.25, 22.25
2026-09-08, 12:32:14, 22.25, 22.43, 22.75, 22.75, 9999.0, 9999.0, 9999.0, 23.91, 9999.0, 22.73, 9999.0, 22.7, 22.48, 22.25, 22.25, 22.25
2026-09-08, 12:32:18, 22.25, 22.41, 22.75, 22.75, 9999.0, 9999.0, 9999.0, 23.93, 9999.0, 22.75, 9999.0, 22.68, 22.5, 22.25, 22.25, 22.25
2026-09-08, 12:32:22, 22.25, 22.41, 22.75, 22.75, 9999.0, 9999.0, 9999.0, 23.95, 9999.0, 22.77, 9999.0, 22.66, 22.5, 22.25, 22.25, 22.25
2026-09-08, 12:32:26, 22.25, 22.41, 22.75, 22.73, 9999.0, 9999.0, 9999.0, 23.98, 9999.0, 22.77, 9999.0, 22.64, 22.48, 22.23, 22.25, 22.25
2026-09-08, 12:32:30, 22.25, 22.41, 22.75, 22.73, 9999.0, 9999.0, 9999.0, 24.0, 9999.0, 22.77, 9999.0, 22.61, 22.48, 22.23, 22.25, 22.25
2026-09-08, 12:32:34, 22.25, 22.41, 22.75, 22.73, 9999.0, 9999.0, 9999.0, 24.02, 9999.0, 22.75, 9999.0, 22.59, 22.45, 22.23, 22.25, 22.25
2026-09-08, 12:32:38, 22.25, 22.39, 22.75, 22.73, 9999.0, 9999.0, 9999.0, 24.05, 9999.0, 22.73, 9999.0, 22.57, 22.45, 22.23, 22.25, 22.25
2026-09-08, 12:32:42, 22.25, 22.39, 22.75, 22.73, 9999.0, 9999.0, 9999.0, 24.07, 9999.0, 22.7, 9999.0, 22.55, 22.43, 22.23, 22.25, 22.25
2026-09-08, 12:32:46, 22.25, 22.41, 22.75, 22.73, 9999.0, 9999.0, 9999.0, 24.02, 9999.0, 22.7, 9999.0, 22.52, 22.41, 22.23, 22.25, 22.25
2026-09-08, 12:32:50, 22.25, 22.43, 22.75, 22.73, 9999.0, 9999.0, 9999.0, 23.98, 9999.0, 22.68, 9999.0, 22.52, 22.41, 22.23, 22.25, 22.25
2026-09-08, 12:32:54, 22.25, 22.45, 22.75, 22.73, 9999.0, 9999.0, 9999.0, 23.93, 9999.0, 22.66, 9999.0, 22.55, 22.41, 22.23, 22.25, 22.25
2026-09-08, 12:32:58, 22.25, 22.45, 22.75, 22.7, 9999.0, 9999.0, 9999.0, 23.89, 9999.0, 22.64, 9999.0, 22.57, 22.41, 22.23, 22.25, 22.25
2026-09-08, 12:33:02, 22.25, 22.48, 22.75, 22.7, 9999.0, 9999.0, 9999.0, 23.86, 9999.0, 22.64, 9999.0, 22.59, 22.39, 22.23, 22.25, 22.25
2026-09-08, 12:33:06, 22.25, 22.48, 22.75, 22.7, 9999.0, 9999.0, 9999.0, 23.84, 9999.0, 22.64, 9999.0, 22.61, 22.39, 22.23, 22.25, 22.25
2026-09-08, 12:33:10, 22.25, 22.45, 22.75, 22.73, 9999.0, 9999.0, 9999.0, 23.8, 9999.0, 22.64, 9999.0, 22.64, 22.41, 22.25, 22.25, 22.25
2026-09-08, 12:33:14, 22.25, 22.45, 22.75, 22.73, 9999.0, 9999.0, 9999.0, 23.75, 9999.0, 22.66, 9999.0, 22.66, 22.41, 22.25, 22.25, 22.25
2026-09-08, 12:33:18, 22.25, 22.45, 22.75, 22.7, 9999.0, 9999.0, 9999.0, 23.73, 9999.0, 22.68, 9999.0, 22.68, 22.43, 22.25, 22.25, 22.25
2026-09-08, 12:33:22, 22.25, 22.45, 22.75, 22.7, 9999.0, 9999.0, 9999.0, 23.77, 9999.0, 22.68, 9999.0, 22.7, 22.43, 22.25, 22.25, 22.25
2026-09-08, 12:33:26, 22.25, 22.45, 22.75, 22.7, 9999.0, 9999.0, 9999.0, 23.82, 9999.0, 22.7, 9999.0, 22.7, 22.45, 22.25, 22.25, 22.25
2026-09-08, 12:33:30, 22.25, 22.45, 22.75, 22.7, 9999.0, 9999.0, 9999.0, 23.86, 9999.0, 22.7, 9999.0, 22.7, 22.48, 22.25, 22.25, 22.25
2026-09-08, 12:33:34, 22.25, 22.45, 22.75, 22.7, 9999.0, 9999.0, 9999.0, 23.91, 9999.0, 22.73, 9999.0, 22.68, 22.48, 22.25, 22.25, 22.25
2026-09-08, 12:33:38, 22.25, 22.45, 22.75, 22.7, 9999.0, 9999.0, 9999.0, 23.95, 9999.0, 22.75, 9999.0, 22.66, 22.45, 22.25, 22.25, 22.25
2026-09-08, 12:33:42, 22.25, 22.45, 22.75, 22.73, 9999.0, 9999.0, 9999.0, 24.0, 9999.0, 22.77, 9999.0, 22.64, 22.45, 22.25, 22.25, 22.25
2026-09-08, 12:33:46, 22.25, 22.45, 22.75, 22.73, 9999.0, 9999.0, 9999.0, 24.02, 9999.0, 22.77, 9999.0, 22.61, 22.45, 22.25, 22.25, 22.25
2026-09-08, 12:33:50, 22.25, 22.43, 22.75, 22.73, 9999.0, 9999.0, 9999.0, 24.05, 9999.0, 22.77, 9999.0, 22.59, 22.45, 22.25, 22.25, 22.25
2026-09-08, 12:33:54, 22.25, 22.45, 22.75, 22.73, 9999.0, 9999.0, 9999.0, 24.09, 9999.0, 22.77, 9999.0, 22.57, 22.45, 22.23, 22.25, 22.25
2026-09-08, 12:33:58, 22.25, 22.43, 22.75, 22.73, 9999.0, 9999.0, 9999.0, 24.14, 9999.0, 22.75, 9999.0, 22.55, 22.45, 22.23, 22.25, 22.25
2026-09-08, 12:34:02, 22.25, 22.43, 22.75, 22.75, 9999.0, 9999.0, 9999.0, 24.16, 9999.0, 22.75, 9999.0, 22.55, 22.45, 22.23, 22.25, 22.25
2026-09-08, 12:34:06, 22.25, 22.45, 22.75, 22.73, 9999.0, 9999.0, 9999.0, 24.14, 9999.0, 22.73, 9999.0, 22.55, 22.43, 22.23, 22.25, 22.25
2026-09-08, 12:34:10, 22.25, 22.43, 22.75, 22.73, 9999.0, 9999.0, 9999.0, 24.07, 9999.0, 22.73, 9999.0, 22.57, 22.43, 22.23, 22.27, 22.25
2026-09-08, 12:34:14, 22.25, 22.41, 22.75, 22.73, 9999.0, 9999.0, 9999.0, 24.02, 9999.0, 22.7, 9999.0, 22.59, 22.43, 22.23, 22.27, 22.25
2026-09-08, 12:34:18, 22.25, 22.39, 22.75, 22.73, 9999.0, 9999.0, 9999.0, 23.98, 9999.0, 22.7, 9999.0, 22.61, 22.43, 22.23, 22.27, 22.25
2026-09-08, 12:34:22, 22.25, 22.39, 22.75, 22.73, 9999.0, 9999.0, 9999.0, 23.93, 9999.0, 22.7, 9999.0, 22.64, 22.45, 22.23, 22.27, 22.25
2026-09-08, 12:34:26, 22.25, 22.39, 22.75, 22.73, 9999.0, 9999.0, 9999.0, 23.89, 9999.0, 22.7, 9999.0, 22.66, 22.45, 22.23, 22.27, 22.25
2026-09-08, 12:34:30, 22.25, 22.39, 22.75, 22.73, 9999.0, 9999.0, 9999.0, 23.86, 9999.0, 22.7, 9999.0, 22.68, 22.45, 22.23, 22.27, 22.25
2026-09-08, 12:34:34, 22.25, 22.41, 22.73, 22.73, 9999.0, 9999.0, 9999.0, 23.82, 9999.0, 22.7, 9999.0, 22.7, 22.45, 22.23, 22.27, 22.25
2026-09-08, 12:34:38, 22.25, 22.39, 22.73, 22.7, 9999.0, 9999.0, 9999.0, 23.8, 9999.0, 22.7, 9999.0, 22.73, 22.43, 22.25, 22.27, 22.25
2026-09-08, 12:34:42, 22.25, 22.41, 22.73, 22.7, 9999.0, 9999.0, 9999.0, 23.82, 9999.0, 22.7, 9999.0, 22.75, 22.43, 22.25, 22.27, 22.25
2026-09-08, 12:34:46, 22.25, 22.39, 22.73, 22.68, 9999.0, 9999.0, 9999.0, 23.84, 9999.0, 22.7, 9999.0, 22.75, 22.41, 22.25, 22.27, 22.25
2026-09-08, 12:34:50, 22.25, 22.36, 22.73, 22.7, 9999.0, 9999.0, 9999.0, 23.86, 9999.0, 22.73, 9999.0, 22.73, 22.43, 22.25, 22.27, 22.25
2026-09-08, 12:34:54, 22.25, 22.39, 22.73, 22.68, 9999.0, 9999.0, 9999.0, 23.91, 9999.0, 22.7, 9999.0, 22.7, 22.43, 22.25, 22.25, 22.25
2026-09-08, 12:34:58, 22.25, 22.39, 22.73, 22.66, 9999.0, 9999.0, 9999.0, 23.93, 9999.0, 22.73, 9999.0, 22.68, 22.43, 22.25, 22.25, 22.23
2026-09-08, 12:35:02, 22.25, 22.41, 22.73, 22.66, 9999.0, 9999.0, 9999.0, 23.98, 9999.0, 22.7, 9999.0, 22.66, 22.43, 22.25, 22.25, 22.23
2026-09-08, 12:35:07, 22.25, 22.41, 22.73, 22.66, 9999.0, 9999.0, 9999.0, 24.0, 9999.0, 22.68, 9999.0, 22.64, 22.43, 22.25, 22.25, 22.2
2026-09-08, 12:35:11, 22.25, 22.41, 22.73, 22.66, 9999.0, 9999.0, 9999.0, 24.02, 9999.0, 22.66, 9999.0, 22.61, 22.43, 22.23, 22.25, 22.2
2026-09-08, 12:35:15, 22.25, 22.41, 22.7, 22.64, 9999.0, 9999.0, 9999.0, 24.05, 9999.0, 22.64, 9999.0, 22.59, 22.45, 22.23, 22.25, 22.2
2026-09-08, 12:35:19, 22.25, 22.41, 22.73, 22.64, 9999.0, 9999.0, 9999.0, 24.09, 9999.0, 22.61, 9999.0, 22.59, 22.43, 22.23, 22.25, 22.2
2026-09-08, 12:35:23, 22.25, 22.43, 22.73, 22.66, 9999.0, 9999.0, 9999.0, 24.11, 9999.0, 22.59, 9999.0, 22.57, 22.45, 22.23, 22.25, 22.2
2026-09-08, 12:35:27, 22.25, 22.43, 22.73, 22.66, 9999.0, 9999.0, 9999.0, 24.07, 9999.0, 22.57, 9999.0, 22.55, 22.45, 22.23, 22.25, 22.2
2026-09-08, 12:35:31, 22.25, 22.45, 22.73, 22.68, 9999.0, 9999.0, 9999.0, 24.02, 9999.0, 22.55, 9999.0, 22.55, 22.48, 22.23, 22.25, 22.2
2026-09-08, 12:35:35, 22.25, 22.48, 22.7, 22.68, 9999.0, 9999.0, 9999.0, 23.98, 9999.0, 22.5, 9999.0, 22.57, 22.48, 22.23, 22.25, 22.2
2026-09-08, 12:35:39, 22.25, 22.45, 22.7, 22.7, 9999.0, 9999.0, 9999.0, 23.93, 9999.0, 22.52, 9999.0, 22.59, 22.45, 22.23, 22.25, 22.2
2026-09-08, 12:35:43, 22.25, 22.48, 22.7, 22.73, 9999.0, 9999.0, 9999.0, 23.91, 9999.0, 22.52, 9999.0, 22.61, 22.43, 22.23, 22.25, 22.23
2026-09-08, 12:35:47, 22.25, 22.48, 22.7, 22.73, 9999.0, 9999.0, 9999.0, 23.84, 9999.0, 22.55, 9999.0, 22.61, 22.41, 22.23, 22.25, 22.2
2026-09-08, 12:35:51, 22.25, 22.48, 22.7, 22.7, 9999.0, 9999.0, 9999.0, 23.82, 9999.0, 22.57, 9999.0, 22.64, 22.41, 22.2, 22.25, 22.23
2026-09-08, 12:35:55, 22.25, 22.45, 22.7, 22.68, 9999.0, 9999.0, 9999.0, 23.77, 9999.0, 22.59, 9999.0, 22.66, 22.41, 22.23, 22.25, 22.23
2026-09-08, 12:35:59, 22.25, 22.45, 22.73, 22.68, 9999.0, 9999.0, 9999.0, 23.73, 9999.0, 22.61, 9999.0, 22.68, 22.41, 22.23, 22.25, 22.23
2026-09-08, 12:36:03, 22.25, 22.45, 22.73, 22.68, 9999.0, 9999.0, 9999.0, 23.75, 9999.0, 22.64, 9999.0, 22.66, 22.43, 22.23, 22.25, 22.23
2026-09-08, 12:36:07, 22.25, 22.45, 22.73, 22.68, 9999.0, 9999.0, 9999.0, 23.77, 9999.0, 22.64, 9999.0, 22.66, 22.43, 22.23, 22.25, 22.23
2026-09-08, 12:36:11, 22.25, 22.45, 22.73, 22.68, 9999.0, 9999.0, 9999.0, 23.82, 9999.0, 22.66, 9999.0, 22.68, 22.41, 22.23, 22.25, 22.23
2026-09-08, 12:36:15, 22.25, 22.45, 22.73, 22.68, 9999.0, 9999.0, 9999.0, 23.86, 9999.0, 22.66, 9999.0, 22.66, 22.41, 22.23, 22.25, 22.23
2026-09-08, 12:36:19, 22.25, 22.45, 22.73, 22.68, 9999.0, 9999.0, 9999.0, 23.89, 9999.0, 22.68, 9999.0, 22.64, 22.39, 22.23, 22.25, 22.23
2026-09-08, 12:36:23, 22.25, 22.48, 22.73, 22.68, 9999.0, 9999.0, 9999.0, 23.91, 9999.0, 22.66, 9999.0, 22.61, 22.41, 22.23, 22.25, 22.23
2026-09-08, 12:36:27, 22.25, 22.48, 22.73, 22.68, 9999.0, 9999.0, 9999.0, 23.93, 9999.0, 22.64, 9999.0, 22.59, 22.43, 22.23, 22.25, 22.23
2026-09-08, 12:36:31, 22.25, 22.48, 22.73, 22.68, 9999.0, 9999.0, 9999.0, 23.98, 9999.0, 22.61, 9999.0, 22.59, 22.43, 22.23, 22.25, 22.25
2026-09-08, 12:36:35, 22.25, 22.48, 22.7, 22.7, 9999.0, 9999.0, 9999.0, 24.0, 9999.0, 22.59, 9999.0, 22.57, 22.43, 22.25, 22.25, 22.25
2026-09-08, 12:36:39, 22.25, 22.5, 22.7, 22.7, 9999.0, 9999.0, 9999.0, 24.05, 9999.0, 22.57, 9999.0, 22.57, 22.43, 22.25, 22.25, 22.23
2026-09-08, 12:36:43, 22.25, 22.5, 22.7, 22.73, 9999.0, 9999.0, 9999.0, 24.09, 9999.0, 22.52, 9999.0, 22.57, 22.41, 22.25, 22.25, 22.23
2026-09-08, 12:36:47, 22.25, 22.5, 22.7, 22.73, 9999.0, 9999.0, 9999.0, 24.07, 9999.0, 22.5, 9999.0, 22.59, 22.41, 22.25, 22.25, 22.23
2026-09-08, 12:36:51, 22.27, 22.5, 22.7, 22.73, 9999.0, 9999.0, 9999.0, 24.02, 9999.0, 22.5, 9999.0, 22.61, 22.39, 22.23, 22.25, 22.23
2026-09-08, 12:36:55, 22.27, 22.5, 22.68, 22.73, 9999.0, 9999.0, 9999.0, 23.98, 9999.0, 22.48, 9999.0, 22.61, 22.41, 22.23, 22.25, 22.23
2026-09-08, 12:36:59, 22.27, 22.5, 22.68, 22.73, 9999.0, 9999.0, 9999.0, 23.93, 9999.0, 22.48, 9999.0, 22.64, 22.41, 22.23, 22.25, 22.23
2026-09-08, 12:37:03, 22.27, 22.5, 22.7, 22.73, 9999.0, 9999.0, 9999.0, 23.91, 9999.0, 22.48, 9999.0, 22.66, 22.43, 22.23, 22.25, 22.2
2026-09-08, 12:37:07, 22.27, 22.5, 22.7, 22.73, 9999.0, 9999.0, 9999.0, 23.86, 9999.0, 22.48, 9999.0, 22.68, 22.43, 22.23, 22.25, 22.2
2026-09-08, 12:37:11, 22.27, 22.5, 22.7, 22.7, 9999.0, 9999.0, 9999.0, 23.82, 9999.0, 22.5, 9999.0, 22.7, 22.43, 22.23, 22.25, 22.2
2026-09-08, 12:37:15, 22.27, 22.5, 22.7, 22.7, 9999.0, 9999.0, 9999.0, 23.77, 9999.0, 22.52, 9999.0, 22.73, 22.45, 22.23, 22.25, 22.2
2026-09-08, 12:37:19, 22.27, 22.5, 22.73, 22.7, 9999.0, 9999.0, 9999.0, 23.73, 9999.0, 22.55, 9999.0, 22.75, 22.45, 22.23, 22.25, 22.2
2026-09-08, 12:37:23, 22.27, 22.48, 22.73, 22.73, 9999.0, 9999.0, 9999.0, 23.75, 9999.0, 22.57, 9999.0, 22.73, 22.45, 22.23, 22.25, 22.23
2026-09-08, 12:37:27, 22.27, 22.48, 22.73, 22.73, 9999.0, 9999.0, 9999.0, 23.77, 9999.0, 22.59, 9999.0, 22.7, 22.48, 22.23, 22.25, 22.23
2026-09-08, 12:37:31, 22.27, 22.48, 22.73, 22.73, 9999.0, 9999.0, 9999.0, 23.8, 9999.0, 22.59, 9999.0, 22.68, 22.48, 22.23, 22.25, 22.23
2026-09-08, 12:37:35, 22.25, 22.48, 22.73, 22.73, 9999.0, 9999.0, 9999.0, 23.84, 9999.0, 22.59, 9999.0, 22.66, 22.48, 22.25, 22.25, 22.23
2026-09-08, 12:37:39, 22.25, 22.45, 22.75, 22.73, 9999.0, 9999.0, 9999.0, 23.86, 9999.0, 22.59, 9999.0, 22.64, 22.48, 22.25, 22.25, 22.23
2026-09-08, 12:37:43, 22.25, 22.45, 22.75, 22.73, 9999.0, 9999.0, 9999.0, 23.89, 9999.0, 22.59, 9999.0, 22.61, 22.48, 22.25, 22.25, 22.23
2026-09-08, 12:37:47, 22.25, 22.43, 22.75, 22.73, 9999.0, 9999.0, 9999.0, 23.91, 9999.0, 22.57, 9999.0, 22.59, 22.48, 22.25, 22.25, 22.25
2026-09-08, 12:37:51, 22.25, 22.43, 22.75, 22.73, 9999.0, 9999.0, 9999.0, 23.95, 9999.0, 22.55, 9999.0, 22.57, 22.48, 22.25, 22.25, 22.25
2026-09-08, 12:37:55, 22.25, 22.43, 22.73, 22.73, 9999.0, 9999.0, 9999.0, 24.0, 9999.0, 22.5, 9999.0, 22.55, 22.45, 22.25, 22.25, 22.25
2026-09-08, 12:37:59, 22.25, 22.43, 22.7, 22.7, 9999.0, 9999.0, 9999.0, 24.05, 9999.0, 22.45, 9999.0, 22.55, 22.45, 22.23, 22.25, 22.25
2026-09-08, 12:38:03, 22.25, 22.43, 22.68, 22.7, 9999.0, 9999.0, 9999.0, 24.09, 9999.0, 22.41, 9999.0, 22.52, 22.43, 22.23, 22.25, 22.25
2026-09-08, 12:38:07, 22.25, 22.45, 22.68, 22.7, 9999.0, 9999.0, 9999.0, 24.05, 9999.0, 22.36, 9999.0, 22.55, 22.43, 22.23, 22.25, 22.25
2026-09-08, 12:38:11, 22.25, 22.45, 22.66, 22.7, 9999.0, 9999.0, 9999.0, 24.0, 9999.0, 22.34, 9999.0, 22.57, 22.43, 22.23, 22.25, 22.25
2026-09-08, 12:38:15, 22.25, 22.45, 22.66, 22.7, 9999.0, 9999.0, 9999.0, 23.95, 9999.0, 22.32, 9999.0, 22.59, 22.43, 22.23, 22.25, 22.25
2026-09-08, 12:38:19, 22.25, 22.45, 22.66, 22.7, 9999.0, 9999.0, 9999.0, 23.91, 9999.0, 22.32, 9999.0, 22.61, 22.43, 22.23, 22.25, 22.25
2026-09-08, 12:38:23, 22.25, 22.48, 22.66, 22.7, 9999.0, 9999.0, 9999.0, 23.86, 9999.0, 22.32, 9999.0, 22.64, 22.43, 22.23, 22.25, 22.25
2026-09-08, 12:38:27, 22.25, 22.48, 22.66, 22.68, 9999.0, 9999.0, 9999.0, 23.82, 9999.0, 22.32, 9999.0, 22.66, 22.43, 22.23, 22.25, 22.25
2026-09-08, 12:38:31, 22.25, 22.5, 22.66, 22.68, 9999.0, 9999.0, 9999.0, 23.77, 9999.0, 22.34, 9999.0, 22.68, 22.43, 22.23, 22.25, 22.25
2026-09-08, 12:38:35, 22.25, 22.5, 22.66, 22.68, 9999.0, 9999.0, 9999.0, 23.73, 9999.0, 22.36, 9999.0, 22.68, 22.43, 22.23, 22.25, 22.25
2026-09-08, 12:38:39, 22.25, 22.5, 22.68, 22.7, 9999.0, 9999.0, 9999.0, 23.75, 9999.0, 22.39, 9999.0, 22.68, 22.45, 22.23, 22.25, 22.25
2026-09-08, 12:38:43, 22.25, 22.5, 22.7, 22.73, 9999.0, 9999.0, 9999.0, 23.77, 9999.0, 22.41, 9999.0, 22.66, 22.45, 22.25, 22.25, 22.25
2026-09-08, 12:38:47, 22.25, 22.5, 22.73, 22.73, 9999.0, 9999.0, 9999.0, 23.8, 9999.0, 22.41, 9999.0, 22.66, 22.48, 22.25, 22.25, 22.25
2026-09-08, 12:38:51, 22.25, 22.5, 22.73, 22.73, 9999.0, 9999.0, 9999.0, 23.82, 9999.0, 22.41, 9999.0, 22.64, 22.48, 22.25, 22.25, 22.23
2026-09-08, 12:38:55, 22.25, 22.48, 22.75, 22.7, 9999.0, 9999.0, 9999.0, 23.84, 9999.0, 22.41, 9999.0, 22.64, 22.45, 22.25, 22.25, 22.23
2026-09-08, 12:38:59, 22.25, 22.48, 22.75, 22.68, 9999.0, 9999.0, 9999.0, 23.86, 9999.0, 22.41, 9999.0, 22.61, 22.43, 22.25, 22.25, 22.23
2026-09-08, 12:39:04, 22.25, 22.45, 22.75, 22.66, 9999.0, 9999.0, 9999.0, 23.89, 9999.0, 22.36, 9999.0, 22.59, 22.45, 22.25, 22.25, 22.23
2026-09-08, 12:39:08, 22.25, 22.45, 22.75, 22.66, 9999.0, 9999.0, 9999.0, 23.91, 9999.0, 22.32, 9999.0, 22.57, 22.45, 22.25, 22.25, 22.23
2026-09-08, 12:39:12, 22.25, 22.43, 22.75, 22.68, 9999.0, 9999.0, 9999.0, 23.95, 9999.0, 22.3, 9999.0, 22.55, 22.45, 22.25, 22.25, 22.23
2026-09-08, 12:39:16, 22.25, 22.43, 22.75, 22.68, 9999.0, 9999.0, 9999.0, 23.98, 9999.0, 22.25, 9999.0, 22.52, 22.43, 22.25, 22.25, 22.23
2026-09-08, 12:39:20, 22.25, 22.43, 22.75, 22.68, 9999.0, 9999.0, 9999.0, 24.0, 9999.0, 22.2, 9999.0, 22.55, 22.43, 22.25, 22.25, 22.23
2026-09-08, 12:39:24, 22.25, 22.43, 22.75, 22.66, 9999.0, 9999.0, 9999.0, 23.95, 9999.0, 22.16, 9999.0, 22.57, 22.43, 22.25, 22.25, 22.23
2026-09-08, 12:39:28, 22.25, 22.41, 22.75, 22.66, 9999.0, 9999.0, 9999.0, 23.91, 9999.0, 22.11, 9999.0, 22.59, 22.43, 22.25, 22.25, 22.23
2026-09-08, 12:39:32, 22.25, 22.41, 22.75, 22.66, 9999.0, 9999.0, 9999.0, 23.86, 9999.0, 22.09, 9999.0, 22.61, 22.41, 22.25, 22.25, 22.23
2026-09-08, 12:39:36, 22.25, 22.41, 22.75, 22.66, 9999.0, 9999.0, 9999.0, 23.82, 9999.0, 22.07, 9999.0, 22.64, 22.41, 22.25, 22.25, 22.23
2026-09-08, 12:39:40, 22.25, 22.43, 22.75, 22.68, 9999.0, 9999.0, 9999.0, 23.77, 9999.0, 22.07, 9999.0, 22.64, 22.43, 22.25, 22.25, 22.23
2026-09-08, 12:39:44, 22.25, 22.43, 22.75, 22.7, 9999.0, 9999.0, 9999.0, 23.73, 9999.0, 22.07, 9999.0, 22.66, 22.45, 22.25, 22.25, 22.23
2026-09-08, 12:39:48, 22.25, 22.45, 22.75, 22.73, 9999.0, 9999.0, 9999.0, 23.68, 9999.0, 22.11, 9999.0, 22.68, 22.45, 22.25, 22.25, 22.23
2026-09-08, 12:39:52, 22.25, 22.45, 22.75, 22.73, 9999.0, 9999.0, 9999.0, 23.66, 9999.0, 22.16, 9999.0, 22.7, 22.45, 22.23, 22.25, 22.23
2026-09-08, 12:39:56, 22.25, 22.48, 22.73, 22.73, 9999.0, 9999.0, 9999.0, 23.59, 9999.0, 22.16, 9999.0, 22.7, 22.45, 22.23, 22.25, 22.23
2026-09-08, 12:40:00, 22.25, 22.48, 22.73, 22.73, 9999.0, 9999.0, 9999.0, 23.64, 9999.0, 22.18, 9999.0, 22.73, 22.48, 22.23, 22.25, 22.23
2026-09-08, 12:40:04, 22.25, 22.48, 22.73, 22.73, 9999.0, 9999.0, 9999.0, 23.66, 9999.0, 22.2, 9999.0, 22.7, 22.48, 22.23, 22.25, 22.23
2026-09-08, 12:40:08, 22.25, 22.48, 22.73, 22.75, 9999.0, 9999.0, 9999.0, 23.68, 9999.0, 22.23, 9999.0, 22.68, 22.48, 22.23, 22.25, 22.23
2026-09-08, 12:40:12, 22.25, 22.5, 22.73, 22.75, 9999.0, 9999.0, 9999.0, 23.68, 9999.0, 22.25, 9999.0, 22.66, 22.45, 22.23, 22.25, 22.23
2026-09-08, 12:40:16, 22.25, 22.5, 22.73, 22.75, 9999.0, 9999.0, 9999.0, 23.7, 9999.0, 22.27, 9999.0, 22.64, 22.48, 22.23, 22.25, 22.23
2026-09-08, 12:40:20, 22.25, 22.5, 22.73, 22.75, 9999.0, 9999.0, 9999.0, 23.73, 9999.0, 22.27, 9999.0, 22.61, 22.48, 22.23, 22.25, 22.25
2026-09-08, 12:40:24, 22.25, 22.48, 22.73, 22.75, 9999.0, 9999.0, 9999.0, 23.75, 9999.0, 22.25, 9999.0, 22.59, 22.48, 22.23, 22.25, 22.25
2026-09-08, 12:40:28, 22.25, 22.48, 22.73, 22.75, 9999.0, 9999.0, 9999.0, 23.77, 9999.0, 22.23, 9999.0, 22.57, 22.48, 22.23, 22.25, 22.25
2026-09-08, 12:40:32, 22.25, 22.48, 22.73, 22.75, 9999.0, 9999.0, 9999.0, 23.8, 9999.0, 22.18, 9999.0, 22.55, 22.45, 22.23, 22.25, 22.25
2026-09-08, 12:40:36, 22.25, 22.48, 22.73, 22.75, 9999.0, 9999.0, 9999.0, 23.82, 9999.0, 22.16, 9999.0, 22.55, 22.45, 22.25, 22.25, 22.25
2026-09-08, 12:40:40, 22.25, 22.48, 22.75, 22.75, 9999.0, 9999.0, 9999.0, 23.86, 9999.0, 22.14, 9999.0, 22.55, 22.43, 22.25, 22.25, 22.25
2026-09-08, 12:40:44, 22.25, 22.45, 22.75, 22.75, 9999.0, 9999.0, 9999.0, 23.8, 9999.0, 22.11, 9999.0, 22.55, 22.43, 22.25, 22.25, 22.25
2026-09-08, 12:40:48, 22.25, 22.45, 22.73, 22.73, 9999.0, 9999.0, 9999.0, 23.75, 9999.0, 22.09, 9999.0, 22.57, 22.43, 22.25, 22.25, 22.25
2026-09-08, 12:40:52, 22.25, 22.45, 22.73, 22.73, 9999.0, 9999.0, 9999.0, 23.7, 9999.0, 22.07, 9999.0, 22.59, 22.43, 22.25, 22.25, 22.25
2026-09-08, 12:40:56, 22.25, 22.43, 22.73, 22.73, 9999.0, 9999.0, 9999.0, 23.68, 9999.0, 22.05, 9999.0, 22.61, 22.45, 22.25, 22.25, 22.25
2026-09-08, 12:41:00, 22.25, 22.43, 22.73, 22.73, 9999.0, 9999.0, 9999.0, 23.64, 9999.0, 22.05, 9999.0, 22.64, 22.45, 22.25, 22.25, 22.25
2026-09-08, 12:41:04, 22.25, 22.43, 22.73, 22.73, 9999.0, 9999.0, 9999.0, 23.61, 9999.0, 22.07, 9999.0, 22.66, 22.45, 22.25, 22.25, 22.25
2026-09-08, 12:41:08, 22.25, 22.45, 22.73, 22.73, 9999.0, 9999.0, 9999.0, 23.59, 9999.0, 22.09, 9999.0, 22.68, 22.45, 22.25, 22.25, 22.25
2026-09-08, 12:41:12, 22.25, 22.45, 22.73, 22.73, 9999.0, 9999.0, 9999.0, 23.55, 9999.0, 22.11, 9999.0, 22.7, 22.45, 22.25, 22.25, 22.25
2026-09-08, 12:41:16, 22.25, 22.45, 22.73, 22.7, 9999.0, 9999.0, 9999.0, 23.5, 9999.0, 22.14, 9999.0, 22.7, 22.48, 22.25, 22.25, 22.25
2026-09-08, 12:41:20, 22.25, 22.45, 22.73, 22.7, 9999.0, 9999.0, 9999.0, 23.52, 9999.0, 22.11, 9999.0, 22.68, 22.48, 22.25, 22.25, 22.25
2026-09-08, 12:41:24, 22.25, 22.45, 22.73, 22.7, 9999.0, 9999.0, 9999.0, 23.55, 9999.0, 22.11, 9999.0, 22.68, 22.5, 22.25, 22.25, 22.25
2026-09-08, 12:41:28, 22.25, 22.48, 22.73, 22.7, 9999.0, 9999.0, 9999.0, 23.59, 9999.0, 22.11, 9999.0, 22.66, 22.5, 22.23, 22.25, 22.25
2026-09-08, 12:41:32, 22.25, 22.48, 22.75, 22.73, 9999.0, 9999.0, 9999.0, 23.61, 9999.0, 22.11, 9999.0, 22.64, 22.48, 22.2, 22.25, 22.25
2026-09-08, 12:41:36, 22.25, 22.48, 22.75, 22.73, 9999.0, 9999.0, 9999.0, 23.64, 9999.0, 22.11, 9999.0, 22.61, 22.45, 22.2, 22.25, 22.25
2026-09-08, 12:41:40, 22.25, 22.48, 22.75, 22.73, 9999.0, 9999.0, 9999.0, 23.66, 9999.0, 22.11, 9999.0, 22.59, 22.45, 22.2, 22.25, 22.25
2026-09-08, 12:41:44, 22.25, 22.45, 22.75, 22.73, 9999.0, 9999.0, 9999.0, 23.68, 9999.0, 22.09, 9999.0, 22.57, 22.43, 22.2, 22.25, 22.25
2026-09-08, 12:41:48, 22.25, 22.43, 22.75, 22.73, 9999.0, 9999.0, 9999.0, 23.7, 9999.0, 22.07, 9999.0, 22.55, 22.43, 22.2, 22.25, 22.25
2026-09-08, 12:41:52, 22.25, 22.43, 22.75, 22.73, 9999.0, 9999.0, 9999.0, 23.73, 9999.0, 22.02, 9999.0, 22.52, 22.43, 22.2, 22.25, 22.25
2026-09-08, 12:41:56, 22.25, 22.43, 22.75, 22.73, 9999.0, 9999.0, 9999.0, 23.77, 9999.0, 22.0, 9999.0, 22.52, 22.41, 22.2, 22.25, 22.25
2026-09-08, 12:42:00, 22.25, 22.41, 22.75, 22.75, 9999.0, 9999.0, 9999.0, 23.8, 9999.0, 21.98, 9999.0, 22.52, 22.39, 22.2, 22.25, 22.25
2026-09-08, 12:42:04, 22.25, 22.41, 22.75, 22.73, 9999.0, 9999.0, 9999.0, 23.75, 9999.0, 21.98, 9999.0, 22.55, 22.39, 22.2, 22.25, 22.25
2026-09-08, 12:42:08, 22.25, 22.41, 22.75, 22.73, 9999.0, 9999.0, 9999.0, 23.7, 9999.0, 21.98, 9999.0, 22.57, 22.39, 22.2, 22.25, 22.25
2026-09-08, 12:42:12, 22.25, 22.41, 22.75, 22.73, 9999.0, 9999.0, 9999.0, 23.66, 9999.0, 21.98, 9999.0, 22.59, 22.39, 22.23, 22.25, 22.25
2026-09-08, 12:42:16, 22.25, 22.41, 22.75, 22.73, 9999.0, 9999.0, 9999.0, 23.64, 9999.0, 21.98, 9999.0, 22.61, 22.41, 22.25, 22.25, 22.25
2026-09-08, 12:42:20, 22.25, 22.41, 22.75, 22.73, 9999.0, 9999.0, 9999.0, 23.61, 9999.0, 22.0, 9999.0, 22.64, 22.43, 22.25, 22.25, 22.25
2026-09-08, 12:42:24, 22.25, 22.41, 22.73, 22.73, 9999.0, 9999.0, 9999.0, 23.59, 9999.0, 22.0, 9999.0, 22.66, 22.43, 22.25, 22.25, 22.25
2026-09-08, 12:42:28, 22.25, 22.43, 22.73, 22.73, 9999.0, 9999.0, 9999.0, 23.55, 9999.0, 22.02, 9999.0, 22.68, 22.45, 22.25, 22.25, 22.25
2026-09-08, 12:42:32, 22.25, 22.45, 22.73, 22.73, 9999.0, 9999.0, 9999.0, 23.5, 9999.0, 22.05, 9999.0, 22.7, 22.45, 22.25, 22.25, 22.25
2026-09-08, 12:42:36, 22.25, 22.45, 22.73, 22.73, 9999.0, 9999.0, 9999.0, 23.55, 9999.0, 22.07, 9999.0, 22.73, 22.45, 22.25, 22.25, 22.25
2026-09-08, 12:42:40, 22.25, 22.45, 22.73, 22.73, 9999.0, 9999.0, 9999.0, 23.57, 9999.0, 22.09, 9999.0, 22.73, 22.48, 22.25, 22.25, 22.25
2026-09-08, 12:42:44, 22.25, 22.48, 22.73, 22.73, 9999.0, 9999.0, 9999.0, 23.61, 9999.0, 22.09, 9999.0, 22.75, 22.5, 22.25, 22.25, 22.25
2026-09-08, 12:42:48, 22.25, 22.48, 22.73, 22.75, 9999.0, 9999.0, 9999.0, 23.64, 9999.0, 22.09, 9999.0, 22.73, 22.5, 22.25, 22.25, 22.25
2026-09-08, 12:42:53, 22.25, 22.45, 22.73, 22.75, 9999.0, 9999.0, 9999.0, 23.66, 9999.0, 22.09, 9999.0, 22.7, 22.48, 22.25, 22.25, 22.25
2026-09-08, 12:42:57, 22.25, 22.45, 22.73, 22.75, 9999.0, 9999.0, 9999.0, 23.68, 9999.0, 22.09, 9999.0, 22.68, 22.48, 22.25, 22.25, 22.25
2026-09-08, 12:43:01, 22.25, 22.43, 22.73, 22.75, 9999.0, 9999.0, 9999.0, 23.7, 9999.0, 22.09, 9999.0, 22.66, 22.45, 22.25, 22.25, 22.25
2026-09-08, 12:43:05, 22.25, 22.41, 22.73, 22.75, 9999.0, 9999.0, 9999.0, 23.73, 9999.0, 22.07, 9999.0, 22.64, 22.43, 22.25, 22.25, 22.25
2026-09-08, 12:43:09, 22.25, 22.43, 22.75, 22.75, 9999.0, 9999.0, 9999.0, 23.75, 9999.0, 22.07, 9999.0, 22.61, 22.43, 22.25, 22.25, 22.25
2026-09-08, 12:43:13, 22.25, 22.41, 22.75, 22.75, 9999.0, 9999.0, 9999.0, 23.8, 9999.0, 22.02, 9999.0, 22.59, 22.43, 22.25, 22.25, 22.25
2026-09-08, 12:43:17, 22.25, 22.41, 22.75, 22.75, 9999.0, 9999.0, 9999.0, 23.84, 9999.0, 22.0, 9999.0, 22.59, 22.41, 22.25, 22.25, 22.25
2026-09-08, 12:43:21, 22.25, 22.41, 22.75, 22.75, 9999.0, 9999.0, 9999.0, 23.8, 9999.0, 21.98, 9999.0, 22.59, 22.41, 22.25, 22.25, 22.25
2026-09-08, 12:43:25, 22.25, 22.41, 22.75, 22.75, 9999.0, 9999.0, 9999.0, 23.77, 9999.0, 21.93, 9999.0, 22.59, 22.41, 22.25, 22.25, 22.25
2026-09-08, 12:43:29, 22.25, 22.41, 22.75, 22.75, 9999.0, 9999.0, 9999.0, 23.73, 9999.0, 21.93, 9999.0, 22.59, 22.41, 22.25, 22.27, 22.25
2026-09-08, 12:43:33, 22.25, 22.41, 22.75, 22.75, 9999.0, 9999.0, 9999.0, 23.7, 9999.0, 21.93, 9999.0, 22.61, 22.41, 22.25, 22.27, 22.25
2026-09-08, 12:43:37, 22.25, 22.43, 22.75, 22.75, 9999.0, 9999.0, 9999.0, 23.68, 9999.0, 21.95, 9999.0, 22.64, 22.43, 22.25, 22.27, 22.25
2026-09-08, 12:43:41, 22.25, 22.43, 22.75, 22.75, 9999.0, 9999.0, 9999.0, 23.66, 9999.0, 21.98, 9999.0, 22.66, 22.43, 22.25, 22.27, 22.27
2026-09-08, 12:43:45, 22.25, 22.45, 22.75, 22.75, 9999.0, 9999.0, 9999.0, 23.64, 9999.0, 22.0, 9999.0, 22.68, 22.45, 22.25, 22.27, 22.27
2026-09-08, 12:43:49, 22.25, 22.45, 22.75, 22.75, 9999.0, 9999.0, 9999.0, 23.59, 9999.0, 22.02, 9999.0, 22.7, 22.48, 22.25, 22.27, 22.27
2026-09-08, 12:43:53, 22.25, 22.45, 22.75, 22.75, 9999.0, 9999.0, 9999.0, 23.55, 9999.0, 22.05, 9999.0, 22.73, 22.48, 22.25, 22.27, 22.3
2026-09-08, 12:43:57, 22.25, 22.48, 22.75, 22.75, 9999.0, 9999.0, 9999.0, 23.59, 9999.0, 22.09, 9999.0, 22.75, 22.48, 22.25, 22.27, 22.32
2026-09-08, 12:44:01, 22.25, 22.48, 22.75, 22.75, 9999.0, 9999.0, 9999.0, 23.61, 9999.0, 22.11, 9999.0, 22.75, 22.5, 22.25, 22.27, 22.32
2026-09-08, 12:44:05, 22.25, 22.45, 22.75, 22.75, 9999.0, 9999.0, 9999.0, 23.64, 9999.0, 22.16, 9999.0, 22.75, 22.5, 22.25, 22.27, 22.32
2026-09-08, 12:44:09, 22.25, 22.45, 22.75, 22.75, 9999.0, 9999.0, 9999.0, 23.66, 9999.0, 22.2, 9999.0, 22.73, 22.5, 22.25, 22.27, 22.32
2026-09-08, 12:44:13, 22.25, 22.45, 22.75, 22.75, 9999.0, 9999.0, 9999.0, 23.7, 9999.0, 22.23, 9999.0, 22.7, 22.5, 22.25, 22.25, 22.32
2026-09-08, 12:44:17, 22.25, 22.45, 22.75, 22.75, 9999.0, 9999.0, 9999.0, 23.73, 9999.0, 22.25, 9999.0, 22.68, 22.5, 22.25, 22.25, 22.32
2026-09-08, 12:44:21, 22.25, 22.45, 22.75, 22.75, 9999.0, 9999.0, 9999.0, 23.75, 9999.0, 22.25, 9999.0, 22.66, 22.48, 22.25, 22.25, 22.32
2026-09-08, 12:44:25, 22.25, 22.45, 22.75, 22.75, 9999.0, 9999.0, 9999.0, 23.77, 9999.0, 22.25, 9999.0, 22.64, 22.45, 22.25, 22.25, 22.3
2026-09-08, 12:44:29, 22.25, 22.45, 22.75, 22.75, 9999.0, 9999.0, 9999.0, 23.8, 9999.0, 22.25, 9999.0, 22.61, 22.45, 22.25, 22.25, 22.3
2026-09-08, 12:44:33, 22.25, 22.45, 22.75, 22.75, 9999.0, 9999.0, 9999.0, 23.82, 9999.0, 22.25, 9999.0, 22.61, 22.45, 22.25, 22.25, 22.3
2026-09-08, 12:44:37, 22.25, 22.43, 22.75, 22.75, 9999.0, 9999.0, 9999.0, 23.86, 9999.0, 22.25, 9999.0, 22.61, 22.43, 22.25, 22.25, 22.27
2026-09-08, 12:44:41, 22.25, 22.43, 22.75, 22.75, 9999.0, 9999.0, 9999.0, 23.8, 9999.0, 22.25, 9999.0, 22.61, 22.43, 22.25, 22.25, 22.25
2026-09-08, 12:44:45, 22.25, 22.41, 22.75, 22.75, 9999.0, 9999.0, 9999.0, 23.75, 9999.0, 22.23, 9999.0, 22.64, 22.43, 22.25, 22.25, 22.25
2026-09-08, 12:44:49, 22.25, 22.43, 22.75, 22.75, 9999.0, 9999.0, 9999.0, 23.7, 9999.0, 22.2, 9999.0, 22.64, 22.41, 22.25, 22.25, 22.25
2026-09-08, 12:44:53, 22.25, 22.43, 22.75, 22.75, 9999.0, 9999.0, 9999.0, 23.66, 9999.0, 22.23, 9999.0, 22.66, 22.41, 22.25, 22.25, 22.25
2026-09-08, 12:44:57, 22.25, 22.43, 22.75, 22.75, 9999.0, 9999.0, 9999.0, 23.61, 9999.0, 22.25, 9999.0, 22.68, 22.39, 22.25, 22.25, 22.25
2026-09-08, 12:45:01, 22.25, 22.41, 22.75, 22.75, 9999.0, 9999.0, 9999.0, 23.59, 9999.0, 22.27, 9999.0, 22.7, 22.39, 22.25, 22.25, 22.25
2026-09-08, 12:45:05, 22.25, 22.39, 22.75, 22.75, 9999.0, 9999.0, 9999.0, 23.57, 9999.0, 22.3, 9999.0, 22.73, 22.41, 22.25, 22.25, 22.25
2026-09-08, 12:45:09, 22.25, 22.39, 22.75, 22.75, 9999.0, 9999.0, 9999.0, 23.55, 9999.0, 22.32, 9999.0, 22.75, 22.43, 22.25, 22.25, 22.25
2026-09-08, 12:45:13, 22.25, 22.36, 22.75, 22.75, 9999.0, 9999.0, 9999.0, 23.5, 9999.0, 22.34, 9999.0, 22.77, 22.43, 22.25, 22.25, 22.25
2026-09-08, 12:45:17, 22.25, 22.39, 22.75, 22.75, 9999.0, 9999.0, 9999.0, 23.57, 9999.0, 22.36, 9999.0, 22.77, 22.43, 22.25, 22.25, 22.25
2026-09-08, 12:45:21, 22.25, 22.41, 22.75, 22.75, 9999.0, 9999.0, 9999.0, 23.61, 9999.0, 22.39, 9999.0, 22.77, 22.45, 22.25, 22.25, 22.25
2026-09-08, 12:45:25, 22.25, 22.41, 22.75, 22.75, 9999.0, 9999.0, 9999.0, 23.66, 9999.0, 22.41, 9999.0, 22.75, 22.45, 22.25, 22.25, 22.25
2026-09-08, 12:45:29, 22.25, 22.43, 22.75, 22.75, 9999.0, 9999.0, 9999.0, 23.7, 9999.0, 22.45, 9999.0, 22.7, 22.45, 22.25, 22.25, 22.25
2026-09-08, 12:45:33, 22.25, 22.41, 22.75, 22.75, 9999.0, 9999.0, 9999.0, 23.75, 9999.0, 22.5, 9999.0, 22.68, 22.48, 22.25, 22.25, 22.25
2026-09-08, 12:45:37, 22.25, 22.41, 22.75, 22.75, 9999.0, 9999.0, 9999.0, 23.8, 9999.0, 22.48, 9999.0, 22.66, 22.45, 22.25, 22.25, 22.25
2026-09-08, 12:45:41, 22.25, 22.39, 22.75, 22.75, 9999.0, 9999.0, 9999.0, 23.82, 9999.0, 22.45, 9999.0, 22.64, 22.48, 22.25, 22.25, 22.25
2026-09-08, 12:45:45, 22.25, 22.39, 22.75, 22.75, 9999.0, 9999.0, 9999.0, 23.84, 9999.0, 22.41, 9999.0, 22.61, 22.48, 22.25, 22.25, 22.27
2026-09-08, 12:45:49, 22.25, 22.41, 22.73, 22.75, 9999.0, 9999.0, 9999.0, 23.86, 9999.0, 22.39, 9999.0, 22.59, 22.45, 22.25, 22.25, 22.27
2026-09-08, 12:45:53, 22.25, 22.39, 22.73, 22.75, 9999.0, 9999.0, 9999.0, 23.89, 9999.0, 22.36, 9999.0, 22.59, 22.43, 22.25, 22.25, 22.27
2026-09-08, 12:45:57, 22.25, 22.41, 22.73, 22.75, 9999.0, 9999.0, 9999.0, 23.93, 9999.0, 22.32, 9999.0, 22.59, 22.43, 22.25, 22.25, 22.27
2026-09-08, 12:46:01, 22.25, 22.39, 22.73, 22.75, 9999.0, 9999.0, 9999.0, 23.89, 9999.0, 22.3, 9999.0, 22.59, 22.41, 22.25, 22.27, 22.27
2026-09-08, 12:46:05, 22.25, 22.39, 22.73, 22.75, 9999.0, 9999.0, 9999.0, 23.82, 9999.0, 22.27, 9999.0, 22.59, 22.41, 22.25, 22.27, 22.27
2026-09-08, 12:46:09, 22.25, 22.39, 22.73, 22.75, 9999.0, 9999.0, 9999.0, 23.77, 9999.0, 22.23, 9999.0, 22.61, 22.41, 22.25, 22.27, 22.27
2026-09-08, 12:46:13, 22.25, 22.39, 22.73, 22.75, 9999.0, 9999.0, 9999.0, 23.73, 9999.0, 22.2, 9999.0, 22.64, 22.41, 22.25, 22.27, 22.3
2026-09-08, 12:46:17, 22.25, 22.41, 22.73, 22.75, 9999.0, 9999.0, 9999.0, 23.68, 9999.0, 22.18, 9999.0, 22.66, 22.41, 22.25, 22.27, 22.3
2026-09-08, 12:46:21, 22.25, 22.39, 22.73, 22.75, 9999.0, 9999.0, 9999.0, 23.64, 9999.0, 22.18, 9999.0, 22.68, 22.43, 22.25, 22.27, 22.3
2026-09-08, 12:46:25, 22.25, 22.39, 22.73, 22.75, 9999.0, 9999.0, 9999.0, 23.59, 9999.0, 22.2, 9999.0, 22.7, 22.43, 22.25, 22.27, 22.3
2026-09-08, 12:46:29, 22.27, 22.41, 22.73, 22.75, 9999.0, 9999.0, 9999.0, 23.55, 9999.0, 22.25, 9999.0, 22.73, 22.43, 22.25, 22.27, 22.3
2026-09-08, 12:46:33, 22.27, 22.41, 22.75, 22.75, 9999.0, 9999.0, 9999.0, 23.59, 9999.0, 22.27, 9999.0, 22.75, 22.45, 22.25, 22.27, 22.3
2026-09-08, 12:46:37, 22.27, 22.43, 22.75, 22.75, 9999.0, 9999.0, 9999.0, 23.61, 9999.0, 22.27, 9999.0, 22.75, 22.48, 22.25, 22.27, 22.3
2026-09-08, 12:46:42, 22.27, 22.43, 22.75, 22.75, 9999.0, 9999.0, 9999.0, 23.64, 9999.0, 22.3, 9999.0, 22.75, 22.48, 22.25, 22.27, 22.3
2026-09-08, 12:46:46, 22.27, 22.45, 22.75, 22.75, 9999.0, 9999.0, 9999.0, 23.66, 9999.0, 22.3, 9999.0, 22.73, 22.5, 22.25, 22.25, 22.3
2026-09-08, 12:46:50, 22.27, 22.45, 22.75, 22.75, 9999.0, 9999.0, 9999.0, 23.7, 9999.0, 22.3, 9999.0, 22.7, 22.5, 22.25, 22.25, 22.3
2026-09-08, 12:46:54, 22.27, 22.43, 22.75, 22.75, 9999.0, 9999.0, 9999.0, 23.75, 9999.0, 22.32, 9999.0, 22.68, 22.5, 22.25, 22.25, 22.3
2026-09-08, 12:46:58, 22.27, 22.43, 22.75, 22.75, 9999.0, 9999.0, 9999.0, 23.77, 9999.0, 22.32, 9999.0, 22.66, 22.48, 22.25, 22.25, 22.27
2026-09-08, 12:47:02, 22.27, 22.43, 22.75, 22.75, 9999.0, 9999.0, 9999.0, 23.8, 9999.0, 22.32, 9999.0, 22.64, 22.45, 22.25, 22.25, 22.27
2026-09-08, 12:47:06, 22.27, 22.43, 22.75, 22.75, 9999.0, 9999.0, 9999.0, 23.82, 9999.0, 22.32, 9999.0, 22.61, 22.43, 22.25, 22.25, 22.27
2026-09-08, 12:47:10, 22.27, 22.45, 22.75, 22.75, 9999.0, 9999.0, 9999.0, 23.86, 9999.0, 22.3, 9999.0, 22.59, 22.41, 22.25, 22.25, 22.27
2026-09-08, 12:47:14, 22.25, 22.43, 22.75, 22.75, 9999.0, 9999.0, 9999.0, 23.91, 9999.0, 22.27, 9999.0, 22.59, 22.41, 22.25, 22.25, 22.25
2026-09-08, 12:47:18, 22.25, 22.43, 22.75, 22.75, 9999.0, 9999.0, 9999.0, 23.86, 9999.0, 22.23, 9999.0, 22.59, 22.39, 22.25, 22.25, 22.25
2026-09-08, 12:47:22, 22.25, 22.41, 22.75, 22.75, 9999.0, 9999.0, 9999.0, 23.84, 9999.0, 22.23, 9999.0, 22.59, 22.39, 22.25, 22.25, 22.25
2026-09-08, 12:47:26, 22.25, 22.41, 22.75, 22.75, 9999.0, 9999.0, 9999.0, 23.82, 9999.0, 22.23, 9999.0, 22.59, 22.39, 22.25, 22.25, 22.25
2026-09-08, 12:47:30, 22.25, 22.41, 22.75, 22.75, 9999.0, 9999.0, 9999.0, 23.77, 9999.0, 22.2, 9999.0, 22.61, 22.39, 22.25, 22.25, 22.25
2026-09-08, 12:47:34, 22.25, 22.41, 22.75, 22.75, 9999.0, 9999.0, 9999.0, 23.73, 9999.0, 22.2, 9999.0, 22.64, 22.36, 22.25, 22.25, 22.25
2026-09-08, 12:47:38, 22.25, 22.43, 22.75, 22.75, 9999.0, 9999.0, 9999.0, 23.68, 9999.0, 22.2, 9999.0, 22.66, 22.36, 22.25, 22.25, 22.25
2026-09-08, 12:47:42, 22.25, 22.41, 22.75, 22.75, 9999.0, 9999.0, 9999.0, 23.66, 9999.0, 22.23, 9999.0, 22.68, 22.39, 22.25, 22.27, 22.25
2026-09-08, 12:47:46, 22.25, 22.41, 22.75, 22.75, 9999.0, 9999.0, 9999.0, 23.64, 9999.0, 22.25, 9999.0, 22.7, 22.41, 22.25, 22.3, 22.25
2026-09-08, 12:47:50, 22.25, 22.41, 22.75, 22.75, 9999.0, 9999.0, 9999.0, 23.61, 9999.0, 22.27, 9999.0, 22.73, 22.43, 22.25, 22.32, 22.25
2026-09-08, 12:47:54, 22.25, 22.41, 22.75, 22.75, 9999.0, 9999.0, 9999.0, 23.66, 9999.0, 22.27, 9999.0, 22.75, 22.45, 22.25, 22.32, 22.25
2026-09-08, 12:47:58, 22.25, 22.41, 22.75, 22.75, 9999.0, 9999.0, 9999.0, 23.68, 9999.0, 22.3, 9999.0, 22.73, 22.45, 22.25, 22.32, 22.25
2026-09-08, 12:48:02, 22.25, 22.41, 22.75, 22.75, 9999.0, 9999.0, 9999.0, 23.7, 9999.0, 22.34, 9999.0, 22.73, 22.48, 22.25, 22.32, 22.25
2026-09-08, 12:48:06, 22.25, 22.41, 22.75, 22.75, 9999.0, 9999.0, 9999.0, 23.73, 9999.0, 22.36, 9999.0, 22.7, 22.48, 22.25, 22.32, 22.25
2026-09-08, 12:48:10, 22.25, 22.41, 22.75, 22.75, 9999.0, 9999.0, 9999.0, 23.75, 9999.0, 22.39, 9999.0, 22.68, 22.48, 22.25, 22.32, 22.25
2026-09-08, 12:48:14, 22.25, 22.39, 22.75, 22.75, 9999.0, 9999.0, 9999.0, 23.77, 9999.0, 22.41, 9999.0, 22.66, 22.48, 22.25, 22.32, 22.25
2026-09-08, 12:48:18, 22.25, 22.39, 22.75, 22.75, 9999.0, 9999.0, 9999.0, 23.82, 9999.0, 22.43, 9999.0, 22.64, 22.48, 22.25, 22.32, 22.27
2026-09-08, 12:48:22, 22.25, 22.39, 22.75, 22.75, 9999.0, 9999.0, 9999.0, 23.86, 9999.0, 22.43, 9999.0, 22.61, 22.48, 22.25, 22.32, 22.3
2026-09-08, 12:48:26, 22.25, 22.41, 22.75, 22.75, 9999.0, 9999.0, 9999.0, 23.89, 9999.0, 22.41, 9999.0, 22.59, 22.48, 22.25, 22.3, 22.32
2026-09-08, 12:48:30, 22.25, 22.41, 22.75, 22.75, 9999.0, 9999.0, 9999.0, 23.91, 9999.0, 22.39, 9999.0, 22.59, 22.48, 22.25, 22.27, 22.32
2026-09-08, 12:48:34, 22.25, 22.43, 22.75, 22.75, 9999.0, 9999.0, 9999.0, 23.93, 9999.0, 22.36, 9999.0, 22.59, 22.45, 22.25, 22.25, 22.32
2026-09-08, 12:48:38, 22.25, 22.43, 22.75, 22.75, 9999.0, 9999.0, 9999.0, 23.89, 9999.0, 22.36, 9999.0, 22.59, 22.45, 22.25, 22.25, 22.32
2026-09-08, 12:48:42, 22.25, 22.45, 22.75, 22.75, 9999.0, 9999.0, 9999.0, 23.86, 9999.0, 22.34, 9999.0, 22.61, 22.43, 22.25, 22.25, 22.32
2026-09-08, 12:48:46, 22.25, 22.43, 22.75, 22.75, 9999.0, 9999.0, 9999.0, 23.82, 9999.0, 22.32, 9999.0, 22.61, 22.43, 22.25, 22.25, 22.32
2026-09-08, 12:48:50, 22.25, 22.45, 22.75, 22.75, 9999.0, 9999.0, 9999.0, 23.8, 9999.0, 22.32, 9999.0, 22.64, 22.43, 22.25, 22.25, 22.32
2026-09-08, 12:48:54, 22.25, 22.45, 22.75, 22.73, 9999.0, 9999.0, 9999.0, 23.75, 9999.0, 22.32, 9999.0, 22.66, 22.43, 22.25, 22.25, 22.32
2026-09-08, 12:48:58, 22.25, 22.48, 22.75, 22.73, 9999.0, 9999.0, 9999.0, 23.73, 9999.0, 22.34, 9999.0, 22.68, 22.43, 22.25, 22.25, 22.34
2026-09-08, 12:49:02, 22.25, 22.45, 22.75, 22.73, 9999.0, 9999.0, 9999.0, 23.68, 9999.0, 22.36, 9999.0, 22.7, 22.45, 22.25, 22.25, 22.32
2026-09-08, 12:49:06, 22.25, 22.45, 22.73, 22.73, 9999.0, 9999.0, 9999.0, 23.64, 9999.0, 22.39, 9999.0, 22.73, 22.45, 22.25, 22.27, 22.3
2026-09-08, 12:49:10, 22.25, 22.43, 22.73, 22.73, 9999.0, 9999.0, 9999.0, 23.61, 9999.0, 22.43, 9999.0, 22.75, 22.45, 22.25, 22.27, 22.3
2026-09-08, 12:49:14, 22.25, 22.43, 22.73, 22.73, 9999.0, 9999.0, 9999.0, 23.64, 9999.0, 22.48, 9999.0, 22.75, 22.45, 22.25, 22.27, 22.3
2026-09-08, 12:49:18, 22.25, 22.43, 22.73, 22.73, 9999.0, 9999.0, 9999.0, 23.68, 9999.0, 22.5, 9999.0, 22.75, 22.48, 22.25, 22.27, 22.3
2026-09-08, 12:49:22, 22.25, 22.41, 22.73, 22.73, 9999.0, 9999.0, 9999.0, 23.7, 9999.0, 22.52, 9999.0, 22.73, 22.48, 22.25, 22.27, 22.3
2026-09-08, 12:49:26, 22.25, 22.39, 22.73, 22.73, 9999.0, 9999.0, 9999.0, 23.73, 9999.0, 22.55, 9999.0, 22.7, 22.5, 22.25, 22.27, 22.3
2026-09-08, 12:49:30, 22.25, 22.41, 22.73, 22.73, 9999.0, 9999.0, 9999.0, 23.77, 9999.0, 22.57, 9999.0, 22.68, 22.5, 22.25, 22.27, 22.3
2026-09-08, 12:49:34, 22.25, 22.41, 22.73, 22.73, 9999.0, 9999.0, 9999.0, 23.8, 9999.0, 22.57, 9999.0, 22.66, 22.5, 22.25, 22.27, 22.3
2026-09-08, 12:49:38, 22.25, 22.41, 22.73, 22.75, 9999.0, 9999.0, 9999.0, 23.82, 9999.0, 22.57, 9999.0, 22.64, 22.5, 22.25, 22.27, 22.3
2026-09-08, 12:49:42, 22.25, 22.39, 22.73, 22.75, 9999.0, 9999.0, 9999.0, 23.84, 9999.0, 22.57, 9999.0, 22.61, 22.5, 22.25, 22.27, 22.27
2026-09-08, 12:49:46, 22.25, 22.41, 22.73, 22.75, 9999.0, 9999.0, 9999.0, 23.89, 9999.0, 22.55, 9999.0, 22.59, 22.5, 22.25, 22.27, 22.27
2026-09-08, 12:49:50, 22.25, 22.41, 22.75, 22.75, 9999.0, 9999.0, 9999.0, 23.93, 9999.0, 22.55, 9999.0, 22.59, 22.5, 22.25, 22.25, 22.27
2026-09-08, 12:49:54, 22.25, 22.43, 22.75, 22.75, 9999.0, 9999.0, 9999.0, 23.95, 9999.0, 22.52, 9999.0, 22.57, 22.5, 22.25, 22.25, 22.25
2026-09-08, 12:49:58, 22.25, 22.41, 22.75, 22.75, 9999.0, 9999.0, 9999.0, 23.93, 9999.0, 22.48, 9999.0, 22.57, 22.5, 22.25, 22.25, 22.25
2026-09-08, 12:50:02, 22.25, 22.41, 22.75, 22.75, 9999.0, 9999.0, 9999.0, 23.89, 9999.0, 22.48, 9999.0, 22.57, 22.48, 22.25, 22.25, 22.27
2026-09-08, 12:50:06, 22.25, 22.41, 22.75, 22.75, 9999.0, 9999.0, 9999.0, 23.86, 9999.0, 22.45, 9999.0, 22.61, 22.48, 22.25, 22.25, 22.27
2026-09-08, 12:50:10, 22.25, 22.43, 22.75, 22.75, 9999.0, 9999.0, 9999.0, 23.84, 9999.0, 22.45, 9999.0, 22.64, 22.48, 22.25, 22.25, 22.27
2026-09-08, 12:50:14, 22.25, 22.43, 22.75, 22.75, 9999.0, 9999.0, 9999.0, 23.8, 9999.0, 22.45, 9999.0, 22.66, 22.48, 22.25, 22.25, 22.27
2026-09-08, 12:50:18, 22.25, 22.43, 22.75, 22.75, 9999.0, 9999.0, 9999.0, 23.75, 9999.0, 22.48, 9999.0, 22.68, 22.48, 22.25, 22.25, 22.27
2026-09-08, 12:50:22, 22.25, 22.43, 22.75, 22.75, 9999.0, 9999.0, 9999.0, 23.73, 9999.0, 22.5, 9999.0, 22.7, 22.48, 22.25, 22.25, 22.27
2026-09-08, 12:50:26, 22.27, 22.43, 22.75, 22.75, 9999.0, 9999.0, 9999.0, 23.7, 9999.0, 22.52, 9999.0, 22.73, 22.48, 22.25, 22.25, 22.27
2026-09-08, 12:50:30, 22.27, 22.43, 22.75, 22.75, 9999.0, 9999.0, 9999.0, 23.73, 9999.0, 22.55, 9999.0, 22.75, 22.48, 22.25, 22.25, 22.27
2026-09-08, 12:50:35, 22.27, 22.43, 22.75, 22.75, 9999.0, 9999.0, 9999.0, 23.75, 9999.0, 22.57, 9999.0, 22.75, 22.48, 22.25, 22.25, 22.27
2026-09-08, 12:50:39, 22.27, 22.43, 22.75, 22.75, 9999.0, 9999.0, 9999.0, 23.77, 9999.0, 22.59, 9999.0, 22.77, 22.48, 22.25, 22.25, 22.27
2026-09-08, 12:50:43, 22.27, 22.45, 22.75, 22.75, 9999.0, 9999.0, 9999.0, 23.8, 9999.0, 22.64, 9999.0, 22.77, 22.45, 22.25, 22.25, 22.27
2026-09-08, 12:50:47, 22.27, 22.45, 22.75, 22.75, 9999.0, 9999.0, 9999.0, 23.82, 9999.0, 22.66, 9999.0, 22.75, 22.48, 22.25, 22.25, 22.25
2026-09-08, 12:50:51, 22.27, 22.48, 22.75, 22.75, 9999.0, 9999.0, 9999.0, 23.84, 9999.0, 22.68, 9999.0, 22.7, 22.48, 22.25, 22.25, 22.25
2026-09-08, 12:50:55, 22.27, 22.45, 22.75, 22.75, 9999.0, 9999.0, 9999.0, 23.86, 9999.0, 22.68, 9999.0, 22.68, 22.45, 22.25, 22.25, 22.25
2026-09-08, 12:50:59, 22.27, 22.45, 22.75, 22.75, 9999.0, 9999.0, 9999.0, 23.91, 9999.0, 22.68, 9999.0, 22.66, 22.45, 22.25, 22.25, 22.25
2026-09-08, 12:51:03, 22.27, 22.45, 22.75, 22.75, 9999.0, 9999.0, 9999.0, 23.95, 9999.0, 22.66, 9999.0, 22.64, 22.43, 22.25, 22.25, 22.25
2026-09-08, 12:51:07, 22.27, 22.43, 22.75, 22.75, 9999.0, 9999.0, 9999.0, 24.0, 9999.0, 22.64, 9999.0, 22.64, 22.43, 22.25, 22.25, 22.25
2026-09-08, 12:51:11, 22.25, 22.45, 22.75, 22.75, 9999.0, 9999.0, 9999.0, 24.02, 9999.0, 22.61, 9999.0, 22.64, 22.41, 22.25, 22.25, 22.25
2026-09-08, 12:51:15, 22.25, 22.45, 22.75, 22.75, 9999.0, 9999.0, 9999.0, 23.98, 9999.0, 22.59, 9999.0, 22.64, 22.39, 22.25, 22.25, 22.25
2026-09-08, 12:51:19, 22.25, 22.45, 22.75, 22.75, 9999.0, 9999.0, 9999.0, 23.93, 9999.0, 22.57, 9999.0, 22.64, 22.39, 22.25, 22.25, 22.25
2026-09-08, 12:51:23, 22.25, 22.45, 22.75, 22.75, 9999.0, 9999.0, 9999.0, 23.91, 9999.0, 22.55, 9999.0, 22.64, 22.39, 22.25, 22.25, 22.25
2026-09-08, 12:51:27, 22.25, 22.43, 22.75, 22.75, 9999.0, 9999.0, 9999.0, 23.89, 9999.0, 22.52, 9999.0, 22.64, 22.41, 22.25, 22.25, 22.25
2026-09-08, 12:51:31, 22.25, 22.43, 22.75, 22.75, 9999.0, 9999.0, 9999.0, 23.86, 9999.0, 22.52, 9999.0, 22.66, 22.41, 22.23, 22.25, 22.25
2026-09-08, 12:51:35, 22.25, 22.43, 22.75, 22.75, 9999.0, 9999.0, 9999.0, 23.84, 9999.0, 22.52, 9999.0, 22.68, 22.39, 22.23, 22.25, 22.25
2026-09-08, 12:51:39, 22.25, 22.45, 22.75, 22.75, 9999.0, 9999.0, 9999.0, 23.8, 9999.0, 22.55, 9999.0, 22.7, 22.41, 22.23, 22.25, 22.25
2026-09-08, 12:51:43, 22.25, 22.45, 22.75, 22.75, 9999.0, 9999.0, 9999.0, 23.75, 9999.0, 22.57, 9999.0, 22.73, 22.41, 22.23, 22.25, 22.25
2026-09-08, 12:51:47, 22.25, 22.45, 22.75, 22.75, 9999.0, 9999.0, 9999.0, 23.7, 9999.0, 22.59, 9999.0, 22.75, 22.43, 22.23, 22.25, 22.25
2026-09-08, 12:51:51, 22.25, 22.48, 22.75, 22.73, 9999.0, 9999.0, 9999.0, 23.73, 9999.0, 22.61, 9999.0, 22.75, 22.43, 22.23, 22.25, 22.25
2026-09-08, 12:51:55, 22.25, 22.48, 22.75, 22.73, 9999.0, 9999.0, 9999.0, 23.77, 9999.0, 22.64, 9999.0, 22.73, 22.45, 22.23, 22.25, 22.25
2026-09-08, 12:51:59, 22.25, 22.48, 22.75, 22.73, 9999.0, 9999.0, 9999.0, 23.82, 9999.0, 22.66, 9999.0, 22.73, 22.48, 22.23, 22.25, 22.25
2026-09-08, 12:52:03, 22.25, 22.48, 22.75, 22.73, 9999.0, 9999.0, 9999.0, 23.86, 9999.0, 22.68, 9999.0, 22.73, 22.48, 22.2, 22.25, 22.25
2026-09-08, 12:52:07, 22.25, 22.48, 22.75, 22.73, 9999.0, 9999.0, 9999.0, 23.89, 9999.0, 22.7, 9999.0, 22.7, 22.48, 22.2, 22.25, 22.25
2026-09-08, 12:52:11, 22.25, 22.5, 22.75, 22.73, 9999.0, 9999.0, 9999.0, 23.91, 9999.0, 22.7, 9999.0, 22.68, 22.48, 22.2, 22.25, 22.25
2026-09-08, 12:52:15, 22.27, 22.5, 22.75, 22.7, 9999.0, 9999.0, 9999.0, 23.93, 9999.0, 22.7, 9999.0, 22.66, 22.48, 22.23, 22.25, 22.25
2026-09-08, 12:52:19, 22.27, 22.5, 22.75, 22.7, 9999.0, 9999.0, 9999.0, 23.95, 9999.0, 22.7, 9999.0, 22.64, 22.5, 22.23, 22.25, 22.25
2026-09-08, 12:52:23, 22.27, 22.5, 22.75, 22.7, 9999.0, 9999.0, 9999.0, 24.0, 9999.0, 22.68, 9999.0, 22.61, 22.5, 22.23, 22.25, 22.25
2026-09-08, 12:52:27, 22.27, 22.5, 22.75, 22.7, 9999.0, 9999.0, 9999.0, 24.05, 9999.0, 22.66, 9999.0, 22.61, 22.5, 22.23, 22.25, 22.25
2026-09-08, 12:52:31, 22.27, 22.5, 22.75, 22.7, 9999.0, 9999.0, 9999.0, 24.09, 9999.0, 22.66, 9999.0, 22.61, 22.5, 22.23, 22.25, 22.25
2026-09-08, 12:52:35, 22.27, 22.5, 22.75, 22.73, 9999.0, 9999.0, 9999.0, 24.05, 9999.0, 22.64, 9999.0, 22.61, 22.48, 22.23, 22.25, 22.25
2026-09-08, 12:52:39, 22.27, 22.48, 22.75, 22.73, 9999.0, 9999.0, 9999.0, 24.0, 9999.0, 22.61, 9999.0, 22.64, 22.48, 22.23, 22.25, 22.25
2026-09-08, 12:52:43, 22.27, 22.48, 22.75, 22.7, 9999.0, 9999.0, 9999.0, 23.95, 9999.0, 22.59, 9999.0, 22.64, 22.48, 22.23, 22.25, 22.25
2026-09-08, 12:52:47, 22.27, 22.45, 22.75, 22.7, 9999.0, 9999.0, 9999.0, 23.91, 9999.0, 22.59, 9999.0, 22.64, 22.48, 22.25, 22.25, 22.25
2026-09-08, 12:52:51, 22.27, 22.45, 22.75, 22.7, 9999.0, 9999.0, 9999.0, 23.89, 9999.0, 22.59, 9999.0, 22.66, 22.48, 22.25, 22.25, 22.25
2026-09-08, 12:52:55, 22.27, 22.45, 22.75, 22.68, 9999.0, 9999.0, 9999.0, 23.84, 9999.0, 22.61, 9999.0, 22.68, 22.48, 22.25, 22.25, 22.25
2026-09-08, 12:52:59, 22.25, 22.45, 22.75, 22.7, 9999.0, 9999.0, 9999.0, 23.8, 9999.0, 22.61, 9999.0, 22.7, 22.48, 22.25, 22.25, 22.25
2026-09-08, 12:53:03, 22.25, 22.45, 22.75, 22.7, 9999.0, 9999.0, 9999.0, 23.75, 9999.0, 22.64, 9999.0, 22.73, 22.48, 22.25, 22.25, 22.25
2026-09-08, 12:53:07, 22.25, 22.43, 22.75, 22.7, 9999.0, 9999.0, 9999.0, 23.7, 9999.0, 22.66, 9999.0, 22.73, 22.48, 22.25, 22.25, 22.25
2026-09-08, 12:53:11, 22.25, 22.41, 22.75, 22.7, 9999.0, 9999.0, 9999.0, 23.73, 9999.0, 22.68, 9999.0, 22.73, 22.48, 22.25, 22.25, 22.25
2026-09-08, 12:53:15, 22.25, 22.39, 22.75, 22.7, 9999.0, 9999.0, 9999.0, 23.75, 9999.0, 22.68, 9999.0, 22.7, 22.48, 22.25, 22.25, 22.25
2026-09-08, 12:53:19, 22.25, 22.39, 22.75, 22.7, 9999.0, 9999.0, 9999.0, 23.8, 9999.0, 22.7, 9999.0, 22.68, 22.5, 22.25, 22.25, 22.25
2026-09-08, 12:53:23, 22.25, 22.41, 22.75, 22.7, 9999.0, 9999.0, 9999.0, 23.84, 9999.0, 22.7, 9999.0, 22.66, 22.5, 22.25, 22.25, 22.25
2026-09-08, 12:53:27, 22.25, 22.41, 22.75, 22.73, 9999.0, 9999.0, 9999.0, 23.86, 9999.0, 22.73, 9999.0, 22.64, 22.48, 22.25, 22.25, 22.25
2026-09-08, 12:53:31, 22.25, 22.43, 22.75, 22.73, 9999.0, 9999.0, 9999.0, 23.89, 9999.0, 22.73, 9999.0, 22.61, 22.48, 22.25, 22.25, 22.25
2026-09-08, 12:53:35, 22.25, 22.43, 22.75, 22.73, 9999.0, 9999.0, 9999.0, 23.91, 9999.0, 22.73, 9999.0, 22.59, 22.48, 22.25, 22.25, 22.25
2026-09-08, 12:53:39, 22.25, 22.43, 22.75, 22.75, 9999.0, 9999.0, 9999.0, 23.95, 9999.0, 22.7, 9999.0, 22.57, 22.48, 22.25, 22.25, 22.25
2026-09-08, 12:53:43, 22.25, 22.43, 22.75, 22.75, 9999.0, 9999.0, 9999.0, 24.0, 9999.0, 22.68, 9999.0, 22.55, 22.48, 22.25, 22.25, 22.25
2026-09-08, 12:53:47, 22.25, 22.43, 22.75, 22.75, 9999.0, 9999.0, 9999.0, 24.05, 9999.0, 22.66, 9999.0, 22.55, 22.45, 22.25, 22.25, 22.25
2026-09-08, 12:53:51, 22.25, 22.45, 22.75, 22.75, 9999.0, 9999.0, 9999.0, 24.07, 9999.0, 22.64, 9999.0, 22.57, 22.43, 22.25, 22.25, 22.25
2026-09-08, 12:53:55, 22.25, 22.45, 22.75, 22.75, 9999.0, 9999.0, 9999.0, 24.02, 9999.0, 22.61, 9999.0, 22.57, 22.43, 22.25, 22.25, 22.25
2026-09-08, 12:53:59, 22.25, 22.45, 22.75, 22.75, 9999.0, 9999.0, 9999.0, 23.98, 9999.0, 22.59, 9999.0, 22.59, 22.43, 22.25, 22.25, 22.25
2026-09-08, 12:54:03, 22.25, 22.45, 22.75, 22.75, 9999.0, 9999.0, 9999.0, 23.93, 9999.0, 22.57, 9999.0, 22.61, 22.43, 22.25, 22.25, 22.25
2026-09-08, 12:54:07, 22.25, 22.45, 22.75, 22.75, 9999.0, 9999.0, 9999.0, 23.89, 9999.0, 22.59, 9999.0, 22.64, 22.43, 22.25, 22.25, 22.25
2026-09-08, 12:54:11, 22.25, 22.45, 22.75, 22.75, 9999.0, 9999.0, 9999.0, 23.86, 9999.0, 22.59, 9999.0, 22.66, 22.45, 22.25, 22.25, 22.25
2026-09-08, 12:54:15, 22.25, 22.45, 22.75, 22.75, 9999.0, 9999.0, 9999.0, 23.84, 9999.0, 22.59, 9999.0, 22.68, 22.45, 22.25, 22.25, 22.25
2026-09-08, 12:54:19, 22.25, 22.45, 22.75, 22.73, 9999.0, 9999.0, 9999.0, 23.8, 9999.0, 22.59, 9999.0, 22.7, 22.45, 22.25, 22.25, 22.25
2026-09-08, 12:54:23, 22.25, 22.45, 22.75, 22.73, 9999.0, 9999.0, 9999.0, 23.75, 9999.0, 22.61, 9999.0, 22.73, 22.45, 22.25, 22.25, 22.25
2026-09-08, 12:54:28, 22.25, 22.45, 22.75, 22.73, 9999.0, 9999.0, 9999.0, 23.77, 9999.0, 22.64, 9999.0, 22.73, 22.45, 22.25, 22.25, 22.25
2026-09-08, 12:54:32, 22.25, 22.45, 22.75, 22.73, 9999.0, 9999.0, 9999.0, 23.8, 9999.0, 22.66, 9999.0, 22.73, 22.48, 22.25, 22.25, 22.25
2026-09-08, 12:54:36, 22.25, 22.45, 22.75, 22.73, 9999.0, 9999.0, 9999.0, 23.84, 9999.0, 22.68, 9999.0, 22.7, 22.5, 22.25, 22.25, 22.25
2026-09-08, 12:54:40, 22.25, 22.45, 22.75, 22.73, 9999.0, 9999.0, 9999.0, 23.89, 9999.0, 22.7, 9999.0, 22.68, 22.5, 22.25, 22.25, 22.25
2026-09-08, 12:54:44, 22.25, 22.48, 22.75, 22.73, 9999.0, 9999.0, 9999.0, 23.91, 9999.0, 22.73, 9999.0, 22.66, 22.5, 22.25, 22.25, 22.25
2026-09-08, 12:54:48, 22.25, 22.48, 22.75, 22.73, 9999.0, 9999.0, 9999.0, 23.93, 9999.0, 22.75, 9999.0, 22.64, 22.5, 22.25, 22.25, 22.25
2026-09-08, 12:54:52, 22.25, 22.48, 22.75, 22.73, 9999.0, 9999.0, 9999.0, 23.95, 9999.0, 22.73, 9999.0, 22.61, 22.5, 22.25, 22.25, 22.25
2026-09-08, 12:54:56, 22.25, 22.48, 22.75, 22.7, 9999.0, 9999.0, 9999.0, 23.98, 9999.0, 22.7, 9999.0, 22.59, 22.5, 22.25, 22.25, 22.25
2026-09-08, 12:55:00, 22.25, 22.48, 22.75, 22.7, 9999.0, 9999.0, 9999.0, 24.0, 9999.0, 22.68, 9999.0, 22.57, 22.5, 22.25, 22.25, 22.25
2026-09-08, 12:55:04, 22.25, 22.48, 22.75, 22.73, 9999.0, 9999.0, 9999.0, 24.05, 9999.0, 22.66, 9999.0, 22.55, 22.48, 22.25, 22.25, 22.25
2026-09-08, 12:55:08, 22.25, 22.48, 22.75, 22.73, 9999.0, 9999.0, 9999.0, 24.09, 9999.0, 22.64, 9999.0, 22.55, 22.48, 22.25, 22.25, 22.25
2026-09-08, 12:55:12, 22.25, 22.48, 22.75, 22.73, 9999.0, 9999.0, 9999.0, 24.07, 9999.0, 22.61, 9999.0, 22.57, 22.48, 22.25, 22.25, 22.25
2026-09-08, 12:55:16, 22.25, 22.48, 22.75, 22.73, 9999.0, 9999.0, 9999.0, 24.02, 9999.0, 22.59, 9999.0, 22.57, 22.48, 22.25, 22.25, 22.25
2026-09-08, 12:55:20, 22.25, 22.48, 22.75, 22.73, 9999.0, 9999.0, 9999.0, 23.98, 9999.0, 22.57, 9999.0, 22.59, 22.48, 22.25, 22.25, 22.25
2026-09-08, 12:55:24, 22.25, 22.5, 22.75, 22.73, 9999.0, 9999.0, 9999.0, 23.93, 9999.0, 22.55, 9999.0, 22.61, 22.48, 22.25, 22.25, 22.25
2026-09-08, 12:55:28, 22.25, 22.5, 22.75, 22.73, 9999.0, 9999.0, 9999.0, 23.91, 9999.0, 22.55, 9999.0, 22.64, 22.48, 22.25, 22.25, 22.25
2026-09-08, 12:55:32, 22.25, 22.5, 22.75, 22.73, 9999.0, 9999.0, 9999.0, 23.86, 9999.0, 22.55, 9999.0, 22.66, 22.48, 22.25, 22.25, 22.25
2026-09-08, 12:55:36, 22.25, 22.5, 22.75, 22.73, 9999.0, 9999.0, 9999.0, 23.84, 9999.0, 22.57, 9999.0, 22.68, 22.48, 22.25, 22.25, 22.25
2026-09-08, 12:55:40, 22.25, 22.5, 22.75, 22.75, 9999.0, 9999.0, 9999.0, 23.8, 9999.0, 22.59, 9999.0, 22.7, 22.48, 22.25, 22.25, 22.25
2026-09-08, 12:55:44, 22.25, 22.5, 22.75, 22.75, 9999.0, 9999.0, 9999.0, 23.75, 9999.0, 22.61, 9999.0, 22.73, 22.48, 22.25, 22.25, 22.25
2026-09-08, 12:55:48, 22.25, 22.5, 22.75, 22.75, 9999.0, 9999.0, 9999.0, 23.77, 9999.0, 22.64, 9999.0, 22.75, 22.5, 22.25, 22.25, 22.25
2026-09-08, 12:55:52, 22.25, 22.5, 22.75, 22.75, 9999.0, 9999.0, 9999.0, 23.8, 9999.0, 22.66, 9999.0, 22.73, 22.5, 22.25, 22.25, 22.25
2026-09-08, 12:55:56, 22.25, 22.5, 22.75, 22.75, 9999.0, 9999.0, 9999.0, 23.82, 9999.0, 22.68, 9999.0, 22.73, 22.5, 22.25, 22.25, 22.25
2026-09-08, 12:56:00, 22.25, 22.5, 22.75, 22.75, 9999.0, 9999.0, 9999.0, 23.84, 9999.0, 22.7, 9999.0, 22.7, 22.5, 22.25, 22.25, 22.25
2026-09-08, 12:56:04, 22.25, 22.5, 22.75, 22.75, 9999.0, 9999.0, 9999.0, 23.89, 9999.0, 22.7, 9999.0, 22.68, 22.48, 22.25, 22.25, 22.25
2026-09-08, 12:56:08, 22.25, 22.5, 22.75, 22.75, 9999.0, 9999.0, 9999.0, 23.91, 9999.0, 22.7, 9999.0, 22.66, 22.45, 22.25, 22.25, 22.25
2026-09-08, 12:56:12, 22.25, 22.5, 22.75, 22.73, 9999.0, 9999.0, 9999.0, 23.93, 9999.0, 22.68, 9999.0, 22.64, 22.45, 22.25, 22.25, 22.25
2026-09-08, 12:56:16, 22.25, 22.5, 22.75, 22.73, 9999.0, 9999.0, 9999.0, 23.98, 9999.0, 22.66, 9999.0, 22.61, 22.45, 22.25, 22.25, 22.25
2026-09-08, 12:56:20, 22.25, 22.5, 22.75, 22.73, 9999.0, 9999.0, 9999.0, 24.0, 9999.0, 22.64, 9999.0, 22.59, 22.43, 22.25, 22.25, 22.25
2026-09-08, 12:56:24, 22.25, 22.5, 22.75, 22.73, 9999.0, 9999.0, 9999.0, 24.05, 9999.0, 22.61, 9999.0, 22.59, 22.43, 22.25, 22.25, 22.25
2026-09-08, 12:56:28, 22.25, 22.5, 22.75, 22.73, 9999.0, 9999.0, 9999.0, 24.07, 9999.0, 22.59, 9999.0, 22.59, 22.41, 22.25, 22.25, 22.25
2026-09-08, 12:56:32, 22.25, 22.5, 22.75, 22.73, 9999.0, 9999.0, 9999.0, 24.02, 9999.0, 22.57, 9999.0, 22.59, 22.41, 22.25, 22.25, 22.25
2026-09-08, 12:56:36, 22.25, 22.5, 22.75, 22.73, 9999.0, 9999.0, 9999.0, 23.98, 9999.0, 22.55, 9999.0, 22.61, 22.41, 22.25, 22.25, 22.25
2026-09-08, 12:56:40, 22.25, 22.5, 22.75, 22.73, 9999.0, 9999.0, 9999.0, 23.93, 9999.0, 22.52, 9999.0, 22.61, 22.39, 22.25, 22.25, 22.25
2026-09-08, 12:56:44, 22.25, 22.5, 22.75, 22.73, 9999.0, 9999.0, 9999.0, 23.91, 9999.0, 22.52, 9999.0, 22.64, 22.36, 22.25, 22.25, 22.25
2026-09-08, 12:56:48, 22.25, 22.5, 22.75, 22.73, 9999.0, 9999.0, 9999.0, 23.86, 9999.0, 22.55, 9999.0, 22.66, 22.39, 22.25, 22.25, 22.25
2026-09-08, 12:56:52, 22.25, 22.5, 22.75, 22.73, 9999.0, 9999.0, 9999.0, 23.84, 9999.0, 22.55, 9999.0, 22.68, 22.41, 22.25, 22.25, 22.25
2026-09-08, 12:56:56, 22.25, 22.5, 22.75, 22.75, 9999.0, 9999.0, 9999.0, 23.8, 9999.0, 22.57, 9999.0, 22.7, 22.41, 22.25, 22.25, 22.25
2026-09-08, 12:57:00, 22.25, 22.5, 22.75, 22.75, 9999.0, 9999.0, 9999.0, 23.75, 9999.0, 22.59, 9999.0, 22.73, 22.41, 22.25, 22.25, 22.25
2026-09-08, 12:57:04, 22.25, 22.5, 22.75, 22.75, 9999.0, 9999.0, 9999.0, 23.7, 9999.0, 22.61, 9999.0, 22.75, 22.43, 22.25, 22.25, 22.25
2026-09-08, 12:57:08, 22.25, 22.48, 22.75, 22.75, 9999.0, 9999.0, 9999.0, 23.73, 9999.0, 22.64, 9999.0, 22.75, 22.43, 22.25, 22.25, 22.25
2026-09-08, 12:57:12, 22.25, 22.48, 22.75, 22.75, 9999.0, 9999.0, 9999.0, 23.77, 9999.0, 22.64, 9999.0, 22.75, 22.45, 22.25, 22.25, 22.25
2026-09-08, 12:57:16, 22.25, 22.45, 22.75, 22.75, 9999.0, 9999.0, 9999.0, 23.8, 9999.0, 22.64, 9999.0, 22.73, 22.45, 22.25, 22.25, 22.25
2026-09-08, 12:57:20, 22.25, 22.45, 22.75, 22.75, 9999.0, 9999.0, 9999.0, 23.84, 9999.0, 22.64, 9999.0, 22.7, 22.43, 22.25, 22.25, 22.25
2026-09-08, 12:57:24, 22.25, 22.45, 22.75, 22.75, 9999.0, 9999.0, 9999.0, 23.86, 9999.0, 22.64, 9999.0, 22.68, 22.43, 22.25, 22.25, 22.25
2026-09-08, 12:57:28, 22.25, 22.43, 22.75, 22.75, 9999.0, 9999.0, 9999.0, 23.89, 9999.0, 22.61, 9999.0, 22.66, 22.43, 22.25, 22.25, 22.25
2026-09-08, 12:57:32, 22.25, 22.43, 22.75, 22.75, 9999.0, 9999.0, 9999.0, 23.91, 9999.0, 22.59, 9999.0, 22.64, 22.41, 22.25, 22.25, 22.25
2026-09-08, 12:57:36, 22.25, 22.41, 22.75, 22.75, 9999.0, 9999.0, 9999.0, 23.93, 9999.0, 22.59, 9999.0, 22.61, 22.41, 22.25, 22.25, 22.25
2026-09-08, 12:57:40, 22.25, 22.41, 22.75, 22.75, 9999.0, 9999.0, 9999.0, 23.98, 9999.0, 22.57, 9999.0, 22.59, 22.39, 22.25, 22.25, 22.25
2026-09-08, 12:57:44, 22.25, 22.41, 22.75, 22.75, 9999.0, 9999.0, 9999.0, 24.02, 9999.0, 22.55, 9999.0, 22.59, 22.36, 22.25, 22.25, 22.25
2026-09-08, 12:57:48, 22.25, 22.41, 22.75, 22.75, 9999.0, 9999.0, 9999.0, 24.05, 9999.0, 22.52, 9999.0, 22.59, 22.36, 22.25, 22.25, 22.25
2026-09-08, 12:57:52, 22.25, 22.43, 22.75, 22.75, 9999.0, 9999.0, 9999.0, 24.0, 9999.0, 22.48, 9999.0, 22.59, 22.36, 22.25, 22.25, 22.25
2026-09-08, 12:57:56, 22.25, 22.43, 22.75, 22.75, 9999.0, 9999.0, 9999.0, 23.95, 9999.0, 22.45, 9999.0, 22.59, 22.36, 22.25, 22.25, 22.25
2026-09-08, 12:58:00, 22.25, 22.45, 22.75, 22.75, 9999.0, 9999.0, 9999.0, 23.93, 9999.0, 22.43, 9999.0, 22.61, 22.36, 22.23, 22.25, 22.25
2026-09-08, 12:58:04, 22.25, 22.45, 22.75, 22.75, 9999.0, 9999.0, 9999.0, 23.89, 9999.0, 22.45, 9999.0, 22.64, 22.39, 22.23, 22.25, 22.25
2026-09-08, 12:58:08, 22.25, 22.45, 22.75, 22.75, 9999.0, 9999.0, 9999.0, 23.86, 9999.0, 22.48, 9999.0, 22.66, 22.39, 22.23, 22.25, 22.25
2026-09-08, 12:58:12, 22.25, 22.48, 22.75, 22.75, 9999.0, 9999.0, 9999.0, 23.82, 9999.0, 22.5, 9999.0, 22.68, 22.41, 22.23, 22.25, 22.25
2026-09-08, 12:58:17, 22.25, 22.48, 22.75, 22.75, 9999.0, 9999.0, 9999.0, 23.77, 9999.0, 22.52, 9999.0, 22.7, 22.43, 22.23, 22.25, 22.25
2026-09-08, 12:58:21, 22.25, 22.5, 22.75, 22.75, 9999.0, 9999.0, 9999.0, 23.73, 9999.0, 22.55, 9999.0, 22.73, 22.43, 22.23, 22.25, 22.25
2026-09-08, 12:58:25, 22.25, 22.5, 22.75, 22.75, 9999.0, 9999.0, 9999.0, 23.75, 9999.0, 22.55, 9999.0, 22.75, 22.45, 22.23, 22.25, 22.25
2026-09-08, 12:58:29, 22.25, 22.5, 22.75, 22.75, 9999.0, 9999.0, 9999.0, 23.77, 9999.0, 22.55, 9999.0, 22.75, 22.48, 22.23, 22.25, 22.25
2026-09-08, 12:58:33, 22.25, 22.5, 22.75, 22.75, 9999.0, 9999.0, 9999.0, 23.82, 9999.0, 22.55, 9999.0, 22.73, 22.48, 22.23, 22.25, 22.25
2026-09-08, 12:58:37, 22.25, 22.5, 22.75, 22.75, 9999.0, 9999.0, 9999.0, 23.84, 9999.0, 22.57, 9999.0, 22.7, 22.48, 22.23, 22.25, 22.25
2026-09-08, 12:58:41, 22.25, 22.5, 22.75, 22.75, 9999.0, 9999.0, 9999.0, 23.86, 9999.0, 22.59, 9999.0, 22.68, 22.48, 22.23, 22.25, 22.25
2026-09-08, 12:58:45, 22.25, 22.48, 22.75, 22.75, 9999.0, 9999.0, 9999.0, 23.89, 9999.0, 22.61, 9999.0, 22.66, 22.45, 22.25, 22.25, 22.25
2026-09-08, 12:58:49, 22.25, 22.48, 22.75, 22.75, 9999.0, 9999.0, 9999.0, 23.89, 9999.0, 22.59, 9999.0, 22.64, 22.43, 22.25, 22.25, 22.25
2026-09-08, 12:58:53, 22.25, 22.48, 22.75, 22.75, 9999.0, 9999.0, 9999.0, 23.89, 9999.0, 22.57, 9999.0, 22.61, 22.43, 22.25, 22.25, 22.25
2026-09-08, 12:58:57, 22.25, 22.48, 22.75, 22.75, 9999.0, 9999.0, 9999.0, 23.93, 9999.0, 22.55, 9999.0, 22.59, 22.41, 22.25, 22.25, 22.25
2026-09-08, 12:59:01, 22.25, 22.45, 22.75, 22.75, 9999.0, 9999.0, 9999.0, 23.98, 9999.0, 22.5, 9999.0, 22.57, 22.41, 22.25, 22.25, 22.25
2026-09-08, 12:59:05, 22.25, 22.45, 22.75, 22.75, 9999.0, 9999.0, 9999.0, 24.02, 9999.0, 22.48, 9999.0, 22.57, 22.39, 22.25, 22.25, 22.25
2026-09-08, 12:59:09, 22.25, 22.45, 22.75, 22.75, 9999.0, 9999.0, 9999.0, 23.98, 9999.0, 22.45, 9999.0, 22.57, 22.36, 22.25, 22.25, 22.25
2026-09-08, 12:59:13, 22.25, 22.45, 22.75, 22.75, 9999.0, 9999.0, 9999.0, 23.93, 9999.0, 22.43, 9999.0, 22.57, 22.36, 22.25, 22.25, 22.25
2026-09-08, 12:59:17, 22.25, 22.45, 22.75, 22.75, 9999.0, 9999.0, 9999.0, 23.89, 9999.0, 22.41, 9999.0, 22.59, 22.36, 22.25, 22.25, 22.25
2026-09-08, 12:59:21, 22.25, 22.45, 22.75, 22.75, 9999.0, 9999.0, 9999.0, 23.86, 9999.0, 22.39, 9999.0, 22.61, 22.36, 22.25, 22.25, 22.25
2026-09-08, 12:59:25, 22.25, 22.45, 22.75, 22.75, 9999.0, 9999.0, 9999.0, 23.84, 9999.0, 22.39, 9999.0, 22.64, 22.36, 22.25, 22.25, 22.25
2026-09-08, 12:59:29, 22.25, 22.48, 22.75, 22.75, 9999.0, 9999.0, 9999.0, 23.8, 9999.0, 22.39, 9999.0, 22.66, 22.39, 22.25, 22.25, 22.25
2026-09-08, 12:59:33, 22.25, 22.48, 22.75, 22.73, 9999.0, 9999.0, 9999.0, 23.77, 9999.0, 22.39, 9999.0, 22.68, 22.41, 22.25, 22.25, 22.25
2026-09-08, 12:59:37, 22.25, 22.48, 22.75, 22.73, 9999.0, 9999.0, 9999.0, 23.75, 9999.0, 22.41, 9999.0, 22.7, 22.43, 22.25, 22.25, 22.25
2026-09-08, 12:59:41, 22.25, 22.45, 22.75, 22.73, 9999.0, 9999.0, 9999.0, 23.7, 9999.0, 22.41, 9999.0, 22.73, 22.45, 22.25, 22.25, 22.25
2026-09-08, 12:59:45, 22.25, 22.48, 22.75, 22.73, 9999.0, 9999.0, 9999.0, 23.75, 9999.0, 22.43, 9999.0, 22.75, 22.45, 22.25, 22.25, 22.25
2026-09-08, 12:59:49, 22.25, 22.48, 22.75, 22.73, 9999.0, 9999.0, 9999.0, 23.77, 9999.0, 22.43, 9999.0, 22.73, 22.48, 22.25, 22.25, 22.25
2026-09-08, 12:59:53, 22.25, 22.48, 22.75, 22.73, 9999.0, 9999.0, 9999.0, 23.82, 9999.0, 22.45, 9999.0, 22.7, 22.5, 22.25, 22.25, 22.25
2026-09-08, 12:59:57, 22.25, 22.48, 22.75, 22.73, 9999.0, 9999.0, 9999.0, 23.86, 9999.0, 22.48, 9999.0, 22.68, 22.5, 22.25, 22.25, 22.25
2026-09-08, 13:00:01, 22.25, 22.45, 22.75, 22.73, 9999.0, 9999.0, 9999.0, 23.89, 9999.0, 22.5, 9999.0, 22.66, 22.5, 22.25, 22.25, 22.25
2026-09-08, 13:00:05, 22.25, 22.45, 22.75, 22.73, 9999.0, 9999.0, 9999.0, 23.91, 9999.0, 22.52, 9999.0, 22.64, 22.5, 22.25, 22.25, 22.25
2026-09-08, 13:00:09, 22.25, 22.45, 22.75, 22.73, 9999.0, 9999.0, 9999.0, 23.93, 9999.0, 22.5, 9999.0, 22.61, 22.5, 22.25, 22.25, 22.25
2026-09-08, 13:00:13, 22.25, 22.45, 22.75, 22.73, 9999.0, 9999.0, 9999.0, 23.98, 9999.0, 22.5, 9999.0, 22.59, 22.5, 22.25, 22.25, 22.25
2026-09-08, 13:00:17, 22.25, 22.45, 22.75, 22.75, 9999.0, 9999.0, 9999.0, 24.02, 9999.0, 22.48, 9999.0, 22.57, 22.5, 22.25, 22.25, 22.25
2026-09-08, 13:00:21, 22.25, 22.45, 22.75, 22.75, 9999.0, 9999.0, 9999.0, 24.07, 9999.0, 22.43, 9999.0, 22.55, 22.48, 22.23, 22.25, 22.25
2026-09-08, 13:00:25, 22.25, 22.48, 22.75, 22.75, 9999.0, 9999.0, 9999.0, 24.11, 9999.0, 22.41, 9999.0, 22.55, 22.45, 22.23, 22.25, 22.25
2026-09-08, 13:00:29, 22.25, 22.48, 22.75, 22.75, 9999.0, 9999.0, 9999.0, 24.05, 9999.0, 22.39, 9999.0, 22.55, 22.43, 22.23, 22.25, 22.25
2026-09-08, 13:00:33, 22.25, 22.48, 22.75, 22.75, 9999.0, 9999.0, 9999.0, 24.0, 9999.0, 22.36, 9999.0, 22.57, 22.43, 22.23, 22.25, 22.25
2026-09-08, 13:00:37, 22.25, 22.48, 22.75, 22.75, 9999.0, 9999.0, 9999.0, 23.95, 9999.0, 22.34, 9999.0, 22.59, 22.43, 22.23, 22.25, 22.25
2026-09-08, 13:00:41, 22.25, 22.48, 22.75, 22.75, 9999.0, 9999.0, 9999.0, 23.91, 9999.0, 22.34, 9999.0, 22.61, 22.43, 22.23, 22.25, 22.25
2026-09-08, 13:00:45, 22.25, 22.5, 22.75, 22.75, 9999.0, 9999.0, 9999.0, 23.86, 9999.0, 22.36, 9999.0, 22.64, 22.43, 22.23, 22.25, 22.25
2026-09-08, 13:00:49, 22.25, 22.5, 22.75, 22.75, 9999.0, 9999.0, 9999.0, 23.82, 9999.0, 22.36, 9999.0, 22.66, 22.41, 22.23, 22.25, 22.25
2026-09-08, 13:00:53, 22.25, 22.5, 22.75, 22.75, 9999.0, 9999.0, 9999.0, 23.77, 9999.0, 22.41, 9999.0, 22.68, 22.41, 22.23, 22.25, 22.25
2026-09-08, 13:00:57, 22.25, 22.5, 22.75, 22.75, 9999.0, 9999.0, 9999.0, 23.73, 9999.0, 22.43, 9999.0, 22.7, 22.41, 22.23, 22.25, 22.25
2026-09-08, 13:01:01, 22.25, 22.5, 22.75, 22.75, 9999.0, 9999.0, 9999.0, 23.68, 9999.0, 22.48, 9999.0, 22.73, 22.41, 22.23, 22.25, 22.25
2026-09-08, 13:01:05, 22.25, 22.5, 22.75, 22.75, 9999.0, 9999.0, 9999.0, 23.7, 9999.0, 22.52, 9999.0, 22.73, 22.43, 22.25, 22.25, 22.25
2026-09-08, 13:01:09, 22.25, 22.5, 22.75, 22.75, 9999.0, 9999.0, 9999.0, 23.73, 9999.0, 22.57, 9999.0, 22.7, 22.45, 22.25, 22.25, 22.25
2026-09-08, 13:01:13, 22.25, 22.5, 22.75, 22.75, 9999.0, 9999.0, 9999.0, 23.75, 9999.0, 22.59, 9999.0, 22.7, 22.48, 22.23, 22.25, 22.25
2026-09-08, 13:01:17, 22.25, 22.5, 22.75, 22.75, 9999.0, 9999.0, 9999.0, 23.8, 9999.0, 22.61, 9999.0, 22.68, 22.48, 22.23, 22.25, 22.25
2026-09-08, 13:01:21, 22.25, 22.5, 22.75, 22.75, 9999.0, 9999.0, 9999.0, 23.82, 9999.0, 22.64, 9999.0, 22.66, 22.45, 22.23, 22.25, 22.25
2026-09-08, 13:01:25, 22.25, 22.5, 22.75, 22.75, 9999.0, 9999.0, 9999.0, 23.84, 9999.0, 22.61, 9999.0, 22.64, 22.45, 22.23, 22.25, 22.25
2026-09-08, 13:01:29, 22.25, 22.5, 22.75, 22.75, 9999.0, 9999.0, 9999.0, 23.89, 9999.0, 22.57, 9999.0, 22.61, 22.43, 22.23, 22.25, 22.25
2026-09-08, 13:01:33, 22.25, 22.5, 22.75, 22.75, 9999.0, 9999.0, 9999.0, 23.91, 9999.0, 22.55, 9999.0, 22.59, 22.45, 22.23, 22.27, 22.25
2026-09-08, 13:01:37, 22.25, 22.5, 22.75, 22.75, 9999.0, 9999.0, 9999.0, 23.95, 9999.0, 22.5, 9999.0, 22.57, 22.43, 22.23, 22.27, 22.25
2026-09-08, 13:01:41, 22.25, 22.5, 22.75, 22.75, 9999.0, 9999.0, 9999.0, 23.98, 9999.0, 22.45, 9999.0, 22.57, 22.43, 22.23, 22.27, 22.25
2026-09-08, 13:01:45, 22.25, 22.5, 22.75, 22.75, 9999.0, 9999.0, 9999.0, 24.0, 9999.0, 22.41, 9999.0, 22.57, 22.43, 22.23, 22.27, 22.25
2026-09-08, 13:01:49, 22.25, 22.5, 22.75, 22.75, 9999.0, 9999.0, 9999.0, 23.95, 9999.0, 22.39, 9999.0, 22.59, 22.41, 22.23, 22.27, 22.25
2026-09-08, 13:01:53, 22.25, 22.5, 22.75, 22.75, 9999.0, 9999.0, 9999.0, 23.91, 9999.0, 22.34, 9999.0, 22.61, 22.41, 22.23, 22.27, 22.25
2026-09-08, 13:01:57, 22.25, 22.5, 22.75, 22.75, 9999.0, 9999.0, 9999.0, 23.89, 9999.0, 22.32, 9999.0, 22.61, 22.41, 22.25, 22.27, 22.25
2026-09-08, 13:02:01, 22.25, 22.5, 22.75, 22.75, 9999.0, 9999.0, 9999.0, 23.84, 9999.0, 22.32, 9999.0, 22.64, 22.41, 22.25, 22.27, 22.25
2026-09-08, 13:02:05, 22.25, 22.5, 22.75, 22.75, 9999.0, 9999.0, 9999.0, 23.8, 9999.0, 22.32, 9999.0, 22.66, 22.43, 22.25, 22.27, 22.25
2026-09-08, 13:02:10, 22.25, 22.5, 22.75, 22.75, 9999.0, 9999.0, 9999.0, 23.75, 9999.0, 22.34, 9999.0, 22.68, 22.41, 22.25, 22.27, 22.25
2026-09-08, 13:02:14, 22.25, 22.5, 22.75, 22.75, 9999.0, 9999.0, 9999.0, 23.7, 9999.0, 22.36, 9999.0, 22.7, 22.43, 22.25, 22.27, 22.25
2026-09-08, 13:02:18, 22.25, 22.5, 22.75, 22.75, 9999.0, 9999.0, 9999.0, 23.68, 9999.0, 22.39, 9999.0, 22.73, 22.43, 22.25, 22.25, 22.25
2026-09-08, 13:02:22, 22.25, 22.5, 22.73, 22.75, 9999.0, 9999.0, 9999.0, 23.61, 9999.0, 22.41, 9999.0, 22.75, 22.45, 22.25, 22.25, 22.25
2026-09-08, 13:02:26, 22.25, 22.5, 22.73, 22.75, 9999.0, 9999.0, 9999.0, 23.66, 9999.0, 22.43, 9999.0, 22.75, 22.45, 22.25, 22.25, 22.25
2026-09-08, 13:02:30, 22.25, 22.5, 22.73, 22.75, 9999.0, 9999.0, 9999.0, 23.68, 9999.0, 22.45, 9999.0, 22.75, 22.45, 22.25, 22.25, 22.25
2026-09-08, 13:02:34, 22.25, 22.5, 22.73, 22.75, 9999.0, 9999.0, 9999.0, 23.7, 9999.0, 22.45, 9999.0, 22.73, 22.48, 22.25, 22.25, 22.25
2026-09-08, 13:02:38, 22.25, 22.5, 22.73, 22.75, 9999.0, 9999.0, 9999.0, 23.73, 9999.0, 22.48, 9999.0, 22.7, 22.48, 22.25, 22.25, 22.25
2026-09-08, 13:02:42, 22.25, 22.5, 22.73, 22.75, 9999.0, 9999.0, 9999.0, 23.75, 9999.0, 22.5, 9999.0, 22.68, 22.48, 22.25, 22.25, 22.25
2026-09-08, 13:02:46, 22.25, 22.5, 22.73, 22.75, 9999.0, 9999.0, 9999.0, 23.75, 9999.0, 22.48, 9999.0, 22.66, 22.48, 22.25, 22.25, 22.25
2026-09-08, 13:02:50, 22.25, 22.5, 22.73, 22.75, 9999.0, 9999.0, 9999.0, 23.77, 9999.0, 22.45, 9999.0, 22.64, 22.48, 22.25, 22.25, 22.25
2026-09-08, 13:02:54, 22.25, 22.5, 22.73, 22.75, 9999.0, 9999.0, 9999.0, 23.8, 9999.0, 22.43, 9999.0, 22.61, 22.48, 22.25, 22.25, 22.25
2026-09-08, 13:02:58, 22.25, 22.5, 22.73, 22.75, 9999.0, 9999.0, 9999.0, 23.82, 9999.0, 22.43, 9999.0, 22.59, 22.48, 22.25, 22.25, 22.25
2026-09-08, 13:03:02, 22.25, 22.5, 22.73, 22.75, 9999.0, 9999.0, 9999.0, 23.86, 9999.0, 22.43, 9999.0, 22.59, 22.45, 22.25, 22.25, 22.25
2026-09-08, 13:03:06, 22.25, 22.5, 22.75, 22.75, 9999.0, 9999.0, 9999.0, 23.91, 9999.0, 22.43, 9999.0, 22.59, 22.45, 22.25, 22.25, 22.25
2026-09-08, 13:03:10, 22.25, 22.5, 22.75, 22.75, 9999.0, 9999.0, 9999.0, 23.86, 9999.0, 22.41, 9999.0, 22.59, 22.45, 22.25, 22.25, 22.25
2026-09-08, 13:03:14, 22.25, 22.5, 22.75, 22.75, 9999.0, 9999.0, 9999.0, 23.84, 9999.0, 22.39, 9999.0, 22.59, 22.45, 22.25, 22.25, 22.25
2026-09-08, 13:03:18, 22.25, 22.5, 22.75, 22.75, 9999.0, 9999.0, 9999.0, 23.8, 9999.0, 22.36, 9999.0, 22.61, 22.45, 22.25, 22.25, 22.25
2026-09-08, 13:03:22, 22.25, 22.5, 22.75, 22.75, 9999.0, 9999.0, 9999.0, 23.75, 9999.0, 22.36, 9999.0, 22.64, 22.45, 22.25, 22.25, 22.25
2026-09-08, 13:03:26, 22.25, 22.5, 22.75, 22.75, 9999.0, 9999.0, 9999.0, 23.7, 9999.0, 22.36, 9999.0, 22.66, 22.45, 22.25, 22.25, 22.25
2026-09-08, 13:03:30, 22.27, 22.5, 22.75, 22.75, 9999.0, 9999.0, 9999.0, 23.68, 9999.0, 22.39, 9999.0, 22.68, 22.45, 22.25, 22.25, 22.25
2026-09-08, 13:03:34, 22.27, 22.5, 22.75, 22.75, 9999.0, 9999.0, 9999.0, 23.66, 9999.0, 22.43, 9999.0, 22.7, 22.45, 22.25, 22.25, 22.25
2026-09-08, 13:03:38, 22.27, 22.5, 22.75, 22.75, 9999.0, 9999.0, 9999.0, 23.64, 9999.0, 22.45, 9999.0, 22.73, 22.48, 22.25, 22.25, 22.25
2026-09-08, 13:03:42, 22.27, 22.5, 22.75, 22.75, 9999.0, 9999.0, 9999.0, 23.68, 9999.0, 22.45, 9999.0, 22.75, 22.48, 22.25, 22.25, 22.25
2026-09-08, 13:03:46, 22.27, 22.5, 22.75, 22.75, 9999.0, 9999.0, 9999.0, 23.7, 9999.0, 22.45, 9999.0, 22.75, 22.5, 22.25, 22.25, 22.25
2026-09-08, 13:03:50, 22.27, 22.5, 22.75, 22.75, 9999.0, 9999.0, 9999.0, 23.75, 9999.0, 22.45, 9999.0, 22.73, 22.5, 22.25, 22.25, 22.25
2026-09-08, 13:03:54, 22.27, 22.5, 22.75, 22.75, 9999.0, 9999.0, 9999.0, 23.8, 9999.0, 22.48, 9999.0, 22.73, 22.5, 22.25, 22.25, 22.25
2026-09-08, 13:03:58, 22.27, 22.5, 22.75, 22.75, 9999.0, 9999.0, 9999.0, 23.82, 9999.0, 22.5, 9999.0, 22.7, 22.5, 22.25, 22.25, 22.25
2026-09-08, 13:04:02, 22.27, 22.5, 22.75, 22.75, 9999.0, 9999.0, 9999.0, 23.86, 9999.0, 22.5, 9999.0, 22.68, 22.5, 22.25, 22.25, 22.25
2026-09-08, 13:04:06, 22.27, 22.5, 22.75, 22.75, 9999.0, 9999.0, 9999.0, 23.91, 9999.0, 22.5, 9999.0, 22.66, 22.5, 22.25, 22.25, 22.25
2026-09-08, 13:04:10, 22.27, 22.5, 22.75, 22.75, 9999.0, 9999.0, 9999.0, 23.93, 9999.0, 22.48, 9999.0, 22.64, 22.5, 22.25, 22.25, 22.25
2026-09-08, 13:04:14, 22.25, 22.5, 22.75, 22.75, 9999.0, 9999.0, 9999.0, 23.98, 9999.0, 22.45, 9999.0, 22.61, 22.5, 22.25, 22.25, 22.25
2026-09-08, 13:04:18, 22.25, 22.5, 22.75, 22.75, 9999.0, 9999.0, 9999.0, 24.02, 9999.0, 22.41, 9999.0, 22.59, 22.5, 22.25, 22.25, 22.25
2026-09-08, 13:04:22, 22.25, 22.5, 22.75, 22.75, 9999.0, 9999.0, 9999.0, 24.07, 9999.0, 22.39, 9999.0, 22.59, 22.48, 22.25, 22.25, 22.25
2026-09-08, 13:04:26, 22.25, 22.5, 22.75, 22.75, 9999.0, 9999.0, 9999.0, 24.02, 9999.0, 22.36, 9999.0, 22.59, 22.48, 22.25, 22.25, 22.25
2026-09-08, 13:04:30, 22.25, 22.5, 22.75, 22.75, 9999.0, 9999.0, 9999.0, 23.98, 9999.0, 22.34, 9999.0, 22.59, 22.48, 22.25, 22.25, 22.25
2026-09-08, 13:04:34, 22.25, 22.5, 22.75, 22.75, 9999.0, 9999.0, 9999.0, 23.93, 9999.0, 22.32, 9999.0, 22.61, 22.48, 22.25, 22.25, 22.25
2026-09-08, 13:04:38, 22.25, 22.5, 22.75, 22.75, 9999.0, 9999.0, 9999.0, 23.86, 9999.0, 22.27, 9999.0, 22.61, 22.48, 22.25, 22.25, 22.25
2026-09-08, 13:04:42, 22.25, 22.5, 22.75, 22.75, 9999.0, 9999.0, 9999.0, 23.82, 9999.0, 22.25, 9999.0, 22.64, 22.48, 22.25, 22.25, 22.25
2026-09-08, 13:04:46, 22.25, 22.5, 22.75, 22.75, 9999.0, 9999.0, 9999.0, 23.77, 9999.0, 22.25, 9999.0, 22.66, 22.48, 22.25, 22.25, 22.25
2026-09-08, 13:04:50, 22.25, 22.5, 22.75, 22.75, 9999.0, 9999.0, 9999.0, 23.73, 9999.0, 22.25, 9999.0, 22.68, 22.48, 22.25, 22.25, 22.25
2026-09-08, 13:04:54, 22.25, 22.5, 22.75, 22.75, 9999.0, 9999.0, 9999.0, 23.7, 9999.0, 22.27, 9999.0, 22.68, 22.48, 22.25, 22.25, 22.25
2026-09-08, 13:04:58, 22.25, 22.5, 22.75, 22.75, 9999.0, 9999.0, 9999.0, 23.66, 9999.0, 22.3, 9999.0, 22.7, 22.48, 22.25, 22.25, 22.25
2026-09-08, 13:05:02, 22.25, 22.5, 22.75, 22.75, 9999.0, 9999.0, 9999.0, 23.68, 9999.0, 22.32, 9999.0, 22.73, 22.48, 22.25, 22.25, 22.25
2026-09-08, 13:05:06, 22.25, 22.5, 22.75, 22.75, 9999.0, 9999.0, 9999.0, 23.68, 9999.0, 22.34, 9999.0, 22.73, 22.5, 22.25, 22.25, 22.25
2026-09-08, 13:05:10, 22.25, 22.48, 22.75, 22.75, 9999.0, 9999.0, 9999.0, 23.7, 9999.0, 22.36, 9999.0, 22.73, 22.5, 22.25, 22.25, 22.25
2026-09-08, 13:05:14, 22.25, 22.48, 22.75, 22.75, 9999.0, 9999.0, 9999.0, 23.73, 9999.0, 22.36, 9999.0, 22.73, 22.5, 22.25, 22.25, 22.25
2026-09-08, 13:05:18, 22.25, 22.48, 22.73, 22.75, 9999.0, 9999.0, 9999.0, 23.75, 9999.0, 22.36, 9999.0, 22.7, 22.5, 22.25, 22.25, 22.25
2026-09-08, 13:05:22, 22.25, 22.48, 22.73, 22.75, 9999.0, 9999.0, 9999.0, 23.77, 9999.0, 22.39, 9999.0, 22.68, 22.5, 22.25, 22.25, 22.25
2026-09-08, 13:05:26, 22.25, 22.48, 22.73, 22.75, 9999.0, 9999.0, 9999.0, 23.8, 9999.0, 22.39, 9999.0, 22.66, 22.5, 22.25, 22.25, 22.25
2026-09-08, 13:05:30, 22.25, 22.48, 22.73, 22.75, 9999.0, 9999.0, 9999.0, 23.82, 9999.0, 22.39, 9999.0, 22.64, 22.48, 22.25, 22.25, 22.25
2026-09-08, 13:05:34, 22.25, 22.48, 22.73, 22.75, 9999.0, 9999.0, 9999.0, 23.84, 9999.0, 22.36, 9999.0, 22.61, 22.48, 22.25, 22.25, 22.25
2026-09-08, 13:05:38, 22.27, 22.48, 22.73, 22.75, 9999.0, 9999.0, 9999.0, 23.86, 9999.0, 22.34, 9999.0, 22.61, 22.48, 22.25, 22.25, 22.25
2026-09-08, 13:05:42, 22.27, 22.48, 22.73, 22.75, 9999.0, 9999.0, 9999.0, 23.89, 9999.0, 22.3, 9999.0, 22.61, 22.48, 22.25, 22.25, 22.25
2026-09-08, 13:05:47, 22.27, 22.48, 22.73, 22.75, 9999.0, 9999.0, 9999.0, 23.84, 9999.0, 22.25, 9999.0, 22.61, 22.48, 22.25, 22.25, 22.25
2026-09-08, 13:05:51, 22.27, 22.48, 22.73, 22.75, 9999.0, 9999.0, 9999.0, 23.8, 9999.0, 22.2, 9999.0, 22.61, 22.48, 22.25, 22.25, 22.25
2026-09-08, 13:05:55, 22.27, 22.5, 22.73, 22.75, 9999.0, 9999.0, 9999.0, 23.75, 9999.0, 22.16, 9999.0, 22.61, 22.48, 22.25, 22.25, 22.25
2026-09-08, 13:05:59, 22.27, 22.5, 22.73, 22.75, 9999.0, 9999.0, 9999.0, 23.7, 9999.0, 22.14, 9999.0, 22.61, 22.48, 22.25, 22.27, 22.25
2026-09-08, 13:06:03, 22.27, 22.5, 22.75, 22.75, 9999.0, 9999.0, 9999.0, 23.66, 9999.0, 22.16, 9999.0, 22.64, 22.48, 22.25, 22.27, 22.25
2026-09-08, 13:06:07, 22.27, 22.5, 22.75, 22.75, 9999.0, 9999.0, 9999.0, 23.64, 9999.0, 22.16, 9999.0, 22.66, 22.48, 22.25, 22.27, 22.25
2026-09-08, 13:06:11, 22.27, 22.48, 22.75, 22.75, 9999.0, 9999.0, 9999.0, 23.59, 9999.0, 22.18, 9999.0, 22.68, 22.48, 22.25, 22.27, 22.25
2026-09-08, 13:06:15, 22.27, 22.45, 22.75, 22.75, 9999.0, 9999.0, 9999.0, 23.57, 9999.0, 22.2, 9999.0, 22.7, 22.5, 22.25, 22.27, 22.25
2026-09-08, 13:06:19, 22.27, 22.45, 22.75, 22.75, 9999.0, 9999.0, 9999.0, 23.55, 9999.0, 22.23, 9999.0, 22.73, 22.5, 22.25, 22.27, 22.25
2026-09-08, 13:06:23, 22.25, 22.45, 22.75, 22.75, 9999.0, 9999.0, 9999.0, 23.57, 9999.0, 22.23, 9999.0, 22.75, 22.5, 22.25, 22.27, 22.25
2026-09-08, 13:06:27, 22.25, 22.45, 22.75, 22.75, 9999.0, 9999.0, 9999.0, 23.59, 9999.0, 22.25, 9999.0, 22.75, 22.5, 22.25, 22.27, 22.25
2026-09-08, 13:06:31, 22.25, 22.45, 22.75, 22.75, 9999.0, 9999.0, 9999.0, 23.61, 9999.0, 22.27, 9999.0, 22.75, 22.5, 22.25, 22.27, 22.25
2026-09-08, 13:06:35, 22.25, 22.45, 22.75, 22.75, 9999.0, 9999.0, 9999.0, 23.66, 9999.0, 22.3, 9999.0, 22.73, 22.5, 22.25, 22.27, 22.25
2026-09-08, 13:06:39, 22.25, 22.45, 22.75, 22.75, 9999.0, 9999.0, 9999.0, 23.7, 9999.0, 22.32, 9999.0, 22.7, 22.5, 22.25, 22.27, 22.25
2026-09-08, 13:06:43, 22.25, 22.45, 22.75, 22.75, 9999.0, 9999.0, 9999.0, 23.73, 9999.0, 22.34, 9999.0, 22.68, 22.5, 22.25, 22.25, 22.25
2026-09-08, 13:06:47, 22.25, 22.45, 22.75, 22.75, 9999.0, 9999.0, 9999.0, 23.75, 9999.0, 22.32, 9999.0, 22.66, 22.5, 22.25, 22.25, 22.25
2026-09-08, 13:06:51, 22.25, 22.45, 22.75, 22.75, 9999.0, 9999.0, 9999.0, 23.77, 9999.0, 22.32, 9999.0, 22.64, 22.5, 22.25, 22.25, 22.25
2026-09-08, 13:06:55, 22.25, 22.48, 22.75, 22.75, 9999.0, 9999.0, 9999.0, 23.82, 9999.0, 22.3, 9999.0, 22.61, 22.5, 22.25, 22.25, 22.25
2026-09-08, 13:06:59, 22.25, 22.5, 22.75, 22.75, 9999.0, 9999.0, 9999.0, 23.84, 9999.0, 22.27, 9999.0, 22.61, 22.5, 22.25, 22.25, 22.25
2026-09-08, 13:07:03, 22.25, 22.5, 22.75, 22.75, 9999.0, 9999.0, 9999.0, 23.86, 9999.0, 22.23, 9999.0, 22.61, 22.5, 22.25, 22.25, 22.25
2026-09-08, 13:07:07, 22.25, 22.5, 22.75, 22.75, 9999.0, 9999.0, 9999.0, 23.82, 9999.0, 22.2, 9999.0, 22.61, 22.5, 22.25, 22.25, 22.25
2026-09-08, 13:07:11, 22.25, 22.5, 22.75, 22.75, 9999.0, 9999.0, 9999.0, 23.77, 9999.0, 22.18, 9999.0, 22.61, 22.5, 22.25, 22.25, 22.25
2026-09-08, 13:07:15, 22.25, 22.48, 22.75, 22.75, 9999.0, 9999.0, 9999.0, 23.73, 9999.0, 22.16, 9999.0, 22.61, 22.5, 22.25, 22.25, 22.27
2026-09-08, 13:07:19, 22.25, 22.48, 22.75, 22.75, 9999.0, 9999.0, 9999.0, 23.68, 9999.0, 22.14, 9999.0, 22.64, 22.5, 22.25, 22.25, 22.27
2026-09-08, 13:07:23, 22.25, 22.48, 22.75, 22.75, 9999.0, 9999.0, 9999.0, 23.64, 9999.0, 22.14, 9999.0, 22.66, 22.5, 22.25, 22.25, 22.27
2026-09-08, 13:07:27, 22.25, 22.48, 22.75, 22.75, 9999.0, 9999.0, 9999.0, 23.61, 9999.0, 22.14, 9999.0, 22.68, 22.5, 22.25, 22.25, 22.27
2026-09-08, 13:07:31, 22.25, 22.48, 22.75, 22.75, 9999.0, 9999.0, 9999.0, 23.59, 9999.0, 22.14, 9999.0, 22.7, 22.5, 22.25, 22.25, 22.27
2026-09-08, 13:07:35, 22.25, 22.48, 22.75, 22.75, 9999.0, 9999.0, 9999.0, 23.55, 9999.0, 22.14, 9999.0, 22.73, 22.5, 22.25, 22.27, 22.27
2026-09-08, 13:07:39, 22.25, 22.45, 22.75, 22.75, 9999.0, 9999.0, 9999.0, 23.5, 9999.0, 22.16, 9999.0, 22.75, 22.5, 22.25, 22.27, 22.27
2026-09-08, 13:07:43, 22.25, 22.45, 22.75, 22.75, 9999.0, 9999.0, 9999.0, 23.55, 9999.0, 22.16, 9999.0, 22.75, 22.5, 22.25, 22.27, 22.27
2026-09-08, 13:07:47, 22.25, 22.45, 22.75, 22.75, 9999.0, 9999.0, 9999.0, 23.57, 9999.0, 22.18, 9999.0, 22.73, 22.5, 22.25, 22.27, 22.27
2026-09-08, 13:07:51, 22.25, 22.45, 22.75, 22.75, 9999.0, 9999.0, 9999.0, 23.61, 9999.0, 22.2, 9999.0, 22.7, 22.5, 22.25, 22.27, 22.27
2026-09-08, 13:07:55, 22.25, 22.45, 22.75, 22.75, 9999.0, 9999.0, 9999.0, 23.66, 9999.0, 22.23, 9999.0, 22.7, 22.5, 22.25, 22.27, 22.27
2026-09-08, 13:07:59, 22.25, 22.48, 22.75, 22.75, 9999.0, 9999.0, 9999.0, 23.68, 9999.0, 22.25, 9999.0, 22.7, 22.5, 22.25, 22.27, 22.25
2026-09-08, 13:08:03, 22.25, 22.48, 22.75, 22.75, 9999.0, 9999.0, 9999.0, 23.7, 9999.0, 22.27, 9999.0, 22.68, 22.5, 22.25, 22.27, 22.25
2026-09-08, 13:08:07, 22.25, 22.48, 22.75, 22.75, 9999.0, 9999.0, 9999.0, 23.73, 9999.0, 22.25, 9999.0, 22.66, 22.5, 22.25, 22.3, 22.25
2026-09-08, 13:08:11, 22.25, 22.48, 22.75, 22.75, 9999.0, 9999.0, 9999.0, 23.75, 9999.0, 22.23, 9999.0, 22.64, 22.5, 22.25, 22.3, 22.25
2026-09-08, 13:08:15, 22.25, 22.48, 22.75, 22.75, 9999.0, 9999.0, 9999.0, 23.77, 9999.0, 22.2, 9999.0, 22.61, 22.5, 22.25, 22.3, 22.25
2026-09-08, 13:08:19, 22.25, 22.48, 22.75, 22.75, 9999.0, 9999.0, 9999.0, 23.82, 9999.0, 22.18, 9999.0, 22.61, 22.5, 22.25, 22.27, 22.25
2026-09-08, 13:08:23, 22.25, 22.5, 22.75, 22.75, 9999.0, 9999.0, 9999.0, 23.86, 9999.0, 22.14, 9999.0, 22.61, 22.5, 22.25, 22.27, 22.25
2026-09-08, 13:08:27, 22.25, 22.5, 22.75, 22.75, 9999.0, 9999.0, 9999.0, 23.8, 9999.0, 22.11, 9999.0, 22.61, 22.5, 22.25, 22.27, 22.25
2026-09-08, 13:08:31, 22.25, 22.5, 22.75, 22.75, 9999.0, 9999.0, 9999.0, 23.75, 9999.0, 22.09, 9999.0, 22.64, 22.5, 22.25, 22.27, 22.25
2026-09-08, 13:08:35, 22.25, 22.5, 22.75, 22.75, 9999.0, 9999.0, 9999.0, 23.7, 9999.0, 22.07, 9999.0, 22.66, 22.5, 22.25, 22.27, 22.25
2026-09-08, 13:08:39, 22.25, 22.5, 22.75, 22.75, 9999.0, 9999.0, 9999.0, 23.66, 9999.0, 22.07, 9999.0, 22.66, 22.5, 22.25, 22.27, 22.27
2026-09-08, 13:08:43, 22.25, 22.5, 22.75, 22.75, 9999.0, 9999.0, 9999.0, 23.64, 9999.0, 22.07, 9999.0, 22.66, 22.5, 22.25, 22.27, 22.27
2026-09-08, 13:08:47, 22.25, 22.5, 22.75, 22.75, 9999.0, 9999.0, 9999.0, 23.61, 9999.0, 22.07, 9999.0, 22.68, 22.5, 22.25, 22.27, 22.27
2026-09-08, 13:08:51, 22.25, 22.5, 22.75, 22.75, 9999.0, 9999.0, 9999.0, 23.59, 9999.0, 22.11, 9999.0, 22.7, 22.5, 22.25, 22.25, 22.27
2026-09-08, 13:08:55, 22.25, 22.5, 22.75, 22.75, 9999.0, 9999.0, 9999.0, 23.57, 9999.0, 22.16, 9999.0, 22.73, 22.5, 22.25, 22.27, 22.27
2026-09-08, 13:08:59, 22.25, 22.5, 22.75, 22.75, 9999.0, 9999.0, 9999.0, 23.61, 9999.0, 22.2, 9999.0, 22.75, 22.5, 22.25, 22.27, 22.27
2026-09-08, 13:09:03, 22.25, 22.5, 22.75, 22.75, 9999.0, 9999.0, 9999.0, 23.66, 9999.0, 22.23, 9999.0, 22.75, 22.5, 22.25, 22.27, 22.27
2026-09-08, 13:09:07, 22.25, 22.5, 22.75, 22.75, 9999.0, 9999.0, 9999.0, 23.68, 9999.0, 22.25, 9999.0, 22.75, 22.5, 22.25, 22.27, 22.27
2026-09-08, 13:09:11, 22.25, 22.5, 22.75, 22.75, 9999.0, 9999.0, 9999.0, 23.73, 9999.0, 22.27, 9999.0, 22.73, 22.5, 22.25, 22.27, 22.27
2026-09-08, 13:09:15, 22.25, 22.5, 22.75, 22.75, 9999.0, 9999.0, 9999.0, 23.77, 9999.0, 22.32, 9999.0, 22.73, 22.5, 22.25, 22.27, 22.3
2026-09-08, 13:09:19, 22.25, 22.5, 22.75, 22.75, 9999.0, 9999.0, 9999.0, 23.8, 9999.0, 22.34, 9999.0, 22.7, 22.5, 22.25, 22.27, 22.3
2026-09-08, 13:09:24, 22.25, 22.5, 22.75, 22.75, 9999.0, 9999.0, 9999.0, 23.82, 9999.0, 22.34, 9999.0, 22.68, 22.5, 22.25, 22.27, 22.27
2026-09-08, 13:09:28, 22.25, 22.5, 22.75, 22.75, 9999.0, 9999.0, 9999.0, 23.84, 9999.0, 22.34, 9999.0, 22.66, 22.5, 22.25, 22.27, 22.3
2026-09-08, 13:09:32, 22.25, 22.5, 22.75, 22.75, 9999.0, 9999.0, 9999.0, 23.86, 9999.0, 22.34, 9999.0, 22.64, 22.5, 22.25, 22.27, 22.32
2026-09-08, 13:09:36, 22.25, 22.5, 22.75, 22.75, 9999.0, 9999.0, 9999.0, 23.86, 9999.0, 22.32, 9999.0, 22.61, 22.5, 22.25, 22.27, 22.34
2026-09-08, 13:09:40, 22.25, 22.5, 22.75, 22.75, 9999.0, 9999.0, 9999.0, 23.89, 9999.0, 22.3, 9999.0, 22.61, 22.48, 22.25, 22.25, 22.36
2026-09-08, 13:09:44, 22.25, 22.5, 22.75, 22.75, 9999.0, 9999.0, 9999.0, 23.82, 9999.0, 22.25, 9999.0, 22.61, 22.48, 22.25, 22.25, 22.36
2026-09-08, 13:09:48, 22.27, 22.5, 22.75, 22.75, 9999.0, 9999.0, 9999.0, 23.75, 9999.0, 22.23, 9999.0, 22.61, 22.48, 22.25, 22.25, 22.36
2026-09-08, 13:09:52, 22.27, 22.5, 22.75, 22.75, 9999.0, 9999.0, 9999.0, 23.7, 9999.0, 22.23, 9999.0, 22.61, 22.48, 22.25, 22.25, 22.36
2026-09-08, 13:09:56, 22.27, 22.5, 22.75, 22.75, 9999.0, 9999.0, 9999.0, 23.66, 9999.0, 22.2, 9999.0, 22.64, 22.48, 22.25, 22.27, 22.36
2026-09-08, 13:10:00, 22.27, 22.5, 22.75, 22.77, 9999.0, 9999.0, 9999.0, 23.61, 9999.0, 22.18, 9999.0, 22.64, 22.48, 22.25, 22.27, 22.34
2026-09-08, 13:10:04, 22.27, 22.5, 22.75, 22.77, 9999.0, 9999.0, 9999.0, 23.59, 9999.0, 22.18, 9999.0, 22.66, 22.48, 22.25, 22.27, 22.34
2026-09-08, 13:10:08, 22.27, 22.5, 22.75, 22.77, 9999.0, 9999.0, 9999.0, 23.57, 9999.0, 22.2, 9999.0, 22.68, 22.48, 22.25, 22.3, 22.34
2026-09-08, 13:10:12, 22.27, 22.5, 22.75, 22.77, 9999.0, 9999.0, 9999.0, 23.52, 9999.0, 22.23, 9999.0, 22.7, 22.48, 22.25, 22.3, 22.32
2026-09-08, 13:10:16, 22.27, 22.5, 22.75, 22.77, 9999.0, 9999.0, 9999.0, 23.48, 9999.0, 22.25, 9999.0, 22.73, 22.48, 22.25, 22.3, 22.32
2026-09-08, 13:10:20, 22.27, 22.5, 22.75, 22.77, 9999.0, 9999.0, 9999.0, 23.55, 9999.0, 22.27, 9999.0, 22.73, 22.48, 22.25, 22.3, 22.32
2026-09-08, 13:10:24, 22.27, 22.5, 22.75, 22.77, 9999.0, 9999.0, 9999.0, 23.59, 9999.0, 22.3, 9999.0, 22.73, 22.5, 22.25, 22.3, 22.3
2026-09-08, 13:10:28, 22.27, 22.5, 22.75, 22.77, 9999.0, 9999.0, 9999.0, 23.64, 9999.0, 22.34, 9999.0, 22.73, 22.5, 22.25, 22.3, 22.32
2026-09-08, 13:10:32, 22.25, 22.5, 22.75, 22.77, 9999.0, 9999.0, 9999.0, 23.66, 9999.0, 22.36, 9999.0, 22.7, 22.5, 22.25, 22.3, 22.32
2026-09-08, 13:10:36, 22.25, 22.5, 22.75, 22.77, 9999.0, 9999.0, 9999.0, 23.68, 9999.0, 22.36, 9999.0, 22.68, 22.5, 22.25, 22.32, 22.32
2026-09-08, 13:10:40, 22.25, 22.5, 22.75, 22.77, 9999.0, 9999.0, 9999.0, 23.7, 9999.0, 22.39, 9999.0, 22.68, 22.5, 22.25, 22.3, 22.34
2026-09-08, 13:10:44, 22.25, 22.5, 22.75, 22.75, 9999.0, 9999.0, 9999.0, 23.73, 9999.0, 22.39, 9999.0, 22.68, 22.48, 22.25, 22.3, 22.34
2026-09-08, 13:10:48, 22.25, 22.5, 22.75, 22.75, 9999.0, 9999.0, 9999.0, 23.75, 9999.0, 22.39, 9999.0, 22.68, 22.45, 22.25, 22.3, 22.34
2026-09-08, 13:10:52, 22.25, 22.5, 22.75, 22.75, 9999.0, 9999.0, 9999.0, 23.77, 9999.0, 22.36, 9999.0, 22.66, 22.45, 22.25, 22.27, 22.34
2026-09-08, 13:10:56, 22.25, 22.5, 22.75, 22.75, 9999.0, 9999.0, 9999.0, 23.82, 9999.0, 22.34, 9999.0, 22.66, 22.45, 22.25, 22.27, 22.36
2026-09-08, 13:11:00, 22.25, 22.5, 22.75, 22.75, 9999.0, 9999.0, 9999.0, 23.86, 9999.0, 22.32, 9999.0, 22.66, 22.45, 22.25, 22.27, 22.34
2026-09-08, 13:11:04, 22.27, 22.5, 22.75, 22.77, 9999.0, 9999.0, 9999.0, 23.8, 9999.0, 22.3, 9999.0, 22.68, 22.45, 22.25, 22.27, 22.34
2026-09-08, 13:11:08, 22.27, 22.5, 22.75, 22.77, 9999.0, 9999.0, 9999.0, 23.73, 9999.0, 22.27, 9999.0, 22.7, 22.45, 22.25, 22.27, 22.34
2026-09-08, 13:11:12, 22.3, 22.5, 22.75, 22.77, 9999.0, 9999.0, 9999.0, 23.7, 9999.0, 22.25, 9999.0, 22.73, 22.45, 22.25, 22.27, 22.32
2026-09-08, 13:11:16, 22.3, 22.5, 22.75, 22.77, 9999.0, 9999.0, 9999.0, 23.68, 9999.0, 22.27, 9999.0, 22.75, 22.45, 22.25, 22.27, 22.34
2026-09-08, 13:11:20, 22.3, 22.5, 22.75, 22.77, 9999.0, 9999.0, 9999.0, 23.66, 9999.0, 22.3, 9999.0, 22.77, 22.45, 22.25, 22.25, 22.34
2026-09-08, 13:11:24, 22.3, 22.5, 22.75, 22.77, 9999.0, 9999.0, 9999.0, 23.64, 9999.0, 22.32, 9999.0, 22.77, 22.45, 22.25, 22.25, 22.32
2026-09-08, 13:11:28, 22.3, 22.5, 22.75, 22.77, 9999.0, 9999.0, 9999.0, 23.61, 9999.0, 22.34, 9999.0, 22.77, 22.48, 22.25, 22.25, 22.34
2026-09-08, 13:11:32, 22.3, 22.5, 22.75, 22.77, 9999.0, 9999.0, 9999.0, 23.57, 9999.0, 22.39, 9999.0, 22.77, 22.5, 22.25, 22.27, 22.34
2026-09-08, 13:11:36, 22.3, 22.5, 22.75, 22.77, 9999.0, 9999.0, 9999.0, 23.52, 9999.0, 22.41, 9999.0, 22.8, 22.5, 22.25, 22.27, 22.34
2026-09-08, 13:11:40, 22.32, 22.5, 22.75, 22.77, 9999.0, 9999.0, 9999.0, 23.57, 9999.0, 22.43, 9999.0, 22.8, 22.5, 22.25, 22.27, 22.32
2026-09-08, 13:11:44, 22.32, 22.5, 22.75, 22.77, 9999.0, 9999.0, 9999.0, 23.59, 9999.0, 22.45, 9999.0, 22.8, 22.5, 22.25, 22.27, 22.32
2026-09-08, 13:11:48, 22.3, 22.5, 22.75, 22.75, 9999.0, 9999.0, 9999.0, 23.64, 9999.0, 22.45, 9999.0, 22.8, 22.5, 22.25, 22.27, 22.3
2026-09-08, 13:11:52, 22.3, 22.5, 22.75, 22.75, 9999.0, 9999.0, 9999.0, 23.68, 9999.0, 22.48, 9999.0, 22.77, 22.5, 22.25, 22.3, 22.3
2026-09-08, 13:11:56, 22.27, 22.5, 22.75, 22.75, 9999.0, 9999.0, 9999.0, 23.68, 9999.0, 22.5, 9999.0, 22.73, 22.5, 22.25, 22.3, 22.3
2026-09-08, 13:12:00, 22.27, 22.5, 22.75, 22.75, 9999.0, 9999.0, 9999.0, 23.73, 9999.0, 22.5, 9999.0, 22.7, 22.5, 22.25, 22.32, 22.27
2026-09-08, 13:12:04, 22.27, 22.5, 22.75, 22.77, 9999.0, 9999.0, 9999.0, 23.75, 9999.0, 22.48, 9999.0, 22.68, 22.5, 22.25, 22.34, 22.27
2026-09-08, 13:12:08, 22.27, 22.5, 22.75, 22.77, 9999.0, 9999.0, 9999.0, 23.77, 9999.0, 22.45, 9999.0, 22.68, 22.5, 22.25, 22.34, 22.27
2026-09-08, 13:12:12, 22.27, 22.5, 22.75, 22.77, 9999.0, 9999.0, 9999.0, 23.8, 9999.0, 22.43, 9999.0, 22.66, 22.5, 22.25, 22.36, 22.27
2026-09-08, 13:12:16, 22.3, 22.5, 22.75, 22.77, 9999.0, 9999.0, 9999.0, 23.84, 9999.0, 22.39, 9999.0, 22.66, 22.5, 22.25, 22.34, 22.3
2026-09-08, 13:12:20, 22.32, 22.5, 22.75, 22.8, 9999.0, 9999.0, 9999.0, 23.89, 9999.0, 22.36, 9999.0, 22.66, 22.5, 22.25, 22.34, 22.3
2026-09-08, 13:12:24, 22.3, 22.5, 22.75, 22.8, 9999.0, 9999.0, 9999.0, 23.84, 9999.0, 22.34, 9999.0, 22.68, 22.5, 22.25, 22.34, 22.32
2026-09-08, 13:12:28, 22.32, 22.5, 22.75, 22.8, 9999.0, 9999.0, 9999.0, 23.8, 9999.0, 22.32, 9999.0, 22.7, 22.5, 22.25, 22.34, 22.32
2026-09-08, 13:12:32, 22.32, 22.5, 22.75, 22.8, 9999.0, 9999.0, 9999.0, 23.77, 9999.0, 22.32, 9999.0, 22.7, 22.5, 22.25, 22.34, 22.32
2026-09-08, 13:12:36, 22.34, 22.5, 22.75, 22.8, 9999.0, 9999.0, 9999.0, 23.73, 9999.0, 22.32, 9999.0, 22.7, 22.5, 22.25, 22.34, 22.34
2026-09-08, 13:12:40, 22.34, 22.5, 22.75, 22.8, 9999.0, 9999.0, 9999.0, 23.7, 9999.0, 22.32, 9999.0, 22.73, 22.5, 22.25, 22.36, 22.34
2026-09-08, 13:12:44, 22.34, 22.5, 22.75, 22.8, 9999.0, 9999.0, 9999.0, 23.66, 9999.0, 22.34, 9999.0, 22.75, 22.5, 22.25, 22.34, 22.34
2026-09-08, 13:12:48, 22.36, 22.5, 22.75, 22.77, 9999.0, 9999.0, 9999.0, 23.64, 9999.0, 22.39, 9999.0, 22.77, 22.5, 22.25, 22.32, 22.34
2026-09-08, 13:12:52, 22.36, 22.5, 22.75, 22.77, 9999.0, 9999.0, 9999.0, 23.61, 9999.0, 22.41, 9999.0, 22.77, 22.5, 22.25, 22.34, 22.34
2026-09-08, 13:12:56, 22.36, 22.5, 22.75, 22.77, 9999.0, 9999.0, 9999.0, 23.66, 9999.0, 22.43, 9999.0, 22.8, 22.5, 22.25, 22.32, 22.34
2026-09-08, 13:13:00, 22.34, 22.5, 22.75, 22.77, 9999.0, 9999.0, 9999.0, 23.7, 9999.0, 22.45, 9999.0, 22.8, 22.5, 22.25, 22.34, 22.32
2026-09-08, 13:13:04, 22.32, 22.5, 22.75, 22.75, 9999.0, 9999.0, 9999.0, 23.75, 9999.0, 22.48, 9999.0, 22.8, 22.5, 22.25, 22.34, 22.32
2026-09-08, 13:13:08, 22.32, 22.5, 22.75, 22.75, 9999.0, 9999.0, 9999.0, 23.77, 9999.0, 22.5, 9999.0, 22.77, 22.5, 22.25, 22.34, 22.32
2026-09-08, 13:13:12, 22.3, 22.5, 22.75, 22.75, 9999.0, 9999.0, 9999.0, 23.82, 9999.0, 22.5, 9999.0, 22.73, 22.5, 22.25, 22.34, 22.32
2026-09-08, 13:13:17, 22.3, 22.5, 22.75, 22.75, 9999.0, 9999.0, 9999.0, 23.82, 9999.0, 22.52, 9999.0, 22.7, 22.5, 22.25, 22.34, 22.32
2026-09-08, 13:13:21, 22.27, 22.5, 22.75, 22.75, 9999.0, 9999.0, 9999.0, 23.84, 9999.0, 22.52, 9999.0, 22.7, 22.48, 22.25, 22.32, 22.32
2026-09-08, 13:13:25, 22.27, 22.5, 22.75, 22.75, 9999.0, 9999.0, 9999.0, 23.86, 9999.0, 22.5, 9999.0, 22.68, 22.45, 22.25, 22.3, 22.32
2026-09-08, 13:13:29, 22.27, 22.5, 22.75, 22.75, 9999.0, 9999.0, 9999.0, 23.89, 9999.0, 22.48, 9999.0, 22.66, 22.45, 22.25, 22.3, 22.34
2026-09-08, 13:13:33, 22.25, 22.5, 22.75, 22.75, 9999.0, 9999.0, 9999.0, 23.91, 9999.0, 22.43, 9999.0, 22.66, 22.45, 22.25, 22.3, 22.34
2026-09-08, 13:13:37, 22.25, 22.5, 22.75, 22.75, 9999.0, 9999.0, 9999.0, 23.93, 9999.0, 22.41, 9999.0, 22.66, 22.45, 22.25, 22.27, 22.34
2026-09-08, 13:13:41, 22.25, 22.5, 22.75, 22.75, 9999.0, 9999.0, 9999.0, 23.89, 9999.0, 22.39, 9999.0, 22.66, 22.45, 22.25, 22.27, 22.32
2026-09-08, 13:13:45, 22.25, 22.5, 22.75, 22.75, 9999.0, 9999.0, 9999.0, 23.84, 9999.0, 22.36, 9999.0, 22.68, 22.45, 22.25, 22.27, 22.32
2026-09-08, 13:13:49, 22.25, 22.5, 22.75, 22.75, 9999.0, 9999.0, 9999.0, 23.77, 9999.0, 22.34, 9999.0, 22.68, 22.45, 22.25, 22.27, 22.32
2026-09-08, 13:13:53, 22.25, 22.5, 22.75, 22.75, 9999.0, 9999.0, 9999.0, 23.73, 9999.0, 22.34, 9999.0, 22.68, 22.45, 22.25, 22.27, 22.3
2026-09-08, 13:13:57, 22.25, 22.5, 22.75, 22.75, 9999.0, 9999.0, 9999.0, 23.68, 9999.0, 22.36, 9999.0, 22.7, 22.45, 22.25, 22.27, 22.3
2026-09-08, 13:14:01, 22.25, 22.5, 22.75, 22.75, 9999.0, 9999.0, 9999.0, 23.66, 9999.0, 22.36, 9999.0, 22.73, 22.45, 22.25, 22.27, 22.3
2026-09-08, 13:14:05, 22.25, 22.5, 22.75, 22.75, 9999.0, 9999.0, 9999.0, 23.64, 9999.0, 22.39, 9999.0, 22.73, 22.48, 22.25, 22.27, 22.27
2026-09-08, 13:14:09, 22.25, 22.5, 22.75, 22.75, 9999.0, 9999.0, 9999.0, 23.61, 9999.0, 22.41, 9999.0, 22.75, 22.5, 22.25, 22.27, 22.27
2026-09-08, 13:14:13, 22.25, 22.5, 22.75, 22.75, 9999.0, 9999.0, 9999.0, 23.59, 9999.0, 22.41, 9999.0, 22.77, 22.5, 22.25, 22.27, 22.25
2026-09-08, 13:14:17, 22.25, 22.5, 22.75, 22.75, 9999.0, 9999.0, 9999.0, 23.64, 9999.0, 22.43, 9999.0, 22.77, 22.5, 22.25, 22.27, 22.25
2026-09-08, 13:14:21, 22.25, 22.5, 22.75, 22.75, 9999.0, 9999.0, 9999.0, 23.68, 9999.0, 22.45, 9999.0, 22.77, 22.5, 22.25, 22.27, 22.25
2026-09-08, 13:14:25, 22.25, 22.5, 22.75, 22.75, 9999.0, 9999.0, 9999.0, 23.73, 9999.0, 22.48, 9999.0, 22.77, 22.5, 22.25, 22.27, 22.25
2026-09-08, 13:14:29, 22.25, 22.5, 22.75, 22.75, 9999.0, 9999.0, 9999.0, 23.77, 9999.0, 22.5, 9999.0, 22.73, 22.5, 22.25, 22.25, 22.25
2026-09-08, 13:14:33, 22.25, 22.5, 22.75, 22.75, 9999.0, 9999.0, 9999.0, 23.82, 9999.0, 22.52, 9999.0, 22.73, 22.5, 22.25, 22.25, 22.27
2026-09-08, 13:14:37, 22.25, 22.5, 22.75, 22.75, 9999.0, 9999.0, 9999.0, 23.84, 9999.0, 22.52, 9999.0, 22.7, 22.5, 22.25, 22.25, 22.27
2026-09-08, 13:14:41, 22.25, 22.5, 22.75, 22.75, 9999.0, 9999.0, 9999.0, 23.86, 9999.0, 22.5, 9999.0, 22.68, 22.5, 22.25, 22.25, 22.27
2026-09-08, 13:14:45, 22.25, 22.5, 22.75, 22.75, 9999.0, 9999.0, 9999.0, 23.89, 9999.0, 22.5, 9999.0, 22.66, 22.5, 22.25, 22.25, 22.27
2026-09-08, 13:14:49, 22.25, 22.5, 22.75, 22.75, 9999.0, 9999.0, 9999.0, 23.91, 9999.0, 22.48, 9999.0, 22.64, 22.5, 22.25, 22.25, 22.27
2026-09-08, 13:14:53, 22.25, 22.5, 22.75, 22.75, 9999.0, 9999.0, 9999.0, 23.93, 9999.0, 22.45, 9999.0, 22.64, 22.5, 22.25, 22.25, 22.27
2026-09-08, 13:14:57, 22.25, 22.5, 22.75, 22.75, 9999.0, 9999.0, 9999.0, 23.95, 9999.0, 22.43, 9999.0, 22.64, 22.5, 22.25, 22.25, 22.27
2026-09-08, 13:15:01, 22.25, 22.5, 22.75, 22.75, 9999.0, 9999.0, 9999.0, 23.91, 9999.0, 22.41, 9999.0, 22.64, 22.5, 22.25, 22.25, 22.27
2026-09-08, 13:15:05, 22.25, 22.48, 22.75, 22.75, 9999.0, 9999.0, 9999.0, 23.86, 9999.0, 22.39, 9999.0, 22.64, 22.5, 22.25, 22.27, 22.27
2026-09-08, 13:15:09, 22.25, 22.48, 22.75, 22.75, 9999.0, 9999.0, 9999.0, 23.82, 9999.0, 22.39, 9999.0, 22.66, 22.5, 22.25, 22.27, 22.27
2026-09-08, 13:15:13, 22.25, 22.48, 22.75, 22.75, 9999.0, 9999.0, 9999.0, 23.75, 9999.0, 22.41, 9999.0, 22.68, 22.5, 22.25, 22.27, 22.27
2026-09-08, 13:15:17, 22.25, 22.48, 22.75, 22.75, 9999.0, 9999.0, 9999.0, 23.73, 9999.0, 22.41, 9999.0, 22.68, 22.5, 22.25, 22.27, 22.25
2026-09-08, 13:15:21, 22.25, 22.48, 22.75, 22.75, 9999.0, 9999.0, 9999.0, 23.7, 9999.0, 22.41, 9999.0, 22.7, 22.5, 22.25, 22.3, 22.25
2026-09-08, 13:15:25, 22.25, 22.48, 22.75, 22.75, 9999.0, 9999.0, 9999.0, 23.68, 9999.0, 22.45, 9999.0, 22.73, 22.5, 22.25, 22.3, 22.25
2026-09-08, 13:15:29, 22.25, 22.48, 22.75, 22.75, 9999.0, 9999.0, 9999.0, 23.66, 9999.0, 22.45, 9999.0, 22.75, 22.5, 22.25, 22.3, 22.25
2026-09-08, 13:15:33, 22.25, 22.48, 22.75, 22.75, 9999.0, 9999.0, 9999.0, 23.7, 9999.0, 22.45, 9999.0, 22.77, 22.5, 22.25, 22.3, 22.25
2026-09-08, 13:15:37, 22.27, 22.48, 22.75, 22.75, 9999.0, 9999.0, 9999.0, 23.75, 9999.0, 22.48, 9999.0, 22.77, 22.5, 22.25, 22.3, 22.25
2026-09-08, 13:15:41, 22.27, 22.48, 22.75, 22.75, 9999.0, 9999.0, 9999.0, 23.8, 9999.0, 22.5, 9999.0, 22.77, 22.5, 22.25, 22.3, 22.25
2026-09-08, 13:15:45, 22.27, 22.48, 22.75, 22.75, 9999.0, 9999.0, 9999.0, 23.84, 9999.0, 22.52, 9999.0, 22.77, 22.5, 22.25, 22.3, 22.25
2026-09-08, 13:15:49, 22.27, 22.5, 22.75, 22.75, 9999.0, 9999.0, 9999.0, 23.89, 9999.0, 22.55, 9999.0, 22.75, 22.5, 22.25, 22.27, 22.25
2026-09-08, 13:15:53, 22.27, 22.5, 22.75, 22.75, 9999.0, 9999.0, 9999.0, 23.91, 9999.0, 22.55, 9999.0, 22.7, 22.5, 22.25, 22.27, 22.25
2026-09-08, 13:15:57, 22.27, 22.5, 22.75, 22.75, 9999.0, 9999.0, 9999.0, 23.95, 9999.0, 22.52, 9999.0, 22.68, 22.5, 22.25, 22.27, 22.25
2026-09-08, 13:16:01, 22.27, 22.5, 22.75, 22.75, 9999.0, 9999.0, 9999.0, 23.98, 9999.0, 22.52, 9999.0, 22.66, 22.5, 22.25, 22.27, 22.25
2026-09-08, 13:16:05, 22.27, 22.5, 22.75, 22.75, 9999.0, 9999.0, 9999.0, 24.02, 9999.0, 22.52, 9999.0, 22.64, 22.5, 22.25, 22.25, 22.25
2026-09-08, 13:16:09, 22.27, 22.5, 22.75, 22.75, 9999.0, 9999.0, 9999.0, 24.07, 9999.0, 22.5, 9999.0, 22.61, 22.5, 22.25, 22.25, 22.25
2026-09-08, 13:16:13, 22.27, 22.5, 22.75, 22.75, 9999.0, 9999.0, 9999.0, 24.09, 9999.0, 22.5, 9999.0, 22.61, 22.5, 22.25, 22.25, 22.25
2026-09-08, 13:16:17, 22.27, 22.5, 22.75, 22.75, 9999.0, 9999.0, 9999.0, 24.05, 9999.0, 22.48, 9999.0, 22.61, 22.5, 22.25, 22.25, 22.25
2026-09-08, 13:16:21, 22.25, 22.5, 22.75, 22.75, 9999.0, 9999.0, 9999.0, 24.0, 9999.0, 22.45, 9999.0, 22.61, 22.5, 22.25, 22.25, 22.25
2026-09-08, 13:16:25, 22.25, 22.5, 22.75, 22.75, 9999.0, 9999.0, 9999.0, 23.95, 9999.0, 22.43, 9999.0, 22.64, 22.5, 22.25, 22.25, 22.25
2026-09-08, 13:16:29, 22.25, 22.5, 22.75, 22.75, 9999.0, 9999.0, 9999.0, 23.89, 9999.0, 22.41, 9999.0, 22.64, 22.5, 22.25, 22.27, 22.25
2026-09-08, 13:16:33, 22.25, 22.5, 22.75, 22.75, 9999.0, 9999.0, 9999.0, 23.82, 9999.0, 22.41, 9999.0, 22.66, 22.5, 22.25, 22.27, 22.25
2026-09-08, 13:16:37, 22.25, 22.5, 22.75, 22.75, 9999.0, 9999.0, 9999.0, 23.77, 9999.0, 22.41, 9999.0, 22.68, 22.5, 22.25, 22.27, 22.25
2026-09-08, 13:16:41, 22.25, 22.5, 22.75, 22.75, 9999.0, 9999.0, 9999.0, 23.73, 9999.0, 22.43, 9999.0, 22.7, 22.5, 22.25, 22.27, 22.25
2026-09-08, 13:16:45, 22.25, 22.5, 22.75, 22.75, 9999.0, 9999.0, 9999.0, 23.68, 9999.0, 22.45, 9999.0, 22.73, 22.5, 22.25, 22.27, 22.25
2026-09-08, 13:16:49, 22.25, 22.5, 22.75, 22.75, 9999.0, 9999.0, 9999.0, 23.64, 9999.0, 22.48, 9999.0, 22.75, 22.5, 22.25, 22.27, 22.25
2026-09-08, 13:16:53, 22.25, 22.5, 22.75, 22.75, 9999.0, 9999.0, 9999.0, 23.66, 9999.0, 22.5, 9999.0, 22.77, 22.5, 22.25, 22.27, 22.25
2026-09-08, 13:16:57, 22.25, 22.5, 22.75, 22.75, 9999.0, 9999.0, 9999.0, 23.7, 9999.0, 22.52, 9999.0, 22.75, 22.5, 22.25, 22.27, 22.25
2026-09-08, 13:17:01, 22.25, 22.5, 22.75, 22.75, 9999.0, 9999.0, 9999.0, 23.75, 9999.0, 22.57, 9999.0, 22.75, 22.5, 22.25, 22.27, 22.27
2026-09-08, 13:17:05, 22.25, 22.5, 22.75, 22.75, 9999.0, 9999.0, 9999.0, 23.8, 9999.0, 22.59, 9999.0, 22.75, 22.5, 22.25, 22.27, 22.3
2026-09-08, 13:17:10, 22.25, 22.5, 22.75, 22.75, 9999.0, 9999.0, 9999.0, 23.82, 9999.0, 22.61, 9999.0, 22.73, 22.5, 22.25, 22.27, 22.3
2026-09-08, 13:17:14, 22.25, 22.5, 22.75, 22.75, 9999.0, 9999.0, 9999.0, 23.86, 9999.0, 22.64, 9999.0, 22.7, 22.5, 22.25, 22.25, 22.3
2026-09-08, 13:17:18, 22.27, 22.5, 22.75, 22.75, 9999.0, 9999.0, 9999.0, 23.91, 9999.0, 22.64, 9999.0, 22.68, 22.5, 22.25, 22.25, 22.3
2026-09-08, 13:17:22, 22.27, 22.5, 22.75, 22.75, 9999.0, 9999.0, 9999.0, 23.95, 9999.0, 22.64, 9999.0, 22.66, 22.5, 22.25, 22.25, 22.3
2026-09-08, 13:17:26, 22.3, 22.5, 22.75, 22.75, 9999.0, 9999.0, 9999.0, 24.0, 9999.0, 22.61, 9999.0, 22.64, 22.5, 22.25, 22.25, 22.3
2026-09-08, 13:17:30, 22.3, 22.5, 22.75, 22.75, 9999.0, 9999.0, 9999.0, 24.05, 9999.0, 22.59, 9999.0, 22.64, 22.5, 22.25, 22.25, 22.3
2026-09-08, 13:17:34, 22.3, 22.5, 22.75, 22.75, 9999.0, 9999.0, 9999.0, 24.09, 9999.0, 22.57, 9999.0, 22.64, 22.5, 22.25, 22.25, 22.3
2026-09-08, 13:17:38, 22.3, 22.5, 22.75, 22.75, 9999.0, 9999.0, 9999.0, 24.05, 9999.0, 22.55, 9999.0, 22.64, 22.5, 22.25, 22.25, 22.3
2026-09-08, 13:17:42, 22.3, 22.5, 22.75, 22.75, 9999.0, 9999.0, 9999.0, 24.0, 9999.0, 22.52, 9999.0, 22.66, 22.5, 22.25, 22.25, 22.3
2026-09-08, 13:17:46, 22.3, 22.5, 22.75, 22.75, 9999.0, 9999.0, 9999.0, 23.95, 9999.0, 22.5, 9999.0, 22.66, 22.5, 22.25, 22.25, 22.27
2026-09-08, 13:17:50, 22.3, 22.5, 22.75, 22.75, 9999.0, 9999.0, 9999.0, 23.91, 9999.0, 22.52, 9999.0, 22.66, 22.5, 22.25, 22.25, 22.25
2026-09-08, 13:17:54, 22.3, 22.5, 22.75, 22.75, 9999.0, 9999.0, 9999.0, 23.89, 9999.0, 22.55, 9999.0, 22.66, 22.5, 22.25, 22.25, 22.25
2026-09-08, 13:17:58, 22.3, 22.5, 22.75, 22.75, 9999.0, 9999.0, 9999.0, 23.86, 9999.0, 22.57, 9999.0, 22.68, 22.5, 22.25, 22.25, 22.25
2026-09-08, 13:18:02, 22.27, 22.5, 22.75, 22.75, 9999.0, 9999.0, 9999.0, 23.82, 9999.0, 22.59, 9999.0, 22.7, 22.5, 22.25, 22.25, 22.25
2026-09-08, 13:18:06, 22.27, 22.5, 22.75, 22.75, 9999.0, 9999.0, 9999.0, 23.77, 9999.0, 22.61, 9999.0, 22.73, 22.5, 22.25, 22.25, 22.25
2026-09-08, 13:18:10, 22.25, 22.5, 22.75, 22.75, 9999.0, 9999.0, 9999.0, 23.73, 9999.0, 22.64, 9999.0, 22.75, 22.5, 22.25, 22.25, 22.25
2026-09-08, 13:18:14, 22.25, 22.5, 22.75, 22.75, 9999.0, 9999.0, 9999.0, 23.75, 9999.0, 22.66, 9999.0, 22.75, 22.5, 22.25, 22.27, 22.25
2026-09-08, 13:18:18, 22.25, 22.5, 22.75, 22.75, 9999.0, 9999.0, 9999.0, 23.77, 9999.0, 22.68, 9999.0, 22.75, 22.5, 22.25, 22.27, 22.25
2026-09-08, 13:18:22, 22.25, 22.5, 22.75, 22.75, 9999.0, 9999.0, 9999.0, 23.82, 9999.0, 22.7, 9999.0, 22.75, 22.5, 22.25, 22.27, 22.25
2026-09-08, 13:18:26, 22.25, 22.48, 22.75, 22.75, 9999.0, 9999.0, 9999.0, 23.86, 9999.0, 22.73, 9999.0, 22.73, 22.5, 22.25, 22.27, 22.25
2026-09-08, 13:18:30, 22.25, 22.45, 22.75, 22.75, 9999.0, 9999.0, 9999.0, 23.89, 9999.0, 22.75, 9999.0, 22.7, 22.5, 22.25, 22.27, 22.25
2026-09-08, 13:18:34, 22.25, 22.45, 22.75, 22.75, 9999.0, 9999.0, 9999.0, 23.91, 9999.0, 22.73, 9999.0, 22.7, 22.48, 22.25, 22.27, 22.25
2026-09-08, 13:18:38, 22.25, 22.45, 22.75, 22.75, 9999.0, 9999.0, 9999.0, 23.93, 9999.0, 22.73, 9999.0, 22.68, 22.48, 22.25, 22.27, 22.25
2026-09-08, 13:18:42, 22.25, 22.43, 22.75, 22.75, 9999.0, 9999.0, 9999.0, 23.95, 9999.0, 22.73, 9999.0, 22.66, 22.45, 22.25, 22.27, 22.25
2026-09-08, 13:18:46, 22.25, 22.43, 22.75, 22.75, 9999.0, 9999.0, 9999.0, 24.0, 9999.0, 22.73, 9999.0, 22.64, 22.43, 22.25, 22.27, 22.25
2026-09-08, 13:18:50, 22.25, 22.43, 22.75, 22.75, 9999.0, 9999.0, 9999.0, 24.02, 9999.0, 22.7, 9999.0, 22.64, 22.43, 22.25, 22.27, 22.25
2026-09-08, 13:18:54, 22.25, 22.43, 22.75, 22.75, 9999.0, 9999.0, 9999.0, 24.05, 9999.0, 22.68, 9999.0, 22.64, 22.41, 22.25, 22.27, 22.25
2026-09-08, 13:18:58, 22.25, 22.43, 22.75, 22.75, 9999.0, 9999.0, 9999.0, 24.02, 9999.0, 22.66, 9999.0, 22.64, 22.39, 22.25, 22.25, 22.25
2026-09-08, 13:19:02, 22.25, 22.41, 22.75, 22.75, 9999.0, 9999.0, 9999.0, 23.98, 9999.0, 22.64, 9999.0, 22.64, 22.39, 22.25, 22.25, 22.25
2026-09-08, 13:19:06, 22.25, 22.41, 22.75, 22.75, 9999.0, 9999.0, 9999.0, 23.93, 9999.0, 22.61, 9999.0, 22.64, 22.39, 22.25, 22.25, 22.25
2026-09-08, 13:19:10, 22.25, 22.43, 22.75, 22.75, 9999.0, 9999.0, 9999.0, 23.89, 9999.0, 22.61, 9999.0, 22.66, 22.39, 22.25, 22.25, 22.25
2026-09-08, 13:19:14, 22.27, 22.45, 22.75, 22.75, 9999.0, 9999.0, 9999.0, 23.86, 9999.0, 22.61, 9999.0, 22.68, 22.39, 22.25, 22.25, 22.25
2026-09-08, 13:19:18, 22.27, 22.45, 22.75, 22.75, 9999.0, 9999.0, 9999.0, 23.84, 9999.0, 22.64, 9999.0, 22.68, 22.41, 22.25, 22.25, 22.25
2026-09-08, 13:19:22, 22.27, 22.45, 22.75, 22.75, 9999.0, 9999.0, 9999.0, 23.8, 9999.0, 22.64, 9999.0, 22.7, 22.41, 22.25, 22.25, 22.25
2026-09-08, 13:19:26, 22.27, 22.48, 22.75, 22.75, 9999.0, 9999.0, 9999.0, 23.75, 9999.0, 22.66, 9999.0, 22.73, 22.43, 22.25, 22.25, 22.25
2026-09-08, 13:19:30, 22.27, 22.48, 22.75, 22.75, 9999.0, 9999.0, 9999.0, 23.77, 9999.0, 22.66, 9999.0, 22.73, 22.45, 22.25, 22.25, 22.25
2026-09-08, 13:19:34, 22.27, 22.48, 22.75, 22.75, 9999.0, 9999.0, 9999.0, 23.82, 9999.0, 22.7, 9999.0, 22.73, 22.45, 22.25, 22.25, 22.25
2026-09-08, 13:19:38, 22.27, 22.48, 22.75, 22.75, 9999.0, 9999.0, 9999.0, 23.86, 9999.0, 22.73, 9999.0, 22.7, 22.48, 22.25, 22.25, 22.25
2026-09-08, 13:19:42, 22.27, 22.48, 22.75, 22.75, 9999.0, 9999.0, 9999.0, 23.89, 9999.0, 22.75, 9999.0, 22.68, 22.5, 22.25, 22.27, 22.25
2026-09-08, 13:19:46, 22.27, 22.5, 22.75, 22.75, 9999.0, 9999.0, 9999.0, 23.93, 9999.0, 22.77, 9999.0, 22.66, 22.5, 22.25, 22.27, 22.25
2026-09-08, 13:19:50, 22.27, 22.5, 22.75, 22.75, 9999.0, 9999.0, 9999.0, 23.95, 9999.0, 22.8, 9999.0, 22.64, 22.5, 22.25, 22.27, 22.25
2026-09-08, 13:19:54, 22.27, 22.48, 22.75, 22.75, 9999.0, 9999.0, 9999.0, 23.98, 9999.0, 22.8, 9999.0, 22.61, 22.5, 22.25, 22.27, 22.25
2026-09-08, 13:19:58, 22.25, 22.48, 22.75, 22.75, 9999.0, 9999.0, 9999.0, 24.0, 9999.0, 22.8, 9999.0, 22.59, 22.5, 22.25, 22.27, 22.25
2026-09-08, 13:20:02, 22.25, 22.48, 22.75, 22.75, 9999.0, 9999.0, 9999.0, 24.02, 9999.0, 22.8, 9999.0, 22.57, 22.5, 22.25, 22.27, 22.25
2026-09-08, 13:20:06, 22.25, 22.48, 22.75, 22.75, 9999.0, 9999.0, 9999.0, 24.07, 9999.0, 22.8, 9999.0, 22.55, 22.5, 22.25, 22.27, 22.25
2026-09-08, 13:20:10, 22.25, 22.48, 22.75, 22.75, 9999.0, 9999.0, 9999.0, 24.11, 9999.0, 22.77, 9999.0, 22.55, 22.5, 22.25, 22.27, 22.25
2026-09-08, 13:20:14, 22.25, 22.48, 22.75, 22.75, 9999.0, 9999.0, 9999.0, 24.09, 9999.0, 22.77, 9999.0, 22.57, 22.5, 22.25, 22.27, 22.25
2026-09-08, 13:20:18, 22.25, 22.48, 22.75, 22.75, 9999.0, 9999.0, 9999.0, 24.07, 9999.0, 22.73, 9999.0, 22.57, 22.5, 22.25, 22.27, 22.25
2026-09-08, 13:20:22, 22.25, 22.48, 22.75, 22.75, 9999.0, 9999.0, 9999.0, 24.02, 9999.0, 22.7, 9999.0, 22.59, 22.5, 22.25, 22.27, 22.25
2026-09-08, 13:20:26, 22.27, 22.48, 22.75, 22.75, 9999.0, 9999.0, 9999.0, 24.0, 9999.0, 22.68, 9999.0, 22.61, 22.5, 22.25, 22.25, 22.25
2026-09-08, 13:20:30, 22.27, 22.48, 22.75, 22.75, 9999.0, 9999.0, 9999.0, 23.95, 9999.0, 22.68, 9999.0, 22.64, 22.48, 22.25, 22.25, 22.25
2026-09-08, 13:20:34, 22.27, 22.48, 22.75, 22.75, 9999.0, 9999.0, 9999.0, 23.93, 9999.0, 22.68, 9999.0, 22.66, 22.48, 22.25, 22.25, 22.25
2026-09-08, 13:20:38, 22.27, 22.5, 22.75, 22.75, 9999.0, 9999.0, 9999.0, 23.91, 9999.0, 22.68, 9999.0, 22.68, 22.48, 22.25, 22.25, 22.25
2026-09-08, 13:20:42, 22.27, 22.5, 22.75, 22.73, 9999.0, 9999.0, 9999.0, 23.89, 9999.0, 22.68, 9999.0, 22.7, 22.48, 22.25, 22.25, 22.25
2026-09-08, 13:20:46, 22.27, 22.5, 22.75, 22.73, 9999.0, 9999.0, 9999.0, 23.86, 9999.0, 22.68, 9999.0, 22.73, 22.48, 22.25, 22.25, 22.25
2026-09-08, 13:20:50, 22.27, 22.5, 22.75, 22.73, 9999.0, 9999.0, 9999.0, 23.91, 9999.0, 22.7, 9999.0, 22.75, 22.48, 22.25, 22.25, 22.25
2026-09-08, 13:20:54, 22.27, 22.5, 22.75, 22.7, 9999.0, 9999.0, 9999.0, 23.95, 9999.0, 22.73, 9999.0, 22.75, 22.48, 22.25, 22.25, 22.25
2026-09-08, 13:20:58, 22.27, 22.5, 22.75, 22.7, 9999.0, 9999.0, 9999.0, 23.98, 9999.0, 22.73, 9999.0, 22.75, 22.48, 22.25, 22.25, 22.25
2026-09-08, 13:21:03, 22.27, 22.5, 22.75, 22.7, 9999.0, 9999.0, 9999.0, 24.0, 9999.0, 22.75, 9999.0, 22.73, 22.48, 22.25, 22.25, 22.25
2026-09-08, 13:21:07, 22.27, 22.5, 22.75, 22.7, 9999.0, 9999.0, 9999.0, 24.02, 9999.0, 22.77, 9999.0, 22.7, 22.48, 22.25, 22.25, 22.25
2026-09-08, 13:21:11, 22.25, 22.5, 22.75, 22.7, 9999.0, 9999.0, 9999.0, 24.02, 9999.0, 22.8, 9999.0, 22.68, 22.48, 22.25, 22.25, 22.25
2026-09-08, 13:21:15, 22.25, 22.5, 22.75, 22.7, 9999.0, 9999.0, 9999.0, 24.05, 9999.0, 22.8, 9999.0, 22.66, 22.5, 22.25, 22.25, 22.25
2026-09-08, 13:21:19, 22.25, 22.5, 22.75, 22.7, 9999.0, 9999.0, 9999.0, 24.07, 9999.0, 22.8, 9999.0, 22.64, 22.48, 22.25, 22.25, 22.25
2026-09-08, 13:21:23, 22.25, 22.5, 22.75, 22.68, 9999.0, 9999.0, 9999.0, 24.09, 9999.0, 22.8, 9999.0, 22.61, 22.48, 22.25, 22.25, 22.25
2026-09-08, 13:21:27, 22.27, 22.5, 22.75, 22.7, 9999.0, 9999.0, 9999.0, 24.11, 9999.0, 22.8, 9999.0, 22.61, 22.48, 22.25, 22.25, 22.25
2026-09-08, 13:21:31, 22.27, 22.5, 22.75, 22.7, 9999.0, 9999.0, 9999.0, 24.14, 9999.0, 22.8, 9999.0, 22.59, 22.48, 22.25, 22.25, 22.25
2026-09-08, 13:21:35, 22.27, 22.5, 22.75, 22.7, 9999.0, 9999.0, 9999.0, 24.09, 9999.0, 22.77, 9999.0, 22.57, 22.48, 22.25, 22.25, 22.25
2026-09-08, 13:21:39, 22.27, 22.5, 22.75, 22.73, 9999.0, 9999.0, 9999.0, 24.05, 9999.0, 22.73, 9999.0, 22.57, 22.48, 22.25, 22.25, 22.25
2026-09-08, 13:21:43, 22.27, 22.5, 22.75, 22.73, 9999.0, 9999.0, 9999.0, 24.02, 9999.0, 22.7, 9999.0, 22.57, 22.48, 22.25, 22.25, 22.25
2026-09-08, 13:21:47, 22.27, 22.5, 22.75, 22.73, 9999.0, 9999.0, 9999.0, 23.98, 9999.0, 22.7, 9999.0, 22.59, 22.48, 22.25, 22.25, 22.25
2026-09-08, 13:21:51, 22.27, 22.5, 22.75, 22.73, 9999.0, 9999.0, 9999.0, 23.95, 9999.0, 22.7, 9999.0, 22.61, 22.48, 22.25, 22.27, 22.25
2026-09-08, 13:21:55, 22.27, 22.5, 22.75, 22.73, 9999.0, 9999.0, 9999.0, 23.93, 9999.0, 22.7, 9999.0, 22.64, 22.45, 22.25, 22.27, 22.25
2026-09-08, 13:21:59, 22.27, 22.5, 22.75, 22.73, 9999.0, 9999.0, 9999.0, 23.91, 9999.0, 22.7, 9999.0, 22.66, 22.45, 22.25, 22.27, 22.25
2026-09-08, 13:22:03, 22.27, 22.5, 22.75, 22.73, 9999.0, 9999.0, 9999.0, 23.89, 9999.0, 22.7, 9999.0, 22.68, 22.48, 22.25, 22.27, 22.25
2026-09-08, 13:22:07, 22.27, 22.5, 22.75, 22.73, 9999.0, 9999.0, 9999.0, 23.84, 9999.0, 22.7, 9999.0, 22.7, 22.48, 22.25, 22.27, 22.25
2026-09-08, 13:22:11, 22.25, 22.5, 22.75, 22.73, 9999.0, 9999.0, 9999.0, 23.89, 9999.0, 22.73, 9999.0, 22.68, 22.48, 22.25, 22.27, 22.25
2026-09-08, 13:22:15, 22.25, 22.5, 22.75, 22.73, 9999.0, 9999.0, 9999.0, 23.91, 9999.0, 22.73, 9999.0, 22.68, 22.45, 22.25, 22.27, 22.25
2026-09-08, 13:22:19, 22.25, 22.5, 22.75, 22.73, 9999.0, 9999.0, 9999.0, 23.93, 9999.0, 22.73, 9999.0, 22.68, 22.45, 22.25, 22.27, 22.25
2026-09-08, 13:22:23, 22.25, 22.5, 22.75, 22.7, 9999.0, 9999.0, 9999.0, 23.95, 9999.0, 22.75, 9999.0, 22.66, 22.45, 22.25, 22.27, 22.25
2026-09-08, 13:22:27, 22.25, 22.48, 22.75, 22.7, 9999.0, 9999.0, 9999.0, 23.95, 9999.0, 22.77, 9999.0, 22.64, 22.45, 22.25, 22.27, 22.25
2026-09-08, 13:22:31, 22.25, 22.48, 22.75, 22.7, 9999.0, 9999.0, 9999.0, 24.0, 9999.0, 22.77, 9999.0, 22.61, 22.45, 22.25, 22.27, 22.25
2026-09-08, 13:22:35, 22.25, 22.48, 22.75, 22.7, 9999.0, 9999.0, 9999.0, 24.02, 9999.0, 22.75, 9999.0, 22.59, 22.43, 22.25, 22.25, 22.25
2026-09-08, 13:22:39, 22.25, 22.48, 22.75, 22.7, 9999.0, 9999.0, 9999.0, 24.05, 9999.0, 22.73, 9999.0, 22.57, 22.45, 22.25, 22.25, 22.25
2026-09-08, 13:22:43, 22.25, 22.48, 22.73, 22.68, 9999.0, 9999.0, 9999.0, 24.07, 9999.0, 22.73, 9999.0, 22.55, 22.45, 22.25, 22.25, 22.25
2026-09-08, 13:22:47, 22.25, 22.48, 22.73, 22.66, 9999.0, 9999.0, 9999.0, 24.09, 9999.0, 22.7, 9999.0, 22.55, 22.45, 22.25, 22.25, 22.25
2026-09-08, 13:22:51, 22.25, 22.48, 22.73, 22.68, 9999.0, 9999.0, 9999.0, 24.14, 9999.0, 22.68, 9999.0, 22.55, 22.45, 22.25, 22.25, 22.25
2026-09-08, 13:22:55, 22.25, 22.48, 22.73, 22.68, 9999.0, 9999.0, 9999.0, 24.09, 9999.0, 22.64, 9999.0, 22.57, 22.45, 22.25, 22.25, 22.25
2026-09-08, 13:22:59, 22.25, 22.48, 22.73, 22.68, 9999.0, 9999.0, 9999.0, 24.05, 9999.0, 22.61, 9999.0, 22.59, 22.48, 22.25, 22.25, 22.25
2026-09-08, 13:23:03, 22.25, 22.45, 22.73, 22.68, 9999.0, 9999.0, 9999.0, 24.02, 9999.0, 22.59, 9999.0, 22.61, 22.48, 22.25, 22.25, 22.25
2026-09-08, 13:23:07, 22.25, 22.45, 22.73, 22.7, 9999.0, 9999.0, 9999.0, 23.98, 9999.0, 22.59, 9999.0, 22.64, 22.48, 22.25, 22.25, 22.25
2026-09-08, 13:23:11, 22.25, 22.45, 22.73, 22.7, 9999.0, 9999.0, 9999.0, 23.95, 9999.0, 22.59, 9999.0, 22.66, 22.48, 22.25, 22.25, 22.25
2026-09-08, 13:23:15, 22.25, 22.45, 22.73, 22.7, 9999.0, 9999.0, 9999.0, 23.91, 9999.0, 22.59, 9999.0, 22.68, 22.48, 22.25, 22.25, 22.25
2026-09-08, 13:23:19, 22.25, 22.45, 22.73, 22.7, 9999.0, 9999.0, 9999.0, 23.89, 9999.0, 22.64, 9999.0, 22.7, 22.5, 22.25, 22.25, 22.25
2026-09-08, 13:23:23, 22.25, 22.45, 22.73, 22.7, 9999.0, 9999.0, 9999.0, 23.84, 9999.0, 22.66, 9999.0, 22.73, 22.5, 22.25, 22.25, 22.25
2026-09-08, 13:23:27, 22.25, 22.43, 22.75, 22.73, 9999.0, 9999.0, 9999.0, 23.89, 9999.0, 22.66, 9999.0, 22.75, 22.5, 22.25, 22.25, 22.25
2026-09-08, 13:23:31, 22.25, 22.43, 22.75, 22.75, 9999.0, 9999.0, 9999.0, 23.91, 9999.0, 22.68, 9999.0, 22.75, 22.5, 22.25, 22.25, 22.25
2026-09-08, 13:23:35, 22.25, 22.43, 22.75, 22.73, 9999.0, 9999.0, 9999.0, 23.93, 9999.0, 22.7, 9999.0, 22.75, 22.5, 22.25, 22.25, 22.25
2026-09-08, 13:23:39, 22.25, 22.43, 22.75, 22.73, 9999.0, 9999.0, 9999.0, 23.95, 9999.0, 22.73, 9999.0, 22.73, 22.5, 22.25, 22.25, 22.25
2026-09-08, 13:23:43, 22.25, 22.43, 22.75, 22.73, 9999.0, 9999.0, 9999.0, 24.0, 9999.0, 22.73, 9999.0, 22.7, 22.5, 22.25, 22.25, 22.25
2026-09-08, 13:23:47, 22.25, 22.45, 22.75, 22.73, 9999.0, 9999.0, 9999.0, 24.0, 9999.0, 22.73, 9999.0, 22.68, 22.5, 22.25, 22.25, 22.25
2026-09-08, 13:23:51, 22.25, 22.45, 22.75, 22.73, 9999.0, 9999.0, 9999.0, 24.02, 9999.0, 22.7, 9999.0, 22.66, 22.5, 22.25, 22.25, 22.25
2026-09-08, 13:23:55, 22.25, 22.48, 22.75, 22.73, 9999.0, 9999.0, 9999.0, 24.05, 9999.0, 22.68, 9999.0, 22.64, 22.5, 22.25, 22.25, 22.25
2026-09-08, 13:23:59, 22.25, 22.48, 22.75, 22.7, 9999.0, 9999.0, 9999.0, 24.07, 9999.0, 22.66, 9999.0, 22.61, 22.48, 22.25, 22.25, 22.25
2026-09-08, 13:24:03, 22.27, 22.48, 22.75, 22.7, 9999.0, 9999.0, 9999.0, 24.09, 9999.0, 22.61, 9999.0, 22.59, 22.45, 22.25, 22.25, 22.25
2026-09-08, 13:24:07, 22.27, 22.48, 22.75, 22.7, 9999.0, 9999.0, 9999.0, 24.14, 9999.0, 22.59, 9999.0, 22.57, 22.45, 22.25, 22.25, 22.25
2026-09-08, 13:24:11, 22.27, 22.5, 22.75, 22.7, 9999.0, 9999.0, 9999.0, 24.09, 9999.0, 22.57, 9999.0, 22.55, 22.45, 22.25, 22.25, 22.25
2026-09-08, 13:24:15, 22.27, 22.5, 22.75, 22.7, 9999.0, 9999.0, 9999.0, 24.05, 9999.0, 22.55, 9999.0, 22.55, 22.45, 22.25, 22.25, 22.25
2026-09-08, 13:24:19, 22.27, 22.5, 22.75, 22.73, 9999.0, 9999.0, 9999.0, 24.0, 9999.0, 22.52, 9999.0, 22.55, 22.45, 22.25, 22.25, 22.25
2026-09-08, 13:24:23, 22.27, 22.5, 22.75, 22.73, 9999.0, 9999.0, 9999.0, 23.95, 9999.0, 22.5, 9999.0, 22.57, 22.45, 22.25, 22.25, 22.25
2026-09-08, 13:24:27, 22.27, 22.5, 22.75, 22.73, 9999.0, 9999.0, 9999.0, 23.91, 9999.0, 22.5, 9999.0, 22.59, 22.43, 22.25, 22.25, 22.25
2026-09-08, 13:24:31, 22.27, 22.5, 22.75, 22.73, 9999.0, 9999.0, 9999.0, 23.89, 9999.0, 22.52, 9999.0, 22.61, 22.41, 22.25, 22.25, 22.25
2026-09-08, 13:24:35, 22.27, 22.48, 22.75, 22.73, 9999.0, 9999.0, 9999.0, 23.84, 9999.0, 22.55, 9999.0, 22.64, 22.41, 22.25, 22.25, 22.25
2026-09-08, 13:24:39, 22.27, 22.48, 22.75, 22.73, 9999.0, 9999.0, 9999.0, 23.8, 9999.0, 22.57, 9999.0, 22.66, 22.41, 22.25, 22.25, 22.25
2026-09-08, 13:24:43, 22.27, 22.48, 22.75, 22.75, 9999.0, 9999.0, 9999.0, 23.75, 9999.0, 22.59, 9999.0, 22.68, 22.43, 22.25, 22.25, 22.25
2026-09-08, 13:24:47, 22.25, 22.48, 22.75, 22.75, 9999.0, 9999.0, 9999.0, 23.8, 9999.0, 22.61, 9999.0, 22.7, 22.45, 22.25, 22.25, 22.25
2026-09-08, 13:24:51, 22.25, 22.48, 22.75, 22.75, 9999.0, 9999.0, 9999.0, 23.82, 9999.0, 22.64, 9999.0, 22.7, 22.45, 22.25, 22.25, 22.25
2026-09-08, 13:24:55, 22.25, 22.45, 22.75, 22.75, 9999.0, 9999.0, 9999.0, 23.84, 9999.0, 22.64, 9999.0, 22.7, 22.45, 22.25, 22.25, 22.25
2026-09-08, 13:25:00, 22.25, 22.45, 22.75, 22.75, 9999.0, 9999.0, 9999.0, 23.89, 9999.0, 22.64, 9999.0, 22.68, 22.45, 22.25, 22.25, 22.25
2026-09-08, 13:25:04, 22.25, 22.45, 22.75, 22.75, 9999.0, 9999.0, 9999.0, 23.91, 9999.0, 22.64, 9999.0, 22.66, 22.45, 22.25, 22.25, 22.25
2026-09-08, 13:25:08, 22.25, 22.45, 22.75, 22.73, 9999.0, 9999.0, 9999.0, 23.93, 9999.0, 22.64, 9999.0, 22.64, 22.43, 22.25, 22.25, 22.25
2026-09-08, 13:25:12, 22.25, 22.45, 22.75, 22.7, 9999.0, 9999.0, 9999.0, 23.95, 9999.0, 22.64, 9999.0, 22.61, 22.43, 22.25, 22.25, 22.25
2026-09-08, 13:25:16, 22.25, 22.45, 22.75, 22.7, 9999.0, 9999.0, 9999.0, 23.98, 9999.0, 22.61, 9999.0, 22.59, 22.45, 22.25, 22.25, 22.25
2026-09-08, 13:25:20, 22.25, 22.48, 22.75, 22.7, 9999.0, 9999.0, 9999.0, 24.02, 9999.0, 22.59, 9999.0, 22.57, 22.45, 22.25, 22.25, 22.25
2026-09-08, 13:25:24, 22.25, 22.48, 22.75, 22.7, 9999.0, 9999.0, 9999.0, 24.07, 9999.0, 22.57, 9999.0, 22.57, 22.45, 22.25, 22.25, 22.25
2026-09-08, 13:25:28, 22.25, 22.48, 22.75, 22.7, 9999.0, 9999.0, 9999.0, 24.11, 9999.0, 22.52, 9999.0, 22.57, 22.45, 22.25, 22.25, 22.25
2026-09-08, 13:25:32, 22.25, 22.48, 22.75, 22.7, 9999.0, 9999.0, 9999.0, 24.07, 9999.0, 22.48, 9999.0, 22.55, 22.43, 22.25, 22.25, 22.25
2026-09-08, 13:25:36, 22.25, 22.48, 22.75, 22.7, 9999.0, 9999.0, 9999.0, 24.02, 9999.0, 22.43, 9999.0, 22.57, 22.43, 22.25, 22.25, 22.25
2026-09-08, 13:25:40, 22.25, 22.5, 22.75, 22.7, 9999.0, 9999.0, 9999.0, 23.98, 9999.0, 22.41, 9999.0, 22.59, 22.43, 22.25, 22.25, 22.25
2026-09-08, 13:25:44, 22.25, 22.5, 22.75, 22.7, 9999.0, 9999.0, 9999.0, 23.93, 9999.0, 22.39, 9999.0, 22.61, 22.43, 22.25, 22.25, 22.25
2026-09-08, 13:25:48, 22.25, 22.5, 22.75, 22.7, 9999.0, 9999.0, 9999.0, 23.91, 9999.0, 22.39, 9999.0, 22.64, 22.43, 22.25, 22.25, 22.25
2026-09-08, 13:25:52, 22.25, 22.5, 22.75, 22.73, 9999.0, 9999.0, 9999.0, 23.89, 9999.0, 22.39, 9999.0, 22.66, 22.43, 22.25, 22.25, 22.25
2026-09-08, 13:25:56, 22.25, 22.5, 22.75, 22.75, 9999.0, 9999.0, 9999.0, 23.86, 9999.0, 22.41, 9999.0, 22.68, 22.45, 22.25, 22.25, 22.25
2026-09-08, 13:26:00, 22.25, 22.5, 22.75, 22.75, 9999.0, 9999.0, 9999.0, 23.82, 9999.0, 22.41, 9999.0, 22.68, 22.45, 22.25, 22.25, 22.25
2026-09-08, 13:26:04, 22.25, 22.5, 22.75, 22.75, 9999.0, 9999.0, 9999.0, 23.77, 9999.0, 22.43, 9999.0, 22.7, 22.45, 22.25, 22.25, 22.25
2026-09-08, 13:26:08, 22.25, 22.5, 22.75, 22.75, 9999.0, 9999.0, 9999.0, 23.8, 9999.0, 22.43, 9999.0, 22.7, 22.45, 22.25, 22.25, 22.25
2026-09-08, 13:26:12, 22.25, 22.5, 22.75, 22.75, 9999.0, 9999.0, 9999.0, 23.82, 9999.0, 22.45, 9999.0, 22.68, 22.45, 22.25, 22.25, 22.25
2026-09-08, 13:26:16, 22.25, 22.5, 22.75, 22.75, 9999.0, 9999.0, 9999.0, 23.82, 9999.0, 22.45, 9999.0, 22.7, 22.48, 22.25, 22.25, 22.25
2026-09-08, 13:26:20, 22.25, 22.5, 22.75, 22.75, 9999.0, 9999.0, 9999.0, 23.84, 9999.0, 22.48, 9999.0, 22.68, 22.48, 22.25, 22.25, 22.25
2026-09-08, 13:26:24, 22.25, 22.5, 22.75, 22.75, 9999.0, 9999.0, 9999.0, 23.86, 9999.0, 22.48, 9999.0, 22.66, 22.48, 22.25, 22.25, 22.25
2026-09-08, 13:26:28, 22.25, 22.5, 22.75, 22.75, 9999.0, 9999.0, 9999.0, 23.89, 9999.0, 22.48, 9999.0, 22.64, 22.48, 22.25, 22.25, 22.25
2026-09-08, 13:26:32, 22.25, 22.5, 22.75, 22.75, 9999.0, 9999.0, 9999.0, 23.91, 9999.0, 22.45, 9999.0, 22.61, 22.45, 22.25, 22.25, 22.25
2026-09-08, 13:26:36, 22.25, 22.5, 22.75, 22.75, 9999.0, 9999.0, 9999.0, 23.93, 9999.0, 22.43, 9999.0, 22.59, 22.48, 22.25, 22.25, 22.25
2026-09-08, 13:26:40, 22.25, 22.5, 22.75, 22.75, 9999.0, 9999.0, 9999.0, 23.95, 9999.0, 22.39, 9999.0, 22.57, 22.48, 22.25, 22.25, 22.25
2026-09-08, 13:26:44, 22.25, 22.5, 22.75, 22.75, 9999.0, 9999.0, 9999.0, 23.98, 9999.0, 22.36, 9999.0, 22.59, 22.48, 22.25, 22.25, 22.25
2026-09-08, 13:26:48, 22.25, 22.5, 22.75, 22.75, 9999.0, 9999.0, 9999.0, 24.0, 9999.0, 22.3, 9999.0, 22.59, 22.45, 22.25, 22.25, 22.25
2026-09-08, 13:26:52, 22.25, 22.5, 22.75, 22.75, 9999.0, 9999.0, 9999.0, 23.95, 9999.0, 22.25, 9999.0, 22.59, 22.45, 22.25, 22.25, 22.25
2026-09-08, 13:26:56, 22.25, 22.5, 22.75, 22.75, 9999.0, 9999.0, 9999.0, 23.91, 9999.0, 22.2, 9999.0, 22.61, 22.45, 22.25, 22.25, 22.25
2026-09-08, 13:27:00, 22.25, 22.5, 22.75, 22.73, 9999.0, 9999.0, 9999.0, 23.89, 9999.0, 22.18, 9999.0, 22.61, 22.45, 22.25, 22.25, 22.25
2026-09-08, 13:27:04, 22.25, 22.5, 22.75, 22.73, 9999.0, 9999.0, 9999.0, 23.84, 9999.0, 22.16, 9999.0, 22.64, 22.45, 22.25, 22.25, 22.25
2026-09-08, 13:27:08, 22.25, 22.5, 22.75, 22.7, 9999.0, 9999.0, 9999.0, 23.8, 9999.0, 22.16, 9999.0, 22.66, 22.45, 22.25, 22.25, 22.25
2026-09-08, 13:27:12, 22.25, 22.5, 22.75, 22.7, 9999.0, 9999.0, 9999.0, 23.75, 9999.0, 22.14, 9999.0, 22.68, 22.45, 22.25, 22.25, 22.25
2026-09-08, 13:27:16, 22.25, 22.5, 22.75, 22.7, 9999.0, 9999.0, 9999.0, 23.7, 9999.0, 22.14, 9999.0, 22.7, 22.48, 22.25, 22.25, 22.25
2026-09-08, 13:27:20, 22.25, 22.5, 22.75, 22.7, 9999.0, 9999.0, 9999.0, 23.66, 9999.0, 22.14, 9999.0, 22.73, 22.48, 22.25, 22.25, 22.25
2026-09-08, 13:27:24, 22.25, 22.5, 22.75, 22.7, 9999.0, 9999.0, 9999.0, 23.61, 9999.0, 22.14, 9999.0, 22.75, 22.48, 22.25, 22.25, 22.25
2026-09-08, 13:27:28, 22.25, 22.5, 22.75, 22.7, 9999.0, 9999.0, 9999.0, 23.64, 9999.0, 22.14, 9999.0, 22.73, 22.48, 22.25, 22.25, 22.25
2026-09-08, 13:27:32, 22.25, 22.5, 22.75, 22.7, 9999.0, 9999.0, 9999.0, 23.66, 9999.0, 22.16, 9999.0, 22.73, 22.5, 22.25, 22.25, 22.25
2026-09-08, 13:27:36, 22.25, 22.5, 22.75, 22.7, 9999.0, 9999.0, 9999.0, 23.68, 9999.0, 22.18, 9999.0, 22.7, 22.5, 22.25, 22.25, 22.25
2026-09-08, 13:27:40, 22.25, 22.5, 22.75, 22.7, 9999.0, 9999.0, 9999.0, 23.7, 9999.0, 22.18, 9999.0, 22.68, 22.5, 22.25, 22.25, 22.25
2026-09-08, 13:27:44, 22.25, 22.5, 22.75, 22.73, 9999.0, 9999.0, 9999.0, 23.73, 9999.0, 22.18, 9999.0, 22.66, 22.5, 22.25, 22.25, 22.25
2026-09-08, 13:27:48, 22.25, 22.5, 22.75, 22.73, 9999.0, 9999.0, 9999.0, 23.75, 9999.0, 22.16, 9999.0, 22.64, 22.5, 22.25, 22.25, 22.25
2026-09-08, 13:27:52, 22.25, 22.5, 22.75, 22.75, 9999.0, 9999.0, 9999.0, 23.77, 9999.0, 22.16, 9999.0, 22.61, 22.5, 22.25, 22.25, 22.25
2026-09-08, 13:27:56, 22.25, 22.5, 22.75, 22.75, 9999.0, 9999.0, 9999.0, 23.8, 9999.0, 22.16, 9999.0, 22.59, 22.5, 22.25, 22.25, 22.25
2026-09-08, 13:28:00, 22.25, 22.5, 22.75, 22.75, 9999.0, 9999.0, 9999.0, 23.82, 9999.0, 22.16, 9999.0, 22.57, 22.5, 22.25, 22.25, 22.25
2026-09-08, 13:28:04, 22.25, 22.5, 22.75, 22.75, 9999.0, 9999.0, 9999.0, 23.84, 9999.0, 22.14, 9999.0, 22.57, 22.5, 22.25, 22.25, 22.25
2026-09-08, 13:28:08, 22.25, 22.5, 22.75, 22.75, 9999.0, 9999.0, 9999.0, 23.86, 9999.0, 22.11, 9999.0, 22.57, 22.5, 22.25, 22.25, 22.25
2026-09-08, 13:28:12, 22.25, 22.5, 22.75, 22.75, 9999.0, 9999.0, 9999.0, 23.84, 9999.0, 22.09, 9999.0, 22.59, 22.5, 22.25, 22.25, 22.25
2026-09-08, 13:28:16, 22.25, 22.5, 22.75, 22.75, 9999.0, 9999.0, 9999.0, 23.82, 9999.0, 22.07, 9999.0, 22.59, 22.5, 22.25, 22.25, 22.25
2026-09-08, 13:28:20, 22.25, 22.5, 22.75, 22.75, 9999.0, 9999.0, 9999.0, 23.77, 9999.0, 22.05, 9999.0, 22.61, 22.5, 22.25, 22.25, 22.25
2026-09-08, 13:28:24, 22.25, 22.5, 22.75, 22.75, 9999.0, 9999.0, 9999.0, 23.73, 9999.0, 22.07, 9999.0, 22.64, 22.5, 22.25, 22.25, 22.25
2026-09-08, 13:28:28, 22.25, 22.5, 22.75, 22.75, 9999.0, 9999.0, 9999.0, 23.68, 9999.0, 22.09, 9999.0, 22.66, 22.5, 22.25, 22.25, 22.25
2026-09-08, 13:28:32, 22.25, 22.5, 22.75, 22.75, 9999.0, 9999.0, 9999.0, 23.66, 9999.0, 22.11, 9999.0, 22.68, 22.5, 22.25, 22.25, 22.25
2026-09-08, 13:28:36, 22.25, 22.48, 22.75, 22.75, 9999.0, 9999.0, 9999.0, 23.64, 9999.0, 22.14, 9999.0, 22.7, 22.5, 22.25, 22.25, 22.25
2026-09-08, 13:28:40, 22.25, 22.48, 22.75, 22.75, 9999.0, 9999.0, 9999.0, 23.61, 9999.0, 22.18, 9999.0, 22.73, 22.5, 22.25, 22.27, 22.25
2026-09-08, 13:28:44, 22.25, 22.45, 22.75, 22.75, 9999.0, 9999.0, 9999.0, 23.66, 9999.0, 22.18, 9999.0, 22.75, 22.5, 22.25, 22.27, 22.25
2026-09-08, 13:28:48, 22.25, 22.45, 22.75, 22.75, 9999.0, 9999.0, 9999.0, 23.7, 9999.0, 22.2, 9999.0, 22.75, 22.5, 22.25, 22.27, 22.25
2026-09-08, 13:28:53, 22.25, 22.43, 22.75, 22.75, 9999.0, 9999.0, 9999.0, 23.73, 9999.0, 22.23, 9999.0, 22.75, 22.5, 22.25, 22.3, 22.25
2026-09-08, 13:28:57, 22.25, 22.43, 22.75, 22.75, 9999.0, 9999.0, 9999.0, 23.75, 9999.0, 22.25, 9999.0, 22.73, 22.5, 22.25, 22.3, 22.25
2026-09-08, 13:29:01, 22.25, 22.43, 22.75, 22.75, 9999.0, 9999.0, 9999.0, 23.75, 9999.0, 22.25, 9999.0, 22.7, 22.5, 22.25, 22.3, 22.25
2026-09-08, 13:29:05, 22.25, 22.43, 22.75, 22.75, 9999.0, 9999.0, 9999.0, 23.77, 9999.0, 22.25, 9999.0, 22.68, 22.5, 22.25, 22.3, 22.25
2026-09-08, 13:29:09, 22.25, 22.43, 22.75, 22.75, 9999.0, 9999.0, 9999.0, 23.8, 9999.0, 22.23, 9999.0, 22.66, 22.48, 22.25, 22.3, 22.25
2026-09-08, 13:29:13, 22.25, 22.43, 22.75, 22.75, 9999.0, 9999.0, 9999.0, 23.82, 9999.0, 22.2, 9999.0, 22.64, 22.48, 22.25, 22.3, 22.25
2026-09-08, 13:29:17, 22.25, 22.43, 22.75, 22.75, 9999.0, 9999.0, 9999.0, 23.84, 9999.0, 22.18, 9999.0, 22.61, 22.48, 22.25, 22.3, 22.25
2026-09-08, 13:29:21, 22.25, 22.45, 22.75, 22.75, 9999.0, 9999.0, 9999.0, 23.86, 9999.0, 22.14, 9999.0, 22.59, 22.48, 22.25, 22.3, 22.25
2026-09-08, 13:29:25, 22.25, 22.45, 22.75, 22.75, 9999.0, 9999.0, 9999.0, 23.86, 9999.0, 22.09, 9999.0, 22.59, 22.48, 22.25, 22.27, 22.25
2026-09-08, 13:29:29, 22.25, 22.48, 22.75, 22.75, 9999.0, 9999.0, 9999.0, 23.8, 9999.0, 22.07, 9999.0, 22.59, 22.48, 22.25, 22.27, 22.25
2026-09-08, 13:29:33, 22.25, 22.48, 22.75, 22.75, 9999.0, 9999.0, 9999.0, 23.73, 9999.0, 22.05, 9999.0, 22.59, 22.48, 22.25, 22.27, 22.25
2026-09-08, 13:29:37, 22.27, 22.5, 22.75, 22.75, 9999.0, 9999.0, 9999.0, 23.68, 9999.0, 22.02, 9999.0, 22.59, 22.48, 22.25, 22.25, 22.25
2026-09-08, 13:29:41, 22.27, 22.5, 22.75, 22.75, 9999.0, 9999.0, 9999.0, 23.64, 9999.0, 22.0, 9999.0, 22.61, 22.48, 22.25, 22.25, 22.25
2026-09-08, 13:29:45, 22.27, 22.5, 22.75, 22.75, 9999.0, 9999.0, 9999.0, 23.61, 9999.0, 22.02, 9999.0, 22.64, 22.48, 22.25, 22.25, 22.25
2026-09-08, 13:29:49, 22.27, 22.5, 22.75, 22.75, 9999.0, 9999.0, 9999.0, 23.59, 9999.0, 22.05, 9999.0, 22.66, 22.48, 22.25, 22.25, 22.25
2026-09-08, 13:29:53, 22.27, 22.5, 22.75, 22.75, 9999.0, 9999.0, 9999.0, 23.55, 9999.0, 22.07, 9999.0, 22.68, 22.5, 22.25, 22.25, 22.25
2026-09-08, 13:29:57, 22.27, 22.5, 22.75, 22.75, 9999.0, 9999.0, 9999.0, 23.5, 9999.0, 22.09, 9999.0, 22.7, 22.5, 22.25, 22.25, 22.25
2026-09-08, 13:30:01, 22.27, 22.5, 22.75, 22.75, 9999.0, 9999.0, 9999.0, 23.48, 9999.0, 22.11, 9999.0, 22.73, 22.5, 22.25, 22.25, 22.25
2026-09-08, 13:30:05, 22.27, 22.5, 22.75, 22.75, 9999.0, 9999.0, 9999.0, 23.52, 9999.0, 22.14, 9999.0, 22.75, 22.5, 22.25, 22.25, 22.25
2026-09-08, 13:30:09, 22.27, 22.5, 22.75, 22.75, 9999.0, 9999.0, 9999.0, 23.57, 9999.0, 22.16, 9999.0, 22.75, 22.5, 22.25, 22.27, 22.25
2026-09-08, 13:30:13, 22.27, 22.5, 22.75, 22.75, 9999.0, 9999.0, 9999.0, 23.61, 9999.0, 22.18, 9999.0, 22.75, 22.5, 22.25, 22.27, 22.25
2026-09-08, 13:30:17, 22.3, 22.5, 22.75, 22.75, 9999.0, 9999.0, 9999.0, 23.66, 9999.0, 22.18, 9999.0, 22.73, 22.5, 22.25, 22.27, 22.25
2026-09-08, 13:30:21, 22.27, 22.5, 22.75, 22.75, 9999.0, 9999.0, 9999.0, 23.7, 9999.0, 22.18, 9999.0, 22.7, 22.5, 22.25, 22.27, 22.27
2026-09-08, 13:30:25, 22.27, 22.5, 22.75, 22.75, 9999.0, 9999.0, 9999.0, 23.73, 9999.0, 22.18, 9999.0, 22.68, 22.5, 22.25, 22.27, 22.27
2026-09-08, 13:30:29, 22.27, 22.5, 22.75, 22.75, 9999.0, 9999.0, 9999.0, 23.75, 9999.0, 22.16, 9999.0, 22.66, 22.5, 22.25, 22.27, 22.27
2026-09-08, 13:30:33, 22.27, 22.48, 22.75, 22.75, 9999.0, 9999.0, 9999.0, 23.77, 9999.0, 22.14, 9999.0, 22.64, 22.5, 22.25, 22.27, 22.27
2026-09-08, 13:30:37, 22.27, 22.48, 22.75, 22.75, 9999.0, 9999.0, 9999.0, 23.82, 9999.0, 22.11, 9999.0, 22.61, 22.5, 22.25, 22.27, 22.27
2026-09-08, 13:30:41, 22.27, 22.48, 22.75, 22.75, 9999.0, 9999.0, 9999.0, 23.86, 9999.0, 22.09, 9999.0, 22.61, 22.5, 22.25, 22.27, 22.27
2026-09-08, 13:30:45, 22.27, 22.48, 22.75, 22.75, 9999.0, 9999.0, 9999.0, 23.86, 9999.0, 22.07, 9999.0, 22.61, 22.5, 22.25, 22.3, 22.27
2026-09-08, 13:30:49, 22.27, 22.48, 22.75, 22.75, 9999.0, 9999.0, 9999.0, 23.8, 9999.0, 22.05, 9999.0, 22.61, 22.5, 22.25, 22.3, 22.27
2026-09-08, 13:30:53, 22.27, 22.48, 22.75, 22.75, 9999.0, 9999.0, 9999.0, 23.77, 9999.0, 22.02, 9999.0, 22.61, 22.5, 22.25, 22.27, 22.27
2026-09-08, 13:30:57, 22.27, 22.48, 22.75, 22.75, 9999.0, 9999.0, 9999.0, 23.73, 9999.0, 22.0, 9999.0, 22.61, 22.5, 22.25, 22.27, 22.27
2026-09-08, 13:31:01, 22.25, 22.48, 22.75, 22.75, 9999.0, 9999.0, 9999.0, 23.68, 9999.0, 22.0, 9999.0, 22.64, 22.5, 22.25, 22.27, 22.3
2026-09-08, 13:31:05, 22.25, 22.45, 22.75, 22.75, 9999.0, 9999.0, 9999.0, 23.64, 9999.0, 22.02, 9999.0, 22.66, 22.5, 22.25, 22.27, 22.27
2026-09-08, 13:31:09, 22.25, 22.45, 22.75, 22.75, 9999.0, 9999.0, 9999.0, 23.61, 9999.0, 22.05, 9999.0, 22.68, 22.5, 22.25, 22.27, 22.27
2026-09-08, 13:31:13, 22.25, 22.45, 22.75, 22.75, 9999.0, 9999.0, 9999.0, 23.57, 9999.0, 22.07, 9999.0, 22.7, 22.5, 22.25, 22.27, 22.27
2026-09-08, 13:31:17, 22.25, 22.48, 22.75, 22.75, 9999.0, 9999.0, 9999.0, 23.52, 9999.0, 22.09, 9999.0, 22.73, 22.5, 22.25, 22.27, 22.27
2026-09-08, 13:31:21, 22.25, 22.48, 22.75, 22.75, 9999.0, 9999.0, 9999.0, 23.48, 9999.0, 22.11, 9999.0, 22.75, 22.5, 22.25, 22.3, 22.27
2026-09-08, 13:31:25, 22.25, 22.48, 22.75, 22.75, 9999.0, 9999.0, 9999.0, 23.5, 9999.0, 22.14, 9999.0, 22.75, 22.5, 22.25, 22.3, 22.27
2026-09-08, 13:31:29, 22.25, 22.48, 22.75, 22.75, 9999.0, 9999.0, 9999.0, 23.55, 9999.0, 22.16, 9999.0, 22.75, 22.5, 22.25, 22.27, 22.27
2026-09-08, 13:31:33, 22.25, 22.48, 22.75, 22.75, 9999.0, 9999.0, 9999.0, 23.57, 9999.0, 22.18, 9999.0, 22.75, 22.5, 22.25, 22.3, 22.27
2026-09-08, 13:31:37, 22.25, 22.48, 22.75, 22.75, 9999.0, 9999.0, 9999.0, 23.59, 9999.0, 22.2, 9999.0, 22.73, 22.5, 22.25, 22.32, 22.27
2026-09-08, 13:31:41, 22.25, 22.48, 22.75, 22.75, 9999.0, 9999.0, 9999.0, 23.64, 9999.0, 22.23, 9999.0, 22.7, 22.5, 22.25, 22.32, 22.3
2026-09-08, 13:31:45, 22.25, 22.48, 22.75, 22.75, 9999.0, 9999.0, 9999.0, 23.66, 9999.0, 22.25, 9999.0, 22.68, 22.48, 22.25, 22.32, 22.3
2026-09-08, 13:31:49, 22.25, 22.5, 22.75, 22.75, 9999.0, 9999.0, 9999.0, 23.68, 9999.0, 22.25, 9999.0, 22.66, 22.48, 22.25, 22.32, 22.3
2026-09-08, 13:31:53, 22.25, 22.48, 22.75, 22.75, 9999.0, 9999.0, 9999.0, 23.7, 9999.0, 22.25, 9999.0, 22.64, 22.48, 22.25, 22.32, 22.3
2026-09-08, 13:31:57, 22.25, 22.48, 22.75, 22.75, 9999.0, 9999.0, 9999.0, 23.75, 9999.0, 22.25, 9999.0, 22.61, 22.48, 22.25, 22.32, 22.3
2026-09-08, 13:32:01, 22.25, 22.48, 22.75, 22.75, 9999.0, 9999.0, 9999.0, 23.8, 9999.0, 22.25, 9999.0, 22.61, 22.48, 22.25, 22.32, 22.3
2026-09-08, 13:32:05, 22.25, 22.48, 22.75, 22.75, 9999.0, 9999.0, 9999.0, 23.84, 9999.0, 22.25, 9999.0, 22.61, 22.48, 22.25, 22.3, 22.3
2026-09-08, 13:32:09, 22.25, 22.45, 22.75, 22.75, 9999.0, 9999.0, 9999.0, 23.8, 9999.0, 22.23, 9999.0, 22.61, 22.48, 22.25, 22.3, 22.3
2026-09-08, 13:32:13, 22.25, 22.45, 22.75, 22.75, 9999.0, 9999.0, 9999.0, 23.75, 9999.0, 22.2, 9999.0, 22.61, 22.48, 22.25, 22.3, 22.3
2026-09-08, 13:32:17, 22.25, 22.45, 22.75, 22.75, 9999.0, 9999.0, 9999.0, 23.73, 9999.0, 22.18, 9999.0, 22.61, 22.48, 22.25, 22.3, 22.3
2026-09-08, 13:32:21, 22.27, 22.45, 22.75, 22.75, 9999.0, 9999.0, 9999.0, 23.68, 9999.0, 22.18, 9999.0, 22.64, 22.48, 22.25, 22.27, 22.3
2026-09-08, 13:32:25, 22.27, 22.45, 22.75, 22.75, 9999.0, 9999.0, 9999.0, 23.64, 9999.0, 22.18, 9999.0, 22.66, 22.48, 22.25, 22.27, 22.27
2026-09-08, 13:32:29, 22.27, 22.45, 22.75, 22.75, 9999.0, 9999.0, 9999.0, 23.59, 9999.0, 22.18, 9999.0, 22.68, 22.5, 22.25, 22.27, 22.27
2026-09-08, 13:32:33, 22.27, 22.45, 22.75, 22.75, 9999.0, 9999.0, 9999.0, 23.57, 9999.0, 22.2, 9999.0, 22.7, 22.5, 22.25, 22.27, 22.27
2026-09-08, 13:32:37, 22.27, 22.48, 22.75, 22.75, 9999.0, 9999.0, 9999.0, 23.55, 9999.0, 22.23, 9999.0, 22.73, 22.5, 22.25, 22.27, 22.3
2026-09-08, 13:32:42, 22.27, 22.48, 22.75, 22.75, 9999.0, 9999.0, 9999.0, 23.5, 9999.0, 22.25, 9999.0, 22.75, 22.5, 22.25, 22.27, 22.32
2026-09-08, 13:32:46, 22.27, 22.48, 22.75, 22.75, 9999.0, 9999.0, 9999.0, 23.55, 9999.0, 22.25, 9999.0, 22.75, 22.5, 22.25, 22.27, 22.34
2026-09-08, 13:32:50, 22.27, 22.48, 22.75, 22.75, 9999.0, 9999.0, 9999.0, 23.57, 9999.0, 22.25, 9999.0, 22.75, 22.5, 22.25, 22.27, 22.36
2026-09-08, 13:32:54, 22.27, 22.5, 22.75, 22.75, 9999.0, 9999.0, 9999.0, 23.61, 9999.0, 22.27, 9999.0, 22.73, 22.5, 22.25, 22.27, 22.39
2026-09-08, 13:32:58, 22.27, 22.5, 22.75, 22.75, 9999.0, 9999.0, 9999.0, 23.66, 9999.0, 22.32, 9999.0, 22.7, 22.5, 22.25, 22.27, 22.41
2026-09-08, 13:33:02, 22.27, 22.5, 22.75, 22.75, 9999.0, 9999.0, 9999.0, 23.68, 9999.0, 22.34, 9999.0, 22.68, 22.5, 22.25, 22.25, 22.41
2026-09-08, 13:33:06, 22.25, 22.5, 22.75, 22.75, 9999.0, 9999.0, 9999.0, 23.7, 9999.0, 22.34, 9999.0, 22.66, 22.5, 22.25, 22.27, 22.41
2026-09-08, 13:33:10, 22.25, 22.5, 22.75, 22.75, 9999.0, 9999.0, 9999.0, 23.73, 9999.0, 22.34, 9999.0, 22.64, 22.5, 22.25, 22.27, 22.41
2026-09-08, 13:33:14, 22.25, 22.5, 22.75, 22.75, 9999.0, 9999.0, 9999.0, 23.77, 9999.0, 22.34, 9999.0, 22.61, 22.5, 22.25, 22.27, 22.39
2026-09-08, 13:33:18, 22.25, 22.5, 22.75, 22.75, 9999.0, 9999.0, 9999.0, 23.8, 9999.0, 22.32, 9999.0, 22.59, 22.5, 22.25, 22.27, 22.39
2026-09-08, 13:33:22, 22.25, 22.5, 22.75, 22.75, 9999.0, 9999.0, 9999.0, 23.82, 9999.0, 22.3, 9999.0, 22.59, 22.5, 22.25, 22.27, 22.36
2026-09-08, 13:33:26, 22.25, 22.5, 22.75, 22.75, 9999.0, 9999.0, 9999.0, 23.86, 9999.0, 22.27, 9999.0, 22.59, 22.5, 22.25, 22.27, 22.34
2026-09-08, 13:33:30, 22.25, 22.5, 22.75, 22.75, 9999.0, 9999.0, 9999.0, 23.8, 9999.0, 22.27, 9999.0, 22.59, 22.5, 22.25, 22.27, 22.32
2026-09-08, 13:33:34, 22.25, 22.5, 22.75, 22.75, 9999.0, 9999.0, 9999.0, 23.75, 9999.0, 22.27, 9999.0, 22.61, 22.5, 22.25, 22.3, 22.3
2026-09-08, 13:33:38, 22.25, 22.5, 22.75, 22.75, 9999.0, 9999.0, 9999.0, 23.7, 9999.0, 22.27, 9999.0, 22.64, 22.5, 22.27, 22.3, 22.27
2026-09-08, 13:33:42, 22.25, 22.5, 22.75, 22.75, 9999.0, 9999.0, 9999.0, 23.66, 9999.0, 22.25, 9999.0, 22.66, 22.5, 22.27, 22.3, 22.25
2026-09-08, 13:33:46, 22.25, 22.5, 22.75, 22.75, 9999.0, 9999.0, 9999.0, 23.64, 9999.0, 22.25, 9999.0, 22.68, 22.5, 22.27, 22.32, 22.25
2026-09-08, 13:33:50, 22.25, 22.48, 22.75, 22.75, 9999.0, 9999.0, 9999.0, 23.61, 9999.0, 22.25, 9999.0, 22.7, 22.5, 22.27, 22.3, 22.25
2026-09-08, 13:33:54, 22.25, 22.45, 22.75, 22.75, 9999.0, 9999.0, 9999.0, 23.59, 9999.0, 22.27, 9999.0, 22.73, 22.5, 22.27, 22.32, 22.27
2026-09-08, 13:33:58, 22.27, 22.45, 22.75, 22.75, 9999.0, 9999.0, 9999.0, 23.57, 9999.0, 22.3, 9999.0, 22.75, 22.5, 22.27, 22.32, 22.27
2026-09-08, 13:34:02, 22.27, 22.45, 22.75, 22.75, 9999.0, 9999.0, 9999.0, 23.61, 9999.0, 22.32, 9999.0, 22.77, 22.5, 22.27, 22.32, 22.3
2026-09-08, 13:34:06, 22.27, 22.45, 22.75, 22.75, 9999.0, 9999.0, 9999.0, 23.66, 9999.0, 22.32, 9999.0, 22.77, 22.5, 22.27, 22.32, 22.32
2026-09-08, 13:34:10, 22.27, 22.45, 22.75, 22.75, 9999.0, 9999.0, 9999.0, 23.68, 9999.0, 22.34, 9999.0, 22.77, 22.5, 22.27, 22.32, 22.32
2026-09-08, 13:34:14, 22.27, 22.45, 22.75, 22.75, 9999.0, 9999.0, 9999.0, 23.73, 9999.0, 22.36, 9999.0, 22.77, 22.5, 22.27, 22.34, 22.32
2026-09-08, 13:34:18, 22.27, 22.43, 22.75, 22.75, 9999.0, 9999.0, 9999.0, 23.77, 9999.0, 22.39, 9999.0, 22.75, 22.5, 22.27, 22.34, 22.32
2026-09-08, 13:34:22, 22.27, 22.43, 22.75, 22.75, 9999.0, 9999.0, 9999.0, 23.8, 9999.0, 22.39, 9999.0, 22.73, 22.5, 22.25, 22.36, 22.32
2026-09-08, 13:34:26, 22.27, 22.41, 22.75, 22.75, 9999.0, 9999.0, 9999.0, 23.82, 9999.0, 22.39, 9999.0, 22.7, 22.5, 22.25, 22.36, 22.34
2026-09-08, 13:34:30, 22.27, 22.41, 22.75, 22.75, 9999.0, 9999.0, 9999.0, 23.84, 9999.0, 22.39, 9999.0, 22.68, 22.5, 22.25, 22.34, 22.34
2026-09-08, 13:34:34, 22.27, 22.41, 22.75, 22.75, 9999.0, 9999.0, 9999.0, 23.86, 9999.0, 22.39, 9999.0, 22.66, 22.5, 22.25, 22.36, 22.36
2026-09-08, 13:34:38, 22.27, 22.43, 22.75, 22.75, 9999.0, 9999.0, 9999.0, 23.89, 9999.0, 22.36, 9999.0, 22.64, 22.5, 22.25, 22.36, 22.34
2026-09-08, 13:34:42, 22.25, 22.41, 22.75, 22.75, 9999.0, 9999.0, 9999.0, 23.91, 9999.0, 22.34, 9999.0, 22.64, 22.5, 22.25, 22.39, 22.34
2026-09-08, 13:34:46, 22.25, 22.39, 22.75, 22.75, 9999.0, 9999.0, 9999.0, 23.86, 9999.0, 22.32, 9999.0, 22.64, 22.48, 22.25, 22.41, 22.32
2026-09-08, 13:34:50, 22.25, 22.39, 22.75, 22.75, 9999.0, 9999.0, 9999.0, 23.82, 9999.0, 22.32, 9999.0, 22.64, 22.48, 22.25, 22.43, 22.32
2026-09-08, 13:34:54, 22.25, 22.39, 22.75, 22.75, 9999.0, 9999.0, 9999.0, 23.77, 9999.0, 22.3, 9999.0, 22.64, 22.48, 22.25, 22.43, 22.34
2026-09-08, 13:34:58, 22.25, 22.39, 22.75, 22.75, 9999.0, 9999.0, 9999.0, 23.73, 9999.0, 22.27, 9999.0, 22.64, 22.48, 22.25, 22.41, 22.36
2026-09-08, 13:35:02, 22.25, 22.41, 22.75, 22.75, 9999.0, 9999.0, 9999.0, 23.68, 9999.0, 22.25, 9999.0, 22.64, 22.48, 22.25, 22.39, 22.39
2026-09-08, 13:35:06, 22.25, 22.41, 22.75, 22.75, 9999.0, 9999.0, 9999.0, 23.66, 9999.0, 22.25, 9999.0, 22.66, 22.48, 22.25, 22.36, 22.41
2026-09-08, 13:35:10, 22.25, 22.43, 22.75, 22.75, 9999.0, 9999.0, 9999.0, 23.64, 9999.0, 22.27, 9999.0, 22.68, 22.48, 22.25, 22.36, 22.39
2026-09-08, 13:35:14, 22.25, 22.43, 22.75, 22.75, 9999.0, 9999.0, 9999.0, 23.61, 9999.0, 22.32, 9999.0, 22.7, 22.48, 22.25, 22.39, 22.39
2026-09-08, 13:35:18, 22.25, 22.45, 22.75, 22.75, 9999.0, 9999.0, 9999.0, 23.59, 9999.0, 22.34, 9999.0, 22.73, 22.48, 22.25, 22.36, 22.39
2026-09-08, 13:35:22, 22.27, 22.45, 22.75, 22.75, 9999.0, 9999.0, 9999.0, 23.64, 9999.0, 22.36, 9999.0, 22.75, 22.48, 22.25, 22.34, 22.41
2026-09-08, 13:35:26, 22.27, 22.48, 22.75, 22.75, 9999.0, 9999.0, 9999.0, 23.68, 9999.0, 22.39, 9999.0, 22.75, 22.48, 22.25, 22.34, 22.43
2026-09-08, 13:35:30, 22.27, 22.5, 22.75, 22.75, 9999.0, 9999.0, 9999.0, 23.7, 9999.0, 22.41, 9999.0, 22.75, 22.5, 22.25, 22.32, 22.45
2026-09-08, 13:35:34, 22.27, 22.5, 22.75, 22.75, 9999.0, 9999.0, 9999.0, 23.73, 9999.0, 22.43, 9999.0, 22.75, 22.5, 22.25, 22.3, 22.45
2026-09-08, 13:35:38, 22.27, 22.5, 22.75, 22.75, 9999.0, 9999.0, 9999.0, 23.77, 9999.0, 22.45, 9999.0, 22.75, 22.5, 22.25, 22.3, 22.43
2026-09-08, 13:35:42, 22.27, 22.5, 22.75, 22.75, 9999.0, 9999.0, 9999.0, 23.8, 9999.0, 22.48, 9999.0, 22.73, 22.5, 22.25, 22.3, 22.43
2026-09-08, 13:35:46, 22.27, 22.5, 22.75, 22.75, 9999.0, 9999.0, 9999.0, 23.82, 9999.0, 22.5, 9999.0, 22.7, 22.5, 22.25, 22.32, 22.43
2026-09-08, 13:35:50, 22.27, 22.5, 22.75, 22.75, 9999.0, 9999.0, 9999.0, 23.84, 9999.0, 22.52, 9999.0, 22.68, 22.5, 22.25, 22.32, 22.43
2026-09-08, 13:35:54, 22.27, 22.5, 22.75, 22.75, 9999.0, 9999.0, 9999.0, 23.89, 9999.0, 22.52, 9999.0, 22.66, 22.5, 22.25, 22.32, 22.45
2026-09-08, 13:35:58, 22.27, 22.5, 22.75, 22.75, 9999.0, 9999.0, 9999.0, 23.91, 9999.0, 22.5, 9999.0, 22.66, 22.5, 22.25, 22.3, 22.45
2026-09-08, 13:36:02, 22.27, 22.5, 22.75, 22.75, 9999.0, 9999.0, 9999.0, 23.93, 9999.0, 22.48, 9999.0, 22.66, 22.5, 22.25, 22.3, 22.45
2026-09-08, 13:36:06, 22.25, 22.48, 22.75, 22.75, 9999.0, 9999.0, 9999.0, 23.89, 9999.0, 22.48, 9999.0, 22.66, 22.5, 22.25, 22.32, 22.43
2026-09-08, 13:36:10, 22.25, 22.48, 22.75, 22.75, 9999.0, 9999.0, 9999.0, 23.84, 9999.0, 22.45, 9999.0, 22.66, 22.5, 22.25, 22.3, 22.43
2026-09-08, 13:36:14, 22.25, 22.48, 22.75, 22.75, 9999.0, 9999.0, 9999.0, 23.82, 9999.0, 22.43, 9999.0, 22.66, 22.5, 22.25, 22.32, 22.43
2026-09-08, 13:36:18, 22.25, 22.48, 22.75, 22.75, 9999.0, 9999.0, 9999.0, 23.77, 9999.0, 22.41, 9999.0, 22.66, 22.5, 22.25, 22.34, 22.41
2026-09-08, 13:36:23, 22.25, 22.48, 22.75, 22.75, 9999.0, 9999.0, 9999.0, 23.75, 9999.0, 22.41, 9999.0, 22.66, 22.5, 22.25, 22.34, 22.43
2026-09-08, 13:36:27, 22.25, 22.48, 22.75, 22.75, 9999.0, 9999.0, 9999.0, 23.73, 9999.0, 22.41, 9999.0, 22.68, 22.5, 22.25, 22.36, 22.41
2026-09-08, 13:36:31, 22.25, 22.48, 22.75, 22.75, 9999.0, 9999.0, 9999.0, 23.7, 9999.0, 22.43, 9999.0, 22.7, 22.5, 22.25, 22.36, 22.41
2026-09-08, 13:36:35, 22.25, 22.48, 22.75, 22.75, 9999.0, 9999.0, 9999.0, 23.68, 9999.0, 22.45, 9999.0, 22.73, 22.5, 22.25, 22.36, 22.39
2026-09-08, 13:36:39, 22.25, 22.48, 22.75, 22.75, 9999.0, 9999.0, 9999.0, 23.64, 9999.0, 22.48, 9999.0, 22.75, 22.5, 22.25, 22.36, 22.36
2026-09-08, 13:36:43, 22.25, 22.48, 22.75, 22.75, 9999.0, 9999.0, 9999.0, 23.68, 9999.0, 22.5, 9999.0, 22.75, 22.5, 22.25, 22.36, 22.36
2026-09-08, 13:36:47, 22.27, 22.48, 22.75, 22.75, 9999.0, 9999.0, 9999.0, 23.73, 9999.0, 22.55, 9999.0, 22.75, 22.5, 22.25, 22.39, 22.34
2026-09-08, 13:36:51, 22.27, 22.5, 22.75, 22.75, 9999.0, 9999.0, 9999.0, 23.75, 9999.0, 22.57, 9999.0, 22.75, 22.5, 22.25, 22.36, 22.34
2026-09-08, 13:36:55, 22.27, 22.5, 22.75, 22.75, 9999.0, 9999.0, 9999.0, 23.77, 9999.0, 22.61, 9999.0, 22.75, 22.5, 22.25, 22.36, 22.34
2026-09-08, 13:36:59, 22.27, 22.5, 22.75, 22.75, 9999.0, 9999.0, 9999.0, 23.8, 9999.0, 22.64, 9999.0, 22.75, 22.5, 22.25, 22.36, 22.32
2026-09-08, 13:37:03, 22.27, 22.5, 22.75, 22.75, 9999.0, 9999.0, 9999.0, 23.84, 9999.0, 22.66, 9999.0, 22.75, 22.5, 22.25, 22.34, 22.34
2026-09-08, 13:37:07, 22.27, 22.5, 22.75, 22.75, 9999.0, 9999.0, 9999.0, 23.84, 9999.0, 22.66, 9999.0, 22.73, 22.5, 22.25, 22.34, 22.32
2026-09-08, 13:37:11, 22.27, 22.48, 22.75, 22.75, 9999.0, 9999.0, 9999.0, 23.89, 9999.0, 22.66, 9999.0, 22.7, 22.5, 22.25, 22.32, 22.32
2026-09-08, 13:37:15, 22.27, 22.45, 22.75, 22.75, 9999.0, 9999.0, 9999.0, 23.93, 9999.0, 22.64, 9999.0, 22.68, 22.5, 22.25, 22.3, 22.3
2026-09-08, 13:37:19, 22.27, 22.45, 22.75, 22.75, 9999.0, 9999.0, 9999.0, 23.95, 9999.0, 22.61, 9999.0, 22.68, 22.5, 22.25, 22.3, 22.32
2026-09-08, 13:37:23, 22.27, 22.45, 22.75, 22.75, 9999.0, 9999.0, 9999.0, 23.98, 9999.0, 22.59, 9999.0, 22.68, 22.5, 22.25, 22.3, 22.32
2026-09-08, 13:37:27, 22.27, 22.45, 22.75, 22.75, 9999.0, 9999.0, 9999.0, 23.93, 9999.0, 22.57, 9999.0, 22.68, 22.5, 22.25, 22.3, 22.32
2026-09-08, 13:37:31, 22.25, 22.45, 22.75, 22.75, 9999.0, 9999.0, 9999.0, 23.89, 9999.0, 22.55, 9999.0, 22.7, 22.5, 22.25, 22.3, 22.32
2026-09-08, 13:37:35, 22.25, 22.45, 22.75, 22.75, 9999.0, 9999.0, 9999.0, 23.86, 9999.0, 22.52, 9999.0, 22.73, 22.5, 22.25, 22.3, 22.32
2026-09-08, 13:37:39, 22.25, 22.45, 22.75, 22.75, 9999.0, 9999.0, 9999.0, 23.84, 9999.0, 22.5, 9999.0, 22.73, 22.5, 22.25, 22.32, 22.32
2026-09-08, 13:37:43, 22.25, 22.45, 22.75, 22.75, 9999.0, 9999.0, 9999.0, 23.82, 9999.0, 22.5, 9999.0, 22.73, 22.5, 22.25, 22.32, 22.34
2026-09-08, 13:37:47, 22.25, 22.45, 22.75, 22.75, 9999.0, 9999.0, 9999.0, 23.77, 9999.0, 22.52, 9999.0, 22.73, 22.5, 22.25, 22.32, 22.34
2026-09-08, 13:37:51, 22.25, 22.45, 22.75, 22.75, 9999.0, 9999.0, 9999.0, 23.75, 9999.0, 22.55, 9999.0, 22.75, 22.5, 22.25, 22.34, 22.34
2026-09-08, 13:37:55, 22.25, 22.48, 22.75, 22.75, 9999.0, 9999.0, 9999.0, 23.7, 9999.0, 22.59, 9999.0, 22.77, 22.5, 22.25, 22.34, 22.34
2026-09-08, 13:37:59, 22.25, 22.5, 22.75, 22.75, 9999.0, 9999.0, 9999.0, 23.66, 9999.0, 22.61, 9999.0, 22.8, 22.5, 22.25, 22.34, 22.34
2026-09-08, 13:38:03, 22.25, 22.5, 22.75, 22.75, 9999.0, 9999.0, 9999.0, 23.7, 9999.0, 22.64, 9999.0, 22.8, 22.5, 22.25, 22.34, 22.32
2026-09-08, 13:38:07, 22.25, 22.5, 22.75, 22.75, 9999.0, 9999.0, 9999.0, 23.75, 9999.0, 22.66, 9999.0, 22.8, 22.5, 22.25, 22.34, 22.32
2026-09-08, 13:38:11, 22.25, 22.5, 22.75, 22.75, 9999.0, 9999.0, 9999.0, 23.8, 9999.0, 22.68, 9999.0, 22.77, 22.5, 22.25, 22.36, 22.32
2026-09-08, 13:38:15, 22.25, 22.5, 22.75, 22.75, 9999.0, 9999.0, 9999.0, 23.84, 9999.0, 22.7, 9999.0, 22.73, 22.5, 22.25, 22.36, 22.32
2026-09-08, 13:38:19, 22.25, 22.5, 22.75, 22.75, 9999.0, 9999.0, 9999.0, 23.86, 9999.0, 22.7, 9999.0, 22.68, 22.5, 22.25, 22.36, 22.32
2026-09-08, 13:38:23, 22.25, 22.5, 22.75, 22.75, 9999.0, 9999.0, 9999.0, 23.89, 9999.0, 22.73, 9999.0, 22.68, 22.5, 22.25, 22.34, 22.3
2026-09-08, 13:38:27, 22.25, 22.5, 22.75, 22.75, 9999.0, 9999.0, 9999.0, 23.91, 9999.0, 22.75, 9999.0, 22.66, 22.5, 22.25, 22.34, 22.27
2026-09-08, 13:38:31, 22.25, 22.5, 22.75, 22.75, 9999.0, 9999.0, 9999.0, 23.95, 9999.0, 22.75, 9999.0, 22.64, 22.5, 22.25, 22.34, 22.25
2026-09-08, 13:38:35, 22.25, 22.5, 22.75, 22.75, 9999.0, 9999.0, 9999.0, 24.0, 9999.0, 22.73, 9999.0, 22.61, 22.5, 22.25, 22.34, 22.25
2026-09-08, 13:38:39, 22.25, 22.5, 22.75, 22.75, 9999.0, 9999.0, 9999.0, 24.05, 9999.0, 22.68, 9999.0, 22.61, 22.5, 22.25, 22.34, 22.25
2026-09-08, 13:38:43, 22.25, 22.5, 22.75, 22.75, 9999.0, 9999.0, 9999.0, 24.09, 9999.0, 22.66, 9999.0, 22.61, 22.5, 22.25, 22.36, 22.25
2026-09-08, 13:38:47, 22.25, 22.5, 22.75, 22.75, 9999.0, 9999.0, 9999.0, 24.05, 9999.0, 22.64, 9999.0, 22.61, 22.5, 22.25, 22.36, 22.27
2026-09-08, 13:38:51, 22.25, 22.5, 22.75, 22.75, 9999.0, 9999.0, 9999.0, 24.0, 9999.0, 22.61, 9999.0, 22.64, 22.5, 22.25, 22.36, 22.27
2026-09-08, 13:38:55, 22.25, 22.5, 22.75, 22.75, 9999.0, 9999.0, 9999.0, 23.95, 9999.0, 22.59, 9999.0, 22.66, 22.5, 22.25, 22.36, 22.27
2026-09-08, 13:38:59, 22.25, 22.5, 22.75, 22.75, 9999.0, 9999.0, 9999.0, 23.91, 9999.0, 22.59, 9999.0, 22.68, 22.5, 22.25, 22.34, 22.27
2026-09-08, 13:39:03, 22.25, 22.5, 22.75, 22.75, 9999.0, 9999.0, 9999.0, 23.89, 9999.0, 22.61, 9999.0, 22.7, 22.5, 22.25, 22.34, 22.27
2026-09-08, 13:39:07, 22.25, 22.48, 22.75, 22.75, 9999.0, 9999.0, 9999.0, 23.86, 9999.0, 22.61, 9999.0, 22.7, 22.5, 22.25, 22.34, 22.27
2026-09-08, 13:39:11, 22.25, 22.48, 22.75, 22.75, 9999.0, 9999.0, 9999.0, 23.84, 9999.0, 22.61, 9999.0, 22.73, 22.5, 22.25, 22.32, 22.27
2026-09-08, 13:39:15, 22.25, 22.48, 22.75, 22.75, 9999.0, 9999.0, 9999.0, 23.8, 9999.0, 22.61, 9999.0, 22.75, 22.5, 22.25, 22.32, 22.27
2026-09-08, 13:39:19, 22.25, 22.48, 22.75, 22.75, 9999.0, 9999.0, 9999.0, 23.84, 9999.0, 22.64, 9999.0, 22.77, 22.5, 22.25, 22.3, 22.27
2026-09-08, 13:39:23, 22.25, 22.48, 22.75, 22.75, 9999.0, 9999.0, 9999.0, 23.86, 9999.0, 22.66, 9999.0, 22.75, 22.5, 22.25, 22.3, 22.27
2026-09-08, 13:39:27, 22.25, 22.48, 22.75, 22.75, 9999.0, 9999.0, 9999.0, 23.89, 9999.0, 22.68, 9999.0, 22.75, 22.5, 22.25, 22.27, 22.27
2026-09-08, 13:39:31, 22.25, 22.48, 22.75, 22.75, 9999.0, 9999.0, 9999.0, 23.93, 9999.0, 22.7, 9999.0, 22.75, 22.5, 22.25, 22.27, 22.25
2026-09-08, 13:39:35, 22.27, 22.48, 22.75, 22.75, 9999.0, 9999.0, 9999.0, 23.98, 9999.0, 22.73, 9999.0, 22.73, 22.5, 22.25, 22.27, 22.25
2026-09-08, 13:39:39, 22.3, 22.48, 22.75, 22.75, 9999.0, 9999.0, 9999.0, 24.0, 9999.0, 22.75, 9999.0, 22.7, 22.5, 22.25, 22.25, 22.25
2026-09-08, 13:39:43, 22.3, 22.48, 22.75, 22.75, 9999.0, 9999.0, 9999.0, 24.02, 9999.0, 22.75, 9999.0, 22.68, 22.5, 22.25, 22.25, 22.25
2026-09-08, 13:39:47, 22.3, 22.48, 22.75, 22.75, 9999.0, 9999.0, 9999.0, 24.05, 9999.0, 22.75, 9999.0, 22.66, 22.5, 22.25, 22.25, 22.25
2026-09-08, 13:39:51, 22.3, 22.5, 22.75, 22.75, 9999.0, 9999.0, 9999.0, 24.07, 9999.0, 22.75, 9999.0, 22.64, 22.5, 22.25, 22.25, 22.25
2026-09-08, 13:39:55, 22.3, 22.5, 22.75, 22.75, 9999.0, 9999.0, 9999.0, 24.09, 9999.0, 22.73, 9999.0, 22.61, 22.48, 22.25, 22.25, 22.25
2026-09-08, 13:39:59, 22.3, 22.5, 22.75, 22.75, 9999.0, 9999.0, 9999.0, 24.14, 9999.0, 22.7, 9999.0, 22.61, 22.45, 22.25, 22.25, 22.25
2026-09-08, 13:40:03, 22.32, 22.5, 22.75, 22.75, 9999.0, 9999.0, 9999.0, 24.09, 9999.0, 22.68, 9999.0, 22.61, 22.45, 22.25, 22.25, 22.25
2026-09-08, 13:40:08, 22.34, 22.5, 22.75, 22.75, 9999.0, 9999.0, 9999.0, 24.05, 9999.0, 22.66, 9999.0, 22.64, 22.45, 22.25, 22.25, 22.25
2026-09-08, 13:40:12, 22.34, 22.5, 22.75, 22.75, 9999.0, 9999.0, 9999.0, 24.0, 9999.0, 22.64, 9999.0, 22.64, 22.45, 22.25, 22.27, 22.27
2026-09-08, 13:40:16, 22.34, 22.5, 22.75, 22.75, 9999.0, 9999.0, 9999.0, 23.95, 9999.0, 22.61, 9999.0, 22.64, 22.45, 22.25, 22.3, 22.27
2026-09-08, 13:40:20, 22.34, 22.5, 22.75, 22.75, 9999.0, 9999.0, 9999.0, 23.91, 9999.0, 22.61, 9999.0, 22.64, 22.45, 22.25, 22.3, 22.27
2026-09-08, 13:40:24, 22.32, 22.5, 22.75, 22.75, 9999.0, 9999.0, 9999.0, 23.89, 9999.0, 22.61, 9999.0, 22.66, 22.45, 22.25, 22.3, 22.27
2026-09-08, 13:40:28, 22.32, 22.5, 22.75, 22.75, 9999.0, 9999.0, 9999.0, 23.86, 9999.0, 22.61, 9999.0, 22.68, 22.45, 22.25, 22.3, 22.27
2026-09-08, 13:40:32, 22.32, 22.5, 22.75, 22.75, 9999.0, 9999.0, 9999.0, 23.82, 9999.0, 22.61, 9999.0, 22.7, 22.45, 22.25, 22.3, 22.27
2026-09-08, 13:40:36, 22.34, 22.5, 22.75, 22.75, 9999.0, 9999.0, 9999.0, 23.77, 9999.0, 22.61, 9999.0, 22.73, 22.45, 22.25, 22.32, 22.27
2026-09-08, 13:40:40, 22.34, 22.5, 22.75, 22.75, 9999.0, 9999.0, 9999.0, 23.8, 9999.0, 22.64, 9999.0, 22.75, 22.48, 22.25, 22.32, 22.3
2026-09-08, 13:40:44, 22.34, 22.5, 22.75, 22.75, 9999.0, 9999.0, 9999.0, 23.82, 9999.0, 22.66, 9999.0, 22.75, 22.5, 22.25, 22.34, 22.3
2026-09-08, 13:40:48, 22.32, 22.5, 22.75, 22.75, 9999.0, 9999.0, 9999.0, 23.84, 9999.0, 22.68, 9999.0, 22.75, 22.5, 22.25, 22.34, 22.3
2026-09-08, 13:40:52, 22.3, 22.5, 22.75, 22.75, 9999.0, 9999.0, 9999.0, 23.89, 9999.0, 22.7, 9999.0, 22.75, 22.5, 22.25, 22.34, 22.3
2026-09-08, 13:40:56, 22.3, 22.5, 22.75, 22.75, 9999.0, 9999.0, 9999.0, 23.93, 9999.0, 22.73, 9999.0, 22.73, 22.5, 22.25, 22.32, 22.27
2026-09-08, 13:41:00, 22.3, 22.5, 22.75, 22.75, 9999.0, 9999.0, 9999.0, 23.95, 9999.0, 22.73, 9999.0, 22.7, 22.5, 22.25, 22.3, 22.27
2026-09-08, 13:41:04, 22.27, 22.5, 22.75, 22.75, 9999.0, 9999.0, 9999.0, 23.98, 9999.0, 22.73, 9999.0, 22.68, 22.5, 22.25, 22.32, 22.27
2026-09-08, 13:41:08, 22.27, 22.5, 22.75, 22.75, 9999.0, 9999.0, 9999.0, 24.0, 9999.0, 22.73, 9999.0, 22.66, 22.5, 22.25, 22.32, 22.27
2026-09-08, 13:41:12, 22.27, 22.5, 22.75, 22.75, 9999.0, 9999.0, 9999.0, 24.02, 9999.0, 22.73, 9999.0, 22.64, 22.5, 22.25, 22.32, 22.27
2026-09-08, 13:41:16, 22.27, 22.5, 22.75, 22.75, 9999.0, 9999.0, 9999.0, 24.07, 9999.0, 22.73, 9999.0, 22.64, 22.5, 22.25, 22.32, 22.27
2026-09-08, 13:41:20, 22.25, 22.5, 22.75, 22.75, 9999.0, 9999.0, 9999.0, 24.11, 9999.0, 22.7, 9999.0, 22.64, 22.5, 22.25, 22.3, 22.27
2026-09-08, 13:41:24, 22.25, 22.5, 22.75, 22.75, 9999.0, 9999.0, 9999.0, 24.09, 9999.0, 22.68, 9999.0, 22.64, 22.5, 22.25, 22.3, 22.25
2026-09-08, 13:41:28, 22.25, 22.5, 22.75, 22.75, 9999.0, 9999.0, 9999.0, 24.05, 9999.0, 22.66, 9999.0, 22.64, 22.5, 22.25, 22.27, 22.27
2026-09-08, 13:41:32, 22.25, 22.5, 22.75, 22.75, 9999.0, 9999.0, 9999.0, 24.0, 9999.0, 22.64, 9999.0, 22.66, 22.5, 22.25, 22.27, 22.27
2026-09-08, 13:41:36, 22.25, 22.5, 22.75, 22.75, 9999.0, 9999.0, 9999.0, 23.95, 9999.0, 22.61, 9999.0, 22.66, 22.5, 22.25, 22.27, 22.27
2026-09-08, 13:41:40, 22.25, 22.5, 22.75, 22.75, 9999.0, 9999.0, 9999.0, 23.91, 9999.0, 22.61, 9999.0, 22.68, 22.5, 22.25, 22.3, 22.27
2026-09-08, 13:41:44, 22.25, 22.5, 22.75, 22.75, 9999.0, 9999.0, 9999.0, 23.89, 9999.0, 22.64, 9999.0, 22.7, 22.5, 22.25, 22.3, 22.27
2026-09-08, 13:41:48, 22.25, 22.5, 22.75, 22.75, 9999.0, 9999.0, 9999.0, 23.86, 9999.0, 22.64, 9999.0, 22.73, 22.5, 22.25, 22.3, 22.27
2026-09-08, 13:41:52, 22.25, 22.5, 22.75, 22.75, 9999.0, 9999.0, 9999.0, 23.84, 9999.0, 22.64, 9999.0, 22.75, 22.5, 22.25, 22.32, 22.27
2026-09-08, 13:41:56, 22.25, 22.5, 22.75, 22.75, 9999.0, 9999.0, 9999.0, 23.82, 9999.0, 22.64, 9999.0, 22.77, 22.5, 22.25, 22.32, 22.27
2026-09-08, 13:42:00, 22.27, 22.5, 22.75, 22.75, 9999.0, 9999.0, 9999.0, 23.86, 9999.0, 22.64, 9999.0, 22.75, 22.5, 22.25, 22.32, 22.27
2026-09-08, 13:42:04, 22.27, 22.5, 22.75, 22.75, 9999.0, 9999.0, 9999.0, 23.89, 9999.0, 22.66, 9999.0, 22.73, 22.5, 22.25, 22.32, 22.27
2026-09-08, 13:42:08, 22.27, 22.5, 22.75, 22.75, 9999.0, 9999.0, 9999.0, 23.91, 9999.0, 22.68, 9999.0, 22.7, 22.5, 22.25, 22.32, 22.27
2026-09-08, 13:42:12, 22.27, 22.5, 22.75, 22.75, 9999.0, 9999.0, 9999.0, 23.95, 9999.0, 22.7, 9999.0, 22.68, 22.5, 22.25, 22.32, 22.25
2026-09-08, 13:42:16, 22.27, 22.5, 22.75, 22.75, 9999.0, 9999.0, 9999.0, 24.0, 9999.0, 22.73, 9999.0, 22.64, 22.5, 22.25, 22.32, 22.25
2026-09-08, 13:42:20, 22.3, 22.5, 22.75, 22.75, 9999.0, 9999.0, 9999.0, 24.05, 9999.0, 22.75, 9999.0, 22.61, 22.5, 22.25, 22.32, 22.25
2026-09-08, 13:42:24, 22.3, 22.5, 22.75, 22.75, 9999.0, 9999.0, 9999.0, 24.07, 9999.0, 22.73, 9999.0, 22.59, 22.5, 22.25, 22.32, 22.25
2026-09-08, 13:42:28, 22.3, 22.5, 22.75, 22.75, 9999.0, 9999.0, 9999.0, 24.09, 9999.0, 22.7, 9999.0, 22.57, 22.5, 22.25, 22.32, 22.25
2026-09-08, 13:42:32, 22.3, 22.5, 22.75, 22.75, 9999.0, 9999.0, 9999.0, 24.11, 9999.0, 22.68, 9999.0, 22.55, 22.48, 22.25, 22.3, 22.25
2026-09-08, 13:42:36, 22.3, 22.5, 22.75, 22.75, 9999.0, 9999.0, 9999.0, 24.14, 9999.0, 22.68, 9999.0, 22.55, 22.48, 22.25, 22.27, 22.25
2026-09-08, 13:42:40, 22.32, 22.5, 22.75, 22.75, 9999.0, 9999.0, 9999.0, 24.16, 9999.0, 22.66, 9999.0, 22.55, 22.48, 22.25, 22.27, 22.25
2026-09-08, 13:42:44, 22.3, 22.5, 22.75, 22.75, 9999.0, 9999.0, 9999.0, 24.09, 9999.0, 22.64, 9999.0, 22.57, 22.48, 22.25, 22.27, 22.25
2026-09-08, 13:42:48, 22.3, 22.5, 22.75, 22.75, 9999.0, 9999.0, 9999.0, 24.05, 9999.0, 22.61, 9999.0, 22.61, 22.48, 22.25, 22.27, 22.25
2026-09-08, 13:42:52, 22.3, 22.5, 22.75, 22.75, 9999.0, 9999.0, 9999.0, 24.0, 9999.0, 22.59, 9999.0, 22.64, 22.48, 22.25, 22.27, 22.25
2026-09-08, 13:42:56, 22.3, 22.5, 22.75, 22.75, 9999.0, 9999.0, 9999.0, 23.95, 9999.0, 22.59, 9999.0, 22.66, 22.48, 22.25, 22.27, 22.25
2026-09-08, 13:43:00, 22.3, 22.5, 22.75, 22.75, 9999.0, 9999.0, 9999.0, 23.91, 9999.0, 22.59, 9999.0, 22.68, 22.48, 22.25, 22.27, 22.25
2026-09-08, 13:43:04, 22.27, 22.5, 22.75, 22.75, 9999.0, 9999.0, 9999.0, 23.84, 9999.0, 22.59, 9999.0, 22.7, 22.48, 22.25, 22.27, 22.25
2026-09-08, 13:43:08, 22.27, 22.5, 22.75, 22.75, 9999.0, 9999.0, 9999.0, 23.8, 9999.0, 22.61, 9999.0, 22.73, 22.48, 22.25, 22.25, 22.25
2026-09-08, 13:43:12, 22.27, 22.5, 22.75, 22.75, 9999.0, 9999.0, 9999.0, 23.77, 9999.0, 22.64, 9999.0, 22.75, 22.48, 22.25, 22.25, 22.25
2026-09-08, 13:43:16, 22.27, 22.5, 22.75, 22.75, 9999.0, 9999.0, 9999.0, 23.82, 9999.0, 22.66, 9999.0, 22.77, 22.5, 22.25, 22.25, 22.25
2026-09-08, 13:43:20, 22.27, 22.5, 22.75, 22.75, 9999.0, 9999.0, 9999.0, 23.86, 9999.0, 22.66, 9999.0, 22.77, 22.5, 22.25, 22.27, 22.25
2026-09-08, 13:43:24, 22.25, 22.5, 22.75, 22.75, 9999.0, 9999.0, 9999.0, 23.89, 9999.0, 22.68, 9999.0, 22.77, 22.5, 22.25, 22.27, 22.25
2026-09-08, 13:43:28, 22.25, 22.5, 22.75, 22.75, 9999.0, 9999.0, 9999.0, 23.93, 9999.0, 22.68, 9999.0, 22.77, 22.5, 22.25, 22.27, 22.25
2026-09-08, 13:43:32, 22.25, 22.5, 22.75, 22.75, 9999.0, 9999.0, 9999.0, 23.95, 9999.0, 22.7, 9999.0, 22.73, 22.5, 22.25, 22.27, 22.25
2026-09-08, 13:43:36, 22.25, 22.5, 22.75, 22.75, 9999.0, 9999.0, 9999.0, 23.98, 9999.0, 22.7, 9999.0, 22.7, 22.5, 22.25, 22.27, 22.25
2026-09-08, 13:43:40, 22.25, 22.5, 22.75, 22.75, 9999.0, 9999.0, 9999.0, 24.0, 9999.0, 22.68, 9999.0, 22.68, 22.48, 22.25, 22.27, 22.25
2026-09-08, 13:43:44, 22.25, 22.5, 22.75, 22.75, 9999.0, 9999.0, 9999.0, 24.02, 9999.0, 22.66, 9999.0, 22.66, 22.48, 22.25, 22.27, 22.25
2026-09-08, 13:43:48, 22.25, 22.5, 22.75, 22.75, 9999.0, 9999.0, 9999.0, 24.07, 9999.0, 22.64, 9999.0, 22.64, 22.48, 22.25, 22.27, 22.25
2026-09-08, 13:43:52, 22.25, 22.5, 22.75, 22.75, 9999.0, 9999.0, 9999.0, 24.11, 9999.0, 22.61, 9999.0, 22.61, 22.48, 22.25, 22.27, 22.25
2026-09-08, 13:43:56, 22.25, 22.5, 22.75, 22.75, 9999.0, 9999.0, 9999.0, 24.14, 9999.0, 22.59, 9999.0, 22.61, 22.48, 22.25, 22.27, 22.25
2026-09-08, 13:44:01, 22.25, 22.5, 22.75, 22.75, 9999.0, 9999.0, 9999.0, 24.07, 9999.0, 22.57, 9999.0, 22.61, 22.48, 22.25, 22.27, 22.25
2026-09-08, 13:44:05, 22.25, 22.5, 22.75, 22.75, 9999.0, 9999.0, 9999.0, 24.0, 9999.0, 22.52, 9999.0, 22.61, 22.48, 22.25, 22.27, 22.25
2026-09-08, 13:44:09, 22.25, 22.5, 22.75, 22.75, 9999.0, 9999.0, 9999.0, 23.95, 9999.0, 22.5, 9999.0, 22.61, 22.48, 22.25, 22.27, 22.25
2026-09-08, 13:44:13, 22.25, 22.5, 22.75, 22.75, 9999.0, 9999.0, 9999.0, 23.91, 9999.0, 22.5, 9999.0, 22.61, 22.48, 22.25, 22.27, 22.25
2026-09-08, 13:44:17, 22.25, 22.5, 22.75, 22.75, 9999.0, 9999.0, 9999.0, 23.89, 9999.0, 22.5, 9999.0, 22.64, 22.48, 22.25, 22.27, 22.25
2026-09-08, 13:44:21, 22.25, 22.5, 22.75, 22.75, 9999.0, 9999.0, 9999.0, 23.86, 9999.0, 22.52, 9999.0, 22.66, 22.48, 22.25, 22.27, 22.25
2026-09-08, 13:44:25, 22.25, 22.5, 22.75, 22.75, 9999.0, 9999.0, 9999.0, 23.82, 9999.0, 22.55, 9999.0, 22.68, 22.5, 22.25, 22.27, 22.25
2026-09-08, 13:44:29, 22.27, 22.5, 22.75, 22.75, 9999.0, 9999.0, 9999.0, 23.77, 9999.0, 22.57, 9999.0, 22.7, 22.5, 22.25, 22.3, 22.25
2026-09-08, 13:44:33, 22.27, 22.48, 22.75, 22.75, 9999.0, 9999.0, 9999.0, 23.73, 9999.0, 22.59, 9999.0, 22.73, 22.5, 22.25, 22.3, 22.25
2026-09-08, 13:44:37, 22.3, 22.48, 22.75, 22.75, 9999.0, 9999.0, 9999.0, 23.77, 9999.0, 22.59, 9999.0, 22.75, 22.5, 22.25, 22.3, 22.25
2026-09-08, 13:44:41, 22.3, 22.48, 22.75, 22.75, 9999.0, 9999.0, 9999.0, 23.8, 9999.0, 22.59, 9999.0, 22.73, 22.5, 22.25, 22.3, 22.25
2026-09-08, 13:44:45, 22.32, 22.48, 22.75, 22.75, 9999.0, 9999.0, 9999.0, 23.84, 9999.0, 22.61, 9999.0, 22.7, 22.5, 22.25, 22.32, 22.25
2026-09-08, 13:44:49, 22.32, 22.48, 22.75, 22.75, 9999.0, 9999.0, 9999.0, 23.89, 9999.0, 22.64, 9999.0, 22.68, 22.5, 22.25, 22.3, 22.25
2026-09-08, 13:44:53, 22.32, 22.48, 22.75, 22.75, 9999.0, 9999.0, 9999.0, 23.93, 9999.0, 22.64, 9999.0, 22.66, 22.5, 22.25, 22.3, 22.25
2026-09-08, 13:44:57, 22.32, 22.48, 22.75, 22.75, 9999.0, 9999.0, 9999.0, 23.95, 9999.0, 22.64, 9999.0, 22.64, 22.5, 22.25, 22.3, 22.25
2026-09-08, 13:45:01, 22.32, 22.48, 22.75, 22.75, 9999.0, 9999.0, 9999.0, 23.98, 9999.0, 22.61, 9999.0, 22.61, 22.48, 22.25, 22.3, 22.25
2026-09-08, 13:45:05, 22.32, 22.48, 22.75, 22.75, 9999.0, 9999.0, 9999.0, 24.0, 9999.0, 22.59, 9999.0, 22.59, 22.48, 22.25, 22.3, 22.25
2026-09-08, 13:45:09, 22.32, 22.48, 22.75, 22.75, 9999.0, 9999.0, 9999.0, 24.05, 9999.0, 22.57, 9999.0, 22.57, 22.48, 22.25, 22.3, 22.25
2026-09-08, 13:45:13, 22.32, 22.48, 22.75, 22.75, 9999.0, 9999.0, 9999.0, 24.09, 9999.0, 22.55, 9999.0, 22.57, 22.48, 22.25, 22.27, 22.25
2026-09-08, 13:45:17, 22.32, 22.5, 22.75, 22.75, 9999.0, 9999.0, 9999.0, 24.14, 9999.0, 22.52, 9999.0, 22.55, 22.48, 22.25, 22.27, 22.25
2026-09-08, 13:45:21, 22.32, 22.5, 22.75, 22.75, 9999.0, 9999.0, 9999.0, 24.09, 9999.0, 22.52, 9999.0, 22.55, 22.48, 22.25, 22.3, 22.25
2026-09-08, 13:45:25, 22.34, 22.5, 22.75, 22.75, 9999.0, 9999.0, 9999.0, 24.05, 9999.0, 22.52, 9999.0, 22.57, 22.48, 22.25, 22.3, 22.25
2026-09-08, 13:45:29, 22.34, 22.5, 22.75, 22.75, 9999.0, 9999.0, 9999.0, 24.0, 9999.0, 22.48, 9999.0, 22.59, 22.45, 22.25, 22.27, 22.25
2026-09-08, 13:45:33, 22.34, 22.5, 22.75, 22.75, 9999.0, 9999.0, 9999.0, 23.95, 9999.0, 22.5, 9999.0, 22.61, 22.45, 22.25, 22.27, 22.25
2026-09-08, 13:45:37, 22.34, 22.5, 22.75, 22.75, 9999.0, 9999.0, 9999.0, 23.91, 9999.0, 22.5, 9999.0, 22.64, 22.45, 22.25, 22.27, 22.25
2026-09-08, 13:45:41, 22.36, 22.5, 22.75, 22.75, 9999.0, 9999.0, 9999.0, 23.86, 9999.0, 22.5, 9999.0, 22.66, 22.45, 22.25, 22.3, 22.25
2026-09-08, 13:45:45, 22.36, 22.5, 22.75, 22.75, 9999.0, 9999.0, 9999.0, 23.82, 9999.0, 22.52, 9999.0, 22.68, 22.48, 22.25, 22.3, 22.25
2026-09-08, 13:45:49, 22.36, 22.5, 22.75, 22.75, 9999.0, 9999.0, 9999.0, 23.77, 9999.0, 22.55, 9999.0, 22.7, 22.48, 22.25, 22.3, 22.25
2026-09-08, 13:45:53, 22.36, 22.5, 22.75, 22.75, 9999.0, 9999.0, 9999.0, 23.8, 9999.0, 22.57, 9999.0, 22.73, 22.48, 22.25, 22.3, 22.25
2026-09-08, 13:45:57, 22.34, 22.5, 22.75, 22.75, 9999.0, 9999.0, 9999.0, 23.82, 9999.0, 22.57, 9999.0, 22.73, 22.48, 22.25, 22.3, 22.25
2026-09-08, 13:46:01, 22.34, 22.5, 22.75, 22.75, 9999.0, 9999.0, 9999.0, 23.84, 9999.0, 22.57, 9999.0, 22.75, 22.48, 22.25, 22.3, 22.25
2026-09-08, 13:46:05, 22.32, 22.5, 22.75, 22.75, 9999.0, 9999.0, 9999.0, 23.86, 9999.0, 22.57, 9999.0, 22.75, 22.48, 22.25, 22.27, 22.25
2026-09-08, 13:46:09, 22.3, 22.5, 22.75, 22.75, 9999.0, 9999.0, 9999.0, 23.89, 9999.0, 22.57, 9999.0, 22.75, 22.48, 22.25, 22.3, 22.25
2026-09-08, 13:46:13, 22.27, 22.5, 22.75, 22.75, 9999.0, 9999.0, 9999.0, 23.91, 9999.0, 22.59, 9999.0, 22.73, 22.5, 22.25, 22.3, 22.25
2026-09-08, 13:46:17, 22.27, 22.5, 22.75, 22.75, 9999.0, 9999.0, 9999.0, 23.91, 9999.0, 22.57, 9999.0, 22.7, 22.5, 22.25, 22.3, 22.25
2026-09-08, 13:46:21, 22.27, 22.48, 22.75, 22.75, 9999.0, 9999.0, 9999.0, 23.91, 9999.0, 22.55, 9999.0, 22.68, 22.5, 22.25, 22.3, 22.25
2026-09-08, 13:46:25, 22.25, 22.48, 22.75, 22.75, 9999.0, 9999.0, 9999.0, 23.93, 9999.0, 22.55, 9999.0, 22.66, 22.5, 22.25, 22.27, 22.25
2026-09-08, 13:46:29, 22.25, 22.48, 22.75, 22.75, 9999.0, 9999.0, 9999.0, 23.95, 9999.0, 22.5, 9999.0, 22.64, 22.5, 22.25, 22.27, 22.25
2026-09-08, 13:46:33, 22.25, 22.48, 22.75, 22.75, 9999.0, 9999.0, 9999.0, 23.98, 9999.0, 22.45, 9999.0, 22.64, 22.5, 22.25, 22.27, 22.25
2026-09-08, 13:46:37, 22.25, 22.48, 22.75, 22.75, 9999.0, 9999.0, 9999.0, 23.93, 9999.0, 22.41, 9999.0, 22.64, 22.5, 22.25, 22.27, 22.25
2026-09-08, 13:46:41, 22.25, 22.48, 22.75, 22.75, 9999.0, 9999.0, 9999.0, 23.89, 9999.0, 22.39, 9999.0, 22.64, 22.5, 22.25, 22.27, 22.25
2026-09-08, 13:46:45, 22.25, 22.48, 22.75, 22.75, 9999.0, 9999.0, 9999.0, 23.84, 9999.0, 22.39, 9999.0, 22.64, 22.5, 22.25, 22.27, 22.25
2026-09-08, 13:46:49, 22.25, 22.48, 22.75, 22.75, 9999.0, 9999.0, 9999.0, 23.77, 9999.0, 22.36, 9999.0, 22.64, 22.5, 22.25, 22.27, 22.25
2026-09-08, 13:46:53, 22.25, 22.48, 22.75, 22.75, 9999.0, 9999.0, 9999.0, 23.73, 9999.0, 22.36, 9999.0, 22.64, 22.5, 22.25, 22.25, 22.25
2026-09-08, 13:46:57, 22.25, 22.48, 22.75, 22.75, 9999.0, 9999.0, 9999.0, 23.68, 9999.0, 22.36, 9999.0, 22.66, 22.5, 22.25, 22.25, 22.25
2026-09-08, 13:47:01, 22.25, 22.45, 22.75, 22.75, 9999.0, 9999.0, 9999.0, 23.66, 9999.0, 22.39, 9999.0, 22.68, 22.5, 22.25, 22.27, 22.25
2026-09-08, 13:47:05, 22.25, 22.48, 22.75, 22.75, 9999.0, 9999.0, 9999.0, 23.64, 9999.0, 22.43, 9999.0, 22.7, 22.5, 22.25, 22.27, 22.25
2026-09-08, 13:47:09, 22.25, 22.48, 22.75, 22.75, 9999.0, 9999.0, 9999.0, 23.61, 9999.0, 22.45, 9999.0, 22.73, 22.5, 22.25, 22.27, 22.25
2026-09-08, 13:47:13, 22.25, 22.48, 22.75, 22.75, 9999.0, 9999.0, 9999.0, 23.66, 9999.0, 22.48, 9999.0, 22.75, 22.5, 22.25, 22.27, 22.25
2026-09-08, 13:47:17, 22.25, 22.48, 22.75, 22.75, 9999.0, 9999.0, 9999.0, 23.7, 9999.0, 22.5, 9999.0, 22.75, 22.5, 22.25, 22.27, 22.25
2026-09-08, 13:47:21, 22.25, 22.48, 22.75, 22.75, 9999.0, 9999.0, 9999.0, 23.73, 9999.0, 22.52, 9999.0, 22.75, 22.5, 22.25, 22.27, 22.25
2026-09-08, 13:47:25, 22.25, 22.48, 22.75, 22.75, 9999.0, 9999.0, 9999.0, 23.75, 9999.0, 22.55, 9999.0, 22.73, 22.5, 22.25, 22.27, 22.25
2026-09-08, 13:47:29, 22.25, 22.48, 22.75, 22.75, 9999.0, 9999.0, 9999.0, 23.77, 9999.0, 22.55, 9999.0, 22.73, 22.5, 22.25, 22.27, 22.25
2026-09-08, 13:47:33, 22.25, 22.48, 22.75, 22.75, 9999.0, 9999.0, 9999.0, 23.82, 9999.0, 22.57, 9999.0, 22.7, 22.5, 22.25, 22.27, 22.25
2026-09-08, 13:47:38, 22.25, 22.48, 22.75, 22.75, 9999.0, 9999.0, 9999.0, 23.86, 9999.0, 22.57, 9999.0, 22.68, 22.5, 22.25, 22.27, 22.25
2026-09-08, 13:47:42, 22.25, 22.48, 22.75, 22.75, 9999.0, 9999.0, 9999.0, 23.91, 9999.0, 22.55, 9999.0, 22.66, 22.5, 22.25, 22.27, 22.25
2026-09-08, 13:47:46, 22.27, 22.5, 22.75, 22.75, 9999.0, 9999.0, 9999.0, 23.95, 9999.0, 22.52, 9999.0, 22.64, 22.5, 22.25, 22.25, 22.25
2026-09-08, 13:47:50, 22.27, 22.5, 22.75, 22.75, 9999.0, 9999.0, 9999.0, 23.98, 9999.0, 22.5, 9999.0, 22.64, 22.5, 22.25, 22.25, 22.25
2026-09-08, 13:47:54, 22.27, 22.5, 22.75, 22.75, 9999.0, 9999.0, 9999.0, 24.0, 9999.0, 22.45, 9999.0, 22.64, 22.5, 22.25, 22.25, 22.25
2026-09-08, 13:47:58, 22.27, 22.5, 22.75, 22.75, 9999.0, 9999.0, 9999.0, 23.95, 9999.0, 22.43, 9999.0, 22.64, 22.5, 22.25, 22.25, 22.25
2026-09-08, 13:48:02, 22.27, 22.5, 22.75, 22.75, 9999.0, 9999.0, 9999.0, 23.91, 9999.0, 22.41, 9999.0, 22.64, 22.5, 22.25, 22.25, 22.25
2026-09-08, 13:48:06, 22.3, 22.5, 22.75, 22.75, 9999.0, 9999.0, 9999.0, 23.89, 9999.0, 22.39, 9999.0, 22.64, 22.48, 22.25, 22.25, 22.25
2026-09-08, 13:48:10, 22.3, 22.48, 22.75, 22.75, 9999.0, 9999.0, 9999.0, 23.84, 9999.0, 22.39, 9999.0, 22.66, 22.48, 22.25, 22.25, 22.25
2026-09-08, 13:48:14, 22.3, 22.48, 22.75, 22.75, 9999.0, 9999.0, 9999.0, 23.8, 9999.0, 22.39, 9999.0, 22.66, 22.48, 22.25, 22.27, 22.25
2026-09-08, 13:48:18, 22.3, 22.48, 22.75, 22.75, 9999.0, 9999.0, 9999.0, 23.75, 9999.0, 22.39, 9999.0, 22.68, 22.48, 22.25, 22.27, 22.25
2026-09-08, 13:48:22, 22.3, 22.48, 22.75, 22.75, 9999.0, 9999.0, 9999.0, 23.7, 9999.0, 22.41, 9999.0, 22.7, 22.48, 22.25, 22.27, 22.25
2026-09-08, 13:48:26, 22.3, 22.48, 22.75, 22.75, 9999.0, 9999.0, 9999.0, 23.66, 9999.0, 22.45, 9999.0, 22.73, 22.48, 22.25, 22.27, 22.25
2026-09-08, 13:48:30, 22.27, 22.48, 22.75, 22.75, 9999.0, 9999.0, 9999.0, 23.68, 9999.0, 22.45, 9999.0, 22.75, 22.48, 22.25, 22.27, 22.25
2026-09-08, 13:48:34, 22.27, 22.48, 22.75, 22.75, 9999.0, 9999.0, 9999.0, 23.73, 9999.0, 22.45, 9999.0, 22.75, 22.48, 22.25, 22.27, 22.25
2026-09-08, 13:48:38, 22.27, 22.48, 22.75, 22.75, 9999.0, 9999.0, 9999.0, 23.75, 9999.0, 22.48, 9999.0, 22.73, 22.48, 22.25, 22.27, 22.25
2026-09-08, 13:48:42, 22.27, 22.48, 22.75, 22.75, 9999.0, 9999.0, 9999.0, 23.77, 9999.0, 22.5, 9999.0, 22.73, 22.48, 22.25, 22.27, 22.25
2026-09-08, 13:48:46, 22.27, 22.48, 22.75, 22.75, 9999.0, 9999.0, 9999.0, 23.8, 9999.0, 22.52, 9999.0, 22.73, 22.48, 22.25, 22.27, 22.25
2026-09-08, 13:48:50, 22.27, 22.48, 22.75, 22.75, 9999.0, 9999.0, 9999.0, 23.82, 9999.0, 22.55, 9999.0, 22.7, 22.5, 22.25, 22.27, 22.25
2026-09-08, 13:48:54, 22.27, 22.5, 22.75, 22.75, 9999.0, 9999.0, 9999.0, 23.84, 9999.0, 22.55, 9999.0, 22.68, 22.5, 22.25, 22.27, 22.25
2026-09-08, 13:48:58, 22.27, 22.5, 22.75, 22.75, 9999.0, 9999.0, 9999.0, 23.86, 9999.0, 22.52, 9999.0, 22.66, 22.5, 22.25, 22.25, 22.25
2026-09-08, 13:49:02, 22.27, 22.5, 22.75, 22.75, 9999.0, 9999.0, 9999.0, 23.89, 9999.0, 22.52, 9999.0, 22.64, 22.48, 22.25, 22.25, 22.25
2026-09-08, 13:49:06, 22.27, 22.5, 22.75, 22.75, 9999.0, 9999.0, 9999.0, 23.91, 9999.0, 22.5, 9999.0, 22.61, 22.48, 22.25, 22.25, 22.25
2026-09-08, 13:49:10, 22.27, 22.5, 22.75, 22.75, 9999.0, 9999.0, 9999.0, 23.93, 9999.0, 22.45, 9999.0, 22.61, 22.48, 22.25, 22.25, 22.25
2026-09-08, 13:49:14, 22.27, 22.5, 22.75, 22.75, 9999.0, 9999.0, 9999.0, 23.89, 9999.0, 22.43, 9999.0, 22.61, 22.48, 22.25, 22.25, 22.25
2026-09-08, 13:49:18, 22.27, 22.5, 22.75, 22.75, 9999.0, 9999.0, 9999.0, 23.84, 9999.0, 22.41, 9999.0, 22.61, 22.48, 22.25, 22.25, 22.25
2026-09-08, 13:49:22, 22.27, 22.5, 22.75, 22.75, 9999.0, 9999.0, 9999.0, 23.8, 9999.0, 22.39, 9999.0, 22.66, 22.48, 22.25, 22.25, 22.27
2026-09-08, 13:49:26, 22.27, 22.5, 22.75, 22.75, 9999.0, 9999.0, 9999.0, 23.75, 9999.0, 22.36, 9999.0, 22.66, 22.48, 22.25, 22.27, 22.27
2026-09-08, 13:49:30, 22.27, 22.5, 22.75, 22.75, 9999.0, 9999.0, 9999.0, 23.7, 9999.0, 22.36, 9999.0, 22.66, 22.48, 22.25, 22.27, 22.27
2026-09-08, 13:49:34, 22.25, 22.5, 22.75, 22.75, 9999.0, 9999.0, 9999.0, 23.66, 9999.0, 22.36, 9999.0, 22.68, 22.48, 22.25, 22.3, 22.27
2026-09-08, 13:49:38, 22.25, 22.5, 22.75, 22.75, 9999.0, 9999.0, 9999.0, 23.64, 9999.0, 22.36, 9999.0, 22.7, 22.48, 22.25, 22.32, 22.27
2026-09-08, 13:49:42, 22.25, 22.5, 22.75, 22.75, 9999.0, 9999.0, 9999.0, 23.61, 9999.0, 22.41, 9999.0, 22.73, 22.48, 22.25, 22.32, 22.3
2026-09-08, 13:49:46, 22.25, 22.5, 22.75, 22.75, 9999.0, 9999.0, 9999.0, 23.59, 9999.0, 22.41, 9999.0, 22.75, 22.5, 22.25, 22.32, 22.3
2026-09-08, 13:49:50, 22.25, 22.5, 22.75, 22.75, 9999.0, 9999.0, 9999.0, 23.61, 9999.0, 22.41, 9999.0, 22.77, 22.5, 22.25, 22.32, 22.3
2026-09-08, 13:49:54, 22.27, 22.5, 22.75, 22.75, 9999.0, 9999.0, 9999.0, 23.64, 9999.0, 22.43, 9999.0, 22.77, 22.5, 22.25, 22.34, 22.3
2026-09-08, 13:49:58, 22.27, 22.5, 22.75, 22.75, 9999.0, 9999.0, 9999.0, 23.66, 9999.0, 22.45, 9999.0, 22.75, 22.5, 22.25, 22.34, 22.3
2026-09-08, 13:50:02, 22.27, 22.5, 22.75, 22.75, 9999.0, 9999.0, 9999.0, 23.68, 9999.0, 22.48, 9999.0, 22.73, 22.5, 22.25, 22.36, 22.3
2026-09-08, 13:50:06, 22.27, 22.5, 22.75, 22.75, 9999.0, 9999.0, 9999.0, 23.73, 9999.0, 22.5, 9999.0, 22.68, 22.5, 22.25, 22.36, 22.27
2026-09-08, 13:50:10, 22.27, 22.5, 22.75, 22.75, 9999.0, 9999.0, 9999.0, 23.77, 9999.0, 22.52, 9999.0, 22.66, 22.5, 22.25, 22.34, 22.27
2026-09-08, 13:50:14, 22.27, 22.5, 22.75, 22.75, 9999.0, 9999.0, 9999.0, 23.8, 9999.0, 22.5, 9999.0, 22.64, 22.5, 22.25, 22.34, 22.27
2026-09-08, 13:50:18, 22.27, 22.5, 22.75, 22.75, 9999.0, 9999.0, 9999.0, 23.82, 9999.0, 22.48, 9999.0, 22.61, 22.5, 22.25, 22.32, 22.27
2026-09-08, 13:50:22, 22.27, 22.5, 22.75, 22.75, 9999.0, 9999.0, 9999.0, 23.84, 9999.0, 22.45, 9999.0, 22.59, 22.5, 22.25, 22.3, 22.27
2026-09-08, 13:50:26, 22.27, 22.48, 22.75, 22.75, 9999.0, 9999.0, 9999.0, 23.86, 9999.0, 22.41, 9999.0, 22.59, 22.5, 22.25, 22.3, 22.25
2026-09-08, 13:50:30, 22.27, 22.45, 22.75, 22.75, 9999.0, 9999.0, 9999.0, 23.89, 9999.0, 22.39, 9999.0, 22.59, 22.48, 22.25, 22.3, 22.25
2026-09-08, 13:50:34, 22.27, 22.43, 22.75, 22.75, 9999.0, 9999.0, 9999.0, 23.86, 9999.0, 22.36, 9999.0, 22.59, 22.48, 22.25, 22.32, 22.25
2026-09-08, 13:50:38, 22.25, 22.41, 22.75, 22.75, 9999.0, 9999.0, 9999.0, 23.84, 9999.0, 22.34, 9999.0, 22.59, 22.48, 22.25, 22.3, 22.25
2026-09-08, 13:50:42, 22.25, 22.39, 22.75, 22.75, 9999.0, 9999.0, 9999.0, 23.8, 9999.0, 22.32, 9999.0, 22.61, 22.48, 22.25, 22.3, 22.25
2026-09-08, 13:50:46, 22.25, 22.39, 22.75, 22.75, 9999.0, 9999.0, 9999.0, 23.75, 9999.0, 22.3, 9999.0, 22.64, 22.48, 22.25, 22.3, 22.25
2026-09-08, 13:50:50, 22.25, 22.39, 22.75, 22.75, 9999.0, 9999.0, 9999.0, 23.7, 9999.0, 22.3, 9999.0, 22.66, 22.48, 22.25, 22.3, 22.25
2026-09-08, 13:50:54, 22.25, 22.39, 22.75, 22.75, 9999.0, 9999.0, 9999.0, 23.66, 9999.0, 22.27, 9999.0, 22.68, 22.48, 22.25, 22.3, 22.25
2026-09-08, 13:50:58, 22.25, 22.39, 22.75, 22.75, 9999.0, 9999.0, 9999.0, 23.64, 9999.0, 22.3, 9999.0, 22.7, 22.48, 22.25, 22.3, 22.25
2026-09-08, 13:51:02, 22.25, 22.39, 22.75, 22.75, 9999.0, 9999.0, 9999.0, 23.61, 9999.0, 22.32, 9999.0, 22.73, 22.48, 22.25, 22.32, 22.25
2026-09-08, 13:51:06, 22.25, 22.39, 22.75, 22.75, 9999.0, 9999.0, 9999.0, 23.59, 9999.0, 22.34, 9999.0, 22.75, 22.48, 22.25, 22.32, 22.25
2026-09-08, 13:51:10, 22.25, 22.41, 22.75, 22.75, 9999.0, 9999.0, 9999.0, 23.64, 9999.0, 22.36, 9999.0, 22.75, 22.48, 22.25, 22.32, 22.25
2026-09-08, 13:51:14, 22.25, 22.43, 22.75, 22.75, 9999.0, 9999.0, 9999.0, 23.68, 9999.0, 22.36, 9999.0, 22.75, 22.5, 22.25, 22.32, 22.25
2026-09-08, 13:51:18, 22.25, 22.45, 22.75, 22.75, 9999.0, 9999.0, 9999.0, 23.7, 9999.0, 22.36, 9999.0, 22.73, 22.5, 22.25, 22.3, 22.25
2026-09-08, 13:51:22, 22.25, 22.48, 22.75, 22.75, 9999.0, 9999.0, 9999.0, 23.73, 9999.0, 22.36, 9999.0, 22.73, 22.5, 22.25, 22.3, 22.25
2026-09-08, 13:51:27, 22.25, 22.5, 22.75, 22.75, 9999.0, 9999.0, 9999.0, 23.77, 9999.0, 22.36, 9999.0, 22.73, 22.5, 22.25, 22.3, 22.25
2026-09-08, 13:51:31, 22.25, 22.5, 22.75, 22.75, 9999.0, 9999.0, 9999.0, 23.82, 9999.0, 22.34, 9999.0, 22.7, 22.5, 22.25, 22.27, 22.25
2026-09-08, 13:51:35, 22.25, 22.5, 22.75, 22.75, 9999.0, 9999.0, 9999.0, 23.84, 9999.0, 22.3, 9999.0, 22.68, 22.5, 22.25, 22.27, 22.25
2026-09-08, 13:51:39, 22.25, 22.5, 22.75, 22.75, 9999.0, 9999.0, 9999.0, 23.86, 9999.0, 22.3, 9999.0, 22.66, 22.48, 22.25, 22.27, 22.25
2026-09-08, 13:51:43, 22.25, 22.5, 22.75, 22.75, 9999.0, 9999.0, 9999.0, 23.91, 9999.0, 22.27, 9999.0, 22.64, 22.48, 22.25, 22.27, 22.25
2026-09-08, 13:51:47, 22.25, 22.5, 22.75, 22.75, 9999.0, 9999.0, 9999.0, 23.93, 9999.0, 22.25, 9999.0, 22.64, 22.48, 22.25, 22.25, 22.25
2026-09-08, 13:51:51, 22.25, 22.5, 22.75, 22.75, 9999.0, 9999.0, 9999.0, 23.95, 9999.0, 22.23, 9999.0, 22.64, 22.48, 22.25, 22.25, 22.25
2026-09-08, 13:51:55, 22.25, 22.5, 22.75, 22.75, 9999.0, 9999.0, 9999.0, 23.91, 9999.0, 22.18, 9999.0, 22.64, 22.48, 22.25, 22.25, 22.25
2026-09-08, 13:51:59, 22.25, 22.5, 22.75, 22.75, 9999.0, 9999.0, 9999.0, 23.84, 9999.0, 22.16, 9999.0, 22.64, 22.48, 22.25, 22.25, 22.25
2026-09-08, 13:52:03, 22.25, 22.5, 22.75, 22.75, 9999.0, 9999.0, 9999.0, 23.8, 9999.0, 22.14, 9999.0, 22.66, 22.48, 22.25, 22.25, 22.27
2026-09-08, 13:52:07, 22.25, 22.5, 22.75, 22.75, 9999.0, 9999.0, 9999.0, 23.75, 9999.0, 22.14, 9999.0, 22.66, 22.48, 22.25, 22.25, 22.27
2026-09-08, 13:52:11, 22.25, 22.5, 22.75, 22.75, 9999.0, 9999.0, 9999.0, 23.7, 9999.0, 22.16, 9999.0, 22.66, 22.48, 22.25, 22.25, 22.3
2026-09-08, 13:52:15, 22.25, 22.5, 22.75, 22.75, 9999.0, 9999.0, 9999.0, 23.66, 9999.0, 22.18, 9999.0, 22.68, 22.48, 22.25, 22.25, 22.32
2026-09-08, 13:52:19, 22.27, 22.5, 22.75, 22.75, 9999.0, 9999.0, 9999.0, 23.64, 9999.0, 22.23, 9999.0, 22.7, 22.48, 22.25, 22.27, 22.32
2026-09-08, 13:52:23, 22.3, 22.5, 22.75, 22.75, 9999.0, 9999.0, 9999.0, 23.61, 9999.0, 22.25, 9999.0, 22.73, 22.5, 22.25, 22.27, 22.34
2026-09-08, 13:52:27, 22.3, 22.5, 22.75, 22.75, 9999.0, 9999.0, 9999.0, 23.64, 9999.0, 22.27, 9999.0, 22.75, 22.5, 22.25, 22.27, 22.36
2026-09-08, 13:52:31, 22.3, 22.5, 22.75, 22.75, 9999.0, 9999.0, 9999.0, 23.66, 9999.0, 22.3, 9999.0, 22.75, 22.5, 22.25, 22.27, 22.36
2026-09-08, 13:52:35, 22.3, 22.5, 22.75, 22.75, 9999.0, 9999.0, 9999.0, 23.68, 9999.0, 22.32, 9999.0, 22.75, 22.5, 22.25, 22.3, 22.36
2026-09-08, 13:52:39, 22.3, 22.48, 22.75, 22.75, 9999.0, 9999.0, 9999.0, 23.7, 9999.0, 22.34, 9999.0, 22.75, 22.5, 22.25, 22.32, 22.36
2026-09-08, 13:52:43, 22.32, 22.48, 22.75, 22.75, 9999.0, 9999.0, 9999.0, 23.75, 9999.0, 22.36, 9999.0, 22.75, 22.5, 22.25, 22.32, 22.36
2026-09-08, 13:52:47, 22.32, 22.48, 22.75, 22.75, 9999.0, 9999.0, 9999.0, 23.77, 9999.0, 22.39, 9999.0, 22.75, 22.5, 22.25, 22.32, 22.34
2026-09-08, 13:52:51, 22.34, 22.48, 22.75, 22.75, 9999.0, 9999.0, 9999.0, 23.8, 9999.0, 22.39, 9999.0, 22.75, 22.48, 22.25, 22.32, 22.34
2026-09-08, 13:52:55, 22.34, 22.48, 22.75, 22.75, 9999.0, 9999.0, 9999.0, 23.82, 9999.0, 22.36, 9999.0, 22.73, 22.48, 22.25, 22.32, 22.32
2026-09-08, 13:52:59, 22.34, 22.48, 22.75, 22.75, 9999.0, 9999.0, 9999.0, 23.84, 9999.0, 22.36, 9999.0, 22.7, 22.48, 22.25, 22.32, 22.3
2026-09-08, 13:53:03, 22.32, 22.45, 22.75, 22.75, 9999.0, 9999.0, 9999.0, 23.86, 9999.0, 22.34, 9999.0, 22.68, 22.48, 22.25, 22.32, 22.3
2026-09-08, 13:53:07, 22.3, 22.45, 22.75, 22.75, 9999.0, 9999.0, 9999.0, 23.89, 9999.0, 22.32, 9999.0, 22.68, 22.45, 22.25, 22.32, 22.3
2026-09-08, 13:53:11, 22.3, 22.43, 22.75, 22.75, 9999.0, 9999.0, 9999.0, 23.82, 9999.0, 22.3, 9999.0, 22.68, 22.43, 22.25, 22.32, 22.27
2026-09-08, 13:53:15, 22.3, 22.41, 22.75, 22.75, 9999.0, 9999.0, 9999.0, 23.8, 9999.0, 22.27, 9999.0, 22.7, 22.43, 22.25, 22.32, 22.27
2026-09-08, 13:53:19, 22.3, 22.41, 22.75, 22.75, 9999.0, 9999.0, 9999.0, 23.75, 9999.0, 22.25, 9999.0, 22.7, 22.43, 22.25, 22.3, 22.27
2026-09-08, 13:53:23, 22.32, 22.43, 22.75, 22.75, 9999.0, 9999.0, 9999.0, 23.7, 9999.0, 22.25, 9999.0, 22.7, 22.43, 22.25, 22.27, 22.27
2026-09-08, 13:53:27, 22.32, 22.43, 22.75, 22.75, 9999.0, 9999.0, 9999.0, 23.66, 9999.0, 22.25, 9999.0, 22.7, 22.43, 22.25, 22.27, 22.3
2026-09-08, 13:53:31, 22.32, 22.43, 22.75, 22.75, 9999.0, 9999.0, 9999.0, 23.64, 9999.0, 22.27, 9999.0, 22.7, 22.43, 22.25, 22.27, 22.3
2026-09-08, 13:53:35, 22.3, 22.43, 22.75, 22.75, 9999.0, 9999.0, 9999.0, 23.61, 9999.0, 22.3, 9999.0, 22.7, 22.45, 22.25, 22.27, 22.3
2026-09-08, 13:53:39, 22.3, 22.43, 22.75, 22.75, 9999.0, 9999.0, 9999.0, 23.59, 9999.0, 22.32, 9999.0, 22.73, 22.45, 22.25, 22.27, 22.32
2026-09-08, 13:53:43, 22.3, 22.43, 22.75, 22.75, 9999.0, 9999.0, 9999.0, 23.55, 9999.0, 22.34, 9999.0, 22.75, 22.45, 22.25, 22.3, 22.32
2026-09-08, 13:53:47, 22.3, 22.45, 22.75, 22.77, 9999.0, 9999.0, 9999.0, 23.57, 9999.0, 22.36, 9999.0, 22.77, 22.45, 22.25, 22.3, 22.32
2026-09-08, 13:53:51, 22.3, 22.45, 22.75, 22.77, 9999.0, 9999.0, 9999.0, 23.59, 9999.0, 22.39, 9999.0, 22.77, 22.48, 22.25, 22.32, 22.3
2026-09-08, 13:53:55, 22.3, 22.48, 22.75, 22.77, 9999.0, 9999.0, 9999.0, 23.64, 9999.0, 22.39, 9999.0, 22.77, 22.5, 22.25, 22.32, 22.32
2026-09-08, 13:53:59, 22.3, 22.5, 22.75, 22.77, 9999.0, 9999.0, 9999.0, 23.66, 9999.0, 22.39, 9999.0, 22.75, 22.5, 22.25, 22.32, 22.34
2026-09-08, 13:54:03, 22.3, 22.5, 22.75, 22.77, 9999.0, 9999.0, 9999.0, 23.7, 9999.0, 22.39, 9999.0, 22.73, 22.5, 22.25, 22.34, 22.34
2026-09-08, 13:54:07, 22.27, 22.5, 22.75, 22.77, 9999.0, 9999.0, 9999.0, 23.73, 9999.0, 22.39, 9999.0, 22.7, 22.5, 22.25, 22.34, 22.34
2026-09-08, 13:54:11, 22.25, 22.5, 22.75, 22.77, 9999.0, 9999.0, 9999.0, 23.75, 9999.0, 22.39, 9999.0, 22.68, 22.5, 22.25, 22.34, 22.32
2026-09-08, 13:54:15, 22.25, 22.5, 22.75, 22.77, 9999.0, 9999.0, 9999.0, 23.77, 9999.0, 22.36, 9999.0, 22.66, 22.5, 22.25, 22.34, 22.32
2026-09-08, 13:54:19, 22.25, 22.5, 22.75, 22.77, 9999.0, 9999.0, 9999.0, 23.8, 9999.0, 22.34, 9999.0, 22.64, 22.5, 22.25, 22.34, 22.34
2026-09-08, 13:54:23, 22.27, 22.5, 22.75, 22.77, 9999.0, 9999.0, 9999.0, 23.82, 9999.0, 22.32, 9999.0, 22.64, 22.5, 22.25, 22.34, 22.32
2026-09-08, 13:54:27, 22.3, 22.5, 22.75, 22.77, 9999.0, 9999.0, 9999.0, 23.86, 9999.0, 22.3, 9999.0, 22.64, 22.5, 22.25, 22.32, 22.32
2026-09-08, 13:54:31, 22.3, 22.5, 22.75, 22.75, 9999.0, 9999.0, 9999.0, 23.84, 9999.0, 22.27, 9999.0, 22.64, 22.5, 22.25, 22.3, 22.34
2026-09-08, 13:54:35, 22.3, 22.5, 22.75, 22.75, 9999.0, 9999.0, 9999.0, 23.8, 9999.0, 22.25, 9999.0, 22.66, 22.5, 22.25, 22.27, 22.34
2026-09-08, 13:54:39, 22.32, 22.5, 22.75, 22.75, 9999.0, 9999.0, 9999.0, 23.75, 9999.0, 22.25, 9999.0, 22.68, 22.5, 22.25, 22.3, 22.32
2026-09-08, 13:54:43, 22.32, 22.5, 22.75, 22.75, 9999.0, 9999.0, 9999.0, 23.7, 9999.0, 22.25, 9999.0, 22.7, 22.5, 22.25, 22.32, 22.3
2026-09-08, 13:54:47, 22.32, 22.5, 22.75, 22.75, 9999.0, 9999.0, 9999.0, 23.66, 9999.0, 22.27, 9999.0, 22.73, 22.5, 22.25, 22.32, 22.3
2026-09-08, 13:54:51, 22.32, 22.5, 22.75, 22.75, 9999.0, 9999.0, 9999.0, 23.64, 9999.0, 22.27, 9999.0, 22.75, 22.5, 22.25, 22.34, 22.3
2026-09-08, 13:54:55, 22.34, 22.5, 22.75, 22.75, 9999.0, 9999.0, 9999.0, 23.61, 9999.0, 22.3, 9999.0, 22.77, 22.5, 22.25, 22.36, 22.3
2026-09-08, 13:54:59, 22.34, 22.48, 22.75, 22.75, 9999.0, 9999.0, 9999.0, 23.57, 9999.0, 22.32, 9999.0, 22.8, 22.5, 22.25, 22.39, 22.3
2026-09-08, 13:55:03, 22.34, 22.48, 22.75, 22.75, 9999.0, 9999.0, 9999.0, 23.52, 9999.0, 22.34, 9999.0, 22.82, 22.5, 22.25, 22.41, 22.27
2026-09-08, 13:55:08, 22.32, 22.48, 22.75, 22.75, 9999.0, 9999.0, 9999.0, 23.55, 9999.0, 22.36, 9999.0, 22.82, 22.5, 22.25, 22.43, 22.3
2026-09-08, 13:55:12, 22.3, 22.48, 22.75, 22.75, 9999.0, 9999.0, 9999.0, 23.59, 9999.0, 22.39, 9999.0, 22.82, 22.5, 22.25, 22.45, 22.3
2026-09-08, 13:55:16, 22.3, 22.48, 22.75, 22.75, 9999.0, 9999.0, 9999.0, 23.61, 9999.0, 22.39, 9999.0, 22.82, 22.5, 22.25, 22.48, 22.27
2026-09-08, 13:55:20, 22.3, 22.48, 22.75, 22.75, 9999.0, 9999.0, 9999.0, 23.66, 9999.0, 22.39, 9999.0, 22.8, 22.5, 22.25, 22.5, 22.27
2026-09-08, 13:55:24, 22.27, 22.48, 22.75, 22.75, 9999.0, 9999.0, 9999.0, 23.68, 9999.0, 22.39, 9999.0, 22.77, 22.5, 22.25, 22.5, 22.27
2026-09-08, 13:55:28, 22.27, 22.48, 22.75, 22.75, 9999.0, 9999.0, 9999.0, 23.7, 9999.0, 22.39, 9999.0, 22.75, 22.5, 22.25, 22.5, 22.27
2026-09-08, 13:55:32, 22.27, 22.48, 22.75, 22.77, 9999.0, 9999.0, 9999.0, 23.73, 9999.0, 22.36, 9999.0, 22.75, 22.5, 22.25, 22.5, 22.27
2026-09-08, 13:55:36, 22.27, 22.48, 22.75, 22.77, 9999.0, 9999.0, 9999.0, 23.75, 9999.0, 22.39, 9999.0, 22.73, 22.5, 22.25, 22.5, 22.3
2026-09-08, 13:55:40, 22.25, 22.48, 22.75, 22.77, 9999.0, 9999.0, 9999.0, 23.77, 9999.0, 22.36, 9999.0, 22.73, 22.5, 22.25, 22.5, 22.32
2026-09-08, 13:55:44, 22.25, 22.5, 22.75, 22.77, 9999.0, 9999.0, 9999.0, 23.82, 9999.0, 22.34, 9999.0, 22.73, 22.5, 22.25, 22.48, 22.34
2026-09-08, 13:55:48, 22.25, 22.5, 22.75, 22.77, 9999.0, 9999.0, 9999.0, 23.86, 9999.0, 22.32, 9999.0, 22.73, 22.5, 22.25, 22.45, 22.36
2026-09-08, 13:55:52, 22.25, 22.5, 22.75, 22.77, 9999.0, 9999.0, 9999.0, 23.82, 9999.0, 22.3, 9999.0, 22.73, 22.5, 22.25, 22.45, 22.36
2026-09-08, 13:55:56, 22.25, 22.5, 22.75, 22.8, 9999.0, 9999.0, 9999.0, 23.75, 9999.0, 22.27, 9999.0, 22.75, 22.5, 22.25, 22.43, 22.39
2026-09-08, 13:56:00, 22.25, 22.5, 22.75, 22.8, 9999.0, 9999.0, 9999.0, 23.7, 9999.0, 22.27, 9999.0, 22.75, 22.5, 22.25, 22.41, 22.41
2026-09-08, 13:56:04, 22.25, 22.5, 22.77, 22.8, 9999.0, 9999.0, 9999.0, 23.66, 9999.0, 22.27, 9999.0, 22.77, 22.5, 22.25, 22.41, 22.43
2026-09-08, 13:56:08, 22.25, 22.5, 22.8, 22.82, 9999.0, 9999.0, 9999.0, 23.64, 9999.0, 22.27, 9999.0, 22.77, 22.5, 22.25, 22.39, 22.45
2026-09-08, 13:56:12, 22.25, 22.5, 22.8, 22.82, 9999.0, 9999.0, 9999.0, 23.61, 9999.0, 22.27, 9999.0, 22.77, 22.5, 22.25, 22.39, 22.45
2026-09-08, 13:56:16, 22.25, 22.5, 22.8, 22.8, 9999.0, 9999.0, 9999.0, 23.59, 9999.0, 22.3, 9999.0, 22.77, 22.5, 22.25, 22.39, 22.48
2026-09-08, 13:56:20, 22.25, 22.5, 22.8, 22.8, 9999.0, 9999.0, 9999.0, 23.55, 9999.0, 22.3, 9999.0, 22.8, 22.5, 22.25, 22.36, 22.48
2026-09-08, 13:56:24, 22.25, 22.5, 22.8, 22.8, 9999.0, 9999.0, 9999.0, 23.59, 9999.0, 22.32, 9999.0, 22.8, 22.5, 22.25, 22.36, 22.48
2026-09-08, 13:56:28, 22.27, 22.5, 22.8, 22.8, 9999.0, 9999.0, 9999.0, 23.64, 9999.0, 22.34, 9999.0, 22.8, 22.5, 22.25, 22.39, 22.45
2026-09-08, 13:56:32, 22.3, 22.5, 22.8, 22.8, 9999.0, 9999.0, 9999.0, 23.66, 9999.0, 22.34, 9999.0, 22.8, 22.5, 22.25, 22.39, 22.45
2026-09-08, 13:56:36, 22.32, 22.5, 22.8, 22.8, 9999.0, 9999.0, 9999.0, 23.7, 9999.0, 22.34, 9999.0, 22.8, 22.5, 22.25, 22.39, 22.45
2026-09-08, 13:56:40, 22.34, 22.5, 22.8, 22.77, 9999.0, 9999.0, 9999.0, 23.75, 9999.0, 22.34, 9999.0, 22.77, 22.5, 22.25, 22.39, 22.45
2026-09-08, 13:56:44, 22.34, 22.5, 22.8, 22.77, 9999.0, 9999.0, 9999.0, 23.77, 9999.0, 22.34, 9999.0, 22.75, 22.5, 22.25, 22.39, 22.45
2026-09-08, 13:56:48, 22.34, 22.5, 22.77, 22.77, 9999.0, 9999.0, 9999.0, 23.8, 9999.0, 22.34, 9999.0, 22.73, 22.5, 22.25, 22.39, 22.43
2026-09-08, 13:56:52, 22.36, 22.5, 22.75, 22.75, 9999.0, 9999.0, 9999.0, 23.82, 9999.0, 22.34, 9999.0, 22.73, 22.5, 22.25, 22.41, 22.43
2026-09-08, 13:56:56, 22.36, 22.5, 22.75, 22.75, 9999.0, 9999.0, 9999.0, 23.84, 9999.0, 22.34, 9999.0, 22.7, 22.5, 22.25, 22.39, 22.43
2026-09-08, 13:57:00, 22.36, 22.5, 22.77, 22.75, 9999.0, 9999.0, 9999.0, 23.86, 9999.0, 22.32, 9999.0, 22.7, 22.5, 22.25, 22.39, 22.43
2026-09-08, 13:57:04, 22.36, 22.5, 22.77, 22.75, 9999.0, 9999.0, 9999.0, 23.91, 9999.0, 22.3, 9999.0, 22.7, 22.5, 22.25, 22.39, 22.41
2026-09-08, 13:57:08, 22.39, 22.5, 22.77, 22.77, 9999.0, 9999.0, 9999.0, 23.86, 9999.0, 22.3, 9999.0, 22.7, 22.5, 22.25, 22.36, 22.41
2026-09-08, 13:57:12, 22.36, 22.5, 22.77, 22.77, 9999.0, 9999.0, 9999.0, 23.82, 9999.0, 22.27, 9999.0, 22.73, 22.5, 22.25, 22.36, 22.43
2026-09-08, 13:57:16, 22.34, 22.5, 22.8, 22.77, 9999.0, 9999.0, 9999.0, 23.77, 9999.0, 22.27, 9999.0, 22.75, 22.5, 22.25, 22.39, 22.41
2026-09-08, 13:57:20, 22.34, 22.5, 22.8, 22.77, 9999.0, 9999.0, 9999.0, 23.73, 9999.0, 22.27, 9999.0, 22.75, 22.5, 22.25, 22.36, 22.41
2026-09-08, 13:57:24, 22.32, 22.5, 22.8, 22.8, 9999.0, 9999.0, 9999.0, 23.68, 9999.0, 22.3, 9999.0, 22.75, 22.5, 22.25, 22.39, 22.41
2026-09-08, 13:57:28, 22.34, 22.5, 22.8, 22.8, 9999.0, 9999.0, 9999.0, 23.66, 9999.0, 22.32, 9999.0, 22.77, 22.5, 22.25, 22.41, 22.41
2026-09-08, 13:57:32, 22.34, 22.5, 22.8, 22.8, 9999.0, 9999.0, 9999.0, 23.64, 9999.0, 22.36, 9999.0, 22.77, 22.5, 22.25, 22.41, 22.43
2026-09-08, 13:57:36, 22.32, 22.5, 22.8, 22.8, 9999.0, 9999.0, 9999.0, 23.61, 9999.0, 22.41, 9999.0, 22.77, 22.5, 22.25, 22.41, 22.43
2026-09-08, 13:57:40, 22.34, 22.5, 22.82, 22.8, 9999.0, 9999.0, 9999.0, 23.57, 9999.0, 22.43, 9999.0, 22.8, 22.5, 22.25, 22.43, 22.45
2026-09-08, 13:57:44, 22.34, 22.5, 22.8, 22.8, 9999.0, 9999.0, 9999.0, 23.61, 9999.0, 22.45, 9999.0, 22.8, 22.5, 22.25, 22.43, 22.45
2026-09-08, 13:57:48, 22.34, 22.5, 22.8, 22.82, 9999.0, 9999.0, 9999.0, 23.64, 9999.0, 22.48, 9999.0, 22.8, 22.5, 22.25, 22.45, 22.48
2026-09-08, 13:57:52, 22.32, 22.5, 22.8, 22.8, 9999.0, 9999.0, 9999.0, 23.66, 9999.0, 22.48, 9999.0, 22.8, 22.5, 22.25, 22.48, 22.48
2026-09-08, 13:57:56, 22.32, 22.5, 22.8, 22.8, 9999.0, 9999.0, 9999.0, 23.68, 9999.0, 22.5, 9999.0, 22.77, 22.5, 22.25, 22.48, 22.48
2026-09-08, 13:58:00, 22.34, 22.5, 22.77, 22.8, 9999.0, 9999.0, 9999.0, 23.73, 9999.0, 22.52, 9999.0, 22.75, 22.5, 22.25, 22.48, 22.48
2026-09-08, 13:58:04, 22.32, 22.5, 22.77, 22.8, 9999.0, 9999.0, 9999.0, 23.75, 9999.0, 22.55, 9999.0, 22.75, 22.5, 22.25, 22.48, 22.45
2026-09-08, 13:58:08, 22.32, 22.5, 22.77, 22.77, 9999.0, 9999.0, 9999.0, 23.8, 9999.0, 22.52, 9999.0, 22.75, 22.5, 22.25, 22.48, 22.45
2026-09-08, 13:58:12, 22.3, 22.5, 22.77, 22.77, 9999.0, 9999.0, 9999.0, 23.82, 9999.0, 22.5, 9999.0, 22.75, 22.5, 22.25, 22.48, 22.43
2026-09-08, 13:58:16, 22.32, 22.5, 22.77, 22.77, 9999.0, 9999.0, 9999.0, 23.84, 9999.0, 22.45, 9999.0, 22.73, 22.5, 22.25, 22.45, 22.41
2026-09-08, 13:58:20, 22.34, 22.5, 22.77, 22.77, 9999.0, 9999.0, 9999.0, 23.86, 9999.0, 22.41, 9999.0, 22.73, 22.5, 22.25, 22.45, 22.39
2026-09-08, 13:58:24, 22.34, 22.5, 22.75, 22.77, 9999.0, 9999.0, 9999.0, 23.91, 9999.0, 22.41, 9999.0, 22.73, 22.5, 22.25, 22.43, 22.36
2026-09-08, 13:58:28, 22.36, 22.5, 22.75, 22.77, 9999.0, 9999.0, 9999.0, 23.86, 9999.0, 22.41, 9999.0, 22.73, 22.5, 22.25, 22.41, 22.36
2026-09-08, 13:58:32, 22.36, 22.5, 22.75, 22.75, 9999.0, 9999.0, 9999.0, 23.84, 9999.0, 22.39, 9999.0, 22.75, 22.5, 22.25, 22.39, 22.36
2026-09-08, 13:58:36, 22.36, 22.5, 22.77, 22.75, 9999.0, 9999.0, 9999.0, 23.82, 9999.0, 22.39, 9999.0, 22.77, 22.5, 22.25, 22.39, 22.34
2026-09-08, 13:58:40, 22.39, 22.5, 22.8, 22.75, 9999.0, 9999.0, 9999.0, 23.77, 9999.0, 22.41, 9999.0, 22.8, 22.5, 22.25, 22.39, 22.32
2026-09-08, 13:58:44, 22.39, 22.5, 22.8, 22.75, 9999.0, 9999.0, 9999.0, 23.73, 9999.0, 22.43, 9999.0, 22.8, 22.5, 22.25, 22.39, 22.34
2026-09-08, 13:58:48, 22.41, 22.5, 22.8, 22.75, 9999.0, 9999.0, 9999.0, 23.7, 9999.0, 22.45, 9999.0, 22.8, 22.5, 22.25, 22.39, 22.34
2026-09-08, 13:58:53, 22.43, 22.5, 22.8, 22.75, 9999.0, 9999.0, 9999.0, 23.66, 9999.0, 22.5, 9999.0, 22.8, 22.5, 22.25, 22.39, 22.32
2026-09-08, 13:58:57, 22.43, 22.5, 22.8, 22.75, 9999.0, 9999.0, 9999.0, 23.64, 9999.0, 22.55, 9999.0, 22.8, 22.5, 22.25, 22.39, 22.32
2026-09-08, 13:59:01, 22.41, 22.5, 22.8, 22.75, 9999.0, 9999.0, 9999.0, 23.61, 9999.0, 22.59, 9999.0, 22.82, 22.5, 22.25, 22.41, 22.34
2026-09-08, 13:59:05, 22.39, 22.5, 22.8, 22.75, 9999.0, 9999.0, 9999.0, 23.66, 9999.0, 22.64, 9999.0, 22.82, 22.5, 22.25, 22.39, 22.36
2026-09-08, 13:59:09, 22.39, 22.5, 22.8, 22.75, 9999.0, 9999.0, 9999.0, 23.7, 9999.0, 22.66, 9999.0, 22.82, 22.5, 22.25, 22.39, 22.36
2026-09-08, 13:59:13, 22.39, 22.5, 22.8, 22.75, 9999.0, 9999.0, 9999.0, 23.75, 9999.0, 22.68, 9999.0, 22.82, 22.5, 22.25, 22.39, 22.34
2026-09-08, 13:59:17, 22.39, 22.5, 22.8, 22.75, 9999.0, 9999.0, 9999.0, 23.77, 9999.0, 22.7, 9999.0, 22.8, 22.5, 22.25, 22.41, 22.32
2026-09-08, 13:59:21, 22.41, 22.5, 22.77, 22.75, 9999.0, 9999.0, 9999.0, 23.8, 9999.0, 22.73, 9999.0, 22.77, 22.5, 22.25, 22.41, 22.32
2026-09-08, 13:59:25, 22.39, 22.5, 22.75, 22.75, 9999.0, 9999.0, 9999.0, 23.82, 9999.0, 22.7, 9999.0, 22.75, 22.48, 22.25, 22.39, 22.32
2026-09-08, 13:59:29, 22.36, 22.5, 22.77, 22.75, 9999.0, 9999.0, 9999.0, 23.84, 9999.0, 22.68, 9999.0, 22.73, 22.48, 22.25, 22.39, 22.3
2026-09-08, 13:59:33, 22.36, 22.5, 22.77, 22.75, 9999.0, 9999.0, 9999.0, 23.89, 9999.0, 22.66, 9999.0, 22.7, 22.48, 22.25, 22.39, 22.32
2026-09-08, 13:59:37, 22.36, 22.5, 22.77, 22.75, 9999.0, 9999.0, 9999.0, 23.91, 9999.0, 22.64, 9999.0, 22.68, 22.48, 22.25, 22.39, 22.32
2026-09-08, 13:59:41, 22.36, 22.5, 22.8, 22.75, 9999.0, 9999.0, 9999.0, 23.95, 9999.0, 22.61, 9999.0, 22.68, 22.48, 22.25, 22.39, 22.32
2026-09-08, 13:59:45, 22.39, 22.5, 22.82, 22.75, 9999.0, 9999.0, 9999.0, 24.0, 9999.0, 22.59, 9999.0, 22.68, 22.48, 22.25, 22.39, 22.3
2026-09-08, 13:59:49, 22.39, 22.5, 22.82, 22.75, 9999.0, 9999.0, 9999.0, 23.95, 9999.0, 22.57, 9999.0, 22.68, 22.48, 22.25, 22.39, 22.27
2026-09-08, 13:59:53, 22.36, 22.5, 22.82, 22.75, 9999.0, 9999.0, 9999.0, 23.91, 9999.0, 22.55, 9999.0, 22.7, 22.48, 22.27, 22.41, 22.27
2026-09-08, 13:59:57, 22.34, 22.5, 22.84, 22.75, 9999.0, 9999.0, 9999.0, 23.86, 9999.0, 22.52, 9999.0, 22.7, 22.48, 22.3, 22.41, 22.27
2026-09-08, 14:00:01, 22.34, 22.5, 22.86, 22.75, 9999.0, 9999.0, 9999.0, 23.84, 9999.0, 22.55, 9999.0, 22.7, 22.48, 22.3, 22.39, 22.3
2026-09-08, 14:00:05, 22.32, 22.5, 22.89, 22.75, 9999.0, 9999.0, 9999.0, 23.8, 9999.0, 22.55, 9999.0, 22.7, 22.48, 22.3, 22.39, 22.3
2026-09-08, 14:00:09, 22.34, 22.5, 22.89, 22.75, 9999.0, 9999.0, 9999.0, 23.77, 9999.0, 22.57, 9999.0, 22.7, 22.5, 22.3, 22.41, 22.32
2026-09-08, 14:00:13, 22.36, 22.5, 22.89, 22.75, 9999.0, 9999.0, 9999.0, 23.75, 9999.0, 22.59, 9999.0, 22.73, 22.5, 22.3, 22.39, 22.32
2026-09-08, 14:00:17, 22.36, 22.5, 22.91, 22.75, 9999.0, 9999.0, 9999.0, 23.7, 9999.0, 22.61, 9999.0, 22.75, 22.5, 22.3, 22.41, 22.3
2026-09-08, 14:00:21, 22.34, 22.5, 22.93, 22.75, 9999.0, 9999.0, 9999.0, 23.77, 9999.0, 22.64, 9999.0, 22.77, 22.5, 22.3, 22.39, 22.32
2026-09-08, 14:00:25, 22.36, 22.5, 22.93, 22.75, 9999.0, 9999.0, 9999.0, 23.8, 9999.0, 22.66, 9999.0, 22.77, 22.5, 22.32, 22.36, 22.34
2026-09-08, 14:00:29, 22.36, 22.5, 22.91, 22.75, 9999.0, 9999.0, 9999.0, 23.82, 9999.0, 22.68, 9999.0, 22.77, 22.5, 22.32, 22.34, 22.36
2026-09-08, 14:00:33, 22.36, 22.5, 22.91, 22.75, 9999.0, 9999.0, 9999.0, 23.86, 9999.0, 22.68, 9999.0, 22.77, 22.5, 22.32, 22.34, 22.36
2026-09-08, 14:00:37, 22.36, 22.5, 22.91, 22.75, 9999.0, 9999.0, 9999.0, 23.91, 9999.0, 22.68, 9999.0, 22.75, 22.5, 22.3, 22.32, 22.39
2026-09-08, 14:00:41, 22.36, 22.5, 22.89, 22.75, 9999.0, 9999.0, 9999.0, 23.93, 9999.0, 22.68, 9999.0, 22.73, 22.5, 22.27, 22.34, 22.39
2026-09-08, 14:00:45, 22.39, 22.5, 22.86, 22.75, 9999.0, 9999.0, 9999.0, 23.95, 9999.0, 22.66, 9999.0, 22.73, 22.5, 22.27, 22.34, 22.36
2026-09-08, 14:00:49, 22.39, 22.5, 22.84, 22.75, 9999.0, 9999.0, 9999.0, 24.0, 9999.0, 22.64, 9999.0, 22.73, 22.5, 22.27, 22.32, 22.36
2026-09-08, 14:00:53, 22.36, 22.5, 22.84, 22.75, 9999.0, 9999.0, 9999.0, 24.05, 9999.0, 22.61, 9999.0, 22.73, 22.5, 22.27, 22.3, 22.36
2026-09-08, 14:00:57, 22.34, 22.5, 22.82, 22.75, 9999.0, 9999.0, 9999.0, 24.09, 9999.0, 22.59, 9999.0, 22.7, 22.5, 22.27, 22.3, 22.36
2026-09-08, 14:01:01, 22.32, 22.5, 22.8, 22.75, 9999.0, 9999.0, 9999.0, 24.14, 9999.0, 22.57, 9999.0, 22.7, 22.5, 22.27, 22.27, 22.39
2026-09-08, 14:01:05, 22.32, 22.5, 22.77, 22.77, 9999.0, 9999.0, 9999.0, 24.07, 9999.0, 22.55, 9999.0, 22.7, 22.5, 22.27, 22.3, 22.36
2026-09-08, 14:01:09, 22.3, 22.5, 22.75, 22.77, 9999.0, 9999.0, 9999.0, 24.02, 9999.0, 22.52, 9999.0, 22.7, 22.5, 22.25, 22.3, 22.34
2026-09-08, 14:01:13, 22.3, 22.5, 22.75, 22.77, 9999.0, 9999.0, 9999.0, 23.98, 9999.0, 22.5, 9999.0, 22.7, 22.5, 22.25, 22.32, 22.34
2026-09-08, 14:01:17, 22.32, 22.5, 22.75, 22.77, 9999.0, 9999.0, 9999.0, 23.93, 9999.0, 22.5, 9999.0, 22.7, 22.5, 22.25, 22.32, 22.34
2026-09-08, 14:01:21, 22.32, 22.5, 22.75, 22.77, 9999.0, 9999.0, 9999.0, 23.89, 9999.0, 22.52, 9999.0, 22.7, 22.5, 22.25, 22.32, 22.32
2026-09-08, 14:01:25, 22.34, 22.5, 22.75, 22.77, 9999.0, 9999.0, 9999.0, 23.84, 9999.0, 22.55, 9999.0, 22.73, 22.5, 22.25, 22.32, 22.32
2026-09-08, 14:01:29, 22.34, 22.5, 22.75, 22.77, 9999.0, 9999.0, 9999.0, 23.82, 9999.0, 22.57, 9999.0, 22.73, 22.5, 22.25, 22.34, 22.32
2026-09-08, 14:01:33, 22.34, 22.5, 22.75, 22.77, 9999.0, 9999.0, 9999.0, 23.77, 9999.0, 22.59, 9999.0, 22.73, 22.5, 22.25, 22.34, 22.32
2026-09-08, 14:01:37, 22.34, 22.5, 22.75, 22.77, 9999.0, 9999.0, 9999.0, 23.73, 9999.0, 22.61, 9999.0, 22.73, 22.5, 22.25, 22.34, 22.3
2026-09-08, 14:01:41, 22.34, 22.5, 22.75, 22.77, 9999.0, 9999.0, 9999.0, 23.75, 9999.0, 22.64, 9999.0, 22.75, 22.5, 22.25, 22.34, 22.32
2026-09-08, 14:01:45, 22.36, 22.5, 22.75, 22.77, 9999.0, 9999.0, 9999.0, 23.77, 9999.0, 22.66, 9999.0, 22.75, 22.5, 22.25, 22.36, 22.3
2026-09-08, 14:01:49, 22.39, 22.5, 22.75, 22.75, 9999.0, 9999.0, 9999.0, 23.82, 9999.0, 22.68, 9999.0, 22.75, 22.5, 22.25, 22.36, 22.32
2026-09-08, 14:01:53, 22.39, 22.5, 22.75, 22.75, 9999.0, 9999.0, 9999.0, 23.84, 9999.0, 22.7, 9999.0, 22.75, 22.5, 22.25, 22.39, 22.32
2026-09-08, 14:01:57, 22.36, 22.5, 22.75, 22.75, 9999.0, 9999.0, 9999.0, 23.86, 9999.0, 22.7, 9999.0, 22.75, 22.5, 22.25, 22.36, 22.3
2026-09-08, 14:02:01, 22.34, 22.5, 22.75, 22.75, 9999.0, 9999.0, 9999.0, 23.89, 9999.0, 22.73, 9999.0, 22.75, 22.5, 22.25, 22.39, 22.3
2026-09-08, 14:02:05, 22.34, 22.5, 22.75, 22.75, 9999.0, 9999.0, 9999.0, 23.91, 9999.0, 22.7, 9999.0, 22.73, 22.5, 22.25, 22.41, 22.3
2026-09-08, 14:02:09, 22.32, 22.5, 22.75, 22.75, 9999.0, 9999.0, 9999.0, 23.95, 9999.0, 22.68, 9999.0, 22.73, 22.5, 22.25, 22.39, 22.3
2026-09-08, 14:02:13, 22.3, 22.5, 22.75, 22.75, 9999.0, 9999.0, 9999.0, 23.98, 9999.0, 22.66, 9999.0, 22.7, 22.5, 22.25, 22.36, 22.3
2026-09-08, 14:02:17, 22.3, 22.5, 22.75, 22.75, 9999.0, 9999.0, 9999.0, 24.02, 9999.0, 22.64, 9999.0, 22.68, 22.5, 22.25, 22.36, 22.3
2026-09-08, 14:02:21, 22.3, 22.5, 22.75, 22.75, 9999.0, 9999.0, 9999.0, 24.05, 9999.0, 22.61, 9999.0, 22.68, 22.5, 22.25, 22.39, 22.3
2026-09-08, 14:02:25, 22.3, 22.5, 22.75, 22.75, 9999.0, 9999.0, 9999.0, 24.0, 9999.0, 22.59, 9999.0, 22.68, 22.5, 22.25, 22.39, 22.27
2026-09-08, 14:02:29, 22.3, 22.5, 22.75, 22.75, 9999.0, 9999.0, 9999.0, 23.95, 9999.0, 22.57, 9999.0, 22.7, 22.5, 22.25, 22.39, 22.27
2026-09-08, 14:02:33, 22.3, 22.5, 22.75, 22.75, 9999.0, 9999.0, 9999.0, 23.91, 9999.0, 22.55, 9999.0, 22.73, 22.5, 22.25, 22.39, 22.27
2026-09-08, 14:02:38, 22.3, 22.5, 22.75, 22.75, 9999.0, 9999.0, 9999.0, 23.89, 9999.0, 22.52, 9999.0, 22.75, 22.5, 22.25, 22.39, 22.3
2026-09-08, 14:02:42, 22.32, 22.5, 22.75, 22.75, 9999.0, 9999.0, 9999.0, 23.86, 9999.0, 22.55, 9999.0, 22.75, 22.5, 22.25, 22.39, 22.32
2026-09-08, 14:02:46, 22.32, 22.5, 22.75, 22.75, 9999.0, 9999.0, 9999.0, 23.82, 9999.0, 22.55, 9999.0, 22.75, 22.5, 22.25, 22.39, 22.32
2026-09-08, 14:02:50, 22.32, 22.5, 22.75, 22.75, 9999.0, 9999.0, 9999.0, 23.77, 9999.0, 22.57, 9999.0, 22.77, 22.5, 22.25, 22.39, 22.32
2026-09-08, 14:02:54, 22.32, 22.5, 22.75, 22.75, 9999.0, 9999.0, 9999.0, 23.73, 9999.0, 22.59, 9999.0, 22.77, 22.5, 22.25, 22.41, 22.32
2026-09-08, 14:02:58, 22.32, 22.5, 22.75, 22.75, 9999.0, 9999.0, 9999.0, 23.68, 9999.0, 22.61, 9999.0, 22.8, 22.5, 22.25, 22.43, 22.32
2026-09-08, 14:03:02, 22.34, 22.5, 22.75, 22.75, 9999.0, 9999.0, 9999.0, 23.7, 9999.0, 22.64, 9999.0, 22.82, 22.5, 22.25, 22.45, 22.32
2026-09-08, 14:03:06, 22.36, 22.5, 22.77, 22.75, 9999.0, 9999.0, 9999.0, 23.75, 9999.0, 22.66, 9999.0, 22.82, 22.5, 22.25, 22.43, 22.32
2026-09-08, 14:03:10, 22.39, 22.5, 22.77, 22.75, 9999.0, 9999.0, 9999.0, 23.8, 9999.0, 22.68, 9999.0, 22.8, 22.5, 22.25, 22.45, 22.32
2026-09-08, 14:03:14, 22.36, 22.5, 22.77, 22.75, 9999.0, 9999.0, 9999.0, 23.84, 9999.0, 22.7, 9999.0, 22.77, 22.5, 22.25, 22.45, 22.32
2026-09-08, 14:03:18, 22.36, 22.5, 22.77, 22.75, 9999.0, 9999.0, 9999.0, 23.86, 9999.0, 22.73, 9999.0, 22.73, 22.5, 22.25, 22.45, 22.3
2026-09-08, 14:03:22, 22.36, 22.5, 22.77, 22.75, 9999.0, 9999.0, 9999.0, 23.89, 9999.0, 22.75, 9999.0, 22.68, 22.5, 22.25, 22.45, 22.27
2026-09-08, 14:03:26, 22.34, 22.5, 22.77, 22.75, 9999.0, 9999.0, 9999.0, 23.91, 9999.0, 22.75, 9999.0, 22.66, 22.5, 22.25, 22.45, 22.25
2026-09-08, 14:03:30, 22.36, 22.5, 22.77, 22.75, 9999.0, 9999.0, 9999.0, 23.95, 9999.0, 22.75, 9999.0, 22.64, 22.5, 22.25, 22.43, 22.25
2026-09-08, 14:03:34, 22.39, 22.5, 22.77, 22.75, 9999.0, 9999.0, 9999.0, 24.0, 9999.0, 22.75, 9999.0, 22.61, 22.5, 22.25, 22.41, 22.25
2026-09-08, 14:03:38, 22.41, 22.5, 22.77, 22.75, 9999.0, 9999.0, 9999.0, 24.05, 9999.0, 22.73, 9999.0, 22.61, 22.5, 22.25, 22.39, 22.25
2026-09-08, 14:03:42, 22.41, 22.5, 22.77, 22.75, 9999.0, 9999.0, 9999.0, 24.09, 9999.0, 22.7, 9999.0, 22.61, 22.5, 22.25, 22.36, 22.25
2026-09-08, 14:03:46, 22.39, 22.5, 22.77, 22.75, 9999.0, 9999.0, 9999.0, 24.07, 9999.0, 22.68, 9999.0, 22.61, 22.5, 22.25, 22.34, 22.25
2026-09-08, 14:03:50, 22.39, 22.5, 22.75, 22.75, 9999.0, 9999.0, 9999.0, 24.05, 9999.0, 22.66, 9999.0, 22.61, 22.5, 22.25, 22.36, 22.25
2026-09-08, 14:03:54, 22.36, 22.5, 22.75, 22.75, 9999.0, 9999.0, 9999.0, 24.0, 9999.0, 22.64, 9999.0, 22.64, 22.5, 22.25, 22.36, 22.25
2026-09-08, 14:03:58, 22.36, 22.5, 22.75, 22.75, 9999.0, 9999.0, 9999.0, 23.95, 9999.0, 22.61, 9999.0, 22.66, 22.5, 22.25, 22.36, 22.25
2026-09-08, 14:04:02, 22.36, 22.5, 22.75, 22.75, 9999.0, 9999.0, 9999.0, 23.93, 9999.0, 22.61, 9999.0, 22.68, 22.5, 22.25, 22.36, 22.25
2026-09-08, 14:04:06, 22.36, 22.5, 22.75, 22.75, 9999.0, 9999.0, 9999.0, 23.91, 9999.0, 22.61, 9999.0, 22.7, 22.5, 22.25, 22.34, 22.25
2026-09-08, 14:04:10, 22.39, 22.5, 22.75, 22.75, 9999.0, 9999.0, 9999.0, 23.89, 9999.0, 22.61, 9999.0, 22.73, 22.5, 22.25, 22.36, 22.25
2026-09-08, 14:04:14, 22.36, 22.5, 22.75, 22.75, 9999.0, 9999.0, 9999.0, 23.86, 9999.0, 22.64, 9999.0, 22.75, 22.5, 22.25, 22.36, 22.25
2026-09-08, 14:04:18, 22.36, 22.5, 22.75, 22.75, 9999.0, 9999.0, 9999.0, 23.84, 9999.0, 22.64, 9999.0, 22.77, 22.5, 22.25, 22.36, 22.25
2026-09-08, 14:04:22, 22.34, 22.5, 22.75, 22.75, 9999.0, 9999.0, 9999.0, 23.89, 9999.0, 22.66, 9999.0, 22.77, 22.5, 22.25, 22.36, 22.25
2026-09-08, 14:04:26, 22.36, 22.5, 22.75, 22.75, 9999.0, 9999.0, 9999.0, 23.91, 9999.0, 22.68, 9999.0, 22.77, 22.5, 22.25, 22.36, 22.25
2026-09-08, 14:04:30, 22.36, 22.5, 22.75, 22.75, 9999.0, 9999.0, 9999.0, 23.93, 9999.0, 22.7, 9999.0, 22.75, 22.5, 22.25, 22.36, 22.25
2026-09-08, 14:04:34, 22.36, 22.5, 22.75, 22.75, 9999.0, 9999.0, 9999.0, 23.95, 9999.0, 22.73, 9999.0, 22.75, 22.5, 22.25, 22.34, 22.25
2026-09-08, 14:04:38, 22.39, 22.5, 22.75, 22.75, 9999.0, 9999.0, 9999.0, 24.0, 9999.0, 22.73, 9999.0, 22.75, 22.5, 22.25, 22.32, 22.25
2026-09-08, 14:04:42, 22.39, 22.5, 22.75, 22.75, 9999.0, 9999.0, 9999.0, 24.02, 9999.0, 22.75, 9999.0, 22.73, 22.5, 22.25, 22.3, 22.25
2026-09-08, 14:04:46, 22.36, 22.5, 22.75, 22.75, 9999.0, 9999.0, 9999.0, 24.05, 9999.0, 22.75, 9999.0, 22.7, 22.5, 22.25, 22.27, 22.25
2026-09-08, 14:04:50, 22.36, 22.5, 22.75, 22.75, 9999.0, 9999.0, 9999.0, 24.09, 9999.0, 22.75, 9999.0, 22.68, 22.5, 22.25, 22.27, 22.25
2026-09-08, 14:04:54, 22.34, 22.5, 22.75, 22.75, 9999.0, 9999.0, 9999.0, 24.11, 9999.0, 22.73, 9999.0, 22.66, 22.5, 22.25, 22.25, 22.25
2026-09-08, 14:04:58, 22.36, 22.5, 22.75, 22.75, 9999.0, 9999.0, 9999.0, 24.14, 9999.0, 22.7, 9999.0, 22.66, 22.5, 22.25, 22.25, 22.25
2026-09-08, 14:05:02, 22.34, 22.5, 22.75, 22.75, 9999.0, 9999.0, 9999.0, 24.16, 9999.0, 22.7, 9999.0, 22.66, 22.5, 22.25, 22.25, 22.25
2026-09-08, 14:05:06, 22.34, 22.5, 22.75, 22.75, 9999.0, 9999.0, 9999.0, 24.11, 9999.0, 22.7, 9999.0, 22.66, 22.5, 22.25, 22.27, 22.25
2026-09-08, 14:05:10, 22.32, 22.5, 22.75, 22.75, 9999.0, 9999.0, 9999.0, 24.07, 9999.0, 22.68, 9999.0, 22.66, 22.5, 22.25, 22.27, 22.25
2026-09-08, 14:05:14, 22.32, 22.5, 22.75, 22.75, 9999.0, 9999.0, 9999.0, 24.02, 9999.0, 22.66, 9999.0, 22.68, 22.5, 22.25, 22.27, 22.25
2026-09-08, 14:05:18, 22.3, 22.5, 22.75, 22.75, 9999.0, 9999.0, 9999.0, 23.98, 9999.0, 22.66, 9999.0, 22.68, 22.5, 22.25, 22.27, 22.25
2026-09-08, 14:05:22, 22.27, 22.5, 22.75, 22.75, 9999.0, 9999.0, 9999.0, 23.93, 9999.0, 22.68, 9999.0, 22.68, 22.5, 22.25, 22.27, 22.25
2026-09-08, 14:05:26, 22.27, 22.5, 22.75, 22.75, 9999.0, 9999.0, 9999.0, 23.91, 9999.0, 22.68, 9999.0, 22.68, 22.5, 22.25, 22.27, 22.25
2026-09-08, 14:05:30, 22.27, 22.5, 22.75, 22.75, 9999.0, 9999.0, 9999.0, 23.86, 9999.0, 22.7, 9999.0, 22.7, 22.5, 22.25, 22.27, 22.25
2026-09-08, 14:05:34, 22.27, 22.5, 22.75, 22.75, 9999.0, 9999.0, 9999.0, 23.8, 9999.0, 22.73, 9999.0, 22.73, 22.5, 22.25, 22.27, 22.25
2026-09-08, 14:05:38, 22.3, 22.5, 22.75, 22.75, 9999.0, 9999.0, 9999.0, 23.77, 9999.0, 22.77, 9999.0, 22.75, 22.5, 22.25, 22.27, 22.25
2026-09-08, 14:05:42, 22.3, 22.5, 22.75, 22.75, 9999.0, 9999.0, 9999.0, 23.82, 9999.0, 22.77, 9999.0, 22.75, 22.5, 22.25, 22.27, 22.25
2026-09-08, 14:05:46, 22.32, 22.5, 22.75, 22.75, 9999.0, 9999.0, 9999.0, 23.86, 9999.0, 22.8, 9999.0, 22.75, 22.5, 22.25, 22.27, 22.25
2026-09-08, 14:05:50, 22.32, 22.5, 22.75, 22.75, 9999.0, 9999.0, 9999.0, 23.89, 9999.0, 22.8, 9999.0, 22.75, 22.5, 22.25, 22.25, 22.25
2026-09-08, 14:05:54, 22.32, 22.5, 22.75, 22.75, 9999.0, 9999.0, 9999.0, 23.93, 9999.0, 22.82, 9999.0, 22.73, 22.5, 22.25, 22.25, 22.25
2026-09-08, 14:05:58, 22.32, 22.5, 22.75, 22.75, 9999.0, 9999.0, 9999.0, 23.98, 9999.0, 22.84, 9999.0, 22.7, 22.5, 22.25, 22.25, 22.25
2026-09-08, 14:06:02, 22.32, 22.5, 22.75, 22.75, 9999.0, 9999.0, 9999.0, 24.02, 9999.0, 22.84, 9999.0, 22.68, 22.5, 22.25, 22.25, 22.25
2026-09-08, 14:06:06, 22.34, 22.5, 22.75, 22.75, 9999.0, 9999.0, 9999.0, 24.07, 9999.0, 22.84, 9999.0, 22.66, 22.5, 22.25, 22.25, 22.25
2026-09-08, 14:06:10, 22.34, 22.5, 22.75, 22.75, 9999.0, 9999.0, 9999.0, 24.11, 9999.0, 22.84, 9999.0, 22.64, 22.5, 22.25, 22.25, 22.25
2026-09-08, 14:06:14, 22.36, 22.5, 22.75, 22.75, 9999.0, 9999.0, 9999.0, 24.18, 9999.0, 22.82, 9999.0, 22.61, 22.5, 22.25, 22.25, 22.25
2026-09-08, 14:06:18, 22.39, 22.5, 22.75, 22.75, 9999.0, 9999.0, 9999.0, 24.23, 9999.0, 22.8, 9999.0, 22.61, 22.5, 22.25, 22.25, 22.25
2026-09-08, 14:06:22, 22.36, 22.5, 22.75, 22.75, 9999.0, 9999.0, 9999.0, 24.25, 9999.0, 22.77, 9999.0, 22.61, 22.48, 22.25, 22.25, 22.25
2026-09-08, 14:06:26, 22.34, 22.5, 22.75, 22.75, 9999.0, 9999.0, 9999.0, 24.2, 9999.0, 22.75, 9999.0, 22.61, 22.48, 22.25, 22.25, 22.25
2026-09-08, 14:06:31, 22.32, 22.5, 22.75, 22.75, 9999.0, 9999.0, 9999.0, 24.16, 9999.0, 22.7, 9999.0, 22.61, 22.48, 22.25, 22.27, 22.25
2026-09-08, 14:06:35, 22.34, 22.5, 22.75, 22.75, 9999.0, 9999.0, 9999.0, 24.11, 9999.0, 22.68, 9999.0, 22.61, 22.48, 22.25, 22.27, 22.25
2026-09-08, 14:06:39, 22.34, 22.5, 22.75, 22.75, 9999.0, 9999.0, 9999.0, 24.07, 9999.0, 22.68, 9999.0, 22.64, 22.48, 22.25, 22.27, 22.25
2026-09-08, 14:06:43, 22.34, 22.5, 22.75, 22.75, 9999.0, 9999.0, 9999.0, 24.02, 9999.0, 22.68, 9999.0, 22.66, 22.48, 22.25, 22.27, 22.25
2026-09-08, 14:06:47, 22.34, 22.5, 22.75, 22.75, 9999.0, 9999.0, 9999.0, 23.98, 9999.0, 22.68, 9999.0, 22.68, 22.48, 22.25, 22.27, 22.25
2026-09-08, 14:06:51, 22.32, 22.5, 22.75, 22.75, 9999.0, 9999.0, 9999.0, 23.93, 9999.0, 22.7, 9999.0, 22.7, 22.48, 22.25, 22.27, 22.25
2026-09-08, 14:06:55, 22.34, 22.5, 22.75, 22.75, 9999.0, 9999.0, 9999.0, 23.89, 9999.0, 22.7, 9999.0, 22.73, 22.48, 22.25, 22.27, 22.25
2026-09-08, 14:06:59, 22.34, 22.5, 22.75, 22.75, 9999.0, 9999.0, 9999.0, 23.91, 9999.0, 22.7, 9999.0, 22.75, 22.48, 22.25, 22.27, 22.25
2026-09-08, 14:07:03, 22.32, 22.5, 22.75, 22.75, 9999.0, 9999.0, 9999.0, 23.93, 9999.0, 22.7, 9999.0, 22.75, 22.48, 22.25, 22.27, 22.25
2026-09-08, 14:07:07, 22.32, 22.5, 22.75, 22.75, 9999.0, 9999.0, 9999.0, 23.95, 9999.0, 22.7, 9999.0, 22.73, 22.5, 22.25, 22.27, 22.25
2026-09-08, 14:07:11, 22.34, 22.5, 22.75, 22.75, 9999.0, 9999.0, 9999.0, 23.98, 9999.0, 22.73, 9999.0, 22.73, 22.5, 22.25, 22.3, 22.25
2026-09-08, 14:07:15, 22.36, 22.5, 22.75, 22.75, 9999.0, 9999.0, 9999.0, 24.0, 9999.0, 22.75, 9999.0, 22.73, 22.5, 22.25, 22.27, 22.25
2026-09-08, 14:07:19, 22.34, 22.5, 22.75, 22.75, 9999.0, 9999.0, 9999.0, 24.02, 9999.0, 22.77, 9999.0, 22.7, 22.5, 22.25, 22.3, 22.25
2026-09-08, 14:07:23, 22.34, 22.5, 22.75, 22.73, 9999.0, 9999.0, 9999.0, 24.05, 9999.0, 22.77, 9999.0, 22.7, 22.5, 22.25, 22.3, 22.25
2026-09-08, 14:07:27, 22.34, 22.5, 22.75, 22.73, 9999.0, 9999.0, 9999.0, 24.07, 9999.0, 22.77, 9999.0, 22.68, 22.5, 22.25, 22.3, 22.25
2026-09-08, 14:07:31, 22.36, 22.5, 22.75, 22.73, 9999.0, 9999.0, 9999.0, 24.09, 9999.0, 22.77, 9999.0, 22.66, 22.5, 22.25, 22.3, 22.25
2026-09-08, 14:07:35, 22.36, 22.5, 22.75, 22.73, 9999.0, 9999.0, 9999.0, 24.11, 9999.0, 22.73, 9999.0, 22.64, 22.5, 22.25, 22.3, 22.25
2026-09-08, 14:07:39, 22.36, 22.5, 22.75, 22.73, 9999.0, 9999.0, 9999.0, 24.14, 9999.0, 22.7, 9999.0, 22.64, 22.48, 22.25, 22.3, 22.25
2026-09-08, 14:07:43, 22.34, 22.5, 22.75, 22.73, 9999.0, 9999.0, 9999.0, 24.09, 9999.0, 22.68, 9999.0, 22.64, 22.48, 22.25, 22.3, 22.25
2026-09-08, 14:07:47, 22.34, 22.5, 22.75, 22.73, 9999.0, 9999.0, 9999.0, 24.07, 9999.0, 22.64, 9999.0, 22.64, 22.48, 22.25, 22.3, 22.25
2026-09-08, 14:07:51, 22.36, 22.5, 22.75, 22.73, 9999.0, 9999.0, 9999.0, 24.05, 9999.0, 22.61, 9999.0, 22.66, 22.48, 22.25, 22.3, 22.25
2026-09-08, 14:07:55, 22.34, 22.5, 22.75, 22.73, 9999.0, 9999.0, 9999.0, 24.02, 9999.0, 22.59, 9999.0, 22.66, 22.48, 22.25, 22.3, 22.25
2026-09-08, 14:07:59, 22.34, 22.5, 22.75, 22.73, 9999.0, 9999.0, 9999.0, 23.98, 9999.0, 22.59, 9999.0, 22.66, 22.48, 22.25, 22.3, 22.25
2026-09-08, 14:08:03, 22.34, 22.5, 22.75, 22.73, 9999.0, 9999.0, 9999.0, 23.95, 9999.0, 22.59, 9999.0, 22.68, 22.48, 22.25, 22.27, 22.25
2026-09-08, 14:08:07, 22.34, 22.5, 22.75, 22.75, 9999.0, 9999.0, 9999.0, 23.93, 9999.0, 22.59, 9999.0, 22.68, 22.48, 22.25, 22.27, 22.25
2026-09-08, 14:08:11, 22.34, 22.5, 22.75, 22.75, 9999.0, 9999.0, 9999.0, 23.91, 9999.0, 22.59, 9999.0, 22.7, 22.48, 22.25, 22.27, 22.25
2026-09-08, 14:08:15, 22.32, 22.5, 22.75, 22.75, 9999.0, 9999.0, 9999.0, 23.86, 9999.0, 22.59, 9999.0, 22.73, 22.48, 22.25, 22.27, 22.25
2026-09-08, 14:08:19, 22.32, 22.5, 22.75, 22.75, 9999.0, 9999.0, 9999.0, 23.91, 9999.0, 22.61, 9999.0, 22.75, 22.48, 22.25, 22.27, 22.25
2026-09-08, 14:08:23, 22.3, 22.5, 22.75, 22.75, 9999.0, 9999.0, 9999.0, 23.95, 9999.0, 22.64, 9999.0, 22.75, 22.5, 22.25, 22.27, 22.25
2026-09-08, 14:08:27, 22.32, 22.5, 22.75, 22.75, 9999.0, 9999.0, 9999.0, 23.98, 9999.0, 22.66, 9999.0, 22.75, 22.5, 22.25, 22.27, 22.25
2026-09-08, 14:08:31, 22.32, 22.5, 22.75, 22.75, 9999.0, 9999.0, 9999.0, 24.0, 9999.0, 22.68, 9999.0, 22.75, 22.5, 22.25, 22.27, 22.25
2026-09-08, 14:08:35, 22.3, 22.5, 22.75, 22.75, 9999.0, 9999.0, 9999.0, 24.0, 9999.0, 22.68, 9999.0, 22.73, 22.5, 22.25, 22.27, 22.25
2026-09-08, 14:08:39, 22.3, 22.5, 22.75, 22.75, 9999.0, 9999.0, 9999.0, 24.0, 9999.0, 22.7, 9999.0, 22.7, 22.5, 22.25, 22.25, 22.25
2026-09-08, 14:08:43, 22.27, 22.5, 22.75, 22.75, 9999.0, 9999.0, 9999.0, 24.02, 9999.0, 22.68, 9999.0, 22.68, 22.5, 22.25, 22.25, 22.25
2026-09-08, 14:08:47, 22.27, 22.5, 22.75, 22.75, 9999.0, 9999.0, 9999.0, 24.05, 9999.0, 22.66, 9999.0, 22.66, 22.5, 22.25, 22.25, 22.25
2026-09-08, 14:08:51, 22.27, 22.5, 22.75, 22.75, 9999.0, 9999.0, 9999.0, 24.07, 9999.0, 22.64, 9999.0, 22.64, 22.5, 22.25, 22.25, 22.25
2026-09-08, 14:08:55, 22.27, 22.5, 22.75, 22.75, 9999.0, 9999.0, 9999.0, 24.09, 9999.0, 22.61, 9999.0, 22.61, 22.5, 22.25, 22.25, 22.25
2026-09-08, 14:08:59, 22.27, 22.5, 22.75, 22.75, 9999.0, 9999.0, 9999.0, 24.14, 9999.0, 22.59, 9999.0, 22.61, 22.5, 22.25, 22.25, 22.25
2026-09-08, 14:09:03, 22.27, 22.5, 22.75, 22.75, 9999.0, 9999.0, 9999.0, 24.09, 9999.0, 22.57, 9999.0, 22.59, 22.5, 22.25, 22.25, 22.25
2026-09-08, 14:09:07, 22.27, 22.5, 22.75, 22.75, 9999.0, 9999.0, 9999.0, 24.02, 9999.0, 22.55, 9999.0, 22.59, 22.5, 22.25, 22.25, 22.25
2026-09-08, 14:09:11, 22.25, 22.5, 22.75, 22.75, 9999.0, 9999.0, 9999.0, 23.98, 9999.0, 22.52, 9999.0, 22.59, 22.5, 22.25, 22.25, 22.25
2026-09-08, 14:09:15, 22.25, 22.5, 22.75, 22.75, 9999.0, 9999.0, 9999.0, 23.93, 9999.0, 22.52, 9999.0, 22.59, 22.5, 22.25, 22.25, 22.25
2026-09-08, 14:09:19, 22.27, 22.5, 22.75, 22.75, 9999.0, 9999.0, 9999.0, 23.91, 9999.0, 22.55, 9999.0, 22.61, 22.5, 22.25, 22.25, 22.25
2026-09-08, 14:09:23, 22.27, 22.5, 22.75, 22.75, 9999.0, 9999.0, 9999.0, 23.89, 9999.0, 22.52, 9999.0, 22.64, 22.5, 22.25, 22.25, 22.25
2026-09-08, 14:09:27, 22.27, 22.5, 22.75, 22.75, 9999.0, 9999.0, 9999.0, 23.84, 9999.0, 22.55, 9999.0, 22.66, 22.5, 22.25, 22.25, 22.25
2026-09-08, 14:09:31, 22.27, 22.5, 22.75, 22.75, 9999.0, 9999.0, 9999.0, 23.8, 9999.0, 22.57, 9999.0, 22.68, 22.5, 22.25, 22.25, 22.25
2026-09-08, 14:09:35, 22.27, 22.5, 22.75, 22.75, 9999.0, 9999.0, 9999.0, 23.75, 9999.0, 22.59, 9999.0, 22.7, 22.5, 22.25, 22.25, 22.25
2026-09-08, 14:09:39, 22.27, 22.5, 22.75, 22.75, 9999.0, 9999.0, 9999.0, 23.8, 9999.0, 22.61, 9999.0, 22.73, 22.5, 22.25, 22.25, 22.25
2026-09-08, 14:09:43, 22.27, 22.5, 22.75, 22.75, 9999.0, 9999.0, 9999.0, 23.82, 9999.0, 22.64, 9999.0, 22.7, 22.5, 22.25, 22.25, 22.25
2026-09-08, 14:09:47, 22.27, 22.5, 22.75, 22.75, 9999.0, 9999.0, 9999.0, 23.86, 9999.0, 22.66, 9999.0, 22.7, 22.5, 22.25, 22.27, 22.25
2026-09-08, 14:09:51, 22.27, 22.5, 22.75, 22.73, 9999.0, 9999.0, 9999.0, 23.91, 9999.0, 22.68, 9999.0, 22.7, 22.5, 22.25, 22.27, 22.25
2026-09-08, 14:09:55, 22.27, 22.5, 22.75, 22.73, 9999.0, 9999.0, 9999.0, 23.95, 9999.0, 22.68, 9999.0, 22.68, 22.5, 22.25, 22.27, 22.25
2026-09-08, 14:09:59, 22.27, 22.5, 22.75, 22.73, 9999.0, 9999.0, 9999.0, 23.98, 9999.0, 22.68, 9999.0, 22.66, 22.5, 22.25, 22.27, 22.25
2026-09-08, 14:10:03, 22.25, 22.5, 22.75, 22.73, 9999.0, 9999.0, 9999.0, 24.0, 9999.0, 22.66, 9999.0, 22.64, 22.5, 22.25, 22.27, 22.25
2026-09-08, 14:10:07, 22.25, 22.5, 22.75, 22.73, 9999.0, 9999.0, 9999.0, 24.02, 9999.0, 22.66, 9999.0, 22.61, 22.5, 22.25, 22.27, 22.25
2026-09-08, 14:10:11, 22.25, 22.5, 22.75, 22.73, 9999.0, 9999.0, 9999.0, 24.07, 9999.0, 22.64, 9999.0, 22.59, 22.5, 22.25, 22.27, 22.25
2026-09-08, 14:10:15, 22.25, 22.5, 22.75, 22.73, 9999.0, 9999.0, 9999.0, 24.11, 9999.0, 22.61, 9999.0, 22.59, 22.5, 22.25, 22.27, 22.25
2026-09-08, 14:10:20, 22.25, 22.5, 22.75, 22.73, 9999.0, 9999.0, 9999.0, 24.16, 9999.0, 22.59, 9999.0, 22.59, 22.5, 22.25, 22.27, 22.25
2026-09-08, 14:10:24, 22.25, 22.5, 22.75, 22.73, 9999.0, 9999.0, 9999.0, 24.09, 9999.0, 22.55, 9999.0, 22.59, 22.5, 22.25, 22.27, 22.25
2026-09-08, 14:10:28, 22.25, 22.5, 22.75, 22.73, 9999.0, 9999.0, 9999.0, 24.05, 9999.0, 22.5, 9999.0, 22.61, 22.5, 22.25, 22.27, 22.25
2026-09-08, 14:10:32, 22.25, 22.5, 22.75, 22.73, 9999.0, 9999.0, 9999.0, 23.98, 9999.0, 22.45, 9999.0, 22.66, 22.5, 22.25, 22.25, 22.25
2026-09-08, 14:10:36, 22.25, 22.5, 22.75, 22.75, 9999.0, 9999.0, 9999.0, 23.93, 9999.0, 22.43, 9999.0, 22.66, 22.5, 22.25, 22.25, 22.25
2026-09-08, 14:10:40, 22.25, 22.5, 22.75, 22.75, 9999.0, 9999.0, 9999.0, 23.89, 9999.0, 22.43, 9999.0, 22.68, 22.5, 22.25, 22.25, 22.25
2026-09-08, 14:10:44, 22.25, 22.5, 22.75, 22.75, 9999.0, 9999.0, 9999.0, 23.86, 9999.0, 22.43, 9999.0, 22.7, 22.5, 22.25, 22.25, 22.25
2026-09-08, 14:10:48, 22.25, 22.5, 22.75, 22.75, 9999.0, 9999.0, 9999.0, 23.82, 9999.0, 22.45, 9999.0, 22.73, 22.5, 22.25, 22.25, 22.25
2026-09-08, 14:10:52, 22.27, 22.5, 22.75, 22.75, 9999.0, 9999.0, 9999.0, 23.77, 9999.0, 22.48, 9999.0, 22.75, 22.5, 22.25, 22.25, 22.25
2026-09-08, 14:10:56, 22.27, 22.5, 22.75, 22.75, 9999.0, 9999.0, 9999.0, 23.73, 9999.0, 22.48, 9999.0, 22.77, 22.5, 22.25, 22.25, 22.25
2026-09-08, 14:11:00, 22.27, 22.5, 22.75, 22.75, 9999.0, 9999.0, 9999.0, 23.75, 9999.0, 22.48, 9999.0, 22.77, 22.5, 22.25, 22.27, 22.25
2026-09-08, 14:11:04, 22.3, 22.5, 22.75, 22.75, 9999.0, 9999.0, 9999.0, 23.77, 9999.0, 22.48, 9999.0, 22.77, 22.5, 22.25, 22.27, 22.25
2026-09-08, 14:11:08, 22.3, 22.5, 22.75, 22.75, 9999.0, 9999.0, 9999.0, 23.82, 9999.0, 22.5, 9999.0, 22.77, 22.5, 22.25, 22.27, 22.25
2026-09-08, 14:11:12, 22.3, 22.5, 22.75, 22.75, 9999.0, 9999.0, 9999.0, 23.84, 9999.0, 22.52, 9999.0, 22.75, 22.5, 22.25, 22.27, 22.25
2026-09-08, 14:11:16, 22.3, 22.5, 22.75, 22.75, 9999.0, 9999.0, 9999.0, 23.86, 9999.0, 22.55, 9999.0, 22.7, 22.5, 22.25, 22.27, 22.25
2026-09-08, 14:11:20, 22.3, 22.5, 22.75, 22.75, 9999.0, 9999.0, 9999.0, 23.89, 9999.0, 22.55, 9999.0, 22.68, 22.5, 22.25, 22.27, 22.25
2026-09-08, 14:11:24, 22.3, 22.5, 22.75, 22.75, 9999.0, 9999.0, 9999.0, 23.91, 9999.0, 22.55, 9999.0, 22.66, 22.48, 22.25, 22.27, 22.25
2026-09-08, 14:11:28, 22.3, 22.5, 22.75, 22.75, 9999.0, 9999.0, 9999.0, 23.93, 9999.0, 22.52, 9999.0, 22.64, 22.48, 22.25, 22.27, 22.25
2026-09-08, 14:11:32, 22.3, 22.5, 22.75, 22.75, 9999.0, 9999.0, 9999.0, 23.98, 9999.0, 22.5, 9999.0, 22.61, 22.48, 22.25, 22.27, 22.25
2026-09-08, 14:11:36, 22.27, 22.5, 22.75, 22.75, 9999.0, 9999.0, 9999.0, 24.02, 9999.0, 22.45, 9999.0, 22.61, 22.48, 22.25, 22.27, 22.25
2026-09-08, 14:11:40, 22.27, 22.5, 22.75, 22.75, 9999.0, 9999.0, 9999.0, 24.05, 9999.0, 22.43, 9999.0, 22.61, 22.48, 22.25, 22.27, 22.25
2026-09-08, 14:11:44, 22.27, 22.5, 22.75, 22.75, 9999.0, 9999.0, 9999.0, 24.0, 9999.0, 22.41, 9999.0, 22.61, 22.48, 22.25, 22.25, 22.25
2026-09-08, 14:11:48, 22.25, 22.5, 22.75, 22.75, 9999.0, 9999.0, 9999.0, 23.95, 9999.0, 22.39, 9999.0, 22.61, 22.48, 22.25, 22.25, 22.25
2026-09-08, 14:11:52, 22.25, 22.5, 22.75, 22.75, 9999.0, 9999.0, 9999.0, 23.91, 9999.0, 22.36, 9999.0, 22.61, 22.48, 22.25, 22.25, 22.25
2026-09-08, 14:11:56, 22.25, 22.48, 22.75, 22.75, 9999.0, 9999.0, 9999.0, 23.89, 9999.0, 22.36, 9999.0, 22.64, 22.48, 22.25, 22.25, 22.25
2026-09-08, 14:12:00, 22.25, 22.48, 22.75, 22.75, 9999.0, 9999.0, 9999.0, 23.84, 9999.0, 22.34, 9999.0, 22.66, 22.48, 22.25, 22.25, 22.25
2026-09-08, 14:12:04, 22.25, 22.48, 22.75, 22.75, 9999.0, 9999.0, 9999.0, 23.82, 9999.0, 22.34, 9999.0, 22.68, 22.48, 22.25, 22.25, 22.25
2026-09-08, 14:12:08, 22.25, 22.48, 22.75, 22.75, 9999.0, 9999.0, 9999.0, 23.77, 9999.0, 22.34, 9999.0, 22.7, 22.5, 22.25, 22.25, 22.25
2026-09-08, 14:12:12, 22.25, 22.48, 22.75, 22.75, 9999.0, 9999.0, 9999.0, 23.73, 9999.0, 22.36, 9999.0, 22.7, 22.5, 22.25, 22.25, 22.25
2026-09-08, 14:12:16, 22.25, 22.48, 22.75, 22.75, 9999.0, 9999.0, 9999.0, 23.75, 9999.0, 22.36, 9999.0, 22.73, 22.5, 22.25, 22.25, 22.25
2026-09-08, 14:12:20, 22.25, 22.48, 22.75, 22.75, 9999.0, 9999.0, 9999.0, 23.77, 9999.0, 22.39, 9999.0, 22.73, 22.5, 22.25, 22.25, 22.25
2026-09-08, 14:12:24, 22.27, 22.48, 22.75, 22.75, 9999.0, 9999.0, 9999.0, 23.8, 9999.0, 22.39, 9999.0, 22.7, 22.5, 22.25, 22.25, 22.25
2026-09-08, 14:12:28, 22.27, 22.48, 22.75, 22.75, 9999.0, 9999.0, 9999.0, 23.82, 9999.0, 22.39, 9999.0, 22.7, 22.5, 22.25, 22.25, 22.25
2026-09-08, 14:12:32, 22.27, 22.48, 22.75, 22.75, 9999.0, 9999.0, 9999.0, 23.84, 9999.0, 22.39, 9999.0, 22.68, 22.5, 22.25, 22.25, 22.25
2026-09-08, 14:12:36, 22.27, 22.48, 22.75, 22.75, 9999.0, 9999.0, 9999.0, 23.86, 9999.0, 22.39, 9999.0, 22.66, 22.5, 22.25, 22.25, 22.25
2026-09-08, 14:12:40, 22.27, 22.5, 22.75, 22.75, 9999.0, 9999.0, 9999.0, 23.89, 9999.0, 22.36, 9999.0, 22.64, 22.5, 22.25, 22.25, 22.25
2026-09-08, 14:12:44, 22.27, 22.5, 22.75, 22.75, 9999.0, 9999.0, 9999.0, 23.93, 9999.0, 22.39, 9999.0, 22.61, 22.5, 22.25, 22.25, 22.25
2026-09-08, 14:12:48, 22.27, 22.5, 22.75, 22.75, 9999.0, 9999.0, 9999.0, 23.95, 9999.0, 22.36, 9999.0, 22.59, 22.5, 22.25, 22.25, 22.25
2026-09-08, 14:12:52, 22.3, 22.5, 22.75, 22.75, 9999.0, 9999.0, 9999.0, 24.0, 9999.0, 22.34, 9999.0, 22.57, 22.5, 22.25, 22.25, 22.25
2026-09-08, 14:12:56, 22.32, 22.5, 22.75, 22.75, 9999.0, 9999.0, 9999.0, 24.02, 9999.0, 22.32, 9999.0, 22.59, 22.5, 22.25, 22.25, 22.25
2026-09-08, 14:13:00, 22.32, 22.5, 22.75, 22.75, 9999.0, 9999.0, 9999.0, 23.98, 9999.0, 22.3, 9999.0, 22.59, 22.5, 22.25, 22.25, 22.25
2026-09-08, 14:13:04, 22.32, 22.5, 22.75, 22.75, 9999.0, 9999.0, 9999.0, 23.93, 9999.0, 22.25, 9999.0, 22.59, 22.5, 22.25, 22.27, 22.27
2026-09-08, 14:13:08, 22.3, 22.5, 22.75, 22.75, 9999.0, 9999.0, 9999.0, 23.91, 9999.0, 22.23, 9999.0, 22.64, 22.5, 22.25, 22.27, 22.27
2026-09-08, 14:13:12, 22.3, 22.5, 22.75, 22.75, 9999.0, 9999.0, 9999.0, 23.89, 9999.0, 22.23, 9999.0, 22.64, 22.5, 22.25, 22.27, 22.27
2026-09-08, 14:13:16, 22.3, 22.5, 22.75, 22.75, 9999.0, 9999.0, 9999.0, 23.84, 9999.0, 22.23, 9999.0, 22.66, 22.5, 22.25, 22.27, 22.27
2026-09-08, 14:13:20, 22.3, 22.5, 22.75, 22.75, 9999.0, 9999.0, 9999.0, 23.8, 9999.0, 22.23, 9999.0, 22.68, 22.5, 22.25, 22.27, 22.27
2026-09-08, 14:13:24, 22.3, 22.5, 22.75, 22.75, 9999.0, 9999.0, 9999.0, 23.75, 9999.0, 22.23, 9999.0, 22.7, 22.5, 22.25, 22.27, 22.27
2026-09-08, 14:13:28, 22.3, 22.5, 22.75, 22.75, 9999.0, 9999.0, 9999.0, 23.7, 9999.0, 22.23, 9999.0, 22.73, 22.5, 22.25, 22.27, 22.27
2026-09-08, 14:13:32, 22.3, 22.5, 22.75, 22.75, 9999.0, 9999.0, 9999.0, 23.66, 9999.0, 22.25, 9999.0, 22.75, 22.5, 22.25, 22.27, 22.27
2026-09-08, 14:13:36, 22.27, 22.5, 22.75, 22.75, 9999.0, 9999.0, 9999.0, 23.66, 9999.0, 22.25, 9999.0, 22.77, 22.5, 22.25, 22.27, 22.27
2026-09-08, 14:13:40, 22.25, 22.5, 22.75, 22.75, 9999.0, 9999.0, 9999.0, 23.68, 9999.0, 22.25, 9999.0, 22.77, 22.5, 22.25, 22.27, 22.27
2026-09-08, 14:13:44, 22.25, 22.5, 22.75, 22.75, 9999.0, 9999.0, 9999.0, 23.7, 9999.0, 22.25, 9999.0, 22.77, 22.5, 22.25, 22.27, 22.27
2026-09-08, 14:13:48, 22.25, 22.5, 22.75, 22.75, 9999.0, 9999.0, 9999.0, 23.73, 9999.0, 22.27, 9999.0, 22.77, 22.5, 22.25, 22.27, 22.25
2026-09-08, 14:13:52, 22.25, 22.48, 22.75, 22.75, 9999.0, 9999.0, 9999.0, 23.75, 9999.0, 22.3, 9999.0, 22.75, 22.5, 22.25, 22.27, 22.25
2026-09-08, 14:13:56, 22.25, 22.48, 22.75, 22.75, 9999.0, 9999.0, 9999.0, 23.77, 9999.0, 22.3, 9999.0, 22.73, 22.5, 22.25, 22.27, 22.25
2026-09-08, 14:14:00, 22.25, 22.48, 22.75, 22.75, 9999.0, 9999.0, 9999.0, 23.8, 9999.0, 22.3, 9999.0, 22.7, 22.5, 22.25, 22.27, 22.25
2026-09-08, 14:14:04, 22.25, 22.45, 22.75, 22.75, 9999.0, 9999.0, 9999.0, 23.82, 9999.0, 22.3, 9999.0, 22.68, 22.5, 22.25, 22.27, 22.25
2026-09-08, 14:14:08, 22.25, 22.43, 22.75, 22.75, 9999.0, 9999.0, 9999.0, 23.84, 9999.0, 22.3, 9999.0, 22.66, 22.5, 22.25, 22.27, 22.25
2026-09-08, 14:14:13, 22.25, 22.41, 22.75, 22.75, 9999.0, 9999.0, 9999.0, 23.86, 9999.0, 22.27, 9999.0, 22.66, 22.48, 22.25, 22.27, 22.25
2026-09-08, 14:14:17, 22.25, 22.41, 22.75, 22.75, 9999.0, 9999.0, 9999.0, 23.86, 9999.0, 22.23, 9999.0, 22.66, 22.45, 22.25, 22.27, 22.25
2026-09-08, 14:14:21, 22.25, 22.41, 22.75, 22.75, 9999.0, 9999.0, 9999.0, 23.82, 9999.0, 22.2, 9999.0, 22.66, 22.45, 22.25, 22.27, 22.25
2026-09-08, 14:14:25, 22.25, 22.41, 22.75, 22.75, 9999.0, 9999.0, 9999.0, 23.77, 9999.0, 22.18, 9999.0, 22.66, 22.45, 22.25, 22.3, 22.25
2026-09-08, 14:14:29, 22.25, 22.39, 22.75, 22.75, 9999.0, 9999.0, 9999.0, 23.75, 9999.0, 22.16, 9999.0, 22.66, 22.45, 22.25, 22.3, 22.25
2026-09-08, 14:14:33, 22.25, 22.39, 22.75, 22.75, 9999.0, 9999.0, 9999.0, 23.73, 9999.0, 22.16, 9999.0, 22.66, 22.45, 22.25, 22.3, 22.25
2026-09-08, 14:14:37, 22.27, 22.41, 22.75, 22.75, 9999.0, 9999.0, 9999.0, 23.68, 9999.0, 22.16, 9999.0, 22.66, 22.45, 22.25, 22.32, 22.25
2026-09-08, 14:14:41, 22.27, 22.41, 22.75, 22.75, 9999.0, 9999.0, 9999.0, 23.64, 9999.0, 22.14, 9999.0, 22.68, 22.45, 22.25, 22.34, 22.25
2026-09-08, 14:14:45, 22.3, 22.41, 22.75, 22.75, 9999.0, 9999.0, 9999.0, 23.61, 9999.0, 22.14, 9999.0, 22.7, 22.45, 22.25, 22.34, 22.25
2026-09-08, 14:14:49, 22.3, 22.43, 22.75, 22.75, 9999.0, 9999.0, 9999.0, 23.59, 9999.0, 22.14, 9999.0, 22.73, 22.45, 22.25, 22.34, 22.25
2026-09-08, 14:14:53, 22.3, 22.45, 22.75, 22.75, 9999.0, 9999.0, 9999.0, 23.57, 9999.0, 22.14, 9999.0, 22.75, 22.45, 22.25, 22.34, 22.25
2026-09-08, 14:14:57, 22.3, 22.48, 22.75, 22.75, 9999.0, 9999.0, 9999.0, 23.61, 9999.0, 22.14, 9999.0, 22.75, 22.48, 22.25, 22.34, 22.25
2026-09-08, 14:15:01, 22.3, 22.48, 22.75, 22.75, 9999.0, 9999.0, 9999.0, 23.66, 9999.0, 22.16, 9999.0, 22.75, 22.5, 22.25, 22.34, 22.25
2026-09-08, 14:15:05, 22.3, 22.48, 22.75, 22.75, 9999.0, 9999.0, 9999.0, 23.7, 9999.0, 22.18, 9999.0, 22.73, 22.5, 22.25, 22.34, 22.25
2026-09-08, 14:15:09, 22.3, 22.48, 22.75, 22.75, 9999.0, 9999.0, 9999.0, 23.73, 9999.0, 22.2, 9999.0, 22.73, 22.5, 22.25, 22.32, 22.25
2026-09-08, 14:15:13, 22.3, 22.5, 22.75, 22.75, 9999.0, 9999.0, 9999.0, 23.73, 9999.0, 22.2, 9999.0, 22.7, 22.5, 22.25, 22.32, 22.25
2026-09-08, 14:15:17, 22.3, 22.5, 22.75, 22.75, 9999.0, 9999.0, 9999.0, 23.73, 9999.0, 22.18, 9999.0, 22.68, 22.5, 22.25, 22.3, 22.25
2026-09-08, 14:15:21, 22.27, 22.5, 22.75, 22.75, 9999.0, 9999.0, 9999.0, 23.75, 9999.0, 22.16, 9999.0, 22.68, 22.5, 22.25, 22.27, 22.25
2026-09-08, 14:15:25, 22.27, 22.5, 22.75, 22.75, 9999.0, 9999.0, 9999.0, 23.77, 9999.0, 22.16, 9999.0, 22.66, 22.5, 22.25, 22.25, 22.25
2026-09-08, 14:15:29, 22.25, 22.5, 22.75, 22.75, 9999.0, 9999.0, 9999.0, 23.77, 9999.0, 22.16, 9999.0, 22.64, 22.5, 22.25, 22.25, 22.27
2026-09-08, 14:15:33, 22.25, 22.5, 22.75, 22.75, 9999.0, 9999.0, 9999.0, 23.8, 9999.0, 22.14, 9999.0, 22.64, 22.5, 22.25, 22.25, 22.27
2026-09-08, 14:15:37, 22.25, 22.5, 22.75, 22.75, 9999.0, 9999.0, 9999.0, 23.8, 9999.0, 22.14, 9999.0, 22.64, 22.5, 22.25, 22.25, 22.27
2026-09-08, 14:15:41, 22.25, 22.5, 22.75, 22.75, 9999.0, 9999.0, 9999.0, 23.75, 9999.0, 22.14, 9999.0, 22.64, 22.5, 22.25, 22.25, 22.27
2026-09-08, 14:15:45, 22.25, 22.5, 22.75, 22.75, 9999.0, 9999.0, 9999.0, 23.7, 9999.0, 22.11, 9999.0, 22.64, 22.5, 22.25, 22.25, 22.27
2026-09-08, 14:15:49, 22.25, 22.5, 22.75, 22.75, 9999.0, 9999.0, 9999.0, 23.66, 9999.0, 22.09, 9999.0, 22.68, 22.5, 22.25, 22.25, 22.27
2026-09-08, 14:15:53, 22.25, 22.5, 22.75, 22.75, 9999.0, 9999.0, 9999.0, 23.64, 9999.0, 22.09, 9999.0, 22.68, 22.5, 22.25, 22.27, 22.27
2026-09-08, 14:15:57, 22.25, 22.5, 22.75, 22.75, 9999.0, 9999.0, 9999.0, 23.61, 9999.0, 22.11, 9999.0, 22.7, 22.5, 22.25, 22.27, 22.27
2026-09-08, 14:16:01, 22.25, 22.5, 22.75, 22.75, 9999.0, 9999.0, 9999.0, 23.59, 9999.0, 22.14, 9999.0, 22.73, 22.5, 22.25, 22.27, 22.27
2026-09-08, 14:16:05, 22.25, 22.5, 22.75, 22.75, 9999.0, 9999.0, 9999.0, 23.57, 9999.0, 22.18, 9999.0, 22.73, 22.5, 22.25, 22.3, 22.27
2026-09-08, 14:16:09, 22.25, 22.5, 22.75, 22.75, 9999.0, 9999.0, 9999.0, 23.55, 9999.0, 22.23, 9999.0, 22.75, 22.5, 22.25, 22.3, 22.3
2026-09-08, 14:16:13, 22.25, 22.5, 22.75, 22.75, 9999.0, 9999.0, 9999.0, 23.61, 9999.0, 22.23, 9999.0, 22.77, 22.5, 22.25, 22.3, 22.27
2026-09-08, 14:16:17, 22.27, 22.5, 22.75, 22.75, 9999.0, 9999.0, 9999.0, 23.66, 9999.0, 22.25, 9999.0, 22.77, 22.5, 22.25, 22.3, 22.27
2026-09-08, 14:16:21, 22.27, 22.5, 22.75, 22.75, 9999.0, 9999.0, 9999.0, 23.7, 9999.0, 22.25, 9999.0, 22.77, 22.5, 22.25, 22.3, 22.27
2026-09-08, 14:16:25, 22.3, 22.5, 22.75, 22.75, 9999.0, 9999.0, 9999.0, 23.73, 9999.0, 22.25, 9999.0, 22.77, 22.5, 22.25, 22.3, 22.27
2026-09-08, 14:16:29, 22.3, 22.5, 22.75, 22.75, 9999.0, 9999.0, 9999.0, 23.77, 9999.0, 22.25, 9999.0, 22.77, 22.5, 22.25, 22.3, 22.27
2026-09-08, 14:16:33, 22.3, 22.5, 22.75, 22.75, 9999.0, 9999.0, 9999.0, 23.82, 9999.0, 22.25, 9999.0, 22.73, 22.5, 22.25, 22.3, 22.27
2026-09-08, 14:16:37, 22.32, 22.5, 22.75, 22.75, 9999.0, 9999.0, 9999.0, 23.84, 9999.0, 22.23, 9999.0, 22.73, 22.5, 22.25, 22.27, 22.27
2026-09-08, 14:16:41, 22.32, 22.5, 22.75, 22.75, 9999.0, 9999.0, 9999.0, 23.86, 9999.0, 22.2, 9999.0, 22.7, 22.5, 22.25, 22.27, 22.27
2026-09-08, 14:16:45, 22.32, 22.5, 22.75, 22.75, 9999.0, 9999.0, 9999.0, 23.89, 9999.0, 22.18, 9999.0, 22.7, 22.5, 22.25, 22.27, 22.27
2026-09-08, 14:16:49, 22.32, 22.5, 22.75, 22.75, 9999.0, 9999.0, 9999.0, 23.91, 9999.0, 22.14, 9999.0, 22.68, 22.5, 22.25, 22.25, 22.27
2026-09-08, 14:16:53, 22.34, 22.5, 22.75, 22.75, 9999.0, 9999.0, 9999.0, 23.93, 9999.0, 22.09, 9999.0, 22.68, 22.5, 22.25, 22.25, 22.25
2026-09-08, 14:16:57, 22.36, 22.5, 22.75, 22.75, 9999.0, 9999.0, 9999.0, 23.86, 9999.0, 22.07, 9999.0, 22.68, 22.5, 22.25, 22.25, 22.25
2026-09-08, 14:17:01, 22.36, 22.5, 22.75, 22.75, 9999.0, 9999.0, 9999.0, 23.8, 9999.0, 22.05, 9999.0, 22.68, 22.5, 22.25, 22.27, 22.25
2026-09-08, 14:17:05, 22.39, 22.5, 22.75, 22.75, 9999.0, 9999.0, 9999.0, 23.75, 9999.0, 22.0, 9999.0, 22.68, 22.5, 22.25, 22.27, 22.25
2026-09-08, 14:17:09, 22.39, 22.5, 22.75, 22.75, 9999.0, 9999.0, 9999.0, 23.7, 9999.0, 21.98, 9999.0, 22.68, 22.5, 22.25, 22.27, 22.27
2026-09-08, 14:17:13, 22.39, 22.5, 22.75, 22.75, 9999.0, 9999.0, 9999.0, 23.66, 9999.0, 22.0, 9999.0, 22.68, 22.5, 22.25, 22.27, 22.27
2026-09-08, 14:17:17, 22.39, 22.5, 22.75, 22.75, 9999.0, 9999.0, 9999.0, 23.59, 9999.0, 22.02, 9999.0, 22.7, 22.5, 22.25, 22.27, 22.3
2026-09-08, 14:17:21, 22.36, 22.5, 22.75, 22.75, 9999.0, 9999.0, 9999.0, 23.55, 9999.0, 22.05, 9999.0, 22.7, 22.5, 22.25, 22.3, 22.32
2026-09-08, 14:17:25, 22.36, 22.5, 22.75, 22.75, 9999.0, 9999.0, 9999.0, 23.52, 9999.0, 22.09, 9999.0, 22.73, 22.5, 22.25, 22.3, 22.32
2026-09-08, 14:17:29, 22.36, 22.5, 22.75, 22.75, 9999.0, 9999.0, 9999.0, 23.48, 9999.0, 22.14, 9999.0, 22.73, 22.5, 22.25, 22.3, 22.32
2026-09-08, 14:17:33, 22.36, 22.5, 22.75, 22.75, 9999.0, 9999.0, 9999.0, 23.5, 9999.0, 22.18, 9999.0, 22.75, 22.5, 22.25, 22.32, 22.32
2026-09-08, 14:17:37, 22.34, 22.5, 22.75, 22.75, 9999.0, 9999.0, 9999.0, 23.52, 9999.0, 22.2, 9999.0, 22.75, 22.5, 22.25, 22.32, 22.32
2026-09-08, 14:17:41, 22.32, 22.5, 22.75, 22.75, 9999.0, 9999.0, 9999.0, 23.57, 9999.0, 22.23, 9999.0, 22.75, 22.5, 22.25, 22.32, 22.34
2026-09-08, 14:17:45, 22.3, 22.5, 22.75, 22.75, 9999.0, 9999.0, 9999.0, 23.61, 9999.0, 22.25, 9999.0, 22.75, 22.5, 22.25, 22.3, 22.34
2026-09-08, 14:17:49, 22.3, 22.5, 22.75, 22.75, 9999.0, 9999.0, 9999.0, 23.66, 9999.0, 22.27, 9999.0, 22.73, 22.5, 22.25, 22.3, 22.34
2026-09-08, 14:17:53, 22.3, 22.5, 22.75, 22.75, 9999.0, 9999.0, 9999.0, 23.68, 9999.0, 22.27, 9999.0, 22.7, 22.5, 22.25, 22.3, 22.34
2026-09-08, 14:17:57, 22.3, 22.5, 22.75, 22.75, 9999.0, 9999.0, 9999.0, 23.7, 9999.0, 22.25, 9999.0, 22.68, 22.5, 22.25, 22.3, 22.36
2026-09-08, 14:18:01, 22.3, 22.5, 22.75, 22.75, 9999.0, 9999.0, 9999.0, 23.75, 9999.0, 22.23, 9999.0, 22.66, 22.5, 22.25, 22.3, 22.34
2026-09-08, 14:18:06, 22.3, 22.5, 22.75, 22.75, 9999.0, 9999.0, 9999.0, 23.8, 9999.0, 22.2, 9999.0, 22.64, 22.5, 22.25, 22.27, 22.32
2026-09-08, 14:18:10, 22.32, 22.5, 22.75, 22.75, 9999.0, 9999.0, 9999.0, 23.82, 9999.0, 22.16, 9999.0, 22.64, 22.5, 22.25, 22.27, 22.32
2026-09-08, 14:18:14, 22.32, 22.5, 22.75, 22.75, 9999.0, 9999.0, 9999.0, 23.86, 9999.0, 22.11, 9999.0, 22.64, 22.5, 22.25, 22.27, 22.32
2026-09-08, 14:18:18, 22.32, 22.5, 22.75, 22.75, 9999.0, 9999.0, 9999.0, 23.84, 9999.0, 22.07, 9999.0, 22.64, 22.5, 22.25, 22.25, 22.34
2026-09-08, 14:18:22, 22.32, 22.5, 22.75, 22.75, 9999.0, 9999.0, 9999.0, 23.82, 9999.0, 22.07, 9999.0, 22.64, 22.5, 22.25, 22.27, 22.34
2026-09-08, 14:18:26, 22.32, 22.5, 22.75, 22.75, 9999.0, 9999.0, 9999.0, 23.77, 9999.0, 22.05, 9999.0, 22.64, 22.5, 22.25, 22.27, 22.32
2026-09-08, 14:18:30, 22.32, 22.5, 22.75, 22.75, 9999.0, 9999.0, 9999.0, 23.73, 9999.0, 22.02, 9999.0, 22.64, 22.5, 22.25, 22.3, 22.32
2026-09-08, 14:18:34, 22.3, 22.5, 22.75, 22.75, 9999.0, 9999.0, 9999.0, 23.68, 9999.0, 22.05, 9999.0, 22.66, 22.5, 22.25, 22.3, 22.34
2026-09-08, 14:18:38, 22.27, 22.5, 22.75, 22.75, 9999.0, 9999.0, 9999.0, 23.66, 9999.0, 22.07, 9999.0, 22.68, 22.5, 22.25, 22.32, 22.32
2026-09-08, 14:18:42, 22.27, 22.5, 22.75, 22.75, 9999.0, 9999.0, 9999.0, 23.64, 9999.0, 22.11, 9999.0, 22.7, 22.5, 22.25, 22.32, 22.3
2026-09-08, 14:18:46, 22.3, 22.5, 22.75, 22.75, 9999.0, 9999.0, 9999.0, 23.59, 9999.0, 22.16, 9999.0, 22.73, 22.5, 22.25, 22.32, 22.32
2026-09-08, 14:18:50, 22.3, 22.5, 22.75, 22.75, 9999.0, 9999.0, 9999.0, 23.57, 9999.0, 22.2, 9999.0, 22.75, 22.5, 22.25, 22.32, 22.34
2026-09-08, 14:18:54, 22.3, 22.5, 22.75, 22.75, 9999.0, 9999.0, 9999.0, 23.59, 9999.0, 22.25, 9999.0, 22.75, 22.5, 22.25, 22.32, 22.34
2026-09-08, 14:18:58, 22.3, 22.48, 22.75, 22.75, 9999.0, 9999.0, 9999.0, 23.61, 9999.0, 22.27, 9999.0, 22.75, 22.5, 22.25, 22.32, 22.34
2026-09-08, 14:19:02, 22.3, 22.48, 22.75, 22.75, 9999.0, 9999.0, 9999.0, 23.64, 9999.0, 22.3, 9999.0, 22.75, 22.5, 22.25, 22.32, 22.32
2026-09-08, 14:19:06, 22.3, 22.48, 22.75, 22.75, 9999.0, 9999.0, 9999.0, 23.66, 9999.0, 22.3, 9999.0, 22.75, 22.5, 22.25, 22.3, 22.32
2026-09-08, 14:19:10, 22.3, 22.48, 22.75, 22.75, 9999.0, 9999.0, 9999.0, 23.7, 9999.0, 22.32, 9999.0, 22.75, 22.5, 22.25, 22.3, 22.32
2026-09-08, 14:19:14, 22.3, 22.48, 22.75, 22.75, 9999.0, 9999.0, 9999.0, 23.75, 9999.0, 22.34, 9999.0, 22.75, 22.5, 22.25, 22.27, 22.32
2026-09-08, 14:19:18, 22.3, 22.48, 22.75, 22.75, 9999.0, 9999.0, 9999.0, 23.77, 9999.0, 22.36, 9999.0, 22.73, 22.5, 22.25, 22.27, 22.3
2026-09-08, 14:19:22, 22.3, 22.48, 22.75, 22.75, 9999.0, 9999.0, 9999.0, 23.8, 9999.0, 22.36, 9999.0, 22.7, 22.5, 22.25, 22.25, 22.3
2026-09-08, 14:19:26, 22.32, 22.48, 22.75, 22.75, 9999.0, 9999.0, 9999.0, 23.82, 9999.0, 22.34, 9999.0, 22.68, 22.5, 22.25, 22.25, 22.3
2026-09-08, 14:19:30, 22.3, 22.48, 22.75, 22.75, 9999.0, 9999.0, 9999.0, 23.86, 9999.0, 22.32, 9999.0, 22.68, 22.5, 22.25, 22.25, 22.3
2026-09-08, 14:19:34, 22.3, 22.48, 22.75, 22.75, 9999.0, 9999.0, 9999.0, 23.89, 9999.0, 22.3, 9999.0, 22.68, 22.5, 22.25, 22.25, 22.27
2026-09-08, 14:19:38, 22.3, 22.48, 22.75, 22.75, 9999.0, 9999.0, 9999.0, 23.84, 9999.0, 22.27, 9999.0, 22.68, 22.5, 22.25, 22.25, 22.27
2026-09-08, 14:19:42, 22.3, 22.5, 22.75, 22.75, 9999.0, 9999.0, 9999.0, 23.82, 9999.0, 22.27, 9999.0, 22.7, 22.5, 22.25, 22.25, 22.27
2026-09-08, 14:19:46, 22.3, 22.5, 22.75, 22.75, 9999.0, 9999.0, 9999.0, 23.77, 9999.0, 22.27, 9999.0, 22.7, 22.5, 22.25, 22.25, 22.27
2026-09-08, 14:19:50, 22.3, 22.48, 22.75, 22.75, 9999.0, 9999.0, 9999.0, 23.73, 9999.0, 22.27, 9999.0, 22.7, 22.5, 22.25, 22.27, 22.3
2026-09-08, 14:19:54, 22.3, 22.48, 22.75, 22.75, 9999.0, 9999.0, 9999.0, 23.68, 9999.0, 22.3, 9999.0, 22.7, 22.5, 22.25, 22.3, 22.3
2026-09-08, 14:19:58, 22.3, 22.48, 22.75, 22.75, 9999.0, 9999.0, 9999.0, 23.64, 9999.0, 22.3, 9999.0, 22.7, 22.5, 22.25, 22.32, 22.3
2026-09-08, 14:20:02, 22.3, 22.48, 22.75, 22.75, 9999.0, 9999.0, 9999.0, 23.61, 9999.0, 22.3, 9999.0, 22.73, 22.5, 22.25, 22.32, 22.3
2026-09-08, 14:20:06, 22.3, 22.48, 22.75, 22.75, 9999.0, 9999.0, 9999.0, 23.59, 9999.0, 22.32, 9999.0, 22.75, 22.5, 22.25, 22.32, 22.3
2026-09-08, 14:20:10, 22.27, 22.48, 22.75, 22.75, 9999.0, 9999.0, 9999.0, 23.57, 9999.0, 22.34, 9999.0, 22.77, 22.5, 22.25, 22.32, 22.32
2026-09-08, 14:20:14, 22.27, 22.48, 22.75, 22.75, 9999.0, 9999.0, 9999.0, 23.61, 9999.0, 22.36, 9999.0, 22.77, 22.5, 22.25, 22.32, 22.3
2026-09-08, 14:20:18, 22.3, 22.48, 22.75, 22.75, 9999.0, 9999.0, 9999.0, 23.64, 9999.0, 22.39, 9999.0, 22.77, 22.5, 22.25, 22.34, 22.32
2026-09-08, 14:20:22, 22.27, 22.48, 22.75, 22.75, 9999.0, 9999.0, 9999.0, 23.68, 9999.0, 22.41, 9999.0, 22.77, 22.5, 22.25, 22.34, 22.34
2026-09-08, 14:20:26, 22.27, 22.48, 22.75, 22.75, 9999.0, 9999.0, 9999.0, 23.7, 9999.0, 22.43, 9999.0, 22.75, 22.5, 22.25, 22.34, 22.36
2026-09-08, 14:20:30, 22.27, 22.48, 22.75, 22.75, 9999.0, 9999.0, 9999.0, 23.73, 9999.0, 22.45, 9999.0, 22.75, 22.5, 22.25, 22.34, 22.39
2026-09-08, 14:20:34, 22.27, 22.5, 22.75, 22.75, 9999.0, 9999.0, 9999.0, 23.75, 9999.0, 22.45, 9999.0, 22.73, 22.5, 22.25, 22.34, 22.36
2026-09-08, 14:20:38, 22.27, 22.5, 22.75, 22.75, 9999.0, 9999.0, 9999.0, 23.77, 9999.0, 22.43, 9999.0, 22.7, 22.5, 22.25, 22.34, 22.36
2026-09-08, 14:20:42, 22.27, 22.5, 22.75, 22.75, 9999.0, 9999.0, 9999.0, 23.8, 9999.0, 22.43, 9999.0, 22.68, 22.5, 22.25, 22.32, 22.36
2026-09-08, 14:20:46, 22.27, 22.5, 22.75, 22.75, 9999.0, 9999.0, 9999.0, 23.82, 9999.0, 22.41, 9999.0, 22.66, 22.5, 22.25, 22.32, 22.36
2026-09-08, 14:20:50, 22.27, 22.5, 22.75, 22.75, 9999.0, 9999.0, 9999.0, 23.84, 9999.0, 22.39, 9999.0, 22.66, 22.5, 22.25, 22.32, 22.36
2026-09-08, 14:20:54, 22.27, 22.5, 22.75, 22.75, 9999.0, 9999.0, 9999.0, 23.86, 9999.0, 22.36, 9999.0, 22.66, 22.5, 22.25, 22.34, 22.36
2026-09-08, 14:20:58, 22.27, 22.5, 22.75, 22.75, 9999.0, 9999.0, 9999.0, 23.82, 9999.0, 22.34, 9999.0, 22.66, 22.5, 22.25, 22.36, 22.36
2026-09-08, 14:21:02, 22.27, 22.5, 22.75, 22.75, 9999.0, 9999.0, 9999.0, 23.8, 9999.0, 22.32, 9999.0, 22.66, 22.5, 22.25, 22.34, 22.34
2026-09-08, 14:21:06, 22.27, 22.5, 22.75, 22.75, 9999.0, 9999.0, 9999.0, 23.77, 9999.0, 22.3, 9999.0, 22.66, 22.5, 22.25, 22.34, 22.32
2026-09-08, 14:21:10, 22.27, 22.48, 22.75, 22.75, 9999.0, 9999.0, 9999.0, 23.75, 9999.0, 22.3, 9999.0, 22.66, 22.5, 22.25, 22.36, 22.3
2026-09-08, 14:21:14, 22.27, 22.48, 22.75, 22.75, 9999.0, 9999.0, 9999.0, 23.73, 9999.0, 22.3, 9999.0, 22.66, 22.5, 22.25, 22.36, 22.27
2026-09-08, 14:21:18, 22.27, 22.48, 22.75, 22.75, 9999.0, 9999.0, 9999.0, 23.7, 9999.0, 22.32, 9999.0, 22.68, 22.5, 22.25, 22.34, 22.3
2026-09-08, 14:21:22, 22.3, 22.48, 22.75, 22.75, 9999.0, 9999.0, 9999.0, 23.68, 9999.0, 22.36, 9999.0, 22.7, 22.5, 22.25, 22.34, 22.3
2026-09-08, 14:21:26, 22.3, 22.48, 22.75, 22.75, 9999.0, 9999.0, 9999.0, 23.66, 9999.0, 22.39, 9999.0, 22.73, 22.5, 22.25, 22.34, 22.32
2026-09-08, 14:21:30, 22.3, 22.48, 22.75, 22.75, 9999.0, 9999.0, 9999.0, 23.64, 9999.0, 22.41, 9999.0, 22.75, 22.5, 22.25, 22.34, 22.34
2026-09-08, 14:21:34, 22.3, 22.48, 22.75, 22.75, 9999.0, 9999.0, 9999.0, 23.68, 9999.0, 22.43, 9999.0, 22.75, 22.5, 22.25, 22.34, 22.36
2026-09-08, 14:21:38, 22.3, 22.48, 22.75, 22.75, 9999.0, 9999.0, 9999.0, 23.73, 9999.0, 22.45, 9999.0, 22.75, 22.5, 22.27, 22.32, 22.36
2026-09-08, 14:21:42, 22.3, 22.48, 22.75, 22.75, 9999.0, 9999.0, 9999.0, 23.77, 9999.0, 22.48, 9999.0, 22.73, 22.5, 22.27, 22.3, 22.39
2026-09-08, 14:21:46, 22.27, 22.48, 22.75, 22.75, 9999.0, 9999.0, 9999.0, 23.8, 9999.0, 22.5, 9999.0, 22.7, 22.5, 22.27, 22.32, 22.39
2026-09-08, 14:21:50, 22.27, 22.48, 22.75, 22.75, 9999.0, 9999.0, 9999.0, 23.82, 9999.0, 22.52, 9999.0, 22.68, 22.5, 22.27, 22.32, 22.39
2026-09-08, 14:22:03, 22.27, 22.5, 22.75, 22.75, 9999.0, 9999.0, 9999.0, 23.8, 9999.0, 22.55, 9999.0, 22.68, 22.5, 22.27, 22.3, 22.39
2026-09-08, 14:22:11, 22.27, 22.5, 22.75, 22.75, 9999.0, 9999.0, 9999.0, 23.8, 9999.0, 22.57, 9999.0, 22.68, 22.5, 22.27, 22.3, 22.39
2026-09-08, 14:22:15, 22.27, 22.5, 22.75, 22.75, 9999.0, 9999.0, 9999.0, 23.8, 9999.0, 22.59, 9999.0, 22.68, 22.5, 22.27, 22.3, 22.39
2026-09-08, 14:22:19, 22.25, 22.5, 22.75, 22.75, 9999.0, 9999.0, 9999.0, 23.8, 9999.0, 22.59, 9999.0, 22.68, 22.5, 22.27, 22.3, 22.39
2026-09-08, 14:22:23, 22.25, 22.5, 22.75, 22.75, 9999.0, 9999.0, 9999.0, 23.86, 9999.0, 22.61, 9999.0, 22.68, 22.5, 22.27, 22.3, 22.39
2026-09-08, 14:22:27, 22.25, 22.5, 22.75, 22.75, 9999.0, 9999.0, 9999.0, 23.93, 9999.0, 22.64, 9999.0, 22.68, 22.5, 22.27, 22.3, 22.36
2026-09-08, 14:22:31, 22.25, 22.5, 22.75, 22.75, 9999.0, 9999.0, 9999.0, 23.93, 9999.0, 22.66, 9999.0, 22.68, 22.5, 22.27, 22.3, 22.34
2026-09-08, 14:22:35, 22.25, 22.5, 22.75, 22.75, 9999.0, 9999.0, 9999.0, 23.93, 9999.0, 22.68, 9999.0, 22.68, 22.5, 22.25, 22.32, 22.32
2026-09-08, 14:22:39, 22.25, 22.5, 22.75, 22.75, 9999.0, 9999.0, 9999.0, 23.91, 9999.0, 22.7, 9999.0, 22.7, 22.5, 22.25, 22.34, 22.3
2026-09-08, 14:22:43, 22.25, 22.5, 22.75, 22.75, 9999.0, 9999.0, 9999.0, 23.91, 9999.0, 22.73, 9999.0, 22.73, 22.48, 22.25, 22.32, 22.3
2026-09-08, 14:22:47, 22.25, 22.5, 22.75, 22.75, 9999.0, 9999.0, 9999.0, 23.91, 9999.0, 22.75, 9999.0, 22.73, 22.48, 22.25, 22.32, 22.3
2026-09-08, 14:22:51, 22.25, 22.5, 22.75, 22.75, 9999.0, 9999.0, 9999.0, 23.95, 9999.0, 22.73, 9999.0, 22.7, 22.48, 22.25, 22.32, 22.3
2026-09-08, 14:22:55, 22.25, 22.5, 22.75, 22.75, 9999.0, 9999.0, 9999.0, 24.0, 9999.0, 22.73, 9999.0, 22.68, 22.45, 22.25, 22.32, 22.3
2026-09-08, 14:22:59, 22.25, 22.5, 22.75, 22.75, 9999.0, 9999.0, 9999.0, 24.05, 9999.0, 22.73, 9999.0, 22.66, 22.45, 22.25, 22.32, 22.27
2026-09-08, 14:23:03, 22.25, 22.5, 22.75, 22.75, 9999.0, 9999.0, 9999.0, 24.09, 9999.0, 22.7, 9999.0, 22.66, 22.43, 22.25, 22.3, 22.27
2026-09-08, 14:23:07, 22.25, 22.5, 22.75, 22.75, 9999.0, 9999.0, 9999.0, 24.07, 9999.0, 22.68, 9999.0, 22.66, 22.43, 22.25, 22.3, 22.25
2026-09-08, 14:23:11, 22.25, 22.5, 22.75, 22.75, 9999.0, 9999.0, 9999.0, 24.02, 9999.0, 22.66, 9999.0, 22.66, 22.43, 22.25, 22.32, 22.25
2026-09-08, 14:23:15, 22.27, 22.5, 22.75, 22.75, 9999.0, 9999.0, 9999.0, 23.98, 9999.0, 22.64, 9999.0, 22.68, 22.43, 22.25, 22.32, 22.25
2026-09-08, 14:23:19, 22.27, 22.5, 22.75, 22.75, 9999.0, 9999.0, 9999.0, 23.93, 9999.0, 22.64, 9999.0, 22.68, 22.43, 22.25, 22.3, 22.25
2026-09-08, 14:23:23, 22.3, 22.5, 22.75, 22.75, 9999.0, 9999.0, 9999.0, 23.91, 9999.0, 22.64, 9999.0, 22.68, 22.43, 22.25, 22.3, 22.25
2026-09-08, 14:23:27, 22.3, 22.5, 22.75, 22.75, 9999.0, 9999.0, 9999.0, 23.89, 9999.0, 22.64, 9999.0, 22.68, 22.45, 22.25, 22.3, 22.25
2026-09-08, 14:23:31, 22.3, 22.5, 22.75, 22.75, 9999.0, 9999.0, 9999.0, 23.86, 9999.0, 22.64, 9999.0, 22.7, 22.45, 22.25, 22.3, 22.25
2026-09-08, 14:23:35, 22.3, 22.5, 22.75, 22.75, 9999.0, 9999.0, 9999.0, 23.82, 9999.0, 22.68, 9999.0, 22.73, 22.45, 22.25, 22.32, 22.25
2026-09-08, 14:23:39, 22.3, 22.5, 22.75, 22.75, 9999.0, 9999.0, 9999.0, 23.77, 9999.0, 22.7, 9999.0, 22.75, 22.48, 22.25, 22.32, 22.25
2026-09-08, 14:23:43, 22.32, 22.5, 22.75, 22.75, 9999.0, 9999.0, 9999.0, 23.8, 9999.0, 22.7, 9999.0, 22.77, 22.48, 22.25, 22.32, 22.25
2026-09-08, 14:23:47, 22.32, 22.5, 22.75, 22.75, 9999.0, 9999.0, 9999.0, 23.82, 9999.0, 22.73, 9999.0, 22.77, 22.5, 22.25, 22.32, 22.25
2026-09-08, 14:23:51, 22.32, 22.5, 22.75, 22.75, 9999.0, 9999.0, 9999.0, 23.84, 9999.0, 22.75, 9999.0, 22.77, 22.5, 22.25, 22.34, 22.25
2026-09-08, 14:23:55, 22.32, 22.5, 22.75, 22.75, 9999.0, 9999.0, 9999.0, 23.89, 9999.0, 22.77, 9999.0, 22.77, 22.5, 22.25, 22.32, 22.25
2026-09-08, 14:23:59, 22.3, 22.5, 22.75, 22.75, 9999.0, 9999.0, 9999.0, 23.93, 9999.0, 22.8, 9999.0, 22.75, 22.5, 22.25, 22.32, 22.25
2026-09-08, 14:24:03, 22.3, 22.5, 22.75, 22.75, 9999.0, 9999.0, 9999.0, 23.95, 9999.0, 22.8, 9999.0, 22.73, 22.5, 22.25, 22.32, 22.25
2026-09-08, 14:24:07, 22.27, 22.5, 22.75, 22.75, 9999.0, 9999.0, 9999.0, 23.98, 9999.0, 22.8, 9999.0, 22.73, 22.5, 22.25, 22.3, 22.25
2026-09-08, 14:24:11, 22.27, 22.5, 22.75, 22.75, 9999.0, 9999.0, 9999.0, 24.0, 9999.0, 22.8, 9999.0, 22.7, 22.5, 22.25, 22.32, 22.25
2026-09-08, 14:24:15, 22.27, 22.5, 22.75, 22.75, 9999.0, 9999.0, 9999.0, 24.02, 9999.0, 22.8, 9999.0, 22.68, 22.5, 22.25, 22.32, 22.25
2026-09-08, 14:24:19, 22.27, 22.5, 22.75, 22.75, 9999.0, 9999.0, 9999.0, 24.07, 9999.0, 22.77, 9999.0, 22.68, 22.5, 22.25, 22.3, 22.25
2026-09-08, 14:24:23, 22.27, 22.5, 22.75, 22.75, 9999.0, 9999.0, 9999.0, 24.11, 9999.0, 22.75, 9999.0, 22.68, 22.5, 22.25, 22.3, 22.25
2026-09-08, 14:24:27, 22.25, 22.48, 22.75, 22.75, 9999.0, 9999.0, 9999.0, 24.09, 9999.0, 22.75, 9999.0, 22.68, 22.48, 22.25, 22.3, 22.25
2026-09-08, 14:24:31, 22.25, 22.48, 22.75, 22.75, 9999.0, 9999.0, 9999.0, 24.07, 9999.0, 22.73, 9999.0, 22.68, 22.48, 22.25, 22.3, 22.25
2026-09-08, 14:24:35, 22.25, 22.48, 22.75, 22.75, 9999.0, 9999.0, 9999.0, 24.05, 9999.0, 22.7, 9999.0, 22.68, 22.48, 22.25, 22.27, 22.27
2026-09-08, 14:24:39, 22.25, 22.48, 22.75, 22.75, 9999.0, 9999.0, 9999.0, 24.0, 9999.0, 22.68, 9999.0, 22.68, 22.48, 22.25, 22.27, 22.27
2026-09-08, 14:24:43, 22.25, 22.48, 22.75, 22.75, 9999.0, 9999.0, 9999.0, 23.95, 9999.0, 22.68, 9999.0, 22.68, 22.48, 22.25, 22.27, 22.27
2026-09-08, 14:24:47, 22.25, 22.48, 22.75, 22.75, 9999.0, 9999.0, 9999.0, 23.93, 9999.0, 22.68, 9999.0, 22.7, 22.48, 22.25, 22.3, 22.27
2026-09-08, 14:24:51, 22.25, 22.48, 22.75, 22.75, 9999.0, 9999.0, 9999.0, 23.91, 9999.0, 22.7, 9999.0, 22.7, 22.48, 22.25, 22.3, 22.27
2026-09-08, 14:24:55, 22.25, 22.48, 22.75, 22.75, 9999.0, 9999.0, 9999.0, 23.89, 9999.0, 22.73, 9999.0, 22.73, 22.48, 22.25, 22.27, 22.27
2026-09-08, 14:24:59, 22.25, 22.48, 22.75, 22.75, 9999.0, 9999.0, 9999.0, 23.86, 9999.0, 22.73, 9999.0, 22.75, 22.48, 22.25, 22.3, 22.27
2026-09-08, 14:25:03, 22.27, 22.48, 22.75, 22.75, 9999.0, 9999.0, 9999.0, 23.91, 9999.0, 22.73, 9999.0, 22.75, 22.48, 22.25, 22.3, 22.27
2026-09-08, 14:25:07, 22.27, 22.48, 22.75, 22.75, 9999.0, 9999.0, 9999.0, 23.93, 9999.0, 22.73, 9999.0, 22.75, 22.48, 22.25, 22.3, 22.27
2026-09-08, 14:25:11, 22.27, 22.5, 22.75, 22.75, 9999.0, 9999.0, 9999.0, 23.95, 9999.0, 22.73, 9999.0, 22.73, 22.5, 22.25, 22.3, 22.27
2026-09-08, 14:25:15, 22.27, 22.5, 22.75, 22.75, 9999.0, 9999.0, 9999.0, 23.98, 9999.0, 22.75, 9999.0, 22.73, 22.5, 22.25, 22.3, 22.27
2026-09-08, 14:25:19, 22.27, 22.5, 22.75, 22.75, 9999.0, 9999.0, 9999.0, 24.0, 9999.0, 22.77, 9999.0, 22.7, 22.5, 22.25, 22.32, 22.25
2026-09-08, 14:25:23, 22.3, 22.5, 22.75, 22.75, 9999.0, 9999.0, 9999.0, 24.02, 9999.0, 22.8, 9999.0, 22.68, 22.5, 22.25, 22.32, 22.25
2026-09-08, 14:25:27, 22.3, 22.5, 22.75, 22.75, 9999.0, 9999.0, 9999.0, 24.05, 9999.0, 22.8, 9999.0, 22.66, 22.5, 22.25, 22.32, 22.25
2026-09-08, 14:25:31, 22.3, 22.5, 22.75, 22.75, 9999.0, 9999.0, 9999.0, 24.07, 9999.0, 22.8, 9999.0, 22.64, 22.5, 22.25, 22.3, 22.25
2026-09-08, 14:25:35, 22.3, 22.5, 22.75, 22.75, 9999.0, 9999.0, 9999.0, 24.09, 9999.0, 22.77, 9999.0, 22.61, 22.5, 22.25, 22.3, 22.25
2026-09-08, 14:25:39, 22.3, 22.5, 22.75, 22.75, 9999.0, 9999.0, 9999.0, 24.11, 9999.0, 22.75, 9999.0, 22.61, 22.5, 22.25, 22.32, 22.25
2026-09-08, 14:25:43, 22.32, 22.48, 22.75, 22.75, 9999.0, 9999.0, 9999.0, 24.14, 9999.0, 22.75, 9999.0, 22.61, 22.48, 22.25, 22.32, 22.25
2026-09-08, 14:25:47, 22.3, 22.45, 22.75, 22.75, 9999.0, 9999.0, 9999.0, 24.09, 9999.0, 22.75, 9999.0, 22.61, 22.48, 22.25, 22.32, 22.25
2026-09-08, 14:25:51, 22.3, 22.43, 22.75, 22.75, 9999.0, 9999.0, 9999.0, 24.07, 9999.0, 22.75, 9999.0, 22.61, 22.48, 22.25, 22.34, 22.25
2026-09-08, 14:25:56, 22.3, 22.43, 22.75, 22.75, 9999.0, 9999.0, 9999.0, 24.02, 9999.0, 22.73, 9999.0, 22.64, 22.48, 22.25, 22.34, 22.25
2026-09-08, 14:26:00, 22.3, 22.43, 22.75, 22.75, 9999.0, 9999.0, 9999.0, 23.98, 9999.0, 22.73, 9999.0, 22.64, 22.48, 22.25, 22.34, 22.25
2026-09-08, 14:26:04, 22.3, 22.43, 22.75, 22.75, 9999.0, 9999.0, 9999.0, 23.93, 9999.0, 22.73, 9999.0, 22.66, 22.48, 22.25, 22.32, 22.25
2026-09-08, 14:26:08, 22.27, 22.43, 22.75, 22.75, 9999.0, 9999.0, 9999.0, 23.91, 9999.0, 22.73, 9999.0, 22.68, 22.48, 22.25, 22.32, 22.25
2026-09-08, 14:26:12, 22.27, 22.43, 22.75, 22.75, 9999.0, 9999.0, 9999.0, 23.89, 9999.0, 22.75, 9999.0, 22.7, 22.48, 22.25, 22.32, 22.25
2026-09-08, 14:26:16, 22.27, 22.43, 22.75, 22.75, 9999.0, 9999.0, 9999.0, 23.84, 9999.0, 22.77, 9999.0, 22.73, 22.48, 22.25, 22.32, 22.25
2026-09-08, 14:26:20, 22.27, 22.43, 22.75, 22.75, 9999.0, 9999.0, 9999.0, 23.89, 9999.0, 22.77, 9999.0, 22.75, 22.48, 22.25, 22.32, 22.25
2026-09-08, 14:26:24, 22.3, 22.43, 22.75, 22.75, 9999.0, 9999.0, 9999.0, 23.91, 9999.0, 22.77, 9999.0, 22.75, 22.48, 22.25, 22.3, 22.25
2026-09-08, 14:26:28, 22.27, 22.45, 22.75, 22.75, 9999.0, 9999.0, 9999.0, 23.93, 9999.0, 22.77, 9999.0, 22.73, 22.5, 22.25, 22.27, 22.25
2026-09-08, 14:26:32, 22.27, 22.48, 22.75, 22.75, 9999.0, 9999.0, 9999.0, 23.95, 9999.0, 22.77, 9999.0, 22.7, 22.5, 22.25, 22.27, 22.25
2026-09-08, 14:26:36, 22.27, 22.5, 22.75, 22.75, 9999.0, 9999.0, 9999.0, 23.98, 9999.0, 22.77, 9999.0, 22.68, 22.5, 22.25, 22.25, 22.25
2026-09-08, 14:26:40, 22.3, 22.5, 22.75, 22.75, 9999.0, 9999.0, 9999.0, 24.0, 9999.0, 22.8, 9999.0, 22.66, 22.5, 22.25, 22.25, 22.25
2026-09-08, 14:26:44, 22.3, 22.5, 22.75, 22.75, 9999.0, 9999.0, 9999.0, 24.02, 9999.0, 22.8, 9999.0, 22.64, 22.5, 22.25, 22.25, 22.25
2026-09-08, 14:26:48, 22.3, 22.5, 22.75, 22.75, 9999.0, 9999.0, 9999.0, 24.05, 9999.0, 22.8, 9999.0, 22.61, 22.5, 22.25, 22.25, 22.25
2026-09-08, 14:26:52, 22.3, 22.5, 22.75, 22.75, 9999.0, 9999.0, 9999.0, 24.07, 9999.0, 22.8, 9999.0, 22.59, 22.5, 22.25, 22.27, 22.25
2026-09-08, 14:26:56, 22.32, 22.5, 22.75, 22.75, 9999.0, 9999.0, 9999.0, 24.09, 9999.0, 22.77, 9999.0, 22.57, 22.5, 22.25, 22.27, 22.25
2026-09-08, 14:27:00, 22.32, 22.5, 22.75, 22.75, 9999.0, 9999.0, 9999.0, 24.14, 9999.0, 22.75, 9999.0, 22.57, 22.5, 22.25, 22.27, 22.25
2026-09-08, 14:27:04, 22.32, 22.5, 22.75, 22.75, 9999.0, 9999.0, 9999.0, 24.09, 9999.0, 22.75, 9999.0, 22.57, 22.5, 22.25, 22.27, 22.25
2026-09-08, 14:27:08, 22.3, 22.5, 22.75, 22.75, 9999.0, 9999.0, 9999.0, 24.07, 9999.0, 22.75, 9999.0, 22.57, 22.5, 22.25, 22.27, 22.25
2026-09-08, 14:27:12, 22.3, 22.5, 22.75, 22.75, 9999.0, 9999.0, 9999.0, 24.02, 9999.0, 22.75, 9999.0, 22.59, 22.5, 22.25, 22.3, 22.25
2026-09-08, 14:27:16, 22.3, 22.5, 22.75, 22.75, 9999.0, 9999.0, 9999.0, 23.98, 9999.0, 22.75, 9999.0, 22.61, 22.5, 22.25, 22.3, 22.25
2026-09-08, 14:27:20, 22.3, 22.5, 22.75, 22.73, 9999.0, 9999.0, 9999.0, 23.93, 9999.0, 22.75, 9999.0, 22.64, 22.5, 22.25, 22.3, 22.25
2026-09-08, 14:27:24, 22.27, 22.5, 22.75, 22.73, 9999.0, 9999.0, 9999.0, 23.91, 9999.0, 22.75, 9999.0, 22.66, 22.5, 22.25, 22.3, 22.25
2026-09-08, 14:27:28, 22.3, 22.5, 22.75, 22.73, 9999.0, 9999.0, 9999.0, 23.89, 9999.0, 22.77, 9999.0, 22.68, 22.5, 22.25, 22.3, 22.25
2026-09-08, 14:27:32, 22.3, 22.5, 22.75, 22.73, 9999.0, 9999.0, 9999.0, 23.84, 9999.0, 22.8, 9999.0, 22.7, 22.5, 22.25, 22.3, 22.25
2026-09-08, 14:27:36, 22.32, 22.5, 22.75, 22.73, 9999.0, 9999.0, 9999.0, 23.82, 9999.0, 22.8, 9999.0, 22.73, 22.5, 22.25, 22.27, 22.25
2026-09-08, 14:27:40, 22.3, 22.5, 22.75, 22.73, 9999.0, 9999.0, 9999.0, 23.86, 9999.0, 22.8, 9999.0, 22.75, 22.5, 22.25, 22.27, 22.25
2026-09-08, 14:27:44, 22.3, 22.5, 22.75, 22.73, 9999.0, 9999.0, 9999.0, 23.91, 9999.0, 22.8, 9999.0, 22.73, 22.5, 22.25, 22.27, 22.25
2026-09-08, 14:27:48, 22.3, 22.5, 22.75, 22.73, 9999.0, 9999.0, 9999.0, 23.93, 9999.0, 22.8, 9999.0, 22.7, 22.5, 22.25, 22.27, 22.25
2026-09-08, 14:27:52, 22.3, 22.5, 22.75, 22.73, 9999.0, 9999.0, 9999.0, 23.95, 9999.0, 22.8, 9999.0, 22.68, 22.5, 22.25, 22.27, 22.25
2026-09-08, 14:27:56, 22.3, 22.5, 22.75, 22.73, 9999.0, 9999.0, 9999.0, 24.0, 9999.0, 22.8, 9999.0, 22.66, 22.5, 22.25, 22.25, 22.25
2026-09-08, 14:28:00, 22.3, 22.5, 22.75, 22.73, 9999.0, 9999.0, 9999.0, 24.02, 9999.0, 22.8, 9999.0, 22.64, 22.5, 22.25, 22.25, 22.25
2026-09-08, 14:28:04, 22.3, 22.5, 22.75, 22.75, 9999.0, 9999.0, 9999.0, 24.05, 9999.0, 22.8, 9999.0, 22.61, 22.5, 22.25, 22.25, 22.25
2026-09-08, 14:28:08, 22.3, 22.5, 22.75, 22.73, 9999.0, 9999.0, 9999.0, 24.07, 9999.0, 22.8, 9999.0, 22.59, 22.5, 22.25, 22.25, 22.25
2026-09-08, 14:28:12, 22.27, 22.5, 22.75, 22.73, 9999.0, 9999.0, 9999.0, 24.09, 9999.0, 22.77, 9999.0, 22.57, 22.5, 22.25, 22.25, 22.25
2026-09-08, 14:28:16, 22.27, 22.5, 22.75, 22.73, 9999.0, 9999.0, 9999.0, 24.14, 9999.0, 22.73, 9999.0, 22.57, 22.5, 22.25, 22.25, 22.25
2026-09-08, 14:28:20, 22.27, 22.5, 22.75, 22.73, 9999.0, 9999.0, 9999.0, 24.16, 9999.0, 22.7, 9999.0, 22.57, 22.5, 22.25, 22.25, 22.25
2026-09-08, 14:28:24, 22.3, 22.48, 22.75, 22.73, 9999.0, 9999.0, 9999.0, 24.11, 9999.0, 22.68, 9999.0, 22.57, 22.5, 22.25, 22.25, 22.25
2026-09-08, 14:28:28, 22.3, 22.48, 22.75, 22.73, 9999.0, 9999.0, 9999.0, 24.07, 9999.0, 22.66, 9999.0, 22.59, 22.5, 22.25, 22.25, 22.25
2026-09-08, 14:28:32, 22.32, 22.48, 22.75, 22.73, 9999.0, 9999.0, 9999.0, 24.02, 9999.0, 22.64, 9999.0, 22.61, 22.5, 22.25, 22.25, 22.25
2026-09-08, 14:28:36, 22.34, 22.48, 22.75, 22.73, 9999.0, 9999.0, 9999.0, 23.98, 9999.0, 22.64, 9999.0, 22.64, 22.5, 22.25, 22.25, 22.25
2026-09-08, 14:28:40, 22.34, 22.48, 22.75, 22.73, 9999.0, 9999.0, 9999.0, 23.93, 9999.0, 22.64, 9999.0, 22.66, 22.5, 22.25, 22.25, 22.25
2026-09-08, 14:28:44, 22.34, 22.48, 22.75, 22.73, 9999.0, 9999.0, 9999.0, 23.91, 9999.0, 22.64, 9999.0, 22.68, 22.5, 22.25, 22.25, 22.25
2026-09-08, 14:28:48, 22.34, 22.48, 22.75, 22.73, 9999.0, 9999.0, 9999.0, 23.89, 9999.0, 22.64, 9999.0, 22.7, 22.5, 22.25, 22.25, 22.25
2026-09-08, 14:28:52, 22.34, 22.48, 22.75, 22.75, 9999.0, 9999.0, 9999.0, 23.86, 9999.0, 22.64, 9999.0, 22.73, 22.5, 22.25, 22.25, 22.25
2026-09-08, 14:28:56, 22.34, 22.48, 22.75, 22.75, 9999.0, 9999.0, 9999.0, 23.91, 9999.0, 22.64, 9999.0, 22.75, 22.5, 22.25, 22.25, 22.25
2026-09-08, 14:29:00, 22.34, 22.48, 22.75, 22.75, 9999.0, 9999.0, 9999.0, 23.93, 9999.0, 22.66, 9999.0, 22.75, 22.5, 22.25, 22.25, 22.25
2026-09-08, 14:29:04, 22.32, 22.48, 22.75, 22.75, 9999.0, 9999.0, 9999.0, 23.98, 9999.0, 22.68, 9999.0, 22.75, 22.5, 22.25, 22.25, 22.25
2026-09-08, 14:29:08, 22.3, 22.5, 22.75, 22.75, 9999.0, 9999.0, 9999.0, 24.0, 9999.0, 22.7, 9999.0, 22.75, 22.5, 22.25, 22.25, 22.25
2026-09-08, 14:29:12, 22.3, 22.5, 22.75, 22.75, 9999.0, 9999.0, 9999.0, 24.02, 9999.0, 22.73, 9999.0, 22.75, 22.5, 22.25, 22.25, 22.25
2026-09-08, 14:29:16, 22.3, 22.5, 22.75, 22.75, 9999.0, 9999.0, 9999.0, 24.07, 9999.0, 22.75, 9999.0, 22.73, 22.5, 22.25, 22.25, 22.25
2026-09-08, 14:29:20, 22.27, 22.5, 22.75, 22.75, 9999.0, 9999.0, 9999.0, 24.09, 9999.0, 22.73, 9999.0, 22.7, 22.5, 22.25, 22.25, 22.25
2026-09-08, 14:29:24, 22.27, 22.5, 22.75, 22.75, 9999.0, 9999.0, 9999.0, 24.11, 9999.0, 22.7, 9999.0, 22.68, 22.5, 22.25, 22.25, 22.25
2026-09-08, 14:29:28, 22.27, 22.5, 22.75, 22.75, 9999.0, 9999.0, 9999.0, 24.14, 9999.0, 22.68, 9999.0, 22.66, 22.5, 22.25, 22.25, 22.25
2026-09-08, 14:29:32, 22.27, 22.5, 22.75, 22.75, 9999.0, 9999.0, 9999.0, 24.16, 9999.0, 22.66, 9999.0, 22.64, 22.5, 22.25, 22.25, 22.25
2026-09-08, 14:29:37, 22.27, 22.5, 22.75, 22.75, 9999.0, 9999.0, 9999.0, 24.18, 9999.0, 22.64, 9999.0, 22.64, 22.5, 22.25, 22.25, 22.25
2026-09-08, 14:29:41, 22.27, 22.5, 22.75, 22.73, 9999.0, 9999.0, 9999.0, 24.14, 9999.0, 22.61, 9999.0, 22.64, 22.5, 22.25, 22.25, 22.25
2026-09-08, 14:29:45, 22.27, 22.5, 22.75, 22.73, 9999.0, 9999.0, 9999.0, 24.11, 9999.0, 22.59, 9999.0, 22.64, 22.5, 22.25, 22.25, 22.25
2026-09-08, 14:29:49, 22.27, 22.5, 22.75, 22.73, 9999.0, 9999.0, 9999.0, 24.05, 9999.0, 22.57, 9999.0, 22.64, 22.5, 22.25, 22.25, 22.25
2026-09-08, 14:29:53, 22.27, 22.5, 22.75, 22.73, 9999.0, 9999.0, 9999.0, 24.0, 9999.0, 22.55, 9999.0, 22.64, 22.5, 22.25, 22.25, 22.25
2026-09-08, 14:29:57, 22.27, 22.5, 22.75, 22.73, 9999.0, 9999.0, 9999.0, 23.95, 9999.0, 22.52, 9999.0, 22.64, 22.5, 22.25, 22.25, 22.25
2026-09-08, 14:30:01, 22.25, 22.5, 22.75, 22.73, 9999.0, 9999.0, 9999.0, 23.91, 9999.0, 22.5, 9999.0, 22.66, 22.5, 22.25, 22.25, 22.25
2026-09-08, 14:30:05, 22.25, 22.5, 22.75, 22.73, 9999.0, 9999.0, 9999.0, 23.89, 9999.0, 22.5, 9999.0, 22.68, 22.5, 22.25, 22.25, 22.25
2026-09-08, 14:30:09, 22.25, 22.5, 22.75, 22.73, 9999.0, 9999.0, 9999.0, 23.86, 9999.0, 22.52, 9999.0, 22.7, 22.5, 22.25, 22.25, 22.25
2026-09-08, 14:30:13, 22.25, 22.5, 22.75, 22.73, 9999.0, 9999.0, 9999.0, 23.82, 9999.0, 22.55, 9999.0, 22.73, 22.5, 22.25, 22.25, 22.25
2026-09-08, 14:30:17, 22.25, 22.5, 22.75, 22.73, 9999.0, 9999.0, 9999.0, 23.86, 9999.0, 22.57, 9999.0, 22.75, 22.5, 22.25, 22.25, 22.25
2026-09-08, 14:30:21, 22.25, 22.5, 22.75, 22.73, 9999.0, 9999.0, 9999.0, 23.89, 9999.0, 22.57, 9999.0, 22.75, 22.5, 22.25, 22.25, 22.25
2026-09-08, 14:30:25, 22.25, 22.5, 22.75, 22.75, 9999.0, 9999.0, 9999.0, 23.89, 9999.0, 22.57, 9999.0, 22.73, 22.5, 22.25, 22.25, 22.25
2026-09-08, 14:30:29, 22.25, 22.5, 22.75, 22.75, 9999.0, 9999.0, 9999.0, 23.89, 9999.0, 22.57, 9999.0, 22.7, 22.5, 22.25, 22.25, 22.25
2026-09-08, 14:30:33, 22.25, 22.5, 22.75, 22.75, 9999.0, 9999.0, 9999.0, 23.91, 9999.0, 22.57, 9999.0, 22.7, 22.5, 22.25, 22.25, 22.25
2026-09-08, 14:30:37, 22.25, 22.5, 22.75, 22.75, 9999.0, 9999.0, 9999.0, 23.93, 9999.0, 22.57, 9999.0, 22.68, 22.5, 22.25, 22.25, 22.25
2026-09-08, 14:30:41, 22.25, 22.5, 22.75, 22.75, 9999.0, 9999.0, 9999.0, 23.95, 9999.0, 22.57, 9999.0, 22.66, 22.5, 22.25, 22.25, 22.25
2026-09-08, 14:30:45, 22.25, 22.5, 22.75, 22.75, 9999.0, 9999.0, 9999.0, 23.98, 9999.0, 22.57, 9999.0, 22.64, 22.5, 22.25, 22.25, 22.25
2026-09-08, 14:30:49, 22.25, 22.5, 22.75, 22.75, 9999.0, 9999.0, 9999.0, 24.0, 9999.0, 22.57, 9999.0, 22.61, 22.5, 22.25, 22.25, 22.25
2026-09-08, 14:30:53, 22.25, 22.5, 22.75, 22.75, 9999.0, 9999.0, 9999.0, 24.02, 9999.0, 22.52, 9999.0, 22.61, 22.5, 22.25, 22.25, 22.25
2026-09-08, 14:30:57, 22.25, 22.5, 22.75, 22.75, 9999.0, 9999.0, 9999.0, 24.05, 9999.0, 22.48, 9999.0, 22.61, 22.5, 22.25, 22.25, 22.25
2026-09-08, 14:31:01, 22.25, 22.5, 22.75, 22.75, 9999.0, 9999.0, 9999.0, 23.98, 9999.0, 22.43, 9999.0, 22.61, 22.5, 22.25, 22.25, 22.25
2026-09-08, 14:31:05, 22.25, 22.5, 22.75, 22.75, 9999.0, 9999.0, 9999.0, 23.93, 9999.0, 22.41, 9999.0, 22.61, 22.5, 22.25, 22.25, 22.25
2026-09-08, 14:31:09, 22.25, 22.5, 22.75, 22.75, 9999.0, 9999.0, 9999.0, 23.91, 9999.0, 22.39, 9999.0, 22.64, 22.5, 22.25, 22.27, 22.25
2026-09-08, 14:31:13, 22.25, 22.5, 22.75, 22.75, 9999.0, 9999.0, 9999.0, 23.89, 9999.0, 22.39, 9999.0, 22.66, 22.5, 22.25, 22.27, 22.25
2026-09-08, 14:31:17, 22.25, 22.5, 22.75, 22.75, 9999.0, 9999.0, 9999.0, 23.86, 9999.0, 22.39, 9999.0, 22.66, 22.5, 22.25, 22.27, 22.25
2026-09-08, 14:31:21, 22.25, 22.5, 22.75, 22.75, 9999.0, 9999.0, 9999.0, 23.82, 9999.0, 22.39, 9999.0, 22.68, 22.5, 22.25, 22.3, 22.25
2026-09-08, 14:31:25, 22.25, 22.5, 22.75, 22.75, 9999.0, 9999.0, 9999.0, 23.77, 9999.0, 22.39, 9999.0, 22.7, 22.5, 22.25, 22.3, 22.25
2026-09-08, 14:31:29, 22.25, 22.5, 22.75, 22.75, 9999.0, 9999.0, 9999.0, 23.73, 9999.0, 22.39, 9999.0, 22.73, 22.5, 22.25, 22.3, 22.25
2026-09-08, 14:31:33, 22.25, 22.5, 22.75, 22.75, 9999.0, 9999.0, 9999.0, 23.77, 9999.0, 22.39, 9999.0, 22.75, 22.5, 22.25, 22.3, 22.25
2026-09-08, 14:31:37, 22.25, 22.5, 22.75, 22.75, 9999.0, 9999.0, 9999.0, 23.8, 9999.0, 22.41, 9999.0, 22.75, 22.5, 22.25, 22.3, 22.25
2026-09-08, 14:31:41, 22.25, 22.5, 22.75, 22.75, 9999.0, 9999.0, 9999.0, 23.84, 9999.0, 22.43, 9999.0, 22.73, 22.5, 22.25, 22.3, 22.25
2026-09-08, 14:31:45, 22.25, 22.5, 22.75, 22.75, 9999.0, 9999.0, 9999.0, 23.89, 9999.0, 22.45, 9999.0, 22.7, 22.5, 22.25, 22.3, 22.25
2026-09-08, 14:31:49, 22.27, 22.5, 22.75, 22.75, 9999.0, 9999.0, 9999.0, 23.91, 9999.0, 22.45, 9999.0, 22.68, 22.5, 22.25, 22.3, 22.25
2026-09-08, 14:31:53, 22.27, 22.5, 22.75, 22.75, 9999.0, 9999.0, 9999.0, 23.93, 9999.0, 22.45, 9999.0, 22.66, 22.5, 22.25, 22.27, 22.25
2026-09-08, 14:31:57, 22.27, 22.5, 22.75, 22.75, 9999.0, 9999.0, 9999.0, 23.95, 9999.0, 22.43, 9999.0, 22.64, 22.5, 22.25, 22.27, 22.25
2026-09-08, 14:32:01, 22.27, 22.5, 22.75, 22.75, 9999.0, 9999.0, 9999.0, 23.98, 9999.0, 22.41, 9999.0, 22.61, 22.5, 22.25, 22.27, 22.25
2026-09-08, 14:32:05, 22.27, 22.5, 22.75, 22.75, 9999.0, 9999.0, 9999.0, 24.02, 9999.0, 22.39, 9999.0, 22.59, 22.5, 22.25, 22.25, 22.25
2026-09-08, 14:32:09, 22.3, 22.5, 22.75, 22.75, 9999.0, 9999.0, 9999.0, 24.07, 9999.0, 22.36, 9999.0, 22.59, 22.5, 22.25, 22.25, 22.25
2026-09-08, 14:32:13, 22.3, 22.5, 22.75, 22.75, 9999.0, 9999.0, 9999.0, 24.09, 9999.0, 22.32, 9999.0, 22.59, 22.5, 22.25, 22.25, 22.25
2026-09-08, 14:32:17, 22.3, 22.5, 22.75, 22.75, 9999.0, 9999.0, 9999.0, 24.02, 9999.0, 22.3, 9999.0, 22.61, 22.5, 22.25, 22.25, 22.25
2026-09-08, 14:32:21, 22.3, 22.5, 22.75, 22.75, 9999.0, 9999.0, 9999.0, 23.98, 9999.0, 22.25, 9999.0, 22.61, 22.5, 22.25, 22.25, 22.25
2026-09-08, 14:32:25, 22.3, 22.5, 22.75, 22.75, 9999.0, 9999.0, 9999.0, 23.91, 9999.0, 22.2, 9999.0, 22.64, 22.5, 22.25, 22.25, 22.25
2026-09-08, 14:32:29, 22.3, 22.5, 22.75, 22.75, 9999.0, 9999.0, 9999.0, 23.84, 9999.0, 22.2, 9999.0, 22.66, 22.5, 22.25, 22.25, 22.25
2026-09-08, 14:32:33, 22.27, 22.5, 22.75, 22.75, 9999.0, 9999.0, 9999.0, 23.8, 9999.0, 22.2, 9999.0, 22.68, 22.5, 22.25, 22.25, 22.25
2026-09-08, 14:32:37, 22.27, 22.5, 22.75, 22.75, 9999.0, 9999.0, 9999.0, 23.75, 9999.0, 22.23, 9999.0, 22.7, 22.5, 22.25, 22.27, 22.25
2026-09-08, 14:32:41, 22.27, 22.5, 22.75, 22.75, 9999.0, 9999.0, 9999.0, 23.7, 9999.0, 22.25, 9999.0, 22.73, 22.5, 22.25, 22.27, 22.25
2026-09-08, 14:32:45, 22.27, 22.5, 22.75, 22.75, 9999.0, 9999.0, 9999.0, 23.64, 9999.0, 22.27, 9999.0, 22.75, 22.5, 22.25, 22.27, 22.25
2026-09-08, 14:32:49, 22.27, 22.5, 22.75, 22.75, 9999.0, 9999.0, 9999.0, 23.64, 9999.0, 22.27, 9999.0, 22.77, 22.5, 22.25, 22.27, 22.25
2026-09-08, 14:32:53, 22.25, 22.5, 22.75, 22.75, 9999.0, 9999.0, 9999.0, 23.64, 9999.0, 22.3, 9999.0, 22.77, 22.5, 22.25, 22.27, 22.25
2026-09-08, 14:32:57, 22.27, 22.5, 22.75, 22.75, 9999.0, 9999.0, 9999.0, 23.66, 9999.0, 22.32, 9999.0, 22.75, 22.5, 22.25, 22.27, 22.25
2026-09-08, 14:33:01, 22.27, 22.5, 22.75, 22.75, 9999.0, 9999.0, 9999.0, 23.68, 9999.0, 22.32, 9999.0, 22.7, 22.5, 22.25, 22.27, 22.25
2026-09-08, 14:33:05, 22.27, 22.5, 22.75, 22.75, 9999.0, 9999.0, 9999.0, 23.7, 9999.0, 22.34, 9999.0, 22.7, 22.5, 22.25, 22.3, 22.25
2026-09-08, 14:33:09, 22.27, 22.5, 22.75, 22.75, 9999.0, 9999.0, 9999.0, 23.73, 9999.0, 22.36, 9999.0, 22.68, 22.5, 22.25, 22.3, 22.25
2026-09-08, 14:33:13, 22.27, 22.5, 22.75, 22.75, 9999.0, 9999.0, 9999.0, 23.75, 9999.0, 22.34, 9999.0, 22.66, 22.5, 22.25, 22.3, 22.25
2026-09-08, 14:33:17, 22.27, 22.5, 22.75, 22.75, 9999.0, 9999.0, 9999.0, 23.77, 9999.0, 22.34, 9999.0, 22.64, 22.5, 22.25, 22.3, 22.25
2026-09-08, 14:33:21, 22.3, 22.5, 22.75, 22.75, 9999.0, 9999.0, 9999.0, 23.8, 9999.0, 22.32, 9999.0, 22.61, 22.5, 22.25, 22.27, 22.25
2026-09-08, 14:33:25, 22.3, 22.5, 22.75, 22.75, 9999.0, 9999.0, 9999.0, 23.82, 9999.0, 22.3, 9999.0, 22.61, 22.5, 22.25, 22.27, 22.25
2026-09-08, 14:33:29, 22.3, 22.5, 22.75, 22.75, 9999.0, 9999.0, 9999.0, 23.86, 9999.0, 22.27, 9999.0, 22.61, 22.5, 22.25, 22.27, 22.25
2026-09-08, 14:33:34, 22.3, 22.5, 22.75, 22.75, 9999.0, 9999.0, 9999.0, 23.84, 9999.0, 22.27, 9999.0, 22.61, 22.5, 22.25, 22.27, 22.25
2026-09-08, 14:33:38, 22.3, 22.5, 22.77, 22.75, 9999.0, 9999.0, 9999.0, 23.82, 9999.0, 22.25, 9999.0, 22.64, 22.5, 22.25, 22.27, 22.25
2026-09-08, 14:33:42, 22.27, 22.5, 22.77, 22.75, 9999.0, 9999.0, 9999.0, 23.8, 9999.0, 22.25, 9999.0, 22.68, 22.5, 22.25, 22.27, 22.25
2026-09-08, 14:33:46, 22.3, 22.5, 22.77, 22.75, 9999.0, 9999.0, 9999.0, 23.75, 9999.0, 22.27, 9999.0, 22.7, 22.5, 22.25, 22.27, 22.27
2026-09-08, 14:33:50, 22.3, 22.5, 22.77, 22.75, 9999.0, 9999.0, 9999.0, 23.7, 9999.0, 22.3, 9999.0, 22.7, 22.5, 22.25, 22.25, 22.27
2026-09-08, 14:33:54, 22.32, 22.5, 22.77, 22.75, 9999.0, 9999.0, 9999.0, 23.68, 9999.0, 22.32, 9999.0, 22.73, 22.5, 22.25, 22.25, 22.27
2026-09-08, 14:33:58, 22.32, 22.5, 22.77, 22.75, 9999.0, 9999.0, 9999.0, 23.64, 9999.0, 22.34, 9999.0, 22.75, 22.5, 22.25, 22.27, 22.27
2026-09-08, 14:34:02, 22.32, 22.5, 22.77, 22.75, 9999.0, 9999.0, 9999.0, 23.59, 9999.0, 22.36, 9999.0, 22.77, 22.5, 22.25, 22.3, 22.27
2026-09-08, 14:34:06, 22.3, 22.5, 22.77, 22.75, 9999.0, 9999.0, 9999.0, 23.61, 9999.0, 22.39, 9999.0, 22.8, 22.5, 22.25, 22.32, 22.27
2026-09-08, 14:34:10, 22.3, 22.5, 22.77, 22.75, 9999.0, 9999.0, 9999.0, 23.64, 9999.0, 22.41, 9999.0, 22.8, 22.5, 22.25, 22.34, 22.27
2026-09-08, 14:34:14, 22.3, 22.5, 22.77, 22.75, 9999.0, 9999.0, 9999.0, 23.66, 9999.0, 22.41, 9999.0, 22.8, 22.5, 22.25, 22.34, 22.27
2026-09-08, 14:34:18, 22.3, 22.5, 22.77, 22.75, 9999.0, 9999.0, 9999.0, 23.68, 9999.0, 22.41, 9999.0, 22.8, 22.5, 22.25, 22.34, 22.3
2026-09-08, 14:34:22, 22.3, 22.5, 22.75, 22.75, 9999.0, 9999.0, 9999.0, 23.7, 9999.0, 22.41, 9999.0, 22.77, 22.5, 22.25, 22.34, 22.3
2026-09-08, 14:34:26, 22.3, 22.5, 22.75, 22.75, 9999.0, 9999.0, 9999.0, 23.7, 9999.0, 22.41, 9999.0, 22.75, 22.5, 22.25, 22.34, 22.32
2026-09-08, 14:34:30, 22.27, 22.5, 22.75, 22.75, 9999.0, 9999.0, 9999.0, 23.73, 9999.0, 22.39, 9999.0, 22.73, 22.5, 22.25, 22.34, 22.3
2026-09-08, 14:34:34, 22.27, 22.5, 22.75, 22.75, 9999.0, 9999.0, 9999.0, 23.75, 9999.0, 22.36, 9999.0, 22.7, 22.5, 22.25, 22.36, 22.3
2026-09-08, 14:34:38, 22.25, 22.5, 22.75, 22.75, 9999.0, 9999.0, 9999.0, 23.77, 9999.0, 22.34, 9999.0, 22.68, 22.5, 22.25, 22.36, 22.3
2026-09-08, 14:34:42, 22.25, 22.48, 22.75, 22.75, 9999.0, 9999.0, 9999.0, 23.82, 9999.0, 22.32, 9999.0, 22.68, 22.5, 22.25, 22.34, 22.3
2026-09-08, 14:34:46, 22.25, 22.48, 22.75, 22.75, 9999.0, 9999.0, 9999.0, 23.86, 9999.0, 22.3, 9999.0, 22.68, 22.5, 22.25, 22.32, 22.3
2026-09-08, 14:34:50, 22.25, 22.45, 22.75, 22.75, 9999.0, 9999.0, 9999.0, 23.82, 9999.0, 22.27, 9999.0, 22.68, 22.5, 22.25, 22.3, 22.3
2026-09-08, 14:34:54, 22.25, 22.45, 22.75, 22.75, 9999.0, 9999.0, 9999.0, 23.77, 9999.0, 22.25, 9999.0, 22.7, 22.5, 22.25, 22.27, 22.3
2026-09-08, 14:34:58, 22.25, 22.45, 22.75, 22.75, 9999.0, 9999.0, 9999.0, 23.73, 9999.0, 22.25, 9999.0, 22.7, 22.5, 22.25, 22.3, 22.3
2026-09-08, 14:35:02, 22.27, 22.45, 22.75, 22.75, 9999.0, 9999.0, 9999.0, 23.68, 9999.0, 22.25, 9999.0, 22.7, 22.5, 22.25, 22.3, 22.3
2026-09-08, 14:35:06, 22.3, 22.45, 22.75, 22.75, 9999.0, 9999.0, 9999.0, 23.64, 9999.0, 22.27, 9999.0, 22.7, 22.5, 22.25, 22.3, 22.3
2026-09-08, 14:35:10, 22.32, 22.45, 22.75, 22.75, 9999.0, 9999.0, 9999.0, 23.61, 9999.0, 22.3, 9999.0, 22.7, 22.5, 22.25, 22.32, 22.3
2026-09-08, 14:35:14, 22.34, 22.45, 22.75, 22.75, 9999.0, 9999.0, 9999.0, 23.59, 9999.0, 22.32, 9999.0, 22.73, 22.5, 22.25, 22.32, 22.3
2026-09-08, 14:35:18, 22.34, 22.45, 22.75, 22.75, 9999.0, 9999.0, 9999.0, 23.57, 9999.0, 22.34, 9999.0, 22.75, 22.5, 22.25, 22.3, 22.3
2026-09-08, 14:35:22, 22.34, 22.45, 22.75, 22.75, 9999.0, 9999.0, 9999.0, 23.52, 9999.0, 22.36, 9999.0, 22.77, 22.5, 22.25, 22.3, 22.3
2026-09-08, 14:35:26, 22.36, 22.48, 22.75, 22.75, 9999.0, 9999.0, 9999.0, 23.57, 9999.0, 22.39, 9999.0, 22.77, 22.5, 22.25, 22.3, 22.32
2026-09-08, 14:35:30, 22.39, 22.48, 22.75, 22.75, 9999.0, 9999.0, 9999.0, 23.61, 9999.0, 22.41, 9999.0, 22.77, 22.5, 22.25, 22.3, 22.34
2026-09-08, 14:35:34, 22.41, 22.5, 22.75, 22.75, 9999.0, 9999.0, 9999.0, 23.66, 9999.0, 22.43, 9999.0, 22.77, 22.5, 22.25, 22.3, 22.36
2026-09-08, 14:35:38, 22.43, 22.5, 22.75, 22.75, 9999.0, 9999.0, 9999.0, 23.7, 9999.0, 22.45, 9999.0, 22.75, 22.5, 22.25, 22.3, 22.36
2026-09-08, 14:35:42, 22.43, 22.5, 22.75, 22.75, 9999.0, 9999.0, 9999.0, 23.75, 9999.0, 22.48, 9999.0, 22.73, 22.5, 22.25, 22.27, 22.39
2026-09-08, 14:35:46, 22.41, 22.5, 22.75, 22.75, 9999.0, 9999.0, 9999.0, 23.8, 9999.0, 22.5, 9999.0, 22.7, 22.5, 22.25, 22.27, 22.36
2026-09-08, 14:35:50, 22.39, 22.5, 22.75, 22.75, 9999.0, 9999.0, 9999.0, 23.82, 9999.0, 22.5, 9999.0, 22.7, 22.5, 22.25, 22.27, 22.36
2026-09-08, 14:35:54, 22.39, 22.5, 22.75, 22.75, 9999.0, 9999.0, 9999.0, 23.86, 9999.0, 22.5, 9999.0, 22.68, 22.5, 22.25, 22.27, 22.34
2026-09-08, 14:35:58, 22.36, 22.5, 22.75, 22.75, 9999.0, 9999.0, 9999.0, 23.89, 9999.0, 22.5, 9999.0, 22.66, 22.5, 22.25, 22.27, 22.34
2026-09-08, 14:36:02, 22.36, 22.48, 22.75, 22.75, 9999.0, 9999.0, 9999.0, 23.91, 9999.0, 22.48, 9999.0, 22.66, 22.5, 22.25, 22.27, 22.34
2026-09-08, 14:36:06, 22.36, 22.48, 22.75, 22.75, 9999.0, 9999.0, 9999.0, 23.95, 9999.0, 22.45, 9999.0, 22.66, 22.48, 22.25, 22.27, 22.34
2026-09-08, 14:36:10, 22.34, 22.48, 22.75, 22.75, 9999.0, 9999.0, 9999.0, 23.91, 9999.0, 22.43, 9999.0, 22.66, 22.48, 22.25, 22.3, 22.32
2026-09-08, 14:36:14, 22.32, 22.48, 22.75, 22.75, 9999.0, 9999.0, 9999.0, 23.86, 9999.0, 22.41, 9999.0, 22.68, 22.48, 22.25, 22.32, 22.3
2026-09-08, 14:36:18, 22.3, 22.48, 22.75, 22.75, 9999.0, 9999.0, 9999.0, 23.84, 9999.0, 22.39, 9999.0, 22.68, 22.48, 22.25, 22.34, 22.27
2026-09-08, 14:36:22, 22.27, 22.48, 22.75, 22.75, 9999.0, 9999.0, 9999.0, 23.8, 9999.0, 22.39, 9999.0, 22.68, 22.48, 22.25, 22.36, 22.27
2026-09-08, 14:36:26, 22.27, 22.48, 22.75, 22.75, 9999.0, 9999.0, 9999.0, 23.75, 9999.0, 22.39, 9999.0, 22.7, 22.48, 22.25, 22.39, 22.25
2026-09-08, 14:36:30, 22.27, 22.48, 22.75, 22.75, 9999.0, 9999.0, 9999.0, 23.7, 9999.0, 22.39, 9999.0, 22.73, 22.48, 22.25, 22.41, 22.25
2026-09-08, 14:36:34, 22.27, 22.48, 22.75, 22.75, 9999.0, 9999.0, 9999.0, 23.68, 9999.0, 22.39, 9999.0, 22.73, 22.48, 22.25, 22.43, 22.27
2026-09-08, 14:36:38, 22.25, 22.48, 22.75, 22.75, 9999.0, 9999.0, 9999.0, 23.64, 9999.0, 22.39, 9999.0, 22.75, 22.48, 22.25, 22.43, 22.27
2026-09-08, 14:36:42, 22.25, 22.48, 22.75, 22.75, 9999.0, 9999.0, 9999.0, 23.68, 9999.0, 22.39, 9999.0, 22.77, 22.48, 22.25, 22.43, 22.3
2026-09-08, 14:36:46, 22.25, 22.5, 22.75, 22.75, 9999.0, 9999.0, 9999.0, 23.73, 9999.0, 22.41, 9999.0, 22.77, 22.48, 22.25, 22.43, 22.32
2026-09-08, 14:36:50, 22.25, 22.5, 22.75, 22.75, 9999.0, 9999.0, 9999.0, 23.75, 9999.0, 22.43, 9999.0, 22.77, 22.5, 22.25, 22.45, 22.32
2026-09-08, 14:36:54, 22.25, 22.5, 22.75, 22.75, 9999.0, 9999.0, 9999.0, 23.77, 9999.0, 22.45, 9999.0, 22.77, 22.5, 22.25, 22.45, 22.34
2026-09-08, 14:36:58, 22.25, 22.5, 22.75, 22.75, 9999.0, 9999.0, 9999.0, 23.8, 9999.0, 22.48, 9999.0, 22.75, 22.5, 22.25, 22.45, 22.34
2026-09-08, 14:37:02, 22.25, 22.5, 22.75, 22.75, 9999.0, 9999.0, 9999.0, 23.8, 9999.0, 22.5, 9999.0, 22.73, 22.5, 22.25, 22.43, 22.36
2026-09-08, 14:37:06, 22.25, 22.5, 22.75, 22.75, 9999.0, 9999.0, 9999.0, 23.82, 9999.0, 22.5, 9999.0, 22.7, 22.5, 22.25, 22.41, 22.39
2026-09-08, 14:37:10, 22.25, 22.5, 22.75, 22.75, 9999.0, 9999.0, 9999.0, 23.84, 9999.0, 22.5, 9999.0, 22.68, 22.5, 22.25, 22.39, 22.41
2026-09-08, 14:37:14, 22.25, 22.5, 22.75, 22.75, 9999.0, 9999.0, 9999.0, 23.89, 9999.0, 22.48, 9999.0, 22.66, 22.5, 22.25, 22.36, 22.43
2026-09-08, 14:37:19, 22.25, 22.5, 22.75, 22.75, 9999.0, 9999.0, 9999.0, 23.91, 9999.0, 22.45, 9999.0, 22.66, 22.5, 22.25, 22.34, 22.43
2026-09-08, 14:37:23, 22.27, 22.5, 22.75, 22.75, 9999.0, 9999.0, 9999.0, 23.93, 9999.0, 22.43, 9999.0, 22.66, 22.5, 22.25, 22.34, 22.43
2026-09-08, 14:37:27, 22.3, 22.5, 22.75, 22.75, 9999.0, 9999.0, 9999.0, 23.89, 9999.0, 22.41, 9999.0, 22.68, 22.5, 22.25, 22.34, 22.41
2026-09-08, 14:37:31, 22.3, 22.5, 22.75, 22.75, 9999.0, 9999.0, 9999.0, 23.84, 9999.0, 22.39, 9999.0, 22.7, 22.5, 22.25, 22.34, 22.41
2026-09-08, 14:37:35, 22.3, 22.5, 22.75, 22.75, 9999.0, 9999.0, 9999.0, 23.8, 9999.0, 22.39, 9999.0, 22.73, 22.5, 22.25, 22.34, 22.43
2026-09-08, 14:37:39, 22.32, 22.5, 22.75, 22.75, 9999.0, 9999.0, 9999.0, 23.75, 9999.0, 22.39, 9999.0, 22.73, 22.5, 22.25, 22.34, 22.41
2026-09-08, 14:37:43, 22.32, 22.5, 22.75, 22.75, 9999.0, 9999.0, 9999.0, 23.7, 9999.0, 22.39, 9999.0, 22.73, 22.5, 22.25, 22.32, 22.41
2026-09-08, 14:37:47, 22.32, 22.5, 22.75, 22.75, 9999.0, 9999.0, 9999.0, 23.68, 9999.0, 22.39, 9999.0, 22.75, 22.5, 22.25, 22.32, 22.41
2026-09-08, 14:37:51, 22.32, 22.5, 22.75, 22.75, 9999.0, 9999.0, 9999.0, 23.66, 9999.0, 22.41, 9999.0, 22.77, 22.5, 22.25, 22.34, 22.39
2026-09-08, 14:37:55, 22.34, 22.5, 22.75, 22.75, 9999.0, 9999.0, 9999.0, 23.64, 9999.0, 22.43, 9999.0, 22.8, 22.5, 22.25, 22.34, 22.39
2026-09-08, 14:37:59, 22.36, 22.5, 22.75, 22.75, 9999.0, 9999.0, 9999.0, 23.66, 9999.0, 22.48, 9999.0, 22.82, 22.5, 22.25, 22.34, 22.39
2026-09-08, 14:38:03, 22.39, 22.5, 22.75, 22.75, 9999.0, 9999.0, 9999.0, 23.7, 9999.0, 22.52, 9999.0, 22.82, 22.5, 22.25, 22.34, 22.39
2026-09-08, 14:38:07, 22.36, 22.5, 22.75, 22.75, 9999.0, 9999.0, 9999.0, 23.75, 9999.0, 22.55, 9999.0, 22.82, 22.5, 22.25, 22.34, 22.39
2026-09-08, 14:38:11, 22.34, 22.5, 22.75, 22.75, 9999.0, 9999.0, 9999.0, 23.77, 9999.0, 22.57, 9999.0, 22.8, 22.5, 22.25, 22.34, 22.39
2026-09-08, 14:38:15, 22.36, 22.5, 22.75, 22.75, 9999.0, 9999.0, 9999.0, 23.8, 9999.0, 22.59, 9999.0, 22.77, 22.5, 22.25, 22.34, 22.39
2026-09-08, 14:38:19, 22.36, 22.5, 22.75, 22.75, 9999.0, 9999.0, 9999.0, 23.84, 9999.0, 22.59, 9999.0, 22.75, 22.5, 22.25, 22.32, 22.39
2026-09-08, 14:38:23, 22.36, 22.5, 22.75, 22.75, 9999.0, 9999.0, 9999.0, 23.86, 9999.0, 22.59, 9999.0, 22.73, 22.5, 22.25, 22.3, 22.39
2026-09-08, 14:38:27, 22.36, 22.5, 22.75, 22.75, 9999.0, 9999.0, 9999.0, 23.89, 9999.0, 22.59, 9999.0, 22.73, 22.5, 22.25, 22.32, 22.39
2026-09-08, 14:38:31, 22.36, 22.5, 22.75, 22.75, 9999.0, 9999.0, 9999.0, 23.91, 9999.0, 22.59, 9999.0, 22.7, 22.5, 22.25, 22.32, 22.39
2026-09-08, 14:38:35, 22.39, 22.5, 22.75, 22.75, 9999.0, 9999.0, 9999.0, 23.95, 9999.0, 22.57, 9999.0, 22.7, 22.5, 22.25, 22.3, 22.39
2026-09-08, 14:38:39, 22.39, 22.5, 22.75, 22.75, 9999.0, 9999.0, 9999.0, 23.98, 9999.0, 22.55, 9999.0, 22.7, 22.5, 22.25, 22.3, 22.39
2026-09-08, 14:38:43, 22.36, 22.5, 22.75, 22.75, 9999.0, 9999.0, 9999.0, 23.93, 9999.0, 22.52, 9999.0, 22.7, 22.5, 22.25, 22.3, 22.36
2026-09-08, 14:38:47, 22.36, 22.5, 22.75, 22.77, 9999.0, 9999.0, 9999.0, 23.89, 9999.0, 22.5, 9999.0, 22.73, 22.5, 22.27, 22.3, 22.34
2026-09-08, 14:38:51, 22.36, 22.5, 22.75, 22.77, 9999.0, 9999.0, 9999.0, 23.84, 9999.0, 22.5, 9999.0, 22.73, 22.5, 22.27, 22.3, 22.34
2026-09-08, 14:38:55, 22.36, 22.5, 22.75, 22.77, 9999.0, 9999.0, 9999.0, 23.82, 9999.0, 22.52, 9999.0, 22.73, 22.5, 22.27, 22.32, 22.34
2026-09-08, 14:38:59, 22.36, 22.5, 22.75, 22.77, 9999.0, 9999.0, 9999.0, 23.77, 9999.0, 22.55, 9999.0, 22.73, 22.5, 22.27, 22.34, 22.32
2026-09-08, 14:39:03, 22.36, 22.5, 22.75, 22.77, 9999.0, 9999.0, 9999.0, 23.73, 9999.0, 22.55, 9999.0, 22.73, 22.5, 22.27, 22.36, 22.3
2026-09-08, 14:39:07, 22.34, 22.5, 22.75, 22.77, 9999.0, 9999.0, 9999.0, 23.7, 9999.0, 22.57, 9999.0, 22.75, 22.5, 22.27, 22.39, 22.3
2026-09-08, 14:39:11, 22.34, 22.5, 22.75, 22.77, 9999.0, 9999.0, 9999.0, 23.68, 9999.0, 22.59, 9999.0, 22.75, 22.5, 22.27, 22.39, 22.3
2026-09-08, 14:39:15, 22.34, 22.5, 22.75, 22.77, 9999.0, 9999.0, 9999.0, 23.66, 9999.0, 22.61, 9999.0, 22.77, 22.5, 22.27, 22.41, 22.27
2026-09-08, 14:39:19, 22.34, 22.5, 22.75, 22.77, 9999.0, 9999.0, 9999.0, 23.68, 9999.0, 22.64, 9999.0, 22.77, 22.5, 22.27, 22.41, 22.27
2026-09-08, 14:39:23, 22.32, 22.5, 22.75, 22.77, 9999.0, 9999.0, 9999.0, 23.73, 9999.0, 22.66, 9999.0, 22.77, 22.5, 22.27, 22.41, 22.27
2026-09-08, 14:39:27, 22.34, 22.5, 22.75, 22.77, 9999.0, 9999.0, 9999.0, 23.77, 9999.0, 22.66, 9999.0, 22.77, 22.5, 22.27, 22.41, 22.27
2026-09-08, 14:39:31, 22.32, 22.5, 22.75, 22.75, 9999.0, 9999.0, 9999.0, 23.8, 9999.0, 22.66, 9999.0, 22.75, 22.5, 22.25, 22.41, 22.3
2026-09-08, 14:39:35, 22.32, 22.5, 22.75, 22.75, 9999.0, 9999.0, 9999.0, 23.82, 9999.0, 22.66, 9999.0, 22.75, 22.5, 22.25, 22.39, 22.32
2026-09-08, 14:39:39, 22.34, 22.5, 22.75, 22.75, 9999.0, 9999.0, 9999.0, 23.84, 9999.0, 22.64, 9999.0, 22.75, 22.5, 22.25, 22.39, 22.34
2026-09-08, 14:39:43, 22.32, 22.5, 22.75, 22.75, 9999.0, 9999.0, 9999.0, 23.86, 9999.0, 22.61, 9999.0, 22.75, 22.5, 22.25, 22.39, 22.34
2026-09-08, 14:39:47, 22.32, 22.5, 22.75, 22.75, 9999.0, 9999.0, 9999.0, 23.89, 9999.0, 22.61, 9999.0, 22.73, 22.5, 22.25, 22.39, 22.34
2026-09-08, 14:39:51, 22.32, 22.5, 22.75, 22.75, 9999.0, 9999.0, 9999.0, 23.91, 9999.0, 22.59, 9999.0, 22.73, 22.5, 22.25, 22.36, 22.34
2026-09-08, 14:39:55, 22.32, 22.5, 22.75, 22.75, 9999.0, 9999.0, 9999.0, 23.93, 9999.0, 22.57, 9999.0, 22.73, 22.5, 22.25, 22.36, 22.34
2026-09-08, 14:39:59, 22.32, 22.5, 22.75, 22.75, 9999.0, 9999.0, 9999.0, 23.95, 9999.0, 22.55, 9999.0, 22.73, 22.5, 22.25, 22.34, 22.36
2026-09-08, 14:40:03, 22.3, 22.5, 22.75, 22.75, 9999.0, 9999.0, 9999.0, 23.91, 9999.0, 22.52, 9999.0, 22.75, 22.5, 22.25, 22.36, 22.39
2026-09-08, 14:40:07, 22.3, 22.5, 22.75, 22.75, 9999.0, 9999.0, 9999.0, 23.86, 9999.0, 22.5, 9999.0, 22.77, 22.5, 22.25, 22.36, 22.36
2026-09-08, 14:40:11, 22.3, 22.5, 22.75, 22.75, 9999.0, 9999.0, 9999.0, 23.82, 9999.0, 22.5, 9999.0, 22.77, 22.5, 22.25, 22.36, 22.36
2026-09-08, 14:40:15, 22.3, 22.5, 22.75, 22.75, 9999.0, 9999.0, 9999.0, 23.8, 9999.0, 22.52, 9999.0, 22.8, 22.5, 22.25, 22.36, 22.36
2026-09-08, 14:40:19, 22.3, 22.5, 22.75, 22.75, 9999.0, 9999.0, 9999.0, 23.77, 9999.0, 22.52, 9999.0, 22.8, 22.5, 22.25, 22.36, 22.36
2026-09-08, 14:40:23, 22.27, 22.5, 22.75, 22.75, 9999.0, 9999.0, 9999.0, 23.73, 9999.0, 22.55, 9999.0, 22.8, 22.52, 22.25, 22.36, 22.36
2026-09-08, 14:40:27, 22.3, 22.5, 22.75, 22.75, 9999.0, 9999.0, 9999.0, 23.73, 9999.0, 22.57, 9999.0, 22.8, 22.52, 22.25, 22.34, 22.36
2026-09-08, 14:40:31, 22.3, 22.5, 22.75, 22.75, 9999.0, 9999.0, 9999.0, 23.7, 9999.0, 22.59, 9999.0, 22.82, 22.52, 22.25, 22.32, 22.39
2026-09-08, 14:40:35, 22.3, 22.5, 22.75, 22.75, 9999.0, 9999.0, 9999.0, 23.75, 9999.0, 22.61, 9999.0, 22.82, 22.52, 22.25, 22.32, 22.39
2026-09-08, 14:40:39, 22.32, 22.5, 22.75, 22.75, 9999.0, 9999.0, 9999.0, 23.8, 9999.0, 22.61, 9999.0, 22.82, 22.52, 22.25, 22.3, 22.39
2026-09-08, 14:40:43, 22.32, 22.5, 22.75, 22.75, 9999.0, 9999.0, 9999.0, 23.84, 9999.0, 22.61, 9999.0, 22.82, 22.52, 22.25, 22.32, 22.36
2026-09-08, 14:40:47, 22.32, 22.5, 22.75, 22.77, 9999.0, 9999.0, 9999.0, 23.89, 9999.0, 22.64, 9999.0, 22.8, 22.52, 22.25, 22.3, 22.34
2026-09-08, 14:40:51, 22.32, 22.5, 22.75, 22.77, 9999.0, 9999.0, 9999.0, 23.91, 9999.0, 22.64, 9999.0, 22.75, 22.52, 22.25, 22.32, 22.34
2026-09-08, 14:40:55, 22.3, 22.5, 22.75, 22.77, 9999.0, 9999.0, 9999.0, 23.93, 9999.0, 22.66, 9999.0, 22.75, 22.52, 22.25, 22.34, 22.34
2026-09-08, 14:40:59, 22.3, 22.5, 22.75, 22.77, 9999.0, 9999.0, 9999.0, 23.95, 9999.0, 22.64, 9999.0, 22.7, 22.52, 22.25, 22.34, 22.32
2026-09-08, 14:41:03, 22.3, 22.5, 22.75, 22.77, 9999.0, 9999.0, 9999.0, 23.98, 9999.0, 22.64, 9999.0, 22.68, 22.52, 22.25, 22.34, 22.3
2026-09-08, 14:41:07, 22.32, 22.5, 22.75, 22.77, 9999.0, 9999.0, 9999.0, 24.02, 9999.0, 22.61, 9999.0, 22.66, 22.5, 22.25, 22.34, 22.27
2026-09-08, 14:41:12, 22.32, 22.5, 22.75, 22.77, 9999.0, 9999.0, 9999.0, 24.05, 9999.0, 22.61, 9999.0, 22.66, 22.5, 22.25, 22.34, 22.27
2026-09-08, 14:41:16, 22.34, 22.5, 22.75, 22.77, 9999.0, 9999.0, 9999.0, 24.09, 9999.0, 22.59, 9999.0, 22.66, 22.5, 22.25, 22.34, 22.25
2026-09-08, 14:41:20, 22.36, 22.5, 22.75, 22.77, 9999.0, 9999.0, 9999.0, 24.05, 9999.0, 22.57, 9999.0, 22.66, 22.5, 22.25, 22.36, 22.25
2026-09-08, 14:41:24, 22.36, 22.5, 22.75, 22.77, 9999.0, 9999.0, 9999.0, 24.02, 9999.0, 22.57, 9999.0, 22.68, 22.5, 22.25, 22.39, 22.25
2026-09-08, 14:41:28, 22.39, 22.5, 22.77, 22.77, 9999.0, 9999.0, 9999.0, 23.98, 9999.0, 22.57, 9999.0, 22.68, 22.5, 22.27, 22.36, 22.25
2026-09-08, 14:41:32, 22.39, 22.5, 22.77, 22.75, 9999.0, 9999.0, 9999.0, 23.93, 9999.0, 22.57, 9999.0, 22.68, 22.5, 22.27, 22.39, 22.27
2026-09-08, 14:41:36, 22.41, 22.5, 22.77, 22.75, 9999.0, 9999.0, 9999.0, 23.91, 9999.0, 22.59, 9999.0, 22.7, 22.5, 22.27, 22.36, 22.27
2026-09-08, 14:41:40, 22.41, 22.5, 22.77, 22.75, 9999.0, 9999.0, 9999.0, 23.89, 9999.0, 22.59, 9999.0, 22.7, 22.5, 22.27, 22.34, 22.27
2026-09-08, 14:41:44, 22.41, 22.5, 22.77, 22.75, 9999.0, 9999.0, 9999.0, 23.86, 9999.0, 22.64, 9999.0, 22.73, 22.5, 22.27, 22.34, 22.27
2026-09-08, 14:41:48, 22.43, 22.5, 22.77, 22.75, 9999.0, 9999.0, 9999.0, 23.84, 9999.0, 22.66, 9999.0, 22.75, 22.5, 22.27, 22.34, 22.27
2026-09-08, 14:41:52, 22.41, 22.5, 22.77, 22.75, 9999.0, 9999.0, 9999.0, 23.82, 9999.0, 22.68, 9999.0, 22.77, 22.5, 22.27, 22.32, 22.3
2026-09-08, 14:41:56, 22.39, 22.5, 22.77, 22.75, 9999.0, 9999.0, 9999.0, 23.84, 9999.0, 22.68, 9999.0, 22.77, 22.5, 22.27, 22.32, 22.32
2026-09-08, 14:42:00, 22.39, 22.5, 22.77, 22.75, 9999.0, 9999.0, 9999.0, 23.89, 9999.0, 22.7, 9999.0, 22.77, 22.5, 22.27, 22.32, 22.32
2026-09-08, 14:42:04, 22.36, 22.5, 22.77, 22.75, 9999.0, 9999.0, 9999.0, 23.93, 9999.0, 22.73, 9999.0, 22.77, 22.5, 22.27, 22.3, 22.32
2026-09-08, 14:42:08, 22.34, 22.5, 22.77, 22.75, 9999.0, 9999.0, 9999.0, 23.95, 9999.0, 22.75, 9999.0, 22.73, 22.5, 22.27, 22.3, 22.32
2026-09-08, 14:42:12, 22.34, 22.5, 22.75, 22.75, 9999.0, 9999.0, 9999.0, 24.0, 9999.0, 22.77, 9999.0, 22.73, 22.5, 22.25, 22.3, 22.32
2026-09-08, 14:42:16, 22.36, 22.5, 22.75, 22.75, 9999.0, 9999.0, 9999.0, 24.05, 9999.0, 22.77, 9999.0, 22.73, 22.5, 22.25, 22.27, 22.3
2026-09-08, 14:42:20, 22.36, 22.5, 22.75, 22.75, 9999.0, 9999.0, 9999.0, 24.09, 9999.0, 22.77, 9999.0, 22.7, 22.5, 22.25, 22.3, 22.3
2026-09-08, 14:42:24, 22.39, 22.5, 22.75, 22.75, 9999.0, 9999.0, 9999.0, 24.14, 9999.0, 22.75, 9999.0, 22.68, 22.5, 22.25, 22.3, 22.3
2026-09-08, 14:42:28, 22.39, 22.5, 22.75, 22.75, 9999.0, 9999.0, 9999.0, 24.16, 9999.0, 22.7, 9999.0, 22.66, 22.5, 22.25, 22.3, 22.3
2026-09-08, 14:42:32, 22.36, 22.5, 22.75, 22.75, 9999.0, 9999.0, 9999.0, 24.18, 9999.0, 22.7, 9999.0, 22.66, 22.5, 22.25, 22.3, 22.3
2026-09-08, 14:42:36, 22.36, 22.5, 22.75, 22.75, 9999.0, 9999.0, 9999.0, 24.2, 9999.0, 22.7, 9999.0, 22.66, 22.5, 22.25, 22.3, 22.27
2026-09-08, 14:42:40, 22.39, 22.5, 22.75, 22.75, 9999.0, 9999.0, 9999.0, 24.18, 9999.0, 22.68, 9999.0, 22.66, 22.5, 22.25, 22.3, 22.25
2026-09-08, 14:42:44, 22.39, 22.5, 22.75, 22.75, 9999.0, 9999.0, 9999.0, 24.11, 9999.0, 22.66, 9999.0, 22.68, 22.5, 22.25, 22.3, 22.27
2026-09-08, 14:42:48, 22.39, 22.5, 22.75, 22.75, 9999.0, 9999.0, 9999.0, 24.07, 9999.0, 22.64, 9999.0, 22.68, 22.5, 22.25, 22.3, 22.3
2026-09-08, 14:42:52, 22.39, 22.5, 22.75, 22.75, 9999.0, 9999.0, 9999.0, 24.02, 9999.0, 22.64, 9999.0, 22.7, 22.5, 22.25, 22.3, 22.3
2026-09-08, 14:42:56, 22.39, 22.5, 22.75, 22.75, 9999.0, 9999.0, 9999.0, 23.98, 9999.0, 22.64, 9999.0, 22.7, 22.5, 22.25, 22.32, 22.3
2026-09-08, 14:43:00, 22.39, 22.5, 22.75, 22.75, 9999.0, 9999.0, 9999.0, 23.93, 9999.0, 22.64, 9999.0, 22.7, 22.5, 22.25, 22.34, 22.3
2026-09-08, 14:43:04, 22.36, 22.5, 22.75, 22.75, 9999.0, 9999.0, 9999.0, 23.89, 9999.0, 22.66, 9999.0, 22.73, 22.5, 22.25, 22.34, 22.3
2026-09-08, 14:43:08, 22.34, 22.5, 22.75, 22.75, 9999.0, 9999.0, 9999.0, 23.84, 9999.0, 22.7, 9999.0, 22.75, 22.5, 22.25, 22.34, 22.3
2026-09-08, 14:43:12, 22.36, 22.5, 22.75, 22.75, 9999.0, 9999.0, 9999.0, 23.89, 9999.0, 22.75, 9999.0, 22.77, 22.5, 22.25, 22.34, 22.3
2026-09-08, 14:43:16, 22.39, 22.5, 22.75, 22.75, 9999.0, 9999.0, 9999.0, 23.91, 9999.0, 22.75, 9999.0, 22.77, 22.5, 22.25, 22.34, 22.3
2026-09-08, 14:43:20, 22.41, 22.5, 22.75, 22.75, 9999.0, 9999.0, 9999.0, 23.93, 9999.0, 22.75, 9999.0, 22.77, 22.5, 22.25, 22.34, 22.3
2026-09-08, 14:43:24, 22.39, 22.5, 22.75, 22.75, 9999.0, 9999.0, 9999.0, 23.95, 9999.0, 22.77, 9999.0, 22.77, 22.5, 22.25, 22.36, 22.3
2026-09-08, 14:43:28, 22.36, 22.5, 22.75, 22.75, 9999.0, 9999.0, 9999.0, 24.0, 9999.0, 22.8, 9999.0, 22.75, 22.5, 22.25, 22.36, 22.27
2026-09-08, 14:43:32, 22.36, 22.5, 22.75, 22.75, 9999.0, 9999.0, 9999.0, 24.05, 9999.0, 22.82, 9999.0, 22.75, 22.5, 22.27, 22.39, 22.25
2026-09-08, 14:43:36, 22.36, 22.5, 22.75, 22.75, 9999.0, 9999.0, 9999.0, 24.09, 9999.0, 22.82, 9999.0, 22.73, 22.5, 22.27, 22.36, 22.25
2026-09-08, 14:43:40, 22.36, 22.5, 22.75, 22.75, 9999.0, 9999.0, 9999.0, 24.11, 9999.0, 22.82, 9999.0, 22.73, 22.48, 22.27, 22.34, 22.25
2026-09-08, 14:43:44, 22.34, 22.5, 22.75, 22.75, 9999.0, 9999.0, 9999.0, 24.16, 9999.0, 22.82, 9999.0, 22.7, 22.48, 22.27, 22.34, 22.25
2026-09-08, 14:43:48, 22.34, 22.5, 22.75, 22.75, 9999.0, 9999.0, 9999.0, 24.18, 9999.0, 22.77, 9999.0, 22.7, 22.48, 22.27, 22.34, 22.25
2026-09-08, 14:43:52, 22.34, 22.5, 22.75, 22.75, 9999.0, 9999.0, 9999.0, 24.2, 9999.0, 22.73, 9999.0, 22.7, 22.48, 22.27, 22.36, 22.25
2026-09-08, 14:43:56, 22.34, 22.5, 22.75, 22.75, 9999.0, 9999.0, 9999.0, 24.16, 9999.0, 22.68, 9999.0, 22.7, 22.48, 22.27, 22.39, 22.25
2026-09-08, 14:44:00, 22.34, 22.5, 22.75, 22.75, 9999.0, 9999.0, 9999.0, 24.14, 9999.0, 22.66, 9999.0, 22.7, 22.48, 22.27, 22.41, 22.25
2026-09-08, 14:44:04, 22.32, 22.5, 22.75, 22.75, 9999.0, 9999.0, 9999.0, 24.11, 9999.0, 22.64, 9999.0, 22.7, 22.48, 22.27, 22.43, 22.25
2026-09-08, 14:44:08, 22.32, 22.5, 22.75, 22.75, 9999.0, 9999.0, 9999.0, 24.07, 9999.0, 22.61, 9999.0, 22.7, 22.48, 22.27, 22.41, 22.25
2026-09-08, 14:44:12, 22.34, 22.5, 22.75, 22.75, 9999.0, 9999.0, 9999.0, 24.02, 9999.0, 22.61, 9999.0, 22.7, 22.48, 22.3, 22.41, 22.25
2026-09-08, 14:44:16, 22.36, 22.5, 22.75, 22.75, 9999.0, 9999.0, 9999.0, 23.98, 9999.0, 22.61, 9999.0, 22.7, 22.48, 22.27, 22.41, 22.27
2026-09-08, 14:44:20, 22.36, 22.5, 22.75, 22.75, 9999.0, 9999.0, 9999.0, 23.93, 9999.0, 22.61, 9999.0, 22.73, 22.48, 22.27, 22.43, 22.27
2026-09-08, 14:44:24, 22.36, 22.48, 22.75, 22.75, 9999.0, 9999.0, 9999.0, 23.91, 9999.0, 22.61, 9999.0, 22.73, 22.5, 22.27, 22.45, 22.27
2026-09-08, 14:44:28, 22.39, 22.48, 22.75, 22.75, 9999.0, 9999.0, 9999.0, 23.86, 9999.0, 22.61, 9999.0, 22.75, 22.5, 22.27, 22.43, 22.27
2026-09-08, 14:44:32, 22.41, 22.48, 22.75, 22.75, 9999.0, 9999.0, 9999.0, 23.89, 9999.0, 22.64, 9999.0, 22.75, 22.5, 22.27, 22.41, 22.27
2026-09-08, 14:44:36, 22.41, 22.48, 22.75, 22.75, 9999.0, 9999.0, 9999.0, 23.93, 9999.0, 22.66, 9999.0, 22.75, 22.5, 22.27, 22.39, 22.27
2026-09-08, 14:44:40, 22.39, 22.48, 22.75, 22.75, 9999.0, 9999.0, 9999.0, 23.95, 9999.0, 22.68, 9999.0, 22.75, 22.5, 22.27, 22.36, 22.27
2026-09-08, 14:44:44, 22.36, 22.48, 22.75, 22.75, 9999.0, 9999.0, 9999.0, 23.95, 9999.0, 22.7, 9999.0, 22.75, 22.5, 22.27, 22.34, 22.27
2026-09-08, 14:44:48, 22.36, 22.48, 22.75, 22.75, 9999.0, 9999.0, 9999.0, 23.98, 9999.0, 22.73, 9999.0, 22.73, 22.5, 22.27, 22.32, 22.27
2026-09-08, 14:44:52, 22.39, 22.48, 22.75, 22.75, 9999.0, 9999.0, 9999.0, 24.02, 9999.0, 22.75, 9999.0, 22.7, 22.5, 22.27, 22.32, 22.27
2026-09-08, 14:44:56, 22.36, 22.48, 22.75, 22.75, 9999.0, 9999.0, 9999.0, 24.05, 9999.0, 22.75, 9999.0, 22.68, 22.5, 22.25, 22.34, 22.27
2026-09-08, 14:45:00, 22.34, 22.48, 22.75, 22.75, 9999.0, 9999.0, 9999.0, 24.07, 9999.0, 22.75, 9999.0, 22.66, 22.5, 22.25, 22.32, 22.25
2026-09-08, 14:45:05, 22.34, 22.48, 22.75, 22.75, 9999.0, 9999.0, 9999.0, 24.09, 9999.0, 22.75, 9999.0, 22.64, 22.5, 22.25, 22.3, 22.25
2026-09-08, 14:45:09, 22.32, 22.5, 22.75, 22.75, 9999.0, 9999.0, 9999.0, 24.11, 9999.0, 22.75, 9999.0, 22.64, 22.5, 22.25, 22.27, 22.25
2026-09-08, 14:45:13, 22.32, 22.5, 22.75, 22.75, 9999.0, 9999.0, 9999.0, 24.14, 9999.0, 22.73, 9999.0, 22.64, 22.5, 22.25, 22.27, 22.25
2026-09-08, 14:45:17, 22.32, 22.5, 22.75, 22.75, 9999.0, 9999.0, 9999.0, 24.11, 9999.0, 22.7, 9999.0, 22.64, 22.5, 22.25, 22.27, 22.25
2026-09-08, 14:45:21, 22.32, 22.5, 22.75, 22.75, 9999.0, 9999.0, 9999.0, 24.07, 9999.0, 22.68, 9999.0, 22.66, 22.5, 22.25, 22.27, 22.27
2026-09-08, 14:45:25, 22.34, 22.5, 22.75, 22.75, 9999.0, 9999.0, 9999.0, 24.02, 9999.0, 22.66, 9999.0, 22.68, 22.5, 22.25, 22.27, 22.27
2026-09-08, 14:45:29, 22.34, 22.5, 22.75, 22.75, 9999.0, 9999.0, 9999.0, 24.0, 9999.0, 22.66, 9999.0, 22.68, 22.5, 22.25, 22.27, 22.27
2026-09-08, 14:45:33, 22.36, 22.5, 22.75, 22.75, 9999.0, 9999.0, 9999.0, 23.95, 9999.0, 22.66, 9999.0, 22.7, 22.5, 22.25, 22.27, 22.27
2026-09-08, 14:45:37, 22.34, 22.5, 22.75, 22.75, 9999.0, 9999.0, 9999.0, 23.91, 9999.0, 22.66, 9999.0, 22.73, 22.5, 22.25, 22.27, 22.27
2026-09-08, 14:45:41, 22.34, 22.5, 22.75, 22.75, 9999.0, 9999.0, 9999.0, 23.89, 9999.0, 22.68, 9999.0, 22.75, 22.5, 22.25, 22.27, 22.27
2026-09-08, 14:45:45, 22.36, 22.5, 22.75, 22.75, 9999.0, 9999.0, 9999.0, 23.86, 9999.0, 22.68, 9999.0, 22.77, 22.5, 22.25, 22.3, 22.27
2026-09-08, 14:45:49, 22.39, 22.5, 22.75, 22.75, 9999.0, 9999.0, 9999.0, 23.91, 9999.0, 22.68, 9999.0, 22.8, 22.5, 22.25, 22.32, 22.27
2026-09-08, 14:45:53, 22.39, 22.5, 22.75, 22.75, 9999.0, 9999.0, 9999.0, 23.95, 9999.0, 22.68, 9999.0, 22.8, 22.5, 22.25, 22.34, 22.27
2026-09-08, 14:45:57, 22.36, 22.5, 22.75, 22.75, 9999.0, 9999.0, 9999.0, 24.0, 9999.0, 22.7, 9999.0, 22.8, 22.5, 22.25, 22.34, 22.27
2026-09-08, 14:46:01, 22.34, 22.5, 22.75, 22.75, 9999.0, 9999.0, 9999.0, 24.02, 9999.0, 22.73, 9999.0, 22.8, 22.5, 22.25, 22.34, 22.27
2026-09-08, 14:46:05, 22.34, 22.5, 22.75, 22.75, 9999.0, 9999.0, 9999.0, 24.05, 9999.0, 22.75, 9999.0, 22.77, 22.5, 22.25, 22.34, 22.25
2026-09-08, 14:46:09, 22.32, 22.5, 22.75, 22.75, 9999.0, 9999.0, 9999.0, 24.07, 9999.0, 22.77, 9999.0, 22.73, 22.5, 22.25, 22.34, 22.25
2026-09-08, 14:46:13, 22.32, 22.5, 22.75, 22.75, 9999.0, 9999.0, 9999.0, 24.09, 9999.0, 22.77, 9999.0, 22.7, 22.5, 22.25, 22.34, 22.25
2026-09-08, 14:46:17, 22.3, 22.5, 22.75, 22.75, 9999.0, 9999.0, 9999.0, 24.11, 9999.0, 22.77, 9999.0, 22.68, 22.5, 22.25, 22.34, 22.25
2026-09-08, 14:46:21, 22.3, 22.5, 22.75, 22.75, 9999.0, 9999.0, 9999.0, 24.14, 9999.0, 22.77, 9999.0, 22.66, 22.5, 22.25, 22.34, 22.25
2026-09-08, 14:46:25, 22.3, 22.5, 22.75, 22.75, 9999.0, 9999.0, 9999.0, 24.16, 9999.0, 22.75, 9999.0, 22.66, 22.5, 22.25, 22.32, 22.25
2026-09-08, 14:46:29, 22.27, 22.5, 22.75, 22.75, 9999.0, 9999.0, 9999.0, 24.18, 9999.0, 22.75, 9999.0, 22.66, 22.5, 22.25, 22.3, 22.25
2026-09-08, 14:46:33, 22.25, 22.5, 22.75, 22.75, 9999.0, 9999.0, 9999.0, 24.14, 9999.0, 22.73, 9999.0, 22.66, 22.5, 22.25, 22.27, 22.25
2026-09-08, 14:46:37, 22.25, 22.5, 22.75, 22.75, 9999.0, 9999.0, 9999.0, 24.09, 9999.0, 22.7, 9999.0, 22.66, 22.5, 22.25, 22.25, 22.25
2026-09-08, 14:46:41, 22.25, 22.5, 22.75, 22.75, 9999.0, 9999.0, 9999.0, 24.05, 9999.0, 22.68, 9999.0, 22.66, 22.5, 22.25, 22.25, 22.25
2026-09-08, 14:46:45, 22.25, 22.5, 22.75, 22.75, 9999.0, 9999.0, 9999.0, 24.0, 9999.0, 22.68, 9999.0, 22.66, 22.5, 22.25, 22.27, 22.25
2026-09-08, 14:46:49, 22.25, 22.5, 22.75, 22.75, 9999.0, 9999.0, 9999.0, 23.95, 9999.0, 22.68, 9999.0, 22.66, 22.5, 22.25, 22.3, 22.25
2026-09-08, 14:46:53, 22.25, 22.5, 22.75, 22.75, 9999.0, 9999.0, 9999.0, 23.93, 9999.0, 22.68, 9999.0, 22.68, 22.5, 22.25, 22.32, 22.25
2026-09-08, 14:46:57, 22.25, 22.5, 22.75, 22.75, 9999.0, 9999.0, 9999.0, 23.91, 9999.0, 22.7, 9999.0, 22.7, 22.5, 22.25, 22.32, 22.25
2026-09-08, 14:47:01, 22.27, 22.5, 22.75, 22.75, 9999.0, 9999.0, 9999.0, 23.89, 9999.0, 22.7, 9999.0, 22.73, 22.5, 22.25, 22.32, 22.25
2026-09-08, 14:47:05, 22.3, 22.5, 22.75, 22.75, 9999.0, 9999.0, 9999.0, 23.93, 9999.0, 22.7, 9999.0, 22.75, 22.5, 22.25, 22.32, 22.25
2026-09-08, 14:47:09, 22.3, 22.5, 22.75, 22.75, 9999.0, 9999.0, 9999.0, 23.95, 9999.0, 22.7, 9999.0, 22.75, 22.5, 22.25, 22.32, 22.27
2026-09-08, 14:47:13, 22.32, 22.5, 22.75, 22.75, 9999.0, 9999.0, 9999.0, 23.98, 9999.0, 22.7, 9999.0, 22.75, 22.5, 22.25, 22.32, 22.27
2026-09-08, 14:47:17, 22.34, 22.5, 22.75, 22.75, 9999.0, 9999.0, 9999.0, 24.0, 9999.0, 22.73, 9999.0, 22.75, 22.5, 22.25, 22.32, 22.27
2026-09-08, 14:47:21, 22.34, 22.5, 22.75, 22.75, 9999.0, 9999.0, 9999.0, 24.02, 9999.0, 22.75, 9999.0, 22.73, 22.5, 22.25, 22.32, 22.27
2026-09-08, 14:47:25, 22.34, 22.5, 22.75, 22.75, 9999.0, 9999.0, 9999.0, 24.05, 9999.0, 22.75, 9999.0, 22.73, 22.5, 22.25, 22.32, 22.27
2026-09-08, 14:47:29, 22.36, 22.5, 22.75, 22.75, 9999.0, 9999.0, 9999.0, 24.09, 9999.0, 22.73, 9999.0, 22.7, 22.5, 22.25, 22.3, 22.27
2026-09-08, 14:47:33, 22.36, 22.5, 22.75, 22.75, 9999.0, 9999.0, 9999.0, 24.11, 9999.0, 22.7, 9999.0, 22.68, 22.5, 22.25, 22.27, 22.27
2026-09-08, 14:47:37, 22.36, 22.5, 22.75, 22.75, 9999.0, 9999.0, 9999.0, 24.16, 9999.0, 22.68, 9999.0, 22.66, 22.5, 22.25, 22.25, 22.27
2026-09-08, 14:47:41, 22.39, 22.5, 22.75, 22.75, 9999.0, 9999.0, 9999.0, 24.18, 9999.0, 22.64, 9999.0, 22.64, 22.5, 22.25, 22.25, 22.27
2026-09-08, 14:47:45, 22.36, 22.5, 22.75, 22.75, 9999.0, 9999.0, 9999.0, 24.2, 9999.0, 22.61, 9999.0, 22.64, 22.5, 22.25, 22.25, 22.27
2026-09-08, 14:47:49, 22.34, 22.5, 22.75, 22.75, 9999.0, 9999.0, 9999.0, 24.16, 9999.0, 22.59, 9999.0, 22.64, 22.5, 22.25, 22.25, 22.27
2026-09-08, 14:47:53, 22.34, 22.5, 22.75, 22.75, 9999.0, 9999.0, 9999.0, 24.14, 9999.0, 22.57, 9999.0, 22.64, 22.5, 22.25, 22.25, 22.25
2026-09-08, 14:47:57, 22.32, 22.5, 22.75, 22.75, 9999.0, 9999.0, 9999.0, 24.09, 9999.0, 22.55, 9999.0, 22.64, 22.5, 22.25, 22.25, 22.25
2026-09-08, 14:48:01, 22.3, 22.5, 22.75, 22.75, 9999.0, 9999.0, 9999.0, 24.05, 9999.0, 22.52, 9999.0, 22.64, 22.5, 22.25, 22.25, 22.25
2026-09-08, 14:48:05, 22.3, 22.5, 22.75, 22.75, 9999.0, 9999.0, 9999.0, 24.0, 9999.0, 22.52, 9999.0, 22.66, 22.5, 22.25, 22.25, 22.25
2026-09-08, 14:48:09, 22.3, 22.5, 22.75, 22.75, 9999.0, 9999.0, 9999.0, 23.95, 9999.0, 22.55, 9999.0, 22.66, 22.5, 22.25, 22.25, 22.25
2026-09-08, 14:48:13, 22.27, 22.5, 22.75, 22.75, 9999.0, 9999.0, 9999.0, 23.91, 9999.0, 22.57, 9999.0, 22.68, 22.5, 22.25, 22.25, 22.25
2026-09-08, 14:48:17, 22.3, 22.5, 22.75, 22.75, 9999.0, 9999.0, 9999.0, 23.89, 9999.0, 22.59, 9999.0, 22.7, 22.5, 22.25, 22.25, 22.25
2026-09-08, 14:48:21, 22.3, 22.5, 22.75, 22.75, 9999.0, 9999.0, 9999.0, 23.84, 9999.0, 22.61, 9999.0, 22.73, 22.5, 22.25, 22.25, 22.25
2026-09-08, 14:48:25, 22.27, 22.5, 22.75, 22.75, 9999.0, 9999.0, 9999.0, 23.89, 9999.0, 22.64, 9999.0, 22.75, 22.5, 22.25, 22.25, 22.25
2026-09-08, 14:48:29, 22.3, 22.5, 22.75, 22.75, 9999.0, 9999.0, 9999.0, 23.91, 9999.0, 22.64, 9999.0, 22.75, 22.5, 22.25, 22.25, 22.25
2026-09-08, 14:48:33, 22.3, 22.5, 22.75, 22.75, 9999.0, 9999.0, 9999.0, 23.93, 9999.0, 22.64, 9999.0, 22.75, 22.5, 22.25, 22.25, 22.25
2026-09-08, 14:48:37, 22.3, 22.5, 22.75, 22.75, 9999.0, 9999.0, 9999.0, 23.95, 9999.0, 22.66, 9999.0, 22.73, 22.5, 22.25, 22.27, 22.25
2026-09-08, 14:48:41, 22.3, 22.5, 22.75, 22.75, 9999.0, 9999.0, 9999.0, 24.0, 9999.0, 22.66, 9999.0, 22.7, 22.5, 22.25, 22.27, 22.25
2026-09-08, 14:48:46, 22.3, 22.5, 22.75, 22.75, 9999.0, 9999.0, 9999.0, 24.02, 9999.0, 22.66, 9999.0, 22.68, 22.5, 22.25, 22.27, 22.25
2026-09-08, 14:48:50, 22.3, 22.5, 22.75, 22.75, 9999.0, 9999.0, 9999.0, 24.05, 9999.0, 22.64, 9999.0, 22.66, 22.5, 22.25, 22.27, 22.25
2026-09-08, 14:48:54, 22.3, 22.5, 22.75, 22.75, 9999.0, 9999.0, 9999.0, 24.07, 9999.0, 22.61, 9999.0, 22.64, 22.5, 22.25, 22.27, 22.25
2026-09-08, 14:48:58, 22.3, 22.5, 22.75, 22.75, 9999.0, 9999.0, 9999.0, 24.09, 9999.0, 22.59, 9999.0, 22.61, 22.5, 22.25, 22.27, 22.25
2026-09-08, 14:49:02, 22.27, 22.5, 22.75, 22.75, 9999.0, 9999.0, 9999.0, 24.11, 9999.0, 22.57, 9999.0, 22.61, 22.5, 22.25, 22.27, 22.25
2026-09-08, 14:49:06, 22.3, 22.5, 22.75, 22.75, 9999.0, 9999.0, 9999.0, 24.14, 9999.0, 22.55, 9999.0, 22.61, 22.5, 22.25, 22.27, 22.25
2026-09-08, 14:49:10, 22.3, 22.5, 22.75, 22.75, 9999.0, 9999.0, 9999.0, 24.07, 9999.0, 22.52, 9999.0, 22.61, 22.5, 22.25, 22.27, 22.25
2026-09-08, 14:49:14, 22.27, 22.5, 22.75, 22.75, 9999.0, 9999.0, 9999.0, 24.05, 9999.0, 22.52, 9999.0, 22.61, 22.5, 22.25, 22.27, 22.25
2026-09-08, 14:49:18, 22.27, 22.5, 22.75, 22.75, 9999.0, 9999.0, 9999.0, 24.0, 9999.0, 22.52, 9999.0, 22.61, 22.5, 22.25, 22.3, 22.25
2026-09-08, 14:49:22, 22.27, 22.5, 22.75, 22.75, 9999.0, 9999.0, 9999.0, 23.95, 9999.0, 22.52, 9999.0, 22.64, 22.5, 22.25, 22.27, 22.25
2026-09-08, 14:49:26, 22.27, 22.5, 22.75, 22.75, 9999.0, 9999.0, 9999.0, 23.91, 9999.0, 22.52, 9999.0, 22.66, 22.5, 22.25, 22.27, 22.25
2026-09-08, 14:49:30, 22.27, 22.5, 22.75, 22.75, 9999.0, 9999.0, 9999.0, 23.86, 9999.0, 22.55, 9999.0, 22.68, 22.5, 22.25, 22.27, 22.25
2026-09-08, 14:49:34, 22.27, 22.5, 22.75, 22.75, 9999.0, 9999.0, 9999.0, 23.84, 9999.0, 22.57, 9999.0, 22.7, 22.5, 22.25, 22.3, 22.25
2026-09-08, 14:49:38, 22.27, 22.5, 22.75, 22.75, 9999.0, 9999.0, 9999.0, 23.8, 9999.0, 22.59, 9999.0, 22.73, 22.5, 22.25, 22.3, 22.25
2026-09-08, 14:49:42, 22.27, 22.5, 22.75, 22.75, 9999.0, 9999.0, 9999.0, 23.84, 9999.0, 22.61, 9999.0, 22.75, 22.5, 22.25, 22.3, 22.25
2026-09-08, 14:49:46, 22.27, 22.5, 22.75, 22.75, 9999.0, 9999.0, 9999.0, 23.86, 9999.0, 22.64, 9999.0, 22.75, 22.5, 22.25, 22.3, 22.25
2026-09-08, 14:49:50, 22.25, 22.5, 22.75, 22.75, 9999.0, 9999.0, 9999.0, 23.89, 9999.0, 22.66, 9999.0, 22.75, 22.5, 22.25, 22.3, 22.25
2026-09-08, 14:49:54, 22.25, 22.5, 22.75, 22.75, 9999.0, 9999.0, 9999.0, 23.93, 9999.0, 22.66, 9999.0, 22.75, 22.5, 22.25, 22.32, 22.25
2026-09-08, 14:49:58, 22.27, 22.5, 22.75, 22.75, 9999.0, 9999.0, 9999.0, 23.95, 9999.0, 22.66, 9999.0, 22.75, 22.5, 22.25, 22.34, 22.25
2026-09-08, 14:50:02, 22.27, 22.5, 22.75, 22.75, 9999.0, 9999.0, 9999.0, 23.98, 9999.0, 22.66, 9999.0, 22.75, 22.5, 22.25, 22.32, 22.25
2026-09-08, 14:50:06, 22.27, 22.5, 22.75, 22.75, 9999.0, 9999.0, 9999.0, 24.0, 9999.0, 22.64, 9999.0, 22.73, 22.5, 22.25, 22.34, 22.25
2026-09-08, 14:50:10, 22.27, 22.5, 22.75, 22.75, 9999.0, 9999.0, 9999.0, 24.02, 9999.0, 22.64, 9999.0, 22.7, 22.5, 22.25, 22.34, 22.25
2026-09-08, 14:50:14, 22.3, 22.5, 22.75, 22.75, 9999.0, 9999.0, 9999.0, 24.07, 9999.0, 22.61, 9999.0, 22.68, 22.5, 22.25, 22.34, 22.25
2026-09-08, 14:50:18, 22.3, 22.5, 22.75, 22.75, 9999.0, 9999.0, 9999.0, 24.09, 9999.0, 22.59, 9999.0, 22.68, 22.5, 22.25, 22.32, 22.25
2026-09-08, 14:50:22, 22.3, 22.5, 22.75, 22.75, 9999.0, 9999.0, 9999.0, 24.14, 9999.0, 22.57, 9999.0, 22.68, 22.5, 22.25, 22.32, 22.25
2026-09-08, 14:50:26, 22.3, 22.5, 22.75, 22.75, 9999.0, 9999.0, 9999.0, 24.09, 9999.0, 22.55, 9999.0, 22.68, 22.5, 22.25, 22.32, 22.25
2026-09-08, 14:50:30, 22.3, 22.5, 22.75, 22.75, 9999.0, 9999.0, 9999.0, 24.07, 9999.0, 22.5, 9999.0, 22.7, 22.5, 22.25, 22.34, 22.25
2026-09-08, 14:50:34, 22.32, 22.5, 22.75, 22.75, 9999.0, 9999.0, 9999.0, 24.02, 9999.0, 22.45, 9999.0, 22.7, 22.5, 22.25, 22.34, 22.25
2026-09-08, 14:50:38, 22.32, 22.5, 22.75, 22.75, 9999.0, 9999.0, 9999.0, 23.98, 9999.0, 22.45, 9999.0, 22.7, 22.5, 22.25, 22.32, 22.25
2026-09-08, 14:50:42, 22.3, 22.5, 22.75, 22.75, 9999.0, 9999.0, 9999.0, 23.91, 9999.0, 22.45, 9999.0, 22.7, 22.5, 22.25, 22.3, 22.25
2026-09-08, 14:50:46, 22.3, 22.5, 22.75, 22.75, 9999.0, 9999.0, 9999.0, 23.89, 9999.0, 22.45, 9999.0, 22.7, 22.5, 22.25, 22.3, 22.25
2026-09-08, 14:50:50, 22.3, 22.5, 22.75, 22.75, 9999.0, 9999.0, 9999.0, 23.84, 9999.0, 22.48, 9999.0, 22.73, 22.5, 22.25, 22.3, 22.25
2026-09-08, 14:50:54, 22.3, 22.5, 22.75, 22.75, 9999.0, 9999.0, 9999.0, 23.8, 9999.0, 22.5, 9999.0, 22.75, 22.5, 22.25, 22.32, 22.25
2026-09-08, 14:50:58, 22.27, 22.5, 22.75, 22.75, 9999.0, 9999.0, 9999.0, 23.75, 9999.0, 22.5, 9999.0, 22.77, 22.5, 22.25, 22.32, 22.25
2026-09-08, 14:51:02, 22.27, 22.5, 22.75, 22.75, 9999.0, 9999.0, 9999.0, 23.77, 9999.0, 22.5, 9999.0, 22.77, 22.5, 22.25, 22.34, 22.25
2026-09-08, 14:51:06, 22.27, 22.5, 22.75, 22.75, 9999.0, 9999.0, 9999.0, 23.8, 9999.0, 22.5, 9999.0, 22.77, 22.5, 22.25, 22.36, 22.25
2026-09-08, 14:51:10, 22.27, 22.5, 22.75, 22.75, 9999.0, 9999.0, 9999.0, 23.8, 9999.0, 22.5, 9999.0, 22.75, 22.5, 22.25, 22.36, 22.25
2026-09-08, 14:51:14, 22.27, 22.5, 22.75, 22.75, 9999.0, 9999.0, 9999.0, 23.8, 9999.0, 22.52, 9999.0, 22.73, 22.5, 22.25, 22.34, 22.25
2026-09-08, 14:51:18, 22.25, 22.5, 22.75, 22.75, 9999.0, 9999.0, 9999.0, 23.82, 9999.0, 22.55, 9999.0, 22.7, 22.5, 22.25, 22.34, 22.25
2026-09-08, 14:51:22, 22.25, 22.5, 22.75, 22.75, 9999.0, 9999.0, 9999.0, 23.84, 9999.0, 22.55, 9999.0, 22.68, 22.5, 22.25, 22.34, 22.25
2026-09-08, 14:51:26, 22.25, 22.5, 22.75, 22.75, 9999.0, 9999.0, 9999.0, 23.86, 9999.0, 22.55, 9999.0, 22.66, 22.5, 22.25, 22.34, 22.25
2026-09-08, 14:51:30, 22.25, 22.5, 22.75, 22.75, 9999.0, 9999.0, 9999.0, 23.89, 9999.0, 22.55, 9999.0, 22.64, 22.5, 22.25, 22.34, 22.25
2026-09-08, 14:51:34, 22.25, 22.5, 22.75, 22.75, 9999.0, 9999.0, 9999.0, 23.91, 9999.0, 22.52, 9999.0, 22.61, 22.5, 22.25, 22.32, 22.25
2026-09-08, 14:51:38, 22.25, 22.5, 22.75, 22.75, 9999.0, 9999.0, 9999.0, 23.95, 9999.0, 22.5, 9999.0, 22.61, 22.5, 22.25, 22.3, 22.25
2026-09-08, 14:51:42, 22.27, 22.5, 22.75, 22.75, 9999.0, 9999.0, 9999.0, 23.98, 9999.0, 22.48, 9999.0, 22.61, 22.5, 22.25, 22.3, 22.25
2026-09-08, 14:51:46, 22.27, 22.5, 22.75, 22.75, 9999.0, 9999.0, 9999.0, 23.93, 9999.0, 22.45, 9999.0, 22.61, 22.5, 22.25, 22.3, 22.25
2026-09-08, 14:51:50, 22.27, 22.5, 22.75, 22.75, 9999.0, 9999.0, 9999.0, 23.89, 9999.0, 22.43, 9999.0, 22.61, 22.5, 22.25, 22.3, 22.25
2026-09-08, 14:51:54, 22.27, 22.5, 22.75, 22.75, 9999.0, 9999.0, 9999.0, 23.86, 9999.0, 22.41, 9999.0, 22.64, 22.5, 22.25, 22.3, 22.25
2026-09-08, 14:51:58, 22.27, 22.5, 22.75, 22.75, 9999.0, 9999.0, 9999.0, 23.84, 9999.0, 22.41, 9999.0, 22.64, 22.5, 22.25, 22.32, 22.25
2026-09-08, 14:52:02, 22.27, 22.5, 22.75, 22.75, 9999.0, 9999.0, 9999.0, 23.82, 9999.0, 22.41, 9999.0, 22.66, 22.5, 22.25, 22.32, 22.25
2026-09-08, 14:52:06, 22.27, 22.5, 22.75, 22.75, 9999.0, 9999.0, 9999.0, 23.77, 9999.0, 22.41, 9999.0, 22.68, 22.5, 22.25, 22.34, 22.25
2026-09-08, 14:52:10, 22.27, 22.5, 22.75, 22.75, 9999.0, 9999.0, 9999.0, 23.75, 9999.0, 22.41, 9999.0, 22.7, 22.5, 22.25, 22.34, 22.25
2026-09-08, 14:52:14, 22.27, 22.5, 22.75, 22.75, 9999.0, 9999.0, 9999.0, 23.7, 9999.0, 22.41, 9999.0, 22.73, 22.5, 22.25, 22.34, 22.25
2026-09-08, 14:52:18, 22.27, 22.5, 22.75, 22.75, 9999.0, 9999.0, 9999.0, 23.75, 9999.0, 22.41, 9999.0, 22.75, 22.5, 22.25, 22.36, 22.25
2026-09-08, 14:52:22, 22.27, 22.5, 22.75, 22.75, 9999.0, 9999.0, 9999.0, 23.77, 9999.0, 22.41, 9999.0, 22.75, 22.5, 22.25, 22.36, 22.25
2026-09-08, 14:52:26, 22.27, 22.5, 22.75, 22.75, 9999.0, 9999.0, 9999.0, 23.82, 9999.0, 22.43, 9999.0, 22.75, 22.5, 22.25, 22.36, 22.25
2026-09-08, 14:52:30, 22.27, 22.5, 22.75, 22.75, 9999.0, 9999.0, 9999.0, 23.84, 9999.0, 22.45, 9999.0, 22.75, 22.5, 22.25, 22.34, 22.25
2026-09-08, 14:52:34, 22.3, 22.5, 22.75, 22.75, 9999.0, 9999.0, 9999.0, 23.86, 9999.0, 22.48, 9999.0, 22.75, 22.5, 22.25, 22.32, 22.25
2026-09-08, 14:52:39, 22.32, 22.5, 22.75, 22.75, 9999.0, 9999.0, 9999.0, 23.89, 9999.0, 22.5, 9999.0, 22.73, 22.5, 22.25, 22.32, 22.25
2026-09-08, 14:52:43, 22.32, 22.5, 22.75, 22.75, 9999.0, 9999.0, 9999.0, 23.91, 9999.0, 22.5, 9999.0, 22.7, 22.5, 22.25, 22.3, 22.25
2026-09-08, 14:52:47, 22.32, 22.5, 22.75, 22.75, 9999.0, 9999.0, 9999.0, 23.93, 9999.0, 22.5, 9999.0, 22.68, 22.5, 22.25, 22.3, 22.25
2026-09-08, 14:52:51, 22.32, 22.5, 22.75, 22.75, 9999.0, 9999.0, 9999.0, 23.98, 9999.0, 22.5, 9999.0, 22.66, 22.5, 22.25, 22.27, 22.25
2026-09-08, 14:52:55, 22.32, 22.5, 22.75, 22.75, 9999.0, 9999.0, 9999.0, 24.02, 9999.0, 22.48, 9999.0, 22.66, 22.5, 22.25, 22.27, 22.25
2026-09-08, 14:52:59, 22.34, 22.5, 22.75, 22.75, 9999.0, 9999.0, 9999.0, 24.07, 9999.0, 22.45, 9999.0, 22.66, 22.5, 22.25, 22.27, 22.25
2026-09-08, 14:53:03, 22.34, 22.5, 22.75, 22.75, 9999.0, 9999.0, 9999.0, 24.02, 9999.0, 22.43, 9999.0, 22.66, 22.5, 22.25, 22.25, 22.25
2026-09-08, 14:53:07, 22.34, 22.5, 22.75, 22.75, 9999.0, 9999.0, 9999.0, 23.98, 9999.0, 22.41, 9999.0, 22.66, 22.5, 22.25, 22.27, 22.25
2026-09-08, 14:53:11, 22.32, 22.5, 22.75, 22.75, 9999.0, 9999.0, 9999.0, 23.93, 9999.0, 22.39, 9999.0, 22.66, 22.5, 22.25, 22.27, 22.27
2026-09-08, 14:53:15, 22.32, 22.5, 22.75, 22.75, 9999.0, 9999.0, 9999.0, 23.91, 9999.0, 22.39, 9999.0, 22.66, 22.5, 22.25, 22.27, 22.27
2026-09-08, 14:53:19, 22.3, 22.5, 22.75, 22.75, 9999.0, 9999.0, 9999.0, 23.89, 9999.0, 22.39, 9999.0, 22.66, 22.5, 22.25, 22.3, 22.27
2026-09-08, 14:53:23, 22.3, 22.5, 22.75, 22.75, 9999.0, 9999.0, 9999.0, 23.86, 9999.0, 22.39, 9999.0, 22.68, 22.5, 22.25, 22.3, 22.27
2026-09-08, 14:53:27, 22.3, 22.5, 22.75, 22.75, 9999.0, 9999.0, 9999.0, 23.82, 9999.0, 22.41, 9999.0, 22.7, 22.5, 22.25, 22.3, 22.27
2026-09-08, 14:53:31, 22.3, 22.5, 22.75, 22.75, 9999.0, 9999.0, 9999.0, 23.77, 9999.0, 22.41, 9999.0, 22.73, 22.5, 22.25, 22.3, 22.27
2026-09-08, 14:53:35, 22.3, 22.5, 22.75, 22.75, 9999.0, 9999.0, 9999.0, 23.8, 9999.0, 22.41, 9999.0, 22.75, 22.5, 22.25, 22.3, 22.27
2026-09-08, 14:53:39, 22.3, 22.5, 22.75, 22.75, 9999.0, 9999.0, 9999.0, 23.82, 9999.0, 22.43, 9999.0, 22.75, 22.5, 22.25, 22.3, 22.27
2026-09-08, 14:53:43, 22.27, 22.5, 22.75, 22.75, 9999.0, 9999.0, 9999.0, 23.82, 9999.0, 22.45, 9999.0, 22.75, 22.5, 22.25, 22.32, 22.27
2026-09-08, 14:53:47, 22.27, 22.5, 22.75, 22.75, 9999.0, 9999.0, 9999.0, 23.84, 9999.0, 22.45, 9999.0, 22.73, 22.5, 22.25, 22.32, 22.27
2026-09-08, 14:53:51, 22.27, 22.5, 22.75, 22.75, 9999.0, 9999.0, 9999.0, 23.86, 9999.0, 22.48, 9999.0, 22.7, 22.5, 22.25, 22.3, 22.27
2026-09-08, 14:53:55, 22.27, 22.5, 22.75, 22.75, 9999.0, 9999.0, 9999.0, 23.89, 9999.0, 22.48, 9999.0, 22.68, 22.5, 22.25, 22.3, 22.25
2026-09-08, 14:53:59, 22.27, 22.5, 22.75, 22.75, 9999.0, 9999.0, 9999.0, 23.89, 9999.0, 22.45, 9999.0, 22.66, 22.5, 22.25, 22.3, 22.25
2026-09-08, 14:54:03, 22.27, 22.5, 22.75, 22.75, 9999.0, 9999.0, 9999.0, 23.91, 9999.0, 22.43, 9999.0, 22.64, 22.5, 22.25, 22.27, 22.25
2026-09-08, 14:54:07, 22.25, 22.5, 22.75, 22.75, 9999.0, 9999.0, 9999.0, 23.93, 9999.0, 22.41, 9999.0, 22.61, 22.5, 22.25, 22.3, 22.25
2026-09-08, 14:54:11, 22.25, 22.5, 22.75, 22.75, 9999.0, 9999.0, 9999.0, 23.95, 9999.0, 22.39, 9999.0, 22.61, 22.5, 22.25, 22.3, 22.25
2026-09-08, 14:54:15, 22.25, 22.5, 22.75, 22.75, 9999.0, 9999.0, 9999.0, 23.98, 9999.0, 22.36, 9999.0, 22.61, 22.5, 22.25, 22.3, 22.25
2026-09-08, 14:54:19, 22.25, 22.5, 22.75, 22.75, 9999.0, 9999.0, 9999.0, 23.93, 9999.0, 22.34, 9999.0, 22.61, 22.5, 22.25, 22.3, 22.25
2026-09-08, 14:54:23, 22.25, 22.5, 22.75, 22.75, 9999.0, 9999.0, 9999.0, 23.89, 9999.0, 22.32, 9999.0, 22.61, 22.5, 22.25, 22.32, 22.25
2026-09-08, 14:54:27, 22.25, 22.5, 22.75, 22.75, 9999.0, 9999.0, 9999.0, 23.86, 9999.0, 22.3, 9999.0, 22.61, 22.5, 22.25, 22.32, 22.25
2026-09-08, 14:54:31, 22.25, 22.5, 22.75, 22.75, 9999.0, 9999.0, 9999.0, 23.82, 9999.0, 22.32, 9999.0, 22.64, 22.5, 22.25, 22.34, 22.25
2026-09-08, 14:54:35, 22.25, 22.5, 22.75, 22.75, 9999.0, 9999.0, 9999.0, 23.77, 9999.0, 22.32, 9999.0, 22.66, 22.5, 22.25, 22.34, 22.25
2026-09-08, 14:54:39, 22.25, 22.5, 22.75, 22.75, 9999.0, 9999.0, 9999.0, 23.75, 9999.0, 22.34, 9999.0, 22.68, 22.5, 22.25, 22.36, 22.25
2026-09-08, 14:54:43, 22.25, 22.5, 22.75, 22.75, 9999.0, 9999.0, 9999.0, 23.73, 9999.0, 22.39, 9999.0, 22.7, 22.5, 22.25, 22.39, 22.25
2026-09-08, 14:54:47, 22.25, 22.5, 22.75, 22.75, 9999.0, 9999.0, 9999.0, 23.68, 9999.0, 22.41, 9999.0, 22.73, 22.5, 22.25, 22.41, 22.25
2026-09-08, 14:54:51, 22.27, 22.5, 22.75, 22.75, 9999.0, 9999.0, 9999.0, 23.7, 9999.0, 22.43, 9999.0, 22.75, 22.5, 22.25, 22.41, 22.25
2026-09-08, 14:54:55, 22.3, 22.5, 22.75, 22.75, 9999.0, 9999.0, 9999.0, 23.75, 9999.0, 22.43, 9999.0, 22.75, 22.5, 22.25, 22.41, 22.25
2026-09-08, 14:54:59, 22.3, 22.5, 22.75, 22.75, 9999.0, 9999.0, 9999.0, 23.8, 9999.0, 22.45, 9999.0, 22.75, 22.5, 22.25, 22.41, 22.25
2026-09-08, 14:55:03, 22.3, 22.5, 22.75, 22.75, 9999.0, 9999.0, 9999.0, 23.82, 9999.0, 22.48, 9999.0, 22.75, 22.5, 22.25, 22.41, 22.25
2026-09-08, 14:55:07, 22.32, 22.5, 22.75, 22.75, 9999.0, 9999.0, 9999.0, 23.84, 9999.0, 22.48, 9999.0, 22.73, 22.5, 22.25, 22.39, 22.25
2026-09-08, 14:55:11, 22.32, 22.5, 22.75, 22.75, 9999.0, 9999.0, 9999.0, 23.86, 9999.0, 22.48, 9999.0, 22.73, 22.5, 22.25, 22.36, 22.25
2026-09-08, 14:55:15, 22.32, 22.5, 22.75, 22.75, 9999.0, 9999.0, 9999.0, 23.91, 9999.0, 22.45, 9999.0, 22.7, 22.5, 22.25, 22.34, 22.25
2026-09-08, 14:55:19, 22.32, 22.5, 22.75, 22.75, 9999.0, 9999.0, 9999.0, 23.93, 9999.0, 22.43, 9999.0, 22.68, 22.5, 22.25, 22.34, 22.25
2026-09-08, 14:55:23, 22.32, 22.5, 22.75, 22.75, 9999.0, 9999.0, 9999.0, 23.93, 9999.0, 22.41, 9999.0, 22.66, 22.5, 22.25, 22.32, 22.27
2026-09-08, 14:55:27, 22.32, 22.5, 22.75, 22.75, 9999.0, 9999.0, 9999.0, 23.95, 9999.0, 22.36, 9999.0, 22.66, 22.5, 22.25, 22.3, 22.27
2026-09-08, 14:55:31, 22.32, 22.5, 22.75, 22.75, 9999.0, 9999.0, 9999.0, 23.98, 9999.0, 22.34, 9999.0, 22.66, 22.5, 22.25, 22.27, 22.27
2026-09-08, 14:55:35, 22.3, 22.5, 22.75, 22.75, 9999.0, 9999.0, 9999.0, 23.93, 9999.0, 22.32, 9999.0, 22.66, 22.5, 22.25, 22.25, 22.27
2026-09-08, 14:55:39, 22.27, 22.5, 22.75, 22.75, 9999.0, 9999.0, 9999.0, 23.89, 9999.0, 22.27, 9999.0, 22.68, 22.5, 22.25, 22.25, 22.3
2026-09-08, 14:55:43, 22.27, 22.5, 22.75, 22.75, 9999.0, 9999.0, 9999.0, 23.84, 9999.0, 22.23, 9999.0, 22.7, 22.5, 22.25, 22.27, 22.3
2026-09-08, 14:55:47, 22.27, 22.5, 22.75, 22.75, 9999.0, 9999.0, 9999.0, 23.82, 9999.0, 22.2, 9999.0, 22.7, 22.5, 22.25, 22.3, 22.32
2026-09-08, 14:55:51, 22.25, 22.5, 22.75, 22.75, 9999.0, 9999.0, 9999.0, 23.8, 9999.0, 22.2, 9999.0, 22.73, 22.5, 22.25, 22.32, 22.34
2026-09-08, 14:55:55, 22.25, 22.5, 22.75, 22.75, 9999.0, 9999.0, 9999.0, 23.75, 9999.0, 22.23, 9999.0, 22.73, 22.5, 22.25, 22.34, 22.36
2026-09-08, 14:55:59, 22.25, 22.5, 22.75, 22.75, 9999.0, 9999.0, 9999.0, 23.7, 9999.0, 22.25, 9999.0, 22.75, 22.5, 22.25, 22.36, 22.39
2026-09-08, 14:56:03, 22.25, 22.5, 22.75, 22.75, 9999.0, 9999.0, 9999.0, 23.68, 9999.0, 22.27, 9999.0, 22.77, 22.5, 22.25, 22.36, 22.39
2026-09-08, 14:56:07, 22.25, 22.5, 22.75, 22.75, 9999.0, 9999.0, 9999.0, 23.73, 9999.0, 22.3, 9999.0, 22.8, 22.5, 22.25, 22.36, 22.36
2026-09-08, 14:56:11, 22.25, 22.5, 22.75, 22.75, 9999.0, 9999.0, 9999.0, 23.77, 9999.0, 22.32, 9999.0, 22.8, 22.5, 22.25, 22.39, 22.36
2026-09-08, 14:56:15, 22.25, 22.5, 22.75, 22.75, 9999.0, 9999.0, 9999.0, 23.8, 9999.0, 22.32, 9999.0, 22.8, 22.5, 22.25, 22.39, 22.36
2026-09-08, 14:56:19, 22.25, 22.5, 22.75, 22.75, 9999.0, 9999.0, 9999.0, 23.82, 9999.0, 22.32, 9999.0, 22.8, 22.5, 22.25, 22.39, 22.36
2026-09-08, 14:56:23, 22.27, 22.5, 22.75, 22.75, 9999.0, 9999.0, 9999.0, 23.84, 9999.0, 22.34, 9999.0, 22.75, 22.5, 22.25, 22.39, 22.34
2026-09-08, 14:56:28, 22.27, 22.5, 22.75, 22.75, 9999.0, 9999.0, 9999.0, 23.86, 9999.0, 22.36, 9999.0, 22.73, 22.5, 22.25, 22.39, 22.34
2026-09-08, 14:56:32, 22.27, 22.5, 22.75, 22.75, 9999.0, 9999.0, 9999.0, 23.86, 9999.0, 22.36, 9999.0, 22.7, 22.5, 22.25, 22.36, 22.32
2026-09-08, 14:56:36, 22.27, 22.5, 22.75, 22.75, 9999.0, 9999.0, 9999.0, 23.86, 9999.0, 22.36, 9999.0, 22.68, 22.5, 22.25, 22.34, 22.32
2026-09-08, 14:56:40, 22.27, 22.5, 22.75, 22.75, 9999.0, 9999.0, 9999.0, 23.89, 9999.0, 22.34, 9999.0, 22.66, 22.5, 22.25, 22.32, 22.3
2026-09-08, 14:56:44, 22.27, 22.5, 22.75, 22.75, 9999.0, 9999.0, 9999.0, 23.91, 9999.0, 22.32, 9999.0, 22.66, 22.5, 22.25, 22.3, 22.27
2026-09-08, 14:56:48, 22.27, 22.5, 22.75, 22.75, 9999.0, 9999.0, 9999.0, 23.93, 9999.0, 22.27, 9999.0, 22.66, 22.5, 22.25, 22.3, 22.27
2026-09-08, 14:56:52, 22.27, 22.5, 22.75, 22.75, 9999.0, 9999.0, 9999.0, 23.86, 9999.0, 22.23, 9999.0, 22.66, 22.5, 22.25, 22.32, 22.3
2026-09-08, 14:56:56, 22.27, 22.5, 22.75, 22.75, 9999.0, 9999.0, 9999.0, 23.8, 9999.0, 22.2, 9999.0, 22.68, 22.5, 22.25, 22.3, 22.3
2026-09-08, 14:57:00, 22.27, 22.5, 22.75, 22.75, 9999.0, 9999.0, 9999.0, 23.75, 9999.0, 22.2, 9999.0, 22.68, 22.5, 22.25, 22.32, 22.3
2026-09-08, 14:57:04, 22.27, 22.5, 22.75, 22.75, 9999.0, 9999.0, 9999.0, 23.7, 9999.0, 22.23, 9999.0, 22.68, 22.5, 22.25, 22.32, 22.3
2026-09-08, 14:57:08, 22.25, 22.5, 22.75, 22.75, 9999.0, 9999.0, 9999.0, 23.66, 9999.0, 22.25, 9999.0, 22.7, 22.5, 22.25, 22.34, 22.32
2026-09-08, 14:57:12, 22.25, 22.5, 22.75, 22.75, 9999.0, 9999.0, 9999.0, 23.61, 9999.0, 22.27, 9999.0, 22.7, 22.5, 22.25, 22.32, 22.32
2026-09-08, 14:57:16, 22.25, 22.5, 22.75, 22.75, 9999.0, 9999.0, 9999.0, 23.59, 9999.0, 22.3, 9999.0, 22.73, 22.5, 22.25, 22.32, 22.34
2026-09-08, 14:57:20, 22.27, 22.5, 22.75, 22.75, 9999.0, 9999.0, 9999.0, 23.57, 9999.0, 22.32, 9999.0, 22.75, 22.5, 22.25, 22.32, 22.34
2026-09-08, 14:57:24, 22.27, 22.5, 22.75, 22.75, 9999.0, 9999.0, 9999.0, 23.61, 9999.0, 22.32, 9999.0, 22.77, 22.5, 22.25, 22.32, 22.36
2026-09-08, 14:57:28, 22.27, 22.5, 22.75, 22.75, 9999.0, 9999.0, 9999.0, 23.64, 9999.0, 22.32, 9999.0, 22.77, 22.5, 22.25, 22.34, 22.39
2026-09-08, 14:57:32, 22.27, 22.5, 22.75, 22.75, 9999.0, 9999.0, 9999.0, 23.66, 9999.0, 22.34, 9999.0, 22.77, 22.5, 22.25, 22.34, 22.39
2026-09-08, 14:57:36, 22.27, 22.5, 22.75, 22.75, 9999.0, 9999.0, 9999.0, 23.7, 9999.0, 22.36, 9999.0, 22.77, 22.5, 22.25, 22.32, 22.39
2026-09-08, 14:57:40, 22.27, 22.5, 22.75, 22.75, 9999.0, 9999.0, 9999.0, 23.75, 9999.0, 22.36, 9999.0, 22.75, 22.5, 22.25, 22.34, 22.39
2026-09-08, 14:57:44, 22.3, 22.5, 22.75, 22.75, 9999.0, 9999.0, 9999.0, 23.77, 9999.0, 22.36, 9999.0, 22.73, 22.5, 22.25, 22.32, 22.41
2026-09-08, 14:57:48, 22.3, 22.5, 22.75, 22.75, 9999.0, 9999.0, 9999.0, 23.8, 9999.0, 22.34, 9999.0, 22.7, 22.5, 22.25, 22.32, 22.43
2026-09-08, 14:57:52, 22.3, 22.5, 22.75, 22.75, 9999.0, 9999.0, 9999.0, 23.82, 9999.0, 22.3, 9999.0, 22.68, 22.5, 22.25, 22.32, 22.41
2026-09-08, 14:57:56, 22.32, 22.5, 22.75, 22.75, 9999.0, 9999.0, 9999.0, 23.84, 9999.0, 22.27, 9999.0, 22.66, 22.5, 22.25, 22.32, 22.41
2026-09-08, 14:58:00, 22.34, 22.5, 22.75, 22.75, 9999.0, 9999.0, 9999.0, 23.86, 9999.0, 22.25, 9999.0, 22.66, 22.5, 22.25, 22.32, 22.39
2026-09-08, 14:58:04, 22.32, 22.5, 22.75, 22.75, 9999.0, 9999.0, 9999.0, 23.89, 9999.0, 22.23, 9999.0, 22.66, 22.5, 22.25, 22.34, 22.39
2026-09-08, 14:58:08, 22.32, 22.5, 22.75, 22.75, 9999.0, 9999.0, 9999.0, 23.84, 9999.0, 22.2, 9999.0, 22.66, 22.5, 22.25, 22.34, 22.36
2026-09-08, 14:58:12, 22.32, 22.5, 22.75, 22.75, 9999.0, 9999.0, 9999.0, 23.82, 9999.0, 22.18, 9999.0, 22.68, 22.5, 22.25, 22.34, 22.34
2026-09-08, 14:58:16, 22.34, 22.5, 22.75, 22.75, 9999.0, 9999.0, 9999.0, 23.8, 9999.0, 22.16, 9999.0, 22.7, 22.5, 22.25, 22.36, 22.34
2026-09-08, 14:58:20, 22.36, 22.5, 22.75, 22.75, 9999.0, 9999.0, 9999.0, 23.75, 9999.0, 22.16, 9999.0, 22.7, 22.5, 22.27, 22.36, 22.34
2026-09-08, 14:58:24, 22.39, 22.5, 22.75, 22.75, 9999.0, 9999.0, 9999.0, 23.7, 9999.0, 22.16, 9999.0, 22.7, 22.5, 22.27, 22.36, 22.34
2026-09-08, 14:58:28, 22.39, 22.5, 22.75, 22.75, 9999.0, 9999.0, 9999.0, 23.68, 9999.0, 22.18, 9999.0, 22.73, 22.5, 22.27, 22.39, 22.32
2026-09-08, 14:58:32, 22.41, 22.5, 22.75, 22.75, 9999.0, 9999.0, 9999.0, 23.66, 9999.0, 22.2, 9999.0, 22.75, 22.5, 22.27, 22.39, 22.32
2026-09-08, 14:58:36, 22.43, 22.5, 22.75, 22.75, 9999.0, 9999.0, 9999.0, 23.64, 9999.0, 22.25, 9999.0, 22.77, 22.5, 22.27, 22.39, 22.34
2026-09-08, 14:58:40, 22.43, 22.5, 22.75, 22.75, 9999.0, 9999.0, 9999.0, 23.66, 9999.0, 22.27, 9999.0, 22.8, 22.5, 22.27, 22.39, 22.36
2026-09-08, 14:58:44, 22.41, 22.5, 22.75, 22.75, 9999.0, 9999.0, 9999.0, 23.68, 9999.0, 22.3, 9999.0, 22.8, 22.5, 22.27, 22.41, 22.36
2026-09-08, 14:58:48, 22.43, 22.5, 22.75, 22.75, 9999.0, 9999.0, 9999.0, 23.7, 9999.0, 22.32, 9999.0, 22.8, 22.5, 22.27, 22.41, 22.36
2026-09-08, 14:58:52, 22.43, 22.48, 22.75, 22.75, 9999.0, 9999.0, 9999.0, 23.73, 9999.0, 22.34, 9999.0, 22.8, 22.5, 22.27, 22.43, 22.36
2026-09-08, 14:58:56, 22.43, 22.48, 22.75, 22.75, 9999.0, 9999.0, 9999.0, 23.75, 9999.0, 22.36, 9999.0, 22.77, 22.5, 22.27, 22.43, 22.39
2026-09-08, 14:59:00, 22.41, 22.48, 22.75, 22.75, 9999.0, 9999.0, 9999.0, 23.75, 9999.0, 22.39, 9999.0, 22.73, 22.5, 22.27, 22.41, 22.39
2026-09-08, 14:59:04, 22.39, 22.48, 22.75, 22.75, 9999.0, 9999.0, 9999.0, 23.77, 9999.0, 22.39, 9999.0, 22.7, 22.5, 22.25, 22.41, 22.36
2026-09-08, 14:59:08, 22.39, 22.48, 22.75, 22.75, 9999.0, 9999.0, 9999.0, 23.8, 9999.0, 22.39, 9999.0, 22.68, 22.5, 22.25, 22.39, 22.36
2026-09-08, 14:59:12, 22.39, 22.48, 22.75, 22.75, 9999.0, 9999.0, 9999.0, 23.82, 9999.0, 22.36, 9999.0, 22.66, 22.5, 22.25, 22.39, 22.39
2026-09-08, 14:59:16, 22.39, 22.48, 22.75, 22.75, 9999.0, 9999.0, 9999.0, 23.84, 9999.0, 22.34, 9999.0, 22.66, 22.5, 22.25, 22.39, 22.36
2026-09-08, 14:59:20, 22.36, 22.48, 22.75, 22.75, 9999.0, 9999.0, 9999.0, 23.86, 9999.0, 22.32, 9999.0, 22.66, 22.5, 22.25, 22.39, 22.34
2026-09-08, 14:59:24, 22.36, 22.48, 22.75, 22.75, 9999.0, 9999.0, 9999.0, 23.84, 9999.0, 22.3, 9999.0, 22.66, 22.5, 22.25, 22.41, 22.32
2026-09-08, 14:59:28, 22.36, 22.48, 22.75, 22.75, 9999.0, 9999.0, 9999.0, 23.82, 9999.0, 22.27, 9999.0, 22.68, 22.5, 22.25, 22.41, 22.32
2026-09-08, 14:59:32, 22.36, 22.48, 22.75, 22.75, 9999.0, 9999.0, 9999.0, 23.77, 9999.0, 22.25, 9999.0, 22.7, 22.5, 22.25, 22.39, 22.32
2026-09-08, 14:59:36, 22.36, 22.5, 22.75, 22.75, 9999.0, 9999.0, 9999.0, 23.73, 9999.0, 22.25, 9999.0, 22.7, 22.5, 22.25, 22.39, 22.34
2026-09-08, 14:59:40, 22.39, 22.5, 22.75, 22.75, 9999.0, 9999.0, 9999.0, 23.68, 9999.0, 22.25, 9999.0, 22.7, 22.5, 22.25, 22.36, 22.32
2026-09-08, 14:59:44, 22.41, 22.5, 22.75, 22.75, 9999.0, 9999.0, 9999.0, 23.66, 9999.0, 22.27, 9999.0, 22.73, 22.5, 22.25, 22.39, 22.32
2026-09-08, 14:59:48, 22.41, 22.5, 22.75, 22.75, 9999.0, 9999.0, 9999.0, 23.64, 9999.0, 22.3, 9999.0, 22.75, 22.5, 22.25, 22.41, 22.34
2026-09-08, 14:59:52, 22.41, 22.5, 22.75, 22.75, 9999.0, 9999.0, 9999.0, 23.61, 9999.0, 22.32, 9999.0, 22.77, 22.5, 22.25, 22.43, 22.36
2026-09-08, 14:59:56, 22.39, 22.5, 22.75, 22.75, 9999.0, 9999.0, 9999.0, 23.66, 9999.0, 22.34, 9999.0, 22.8, 22.5, 22.25, 22.43, 22.34
2026-09-08, 15:00:00, 22.39, 22.5, 22.75, 22.75, 9999.0, 9999.0, 9999.0, 23.7, 9999.0, 22.36, 9999.0, 22.8, 22.5, 22.25, 22.45, 22.34
2026-09-08, 15:00:04, 22.39, 22.5, 22.75, 22.75, 9999.0, 9999.0, 9999.0, 23.73, 9999.0, 22.39, 9999.0, 22.8, 22.5, 22.25, 22.45, 22.36
2026-09-08, 15:00:08, 22.36, 22.5, 22.75, 22.75, 9999.0, 9999.0, 9999.0, 23.75, 9999.0, 22.41, 9999.0, 22.8, 22.5, 22.25, 22.45, 22.39
2026-09-08, 15:00:12, 22.39, 22.5, 22.75, 22.75, 9999.0, 9999.0, 9999.0, 23.77, 9999.0, 22.43, 9999.0, 22.75, 22.5, 22.25, 22.45, 22.41
2026-09-08, 15:00:16, 22.36, 22.5, 22.75, 22.75, 9999.0, 9999.0, 9999.0, 23.8, 9999.0, 22.43, 9999.0, 22.73, 22.5, 22.25, 22.48, 22.39
2026-09-08, 15:00:20, 22.36, 22.5, 22.75, 22.75, 9999.0, 9999.0, 9999.0, 23.82, 9999.0, 22.43, 9999.0, 22.73, 22.5, 22.25, 22.45, 22.36
2026-09-08, 15:00:25, 22.34, 22.5, 22.75, 22.75, 9999.0, 9999.0, 9999.0, 23.84, 9999.0, 22.43, 9999.0, 22.7, 22.5, 22.25, 22.48, 22.39
2026-09-08, 15:00:29, 22.34, 22.5, 22.75, 22.75, 9999.0, 9999.0, 9999.0, 23.86, 9999.0, 22.41, 9999.0, 22.68, 22.5, 22.25, 22.48, 22.41
2026-09-08, 15:00:33, 22.34, 22.5, 22.75, 22.75, 9999.0, 9999.0, 9999.0, 23.89, 9999.0, 22.41, 9999.0, 22.68, 22.5, 22.27, 22.45, 22.41
2026-09-08, 15:00:37, 22.32, 22.5, 22.75, 22.75, 9999.0, 9999.0, 9999.0, 23.91, 9999.0, 22.39, 9999.0, 22.68, 22.5, 22.27, 22.45, 22.41
2026-09-08, 15:00:41, 22.32, 22.5, 22.75, 22.75, 9999.0, 9999.0, 9999.0, 23.86, 9999.0, 22.36, 9999.0, 22.68, 22.5, 22.27, 22.45, 22.41
2026-09-08, 15:00:45, 22.3, 22.5, 22.75, 22.75, 9999.0, 9999.0, 9999.0, 23.82, 9999.0, 22.34, 9999.0, 22.68, 22.5, 22.3, 22.45, 22.43
2026-09-08, 15:00:49, 22.3, 22.5, 22.75, 22.75, 9999.0, 9999.0, 9999.0, 23.77, 9999.0, 22.32, 9999.0, 22.7, 22.5, 22.3, 22.45, 22.43
2026-09-08, 15:00:53, 22.3, 22.5, 22.75, 22.75, 9999.0, 9999.0, 9999.0, 23.73, 9999.0, 22.32, 9999.0, 22.73, 22.5, 22.3, 22.43, 22.43
2026-09-08, 15:00:57, 22.27, 22.5, 22.75, 22.75, 9999.0, 9999.0, 9999.0, 23.68, 9999.0, 22.32, 9999.0, 22.75, 22.5, 22.3, 22.43, 22.43
2026-09-08, 15:01:01, 22.3, 22.5, 22.75, 22.75, 9999.0, 9999.0, 9999.0, 23.66, 9999.0, 22.34, 9999.0, 22.75, 22.5, 22.3, 22.43, 22.45
2026-09-08, 15:01:05, 22.3, 22.5, 22.75, 22.75, 9999.0, 9999.0, 9999.0, 23.64, 9999.0, 22.39, 9999.0, 22.75, 22.5, 22.32, 22.43, 22.48
2026-09-08, 15:01:09, 22.32, 22.5, 22.75, 22.75, 9999.0, 9999.0, 9999.0, 23.61, 9999.0, 22.43, 9999.0, 22.77, 22.5, 22.32, 22.43, 22.45
2026-09-08, 15:01:13, 22.3, 22.5, 22.75, 22.75, 9999.0, 9999.0, 9999.0, 23.59, 9999.0, 22.48, 9999.0, 22.8, 22.5, 22.32, 22.41, 22.45
2026-09-08, 15:01:17, 22.3, 22.5, 22.75, 22.75, 9999.0, 9999.0, 9999.0, 23.61, 9999.0, 22.48, 9999.0, 22.8, 22.5, 22.3, 22.41, 22.45
2026-09-08, 15:01:21, 22.32, 22.5, 22.75, 22.75, 9999.0, 9999.0, 9999.0, 23.66, 9999.0, 22.5, 9999.0, 22.8, 22.5, 22.3, 22.41, 22.43
2026-09-08, 15:01:25, 22.32, 22.5, 22.75, 22.75, 9999.0, 9999.0, 9999.0, 23.68, 9999.0, 22.52, 9999.0, 22.8, 22.5, 22.3, 22.39, 22.43
2026-09-08, 15:01:29, 22.34, 22.5, 22.75, 22.75, 9999.0, 9999.0, 9999.0, 23.7, 9999.0, 22.55, 9999.0, 22.8, 22.5, 22.27, 22.39, 22.41
2026-09-08, 15:01:33, 22.36, 22.5, 22.75, 22.75, 9999.0, 9999.0, 9999.0, 23.75, 9999.0, 22.57, 9999.0, 22.77, 22.5, 22.27, 22.36, 22.39
2026-09-08, 15:01:37, 22.36, 22.5, 22.75, 22.75, 9999.0, 9999.0, 9999.0, 23.77, 9999.0, 22.57, 9999.0, 22.75, 22.5, 22.27, 22.39, 22.39
2026-09-08, 15:01:41, 22.36, 22.5, 22.75, 22.75, 9999.0, 9999.0, 9999.0, 23.82, 9999.0, 22.55, 9999.0, 22.73, 22.5, 22.27, 22.36, 22.36
2026-09-08, 15:01:45, 22.34, 22.5, 22.75, 22.75, 9999.0, 9999.0, 9999.0, 23.84, 9999.0, 22.55, 9999.0, 22.7, 22.5, 22.27, 22.34, 22.34
2026-09-08, 15:01:49, 22.34, 22.5, 22.75, 22.75, 9999.0, 9999.0, 9999.0, 23.86, 9999.0, 22.5, 9999.0, 22.7, 22.5, 22.25, 22.36, 22.34
2026-09-08, 15:01:53, 22.32, 22.5, 22.75, 22.75, 9999.0, 9999.0, 9999.0, 23.89, 9999.0, 22.45, 9999.0, 22.7, 22.5, 22.25, 22.36, 22.34
2026-09-08, 15:01:57, 22.32, 22.5, 22.75, 22.75, 9999.0, 9999.0, 9999.0, 23.91, 9999.0, 22.43, 9999.0, 22.7, 22.5, 22.25, 22.39, 22.32
2026-09-08, 15:02:01, 22.32, 22.5, 22.77, 22.75, 9999.0, 9999.0, 9999.0, 23.89, 9999.0, 22.41, 9999.0, 22.7, 22.5, 22.25, 22.41, 22.32
2026-09-08, 15:02:05, 22.3, 22.5, 22.77, 22.75, 9999.0, 9999.0, 9999.0, 23.84, 9999.0, 22.39, 9999.0, 22.73, 22.5, 22.25, 22.41, 22.32
2026-09-08, 15:02:09, 22.3, 22.5, 22.77, 22.75, 9999.0, 9999.0, 9999.0, 23.82, 9999.0, 22.36, 9999.0, 22.75, 22.5, 22.25, 22.43, 22.32
2026-09-08, 15:02:13, 22.27, 22.5, 22.77, 22.75, 9999.0, 9999.0, 9999.0, 23.77, 9999.0, 22.36, 9999.0, 22.77, 22.5, 22.25, 22.43, 22.32
2026-09-08, 15:02:17, 22.27, 22.5, 22.77, 22.75, 9999.0, 9999.0, 9999.0, 23.73, 9999.0, 22.36, 9999.0, 22.77, 22.5, 22.25, 22.45, 22.34
2026-09-08, 15:02:21, 22.3, 22.5, 22.77, 22.75, 9999.0, 9999.0, 9999.0, 23.7, 9999.0, 22.36, 9999.0, 22.77, 22.5, 22.25, 22.45, 22.34
2026-09-08, 15:02:25, 22.3, 22.5, 22.77, 22.75, 9999.0, 9999.0, 9999.0, 23.66, 9999.0, 22.41, 9999.0, 22.8, 22.5, 22.25, 22.48, 22.34
2026-09-08, 15:02:29, 22.3, 22.5, 22.77, 22.75, 9999.0, 9999.0, 9999.0, 23.64, 9999.0, 22.41, 9999.0, 22.82, 22.5, 22.25, 22.5, 22.36
2026-09-08, 15:02:33, 22.3, 22.5, 22.77, 22.75, 9999.0, 9999.0, 9999.0, 23.68, 9999.0, 22.45, 9999.0, 22.82, 22.5, 22.25, 22.48, 22.36
2026-09-08, 15:02:37, 22.3, 22.5, 22.77, 22.75, 9999.0, 9999.0, 9999.0, 23.7, 9999.0, 22.5, 9999.0, 22.82, 22.5, 22.25, 22.48, 22.39
2026-09-08, 15:02:41, 22.3, 22.5, 22.77, 22.75, 9999.0, 9999.0, 9999.0, 23.75, 9999.0, 22.52, 9999.0, 22.8, 22.5, 22.25, 22.48, 22.41
2026-09-08, 15:02:45, 22.32, 22.5, 22.75, 22.75, 9999.0, 9999.0, 9999.0, 23.77, 9999.0, 22.55, 9999.0, 22.8, 22.5, 22.25, 22.45, 22.39
2026-09-08, 15:02:49, 22.32, 22.5, 22.75, 22.75, 9999.0, 9999.0, 9999.0, 23.8, 9999.0, 22.57, 9999.0, 22.77, 22.5, 22.25, 22.45, 22.39
2026-09-08, 15:02:53, 22.32, 22.5, 22.75, 22.75, 9999.0, 9999.0, 9999.0, 23.82, 9999.0, 22.59, 9999.0, 22.75, 22.5, 22.25, 22.43, 22.41
2026-09-08, 15:02:57, 22.32, 22.5, 22.75, 22.75, 9999.0, 9999.0, 9999.0, 23.86, 9999.0, 22.59, 9999.0, 22.7, 22.5, 22.25, 22.43, 22.41
2026-09-08, 15:03:01, 22.3, 22.5, 22.75, 22.75, 9999.0, 9999.0, 9999.0, 23.89, 9999.0, 22.59, 9999.0, 22.68, 22.5, 22.25, 22.41, 22.39
2026-09-08, 15:03:05, 22.27, 22.5, 22.75, 22.75, 9999.0, 9999.0, 9999.0, 23.93, 9999.0, 22.59, 9999.0, 22.66, 22.5, 22.25, 22.39, 22.36
2026-09-08, 15:03:09, 22.3, 22.5, 22.75, 22.75, 9999.0, 9999.0, 9999.0, 23.98, 9999.0, 22.57, 9999.0, 22.66, 22.5, 22.25, 22.39, 22.36
2026-09-08, 15:03:13, 22.3, 22.5, 22.75, 22.75, 9999.0, 9999.0, 9999.0, 24.0, 9999.0, 22.57, 9999.0, 22.66, 22.5, 22.25, 22.36, 22.34
2026-09-08, 15:03:17, 22.3, 22.5, 22.75, 22.75, 9999.0, 9999.0, 9999.0, 23.95, 9999.0, 22.52, 9999.0, 22.66, 22.5, 22.25, 22.39, 22.32
2026-09-08, 15:03:21, 22.3, 22.5, 22.75, 22.75, 9999.0, 9999.0, 9999.0, 23.93, 9999.0, 22.48, 9999.0, 22.68, 22.5, 22.25, 22.36, 22.3
2026-09-08, 15:03:25, 22.32, 22.5, 22.75, 22.75, 9999.0, 9999.0, 9999.0, 23.89, 9999.0, 22.43, 9999.0, 22.73, 22.5, 22.25, 22.34, 22.27
2026-09-08, 15:03:29, 22.32, 22.5, 22.75, 22.75, 9999.0, 9999.0, 9999.0, 23.86, 9999.0, 22.41, 9999.0, 22.75, 22.5, 22.25, 22.36, 22.27
2026-09-08, 15:03:33, 22.34, 22.5, 22.75, 22.77, 9999.0, 9999.0, 9999.0, 23.82, 9999.0, 22.41, 9999.0, 22.75, 22.5, 22.25, 22.34, 22.27
2026-09-08, 15:03:37, 22.34, 22.5, 22.75, 22.77, 9999.0, 9999.0, 9999.0, 23.77, 9999.0, 22.41, 9999.0, 22.75, 22.5, 22.25, 22.34, 22.25
2026-09-08, 15:03:41, 22.34, 22.5, 22.75, 22.77, 9999.0, 9999.0, 9999.0, 23.73, 9999.0, 22.41, 9999.0, 22.77, 22.5, 22.25, 22.34, 22.25
2026-09-08, 15:03:45, 22.34, 22.5, 22.75, 22.77, 9999.0, 9999.0, 9999.0, 23.7, 9999.0, 22.43, 9999.0, 22.8, 22.5, 22.25, 22.34, 22.27
2026-09-08, 15:03:49, 22.34, 22.5, 22.75, 22.77, 9999.0, 9999.0, 9999.0, 23.66, 9999.0, 22.45, 9999.0, 22.82, 22.5, 22.25, 22.34, 22.3
2026-09-08, 15:03:53, 22.34, 22.5, 22.75, 22.77, 9999.0, 9999.0, 9999.0, 23.68, 9999.0, 22.48, 9999.0, 22.82, 22.5, 22.25, 22.32, 22.32
2026-09-08, 15:03:57, 22.34, 22.5, 22.75, 22.77, 9999.0, 9999.0, 9999.0, 23.73, 9999.0, 22.5, 9999.0, 22.82, 22.5, 22.25, 22.34, 22.32
2026-09-08, 15:04:02, 22.36, 22.5, 22.75, 22.77, 9999.0, 9999.0, 9999.0, 23.77, 9999.0, 22.52, 9999.0, 22.82, 22.5, 22.25, 22.32, 22.32
2026-09-08, 15:04:06, 22.36, 22.5, 22.75, 22.77, 9999.0, 9999.0, 9999.0, 23.82, 9999.0, 22.55, 9999.0, 22.8, 22.5, 22.25, 22.32, 22.34
2026-09-08, 15:04:10, 22.36, 22.5, 22.75, 22.77, 9999.0, 9999.0, 9999.0, 23.84, 9999.0, 22.57, 9999.0, 22.77, 22.5, 22.25, 22.32, 22.34
2026-09-08, 15:04:14, 22.34, 22.5, 22.75, 22.77, 9999.0, 9999.0, 9999.0, 23.86, 9999.0, 22.59, 9999.0, 22.73, 22.5, 22.25, 22.3, 22.36
2026-09-08, 15:04:18, 22.32, 22.5, 22.75, 22.75, 9999.0, 9999.0, 9999.0, 23.91, 9999.0, 22.59, 9999.0, 22.73, 22.5, 22.25, 22.3, 22.36
2026-09-08, 15:04:22, 22.34, 22.5, 22.75, 22.75, 9999.0, 9999.0, 9999.0, 23.95, 9999.0, 22.59, 9999.0, 22.7, 22.5, 22.25, 22.3, 22.36
2026-09-08, 15:04:26, 22.34, 22.5, 22.75, 22.75, 9999.0, 9999.0, 9999.0, 24.0, 9999.0, 22.59, 9999.0, 22.68, 22.5, 22.25, 22.27, 22.36
2026-09-08, 15:04:30, 22.34, 22.5, 22.75, 22.77, 9999.0, 9999.0, 9999.0, 24.05, 9999.0, 22.57, 9999.0, 22.68, 22.5, 22.25, 22.27, 22.34
2026-09-08, 15:04:34, 22.34, 22.5, 22.75, 22.77, 9999.0, 9999.0, 9999.0, 24.09, 9999.0, 22.55, 9999.0, 22.68, 22.5, 22.25, 22.27, 22.32
2026-09-08, 15:04:38, 22.34, 22.5, 22.75, 22.77, 9999.0, 9999.0, 9999.0, 24.07, 9999.0, 22.52, 9999.0, 22.68, 22.5, 22.27, 22.3, 22.3
2026-09-08, 15:04:42, 22.36, 22.5, 22.75, 22.77, 9999.0, 9999.0, 9999.0, 24.02, 9999.0, 22.5, 9999.0, 22.68, 22.5, 22.27, 22.27, 22.3
2026-09-08, 15:04:46, 22.34, 22.5, 22.75, 22.77, 9999.0, 9999.0, 9999.0, 23.98, 9999.0, 22.5, 9999.0, 22.68, 22.5, 22.27, 22.27, 22.3
2026-09-08, 15:04:50, 22.34, 22.5, 22.75, 22.77, 9999.0, 9999.0, 9999.0, 23.93, 9999.0, 22.52, 9999.0, 22.68, 22.5, 22.27, 22.27, 22.27
2026-09-08, 15:04:54, 22.32, 22.5, 22.75, 22.77, 9999.0, 9999.0, 9999.0, 23.91, 9999.0, 22.52, 9999.0, 22.68, 22.5, 22.27, 22.27, 22.27
2026-09-08, 15:04:58, 22.32, 22.5, 22.75, 22.77, 9999.0, 9999.0, 9999.0, 23.89, 9999.0, 22.52, 9999.0, 22.7, 22.5, 22.27, 22.27, 22.25
2026-09-08, 15:05:02, 22.32, 22.5, 22.75, 22.77, 9999.0, 9999.0, 9999.0, 23.84, 9999.0, 22.55, 9999.0, 22.7, 22.5, 22.27, 22.27, 22.27
2026-09-08, 15:05:06, 22.3, 22.5, 22.75, 22.77, 9999.0, 9999.0, 9999.0, 23.8, 9999.0, 22.57, 9999.0, 22.73, 22.5, 22.27, 22.27, 22.27
2026-09-08, 15:05:10, 22.3, 22.5, 22.75, 22.77, 9999.0, 9999.0, 9999.0, 23.75, 9999.0, 22.59, 9999.0, 22.75, 22.5, 22.27, 22.27, 22.3
2026-09-08, 15:05:14, 22.3, 22.5, 22.75, 22.75, 9999.0, 9999.0, 9999.0, 23.77, 9999.0, 22.61, 9999.0, 22.75, 22.5, 22.27, 22.27, 22.32
2026-09-08, 15:05:18, 22.3, 22.5, 22.75, 22.75, 9999.0, 9999.0, 9999.0, 23.8, 9999.0, 22.64, 9999.0, 22.75, 22.5, 22.27, 22.3, 22.32
2026-09-08, 15:05:22, 22.27, 22.5, 22.75, 22.75, 9999.0, 9999.0, 9999.0, 23.82, 9999.0, 22.66, 9999.0, 22.75, 22.5, 22.25, 22.27, 22.32
2026-09-08, 15:05:26, 22.25, 22.5, 22.75, 22.75, 9999.0, 9999.0, 9999.0, 23.84, 9999.0, 22.68, 9999.0, 22.75, 22.5, 22.25, 22.27, 22.32
2026-09-08, 15:05:30, 22.25, 22.5, 22.75, 22.75, 9999.0, 9999.0, 9999.0, 23.86, 9999.0, 22.68, 9999.0, 22.75, 22.5, 22.25, 22.27, 22.32
2026-09-08, 15:05:34, 22.25, 22.5, 22.75, 22.75, 9999.0, 9999.0, 9999.0, 23.89, 9999.0, 22.66, 9999.0, 22.73, 22.5, 22.25, 22.27, 22.32
2026-09-08, 15:05:38, 22.25, 22.5, 22.75, 22.75, 9999.0, 9999.0, 9999.0, 23.91, 9999.0, 22.66, 9999.0, 22.73, 22.5, 22.25, 22.27, 22.32
2026-09-08, 15:05:42, 22.25, 22.5, 22.75, 22.75, 9999.0, 9999.0, 9999.0, 23.93, 9999.0, 22.66, 9999.0, 22.7, 22.5, 22.25, 22.3, 22.34
2026-09-08, 15:05:46, 22.27, 22.5, 22.75, 22.75, 9999.0, 9999.0, 9999.0, 23.98, 9999.0, 22.64, 9999.0, 22.7, 22.5, 22.25, 22.3, 22.32
2026-09-08, 15:05:50, 22.27, 22.5, 22.75, 22.75, 9999.0, 9999.0, 9999.0, 24.02, 9999.0, 22.61, 9999.0, 22.7, 22.5, 22.25, 22.3, 22.32
2026-09-08, 15:05:54, 22.27, 22.5, 22.75, 22.75, 9999.0, 9999.0, 9999.0, 24.07, 9999.0, 22.59, 9999.0, 22.7, 22.5, 22.25, 22.32, 22.3
2026-09-08, 15:05:58, 22.27, 22.5, 22.75, 22.75, 9999.0, 9999.0, 9999.0, 24.05, 9999.0, 22.57, 9999.0, 22.7, 22.5, 22.25, 22.34, 22.3
2026-09-08, 15:06:02, 22.27, 22.5, 22.75, 22.75, 9999.0, 9999.0, 9999.0, 24.0, 9999.0, 22.55, 9999.0, 22.73, 22.5, 22.25, 22.32, 22.32
2026-09-08, 15:06:06, 22.3, 22.5, 22.75, 22.75, 9999.0, 9999.0, 9999.0, 23.95, 9999.0, 22.52, 9999.0, 22.73, 22.5, 22.25, 22.32, 22.34
2026-09-08, 15:06:10, 22.32, 22.5, 22.75, 22.75, 9999.0, 9999.0, 9999.0, 23.93, 9999.0, 22.52, 9999.0, 22.73, 22.5, 22.25, 22.34, 22.34
2026-09-08, 15:06:14, 22.32, 22.5, 22.75, 22.75, 9999.0, 9999.0, 9999.0, 23.91, 9999.0, 22.55, 9999.0, 22.73, 22.5, 22.25, 22.36, 22.36
2026-09-08, 15:06:18, 22.32, 22.5, 22.75, 22.75, 9999.0, 9999.0, 9999.0, 23.86, 9999.0, 22.57, 9999.0, 22.75, 22.5, 22.25, 22.36, 22.39
2026-09-08, 15:06:22, 22.32, 22.5, 22.75, 22.75, 9999.0, 9999.0, 9999.0, 23.84, 9999.0, 22.59, 9999.0, 22.75, 22.5, 22.25, 22.36, 22.39
2026-09-08, 15:06:26, 22.32, 22.5, 22.75, 22.75, 9999.0, 9999.0, 9999.0, 23.82, 9999.0, 22.61, 9999.0, 22.77, 22.5, 22.25, 22.36, 22.36
2026-09-08, 15:06:30, 22.32, 22.5, 22.75, 22.75, 9999.0, 9999.0, 9999.0, 23.86, 9999.0, 22.64, 9999.0, 22.77, 22.5, 22.25, 22.39, 22.36
2026-09-08, 15:06:34, 22.34, 22.5, 22.75, 22.75, 9999.0, 9999.0, 9999.0, 23.89, 9999.0, 22.66, 9999.0, 22.77, 22.5, 22.25, 22.41, 22.36
2026-09-08, 15:06:38, 22.36, 22.5, 22.75, 22.75, 9999.0, 9999.0, 9999.0, 23.91, 9999.0, 22.68, 9999.0, 22.77, 22.5, 22.25, 22.41, 22.36
2026-09-08, 15:06:42, 22.39, 22.5, 22.75, 22.75, 9999.0, 9999.0, 9999.0, 23.93, 9999.0, 22.7, 9999.0, 22.77, 22.5, 22.25, 22.41, 22.34
2026-09-08, 15:06:46, 22.39, 22.5, 22.75, 22.75, 9999.0, 9999.0, 9999.0, 23.95, 9999.0, 22.73, 9999.0, 22.75, 22.5, 22.25, 22.41, 22.32
2026-09-08, 15:06:50, 22.36, 22.5, 22.75, 22.75, 9999.0, 9999.0, 9999.0, 23.98, 9999.0, 22.75, 9999.0, 22.75, 22.5, 22.25, 22.41, 22.3
2026-09-08, 15:06:54, 22.36, 22.5, 22.75, 22.75, 9999.0, 9999.0, 9999.0, 24.0, 9999.0, 22.75, 9999.0, 22.73, 22.5, 22.25, 22.39, 22.3
2026-09-08, 15:06:58, 22.39, 22.5, 22.75, 22.75, 9999.0, 9999.0, 9999.0, 24.02, 9999.0, 22.73, 9999.0, 22.7, 22.5, 22.25, 22.36, 22.27
2026-09-08, 15:07:02, 22.39, 22.5, 22.75, 22.75, 9999.0, 9999.0, 9999.0, 24.07, 9999.0, 22.7, 9999.0, 22.68, 22.5, 22.25, 22.36, 22.25
2026-09-08, 15:07:06, 22.39, 22.5, 22.75, 22.75, 9999.0, 9999.0, 9999.0, 24.09, 9999.0, 22.7, 9999.0, 22.68, 22.5, 22.25, 22.36, 22.25
2026-09-08, 15:07:10, 22.39, 22.5, 22.75, 22.75, 9999.0, 9999.0, 9999.0, 24.11, 9999.0, 22.7, 9999.0, 22.68, 22.48, 22.25, 22.36, 22.25
2026-09-08, 15:07:14, 22.36, 22.5, 22.75, 22.75, 9999.0, 9999.0, 9999.0, 24.05, 9999.0, 22.68, 9999.0, 22.68, 22.48, 22.25, 22.36, 22.25
2026-09-08, 15:07:18, 22.34, 22.5, 22.75, 22.75, 9999.0, 9999.0, 9999.0, 24.0, 9999.0, 22.66, 9999.0, 22.68, 22.48, 22.25, 22.34, 22.25
2026-09-08, 15:07:22, 22.32, 22.5, 22.75, 22.75, 9999.0, 9999.0, 9999.0, 23.95, 9999.0, 22.64, 9999.0, 22.7, 22.48, 22.25, 22.34, 22.25
2026-09-08, 15:07:26, 22.3, 22.5, 22.75, 22.75, 9999.0, 9999.0, 9999.0, 23.91, 9999.0, 22.64, 9999.0, 22.7, 22.48, 22.25, 22.34, 22.25
2026-09-08, 15:07:30, 22.3, 22.5, 22.75, 22.75, 9999.0, 9999.0, 9999.0, 23.89, 9999.0, 22.64, 9999.0, 22.7, 22.48, 22.25, 22.36, 22.25
2026-09-08, 15:07:34, 22.3, 22.5, 22.75, 22.75, 9999.0, 9999.0, 9999.0, 23.86, 9999.0, 22.64, 9999.0, 22.7, 22.48, 22.25, 22.39, 22.25
2026-09-08, 15:07:39, 22.27, 22.5, 22.75, 22.75, 9999.0, 9999.0, 9999.0, 23.84, 9999.0, 22.66, 9999.0, 22.73, 22.48, 22.25, 22.41, 22.25
2026-09-08, 15:07:43, 22.25, 22.5, 22.75, 22.75, 9999.0, 9999.0, 9999.0, 23.82, 9999.0, 22.68, 9999.0, 22.75, 22.48, 22.25, 22.43, 22.25
2026-09-08, 15:07:47, 22.25, 22.5, 22.75, 22.75, 9999.0, 9999.0, 9999.0, 23.8, 9999.0, 22.7, 9999.0, 22.77, 22.48, 22.25, 22.45, 22.25
2026-09-08, 15:07:51, 22.25, 22.5, 22.75, 22.75, 9999.0, 9999.0, 9999.0, 23.82, 9999.0, 22.7, 9999.0, 22.77, 22.48, 22.25, 22.48, 22.27
2026-09-08, 15:07:55, 22.25, 22.5, 22.75, 22.75, 9999.0, 9999.0, 9999.0, 23.84, 9999.0, 22.7, 9999.0, 22.77, 22.5, 22.25, 22.45, 22.3
2026-09-08, 15:07:59, 22.25, 22.5, 22.75, 22.75, 9999.0, 9999.0, 9999.0, 23.89, 9999.0, 22.73, 9999.0, 22.77, 22.5, 22.25, 22.45, 22.3
2026-09-08, 15:08:03, 22.27, 22.5, 22.75, 22.75, 9999.0, 9999.0, 9999.0, 23.93, 9999.0, 22.75, 9999.0, 22.75, 22.5, 22.25, 22.45, 22.32
2026-09-08, 15:08:07, 22.27, 22.5, 22.75, 22.75, 9999.0, 9999.0, 9999.0, 23.98, 9999.0, 22.77, 9999.0, 22.73, 22.5, 22.25, 22.43, 22.32
2026-09-08, 15:08:11, 22.27, 22.5, 22.75, 22.75, 9999.0, 9999.0, 9999.0, 24.02, 9999.0, 22.77, 9999.0, 22.73, 22.5, 22.25, 22.41, 22.32
2026-09-08, 15:08:15, 22.27, 22.5, 22.75, 22.75, 9999.0, 9999.0, 9999.0, 24.05, 9999.0, 22.77, 9999.0, 22.7, 22.5, 22.25, 22.39, 22.32
2026-09-08, 15:08:19, 22.27, 22.5, 22.75, 22.75, 9999.0, 9999.0, 9999.0, 24.09, 9999.0, 22.77, 9999.0, 22.7, 22.5, 22.25, 22.36, 22.32
2026-09-08, 15:08:23, 22.27, 22.5, 22.75, 22.75, 9999.0, 9999.0, 9999.0, 24.11, 9999.0, 22.75, 9999.0, 22.68, 22.5, 22.25, 22.36, 22.32
2026-09-08, 15:08:27, 22.3, 22.5, 22.75, 22.75, 9999.0, 9999.0, 9999.0, 24.14, 9999.0, 22.75, 9999.0, 22.68, 22.5, 22.25, 22.34, 22.32
2026-09-08, 15:08:31, 22.3, 22.5, 22.75, 22.75, 9999.0, 9999.0, 9999.0, 24.16, 9999.0, 22.73, 9999.0, 22.68, 22.5, 22.25, 22.32, 22.32
2026-09-08, 15:08:35, 22.32, 22.5, 22.75, 22.75, 9999.0, 9999.0, 9999.0, 24.14, 9999.0, 22.7, 9999.0, 22.68, 22.5, 22.25, 22.32, 22.3
2026-09-08, 15:08:39, 22.32, 22.5, 22.75, 22.75, 9999.0, 9999.0, 9999.0, 24.09, 9999.0, 22.68, 9999.0, 22.68, 22.5, 22.25, 22.34, 22.27
2026-09-08, 15:08:43, 22.32, 22.5, 22.75, 22.75, 9999.0, 9999.0, 9999.0, 24.05, 9999.0, 22.66, 9999.0, 22.7, 22.5, 22.25, 22.32, 22.27
2026-09-08, 15:08:47, 22.3, 22.5, 22.75, 22.75, 9999.0, 9999.0, 9999.0, 24.0, 9999.0, 22.66, 9999.0, 22.73, 22.5, 22.25, 22.34, 22.25
2026-09-08, 15:08:51, 22.32, 22.5, 22.75, 22.75, 9999.0, 9999.0, 9999.0, 23.95, 9999.0, 22.66, 9999.0, 22.73, 22.5, 22.25, 22.34, 22.25
2026-09-08, 15:08:55, 22.32, 22.5, 22.75, 22.75, 9999.0, 9999.0, 9999.0, 23.91, 9999.0, 22.68, 9999.0, 22.73, 22.5, 22.25, 22.36, 22.25
2026-09-08, 15:08:59, 22.32, 22.5, 22.75, 22.75, 9999.0, 9999.0, 9999.0, 23.89, 9999.0, 22.7, 9999.0, 22.75, 22.5, 22.25, 22.39, 22.25
2026-09-08, 15:09:03, 22.34, 22.5, 22.75, 22.75, 9999.0, 9999.0, 9999.0, 23.84, 9999.0, 22.73, 9999.0, 22.75, 22.5, 22.25, 22.39, 22.27
2026-09-08, 15:09:07, 22.34, 22.5, 22.75, 22.75, 9999.0, 9999.0, 9999.0, 23.89, 9999.0, 22.73, 9999.0, 22.77, 22.5, 22.25, 22.36, 22.3
2026-09-08, 15:09:11, 22.32, 22.5, 22.75, 22.75, 9999.0, 9999.0, 9999.0, 23.91, 9999.0, 22.73, 9999.0, 22.77, 22.5, 22.25, 22.36, 22.3
2026-09-08, 15:09:15, 22.34, 22.5, 22.75, 22.75, 9999.0, 9999.0, 9999.0, 23.93, 9999.0, 22.75, 9999.0, 22.77, 22.5, 22.25, 22.36, 22.3
2026-09-08, 15:09:19, 22.34, 22.5, 22.75, 22.75, 9999.0, 9999.0, 9999.0, 23.95, 9999.0, 22.77, 9999.0, 22.77, 22.5, 22.25, 22.34, 22.3
2026-09-08, 15:09:23, 22.34, 22.5, 22.75, 22.75, 9999.0, 9999.0, 9999.0, 23.98, 9999.0, 22.8, 9999.0, 22.75, 22.5, 22.25, 22.32, 22.32
2026-09-08, 15:09:27, 22.34, 22.5, 22.75, 22.75, 9999.0, 9999.0, 9999.0, 24.02, 9999.0, 22.82, 9999.0, 22.73, 22.5, 22.25, 22.32, 22.32
2026-09-08, 15:09:31, 22.34, 22.5, 22.75, 22.75, 9999.0, 9999.0, 9999.0, 24.05, 9999.0, 22.82, 9999.0, 22.73, 22.48, 22.25, 22.3, 22.32
2026-09-08, 15:09:35, 22.32, 22.5, 22.75, 22.75, 9999.0, 9999.0, 9999.0, 24.09, 9999.0, 22.82, 9999.0, 22.7, 22.48, 22.25, 22.3, 22.32
2026-09-08, 15:09:39, 22.32, 22.5, 22.75, 22.75, 9999.0, 9999.0, 9999.0, 24.11, 9999.0, 22.77, 9999.0, 22.68, 22.48, 22.25, 22.27, 22.32
2026-09-08, 15:09:43, 22.32, 22.5, 22.75, 22.75, 9999.0, 9999.0, 9999.0, 24.14, 9999.0, 22.75, 9999.0, 22.68, 22.48, 22.25, 22.25, 22.32
2026-09-08, 15:09:47, 22.3, 22.5, 22.75, 22.75, 9999.0, 9999.0, 9999.0, 24.16, 9999.0, 22.73, 9999.0, 22.68, 22.48, 22.25, 22.25, 22.3
2026-09-08, 15:09:51, 22.3, 22.5, 22.75, 22.75, 9999.0, 9999.0, 9999.0, 24.11, 9999.0, 22.73, 9999.0, 22.68, 22.48, 22.25, 22.27, 22.27
2026-09-08, 15:09:55, 22.3, 22.5, 22.75, 22.75, 9999.0, 9999.0, 9999.0, 24.09, 9999.0, 22.73, 9999.0, 22.7, 22.48, 22.25, 22.27, 22.27
2026-09-08, 15:09:59, 22.3, 22.5, 22.75, 22.73, 9999.0, 9999.0, 9999.0, 24.05, 9999.0, 22.7, 9999.0, 22.7, 22.48, 22.25, 22.3, 22.27
2026-09-08, 15:10:03, 22.3, 22.5, 22.75, 22.73, 9999.0, 9999.0, 9999.0, 24.0, 9999.0, 22.7, 9999.0, 22.7, 22.48, 22.27, 22.32, 22.27
2026-09-08, 15:10:07, 22.3, 22.5, 22.75, 22.73, 9999.0, 9999.0, 9999.0, 23.98, 9999.0, 22.7, 9999.0, 22.73, 22.48, 22.27, 22.32, 22.25
2026-09-08, 15:10:11, 22.32, 22.5, 22.75, 22.73, 9999.0, 9999.0, 9999.0, 23.93, 9999.0, 22.7, 9999.0, 22.73, 22.48, 22.27, 22.32, 22.25
2026-09-08, 15:10:15, 22.34, 22.5, 22.75, 22.73, 9999.0, 9999.0, 9999.0, 23.91, 9999.0, 22.73, 9999.0, 22.73, 22.5, 22.27, 22.34, 22.25
2026-09-08, 15:10:19, 22.36, 22.5, 22.75, 22.73, 9999.0, 9999.0, 9999.0, 23.86, 9999.0, 22.75, 9999.0, 22.75, 22.5, 22.27, 22.36, 22.25
2026-09-08, 15:10:23, 22.36, 22.5, 22.75, 22.73, 9999.0, 9999.0, 9999.0, 23.91, 9999.0, 22.77, 9999.0, 22.77, 22.5, 22.27, 22.39, 22.25
2026-09-08, 15:10:27, 22.36, 22.5, 22.75, 22.73, 9999.0, 9999.0, 9999.0, 23.93, 9999.0, 22.77, 9999.0, 22.77, 22.5, 22.27, 22.41, 22.25
2026-09-08, 15:10:31, 22.36, 22.5, 22.75, 22.73, 9999.0, 9999.0, 9999.0, 23.95, 9999.0, 22.77, 9999.0, 22.77, 22.5, 22.27, 22.41, 22.25
2026-09-08, 15:10:35, 22.36, 22.5, 22.75, 22.73, 9999.0, 9999.0, 9999.0, 23.98, 9999.0, 22.77, 9999.0, 22.77, 22.5, 22.27, 22.39, 22.25
2026-09-08, 15:10:39, 22.36, 22.5, 22.75, 22.73, 9999.0, 9999.0, 9999.0, 24.0, 9999.0, 22.77, 9999.0, 22.75, 22.5, 22.27, 22.41, 22.25
2026-09-08, 15:10:43, 22.36, 22.5, 22.75, 22.75, 9999.0, 9999.0, 9999.0, 24.05, 9999.0, 22.8, 9999.0, 22.75, 22.5, 22.27, 22.39, 22.25
2026-09-08, 15:10:47, 22.34, 22.5, 22.75, 22.75, 9999.0, 9999.0, 9999.0, 24.07, 9999.0, 22.8, 9999.0, 22.73, 22.5, 22.25, 22.36, 22.25
2026-09-08, 15:10:51, 22.34, 22.5, 22.75, 22.75, 9999.0, 9999.0, 9999.0, 24.09, 9999.0, 22.77, 9999.0, 22.73, 22.5, 22.25, 22.36, 22.25
2026-09-08, 15:10:55, 22.34, 22.5, 22.75, 22.75, 9999.0, 9999.0, 9999.0, 24.11, 9999.0, 22.75, 9999.0, 22.7, 22.5, 22.25, 22.39, 22.25
2026-09-08, 15:10:59, 22.32, 22.5, 22.75, 22.75, 9999.0, 9999.0, 9999.0, 24.14, 9999.0, 22.7, 9999.0, 22.7, 22.5, 22.25, 22.36, 22.25
2026-09-08, 15:11:03, 22.3, 22.5, 22.75, 22.75, 9999.0, 9999.0, 9999.0, 24.16, 9999.0, 22.66, 9999.0, 22.7, 22.5, 22.25, 22.34, 22.25
2026-09-08, 15:11:07, 22.32, 22.5, 22.75, 22.75, 9999.0, 9999.0, 9999.0, 24.11, 9999.0, 22.64, 9999.0, 22.7, 22.5, 22.25, 22.32, 22.25
2026-09-08, 15:11:11, 22.32, 22.5, 22.75, 22.75, 9999.0, 9999.0, 9999.0, 24.09, 9999.0, 22.61, 9999.0, 22.73, 22.5, 22.25, 22.3, 22.25
2026-09-08, 15:11:15, 22.34, 22.5, 22.75, 22.75, 9999.0, 9999.0, 9999.0, 24.05, 9999.0, 22.59, 9999.0, 22.73, 22.5, 22.25, 22.3, 22.25
2026-09-08, 15:11:19, 22.36, 22.5, 22.75, 22.75, 9999.0, 9999.0, 9999.0, 24.0, 9999.0, 22.59, 9999.0, 22.73, 22.5, 22.25, 22.3, 22.25
2026-09-08, 15:11:23, 22.36, 22.5, 22.75, 22.75, 9999.0, 9999.0, 9999.0, 23.95, 9999.0, 22.59, 9999.0, 22.73, 22.5, 22.25, 22.27, 22.25
2026-09-08, 15:11:28, 22.36, 22.5, 22.75, 22.75, 9999.0, 9999.0, 9999.0, 23.91, 9999.0, 22.59, 9999.0, 22.73, 22.5, 22.25, 22.27, 22.25
2026-09-08, 15:11:32, 22.39, 22.5, 22.75, 22.75, 9999.0, 9999.0, 9999.0, 23.89, 9999.0, 22.61, 9999.0, 22.75, 22.5, 22.25, 22.27, 22.25
2026-09-08, 15:11:36, 22.41, 22.5, 22.75, 22.75, 9999.0, 9999.0, 9999.0, 23.86, 9999.0, 22.64, 9999.0, 22.75, 22.5, 22.25, 22.27, 22.25
2026-09-08, 15:11:40, 22.39, 22.5, 22.75, 22.75, 9999.0, 9999.0, 9999.0, 23.91, 9999.0, 22.66, 9999.0, 22.77, 22.5, 22.25, 22.25, 22.25
2026-09-08, 15:11:44, 22.41, 22.5, 22.75, 22.75, 9999.0, 9999.0, 9999.0, 23.95, 9999.0, 22.68, 9999.0, 22.77, 22.5, 22.25, 22.25, 22.25
2026-09-08, 15:11:48, 22.43, 22.5, 22.75, 22.75, 9999.0, 9999.0, 9999.0, 23.98, 9999.0, 22.7, 9999.0, 22.77, 22.5, 22.25, 22.25, 22.25
2026-09-08, 15:11:52, 22.41, 22.5, 22.75, 22.75, 9999.0, 9999.0, 9999.0, 24.0, 9999.0, 22.73, 9999.0, 22.75, 22.5, 22.25, 22.25, 22.25
2026-09-08, 15:11:56, 22.43, 22.5, 22.75, 22.75, 9999.0, 9999.0, 9999.0, 24.02, 9999.0, 22.73, 9999.0, 22.7, 22.5, 22.25, 22.25, 22.25
2026-09-08, 15:12:00, 22.43, 22.5, 22.75, 22.75, 9999.0, 9999.0, 9999.0, 24.07, 9999.0, 22.73, 9999.0, 22.68, 22.5, 22.25, 22.25, 22.25
2026-09-08, 15:12:04, 22.43, 22.48, 22.75, 22.75, 9999.0, 9999.0, 9999.0, 24.11, 9999.0, 22.7, 9999.0, 22.66, 22.5, 22.25, 22.25, 22.25
2026-09-08, 15:12:08, 22.43, 22.48, 22.75, 22.75, 9999.0, 9999.0, 9999.0, 24.14, 9999.0, 22.68, 9999.0, 22.64, 22.5, 22.25, 22.25, 22.25
2026-09-08, 15:12:12, 22.41, 22.48, 22.75, 22.75, 9999.0, 9999.0, 9999.0, 24.18, 9999.0, 22.66, 9999.0, 22.61, 22.5, 22.25, 22.25, 22.25
2026-09-08, 15:12:16, 22.39, 22.48, 22.75, 22.75, 9999.0, 9999.0, 9999.0, 24.2, 9999.0, 22.61, 9999.0, 22.59, 22.5, 22.25, 22.25, 22.25
2026-09-08, 15:12:20, 22.36, 22.48, 22.75, 22.75, 9999.0, 9999.0, 9999.0, 24.23, 9999.0, 22.59, 9999.0, 22.59, 22.5, 22.25, 22.27, 22.25
2026-09-08, 15:12:24, 22.36, 22.48, 22.75, 22.75, 9999.0, 9999.0, 9999.0, 24.18, 9999.0, 22.57, 9999.0, 22.59, 22.5, 22.25, 22.27, 22.25
2026-09-08, 15:12:28, 22.34, 22.48, 22.75, 22.75, 9999.0, 9999.0, 9999.0, 24.14, 9999.0, 22.55, 9999.0, 22.59, 22.5, 22.25, 22.27, 22.25
2026-09-08, 15:12:32, 22.32, 22.48, 22.75, 22.75, 9999.0, 9999.0, 9999.0, 24.09, 9999.0, 22.52, 9999.0, 22.59, 22.5, 22.25, 22.3, 22.25
2026-09-08, 15:12:36, 22.32, 22.48, 22.75, 22.75, 9999.0, 9999.0, 9999.0, 24.05, 9999.0, 22.5, 9999.0, 22.61, 22.5, 22.25, 22.3, 22.25
2026-09-08, 15:12:40, 22.3, 22.48, 22.75, 22.75, 9999.0, 9999.0, 9999.0, 24.0, 9999.0, 22.52, 9999.0, 22.64, 22.5, 22.25, 22.3, 22.25
2026-09-08, 15:12:44, 22.27, 22.48, 22.75, 22.75, 9999.0, 9999.0, 9999.0, 23.95, 9999.0, 22.55, 9999.0, 22.66, 22.5, 22.25, 22.3, 22.25
2026-09-08, 15:12:48, 22.25, 22.5, 22.75, 22.75, 9999.0, 9999.0, 9999.0, 23.91, 9999.0, 22.57, 9999.0, 22.68, 22.5, 22.25, 22.3, 22.25
2026-09-08, 15:12:52, 22.25, 22.5, 22.75, 22.75, 9999.0, 9999.0, 9999.0, 23.89, 9999.0, 22.59, 9999.0, 22.7, 22.5, 22.25, 22.3, 22.25
2026-09-08, 15:12:56, 22.25, 22.5, 22.75, 22.75, 9999.0, 9999.0, 9999.0, 23.84, 9999.0, 22.61, 9999.0, 22.73, 22.5, 22.25, 22.3, 22.25
2026-09-08, 15:13:00, 22.27, 22.5, 22.75, 22.75, 9999.0, 9999.0, 9999.0, 23.89, 9999.0, 22.64, 9999.0, 22.75, 22.5, 22.25, 22.3, 22.25
2026-09-08, 15:13:04, 22.27, 22.5, 22.75, 22.75, 9999.0, 9999.0, 9999.0, 23.91, 9999.0, 22.66, 9999.0, 22.75, 22.5, 22.25, 22.27, 22.25
2026-09-08, 15:13:08, 22.27, 22.5, 22.75, 22.75, 9999.0, 9999.0, 9999.0, 23.93, 9999.0, 22.68, 9999.0, 22.75, 22.5, 22.25, 22.27, 22.25
2026-09-08, 15:13:12, 22.27, 22.5, 22.75, 22.75, 9999.0, 9999.0, 9999.0, 23.95, 9999.0, 22.7, 9999.0, 22.75, 22.5, 22.25, 22.27, 22.25
2026-09-08, 15:13:16, 22.27, 22.5, 22.75, 22.75, 9999.0, 9999.0, 9999.0, 23.98, 9999.0, 22.7, 9999.0, 22.73, 22.5, 22.25, 22.27, 22.25
2026-09-08, 15:13:20, 22.27, 22.5, 22.75, 22.75, 9999.0, 9999.0, 9999.0, 24.0, 9999.0, 22.73, 9999.0, 22.7, 22.5, 22.25, 22.3, 22.25
2026-09-08, 15:13:24, 22.27, 22.5, 22.75, 22.75, 9999.0, 9999.0, 9999.0, 24.02, 9999.0, 22.7, 9999.0, 22.68, 22.5, 22.25, 22.3, 22.25
2026-09-08, 15:13:28, 22.3, 22.5, 22.75, 22.75, 9999.0, 9999.0, 9999.0, 24.05, 9999.0, 22.68, 9999.0, 22.66, 22.5, 22.25, 22.3, 22.25
2026-09-08, 15:13:32, 22.3, 22.5, 22.75, 22.75, 9999.0, 9999.0, 9999.0, 24.07, 9999.0, 22.66, 9999.0, 22.64, 22.5, 22.25, 22.3, 22.25
2026-09-08, 15:13:36, 22.3, 22.5, 22.75, 22.75, 9999.0, 9999.0, 9999.0, 24.09, 9999.0, 22.64, 9999.0, 22.64, 22.5, 22.25, 22.3, 22.25
2026-09-08, 15:13:40, 22.3, 22.5, 22.75, 22.75, 9999.0, 9999.0, 9999.0, 24.11, 9999.0, 22.61, 9999.0, 22.64, 22.5, 22.25, 22.3, 22.25
2026-09-08, 15:13:44, 22.27, 22.5, 22.75, 22.75, 9999.0, 9999.0, 9999.0, 24.07, 9999.0, 22.59, 9999.0, 22.64, 22.5, 22.25, 22.32, 22.25
2026-09-08, 15:13:48, 22.27, 22.5, 22.75, 22.75, 9999.0, 9999.0, 9999.0, 24.02, 9999.0, 22.57, 9999.0, 22.64, 22.5, 22.25, 22.34, 22.25
2026-09-08, 15:13:52, 22.3, 22.5, 22.75, 22.75, 9999.0, 9999.0, 9999.0, 23.98, 9999.0, 22.52, 9999.0, 22.64, 22.5, 22.25, 22.36, 22.25
2026-09-08, 15:13:56, 22.3, 22.5, 22.75, 22.75, 9999.0, 9999.0, 9999.0, 23.93, 9999.0, 22.5, 9999.0, 22.64, 22.5, 22.25, 22.36, 22.25
2026-09-08, 15:14:00, 22.3, 22.5, 22.75, 22.75, 9999.0, 9999.0, 9999.0, 23.91, 9999.0, 22.5, 9999.0, 22.66, 22.5, 22.25, 22.34, 22.25
2026-09-08, 15:14:04, 22.32, 22.48, 22.75, 22.75, 9999.0, 9999.0, 9999.0, 23.89, 9999.0, 22.5, 9999.0, 22.68, 22.5, 22.25, 22.34, 22.25
2026-09-08, 15:14:08, 22.34, 22.48, 22.75, 22.75, 9999.0, 9999.0, 9999.0, 23.86, 9999.0, 22.52, 9999.0, 22.7, 22.5, 22.25, 22.34, 22.25
2026-09-08, 15:14:12, 22.32, 22.48, 22.75, 22.75, 9999.0, 9999.0, 9999.0, 23.84, 9999.0, 22.55, 9999.0, 22.73, 22.5, 22.25, 22.34, 22.25
2026-09-08, 15:14:16, 22.32, 22.48, 22.75, 22.75, 9999.0, 9999.0, 9999.0, 23.86, 9999.0, 22.57, 9999.0, 22.75, 22.5, 22.25, 22.36, 22.25
2026-09-08, 15:14:20, 22.32, 22.48, 22.75, 22.75, 9999.0, 9999.0, 9999.0, 23.89, 9999.0, 22.59, 9999.0, 22.75, 22.5, 22.25, 22.36, 22.25
2026-09-08, 15:14:24, 22.32, 22.48, 22.75, 22.75, 9999.0, 9999.0, 9999.0, 23.91, 9999.0, 22.61, 9999.0, 22.75, 22.5, 22.25, 22.39, 22.25
2026-09-08, 15:14:28, 22.32, 22.48, 22.75, 22.75, 9999.0, 9999.0, 9999.0, 23.93, 9999.0, 22.61, 9999.0, 22.73, 22.5, 22.25, 22.36, 22.25
2026-09-08, 15:14:32, 22.32, 22.48, 22.75, 22.75, 9999.0, 9999.0, 9999.0, 23.98, 9999.0, 22.64, 9999.0, 22.73, 22.5, 22.25, 22.34, 22.25
2026-09-08, 15:14:36, 22.32, 22.48, 22.75, 22.75, 9999.0, 9999.0, 9999.0, 24.0, 9999.0, 22.66, 9999.0, 22.7, 22.5, 22.25, 22.32, 22.25
2026-09-08, 15:14:40, 22.32, 22.48, 22.75, 22.75, 9999.0, 9999.0, 9999.0, 24.02, 9999.0, 22.66, 9999.0, 22.68, 22.5, 22.25, 22.32, 22.25
2026-09-08, 15:14:44, 22.32, 22.48, 22.75, 22.75, 9999.0, 9999.0, 9999.0, 24.05, 9999.0, 22.66, 9999.0, 22.66, 22.5, 22.25, 22.32, 22.25
2026-09-08, 15:14:48, 22.3, 22.5, 22.75, 22.75, 9999.0, 9999.0, 9999.0, 24.07, 9999.0, 22.64, 9999.0, 22.64, 22.5, 22.25, 22.3, 22.25
2026-09-08, 15:14:52, 22.27, 22.5, 22.75, 22.75, 9999.0, 9999.0, 9999.0, 24.09, 9999.0, 22.61, 9999.0, 22.64, 22.5, 22.25, 22.3, 22.25
2026-09-08, 15:14:56, 22.3, 22.5, 22.75, 22.75, 9999.0, 9999.0, 9999.0, 24.09, 9999.0, 22.59, 9999.0, 22.64, 22.5, 22.25, 22.3, 22.25
2026-09-08, 15:15:00, 22.3, 22.5, 22.75, 22.75, 9999.0, 9999.0, 9999.0, 24.05, 9999.0, 22.57, 9999.0, 22.64, 22.5, 22.25, 22.27, 22.25
2026-09-08, 15:15:04, 22.3, 22.5, 22.75, 22.75, 9999.0, 9999.0, 9999.0, 24.0, 9999.0, 22.55, 9999.0, 22.64, 22.5, 22.25, 22.27, 22.25
2026-09-08, 15:15:08, 22.3, 22.5, 22.75, 22.75, 9999.0, 9999.0, 9999.0, 23.95, 9999.0, 22.52, 9999.0, 22.64, 22.5, 22.25, 22.25, 22.25
2026-09-08, 15:15:12, 22.3, 22.5, 22.75, 22.75, 9999.0, 9999.0, 9999.0, 23.91, 9999.0, 22.52, 9999.0, 22.66, 22.5, 22.25, 22.27, 22.25
2026-09-08, 15:15:16, 22.3, 22.5, 22.75, 22.75, 9999.0, 9999.0, 9999.0, 23.86, 9999.0, 22.5, 9999.0, 22.66, 22.5, 22.25, 22.27, 22.25
2026-09-08, 15:15:21, 22.27, 22.5, 22.75, 22.75, 9999.0, 9999.0, 9999.0, 23.84, 9999.0, 22.52, 9999.0, 22.7, 22.5, 22.25, 22.27, 22.25
2026-09-08, 15:15:25, 22.27, 22.5, 22.75, 22.75, 9999.0, 9999.0, 9999.0, 23.8, 9999.0, 22.55, 9999.0, 22.73, 22.5, 22.25, 22.27, 22.25
2026-09-08, 15:15:29, 22.27, 22.5, 22.75, 22.75, 9999.0, 9999.0, 9999.0, 23.75, 9999.0, 22.57, 9999.0, 22.75, 22.5, 22.25, 22.3, 22.25
2026-09-08, 15:15:33, 22.27, 22.5, 22.75, 22.75, 9999.0, 9999.0, 9999.0, 23.77, 9999.0, 22.59, 9999.0, 22.77, 22.5, 22.25, 22.3, 22.25
2026-09-08, 15:15:37, 22.27, 22.5, 22.75, 22.75, 9999.0, 9999.0, 9999.0, 23.8, 9999.0, 22.61, 9999.0, 22.77, 22.5, 22.25, 22.3, 22.25
2026-09-08, 15:15:41, 22.25, 22.5, 22.75, 22.75, 9999.0, 9999.0, 9999.0, 23.84, 9999.0, 22.61, 9999.0, 22.77, 22.5, 22.25, 22.3, 22.25
2026-09-08, 15:15:45, 22.25, 22.5, 22.75, 22.75, 9999.0, 9999.0, 9999.0, 23.89, 9999.0, 22.61, 9999.0, 22.77, 22.5, 22.25, 22.3, 22.25
2026-09-08, 15:15:49, 22.25, 22.5, 22.75, 22.75, 9999.0, 9999.0, 9999.0, 23.91, 9999.0, 22.61, 9999.0, 22.75, 22.5, 22.25, 22.3, 22.25
2026-09-08, 15:15:53, 22.25, 22.5, 22.75, 22.75, 9999.0, 9999.0, 9999.0, 23.93, 9999.0, 22.61, 9999.0, 22.73, 22.5, 22.25, 22.3, 22.25
2026-09-08, 15:15:57, 22.27, 22.5, 22.75, 22.75, 9999.0, 9999.0, 9999.0, 23.95, 9999.0, 22.61, 9999.0, 22.7, 22.5, 22.25, 22.27, 22.25
2026-09-08, 15:16:01, 22.27, 22.5, 22.75, 22.75, 9999.0, 9999.0, 9999.0, 23.98, 9999.0, 22.61, 9999.0, 22.68, 22.5, 22.25, 22.27, 22.25
2026-09-08, 15:16:05, 22.27, 22.5, 22.75, 22.75, 9999.0, 9999.0, 9999.0, 24.0, 9999.0, 22.59, 9999.0, 22.64, 22.5, 22.25, 22.27, 22.25
2026-09-08, 15:16:09, 22.27, 22.5, 22.75, 22.75, 9999.0, 9999.0, 9999.0, 24.05, 9999.0, 22.57, 9999.0, 22.64, 22.5, 22.25, 22.27, 22.25
2026-09-08, 15:16:13, 22.3, 22.5, 22.75, 22.75, 9999.0, 9999.0, 9999.0, 24.07, 9999.0, 22.55, 9999.0, 22.64, 22.5, 22.25, 22.25, 22.25
2026-09-08, 15:16:17, 22.3, 22.5, 22.75, 22.75, 9999.0, 9999.0, 9999.0, 24.02, 9999.0, 22.5, 9999.0, 22.64, 22.5, 22.25, 22.25, 22.25
2026-09-08, 15:16:21, 22.3, 22.5, 22.75, 22.75, 9999.0, 9999.0, 9999.0, 23.98, 9999.0, 22.48, 9999.0, 22.64, 22.5, 22.25, 22.25, 22.25
2026-09-08, 15:16:25, 22.3, 22.5, 22.75, 22.75, 9999.0, 9999.0, 9999.0, 23.93, 9999.0, 22.45, 9999.0, 22.64, 22.5, 22.25, 22.27, 22.25
2026-09-08, 15:16:29, 22.3, 22.5, 22.75, 22.75, 9999.0, 9999.0, 9999.0, 23.89, 9999.0, 22.45, 9999.0, 22.64, 22.5, 22.25, 22.27, 22.25
2026-09-08, 15:16:33, 22.3, 22.5, 22.75, 22.75, 9999.0, 9999.0, 9999.0, 23.86, 9999.0, 22.45, 9999.0, 22.66, 22.5, 22.25, 22.27, 22.25
2026-09-08, 15:16:37, 22.3, 22.5, 22.75, 22.75, 9999.0, 9999.0, 9999.0, 23.82, 9999.0, 22.48, 9999.0, 22.68, 22.5, 22.25, 22.27, 22.25
2026-09-08, 15:16:41, 22.27, 22.5, 22.75, 22.75, 9999.0, 9999.0, 9999.0, 23.77, 9999.0, 22.5, 9999.0, 22.7, 22.5, 22.25, 22.27, 22.25
2026-09-08, 15:16:45, 22.27, 22.5, 22.75, 22.75, 9999.0, 9999.0, 9999.0, 23.73, 9999.0, 22.52, 9999.0, 22.73, 22.5, 22.25, 22.3, 22.25
2026-09-08, 15:16:49, 22.27, 22.5, 22.75, 22.75, 9999.0, 9999.0, 9999.0, 23.77, 9999.0, 22.52, 9999.0, 22.75, 22.5, 22.25, 22.3, 22.25
2026-09-08, 15:16:53, 22.27, 22.5, 22.75, 22.75, 9999.0, 9999.0, 9999.0, 23.8, 9999.0, 22.55, 9999.0, 22.75, 22.5, 22.25, 22.3, 22.25
2026-09-08, 15:16:57, 22.25, 22.5, 22.75, 22.75, 9999.0, 9999.0, 9999.0, 23.84, 9999.0, 22.57, 9999.0, 22.75, 22.5, 22.25, 22.3, 22.25
2026-09-08, 15:17:01, 22.25, 22.5, 22.75, 22.75, 9999.0, 9999.0, 9999.0, 23.89, 9999.0, 22.59, 9999.0, 22.73, 22.5, 22.25, 22.3, 22.25
2026-09-08, 15:17:05, 22.25, 22.5, 22.75, 22.75, 9999.0, 9999.0, 9999.0, 23.91, 9999.0, 22.59, 9999.0, 22.7, 22.5, 22.25, 22.3, 22.25
2026-09-08, 15:17:09, 22.25, 22.5, 22.75, 22.75, 9999.0, 9999.0, 9999.0, 23.93, 9999.0, 22.61, 9999.0, 22.68, 22.5, 22.25, 22.27, 22.25
2026-09-08, 15:17:13, 22.25, 22.5, 22.75, 22.75, 9999.0, 9999.0, 9999.0, 23.95, 9999.0, 22.61, 9999.0, 22.68, 22.5, 22.25, 22.27, 22.25
2026-09-08, 15:17:17, 22.25, 22.5, 22.75, 22.75, 9999.0, 9999.0, 9999.0, 23.98, 9999.0, 22.61, 9999.0, 22.66, 22.5, 22.25, 22.27, 22.25
2026-09-08, 15:17:21, 22.25, 22.5, 22.75, 22.75, 9999.0, 9999.0, 9999.0, 24.02, 9999.0, 22.59, 9999.0, 22.64, 22.5, 22.25, 22.27, 22.25
2026-09-08, 15:17:25, 22.25, 22.5, 22.75, 22.75, 9999.0, 9999.0, 9999.0, 24.07, 9999.0, 22.55, 9999.0, 22.64, 22.5, 22.25, 22.27, 22.25
2026-09-08, 15:17:29, 22.25, 22.5, 22.75, 22.75, 9999.0, 9999.0, 9999.0, 24.11, 9999.0, 22.5, 9999.0, 22.64, 22.5, 22.25, 22.25, 22.25
2026-09-08, 15:17:33, 22.25, 22.5, 22.75, 22.75, 9999.0, 9999.0, 9999.0, 24.05, 9999.0, 22.48, 9999.0, 22.64, 22.5, 22.25, 22.25, 22.25
2026-09-08, 15:17:37, 22.25, 22.5, 22.75, 22.75, 9999.0, 9999.0, 9999.0, 24.0, 9999.0, 22.43, 9999.0, 22.64, 22.5, 22.25, 22.27, 22.25
2026-09-08, 15:17:41, 22.25, 22.5, 22.75, 22.75, 9999.0, 9999.0, 9999.0, 23.95, 9999.0, 22.39, 9999.0, 22.64, 22.5, 22.25, 22.3, 22.25
2026-09-08, 15:17:45, 22.25, 22.5, 22.75, 22.75, 9999.0, 9999.0, 9999.0, 23.91, 9999.0, 22.39, 9999.0, 22.66, 22.5, 22.25, 22.3, 22.25
2026-09-08, 15:17:49, 22.25, 22.5, 22.75, 22.75, 9999.0, 9999.0, 9999.0, 23.86, 9999.0, 22.39, 9999.0, 22.68, 22.5, 22.25, 22.3, 22.25
2026-09-08, 15:17:53, 22.25, 22.5, 22.75, 22.75, 9999.0, 9999.0, 9999.0, 23.82, 9999.0, 22.39, 9999.0, 22.7, 22.5, 22.25, 22.3, 22.25
2026-09-08, 15:17:57, 22.25, 22.5, 22.75, 22.75, 9999.0, 9999.0, 9999.0, 23.8, 9999.0, 22.39, 9999.0, 22.7, 22.5, 22.25, 22.3, 22.25
2026-09-08, 15:18:01, 22.25, 22.5, 22.75, 22.75, 9999.0, 9999.0, 9999.0, 23.75, 9999.0, 22.39, 9999.0, 22.73, 22.5, 22.25, 22.3, 22.27
2026-09-08, 15:18:05, 22.25, 22.5, 22.75, 22.75, 9999.0, 9999.0, 9999.0, 23.77, 9999.0, 22.39, 9999.0, 22.75, 22.5, 22.25, 22.3, 22.27
2026-09-08, 15:18:09, 22.25, 22.5, 22.75, 22.75, 9999.0, 9999.0, 9999.0, 23.8, 9999.0, 22.41, 9999.0, 22.75, 22.5, 22.25, 22.3, 22.27
2026-09-08, 15:18:13, 22.25, 22.5, 22.75, 22.75, 9999.0, 9999.0, 9999.0, 23.8, 9999.0, 22.43, 9999.0, 22.75, 22.5, 22.25, 22.3, 22.27
2026-09-08, 15:18:17, 22.25, 22.5, 22.75, 22.75, 9999.0, 9999.0, 9999.0, 23.82, 9999.0, 22.43, 9999.0, 22.73, 22.5, 22.25, 22.3, 22.27
2026-09-08, 15:18:21, 22.25, 22.5, 22.75, 22.75, 9999.0, 9999.0, 9999.0, 23.84, 9999.0, 22.43, 9999.0, 22.7, 22.5, 22.25, 22.27, 22.27
2026-09-08, 15:18:25, 22.25, 22.5, 22.75, 22.75, 9999.0, 9999.0, 9999.0, 23.86, 9999.0, 22.43, 9999.0, 22.68, 22.5, 22.25, 22.25, 22.27
2026-09-08, 15:18:29, 22.25, 22.5, 22.75, 22.75, 9999.0, 9999.0, 9999.0, 23.89, 9999.0, 22.41, 9999.0, 22.66, 22.5, 22.25, 22.25, 22.27
2026-09-08, 15:18:33, 22.25, 22.5, 22.75, 22.75, 9999.0, 9999.0, 9999.0, 23.93, 9999.0, 22.39, 9999.0, 22.64, 22.5, 22.25, 22.27, 22.27
2026-09-08, 15:18:37, 22.25, 22.5, 22.75, 22.75, 9999.0, 9999.0, 9999.0, 23.98, 9999.0, 22.36, 9999.0, 22.61, 22.5, 22.25, 22.27, 22.27
2026-09-08, 15:18:41, 22.25, 22.5, 22.75, 22.75, 9999.0, 9999.0, 9999.0, 24.0, 9999.0, 22.34, 9999.0, 22.61, 22.5, 22.25, 22.27, 22.27
2026-09-08, 15:18:45, 22.25, 22.5, 22.75, 22.75, 9999.0, 9999.0, 9999.0, 24.02, 9999.0, 22.32, 9999.0, 22.61, 22.5, 22.25, 22.27, 22.25
2026-09-08, 15:18:49, 22.25, 22.5, 22.75, 22.75, 9999.0, 9999.0, 9999.0, 23.98, 9999.0, 22.3, 9999.0, 22.64, 22.5, 22.25, 22.27, 22.25
2026-09-08, 15:18:53, 22.25, 22.5, 22.75, 22.75, 9999.0, 9999.0, 9999.0, 23.93, 9999.0, 22.25, 9999.0, 22.64, 22.5, 22.25, 22.27, 22.25
2026-09-08, 15:18:57, 22.25, 22.5, 22.75, 22.75, 9999.0, 9999.0, 9999.0, 23.91, 9999.0, 22.2, 9999.0, 22.64, 22.5, 22.25, 22.3, 22.25
2026-09-08, 15:19:01, 22.25, 22.5, 22.75, 22.75, 9999.0, 9999.0, 9999.0, 23.89, 9999.0, 22.2, 9999.0, 22.66, 22.5, 22.25, 22.3, 22.25
2026-09-08, 15:19:06, 22.25, 22.5, 22.75, 22.75, 9999.0, 9999.0, 9999.0, 23.84, 9999.0, 22.2, 9999.0, 22.68, 22.5, 22.25, 22.3, 22.25
2026-09-08, 15:19:10, 22.25, 22.5, 22.75, 22.75, 9999.0, 9999.0, 9999.0, 23.8, 9999.0, 22.23, 9999.0, 22.7, 22.5, 22.25, 22.3, 22.25
2026-09-08, 15:19:14, 22.25, 22.5, 22.75, 22.75, 9999.0, 9999.0, 9999.0, 23.75, 9999.0, 22.25, 9999.0, 22.73, 22.5, 22.25, 22.3, 22.25
2026-09-08, 15:19:18, 22.25, 22.5, 22.75, 22.75, 9999.0, 9999.0, 9999.0, 23.7, 9999.0, 22.27, 9999.0, 22.75, 22.5, 22.25, 22.27, 22.25
2026-09-08, 15:19:22, 22.25, 22.5, 22.75, 22.75, 9999.0, 9999.0, 9999.0, 23.73, 9999.0, 22.3, 9999.0, 22.77, 22.5, 22.25, 22.27, 22.25
2026-09-08, 15:19:26, 22.25, 22.5, 22.75, 22.75, 9999.0, 9999.0, 9999.0, 23.75, 9999.0, 22.3, 9999.0, 22.77, 22.5, 22.25, 22.27, 22.25
2026-09-08, 15:19:30, 22.25, 22.5, 22.75, 22.75, 9999.0, 9999.0, 9999.0, 23.8, 9999.0, 22.3, 9999.0, 22.75, 22.5, 22.25, 22.27, 22.25
2026-09-08, 15:19:34, 22.27, 22.5, 22.75, 22.75, 9999.0, 9999.0, 9999.0, 23.84, 9999.0, 22.3, 9999.0, 22.7, 22.5, 22.25, 22.27, 22.25
2026-09-08, 15:19:38, 22.3, 22.5, 22.75, 22.75, 9999.0, 9999.0, 9999.0, 23.86, 9999.0, 22.34, 9999.0, 22.68, 22.5, 22.25, 22.27, 22.25
2026-09-08, 15:19:42, 22.3, 22.5, 22.75, 22.75, 9999.0, 9999.0, 9999.0, 23.89, 9999.0, 22.36, 9999.0, 22.66, 22.5, 22.25, 22.25, 22.25
2026-09-08, 15:19:46, 22.3, 22.5, 22.75, 22.75, 9999.0, 9999.0, 9999.0, 23.91, 9999.0, 22.36, 9999.0, 22.64, 22.5, 22.25, 22.25, 22.25
2026-09-08, 15:19:50, 22.3, 22.5, 22.75, 22.75, 9999.0, 9999.0, 9999.0, 23.95, 9999.0, 22.36, 9999.0, 22.61, 22.5, 22.25, 22.25, 22.25
2026-09-08, 15:19:54, 22.3, 22.5, 22.75, 22.75, 9999.0, 9999.0, 9999.0, 24.0, 9999.0, 22.34, 9999.0, 22.59, 22.5, 22.25, 22.27, 22.25
2026-09-08, 15:19:58, 22.3, 22.5, 22.75, 22.75, 9999.0, 9999.0, 9999.0, 24.05, 9999.0, 22.32, 9999.0, 22.59, 22.5, 22.25, 22.27, 22.25
2026-09-08, 15:20:02, 22.3, 22.5, 22.75, 22.75, 9999.0, 9999.0, 9999.0, 24.07, 9999.0, 22.3, 9999.0, 22.59, 22.5, 22.25, 22.27, 22.25
2026-09-08, 15:20:06, 22.3, 22.5, 22.75, 22.75, 9999.0, 9999.0, 9999.0, 24.02, 9999.0, 22.27, 9999.0, 22.59, 22.5, 22.25, 22.27, 22.25
2026-09-08, 15:20:10, 22.3, 22.5, 22.75, 22.75, 9999.0, 9999.0, 9999.0, 23.98, 9999.0, 22.25, 9999.0, 22.59, 22.5, 22.25, 22.27, 22.25
2026-09-08, 15:20:14, 22.3, 22.5, 22.75, 22.75, 9999.0, 9999.0, 9999.0, 23.91, 9999.0, 22.23, 9999.0, 22.61, 22.5, 22.25, 22.27, 22.25
2026-09-08, 15:20:18, 22.27, 22.5, 22.75, 22.75, 9999.0, 9999.0, 9999.0, 23.86, 9999.0, 22.23, 9999.0, 22.64, 22.5, 22.25, 22.27, 22.25
2026-09-08, 15:20:22, 22.25, 22.5, 22.75, 22.75, 9999.0, 9999.0, 9999.0, 23.82, 9999.0, 22.2, 9999.0, 22.66, 22.5, 22.25, 22.27, 22.25
2026-09-08, 15:20:26, 22.25, 22.5, 22.75, 22.75, 9999.0, 9999.0, 9999.0, 23.77, 9999.0, 22.2, 9999.0, 22.68, 22.5, 22.25, 22.27, 22.25
2026-09-08, 15:20:30, 22.25, 22.5, 22.75, 22.75, 9999.0, 9999.0, 9999.0, 23.73, 9999.0, 22.23, 9999.0, 22.7, 22.5, 22.25, 22.27, 22.25
2026-09-08, 15:20:34, 22.27, 22.5, 22.75, 22.75, 9999.0, 9999.0, 9999.0, 23.68, 9999.0, 22.25, 9999.0, 22.73, 22.5, 22.25, 22.27, 22.25
2026-09-08, 15:20:38, 22.27, 22.5, 22.75, 22.75, 9999.0, 9999.0, 9999.0, 23.7, 9999.0, 22.25, 9999.0, 22.75, 22.5, 22.25, 22.25, 22.25
2026-09-08, 15:20:42, 22.27, 22.5, 22.75, 22.75, 9999.0, 9999.0, 9999.0, 23.73, 9999.0, 22.25, 9999.0, 22.75, 22.5, 22.25, 22.25, 22.25
2026-09-08, 15:20:46, 22.27, 22.5, 22.75, 22.75, 9999.0, 9999.0, 9999.0, 23.75, 9999.0, 22.25, 9999.0, 22.75, 22.5, 22.25, 22.25, 22.25
2026-09-08, 15:20:50, 22.27, 22.5, 22.75, 22.75, 9999.0, 9999.0, 9999.0, 23.77, 9999.0, 22.25, 9999.0, 22.75, 22.5, 22.25, 22.27, 22.25
2026-09-08, 15:20:54, 22.27, 22.5, 22.75, 22.75, 9999.0, 9999.0, 9999.0, 23.77, 9999.0, 22.27, 9999.0, 22.75, 22.5, 22.25, 22.27, 22.25
2026-09-08, 15:20:58, 22.27, 22.5, 22.75, 22.75, 9999.0, 9999.0, 9999.0, 23.8, 9999.0, 22.3, 9999.0, 22.73, 22.5, 22.25, 22.27, 22.25
2026-09-08, 15:21:02, 22.27, 22.5, 22.75, 22.75, 9999.0, 9999.0, 9999.0, 23.8, 9999.0, 22.3, 9999.0, 22.7, 22.5, 22.25, 22.27, 22.25
2026-09-08, 15:21:06, 22.27, 22.5, 22.75, 22.75, 9999.0, 9999.0, 9999.0, 23.82, 9999.0, 22.27, 9999.0, 22.68, 22.5, 22.25, 22.27, 22.25
2026-09-08, 15:21:10, 22.27, 22.5, 22.75, 22.75, 9999.0, 9999.0, 9999.0, 23.86, 9999.0, 22.27, 9999.0, 22.66, 22.5, 22.25, 22.27, 22.25
2026-09-08, 15:21:14, 22.27, 22.5, 22.75, 22.75, 9999.0, 9999.0, 9999.0, 23.91, 9999.0, 22.23, 9999.0, 22.66, 22.5, 22.25, 22.27, 22.25
2026-09-08, 15:21:18, 22.25, 22.5, 22.75, 22.75, 9999.0, 9999.0, 9999.0, 23.93, 9999.0, 22.2, 9999.0, 22.66, 22.5, 22.25, 22.27, 22.25
2026-09-08, 15:21:22, 22.25, 22.5, 22.75, 22.75, 9999.0, 9999.0, 9999.0, 23.89, 9999.0, 22.18, 9999.0, 22.66, 22.5, 22.25, 22.27, 22.25
2026-09-08, 15:21:26, 22.25, 22.5, 22.75, 22.75, 9999.0, 9999.0, 9999.0, 23.84, 9999.0, 22.16, 9999.0, 22.66, 22.5, 22.25, 22.27, 22.25
2026-09-08, 15:21:30, 22.25, 22.5, 22.75, 22.75, 9999.0, 9999.0, 9999.0, 23.8, 9999.0, 22.14, 9999.0, 22.66, 22.5, 22.25, 22.27, 22.25
2026-09-08, 15:21:34, 22.25, 22.5, 22.75, 22.75, 9999.0, 9999.0, 9999.0, 23.77, 9999.0, 22.14, 9999.0, 22.66, 22.5, 22.25, 22.25, 22.25
2026-09-08, 15:21:38, 22.25, 22.5, 22.75, 22.75, 9999.0, 9999.0, 9999.0, 23.75, 9999.0, 22.14, 9999.0, 22.66, 22.5, 22.25, 22.25, 22.25
2026-09-08, 15:21:42, 22.25, 22.5, 22.75, 22.75, 9999.0, 9999.0, 9999.0, 23.73, 9999.0, 22.14, 9999.0, 22.68, 22.5, 22.25, 22.27, 22.25
2026-09-08, 15:21:46, 22.25, 22.5, 22.75, 22.75, 9999.0, 9999.0, 9999.0, 23.7, 9999.0, 22.14, 9999.0, 22.7, 22.5, 22.25, 22.27, 22.25
2026-09-08, 15:21:50, 22.25, 22.5, 22.75, 22.75, 9999.0, 9999.0, 9999.0, 23.68, 9999.0, 22.16, 9999.0, 22.73, 22.5, 22.25, 22.27, 22.25
2026-09-08, 15:21:54, 22.25, 22.5, 22.75, 22.75, 9999.0, 9999.0, 9999.0, 23.7, 9999.0, 22.16, 9999.0, 22.75, 22.5, 22.25, 22.27, 22.25
2026-09-08, 15:21:58, 22.27, 22.5, 22.75, 22.75, 9999.0, 9999.0, 9999.0, 23.7, 9999.0, 22.18, 9999.0, 22.75, 22.5, 22.25, 22.27, 22.25
2026-09-08, 15:22:02, 22.3, 22.5, 22.75, 22.75, 9999.0, 9999.0, 9999.0, 23.73, 9999.0, 22.18, 9999.0, 22.75, 22.5, 22.25, 22.27, 22.25
2026-09-08, 15:22:06, 22.3, 22.5, 22.75, 22.75, 9999.0, 9999.0, 9999.0, 23.75, 9999.0, 22.2, 9999.0, 22.75, 22.5, 22.25, 22.3, 22.25
2026-09-08, 15:22:10, 22.3, 22.5, 22.75, 22.75, 9999.0, 9999.0, 9999.0, 23.77, 9999.0, 22.23, 9999.0, 22.75, 22.5, 22.25, 22.3, 22.25
2026-09-08, 15:22:14, 22.3, 22.5, 22.75, 22.75, 9999.0, 9999.0, 9999.0, 23.8, 9999.0, 22.23, 9999.0, 22.75, 22.5, 22.25, 22.32, 22.25
2026-09-08, 15:22:18, 22.3, 22.5, 22.75, 22.75, 9999.0, 9999.0, 9999.0, 23.8, 9999.0, 22.2, 9999.0, 22.73, 22.5, 22.25, 22.32, 22.25
2026-09-08, 15:22:22, 22.3, 22.5, 22.75, 22.75, 9999.0, 9999.0, 9999.0, 23.82, 9999.0, 22.18, 9999.0, 22.7, 22.5, 22.25, 22.32, 22.25
2026-09-08, 15:22:26, 22.3, 22.5, 22.75, 22.75, 9999.0, 9999.0, 9999.0, 23.86, 9999.0, 22.18, 9999.0, 22.68, 22.5, 22.25, 22.32, 22.25
2026-09-08, 15:22:30, 22.3, 22.5, 22.75, 22.75, 9999.0, 9999.0, 9999.0, 23.89, 9999.0, 22.18, 9999.0, 22.68, 22.5, 22.25, 22.32, 22.25
2026-09-08, 15:22:34, 22.3, 22.5, 22.75, 22.75, 9999.0, 9999.0, 9999.0, 23.91, 9999.0, 22.16, 9999.0, 22.68, 22.5, 22.25, 22.32, 22.25
2026-09-08, 15:22:38, 22.32, 22.5, 22.75, 22.75, 9999.0, 9999.0, 9999.0, 23.86, 9999.0, 22.14, 9999.0, 22.68, 22.5, 22.25, 22.32, 22.27
2026-09-08, 15:22:42, 22.32, 22.5, 22.75, 22.75, 9999.0, 9999.0, 9999.0, 23.84, 9999.0, 22.11, 9999.0, 22.7, 22.5, 22.25, 22.32, 22.27
2026-09-08, 15:22:47, 22.3, 22.5, 22.75, 22.75, 9999.0, 9999.0, 9999.0, 23.8, 9999.0, 22.09, 9999.0, 22.73, 22.5, 22.25, 22.32, 22.27
2026-09-08, 15:22:51, 22.3, 22.5, 22.75, 22.75, 9999.0, 9999.0, 9999.0, 23.75, 9999.0, 22.09, 9999.0, 22.75, 22.5, 22.25, 22.32, 22.27
2026-09-08, 15:22:55, 22.3, 22.5, 22.75, 22.75, 9999.0, 9999.0, 9999.0, 23.7, 9999.0, 22.09, 9999.0, 22.75, 22.5, 22.25, 22.34, 22.27
2026-09-08, 15:22:59, 22.3, 22.5, 22.75, 22.75, 9999.0, 9999.0, 9999.0, 23.68, 9999.0, 22.11, 9999.0, 22.75, 22.5, 22.25, 22.32, 22.27
2026-09-08, 15:23:03, 22.3, 22.5, 22.75, 22.75, 9999.0, 9999.0, 9999.0, 23.66, 9999.0, 22.14, 9999.0, 22.77, 22.5, 22.25, 22.32, 22.27
2026-09-08, 15:23:07, 22.3, 22.5, 22.75, 22.75, 9999.0, 9999.0, 9999.0, 23.64, 9999.0, 22.16, 9999.0, 22.8, 22.5, 22.25, 22.32, 22.27
2026-09-08, 15:23:11, 22.3, 22.5, 22.75, 22.75, 9999.0, 9999.0, 9999.0, 23.59, 9999.0, 22.16, 9999.0, 22.82, 22.5, 22.25, 22.3, 22.27
2026-09-08, 15:23:15, 22.3, 22.5, 22.75, 22.75, 9999.0, 9999.0, 9999.0, 23.61, 9999.0, 22.16, 9999.0, 22.82, 22.5, 22.25, 22.3, 22.3
2026-09-08, 15:23:19, 22.3, 22.5, 22.75, 22.75, 9999.0, 9999.0, 9999.0, 23.64, 9999.0, 22.18, 9999.0, 22.82, 22.5, 22.25, 22.3, 22.3
2026-09-08, 15:23:23, 22.27, 22.5, 22.75, 22.75, 9999.0, 9999.0, 9999.0, 23.66, 9999.0, 22.2, 9999.0, 22.82, 22.5, 22.25, 22.3, 22.27
2026-09-08, 15:23:27, 22.25, 22.5, 22.75, 22.75, 9999.0, 9999.0, 9999.0, 23.68, 9999.0, 22.23, 9999.0, 22.77, 22.5, 22.25, 22.3, 22.27
2026-09-08, 15:23:31, 22.25, 22.5, 22.75, 22.75, 9999.0, 9999.0, 9999.0, 23.7, 9999.0, 22.23, 9999.0, 22.73, 22.5, 22.25, 22.3, 22.27
2026-09-08, 15:23:35, 22.25, 22.5, 22.75, 22.75, 9999.0, 9999.0, 9999.0, 23.73, 9999.0, 22.2, 9999.0, 22.7, 22.5, 22.25, 22.27, 22.27
2026-09-08, 15:23:39, 22.25, 22.5, 22.75, 22.77, 9999.0, 9999.0, 9999.0, 23.75, 9999.0, 22.18, 9999.0, 22.68, 22.5, 22.25, 22.25, 22.27
2026-09-08, 15:23:43, 22.25, 22.5, 22.75, 22.77, 9999.0, 9999.0, 9999.0, 23.77, 9999.0, 22.16, 9999.0, 22.66, 22.5, 22.25, 22.25, 22.3
2026-09-08, 15:23:47, 22.25, 22.48, 22.75, 22.77, 9999.0, 9999.0, 9999.0, 23.8, 9999.0, 22.14, 9999.0, 22.64, 22.5, 22.25, 22.27, 22.3
2026-09-08, 15:23:51, 22.25, 22.48, 22.75, 22.77, 9999.0, 9999.0, 9999.0, 23.82, 9999.0, 22.11, 9999.0, 22.64, 22.5, 22.25, 22.27, 22.32
2026-09-08, 15:23:55, 22.25, 22.48, 22.75, 22.77, 9999.0, 9999.0, 9999.0, 23.84, 9999.0, 22.09, 9999.0, 22.64, 22.5, 22.25, 22.27, 22.34
2026-09-08, 15:23:59, 22.25, 22.48, 22.75, 22.77, 9999.0, 9999.0, 9999.0, 23.8, 9999.0, 22.07, 9999.0, 22.64, 22.5, 22.25, 22.3, 22.32
2026-09-08, 15:24:03, 22.27, 22.48, 22.75, 22.77, 9999.0, 9999.0, 9999.0, 23.75, 9999.0, 22.05, 9999.0, 22.64, 22.5, 22.25, 22.32, 22.34
2026-09-08, 15:24:07, 22.27, 22.48, 22.75, 22.77, 9999.0, 9999.0, 9999.0, 23.7, 9999.0, 22.02, 9999.0, 22.64, 22.5, 22.25, 22.34, 22.36
2026-09-08, 15:24:11, 22.27, 22.48, 22.75, 22.77, 9999.0, 9999.0, 9999.0, 23.66, 9999.0, 22.02, 9999.0, 22.68, 22.5, 22.25, 22.34, 22.39
2026-09-08, 15:24:15, 22.27, 22.48, 22.75, 22.77, 9999.0, 9999.0, 9999.0, 23.64, 9999.0, 22.05, 9999.0, 22.7, 22.5, 22.25, 22.36, 22.41
2026-09-08, 15:24:19, 22.3, 22.48, 22.75, 22.77, 9999.0, 9999.0, 9999.0, 23.61, 9999.0, 22.07, 9999.0, 22.7, 22.5, 22.25, 22.39, 22.43
2026-09-08, 15:24:23, 22.3, 22.48, 22.75, 22.75, 9999.0, 9999.0, 9999.0, 23.59, 9999.0, 22.09, 9999.0, 22.73, 22.5, 22.25, 22.41, 22.45
2026-09-08, 15:24:27, 22.3, 22.48, 22.75, 22.75, 9999.0, 9999.0, 9999.0, 23.57, 9999.0, 22.11, 9999.0, 22.75, 22.5, 22.25, 22.41, 22.45
2026-09-08, 15:24:31, 22.3, 22.5, 22.75, 22.75, 9999.0, 9999.0, 9999.0, 23.61, 9999.0, 22.14, 9999.0, 22.77, 22.5, 22.25, 22.41, 22.45
2026-09-08, 15:24:35, 22.3, 22.5, 22.75, 22.75, 9999.0, 9999.0, 9999.0, 23.64, 9999.0, 22.16, 9999.0, 22.77, 22.5, 22.25, 22.43, 22.45
2026-09-08, 15:24:39, 22.3, 22.5, 22.75, 22.75, 9999.0, 9999.0, 9999.0, 23.66, 9999.0, 22.18, 9999.0, 22.77, 22.5, 22.25, 22.43, 22.45
2026-09-08, 15:24:43, 22.3, 22.5, 22.75, 22.75, 9999.0, 9999.0, 9999.0, 23.7, 9999.0, 22.2, 9999.0, 22.77, 22.5, 22.25, 22.41, 22.45
2026-09-08, 15:24:47, 22.27, 22.5, 22.75, 22.75, 9999.0, 9999.0, 9999.0, 23.75, 9999.0, 22.23, 9999.0, 22.75, 22.5, 22.25, 22.41, 22.43
2026-09-08, 15:24:51, 22.27, 22.5, 22.75, 22.75, 9999.0, 9999.0, 9999.0, 23.77, 9999.0, 22.23, 9999.0, 22.73, 22.5, 22.25, 22.39, 22.43
2026-09-08, 15:24:55, 22.27, 22.5, 22.75, 22.75, 9999.0, 9999.0, 9999.0, 23.8, 9999.0, 22.23, 9999.0, 22.68, 22.5, 22.25, 22.39, 22.41
2026-09-08, 15:24:59, 22.27, 22.5, 22.75, 22.75, 9999.0, 9999.0, 9999.0, 23.82, 9999.0, 22.2, 9999.0, 22.66, 22.5, 22.25, 22.39, 22.41
2026-09-08, 15:25:03, 22.25, 22.5, 22.75, 22.75, 9999.0, 9999.0, 9999.0, 23.84, 9999.0, 22.18, 9999.0, 22.64, 22.5, 22.25, 22.36, 22.41
2026-09-08, 15:25:07, 22.25, 22.5, 22.75, 22.75, 9999.0, 9999.0, 9999.0, 23.86, 9999.0, 22.16, 9999.0, 22.64, 22.5, 22.25, 22.36, 22.41
2026-09-08, 15:25:11, 22.25, 22.5, 22.75, 22.77, 9999.0, 9999.0, 9999.0, 23.86, 9999.0, 22.14, 9999.0, 22.64, 22.5, 22.25, 22.39, 22.41
2026-09-08, 15:25:15, 22.25, 22.5, 22.75, 22.77, 9999.0, 9999.0, 9999.0, 23.8, 9999.0, 22.11, 9999.0, 22.64, 22.5, 22.25, 22.39, 22.43
2026-09-08, 15:25:19, 22.25, 22.5, 22.75, 22.77, 9999.0, 9999.0, 9999.0, 23.75, 9999.0, 22.09, 9999.0, 22.66, 22.5, 22.25, 22.39, 22.43
2026-09-08, 15:25:23, 22.25, 22.5, 22.75, 22.77, 9999.0, 9999.0, 9999.0, 23.7, 9999.0, 22.07, 9999.0, 22.66, 22.5, 22.25, 22.41, 22.43
2026-09-08, 15:25:27, 22.25, 22.5, 22.75, 22.77, 9999.0, 9999.0, 9999.0, 23.66, 9999.0, 22.07, 9999.0, 22.66, 22.5, 22.27, 22.43, 22.45
2026-09-08, 15:25:31, 22.25, 22.5, 22.75, 22.77, 9999.0, 9999.0, 9999.0, 23.61, 9999.0, 22.07, 9999.0, 22.68, 22.5, 22.27, 22.43, 22.48
2026-09-08, 15:25:35, 22.25, 22.5, 22.75, 22.77, 9999.0, 9999.0, 9999.0, 23.59, 9999.0, 22.09, 9999.0, 22.7, 22.5, 22.27, 22.45, 22.48
2026-09-08, 15:25:39, 22.25, 22.5, 22.75, 22.77, 9999.0, 9999.0, 9999.0, 23.55, 9999.0, 22.09, 9999.0, 22.73, 22.5, 22.27, 22.48, 22.5
2026-09-08, 15:25:43, 22.25, 22.5, 22.75, 22.77, 9999.0, 9999.0, 9999.0, 23.5, 9999.0, 22.11, 9999.0, 22.75, 22.5, 22.27, 22.48, 22.48
2026-09-08, 15:25:47, 22.25, 22.5, 22.75, 22.77, 9999.0, 9999.0, 9999.0, 23.52, 9999.0, 22.16, 9999.0, 22.77, 22.5, 22.27, 22.5, 22.48
2026-09-08, 15:25:51, 22.27, 22.5, 22.75, 22.77, 9999.0, 9999.0, 9999.0, 23.55, 9999.0, 22.18, 9999.0, 22.77, 22.5, 22.27, 22.48, 22.48
2026-09-08, 15:25:55, 22.27, 22.5, 22.75, 22.75, 9999.0, 9999.0, 9999.0, 23.59, 9999.0, 22.23, 9999.0, 22.77, 22.5, 22.27, 22.48, 22.48
2026-09-08, 15:25:59, 22.3, 22.5, 22.75, 22.75, 9999.0, 9999.0, 9999.0, 23.64, 9999.0, 22.25, 9999.0, 22.77, 22.5, 22.27, 22.45, 22.48
2026-09-08, 15:26:03, 22.3, 22.5, 22.75, 22.75, 9999.0, 9999.0, 9999.0, 23.66, 9999.0, 22.27, 9999.0, 22.75, 22.5, 22.27, 22.45, 22.45
2026-09-08, 15:26:07, 22.3, 22.5, 22.75, 22.75, 9999.0, 9999.0, 9999.0, 23.68, 9999.0, 22.3, 9999.0, 22.75, 22.5, 22.27, 22.45, 22.45
2026-09-08, 15:26:11, 22.32, 22.5, 22.75, 22.75, 9999.0, 9999.0, 9999.0, 23.7, 9999.0, 22.3, 9999.0, 22.75, 22.5, 22.25, 22.45, 22.45
2026-09-08, 15:26:15, 22.32, 22.5, 22.75, 22.75, 9999.0, 9999.0, 9999.0, 23.73, 9999.0, 22.3, 9999.0, 22.75, 22.5, 22.25, 22.45, 22.45
2026-09-08, 15:26:19, 22.32, 22.5, 22.75, 22.75, 9999.0, 9999.0, 9999.0, 23.75, 9999.0, 22.3, 9999.0, 22.73, 22.48, 22.25, 22.43, 22.45
2026-09-08, 15:26:23, 22.32, 22.5, 22.75, 22.75, 9999.0, 9999.0, 9999.0, 23.8, 9999.0, 22.3, 9999.0, 22.73, 22.48, 22.25, 22.43, 22.45
2026-09-08, 15:26:28, 22.32, 22.5, 22.75, 22.75, 9999.0, 9999.0, 9999.0, 23.84, 9999.0, 22.3, 9999.0, 22.73, 22.48, 22.25, 22.43, 22.48
2026-09-08, 15:26:32, 22.32, 22.5, 22.75, 22.75, 9999.0, 9999.0, 9999.0, 23.8, 9999.0, 22.27, 9999.0, 22.73, 22.48, 22.25, 22.41, 22.48
2026-09-08, 15:26:36, 22.32, 22.5, 22.75, 22.75, 9999.0, 9999.0, 9999.0, 23.75, 9999.0, 22.27, 9999.0, 22.75, 22.48, 22.25, 22.43, 22.48
2026-09-08, 15:26:40, 22.32, 22.5, 22.75, 22.75, 9999.0, 9999.0, 9999.0, 23.7, 9999.0, 22.25, 9999.0, 22.75, 22.48, 22.25, 22.43, 22.48
2026-09-08, 15:26:44, 22.32, 22.5, 22.75, 22.75, 9999.0, 9999.0, 9999.0, 23.68, 9999.0, 22.27, 9999.0, 22.75, 22.48, 22.25, 22.45, 22.48
2026-09-08, 15:26:48, 22.34, 22.5, 22.75, 22.75, 9999.0, 9999.0, 9999.0, 23.66, 9999.0, 22.3, 9999.0, 22.75, 22.48, 22.25, 22.45, 22.5
2026-09-08, 15:26:52, 22.36, 22.5, 22.75, 22.75, 9999.0, 9999.0, 9999.0, 23.64, 9999.0, 22.32, 9999.0, 22.75, 22.48, 22.25, 22.45, 22.5
2026-09-08, 15:26:56, 22.34, 22.5, 22.75, 22.75, 9999.0, 9999.0, 9999.0, 23.61, 9999.0, 22.34, 9999.0, 22.75, 22.48, 22.25, 22.45, 22.5
2026-09-08, 15:27:00, 22.36, 22.5, 22.75, 22.75, 9999.0, 9999.0, 9999.0, 23.59, 9999.0, 22.36, 9999.0, 22.75, 22.48, 22.25, 22.45, 22.5
2026-09-08, 15:27:04, 22.39, 22.5, 22.75, 22.75, 9999.0, 9999.0, 9999.0, 23.64, 9999.0, 22.39, 9999.0, 22.77, 22.5, 22.25, 22.48, 22.5
2026-09-08, 15:27:08, 22.41, 22.5, 22.75, 22.75, 9999.0, 9999.0, 9999.0, 23.66, 9999.0, 22.41, 9999.0, 22.77, 22.5, 22.25, 22.48, 22.5
2026-09-08, 15:27:12, 22.41, 22.5, 22.75, 22.75, 9999.0, 9999.0, 9999.0, 23.68, 9999.0, 22.41, 9999.0, 22.77, 22.5, 22.25, 22.45, 22.5
2026-09-08, 15:27:16, 22.41, 22.5, 22.75, 22.75, 9999.0, 9999.0, 9999.0, 23.73, 9999.0, 22.41, 9999.0, 22.77, 22.5, 22.25, 22.45, 22.5
2026-09-08, 15:27:20, 22.39, 22.5, 22.75, 22.75, 9999.0, 9999.0, 9999.0, 23.77, 9999.0, 22.41, 9999.0, 22.75, 22.5, 22.25, 22.45, 22.5
2026-09-08, 15:27:24, 22.39, 22.5, 22.75, 22.75, 9999.0, 9999.0, 9999.0, 23.8, 9999.0, 22.41, 9999.0, 22.75, 22.5, 22.25, 22.45, 22.5
2026-09-08, 15:27:28, 22.36, 22.5, 22.75, 22.75, 9999.0, 9999.0, 9999.0, 23.8, 9999.0, 22.39, 9999.0, 22.73, 22.5, 22.25, 22.45, 22.5
2026-09-08, 15:27:32, 22.34, 22.5, 22.75, 22.75, 9999.0, 9999.0, 9999.0, 23.82, 9999.0, 22.36, 9999.0, 22.7, 22.5, 22.25, 22.45, 22.5
2026-09-08, 15:27:36, 22.34, 22.5, 22.75, 22.75, 9999.0, 9999.0, 9999.0, 23.84, 9999.0, 22.34, 9999.0, 22.68, 22.5, 22.25, 22.45, 22.5
2026-09-08, 15:27:40, 22.36, 22.5, 22.75, 22.75, 9999.0, 9999.0, 9999.0, 23.86, 9999.0, 22.3, 9999.0, 22.68, 22.5, 22.25, 22.45, 22.5
2026-09-08, 15:27:44, 22.36, 22.5, 22.75, 22.75, 9999.0, 9999.0, 9999.0, 23.89, 9999.0, 22.25, 9999.0, 22.68, 22.5, 22.27, 22.43, 22.5
2026-09-08, 15:27:48, 22.36, 22.5, 22.75, 22.75, 9999.0, 9999.0, 9999.0, 23.82, 9999.0, 22.23, 9999.0, 22.68, 22.5, 22.27, 22.43, 22.5
2026-09-08, 15:27:52, 22.34, 22.5, 22.75, 22.75, 9999.0, 9999.0, 9999.0, 23.77, 9999.0, 22.2, 9999.0, 22.7, 22.5, 22.27, 22.43, 22.5
2026-09-08, 15:27:56, 22.34, 22.5, 22.75, 22.75, 9999.0, 9999.0, 9999.0, 23.73, 9999.0, 22.2, 9999.0, 22.73, 22.5, 22.27, 22.45, 22.5
2026-09-08, 15:28:00, 22.34, 22.5, 22.75, 22.75, 9999.0, 9999.0, 9999.0, 23.68, 9999.0, 22.18, 9999.0, 22.73, 22.5, 22.3, 22.48, 22.5
2026-09-08, 15:28:04, 22.34, 22.5, 22.75, 22.75, 9999.0, 9999.0, 9999.0, 23.64, 9999.0, 22.18, 9999.0, 22.73, 22.5, 22.3, 22.48, 22.5
2026-09-08, 15:28:08, 22.34, 22.5, 22.75, 22.75, 9999.0, 9999.0, 9999.0, 23.61, 9999.0, 22.18, 9999.0, 22.73, 22.5, 22.3, 22.48, 22.5
2026-09-08, 15:28:12, 22.36, 22.5, 22.75, 22.75, 9999.0, 9999.0, 9999.0, 23.59, 9999.0, 22.2, 9999.0, 22.75, 22.52, 22.3, 22.48, 22.5
2026-09-08, 15:28:16, 22.39, 22.5, 22.75, 22.75, 9999.0, 9999.0, 9999.0, 23.57, 9999.0, 22.23, 9999.0, 22.77, 22.52, 22.3, 22.48, 22.5
2026-09-08, 15:28:20, 22.39, 22.5, 22.75, 22.75, 9999.0, 9999.0, 9999.0, 23.55, 9999.0, 22.25, 9999.0, 22.8, 22.52, 22.3, 22.48, 22.5
2026-09-08, 15:28:24, 22.39, 22.5, 22.75, 22.75, 9999.0, 9999.0, 9999.0, 23.59, 9999.0, 22.3, 9999.0, 22.8, 22.52, 22.3, 22.48, 22.5
2026-09-08, 15:28:28, 22.39, 22.5, 22.75, 22.75, 9999.0, 9999.0, 9999.0, 23.64, 9999.0, 22.34, 9999.0, 22.8, 22.52, 22.27, 22.5, 22.5
2026-09-08, 15:28:32, 22.39, 22.5, 22.75, 22.75, 9999.0, 9999.0, 9999.0, 23.68, 9999.0, 22.36, 9999.0, 22.8, 22.52, 22.27, 22.5, 22.5
2026-09-08, 15:28:36, 22.41, 22.5, 22.75, 22.75, 9999.0, 9999.0, 9999.0, 23.73, 9999.0, 22.36, 9999.0, 22.75, 22.52, 22.27, 22.5, 22.5
2026-09-08, 15:28:40, 22.43, 22.5, 22.75, 22.75, 9999.0, 9999.0, 9999.0, 23.77, 9999.0, 22.36, 9999.0, 22.73, 22.52, 22.27, 22.48, 22.5
2026-09-08, 15:28:44, 22.45, 22.5, 22.75, 22.77, 9999.0, 9999.0, 9999.0, 23.8, 9999.0, 22.39, 9999.0, 22.7, 22.52, 22.25, 22.48, 22.5
2026-09-08, 15:28:48, 22.45, 22.5, 22.75, 22.77, 9999.0, 9999.0, 9999.0, 23.82, 9999.0, 22.39, 9999.0, 22.68, 22.52, 22.25, 22.48, 22.5
2026-09-08, 15:28:52, 22.45, 22.5, 22.75, 22.77, 9999.0, 9999.0, 9999.0, 23.86, 9999.0, 22.39, 9999.0, 22.68, 22.52, 22.25, 22.48, 22.5
2026-09-08, 15:28:56, 22.45, 22.5, 22.75, 22.77, 9999.0, 9999.0, 9999.0, 23.91, 9999.0, 22.36, 9999.0, 22.66, 22.5, 22.25, 22.48, 22.5
2026-09-08, 15:29:00, 22.45, 22.5, 22.75, 22.77, 9999.0, 9999.0, 9999.0, 23.93, 9999.0, 22.34, 9999.0, 22.66, 22.5, 22.25, 22.45, 22.5
2026-09-08, 15:29:04, 22.45, 22.5, 22.75, 22.77, 9999.0, 9999.0, 9999.0, 23.95, 9999.0, 22.32, 9999.0, 22.66, 22.5, 22.25, 22.45, 22.48
2026-09-08, 15:29:08, 22.45, 22.5, 22.75, 22.77, 9999.0, 9999.0, 9999.0, 23.91, 9999.0, 22.3, 9999.0, 22.66, 22.5, 22.25, 22.45, 22.48
2026-09-08, 15:29:12, 22.45, 22.5, 22.75, 22.77, 9999.0, 9999.0, 9999.0, 23.86, 9999.0, 22.27, 9999.0, 22.68, 22.5, 22.25, 22.45, 22.48
2026-09-08, 15:29:16, 22.43, 22.5, 22.75, 22.77, 9999.0, 9999.0, 9999.0, 23.82, 9999.0, 22.25, 9999.0, 22.7, 22.5, 22.25, 22.45, 22.48
2026-09-08, 15:29:20, 22.41, 22.5, 22.75, 22.8, 9999.0, 9999.0, 9999.0, 23.8, 9999.0, 22.27, 9999.0, 22.73, 22.5, 22.25, 22.45, 22.48
2026-09-08, 15:29:24, 22.39, 22.5, 22.75, 22.8, 9999.0, 9999.0, 9999.0, 23.75, 9999.0, 22.3, 9999.0, 22.73, 22.5, 22.25, 22.48, 22.48
2026-09-08, 15:29:28, 22.36, 22.5, 22.75, 22.77, 9999.0, 9999.0, 9999.0, 23.73, 9999.0, 22.32, 9999.0, 22.75, 22.5, 22.25, 22.48, 22.48
2026-09-08, 15:29:32, 22.39, 22.5, 22.75, 22.77, 9999.0, 9999.0, 9999.0, 23.7, 9999.0, 22.34, 9999.0, 22.77, 22.5, 22.25, 22.48, 22.48
2026-09-08, 15:29:36, 22.41, 22.5, 22.75, 22.77, 9999.0, 9999.0, 9999.0, 23.66, 9999.0, 22.36, 9999.0, 22.77, 22.5, 22.25, 22.45, 22.48
2026-09-08, 15:29:40, 22.41, 22.5, 22.75, 22.77, 9999.0, 9999.0, 9999.0, 23.68, 9999.0, 22.39, 9999.0, 22.8, 22.5, 22.25, 22.43, 22.48
2026-09-08, 15:29:44, 22.41, 22.5, 22.75, 22.77, 9999.0, 9999.0, 9999.0, 23.7, 9999.0, 22.41, 9999.0, 22.8, 22.5, 22.25, 22.45, 22.48
2026-09-08, 15:29:48, 22.39, 22.5, 22.75, 22.77, 9999.0, 9999.0, 9999.0, 23.75, 9999.0, 22.43, 9999.0, 22.8, 22.5, 22.25, 22.45, 22.5
2026-09-08, 15:29:52, 22.36, 22.5, 22.75, 22.77, 9999.0, 9999.0, 9999.0, 23.8, 9999.0, 22.45, 9999.0, 22.8, 22.5, 22.25, 22.45, 22.48
2026-09-08, 15:29:56, 22.36, 22.5, 22.75, 22.77, 9999.0, 9999.0, 9999.0, 23.82, 9999.0, 22.48, 9999.0, 22.77, 22.5, 22.25, 22.43, 22.48
2026-09-08, 15:30:00, 22.36, 22.5, 22.75, 22.77, 9999.0, 9999.0, 9999.0, 23.86, 9999.0, 22.5, 9999.0, 22.75, 22.5, 22.25, 22.41, 22.48
2026-09-08, 15:30:04, 22.36, 22.5, 22.75, 22.75, 9999.0, 9999.0, 9999.0, 23.89, 9999.0, 22.5, 9999.0, 22.75, 22.5, 22.25, 22.41, 22.48
2026-09-08, 15:30:08, 22.39, 22.5, 22.75, 22.75, 9999.0, 9999.0, 9999.0, 23.93, 9999.0, 22.5, 9999.0, 22.73, 22.5, 22.25, 22.41, 22.48
2026-09-08, 15:30:12, 22.39, 22.5, 22.75, 22.75, 9999.0, 9999.0, 9999.0, 23.95, 9999.0, 22.5, 9999.0, 22.7, 22.5, 22.25, 22.39, 22.48
2026-09-08, 15:30:16, 22.36, 22.5, 22.75, 22.75, 9999.0, 9999.0, 9999.0, 23.98, 9999.0, 22.5, 9999.0, 22.7, 22.5, 22.25, 22.39, 22.48
2026-09-08, 15:30:21, 22.36, 22.5, 22.75, 22.75, 9999.0, 9999.0, 9999.0, 24.02, 9999.0, 22.48, 9999.0, 22.7, 22.5, 22.25, 22.41, 22.48
2026-09-08, 15:30:25, 22.34, 22.5, 22.75, 22.75, 9999.0, 9999.0, 9999.0, 23.98, 9999.0, 22.45, 9999.0, 22.7, 22.5, 22.25, 22.43, 22.48
2026-09-08, 15:30:29, 22.32, 22.5, 22.75, 22.75, 9999.0, 9999.0, 9999.0, 23.95, 9999.0, 22.43, 9999.0, 22.73, 22.5, 22.25, 22.43, 22.45
2026-09-08, 15:30:33, 22.32, 22.5, 22.75, 22.75, 9999.0, 9999.0, 9999.0, 23.91, 9999.0, 22.41, 9999.0, 22.75, 22.5, 22.25, 22.43, 22.45
2026-09-08, 15:30:37, 22.34, 22.5, 22.75, 22.75, 9999.0, 9999.0, 9999.0, 23.86, 9999.0, 22.41, 9999.0, 22.75, 22.5, 22.25, 22.43, 22.45
2026-09-08, 15:30:41, 22.32, 22.5, 22.75, 22.75, 9999.0, 9999.0, 9999.0, 23.82, 9999.0, 22.41, 9999.0, 22.75, 22.5, 22.25, 22.45, 22.45
2026-09-08, 15:30:45, 22.32, 22.5, 22.75, 22.75, 9999.0, 9999.0, 9999.0, 23.8, 9999.0, 22.41, 9999.0, 22.75, 22.5, 22.25, 22.48, 22.43
2026-09-08, 15:30:49, 22.34, 22.5, 22.75, 22.75, 9999.0, 9999.0, 9999.0, 23.75, 9999.0, 22.43, 9999.0, 22.75, 22.5, 22.25, 22.48, 22.43
2026-09-08, 15:30:53, 22.34, 22.5, 22.75, 22.75, 9999.0, 9999.0, 9999.0, 23.7, 9999.0, 22.45, 9999.0, 22.77, 22.5, 22.25, 22.45, 22.43
2026-09-08, 15:30:57, 22.34, 22.5, 22.75, 22.75, 9999.0, 9999.0, 9999.0, 23.77, 9999.0, 22.48, 9999.0, 22.8, 22.5, 22.25, 22.48, 22.43
2026-09-08, 15:31:01, 22.36, 22.5, 22.75, 22.75, 9999.0, 9999.0, 9999.0, 23.82, 9999.0, 22.48, 9999.0, 22.8, 22.5, 22.25, 22.48, 22.41
2026-09-08, 15:31:05, 22.34, 22.5, 22.75, 22.77, 9999.0, 9999.0, 9999.0, 23.84, 9999.0, 22.5, 9999.0, 22.8, 22.5, 22.25, 22.48, 22.41
2026-09-08, 15:31:09, 22.34, 22.5, 22.75, 22.77, 9999.0, 9999.0, 9999.0, 23.89, 9999.0, 22.52, 9999.0, 22.8, 22.5, 22.25, 22.48, 22.41
2026-09-08, 15:31:13, 22.34, 22.5, 22.75, 22.77, 9999.0, 9999.0, 9999.0, 23.91, 9999.0, 22.55, 9999.0, 22.77, 22.5, 22.25, 22.45, 22.43
2026-09-08, 15:31:17, 22.36, 22.5, 22.75, 22.77, 9999.0, 9999.0, 9999.0, 23.93, 9999.0, 22.57, 9999.0, 22.75, 22.5, 22.25, 22.43, 22.43
2026-09-08, 15:31:21, 22.34, 22.5, 22.75, 22.77, 9999.0, 9999.0, 9999.0, 23.95, 9999.0, 22.57, 9999.0, 22.75, 22.5, 22.25, 22.43, 22.45
2026-09-08, 15:31:25, 22.36, 22.5, 22.75, 22.77, 9999.0, 9999.0, 9999.0, 24.0, 9999.0, 22.57, 9999.0, 22.73, 22.5, 22.25, 22.43, 22.45
2026-09-08, 15:31:29, 22.39, 22.5, 22.75, 22.77, 9999.0, 9999.0, 9999.0, 24.02, 9999.0, 22.57, 9999.0, 22.73, 22.5, 22.25, 22.43, 22.48
2026-09-08, 15:31:33, 22.36, 22.5, 22.75, 22.77, 9999.0, 9999.0, 9999.0, 24.07, 9999.0, 22.55, 9999.0, 22.73, 22.5, 22.25, 22.43, 22.48
2026-09-08, 15:31:37, 22.34, 22.5, 22.75, 22.77, 9999.0, 9999.0, 9999.0, 24.11, 9999.0, 22.52, 9999.0, 22.73, 22.5, 22.25, 22.45, 22.48
2026-09-08, 15:31:41, 22.34, 22.5, 22.75, 22.77, 9999.0, 9999.0, 9999.0, 24.05, 9999.0, 22.5, 9999.0, 22.73, 22.5, 22.25, 22.45, 22.45
2026-09-08, 15:31:45, 22.34, 22.5, 22.75, 22.77, 9999.0, 9999.0, 9999.0, 24.0, 9999.0, 22.5, 9999.0, 22.75, 22.5, 22.25, 22.45, 22.48
2026-09-08, 15:31:49, 22.36, 22.5, 22.75, 22.75, 9999.0, 9999.0, 9999.0, 23.95, 9999.0, 22.5, 9999.0, 22.77, 22.5, 22.25, 22.45, 22.48
2026-09-08, 15:31:53, 22.39, 22.5, 22.75, 22.75, 9999.0, 9999.0, 9999.0, 23.91, 9999.0, 22.5, 9999.0, 22.77, 22.5, 22.25, 22.45, 22.48
2026-09-08, 15:31:57, 22.39, 22.5, 22.75, 22.75, 9999.0, 9999.0, 9999.0, 23.89, 9999.0, 22.52, 9999.0, 22.77, 22.5, 22.25, 22.48, 22.48
2026-09-08, 15:32:01, 22.36, 22.5, 22.75, 22.75, 9999.0, 9999.0, 9999.0, 23.86, 9999.0, 22.55, 9999.0, 22.77, 22.5, 22.25, 22.5, 22.48
2026-09-08, 15:32:05, 22.36, 22.5, 22.75, 22.75, 9999.0, 9999.0, 9999.0, 23.82, 9999.0, 22.57, 9999.0, 22.77, 22.5, 22.25, 22.5, 22.48
2026-09-08, 15:32:09, 22.34, 22.5, 22.75, 22.75, 9999.0, 9999.0, 9999.0, 23.77, 9999.0, 22.59, 9999.0, 22.8, 22.5, 22.25, 22.5, 22.48
2026-09-08, 15:32:13, 22.34, 22.5, 22.75, 22.75, 9999.0, 9999.0, 9999.0, 23.73, 9999.0, 22.61, 9999.0, 22.8, 22.5, 22.25, 22.5, 22.48
2026-09-08, 15:32:17, 22.34, 22.5, 22.75, 22.75, 9999.0, 9999.0, 9999.0, 23.75, 9999.0, 22.64, 9999.0, 22.8, 22.5, 22.27, 22.5, 22.48
2026-09-08, 15:32:21, 22.34, 22.5, 22.75, 22.75, 9999.0, 9999.0, 9999.0, 23.77, 9999.0, 22.66, 9999.0, 22.8, 22.5, 22.3, 22.5, 22.48
2026-09-08, 15:32:25, 22.34, 22.5, 22.75, 22.75, 9999.0, 9999.0, 9999.0, 23.82, 9999.0, 22.68, 9999.0, 22.8, 22.5, 22.3, 22.48, 22.48
2026-09-08, 15:32:29, 22.34, 22.5, 22.75, 22.75, 9999.0, 9999.0, 9999.0, 23.86, 9999.0, 22.7, 9999.0, 22.77, 22.5, 22.3, 22.45, 22.48
2026-09-08, 15:32:33, 22.34, 22.5, 22.75, 22.75, 9999.0, 9999.0, 9999.0, 23.89, 9999.0, 22.73, 9999.0, 22.75, 22.5, 22.3, 22.45, 22.48
2026-09-08, 15:32:37, 22.34, 22.5, 22.75, 22.75, 9999.0, 9999.0, 9999.0, 23.91, 9999.0, 22.75, 9999.0, 22.75, 22.5, 22.3, 22.45, 22.48
2026-09-08, 15:32:41, 22.34, 22.5, 22.75, 22.75, 9999.0, 9999.0, 9999.0, 23.93, 9999.0, 22.75, 9999.0, 22.73, 22.5, 22.3, 22.45, 22.48
2026-09-08, 15:32:45, 22.36, 22.5, 22.75, 22.75, 9999.0, 9999.0, 9999.0, 23.95, 9999.0, 22.73, 9999.0, 22.73, 22.5, 22.32, 22.43, 22.45
2026-09-08, 15:32:49, 22.39, 22.5, 22.75, 22.75, 9999.0, 9999.0, 9999.0, 24.0, 9999.0, 22.7, 9999.0, 22.7, 22.5, 22.32, 22.43, 22.45
2026-09-08, 15:32:53, 22.39, 22.5, 22.75, 22.75, 9999.0, 9999.0, 9999.0, 24.05, 9999.0, 22.68, 9999.0, 22.7, 22.5, 22.32, 22.43, 22.43
2026-09-08, 15:32:57, 22.39, 22.5, 22.75, 22.75, 9999.0, 9999.0, 9999.0, 24.09, 9999.0, 22.66, 9999.0, 22.7, 22.5, 22.32, 22.41, 22.43
2026-09-08, 15:33:01, 22.39, 22.5, 22.75, 22.75, 9999.0, 9999.0, 9999.0, 24.05, 9999.0, 22.64, 9999.0, 22.7, 22.5, 22.3, 22.41, 22.43
2026-09-08, 15:33:05, 22.39, 22.5, 22.75, 22.75, 9999.0, 9999.0, 9999.0, 24.0, 9999.0, 22.61, 9999.0, 22.73, 22.5, 22.27, 22.41, 22.43
2026-09-08, 15:33:09, 22.41, 22.5, 22.75, 22.75, 9999.0, 9999.0, 9999.0, 23.95, 9999.0, 22.59, 9999.0, 22.73, 22.5, 22.27, 22.43, 22.45
2026-09-08, 15:33:13, 22.41, 22.5, 22.75, 22.75, 9999.0, 9999.0, 9999.0, 23.91, 9999.0, 22.59, 9999.0, 22.73, 22.5, 22.3, 22.45, 22.45
2026-09-08, 15:33:17, 22.41, 22.5, 22.75, 22.75, 9999.0, 9999.0, 9999.0, 23.89, 9999.0, 22.59, 9999.0, 22.73, 22.5, 22.3, 22.45, 22.45
2026-09-08, 15:33:21, 22.41, 22.5, 22.75, 22.75, 9999.0, 9999.0, 9999.0, 23.86, 9999.0, 22.59, 9999.0, 22.73, 22.5, 22.3, 22.45, 22.45
2026-09-08, 15:33:25, 22.41, 22.5, 22.75, 22.75, 9999.0, 9999.0, 9999.0, 23.84, 9999.0, 22.61, 9999.0, 22.75, 22.5, 22.3, 22.45, 22.45
2026-09-08, 15:33:29, 22.39, 22.5, 22.75, 22.75, 9999.0, 9999.0, 9999.0, 23.82, 9999.0, 22.66, 9999.0, 22.75, 22.5, 22.27, 22.48, 22.45
2026-09-08, 15:33:33, 22.36, 22.5, 22.75, 22.75, 9999.0, 9999.0, 9999.0, 23.86, 9999.0, 22.68, 9999.0, 22.77, 22.5, 22.27, 22.48, 22.45
2026-09-08, 15:33:37, 22.36, 22.5, 22.75, 22.75, 9999.0, 9999.0, 9999.0, 23.89, 9999.0, 22.7, 9999.0, 22.77, 22.5, 22.27, 22.48, 22.48
2026-09-08, 15:33:41, 22.34, 22.5, 22.75, 22.75, 9999.0, 9999.0, 9999.0, 23.91, 9999.0, 22.73, 9999.0, 22.77, 22.5, 22.27, 22.5, 22.48
2026-09-08, 15:33:45, 22.36, 22.5, 22.75, 22.75, 9999.0, 9999.0, 9999.0, 23.95, 9999.0, 22.75, 9999.0, 22.77, 22.5, 22.27, 22.48, 22.48
2026-09-08, 15:33:49, 22.39, 22.5, 22.75, 22.75, 9999.0, 9999.0, 9999.0, 24.0, 9999.0, 22.77, 9999.0, 22.75, 22.5, 22.27, 22.48, 22.45
2026-09-08, 15:33:53, 22.39, 22.5, 22.75, 22.75, 9999.0, 9999.0, 9999.0, 24.05, 9999.0, 22.8, 9999.0, 22.73, 22.5, 22.27, 22.48, 22.45
2026-09-08, 15:33:58, 22.36, 22.5, 22.75, 22.75, 9999.0, 9999.0, 9999.0, 24.07, 9999.0, 22.8, 9999.0, 22.7, 22.5, 22.25, 22.48, 22.45
2026-09-08, 15:34:02, 22.34, 22.5, 22.75, 22.75, 9999.0, 9999.0, 9999.0, 24.09, 9999.0, 22.8, 9999.0, 22.68, 22.5, 22.25, 22.48, 22.45
2026-09-08, 15:34:06, 22.32, 22.5, 22.75, 22.75, 9999.0, 9999.0, 9999.0, 24.14, 9999.0, 22.8, 9999.0, 22.66, 22.5, 22.25, 22.48, 22.45
2026-09-08, 15:34:10, 22.34, 22.5, 22.75, 22.75, 9999.0, 9999.0, 9999.0, 24.16, 9999.0, 22.77, 9999.0, 22.64, 22.5, 22.25, 22.45, 22.45
2026-09-08, 15:34:14, 22.36, 22.5, 22.75, 22.75, 9999.0, 9999.0, 9999.0, 24.18, 9999.0, 22.75, 9999.0, 22.64, 22.5, 22.25, 22.45, 22.48
2026-09-08, 15:34:18, 22.36, 22.5, 22.75, 22.75, 9999.0, 9999.0, 9999.0, 24.14, 9999.0, 22.75, 9999.0, 22.64, 22.5, 22.25, 22.43, 22.48
2026-09-08, 15:34:22, 22.36, 22.5, 22.75, 22.75, 9999.0, 9999.0, 9999.0, 24.09, 9999.0, 22.73, 9999.0, 22.64, 22.5, 22.25, 22.43, 22.48
2026-09-08, 15:34:26, 22.39, 22.5, 22.75, 22.75, 9999.0, 9999.0, 9999.0, 24.05, 9999.0, 22.73, 9999.0, 22.64, 22.5, 22.25, 22.43, 22.48
2026-09-08, 15:34:30, 22.36, 22.5, 22.75, 22.75, 9999.0, 9999.0, 9999.0, 24.0, 9999.0, 22.73, 9999.0, 22.64, 22.5, 22.25, 22.45, 22.48
2026-09-08, 15:34:34, 22.34, 22.5, 22.75, 22.75, 9999.0, 9999.0, 9999.0, 23.95, 9999.0, 22.73, 9999.0, 22.64, 22.5, 22.25, 22.45, 22.5
2026-09-08, 15:34:38, 22.32, 22.5, 22.75, 22.75, 9999.0, 9999.0, 9999.0, 23.91, 9999.0, 22.73, 9999.0, 22.66, 22.5, 22.25, 22.45, 22.5
2026-09-08, 15:34:42, 22.32, 22.5, 22.75, 22.75, 9999.0, 9999.0, 9999.0, 23.89, 9999.0, 22.75, 9999.0, 22.68, 22.5, 22.25, 22.45, 22.48
2026-09-08, 15:34:46, 22.34, 22.5, 22.75, 22.75, 9999.0, 9999.0, 9999.0, 23.86, 9999.0, 22.75, 9999.0, 22.7, 22.5, 22.25, 22.45, 22.48
2026-09-08, 15:34:50, 22.34, 22.5, 22.75, 22.75, 9999.0, 9999.0, 9999.0, 23.82, 9999.0, 22.75, 9999.0, 22.73, 22.5, 22.25, 22.45, 22.48
2026-09-08, 15:34:54, 22.32, 22.5, 22.75, 22.75, 9999.0, 9999.0, 9999.0, 23.86, 9999.0, 22.75, 9999.0, 22.75, 22.5, 22.25, 22.45, 22.48
2026-09-08, 15:34:58, 22.32, 22.5, 22.75, 22.75, 9999.0, 9999.0, 9999.0, 23.91, 9999.0, 22.75, 9999.0, 22.75, 22.5, 22.25, 22.45, 22.45
2026-09-08, 15:35:02, 22.32, 22.5, 22.75, 22.75, 9999.0, 9999.0, 9999.0, 23.93, 9999.0, 22.75, 9999.0, 22.75, 22.5, 22.25, 22.45, 22.45
2026-09-08, 15:35:06, 22.32, 22.5, 22.75, 22.75, 9999.0, 9999.0, 9999.0, 23.98, 9999.0, 22.77, 9999.0, 22.75, 22.5, 22.25, 22.43, 22.45
2026-09-08, 15:35:10, 22.3, 22.5, 22.75, 22.75, 9999.0, 9999.0, 9999.0, 24.02, 9999.0, 22.77, 9999.0, 22.75, 22.5, 22.25, 22.41, 22.43
2026-09-08, 15:35:14, 22.3, 22.5, 22.75, 22.75, 9999.0, 9999.0, 9999.0, 24.07, 9999.0, 22.77, 9999.0, 22.73, 22.5, 22.27, 22.39, 22.43
2026-09-08, 15:35:18, 22.3, 22.5, 22.75, 22.75, 9999.0, 9999.0, 9999.0, 24.11, 9999.0, 22.77, 9999.0, 22.7, 22.5, 22.27, 22.39, 22.41
2026-09-08, 15:35:22, 22.3, 22.5, 22.75, 22.75, 9999.0, 9999.0, 9999.0, 24.16, 9999.0, 22.77, 9999.0, 22.7, 22.5, 22.27, 22.36, 22.39
2026-09-08, 15:35:26, 22.3, 22.5, 22.75, 22.75, 9999.0, 9999.0, 9999.0, 24.2, 9999.0, 22.75, 9999.0, 22.68, 22.5, 22.27, 22.34, 22.39
2026-09-08, 15:35:30, 22.27, 22.5, 22.75, 22.75, 9999.0, 9999.0, 9999.0, 24.25, 9999.0, 22.75, 9999.0, 22.68, 22.5, 22.27, 22.32, 22.36
2026-09-08, 15:35:34, 22.3, 22.5, 22.75, 22.75, 9999.0, 9999.0, 9999.0, 24.27, 9999.0, 22.75, 9999.0, 22.68, 22.5, 22.27, 22.32, 22.34
2026-09-08, 15:35:38, 22.32, 22.5, 22.75, 22.75, 9999.0, 9999.0, 9999.0, 24.23, 9999.0, 22.75, 9999.0, 22.68, 22.5, 22.27, 22.34, 22.32
2026-09-08, 15:35:42, 22.32, 22.5, 22.75, 22.75, 9999.0, 9999.0, 9999.0, 24.18, 9999.0, 22.73, 9999.0, 22.68, 22.5, 22.27, 22.34, 22.32
2026-09-08, 15:35:46, 22.34, 22.5, 22.75, 22.75, 9999.0, 9999.0, 9999.0, 24.16, 9999.0, 22.7, 9999.0, 22.68, 22.5, 22.27, 22.34, 22.32
2026-09-08, 15:35:50, 22.34, 22.5, 22.75, 22.75, 9999.0, 9999.0, 9999.0, 24.14, 9999.0, 22.7, 9999.0, 22.68, 22.5, 22.27, 22.36, 22.3
2026-09-08, 15:35:54, 22.34, 22.5, 22.75, 22.75, 9999.0, 9999.0, 9999.0, 24.09, 9999.0, 22.7, 9999.0, 22.68, 22.5, 22.27, 22.39, 22.3
2026-09-08, 15:35:58, 22.34, 22.5, 22.75, 22.75, 9999.0, 9999.0, 9999.0, 24.05, 9999.0, 22.7, 9999.0, 22.7, 22.5, 22.25, 22.41, 22.27
2026-09-08, 15:36:02, 22.34, 22.5, 22.75, 22.75, 9999.0, 9999.0, 9999.0, 24.0, 9999.0, 22.73, 9999.0, 22.73, 22.5, 22.25, 22.41, 22.3
2026-09-08, 15:36:06, 22.36, 22.5, 22.75, 22.75, 9999.0, 9999.0, 9999.0, 23.95, 9999.0, 22.75, 9999.0, 22.73, 22.5, 22.25, 22.43, 22.3
2026-09-08, 15:36:10, 22.39, 22.5, 22.75, 22.75, 9999.0, 9999.0, 9999.0, 23.98, 9999.0, 22.77, 9999.0, 22.75, 22.5, 22.25, 22.45, 22.3
2026-09-08, 15:36:14, 22.41, 22.5, 22.75, 22.75, 9999.0, 9999.0, 9999.0, 24.0, 9999.0, 22.77, 9999.0, 22.75, 22.5, 22.25, 22.45, 22.3
2026-09-08, 15:36:18, 22.39, 22.5, 22.75, 22.75, 9999.0, 9999.0, 9999.0, 24.02, 9999.0, 22.77, 9999.0, 22.75, 22.5, 22.25, 22.45, 22.3
2026-09-08, 15:36:22, 22.39, 22.5, 22.75, 22.75, 9999.0, 9999.0, 9999.0, 24.05, 9999.0, 22.77, 9999.0, 22.75, 22.5, 22.25, 22.43, 22.32
2026-09-08, 15:36:26, 22.39, 22.5, 22.75, 22.75, 9999.0, 9999.0, 9999.0, 24.07, 9999.0, 22.8, 9999.0, 22.75, 22.5, 22.25, 22.43, 22.32
2026-09-08, 15:36:30, 22.39, 22.5, 22.77, 22.75, 9999.0, 9999.0, 9999.0, 24.07, 9999.0, 22.82, 9999.0, 22.75, 22.5, 22.25, 22.45, 22.3
2026-09-08, 15:36:34, 22.39, 22.5, 22.77, 22.75, 9999.0, 9999.0, 9999.0, 24.07, 9999.0, 22.82, 9999.0, 22.73, 22.5, 22.25, 22.43, 22.32
2026-09-08, 15:36:38, 22.39, 22.5, 22.77, 22.75, 9999.0, 9999.0, 9999.0, 24.09, 9999.0, 22.82, 9999.0, 22.7, 22.5, 22.25, 22.41, 22.32
2026-09-08, 15:36:42, 22.41, 22.5, 22.77, 22.75, 9999.0, 9999.0, 9999.0, 24.14, 9999.0, 22.82, 9999.0, 22.68, 22.5, 22.25, 22.39, 22.32
2026-09-08, 15:36:46, 22.43, 22.5, 22.77, 22.75, 9999.0, 9999.0, 9999.0, 24.16, 9999.0, 22.8, 9999.0, 22.66, 22.5, 22.25, 22.39, 22.3
2026-09-08, 15:36:50, 22.43, 22.5, 22.77, 22.75, 9999.0, 9999.0, 9999.0, 24.18, 9999.0, 22.77, 9999.0, 22.66, 22.5, 22.25, 22.39, 22.3
2026-09-08, 15:36:54, 22.41, 22.5, 22.77, 22.75, 9999.0, 9999.0, 9999.0, 24.14, 9999.0, 22.73, 9999.0, 22.66, 22.5, 22.25, 22.39, 22.3
2026-09-08, 15:36:58, 22.39, 22.5, 22.77, 22.75, 9999.0, 9999.0, 9999.0, 24.09, 9999.0, 22.7, 9999.0, 22.68, 22.5, 22.27, 22.39, 22.3
2026-09-08, 15:37:02, 22.41, 22.5, 22.77, 22.75, 9999.0, 9999.0, 9999.0, 24.07, 9999.0, 22.68, 9999.0, 22.68, 22.5, 22.27, 22.36, 22.3
2026-09-08, 15:37:06, 22.41, 22.5, 22.77, 22.75, 9999.0, 9999.0, 9999.0, 24.05, 9999.0, 22.66, 9999.0, 22.68, 22.5, 22.27, 22.36, 22.27
2026-09-08, 15:37:10, 22.39, 22.5, 22.77, 22.75, 9999.0, 9999.0, 9999.0, 24.0, 9999.0, 22.66, 9999.0, 22.68, 22.5, 22.27, 22.34, 22.27
2026-09-08, 15:37:14, 22.36, 22.5, 22.75, 22.75, 9999.0, 9999.0, 9999.0, 23.98, 9999.0, 22.66, 9999.0, 22.68, 22.5, 22.27, 22.32, 22.27
2026-09-08, 15:37:18, 22.36, 22.5, 22.75, 22.75, 9999.0, 9999.0, 9999.0, 23.95, 9999.0, 22.68, 9999.0, 22.7, 22.5, 22.27, 22.32, 22.25
2026-09-08, 15:37:22, 22.36, 22.5, 22.75, 22.75, 9999.0, 9999.0, 9999.0, 23.93, 9999.0, 22.7, 9999.0, 22.73, 22.5, 22.27, 22.32, 22.25
2026-09-08, 15:37:26, 22.36, 22.5, 22.75, 22.75, 9999.0, 9999.0, 9999.0, 23.89, 9999.0, 22.7, 9999.0, 22.75, 22.5, 22.27, 22.32, 22.25
2026-09-08, 15:37:30, 22.36, 22.5, 22.75, 22.75, 9999.0, 9999.0, 9999.0, 23.91, 9999.0, 22.7, 9999.0, 22.77, 22.5, 22.27, 22.32, 22.27
2026-09-08, 15:37:35, 22.34, 22.5, 22.75, 22.75, 9999.0, 9999.0, 9999.0, 23.93, 9999.0, 22.7, 9999.0, 22.77, 22.5, 22.27, 22.3, 22.27
2026-09-08, 15:37:39, 22.34, 22.5, 22.75, 22.75, 9999.0, 9999.0, 9999.0, 23.95, 9999.0, 22.73, 9999.0, 22.77, 22.5, 22.27, 22.3, 22.27
2026-09-08, 15:37:43, 22.36, 22.5, 22.75, 22.75, 9999.0, 9999.0, 9999.0, 23.98, 9999.0, 22.75, 9999.0, 22.73, 22.5, 22.25, 22.3, 22.3
2026-09-08, 15:37:47, 22.34, 22.5, 22.75, 22.75, 9999.0, 9999.0, 9999.0, 24.0, 9999.0, 22.77, 9999.0, 22.7, 22.5, 22.25, 22.32, 22.3
2026-09-08, 15:37:51, 22.32, 22.5, 22.75, 22.75, 9999.0, 9999.0, 9999.0, 24.02, 9999.0, 22.8, 9999.0, 22.68, 22.5, 22.25, 22.34, 22.3
2026-09-08, 15:37:55, 22.32, 22.5, 22.75, 22.75, 9999.0, 9999.0, 9999.0, 24.05, 9999.0, 22.8, 9999.0, 22.66, 22.5, 22.25, 22.34, 22.3
2026-09-08, 15:37:59, 22.32, 22.5, 22.75, 22.75, 9999.0, 9999.0, 9999.0, 24.07, 9999.0, 22.77, 9999.0, 22.64, 22.5, 22.25, 22.34, 22.3
2026-09-08, 15:38:03, 22.34, 22.5, 22.75, 22.75, 9999.0, 9999.0, 9999.0, 24.11, 9999.0, 22.75, 9999.0, 22.61, 22.5, 22.25, 22.36, 22.3
2026-09-08, 15:38:07, 22.34, 22.5, 22.75, 22.75, 9999.0, 9999.0, 9999.0, 24.14, 9999.0, 22.7, 9999.0, 22.61, 22.5, 22.25, 22.39, 22.3
2026-09-08, 15:38:11, 22.34, 22.5, 22.75, 22.75, 9999.0, 9999.0, 9999.0, 24.16, 9999.0, 22.68, 9999.0, 22.61, 22.5, 22.25, 22.39, 22.3
2026-09-08, 15:38:15, 22.32, 22.5, 22.75, 22.75, 9999.0, 9999.0, 9999.0, 24.14, 9999.0, 22.66, 9999.0, 22.61, 22.5, 22.25, 22.36, 22.27
2026-09-08, 15:38:19, 22.34, 22.5, 22.75, 22.75, 9999.0, 9999.0, 9999.0, 24.11, 9999.0, 22.64, 9999.0, 22.61, 22.5, 22.25, 22.36, 22.27
2026-09-08, 15:38:23, 22.34, 22.5, 22.75, 22.75, 9999.0, 9999.0, 9999.0, 24.07, 9999.0, 22.61, 9999.0, 22.61, 22.5, 22.25, 22.34, 22.27
2026-09-08, 15:38:27, 22.32, 22.5, 22.75, 22.75, 9999.0, 9999.0, 9999.0, 24.02, 9999.0, 22.61, 9999.0, 22.64, 22.5, 22.25, 22.34, 22.25
2026-09-08, 15:38:31, 22.32, 22.5, 22.77, 22.75, 9999.0, 9999.0, 9999.0, 23.98, 9999.0, 22.61, 9999.0, 22.66, 22.5, 22.25, 22.34, 22.25
2026-09-08, 15:38:35, 22.32, 22.5, 22.77, 22.75, 9999.0, 9999.0, 9999.0, 23.93, 9999.0, 22.61, 9999.0, 22.68, 22.5, 22.25, 22.34, 22.25
2026-09-08, 15:38:39, 22.34, 22.5, 22.77, 22.75, 9999.0, 9999.0, 9999.0, 23.91, 9999.0, 22.61, 9999.0, 22.7, 22.5, 22.25, 22.34, 22.25
2026-09-08, 15:38:43, 22.36, 22.5, 22.77, 22.75, 9999.0, 9999.0, 9999.0, 23.86, 9999.0, 22.64, 9999.0, 22.73, 22.5, 22.25, 22.36, 22.25
2026-09-08, 15:38:47, 22.34, 22.5, 22.77, 22.75, 9999.0, 9999.0, 9999.0, 23.89, 9999.0, 22.64, 9999.0, 22.75, 22.5, 22.25, 22.36, 22.25
2026-09-08, 15:38:51, 22.34, 22.5, 22.77, 22.75, 9999.0, 9999.0, 9999.0, 23.93, 9999.0, 22.66, 9999.0, 22.75, 22.5, 22.25, 22.36, 22.25
2026-09-08, 15:38:55, 22.34, 22.5, 22.77, 22.75, 9999.0, 9999.0, 9999.0, 23.95, 9999.0, 22.68, 9999.0, 22.75, 22.5, 22.25, 22.39, 22.25
2026-09-08, 15:38:59, 22.34, 22.5, 22.77, 22.75, 9999.0, 9999.0, 9999.0, 23.98, 9999.0, 22.7, 9999.0, 22.75, 22.5, 22.27, 22.39, 22.25
2026-09-08, 15:39:03, 22.34, 22.5, 22.77, 22.75, 9999.0, 9999.0, 9999.0, 24.0, 9999.0, 22.7, 9999.0, 22.75, 22.5, 22.27, 22.39, 22.25
2026-09-08, 15:39:07, 22.34, 22.5, 22.77, 22.75, 9999.0, 9999.0, 9999.0, 24.05, 9999.0, 22.73, 9999.0, 22.73, 22.5, 22.27, 22.39, 22.25
2026-09-08, 15:39:11, 22.34, 22.5, 22.77, 22.75, 9999.0, 9999.0, 9999.0, 24.09, 9999.0, 22.7, 9999.0, 22.7, 22.5, 22.27, 22.39, 22.27
2026-09-08, 15:39:15, 22.36, 22.5, 22.75, 22.75, 9999.0, 9999.0, 9999.0, 24.11, 9999.0, 22.68, 9999.0, 22.68, 22.5, 22.27, 22.36, 22.27
2026-09-08, 15:39:19, 22.39, 22.5, 22.75, 22.75, 9999.0, 9999.0, 9999.0, 24.14, 9999.0, 22.68, 9999.0, 22.68, 22.5, 22.27, 22.36, 22.27
2026-09-08, 15:39:23, 22.36, 22.5, 22.75, 22.75, 9999.0, 9999.0, 9999.0, 24.16, 9999.0, 22.66, 9999.0, 22.68, 22.5, 22.27, 22.36, 22.27
2026-09-08, 15:39:27, 22.36, 22.5, 22.75, 22.75, 9999.0, 9999.0, 9999.0, 24.2, 9999.0, 22.64, 9999.0, 22.68, 22.5, 22.27, 22.34, 22.27
2026-09-08, 15:39:31, 22.39, 22.5, 22.75, 22.75, 9999.0, 9999.0, 9999.0, 24.16, 9999.0, 22.61, 9999.0, 22.68, 22.5, 22.27, 22.34, 22.27
2026-09-08, 15:39:35, 22.41, 22.5, 22.75, 22.75, 9999.0, 9999.0, 9999.0, 24.11, 9999.0, 22.59, 9999.0, 22.7, 22.5, 22.27, 22.32, 22.3
2026-09-08, 15:39:39, 22.39, 22.5, 22.75, 22.75, 9999.0, 9999.0, 9999.0, 24.07, 9999.0, 22.57, 9999.0, 22.7, 22.5, 22.27, 22.32, 22.3
2026-09-08, 15:39:43, 22.39, 22.5, 22.75, 22.75, 9999.0, 9999.0, 9999.0, 24.02, 9999.0, 22.57, 9999.0, 22.7, 22.5, 22.27, 22.34, 22.3
2026-09-08, 15:39:47, 22.39, 22.5, 22.75, 22.75, 9999.0, 9999.0, 9999.0, 23.98, 9999.0, 22.59, 9999.0, 22.7, 22.5, 22.27, 22.34, 22.3
2026-09-08, 15:39:51, 22.39, 22.5, 22.75, 22.75, 9999.0, 9999.0, 9999.0, 23.93, 9999.0, 22.57, 9999.0, 22.73, 22.5, 22.27, 22.34, 22.3
2026-09-08, 15:39:55, 22.41, 22.5, 22.75, 22.75, 9999.0, 9999.0, 9999.0, 23.89, 9999.0, 22.61, 9999.0, 22.75, 22.52, 22.27, 22.34, 22.27
2026-09-08, 15:39:59, 22.39, 22.5, 22.75, 22.75, 9999.0, 9999.0, 9999.0, 23.86, 9999.0, 22.64, 9999.0, 22.77, 22.52, 22.27, 22.34, 22.3
2026-09-08, 15:40:03, 22.39, 22.5, 22.75, 22.75, 9999.0, 9999.0, 9999.0, 23.82, 9999.0, 22.64, 9999.0, 22.77, 22.52, 22.27, 22.34, 22.3
2026-09-08, 15:40:07, 22.41, 22.5, 22.75, 22.75, 9999.0, 9999.0, 9999.0, 23.86, 9999.0, 22.66, 9999.0, 22.77, 22.52, 22.27, 22.36, 22.32
2026-09-08, 15:40:11, 22.39, 22.5, 22.75, 22.75, 9999.0, 9999.0, 9999.0, 23.89, 9999.0, 22.68, 9999.0, 22.77, 22.52, 22.27, 22.39, 22.32
2026-09-08, 15:40:15, 22.36, 22.5, 22.75, 22.75, 9999.0, 9999.0, 9999.0, 23.91, 9999.0, 22.7, 9999.0, 22.77, 22.52, 22.27, 22.39, 22.32
2026-09-08, 15:40:19, 22.36, 22.5, 22.75, 22.75, 9999.0, 9999.0, 9999.0, 23.91, 9999.0, 22.73, 9999.0, 22.75, 22.52, 22.27, 22.39, 22.3
2026-09-08, 15:40:23, 22.36, 22.5, 22.75, 22.75, 9999.0, 9999.0, 9999.0, 23.93, 9999.0, 22.73, 9999.0, 22.75, 22.52, 22.27, 22.36, 22.3
2026-09-08, 15:40:27, 22.36, 22.5, 22.75, 22.75, 9999.0, 9999.0, 9999.0, 23.95, 9999.0, 22.73, 9999.0, 22.73, 22.52, 22.25, 22.34, 22.3
2026-09-08, 15:40:31, 22.34, 22.5, 22.75, 22.75, 9999.0, 9999.0, 9999.0, 23.98, 9999.0, 22.7, 9999.0, 22.7, 22.52, 22.25, 22.34, 22.3
2026-09-08, 15:40:35, 22.34, 22.5, 22.75, 22.75, 9999.0, 9999.0, 9999.0, 24.0, 9999.0, 22.7, 9999.0, 22.68, 22.52, 22.25, 22.34, 22.3
2026-09-08, 15:40:39, 22.34, 22.5, 22.75, 22.75, 9999.0, 9999.0, 9999.0, 24.02, 9999.0, 22.66, 9999.0, 22.66, 22.5, 22.25, 22.36, 22.3
2026-09-08, 15:40:43, 22.36, 22.5, 22.75, 22.75, 9999.0, 9999.0, 9999.0, 24.02, 9999.0, 22.64, 9999.0, 22.66, 22.5, 22.25, 22.36, 22.27
2026-09-08, 15:40:47, 22.34, 22.5, 22.75, 22.75, 9999.0, 9999.0, 9999.0, 24.05, 9999.0, 22.61, 9999.0, 22.66, 22.5, 22.25, 22.34, 22.27
2026-09-08, 15:40:51, 22.32, 22.5, 22.75, 22.75, 9999.0, 9999.0, 9999.0, 23.98, 9999.0, 22.59, 9999.0, 22.68, 22.5, 22.25, 22.34, 22.27
2026-09-08, 15:40:55, 22.32, 22.5, 22.75, 22.75, 9999.0, 9999.0, 9999.0, 23.93, 9999.0, 22.57, 9999.0, 22.68, 22.5, 22.25, 22.34, 22.27
2026-09-08, 15:40:59, 22.34, 22.5, 22.75, 22.75, 9999.0, 9999.0, 9999.0, 23.89, 9999.0, 22.55, 9999.0, 22.68, 22.5, 22.25, 22.34, 22.27
2026-09-08, 15:41:03, 22.34, 22.5, 22.75, 22.75, 9999.0, 9999.0, 9999.0, 23.86, 9999.0, 22.55, 9999.0, 22.7, 22.5, 22.25, 22.34, 22.27
2026-09-08, 15:41:07, 22.36, 22.5, 22.75, 22.75, 9999.0, 9999.0, 9999.0, 23.82, 9999.0, 22.57, 9999.0, 22.7, 22.5, 22.25, 22.34, 22.27
2026-09-08, 15:41:12, 22.36, 22.5, 22.75, 22.75, 9999.0, 9999.0, 9999.0, 23.77, 9999.0, 22.57, 9999.0, 22.73, 22.5, 22.25, 22.36, 22.27
2026-09-08, 15:41:16, 22.36, 22.5, 22.75, 22.75, 9999.0, 9999.0, 9999.0, 23.73, 9999.0, 22.59, 9999.0, 22.75, 22.5, 22.25, 22.39, 22.27
2026-09-08, 15:41:20, 22.36, 22.5, 22.75, 22.75, 9999.0, 9999.0, 9999.0, 23.68, 9999.0, 22.61, 9999.0, 22.77, 22.5, 22.25, 22.39, 22.27
2026-09-08, 15:41:24, 22.36, 22.5, 22.75, 22.75, 9999.0, 9999.0, 9999.0, 23.7, 9999.0, 22.64, 9999.0, 22.8, 22.5, 22.25, 22.36, 22.27
2026-09-08, 15:41:28, 22.36, 22.5, 22.75, 22.75, 9999.0, 9999.0, 9999.0, 23.75, 9999.0, 22.66, 9999.0, 22.8, 22.5, 22.25, 22.39, 22.27
2026-09-08, 15:41:32, 22.36, 22.5, 22.75, 22.75, 9999.0, 9999.0, 9999.0, 23.8, 9999.0, 22.66, 9999.0, 22.8, 22.5, 22.25, 22.41, 22.27
2026-09-08, 15:41:36, 22.36, 22.5, 22.75, 22.75, 9999.0, 9999.0, 9999.0, 23.82, 9999.0, 22.66, 9999.0, 22.77, 22.5, 22.25, 22.41, 22.25
2026-09-08, 15:41:40, 22.36, 22.5, 22.75, 22.75, 9999.0, 9999.0, 9999.0, 23.84, 9999.0, 22.66, 9999.0, 22.77, 22.5, 22.25, 22.41, 22.25
2026-09-08, 15:41:44, 22.34, 22.5, 22.75, 22.75, 9999.0, 9999.0, 9999.0, 23.86, 9999.0, 22.66, 9999.0, 22.75, 22.5, 22.25, 22.39, 22.25
2026-09-08, 15:41:48, 22.32, 22.5, 22.75, 22.75, 9999.0, 9999.0, 9999.0, 23.89, 9999.0, 22.64, 9999.0, 22.7, 22.5, 22.25, 22.39, 22.25
2026-09-08, 15:41:52, 22.3, 22.5, 22.75, 22.75, 9999.0, 9999.0, 9999.0, 23.93, 9999.0, 22.61, 9999.0, 22.68, 22.5, 22.25, 22.41, 22.25
2026-09-08, 15:41:56, 22.3, 22.5, 22.75, 22.75, 9999.0, 9999.0, 9999.0, 23.98, 9999.0, 22.59, 9999.0, 22.66, 22.5, 22.25, 22.39, 22.25
2026-09-08, 15:42:00, 22.3, 22.5, 22.75, 22.75, 9999.0, 9999.0, 9999.0, 24.02, 9999.0, 22.57, 9999.0, 22.66, 22.5, 22.25, 22.36, 22.27
2026-09-08, 15:42:04, 22.3, 22.5, 22.75, 22.75, 9999.0, 9999.0, 9999.0, 24.07, 9999.0, 22.55, 9999.0, 22.66, 22.5, 22.25, 22.36, 22.27
2026-09-08, 15:42:08, 22.27, 22.5, 22.75, 22.75, 9999.0, 9999.0, 9999.0, 24.05, 9999.0, 22.52, 9999.0, 22.66, 22.5, 22.25, 22.36, 22.27
2026-09-08, 15:42:12, 22.25, 22.5, 22.75, 22.77, 9999.0, 9999.0, 9999.0, 24.0, 9999.0, 22.48, 9999.0, 22.68, 22.5, 22.25, 22.36, 22.27
2026-09-08, 15:42:16, 22.25, 22.5, 22.75, 22.77, 9999.0, 9999.0, 9999.0, 23.95, 9999.0, 22.45, 9999.0, 22.68, 22.5, 22.25, 22.36, 22.27
2026-09-08, 15:42:20, 22.27, 22.5, 22.75, 22.77, 9999.0, 9999.0, 9999.0, 23.93, 9999.0, 22.45, 9999.0, 22.7, 22.5, 22.25, 22.34, 22.27
2026-09-08, 15:42:24, 22.27, 22.5, 22.75, 22.77, 9999.0, 9999.0, 9999.0, 23.91, 9999.0, 22.45, 9999.0, 22.7, 22.5, 22.25, 22.34, 22.27
2026-09-08, 15:42:28, 22.3, 22.5, 22.75, 22.77, 9999.0, 9999.0, 9999.0, 23.86, 9999.0, 22.48, 9999.0, 22.73, 22.5, 22.25, 22.34, 22.27
2026-09-08, 15:42:32, 22.32, 22.5, 22.75, 22.77, 9999.0, 9999.0, 9999.0, 23.82, 9999.0, 22.5, 9999.0, 22.75, 22.5, 22.25, 22.36, 22.27
2026-09-08, 15:42:36, 22.32, 22.5, 22.75, 22.77, 9999.0, 9999.0, 9999.0, 23.8, 9999.0, 22.52, 9999.0, 22.77, 22.5, 22.25, 22.34, 22.3
2026-09-08, 15:42:40, 22.32, 22.5, 22.75, 22.77, 9999.0, 9999.0, 9999.0, 23.82, 9999.0, 22.55, 9999.0, 22.8, 22.5, 22.25, 22.34, 22.3
2026-09-08, 15:42:44, 22.32, 22.5, 22.75, 22.77, 9999.0, 9999.0, 9999.0, 23.84, 9999.0, 22.57, 9999.0, 22.8, 22.5, 22.25, 22.34, 22.27
2026-09-08, 15:42:48, 22.34, 22.5, 22.75, 22.77, 9999.0, 9999.0, 9999.0, 23.86, 9999.0, 22.57, 9999.0, 22.8, 22.5, 22.25, 22.34, 22.27
2026-09-08, 15:42:52, 22.34, 22.5, 22.75, 22.77, 9999.0, 9999.0, 9999.0, 23.89, 9999.0, 22.57, 9999.0, 22.77, 22.5, 22.25, 22.34, 22.27
2026-09-08, 15:42:56, 22.34, 22.5, 22.75, 22.75, 9999.0, 9999.0, 9999.0, 23.91, 9999.0, 22.59, 9999.0, 22.75, 22.5, 22.25, 22.32, 22.3
2026-09-08, 15:43:00, 22.34, 22.5, 22.75, 22.75, 9999.0, 9999.0, 9999.0, 23.93, 9999.0, 22.61, 9999.0, 22.75, 22.5, 22.25, 22.32, 22.32
2026-09-08, 15:43:04, 22.32, 22.5, 22.75, 22.75, 9999.0, 9999.0, 9999.0, 23.95, 9999.0, 22.61, 9999.0, 22.7, 22.5, 22.25, 22.32, 22.32
2026-09-08, 15:43:08, 22.32, 22.5, 22.75, 22.75, 9999.0, 9999.0, 9999.0, 23.98, 9999.0, 22.59, 9999.0, 22.68, 22.5, 22.25, 22.3, 22.32
2026-09-08, 15:43:12, 22.3, 22.5, 22.75, 22.75, 9999.0, 9999.0, 9999.0, 24.02, 9999.0, 22.57, 9999.0, 22.66, 22.5, 22.25, 22.32, 22.32
2026-09-08, 15:43:16, 22.3, 22.5, 22.75, 22.75, 9999.0, 9999.0, 9999.0, 24.07, 9999.0, 22.55, 9999.0, 22.66, 22.5, 22.25, 22.3, 22.32
2026-09-08, 15:43:20, 22.3, 22.5, 22.75, 22.75, 9999.0, 9999.0, 9999.0, 24.09, 9999.0, 22.52, 9999.0, 22.66, 22.5, 22.25, 22.3, 22.3
2026-09-08, 15:43:24, 22.32, 22.5, 22.75, 22.75, 9999.0, 9999.0, 9999.0, 24.07, 9999.0, 22.5, 9999.0, 22.66, 22.5, 22.25, 22.3, 22.3
2026-09-08, 15:43:28, 22.34, 22.5, 22.75, 22.77, 9999.0, 9999.0, 9999.0, 24.02, 9999.0, 22.45, 9999.0, 22.68, 22.5, 22.25, 22.32, 22.3
2026-09-08, 15:43:32, 22.32, 22.5, 22.75, 22.77, 9999.0, 9999.0, 9999.0, 23.98, 9999.0, 22.43, 9999.0, 22.7, 22.5, 22.25, 22.32, 22.3
2026-09-08, 15:43:36, 22.32, 22.5, 22.75, 22.77, 9999.0, 9999.0, 9999.0, 23.93, 9999.0, 22.43, 9999.0, 22.75, 22.5, 22.25, 22.34, 22.32
2026-09-08, 15:43:40, 22.32, 22.5, 22.75, 22.77, 9999.0, 9999.0, 9999.0, 23.91, 9999.0, 22.43, 9999.0, 22.75, 22.5, 22.25, 22.34, 22.3
2026-09-08, 15:43:44, 22.34, 22.5, 22.75, 22.77, 9999.0, 9999.0, 9999.0, 23.86, 9999.0, 22.43, 9999.0, 22.75, 22.5, 22.25, 22.32, 22.3
2026-09-08, 15:43:48, 22.34, 22.5, 22.75, 22.77, 9999.0, 9999.0, 9999.0, 23.82, 9999.0, 22.45, 9999.0, 22.77, 22.5, 22.25, 22.34, 22.3
2026-09-08, 15:43:52, 22.34, 22.5, 22.75, 22.77, 9999.0, 9999.0, 9999.0, 23.77, 9999.0, 22.5, 9999.0, 22.8, 22.5, 22.25, 22.34, 22.3
2026-09-08, 15:43:56, 22.34, 22.5, 22.75, 22.77, 9999.0, 9999.0, 9999.0, 23.82, 9999.0, 22.52, 9999.0, 22.82, 22.5, 22.25, 22.32, 22.3
2026-09-08, 15:44:00, 22.34, 22.5, 22.75, 22.77, 9999.0, 9999.0, 9999.0, 23.84, 9999.0, 22.52, 9999.0, 22.82, 22.5, 22.25, 22.32, 22.3
2026-09-08, 15:44:04, 22.34, 22.5, 22.75, 22.77, 9999.0, 9999.0, 9999.0, 23.86, 9999.0, 22.52, 9999.0, 22.82, 22.5, 22.25, 22.32, 22.3
2026-09-08, 15:44:08, 22.32, 22.5, 22.75, 22.77, 9999.0, 9999.0, 9999.0, 23.89, 9999.0, 22.52, 9999.0, 22.8, 22.5, 22.25, 22.32, 22.3
2026-09-08, 15:44:12, 22.3, 22.5, 22.75, 22.75, 9999.0, 9999.0, 9999.0, 23.91, 9999.0, 22.55, 9999.0, 22.77, 22.5, 22.25, 22.3, 22.3
2026-09-08, 15:44:16, 22.3, 22.5, 22.75, 22.75, 9999.0, 9999.0, 9999.0, 23.93, 9999.0, 22.55, 9999.0, 22.73, 22.5, 22.25, 22.32, 22.32
2026-09-08, 15:44:20, 22.3, 22.5, 22.75, 22.75, 9999.0, 9999.0, 9999.0, 23.95, 9999.0, 22.52, 9999.0, 22.68, 22.5, 22.25, 22.3, 22.32
2026-09-08, 15:44:24, 22.32, 22.5, 22.75, 22.75, 9999.0, 9999.0, 9999.0, 23.98, 9999.0, 22.52, 9999.0, 22.66, 22.5, 22.25, 22.3, 22.32
2026-09-08, 15:44:28, 22.3, 22.5, 22.75, 22.75, 9999.0, 9999.0, 9999.0, 24.02, 9999.0, 22.5, 9999.0, 22.64, 22.5, 22.25, 22.3, 22.3
2026-09-08, 15:44:32, 22.3, 22.5, 22.75, 22.75, 9999.0, 9999.0, 9999.0, 24.05, 9999.0, 22.45, 9999.0, 22.64, 22.5, 22.25, 22.27, 22.3
2026-09-08, 15:44:36, 22.32, 22.5, 22.75, 22.75, 9999.0, 9999.0, 9999.0, 24.07, 9999.0, 22.41, 9999.0, 22.64, 22.5, 22.25, 22.27, 22.3
2026-09-08, 15:44:40, 22.34, 22.5, 22.75, 22.75, 9999.0, 9999.0, 9999.0, 24.0, 9999.0, 22.36, 9999.0, 22.64, 22.5, 22.25, 22.3, 22.3
2026-09-08, 15:44:44, 22.34, 22.5, 22.75, 22.75, 9999.0, 9999.0, 9999.0, 23.95, 9999.0, 22.34, 9999.0, 22.66, 22.5, 22.25, 22.3, 22.32
2026-09-08, 15:44:48, 22.36, 22.5, 22.75, 22.75, 9999.0, 9999.0, 9999.0, 23.91, 9999.0, 22.32, 9999.0, 22.68, 22.5, 22.25, 22.32, 22.32
2026-09-08, 15:44:52, 22.36, 22.5, 22.75, 22.75, 9999.0, 9999.0, 9999.0, 23.86, 9999.0, 22.32, 9999.0, 22.7, 22.5, 22.25, 22.34, 22.32
2026-09-08, 15:44:56, 22.36, 22.5, 22.75, 22.75, 9999.0, 9999.0, 9999.0, 23.82, 9999.0, 22.32, 9999.0, 22.7, 22.5, 22.25, 22.34, 22.34
2026-09-08, 15:45:00, 22.36, 22.5, 22.75, 22.75, 9999.0, 9999.0, 9999.0, 23.77, 9999.0, 22.34, 9999.0, 22.73, 22.5, 22.25, 22.34, 22.32
2026-09-08, 15:45:05, 22.36, 22.5, 22.75, 22.75, 9999.0, 9999.0, 9999.0, 23.73, 9999.0, 22.39, 9999.0, 22.75, 22.5, 22.25, 22.36, 22.3
2026-09-08, 15:45:09, 22.36, 22.5, 22.75, 22.75, 9999.0, 9999.0, 9999.0, 23.68, 9999.0, 22.41, 9999.0, 22.77, 22.5, 22.25, 22.39, 22.3
2026-09-08, 15:45:13, 22.36, 22.5, 22.77, 22.75, 9999.0, 9999.0, 9999.0, 23.64, 9999.0, 22.43, 9999.0, 22.8, 22.5, 22.25, 22.39, 22.3
2026-09-08, 15:45:17, 22.39, 22.5, 22.77, 22.75, 9999.0, 9999.0, 9999.0, 23.68, 9999.0, 22.45, 9999.0, 22.8, 22.5, 22.25, 22.41, 22.32
2026-09-08, 15:45:21, 22.39, 22.5, 22.77, 22.75, 9999.0, 9999.0, 9999.0, 23.7, 9999.0, 22.48, 9999.0, 22.8, 22.5, 22.25, 22.41, 22.32
2026-09-08, 15:45:25, 22.36, 22.5, 22.77, 22.75, 9999.0, 9999.0, 9999.0, 23.73, 9999.0, 22.5, 9999.0, 22.8, 22.5, 22.27, 22.39, 22.32
2026-09-08, 15:45:29, 22.36, 22.5, 22.77, 22.75, 9999.0, 9999.0, 9999.0, 23.75, 9999.0, 22.52, 9999.0, 22.77, 22.5, 22.27, 22.39, 22.3
2026-09-08, 15:45:33, 22.34, 22.5, 22.77, 22.75, 9999.0, 9999.0, 9999.0, 23.77, 9999.0, 22.52, 9999.0, 22.75, 22.5, 22.27, 22.36, 22.3
2026-09-08, 15:45:37, 22.34, 22.5, 22.77, 22.75, 9999.0, 9999.0, 9999.0, 23.8, 9999.0, 22.5, 9999.0, 22.73, 22.5, 22.27, 22.36, 22.3
2026-09-08, 15:45:41, 22.34, 22.5, 22.77, 22.75, 9999.0, 9999.0, 9999.0, 23.84, 9999.0, 22.48, 9999.0, 22.7, 22.5, 22.27, 22.36, 22.3
2026-09-08, 15:45:45, 22.36, 22.5, 22.77, 22.75, 9999.0, 9999.0, 9999.0, 23.89, 9999.0, 22.45, 9999.0, 22.7, 22.5, 22.27, 22.34, 22.3
2026-09-08, 15:45:49, 22.36, 22.5, 22.77, 22.75, 9999.0, 9999.0, 9999.0, 23.93, 9999.0, 22.41, 9999.0, 22.7, 22.5, 22.27, 22.32, 22.3
2026-09-08, 15:45:53, 22.34, 22.5, 22.77, 22.75, 9999.0, 9999.0, 9999.0, 23.98, 9999.0, 22.36, 9999.0, 22.7, 22.5, 22.3, 22.32, 22.3
2026-09-08, 15:45:57, 22.34, 22.5, 22.75, 22.75, 9999.0, 9999.0, 9999.0, 24.0, 9999.0, 22.34, 9999.0, 22.7, 22.5, 22.3, 22.32, 22.3
2026-09-08, 15:46:01, 22.34, 22.5, 22.75, 22.75, 9999.0, 9999.0, 9999.0, 23.95, 9999.0, 22.32, 9999.0, 22.73, 22.5, 22.3, 22.3, 22.3
2026-09-08, 15:46:05, 22.34, 22.5, 22.75, 22.75, 9999.0, 9999.0, 9999.0, 23.93, 9999.0, 22.3, 9999.0, 22.75, 22.5, 22.3, 22.3, 22.3
2026-09-08, 15:46:09, 22.36, 22.5, 22.77, 22.75, 9999.0, 9999.0, 9999.0, 23.91, 9999.0, 22.27, 9999.0, 22.77, 22.5, 22.27, 22.32, 22.3
2026-09-08, 15:46:13, 22.36, 22.5, 22.77, 22.75, 9999.0, 9999.0, 9999.0, 23.89, 9999.0, 22.27, 9999.0, 22.77, 22.5, 22.3, 22.32, 22.3
2026-09-08, 15:46:17, 22.39, 22.5, 22.77, 22.75, 9999.0, 9999.0, 9999.0, 23.84, 9999.0, 22.3, 9999.0, 22.77, 22.5, 22.3, 22.32, 22.3
2026-09-08, 15:46:21, 22.39, 22.5, 22.77, 22.75, 9999.0, 9999.0, 9999.0, 23.8, 9999.0, 22.32, 9999.0, 22.8, 22.5, 22.3, 22.32, 22.3
2026-09-08, 15:46:25, 22.39, 22.5, 22.77, 22.75, 9999.0, 9999.0, 9999.0, 23.75, 9999.0, 22.34, 9999.0, 22.82, 22.5, 22.32, 22.34, 22.27
2026-09-08, 15:46:29, 22.36, 22.5, 22.77, 22.77, 9999.0, 9999.0, 9999.0, 23.7, 9999.0, 22.36, 9999.0, 22.82, 22.5, 22.32, 22.36, 22.27
2026-09-08, 15:46:33, 22.39, 22.5, 22.77, 22.77, 9999.0, 9999.0, 9999.0, 23.73, 9999.0, 22.39, 9999.0, 22.82, 22.5, 22.32, 22.39, 22.27
2026-09-08, 15:46:37, 22.41, 22.5, 22.77, 22.77, 9999.0, 9999.0, 9999.0, 23.75, 9999.0, 22.41, 9999.0, 22.82, 22.5, 22.3, 22.39, 22.27
2026-09-08, 15:46:41, 22.43, 22.5, 22.77, 22.8, 9999.0, 9999.0, 9999.0, 23.8, 9999.0, 22.43, 9999.0, 22.82, 22.5, 22.3, 22.39, 22.27
2026-09-08, 15:46:45, 22.41, 22.5, 22.77, 22.82, 9999.0, 9999.0, 9999.0, 23.82, 9999.0, 22.43, 9999.0, 22.8, 22.5, 22.3, 22.39, 22.27
2026-09-08, 15:46:49, 22.41, 22.5, 22.77, 22.82, 9999.0, 9999.0, 9999.0, 23.84, 9999.0, 22.43, 9999.0, 22.77, 22.5, 22.3, 22.39, 22.3
2026-09-08, 15:46:53, 22.41, 22.5, 22.75, 22.82, 9999.0, 9999.0, 9999.0, 23.86, 9999.0, 22.43, 9999.0, 22.75, 22.5, 22.3, 22.39, 22.3
2026-09-08, 15:46:57, 22.39, 22.5, 22.75, 22.82, 9999.0, 9999.0, 9999.0, 23.89, 9999.0, 22.41, 9999.0, 22.75, 22.5, 22.3, 22.39, 22.3
2026-09-08, 15:47:01, 22.39, 22.5, 22.75, 22.82, 9999.0, 9999.0, 9999.0, 23.93, 9999.0, 22.39, 9999.0, 22.73, 22.5, 22.3, 22.39, 22.32
2026-09-08, 15:47:05, 22.39, 22.5, 22.75, 22.84, 9999.0, 9999.0, 9999.0, 23.98, 9999.0, 22.36, 9999.0, 22.7, 22.5, 22.32, 22.36, 22.34
2026-09-08, 15:47:09, 22.41, 22.5, 22.75, 22.84, 9999.0, 9999.0, 9999.0, 24.0, 9999.0, 22.34, 9999.0, 22.7, 22.5, 22.3, 22.36, 22.36
2026-09-08, 15:47:13, 22.43, 22.5, 22.77, 22.82, 9999.0, 9999.0, 9999.0, 24.02, 9999.0, 22.32, 9999.0, 22.7, 22.5, 22.3, 22.36, 22.36
2026-09-08, 15:47:17, 22.43, 22.5, 22.77, 22.84, 9999.0, 9999.0, 9999.0, 23.98, 9999.0, 22.3, 9999.0, 22.7, 22.5, 22.3, 22.36, 22.39
2026-09-08, 15:47:21, 22.41, 22.5, 22.77, 22.84, 9999.0, 9999.0, 9999.0, 23.93, 9999.0, 22.27, 9999.0, 22.73, 22.5, 22.3, 22.36, 22.39
2026-09-08, 15:47:25, 22.39, 22.5, 22.77, 22.82, 9999.0, 9999.0, 9999.0, 23.86, 9999.0, 22.25, 9999.0, 22.75, 22.5, 22.3, 22.39, 22.41
2026-09-08, 15:47:29, 22.39, 22.5, 22.77, 22.8, 9999.0, 9999.0, 9999.0, 23.82, 9999.0, 22.25, 9999.0, 22.75, 22.5, 22.3, 22.41, 22.41
2026-09-08, 15:47:33, 22.36, 22.5, 22.77, 22.82, 9999.0, 9999.0, 9999.0, 23.77, 9999.0, 22.25, 9999.0, 22.75, 22.5, 22.3, 22.43, 22.39
2026-09-08, 15:47:37, 22.34, 22.5, 22.77, 22.82, 9999.0, 9999.0, 9999.0, 23.73, 9999.0, 22.25, 9999.0, 22.75, 22.5, 22.3, 22.41, 22.41
2026-09-08, 15:47:41, 22.36, 22.5, 22.77, 22.82, 9999.0, 9999.0, 9999.0, 23.68, 9999.0, 22.27, 9999.0, 22.75, 22.5, 22.27, 22.43, 22.41
2026-09-08, 15:47:45, 22.36, 22.5, 22.77, 22.82, 9999.0, 9999.0, 9999.0, 23.64, 9999.0, 22.3, 9999.0, 22.77, 22.5, 22.27, 22.45, 22.41
2026-09-08, 15:47:49, 22.39, 22.5, 22.77, 22.8, 9999.0, 9999.0, 9999.0, 23.66, 9999.0, 22.32, 9999.0, 22.8, 22.5, 22.25, 22.48, 22.41
2026-09-08, 15:47:53, 22.39, 22.5, 22.77, 22.8, 9999.0, 9999.0, 9999.0, 23.7, 9999.0, 22.34, 9999.0, 22.8, 22.5, 22.25, 22.45, 22.39
2026-09-08, 15:47:57, 22.39, 22.5, 22.75, 22.8, 9999.0, 9999.0, 9999.0, 23.75, 9999.0, 22.36, 9999.0, 22.8, 22.5, 22.25, 22.45, 22.41
2026-09-08, 15:48:01, 22.39, 22.5, 22.75, 22.77, 9999.0, 9999.0, 9999.0, 23.77, 9999.0, 22.39, 9999.0, 22.8, 22.5, 22.25, 22.45, 22.41
2026-09-08, 15:48:05, 22.39, 22.5, 22.77, 22.77, 9999.0, 9999.0, 9999.0, 23.8, 9999.0, 22.39, 9999.0, 22.77, 22.5, 22.27, 22.45, 22.43
2026-09-08, 15:48:09, 22.39, 22.5, 22.77, 22.77, 9999.0, 9999.0, 9999.0, 23.82, 9999.0, 22.39, 9999.0, 22.73, 22.5, 22.27, 22.43, 22.43
2026-09-08, 15:48:13, 22.39, 22.5, 22.8, 22.8, 9999.0, 9999.0, 9999.0, 23.84, 9999.0, 22.39, 9999.0, 22.73, 22.5, 22.27, 22.43, 22.43
2026-09-08, 15:48:17, 22.39, 22.5, 22.8, 22.77, 9999.0, 9999.0, 9999.0, 23.89, 9999.0, 22.39, 9999.0, 22.73, 22.5, 22.27, 22.43, 22.45
2026-09-08, 15:48:21, 22.39, 22.5, 22.8, 22.77, 9999.0, 9999.0, 9999.0, 23.93, 9999.0, 22.39, 9999.0, 22.7, 22.5, 22.27, 22.45, 22.45
2026-09-08, 15:48:25, 22.39, 22.5, 22.8, 22.77, 9999.0, 9999.0, 9999.0, 23.95, 9999.0, 22.36, 9999.0, 22.7, 22.5, 22.27, 22.45, 22.45
2026-09-08, 15:48:29, 22.39, 22.5, 22.8, 22.77, 9999.0, 9999.0, 9999.0, 23.98, 9999.0, 22.34, 9999.0, 22.7, 22.5, 22.27, 22.43, 22.43
2026-09-08, 15:48:33, 22.36, 22.5, 22.8, 22.77, 9999.0, 9999.0, 9999.0, 23.93, 9999.0, 22.32, 9999.0, 22.7, 22.5, 22.27, 22.41, 22.43
2026-09-08, 15:48:37, 22.34, 22.5, 22.82, 22.77, 9999.0, 9999.0, 9999.0, 23.89, 9999.0, 22.3, 9999.0, 22.73, 22.5, 22.27, 22.41, 22.45
2026-09-08, 15:48:41, 22.32, 22.5, 22.82, 22.77, 9999.0, 9999.0, 9999.0, 23.84, 9999.0, 22.27, 9999.0, 22.75, 22.5, 22.3, 22.41, 22.43
2026-09-08, 15:48:45, 22.32, 22.5, 22.82, 22.8, 9999.0, 9999.0, 9999.0, 23.82, 9999.0, 22.27, 9999.0, 22.77, 22.5, 22.3, 22.41, 22.41
2026-09-08, 15:48:49, 22.34, 22.5, 22.8, 22.8, 9999.0, 9999.0, 9999.0, 23.77, 9999.0, 22.3, 9999.0, 22.8, 22.5, 22.27, 22.41, 22.39
2026-09-08, 15:48:54, 22.36, 22.5, 22.8, 22.8, 9999.0, 9999.0, 9999.0, 23.75, 9999.0, 22.32, 9999.0, 22.82, 22.5, 22.27, 22.43, 22.39
2026-09-08, 15:48:58, 22.39, 22.5, 22.77, 22.77, 9999.0, 9999.0, 9999.0, 23.73, 9999.0, 22.34, 9999.0, 22.82, 22.5, 22.3, 22.43, 22.39
2026-09-08, 15:49:02, 22.41, 22.5, 22.77, 22.77, 9999.0, 9999.0, 9999.0, 23.68, 9999.0, 22.36, 9999.0, 22.82, 22.52, 22.32, 22.43, 22.39
2026-09-08, 15:49:06, 22.43, 22.5, 22.77, 22.77, 9999.0, 9999.0, 9999.0, 23.7, 9999.0, 22.39, 9999.0, 22.84, 22.52, 22.32, 22.43, 22.39
2026-09-08, 15:49:10, 22.43, 22.5, 22.77, 22.77, 9999.0, 9999.0, 9999.0, 23.75, 9999.0, 22.41, 9999.0, 22.84, 22.52, 22.32, 22.43, 22.39
2026-09-08, 15:49:14, 22.43, 22.5, 22.77, 22.77, 9999.0, 9999.0, 9999.0, 23.8, 9999.0, 22.41, 9999.0, 22.84, 22.52, 22.32, 22.45, 22.41
2026-09-08, 15:49:18, 22.45, 22.5, 22.77, 22.77, 9999.0, 9999.0, 9999.0, 23.82, 9999.0, 22.41, 9999.0, 22.84, 22.52, 22.32, 22.48, 22.41
2026-09-08, 15:49:22, 22.48, 22.5, 22.75, 22.77, 9999.0, 9999.0, 9999.0, 23.84, 9999.0, 22.41, 9999.0, 22.82, 22.52, 22.32, 22.5, 22.39
2026-09-08, 15:49:26, 22.5, 22.5, 22.77, 22.77, 9999.0, 9999.0, 9999.0, 23.86, 9999.0, 22.41, 9999.0, 22.8, 22.52, 22.3, 22.5, 22.41
2026-09-08, 15:49:30, 22.48, 22.5, 22.77, 22.75, 9999.0, 9999.0, 9999.0, 23.86, 9999.0, 22.39, 9999.0, 22.75, 22.52, 22.3, 22.48, 22.43
2026-09-08, 15:49:34, 22.45, 22.5, 22.77, 22.75, 9999.0, 9999.0, 9999.0, 23.89, 9999.0, 22.36, 9999.0, 22.73, 22.52, 22.32, 22.48, 22.43
2026-09-08, 15:49:38, 22.45, 22.5, 22.8, 22.75, 9999.0, 9999.0, 9999.0, 23.91, 9999.0, 22.34, 9999.0, 22.7, 22.52, 22.32, 22.45, 22.43
2026-09-08, 15:49:42, 22.45, 22.5, 22.8, 22.77, 9999.0, 9999.0, 9999.0, 23.93, 9999.0, 22.3, 9999.0, 22.7, 22.52, 22.3, 22.45, 22.41
2026-09-08, 15:49:46, 22.45, 22.5, 22.8, 22.77, 9999.0, 9999.0, 9999.0, 23.95, 9999.0, 22.27, 9999.0, 22.7, 22.5, 22.27, 22.45, 22.41
2026-09-08, 15:49:50, 22.43, 22.5, 22.8, 22.77, 9999.0, 9999.0, 9999.0, 23.91, 9999.0, 22.25, 9999.0, 22.7, 22.5, 22.3, 22.45, 22.41
2026-09-08, 15:49:54, 22.43, 22.5, 22.8, 22.77, 9999.0, 9999.0, 9999.0, 23.86, 9999.0, 22.23, 9999.0, 22.73, 22.5, 22.32, 22.45, 22.43
2026-09-08, 15:49:58, 22.41, 22.5, 22.8, 22.77, 9999.0, 9999.0, 9999.0, 23.82, 9999.0, 22.2, 9999.0, 22.75, 22.52, 22.32, 22.45, 22.43
2026-09-08, 15:50:02, 22.41, 22.5, 22.8, 22.77, 9999.0, 9999.0, 9999.0, 23.8, 9999.0, 22.2, 9999.0, 22.75, 22.52, 22.32, 22.45, 22.43
2026-09-08, 15:50:06, 22.41, 22.5, 22.8, 22.77, 9999.0, 9999.0, 9999.0, 23.75, 9999.0, 22.2, 9999.0, 22.77, 22.52, 22.32, 22.45, 22.45
2026-09-08, 15:50:10, 22.41, 22.5, 22.77, 22.77, 9999.0, 9999.0, 9999.0, 23.7, 9999.0, 22.23, 9999.0, 22.77, 22.52, 22.34, 22.45, 22.45
2026-09-08, 15:50:14, 22.43, 22.5, 22.77, 22.77, 9999.0, 9999.0, 9999.0, 23.68, 9999.0, 22.25, 9999.0, 22.8, 22.52, 22.34, 22.48, 22.45
2026-09-08, 15:50:18, 22.45, 22.5, 22.77, 22.8, 9999.0, 9999.0, 9999.0, 23.64, 9999.0, 22.27, 9999.0, 22.8, 22.52, 22.32, 22.48, 22.48
2026-09-08, 15:50:22, 22.45, 22.5, 22.75, 22.82, 9999.0, 9999.0, 9999.0, 23.68, 9999.0, 22.3, 9999.0, 22.82, 22.52, 22.32, 22.5, 22.48
2026-09-08, 15:50:26, 22.43, 22.5, 22.75, 22.8, 9999.0, 9999.0, 9999.0, 23.7, 9999.0, 22.34, 9999.0, 22.82, 22.52, 22.32, 22.5, 22.5
2026-09-08, 15:50:30, 22.43, 22.5, 22.75, 22.8, 9999.0, 9999.0, 9999.0, 23.75, 9999.0, 22.36, 9999.0, 22.82, 22.52, 22.32, 22.5, 22.5
2026-09-08, 15:50:34, 22.43, 22.5, 22.75, 22.8, 9999.0, 9999.0, 9999.0, 23.77, 9999.0, 22.39, 9999.0, 22.82, 22.52, 22.3, 22.48, 22.5
2026-09-08, 15:50:38, 22.41, 22.5, 22.75, 22.8, 9999.0, 9999.0, 9999.0, 23.8, 9999.0, 22.41, 9999.0, 22.8, 22.52, 22.27, 22.48, 22.5
2026-09-08, 15:50:42, 22.41, 22.5, 22.75, 22.8, 9999.0, 9999.0, 9999.0, 23.8, 9999.0, 22.43, 9999.0, 22.77, 22.5, 22.27, 22.45, 22.5
2026-09-08, 15:50:46, 22.41, 22.5, 22.77, 22.8, 9999.0, 9999.0, 9999.0, 23.8, 9999.0, 22.43, 9999.0, 22.77, 22.5, 22.3, 22.45, 22.5
2026-09-08, 15:50:50, 22.41, 22.5, 22.77, 22.8, 9999.0, 9999.0, 9999.0, 23.82, 9999.0, 22.43, 9999.0, 22.75, 22.5, 22.32, 22.45, 22.5
2026-09-08, 15:50:54, 22.41, 22.5, 22.77, 22.8, 9999.0, 9999.0, 9999.0, 23.84, 9999.0, 22.41, 9999.0, 22.75, 22.5, 22.3, 22.45, 22.5
2026-09-08, 15:50:58, 22.41, 22.5, 22.8, 22.8, 9999.0, 9999.0, 9999.0, 23.86, 9999.0, 22.39, 9999.0, 22.75, 22.5, 22.32, 22.45, 22.5
2026-09-08, 15:51:02, 22.41, 22.5, 22.82, 22.77, 9999.0, 9999.0, 9999.0, 23.91, 9999.0, 22.36, 9999.0, 22.75, 22.5, 22.32, 22.45, 22.5
2026-09-08, 15:51:06, 22.41, 22.5, 22.84, 22.75, 9999.0, 9999.0, 9999.0, 23.86, 9999.0, 22.32, 9999.0, 22.75, 22.5, 22.32, 22.45, 22.5
2026-09-08, 15:51:10, 22.43, 22.5, 22.84, 22.75, 9999.0, 9999.0, 9999.0, 23.82, 9999.0, 22.3, 9999.0, 22.77, 22.5, 22.32, 22.45, 22.5
2026-09-08, 15:51:14, 22.43, 22.5, 22.84, 22.75, 9999.0, 9999.0, 9999.0, 23.75, 9999.0, 22.25, 9999.0, 22.8, 22.5, 22.32, 22.45, 22.5
2026-09-08, 15:51:18, 22.45, 22.5, 22.84, 22.77, 9999.0, 9999.0, 9999.0, 23.7, 9999.0, 22.23, 9999.0, 22.8, 22.5, 22.34, 22.48, 22.5
2026-09-08, 15:51:22, 22.48, 22.5, 22.84, 22.77, 9999.0, 9999.0, 9999.0, 23.66, 9999.0, 22.2, 9999.0, 22.8, 22.5, 22.36, 22.48, 22.5
2026-09-08, 15:51:26, 22.48, 22.5, 22.84, 22.8, 9999.0, 9999.0, 9999.0, 23.64, 9999.0, 22.2, 9999.0, 22.82, 22.5, 22.36, 22.5, 22.5
2026-09-08, 15:51:30, 22.48, 22.5, 22.82, 22.8, 9999.0, 9999.0, 9999.0, 23.61, 9999.0, 22.23, 9999.0, 22.82, 22.5, 22.36, 22.5, 22.5
2026-09-08, 15:51:34, 22.48, 22.5, 22.82, 22.82, 9999.0, 9999.0, 9999.0, 23.57, 9999.0, 22.25, 9999.0, 22.84, 22.5, 22.34, 22.5, 22.5
2026-09-08, 15:51:38, 22.48, 22.5, 22.82, 22.82, 9999.0, 9999.0, 9999.0, 23.59, 9999.0, 22.27, 9999.0, 22.84, 22.5, 22.36, 22.5, 22.5
2026-09-08, 15:51:42, 22.48, 22.5, 22.8, 22.84, 9999.0, 9999.0, 9999.0, 23.61, 9999.0, 22.3, 9999.0, 22.84, 22.5, 22.36, 22.5, 22.5
2026-09-08, 15:51:46, 22.48, 22.5, 22.8, 22.84, 9999.0, 9999.0, 9999.0, 23.64, 9999.0, 22.3, 9999.0, 22.84, 22.5, 22.36, 22.5, 22.5
2026-09-08, 15:51:50, 22.48, 22.5, 22.77, 22.84, 9999.0, 9999.0, 9999.0, 23.66, 9999.0, 22.32, 9999.0, 22.84, 22.5, 22.39, 22.5, 22.5
2026-09-08, 15:51:54, 22.48, 22.5, 22.8, 22.86, 9999.0, 9999.0, 9999.0, 23.68, 9999.0, 22.32, 9999.0, 22.82, 22.5, 22.39, 22.5, 22.5
2026-09-08, 15:51:58, 22.48, 22.5, 22.82, 22.89, 9999.0, 9999.0, 9999.0, 23.7, 9999.0, 22.34, 9999.0, 22.8, 22.5, 22.39, 22.5, 22.5
2026-09-08, 15:52:02, 22.48, 22.5, 22.82, 22.86, 9999.0, 9999.0, 9999.0, 23.73, 9999.0, 22.34, 9999.0, 22.8, 22.5, 22.39, 22.5, 22.5
2026-09-08, 15:52:06, 22.48, 22.5, 22.82, 22.86, 9999.0, 9999.0, 9999.0, 23.75, 9999.0, 22.34, 9999.0, 22.8, 22.5, 22.39, 22.5, 22.5
2026-09-08, 15:52:10, 22.5, 22.5, 22.82, 22.84, 9999.0, 9999.0, 9999.0, 23.77, 9999.0, 22.34, 9999.0, 22.77, 22.5, 22.39, 22.5, 22.5
2026-09-08, 15:52:14, 22.5, 22.5, 22.82, 22.86, 9999.0, 9999.0, 9999.0, 23.8, 9999.0, 22.32, 9999.0, 22.77, 22.5, 22.39, 22.5, 22.5
2026-09-08, 15:52:18, 22.5, 22.5, 22.82, 22.86, 9999.0, 9999.0, 9999.0, 23.84, 9999.0, 22.3, 9999.0, 22.75, 22.5, 22.39, 22.5, 22.5
2026-09-08, 15:52:22, 22.5, 22.5, 22.82, 22.86, 9999.0, 9999.0, 9999.0, 23.8, 9999.0, 22.27, 9999.0, 22.75, 22.5, 22.39, 22.5, 22.5
2026-09-08, 15:52:26, 22.5, 22.5, 22.82, 22.84, 9999.0, 9999.0, 9999.0, 23.75, 9999.0, 22.25, 9999.0, 22.77, 22.5, 22.36, 22.5, 22.5
2026-09-08, 15:52:30, 22.5, 22.5, 22.8, 22.86, 9999.0, 9999.0, 9999.0, 23.7, 9999.0, 22.25, 9999.0, 22.8, 22.5, 22.39, 22.5, 22.5
2026-09-08, 15:52:34, 22.5, 22.5, 22.82, 22.89, 9999.0, 9999.0, 9999.0, 23.66, 9999.0, 22.25, 9999.0, 22.82, 22.5, 22.36, 22.5, 22.5
2026-09-08, 15:52:39, 22.48, 22.5, 22.8, 22.86, 9999.0, 9999.0, 9999.0, 23.64, 9999.0, 22.25, 9999.0, 22.82, 22.5, 22.36, 22.5, 22.5
2026-09-08, 15:52:43, 22.48, 22.5, 22.77, 22.86, 9999.0, 9999.0, 9999.0, 23.61, 9999.0, 22.27, 9999.0, 22.82, 22.52, 22.36, 22.5, 22.5
2026-09-08, 15:52:47, 22.48, 22.5, 22.77, 22.89, 9999.0, 9999.0, 9999.0, 23.59, 9999.0, 22.3, 9999.0, 22.82, 22.55, 22.36, 22.5, 22.5
2026-09-08, 15:52:51, 22.48, 22.5, 22.77, 22.91, 9999.0, 9999.0, 9999.0, 23.55, 9999.0, 22.32, 9999.0, 22.82, 22.57, 22.36, 22.5, 22.5
2026-09-08, 15:52:55, 22.48, 22.5, 22.8, 22.91, 9999.0, 9999.0, 9999.0, 23.57, 9999.0, 22.32, 9999.0, 22.82, 22.59, 22.39, 22.5, 22.5
2026-09-08, 15:52:59, 22.45, 22.5, 22.82, 22.89, 9999.0, 9999.0, 9999.0, 23.59, 9999.0, 22.32, 9999.0, 22.82, 22.61, 22.36, 22.5, 22.5
2026-09-08, 15:53:03, 22.45, 22.5, 22.84, 22.86, 9999.0, 9999.0, 9999.0, 23.61, 9999.0, 22.32, 9999.0, 22.82, 22.64, 22.39, 22.5, 22.5
2026-09-08, 15:53:07, 22.45, 22.5, 22.84, 22.86, 9999.0, 9999.0, 9999.0, 23.66, 9999.0, 22.32, 9999.0, 22.82, 22.64, 22.36, 22.5, 22.5
2026-09-08, 15:53:11, 22.45, 22.5, 22.84, 22.86, 9999.0, 9999.0, 9999.0, 23.7, 9999.0, 22.32, 9999.0, 22.8, 22.64, 22.36, 22.5, 22.5
2026-09-08, 15:53:15, 22.45, 22.5, 22.84, 22.84, 9999.0, 9999.0, 9999.0, 23.73, 9999.0, 22.32, 9999.0, 22.77, 22.64, 22.34, 22.5, 22.5
2026-09-08, 15:53:19, 22.45, 22.5, 22.84, 22.82, 9999.0, 9999.0, 9999.0, 23.75, 9999.0, 22.32, 9999.0, 22.75, 22.64, 22.36, 22.5, 22.5
2026-09-08, 15:53:23, 22.48, 22.5, 22.84, 22.84, 9999.0, 9999.0, 9999.0, 23.77, 9999.0, 22.32, 9999.0, 22.75, 22.64, 22.39, 22.5, 22.5
2026-09-08, 15:53:27, 22.48, 22.5, 22.86, 22.82, 9999.0, 9999.0, 9999.0, 23.8, 9999.0, 22.3, 9999.0, 22.75, 22.61, 22.41, 22.5, 22.5
2026-09-08, 15:53:31, 22.48, 22.5, 22.86, 22.8, 9999.0, 9999.0, 9999.0, 23.82, 9999.0, 22.27, 9999.0, 22.75, 22.59, 22.39, 22.5, 22.5
2026-09-08, 15:53:35, 22.45, 22.5, 22.86, 22.77, 9999.0, 9999.0, 9999.0, 23.84, 9999.0, 22.25, 9999.0, 22.75, 22.57, 22.36, 22.5, 22.5
2026-09-08, 15:53:39, 22.43, 22.5, 22.86, 22.77, 9999.0, 9999.0, 9999.0, 23.82, 9999.0, 22.25, 9999.0, 22.75, 22.55, 22.34, 22.5, 22.5
2026-09-08, 15:53:43, 22.43, 22.5, 22.86, 22.77, 9999.0, 9999.0, 9999.0, 23.8, 9999.0, 22.25, 9999.0, 22.77, 22.52, 22.36, 22.5, 22.5
2026-09-08, 15:53:47, 22.43, 22.5, 22.84, 22.77, 9999.0, 9999.0, 9999.0, 23.77, 9999.0, 22.23, 9999.0, 22.8, 22.5, 22.34, 22.5, 22.5
2026-09-08, 15:53:51, 22.43, 22.5, 22.84, 22.8, 9999.0, 9999.0, 9999.0, 23.75, 9999.0, 22.23, 9999.0, 22.8, 22.5, 22.34, 22.5, 22.5
2026-09-08, 15:53:55, 22.41, 22.5, 22.84, 22.82, 9999.0, 9999.0, 9999.0, 23.7, 9999.0, 22.25, 9999.0, 22.82, 22.5, 22.36, 22.5, 22.5
2026-09-08, 15:53:59, 22.41, 22.5, 22.84, 22.82, 9999.0, 9999.0, 9999.0, 23.68, 9999.0, 22.25, 9999.0, 22.82, 22.5, 22.39, 22.48, 22.5
2026-09-08, 15:54:03, 22.41, 22.5, 22.84, 22.82, 9999.0, 9999.0, 9999.0, 23.66, 9999.0, 22.27, 9999.0, 22.82, 22.5, 22.39, 22.48, 22.5
2026-09-08, 15:54:07, 22.41, 22.5, 22.84, 22.8, 9999.0, 9999.0, 9999.0, 23.64, 9999.0, 22.3, 9999.0, 22.82, 22.5, 22.39, 22.48, 22.5
2026-09-08, 15:54:11, 22.41, 22.5, 22.82, 22.82, 9999.0, 9999.0, 9999.0, 23.59, 9999.0, 22.32, 9999.0, 22.82, 22.5, 22.39, 22.48, 22.5
2026-09-08, 15:54:15, 22.41, 22.5, 22.82, 22.84, 9999.0, 9999.0, 9999.0, 23.64, 9999.0, 22.34, 9999.0, 22.82, 22.52, 22.41, 22.48, 22.5
2026-09-08, 15:54:19, 22.43, 22.5, 22.84, 22.86, 9999.0, 9999.0, 9999.0, 23.68, 9999.0, 22.36, 9999.0, 22.82, 22.55, 22.41, 22.48, 22.5
2026-09-08, 15:54:23, 22.45, 22.5, 22.84, 22.89, 9999.0, 9999.0, 9999.0, 23.7, 9999.0, 22.36, 9999.0, 22.82, 22.55, 22.41, 22.48, 22.5
2026-09-08, 15:54:27, 22.48, 22.5, 22.82, 22.91, 9999.0, 9999.0, 9999.0, 23.73, 9999.0, 22.39, 9999.0, 22.8, 22.55, 22.39, 22.48, 22.5
2026-09-08, 15:54:31, 22.48, 22.5, 22.82, 22.91, 9999.0, 9999.0, 9999.0, 23.75, 9999.0, 22.43, 9999.0, 22.77, 22.55, 22.39, 22.48, 22.5
2026-09-08, 15:54:35, 22.48, 22.5, 22.84, 22.91, 9999.0, 9999.0, 9999.0, 23.75, 9999.0, 22.45, 9999.0, 22.77, 22.55, 22.39, 22.48, 22.5
2026-09-08, 15:54:39, 22.5, 22.5, 22.84, 22.91, 9999.0, 9999.0, 9999.0, 23.77, 9999.0, 22.43, 9999.0, 22.75, 22.55, 22.39, 22.48, 22.5
2026-09-08, 15:54:43, 22.5, 22.5, 22.84, 22.91, 9999.0, 9999.0, 9999.0, 23.8, 9999.0, 22.43, 9999.0, 22.75, 22.55, 22.39, 22.5, 22.5
2026-09-08, 15:54:48, 22.48, 22.5, 22.84, 22.93, 9999.0, 9999.0, 9999.0, 23.82, 9999.0, 22.41, 9999.0, 22.75, 22.55, 22.39, 22.5, 22.5
2026-09-08, 15:54:52, 22.48, 22.5, 22.86, 22.95, 9999.0, 9999.0, 9999.0, 23.84, 9999.0, 22.39, 9999.0, 22.75, 22.55, 22.39, 22.5, 22.5
2026-09-08, 15:54:56, 22.45, 22.5, 22.86, 22.93, 9999.0, 9999.0, 9999.0, 23.89, 9999.0, 22.36, 9999.0, 22.75, 22.55, 22.39, 22.5, 22.5
2026-09-08, 15:55:00, 22.45, 22.5, 22.86, 22.91, 9999.0, 9999.0, 9999.0, 23.84, 9999.0, 22.34, 9999.0, 22.77, 22.52, 22.36, 22.5, 22.5
2026-09-08, 15:55:04, 22.43, 22.5, 22.84, 22.89, 9999.0, 9999.0, 9999.0, 23.8, 9999.0, 22.32, 9999.0, 22.8, 22.52, 22.36, 22.5, 22.5
2026-09-08, 15:55:08, 22.43, 22.5, 22.82, 22.89, 9999.0, 9999.0, 9999.0, 23.77, 9999.0, 22.32, 9999.0, 22.82, 22.52, 22.39, 22.5, 22.5
2026-09-08, 15:55:12, 22.43, 22.5, 22.82, 22.89, 9999.0, 9999.0, 9999.0, 23.73, 9999.0, 22.32, 9999.0, 22.84, 22.52, 22.39, 22.5, 22.48
2026-09-08, 15:55:16, 22.43, 22.5, 22.82, 22.89, 9999.0, 9999.0, 9999.0, 23.68, 9999.0, 22.32, 9999.0, 22.84, 22.52, 22.41, 22.5, 22.48
2026-09-08, 15:55:20, 22.43, 22.5, 22.8, 22.89, 9999.0, 9999.0, 9999.0, 23.66, 9999.0, 22.34, 9999.0, 22.84, 22.52, 22.43, 22.5, 22.48
2026-09-08, 15:55:24, 22.43, 22.5, 22.82, 22.89, 9999.0, 9999.0, 9999.0, 23.64, 9999.0, 22.39, 9999.0, 22.84, 22.55, 22.43, 22.5, 22.48
2026-09-08, 15:55:28, 22.43, 22.5, 22.82, 22.89, 9999.0, 9999.0, 9999.0, 23.61, 9999.0, 22.43, 9999.0, 22.84, 22.57, 22.43, 22.5, 22.48
2026-09-08, 15:55:32, 22.45, 22.5, 22.82, 22.86, 9999.0, 9999.0, 9999.0, 23.66, 9999.0, 22.45, 9999.0, 22.84, 22.59, 22.41, 22.5, 22.48
2026-09-08, 15:55:36, 22.45, 22.5, 22.8, 22.84, 9999.0, 9999.0, 9999.0, 23.7, 9999.0, 22.48, 9999.0, 22.84, 22.61, 22.39, 22.5, 22.48
2026-09-08, 15:55:40, 22.48, 22.5, 22.8, 22.84, 9999.0, 9999.0, 9999.0, 23.75, 9999.0, 22.5, 9999.0, 22.84, 22.61, 22.36, 22.5, 22.48
2026-09-08, 15:55:44, 22.48, 22.5, 22.8, 22.84, 9999.0, 9999.0, 9999.0, 23.77, 9999.0, 22.52, 9999.0, 22.82, 22.61, 22.36, 22.5, 22.48
2026-09-08, 15:55:48, 22.5, 22.5, 22.82, 22.84, 9999.0, 9999.0, 9999.0, 23.82, 9999.0, 22.55, 9999.0, 22.8, 22.59, 22.39, 22.48, 22.48
2026-09-08, 15:55:52, 22.48, 22.5, 22.82, 22.82, 9999.0, 9999.0, 9999.0, 23.84, 9999.0, 22.57, 9999.0, 22.77, 22.59, 22.36, 22.48, 22.48
2026-09-08, 15:55:56, 22.48, 22.5, 22.84, 22.8, 9999.0, 9999.0, 9999.0, 23.89, 9999.0, 22.57, 9999.0, 22.75, 22.59, 22.36, 22.48, 22.5
2026-09-08, 15:56:00, 22.48, 22.5, 22.84, 22.8, 9999.0, 9999.0, 9999.0, 23.91, 9999.0, 22.57, 9999.0, 22.75, 22.59, 22.34, 22.48, 22.5
2026-09-08, 15:56:04, 22.45, 22.5, 22.84, 22.8, 9999.0, 9999.0, 9999.0, 23.93, 9999.0, 22.55, 9999.0, 22.75, 22.59, 22.32, 22.48, 22.5
2026-09-08, 15:56:08, 22.45, 22.5, 22.84, 22.77, 9999.0, 9999.0, 9999.0, 23.95, 9999.0, 22.52, 9999.0, 22.75, 22.57, 22.3, 22.48, 22.48
2026-09-08, 15:56:12, 22.45, 22.5, 22.84, 22.77, 9999.0, 9999.0, 9999.0, 23.98, 9999.0, 22.5, 9999.0, 22.75, 22.55, 22.3, 22.48, 22.48
2026-09-08, 15:56:16, 22.43, 22.5, 22.82, 22.77, 9999.0, 9999.0, 9999.0, 23.93, 9999.0, 22.5, 9999.0, 22.77, 22.52, 22.3, 22.48, 22.48
2026-09-08, 15:56:20, 22.41, 22.5, 22.82, 22.77, 9999.0, 9999.0, 9999.0, 23.89, 9999.0, 22.48, 9999.0, 22.8, 22.52, 22.32, 22.48, 22.48
2026-09-08, 15:56:24, 22.41, 22.5, 22.82, 22.8, 9999.0, 9999.0, 9999.0, 23.84, 9999.0, 22.48, 9999.0, 22.82, 22.52, 22.32, 22.48, 22.48
2026-09-08, 15:56:28, 22.41, 22.5, 22.82, 22.82, 9999.0, 9999.0, 9999.0, 23.82, 9999.0, 22.48, 9999.0, 22.82, 22.52, 22.32, 22.48, 22.45
2026-09-08, 15:56:32, 22.41, 22.5, 22.8, 22.82, 9999.0, 9999.0, 9999.0, 23.77, 9999.0, 22.48, 9999.0, 22.82, 22.52, 22.32, 22.5, 22.45
2026-09-08, 15:56:36, 22.43, 22.5, 22.8, 22.82, 9999.0, 9999.0, 9999.0, 23.75, 9999.0, 22.48, 9999.0, 22.82, 22.52, 22.32, 22.5, 22.45
2026-09-08, 15:56:40, 22.43, 22.5, 22.77, 22.84, 9999.0, 9999.0, 9999.0, 23.7, 9999.0, 22.5, 9999.0, 22.82, 22.52, 22.34, 22.5, 22.45
2026-09-08, 15:56:44, 22.41, 22.5, 22.8, 22.84, 9999.0, 9999.0, 9999.0, 23.68, 9999.0, 22.5, 9999.0, 22.82, 22.55, 22.36, 22.5, 22.45
2026-09-08, 15:56:48, 22.43, 22.5, 22.82, 22.82, 9999.0, 9999.0, 9999.0, 23.73, 9999.0, 22.5, 9999.0, 22.82, 22.55, 22.36, 22.5, 22.45
2026-09-08, 15:56:52, 22.43, 22.5, 22.82, 22.82, 9999.0, 9999.0, 9999.0, 23.77, 9999.0, 22.5, 9999.0, 22.82, 22.57, 22.39, 22.5, 22.48
2026-09-08, 15:56:56, 22.43, 22.5, 22.82, 22.82, 9999.0, 9999.0, 9999.0, 23.82, 9999.0, 22.52, 9999.0, 22.82, 22.57, 22.36, 22.5, 22.48
2026-09-08, 15:57:00, 22.45, 22.5, 22.84, 22.84, 9999.0, 9999.0, 9999.0, 23.86, 9999.0, 22.52, 9999.0, 22.8, 22.57, 22.36, 22.5, 22.45
2026-09-08, 15:57:04, 22.48, 22.5, 22.84, 22.86, 9999.0, 9999.0, 9999.0, 23.89, 9999.0, 22.55, 9999.0, 22.77, 22.55, 22.34, 22.5, 22.45
2026-09-08, 15:57:08, 22.48, 22.5, 22.84, 22.84, 9999.0, 9999.0, 9999.0, 23.91, 9999.0, 22.55, 9999.0, 22.75, 22.55, 22.34, 22.5, 22.45
2026-09-08, 15:57:12, 22.48, 22.5, 22.84, 22.82, 9999.0, 9999.0, 9999.0, 23.93, 9999.0, 22.55, 9999.0, 22.75, 22.55, 22.34, 22.5, 22.48
2026-09-08, 15:57:16, 22.45, 22.5, 22.84, 22.82, 9999.0, 9999.0, 9999.0, 23.98, 9999.0, 22.52, 9999.0, 22.75, 22.55, 22.34, 22.48, 22.48
2026-09-08, 15:57:20, 22.43, 22.5, 22.86, 22.82, 9999.0, 9999.0, 9999.0, 24.0, 9999.0, 22.52, 9999.0, 22.75, 22.55, 22.34, 22.45, 22.45
2026-09-08, 15:57:24, 22.43, 22.5, 22.86, 22.82, 9999.0, 9999.0, 9999.0, 24.05, 9999.0, 22.5, 9999.0, 22.75, 22.55, 22.34, 22.45, 22.45
2026-09-08, 15:57:28, 22.45, 22.5, 22.84, 22.82, 9999.0, 9999.0, 9999.0, 24.09, 9999.0, 22.5, 9999.0, 22.75, 22.52, 22.34, 22.43, 22.45
2026-09-08, 15:57:32, 22.45, 22.5, 22.82, 22.84, 9999.0, 9999.0, 9999.0, 24.07, 9999.0, 22.5, 9999.0, 22.75, 22.52, 22.36, 22.43, 22.45
2026-09-08, 15:57:36, 22.43, 22.5, 22.8, 22.84, 9999.0, 9999.0, 9999.0, 24.02, 9999.0, 22.5, 9999.0, 22.77, 22.5, 22.34, 22.43, 22.45
2026-09-08, 15:57:40, 22.43, 22.5, 22.82, 22.84, 9999.0, 9999.0, 9999.0, 23.98, 9999.0, 22.48, 9999.0, 22.8, 22.5, 22.34, 22.43, 22.45
2026-09-08, 15:57:44, 22.41, 22.5, 22.8, 22.84, 9999.0, 9999.0, 9999.0, 23.93, 9999.0, 22.48, 9999.0, 22.82, 22.5, 22.36, 22.43, 22.48
2026-09-08, 15:57:48, 22.39, 22.5, 22.8, 22.82, 9999.0, 9999.0, 9999.0, 23.91, 9999.0, 22.5, 9999.0, 22.82, 22.5, 22.39, 22.43, 22.48
2026-09-08, 15:57:52, 22.39, 22.5, 22.82, 22.82, 9999.0, 9999.0, 9999.0, 23.86, 9999.0, 22.5, 9999.0, 22.82, 22.5, 22.39, 22.43, 22.48
2026-09-08, 15:57:56, 22.36, 22.5, 22.82, 22.82, 9999.0, 9999.0, 9999.0, 23.82, 9999.0, 22.52, 9999.0, 22.82, 22.5, 22.41, 22.43, 22.45
2026-09-08, 15:58:00, 22.39, 22.5, 22.82, 22.82, 9999.0, 9999.0, 9999.0, 23.77, 9999.0, 22.57, 9999.0, 22.82, 22.5, 22.39, 22.45, 22.45
2026-09-08, 15:58:04, 22.41, 22.5, 22.8, 22.82, 9999.0, 9999.0, 9999.0, 23.73, 9999.0, 22.59, 9999.0, 22.82, 22.5, 22.39, 22.48, 22.45
2026-09-08, 15:58:08, 22.39, 22.5, 22.8, 22.8, 9999.0, 9999.0, 9999.0, 23.75, 9999.0, 22.59, 9999.0, 22.82, 22.5, 22.36, 22.48, 22.45
2026-09-08, 15:58:12, 22.39, 22.5, 22.8, 22.8, 9999.0, 9999.0, 9999.0, 23.77, 9999.0, 22.61, 9999.0, 22.82, 22.5, 22.34, 22.48, 22.45
2026-09-08, 15:58:16, 22.36, 22.5, 22.8, 22.77, 9999.0, 9999.0, 9999.0, 23.8, 9999.0, 22.61, 9999.0, 22.82, 22.5, 22.34, 22.48, 22.45
2026-09-08, 15:58:20, 22.39, 22.5, 22.8, 22.77, 9999.0, 9999.0, 9999.0, 23.82, 9999.0, 22.61, 9999.0, 22.8, 22.5, 22.34, 22.48, 22.45
2026-09-08, 15:58:24, 22.36, 22.5, 22.77, 22.77, 9999.0, 9999.0, 9999.0, 23.84, 9999.0, 22.61, 9999.0, 22.77, 22.5, 22.34, 22.48, 22.45
2026-09-08, 15:58:28, 22.39, 22.5, 22.77, 22.75, 9999.0, 9999.0, 9999.0, 23.86, 9999.0, 22.61, 9999.0, 22.75, 22.5, 22.32, 22.48, 22.45
2026-09-08, 15:58:33, 22.41, 22.5, 22.77, 22.75, 9999.0, 9999.0, 9999.0, 23.89, 9999.0, 22.59, 9999.0, 22.75, 22.5, 22.3, 22.48, 22.45
2026-09-08, 15:58:37, 22.41, 22.5, 22.75, 22.75, 9999.0, 9999.0, 9999.0, 23.93, 9999.0, 22.59, 9999.0, 22.73, 22.5, 22.3, 22.48, 22.45
2026-09-08, 15:58:41, 22.43, 22.5, 22.75, 22.77, 9999.0, 9999.0, 9999.0, 23.98, 9999.0, 22.57, 9999.0, 22.7, 22.5, 22.3, 22.48, 22.45
2026-09-08, 15:58:45, 22.41, 22.5, 22.75, 22.77, 9999.0, 9999.0, 9999.0, 24.02, 9999.0, 22.55, 9999.0, 22.73, 22.5, 22.3, 22.48, 22.43
2026-09-08, 15:58:49, 22.41, 22.5, 22.75, 22.77, 9999.0, 9999.0, 9999.0, 24.07, 9999.0, 22.52, 9999.0, 22.73, 22.5, 22.3, 22.48, 22.45
2026-09-08, 15:58:53, 22.41, 22.5, 22.75, 22.8, 9999.0, 9999.0, 9999.0, 24.02, 9999.0, 22.52, 9999.0, 22.75, 22.5, 22.3, 22.48, 22.45
2026-09-08, 15:58:57, 22.39, 22.5, 22.75, 22.8, 9999.0, 9999.0, 9999.0, 23.98, 9999.0, 22.5, 9999.0, 22.77, 22.5, 22.3, 22.5, 22.45
2026-09-08, 15:59:01, 22.41, 22.5, 22.75, 22.8, 9999.0, 9999.0, 9999.0, 23.93, 9999.0, 22.5, 9999.0, 22.77, 22.5, 22.3, 22.5, 22.45
2026-09-08, 15:59:05, 22.41, 22.5, 22.75, 22.8, 9999.0, 9999.0, 9999.0, 23.91, 9999.0, 22.5, 9999.0, 22.77, 22.5, 22.3, 22.5, 22.45
2026-09-08, 15:59:09, 22.41, 22.5, 22.75, 22.8, 9999.0, 9999.0, 9999.0, 23.89, 9999.0, 22.5, 9999.0, 22.77, 22.5, 22.32, 22.5, 22.45
2026-09-08, 15:59:13, 22.39, 22.5, 22.75, 22.8, 9999.0, 9999.0, 9999.0, 23.86, 9999.0, 22.52, 9999.0, 22.77, 22.5, 22.34, 22.5, 22.45
2026-09-08, 15:59:17, 22.36, 22.5, 22.75, 22.8, 9999.0, 9999.0, 9999.0, 23.82, 9999.0, 22.55, 9999.0, 22.77, 22.52, 22.36, 22.5, 22.43
2026-09-08, 15:59:21, 22.36, 22.5, 22.75, 22.8, 9999.0, 9999.0, 9999.0, 23.77, 9999.0, 22.57, 9999.0, 22.8, 22.52, 22.36, 22.5, 22.41
2026-09-08, 15:59:25, 22.36, 22.5, 22.77, 22.77, 9999.0, 9999.0, 9999.0, 23.82, 9999.0, 22.59, 9999.0, 22.82, 22.52, 22.34, 22.5, 22.41
2026-09-08, 15:59:29, 22.39, 22.5, 22.77, 22.77, 9999.0, 9999.0, 9999.0, 23.84, 9999.0, 22.61, 9999.0, 22.8, 22.52, 22.36, 22.5, 22.41
2026-09-08, 15:59:33, 22.39, 22.5, 22.77, 22.77, 9999.0, 9999.0, 9999.0, 23.86, 9999.0, 22.61, 9999.0, 22.8, 22.52, 22.36, 22.5, 22.41
2026-09-08, 15:59:37, 22.41, 22.5, 22.77, 22.75, 9999.0, 9999.0, 9999.0, 23.91, 9999.0, 22.61, 9999.0, 22.77, 22.52, 22.36, 22.48, 22.41
2026-09-08, 15:59:41, 22.43, 22.5, 22.77, 22.75, 9999.0, 9999.0, 9999.0, 23.93, 9999.0, 22.64, 9999.0, 22.75, 22.52, 22.36, 22.48, 22.41
2026-09-08, 15:59:45, 22.41, 22.5, 22.77, 22.75, 9999.0, 9999.0, 9999.0, 23.95, 9999.0, 22.66, 9999.0, 22.75, 22.52, 22.34, 22.45, 22.41
2026-09-08, 15:59:49, 22.41, 22.5, 22.77, 22.75, 9999.0, 9999.0, 9999.0, 23.98, 9999.0, 22.68, 9999.0, 22.75, 22.52, 22.34, 22.43, 22.41
2026-09-08, 15:59:53, 22.43, 22.5, 22.77, 22.75, 9999.0, 9999.0, 9999.0, 24.0, 9999.0, 22.68, 9999.0, 22.75, 22.52, 22.32, 22.43, 22.41
2026-09-08, 15:59:57, 22.45, 22.5, 22.77, 22.75, 9999.0, 9999.0, 9999.0, 24.02, 9999.0, 22.66, 9999.0, 22.75, 22.52, 22.32, 22.41, 22.39
2026-09-08, 16:00:01, 22.48, 22.5, 22.77, 22.75, 9999.0, 9999.0, 9999.0, 24.07, 9999.0, 22.64, 9999.0, 22.75, 22.5, 22.3, 22.41, 22.39
2026-09-08, 16:00:05, 22.45, 22.5, 22.77, 22.77, 9999.0, 9999.0, 9999.0, 24.11, 9999.0, 22.61, 9999.0, 22.75, 22.5, 22.3, 22.41, 22.41
2026-09-08, 16:00:09, 22.43, 22.5, 22.75, 22.77, 9999.0, 9999.0, 9999.0, 24.05, 9999.0, 22.59, 9999.0, 22.75, 22.5, 22.3, 22.41, 22.43
2026-09-08, 16:00:13, 22.41, 22.5, 22.75, 22.77, 9999.0, 9999.0, 9999.0, 24.0, 9999.0, 22.57, 9999.0, 22.77, 22.5, 22.27, 22.39, 22.43
2026-09-08, 16:00:17, 22.41, 22.5, 22.75, 22.77, 9999.0, 9999.0, 9999.0, 23.95, 9999.0, 22.57, 9999.0, 22.8, 22.5, 22.27, 22.39, 22.41
2026-09-08, 16:00:21, 22.41, 22.5, 22.75, 22.77, 9999.0, 9999.0, 9999.0, 23.91, 9999.0, 22.59, 9999.0, 22.82, 22.5, 22.3, 22.39, 22.41
2026-09-08, 16:00:25, 22.39, 22.5, 22.75, 22.77, 9999.0, 9999.0, 9999.0, 23.89, 9999.0, 22.59, 9999.0, 22.82, 22.5, 22.3, 22.39, 22.39
2026-09-08, 16:00:29, 22.41, 22.5, 22.75, 22.77, 9999.0, 9999.0, 9999.0, 23.86, 9999.0, 22.59, 9999.0, 22.82, 22.5, 22.3, 22.41, 22.36
2026-09-08, 16:00:33, 22.39, 22.5, 22.77, 22.77, 9999.0, 9999.0, 9999.0, 23.84, 9999.0, 22.59, 9999.0, 22.82, 22.5, 22.3, 22.43, 22.34
2026-09-08, 16:00:37, 22.39, 22.5, 22.77, 22.77, 9999.0, 9999.0, 9999.0, 23.8, 9999.0, 22.61, 9999.0, 22.82, 22.5, 22.3, 22.43, 22.32
2026-09-08, 16:00:41, 22.39, 22.5, 22.77, 22.77, 9999.0, 9999.0, 9999.0, 23.75, 9999.0, 22.64, 9999.0, 22.82, 22.5, 22.27, 22.45, 22.34
2026-09-08, 16:00:45, 22.39, 22.5, 22.77, 22.77, 9999.0, 9999.0, 9999.0, 23.77, 9999.0, 22.66, 9999.0, 22.82, 22.52, 22.27, 22.43, 22.36
2026-09-08, 16:00:49, 22.39, 22.5, 22.77, 22.75, 9999.0, 9999.0, 9999.0, 23.8, 9999.0, 22.68, 9999.0, 22.82, 22.52, 22.27, 22.43, 22.36
2026-09-08, 16:00:53, 22.41, 22.5, 22.77, 22.75, 9999.0, 9999.0, 9999.0, 23.84, 9999.0, 22.7, 9999.0, 22.82, 22.52, 22.27, 22.43, 22.34
2026-09-08, 16:00:57, 22.43, 22.5, 22.77, 22.75, 9999.0, 9999.0, 9999.0, 23.89, 9999.0, 22.73, 9999.0, 22.8, 22.52, 22.27, 22.45, 22.36
2026-09-08, 16:01:01, 22.41, 22.5, 22.8, 22.75, 9999.0, 9999.0, 9999.0, 23.91, 9999.0, 22.75, 9999.0, 22.77, 22.52, 22.27, 22.45, 22.36
2026-09-08, 16:01:05, 22.39, 22.5, 22.8, 22.75, 9999.0, 9999.0, 9999.0, 23.93, 9999.0, 22.75, 9999.0, 22.75, 22.52, 22.25, 22.45, 22.34
2026-09-08, 16:01:09, 22.39, 22.5, 22.8, 22.75, 9999.0, 9999.0, 9999.0, 23.95, 9999.0, 22.75, 9999.0, 22.75, 22.52, 22.25, 22.45, 22.34
2026-09-08, 16:01:13, 22.36, 22.5, 22.8, 22.75, 9999.0, 9999.0, 9999.0, 23.98, 9999.0, 22.75, 9999.0, 22.73, 22.52, 22.25, 22.43, 22.36
2026-09-08, 16:01:17, 22.39, 22.5, 22.77, 22.75, 9999.0, 9999.0, 9999.0, 24.0, 9999.0, 22.75, 9999.0, 22.7, 22.52, 22.25, 22.41, 22.39
2026-09-08, 16:01:21, 22.39, 22.5, 22.77, 22.75, 9999.0, 9999.0, 9999.0, 24.05, 9999.0, 22.75, 9999.0, 22.7, 22.52, 22.25, 22.41, 22.41
2026-09-08, 16:01:25, 22.39, 22.5, 22.77, 22.75, 9999.0, 9999.0, 9999.0, 24.09, 9999.0, 22.73, 9999.0, 22.7, 22.52, 22.25, 22.41, 22.39
2026-09-08, 16:01:29, 22.36, 22.5, 22.8, 22.75, 9999.0, 9999.0, 9999.0, 24.07, 9999.0, 22.7, 9999.0, 22.73, 22.5, 22.25, 22.43, 22.36
2026-09-08, 16:01:33, 22.39, 22.5, 22.8, 22.75, 9999.0, 9999.0, 9999.0, 24.02, 9999.0, 22.68, 9999.0, 22.75, 22.5, 22.25, 22.43, 22.34
2026-09-08, 16:01:37, 22.36, 22.5, 22.8, 22.75, 9999.0, 9999.0, 9999.0, 23.98, 9999.0, 22.66, 9999.0, 22.77, 22.5, 22.25, 22.43, 22.34
2026-09-08, 16:01:41, 22.36, 22.5, 22.8, 22.75, 9999.0, 9999.0, 9999.0, 23.93, 9999.0, 22.66, 9999.0, 22.77, 22.5, 22.25, 22.41, 22.32
2026-09-08, 16:01:45, 22.39, 22.5, 22.77, 22.75, 9999.0, 9999.0, 9999.0, 23.91, 9999.0, 22.66, 9999.0, 22.77, 22.5, 22.25, 22.39, 22.32
2026-09-08, 16:01:49, 22.41, 22.5, 22.77, 22.75, 9999.0, 9999.0, 9999.0, 23.86, 9999.0, 22.66, 9999.0, 22.77, 22.5, 22.25, 22.41, 22.34
2026-09-08, 16:01:53, 22.43, 22.5, 22.77, 22.75, 9999.0, 9999.0, 9999.0, 23.84, 9999.0, 22.66, 9999.0, 22.77, 22.5, 22.25, 22.41, 22.36
2026-09-08, 16:01:57, 22.45, 22.5, 22.77, 22.75, 9999.0, 9999.0, 9999.0, 23.8, 9999.0, 22.66, 9999.0, 22.8, 22.52, 22.25, 22.43, 22.34
2026-09-08, 16:02:01, 22.45, 22.5, 22.77, 22.75, 9999.0, 9999.0, 9999.0, 23.84, 9999.0, 22.66, 9999.0, 22.82, 22.52, 22.25, 22.45, 22.34
2026-09-08, 16:02:05, 22.45, 22.5, 22.77, 22.75, 9999.0, 9999.0, 9999.0, 23.89, 9999.0, 22.66, 9999.0, 22.82, 22.52, 22.25, 22.45, 22.34
2026-09-08, 16:02:09, 22.45, 22.5, 22.77, 22.75, 9999.0, 9999.0, 9999.0, 23.91, 9999.0, 22.68, 9999.0, 22.82, 22.52, 22.25, 22.43, 22.36
2026-09-08, 16:02:13, 22.45, 22.5, 22.75, 22.75, 9999.0, 9999.0, 9999.0, 23.93, 9999.0, 22.7, 9999.0, 22.8, 22.52, 22.25, 22.43, 22.39
2026-09-08, 16:02:17, 22.45, 22.5, 22.75, 22.75, 9999.0, 9999.0, 9999.0, 23.98, 9999.0, 22.73, 9999.0, 22.77, 22.52, 22.25, 22.43, 22.41
2026-09-08, 16:02:21, 22.45, 22.5, 22.75, 22.75, 9999.0, 9999.0, 9999.0, 24.0, 9999.0, 22.75, 9999.0, 22.73, 22.52, 22.25, 22.41, 22.43
2026-09-08, 16:02:26, 22.45, 22.5, 22.75, 22.75, 9999.0, 9999.0, 9999.0, 24.05, 9999.0, 22.75, 9999.0, 22.73, 22.52, 22.25, 22.43, 22.43
2026-09-08, 16:02:30, 22.43, 22.5, 22.75, 22.75, 9999.0, 9999.0, 9999.0, 24.09, 9999.0, 22.75, 9999.0, 22.73, 22.52, 22.25, 22.43, 22.45
2026-09-08, 16:02:34, 22.43, 22.5, 22.75, 22.75, 9999.0, 9999.0, 9999.0, 24.16, 9999.0, 22.75, 9999.0, 22.73, 22.52, 22.25, 22.43, 22.45
2026-09-08, 16:02:38, 22.41, 22.5, 22.75, 22.75, 9999.0, 9999.0, 9999.0, 24.18, 9999.0, 22.75, 9999.0, 22.73, 22.52, 22.27, 22.43, 22.43
2026-09-08, 16:02:42, 22.41, 22.5, 22.75, 22.75, 9999.0, 9999.0, 9999.0, 24.23, 9999.0, 22.75, 9999.0, 22.73, 22.5, 22.27, 22.43, 22.45
2026-09-08, 16:02:46, 22.41, 22.5, 22.75, 22.75, 9999.0, 9999.0, 9999.0, 24.18, 9999.0, 22.75, 9999.0, 22.73, 22.5, 22.27, 22.43, 22.43
2026-09-08, 16:02:50, 22.39, 22.5, 22.75, 22.75, 9999.0, 9999.0, 9999.0, 24.14, 9999.0, 22.73, 9999.0, 22.75, 22.5, 22.27, 22.41, 22.41
2026-09-08, 16:02:54, 22.39, 22.5, 22.75, 22.75, 9999.0, 9999.0, 9999.0, 24.11, 9999.0, 22.7, 9999.0, 22.75, 22.5, 22.27, 22.43, 22.41
2026-09-08, 16:02:58, 22.39, 22.5, 22.75, 22.75, 9999.0, 9999.0, 9999.0, 24.07, 9999.0, 22.7, 9999.0, 22.75, 22.5, 22.3, 22.43, 22.41
2026-09-08, 16:03:02, 22.36, 22.5, 22.75, 22.75, 9999.0, 9999.0, 9999.0, 24.02, 9999.0, 22.7, 9999.0, 22.77, 22.5, 22.3, 22.43, 22.39
2026-09-08, 16:03:06, 22.39, 22.5, 22.75, 22.75, 9999.0, 9999.0, 9999.0, 24.0, 9999.0, 22.7, 9999.0, 22.8, 22.5, 22.3, 22.43, 22.39
2026-09-08, 16:03:10, 22.39, 22.5, 22.75, 22.75, 9999.0, 9999.0, 9999.0, 23.95, 9999.0, 22.73, 9999.0, 22.8, 22.5, 22.3, 22.43, 22.39
2026-09-08, 16:03:14, 22.41, 22.5, 22.75, 22.75, 9999.0, 9999.0, 9999.0, 23.91, 9999.0, 22.75, 9999.0, 22.8, 22.5, 22.3, 22.43, 22.39
2026-09-08, 16:03:18, 22.41, 22.5, 22.75, 22.75, 9999.0, 9999.0, 9999.0, 23.93, 9999.0, 22.77, 9999.0, 22.8, 22.5, 22.3, 22.43, 22.36
2026-09-08, 16:03:22, 22.41, 22.5, 22.75, 22.75, 9999.0, 9999.0, 9999.0, 23.95, 9999.0, 22.8, 9999.0, 22.8, 22.5, 22.27, 22.41, 22.36
2026-09-08, 16:03:26, 22.41, 22.5, 22.75, 22.75, 9999.0, 9999.0, 9999.0, 23.98, 9999.0, 22.8, 9999.0, 22.8, 22.5, 22.27, 22.41, 22.34
2026-09-08, 16:03:30, 22.41, 22.5, 22.75, 22.75, 9999.0, 9999.0, 9999.0, 24.0, 9999.0, 22.8, 9999.0, 22.8, 22.5, 22.27, 22.39, 22.34
2026-09-08, 16:03:34, 22.43, 22.5, 22.75, 22.75, 9999.0, 9999.0, 9999.0, 24.02, 9999.0, 22.82, 9999.0, 22.77, 22.5, 22.27, 22.41, 22.34
2026-09-08, 16:03:38, 22.43, 22.5, 22.75, 22.75, 9999.0, 9999.0, 9999.0, 24.02, 9999.0, 22.84, 9999.0, 22.75, 22.5, 22.27, 22.41, 22.32
2026-09-08, 16:03:42, 22.43, 22.5, 22.75, 22.75, 9999.0, 9999.0, 9999.0, 24.07, 9999.0, 22.84, 9999.0, 22.75, 22.5, 22.25, 22.41, 22.3
2026-09-08, 16:03:46, 22.43, 22.5, 22.75, 22.75, 9999.0, 9999.0, 9999.0, 24.11, 9999.0, 22.84, 9999.0, 22.73, 22.5, 22.25, 22.41, 22.32
2026-09-08, 16:03:50, 22.43, 22.5, 22.75, 22.75, 9999.0, 9999.0, 9999.0, 24.16, 9999.0, 22.84, 9999.0, 22.73, 22.5, 22.25, 22.43, 22.32
2026-09-08, 16:03:54, 22.43, 22.5, 22.75, 22.75, 9999.0, 9999.0, 9999.0, 24.18, 9999.0, 22.82, 9999.0, 22.73, 22.5, 22.25, 22.41, 22.32
2026-09-08, 16:03:58, 22.43, 22.5, 22.75, 22.75, 9999.0, 9999.0, 9999.0, 24.2, 9999.0, 22.8, 9999.0, 22.73, 22.5, 22.25, 22.43, 22.32
2026-09-08, 16:04:02, 22.41, 22.5, 22.75, 22.75, 9999.0, 9999.0, 9999.0, 24.16, 9999.0, 22.77, 9999.0, 22.73, 22.5, 22.25, 22.43, 22.34
2026-09-08, 16:04:06, 22.41, 22.5, 22.75, 22.75, 9999.0, 9999.0, 9999.0, 24.14, 9999.0, 22.75, 9999.0, 22.75, 22.5, 22.25, 22.45, 22.34
2026-09-08, 16:04:10, 22.41, 22.5, 22.75, 22.75, 9999.0, 9999.0, 9999.0, 24.09, 9999.0, 22.75, 9999.0, 22.77, 22.5, 22.25, 22.43, 22.36
2026-09-08, 16:04:14, 22.39, 22.5, 22.75, 22.75, 9999.0, 9999.0, 9999.0, 24.05, 9999.0, 22.75, 9999.0, 22.77, 22.5, 22.25, 22.45, 22.39
2026-09-08, 16:04:18, 22.39, 22.5, 22.75, 22.75, 9999.0, 9999.0, 9999.0, 24.0, 9999.0, 22.75, 9999.0, 22.77, 22.5, 22.25, 22.43, 22.39
2026-09-08, 16:04:22, 22.39, 22.5, 22.75, 22.75, 9999.0, 9999.0, 9999.0, 23.98, 9999.0, 22.75, 9999.0, 22.8, 22.5, 22.25, 22.41, 22.39
2026-09-08, 16:04:26, 22.41, 22.5, 22.75, 22.75, 9999.0, 9999.0, 9999.0, 23.93, 9999.0, 22.77, 9999.0, 22.8, 22.5, 22.25, 22.41, 22.39
2026-09-08, 16:04:30, 22.41, 22.5, 22.75, 22.75, 9999.0, 9999.0, 9999.0, 23.89, 9999.0, 22.8, 9999.0, 22.8, 22.5, 22.25, 22.41, 22.39
2026-09-08, 16:04:34, 22.41, 22.5, 22.75, 22.75, 9999.0, 9999.0, 9999.0, 23.91, 9999.0, 22.8, 9999.0, 22.8, 22.5, 22.27, 22.39, 22.39
2026-09-08, 16:04:38, 22.41, 22.5, 22.75, 22.75, 9999.0, 9999.0, 9999.0, 23.95, 9999.0, 22.8, 9999.0, 22.8, 22.5, 22.27, 22.41, 22.39
2026-09-08, 16:04:42, 22.41, 22.5, 22.75, 22.75, 9999.0, 9999.0, 9999.0, 24.0, 9999.0, 22.8, 9999.0, 22.8, 22.5, 22.27, 22.39, 22.39
2026-09-08, 16:04:46, 22.43, 22.5, 22.75, 22.75, 9999.0, 9999.0, 9999.0, 24.02, 9999.0, 22.8, 9999.0, 22.8, 22.5, 22.27, 22.36, 22.39
2026-09-08, 16:04:50, 22.45, 22.5, 22.75, 22.75, 9999.0, 9999.0, 9999.0, 24.05, 9999.0, 22.8, 9999.0, 22.75, 22.5, 22.27, 22.36, 22.41
2026-09-08, 16:04:54, 22.43, 22.5, 22.75, 22.75, 9999.0, 9999.0, 9999.0, 24.09, 9999.0, 22.8, 9999.0, 22.73, 22.5, 22.27, 22.39, 22.39
2026-09-08, 16:04:58, 22.45, 22.5, 22.75, 22.75, 9999.0, 9999.0, 9999.0, 24.14, 9999.0, 22.8, 9999.0, 22.73, 22.5, 22.27, 22.36, 22.39
2026-09-08, 16:05:02, 22.45, 22.5, 22.75, 22.75, 9999.0, 9999.0, 9999.0, 24.16, 9999.0, 22.8, 9999.0, 22.7, 22.5, 22.27, 22.39, 22.39
2026-09-08, 16:05:06, 22.43, 22.5, 22.75, 22.75, 9999.0, 9999.0, 9999.0, 24.2, 9999.0, 22.8, 9999.0, 22.68, 22.5, 22.27, 22.41, 22.39
2026-09-08, 16:05:10, 22.43, 22.5, 22.75, 22.75, 9999.0, 9999.0, 9999.0, 24.25, 9999.0, 22.77, 9999.0, 22.68, 22.5, 22.27, 22.41, 22.39
2026-09-08, 16:05:14, 22.43, 22.5, 22.75, 22.75, 9999.0, 9999.0, 9999.0, 24.27, 9999.0, 22.75, 9999.0, 22.68, 22.5, 22.27, 22.41, 22.36
2026-09-08, 16:05:18, 22.43, 22.5, 22.75, 22.75, 9999.0, 9999.0, 9999.0, 24.23, 9999.0, 22.75, 9999.0, 22.68, 22.5, 22.25, 22.43, 22.34
2026-09-08, 16:05:22, 22.43, 22.5, 22.75, 22.75, 9999.0, 9999.0, 9999.0, 24.18, 9999.0, 22.75, 9999.0, 22.7, 22.5, 22.25, 22.43, 22.36
2026-09-08, 16:05:26, 22.43, 22.5, 22.75, 22.75, 9999.0, 9999.0, 9999.0, 24.14, 9999.0, 22.73, 9999.0, 22.73, 22.5, 22.25, 22.45, 22.36
2026-09-08, 16:05:30, 22.43, 22.5, 22.75, 22.75, 9999.0, 9999.0, 9999.0, 24.09, 9999.0, 22.73, 9999.0, 22.73, 22.5, 22.25, 22.48, 22.34
2026-09-08, 16:05:34, 22.41, 22.5, 22.75, 22.75, 9999.0, 9999.0, 9999.0, 24.05, 9999.0, 22.73, 9999.0, 22.75, 22.5, 22.25, 22.48, 22.32
2026-09-08, 16:05:38, 22.43, 22.5, 22.75, 22.75, 9999.0, 9999.0, 9999.0, 24.0, 9999.0, 22.73, 9999.0, 22.75, 22.5, 22.25, 22.48, 22.34
2026-09-08, 16:05:42, 22.43, 22.5, 22.75, 22.75, 9999.0, 9999.0, 9999.0, 23.95, 9999.0, 22.75, 9999.0, 22.75, 22.5, 22.25, 22.48, 22.32
2026-09-08, 16:05:46, 22.43, 22.5, 22.75, 22.75, 9999.0, 9999.0, 9999.0, 23.93, 9999.0, 22.77, 9999.0, 22.77, 22.5, 22.25, 22.45, 22.32
2026-09-08, 16:05:50, 22.45, 22.5, 22.75, 22.75, 9999.0, 9999.0, 9999.0, 23.89, 9999.0, 22.77, 9999.0, 22.8, 22.5, 22.25, 22.43, 22.32
2026-09-08, 16:05:54, 22.45, 22.5, 22.75, 22.75, 9999.0, 9999.0, 9999.0, 23.91, 9999.0, 22.77, 9999.0, 22.8, 22.5, 22.27, 22.41, 22.32
2026-09-08, 16:05:58, 22.48, 22.5, 22.75, 22.75, 9999.0, 9999.0, 9999.0, 23.95, 9999.0, 22.77, 9999.0, 22.8, 22.5, 22.27, 22.39, 22.32
2026-09-08, 16:06:02, 22.48, 22.5, 22.75, 22.75, 9999.0, 9999.0, 9999.0, 23.98, 9999.0, 22.77, 9999.0, 22.8, 22.5, 22.27, 22.39, 22.34
2026-09-08, 16:06:06, 22.45, 22.5, 22.75, 22.75, 9999.0, 9999.0, 9999.0, 24.0, 9999.0, 22.77, 9999.0, 22.77, 22.5, 22.27, 22.39, 22.32
2026-09-08, 16:06:10, 22.45, 22.5, 22.75, 22.75, 9999.0, 9999.0, 9999.0, 24.02, 9999.0, 22.8, 9999.0, 22.75, 22.5, 22.27, 22.36, 22.3
2026-09-08, 16:06:14, 22.45, 22.5, 22.75, 22.75, 9999.0, 9999.0, 9999.0, 24.07, 9999.0, 22.8, 9999.0, 22.73, 22.5, 22.27, 22.34, 22.3
2026-09-08, 16:06:19, 22.45, 22.5, 22.75, 22.75, 9999.0, 9999.0, 9999.0, 24.09, 9999.0, 22.8, 9999.0, 22.7, 22.5, 22.27, 22.32, 22.3
2026-09-08, 16:06:23, 22.43, 22.5, 22.75, 22.75, 9999.0, 9999.0, 9999.0, 24.14, 9999.0, 22.8, 9999.0, 22.68, 22.5, 22.27, 22.3, 22.3
2026-09-08, 16:06:27, 22.41, 22.5, 22.75, 22.75, 9999.0, 9999.0, 9999.0, 24.16, 9999.0, 22.77, 9999.0, 22.66, 22.5, 22.27, 22.32, 22.3
2026-09-08, 16:06:31, 22.41, 22.5, 22.75, 22.75, 9999.0, 9999.0, 9999.0, 24.18, 9999.0, 22.75, 9999.0, 22.66, 22.5, 22.27, 22.32, 22.3
2026-09-08, 16:06:35, 22.41, 22.5, 22.75, 22.75, 9999.0, 9999.0, 9999.0, 24.2, 9999.0, 22.73, 9999.0, 22.66, 22.5, 22.27, 22.34, 22.3
2026-09-08, 16:06:39, 22.39, 22.5, 22.75, 22.75, 9999.0, 9999.0, 9999.0, 24.16, 9999.0, 22.7, 9999.0, 22.68, 22.5, 22.25, 22.34, 22.3
2026-09-08, 16:06:43, 22.39, 22.5, 22.75, 22.75, 9999.0, 9999.0, 9999.0, 24.11, 9999.0, 22.68, 9999.0, 22.68, 22.5, 22.25, 22.36, 22.3
2026-09-08, 16:06:47, 22.39, 22.5, 22.75, 22.75, 9999.0, 9999.0, 9999.0, 24.09, 9999.0, 22.66, 9999.0, 22.68, 22.5, 22.25, 22.36, 22.27
2026-09-08, 16:06:51, 22.41, 22.5, 22.75, 22.75, 9999.0, 9999.0, 9999.0, 24.05, 9999.0, 22.66, 9999.0, 22.68, 22.5, 22.25, 22.34, 22.27
2026-09-08, 16:06:55, 22.39, 22.5, 22.75, 22.75, 9999.0, 9999.0, 9999.0, 24.0, 9999.0, 22.66, 9999.0, 22.68, 22.5, 22.25, 22.36, 22.27
2026-09-08, 16:06:59, 22.39, 22.5, 22.75, 22.75, 9999.0, 9999.0, 9999.0, 23.95, 9999.0, 22.68, 9999.0, 22.7, 22.5, 22.25, 22.39, 22.3
2026-09-08, 16:07:03, 22.39, 22.5, 22.75, 22.75, 9999.0, 9999.0, 9999.0, 23.93, 9999.0, 22.7, 9999.0, 22.73, 22.5, 22.25, 22.39, 22.3
2026-09-08, 16:07:07, 22.39, 22.5, 22.75, 22.75, 9999.0, 9999.0, 9999.0, 23.89, 9999.0, 22.7, 9999.0, 22.75, 22.5, 22.25, 22.39, 22.27
2026-09-08, 16:07:11, 22.41, 22.5, 22.75, 22.75, 9999.0, 9999.0, 9999.0, 23.93, 9999.0, 22.7, 9999.0, 22.77, 22.5, 22.25, 22.36, 22.27
2026-09-08, 16:07:15, 22.39, 22.5, 22.75, 22.75, 9999.0, 9999.0, 9999.0, 23.98, 9999.0, 22.7, 9999.0, 22.77, 22.5, 22.25, 22.39, 22.27
2026-09-08, 16:07:19, 22.39, 22.5, 22.75, 22.75, 9999.0, 9999.0, 9999.0, 24.0, 9999.0, 22.73, 9999.0, 22.77, 22.5, 22.25, 22.36, 22.27
2026-09-08, 16:07:23, 22.41, 22.5, 22.75, 22.75, 9999.0, 9999.0, 9999.0, 24.02, 9999.0, 22.75, 9999.0, 22.75, 22.5, 22.25, 22.39, 22.27
2026-09-08, 16:07:27, 22.41, 22.5, 22.75, 22.75, 9999.0, 9999.0, 9999.0, 24.05, 9999.0, 22.77, 9999.0, 22.73, 22.5, 22.25, 22.39, 22.27
2026-09-08, 16:07:31, 22.39, 22.5, 22.75, 22.75, 9999.0, 9999.0, 9999.0, 24.05, 9999.0, 22.8, 9999.0, 22.7, 22.5, 22.25, 22.39, 22.27
2026-09-08, 16:07:35, 22.36, 22.5, 22.75, 22.75, 9999.0, 9999.0, 9999.0, 24.07, 9999.0, 22.77, 9999.0, 22.68, 22.5, 22.25, 22.39, 22.27
2026-09-08, 16:07:39, 22.39, 22.5, 22.75, 22.75, 9999.0, 9999.0, 9999.0, 24.09, 9999.0, 22.77, 9999.0, 22.68, 22.5, 22.25, 22.36, 22.27
2026-09-08, 16:07:43, 22.39, 22.5, 22.75, 22.75, 9999.0, 9999.0, 9999.0, 24.11, 9999.0, 22.75, 9999.0, 22.66, 22.5, 22.25, 22.34, 22.25
2026-09-08, 16:07:47, 22.39, 22.5, 22.75, 22.75, 9999.0, 9999.0, 9999.0, 24.14, 9999.0, 22.7, 9999.0, 22.66, 22.5, 22.25, 22.34, 22.25
2026-09-08, 16:07:51, 22.41, 22.5, 22.75, 22.75, 9999.0, 9999.0, 9999.0, 24.16, 9999.0, 22.68, 9999.0, 22.66, 22.5, 22.25, 22.34, 22.25
2026-09-08, 16:07:55, 22.39, 22.5, 22.75, 22.75, 9999.0, 9999.0, 9999.0, 24.11, 9999.0, 22.66, 9999.0, 22.66, 22.5, 22.25, 22.34, 22.25
2026-09-08, 16:07:59, 22.39, 22.5, 22.75, 22.75, 9999.0, 9999.0, 9999.0, 24.07, 9999.0, 22.64, 9999.0, 22.68, 22.5, 22.25, 22.32, 22.25
2026-09-08, 16:08:03, 22.39, 22.5, 22.75, 22.75, 9999.0, 9999.0, 9999.0, 24.05, 9999.0, 22.61, 9999.0, 22.68, 22.5, 22.25, 22.32, 22.25
2026-09-08, 16:08:07, 22.36, 22.5, 22.75, 22.75, 9999.0, 9999.0, 9999.0, 24.02, 9999.0, 22.61, 9999.0, 22.68, 22.5, 22.25, 22.32, 22.27
2026-09-08, 16:08:11, 22.34, 22.5, 22.75, 22.75, 9999.0, 9999.0, 9999.0, 23.98, 9999.0, 22.59, 9999.0, 22.7, 22.5, 22.25, 22.3, 22.27
2026-09-08, 16:08:15, 22.34, 22.5, 22.75, 22.75, 9999.0, 9999.0, 9999.0, 23.95, 9999.0, 22.59, 9999.0, 22.73, 22.5, 22.25, 22.27, 22.27
2026-09-08, 16:08:19, 22.34, 22.5, 22.75, 22.75, 9999.0, 9999.0, 9999.0, 23.93, 9999.0, 22.61, 9999.0, 22.75, 22.5, 22.25, 22.27, 22.3
2026-09-08, 16:08:23, 22.32, 22.5, 22.75, 22.75, 9999.0, 9999.0, 9999.0, 23.91, 9999.0, 22.61, 9999.0, 22.75, 22.5, 22.25, 22.27, 22.3
2026-09-08, 16:08:27, 22.32, 22.5, 22.75, 22.75, 9999.0, 9999.0, 9999.0, 23.95, 9999.0, 22.59, 9999.0, 22.77, 22.5, 22.25, 22.27, 22.3
2026-09-08, 16:08:31, 22.34, 22.5, 22.75, 22.75, 9999.0, 9999.0, 9999.0, 24.0, 9999.0, 22.59, 9999.0, 22.77, 22.5, 22.25, 22.3, 22.3
2026-09-08, 16:08:35, 22.32, 22.5, 22.75, 22.75, 9999.0, 9999.0, 9999.0, 24.02, 9999.0, 22.59, 9999.0, 22.77, 22.5, 22.25, 22.32, 22.3
2026-09-08, 16:08:39, 22.32, 22.5, 22.75, 22.75, 9999.0, 9999.0, 9999.0, 24.05, 9999.0, 22.59, 9999.0, 22.77, 22.5, 22.25, 22.32, 22.3
2026-09-08, 16:08:43, 22.34, 22.5, 22.75, 22.75, 9999.0, 9999.0, 9999.0, 24.07, 9999.0, 22.59, 9999.0, 22.73, 22.5, 22.25, 22.34, 22.3
2026-09-08, 16:08:47, 22.32, 22.5, 22.75, 22.75, 9999.0, 9999.0, 9999.0, 24.07, 9999.0, 22.59, 9999.0, 22.7, 22.5, 22.25, 22.34, 22.3
2026-09-08, 16:08:51, 22.34, 22.5, 22.75, 22.75, 9999.0, 9999.0, 9999.0, 24.07, 9999.0, 22.55, 9999.0, 22.68, 22.5, 22.25, 22.34, 22.27
2026-09-08, 16:08:55, 22.34, 22.5, 22.75, 22.75, 9999.0, 9999.0, 9999.0, 24.09, 9999.0, 22.52, 9999.0, 22.66, 22.5, 22.25, 22.34, 22.27
2026-09-08, 16:08:59, 22.34, 22.5, 22.75, 22.75, 9999.0, 9999.0, 9999.0, 24.11, 9999.0, 22.5, 9999.0, 22.64, 22.5, 22.25, 22.34, 22.27
2026-09-08, 16:09:03, 22.34, 22.5, 22.75, 22.75, 9999.0, 9999.0, 9999.0, 24.14, 9999.0, 22.48, 9999.0, 22.64, 22.5, 22.25, 22.34, 22.27
2026-09-08, 16:09:07, 22.36, 22.5, 22.75, 22.75, 9999.0, 9999.0, 9999.0, 24.16, 9999.0, 22.43, 9999.0, 22.64, 22.5, 22.25, 22.34, 22.27
2026-09-08, 16:09:11, 22.34, 22.5, 22.75, 22.75, 9999.0, 9999.0, 9999.0, 24.11, 9999.0, 22.41, 9999.0, 22.64, 22.5, 22.25, 22.36, 22.27
2026-09-08, 16:09:15, 22.32, 22.5, 22.75, 22.75, 9999.0, 9999.0, 9999.0, 24.05, 9999.0, 22.39, 9999.0, 22.66, 22.5, 22.25, 22.36, 22.27
2026-09-08, 16:09:19, 22.34, 22.5, 22.75, 22.75, 9999.0, 9999.0, 9999.0, 24.0, 9999.0, 22.34, 9999.0, 22.66, 22.5, 22.25, 22.36, 22.3
2026-09-08, 16:09:23, 22.34, 22.5, 22.75, 22.75, 9999.0, 9999.0, 9999.0, 23.95, 9999.0, 22.34, 9999.0, 22.66, 22.5, 22.25, 22.39, 22.3
2026-09-08, 16:09:27, 22.32, 22.5, 22.75, 22.75, 9999.0, 9999.0, 9999.0, 23.91, 9999.0, 22.32, 9999.0, 22.68, 22.5, 22.25, 22.36, 22.3
2026-09-08, 16:09:31, 22.32, 22.5, 22.75, 22.75, 9999.0, 9999.0, 9999.0, 23.89, 9999.0, 22.32, 9999.0, 22.7, 22.5, 22.25, 22.39, 22.3
2026-09-08, 16:09:35, 22.3, 22.5, 22.75, 22.75, 9999.0, 9999.0, 9999.0, 23.84, 9999.0, 22.36, 9999.0, 22.73, 22.5, 22.25, 22.36, 22.3
2026-09-08, 16:09:39, 22.3, 22.5, 22.75, 22.75, 9999.0, 9999.0, 9999.0, 23.8, 9999.0, 22.39, 9999.0, 22.75, 22.5, 22.25, 22.36, 22.32
2026-09-08, 16:09:43, 22.32, 22.5, 22.75, 22.75, 9999.0, 9999.0, 9999.0, 23.84, 9999.0, 22.39, 9999.0, 22.77, 22.5, 22.25, 22.39, 22.32
2026-09-08, 16:09:47, 22.34, 22.5, 22.75, 22.75, 9999.0, 9999.0, 9999.0, 23.86, 9999.0, 22.39, 9999.0, 22.77, 22.5, 22.25, 22.41, 22.3
2026-09-08, 16:09:51, 22.34, 22.5, 22.75, 22.75, 9999.0, 9999.0, 9999.0, 23.89, 9999.0, 22.39, 9999.0, 22.77, 22.5, 22.25, 22.43, 22.3
2026-09-08, 16:09:55, 22.36, 22.5, 22.75, 22.75, 9999.0, 9999.0, 9999.0, 23.89, 9999.0, 22.39, 9999.0, 22.77, 22.5, 22.25, 22.43, 22.3
2026-09-08, 16:09:59, 22.36, 22.5, 22.75, 22.75, 9999.0, 9999.0, 9999.0, 23.91, 9999.0, 22.41, 9999.0, 22.73, 22.5, 22.25, 22.41, 22.3
2026-09-08, 16:10:03, 22.34, 22.5, 22.75, 22.75, 9999.0, 9999.0, 9999.0, 23.93, 9999.0, 22.43, 9999.0, 22.7, 22.5, 22.25, 22.41, 22.27
2026-09-08, 16:10:07, 22.34, 22.5, 22.75, 22.75, 9999.0, 9999.0, 9999.0, 23.95, 9999.0, 22.41, 9999.0, 22.68, 22.5, 22.25, 22.39, 22.27
2026-09-08, 16:10:12, 22.36, 22.5, 22.75, 22.75, 9999.0, 9999.0, 9999.0, 23.98, 9999.0, 22.41, 9999.0, 22.68, 22.5, 22.25, 22.41, 22.3
2026-09-08, 16:10:16, 22.39, 22.5, 22.75, 22.75, 9999.0, 9999.0, 9999.0, 23.98, 9999.0, 22.39, 9999.0, 22.66, 22.5, 22.25, 22.39, 22.3
2026-09-08, 16:10:20, 22.39, 22.5, 22.75, 22.75, 9999.0, 9999.0, 9999.0, 24.0, 9999.0, 22.34, 9999.0, 22.66, 22.5, 22.25, 22.39, 22.32
2026-09-08, 16:10:24, 22.39, 22.5, 22.75, 22.75, 9999.0, 9999.0, 9999.0, 24.05, 9999.0, 22.3, 9999.0, 22.66, 22.5, 22.25, 22.39, 22.3
2026-09-08, 16:10:28, 22.36, 22.5, 22.75, 22.75, 9999.0, 9999.0, 9999.0, 23.98, 9999.0, 22.25, 9999.0, 22.66, 22.5, 22.25, 22.36, 22.3
2026-09-08, 16:10:32, 22.34, 22.5, 22.75, 22.75, 9999.0, 9999.0, 9999.0, 23.93, 9999.0, 22.2, 9999.0, 22.68, 22.5, 22.25, 22.36, 22.3
2026-09-08, 16:10:36, 22.32, 22.5, 22.75, 22.75, 9999.0, 9999.0, 9999.0, 23.86, 9999.0, 22.18, 9999.0, 22.7, 22.5, 22.25, 22.34, 22.3
2026-09-08, 16:10:40, 22.3, 22.5, 22.75, 22.75, 9999.0, 9999.0, 9999.0, 23.82, 9999.0, 22.18, 9999.0, 22.7, 22.5, 22.25, 22.34, 22.3
2026-09-08, 16:10:44, 22.32, 22.5, 22.75, 22.75, 9999.0, 9999.0, 9999.0, 23.8, 9999.0, 22.16, 9999.0, 22.73, 22.5, 22.25, 22.36, 22.3
2026-09-08, 16:10:48, 22.32, 22.5, 22.75, 22.75, 9999.0, 9999.0, 9999.0, 23.75, 9999.0, 22.16, 9999.0, 22.75, 22.5, 22.25, 22.34, 22.3
2026-09-08, 16:10:52, 22.34, 22.5, 22.75, 22.75, 9999.0, 9999.0, 9999.0, 23.7, 9999.0, 22.18, 9999.0, 22.77, 22.5, 22.25, 22.34, 22.3
2026-09-08, 16:10:56, 22.34, 22.5, 22.75, 22.75, 9999.0, 9999.0, 9999.0, 23.66, 9999.0, 22.18, 9999.0, 22.77, 22.5, 22.25, 22.34, 22.27
2026-09-08, 16:11:00, 22.32, 22.5, 22.75, 22.75, 9999.0, 9999.0, 9999.0, 23.7, 9999.0, 22.18, 9999.0, 22.8, 22.5, 22.25, 22.34, 22.27
2026-09-08, 16:11:04, 22.32, 22.5, 22.75, 22.75, 9999.0, 9999.0, 9999.0, 23.75, 9999.0, 22.18, 9999.0, 22.8, 22.5, 22.25, 22.36, 22.27
2026-09-08, 16:11:08, 22.34, 22.5, 22.75, 22.75, 9999.0, 9999.0, 9999.0, 23.77, 9999.0, 22.2, 9999.0, 22.8, 22.5, 22.25, 22.39, 22.27
2026-09-08, 16:11:12, 22.34, 22.5, 22.75, 22.75, 9999.0, 9999.0, 9999.0, 23.8, 9999.0, 22.23, 9999.0, 22.8, 22.5, 22.25, 22.41, 22.3
2026-09-08, 16:11:16, 22.34, 22.5, 22.75, 22.75, 9999.0, 9999.0, 9999.0, 23.82, 9999.0, 22.25, 9999.0, 22.77, 22.5, 22.25, 22.39, 22.32
2026-09-08, 16:11:20, 22.34, 22.5, 22.75, 22.75, 9999.0, 9999.0, 9999.0, 23.86, 9999.0, 22.27, 9999.0, 22.75, 22.5, 22.25, 22.39, 22.32
2026-09-08, 16:11:24, 22.34, 22.5, 22.75, 22.75, 9999.0, 9999.0, 9999.0, 23.89, 9999.0, 22.27, 9999.0, 22.73, 22.5, 22.25, 22.36, 22.32
2026-09-08, 16:11:28, 22.32, 22.5, 22.75, 22.75, 9999.0, 9999.0, 9999.0, 23.91, 9999.0, 22.27, 9999.0, 22.7, 22.5, 22.25, 22.36, 22.32
2026-09-08, 16:11:32, 22.32, 22.5, 22.75, 22.75, 9999.0, 9999.0, 9999.0, 23.95, 9999.0, 22.27, 9999.0, 22.7, 22.5, 22.25, 22.39, 22.32
2026-09-08, 16:11:36, 22.3, 22.5, 22.75, 22.75, 9999.0, 9999.0, 9999.0, 23.98, 9999.0, 22.25, 9999.0, 22.7, 22.5, 22.25, 22.39, 22.32
2026-09-08, 16:11:40, 22.27, 22.5, 22.75, 22.75, 9999.0, 9999.0, 9999.0, 24.0, 9999.0, 22.25, 9999.0, 22.7, 22.5, 22.25, 22.36, 22.34
2026-09-08, 16:11:44, 22.27, 22.5, 22.75, 22.75, 9999.0, 9999.0, 9999.0, 23.95, 9999.0, 22.23, 9999.0, 22.7, 22.5, 22.25, 22.39, 22.34
2026-09-08, 16:11:48, 22.3, 22.5, 22.75, 22.75, 9999.0, 9999.0, 9999.0, 23.91, 9999.0, 22.2, 9999.0, 22.73, 22.5, 22.25, 22.39, 22.34
2026-09-08, 16:11:52, 22.27, 22.5, 22.75, 22.75, 9999.0, 9999.0, 9999.0, 23.86, 9999.0, 22.18, 9999.0, 22.75, 22.5, 22.25, 22.36, 22.34
2026-09-08, 16:11:56, 22.3, 22.5, 22.75, 22.75, 9999.0, 9999.0, 9999.0, 23.84, 9999.0, 22.18, 9999.0, 22.77, 22.5, 22.25, 22.36, 22.32
2026-09-08, 16:12:00, 22.3, 22.5, 22.75, 22.75, 9999.0, 9999.0, 9999.0, 23.8, 9999.0, 22.18, 9999.0, 22.77, 22.5, 22.25, 22.39, 22.32
2026-09-08, 16:12:04, 22.32, 22.52, 22.75, 22.75, 9999.0, 9999.0, 9999.0, 23.75, 9999.0, 22.18, 9999.0, 22.77, 22.5, 22.25, 22.39, 22.32
2026-09-08, 16:12:08, 22.32, 22.52, 22.75, 22.75, 9999.0, 9999.0, 9999.0, 23.73, 9999.0, 22.2, 9999.0, 22.8, 22.5, 22.25, 22.39, 22.32
2026-09-08, 16:12:12, 22.34, 22.52, 22.75, 22.75, 9999.0, 9999.0, 9999.0, 23.68, 9999.0, 22.2, 9999.0, 22.82, 22.5, 22.25, 22.36, 22.34
2026-09-08, 16:12:16, 22.34, 22.52, 22.75, 22.75, 9999.0, 9999.0, 9999.0, 23.7, 9999.0, 22.2, 9999.0, 22.82, 22.5, 22.25, 22.36, 22.34
2026-09-08, 16:12:20, 22.34, 22.52, 22.75, 22.75, 9999.0, 9999.0, 9999.0, 23.73, 9999.0, 22.2, 9999.0, 22.82, 22.5, 22.25, 22.39, 22.36
2026-09-08, 16:12:24, 22.34, 22.52, 22.75, 22.75, 9999.0, 9999.0, 9999.0, 23.75, 9999.0, 22.2, 9999.0, 22.82, 22.5, 22.25, 22.39, 22.36
2026-09-08, 16:12:28, 22.34, 22.52, 22.75, 22.75, 9999.0, 9999.0, 9999.0, 23.77, 9999.0, 22.23, 9999.0, 22.82, 22.5, 22.25, 22.36, 22.39
2026-09-08, 16:12:32, 22.34, 22.52, 22.75, 22.75, 9999.0, 9999.0, 9999.0, 23.8, 9999.0, 22.25, 9999.0, 22.8, 22.5, 22.25, 22.36, 22.36
2026-09-08, 16:12:36, 22.36, 22.52, 22.75, 22.75, 9999.0, 9999.0, 9999.0, 23.8, 9999.0, 22.27, 9999.0, 22.77, 22.5, 22.25, 22.36, 22.39
2026-09-08, 16:12:40, 22.34, 22.52, 22.75, 22.75, 9999.0, 9999.0, 9999.0, 23.82, 9999.0, 22.25, 9999.0, 22.75, 22.5, 22.25, 22.34, 22.41
2026-09-08, 16:12:44, 22.34, 22.52, 22.75, 22.75, 9999.0, 9999.0, 9999.0, 23.84, 9999.0, 22.25, 9999.0, 22.75, 22.5, 22.25, 22.34, 22.39
2026-09-08, 16:12:48, 22.32, 22.5, 22.75, 22.75, 9999.0, 9999.0, 9999.0, 23.86, 9999.0, 22.23, 9999.0, 22.73, 22.5, 22.25, 22.36, 22.41
2026-09-08, 16:12:52, 22.34, 22.5, 22.75, 22.75, 9999.0, 9999.0, 9999.0, 23.89, 9999.0, 22.18, 9999.0, 22.73, 22.5, 22.25, 22.36, 22.41
2026-09-08, 16:12:56, 22.32, 22.5, 22.75, 22.75, 9999.0, 9999.0, 9999.0, 23.91, 9999.0, 22.16, 9999.0, 22.73, 22.5, 22.25, 22.36, 22.41
2026-09-08, 16:13:00, 22.32, 22.5, 22.75, 22.75, 9999.0, 9999.0, 9999.0, 23.86, 9999.0, 22.14, 9999.0, 22.73, 22.5, 22.25, 22.36, 22.41
2026-09-08, 16:13:04, 22.34, 22.5, 22.75, 22.75, 9999.0, 9999.0, 9999.0, 23.84, 9999.0, 22.11, 9999.0, 22.75, 22.5, 22.25, 22.36, 22.41
2026-09-08, 16:13:08, 22.36, 22.5, 22.75, 22.75, 9999.0, 9999.0, 9999.0, 23.82, 9999.0, 22.09, 9999.0, 22.75, 22.5, 22.25, 22.39, 22.41
2026-09-08, 16:13:12, 22.36, 22.5, 22.75, 22.75, 9999.0, 9999.0, 9999.0, 23.77, 9999.0, 22.09, 9999.0, 22.77, 22.5, 22.25, 22.39, 22.41
2026-09-08, 16:13:16, 22.36, 22.5, 22.75, 22.75, 9999.0, 9999.0, 9999.0, 23.73, 9999.0, 22.09, 9999.0, 22.77, 22.5, 22.25, 22.39, 22.43
2026-09-08, 16:13:20, 22.34, 22.5, 22.75, 22.75, 9999.0, 9999.0, 9999.0, 23.68, 9999.0, 22.09, 9999.0, 22.77, 22.5, 22.25, 22.41, 22.43
2026-09-08, 16:13:24, 22.34, 22.5, 22.75, 22.75, 9999.0, 9999.0, 9999.0, 23.61, 9999.0, 22.14, 9999.0, 22.77, 22.5, 22.27, 22.41, 22.41
2026-09-08, 16:13:28, 22.34, 22.5, 22.75, 22.75, 9999.0, 9999.0, 9999.0, 23.57, 9999.0, 22.16, 9999.0, 22.77, 22.5, 22.27, 22.41, 22.43
2026-09-08, 16:13:32, 22.36, 22.5, 22.75, 22.75, 9999.0, 9999.0, 9999.0, 23.61, 9999.0, 22.18, 9999.0, 22.8, 22.5, 22.27, 22.41, 22.41
2026-09-08, 16:13:36, 22.34, 22.5, 22.75, 22.75, 9999.0, 9999.0, 9999.0, 23.64, 9999.0, 22.2, 9999.0, 22.8, 22.5, 22.27, 22.43, 22.41
2026-09-08, 16:13:40, 22.36, 22.5, 22.75, 22.75, 9999.0, 9999.0, 9999.0, 23.66, 9999.0, 22.23, 9999.0, 22.8, 22.5, 22.27, 22.45, 22.39
2026-09-08, 16:13:44, 22.36, 22.5, 22.75, 22.75, 9999.0, 9999.0, 9999.0, 23.68, 9999.0, 22.25, 9999.0, 22.8, 22.5, 22.27, 22.43, 22.41
2026-09-08, 16:13:48, 22.34, 22.5, 22.75, 22.75, 9999.0, 9999.0, 9999.0, 23.7, 9999.0, 22.27, 9999.0, 22.77, 22.5, 22.27, 22.43, 22.41
2026-09-08, 16:13:52, 22.34, 22.5, 22.75, 22.75, 9999.0, 9999.0, 9999.0, 23.7, 9999.0, 22.3, 9999.0, 22.77, 22.5, 22.27, 22.43, 22.41
2026-09-08, 16:13:56, 22.36, 22.5, 22.75, 22.75, 9999.0, 9999.0, 9999.0, 23.73, 9999.0, 22.3, 9999.0, 22.73, 22.5, 22.27, 22.45, 22.41
2026-09-08, 16:14:00, 22.34, 22.5, 22.75, 22.75, 9999.0, 9999.0, 9999.0, 23.75, 9999.0, 22.3, 9999.0, 22.73, 22.5, 22.27, 22.45, 22.39
2026-09-08, 16:14:05, 22.34, 22.5, 22.75, 22.75, 9999.0, 9999.0, 9999.0, 23.8, 9999.0, 22.3, 9999.0, 22.7, 22.5, 22.27, 22.45, 22.39
2026-09-08, 16:14:09, 22.34, 22.5, 22.75, 22.75, 9999.0, 9999.0, 9999.0, 23.84, 9999.0, 22.25, 9999.0, 22.7, 22.5, 22.25, 22.48, 22.39
2026-09-08, 16:14:13, 22.34, 22.5, 22.75, 22.75, 9999.0, 9999.0, 9999.0, 23.89, 9999.0, 22.2, 9999.0, 22.7, 22.5, 22.25, 22.48, 22.36
2026-09-08, 16:14:17, 22.32, 22.5, 22.75, 22.75, 9999.0, 9999.0, 9999.0, 23.84, 9999.0, 22.2, 9999.0, 22.7, 22.5, 22.25, 22.48, 22.39
2026-09-08, 16:14:21, 22.34, 22.5, 22.75, 22.75, 9999.0, 9999.0, 9999.0, 23.8, 9999.0, 22.2, 9999.0, 22.7, 22.5, 22.25, 22.45, 22.41
2026-09-08, 16:14:25, 22.32, 22.5, 22.75, 22.75, 9999.0, 9999.0, 9999.0, 23.75, 9999.0, 22.2, 9999.0, 22.7, 22.5, 22.25, 22.45, 22.43
2026-09-08, 16:14:29, 22.32, 22.5, 22.75, 22.75, 9999.0, 9999.0, 9999.0, 23.7, 9999.0, 22.18, 9999.0, 22.73, 22.5, 22.27, 22.48, 22.41
2026-09-08, 16:14:33, 22.34, 22.5, 22.75, 22.75, 9999.0, 9999.0, 9999.0, 23.66, 9999.0, 22.18, 9999.0, 22.73, 22.5, 22.27, 22.48, 22.41
2026-09-08, 16:14:37, 22.32, 22.5, 22.75, 22.75, 9999.0, 9999.0, 9999.0, 23.64, 9999.0, 22.18, 9999.0, 22.73, 22.5, 22.27, 22.48, 22.41
2026-09-08, 16:14:41, 22.3, 22.5, 22.75, 22.75, 9999.0, 9999.0, 9999.0, 23.61, 9999.0, 22.2, 9999.0, 22.75, 22.52, 22.27, 22.48, 22.41
2026-09-08, 16:14:45, 22.32, 22.5, 22.75, 22.75, 9999.0, 9999.0, 9999.0, 23.59, 9999.0, 22.23, 9999.0, 22.75, 22.52, 22.27, 22.48, 22.43
2026-09-08, 16:14:49, 22.34, 22.5, 22.75, 22.75, 9999.0, 9999.0, 9999.0, 23.57, 9999.0, 22.25, 9999.0, 22.77, 22.52, 22.27, 22.48, 22.43
2026-09-08, 16:14:53, 22.34, 22.5, 22.75, 22.75, 9999.0, 9999.0, 9999.0, 23.61, 9999.0, 22.3, 9999.0, 22.77, 22.52, 22.27, 22.45, 22.45
2026-09-08, 16:14:57, 22.36, 22.5, 22.75, 22.75, 9999.0, 9999.0, 9999.0, 23.66, 9999.0, 22.32, 9999.0, 22.77, 22.52, 22.27, 22.45, 22.48
2026-09-08, 16:15:01, 22.39, 22.5, 22.75, 22.75, 9999.0, 9999.0, 9999.0, 23.68, 9999.0, 22.32, 9999.0, 22.77, 22.52, 22.27, 22.45, 22.48
2026-09-08, 16:15:05, 22.36, 22.5, 22.75, 22.75, 9999.0, 9999.0, 9999.0, 23.73, 9999.0, 22.32, 9999.0, 22.77, 22.52, 22.27, 22.48, 22.45
2026-09-08, 16:15:09, 22.36, 22.5, 22.75, 22.75, 9999.0, 9999.0, 9999.0, 23.77, 9999.0, 22.32, 9999.0, 22.77, 22.52, 22.27, 22.48, 22.45
2026-09-08, 16:15:13, 22.39, 22.5, 22.75, 22.75, 9999.0, 9999.0, 9999.0, 23.8, 9999.0, 22.34, 9999.0, 22.75, 22.52, 22.25, 22.48, 22.48
2026-09-08, 16:15:17, 22.39, 22.5, 22.75, 22.75, 9999.0, 9999.0, 9999.0, 23.82, 9999.0, 22.34, 9999.0, 22.73, 22.52, 22.25, 22.48, 22.48
2026-09-08, 16:15:21, 22.41, 22.5, 22.75, 22.75, 9999.0, 9999.0, 9999.0, 23.84, 9999.0, 22.34, 9999.0, 22.73, 22.52, 22.25, 22.48, 22.48
2026-09-08, 16:15:25, 22.43, 22.5, 22.75, 22.75, 9999.0, 9999.0, 9999.0, 23.86, 9999.0, 22.32, 9999.0, 22.7, 22.5, 22.25, 22.48, 22.48
2026-09-08, 16:15:29, 22.43, 22.5, 22.75, 22.75, 9999.0, 9999.0, 9999.0, 23.89, 9999.0, 22.3, 9999.0, 22.7, 22.5, 22.25, 22.48, 22.48
2026-09-08, 16:15:33, 22.41, 22.5, 22.75, 22.75, 9999.0, 9999.0, 9999.0, 23.91, 9999.0, 22.27, 9999.0, 22.7, 22.5, 22.25, 22.45, 22.48
2026-09-08, 16:15:37, 22.41, 22.5, 22.75, 22.75, 9999.0, 9999.0, 9999.0, 23.86, 9999.0, 22.25, 9999.0, 22.73, 22.5, 22.25, 22.48, 22.45
2026-09-08, 16:15:41, 22.39, 22.5, 22.75, 22.75, 9999.0, 9999.0, 9999.0, 23.82, 9999.0, 22.23, 9999.0, 22.75, 22.5, 22.25, 22.48, 22.45
2026-09-08, 16:15:45, 22.39, 22.5, 22.75, 22.75, 9999.0, 9999.0, 9999.0, 23.77, 9999.0, 22.2, 9999.0, 22.77, 22.5, 22.27, 22.48, 22.45
2026-09-08, 16:15:49, 22.39, 22.5, 22.75, 22.75, 9999.0, 9999.0, 9999.0, 23.73, 9999.0, 22.2, 9999.0, 22.77, 22.5, 22.27, 22.48, 22.48
2026-09-08, 16:15:53, 22.39, 22.5, 22.75, 22.75, 9999.0, 9999.0, 9999.0, 23.68, 9999.0, 22.2, 9999.0, 22.77, 22.5, 22.3, 22.48, 22.48
2026-09-08, 16:15:57, 22.39, 22.5, 22.75, 22.75, 9999.0, 9999.0, 9999.0, 23.66, 9999.0, 22.23, 9999.0, 22.77, 22.5, 22.3, 22.48, 22.48
2026-09-08, 16:16:01, 22.39, 22.5, 22.75, 22.75, 9999.0, 9999.0, 9999.0, 23.64, 9999.0, 22.25, 9999.0, 22.8, 22.5, 22.32, 22.48, 22.48
2026-09-08, 16:16:05, 22.39, 22.5, 22.75, 22.75, 9999.0, 9999.0, 9999.0, 23.61, 9999.0, 22.27, 9999.0, 22.8, 22.5, 22.32, 22.48, 22.48
2026-09-08, 16:16:09, 22.39, 22.5, 22.75, 22.75, 9999.0, 9999.0, 9999.0, 23.66, 9999.0, 22.3, 9999.0, 22.82, 22.5, 22.32, 22.45, 22.48
2026-09-08, 16:16:13, 22.36, 22.5, 22.75, 22.75, 9999.0, 9999.0, 9999.0, 23.7, 9999.0, 22.32, 9999.0, 22.82, 22.5, 22.34, 22.43, 22.48
2026-09-08, 16:16:17, 22.39, 22.5, 22.75, 22.75, 9999.0, 9999.0, 9999.0, 23.73, 9999.0, 22.34, 9999.0, 22.82, 22.5, 22.34, 22.45, 22.48
2026-09-08, 16:16:21, 22.39, 22.5, 22.75, 22.75, 9999.0, 9999.0, 9999.0, 23.75, 9999.0, 22.36, 9999.0, 22.8, 22.5, 22.34, 22.45, 22.5
2026-09-08, 16:16:25, 22.39, 22.5, 22.75, 22.75, 9999.0, 9999.0, 9999.0, 23.77, 9999.0, 22.41, 9999.0, 22.77, 22.5, 22.34, 22.45, 22.5
2026-09-08, 16:16:29, 22.36, 22.5, 22.75, 22.75, 9999.0, 9999.0, 9999.0, 23.82, 9999.0, 22.43, 9999.0, 22.75, 22.5, 22.34, 22.45, 22.5
2026-09-08, 16:16:33, 22.39, 22.5, 22.75, 22.75, 9999.0, 9999.0, 9999.0, 23.86, 9999.0, 22.45, 9999.0, 22.75, 22.5, 22.34, 22.43, 22.5
2026-09-08, 16:16:37, 22.39, 22.5, 22.75, 22.75, 9999.0, 9999.0, 9999.0, 23.91, 9999.0, 22.45, 9999.0, 22.75, 22.5, 22.32, 22.43, 22.5
2026-09-08, 16:16:41, 22.39, 22.5, 22.75, 22.75, 9999.0, 9999.0, 9999.0, 23.95, 9999.0, 22.43, 9999.0, 22.73, 22.5, 22.32, 22.43, 22.5
2026-09-08, 16:16:45, 22.36, 22.5, 22.75, 22.75, 9999.0, 9999.0, 9999.0, 23.98, 9999.0, 22.41, 9999.0, 22.73, 22.5, 22.3, 22.43, 22.48
2026-09-08, 16:16:50, 22.36, 22.5, 22.75, 22.75, 9999.0, 9999.0, 9999.0, 24.0, 9999.0, 22.39, 9999.0, 22.73, 22.5, 22.3, 22.43, 22.48
2026-09-08, 16:16:54, 22.36, 22.5, 22.75, 22.75, 9999.0, 9999.0, 9999.0, 23.95, 9999.0, 22.36, 9999.0, 22.75, 22.5, 22.3, 22.45, 22.48
2026-09-08, 16:16:58, 22.36, 22.5, 22.75, 22.75, 9999.0, 9999.0, 9999.0, 23.91, 9999.0, 22.34, 9999.0, 22.77, 22.5, 22.27, 22.48, 22.48
2026-09-08, 16:17:02, 22.36, 22.5, 22.75, 22.75, 9999.0, 9999.0, 9999.0, 23.86, 9999.0, 22.3, 9999.0, 22.77, 22.5, 22.27, 22.48, 22.45
2026-09-08, 16:17:06, 22.39, 22.5, 22.75, 22.75, 9999.0, 9999.0, 9999.0, 23.84, 9999.0, 22.27, 9999.0, 22.8, 22.5, 22.27, 22.48, 22.45
2026-09-08, 16:17:10, 22.39, 22.5, 22.75, 22.75, 9999.0, 9999.0, 9999.0, 23.82, 9999.0, 22.25, 9999.0, 22.8, 22.5, 22.27, 22.48, 22.45
2026-09-08, 16:17:14, 22.41, 22.5, 22.75, 22.75, 9999.0, 9999.0, 9999.0, 23.77, 9999.0, 22.27, 9999.0, 22.8, 22.5, 22.25, 22.48, 22.45
2026-09-08, 16:17:18, 22.41, 22.5, 22.75, 22.75, 9999.0, 9999.0, 9999.0, 23.73, 9999.0, 22.27, 9999.0, 22.8, 22.5, 22.25, 22.5, 22.45
2026-09-08, 16:17:22, 22.41, 22.5, 22.75, 22.75, 9999.0, 9999.0, 9999.0, 23.68, 9999.0, 22.3, 9999.0, 22.8, 22.5, 22.27, 22.48, 22.45
2026-09-08, 16:17:26, 22.41, 22.5, 22.75, 22.75, 9999.0, 9999.0, 9999.0, 23.7, 9999.0, 22.32, 9999.0, 22.82, 22.5, 22.27, 22.48, 22.45
2026-09-08, 16:17:30, 22.41, 22.5, 22.75, 22.75, 9999.0, 9999.0, 9999.0, 23.75, 9999.0, 22.34, 9999.0, 22.82, 22.5, 22.27, 22.48, 22.48
2026-09-08, 16:17:34, 22.41, 22.5, 22.75, 22.75, 9999.0, 9999.0, 9999.0, 23.77, 9999.0, 22.36, 9999.0, 22.82, 22.5, 22.27, 22.48, 22.48
2026-09-08, 16:17:38, 22.39, 22.5, 22.75, 22.75, 9999.0, 9999.0, 9999.0, 23.8, 9999.0, 22.39, 9999.0, 22.8, 22.5, 22.27, 22.45, 22.48
2026-09-08, 16:17:42, 22.41, 22.5, 22.75, 22.75, 9999.0, 9999.0, 9999.0, 23.82, 9999.0, 22.39, 9999.0, 22.77, 22.5, 22.3, 22.45, 22.48
2026-09-08, 16:17:46, 22.39, 22.5, 22.75, 22.75, 9999.0, 9999.0, 9999.0, 23.86, 9999.0, 22.41, 9999.0, 22.77, 22.5, 22.3, 22.45, 22.5
2026-09-08, 16:17:50, 22.39, 22.5, 22.75, 22.75, 9999.0, 9999.0, 9999.0, 23.86, 9999.0, 22.41, 9999.0, 22.73, 22.5, 22.3, 22.45, 22.5
2026-09-08, 16:17:54, 22.41, 22.5, 22.75, 22.75, 9999.0, 9999.0, 9999.0, 23.86, 9999.0, 22.41, 9999.0, 22.73, 22.5, 22.3, 22.43, 22.5
2026-09-08, 16:17:58, 22.39, 22.5, 22.75, 22.75, 9999.0, 9999.0, 9999.0, 23.91, 9999.0, 22.41, 9999.0, 22.73, 22.5, 22.3, 22.43, 22.5
2026-09-08, 16:18:02, 22.39, 22.5, 22.75, 22.75, 9999.0, 9999.0, 9999.0, 23.93, 9999.0, 22.39, 9999.0, 22.73, 22.5, 22.3, 22.43, 22.5
2026-09-08, 16:18:06, 22.41, 22.5, 22.75, 22.75, 9999.0, 9999.0, 9999.0, 23.95, 9999.0, 22.36, 9999.0, 22.73, 22.5, 22.27, 22.45, 22.5
2026-09-08, 16:18:10, 22.41, 22.5, 22.75, 22.75, 9999.0, 9999.0, 9999.0, 23.91, 9999.0, 22.34, 9999.0, 22.73, 22.5, 22.3, 22.45, 22.5
2026-09-08, 16:18:14, 22.41, 22.5, 22.75, 22.75, 9999.0, 9999.0, 9999.0, 23.86, 9999.0, 22.32, 9999.0, 22.75, 22.5, 22.32, 22.43, 22.5
2026-09-08, 16:18:18, 22.41, 22.5, 22.75, 22.75, 9999.0, 9999.0, 9999.0, 23.84, 9999.0, 22.3, 9999.0, 22.77, 22.5, 22.32, 22.43, 22.5
2026-09-08, 16:18:22, 22.43, 22.5, 22.75, 22.75, 9999.0, 9999.0, 9999.0, 23.82, 9999.0, 22.3, 9999.0, 22.8, 22.5, 22.32, 22.45, 22.5
2026-09-08, 16:18:26, 22.41, 22.5, 22.75, 22.75, 9999.0, 9999.0, 9999.0, 23.8, 9999.0, 22.32, 9999.0, 22.8, 22.5, 22.32, 22.45, 22.5
2026-09-08, 16:18:30, 22.43, 22.5, 22.75, 22.75, 9999.0, 9999.0, 9999.0, 23.77, 9999.0, 22.34, 9999.0, 22.8, 22.5, 22.32, 22.45, 22.5
2026-09-08, 16:18:34, 22.41, 22.5, 22.75, 22.75, 9999.0, 9999.0, 9999.0, 23.75, 9999.0, 22.36, 9999.0, 22.82, 22.5, 22.32, 22.45, 22.5
2026-09-08, 16:18:38, 22.41, 22.5, 22.75, 22.75, 9999.0, 9999.0, 9999.0, 23.73, 9999.0, 22.39, 9999.0, 22.82, 22.52, 22.32, 22.48, 22.5
2026-09-08, 16:18:42, 22.43, 22.5, 22.75, 22.75, 9999.0, 9999.0, 9999.0, 23.75, 9999.0, 22.39, 9999.0, 22.82, 22.52, 22.32, 22.48, 22.5
2026-09-08, 16:18:46, 22.43, 22.5, 22.75, 22.75, 9999.0, 9999.0, 9999.0, 23.8, 9999.0, 22.41, 9999.0, 22.82, 22.52, 22.32, 22.48, 22.5
2026-09-08, 16:18:50, 22.43, 22.5, 22.75, 22.75, 9999.0, 9999.0, 9999.0, 23.82, 9999.0, 22.43, 9999.0, 22.82, 22.52, 22.32, 22.48, 22.5
2026-09-08, 16:18:54, 22.43, 22.5, 22.75, 22.75, 9999.0, 9999.0, 9999.0, 23.84, 9999.0, 22.45, 9999.0, 22.82, 22.52, 22.3, 22.48, 22.48
2026-09-08, 16:18:58, 22.43, 22.5, 22.75, 22.75, 9999.0, 9999.0, 9999.0, 23.86, 9999.0, 22.48, 9999.0, 22.8, 22.52, 22.27, 22.5, 22.48
2026-09-08, 16:19:02, 22.41, 22.5, 22.75, 22.75, 9999.0, 9999.0, 9999.0, 23.89, 9999.0, 22.5, 9999.0, 22.77, 22.52, 22.27, 22.5, 22.48
2026-09-08, 16:19:06, 22.39, 22.5, 22.75, 22.75, 9999.0, 9999.0, 9999.0, 23.91, 9999.0, 22.5, 9999.0, 22.75, 22.52, 22.27, 22.48, 22.48
2026-09-08, 16:19:10, 22.39, 22.5, 22.75, 22.75, 9999.0, 9999.0, 9999.0, 23.93, 9999.0, 22.5, 9999.0, 22.75, 22.52, 22.25, 22.45, 22.48
2026-09-08, 16:19:14, 22.36, 22.5, 22.75, 22.75, 9999.0, 9999.0, 9999.0, 23.95, 9999.0, 22.5, 9999.0, 22.73, 22.52, 22.25, 22.45, 22.48
2026-09-08, 16:19:18, 22.36, 22.5, 22.75, 22.75, 9999.0, 9999.0, 9999.0, 24.0, 9999.0, 22.48, 9999.0, 22.73, 22.52, 22.25, 22.45, 22.48
2026-09-08, 16:19:22, 22.36, 22.5, 22.75, 22.75, 9999.0, 9999.0, 9999.0, 24.05, 9999.0, 22.45, 9999.0, 22.73, 22.5, 22.25, 22.45, 22.48
2026-09-08, 16:19:26, 22.36, 22.5, 22.75, 22.75, 9999.0, 9999.0, 9999.0, 24.0, 9999.0, 22.43, 9999.0, 22.73, 22.5, 22.25, 22.45, 22.45
2026-09-08, 16:19:30, 22.36, 22.5, 22.75, 22.75, 9999.0, 9999.0, 9999.0, 23.95, 9999.0, 22.41, 9999.0, 22.75, 22.5, 22.25, 22.45, 22.45
2026-09-08, 16:19:35, 22.34, 22.5, 22.75, 22.75, 9999.0, 9999.0, 9999.0, 23.93, 9999.0, 22.39, 9999.0, 22.77, 22.5, 22.25, 22.45, 22.45
2026-09-08, 16:19:39, 22.34, 22.5, 22.75, 22.75, 9999.0, 9999.0, 9999.0, 23.91, 9999.0, 22.39, 9999.0, 22.8, 22.5, 22.25, 22.45, 22.48
2026-09-08, 16:19:43, 22.36, 22.5, 22.75, 22.75, 9999.0, 9999.0, 9999.0, 23.89, 9999.0, 22.39, 9999.0, 22.8, 22.5, 22.27, 22.45, 22.48
2026-09-08, 16:19:47, 22.39, 22.5, 22.75, 22.75, 9999.0, 9999.0, 9999.0, 23.86, 9999.0, 22.39, 9999.0, 22.8, 22.5, 22.27, 22.45, 22.48
2026-09-08, 16:19:51, 22.41, 22.5, 22.75, 22.75, 9999.0, 9999.0, 9999.0, 23.82, 9999.0, 22.41, 9999.0, 22.8, 22.5, 22.27, 22.48, 22.45
2026-09-08, 16:19:55, 22.43, 22.5, 22.75, 22.75, 9999.0, 9999.0, 9999.0, 23.77, 9999.0, 22.43, 9999.0, 22.8, 22.5, 22.27, 22.5, 22.45
2026-09-08, 16:19:59, 22.45, 22.5, 22.75, 22.75, 9999.0, 9999.0, 9999.0, 23.8, 9999.0, 22.45, 9999.0, 22.82, 22.5, 22.27, 22.5, 22.45
2026-09-08, 16:20:03, 22.48, 22.5, 22.75, 22.75, 9999.0, 9999.0, 9999.0, 23.82, 9999.0, 22.48, 9999.0, 22.82, 22.5, 22.27, 22.5, 22.45
2026-09-08, 16:20:07, 22.48, 22.5, 22.75, 22.75, 9999.0, 9999.0, 9999.0, 23.84, 9999.0, 22.52, 9999.0, 22.82, 22.5, 22.27, 22.5, 22.45
2026-09-08, 16:20:11, 22.48, 22.5, 22.75, 22.75, 9999.0, 9999.0, 9999.0, 23.89, 9999.0, 22.55, 9999.0, 22.82, 22.5, 22.27, 22.5, 22.48
2026-09-08, 16:20:15, 22.45, 22.5, 22.75, 22.75, 9999.0, 9999.0, 9999.0, 23.91, 9999.0, 22.57, 9999.0, 22.8, 22.5, 22.27, 22.5, 22.48
2026-09-08, 16:20:19, 22.45, 22.5, 22.75, 22.75, 9999.0, 9999.0, 9999.0, 23.93, 9999.0, 22.59, 9999.0, 22.77, 22.5, 22.3, 22.5, 22.45
2026-09-08, 16:20:23, 22.45, 22.5, 22.75, 22.75, 9999.0, 9999.0, 9999.0, 23.95, 9999.0, 22.59, 9999.0, 22.75, 22.5, 22.3, 22.5, 22.45
2026-09-08, 16:20:27, 22.45, 22.5, 22.75, 22.75, 9999.0, 9999.0, 9999.0, 23.98, 9999.0, 22.59, 9999.0, 22.75, 22.5, 22.27, 22.5, 22.43
2026-09-08, 16:20:31, 22.45, 22.5, 22.75, 22.75, 9999.0, 9999.0, 9999.0, 24.0, 9999.0, 22.59, 9999.0, 22.75, 22.5, 22.27, 22.5, 22.41
2026-09-08, 16:20:35, 22.45, 22.5, 22.75, 22.75, 9999.0, 9999.0, 9999.0, 24.05, 9999.0, 22.57, 9999.0, 22.75, 22.5, 22.27, 22.48, 22.43
2026-09-08, 16:20:39, 22.45, 22.5, 22.75, 22.75, 9999.0, 9999.0, 9999.0, 24.09, 9999.0, 22.55, 9999.0, 22.75, 22.5, 22.27, 22.48, 22.43
2026-09-08, 16:20:43, 22.43, 22.5, 22.75, 22.75, 9999.0, 9999.0, 9999.0, 24.07, 9999.0, 22.52, 9999.0, 22.75, 22.5, 22.27, 22.48, 22.43
2026-09-08, 16:20:47, 22.41, 22.5, 22.75, 22.75, 9999.0, 9999.0, 9999.0, 24.02, 9999.0, 22.52, 9999.0, 22.77, 22.5, 22.27, 22.48, 22.41
2026-09-08, 16:20:51, 22.41, 22.5, 22.75, 22.75, 9999.0, 9999.0, 9999.0, 23.98, 9999.0, 22.48, 9999.0, 22.8, 22.5, 22.27, 22.48, 22.39
2026-09-08, 16:20:55, 22.41, 22.5, 22.75, 22.75, 9999.0, 9999.0, 9999.0, 23.93, 9999.0, 22.48, 9999.0, 22.82, 22.5, 22.27, 22.48, 22.39
2026-09-08, 16:20:59, 22.43, 22.5, 22.75, 22.75, 9999.0, 9999.0, 9999.0, 23.91, 9999.0, 22.48, 9999.0, 22.82, 22.5, 22.27, 22.48, 22.36
2026-09-08, 16:21:03, 22.45, 22.5, 22.75, 22.75, 9999.0, 9999.0, 9999.0, 23.89, 9999.0, 22.5, 9999.0, 22.82, 22.5, 22.27, 22.48, 22.36
2026-09-08, 16:21:07, 22.43, 22.5, 22.75, 22.75, 9999.0, 9999.0, 9999.0, 23.84, 9999.0, 22.52, 9999.0, 22.82, 22.5, 22.27, 22.48, 22.36
2026-09-08, 16:21:11, 22.41, 22.5, 22.75, 22.75, 9999.0, 9999.0, 9999.0, 23.8, 9999.0, 22.55, 9999.0, 22.82, 22.5, 22.27, 22.48, 22.39
2026-09-08, 16:21:15, 22.39, 22.5, 22.75, 22.75, 9999.0, 9999.0, 9999.0, 23.84, 9999.0, 22.57, 9999.0, 22.82, 22.5, 22.27, 22.48, 22.41
2026-09-08, 16:21:19, 22.39, 22.5, 22.75, 22.75, 9999.0, 9999.0, 9999.0, 23.86, 9999.0, 22.59, 9999.0, 22.82, 22.5, 22.27, 22.48, 22.41
2026-09-08, 16:21:23, 22.36, 22.5, 22.75, 22.75, 9999.0, 9999.0, 9999.0, 23.89, 9999.0, 22.61, 9999.0, 22.82, 22.5, 22.27, 22.48, 22.39
2026-09-08, 16:21:27, 22.39, 22.5, 22.75, 22.75, 9999.0, 9999.0, 9999.0, 23.91, 9999.0, 22.61, 9999.0, 22.82, 22.5, 22.27, 22.48, 22.39
2026-09-08, 16:21:31, 22.39, 22.5, 22.75, 22.75, 9999.0, 9999.0, 9999.0, 23.93, 9999.0, 22.61, 9999.0, 22.8, 22.5, 22.27, 22.48, 22.41
2026-09-08, 16:21:35, 22.36, 22.5, 22.75, 22.75, 9999.0, 9999.0, 9999.0, 23.98, 9999.0, 22.64, 9999.0, 22.77, 22.5, 22.27, 22.48, 22.43
2026-09-08, 16:21:39, 22.36, 22.5, 22.75, 22.75, 9999.0, 9999.0, 9999.0, 24.0, 9999.0, 22.66, 9999.0, 22.75, 22.5, 22.27, 22.48, 22.43
2026-09-08, 16:21:43, 22.34, 22.5, 22.75, 22.75, 9999.0, 9999.0, 9999.0, 24.02, 9999.0, 22.66, 9999.0, 22.73, 22.5, 22.27, 22.48, 22.43
2026-09-08, 16:21:47, 22.32, 22.5, 22.75, 22.75, 9999.0, 9999.0, 9999.0, 24.05, 9999.0, 22.64, 9999.0, 22.7, 22.5, 22.25, 22.45, 22.43
2026-09-08, 16:21:51, 22.34, 22.5, 22.75, 22.75, 9999.0, 9999.0, 9999.0, 24.09, 9999.0, 22.61, 9999.0, 22.7, 22.5, 22.25, 22.43, 22.43
2026-09-08, 16:21:55, 22.34, 22.5, 22.75, 22.75, 9999.0, 9999.0, 9999.0, 24.11, 9999.0, 22.59, 9999.0, 22.7, 22.5, 22.25, 22.43, 22.43
2026-09-08, 16:21:59, 22.36, 22.5, 22.75, 22.75, 9999.0, 9999.0, 9999.0, 24.05, 9999.0, 22.57, 9999.0, 22.7, 22.5, 22.25, 22.43, 22.41
2026-09-08, 16:22:03, 22.34, 22.5, 22.75, 22.75, 9999.0, 9999.0, 9999.0, 24.0, 9999.0, 22.55, 9999.0, 22.73, 22.5, 22.25, 22.45, 22.41
2026-09-08, 16:22:07, 22.36, 22.5, 22.75, 22.75, 9999.0, 9999.0, 9999.0, 23.95, 9999.0, 22.52, 9999.0, 22.75, 22.5, 22.25, 22.45, 22.43
2026-09-08, 16:22:11, 22.36, 22.5, 22.75, 22.75, 9999.0, 9999.0, 9999.0, 23.91, 9999.0, 22.55, 9999.0, 22.75, 22.5, 22.25, 22.45, 22.43
2026-09-08, 16:22:15, 22.39, 22.5, 22.75, 22.75, 9999.0, 9999.0, 9999.0, 23.89, 9999.0, 22.57, 9999.0, 22.75, 22.5, 22.25, 22.45, 22.43
2026-09-08, 16:22:19, 22.39, 22.5, 22.75, 22.75, 9999.0, 9999.0, 9999.0, 23.84, 9999.0, 22.59, 9999.0, 22.77, 22.5, 22.25, 22.45, 22.43
2026-09-08, 16:22:23, 22.39, 22.5, 22.75, 22.75, 9999.0, 9999.0, 9999.0, 23.82, 9999.0, 22.59, 9999.0, 22.77, 22.5, 22.25, 22.43, 22.43
2026-09-08, 16:22:27, 22.41, 22.5, 22.75, 22.75, 9999.0, 9999.0, 9999.0, 23.77, 9999.0, 22.61, 9999.0, 22.8, 22.5, 22.25, 22.43, 22.45
2026-09-08, 16:22:31, 22.43, 22.5, 22.75, 22.75, 9999.0, 9999.0, 9999.0, 23.73, 9999.0, 22.64, 9999.0, 22.82, 22.5, 22.25, 22.45, 22.48
2026-09-08, 16:22:35, 22.43, 22.5, 22.75, 22.75, 9999.0, 9999.0, 9999.0, 23.75, 9999.0, 22.66, 9999.0, 22.82, 22.5, 22.25, 22.48, 22.45
2026-09-08, 16:22:39, 22.45, 22.5, 22.75, 22.75, 9999.0, 9999.0, 9999.0, 23.8, 9999.0, 22.68, 9999.0, 22.82, 22.5, 22.25, 22.45, 22.43
2026-09-08, 16:22:43, 22.45, 22.5, 22.75, 22.75, 9999.0, 9999.0, 9999.0, 23.84, 9999.0, 22.7, 9999.0, 22.82, 22.5, 22.25, 22.45, 22.43
2026-09-08, 16:22:47, 22.48, 22.5, 22.75, 22.75, 9999.0, 9999.0, 9999.0, 23.86, 9999.0, 22.73, 9999.0, 22.8, 22.5, 22.25, 22.45, 22.41
2026-09-08, 16:22:51, 22.48, 22.5, 22.75, 22.75, 9999.0, 9999.0, 9999.0, 23.89, 9999.0, 22.75, 9999.0, 22.75, 22.5, 22.25, 22.45, 22.39
2026-09-08, 16:22:55, 22.48, 22.5, 22.75, 22.75, 9999.0, 9999.0, 9999.0, 23.91, 9999.0, 22.75, 9999.0, 22.75, 22.5, 22.25, 22.43, 22.39
2026-09-08, 16:22:59, 22.45, 22.5, 22.75, 22.75, 9999.0, 9999.0, 9999.0, 23.91, 9999.0, 22.75, 9999.0, 22.73, 22.5, 22.25, 22.43, 22.39
2026-09-08, 16:23:03, 22.48, 22.5, 22.75, 22.75, 9999.0, 9999.0, 9999.0, 23.93, 9999.0, 22.75, 9999.0, 22.68, 22.5, 22.25, 22.43, 22.36
2026-09-08, 16:23:07, 22.48, 22.5, 22.75, 22.75, 9999.0, 9999.0, 9999.0, 23.95, 9999.0, 22.75, 9999.0, 22.66, 22.5, 22.25, 22.45, 22.34
2026-09-08, 16:23:11, 22.48, 22.5, 22.75, 22.75, 9999.0, 9999.0, 9999.0, 24.0, 9999.0, 22.73, 9999.0, 22.66, 22.5, 22.25, 22.45, 22.34
2026-09-08, 16:23:16, 22.48, 22.5, 22.75, 22.75, 9999.0, 9999.0, 9999.0, 24.02, 9999.0, 22.7, 9999.0, 22.66, 22.5, 22.25, 22.43, 22.34
2026-09-08, 16:23:20, 22.45, 22.5, 22.75, 22.75, 9999.0, 9999.0, 9999.0, 23.98, 9999.0, 22.68, 9999.0, 22.66, 22.52, 22.25, 22.43, 22.34
2026-09-08, 16:23:24, 22.45, 22.5, 22.75, 22.75, 9999.0, 9999.0, 9999.0, 23.93, 9999.0, 22.66, 9999.0, 22.66, 22.52, 22.25, 22.45, 22.34
2026-09-08, 16:23:28, 22.43, 22.5, 22.75, 22.75, 9999.0, 9999.0, 9999.0, 23.89, 9999.0, 22.64, 9999.0, 22.66, 22.52, 22.25, 22.45, 22.36
2026-09-08, 16:23:32, 22.43, 22.5, 22.75, 22.75, 9999.0, 9999.0, 9999.0, 23.86, 9999.0, 22.64, 9999.0, 22.66, 22.52, 22.27, 22.45, 22.36
2026-09-08, 16:23:36, 22.41, 22.5, 22.75, 22.75, 9999.0, 9999.0, 9999.0, 23.84, 9999.0, 22.64, 9999.0, 22.68, 22.52, 22.27, 22.45, 22.36
2026-09-08, 16:23:40, 22.39, 22.5, 22.75, 22.75, 9999.0, 9999.0, 9999.0, 23.82, 9999.0, 22.64, 9999.0, 22.68, 22.52, 22.27, 22.48, 22.34
2026-09-08, 16:23:44, 22.39, 22.5, 22.75, 22.75, 9999.0, 9999.0, 9999.0, 23.8, 9999.0, 22.64, 9999.0, 22.7, 22.52, 22.27, 22.45, 22.34
2026-09-08, 16:23:48, 22.39, 22.5, 22.75, 22.75, 9999.0, 9999.0, 9999.0, 23.75, 9999.0, 22.64, 9999.0, 22.73, 22.55, 22.27, 22.45, 22.34
2026-09-08, 16:23:52, 22.39, 22.5, 22.75, 22.75, 9999.0, 9999.0, 9999.0, 23.8, 9999.0, 22.64, 9999.0, 22.75, 22.55, 22.27, 22.43, 22.36
2026-09-08, 16:23:56, 22.39, 22.5, 22.75, 22.75, 9999.0, 9999.0, 9999.0, 23.82, 9999.0, 22.66, 9999.0, 22.75, 22.55, 22.27, 22.41, 22.36
2026-09-08, 16:24:00, 22.39, 22.5, 22.75, 22.75, 9999.0, 9999.0, 9999.0, 23.86, 9999.0, 22.68, 9999.0, 22.75, 22.55, 22.27, 22.41, 22.36
2026-09-08, 16:24:04, 22.41, 22.5, 22.75, 22.75, 9999.0, 9999.0, 9999.0, 23.91, 9999.0, 22.7, 9999.0, 22.75, 22.52, 22.27, 22.41, 22.39
2026-09-08, 16:24:08, 22.39, 22.5, 22.75, 22.75, 9999.0, 9999.0, 9999.0, 23.93, 9999.0, 22.73, 9999.0, 22.75, 22.52, 22.27, 22.39, 22.41
2026-09-08, 16:24:12, 22.39, 22.5, 22.75, 22.75, 9999.0, 9999.0, 9999.0, 23.98, 9999.0, 22.75, 9999.0, 22.73, 22.52, 22.27, 22.36, 22.39
2026-09-08, 16:24:16, 22.39, 22.5, 22.75, 22.75, 9999.0, 9999.0, 9999.0, 24.0, 9999.0, 22.73, 9999.0, 22.7, 22.52, 22.25, 22.34, 22.39
2026-09-08, 16:24:20, 22.41, 22.5, 22.75, 22.75, 9999.0, 9999.0, 9999.0, 24.02, 9999.0, 22.7, 9999.0, 22.68, 22.52, 22.25, 22.34, 22.39
2026-09-08, 16:24:24, 22.43, 22.5, 22.75, 22.75, 9999.0, 9999.0, 9999.0, 24.05, 9999.0, 22.68, 9999.0, 22.66, 22.52, 22.25, 22.32, 22.41
2026-09-08, 16:24:28, 22.45, 22.5, 22.75, 22.75, 9999.0, 9999.0, 9999.0, 24.09, 9999.0, 22.66, 9999.0, 22.66, 22.52, 22.27, 22.32, 22.41
2026-09-08, 16:24:32, 22.43, 22.5, 22.75, 22.75, 9999.0, 9999.0, 9999.0, 24.14, 9999.0, 22.64, 9999.0, 22.66, 22.5, 22.27, 22.3, 22.43
2026-09-08, 16:24:36, 22.41, 22.5, 22.75, 22.75, 9999.0, 9999.0, 9999.0, 24.09, 9999.0, 22.61, 9999.0, 22.66, 22.5, 22.27, 22.32, 22.41
2026-09-08, 16:24:40, 22.39, 22.5, 22.75, 22.75, 9999.0, 9999.0, 9999.0, 24.07, 9999.0, 22.59, 9999.0, 22.66, 22.5, 22.27, 22.34, 22.41
2026-09-08, 16:24:44, 22.36, 22.5, 22.75, 22.75, 9999.0, 9999.0, 9999.0, 24.02, 9999.0, 22.57, 9999.0, 22.68, 22.5, 22.27, 22.34, 22.39
2026-09-08, 16:24:48, 22.36, 22.5, 22.75, 22.75, 9999.0, 9999.0, 9999.0, 23.98, 9999.0, 22.57, 9999.0, 22.68, 22.5, 22.27, 22.34, 22.36
2026-09-08, 16:24:52, 22.36, 22.5, 22.75, 22.75, 9999.0, 9999.0, 9999.0, 23.95, 9999.0, 22.57, 9999.0, 22.7, 22.5, 22.27, 22.34, 22.34
2026-09-08, 16:24:56, 22.36, 22.5, 22.75, 22.75, 9999.0, 9999.0, 9999.0, 23.91, 9999.0, 22.57, 9999.0, 22.73, 22.5, 22.27, 22.36, 22.34
2026-09-08, 16:25:00, 22.36, 22.5, 22.75, 22.75, 9999.0, 9999.0, 9999.0, 23.89, 9999.0, 22.59, 9999.0, 22.75, 22.5, 22.27, 22.39, 22.36
2026-09-08, 16:25:04, 22.36, 22.5, 22.75, 22.75, 9999.0, 9999.0, 9999.0, 23.84, 9999.0, 22.64, 9999.0, 22.77, 22.5, 22.27, 22.39, 22.36
2026-09-08, 16:25:08, 22.34, 22.5, 22.75, 22.75, 9999.0, 9999.0, 9999.0, 23.89, 9999.0, 22.66, 9999.0, 22.8, 22.5, 22.27, 22.41, 22.34
2026-09-08, 16:25:12, 22.32, 22.5, 22.75, 22.75, 9999.0, 9999.0, 9999.0, 23.91, 9999.0, 22.68, 9999.0, 22.8, 22.5, 22.25, 22.43, 22.32
2026-09-08, 16:25:16, 22.32, 22.5, 22.75, 22.75, 9999.0, 9999.0, 9999.0, 23.93, 9999.0, 22.7, 9999.0, 22.8, 22.5, 22.25, 22.45, 22.3
2026-09-08, 16:25:20, 22.32, 22.5, 22.75, 22.75, 9999.0, 9999.0, 9999.0, 23.95, 9999.0, 22.73, 9999.0, 22.8, 22.5, 22.25, 22.45, 22.3
2026-09-08, 16:25:24, 22.32, 22.5, 22.75, 22.75, 9999.0, 9999.0, 9999.0, 23.98, 9999.0, 22.75, 9999.0, 22.77, 22.5, 22.25, 22.43, 22.27
2026-09-08, 16:25:28, 22.32, 22.5, 22.75, 22.75, 9999.0, 9999.0, 9999.0, 24.0, 9999.0, 22.77, 9999.0, 22.75, 22.5, 22.25, 22.45, 22.27
2026-09-08, 16:25:32, 22.32, 22.5, 22.75, 22.75, 9999.0, 9999.0, 9999.0, 24.02, 9999.0, 22.75, 9999.0, 22.73, 22.5, 22.25, 22.45, 22.3
2026-09-08, 16:25:36, 22.32, 22.5, 22.75, 22.75, 9999.0, 9999.0, 9999.0, 24.05, 9999.0, 22.73, 9999.0, 22.68, 22.5, 22.25, 22.48, 22.32
2026-09-08, 16:25:40, 22.32, 22.5, 22.75, 22.75, 9999.0, 9999.0, 9999.0, 24.07, 9999.0, 22.7, 9999.0, 22.68, 22.5, 22.25, 22.48, 22.32
2026-09-08, 16:25:44, 22.32, 22.5, 22.75, 22.75, 9999.0, 9999.0, 9999.0, 24.09, 9999.0, 22.68, 9999.0, 22.68, 22.5, 22.25, 22.45, 22.3
2026-09-08, 16:25:48, 22.3, 22.5, 22.75, 22.75, 9999.0, 9999.0, 9999.0, 24.14, 9999.0, 22.64, 9999.0, 22.68, 22.5, 22.25, 22.43, 22.3
2026-09-08, 16:25:52, 22.3, 22.5, 22.75, 22.75, 9999.0, 9999.0, 9999.0, 24.09, 9999.0, 22.64, 9999.0, 22.7, 22.5, 22.25, 22.43, 22.3
2026-09-08, 16:25:56, 22.32, 22.5, 22.75, 22.75, 9999.0, 9999.0, 9999.0, 24.07, 9999.0, 22.61, 9999.0, 22.73, 22.5, 22.25, 22.43, 22.3
2026-09-08, 16:26:00, 22.32, 22.5, 22.75, 22.75, 9999.0, 9999.0, 9999.0, 24.02, 9999.0, 22.59, 9999.0, 22.73, 22.5, 22.25, 22.43, 22.3
2026-09-08, 16:26:04, 22.32, 22.5, 22.75, 22.75, 9999.0, 9999.0, 9999.0, 23.98, 9999.0, 22.59, 9999.0, 22.73, 22.5, 22.25, 22.43, 22.32
2026-09-08, 16:26:08, 22.32, 22.5, 22.75, 22.75, 9999.0, 9999.0, 9999.0, 23.93, 9999.0, 22.59, 9999.0, 22.75, 22.5, 22.25, 22.43, 22.32
2026-09-08, 16:26:12, 22.32, 22.5, 22.75, 22.75, 9999.0, 9999.0, 9999.0, 23.91, 9999.0, 22.61, 9999.0, 22.75, 22.5, 22.25, 22.43, 22.32
2026-09-08, 16:26:16, 22.3, 22.5, 22.75, 22.75, 9999.0, 9999.0, 9999.0, 23.89, 9999.0, 22.66, 9999.0, 22.77, 22.5, 22.25, 22.43, 22.3
2026-09-08, 16:26:20, 22.3, 22.5, 22.75, 22.75, 9999.0, 9999.0, 9999.0, 23.84, 9999.0, 22.7, 9999.0, 22.8, 22.5, 22.25, 22.43, 22.27
2026-09-08, 16:26:24, 22.32, 22.5, 22.75, 22.75, 9999.0, 9999.0, 9999.0, 23.89, 9999.0, 22.73, 9999.0, 22.8, 22.5, 22.25, 22.43, 22.27
2026-09-08, 16:26:28, 22.32, 22.5, 22.75, 22.75, 9999.0, 9999.0, 9999.0, 23.91, 9999.0, 22.77, 9999.0, 22.8, 22.5, 22.25, 22.45, 22.27
2026-09-08, 16:26:32, 22.34, 22.5, 22.75, 22.75, 9999.0, 9999.0, 9999.0, 23.93, 9999.0, 22.8, 9999.0, 22.8, 22.5, 22.25, 22.48, 22.27
2026-09-08, 16:26:36, 22.36, 22.5, 22.75, 22.75, 9999.0, 9999.0, 9999.0, 23.95, 9999.0, 22.8, 9999.0, 22.77, 22.5, 22.25, 22.45, 22.27
2026-09-08, 16:26:40, 22.36, 22.5, 22.75, 22.75, 9999.0, 9999.0, 9999.0, 23.98, 9999.0, 22.82, 9999.0, 22.75, 22.5, 22.25, 22.45, 22.27
2026-09-08, 16:26:44, 22.36, 22.5, 22.75, 22.75, 9999.0, 9999.0, 9999.0, 24.02, 9999.0, 22.84, 9999.0, 22.73, 22.5, 22.25, 22.45, 22.27
2026-09-08, 16:26:48, 22.39, 22.5, 22.75, 22.75, 9999.0, 9999.0, 9999.0, 24.05, 9999.0, 22.84, 9999.0, 22.7, 22.5, 22.25, 22.43, 22.25
2026-09-08, 16:26:52, 22.39, 22.5, 22.75, 22.75, 9999.0, 9999.0, 9999.0, 24.07, 9999.0, 22.84, 9999.0, 22.68, 22.5, 22.25, 22.43, 22.25
2026-09-08, 16:26:56, 22.39, 22.5, 22.75, 22.75, 9999.0, 9999.0, 9999.0, 24.09, 9999.0, 22.8, 9999.0, 22.66, 22.5, 22.25, 22.43, 22.25
2026-09-08, 16:27:00, 22.39, 22.5, 22.75, 22.75, 9999.0, 9999.0, 9999.0, 24.11, 9999.0, 22.77, 9999.0, 22.66, 22.5, 22.25, 22.43, 22.25
2026-09-08, 16:27:05, 22.41, 22.5, 22.75, 22.75, 9999.0, 9999.0, 9999.0, 24.16, 9999.0, 22.73, 9999.0, 22.66, 22.5, 22.25, 22.43, 22.25
2026-09-08, 16:27:09, 22.41, 22.5, 22.75, 22.75, 9999.0, 9999.0, 9999.0, 24.11, 9999.0, 22.7, 9999.0, 22.66, 22.5, 22.27, 22.41, 22.25
2026-09-08, 16:27:13, 22.39, 22.5, 22.75, 22.75, 9999.0, 9999.0, 9999.0, 24.07, 9999.0, 22.66, 9999.0, 22.68, 22.5, 22.27, 22.39, 22.25
2026-09-08, 16:27:17, 22.36, 22.5, 22.75, 22.75, 9999.0, 9999.0, 9999.0, 24.02, 9999.0, 22.64, 9999.0, 22.7, 22.5, 22.27, 22.36, 22.25
2026-09-08, 16:27:21, 22.34, 22.5, 22.75, 22.75, 9999.0, 9999.0, 9999.0, 23.98, 9999.0, 22.64, 9999.0, 22.73, 22.5, 22.27, 22.39, 22.25
2026-09-08, 16:27:25, 22.34, 22.5, 22.75, 22.75, 9999.0, 9999.0, 9999.0, 23.93, 9999.0, 22.64, 9999.0, 22.73, 22.5, 22.27, 22.39, 22.25
2026-09-08, 16:27:29, 22.36, 22.5, 22.75, 22.75, 9999.0, 9999.0, 9999.0, 23.89, 9999.0, 22.64, 9999.0, 22.75, 22.5, 22.27, 22.39, 22.27
2026-09-08, 16:27:33, 22.34, 22.5, 22.75, 22.75, 9999.0, 9999.0, 9999.0, 23.86, 9999.0, 22.64, 9999.0, 22.77, 22.5, 22.27, 22.39, 22.27
2026-09-08, 16:27:37, 22.34, 22.5, 22.75, 22.75, 9999.0, 9999.0, 9999.0, 23.82, 9999.0, 22.64, 9999.0, 22.8, 22.5, 22.27, 22.41, 22.27
2026-09-08, 16:27:41, 22.36, 22.5, 22.75, 22.75, 9999.0, 9999.0, 9999.0, 23.86, 9999.0, 22.66, 9999.0, 22.82, 22.5, 22.27, 22.39, 22.27
2026-09-08, 16:27:45, 22.36, 22.5, 22.75, 22.75, 9999.0, 9999.0, 9999.0, 23.91, 9999.0, 22.66, 9999.0, 22.82, 22.5, 22.27, 22.36, 22.3
2026-09-08, 16:27:49, 22.36, 22.5, 22.75, 22.75, 9999.0, 9999.0, 9999.0, 23.93, 9999.0, 22.68, 9999.0, 22.82, 22.5, 22.27, 22.36, 22.3
2026-09-08, 16:27:53, 22.34, 22.5, 22.75, 22.75, 9999.0, 9999.0, 9999.0, 23.95, 9999.0, 22.7, 9999.0, 22.82, 22.5, 22.25, 22.39, 22.3
2026-09-08, 16:27:57, 22.34, 22.5, 22.75, 22.75, 9999.0, 9999.0, 9999.0, 24.0, 9999.0, 22.7, 9999.0, 22.8, 22.5, 22.25, 22.41, 22.3
2026-09-08, 16:28:01, 22.34, 22.5, 22.75, 22.75, 9999.0, 9999.0, 9999.0, 24.02, 9999.0, 22.7, 9999.0, 22.77, 22.5, 22.25, 22.43, 22.3
2026-09-08, 16:28:05, 22.34, 22.5, 22.75, 22.75, 9999.0, 9999.0, 9999.0, 24.07, 9999.0, 22.68, 9999.0, 22.73, 22.5, 22.25, 22.41, 22.3
2026-09-08, 16:28:09, 22.32, 22.5, 22.75, 22.75, 9999.0, 9999.0, 9999.0, 24.09, 9999.0, 22.66, 9999.0, 22.73, 22.5, 22.25, 22.41, 22.3
2026-09-08, 16:28:13, 22.3, 22.5, 22.75, 22.75, 9999.0, 9999.0, 9999.0, 24.11, 9999.0, 22.64, 9999.0, 22.7, 22.5, 22.25, 22.39, 22.3
2026-09-08, 16:28:17, 22.3, 22.5, 22.75, 22.75, 9999.0, 9999.0, 9999.0, 24.14, 9999.0, 22.61, 9999.0, 22.7, 22.5, 22.25, 22.41, 22.3
2026-09-08, 16:28:21, 22.3, 22.5, 22.75, 22.75, 9999.0, 9999.0, 9999.0, 24.18, 9999.0, 22.57, 9999.0, 22.7, 22.5, 22.25, 22.39, 22.3
2026-09-08, 16:28:25, 22.27, 22.5, 22.75, 22.75, 9999.0, 9999.0, 9999.0, 24.11, 9999.0, 22.52, 9999.0, 22.7, 22.5, 22.25, 22.39, 22.3
2026-09-08, 16:28:29, 22.27, 22.5, 22.75, 22.75, 9999.0, 9999.0, 9999.0, 24.07, 9999.0, 22.48, 9999.0, 22.73, 22.5, 22.27, 22.41, 22.27
2026-09-08, 16:28:33, 22.27, 22.5, 22.75, 22.75, 9999.0, 9999.0, 9999.0, 24.02, 9999.0, 22.43, 9999.0, 22.75, 22.5, 22.27, 22.41, 22.3
2026-09-08, 16:28:37, 22.3, 22.5, 22.75, 22.75, 9999.0, 9999.0, 9999.0, 23.98, 9999.0, 22.41, 9999.0, 22.77, 22.5, 22.27, 22.39, 22.32
2026-09-08, 16:28:41, 22.32, 22.5, 22.75, 22.75, 9999.0, 9999.0, 9999.0, 23.93, 9999.0, 22.41, 9999.0, 22.8, 22.5, 22.27, 22.36, 22.32
2026-09-08, 16:28:45, 22.34, 22.5, 22.75, 22.75, 9999.0, 9999.0, 9999.0, 23.91, 9999.0, 22.41, 9999.0, 22.8, 22.5, 22.27, 22.34, 22.32
2026-09-08, 16:28:49, 22.36, 22.5, 22.75, 22.75, 9999.0, 9999.0, 9999.0, 23.86, 9999.0, 22.43, 9999.0, 22.82, 22.5, 22.3, 22.36, 22.34
2026-09-08, 16:28:53, 22.39, 22.5, 22.75, 22.75, 9999.0, 9999.0, 9999.0, 23.84, 9999.0, 22.45, 9999.0, 22.82, 22.5, 22.3, 22.36, 22.34
2026-09-08, 16:28:57, 22.41, 22.5, 22.75, 22.75, 9999.0, 9999.0, 9999.0, 23.89, 9999.0, 22.45, 9999.0, 22.84, 22.5, 22.3, 22.36, 22.34
2026-09-08, 16:29:01, 22.41, 22.5, 22.75, 22.75, 9999.0, 9999.0, 9999.0, 23.93, 9999.0, 22.45, 9999.0, 22.84, 22.5, 22.3, 22.34, 22.36
2026-09-08, 16:29:05, 22.41, 22.5, 22.75, 22.75, 9999.0, 9999.0, 9999.0, 23.95, 9999.0, 22.48, 9999.0, 22.84, 22.5, 22.3, 22.36, 22.39
2026-09-08, 16:29:09, 22.41, 22.5, 22.75, 22.75, 9999.0, 9999.0, 9999.0, 24.0, 9999.0, 22.5, 9999.0, 22.84, 22.5, 22.3, 22.36, 22.41
2026-09-08, 16:29:13, 22.43, 22.5, 22.75, 22.75, 9999.0, 9999.0, 9999.0, 24.0, 9999.0, 22.52, 9999.0, 22.82, 22.5, 22.27, 22.36, 22.43
2026-09-08, 16:29:17, 22.43, 22.5, 22.75, 22.75, 9999.0, 9999.0, 9999.0, 24.02, 9999.0, 22.55, 9999.0, 22.77, 22.5, 22.27, 22.36, 22.41
2026-09-08, 16:29:21, 22.43, 22.5, 22.75, 22.75, 9999.0, 9999.0, 9999.0, 24.05, 9999.0, 22.55, 9999.0, 22.75, 22.5, 22.27, 22.36, 22.41
2026-09-08, 16:29:25, 22.43, 22.5, 22.75, 22.75, 9999.0, 9999.0, 9999.0, 24.07, 9999.0, 22.52, 9999.0, 22.7, 22.5, 22.27, 22.36, 22.41
2026-09-08, 16:29:29, 22.43, 22.5, 22.75, 22.75, 9999.0, 9999.0, 9999.0, 24.09, 9999.0, 22.5, 9999.0, 22.68, 22.5, 22.27, 22.36, 22.43
2026-09-08, 16:29:33, 22.43, 22.5, 22.75, 22.75, 9999.0, 9999.0, 9999.0, 24.11, 9999.0, 22.45, 9999.0, 22.66, 22.5, 22.27, 22.36, 22.41
2026-09-08, 16:29:37, 22.43, 22.5, 22.75, 22.75, 9999.0, 9999.0, 9999.0, 24.14, 9999.0, 22.41, 9999.0, 22.66, 22.5, 22.27, 22.36, 22.41
2026-09-08, 16:29:41, 22.43, 22.5, 22.75, 22.75, 9999.0, 9999.0, 9999.0, 24.07, 9999.0, 22.39, 9999.0, 22.66, 22.5, 22.27, 22.36, 22.39
2026-09-08, 16:29:45, 22.45, 22.5, 22.75, 22.75, 9999.0, 9999.0, 9999.0, 24.0, 9999.0, 22.36, 9999.0, 22.66, 22.5, 22.27, 22.39, 22.36
2026-09-08, 16:29:49, 22.45, 22.5, 22.75, 22.75, 9999.0, 9999.0, 9999.0, 23.95, 9999.0, 22.34, 9999.0, 22.68, 22.5, 22.27, 22.39, 22.34
2026-09-08, 16:29:53, 22.45, 22.5, 22.75, 22.75, 9999.0, 9999.0, 9999.0, 23.91, 9999.0, 22.32, 9999.0, 22.7, 22.5, 22.27, 22.41, 22.34
2026-09-08, 16:29:57, 22.45, 22.5, 22.75, 22.75, 9999.0, 9999.0, 9999.0, 23.89, 9999.0, 22.32, 9999.0, 22.73, 22.5, 22.3, 22.41, 22.32
2026-09-08, 16:30:01, 22.43, 22.5, 22.75, 22.75, 9999.0, 9999.0, 9999.0, 23.86, 9999.0, 22.32, 9999.0, 22.75, 22.5, 22.3, 22.41, 22.34
2026-09-08, 16:30:05, 22.43, 22.5, 22.75, 22.75, 9999.0, 9999.0, 9999.0, 23.82, 9999.0, 22.32, 9999.0, 22.75, 22.5, 22.3, 22.43, 22.34
2026-09-08, 16:30:09, 22.43, 22.5, 22.75, 22.75, 9999.0, 9999.0, 9999.0, 23.77, 9999.0, 22.36, 9999.0, 22.77, 22.5, 22.32, 22.45, 22.34
2026-09-08, 16:30:13, 22.43, 22.5, 22.75, 22.75, 9999.0, 9999.0, 9999.0, 23.73, 9999.0, 22.39, 9999.0, 22.8, 22.5, 22.32, 22.48, 22.32
2026-09-08, 16:30:17, 22.41, 22.5, 22.75, 22.75, 9999.0, 9999.0, 9999.0, 23.75, 9999.0, 22.41, 9999.0, 22.82, 22.5, 22.3, 22.48, 22.34
2026-09-08, 16:30:21, 22.41, 22.5, 22.75, 22.75, 9999.0, 9999.0, 9999.0, 23.77, 9999.0, 22.43, 9999.0, 22.82, 22.5, 22.32, 22.48, 22.34
2026-09-08, 16:30:25, 22.41, 22.5, 22.75, 22.75, 9999.0, 9999.0, 9999.0, 23.8, 9999.0, 22.45, 9999.0, 22.82, 22.5, 22.32, 22.5, 22.34
2026-09-08, 16:30:29, 22.39, 22.5, 22.75, 22.75, 9999.0, 9999.0, 9999.0, 23.82, 9999.0, 22.45, 9999.0, 22.82, 22.5, 22.34, 22.48, 22.34
2026-09-08, 16:30:33, 22.39, 22.5, 22.75, 22.75, 9999.0, 9999.0, 9999.0, 23.84, 9999.0, 22.48, 9999.0, 22.77, 22.5, 22.34, 22.48, 22.36
2026-09-08, 16:30:37, 22.39, 22.5, 22.75, 22.75, 9999.0, 9999.0, 9999.0, 23.86, 9999.0, 22.48, 9999.0, 22.73, 22.5, 22.34, 22.48, 22.34
2026-09-08, 16:30:41, 22.36, 22.5, 22.75, 22.75, 9999.0, 9999.0, 9999.0, 23.86, 9999.0, 22.45, 9999.0, 22.68, 22.5, 22.32, 22.48, 22.36
2026-09-08, 16:30:45, 22.36, 22.5, 22.75, 22.75, 9999.0, 9999.0, 9999.0, 23.86, 9999.0, 22.43, 9999.0, 22.68, 22.5, 22.32, 22.45, 22.34
2026-09-08, 16:30:49, 22.36, 22.5, 22.75, 22.75, 9999.0, 9999.0, 9999.0, 23.91, 9999.0, 22.41, 9999.0, 22.66, 22.5, 22.32, 22.45, 22.34
2026-09-08, 16:30:53, 22.36, 22.5, 22.75, 22.77, 9999.0, 9999.0, 9999.0, 23.93, 9999.0, 22.36, 9999.0, 22.66, 22.5, 22.3, 22.45, 22.36
2026-09-08, 16:30:58, 22.34, 22.5, 22.75, 22.77, 9999.0, 9999.0, 9999.0, 23.95, 9999.0, 22.32, 9999.0, 22.66, 22.5, 22.3, 22.45, 22.39
2026-09-08, 16:31:02, 22.36, 22.5, 22.75, 22.77, 9999.0, 9999.0, 9999.0, 23.91, 9999.0, 22.27, 9999.0, 22.68, 22.5, 22.3, 22.45, 22.39
2026-09-08, 16:31:06, 22.36, 22.5, 22.75, 22.77, 9999.0, 9999.0, 9999.0, 23.86, 9999.0, 22.25, 9999.0, 22.7, 22.5, 22.27, 22.45, 22.41
2026-09-08, 16:31:10, 22.36, 22.5, 22.75, 22.77, 9999.0, 9999.0, 9999.0, 23.84, 9999.0, 22.23, 9999.0, 22.73, 22.5, 22.27, 22.45, 22.41
2026-09-08, 16:31:14, 22.39, 22.5, 22.75, 22.77, 9999.0, 9999.0, 9999.0, 23.8, 9999.0, 22.25, 9999.0, 22.73, 22.5, 22.27, 22.48, 22.41
2026-09-08, 16:31:18, 22.41, 22.5, 22.75, 22.77, 9999.0, 9999.0, 9999.0, 23.75, 9999.0, 22.25, 9999.0, 22.75, 22.5, 22.27, 22.48, 22.41
2026-09-08, 16:31:22, 22.41, 22.5, 22.75, 22.77, 9999.0, 9999.0, 9999.0, 23.7, 9999.0, 22.27, 9999.0, 22.77, 22.5, 22.27, 22.48, 22.43
2026-09-08, 16:31:26, 22.43, 22.5, 22.77, 22.77, 9999.0, 9999.0, 9999.0, 23.68, 9999.0, 22.3, 9999.0, 22.82, 22.5, 22.27, 22.48, 22.41
2026-09-08, 16:31:30, 22.45, 22.5, 22.77, 22.77, 9999.0, 9999.0, 9999.0, 23.66, 9999.0, 22.32, 9999.0, 22.82, 22.5, 22.27, 22.5, 22.43
2026-09-08, 16:31:34, 22.43, 22.5, 22.77, 22.77, 9999.0, 9999.0, 9999.0, 23.68, 9999.0, 22.34, 9999.0, 22.84, 22.5, 22.27, 22.5, 22.41
2026-09-08, 16:31:38, 22.41, 22.5, 22.77, 22.75, 9999.0, 9999.0, 9999.0, 23.73, 9999.0, 22.36, 9999.0, 22.84, 22.5, 22.3, 22.5, 22.41
2026-09-08, 16:31:42, 22.43, 22.5, 22.77, 22.75, 9999.0, 9999.0, 9999.0, 23.77, 9999.0, 22.41, 9999.0, 22.84, 22.5, 22.32, 22.48, 22.41
2026-09-08, 16:31:46, 22.41, 22.5, 22.77, 22.75, 9999.0, 9999.0, 9999.0, 23.8, 9999.0, 22.43, 9999.0, 22.82, 22.5, 22.32, 22.48, 22.39
2026-09-08, 16:31:50, 22.39, 22.5, 22.77, 22.75, 9999.0, 9999.0, 9999.0, 23.82, 9999.0, 22.43, 9999.0, 22.8, 22.5, 22.32, 22.48, 22.39
2026-09-08, 16:31:54, 22.39, 22.5, 22.77, 22.77, 9999.0, 9999.0, 9999.0, 23.82, 9999.0, 22.43, 9999.0, 22.77, 22.5, 22.32, 22.48, 22.41
2026-09-08, 16:31:58, 22.39, 22.5, 22.77, 22.77, 9999.0, 9999.0, 9999.0, 23.84, 9999.0, 22.41, 9999.0, 22.77, 22.5, 22.3, 22.45, 22.43
2026-09-08, 16:32:02, 22.36, 22.5, 22.77, 22.77, 9999.0, 9999.0, 9999.0, 23.86, 9999.0, 22.39, 9999.0, 22.75, 22.5, 22.3, 22.45, 22.43
2026-09-08, 16:32:06, 22.36, 22.5, 22.77, 22.77, 9999.0, 9999.0, 9999.0, 23.89, 9999.0, 22.36, 9999.0, 22.75, 22.5, 22.3, 22.45, 22.41
2026-09-08, 16:32:10, 22.36, 22.5, 22.75, 22.77, 9999.0, 9999.0, 9999.0, 23.91, 9999.0, 22.34, 9999.0, 22.73, 22.5, 22.3, 22.45, 22.43
2026-09-08, 16:32:14, 22.36, 22.5, 22.75, 22.8, 9999.0, 9999.0, 9999.0, 23.93, 9999.0, 22.32, 9999.0, 22.73, 22.5, 22.3, 22.45, 22.43
2026-09-08, 16:32:18, 22.36, 22.5, 22.77, 22.82, 9999.0, 9999.0, 9999.0, 23.89, 9999.0, 22.3, 9999.0, 22.73, 22.5, 22.3, 22.45, 22.43
2026-09-08, 16:32:22, 22.39, 22.5, 22.77, 22.84, 9999.0, 9999.0, 9999.0, 23.84, 9999.0, 22.25, 9999.0, 22.75, 22.5, 22.27, 22.45, 22.43
2026-09-08, 16:32:26, 22.39, 22.5, 22.77, 22.86, 9999.0, 9999.0, 9999.0, 23.8, 9999.0, 22.23, 9999.0, 22.77, 22.5, 22.25, 22.48, 22.43
2026-09-08, 16:32:30, 22.39, 22.5, 22.8, 22.86, 9999.0, 9999.0, 9999.0, 23.77, 9999.0, 22.23, 9999.0, 22.8, 22.5, 22.25, 22.48, 22.45
2026-09-08, 16:32:34, 22.41, 22.5, 22.82, 22.86, 9999.0, 9999.0, 9999.0, 23.75, 9999.0, 22.23, 9999.0, 22.8, 22.5, 22.25, 22.45, 22.45
2026-09-08, 16:32:38, 22.39, 22.5, 22.84, 22.84, 9999.0, 9999.0, 9999.0, 23.73, 9999.0, 22.25, 9999.0, 22.82, 22.5, 22.25, 22.45, 22.45
2026-09-08, 16:32:42, 22.39, 22.5, 22.86, 22.84, 9999.0, 9999.0, 9999.0, 23.7, 9999.0, 22.27, 9999.0, 22.82, 22.5, 22.25, 22.48, 22.45
2026-09-08, 16:32:46, 22.41, 22.5, 22.89, 22.84, 9999.0, 9999.0, 9999.0, 23.66, 9999.0, 22.3, 9999.0, 22.84, 22.5, 22.25, 22.48, 22.45
2026-09-08, 16:32:50, 22.43, 22.5, 22.91, 22.86, 9999.0, 9999.0, 9999.0, 23.7, 9999.0, 22.32, 9999.0, 22.84, 22.5, 22.25, 22.48, 22.48
2026-09-08, 16:32:54, 22.43, 22.5, 22.93, 22.86, 9999.0, 9999.0, 9999.0, 23.75, 9999.0, 22.34, 9999.0, 22.84, 22.5, 22.27, 22.48, 22.48
2026-09-08, 16:32:58, 22.43, 22.5, 22.95, 22.86, 9999.0, 9999.0, 9999.0, 23.77, 9999.0, 22.36, 9999.0, 22.84, 22.5, 22.27, 22.48, 22.48
2026-09-08, 16:33:02, 22.45, 22.5, 22.93, 22.84, 9999.0, 9999.0, 9999.0, 23.8, 9999.0, 22.39, 9999.0, 22.84, 22.5, 22.27, 22.48, 22.48
2026-09-08, 16:33:06, 22.45, 22.5, 22.93, 22.84, 9999.0, 9999.0, 9999.0, 23.82, 9999.0, 22.41, 9999.0, 22.82, 22.5, 22.3, 22.48, 22.48
2026-09-08, 16:33:10, 22.43, 22.5, 22.95, 22.82, 9999.0, 9999.0, 9999.0, 23.82, 9999.0, 22.43, 9999.0, 22.8, 22.5, 22.3, 22.48, 22.48
2026-09-08, 16:33:14, 22.45, 22.5, 22.93, 22.82, 9999.0, 9999.0, 9999.0, 23.82, 9999.0, 22.45, 9999.0, 22.77, 22.5, 22.32, 22.45, 22.48
2026-09-08, 16:33:18, 22.43, 22.5, 22.91, 22.84, 9999.0, 9999.0, 9999.0, 23.82, 9999.0, 22.45, 9999.0, 22.77, 22.5, 22.32, 22.48, 22.48
2026-09-08, 16:33:22, 22.43, 22.5, 22.89, 22.84, 9999.0, 9999.0, 9999.0, 23.84, 9999.0, 22.43, 9999.0, 22.75, 22.5, 22.34, 22.48, 22.48
2026-09-08, 16:33:26, 22.43, 22.5, 22.89, 22.84, 9999.0, 9999.0, 9999.0, 23.89, 9999.0, 22.43, 9999.0, 22.77, 22.5, 22.36, 22.48, 22.48
2026-09-08, 16:33:30, 22.41, 22.5, 22.89, 22.84, 9999.0, 9999.0, 9999.0, 23.93, 9999.0, 22.41, 9999.0, 22.77, 22.5, 22.39, 22.45, 22.48
2026-09-08, 16:33:34, 22.41, 22.5, 22.89, 22.82, 9999.0, 9999.0, 9999.0, 23.89, 9999.0, 22.39, 9999.0, 22.77, 22.5, 22.39, 22.45, 22.45
2026-09-08, 16:33:38, 22.41, 22.5, 22.86, 22.84, 9999.0, 9999.0, 9999.0, 23.84, 9999.0, 22.36, 9999.0, 22.8, 22.5, 22.36, 22.45, 22.45
2026-09-08, 16:33:42, 22.39, 22.5, 22.84, 22.84, 9999.0, 9999.0, 9999.0, 23.82, 9999.0, 22.34, 9999.0, 22.8, 22.5, 22.36, 22.43, 22.43
2026-09-08, 16:33:46, 22.39, 22.5, 22.84, 22.86, 9999.0, 9999.0, 9999.0, 23.8, 9999.0, 22.32, 9999.0, 22.82, 22.5, 22.36, 22.43, 22.45
2026-09-08, 16:33:50, 22.39, 22.5, 22.84, 22.84, 9999.0, 9999.0, 9999.0, 23.75, 9999.0, 22.34, 9999.0, 22.84, 22.5, 22.36, 22.43, 22.45
2026-09-08, 16:33:54, 22.39, 22.5, 22.82, 22.86, 9999.0, 9999.0, 9999.0, 23.73, 9999.0, 22.34, 9999.0, 22.84, 22.5, 22.36, 22.43, 22.45
2026-09-08, 16:33:58, 22.39, 22.5, 22.82, 22.86, 9999.0, 9999.0, 9999.0, 23.7, 9999.0, 22.36, 9999.0, 22.84, 22.5, 22.34, 22.45, 22.45
2026-09-08, 16:34:02, 22.41, 22.5, 22.82, 22.84, 9999.0, 9999.0, 9999.0, 23.68, 9999.0, 22.41, 9999.0, 22.84, 22.52, 22.34, 22.45, 22.45
2026-09-08, 16:34:06, 22.41, 22.5, 22.82, 22.84, 9999.0, 9999.0, 9999.0, 23.66, 9999.0, 22.45, 9999.0, 22.84, 22.55, 22.34, 22.45, 22.45
2026-09-08, 16:34:10, 22.41, 22.5, 22.8, 22.84, 9999.0, 9999.0, 9999.0, 23.68, 9999.0, 22.45, 9999.0, 22.82, 22.55, 22.32, 22.45, 22.45
2026-09-08, 16:34:14, 22.41, 22.5, 22.77, 22.84, 9999.0, 9999.0, 9999.0, 23.73, 9999.0, 22.48, 9999.0, 22.82, 22.55, 22.3, 22.48, 22.45
2026-09-08, 16:34:18, 22.39, 22.5, 22.75, 22.84, 9999.0, 9999.0, 9999.0, 23.75, 9999.0, 22.5, 9999.0, 22.82, 22.55, 22.3, 22.48, 22.48
2026-09-08, 16:34:22, 22.36, 22.5, 22.75, 22.82, 9999.0, 9999.0, 9999.0, 23.77, 9999.0, 22.52, 9999.0, 22.8, 22.55, 22.3, 22.45, 22.48
2026-09-08, 16:34:26, 22.36, 22.5, 22.77, 22.8, 9999.0, 9999.0, 9999.0, 23.8, 9999.0, 22.55, 9999.0, 22.8, 22.55, 22.3, 22.48, 22.5
2026-09-08, 16:34:30, 22.34, 22.5, 22.77, 22.8, 9999.0, 9999.0, 9999.0, 23.82, 9999.0, 22.55, 9999.0, 22.77, 22.55, 22.3, 22.48, 22.48
2026-09-08, 16:34:35, 22.34, 22.5, 22.77, 22.8, 9999.0, 9999.0, 9999.0, 23.86, 9999.0, 22.55, 9999.0, 22.75, 22.55, 22.27, 22.45, 22.48
2026-09-08, 16:34:39, 22.34, 22.5, 22.8, 22.77, 9999.0, 9999.0, 9999.0, 23.91, 9999.0, 22.55, 9999.0, 22.73, 22.55, 22.27, 22.43, 22.48
2026-09-08, 16:34:43, 22.32, 22.5, 22.8, 22.77, 9999.0, 9999.0, 9999.0, 23.93, 9999.0, 22.52, 9999.0, 22.73, 22.55, 22.27, 22.43, 22.48
2026-09-08, 16:34:47, 22.32, 22.5, 22.8, 22.77, 9999.0, 9999.0, 9999.0, 23.95, 9999.0, 22.48, 9999.0, 22.73, 22.52, 22.27, 22.41, 22.48
2026-09-08, 16:34:51, 22.32, 22.5, 22.8, 22.8, 9999.0, 9999.0, 9999.0, 23.98, 9999.0, 22.43, 9999.0, 22.73, 22.5, 22.27, 22.41, 22.48
2026-09-08, 16:34:55, 22.3, 22.5, 22.82, 22.8, 9999.0, 9999.0, 9999.0, 23.93, 9999.0, 22.41, 9999.0, 22.75, 22.5, 22.27, 22.41, 22.48
2026-09-08, 16:34:59, 22.32, 22.5, 22.84, 22.8, 9999.0, 9999.0, 9999.0, 23.89, 9999.0, 22.39, 9999.0, 22.77, 22.5, 22.3, 22.41, 22.48
2026-09-08, 16:35:03, 22.34, 22.5, 22.84, 22.82, 9999.0, 9999.0, 9999.0, 23.84, 9999.0, 22.36, 9999.0, 22.8, 22.5, 22.32, 22.41, 22.48
2026-09-08, 16:35:07, 22.36, 22.5, 22.84, 22.82, 9999.0, 9999.0, 9999.0, 23.8, 9999.0, 22.36, 9999.0, 22.8, 22.5, 22.32, 22.43, 22.45
2026-09-08, 16:35:11, 22.39, 22.5, 22.82, 22.82, 9999.0, 9999.0, 9999.0, 23.75, 9999.0, 22.36, 9999.0, 22.8, 22.5, 22.32, 22.41, 22.45
2026-09-08, 16:35:15, 22.41, 22.5, 22.82, 22.82, 9999.0, 9999.0, 9999.0, 23.7, 9999.0, 22.41, 9999.0, 22.8, 22.5, 22.32, 22.41, 22.45
2026-09-08, 16:35:19, 22.41, 22.5, 22.82, 22.82, 9999.0, 9999.0, 9999.0, 23.66, 9999.0, 22.43, 9999.0, 22.8, 22.5, 22.32, 22.43, 22.45
2026-09-08, 16:35:23, 22.41, 22.5, 22.8, 22.84, 9999.0, 9999.0, 9999.0, 23.61, 9999.0, 22.45, 9999.0, 22.82, 22.5, 22.32, 22.45, 22.45
2026-09-08, 16:35:27, 22.43, 22.5, 22.8, 22.84, 9999.0, 9999.0, 9999.0, 23.66, 9999.0, 22.45, 9999.0, 22.82, 22.5, 22.32, 22.45, 22.45
2026-09-08, 16:35:31, 22.41, 22.5, 22.8, 22.84, 9999.0, 9999.0, 9999.0, 23.7, 9999.0, 22.48, 9999.0, 22.82, 22.5, 22.32, 22.48, 22.45
2026-09-08, 16:35:35, 22.41, 22.5, 22.8, 22.82, 9999.0, 9999.0, 9999.0, 23.73, 9999.0, 22.5, 9999.0, 22.82, 22.5, 22.3, 22.48, 22.45
2026-09-08, 16:35:39, 22.43, 22.5, 22.77, 22.82, 9999.0, 9999.0, 9999.0, 23.75, 9999.0, 22.52, 9999.0, 22.8, 22.5, 22.3, 22.48, 22.43
2026-09-08, 16:35:43, 22.43, 22.5, 22.75, 22.82, 9999.0, 9999.0, 9999.0, 23.77, 9999.0, 22.55, 9999.0, 22.77, 22.5, 22.3, 22.48, 22.43
2026-09-08, 16:35:47, 22.43, 22.5, 22.75, 22.82, 9999.0, 9999.0, 9999.0, 23.8, 9999.0, 22.57, 9999.0, 22.75, 22.5, 22.27, 22.48, 22.41
2026-09-08, 16:35:51, 22.41, 22.5, 22.75, 22.82, 9999.0, 9999.0, 9999.0, 23.84, 9999.0, 22.57, 9999.0, 22.73, 22.5, 22.27, 22.48, 22.43
2026-09-08, 16:35:55, 22.39, 22.5, 22.75, 22.82, 9999.0, 9999.0, 9999.0, 23.89, 9999.0, 22.55, 9999.0, 22.7, 22.5, 22.27, 22.5, 22.43
2026-09-08, 16:35:59, 22.39, 22.5, 22.75, 22.8, 9999.0, 9999.0, 9999.0, 23.93, 9999.0, 22.5, 9999.0, 22.7, 22.5, 22.27, 22.48, 22.45
2026-09-08, 16:36:03, 22.36, 22.5, 22.75, 22.8, 9999.0, 9999.0, 9999.0, 23.95, 9999.0, 22.45, 9999.0, 22.7, 22.5, 22.27, 22.48, 22.45
2026-09-08, 16:36:07, 22.39, 22.5, 22.75, 22.77, 9999.0, 9999.0, 9999.0, 23.98, 9999.0, 22.41, 9999.0, 22.7, 22.5, 22.27, 22.48, 22.45
2026-09-08, 16:36:11, 22.39, 22.5, 22.75, 22.77, 9999.0, 9999.0, 9999.0, 23.93, 9999.0, 22.39, 9999.0, 22.73, 22.5, 22.27, 22.48, 22.45
2026-09-08, 16:36:15, 22.41, 22.5, 22.75, 22.77, 9999.0, 9999.0, 9999.0, 23.89, 9999.0, 22.36, 9999.0, 22.75, 22.5, 22.3, 22.48, 22.45
2026-09-08, 16:36:19, 22.43, 22.5, 22.75, 22.77, 9999.0, 9999.0, 9999.0, 23.86, 9999.0, 22.36, 9999.0, 22.77, 22.5, 22.32, 22.48, 22.45
2026-09-08, 16:36:23, 22.43, 22.5, 22.75, 22.77, 9999.0, 9999.0, 9999.0, 23.82, 9999.0, 22.36, 9999.0, 22.8, 22.5, 22.34, 22.45, 22.45
2026-09-08, 16:36:27, 22.41, 22.5, 22.75, 22.77, 9999.0, 9999.0, 9999.0, 23.8, 9999.0, 22.36, 9999.0, 22.8, 22.5, 22.32, 22.45, 22.45
2026-09-08, 16:36:31, 22.41, 22.5, 22.75, 22.75, 9999.0, 9999.0, 9999.0, 23.77, 9999.0, 22.36, 9999.0, 22.8, 22.5, 22.32, 22.45, 22.45
2026-09-08, 16:36:35, 22.43, 22.5, 22.75, 22.77, 9999.0, 9999.0, 9999.0, 23.73, 9999.0, 22.39, 9999.0, 22.84, 22.5, 22.34, 22.45, 22.45
2026-09-08, 16:36:39, 22.45, 22.5, 22.75, 22.77, 9999.0, 9999.0, 9999.0, 23.68, 9999.0, 22.43, 9999.0, 22.86, 22.5, 22.34, 22.45, 22.45
2026-09-08, 16:36:43, 22.45, 22.5, 22.75, 22.77, 9999.0, 9999.0, 9999.0, 23.7, 9999.0, 22.48, 9999.0, 22.86, 22.5, 22.34, 22.48, 22.45
2026-09-08, 16:36:47, 22.45, 22.5, 22.75, 22.77, 9999.0, 9999.0, 9999.0, 23.75, 9999.0, 22.52, 9999.0, 22.86, 22.5, 22.34, 22.48, 22.45
2026-09-08, 16:36:51, 22.43, 22.5, 22.75, 22.77, 9999.0, 9999.0, 9999.0, 23.77, 9999.0, 22.55, 9999.0, 22.86, 22.5, 22.34, 22.48, 22.45
2026-09-08, 16:36:55, 22.41, 22.5, 22.75, 22.77, 9999.0, 9999.0, 9999.0, 23.8, 9999.0, 22.57, 9999.0, 22.84, 22.5, 22.34, 22.48, 22.43
2026-09-08, 16:36:59, 22.41, 22.5, 22.75, 22.77, 9999.0, 9999.0, 9999.0, 23.82, 9999.0, 22.59, 9999.0, 22.82, 22.5, 22.34, 22.48, 22.43
2026-09-08, 16:37:03, 22.41, 22.5, 22.75, 22.77, 9999.0, 9999.0, 9999.0, 23.84, 9999.0, 22.59, 9999.0, 22.8, 22.5, 22.32, 22.48, 22.43
2026-09-08, 16:37:07, 22.41, 22.5, 22.75, 22.77, 9999.0, 9999.0, 9999.0, 23.89, 9999.0, 22.59, 9999.0, 22.77, 22.5, 22.3, 22.48, 22.45
2026-09-08, 16:37:11, 22.43, 22.5, 22.75, 22.77, 9999.0, 9999.0, 9999.0, 23.91, 9999.0, 22.59, 9999.0, 22.77, 22.5, 22.32, 22.48, 22.45
2026-09-08, 16:37:15, 22.43, 22.5, 22.75, 22.77, 9999.0, 9999.0, 9999.0, 23.93, 9999.0, 22.59, 9999.0, 22.75, 22.5, 22.32, 22.48, 22.48
2026-09-08, 16:37:19, 22.43, 22.5, 22.77, 22.77, 9999.0, 9999.0, 9999.0, 23.98, 9999.0, 22.57, 9999.0, 22.73, 22.5, 22.3, 22.45, 22.48
2026-09-08, 16:37:23, 22.43, 22.5, 22.77, 22.77, 9999.0, 9999.0, 9999.0, 24.0, 9999.0, 22.55, 9999.0, 22.73, 22.5, 22.3, 22.43, 22.48
2026-09-08, 16:37:27, 22.43, 22.5, 22.77, 22.77, 9999.0, 9999.0, 9999.0, 23.95, 9999.0, 22.52, 9999.0, 22.73, 22.5, 22.3, 22.43, 22.48
2026-09-08, 16:37:31, 22.43, 22.5, 22.77, 22.77, 9999.0, 9999.0, 9999.0, 23.91, 9999.0, 22.48, 9999.0, 22.75, 22.5, 22.3, 22.43, 22.48
2026-09-08, 16:37:35, 22.45, 22.5, 22.77, 22.77, 9999.0, 9999.0, 9999.0, 23.89, 9999.0, 22.45, 9999.0, 22.77, 22.5, 22.32, 22.43, 22.48
2026-09-08, 16:37:39, 22.48, 22.5, 22.77, 22.77, 9999.0, 9999.0, 9999.0, 23.84, 9999.0, 22.48, 9999.0, 22.8, 22.5, 22.32, 22.43, 22.5
2026-09-08, 16:37:43, 22.48, 22.5, 22.77, 22.77, 9999.0, 9999.0, 9999.0, 23.82, 9999.0, 22.48, 9999.0, 22.8, 22.5, 22.3, 22.43, 22.5
2026-09-08, 16:37:47, 22.45, 22.5, 22.77, 22.77, 9999.0, 9999.0, 9999.0, 23.77, 9999.0, 22.48, 9999.0, 22.8, 22.5, 22.3, 22.43, 22.5
2026-09-08, 16:37:51, 22.43, 22.5, 22.77, 22.8, 9999.0, 9999.0, 9999.0, 23.73, 9999.0, 22.5, 9999.0, 22.8, 22.52, 22.3, 22.45, 22.5
2026-09-08, 16:37:55, 22.43, 22.5, 22.77, 22.8, 9999.0, 9999.0, 9999.0, 23.68, 9999.0, 22.52, 9999.0, 22.8, 22.52, 22.3, 22.45, 22.5
2026-09-08, 16:37:59, 22.43, 22.5, 22.8, 22.8, 9999.0, 9999.0, 9999.0, 23.75, 9999.0, 22.55, 9999.0, 22.82, 22.52, 22.3, 22.45, 22.5
2026-09-08, 16:38:03, 22.43, 22.5, 22.77, 22.77, 9999.0, 9999.0, 9999.0, 23.77, 9999.0, 22.57, 9999.0, 22.82, 22.52, 22.3, 22.48, 22.5
2026-09-08, 16:38:07, 22.41, 22.5, 22.77, 22.77, 9999.0, 9999.0, 9999.0, 23.82, 9999.0, 22.59, 9999.0, 22.82, 22.52, 22.32, 22.5, 22.5
2026-09-08, 16:38:11, 22.39, 22.5, 22.77, 22.77, 9999.0, 9999.0, 9999.0, 23.86, 9999.0, 22.59, 9999.0, 22.82, 22.52, 22.32, 22.5, 22.5
2026-09-08, 16:38:15, 22.41, 22.5, 22.77, 22.77, 9999.0, 9999.0, 9999.0, 23.91, 9999.0, 22.64, 9999.0, 22.8, 22.55, 22.34, 22.5, 22.5
2026-09-08, 16:38:19, 22.41, 22.5, 22.77, 22.77, 9999.0, 9999.0, 9999.0, 23.93, 9999.0, 22.66, 9999.0, 22.77, 22.55, 22.32, 22.5, 22.48
2026-09-08, 16:38:24, 22.41, 22.5, 22.77, 22.77, 9999.0, 9999.0, 9999.0, 23.98, 9999.0, 22.64, 9999.0, 22.75, 22.55, 22.32, 22.5, 22.48
2026-09-08, 16:38:28, 22.41, 22.5, 22.77, 22.8, 9999.0, 9999.0, 9999.0, 24.0, 9999.0, 22.64, 9999.0, 22.73, 22.55, 22.32, 22.5, 22.48
2026-09-08, 16:38:32, 22.43, 22.5, 22.77, 22.82, 9999.0, 9999.0, 9999.0, 24.05, 9999.0, 22.64, 9999.0, 22.73, 22.55, 22.32, 22.5, 22.48
2026-09-08, 16:38:36, 22.45, 22.5, 22.77, 22.8, 9999.0, 9999.0, 9999.0, 24.09, 9999.0, 22.61, 9999.0, 22.7, 22.52, 22.32, 22.48, 22.48
2026-09-08, 16:38:40, 22.43, 22.5, 22.77, 22.8, 9999.0, 9999.0, 9999.0, 24.14, 9999.0, 22.59, 9999.0, 22.7, 22.52, 22.3, 22.48, 22.48
2026-09-08, 16:38:44, 22.41, 22.5, 22.75, 22.8, 9999.0, 9999.0, 9999.0, 24.09, 9999.0, 22.57, 9999.0, 22.7, 22.52, 22.3, 22.48, 22.48
2026-09-08, 16:38:48, 22.39, 22.5, 22.75, 22.82, 9999.0, 9999.0, 9999.0, 24.05, 9999.0, 22.55, 9999.0, 22.73, 22.52, 22.3, 22.48, 22.48
2026-09-08, 16:38:52, 22.41, 22.5, 22.75, 22.82, 9999.0, 9999.0, 9999.0, 24.0, 9999.0, 22.52, 9999.0, 22.75, 22.52, 22.27, 22.48, 22.48
2026-09-08, 16:38:56, 22.43, 22.5, 22.75, 22.82, 9999.0, 9999.0, 9999.0, 23.95, 9999.0, 22.52, 9999.0, 22.77, 22.52, 22.27, 22.48, 22.48
2026-09-08, 16:39:00, 22.43, 22.5, 22.75, 22.82, 9999.0, 9999.0, 9999.0, 23.91, 9999.0, 22.52, 9999.0, 22.77, 22.5, 22.27, 22.48, 22.48
2026-09-08, 16:39:04, 22.43, 22.5, 22.75, 22.82, 9999.0, 9999.0, 9999.0, 23.89, 9999.0, 22.52, 9999.0, 22.77, 22.5, 22.27, 22.48, 22.5
2026-09-08, 16:39:08, 22.41, 22.5, 22.75, 22.82, 9999.0, 9999.0, 9999.0, 23.86, 9999.0, 22.55, 9999.0, 22.77, 22.52, 22.3, 22.45, 22.5
2026-09-08, 16:39:12, 22.41, 22.5, 22.75, 22.8, 9999.0, 9999.0, 9999.0, 23.82, 9999.0, 22.57, 9999.0, 22.8, 22.52, 22.3, 22.45, 22.48
2026-09-08, 16:39:16, 22.41, 22.5, 22.75, 22.77, 9999.0, 9999.0, 9999.0, 23.77, 9999.0, 22.59, 9999.0, 22.8, 22.52, 22.3, 22.45, 22.48
2026-09-08, 16:39:20, 22.41, 22.5, 22.75, 22.77, 9999.0, 9999.0, 9999.0, 23.8, 9999.0, 22.61, 9999.0, 22.82, 22.52, 22.3, 22.48, 22.48
2026-09-08, 16:39:24, 22.43, 22.5, 22.75, 22.77, 9999.0, 9999.0, 9999.0, 23.82, 9999.0, 22.64, 9999.0, 22.82, 22.52, 22.3, 22.48, 22.45
2026-09-08, 16:39:28, 22.43, 22.5, 22.75, 22.77, 9999.0, 9999.0, 9999.0, 23.84, 9999.0, 22.66, 9999.0, 22.82, 22.52, 22.3, 22.48, 22.45
2026-09-08, 16:39:32, 22.43, 22.5, 22.75, 22.75, 9999.0, 9999.0, 9999.0, 23.89, 9999.0, 22.66, 9999.0, 22.8, 22.52, 22.3, 22.48, 22.43
2026-09-08, 16:39:36, 22.43, 22.5, 22.75, 22.75, 9999.0, 9999.0, 9999.0, 23.91, 9999.0, 22.66, 9999.0, 22.77, 22.52, 22.3, 22.48, 22.43
2026-09-08, 16:39:40, 22.43, 22.5, 22.75, 22.75, 9999.0, 9999.0, 9999.0, 23.93, 9999.0, 22.66, 9999.0, 22.75, 22.52, 22.3, 22.48, 22.43
2026-09-08, 16:39:44, 22.43, 22.5, 22.75, 22.75, 9999.0, 9999.0, 9999.0, 23.95, 9999.0, 22.64, 9999.0, 22.73, 22.52, 22.27, 22.48, 22.43
2026-09-08, 16:39:48, 22.41, 22.5, 22.75, 22.75, 9999.0, 9999.0, 9999.0, 23.98, 9999.0, 22.64, 9999.0, 22.7, 22.52, 22.27, 22.48, 22.43
2026-09-08, 16:39:52, 22.43, 22.5, 22.75, 22.75, 9999.0, 9999.0, 9999.0, 24.0, 9999.0, 22.61, 9999.0, 22.7, 22.5, 22.25, 22.5, 22.43
2026-09-08, 16:39:56, 22.43, 22.5, 22.75, 22.75, 9999.0, 9999.0, 9999.0, 24.05, 9999.0, 22.59, 9999.0, 22.7, 22.5, 22.25, 22.5, 22.45
2026-09-08, 16:40:00, 22.43, 22.5, 22.75, 22.75, 9999.0, 9999.0, 9999.0, 24.09, 9999.0, 22.57, 9999.0, 22.73, 22.5, 22.25, 22.5, 22.43
2026-09-08, 16:40:04, 22.43, 22.5, 22.75, 22.75, 9999.0, 9999.0, 9999.0, 24.05, 9999.0, 22.55, 9999.0, 22.73, 22.5, 22.25, 22.5, 22.43
2026-09-08, 16:40:08, 22.41, 22.5, 22.75, 22.75, 9999.0, 9999.0, 9999.0, 24.0, 9999.0, 22.52, 9999.0, 22.75, 22.5, 22.27, 22.48, 22.45
2026-09-08, 16:40:12, 22.41, 22.5, 22.75, 22.75, 9999.0, 9999.0, 9999.0, 23.95, 9999.0, 22.5, 9999.0, 22.75, 22.5, 22.27, 22.48, 22.45
2026-09-08, 16:40:16, 22.43, 22.5, 22.75, 22.75, 9999.0, 9999.0, 9999.0, 23.91, 9999.0, 22.52, 9999.0, 22.75, 22.5, 22.27, 22.48, 22.48
2026-09-08, 16:40:20, 22.43, 22.5, 22.75, 22.75, 9999.0, 9999.0, 9999.0, 23.89, 9999.0, 22.55, 9999.0, 22.75, 22.5, 22.27, 22.45, 22.48
2026-09-08, 16:40:24, 22.43, 22.5, 22.75, 22.75, 9999.0, 9999.0, 9999.0, 23.86, 9999.0, 22.57, 9999.0, 22.75, 22.5, 22.27, 22.45, 22.48
2026-09-08, 16:40:28, 22.43, 22.5, 22.75, 22.75, 9999.0, 9999.0, 9999.0, 23.84, 9999.0, 22.59, 9999.0, 22.77, 22.5, 22.27, 22.43, 22.48
2026-09-08, 16:40:32, 22.45, 22.5, 22.75, 22.75, 9999.0, 9999.0, 9999.0, 23.8, 9999.0, 22.61, 9999.0, 22.8, 22.5, 22.3, 22.41, 22.48
2026-09-08, 16:40:36, 22.45, 22.5, 22.75, 22.75, 9999.0, 9999.0, 9999.0, 23.84, 9999.0, 22.64, 9999.0, 22.8, 22.5, 22.3, 22.39, 22.48
2026-09-08, 16:40:40, 22.43, 22.5, 22.77, 22.75, 9999.0, 9999.0, 9999.0, 23.89, 9999.0, 22.66, 9999.0, 22.8, 22.5, 22.3, 22.39, 22.45
2026-09-08, 16:40:44, 22.43, 22.5, 22.77, 22.75, 9999.0, 9999.0, 9999.0, 23.91, 9999.0, 22.68, 9999.0, 22.77, 22.5, 22.3, 22.39, 22.45
2026-09-08, 16:40:48, 22.41, 22.5, 22.77, 22.75, 9999.0, 9999.0, 9999.0, 23.95, 9999.0, 22.7, 9999.0, 22.77, 22.5, 22.32, 22.36, 22.45
2026-09-08, 16:40:52, 22.43, 22.5, 22.77, 22.75, 9999.0, 9999.0, 9999.0, 24.0, 9999.0, 22.73, 9999.0, 22.75, 22.5, 22.32, 22.39, 22.43
2026-09-08, 16:40:56, 22.45, 22.5, 22.77, 22.75, 9999.0, 9999.0, 9999.0, 24.02, 9999.0, 22.75, 9999.0, 22.75, 22.5, 22.32, 22.39, 22.41
2026-09-08, 16:41:00, 22.43, 22.5, 22.77, 22.75, 9999.0, 9999.0, 9999.0, 24.05, 9999.0, 22.75, 9999.0, 22.73, 22.5, 22.32, 22.39, 22.39
2026-09-08, 16:41:04, 22.43, 22.5, 22.77, 22.75, 9999.0, 9999.0, 9999.0, 24.07, 9999.0, 22.73, 9999.0, 22.7, 22.5, 22.32, 22.41, 22.36
2026-09-08, 16:41:08, 22.43, 22.5, 22.77, 22.75, 9999.0, 9999.0, 9999.0, 24.09, 9999.0, 22.7, 9999.0, 22.68, 22.5, 22.32, 22.39, 22.36
2026-09-08, 16:41:12, 22.43, 22.5, 22.77, 22.75, 9999.0, 9999.0, 9999.0, 24.11, 9999.0, 22.68, 9999.0, 22.68, 22.5, 22.32, 22.41, 22.36
2026-09-08, 16:41:16, 22.43, 22.5, 22.77, 22.75, 9999.0, 9999.0, 9999.0, 24.16, 9999.0, 22.66, 9999.0, 22.68, 22.5, 22.3, 22.43, 22.36
2026-09-08, 16:41:20, 22.41, 22.5, 22.77, 22.75, 9999.0, 9999.0, 9999.0, 24.11, 9999.0, 22.64, 9999.0, 22.68, 22.5, 22.3, 22.43, 22.36
2026-09-08, 16:41:24, 22.41, 22.5, 22.75, 22.75, 9999.0, 9999.0, 9999.0, 24.07, 9999.0, 22.61, 9999.0, 22.7, 22.5, 22.3, 22.41, 22.39
2026-09-08, 16:41:28, 22.41, 22.5, 22.75, 22.75, 9999.0, 9999.0, 9999.0, 24.02, 9999.0, 22.59, 9999.0, 22.73, 22.5, 22.3, 22.41, 22.39
2026-09-08, 16:41:32, 22.43, 22.5, 22.75, 22.75, 9999.0, 9999.0, 9999.0, 23.98, 9999.0, 22.59, 9999.0, 22.73, 22.5, 22.27, 22.43, 22.39
2026-09-08, 16:41:36, 22.41, 22.5, 22.75, 22.75, 9999.0, 9999.0, 9999.0, 23.93, 9999.0, 22.59, 9999.0, 22.73, 22.5, 22.25, 22.43, 22.39
2026-09-08, 16:41:40, 22.41, 22.5, 22.77, 22.75, 9999.0, 9999.0, 9999.0, 23.91, 9999.0, 22.59, 9999.0, 22.73, 22.5, 22.25, 22.41, 22.39
2026-09-08, 16:41:44, 22.43, 22.5, 22.77, 22.75, 9999.0, 9999.0, 9999.0, 23.89, 9999.0, 22.61, 9999.0, 22.75, 22.5, 22.27, 22.41, 22.39
2026-09-08, 16:41:48, 22.43, 22.5, 22.77, 22.75, 9999.0, 9999.0, 9999.0, 23.86, 9999.0, 22.66, 9999.0, 22.77, 22.5, 22.27, 22.41, 22.41
2026-09-08, 16:41:52, 22.43, 22.5, 22.77, 22.75, 9999.0, 9999.0, 9999.0, 23.91, 9999.0, 22.68, 9999.0, 22.8, 22.5, 22.27, 22.43, 22.41
2026-09-08, 16:41:56, 22.41, 22.5, 22.77, 22.75, 9999.0, 9999.0, 9999.0, 23.95, 9999.0, 22.7, 9999.0, 22.8, 22.5, 22.27, 22.43, 22.41
2026-09-08, 16:42:00, 22.41, 22.5, 22.77, 22.75, 9999.0, 9999.0, 9999.0, 23.98, 9999.0, 22.75, 9999.0, 22.8, 22.5, 22.27, 22.43, 22.41
2026-09-08, 16:42:04, 22.43, 22.5, 22.77, 22.75, 9999.0, 9999.0, 9999.0, 24.0, 9999.0, 22.77, 9999.0, 22.8, 22.5, 22.27, 22.43, 22.41
2026-09-08, 16:42:08, 22.45, 22.5, 22.77, 22.75, 9999.0, 9999.0, 9999.0, 24.02, 9999.0, 22.8, 9999.0, 22.77, 22.5, 22.27, 22.45, 22.39
2026-09-08, 16:42:12, 22.45, 22.5, 22.77, 22.75, 9999.0, 9999.0, 9999.0, 24.05, 9999.0, 22.82, 9999.0, 22.75, 22.5, 22.27, 22.43, 22.41
2026-09-08, 16:42:17, 22.45, 22.5, 22.77, 22.75, 9999.0, 9999.0, 9999.0, 24.09, 9999.0, 22.8, 9999.0, 22.73, 22.5, 22.27, 22.41, 22.39
2026-09-08, 16:42:21, 22.45, 22.5, 22.77, 22.75, 9999.0, 9999.0, 9999.0, 24.11, 9999.0, 22.8, 9999.0, 22.7, 22.5, 22.27, 22.41, 22.39
2026-09-08, 16:42:25, 22.45, 22.5, 22.75, 22.75, 9999.0, 9999.0, 9999.0, 24.16, 9999.0, 22.77, 9999.0, 22.68, 22.5, 22.27, 22.43, 22.41
2026-09-08, 16:42:29, 22.43, 22.5, 22.75, 22.75, 9999.0, 9999.0, 9999.0, 24.18, 9999.0, 22.73, 9999.0, 22.66, 22.5, 22.25, 22.41, 22.43
2026-09-08, 16:42:33, 22.43, 22.5, 22.75, 22.75, 9999.0, 9999.0, 9999.0, 24.2, 9999.0, 22.7, 9999.0, 22.66, 22.5, 22.25, 22.39, 22.41
2026-09-08, 16:42:37, 22.43, 22.5, 22.75, 22.75, 9999.0, 9999.0, 9999.0, 24.16, 9999.0, 22.68, 9999.0, 22.66, 22.5, 22.25, 22.39, 22.39
2026-09-08, 16:42:41, 22.45, 22.5, 22.75, 22.75, 9999.0, 9999.0, 9999.0, 24.11, 9999.0, 22.66, 9999.0, 22.66, 22.5, 22.25, 22.39, 22.36
2026-09-08, 16:42:45, 22.45, 22.5, 22.75, 22.75, 9999.0, 9999.0, 9999.0, 24.07, 9999.0, 22.64, 9999.0, 22.66, 22.5, 22.25, 22.39, 22.34
2026-09-08, 16:42:49, 22.45, 22.5, 22.75, 22.75, 9999.0, 9999.0, 9999.0, 24.05, 9999.0, 22.61, 9999.0, 22.66, 22.5, 22.25, 22.41, 22.34
2026-09-08, 16:42:53, 22.43, 22.5, 22.75, 22.75, 9999.0, 9999.0, 9999.0, 24.0, 9999.0, 22.61, 9999.0, 22.66, 22.5, 22.25, 22.39, 22.36
2026-09-08, 16:42:57, 22.43, 22.5, 22.75, 22.75, 9999.0, 9999.0, 9999.0, 23.98, 9999.0, 22.61, 9999.0, 22.66, 22.5, 22.25, 22.41, 22.36
2026-09-08, 16:43:01, 22.41, 22.5, 22.75, 22.75, 9999.0, 9999.0, 9999.0, 23.93, 9999.0, 22.66, 9999.0, 22.68, 22.5, 22.25, 22.43, 22.36
2026-09-08, 16:43:05, 22.43, 22.5, 22.75, 22.75, 9999.0, 9999.0, 9999.0, 23.91, 9999.0, 22.66, 9999.0, 22.73, 22.5, 22.27, 22.43, 22.39
2026-09-08, 16:43:09, 22.43, 22.5, 22.75, 22.75, 9999.0, 9999.0, 9999.0, 23.86, 9999.0, 22.68, 9999.0, 22.75, 22.5, 22.27, 22.43, 22.39
2026-09-08, 16:43:13, 22.45, 22.5, 22.75, 22.75, 9999.0, 9999.0, 9999.0, 23.91, 9999.0, 22.7, 9999.0, 22.77, 22.5, 22.27, 22.45, 22.36
2026-09-08, 16:43:17, 22.45, 22.5, 22.75, 22.75, 9999.0, 9999.0, 9999.0, 23.93, 9999.0, 22.7, 9999.0, 22.77, 22.5, 22.27, 22.48, 22.39
2026-09-08, 16:43:21, 22.45, 22.5, 22.75, 22.75, 9999.0, 9999.0, 9999.0, 23.95, 9999.0, 22.73, 9999.0, 22.77, 22.5, 22.27, 22.45, 22.41
2026-09-08, 16:43:25, 22.45, 22.5, 22.75, 22.75, 9999.0, 9999.0, 9999.0, 23.98, 9999.0, 22.75, 9999.0, 22.77, 22.5, 22.27, 22.45, 22.41
2026-09-08, 16:43:29, 22.45, 22.5, 22.75, 22.75, 9999.0, 9999.0, 9999.0, 24.02, 9999.0, 22.75, 9999.0, 22.77, 22.5, 22.27, 22.45, 22.41
2026-09-08, 16:43:33, 22.45, 22.5, 22.75, 22.75, 9999.0, 9999.0, 9999.0, 24.02, 9999.0, 22.77, 9999.0, 22.75, 22.5, 22.27, 22.43, 22.39
2026-09-08, 16:43:37, 22.48, 22.5, 22.75, 22.75, 9999.0, 9999.0, 9999.0, 24.05, 9999.0, 22.77, 9999.0, 22.75, 22.5, 22.27, 22.45, 22.36
2026-09-08, 16:43:41, 22.45, 22.5, 22.75, 22.75, 9999.0, 9999.0, 9999.0, 24.07, 9999.0, 22.77, 9999.0, 22.73, 22.5, 22.27, 22.45, 22.34
2026-09-08, 16:43:45, 22.48, 22.5, 22.75, 22.75, 9999.0, 9999.0, 9999.0, 24.11, 9999.0, 22.75, 9999.0, 22.7, 22.5, 22.27, 22.43, 22.34
2026-09-08, 16:43:49, 22.48, 22.5, 22.75, 22.75, 9999.0, 9999.0, 9999.0, 24.14, 9999.0, 22.73, 9999.0, 22.68, 22.5, 22.25, 22.41, 22.32
2026-09-08, 16:43:53, 22.45, 22.5, 22.75, 22.75, 9999.0, 9999.0, 9999.0, 24.16, 9999.0, 22.7, 9999.0, 22.68, 22.5, 22.25, 22.39, 22.3
2026-09-08, 16:43:57, 22.43, 22.5, 22.75, 22.75, 9999.0, 9999.0, 9999.0, 24.11, 9999.0, 22.68, 9999.0, 22.7, 22.5, 22.25, 22.39, 22.3
2026-09-08, 16:44:01, 22.43, 22.5, 22.75, 22.75, 9999.0, 9999.0, 9999.0, 24.09, 9999.0, 22.66, 9999.0, 22.7, 22.5, 22.25, 22.39, 22.27
2026-09-08, 16:44:05, 22.41, 22.5, 22.75, 22.75, 9999.0, 9999.0, 9999.0, 24.07, 9999.0, 22.64, 9999.0, 22.7, 22.5, 22.25, 22.41, 22.25
2026-09-08, 16:44:09, 22.39, 22.5, 22.75, 22.77, 9999.0, 9999.0, 9999.0, 24.02, 9999.0, 22.64, 9999.0, 22.7, 22.5, 22.27, 22.39, 22.25
2026-09-08, 16:44:13, 22.36, 22.5, 22.75, 22.77, 9999.0, 9999.0, 9999.0, 23.98, 9999.0, 22.64, 9999.0, 22.7, 22.5, 22.27, 22.39, 22.27
2026-09-08, 16:44:17, 22.34, 22.5, 22.75, 22.77, 9999.0, 9999.0, 9999.0, 23.95, 9999.0, 22.66, 9999.0, 22.73, 22.5, 22.27, 22.41, 22.27
2026-09-08, 16:44:21, 22.34, 22.5, 22.75, 22.77, 9999.0, 9999.0, 9999.0, 23.93, 9999.0, 22.68, 9999.0, 22.73, 22.5, 22.3, 22.41, 22.27
2026-09-08, 16:44:25, 22.34, 22.5, 22.75, 22.77, 9999.0, 9999.0, 9999.0, 23.89, 9999.0, 22.7, 9999.0, 22.75, 22.5, 22.3, 22.41, 22.27
2026-09-08, 16:44:29, 22.32, 22.5, 22.75, 22.77, 9999.0, 9999.0, 9999.0, 23.91, 9999.0, 22.7, 9999.0, 22.77, 22.5, 22.3, 22.41, 22.3
2026-09-08, 16:44:33, 22.3, 22.5, 22.75, 22.77, 9999.0, 9999.0, 9999.0, 23.95, 9999.0, 22.73, 9999.0, 22.77, 22.5, 22.3, 22.43, 22.3
2026-09-08, 16:44:37, 22.3, 22.5, 22.75, 22.77, 9999.0, 9999.0, 9999.0, 23.98, 9999.0, 22.75, 9999.0, 22.77, 22.5, 22.3, 22.43, 22.32
2026-09-08, 16:44:41, 22.3, 22.5, 22.75, 22.77, 9999.0, 9999.0, 9999.0, 24.0, 9999.0, 22.77, 9999.0, 22.75, 22.5, 22.3, 22.43, 22.32
2026-09-08, 16:44:45, 22.27, 22.5, 22.75, 22.77, 9999.0, 9999.0, 9999.0, 24.02, 9999.0, 22.8, 9999.0, 22.73, 22.5, 22.3, 22.43, 22.32
2026-09-08, 16:44:49, 22.27, 22.5, 22.75, 22.77, 9999.0, 9999.0, 9999.0, 24.05, 9999.0, 22.82, 9999.0, 22.73, 22.5, 22.3, 22.41, 22.32
2026-09-08, 16:44:53, 22.27, 22.5, 22.75, 22.75, 9999.0, 9999.0, 9999.0, 24.09, 9999.0, 22.82, 9999.0, 22.73, 22.5, 22.27, 22.43, 22.32
2026-09-08, 16:44:57, 22.3, 22.5, 22.75, 22.75, 9999.0, 9999.0, 9999.0, 24.11, 9999.0, 22.82, 9999.0, 22.7, 22.5, 22.27, 22.41, 22.3
2026-09-08, 16:45:01, 22.3, 22.5, 22.75, 22.77, 9999.0, 9999.0, 9999.0, 24.14, 9999.0, 22.8, 9999.0, 22.68, 22.5, 22.27, 22.39, 22.32
2026-09-08, 16:45:05, 22.3, 22.5, 22.75, 22.77, 9999.0, 9999.0, 9999.0, 24.18, 9999.0, 22.75, 9999.0, 22.68, 22.5, 22.25, 22.36, 22.32
2026-09-08, 16:45:09, 22.32, 22.5, 22.75, 22.77, 9999.0, 9999.0, 9999.0, 24.23, 9999.0, 22.73, 9999.0, 22.68, 22.5, 22.27, 22.36, 22.32
2026-09-08, 16:45:13, 22.32, 22.5, 22.75, 22.8, 9999.0, 9999.0, 9999.0, 24.18, 9999.0, 22.7, 9999.0, 22.68, 22.5, 22.27, 22.36, 22.3
2026-09-08, 16:45:17, 22.32, 22.5, 22.75, 22.8, 9999.0, 9999.0, 9999.0, 24.11, 9999.0, 22.68, 9999.0, 22.7, 22.5, 22.27, 22.34, 22.3
2026-09-08, 16:45:21, 22.34, 22.5, 22.75, 22.8, 9999.0, 9999.0, 9999.0, 24.07, 9999.0, 22.66, 9999.0, 22.73, 22.5, 22.27, 22.36, 22.27
2026-09-08, 16:45:25, 22.36, 22.5, 22.77, 22.8, 9999.0, 9999.0, 9999.0, 24.02, 9999.0, 22.66, 9999.0, 22.75, 22.5, 22.27, 22.36, 22.27
2026-09-08, 16:45:29, 22.36, 22.5, 22.77, 22.8, 9999.0, 9999.0, 9999.0, 23.98, 9999.0, 22.66, 9999.0, 22.8, 22.5, 22.27, 22.34, 22.27
2026-09-08, 16:45:33, 22.39, 22.5, 22.77, 22.8, 9999.0, 9999.0, 9999.0, 23.93, 9999.0, 22.66, 9999.0, 22.82, 22.5, 22.27, 22.36, 22.27
2026-09-08, 16:45:37, 22.41, 22.5, 22.77, 22.8, 9999.0, 9999.0, 9999.0, 23.89, 9999.0, 22.68, 9999.0, 22.82, 22.5, 22.27, 22.36, 22.27
2026-09-08, 16:45:41, 22.39, 22.5, 22.77, 22.8, 9999.0, 9999.0, 9999.0, 23.84, 9999.0, 22.7, 9999.0, 22.84, 22.5, 22.27, 22.36, 22.3
2026-09-08, 16:45:45, 22.39, 22.5, 22.77, 22.77, 9999.0, 9999.0, 9999.0, 23.89, 9999.0, 22.7, 9999.0, 22.86, 22.5, 22.27, 22.36, 22.3
2026-09-08, 16:45:49, 22.36, 22.5, 22.77, 22.77, 9999.0, 9999.0, 9999.0, 23.89, 9999.0, 22.75, 9999.0, 22.86, 22.5, 22.27, 22.39, 22.32
2026-09-08, 16:45:53, 22.36, 22.5, 22.77, 22.77, 9999.0, 9999.0, 9999.0, 23.91, 9999.0, 22.75, 9999.0, 22.86, 22.5, 22.25, 22.36, 22.32
2026-09-08, 16:45:57, 22.36, 22.5, 22.77, 22.75, 9999.0, 9999.0, 9999.0, 23.93, 9999.0, 22.77, 9999.0, 22.86, 22.5, 22.25, 22.39, 22.32
2026-09-08, 16:46:01, 22.39, 22.5, 22.77, 22.75, 9999.0, 9999.0, 9999.0, 23.98, 9999.0, 22.8, 9999.0, 22.84, 22.5, 22.27, 22.41, 22.32
2026-09-08, 16:46:05, 22.36, 22.5, 22.77, 22.75, 9999.0, 9999.0, 9999.0, 24.02, 9999.0, 22.8, 9999.0, 22.82, 22.5, 22.27, 22.41, 22.32
2026-09-08, 16:46:10, 22.34, 22.5, 22.75, 22.75, 9999.0, 9999.0, 9999.0, 24.05, 9999.0, 22.77, 9999.0, 22.8, 22.5, 22.27, 22.41, 22.34
2026-09-08, 16:46:14, 22.34, 22.5, 22.75, 22.75, 9999.0, 9999.0, 9999.0, 24.07, 9999.0, 22.75, 9999.0, 22.75, 22.5, 22.27, 22.43, 22.34
2026-09-08, 16:46:18, 22.32, 22.5, 22.75, 22.75, 9999.0, 9999.0, 9999.0, 24.09, 9999.0, 22.75, 9999.0, 22.73, 22.5, 22.3, 22.43, 22.34
2026-09-08, 16:46:22, 22.3, 22.5, 22.75, 22.75, 9999.0, 9999.0, 9999.0, 24.11, 9999.0, 22.7, 9999.0, 22.73, 22.5, 22.3, 22.41, 22.36
2026-09-08, 16:46:26, 22.32, 22.5, 22.75, 22.75, 9999.0, 9999.0, 9999.0, 24.16, 9999.0, 22.66, 9999.0, 22.73, 22.5, 22.3, 22.41, 22.34
2026-09-08, 16:46:30, 22.34, 22.5, 22.75, 22.75, 9999.0, 9999.0, 9999.0, 24.11, 9999.0, 22.64, 9999.0, 22.73, 22.5, 22.3, 22.43, 22.34
2026-09-08, 16:46:34, 22.36, 22.5, 22.75, 22.75, 9999.0, 9999.0, 9999.0, 24.07, 9999.0, 22.59, 9999.0, 22.75, 22.5, 22.3, 22.43, 22.34
2026-09-08, 16:46:38, 22.36, 22.5, 22.75, 22.75, 9999.0, 9999.0, 9999.0, 24.02, 9999.0, 22.57, 9999.0, 22.77, 22.5, 22.32, 22.45, 22.34
2026-09-08, 16:46:42, 22.36, 22.5, 22.75, 22.75, 9999.0, 9999.0, 9999.0, 23.98, 9999.0, 22.57, 9999.0, 22.8, 22.5, 22.34, 22.43, 22.34
2026-09-08, 16:46:46, 22.36, 22.5, 22.75, 22.77, 9999.0, 9999.0, 9999.0, 23.93, 9999.0, 22.55, 9999.0, 22.82, 22.5, 22.32, 22.41, 22.36
2026-09-08, 16:46:50, 22.39, 22.5, 22.75, 22.77, 9999.0, 9999.0, 9999.0, 23.89, 9999.0, 22.57, 9999.0, 22.82, 22.5, 22.32, 22.41, 22.36
2026-09-08, 16:46:54, 22.41, 22.5, 22.77, 22.77, 9999.0, 9999.0, 9999.0, 23.86, 9999.0, 22.59, 9999.0, 22.82, 22.52, 22.32, 22.39, 22.34
2026-09-08, 16:46:58, 22.41, 22.5, 22.77, 22.77, 9999.0, 9999.0, 9999.0, 23.82, 9999.0, 22.61, 9999.0, 22.84, 22.52, 22.34, 22.39, 22.34
2026-09-08, 16:47:02, 22.41, 22.5, 22.77, 22.77, 9999.0, 9999.0, 9999.0, 23.77, 9999.0, 22.61, 9999.0, 22.84, 22.52, 22.32, 22.39, 22.34
2026-09-08, 16:47:06, 22.43, 22.5, 22.77, 22.77, 9999.0, 9999.0, 9999.0, 23.8, 9999.0, 22.64, 9999.0, 22.84, 22.52, 22.32, 22.41, 22.32
2026-09-08, 16:47:10, 22.41, 22.5, 22.77, 22.77, 9999.0, 9999.0, 9999.0, 23.82, 9999.0, 22.66, 9999.0, 22.84, 22.52, 22.32, 22.43, 22.34
2026-09-08, 16:47:14, 22.39, 22.5, 22.77, 22.77, 9999.0, 9999.0, 9999.0, 23.84, 9999.0, 22.68, 9999.0, 22.84, 22.52, 22.32, 22.41, 22.34
2026-09-08, 16:47:18, 22.36, 22.5, 22.77, 22.77, 9999.0, 9999.0, 9999.0, 23.89, 9999.0, 22.7, 9999.0, 22.82, 22.52, 22.32, 22.39, 22.32
2026-09-08, 16:47:22, 22.36, 22.5, 22.77, 22.77, 9999.0, 9999.0, 9999.0, 23.91, 9999.0, 22.73, 9999.0, 22.8, 22.52, 22.3, 22.39, 22.34
2026-09-08, 16:47:26, 22.39, 22.5, 22.77, 22.77, 9999.0, 9999.0, 9999.0, 23.93, 9999.0, 22.73, 9999.0, 22.77, 22.52, 22.27, 22.41, 22.34
2026-09-08, 16:47:30, 22.39, 22.5, 22.77, 22.75, 9999.0, 9999.0, 9999.0, 23.95, 9999.0, 22.73, 9999.0, 22.73, 22.52, 22.27, 22.43, 22.32
2026-09-08, 16:47:34, 22.36, 22.5, 22.77, 22.75, 9999.0, 9999.0, 9999.0, 24.0, 9999.0, 22.7, 9999.0, 22.7, 22.52, 22.27, 22.43, 22.34
2026-09-08, 16:47:38, 22.34, 22.5, 22.75, 22.75, 9999.0, 9999.0, 9999.0, 24.02, 9999.0, 22.68, 9999.0, 22.68, 22.5, 22.3, 22.45, 22.34
2026-09-08, 16:47:42, 22.36, 22.5, 22.75, 22.77, 9999.0, 9999.0, 9999.0, 24.07, 9999.0, 22.66, 9999.0, 22.68, 22.5, 22.27, 22.43, 22.36
2026-09-08, 16:47:46, 22.36, 22.5, 22.75, 22.77, 9999.0, 9999.0, 9999.0, 24.11, 9999.0, 22.64, 9999.0, 22.68, 22.5, 22.27, 22.41, 22.36
2026-09-08, 16:47:50, 22.36, 22.5, 22.75, 22.77, 9999.0, 9999.0, 9999.0, 24.07, 9999.0, 22.59, 9999.0, 22.68, 22.5, 22.3, 22.41, 22.36
2026-09-08, 16:47:54, 22.39, 22.5, 22.75, 22.77, 9999.0, 9999.0, 9999.0, 24.02, 9999.0, 22.57, 9999.0, 22.7, 22.5, 22.32, 22.41, 22.34
2026-09-08, 16:47:58, 22.41, 22.5, 22.75, 22.77, 9999.0, 9999.0, 9999.0, 23.98, 9999.0, 22.52, 9999.0, 22.73, 22.5, 22.32, 22.43, 22.34
2026-09-08, 16:48:02, 22.41, 22.5, 22.75, 22.77, 9999.0, 9999.0, 9999.0, 23.93, 9999.0, 22.52, 9999.0, 22.75, 22.5, 22.32, 22.45, 22.34
2026-09-08, 16:48:06, 22.41, 22.5, 22.75, 22.77, 9999.0, 9999.0, 9999.0, 23.91, 9999.0, 22.52, 9999.0, 22.75, 22.5, 22.34, 22.43, 22.32
2026-09-08, 16:48:10, 22.41, 22.5, 22.75, 22.77, 9999.0, 9999.0, 9999.0, 23.89, 9999.0, 22.52, 9999.0, 22.77, 22.5, 22.34, 22.41, 22.32
2026-09-08, 16:48:14, 22.41, 22.5, 22.77, 22.77, 9999.0, 9999.0, 9999.0, 23.84, 9999.0, 22.55, 9999.0, 22.82, 22.5, 22.34, 22.41, 22.34
2026-09-08, 16:48:18, 22.43, 22.5, 22.77, 22.77, 9999.0, 9999.0, 9999.0, 23.8, 9999.0, 22.57, 9999.0, 22.84, 22.52, 22.36, 22.39, 22.32
2026-09-08, 16:48:22, 22.45, 22.5, 22.77, 22.77, 9999.0, 9999.0, 9999.0, 23.82, 9999.0, 22.59, 9999.0, 22.86, 22.52, 22.34, 22.39, 22.32
2026-09-08, 16:48:26, 22.45, 22.5, 22.77, 22.75, 9999.0, 9999.0, 9999.0, 23.84, 9999.0, 22.61, 9999.0, 22.86, 22.52, 22.34, 22.41, 22.32
2026-09-08, 16:48:30, 22.45, 22.5, 22.77, 22.75, 9999.0, 9999.0, 9999.0, 23.86, 9999.0, 22.61, 9999.0, 22.86, 22.52, 22.34, 22.43, 22.34
2026-09-08, 16:48:34, 22.45, 22.5, 22.77, 22.75, 9999.0, 9999.0, 9999.0, 23.89, 9999.0, 22.64, 9999.0, 22.86, 22.52, 22.32, 22.43, 22.36
2026-09-08, 16:48:38, 22.45, 22.5, 22.77, 22.75, 9999.0, 9999.0, 9999.0, 23.91, 9999.0, 22.64, 9999.0, 22.84, 22.52, 22.3, 22.43, 22.36
2026-09-08, 16:48:42, 22.45, 22.5, 22.8, 22.75, 9999.0, 9999.0, 9999.0, 23.93, 9999.0, 22.66, 9999.0, 22.82, 22.52, 22.3, 22.43, 22.34
2026-09-08, 16:48:46, 22.45, 22.5, 22.8, 22.75, 9999.0, 9999.0, 9999.0, 23.95, 9999.0, 22.64, 9999.0, 22.77, 22.52, 22.3, 22.41, 22.36
2026-09-08, 16:48:50, 22.43, 22.5, 22.8, 22.75, 9999.0, 9999.0, 9999.0, 23.98, 9999.0, 22.61, 9999.0, 22.77, 22.52, 22.27, 22.41, 22.36
2026-09-08, 16:48:54, 22.41, 22.5, 22.82, 22.75, 9999.0, 9999.0, 9999.0, 24.0, 9999.0, 22.59, 9999.0, 22.73, 22.52, 22.27, 22.43, 22.39
2026-09-08, 16:48:58, 22.39, 22.5, 22.8, 22.75, 9999.0, 9999.0, 9999.0, 24.05, 9999.0, 22.57, 9999.0, 22.7, 22.52, 22.27, 22.41, 22.36
2026-09-08, 16:49:02, 22.36, 22.5, 22.8, 22.75, 9999.0, 9999.0, 9999.0, 24.07, 9999.0, 22.52, 9999.0, 22.7, 22.5, 22.25, 22.43, 22.36
2026-09-08, 16:49:06, 22.34, 22.5, 22.8, 22.75, 9999.0, 9999.0, 9999.0, 24.02, 9999.0, 22.5, 9999.0, 22.7, 22.5, 22.25, 22.43, 22.36
2026-09-08, 16:49:10, 22.32, 22.5, 22.8, 22.75, 9999.0, 9999.0, 9999.0, 23.98, 9999.0, 22.45, 9999.0, 22.73, 22.5, 22.27, 22.43, 22.34
2026-09-08, 16:49:14, 22.32, 22.5, 22.8, 22.75, 9999.0, 9999.0, 9999.0, 23.93, 9999.0, 22.45, 9999.0, 22.75, 22.5, 22.27, 22.41, 22.34
2026-09-08, 16:49:18, 22.32, 22.5, 22.8, 22.75, 9999.0, 9999.0, 9999.0, 23.91, 9999.0, 22.45, 9999.0, 22.77, 22.5, 22.27, 22.41, 22.34
2026-09-08, 16:49:22, 22.32, 22.5, 22.8, 22.77, 9999.0, 9999.0, 9999.0, 23.89, 9999.0, 22.45, 9999.0, 22.77, 22.5, 22.27, 22.41, 22.34
2026-09-08, 16:49:26, 22.3, 22.5, 22.77, 22.77, 9999.0, 9999.0, 9999.0, 23.84, 9999.0, 22.45, 9999.0, 22.8, 22.5, 22.3, 22.39, 22.36
2026-09-08, 16:49:30, 22.32, 22.5, 22.77, 22.77, 9999.0, 9999.0, 9999.0, 23.8, 9999.0, 22.48, 9999.0, 22.82, 22.5, 22.3, 22.41, 22.36
2026-09-08, 16:49:34, 22.34, 22.5, 22.77, 22.77, 9999.0, 9999.0, 9999.0, 23.75, 9999.0, 22.5, 9999.0, 22.82, 22.52, 22.32, 22.41, 22.36
2026-09-08, 16:49:38, 22.36, 22.5, 22.75, 22.77, 9999.0, 9999.0, 9999.0, 23.77, 9999.0, 22.52, 9999.0, 22.84, 22.52, 22.34, 22.39, 22.36
2026-09-08, 16:49:42, 22.39, 22.5, 22.75, 22.77, 9999.0, 9999.0, 9999.0, 23.8, 9999.0, 22.55, 9999.0, 22.84, 22.52, 22.34, 22.39, 22.39
2026-09-08, 16:49:46, 22.41, 22.5, 22.77, 22.77, 9999.0, 9999.0, 9999.0, 23.82, 9999.0, 22.57, 9999.0, 22.84, 22.52, 22.34, 22.36, 22.41
2026-09-08, 16:49:50, 22.43, 22.5, 22.77, 22.77, 9999.0, 9999.0, 9999.0, 23.86, 9999.0, 22.57, 9999.0, 22.84, 22.52, 22.34, 22.34, 22.43
2026-09-08, 16:49:54, 22.45, 22.5, 22.77, 22.77, 9999.0, 9999.0, 9999.0, 23.89, 9999.0, 22.59, 9999.0, 22.82, 22.52, 22.32, 22.32, 22.45
2026-09-08, 16:49:59, 22.48, 22.5, 22.77, 22.77, 9999.0, 9999.0, 9999.0, 23.91, 9999.0, 22.59, 9999.0, 22.8, 22.52, 22.32, 22.34, 22.43
2026-09-08, 16:50:03, 22.45, 22.5, 22.77, 22.77, 9999.0, 9999.0, 9999.0, 23.93, 9999.0, 22.59, 9999.0, 22.75, 22.52, 22.32, 22.34, 22.41
2026-09-08, 16:50:07, 22.45, 22.5, 22.77, 22.75, 9999.0, 9999.0, 9999.0, 23.95, 9999.0, 22.57, 9999.0, 22.75, 22.52, 22.32, 22.32, 22.43
2026-09-08, 16:50:11, 22.45, 22.5, 22.77, 22.75, 9999.0, 9999.0, 9999.0, 24.0, 9999.0, 22.57, 9999.0, 22.73, 22.52, 22.32, 22.32, 22.43
2026-09-08, 16:50:15, 22.43, 22.5, 22.77, 22.75, 9999.0, 9999.0, 9999.0, 24.05, 9999.0, 22.55, 9999.0, 22.73, 22.52, 22.32, 22.32, 22.43
2026-09-08, 16:50:19, 22.43, 22.5, 22.77, 22.75, 9999.0, 9999.0, 9999.0, 24.09, 9999.0, 22.52, 9999.0, 22.73, 22.5, 22.3, 22.32, 22.45
2026-09-08, 16:50:23, 22.41, 22.5, 22.77, 22.77, 9999.0, 9999.0, 9999.0, 24.07, 9999.0, 22.5, 9999.0, 22.73, 22.5, 22.3, 22.34, 22.43
2026-09-08, 16:50:27, 22.39, 22.5, 22.77, 22.77, 9999.0, 9999.0, 9999.0, 24.02, 9999.0, 22.48, 9999.0, 22.73, 22.5, 22.32, 22.36, 22.41
2026-09-08, 16:50:31, 22.39, 22.5, 22.75, 22.77, 9999.0, 9999.0, 9999.0, 23.98, 9999.0, 22.48, 9999.0, 22.75, 22.5, 22.34, 22.39, 22.41
2026-09-08, 16:50:35, 22.39, 22.5, 22.75, 22.77, 9999.0, 9999.0, 9999.0, 23.93, 9999.0, 22.48, 9999.0, 22.77, 22.5, 22.34, 22.41, 22.39
2026-09-08, 16:50:39, 22.36, 22.5, 22.75, 22.8, 9999.0, 9999.0, 9999.0, 23.91, 9999.0, 22.48, 9999.0, 22.77, 22.5, 22.36, 22.43, 22.39
2026-09-08, 16:50:43, 22.34, 22.5, 22.75, 22.8, 9999.0, 9999.0, 9999.0, 23.86, 9999.0, 22.48, 9999.0, 22.77, 22.5, 22.39, 22.43, 22.41
2026-09-08, 16:50:47, 22.34, 22.5, 22.75, 22.8, 9999.0, 9999.0, 9999.0, 23.84, 9999.0, 22.5, 9999.0, 22.8, 22.52, 22.41, 22.43, 22.41
2026-09-08, 16:50:51, 22.32, 22.5, 22.75, 22.8, 9999.0, 9999.0, 9999.0, 23.8, 9999.0, 22.52, 9999.0, 22.8, 22.52, 22.43, 22.43, 22.41
2026-09-08, 16:50:55, 22.34, 22.5, 22.75, 22.8, 9999.0, 9999.0, 9999.0, 23.82, 9999.0, 22.55, 9999.0, 22.8, 22.52, 22.41, 22.43, 22.41
2026-09-08, 16:50:59, 22.36, 22.5, 22.75, 22.82, 9999.0, 9999.0, 9999.0, 23.84, 9999.0, 22.55, 9999.0, 22.8, 22.52, 22.41, 22.43, 22.39
2026-09-08, 16:51:03, 22.36, 22.5, 22.75, 22.84, 9999.0, 9999.0, 9999.0, 23.86, 9999.0, 22.55, 9999.0, 22.8, 22.52, 22.41, 22.43, 22.39
2026-09-08, 16:51:07, 22.36, 22.5, 22.75, 22.82, 9999.0, 9999.0, 9999.0, 23.89, 9999.0, 22.55, 9999.0, 22.8, 22.52, 22.39, 22.41, 22.41
2026-09-08, 16:51:11, 22.36, 22.5, 22.75, 22.82, 9999.0, 9999.0, 9999.0, 23.93, 9999.0, 22.55, 9999.0, 22.8, 22.52, 22.36, 22.41, 22.41
2026-09-08, 16:51:15, 22.36, 22.5, 22.75, 22.82, 9999.0, 9999.0, 9999.0, 23.95, 9999.0, 22.52, 9999.0, 22.77, 22.52, 22.34, 22.41, 22.41
2026-09-08, 16:51:19, 22.34, 22.5, 22.75, 22.82, 9999.0, 9999.0, 9999.0, 23.98, 9999.0, 22.52, 9999.0, 22.73, 22.52, 22.34, 22.41, 22.41
2026-09-08, 16:51:23, 22.34, 22.5, 22.75, 22.8, 9999.0, 9999.0, 9999.0, 24.0, 9999.0, 22.52, 9999.0, 22.73, 22.52, 22.34, 22.39, 22.39
2026-09-08, 16:51:27, 22.36, 22.5, 22.75, 22.8, 9999.0, 9999.0, 9999.0, 24.05, 9999.0, 22.52, 9999.0, 22.7, 22.52, 22.32, 22.39, 22.39
2026-09-08, 16:51:31, 22.39, 22.5, 22.75, 22.8, 9999.0, 9999.0, 9999.0, 24.07, 9999.0, 22.5, 9999.0, 22.7, 22.5, 22.3, 22.36, 22.41
2026-09-08, 16:51:35, 22.39, 22.5, 22.75, 22.8, 9999.0, 9999.0, 9999.0, 24.11, 9999.0, 22.48, 9999.0, 22.7, 22.5, 22.27, 22.36, 22.41
2026-09-08, 16:51:39, 22.39, 22.5, 22.75, 22.8, 9999.0, 9999.0, 9999.0, 24.09, 9999.0, 22.43, 9999.0, 22.7, 22.5, 22.27, 22.36, 22.41
2026-09-08, 16:51:43, 22.39, 22.5, 22.75, 22.77, 9999.0, 9999.0, 9999.0, 24.05, 9999.0, 22.41, 9999.0, 22.73, 22.5, 22.27, 22.36, 22.43
2026-09-08, 16:51:47, 22.36, 22.5, 22.75, 22.77, 9999.0, 9999.0, 9999.0, 24.0, 9999.0, 22.39, 9999.0, 22.75, 22.5, 22.27, 22.39, 22.43
2026-09-08, 16:51:51, 22.39, 22.5, 22.75, 22.77, 9999.0, 9999.0, 9999.0, 23.95, 9999.0, 22.36, 9999.0, 22.77, 22.5, 22.27, 22.41, 22.41
2026-09-08, 16:51:55, 22.41, 22.5, 22.75, 22.77, 9999.0, 9999.0, 9999.0, 23.91, 9999.0, 22.36, 9999.0, 22.77, 22.5, 22.3, 22.41, 22.43
2026-09-08, 16:51:59, 22.41, 22.5, 22.75, 22.8, 9999.0, 9999.0, 9999.0, 23.89, 9999.0, 22.39, 9999.0, 22.77, 22.5, 22.3, 22.41, 22.43
2026-09-08, 16:52:03, 22.43, 22.5, 22.75, 22.8, 9999.0, 9999.0, 9999.0, 23.86, 9999.0, 22.41, 9999.0, 22.8, 22.5, 22.32, 22.39, 22.43
2026-09-08, 16:52:07, 22.43, 22.5, 22.75, 22.8, 9999.0, 9999.0, 9999.0, 23.82, 9999.0, 22.43, 9999.0, 22.8, 22.52, 22.3, 22.41, 22.45
2026-09-08, 16:52:11, 22.43, 22.5, 22.75, 22.8, 9999.0, 9999.0, 9999.0, 23.77, 9999.0, 22.43, 9999.0, 22.82, 22.52, 22.32, 22.41, 22.45
2026-09-08, 16:52:15, 22.43, 22.5, 22.75, 22.82, 9999.0, 9999.0, 9999.0, 23.8, 9999.0, 22.43, 9999.0, 22.82, 22.52, 22.32, 22.43, 22.43
2026-09-08, 16:52:19, 22.45, 22.5, 22.75, 22.82, 9999.0, 9999.0, 9999.0, 23.82, 9999.0, 22.45, 9999.0, 22.82, 22.52, 22.32, 22.45, 22.43
2026-09-08, 16:52:23, 22.45, 22.5, 22.75, 22.82, 9999.0, 9999.0, 9999.0, 23.84, 9999.0, 22.48, 9999.0, 22.82, 22.52, 22.32, 22.48, 22.43
2026-09-08, 16:52:27, 22.43, 22.5, 22.75, 22.82, 9999.0, 9999.0, 9999.0, 23.86, 9999.0, 22.5, 9999.0, 22.8, 22.52, 22.32, 22.45, 22.43
2026-09-08, 16:52:31, 22.43, 22.5, 22.75, 22.82, 9999.0, 9999.0, 9999.0, 23.89, 9999.0, 22.5, 9999.0, 22.77, 22.52, 22.32, 22.45, 22.41
2026-09-08, 16:52:35, 22.41, 22.5, 22.75, 22.84, 9999.0, 9999.0, 9999.0, 23.91, 9999.0, 22.52, 9999.0, 22.75, 22.52, 22.34, 22.45, 22.41
2026-09-08, 16:52:39, 22.41, 22.5, 22.75, 22.84, 9999.0, 9999.0, 9999.0, 23.93, 9999.0, 22.5, 9999.0, 22.75, 22.52, 22.32, 22.45, 22.41
2026-09-08, 16:52:43, 22.41, 22.5, 22.75, 22.82, 9999.0, 9999.0, 9999.0, 23.95, 9999.0, 22.48, 9999.0, 22.73, 22.52, 22.32, 22.45, 22.41
2026-09-08, 16:52:47, 22.41, 22.5, 22.75, 22.82, 9999.0, 9999.0, 9999.0, 23.98, 9999.0, 22.43, 9999.0, 22.7, 22.52, 22.3, 22.45, 22.43
2026-09-08, 16:52:51, 22.41, 22.5, 22.75, 22.82, 9999.0, 9999.0, 9999.0, 24.02, 9999.0, 22.39, 9999.0, 22.7, 22.5, 22.3, 22.43, 22.43
2026-09-08, 16:52:55, 22.41, 22.5, 22.75, 22.82, 9999.0, 9999.0, 9999.0, 24.05, 9999.0, 22.36, 9999.0, 22.7, 22.5, 22.27, 22.43, 22.41
2026-09-08, 16:52:59, 22.41, 22.5, 22.75, 22.8, 9999.0, 9999.0, 9999.0, 24.0, 9999.0, 22.34, 9999.0, 22.7, 22.5, 22.3, 22.43, 22.41
2026-09-08, 16:53:03, 22.41, 22.5, 22.75, 22.8, 9999.0, 9999.0, 9999.0, 23.95, 9999.0, 22.32, 9999.0, 22.73, 22.5, 22.32, 22.43, 22.41
2026-09-08, 16:53:07, 22.41, 22.5, 22.75, 22.82, 9999.0, 9999.0, 9999.0, 23.91, 9999.0, 22.27, 9999.0, 22.73, 22.5, 22.32, 22.43, 22.39
2026-09-08, 16:53:11, 22.43, 22.5, 22.75, 22.82, 9999.0, 9999.0, 9999.0, 23.89, 9999.0, 22.27, 9999.0, 22.75, 22.5, 22.32, 22.45, 22.39
2026-09-08, 16:53:15, 22.43, 22.5, 22.75, 22.8, 9999.0, 9999.0, 9999.0, 23.86, 9999.0, 22.3, 9999.0, 22.75, 22.5, 22.32, 22.45, 22.41
2026-09-08, 16:53:19, 22.43, 22.5, 22.77, 22.77, 9999.0, 9999.0, 9999.0, 23.84, 9999.0, 22.3, 9999.0, 22.75, 22.5, 22.3, 22.45, 22.41
2026-09-08, 16:53:23, 22.43, 22.5, 22.8, 22.77, 9999.0, 9999.0, 9999.0, 23.8, 9999.0, 22.32, 9999.0, 22.75, 22.52, 22.3, 22.45, 22.39
2026-09-08, 16:53:27, 22.43, 22.5, 22.8, 22.77, 9999.0, 9999.0, 9999.0, 23.75, 9999.0, 22.34, 9999.0, 22.77, 22.52, 22.3, 22.45, 22.36
2026-09-08, 16:53:31, 22.41, 22.5, 22.8, 22.8, 9999.0, 9999.0, 9999.0, 23.77, 9999.0, 22.36, 9999.0, 22.8, 22.52, 22.3, 22.48, 22.36
2026-09-08, 16:53:35, 22.41, 22.5, 22.82, 22.8, 9999.0, 9999.0, 9999.0, 23.8, 9999.0, 22.39, 9999.0, 22.8, 22.52, 22.3, 22.48, 22.36
2026-09-08, 16:53:39, 22.41, 22.5, 22.82, 22.82, 9999.0, 9999.0, 9999.0, 23.82, 9999.0, 22.41, 9999.0, 22.8, 22.52, 22.3, 22.45, 22.39
2026-09-08, 16:53:43, 22.39, 22.5, 22.84, 22.82, 9999.0, 9999.0, 9999.0, 23.84, 9999.0, 22.41, 9999.0, 22.8, 22.52, 22.3, 22.45, 22.39
2026-09-08, 16:53:47, 22.36, 22.5, 22.84, 22.82, 9999.0, 9999.0, 9999.0, 23.86, 9999.0, 22.41, 9999.0, 22.77, 22.52, 22.3, 22.43, 22.39
2026-09-08, 16:53:52, 22.36, 22.5, 22.84, 22.8, 9999.0, 9999.0, 9999.0, 23.89, 9999.0, 22.43, 9999.0, 22.77, 22.52, 22.3, 22.41, 22.41
2026-09-08, 16:53:56, 22.34, 22.5, 22.84, 22.8, 9999.0, 9999.0, 9999.0, 23.91, 9999.0, 22.43, 9999.0, 22.75, 22.52, 22.32, 22.41, 22.39
2026-09-08, 16:54:00, 22.36, 22.5, 22.84, 22.8, 9999.0, 9999.0, 9999.0, 23.93, 9999.0, 22.41, 9999.0, 22.75, 22.52, 22.32, 22.39, 22.39
2026-09-08, 16:54:04, 22.36, 22.5, 22.82, 22.8, 9999.0, 9999.0, 9999.0, 23.95, 9999.0, 22.39, 9999.0, 22.73, 22.52, 22.34, 22.36, 22.41
2026-09-08, 16:54:08, 22.36, 22.5, 22.8, 22.8, 9999.0, 9999.0, 9999.0, 24.0, 9999.0, 22.36, 9999.0, 22.73, 22.5, 22.34, 22.36, 22.43
2026-09-08, 16:54:12, 22.34, 22.5, 22.8, 22.8, 9999.0, 9999.0, 9999.0, 24.02, 9999.0, 22.34, 9999.0, 22.73, 22.5, 22.34, 22.36, 22.45
2026-09-08, 16:54:16, 22.34, 22.5, 22.8, 22.77, 9999.0, 9999.0, 9999.0, 23.98, 9999.0, 22.32, 9999.0, 22.73, 22.5, 22.34, 22.36, 22.45
2026-09-08, 16:54:20, 22.36, 22.5, 22.77, 22.77, 9999.0, 9999.0, 9999.0, 23.93, 9999.0, 22.3, 9999.0, 22.73, 22.5, 22.36, 22.39, 22.45
2026-09-08, 16:54:24, 22.36, 22.5, 22.77, 22.77, 9999.0, 9999.0, 9999.0, 23.91, 9999.0, 22.27, 9999.0, 22.75, 22.5, 22.39, 22.41, 22.43
2026-09-08, 16:54:28, 22.39, 22.5, 22.75, 22.77, 9999.0, 9999.0, 9999.0, 23.89, 9999.0, 22.27, 9999.0, 22.77, 22.5, 22.39, 22.41, 22.43
2026-09-08, 16:54:32, 22.41, 22.5, 22.75, 22.8, 9999.0, 9999.0, 9999.0, 23.84, 9999.0, 22.27, 9999.0, 22.8, 22.5, 22.39, 22.43, 22.43
2026-09-08, 16:54:36, 22.39, 22.5, 22.75, 22.8, 9999.0, 9999.0, 9999.0, 23.8, 9999.0, 22.27, 9999.0, 22.82, 22.5, 22.39, 22.45, 22.41
2026-09-08, 16:54:40, 22.41, 22.5, 22.75, 22.8, 9999.0, 9999.0, 9999.0, 23.75, 9999.0, 22.27, 9999.0, 22.84, 22.52, 22.36, 22.45, 22.43
2026-09-08, 16:54:44, 22.39, 22.5, 22.75, 22.8, 9999.0, 9999.0, 9999.0, 23.68, 9999.0, 22.3, 9999.0, 22.84, 22.52, 22.36, 22.48, 22.43
2026-09-08, 16:54:48, 22.41, 22.5, 22.77, 22.8, 9999.0, 9999.0, 9999.0, 23.7, 9999.0, 22.3, 9999.0, 22.86, 22.55, 22.34, 22.5, 22.43
2026-09-08, 16:54:52, 22.41, 22.5, 22.77, 22.8, 9999.0, 9999.0, 9999.0, 23.73, 9999.0, 22.3, 9999.0, 22.86, 22.55, 22.34, 22.5, 22.43
2026-09-08, 16:54:56, 22.43, 22.5, 22.77, 22.8, 9999.0, 9999.0, 9999.0, 23.75, 9999.0, 22.3, 9999.0, 22.86, 22.55, 22.36, 22.48, 22.43
2026-09-08, 16:55:00, 22.45, 22.5, 22.8, 22.8, 9999.0, 9999.0, 9999.0, 23.77, 9999.0, 22.3, 9999.0, 22.86, 22.55, 22.36, 22.48, 22.43
2026-09-08, 16:55:04, 22.43, 22.5, 22.82, 22.8, 9999.0, 9999.0, 9999.0, 23.8, 9999.0, 22.3, 9999.0, 22.86, 22.55, 22.34, 22.48, 22.43
2026-09-08, 16:55:08, 22.43, 22.5, 22.82, 22.77, 9999.0, 9999.0, 9999.0, 23.82, 9999.0, 22.3, 9999.0, 22.82, 22.55, 22.32, 22.48, 22.43
2026-09-08, 16:55:12, 22.43, 22.5, 22.84, 22.77, 9999.0, 9999.0, 9999.0, 23.84, 9999.0, 22.27, 9999.0, 22.77, 22.55, 22.3, 22.48, 22.45
2026-09-08, 16:55:16, 22.41, 22.5, 22.84, 22.75, 9999.0, 9999.0, 9999.0, 23.86, 9999.0, 22.27, 9999.0, 22.75, 22.55, 22.27, 22.45, 22.45
2026-09-08, 16:55:20, 22.41, 22.5, 22.86, 22.75, 9999.0, 9999.0, 9999.0, 23.89, 9999.0, 22.27, 9999.0, 22.7, 22.55, 22.3, 22.45, 22.48
2026-09-08, 16:55:24, 22.41, 22.5, 22.86, 22.75, 9999.0, 9999.0, 9999.0, 23.93, 9999.0, 22.25, 9999.0, 22.7, 22.52, 22.3, 22.45, 22.48
2026-09-08, 16:55:28, 22.41, 22.5, 22.86, 22.77, 9999.0, 9999.0, 9999.0, 23.98, 9999.0, 22.23, 9999.0, 22.7, 22.52, 22.3, 22.45, 22.48
2026-09-08, 16:55:32, 22.41, 22.5, 22.84, 22.77, 9999.0, 9999.0, 9999.0, 23.93, 9999.0, 22.23, 9999.0, 22.73, 22.5, 22.3, 22.43, 22.48
2026-09-08, 16:55:36, 22.41, 22.5, 22.84, 22.77, 9999.0, 9999.0, 9999.0, 23.89, 9999.0, 22.23, 9999.0, 22.75, 22.5, 22.3, 22.41, 22.48
2026-09-08, 16:55:40, 22.39, 22.5, 22.84, 22.77, 9999.0, 9999.0, 9999.0, 23.84, 9999.0, 22.2, 9999.0, 22.77, 22.5, 22.27, 22.43, 22.48
2026-09-08, 16:55:44, 22.36, 22.5, 22.82, 22.77, 9999.0, 9999.0, 9999.0, 23.82, 9999.0, 22.2, 9999.0, 22.77, 22.5, 22.27, 22.43, 22.45
2026-09-08, 16:55:48, 22.39, 22.5, 22.8, 22.77, 9999.0, 9999.0, 9999.0, 23.77, 9999.0, 22.2, 9999.0, 22.8, 22.5, 22.27, 22.41, 22.45
2026-09-08, 16:55:52, 22.36, 22.5, 22.8, 22.77, 9999.0, 9999.0, 9999.0, 23.73, 9999.0, 22.2, 9999.0, 22.82, 22.5, 22.27, 22.41, 22.48
2026-09-08, 16:55:56, 22.36, 22.5, 22.77, 22.77, 9999.0, 9999.0, 9999.0, 23.68, 9999.0, 22.25, 9999.0, 22.84, 22.52, 22.27, 22.41, 22.48
2026-09-08, 16:56:00, 22.39, 22.5, 22.77, 22.77, 9999.0, 9999.0, 9999.0, 23.66, 9999.0, 22.27, 9999.0, 22.84, 22.55, 22.3, 22.43, 22.48
2026-09-08, 16:56:04, 22.41, 22.5, 22.75, 22.77, 9999.0, 9999.0, 9999.0, 23.7, 9999.0, 22.27, 9999.0, 22.86, 22.55, 22.27, 22.43, 22.48
2026-09-08, 16:56:08, 22.41, 22.5, 22.75, 22.77, 9999.0, 9999.0, 9999.0, 23.73, 9999.0, 22.27, 9999.0, 22.84, 22.55, 22.27, 22.43, 22.48
2026-09-08, 16:56:12, 22.41, 22.5, 22.77, 22.75, 9999.0, 9999.0, 9999.0, 23.75, 9999.0, 22.3, 9999.0, 22.84, 22.55, 22.27, 22.41, 22.48
2026-09-08, 16:56:16, 22.41, 22.5, 22.77, 22.75, 9999.0, 9999.0, 9999.0, 23.77, 9999.0, 22.3, 9999.0, 22.82, 22.55, 22.27, 22.43, 22.48
2026-09-08, 16:56:20, 22.41, 22.5, 22.77, 22.75, 9999.0, 9999.0, 9999.0, 23.8, 9999.0, 22.3, 9999.0, 22.8, 22.55, 22.27, 22.45, 22.48
2026-09-08, 16:56:24, 22.43, 22.5, 22.77, 22.77, 9999.0, 9999.0, 9999.0, 23.82, 9999.0, 22.32, 9999.0, 22.77, 22.55, 22.3, 22.45, 22.48
2026-09-08, 16:56:28, 22.43, 22.5, 22.77, 22.77, 9999.0, 9999.0, 9999.0, 23.82, 9999.0, 22.32, 9999.0, 22.77, 22.55, 22.32, 22.45, 22.5
2026-09-08, 16:56:32, 22.41, 22.5, 22.77, 22.77, 9999.0, 9999.0, 9999.0, 23.84, 9999.0, 22.32, 9999.0, 22.73, 22.55, 22.32, 22.48, 22.5
2026-09-08, 16:56:36, 22.41, 22.5, 22.77, 22.8, 9999.0, 9999.0, 9999.0, 23.86, 9999.0, 22.32, 9999.0, 22.7, 22.55, 22.32, 22.45, 22.5
2026-09-08, 16:56:40, 22.41, 22.5, 22.77, 22.8, 9999.0, 9999.0, 9999.0, 23.89, 9999.0, 22.3, 9999.0, 22.68, 22.52, 22.32, 22.45, 22.5
2026-09-08, 16:56:44, 22.39, 22.5, 22.77, 22.8, 9999.0, 9999.0, 9999.0, 23.91, 9999.0, 22.27, 9999.0, 22.68, 22.5, 22.3, 22.45, 22.5
2026-09-08, 16:56:48, 22.36, 22.5, 22.77, 22.8, 9999.0, 9999.0, 9999.0, 23.86, 9999.0, 22.27, 9999.0, 22.68, 22.5, 22.3, 22.45, 22.5
2026-09-08, 16:56:52, 22.36, 22.5, 22.77, 22.8, 9999.0, 9999.0, 9999.0, 23.82, 9999.0, 22.25, 9999.0, 22.7, 22.5, 22.3, 22.45, 22.5
2026-09-08, 16:56:56, 22.39, 22.5, 22.75, 22.8, 9999.0, 9999.0, 9999.0, 23.77, 9999.0, 22.2, 9999.0, 22.73, 22.5, 22.3, 22.48, 22.5
2026-09-08, 16:57:00, 22.39, 22.5, 22.75, 22.8, 9999.0, 9999.0, 9999.0, 23.75, 9999.0, 22.18, 9999.0, 22.73, 22.5, 22.3, 22.48, 22.5
2026-09-08, 16:57:04, 22.39, 22.5, 22.75, 22.8, 9999.0, 9999.0, 9999.0, 23.7, 9999.0, 22.2, 9999.0, 22.73, 22.5, 22.3, 22.48, 22.5
2026-09-08, 16:57:08, 22.39, 22.5, 22.75, 22.77, 9999.0, 9999.0, 9999.0, 23.68, 9999.0, 22.2, 9999.0, 22.73, 22.5, 22.3, 22.48, 22.5
2026-09-08, 16:57:12, 22.41, 22.5, 22.75, 22.77, 9999.0, 9999.0, 9999.0, 23.66, 9999.0, 22.23, 9999.0, 22.73, 22.5, 22.27, 22.48, 22.5
2026-09-08, 16:57:16, 22.43, 22.5, 22.77, 22.77, 9999.0, 9999.0, 9999.0, 23.64, 9999.0, 22.25, 9999.0, 22.75, 22.5, 22.3, 22.48, 22.5
2026-09-08, 16:57:20, 22.43, 22.5, 22.77, 22.75, 9999.0, 9999.0, 9999.0, 23.61, 9999.0, 22.27, 9999.0, 22.77, 22.5, 22.32, 22.5, 22.5
2026-09-08, 16:57:24, 22.41, 22.5, 22.77, 22.77, 9999.0, 9999.0, 9999.0, 23.66, 9999.0, 22.3, 9999.0, 22.8, 22.5, 22.32, 22.5, 22.5
2026-09-08, 16:57:28, 22.43, 22.5, 22.77, 22.77, 9999.0, 9999.0, 9999.0, 23.7, 9999.0, 22.32, 9999.0, 22.8, 22.5, 22.32, 22.5, 22.5
2026-09-08, 16:57:32, 22.45, 22.5, 22.77, 22.77, 9999.0, 9999.0, 9999.0, 23.73, 9999.0, 22.34, 9999.0, 22.8, 22.52, 22.34, 22.5, 22.5
2026-09-08, 16:57:36, 22.43, 22.5, 22.77, 22.77, 9999.0, 9999.0, 9999.0, 23.75, 9999.0, 22.39, 9999.0, 22.77, 22.52, 22.34, 22.48, 22.5
2026-09-08, 16:57:40, 22.41, 22.5, 22.77, 22.77, 9999.0, 9999.0, 9999.0, 23.8, 9999.0, 22.41, 9999.0, 22.75, 22.52, 22.34, 22.48, 22.5
2026-09-08, 16:57:45, 22.41, 22.5, 22.77, 22.77, 9999.0, 9999.0, 9999.0, 23.82, 9999.0, 22.43, 9999.0, 22.75, 22.52, 22.34, 22.48, 22.5
2026-09-08, 16:57:49, 22.41, 22.5, 22.77, 22.77, 9999.0, 9999.0, 9999.0, 23.84, 9999.0, 22.41, 9999.0, 22.75, 22.52, 22.34, 22.48, 22.5
2026-09-08, 16:57:53, 22.41, 22.5, 22.77, 22.77, 9999.0, 9999.0, 9999.0, 23.89, 9999.0, 22.41, 9999.0, 22.75, 22.52, 22.32, 22.48, 22.5
2026-09-08, 16:57:57, 22.39, 22.5, 22.77, 22.77, 9999.0, 9999.0, 9999.0, 23.91, 9999.0, 22.39, 9999.0, 22.73, 22.52, 22.32, 22.48, 22.5
2026-09-08, 16:58:01, 22.36, 22.5, 22.75, 22.77, 9999.0, 9999.0, 9999.0, 23.93, 9999.0, 22.36, 9999.0, 22.73, 22.52, 22.3, 22.45, 22.5
2026-09-08, 16:58:05, 22.36, 22.5, 22.75, 22.77, 9999.0, 9999.0, 9999.0, 23.93, 9999.0, 22.34, 9999.0, 22.73, 22.52, 22.27, 22.45, 22.5
2026-09-08, 16:58:09, 22.36, 22.5, 22.75, 22.75, 9999.0, 9999.0, 9999.0, 23.86, 9999.0, 22.32, 9999.0, 22.75, 22.52, 22.3, 22.45, 22.5
2026-09-08, 16:58:13, 22.34, 22.5, 22.75, 22.75, 9999.0, 9999.0, 9999.0, 23.8, 9999.0, 22.3, 9999.0, 22.77, 22.52, 22.32, 22.45, 22.5
2026-09-08, 16:58:17, 22.34, 22.5, 22.75, 22.77, 9999.0, 9999.0, 9999.0, 23.75, 9999.0, 22.27, 9999.0, 22.8, 22.5, 22.32, 22.45, 22.5
2026-09-08, 16:58:21, 22.36, 22.5, 22.75, 22.77, 9999.0, 9999.0, 9999.0, 23.7, 9999.0, 22.25, 9999.0, 22.82, 22.5, 22.32, 22.48, 22.5
2026-09-08, 16:58:25, 22.39, 22.5, 22.75, 22.77, 9999.0, 9999.0, 9999.0, 23.66, 9999.0, 22.27, 9999.0, 22.82, 22.5, 22.34, 22.48, 22.5
2026-09-08, 16:58:29, 22.36, 22.5, 22.75, 22.77, 9999.0, 9999.0, 9999.0, 23.61, 9999.0, 22.3, 9999.0, 22.82, 22.5, 22.34, 22.48, 22.5
2026-09-08, 16:58:33, 22.36, 22.5, 22.75, 22.77, 9999.0, 9999.0, 9999.0, 23.59, 9999.0, 22.34, 9999.0, 22.82, 22.5, 22.34, 22.48, 22.5
2026-09-08, 16:58:37, 22.36, 22.5, 22.75, 22.77, 9999.0, 9999.0, 9999.0, 23.55, 9999.0, 22.36, 9999.0, 22.82, 22.52, 22.34, 22.48, 22.5
2026-09-08, 16:58:41, 22.36, 22.5, 22.75, 22.77, 9999.0, 9999.0, 9999.0, 23.59, 9999.0, 22.39, 9999.0, 22.84, 22.52, 22.34, 22.48, 22.5
2026-09-08, 16:58:45, 22.36, 22.5, 22.75, 22.77, 9999.0, 9999.0, 9999.0, 23.64, 9999.0, 22.41, 9999.0, 22.84, 22.52, 22.36, 22.5, 22.5
2026-09-08, 16:58:49, 22.39, 22.5, 22.75, 22.77, 9999.0, 9999.0, 9999.0, 23.68, 9999.0, 22.43, 9999.0, 22.84, 22.52, 22.36, 22.5, 22.5
2026-09-08, 16:58:53, 22.41, 22.5, 22.75, 22.77, 9999.0, 9999.0, 9999.0, 23.73, 9999.0, 22.45, 9999.0, 22.82, 22.52, 22.34, 22.5, 22.5
2026-09-08, 16:58:57, 22.41, 22.5, 22.75, 22.77, 9999.0, 9999.0, 9999.0, 23.77, 9999.0, 22.48, 9999.0, 22.8, 22.52, 22.32, 22.5, 22.5
2026-09-08, 16:59:01, 22.39, 22.5, 22.77, 22.75, 9999.0, 9999.0, 9999.0, 23.82, 9999.0, 22.48, 9999.0, 22.77, 22.52, 22.32, 22.5, 22.5
2026-09-08, 16:59:05, 22.36, 22.5, 22.77, 22.75, 9999.0, 9999.0, 9999.0, 23.84, 9999.0, 22.48, 9999.0, 22.75, 22.52, 22.32, 22.5, 22.5
2026-09-08, 16:59:09, 22.36, 22.5, 22.77, 22.75, 9999.0, 9999.0, 9999.0, 23.89, 9999.0, 22.48, 9999.0, 22.75, 22.52, 22.3, 22.5, 22.5
2026-09-08, 16:59:13, 22.39, 22.5, 22.77, 22.77, 9999.0, 9999.0, 9999.0, 23.93, 9999.0, 22.45, 9999.0, 22.75, 22.52, 22.3, 22.5, 22.5
2026-09-08, 16:59:17, 22.39, 22.5, 22.77, 22.77, 9999.0, 9999.0, 9999.0, 23.95, 9999.0, 22.41, 9999.0, 22.75, 22.52, 22.3, 22.5, 22.5
2026-09-08, 16:59:21, 22.39, 22.5, 22.77, 22.8, 9999.0, 9999.0, 9999.0, 23.98, 9999.0, 22.39, 9999.0, 22.75, 22.5, 22.3, 22.5, 22.5
2026-09-08, 16:59:25, 22.39, 22.5, 22.77, 22.82, 9999.0, 9999.0, 9999.0, 23.93, 9999.0, 22.36, 9999.0, 22.77, 22.5, 22.32, 22.5, 22.5
2026-09-08, 16:59:29, 22.41, 22.5, 22.77, 22.82, 9999.0, 9999.0, 9999.0, 23.89, 9999.0, 22.34, 9999.0, 22.8, 22.5, 22.3, 22.5, 22.5
2026-09-08, 16:59:33, 22.41, 22.5, 22.77, 22.84, 9999.0, 9999.0, 9999.0, 23.86, 9999.0, 22.32, 9999.0, 22.82, 22.5, 22.3, 22.5, 22.5
2026-09-08, 16:59:37, 22.41, 22.5, 22.77, 22.84, 9999.0, 9999.0, 9999.0, 23.84, 9999.0, 22.32, 9999.0, 22.82, 22.5, 22.3, 22.5, 22.5
2026-09-08, 16:59:41, 22.43, 22.5, 22.77, 22.84, 9999.0, 9999.0, 9999.0, 23.8, 9999.0, 22.32, 9999.0, 22.84, 22.5, 22.3, 22.5, 22.5
2026-09-08, 16:59:45, 22.43, 22.5, 22.75, 22.84, 9999.0, 9999.0, 9999.0, 23.77, 9999.0, 22.34, 9999.0, 22.86, 22.5, 22.27, 22.5, 22.5
2026-09-08, 16:59:49, 22.45, 22.5, 22.77, 22.84, 9999.0, 9999.0, 9999.0, 23.75, 9999.0, 22.39, 9999.0, 22.86, 22.5, 22.3, 22.5, 22.5
2026-09-08, 16:59:53, 22.45, 22.5, 22.8, 22.84, 9999.0, 9999.0, 9999.0, 23.7, 9999.0, 22.41, 9999.0, 22.86, 22.5, 22.32, 22.5, 22.5
2026-09-08, 16:59:57, 22.45, 22.5, 22.8, 22.82, 9999.0, 9999.0, 9999.0, 23.73, 9999.0, 22.45, 9999.0, 22.86, 22.5, 22.32, 22.5, 22.5
2026-09-08, 17:00:01, 22.45, 22.5, 22.8, 22.82, 9999.0, 9999.0, 9999.0, 23.77, 9999.0, 22.48, 9999.0, 22.86, 22.5, 22.32, 22.5, 22.5
2026-09-08, 17:00:05, 22.45, 22.5, 22.8, 22.8, 9999.0, 9999.0, 9999.0, 23.8, 9999.0, 22.5, 9999.0, 22.86, 22.5, 22.32, 22.5, 22.5
2026-09-08, 17:00:09, 22.48, 22.5, 22.8, 22.8, 9999.0, 9999.0, 9999.0, 23.82, 9999.0, 22.52, 9999.0, 22.84, 22.5, 22.3, 22.5, 22.5
2026-09-08, 17:00:13, 22.45, 22.5, 22.8, 22.82, 9999.0, 9999.0, 9999.0, 23.84, 9999.0, 22.52, 9999.0, 22.82, 22.5, 22.3, 22.5, 22.5
2026-09-08, 17:00:17, 22.45, 22.5, 22.8, 22.8, 9999.0, 9999.0, 9999.0, 23.86, 9999.0, 22.52, 9999.0, 22.8, 22.5, 22.3, 22.5, 22.5
2026-09-08, 17:00:21, 22.45, 22.5, 22.8, 22.8, 9999.0, 9999.0, 9999.0, 23.89, 9999.0, 22.52, 9999.0, 22.8, 22.5, 22.3, 22.5, 22.5
2026-09-08, 17:00:25, 22.43, 22.5, 22.8, 22.82, 9999.0, 9999.0, 9999.0, 23.91, 9999.0, 22.52, 9999.0, 22.77, 22.5, 22.3, 22.5, 22.5
2026-09-08, 17:00:29, 22.45, 22.5, 22.8, 22.82, 9999.0, 9999.0, 9999.0, 23.91, 9999.0, 22.52, 9999.0, 22.75, 22.5, 22.3, 22.5, 22.5
2026-09-08, 17:00:33, 22.45, 22.5, 22.77, 22.84, 9999.0, 9999.0, 9999.0, 23.93, 9999.0, 22.5, 9999.0, 22.75, 22.5, 22.27, 22.5, 22.5
2026-09-08, 17:00:37, 22.45, 22.5, 22.75, 22.86, 9999.0, 9999.0, 9999.0, 23.95, 9999.0, 22.48, 9999.0, 22.75, 22.5, 22.25, 22.5, 22.5
2026-09-08, 17:00:41, 22.43, 22.5, 22.75, 22.89, 9999.0, 9999.0, 9999.0, 23.91, 9999.0, 22.45, 9999.0, 22.75, 22.5, 22.25, 22.5, 22.5
2026-09-08, 17:00:45, 22.43, 22.5, 22.75, 22.89, 9999.0, 9999.0, 9999.0, 23.86, 9999.0, 22.43, 9999.0, 22.77, 22.5, 22.27, 22.5, 22.5
2026-09-08, 17:00:49, 22.43, 22.5, 22.77, 22.91, 9999.0, 9999.0, 9999.0, 23.84, 9999.0, 22.43, 9999.0, 22.8, 22.5, 22.27, 22.5, 22.5
2026-09-08, 17:00:53, 22.43, 22.5, 22.77, 22.91, 9999.0, 9999.0, 9999.0, 23.82, 9999.0, 22.45, 9999.0, 22.8, 22.52, 22.3, 22.5, 22.5
2026-09-08, 17:00:57, 22.45, 22.5, 22.77, 22.91, 9999.0, 9999.0, 9999.0, 23.8, 9999.0, 22.48, 9999.0, 22.8, 22.52, 22.32, 22.5, 22.5
2026-09-08, 17:01:01, 22.43, 22.5, 22.77, 22.91, 9999.0, 9999.0, 9999.0, 23.77, 9999.0, 22.5, 9999.0, 22.8, 22.55, 22.32, 22.5, 22.5
2026-09-08, 17:01:05, 22.41, 22.5, 22.77, 22.91, 9999.0, 9999.0, 9999.0, 23.73, 9999.0, 22.52, 9999.0, 22.82, 22.57, 22.32, 22.5, 22.5
2026-09-08, 17:01:09, 22.43, 22.5, 22.77, 22.89, 9999.0, 9999.0, 9999.0, 23.73, 9999.0, 22.55, 9999.0, 22.82, 22.57, 22.32, 22.5, 22.5
2026-09-08, 17:01:13, 22.43, 22.5, 22.77, 22.89, 9999.0, 9999.0, 9999.0, 23.8, 9999.0, 22.57, 9999.0, 22.82, 22.57, 22.32, 22.5, 22.5
2026-09-08, 17:01:17, 22.41, 22.5, 22.77, 22.86, 9999.0, 9999.0, 9999.0, 23.84, 9999.0, 22.59, 9999.0, 22.82, 22.57, 22.32, 22.5, 22.5
2026-09-08, 17:01:21, 22.41, 22.5, 22.77, 22.84, 9999.0, 9999.0, 9999.0, 23.89, 9999.0, 22.61, 9999.0, 22.82, 22.57, 22.32, 22.5, 22.5
2026-09-08, 17:01:25, 22.43, 22.5, 22.77, 22.82, 9999.0, 9999.0, 9999.0, 23.93, 9999.0, 22.61, 9999.0, 22.82, 22.57, 22.32, 22.5, 22.5
2026-09-08, 17:01:30, 22.43, 22.5, 22.77, 22.82, 9999.0, 9999.0, 9999.0, 23.98, 9999.0, 22.64, 9999.0, 22.8, 22.57, 22.3, 22.5, 22.5
2026-09-08, 17:01:34, 22.43, 22.5, 22.75, 22.82, 9999.0, 9999.0, 9999.0, 24.0, 9999.0, 22.64, 9999.0, 22.77, 22.57, 22.32, 22.5, 22.5
2026-09-08, 17:01:38, 22.43, 22.5, 22.75, 22.8, 9999.0, 9999.0, 9999.0, 24.02, 9999.0, 22.61, 9999.0, 22.77, 22.55, 22.3, 22.5, 22.5
2026-09-08, 17:01:42, 22.43, 22.5, 22.75, 22.77, 9999.0, 9999.0, 9999.0, 24.05, 9999.0, 22.61, 9999.0, 22.77, 22.55, 22.27, 22.5, 22.5
2026-09-08, 17:01:46, 22.45, 22.5, 22.75, 22.77, 9999.0, 9999.0, 9999.0, 24.07, 9999.0, 22.61, 9999.0, 22.77, 22.52, 22.27, 22.5, 22.5
2026-09-08, 17:01:50, 22.45, 22.5, 22.75, 22.77, 9999.0, 9999.0, 9999.0, 24.11, 9999.0, 22.59, 9999.0, 22.75, 22.5, 22.27, 22.5, 22.5
2026-09-08, 17:01:54, 22.45, 22.5, 22.75, 22.77, 9999.0, 9999.0, 9999.0, 24.14, 9999.0, 22.57, 9999.0, 22.75, 22.5, 22.27, 22.5, 22.5
2026-09-08, 17:01:58, 22.43, 22.5, 22.75, 22.77, 9999.0, 9999.0, 9999.0, 24.07, 9999.0, 22.55, 9999.0, 22.75, 22.5, 22.27, 22.5, 22.5
2026-09-08, 17:02:02, 22.45, 22.5, 22.75, 22.77, 9999.0, 9999.0, 9999.0, 24.02, 9999.0, 22.52, 9999.0, 22.77, 22.5, 22.3, 22.5, 22.5
2026-09-08, 17:02:06, 22.45, 22.5, 22.75, 22.77, 9999.0, 9999.0, 9999.0, 23.98, 9999.0, 22.5, 9999.0, 22.8, 22.5, 22.32, 22.5, 22.5
2026-09-08, 17:02:10, 22.45, 22.5, 22.75, 22.77, 9999.0, 9999.0, 9999.0, 23.93, 9999.0, 22.52, 9999.0, 22.82, 22.5, 22.32, 22.5, 22.48
2026-09-08, 17:02:14, 22.45, 22.5, 22.75, 22.8, 9999.0, 9999.0, 9999.0, 23.89, 9999.0, 22.55, 9999.0, 22.82, 22.5, 22.32, 22.5, 22.48
2026-09-08, 17:02:18, 22.45, 22.5, 22.75, 22.77, 9999.0, 9999.0, 9999.0, 23.86, 9999.0, 22.57, 9999.0, 22.82, 22.5, 22.32, 22.5, 22.48
2026-09-08, 17:02:22, 22.45, 22.5, 22.75, 22.8, 9999.0, 9999.0, 9999.0, 23.84, 9999.0, 22.59, 9999.0, 22.82, 22.52, 22.34, 22.5, 22.48
2026-09-08, 17:02:26, 22.45, 22.5, 22.75, 22.8, 9999.0, 9999.0, 9999.0, 23.8, 9999.0, 22.61, 9999.0, 22.82, 22.52, 22.34, 22.5, 22.48
2026-09-08, 17:02:30, 22.45, 22.5, 22.75, 22.8, 9999.0, 9999.0, 9999.0, 23.75, 9999.0, 22.64, 9999.0, 22.82, 22.52, 22.34, 22.5, 22.45
2026-09-08, 17:02:34, 22.48, 22.5, 22.75, 22.8, 9999.0, 9999.0, 9999.0, 23.77, 9999.0, 22.66, 9999.0, 22.82, 22.52, 22.36, 22.5, 22.45
2026-09-08, 17:02:38, 22.48, 22.5, 22.75, 22.8, 9999.0, 9999.0, 9999.0, 23.8, 9999.0, 22.68, 9999.0, 22.82, 22.52, 22.36, 22.5, 22.45
2026-09-08, 17:02:42, 22.5, 22.5, 22.75, 22.8, 9999.0, 9999.0, 9999.0, 23.84, 9999.0, 22.7, 9999.0, 22.82, 22.52, 22.36, 22.48, 22.45
2026-09-08, 17:02:46, 22.5, 22.5, 22.75, 22.8, 9999.0, 9999.0, 9999.0, 23.89, 9999.0, 22.73, 9999.0, 22.8, 22.52, 22.34, 22.48, 22.45
2026-09-08, 17:02:50, 22.5, 22.5, 22.75, 22.8, 9999.0, 9999.0, 9999.0, 23.91, 9999.0, 22.75, 9999.0, 22.77, 22.52, 22.32, 22.48, 22.45
2026-09-08, 17:02:54, 22.5, 22.5, 22.75, 22.8, 9999.0, 9999.0, 9999.0, 23.93, 9999.0, 22.75, 9999.0, 22.75, 22.52, 22.32, 22.48, 22.48
2026-09-08, 17:02:58, 22.5, 22.5, 22.75, 22.77, 9999.0, 9999.0, 9999.0, 23.95, 9999.0, 22.75, 9999.0, 22.75, 22.52, 22.34, 22.48, 22.48
2026-09-08, 17:03:02, 22.5, 22.5, 22.75, 22.77, 9999.0, 9999.0, 9999.0, 23.98, 9999.0, 22.75, 9999.0, 22.73, 22.52, 22.32, 22.48, 22.48
2026-09-08, 17:03:06, 22.5, 22.5, 22.75, 22.75, 9999.0, 9999.0, 9999.0, 24.0, 9999.0, 22.73, 9999.0, 22.73, 22.5, 22.3, 22.48, 22.48
2026-09-08, 17:03:10, 22.5, 22.5, 22.75, 22.75, 9999.0, 9999.0, 9999.0, 24.05, 9999.0, 22.7, 9999.0, 22.73, 22.5, 22.3, 22.48, 22.48
2026-09-08, 17:03:14, 22.5, 22.5, 22.75, 22.75, 9999.0, 9999.0, 9999.0, 24.09, 9999.0, 22.68, 9999.0, 22.73, 22.5, 22.32, 22.45, 22.5
2026-09-08, 17:03:18, 22.5, 22.5, 22.75, 22.75, 9999.0, 9999.0, 9999.0, 24.07, 9999.0, 22.68, 9999.0, 22.75, 22.5, 22.3, 22.45, 22.5
2026-09-08, 17:03:22, 22.5, 22.5, 22.75, 22.75, 9999.0, 9999.0, 9999.0, 24.02, 9999.0, 22.66, 9999.0, 22.77, 22.5, 22.32, 22.45, 22.5
2026-09-08, 17:03:26, 22.48, 22.5, 22.75, 22.75, 9999.0, 9999.0, 9999.0, 23.98, 9999.0, 22.64, 9999.0, 22.8, 22.5, 22.32, 22.48, 22.5
2026-09-08, 17:03:30, 22.48, 22.5, 22.75, 22.75, 9999.0, 9999.0, 9999.0, 23.93, 9999.0, 22.64, 9999.0, 22.8, 22.5, 22.32, 22.48, 22.5
2026-09-08, 17:03:34, 22.48, 22.5, 22.75, 22.75, 9999.0, 9999.0, 9999.0, 23.91, 9999.0, 22.64, 9999.0, 22.8, 22.5, 22.32, 22.48, 22.5
2026-09-08, 17:03:38, 22.48, 22.5, 22.75, 22.75, 9999.0, 9999.0, 9999.0, 23.86, 9999.0, 22.64, 9999.0, 22.8, 22.5, 22.34, 22.48, 22.5
2026-09-08, 17:03:42, 22.48, 22.5, 22.75, 22.75, 9999.0, 9999.0, 9999.0, 23.84, 9999.0, 22.64, 9999.0, 22.8, 22.52, 22.32, 22.48, 22.5
2026-09-08, 17:03:46, 22.48, 22.5, 22.75, 22.75, 9999.0, 9999.0, 9999.0, 23.8, 9999.0, 22.64, 9999.0, 22.82, 22.52, 22.32, 22.48, 22.5
2026-09-08, 17:03:50, 22.45, 22.5, 22.75, 22.75, 9999.0, 9999.0, 9999.0, 23.82, 9999.0, 22.66, 9999.0, 22.82, 22.52, 22.32, 22.48, 22.5
2026-09-08, 17:03:54, 22.45, 22.5, 22.75, 22.75, 9999.0, 9999.0, 9999.0, 23.84, 9999.0, 22.68, 9999.0, 22.82, 22.52, 22.32, 22.48, 22.5
2026-09-08, 17:03:58, 22.45, 22.5, 22.75, 22.75, 9999.0, 9999.0, 9999.0, 23.86, 9999.0, 22.7, 9999.0, 22.82, 22.52, 22.3, 22.5, 22.5
2026-09-08, 17:04:02, 22.45, 22.5, 22.75, 22.75, 9999.0, 9999.0, 9999.0, 23.89, 9999.0, 22.7, 9999.0, 22.8, 22.52, 22.3, 22.5, 22.5
2026-09-08, 17:04:06, 22.45, 22.5, 22.75, 22.75, 9999.0, 9999.0, 9999.0, 23.91, 9999.0, 22.73, 9999.0, 22.77, 22.52, 22.3, 22.5, 22.48
2026-09-08, 17:04:10, 22.48, 22.5, 22.75, 22.75, 9999.0, 9999.0, 9999.0, 23.93, 9999.0, 22.75, 9999.0, 22.75, 22.52, 22.3, 22.5, 22.45
2026-09-08, 17:04:14, 22.45, 22.5, 22.75, 22.77, 9999.0, 9999.0, 9999.0, 23.95, 9999.0, 22.75, 9999.0, 22.73, 22.52, 22.3, 22.5, 22.45
2026-09-08, 17:04:18, 22.45, 22.5, 22.75, 22.77, 9999.0, 9999.0, 9999.0, 23.98, 9999.0, 22.73, 9999.0, 22.73, 22.52, 22.3, 22.5, 22.45
2026-09-08, 17:04:22, 22.45, 22.5, 22.75, 22.77, 9999.0, 9999.0, 9999.0, 24.02, 9999.0, 22.73, 9999.0, 22.73, 22.52, 22.27, 22.5, 22.45
2026-09-08, 17:04:26, 22.45, 22.5, 22.75, 22.77, 9999.0, 9999.0, 9999.0, 24.05, 9999.0, 22.73, 9999.0, 22.73, 22.5, 22.27, 22.5, 22.45
2026-09-08, 17:04:30, 22.45, 22.5, 22.75, 22.77, 9999.0, 9999.0, 9999.0, 24.09, 9999.0, 22.7, 9999.0, 22.73, 22.5, 22.27, 22.5, 22.45
2026-09-08, 17:04:34, 22.45, 22.5, 22.75, 22.77, 9999.0, 9999.0, 9999.0, 24.07, 9999.0, 22.68, 9999.0, 22.73, 22.5, 22.3, 22.5, 22.45
2026-09-08, 17:04:38, 22.43, 22.5, 22.75, 22.77, 9999.0, 9999.0, 9999.0, 24.02, 9999.0, 22.66, 9999.0, 22.75, 22.5, 22.3, 22.5, 22.45
2026-09-08, 17:04:42, 22.41, 22.5, 22.75, 22.77, 9999.0, 9999.0, 9999.0, 23.98, 9999.0, 22.64, 9999.0, 22.77, 22.5, 22.32, 22.5, 22.43
2026-09-08, 17:04:46, 22.41, 22.5, 22.75, 22.77, 9999.0, 9999.0, 9999.0, 23.93, 9999.0, 22.64, 9999.0, 22.77, 22.5, 22.34, 22.5, 22.43
2026-09-08, 17:04:50, 22.41, 22.5, 22.75, 22.77, 9999.0, 9999.0, 9999.0, 23.91, 9999.0, 22.64, 9999.0, 22.8, 22.5, 22.32, 22.5, 22.45
2026-09-08, 17:04:54, 22.41, 22.5, 22.75, 22.77, 9999.0, 9999.0, 9999.0, 23.89, 9999.0, 22.64, 9999.0, 22.8, 22.5, 22.32, 22.5, 22.48
2026-09-08, 17:04:58, 22.43, 22.5, 22.75, 22.75, 9999.0, 9999.0, 9999.0, 23.86, 9999.0, 22.64, 9999.0, 22.82, 22.5, 22.32, 22.5, 22.48
2026-09-08, 17:05:02, 22.41, 22.5, 22.75, 22.75, 9999.0, 9999.0, 9999.0, 23.82, 9999.0, 22.66, 9999.0, 22.82, 22.5, 22.34, 22.5, 22.48
2026-09-08, 17:05:06, 22.41, 22.5, 22.75, 22.75, 9999.0, 9999.0, 9999.0, 23.86, 9999.0, 22.68, 9999.0, 22.82, 22.5, 22.34, 22.5, 22.48
2026-09-08, 17:05:10, 22.41, 22.5, 22.75, 22.75, 9999.0, 9999.0, 9999.0, 23.91, 9999.0, 22.68, 9999.0, 22.82, 22.5, 22.36, 22.5, 22.48
2026-09-08, 17:05:14, 22.41, 22.5, 22.75, 22.75, 9999.0, 9999.0, 9999.0, 23.93, 9999.0, 22.7, 9999.0, 22.82, 22.5, 22.36, 22.5, 22.48
2026-09-08, 17:05:19, 22.43, 22.5, 22.75, 22.75, 9999.0, 9999.0, 9999.0, 23.95, 9999.0, 22.75, 9999.0, 22.82, 22.5, 22.34, 22.5, 22.48
2026-09-08, 17:05:23, 22.43, 22.52, 22.77, 22.75, 9999.0, 9999.0, 9999.0, 24.0, 9999.0, 22.77, 9999.0, 22.8, 22.5, 22.34, 22.5, 22.48
2026-09-08, 17:05:27, 22.43, 22.52, 22.77, 22.75, 9999.0, 9999.0, 9999.0, 24.02, 9999.0, 22.8, 9999.0, 22.77, 22.5, 22.32, 22.5, 22.5
2026-09-08, 17:05:31, 22.41, 22.52, 22.77, 22.75, 9999.0, 9999.0, 9999.0, 24.05, 9999.0, 22.8, 9999.0, 22.77, 22.5, 22.3, 22.48, 22.5
2026-09-08, 17:05:35, 22.39, 22.52, 22.8, 22.75, 9999.0, 9999.0, 9999.0, 24.07, 9999.0, 22.8, 9999.0, 22.75, 22.5, 22.32, 22.48, 22.5
2026-09-08, 17:05:39, 22.39, 22.52, 22.8, 22.75, 9999.0, 9999.0, 9999.0, 24.11, 9999.0, 22.8, 9999.0, 22.75, 22.5, 22.32, 22.48, 22.5
2026-09-08, 17:05:43, 22.36, 22.52, 22.8, 22.75, 9999.0, 9999.0, 9999.0, 24.16, 9999.0, 22.8, 9999.0, 22.77, 22.5, 22.32, 22.48, 22.5
2026-09-08, 17:05:47, 22.39, 22.52, 22.8, 22.75, 9999.0, 9999.0, 9999.0, 24.2, 9999.0, 22.8, 9999.0, 22.77, 22.5, 22.32, 22.48, 22.48
2026-09-08, 17:05:51, 22.39, 22.52, 22.8, 22.75, 9999.0, 9999.0, 9999.0, 24.16, 9999.0, 22.75, 9999.0, 22.77, 22.5, 22.32, 22.48, 22.48
2026-09-08, 17:05:55, 22.39, 22.52, 22.8, 22.77, 9999.0, 9999.0, 9999.0, 24.11, 9999.0, 22.73, 9999.0, 22.8, 22.5, 22.3, 22.48, 22.48
2026-09-08, 17:05:59, 22.36, 22.52, 22.8, 22.8, 9999.0, 9999.0, 9999.0, 24.07, 9999.0, 22.73, 9999.0, 22.82, 22.5, 22.32, 22.48, 22.48
2026-09-08, 17:06:03, 22.34, 22.52, 22.8, 22.8, 9999.0, 9999.0, 9999.0, 24.02, 9999.0, 22.7, 9999.0, 22.82, 22.5, 22.34, 22.48, 22.48
2026-09-08, 17:06:07, 22.34, 22.5, 22.77, 22.8, 9999.0, 9999.0, 9999.0, 23.98, 9999.0, 22.7, 9999.0, 22.82, 22.5, 22.36, 22.45, 22.48
2026-09-08, 17:06:11, 22.36, 22.5, 22.77, 22.8, 9999.0, 9999.0, 9999.0, 23.95, 9999.0, 22.7, 9999.0, 22.84, 22.5, 22.39, 22.45, 22.45
2026-09-08, 17:06:15, 22.39, 22.5, 22.77, 22.8, 9999.0, 9999.0, 9999.0, 23.93, 9999.0, 22.73, 9999.0, 22.84, 22.5, 22.39, 22.48, 22.45
2026-09-08, 17:06:19, 22.41, 22.5, 22.75, 22.8, 9999.0, 9999.0, 9999.0, 23.91, 9999.0, 22.75, 9999.0, 22.84, 22.5, 22.36, 22.48, 22.45
2026-09-08, 17:06:23, 22.39, 22.52, 22.75, 22.8, 9999.0, 9999.0, 9999.0, 23.93, 9999.0, 22.75, 9999.0, 22.84, 22.5, 22.36, 22.48, 22.45
2026-09-08, 17:06:27, 22.39, 22.52, 22.75, 22.8, 9999.0, 9999.0, 9999.0, 23.95, 9999.0, 22.77, 9999.0, 22.82, 22.5, 22.36, 22.48, 22.45
2026-09-08, 17:06:31, 22.36, 22.52, 22.75, 22.8, 9999.0, 9999.0, 9999.0, 23.98, 9999.0, 22.77, 9999.0, 22.82, 22.5, 22.34, 22.48, 22.48
2026-09-08, 17:06:35, 22.36, 22.52, 22.75, 22.8, 9999.0, 9999.0, 9999.0, 24.0, 9999.0, 22.8, 9999.0, 22.82, 22.5, 22.34, 22.48, 22.48
2026-09-08, 17:06:39, 22.34, 22.52, 22.75, 22.77, 9999.0, 9999.0, 9999.0, 24.02, 9999.0, 22.82, 9999.0, 22.8, 22.5, 22.36, 22.48, 22.45
2026-09-08, 17:06:43, 22.34, 22.52, 22.75, 22.75, 9999.0, 9999.0, 9999.0, 24.07, 9999.0, 22.82, 9999.0, 22.77, 22.5, 22.34, 22.48, 22.43
2026-09-08, 17:06:47, 22.36, 22.52, 22.75, 22.75, 9999.0, 9999.0, 9999.0, 24.09, 9999.0, 22.82, 9999.0, 22.77, 22.5, 22.32, 22.48, 22.41
2026-09-08, 17:06:51, 22.39, 22.52, 22.75, 22.75, 9999.0, 9999.0, 9999.0, 24.11, 9999.0, 22.82, 9999.0, 22.77, 22.5, 22.3, 22.5, 22.41
2026-09-08, 17:06:55, 22.39, 22.52, 22.75, 22.75, 9999.0, 9999.0, 9999.0, 24.16, 9999.0, 22.8, 9999.0, 22.75, 22.5, 22.27, 22.48, 22.43
2026-09-08, 17:06:59, 22.36, 22.52, 22.75, 22.75, 9999.0, 9999.0, 9999.0, 24.18, 9999.0, 22.75, 9999.0, 22.75, 22.5, 22.27, 22.48, 22.41
2026-09-08, 17:07:03, 22.36, 22.52, 22.75, 22.75, 9999.0, 9999.0, 9999.0, 24.2, 9999.0, 22.7, 9999.0, 22.75, 22.5, 22.27, 22.48, 22.39
2026-09-08, 17:07:07, 22.39, 22.5, 22.75, 22.75, 9999.0, 9999.0, 9999.0, 24.16, 9999.0, 22.68, 9999.0, 22.75, 22.5, 22.27, 22.48, 22.39
2026-09-08, 17:07:11, 22.39, 22.5, 22.75, 22.75, 9999.0, 9999.0, 9999.0, 24.11, 9999.0, 22.64, 9999.0, 22.77, 22.5, 22.3, 22.48, 22.39
2026-09-08, 17:07:15, 22.41, 22.5, 22.75, 22.77, 9999.0, 9999.0, 9999.0, 24.07, 9999.0, 22.61, 9999.0, 22.77, 22.5, 22.32, 22.48, 22.39
2026-09-08, 17:07:19, 22.39, 22.5, 22.75, 22.77, 9999.0, 9999.0, 9999.0, 24.02, 9999.0, 22.59, 9999.0, 22.8, 22.5, 22.34, 22.48, 22.39
2026-09-08, 17:07:23, 22.41, 22.5, 22.75, 22.77, 9999.0, 9999.0, 9999.0, 23.98, 9999.0, 22.59, 9999.0, 22.82, 22.5, 22.32, 22.48, 22.41
2026-09-08, 17:07:27, 22.41, 22.5, 22.75, 22.77, 9999.0, 9999.0, 9999.0, 23.93, 9999.0, 22.57, 9999.0, 22.82, 22.5, 22.32, 22.48, 22.43
2026-09-08, 17:07:31, 22.39, 22.5, 22.75, 22.77, 9999.0, 9999.0, 9999.0, 23.91, 9999.0, 22.57, 9999.0, 22.84, 22.5, 22.32, 22.48, 22.43
2026-09-08, 17:07:35, 22.39, 22.5, 22.75, 22.77, 9999.0, 9999.0, 9999.0, 23.89, 9999.0, 22.57, 9999.0, 22.84, 22.5, 22.32, 22.48, 22.43
2026-09-08, 17:07:39, 22.39, 22.5, 22.75, 22.77, 9999.0, 9999.0, 9999.0, 23.84, 9999.0, 22.59, 9999.0, 22.84, 22.5, 22.32, 22.5, 22.43
2026-09-08, 17:07:43, 22.41, 22.5, 22.75, 22.77, 9999.0, 9999.0, 9999.0, 23.89, 9999.0, 22.61, 9999.0, 22.84, 22.52, 22.32, 22.5, 22.45
2026-09-08, 17:07:47, 22.41, 22.5, 22.75, 22.77, 9999.0, 9999.0, 9999.0, 23.93, 9999.0, 22.64, 9999.0, 22.84, 22.52, 22.32, 22.5, 22.45
2026-09-08, 17:07:51, 22.41, 22.52, 22.75, 22.77, 9999.0, 9999.0, 9999.0, 23.98, 9999.0, 22.66, 9999.0, 22.84, 22.52, 22.32, 22.48, 22.45
2026-09-08, 17:07:55, 22.41, 22.52, 22.75, 22.77, 9999.0, 9999.0, 9999.0, 24.0, 9999.0, 22.68, 9999.0, 22.82, 22.52, 22.3, 22.48, 22.43
2026-09-08, 17:07:59, 22.41, 22.52, 22.75, 22.75, 9999.0, 9999.0, 9999.0, 24.05, 9999.0, 22.7, 9999.0, 22.82, 22.52, 22.27, 22.48, 22.43
2026-09-08, 17:08:03, 22.41, 22.52, 22.75, 22.75, 9999.0, 9999.0, 9999.0, 24.07, 9999.0, 22.73, 9999.0, 22.8, 22.52, 22.25, 22.45, 22.43
2026-09-08, 17:08:07, 22.41, 22.52, 22.75, 22.75, 9999.0, 9999.0, 9999.0, 24.09, 9999.0, 22.73, 9999.0, 22.75, 22.52, 22.25, 22.45, 22.41
2026-09-08, 17:08:11, 22.41, 22.52, 22.75, 22.75, 9999.0, 9999.0, 9999.0, 24.11, 9999.0, 22.75, 9999.0, 22.73, 22.52, 22.25, 22.43, 22.41
2026-09-08, 17:08:15, 22.41, 22.52, 22.75, 22.75, 9999.0, 9999.0, 9999.0, 24.14, 9999.0, 22.73, 9999.0, 22.7, 22.52, 22.25, 22.43, 22.43
2026-09-08, 17:08:19, 22.39, 22.52, 22.75, 22.75, 9999.0, 9999.0, 9999.0, 24.16, 9999.0, 22.7, 9999.0, 22.7, 22.52, 22.25, 22.43, 22.41
2026-09-08, 17:08:23, 22.36, 22.52, 22.75, 22.75, 9999.0, 9999.0, 9999.0, 24.18, 9999.0, 22.68, 9999.0, 22.7, 22.52, 22.25, 22.43, 22.39
2026-09-08, 17:08:27, 22.36, 22.52, 22.75, 22.75, 9999.0, 9999.0, 9999.0, 24.14, 9999.0, 22.66, 9999.0, 22.7, 22.5, 22.25, 22.43, 22.36
2026-09-08, 17:08:31, 22.36, 22.52, 22.75, 22.75, 9999.0, 9999.0, 9999.0, 24.09, 9999.0, 22.64, 9999.0, 22.73, 22.5, 22.25, 22.41, 22.39
2026-09-08, 17:08:35, 22.36, 22.5, 22.75, 22.75, 9999.0, 9999.0, 9999.0, 24.02, 9999.0, 22.61, 9999.0, 22.75, 22.5, 22.25, 22.43, 22.36
2026-09-08, 17:08:39, 22.39, 22.5, 22.75, 22.75, 9999.0, 9999.0, 9999.0, 23.98, 9999.0, 22.61, 9999.0, 22.75, 22.5, 22.25, 22.43, 22.39
2026-09-08, 17:08:43, 22.36, 22.5, 22.75, 22.75, 9999.0, 9999.0, 9999.0, 23.93, 9999.0, 22.59, 9999.0, 22.75, 22.5, 22.27, 22.43, 22.36
2026-09-08, 17:08:47, 22.39, 22.5, 22.75, 22.77, 9999.0, 9999.0, 9999.0, 23.91, 9999.0, 22.59, 9999.0, 22.77, 22.5, 22.3, 22.43, 22.36
2026-09-08, 17:08:51, 22.39, 22.5, 22.75, 22.77, 9999.0, 9999.0, 9999.0, 23.89, 9999.0, 22.59, 9999.0, 22.8, 22.52, 22.32, 22.43, 22.39
2026-09-08, 17:08:55, 22.41, 22.5, 22.75, 22.77, 9999.0, 9999.0, 9999.0, 23.84, 9999.0, 22.59, 9999.0, 22.84, 22.52, 22.32, 22.45, 22.36
2026-09-08, 17:08:59, 22.43, 22.5, 22.75, 22.77, 9999.0, 9999.0, 9999.0, 23.89, 9999.0, 22.61, 9999.0, 22.84, 22.52, 22.32, 22.45, 22.36
2026-09-08, 17:09:03, 22.45, 22.5, 22.75, 22.77, 9999.0, 9999.0, 9999.0, 23.91, 9999.0, 22.64, 9999.0, 22.84, 22.52, 22.32, 22.45, 22.39
2026-09-08, 17:09:08, 22.48, 22.5, 22.75, 22.77, 9999.0, 9999.0, 9999.0, 23.93, 9999.0, 22.66, 9999.0, 22.84, 22.52, 22.32, 22.45, 22.41
2026-09-08, 17:09:12, 22.45, 22.5, 22.75, 22.77, 9999.0, 9999.0, 9999.0, 23.95, 9999.0, 22.68, 9999.0, 22.84, 22.52, 22.32, 22.45, 22.41
2026-09-08, 17:09:16, 22.43, 22.5, 22.75, 22.77, 9999.0, 9999.0, 9999.0, 23.98, 9999.0, 22.7, 9999.0, 22.82, 22.52, 22.32, 22.48, 22.41
2026-09-08, 17:09:20, 22.43, 22.5, 22.77, 22.77, 9999.0, 9999.0, 9999.0, 24.0, 9999.0, 22.7, 9999.0, 22.8, 22.52, 22.32, 22.48, 22.41
2026-09-08, 17:09:24, 22.43, 22.5, 22.77, 22.77, 9999.0, 9999.0, 9999.0, 24.02, 9999.0, 22.68, 9999.0, 22.8, 22.52, 22.34, 22.48, 22.39
2026-09-08, 17:09:28, 22.45, 22.5, 22.77, 22.77, 9999.0, 9999.0, 9999.0, 24.05, 9999.0, 22.68, 9999.0, 22.77, 22.52, 22.32, 22.48, 22.39
2026-09-08, 17:09:32, 22.45, 22.5, 22.77, 22.75, 9999.0, 9999.0, 9999.0, 24.07, 9999.0, 22.66, 9999.0, 22.73, 22.52, 22.3, 22.5, 22.39
2026-09-08, 17:09:36, 22.45, 22.5, 22.77, 22.75, 9999.0, 9999.0, 9999.0, 24.09, 9999.0, 22.64, 9999.0, 22.73, 22.5, 22.27, 22.5, 22.39
2026-09-08, 17:09:40, 22.45, 22.5, 22.77, 22.75, 9999.0, 9999.0, 9999.0, 24.14, 9999.0, 22.61, 9999.0, 22.7, 22.5, 22.27, 22.48, 22.39
2026-09-08, 17:09:44, 22.45, 22.5, 22.77, 22.75, 9999.0, 9999.0, 9999.0, 24.09, 9999.0, 22.59, 9999.0, 22.7, 22.5, 22.27, 22.45, 22.39
2026-09-08, 17:09:48, 22.43, 22.5, 22.8, 22.75, 9999.0, 9999.0, 9999.0, 24.07, 9999.0, 22.57, 9999.0, 22.73, 22.5, 22.27, 22.43, 22.36
2026-09-08, 17:09:52, 22.41, 22.5, 22.8, 22.75, 9999.0, 9999.0, 9999.0, 24.02, 9999.0, 22.55, 9999.0, 22.75, 22.5, 22.27, 22.43, 22.34
2026-09-08, 17:09:56, 22.43, 22.5, 22.82, 22.75, 9999.0, 9999.0, 9999.0, 23.98, 9999.0, 22.55, 9999.0, 22.77, 22.5, 22.27, 22.43, 22.34
2026-09-08, 17:10:00, 22.45, 22.5, 22.82, 22.75, 9999.0, 9999.0, 9999.0, 23.93, 9999.0, 22.52, 9999.0, 22.8, 22.5, 22.3, 22.43, 22.32
2026-09-08, 17:10:04, 22.45, 22.5, 22.8, 22.75, 9999.0, 9999.0, 9999.0, 23.91, 9999.0, 22.52, 9999.0, 22.82, 22.5, 22.32, 22.43, 22.32
2026-09-08, 17:10:08, 22.45, 22.5, 22.8, 22.75, 9999.0, 9999.0, 9999.0, 23.89, 9999.0, 22.55, 9999.0, 22.82, 22.5, 22.3, 22.43, 22.34
2026-09-08, 17:10:12, 22.45, 22.5, 22.8, 22.75, 9999.0, 9999.0, 9999.0, 23.84, 9999.0, 22.57, 9999.0, 22.84, 22.5, 22.32, 22.43, 22.34
2026-09-08, 17:10:16, 22.45, 22.5, 22.8, 22.75, 9999.0, 9999.0, 9999.0, 23.89, 9999.0, 22.59, 9999.0, 22.86, 22.52, 22.34, 22.43, 22.32
2026-09-08, 17:10:20, 22.43, 22.5, 22.8, 22.75, 9999.0, 9999.0, 9999.0, 23.91, 9999.0, 22.59, 9999.0, 22.86, 22.55, 22.34, 22.43, 22.32
2026-09-08, 17:10:24, 22.43, 22.5, 22.8, 22.75, 9999.0, 9999.0, 9999.0, 23.93, 9999.0, 22.59, 9999.0, 22.86, 22.55, 22.34, 22.45, 22.32
2026-09-08, 17:10:28, 22.43, 22.5, 22.8, 22.75, 9999.0, 9999.0, 9999.0, 23.95, 9999.0, 22.59, 9999.0, 22.86, 22.55, 22.34, 22.48, 22.32
2026-09-08, 17:10:32, 22.45, 22.5, 22.77, 22.75, 9999.0, 9999.0, 9999.0, 23.98, 9999.0, 22.59, 9999.0, 22.84, 22.55, 22.34, 22.5, 22.34
2026-09-08, 17:10:36, 22.48, 22.5, 22.77, 22.75, 9999.0, 9999.0, 9999.0, 24.0, 9999.0, 22.59, 9999.0, 22.82, 22.55, 22.34, 22.48, 22.34
2026-09-08, 17:10:40, 22.48, 22.5, 22.75, 22.75, 9999.0, 9999.0, 9999.0, 24.02, 9999.0, 22.57, 9999.0, 22.8, 22.55, 22.34, 22.45, 22.36
2026-09-08, 17:10:44, 22.48, 22.5, 22.75, 22.75, 9999.0, 9999.0, 9999.0, 24.07, 9999.0, 22.57, 9999.0, 22.77, 22.55, 22.32, 22.43, 22.39
2026-09-08, 17:10:48, 22.45, 22.5, 22.75, 22.75, 9999.0, 9999.0, 9999.0, 24.09, 9999.0, 22.57, 9999.0, 22.75, 22.55, 22.3, 22.43, 22.39
2026-09-08, 17:10:52, 22.45, 22.5, 22.75, 22.75, 9999.0, 9999.0, 9999.0, 24.11, 9999.0, 22.55, 9999.0, 22.75, 22.55, 22.3, 22.43, 22.39
2026-09-08, 17:10:56, 22.43, 22.5, 22.75, 22.75, 9999.0, 9999.0, 9999.0, 24.16, 9999.0, 22.52, 9999.0, 22.75, 22.55, 22.27, 22.43, 22.39
2026-09-08, 17:11:00, 22.43, 22.5, 22.75, 22.75, 9999.0, 9999.0, 9999.0, 24.11, 9999.0, 22.48, 9999.0, 22.75, 22.52, 22.25, 22.43, 22.41
2026-09-08, 17:11:04, 22.43, 22.5, 22.75, 22.75, 9999.0, 9999.0, 9999.0, 24.07, 9999.0, 22.48, 9999.0, 22.77, 22.5, 22.25, 22.43, 22.39
2026-09-08, 17:11:08, 22.43, 22.5, 22.75, 22.75, 9999.0, 9999.0, 9999.0, 24.02, 9999.0, 22.45, 9999.0, 22.77, 22.5, 22.25, 22.43, 22.39
2026-09-08, 17:11:12, 22.43, 22.5, 22.75, 22.75, 9999.0, 9999.0, 9999.0, 23.98, 9999.0, 22.45, 9999.0, 22.8, 22.5, 22.25, 22.43, 22.39
2026-09-08, 17:11:16, 22.43, 22.5, 22.75, 22.75, 9999.0, 9999.0, 9999.0, 23.93, 9999.0, 22.45, 9999.0, 22.8, 22.5, 22.27, 22.43, 22.36
2026-09-08, 17:11:20, 22.41, 22.5, 22.75, 22.75, 9999.0, 9999.0, 9999.0, 23.91, 9999.0, 22.48, 9999.0, 22.82, 22.5, 22.27, 22.43, 22.36
2026-09-08, 17:11:24, 22.41, 22.5, 22.75, 22.75, 9999.0, 9999.0, 9999.0, 23.89, 9999.0, 22.5, 9999.0, 22.82, 22.5, 22.3, 22.45, 22.36
2026-09-08, 17:11:28, 22.39, 22.5, 22.75, 22.75, 9999.0, 9999.0, 9999.0, 23.84, 9999.0, 22.52, 9999.0, 22.82, 22.5, 22.3, 22.48, 22.34
2026-09-08, 17:11:32, 22.41, 22.5, 22.77, 22.75, 9999.0, 9999.0, 9999.0, 23.8, 9999.0, 22.52, 9999.0, 22.82, 22.5, 22.3, 22.48, 22.34
2026-09-08, 17:11:36, 22.41, 22.5, 22.77, 22.75, 9999.0, 9999.0, 9999.0, 23.82, 9999.0, 22.55, 9999.0, 22.82, 22.5, 22.32, 22.45, 22.34
2026-09-08, 17:11:40, 22.43, 22.5, 22.77, 22.75, 9999.0, 9999.0, 9999.0, 23.84, 9999.0, 22.55, 9999.0, 22.82, 22.5, 22.32, 22.45, 22.36
2026-09-08, 17:11:44, 22.43, 22.5, 22.77, 22.75, 9999.0, 9999.0, 9999.0, 23.86, 9999.0, 22.57, 9999.0, 22.82, 22.5, 22.32, 22.45, 22.36
2026-09-08, 17:11:48, 22.45, 22.5, 22.77, 22.75, 9999.0, 9999.0, 9999.0, 23.89, 9999.0, 22.57, 9999.0, 22.8, 22.5, 22.32, 22.45, 22.36
2026-09-08, 17:11:52, 22.45, 22.5, 22.77, 22.75, 9999.0, 9999.0, 9999.0, 23.91, 9999.0, 22.59, 9999.0, 22.8, 22.5, 22.32, 22.43, 22.39
2026-09-08, 17:11:56, 22.45, 22.5, 22.77, 22.75, 9999.0, 9999.0, 9999.0, 23.93, 9999.0, 22.59, 9999.0, 22.77, 22.5, 22.32, 22.43, 22.36
2026-09-08, 17:12:00, 22.45, 22.5, 22.77, 22.77, 9999.0, 9999.0, 9999.0, 23.95, 9999.0, 22.59, 9999.0, 22.77, 22.5, 22.3, 22.43, 22.36
2026-09-08, 17:12:04, 22.45, 22.5, 22.77, 22.77, 9999.0, 9999.0, 9999.0, 23.98, 9999.0, 22.57, 9999.0, 22.75, 22.5, 22.3, 22.43, 22.39
2026-09-08, 17:12:08, 22.43, 22.5, 22.77, 22.77, 9999.0, 9999.0, 9999.0, 24.0, 9999.0, 22.52, 9999.0, 22.75, 22.5, 22.27, 22.43, 22.36
2026-09-08, 17:12:12, 22.45, 22.5, 22.77, 22.77, 9999.0, 9999.0, 9999.0, 24.02, 9999.0, 22.5, 9999.0, 22.75, 22.5, 22.3, 22.43, 22.36
2026-09-08, 17:12:16, 22.45, 22.5, 22.75, 22.8, 9999.0, 9999.0, 9999.0, 24.05, 9999.0, 22.5, 9999.0, 22.75, 22.5, 22.3, 22.41, 22.39
2026-09-08, 17:12:20, 22.43, 22.5, 22.75, 22.8, 9999.0, 9999.0, 9999.0, 24.0, 9999.0, 22.48, 9999.0, 22.75, 22.5, 22.27, 22.41, 22.39
2026-09-08, 17:12:24, 22.43, 22.5, 22.75, 22.8, 9999.0, 9999.0, 9999.0, 23.95, 9999.0, 22.45, 9999.0, 22.77, 22.5, 22.3, 22.41, 22.36
2026-09-08, 17:12:28, 22.41, 22.5, 22.75, 22.8, 9999.0, 9999.0, 9999.0, 23.91, 9999.0, 22.43, 9999.0, 22.8, 22.5, 22.3, 22.41, 22.36
2026-09-08, 17:12:32, 22.41, 22.5, 22.75, 22.8, 9999.0, 9999.0, 9999.0, 23.89, 9999.0, 22.43, 9999.0, 22.8, 22.5, 22.3, 22.41, 22.39
2026-09-08, 17:12:36, 22.41, 22.5, 22.77, 22.8, 9999.0, 9999.0, 9999.0, 23.86, 9999.0, 22.43, 9999.0, 22.82, 22.5, 22.3, 22.43, 22.39
2026-09-08, 17:12:40, 22.41, 22.5, 22.77, 22.8, 9999.0, 9999.0, 9999.0, 23.82, 9999.0, 22.43, 9999.0, 22.82, 22.5, 22.3, 22.43, 22.39
2026-09-08, 17:12:44, 22.41, 22.5, 22.77, 22.77, 9999.0, 9999.0, 9999.0, 23.77, 9999.0, 22.45, 9999.0, 22.82, 22.5, 22.32, 22.41, 22.41
2026-09-08, 17:12:48, 22.43, 22.5, 22.77, 22.77, 9999.0, 9999.0, 9999.0, 23.75, 9999.0, 22.48, 9999.0, 22.82, 22.52, 22.32, 22.43, 22.39
2026-09-08, 17:12:52, 22.45, 22.5, 22.77, 22.77, 9999.0, 9999.0, 9999.0, 23.8, 9999.0, 22.52, 9999.0, 22.82, 22.52, 22.34, 22.43, 22.39
2026-09-08, 17:12:56, 22.45, 22.5, 22.77, 22.77, 9999.0, 9999.0, 9999.0, 23.82, 9999.0, 22.55, 9999.0, 22.82, 22.55, 22.32, 22.43, 22.39
2026-09-08, 17:13:01, 22.43, 22.5, 22.77, 22.75, 9999.0, 9999.0, 9999.0, 23.86, 9999.0, 22.55, 9999.0, 22.82, 22.55, 22.32, 22.45, 22.39
2026-09-08, 17:13:05, 22.43, 22.5, 22.77, 22.75, 9999.0, 9999.0, 9999.0, 23.91, 9999.0, 22.55, 9999.0, 22.82, 22.55, 22.34, 22.48, 22.39
2026-09-08, 17:13:09, 22.41, 22.5, 22.77, 22.75, 9999.0, 9999.0, 9999.0, 23.93, 9999.0, 22.57, 9999.0, 22.8, 22.55, 22.34, 22.45, 22.41
2026-09-08, 17:13:13, 22.43, 22.5, 22.77, 22.75, 9999.0, 9999.0, 9999.0, 23.95, 9999.0, 22.59, 9999.0, 22.77, 22.55, 22.36, 22.45, 22.39
2026-09-08, 17:13:17, 22.43, 22.5, 22.77, 22.75, 9999.0, 9999.0, 9999.0, 23.98, 9999.0, 22.59, 9999.0, 22.75, 22.55, 22.36, 22.45, 22.36
2026-09-08, 17:13:21, 22.43, 22.5, 22.75, 22.77, 9999.0, 9999.0, 9999.0, 24.0, 9999.0, 22.57, 9999.0, 22.7, 22.55, 22.36, 22.45, 22.34
2026-09-08, 17:13:25, 22.43, 22.5, 22.75, 22.8, 9999.0, 9999.0, 9999.0, 24.05, 9999.0, 22.57, 9999.0, 22.68, 22.55, 22.36, 22.45, 22.36
2026-09-08, 17:13:29, 22.43, 22.5, 22.75, 22.82, 9999.0, 9999.0, 9999.0, 24.09, 9999.0, 22.52, 9999.0, 22.66, 22.55, 22.34, 22.48, 22.34
2026-09-08, 17:13:33, 22.43, 22.5, 22.75, 22.82, 9999.0, 9999.0, 9999.0, 24.09, 9999.0, 22.48, 9999.0, 22.66, 22.52, 22.34, 22.48, 22.34
2026-09-08, 17:13:37, 22.43, 22.5, 22.75, 22.82, 9999.0, 9999.0, 9999.0, 24.05, 9999.0, 22.43, 9999.0, 22.66, 22.52, 22.32, 22.48, 22.34
2026-09-08, 17:13:41, 22.43, 22.5, 22.75, 22.82, 9999.0, 9999.0, 9999.0, 24.02, 9999.0, 22.39, 9999.0, 22.68, 22.5, 22.34, 22.48, 22.36
2026-09-08, 17:13:45, 22.45, 22.5, 22.75, 22.84, 9999.0, 9999.0, 9999.0, 23.98, 9999.0, 22.36, 9999.0, 22.7, 22.5, 22.34, 22.48, 22.36
2026-09-08, 17:13:49, 22.45, 22.5, 22.75, 22.84, 9999.0, 9999.0, 9999.0, 23.93, 9999.0, 22.34, 9999.0, 22.73, 22.5, 22.32, 22.48, 22.36
2026-09-08, 17:13:53, 22.45, 22.5, 22.75, 22.84, 9999.0, 9999.0, 9999.0, 23.91, 9999.0, 22.34, 9999.0, 22.75, 22.5, 22.3, 22.5, 22.36
2026-09-08, 17:13:57, 22.45, 22.5, 22.75, 22.84, 9999.0, 9999.0, 9999.0, 23.89, 9999.0, 22.34, 9999.0, 22.77, 22.5, 22.27, 22.5, 22.39
2026-09-08, 17:14:01, 22.43, 22.5, 22.75, 22.84, 9999.0, 9999.0, 9999.0, 23.86, 9999.0, 22.36, 9999.0, 22.8, 22.5, 22.27, 22.5, 22.41
2026-09-08, 17:14:05, 22.43, 22.5, 22.75, 22.82, 9999.0, 9999.0, 9999.0, 23.84, 9999.0, 22.39, 9999.0, 22.82, 22.5, 22.3, 22.48, 22.41
2026-09-08, 17:14:09, 22.43, 22.5, 22.75, 22.8, 9999.0, 9999.0, 9999.0, 23.8, 9999.0, 22.39, 9999.0, 22.84, 22.5, 22.3, 22.48, 22.41
2026-09-08, 17:14:13, 22.43, 22.5, 22.75, 22.77, 9999.0, 9999.0, 9999.0, 23.82, 9999.0, 22.43, 9999.0, 22.86, 22.5, 22.3, 22.48, 22.43
2026-09-08, 17:14:17, 22.41, 22.5, 22.75, 22.77, 9999.0, 9999.0, 9999.0, 23.86, 9999.0, 22.45, 9999.0, 22.86, 22.5, 22.3, 22.45, 22.43
2026-09-08, 17:14:21, 22.41, 22.5, 22.75, 22.8, 9999.0, 9999.0, 9999.0, 23.86, 9999.0, 22.48, 9999.0, 22.86, 22.5, 22.32, 22.45, 22.45
2026-09-08, 17:14:25, 22.39, 22.5, 22.75, 22.8, 9999.0, 9999.0, 9999.0, 23.89, 9999.0, 22.5, 9999.0, 22.84, 22.5, 22.3, 22.43, 22.45
2026-09-08, 17:14:29, 22.39, 22.5, 22.75, 22.77, 9999.0, 9999.0, 9999.0, 23.93, 9999.0, 22.5, 9999.0, 22.82, 22.5, 22.3, 22.43, 22.45
2026-09-08, 17:14:33, 22.39, 22.5, 22.75, 22.77, 9999.0, 9999.0, 9999.0, 23.95, 9999.0, 22.52, 9999.0, 22.8, 22.5, 22.32, 22.43, 22.45
2026-09-08, 17:14:37, 22.41, 22.5, 22.75, 22.77, 9999.0, 9999.0, 9999.0, 23.98, 9999.0, 22.52, 9999.0, 22.77, 22.5, 22.34, 22.43, 22.45
2026-09-08, 17:14:41, 22.41, 22.5, 22.75, 22.77, 9999.0, 9999.0, 9999.0, 24.0, 9999.0, 22.52, 9999.0, 22.75, 22.5, 22.34, 22.43, 22.45
2026-09-08, 17:14:45, 22.43, 22.5, 22.75, 22.77, 9999.0, 9999.0, 9999.0, 24.02, 9999.0, 22.48, 9999.0, 22.73, 22.5, 22.34, 22.41, 22.45
2026-09-08, 17:14:49, 22.41, 22.5, 22.75, 22.77, 9999.0, 9999.0, 9999.0, 24.05, 9999.0, 22.45, 9999.0, 22.73, 22.5, 22.32, 22.43, 22.45
2026-09-08, 17:14:53, 22.41, 22.5, 22.75, 22.77, 9999.0, 9999.0, 9999.0, 24.07, 9999.0, 22.43, 9999.0, 22.73, 22.5, 22.32, 22.43, 22.45
2026-09-08, 17:14:57, 22.39, 22.5, 22.75, 22.77, 9999.0, 9999.0, 9999.0, 24.02, 9999.0, 22.39, 9999.0, 22.75, 22.5, 22.34, 22.41, 22.43
2026-09-08, 17:15:01, 22.39, 22.5, 22.75, 22.77, 9999.0, 9999.0, 9999.0, 23.98, 9999.0, 22.36, 9999.0, 22.77, 22.5, 22.36, 22.43, 22.45
2026-09-08, 17:15:05, 22.36, 22.5, 22.75, 22.77, 9999.0, 9999.0, 9999.0, 23.95, 9999.0, 22.34, 9999.0, 22.8, 22.5, 22.36, 22.43, 22.45
2026-09-08, 17:15:09, 22.39, 22.5, 22.75, 22.77, 9999.0, 9999.0, 9999.0, 23.91, 9999.0, 22.34, 9999.0, 22.82, 22.5, 22.39, 22.43, 22.45
2026-09-08, 17:15:13, 22.39, 22.5, 22.75, 22.77, 9999.0, 9999.0, 9999.0, 23.86, 9999.0, 22.36, 9999.0, 22.82, 22.5, 22.39, 22.43, 22.45
2026-09-08, 17:15:17, 22.41, 22.5, 22.75, 22.77, 9999.0, 9999.0, 9999.0, 23.84, 9999.0, 22.36, 9999.0, 22.82, 22.52, 22.36, 22.43, 22.45
2026-09-08, 17:15:21, 22.39, 22.5, 22.75, 22.77, 9999.0, 9999.0, 9999.0, 23.82, 9999.0, 22.39, 9999.0, 22.82, 22.55, 22.36, 22.43, 22.45
2026-09-08, 17:15:25, 22.39, 22.5, 22.75, 22.77, 9999.0, 9999.0, 9999.0, 23.77, 9999.0, 22.41, 9999.0, 22.82, 22.55, 22.36, 22.43, 22.45
2026-09-08, 17:15:29, 22.39, 22.5, 22.77, 22.77, 9999.0, 9999.0, 9999.0, 23.82, 9999.0, 22.43, 9999.0, 22.84, 22.55, 22.39, 22.45, 22.43
2026-09-08, 17:15:33, 22.41, 22.5, 22.8, 22.77, 9999.0, 9999.0, 9999.0, 23.86, 9999.0, 22.45, 9999.0, 22.84, 22.55, 22.41, 22.45, 22.43
2026-09-08, 17:15:37, 22.41, 22.5, 22.8, 22.77, 9999.0, 9999.0, 9999.0, 23.91, 9999.0, 22.48, 9999.0, 22.84, 22.55, 22.41, 22.45, 22.43
2026-09-08, 17:15:41, 22.43, 22.5, 22.8, 22.77, 9999.0, 9999.0, 9999.0, 23.93, 9999.0, 22.5, 9999.0, 22.82, 22.55, 22.39, 22.48, 22.45
2026-09-08, 17:15:45, 22.43, 22.5, 22.8, 22.77, 9999.0, 9999.0, 9999.0, 23.95, 9999.0, 22.52, 9999.0, 22.8, 22.55, 22.36, 22.48, 22.45
2026-09-08, 17:15:49, 22.43, 22.5, 22.8, 22.75, 9999.0, 9999.0, 9999.0, 23.98, 9999.0, 22.52, 9999.0, 22.77, 22.55, 22.36, 22.48, 22.43
2026-09-08, 17:15:53, 22.41, 22.5, 22.8, 22.77, 9999.0, 9999.0, 9999.0, 24.0, 9999.0, 22.5, 9999.0, 22.73, 22.55, 22.34, 22.5, 22.41
2026-09-08, 17:15:57, 22.39, 22.5, 22.8, 22.77, 9999.0, 9999.0, 9999.0, 24.0, 9999.0, 22.48, 9999.0, 22.7, 22.55, 22.34, 22.5, 22.41
2026-09-08, 17:16:01, 22.36, 22.5, 22.8, 22.77, 9999.0, 9999.0, 9999.0, 24.0, 9999.0, 22.45, 9999.0, 22.7, 22.52, 22.34, 22.5, 22.41
2026-09-08, 17:16:05, 22.39, 22.5, 22.8, 22.77, 9999.0, 9999.0, 9999.0, 24.02, 9999.0, 22.41, 9999.0, 22.7, 22.5, 22.34, 22.48, 22.41
2026-09-08, 17:16:09, 22.39, 22.5, 22.8, 22.77, 9999.0, 9999.0, 9999.0, 24.05, 9999.0, 22.36, 9999.0, 22.7, 22.5, 22.36, 22.48, 22.41
2026-09-08, 17:16:13, 22.39, 22.5, 22.77, 22.8, 9999.0, 9999.0, 9999.0, 23.98, 9999.0, 22.34, 9999.0, 22.7, 22.5, 22.34, 22.48, 22.41
2026-09-08, 17:16:17, 22.39, 22.5, 22.75, 22.8, 9999.0, 9999.0, 9999.0, 23.91, 9999.0, 22.32, 9999.0, 22.73, 22.5, 22.32, 22.48, 22.43
2026-09-08, 17:16:21, 22.39, 22.5, 22.75, 22.8, 9999.0, 9999.0, 9999.0, 23.86, 9999.0, 22.27, 9999.0, 22.75, 22.52, 22.32, 22.48, 22.43
2026-09-08, 17:16:25, 22.39, 22.5, 22.75, 22.8, 9999.0, 9999.0, 9999.0, 23.84, 9999.0, 22.25, 9999.0, 22.77, 22.52, 22.32, 22.48, 22.43
2026-09-08, 17:16:29, 22.41, 22.5, 22.75, 22.8, 9999.0, 9999.0, 9999.0, 23.8, 9999.0, 22.25, 9999.0, 22.8, 22.52, 22.34, 22.48, 22.43
2026-09-08, 17:16:33, 22.41, 22.5, 22.77, 22.8, 9999.0, 9999.0, 9999.0, 23.75, 9999.0, 22.25, 9999.0, 22.8, 22.52, 22.32, 22.48, 22.45
2026-09-08, 17:16:38, 22.43, 22.5, 22.77, 22.77, 9999.0, 9999.0, 9999.0, 23.7, 9999.0, 22.27, 9999.0, 22.84, 22.52, 22.34, 22.48, 22.48
2026-09-08, 17:16:42, 22.45, 22.5, 22.8, 22.77, 9999.0, 9999.0, 9999.0, 23.68, 9999.0, 22.3, 9999.0, 22.89, 22.52, 22.36, 22.48, 22.48
2026-09-08, 17:16:46, 22.48, 22.5, 22.8, 22.77, 9999.0, 9999.0, 9999.0, 23.66, 9999.0, 22.32, 9999.0, 22.89, 22.52, 22.36, 22.48, 22.48
2026-09-08, 17:16:50, 22.48, 22.5, 22.8, 22.77, 9999.0, 9999.0, 9999.0, 23.68, 9999.0, 22.34, 9999.0, 22.89, 22.52, 22.34, 22.5, 22.48
2026-09-08, 17:16:54, 22.48, 22.5, 22.8, 22.77, 9999.0, 9999.0, 9999.0, 23.73, 9999.0, 22.36, 9999.0, 22.89, 22.52, 22.32, 22.5, 22.48
2026-09-08, 17:16:58, 22.45, 22.5, 22.8, 22.75, 9999.0, 9999.0, 9999.0, 23.77, 9999.0, 22.39, 9999.0, 22.89, 22.52, 22.32, 22.5, 22.5
2026-09-08, 17:17:02, 22.45, 22.5, 22.8, 22.77, 9999.0, 9999.0, 9999.0, 23.8, 9999.0, 22.39, 9999.0, 22.86, 22.52, 22.32, 22.5, 22.5
2026-09-08, 17:17:06, 22.45, 22.5, 22.8, 22.77, 9999.0, 9999.0, 9999.0, 23.82, 9999.0, 22.41, 9999.0, 22.84, 22.5, 22.32, 22.5, 22.5
2026-09-08, 17:17:10, 22.45, 22.5, 22.8, 22.77, 9999.0, 9999.0, 9999.0, 23.84, 9999.0, 22.41, 9999.0, 22.82, 22.5, 22.34, 22.48, 22.5
2026-09-08, 17:17:14, 22.43, 22.5, 22.8, 22.77, 9999.0, 9999.0, 9999.0, 23.89, 9999.0, 22.39, 9999.0, 22.8, 22.5, 22.34, 22.48, 22.5
2026-09-08, 17:17:18, 22.45, 22.5, 22.77, 22.77, 9999.0, 9999.0, 9999.0, 23.93, 9999.0, 22.39, 9999.0, 22.8, 22.5, 22.36, 22.45, 22.5
2026-09-08, 17:17:22, 22.45, 22.5, 22.77, 22.77, 9999.0, 9999.0, 9999.0, 23.98, 9999.0, 22.36, 9999.0, 22.75, 22.5, 22.34, 22.43, 22.5
2026-09-08, 17:17:26, 22.45, 22.5, 22.75, 22.77, 9999.0, 9999.0, 9999.0, 24.02, 9999.0, 22.34, 9999.0, 22.73, 22.5, 22.34, 22.43, 22.5
2026-09-08, 17:17:30, 22.45, 22.5, 22.75, 22.77, 9999.0, 9999.0, 9999.0, 24.05, 9999.0, 22.32, 9999.0, 22.73, 22.5, 22.34, 22.43, 22.5
2026-09-08, 17:17:34, 22.45, 22.5, 22.75, 22.77, 9999.0, 9999.0, 9999.0, 24.0, 9999.0, 22.27, 9999.0, 22.75, 22.5, 22.34, 22.43, 22.5
2026-09-08, 17:17:38, 22.45, 22.5, 22.75, 22.77, 9999.0, 9999.0, 9999.0, 23.95, 9999.0, 22.23, 9999.0, 22.77, 22.5, 22.34, 22.43, 22.5
2026-09-08, 17:17:42, 22.48, 22.5, 22.75, 22.77, 9999.0, 9999.0, 9999.0, 23.91, 9999.0, 22.18, 9999.0, 22.8, 22.5, 22.34, 22.43, 22.48
2026-09-08, 17:17:46, 22.48, 22.5, 22.75, 22.75, 9999.0, 9999.0, 9999.0, 23.89, 9999.0, 22.18, 9999.0, 22.82, 22.5, 22.34, 22.43, 22.48
2026-09-08, 17:17:50, 22.48, 22.5, 22.75, 22.75, 9999.0, 9999.0, 9999.0, 23.86, 9999.0, 22.18, 9999.0, 22.82, 22.5, 22.34, 22.43, 22.48
2026-09-08, 17:17:54, 22.48, 22.5, 22.75, 22.75, 9999.0, 9999.0, 9999.0, 23.82, 9999.0, 22.2, 9999.0, 22.84, 22.52, 22.32, 22.45, 22.48
2026-09-08, 17:17:58, 22.5, 22.5, 22.75, 22.75, 9999.0, 9999.0, 9999.0, 23.77, 9999.0, 22.23, 9999.0, 22.84, 22.55, 22.32, 22.45, 22.48
2026-09-08, 17:18:02, 22.5, 22.5, 22.75, 22.77, 9999.0, 9999.0, 9999.0, 23.73, 9999.0, 22.25, 9999.0, 22.84, 22.55, 22.32, 22.48, 22.48
2026-09-08, 17:18:06, 22.48, 22.5, 22.75, 22.8, 9999.0, 9999.0, 9999.0, 23.75, 9999.0, 22.27, 9999.0, 22.86, 22.55, 22.32, 22.5, 22.48
2026-09-08, 17:18:10, 22.48, 22.5, 22.75, 22.8, 9999.0, 9999.0, 9999.0, 23.77, 9999.0, 22.27, 9999.0, 22.86, 22.55, 22.32, 22.5, 22.48
2026-09-08, 17:18:14, 22.48, 22.5, 22.77, 22.8, 9999.0, 9999.0, 9999.0, 23.82, 9999.0, 22.27, 9999.0, 22.86, 22.55, 22.32, 22.5, 22.48
2026-09-08, 17:18:18, 22.45, 22.5, 22.77, 22.8, 9999.0, 9999.0, 9999.0, 23.84, 9999.0, 22.3, 9999.0, 22.84, 22.55, 22.32, 22.5, 22.48
2026-09-08, 17:18:22, 22.45, 22.5, 22.77, 22.82, 9999.0, 9999.0, 9999.0, 23.86, 9999.0, 22.32, 9999.0, 22.82, 22.55, 22.34, 22.5, 22.48
2026-09-08, 17:18:26, 22.45, 22.5, 22.77, 22.82, 9999.0, 9999.0, 9999.0, 23.89, 9999.0, 22.34, 9999.0, 22.8, 22.55, 22.36, 22.5, 22.5
2026-09-08, 17:18:30, 22.45, 22.5, 22.77, 22.82, 9999.0, 9999.0, 9999.0, 23.91, 9999.0, 22.34, 9999.0, 22.77, 22.55, 22.36, 22.5, 22.5
2026-09-08, 17:18:34, 22.45, 22.5, 22.77, 22.82, 9999.0, 9999.0, 9999.0, 23.93, 9999.0, 22.34, 9999.0, 22.77, 22.55, 22.39, 22.5, 22.5
2026-09-08, 17:18:38, 22.43, 22.5, 22.77, 22.82, 9999.0, 9999.0, 9999.0, 23.98, 9999.0, 22.32, 9999.0, 22.75, 22.52, 22.41, 22.5, 22.5
2026-09-08, 17:18:42, 22.43, 22.5, 22.77, 22.82, 9999.0, 9999.0, 9999.0, 24.02, 9999.0, 22.27, 9999.0, 22.77, 22.5, 22.39, 22.5, 22.5
2026-09-08, 17:18:46, 22.43, 22.5, 22.77, 22.8, 9999.0, 9999.0, 9999.0, 24.05, 9999.0, 22.25, 9999.0, 22.77, 22.5, 22.36, 22.48, 22.5
2026-09-08, 17:18:50, 22.45, 22.5, 22.77, 22.77, 9999.0, 9999.0, 9999.0, 24.0, 9999.0, 22.2, 9999.0, 22.8, 22.5, 22.36, 22.48, 22.5
2026-09-08, 17:18:54, 22.45, 22.5, 22.77, 22.8, 9999.0, 9999.0, 9999.0, 23.95, 9999.0, 22.18, 9999.0, 22.82, 22.5, 22.36, 22.45, 22.5
2026-09-08, 17:18:58, 22.43, 22.5, 22.77, 22.8, 9999.0, 9999.0, 9999.0, 23.91, 9999.0, 22.16, 9999.0, 22.84, 22.5, 22.36, 22.45, 22.5
2026-09-08, 17:19:02, 22.45, 22.5, 22.77, 22.82, 9999.0, 9999.0, 9999.0, 23.86, 9999.0, 22.16, 9999.0, 22.86, 22.5, 22.36, 22.43, 22.5
2026-09-08, 17:19:06, 22.45, 22.5, 22.77, 22.8, 9999.0, 9999.0, 9999.0, 23.82, 9999.0, 22.16, 9999.0, 22.86, 22.5, 22.34, 22.43, 22.5
2026-09-08, 17:19:10, 22.45, 22.5, 22.77, 22.8, 9999.0, 9999.0, 9999.0, 23.77, 9999.0, 22.16, 9999.0, 22.89, 22.52, 22.34, 22.41, 22.5
2026-09-08, 17:19:14, 22.43, 22.5, 22.8, 22.8, 9999.0, 9999.0, 9999.0, 23.73, 9999.0, 22.18, 9999.0, 22.89, 22.55, 22.36, 22.39, 22.5
2026-09-08, 17:19:18, 22.41, 22.5, 22.8, 22.8, 9999.0, 9999.0, 9999.0, 23.68, 9999.0, 22.2, 9999.0, 22.89, 22.57, 22.36, 22.39, 22.5
2026-09-08, 17:19:22, 22.43, 22.5, 22.8, 22.8, 9999.0, 9999.0, 9999.0, 23.7, 9999.0, 22.2, 9999.0, 22.89, 22.57, 22.36, 22.39, 22.5
2026-09-08, 17:19:26, 22.43, 22.5, 22.82, 22.8, 9999.0, 9999.0, 9999.0, 23.73, 9999.0, 22.23, 9999.0, 22.86, 22.57, 22.39, 22.36, 22.5
2026-09-08, 17:19:30, 22.43, 22.5, 22.84, 22.8, 9999.0, 9999.0, 9999.0, 23.77, 9999.0, 22.23, 9999.0, 22.86, 22.57, 22.39, 22.39, 22.5
2026-09-08, 17:19:34, 22.43, 22.5, 22.84, 22.8, 9999.0, 9999.0, 9999.0, 23.8, 9999.0, 22.25, 9999.0, 22.84, 22.57, 22.39, 22.39, 22.5
2026-09-08, 17:19:38, 22.43, 22.5, 22.84, 22.77, 9999.0, 9999.0, 9999.0, 23.82, 9999.0, 22.25, 9999.0, 22.82, 22.57, 22.36, 22.41, 22.5
2026-09-08, 17:19:42, 22.45, 22.5, 22.82, 22.77, 9999.0, 9999.0, 9999.0, 23.84, 9999.0, 22.27, 9999.0, 22.8, 22.57, 22.36, 22.41, 22.5
2026-09-08, 17:19:46, 22.45, 22.5, 22.82, 22.75, 9999.0, 9999.0, 9999.0, 23.86, 9999.0, 22.27, 9999.0, 22.77, 22.57, 22.39, 22.43, 22.5
2026-09-08, 17:19:50, 22.45, 22.5, 22.82, 22.77, 9999.0, 9999.0, 9999.0, 23.89, 9999.0, 22.25, 9999.0, 22.77, 22.57, 22.41, 22.43, 22.5
2026-09-08, 17:19:54, 22.43, 22.5, 22.82, 22.77, 9999.0, 9999.0, 9999.0, 23.91, 9999.0, 22.25, 9999.0, 22.75, 22.55, 22.39, 22.45, 22.5
2026-09-08, 17:19:58, 22.45, 22.5, 22.8, 22.77, 9999.0, 9999.0, 9999.0, 23.93, 9999.0, 22.23, 9999.0, 22.75, 22.52, 22.36, 22.48, 22.5
2026-09-08, 17:20:02, 22.48, 22.5, 22.8, 22.77, 9999.0, 9999.0, 9999.0, 23.95, 9999.0, 22.2, 9999.0, 22.75, 22.5, 22.34, 22.48, 22.48
2026-09-08, 17:20:06, 22.48, 22.5, 22.8, 22.77, 9999.0, 9999.0, 9999.0, 23.91, 9999.0, 22.18, 9999.0, 22.75, 22.5, 22.32, 22.48, 22.48
2026-09-08, 17:20:10, 22.48, 22.5, 22.8, 22.77, 9999.0, 9999.0, 9999.0, 23.86, 9999.0, 22.16, 9999.0, 22.77, 22.5, 22.3, 22.5, 22.48
2026-09-08, 17:20:14, 22.48, 22.5, 22.77, 22.77, 9999.0, 9999.0, 9999.0, 23.8, 9999.0, 22.14, 9999.0, 22.8, 22.5, 22.3, 22.5, 22.48
2026-09-08, 17:20:18, 22.48, 22.5, 22.77, 22.8, 9999.0, 9999.0, 9999.0, 23.75, 9999.0, 22.14, 9999.0, 22.82, 22.5, 22.3, 22.5, 22.48
2026-09-08, 17:20:22, 22.48, 22.5, 22.77, 22.82, 9999.0, 9999.0, 9999.0, 23.7, 9999.0, 22.16, 9999.0, 22.82, 22.5, 22.32, 22.5, 22.48
2026-09-08, 17:20:26, 22.45, 22.5, 22.77, 22.82, 9999.0, 9999.0, 9999.0, 23.66, 9999.0, 22.16, 9999.0, 22.84, 22.5, 22.34, 22.48, 22.48
2026-09-08, 17:20:31, 22.45, 22.5, 22.77, 22.82, 9999.0, 9999.0, 9999.0, 23.64, 9999.0, 22.18, 9999.0, 22.86, 22.5, 22.32, 22.48, 22.45
2026-09-08, 17:20:35, 22.45, 22.5, 22.8, 22.8, 9999.0, 9999.0, 9999.0, 23.59, 9999.0, 22.2, 9999.0, 22.89, 22.5, 22.32, 22.48, 22.45
2026-09-08, 17:20:39, 22.48, 22.5, 22.8, 22.82, 9999.0, 9999.0, 9999.0, 23.57, 9999.0, 22.2, 9999.0, 22.91, 22.5, 22.32, 22.48, 22.45
2026-09-08, 17:20:43, 22.48, 22.5, 22.82, 22.84, 9999.0, 9999.0, 9999.0, 23.61, 9999.0, 22.2, 9999.0, 22.91, 22.5, 22.32, 22.48, 22.45
2026-09-08, 17:20:47, 22.48, 22.5, 22.82, 22.86, 9999.0, 9999.0, 9999.0, 23.64, 9999.0, 22.2, 9999.0, 22.91, 22.5, 22.32, 22.48, 22.48
2026-09-08, 17:20:51, 22.48, 22.5, 22.82, 22.86, 9999.0, 9999.0, 9999.0, 23.66, 9999.0, 22.23, 9999.0, 22.91, 22.5, 22.32, 22.45, 22.48
2026-09-08, 17:20:55, 22.48, 22.5, 22.8, 22.89, 9999.0, 9999.0, 9999.0, 23.68, 9999.0, 22.25, 9999.0, 22.89, 22.5, 22.34, 22.45, 22.48
2026-09-08, 17:20:59, 22.48, 22.5, 22.8, 22.89, 9999.0, 9999.0, 9999.0, 23.73, 9999.0, 22.25, 9999.0, 22.86, 22.5, 22.36, 22.45, 22.48
2026-09-08, 17:21:03, 22.48, 22.5, 22.8, 22.86, 9999.0, 9999.0, 9999.0, 23.75, 9999.0, 22.23, 9999.0, 22.84, 22.5, 22.36, 22.45, 22.48
2026-09-08, 17:21:07, 22.45, 22.5, 22.82, 22.84, 9999.0, 9999.0, 9999.0, 23.77, 9999.0, 22.2, 9999.0, 22.84, 22.5, 22.36, 22.45, 22.48
2026-09-08, 17:21:11, 22.48, 22.5, 22.84, 22.86, 9999.0, 9999.0, 9999.0, 23.82, 9999.0, 22.18, 9999.0, 22.8, 22.5, 22.34, 22.48, 22.48
2026-09-08, 17:21:15, 22.48, 22.5, 22.84, 22.86, 9999.0, 9999.0, 9999.0, 23.84, 9999.0, 22.14, 9999.0, 22.75, 22.5, 22.34, 22.48, 22.5
2026-09-08, 17:21:19, 22.48, 22.5, 22.82, 22.86, 9999.0, 9999.0, 9999.0, 23.89, 9999.0, 22.11, 9999.0, 22.73, 22.5, 22.32, 22.48, 22.5
2026-09-08, 17:21:23, 22.48, 22.5, 22.82, 22.84, 9999.0, 9999.0, 9999.0, 23.91, 9999.0, 22.09, 9999.0, 22.7, 22.5, 22.34, 22.48, 22.5
2026-09-08, 17:21:27, 22.48, 22.5, 22.8, 22.84, 9999.0, 9999.0, 9999.0, 23.86, 9999.0, 22.07, 9999.0, 22.73, 22.5, 22.36, 22.48, 22.5
2026-09-08, 17:21:31, 22.48, 22.5, 22.8, 22.84, 9999.0, 9999.0, 9999.0, 23.82, 9999.0, 22.02, 9999.0, 22.75, 22.52, 22.36, 22.48, 22.5
2026-09-08, 17:21:35, 22.45, 22.5, 22.8, 22.86, 9999.0, 9999.0, 9999.0, 23.77, 9999.0, 22.0, 9999.0, 22.75, 22.52, 22.36, 22.5, 22.5
2026-09-08, 17:21:39, 22.45, 22.5, 22.8, 22.86, 9999.0, 9999.0, 9999.0, 23.73, 9999.0, 22.0, 9999.0, 22.75, 22.52, 22.34, 22.5, 22.5
2026-09-08, 17:21:43, 22.43, 22.5, 22.8, 22.89, 9999.0, 9999.0, 9999.0, 23.66, 9999.0, 22.02, 9999.0, 22.75, 22.52, 22.34, 22.5, 22.5
2026-09-08, 17:21:47, 22.43, 22.5, 22.8, 22.89, 9999.0, 9999.0, 9999.0, 23.64, 9999.0, 22.07, 9999.0, 22.77, 22.52, 22.36, 22.5, 22.5
2026-09-08, 17:21:51, 22.45, 22.5, 22.77, 22.89, 9999.0, 9999.0, 9999.0, 23.59, 9999.0, 22.11, 9999.0, 22.77, 22.55, 22.36, 22.5, 22.5
2026-09-08, 17:21:55, 22.45, 22.5, 22.75, 22.89, 9999.0, 9999.0, 9999.0, 23.52, 9999.0, 22.14, 9999.0, 22.8, 22.57, 22.39, 22.5, 22.5
2026-09-08, 17:21:59, 22.45, 22.5, 22.75, 22.91, 9999.0, 9999.0, 9999.0, 23.55, 9999.0, 22.16, 9999.0, 22.82, 22.57, 22.39, 22.5, 22.5
2026-09-08, 17:22:03, 22.43, 22.5, 22.75, 22.93, 9999.0, 9999.0, 9999.0, 23.59, 9999.0, 22.18, 9999.0, 22.82, 22.59, 22.41, 22.5, 22.5
2026-09-08, 17:22:07, 22.41, 22.5, 22.77, 22.93, 9999.0, 9999.0, 9999.0, 23.61, 9999.0, 22.2, 9999.0, 22.82, 22.59, 22.41, 22.5, 22.5
2026-09-08, 17:22:11, 22.41, 22.5, 22.8, 22.91, 9999.0, 9999.0, 9999.0, 23.64, 9999.0, 22.2, 9999.0, 22.8, 22.59, 22.41, 22.5, 22.5
2026-09-08, 17:22:15, 22.41, 22.5, 22.8, 22.89, 9999.0, 9999.0, 9999.0, 23.68, 9999.0, 22.23, 9999.0, 22.77, 22.57, 22.43, 22.5, 22.5
2026-09-08, 17:22:19, 22.41, 22.5, 22.8, 22.86, 9999.0, 9999.0, 9999.0, 23.7, 9999.0, 22.23, 9999.0, 22.77, 22.57, 22.45, 22.5, 22.5
2026-09-08, 17:22:23, 22.39, 22.5, 22.8, 22.86, 9999.0, 9999.0, 9999.0, 23.73, 9999.0, 22.2, 9999.0, 22.77, 22.57, 22.48, 22.5, 22.5
2026-09-08, 17:22:27, 22.41, 22.5, 22.82, 22.86, 9999.0, 9999.0, 9999.0, 23.77, 9999.0, 22.18, 9999.0, 22.77, 22.57, 22.45, 22.5, 22.5
2026-09-08, 17:22:31, 22.41, 22.5, 22.82, 22.86, 9999.0, 9999.0, 9999.0, 23.8, 9999.0, 22.14, 9999.0, 22.75, 22.57, 22.43, 22.5, 22.5
2026-09-08, 17:22:35, 22.41, 22.5, 22.82, 22.86, 9999.0, 9999.0, 9999.0, 23.82, 9999.0, 22.09, 9999.0, 22.77, 22.55, 22.41, 22.5, 22.5
2026-09-08, 17:22:39, 22.39, 22.5, 22.82, 22.86, 9999.0, 9999.0, 9999.0, 23.84, 9999.0, 22.09, 9999.0, 22.77, 22.52, 22.39, 22.5, 22.5
2026-09-08, 17:22:43, 22.36, 22.5, 22.82, 22.84, 9999.0, 9999.0, 9999.0, 23.8, 9999.0, 22.07, 9999.0, 22.8, 22.52, 22.41, 22.48, 22.5
2026-09-08, 17:22:47, 22.39, 22.5, 22.82, 22.84, 9999.0, 9999.0, 9999.0, 23.73, 9999.0, 22.05, 9999.0, 22.82, 22.5, 22.39, 22.48, 22.5
2026-09-08, 17:22:51, 22.41, 22.5, 22.8, 22.84, 9999.0, 9999.0, 9999.0, 23.68, 9999.0, 22.0, 9999.0, 22.84, 22.5, 22.39, 22.48, 22.5
2026-09-08, 17:22:55, 22.41, 22.5, 22.77, 22.84, 9999.0, 9999.0, 9999.0, 23.64, 9999.0, 22.02, 9999.0, 22.86, 22.5, 22.36, 22.48, 22.5
2026-09-08, 17:22:59, 22.41, 22.5, 22.77, 22.84, 9999.0, 9999.0, 9999.0, 23.59, 9999.0, 22.02, 9999.0, 22.86, 22.5, 22.36, 22.48, 22.5
2026-09-08, 17:23:03, 22.43, 22.5, 22.77, 22.86, 9999.0, 9999.0, 9999.0, 23.57, 9999.0, 22.05, 9999.0, 22.89, 22.5, 22.34, 22.48, 22.5
2026-09-08, 17:23:07, 22.45, 22.5, 22.77, 22.84, 9999.0, 9999.0, 9999.0, 23.55, 9999.0, 22.09, 9999.0, 22.91, 22.5, 22.32, 22.48, 22.5
2026-09-08, 17:23:11, 22.45, 22.5, 22.75, 22.82, 9999.0, 9999.0, 9999.0, 23.52, 9999.0, 22.11, 9999.0, 22.93, 22.5, 22.34, 22.48, 22.5
2026-09-08, 17:23:15, 22.45, 22.5, 22.75, 22.82, 9999.0, 9999.0, 9999.0, 23.57, 9999.0, 22.14, 9999.0, 22.93, 22.5, 22.36, 22.48, 22.5
2026-09-08, 17:23:19, 22.45, 22.5, 22.75, 22.82, 9999.0, 9999.0, 9999.0, 23.61, 9999.0, 22.16, 9999.0, 22.91, 22.5, 22.39, 22.48, 22.5
2026-09-08, 17:23:23, 22.48, 22.5, 22.77, 22.8, 9999.0, 9999.0, 9999.0, 23.66, 9999.0, 22.16, 9999.0, 22.91, 22.5, 22.39, 22.48, 22.5
2026-09-08, 17:23:27, 22.5, 22.5, 22.77, 22.8, 9999.0, 9999.0, 9999.0, 23.7, 9999.0, 22.18, 9999.0, 22.89, 22.5, 22.36, 22.5, 22.5
2026-09-08, 17:23:31, 22.5, 22.5, 22.77, 22.77, 9999.0, 9999.0, 9999.0, 23.73, 9999.0, 22.2, 9999.0, 22.86, 22.5, 22.36, 22.5, 22.5
2026-09-08, 17:23:35, 22.5, 22.5, 22.77, 22.77, 9999.0, 9999.0, 9999.0, 23.75, 9999.0, 22.23, 9999.0, 22.84, 22.5, 22.34, 22.5, 22.5
2026-09-08, 17:23:39, 22.5, 22.5, 22.77, 22.77, 9999.0, 9999.0, 9999.0, 23.77, 9999.0, 22.2, 9999.0, 22.82, 22.5, 22.34, 22.5, 22.5
2026-09-08, 17:23:43, 22.5, 22.5, 22.8, 22.77, 9999.0, 9999.0, 9999.0, 23.8, 9999.0, 22.2, 9999.0, 22.82, 22.5, 22.34, 22.5, 22.5
2026-09-08, 17:23:47, 22.5, 22.5, 22.8, 22.77, 9999.0, 9999.0, 9999.0, 23.82, 9999.0, 22.18, 9999.0, 22.8, 22.5, 22.34, 22.5, 22.5
2026-09-08, 17:23:51, 22.48, 22.5, 22.8, 22.8, 9999.0, 9999.0, 9999.0, 23.84, 9999.0, 22.16, 9999.0, 22.77, 22.5, 22.36, 22.5, 22.5
2026-09-08, 17:23:55, 22.48, 22.5, 22.82, 22.8, 9999.0, 9999.0, 9999.0, 23.86, 9999.0, 22.14, 9999.0, 22.75, 22.5, 22.34, 22.5, 22.5
2026-09-08, 17:23:59, 22.48, 22.5, 22.84, 22.82, 9999.0, 9999.0, 9999.0, 23.8, 9999.0, 22.11, 9999.0, 22.75, 22.5, 22.34, 22.5, 22.5
2026-09-08, 17:24:03, 22.45, 22.5, 22.84, 22.84, 9999.0, 9999.0, 9999.0, 23.77, 9999.0, 22.09, 9999.0, 22.77, 22.52, 22.34, 22.5, 22.5
2026-09-08, 17:24:07, 22.45, 22.5, 22.84, 22.84, 9999.0, 9999.0, 9999.0, 23.75, 9999.0, 22.07, 9999.0, 22.8, 22.55, 22.36, 22.5, 22.5
2026-09-08, 17:24:11, 22.45, 22.5, 22.84, 22.86, 9999.0, 9999.0, 9999.0, 23.7, 9999.0, 22.09, 9999.0, 22.82, 22.55, 22.39, 22.5, 22.5
2026-09-08, 17:24:15, 22.45, 22.5, 22.84, 22.86, 9999.0, 9999.0, 9999.0, 23.68, 9999.0, 22.09, 9999.0, 22.84, 22.55, 22.39, 22.5, 22.5
2026-09-08, 17:24:19, 22.45, 22.5, 22.86, 22.86, 9999.0, 9999.0, 9999.0, 23.66, 9999.0, 22.14, 9999.0, 22.84, 22.55, 22.41, 22.5, 22.5
2026-09-08, 17:24:23, 22.45, 22.5, 22.89, 22.89, 9999.0, 9999.0, 9999.0, 23.64, 9999.0, 22.18, 9999.0, 22.86, 22.57, 22.43, 22.5, 22.5
2026-09-08, 17:24:28, 22.45, 22.5, 22.89, 22.91, 9999.0, 9999.0, 9999.0, 23.61, 9999.0, 22.23, 9999.0, 22.86, 22.57, 22.43, 22.5, 22.5
2026-09-08, 17:24:32, 22.45, 22.5, 22.89, 22.89, 9999.0, 9999.0, 9999.0, 23.66, 9999.0, 22.27, 9999.0, 22.86, 22.57, 22.43, 22.5, 22.5
2026-09-08, 17:24:36, 22.48, 22.5, 22.89, 22.89, 9999.0, 9999.0, 9999.0, 23.68, 9999.0, 22.27, 9999.0, 22.86, 22.59, 22.41, 22.5, 22.5
2026-09-08, 17:24:40, 22.48, 22.5, 22.86, 22.89, 9999.0, 9999.0, 9999.0, 23.7, 9999.0, 22.3, 9999.0, 22.86, 22.59, 22.41, 22.5, 22.5
2026-09-08, 17:24:44, 22.48, 22.5, 22.84, 22.86, 9999.0, 9999.0, 9999.0, 23.75, 9999.0, 22.32, 9999.0, 22.86, 22.59, 22.39, 22.5, 22.5
2026-09-08, 17:24:48, 22.5, 22.52, 22.84, 22.84, 9999.0, 9999.0, 9999.0, 23.77, 9999.0, 22.34, 9999.0, 22.84, 22.57, 22.36, 22.5, 22.5
2026-09-08, 17:24:52, 22.5, 22.52, 22.82, 22.84, 9999.0, 9999.0, 9999.0, 23.77, 9999.0, 22.36, 9999.0, 22.82, 22.55, 22.36, 22.5, 22.5
2026-09-08, 17:24:56, 22.5, 22.52, 22.82, 22.82, 9999.0, 9999.0, 9999.0, 23.8, 9999.0, 22.34, 9999.0, 22.8, 22.55, 22.36, 22.5, 22.5
2026-09-08, 17:25:00, 22.5, 22.52, 22.82, 22.84, 9999.0, 9999.0, 9999.0, 23.82, 9999.0, 22.34, 9999.0, 22.75, 22.57, 22.36, 22.5, 22.5
2026-09-08, 17:25:04, 22.5, 22.52, 22.8, 22.84, 9999.0, 9999.0, 9999.0, 23.86, 9999.0, 22.32, 9999.0, 22.73, 22.57, 22.34, 22.5, 22.5
2026-09-08, 17:25:08, 22.5, 22.52, 22.77, 22.84, 9999.0, 9999.0, 9999.0, 23.89, 9999.0, 22.3, 9999.0, 22.7, 22.55, 22.32, 22.5, 22.5
2026-09-08, 17:25:12, 22.5, 22.52, 22.77, 22.82, 9999.0, 9999.0, 9999.0, 23.91, 9999.0, 22.27, 9999.0, 22.7, 22.55, 22.32, 22.5, 22.5
2026-09-08, 17:25:16, 22.48, 22.52, 22.77, 22.84, 9999.0, 9999.0, 9999.0, 23.84, 9999.0, 22.25, 9999.0, 22.7, 22.55, 22.32, 22.5, 22.5
2026-09-08, 17:25:20, 22.48, 22.52, 22.77, 22.82, 9999.0, 9999.0, 9999.0, 23.82, 9999.0, 22.25, 9999.0, 22.73, 22.52, 22.34, 22.5, 22.5
2026-09-08, 17:25:24, 22.48, 22.52, 22.77, 22.84, 9999.0, 9999.0, 9999.0, 23.77, 9999.0, 22.25, 9999.0, 22.75, 22.52, 22.36, 22.5, 22.5
2026-09-08, 17:25:28, 22.48, 22.52, 22.77, 22.84, 9999.0, 9999.0, 9999.0, 23.73, 9999.0, 22.25, 9999.0, 22.77, 22.52, 22.36, 22.5, 22.5
2026-09-08, 17:25:32, 22.48, 22.5, 22.77, 22.84, 9999.0, 9999.0, 9999.0, 23.68, 9999.0, 22.25, 9999.0, 22.8, 22.52, 22.39, 22.5, 22.5
2026-09-08, 17:25:36, 22.48, 22.5, 22.8, 22.84, 9999.0, 9999.0, 9999.0, 23.66, 9999.0, 22.25, 9999.0, 22.82, 22.52, 22.36, 22.5, 22.5
2026-09-08, 17:25:40, 22.48, 22.5, 22.8, 22.86, 9999.0, 9999.0, 9999.0, 23.64, 9999.0, 22.27, 9999.0, 22.82, 22.55, 22.36, 22.5, 22.5
2026-09-08, 17:25:44, 22.48, 22.5, 22.82, 22.86, 9999.0, 9999.0, 9999.0, 23.61, 9999.0, 22.3, 9999.0, 22.86, 22.55, 22.36, 22.5, 22.5
2026-09-08, 17:25:48, 22.48, 22.5, 22.82, 22.89, 9999.0, 9999.0, 9999.0, 23.55, 9999.0, 22.32, 9999.0, 22.89, 22.55, 22.36, 22.5, 22.5
2026-09-08, 17:25:52, 22.48, 22.5, 22.82, 22.86, 9999.0, 9999.0, 9999.0, 23.59, 9999.0, 22.34, 9999.0, 22.89, 22.55, 22.36, 22.5, 22.5
2026-09-08, 17:25:56, 22.48, 22.5, 22.8, 22.89, 9999.0, 9999.0, 9999.0, 23.61, 9999.0, 22.36, 9999.0, 22.89, 22.55, 22.36, 22.5, 22.5
2026-09-08, 17:26:00, 22.5, 22.5, 22.8, 22.89, 9999.0, 9999.0, 9999.0, 23.66, 9999.0, 22.39, 9999.0, 22.89, 22.55, 22.39, 22.5, 22.5
2026-09-08, 17:26:04, 22.5, 22.5, 22.8, 22.91, 9999.0, 9999.0, 9999.0, 23.68, 9999.0, 22.41, 9999.0, 22.86, 22.57, 22.36, 22.5, 22.5
2026-09-08, 17:26:08, 22.5, 22.5, 22.82, 22.89, 9999.0, 9999.0, 9999.0, 23.73, 9999.0, 22.43, 9999.0, 22.84, 22.57, 22.36, 22.5, 22.5
2026-09-08, 17:26:12, 22.5, 22.5, 22.82, 22.91, 9999.0, 9999.0, 9999.0, 23.75, 9999.0, 22.43, 9999.0, 22.82, 22.57, 22.39, 22.5, 22.5
2026-09-08, 17:26:16, 22.5, 22.5, 22.82, 22.93, 9999.0, 9999.0, 9999.0, 23.77, 9999.0, 22.43, 9999.0, 22.8, 22.57, 22.39, 22.5, 22.5
2026-09-08, 17:26:20, 22.5, 22.5, 22.8, 22.93, 9999.0, 9999.0, 9999.0, 23.8, 9999.0, 22.43, 9999.0, 22.77, 22.57, 22.39, 22.5, 22.5
2026-09-08, 17:26:24, 22.5, 22.5, 22.8, 22.93, 9999.0, 9999.0, 9999.0, 23.84, 9999.0, 22.41, 9999.0, 22.77, 22.55, 22.36, 22.5, 22.5
2026-09-08, 17:26:28, 22.5, 22.5, 22.77, 22.93, 9999.0, 9999.0, 9999.0, 23.86, 9999.0, 22.39, 9999.0, 22.75, 22.52, 22.36, 22.5, 22.5
2026-09-08, 17:26:32, 22.5, 22.5, 22.77, 22.93, 9999.0, 9999.0, 9999.0, 23.91, 9999.0, 22.36, 9999.0, 22.75, 22.55, 22.36, 22.5, 22.5
2026-09-08, 17:26:36, 22.48, 22.5, 22.77, 22.95, 9999.0, 9999.0, 9999.0, 23.84, 9999.0, 22.34, 9999.0, 22.77, 22.55, 22.39, 22.5, 22.5
2026-09-08, 17:26:40, 22.48, 22.5, 22.77, 22.95, 9999.0, 9999.0, 9999.0, 23.8, 9999.0, 22.32, 9999.0, 22.8, 22.55, 22.39, 22.5, 22.5
2026-09-08, 17:26:44, 22.48, 22.5, 22.77, 22.95, 9999.0, 9999.0, 9999.0, 23.75, 9999.0, 22.3, 9999.0, 22.82, 22.55, 22.36, 22.5, 22.5
2026-09-08, 17:26:48, 22.48, 22.5, 22.77, 22.93, 9999.0, 9999.0, 9999.0, 23.7, 9999.0, 22.3, 9999.0, 22.84, 22.52, 22.39, 22.5, 22.5
2026-09-08, 17:26:52, 22.48, 22.5, 22.77, 22.95, 9999.0, 9999.0, 9999.0, 23.66, 9999.0, 22.3, 9999.0, 22.86, 22.52, 22.36, 22.5, 22.5
2026-09-08, 17:26:56, 22.48, 22.5, 22.77, 22.93, 9999.0, 9999.0, 9999.0, 23.64, 9999.0, 22.34, 9999.0, 22.86, 22.55, 22.36, 22.5, 22.5
2026-09-08, 17:27:00, 22.48, 22.5, 22.77, 22.93, 9999.0, 9999.0, 9999.0, 23.61, 9999.0, 22.39, 9999.0, 22.86, 22.57, 22.36, 22.48, 22.5
2026-09-08, 17:27:04, 22.48, 22.5, 22.77, 22.95, 9999.0, 9999.0, 9999.0, 23.59, 9999.0, 22.41, 9999.0, 22.86, 22.59, 22.36, 22.48, 22.5
2026-09-08, 17:27:08, 22.48, 22.5, 22.77, 22.93, 9999.0, 9999.0, 9999.0, 23.61, 9999.0, 22.43, 9999.0, 22.86, 22.61, 22.36, 22.48, 22.5
2026-09-08, 17:27:12, 22.48, 22.5, 22.8, 22.91, 9999.0, 9999.0, 9999.0, 23.66, 9999.0, 22.45, 9999.0, 22.89, 22.61, 22.39, 22.48, 22.5
2026-09-08, 17:27:16, 22.48, 22.5, 22.8, 22.91, 9999.0, 9999.0, 9999.0, 23.7, 9999.0, 22.48, 9999.0, 22.91, 22.59, 22.41, 22.48, 22.5
2026-09-08, 17:27:20, 22.5, 22.5, 22.82, 22.91, 9999.0, 9999.0, 9999.0, 23.75, 9999.0, 22.5, 9999.0, 22.89, 22.59, 22.39, 22.48, 22.5
2026-09-08, 17:27:24, 22.5, 22.5, 22.84, 22.91, 9999.0, 9999.0, 9999.0, 23.8, 9999.0, 22.52, 9999.0, 22.86, 22.59, 22.36, 22.48, 22.5
2026-09-08, 17:27:28, 22.5, 22.5, 22.84, 22.91, 9999.0, 9999.0, 9999.0, 23.84, 9999.0, 22.55, 9999.0, 22.84, 22.59, 22.39, 22.48, 22.5
2026-09-08, 17:27:32, 22.5, 22.5, 22.84, 22.91, 9999.0, 9999.0, 9999.0, 23.89, 9999.0, 22.55, 9999.0, 22.82, 22.59, 22.36, 22.48, 22.5
2026-09-08, 17:27:36, 22.5, 22.5, 22.84, 22.89, 9999.0, 9999.0, 9999.0, 23.91, 9999.0, 22.55, 9999.0, 22.8, 22.59, 22.39, 22.48, 22.5
2026-09-08, 17:27:40, 22.5, 22.5, 22.84, 22.91, 9999.0, 9999.0, 9999.0, 23.93, 9999.0, 22.52, 9999.0, 22.8, 22.57, 22.39, 22.48, 22.5
2026-09-08, 17:27:44, 22.5, 22.5, 22.84, 22.91, 9999.0, 9999.0, 9999.0, 23.95, 9999.0, 22.48, 9999.0, 22.8, 22.55, 22.39, 22.5, 22.5
2026-09-08, 17:27:48, 22.5, 22.5, 22.84, 22.89, 9999.0, 9999.0, 9999.0, 23.98, 9999.0, 22.45, 9999.0, 22.8, 22.52, 22.39, 22.5, 22.5
2026-09-08, 17:27:52, 22.5, 22.5, 22.84, 22.89, 9999.0, 9999.0, 9999.0, 23.93, 9999.0, 22.43, 9999.0, 22.82, 22.5, 22.41, 22.5, 22.5
2026-09-08, 17:27:56, 22.5, 22.5, 22.84, 22.89, 9999.0, 9999.0, 9999.0, 23.89, 9999.0, 22.43, 9999.0, 22.82, 22.5, 22.39, 22.5, 22.5
2026-09-08, 17:28:00, 22.5, 22.5, 22.84, 22.89, 9999.0, 9999.0, 9999.0, 23.84, 9999.0, 22.43, 9999.0, 22.82, 22.5, 22.36, 22.5, 22.5
2026-09-08, 17:28:04, 22.5, 22.5, 22.82, 22.89, 9999.0, 9999.0, 9999.0, 23.8, 9999.0, 22.45, 9999.0, 22.84, 22.5, 22.36, 22.5, 22.5
2026-09-08, 17:28:09, 22.48, 22.5, 22.8, 22.89, 9999.0, 9999.0, 9999.0, 23.75, 9999.0, 22.48, 9999.0, 22.84, 22.5, 22.36, 22.5, 22.5
2026-09-08, 17:28:13, 22.48, 22.5, 22.82, 22.86, 9999.0, 9999.0, 9999.0, 23.7, 9999.0, 22.5, 9999.0, 22.84, 22.52, 22.36, 22.5, 22.5
2026-09-08, 17:28:17, 22.45, 22.5, 22.82, 22.86, 9999.0, 9999.0, 9999.0, 23.66, 9999.0, 22.52, 9999.0, 22.86, 22.55, 22.39, 22.5, 22.5
2026-09-08, 17:28:21, 22.45, 22.5, 22.8, 22.86, 9999.0, 9999.0, 9999.0, 23.64, 9999.0, 22.55, 9999.0, 22.89, 22.55, 22.39, 22.5, 22.5
2026-09-08, 17:28:25, 22.45, 22.5, 22.8, 22.84, 9999.0, 9999.0, 9999.0, 23.68, 9999.0, 22.57, 9999.0, 22.89, 22.55, 22.36, 22.5, 22.5
2026-09-08, 17:28:29, 22.45, 22.5, 22.8, 22.84, 9999.0, 9999.0, 9999.0, 23.73, 9999.0, 22.61, 9999.0, 22.89, 22.55, 22.34, 22.5, 22.5
2026-09-08, 17:28:33, 22.45, 22.5, 22.8, 22.86, 9999.0, 9999.0, 9999.0, 23.77, 9999.0, 22.66, 9999.0, 22.89, 22.55, 22.34, 22.5, 22.5
2026-09-08, 17:28:37, 22.45, 22.5, 22.8, 22.86, 9999.0, 9999.0, 9999.0, 23.8, 9999.0, 22.7, 9999.0, 22.86, 22.55, 22.34, 22.5, 22.5
2026-09-08, 17:28:41, 22.45, 22.5, 22.8, 22.86, 9999.0, 9999.0, 9999.0, 23.82, 9999.0, 22.7, 9999.0, 22.84, 22.55, 22.34, 22.5, 22.5
2026-09-08, 17:28:45, 22.45, 22.5, 22.8, 22.86, 9999.0, 9999.0, 9999.0, 23.84, 9999.0, 22.7, 9999.0, 22.82, 22.55, 22.36, 22.5, 22.5
2026-09-08, 17:28:49, 22.45, 22.5, 22.8, 22.86, 9999.0, 9999.0, 9999.0, 23.89, 9999.0, 22.7, 9999.0, 22.8, 22.55, 22.36, 22.5, 22.5
2026-09-08, 17:28:53, 22.48, 22.5, 22.8, 22.86, 9999.0, 9999.0, 9999.0, 23.93, 9999.0, 22.68, 9999.0, 22.8, 22.55, 22.36, 22.5, 22.5
2026-09-08, 17:28:57, 22.48, 22.5, 22.77, 22.89, 9999.0, 9999.0, 9999.0, 23.98, 9999.0, 22.66, 9999.0, 22.8, 22.52, 22.36, 22.5, 22.5
2026-09-08, 17:29:01, 22.48, 22.5, 22.77, 22.89, 9999.0, 9999.0, 9999.0, 24.02, 9999.0, 22.64, 9999.0, 22.77, 22.5, 22.36, 22.48, 22.5
2026-09-08, 17:29:05, 22.48, 22.5, 22.77, 22.89, 9999.0, 9999.0, 9999.0, 24.07, 9999.0, 22.61, 9999.0, 22.75, 22.5, 22.34, 22.48, 22.5
2026-09-08, 17:29:09, 22.48, 22.5, 22.77, 22.91, 9999.0, 9999.0, 9999.0, 24.02, 9999.0, 22.59, 9999.0, 22.75, 22.5, 22.34, 22.48, 22.5
2026-09-08, 17:29:13, 22.48, 22.5, 22.77, 22.89, 9999.0, 9999.0, 9999.0, 23.98, 9999.0, 22.57, 9999.0, 22.77, 22.5, 22.36, 22.48, 22.5
2026-09-08, 17:29:17, 22.48, 22.5, 22.77, 22.89, 9999.0, 9999.0, 9999.0, 23.93, 9999.0, 22.55, 9999.0, 22.8, 22.52, 22.39, 22.48, 22.5
2026-09-08, 17:29:21, 22.48, 22.5, 22.77, 22.91, 9999.0, 9999.0, 9999.0, 23.91, 9999.0, 22.55, 9999.0, 22.8, 22.52, 22.39, 22.48, 22.5
2026-09-08, 17:29:25, 22.48, 22.5, 22.75, 22.91, 9999.0, 9999.0, 9999.0, 23.89, 9999.0, 22.57, 9999.0, 22.8, 22.52, 22.41, 22.48, 22.5
2026-09-08, 17:29:29, 22.48, 22.5, 22.75, 22.89, 9999.0, 9999.0, 9999.0, 23.86, 9999.0, 22.59, 9999.0, 22.82, 22.55, 22.41, 22.48, 22.5
2026-09-08, 17:29:33, 22.48, 22.5, 22.75, 22.86, 9999.0, 9999.0, 9999.0, 23.82, 9999.0, 22.59, 9999.0, 22.84, 22.57, 22.43, 22.48, 22.5
2026-09-08, 17:29:37, 22.48, 22.5, 22.75, 22.84, 9999.0, 9999.0, 9999.0, 23.77, 9999.0, 22.61, 9999.0, 22.84, 22.57, 22.43, 22.48, 22.5
2026-09-08, 17:29:41, 22.48, 22.5, 22.75, 22.82, 9999.0, 9999.0, 9999.0, 23.8, 9999.0, 22.64, 9999.0, 22.84, 22.57, 22.41, 22.48, 22.5
2026-09-08, 17:29:45, 22.5, 22.5, 22.75, 22.82, 9999.0, 9999.0, 9999.0, 23.82, 9999.0, 22.66, 9999.0, 22.84, 22.57, 22.39, 22.5, 22.5
2026-09-08, 17:29:49, 22.5, 22.5, 22.75, 22.82, 9999.0, 9999.0, 9999.0, 23.84, 9999.0, 22.68, 9999.0, 22.84, 22.57, 22.39, 22.5, 22.5
2026-09-08, 17:29:53, 22.5, 22.5, 22.75, 22.8, 9999.0, 9999.0, 9999.0, 23.89, 9999.0, 22.7, 9999.0, 22.84, 22.57, 22.39, 22.5, 22.5
2026-09-08, 17:29:57, 22.5, 22.5, 22.75, 22.8, 9999.0, 9999.0, 9999.0, 23.93, 9999.0, 22.73, 9999.0, 22.82, 22.57, 22.36, 22.5, 22.5
2026-09-08, 17:30:01, 22.5, 22.5, 22.75, 22.77, 9999.0, 9999.0, 9999.0, 23.95, 9999.0, 22.75, 9999.0, 22.8, 22.55, 22.34, 22.5, 22.5
2026-09-08, 17:30:05, 22.5, 22.5, 22.75, 22.75, 9999.0, 9999.0, 9999.0, 23.98, 9999.0, 22.75, 9999.0, 22.8, 22.55, 22.32, 22.5, 22.5
2026-09-08, 17:30:09, 22.5, 22.5, 22.77, 22.75, 9999.0, 9999.0, 9999.0, 24.0, 9999.0, 22.73, 9999.0, 22.8, 22.55, 22.3, 22.5, 22.5
2026-09-08, 17:30:13, 22.5, 22.5, 22.77, 22.75, 9999.0, 9999.0, 9999.0, 24.02, 9999.0, 22.7, 9999.0, 22.77, 22.52, 22.3, 22.5, 22.5
2026-09-08, 17:30:17, 22.5, 22.5, 22.77, 22.75, 9999.0, 9999.0, 9999.0, 24.07, 9999.0, 22.7, 9999.0, 22.75, 22.5, 22.27, 22.5, 22.5
2026-09-08, 17:30:21, 22.5, 22.5, 22.77, 22.75, 9999.0, 9999.0, 9999.0, 24.11, 9999.0, 22.68, 9999.0, 22.75, 22.5, 22.27, 22.5, 22.5
2026-09-08, 17:30:25, 22.5, 22.5, 22.77, 22.75, 9999.0, 9999.0, 9999.0, 24.09, 9999.0, 22.66, 9999.0, 22.75, 22.5, 22.27, 22.5, 22.5
2026-09-08, 17:30:29, 22.5, 22.5, 22.77, 22.75, 9999.0, 9999.0, 9999.0, 24.07, 9999.0, 22.64, 9999.0, 22.77, 22.5, 22.3, 22.5, 22.5
2026-09-08, 17:30:33, 22.5, 22.5, 22.77, 22.75, 9999.0, 9999.0, 9999.0, 24.02, 9999.0, 22.61, 9999.0, 22.8, 22.5, 22.32, 22.5, 22.5
2026-09-08, 17:30:37, 22.5, 22.5, 22.8, 22.75, 9999.0, 9999.0, 9999.0, 23.98, 9999.0, 22.59, 9999.0, 22.82, 22.5, 22.34, 22.5, 22.5
2026-09-08, 17:30:41, 22.5, 22.5, 22.82, 22.75, 9999.0, 9999.0, 9999.0, 23.93, 9999.0, 22.59, 9999.0, 22.84, 22.5, 22.34, 22.5, 22.5
2026-09-08, 17:30:45, 22.5, 22.5, 22.82, 22.75, 9999.0, 9999.0, 9999.0, 23.91, 9999.0, 22.59, 9999.0, 22.86, 22.5, 22.34, 22.5, 22.5
2026-09-08, 17:30:49, 22.5, 22.5, 22.82, 22.77, 9999.0, 9999.0, 9999.0, 23.89, 9999.0, 22.61, 9999.0, 22.86, 22.5, 22.36, 22.5, 22.5
2026-09-08, 17:30:53, 22.5, 22.5, 22.8, 22.77, 9999.0, 9999.0, 9999.0, 23.84, 9999.0, 22.66, 9999.0, 22.89, 22.52, 22.36, 22.5, 22.5
2026-09-08, 17:30:57, 22.5, 22.5, 22.8, 22.77, 9999.0, 9999.0, 9999.0, 23.8, 9999.0, 22.7, 9999.0, 22.89, 22.52, 22.34, 22.5, 22.5
2026-09-08, 17:31:01, 22.5, 22.5, 22.8, 22.77, 9999.0, 9999.0, 9999.0, 23.82, 9999.0, 22.7, 9999.0, 22.89, 22.52, 22.36, 22.5, 22.5
2026-09-08, 17:31:05, 22.5, 22.5, 22.8, 22.8, 9999.0, 9999.0, 9999.0, 23.84, 9999.0, 22.75, 9999.0, 22.89, 22.55, 22.36, 22.5, 22.5
2026-09-08, 17:31:09, 22.5, 22.5, 22.8, 22.8, 9999.0, 9999.0, 9999.0, 23.86, 9999.0, 22.8, 9999.0, 22.89, 22.57, 22.36, 22.5, 22.5
2026-09-08, 17:31:13, 22.5, 22.5, 22.8, 22.8, 9999.0, 9999.0, 9999.0, 23.86, 9999.0, 22.82, 9999.0, 22.86, 22.59, 22.34, 22.5, 22.5
2026-09-08, 17:31:17, 22.5, 22.5, 22.8, 22.8, 9999.0, 9999.0, 9999.0, 23.89, 9999.0, 22.84, 9999.0, 22.84, 22.59, 22.34, 22.5, 22.5
2026-09-08, 17:31:21, 22.5, 22.5, 22.8, 22.8, 9999.0, 9999.0, 9999.0, 23.91, 9999.0, 22.86, 9999.0, 22.82, 22.59, 22.32, 22.5, 22.5
2026-09-08, 17:31:25, 22.5, 22.5, 22.8, 22.8, 9999.0, 9999.0, 9999.0, 23.93, 9999.0, 22.86, 9999.0, 22.77, 22.59, 22.32, 22.5, 22.5
2026-09-08, 17:31:29, 22.48, 22.5, 22.8, 22.8, 9999.0, 9999.0, 9999.0, 23.95, 9999.0, 22.86, 9999.0, 22.75, 22.59, 22.32, 22.5, 22.5
2026-09-08, 17:31:33, 22.48, 22.5, 22.82, 22.77, 9999.0, 9999.0, 9999.0, 23.98, 9999.0, 22.84, 9999.0, 22.75, 22.59, 22.32, 22.5, 22.5
2026-09-08, 17:31:37, 22.48, 22.5, 22.82, 22.77, 9999.0, 9999.0, 9999.0, 24.02, 9999.0, 22.82, 9999.0, 22.73, 22.57, 22.32, 22.5, 22.5
2026-09-08, 17:31:41, 22.48, 22.5, 22.82, 22.77, 9999.0, 9999.0, 9999.0, 24.07, 9999.0, 22.8, 9999.0, 22.73, 22.59, 22.32, 22.5, 22.5
2026-09-08, 17:31:46, 22.48, 22.5, 22.82, 22.77, 9999.0, 9999.0, 9999.0, 24.05, 9999.0, 22.77, 9999.0, 22.75, 22.59, 22.32, 22.5, 22.5
2026-09-08, 17:31:50, 22.48, 22.52, 22.82, 22.75, 9999.0, 9999.0, 9999.0, 24.0, 9999.0, 22.75, 9999.0, 22.77, 22.57, 22.34, 22.5, 22.5
2026-09-08, 17:31:54, 22.48, 22.52, 22.82, 22.77, 9999.0, 9999.0, 9999.0, 23.98, 9999.0, 22.73, 9999.0, 22.8, 22.55, 22.34, 22.5, 22.5
2026-09-08, 17:31:58, 22.48, 22.52, 22.82, 22.77, 9999.0, 9999.0, 9999.0, 23.95, 9999.0, 22.73, 9999.0, 22.8, 22.52, 22.34, 22.5, 22.5
2026-09-08, 17:32:02, 22.48, 22.52, 22.82, 22.77, 9999.0, 9999.0, 9999.0, 23.93, 9999.0, 22.73, 9999.0, 22.8, 22.52, 22.32, 22.5, 22.5
2026-09-08, 17:32:06, 22.48, 22.52, 22.8, 22.8, 9999.0, 9999.0, 9999.0, 23.91, 9999.0, 22.73, 9999.0, 22.82, 22.55, 22.32, 22.5, 22.5
2026-09-08, 17:32:10, 22.48, 22.52, 22.77, 22.8, 9999.0, 9999.0, 9999.0, 23.89, 9999.0, 22.75, 9999.0, 22.86, 22.57, 22.34, 22.5, 22.5
2026-09-08, 17:32:14, 22.5, 22.52, 22.77, 22.8, 9999.0, 9999.0, 9999.0, 23.86, 9999.0, 22.77, 9999.0, 22.89, 22.59, 22.34, 22.5, 22.5
2026-09-08, 17:32:18, 22.5, 22.52, 22.77, 22.82, 9999.0, 9999.0, 9999.0, 23.91, 9999.0, 22.8, 9999.0, 22.89, 22.59, 22.32, 22.5, 22.48
2026-09-08, 17:32:22, 22.5, 22.52, 22.8, 22.84, 9999.0, 9999.0, 9999.0, 23.95, 9999.0, 22.8, 9999.0, 22.89, 22.61, 22.32, 22.5, 22.48
2026-09-08, 17:32:26, 22.5, 22.52, 22.8, 22.84, 9999.0, 9999.0, 9999.0, 23.98, 9999.0, 22.8, 9999.0, 22.89, 22.59, 22.32, 22.5, 22.48
2026-09-08, 17:32:30, 22.5, 22.52, 22.8, 22.84, 9999.0, 9999.0, 9999.0, 24.0, 9999.0, 22.82, 9999.0, 22.86, 22.59, 22.3, 22.5, 22.48
2026-09-08, 17:32:34, 22.5, 22.5, 22.8, 22.86, 9999.0, 9999.0, 9999.0, 24.02, 9999.0, 22.84, 9999.0, 22.84, 22.61, 22.27, 22.5, 22.48
2026-09-08, 17:32:38, 22.48, 22.5, 22.8, 22.84, 9999.0, 9999.0, 9999.0, 24.02, 9999.0, 22.84, 9999.0, 22.8, 22.61, 22.27, 22.5, 22.48
2026-09-08, 17:32:42, 22.45, 22.5, 22.8, 22.84, 9999.0, 9999.0, 9999.0, 24.05, 9999.0, 22.84, 9999.0, 22.8, 22.61, 22.27, 22.5, 22.45
2026-09-08, 17:32:46, 22.45, 22.5, 22.8, 22.86, 9999.0, 9999.0, 9999.0, 24.07, 9999.0, 22.84, 9999.0, 22.8, 22.61, 22.27, 22.5, 22.43
2026-09-08, 17:32:50, 22.45, 22.5, 22.8, 22.84, 9999.0, 9999.0, 9999.0, 24.09, 9999.0, 22.84, 9999.0, 22.77, 22.59, 22.3, 22.5, 22.43
2026-09-08, 17:32:54, 22.45, 22.5, 22.8, 22.86, 9999.0, 9999.0, 9999.0, 24.11, 9999.0, 22.82, 9999.0, 22.75, 22.57, 22.3, 22.5, 22.43
2026-09-08, 17:32:58, 22.45, 22.5, 22.82, 22.86, 9999.0, 9999.0, 9999.0, 24.14, 9999.0, 22.8, 9999.0, 22.73, 22.55, 22.32, 22.5, 22.43
2026-09-08, 17:33:02, 22.45, 22.5, 22.8, 22.84, 9999.0, 9999.0, 9999.0, 24.09, 9999.0, 22.77, 9999.0, 22.75, 22.55, 22.32, 22.5, 22.45
2026-09-08, 17:33:06, 22.45, 22.5, 22.77, 22.82, 9999.0, 9999.0, 9999.0, 24.05, 9999.0, 22.77, 9999.0, 22.77, 22.52, 22.32, 22.5, 22.45
2026-09-08, 17:33:10, 22.45, 22.5, 22.77, 22.82, 9999.0, 9999.0, 9999.0, 24.0, 9999.0, 22.77, 9999.0, 22.8, 22.52, 22.32, 22.5, 22.45
2026-09-08, 17:33:14, 22.43, 22.5, 22.77, 22.82, 9999.0, 9999.0, 9999.0, 23.95, 9999.0, 22.8, 9999.0, 22.8, 22.52, 22.34, 22.5, 22.45
2026-09-08, 17:33:18, 22.43, 22.5, 22.77, 22.8, 9999.0, 9999.0, 9999.0, 23.93, 9999.0, 22.8, 9999.0, 22.8, 22.5, 22.34, 22.5, 22.45
2026-09-08, 17:33:22, 22.45, 22.5, 22.77, 22.8, 9999.0, 9999.0, 9999.0, 23.91, 9999.0, 22.82, 9999.0, 22.84, 22.5, 22.34, 22.5, 22.45
2026-09-08, 17:33:26, 22.48, 22.52, 22.77, 22.8, 9999.0, 9999.0, 9999.0, 23.89, 9999.0, 22.84, 9999.0, 22.84, 22.52, 22.36, 22.5, 22.48
2026-09-08, 17:33:30, 22.45, 22.52, 22.77, 22.77, 9999.0, 9999.0, 9999.0, 23.86, 9999.0, 22.86, 9999.0, 22.84, 22.52, 22.36, 22.5, 22.5
2026-09-08, 17:33:34, 22.45, 22.52, 22.77, 22.8, 9999.0, 9999.0, 9999.0, 23.91, 9999.0, 22.89, 9999.0, 22.84, 22.55, 22.34, 22.5, 22.5
2026-09-08, 17:33:38, 22.45, 22.52, 22.8, 22.8, 9999.0, 9999.0, 9999.0, 23.93, 9999.0, 22.91, 9999.0, 22.84, 22.55, 22.32, 22.5, 22.5
2026-09-08, 17:33:42, 22.45, 22.52, 22.77, 22.82, 9999.0, 9999.0, 9999.0, 23.95, 9999.0, 22.93, 9999.0, 22.84, 22.55, 22.3, 22.5, 22.5
2026-09-08, 17:33:46, 22.45, 22.52, 22.77, 22.84, 9999.0, 9999.0, 9999.0, 23.98, 9999.0, 22.93, 9999.0, 22.82, 22.55, 22.3, 22.5, 22.48
2026-09-08, 17:33:50, 22.45, 22.52, 22.77, 22.84, 9999.0, 9999.0, 9999.0, 24.0, 9999.0, 22.95, 9999.0, 22.8, 22.55, 22.3, 22.5, 22.48
2026-09-08, 17:33:54, 22.45, 22.52, 22.77, 22.84, 9999.0, 9999.0, 9999.0, 24.05, 9999.0, 22.95, 9999.0, 22.75, 22.55, 22.32, 22.5, 22.45
2026-09-08, 17:33:58, 22.48, 22.52, 22.77, 22.84, 9999.0, 9999.0, 9999.0, 24.07, 9999.0, 22.93, 9999.0, 22.73, 22.55, 22.3, 22.5, 22.45
2026-09-08, 17:34:02, 22.48, 22.52, 22.77, 22.84, 9999.0, 9999.0, 9999.0, 24.11, 9999.0, 22.93, 9999.0, 22.73, 22.55, 22.32, 22.5, 22.45
2026-09-08, 17:34:06, 22.48, 22.52, 22.77, 22.84, 9999.0, 9999.0, 9999.0, 24.14, 9999.0, 22.91, 9999.0, 22.7, 22.55, 22.34, 22.5, 22.45
2026-09-08, 17:34:10, 22.48, 22.5, 22.77, 22.84, 9999.0, 9999.0, 9999.0, 24.16, 9999.0, 22.89, 9999.0, 22.7, 22.52, 22.34, 22.5, 22.45
2026-09-08, 17:34:14, 22.5, 22.5, 22.8, 22.84, 9999.0, 9999.0, 9999.0, 24.18, 9999.0, 22.86, 9999.0, 22.7, 22.52, 22.36, 22.5, 22.43
2026-09-08, 17:34:18, 22.5, 22.5, 22.8, 22.82, 9999.0, 9999.0, 9999.0, 24.14, 9999.0, 22.84, 9999.0, 22.73, 22.5, 22.36, 22.5, 22.43
2026-09-08, 17:34:22, 22.5, 22.5, 22.77, 22.8, 9999.0, 9999.0, 9999.0, 24.11, 9999.0, 22.8, 9999.0, 22.75, 22.5, 22.39, 22.5, 22.43
2026-09-08, 17:34:26, 22.5, 22.5, 22.77, 22.77, 9999.0, 9999.0, 9999.0, 24.07, 9999.0, 22.75, 9999.0, 22.77, 22.5, 22.39, 22.5, 22.43
2026-09-08, 17:34:30, 22.5, 22.5, 22.77, 22.75, 9999.0, 9999.0, 9999.0, 24.02, 9999.0, 22.77, 9999.0, 22.77, 22.5, 22.39, 22.5, 22.45
2026-09-08, 17:34:34, 22.5, 22.5, 22.77, 22.75, 9999.0, 9999.0, 9999.0, 23.98, 9999.0, 22.77, 9999.0, 22.8, 22.5, 22.39, 22.5, 22.45
2026-09-08, 17:34:38, 22.5, 22.5, 22.77, 22.75, 9999.0, 9999.0, 9999.0, 23.93, 9999.0, 22.8, 9999.0, 22.84, 22.5, 22.36, 22.5, 22.48
2026-09-08, 17:34:42, 22.48, 22.52, 22.77, 22.75, 9999.0, 9999.0, 9999.0, 23.91, 9999.0, 22.82, 9999.0, 22.89, 22.5, 22.36, 22.5, 22.45
2026-09-08, 17:34:46, 22.48, 22.52, 22.77, 22.75, 9999.0, 9999.0, 9999.0, 23.84, 9999.0, 22.82, 9999.0, 22.89, 22.5, 22.34, 22.5, 22.45
2026-09-08, 17:34:50, 22.48, 22.52, 22.77, 22.75, 9999.0, 9999.0, 9999.0, 23.89, 9999.0, 22.84, 9999.0, 22.89, 22.5, 22.32, 22.5, 22.43
2026-09-08, 17:34:54, 22.48, 22.52, 22.77, 22.75, 9999.0, 9999.0, 9999.0, 23.93, 9999.0, 22.84, 9999.0, 22.89, 22.52, 22.32, 22.5, 22.43
2026-09-08, 17:34:58, 22.48, 22.52, 22.75, 22.77, 9999.0, 9999.0, 9999.0, 23.95, 9999.0, 22.84, 9999.0, 22.89, 22.52, 22.32, 22.5, 22.45
2026-09-08, 17:35:02, 22.45, 22.52, 22.75, 22.77, 9999.0, 9999.0, 9999.0, 23.98, 9999.0, 22.86, 9999.0, 22.86, 22.52, 22.32, 22.5, 22.45
2026-09-08, 17:35:06, 22.45, 22.52, 22.75, 22.77, 9999.0, 9999.0, 9999.0, 24.0, 9999.0, 22.89, 9999.0, 22.84, 22.52, 22.3, 22.5, 22.45
2026-09-08, 17:35:10, 22.43, 22.52, 22.75, 22.8, 9999.0, 9999.0, 9999.0, 24.05, 9999.0, 22.91, 9999.0, 22.82, 22.52, 22.32, 22.5, 22.45
2026-09-08, 17:35:14, 22.43, 22.52, 22.77, 22.8, 9999.0, 9999.0, 9999.0, 24.07, 9999.0, 22.89, 9999.0, 22.8, 22.52, 22.32, 22.5, 22.45
2026-09-08, 17:35:18, 22.43, 22.52, 22.77, 22.8, 9999.0, 9999.0, 9999.0, 24.09, 9999.0, 22.86, 9999.0, 22.77, 22.52, 22.32, 22.5, 22.43
2026-09-08, 17:35:22, 22.43, 22.52, 22.77, 22.8, 9999.0, 9999.0, 9999.0, 24.14, 9999.0, 22.84, 9999.0, 22.73, 22.52, 22.34, 22.48, 22.43
2026-09-08, 17:35:26, 22.45, 22.5, 22.77, 22.8, 9999.0, 9999.0, 9999.0, 24.18, 9999.0, 22.82, 9999.0, 22.73, 22.52, 22.34, 22.45, 22.43
2026-09-08, 17:35:31, 22.45, 22.5, 22.8, 22.82, 9999.0, 9999.0, 9999.0, 24.25, 9999.0, 22.8, 9999.0, 22.73, 22.52, 22.34, 22.43, 22.43
2026-09-08, 17:35:35, 22.45, 22.5, 22.8, 22.82, 9999.0, 9999.0, 9999.0, 24.2, 9999.0, 22.77, 9999.0, 22.73, 22.52, 22.34, 22.43, 22.45
2026-09-08, 17:35:39, 22.45, 22.5, 22.8, 22.82, 9999.0, 9999.0, 9999.0, 24.16, 9999.0, 22.77, 9999.0, 22.75, 22.5, 22.32, 22.43, 22.45
2026-09-08, 17:35:43, 22.45, 22.5, 22.8, 22.8, 9999.0, 9999.0, 9999.0, 24.14, 9999.0, 22.75, 9999.0, 22.77, 22.5, 22.32, 22.43, 22.43
2026-09-08, 17:35:47, 22.48, 22.5, 22.8, 22.8, 9999.0, 9999.0, 9999.0, 24.11, 9999.0, 22.7, 9999.0, 22.77, 22.5, 22.32, 22.43, 22.43
2026-09-08, 17:35:51, 22.48, 22.5, 22.82, 22.8, 9999.0, 9999.0, 9999.0, 24.07, 9999.0, 22.7, 9999.0, 22.8, 22.5, 22.32, 22.43, 22.41
2026-09-08, 17:35:55, 22.5, 22.52, 22.82, 22.77, 9999.0, 9999.0, 9999.0, 24.02, 9999.0, 22.7, 9999.0, 22.8, 22.5, 22.32, 22.41, 22.41
2026-09-08, 17:35:59, 22.5, 22.52, 22.8, 22.77, 9999.0, 9999.0, 9999.0, 24.0, 9999.0, 22.73, 9999.0, 22.82, 22.52, 22.34, 22.41, 22.39
2026-09-08, 17:36:03, 22.5, 22.52, 22.8, 22.77, 9999.0, 9999.0, 9999.0, 23.98, 9999.0, 22.75, 9999.0, 22.82, 22.55, 22.34, 22.41, 22.41
2026-09-08, 17:36:07, 22.5, 22.52, 22.8, 22.77, 9999.0, 9999.0, 9999.0, 23.91, 9999.0, 22.77, 9999.0, 22.84, 22.57, 22.32, 22.43, 22.39
2026-09-08, 17:36:11, 22.5, 22.52, 22.8, 22.77, 9999.0, 9999.0, 9999.0, 23.93, 9999.0, 22.8, 9999.0, 22.82, 22.59, 22.32, 22.45, 22.41
2026-09-08, 17:36:15, 22.5, 22.55, 22.77, 22.75, 9999.0, 9999.0, 9999.0, 23.95, 9999.0, 22.8, 9999.0, 22.82, 22.59, 22.34, 22.48, 22.39
2026-09-08, 17:36:19, 22.48, 22.55, 22.77, 22.77, 9999.0, 9999.0, 9999.0, 24.0, 9999.0, 22.8, 9999.0, 22.82, 22.59, 22.34, 22.45, 22.36
2026-09-08, 17:36:23, 22.48, 22.55, 22.77, 22.77, 9999.0, 9999.0, 9999.0, 24.02, 9999.0, 22.8, 9999.0, 22.8, 22.59, 22.36, 22.45, 22.34
2026-09-08, 17:36:27, 22.48, 22.55, 22.77, 22.77, 9999.0, 9999.0, 9999.0, 24.05, 9999.0, 22.82, 9999.0, 22.77, 22.59, 22.36, 22.45, 22.34
2026-09-08, 17:36:31, 22.48, 22.55, 22.77, 22.77, 9999.0, 9999.0, 9999.0, 24.05, 9999.0, 22.84, 9999.0, 22.77, 22.59, 22.36, 22.45, 22.34
2026-09-08, 17:36:35, 22.48, 22.55, 22.75, 22.77, 9999.0, 9999.0, 9999.0, 24.07, 9999.0, 22.84, 9999.0, 22.75, 22.59, 22.36, 22.43, 22.34
2026-09-08, 17:36:39, 22.48, 22.52, 22.75, 22.77, 9999.0, 9999.0, 9999.0, 24.09, 9999.0, 22.84, 9999.0, 22.73, 22.59, 22.34, 22.45, 22.32
2026-09-08, 17:36:43, 22.48, 22.52, 22.75, 22.77, 9999.0, 9999.0, 9999.0, 24.14, 9999.0, 22.82, 9999.0, 22.7, 22.57, 22.34, 22.45, 22.32
2026-09-08, 17:36:47, 22.45, 22.52, 22.77, 22.77, 9999.0, 9999.0, 9999.0, 24.18, 9999.0, 22.77, 9999.0, 22.7, 22.55, 22.34, 22.43, 22.3
2026-09-08, 17:36:51, 22.45, 22.52, 22.77, 22.77, 9999.0, 9999.0, 9999.0, 24.23, 9999.0, 22.75, 9999.0, 22.7, 22.52, 22.34, 22.43, 22.32
2026-09-08, 17:36:55, 22.45, 22.52, 22.77, 22.77, 9999.0, 9999.0, 9999.0, 24.18, 9999.0, 22.7, 9999.0, 22.73, 22.5, 22.36, 22.43, 22.3
2026-09-08, 17:36:59, 22.45, 22.5, 22.77, 22.77, 9999.0, 9999.0, 9999.0, 24.14, 9999.0, 22.7, 9999.0, 22.75, 22.5, 22.36, 22.41, 22.3
2026-09-08, 17:37:03, 22.48, 22.5, 22.77, 22.75, 9999.0, 9999.0, 9999.0, 24.09, 9999.0, 22.7, 9999.0, 22.77, 22.5, 22.36, 22.41, 22.3
2026-09-08, 17:37:07, 22.48, 22.5, 22.8, 22.75, 9999.0, 9999.0, 9999.0, 24.05, 9999.0, 22.7, 9999.0, 22.8, 22.5, 22.34, 22.39, 22.32
2026-09-08, 17:37:11, 22.48, 22.5, 22.8, 22.75, 9999.0, 9999.0, 9999.0, 24.0, 9999.0, 22.7, 9999.0, 22.82, 22.5, 22.32, 22.36, 22.32
2026-09-08, 17:37:15, 22.48, 22.5, 22.8, 22.75, 9999.0, 9999.0, 9999.0, 23.98, 9999.0, 22.73, 9999.0, 22.84, 22.5, 22.34, 22.36, 22.3
2026-09-08, 17:37:19, 22.48, 22.5, 22.8, 22.75, 9999.0, 9999.0, 9999.0, 23.95, 9999.0, 22.75, 9999.0, 22.86, 22.5, 22.34, 22.39, 22.3
2026-09-08, 17:37:23, 22.45, 22.5, 22.82, 22.75, 9999.0, 9999.0, 9999.0, 23.93, 9999.0, 22.75, 9999.0, 22.89, 22.5, 22.34, 22.39, 22.32
2026-09-08, 17:37:27, 22.45, 22.5, 22.84, 22.75, 9999.0, 9999.0, 9999.0, 23.95, 9999.0, 22.75, 9999.0, 22.91, 22.5, 22.32, 22.39, 22.34
2026-09-08, 17:37:31, 22.48, 22.5, 22.82, 22.75, 9999.0, 9999.0, 9999.0, 23.98, 9999.0, 22.77, 9999.0, 22.91, 22.5, 22.32, 22.41, 22.36
2026-09-08, 17:37:35, 22.48, 22.5, 22.82, 22.75, 9999.0, 9999.0, 9999.0, 24.0, 9999.0, 22.77, 9999.0, 22.91, 22.5, 22.32, 22.41, 22.36
2026-09-08, 17:37:39, 22.45, 22.5, 22.82, 22.75, 9999.0, 9999.0, 9999.0, 24.02, 9999.0, 22.8, 9999.0, 22.89, 22.5, 22.3, 22.41, 22.39
2026-09-08, 17:37:43, 22.45, 22.5, 22.84, 22.75, 9999.0, 9999.0, 9999.0, 24.02, 9999.0, 22.8, 9999.0, 22.86, 22.5, 22.3, 22.43, 22.39
2026-09-08, 17:37:47, 22.45, 22.5, 22.86, 22.77, 9999.0, 9999.0, 9999.0, 24.02, 9999.0, 22.8, 9999.0, 22.84, 22.5, 22.3, 22.45, 22.39
2026-09-08, 17:37:51, 22.43, 22.5, 22.84, 22.77, 9999.0, 9999.0, 9999.0, 24.05, 9999.0, 22.8, 9999.0, 22.8, 22.5, 22.3, 22.45, 22.39
2026-09-08, 17:37:55, 22.43, 22.5, 22.84, 22.77, 9999.0, 9999.0, 9999.0, 24.07, 9999.0, 22.77, 9999.0, 22.77, 22.5, 22.3, 22.48, 22.41
2026-09-08, 17:37:59, 22.43, 22.5, 22.84, 22.77, 9999.0, 9999.0, 9999.0, 24.09, 9999.0, 22.73, 9999.0, 22.73, 22.5, 22.27, 22.48, 22.41
2026-09-08, 17:38:03, 22.43, 22.5, 22.84, 22.77, 9999.0, 9999.0, 9999.0, 24.11, 9999.0, 22.68, 9999.0, 22.7, 22.5, 22.27, 22.45, 22.43
2026-09-08, 17:38:07, 22.45, 22.5, 22.82, 22.77, 9999.0, 9999.0, 9999.0, 24.14, 9999.0, 22.66, 9999.0, 22.7, 22.5, 22.27, 22.45, 22.41
2026-09-08, 17:38:11, 22.45, 22.5, 22.8, 22.77, 9999.0, 9999.0, 9999.0, 24.09, 9999.0, 22.64, 9999.0, 22.73, 22.5, 22.27, 22.45, 22.41
2026-09-08, 17:38:15, 22.45, 22.5, 22.8, 22.77, 9999.0, 9999.0, 9999.0, 24.05, 9999.0, 22.61, 9999.0, 22.75, 22.5, 22.27, 22.43, 22.41
2026-09-08, 17:38:19, 22.43, 22.5, 22.82, 22.77, 9999.0, 9999.0, 9999.0, 24.0, 9999.0, 22.59, 9999.0, 22.77, 22.5, 22.3, 22.43, 22.39
2026-09-08, 17:38:23, 22.45, 22.5, 22.82, 22.77, 9999.0, 9999.0, 9999.0, 23.95, 9999.0, 22.59, 9999.0, 22.77, 22.5, 22.32, 22.41, 22.39
2026-09-08, 17:38:27, 22.45, 22.5, 22.8, 22.77, 9999.0, 9999.0, 9999.0, 23.93, 9999.0, 22.59, 9999.0, 22.77, 22.5, 22.3, 22.41, 22.39
2026-09-08, 17:38:31, 22.45, 22.5, 22.77, 22.75, 9999.0, 9999.0, 9999.0, 23.91, 9999.0, 22.61, 9999.0, 22.77, 22.5, 22.32, 22.41, 22.39
2026-09-08, 17:38:35, 22.48, 22.5, 22.77, 22.77, 9999.0, 9999.0, 9999.0, 23.89, 9999.0, 22.64, 9999.0, 22.8, 22.52, 22.32, 22.43, 22.36
2026-09-08, 17:38:39, 22.45, 22.5, 22.77, 22.77, 9999.0, 9999.0, 9999.0, 23.84, 9999.0, 22.66, 9999.0, 22.8, 22.52, 22.32, 22.41, 22.36
2026-09-08, 17:38:43, 22.45, 22.5, 22.77, 22.77, 9999.0, 9999.0, 9999.0, 23.89, 9999.0, 22.68, 9999.0, 22.82, 22.52, 22.32, 22.39, 22.36
2026-09-08, 17:38:47, 22.45, 22.5, 22.77, 22.77, 9999.0, 9999.0, 9999.0, 23.93, 9999.0, 22.7, 9999.0, 22.82, 22.52, 22.34, 22.39, 22.34
2026-09-08, 17:38:51, 22.45, 22.5, 22.77, 22.8, 9999.0, 9999.0, 9999.0, 23.95, 9999.0, 22.73, 9999.0, 22.82, 22.52, 22.36, 22.36, 22.36
2026-09-08, 17:38:55, 22.43, 22.5, 22.8, 22.8, 9999.0, 9999.0, 9999.0, 23.98, 9999.0, 22.75, 9999.0, 22.8, 22.52, 22.36, 22.36, 22.36
2026-09-08, 17:38:59, 22.41, 22.5, 22.8, 22.8, 9999.0, 9999.0, 9999.0, 23.98, 9999.0, 22.77, 9999.0, 22.77, 22.52, 22.39, 22.39, 22.34
2026-09-08, 17:39:03, 22.43, 22.5, 22.77, 22.8, 9999.0, 9999.0, 9999.0, 24.0, 9999.0, 22.77, 9999.0, 22.75, 22.52, 22.36, 22.39, 22.34
2026-09-08, 17:39:07, 22.41, 22.5, 22.77, 22.8, 9999.0, 9999.0, 9999.0, 24.02, 9999.0, 22.75, 9999.0, 22.75, 22.52, 22.34, 22.39, 22.34
2026-09-08, 17:39:11, 22.41, 22.5, 22.77, 22.8, 9999.0, 9999.0, 9999.0, 24.05, 9999.0, 22.75, 9999.0, 22.73, 22.52, 22.34, 22.36, 22.36
2026-09-08, 17:39:15, 22.41, 22.5, 22.77, 22.8, 9999.0, 9999.0, 9999.0, 24.07, 9999.0, 22.7, 9999.0, 22.73, 22.52, 22.32, 22.34, 22.39
2026-09-08, 17:39:19, 22.41, 22.5, 22.77, 22.77, 9999.0, 9999.0, 9999.0, 24.09, 9999.0, 22.66, 9999.0, 22.73, 22.5, 22.34, 22.32, 22.41
2026-09-08, 17:39:24, 22.43, 22.5, 22.8, 22.77, 9999.0, 9999.0, 9999.0, 24.14, 9999.0, 22.64, 9999.0, 22.73, 22.5, 22.34, 22.34, 22.41
2026-09-08, 17:39:28, 22.43, 22.5, 22.8, 22.8, 9999.0, 9999.0, 9999.0, 24.09, 9999.0, 22.61, 9999.0, 22.73, 22.5, 22.34, 22.36, 22.43
2026-09-08, 17:39:32, 22.41, 22.5, 22.82, 22.82, 9999.0, 9999.0, 9999.0, 24.02, 9999.0, 22.59, 9999.0, 22.75, 22.5, 22.32, 22.39, 22.45
2026-09-08, 17:39:36, 22.41, 22.5, 22.84, 22.8, 9999.0, 9999.0, 9999.0, 23.98, 9999.0, 22.57, 9999.0, 22.77, 22.5, 22.32, 22.41, 22.45
2026-09-08, 17:39:40, 22.43, 22.5, 22.84, 22.8, 9999.0, 9999.0, 9999.0, 23.93, 9999.0, 22.57, 9999.0, 22.8, 22.5, 22.32, 22.41, 22.43
2026-09-08, 17:39:44, 22.45, 22.5, 22.84, 22.8, 9999.0, 9999.0, 9999.0, 23.91, 9999.0, 22.57, 9999.0, 22.82, 22.5, 22.32, 22.41, 22.45
2026-09-08, 17:39:48, 22.45, 22.5, 22.84, 22.8, 9999.0, 9999.0, 9999.0, 23.89, 9999.0, 22.59, 9999.0, 22.84, 22.52, 22.32, 22.41, 22.48
2026-09-08, 17:39:52, 22.48, 22.5, 22.84, 22.8, 9999.0, 9999.0, 9999.0, 23.86, 9999.0, 22.64, 9999.0, 22.84, 22.52, 22.32, 22.43, 22.45
2026-09-08, 17:39:56, 22.45, 22.52, 22.84, 22.8, 9999.0, 9999.0, 9999.0, 23.84, 9999.0, 22.64, 9999.0, 22.86, 22.52, 22.32, 22.45, 22.43
2026-09-08, 17:40:00, 22.45, 22.52, 22.84, 22.82, 9999.0, 9999.0, 9999.0, 23.8, 9999.0, 22.66, 9999.0, 22.86, 22.55, 22.32, 22.45, 22.43
2026-09-08, 17:40:04, 22.45, 22.52, 22.84, 22.82, 9999.0, 9999.0, 9999.0, 23.84, 9999.0, 22.68, 9999.0, 22.86, 22.55, 22.32, 22.48, 22.43
2026-09-08, 17:40:08, 22.45, 22.52, 22.82, 22.82, 9999.0, 9999.0, 9999.0, 23.86, 9999.0, 22.7, 9999.0, 22.86, 22.55, 22.32, 22.45, 22.41
2026-09-08, 17:40:12, 22.45, 22.52, 22.82, 22.8, 9999.0, 9999.0, 9999.0, 23.89, 9999.0, 22.73, 9999.0, 22.86, 22.55, 22.32, 22.45, 22.41
2026-09-08, 17:40:16, 22.48, 22.52, 22.82, 22.77, 9999.0, 9999.0, 9999.0, 23.93, 9999.0, 22.75, 9999.0, 22.84, 22.55, 22.32, 22.43, 22.41
2026-09-08, 17:40:20, 22.48, 22.52, 22.82, 22.77, 9999.0, 9999.0, 9999.0, 23.98, 9999.0, 22.77, 9999.0, 22.82, 22.55, 22.3, 22.43, 22.41
2026-09-08, 17:40:24, 22.48, 22.52, 22.82, 22.77, 9999.0, 9999.0, 9999.0, 24.02, 9999.0, 22.77, 9999.0, 22.8, 22.55, 22.32, 22.43, 22.43
2026-09-08, 17:40:28, 22.48, 22.52, 22.84, 22.77, 9999.0, 9999.0, 9999.0, 24.05, 9999.0, 22.75, 9999.0, 22.77, 22.55, 22.3, 22.43, 22.41
2026-09-08, 17:40:32, 22.48, 22.52, 22.84, 22.77, 9999.0, 9999.0, 9999.0, 24.07, 9999.0, 22.73, 9999.0, 22.75, 22.52, 22.3, 22.43, 22.41
2026-09-08, 17:40:36, 22.48, 22.52, 22.84, 22.77, 9999.0, 9999.0, 9999.0, 24.11, 9999.0, 22.68, 9999.0, 22.75, 22.52, 22.3, 22.43, 22.41
2026-09-08, 17:40:40, 22.5, 22.5, 22.84, 22.77, 9999.0, 9999.0, 9999.0, 24.14, 9999.0, 22.66, 9999.0, 22.75, 22.52, 22.3, 22.41, 22.41
2026-09-08, 17:40:44, 22.5, 22.5, 22.84, 22.75, 9999.0, 9999.0, 9999.0, 24.18, 9999.0, 22.64, 9999.0, 22.75, 22.5, 22.3, 22.41, 22.41
2026-09-08, 17:40:48, 22.5, 22.5, 22.84, 22.75, 9999.0, 9999.0, 9999.0, 24.14, 9999.0, 22.61, 9999.0, 22.77, 22.5, 22.27, 22.41, 22.41
2026-09-08, 17:40:52, 22.5, 22.5, 22.84, 22.75, 9999.0, 9999.0, 9999.0, 24.11, 9999.0, 22.59, 9999.0, 22.8, 22.5, 22.3, 22.43, 22.43
2026-09-08, 17:40:56, 22.5, 22.5, 22.84, 22.75, 9999.0, 9999.0, 9999.0, 24.07, 9999.0, 22.57, 9999.0, 22.82, 22.5, 22.32, 22.43, 22.43
2026-09-08, 17:41:00, 22.5, 22.52, 22.82, 22.75, 9999.0, 9999.0, 9999.0, 24.02, 9999.0, 22.55, 9999.0, 22.82, 22.5, 22.32, 22.43, 22.43
2026-09-08, 17:41:04, 22.5, 22.52, 22.8, 22.77, 9999.0, 9999.0, 9999.0, 23.98, 9999.0, 22.52, 9999.0, 22.82, 22.5, 22.34, 22.43, 22.43
2026-09-08, 17:41:08, 22.5, 22.55, 22.77, 22.77, 9999.0, 9999.0, 9999.0, 23.93, 9999.0, 22.52, 9999.0, 22.82, 22.5, 22.34, 22.43, 22.43
2026-09-08, 17:41:12, 22.5, 22.55, 22.75, 22.8, 9999.0, 9999.0, 9999.0, 23.89, 9999.0, 22.55, 9999.0, 22.82, 22.5, 22.34, 22.41, 22.43
2026-09-08, 17:41:16, 22.5, 22.55, 22.75, 22.8, 9999.0, 9999.0, 9999.0, 23.84, 9999.0, 22.57, 9999.0, 22.82, 22.5, 22.36, 22.41, 22.41
2026-09-08, 17:41:20, 22.5, 22.55, 22.75, 22.8, 9999.0, 9999.0, 9999.0, 23.84, 9999.0, 22.57, 9999.0, 22.82, 22.5, 22.36, 22.41, 22.41
2026-09-08, 17:41:24, 22.5, 22.55, 22.75, 22.8, 9999.0, 9999.0, 9999.0, 23.86, 9999.0, 22.57, 9999.0, 22.82, 22.5, 22.36, 22.43, 22.41
2026-09-08, 17:41:28, 22.48, 22.55, 22.75, 22.82, 9999.0, 9999.0, 9999.0, 23.89, 9999.0, 22.57, 9999.0, 22.82, 22.5, 22.39, 22.45, 22.41
2026-09-08, 17:41:32, 22.48, 22.55, 22.75, 22.82, 9999.0, 9999.0, 9999.0, 23.91, 9999.0, 22.57, 9999.0, 22.8, 22.5, 22.41, 22.45, 22.41
2026-09-08, 17:41:36, 22.48, 22.55, 22.75, 22.82, 9999.0, 9999.0, 9999.0, 23.93, 9999.0, 22.57, 9999.0, 22.77, 22.5, 22.39, 22.45, 22.41
2026-09-08, 17:41:40, 22.48, 22.55, 22.75, 22.82, 9999.0, 9999.0, 9999.0, 23.95, 9999.0, 22.57, 9999.0, 22.75, 22.5, 22.39, 22.45, 22.41
2026-09-08, 17:41:44, 22.48, 22.52, 22.77, 22.82, 9999.0, 9999.0, 9999.0, 23.98, 9999.0, 22.57, 9999.0, 22.75, 22.5, 22.41, 22.48, 22.41
2026-09-08, 17:41:48, 22.48, 22.52, 22.77, 22.8, 9999.0, 9999.0, 9999.0, 24.0, 9999.0, 22.57, 9999.0, 22.75, 22.5, 22.39, 22.48, 22.39
2026-09-08, 17:41:52, 22.45, 22.5, 22.77, 22.8, 9999.0, 9999.0, 9999.0, 24.02, 9999.0, 22.55, 9999.0, 22.75, 22.5, 22.39, 22.45, 22.39
2026-09-08, 17:41:56, 22.45, 22.5, 22.77, 22.77, 9999.0, 9999.0, 9999.0, 24.07, 9999.0, 22.52, 9999.0, 22.75, 22.5, 22.39, 22.48, 22.39
2026-09-08, 17:42:00, 22.45, 22.5, 22.77, 22.77, 9999.0, 9999.0, 9999.0, 24.11, 9999.0, 22.5, 9999.0, 22.75, 22.5, 22.36, 22.48, 22.41
2026-09-08, 17:42:04, 22.45, 22.5, 22.77, 22.77, 9999.0, 9999.0, 9999.0, 24.07, 9999.0, 22.5, 9999.0, 22.77, 22.5, 22.36, 22.45, 22.41
2026-09-08, 17:42:08, 22.45, 22.5, 22.77, 22.77, 9999.0, 9999.0, 9999.0, 24.02, 9999.0, 22.48, 9999.0, 22.8, 22.52, 22.36, 22.45, 22.43
2026-09-08, 17:42:12, 22.48, 22.5, 22.8, 22.75, 9999.0, 9999.0, 9999.0, 23.98, 9999.0, 22.45, 9999.0, 22.8, 22.52, 22.36, 22.45, 22.43
2026-09-08, 17:42:16, 22.48, 22.5, 22.8, 22.75, 9999.0, 9999.0, 9999.0, 23.93, 9999.0, 22.45, 9999.0, 22.8, 22.52, 22.36, 22.45, 22.43
2026-09-08, 17:42:20, 22.45, 22.5, 22.8, 22.75, 9999.0, 9999.0, 9999.0, 23.89, 9999.0, 22.45, 9999.0, 22.82, 22.52, 22.39, 22.43, 22.43
2026-09-08, 17:42:24, 22.45, 22.5, 22.8, 22.75, 9999.0, 9999.0, 9999.0, 23.84, 9999.0, 22.45, 9999.0, 22.82, 22.52, 22.39, 22.43, 22.43
2026-09-08, 17:42:28, 22.43, 22.5, 22.77, 22.75, 9999.0, 9999.0, 9999.0, 23.8, 9999.0, 22.48, 9999.0, 22.82, 22.52, 22.39, 22.41, 22.43
2026-09-08, 17:42:32, 22.43, 22.5, 22.8, 22.75, 9999.0, 9999.0, 9999.0, 23.75, 9999.0, 22.5, 9999.0, 22.82, 22.55, 22.39, 22.41, 22.45
2026-09-08, 17:42:36, 22.43, 22.5, 22.82, 22.75, 9999.0, 9999.0, 9999.0, 23.8, 9999.0, 22.5, 9999.0, 22.82, 22.57, 22.36, 22.43, 22.45
2026-09-08, 17:42:40, 22.43, 22.5, 22.82, 22.75, 9999.0, 9999.0, 9999.0, 23.82, 9999.0, 22.5, 9999.0, 22.82, 22.59, 22.39, 22.43, 22.48
2026-09-08, 17:42:44, 22.43, 22.52, 22.84, 22.75, 9999.0, 9999.0, 9999.0, 23.84, 9999.0, 22.5, 9999.0, 22.82, 22.59, 22.39, 22.41, 22.48
2026-09-08, 17:42:48, 22.41, 22.52, 22.84, 22.75, 9999.0, 9999.0, 9999.0, 23.89, 9999.0, 22.5, 9999.0, 22.8, 22.59, 22.41, 22.43, 22.5
2026-09-08, 17:42:52, 22.41, 22.52, 22.84, 22.75, 9999.0, 9999.0, 9999.0, 23.91, 9999.0, 22.52, 9999.0, 22.77, 22.57, 22.43, 22.43, 22.48
2026-09-08, 17:42:56, 22.41, 22.52, 22.82, 22.75, 9999.0, 9999.0, 9999.0, 23.93, 9999.0, 22.55, 9999.0, 22.77, 22.57, 22.41, 22.41, 22.48
2026-09-08, 17:43:01, 22.41, 22.52, 22.82, 22.75, 9999.0, 9999.0, 9999.0, 23.95, 9999.0, 22.55, 9999.0, 22.77, 22.57, 22.39, 22.39, 22.48
2026-09-08, 17:43:05, 22.43, 22.52, 22.82, 22.75, 9999.0, 9999.0, 9999.0, 23.98, 9999.0, 22.55, 9999.0, 22.75, 22.57, 22.36, 22.41, 22.48
2026-09-08, 17:43:09, 22.41, 22.52, 22.82, 22.75, 9999.0, 9999.0, 9999.0, 24.02, 9999.0, 22.55, 9999.0, 22.75, 22.57, 22.34, 22.41, 22.48
2026-09-08, 17:43:13, 22.43, 22.52, 22.82, 22.75, 9999.0, 9999.0, 9999.0, 24.07, 9999.0, 22.52, 9999.0, 22.75, 22.57, 22.32, 22.43, 22.48
2026-09-08, 17:43:17, 22.43, 22.52, 22.8, 22.77, 9999.0, 9999.0, 9999.0, 24.11, 9999.0, 22.5, 9999.0, 22.75, 22.55, 22.32, 22.43, 22.48
2026-09-08, 17:43:21, 22.45, 22.52, 22.77, 22.8, 9999.0, 9999.0, 9999.0, 24.05, 9999.0, 22.48, 9999.0, 22.75, 22.52, 22.34, 22.41, 22.48
2026-09-08, 17:43:25, 22.43, 22.52, 22.77, 22.82, 9999.0, 9999.0, 9999.0, 24.0, 9999.0, 22.45, 9999.0, 22.77, 22.5, 22.32, 22.41, 22.48
2026-09-08, 17:43:29, 22.43, 22.5, 22.75, 22.84, 9999.0, 9999.0, 9999.0, 23.95, 9999.0, 22.45, 9999.0, 22.8, 22.5, 22.32, 22.43, 22.48
2026-09-08, 17:43:33, 22.45, 22.5, 22.75, 22.86, 9999.0, 9999.0, 9999.0, 23.91, 9999.0, 22.45, 9999.0, 22.82, 22.5, 22.3, 22.43, 22.48
2026-09-08, 17:43:37, 22.45, 22.5, 22.75, 22.86, 9999.0, 9999.0, 9999.0, 23.89, 9999.0, 22.45, 9999.0, 22.84, 22.5, 22.3, 22.43, 22.48
2026-09-08, 17:43:41, 22.45, 22.5, 22.77, 22.86, 9999.0, 9999.0, 9999.0, 23.86, 9999.0, 22.48, 9999.0, 22.86, 22.52, 22.3, 22.45, 22.45
2026-09-08, 17:43:45, 22.45, 22.5, 22.8, 22.86, 9999.0, 9999.0, 9999.0, 23.84, 9999.0, 22.5, 9999.0, 22.89, 22.52, 22.32, 22.48, 22.45
2026-09-08, 17:43:49, 22.45, 22.5, 22.82, 22.89, 9999.0, 9999.0, 9999.0, 23.8, 9999.0, 22.52, 9999.0, 22.91, 22.52, 22.32, 22.48, 22.45
2026-09-08, 17:43:53, 22.48, 22.5, 22.84, 22.89, 9999.0, 9999.0, 9999.0, 23.82, 9999.0, 22.55, 9999.0, 22.91, 22.52, 22.32, 22.48, 22.45
2026-09-08, 17:43:57, 22.48, 22.5, 22.86, 22.89, 9999.0, 9999.0, 9999.0, 23.84, 9999.0, 22.55, 9999.0, 22.91, 22.52, 22.32, 22.45, 22.43
2026-09-08, 17:44:01, 22.48, 22.5, 22.86, 22.86, 9999.0, 9999.0, 9999.0, 23.86, 9999.0, 22.55, 9999.0, 22.91, 22.52, 22.32, 22.45, 22.43
2026-09-08, 17:44:05, 22.48, 22.5, 22.89, 22.84, 9999.0, 9999.0, 9999.0, 23.89, 9999.0, 22.55, 9999.0, 22.91, 22.52, 22.3, 22.45, 22.43
2026-09-08, 17:44:09, 22.5, 22.5, 22.91, 22.82, 9999.0, 9999.0, 9999.0, 23.91, 9999.0, 22.57, 9999.0, 22.89, 22.52, 22.3, 22.45, 22.41
2026-09-08, 17:44:13, 22.48, 22.5, 22.91, 22.8, 9999.0, 9999.0, 9999.0, 23.93, 9999.0, 22.55, 9999.0, 22.86, 22.52, 22.32, 22.45, 22.41
2026-09-08, 17:44:17, 22.45, 22.5, 22.91, 22.77, 9999.0, 9999.0, 9999.0, 23.95, 9999.0, 22.52, 9999.0, 22.84, 22.52, 22.34, 22.43, 22.39
2026-09-08, 17:44:21, 22.45, 22.5, 22.91, 22.8, 9999.0, 9999.0, 9999.0, 23.98, 9999.0, 22.5, 9999.0, 22.8, 22.52, 22.32, 22.43, 22.41
2026-09-08, 17:44:25, 22.45, 22.5, 22.89, 22.82, 9999.0, 9999.0, 9999.0, 24.0, 9999.0, 22.45, 9999.0, 22.77, 22.5, 22.34, 22.43, 22.43
2026-09-08, 17:44:29, 22.45, 22.5, 22.86, 22.84, 9999.0, 9999.0, 9999.0, 24.02, 9999.0, 22.41, 9999.0, 22.77, 22.5, 22.32, 22.43, 22.43
2026-09-08, 17:44:33, 22.43, 22.5, 22.84, 22.82, 9999.0, 9999.0, 9999.0, 24.07, 9999.0, 22.36, 9999.0, 22.75, 22.5, 22.32, 22.43, 22.43
2026-09-08, 17:44:37, 22.43, 22.5, 22.82, 22.82, 9999.0, 9999.0, 9999.0, 24.02, 9999.0, 22.32, 9999.0, 22.77, 22.5, 22.32, 22.43, 22.43
2026-09-08, 17:44:41, 22.43, 22.5, 22.8, 22.82, 9999.0, 9999.0, 9999.0, 23.98, 9999.0, 22.3, 9999.0, 22.8, 22.5, 22.32, 22.45, 22.45
2026-09-08, 17:44:45, 22.43, 22.5, 22.82, 22.82, 9999.0, 9999.0, 9999.0, 23.93, 9999.0, 22.27, 9999.0, 22.82, 22.5, 22.32, 22.45, 22.45
2026-09-08, 17:44:49, 22.43, 22.5, 22.82, 22.82, 9999.0, 9999.0, 9999.0, 23.91, 9999.0, 22.3, 9999.0, 22.84, 22.5, 22.32, 22.48, 22.45
2026-09-08, 17:44:53, 22.43, 22.5, 22.8, 22.82, 9999.0, 9999.0, 9999.0, 23.89, 9999.0, 22.3, 9999.0, 22.86, 22.5, 22.32, 22.48, 22.48
2026-09-08, 17:44:57, 22.45, 22.5, 22.8, 22.84, 9999.0, 9999.0, 9999.0, 23.84, 9999.0, 22.32, 9999.0, 22.89, 22.5, 22.3, 22.48, 22.48
2026-09-08, 17:45:01, 22.48, 22.5, 22.8, 22.84, 9999.0, 9999.0, 9999.0, 23.8, 9999.0, 22.36, 9999.0, 22.89, 22.5, 22.27, 22.5, 22.5
2026-09-08, 17:45:05, 22.48, 22.5, 22.8, 22.82, 9999.0, 9999.0, 9999.0, 23.75, 9999.0, 22.39, 9999.0, 22.91, 22.52, 22.27, 22.5, 22.5
2026-09-08, 17:45:09, 22.48, 22.5, 22.8, 22.8, 9999.0, 9999.0, 9999.0, 23.77, 9999.0, 22.41, 9999.0, 22.91, 22.52, 22.27, 22.5, 22.5
2026-09-08, 17:45:13, 22.48, 22.5, 22.8, 22.8, 9999.0, 9999.0, 9999.0, 23.8, 9999.0, 22.43, 9999.0, 22.89, 22.55, 22.27, 22.5, 22.5
2026-09-08, 17:45:17, 22.48, 22.5, 22.8, 22.8, 9999.0, 9999.0, 9999.0, 23.82, 9999.0, 22.45, 9999.0, 22.89, 22.55, 22.27, 22.5, 22.48
2026-09-08, 17:45:21, 22.48, 22.5, 22.8, 22.82, 9999.0, 9999.0, 9999.0, 23.84, 9999.0, 22.48, 9999.0, 22.86, 22.55, 22.27, 22.5, 22.48
2026-09-08, 17:45:25, 22.45, 22.5, 22.8, 22.84, 9999.0, 9999.0, 9999.0, 23.86, 9999.0, 22.48, 9999.0, 22.84, 22.55, 22.27, 22.5, 22.48
2026-09-08, 17:45:29, 22.45, 22.5, 22.77, 22.84, 9999.0, 9999.0, 9999.0, 23.89, 9999.0, 22.48, 9999.0, 22.82, 22.57, 22.27, 22.48, 22.48
2026-09-08, 17:45:33, 22.45, 22.5, 22.75, 22.84, 9999.0, 9999.0, 9999.0, 23.89, 9999.0, 22.45, 9999.0, 22.8, 22.57, 22.27, 22.45, 22.48
2026-09-08, 17:45:37, 22.45, 22.5, 22.75, 22.84, 9999.0, 9999.0, 9999.0, 23.89, 9999.0, 22.43, 9999.0, 22.77, 22.57, 22.27, 22.43, 22.48
2026-09-08, 17:45:41, 22.45, 22.5, 22.75, 22.82, 9999.0, 9999.0, 9999.0, 23.93, 9999.0, 22.41, 9999.0, 22.75, 22.57, 22.3, 22.41, 22.48
2026-09-08, 17:45:45, 22.43, 22.5, 22.75, 22.82, 9999.0, 9999.0, 9999.0, 23.95, 9999.0, 22.36, 9999.0, 22.77, 22.57, 22.32, 22.41, 22.45
2026-09-08, 17:45:49, 22.43, 22.5, 22.75, 22.84, 9999.0, 9999.0, 9999.0, 23.98, 9999.0, 22.34, 9999.0, 22.8, 22.55, 22.32, 22.41, 22.45
2026-09-08, 17:45:53, 22.43, 22.5, 22.77, 22.84, 9999.0, 9999.0, 9999.0, 23.93, 9999.0, 22.32, 9999.0, 22.82, 22.55, 22.32, 22.41, 22.45
2026-09-08, 17:45:57, 22.43, 22.5, 22.77, 22.82, 9999.0, 9999.0, 9999.0, 23.89, 9999.0, 22.3, 9999.0, 22.84, 22.52, 22.32, 22.39, 22.45
2026-09-08, 17:46:01, 22.43, 22.5, 22.77, 22.82, 9999.0, 9999.0, 9999.0, 23.84, 9999.0, 22.27, 9999.0, 22.86, 22.52, 22.32, 22.39, 22.48
2026-09-08, 17:46:05, 22.41, 22.5, 22.77, 22.8, 9999.0, 9999.0, 9999.0, 23.8, 9999.0, 22.27, 9999.0, 22.86, 22.52, 22.34, 22.39, 22.48
2026-09-08, 17:46:09, 22.41, 22.5, 22.8, 22.8, 9999.0, 9999.0, 9999.0, 23.77, 9999.0, 22.3, 9999.0, 22.89, 22.52, 22.34, 22.39, 22.45
2026-09-08, 17:46:13, 22.41, 22.5, 22.8, 22.8, 9999.0, 9999.0, 9999.0, 23.73, 9999.0, 22.32, 9999.0, 22.89, 22.52, 22.34, 22.41, 22.45
2026-09-08, 17:46:17, 22.41, 22.5, 22.8, 22.8, 9999.0, 9999.0, 9999.0, 23.7, 9999.0, 22.34, 9999.0, 22.89, 22.52, 22.36, 22.43, 22.45
2026-09-08, 17:46:21, 22.39, 22.5, 22.82, 22.8, 9999.0, 9999.0, 9999.0, 23.68, 9999.0, 22.36, 9999.0, 22.89, 22.52, 22.39, 22.45, 22.43
2026-09-08, 17:46:25, 22.39, 22.5, 22.84, 22.82, 9999.0, 9999.0, 9999.0, 23.7, 9999.0, 22.39, 9999.0, 22.89, 22.52, 22.36, 22.48, 22.43
2026-09-08, 17:46:29, 22.41, 22.5, 22.86, 22.84, 9999.0, 9999.0, 9999.0, 23.75, 9999.0, 22.41, 9999.0, 22.86, 22.55, 22.34, 22.48, 22.45
2026-09-08, 17:46:33, 22.39, 22.5, 22.89, 22.84, 9999.0, 9999.0, 9999.0, 23.77, 9999.0, 22.43, 9999.0, 22.84, 22.55, 22.36, 22.48, 22.43
2026-09-08, 17:46:37, 22.39, 22.5, 22.86, 22.84, 9999.0, 9999.0, 9999.0, 23.82, 9999.0, 22.43, 9999.0, 22.82, 22.55, 22.34, 22.48, 22.43
2026-09-08, 17:46:41, 22.39, 22.5, 22.89, 22.84, 9999.0, 9999.0, 9999.0, 23.84, 9999.0, 22.43, 9999.0, 22.8, 22.55, 22.36, 22.5, 22.43
2026-09-08, 17:46:46, 22.41, 22.5, 22.89, 22.86, 9999.0, 9999.0, 9999.0, 23.86, 9999.0, 22.43, 9999.0, 22.77, 22.55, 22.36, 22.5, 22.43
2026-09-08, 17:46:50, 22.41, 22.5, 22.91, 22.89, 9999.0, 9999.0, 9999.0, 23.89, 9999.0, 22.41, 9999.0, 22.77, 22.55, 22.36, 22.48, 22.43
2026-09-08, 17:46:54, 22.43, 22.5, 22.89, 22.89, 9999.0, 9999.0, 9999.0, 23.89, 9999.0, 22.39, 9999.0, 22.73, 22.55, 22.39, 22.48, 22.45
2026-09-08, 17:46:58, 22.43, 22.5, 22.91, 22.91, 9999.0, 9999.0, 9999.0, 23.93, 9999.0, 22.36, 9999.0, 22.7, 22.52, 22.39, 22.45, 22.45
2026-09-08, 17:47:02, 22.41, 22.5, 22.91, 22.91, 9999.0, 9999.0, 9999.0, 23.95, 9999.0, 22.34, 9999.0, 22.7, 22.52, 22.36, 22.43, 22.45
2026-09-08, 17:47:06, 22.41, 22.5, 22.89, 22.91, 9999.0, 9999.0, 9999.0, 23.98, 9999.0, 22.32, 9999.0, 22.7, 22.52, 22.34, 22.41, 22.48
2026-09-08, 17:47:10, 22.41, 22.5, 22.86, 22.89, 9999.0, 9999.0, 9999.0, 23.93, 9999.0, 22.3, 9999.0, 22.7, 22.52, 22.34, 22.41, 22.48
2026-09-08, 17:47:14, 22.41, 22.5, 22.84, 22.86, 9999.0, 9999.0, 9999.0, 23.89, 9999.0, 22.27, 9999.0, 22.73, 22.5, 22.34, 22.41, 22.48
2026-09-08, 17:47:18, 22.43, 22.5, 22.82, 22.84, 9999.0, 9999.0, 9999.0, 23.86, 9999.0, 22.25, 9999.0, 22.75, 22.5, 22.34, 22.41, 22.5
2026-09-08, 17:47:22, 22.41, 22.5, 22.82, 22.84, 9999.0, 9999.0, 9999.0, 23.82, 9999.0, 22.25, 9999.0, 22.75, 22.5, 22.34, 22.41, 22.5
2026-09-08, 17:47:26, 22.41, 22.5, 22.8, 22.84, 9999.0, 9999.0, 9999.0, 23.77, 9999.0, 22.27, 9999.0, 22.77, 22.5, 22.32, 22.41, 22.5
2026-09-08, 17:47:30, 22.41, 22.5, 22.82, 22.82, 9999.0, 9999.0, 9999.0, 23.75, 9999.0, 22.3, 9999.0, 22.77, 22.5, 22.32, 22.41, 22.48
2026-09-08, 17:47:34, 22.43, 22.5, 22.82, 22.8, 9999.0, 9999.0, 9999.0, 23.73, 9999.0, 22.32, 9999.0, 22.77, 22.52, 22.32, 22.43, 22.45
2026-09-08, 17:47:38, 22.43, 22.5, 22.82, 22.77, 9999.0, 9999.0, 9999.0, 23.7, 9999.0, 22.34, 9999.0, 22.8, 22.52, 22.3, 22.43, 22.45
2026-09-08, 17:47:42, 22.43, 22.5, 22.82, 22.75, 9999.0, 9999.0, 9999.0, 23.64, 9999.0, 22.36, 9999.0, 22.82, 22.55, 22.32, 22.45, 22.45
2026-09-08, 17:47:46, 22.45, 22.5, 22.82, 22.75, 9999.0, 9999.0, 9999.0, 23.66, 9999.0, 22.39, 9999.0, 22.82, 22.55, 22.32, 22.48, 22.45
2026-09-08, 17:47:50, 22.48, 22.5, 22.82, 22.75, 9999.0, 9999.0, 9999.0, 23.68, 9999.0, 22.41, 9999.0, 22.82, 22.57, 22.32, 22.5, 22.45
2026-09-08, 17:47:54, 22.48, 22.5, 22.82, 22.75, 9999.0, 9999.0, 9999.0, 23.7, 9999.0, 22.41, 9999.0, 22.82, 22.57, 22.34, 22.5, 22.45
2026-09-08, 17:47:58, 22.48, 22.5, 22.84, 22.77, 9999.0, 9999.0, 9999.0, 23.73, 9999.0, 22.43, 9999.0, 22.8, 22.57, 22.36, 22.5, 22.45
2026-09-08, 17:48:02, 22.48, 22.5, 22.84, 22.77, 9999.0, 9999.0, 9999.0, 23.73, 9999.0, 22.43, 9999.0, 22.77, 22.57, 22.36, 22.5, 22.45
2026-09-08, 17:48:06, 22.5, 22.5, 22.84, 22.77, 9999.0, 9999.0, 9999.0, 23.73, 9999.0, 22.43, 9999.0, 22.77, 22.57, 22.36, 22.5, 22.45
2026-09-08, 17:48:10, 22.5, 22.5, 22.86, 22.77, 9999.0, 9999.0, 9999.0, 23.75, 9999.0, 22.41, 9999.0, 22.73, 22.59, 22.39, 22.5, 22.45
2026-09-08, 17:48:14, 22.48, 22.5, 22.86, 22.77, 9999.0, 9999.0, 9999.0, 23.77, 9999.0, 22.39, 9999.0, 22.7, 22.59, 22.41, 22.5, 22.48
2026-09-08, 17:48:18, 22.48, 22.5, 22.84, 22.8, 9999.0, 9999.0, 9999.0, 23.82, 9999.0, 22.36, 9999.0, 22.68, 22.57, 22.39, 22.5, 22.5
2026-09-08, 17:48:22, 22.48, 22.5, 22.84, 22.82, 9999.0, 9999.0, 9999.0, 23.84, 9999.0, 22.34, 9999.0, 22.68, 22.57, 22.39, 22.5, 22.5
2026-09-08, 17:48:26, 22.48, 22.5, 22.82, 22.82, 9999.0, 9999.0, 9999.0, 23.89, 9999.0, 22.32, 9999.0, 22.7, 22.55, 22.36, 22.5, 22.5
2026-09-08, 17:48:30, 22.48, 22.5, 22.84, 22.84, 9999.0, 9999.0, 9999.0, 23.86, 9999.0, 22.27, 9999.0, 22.7, 22.55, 22.39, 22.5, 22.5
2026-09-08, 17:48:34, 22.48, 22.5, 22.86, 22.86, 9999.0, 9999.0, 9999.0, 23.84, 9999.0, 22.25, 9999.0, 22.73, 22.52, 22.41, 22.5, 22.5
2026-09-08, 17:48:38, 22.48, 22.5, 22.86, 22.89, 9999.0, 9999.0, 9999.0, 23.8, 9999.0, 22.25, 9999.0, 22.75, 22.52, 22.39, 22.5, 22.5
2026-09-08, 17:48:42, 22.48, 22.5, 22.84, 22.89, 9999.0, 9999.0, 9999.0, 23.75, 9999.0, 22.23, 9999.0, 22.75, 22.52, 22.39, 22.5, 22.5
2026-09-08, 17:48:46, 22.48, 22.5, 22.84, 22.89, 9999.0, 9999.0, 9999.0, 23.73, 9999.0, 22.23, 9999.0, 22.75, 22.52, 22.36, 22.5, 22.5
2026-09-08, 17:48:50, 22.48, 22.5, 22.84, 22.91, 9999.0, 9999.0, 9999.0, 23.7, 9999.0, 22.25, 9999.0, 22.75, 22.55, 22.36, 22.5, 22.5
2026-09-08, 17:48:54, 22.48, 22.5, 22.82, 22.91, 9999.0, 9999.0, 9999.0, 23.68, 9999.0, 22.27, 9999.0, 22.77, 22.52, 22.34, 22.5, 22.5
2026-09-08, 17:48:58, 22.5, 22.5, 22.8, 22.91, 9999.0, 9999.0, 9999.0, 23.64, 9999.0, 22.3, 9999.0, 22.8, 22.55, 22.32, 22.5, 22.5
2026-09-08, 17:49:02, 22.5, 22.5, 22.8, 22.91, 9999.0, 9999.0, 9999.0, 23.66, 9999.0, 22.32, 9999.0, 22.82, 22.57, 22.32, 22.5, 22.5
2026-09-08, 17:49:06, 22.5, 22.5, 22.8, 22.89, 9999.0, 9999.0, 9999.0, 23.7, 9999.0, 22.34, 9999.0, 22.84, 22.59, 22.32, 22.5, 22.5
2026-09-08, 17:49:10, 22.5, 22.5, 22.8, 22.89, 9999.0, 9999.0, 9999.0, 23.73, 9999.0, 22.34, 9999.0, 22.82, 22.59, 22.32, 22.5, 22.5
2026-09-08, 17:49:14, 22.5, 22.5, 22.77, 22.89, 9999.0, 9999.0, 9999.0, 23.75, 9999.0, 22.36, 9999.0, 22.82, 22.59, 22.3, 22.5, 22.5
2026-09-08, 17:49:18, 22.5, 22.5, 22.75, 22.86, 9999.0, 9999.0, 9999.0, 23.77, 9999.0, 22.36, 9999.0, 22.8, 22.59, 22.3, 22.5, 22.5
2026-09-08, 17:49:22, 22.5, 22.5, 22.75, 22.84, 9999.0, 9999.0, 9999.0, 23.8, 9999.0, 22.36, 9999.0, 22.77, 22.59, 22.32, 22.5, 22.5
2026-09-08, 17:49:26, 22.5, 22.5, 22.75, 22.84, 9999.0, 9999.0, 9999.0, 23.82, 9999.0, 22.36, 9999.0, 22.77, 22.59, 22.3, 22.5, 22.5
2026-09-08, 17:49:30, 22.5, 22.5, 22.75, 22.86, 9999.0, 9999.0, 9999.0, 23.84, 9999.0, 22.36, 9999.0, 22.77, 22.59, 22.3, 22.5, 22.5
2026-09-08, 17:49:34, 22.5, 22.5, 22.75, 22.84, 9999.0, 9999.0, 9999.0, 23.86, 9999.0, 22.34, 9999.0, 22.77, 22.57, 22.3, 22.5, 22.5
2026-09-08, 17:49:38, 22.5, 22.5, 22.75, 22.84, 9999.0, 9999.0, 9999.0, 23.89, 9999.0, 22.32, 9999.0, 22.77, 22.57, 22.3, 22.5, 22.5
2026-09-08, 17:49:42, 22.5, 22.5, 22.75, 22.86, 9999.0, 9999.0, 9999.0, 23.91, 9999.0, 22.3, 9999.0, 22.77, 22.55, 22.3, 22.5, 22.5
2026-09-08, 17:49:46, 22.5, 22.5, 22.77, 22.86, 9999.0, 9999.0, 9999.0, 23.84, 9999.0, 22.25, 9999.0, 22.77, 22.52, 22.3, 22.5, 22.5
2026-09-08, 17:49:50, 22.5, 22.5, 22.77, 22.89, 9999.0, 9999.0, 9999.0, 23.77, 9999.0, 22.2, 9999.0, 22.77, 22.5, 22.3, 22.5, 22.5
2026-09-08, 17:49:54, 22.5, 22.5, 22.77, 22.89, 9999.0, 9999.0, 9999.0, 23.73, 9999.0, 22.2, 9999.0, 22.8, 22.5, 22.3, 22.5, 22.5
2026-09-08, 17:49:58, 22.5, 22.5, 22.77, 22.89, 9999.0, 9999.0, 9999.0, 23.68, 9999.0, 22.2, 9999.0, 22.8, 22.5, 22.32, 22.5, 22.5
2026-09-08, 17:50:02, 22.48, 22.5, 22.77, 22.91, 9999.0, 9999.0, 9999.0, 23.64, 9999.0, 22.2, 9999.0, 22.8, 22.5, 22.32, 22.5, 22.5
2026-09-08, 17:50:06, 22.48, 22.5, 22.77, 22.93, 9999.0, 9999.0, 9999.0, 23.61, 9999.0, 22.23, 9999.0, 22.8, 22.5, 22.32, 22.5, 22.5
2026-09-08, 17:50:10, 22.48, 22.5, 22.8, 22.91, 9999.0, 9999.0, 9999.0, 23.59, 9999.0, 22.25, 9999.0, 22.8, 22.5, 22.32, 22.5, 22.5
2026-09-08, 17:50:14, 22.48, 22.5, 22.8, 22.91, 9999.0, 9999.0, 9999.0, 23.57, 9999.0, 22.27, 9999.0, 22.8, 22.52, 22.34, 22.5, 22.5
2026-09-08, 17:50:18, 22.48, 22.5, 22.82, 22.91, 9999.0, 9999.0, 9999.0, 23.61, 9999.0, 22.3, 9999.0, 22.8, 22.55, 22.34, 22.5, 22.5
2026-09-08, 17:50:22, 22.48, 22.5, 22.82, 22.93, 9999.0, 9999.0, 9999.0, 23.66, 9999.0, 22.3, 9999.0, 22.8, 22.55, 22.36, 22.5, 22.5
2026-09-08, 17:50:26, 22.48, 22.5, 22.82, 22.93, 9999.0, 9999.0, 9999.0, 23.68, 9999.0, 22.3, 9999.0, 22.8, 22.55, 22.36, 22.5, 22.5
2026-09-08, 17:50:31, 22.48, 22.5, 22.8, 22.93, 9999.0, 9999.0, 9999.0, 23.75, 9999.0, 22.32, 9999.0, 22.8, 22.55, 22.36, 22.5, 22.5
2026-09-08, 17:50:35, 22.48, 22.52, 22.8, 22.91, 9999.0, 9999.0, 9999.0, 23.8, 9999.0, 22.34, 9999.0, 22.77, 22.55, 22.36, 22.5, 22.5
2026-09-08, 17:50:39, 22.48, 22.52, 22.8, 22.91, 9999.0, 9999.0, 9999.0, 23.84, 9999.0, 22.34, 9999.0, 22.75, 22.57, 22.36, 22.5, 22.5
2026-09-08, 17:50:43, 22.48, 22.52, 22.8, 22.89, 9999.0, 9999.0, 9999.0, 23.89, 9999.0, 22.34, 9999.0, 22.75, 22.57, 22.34, 22.5, 22.5
2026-09-08, 17:50:47, 22.5, 22.52, 22.8, 22.86, 9999.0, 9999.0, 9999.0, 23.93, 9999.0, 22.34, 9999.0, 22.75, 22.57, 22.34, 22.5, 22.5
2026-09-08, 17:50:51, 22.5, 22.52, 22.8, 22.84, 9999.0, 9999.0, 9999.0, 23.95, 9999.0, 22.32, 9999.0, 22.75, 22.57, 22.34, 22.5, 22.5
2026-09-08, 17:50:55, 22.5, 22.52, 22.77, 22.84, 9999.0, 9999.0, 9999.0, 23.98, 9999.0, 22.3, 9999.0, 22.77, 22.57, 22.34, 22.5, 22.5
2026-09-08, 17:50:59, 22.5, 22.52, 22.8, 22.82, 9999.0, 9999.0, 9999.0, 24.0, 9999.0, 22.27, 9999.0, 22.77, 22.55, 22.32, 22.5, 22.5
2026-09-08, 17:51:03, 22.5, 22.52, 22.77, 22.84, 9999.0, 9999.0, 9999.0, 23.95, 9999.0, 22.25, 9999.0, 22.8, 22.52, 22.32, 22.5, 22.5
2026-09-08, 17:51:07, 22.5, 22.52, 22.77, 22.84, 9999.0, 9999.0, 9999.0, 23.91, 9999.0, 22.25, 9999.0, 22.82, 22.52, 22.3, 22.5, 22.5
2026-09-08, 17:51:11, 22.5, 22.52, 22.77, 22.82, 9999.0, 9999.0, 9999.0, 23.86, 9999.0, 22.25, 9999.0, 22.84, 22.52, 22.3, 22.5, 22.5
2026-09-08, 17:51:15, 22.5, 22.52, 22.8, 22.8, 9999.0, 9999.0, 9999.0, 23.8, 9999.0, 22.27, 9999.0, 22.86, 22.52, 22.32, 22.5, 22.5
2026-09-08, 17:51:19, 22.5, 22.5, 22.8, 22.8, 9999.0, 9999.0, 9999.0, 23.75, 9999.0, 22.3, 9999.0, 22.86, 22.52, 22.32, 22.5, 22.5
2026-09-08, 17:51:23, 22.5, 22.5, 22.8, 22.8, 9999.0, 9999.0, 9999.0, 23.7, 9999.0, 22.32, 9999.0, 22.86, 22.5, 22.32, 22.5, 22.5
2026-09-08, 17:51:27, 22.5, 22.5, 22.8, 22.8, 9999.0, 9999.0, 9999.0, 23.66, 9999.0, 22.34, 9999.0, 22.86, 22.52, 22.32, 22.5, 22.5
2026-09-08, 17:51:31, 22.5, 22.5, 22.8, 22.8, 9999.0, 9999.0, 9999.0, 23.61, 9999.0, 22.36, 9999.0, 22.86, 22.52, 22.32, 22.5, 22.5
2026-09-08, 17:51:35, 22.5, 22.5, 22.82, 22.82, 9999.0, 9999.0, 9999.0, 23.66, 9999.0, 22.39, 9999.0, 22.86, 22.52, 22.3, 22.5, 22.5
2026-09-08, 17:51:39, 22.5, 22.5, 22.82, 22.82, 9999.0, 9999.0, 9999.0, 23.7, 9999.0, 22.41, 9999.0, 22.84, 22.55, 22.32, 22.5, 22.5
2026-09-08, 17:51:43, 22.5, 22.5, 22.8, 22.82, 9999.0, 9999.0, 9999.0, 23.73, 9999.0, 22.43, 9999.0, 22.84, 22.55, 22.32, 22.5, 22.5
2026-09-08, 17:51:47, 22.5, 22.5, 22.8, 22.82, 9999.0, 9999.0, 9999.0, 23.75, 9999.0, 22.43, 9999.0, 22.82, 22.55, 22.32, 22.5, 22.5
2026-09-08, 17:51:51, 22.48, 22.5, 22.82, 22.82, 9999.0, 9999.0, 9999.0, 23.77, 9999.0, 22.45, 9999.0, 22.8, 22.55, 22.32, 22.5, 22.5
2026-09-08, 17:51:55, 22.48, 22.5, 22.82, 22.84, 9999.0, 9999.0, 9999.0, 23.82, 9999.0, 22.48, 9999.0, 22.77, 22.55, 22.32, 22.5, 22.5
2026-09-08, 17:51:59, 22.48, 22.5, 22.8, 22.86, 9999.0, 9999.0, 9999.0, 23.84, 9999.0, 22.45, 9999.0, 22.75, 22.55, 22.32, 22.5, 22.5
2026-09-08, 17:52:03, 22.48, 22.5, 22.8, 22.89, 9999.0, 9999.0, 9999.0, 23.86, 9999.0, 22.43, 9999.0, 22.75, 22.55, 22.32, 22.5, 22.5
2026-09-08, 17:52:07, 22.48, 22.5, 22.8, 22.91, 9999.0, 9999.0, 9999.0, 23.89, 9999.0, 22.41, 9999.0, 22.75, 22.55, 22.32, 22.5, 22.5
2026-09-08, 17:52:11, 22.48, 22.5, 22.8, 22.91, 9999.0, 9999.0, 9999.0, 23.91, 9999.0, 22.39, 9999.0, 22.75, 22.52, 22.32, 22.5, 22.5
2026-09-08, 17:52:15, 22.48, 22.5, 22.8, 22.93, 9999.0, 9999.0, 9999.0, 23.93, 9999.0, 22.36, 9999.0, 22.75, 22.52, 22.32, 22.5, 22.5
2026-09-08, 17:52:19, 22.48, 22.5, 22.77, 22.93, 9999.0, 9999.0, 9999.0, 23.89, 9999.0, 22.34, 9999.0, 22.77, 22.52, 22.32, 22.5, 22.5
2026-09-08, 17:52:23, 22.48, 22.5, 22.77, 22.93, 9999.0, 9999.0, 9999.0, 23.82, 9999.0, 22.3, 9999.0, 22.8, 22.5, 22.32, 22.5, 22.5
2026-09-08, 17:52:27, 22.48, 22.5, 22.77, 22.95, 9999.0, 9999.0, 9999.0, 23.77, 9999.0, 22.27, 9999.0, 22.82, 22.5, 22.34, 22.5, 22.5
2026-09-08, 17:52:31, 22.48, 22.5, 22.77, 22.95, 9999.0, 9999.0, 9999.0, 23.73, 9999.0, 22.3, 9999.0, 22.82, 22.5, 22.36, 22.5, 22.5
2026-09-08, 17:52:35, 22.5, 22.5, 22.77, 22.95, 9999.0, 9999.0, 9999.0, 23.68, 9999.0, 22.3, 9999.0, 22.84, 22.5, 22.36, 22.5, 22.5
2026-09-08, 17:52:39, 22.5, 22.5, 22.77, 22.93, 9999.0, 9999.0, 9999.0, 23.64, 9999.0, 22.3, 9999.0, 22.84, 22.52, 22.36, 22.5, 22.5
2026-09-08, 17:52:43, 22.5, 22.5, 22.77, 22.91, 9999.0, 9999.0, 9999.0, 23.61, 9999.0, 22.32, 9999.0, 22.84, 22.52, 22.34, 22.5, 22.5
2026-09-08, 17:52:47, 22.5, 22.5, 22.77, 22.89, 9999.0, 9999.0, 9999.0, 23.59, 9999.0, 22.34, 9999.0, 22.84, 22.55, 22.36, 22.5, 22.5
2026-09-08, 17:52:51, 22.5, 22.5, 22.77, 22.86, 9999.0, 9999.0, 9999.0, 23.64, 9999.0, 22.36, 9999.0, 22.84, 22.57, 22.39, 22.5, 22.5
2026-09-08, 17:52:55, 22.5, 22.5, 22.8, 22.86, 9999.0, 9999.0, 9999.0, 23.68, 9999.0, 22.39, 9999.0, 22.84, 22.57, 22.41, 22.5, 22.5
2026-09-08, 17:52:59, 22.5, 22.5, 22.8, 22.84, 9999.0, 9999.0, 9999.0, 23.7, 9999.0, 22.41, 9999.0, 22.86, 22.57, 22.39, 22.5, 22.5
2026-09-08, 17:53:03, 22.5, 22.5, 22.8, 22.84, 9999.0, 9999.0, 9999.0, 23.73, 9999.0, 22.43, 9999.0, 22.84, 22.57, 22.39, 22.5, 22.5
2026-09-08, 17:53:07, 22.5, 22.5, 22.8, 22.84, 9999.0, 9999.0, 9999.0, 23.77, 9999.0, 22.45, 9999.0, 22.82, 22.57, 22.39, 22.5, 22.5
2026-09-08, 17:53:11, 22.5, 22.5, 22.8, 22.82, 9999.0, 9999.0, 9999.0, 23.82, 9999.0, 22.45, 9999.0, 22.8, 22.57, 22.39, 22.5, 22.5
2026-09-08, 17:53:15, 22.5, 22.5, 22.82, 22.8, 9999.0, 9999.0, 9999.0, 23.84, 9999.0, 22.43, 9999.0, 22.8, 22.57, 22.39, 22.5, 22.5
2026-09-08, 17:53:19, 22.5, 22.5, 22.82, 22.8, 9999.0, 9999.0, 9999.0, 23.89, 9999.0, 22.41, 9999.0, 22.77, 22.57, 22.39, 22.5, 22.5
2026-09-08, 17:53:23, 22.5, 22.5, 22.84, 22.8, 9999.0, 9999.0, 9999.0, 23.93, 9999.0, 22.39, 9999.0, 22.77, 22.55, 22.41, 22.5, 22.5
2026-09-08, 17:53:27, 22.5, 22.5, 22.86, 22.82, 9999.0, 9999.0, 9999.0, 23.95, 9999.0, 22.36, 9999.0, 22.77, 22.55, 22.41, 22.5, 22.5
2026-09-08, 17:53:31, 22.5, 22.5, 22.86, 22.84, 9999.0, 9999.0, 9999.0, 24.0, 9999.0, 22.34, 9999.0, 22.77, 22.52, 22.39, 22.5, 22.5
2026-09-08, 17:53:35, 22.5, 22.5, 22.86, 22.86, 9999.0, 9999.0, 9999.0, 23.95, 9999.0, 22.32, 9999.0, 22.77, 22.5, 22.39, 22.5, 22.5
2026-09-08, 17:53:39, 22.5, 22.5, 22.84, 22.89, 9999.0, 9999.0, 9999.0, 23.91, 9999.0, 22.3, 9999.0, 22.8, 22.5, 22.36, 22.5, 22.5
2026-09-08, 17:53:43, 22.5, 22.5, 22.84, 22.91, 9999.0, 9999.0, 9999.0, 23.86, 9999.0, 22.27, 9999.0, 22.8, 22.5, 22.39, 22.5, 22.5
2026-09-08, 17:53:47, 22.5, 22.5, 22.84, 22.89, 9999.0, 9999.0, 9999.0, 23.84, 9999.0, 22.27, 9999.0, 22.82, 22.5, 22.39, 22.5, 22.5
2026-09-08, 17:53:51, 22.5, 22.5, 22.84, 22.91, 9999.0, 9999.0, 9999.0, 23.82, 9999.0, 22.3, 9999.0, 22.82, 22.5, 22.39, 22.5, 22.5
2026-09-08, 17:53:55, 22.5, 22.5, 22.84, 22.93, 9999.0, 9999.0, 9999.0, 23.77, 9999.0, 22.32, 9999.0, 22.82, 22.52, 22.36, 22.5, 22.5
2026-09-08, 17:53:59, 22.48, 22.5, 22.82, 22.95, 9999.0, 9999.0, 9999.0, 23.75, 9999.0, 22.34, 9999.0, 22.82, 22.55, 22.36, 22.5, 22.5
2026-09-08, 17:54:03, 22.48, 22.5, 22.82, 22.95, 9999.0, 9999.0, 9999.0, 23.7, 9999.0, 22.36, 9999.0, 22.82, 22.55, 22.36, 22.5, 22.5
2026-09-08, 17:54:07, 22.48, 22.5, 22.82, 22.95, 9999.0, 9999.0, 9999.0, 23.75, 9999.0, 22.39, 9999.0, 22.82, 22.57, 22.34, 22.5, 22.5
2026-09-08, 17:54:11, 22.48, 22.5, 22.8, 22.93, 9999.0, 9999.0, 9999.0, 23.8, 9999.0, 22.41, 9999.0, 22.82, 22.57, 22.36, 22.5, 22.5
2026-09-08, 17:54:16, 22.48, 22.5, 22.82, 22.91, 9999.0, 9999.0, 9999.0, 23.82, 9999.0, 22.43, 9999.0, 22.82, 22.57, 22.36, 22.5, 22.5
2026-09-08, 17:54:20, 22.48, 22.5, 22.82, 22.89, 9999.0, 9999.0, 9999.0, 23.84, 9999.0, 22.45, 9999.0, 22.82, 22.57, 22.36, 22.5, 22.5
2026-09-08, 17:54:24, 22.48, 22.5, 22.82, 22.86, 9999.0, 9999.0, 9999.0, 23.86, 9999.0, 22.48, 9999.0, 22.8, 22.57, 22.36, 22.5, 22.5
2026-09-08, 17:54:28, 22.48, 22.5, 22.82, 22.86, 9999.0, 9999.0, 9999.0, 23.91, 9999.0, 22.5, 9999.0, 22.77, 22.57, 22.36, 22.5, 22.5
2026-09-08, 17:54:32, 22.48, 22.5, 22.82, 22.89, 9999.0, 9999.0, 9999.0, 23.93, 9999.0, 22.5, 9999.0, 22.75, 22.57, 22.39, 22.5, 22.5
2026-09-08, 17:54:36, 22.48, 22.5, 22.82, 22.86, 9999.0, 9999.0, 9999.0, 23.93, 9999.0, 22.5, 9999.0, 22.75, 22.57, 22.36, 22.5, 22.5
2026-09-08, 17:54:40, 22.45, 22.5, 22.82, 22.84, 9999.0, 9999.0, 9999.0, 23.98, 9999.0, 22.5, 9999.0, 22.75, 22.55, 22.39, 22.5, 22.5
2026-09-08, 17:54:44, 22.48, 22.5, 22.82, 22.84, 9999.0, 9999.0, 9999.0, 24.0, 9999.0, 22.5, 9999.0, 22.77, 22.52, 22.39, 22.5, 22.5
2026-09-08, 17:54:48, 22.48, 22.5, 22.8, 22.84, 9999.0, 9999.0, 9999.0, 24.05, 9999.0, 22.5, 9999.0, 22.77, 22.52, 22.39, 22.5, 22.5
2026-09-08, 17:54:52, 22.48, 22.5, 22.77, 22.84, 9999.0, 9999.0, 9999.0, 23.98, 9999.0, 22.5, 9999.0, 22.77, 22.5, 22.39, 22.5, 22.5
2026-09-08, 17:54:56, 22.48, 22.5, 22.77, 22.84, 9999.0, 9999.0, 9999.0, 23.93, 9999.0, 22.5, 9999.0, 22.8, 22.5, 22.39, 22.5, 22.5
2026-09-08, 17:55:00, 22.48, 22.5, 22.75, 22.86, 9999.0, 9999.0, 9999.0, 23.89, 9999.0, 22.5, 9999.0, 22.82, 22.5, 22.41, 22.5, 22.5
2026-09-08, 17:55:04, 22.48, 22.5, 22.77, 22.86, 9999.0, 9999.0, 9999.0, 23.86, 9999.0, 22.5, 9999.0, 22.82, 22.5, 22.41, 22.5, 22.5
2026-09-08, 17:55:08, 22.48, 22.5, 22.8, 22.89, 9999.0, 9999.0, 9999.0, 23.82, 9999.0, 22.5, 9999.0, 22.82, 22.5, 22.41, 22.5, 22.5
2026-09-08, 17:55:12, 22.48, 22.5, 22.8, 22.89, 9999.0, 9999.0, 9999.0, 23.77, 9999.0, 22.52, 9999.0, 22.82, 22.52, 22.41, 22.5, 22.5
2026-09-08, 17:55:16, 22.48, 22.5, 22.8, 22.89, 9999.0, 9999.0, 9999.0, 23.73, 9999.0, 22.55, 9999.0, 22.82, 22.52, 22.41, 22.5, 22.5
2026-09-08, 17:55:20, 22.48, 22.5, 22.8, 22.89, 9999.0, 9999.0, 9999.0, 23.7, 9999.0, 22.57, 9999.0, 22.82, 22.52, 22.43, 22.5, 22.5
2026-09-08, 17:55:24, 22.5, 22.5, 22.82, 22.89, 9999.0, 9999.0, 9999.0, 23.75, 9999.0, 22.59, 9999.0, 22.82, 22.52, 22.41, 22.5, 22.5
2026-09-08, 17:55:28, 22.5, 22.5, 22.82, 22.86, 9999.0, 9999.0, 9999.0, 23.8, 9999.0, 22.61, 9999.0, 22.8, 22.52, 22.39, 22.5, 22.5
2026-09-08, 17:55:32, 22.5, 22.5, 22.82, 22.86, 9999.0, 9999.0, 9999.0, 23.82, 9999.0, 22.61, 9999.0, 22.8, 22.52, 22.41, 22.5, 22.5
2026-09-08, 17:55:36, 22.5, 22.5, 22.82, 22.86, 9999.0, 9999.0, 9999.0, 23.86, 9999.0, 22.61, 9999.0, 22.8, 22.52, 22.41, 22.48, 22.5
2026-09-08, 17:55:40, 22.5, 22.5, 22.82, 22.86, 9999.0, 9999.0, 9999.0, 23.89, 9999.0, 22.61, 9999.0, 22.77, 22.52, 22.39, 22.48, 22.5
2026-09-08, 17:55:44, 22.5, 22.5, 22.82, 22.86, 9999.0, 9999.0, 9999.0, 23.91, 9999.0, 22.61, 9999.0, 22.75, 22.52, 22.36, 22.48, 22.48
2026-09-08, 17:55:48, 22.5, 22.5, 22.8, 22.89, 9999.0, 9999.0, 9999.0, 23.93, 9999.0, 22.61, 9999.0, 22.75, 22.52, 22.36, 22.48, 22.48
2026-09-08, 17:55:52, 22.48, 22.5, 22.77, 22.86, 9999.0, 9999.0, 9999.0, 23.98, 9999.0, 22.61, 9999.0, 22.75, 22.52, 22.36, 22.48, 22.45
2026-09-08, 17:55:56, 22.48, 22.5, 22.77, 22.86, 9999.0, 9999.0, 9999.0, 24.02, 9999.0, 22.59, 9999.0, 22.73, 22.5, 22.34, 22.48, 22.45
2026-09-08, 17:56:00, 22.48, 22.5, 22.77, 22.86, 9999.0, 9999.0, 9999.0, 24.07, 9999.0, 22.57, 9999.0, 22.73, 22.5, 22.32, 22.48, 22.45
2026-09-08, 17:56:04, 22.48, 22.5, 22.77, 22.89, 9999.0, 9999.0, 9999.0, 24.09, 9999.0, 22.55, 9999.0, 22.73, 22.5, 22.3, 22.45, 22.45
2026-09-08, 17:56:08, 22.48, 22.5, 22.75, 22.89, 9999.0, 9999.0, 9999.0, 24.02, 9999.0, 22.52, 9999.0, 22.73, 22.5, 22.3, 22.45, 22.45
2026-09-08, 17:56:12, 22.48, 22.5, 22.75, 22.89, 9999.0, 9999.0, 9999.0, 23.98, 9999.0, 22.5, 9999.0, 22.75, 22.52, 22.3, 22.45, 22.45
2026-09-08, 17:56:16, 22.48, 22.5, 22.75, 22.86, 9999.0, 9999.0, 9999.0, 23.93, 9999.0, 22.5, 9999.0, 22.77, 22.52, 22.27, 22.45, 22.45
2026-09-08, 17:56:20, 22.48, 22.5, 22.75, 22.86, 9999.0, 9999.0, 9999.0, 23.89, 9999.0, 22.52, 9999.0, 22.8, 22.52, 22.27, 22.48, 22.45
2026-09-08, 17:56:24, 22.48, 22.5, 22.75, 22.89, 9999.0, 9999.0, 9999.0, 23.86, 9999.0, 22.55, 9999.0, 22.8, 22.52, 22.27, 22.48, 22.45
2026-09-08, 17:56:28, 22.48, 22.5, 22.75, 22.86, 9999.0, 9999.0, 9999.0, 23.84, 9999.0, 22.57, 9999.0, 22.8, 22.52, 22.27, 22.48, 22.48
2026-09-08, 17:56:32, 22.48, 22.5, 22.75, 22.84, 9999.0, 9999.0, 9999.0, 23.82, 9999.0, 22.59, 9999.0, 22.8, 22.55, 22.25, 22.48, 22.48
2026-09-08, 17:56:36, 22.48, 22.5, 22.75, 22.86, 9999.0, 9999.0, 9999.0, 23.77, 9999.0, 22.61, 9999.0, 22.8, 22.55, 22.27, 22.48, 22.5
2026-09-08, 17:56:40, 22.48, 22.5, 22.75, 22.86, 9999.0, 9999.0, 9999.0, 23.8, 9999.0, 22.64, 9999.0, 22.82, 22.57, 22.3, 22.48, 22.5
2026-09-08, 17:56:44, 22.48, 22.5, 22.75, 22.84, 9999.0, 9999.0, 9999.0, 23.82, 9999.0, 22.66, 9999.0, 22.82, 22.57, 22.32, 22.48, 22.5
2026-09-08, 17:56:48, 22.48, 22.5, 22.75, 22.82, 9999.0, 9999.0, 9999.0, 23.86, 9999.0, 22.68, 9999.0, 22.82, 22.57, 22.32, 22.5, 22.5
2026-09-08, 17:56:52, 22.48, 22.5, 22.77, 22.84, 9999.0, 9999.0, 9999.0, 23.91, 9999.0, 22.7, 9999.0, 22.82, 22.57, 22.32, 22.5, 22.5
2026-09-08, 17:56:56, 22.48, 22.5, 22.8, 22.86, 9999.0, 9999.0, 9999.0, 23.93, 9999.0, 22.7, 9999.0, 22.8, 22.55, 22.32, 22.5, 22.5
2026-09-08, 17:57:00, 22.48, 22.5, 22.8, 22.86, 9999.0, 9999.0, 9999.0, 23.95, 9999.0, 22.7, 9999.0, 22.77, 22.55, 22.32, 22.5, 22.5
2026-09-08, 17:57:04, 22.48, 22.5, 22.8, 22.86, 9999.0, 9999.0, 9999.0, 23.98, 9999.0, 22.68, 9999.0, 22.75, 22.55, 22.34, 22.5, 22.5
2026-09-08, 17:57:08, 22.48, 22.5, 22.8, 22.84, 9999.0, 9999.0, 9999.0, 24.0, 9999.0, 22.66, 9999.0, 22.75, 22.55, 22.34, 22.5, 22.48
2026-09-08, 17:57:12, 22.48, 22.5, 22.8, 22.84, 9999.0, 9999.0, 9999.0, 24.02, 9999.0, 22.64, 9999.0, 22.75, 22.55, 22.36, 22.5, 22.48
2026-09-08, 17:57:16, 22.48, 22.5, 22.8, 22.84, 9999.0, 9999.0, 9999.0, 24.05, 9999.0, 22.61, 9999.0, 22.75, 22.52, 22.36, 22.5, 22.48
2026-09-08, 17:57:20, 22.5, 22.5, 22.8, 22.84, 9999.0, 9999.0, 9999.0, 24.09, 9999.0, 22.59, 9999.0, 22.75, 22.52, 22.34, 22.5, 22.48
2026-09-08, 17:57:24, 22.5, 22.5, 22.8, 22.84, 9999.0, 9999.0, 9999.0, 24.07, 9999.0, 22.57, 9999.0, 22.77, 22.5, 22.32, 22.5, 22.48
2026-09-08, 17:57:28, 22.5, 22.5, 22.82, 22.84, 9999.0, 9999.0, 9999.0, 24.02, 9999.0, 22.55, 9999.0, 22.8, 22.5, 22.3, 22.5, 22.48
2026-09-08, 17:57:32, 22.5, 22.5, 22.82, 22.84, 9999.0, 9999.0, 9999.0, 23.98, 9999.0, 22.52, 9999.0, 22.82, 22.5, 22.3, 22.5, 22.48
2026-09-08, 17:57:36, 22.5, 22.5, 22.8, 22.82, 9999.0, 9999.0, 9999.0, 23.93, 9999.0, 22.52, 9999.0, 22.82, 22.5, 22.32, 22.5, 22.48
2026-09-08, 17:57:40, 22.5, 22.5, 22.77, 22.82, 9999.0, 9999.0, 9999.0, 23.91, 9999.0, 22.55, 9999.0, 22.82, 22.5, 22.32, 22.5, 22.48
2026-09-08, 17:57:44, 22.5, 22.5, 22.77, 22.82, 9999.0, 9999.0, 9999.0, 23.89, 9999.0, 22.57, 9999.0, 22.84, 22.5, 22.32, 22.5, 22.48
2026-09-08, 17:57:48, 22.48, 22.5, 22.8, 22.82, 9999.0, 9999.0, 9999.0, 23.84, 9999.0, 22.59, 9999.0, 22.84, 22.5, 22.32, 22.5, 22.48
2026-09-08, 17:57:52, 22.48, 22.5, 22.8, 22.82, 9999.0, 9999.0, 9999.0, 23.8, 9999.0, 22.61, 9999.0, 22.84, 22.5, 22.32, 22.5, 22.5
2026-09-08, 17:57:56, 22.45, 22.5, 22.8, 22.82, 9999.0, 9999.0, 9999.0, 23.84, 9999.0, 22.64, 9999.0, 22.84, 22.52, 22.3, 22.5, 22.5
2026-09-08, 17:58:00, 22.45, 22.5, 22.8, 22.84, 9999.0, 9999.0, 9999.0, 23.86, 9999.0, 22.66, 9999.0, 22.84, 22.52, 22.32, 22.5, 22.5
2026-09-08, 17:58:05, 22.45, 22.5, 22.8, 22.82, 9999.0, 9999.0, 9999.0, 23.89, 9999.0, 22.68, 9999.0, 22.84, 22.52, 22.34, 22.5, 22.5
2026-09-08, 17:58:09, 22.45, 22.5, 22.82, 22.8, 9999.0, 9999.0, 9999.0, 23.91, 9999.0, 22.7, 9999.0, 22.82, 22.52, 22.34, 22.5, 22.5
2026-09-08, 17:58:13, 22.45, 22.5, 22.8, 22.8, 9999.0, 9999.0, 9999.0, 23.95, 9999.0, 22.73, 9999.0, 22.8, 22.52, 22.34, 22.5, 22.5
2026-09-08, 17:58:17, 22.45, 22.5, 22.8, 22.8, 9999.0, 9999.0, 9999.0, 24.0, 9999.0, 22.75, 9999.0, 22.77, 22.52, 22.34, 22.5, 22.5
2026-09-08, 17:58:21, 22.45, 22.5, 22.82, 22.8, 9999.0, 9999.0, 9999.0, 24.02, 9999.0, 22.75, 9999.0, 22.75, 22.52, 22.32, 22.5, 22.48
2026-09-08, 17:58:25, 22.45, 22.5, 22.82, 22.77, 9999.0, 9999.0, 9999.0, 24.05, 9999.0, 22.73, 9999.0, 22.75, 22.52, 22.32, 22.5, 22.48
2026-09-08, 17:58:29, 22.45, 22.5, 22.82, 22.77, 9999.0, 9999.0, 9999.0, 24.07, 9999.0, 22.7, 9999.0, 22.7, 22.52, 22.32, 22.5, 22.45
2026-09-08, 17:58:33, 22.48, 22.5, 22.8, 22.8, 9999.0, 9999.0, 9999.0, 24.11, 9999.0, 22.68, 9999.0, 22.73, 22.52, 22.3, 22.5, 22.45
2026-09-08, 17:58:37, 22.48, 22.5, 22.8, 22.8, 9999.0, 9999.0, 9999.0, 24.16, 9999.0, 22.68, 9999.0, 22.73, 22.52, 22.3, 22.5, 22.45
2026-09-08, 17:58:41, 22.5, 22.5, 22.8, 22.8, 9999.0, 9999.0, 9999.0, 24.11, 9999.0, 22.66, 9999.0, 22.73, 22.5, 22.3, 22.5, 22.45
2026-09-08, 17:58:45, 22.5, 22.5, 22.8, 22.77, 9999.0, 9999.0, 9999.0, 24.07, 9999.0, 22.64, 9999.0, 22.75, 22.5, 22.27, 22.5, 22.45
2026-09-08, 17:58:49, 22.5, 22.5, 22.8, 22.77, 9999.0, 9999.0, 9999.0, 24.02, 9999.0, 22.61, 9999.0, 22.77, 22.5, 22.25, 22.5, 22.45
2026-09-08, 17:58:53, 22.5, 22.5, 22.77, 22.77, 9999.0, 9999.0, 9999.0, 23.98, 9999.0, 22.61, 9999.0, 22.8, 22.5, 22.25, 22.5, 22.45
2026-09-08, 17:58:57, 22.5, 22.5, 22.8, 22.77, 9999.0, 9999.0, 9999.0, 23.93, 9999.0, 22.61, 9999.0, 22.82, 22.5, 22.25, 22.5, 22.45
2026-09-08, 17:59:01, 22.5, 22.5, 22.8, 22.77, 9999.0, 9999.0, 9999.0, 23.89, 9999.0, 22.61, 9999.0, 22.82, 22.5, 22.25, 22.5, 22.45
2026-09-08, 17:59:05, 22.5, 22.5, 22.77, 22.77, 9999.0, 9999.0, 9999.0, 23.84, 9999.0, 22.64, 9999.0, 22.84, 22.5, 22.25, 22.5, 22.48
2026-09-08, 17:59:09, 22.5, 22.5, 22.77, 22.77, 9999.0, 9999.0, 9999.0, 23.8, 9999.0, 22.68, 9999.0, 22.84, 22.5, 22.25, 22.5, 22.48
2026-09-08, 17:59:13, 22.5, 22.5, 22.77, 22.77, 9999.0, 9999.0, 9999.0, 23.84, 9999.0, 22.7, 9999.0, 22.86, 22.5, 22.25, 22.5, 22.5
2026-09-08, 17:59:17, 22.5, 22.5, 22.77, 22.75, 9999.0, 9999.0, 9999.0, 23.86, 9999.0, 22.73, 9999.0, 22.84, 22.5, 22.27, 22.5, 22.5
2026-09-08, 17:59:21, 22.5, 22.5, 22.77, 22.75, 9999.0, 9999.0, 9999.0, 23.89, 9999.0, 22.73, 9999.0, 22.84, 22.5, 22.27, 22.5, 22.5
2026-09-08, 17:59:25, 22.5, 22.5, 22.77, 22.75, 9999.0, 9999.0, 9999.0, 23.91, 9999.0, 22.75, 9999.0, 22.84, 22.5, 22.27, 22.5, 22.5
2026-09-08, 17:59:29, 22.48, 22.5, 22.77, 22.75, 9999.0, 9999.0, 9999.0, 23.95, 9999.0, 22.77, 9999.0, 22.82, 22.5, 22.27, 22.48, 22.5
2026-09-08, 17:59:33, 22.48, 22.5, 22.77, 22.75, 9999.0, 9999.0, 9999.0, 24.0, 9999.0, 22.8, 9999.0, 22.8, 22.5, 22.27, 22.48, 22.5
2026-09-08, 17:59:37, 22.48, 22.5, 22.77, 22.75, 9999.0, 9999.0, 9999.0, 24.02, 9999.0, 22.8, 9999.0, 22.77, 22.5, 22.27, 22.48, 22.5
2026-09-08, 17:59:41, 22.48, 22.5, 22.75, 22.75, 9999.0, 9999.0, 9999.0, 24.05, 9999.0, 22.77, 9999.0, 22.75, 22.5, 22.27, 22.48, 22.5
2026-09-08, 17:59:45, 22.48, 22.5, 22.75, 22.75, 9999.0, 9999.0, 9999.0, 24.07, 9999.0, 22.77, 9999.0, 22.73, 22.5, 22.27, 22.45, 22.48
2026-09-08, 17:59:49, 22.48, 22.5, 22.75, 22.75, 9999.0, 9999.0, 9999.0, 24.11, 9999.0, 22.75, 9999.0, 22.73, 22.5, 22.27, 22.45, 22.48
2026-09-08, 17:59:53, 22.45, 22.5, 22.75, 22.75, 9999.0, 9999.0, 9999.0, 24.16, 9999.0, 22.73, 9999.0, 22.73, 22.5, 22.27, 22.45, 22.48
2026-09-08, 17:59:57, 22.45, 22.5, 22.75, 22.75, 9999.0, 9999.0, 9999.0, 24.11, 9999.0, 22.73, 9999.0, 22.73, 22.5, 22.27, 22.45, 22.48
2026-09-08, 18:00:01, 22.45, 22.5, 22.75, 22.75, 9999.0, 9999.0, 9999.0, 24.09, 9999.0, 22.7, 9999.0, 22.75, 22.5, 22.25, 22.45, 22.48
2026-09-08, 18:00:05, 22.45, 22.5, 22.75, 22.75, 9999.0, 9999.0, 9999.0, 24.05, 9999.0, 22.7, 9999.0, 22.77, 22.52, 22.27, 22.45, 22.48
2026-09-08, 18:00:09, 22.45, 22.5, 22.75, 22.75, 9999.0, 9999.0, 9999.0, 24.0, 9999.0, 22.7, 9999.0, 22.8, 22.52, 22.27, 22.45, 22.48
2026-09-08, 18:00:13, 22.48, 22.5, 22.75, 22.75, 9999.0, 9999.0, 9999.0, 23.95, 9999.0, 22.7, 9999.0, 22.8, 22.52, 22.27, 22.48, 22.48
2026-09-08, 18:00:17, 22.48, 22.5, 22.75, 22.75, 9999.0, 9999.0, 9999.0, 23.91, 9999.0, 22.7, 9999.0, 22.8, 22.52, 22.3, 22.48, 22.48
2026-09-08, 18:00:21, 22.48, 22.5, 22.75, 22.75, 9999.0, 9999.0, 9999.0, 23.89, 9999.0, 22.7, 9999.0, 22.8, 22.55, 22.32, 22.48, 22.48
2026-09-08, 18:00:25, 22.48, 22.5, 22.75, 22.75, 9999.0, 9999.0, 9999.0, 23.86, 9999.0, 22.73, 9999.0, 22.8, 22.55, 22.32, 22.48, 22.45
2026-09-08, 18:00:29, 22.48, 22.5, 22.75, 22.75, 9999.0, 9999.0, 9999.0, 23.84, 9999.0, 22.73, 9999.0, 22.82, 22.55, 22.32, 22.5, 22.48
2026-09-08, 18:00:33, 22.45, 22.5, 22.75, 22.75, 9999.0, 9999.0, 9999.0, 23.89, 9999.0, 22.73, 9999.0, 22.82, 22.55, 22.32, 22.5, 22.45
2026-09-08, 18:00:37, 22.48, 22.5, 22.75, 22.75, 9999.0, 9999.0, 9999.0, 23.93, 9999.0, 22.73, 9999.0, 22.82, 22.55, 22.32, 22.5, 22.43
2026-09-08, 18:00:41, 22.48, 22.5, 22.75, 22.77, 9999.0, 9999.0, 9999.0, 23.95, 9999.0, 22.73, 9999.0, 22.82, 22.55, 22.32, 22.48, 22.43
2026-09-08, 18:00:45, 22.48, 22.5, 22.75, 22.77, 9999.0, 9999.0, 9999.0, 23.98, 9999.0, 22.73, 9999.0, 22.8, 22.55, 22.32, 22.45, 22.43
2026-09-08, 18:00:49, 22.48, 22.5, 22.75, 22.77, 9999.0, 9999.0, 9999.0, 24.02, 9999.0, 22.73, 9999.0, 22.77, 22.52, 22.32, 22.45, 22.41
2026-09-08, 18:00:53, 22.48, 22.5, 22.75, 22.77, 9999.0, 9999.0, 9999.0, 24.07, 9999.0, 22.7, 9999.0, 22.75, 22.52, 22.32, 22.45, 22.41
2026-09-08, 18:00:57, 22.48, 22.5, 22.75, 22.77, 9999.0, 9999.0, 9999.0, 24.09, 9999.0, 22.7, 9999.0, 22.73, 22.52, 22.32, 22.45, 22.41
2026-09-08, 18:01:01, 22.48, 22.5, 22.75, 22.77, 9999.0, 9999.0, 9999.0, 24.14, 9999.0, 22.68, 9999.0, 22.73, 22.52, 22.3, 22.45, 22.41
2026-09-08, 18:01:05, 22.48, 22.5, 22.75, 22.77, 9999.0, 9999.0, 9999.0, 24.18, 9999.0, 22.66, 9999.0, 22.73, 22.5, 22.27, 22.45, 22.39
2026-09-08, 18:01:09, 22.48, 22.5, 22.75, 22.77, 9999.0, 9999.0, 9999.0, 24.23, 9999.0, 22.64, 9999.0, 22.73, 22.5, 22.27, 22.45, 22.39
2026-09-08, 18:01:13, 22.48, 22.5, 22.75, 22.77, 9999.0, 9999.0, 9999.0, 24.25, 9999.0, 22.61, 9999.0, 22.73, 22.5, 22.27, 22.45, 22.36
2026-09-08, 18:01:17, 22.5, 22.5, 22.75, 22.77, 9999.0, 9999.0, 9999.0, 24.2, 9999.0, 22.59, 9999.0, 22.75, 22.5, 22.3, 22.45, 22.39
2026-09-08, 18:01:21, 22.5, 22.5, 22.75, 22.77, 9999.0, 9999.0, 9999.0, 24.14, 9999.0, 22.57, 9999.0, 22.77, 22.5, 22.3, 22.45, 22.41
2026-09-08, 18:01:25, 22.5, 22.5, 22.75, 22.75, 9999.0, 9999.0, 9999.0, 24.09, 9999.0, 22.55, 9999.0, 22.77, 22.5, 22.32, 22.48, 22.39
2026-09-08, 18:01:29, 22.5, 22.5, 22.75, 22.77, 9999.0, 9999.0, 9999.0, 24.05, 9999.0, 22.57, 9999.0, 22.77, 22.5, 22.32, 22.48, 22.39
2026-09-08, 18:01:33, 22.5, 22.5, 22.77, 22.77, 9999.0, 9999.0, 9999.0, 24.0, 9999.0, 22.57, 9999.0, 22.8, 22.5, 22.3, 22.48, 22.39
2026-09-08, 18:01:37, 22.5, 22.5, 22.77, 22.77, 9999.0, 9999.0, 9999.0, 23.95, 9999.0, 22.61, 9999.0, 22.8, 22.5, 22.3, 22.48, 22.39
2026-09-08, 18:01:41, 22.48, 22.5, 22.77, 22.77, 9999.0, 9999.0, 9999.0, 23.93, 9999.0, 22.61, 9999.0, 22.82, 22.5, 22.3, 22.48, 22.36
2026-09-08, 18:01:45, 22.48, 22.5, 22.77, 22.77, 9999.0, 9999.0, 9999.0, 23.89, 9999.0, 22.64, 9999.0, 22.82, 22.5, 22.3, 22.48, 22.36
2026-09-08, 18:01:49, 22.48, 22.5, 22.77, 22.77, 9999.0, 9999.0, 9999.0, 23.91, 9999.0, 22.66, 9999.0, 22.82, 22.5, 22.3, 22.48, 22.39
2026-09-08, 18:01:54, 22.48, 22.5, 22.77, 22.77, 9999.0, 9999.0, 9999.0, 23.91, 9999.0, 22.68, 9999.0, 22.82, 22.5, 22.3, 22.48, 22.41
2026-09-08, 18:01:58, 22.48, 22.5, 22.77, 22.77, 9999.0, 9999.0, 9999.0, 23.93, 9999.0, 22.7, 9999.0, 22.82, 22.5, 22.32, 22.48, 22.41
2026-09-08, 18:02:02, 22.48, 22.5, 22.77, 22.77, 9999.0, 9999.0, 9999.0, 23.95, 9999.0, 22.73, 9999.0, 22.8, 22.5, 22.32, 22.48, 22.41
2026-09-08, 18:02:06, 22.45, 22.5, 22.77, 22.77, 9999.0, 9999.0, 9999.0, 24.0, 9999.0, 22.73, 9999.0, 22.77, 22.5, 22.32, 22.48, 22.41
2026-09-08, 18:02:10, 22.43, 22.5, 22.77, 22.77, 9999.0, 9999.0, 9999.0, 24.02, 9999.0, 22.73, 9999.0, 22.77, 22.5, 22.3, 22.45, 22.43
2026-09-08, 18:02:14, 22.43, 22.5, 22.77, 22.75, 9999.0, 9999.0, 9999.0, 24.05, 9999.0, 22.7, 9999.0, 22.77, 22.5, 22.3, 22.48, 22.43
2026-09-08, 18:02:18, 22.43, 22.5, 22.75, 22.75, 9999.0, 9999.0, 9999.0, 24.09, 9999.0, 22.68, 9999.0, 22.75, 22.5, 22.3, 22.48, 22.45
2026-09-08, 18:02:22, 22.43, 22.5, 22.75, 22.75, 9999.0, 9999.0, 9999.0, 24.11, 9999.0, 22.64, 9999.0, 22.73, 22.5, 22.3, 22.45, 22.45
2026-09-08, 18:02:26, 22.43, 22.5, 22.75, 22.77, 9999.0, 9999.0, 9999.0, 24.14, 9999.0, 22.61, 9999.0, 22.73, 22.5, 22.3, 22.45, 22.48
2026-09-08, 18:02:30, 22.43, 22.5, 22.75, 22.77, 9999.0, 9999.0, 9999.0, 24.16, 9999.0, 22.59, 9999.0, 22.73, 22.5, 22.3, 22.43, 22.48
2026-09-08, 18:02:34, 22.43, 22.5, 22.75, 22.77, 9999.0, 9999.0, 9999.0, 24.09, 9999.0, 22.57, 9999.0, 22.75, 22.5, 22.3, 22.43, 22.48
2026-09-08, 18:02:38, 22.43, 22.5, 22.75, 22.8, 9999.0, 9999.0, 9999.0, 24.05, 9999.0, 22.55, 9999.0, 22.77, 22.5, 22.3, 22.43, 22.48
2026-09-08, 18:02:42, 22.43, 22.5, 22.75, 22.8, 9999.0, 9999.0, 9999.0, 24.0, 9999.0, 22.52, 9999.0, 22.77, 22.5, 22.27, 22.43, 22.5
2026-09-08, 18:02:46, 22.43, 22.5, 22.75, 22.8, 9999.0, 9999.0, 9999.0, 23.95, 9999.0, 22.52, 9999.0, 22.77, 22.5, 22.25, 22.43, 22.48
2026-09-08, 18:02:50, 22.45, 22.5, 22.75, 22.8, 9999.0, 9999.0, 9999.0, 23.91, 9999.0, 22.55, 9999.0, 22.8, 22.5, 22.25, 22.43, 22.48
2026-09-08, 18:02:54, 22.45, 22.5, 22.75, 22.8, 9999.0, 9999.0, 9999.0, 23.89, 9999.0, 22.59, 9999.0, 22.8, 22.5, 22.25, 22.45, 22.45
2026-09-08, 18:02:58, 22.45, 22.5, 22.75, 22.8, 9999.0, 9999.0, 9999.0, 23.84, 9999.0, 22.61, 9999.0, 22.8, 22.5, 22.25, 22.45, 22.45
2026-09-08, 18:03:02, 22.45, 22.5, 22.75, 22.8, 9999.0, 9999.0, 9999.0, 23.77, 9999.0, 22.64, 9999.0, 22.8, 22.5, 22.25, 22.43, 22.45
2026-09-08, 18:03:06, 22.45, 22.5, 22.75, 22.8, 9999.0, 9999.0, 9999.0, 23.82, 9999.0, 22.66, 9999.0, 22.82, 22.5, 22.27, 22.45, 22.45
2026-09-08, 18:03:10, 22.48, 22.5, 22.75, 22.77, 9999.0, 9999.0, 9999.0, 23.84, 9999.0, 22.68, 9999.0, 22.82, 22.5, 22.27, 22.45, 22.45
2026-09-08, 18:03:14, 22.48, 22.5, 22.75, 22.77, 9999.0, 9999.0, 9999.0, 23.86, 9999.0, 22.7, 9999.0, 22.82, 22.5, 22.27, 22.48, 22.43
2026-09-08, 18:03:18, 22.45, 22.5, 22.77, 22.77, 9999.0, 9999.0, 9999.0, 23.91, 9999.0, 22.7, 9999.0, 22.8, 22.5, 22.27, 22.48, 22.41
2026-09-08, 18:03:22, 22.43, 22.5, 22.77, 22.75, 9999.0, 9999.0, 9999.0, 23.93, 9999.0, 22.7, 9999.0, 22.77, 22.5, 22.27, 22.45, 22.41
2026-09-08, 18:03:26, 22.43, 22.5, 22.77, 22.75, 9999.0, 9999.0, 9999.0, 23.98, 9999.0, 22.7, 9999.0, 22.77, 22.5, 22.27, 22.45, 22.39
2026-09-08, 18:03:30, 22.43, 22.5, 22.77, 22.75, 9999.0, 9999.0, 9999.0, 24.0, 9999.0, 22.68, 9999.0, 22.77, 22.5, 22.27, 22.45, 22.41
2026-09-08, 18:03:34, 22.43, 22.5, 22.77, 22.75, 9999.0, 9999.0, 9999.0, 24.02, 9999.0, 22.66, 9999.0, 22.75, 22.5, 22.27, 22.45, 22.39
2026-09-08, 18:03:38, 22.43, 22.5, 22.8, 22.75, 9999.0, 9999.0, 9999.0, 24.05, 9999.0, 22.61, 9999.0, 22.73, 22.5, 22.27, 22.45, 22.41
2026-09-08, 18:03:42, 22.43, 22.5, 22.8, 22.75, 9999.0, 9999.0, 9999.0, 24.09, 9999.0, 22.59, 9999.0, 22.73, 22.5, 22.27, 22.45, 22.39
2026-09-08, 18:03:46, 22.43, 22.5, 22.8, 22.75, 9999.0, 9999.0, 9999.0, 24.14, 9999.0, 22.57, 9999.0, 22.73, 22.5, 22.27, 22.45, 22.39
2026-09-08, 18:03:50, 22.41, 22.5, 22.8, 22.77, 9999.0, 9999.0, 9999.0, 24.07, 9999.0, 22.55, 9999.0, 22.73, 22.5, 22.27, 22.45, 22.36
2026-09-08, 18:03:54, 22.41, 22.5, 22.82, 22.77, 9999.0, 9999.0, 9999.0, 24.02, 9999.0, 22.52, 9999.0, 22.75, 22.5, 22.27, 22.45, 22.36
2026-09-08, 18:03:58, 22.41, 22.5, 22.82, 22.77, 9999.0, 9999.0, 9999.0, 23.98, 9999.0, 22.48, 9999.0, 22.75, 22.5, 22.3, 22.45, 22.39
2026-09-08, 18:04:02, 22.43, 22.5, 22.8, 22.77, 9999.0, 9999.0, 9999.0, 23.93, 9999.0, 22.5, 9999.0, 22.77, 22.5, 22.3, 22.45, 22.39
2026-09-08, 18:04:06, 22.45, 22.5, 22.8, 22.77, 9999.0, 9999.0, 9999.0, 23.91, 9999.0, 22.52, 9999.0, 22.77, 22.5, 22.3, 22.48, 22.36
2026-09-08, 18:04:10, 22.45, 22.5, 22.8, 22.77, 9999.0, 9999.0, 9999.0, 23.86, 9999.0, 22.55, 9999.0, 22.77, 22.5, 22.32, 22.48, 22.39
2026-09-08, 18:04:14, 22.43, 22.5, 22.8, 22.77, 9999.0, 9999.0, 9999.0, 23.84, 9999.0, 22.57, 9999.0, 22.77, 22.52, 22.32, 22.48, 22.39
2026-09-08, 18:04:18, 22.43, 22.5, 22.8, 22.77, 9999.0, 9999.0, 9999.0, 23.82, 9999.0, 22.59, 9999.0, 22.77, 22.55, 22.34, 22.48, 22.39
2026-09-08, 18:04:22, 22.45, 22.5, 22.77, 22.77, 9999.0, 9999.0, 9999.0, 23.86, 9999.0, 22.61, 9999.0, 22.8, 22.55, 22.34, 22.48, 22.36
2026-09-08, 18:04:26, 22.43, 22.5, 22.77, 22.77, 9999.0, 9999.0, 9999.0, 23.89, 9999.0, 22.61, 9999.0, 22.8, 22.57, 22.34, 22.48, 22.39
2026-09-08, 18:04:30, 22.43, 22.5, 22.77, 22.77, 9999.0, 9999.0, 9999.0, 23.91, 9999.0, 22.61, 9999.0, 22.8, 22.57, 22.34, 22.5, 22.39
2026-09-08, 18:04:34, 22.43, 22.5, 22.77, 22.75, 9999.0, 9999.0, 9999.0, 23.95, 9999.0, 22.61, 9999.0, 22.8, 22.57, 22.32, 22.5, 22.41
2026-09-08, 18:04:38, 22.41, 22.5, 22.77, 22.75, 9999.0, 9999.0, 9999.0, 24.0, 9999.0, 22.61, 9999.0, 22.75, 22.57, 22.32, 22.5, 22.39
2026-09-08, 18:04:42, 22.39, 22.5, 22.77, 22.75, 9999.0, 9999.0, 9999.0, 24.02, 9999.0, 22.64, 9999.0, 22.75, 22.57, 22.3, 22.5, 22.39
2026-09-08, 18:04:46, 22.39, 22.5, 22.77, 22.75, 9999.0, 9999.0, 9999.0, 24.05, 9999.0, 22.61, 9999.0, 22.73, 22.57, 22.3, 22.5, 22.39
2026-09-08, 18:04:50, 22.39, 22.5, 22.77, 22.75, 9999.0, 9999.0, 9999.0, 24.07, 9999.0, 22.57, 9999.0, 22.7, 22.57, 22.32, 22.5, 22.41
2026-09-08, 18:04:54, 22.39, 22.5, 22.77, 22.75, 9999.0, 9999.0, 9999.0, 24.09, 9999.0, 22.55, 9999.0, 22.68, 22.57, 22.3, 22.5, 22.39
2026-09-08, 18:04:58, 22.41, 22.5, 22.77, 22.75, 9999.0, 9999.0, 9999.0, 24.11, 9999.0, 22.52, 9999.0, 22.68, 22.55, 22.3, 22.5, 22.36
2026-09-08, 18:05:02, 22.39, 22.5, 22.77, 22.75, 9999.0, 9999.0, 9999.0, 24.14, 9999.0, 22.5, 9999.0, 22.68, 22.52, 22.27, 22.5, 22.36
2026-09-08, 18:05:06, 22.39, 22.5, 22.77, 22.75, 9999.0, 9999.0, 9999.0, 24.09, 9999.0, 22.45, 9999.0, 22.7, 22.52, 22.27, 22.48, 22.36
2026-09-08, 18:05:10, 22.41, 22.5, 22.77, 22.75, 9999.0, 9999.0, 9999.0, 24.05, 9999.0, 22.43, 9999.0, 22.73, 22.5, 22.27, 22.45, 22.36
2026-09-08, 18:05:14, 22.39, 22.5, 22.77, 22.75, 9999.0, 9999.0, 9999.0, 24.0, 9999.0, 22.41, 9999.0, 22.73, 22.5, 22.3, 22.45, 22.36
2026-09-08, 18:05:18, 22.41, 22.5, 22.77, 22.75, 9999.0, 9999.0, 9999.0, 23.95, 9999.0, 22.41, 9999.0, 22.75, 22.5, 22.3, 22.45, 22.34
2026-09-08, 18:05:22, 22.43, 22.5, 22.77, 22.75, 9999.0, 9999.0, 9999.0, 23.91, 9999.0, 22.41, 9999.0, 22.77, 22.52, 22.3, 22.43, 22.36
2026-09-08, 18:05:26, 22.45, 22.5, 22.77, 22.75, 9999.0, 9999.0, 9999.0, 23.86, 9999.0, 22.43, 9999.0, 22.77, 22.52, 22.32, 22.43, 22.36
2026-09-08, 18:05:30, 22.45, 22.5, 22.77, 22.75, 9999.0, 9999.0, 9999.0, 23.82, 9999.0, 22.45, 9999.0, 22.77, 22.55, 22.32, 22.43, 22.39
2026-09-08, 18:05:34, 22.45, 22.5, 22.8, 22.75, 9999.0, 9999.0, 9999.0, 23.77, 9999.0, 22.5, 9999.0, 22.8, 22.57, 22.3, 22.43, 22.39
2026-09-08, 18:05:39, 22.45, 22.5, 22.8, 22.75, 9999.0, 9999.0, 9999.0, 23.82, 9999.0, 22.52, 9999.0, 22.82, 22.57, 22.32, 22.43, 22.39
2026-09-08, 18:05:43, 22.45, 22.5, 22.8, 22.75, 9999.0, 9999.0, 9999.0, 23.84, 9999.0, 22.52, 9999.0, 22.82, 22.57, 22.32, 22.43, 22.41
2026-09-08, 18:05:47, 22.48, 22.5, 22.82, 22.75, 9999.0, 9999.0, 9999.0, 23.86, 9999.0, 22.52, 9999.0, 22.82, 22.57, 22.32, 22.43, 22.43
2026-09-08, 18:05:51, 22.45, 22.5, 22.82, 22.75, 9999.0, 9999.0, 9999.0, 23.89, 9999.0, 22.52, 9999.0, 22.8, 22.57, 22.34, 22.43, 22.43
2026-09-08, 18:05:55, 22.45, 22.5, 22.84, 22.75, 9999.0, 9999.0, 9999.0, 23.91, 9999.0, 22.55, 9999.0, 22.77, 22.57, 22.34, 22.45, 22.43
2026-09-08, 18:05:59, 22.45, 22.5, 22.84, 22.75, 9999.0, 9999.0, 9999.0, 23.93, 9999.0, 22.55, 9999.0, 22.77, 22.57, 22.32, 22.43, 22.41
2026-09-08, 18:06:03, 22.45, 22.5, 22.86, 22.75, 9999.0, 9999.0, 9999.0, 23.95, 9999.0, 22.52, 9999.0, 22.75, 22.57, 22.32, 22.43, 22.43
2026-09-08, 18:06:07, 22.45, 22.5, 22.84, 22.75, 9999.0, 9999.0, 9999.0, 23.98, 9999.0, 22.5, 9999.0, 22.75, 22.55, 22.32, 22.45, 22.43
2026-09-08, 18:06:11, 22.45, 22.5, 22.84, 22.75, 9999.0, 9999.0, 9999.0, 24.02, 9999.0, 22.45, 9999.0, 22.75, 22.55, 22.32, 22.45, 22.41
2026-09-08, 18:06:15, 22.45, 22.5, 22.84, 22.75, 9999.0, 9999.0, 9999.0, 24.07, 9999.0, 22.41, 9999.0, 22.75, 22.52, 22.32, 22.45, 22.41
2026-09-08, 18:06:19, 22.43, 22.5, 22.82, 22.75, 9999.0, 9999.0, 9999.0, 24.09, 9999.0, 22.36, 9999.0, 22.75, 22.5, 22.32, 22.43, 22.39
2026-09-08, 18:06:23, 22.43, 22.5, 22.82, 22.75, 9999.0, 9999.0, 9999.0, 24.02, 9999.0, 22.32, 9999.0, 22.77, 22.5, 22.3, 22.41, 22.41
2026-09-08, 18:06:27, 22.43, 22.5, 22.82, 22.75, 9999.0, 9999.0, 9999.0, 23.98, 9999.0, 22.3, 9999.0, 22.77, 22.5, 22.3, 22.41, 22.39
2026-09-08, 18:06:31, 22.43, 22.5, 22.8, 22.75, 9999.0, 9999.0, 9999.0, 23.93, 9999.0, 22.27, 9999.0, 22.77, 22.5, 22.3, 22.41, 22.39
2026-09-08, 18:06:35, 22.45, 22.5, 22.8, 22.77, 9999.0, 9999.0, 9999.0, 23.89, 9999.0, 22.3, 9999.0, 22.77, 22.5, 22.27, 22.43, 22.41
2026-09-08, 18:06:39, 22.45, 22.5, 22.77, 22.77, 9999.0, 9999.0, 9999.0, 23.84, 9999.0, 22.3, 9999.0, 22.77, 22.5, 22.27, 22.41, 22.39
2026-09-08, 18:06:43, 22.48, 22.5, 22.77, 22.77, 9999.0, 9999.0, 9999.0, 23.8, 9999.0, 22.32, 9999.0, 22.8, 22.5, 22.3, 22.43, 22.39
2026-09-08, 18:06:47, 22.48, 22.5, 22.75, 22.77, 9999.0, 9999.0, 9999.0, 23.75, 9999.0, 22.34, 9999.0, 22.8, 22.5, 22.3, 22.43, 22.39
2026-09-08, 18:06:51, 22.48, 22.5, 22.75, 22.77, 9999.0, 9999.0, 9999.0, 23.7, 9999.0, 22.36, 9999.0, 22.8, 22.5, 22.3, 22.43, 22.36
2026-09-08, 18:06:55, 22.48, 22.5, 22.75, 22.77, 9999.0, 9999.0, 9999.0, 23.73, 9999.0, 22.39, 9999.0, 22.8, 22.5, 22.3, 22.41, 22.39
2026-09-08, 18:06:59, 22.48, 22.5, 22.75, 22.77, 9999.0, 9999.0, 9999.0, 23.75, 9999.0, 22.41, 9999.0, 22.8, 22.5, 22.3, 22.39, 22.36
2026-09-08, 18:07:03, 22.48, 22.5, 22.75, 22.77, 9999.0, 9999.0, 9999.0, 23.77, 9999.0, 22.43, 9999.0, 22.8, 22.5, 22.3, 22.41, 22.39
2026-09-08, 18:07:07, 22.45, 22.5, 22.77, 22.77, 9999.0, 9999.0, 9999.0, 23.8, 9999.0, 22.43, 9999.0, 22.77, 22.5, 22.3, 22.41, 22.39
2026-09-08, 18:07:11, 22.45, 22.5, 22.77, 22.77, 9999.0, 9999.0, 9999.0, 23.82, 9999.0, 22.43, 9999.0, 22.75, 22.5, 22.3, 22.39, 22.41
2026-09-08, 18:07:15, 22.43, 22.5, 22.77, 22.77, 9999.0, 9999.0, 9999.0, 23.82, 9999.0, 22.43, 9999.0, 22.73, 22.5, 22.3, 22.39, 22.41
2026-09-08, 18:07:19, 22.43, 22.5, 22.77, 22.75, 9999.0, 9999.0, 9999.0, 23.82, 9999.0, 22.41, 9999.0, 22.73, 22.5, 22.3, 22.39, 22.41
2026-09-08, 18:07:23, 22.43, 22.5, 22.77, 22.75, 9999.0, 9999.0, 9999.0, 23.84, 9999.0, 22.39, 9999.0, 22.73, 22.5, 22.32, 22.41, 22.43
2026-09-08, 18:07:27, 22.43, 22.5, 22.77, 22.75, 9999.0, 9999.0, 9999.0, 23.89, 9999.0, 22.36, 9999.0, 22.68, 22.5, 22.3, 22.41, 22.45
2026-09-08, 18:07:31, 22.43, 22.5, 22.77, 22.75, 9999.0, 9999.0, 9999.0, 23.91, 9999.0, 22.34, 9999.0, 22.68, 22.5, 22.32, 22.39, 22.45
2026-09-08, 18:07:35, 22.43, 22.5, 22.77, 22.75, 9999.0, 9999.0, 9999.0, 23.93, 9999.0, 22.32, 9999.0, 22.68, 22.5, 22.32, 22.36, 22.48
2026-09-08, 18:07:39, 22.43, 22.5, 22.77, 22.75, 9999.0, 9999.0, 9999.0, 23.89, 9999.0, 22.3, 9999.0, 22.7, 22.5, 22.32, 22.39, 22.48
2026-09-08, 18:07:43, 22.41, 22.5, 22.77, 22.75, 9999.0, 9999.0, 9999.0, 23.84, 9999.0, 22.25, 9999.0, 22.73, 22.5, 22.34, 22.39, 22.5
2026-09-08, 18:07:47, 22.41, 22.5, 22.77, 22.75, 9999.0, 9999.0, 9999.0, 23.82, 9999.0, 22.2, 9999.0, 22.75, 22.5, 22.36, 22.39, 22.5
2026-09-08, 18:07:51, 22.43, 22.5, 22.75, 22.75, 9999.0, 9999.0, 9999.0, 23.77, 9999.0, 22.2, 9999.0, 22.77, 22.5, 22.39, 22.41, 22.5
2026-09-08, 18:07:55, 22.43, 22.5, 22.75, 22.75, 9999.0, 9999.0, 9999.0, 23.73, 9999.0, 22.2, 9999.0, 22.82, 22.5, 22.39, 22.43, 22.5
2026-09-08, 18:07:59, 22.45, 22.5, 22.75, 22.75, 9999.0, 9999.0, 9999.0, 23.7, 9999.0, 22.2, 9999.0, 22.86, 22.5, 22.39, 22.43, 22.5
2026-09-08, 18:08:03, 22.43, 22.5, 22.75, 22.75, 9999.0, 9999.0, 9999.0, 23.68, 9999.0, 22.2, 9999.0, 22.86, 22.5, 22.39, 22.43, 22.5
2026-09-08, 18:08:07, 22.43, 22.5, 22.75, 22.75, 9999.0, 9999.0, 9999.0, 23.64, 9999.0, 22.23, 9999.0, 22.86, 22.5, 22.36, 22.43, 22.5
2026-09-08, 18:08:11, 22.43, 22.5, 22.75, 22.77, 9999.0, 9999.0, 9999.0, 23.66, 9999.0, 22.23, 9999.0, 22.89, 22.5, 22.36, 22.43, 22.5
2026-09-08, 18:08:15, 22.43, 22.5, 22.75, 22.77, 9999.0, 9999.0, 9999.0, 23.7, 9999.0, 22.23, 9999.0, 22.89, 22.5, 22.34, 22.45, 22.5
2026-09-08, 18:08:19, 22.41, 22.5, 22.75, 22.77, 9999.0, 9999.0, 9999.0, 23.73, 9999.0, 22.23, 9999.0, 22.89, 22.5, 22.34, 22.48, 22.5
2026-09-08, 18:08:23, 22.41, 22.5, 22.75, 22.77, 9999.0, 9999.0, 9999.0, 23.75, 9999.0, 22.25, 9999.0, 22.86, 22.5, 22.32, 22.48, 22.5
2026-09-08, 18:08:27, 22.43, 22.5, 22.75, 22.77, 9999.0, 9999.0, 9999.0, 23.75, 9999.0, 22.27, 9999.0, 22.84, 22.5, 22.32, 22.5, 22.5
2026-09-08, 18:08:31, 22.45, 22.5, 22.75, 22.77, 9999.0, 9999.0, 9999.0, 23.75, 9999.0, 22.3, 9999.0, 22.82, 22.5, 22.3, 22.5, 22.5
2026-09-08, 18:08:35, 22.45, 22.5, 22.75, 22.77, 9999.0, 9999.0, 9999.0, 23.77, 9999.0, 22.3, 9999.0, 22.8, 22.5, 22.3, 22.5, 22.5
2026-09-08, 18:08:39, 22.43, 22.5, 22.75, 22.77, 9999.0, 9999.0, 9999.0, 23.8, 9999.0, 22.3, 9999.0, 22.77, 22.5, 22.3, 22.5, 22.5
2026-09-08, 18:08:43, 22.41, 22.5, 22.75, 22.77, 9999.0, 9999.0, 9999.0, 23.84, 9999.0, 22.3, 9999.0, 22.73, 22.5, 22.32, 22.5, 22.5
2026-09-08, 18:08:47, 22.43, 22.5, 22.75, 22.77, 9999.0, 9999.0, 9999.0, 23.86, 9999.0, 22.27, 9999.0, 22.75, 22.5, 22.32, 22.5, 22.48
2026-09-08, 18:08:51, 22.43, 22.5, 22.75, 22.8, 9999.0, 9999.0, 9999.0, 23.91, 9999.0, 22.23, 9999.0, 22.75, 22.5, 22.32, 22.48, 22.48
2026-09-08, 18:08:55, 22.43, 22.5, 22.75, 22.77, 9999.0, 9999.0, 9999.0, 23.86, 9999.0, 22.2, 9999.0, 22.75, 22.5, 22.34, 22.45, 22.48
2026-09-08, 18:08:59, 22.43, 22.5, 22.75, 22.77, 9999.0, 9999.0, 9999.0, 23.82, 9999.0, 22.18, 9999.0, 22.77, 22.5, 22.36, 22.45, 22.48
2026-09-08, 18:09:03, 22.45, 22.5, 22.75, 22.8, 9999.0, 9999.0, 9999.0, 23.77, 9999.0, 22.16, 9999.0, 22.8, 22.5, 22.39, 22.45, 22.48
2026-09-08, 18:09:07, 22.45, 22.5, 22.77, 22.8, 9999.0, 9999.0, 9999.0, 23.73, 9999.0, 22.14, 9999.0, 22.8, 22.5, 22.39, 22.45, 22.48
2026-09-08, 18:09:11, 22.45, 22.5, 22.8, 22.8, 9999.0, 9999.0, 9999.0, 23.7, 9999.0, 22.14, 9999.0, 22.82, 22.5, 22.36, 22.45, 22.48
2026-09-08, 18:09:15, 22.45, 22.5, 22.8, 22.8, 9999.0, 9999.0, 9999.0, 23.66, 9999.0, 22.11, 9999.0, 22.84, 22.5, 22.36, 22.45, 22.48
2026-09-08, 18:09:20, 22.45, 22.5, 22.8, 22.8, 9999.0, 9999.0, 9999.0, 23.61, 9999.0, 22.14, 9999.0, 22.86, 22.52, 22.34, 22.45, 22.48
2026-09-08, 18:09:24, 22.48, 22.5, 22.8, 22.8, 9999.0, 9999.0, 9999.0, 23.57, 9999.0, 22.16, 9999.0, 22.86, 22.55, 22.34, 22.45, 22.48
2026-09-08, 18:09:28, 22.5, 22.5, 22.8, 22.82, 9999.0, 9999.0, 9999.0, 23.57, 9999.0, 22.16, 9999.0, 22.89, 22.55, 22.32, 22.45, 22.48
2026-09-08, 18:09:32, 22.48, 22.5, 22.8, 22.82, 9999.0, 9999.0, 9999.0, 23.59, 9999.0, 22.16, 9999.0, 22.86, 22.55, 22.32, 22.45, 22.5
2026-09-08, 18:09:36, 22.48, 22.5, 22.8, 22.8, 9999.0, 9999.0, 9999.0, 23.61, 9999.0, 22.16, 9999.0, 22.86, 22.55, 22.32, 22.48, 22.48
2026-09-08, 18:09:40, 22.48, 22.5, 22.8, 22.8, 9999.0, 9999.0, 9999.0, 23.64, 9999.0, 22.18, 9999.0, 22.86, 22.55, 22.3, 22.5, 22.48
2026-09-08, 18:09:44, 22.48, 22.5, 22.8, 22.8, 9999.0, 9999.0, 9999.0, 23.66, 9999.0, 22.18, 9999.0, 22.84, 22.55, 22.3, 22.5, 22.48
2026-09-08, 18:09:48, 22.48, 22.5, 22.8, 22.77, 9999.0, 9999.0, 9999.0, 23.68, 9999.0, 22.18, 9999.0, 22.82, 22.55, 22.27, 22.5, 22.45
2026-09-08, 18:09:52, 22.48, 22.5, 22.77, 22.77, 9999.0, 9999.0, 9999.0, 23.7, 9999.0, 22.16, 9999.0, 22.82, 22.55, 22.27, 22.5, 22.45
2026-09-08, 18:09:56, 22.45, 22.5, 22.75, 22.77, 9999.0, 9999.0, 9999.0, 23.73, 9999.0, 22.14, 9999.0, 22.8, 22.55, 22.27, 22.5, 22.45
2026-09-08, 18:10:00, 22.45, 22.5, 22.75, 22.77, 9999.0, 9999.0, 9999.0, 23.77, 9999.0, 22.14, 9999.0, 22.77, 22.55, 22.27, 22.5, 22.45
2026-09-08, 18:10:04, 22.45, 22.5, 22.75, 22.77, 9999.0, 9999.0, 9999.0, 23.82, 9999.0, 22.09, 9999.0, 22.77, 22.52, 22.3, 22.5, 22.45
2026-09-08, 18:10:08, 22.45, 22.5, 22.75, 22.8, 9999.0, 9999.0, 9999.0, 23.86, 9999.0, 22.05, 9999.0, 22.77, 22.5, 22.32, 22.5, 22.45
2026-09-08, 18:10:12, 22.45, 22.5, 22.75, 22.77, 9999.0, 9999.0, 9999.0, 23.82, 9999.0, 22.02, 9999.0, 22.77, 22.5, 22.32, 22.48, 22.45
2026-09-08, 18:10:16, 22.45, 22.5, 22.75, 22.77, 9999.0, 9999.0, 9999.0, 23.77, 9999.0, 22.05, 9999.0, 22.8, 22.5, 22.34, 22.48, 22.45
2026-09-08, 18:10:20, 22.45, 22.5, 22.75, 22.77, 9999.0, 9999.0, 9999.0, 23.73, 9999.0, 22.05, 9999.0, 22.82, 22.5, 22.36, 22.48, 22.48
2026-09-08, 18:10:24, 22.45, 22.5, 22.75, 22.77, 9999.0, 9999.0, 9999.0, 23.68, 9999.0, 22.05, 9999.0, 22.84, 22.5, 22.36, 22.48, 22.48
2026-09-08, 18:10:28, 22.45, 22.5, 22.75, 22.77, 9999.0, 9999.0, 9999.0, 23.64, 9999.0, 22.07, 9999.0, 22.86, 22.5, 22.34, 22.48, 22.48
2026-09-08, 18:10:32, 22.43, 22.5, 22.75, 22.8, 9999.0, 9999.0, 9999.0, 23.61, 9999.0, 22.09, 9999.0, 22.86, 22.5, 22.34, 22.48, 22.5
2026-09-08, 18:10:36, 22.43, 22.5, 22.75, 22.8, 9999.0, 9999.0, 9999.0, 23.59, 9999.0, 22.14, 9999.0, 22.89, 22.52, 22.34, 22.48, 22.5
2026-09-08, 18:10:40, 22.43, 22.5, 22.77, 22.8, 9999.0, 9999.0, 9999.0, 23.55, 9999.0, 22.18, 9999.0, 22.89, 22.52, 22.36, 22.48, 22.5
2026-09-08, 18:10:44, 22.43, 22.5, 22.77, 22.8, 9999.0, 9999.0, 9999.0, 23.57, 9999.0, 22.2, 9999.0, 22.89, 22.52, 22.39, 22.48, 22.5
2026-09-08, 18:10:48, 22.41, 22.5, 22.77, 22.8, 9999.0, 9999.0, 9999.0, 23.59, 9999.0, 22.23, 9999.0, 22.86, 22.55, 22.36, 22.45, 22.5
2026-09-08, 18:10:52, 22.41, 22.5, 22.77, 22.77, 9999.0, 9999.0, 9999.0, 23.61, 9999.0, 22.25, 9999.0, 22.86, 22.55, 22.34, 22.43, 22.5
2026-09-08, 18:10:56, 22.41, 22.5, 22.77, 22.77, 9999.0, 9999.0, 9999.0, 23.66, 9999.0, 22.27, 9999.0, 22.86, 22.55, 22.34, 22.45, 22.5
2026-09-08, 18:11:00, 22.41, 22.5, 22.77, 22.77, 9999.0, 9999.0, 9999.0, 23.68, 9999.0, 22.25, 9999.0, 22.84, 22.55, 22.32, 22.45, 22.5
2026-09-08, 18:11:04, 22.41, 22.5, 22.77, 22.77, 9999.0, 9999.0, 9999.0, 23.7, 9999.0, 22.25, 9999.0, 22.82, 22.55, 22.3, 22.45, 22.48
2026-09-08, 18:11:08, 22.41, 22.5, 22.77, 22.77, 9999.0, 9999.0, 9999.0, 23.73, 9999.0, 22.23, 9999.0, 22.8, 22.55, 22.32, 22.45, 22.48
2026-09-08, 18:11:12, 22.41, 22.5, 22.77, 22.77, 9999.0, 9999.0, 9999.0, 23.75, 9999.0, 22.23, 9999.0, 22.77, 22.55, 22.34, 22.45, 22.48
2026-09-08, 18:11:16, 22.43, 22.5, 22.77, 22.75, 9999.0, 9999.0, 9999.0, 23.77, 9999.0, 22.23, 9999.0, 22.77, 22.55, 22.34, 22.45, 22.48
2026-09-08, 18:11:20, 22.41, 22.5, 22.77, 22.77, 9999.0, 9999.0, 9999.0, 23.8, 9999.0, 22.2, 9999.0, 22.77, 22.52, 22.34, 22.45, 22.48
2026-09-08, 18:11:24, 22.41, 22.5, 22.75, 22.77, 9999.0, 9999.0, 9999.0, 23.84, 9999.0, 22.18, 9999.0, 22.77, 22.52, 22.32, 22.45, 22.48
2026-09-08, 18:11:28, 22.39, 22.5, 22.77, 22.77, 9999.0, 9999.0, 9999.0, 23.8, 9999.0, 22.16, 9999.0, 22.8, 22.52, 22.32, 22.43, 22.48
2026-09-08, 18:11:32, 22.39, 22.5, 22.77, 22.8, 9999.0, 9999.0, 9999.0, 23.75, 9999.0, 22.14, 9999.0, 22.82, 22.5, 22.34, 22.45, 22.48
2026-09-08, 18:11:36, 22.39, 22.5, 22.77, 22.8, 9999.0, 9999.0, 9999.0, 23.7, 9999.0, 22.11, 9999.0, 22.84, 22.5, 22.36, 22.48, 22.48
2026-09-08, 18:11:40, 22.39, 22.5, 22.77, 22.82, 9999.0, 9999.0, 9999.0, 23.66, 9999.0, 22.11, 9999.0, 22.86, 22.5, 22.36, 22.48, 22.48
2026-09-08, 18:11:44, 22.39, 22.5, 22.77, 22.84, 9999.0, 9999.0, 9999.0, 23.64, 9999.0, 22.14, 9999.0, 22.86, 22.5, 22.36, 22.48, 22.48
2026-09-08, 18:11:48, 22.39, 22.5, 22.8, 22.84, 9999.0, 9999.0, 9999.0, 23.61, 9999.0, 22.16, 9999.0, 22.86, 22.52, 22.36, 22.48, 22.5
2026-09-08, 18:11:52, 22.36, 22.5, 22.8, 22.86, 9999.0, 9999.0, 9999.0, 23.57, 9999.0, 22.2, 9999.0, 22.86, 22.55, 22.36, 22.48, 22.5
2026-09-08, 18:11:56, 22.36, 22.5, 22.8, 22.89, 9999.0, 9999.0, 9999.0, 23.52, 9999.0, 22.23, 9999.0, 22.86, 22.55, 22.34, 22.48, 22.5
2026-09-08, 18:12:00, 22.36, 22.5, 22.8, 22.89, 9999.0, 9999.0, 9999.0, 23.57, 9999.0, 22.23, 9999.0, 22.86, 22.55, 22.34, 22.48, 22.5
2026-09-08, 18:12:04, 22.36, 22.5, 22.8, 22.86, 9999.0, 9999.0, 9999.0, 23.59, 9999.0, 22.23, 9999.0, 22.84, 22.55, 22.34, 22.48, 22.5
2026-09-08, 18:12:08, 22.39, 22.5, 22.8, 22.86, 9999.0, 9999.0, 9999.0, 23.61, 9999.0, 22.23, 9999.0, 22.84, 22.55, 22.34, 22.48, 22.5
2026-09-08, 18:12:12, 22.39, 22.5, 22.8, 22.89, 9999.0, 9999.0, 9999.0, 23.66, 9999.0, 22.25, 9999.0, 22.82, 22.57, 22.32, 22.5, 22.5
2026-09-08, 18:12:16, 22.39, 22.5, 22.8, 22.86, 9999.0, 9999.0, 9999.0, 23.7, 9999.0, 22.27, 9999.0, 22.8, 22.57, 22.3, 22.5, 22.5
2026-09-08, 18:12:20, 22.39, 22.5, 22.8, 22.86, 9999.0, 9999.0, 9999.0, 23.73, 9999.0, 22.3, 9999.0, 22.77, 22.57, 22.27, 22.5, 22.5
2026-09-08, 18:12:24, 22.39, 22.5, 22.8, 22.84, 9999.0, 9999.0, 9999.0, 23.75, 9999.0, 22.3, 9999.0, 22.75, 22.57, 22.3, 22.5, 22.5
2026-09-08, 18:12:28, 22.41, 22.5, 22.8, 22.82, 9999.0, 9999.0, 9999.0, 23.77, 9999.0, 22.3, 9999.0, 22.75, 22.57, 22.3, 22.5, 22.5
2026-09-08, 18:12:32, 22.39, 22.5, 22.77, 22.82, 9999.0, 9999.0, 9999.0, 23.8, 9999.0, 22.3, 9999.0, 22.75, 22.55, 22.3, 22.5, 22.5
2026-09-08, 18:12:36, 22.41, 22.5, 22.77, 22.8, 9999.0, 9999.0, 9999.0, 23.84, 9999.0, 22.27, 9999.0, 22.75, 22.52, 22.27, 22.5, 22.5
2026-09-08, 18:12:40, 22.41, 22.5, 22.77, 22.77, 9999.0, 9999.0, 9999.0, 23.89, 9999.0, 22.23, 9999.0, 22.75, 22.52, 22.27, 22.5, 22.5
2026-09-08, 18:12:44, 22.41, 22.5, 22.77, 22.77, 9999.0, 9999.0, 9999.0, 23.84, 9999.0, 22.2, 9999.0, 22.75, 22.52, 22.27, 22.5, 22.5
2026-09-08, 18:12:48, 22.43, 22.5, 22.8, 22.77, 9999.0, 9999.0, 9999.0, 23.82, 9999.0, 22.18, 9999.0, 22.77, 22.52, 22.27, 22.5, 22.5
2026-09-08, 18:12:52, 22.43, 22.5, 22.8, 22.77, 9999.0, 9999.0, 9999.0, 23.8, 9999.0, 22.16, 9999.0, 22.8, 22.52, 22.3, 22.5, 22.5
2026-09-08, 18:12:56, 22.45, 22.5, 22.77, 22.75, 9999.0, 9999.0, 9999.0, 23.75, 9999.0, 22.18, 9999.0, 22.82, 22.52, 22.3, 22.5, 22.5
2026-09-08, 18:13:00, 22.48, 22.5, 22.77, 22.75, 9999.0, 9999.0, 9999.0, 23.7, 9999.0, 22.18, 9999.0, 22.84, 22.52, 22.3, 22.5, 22.5
2026-09-08, 18:13:04, 22.48, 22.5, 22.77, 22.75, 9999.0, 9999.0, 9999.0, 23.68, 9999.0, 22.18, 9999.0, 22.84, 22.55, 22.32, 22.5, 22.5
2026-09-08, 18:13:09, 22.48, 22.5, 22.8, 22.77, 9999.0, 9999.0, 9999.0, 23.64, 9999.0, 22.2, 9999.0, 22.84, 22.55, 22.32, 22.5, 22.5
2026-09-08, 18:13:13, 22.48, 22.5, 22.8, 22.8, 9999.0, 9999.0, 9999.0, 23.59, 9999.0, 22.23, 9999.0, 22.84, 22.55, 22.32, 22.5, 22.5
2026-09-08, 18:13:17, 22.48, 22.5, 22.8, 22.8, 9999.0, 9999.0, 9999.0, 23.61, 9999.0, 22.25, 9999.0, 22.84, 22.57, 22.32, 22.5, 22.5
2026-09-08, 18:13:21, 22.48, 22.5, 22.8, 22.8, 9999.0, 9999.0, 9999.0, 23.64, 9999.0, 22.27, 9999.0, 22.84, 22.59, 22.32, 22.5, 22.5
2026-09-08, 18:13:25, 22.48, 22.5, 22.8, 22.8, 9999.0, 9999.0, 9999.0, 23.66, 9999.0, 22.3, 9999.0, 22.84, 22.61, 22.32, 22.5, 22.5
2026-09-08, 18:13:29, 22.48, 22.5, 22.8, 22.8, 9999.0, 9999.0, 9999.0, 23.68, 9999.0, 22.34, 9999.0, 22.84, 22.64, 22.32, 22.5, 22.5
2026-09-08, 18:13:33, 22.48, 22.5, 22.77, 22.8, 9999.0, 9999.0, 9999.0, 23.7, 9999.0, 22.36, 9999.0, 22.82, 22.64, 22.32, 22.5, 22.5
2026-09-08, 18:13:37, 22.48, 22.5, 22.77, 22.8, 9999.0, 9999.0, 9999.0, 23.7, 9999.0, 22.39, 9999.0, 22.8, 22.64, 22.32, 22.5, 22.5
2026-09-08, 18:13:41, 22.48, 22.5, 22.77, 22.8, 9999.0, 9999.0, 9999.0, 23.73, 9999.0, 22.36, 9999.0, 22.77, 22.61, 22.32, 22.5, 22.5
2026-09-08, 18:13:45, 22.48, 22.5, 22.77, 22.82, 9999.0, 9999.0, 9999.0, 23.75, 9999.0, 22.36, 9999.0, 22.75, 22.61, 22.34, 22.5, 22.5
2026-09-08, 18:13:49, 22.45, 22.5, 22.77, 22.82, 9999.0, 9999.0, 9999.0, 23.77, 9999.0, 22.36, 9999.0, 22.75, 22.59, 22.34, 22.5, 22.5
2026-09-08, 18:13:53, 22.43, 22.5, 22.75, 22.8, 9999.0, 9999.0, 9999.0, 23.82, 9999.0, 22.34, 9999.0, 22.77, 22.59, 22.32, 22.5, 22.5
2026-09-08, 18:13:57, 22.43, 22.5, 22.75, 22.77, 9999.0, 9999.0, 9999.0, 23.86, 9999.0, 22.32, 9999.0, 22.77, 22.59, 22.32, 22.5, 22.5
2026-09-08, 18:14:01, 22.43, 22.5, 22.75, 22.77, 9999.0, 9999.0, 9999.0, 23.84, 9999.0, 22.3, 9999.0, 22.77, 22.57, 22.32, 22.5, 22.5
2026-09-08, 18:14:05, 22.43, 22.5, 22.75, 22.77, 9999.0, 9999.0, 9999.0, 23.82, 9999.0, 22.27, 9999.0, 22.8, 22.55, 22.32, 22.5, 22.5
2026-09-08, 18:14:09, 22.43, 22.5, 22.75, 22.77, 9999.0, 9999.0, 9999.0, 23.77, 9999.0, 22.25, 9999.0, 22.82, 22.52, 22.32, 22.5, 22.5
2026-09-08, 18:14:13, 22.41, 22.5, 22.75, 22.8, 9999.0, 9999.0, 9999.0, 23.75, 9999.0, 22.25, 9999.0, 22.84, 22.5, 22.34, 22.5, 22.5
2026-09-08, 18:14:17, 22.41, 22.5, 22.75, 22.8, 9999.0, 9999.0, 9999.0, 23.7, 9999.0, 22.25, 9999.0, 22.84, 22.5, 22.36, 22.5, 22.5
2026-09-08, 18:14:21, 22.41, 22.5, 22.75, 22.8, 9999.0, 9999.0, 9999.0, 23.68, 9999.0, 22.25, 9999.0, 22.84, 22.5, 22.36, 22.5, 22.5
2026-09-08, 18:14:25, 22.41, 22.5, 22.75, 22.8, 9999.0, 9999.0, 9999.0, 23.66, 9999.0, 22.27, 9999.0, 22.84, 22.5, 22.39, 22.5, 22.5
2026-09-08, 18:14:29, 22.41, 22.5, 22.75, 22.77, 9999.0, 9999.0, 9999.0, 23.64, 9999.0, 22.3, 9999.0, 22.86, 22.5, 22.36, 22.5, 22.5
2026-09-08, 18:14:33, 22.43, 22.5, 22.75, 22.77, 9999.0, 9999.0, 9999.0, 23.68, 9999.0, 22.32, 9999.0, 22.86, 22.5, 22.34, 22.5, 22.5
2026-09-08, 18:14:37, 22.45, 22.5, 22.75, 22.77, 9999.0, 9999.0, 9999.0, 23.73, 9999.0, 22.34, 9999.0, 22.84, 22.5, 22.36, 22.5, 22.5
2026-09-08, 18:14:41, 22.43, 22.5, 22.75, 22.77, 9999.0, 9999.0, 9999.0, 23.77, 9999.0, 22.36, 9999.0, 22.84, 22.5, 22.36, 22.5, 22.5
2026-09-08, 18:14:45, 22.45, 22.5, 22.75, 22.8, 9999.0, 9999.0, 9999.0, 23.8, 9999.0, 22.36, 9999.0, 22.84, 22.5, 22.36, 22.5, 22.5
2026-09-08, 18:14:49, 22.45, 22.5, 22.75, 22.8, 9999.0, 9999.0, 9999.0, 23.82, 9999.0, 22.36, 9999.0, 22.82, 22.5, 22.36, 22.5, 22.5
2026-09-08, 18:14:53, 22.45, 22.5, 22.75, 22.8, 9999.0, 9999.0, 9999.0, 23.86, 9999.0, 22.39, 9999.0, 22.8, 22.5, 22.39, 22.5, 22.5
2026-09-08, 18:14:57, 22.48, 22.5, 22.75, 22.77, 9999.0, 9999.0, 9999.0, 23.86, 9999.0, 22.36, 9999.0, 22.77, 22.5, 22.36, 22.5, 22.5
2026-09-08, 18:15:01, 22.45, 22.5, 22.75, 22.77, 9999.0, 9999.0, 9999.0, 23.89, 9999.0, 22.36, 9999.0, 22.75, 22.5, 22.36, 22.5, 22.5
2026-09-08, 18:15:05, 22.45, 22.5, 22.75, 22.77, 9999.0, 9999.0, 9999.0, 23.93, 9999.0, 22.36, 9999.0, 22.75, 22.5, 22.34, 22.5, 22.5
2026-09-08, 18:15:09, 22.45, 22.5, 22.75, 22.77, 9999.0, 9999.0, 9999.0, 23.95, 9999.0, 22.34, 9999.0, 22.75, 22.5, 22.32, 22.5, 22.5
2026-09-08, 18:15:13, 22.45, 22.5, 22.75, 22.77, 9999.0, 9999.0, 9999.0, 23.98, 9999.0, 22.32, 9999.0, 22.73, 22.5, 22.32, 22.5, 22.5
2026-09-08, 18:15:17, 22.43, 22.5, 22.75, 22.77, 9999.0, 9999.0, 9999.0, 23.93, 9999.0, 22.3, 9999.0, 22.73, 22.5, 22.32, 22.48, 22.5
2026-09-08, 18:15:21, 22.43, 22.5, 22.75, 22.77, 9999.0, 9999.0, 9999.0, 23.89, 9999.0, 22.27, 9999.0, 22.75, 22.5, 22.3, 22.48, 22.5
2026-09-08, 18:15:25, 22.45, 22.5, 22.75, 22.77, 9999.0, 9999.0, 9999.0, 23.84, 9999.0, 22.25, 9999.0, 22.77, 22.5, 22.3, 22.48, 22.5
2026-09-08, 18:15:29, 22.45, 22.5, 22.75, 22.75, 9999.0, 9999.0, 9999.0, 23.8, 9999.0, 22.27, 9999.0, 22.8, 22.5, 22.3, 22.48, 22.5
2026-09-08, 18:15:33, 22.45, 22.5, 22.75, 22.75, 9999.0, 9999.0, 9999.0, 23.75, 9999.0, 22.3, 9999.0, 22.82, 22.5, 22.32, 22.48, 22.5
2026-09-08, 18:15:37, 22.45, 22.5, 22.75, 22.75, 9999.0, 9999.0, 9999.0, 23.7, 9999.0, 22.32, 9999.0, 22.82, 22.5, 22.3, 22.48, 22.5
2026-09-08, 18:15:41, 22.45, 22.5, 22.75, 22.75, 9999.0, 9999.0, 9999.0, 23.68, 9999.0, 22.34, 9999.0, 22.82, 22.5, 22.32, 22.48, 22.5
2026-09-08, 18:15:45, 22.48, 22.5, 22.75, 22.75, 9999.0, 9999.0, 9999.0, 23.66, 9999.0, 22.36, 9999.0, 22.84, 22.5, 22.32, 22.48, 22.5
2026-09-08, 18:15:49, 22.48, 22.5, 22.75, 22.75, 9999.0, 9999.0, 9999.0, 23.68, 9999.0, 22.39, 9999.0, 22.84, 22.5, 22.32, 22.48, 22.5
2026-09-08, 18:15:53, 22.48, 22.5, 22.75, 22.75, 9999.0, 9999.0, 9999.0, 23.73, 9999.0, 22.41, 9999.0, 22.84, 22.5, 22.34, 22.48, 22.5
2026-09-08, 18:15:57, 22.48, 22.5, 22.77, 22.75, 9999.0, 9999.0, 9999.0, 23.77, 9999.0, 22.43, 9999.0, 22.84, 22.5, 22.34, 22.48, 22.5
2026-09-08, 18:16:01, 22.5, 22.5, 22.77, 22.75, 9999.0, 9999.0, 9999.0, 23.8, 9999.0, 22.45, 9999.0, 22.84, 22.5, 22.36, 22.5, 22.5
2026-09-08, 18:16:05, 22.5, 22.5, 22.77, 22.75, 9999.0, 9999.0, 9999.0, 23.82, 9999.0, 22.48, 9999.0, 22.82, 22.5, 22.36, 22.5, 22.5
2026-09-08, 18:16:09, 22.5, 22.5, 22.77, 22.75, 9999.0, 9999.0, 9999.0, 23.84, 9999.0, 22.48, 9999.0, 22.8, 22.5, 22.39, 22.5, 22.5
2026-09-08, 18:16:13, 22.5, 22.5, 22.77, 22.75, 9999.0, 9999.0, 9999.0, 23.89, 9999.0, 22.48, 9999.0, 22.77, 22.5, 22.39, 22.5, 22.5
2026-09-08, 18:16:17, 22.5, 22.5, 22.77, 22.75, 9999.0, 9999.0, 9999.0, 23.91, 9999.0, 22.48, 9999.0, 22.75, 22.5, 22.36, 22.5, 22.5
2026-09-08, 18:16:21, 22.5, 22.5, 22.77, 22.75, 9999.0, 9999.0, 9999.0, 23.95, 9999.0, 22.45, 9999.0, 22.75, 22.5, 22.39, 22.5, 22.48
2026-09-08, 18:16:25, 22.5, 22.5, 22.77, 22.75, 9999.0, 9999.0, 9999.0, 23.98, 9999.0, 22.45, 9999.0, 22.75, 22.5, 22.36, 22.5, 22.48
2026-09-08, 18:16:29, 22.5, 22.5, 22.8, 22.75, 9999.0, 9999.0, 9999.0, 24.0, 9999.0, 22.43, 9999.0, 22.77, 22.5, 22.36, 22.5, 22.48
2026-09-08, 18:16:33, 22.5, 22.5, 22.8, 22.75, 9999.0, 9999.0, 9999.0, 23.95, 9999.0, 22.43, 9999.0, 22.77, 22.5, 22.36, 22.5, 22.48
2026-09-08, 18:16:37, 22.5, 22.5, 22.8, 22.77, 9999.0, 9999.0, 9999.0, 23.91, 9999.0, 22.43, 9999.0, 22.8, 22.52, 22.34, 22.5, 22.48
2026-09-08, 18:16:41, 22.5, 22.5, 22.77, 22.8, 9999.0, 9999.0, 9999.0, 23.84, 9999.0, 22.41, 9999.0, 22.82, 22.52, 22.34, 22.5, 22.48
2026-09-08, 18:16:45, 22.5, 22.5, 22.77, 22.8, 9999.0, 9999.0, 9999.0, 23.82, 9999.0, 22.41, 9999.0, 22.84, 22.52, 22.32, 22.5, 22.48
2026-09-08, 18:16:50, 22.5, 22.5, 22.77, 22.8, 9999.0, 9999.0, 9999.0, 23.8, 9999.0, 22.41, 9999.0, 22.86, 22.52, 22.32, 22.5, 22.48
2026-09-08, 18:16:54, 22.5, 22.5, 22.77, 22.8, 9999.0, 9999.0, 9999.0, 23.77, 9999.0, 22.43, 9999.0, 22.86, 22.55, 22.3, 22.5, 22.48
2026-09-08, 18:16:58, 22.5, 22.5, 22.77, 22.8, 9999.0, 9999.0, 9999.0, 23.73, 9999.0, 22.45, 9999.0, 22.86, 22.57, 22.3, 22.5, 22.48
2026-09-08, 18:17:02, 22.5, 22.5, 22.77, 22.8, 9999.0, 9999.0, 9999.0, 23.7, 9999.0, 22.48, 9999.0, 22.86, 22.57, 22.3, 22.5, 22.48
2026-09-08, 18:17:06, 22.5, 22.5, 22.77, 22.8, 9999.0, 9999.0, 9999.0, 23.73, 9999.0, 22.52, 9999.0, 22.86, 22.57, 22.3, 22.5, 22.5
2026-09-08, 18:17:10, 22.5, 22.5, 22.77, 22.8, 9999.0, 9999.0, 9999.0, 23.77, 9999.0, 22.55, 9999.0, 22.86, 22.57, 22.32, 22.5, 22.5
2026-09-08, 18:17:14, 22.5, 22.5, 22.75, 22.82, 9999.0, 9999.0, 9999.0, 23.82, 9999.0, 22.59, 9999.0, 22.84, 22.59, 22.3, 22.5, 22.5
2026-09-08, 18:17:18, 22.5, 22.5, 22.75, 22.82, 9999.0, 9999.0, 9999.0, 23.86, 9999.0, 22.59, 9999.0, 22.84, 22.61, 22.3, 22.5, 22.5
2026-09-08, 18:17:22, 22.5, 22.5, 22.75, 22.8, 9999.0, 9999.0, 9999.0, 23.89, 9999.0, 22.59, 9999.0, 22.82, 22.59, 22.32, 22.5, 22.5
2026-09-08, 18:17:26, 22.5, 22.5, 22.75, 22.77, 9999.0, 9999.0, 9999.0, 23.93, 9999.0, 22.61, 9999.0, 22.8, 22.59, 22.34, 22.5, 22.5
2026-09-08, 18:17:30, 22.5, 22.5, 22.75, 22.77, 9999.0, 9999.0, 9999.0, 23.95, 9999.0, 22.61, 9999.0, 22.77, 22.59, 22.34, 22.5, 22.5
2026-09-08, 18:17:34, 22.5, 22.5, 22.75, 22.77, 9999.0, 9999.0, 9999.0, 23.98, 9999.0, 22.61, 9999.0, 22.73, 22.59, 22.34, 22.5, 22.5
2026-09-08, 18:17:38, 22.5, 22.5, 22.75, 22.77, 9999.0, 9999.0, 9999.0, 24.0, 9999.0, 22.61, 9999.0, 22.73, 22.57, 22.34, 22.5, 22.5
2026-09-08, 18:17:42, 22.5, 22.5, 22.75, 22.77, 9999.0, 9999.0, 9999.0, 24.05, 9999.0, 22.59, 9999.0, 22.73, 22.55, 22.34, 22.5, 22.5
2026-09-08, 18:17:46, 22.5, 22.5, 22.75, 22.8, 9999.0, 9999.0, 9999.0, 24.07, 9999.0, 22.57, 9999.0, 22.73, 22.55, 22.34, 22.48, 22.5
2026-09-08, 18:17:50, 22.5, 22.5, 22.75, 22.8, 9999.0, 9999.0, 9999.0, 24.02, 9999.0, 22.55, 9999.0, 22.73, 22.55, 22.32, 22.48, 22.5
2026-09-08, 18:17:54, 22.5, 22.5, 22.75, 22.8, 9999.0, 9999.0, 9999.0, 23.98, 9999.0, 22.52, 9999.0, 22.75, 22.55, 22.32, 22.48, 22.5
2026-09-08, 18:17:58, 22.5, 22.5, 22.75, 22.77, 9999.0, 9999.0, 9999.0, 23.93, 9999.0, 22.5, 9999.0, 22.77, 22.52, 22.34, 22.48, 22.5
2026-09-08, 18:18:02, 22.5, 22.5, 22.77, 22.77, 9999.0, 9999.0, 9999.0, 23.89, 9999.0, 22.52, 9999.0, 22.8, 22.5, 22.36, 22.48, 22.5
2026-09-08, 18:18:06, 22.5, 22.5, 22.77, 22.77, 9999.0, 9999.0, 9999.0, 23.84, 9999.0, 22.55, 9999.0, 22.8, 22.5, 22.34, 22.48, 22.5
2026-09-08, 18:18:10, 22.5, 22.5, 22.77, 22.77, 9999.0, 9999.0, 9999.0, 23.8, 9999.0, 22.57, 9999.0, 22.8, 22.5, 22.32, 22.48, 22.5
2026-09-08, 18:18:14, 22.5, 22.5, 22.77, 22.77, 9999.0, 9999.0, 9999.0, 23.75, 9999.0, 22.59, 9999.0, 22.8, 22.5, 22.32, 22.48, 22.5
2026-09-08, 18:18:18, 22.5, 22.52, 22.77, 22.77, 9999.0, 9999.0, 9999.0, 23.7, 9999.0, 22.61, 9999.0, 22.82, 22.5, 22.32, 22.48, 22.5
2026-09-08, 18:18:22, 22.5, 22.52, 22.77, 22.77, 9999.0, 9999.0, 9999.0, 23.73, 9999.0, 22.64, 9999.0, 22.82, 22.5, 22.34, 22.48, 22.5
2026-09-08, 18:18:26, 22.5, 22.52, 22.8, 22.77, 9999.0, 9999.0, 9999.0, 23.75, 9999.0, 22.66, 9999.0, 22.82, 22.5, 22.34, 22.48, 22.5
2026-09-08, 18:18:30, 22.5, 22.52, 22.8, 22.77, 9999.0, 9999.0, 9999.0, 23.8, 9999.0, 22.68, 9999.0, 22.82, 22.5, 22.34, 22.5, 22.5
2026-09-08, 18:18:34, 22.5, 22.52, 22.8, 22.77, 9999.0, 9999.0, 9999.0, 23.84, 9999.0, 22.68, 9999.0, 22.82, 22.5, 22.34, 22.5, 22.5
2026-09-08, 18:18:38, 22.5, 22.52, 22.8, 22.77, 9999.0, 9999.0, 9999.0, 23.89, 9999.0, 22.68, 9999.0, 22.8, 22.5, 22.32, 22.5, 22.5
2026-09-08, 18:18:42, 22.48, 22.52, 22.8, 22.8, 9999.0, 9999.0, 9999.0, 23.91, 9999.0, 22.68, 9999.0, 22.77, 22.5, 22.3, 22.5, 22.5
2026-09-08, 18:18:46, 22.48, 22.52, 22.77, 22.8, 9999.0, 9999.0, 9999.0, 23.93, 9999.0, 22.66, 9999.0, 22.75, 22.5, 22.27, 22.5, 22.5
2026-09-08, 18:18:50, 22.48, 22.52, 22.77, 22.8, 9999.0, 9999.0, 9999.0, 23.98, 9999.0, 22.64, 9999.0, 22.75, 22.5, 22.27, 22.5, 22.5
2026-09-08, 18:18:54, 22.48, 22.52, 22.77, 22.8, 9999.0, 9999.0, 9999.0, 24.02, 9999.0, 22.64, 9999.0, 22.75, 22.5, 22.27, 22.5, 22.5
2026-09-08, 18:18:58, 22.48, 22.52, 22.8, 22.8, 9999.0, 9999.0, 9999.0, 24.07, 9999.0, 22.61, 9999.0, 22.77, 22.5, 22.27, 22.5, 22.5
2026-09-08, 18:19:02, 22.48, 22.5, 22.8, 22.8, 9999.0, 9999.0, 9999.0, 24.11, 9999.0, 22.59, 9999.0, 22.77, 22.5, 22.27, 22.5, 22.5
2026-09-08, 18:19:06, 22.48, 22.5, 22.8, 22.8, 9999.0, 9999.0, 9999.0, 24.09, 9999.0, 22.57, 9999.0, 22.77, 22.5, 22.27, 22.5, 22.5
2026-09-08, 18:19:10, 22.48, 22.5, 22.77, 22.8, 9999.0, 9999.0, 9999.0, 24.05, 9999.0, 22.55, 9999.0, 22.8, 22.5, 22.3, 22.5, 22.5
2026-09-08, 18:19:14, 22.45, 22.5, 22.77, 22.77, 9999.0, 9999.0, 9999.0, 24.0, 9999.0, 22.52, 9999.0, 22.8, 22.5, 22.3, 22.5, 22.5
2026-09-08, 18:19:18, 22.43, 22.5, 22.77, 22.77, 9999.0, 9999.0, 9999.0, 23.95, 9999.0, 22.55, 9999.0, 22.8, 22.5, 22.3, 22.5, 22.5
2026-09-08, 18:19:22, 22.43, 22.5, 22.77, 22.77, 9999.0, 9999.0, 9999.0, 23.91, 9999.0, 22.57, 9999.0, 22.82, 22.5, 22.3, 22.5, 22.5
2026-09-08, 18:19:26, 22.45, 22.5, 22.77, 22.75, 9999.0, 9999.0, 9999.0, 23.89, 9999.0, 22.59, 9999.0, 22.82, 22.52, 22.3, 22.5, 22.5
2026-09-08, 18:19:30, 22.45, 22.5, 22.77, 22.75, 9999.0, 9999.0, 9999.0, 23.86, 9999.0, 22.61, 9999.0, 22.82, 22.52, 22.3, 22.5, 22.5
2026-09-08, 18:19:34, 22.45, 22.5, 22.77, 22.75, 9999.0, 9999.0, 9999.0, 23.82, 9999.0, 22.64, 9999.0, 22.82, 22.52, 22.3, 22.5, 22.5
2026-09-08, 18:19:38, 22.45, 22.5, 22.77, 22.75, 9999.0, 9999.0, 9999.0, 23.86, 9999.0, 22.64, 9999.0, 22.82, 22.52, 22.3, 22.5, 22.48
2026-09-08, 18:19:42, 22.45, 22.5, 22.75, 22.75, 9999.0, 9999.0, 9999.0, 23.89, 9999.0, 22.66, 9999.0, 22.8, 22.52, 22.32, 22.5, 22.48
2026-09-08, 18:19:46, 22.45, 22.5, 22.75, 22.75, 9999.0, 9999.0, 9999.0, 23.93, 9999.0, 22.68, 9999.0, 22.8, 22.52, 22.32, 22.5, 22.48
2026-09-08, 18:19:50, 22.45, 22.5, 22.75, 22.75, 9999.0, 9999.0, 9999.0, 23.95, 9999.0, 22.7, 9999.0, 22.8, 22.52, 22.3, 22.48, 22.48
2026-09-08, 18:19:54, 22.45, 22.5, 22.75, 22.75, 9999.0, 9999.0, 9999.0, 24.0, 9999.0, 22.73, 9999.0, 22.77, 22.52, 22.27, 22.48, 22.48
2026-09-08, 18:19:58, 22.48, 22.5, 22.75, 22.75, 9999.0, 9999.0, 9999.0, 24.05, 9999.0, 22.75, 9999.0, 22.77, 22.52, 22.27, 22.48, 22.48
2026-09-08, 18:20:02, 22.5, 22.5, 22.75, 22.75, 9999.0, 9999.0, 9999.0, 24.07, 9999.0, 22.75, 9999.0, 22.77, 22.52, 22.27, 22.48, 22.48
2026-09-08, 18:20:06, 22.5, 22.5, 22.75, 22.75, 9999.0, 9999.0, 9999.0, 24.09, 9999.0, 22.75, 9999.0, 22.75, 22.52, 22.3, 22.48, 22.48
2026-09-08, 18:20:10, 22.5, 22.5, 22.75, 22.75, 9999.0, 9999.0, 9999.0, 24.11, 9999.0, 22.73, 9999.0, 22.75, 22.5, 22.3, 22.48, 22.48
2026-09-08, 18:20:14, 22.5, 22.5, 22.75, 22.75, 9999.0, 9999.0, 9999.0, 24.14, 9999.0, 22.73, 9999.0, 22.75, 22.5, 22.3, 22.48, 22.48
2026-09-08, 18:20:18, 22.5, 22.5, 22.77, 22.75, 9999.0, 9999.0, 9999.0, 24.18, 9999.0, 22.7, 9999.0, 22.75, 22.5, 22.3, 22.48, 22.48
2026-09-08, 18:20:22, 22.5, 22.5, 22.77, 22.75, 9999.0, 9999.0, 9999.0, 24.14, 9999.0, 22.68, 9999.0, 22.75, 22.5, 22.3, 22.48, 22.5
2026-09-08, 18:20:26, 22.5, 22.5, 22.77, 22.75, 9999.0, 9999.0, 9999.0, 24.11, 9999.0, 22.66, 9999.0, 22.77, 22.5, 22.27, 22.48, 22.5
2026-09-08, 18:20:31, 22.5, 22.5, 22.77, 22.75, 9999.0, 9999.0, 9999.0, 24.05, 9999.0, 22.64, 9999.0, 22.8, 22.5, 22.27, 22.48, 22.5
2026-09-08, 18:20:35, 22.5, 22.5, 22.77, 22.75, 9999.0, 9999.0, 9999.0, 24.0, 9999.0, 22.64, 9999.0, 22.8, 22.5, 22.3, 22.5, 22.5
2026-09-08, 18:20:39, 22.5, 22.5, 22.8, 22.77, 9999.0, 9999.0, 9999.0, 23.95, 9999.0, 22.64, 9999.0, 22.8, 22.5, 22.3, 22.5, 22.5
2026-09-08, 18:20:43, 22.5, 22.5, 22.8, 22.8, 9999.0, 9999.0, 9999.0, 23.91, 9999.0, 22.66, 9999.0, 22.8, 22.5, 22.3, 22.5, 22.5
2026-09-08, 18:20:47, 22.5, 22.5, 22.82, 22.8, 9999.0, 9999.0, 9999.0, 23.89, 9999.0, 22.68, 9999.0, 22.82, 22.5, 22.32, 22.5, 22.5
2026-09-08, 18:20:51, 22.5, 22.5, 22.82, 22.8, 9999.0, 9999.0, 9999.0, 23.86, 9999.0, 22.68, 9999.0, 22.82, 22.5, 22.3, 22.5, 22.5
2026-09-08, 18:20:55, 22.5, 22.5, 22.82, 22.8, 9999.0, 9999.0, 9999.0, 23.91, 9999.0, 22.7, 9999.0, 22.82, 22.5, 22.32, 22.5, 22.5
2026-09-08, 18:20:59, 22.5, 22.5, 22.82, 22.8, 9999.0, 9999.0, 9999.0, 23.95, 9999.0, 22.7, 9999.0, 22.82, 22.5, 22.32, 22.5, 22.5
2026-09-08, 18:21:03, 22.5, 22.5, 22.8, 22.8, 9999.0, 9999.0, 9999.0, 23.98, 9999.0, 22.73, 9999.0, 22.82, 22.5, 22.32, 22.5, 22.5
2026-09-08, 18:21:07, 22.5, 22.5, 22.8, 22.8, 9999.0, 9999.0, 9999.0, 24.0, 9999.0, 22.75, 9999.0, 22.82, 22.5, 22.32, 22.5, 22.5
2026-09-08, 18:21:11, 22.5, 22.5, 22.8, 22.8, 9999.0, 9999.0, 9999.0, 24.02, 9999.0, 22.77, 9999.0, 22.8, 22.5, 22.32, 22.5, 22.5
2026-09-08, 18:21:15, 22.5, 22.5, 22.8, 22.8, 9999.0, 9999.0, 9999.0, 24.07, 9999.0, 22.8, 9999.0, 22.75, 22.5, 22.34, 22.5, 22.5
2026-09-08, 18:21:19, 22.5, 22.5, 22.8, 22.8, 9999.0, 9999.0, 9999.0, 24.09, 9999.0, 22.8, 9999.0, 22.75, 22.5, 22.34, 22.5, 22.5
2026-09-08, 18:21:23, 22.5, 22.5, 22.77, 22.77, 9999.0, 9999.0, 9999.0, 24.11, 9999.0, 22.8, 9999.0, 22.75, 22.5, 22.36, 22.5, 22.48
2026-09-08, 18:21:27, 22.5, 22.5, 22.77, 22.75, 9999.0, 9999.0, 9999.0, 24.14, 9999.0, 22.77, 9999.0, 22.73, 22.5, 22.36, 22.5, 22.45
2026-09-08, 18:21:31, 22.5, 22.5, 22.75, 22.75, 9999.0, 9999.0, 9999.0, 24.16, 9999.0, 22.75, 9999.0, 22.7, 22.5, 22.34, 22.5, 22.45
2026-09-08, 18:21:35, 22.5, 22.5, 22.75, 22.75, 9999.0, 9999.0, 9999.0, 24.16, 9999.0, 22.75, 9999.0, 22.7, 22.5, 22.34, 22.5, 22.45
2026-09-08, 18:21:39, 22.5, 22.5, 22.75, 22.75, 9999.0, 9999.0, 9999.0, 24.11, 9999.0, 22.75, 9999.0, 22.73, 22.5, 22.32, 22.5, 22.45
2026-09-08, 18:21:43, 22.5, 22.5, 22.75, 22.75, 9999.0, 9999.0, 9999.0, 24.07, 9999.0, 22.73, 9999.0, 22.75, 22.5, 22.32, 22.5, 22.45
2026-09-08, 18:21:47, 22.5, 22.5, 22.75, 22.75, 9999.0, 9999.0, 9999.0, 24.02, 9999.0, 22.7, 9999.0, 22.75, 22.5, 22.32, 22.5, 22.43
2026-09-08, 18:21:51, 22.5, 22.5, 22.75, 22.75, 9999.0, 9999.0, 9999.0, 23.98, 9999.0, 22.73, 9999.0, 22.75, 22.5, 22.32, 22.5, 22.43
2026-09-08, 18:21:55, 22.5, 22.5, 22.75, 22.75, 9999.0, 9999.0, 9999.0, 23.93, 9999.0, 22.73, 9999.0, 22.75, 22.5, 22.34, 22.5, 22.43
2026-09-08, 18:21:59, 22.5, 22.5, 22.75, 22.77, 9999.0, 9999.0, 9999.0, 23.89, 9999.0, 22.73, 9999.0, 22.77, 22.5, 22.34, 22.5, 22.43
2026-09-08, 18:22:03, 22.5, 22.5, 22.75, 22.77, 9999.0, 9999.0, 9999.0, 23.86, 9999.0, 22.75, 9999.0, 22.77, 22.5, 22.32, 22.48, 22.43
2026-09-08, 18:22:07, 22.5, 22.5, 22.75, 22.77, 9999.0, 9999.0, 9999.0, 23.84, 9999.0, 22.77, 9999.0, 22.77, 22.5, 22.32, 22.48, 22.45
2026-09-08, 18:22:11, 22.5, 22.5, 22.75, 22.77, 9999.0, 9999.0, 9999.0, 23.89, 9999.0, 22.8, 9999.0, 22.8, 22.52, 22.32, 22.48, 22.48
2026-09-08, 18:22:15, 22.5, 22.5, 22.75, 22.77, 9999.0, 9999.0, 9999.0, 23.91, 9999.0, 22.8, 9999.0, 22.8, 22.52, 22.32, 22.48, 22.48
2026-09-08, 18:22:19, 22.5, 22.5, 22.75, 22.77, 9999.0, 9999.0, 9999.0, 23.95, 9999.0, 22.82, 9999.0, 22.8, 22.52, 22.32, 22.48, 22.48
2026-09-08, 18:22:23, 22.5, 22.5, 22.75, 22.77, 9999.0, 9999.0, 9999.0, 23.98, 9999.0, 22.82, 9999.0, 22.77, 22.52, 22.32, 22.48, 22.48
2026-09-08, 18:22:27, 22.5, 22.5, 22.75, 22.77, 9999.0, 9999.0, 9999.0, 24.0, 9999.0, 22.84, 9999.0, 22.75, 22.52, 22.32, 22.48, 22.45
2026-09-08, 18:22:31, 22.5, 22.5, 22.75, 22.77, 9999.0, 9999.0, 9999.0, 24.05, 9999.0, 22.86, 9999.0, 22.75, 22.52, 22.32, 22.48, 22.48
2026-09-08, 18:22:35, 22.5, 22.5, 22.75, 22.77, 9999.0, 9999.0, 9999.0, 24.07, 9999.0, 22.82, 9999.0, 22.75, 22.52, 22.34, 22.48, 22.48
2026-09-08, 18:22:39, 22.5, 22.5, 22.75, 22.77, 9999.0, 9999.0, 9999.0, 24.11, 9999.0, 22.82, 9999.0, 22.75, 22.52, 22.32, 22.48, 22.48
2026-09-08, 18:22:43, 22.5, 22.5, 22.75, 22.75, 9999.0, 9999.0, 9999.0, 24.16, 9999.0, 22.8, 9999.0, 22.73, 22.52, 22.32, 22.45, 22.45
2026-09-08, 18:22:47, 22.48, 22.52, 22.75, 22.75, 9999.0, 9999.0, 9999.0, 24.18, 9999.0, 22.77, 9999.0, 22.73, 22.52, 22.34, 22.48, 22.45
2026-09-08, 18:22:51, 22.48, 22.52, 22.75, 22.75, 9999.0, 9999.0, 9999.0, 24.2, 9999.0, 22.75, 9999.0, 22.73, 22.52, 22.32, 22.48, 22.45
2026-09-08, 18:22:55, 22.45, 22.52, 22.75, 22.75, 9999.0, 9999.0, 9999.0, 24.16, 9999.0, 22.73, 9999.0, 22.73, 22.5, 22.34, 22.48, 22.45
2026-09-08, 18:22:59, 22.43, 22.52, 22.75, 22.75, 9999.0, 9999.0, 9999.0, 24.11, 9999.0, 22.7, 9999.0, 22.75, 22.5, 22.34, 22.48, 22.43
2026-09-08, 18:23:03, 22.43, 22.52, 22.75, 22.75, 9999.0, 9999.0, 9999.0, 24.09, 9999.0, 22.66, 9999.0, 22.77, 22.5, 22.36, 22.48, 22.41
2026-09-08, 18:23:07, 22.43, 22.52, 22.75, 22.75, 9999.0, 9999.0, 9999.0, 24.05, 9999.0, 22.66, 9999.0, 22.77, 22.5, 22.36, 22.48, 22.41
2026-09-08, 18:23:11, 22.43, 22.52, 22.75, 22.75, 9999.0, 9999.0, 9999.0, 24.0, 9999.0, 22.66, 9999.0, 22.77, 22.5, 22.39, 22.48, 22.41
2026-09-08, 18:23:15, 22.43, 22.52, 22.75, 22.75, 9999.0, 9999.0, 9999.0, 23.95, 9999.0, 22.66, 9999.0, 22.8, 22.52, 22.39, 22.45, 22.41
2026-09-08, 18:23:19, 22.43, 22.52, 22.77, 22.75, 9999.0, 9999.0, 9999.0, 23.93, 9999.0, 22.68, 9999.0, 22.82, 22.55, 22.39, 22.45, 22.41
2026-09-08, 18:23:23, 22.43, 22.52, 22.77, 22.75, 9999.0, 9999.0, 9999.0, 23.89, 9999.0, 22.7, 9999.0, 22.82, 22.55, 22.39, 22.45, 22.41
2026-09-08, 18:23:27, 22.43, 22.52, 22.77, 22.75, 9999.0, 9999.0, 9999.0, 23.91, 9999.0, 22.75, 9999.0, 22.84, 22.55, 22.39, 22.48, 22.43
2026-09-08, 18:23:31, 22.45, 22.5, 22.77, 22.75, 9999.0, 9999.0, 9999.0, 23.95, 9999.0, 22.75, 9999.0, 22.84, 22.55, 22.39, 22.48, 22.43
2026-09-08, 18:23:35, 22.45, 22.5, 22.8, 22.75, 9999.0, 9999.0, 9999.0, 24.0, 9999.0, 22.75, 9999.0, 22.84, 22.55, 22.39, 22.48, 22.43
2026-09-08, 18:23:39, 22.48, 22.5, 22.8, 22.75, 9999.0, 9999.0, 9999.0, 24.02, 9999.0, 22.77, 9999.0, 22.84, 22.55, 22.39, 22.45, 22.43
2026-09-08, 18:23:43, 22.5, 22.5, 22.8, 22.75, 9999.0, 9999.0, 9999.0, 24.07, 9999.0, 22.8, 9999.0, 22.82, 22.55, 22.41, 22.45, 22.45
2026-09-08, 18:23:47, 22.5, 22.5, 22.8, 22.75, 9999.0, 9999.0, 9999.0, 24.09, 9999.0, 22.82, 9999.0, 22.8, 22.55, 22.39, 22.45, 22.45
2026-09-08, 18:23:51, 22.5, 22.5, 22.8, 22.75, 9999.0, 9999.0, 9999.0, 24.14, 9999.0, 22.82, 9999.0, 22.8, 22.55, 22.39, 22.45, 22.43
2026-09-08, 18:23:55, 22.5, 22.5, 22.8, 22.75, 9999.0, 9999.0, 9999.0, 24.18, 9999.0, 22.82, 9999.0, 22.77, 22.55, 22.36, 22.43, 22.43
2026-09-08, 18:23:59, 22.5, 22.5, 22.8, 22.75, 9999.0, 9999.0, 9999.0, 24.23, 9999.0, 22.82, 9999.0, 22.75, 22.52, 22.36, 22.43, 22.41
2026-09-08, 18:24:03, 22.48, 22.5, 22.77, 22.75, 9999.0, 9999.0, 9999.0, 24.25, 9999.0, 22.82, 9999.0, 22.73, 22.5, 22.34, 22.43, 22.41
2026-09-08, 18:24:07, 22.48, 22.5, 22.77, 22.75, 9999.0, 9999.0, 9999.0, 24.27, 9999.0, 22.77, 9999.0, 22.73, 22.5, 22.34, 22.43, 22.41
2026-09-08, 18:24:11, 22.48, 22.52, 22.77, 22.75, 9999.0, 9999.0, 9999.0, 24.23, 9999.0, 22.73, 9999.0, 22.73, 22.5, 22.34, 22.43, 22.41
2026-09-08, 18:24:16, 22.48, 22.52, 22.77, 22.77, 9999.0, 9999.0, 9999.0, 24.18, 9999.0, 22.7, 9999.0, 22.75, 22.5, 22.34, 22.41, 22.41
2026-09-08, 18:24:20, 22.48, 22.52, 22.75, 22.77, 9999.0, 9999.0, 9999.0, 24.11, 9999.0, 22.7, 9999.0, 22.77, 22.5, 22.34, 22.39, 22.39
2026-09-08, 18:24:24, 22.48, 22.52, 22.77, 22.77, 9999.0, 9999.0, 9999.0, 24.07, 9999.0, 22.68, 9999.0, 22.77, 22.5, 22.34, 22.41, 22.39
2026-09-08, 18:24:28, 22.48, 22.52, 22.77, 22.8, 9999.0, 9999.0, 9999.0, 24.02, 9999.0, 22.68, 9999.0, 22.77, 22.5, 22.32, 22.41, 22.36
2026-09-08, 18:24:32, 22.48, 22.52, 22.77, 22.8, 9999.0, 9999.0, 9999.0, 23.98, 9999.0, 22.68, 9999.0, 22.77, 22.52, 22.32, 22.41, 22.36
2026-09-08, 18:24:36, 22.45, 22.52, 22.77, 22.8, 9999.0, 9999.0, 9999.0, 23.93, 9999.0, 22.7, 9999.0, 22.77, 22.55, 22.32, 22.41, 22.39
2026-09-08, 18:24:40, 22.45, 22.52, 22.77, 22.8, 9999.0, 9999.0, 9999.0, 23.86, 9999.0, 22.73, 9999.0, 22.8, 22.55, 22.32, 22.43, 22.41
2026-09-08, 18:24:44, 22.45, 22.55, 22.77, 22.82, 9999.0, 9999.0, 9999.0, 23.89, 9999.0, 22.73, 9999.0, 22.8, 22.55, 22.32, 22.45, 22.43
2026-09-08, 18:24:48, 22.48, 22.55, 22.77, 22.82, 9999.0, 9999.0, 9999.0, 23.93, 9999.0, 22.73, 9999.0, 22.8, 22.55, 22.34, 22.45, 22.41
2026-09-08, 18:24:52, 22.48, 22.55, 22.77, 22.82, 9999.0, 9999.0, 9999.0, 23.95, 9999.0, 22.75, 9999.0, 22.8, 22.55, 22.36, 22.45, 22.41
2026-09-08, 18:24:56, 22.48, 22.52, 22.77, 22.82, 9999.0, 9999.0, 9999.0, 23.98, 9999.0, 22.77, 9999.0, 22.8, 22.55, 22.34, 22.45, 22.39
2026-09-08, 18:25:00, 22.48, 22.52, 22.77, 22.8, 9999.0, 9999.0, 9999.0, 24.0, 9999.0, 22.8, 9999.0, 22.77, 22.55, 22.32, 22.48, 22.36
2026-09-08, 18:25:04, 22.48, 22.52, 22.77, 22.8, 9999.0, 9999.0, 9999.0, 24.05, 9999.0, 22.8, 9999.0, 22.75, 22.55, 22.32, 22.5, 22.39
2026-09-08, 18:25:08, 22.48, 22.52, 22.75, 22.8, 9999.0, 9999.0, 9999.0, 24.09, 9999.0, 22.77, 9999.0, 22.75, 22.55, 22.3, 22.48, 22.39
2026-09-08, 18:25:12, 22.48, 22.52, 22.75, 22.77, 9999.0, 9999.0, 9999.0, 24.11, 9999.0, 22.75, 9999.0, 22.73, 22.55, 22.3, 22.48, 22.39
2026-09-08, 18:25:16, 22.48, 22.52, 22.75, 22.77, 9999.0, 9999.0, 9999.0, 24.14, 9999.0, 22.73, 9999.0, 22.73, 22.52, 22.3, 22.48, 22.41
2026-09-08, 18:25:20, 22.5, 22.52, 22.77, 22.77, 9999.0, 9999.0, 9999.0, 24.16, 9999.0, 22.68, 9999.0, 22.75, 22.5, 22.32, 22.48, 22.41
2026-09-08, 18:25:24, 22.5, 22.52, 22.77, 22.77, 9999.0, 9999.0, 9999.0, 24.2, 9999.0, 22.64, 9999.0, 22.77, 22.5, 22.32, 22.48, 22.39
2026-09-08, 18:25:28, 22.5, 22.5, 22.8, 22.75, 9999.0, 9999.0, 9999.0, 24.16, 9999.0, 22.61, 9999.0, 22.77, 22.5, 22.32, 22.48, 22.36
2026-09-08, 18:25:32, 22.5, 22.5, 22.82, 22.75, 9999.0, 9999.0, 9999.0, 24.11, 9999.0, 22.59, 9999.0, 22.8, 22.5, 22.3, 22.48, 22.36
2026-09-08, 18:25:36, 22.5, 22.5, 22.82, 22.75, 9999.0, 9999.0, 9999.0, 24.07, 9999.0, 22.57, 9999.0, 22.8, 22.5, 22.27, 22.48, 22.34
2026-09-08, 18:25:40, 22.5, 22.5, 22.84, 22.75, 9999.0, 9999.0, 9999.0, 24.02, 9999.0, 22.57, 9999.0, 22.8, 22.5, 22.27, 22.48, 22.34
2026-09-08, 18:25:44, 22.5, 22.5, 22.84, 22.75, 9999.0, 9999.0, 9999.0, 23.98, 9999.0, 22.57, 9999.0, 22.8, 22.5, 22.27, 22.48, 22.34
2026-09-08, 18:25:48, 22.5, 22.5, 22.86, 22.75, 9999.0, 9999.0, 9999.0, 23.93, 9999.0, 22.55, 9999.0, 22.8, 22.5, 22.3, 22.48, 22.34
2026-09-08, 18:25:52, 22.5, 22.5, 22.89, 22.75, 9999.0, 9999.0, 9999.0, 23.89, 9999.0, 22.57, 9999.0, 22.82, 22.5, 22.32, 22.5, 22.34
2026-09-08, 18:25:56, 22.48, 22.5, 22.91, 22.75, 9999.0, 9999.0, 9999.0, 23.86, 9999.0, 22.59, 9999.0, 22.84, 22.5, 22.32, 22.5, 22.36
2026-09-08, 18:26:00, 22.45, 22.5, 22.91, 22.75, 9999.0, 9999.0, 9999.0, 23.91, 9999.0, 22.61, 9999.0, 22.84, 22.5, 22.32, 22.5, 22.34
2026-09-08, 18:26:04, 22.43, 22.5, 22.89, 22.75, 9999.0, 9999.0, 9999.0, 23.93, 9999.0, 22.61, 9999.0, 22.82, 22.5, 22.3, 22.5, 22.32
2026-09-08, 18:26:08, 22.41, 22.5, 22.89, 22.75, 9999.0, 9999.0, 9999.0, 23.95, 9999.0, 22.61, 9999.0, 22.8, 22.5, 22.3, 22.5, 22.32
2026-09-08, 18:26:12, 22.41, 22.5, 22.86, 22.75, 9999.0, 9999.0, 9999.0, 23.98, 9999.0, 22.61, 9999.0, 22.8, 22.5, 22.3, 22.5, 22.34
2026-09-08, 18:26:16, 22.41, 22.5, 22.84, 22.75, 9999.0, 9999.0, 9999.0, 24.0, 9999.0, 22.61, 9999.0, 22.77, 22.5, 22.3, 22.5, 22.34
2026-09-08, 18:26:20, 22.41, 22.5, 22.84, 22.75, 9999.0, 9999.0, 9999.0, 24.05, 9999.0, 22.59, 9999.0, 22.77, 22.5, 22.32, 22.5, 22.34
2026-09-08, 18:26:24, 22.41, 22.5, 22.84, 22.75, 9999.0, 9999.0, 9999.0, 24.07, 9999.0, 22.57, 9999.0, 22.77, 22.5, 22.32, 22.5, 22.34
2026-09-08, 18:26:28, 22.41, 22.5, 22.84, 22.75, 9999.0, 9999.0, 9999.0, 24.09, 9999.0, 22.55, 9999.0, 22.77, 22.5, 22.34, 22.5, 22.36
2026-09-08, 18:26:32, 22.41, 22.5, 22.84, 22.75, 9999.0, 9999.0, 9999.0, 24.11, 9999.0, 22.55, 9999.0, 22.77, 22.5, 22.32, 22.5, 22.34
2026-09-08, 18:26:36, 22.41, 22.5, 22.82, 22.75, 9999.0, 9999.0, 9999.0, 24.14, 9999.0, 22.5, 9999.0, 22.75, 22.5, 22.32, 22.5, 22.34
2026-09-08, 18:26:40, 22.41, 22.5, 22.8, 22.77, 9999.0, 9999.0, 9999.0, 24.16, 9999.0, 22.48, 9999.0, 22.75, 22.5, 22.32, 22.5, 22.32
2026-09-08, 18:26:44, 22.43, 22.5, 22.8, 22.77, 9999.0, 9999.0, 9999.0, 24.11, 9999.0, 22.45, 9999.0, 22.75, 22.5, 22.32, 22.5, 22.32
2026-09-08, 18:26:48, 22.45, 22.5, 22.82, 22.77, 9999.0, 9999.0, 9999.0, 24.07, 9999.0, 22.45, 9999.0, 22.77, 22.5, 22.32, 22.5, 22.34
2026-09-08, 18:26:52, 22.48, 22.5, 22.84, 22.77, 9999.0, 9999.0, 9999.0, 24.02, 9999.0, 22.43, 9999.0, 22.8, 22.52, 22.32, 22.5, 22.36
2026-09-08, 18:26:56, 22.48, 22.5, 22.86, 22.77, 9999.0, 9999.0, 9999.0, 23.98, 9999.0, 22.43, 9999.0, 22.8, 22.52, 22.34, 22.5, 22.36
2026-09-08, 18:27:00, 22.48, 22.5, 22.89, 22.8, 9999.0, 9999.0, 9999.0, 23.93, 9999.0, 22.43, 9999.0, 22.8, 22.52, 22.36, 22.5, 22.39
2026-09-08, 18:27:04, 22.48, 22.5, 22.89, 22.8, 9999.0, 9999.0, 9999.0, 23.86, 9999.0, 22.45, 9999.0, 22.8, 22.55, 22.34, 22.5, 22.41
2026-09-08, 18:27:08, 22.45, 22.5, 22.89, 22.8, 9999.0, 9999.0, 9999.0, 23.82, 9999.0, 22.45, 9999.0, 22.82, 22.57, 22.36, 22.5, 22.43
2026-09-08, 18:27:12, 22.45, 22.5, 22.91, 22.82, 9999.0, 9999.0, 9999.0, 23.77, 9999.0, 22.45, 9999.0, 22.84, 22.57, 22.34, 22.5, 22.41
2026-09-08, 18:27:16, 22.45, 22.5, 22.89, 22.82, 9999.0, 9999.0, 9999.0, 23.8, 9999.0, 22.45, 9999.0, 22.84, 22.57, 22.34, 22.5, 22.43
2026-09-08, 18:27:20, 22.45, 22.5, 22.91, 22.82, 9999.0, 9999.0, 9999.0, 23.82, 9999.0, 22.48, 9999.0, 22.84, 22.57, 22.32, 22.5, 22.43
2026-09-08, 18:27:24, 22.45, 22.5, 22.93, 22.8, 9999.0, 9999.0, 9999.0, 23.84, 9999.0, 22.48, 9999.0, 22.84, 22.57, 22.32, 22.5, 22.43
2026-09-08, 18:27:28, 22.43, 22.5, 22.95, 22.8, 9999.0, 9999.0, 9999.0, 23.84, 9999.0, 22.48, 9999.0, 22.84, 22.57, 22.32, 22.5, 22.43
2026-09-08, 18:27:32, 22.43, 22.5, 22.95, 22.8, 9999.0, 9999.0, 9999.0, 23.86, 9999.0, 22.48, 9999.0, 22.82, 22.57, 22.34, 22.5, 22.41
2026-09-08, 18:27:36, 22.43, 22.5, 22.93, 22.8, 9999.0, 9999.0, 9999.0, 23.89, 9999.0, 22.48, 9999.0, 22.8, 22.55, 22.36, 22.5, 22.41
2026-09-08, 18:27:40, 22.43, 22.5, 22.91, 22.8, 9999.0, 9999.0, 9999.0, 23.91, 9999.0, 22.45, 9999.0, 22.8, 22.55, 22.36, 22.5, 22.41
2026-09-08, 18:27:44, 22.43, 22.5, 22.89, 22.77, 9999.0, 9999.0, 9999.0, 23.91, 9999.0, 22.43, 9999.0, 22.77, 22.55, 22.34, 22.48, 22.41
2026-09-08, 18:27:48, 22.43, 22.5, 22.89, 22.77, 9999.0, 9999.0, 9999.0, 23.95, 9999.0, 22.41, 9999.0, 22.77, 22.52, 22.34, 22.48, 22.39
2026-09-08, 18:27:52, 22.45, 22.5, 22.86, 22.77, 9999.0, 9999.0, 9999.0, 24.0, 9999.0, 22.39, 9999.0, 22.75, 22.5, 22.32, 22.45, 22.39
2026-09-08, 18:27:56, 22.45, 22.5, 22.86, 22.77, 9999.0, 9999.0, 9999.0, 24.02, 9999.0, 22.36, 9999.0, 22.73, 22.5, 22.34, 22.45, 22.41
2026-09-08, 18:28:00, 22.45, 22.5, 22.86, 22.77, 9999.0, 9999.0, 9999.0, 23.98, 9999.0, 22.34, 9999.0, 22.75, 22.5, 22.36, 22.45, 22.41
2026-09-08, 18:28:04, 22.43, 22.5, 22.84, 22.77, 9999.0, 9999.0, 9999.0, 23.93, 9999.0, 22.32, 9999.0, 22.77, 22.5, 22.36, 22.45, 22.41
2026-09-08, 18:28:09, 22.45, 22.5, 22.84, 22.77, 9999.0, 9999.0, 9999.0, 23.89, 9999.0, 22.3, 9999.0, 22.8, 22.52, 22.36, 22.45, 22.43
2026-09-08, 18:28:13, 22.48, 22.52, 22.82, 22.77, 9999.0, 9999.0, 9999.0, 23.86, 9999.0, 22.3, 9999.0, 22.82, 22.52, 22.36, 22.45, 22.45
2026-09-08, 18:28:17, 22.48, 22.52, 22.8, 22.77, 9999.0, 9999.0, 9999.0, 23.82, 9999.0, 22.3, 9999.0, 22.82, 22.52, 22.34, 22.45, 22.48
2026-09-08, 18:28:21, 22.48, 22.52, 22.82, 22.77, 9999.0, 9999.0, 9999.0, 23.77, 9999.0, 22.32, 9999.0, 22.84, 22.52, 22.34, 22.45, 22.48
2026-09-08, 18:28:25, 22.45, 22.52, 22.82, 22.77, 9999.0, 9999.0, 9999.0, 23.73, 9999.0, 22.34, 9999.0, 22.86, 22.52, 22.32, 22.45, 22.48
2026-09-08, 18:28:29, 22.45, 22.52, 22.84, 22.77, 9999.0, 9999.0, 9999.0, 23.7, 9999.0, 22.36, 9999.0, 22.89, 22.52, 22.34, 22.48, 22.48
2026-09-08, 18:28:33, 22.45, 22.52, 22.84, 22.77, 9999.0, 9999.0, 9999.0, 23.73, 9999.0, 22.39, 9999.0, 22.91, 22.52, 22.34, 22.48, 22.5
2026-09-08, 18:28:37, 22.45, 22.52, 22.84, 22.77, 9999.0, 9999.0, 9999.0, 23.75, 9999.0, 22.41, 9999.0, 22.91, 22.52, 22.34, 22.5, 22.5
2026-09-08, 18:28:41, 22.45, 22.52, 22.82, 22.75, 9999.0, 9999.0, 9999.0, 23.8, 9999.0, 22.43, 9999.0, 22.91, 22.52, 22.32, 22.5, 22.5
2026-09-08, 18:28:45, 22.45, 22.52, 22.82, 22.75, 9999.0, 9999.0, 9999.0, 23.84, 9999.0, 22.43, 9999.0, 22.89, 22.55, 22.3, 22.5, 22.5
2026-09-08, 18:28:49, 22.48, 22.52, 22.82, 22.75, 9999.0, 9999.0, 9999.0, 23.86, 9999.0, 22.43, 9999.0, 22.86, 22.55, 22.3, 22.5, 22.5
2026-09-08, 18:28:53, 22.48, 22.52, 22.8, 22.75, 9999.0, 9999.0, 9999.0, 23.89, 9999.0, 22.43, 9999.0, 22.84, 22.52, 22.32, 22.5, 22.48
2026-09-08, 18:28:57, 22.48, 22.5, 22.8, 22.75, 9999.0, 9999.0, 9999.0, 23.89, 9999.0, 22.41, 9999.0, 22.82, 22.52, 22.32, 22.48, 22.48
2026-09-08, 18:29:01, 22.48, 22.5, 22.8, 22.75, 9999.0, 9999.0, 9999.0, 23.91, 9999.0, 22.39, 9999.0, 22.82, 22.52, 22.32, 22.45, 22.48
2026-09-08, 18:29:05, 22.48, 22.5, 22.77, 22.77, 9999.0, 9999.0, 9999.0, 23.95, 9999.0, 22.36, 9999.0, 22.8, 22.52, 22.32, 22.45, 22.48
2026-09-08, 18:29:09, 22.5, 22.5, 22.8, 22.8, 9999.0, 9999.0, 9999.0, 23.98, 9999.0, 22.34, 9999.0, 22.77, 22.52, 22.32, 22.45, 22.48
2026-09-08, 18:29:13, 22.5, 22.5, 22.77, 22.8, 9999.0, 9999.0, 9999.0, 24.0, 9999.0, 22.32, 9999.0, 22.77, 22.52, 22.3, 22.45, 22.48
2026-09-08, 18:29:17, 22.5, 22.5, 22.8, 22.8, 9999.0, 9999.0, 9999.0, 23.95, 9999.0, 22.3, 9999.0, 22.77, 22.52, 22.32, 22.45, 22.48
2026-09-08, 18:29:21, 22.5, 22.5, 22.8, 22.8, 9999.0, 9999.0, 9999.0, 23.91, 9999.0, 22.27, 9999.0, 22.8, 22.52, 22.34, 22.45, 22.48
2026-09-08, 18:29:25, 22.5, 22.5, 22.8, 22.8, 9999.0, 9999.0, 9999.0, 23.86, 9999.0, 22.23, 9999.0, 22.82, 22.52, 22.36, 22.45, 22.48
2026-09-08, 18:29:29, 22.48, 22.5, 22.8, 22.82, 9999.0, 9999.0, 9999.0, 23.8, 9999.0, 22.23, 9999.0, 22.82, 22.5, 22.36, 22.45, 22.48
2026-09-08, 18:29:33, 22.48, 22.5, 22.8, 22.84, 9999.0, 9999.0, 9999.0, 23.77, 9999.0, 22.25, 9999.0, 22.82, 22.52, 22.36, 22.45, 22.45
2026-09-08, 18:29:37, 22.48, 22.5, 22.8, 22.84, 9999.0, 9999.0, 9999.0, 23.73, 9999.0, 22.27, 9999.0, 22.82, 22.52, 22.36, 22.45, 22.48
2026-09-08, 18:29:41, 22.48, 22.5, 22.82, 22.84, 9999.0, 9999.0, 9999.0, 23.7, 9999.0, 22.3, 9999.0, 22.82, 22.55, 22.39, 22.48, 22.48
2026-09-08, 18:29:45, 22.48, 22.5, 22.84, 22.84, 9999.0, 9999.0, 9999.0, 23.68, 9999.0, 22.32, 9999.0, 22.82, 22.57, 22.39, 22.5, 22.48
2026-09-08, 18:29:49, 22.48, 22.5, 22.86, 22.84, 9999.0, 9999.0, 9999.0, 23.7, 9999.0, 22.34, 9999.0, 22.82, 22.57, 22.39, 22.5, 22.48
2026-09-08, 18:29:53, 22.45, 22.5, 22.84, 22.84, 9999.0, 9999.0, 9999.0, 23.75, 9999.0, 22.36, 9999.0, 22.82, 22.57, 22.41, 22.5, 22.48
2026-09-08, 18:29:57, 22.45, 22.5, 22.84, 22.86, 9999.0, 9999.0, 9999.0, 23.77, 9999.0, 22.39, 9999.0, 22.82, 22.57, 22.41, 22.5, 22.48
2026-09-08, 18:30:01, 22.45, 22.5, 22.84, 22.89, 9999.0, 9999.0, 9999.0, 23.8, 9999.0, 22.39, 9999.0, 22.8, 22.57, 22.39, 22.5, 22.48
2026-09-08, 18:30:05, 22.45, 22.5, 22.86, 22.91, 9999.0, 9999.0, 9999.0, 23.82, 9999.0, 22.39, 9999.0, 22.77, 22.59, 22.36, 22.5, 22.45
2026-09-08, 18:30:09, 22.45, 22.5, 22.86, 22.93, 9999.0, 9999.0, 9999.0, 23.82, 9999.0, 22.41, 9999.0, 22.75, 22.59, 22.34, 22.5, 22.45
2026-09-08, 18:30:13, 22.48, 22.5, 22.86, 22.91, 9999.0, 9999.0, 9999.0, 23.84, 9999.0, 22.41, 9999.0, 22.75, 22.59, 22.36, 22.5, 22.45
2026-09-08, 18:30:17, 22.48, 22.5, 22.86, 22.91, 9999.0, 9999.0, 9999.0, 23.84, 9999.0, 22.39, 9999.0, 22.75, 22.57, 22.39, 22.5, 22.48
2026-09-08, 18:30:21, 22.48, 22.5, 22.86, 22.91, 9999.0, 9999.0, 9999.0, 23.86, 9999.0, 22.36, 9999.0, 22.75, 22.57, 22.39, 22.5, 22.48
2026-09-08, 18:30:25, 22.48, 22.5, 22.84, 22.93, 9999.0, 9999.0, 9999.0, 23.89, 9999.0, 22.34, 9999.0, 22.77, 22.55, 22.39, 22.5, 22.48
2026-09-08, 18:30:29, 22.48, 22.5, 22.82, 22.95, 9999.0, 9999.0, 9999.0, 23.91, 9999.0, 22.32, 9999.0, 22.77, 22.52, 22.39, 22.5, 22.48
2026-09-08, 18:30:33, 22.48, 22.5, 22.8, 22.93, 9999.0, 9999.0, 9999.0, 23.86, 9999.0, 22.27, 9999.0, 22.77, 22.52, 22.36, 22.5, 22.48
2026-09-08, 18:30:37, 22.5, 22.5, 22.8, 22.91, 9999.0, 9999.0, 9999.0, 23.82, 9999.0, 22.23, 9999.0, 22.8, 22.55, 22.36, 22.5, 22.48
2026-09-08, 18:30:41, 22.5, 22.5, 22.8, 22.91, 9999.0, 9999.0, 9999.0, 23.8, 9999.0, 22.18, 9999.0, 22.82, 22.55, 22.39, 22.5, 22.48
2026-09-08, 18:30:45, 22.5, 22.5, 22.8, 22.91, 9999.0, 9999.0, 9999.0, 23.77, 9999.0, 22.2, 9999.0, 22.82, 22.57, 22.41, 22.5, 22.48
2026-09-08, 18:30:49, 22.5, 22.5, 22.77, 22.91, 9999.0, 9999.0, 9999.0, 23.73, 9999.0, 22.2, 9999.0, 22.82, 22.55, 22.43, 22.5, 22.5
2026-09-08, 18:30:53, 22.5, 22.5, 22.8, 22.91, 9999.0, 9999.0, 9999.0, 23.7, 9999.0, 22.2, 9999.0, 22.84, 22.57, 22.45, 22.5, 22.5
2026-09-08, 18:30:57, 22.5, 22.5, 22.8, 22.93, 9999.0, 9999.0, 9999.0, 23.68, 9999.0, 22.23, 9999.0, 22.84, 22.59, 22.45, 22.5, 22.5
2026-09-08, 18:31:01, 22.5, 22.5, 22.8, 22.93, 9999.0, 9999.0, 9999.0, 23.66, 9999.0, 22.25, 9999.0, 22.84, 22.61, 22.45, 22.5, 22.5
2026-09-08, 18:31:05, 22.5, 22.5, 22.8, 22.95, 9999.0, 9999.0, 9999.0, 23.7, 9999.0, 22.27, 9999.0, 22.84, 22.64, 22.45, 22.5, 22.5
2026-09-08, 18:31:09, 22.5, 22.5, 22.82, 22.95, 9999.0, 9999.0, 9999.0, 23.75, 9999.0, 22.3, 9999.0, 22.82, 22.64, 22.45, 22.5, 22.5
2026-09-08, 18:31:13, 22.5, 22.5, 22.82, 22.95, 9999.0, 9999.0, 9999.0, 23.8, 9999.0, 22.3, 9999.0, 22.82, 22.64, 22.48, 22.5, 22.5
2026-09-08, 18:31:17, 22.5, 22.5, 22.84, 22.98, 9999.0, 9999.0, 9999.0, 23.82, 9999.0, 22.34, 9999.0, 22.82, 22.64, 22.5, 22.5, 22.5
2026-09-08, 18:31:21, 22.5, 22.5, 22.84, 23.0, 9999.0, 9999.0, 9999.0, 23.84, 9999.0, 22.36, 9999.0, 22.8, 22.64, 22.48, 22.5, 22.5
2026-09-08, 18:31:25, 22.5, 22.5, 22.86, 23.0, 9999.0, 9999.0, 9999.0, 23.86, 9999.0, 22.39, 9999.0, 22.77, 22.64, 22.48, 22.5, 22.5
2026-09-08, 18:31:29, 22.5, 22.5, 22.86, 23.0, 9999.0, 9999.0, 9999.0, 23.89, 9999.0, 22.36, 9999.0, 22.77, 22.61, 22.48, 22.5, 22.5
2026-09-08, 18:31:33, 22.5, 22.5, 22.89, 23.0, 9999.0, 9999.0, 9999.0, 23.93, 9999.0, 22.36, 9999.0, 22.77, 22.61, 22.48, 22.5, 22.5
2026-09-08, 18:31:37, 22.5, 22.5, 22.89, 23.0, 9999.0, 9999.0, 9999.0, 23.98, 9999.0, 22.36, 9999.0, 22.75, 22.59, 22.45, 22.5, 22.5
2026-09-08, 18:31:41, 22.5, 22.5, 22.89, 23.0, 9999.0, 9999.0, 9999.0, 24.02, 9999.0, 22.32, 9999.0, 22.75, 22.57, 22.45, 22.5, 22.5
2026-09-08, 18:31:45, 22.5, 22.5, 22.91, 23.0, 9999.0, 9999.0, 9999.0, 24.05, 9999.0, 22.3, 9999.0, 22.75, 22.55, 22.45, 22.5, 22.5
2026-09-08, 18:31:49, 22.5, 22.5, 22.91, 23.0, 9999.0, 9999.0, 9999.0, 24.0, 9999.0, 22.25, 9999.0, 22.75, 22.52, 22.45, 22.5, 22.5
2026-09-08, 18:31:54, 22.5, 22.5, 22.91, 23.0, 9999.0, 9999.0, 9999.0, 23.95, 9999.0, 22.23, 9999.0, 22.77, 22.52, 22.45, 22.5, 22.5
2026-09-08, 18:31:58, 22.5, 22.5, 22.93, 23.0, 9999.0, 9999.0, 9999.0, 23.91, 9999.0, 22.23, 9999.0, 22.8, 22.52, 22.45, 22.5, 22.5
2026-09-08, 18:32:02, 22.5, 22.5, 22.93, 23.0, 9999.0, 9999.0, 9999.0, 23.89, 9999.0, 22.2, 9999.0, 22.82, 22.55, 22.45, 22.5, 22.5
2026-09-08, 18:32:06, 22.5, 22.5, 22.93, 23.0, 9999.0, 9999.0, 9999.0, 23.84, 9999.0, 22.23, 9999.0, 22.84, 22.52, 22.48, 22.5, 22.5
2026-09-08, 18:32:10, 22.5, 22.5, 22.93, 23.0, 9999.0, 9999.0, 9999.0, 23.8, 9999.0, 22.23, 9999.0, 22.86, 22.55, 22.48, 22.5, 22.5
2026-09-08, 18:32:14, 22.5, 22.5, 22.93, 23.0, 9999.0, 9999.0, 9999.0, 23.75, 9999.0, 22.25, 9999.0, 22.86, 22.57, 22.45, 22.5, 22.5
2026-09-08, 18:32:18, 22.5, 22.5, 22.93, 23.0, 9999.0, 9999.0, 9999.0, 23.7, 9999.0, 22.27, 9999.0, 22.86, 22.59, 22.43, 22.5, 22.5
2026-09-08, 18:32:22, 22.5, 22.5, 22.93, 22.98, 9999.0, 9999.0, 9999.0, 23.73, 9999.0, 22.3, 9999.0, 22.86, 22.59, 22.45, 22.5, 22.5
2026-09-08, 18:32:26, 22.5, 22.5, 22.93, 22.98, 9999.0, 9999.0, 9999.0, 23.75, 9999.0, 22.34, 9999.0, 22.86, 22.61, 22.45, 22.5, 22.5
2026-09-08, 18:32:30, 22.48, 22.5, 22.91, 22.95, 9999.0, 9999.0, 9999.0, 23.77, 9999.0, 22.36, 9999.0, 22.86, 22.64, 22.45, 22.5, 22.5
2026-09-08, 18:32:34, 22.48, 22.5, 22.93, 22.93, 9999.0, 9999.0, 9999.0, 23.8, 9999.0, 22.41, 9999.0, 22.86, 22.64, 22.43, 22.5, 22.5
2026-09-08, 18:32:38, 22.48, 22.5, 22.91, 22.93, 9999.0, 9999.0, 9999.0, 23.8, 9999.0, 22.43, 9999.0, 22.84, 22.64, 22.43, 22.5, 22.5
2026-09-08, 18:32:42, 22.48, 22.5, 22.91, 22.93, 9999.0, 9999.0, 9999.0, 23.8, 9999.0, 22.45, 9999.0, 22.82, 22.64, 22.43, 22.5, 22.5
2026-09-08, 18:32:46, 22.48, 22.5, 22.91, 22.91, 9999.0, 9999.0, 9999.0, 23.8, 9999.0, 22.48, 9999.0, 22.8, 22.61, 22.43, 22.5, 22.5
2026-09-08, 18:32:50, 22.48, 22.5, 22.93, 22.91, 9999.0, 9999.0, 9999.0, 23.84, 9999.0, 22.48, 9999.0, 22.77, 22.61, 22.43, 22.5, 22.5
2026-09-08, 18:32:54, 22.48, 22.5, 22.93, 22.91, 9999.0, 9999.0, 9999.0, 23.89, 9999.0, 22.5, 9999.0, 22.75, 22.59, 22.41, 22.5, 22.5
2026-09-08, 18:32:58, 22.48, 22.5, 22.93, 22.91, 9999.0, 9999.0, 9999.0, 23.93, 9999.0, 22.48, 9999.0, 22.75, 22.57, 22.43, 22.5, 22.5
2026-09-08, 18:33:02, 22.48, 22.5, 22.91, 22.89, 9999.0, 9999.0, 9999.0, 23.95, 9999.0, 22.45, 9999.0, 22.75, 22.55, 22.45, 22.5, 22.5
2026-09-08, 18:33:06, 22.48, 22.5, 22.91, 22.89, 9999.0, 9999.0, 9999.0, 23.91, 9999.0, 22.43, 9999.0, 22.75, 22.55, 22.45, 22.5, 22.5
2026-09-08, 18:33:10, 22.48, 22.5, 22.93, 22.89, 9999.0, 9999.0, 9999.0, 23.86, 9999.0, 22.41, 9999.0, 22.77, 22.55, 22.45, 22.5, 22.5
2026-09-08, 18:33:14, 22.5, 22.5, 22.93, 22.91, 9999.0, 9999.0, 9999.0, 23.82, 9999.0, 22.39, 9999.0, 22.8, 22.52, 22.45, 22.5, 22.5
2026-09-08, 18:33:18, 22.5, 22.5, 22.93, 22.93, 9999.0, 9999.0, 9999.0, 23.8, 9999.0, 22.39, 9999.0, 22.82, 22.52, 22.48, 22.5, 22.5
2026-09-08, 18:33:22, 22.5, 22.5, 22.95, 22.93, 9999.0, 9999.0, 9999.0, 23.77, 9999.0, 22.39, 9999.0, 22.84, 22.52, 22.48, 22.5, 22.5
2026-09-08, 18:33:26, 22.5, 22.5, 22.95, 22.93, 9999.0, 9999.0, 9999.0, 23.75, 9999.0, 22.39, 9999.0, 22.84, 22.55, 22.48, 22.5, 22.5
2026-09-08, 18:33:30, 22.5, 22.5, 22.95, 22.95, 9999.0, 9999.0, 9999.0, 23.73, 9999.0, 22.39, 9999.0, 22.86, 22.57, 22.48, 22.5, 22.5
2026-09-08, 18:33:34, 22.5, 22.5, 22.95, 22.95, 9999.0, 9999.0, 9999.0, 23.68, 9999.0, 22.39, 9999.0, 22.86, 22.59, 22.48, 22.5, 22.5
2026-09-08, 18:33:38, 22.5, 22.5, 22.95, 22.93, 9999.0, 9999.0, 9999.0, 23.7, 9999.0, 22.39, 9999.0, 22.86, 22.61, 22.48, 22.5, 22.5
2026-09-08, 18:33:42, 22.5, 22.5, 22.93, 22.93, 9999.0, 9999.0, 9999.0, 23.73, 9999.0, 22.41, 9999.0, 22.86, 22.61, 22.48, 22.5, 22.5
2026-09-08, 18:33:46, 22.5, 22.5, 22.95, 22.95, 9999.0, 9999.0, 9999.0, 23.77, 9999.0, 22.43, 9999.0, 22.86, 22.61, 22.45, 22.5, 22.5
2026-09-08, 18:33:50, 22.5, 22.5, 22.95, 22.98, 9999.0, 9999.0, 9999.0, 23.8, 9999.0, 22.45, 9999.0, 22.86, 22.61, 22.43, 22.5, 22.5
2026-09-08, 18:33:54, 22.5, 22.5, 22.93, 22.98, 9999.0, 9999.0, 9999.0, 23.82, 9999.0, 22.48, 9999.0, 22.84, 22.61, 22.41, 22.5, 22.5
2026-09-08, 18:33:58, 22.5, 22.5, 22.95, 22.98, 9999.0, 9999.0, 9999.0, 23.86, 9999.0, 22.5, 9999.0, 22.82, 22.61, 22.41, 22.5, 22.5
2026-09-08, 18:34:02, 22.5, 22.5, 22.93, 22.95, 9999.0, 9999.0, 9999.0, 23.86, 9999.0, 22.5, 9999.0, 22.8, 22.61, 22.39, 22.5, 22.5
2026-09-08, 18:34:06, 22.5, 22.5, 22.91, 22.93, 9999.0, 9999.0, 9999.0, 23.91, 9999.0, 22.5, 9999.0, 22.77, 22.64, 22.36, 22.5, 22.5
2026-09-08, 18:34:10, 22.5, 22.5, 22.89, 22.91, 9999.0, 9999.0, 9999.0, 23.95, 9999.0, 22.48, 9999.0, 22.77, 22.61, 22.36, 22.5, 22.5
2026-09-08, 18:34:14, 22.5, 22.5, 22.89, 22.89, 9999.0, 9999.0, 9999.0, 24.0, 9999.0, 22.45, 9999.0, 22.75, 22.59, 22.34, 22.5, 22.5
2026-09-08, 18:34:18, 22.5, 22.5, 22.89, 22.89, 9999.0, 9999.0, 9999.0, 24.02, 9999.0, 22.43, 9999.0, 22.75, 22.57, 22.34, 22.5, 22.5
2026-09-08, 18:34:22, 22.5, 22.5, 22.89, 22.91, 9999.0, 9999.0, 9999.0, 23.98, 9999.0, 22.41, 9999.0, 22.77, 22.55, 22.36, 22.5, 22.5
2026-09-08, 18:34:26, 22.48, 22.5, 22.91, 22.89, 9999.0, 9999.0, 9999.0, 23.93, 9999.0, 22.39, 9999.0, 22.8, 22.55, 22.36, 22.5, 22.5
2026-09-08, 18:34:30, 22.48, 22.5, 22.91, 22.86, 9999.0, 9999.0, 9999.0, 23.89, 9999.0, 22.36, 9999.0, 22.82, 22.55, 22.39, 22.5, 22.5
2026-09-08, 18:34:34, 22.48, 22.5, 22.91, 22.86, 9999.0, 9999.0, 9999.0, 23.84, 9999.0, 22.36, 9999.0, 22.84, 22.55, 22.39, 22.5, 22.5
2026-09-08, 18:34:38, 22.48, 22.5, 22.91, 22.86, 9999.0, 9999.0, 9999.0, 23.8, 9999.0, 22.36, 9999.0, 22.86, 22.55, 22.41, 22.5, 22.5
2026-09-08, 18:34:42, 22.48, 22.5, 22.91, 22.84, 9999.0, 9999.0, 9999.0, 23.75, 9999.0, 22.36, 9999.0, 22.89, 22.57, 22.41, 22.5, 22.5
2026-09-08, 18:34:46, 22.48, 22.52, 22.93, 22.84, 9999.0, 9999.0, 9999.0, 23.73, 9999.0, 22.39, 9999.0, 22.89, 22.59, 22.43, 22.5, 22.5
2026-09-08, 18:34:50, 22.48, 22.52, 22.95, 22.84, 9999.0, 9999.0, 9999.0, 23.68, 9999.0, 22.41, 9999.0, 22.89, 22.59, 22.45, 22.5, 22.5
2026-09-08, 18:34:54, 22.48, 22.52, 22.95, 22.86, 9999.0, 9999.0, 9999.0, 23.7, 9999.0, 22.45, 9999.0, 22.89, 22.59, 22.45, 22.5, 22.5
2026-09-08, 18:34:58, 22.48, 22.52, 22.95, 22.86, 9999.0, 9999.0, 9999.0, 23.73, 9999.0, 22.48, 9999.0, 22.89, 22.61, 22.48, 22.5, 22.5
2026-09-08, 18:35:02, 22.48, 22.52, 22.95, 22.86, 9999.0, 9999.0, 9999.0, 23.77, 9999.0, 22.5, 9999.0, 22.89, 22.61, 22.48, 22.5, 22.5
2026-09-08, 18:35:06, 22.48, 22.52, 22.93, 22.84, 9999.0, 9999.0, 9999.0, 23.82, 9999.0, 22.52, 9999.0, 22.86, 22.61, 22.45, 22.5, 22.5
2026-09-08, 18:35:10, 22.5, 22.52, 22.91, 22.86, 9999.0, 9999.0, 9999.0, 23.84, 9999.0, 22.55, 9999.0, 22.84, 22.61, 22.45, 22.5, 22.5
2026-09-08, 18:35:14, 22.5, 22.52, 22.91, 22.86, 9999.0, 9999.0, 9999.0, 23.86, 9999.0, 22.57, 9999.0, 22.82, 22.61, 22.45, 22.5, 22.5
2026-09-08, 18:35:18, 22.5, 22.52, 22.89, 22.84, 9999.0, 9999.0, 9999.0, 23.91, 9999.0, 22.57, 9999.0, 22.8, 22.61, 22.48, 22.5, 22.5
2026-09-08, 18:35:22, 22.5, 22.52, 22.91, 22.84, 9999.0, 9999.0, 9999.0, 23.95, 9999.0, 22.57, 9999.0, 22.77, 22.59, 22.48, 22.5, 22.5
2026-09-08, 18:35:26, 22.5, 22.52, 22.91, 22.86, 9999.0, 9999.0, 9999.0, 24.0, 9999.0, 22.57, 9999.0, 22.75, 22.57, 22.45, 22.5, 22.5
2026-09-08, 18:35:31, 22.5, 22.5, 22.91, 22.89, 9999.0, 9999.0, 9999.0, 24.05, 9999.0, 22.55, 9999.0, 22.75, 22.55, 22.45, 22.5, 22.5
2026-09-08, 18:35:35, 22.5, 22.5, 22.91, 22.91, 9999.0, 9999.0, 9999.0, 24.07, 9999.0, 22.52, 9999.0, 22.75, 22.52, 22.45, 22.5, 22.5
2026-09-08, 18:35:39, 22.5, 22.5, 22.93, 22.89, 9999.0, 9999.0, 9999.0, 24.02, 9999.0, 22.5, 9999.0, 22.77, 22.52, 22.45, 22.5, 22.5
2026-09-08, 18:35:43, 22.5, 22.5, 22.93, 22.91, 9999.0, 9999.0, 9999.0, 23.98, 9999.0, 22.48, 9999.0, 22.8, 22.52, 22.45, 22.5, 22.5
2026-09-08, 18:35:47, 22.5, 22.5, 22.93, 22.89, 9999.0, 9999.0, 9999.0, 23.93, 9999.0, 22.45, 9999.0, 22.82, 22.55, 22.45, 22.5, 22.5
2026-09-08, 18:35:51, 22.5, 22.5, 22.95, 22.89, 9999.0, 9999.0, 9999.0, 23.86, 9999.0, 22.45, 9999.0, 22.84, 22.57, 22.45, 22.5, 22.5
2026-09-08, 18:35:55, 22.5, 22.5, 22.98, 22.86, 9999.0, 9999.0, 9999.0, 23.82, 9999.0, 22.45, 9999.0, 22.86, 22.57, 22.45, 22.5, 22.5
2026-09-08, 18:35:59, 22.5, 22.5, 22.98, 22.86, 9999.0, 9999.0, 9999.0, 23.77, 9999.0, 22.48, 9999.0, 22.86, 22.59, 22.45, 22.5, 22.5
2026-09-08, 18:36:03, 22.5, 22.5, 23.0, 22.86, 9999.0, 9999.0, 9999.0, 23.73, 9999.0, 22.5, 9999.0, 22.89, 22.61, 22.45, 22.5, 22.5
2026-09-08, 18:36:07, 22.5, 22.5, 23.0, 22.84, 9999.0, 9999.0, 9999.0, 23.68, 9999.0, 22.52, 9999.0, 22.89, 22.64, 22.43, 22.5, 22.5
2026-09-08, 18:36:11, 22.5, 22.5, 22.98, 22.84, 9999.0, 9999.0, 9999.0, 23.7, 9999.0, 22.55, 9999.0, 22.89, 22.64, 22.45, 22.5, 22.5
2026-09-08, 18:36:15, 22.5, 22.5, 22.95, 22.82, 9999.0, 9999.0, 9999.0, 23.73, 9999.0, 22.57, 9999.0, 22.89, 22.64, 22.43, 22.5, 22.5
2026-09-08, 18:36:19, 22.5, 22.5, 22.93, 22.8, 9999.0, 9999.0, 9999.0, 23.77, 9999.0, 22.59, 9999.0, 22.89, 22.66, 22.41, 22.5, 22.5
2026-09-08, 18:36:23, 22.5, 22.5, 22.91, 22.8, 9999.0, 9999.0, 9999.0, 23.8, 9999.0, 22.61, 9999.0, 22.86, 22.66, 22.41, 22.5, 22.5
2026-09-08, 18:36:27, 22.5, 22.5, 22.91, 22.77, 9999.0, 9999.0, 9999.0, 23.84, 9999.0, 22.66, 9999.0, 22.84, 22.66, 22.41, 22.5, 22.5
2026-09-08, 18:36:31, 22.5, 22.5, 22.91, 22.77, 9999.0, 9999.0, 9999.0, 23.86, 9999.0, 22.7, 9999.0, 22.82, 22.64, 22.41, 22.5, 22.5
2026-09-08, 18:36:35, 22.5, 22.5, 22.91, 22.77, 9999.0, 9999.0, 9999.0, 23.91, 9999.0, 22.7, 9999.0, 22.8, 22.61, 22.41, 22.5, 22.5
2026-09-08, 18:36:39, 22.5, 22.5, 22.89, 22.8, 9999.0, 9999.0, 9999.0, 23.95, 9999.0, 22.7, 9999.0, 22.77, 22.61, 22.41, 22.5, 22.5
2026-09-08, 18:36:43, 22.5, 22.5, 22.86, 22.82, 9999.0, 9999.0, 9999.0, 24.0, 9999.0, 22.68, 9999.0, 22.77, 22.59, 22.39, 22.5, 22.5
2026-09-08, 18:36:47, 22.5, 22.5, 22.84, 22.82, 9999.0, 9999.0, 9999.0, 24.05, 9999.0, 22.66, 9999.0, 22.77, 22.57, 22.39, 22.5, 22.5
2026-09-08, 18:36:51, 22.5, 22.5, 22.82, 22.82, 9999.0, 9999.0, 9999.0, 24.09, 9999.0, 22.64, 9999.0, 22.77, 22.55, 22.39, 22.5, 22.5
2026-09-08, 18:36:55, 22.48, 22.5, 22.82, 22.8, 9999.0, 9999.0, 9999.0, 24.07, 9999.0, 22.61, 9999.0, 22.77, 22.55, 22.39, 22.5, 22.5
2026-09-08, 18:36:59, 22.48, 22.5, 22.84, 22.82, 9999.0, 9999.0, 9999.0, 24.02, 9999.0, 22.59, 9999.0, 22.8, 22.55, 22.41, 22.5, 22.5
2026-09-08, 18:37:03, 22.48, 22.5, 22.84, 22.82, 9999.0, 9999.0, 9999.0, 23.98, 9999.0, 22.57, 9999.0, 22.82, 22.52, 22.41, 22.5, 22.5
2026-09-08, 18:37:07, 22.48, 22.5, 22.86, 22.82, 9999.0, 9999.0, 9999.0, 23.95, 9999.0, 22.57, 9999.0, 22.84, 22.52, 22.41, 22.5, 22.5
2026-09-08, 18:37:11, 22.48, 22.5, 22.84, 22.84, 9999.0, 9999.0, 9999.0, 23.91, 9999.0, 22.57, 9999.0, 22.84, 22.5, 22.39, 22.5, 22.5
2026-09-08, 18:37:15, 22.48, 22.5, 22.82, 22.86, 9999.0, 9999.0, 9999.0, 23.89, 9999.0, 22.57, 9999.0, 22.84, 22.52, 22.39, 22.5, 22.5
2026-09-08, 18:37:19, 22.48, 22.5, 22.8, 22.89, 9999.0, 9999.0, 9999.0, 23.86, 9999.0, 22.59, 9999.0, 22.84, 22.55, 22.41, 22.5, 22.5
2026-09-08, 18:37:23, 22.48, 22.5, 22.8, 22.86, 9999.0, 9999.0, 9999.0, 23.82, 9999.0, 22.61, 9999.0, 22.84, 22.57, 22.39, 22.5, 22.5
2026-09-08, 18:37:27, 22.48, 22.5, 22.8, 22.86, 9999.0, 9999.0, 9999.0, 23.86, 9999.0, 22.64, 9999.0, 22.84, 22.59, 22.39, 22.5, 22.48
2026-09-08, 18:37:31, 22.48, 22.5, 22.8, 22.89, 9999.0, 9999.0, 9999.0, 23.91, 9999.0, 22.66, 9999.0, 22.82, 22.59, 22.36, 22.5, 22.48
2026-09-08, 18:37:35, 22.48, 22.5, 22.82, 22.91, 9999.0, 9999.0, 9999.0, 23.93, 9999.0, 22.68, 9999.0, 22.82, 22.59, 22.39, 22.5, 22.48
2026-09-08, 18:37:39, 22.5, 22.5, 22.82, 22.91, 9999.0, 9999.0, 9999.0, 23.95, 9999.0, 22.7, 9999.0, 22.82, 22.61, 22.36, 22.5, 22.48
2026-09-08, 18:37:43, 22.5, 22.5, 22.8, 22.89, 9999.0, 9999.0, 9999.0, 24.0, 9999.0, 22.7, 9999.0, 22.8, 22.64, 22.34, 22.5, 22.48
2026-09-08, 18:37:47, 22.48, 22.5, 22.8, 22.89, 9999.0, 9999.0, 9999.0, 24.05, 9999.0, 22.7, 9999.0, 22.77, 22.64, 22.36, 22.5, 22.48
2026-09-08, 18:37:51, 22.48, 22.5, 22.77, 22.89, 9999.0, 9999.0, 9999.0, 24.09, 9999.0, 22.7, 9999.0, 22.75, 22.64, 22.36, 22.5, 22.48
2026-09-08, 18:37:55, 22.48, 22.5, 22.8, 22.89, 9999.0, 9999.0, 9999.0, 24.14, 9999.0, 22.68, 9999.0, 22.75, 22.64, 22.36, 22.5, 22.48
2026-09-08, 18:37:59, 22.48, 22.5, 22.8, 22.86, 9999.0, 9999.0, 9999.0, 24.16, 9999.0, 22.66, 9999.0, 22.75, 22.61, 22.36, 22.5, 22.48
2026-09-08, 18:38:03, 22.48, 22.5, 22.8, 22.84, 9999.0, 9999.0, 9999.0, 24.18, 9999.0, 22.66, 9999.0, 22.75, 22.59, 22.34, 22.5, 22.48
2026-09-08, 18:38:07, 22.48, 22.5, 22.8, 22.86, 9999.0, 9999.0, 9999.0, 24.23, 9999.0, 22.64, 9999.0, 22.75, 22.57, 22.34, 22.5, 22.48
2026-09-08, 18:38:11, 22.48, 22.5, 22.8, 22.84, 9999.0, 9999.0, 9999.0, 24.18, 9999.0, 22.61, 9999.0, 22.77, 22.55, 22.36, 22.5, 22.5
2026-09-08, 18:38:15, 22.48, 22.5, 22.82, 22.82, 9999.0, 9999.0, 9999.0, 24.14, 9999.0, 22.59, 9999.0, 22.8, 22.57, 22.36, 22.5, 22.5
2026-09-08, 18:38:19, 22.48, 22.5, 22.8, 22.8, 9999.0, 9999.0, 9999.0, 24.09, 9999.0, 22.57, 9999.0, 22.82, 22.57, 22.34, 22.5, 22.5
2026-09-08, 18:38:23, 22.48, 22.5, 22.8, 22.8, 9999.0, 9999.0, 9999.0, 24.05, 9999.0, 22.57, 9999.0, 22.82, 22.55, 22.36, 22.5, 22.5
2026-09-08, 18:38:27, 22.48, 22.5, 22.82, 22.8, 9999.0, 9999.0, 9999.0, 24.0, 9999.0, 22.59, 9999.0, 22.84, 22.52, 22.36, 22.5, 22.5
2026-09-08, 18:38:31, 22.5, 22.5, 22.82, 22.8, 9999.0, 9999.0, 9999.0, 23.95, 9999.0, 22.61, 9999.0, 22.84, 22.55, 22.34, 22.5, 22.5
2026-09-08, 18:38:35, 22.5, 22.5, 22.82, 22.8, 9999.0, 9999.0, 9999.0, 23.91, 9999.0, 22.64, 9999.0, 22.84, 22.57, 22.34, 22.5, 22.5
2026-09-08, 18:38:39, 22.5, 22.5, 22.8, 22.77, 9999.0, 9999.0, 9999.0, 23.86, 9999.0, 22.68, 9999.0, 22.84, 22.57, 22.34, 22.5, 22.5
2026-09-08, 18:38:43, 22.5, 22.5, 22.8, 22.77, 9999.0, 9999.0, 9999.0, 23.91, 9999.0, 22.7, 9999.0, 22.84, 22.57, 22.32, 22.5, 22.5
2026-09-08, 18:38:47, 22.5, 22.5, 22.8, 22.77, 9999.0, 9999.0, 9999.0, 23.95, 9999.0, 22.7, 9999.0, 22.84, 22.59, 22.34, 22.5, 22.5
2026-09-08, 18:38:51, 22.5, 22.5, 22.8, 22.75, 9999.0, 9999.0, 9999.0, 23.98, 9999.0, 22.73, 9999.0, 22.84, 22.59, 22.34, 22.5, 22.5
2026-09-08, 18:38:55, 22.5, 22.5, 22.8, 22.75, 9999.0, 9999.0, 9999.0, 24.0, 9999.0, 22.75, 9999.0, 22.82, 22.59, 22.32, 22.5, 22.5
2026-09-08, 18:38:59, 22.5, 22.5, 22.77, 22.75, 9999.0, 9999.0, 9999.0, 24.02, 9999.0, 22.77, 9999.0, 22.8, 22.57, 22.34, 22.5, 22.5
2026-09-08, 18:39:03, 22.5, 22.5, 22.77, 22.75, 9999.0, 9999.0, 9999.0, 24.05, 9999.0, 22.8, 9999.0, 22.77, 22.57, 22.36, 22.5, 22.5
2026-09-08, 18:39:07, 22.5, 22.5, 22.77, 22.75, 9999.0, 9999.0, 9999.0, 24.07, 9999.0, 22.8, 9999.0, 22.77, 22.57, 22.34, 22.5, 22.5
2026-09-08, 18:39:11, 22.48, 22.5, 22.75, 22.75, 9999.0, 9999.0, 9999.0, 24.09, 9999.0, 22.8, 9999.0, 22.75, 22.57, 22.36, 22.5, 22.5
2026-09-08, 18:39:15, 22.48, 22.5, 22.75, 22.75, 9999.0, 9999.0, 9999.0, 24.11, 9999.0, 22.8, 9999.0, 22.75, 22.55, 22.36, 22.5, 22.5
2026-09-08, 18:39:20, 22.48, 22.5, 22.75, 22.75, 9999.0, 9999.0, 9999.0, 24.14, 9999.0, 22.75, 9999.0, 22.75, 22.52, 22.36, 22.5, 22.48
2026-09-08, 18:39:24, 22.48, 22.5, 22.75, 22.75, 9999.0, 9999.0, 9999.0, 24.16, 9999.0, 22.7, 9999.0, 22.75, 22.52, 22.36, 22.48, 22.45
2026-09-08, 18:39:28, 22.48, 22.5, 22.75, 22.75, 9999.0, 9999.0, 9999.0, 24.11, 9999.0, 22.68, 9999.0, 22.75, 22.52, 22.36, 22.48, 22.45
2026-09-08, 18:39:32, 22.48, 22.5, 22.75, 22.75, 9999.0, 9999.0, 9999.0, 24.07, 9999.0, 22.68, 9999.0, 22.77, 22.5, 22.36, 22.48, 22.45
2026-09-08, 18:39:36, 22.48, 22.5, 22.75, 22.75, 9999.0, 9999.0, 9999.0, 24.02, 9999.0, 22.68, 9999.0, 22.8, 22.5, 22.39, 22.45, 22.45
2026-09-08, 18:39:40, 22.48, 22.5, 22.77, 22.75, 9999.0, 9999.0, 9999.0, 23.98, 9999.0, 22.68, 9999.0, 22.8, 22.5, 22.39, 22.45, 22.45
2026-09-08, 18:39:44, 22.48, 22.5, 22.77, 22.75, 9999.0, 9999.0, 9999.0, 23.93, 9999.0, 22.68, 9999.0, 22.82, 22.5, 22.36, 22.45, 22.43
2026-09-08, 18:39:48, 22.48, 22.5, 22.77, 22.75, 9999.0, 9999.0, 9999.0, 23.91, 9999.0, 22.68, 9999.0, 22.84, 22.5, 22.34, 22.45, 22.41
2026-09-08, 18:39:52, 22.48, 22.5, 22.77, 22.75, 9999.0, 9999.0, 9999.0, 23.89, 9999.0, 22.7, 9999.0, 22.84, 22.52, 22.36, 22.43, 22.41
2026-09-08, 18:39:56, 22.5, 22.5, 22.77, 22.75, 9999.0, 9999.0, 9999.0, 23.84, 9999.0, 22.73, 9999.0, 22.84, 22.55, 22.34, 22.43, 22.41
2026-09-08, 18:40:00, 22.5, 22.5, 22.77, 22.75, 9999.0, 9999.0, 9999.0, 23.89, 9999.0, 22.75, 9999.0, 22.84, 22.55, 22.36, 22.43, 22.39
2026-09-08, 18:40:04, 22.5, 22.5, 22.77, 22.75, 9999.0, 9999.0, 9999.0, 23.93, 9999.0, 22.77, 9999.0, 22.84, 22.55, 22.34, 22.43, 22.39
2026-09-08, 18:40:08, 22.5, 22.5, 22.77, 22.75, 9999.0, 9999.0, 9999.0, 23.95, 9999.0, 22.8, 9999.0, 22.84, 22.55, 22.34, 22.45, 22.41
2026-09-08, 18:40:12, 22.5, 22.5, 22.77, 22.75, 9999.0, 9999.0, 9999.0, 23.98, 9999.0, 22.82, 9999.0, 22.84, 22.55, 22.34, 22.45, 22.41
2026-09-08, 18:40:16, 22.5, 22.5, 22.77, 22.75, 9999.0, 9999.0, 9999.0, 24.0, 9999.0, 22.82, 9999.0, 22.82, 22.57, 22.32, 22.45, 22.41
2026-09-08, 18:40:20, 22.48, 22.5, 22.77, 22.75, 9999.0, 9999.0, 9999.0, 24.05, 9999.0, 22.82, 9999.0, 22.8, 22.59, 22.32, 22.48, 22.39
2026-09-08, 18:40:24, 22.48, 22.5, 22.75, 22.75, 9999.0, 9999.0, 9999.0, 24.09, 9999.0, 22.82, 9999.0, 22.8, 22.61, 22.32, 22.48, 22.36
2026-09-08, 18:40:28, 22.48, 22.5, 22.75, 22.75, 9999.0, 9999.0, 9999.0, 24.11, 9999.0, 22.82, 9999.0, 22.77, 22.61, 22.34, 22.45, 22.39
2026-09-08, 18:40:32, 22.45, 22.5, 22.75, 22.75, 9999.0, 9999.0, 9999.0, 24.16, 9999.0, 22.82, 9999.0, 22.75, 22.61, 22.36, 22.43, 22.41
2026-09-08, 18:40:36, 22.45, 22.5, 22.75, 22.75, 9999.0, 9999.0, 9999.0, 24.2, 9999.0, 22.8, 9999.0, 22.75, 22.59, 22.34, 22.45, 22.39
2026-09-08, 18:40:40, 22.45, 22.5, 22.75, 22.75, 9999.0, 9999.0, 9999.0, 24.25, 9999.0, 22.77, 9999.0, 22.75, 22.57, 22.34, 22.45, 22.39
2026-09-08, 18:40:44, 22.45, 22.5, 22.75, 22.75, 9999.0, 9999.0, 9999.0, 24.2, 9999.0, 22.75, 9999.0, 22.75, 22.57, 22.32, 22.45, 22.41
2026-09-08, 18:40:48, 22.45, 22.5, 22.75, 22.75, 9999.0, 9999.0, 9999.0, 24.16, 9999.0, 22.73, 9999.0, 22.77, 22.57, 22.34, 22.45, 22.43
2026-09-08, 18:40:52, 22.45, 22.5, 22.75, 22.75, 9999.0, 9999.0, 9999.0, 24.11, 9999.0, 22.7, 9999.0, 22.8, 22.57, 22.34, 22.45, 22.41
2026-09-08, 18:40:56, 22.45, 22.5, 22.75, 22.75, 9999.0, 9999.0, 9999.0, 24.09, 9999.0, 22.68, 9999.0, 22.82, 22.57, 22.34, 22.45, 22.41
2026-09-08, 18:41:00, 22.45, 22.5, 22.75, 22.75, 9999.0, 9999.0, 9999.0, 24.05, 9999.0, 22.68, 9999.0, 22.82, 22.55, 22.36, 22.45, 22.41
2026-09-08, 18:41:04, 22.48, 22.5, 22.75, 22.75, 9999.0, 9999.0, 9999.0, 24.0, 9999.0, 22.68, 9999.0, 22.82, 22.52, 22.34, 22.43, 22.41
2026-09-08, 18:41:08, 22.48, 22.5, 22.75, 22.75, 9999.0, 9999.0, 9999.0, 23.95, 9999.0, 22.68, 9999.0, 22.82, 22.52, 22.36, 22.43, 22.43
2026-09-08, 18:41:12, 22.48, 22.5, 22.75, 22.75, 9999.0, 9999.0, 9999.0, 23.93, 9999.0, 22.7, 9999.0, 22.82, 22.55, 22.36, 22.45, 22.43
2026-09-08, 18:41:16, 22.5, 22.5, 22.75, 22.75, 9999.0, 9999.0, 9999.0, 23.89, 9999.0, 22.73, 9999.0, 22.82, 22.55, 22.34, 22.48, 22.43
2026-09-08, 18:41:20, 22.5, 22.5, 22.75, 22.75, 9999.0, 9999.0, 9999.0, 23.91, 9999.0, 22.73, 9999.0, 22.82, 22.55, 22.36, 22.48, 22.43
2026-09-08, 18:41:24, 22.5, 22.5, 22.75, 22.75, 9999.0, 9999.0, 9999.0, 23.95, 9999.0, 22.73, 9999.0, 22.82, 22.55, 22.39, 22.45, 22.43
2026-09-08, 18:41:28, 22.5, 22.5, 22.75, 22.75, 9999.0, 9999.0, 9999.0, 23.98, 9999.0, 22.73, 9999.0, 22.82, 22.57, 22.39, 22.43, 22.43
2026-09-08, 18:41:32, 22.5, 22.5, 22.75, 22.75, 9999.0, 9999.0, 9999.0, 24.0, 9999.0, 22.75, 9999.0, 22.8, 22.57, 22.36, 22.43, 22.41
2026-09-08, 18:41:36, 22.5, 22.5, 22.75, 22.75, 9999.0, 9999.0, 9999.0, 24.05, 9999.0, 22.77, 9999.0, 22.77, 22.57, 22.36, 22.43, 22.43
2026-09-08, 18:41:40, 22.5, 22.5, 22.75, 22.75, 9999.0, 9999.0, 9999.0, 24.05, 9999.0, 22.8, 9999.0, 22.75, 22.57, 22.36, 22.41, 22.43
2026-09-08, 18:41:44, 22.5, 22.5, 22.75, 22.75, 9999.0, 9999.0, 9999.0, 24.07, 9999.0, 22.8, 9999.0, 22.75, 22.57, 22.36, 22.41, 22.41
2026-09-08, 18:41:48, 22.5, 22.5, 22.77, 22.75, 9999.0, 9999.0, 9999.0, 24.11, 9999.0, 22.8, 9999.0, 22.73, 22.57, 22.36, 22.43, 22.41
2026-09-08, 18:41:52, 22.5, 22.5, 22.77, 22.75, 9999.0, 9999.0, 9999.0, 24.16, 9999.0, 22.77, 9999.0, 22.73, 22.55, 22.34, 22.41, 22.41
2026-09-08, 18:41:56, 22.5, 22.5, 22.77, 22.75, 9999.0, 9999.0, 9999.0, 24.18, 9999.0, 22.75, 9999.0, 22.73, 22.52, 22.32, 22.41, 22.41
2026-09-08, 18:42:00, 22.48, 22.5, 22.77, 22.75, 9999.0, 9999.0, 9999.0, 24.2, 9999.0, 22.73, 9999.0, 22.73, 22.52, 22.32, 22.41, 22.41
2026-09-08, 18:42:04, 22.48, 22.5, 22.77, 22.75, 9999.0, 9999.0, 9999.0, 24.16, 9999.0, 22.7, 9999.0, 22.73, 22.52, 22.3, 22.41, 22.43
2026-09-08, 18:42:08, 22.48, 22.5, 22.77, 22.75, 9999.0, 9999.0, 9999.0, 24.11, 9999.0, 22.68, 9999.0, 22.75, 22.52, 22.27, 22.43, 22.43
2026-09-08, 18:42:12, 22.48, 22.5, 22.77, 22.75, 9999.0, 9999.0, 9999.0, 24.07, 9999.0, 22.66, 9999.0, 22.77, 22.5, 22.27, 22.45, 22.43
2026-09-08, 18:42:16, 22.45, 22.5, 22.77, 22.75, 9999.0, 9999.0, 9999.0, 24.02, 9999.0, 22.66, 9999.0, 22.8, 22.5, 22.27, 22.45, 22.45
2026-09-08, 18:42:20, 22.45, 22.5, 22.77, 22.75, 9999.0, 9999.0, 9999.0, 23.98, 9999.0, 22.66, 9999.0, 22.8, 22.5, 22.27, 22.45, 22.45
2026-09-08, 18:42:24, 22.45, 22.5, 22.77, 22.75, 9999.0, 9999.0, 9999.0, 23.95, 9999.0, 22.68, 9999.0, 22.8, 22.52, 22.3, 22.48, 22.43
2026-09-08, 18:42:28, 22.45, 22.5, 22.77, 22.75, 9999.0, 9999.0, 9999.0, 23.93, 9999.0, 22.68, 9999.0, 22.8, 22.52, 22.3, 22.48, 22.45
2026-09-08, 18:42:32, 22.45, 22.5, 22.75, 22.75, 9999.0, 9999.0, 9999.0, 23.89, 9999.0, 22.68, 9999.0, 22.82, 22.52, 22.3, 22.45, 22.48
2026-09-08, 18:42:36, 22.45, 22.5, 22.75, 22.75, 9999.0, 9999.0, 9999.0, 23.91, 9999.0, 22.7, 9999.0, 22.82, 22.52, 22.32, 22.48, 22.48
2026-09-08, 18:42:40, 22.45, 22.5, 22.75, 22.75, 9999.0, 9999.0, 9999.0, 23.95, 9999.0, 22.7, 9999.0, 22.82, 22.52, 22.32, 22.48, 22.48
2026-09-08, 18:42:44, 22.48, 22.5, 22.75, 22.75, 9999.0, 9999.0, 9999.0, 23.98, 9999.0, 22.7, 9999.0, 22.82, 22.52, 22.32, 22.48, 22.48
2026-09-08, 18:42:48, 22.48, 22.5, 22.75, 22.75, 9999.0, 9999.0, 9999.0, 24.0, 9999.0, 22.73, 9999.0, 22.82, 22.52, 22.32, 22.48, 22.48
2026-09-08, 18:42:52, 22.48, 22.5, 22.75, 22.75, 9999.0, 9999.0, 9999.0, 24.0, 9999.0, 22.75, 9999.0, 22.8, 22.52, 22.34, 22.48, 22.45
2026-09-08, 18:42:56, 22.48, 22.5, 22.75, 22.75, 9999.0, 9999.0, 9999.0, 24.02, 9999.0, 22.77, 9999.0, 22.77, 22.52, 22.34, 22.48, 22.45
2026-09-08, 18:43:00, 22.5, 22.5, 22.75, 22.75, 9999.0, 9999.0, 9999.0, 24.05, 9999.0, 22.75, 9999.0, 22.75, 22.52, 22.34, 22.45, 22.45
2026-09-08, 18:43:05, 22.5, 22.5, 22.75, 22.75, 9999.0, 9999.0, 9999.0, 24.07, 9999.0, 22.75, 9999.0, 22.75, 22.52, 22.34, 22.45, 22.45
2026-09-08, 18:43:09, 22.48, 22.5, 22.75, 22.75, 9999.0, 9999.0, 9999.0, 24.09, 9999.0, 22.73, 9999.0, 22.75, 22.5, 22.34, 22.45, 22.48
2026-09-08, 18:43:13, 22.48, 22.5, 22.75, 22.75, 9999.0, 9999.0, 9999.0, 24.11, 9999.0, 22.73, 9999.0, 22.75, 22.5, 22.34, 22.45, 22.45
2026-09-08, 18:43:17, 22.45, 22.5, 22.75, 22.75, 9999.0, 9999.0, 9999.0, 24.14, 9999.0, 22.7, 9999.0, 22.75, 22.5, 22.34, 22.48, 22.43
2026-09-08, 18:43:21, 22.45, 22.5, 22.75, 22.75, 9999.0, 9999.0, 9999.0, 24.09, 9999.0, 22.68, 9999.0, 22.77, 22.52, 22.32, 22.48, 22.43
2026-09-08, 18:43:25, 22.45, 22.5, 22.75, 22.75, 9999.0, 9999.0, 9999.0, 24.05, 9999.0, 22.66, 9999.0, 22.8, 22.52, 22.34, 22.48, 22.43
2026-09-08, 18:43:29, 22.43, 22.5, 22.75, 22.75, 9999.0, 9999.0, 9999.0, 24.02, 9999.0, 22.66, 9999.0, 22.8, 22.52, 22.34, 22.48, 22.43
2026-09-08, 18:43:33, 22.43, 22.5, 22.75, 22.75, 9999.0, 9999.0, 9999.0, 23.98, 9999.0, 22.64, 9999.0, 22.8, 22.52, 22.36, 22.48, 22.41
2026-09-08, 18:43:37, 22.41, 22.5, 22.75, 22.75, 9999.0, 9999.0, 9999.0, 23.95, 9999.0, 22.61, 9999.0, 22.8, 22.55, 22.36, 22.48, 22.43
2026-09-08, 18:43:41, 22.39, 22.5, 22.75, 22.75, 9999.0, 9999.0, 9999.0, 23.93, 9999.0, 22.61, 9999.0, 22.8, 22.57, 22.36, 22.48, 22.43
2026-09-08, 18:43:45, 22.39, 22.5, 22.75, 22.75, 9999.0, 9999.0, 9999.0, 23.91, 9999.0, 22.64, 9999.0, 22.8, 22.59, 22.39, 22.5, 22.41
2026-09-08, 18:43:49, 22.39, 22.5, 22.75, 22.75, 9999.0, 9999.0, 9999.0, 23.86, 9999.0, 22.61, 9999.0, 22.8, 22.59, 22.41, 22.5, 22.41
2026-09-08, 18:43:53, 22.41, 22.5, 22.75, 22.75, 9999.0, 9999.0, 9999.0, 23.91, 9999.0, 22.61, 9999.0, 22.8, 22.59, 22.39, 22.48, 22.41
2026-09-08, 18:43:57, 22.39, 22.5, 22.75, 22.75, 9999.0, 9999.0, 9999.0, 23.93, 9999.0, 22.61, 9999.0, 22.8, 22.59, 22.36, 22.48, 22.43
2026-09-08, 18:44:01, 22.41, 22.5, 22.75, 22.75, 9999.0, 9999.0, 9999.0, 23.95, 9999.0, 22.64, 9999.0, 22.8, 22.59, 22.36, 22.48, 22.45
2026-09-08, 18:44:05, 22.41, 22.5, 22.75, 22.75, 9999.0, 9999.0, 9999.0, 23.98, 9999.0, 22.66, 9999.0, 22.77, 22.57, 22.36, 22.48, 22.43
2026-09-08, 18:44:09, 22.39, 22.5, 22.75, 22.75, 9999.0, 9999.0, 9999.0, 24.0, 9999.0, 22.66, 9999.0, 22.75, 22.57, 22.36, 22.48, 22.41
2026-09-08, 18:44:13, 22.41, 22.5, 22.75, 22.75, 9999.0, 9999.0, 9999.0, 24.0, 9999.0, 22.64, 9999.0, 22.75, 22.57, 22.36, 22.48, 22.39
2026-09-08, 18:44:17, 22.41, 22.5, 22.75, 22.75, 9999.0, 9999.0, 9999.0, 24.02, 9999.0, 22.64, 9999.0, 22.75, 22.57, 22.34, 22.48, 22.39
2026-09-08, 18:44:21, 22.43, 22.5, 22.75, 22.75, 9999.0, 9999.0, 9999.0, 24.05, 9999.0, 22.64, 9999.0, 22.75, 22.55, 22.32, 22.48, 22.36
2026-09-08, 18:44:25, 22.45, 22.5, 22.75, 22.75, 9999.0, 9999.0, 9999.0, 24.07, 9999.0, 22.61, 9999.0, 22.75, 22.52, 22.32, 22.45, 22.36
2026-09-08, 18:44:29, 22.45, 22.5, 22.75, 22.75, 9999.0, 9999.0, 9999.0, 24.09, 9999.0, 22.59, 9999.0, 22.75, 22.5, 22.3, 22.45, 22.39
2026-09-08, 18:44:33, 22.45, 22.5, 22.75, 22.75, 9999.0, 9999.0, 9999.0, 24.14, 9999.0, 22.59, 9999.0, 22.75, 22.5, 22.27, 22.43, 22.39
2026-09-08, 18:44:37, 22.45, 22.5, 22.75, 22.75, 9999.0, 9999.0, 9999.0, 24.07, 9999.0, 22.57, 9999.0, 22.77, 22.5, 22.27, 22.45, 22.36
2026-09-08, 18:44:41, 22.48, 22.5, 22.75, 22.75, 9999.0, 9999.0, 9999.0, 24.02, 9999.0, 22.55, 9999.0, 22.8, 22.52, 22.27, 22.45, 22.34
2026-09-08, 18:44:45, 22.48, 22.5, 22.75, 22.75, 9999.0, 9999.0, 9999.0, 23.98, 9999.0, 22.52, 9999.0, 22.8, 22.52, 22.3, 22.43, 22.34
2026-09-08, 18:44:49, 22.48, 22.5, 22.75, 22.75, 9999.0, 9999.0, 9999.0, 23.93, 9999.0, 22.5, 9999.0, 22.8, 22.52, 22.3, 22.43, 22.36
2026-09-08, 18:44:53, 22.5, 22.5, 22.75, 22.75, 9999.0, 9999.0, 9999.0, 23.89, 9999.0, 22.5, 9999.0, 22.8, 22.52, 22.27, 22.43, 22.39
2026-09-08, 18:44:57, 22.5, 22.5, 22.75, 22.75, 9999.0, 9999.0, 9999.0, 23.86, 9999.0, 22.52, 9999.0, 22.8, 22.55, 22.3, 22.43, 22.41
2026-09-08, 18:45:01, 22.5, 22.5, 22.75, 22.75, 9999.0, 9999.0, 9999.0, 23.82, 9999.0, 22.55, 9999.0, 22.8, 22.55, 22.3, 22.43, 22.43
2026-09-08, 18:45:05, 22.5, 22.5, 22.75, 22.75, 9999.0, 9999.0, 9999.0, 23.86, 9999.0, 22.57, 9999.0, 22.8, 22.55, 22.3, 22.43, 22.43
2026-09-08, 18:45:09, 22.5, 22.5, 22.75, 22.75, 9999.0, 9999.0, 9999.0, 23.89, 9999.0, 22.59, 9999.0, 22.8, 22.55, 22.3, 22.45, 22.43
2026-09-08, 18:45:13, 22.5, 22.5, 22.75, 22.75, 9999.0, 9999.0, 9999.0, 23.91, 9999.0, 22.61, 9999.0, 22.8, 22.55, 22.3, 22.45, 22.43
2026-09-08, 18:45:17, 22.5, 22.5, 22.75, 22.75, 9999.0, 9999.0, 9999.0, 23.93, 9999.0, 22.61, 9999.0, 22.8, 22.55, 22.3, 22.45, 22.43
2026-09-08, 18:45:21, 22.5, 22.5, 22.75, 22.75, 9999.0, 9999.0, 9999.0, 23.98, 9999.0, 22.61, 9999.0, 22.77, 22.55, 22.3, 22.43, 22.45
2026-09-08, 18:45:25, 22.5, 22.5, 22.75, 22.75, 9999.0, 9999.0, 9999.0, 24.02, 9999.0, 22.61, 9999.0, 22.75, 22.52, 22.3, 22.43, 22.48
2026-09-08, 18:45:29, 22.48, 22.5, 22.75, 22.75, 9999.0, 9999.0, 9999.0, 24.05, 9999.0, 22.61, 9999.0, 22.75, 22.52, 22.27, 22.45, 22.45
2026-09-08, 18:45:33, 22.48, 22.5, 22.75, 22.75, 9999.0, 9999.0, 9999.0, 24.07, 9999.0, 22.61, 9999.0, 22.75, 22.52, 22.27, 22.45, 22.43
2026-09-08, 18:45:37, 22.48, 22.5, 22.75, 22.75, 9999.0, 9999.0, 9999.0, 24.09, 9999.0, 22.61, 9999.0, 22.75, 22.52, 22.27, 22.45, 22.41
2026-09-08, 18:45:41, 22.48, 22.5, 22.75, 22.75, 9999.0, 9999.0, 9999.0, 24.11, 9999.0, 22.59, 9999.0, 22.75, 22.5, 22.25, 22.45, 22.39
2026-09-08, 18:45:45, 22.48, 22.5, 22.75, 22.75, 9999.0, 9999.0, 9999.0, 24.16, 9999.0, 22.57, 9999.0, 22.75, 22.5, 22.27, 22.45, 22.39
2026-09-08, 18:45:49, 22.48, 22.5, 22.75, 22.75, 9999.0, 9999.0, 9999.0, 24.11, 9999.0, 22.55, 9999.0, 22.75, 22.5, 22.27, 22.45, 22.39
2026-09-08, 18:45:53, 22.48, 22.5, 22.75, 22.75, 9999.0, 9999.0, 9999.0, 24.07, 9999.0, 22.52, 9999.0, 22.77, 22.5, 22.27, 22.45, 22.39
2026-09-08, 18:45:57, 22.48, 22.5, 22.75, 22.75, 9999.0, 9999.0, 9999.0, 24.02, 9999.0, 22.48, 9999.0, 22.8, 22.5, 22.27, 22.45, 22.36
2026-09-08, 18:46:01, 22.48, 22.5, 22.75, 22.75, 9999.0, 9999.0, 9999.0, 23.98, 9999.0, 22.5, 9999.0, 22.8, 22.5, 22.3, 22.48, 22.36
2026-09-08, 18:46:05, 22.48, 22.5, 22.75, 22.75, 9999.0, 9999.0, 9999.0, 23.93, 9999.0, 22.5, 9999.0, 22.8, 22.5, 22.3, 22.5, 22.36
2026-09-08, 18:46:09, 22.48, 22.5, 22.75, 22.75, 9999.0, 9999.0, 9999.0, 23.89, 9999.0, 22.5, 9999.0, 22.8, 22.52, 22.32, 22.48, 22.36
2026-09-08, 18:46:13, 22.5, 22.5, 22.75, 22.75, 9999.0, 9999.0, 9999.0, 23.84, 9999.0, 22.52, 9999.0, 22.8, 22.52, 22.32, 22.48, 22.39
2026-09-08, 18:46:17, 22.5, 22.5, 22.75, 22.75, 9999.0, 9999.0, 9999.0, 23.8, 9999.0, 22.55, 9999.0, 22.8, 22.52, 22.32, 22.48, 22.41
2026-09-08, 18:46:21, 22.5, 22.5, 22.75, 22.75, 9999.0, 9999.0, 9999.0, 23.82, 9999.0, 22.57, 9999.0, 22.8, 22.52, 22.32, 22.48, 22.41
2026-09-08, 18:46:25, 22.5, 22.5, 22.75, 22.75, 9999.0, 9999.0, 9999.0, 23.84, 9999.0, 22.57, 9999.0, 22.8, 22.52, 22.34, 22.48, 22.41
2026-09-08, 18:46:29, 22.5, 22.5, 22.75, 22.75, 9999.0, 9999.0, 9999.0, 23.86, 9999.0, 22.57, 9999.0, 22.8, 22.52, 22.32, 22.48, 22.39
2026-09-08, 18:46:33, 22.5, 22.5, 22.75, 22.75, 9999.0, 9999.0, 9999.0, 23.86, 9999.0, 22.57, 9999.0, 22.8, 22.52, 22.32, 22.48, 22.39
2026-09-08, 18:46:37, 22.5, 22.5, 22.75, 22.75, 9999.0, 9999.0, 9999.0, 23.91, 9999.0, 22.57, 9999.0, 22.77, 22.52, 22.32, 22.48, 22.39
2026-09-08, 18:46:41, 22.5, 22.5, 22.75, 22.75, 9999.0, 9999.0, 9999.0, 23.93, 9999.0, 22.59, 9999.0, 22.75, 22.52, 22.32, 22.45, 22.41
2026-09-08, 18:46:45, 22.48, 22.5, 22.75, 22.75, 9999.0, 9999.0, 9999.0, 23.95, 9999.0, 22.57, 9999.0, 22.73, 22.52, 22.3, 22.45, 22.41
2026-09-08, 18:46:49, 22.45, 22.5, 22.75, 22.75, 9999.0, 9999.0, 9999.0, 23.98, 9999.0, 22.55, 9999.0, 22.73, 22.52, 22.3, 22.43, 22.41
2026-09-08, 18:46:54, 22.45, 22.5, 22.75, 22.75, 9999.0, 9999.0, 9999.0, 24.0, 9999.0, 22.55, 9999.0, 22.73, 22.5, 22.27, 22.43, 22.41
2026-09-08, 18:46:58, 22.43, 22.5, 22.75, 22.75, 9999.0, 9999.0, 9999.0, 24.05, 9999.0, 22.52, 9999.0, 22.73, 22.5, 22.27, 22.41, 22.41
2026-09-08, 18:47:02, 22.41, 22.5, 22.75, 22.75, 9999.0, 9999.0, 9999.0, 24.07, 9999.0, 22.48, 9999.0, 22.73, 22.5, 22.27, 22.41, 22.41
2026-09-08, 18:47:06, 22.41, 22.5, 22.75, 22.75, 9999.0, 9999.0, 9999.0, 24.02, 9999.0, 22.43, 9999.0, 22.73, 22.5, 22.27, 22.41, 22.43
2026-09-08, 18:47:10, 22.41, 22.5, 22.75, 22.75, 9999.0, 9999.0, 9999.0, 23.98, 9999.0, 22.41, 9999.0, 22.75, 22.5, 22.25, 22.41, 22.45
2026-09-08, 18:47:14, 22.41, 22.5, 22.75, 22.75, 9999.0, 9999.0, 9999.0, 23.93, 9999.0, 22.39, 9999.0, 22.75, 22.5, 22.25, 22.41, 22.48
2026-09-08, 18:47:18, 22.39, 22.5, 22.75, 22.75, 9999.0, 9999.0, 9999.0, 23.91, 9999.0, 22.39, 9999.0, 22.77, 22.5, 22.25, 22.41, 22.5
2026-09-08, 18:47:22, 22.39, 22.5, 22.75, 22.75, 9999.0, 9999.0, 9999.0, 23.86, 9999.0, 22.39, 9999.0, 22.8, 22.5, 22.27, 22.41, 22.5
2026-09-08, 18:47:26, 22.39, 22.5, 22.75, 22.75, 9999.0, 9999.0, 9999.0, 23.84, 9999.0, 22.39, 9999.0, 22.8, 22.5, 22.3, 22.43, 22.5
2026-09-08, 18:47:30, 22.41, 22.5, 22.75, 22.75, 9999.0, 9999.0, 9999.0, 23.8, 9999.0, 22.41, 9999.0, 22.82, 22.5, 22.3, 22.43, 22.5
2026-09-08, 18:47:34, 22.43, 22.5, 22.75, 22.75, 9999.0, 9999.0, 9999.0, 23.75, 9999.0, 22.43, 9999.0, 22.82, 22.5, 22.3, 22.45, 22.5
2026-09-08, 18:47:38, 22.41, 22.5, 22.75, 22.75, 9999.0, 9999.0, 9999.0, 23.77, 9999.0, 22.43, 9999.0, 22.82, 22.52, 22.3, 22.48, 22.5
2026-09-08, 18:47:42, 22.43, 22.5, 22.75, 22.75, 9999.0, 9999.0, 9999.0, 23.8, 9999.0, 22.43, 9999.0, 22.82, 22.52, 22.3, 22.5, 22.5
2026-09-08, 18:47:46, 22.45, 22.5, 22.75, 22.75, 9999.0, 9999.0, 9999.0, 23.84, 9999.0, 22.45, 9999.0, 22.82, 22.52, 22.3, 22.5, 22.5
2026-09-08, 18:47:50, 22.45, 22.5, 22.75, 22.75, 9999.0, 9999.0, 9999.0, 23.86, 9999.0, 22.48, 9999.0, 22.82, 22.52, 22.3, 22.5, 22.48
2026-09-08, 18:47:54, 22.45, 22.5, 22.75, 22.75, 9999.0, 9999.0, 9999.0, 23.89, 9999.0, 22.5, 9999.0, 22.8, 22.52, 22.3, 22.5, 22.48
2026-09-08, 18:47:58, 22.43, 22.5, 22.75, 22.75, 9999.0, 9999.0, 9999.0, 23.91, 9999.0, 22.5, 9999.0, 22.8, 22.52, 22.3, 22.5, 22.48
2026-09-08, 18:48:02, 22.45, 22.5, 22.75, 22.75, 9999.0, 9999.0, 9999.0, 23.93, 9999.0, 22.48, 9999.0, 22.77, 22.55, 22.3, 22.48, 22.45
2026-09-08, 18:48:06, 22.45, 22.5, 22.75, 22.75, 9999.0, 9999.0, 9999.0, 23.95, 9999.0, 22.45, 9999.0, 22.75, 22.55, 22.27, 22.48, 22.45
2026-09-08, 18:48:10, 22.43, 22.5, 22.75, 22.75, 9999.0, 9999.0, 9999.0, 23.98, 9999.0, 22.43, 9999.0, 22.75, 22.55, 22.27, 22.48, 22.45
2026-09-08, 18:48:14, 22.43, 22.5, 22.75, 22.75, 9999.0, 9999.0, 9999.0, 24.0, 9999.0, 22.39, 9999.0, 22.75, 22.55, 22.27, 22.48, 22.45
2026-09-08, 18:48:18, 22.43, 22.5, 22.75, 22.75, 9999.0, 9999.0, 9999.0, 24.02, 9999.0, 22.36, 9999.0, 22.75, 22.55, 22.27, 22.48, 22.45
2026-09-08, 18:48:22, 22.45, 22.5, 22.75, 22.75, 9999.0, 9999.0, 9999.0, 23.98, 9999.0, 22.34, 9999.0, 22.75, 22.52, 22.27, 22.48, 22.45
2026-09-08, 18:48:26, 22.45, 22.5, 22.75, 22.75, 9999.0, 9999.0, 9999.0, 23.93, 9999.0, 22.32, 9999.0, 22.77, 22.52, 22.3, 22.48, 22.45
2026-09-08, 18:48:30, 22.45, 22.5, 22.75, 22.75, 9999.0, 9999.0, 9999.0, 23.89, 9999.0, 22.3, 9999.0, 22.8, 22.52, 22.3, 22.48, 22.45
2026-09-08, 18:48:34, 22.45, 22.5, 22.75, 22.75, 9999.0, 9999.0, 9999.0, 23.84, 9999.0, 22.3, 9999.0, 22.82, 22.52, 22.3, 22.48, 22.45
2026-09-08, 18:48:38, 22.45, 22.5, 22.75, 22.75, 9999.0, 9999.0, 9999.0, 23.8, 9999.0, 22.27, 9999.0, 22.82, 22.52, 22.3, 22.48, 22.45
2026-09-08, 18:48:42, 22.48, 22.5, 22.75, 22.75, 9999.0, 9999.0, 9999.0, 23.75, 9999.0, 22.3, 9999.0, 22.82, 22.52, 22.32, 22.48, 22.45
2026-09-08, 18:48:46, 22.48, 22.5, 22.75, 22.75, 9999.0, 9999.0, 9999.0, 23.7, 9999.0, 22.32, 9999.0, 22.84, 22.5, 22.32, 22.5, 22.45
2026-09-08, 18:48:50, 22.48, 22.5, 22.75, 22.75, 9999.0, 9999.0, 9999.0, 23.66, 9999.0, 22.34, 9999.0, 22.84, 22.5, 22.34, 22.5, 22.45
2026-09-08, 18:48:54, 22.5, 22.5, 22.75, 22.75, 9999.0, 9999.0, 9999.0, 23.68, 9999.0, 22.36, 9999.0, 22.84, 22.5, 22.34, 22.5, 22.45
2026-09-08, 18:48:58, 22.5, 22.5, 22.75, 22.75, 9999.0, 9999.0, 9999.0, 23.7, 9999.0, 22.39, 9999.0, 22.84, 22.5, 22.36, 22.5, 22.45
2026-09-08, 18:49:02, 22.5, 22.5, 22.75, 22.75, 9999.0, 9999.0, 9999.0, 23.73, 9999.0, 22.41, 9999.0, 22.84, 22.5, 22.36, 22.5, 22.43
2026-09-08, 18:49:06, 22.48, 22.5, 22.75, 22.75, 9999.0, 9999.0, 9999.0, 23.75, 9999.0, 22.43, 9999.0, 22.84, 22.5, 22.36, 22.5, 22.43
2026-09-08, 18:49:10, 22.45, 22.5, 22.75, 22.75, 9999.0, 9999.0, 9999.0, 23.77, 9999.0, 22.43, 9999.0, 22.82, 22.5, 22.36, 22.5, 22.43
2026-09-08, 18:49:14, 22.45, 22.5, 22.77, 22.75, 9999.0, 9999.0, 9999.0, 23.8, 9999.0, 22.45, 9999.0, 22.8, 22.5, 22.36, 22.5, 22.43
2026-09-08, 18:49:18, 22.45, 22.5, 22.77, 22.75, 9999.0, 9999.0, 9999.0, 23.84, 9999.0, 22.43, 9999.0, 22.77, 22.5, 22.36, 22.5, 22.45
2026-09-08, 18:49:22, 22.45, 22.5, 22.77, 22.75, 9999.0, 9999.0, 9999.0, 23.89, 9999.0, 22.45, 9999.0, 22.77, 22.5, 22.39, 22.5, 22.45
2026-09-08, 18:49:26, 22.43, 22.5, 22.77, 22.75, 9999.0, 9999.0, 9999.0, 23.91, 9999.0, 22.43, 9999.0, 22.77, 22.5, 22.36, 22.5, 22.45
2026-09-08, 18:49:30, 22.43, 22.5, 22.77, 22.75, 9999.0, 9999.0, 9999.0, 23.95, 9999.0, 22.41, 9999.0, 22.75, 22.5, 22.36, 22.48, 22.45
2026-09-08, 18:49:34, 22.43, 22.5, 22.77, 22.75, 9999.0, 9999.0, 9999.0, 23.98, 9999.0, 22.39, 9999.0, 22.75, 22.5, 22.34, 22.48, 22.43
2026-09-08, 18:49:38, 22.43, 22.5, 22.77, 22.75, 9999.0, 9999.0, 9999.0, 23.93, 9999.0, 22.36, 9999.0, 22.75, 22.5, 22.34, 22.48, 22.43
2026-09-08, 18:49:42, 22.43, 22.5, 22.77, 22.75, 9999.0, 9999.0, 9999.0, 23.91, 9999.0, 22.32, 9999.0, 22.77, 22.5, 22.34, 22.48, 22.43
2026-09-08, 18:49:46, 22.43, 22.5, 22.77, 22.75, 9999.0, 9999.0, 9999.0, 23.89, 9999.0, 22.27, 9999.0, 22.8, 22.5, 22.34, 22.48, 22.45
2026-09-08, 18:49:50, 22.45, 22.5, 22.77, 22.75, 9999.0, 9999.0, 9999.0, 23.84, 9999.0, 22.25, 9999.0, 22.82, 22.5, 22.36, 22.48, 22.43
2026-09-08, 18:49:54, 22.48, 22.5, 22.77, 22.75, 9999.0, 9999.0, 9999.0, 23.8, 9999.0, 22.25, 9999.0, 22.82, 22.5, 22.34, 22.48, 22.43
2026-09-08, 18:49:58, 22.48, 22.5, 22.75, 22.75, 9999.0, 9999.0, 9999.0, 23.75, 9999.0, 22.25, 9999.0, 22.84, 22.5, 22.34, 22.45, 22.43
2026-09-08, 18:50:02, 22.48, 22.5, 22.75, 22.75, 9999.0, 9999.0, 9999.0, 23.7, 9999.0, 22.27, 9999.0, 22.84, 22.5, 22.34, 22.45, 22.43
2026-09-08, 18:50:06, 22.48, 22.5, 22.75, 22.75, 9999.0, 9999.0, 9999.0, 23.66, 9999.0, 22.27, 9999.0, 22.86, 22.5, 22.34, 22.45, 22.43
2026-09-08, 18:50:10, 22.5, 22.5, 22.75, 22.75, 9999.0, 9999.0, 9999.0, 23.7, 9999.0, 22.3, 9999.0, 22.86, 22.5, 22.34, 22.45, 22.41
2026-09-08, 18:50:14, 22.5, 22.5, 22.75, 22.75, 9999.0, 9999.0, 9999.0, 23.73, 9999.0, 22.32, 9999.0, 22.86, 22.5, 22.34, 22.48, 22.43
2026-09-08, 18:50:18, 22.5, 22.5, 22.75, 22.75, 9999.0, 9999.0, 9999.0, 23.75, 9999.0, 22.34, 9999.0, 22.86, 22.5, 22.34, 22.48, 22.45
2026-09-08, 18:50:22, 22.5, 22.5, 22.75, 22.75, 9999.0, 9999.0, 9999.0, 23.77, 9999.0, 22.34, 9999.0, 22.86, 22.5, 22.32, 22.48, 22.45
2026-09-08, 18:50:26, 22.5, 22.5, 22.75, 22.75, 9999.0, 9999.0, 9999.0, 23.8, 9999.0, 22.36, 9999.0, 22.84, 22.5, 22.32, 22.45, 22.45
2026-09-08, 18:50:31, 22.5, 22.5, 22.75, 22.75, 9999.0, 9999.0, 9999.0, 23.8, 9999.0, 22.39, 9999.0, 22.82, 22.5, 22.32, 22.45, 22.45
2026-09-08, 18:50:35, 22.5, 22.5, 22.75, 22.75, 9999.0, 9999.0, 9999.0, 23.84, 9999.0, 22.39, 9999.0, 22.8, 22.5, 22.3, 22.45, 22.48
2026-09-08, 18:50:39, 22.5, 22.5, 22.75, 22.75, 9999.0, 9999.0, 9999.0, 23.89, 9999.0, 22.39, 9999.0, 22.8, 22.5, 22.3, 22.45, 22.48
2026-09-08, 18:50:43, 22.5, 22.5, 22.75, 22.75, 9999.0, 9999.0, 9999.0, 23.91, 9999.0, 22.36, 9999.0, 22.77, 22.5, 22.3, 22.48, 22.48
2026-09-08, 18:50:47, 22.5, 22.5, 22.75, 22.75, 9999.0, 9999.0, 9999.0, 23.93, 9999.0, 22.34, 9999.0, 22.77, 22.5, 22.3, 22.48, 22.48
2026-09-08, 18:50:51, 22.48, 22.5, 22.75, 22.75, 9999.0, 9999.0, 9999.0, 23.95, 9999.0, 22.32, 9999.0, 22.75, 22.5, 22.3, 22.48, 22.48
2026-09-08, 18:50:55, 22.48, 22.5, 22.75, 22.75, 9999.0, 9999.0, 9999.0, 23.91, 9999.0, 22.3, 9999.0, 22.77, 22.5, 22.3, 22.48, 22.5
2026-09-08, 18:50:59, 22.48, 22.5, 22.75, 22.75, 9999.0, 9999.0, 9999.0, 23.84, 9999.0, 22.27, 9999.0, 22.8, 22.5, 22.32, 22.48, 22.5
2026-09-08, 18:51:03, 22.45, 22.5, 22.75, 22.75, 9999.0, 9999.0, 9999.0, 23.8, 9999.0, 22.25, 9999.0, 22.82, 22.5, 22.32, 22.48, 22.5
2026-09-08, 18:51:07, 22.45, 22.5, 22.75, 22.75, 9999.0, 9999.0, 9999.0, 23.75, 9999.0, 22.27, 9999.0, 22.82, 22.5, 22.32, 22.48, 22.5
2026-09-08, 18:51:11, 22.45, 22.5, 22.75, 22.75, 9999.0, 9999.0, 9999.0, 23.7, 9999.0, 22.27, 9999.0, 22.84, 22.5, 22.32, 22.5, 22.5
2026-09-08, 18:51:15, 22.45, 22.5, 22.75, 22.75, 9999.0, 9999.0, 9999.0, 23.68, 9999.0, 22.3, 9999.0, 22.86, 22.52, 22.34, 22.5, 22.5
2026-09-08, 18:51:19, 22.45, 22.5, 22.75, 22.75, 9999.0, 9999.0, 9999.0, 23.64, 9999.0, 22.32, 9999.0, 22.86, 22.52, 22.36, 22.5, 22.5
2026-09-08, 18:51:23, 22.45, 22.5, 22.75, 22.75, 9999.0, 9999.0, 9999.0, 23.59, 9999.0, 22.34, 9999.0, 22.86, 22.55, 22.39, 22.5, 22.5
2026-09-08, 18:51:27, 22.45, 22.5, 22.75, 22.75, 9999.0, 9999.0, 9999.0, 23.64, 9999.0, 22.36, 9999.0, 22.86, 22.55, 22.39, 22.5, 22.5
2026-09-08, 18:51:31, 22.45, 22.5, 22.75, 22.75, 9999.0, 9999.0, 9999.0, 23.68, 9999.0, 22.39, 9999.0, 22.86, 22.55, 22.39, 22.5, 22.5
2026-09-08, 18:51:35, 22.45, 22.5, 22.75, 22.75, 9999.0, 9999.0, 9999.0, 23.7, 9999.0, 22.39, 9999.0, 22.86, 22.55, 22.39, 22.5, 22.5
2026-09-08, 18:51:39, 22.45, 22.5, 22.75, 22.75, 9999.0, 9999.0, 9999.0, 23.73, 9999.0, 22.39, 9999.0, 22.84, 22.55, 22.39, 22.5, 22.5
2026-09-08, 18:51:43, 22.45, 22.5, 22.75, 22.75, 9999.0, 9999.0, 9999.0, 23.77, 9999.0, 22.39, 9999.0, 22.82, 22.55, 22.36, 22.5, 22.5
2026-09-08, 18:51:47, 22.48, 22.5, 22.75, 22.75, 9999.0, 9999.0, 9999.0, 23.82, 9999.0, 22.39, 9999.0, 22.8, 22.55, 22.36, 22.5, 22.5
2026-09-08, 18:51:51, 22.45, 22.5, 22.75, 22.75, 9999.0, 9999.0, 9999.0, 23.86, 9999.0, 22.36, 9999.0, 22.8, 22.55, 22.36, 22.5, 22.5
2026-09-08, 18:51:55, 22.45, 22.5, 22.75, 22.75, 9999.0, 9999.0, 9999.0, 23.91, 9999.0, 22.34, 9999.0, 22.77, 22.55, 22.36, 22.5, 22.48
2026-09-08, 18:51:59, 22.45, 22.5, 22.75, 22.77, 9999.0, 9999.0, 9999.0, 23.95, 9999.0, 22.3, 9999.0, 22.73, 22.52, 22.36, 22.5, 22.48
2026-09-08, 18:52:03, 22.45, 22.5, 22.75, 22.77, 9999.0, 9999.0, 9999.0, 23.98, 9999.0, 22.25, 9999.0, 22.73, 22.52, 22.34, 22.5, 22.48
2026-09-08, 18:52:07, 22.45, 22.5, 22.75, 22.77, 9999.0, 9999.0, 9999.0, 24.0, 9999.0, 22.2, 9999.0, 22.73, 22.5, 22.34, 22.5, 22.48
2026-09-08, 18:52:11, 22.45, 22.5, 22.75, 22.77, 9999.0, 9999.0, 9999.0, 23.95, 9999.0, 22.16, 9999.0, 22.75, 22.52, 22.34, 22.5, 22.48
2026-09-08, 18:52:15, 22.45, 22.5, 22.75, 22.77, 9999.0, 9999.0, 9999.0, 23.91, 9999.0, 22.11, 9999.0, 22.77, 22.52, 22.34, 22.5, 22.48
2026-09-08, 18:52:19, 22.48, 22.5, 22.75, 22.77, 9999.0, 9999.0, 9999.0, 23.86, 9999.0, 22.09, 9999.0, 22.77, 22.52, 22.34, 22.5, 22.48
2026-09-08, 18:52:23, 22.48, 22.5, 22.75, 22.77, 9999.0, 9999.0, 9999.0, 23.82, 9999.0, 22.09, 9999.0, 22.8, 22.52, 22.36, 22.5, 22.48
2026-09-08, 18:52:27, 22.48, 22.5, 22.75, 22.77, 9999.0, 9999.0, 9999.0, 23.77, 9999.0, 22.09, 9999.0, 22.8, 22.52, 22.36, 22.5, 22.48
2026-09-08, 18:52:31, 22.48, 22.5, 22.77, 22.77, 9999.0, 9999.0, 9999.0, 23.73, 9999.0, 22.09, 9999.0, 22.8, 22.55, 22.39, 22.5, 22.48
2026-09-08, 18:52:35, 22.5, 22.5, 22.77, 22.77, 9999.0, 9999.0, 9999.0, 23.68, 9999.0, 22.09, 9999.0, 22.8, 22.57, 22.39, 22.5, 22.48
2026-09-08, 18:52:39, 22.5, 22.5, 22.77, 22.77, 9999.0, 9999.0, 9999.0, 23.61, 9999.0, 22.11, 9999.0, 22.8, 22.57, 22.36, 22.5, 22.5
2026-09-08, 18:52:43, 22.5, 22.5, 22.77, 22.75, 9999.0, 9999.0, 9999.0, 23.64, 9999.0, 22.14, 9999.0, 22.82, 22.57, 22.34, 22.5, 22.5
2026-09-08, 18:52:47, 22.5, 22.5, 22.77, 22.75, 9999.0, 9999.0, 9999.0, 23.66, 9999.0, 22.16, 9999.0, 22.82, 22.57, 22.34, 22.5, 22.5
2026-09-08, 18:52:51, 22.5, 22.5, 22.77, 22.75, 9999.0, 9999.0, 9999.0, 23.68, 9999.0, 22.18, 9999.0, 22.82, 22.57, 22.32, 22.5, 22.5
2026-09-08, 18:52:55, 22.5, 22.5, 22.77, 22.75, 9999.0, 9999.0, 9999.0, 23.7, 9999.0, 22.2, 9999.0, 22.8, 22.55, 22.32, 22.5, 22.5
2026-09-08, 18:52:59, 22.5, 22.5, 22.77, 22.75, 9999.0, 9999.0, 9999.0, 23.73, 9999.0, 22.23, 9999.0, 22.77, 22.55, 22.34, 22.5, 22.5
2026-09-08, 18:53:03, 22.5, 22.5, 22.77, 22.75, 9999.0, 9999.0, 9999.0, 23.77, 9999.0, 22.23, 9999.0, 22.77, 22.55, 22.32, 22.5, 22.5
2026-09-08, 18:53:07, 22.5, 22.5, 22.77, 22.75, 9999.0, 9999.0, 9999.0, 23.8, 9999.0, 22.23, 9999.0, 22.75, 22.55, 22.3, 22.5, 22.5
2026-09-08, 18:53:11, 22.5, 22.5, 22.77, 22.75, 9999.0, 9999.0, 9999.0, 23.82, 9999.0, 22.2, 9999.0, 22.75, 22.55, 22.32, 22.5, 22.5
2026-09-08, 18:53:15, 22.5, 22.5, 22.75, 22.75, 9999.0, 9999.0, 9999.0, 23.84, 9999.0, 22.18, 9999.0, 22.75, 22.52, 22.32, 22.5, 22.5
2026-09-08, 18:53:19, 22.5, 22.5, 22.75, 22.75, 9999.0, 9999.0, 9999.0, 23.86, 9999.0, 22.16, 9999.0, 22.77, 22.5, 22.34, 22.5, 22.5
2026-09-08, 18:53:23, 22.5, 22.5, 22.77, 22.75, 9999.0, 9999.0, 9999.0, 23.91, 9999.0, 22.14, 9999.0, 22.77, 22.5, 22.34, 22.5, 22.5
2026-09-08, 18:53:27, 22.5, 22.5, 22.77, 22.75, 9999.0, 9999.0, 9999.0, 23.86, 9999.0, 22.11, 9999.0, 22.8, 22.5, 22.36, 22.5, 22.5
2026-09-08, 18:53:31, 22.5, 22.5, 22.77, 22.77, 9999.0, 9999.0, 9999.0, 23.84, 9999.0, 22.09, 9999.0, 22.82, 22.5, 22.39, 22.5, 22.5
2026-09-08, 18:53:35, 22.48, 22.5, 22.77, 22.77, 9999.0, 9999.0, 9999.0, 23.8, 9999.0, 22.07, 9999.0, 22.84, 22.5, 22.41, 22.5, 22.5
2026-09-08, 18:53:39, 22.48, 22.5, 22.77, 22.77, 9999.0, 9999.0, 9999.0, 23.75, 9999.0, 22.07, 9999.0, 22.86, 22.5, 22.43, 22.5, 22.5
2026-09-08, 18:53:43, 22.48, 22.5, 22.77, 22.77, 9999.0, 9999.0, 9999.0, 23.7, 9999.0, 22.05, 9999.0, 22.86, 22.5, 22.43, 22.5, 22.5
2026-09-08, 18:53:47, 22.48, 22.5, 22.77, 22.77, 9999.0, 9999.0, 9999.0, 23.64, 9999.0, 22.07, 9999.0, 22.86, 22.52, 22.45, 22.5, 22.5
2026-09-08, 18:53:51, 22.48, 22.5, 22.77, 22.77, 9999.0, 9999.0, 9999.0, 23.59, 9999.0, 22.07, 9999.0, 22.86, 22.55, 22.48, 22.5, 22.5
2026-09-08, 18:53:55, 22.48, 22.5, 22.8, 22.77, 9999.0, 9999.0, 9999.0, 23.55, 9999.0, 22.09, 9999.0, 22.86, 22.55, 22.48, 22.5, 22.5
2026-09-08, 18:53:59, 22.48, 22.5, 22.82, 22.77, 9999.0, 9999.0, 9999.0, 23.57, 9999.0, 22.11, 9999.0, 22.86, 22.55, 22.48, 22.5, 22.5
2026-09-08, 18:54:03, 22.48, 22.5, 22.82, 22.8, 9999.0, 9999.0, 9999.0, 23.59, 9999.0, 22.11, 9999.0, 22.84, 22.57, 22.48, 22.5, 22.5
2026-09-08, 18:54:07, 22.48, 22.5, 22.8, 22.8, 9999.0, 9999.0, 9999.0, 23.61, 9999.0, 22.14, 9999.0, 22.84, 22.57, 22.5, 22.5, 22.5
2026-09-08, 18:54:12, 22.48, 22.5, 22.8, 22.8, 9999.0, 9999.0, 9999.0, 23.64, 9999.0, 22.16, 9999.0, 22.82, 22.57, 22.5, 22.5, 22.5
2026-09-08, 18:54:16, 22.48, 22.5, 22.8, 22.77, 9999.0, 9999.0, 9999.0, 23.66, 9999.0, 22.16, 9999.0, 22.8, 22.57, 22.48, 22.5, 22.5
2026-09-08, 18:54:20, 22.5, 22.5, 22.8, 22.8, 9999.0, 9999.0, 9999.0, 23.68, 9999.0, 22.16, 9999.0, 22.77, 22.59, 22.48, 22.5, 22.5
2026-09-08, 18:54:24, 22.5, 22.5, 22.8, 22.8, 9999.0, 9999.0, 9999.0, 23.7, 9999.0, 22.14, 9999.0, 22.75, 22.59, 22.48, 22.5, 22.5
2026-09-08, 18:54:28, 22.5, 22.5, 22.8, 22.8, 9999.0, 9999.0, 9999.0, 23.73, 9999.0, 22.14, 9999.0, 22.75, 22.59, 22.45, 22.5, 22.5
2026-09-08, 18:54:32, 22.48, 22.5, 22.82, 22.82, 9999.0, 9999.0, 9999.0, 23.77, 9999.0, 22.11, 9999.0, 22.75, 22.57, 22.43, 22.5, 22.5
2026-09-08, 18:54:36, 22.48, 22.5, 22.82, 22.84, 9999.0, 9999.0, 9999.0, 23.82, 9999.0, 22.09, 9999.0, 22.75, 22.57, 22.41, 22.5, 22.5
2026-09-08, 18:54:40, 22.48, 22.5, 22.8, 22.84, 9999.0, 9999.0, 9999.0, 23.86, 9999.0, 22.07, 9999.0, 22.75, 22.57, 22.41, 22.5, 22.5
2026-09-08, 18:54:44, 22.48, 22.5, 22.77, 22.86, 9999.0, 9999.0, 9999.0, 23.84, 9999.0, 22.05, 9999.0, 22.77, 22.57, 22.41, 22.5, 22.5
2026-09-08, 18:54:48, 22.48, 22.5, 22.8, 22.84, 9999.0, 9999.0, 9999.0, 23.8, 9999.0, 22.05, 9999.0, 22.8, 22.55, 22.41, 22.5, 22.5
2026-09-08, 18:54:52, 22.48, 22.5, 22.8, 22.84, 9999.0, 9999.0, 9999.0, 23.77, 9999.0, 22.02, 9999.0, 22.82, 22.55, 22.41, 22.5, 22.5
2026-09-08, 18:54:56, 22.48, 22.5, 22.82, 22.86, 9999.0, 9999.0, 9999.0, 23.73, 9999.0, 22.02, 9999.0, 22.84, 22.55, 22.41, 22.5, 22.5
2026-09-08, 18:55:00, 22.48, 22.5, 22.82, 22.86, 9999.0, 9999.0, 9999.0, 23.68, 9999.0, 22.05, 9999.0, 22.86, 22.55, 22.43, 22.5, 22.5
2026-09-08, 18:55:04, 22.48, 22.5, 22.82, 22.84, 9999.0, 9999.0, 9999.0, 23.66, 9999.0, 22.07, 9999.0, 22.86, 22.55, 22.41, 22.5, 22.5
2026-09-08, 18:55:08, 22.48, 22.5, 22.82, 22.84, 9999.0, 9999.0, 9999.0, 23.61, 9999.0, 22.11, 9999.0, 22.86, 22.57, 22.41, 22.5, 22.5
2026-09-08, 18:55:12, 22.48, 22.5, 22.82, 22.86, 9999.0, 9999.0, 9999.0, 23.57, 9999.0, 22.14, 9999.0, 22.86, 22.59, 22.43, 22.5, 22.5
2026-09-08, 18:55:16, 22.5, 22.5, 22.8, 22.84, 9999.0, 9999.0, 9999.0, 23.59, 9999.0, 22.16, 9999.0, 22.86, 22.59, 22.43, 22.5, 22.5
2026-09-08, 18:55:20, 22.5, 22.5, 22.8, 22.84, 9999.0, 9999.0, 9999.0, 23.61, 9999.0, 22.18, 9999.0, 22.86, 22.59, 22.43, 22.5, 22.5
2026-09-08, 18:55:24, 22.5, 22.5, 22.8, 22.86, 9999.0, 9999.0, 9999.0, 23.64, 9999.0, 22.18, 9999.0, 22.86, 22.61, 22.41, 22.5, 22.5
2026-09-08, 18:55:28, 22.48, 22.5, 22.8, 22.84, 9999.0, 9999.0, 9999.0, 23.66, 9999.0, 22.18, 9999.0, 22.84, 22.61, 22.41, 22.5, 22.5
2026-09-08, 18:55:32, 22.48, 22.5, 22.8, 22.84, 9999.0, 9999.0, 9999.0, 23.68, 9999.0, 22.18, 9999.0, 22.82, 22.64, 22.41, 22.5, 22.5
2026-09-08, 18:55:36, 22.45, 22.5, 22.8, 22.86, 9999.0, 9999.0, 9999.0, 23.68, 9999.0, 22.18, 9999.0, 22.8, 22.64, 22.41, 22.5, 22.5
2026-09-08, 18:55:40, 22.45, 22.5, 22.8, 22.86, 9999.0, 9999.0, 9999.0, 23.7, 9999.0, 22.16, 9999.0, 22.77, 22.64, 22.39, 22.5, 22.5
2026-09-08, 18:55:44, 22.45, 22.5, 22.8, 22.89, 9999.0, 9999.0, 9999.0, 23.73, 9999.0, 22.14, 9999.0, 22.75, 22.64, 22.36, 22.5, 22.5
2026-09-08, 18:55:48, 22.45, 22.5, 22.8, 22.91, 9999.0, 9999.0, 9999.0, 23.75, 9999.0, 22.11, 9999.0, 22.75, 22.61, 22.39, 22.5, 22.5
2026-09-08, 18:55:52, 22.45, 22.5, 22.82, 22.93, 9999.0, 9999.0, 9999.0, 23.8, 9999.0, 22.07, 9999.0, 22.75, 22.59, 22.39, 22.5, 22.5
2026-09-08, 18:55:56, 22.45, 22.5, 22.82, 22.93, 9999.0, 9999.0, 9999.0, 23.84, 9999.0, 22.05, 9999.0, 22.75, 22.57, 22.39, 22.5, 22.5
2026-09-08, 18:56:00, 22.45, 22.5, 22.82, 22.93, 9999.0, 9999.0, 9999.0, 23.82, 9999.0, 22.02, 9999.0, 22.77, 22.59, 22.39, 22.5, 22.5
2026-09-08, 18:56:04, 22.45, 22.5, 22.82, 22.93, 9999.0, 9999.0, 9999.0, 23.8, 9999.0, 22.0, 9999.0, 22.8, 22.59, 22.41, 22.5, 22.5
2026-09-08, 18:56:08, 22.43, 22.5, 22.84, 22.91, 9999.0, 9999.0, 9999.0, 23.77, 9999.0, 21.98, 9999.0, 22.82, 22.57, 22.43, 22.5, 22.5
2026-09-08, 18:56:12, 22.45, 22.5, 22.86, 22.93, 9999.0, 9999.0, 9999.0, 23.73, 9999.0, 22.0, 9999.0, 22.84, 22.57, 22.43, 22.5, 22.5
2026-09-08, 18:56:16, 22.45, 22.5, 22.84, 22.95, 9999.0, 9999.0, 9999.0, 23.7, 9999.0, 22.02, 9999.0, 22.86, 22.55, 22.43, 22.5, 22.5
2026-09-08, 18:56:20, 22.48, 22.5, 22.84, 22.95, 9999.0, 9999.0, 9999.0, 23.68, 9999.0, 22.07, 9999.0, 22.89, 22.57, 22.43, 22.5, 22.5
2026-09-08, 18:56:24, 22.48, 22.5, 22.82, 22.95, 9999.0, 9999.0, 9999.0, 23.64, 9999.0, 22.11, 9999.0, 22.91, 22.59, 22.45, 22.5, 22.5
2026-09-08, 18:56:28, 22.48, 22.5, 22.84, 22.95, 9999.0, 9999.0, 9999.0, 23.61, 9999.0, 22.16, 9999.0, 22.91, 22.61, 22.45, 22.5, 22.5
2026-09-08, 18:56:32, 22.48, 22.5, 22.86, 22.95, 9999.0, 9999.0, 9999.0, 23.64, 9999.0, 22.2, 9999.0, 22.91, 22.64, 22.45, 22.5, 22.5
2026-09-08, 18:56:36, 22.48, 22.5, 22.84, 22.93, 9999.0, 9999.0, 9999.0, 23.66, 9999.0, 22.23, 9999.0, 22.91, 22.66, 22.43, 22.5, 22.5
2026-09-08, 18:56:40, 22.48, 22.5, 22.86, 22.93, 9999.0, 9999.0, 9999.0, 23.68, 9999.0, 22.25, 9999.0, 22.91, 22.66, 22.41, 22.5, 22.5
2026-09-08, 18:56:44, 22.48, 22.5, 22.89, 22.95, 9999.0, 9999.0, 9999.0, 23.7, 9999.0, 22.27, 9999.0, 22.89, 22.64, 22.43, 22.5, 22.5
2026-09-08, 18:56:48, 22.48, 22.5, 22.91, 22.95, 9999.0, 9999.0, 9999.0, 23.7, 9999.0, 22.3, 9999.0, 22.86, 22.64, 22.43, 22.5, 22.5
2026-09-08, 18:56:52, 22.5, 22.5, 22.89, 22.98, 9999.0, 9999.0, 9999.0, 23.7, 9999.0, 22.34, 9999.0, 22.84, 22.64, 22.43, 22.5, 22.5
2026-09-08, 18:56:56, 22.5, 22.5, 22.86, 22.98, 9999.0, 9999.0, 9999.0, 23.73, 9999.0, 22.34, 9999.0, 22.82, 22.66, 22.41, 22.5, 22.5
2026-09-08, 18:57:00, 22.5, 22.5, 22.89, 22.98, 9999.0, 9999.0, 9999.0, 23.75, 9999.0, 22.34, 9999.0, 22.8, 22.66, 22.41, 22.5, 22.5
2026-09-08, 18:57:04, 22.5, 22.5, 22.89, 22.98, 9999.0, 9999.0, 9999.0, 23.8, 9999.0, 22.3, 9999.0, 22.77, 22.64, 22.41, 22.5, 22.5
2026-09-08, 18:57:08, 22.5, 22.5, 22.89, 22.95, 9999.0, 9999.0, 9999.0, 23.84, 9999.0, 22.27, 9999.0, 22.77, 22.61, 22.39, 22.5, 22.5
2026-09-08, 18:57:12, 22.5, 22.5, 22.89, 22.95, 9999.0, 9999.0, 9999.0, 23.84, 9999.0, 22.25, 9999.0, 22.77, 22.59, 22.41, 22.5, 22.5
2026-09-08, 18:57:16, 22.5, 22.5, 22.89, 22.95, 9999.0, 9999.0, 9999.0, 23.8, 9999.0, 22.23, 9999.0, 22.8, 22.59, 22.41, 22.5, 22.5
2026-09-08, 18:57:20, 22.5, 22.5, 22.91, 22.98, 9999.0, 9999.0, 9999.0, 23.75, 9999.0, 22.2, 9999.0, 22.82, 22.59, 22.41, 22.5, 22.5
2026-09-08, 18:57:24, 22.5, 22.5, 22.89, 22.95, 9999.0, 9999.0, 9999.0, 23.7, 9999.0, 22.2, 9999.0, 22.84, 22.61, 22.43, 22.5, 22.5
2026-09-08, 18:57:28, 22.48, 22.5, 22.86, 22.95, 9999.0, 9999.0, 9999.0, 23.66, 9999.0, 22.2, 9999.0, 22.86, 22.64, 22.43, 22.5, 22.5
2026-09-08, 18:57:32, 22.48, 22.5, 22.86, 22.95, 9999.0, 9999.0, 9999.0, 23.64, 9999.0, 22.2, 9999.0, 22.89, 22.61, 22.41, 22.5, 22.5
2026-09-08, 18:57:36, 22.48, 22.5, 22.89, 22.95, 9999.0, 9999.0, 9999.0, 23.61, 9999.0, 22.23, 9999.0, 22.89, 22.64, 22.41, 22.5, 22.5
2026-09-08, 18:57:40, 22.48, 22.5, 22.89, 22.95, 9999.0, 9999.0, 9999.0, 23.59, 9999.0, 22.25, 9999.0, 22.91, 22.64, 22.43, 22.5, 22.5
2026-09-08, 18:57:44, 22.45, 22.5, 22.86, 22.95, 9999.0, 9999.0, 9999.0, 23.57, 9999.0, 22.27, 9999.0, 22.91, 22.66, 22.43, 22.5, 22.5
2026-09-08, 18:57:48, 22.45, 22.5, 22.86, 22.95, 9999.0, 9999.0, 9999.0, 23.59, 9999.0, 22.3, 9999.0, 22.91, 22.68, 22.41, 22.5, 22.5
2026-09-08, 18:57:53, 22.43, 22.5, 22.89, 22.98, 9999.0, 9999.0, 9999.0, 23.64, 9999.0, 22.32, 9999.0, 22.89, 22.7, 22.43, 22.5, 22.5
2026-09-08, 18:57:57, 22.43, 22.5, 22.89, 22.98, 9999.0, 9999.0, 9999.0, 23.68, 9999.0, 22.32, 9999.0, 22.89, 22.73, 22.41, 22.5, 22.5
2026-09-08, 18:58:01, 22.43, 22.5, 22.86, 22.98, 9999.0, 9999.0, 9999.0, 23.73, 9999.0, 22.32, 9999.0, 22.86, 22.73, 22.41, 22.5, 22.5
2026-09-08, 18:58:05, 22.43, 22.5, 22.86, 22.95, 9999.0, 9999.0, 9999.0, 23.77, 9999.0, 22.34, 9999.0, 22.84, 22.7, 22.43, 22.5, 22.5
2026-09-08, 18:58:09, 22.43, 22.5, 22.86, 22.95, 9999.0, 9999.0, 9999.0, 23.8, 9999.0, 22.34, 9999.0, 22.82, 22.68, 22.43, 22.5, 22.5
2026-09-08, 18:58:13, 22.45, 22.5, 22.86, 22.95, 9999.0, 9999.0, 9999.0, 23.82, 9999.0, 22.34, 9999.0, 22.8, 22.66, 22.43, 22.5, 22.5
2026-09-08, 18:58:17, 22.45, 22.5, 22.84, 22.93, 9999.0, 9999.0, 9999.0, 23.86, 9999.0, 22.36, 9999.0, 22.77, 22.66, 22.45, 22.5, 22.5
2026-09-08, 18:58:21, 22.43, 22.5, 22.84, 22.93, 9999.0, 9999.0, 9999.0, 23.89, 9999.0, 22.34, 9999.0, 22.77, 22.64, 22.43, 22.5, 22.5
2026-09-08, 18:58:25, 22.43, 22.5, 22.86, 22.93, 9999.0, 9999.0, 9999.0, 23.91, 9999.0, 22.32, 9999.0, 22.77, 22.61, 22.41, 22.5, 22.5
2026-09-08, 18:58:29, 22.45, 22.5, 22.86, 22.91, 9999.0, 9999.0, 9999.0, 23.93, 9999.0, 22.3, 9999.0, 22.77, 22.59, 22.41, 22.5, 22.5
2026-09-08, 18:58:33, 22.45, 22.5, 22.86, 22.91, 9999.0, 9999.0, 9999.0, 23.89, 9999.0, 22.3, 9999.0, 22.8, 22.59, 22.41, 22.5, 22.5
2026-09-08, 18:58:37, 22.48, 22.5, 22.84, 22.91, 9999.0, 9999.0, 9999.0, 23.84, 9999.0, 22.27, 9999.0, 22.82, 22.59, 22.41, 22.5, 22.5
2026-09-08, 18:58:41, 22.48, 22.5, 22.82, 22.91, 9999.0, 9999.0, 9999.0, 23.8, 9999.0, 22.27, 9999.0, 22.84, 22.59, 22.43, 22.5, 22.5
2026-09-08, 18:58:45, 22.48, 22.5, 22.84, 22.89, 9999.0, 9999.0, 9999.0, 23.75, 9999.0, 22.3, 9999.0, 22.86, 22.57, 22.43, 22.5, 22.5
2026-09-08, 18:58:49, 22.48, 22.5, 22.84, 22.91, 9999.0, 9999.0, 9999.0, 23.7, 9999.0, 22.32, 9999.0, 22.89, 22.57, 22.43, 22.5, 22.5
2026-09-08, 18:58:53, 22.48, 22.5, 22.84, 22.91, 9999.0, 9999.0, 9999.0, 23.68, 9999.0, 22.34, 9999.0, 22.91, 22.59, 22.41, 22.5, 22.5
2026-09-08, 18:58:57, 22.48, 22.5, 22.84, 22.91, 9999.0, 9999.0, 9999.0, 23.66, 9999.0, 22.39, 9999.0, 22.91, 22.61, 22.39, 22.5, 22.5
2026-09-08, 18:59:01, 22.48, 22.5, 22.84, 22.93, 9999.0, 9999.0, 9999.0, 23.61, 9999.0, 22.39, 9999.0, 22.91, 22.64, 22.39, 22.5, 22.5
2026-09-08, 18:59:05, 22.5, 22.5, 22.84, 22.93, 9999.0, 9999.0, 9999.0, 23.66, 9999.0, 22.41, 9999.0, 22.91, 22.66, 22.41, 22.5, 22.5
2026-09-08, 18:59:09, 22.5, 22.5, 22.82, 22.93, 9999.0, 9999.0, 9999.0, 23.7, 9999.0, 22.43, 9999.0, 22.89, 22.68, 22.43, 22.5, 22.5
2026-09-08, 18:59:13, 22.5, 22.5, 22.84, 22.95, 9999.0, 9999.0, 9999.0, 23.73, 9999.0, 22.45, 9999.0, 22.89, 22.7, 22.41, 22.5, 22.5
2026-09-08, 18:59:17, 22.5, 22.5, 22.84, 22.95, 9999.0, 9999.0, 9999.0, 23.75, 9999.0, 22.48, 9999.0, 22.86, 22.68, 22.41, 22.5, 22.5
2026-09-08, 18:59:21, 22.5, 22.5, 22.86, 22.93, 9999.0, 9999.0, 9999.0, 23.75, 9999.0, 22.5, 9999.0, 22.84, 22.66, 22.41, 22.5, 22.5
2026-09-08, 18:59:25, 22.5, 22.5, 22.89, 22.93, 9999.0, 9999.0, 9999.0, 23.77, 9999.0, 22.52, 9999.0, 22.82, 22.66, 22.39, 22.5, 22.5
2026-09-08, 18:59:29, 22.5, 22.5, 22.86, 22.95, 9999.0, 9999.0, 9999.0, 23.8, 9999.0, 22.52, 9999.0, 22.8, 22.66, 22.39, 22.5, 22.5
2026-09-08, 18:59:33, 22.5, 22.5, 22.86, 22.95, 9999.0, 9999.0, 9999.0, 23.82, 9999.0, 22.52, 9999.0, 22.77, 22.66, 22.36, 22.5, 22.5
2026-09-08, 18:59:37, 22.5, 22.5, 22.86, 22.98, 9999.0, 9999.0, 9999.0, 23.86, 9999.0, 22.5, 9999.0, 22.75, 22.66, 22.36, 22.5, 22.5
2026-09-08, 18:59:41, 22.5, 22.5, 22.86, 22.95, 9999.0, 9999.0, 9999.0, 23.89, 9999.0, 22.45, 9999.0, 22.75, 22.66, 22.39, 22.5, 22.5
2026-09-08, 18:59:45, 22.48, 22.5, 22.89, 22.95, 9999.0, 9999.0, 9999.0, 23.91, 9999.0, 22.43, 9999.0, 22.75, 22.64, 22.39, 22.5, 22.5
2026-09-08, 18:59:49, 22.48, 22.5, 22.86, 22.95, 9999.0, 9999.0, 9999.0, 23.86, 9999.0, 22.41, 9999.0, 22.77, 22.61, 22.36, 22.5, 22.5
2026-09-08, 18:59:53, 22.48, 22.5, 22.86, 22.95, 9999.0, 9999.0, 9999.0, 23.8, 9999.0, 22.39, 9999.0, 22.8, 22.59, 22.36, 22.5, 22.5
2026-09-08, 18:59:57, 22.48, 22.5, 22.86, 22.93, 9999.0, 9999.0, 9999.0, 23.75, 9999.0, 22.36, 9999.0, 22.82, 22.57, 22.39, 22.5, 22.5
2026-09-08, 19:00:01, 22.48, 22.5, 22.89, 22.91, 9999.0, 9999.0, 9999.0, 23.73, 9999.0, 22.36, 9999.0, 22.84, 22.57, 22.41, 22.5, 22.5
2026-09-08, 19:00:05, 22.48, 22.5, 22.86, 22.91, 9999.0, 9999.0, 9999.0, 23.7, 9999.0, 22.36, 9999.0, 22.86, 22.57, 22.39, 22.5, 22.5
2026-09-08, 19:00:09, 22.48, 22.5, 22.84, 22.91, 9999.0, 9999.0, 9999.0, 23.68, 9999.0, 22.36, 9999.0, 22.89, 22.57, 22.41, 22.5, 22.5
2026-09-08, 19:00:13, 22.48, 22.5, 22.84, 22.89, 9999.0, 9999.0, 9999.0, 23.66, 9999.0, 22.39, 9999.0, 22.89, 22.59, 22.39, 22.5, 22.5
2026-09-08, 19:00:17, 22.48, 22.5, 22.82, 22.86, 9999.0, 9999.0, 9999.0, 23.64, 9999.0, 22.41, 9999.0, 22.89, 22.61, 22.41, 22.5, 22.5
2026-09-08, 19:00:21, 22.48, 22.5, 22.82, 22.84, 9999.0, 9999.0, 9999.0, 23.66, 9999.0, 22.43, 9999.0, 22.89, 22.61, 22.41, 22.5, 22.5
2026-09-08, 19:00:25, 22.45, 22.5, 22.84, 22.86, 9999.0, 9999.0, 9999.0, 23.7, 9999.0, 22.45, 9999.0, 22.89, 22.61, 22.41, 22.5, 22.5
2026-09-08, 19:00:29, 22.48, 22.5, 22.84, 22.84, 9999.0, 9999.0, 9999.0, 23.75, 9999.0, 22.48, 9999.0, 22.89, 22.61, 22.39, 22.5, 22.5
2026-09-08, 19:00:45, 22.48, 22.5, 22.84, 22.82, 9999.0, 9999.0, 9999.0, 23.77, 9999.0, 22.5, 9999.0, 22.86, 22.61, 22.39, 22.5, 22.5
2026-09-08, 19:00:49, 22.48, 22.5, 22.84, 22.82, 9999.0, 9999.0, 9999.0, 23.82, 9999.0, 22.52, 9999.0, 22.84, 22.64, 22.39, 22.5, 22.5
2026-09-08, 19:00:53, 22.48, 22.5, 22.82, 22.84, 9999.0, 9999.0, 9999.0, 23.86, 9999.0, 22.55, 9999.0, 22.82, 22.66, 22.39, 22.5, 22.5
2026-09-08, 19:00:57, 22.48, 22.5, 22.8, 22.84, 9999.0, 9999.0, 9999.0, 23.89, 9999.0, 22.55, 9999.0, 22.8, 22.66, 22.39, 22.5, 22.5
2026-09-08, 19:01:02, 22.48, 22.5, 22.8, 22.86, 9999.0, 9999.0, 9999.0, 23.93, 9999.0, 22.55, 9999.0, 22.77, 22.66, 22.39, 22.5, 22.5
2026-09-08, 19:01:06, 22.48, 22.5, 22.82, 22.86, 9999.0, 9999.0, 9999.0, 23.98, 9999.0, 22.55, 9999.0, 22.75, 22.64, 22.39, 22.5, 22.5
2026-09-08, 19:01:10, 22.48, 22.5, 22.82, 22.86, 9999.0, 9999.0, 9999.0, 24.02, 9999.0, 22.52, 9999.0, 22.75, 22.61, 22.41, 22.5, 22.5
2026-09-08, 19:01:14, 22.48, 22.5, 22.82, 22.89, 9999.0, 9999.0, 9999.0, 24.07, 9999.0, 22.5, 9999.0, 22.75, 22.59, 22.41, 22.5, 22.5
2026-09-08, 19:01:18, 22.48, 22.5, 22.82, 22.89, 9999.0, 9999.0, 9999.0, 24.02, 9999.0, 22.48, 9999.0, 22.77, 22.59, 22.43, 22.5, 22.5
2026-09-08, 19:01:22, 22.5, 22.5, 22.82, 22.86, 9999.0, 9999.0, 9999.0, 23.98, 9999.0, 22.48, 9999.0, 22.8, 22.59, 22.43, 22.5, 22.5
2026-09-08, 19:01:26, 22.5, 22.5, 22.8, 22.89, 9999.0, 9999.0, 9999.0, 23.93, 9999.0, 22.45, 9999.0, 22.82, 22.61, 22.45, 22.5, 22.5
2026-09-08, 19:01:30, 22.48, 22.5, 22.8, 22.89, 9999.0, 9999.0, 9999.0, 23.91, 9999.0, 22.45, 9999.0, 22.84, 22.61, 22.48, 22.5, 22.5
2026-09-08, 19:01:34, 22.48, 22.5, 22.8, 22.86, 9999.0, 9999.0, 9999.0, 23.89, 9999.0, 22.45, 9999.0, 22.84, 22.59, 22.48, 22.5, 22.5
2026-09-08, 19:01:38, 22.48, 22.5, 22.82, 22.84, 9999.0, 9999.0, 9999.0, 23.86, 9999.0, 22.48, 9999.0, 22.84, 22.57, 22.48, 22.5, 22.5
2026-09-08, 19:01:42, 22.48, 22.5, 22.84, 22.84, 9999.0, 9999.0, 9999.0, 23.84, 9999.0, 22.5, 9999.0, 22.86, 22.57, 22.45, 22.5, 22.5
2026-09-08, 19:01:46, 22.48, 22.5, 22.84, 22.82, 9999.0, 9999.0, 9999.0, 23.8, 9999.0, 22.52, 9999.0, 22.86, 22.59, 22.48, 22.5, 22.5
2026-09-08, 19:01:50, 22.48, 22.5, 22.82, 22.8, 9999.0, 9999.0, 9999.0, 23.84, 9999.0, 22.55, 9999.0, 22.86, 22.59, 22.48, 22.5, 22.5
2026-09-08, 19:01:54, 22.48, 22.5, 22.82, 22.8, 9999.0, 9999.0, 9999.0, 23.86, 9999.0, 22.57, 9999.0, 22.86, 22.61, 22.48, 22.5, 22.5
2026-09-08, 19:01:58, 22.48, 22.5, 22.82, 22.8, 9999.0, 9999.0, 9999.0, 23.89, 9999.0, 22.59, 9999.0, 22.86, 22.64, 22.48, 22.5, 22.5
2026-09-08, 19:02:02, 22.45, 22.5, 22.82, 22.82, 9999.0, 9999.0, 9999.0, 23.93, 9999.0, 22.61, 9999.0, 22.84, 22.64, 22.45, 22.5, 22.5
2026-09-08, 19:02:06, 22.45, 22.5, 22.8, 22.82, 9999.0, 9999.0, 9999.0, 23.95, 9999.0, 22.61, 9999.0, 22.82, 22.64, 22.43, 22.5, 22.5
2026-09-08, 19:02:10, 22.45, 22.5, 22.8, 22.8, 9999.0, 9999.0, 9999.0, 23.98, 9999.0, 22.64, 9999.0, 22.8, 22.64, 22.41, 22.5, 22.5
2026-09-08, 19:02:14, 22.45, 22.5, 22.8, 22.8, 9999.0, 9999.0, 9999.0, 24.0, 9999.0, 22.64, 9999.0, 22.77, 22.64, 22.39, 22.5, 22.5
2026-09-08, 19:02:18, 22.45, 22.5, 22.8, 22.8, 9999.0, 9999.0, 9999.0, 24.02, 9999.0, 22.64, 9999.0, 22.77, 22.66, 22.36, 22.5, 22.5
2026-09-08, 19:02:22, 22.45, 22.5, 22.77, 22.8, 9999.0, 9999.0, 9999.0, 24.05, 9999.0, 22.61, 9999.0, 22.77, 22.66, 22.36, 22.5, 22.5
2026-09-08, 19:02:26, 22.45, 22.5, 22.75, 22.8, 9999.0, 9999.0, 9999.0, 24.07, 9999.0, 22.59, 9999.0, 22.77, 22.66, 22.36, 22.5, 22.5
2026-09-08, 19:02:30, 22.45, 22.5, 22.75, 22.8, 9999.0, 9999.0, 9999.0, 24.11, 9999.0, 22.57, 9999.0, 22.77, 22.64, 22.34, 22.5, 22.5
2026-09-08, 19:02:34, 22.45, 22.5, 22.75, 22.8, 9999.0, 9999.0, 9999.0, 24.05, 9999.0, 22.55, 9999.0, 22.77, 22.64, 22.32, 22.5, 22.5
2026-09-08, 19:02:38, 22.45, 22.5, 22.77, 22.8, 9999.0, 9999.0, 9999.0, 24.0, 9999.0, 22.52, 9999.0, 22.8, 22.61, 22.3, 22.5, 22.5
2026-09-08, 19:02:42, 22.45, 22.5, 22.77, 22.77, 9999.0, 9999.0, 9999.0, 23.95, 9999.0, 22.5, 9999.0, 22.82, 22.59, 22.3, 22.5, 22.5
2026-09-08, 19:02:46, 22.48, 22.5, 22.77, 22.75, 9999.0, 9999.0, 9999.0, 23.91, 9999.0, 22.52, 9999.0, 22.84, 22.57, 22.32, 22.5, 22.5
2026-09-08, 19:02:50, 22.48, 22.5, 22.8, 22.75, 9999.0, 9999.0, 9999.0, 23.89, 9999.0, 22.55, 9999.0, 22.86, 22.57, 22.34, 22.5, 22.5
2026-09-08, 19:02:55, 22.48, 22.5, 22.82, 22.75, 9999.0, 9999.0, 9999.0, 23.84, 9999.0, 22.55, 9999.0, 22.89, 22.57, 22.34, 22.5, 22.5
2026-09-08, 19:02:59, 22.5, 22.5, 22.82, 22.75, 9999.0, 9999.0, 9999.0, 23.82, 9999.0, 22.57, 9999.0, 22.89, 22.57, 22.34, 22.5, 22.5
2026-09-08, 19:03:03, 22.5, 22.52, 22.82, 22.75, 9999.0, 9999.0, 9999.0, 23.8, 9999.0, 22.59, 9999.0, 22.91, 22.57, 22.36, 22.5, 22.5
2026-09-08, 19:03:07, 22.5, 22.52, 22.82, 22.75, 9999.0, 9999.0, 9999.0, 23.75, 9999.0, 22.61, 9999.0, 22.91, 22.59, 22.34, 22.5, 22.5
2026-09-08, 19:03:11, 22.5, 22.52, 22.82, 22.75, 9999.0, 9999.0, 9999.0, 23.8, 9999.0, 22.64, 9999.0, 22.89, 22.59, 22.36, 22.5, 22.5
2026-09-08, 19:03:15, 22.5, 22.52, 22.82, 22.75, 9999.0, 9999.0, 9999.0, 23.82, 9999.0, 22.66, 9999.0, 22.89, 22.59, 22.36, 22.5, 22.5
2026-09-08, 19:03:19, 22.5, 22.52, 22.84, 22.75, 9999.0, 9999.0, 9999.0, 23.86, 9999.0, 22.68, 9999.0, 22.89, 22.59, 22.36, 22.5, 22.5
2026-09-08, 19:03:23, 22.5, 22.52, 22.82, 22.77, 9999.0, 9999.0, 9999.0, 23.91, 9999.0, 22.7, 9999.0, 22.86, 22.59, 22.36, 22.5, 22.5
2026-09-08, 19:03:27, 22.5, 22.52, 22.84, 22.77, 9999.0, 9999.0, 9999.0, 23.93, 9999.0, 22.7, 9999.0, 22.84, 22.59, 22.34, 22.5, 22.5
2026-09-08, 19:03:31, 22.5, 22.52, 22.84, 22.77, 9999.0, 9999.0, 9999.0, 23.95, 9999.0, 22.68, 9999.0, 22.82, 22.61, 22.32, 22.5, 22.5
2026-09-08, 19:03:35, 22.5, 22.52, 22.82, 22.77, 9999.0, 9999.0, 9999.0, 23.98, 9999.0, 22.66, 9999.0, 22.8, 22.59, 22.32, 22.5, 22.5
2026-09-08, 19:03:39, 22.5, 22.52, 22.8, 22.77, 9999.0, 9999.0, 9999.0, 24.05, 9999.0, 22.66, 9999.0, 22.77, 22.57, 22.34, 22.5, 22.5
2026-09-08, 19:03:43, 22.5, 22.52, 22.8, 22.77, 9999.0, 9999.0, 9999.0, 24.07, 9999.0, 22.64, 9999.0, 22.77, 22.57, 22.36, 22.5, 22.5
2026-09-08, 19:03:47, 22.5, 22.5, 22.8, 22.77, 9999.0, 9999.0, 9999.0, 24.09, 9999.0, 22.61, 9999.0, 22.75, 22.55, 22.34, 22.5, 22.5
2026-09-08, 19:03:51, 22.5, 22.5, 22.8, 22.77, 9999.0, 9999.0, 9999.0, 24.11, 9999.0, 22.59, 9999.0, 22.75, 22.52, 22.34, 22.5, 22.5
2026-09-08, 19:03:55, 22.5, 22.5, 22.8, 22.77, 9999.0, 9999.0, 9999.0, 24.07, 9999.0, 22.57, 9999.0, 22.77, 22.52, 22.34, 22.5, 22.5
2026-09-08, 19:03:59, 22.5, 22.5, 22.8, 22.8, 9999.0, 9999.0, 9999.0, 24.05, 9999.0, 22.55, 9999.0, 22.8, 22.52, 22.36, 22.5, 22.5
2026-09-08, 19:04:03, 22.5, 22.5, 22.8, 22.8, 9999.0, 9999.0, 9999.0, 24.0, 9999.0, 22.52, 9999.0, 22.82, 22.52, 22.36, 22.5, 22.5
2026-09-08, 19:04:07, 22.5, 22.5, 22.8, 22.77, 9999.0, 9999.0, 9999.0, 23.95, 9999.0, 22.52, 9999.0, 22.84, 22.55, 22.36, 22.5, 22.5
2026-09-08, 19:04:11, 22.48, 22.5, 22.77, 22.77, 9999.0, 9999.0, 9999.0, 23.93, 9999.0, 22.55, 9999.0, 22.86, 22.55, 22.39, 22.5, 22.5
2026-09-08, 19:04:15, 22.48, 22.5, 22.8, 22.77, 9999.0, 9999.0, 9999.0, 23.89, 9999.0, 22.57, 9999.0, 22.89, 22.52, 22.39, 22.5, 22.5
2026-09-08, 19:04:19, 22.48, 22.5, 22.8, 22.77, 9999.0, 9999.0, 9999.0, 23.84, 9999.0, 22.61, 9999.0, 22.91, 22.52, 22.36, 22.5, 22.5
2026-09-08, 19:04:23, 22.48, 22.5, 22.8, 22.77, 9999.0, 9999.0, 9999.0, 23.77, 9999.0, 22.66, 9999.0, 22.91, 22.55, 22.34, 22.5, 22.5
2026-09-08, 19:04:27, 22.48, 22.5, 22.8, 22.77, 9999.0, 9999.0, 9999.0, 23.82, 9999.0, 22.68, 9999.0, 22.91, 22.57, 22.34, 22.5, 22.5
2026-09-08, 19:04:31, 22.45, 22.5, 22.82, 22.77, 9999.0, 9999.0, 9999.0, 23.86, 9999.0, 22.7, 9999.0, 22.91, 22.59, 22.34, 22.5, 22.5
2026-09-08, 19:04:35, 22.45, 22.5, 22.82, 22.77, 9999.0, 9999.0, 9999.0, 23.91, 9999.0, 22.73, 9999.0, 22.91, 22.61, 22.36, 22.5, 22.5
2026-09-08, 19:04:39, 22.45, 22.5, 22.82, 22.77, 9999.0, 9999.0, 9999.0, 23.93, 9999.0, 22.75, 9999.0, 22.89, 22.61, 22.34, 22.5, 22.5
2026-09-08, 19:04:43, 22.45, 22.5, 22.84, 22.75, 9999.0, 9999.0, 9999.0, 23.95, 9999.0, 22.77, 9999.0, 22.86, 22.61, 22.32, 22.5, 22.5
2026-09-08, 19:04:47, 22.45, 22.5, 22.82, 22.75, 9999.0, 9999.0, 9999.0, 23.98, 9999.0, 22.8, 9999.0, 22.84, 22.61, 22.34, 22.5, 22.5
2026-09-08, 19:04:51, 22.45, 22.5, 22.82, 22.75, 9999.0, 9999.0, 9999.0, 24.0, 9999.0, 22.8, 9999.0, 22.82, 22.61, 22.34, 22.5, 22.5
2026-09-08, 19:04:55, 22.48, 22.5, 22.82, 22.75, 9999.0, 9999.0, 9999.0, 24.02, 9999.0, 22.8, 9999.0, 22.8, 22.61, 22.32, 22.5, 22.5
2026-09-08, 19:04:59, 22.48, 22.5, 22.8, 22.75, 9999.0, 9999.0, 9999.0, 24.07, 9999.0, 22.8, 9999.0, 22.77, 22.61, 22.34, 22.5, 22.5
2026-09-08, 19:05:03, 22.48, 22.5, 22.8, 22.77, 9999.0, 9999.0, 9999.0, 24.11, 9999.0, 22.77, 9999.0, 22.75, 22.61, 22.36, 22.5, 22.5
2026-09-08, 19:05:07, 22.48, 22.5, 22.82, 22.77, 9999.0, 9999.0, 9999.0, 24.16, 9999.0, 22.75, 9999.0, 22.75, 22.61, 22.36, 22.5, 22.5
2026-09-08, 19:05:11, 22.45, 22.5, 22.82, 22.77, 9999.0, 9999.0, 9999.0, 24.11, 9999.0, 22.75, 9999.0, 22.75, 22.59, 22.34, 22.5, 22.5
2026-09-08, 19:05:15, 22.48, 22.5, 22.8, 22.77, 9999.0, 9999.0, 9999.0, 24.07, 9999.0, 22.73, 9999.0, 22.77, 22.57, 22.34, 22.5, 22.5
2026-09-08, 19:05:19, 22.48, 22.5, 22.8, 22.77, 9999.0, 9999.0, 9999.0, 24.05, 9999.0, 22.7, 9999.0, 22.8, 22.55, 22.32, 22.5, 22.5
2026-09-08, 19:05:23, 22.48, 22.5, 22.8, 22.77, 9999.0, 9999.0, 9999.0, 24.0, 9999.0, 22.7, 9999.0, 22.82, 22.55, 22.34, 22.5, 22.5
2026-09-08, 19:05:27, 22.48, 22.5, 22.77, 22.77, 9999.0, 9999.0, 9999.0, 23.95, 9999.0, 22.7, 9999.0, 22.84, 22.57, 22.34, 22.5, 22.5
2026-09-08, 19:05:31, 22.48, 22.5, 22.77, 22.77, 9999.0, 9999.0, 9999.0, 23.93, 9999.0, 22.7, 9999.0, 22.84, 22.59, 22.34, 22.5, 22.5
2026-09-08, 19:05:35, 22.48, 22.5, 22.77, 22.77, 9999.0, 9999.0, 9999.0, 23.91, 9999.0, 22.73, 9999.0, 22.84, 22.59, 22.34, 22.5, 22.5
2026-09-08, 19:05:39, 22.48, 22.5, 22.77, 22.77, 9999.0, 9999.0, 9999.0, 23.89, 9999.0, 22.75, 9999.0, 22.84, 22.61, 22.34, 22.5, 22.48
2026-09-08, 19:05:43, 22.48, 22.5, 22.77, 22.77, 9999.0, 9999.0, 9999.0, 23.93, 9999.0, 22.75, 9999.0, 22.84, 22.64, 22.32, 22.5, 22.48
2026-09-08, 19:05:47, 22.48, 22.5, 22.77, 22.75, 9999.0, 9999.0, 9999.0, 23.95, 9999.0, 22.75, 9999.0, 22.84, 22.64, 22.32, 22.5, 22.48
2026-09-08, 19:05:51, 22.45, 22.5, 22.75, 22.75, 9999.0, 9999.0, 9999.0, 23.98, 9999.0, 22.75, 9999.0, 22.84, 22.61, 22.32, 22.5, 22.48
2026-09-08, 19:05:55, 22.48, 22.5, 22.77, 22.75, 9999.0, 9999.0, 9999.0, 24.0, 9999.0, 22.75, 9999.0, 22.84, 22.61, 22.34, 22.5, 22.48
2026-09-08, 19:05:59, 22.45, 22.5, 22.77, 22.75, 9999.0, 9999.0, 9999.0, 24.02, 9999.0, 22.77, 9999.0, 22.82, 22.64, 22.36, 22.5, 22.48
2026-09-08, 19:06:03, 22.45, 22.5, 22.77, 22.75, 9999.0, 9999.0, 9999.0, 24.05, 9999.0, 22.8, 9999.0, 22.8, 22.64, 22.36, 22.5, 22.48
2026-09-08, 19:06:07, 22.43, 22.5, 22.77, 22.77, 9999.0, 9999.0, 9999.0, 24.07, 9999.0, 22.8, 9999.0, 22.77, 22.64, 22.34, 22.5, 22.48
2026-09-08, 19:06:11, 22.43, 22.5, 22.77, 22.77, 9999.0, 9999.0, 9999.0, 24.09, 9999.0, 22.8, 9999.0, 22.73, 22.61, 22.36, 22.5, 22.48
2026-09-08, 19:06:15, 22.43, 22.5, 22.77, 22.8, 9999.0, 9999.0, 9999.0, 24.11, 9999.0, 22.8, 9999.0, 22.73, 22.59, 22.34, 22.5, 22.48
2026-09-08, 19:06:20, 22.43, 22.5, 22.77, 22.8, 9999.0, 9999.0, 9999.0, 24.16, 9999.0, 22.77, 9999.0, 22.73, 22.57, 22.34, 22.5, 22.48
2026-09-08, 19:06:24, 22.43, 22.5, 22.77, 22.82, 9999.0, 9999.0, 9999.0, 24.18, 9999.0, 22.75, 9999.0, 22.73, 22.55, 22.36, 22.5, 22.48
2026-09-08, 19:06:28, 22.43, 22.5, 22.77, 22.82, 9999.0, 9999.0, 9999.0, 24.14, 9999.0, 22.75, 9999.0, 22.73, 22.52, 22.39, 22.5, 22.48
2026-09-08, 19:06:32, 22.43, 22.5, 22.77, 22.82, 9999.0, 9999.0, 9999.0, 24.11, 9999.0, 22.75, 9999.0, 22.75, 22.52, 22.39, 22.48, 22.48
2026-09-08, 19:06:36, 22.45, 22.5, 22.8, 22.82, 9999.0, 9999.0, 9999.0, 24.07, 9999.0, 22.73, 9999.0, 22.77, 22.52, 22.41, 22.48, 22.48
2026-09-08, 19:06:40, 22.45, 22.5, 22.77, 22.82, 9999.0, 9999.0, 9999.0, 24.02, 9999.0, 22.73, 9999.0, 22.8, 22.52, 22.41, 22.48, 22.48
2026-09-08, 19:06:44, 22.48, 22.5, 22.77, 22.82, 9999.0, 9999.0, 9999.0, 23.98, 9999.0, 22.73, 9999.0, 22.82, 22.5, 22.39, 22.48, 22.48
2026-09-08, 19:06:48, 22.48, 22.5, 22.77, 22.82, 9999.0, 9999.0, 9999.0, 23.93, 9999.0, 22.73, 9999.0, 22.82, 22.52, 22.39, 22.48, 22.48
2026-09-08, 19:06:52, 22.5, 22.5, 22.77, 22.82, 9999.0, 9999.0, 9999.0, 23.91, 9999.0, 22.75, 9999.0, 22.82, 22.52, 22.39, 22.48, 22.48
2026-09-08, 19:06:56, 22.5, 22.5, 22.77, 22.82, 9999.0, 9999.0, 9999.0, 23.89, 9999.0, 22.75, 9999.0, 22.84, 22.55, 22.36, 22.48, 22.48
2026-09-08, 19:07:00, 22.5, 22.5, 22.77, 22.8, 9999.0, 9999.0, 9999.0, 23.86, 9999.0, 22.75, 9999.0, 22.84, 22.57, 22.39, 22.48, 22.48
2026-09-08, 19:07:04, 22.5, 22.5, 22.77, 22.8, 9999.0, 9999.0, 9999.0, 23.89, 9999.0, 22.75, 9999.0, 22.84, 22.57, 22.39, 22.48, 22.48
2026-09-08, 19:07:08, 22.5, 22.5, 22.77, 22.77, 9999.0, 9999.0, 9999.0, 23.93, 9999.0, 22.75, 9999.0, 22.84, 22.57, 22.39, 22.48, 22.5
2026-09-08, 19:07:12, 22.5, 22.5, 22.77, 22.77, 9999.0, 9999.0, 9999.0, 23.95, 9999.0, 22.75, 9999.0, 22.84, 22.57, 22.36, 22.48, 22.5
2026-09-08, 19:07:16, 22.5, 22.5, 22.77, 22.77, 9999.0, 9999.0, 9999.0, 23.98, 9999.0, 22.75, 9999.0, 22.82, 22.57, 22.36, 22.5, 22.5
2026-09-08, 19:07:20, 22.5, 22.5, 22.75, 22.77, 9999.0, 9999.0, 9999.0, 24.02, 9999.0, 22.77, 9999.0, 22.8, 22.57, 22.36, 22.5, 22.48
2026-09-08, 19:07:24, 22.5, 22.5, 22.75, 22.77, 9999.0, 9999.0, 9999.0, 24.07, 9999.0, 22.77, 9999.0, 22.77, 22.57, 22.36, 22.5, 22.48
2026-09-08, 19:07:28, 22.48, 22.5, 22.75, 22.77, 9999.0, 9999.0, 9999.0, 24.09, 9999.0, 22.77, 9999.0, 22.75, 22.57, 22.36, 22.5, 22.48
2026-09-08, 19:07:32, 22.48, 22.5, 22.75, 22.77, 9999.0, 9999.0, 9999.0, 24.11, 9999.0, 22.77, 9999.0, 22.75, 22.55, 22.36, 22.5, 22.48
2026-09-08, 19:07:36, 22.48, 22.5, 22.75, 22.75, 9999.0, 9999.0, 9999.0, 24.14, 9999.0, 22.75, 9999.0, 22.75, 22.55, 22.36, 22.5, 22.48
2026-09-08, 19:07:40, 22.48, 22.5, 22.75, 22.75, 9999.0, 9999.0, 9999.0, 24.16, 9999.0, 22.75, 9999.0, 22.75, 22.52, 22.39, 22.5, 22.48
2026-09-08, 19:07:44, 22.45, 22.5, 22.75, 22.75, 9999.0, 9999.0, 9999.0, 24.18, 9999.0, 22.73, 9999.0, 22.75, 22.5, 22.36, 22.5, 22.48
2026-09-08, 19:07:48, 22.45, 22.5, 22.77, 22.75, 9999.0, 9999.0, 9999.0, 24.11, 9999.0, 22.73, 9999.0, 22.77, 22.5, 22.39, 22.5, 22.48
2026-09-08, 19:07:52, 22.45, 22.5, 22.77, 22.75, 9999.0, 9999.0, 9999.0, 24.05, 9999.0, 22.7, 9999.0, 22.8, 22.5, 22.39, 22.5, 22.48
2026-09-08, 19:07:56, 22.43, 22.5, 22.77, 22.75, 9999.0, 9999.0, 9999.0, 24.0, 9999.0, 22.68, 9999.0, 22.82, 22.5, 22.41, 22.5, 22.48
2026-09-08, 19:08:00, 22.43, 22.5, 22.8, 22.75, 9999.0, 9999.0, 9999.0, 23.95, 9999.0, 22.68, 9999.0, 22.82, 22.5, 22.41, 22.5, 22.45
2026-09-08, 19:08:04, 22.43, 22.52, 22.82, 22.75, 9999.0, 9999.0, 9999.0, 23.91, 9999.0, 22.68, 9999.0, 22.82, 22.5, 22.41, 22.5, 22.45
2026-09-08, 19:08:08, 22.43, 22.52, 22.82, 22.75, 9999.0, 9999.0, 9999.0, 23.86, 9999.0, 22.68, 9999.0, 22.82, 22.52, 22.41, 22.5, 22.45
2026-09-08, 19:08:12, 22.45, 22.52, 22.82, 22.75, 9999.0, 9999.0, 9999.0, 23.84, 9999.0, 22.7, 9999.0, 22.82, 22.55, 22.41, 22.5, 22.45
2026-09-08, 19:08:16, 22.45, 22.52, 22.82, 22.75, 9999.0, 9999.0, 9999.0, 23.82, 9999.0, 22.7, 9999.0, 22.82, 22.57, 22.43, 22.5, 22.45
2026-09-08, 19:08:20, 22.45, 22.52, 22.82, 22.75, 9999.0, 9999.0, 9999.0, 23.84, 9999.0, 22.7, 9999.0, 22.82, 22.59, 22.45, 22.5, 22.45
2026-09-08, 19:08:24, 22.45, 22.52, 22.82, 22.75, 9999.0, 9999.0, 9999.0, 23.89, 9999.0, 22.7, 9999.0, 22.82, 22.61, 22.43, 22.5, 22.45
2026-09-08, 19:08:28, 22.48, 22.55, 22.84, 22.75, 9999.0, 9999.0, 9999.0, 23.93, 9999.0, 22.73, 9999.0, 22.82, 22.64, 22.43, 22.5, 22.45
2026-09-08, 19:08:32, 22.48, 22.55, 22.84, 22.75, 9999.0, 9999.0, 9999.0, 23.98, 9999.0, 22.73, 9999.0, 22.8, 22.64, 22.41, 22.5, 22.45
2026-09-08, 19:08:36, 22.45, 22.55, 22.84, 22.75, 9999.0, 9999.0, 9999.0, 24.02, 9999.0, 22.75, 9999.0, 22.77, 22.64, 22.41, 22.5, 22.43
2026-09-08, 19:08:40, 22.48, 22.55, 22.84, 22.75, 9999.0, 9999.0, 9999.0, 24.05, 9999.0, 22.77, 9999.0, 22.75, 22.64, 22.41, 22.5, 22.43
2026-09-08, 19:08:44, 22.48, 22.55, 22.82, 22.75, 9999.0, 9999.0, 9999.0, 24.09, 9999.0, 22.77, 9999.0, 22.75, 22.64, 22.39, 22.5, 22.45
2026-09-08, 19:08:48, 22.48, 22.52, 22.8, 22.75, 9999.0, 9999.0, 9999.0, 24.11, 9999.0, 22.75, 9999.0, 22.75, 22.64, 22.39, 22.5, 22.48
2026-09-08, 19:08:52, 22.48, 22.52, 22.8, 22.75, 9999.0, 9999.0, 9999.0, 24.14, 9999.0, 22.75, 9999.0, 22.75, 22.61, 22.39, 22.5, 22.45
2026-09-08, 19:08:56, 22.48, 22.52, 22.8, 22.75, 9999.0, 9999.0, 9999.0, 24.16, 9999.0, 22.7, 9999.0, 22.75, 22.59, 22.39, 22.5, 22.45
2026-09-08, 19:09:00, 22.48, 22.52, 22.8, 22.75, 9999.0, 9999.0, 9999.0, 24.18, 9999.0, 22.68, 9999.0, 22.75, 22.57, 22.36, 22.5, 22.43
2026-09-08, 19:09:04, 22.45, 22.52, 22.8, 22.75, 9999.0, 9999.0, 9999.0, 24.16, 9999.0, 22.66, 9999.0, 22.77, 22.55, 22.36, 22.5, 22.43
2026-09-08, 19:09:08, 22.45, 22.52, 22.8, 22.75, 9999.0, 9999.0, 9999.0, 24.11, 9999.0, 22.64, 9999.0, 22.8, 22.52, 22.36, 22.5, 22.43
2026-09-08, 19:09:12, 22.43, 22.5, 22.77, 22.75, 9999.0, 9999.0, 9999.0, 24.05, 9999.0, 22.61, 9999.0, 22.82, 22.5, 22.36, 22.5, 22.41
2026-09-08, 19:09:16, 22.43, 22.5, 22.75, 22.75, 9999.0, 9999.0, 9999.0, 24.0, 9999.0, 22.61, 9999.0, 22.84, 22.5, 22.36, 22.5, 22.41
2026-09-08, 19:09:20, 22.45, 22.5, 22.75, 22.75, 9999.0, 9999.0, 9999.0, 23.95, 9999.0, 22.61, 9999.0, 22.86, 22.5, 22.36, 22.5, 22.43
2026-09-08, 19:09:24, 22.45, 22.5, 22.75, 22.75, 9999.0, 9999.0, 9999.0, 23.93, 9999.0, 22.61, 9999.0, 22.86, 22.52, 22.36, 22.5, 22.43
2026-09-08, 19:09:28, 22.45, 22.5, 22.75, 22.75, 9999.0, 9999.0, 9999.0, 23.89, 9999.0, 22.61, 9999.0, 22.86, 22.55, 22.39, 22.5, 22.43
2026-09-08, 19:09:32, 22.43, 22.5, 22.75, 22.75, 9999.0, 9999.0, 9999.0, 23.86, 9999.0, 22.64, 9999.0, 22.86, 22.55, 22.39, 22.5, 22.43
2026-09-08, 19:09:37, 22.43, 22.5, 22.75, 22.75, 9999.0, 9999.0, 9999.0, 23.91, 9999.0, 22.64, 9999.0, 22.86, 22.57, 22.36, 22.5, 22.45
2026-09-08, 19:09:41, 22.43, 22.5, 22.75, 22.75, 9999.0, 9999.0, 9999.0, 23.93, 9999.0, 22.66, 9999.0, 22.86, 22.57, 22.39, 22.5, 22.45
2026-09-08, 19:09:45, 22.43, 22.5, 22.75, 22.75, 9999.0, 9999.0, 9999.0, 23.95, 9999.0, 22.68, 9999.0, 22.86, 22.57, 22.41, 22.5, 22.48
2026-09-08, 19:09:49, 22.45, 22.5, 22.75, 22.75, 9999.0, 9999.0, 9999.0, 23.98, 9999.0, 22.7, 9999.0, 22.84, 22.57, 22.41, 22.5, 22.45
2026-09-08, 19:09:53, 22.45, 22.5, 22.75, 22.75, 9999.0, 9999.0, 9999.0, 24.0, 9999.0, 22.73, 9999.0, 22.82, 22.57, 22.43, 22.5, 22.45
2026-09-08, 19:09:57, 22.48, 22.5, 22.75, 22.75, 9999.0, 9999.0, 9999.0, 24.02, 9999.0, 22.75, 9999.0, 22.8, 22.57, 22.43, 22.5, 22.48
2026-09-08, 19:10:01, 22.48, 22.5, 22.75, 22.75, 9999.0, 9999.0, 9999.0, 24.05, 9999.0, 22.75, 9999.0, 22.77, 22.57, 22.45, 22.5, 22.48
2026-09-08, 19:10:05, 22.48, 22.5, 22.75, 22.75, 9999.0, 9999.0, 9999.0, 24.07, 9999.0, 22.75, 9999.0, 22.75, 22.57, 22.43, 22.5, 22.45
2026-09-08, 19:10:09, 22.48, 22.5, 22.75, 22.75, 9999.0, 9999.0, 9999.0, 24.09, 9999.0, 22.75, 9999.0, 22.75, 22.55, 22.41, 22.48, 22.45
2026-09-08, 19:10:13, 22.48, 22.5, 22.75, 22.75, 9999.0, 9999.0, 9999.0, 24.11, 9999.0, 22.73, 9999.0, 22.75, 22.52, 22.41, 22.48, 22.45
2026-09-08, 19:10:17, 22.5, 22.5, 22.75, 22.75, 9999.0, 9999.0, 9999.0, 24.14, 9999.0, 22.7, 9999.0, 22.75, 22.52, 22.41, 22.48, 22.45
2026-09-08, 19:10:21, 22.5, 22.5, 22.75, 22.75, 9999.0, 9999.0, 9999.0, 24.09, 9999.0, 22.68, 9999.0, 22.77, 22.5, 22.41, 22.48, 22.45
2026-09-08, 19:10:25, 22.5, 22.5, 22.75, 22.75, 9999.0, 9999.0, 9999.0, 24.07, 9999.0, 22.66, 9999.0, 22.8, 22.5, 22.39, 22.48, 22.43
2026-09-08, 19:10:29, 22.5, 22.52, 22.75, 22.75, 9999.0, 9999.0, 9999.0, 24.05, 9999.0, 22.64, 9999.0, 22.82, 22.5, 22.36, 22.48, 22.43
2026-09-08, 19:10:33, 22.48, 22.52, 22.75, 22.75, 9999.0, 9999.0, 9999.0, 24.0, 9999.0, 22.64, 9999.0, 22.84, 22.5, 22.34, 22.48, 22.45
2026-09-08, 19:10:37, 22.48, 22.52, 22.75, 22.75, 9999.0, 9999.0, 9999.0, 23.95, 9999.0, 22.64, 9999.0, 22.84, 22.5, 22.34, 22.48, 22.45
2026-09-08, 19:10:41, 22.48, 22.52, 22.75, 22.75, 9999.0, 9999.0, 9999.0, 23.93, 9999.0, 22.64, 9999.0, 22.86, 22.52, 22.34, 22.48, 22.45
2026-09-08, 19:10:45, 22.48, 22.52, 22.75, 22.75, 9999.0, 9999.0, 9999.0, 23.91, 9999.0, 22.64, 9999.0, 22.86, 22.52, 22.34, 22.48, 22.43
2026-09-08, 19:10:49, 22.48, 22.52, 22.75, 22.75, 9999.0, 9999.0, 9999.0, 23.89, 9999.0, 22.64, 9999.0, 22.86, 22.52, 22.36, 22.48, 22.45
2026-09-08, 19:10:53, 22.48, 22.52, 22.75, 22.75, 9999.0, 9999.0, 9999.0, 23.93, 9999.0, 22.64, 9999.0, 22.86, 22.52, 22.39, 22.5, 22.43
2026-09-08, 19:10:57, 22.48, 22.52, 22.75, 22.75, 9999.0, 9999.0, 9999.0, 23.98, 9999.0, 22.66, 9999.0, 22.86, 22.52, 22.36, 22.5, 22.43
2026-09-08, 19:11:01, 22.48, 22.52, 22.75, 22.75, 9999.0, 9999.0, 9999.0, 24.02, 9999.0, 22.68, 9999.0, 22.86, 22.52, 22.36, 22.5, 22.43
2026-09-08, 19:11:05, 22.48, 22.52, 22.75, 22.75, 9999.0, 9999.0, 9999.0, 24.05, 9999.0, 22.7, 9999.0, 22.84, 22.52, 22.36, 22.5, 22.43
2026-09-08, 19:11:09, 22.48, 22.52, 22.75, 22.75, 9999.0, 9999.0, 9999.0, 24.05, 9999.0, 22.73, 9999.0, 22.82, 22.52, 22.36, 22.5, 22.45
2026-09-08, 19:11:13, 22.48, 22.5, 22.75, 22.75, 9999.0, 9999.0, 9999.0, 24.05, 9999.0, 22.75, 9999.0, 22.8, 22.52, 22.36, 22.5, 22.45
2026-09-08, 19:11:17, 22.5, 22.5, 22.75, 22.75, 9999.0, 9999.0, 9999.0, 24.07, 9999.0, 22.73, 9999.0, 22.77, 22.52, 22.36, 22.48, 22.45
2026-09-08, 19:11:21, 22.5, 22.5, 22.75, 22.75, 9999.0, 9999.0, 9999.0, 24.09, 9999.0, 22.7, 9999.0, 22.77, 22.52, 22.36, 22.48, 22.45
2026-09-08, 19:11:25, 22.5, 22.5, 22.75, 22.75, 9999.0, 9999.0, 9999.0, 24.11, 9999.0, 22.68, 9999.0, 22.75, 22.5, 22.36, 22.48, 22.45
2026-09-08, 19:11:29, 22.5, 22.5, 22.75, 22.75, 9999.0, 9999.0, 9999.0, 24.14, 9999.0, 22.66, 9999.0, 22.75, 22.5, 22.36, 22.48, 22.45
2026-09-08, 19:11:33, 22.5, 22.5, 22.75, 22.75, 9999.0, 9999.0, 9999.0, 24.14, 9999.0, 22.64, 9999.0, 22.75, 22.5, 22.34, 22.48, 22.45
2026-09-08, 19:11:37, 22.5, 22.5, 22.75, 22.75, 9999.0, 9999.0, 9999.0, 24.09, 9999.0, 22.61, 9999.0, 22.75, 22.5, 22.32, 22.48, 22.48
2026-09-08, 19:11:41, 22.5, 22.5, 22.75, 22.75, 9999.0, 9999.0, 9999.0, 24.05, 9999.0, 22.59, 9999.0, 22.77, 22.5, 22.32, 22.48, 22.48
2026-09-08, 19:11:45, 22.5, 22.5, 22.75, 22.75, 9999.0, 9999.0, 9999.0, 23.98, 9999.0, 22.57, 9999.0, 22.77, 22.5, 22.32, 22.48, 22.45
2026-09-08, 19:11:49, 22.5, 22.5, 22.75, 22.75, 9999.0, 9999.0, 9999.0, 23.93, 9999.0, 22.57, 9999.0, 22.77, 22.5, 22.34, 22.48, 22.45
2026-09-08, 19:11:53, 22.5, 22.5, 22.75, 22.75, 9999.0, 9999.0, 9999.0, 23.91, 9999.0, 22.57, 9999.0, 22.77, 22.5, 22.36, 22.48, 22.45
2026-09-08, 19:11:57, 22.5, 22.5, 22.75, 22.75, 9999.0, 9999.0, 9999.0, 23.89, 9999.0, 22.57, 9999.0, 22.77, 22.5, 22.36, 22.48, 22.45
2026-09-08, 19:12:01, 22.5, 22.5, 22.75, 22.75, 9999.0, 9999.0, 9999.0, 23.86, 9999.0, 22.59, 9999.0, 22.77, 22.52, 22.39, 22.5, 22.45
2026-09-08, 19:12:05, 22.5, 22.5, 22.75, 22.75, 9999.0, 9999.0, 9999.0, 23.84, 9999.0, 22.61, 9999.0, 22.77, 22.52, 22.36, 22.5, 22.43
2026-09-08, 19:12:09, 22.5, 22.52, 22.75, 22.75, 9999.0, 9999.0, 9999.0, 23.89, 9999.0, 22.64, 9999.0, 22.77, 22.52, 22.39, 22.5, 22.43
2026-09-08, 19:12:13, 22.5, 22.52, 22.75, 22.75, 9999.0, 9999.0, 9999.0, 23.91, 9999.0, 22.66, 9999.0, 22.77, 22.52, 22.36, 22.5, 22.43
2026-09-08, 19:12:17, 22.5, 22.52, 22.75, 22.75, 9999.0, 9999.0, 9999.0, 23.95, 9999.0, 22.68, 9999.0, 22.77, 22.52, 22.36, 22.5, 22.41
2026-09-08, 19:12:21, 22.5, 22.52, 22.75, 22.75, 9999.0, 9999.0, 9999.0, 23.98, 9999.0, 22.68, 9999.0, 22.77, 22.52, 22.39, 22.5, 22.41
2026-09-08, 19:12:25, 22.5, 22.52, 22.75, 22.75, 9999.0, 9999.0, 9999.0, 24.0, 9999.0, 22.68, 9999.0, 22.75, 22.52, 22.41, 22.5, 22.41
2026-09-08, 19:12:29, 22.5, 22.52, 22.75, 22.75, 9999.0, 9999.0, 9999.0, 24.05, 9999.0, 22.68, 9999.0, 22.75, 22.52, 22.41, 22.5, 22.41
2026-09-08, 19:12:33, 22.5, 22.52, 22.75, 22.75, 9999.0, 9999.0, 9999.0, 24.07, 9999.0, 22.66, 9999.0, 22.75, 22.52, 22.39, 22.5, 22.41
2026-09-08, 19:12:37, 22.5, 22.52, 22.75, 22.75, 9999.0, 9999.0, 9999.0, 24.11, 9999.0, 22.64, 9999.0, 22.73, 22.52, 22.36, 22.5, 22.41
2026-09-08, 19:12:41, 22.5, 22.52, 22.75, 22.75, 9999.0, 9999.0, 9999.0, 24.16, 9999.0, 22.61, 9999.0, 22.73, 22.52, 22.39, 22.48, 22.41
2026-09-08, 19:12:45, 22.5, 22.52, 22.75, 22.75, 9999.0, 9999.0, 9999.0, 24.18, 9999.0, 22.59, 9999.0, 22.73, 22.5, 22.36, 22.48, 22.41
2026-09-08, 19:12:49, 22.5, 22.52, 22.75, 22.75, 9999.0, 9999.0, 9999.0, 24.2, 9999.0, 22.57, 9999.0, 22.73, 22.5, 22.36, 22.48, 22.43
2026-09-08, 19:12:53, 22.5, 22.5, 22.75, 22.75, 9999.0, 9999.0, 9999.0, 24.14, 9999.0, 22.55, 9999.0, 22.75, 22.5, 22.36, 22.48, 22.43
2026-09-08, 19:12:57, 22.5, 22.5, 22.75, 22.75, 9999.0, 9999.0, 9999.0, 24.09, 9999.0, 22.52, 9999.0, 22.77, 22.5, 22.39, 22.48, 22.45
2026-09-08, 19:13:01, 22.5, 22.5, 22.75, 22.75, 9999.0, 9999.0, 9999.0, 24.05, 9999.0, 22.5, 9999.0, 22.77, 22.52, 22.41, 22.45, 22.45
2026-09-08, 19:13:05, 22.5, 22.5, 22.75, 22.75, 9999.0, 9999.0, 9999.0, 24.0, 9999.0, 22.52, 9999.0, 22.8, 22.52, 22.41, 22.45, 22.45
2026-09-08, 19:13:09, 22.5, 22.5, 22.75, 22.75, 9999.0, 9999.0, 9999.0, 23.95, 9999.0, 22.55, 9999.0, 22.8, 22.52, 22.41, 22.45, 22.43
2026-09-08, 19:13:13, 22.5, 22.5, 22.75, 22.75, 9999.0, 9999.0, 9999.0, 23.91, 9999.0, 22.57, 9999.0, 22.8, 22.52, 22.39, 22.45, 22.45
2026-09-08, 19:13:17, 22.5, 22.5, 22.75, 22.75, 9999.0, 9999.0, 9999.0, 23.86, 9999.0, 22.59, 9999.0, 22.8, 22.55, 22.39, 22.45, 22.45
2026-09-08, 19:13:22, 22.5, 22.5, 22.75, 22.75, 9999.0, 9999.0, 9999.0, 23.8, 9999.0, 22.61, 9999.0, 22.82, 22.57, 22.39, 22.45, 22.45
2026-09-08, 19:13:26, 22.5, 22.5, 22.75, 22.75, 9999.0, 9999.0, 9999.0, 23.82, 9999.0, 22.64, 9999.0, 22.82, 22.57, 22.36, 22.48, 22.45
2026-09-08, 19:13:30, 22.5, 22.5, 22.75, 22.75, 9999.0, 9999.0, 9999.0, 23.84, 9999.0, 22.66, 9999.0, 22.82, 22.57, 22.36, 22.48, 22.43
2026-09-08, 19:13:34, 22.5, 22.5, 22.75, 22.75, 9999.0, 9999.0, 9999.0, 23.86, 9999.0, 22.66, 9999.0, 22.82, 22.57, 22.36, 22.48, 22.43
2026-09-08, 19:13:38, 22.5, 22.5, 22.75, 22.75, 9999.0, 9999.0, 9999.0, 23.91, 9999.0, 22.66, 9999.0, 22.8, 22.57, 22.34, 22.48, 22.43
2026-09-08, 19:13:42, 22.5, 22.5, 22.75, 22.75, 9999.0, 9999.0, 9999.0, 23.93, 9999.0, 22.66, 9999.0, 22.77, 22.57, 22.34, 22.48, 22.41
2026-09-08, 19:13:46, 22.5, 22.5, 22.75, 22.75, 9999.0, 9999.0, 9999.0, 23.95, 9999.0, 22.66, 9999.0, 22.77, 22.55, 22.34, 22.5, 22.41
2026-09-08, 19:13:50, 22.5, 22.5, 22.75, 22.75, 9999.0, 9999.0, 9999.0, 23.98, 9999.0, 22.64, 9999.0, 22.75, 22.55, 22.32, 22.48, 22.41
2026-09-08, 19:13:54, 22.5, 22.5, 22.75, 22.75, 9999.0, 9999.0, 9999.0, 24.0, 9999.0, 22.61, 9999.0, 22.75, 22.55, 22.3, 22.45, 22.43
2026-09-08, 19:13:58, 22.48, 22.5, 22.75, 22.75, 9999.0, 9999.0, 9999.0, 24.02, 9999.0, 22.59, 9999.0, 22.75, 22.55, 22.3, 22.45, 22.43
2026-09-08, 19:14:02, 22.48, 22.5, 22.75, 22.75, 9999.0, 9999.0, 9999.0, 24.07, 9999.0, 22.57, 9999.0, 22.75, 22.52, 22.32, 22.45, 22.43
2026-09-08, 19:14:06, 22.48, 22.5, 22.75, 22.75, 9999.0, 9999.0, 9999.0, 24.11, 9999.0, 22.55, 9999.0, 22.75, 22.5, 22.32, 22.45, 22.43
2026-09-08, 19:14:10, 22.48, 22.5, 22.75, 22.77, 9999.0, 9999.0, 9999.0, 24.05, 9999.0, 22.5, 9999.0, 22.77, 22.5, 22.34, 22.45, 22.43
2026-09-08, 19:14:14, 22.48, 22.5, 22.75, 22.77, 9999.0, 9999.0, 9999.0, 24.0, 9999.0, 22.45, 9999.0, 22.8, 22.5, 22.36, 22.45, 22.43
2026-09-08, 19:14:18, 22.48, 22.5, 22.75, 22.77, 9999.0, 9999.0, 9999.0, 23.95, 9999.0, 22.43, 9999.0, 22.82, 22.5, 22.36, 22.45, 22.43
2026-09-08, 19:14:22, 22.48, 22.5, 22.75, 22.77, 9999.0, 9999.0, 9999.0, 23.91, 9999.0, 22.43, 9999.0, 22.84, 22.5, 22.39, 22.45, 22.41
2026-09-08, 19:14:26, 22.48, 22.5, 22.75, 22.77, 9999.0, 9999.0, 9999.0, 23.89, 9999.0, 22.43, 9999.0, 22.86, 22.5, 22.36, 22.45, 22.43
2026-09-08, 19:14:30, 22.48, 22.5, 22.75, 22.77, 9999.0, 9999.0, 9999.0, 23.86, 9999.0, 22.45, 9999.0, 22.86, 22.5, 22.34, 22.45, 22.45
2026-09-08, 19:14:34, 22.48, 22.5, 22.75, 22.77, 9999.0, 9999.0, 9999.0, 23.82, 9999.0, 22.48, 9999.0, 22.86, 22.5, 22.36, 22.48, 22.43
2026-09-08, 19:14:38, 22.48, 22.5, 22.75, 22.77, 9999.0, 9999.0, 9999.0, 23.77, 9999.0, 22.5, 9999.0, 22.86, 22.52, 22.39, 22.5, 22.43
2026-09-08, 19:14:42, 22.48, 22.5, 22.75, 22.77, 9999.0, 9999.0, 9999.0, 23.8, 9999.0, 22.5, 9999.0, 22.86, 22.55, 22.41, 22.5, 22.43
2026-09-08, 19:14:46, 22.45, 22.5, 22.75, 22.77, 9999.0, 9999.0, 9999.0, 23.82, 9999.0, 22.5, 9999.0, 22.86, 22.55, 22.41, 22.5, 22.41
2026-09-08, 19:14:50, 22.45, 22.5, 22.75, 22.77, 9999.0, 9999.0, 9999.0, 23.84, 9999.0, 22.5, 9999.0, 22.86, 22.55, 22.41, 22.5, 22.41
2026-09-08, 19:14:54, 22.45, 22.5, 22.75, 22.75, 9999.0, 9999.0, 9999.0, 23.89, 9999.0, 22.52, 9999.0, 22.84, 22.55, 22.39, 22.48, 22.39
2026-09-08, 19:14:58, 22.45, 22.5, 22.75, 22.75, 9999.0, 9999.0, 9999.0, 23.93, 9999.0, 22.55, 9999.0, 22.82, 22.55, 22.39, 22.48, 22.41
2026-09-08, 19:15:02, 22.45, 22.5, 22.75, 22.75, 9999.0, 9999.0, 9999.0, 23.95, 9999.0, 22.57, 9999.0, 22.8, 22.55, 22.39, 22.48, 22.41
2026-09-08, 19:15:06, 22.45, 22.5, 22.75, 22.75, 9999.0, 9999.0, 9999.0, 23.98, 9999.0, 22.57, 9999.0, 22.77, 22.55, 22.36, 22.48, 22.43
2026-09-08, 19:15:10, 22.45, 22.5, 22.75, 22.75, 9999.0, 9999.0, 9999.0, 24.0, 9999.0, 22.57, 9999.0, 22.75, 22.55, 22.39, 22.48, 22.43
2026-09-08, 19:15:14, 22.45, 22.5, 22.75, 22.75, 9999.0, 9999.0, 9999.0, 24.02, 9999.0, 22.55, 9999.0, 22.75, 22.55, 22.39, 22.48, 22.43
2026-09-08, 19:15:18, 22.43, 22.5, 22.75, 22.75, 9999.0, 9999.0, 9999.0, 24.05, 9999.0, 22.52, 9999.0, 22.75, 22.55, 22.36, 22.48, 22.45
2026-09-08, 19:15:22, 22.43, 22.5, 22.75, 22.75, 9999.0, 9999.0, 9999.0, 24.07, 9999.0, 22.5, 9999.0, 22.75, 22.52, 22.34, 22.48, 22.45
2026-09-08, 19:15:26, 22.45, 22.5, 22.75, 22.75, 9999.0, 9999.0, 9999.0, 24.02, 9999.0, 22.48, 9999.0, 22.77, 22.5, 22.34, 22.48, 22.45
2026-09-08, 19:15:30, 22.48, 22.5, 22.75, 22.75, 9999.0, 9999.0, 9999.0, 23.98, 9999.0, 22.45, 9999.0, 22.8, 22.5, 22.34, 22.48, 22.48
2026-09-08, 19:15:34, 22.48, 22.5, 22.75, 22.75, 9999.0, 9999.0, 9999.0, 23.93, 9999.0, 22.43, 9999.0, 22.82, 22.5, 22.34, 22.48, 22.48
2026-09-08, 19:15:38, 22.48, 22.5, 22.75, 22.75, 9999.0, 9999.0, 9999.0, 23.86, 9999.0, 22.43, 9999.0, 22.84, 22.5, 22.34, 22.5, 22.48
2026-09-08, 19:15:42, 22.48, 22.5, 22.75, 22.75, 9999.0, 9999.0, 9999.0, 23.8, 9999.0, 22.43, 9999.0, 22.84, 22.5, 22.32, 22.5, 22.48
2026-09-08, 19:15:46, 22.48, 22.5, 22.75, 22.75, 9999.0, 9999.0, 9999.0, 23.75, 9999.0, 22.45, 9999.0, 22.84, 22.5, 22.34, 22.5, 22.48
2026-09-08, 19:15:50, 22.48, 22.5, 22.75, 22.75, 9999.0, 9999.0, 9999.0, 23.7, 9999.0, 22.48, 9999.0, 22.84, 22.52, 22.36, 22.5, 22.48
2026-09-08, 19:15:54, 22.48, 22.5, 22.77, 22.75, 9999.0, 9999.0, 9999.0, 23.66, 9999.0, 22.48, 9999.0, 22.84, 22.55, 22.36, 22.5, 22.48
2026-09-08, 19:15:58, 22.48, 22.5, 22.77, 22.75, 9999.0, 9999.0, 9999.0, 23.68, 9999.0, 22.48, 9999.0, 22.84, 22.55, 22.39, 22.5, 22.48
2026-09-08, 19:16:02, 22.5, 22.5, 22.77, 22.75, 9999.0, 9999.0, 9999.0, 23.73, 9999.0, 22.48, 9999.0, 22.84, 22.55, 22.41, 22.5, 22.48
2026-09-08, 19:16:06, 22.5, 22.5, 22.77, 22.75, 9999.0, 9999.0, 9999.0, 23.75, 9999.0, 22.48, 9999.0, 22.84, 22.55, 22.41, 22.5, 22.45
2026-09-08, 19:16:10, 22.5, 22.5, 22.77, 22.75, 9999.0, 9999.0, 9999.0, 23.77, 9999.0, 22.5, 9999.0, 22.82, 22.55, 22.39, 22.48, 22.45
2026-09-08, 19:16:14, 22.5, 22.5, 22.77, 22.75, 9999.0, 9999.0, 9999.0, 23.8, 9999.0, 22.5, 9999.0, 22.8, 22.55, 22.36, 22.48, 22.45
2026-09-08, 19:16:18, 22.5, 22.5, 22.77, 22.75, 9999.0, 9999.0, 9999.0, 23.82, 9999.0, 22.5, 9999.0, 22.77, 22.55, 22.39, 22.48, 22.45
2026-09-08, 19:16:22, 22.5, 22.5, 22.77, 22.75, 9999.0, 9999.0, 9999.0, 23.84, 9999.0, 22.5, 9999.0, 22.75, 22.55, 22.39, 22.48, 22.48
2026-09-08, 19:16:26, 22.5, 22.5, 22.77, 22.75, 9999.0, 9999.0, 9999.0, 23.89, 9999.0, 22.48, 9999.0, 22.75, 22.55, 22.39, 22.48, 22.48
2026-09-08, 19:16:30, 22.5, 22.5, 22.77, 22.75, 9999.0, 9999.0, 9999.0, 23.91, 9999.0, 22.45, 9999.0, 22.77, 22.55, 22.39, 22.48, 22.48
2026-09-08, 19:16:34, 22.48, 22.5, 22.77, 22.75, 9999.0, 9999.0, 9999.0, 23.93, 9999.0, 22.41, 9999.0, 22.77, 22.52, 22.36, 22.48, 22.48
2026-09-08, 19:16:38, 22.48, 22.5, 22.75, 22.75, 9999.0, 9999.0, 9999.0, 23.95, 9999.0, 22.39, 9999.0, 22.77, 22.5, 22.34, 22.48, 22.48
2026-09-08, 19:16:42, 22.48, 22.5, 22.75, 22.75, 9999.0, 9999.0, 9999.0, 23.91, 9999.0, 22.36, 9999.0, 22.8, 22.5, 22.32, 22.48, 22.48
2026-09-08, 19:16:46, 22.48, 22.5, 22.75, 22.75, 9999.0, 9999.0, 9999.0, 23.86, 9999.0, 22.34, 9999.0, 22.82, 22.52, 22.32, 22.48, 22.48
2026-09-08, 19:16:50, 22.48, 22.5, 22.75, 22.77, 9999.0, 9999.0, 9999.0, 23.84, 9999.0, 22.34, 9999.0, 22.84, 22.52, 22.32, 22.48, 22.5
2026-09-08, 19:16:55, 22.48, 22.5, 22.75, 22.77, 9999.0, 9999.0, 9999.0, 23.82, 9999.0, 22.34, 9999.0, 22.84, 22.52, 22.34, 22.5, 22.5
2026-09-08, 19:16:59, 22.45, 22.5, 22.75, 22.77, 9999.0, 9999.0, 9999.0, 23.8, 9999.0, 22.36, 9999.0, 22.84, 22.55, 22.34, 22.5, 22.5
2026-09-08, 19:17:03, 22.45, 22.5, 22.77, 22.77, 9999.0, 9999.0, 9999.0, 23.75, 9999.0, 22.41, 9999.0, 22.84, 22.57, 22.34, 22.5, 22.5
2026-09-08, 19:17:07, 22.45, 22.5, 22.77, 22.77, 9999.0, 9999.0, 9999.0, 23.73, 9999.0, 22.41, 9999.0, 22.84, 22.57, 22.36, 22.5, 22.5
2026-09-08, 19:17:11, 22.45, 22.5, 22.77, 22.77, 9999.0, 9999.0, 9999.0, 23.77, 9999.0, 22.43, 9999.0, 22.84, 22.59, 22.39, 22.5, 22.48
2026-09-08, 19:17:15, 22.45, 22.5, 22.77, 22.77, 9999.0, 9999.0, 9999.0, 23.82, 9999.0, 22.43, 9999.0, 22.82, 22.61, 22.36, 22.5, 22.48
2026-09-08, 19:17:19, 22.48, 22.5, 22.77, 22.77, 9999.0, 9999.0, 9999.0, 23.86, 9999.0, 22.45, 9999.0, 22.82, 22.64, 22.36, 22.48, 22.48
2026-09-08, 19:17:23, 22.48, 22.5, 22.77, 22.77, 9999.0, 9999.0, 9999.0, 23.91, 9999.0, 22.48, 9999.0, 22.82, 22.64, 22.36, 22.48, 22.48
2026-09-08, 19:17:27, 22.45, 22.5, 22.8, 22.8, 9999.0, 9999.0, 9999.0, 23.93, 9999.0, 22.5, 9999.0, 22.77, 22.64, 22.36, 22.48, 22.48
2026-09-08, 19:17:31, 22.45, 22.5, 22.82, 22.82, 9999.0, 9999.0, 9999.0, 23.95, 9999.0, 22.5, 9999.0, 22.75, 22.61, 22.34, 22.48, 22.48
2026-09-08, 19:17:35, 22.45, 22.5, 22.82, 22.8, 9999.0, 9999.0, 9999.0, 23.98, 9999.0, 22.48, 9999.0, 22.73, 22.61, 22.34, 22.48, 22.48
2026-09-08, 19:17:39, 22.45, 22.5, 22.82, 22.8, 9999.0, 9999.0, 9999.0, 23.98, 9999.0, 22.45, 9999.0, 22.73, 22.61, 22.34, 22.48, 22.48
2026-09-08, 19:17:43, 22.48, 22.5, 22.82, 22.8, 9999.0, 9999.0, 9999.0, 23.98, 9999.0, 22.43, 9999.0, 22.73, 22.59, 22.34, 22.48, 22.48
2026-09-08, 19:17:47, 22.48, 22.5, 22.8, 22.8, 9999.0, 9999.0, 9999.0, 24.0, 9999.0, 22.39, 9999.0, 22.73, 22.57, 22.34, 22.48, 22.45
2026-09-08, 19:17:51, 22.48, 22.5, 22.8, 22.8, 9999.0, 9999.0, 9999.0, 24.02, 9999.0, 22.36, 9999.0, 22.73, 22.57, 22.34, 22.45, 22.45
2026-09-08, 19:17:55, 22.48, 22.5, 22.8, 22.8, 9999.0, 9999.0, 9999.0, 23.95, 9999.0, 22.34, 9999.0, 22.73, 22.55, 22.32, 22.45, 22.48
2026-09-08, 19:17:59, 22.48, 22.5, 22.8, 22.8, 9999.0, 9999.0, 9999.0, 23.91, 9999.0, 22.32, 9999.0, 22.75, 22.55, 22.34, 22.45, 22.48
2026-09-08, 19:18:03, 22.48, 22.5, 22.8, 22.8, 9999.0, 9999.0, 9999.0, 23.86, 9999.0, 22.3, 9999.0, 22.77, 22.55, 22.34, 22.48, 22.48
2026-09-08, 19:18:07, 22.48, 22.5, 22.8, 22.82, 9999.0, 9999.0, 9999.0, 23.82, 9999.0, 22.3, 9999.0, 22.77, 22.57, 22.34, 22.48, 22.48
2026-09-08, 19:18:11, 22.5, 22.5, 22.77, 22.8, 9999.0, 9999.0, 9999.0, 23.77, 9999.0, 22.3, 9999.0, 22.8, 22.57, 22.34, 22.48, 22.48
2026-09-08, 19:18:15, 22.5, 22.5, 22.77, 22.77, 9999.0, 9999.0, 9999.0, 23.75, 9999.0, 22.32, 9999.0, 22.8, 22.59, 22.34, 22.48, 22.48
2026-09-08, 19:18:19, 22.5, 22.5, 22.77, 22.8, 9999.0, 9999.0, 9999.0, 23.7, 9999.0, 22.34, 9999.0, 22.8, 22.61, 22.34, 22.48, 22.48
2026-09-08, 19:18:23, 22.5, 22.5, 22.77, 22.82, 9999.0, 9999.0, 9999.0, 23.68, 9999.0, 22.36, 9999.0, 22.8, 22.64, 22.34, 22.48, 22.45
2026-09-08, 19:18:27, 22.5, 22.5, 22.77, 22.84, 9999.0, 9999.0, 9999.0, 23.73, 9999.0, 22.39, 9999.0, 22.8, 22.64, 22.34, 22.45, 22.45
2026-09-08, 19:18:31, 22.5, 22.5, 22.8, 22.84, 9999.0, 9999.0, 9999.0, 23.77, 9999.0, 22.41, 9999.0, 22.8, 22.66, 22.34, 22.45, 22.48
2026-09-08, 19:18:35, 22.5, 22.5, 22.82, 22.84, 9999.0, 9999.0, 9999.0, 23.82, 9999.0, 22.43, 9999.0, 22.8, 22.68, 22.34, 22.45, 22.48
2026-09-08, 19:18:39, 22.5, 22.5, 22.82, 22.84, 9999.0, 9999.0, 9999.0, 23.86, 9999.0, 22.45, 9999.0, 22.8, 22.68, 22.36, 22.45, 22.48
2026-09-08, 19:18:43, 22.5, 22.5, 22.82, 22.84, 9999.0, 9999.0, 9999.0, 23.89, 9999.0, 22.45, 9999.0, 22.77, 22.66, 22.34, 22.45, 22.48
2026-09-08, 19:18:47, 22.5, 22.5, 22.82, 22.84, 9999.0, 9999.0, 9999.0, 23.91, 9999.0, 22.45, 9999.0, 22.75, 22.64, 22.36, 22.45, 22.48
2026-09-08, 19:18:51, 22.5, 22.5, 22.82, 22.84, 9999.0, 9999.0, 9999.0, 23.93, 9999.0, 22.43, 9999.0, 22.75, 22.61, 22.36, 22.45, 22.48
2026-09-08, 19:18:55, 22.5, 22.5, 22.82, 22.84, 9999.0, 9999.0, 9999.0, 23.95, 9999.0, 22.41, 9999.0, 22.75, 22.61, 22.36, 22.45, 22.48
2026-09-08, 19:18:59, 22.48, 22.5, 22.8, 22.84, 9999.0, 9999.0, 9999.0, 23.95, 9999.0, 22.39, 9999.0, 22.75, 22.59, 22.39, 22.43, 22.48
2026-09-08, 19:19:03, 22.45, 22.5, 22.8, 22.82, 9999.0, 9999.0, 9999.0, 23.98, 9999.0, 22.36, 9999.0, 22.77, 22.57, 22.41, 22.41, 22.45
2026-09-08, 19:19:07, 22.45, 22.5, 22.82, 22.8, 9999.0, 9999.0, 9999.0, 24.0, 9999.0, 22.34, 9999.0, 22.77, 22.55, 22.39, 22.41, 22.48
2026-09-08, 19:19:11, 22.45, 22.5, 22.82, 22.8, 9999.0, 9999.0, 9999.0, 23.95, 9999.0, 22.32, 9999.0, 22.77, 22.55, 22.41, 22.43, 22.45
2026-09-08, 19:19:15, 22.45, 22.5, 22.8, 22.8, 9999.0, 9999.0, 9999.0, 23.91, 9999.0, 22.3, 9999.0, 22.8, 22.52, 22.41, 22.43, 22.45
2026-09-08, 19:19:19, 22.45, 22.5, 22.77, 22.8, 9999.0, 9999.0, 9999.0, 23.86, 9999.0, 22.27, 9999.0, 22.82, 22.5, 22.41, 22.45, 22.45
2026-09-08, 19:19:23, 22.45, 22.5, 22.77, 22.82, 9999.0, 9999.0, 9999.0, 23.8, 9999.0, 22.27, 9999.0, 22.84, 22.52, 22.39, 22.45, 22.45
2026-09-08, 19:19:27, 22.45, 22.5, 22.77, 22.84, 9999.0, 9999.0, 9999.0, 23.75, 9999.0, 22.3, 9999.0, 22.84, 22.52, 22.41, 22.45, 22.45
2026-09-08, 19:19:31, 22.45, 22.5, 22.8, 22.86, 9999.0, 9999.0, 9999.0, 23.7, 9999.0, 22.32, 9999.0, 22.84, 22.55, 22.41, 22.45, 22.45
2026-09-08, 19:19:35, 22.45, 22.5, 22.8, 22.84, 9999.0, 9999.0, 9999.0, 23.66, 9999.0, 22.34, 9999.0, 22.86, 22.57, 22.43, 22.45, 22.45
2026-09-08, 19:19:39, 22.45, 22.5, 22.8, 22.86, 9999.0, 9999.0, 9999.0, 23.64, 9999.0, 22.36, 9999.0, 22.86, 22.59, 22.45, 22.45, 22.43
2026-09-08, 19:19:43, 22.48, 22.5, 22.8, 22.89, 9999.0, 9999.0, 9999.0, 23.68, 9999.0, 22.39, 9999.0, 22.86, 22.61, 22.43, 22.48, 22.43
2026-09-08, 19:19:47, 22.48, 22.5, 22.82, 22.89, 9999.0, 9999.0, 9999.0, 23.73, 9999.0, 22.39, 9999.0, 22.84, 22.61, 22.43, 22.5, 22.45
2026-09-08, 19:19:51, 22.48, 22.5, 22.8, 22.91, 9999.0, 9999.0, 9999.0, 23.77, 9999.0, 22.41, 9999.0, 22.84, 22.61, 22.45, 22.5, 22.45
2026-09-08, 19:19:55, 22.48, 22.5, 22.82, 22.89, 9999.0, 9999.0, 9999.0, 23.8, 9999.0, 22.43, 9999.0, 22.84, 22.61, 22.43, 22.48, 22.48
2026-09-08, 19:19:59, 22.48, 22.5, 22.82, 22.91, 9999.0, 9999.0, 9999.0, 23.82, 9999.0, 22.45, 9999.0, 22.82, 22.64, 22.43, 22.48, 22.45
2026-09-08, 19:20:03, 22.45, 22.5, 22.84, 22.93, 9999.0, 9999.0, 9999.0, 23.84, 9999.0, 22.45, 9999.0, 22.8, 22.64, 22.41, 22.45, 22.45
2026-09-08, 19:20:07, 22.43, 22.5, 22.84, 22.93, 9999.0, 9999.0, 9999.0, 23.89, 9999.0, 22.41, 9999.0, 22.77, 22.61, 22.43, 22.45, 22.45
2026-09-08, 19:20:11, 22.43, 22.5, 22.84, 22.91, 9999.0, 9999.0, 9999.0, 23.93, 9999.0, 22.39, 9999.0, 22.77, 22.61, 22.41, 22.43, 22.45
2026-09-08, 19:20:15, 22.43, 22.5, 22.82, 22.91, 9999.0, 9999.0, 9999.0, 23.98, 9999.0, 22.36, 9999.0, 22.77, 22.61, 22.39, 22.43, 22.43
2026-09-08, 19:20:19, 22.43, 22.5, 22.84, 22.91, 9999.0, 9999.0, 9999.0, 24.0, 9999.0, 22.34, 9999.0, 22.75, 22.59, 22.39, 22.43, 22.43
2026-09-08, 19:20:23, 22.43, 22.5, 22.86, 22.89, 9999.0, 9999.0, 9999.0, 24.02, 9999.0, 22.32, 9999.0, 22.75, 22.57, 22.36, 22.43, 22.43
2026-09-08, 19:20:27, 22.43, 22.5, 22.86, 22.89, 9999.0, 9999.0, 9999.0, 23.95, 9999.0, 22.27, 9999.0, 22.77, 22.55, 22.39, 22.43, 22.43
2026-09-08, 19:20:31, 22.45, 22.5, 22.84, 22.89, 9999.0, 9999.0, 9999.0, 23.89, 9999.0, 22.25, 9999.0, 22.8, 22.57, 22.39, 22.43, 22.43
2026-09-08, 19:20:35, 22.45, 22.5, 22.86, 22.86, 9999.0, 9999.0, 9999.0, 23.82, 9999.0, 22.2, 9999.0, 22.82, 22.59, 22.36, 22.43, 22.43
2026-09-08, 19:20:39, 22.45, 22.5, 22.84, 22.86, 9999.0, 9999.0, 9999.0, 23.77, 9999.0, 22.18, 9999.0, 22.84, 22.61, 22.39, 22.45, 22.43
2026-09-08, 19:20:43, 22.45, 22.5, 22.86, 22.84, 9999.0, 9999.0, 9999.0, 23.73, 9999.0, 22.16, 9999.0, 22.84, 22.59, 22.39, 22.45, 22.45
2026-09-08, 19:20:48, 22.48, 22.5, 22.84, 22.84, 9999.0, 9999.0, 9999.0, 23.68, 9999.0, 22.16, 9999.0, 22.84, 22.61, 22.39, 22.48, 22.45
2026-09-08, 19:20:52, 22.5, 22.5, 22.86, 22.82, 9999.0, 9999.0, 9999.0, 23.64, 9999.0, 22.2, 9999.0, 22.84, 22.61, 22.39, 22.45, 22.45
2026-09-08, 19:20:56, 22.5, 22.5, 22.89, 22.84, 9999.0, 9999.0, 9999.0, 23.59, 9999.0, 22.23, 9999.0, 22.84, 22.61, 22.41, 22.48, 22.45
2026-09-08, 19:21:00, 22.5, 22.5, 22.89, 22.82, 9999.0, 9999.0, 9999.0, 23.61, 9999.0, 22.25, 9999.0, 22.84, 22.59, 22.41, 22.48, 22.48
2026-09-08, 19:21:04, 22.5, 22.5, 22.89, 22.82, 9999.0, 9999.0, 9999.0, 23.64, 9999.0, 22.27, 9999.0, 22.84, 22.59, 22.41, 22.48, 22.48
2026-09-08, 19:21:08, 22.5, 22.5, 22.86, 22.84, 9999.0, 9999.0, 9999.0, 23.66, 9999.0, 22.27, 9999.0, 22.84, 22.59, 22.41, 22.48, 22.5
2026-09-08, 19:21:12, 22.5, 22.5, 22.89, 22.82, 9999.0, 9999.0, 9999.0, 23.7, 9999.0, 22.3, 9999.0, 22.82, 22.59, 22.39, 22.48, 22.5
2026-09-08, 19:21:16, 22.5, 22.5, 22.89, 22.84, 9999.0, 9999.0, 9999.0, 23.73, 9999.0, 22.32, 9999.0, 22.8, 22.57, 22.39, 22.48, 22.5
2026-09-08, 19:21:20, 22.5, 22.5, 22.89, 22.86, 9999.0, 9999.0, 9999.0, 23.75, 9999.0, 22.34, 9999.0, 22.77, 22.55, 22.41, 22.48, 22.5
2026-09-08, 19:21:24, 22.5, 22.5, 22.89, 22.89, 9999.0, 9999.0, 9999.0, 23.77, 9999.0, 22.34, 9999.0, 22.75, 22.55, 22.39, 22.48, 22.5
2026-09-08, 19:21:28, 22.5, 22.5, 22.86, 22.89, 9999.0, 9999.0, 9999.0, 23.82, 9999.0, 22.34, 9999.0, 22.75, 22.55, 22.36, 22.48, 22.5
2026-09-08, 19:21:32, 22.5, 22.5, 22.89, 22.89, 9999.0, 9999.0, 9999.0, 23.84, 9999.0, 22.34, 9999.0, 22.75, 22.52, 22.39, 22.48, 22.5
2026-09-08, 19:21:36, 22.5, 22.5, 22.89, 22.91, 9999.0, 9999.0, 9999.0, 23.86, 9999.0, 22.32, 9999.0, 22.75, 22.52, 22.39, 22.48, 22.5
2026-09-08, 19:21:40, 22.5, 22.5, 22.86, 22.91, 9999.0, 9999.0, 9999.0, 23.89, 9999.0, 22.3, 9999.0, 22.75, 22.52, 22.36, 22.48, 22.5
2026-09-08, 19:21:44, 22.5, 22.5, 22.86, 22.93, 9999.0, 9999.0, 9999.0, 23.84, 9999.0, 22.27, 9999.0, 22.75, 22.52, 22.39, 22.48, 22.5
2026-09-08, 19:21:48, 22.5, 22.5, 22.86, 22.95, 9999.0, 9999.0, 9999.0, 23.8, 9999.0, 22.23, 9999.0, 22.77, 22.52, 22.36, 22.48, 22.5
2026-09-08, 19:21:52, 22.5, 22.5, 22.89, 22.95, 9999.0, 9999.0, 9999.0, 23.75, 9999.0, 22.23, 9999.0, 22.8, 22.52, 22.36, 22.48, 22.5
2026-09-08, 19:21:56, 22.5, 22.5, 22.86, 22.98, 9999.0, 9999.0, 9999.0, 23.7, 9999.0, 22.23, 9999.0, 22.82, 22.52, 22.36, 22.48, 22.5
2026-09-08, 19:22:00, 22.5, 22.5, 22.86, 22.98, 9999.0, 9999.0, 9999.0, 23.68, 9999.0, 22.23, 9999.0, 22.84, 22.52, 22.34, 22.48, 22.5
2026-09-08, 19:22:04, 22.5, 22.5, 22.86, 22.98, 9999.0, 9999.0, 9999.0, 23.66, 9999.0, 22.23, 9999.0, 22.84, 22.55, 22.34, 22.48, 22.5
2026-09-08, 19:22:08, 22.5, 22.5, 22.86, 22.95, 9999.0, 9999.0, 9999.0, 23.64, 9999.0, 22.25, 9999.0, 22.84, 22.55, 22.34, 22.48, 22.5
2026-09-08, 19:22:12, 22.5, 22.5, 22.89, 22.95, 9999.0, 9999.0, 9999.0, 23.59, 9999.0, 22.27, 9999.0, 22.84, 22.57, 22.34, 22.48, 22.5
2026-09-08, 19:22:16, 22.5, 22.5, 22.89, 22.93, 9999.0, 9999.0, 9999.0, 23.64, 9999.0, 22.3, 9999.0, 22.84, 22.57, 22.32, 22.48, 22.5
2026-09-08, 19:22:20, 22.5, 22.5, 22.86, 22.93, 9999.0, 9999.0, 9999.0, 23.66, 9999.0, 22.32, 9999.0, 22.84, 22.57, 22.3, 22.5, 22.5
2026-09-08, 19:22:24, 22.5, 22.5, 22.86, 22.93, 9999.0, 9999.0, 9999.0, 23.68, 9999.0, 22.32, 9999.0, 22.84, 22.59, 22.3, 22.5, 22.5
2026-09-08, 19:22:28, 22.5, 22.5, 22.89, 22.93, 9999.0, 9999.0, 9999.0, 23.7, 9999.0, 22.32, 9999.0, 22.84, 22.59, 22.27, 22.5, 22.5
2026-09-08, 19:22:32, 22.5, 22.5, 22.86, 22.91, 9999.0, 9999.0, 9999.0, 23.75, 9999.0, 22.34, 9999.0, 22.82, 22.59, 22.27, 22.5, 22.5
2026-09-08, 19:22:36, 22.5, 22.5, 22.84, 22.91, 9999.0, 9999.0, 9999.0, 23.8, 9999.0, 22.34, 9999.0, 22.8, 22.61, 22.27, 22.5, 22.5
2026-09-08, 19:22:40, 22.5, 22.5, 22.84, 22.91, 9999.0, 9999.0, 9999.0, 23.82, 9999.0, 22.34, 9999.0, 22.77, 22.61, 22.3, 22.48, 22.5
2026-09-08, 19:22:44, 22.5, 22.5, 22.84, 22.89, 9999.0, 9999.0, 9999.0, 23.84, 9999.0, 22.34, 9999.0, 22.75, 22.61, 22.3, 22.48, 22.5
2026-09-08, 19:22:48, 22.5, 22.5, 22.82, 22.86, 9999.0, 9999.0, 9999.0, 23.86, 9999.0, 22.34, 9999.0, 22.75, 22.59, 22.27, 22.48, 22.5
2026-09-08, 19:22:52, 22.5, 22.5, 22.82, 22.89, 9999.0, 9999.0, 9999.0, 23.89, 9999.0, 22.32, 9999.0, 22.77, 22.57, 22.27, 22.48, 22.5
2026-09-08, 19:22:56, 22.48, 22.5, 22.8, 22.91, 9999.0, 9999.0, 9999.0, 23.91, 9999.0, 22.3, 9999.0, 22.8, 22.55, 22.27, 22.48, 22.5
2026-09-08, 19:23:00, 22.48, 22.5, 22.77, 22.93, 9999.0, 9999.0, 9999.0, 23.86, 9999.0, 22.27, 9999.0, 22.8, 22.55, 22.27, 22.48, 22.5
2026-09-08, 19:23:04, 22.48, 22.5, 22.8, 22.93, 9999.0, 9999.0, 9999.0, 23.82, 9999.0, 22.23, 9999.0, 22.82, 22.55, 22.3, 22.48, 22.5
2026-09-08, 19:23:08, 22.48, 22.5, 22.82, 22.93, 9999.0, 9999.0, 9999.0, 23.77, 9999.0, 22.2, 9999.0, 22.84, 22.55, 22.32, 22.48, 22.5
2026-09-08, 19:23:12, 22.48, 22.5, 22.8, 22.93, 9999.0, 9999.0, 9999.0, 23.73, 9999.0, 22.2, 9999.0, 22.86, 22.55, 22.32, 22.48, 22.5
2026-09-08, 19:23:16, 22.45, 22.5, 22.82, 22.95, 9999.0, 9999.0, 9999.0, 23.68, 9999.0, 22.23, 9999.0, 22.89, 22.55, 22.34, 22.45, 22.5
2026-09-08, 19:23:20, 22.45, 22.5, 22.84, 22.93, 9999.0, 9999.0, 9999.0, 23.64, 9999.0, 22.23, 9999.0, 22.89, 22.52, 22.36, 22.45, 22.5
2026-09-08, 19:23:24, 22.45, 22.5, 22.86, 22.93, 9999.0, 9999.0, 9999.0, 23.61, 9999.0, 22.25, 9999.0, 22.91, 22.52, 22.34, 22.48, 22.5
2026-09-08, 19:23:28, 22.45, 22.5, 22.89, 22.95, 9999.0, 9999.0, 9999.0, 23.59, 9999.0, 22.27, 9999.0, 22.91, 22.55, 22.34, 22.48, 22.5
2026-09-08, 19:23:32, 22.45, 22.5, 22.91, 22.98, 9999.0, 9999.0, 9999.0, 23.57, 9999.0, 22.3, 9999.0, 22.91, 22.55, 22.34, 22.48, 22.5
2026-09-08, 19:23:36, 22.45, 22.5, 22.91, 22.98, 9999.0, 9999.0, 9999.0, 23.61, 9999.0, 22.32, 9999.0, 22.89, 22.57, 22.34, 22.48, 22.5
2026-09-08, 19:23:40, 22.48, 22.5, 22.91, 22.98, 9999.0, 9999.0, 9999.0, 23.64, 9999.0, 22.34, 9999.0, 22.86, 22.57, 22.36, 22.48, 22.5
2026-09-08, 19:23:44, 22.48, 22.5, 22.91, 22.98, 9999.0, 9999.0, 9999.0, 23.66, 9999.0, 22.36, 9999.0, 22.86, 22.57, 22.36, 22.48, 22.48
2026-09-08, 19:23:48, 22.48, 22.5, 22.91, 22.98, 9999.0, 9999.0, 9999.0, 23.7, 9999.0, 22.39, 9999.0, 22.84, 22.57, 22.36, 22.48, 22.48
2026-09-08, 19:23:52, 22.48, 22.5, 22.91, 22.98, 9999.0, 9999.0, 9999.0, 23.75, 9999.0, 22.41, 9999.0, 22.82, 22.55, 22.36, 22.48, 22.48
2026-09-08, 19:23:56, 22.48, 22.5, 22.93, 22.98, 9999.0, 9999.0, 9999.0, 23.77, 9999.0, 22.43, 9999.0, 22.8, 22.57, 22.36, 22.48, 22.48
2026-09-08, 19:24:00, 22.5, 22.5, 22.93, 22.98, 9999.0, 9999.0, 9999.0, 23.8, 9999.0, 22.41, 9999.0, 22.77, 22.57, 22.34, 22.5, 22.48
2026-09-08, 19:24:04, 22.48, 22.5, 22.93, 23.0, 9999.0, 9999.0, 9999.0, 23.82, 9999.0, 22.41, 9999.0, 22.77, 22.57, 22.34, 22.5, 22.48
2026-09-08, 19:24:08, 22.48, 22.5, 22.93, 23.0, 9999.0, 9999.0, 9999.0, 23.84, 9999.0, 22.39, 9999.0, 22.75, 22.57, 22.34, 22.5, 22.48
2026-09-08, 19:24:12, 22.48, 22.5, 22.91, 23.0, 9999.0, 9999.0, 9999.0, 23.86, 9999.0, 22.36, 9999.0, 22.75, 22.55, 22.34, 22.5, 22.48
2026-09-08, 19:24:16, 22.48, 22.5, 22.89, 23.0, 9999.0, 9999.0, 9999.0, 23.89, 9999.0, 22.34, 9999.0, 22.75, 22.55, 22.34, 22.5, 22.48
2026-09-08, 19:24:20, 22.45, 22.5, 22.89, 23.0, 9999.0, 9999.0, 9999.0, 23.84, 9999.0, 22.32, 9999.0, 22.77, 22.55, 22.36, 22.5, 22.48
2026-09-08, 19:24:24, 22.45, 22.5, 22.91, 23.0, 9999.0, 9999.0, 9999.0, 23.82, 9999.0, 22.3, 9999.0, 22.8, 22.55, 22.36, 22.5, 22.48
2026-09-08, 19:24:29, 22.45, 22.5, 22.91, 23.0, 9999.0, 9999.0, 9999.0, 23.77, 9999.0, 22.27, 9999.0, 22.82, 22.55, 22.39, 22.5, 22.5
2026-09-08, 19:24:33, 22.45, 22.5, 22.91, 22.98, 9999.0, 9999.0, 9999.0, 23.73, 9999.0, 22.3, 9999.0, 22.84, 22.57, 22.36, 22.5, 22.5
2026-09-08, 19:24:37, 22.45, 22.5, 22.91, 22.98, 9999.0, 9999.0, 9999.0, 23.68, 9999.0, 22.32, 9999.0, 22.84, 22.57, 22.34, 22.5, 22.5
2026-09-08, 19:24:41, 22.45, 22.5, 22.89, 22.98, 9999.0, 9999.0, 9999.0, 23.66, 9999.0, 22.32, 9999.0, 22.86, 22.57, 22.36, 22.5, 22.5
2026-09-08, 19:24:45, 22.45, 22.5, 22.89, 22.98, 9999.0, 9999.0, 9999.0, 23.64, 9999.0, 22.34, 9999.0, 22.89, 22.59, 22.39, 22.5, 22.5
2026-09-08, 19:24:49, 22.48, 22.5, 22.89, 22.98, 9999.0, 9999.0, 9999.0, 23.61, 9999.0, 22.36, 9999.0, 22.91, 22.59, 22.36, 22.5, 22.5
2026-09-08, 19:24:53, 22.48, 22.5, 22.89, 22.98, 9999.0, 9999.0, 9999.0, 23.66, 9999.0, 22.39, 9999.0, 22.91, 22.61, 22.36, 22.5, 22.5
2026-09-08, 19:24:57, 22.48, 22.5, 22.91, 22.98, 9999.0, 9999.0, 9999.0, 23.7, 9999.0, 22.43, 9999.0, 22.91, 22.64, 22.36, 22.5, 22.5
2026-09-08, 19:25:01, 22.48, 22.5, 22.93, 22.98, 9999.0, 9999.0, 9999.0, 23.75, 9999.0, 22.45, 9999.0, 22.91, 22.66, 22.36, 22.5, 22.5
2026-09-08, 19:25:05, 22.5, 22.5, 22.93, 22.98, 9999.0, 9999.0, 9999.0, 23.77, 9999.0, 22.48, 9999.0, 22.89, 22.64, 22.34, 22.5, 22.5
2026-09-08, 19:25:09, 22.5, 22.5, 22.91, 22.98, 9999.0, 9999.0, 9999.0, 23.8, 9999.0, 22.5, 9999.0, 22.86, 22.64, 22.34, 22.5, 22.5
2026-09-08, 19:25:13, 22.5, 22.5, 22.93, 22.98, 9999.0, 9999.0, 9999.0, 23.84, 9999.0, 22.52, 9999.0, 22.84, 22.64, 22.32, 22.5, 22.5
2026-09-08, 19:25:17, 22.5, 22.5, 22.91, 23.0, 9999.0, 9999.0, 9999.0, 23.89, 9999.0, 22.52, 9999.0, 22.82, 22.61, 22.32, 22.5, 22.5
2026-09-08, 19:25:21, 22.5, 22.5, 22.91, 22.98, 9999.0, 9999.0, 9999.0, 23.93, 9999.0, 22.5, 9999.0, 22.82, 22.61, 22.34, 22.5, 22.5
2026-09-08, 19:25:25, 22.5, 22.5, 22.91, 22.98, 9999.0, 9999.0, 9999.0, 23.95, 9999.0, 22.48, 9999.0, 22.8, 22.59, 22.32, 22.5, 22.5
2026-09-08, 19:25:29, 22.5, 22.5, 22.91, 22.98, 9999.0, 9999.0, 9999.0, 23.98, 9999.0, 22.45, 9999.0, 22.77, 22.57, 22.3, 22.5, 22.5
2026-09-08, 19:25:33, 22.5, 22.5, 22.89, 22.98, 9999.0, 9999.0, 9999.0, 24.0, 9999.0, 22.43, 9999.0, 22.75, 22.57, 22.3, 22.5, 22.5
2026-09-08, 19:25:37, 22.5, 22.5, 22.89, 22.95, 9999.0, 9999.0, 9999.0, 23.95, 9999.0, 22.41, 9999.0, 22.75, 22.55, 22.32, 22.5, 22.5
2026-09-08, 19:25:41, 22.5, 22.5, 22.89, 22.95, 9999.0, 9999.0, 9999.0, 23.91, 9999.0, 22.36, 9999.0, 22.77, 22.52, 22.32, 22.5, 22.5
2026-09-08, 19:25:45, 22.5, 22.5, 22.89, 22.95, 9999.0, 9999.0, 9999.0, 23.86, 9999.0, 22.36, 9999.0, 22.8, 22.5, 22.32, 22.5, 22.5
2026-09-08, 19:25:49, 22.5, 22.5, 22.89, 22.95, 9999.0, 9999.0, 9999.0, 23.82, 9999.0, 22.39, 9999.0, 22.82, 22.52, 22.32, 22.5, 22.5
2026-09-08, 19:25:53, 22.5, 22.5, 22.89, 22.95, 9999.0, 9999.0, 9999.0, 23.8, 9999.0, 22.41, 9999.0, 22.82, 22.52, 22.3, 22.5, 22.5
2026-09-08, 19:25:57, 22.5, 22.5, 22.86, 22.95, 9999.0, 9999.0, 9999.0, 23.75, 9999.0, 22.43, 9999.0, 22.84, 22.52, 22.3, 22.5, 22.5
2026-09-08, 19:26:01, 22.5, 22.5, 22.86, 22.95, 9999.0, 9999.0, 9999.0, 23.7, 9999.0, 22.45, 9999.0, 22.84, 22.55, 22.32, 22.5, 22.5
2026-09-08, 19:26:05, 22.5, 22.5, 22.86, 22.98, 9999.0, 9999.0, 9999.0, 23.66, 9999.0, 22.5, 9999.0, 22.84, 22.57, 22.32, 22.5, 22.5
2026-09-08, 19:26:09, 22.5, 22.5, 22.86, 22.98, 9999.0, 9999.0, 9999.0, 23.64, 9999.0, 22.55, 9999.0, 22.84, 22.59, 22.32, 22.5, 22.5
2026-09-08, 19:26:13, 22.5, 22.5, 22.86, 22.98, 9999.0, 9999.0, 9999.0, 23.68, 9999.0, 22.59, 9999.0, 22.84, 22.61, 22.34, 22.5, 22.5
2026-09-08, 19:26:17, 22.5, 22.5, 22.86, 22.95, 9999.0, 9999.0, 9999.0, 23.73, 9999.0, 22.64, 9999.0, 22.84, 22.61, 22.34, 22.5, 22.5
2026-09-08, 19:26:21, 22.5, 22.5, 22.84, 22.95, 9999.0, 9999.0, 9999.0, 23.75, 9999.0, 22.68, 9999.0, 22.84, 22.61, 22.34, 22.48, 22.5
2026-09-08, 19:26:25, 22.5, 22.5, 22.84, 22.95, 9999.0, 9999.0, 9999.0, 23.77, 9999.0, 22.7, 9999.0, 22.82, 22.64, 22.36, 22.48, 22.5
2026-09-08, 19:26:29, 22.5, 22.5, 22.82, 22.93, 9999.0, 9999.0, 9999.0, 23.8, 9999.0, 22.7, 9999.0, 22.8, 22.64, 22.39, 22.48, 22.5
2026-09-08, 19:26:33, 22.48, 22.5, 22.84, 22.93, 9999.0, 9999.0, 9999.0, 23.84, 9999.0, 22.68, 9999.0, 22.77, 22.61, 22.39, 22.48, 22.5
2026-09-08, 19:26:37, 22.48, 22.5, 22.86, 22.93, 9999.0, 9999.0, 9999.0, 23.86, 9999.0, 22.66, 9999.0, 22.77, 22.61, 22.41, 22.48, 22.5
2026-09-08, 19:26:41, 22.48, 22.5, 22.86, 22.91, 9999.0, 9999.0, 9999.0, 23.91, 9999.0, 22.64, 9999.0, 22.75, 22.61, 22.41, 22.48, 22.5
2026-09-08, 19:26:45, 22.48, 22.5, 22.86, 22.89, 9999.0, 9999.0, 9999.0, 23.95, 9999.0, 22.61, 9999.0, 22.75, 22.59, 22.41, 22.48, 22.48
2026-09-08, 19:26:49, 22.48, 22.5, 22.84, 22.89, 9999.0, 9999.0, 9999.0, 24.0, 9999.0, 22.59, 9999.0, 22.75, 22.57, 22.39, 22.48, 22.48
2026-09-08, 19:26:53, 22.48, 22.5, 22.84, 22.89, 9999.0, 9999.0, 9999.0, 24.05, 9999.0, 22.55, 9999.0, 22.75, 22.55, 22.39, 22.48, 22.45
2026-09-08, 19:26:57, 22.48, 22.5, 22.84, 22.89, 9999.0, 9999.0, 9999.0, 24.0, 9999.0, 22.52, 9999.0, 22.77, 22.55, 22.36, 22.48, 22.43
2026-09-08, 19:27:01, 22.48, 22.5, 22.84, 22.91, 9999.0, 9999.0, 9999.0, 23.95, 9999.0, 22.5, 9999.0, 22.8, 22.55, 22.39, 22.48, 22.41
2026-09-08, 19:27:05, 22.48, 22.5, 22.84, 22.93, 9999.0, 9999.0, 9999.0, 23.93, 9999.0, 22.48, 9999.0, 22.82, 22.55, 22.39, 22.5, 22.41
2026-09-08, 19:27:09, 22.48, 22.5, 22.82, 22.93, 9999.0, 9999.0, 9999.0, 23.91, 9999.0, 22.5, 9999.0, 22.84, 22.52, 22.36, 22.5, 22.41
2026-09-08, 19:27:13, 22.48, 22.5, 22.82, 22.95, 9999.0, 9999.0, 9999.0, 23.86, 9999.0, 22.52, 9999.0, 22.86, 22.55, 22.34, 22.5, 22.41
2026-09-08, 19:27:17, 22.5, 22.5, 22.8, 22.93, 9999.0, 9999.0, 9999.0, 23.82, 9999.0, 22.55, 9999.0, 22.86, 22.57, 22.36, 22.5, 22.41
2026-09-08, 19:27:21, 22.5, 22.5, 22.77, 22.93, 9999.0, 9999.0, 9999.0, 23.77, 9999.0, 22.57, 9999.0, 22.86, 22.59, 22.34, 22.5, 22.41
2026-09-08, 19:27:25, 22.5, 22.5, 22.8, 22.93, 9999.0, 9999.0, 9999.0, 23.73, 9999.0, 22.59, 9999.0, 22.86, 22.61, 22.36, 22.5, 22.41
2026-09-08, 19:27:29, 22.5, 22.5, 22.82, 22.93, 9999.0, 9999.0, 9999.0, 23.75, 9999.0, 22.61, 9999.0, 22.86, 22.61, 22.36, 22.5, 22.43
2026-09-08, 19:27:33, 22.5, 22.5, 22.84, 22.93, 9999.0, 9999.0, 9999.0, 23.77, 9999.0, 22.64, 9999.0, 22.86, 22.61, 22.36, 22.5, 22.43
2026-09-08, 19:27:37, 22.5, 22.5, 22.84, 22.93, 9999.0, 9999.0, 9999.0, 23.8, 9999.0, 22.68, 9999.0, 22.86, 22.64, 22.36, 22.5, 22.45
2026-09-08, 19:27:41, 22.5, 22.5, 22.82, 22.91, 9999.0, 9999.0, 9999.0, 23.84, 9999.0, 22.7, 9999.0, 22.84, 22.61, 22.36, 22.5, 22.48
2026-09-08, 19:27:45, 22.48, 22.5, 22.84, 22.91, 9999.0, 9999.0, 9999.0, 23.86, 9999.0, 22.73, 9999.0, 22.82, 22.61, 22.36, 22.5, 22.5
2026-09-08, 19:27:49, 22.48, 22.5, 22.86, 22.91, 9999.0, 9999.0, 9999.0, 23.89, 9999.0, 22.73, 9999.0, 22.8, 22.61, 22.34, 22.5, 22.5
2026-09-08, 19:27:53, 22.45, 22.5, 22.89, 22.91, 9999.0, 9999.0, 9999.0, 23.91, 9999.0, 22.7, 9999.0, 22.77, 22.61, 22.36, 22.5, 22.5
2026-09-08, 19:27:57, 22.45, 22.5, 22.89, 22.91, 9999.0, 9999.0, 9999.0, 23.95, 9999.0, 22.68, 9999.0, 22.73, 22.59, 22.36, 22.5, 22.5
2026-09-08, 19:28:01, 22.45, 22.5, 22.89, 22.91, 9999.0, 9999.0, 9999.0, 24.0, 9999.0, 22.66, 9999.0, 22.73, 22.57, 22.34, 22.5, 22.5
2026-09-08, 19:28:05, 22.45, 22.5, 22.89, 22.89, 9999.0, 9999.0, 9999.0, 24.05, 9999.0, 22.64, 9999.0, 22.73, 22.55, 22.34, 22.48, 22.5
2026-09-08, 19:28:10, 22.43, 22.5, 22.86, 22.91, 9999.0, 9999.0, 9999.0, 24.09, 9999.0, 22.61, 9999.0, 22.73, 22.52, 22.32, 22.48, 22.5
2026-09-08, 19:28:14, 22.43, 22.5, 22.84, 22.91, 9999.0, 9999.0, 9999.0, 24.05, 9999.0, 22.59, 9999.0, 22.75, 22.52, 22.3, 22.48, 22.5
2026-09-08, 19:28:18, 22.43, 22.5, 22.82, 22.89, 9999.0, 9999.0, 9999.0, 24.0, 9999.0, 22.57, 9999.0, 22.77, 22.55, 22.32, 22.48, 22.5
2026-09-08, 19:28:22, 22.43, 22.52, 22.82, 22.86, 9999.0, 9999.0, 9999.0, 23.95, 9999.0, 22.55, 9999.0, 22.8, 22.55, 22.32, 22.48, 22.5
2026-09-08, 19:28:26, 22.43, 22.52, 22.82, 22.86, 9999.0, 9999.0, 9999.0, 23.91, 9999.0, 22.55, 9999.0, 22.82, 22.55, 22.32, 22.48, 22.5
2026-09-08, 19:28:30, 22.43, 22.52, 22.82, 22.86, 9999.0, 9999.0, 9999.0, 23.89, 9999.0, 22.55, 9999.0, 22.82, 22.55, 22.3, 22.48, 22.5
2026-09-08, 19:28:34, 22.43, 22.52, 22.8, 22.84, 9999.0, 9999.0, 9999.0, 23.86, 9999.0, 22.57, 9999.0, 22.82, 22.57, 22.32, 22.48, 22.5
2026-09-08, 19:28:38, 22.45, 22.52, 22.77, 22.82, 9999.0, 9999.0, 9999.0, 23.82, 9999.0, 22.59, 9999.0, 22.82, 22.59, 22.32, 22.48, 22.5
2026-09-08, 19:28:42, 22.45, 22.52, 22.8, 22.8, 9999.0, 9999.0, 9999.0, 23.77, 9999.0, 22.61, 9999.0, 22.84, 22.59, 22.32, 22.48, 22.5
2026-09-08, 19:28:46, 22.45, 22.52, 22.8, 22.8, 9999.0, 9999.0, 9999.0, 23.8, 9999.0, 22.64, 9999.0, 22.84, 22.61, 22.34, 22.48, 22.5
2026-09-08, 19:28:50, 22.45, 22.52, 22.8, 22.82, 9999.0, 9999.0, 9999.0, 23.82, 9999.0, 22.66, 9999.0, 22.84, 22.64, 22.34, 22.5, 22.5
2026-09-08, 19:28:54, 22.48, 22.52, 22.8, 22.8, 9999.0, 9999.0, 9999.0, 23.84, 9999.0, 22.68, 9999.0, 22.84, 22.64, 22.36, 22.5, 22.5
2026-09-08, 19:28:58, 22.48, 22.52, 22.8, 22.82, 9999.0, 9999.0, 9999.0, 23.89, 9999.0, 22.7, 9999.0, 22.82, 22.64, 22.36, 22.5, 22.5
2026-09-08, 19:29:02, 22.45, 22.52, 22.82, 22.84, 9999.0, 9999.0, 9999.0, 23.91, 9999.0, 22.73, 9999.0, 22.8, 22.61, 22.36, 22.5, 22.5
2026-09-08, 19:29:06, 22.45, 22.5, 22.82, 22.84, 9999.0, 9999.0, 9999.0, 23.95, 9999.0, 22.75, 9999.0, 22.77, 22.59, 22.36, 22.48, 22.48
2026-09-08, 19:29:10, 22.45, 22.5, 22.82, 22.84, 9999.0, 9999.0, 9999.0, 23.98, 9999.0, 22.75, 9999.0, 22.75, 22.59, 22.39, 22.48, 22.48
2026-09-08, 19:29:14, 22.48, 22.5, 22.8, 22.82, 9999.0, 9999.0, 9999.0, 24.0, 9999.0, 22.75, 9999.0, 22.75, 22.59, 22.41, 22.48, 22.45
2026-09-08, 19:29:18, 22.48, 22.5, 22.8, 22.82, 9999.0, 9999.0, 9999.0, 24.02, 9999.0, 22.75, 9999.0, 22.75, 22.57, 22.39, 22.48, 22.43
2026-09-08, 19:29:22, 22.48, 22.5, 22.8, 22.82, 9999.0, 9999.0, 9999.0, 24.07, 9999.0, 22.75, 9999.0, 22.75, 22.55, 22.39, 22.48, 22.43
2026-09-08, 19:29:26, 22.45, 22.5, 22.77, 22.82, 9999.0, 9999.0, 9999.0, 24.11, 9999.0, 22.73, 9999.0, 22.75, 22.55, 22.39, 22.48, 22.43
2026-09-08, 19:29:30, 22.45, 22.5, 22.77, 22.84, 9999.0, 9999.0, 9999.0, 24.09, 9999.0, 22.73, 9999.0, 22.75, 22.52, 22.36, 22.48, 22.41
2026-09-08, 19:29:34, 22.45, 22.5, 22.77, 22.82, 9999.0, 9999.0, 9999.0, 24.07, 9999.0, 22.7, 9999.0, 22.77, 22.5, 22.36, 22.48, 22.41
2026-09-08, 19:29:38, 22.45, 22.5, 22.77, 22.82, 9999.0, 9999.0, 9999.0, 24.05, 9999.0, 22.68, 9999.0, 22.8, 22.5, 22.34, 22.48, 22.41
2026-09-08, 19:29:42, 22.45, 22.5, 22.77, 22.82, 9999.0, 9999.0, 9999.0, 24.0, 9999.0, 22.66, 9999.0, 22.82, 22.5, 22.36, 22.48, 22.39
2026-09-08, 19:29:46, 22.45, 22.5, 22.75, 22.82, 9999.0, 9999.0, 9999.0, 23.98, 9999.0, 22.66, 9999.0, 22.84, 22.5, 22.34, 22.48, 22.39
2026-09-08, 19:29:50, 22.45, 22.5, 22.77, 22.82, 9999.0, 9999.0, 9999.0, 23.93, 9999.0, 22.66, 9999.0, 22.86, 22.5, 22.34, 22.5, 22.39
2026-09-08, 19:29:54, 22.45, 22.5, 22.8, 22.82, 9999.0, 9999.0, 9999.0, 23.91, 9999.0, 22.66, 9999.0, 22.89, 22.52, 22.32, 22.5, 22.39
2026-09-08, 19:29:58, 22.45, 22.5, 22.8, 22.84, 9999.0, 9999.0, 9999.0, 23.89, 9999.0, 22.68, 9999.0, 22.89, 22.55, 22.3, 22.5, 22.41
2026-09-08, 19:30:02, 22.45, 22.5, 22.8, 22.84, 9999.0, 9999.0, 9999.0, 23.86, 9999.0, 22.68, 9999.0, 22.89, 22.55, 22.3, 22.5, 22.43
2026-09-08, 19:30:06, 22.45, 22.5, 22.8, 22.84, 9999.0, 9999.0, 9999.0, 23.91, 9999.0, 22.68, 9999.0, 22.89, 22.57, 22.27, 22.5, 22.43
2026-09-08, 19:30:10, 22.48, 22.5, 22.82, 22.84, 9999.0, 9999.0, 9999.0, 23.93, 9999.0, 22.7, 9999.0, 22.89, 22.57, 22.27, 22.5, 22.43
2026-09-08, 19:30:14, 22.48, 22.5, 22.82, 22.82, 9999.0, 9999.0, 9999.0, 23.95, 9999.0, 22.7, 9999.0, 22.89, 22.57, 22.3, 22.5, 22.45
2026-09-08, 19:30:18, 22.48, 22.5, 22.84, 22.82, 9999.0, 9999.0, 9999.0, 23.98, 9999.0, 22.73, 9999.0, 22.86, 22.57, 22.3, 22.5, 22.45
2026-09-08, 19:30:22, 22.48, 22.5, 22.84, 22.82, 9999.0, 9999.0, 9999.0, 24.0, 9999.0, 22.75, 9999.0, 22.84, 22.57, 22.32, 22.5, 22.45
2026-09-08, 19:30:26, 22.48, 22.5, 22.86, 22.8, 9999.0, 9999.0, 9999.0, 24.02, 9999.0, 22.77, 9999.0, 22.82, 22.57, 22.3, 22.5, 22.45
2026-09-08, 19:30:30, 22.5, 22.5, 22.86, 22.77, 9999.0, 9999.0, 9999.0, 24.05, 9999.0, 22.77, 9999.0, 22.8, 22.57, 22.3, 22.5, 22.43
2026-09-08, 19:30:34, 22.5, 22.5, 22.84, 22.77, 9999.0, 9999.0, 9999.0, 24.07, 9999.0, 22.75, 9999.0, 22.77, 22.57, 22.3, 22.5, 22.45
2026-09-08, 19:30:38, 22.5, 22.5, 22.82, 22.77, 9999.0, 9999.0, 9999.0, 24.09, 9999.0, 22.75, 9999.0, 22.75, 22.55, 22.3, 22.5, 22.45
2026-09-08, 19:30:42, 22.5, 22.5, 22.82, 22.75, 9999.0, 9999.0, 9999.0, 24.11, 9999.0, 22.7, 9999.0, 22.75, 22.52, 22.3, 22.5, 22.43
2026-09-08, 19:30:46, 22.5, 22.5, 22.84, 22.75, 9999.0, 9999.0, 9999.0, 24.14, 9999.0, 22.7, 9999.0, 22.75, 22.52, 22.3, 22.5, 22.41
2026-09-08, 19:30:50, 22.5, 22.5, 22.86, 22.75, 9999.0, 9999.0, 9999.0, 24.09, 9999.0, 22.68, 9999.0, 22.77, 22.52, 22.3, 22.5, 22.41
2026-09-08, 19:30:54, 22.5, 22.5, 22.84, 22.75, 9999.0, 9999.0, 9999.0, 24.07, 9999.0, 22.66, 9999.0, 22.8, 22.52, 22.32, 22.5, 22.41
2026-09-08, 19:30:58, 22.5, 22.5, 22.84, 22.77, 9999.0, 9999.0, 9999.0, 24.02, 9999.0, 22.64, 9999.0, 22.82, 22.52, 22.32, 22.5, 22.39
2026-09-08, 19:31:02, 22.5, 22.5, 22.82, 22.77, 9999.0, 9999.0, 9999.0, 23.98, 9999.0, 22.64, 9999.0, 22.84, 22.52, 22.32, 22.48, 22.36
2026-09-08, 19:31:06, 22.5, 22.5, 22.82, 22.77, 9999.0, 9999.0, 9999.0, 23.93, 9999.0, 22.64, 9999.0, 22.86, 22.52, 22.3, 22.48, 22.36
2026-09-08, 19:31:10, 22.5, 22.5, 22.8, 22.77, 9999.0, 9999.0, 9999.0, 23.91, 9999.0, 22.64, 9999.0, 22.86, 22.55, 22.32, 22.48, 22.39
2026-09-08, 19:31:14, 22.5, 22.5, 22.8, 22.8, 9999.0, 9999.0, 9999.0, 23.89, 9999.0, 22.66, 9999.0, 22.86, 22.55, 22.32, 22.48, 22.41
2026-09-08, 19:31:18, 22.5, 22.5, 22.8, 22.8, 9999.0, 9999.0, 9999.0, 23.84, 9999.0, 22.68, 9999.0, 22.86, 22.55, 22.32, 22.48, 22.41
2026-09-08, 19:31:22, 22.5, 22.5, 22.82, 22.8, 9999.0, 9999.0, 9999.0, 23.89, 9999.0, 22.68, 9999.0, 22.86, 22.55, 22.32, 22.48, 22.41
2026-09-08, 19:31:26, 22.5, 22.5, 22.82, 22.8, 9999.0, 9999.0, 9999.0, 23.91, 9999.0, 22.7, 9999.0, 22.86, 22.55, 22.32, 22.48, 22.43
2026-09-08, 19:31:30, 22.5, 22.5, 22.82, 22.8, 9999.0, 9999.0, 9999.0, 23.93, 9999.0, 22.7, 9999.0, 22.86, 22.55, 22.34, 22.48, 22.45
2026-09-08, 19:31:34, 22.5, 22.5, 22.8, 22.8, 9999.0, 9999.0, 9999.0, 23.95, 9999.0, 22.73, 9999.0, 22.84, 22.52, 22.34, 22.48, 22.45
2026-09-08, 19:31:38, 22.5, 22.5, 22.8, 22.8, 9999.0, 9999.0, 9999.0, 23.98, 9999.0, 22.75, 9999.0, 22.82, 22.52, 22.32, 22.48, 22.43
2026-09-08, 19:31:42, 22.5, 22.5, 22.8, 22.77, 9999.0, 9999.0, 9999.0, 24.0, 9999.0, 22.77, 9999.0, 22.8, 22.52, 22.3, 22.48, 22.43
2026-09-08, 19:31:46, 22.5, 22.5, 22.8, 22.77, 9999.0, 9999.0, 9999.0, 24.02, 9999.0, 22.77, 9999.0, 22.77, 22.52, 22.32, 22.5, 22.43
2026-09-08, 19:31:51, 22.5, 22.5, 22.8, 22.77, 9999.0, 9999.0, 9999.0, 24.05, 9999.0, 22.77, 9999.0, 22.73, 22.52, 22.32, 22.5, 22.43
2026-09-08, 19:31:55, 22.5, 22.5, 22.8, 22.77, 9999.0, 9999.0, 9999.0, 24.07, 9999.0, 22.77, 9999.0, 22.73, 22.5, 22.3, 22.5, 22.41
2026-09-08, 19:31:59, 22.5, 22.5, 22.8, 22.75, 9999.0, 9999.0, 9999.0, 24.09, 9999.0, 22.73, 9999.0, 22.73, 22.5, 22.3, 22.5, 22.39
2026-09-08, 19:32:03, 22.5, 22.5, 22.8, 22.75, 9999.0, 9999.0, 9999.0, 24.14, 9999.0, 22.7, 9999.0, 22.73, 22.5, 22.3, 22.5, 22.36
2026-09-08, 19:32:07, 22.5, 22.5, 22.77, 22.75, 9999.0, 9999.0, 9999.0, 24.09, 9999.0, 22.7, 9999.0, 22.73, 22.5, 22.32, 22.48, 22.36
2026-09-08, 19:32:11, 22.5, 22.5, 22.77, 22.75, 9999.0, 9999.0, 9999.0, 24.05, 9999.0, 22.7, 9999.0, 22.75, 22.5, 22.34, 22.45, 22.34
2026-09-08, 19:32:15, 22.5, 22.5, 22.75, 22.75, 9999.0, 9999.0, 9999.0, 24.02, 9999.0, 22.7, 9999.0, 22.77, 22.5, 22.34, 22.45, 22.32
2026-09-08, 19:32:19, 22.5, 22.5, 22.75, 22.75, 9999.0, 9999.0, 9999.0, 23.98, 9999.0, 22.7, 9999.0, 22.8, 22.5, 22.34, 22.45, 22.32
2026-09-08, 19:32:23, 22.5, 22.5, 22.75, 22.75, 9999.0, 9999.0, 9999.0, 23.93, 9999.0, 22.7, 9999.0, 22.8, 22.5, 22.36, 22.45, 22.34
2026-09-08, 19:32:27, 22.5, 22.5, 22.75, 22.75, 9999.0, 9999.0, 9999.0, 23.91, 9999.0, 22.7, 9999.0, 22.8, 22.5, 22.36, 22.45, 22.34
2026-09-08, 19:32:31, 22.5, 22.5, 22.75, 22.75, 9999.0, 9999.0, 9999.0, 23.89, 9999.0, 22.73, 9999.0, 22.8, 22.5, 22.34, 22.45, 22.34
2026-09-08, 19:32:35, 22.5, 22.5, 22.77, 22.75, 9999.0, 9999.0, 9999.0, 23.86, 9999.0, 22.73, 9999.0, 22.82, 22.5, 22.34, 22.45, 22.34
2026-09-08, 19:32:39, 22.48, 22.5, 22.77, 22.75, 9999.0, 9999.0, 9999.0, 23.91, 9999.0, 22.73, 9999.0, 22.82, 22.5, 22.36, 22.45, 22.34
2026-09-08, 19:32:43, 22.48, 22.5, 22.77, 22.75, 9999.0, 9999.0, 9999.0, 23.95, 9999.0, 22.75, 9999.0, 22.82, 22.5, 22.39, 22.43, 22.36
2026-09-08, 19:32:47, 22.48, 22.5, 22.77, 22.75, 9999.0, 9999.0, 9999.0, 23.98, 9999.0, 22.77, 9999.0, 22.82, 22.5, 22.39, 22.43, 22.36
2026-09-08, 19:32:51, 22.48, 22.5, 22.77, 22.75, 9999.0, 9999.0, 9999.0, 24.0, 9999.0, 22.77, 9999.0, 22.82, 22.5, 22.36, 22.43, 22.34
2026-09-08, 19:32:55, 22.48, 22.5, 22.77, 22.75, 9999.0, 9999.0, 9999.0, 24.05, 9999.0, 22.77, 9999.0, 22.8, 22.5, 22.36, 22.43, 22.36
2026-09-08, 19:32:59, 22.48, 22.5, 22.8, 22.75, 9999.0, 9999.0, 9999.0, 24.05, 9999.0, 22.77, 9999.0, 22.77, 22.5, 22.34, 22.41, 22.36
2026-09-08, 19:33:03, 22.48, 22.5, 22.8, 22.75, 9999.0, 9999.0, 9999.0, 24.07, 9999.0, 22.75, 9999.0, 22.75, 22.5, 22.34, 22.39, 22.36
2026-09-08, 19:33:07, 22.48, 22.5, 22.8, 22.75, 9999.0, 9999.0, 9999.0, 24.09, 9999.0, 22.73, 9999.0, 22.75, 22.5, 22.32, 22.39, 22.34
2026-09-08, 19:33:11, 22.48, 22.5, 22.8, 22.75, 9999.0, 9999.0, 9999.0, 24.11, 9999.0, 22.7, 9999.0, 22.75, 22.5, 22.32, 22.39, 22.36
2026-09-08, 19:33:15, 22.48, 22.5, 22.8, 22.75, 9999.0, 9999.0, 9999.0, 24.14, 9999.0, 22.68, 9999.0, 22.73, 22.5, 22.32, 22.39, 22.36
2026-09-08, 19:33:19, 22.48, 22.5, 22.77, 22.75, 9999.0, 9999.0, 9999.0, 24.16, 9999.0, 22.66, 9999.0, 22.73, 22.5, 22.32, 22.36, 22.34
2026-09-08, 19:33:23, 22.5, 22.5, 22.77, 22.75, 9999.0, 9999.0, 9999.0, 24.11, 9999.0, 22.64, 9999.0, 22.73, 22.5, 22.3, 22.34, 22.34
2026-09-08, 19:33:27, 22.48, 22.5, 22.77, 22.75, 9999.0, 9999.0, 9999.0, 24.07, 9999.0, 22.61, 9999.0, 22.75, 22.5, 22.27, 22.36, 22.34
2026-09-08, 19:33:31, 22.48, 22.5, 22.77, 22.75, 9999.0, 9999.0, 9999.0, 24.02, 9999.0, 22.59, 9999.0, 22.77, 22.5, 22.27, 22.36, 22.34
2026-09-08, 19:33:35, 22.48, 22.5, 22.77, 22.75, 9999.0, 9999.0, 9999.0, 24.0, 9999.0, 22.59, 9999.0, 22.77, 22.52, 22.27, 22.39, 22.34
2026-09-08, 19:33:39, 22.45, 22.5, 22.77, 22.75, 9999.0, 9999.0, 9999.0, 23.95, 9999.0, 22.59, 9999.0, 22.77, 22.52, 22.25, 22.39, 22.32
2026-09-08, 19:33:43, 22.45, 22.5, 22.75, 22.75, 9999.0, 9999.0, 9999.0, 23.93, 9999.0, 22.59, 9999.0, 22.77, 22.52, 22.25, 22.41, 22.34
2026-09-08, 19:33:47, 22.45, 22.5, 22.75, 22.75, 9999.0, 9999.0, 9999.0, 23.91, 9999.0, 22.61, 9999.0, 22.77, 22.52, 22.27, 22.43, 22.34
2026-09-08, 19:33:51, 22.45, 22.5, 22.75, 22.75, 9999.0, 9999.0, 9999.0, 23.89, 9999.0, 22.64, 9999.0, 22.77, 22.52, 22.27, 22.43, 22.36
2026-09-08, 19:33:55, 22.43, 22.5, 22.75, 22.75, 9999.0, 9999.0, 9999.0, 23.86, 9999.0, 22.66, 9999.0, 22.77, 22.55, 22.3, 22.43, 22.36
2026-09-08, 19:33:59, 22.43, 22.5, 22.75, 22.75, 9999.0, 9999.0, 9999.0, 23.91, 9999.0, 22.66, 9999.0, 22.8, 22.57, 22.3, 22.43, 22.36
2026-09-08, 19:34:03, 22.41, 22.5, 22.75, 22.75, 9999.0, 9999.0, 9999.0, 23.95, 9999.0, 22.68, 9999.0, 22.8, 22.57, 22.3, 22.43, 22.36
2026-09-08, 19:34:07, 22.41, 22.5, 22.75, 22.75, 9999.0, 9999.0, 9999.0, 23.98, 9999.0, 22.7, 9999.0, 22.8, 22.57, 22.3, 22.43, 22.36
2026-09-08, 19:34:11, 22.43, 22.5, 22.75, 22.75, 9999.0, 9999.0, 9999.0, 24.0, 9999.0, 22.73, 9999.0, 22.77, 22.57, 22.32, 22.43, 22.34
2026-09-08, 19:34:15, 22.43, 22.5, 22.75, 22.75, 9999.0, 9999.0, 9999.0, 24.05, 9999.0, 22.75, 9999.0, 22.75, 22.57, 22.32, 22.43, 22.36
2026-09-08, 19:34:19, 22.43, 22.5, 22.75, 22.75, 9999.0, 9999.0, 9999.0, 24.07, 9999.0, 22.73, 9999.0, 22.75, 22.55, 22.34, 22.43, 22.39
2026-09-08, 19:34:23, 22.45, 22.5, 22.75, 22.75, 9999.0, 9999.0, 9999.0, 24.09, 9999.0, 22.7, 9999.0, 22.75, 22.55, 22.34, 22.45, 22.39
2026-09-08, 19:34:27, 22.45, 22.5, 22.75, 22.75, 9999.0, 9999.0, 9999.0, 24.11, 9999.0, 22.7, 9999.0, 22.75, 22.55, 22.34, 22.45, 22.36
2026-09-08, 19:34:31, 22.45, 22.5, 22.75, 22.75, 9999.0, 9999.0, 9999.0, 24.14, 9999.0, 22.7, 9999.0, 22.73, 22.55, 22.32, 22.45, 22.34
2026-09-08, 19:34:35, 22.43, 22.5, 22.75, 22.75, 9999.0, 9999.0, 9999.0, 24.18, 9999.0, 22.68, 9999.0, 22.73, 22.55, 22.32, 22.43, 22.34
2026-09-08, 19:34:39, 22.45, 22.5, 22.75, 22.75, 9999.0, 9999.0, 9999.0, 24.2, 9999.0, 22.66, 9999.0, 22.73, 22.52, 22.3, 22.41, 22.34
2026-09-08, 19:34:43, 22.43, 22.5, 22.75, 22.75, 9999.0, 9999.0, 9999.0, 24.16, 9999.0, 22.64, 9999.0, 22.73, 22.5, 22.3, 22.41, 22.34
2026-09-08, 19:34:47, 22.43, 22.5, 22.75, 22.75, 9999.0, 9999.0, 9999.0, 24.09, 9999.0, 22.61, 9999.0, 22.75, 22.5, 22.3, 22.43, 22.34
2026-09-08, 19:34:51, 22.43, 22.5, 22.75, 22.75, 9999.0, 9999.0, 9999.0, 24.05, 9999.0, 22.59, 9999.0, 22.77, 22.5, 22.32, 22.45, 22.36
2026-09-08, 19:34:55, 22.43, 22.5, 22.75, 22.75, 9999.0, 9999.0, 9999.0, 24.0, 9999.0, 22.59, 9999.0, 22.77, 22.5, 22.3, 22.45, 22.36
2026-09-08, 19:34:59, 22.43, 22.5, 22.75, 22.75, 9999.0, 9999.0, 9999.0, 23.95, 9999.0, 22.57, 9999.0, 22.77, 22.5, 22.3, 22.45, 22.36
2026-09-08, 19:35:03, 22.43, 22.5, 22.75, 22.75, 9999.0, 9999.0, 9999.0, 23.91, 9999.0, 22.59, 9999.0, 22.77, 22.5, 22.27, 22.43, 22.34
2026-09-08, 19:35:07, 22.43, 22.5, 22.75, 22.75, 9999.0, 9999.0, 9999.0, 23.86, 9999.0, 22.61, 9999.0, 22.77, 22.52, 22.27, 22.41, 22.34
2026-09-08, 19:35:11, 22.43, 22.5, 22.75, 22.75, 9999.0, 9999.0, 9999.0, 23.82, 9999.0, 22.61, 9999.0, 22.77, 22.52, 22.27, 22.41, 22.34
2026-09-08, 19:35:15, 22.43, 22.5, 22.75, 22.75, 9999.0, 9999.0, 9999.0, 23.86, 9999.0, 22.61, 9999.0, 22.8, 22.52, 22.27, 22.41, 22.34
2026-09-08, 19:35:19, 22.45, 22.5, 22.75, 22.75, 9999.0, 9999.0, 9999.0, 23.86, 9999.0, 22.64, 9999.0, 22.8, 22.52, 22.27, 22.43, 22.32
2026-09-08, 19:35:23, 22.43, 22.5, 22.75, 22.75, 9999.0, 9999.0, 9999.0, 23.89, 9999.0, 22.64, 9999.0, 22.8, 22.52, 22.27, 22.45, 22.32
2026-09-08, 19:35:27, 22.43, 22.5, 22.75, 22.75, 9999.0, 9999.0, 9999.0, 23.91, 9999.0, 22.64, 9999.0, 22.8, 22.52, 22.27, 22.43, 22.32
2026-09-08, 19:35:31, 22.45, 22.5, 22.75, 22.75, 9999.0, 9999.0, 9999.0, 23.95, 9999.0, 22.64, 9999.0, 22.77, 22.52, 22.27, 22.43, 22.32
2026-09-08, 19:35:35, 22.43, 22.5, 22.75, 22.75, 9999.0, 9999.0, 9999.0, 23.98, 9999.0, 22.64, 9999.0, 22.75, 22.52, 22.25, 22.43, 22.3
2026-09-08, 19:35:39, 22.41, 22.5, 22.75, 22.75, 9999.0, 9999.0, 9999.0, 24.0, 9999.0, 22.61, 9999.0, 22.73, 22.52, 22.25, 22.41, 22.3
2026-09-08, 19:35:44, 22.39, 22.5, 22.75, 22.75, 9999.0, 9999.0, 9999.0, 24.02, 9999.0, 22.61, 9999.0, 22.73, 22.52, 22.25, 22.41, 22.27
2026-09-08, 19:35:48, 22.36, 22.5, 22.75, 22.75, 9999.0, 9999.0, 9999.0, 24.07, 9999.0, 22.59, 9999.0, 22.73, 22.52, 22.25, 22.43, 22.27
2026-09-08, 19:35:52, 22.36, 22.5, 22.75, 22.75, 9999.0, 9999.0, 9999.0, 24.11, 9999.0, 22.57, 9999.0, 22.73, 22.5, 22.25, 22.45, 22.27
2026-09-08, 19:35:56, 22.36, 22.5, 22.75, 22.75, 9999.0, 9999.0, 9999.0, 24.16, 9999.0, 22.52, 9999.0, 22.73, 22.5, 22.25, 22.43, 22.27
2026-09-08, 19:36:00, 22.36, 22.5, 22.75, 22.75, 9999.0, 9999.0, 9999.0, 24.11, 9999.0, 22.48, 9999.0, 22.73, 22.5, 22.25, 22.43, 22.27
2026-09-08, 19:36:04, 22.36, 22.5, 22.75, 22.75, 9999.0, 9999.0, 9999.0, 24.07, 9999.0, 22.43, 9999.0, 22.75, 22.5, 22.27, 22.43, 22.27
2026-09-08, 19:36:08, 22.39, 22.5, 22.75, 22.75, 9999.0, 9999.0, 9999.0, 24.02, 9999.0, 22.41, 9999.0, 22.75, 22.5, 22.27, 22.41, 22.27
2026-09-08, 19:36:12, 22.39, 22.5, 22.75, 22.75, 9999.0, 9999.0, 9999.0, 23.98, 9999.0, 22.41, 9999.0, 22.77, 22.5, 22.27, 22.41, 22.3
2026-09-08, 19:36:16, 22.39, 22.5, 22.75, 22.75, 9999.0, 9999.0, 9999.0, 23.93, 9999.0, 22.41, 9999.0, 22.77, 22.5, 22.27, 22.41, 22.3
2026-09-08, 19:36:20, 22.41, 22.5, 22.75, 22.75, 9999.0, 9999.0, 9999.0, 23.91, 9999.0, 22.41, 9999.0, 22.77, 22.5, 22.27, 22.41, 22.3
2026-09-08, 19:36:24, 22.43, 22.5, 22.75, 22.75, 9999.0, 9999.0, 9999.0, 23.89, 9999.0, 22.43, 9999.0, 22.8, 22.5, 22.27, 22.43, 22.32
2026-09-08, 19:36:28, 22.45, 22.5, 22.75, 22.75, 9999.0, 9999.0, 9999.0, 23.84, 9999.0, 22.45, 9999.0, 22.8, 22.5, 22.27, 22.43, 22.32
2026-09-08, 19:36:32, 22.45, 22.5, 22.75, 22.75, 9999.0, 9999.0, 9999.0, 23.77, 9999.0, 22.48, 9999.0, 22.8, 22.52, 22.3, 22.41, 22.32
2026-09-08, 19:36:36, 22.45, 22.5, 22.75, 22.75, 9999.0, 9999.0, 9999.0, 23.82, 9999.0, 22.48, 9999.0, 22.8, 22.52, 22.3, 22.39, 22.32
2026-09-08, 19:36:40, 22.43, 22.5, 22.75, 22.75, 9999.0, 9999.0, 9999.0, 23.84, 9999.0, 22.5, 9999.0, 22.8, 22.52, 22.3, 22.39, 22.34
2026-09-08, 19:36:44, 22.41, 22.5, 22.75, 22.75, 9999.0, 9999.0, 9999.0, 23.86, 9999.0, 22.52, 9999.0, 22.8, 22.52, 22.3, 22.36, 22.36
2026-09-08, 19:36:48, 22.41, 22.5, 22.75, 22.75, 9999.0, 9999.0, 9999.0, 23.91, 9999.0, 22.55, 9999.0, 22.77, 22.52, 22.3, 22.34, 22.36
2026-09-08, 19:36:52, 22.41, 22.5, 22.75, 22.75, 9999.0, 9999.0, 9999.0, 23.93, 9999.0, 22.57, 9999.0, 22.77, 22.52, 22.32, 22.34, 22.36
2026-09-08, 19:36:56, 22.41, 22.5, 22.75, 22.75, 9999.0, 9999.0, 9999.0, 23.95, 9999.0, 22.55, 9999.0, 22.75, 22.52, 22.32, 22.36, 22.34
2026-09-08, 19:37:00, 22.41, 22.5, 22.75, 22.75, 9999.0, 9999.0, 9999.0, 23.98, 9999.0, 22.55, 9999.0, 22.75, 22.52, 22.34, 22.34, 22.34
2026-09-08, 19:37:04, 22.41, 22.5, 22.75, 22.75, 9999.0, 9999.0, 9999.0, 24.0, 9999.0, 22.55, 9999.0, 22.73, 22.52, 22.34, 22.34, 22.34
2026-09-08, 19:37:08, 22.41, 22.5, 22.75, 22.75, 9999.0, 9999.0, 9999.0, 24.02, 9999.0, 22.5, 9999.0, 22.7, 22.52, 22.34, 22.34, 22.32
2026-09-08, 19:37:12, 22.41, 22.5, 22.75, 22.75, 9999.0, 9999.0, 9999.0, 24.07, 9999.0, 22.45, 9999.0, 22.7, 22.52, 22.36, 22.32, 22.32
2026-09-08, 19:37:16, 22.41, 22.5, 22.75, 22.75, 9999.0, 9999.0, 9999.0, 24.11, 9999.0, 22.41, 9999.0, 22.7, 22.5, 22.34, 22.32, 22.32
2026-09-08, 19:37:20, 22.41, 22.5, 22.75, 22.75, 9999.0, 9999.0, 9999.0, 24.05, 9999.0, 22.39, 9999.0, 22.73, 22.5, 22.34, 22.34, 22.32
2026-09-08, 19:37:24, 22.43, 22.5, 22.75, 22.75, 9999.0, 9999.0, 9999.0, 24.0, 9999.0, 22.36, 9999.0, 22.75, 22.5, 22.34, 22.36, 22.32
2026-09-08, 19:37:28, 22.45, 22.5, 22.75, 22.75, 9999.0, 9999.0, 9999.0, 23.95, 9999.0, 22.34, 9999.0, 22.75, 22.5, 22.36, 22.39, 22.3
2026-09-08, 19:37:32, 22.43, 22.5, 22.75, 22.75, 9999.0, 9999.0, 9999.0, 23.91, 9999.0, 22.34, 9999.0, 22.75, 22.5, 22.34, 22.41, 22.3
2026-09-08, 19:37:36, 22.43, 22.5, 22.75, 22.75, 9999.0, 9999.0, 9999.0, 23.89, 9999.0, 22.34, 9999.0, 22.75, 22.5, 22.34, 22.41, 22.27
2026-09-08, 19:37:40, 22.45, 22.5, 22.75, 22.75, 9999.0, 9999.0, 9999.0, 23.84, 9999.0, 22.36, 9999.0, 22.75, 22.5, 22.34, 22.41, 22.3
2026-09-08, 19:37:44, 22.45, 22.5, 22.75, 22.75, 9999.0, 9999.0, 9999.0, 23.82, 9999.0, 22.39, 9999.0, 22.75, 22.5, 22.32, 22.43, 22.3
2026-09-08, 19:37:48, 22.45, 22.5, 22.75, 22.75, 9999.0, 9999.0, 9999.0, 23.77, 9999.0, 22.39, 9999.0, 22.77, 22.5, 22.32, 22.43, 22.3
2026-09-08, 19:37:52, 22.45, 22.5, 22.75, 22.75, 9999.0, 9999.0, 9999.0, 23.82, 9999.0, 22.41, 9999.0, 22.8, 22.5, 22.32, 22.41, 22.32
2026-09-08, 19:37:56, 22.45, 22.5, 22.75, 22.75, 9999.0, 9999.0, 9999.0, 23.84, 9999.0, 22.43, 9999.0, 22.8, 22.5, 22.3, 22.41, 22.32
2026-09-08, 19:38:00, 22.48, 22.5, 22.75, 22.75, 9999.0, 9999.0, 9999.0, 23.86, 9999.0, 22.45, 9999.0, 22.8, 22.5, 22.3, 22.43, 22.32
2026-09-08, 19:38:04, 22.45, 22.5, 22.75, 22.75, 9999.0, 9999.0, 9999.0, 23.89, 9999.0, 22.45, 9999.0, 22.77, 22.5, 22.3, 22.41, 22.32
2026-09-08, 19:38:08, 22.45, 22.5, 22.75, 22.75, 9999.0, 9999.0, 9999.0, 23.91, 9999.0, 22.45, 9999.0, 22.75, 22.5, 22.32, 22.39, 22.32
2026-09-08, 19:38:12, 22.45, 22.5, 22.75, 22.75, 9999.0, 9999.0, 9999.0, 23.93, 9999.0, 22.48, 9999.0, 22.75, 22.5, 22.3, 22.36, 22.34
2026-09-08, 19:38:16, 22.48, 22.5, 22.75, 22.75, 9999.0, 9999.0, 9999.0, 23.95, 9999.0, 22.48, 9999.0, 22.73, 22.5, 22.3, 22.36, 22.34
2026-09-08, 19:38:20, 22.48, 22.5, 22.75, 22.75, 9999.0, 9999.0, 9999.0, 23.98, 9999.0, 22.48, 9999.0, 22.7, 22.5, 22.27, 22.36, 22.34
2026-09-08, 19:38:24, 22.48, 22.5, 22.75, 22.75, 9999.0, 9999.0, 9999.0, 24.02, 9999.0, 22.45, 9999.0, 22.68, 22.5, 22.27, 22.34, 22.32
2026-09-08, 19:38:28, 22.45, 22.5, 22.75, 22.75, 9999.0, 9999.0, 9999.0, 24.05, 9999.0, 22.41, 9999.0, 22.68, 22.5, 22.27, 22.32, 22.34
2026-09-08, 19:38:32, 22.43, 22.5, 22.75, 22.75, 9999.0, 9999.0, 9999.0, 24.09, 9999.0, 22.39, 9999.0, 22.68, 22.5, 22.3, 22.3, 22.34
2026-09-08, 19:38:36, 22.43, 22.5, 22.75, 22.75, 9999.0, 9999.0, 9999.0, 24.05, 9999.0, 22.36, 9999.0, 22.68, 22.5, 22.3, 22.3, 22.32
2026-09-08, 19:38:40, 22.43, 22.5, 22.75, 22.75, 9999.0, 9999.0, 9999.0, 24.0, 9999.0, 22.34, 9999.0, 22.7, 22.5, 22.3, 22.32, 22.34
2026-09-08, 19:38:44, 22.43, 22.5, 22.75, 22.75, 9999.0, 9999.0, 9999.0, 23.95, 9999.0, 22.32, 9999.0, 22.73, 22.5, 22.3, 22.32, 22.34
2026-09-08, 19:38:48, 22.45, 22.5, 22.75, 22.75, 9999.0, 9999.0, 9999.0, 23.93, 9999.0, 22.34, 9999.0, 22.75, 22.5, 22.3, 22.34, 22.36
2026-09-08, 19:38:52, 22.45, 22.5, 22.75, 22.75, 9999.0, 9999.0, 9999.0, 23.91, 9999.0, 22.34, 9999.0, 22.75, 22.5, 22.27, 22.34, 22.36
2026-09-08, 19:38:56, 22.43, 22.5, 22.75, 22.75, 9999.0, 9999.0, 9999.0, 23.89, 9999.0, 22.32, 9999.0, 22.75, 22.5, 22.27, 22.34, 22.34
2026-09-08, 19:39:00, 22.43, 22.5, 22.75, 22.75, 9999.0, 9999.0, 9999.0, 23.84, 9999.0, 22.32, 9999.0, 22.77, 22.52, 22.27, 22.32, 22.36
2026-09-08, 19:39:04, 22.43, 22.5, 22.75, 22.75, 9999.0, 9999.0, 9999.0, 23.8, 9999.0, 22.32, 9999.0, 22.8, 22.55, 22.27, 22.32, 22.39
2026-09-08, 19:39:08, 22.43, 22.5, 22.75, 22.75, 9999.0, 9999.0, 9999.0, 23.82, 9999.0, 22.34, 9999.0, 22.82, 22.55, 22.27, 22.34, 22.41
2026-09-08, 19:39:12, 22.45, 22.5, 22.75, 22.75, 9999.0, 9999.0, 9999.0, 23.82, 9999.0, 22.36, 9999.0, 22.82, 22.55, 22.27, 22.36, 22.39
2026-09-08, 19:39:16, 22.45, 22.5, 22.75, 22.75, 9999.0, 9999.0, 9999.0, 23.84, 9999.0, 22.39, 9999.0, 22.82, 22.55, 22.25, 22.39, 22.39
2026-09-08, 19:39:20, 22.45, 22.5, 22.75, 22.75, 9999.0, 9999.0, 9999.0, 23.86, 9999.0, 22.39, 9999.0, 22.82, 22.55, 22.25, 22.41, 22.39
2026-09-08, 19:39:24, 22.43, 22.52, 22.75, 22.75, 9999.0, 9999.0, 9999.0, 23.89, 9999.0, 22.41, 9999.0, 22.8, 22.55, 22.27, 22.39, 22.39
2026-09-08, 19:39:28, 22.43, 22.52, 22.75, 22.75, 9999.0, 9999.0, 9999.0, 23.91, 9999.0, 22.41, 9999.0, 22.77, 22.55, 22.27, 22.39, 22.39
2026-09-08, 19:39:32, 22.43, 22.52, 22.75, 22.75, 9999.0, 9999.0, 9999.0, 23.93, 9999.0, 22.39, 9999.0, 22.75, 22.55, 22.27, 22.36, 22.39
2026-09-08, 19:39:36, 22.41, 22.52, 22.75, 22.75, 9999.0, 9999.0, 9999.0, 23.95, 9999.0, 22.39, 9999.0, 22.73, 22.55, 22.3, 22.36, 22.36
2026-09-08, 19:39:40, 22.41, 22.52, 22.75, 22.75, 9999.0, 9999.0, 9999.0, 23.98, 9999.0, 22.39, 9999.0, 22.73, 22.55, 22.32, 22.39, 22.36
2026-09-08, 19:39:45, 22.39, 22.52, 22.75, 22.75, 9999.0, 9999.0, 9999.0, 24.0, 9999.0, 22.36, 9999.0, 22.7, 22.52, 22.34, 22.41, 22.36
2026-09-08, 19:39:49, 22.39, 22.52, 22.75, 22.75, 9999.0, 9999.0, 9999.0, 24.02, 9999.0, 22.34, 9999.0, 22.7, 22.5, 22.34, 22.41, 22.36
2026-09-08, 19:39:53, 22.39, 22.52, 22.75, 22.75, 9999.0, 9999.0, 9999.0, 23.98, 9999.0, 22.32, 9999.0, 22.7, 22.5, 22.34, 22.39, 22.36
2026-09-08, 19:39:57, 22.36, 22.52, 22.75, 22.75, 9999.0, 9999.0, 9999.0, 23.95, 9999.0, 22.3, 9999.0, 22.73, 22.5, 22.34, 22.39, 22.39
2026-09-08, 19:40:01, 22.36, 22.52, 22.75, 22.75, 9999.0, 9999.0, 9999.0, 23.91, 9999.0, 22.25, 9999.0, 22.75, 22.5, 22.34, 22.36, 22.41
2026-09-08, 19:40:05, 22.36, 22.52, 22.75, 22.75, 9999.0, 9999.0, 9999.0, 23.86, 9999.0, 22.23, 9999.0, 22.77, 22.5, 22.34, 22.36, 22.41
2026-09-08, 19:40:09, 22.39, 22.5, 22.75, 22.75, 9999.0, 9999.0, 9999.0, 23.82, 9999.0, 22.2, 9999.0, 22.77, 22.5, 22.32, 22.39, 22.39
2026-09-08, 19:40:13, 22.39, 22.5, 22.75, 22.75, 9999.0, 9999.0, 9999.0, 23.77, 9999.0, 22.23, 9999.0, 22.77, 22.5, 22.32, 22.36, 22.41
2026-09-08, 19:40:17, 22.36, 22.5, 22.75, 22.75, 9999.0, 9999.0, 9999.0, 23.73, 9999.0, 22.25, 9999.0, 22.77, 22.52, 22.32, 22.39, 22.39
2026-09-08, 19:40:21, 22.36, 22.5, 22.75, 22.75, 9999.0, 9999.0, 9999.0, 23.68, 9999.0, 22.27, 9999.0, 22.8, 22.52, 22.32, 22.41, 22.39
2026-09-08, 19:40:25, 22.39, 22.5, 22.75, 22.75, 9999.0, 9999.0, 9999.0, 23.64, 9999.0, 22.3, 9999.0, 22.8, 22.52, 22.3, 22.41, 22.39
2026-09-08, 19:40:29, 22.39, 22.5, 22.75, 22.75, 9999.0, 9999.0, 9999.0, 23.68, 9999.0, 22.32, 9999.0, 22.82, 22.55, 22.27, 22.39, 22.39
2026-09-08, 19:40:33, 22.36, 22.5, 22.75, 22.75, 9999.0, 9999.0, 9999.0, 23.73, 9999.0, 22.34, 9999.0, 22.82, 22.55, 22.27, 22.39, 22.39
2026-09-08, 19:40:37, 22.36, 22.5, 22.75, 22.75, 9999.0, 9999.0, 9999.0, 23.77, 9999.0, 22.36, 9999.0, 22.82, 22.55, 22.27, 22.41, 22.39
2026-09-08, 19:40:41, 22.39, 22.5, 22.75, 22.75, 9999.0, 9999.0, 9999.0, 23.8, 9999.0, 22.39, 9999.0, 22.8, 22.55, 22.27, 22.39, 22.39
2026-09-08, 19:40:45, 22.41, 22.5, 22.75, 22.75, 9999.0, 9999.0, 9999.0, 23.82, 9999.0, 22.43, 9999.0, 22.77, 22.55, 22.27, 22.41, 22.39
2026-09-08, 19:40:49, 22.41, 22.5, 22.75, 22.75, 9999.0, 9999.0, 9999.0, 23.84, 9999.0, 22.45, 9999.0, 22.75, 22.55, 22.27, 22.39, 22.41
2026-09-08, 19:40:53, 22.41, 22.5, 22.75, 22.75, 9999.0, 9999.0, 9999.0, 23.86, 9999.0, 22.45, 9999.0, 22.75, 22.55, 22.27, 22.36, 22.41
2026-09-08, 19:40:57, 22.41, 22.5, 22.75, 22.75, 9999.0, 9999.0, 9999.0, 23.91, 9999.0, 22.43, 9999.0, 22.75, 22.55, 22.3, 22.39, 22.41
2026-09-08, 19:41:01, 22.41, 22.5, 22.75, 22.75, 9999.0, 9999.0, 9999.0, 23.93, 9999.0, 22.41, 9999.0, 22.75, 22.52, 22.3, 22.39, 22.43
2026-09-08, 19:41:05, 22.41, 22.5, 22.75, 22.75, 9999.0, 9999.0, 9999.0, 23.95, 9999.0, 22.39, 9999.0, 22.75, 22.55, 22.27, 22.39, 22.45
2026-09-08, 19:41:09, 22.41, 22.5, 22.75, 22.75, 9999.0, 9999.0, 9999.0, 23.98, 9999.0, 22.36, 9999.0, 22.75, 22.55, 22.27, 22.36, 22.45
2026-09-08, 19:41:13, 22.41, 22.5, 22.75, 22.75, 9999.0, 9999.0, 9999.0, 23.93, 9999.0, 22.34, 9999.0, 22.75, 22.52, 22.27, 22.36, 22.45
2026-09-08, 19:41:17, 22.43, 22.5, 22.75, 22.75, 9999.0, 9999.0, 9999.0, 23.86, 9999.0, 22.32, 9999.0, 22.77, 22.52, 22.27, 22.36, 22.45
2026-09-08, 19:41:21, 22.43, 22.5, 22.75, 22.75, 9999.0, 9999.0, 9999.0, 23.8, 9999.0, 22.27, 9999.0, 22.8, 22.52, 22.3, 22.36, 22.45
2026-09-08, 19:41:25, 22.43, 22.5, 22.75, 22.75, 9999.0, 9999.0, 9999.0, 23.75, 9999.0, 22.25, 9999.0, 22.8, 22.52, 22.3, 22.39, 22.45
2026-09-08, 19:41:29, 22.41, 22.5, 22.75, 22.75, 9999.0, 9999.0, 9999.0, 23.7, 9999.0, 22.23, 9999.0, 22.8, 22.52, 22.3, 22.39, 22.45
2026-09-08, 19:41:33, 22.39, 22.5, 22.75, 22.75, 9999.0, 9999.0, 9999.0, 23.66, 9999.0, 22.25, 9999.0, 22.8, 22.52, 22.3, 22.41, 22.45
2026-09-08, 19:41:37, 22.36, 22.5, 22.75, 22.75, 9999.0, 9999.0, 9999.0, 23.64, 9999.0, 22.27, 9999.0, 22.8, 22.52, 22.3, 22.43, 22.48
2026-09-08, 19:41:41, 22.34, 22.5, 22.75, 22.75, 9999.0, 9999.0, 9999.0, 23.59, 9999.0, 22.3, 9999.0, 22.8, 22.55, 22.3, 22.43, 22.48
2026-09-08, 19:41:45, 22.34, 22.5, 22.75, 22.75, 9999.0, 9999.0, 9999.0, 23.64, 9999.0, 22.32, 9999.0, 22.8, 22.55, 22.3, 22.43, 22.48
2026-09-08, 19:41:49, 22.34, 22.5, 22.75, 22.75, 9999.0, 9999.0, 9999.0, 23.68, 9999.0, 22.32, 9999.0, 22.8, 22.52, 22.3, 22.41, 22.48
2026-09-08, 19:41:53, 22.34, 22.5, 22.75, 22.75, 9999.0, 9999.0, 9999.0, 23.7, 9999.0, 22.34, 9999.0, 22.8, 22.52, 22.3, 22.43, 22.5
2026-09-08, 19:41:57, 22.36, 22.5, 22.75, 22.75, 9999.0, 9999.0, 9999.0, 23.73, 9999.0, 22.34, 9999.0, 22.8, 22.52, 22.3, 22.45, 22.48
2026-09-08, 19:42:01, 22.34, 22.5, 22.75, 22.75, 9999.0, 9999.0, 9999.0, 23.77, 9999.0, 22.34, 9999.0, 22.77, 22.55, 22.3, 22.45, 22.48
2026-09-08, 19:42:05, 22.32, 22.5, 22.75, 22.75, 9999.0, 9999.0, 9999.0, 23.82, 9999.0, 22.36, 9999.0, 22.75, 22.55, 22.3, 22.43, 22.48
2026-09-08, 19:42:09, 22.32, 22.5, 22.75, 22.75, 9999.0, 9999.0, 9999.0, 23.84, 9999.0, 22.36, 9999.0, 22.75, 22.55, 22.32, 22.43, 22.45
2026-09-08, 19:42:13, 22.34, 22.5, 22.75, 22.75, 9999.0, 9999.0, 9999.0, 23.86, 9999.0, 22.36, 9999.0, 22.75, 22.55, 22.32, 22.43, 22.43
2026-09-08, 19:42:17, 22.34, 22.5, 22.75, 22.75, 9999.0, 9999.0, 9999.0, 23.89, 9999.0, 22.34, 9999.0, 22.75, 22.55, 22.32, 22.43, 22.43
2026-09-08, 19:42:21, 22.34, 22.5, 22.75, 22.75, 9999.0, 9999.0, 9999.0, 23.91, 9999.0, 22.32, 9999.0, 22.75, 22.55, 22.32, 22.43, 22.43
2026-09-08, 19:42:25, 22.36, 22.5, 22.75, 22.75, 9999.0, 9999.0, 9999.0, 23.93, 9999.0, 22.3, 9999.0, 22.75, 22.52, 22.3, 22.43, 22.43
2026-09-08, 19:42:29, 22.36, 22.5, 22.75, 22.75, 9999.0, 9999.0, 9999.0, 23.89, 9999.0, 22.27, 9999.0, 22.75, 22.52, 22.3, 22.41, 22.43
2026-09-08, 19:42:33, 22.36, 22.5, 22.75, 22.75, 9999.0, 9999.0, 9999.0, 23.84, 9999.0, 22.27, 9999.0, 22.77, 22.52, 22.32, 22.43, 22.41
2026-09-08, 19:42:37, 22.34, 22.5, 22.75, 22.75, 9999.0, 9999.0, 9999.0, 23.82, 9999.0, 22.23, 9999.0, 22.8, 22.55, 22.32, 22.43, 22.39
2026-09-08, 19:42:41, 22.34, 22.5, 22.75, 22.75, 9999.0, 9999.0, 9999.0, 23.8, 9999.0, 22.2, 9999.0, 22.8, 22.55, 22.32, 22.43, 22.41
2026-09-08, 19:42:45, 22.36, 22.5, 22.75, 22.77, 9999.0, 9999.0, 9999.0, 23.75, 9999.0, 22.2, 9999.0, 22.8, 22.52, 22.32, 22.43, 22.39
2026-09-08, 19:42:49, 22.36, 22.5, 22.75, 22.77, 9999.0, 9999.0, 9999.0, 23.7, 9999.0, 22.2, 9999.0, 22.8, 22.52, 22.3, 22.45, 22.36
2026-09-08, 19:42:53, 22.36, 22.5, 22.75, 22.77, 9999.0, 9999.0, 9999.0, 23.68, 9999.0, 22.2, 9999.0, 22.82, 22.55, 22.27, 22.45, 22.39
2026-09-08, 19:42:57, 22.36, 22.5, 22.75, 22.77, 9999.0, 9999.0, 9999.0, 23.66, 9999.0, 22.23, 9999.0, 22.82, 22.55, 22.3, 22.45, 22.41
2026-09-08, 19:43:01, 22.39, 22.5, 22.75, 22.77, 9999.0, 9999.0, 9999.0, 23.64, 9999.0, 22.25, 9999.0, 22.84, 22.55, 22.3, 22.45, 22.41
2026-09-08, 19:43:05, 22.39, 22.5, 22.75, 22.77, 9999.0, 9999.0, 9999.0, 23.68, 9999.0, 22.25, 9999.0, 22.84, 22.57, 22.3, 22.43, 22.41
2026-09-08, 19:43:09, 22.36, 22.5, 22.75, 22.77, 9999.0, 9999.0, 9999.0, 23.7, 9999.0, 22.25, 9999.0, 22.84, 22.57, 22.3, 22.43, 22.39
2026-09-08, 19:43:13, 22.36, 22.5, 22.75, 22.77, 9999.0, 9999.0, 9999.0, 23.73, 9999.0, 22.27, 9999.0, 22.84, 22.57, 22.3, 22.43, 22.39
2026-09-08, 19:43:17, 22.36, 22.5, 22.75, 22.77, 9999.0, 9999.0, 9999.0, 23.75, 9999.0, 22.3, 9999.0, 22.82, 22.57, 22.27, 22.41, 22.41
2026-09-08, 19:43:21, 22.39, 22.5, 22.75, 22.77, 9999.0, 9999.0, 9999.0, 23.77, 9999.0, 22.32, 9999.0, 22.8, 22.55, 22.3, 22.39, 22.43
2026-09-08, 19:43:25, 22.39, 22.5, 22.75, 22.77, 9999.0, 9999.0, 9999.0, 23.77, 9999.0, 22.34, 9999.0, 22.8, 22.55, 22.32, 22.36, 22.43
2026-09-08, 19:43:30, 22.39, 22.5, 22.75, 22.75, 9999.0, 9999.0, 9999.0, 23.8, 9999.0, 22.34, 9999.0, 22.8, 22.55, 22.32, 22.39, 22.45
2026-09-08, 19:43:34, 22.41, 22.5, 22.75, 22.75, 9999.0, 9999.0, 9999.0, 23.82, 9999.0, 22.34, 9999.0, 22.8, 22.55, 22.32, 22.36, 22.48
2026-09-08, 19:43:38, 22.39, 22.5, 22.75, 22.75, 9999.0, 9999.0, 9999.0, 23.84, 9999.0, 22.34, 9999.0, 22.77, 22.52, 22.32, 22.36, 22.45
2026-09-08, 19:43:42, 22.39, 22.5, 22.75, 22.75, 9999.0, 9999.0, 9999.0, 23.86, 9999.0, 22.32, 9999.0, 22.77, 22.52, 22.3, 22.36, 22.43
2026-09-08, 19:43:46, 22.39, 22.5, 22.75, 22.75, 9999.0, 9999.0, 9999.0, 23.89, 9999.0, 22.3, 9999.0, 22.75, 22.52, 22.3, 22.36, 22.43
2026-09-08, 19:43:50, 22.39, 22.5, 22.77, 22.75, 9999.0, 9999.0, 9999.0, 23.84, 9999.0, 22.3, 9999.0, 22.77, 22.5, 22.32, 22.39, 22.43
2026-09-08, 19:43:54, 22.41, 22.5, 22.77, 22.75, 9999.0, 9999.0, 9999.0, 23.8, 9999.0, 22.27, 9999.0, 22.8, 22.5, 22.32, 22.39, 22.45
2026-09-08, 19:43:58, 22.41, 22.5, 22.77, 22.75, 9999.0, 9999.0, 9999.0, 23.75, 9999.0, 22.25, 9999.0, 22.82, 22.5, 22.34, 22.41, 22.45
2026-09-08, 19:44:02, 22.43, 22.5, 22.77, 22.75, 9999.0, 9999.0, 9999.0, 23.7, 9999.0, 22.23, 9999.0, 22.84, 22.5, 22.34, 22.41, 22.45
2026-09-08, 19:44:06, 22.43, 22.5, 22.77, 22.75, 9999.0, 9999.0, 9999.0, 23.66, 9999.0, 22.23, 9999.0, 22.84, 22.52, 22.32, 22.43, 22.45
2026-09-08, 19:44:10, 22.43, 22.5, 22.77, 22.77, 9999.0, 9999.0, 9999.0, 23.64, 9999.0, 22.25, 9999.0, 22.84, 22.52, 22.3, 22.45, 22.45
2026-09-08, 19:44:14, 22.43, 22.5, 22.77, 22.77, 9999.0, 9999.0, 9999.0, 23.61, 9999.0, 22.27, 9999.0, 22.84, 22.52, 22.32, 22.45, 22.45
2026-09-08, 19:44:18, 22.41, 22.5, 22.77, 22.77, 9999.0, 9999.0, 9999.0, 23.59, 9999.0, 22.27, 9999.0, 22.84, 22.52, 22.32, 22.48, 22.45
2026-09-08, 19:44:22, 22.41, 22.5, 22.77, 22.8, 9999.0, 9999.0, 9999.0, 23.64, 9999.0, 22.27, 9999.0, 22.84, 22.55, 22.32, 22.48, 22.48
2026-09-08, 19:44:26, 22.39, 22.5, 22.77, 22.8, 9999.0, 9999.0, 9999.0, 23.68, 9999.0, 22.27, 9999.0, 22.84, 22.55, 22.34, 22.48, 22.5
2026-09-08, 19:44:30, 22.39, 22.5, 22.77, 22.8, 9999.0, 9999.0, 9999.0, 23.7, 9999.0, 22.27, 9999.0, 22.84, 22.55, 22.34, 22.45, 22.5
2026-09-08, 19:44:34, 22.41, 22.5, 22.75, 22.8, 9999.0, 9999.0, 9999.0, 23.73, 9999.0, 22.27, 9999.0, 22.82, 22.55, 22.34, 22.43, 22.5
2026-09-08, 19:44:38, 22.41, 22.5, 22.75, 22.8, 9999.0, 9999.0, 9999.0, 23.77, 9999.0, 22.3, 9999.0, 22.8, 22.55, 22.34, 22.43, 22.5
2026-09-08, 19:44:42, 22.43, 22.5, 22.75, 22.82, 9999.0, 9999.0, 9999.0, 23.82, 9999.0, 22.3, 9999.0, 22.77, 22.55, 22.34, 22.43, 22.48
2026-09-08, 19:44:46, 22.43, 22.5, 22.75, 22.82, 9999.0, 9999.0, 9999.0, 23.84, 9999.0, 22.27, 9999.0, 22.73, 22.55, 22.36, 22.43, 22.45
2026-09-08, 19:44:50, 22.41, 22.5, 22.75, 22.82, 9999.0, 9999.0, 9999.0, 23.86, 9999.0, 22.27, 9999.0, 22.73, 22.52, 22.36, 22.43, 22.43
2026-09-08, 19:44:54, 22.41, 22.5, 22.75, 22.8, 9999.0, 9999.0, 9999.0, 23.89, 9999.0, 22.25, 9999.0, 22.73, 22.52, 22.36, 22.43, 22.43
2026-09-08, 19:44:58, 22.41, 22.5, 22.75, 22.8, 9999.0, 9999.0, 9999.0, 23.91, 9999.0, 22.2, 9999.0, 22.73, 22.52, 22.34, 22.43, 22.43
2026-09-08, 19:45:02, 22.41, 22.5, 22.75, 22.8, 9999.0, 9999.0, 9999.0, 23.93, 9999.0, 22.18, 9999.0, 22.73, 22.52, 22.34, 22.41, 22.43
2026-09-08, 19:45:06, 22.41, 22.5, 22.75, 22.77, 9999.0, 9999.0, 9999.0, 23.86, 9999.0, 22.18, 9999.0, 22.73, 22.5, 22.34, 22.41, 22.43
2026-09-08, 19:45:10, 22.43, 22.5, 22.75, 22.77, 9999.0, 9999.0, 9999.0, 23.8, 9999.0, 22.18, 9999.0, 22.75, 22.5, 22.34, 22.41, 22.43
2026-09-08, 19:45:14, 22.43, 22.5, 22.77, 22.8, 9999.0, 9999.0, 9999.0, 23.75, 9999.0, 22.16, 9999.0, 22.77, 22.5, 22.36, 22.41, 22.43
2026-09-08, 19:45:18, 22.43, 22.5, 22.77, 22.8, 9999.0, 9999.0, 9999.0, 23.7, 9999.0, 22.16, 9999.0, 22.77, 22.5, 22.34, 22.43, 22.43
2026-09-08, 19:45:22, 22.41, 22.5, 22.77, 22.8, 9999.0, 9999.0, 9999.0, 23.66, 9999.0, 22.16, 9999.0, 22.8, 22.5, 22.36, 22.43, 22.43
2026-09-08, 19:45:26, 22.41, 22.5, 22.8, 22.77, 9999.0, 9999.0, 9999.0, 23.61, 9999.0, 22.16, 9999.0, 22.8, 22.5, 22.34, 22.41, 22.45
2026-09-08, 19:45:30, 22.39, 22.5, 22.8, 22.77, 9999.0, 9999.0, 9999.0, 23.57, 9999.0, 22.18, 9999.0, 22.82, 22.5, 22.32, 22.43, 22.48
2026-09-08, 19:45:34, 22.41, 22.5, 22.8, 22.77, 9999.0, 9999.0, 9999.0, 23.55, 9999.0, 22.18, 9999.0, 22.82, 22.52, 22.34, 22.43, 22.5
2026-09-08, 19:45:39, 22.41, 22.5, 22.8, 22.77, 9999.0, 9999.0, 9999.0, 23.59, 9999.0, 22.18, 9999.0, 22.82, 22.52, 22.34, 22.43, 22.5
2026-09-08, 19:45:43, 22.41, 22.5, 22.8, 22.77, 9999.0, 9999.0, 9999.0, 23.64, 9999.0, 22.2, 9999.0, 22.82, 22.52, 22.36, 22.43, 22.5
2026-09-08, 19:45:47, 22.43, 22.5, 22.8, 22.77, 9999.0, 9999.0, 9999.0, 23.66, 9999.0, 22.23, 9999.0, 22.82, 22.55, 22.36, 22.45, 22.5
2026-09-08, 19:45:51, 22.45, 22.5, 22.8, 22.77, 9999.0, 9999.0, 9999.0, 23.7, 9999.0, 22.2, 9999.0, 22.82, 22.55, 22.36, 22.45, 22.5
2026-09-08, 19:45:55, 22.43, 22.5, 22.8, 22.77, 9999.0, 9999.0, 9999.0, 23.73, 9999.0, 22.18, 9999.0, 22.8, 22.55, 22.34, 22.45, 22.5
2026-09-08, 19:45:59, 22.41, 22.5, 22.77, 22.75, 9999.0, 9999.0, 9999.0, 23.75, 9999.0, 22.18, 9999.0, 22.77, 22.55, 22.32, 22.48, 22.5
2026-09-08, 19:46:03, 22.41, 22.5, 22.77, 22.75, 9999.0, 9999.0, 9999.0, 23.77, 9999.0, 22.16, 9999.0, 22.77, 22.55, 22.32, 22.48, 22.5
2026-09-08, 19:46:07, 22.43, 22.5, 22.77, 22.75, 9999.0, 9999.0, 9999.0, 23.8, 9999.0, 22.14, 9999.0, 22.75, 22.55, 22.3, 22.48, 22.5
2026-09-08, 19:46:11, 22.41, 22.5, 22.75, 22.75, 9999.0, 9999.0, 9999.0, 23.82, 9999.0, 22.11, 9999.0, 22.75, 22.55, 22.3, 22.5, 22.5
2026-09-08, 19:46:15, 22.41, 22.5, 22.75, 22.75, 9999.0, 9999.0, 9999.0, 23.84, 9999.0, 22.09, 9999.0, 22.75, 22.55, 22.3, 22.48, 22.5
2026-09-08, 19:46:19, 22.39, 22.5, 22.75, 22.75, 9999.0, 9999.0, 9999.0, 23.86, 9999.0, 22.07, 9999.0, 22.75, 22.52, 22.27, 22.48, 22.5
2026-09-08, 19:46:23, 22.36, 22.5, 22.75, 22.75, 9999.0, 9999.0, 9999.0, 23.8, 9999.0, 22.05, 9999.0, 22.75, 22.52, 22.27, 22.48, 22.5
2026-09-08, 19:46:27, 22.34, 22.5, 22.75, 22.75, 9999.0, 9999.0, 9999.0, 23.73, 9999.0, 22.02, 9999.0, 22.77, 22.52, 22.27, 22.48, 22.5
2026-09-08, 19:46:31, 22.34, 22.5, 22.77, 22.75, 9999.0, 9999.0, 9999.0, 23.68, 9999.0, 22.0, 9999.0, 22.8, 22.5, 22.27, 22.48, 22.5
2026-09-08, 19:46:35, 22.32, 22.5, 22.77, 22.75, 9999.0, 9999.0, 9999.0, 23.64, 9999.0, 21.98, 9999.0, 22.82, 22.52, 22.27, 22.48, 22.5
2026-09-08, 19:46:39, 22.34, 22.5, 22.77, 22.75, 9999.0, 9999.0, 9999.0, 23.61, 9999.0, 21.98, 9999.0, 22.82, 22.52, 22.27, 22.48, 22.5
2026-09-08, 19:46:43, 22.34, 22.5, 22.77, 22.75, 9999.0, 9999.0, 9999.0, 23.59, 9999.0, 22.0, 9999.0, 22.82, 22.52, 22.3, 22.48, 22.5
2026-09-08, 19:46:47, 22.34, 22.5, 22.77, 22.75, 9999.0, 9999.0, 9999.0, 23.55, 9999.0, 22.02, 9999.0, 22.82, 22.55, 22.3, 22.48, 22.5
2026-09-08, 19:46:51, 22.32, 22.5, 22.77, 22.77, 9999.0, 9999.0, 9999.0, 23.5, 9999.0, 22.05, 9999.0, 22.82, 22.55, 22.3, 22.48, 22.5
2026-09-08, 19:46:55, 22.34, 22.5, 22.77, 22.8, 9999.0, 9999.0, 9999.0, 23.45, 9999.0, 22.07, 9999.0, 22.82, 22.55, 22.32, 22.48, 22.5
2026-09-08, 19:46:59, 22.34, 22.5, 22.77, 22.8, 9999.0, 9999.0, 9999.0, 23.52, 9999.0, 22.09, 9999.0, 22.82, 22.57, 22.34, 22.48, 22.5
2026-09-08, 19:47:03, 22.36, 22.5, 22.77, 22.8, 9999.0, 9999.0, 9999.0, 23.57, 9999.0, 22.11, 9999.0, 22.82, 22.57, 22.34, 22.45, 22.5
2026-09-08, 19:47:07, 22.36, 22.5, 22.77, 22.8, 9999.0, 9999.0, 9999.0, 23.61, 9999.0, 22.14, 9999.0, 22.82, 22.57, 22.34, 22.45, 22.5
2026-09-08, 19:47:11, 22.39, 22.5, 22.77, 22.8, 9999.0, 9999.0, 9999.0, 23.66, 9999.0, 22.14, 9999.0, 22.8, 22.57, 22.32, 22.45, 22.5
2026-09-08, 19:47:15, 22.39, 22.5, 22.75, 22.8, 9999.0, 9999.0, 9999.0, 23.68, 9999.0, 22.14, 9999.0, 22.77, 22.57, 22.32, 22.45, 22.5
2026-09-08, 19:47:19, 22.41, 22.5, 22.75, 22.8, 9999.0, 9999.0, 9999.0, 23.7, 9999.0, 22.16, 9999.0, 22.75, 22.55, 22.32, 22.45, 22.5
2026-09-08, 19:47:23, 22.41, 22.5, 22.75, 22.8, 9999.0, 9999.0, 9999.0, 23.7, 9999.0, 22.16, 9999.0, 22.75, 22.55, 22.32, 22.45, 22.5
2026-09-08, 19:47:27, 22.43, 22.5, 22.75, 22.8, 9999.0, 9999.0, 9999.0, 23.73, 9999.0, 22.14, 9999.0, 22.75, 22.55, 22.32, 22.45, 22.5
2026-09-08, 19:47:31, 22.43, 22.5, 22.75, 22.8, 9999.0, 9999.0, 9999.0, 23.77, 9999.0, 22.11, 9999.0, 22.75, 22.52, 22.32, 22.45, 22.5
2026-09-08, 19:47:35, 22.45, 22.5, 22.75, 22.77, 9999.0, 9999.0, 9999.0, 23.82, 9999.0, 22.09, 9999.0, 22.77, 22.52, 22.32, 22.45, 22.5
2026-09-08, 19:47:39, 22.45, 22.5, 22.75, 22.75, 9999.0, 9999.0, 9999.0, 23.84, 9999.0, 22.05, 9999.0, 22.77, 22.52, 22.3, 22.45, 22.5
2026-09-08, 19:47:43, 22.45, 22.5, 22.75, 22.75, 9999.0, 9999.0, 9999.0, 23.77, 9999.0, 22.02, 9999.0, 22.8, 22.5, 22.27, 22.48, 22.5
2026-09-08, 19:47:47, 22.45, 22.5, 22.75, 22.75, 9999.0, 9999.0, 9999.0, 23.7, 9999.0, 21.98, 9999.0, 22.82, 22.5, 22.3, 22.5, 22.5
2026-09-08, 19:47:51, 22.48, 22.5, 22.77, 22.75, 9999.0, 9999.0, 9999.0, 23.66, 9999.0, 21.95, 9999.0, 22.84, 22.5, 22.3, 22.5, 22.5
2026-09-08, 19:47:55, 22.48, 22.5, 22.77, 22.75, 9999.0, 9999.0, 9999.0, 23.61, 9999.0, 21.98, 9999.0, 22.84, 22.5, 22.32, 22.5, 22.5
2026-09-08, 19:47:59, 22.48, 22.5, 22.77, 22.77, 9999.0, 9999.0, 9999.0, 23.59, 9999.0, 21.98, 9999.0, 22.84, 22.5, 22.34, 22.5, 22.5
2026-09-08, 19:48:03, 22.48, 22.5, 22.77, 22.77, 9999.0, 9999.0, 9999.0, 23.57, 9999.0, 21.98, 9999.0, 22.86, 22.5, 22.34, 22.5, 22.5
2026-09-08, 19:48:07, 22.48, 22.5, 22.8, 22.8, 9999.0, 9999.0, 9999.0, 23.55, 9999.0, 22.0, 9999.0, 22.89, 22.5, 22.36, 22.5, 22.5
2026-09-08, 19:48:11, 22.48, 22.5, 22.8, 22.8, 9999.0, 9999.0, 9999.0, 23.5, 9999.0, 22.02, 9999.0, 22.89, 22.5, 22.36, 22.5, 22.5
2026-09-08, 19:48:15, 22.45, 22.5, 22.8, 22.8, 9999.0, 9999.0, 9999.0, 23.55, 9999.0, 22.05, 9999.0, 22.89, 22.52, 22.36, 22.5, 22.5
2026-09-08, 19:48:19, 22.45, 22.5, 22.8, 22.8, 9999.0, 9999.0, 9999.0, 23.57, 9999.0, 22.07, 9999.0, 22.86, 22.52, 22.36, 22.5, 22.5
2026-09-08, 19:48:23, 22.45, 22.5, 22.8, 22.8, 9999.0, 9999.0, 9999.0, 23.61, 9999.0, 22.11, 9999.0, 22.86, 22.52, 22.36, 22.5, 22.5
2026-09-08, 19:48:27, 22.45, 22.5, 22.8, 22.8, 9999.0, 9999.0, 9999.0, 23.66, 9999.0, 22.14, 9999.0, 22.84, 22.52, 22.36, 22.5, 22.5
2026-09-08, 19:48:31, 22.43, 22.5, 22.8, 22.82, 9999.0, 9999.0, 9999.0, 23.7, 9999.0, 22.16, 9999.0, 22.82, 22.52, 22.34, 22.5, 22.5
2026-09-08, 19:48:35, 22.43, 22.5, 22.77, 22.82, 9999.0, 9999.0, 9999.0, 23.75, 9999.0, 22.16, 9999.0, 22.8, 22.52, 22.34, 22.5, 22.5
2026-09-08, 19:48:39, 22.43, 22.5, 22.77, 22.82, 9999.0, 9999.0, 9999.0, 23.77, 9999.0, 22.14, 9999.0, 22.8, 22.52, 22.32, 22.5, 22.5
2026-09-08, 19:48:43, 22.43, 22.5, 22.77, 22.8, 9999.0, 9999.0, 9999.0, 23.8, 9999.0, 22.14, 9999.0, 22.8, 22.52, 22.32, 22.5, 22.5
2026-09-08, 19:48:47, 22.43, 22.5, 22.77, 22.8, 9999.0, 9999.0, 9999.0, 23.82, 9999.0, 22.14, 9999.0, 22.77, 22.52, 22.32, 22.5, 22.5
2026-09-08, 19:48:52, 22.43, 22.5, 22.75, 22.77, 9999.0, 9999.0, 9999.0, 23.86, 9999.0, 22.11, 9999.0, 22.75, 22.52, 22.32, 22.5, 22.5
2026-09-08, 19:48:56, 22.41, 22.5, 22.75, 22.8, 9999.0, 9999.0, 9999.0, 23.89, 9999.0, 22.09, 9999.0, 22.75, 22.52, 22.3, 22.5, 22.5
2026-09-08, 19:49:00, 22.41, 22.5, 22.75, 22.8, 9999.0, 9999.0, 9999.0, 23.82, 9999.0, 22.07, 9999.0, 22.75, 22.5, 22.32, 22.5, 22.5
2026-09-08, 19:49:04, 22.41, 22.5, 22.75, 22.8, 9999.0, 9999.0, 9999.0, 23.77, 9999.0, 22.05, 9999.0, 22.77, 22.5, 22.32, 22.5, 22.5
2026-09-08, 19:49:08, 22.41, 22.5, 22.75, 22.8, 9999.0, 9999.0, 9999.0, 23.73, 9999.0, 22.02, 9999.0, 22.8, 22.52, 22.34, 22.5, 22.5
2026-09-08, 19:49:12, 22.41, 22.5, 22.75, 22.8, 9999.0, 9999.0, 9999.0, 23.68, 9999.0, 22.0, 9999.0, 22.82, 22.55, 22.34, 22.5, 22.5
2026-09-08, 19:49:16, 22.41, 22.5, 22.75, 22.77, 9999.0, 9999.0, 9999.0, 23.64, 9999.0, 22.0, 9999.0, 22.84, 22.55, 22.36, 22.5, 22.5
2026-09-08, 19:49:20, 22.41, 22.5, 22.75, 22.8, 9999.0, 9999.0, 9999.0, 23.57, 9999.0, 22.0, 9999.0, 22.86, 22.55, 22.36, 22.5, 22.5
2026-09-08, 19:49:24, 22.41, 22.5, 22.75, 22.8, 9999.0, 9999.0, 9999.0, 23.52, 9999.0, 22.02, 9999.0, 22.86, 22.57, 22.39, 22.5, 22.5
2026-09-08, 19:49:28, 22.41, 22.5, 22.75, 22.8, 9999.0, 9999.0, 9999.0, 23.48, 9999.0, 22.05, 9999.0, 22.86, 22.59, 22.36, 22.5, 22.5
2026-09-08, 19:49:32, 22.41, 22.5, 22.75, 22.8, 9999.0, 9999.0, 9999.0, 23.43, 9999.0, 22.07, 9999.0, 22.86, 22.59, 22.39, 22.5, 22.5
2026-09-08, 19:49:36, 22.41, 22.5, 22.77, 22.8, 9999.0, 9999.0, 9999.0, 23.45, 9999.0, 22.09, 9999.0, 22.86, 22.59, 22.36, 22.5, 22.5
2026-09-08, 19:49:40, 22.43, 22.5, 22.77, 22.77, 9999.0, 9999.0, 9999.0, 23.5, 9999.0, 22.11, 9999.0, 22.86, 22.61, 22.36, 22.5, 22.5
2026-09-08, 19:49:44, 22.45, 22.5, 22.77, 22.8, 9999.0, 9999.0, 9999.0, 23.55, 9999.0, 22.14, 9999.0, 22.86, 22.61, 22.34, 22.5, 22.5
2026-09-08, 19:49:48, 22.45, 22.5, 22.77, 22.82, 9999.0, 9999.0, 9999.0, 23.59, 9999.0, 22.16, 9999.0, 22.84, 22.61, 22.34, 22.5, 22.5
2026-09-08, 19:49:52, 22.45, 22.5, 22.77, 22.82, 9999.0, 9999.0, 9999.0, 23.61, 9999.0, 22.18, 9999.0, 22.82, 22.59, 22.34, 22.5, 22.5
2026-09-08, 19:49:56, 22.48, 22.5, 22.77, 22.82, 9999.0, 9999.0, 9999.0, 23.64, 9999.0, 22.18, 9999.0, 22.8, 22.57, 22.34, 22.5, 22.5
2026-09-08, 19:50:00, 22.48, 22.5, 22.77, 22.82, 9999.0, 9999.0, 9999.0, 23.66, 9999.0, 22.18, 9999.0, 22.77, 22.57, 22.32, 22.5, 22.5
2026-09-08, 19:50:04, 22.45, 22.5, 22.77, 22.82, 9999.0, 9999.0, 9999.0, 23.7, 9999.0, 22.18, 9999.0, 22.75, 22.57, 22.34, 22.5, 22.5
2026-09-08, 19:50:08, 22.45, 22.5, 22.77, 22.82, 9999.0, 9999.0, 9999.0, 23.75, 9999.0, 22.16, 9999.0, 22.75, 22.57, 22.32, 22.5, 22.5
2026-09-08, 19:50:12, 22.43, 22.5, 22.77, 22.82, 9999.0, 9999.0, 9999.0, 23.8, 9999.0, 22.14, 9999.0, 22.75, 22.55, 22.32, 22.5, 22.5
2026-09-08, 19:50:16, 22.43, 22.5, 22.77, 22.82, 9999.0, 9999.0, 9999.0, 23.84, 9999.0, 22.11, 9999.0, 22.75, 22.55, 22.32, 22.5, 22.5
2026-09-08, 19:50:20, 22.43, 22.5, 22.75, 22.82, 9999.0, 9999.0, 9999.0, 23.82, 9999.0, 22.09, 9999.0, 22.77, 22.55, 22.34, 22.5, 22.5
2026-09-08, 19:50:24, 22.43, 22.5, 22.75, 22.82, 9999.0, 9999.0, 9999.0, 23.8, 9999.0, 22.07, 9999.0, 22.8, 22.52, 22.36, 22.5, 22.5
2026-09-08, 19:50:28, 22.43, 22.5, 22.75, 22.82, 9999.0, 9999.0, 9999.0, 23.75, 9999.0, 22.05, 9999.0, 22.82, 22.52, 22.39, 22.48, 22.5
2026-09-08, 19:50:32, 22.43, 22.5, 22.75, 22.8, 9999.0, 9999.0, 9999.0, 23.7, 9999.0, 22.05, 9999.0, 22.84, 22.52, 22.41, 22.48, 22.5
2026-09-08, 19:50:36, 22.43, 22.5, 22.75, 22.8, 9999.0, 9999.0, 9999.0, 23.68, 9999.0, 22.05, 9999.0, 22.84, 22.52, 22.39, 22.48, 22.5
2026-09-08, 19:50:40, 22.43, 22.5, 22.75, 22.82, 9999.0, 9999.0, 9999.0, 23.66, 9999.0, 22.07, 9999.0, 22.84, 22.55, 22.41, 22.48, 22.5
2026-09-08, 19:50:44, 22.45, 22.5, 22.75, 22.82, 9999.0, 9999.0, 9999.0, 23.61, 9999.0, 22.11, 9999.0, 22.84, 22.57, 22.43, 22.48, 22.5
2026-09-08, 19:50:48, 22.48, 22.5, 22.75, 22.8, 9999.0, 9999.0, 9999.0, 23.59, 9999.0, 22.16, 9999.0, 22.84, 22.59, 22.43, 22.48, 22.5
2026-09-08, 19:50:52, 22.48, 22.5, 22.75, 22.8, 9999.0, 9999.0, 9999.0, 23.61, 9999.0, 22.2, 9999.0, 22.84, 22.57, 22.43, 22.48, 22.5
2026-09-08, 19:50:56, 22.5, 22.5, 22.75, 22.8, 9999.0, 9999.0, 9999.0, 23.64, 9999.0, 22.25, 9999.0, 22.84, 22.57, 22.43, 22.48, 22.5
2026-09-08, 19:51:00, 22.48, 22.5, 22.75, 22.8, 9999.0, 9999.0, 9999.0, 23.66, 9999.0, 22.27, 9999.0, 22.84, 22.59, 22.43, 22.48, 22.5
2026-09-08, 19:51:04, 22.48, 22.5, 22.75, 22.8, 9999.0, 9999.0, 9999.0, 23.68, 9999.0, 22.3, 9999.0, 22.82, 22.61, 22.41, 22.48, 22.5
2026-09-08, 19:51:08, 22.48, 22.5, 22.75, 22.8, 9999.0, 9999.0, 9999.0, 23.7, 9999.0, 22.32, 9999.0, 22.8, 22.61, 22.41, 22.48, 22.5
2026-09-08, 19:51:12, 22.48, 22.5, 22.75, 22.77, 9999.0, 9999.0, 9999.0, 23.75, 9999.0, 22.34, 9999.0, 22.77, 22.61, 22.41, 22.5, 22.5
2026-09-08, 19:51:16, 22.48, 22.5, 22.75, 22.8, 9999.0, 9999.0, 9999.0, 23.77, 9999.0, 22.34, 9999.0, 22.75, 22.61, 22.39, 22.5, 22.5
2026-09-08, 19:51:20, 22.48, 22.5, 22.75, 22.8, 9999.0, 9999.0, 9999.0, 23.8, 9999.0, 22.34, 9999.0, 22.75, 22.61, 22.39, 22.5, 22.5
2026-09-08, 19:51:24, 22.48, 22.5, 22.75, 22.77, 9999.0, 9999.0, 9999.0, 23.82, 9999.0, 22.34, 9999.0, 22.75, 22.59, 22.36, 22.5, 22.5
2026-09-08, 19:51:28, 22.48, 22.5, 22.75, 22.77, 9999.0, 9999.0, 9999.0, 23.86, 9999.0, 22.32, 9999.0, 22.75, 22.57, 22.34, 22.5, 22.5
2026-09-08, 19:51:32, 22.45, 22.5, 22.75, 22.77, 9999.0, 9999.0, 9999.0, 23.89, 9999.0, 22.3, 9999.0, 22.75, 22.55, 22.34, 22.5, 22.5
2026-09-08, 19:51:36, 22.45, 22.5, 22.75, 22.77, 9999.0, 9999.0, 9999.0, 23.86, 9999.0, 22.27, 9999.0, 22.75, 22.55, 22.36, 22.5, 22.5
2026-09-08, 19:51:40, 22.45, 22.5, 22.75, 22.77, 9999.0, 9999.0, 9999.0, 23.84, 9999.0, 22.25, 9999.0, 22.77, 22.55, 22.36, 22.5, 22.5
2026-09-08, 19:51:44, 22.48, 22.5, 22.75, 22.77, 9999.0, 9999.0, 9999.0, 23.82, 9999.0, 22.25, 9999.0, 22.8, 22.55, 22.36, 22.5, 22.5
2026-09-08, 19:51:48, 22.48, 22.5, 22.75, 22.77, 9999.0, 9999.0, 9999.0, 23.8, 9999.0, 22.27, 9999.0, 22.82, 22.52, 22.39, 22.5, 22.5
2026-09-08, 19:51:52, 22.48, 22.5, 22.75, 22.8, 9999.0, 9999.0, 9999.0, 23.77, 9999.0, 22.27, 9999.0, 22.84, 22.52, 22.36, 22.5, 22.5
2026-09-08, 19:51:56, 22.45, 22.5, 22.75, 22.8, 9999.0, 9999.0, 9999.0, 23.73, 9999.0, 22.27, 9999.0, 22.86, 22.55, 22.34, 22.5, 22.5
2026-09-08, 19:52:00, 22.43, 22.5, 22.75, 22.8, 9999.0, 9999.0, 9999.0, 23.7, 9999.0, 22.3, 9999.0, 22.86, 22.57, 22.36, 22.5, 22.5
2026-09-08, 19:52:04, 22.43, 22.5, 22.75, 22.82, 9999.0, 9999.0, 9999.0, 23.68, 9999.0, 22.32, 9999.0, 22.89, 22.59, 22.36, 22.5, 22.5
2026-09-08, 19:52:08, 22.43, 22.5, 22.75, 22.82, 9999.0, 9999.0, 9999.0, 23.66, 9999.0, 22.34, 9999.0, 22.89, 22.61, 22.39, 22.5, 22.5
2026-09-08, 19:52:12, 22.43, 22.5, 22.75, 22.84, 9999.0, 9999.0, 9999.0, 23.7, 9999.0, 22.36, 9999.0, 22.89, 22.61, 22.39, 22.5, 22.5
2026-09-08, 19:52:16, 22.45, 22.5, 22.75, 22.84, 9999.0, 9999.0, 9999.0, 23.73, 9999.0, 22.39, 9999.0, 22.89, 22.61, 22.39, 22.5, 22.5
2026-09-08, 19:52:20, 22.43, 22.5, 22.75, 22.86, 9999.0, 9999.0, 9999.0, 23.75, 9999.0, 22.39, 9999.0, 22.89, 22.61, 22.36, 22.5, 22.5
2026-09-08, 19:52:24, 22.43, 22.5, 22.75, 22.86, 9999.0, 9999.0, 9999.0, 23.77, 9999.0, 22.41, 9999.0, 22.86, 22.61, 22.39, 22.5, 22.5
2026-09-08, 19:52:28, 22.43, 22.5, 22.75, 22.86, 9999.0, 9999.0, 9999.0, 23.8, 9999.0, 22.41, 9999.0, 22.84, 22.59, 22.39, 22.5, 22.5
2026-09-08, 19:52:32, 22.43, 22.5, 22.77, 22.86, 9999.0, 9999.0, 9999.0, 23.8, 9999.0, 22.41, 9999.0, 22.82, 22.59, 22.36, 22.5, 22.5
2026-09-08, 19:52:36, 22.41, 22.5, 22.77, 22.84, 9999.0, 9999.0, 9999.0, 23.82, 9999.0, 22.41, 9999.0, 22.8, 22.59, 22.39, 22.48, 22.5
2026-09-08, 19:52:40, 22.43, 22.5, 22.77, 22.84, 9999.0, 9999.0, 9999.0, 23.84, 9999.0, 22.41, 9999.0, 22.77, 22.57, 22.41, 22.48, 22.5
2026-09-08, 19:52:44, 22.45, 22.5, 22.77, 22.82, 9999.0, 9999.0, 9999.0, 23.86, 9999.0, 22.39, 9999.0, 22.77, 22.55, 22.41, 22.48, 22.5
2026-09-08, 19:52:49, 22.45, 22.5, 22.77, 22.8, 9999.0, 9999.0, 9999.0, 23.89, 9999.0, 22.39, 9999.0, 22.75, 22.52, 22.41, 22.48, 22.5
2026-09-08, 19:52:53, 22.45, 22.5, 22.77, 22.82, 9999.0, 9999.0, 9999.0, 23.91, 9999.0, 22.36, 9999.0, 22.75, 22.5, 22.41, 22.48, 22.5
2026-09-08, 19:52:57, 22.45, 22.5, 22.77, 22.8, 9999.0, 9999.0, 9999.0, 23.86, 9999.0, 22.34, 9999.0, 22.77, 22.5, 22.41, 22.48, 22.5
2026-09-08, 19:53:01, 22.45, 22.5, 22.77, 22.8, 9999.0, 9999.0, 9999.0, 23.82, 9999.0, 22.32, 9999.0, 22.8, 22.52, 22.41, 22.48, 22.5
2026-09-08, 19:53:05, 22.48, 22.5, 22.8, 22.8, 9999.0, 9999.0, 9999.0, 23.8, 9999.0, 22.32, 9999.0, 22.82, 22.52, 22.41, 22.48, 22.5
2026-09-08, 19:53:09, 22.45, 22.5, 22.8, 22.8, 9999.0, 9999.0, 9999.0, 23.75, 9999.0, 22.32, 9999.0, 22.82, 22.52, 22.41, 22.48, 22.5
2026-09-08, 19:53:13, 22.43, 22.5, 22.8, 22.8, 9999.0, 9999.0, 9999.0, 23.7, 9999.0, 22.34, 9999.0, 22.84, 22.52, 22.41, 22.48, 22.5
2026-09-08, 19:53:17, 22.43, 22.5, 22.8, 22.8, 9999.0, 9999.0, 9999.0, 23.68, 9999.0, 22.36, 9999.0, 22.86, 22.52, 22.41, 22.48, 22.5
2026-09-08, 19:53:21, 22.45, 22.5, 22.82, 22.8, 9999.0, 9999.0, 9999.0, 23.64, 9999.0, 22.41, 9999.0, 22.86, 22.55, 22.41, 22.5, 22.5
2026-09-08, 19:53:25, 22.45, 22.5, 22.82, 22.82, 9999.0, 9999.0, 9999.0, 23.61, 9999.0, 22.45, 9999.0, 22.86, 22.57, 22.39, 22.5, 22.5
2026-09-08, 19:53:29, 22.45, 22.5, 22.82, 22.82, 9999.0, 9999.0, 9999.0, 23.66, 9999.0, 22.5, 9999.0, 22.86, 22.59, 22.39, 22.5, 22.5
2026-09-08, 19:53:33, 22.45, 22.5, 22.84, 22.82, 9999.0, 9999.0, 9999.0, 23.7, 9999.0, 22.52, 9999.0, 22.86, 22.61, 22.41, 22.5, 22.5
2026-09-08, 19:53:37, 22.45, 22.5, 22.84, 22.8, 9999.0, 9999.0, 9999.0, 23.75, 9999.0, 22.55, 9999.0, 22.86, 22.61, 22.39, 22.5, 22.5
2026-09-08, 19:53:41, 22.45, 22.5, 22.86, 22.82, 9999.0, 9999.0, 9999.0, 23.77, 9999.0, 22.57, 9999.0, 22.84, 22.61, 22.41, 22.5, 22.5
2026-09-08, 19:53:45, 22.43, 22.5, 22.86, 22.84, 9999.0, 9999.0, 9999.0, 23.82, 9999.0, 22.59, 9999.0, 22.82, 22.61, 22.39, 22.5, 22.5
2026-09-08, 19:53:49, 22.43, 22.5, 22.84, 22.82, 9999.0, 9999.0, 9999.0, 23.84, 9999.0, 22.61, 9999.0, 22.8, 22.61, 22.41, 22.5, 22.5
2026-09-08, 19:53:53, 22.45, 22.5, 22.84, 22.84, 9999.0, 9999.0, 9999.0, 23.86, 9999.0, 22.61, 9999.0, 22.8, 22.61, 22.41, 22.5, 22.5
2026-09-08, 19:53:57, 22.48, 22.5, 22.84, 22.86, 9999.0, 9999.0, 9999.0, 23.91, 9999.0, 22.61, 9999.0, 22.75, 22.61, 22.39, 22.5, 22.5
2026-09-08, 19:54:01, 22.48, 22.5, 22.82, 22.86, 9999.0, 9999.0, 9999.0, 23.93, 9999.0, 22.59, 9999.0, 22.7, 22.61, 22.39, 22.5, 22.5
2026-09-08, 19:54:05, 22.48, 22.5, 22.8, 22.86, 9999.0, 9999.0, 9999.0, 23.98, 9999.0, 22.57, 9999.0, 22.7, 22.59, 22.36, 22.5, 22.5
2026-09-08, 19:54:09, 22.48, 22.5, 22.8, 22.86, 9999.0, 9999.0, 9999.0, 24.0, 9999.0, 22.55, 9999.0, 22.7, 22.57, 22.36, 22.5, 22.5
2026-09-08, 19:54:13, 22.48, 22.5, 22.8, 22.86, 9999.0, 9999.0, 9999.0, 23.95, 9999.0, 22.52, 9999.0, 22.73, 22.55, 22.34, 22.5, 22.48
2026-09-08, 19:54:17, 22.48, 22.5, 22.77, 22.86, 9999.0, 9999.0, 9999.0, 23.91, 9999.0, 22.5, 9999.0, 22.75, 22.55, 22.34, 22.5, 22.48
2026-09-08, 19:54:21, 22.45, 22.5, 22.77, 22.86, 9999.0, 9999.0, 9999.0, 23.86, 9999.0, 22.5, 9999.0, 22.77, 22.55, 22.36, 22.5, 22.48
2026-09-08, 19:54:25, 22.43, 22.5, 22.75, 22.86, 9999.0, 9999.0, 9999.0, 23.82, 9999.0, 22.52, 9999.0, 22.8, 22.55, 22.36, 22.5, 22.45
2026-09-08, 19:54:29, 22.45, 22.5, 22.77, 22.84, 9999.0, 9999.0, 9999.0, 23.77, 9999.0, 22.52, 9999.0, 22.82, 22.52, 22.39, 22.5, 22.45
2026-09-08, 19:54:33, 22.45, 22.5, 22.77, 22.84, 9999.0, 9999.0, 9999.0, 23.73, 9999.0, 22.55, 9999.0, 22.82, 22.52, 22.39, 22.5, 22.45
2026-09-08, 19:54:37, 22.45, 22.5, 22.77, 22.84, 9999.0, 9999.0, 9999.0, 23.7, 9999.0, 22.57, 9999.0, 22.84, 22.55, 22.36, 22.5, 22.45
2026-09-08, 19:54:41, 22.43, 22.5, 22.77, 22.82, 9999.0, 9999.0, 9999.0, 23.66, 9999.0, 22.59, 9999.0, 22.86, 22.57, 22.39, 22.5, 22.45
2026-09-08, 19:54:45, 22.43, 22.5, 22.77, 22.82, 9999.0, 9999.0, 9999.0, 23.64, 9999.0, 22.61, 9999.0, 22.91, 22.57, 22.41, 22.5, 22.45
2026-09-08, 19:54:49, 22.43, 22.5, 22.77, 22.84, 9999.0, 9999.0, 9999.0, 23.66, 9999.0, 22.64, 9999.0, 22.91, 22.57, 22.41, 22.5, 22.45
2026-09-08, 19:54:53, 22.43, 22.5, 22.77, 22.82, 9999.0, 9999.0, 9999.0, 23.7, 9999.0, 22.66, 9999.0, 22.91, 22.57, 22.43, 22.5, 22.45
2026-09-08, 19:54:57, 22.43, 22.5, 22.77, 22.84, 9999.0, 9999.0, 9999.0, 23.75, 9999.0, 22.66, 9999.0, 22.89, 22.57, 22.43, 22.5, 22.48
2026-09-08, 19:55:01, 22.41, 22.5, 22.77, 22.84, 9999.0, 9999.0, 9999.0, 23.77, 9999.0, 22.66, 9999.0, 22.86, 22.55, 22.41, 22.5, 22.48
2026-09-08, 19:55:05, 22.43, 22.5, 22.8, 22.84, 9999.0, 9999.0, 9999.0, 23.8, 9999.0, 22.66, 9999.0, 22.84, 22.55, 22.41, 22.5, 22.48
2026-09-08, 19:55:09, 22.45, 22.5, 22.8, 22.84, 9999.0, 9999.0, 9999.0, 23.84, 9999.0, 22.64, 9999.0, 22.82, 22.55, 22.39, 22.48, 22.5
2026-09-08, 19:55:13, 22.45, 22.5, 22.8, 22.86, 9999.0, 9999.0, 9999.0, 23.89, 9999.0, 22.64, 9999.0, 22.77, 22.55, 22.36, 22.48, 22.5
2026-09-08, 19:55:17, 22.45, 22.5, 22.8, 22.86, 9999.0, 9999.0, 9999.0, 23.93, 9999.0, 22.61, 9999.0, 22.77, 22.55, 22.36, 22.48, 22.5
2026-09-08, 19:55:21, 22.45, 22.5, 22.8, 22.84, 9999.0, 9999.0, 9999.0, 23.98, 9999.0, 22.59, 9999.0, 22.75, 22.52, 22.36, 22.45, 22.5
2026-09-08, 19:55:25, 22.48, 22.5, 22.82, 22.84, 9999.0, 9999.0, 9999.0, 24.02, 9999.0, 22.57, 9999.0, 22.75, 22.5, 22.36, 22.45, 22.48
2026-09-08, 19:55:29, 22.48, 22.5, 22.82, 22.84, 9999.0, 9999.0, 9999.0, 24.05, 9999.0, 22.55, 9999.0, 22.73, 22.5, 22.34, 22.43, 22.48
2026-09-08, 19:55:33, 22.48, 22.5, 22.82, 22.82, 9999.0, 9999.0, 9999.0, 24.0, 9999.0, 22.52, 9999.0, 22.75, 22.5, 22.36, 22.43, 22.48
2026-09-08, 19:55:37, 22.48, 22.5, 22.82, 22.82, 9999.0, 9999.0, 9999.0, 23.95, 9999.0, 22.5, 9999.0, 22.77, 22.5, 22.36, 22.43, 22.48
2026-09-08, 19:55:41, 22.48, 22.5, 22.82, 22.8, 9999.0, 9999.0, 9999.0, 23.91, 9999.0, 22.5, 9999.0, 22.8, 22.52, 22.36, 22.43, 22.48
2026-09-08, 19:55:45, 22.48, 22.5, 22.84, 22.8, 9999.0, 9999.0, 9999.0, 23.89, 9999.0, 22.52, 9999.0, 22.8, 22.52, 22.36, 22.43, 22.48
2026-09-08, 19:55:49, 22.48, 22.5, 22.82, 22.82, 9999.0, 9999.0, 9999.0, 23.86, 9999.0, 22.52, 9999.0, 22.82, 22.52, 22.36, 22.43, 22.45
2026-09-08, 19:55:53, 22.45, 22.5, 22.84, 22.8, 9999.0, 9999.0, 9999.0, 23.82, 9999.0, 22.55, 9999.0, 22.82, 22.55, 22.39, 22.45, 22.45
2026-09-08, 19:55:57, 22.45, 22.5, 22.82, 22.77, 9999.0, 9999.0, 9999.0, 23.77, 9999.0, 22.57, 9999.0, 22.84, 22.55, 22.41, 22.45, 22.45
2026-09-08, 19:56:01, 22.45, 22.5, 22.82, 22.77, 9999.0, 9999.0, 9999.0, 23.73, 9999.0, 22.59, 9999.0, 22.84, 22.57, 22.39, 22.45, 22.45
2026-09-08, 19:56:05, 22.45, 22.5, 22.82, 22.77, 9999.0, 9999.0, 9999.0, 23.75, 9999.0, 22.61, 9999.0, 22.84, 22.59, 22.39, 22.48, 22.45
2026-09-08, 19:56:09, 22.43, 22.5, 22.8, 22.77, 9999.0, 9999.0, 9999.0, 23.77, 9999.0, 22.64, 9999.0, 22.84, 22.59, 22.36, 22.48, 22.48
2026-09-08, 19:56:13, 22.43, 22.5, 22.8, 22.77, 9999.0, 9999.0, 9999.0, 23.8, 9999.0, 22.66, 9999.0, 22.84, 22.59, 22.36, 22.5, 22.48
2026-09-08, 19:56:17, 22.43, 22.5, 22.8, 22.77, 9999.0, 9999.0, 9999.0, 23.82, 9999.0, 22.68, 9999.0, 22.82, 22.59, 22.34, 22.5, 22.48
2026-09-08, 19:56:21, 22.41, 22.5, 22.8, 22.77, 9999.0, 9999.0, 9999.0, 23.84, 9999.0, 22.7, 9999.0, 22.8, 22.61, 22.32, 22.5, 22.48
2026-09-08, 19:56:25, 22.41, 22.5, 22.8, 22.77, 9999.0, 9999.0, 9999.0, 23.86, 9999.0, 22.73, 9999.0, 22.77, 22.59, 22.32, 22.5, 22.48
2026-09-08, 19:56:29, 22.43, 22.5, 22.77, 22.77, 9999.0, 9999.0, 9999.0, 23.89, 9999.0, 22.73, 9999.0, 22.77, 22.59, 22.32, 22.5, 22.48
2026-09-08, 19:56:33, 22.43, 22.5, 22.77, 22.75, 9999.0, 9999.0, 9999.0, 23.91, 9999.0, 22.73, 9999.0, 22.73, 22.59, 22.32, 22.5, 22.5
2026-09-08, 19:56:38, 22.45, 22.5, 22.75, 22.75, 9999.0, 9999.0, 9999.0, 23.95, 9999.0, 22.7, 9999.0, 22.73, 22.57, 22.3, 22.5, 22.5
2026-09-08, 19:56:42, 22.45, 22.5, 22.75, 22.75, 9999.0, 9999.0, 9999.0, 24.0, 9999.0, 22.68, 9999.0, 22.73, 22.57, 22.27, 22.48, 22.5
2026-09-08, 19:56:46, 22.45, 22.5, 22.75, 22.77, 9999.0, 9999.0, 9999.0, 24.05, 9999.0, 22.66, 9999.0, 22.73, 22.55, 22.27, 22.48, 22.5
2026-09-08, 19:56:50, 22.43, 22.5, 22.75, 22.77, 9999.0, 9999.0, 9999.0, 24.0, 9999.0, 22.64, 9999.0, 22.75, 22.52, 22.3, 22.48, 22.5
2026-09-08, 19:56:54, 22.45, 22.5, 22.75, 22.77, 9999.0, 9999.0, 9999.0, 23.95, 9999.0, 22.61, 9999.0, 22.77, 22.52, 22.3, 22.48, 22.5
2026-09-08, 19:56:58, 22.45, 22.5, 22.75, 22.77, 9999.0, 9999.0, 9999.0, 23.93, 9999.0, 22.59, 9999.0, 22.8, 22.52, 22.3, 22.48, 22.5
2026-09-08, 19:57:02, 22.43, 22.5, 22.75, 22.77, 9999.0, 9999.0, 9999.0, 23.91, 9999.0, 22.59, 9999.0, 22.82, 22.52, 22.3, 22.48, 22.5
2026-09-08, 19:57:06, 22.43, 22.5, 22.75, 22.77, 9999.0, 9999.0, 9999.0, 23.89, 9999.0, 22.59, 9999.0, 22.84, 22.5, 22.3, 22.48, 22.5
2026-09-08, 19:57:10, 22.43, 22.5, 22.75, 22.77, 9999.0, 9999.0, 9999.0, 23.86, 9999.0, 22.59, 9999.0, 22.84, 22.5, 22.3, 22.48, 22.5
2026-09-08, 19:57:14, 22.43, 22.5, 22.75, 22.77, 9999.0, 9999.0, 9999.0, 23.82, 9999.0, 22.59, 9999.0, 22.86, 22.5, 22.3, 22.48, 22.5
2026-09-08, 19:57:18, 22.43, 22.5, 22.75, 22.77, 9999.0, 9999.0, 9999.0, 23.77, 9999.0, 22.64, 9999.0, 22.89, 22.52, 22.3, 22.48, 22.5
2026-09-08, 19:57:22, 22.43, 22.5, 22.75, 22.8, 9999.0, 9999.0, 9999.0, 23.8, 9999.0, 22.66, 9999.0, 22.89, 22.52, 22.32, 22.48, 22.5
2026-09-08, 19:57:26, 22.43, 22.5, 22.75, 22.82, 9999.0, 9999.0, 9999.0, 23.82, 9999.0, 22.68, 9999.0, 22.89, 22.52, 22.32, 22.48, 22.5
2026-09-08, 19:57:30, 22.43, 22.5, 22.75, 22.8, 9999.0, 9999.0, 9999.0, 23.84, 9999.0, 22.7, 9999.0, 22.89, 22.52, 22.34, 22.48, 22.5
2026-09-08, 19:57:34, 22.45, 22.5, 22.75, 22.8, 9999.0, 9999.0, 9999.0, 23.86, 9999.0, 22.73, 9999.0, 22.86, 22.52, 22.32, 22.48, 22.5
2026-09-08, 19:57:38, 22.45, 22.5, 22.75, 22.8, 9999.0, 9999.0, 9999.0, 23.89, 9999.0, 22.75, 9999.0, 22.84, 22.52, 22.32, 22.48, 22.5
2026-09-08, 19:57:42, 22.45, 22.5, 22.75, 22.8, 9999.0, 9999.0, 9999.0, 23.91, 9999.0, 22.77, 9999.0, 22.82, 22.52, 22.32, 22.48, 22.5
2026-09-08, 19:57:46, 22.45, 22.5, 22.75, 22.8, 9999.0, 9999.0, 9999.0, 23.95, 9999.0, 22.77, 9999.0, 22.8, 22.52, 22.32, 22.48, 22.5
2026-09-08, 19:57:50, 22.48, 22.5, 22.75, 22.8, 9999.0, 9999.0, 9999.0, 23.98, 9999.0, 22.77, 9999.0, 22.77, 22.52, 22.34, 22.48, 22.5
2026-09-08, 19:57:54, 22.48, 22.5, 22.75, 22.8, 9999.0, 9999.0, 9999.0, 24.0, 9999.0, 22.77, 9999.0, 22.77, 22.52, 22.34, 22.48, 22.5
2026-09-08, 19:57:58, 22.48, 22.5, 22.75, 22.8, 9999.0, 9999.0, 9999.0, 24.05, 9999.0, 22.77, 9999.0, 22.75, 22.52, 22.36, 22.48, 22.5
2026-09-08, 19:58:02, 22.48, 22.5, 22.75, 22.8, 9999.0, 9999.0, 9999.0, 24.09, 9999.0, 22.75, 9999.0, 22.75, 22.5, 22.34, 22.48, 22.5
2026-09-08, 19:58:06, 22.48, 22.5, 22.75, 22.77, 9999.0, 9999.0, 9999.0, 24.07, 9999.0, 22.75, 9999.0, 22.75, 22.5, 22.34, 22.48, 22.5
2026-09-08, 19:58:10, 22.48, 22.5, 22.75, 22.75, 9999.0, 9999.0, 9999.0, 24.02, 9999.0, 22.75, 9999.0, 22.77, 22.5, 22.34, 22.5, 22.5
2026-09-08, 19:58:14, 22.48, 22.5, 22.75, 22.75, 9999.0, 9999.0, 9999.0, 23.98, 9999.0, 22.73, 9999.0, 22.8, 22.5, 22.32, 22.5, 22.5
2026-09-08, 19:58:18, 22.45, 22.5, 22.75, 22.75, 9999.0, 9999.0, 9999.0, 23.95, 9999.0, 22.73, 9999.0, 22.8, 22.52, 22.32, 22.5, 22.5
2026-09-08, 19:58:22, 22.45, 22.5, 22.75, 22.75, 9999.0, 9999.0, 9999.0, 23.93, 9999.0, 22.73, 9999.0, 22.8, 22.52, 22.32, 22.5, 22.5
2026-09-08, 19:58:26, 22.43, 22.5, 22.75, 22.75, 9999.0, 9999.0, 9999.0, 23.91, 9999.0, 22.73, 9999.0, 22.8, 22.55, 22.32, 22.5, 22.5
2026-09-08, 19:58:30, 22.45, 22.5, 22.75, 22.75, 9999.0, 9999.0, 9999.0, 23.86, 9999.0, 22.75, 9999.0, 22.8, 22.55, 22.34, 22.5, 22.5
2026-09-08, 19:58:34, 22.45, 22.5, 22.75, 22.75, 9999.0, 9999.0, 9999.0, 23.84, 9999.0, 22.77, 9999.0, 22.8, 22.55, 22.34, 22.5, 22.5
2026-09-08, 19:58:38, 22.45, 22.5, 22.75, 22.75, 9999.0, 9999.0, 9999.0, 23.89, 9999.0, 22.8, 9999.0, 22.8, 22.55, 22.36, 22.5, 22.5
2026-09-08, 19:58:42, 22.45, 22.5, 22.75, 22.75, 9999.0, 9999.0, 9999.0, 23.91, 9999.0, 22.8, 9999.0, 22.8, 22.55, 22.34, 22.48, 22.5
2026-09-08, 19:58:46, 22.45, 22.5, 22.75, 22.75, 9999.0, 9999.0, 9999.0, 23.93, 9999.0, 22.8, 9999.0, 22.8, 22.55, 22.34, 22.45, 22.5
2026-09-08, 19:58:50, 22.45, 22.5, 22.75, 22.75, 9999.0, 9999.0, 9999.0, 23.95, 9999.0, 22.8, 9999.0, 22.8, 22.55, 22.34, 22.45, 22.5
2026-09-08, 19:58:54, 22.45, 22.5, 22.75, 22.75, 9999.0, 9999.0, 9999.0, 24.0, 9999.0, 22.8, 9999.0, 22.77, 22.55, 22.34, 22.43, 22.48
2026-09-08, 19:58:58, 22.45, 22.5, 22.75, 22.75, 9999.0, 9999.0, 9999.0, 24.02, 9999.0, 22.82, 9999.0, 22.75, 22.55, 22.34, 22.43, 22.45
2026-09-08, 19:59:02, 22.45, 22.5, 22.75, 22.75, 9999.0, 9999.0, 9999.0, 24.07, 9999.0, 22.82, 9999.0, 22.75, 22.52, 22.34, 22.41, 22.45
2026-09-08, 19:59:06, 22.45, 22.5, 22.75, 22.75, 9999.0, 9999.0, 9999.0, 24.09, 9999.0, 22.82, 9999.0, 22.75, 22.52, 22.34, 22.41, 22.45
2026-09-08, 19:59:10, 22.48, 22.5, 22.75, 22.75, 9999.0, 9999.0, 9999.0, 24.14, 9999.0, 22.82, 9999.0, 22.75, 22.5, 22.34, 22.41, 22.45
2026-09-08, 19:59:14, 22.48, 22.5, 22.75, 22.75, 9999.0, 9999.0, 9999.0, 24.16, 9999.0, 22.8, 9999.0, 22.75, 22.5, 22.32, 22.41, 22.43
2026-09-08, 19:59:18, 22.48, 22.5, 22.75, 22.75, 9999.0, 9999.0, 9999.0, 24.18, 9999.0, 22.77, 9999.0, 22.75, 22.5, 22.3, 22.41, 22.41
2026-09-08, 19:59:22, 22.48, 22.5, 22.75, 22.75, 9999.0, 9999.0, 9999.0, 24.14, 9999.0, 22.75, 9999.0, 22.75, 22.5, 22.27, 22.39, 22.41
2026-09-08, 19:59:26, 22.45, 22.5, 22.75, 22.75, 9999.0, 9999.0, 9999.0, 24.11, 9999.0, 22.75, 9999.0, 22.77, 22.5, 22.3, 22.41, 22.39
2026-09-08, 19:59:30, 22.45, 22.5, 22.75, 22.75, 9999.0, 9999.0, 9999.0, 24.07, 9999.0, 22.75, 9999.0, 22.8, 22.5, 22.3, 22.43, 22.39
2026-09-08, 19:59:34, 22.45, 22.5, 22.75, 22.75, 9999.0, 9999.0, 9999.0, 24.02, 9999.0, 22.75, 9999.0, 22.82, 22.5, 22.27, 22.43, 22.39
2026-09-08, 19:59:38, 22.45, 22.5, 22.75, 22.75, 9999.0, 9999.0, 9999.0, 23.98, 9999.0, 22.75, 9999.0, 22.82, 22.5, 22.27, 22.45, 22.41
2026-09-08, 19:59:42, 22.43, 22.5, 22.75, 22.75, 9999.0, 9999.0, 9999.0, 23.95, 9999.0, 22.75, 9999.0, 22.82, 22.5, 22.27, 22.43, 22.43
2026-09-08, 19:59:46, 22.45, 22.5, 22.75, 22.75, 9999.0, 9999.0, 9999.0, 23.91, 9999.0, 22.77, 9999.0, 22.82, 22.52, 22.27, 22.45, 22.41
2026-09-08, 19:59:50, 22.45, 22.5, 22.75, 22.75, 9999.0, 9999.0, 9999.0, 23.89, 9999.0, 22.8, 9999.0, 22.82, 22.52, 22.27, 22.45, 22.39
2026-09-08, 19:59:54, 22.45, 22.5, 22.75, 22.75, 9999.0, 9999.0, 9999.0, 23.84, 9999.0, 22.8, 9999.0, 22.82, 22.52, 22.27, 22.45, 22.36
2026-09-08, 19:59:58, 22.45, 22.5, 22.75, 22.75, 9999.0, 9999.0, 9999.0, 23.89, 9999.0, 22.82, 9999.0, 22.82, 22.52, 22.3, 22.45, 22.36
2026-09-08, 20:00:02, 22.45, 22.5, 22.75, 22.75, 9999.0, 9999.0, 9999.0, 23.91, 9999.0, 22.82, 9999.0, 22.82, 22.52, 22.3, 22.45, 22.39
2026-09-08, 20:00:06, 22.43, 22.5, 22.75, 22.75, 9999.0, 9999.0, 9999.0, 23.93, 9999.0, 22.82, 9999.0, 22.82, 22.52, 22.32, 22.45, 22.39
2026-09-08, 20:00:10, 22.45, 22.5, 22.75, 22.75, 9999.0, 9999.0, 9999.0, 23.95, 9999.0, 22.82, 9999.0, 22.8, 22.52, 22.3, 22.45, 22.41
2026-09-08, 20:00:14, 22.45, 22.5, 22.75, 22.75, 9999.0, 9999.0, 9999.0, 23.98, 9999.0, 22.82, 9999.0, 22.77, 22.52, 22.3, 22.45, 22.41
2026-09-08, 20:00:18, 22.45, 22.5, 22.75, 22.75, 9999.0, 9999.0, 9999.0, 24.0, 9999.0, 22.82, 9999.0, 22.75, 22.52, 22.3, 22.45, 22.41
2026-09-08, 20:00:23, 22.43, 22.5, 22.75, 22.75, 9999.0, 9999.0, 9999.0, 24.02, 9999.0, 22.82, 9999.0, 22.75, 22.52, 22.3, 22.45, 22.39
2026-09-08, 20:00:27, 22.45, 22.5, 22.75, 22.75, 9999.0, 9999.0, 9999.0, 24.05, 9999.0, 22.82, 9999.0, 22.73, 22.52, 22.3, 22.48, 22.36
2026-09-08, 20:00:31, 22.45, 22.5, 22.75, 22.75, 9999.0, 9999.0, 9999.0, 24.07, 9999.0, 22.8, 9999.0, 22.73, 22.5, 22.3, 22.48, 22.36
2026-09-08, 20:00:35, 22.45, 22.5, 22.75, 22.75, 9999.0, 9999.0, 9999.0, 24.09, 9999.0, 22.75, 9999.0, 22.73, 22.5, 22.3, 22.45, 22.39
2026-09-08, 20:00:39, 22.43, 22.5, 22.75, 22.75, 9999.0, 9999.0, 9999.0, 24.11, 9999.0, 22.73, 9999.0, 22.73, 22.5, 22.3, 22.45, 22.39
2026-09-08, 20:00:43, 22.43, 22.5, 22.75, 22.75, 9999.0, 9999.0, 9999.0, 24.07, 9999.0, 22.68, 9999.0, 22.75, 22.5, 22.27, 22.45, 22.41
2026-09-08, 20:00:47, 22.43, 22.5, 22.75, 22.75, 9999.0, 9999.0, 9999.0, 24.02, 9999.0, 22.66, 9999.0, 22.77, 22.5, 22.3, 22.43, 22.41
2026-09-08, 20:00:51, 22.43, 22.5, 22.75, 22.75, 9999.0, 9999.0, 9999.0, 23.98, 9999.0, 22.64, 9999.0, 22.8, 22.5, 22.27, 22.45, 22.39
2026-09-08, 20:00:55, 22.43, 22.5, 22.75, 22.75, 9999.0, 9999.0, 9999.0, 23.93, 9999.0, 22.64, 9999.0, 22.8, 22.5, 22.3, 22.45, 22.36
2026-09-08, 20:00:59, 22.43, 22.5, 22.75, 22.75, 9999.0, 9999.0, 9999.0, 23.91, 9999.0, 22.64, 9999.0, 22.8, 22.5, 22.3, 22.45, 22.36
2026-09-08, 20:01:03, 22.43, 22.5, 22.75, 22.75, 9999.0, 9999.0, 9999.0, 23.89, 9999.0, 22.64, 9999.0, 22.8, 22.5, 22.3, 22.43, 22.34
2026-09-08, 20:01:07, 22.45, 22.5, 22.75, 22.75, 9999.0, 9999.0, 9999.0, 23.86, 9999.0, 22.66, 9999.0, 22.8, 22.5, 22.3, 22.43, 22.34
2026-09-08, 20:01:11, 22.43, 22.5, 22.75, 22.75, 9999.0, 9999.0, 9999.0, 23.82, 9999.0, 22.66, 9999.0, 22.82, 22.5, 22.3, 22.43, 22.36
2026-09-08, 20:01:15, 22.43, 22.5, 22.75, 22.75, 9999.0, 9999.0, 9999.0, 23.84, 9999.0, 22.66, 9999.0, 22.82, 22.5, 22.3, 22.43, 22.36
2026-09-08, 20:01:19, 22.43, 22.5, 22.75, 22.75, 9999.0, 9999.0, 9999.0, 23.86, 9999.0, 22.68, 9999.0, 22.82, 22.52, 22.3, 22.45, 22.36
2026-09-08, 20:01:23, 22.43, 22.5, 22.75, 22.75, 9999.0, 9999.0, 9999.0, 23.89, 9999.0, 22.7, 9999.0, 22.82, 22.52, 22.3, 22.45, 22.39
2026-09-08, 20:01:27, 22.43, 22.5, 22.75, 22.75, 9999.0, 9999.0, 9999.0, 23.91, 9999.0, 22.73, 9999.0, 22.8, 22.52, 22.3, 22.45, 22.36
2026-09-08, 20:01:31, 22.41, 22.5, 22.75, 22.75, 9999.0, 9999.0, 9999.0, 23.95, 9999.0, 22.75, 9999.0, 22.77, 22.52, 22.27, 22.48, 22.34
2026-09-08, 20:01:35, 22.41, 22.5, 22.75, 22.75, 9999.0, 9999.0, 9999.0, 24.0, 9999.0, 22.77, 9999.0, 22.75, 22.52, 22.3, 22.48, 22.34
2026-09-08, 20:01:39, 22.41, 22.5, 22.75, 22.75, 9999.0, 9999.0, 9999.0, 24.05, 9999.0, 22.77, 9999.0, 22.75, 22.52, 22.27, 22.48, 22.36
2026-09-08, 20:01:43, 22.41, 22.5, 22.75, 22.75, 9999.0, 9999.0, 9999.0, 24.07, 9999.0, 22.77, 9999.0, 22.75, 22.52, 22.27, 22.48, 22.36
2026-09-08, 20:01:47, 22.41, 22.5, 22.75, 22.75, 9999.0, 9999.0, 9999.0, 24.09, 9999.0, 22.75, 9999.0, 22.73, 22.52, 22.27, 22.48, 22.39
2026-09-08, 20:01:51, 22.39, 22.5, 22.75, 22.75, 9999.0, 9999.0, 9999.0, 24.11, 9999.0, 22.73, 9999.0, 22.73, 22.52, 22.27, 22.45, 22.39
2026-09-08, 20:01:55, 22.41, 22.5, 22.75, 22.75, 9999.0, 9999.0, 9999.0, 24.16, 9999.0, 22.73, 9999.0, 22.73, 22.52, 22.27, 22.45, 22.36
2026-09-08, 20:01:59, 22.41, 22.5, 22.75, 22.75, 9999.0, 9999.0, 9999.0, 24.14, 9999.0, 22.7, 9999.0, 22.73, 22.52, 22.27, 22.43, 22.39
2026-09-08, 20:02:03, 22.39, 22.5, 22.75, 22.75, 9999.0, 9999.0, 9999.0, 24.09, 9999.0, 22.68, 9999.0, 22.75, 22.5, 22.3, 22.41, 22.39
2026-09-08, 20:02:07, 22.41, 22.5, 22.75, 22.75, 9999.0, 9999.0, 9999.0, 24.07, 9999.0, 22.68, 9999.0, 22.77, 22.5, 22.32, 22.39, 22.36
2026-09-08, 20:02:11, 22.41, 22.5, 22.75, 22.75, 9999.0, 9999.0, 9999.0, 24.02, 9999.0, 22.66, 9999.0, 22.8, 22.5, 22.32, 22.39, 22.36
2026-09-08, 20:02:15, 22.43, 22.5, 22.75, 22.75, 9999.0, 9999.0, 9999.0, 23.98, 9999.0, 22.66, 9999.0, 22.82, 22.5, 22.34, 22.39, 22.36
2026-09-08, 20:02:19, 22.45, 22.5, 22.75, 22.75, 9999.0, 9999.0, 9999.0, 23.93, 9999.0, 22.66, 9999.0, 22.82, 22.5, 22.32, 22.39, 22.36
2026-09-08, 20:02:23, 22.45, 22.5, 22.75, 22.75, 9999.0, 9999.0, 9999.0, 23.89, 9999.0, 22.66, 9999.0, 22.84, 22.5, 22.32, 22.39, 22.34
2026-09-08, 20:02:27, 22.45, 22.5, 22.75, 22.75, 9999.0, 9999.0, 9999.0, 23.86, 9999.0, 22.66, 9999.0, 22.84, 22.5, 22.34, 22.39, 22.32
2026-09-08, 20:02:31, 22.43, 22.5, 22.75, 22.75, 9999.0, 9999.0, 9999.0, 23.84, 9999.0, 22.68, 9999.0, 22.86, 22.5, 22.34, 22.39, 22.3
2026-09-08, 20:02:35, 22.45, 22.5, 22.75, 22.75, 9999.0, 9999.0, 9999.0, 23.89, 9999.0, 22.68, 9999.0, 22.86, 22.5, 22.34, 22.41, 22.3
2026-09-08, 20:02:39, 22.45, 22.5, 22.75, 22.75, 9999.0, 9999.0, 9999.0, 23.91, 9999.0, 22.68, 9999.0, 22.86, 22.5, 22.36, 22.39, 22.32
2026-09-08, 20:02:43, 22.45, 22.5, 22.75, 22.75, 9999.0, 9999.0, 9999.0, 23.93, 9999.0, 22.7, 9999.0, 22.86, 22.5, 22.36, 22.39, 22.32
2026-09-08, 20:02:47, 22.48, 22.5, 22.75, 22.75, 9999.0, 9999.0, 9999.0, 23.98, 9999.0, 22.73, 9999.0, 22.84, 22.5, 22.36, 22.39, 22.32
2026-09-08, 20:02:51, 22.45, 22.5, 22.75, 22.75, 9999.0, 9999.0, 9999.0, 23.98, 9999.0, 22.7, 9999.0, 22.82, 22.5, 22.34, 22.39, 22.32
2026-09-08, 20:02:55, 22.43, 22.5, 22.75, 22.75, 9999.0, 9999.0, 9999.0, 24.0, 9999.0, 22.73, 9999.0, 22.8, 22.5, 22.34, 22.39, 22.32
2026-09-08, 20:02:59, 22.43, 22.5, 22.75, 22.75, 9999.0, 9999.0, 9999.0, 24.02, 9999.0, 22.7, 9999.0, 22.77, 22.5, 22.32, 22.36, 22.32
2026-09-08, 20:03:03, 22.43, 22.5, 22.75, 22.75, 9999.0, 9999.0, 9999.0, 24.05, 9999.0, 22.68, 9999.0, 22.75, 22.5, 22.32, 22.34, 22.32
2026-09-08, 20:03:07, 22.41, 22.5, 22.75, 22.75, 9999.0, 9999.0, 9999.0, 24.07, 9999.0, 22.66, 9999.0, 22.7, 22.5, 22.32, 22.32, 22.32
2026-09-08, 20:03:11, 22.39, 22.5, 22.75, 22.75, 9999.0, 9999.0, 9999.0, 24.09, 9999.0, 22.64, 9999.0, 22.7, 22.5, 22.3, 22.32, 22.32
2026-09-08, 20:03:15, 22.41, 22.5, 22.75, 22.75, 9999.0, 9999.0, 9999.0, 24.11, 9999.0, 22.61, 9999.0, 22.7, 22.5, 22.3, 22.34, 22.32
2026-09-08, 20:03:19, 22.39, 22.5, 22.75, 22.75, 9999.0, 9999.0, 9999.0, 24.07, 9999.0, 22.59, 9999.0, 22.7, 22.5, 22.3, 22.34, 22.34
2026-09-08, 20:03:23, 22.36, 22.5, 22.75, 22.75, 9999.0, 9999.0, 9999.0, 24.02, 9999.0, 22.57, 9999.0, 22.73, 22.5, 22.27, 22.34, 22.32
2026-09-08, 20:03:27, 22.34, 22.5, 22.75, 22.75, 9999.0, 9999.0, 9999.0, 23.98, 9999.0, 22.55, 9999.0, 22.75, 22.5, 22.27, 22.36, 22.3
2026-09-08, 20:03:31, 22.32, 22.5, 22.75, 22.75, 9999.0, 9999.0, 9999.0, 23.93, 9999.0, 22.52, 9999.0, 22.75, 22.5, 22.27, 22.36, 22.3
2026-09-08, 20:03:35, 22.32, 22.5, 22.75, 22.75, 9999.0, 9999.0, 9999.0, 23.91, 9999.0, 22.52, 9999.0, 22.75, 22.5, 22.3, 22.39, 22.32
2026-09-08, 20:03:39, 22.34, 22.5, 22.75, 22.75, 9999.0, 9999.0, 9999.0, 23.89, 9999.0, 22.5, 9999.0, 22.75, 22.5, 22.3, 22.39, 22.34
2026-09-08, 20:03:43, 22.32, 22.5, 22.75, 22.75, 9999.0, 9999.0, 9999.0, 23.84, 9999.0, 22.52, 9999.0, 22.75, 22.5, 22.3, 22.41, 22.34
2026-09-08, 20:03:47, 22.32, 22.5, 22.75, 22.75, 9999.0, 9999.0, 9999.0, 23.8, 9999.0, 22.55, 9999.0, 22.77, 22.52, 22.3, 22.41, 22.36
2026-09-08, 20:03:51, 22.32, 22.5, 22.75, 22.75, 9999.0, 9999.0, 9999.0, 23.84, 9999.0, 22.57, 9999.0, 22.8, 22.52, 22.3, 22.41, 22.36
2026-09-08, 20:03:55, 22.34, 22.5, 22.75, 22.75, 9999.0, 9999.0, 9999.0, 23.89, 9999.0, 22.59, 9999.0, 22.8, 22.52, 22.3, 22.39, 22.36
2026-09-08, 20:03:59, 22.32, 22.5, 22.75, 22.75, 9999.0, 9999.0, 9999.0, 23.93, 9999.0, 22.61, 9999.0, 22.8, 22.52, 22.3, 22.39, 22.36
2026-09-08, 20:04:03, 22.34, 22.5, 22.75, 22.75, 9999.0, 9999.0, 9999.0, 23.95, 9999.0, 22.61, 9999.0, 22.8, 22.52, 22.3, 22.39, 22.34
2026-09-08, 20:04:07, 22.36, 22.5, 22.75, 22.75, 9999.0, 9999.0, 9999.0, 24.0, 9999.0, 22.61, 9999.0, 22.77, 22.52, 22.3, 22.39, 22.34
2026-09-08, 20:04:12, 22.39, 22.5, 22.75, 22.75, 9999.0, 9999.0, 9999.0, 24.02, 9999.0, 22.61, 9999.0, 22.75, 22.52, 22.3, 22.36, 22.34
2026-09-08, 20:04:16, 22.39, 22.5, 22.75, 22.75, 9999.0, 9999.0, 9999.0, 24.05, 9999.0, 22.61, 9999.0, 22.75, 22.52, 22.27, 22.39, 22.32
2026-09-08, 20:04:20, 22.39, 22.5, 22.75, 22.75, 9999.0, 9999.0, 9999.0, 24.07, 9999.0, 22.61, 9999.0, 22.73, 22.52, 22.25, 22.36, 22.3
2026-09-08, 20:04:24, 22.36, 22.5, 22.75, 22.75, 9999.0, 9999.0, 9999.0, 24.09, 9999.0, 22.59, 9999.0, 22.73, 22.52, 22.25, 22.34, 22.27
2026-09-08, 20:04:28, 22.36, 22.5, 22.75, 22.75, 9999.0, 9999.0, 9999.0, 24.14, 9999.0, 22.55, 9999.0, 22.73, 22.52, 22.25, 22.32, 22.27
2026-09-08, 20:04:32, 22.36, 22.5, 22.75, 22.75, 9999.0, 9999.0, 9999.0, 24.18, 9999.0, 22.5, 9999.0, 22.73, 22.5, 22.25, 22.32, 22.27
2026-09-08, 20:04:36, 22.39, 22.5, 22.75, 22.75, 9999.0, 9999.0, 9999.0, 24.11, 9999.0, 22.45, 9999.0, 22.73, 22.5, 22.25, 22.34, 22.27
2026-09-08, 20:04:40, 22.36, 22.5, 22.75, 22.75, 9999.0, 9999.0, 9999.0, 24.05, 9999.0, 22.41, 9999.0, 22.75, 22.5, 22.27, 22.36, 22.3
2026-09-08, 20:04:44, 22.39, 22.5, 22.75, 22.75, 9999.0, 9999.0, 9999.0, 23.98, 9999.0, 22.36, 9999.0, 22.77, 22.5, 22.27, 22.36, 22.32
2026-09-08, 20:04:48, 22.39, 22.5, 22.75, 22.75, 9999.0, 9999.0, 9999.0, 23.93, 9999.0, 22.34, 9999.0, 22.8, 22.5, 22.27, 22.36, 22.32
2026-09-08, 20:04:52, 22.39, 22.5, 22.75, 22.75, 9999.0, 9999.0, 9999.0, 23.89, 9999.0, 22.34, 9999.0, 22.82, 22.5, 22.27, 22.39, 22.32
2026-09-08, 20:04:56, 22.39, 22.5, 22.75, 22.75, 9999.0, 9999.0, 9999.0, 23.86, 9999.0, 22.34, 9999.0, 22.82, 22.5, 22.27, 22.41, 22.34
2026-09-08, 20:05:00, 22.39, 22.5, 22.75, 22.75, 9999.0, 9999.0, 9999.0, 23.84, 9999.0, 22.36, 9999.0, 22.82, 22.5, 22.27, 22.41, 22.34
2026-09-08, 20:05:04, 22.41, 22.5, 22.75, 22.75, 9999.0, 9999.0, 9999.0, 23.82, 9999.0, 22.36, 9999.0, 22.84, 22.5, 22.27, 22.43, 22.36
2026-09-08, 20:05:08, 22.43, 22.5, 22.75, 22.75, 9999.0, 9999.0, 9999.0, 23.77, 9999.0, 22.39, 9999.0, 22.84, 22.5, 22.27, 22.45, 22.39
2026-09-08, 20:05:12, 22.43, 22.5, 22.75, 22.75, 9999.0, 9999.0, 9999.0, 23.8, 9999.0, 22.41, 9999.0, 22.84, 22.5, 22.27, 22.48, 22.39
2026-09-08, 20:05:16, 22.43, 22.5, 22.75, 22.75, 9999.0, 9999.0, 9999.0, 23.82, 9999.0, 22.43, 9999.0, 22.84, 22.5, 22.27, 22.5, 22.39
2026-09-08, 20:05:20, 22.41, 22.5, 22.75, 22.75, 9999.0, 9999.0, 9999.0, 23.84, 9999.0, 22.45, 9999.0, 22.84, 22.5, 22.27, 22.48, 22.39
2026-09-08, 20:05:24, 22.43, 22.5, 22.75, 22.75, 9999.0, 9999.0, 9999.0, 23.86, 9999.0, 22.48, 9999.0, 22.82, 22.5, 22.25, 22.48, 22.39
2026-09-08, 20:05:28, 22.41, 22.5, 22.75, 22.75, 9999.0, 9999.0, 9999.0, 23.89, 9999.0, 22.5, 9999.0, 22.8, 22.5, 22.25, 22.48, 22.36
2026-09-08, 20:05:32, 22.41, 22.5, 22.75, 22.75, 9999.0, 9999.0, 9999.0, 23.89, 9999.0, 22.5, 9999.0, 22.77, 22.5, 22.27, 22.45, 22.36
2026-09-08, 20:05:36, 22.39, 22.5, 22.75, 22.75, 9999.0, 9999.0, 9999.0, 23.89, 9999.0, 22.48, 9999.0, 22.73, 22.5, 22.27, 22.43, 22.36
2026-09-08, 20:05:40, 22.36, 22.5, 22.75, 22.75, 9999.0, 9999.0, 9999.0, 23.91, 9999.0, 22.45, 9999.0, 22.73, 22.5, 22.27, 22.41, 22.36
2026-09-08, 20:05:44, 22.39, 22.5, 22.75, 22.75, 9999.0, 9999.0, 9999.0, 23.93, 9999.0, 22.41, 9999.0, 22.7, 22.5, 22.27, 22.41, 22.39
2026-09-08, 20:05:48, 22.39, 22.5, 22.75, 22.75, 9999.0, 9999.0, 9999.0, 23.93, 9999.0, 22.39, 9999.0, 22.7, 22.5, 22.27, 22.39, 22.36
2026-09-08, 20:05:52, 22.39, 22.5, 22.75, 22.75, 9999.0, 9999.0, 9999.0, 23.95, 9999.0, 22.36, 9999.0, 22.7, 22.5, 22.27, 22.36, 22.36
2026-09-08, 20:05:56, 22.39, 22.5, 22.75, 22.75, 9999.0, 9999.0, 9999.0, 23.91, 9999.0, 22.34, 9999.0, 22.73, 22.5, 22.3, 22.36, 22.36
2026-09-08, 20:06:00, 22.36, 22.5, 22.75, 22.75, 9999.0, 9999.0, 9999.0, 23.86, 9999.0, 22.32, 9999.0, 22.75, 22.5, 22.3, 22.36, 22.34
2026-09-08, 20:06:04, 22.36, 22.5, 22.75, 22.75, 9999.0, 9999.0, 9999.0, 23.84, 9999.0, 22.3, 9999.0, 22.77, 22.5, 22.32, 22.39, 22.34
2026-09-08, 20:06:08, 22.34, 22.5, 22.75, 22.75, 9999.0, 9999.0, 9999.0, 23.8, 9999.0, 22.3, 9999.0, 22.8, 22.5, 22.32, 22.39, 22.34
2026-09-08, 20:06:12, 22.34, 22.5, 22.75, 22.75, 9999.0, 9999.0, 9999.0, 23.77, 9999.0, 22.27, 9999.0, 22.8, 22.5, 22.32, 22.39, 22.36
2026-09-08, 20:06:16, 22.32, 22.5, 22.75, 22.75, 9999.0, 9999.0, 9999.0, 23.75, 9999.0, 22.3, 9999.0, 22.82, 22.52, 22.3, 22.41, 22.36
2026-09-08, 20:06:20, 22.34, 22.5, 22.75, 22.75, 9999.0, 9999.0, 9999.0, 23.73, 9999.0, 22.32, 9999.0, 22.84, 22.52, 22.3, 22.41, 22.36
2026-09-08, 20:06:24, 22.36, 22.5, 22.75, 22.75, 9999.0, 9999.0, 9999.0, 23.68, 9999.0, 22.34, 9999.0, 22.84, 22.52, 22.32, 22.43, 22.36
2026-09-08, 20:06:28, 22.36, 22.5, 22.75, 22.75, 9999.0, 9999.0, 9999.0, 23.7, 9999.0, 22.36, 9999.0, 22.86, 22.52, 22.34, 22.41, 22.34
2026-09-08, 20:06:32, 22.34, 22.5, 22.75, 22.75, 9999.0, 9999.0, 9999.0, 23.75, 9999.0, 22.39, 9999.0, 22.86, 22.52, 22.34, 22.43, 22.36
2026-09-08, 20:06:36, 22.34, 22.5, 22.75, 22.75, 9999.0, 9999.0, 9999.0, 23.8, 9999.0, 22.41, 9999.0, 22.86, 22.52, 22.36, 22.43, 22.36
2026-09-08, 20:06:40, 22.36, 22.5, 22.75, 22.75, 9999.0, 9999.0, 9999.0, 23.82, 9999.0, 22.41, 9999.0, 22.84, 22.52, 22.36, 22.41, 22.39
2026-09-08, 20:06:44, 22.36, 22.5, 22.75, 22.75, 9999.0, 9999.0, 9999.0, 23.84, 9999.0, 22.41, 9999.0, 22.82, 22.52, 22.39, 22.39, 22.41
2026-09-08, 20:06:48, 22.36, 22.5, 22.75, 22.75, 9999.0, 9999.0, 9999.0, 23.84, 9999.0, 22.41, 9999.0, 22.8, 22.52, 22.36, 22.39, 22.43
2026-09-08, 20:06:52, 22.36, 22.5, 22.75, 22.75, 9999.0, 9999.0, 9999.0, 23.86, 9999.0, 22.39, 9999.0, 22.77, 22.52, 22.39, 22.36, 22.43
2026-09-08, 20:06:56, 22.39, 22.5, 22.75, 22.75, 9999.0, 9999.0, 9999.0, 23.86, 9999.0, 22.39, 9999.0, 22.77, 22.52, 22.39, 22.36, 22.43
2026-09-08, 20:07:00, 22.41, 22.5, 22.75, 22.75, 9999.0, 9999.0, 9999.0, 23.89, 9999.0, 22.36, 9999.0, 22.73, 22.5, 22.39, 22.34, 22.45
2026-09-08, 20:07:04, 22.41, 22.5, 22.75, 22.75, 9999.0, 9999.0, 9999.0, 23.91, 9999.0, 22.34, 9999.0, 22.73, 22.5, 22.39, 22.34, 22.48
2026-09-08, 20:07:08, 22.41, 22.5, 22.75, 22.75, 9999.0, 9999.0, 9999.0, 23.93, 9999.0, 22.32, 9999.0, 22.73, 22.5, 22.39, 22.34, 22.45
2026-09-08, 20:07:12, 22.39, 22.5, 22.75, 22.75, 9999.0, 9999.0, 9999.0, 23.89, 9999.0, 22.3, 9999.0, 22.73, 22.5, 22.36, 22.36, 22.45
2026-09-08, 20:07:16, 22.41, 22.5, 22.75, 22.75, 9999.0, 9999.0, 9999.0, 23.82, 9999.0, 22.27, 9999.0, 22.75, 22.5, 22.36, 22.36, 22.45
2026-09-08, 20:07:20, 22.39, 22.5, 22.75, 22.75, 9999.0, 9999.0, 9999.0, 23.75, 9999.0, 22.23, 9999.0, 22.77, 22.5, 22.36, 22.39, 22.45
2026-09-08, 20:07:24, 22.36, 22.5, 22.75, 22.75, 9999.0, 9999.0, 9999.0, 23.7, 9999.0, 22.25, 9999.0, 22.8, 22.5, 22.34, 22.39, 22.45
2026-09-08, 20:07:28, 22.36, 22.5, 22.75, 22.75, 9999.0, 9999.0, 9999.0, 23.66, 9999.0, 22.25, 9999.0, 22.8, 22.5, 22.32, 22.41, 22.45
2026-09-08, 20:07:32, 22.39, 22.5, 22.75, 22.75, 9999.0, 9999.0, 9999.0, 23.64, 9999.0, 22.27, 9999.0, 22.8, 22.52, 22.32, 22.41, 22.45
2026-09-08, 20:07:36, 22.41, 22.5, 22.75, 22.75, 9999.0, 9999.0, 9999.0, 23.61, 9999.0, 22.3, 9999.0, 22.8, 22.55, 22.3, 22.43, 22.45
2026-09-08, 20:07:40, 22.39, 22.5, 22.75, 22.75, 9999.0, 9999.0, 9999.0, 23.59, 9999.0, 22.32, 9999.0, 22.8, 22.57, 22.32, 22.41, 22.45
2026-09-08, 20:07:44, 22.39, 22.5, 22.75, 22.75, 9999.0, 9999.0, 9999.0, 23.64, 9999.0, 22.34, 9999.0, 22.82, 22.57, 22.34, 22.43, 22.45
2026-09-08, 20:07:48, 22.39, 22.5, 22.75, 22.75, 9999.0, 9999.0, 9999.0, 23.68, 9999.0, 22.36, 9999.0, 22.82, 22.57, 22.36, 22.43, 22.45
2026-09-08, 20:07:52, 22.39, 22.5, 22.77, 22.75, 9999.0, 9999.0, 9999.0, 23.73, 9999.0, 22.39, 9999.0, 22.82, 22.57, 22.34, 22.43, 22.48
2026-09-08, 20:07:56, 22.41, 22.5, 22.77, 22.75, 9999.0, 9999.0, 9999.0, 23.75, 9999.0, 22.41, 9999.0, 22.82, 22.57, 22.34, 22.43, 22.5
2026-09-08, 20:08:01, 22.41, 22.5, 22.77, 22.77, 9999.0, 9999.0, 9999.0, 23.8, 9999.0, 22.41, 9999.0, 22.8, 22.57, 22.34, 22.43, 22.5
2026-09-08, 20:08:05, 22.43, 22.5, 22.77, 22.77, 9999.0, 9999.0, 9999.0, 23.82, 9999.0, 22.43, 9999.0, 22.77, 22.57, 22.32, 22.43, 22.48
2026-09-08, 20:08:09, 22.45, 22.5, 22.8, 22.77, 9999.0, 9999.0, 9999.0, 23.84, 9999.0, 22.41, 9999.0, 22.75, 22.57, 22.32, 22.43, 22.48
2026-09-08, 20:08:13, 22.48, 22.5, 22.8, 22.77, 9999.0, 9999.0, 9999.0, 23.86, 9999.0, 22.41, 9999.0, 22.75, 22.57, 22.32, 22.43, 22.48
2026-09-08, 20:08:17, 22.45, 22.5, 22.8, 22.77, 9999.0, 9999.0, 9999.0, 23.91, 9999.0, 22.39, 9999.0, 22.75, 22.55, 22.34, 22.43, 22.48
2026-09-08, 20:08:21, 22.45, 22.5, 22.8, 22.77, 9999.0, 9999.0, 9999.0, 23.93, 9999.0, 22.36, 9999.0, 22.75, 22.52, 22.34, 22.43, 22.48
2026-09-08, 20:08:25, 22.45, 22.5, 22.8, 22.8, 9999.0, 9999.0, 9999.0, 23.95, 9999.0, 22.34, 9999.0, 22.75, 22.5, 22.34, 22.45, 22.48
2026-09-08, 20:08:29, 22.43, 22.5, 22.8, 22.8, 9999.0, 9999.0, 9999.0, 23.91, 9999.0, 22.32, 9999.0, 22.75, 22.5, 22.32, 22.45, 22.48
2026-09-08, 20:08:33, 22.43, 22.5, 22.8, 22.8, 9999.0, 9999.0, 9999.0, 23.86, 9999.0, 22.27, 9999.0, 22.77, 22.52, 22.3, 22.48, 22.48
2026-09-08, 20:08:37, 22.43, 22.5, 22.8, 22.8, 9999.0, 9999.0, 9999.0, 23.82, 9999.0, 22.23, 9999.0, 22.8, 22.52, 22.3, 22.48, 22.48
2026-09-08, 20:08:41, 22.43, 22.5, 22.8, 22.8, 9999.0, 9999.0, 9999.0, 23.77, 9999.0, 22.18, 9999.0, 22.82, 22.52, 22.3, 22.48, 22.48
2026-09-08, 20:08:45, 22.43, 22.5, 22.8, 22.77, 9999.0, 9999.0, 9999.0, 23.73, 9999.0, 22.18, 9999.0, 22.82, 22.55, 22.3, 22.48, 22.48
2026-09-08, 20:08:49, 22.43, 22.5, 22.8, 22.77, 9999.0, 9999.0, 9999.0, 23.7, 9999.0, 22.18, 9999.0, 22.82, 22.55, 22.32, 22.48, 22.5
2026-09-08, 20:08:53, 22.43, 22.5, 22.8, 22.8, 9999.0, 9999.0, 9999.0, 23.68, 9999.0, 22.2, 9999.0, 22.82, 22.57, 22.34, 22.5, 22.5
2026-09-08, 20:08:57, 22.43, 22.5, 22.82, 22.8, 9999.0, 9999.0, 9999.0, 23.64, 9999.0, 22.23, 9999.0, 22.84, 22.57, 22.34, 22.5, 22.5
2026-09-08, 20:09:01, 22.45, 22.5, 22.82, 22.8, 9999.0, 9999.0, 9999.0, 23.57, 9999.0, 22.25, 9999.0, 22.84, 22.59, 22.32, 22.5, 22.5
2026-09-08, 20:09:05, 22.45, 22.5, 22.82, 22.8, 9999.0, 9999.0, 9999.0, 23.59, 9999.0, 22.25, 9999.0, 22.84, 22.59, 22.32, 22.5, 22.48
2026-09-08, 20:09:09, 22.48, 22.5, 22.84, 22.8, 9999.0, 9999.0, 9999.0, 23.61, 9999.0, 22.25, 9999.0, 22.84, 22.61, 22.32, 22.5, 22.48
2026-09-08, 20:09:13, 22.48, 22.5, 22.86, 22.82, 9999.0, 9999.0, 9999.0, 23.64, 9999.0, 22.25, 9999.0, 22.84, 22.61, 22.32, 22.5, 22.48
2026-09-08, 20:09:17, 22.48, 22.5, 22.86, 22.82, 9999.0, 9999.0, 9999.0, 23.66, 9999.0, 22.27, 9999.0, 22.82, 22.59, 22.34, 22.48, 22.48
2026-09-08, 20:09:21, 22.48, 22.5, 22.86, 22.84, 9999.0, 9999.0, 9999.0, 23.66, 9999.0, 22.3, 9999.0, 22.8, 22.59, 22.36, 22.48, 22.48
2026-09-08, 20:09:25, 22.48, 22.5, 22.89, 22.86, 9999.0, 9999.0, 9999.0, 23.68, 9999.0, 22.32, 9999.0, 22.77, 22.59, 22.36, 22.48, 22.48
2026-09-08, 20:09:29, 22.48, 22.5, 22.89, 22.89, 9999.0, 9999.0, 9999.0, 23.7, 9999.0, 22.32, 9999.0, 22.77, 22.57, 22.36, 22.48, 22.48
2026-09-08, 20:09:33, 22.48, 22.5, 22.89, 22.89, 9999.0, 9999.0, 9999.0, 23.73, 9999.0, 22.32, 9999.0, 22.77, 22.57, 22.36, 22.48, 22.48
2026-09-08, 20:09:37, 22.48, 22.5, 22.86, 22.89, 9999.0, 9999.0, 9999.0, 23.75, 9999.0, 22.3, 9999.0, 22.77, 22.55, 22.34, 22.48, 22.48
2026-09-08, 20:09:41, 22.48, 22.5, 22.86, 22.91, 9999.0, 9999.0, 9999.0, 23.8, 9999.0, 22.27, 9999.0, 22.75, 22.55, 22.34, 22.48, 22.48
2026-09-08, 20:09:45, 22.48, 22.5, 22.89, 22.91, 9999.0, 9999.0, 9999.0, 23.84, 9999.0, 22.25, 9999.0, 22.75, 22.52, 22.34, 22.48, 22.48
2026-09-08, 20:09:49, 22.48, 22.5, 22.91, 22.93, 9999.0, 9999.0, 9999.0, 23.82, 9999.0, 22.25, 9999.0, 22.77, 22.52, 22.34, 22.48, 22.5
2026-09-08, 20:09:53, 22.48, 22.5, 22.91, 22.91, 9999.0, 9999.0, 9999.0, 23.77, 9999.0, 22.25, 9999.0, 22.8, 22.5, 22.32, 22.48, 22.5
2026-09-08, 20:09:57, 22.5, 22.5, 22.89, 22.91, 9999.0, 9999.0, 9999.0, 23.73, 9999.0, 22.23, 9999.0, 22.82, 22.5, 22.34, 22.48, 22.5
2026-09-08, 20:10:01, 22.5, 22.5, 22.89, 22.91, 9999.0, 9999.0, 9999.0, 23.68, 9999.0, 22.25, 9999.0, 22.84, 22.5, 22.32, 22.5, 22.5
2026-09-08, 20:10:05, 22.5, 22.5, 22.89, 22.91, 9999.0, 9999.0, 9999.0, 23.66, 9999.0, 22.27, 9999.0, 22.86, 22.5, 22.32, 22.5, 22.5
2026-09-08, 20:10:09, 22.5, 22.5, 22.89, 22.91, 9999.0, 9999.0, 9999.0, 23.64, 9999.0, 22.3, 9999.0, 22.89, 22.5, 22.32, 22.5, 22.5
2026-09-08, 20:10:13, 22.5, 22.5, 22.89, 22.91, 9999.0, 9999.0, 9999.0, 23.61, 9999.0, 22.32, 9999.0, 22.89, 22.5, 22.32, 22.5, 22.5
2026-09-08, 20:10:17, 22.5, 22.5, 22.89, 22.93, 9999.0, 9999.0, 9999.0, 23.59, 9999.0, 22.34, 9999.0, 22.89, 22.5, 22.3, 22.5, 22.5
2026-09-08, 20:10:21, 22.5, 22.5, 22.89, 22.93, 9999.0, 9999.0, 9999.0, 23.64, 9999.0, 22.36, 9999.0, 22.89, 22.5, 22.3, 22.5, 22.5
2026-09-08, 20:10:25, 22.5, 22.5, 22.86, 22.93, 9999.0, 9999.0, 9999.0, 23.68, 9999.0, 22.39, 9999.0, 22.89, 22.52, 22.3, 22.48, 22.5
2026-09-08, 20:10:29, 22.48, 22.5, 22.84, 22.95, 9999.0, 9999.0, 9999.0, 23.7, 9999.0, 22.41, 9999.0, 22.89, 22.52, 22.32, 22.48, 22.5
2026-09-08, 20:10:33, 22.48, 22.5, 22.84, 22.95, 9999.0, 9999.0, 9999.0, 23.73, 9999.0, 22.43, 9999.0, 22.86, 22.52, 22.32, 22.48, 22.5
2026-09-08, 20:10:37, 22.48, 22.5, 22.84, 22.98, 9999.0, 9999.0, 9999.0, 23.77, 9999.0, 22.43, 9999.0, 22.84, 22.52, 22.32, 22.48, 22.5
2026-09-08, 20:10:41, 22.48, 22.5, 22.86, 22.98, 9999.0, 9999.0, 9999.0, 23.82, 9999.0, 22.45, 9999.0, 22.82, 22.52, 22.3, 22.48, 22.5
2026-09-08, 20:10:45, 22.45, 22.5, 22.89, 22.98, 9999.0, 9999.0, 9999.0, 23.86, 9999.0, 22.43, 9999.0, 22.8, 22.52, 22.3, 22.48, 22.5
2026-09-08, 20:10:49, 22.45, 22.5, 22.86, 22.95, 9999.0, 9999.0, 9999.0, 23.91, 9999.0, 22.41, 9999.0, 22.77, 22.52, 22.27, 22.48, 22.5
2026-09-08, 20:10:53, 22.43, 22.5, 22.86, 22.95, 9999.0, 9999.0, 9999.0, 23.93, 9999.0, 22.39, 9999.0, 22.75, 22.52, 22.3, 22.48, 22.5
2026-09-08, 20:10:57, 22.43, 22.5, 22.89, 22.95, 9999.0, 9999.0, 9999.0, 23.95, 9999.0, 22.36, 9999.0, 22.75, 22.52, 22.32, 22.48, 22.5
2026-09-08, 20:11:01, 22.43, 22.5, 22.89, 22.95, 9999.0, 9999.0, 9999.0, 23.98, 9999.0, 22.34, 9999.0, 22.75, 22.52, 22.32, 22.48, 22.5
2026-09-08, 20:11:05, 22.43, 22.5, 22.91, 22.95, 9999.0, 9999.0, 9999.0, 23.93, 9999.0, 22.32, 9999.0, 22.75, 22.52, 22.34, 22.48, 22.5
2026-09-08, 20:11:09, 22.43, 22.5, 22.93, 22.95, 9999.0, 9999.0, 9999.0, 23.89, 9999.0, 22.3, 9999.0, 22.77, 22.5, 22.36, 22.5, 22.5
2026-09-08, 20:11:13, 22.45, 22.5, 22.93, 22.93, 9999.0, 9999.0, 9999.0, 23.86, 9999.0, 22.27, 9999.0, 22.8, 22.52, 22.34, 22.5, 22.5
2026-09-08, 20:11:17, 22.45, 22.5, 22.91, 22.93, 9999.0, 9999.0, 9999.0, 23.82, 9999.0, 22.27, 9999.0, 22.82, 22.52, 22.36, 22.5, 22.5
2026-09-08, 20:11:21, 22.45, 22.5, 22.91, 22.93, 9999.0, 9999.0, 9999.0, 23.77, 9999.0, 22.3, 9999.0, 22.84, 22.52, 22.36, 22.5, 22.5
2026-09-08, 20:11:25, 22.45, 22.5, 22.91, 22.93, 9999.0, 9999.0, 9999.0, 23.73, 9999.0, 22.32, 9999.0, 22.84, 22.55, 22.39, 22.5, 22.5
2026-09-08, 20:11:29, 22.48, 22.5, 22.91, 22.95, 9999.0, 9999.0, 9999.0, 23.68, 9999.0, 22.34, 9999.0, 22.86, 22.55, 22.39, 22.5, 22.5
2026-09-08, 20:11:33, 22.48, 22.5, 22.91, 22.98, 9999.0, 9999.0, 9999.0, 23.61, 9999.0, 22.36, 9999.0, 22.86, 22.57, 22.41, 22.5, 22.5
2026-09-08, 20:11:37, 22.5, 22.5, 22.91, 22.98, 9999.0, 9999.0, 9999.0, 23.57, 9999.0, 22.39, 9999.0, 22.86, 22.59, 22.41, 22.5, 22.5
2026-09-08, 20:11:41, 22.5, 22.5, 22.91, 22.98, 9999.0, 9999.0, 9999.0, 23.61, 9999.0, 22.41, 9999.0, 22.86, 22.59, 22.41, 22.5, 22.5
2026-09-08, 20:11:45, 22.5, 22.5, 22.93, 22.98, 9999.0, 9999.0, 9999.0, 23.64, 9999.0, 22.43, 9999.0, 22.86, 22.59, 22.41, 22.5, 22.5
2026-09-08, 20:11:50, 22.5, 22.5, 22.91, 22.98, 9999.0, 9999.0, 9999.0, 23.66, 9999.0, 22.45, 9999.0, 22.86, 22.59, 22.41, 22.5, 22.5
2026-09-08, 20:11:54, 22.48, 22.5, 22.91, 22.98, 9999.0, 9999.0, 9999.0, 23.68, 9999.0, 22.48, 9999.0, 22.84, 22.59, 22.39, 22.5, 22.5
2026-09-08, 20:11:58, 22.48, 22.5, 22.93, 23.0, 9999.0, 9999.0, 9999.0, 23.7, 9999.0, 22.5, 9999.0, 22.82, 22.57, 22.41, 22.5, 22.5
2026-09-08, 20:12:02, 22.48, 22.5, 22.93, 23.0, 9999.0, 9999.0, 9999.0, 23.75, 9999.0, 22.5, 9999.0, 22.8, 22.57, 22.41, 22.5, 22.5
2026-09-08, 20:12:06, 22.48, 22.5, 22.93, 23.0, 9999.0, 9999.0, 9999.0, 23.77, 9999.0, 22.5, 9999.0, 22.77, 22.57, 22.43, 22.5, 22.5
2026-09-08, 20:12:10, 22.48, 22.5, 22.93, 23.0, 9999.0, 9999.0, 9999.0, 23.82, 9999.0, 22.5, 9999.0, 22.77, 22.55, 22.43, 22.5, 22.5
2026-09-08, 20:12:14, 22.48, 22.5, 22.93, 23.0, 9999.0, 9999.0, 9999.0, 23.84, 9999.0, 22.5, 9999.0, 22.75, 22.55, 22.43, 22.5, 22.5
2026-09-08, 20:12:18, 22.45, 22.5, 22.95, 23.0, 9999.0, 9999.0, 9999.0, 23.89, 9999.0, 22.5, 9999.0, 22.77, 22.52, 22.43, 22.5, 22.5
2026-09-08, 20:12:22, 22.45, 22.5, 22.93, 23.0, 9999.0, 9999.0, 9999.0, 23.93, 9999.0, 22.5, 9999.0, 22.77, 22.5, 22.41, 22.5, 22.48
2026-09-08, 20:12:26, 22.45, 22.5, 22.91, 23.0, 9999.0, 9999.0, 9999.0, 23.89, 9999.0, 22.5, 9999.0, 22.8, 22.5, 22.41, 22.5, 22.48
2026-09-08, 20:12:30, 22.45, 22.5, 22.91, 22.98, 9999.0, 9999.0, 9999.0, 23.86, 9999.0, 22.5, 9999.0, 22.82, 22.5, 22.43, 22.5, 22.48
2026-09-08, 20:12:34, 22.45, 22.5, 22.93, 22.98, 9999.0, 9999.0, 9999.0, 23.84, 9999.0, 22.5, 9999.0, 22.84, 22.52, 22.43, 22.5, 22.48
2026-09-08, 20:12:38, 22.48, 22.5, 22.93, 22.98, 9999.0, 9999.0, 9999.0, 23.82, 9999.0, 22.52, 9999.0, 22.86, 22.52, 22.45, 22.5, 22.48
2026-09-08, 20:12:42, 22.48, 22.5, 22.93, 22.98, 9999.0, 9999.0, 9999.0, 23.77, 9999.0, 22.52, 9999.0, 22.89, 22.52, 22.43, 22.5, 22.48
2026-09-08, 20:12:46, 22.48, 22.5, 22.93, 22.98, 9999.0, 9999.0, 9999.0, 23.73, 9999.0, 22.55, 9999.0, 22.89, 22.55, 22.41, 22.5, 22.48
2026-09-08, 20:12:50, 22.45, 22.5, 22.93, 22.98, 9999.0, 9999.0, 9999.0, 23.7, 9999.0, 22.57, 9999.0, 22.91, 22.57, 22.39, 22.5, 22.48
2026-09-08, 20:12:54, 22.45, 22.5, 22.93, 22.98, 9999.0, 9999.0, 9999.0, 23.66, 9999.0, 22.59, 9999.0, 22.91, 22.57, 22.39, 22.5, 22.45
2026-09-08, 20:12:58, 22.45, 22.5, 22.93, 22.98, 9999.0, 9999.0, 9999.0, 23.7, 9999.0, 22.61, 9999.0, 22.91, 22.57, 22.39, 22.5, 22.45
2026-09-08, 20:13:02, 22.48, 22.5, 22.93, 22.95, 9999.0, 9999.0, 9999.0, 23.75, 9999.0, 22.64, 9999.0, 22.89, 22.59, 22.36, 22.5, 22.45
2026-09-08, 20:13:06, 22.48, 22.5, 22.95, 22.93, 9999.0, 9999.0, 9999.0, 23.8, 9999.0, 22.64, 9999.0, 22.89, 22.59, 22.36, 22.5, 22.48
2026-09-08, 20:13:10, 22.48, 22.5, 22.98, 22.91, 9999.0, 9999.0, 9999.0, 23.82, 9999.0, 22.64, 9999.0, 22.86, 22.61, 22.34, 22.5, 22.48
2026-09-08, 20:13:14, 22.48, 22.5, 22.98, 22.93, 9999.0, 9999.0, 9999.0, 23.84, 9999.0, 22.66, 9999.0, 22.84, 22.61, 22.34, 22.5, 22.48
2026-09-08, 20:13:18, 22.45, 22.5, 22.98, 22.91, 9999.0, 9999.0, 9999.0, 23.86, 9999.0, 22.66, 9999.0, 22.82, 22.59, 22.32, 22.5, 22.48
2026-09-08, 20:13:22, 22.45, 22.5, 22.95, 22.91, 9999.0, 9999.0, 9999.0, 23.89, 9999.0, 22.64, 9999.0, 22.8, 22.59, 22.32, 22.5, 22.45
2026-09-08, 20:13:26, 22.45, 22.5, 22.93, 22.89, 9999.0, 9999.0, 9999.0, 23.93, 9999.0, 22.64, 9999.0, 22.77, 22.59, 22.32, 22.5, 22.45
2026-09-08, 20:13:30, 22.45, 22.5, 22.95, 22.86, 9999.0, 9999.0, 9999.0, 23.98, 9999.0, 22.64, 9999.0, 22.77, 22.57, 22.34, 22.5, 22.45
2026-09-08, 20:13:34, 22.48, 22.5, 22.95, 22.84, 9999.0, 9999.0, 9999.0, 24.02, 9999.0, 22.61, 9999.0, 22.75, 22.55, 22.34, 22.5, 22.45
2026-09-08, 20:13:38, 22.48, 22.5, 22.95, 22.84, 9999.0, 9999.0, 9999.0, 24.07, 9999.0, 22.59, 9999.0, 22.75, 22.55, 22.32, 22.48, 22.48
2026-09-08, 20:13:42, 22.48, 22.5, 22.95, 22.84, 9999.0, 9999.0, 9999.0, 24.02, 9999.0, 22.57, 9999.0, 22.75, 22.55, 22.32, 22.48, 22.48
2026-09-08, 20:13:46, 22.48, 22.5, 22.95, 22.86, 9999.0, 9999.0, 9999.0, 23.98, 9999.0, 22.55, 9999.0, 22.77, 22.55, 22.32, 22.48, 22.45
2026-09-08, 20:13:50, 22.48, 22.5, 22.93, 22.86, 9999.0, 9999.0, 9999.0, 23.93, 9999.0, 22.55, 9999.0, 22.8, 22.57, 22.32, 22.48, 22.45
2026-09-08, 20:13:54, 22.48, 22.5, 22.91, 22.89, 9999.0, 9999.0, 9999.0, 23.91, 9999.0, 22.57, 9999.0, 22.82, 22.57, 22.32, 22.48, 22.45
2026-09-08, 20:13:58, 22.48, 22.5, 22.91, 22.89, 9999.0, 9999.0, 9999.0, 23.89, 9999.0, 22.57, 9999.0, 22.84, 22.57, 22.3, 22.48, 22.45
2026-09-08, 20:14:02, 22.48, 22.5, 22.91, 22.89, 9999.0, 9999.0, 9999.0, 23.84, 9999.0, 22.59, 9999.0, 22.84, 22.59, 22.3, 22.48, 22.45
2026-09-08, 20:14:06, 22.48, 22.5, 22.93, 22.86, 9999.0, 9999.0, 9999.0, 23.8, 9999.0, 22.61, 9999.0, 22.86, 22.61, 22.27, 22.48, 22.48
2026-09-08, 20:14:10, 22.48, 22.5, 22.93, 22.89, 9999.0, 9999.0, 9999.0, 23.75, 9999.0, 22.64, 9999.0, 22.86, 22.61, 22.3, 22.48, 22.48
2026-09-08, 20:14:14, 22.48, 22.5, 22.93, 22.89, 9999.0, 9999.0, 9999.0, 23.8, 9999.0, 22.64, 9999.0, 22.86, 22.61, 22.3, 22.48, 22.48
2026-09-08, 20:14:18, 22.48, 22.5, 22.93, 22.91, 9999.0, 9999.0, 9999.0, 23.82, 9999.0, 22.66, 9999.0, 22.86, 22.61, 22.32, 22.48, 22.48
2026-09-08, 20:14:22, 22.48, 22.5, 22.93, 22.91, 9999.0, 9999.0, 9999.0, 23.84, 9999.0, 22.68, 9999.0, 22.86, 22.61, 22.32, 22.5, 22.48
2026-09-08, 20:14:26, 22.48, 22.5, 22.93, 22.89, 9999.0, 9999.0, 9999.0, 23.89, 9999.0, 22.7, 9999.0, 22.86, 22.61, 22.32, 22.5, 22.45
2026-09-08, 20:14:30, 22.48, 22.5, 22.91, 22.86, 9999.0, 9999.0, 9999.0, 23.93, 9999.0, 22.73, 9999.0, 22.84, 22.59, 22.34, 22.5, 22.48
2026-09-08, 20:14:34, 22.48, 22.5, 22.93, 22.86, 9999.0, 9999.0, 9999.0, 23.95, 9999.0, 22.73, 9999.0, 22.82, 22.57, 22.36, 22.5, 22.48
2026-09-08, 20:14:38, 22.48, 22.5, 22.95, 22.84, 9999.0, 9999.0, 9999.0, 23.98, 9999.0, 22.7, 9999.0, 22.8, 22.55, 22.36, 22.5, 22.48
2026-09-08, 20:14:42, 22.48, 22.5, 22.93, 22.82, 9999.0, 9999.0, 9999.0, 24.0, 9999.0, 22.68, 9999.0, 22.77, 22.55, 22.39, 22.5, 22.48
2026-09-08, 20:14:46, 22.5, 22.5, 22.93, 22.82, 9999.0, 9999.0, 9999.0, 24.05, 9999.0, 22.66, 9999.0, 22.77, 22.52, 22.39, 22.5, 22.48
2026-09-08, 20:14:50, 22.5, 22.5, 22.91, 22.82, 9999.0, 9999.0, 9999.0, 24.09, 9999.0, 22.64, 9999.0, 22.75, 22.5, 22.39, 22.5, 22.48
2026-09-08, 20:14:54, 22.5, 22.5, 22.91, 22.8, 9999.0, 9999.0, 9999.0, 24.14, 9999.0, 22.61, 9999.0, 22.75, 22.52, 22.36, 22.5, 22.48
2026-09-08, 20:14:58, 22.5, 22.5, 22.91, 22.82, 9999.0, 9999.0, 9999.0, 24.07, 9999.0, 22.59, 9999.0, 22.75, 22.52, 22.36, 22.5, 22.48
2026-09-08, 20:15:02, 22.5, 22.5, 22.91, 22.8, 9999.0, 9999.0, 9999.0, 24.02, 9999.0, 22.57, 9999.0, 22.77, 22.52, 22.36, 22.5, 22.48
2026-09-08, 20:15:06, 22.5, 22.5, 22.89, 22.8, 9999.0, 9999.0, 9999.0, 23.98, 9999.0, 22.55, 9999.0, 22.8, 22.52, 22.36, 22.5, 22.48
2026-09-08, 20:15:10, 22.5, 22.5, 22.86, 22.82, 9999.0, 9999.0, 9999.0, 23.93, 9999.0, 22.52, 9999.0, 22.82, 22.52, 22.36, 22.5, 22.5
2026-09-08, 20:15:14, 22.5, 22.5, 22.86, 22.84, 9999.0, 9999.0, 9999.0, 23.89, 9999.0, 22.52, 9999.0, 22.84, 22.52, 22.36, 22.48, 22.5
2026-09-08, 20:15:18, 22.5, 22.5, 22.84, 22.86, 9999.0, 9999.0, 9999.0, 23.86, 9999.0, 22.55, 9999.0, 22.84, 22.52, 22.34, 22.48, 22.5
2026-09-08, 20:15:22, 22.5, 22.5, 22.84, 22.86, 9999.0, 9999.0, 9999.0, 23.84, 9999.0, 22.57, 9999.0, 22.84, 22.55, 22.36, 22.48, 22.48
2026-09-08, 20:15:26, 22.5, 22.5, 22.84, 22.86, 9999.0, 9999.0, 9999.0, 23.82, 9999.0, 22.59, 9999.0, 22.84, 22.55, 22.36, 22.48, 22.48
2026-09-08, 20:15:30, 22.5, 22.5, 22.82, 22.89, 9999.0, 9999.0, 9999.0, 23.77, 9999.0, 22.61, 9999.0, 22.84, 22.55, 22.39, 22.48, 22.48
2026-09-08, 20:15:34, 22.5, 22.5, 22.84, 22.91, 9999.0, 9999.0, 9999.0, 23.8, 9999.0, 22.64, 9999.0, 22.84, 22.57, 22.39, 22.48, 22.48
2026-09-08, 20:15:38, 22.48, 22.5, 22.86, 22.93, 9999.0, 9999.0, 9999.0, 23.82, 9999.0, 22.66, 9999.0, 22.84, 22.57, 22.39, 22.48, 22.48
2026-09-08, 20:15:43, 22.48, 22.5, 22.86, 22.91, 9999.0, 9999.0, 9999.0, 23.86, 9999.0, 22.68, 9999.0, 22.84, 22.59, 22.36, 22.45, 22.48
2026-09-08, 20:15:47, 22.48, 22.5, 22.84, 22.91, 9999.0, 9999.0, 9999.0, 23.91, 9999.0, 22.7, 9999.0, 22.82, 22.59, 22.36, 22.45, 22.48
2026-09-08, 20:15:51, 22.48, 22.5, 22.84, 22.89, 9999.0, 9999.0, 9999.0, 23.95, 9999.0, 22.73, 9999.0, 22.8, 22.59, 22.39, 22.45, 22.48
2026-09-08, 20:15:55, 22.48, 22.5, 22.84, 22.86, 9999.0, 9999.0, 9999.0, 23.98, 9999.0, 22.73, 9999.0, 22.77, 22.59, 22.41, 22.45, 22.48
2026-09-08, 20:15:59, 22.48, 22.5, 22.84, 22.84, 9999.0, 9999.0, 9999.0, 24.0, 9999.0, 22.73, 9999.0, 22.75, 22.59, 22.41, 22.48, 22.45
2026-09-08, 20:16:03, 22.48, 22.5, 22.84, 22.82, 9999.0, 9999.0, 9999.0, 24.02, 9999.0, 22.7, 9999.0, 22.75, 22.59, 22.43, 22.48, 22.45
2026-09-08, 20:16:07, 22.48, 22.5, 22.82, 22.82, 9999.0, 9999.0, 9999.0, 24.05, 9999.0, 22.68, 9999.0, 22.73, 22.57, 22.41, 22.45, 22.48
2026-09-08, 20:16:11, 22.48, 22.5, 22.82, 22.82, 9999.0, 9999.0, 9999.0, 24.07, 9999.0, 22.68, 9999.0, 22.73, 22.57, 22.41, 22.43, 22.48
2026-09-08, 20:16:15, 22.48, 22.5, 22.82, 22.8, 9999.0, 9999.0, 9999.0, 24.11, 9999.0, 22.66, 9999.0, 22.73, 22.57, 22.39, 22.43, 22.48
2026-09-08, 20:16:19, 22.48, 22.5, 22.82, 22.77, 9999.0, 9999.0, 9999.0, 24.07, 9999.0, 22.66, 9999.0, 22.73, 22.55, 22.39, 22.41, 22.45
2026-09-08, 20:16:23, 22.5, 22.5, 22.8, 22.75, 9999.0, 9999.0, 9999.0, 24.02, 9999.0, 22.64, 9999.0, 22.75, 22.52, 22.41, 22.41, 22.45
2026-09-08, 20:16:27, 22.5, 22.5, 22.77, 22.75, 9999.0, 9999.0, 9999.0, 23.98, 9999.0, 22.61, 9999.0, 22.77, 22.52, 22.43, 22.43, 22.43
2026-09-08, 20:16:31, 22.5, 22.52, 22.8, 22.75, 9999.0, 9999.0, 9999.0, 23.93, 9999.0, 22.61, 9999.0, 22.8, 22.52, 22.43, 22.43, 22.43
2026-09-08, 20:16:35, 22.48, 22.52, 22.82, 22.75, 9999.0, 9999.0, 9999.0, 23.89, 9999.0, 22.61, 9999.0, 22.8, 22.52, 22.43, 22.43, 22.43
2026-09-08, 20:16:39, 22.48, 22.52, 22.82, 22.75, 9999.0, 9999.0, 9999.0, 23.86, 9999.0, 22.64, 9999.0, 22.82, 22.52, 22.41, 22.43, 22.43
2026-09-08, 20:16:43, 22.48, 22.52, 22.82, 22.75, 9999.0, 9999.0, 9999.0, 23.84, 9999.0, 22.66, 9999.0, 22.82, 22.55, 22.39, 22.43, 22.45
2026-09-08, 20:16:47, 22.45, 22.52, 22.84, 22.75, 9999.0, 9999.0, 9999.0, 23.8, 9999.0, 22.68, 9999.0, 22.82, 22.55, 22.36, 22.43, 22.45
2026-09-08, 20:16:51, 22.45, 22.52, 22.84, 22.77, 9999.0, 9999.0, 9999.0, 23.84, 9999.0, 22.7, 9999.0, 22.84, 22.57, 22.36, 22.45, 22.45
2026-09-08, 20:16:55, 22.45, 22.52, 22.84, 22.77, 9999.0, 9999.0, 9999.0, 23.86, 9999.0, 22.7, 9999.0, 22.84, 22.59, 22.34, 22.45, 22.45
2026-09-08, 20:16:59, 22.45, 22.52, 22.84, 22.77, 9999.0, 9999.0, 9999.0, 23.89, 9999.0, 22.73, 9999.0, 22.84, 22.59, 22.34, 22.45, 22.45
2026-09-08, 20:17:03, 22.43, 22.52, 22.82, 22.77, 9999.0, 9999.0, 9999.0, 23.93, 9999.0, 22.73, 9999.0, 22.84, 22.59, 22.36, 22.48, 22.48
2026-09-08, 20:17:07, 22.43, 22.52, 22.82, 22.8, 9999.0, 9999.0, 9999.0, 23.95, 9999.0, 22.75, 9999.0, 22.82, 22.59, 22.34, 22.48, 22.48
2026-09-08, 20:17:11, 22.41, 22.52, 22.82, 22.8, 9999.0, 9999.0, 9999.0, 24.0, 9999.0, 22.75, 9999.0, 22.8, 22.57, 22.32, 22.48, 22.5
2026-09-08, 20:17:15, 22.39, 22.5, 22.8, 22.8, 9999.0, 9999.0, 9999.0, 24.02, 9999.0, 22.75, 9999.0, 22.77, 22.57, 22.3, 22.48, 22.5
2026-09-08, 20:17:19, 22.41, 22.5, 22.77, 22.8, 9999.0, 9999.0, 9999.0, 24.05, 9999.0, 22.75, 9999.0, 22.77, 22.57, 22.3, 22.45, 22.5
2026-09-08, 20:17:23, 22.41, 22.5, 22.77, 22.8, 9999.0, 9999.0, 9999.0, 24.09, 9999.0, 22.75, 9999.0, 22.75, 22.57, 22.3, 22.45, 22.5
2026-09-08, 20:17:27, 22.41, 22.5, 22.8, 22.8, 9999.0, 9999.0, 9999.0, 24.11, 9999.0, 22.73, 9999.0, 22.75, 22.55, 22.3, 22.45, 22.5
2026-09-08, 20:17:31, 22.43, 22.5, 22.8, 22.8, 9999.0, 9999.0, 9999.0, 24.16, 9999.0, 22.73, 9999.0, 22.75, 22.55, 22.3, 22.45, 22.5
2026-09-08, 20:17:35, 22.43, 22.5, 22.82, 22.77, 9999.0, 9999.0, 9999.0, 24.11, 9999.0, 22.73, 9999.0, 22.75, 22.52, 22.3, 22.45, 22.5
2026-09-08, 20:17:39, 22.43, 22.5, 22.82, 22.77, 9999.0, 9999.0, 9999.0, 24.09, 9999.0, 22.7, 9999.0, 22.77, 22.52, 22.3, 22.48, 22.5
2026-09-08, 20:17:43, 22.43, 22.5, 22.82, 22.77, 9999.0, 9999.0, 9999.0, 24.07, 9999.0, 22.7, 9999.0, 22.8, 22.52, 22.3, 22.48, 22.5
2026-09-08, 20:17:47, 22.45, 22.5, 22.82, 22.77, 9999.0, 9999.0, 9999.0, 24.02, 9999.0, 22.7, 9999.0, 22.82, 22.52, 22.3, 22.45, 22.48
2026-09-08, 20:17:51, 22.45, 22.5, 22.82, 22.75, 9999.0, 9999.0, 9999.0, 24.0, 9999.0, 22.7, 9999.0, 22.84, 22.52, 22.3, 22.45, 22.48
2026-09-08, 20:17:55, 22.48, 22.5, 22.82, 22.75, 9999.0, 9999.0, 9999.0, 23.95, 9999.0, 22.73, 9999.0, 22.86, 22.52, 22.32, 22.45, 22.45
2026-09-08, 20:17:59, 22.5, 22.5, 22.82, 22.75, 9999.0, 9999.0, 9999.0, 23.93, 9999.0, 22.75, 9999.0, 22.89, 22.52, 22.32, 22.45, 22.45
2026-09-08, 20:18:03, 22.5, 22.5, 22.82, 22.75, 9999.0, 9999.0, 9999.0, 23.89, 9999.0, 22.77, 9999.0, 22.89, 22.52, 22.3, 22.48, 22.45
2026-09-08, 20:18:07, 22.5, 22.5, 22.82, 22.75, 9999.0, 9999.0, 9999.0, 23.82, 9999.0, 22.8, 9999.0, 22.89, 22.52, 22.3, 22.48, 22.45
2026-09-08, 20:18:11, 22.5, 22.5, 22.8, 22.75, 9999.0, 9999.0, 9999.0, 23.84, 9999.0, 22.82, 9999.0, 22.89, 22.55, 22.3, 22.48, 22.43
2026-09-08, 20:18:15, 22.5, 22.5, 22.77, 22.75, 9999.0, 9999.0, 9999.0, 23.86, 9999.0, 22.82, 9999.0, 22.89, 22.57, 22.3, 22.48, 22.41
2026-09-08, 20:18:19, 22.5, 22.5, 22.75, 22.75, 9999.0, 9999.0, 9999.0, 23.89, 9999.0, 22.82, 9999.0, 22.89, 22.57, 22.3, 22.48, 22.41
2026-09-08, 20:18:23, 22.5, 22.5, 22.75, 22.75, 9999.0, 9999.0, 9999.0, 23.91, 9999.0, 22.84, 9999.0, 22.84, 22.55, 22.32, 22.45, 22.39
2026-09-08, 20:18:27, 22.48, 22.5, 22.77, 22.75, 9999.0, 9999.0, 9999.0, 23.93, 9999.0, 22.84, 9999.0, 22.82, 22.55, 22.32, 22.45, 22.39
2026-09-08, 20:18:31, 22.48, 22.5, 22.77, 22.75, 9999.0, 9999.0, 9999.0, 23.98, 9999.0, 22.84, 9999.0, 22.8, 22.55, 22.3, 22.48, 22.39
2026-09-08, 20:18:35, 22.48, 22.5, 22.77, 22.75, 9999.0, 9999.0, 9999.0, 24.02, 9999.0, 22.84, 9999.0, 22.77, 22.55, 22.3, 22.48, 22.39
2026-09-08, 20:18:39, 22.48, 22.5, 22.8, 22.75, 9999.0, 9999.0, 9999.0, 24.05, 9999.0, 22.82, 9999.0, 22.75, 22.55, 22.27, 22.48, 22.41
2026-09-08, 20:18:43, 22.48, 22.5, 22.8, 22.75, 9999.0, 9999.0, 9999.0, 24.07, 9999.0, 22.8, 9999.0, 22.7, 22.55, 22.27, 22.45, 22.39
2026-09-08, 20:18:47, 22.48, 22.5, 22.8, 22.75, 9999.0, 9999.0, 9999.0, 24.11, 9999.0, 22.75, 9999.0, 22.7, 22.55, 22.27, 22.45, 22.39
2026-09-08, 20:18:51, 22.45, 22.5, 22.8, 22.75, 9999.0, 9999.0, 9999.0, 24.16, 9999.0, 22.73, 9999.0, 22.7, 22.55, 22.27, 22.45, 22.36
2026-09-08, 20:18:55, 22.45, 22.5, 22.8, 22.75, 9999.0, 9999.0, 9999.0, 24.14, 9999.0, 22.68, 9999.0, 22.7, 22.52, 22.27, 22.45, 22.39
2026-09-08, 20:18:59, 22.45, 22.5, 22.8, 22.75, 9999.0, 9999.0, 9999.0, 24.11, 9999.0, 22.66, 9999.0, 22.73, 22.5, 22.27, 22.45, 22.39
2026-09-08, 20:19:03, 22.45, 22.5, 22.8, 22.75, 9999.0, 9999.0, 9999.0, 24.09, 9999.0, 22.64, 9999.0, 22.75, 22.5, 22.27, 22.45, 22.39
2026-09-08, 20:19:07, 22.45, 22.5, 22.8, 22.75, 9999.0, 9999.0, 9999.0, 24.07, 9999.0, 22.64, 9999.0, 22.77, 22.52, 22.27, 22.48, 22.41
2026-09-08, 20:19:11, 22.45, 22.5, 22.77, 22.75, 9999.0, 9999.0, 9999.0, 24.02, 9999.0, 22.64, 9999.0, 22.77, 22.52, 22.27, 22.48, 22.41
2026-09-08, 20:19:15, 22.43, 22.5, 22.77, 22.75, 9999.0, 9999.0, 9999.0, 23.98, 9999.0, 22.64, 9999.0, 22.77, 22.52, 22.27, 22.45, 22.41
2026-09-08, 20:19:19, 22.43, 22.5, 22.77, 22.75, 9999.0, 9999.0, 9999.0, 23.93, 9999.0, 22.66, 9999.0, 22.77, 22.52, 22.27, 22.45, 22.41
2026-09-08, 20:19:23, 22.43, 22.5, 22.75, 22.75, 9999.0, 9999.0, 9999.0, 23.91, 9999.0, 22.68, 9999.0, 22.77, 22.55, 22.27, 22.45, 22.41
2026-09-08, 20:19:27, 22.43, 22.5, 22.75, 22.75, 9999.0, 9999.0, 9999.0, 23.95, 9999.0, 22.68, 9999.0, 22.8, 22.55, 22.27, 22.48, 22.41
2026-09-08, 20:19:31, 22.43, 22.5, 22.75, 22.75, 9999.0, 9999.0, 9999.0, 23.98, 9999.0, 22.7, 9999.0, 22.8, 22.55, 22.27, 22.48, 22.41
2026-09-08, 20:19:36, 22.45, 22.5, 22.75, 22.75, 9999.0, 9999.0, 9999.0, 24.0, 9999.0, 22.7, 9999.0, 22.8, 22.55, 22.27, 22.45, 22.41
2026-09-08, 20:19:40, 22.45, 22.5, 22.75, 22.75, 9999.0, 9999.0, 9999.0, 24.02, 9999.0, 22.73, 9999.0, 22.8, 22.55, 22.27, 22.45, 22.39
2026-09-08, 20:19:44, 22.45, 22.5, 22.75, 22.75, 9999.0, 9999.0, 9999.0, 24.05, 9999.0, 22.75, 9999.0, 22.77, 22.55, 22.27, 22.45, 22.39
2026-09-08, 20:19:48, 22.45, 22.5, 22.75, 22.75, 9999.0, 9999.0, 9999.0, 24.07, 9999.0, 22.77, 9999.0, 22.75, 22.55, 22.27, 22.45, 22.36
2026-09-08, 20:19:52, 22.45, 22.5, 22.75, 22.75, 9999.0, 9999.0, 9999.0, 24.07, 9999.0, 22.77, 9999.0, 22.75, 22.52, 22.25, 22.45, 22.36
2026-09-08, 20:19:56, 22.48, 22.5, 22.75, 22.75, 9999.0, 9999.0, 9999.0, 24.09, 9999.0, 22.77, 9999.0, 22.75, 22.52, 22.25, 22.43, 22.34
2026-09-08, 20:20:00, 22.48, 22.5, 22.77, 22.75, 9999.0, 9999.0, 9999.0, 24.14, 9999.0, 22.77, 9999.0, 22.75, 22.52, 22.25, 22.45, 22.34
2026-09-08, 20:20:04, 22.48, 22.5, 22.77, 22.75, 9999.0, 9999.0, 9999.0, 24.16, 9999.0, 22.73, 9999.0, 22.75, 22.52, 22.25, 22.45, 22.32
2026-09-08, 20:20:08, 22.48, 22.5, 22.77, 22.75, 9999.0, 9999.0, 9999.0, 24.18, 9999.0, 22.73, 9999.0, 22.75, 22.5, 22.25, 22.45, 22.32
2026-09-08, 20:20:12, 22.48, 22.5, 22.77, 22.75, 9999.0, 9999.0, 9999.0, 24.14, 9999.0, 22.7, 9999.0, 22.75, 22.5, 22.25, 22.45, 22.34
2026-09-08, 20:20:16, 22.48, 22.5, 22.77, 22.75, 9999.0, 9999.0, 9999.0, 24.09, 9999.0, 22.68, 9999.0, 22.77, 22.5, 22.25, 22.43, 22.34
2026-09-08, 20:20:20, 22.48, 22.5, 22.77, 22.75, 9999.0, 9999.0, 9999.0, 24.05, 9999.0, 22.66, 9999.0, 22.8, 22.5, 22.25, 22.43, 22.34
2026-09-08, 20:20:24, 22.48, 22.5, 22.77, 22.75, 9999.0, 9999.0, 9999.0, 24.02, 9999.0, 22.64, 9999.0, 22.8, 22.5, 22.25, 22.43, 22.34
2026-09-08, 20:20:28, 22.48, 22.5, 22.77, 22.75, 9999.0, 9999.0, 9999.0, 23.98, 9999.0, 22.64, 9999.0, 22.8, 22.5, 22.25, 22.43, 22.34
2026-09-08, 20:20:32, 22.45, 22.5, 22.77, 22.75, 9999.0, 9999.0, 9999.0, 23.93, 9999.0, 22.64, 9999.0, 22.8, 22.5, 22.25, 22.43, 22.36
2026-09-08, 20:20:36, 22.43, 22.5, 22.77, 22.75, 9999.0, 9999.0, 9999.0, 23.91, 9999.0, 22.64, 9999.0, 22.8, 22.5, 22.25, 22.43, 22.34
2026-09-08, 20:20:40, 22.41, 22.5, 22.77, 22.75, 9999.0, 9999.0, 9999.0, 23.89, 9999.0, 22.64, 9999.0, 22.8, 22.52, 22.27, 22.43, 22.34
2026-09-08, 20:20:44, 22.43, 22.5, 22.75, 22.75, 9999.0, 9999.0, 9999.0, 23.84, 9999.0, 22.64, 9999.0, 22.8, 22.52, 22.27, 22.41, 22.34
2026-09-08, 20:20:48, 22.43, 22.5, 22.75, 22.75, 9999.0, 9999.0, 9999.0, 23.89, 9999.0, 22.66, 9999.0, 22.8, 22.52, 22.3, 22.41, 22.36
2026-09-08, 20:20:52, 22.43, 22.5, 22.75, 22.75, 9999.0, 9999.0, 9999.0, 23.91, 9999.0, 22.66, 9999.0, 22.8, 22.52, 22.3, 22.41, 22.34
2026-09-08, 20:20:56, 22.43, 22.5, 22.75, 22.75, 9999.0, 9999.0, 9999.0, 23.93, 9999.0, 22.68, 9999.0, 22.8, 22.52, 22.32, 22.39, 22.32
2026-09-08, 20:21:00, 22.43, 22.5, 22.75, 22.75, 9999.0, 9999.0, 9999.0, 23.98, 9999.0, 22.7, 9999.0, 22.77, 22.52, 22.32, 22.41, 22.32
2026-09-08, 20:21:04, 22.43, 22.5, 22.75, 22.75, 9999.0, 9999.0, 9999.0, 24.02, 9999.0, 22.73, 9999.0, 22.75, 22.52, 22.32, 22.43, 22.32
2026-09-08, 20:21:08, 22.43, 22.5, 22.75, 22.75, 9999.0, 9999.0, 9999.0, 24.02, 9999.0, 22.73, 9999.0, 22.75, 22.52, 22.32, 22.41, 22.34
2026-09-08, 20:21:12, 22.43, 22.5, 22.75, 22.75, 9999.0, 9999.0, 9999.0, 24.05, 9999.0, 22.73, 9999.0, 22.75, 22.52, 22.32, 22.39, 22.36
2026-09-08, 20:21:16, 22.45, 22.5, 22.75, 22.75, 9999.0, 9999.0, 9999.0, 24.07, 9999.0, 22.7, 9999.0, 22.75, 22.52, 22.32, 22.36, 22.36
2026-09-08, 20:21:20, 22.48, 22.5, 22.75, 22.75, 9999.0, 9999.0, 9999.0, 24.09, 9999.0, 22.7, 9999.0, 22.75, 22.52, 22.32, 22.36, 22.36
2026-09-08, 20:21:24, 22.5, 22.5, 22.75, 22.75, 9999.0, 9999.0, 9999.0, 24.11, 9999.0, 22.68, 9999.0, 22.75, 22.5, 22.3, 22.36, 22.36
2026-09-08, 20:21:28, 22.5, 22.5, 22.75, 22.75, 9999.0, 9999.0, 9999.0, 24.14, 9999.0, 22.66, 9999.0, 22.75, 22.5, 22.3, 22.36, 22.39
2026-09-08, 20:21:32, 22.5, 22.5, 22.75, 22.75, 9999.0, 9999.0, 9999.0, 24.09, 9999.0, 22.66, 9999.0, 22.75, 22.5, 22.27, 22.34, 22.39
2026-09-08, 20:21:36, 22.5, 22.5, 22.75, 22.75, 9999.0, 9999.0, 9999.0, 24.07, 9999.0, 22.64, 9999.0, 22.77, 22.5, 22.27, 22.32, 22.39
2026-09-08, 20:21:40, 22.5, 22.5, 22.75, 22.75, 9999.0, 9999.0, 9999.0, 24.05, 9999.0, 22.61, 9999.0, 22.77, 22.5, 22.25, 22.34, 22.39
2026-09-08, 20:21:44, 22.5, 22.5, 22.75, 22.75, 9999.0, 9999.0, 9999.0, 24.0, 9999.0, 22.61, 9999.0, 22.8, 22.5, 22.27, 22.32, 22.36
2026-09-08, 20:21:48, 22.5, 22.5, 22.77, 22.75, 9999.0, 9999.0, 9999.0, 23.95, 9999.0, 22.61, 9999.0, 22.8, 22.5, 22.27, 22.32, 22.36
2026-09-08, 20:21:52, 22.5, 22.5, 22.77, 22.75, 9999.0, 9999.0, 9999.0, 23.93, 9999.0, 22.64, 9999.0, 22.8, 22.5, 22.27, 22.32, 22.34
2026-09-08, 20:21:56, 22.5, 22.5, 22.77, 22.75, 9999.0, 9999.0, 9999.0, 23.91, 9999.0, 22.64, 9999.0, 22.8, 22.5, 22.27, 22.34, 22.34
2026-09-08, 20:22:00, 22.5, 22.5, 22.77, 22.75, 9999.0, 9999.0, 9999.0, 23.89, 9999.0, 22.66, 9999.0, 22.8, 22.5, 22.27, 22.34, 22.32
2026-09-08, 20:22:04, 22.48, 22.5, 22.77, 22.75, 9999.0, 9999.0, 9999.0, 23.84, 9999.0, 22.66, 9999.0, 22.8, 22.5, 22.27, 22.34, 22.32
2026-09-08, 20:22:08, 22.45, 22.5, 22.77, 22.75, 9999.0, 9999.0, 9999.0, 23.89, 9999.0, 22.68, 9999.0, 22.8, 22.52, 22.3, 22.34, 22.34
2026-09-08, 20:22:12, 22.45, 22.5, 22.77, 22.75, 9999.0, 9999.0, 9999.0, 23.91, 9999.0, 22.7, 9999.0, 22.8, 22.52, 22.3, 22.34, 22.32
2026-09-08, 20:22:16, 22.45, 22.5, 22.77, 22.75, 9999.0, 9999.0, 9999.0, 23.93, 9999.0, 22.7, 9999.0, 22.8, 22.52, 22.3, 22.36, 22.3
2026-09-08, 20:22:20, 22.45, 22.5, 22.77, 22.75, 9999.0, 9999.0, 9999.0, 23.95, 9999.0, 22.73, 9999.0, 22.77, 22.52, 22.3, 22.39, 22.3
2026-09-08, 20:22:24, 22.43, 22.5, 22.77, 22.75, 9999.0, 9999.0, 9999.0, 23.98, 9999.0, 22.73, 9999.0, 22.77, 22.52, 22.3, 22.36, 22.32
2026-09-08, 20:22:28, 22.41, 22.5, 22.77, 22.75, 9999.0, 9999.0, 9999.0, 24.0, 9999.0, 22.7, 9999.0, 22.75, 22.52, 22.3, 22.36, 22.34
2026-09-08, 20:22:32, 22.41, 22.5, 22.75, 22.75, 9999.0, 9999.0, 9999.0, 24.02, 9999.0, 22.68, 9999.0, 22.75, 22.52, 22.3, 22.34, 22.36
2026-09-08, 20:22:36, 22.39, 22.5, 22.75, 22.75, 9999.0, 9999.0, 9999.0, 24.05, 9999.0, 22.66, 9999.0, 22.73, 22.52, 22.3, 22.34, 22.36
2026-09-08, 20:22:40, 22.39, 22.5, 22.75, 22.75, 9999.0, 9999.0, 9999.0, 24.07, 9999.0, 22.64, 9999.0, 22.7, 22.52, 22.3, 22.32, 22.34
2026-09-08, 20:22:44, 22.39, 22.5, 22.75, 22.75, 9999.0, 9999.0, 9999.0, 24.09, 9999.0, 22.61, 9999.0, 22.7, 22.52, 22.3, 22.32, 22.34
2026-09-08, 20:22:48, 22.41, 22.5, 22.75, 22.75, 9999.0, 9999.0, 9999.0, 24.14, 9999.0, 22.59, 9999.0, 22.7, 22.52, 22.3, 22.32, 22.34
2026-09-08, 20:22:52, 22.41, 22.5, 22.75, 22.75, 9999.0, 9999.0, 9999.0, 24.07, 9999.0, 22.57, 9999.0, 22.7, 22.5, 22.27, 22.32, 22.32
2026-09-08, 20:22:56, 22.41, 22.5, 22.75, 22.75, 9999.0, 9999.0, 9999.0, 24.05, 9999.0, 22.55, 9999.0, 22.73, 22.5, 22.27, 22.34, 22.32
2026-09-08, 20:23:00, 22.41, 22.5, 22.75, 22.75, 9999.0, 9999.0, 9999.0, 24.0, 9999.0, 22.52, 9999.0, 22.75, 22.5, 22.27, 22.34, 22.32
2026-09-08, 20:23:04, 22.41, 22.5, 22.75, 22.75, 9999.0, 9999.0, 9999.0, 23.95, 9999.0, 22.5, 9999.0, 22.77, 22.5, 22.27, 22.34, 22.32
2026-09-08, 20:23:08, 22.41, 22.5, 22.75, 22.75, 9999.0, 9999.0, 9999.0, 23.91, 9999.0, 22.5, 9999.0, 22.8, 22.5, 22.3, 22.34, 22.32
2026-09-08, 20:23:12, 22.43, 22.5, 22.75, 22.75, 9999.0, 9999.0, 9999.0, 23.89, 9999.0, 22.5, 9999.0, 22.8, 22.5, 22.27, 22.34, 22.3
2026-09-08, 20:23:16, 22.41, 22.5, 22.75, 22.75, 9999.0, 9999.0, 9999.0, 23.84, 9999.0, 22.52, 9999.0, 22.8, 22.5, 22.27, 22.36, 22.27
2026-09-08, 20:23:20, 22.43, 22.5, 22.75, 22.75, 9999.0, 9999.0, 9999.0, 23.8, 9999.0, 22.55, 9999.0, 22.82, 22.5, 22.27, 22.36, 22.27
2026-09-08, 20:23:25, 22.43, 22.5, 22.75, 22.75, 9999.0, 9999.0, 9999.0, 23.82, 9999.0, 22.57, 9999.0, 22.84, 22.5, 22.27, 22.36, 22.3
2026-09-08, 20:23:29, 22.41, 22.5, 22.75, 22.75, 9999.0, 9999.0, 9999.0, 23.84, 9999.0, 22.59, 9999.0, 22.84, 22.5, 22.27, 22.36, 22.32
2026-09-08, 20:23:33, 22.41, 22.5, 22.75, 22.75, 9999.0, 9999.0, 9999.0, 23.86, 9999.0, 22.61, 9999.0, 22.84, 22.5, 22.27, 22.36, 22.34
2026-09-08, 20:23:37, 22.43, 22.5, 22.75, 22.75, 9999.0, 9999.0, 9999.0, 23.91, 9999.0, 22.61, 9999.0, 22.84, 22.5, 22.27, 22.39, 22.34
2026-09-08, 20:23:41, 22.43, 22.5, 22.75, 22.75, 9999.0, 9999.0, 9999.0, 23.91, 9999.0, 22.61, 9999.0, 22.82, 22.5, 22.3, 22.36, 22.36
2026-09-08, 20:23:45, 22.43, 22.5, 22.75, 22.75, 9999.0, 9999.0, 9999.0, 23.93, 9999.0, 22.61, 9999.0, 22.8, 22.5, 22.3, 22.34, 22.36
2026-09-08, 20:23:49, 22.43, 22.5, 22.75, 22.75, 9999.0, 9999.0, 9999.0, 23.95, 9999.0, 22.61, 9999.0, 22.77, 22.5, 22.3, 22.34, 22.36
2026-09-08, 20:23:53, 22.43, 22.5, 22.75, 22.75, 9999.0, 9999.0, 9999.0, 23.98, 9999.0, 22.61, 9999.0, 22.75, 22.5, 22.27, 22.34, 22.34
2026-09-08, 20:23:57, 22.41, 22.5, 22.75, 22.75, 9999.0, 9999.0, 9999.0, 24.0, 9999.0, 22.61, 9999.0, 22.73, 22.5, 22.27, 22.34, 22.34
2026-09-08, 20:24:01, 22.43, 22.5, 22.77, 22.75, 9999.0, 9999.0, 9999.0, 24.05, 9999.0, 22.59, 9999.0, 22.7, 22.5, 22.27, 22.34, 22.34
2026-09-08, 20:24:05, 22.41, 22.5, 22.77, 22.75, 9999.0, 9999.0, 9999.0, 24.09, 9999.0, 22.55, 9999.0, 22.7, 22.5, 22.27, 22.34, 22.34
2026-09-08, 20:24:09, 22.39, 22.5, 22.77, 22.75, 9999.0, 9999.0, 9999.0, 24.05, 9999.0, 22.5, 9999.0, 22.7, 22.5, 22.27, 22.34, 22.32
2026-09-08, 20:24:13, 22.41, 22.5, 22.77, 22.75, 9999.0, 9999.0, 9999.0, 24.0, 9999.0, 22.45, 9999.0, 22.73, 22.5, 22.27, 22.36, 22.32
2026-09-08, 20:24:17, 22.41, 22.5, 22.77, 22.75, 9999.0, 9999.0, 9999.0, 23.95, 9999.0, 22.41, 9999.0, 22.75, 22.5, 22.27, 22.36, 22.3
2026-09-08, 20:24:21, 22.41, 22.5, 22.77, 22.75, 9999.0, 9999.0, 9999.0, 23.91, 9999.0, 22.39, 9999.0, 22.77, 22.5, 22.27, 22.36, 22.3
2026-09-08, 20:24:25, 22.41, 22.5, 22.77, 22.75, 9999.0, 9999.0, 9999.0, 23.89, 9999.0, 22.39, 9999.0, 22.77, 22.5, 22.25, 22.39, 22.27
2026-09-08, 20:24:29, 22.41, 22.5, 22.77, 22.75, 9999.0, 9999.0, 9999.0, 23.86, 9999.0, 22.39, 9999.0, 22.77, 22.5, 22.27, 22.39, 22.3
2026-09-08, 20:24:33, 22.39, 22.5, 22.77, 22.75, 9999.0, 9999.0, 9999.0, 23.82, 9999.0, 22.39, 9999.0, 22.77, 22.5, 22.27, 22.36, 22.3
2026-09-08, 20:24:37, 22.41, 22.5, 22.77, 22.75, 9999.0, 9999.0, 9999.0, 23.8, 9999.0, 22.39, 9999.0, 22.77, 22.5, 22.27, 22.39, 22.3
2026-09-08, 20:24:41, 22.43, 22.5, 22.77, 22.75, 9999.0, 9999.0, 9999.0, 23.75, 9999.0, 22.39, 9999.0, 22.8, 22.5, 22.3, 22.41, 22.3
2026-09-08, 20:24:45, 22.41, 22.5, 22.75, 22.75, 9999.0, 9999.0, 9999.0, 23.77, 9999.0, 22.39, 9999.0, 22.82, 22.5, 22.3, 22.39, 22.32
2026-09-08, 20:24:49, 22.43, 22.5, 22.75, 22.75, 9999.0, 9999.0, 9999.0, 23.8, 9999.0, 22.41, 9999.0, 22.82, 22.5, 22.3, 22.39, 22.32
2026-09-08, 20:24:53, 22.43, 22.5, 22.75, 22.75, 9999.0, 9999.0, 9999.0, 23.84, 9999.0, 22.43, 9999.0, 22.82, 22.5, 22.3, 22.41, 22.34
2026-09-08, 20:24:57, 22.43, 22.5, 22.77, 22.75, 9999.0, 9999.0, 9999.0, 23.86, 9999.0, 22.43, 9999.0, 22.8, 22.5, 22.3, 22.39, 22.32
2026-09-08, 20:25:01, 22.43, 22.5, 22.77, 22.75, 9999.0, 9999.0, 9999.0, 23.89, 9999.0, 22.43, 9999.0, 22.77, 22.5, 22.32, 22.39, 22.32
2026-09-08, 20:25:05, 22.41, 22.5, 22.77, 22.75, 9999.0, 9999.0, 9999.0, 23.91, 9999.0, 22.43, 9999.0, 22.75, 22.5, 22.32, 22.36, 22.32
2026-09-08, 20:25:09, 22.39, 22.5, 22.77, 22.75, 9999.0, 9999.0, 9999.0, 23.93, 9999.0, 22.41, 9999.0, 22.75, 22.5, 22.32, 22.34, 22.34
2026-09-08, 20:25:13, 22.39, 22.5, 22.77, 22.75, 9999.0, 9999.0, 9999.0, 23.93, 9999.0, 22.39, 9999.0, 22.75, 22.5, 22.3, 22.34, 22.32
2026-09-08, 20:25:17, 22.41, 22.5, 22.77, 22.75, 9999.0, 9999.0, 9999.0, 23.95, 9999.0, 22.36, 9999.0, 22.73, 22.5, 22.3, 22.34, 22.32
2026-09-08, 20:25:21, 22.39, 22.5, 22.77, 22.75, 9999.0, 9999.0, 9999.0, 23.95, 9999.0, 22.34, 9999.0, 22.73, 22.5, 22.3, 22.34, 22.34
2026-09-08, 20:25:25, 22.36, 22.5, 22.77, 22.75, 9999.0, 9999.0, 9999.0, 23.98, 9999.0, 22.3, 9999.0, 22.73, 22.5, 22.27, 22.32, 22.34
2026-09-08, 20:25:29, 22.39, 22.5, 22.77, 22.75, 9999.0, 9999.0, 9999.0, 23.93, 9999.0, 22.25, 9999.0, 22.73, 22.5, 22.3, 22.34, 22.32
2026-09-08, 20:25:33, 22.39, 22.5, 22.77, 22.75, 9999.0, 9999.0, 9999.0, 23.89, 9999.0, 22.2, 9999.0, 22.75, 22.5, 22.3, 22.36, 22.32
2026-09-08, 20:25:37, 22.41, 22.5, 22.77, 22.75, 9999.0, 9999.0, 9999.0, 23.82, 9999.0, 22.16, 9999.0, 22.77, 22.5, 22.3, 22.34, 22.3
2026-09-08, 20:25:41, 22.41, 22.5, 22.75, 22.75, 9999.0, 9999.0, 9999.0, 23.8, 9999.0, 22.16, 9999.0, 22.8, 22.5, 22.3, 22.36, 22.3
2026-09-08, 20:25:45, 22.41, 22.5, 22.75, 22.75, 9999.0, 9999.0, 9999.0, 23.75, 9999.0, 22.16, 9999.0, 22.8, 22.5, 22.3, 22.36, 22.32
2026-09-08, 20:25:49, 22.41, 22.5, 22.75, 22.75, 9999.0, 9999.0, 9999.0, 23.7, 9999.0, 22.16, 9999.0, 22.8, 22.5, 22.3, 22.39, 22.34
2026-09-08, 20:25:53, 22.43, 22.5, 22.75, 22.75, 9999.0, 9999.0, 9999.0, 23.66, 9999.0, 22.16, 9999.0, 22.8, 22.5, 22.3, 22.41, 22.32
2026-09-08, 20:25:57, 22.43, 22.5, 22.75, 22.75, 9999.0, 9999.0, 9999.0, 23.64, 9999.0, 22.16, 9999.0, 22.8, 22.5, 22.3, 22.43, 22.34
2026-09-08, 20:26:01, 22.43, 22.5, 22.75, 22.75, 9999.0, 9999.0, 9999.0, 23.68, 9999.0, 22.16, 9999.0, 22.82, 22.5, 22.3, 22.45, 22.36
2026-09-08, 20:26:05, 22.45, 22.5, 22.75, 22.75, 9999.0, 9999.0, 9999.0, 23.73, 9999.0, 22.16, 9999.0, 22.82, 22.5, 22.3, 22.45, 22.36
2026-09-08, 20:26:09, 22.48, 22.5, 22.75, 22.75, 9999.0, 9999.0, 9999.0, 23.75, 9999.0, 22.18, 9999.0, 22.82, 22.5, 22.3, 22.45, 22.36
2026-09-08, 20:26:13, 22.45, 22.5, 22.75, 22.75, 9999.0, 9999.0, 9999.0, 23.77, 9999.0, 22.2, 9999.0, 22.82, 22.5, 22.27, 22.45, 22.39
2026-09-08, 20:26:17, 22.43, 22.5, 22.75, 22.75, 9999.0, 9999.0, 9999.0, 23.8, 9999.0, 22.23, 9999.0, 22.8, 22.5, 22.3, 22.43, 22.39
2026-09-08, 20:26:21, 22.43, 22.5, 22.75, 22.75, 9999.0, 9999.0, 9999.0, 23.84, 9999.0, 22.25, 9999.0, 22.77, 22.5, 22.32, 22.45, 22.39
2026-09-08, 20:26:25, 22.43, 22.5, 22.75, 22.75, 9999.0, 9999.0, 9999.0, 23.84, 9999.0, 22.23, 9999.0, 22.75, 22.5, 22.32, 22.43, 22.39
2026-09-08, 20:26:29, 22.41, 22.5, 22.75, 22.75, 9999.0, 9999.0, 9999.0, 23.86, 9999.0, 22.2, 9999.0, 22.73, 22.5, 22.32, 22.43, 22.36
2026-09-08, 20:26:33, 22.41, 22.5, 22.75, 22.75, 9999.0, 9999.0, 9999.0, 23.91, 9999.0, 22.2, 9999.0, 22.7, 22.5, 22.32, 22.43, 22.34
2026-09-08, 20:26:37, 22.41, 22.5, 22.75, 22.75, 9999.0, 9999.0, 9999.0, 23.93, 9999.0, 22.18, 9999.0, 22.68, 22.5, 22.32, 22.41, 22.36
2026-09-08, 20:26:41, 22.41, 22.5, 22.75, 22.75, 9999.0, 9999.0, 9999.0, 23.95, 9999.0, 22.16, 9999.0, 22.68, 22.5, 22.32, 22.39, 22.36
2026-09-08, 20:26:45, 22.39, 22.5, 22.75, 22.75, 9999.0, 9999.0, 9999.0, 23.91, 9999.0, 22.14, 9999.0, 22.68, 22.5, 22.32, 22.39, 22.34
2026-09-08, 20:26:49, 22.36, 22.5, 22.75, 22.75, 9999.0, 9999.0, 9999.0, 23.86, 9999.0, 22.11, 9999.0, 22.7, 22.5, 22.32, 22.36, 22.34
2026-09-08, 20:26:53, 22.36, 22.5, 22.75, 22.75, 9999.0, 9999.0, 9999.0, 23.84, 9999.0, 22.09, 9999.0, 22.73, 22.5, 22.32, 22.36, 22.34
2026-09-08, 20:26:57, 22.39, 22.5, 22.75, 22.75, 9999.0, 9999.0, 9999.0, 23.8, 9999.0, 22.07, 9999.0, 22.75, 22.5, 22.32, 22.36, 22.32
2026-09-08, 20:27:01, 22.41, 22.5, 22.75, 22.75, 9999.0, 9999.0, 9999.0, 23.75, 9999.0, 22.07, 9999.0, 22.75, 22.5, 22.3, 22.39, 22.34
2026-09-08, 20:27:05, 22.41, 22.5, 22.75, 22.75, 9999.0, 9999.0, 9999.0, 23.7, 9999.0, 22.05, 9999.0, 22.75, 22.5, 22.3, 22.39, 22.36
2026-09-08, 20:27:09, 22.39, 22.5, 22.75, 22.75, 9999.0, 9999.0, 9999.0, 23.68, 9999.0, 22.07, 9999.0, 22.75, 22.5, 22.3, 22.41, 22.39
2026-09-08, 20:27:13, 22.41, 22.5, 22.75, 22.75, 9999.0, 9999.0, 9999.0, 23.66, 9999.0, 22.09, 9999.0, 22.77, 22.5, 22.27, 22.41, 22.41
2026-09-08, 20:27:18, 22.41, 22.5, 22.75, 22.75, 9999.0, 9999.0, 9999.0, 23.61, 9999.0, 22.09, 9999.0, 22.8, 22.5, 22.27, 22.39, 22.43
2026-09-08, 20:27:22, 22.39, 22.5, 22.75, 22.75, 9999.0, 9999.0, 9999.0, 23.66, 9999.0, 22.11, 9999.0, 22.82, 22.5, 22.27, 22.39, 22.43
2026-09-08, 20:27:26, 22.36, 22.5, 22.75, 22.75, 9999.0, 9999.0, 9999.0, 23.7, 9999.0, 22.14, 9999.0, 22.82, 22.5, 22.3, 22.41, 22.43
2026-09-08, 20:27:30, 22.39, 22.5, 22.75, 22.75, 9999.0, 9999.0, 9999.0, 23.73, 9999.0, 22.14, 9999.0, 22.82, 22.5, 22.3, 22.41, 22.45
2026-09-08, 20:27:34, 22.39, 22.5, 22.75, 22.75, 9999.0, 9999.0, 9999.0, 23.75, 9999.0, 22.14, 9999.0, 22.8, 22.5, 22.3, 22.41, 22.43
2026-09-08, 20:27:38, 22.39, 22.5, 22.75, 22.75, 9999.0, 9999.0, 9999.0, 23.75, 9999.0, 22.14, 9999.0, 22.77, 22.5, 22.3, 22.43, 22.45
2026-09-08, 20:27:42, 22.36, 22.5, 22.75, 22.75, 9999.0, 9999.0, 9999.0, 23.77, 9999.0, 22.14, 9999.0, 22.75, 22.5, 22.32, 22.43, 22.48
2026-09-08, 20:27:46, 22.34, 22.5, 22.75, 22.75, 9999.0, 9999.0, 9999.0, 23.8, 9999.0, 22.11, 9999.0, 22.75, 22.5, 22.32, 22.43, 22.48
2026-09-08, 20:27:50, 22.32, 22.5, 22.75, 22.75, 9999.0, 9999.0, 9999.0, 23.82, 9999.0, 22.11, 9999.0, 22.75, 22.5, 22.3, 22.41, 22.45
2026-09-08, 20:27:54, 22.32, 22.5, 22.75, 22.75, 9999.0, 9999.0, 9999.0, 23.84, 9999.0, 22.09, 9999.0, 22.75, 22.5, 22.32, 22.39, 22.43
2026-09-08, 20:27:58, 22.32, 22.5, 22.75, 22.75, 9999.0, 9999.0, 9999.0, 23.86, 9999.0, 22.07, 9999.0, 22.75, 22.5, 22.32, 22.39, 22.43
2026-09-08, 20:28:02, 22.32, 22.5, 22.75, 22.75, 9999.0, 9999.0, 9999.0, 23.89, 9999.0, 22.05, 9999.0, 22.75, 22.5, 22.34, 22.41, 22.41
2026-09-08, 20:28:06, 22.32, 22.5, 22.75, 22.75, 9999.0, 9999.0, 9999.0, 23.84, 9999.0, 22.02, 9999.0, 22.75, 22.5, 22.34, 22.43, 22.41
2026-09-08, 20:28:10, 22.34, 22.5, 22.75, 22.75, 9999.0, 9999.0, 9999.0, 23.77, 9999.0, 22.0, 9999.0, 22.77, 22.52, 22.32, 22.43, 22.41
2026-09-08, 20:28:14, 22.32, 22.5, 22.75, 22.75, 9999.0, 9999.0, 9999.0, 23.75, 9999.0, 22.0, 9999.0, 22.77, 22.52, 22.34, 22.43, 22.41
2026-09-08, 20:28:18, 22.32, 22.5, 22.75, 22.75, 9999.0, 9999.0, 9999.0, 23.7, 9999.0, 22.02, 9999.0, 22.8, 22.52, 22.36, 22.43, 22.43
2026-09-08, 20:28:22, 22.3, 22.5, 22.75, 22.75, 9999.0, 9999.0, 9999.0, 23.68, 9999.0, 22.02, 9999.0, 22.82, 22.52, 22.36, 22.43, 22.43
2026-09-08, 20:28:26, 22.32, 22.5, 22.75, 22.75, 9999.0, 9999.0, 9999.0, 23.66, 9999.0, 22.05, 9999.0, 22.82, 22.52, 22.34, 22.43, 22.43
2026-09-08, 20:28:30, 22.32, 22.5, 22.75, 22.75, 9999.0, 9999.0, 9999.0, 23.61, 9999.0, 22.07, 9999.0, 22.82, 22.52, 22.34, 22.43, 22.43
2026-09-08, 20:28:34, 22.34, 22.5, 22.75, 22.75, 9999.0, 9999.0, 9999.0, 23.59, 9999.0, 22.09, 9999.0, 22.82, 22.52, 22.36, 22.45, 22.45
2026-09-08, 20:28:38, 22.36, 22.5, 22.75, 22.75, 9999.0, 9999.0, 9999.0, 23.64, 9999.0, 22.11, 9999.0, 22.82, 22.52, 22.36, 22.45, 22.48
2026-09-08, 20:28:42, 22.36, 22.5, 22.75, 22.75, 9999.0, 9999.0, 9999.0, 23.68, 9999.0, 22.14, 9999.0, 22.82, 22.52, 22.36, 22.45, 22.48
2026-09-08, 20:28:46, 22.36, 22.5, 22.75, 22.75, 9999.0, 9999.0, 9999.0, 23.7, 9999.0, 22.16, 9999.0, 22.82, 22.55, 22.34, 22.43, 22.5
2026-09-08, 20:28:50, 22.39, 22.5, 22.75, 22.75, 9999.0, 9999.0, 9999.0, 23.73, 9999.0, 22.18, 9999.0, 22.82, 22.55, 22.36, 22.41, 22.5
2026-09-08, 20:28:54, 22.36, 22.5, 22.75, 22.75, 9999.0, 9999.0, 9999.0, 23.75, 9999.0, 22.18, 9999.0, 22.8, 22.52, 22.36, 22.39, 22.5
2026-09-08, 20:28:58, 22.36, 22.5, 22.75, 22.75, 9999.0, 9999.0, 9999.0, 23.75, 9999.0, 22.18, 9999.0, 22.8, 22.52, 22.34, 22.36, 22.5
2026-09-08, 20:29:02, 22.36, 22.5, 22.75, 22.75, 9999.0, 9999.0, 9999.0, 23.77, 9999.0, 22.16, 9999.0, 22.77, 22.52, 22.32, 22.39, 22.5
2026-09-08, 20:29:06, 22.36, 22.5, 22.75, 22.75, 9999.0, 9999.0, 9999.0, 23.8, 9999.0, 22.16, 9999.0, 22.75, 22.52, 22.32, 22.39, 22.5
2026-09-08, 20:29:10, 22.36, 22.5, 22.75, 22.75, 9999.0, 9999.0, 9999.0, 23.82, 9999.0, 22.16, 9999.0, 22.75, 22.52, 22.34, 22.39, 22.48
2026-09-08, 20:29:14, 22.39, 22.5, 22.75, 22.75, 9999.0, 9999.0, 9999.0, 23.86, 9999.0, 22.14, 9999.0, 22.75, 22.52, 22.36, 22.39, 22.45
2026-09-08, 20:29:18, 22.39, 22.5, 22.75, 22.75, 9999.0, 9999.0, 9999.0, 23.89, 9999.0, 22.11, 9999.0, 22.75, 22.52, 22.34, 22.39, 22.45
2026-09-08, 20:29:22, 22.39, 22.5, 22.75, 22.75, 9999.0, 9999.0, 9999.0, 23.84, 9999.0, 22.09, 9999.0, 22.75, 22.52, 22.32, 22.41, 22.45
2026-09-08, 20:29:26, 22.39, 22.5, 22.75, 22.77, 9999.0, 9999.0, 9999.0, 23.77, 9999.0, 22.07, 9999.0, 22.77, 22.52, 22.32, 22.41, 22.43
2026-09-08, 20:29:30, 22.41, 22.5, 22.75, 22.77, 9999.0, 9999.0, 9999.0, 23.73, 9999.0, 22.05, 9999.0, 22.8, 22.5, 22.34, 22.43, 22.43
2026-09-08, 20:29:34, 22.39, 22.5, 22.75, 22.77, 9999.0, 9999.0, 9999.0, 23.68, 9999.0, 22.02, 9999.0, 22.82, 22.5, 22.32, 22.45, 22.43
2026-09-08, 20:29:38, 22.39, 22.5, 22.75, 22.77, 9999.0, 9999.0, 9999.0, 23.66, 9999.0, 22.05, 9999.0, 22.82, 22.5, 22.32, 22.48, 22.43
2026-09-08, 20:29:42, 22.39, 22.5, 22.75, 22.77, 9999.0, 9999.0, 9999.0, 23.64, 9999.0, 22.07, 9999.0, 22.82, 22.5, 22.34, 22.5, 22.43
2026-09-08, 20:29:46, 22.39, 22.5, 22.75, 22.8, 9999.0, 9999.0, 9999.0, 23.59, 9999.0, 22.09, 9999.0, 22.84, 22.52, 22.34, 22.48, 22.43
2026-09-08, 20:29:50, 22.41, 22.5, 22.77, 22.8, 9999.0, 9999.0, 9999.0, 23.55, 9999.0, 22.11, 9999.0, 22.84, 22.55, 22.34, 22.45, 22.41
2026-09-08, 20:29:54, 22.41, 22.5, 22.77, 22.8, 9999.0, 9999.0, 9999.0, 23.52, 9999.0, 22.11, 9999.0, 22.84, 22.57, 22.32, 22.43, 22.43
2026-09-08, 20:29:58, 22.39, 22.5, 22.8, 22.8, 9999.0, 9999.0, 9999.0, 23.57, 9999.0, 22.14, 9999.0, 22.84, 22.57, 22.32, 22.43, 22.45
2026-09-08, 20:30:02, 22.39, 22.5, 22.8, 22.8, 9999.0, 9999.0, 9999.0, 23.59, 9999.0, 22.16, 9999.0, 22.84, 22.57, 22.32, 22.43, 22.45
2026-09-08, 20:30:06, 22.36, 22.5, 22.8, 22.8, 9999.0, 9999.0, 9999.0, 23.61, 9999.0, 22.18, 9999.0, 22.84, 22.57, 22.32, 22.43, 22.45
2026-09-08, 20:30:10, 22.36, 22.5, 22.8, 22.77, 9999.0, 9999.0, 9999.0, 23.66, 9999.0, 22.2, 9999.0, 22.82, 22.57, 22.32, 22.41, 22.48
2026-09-08, 20:30:14, 22.34, 22.5, 22.8, 22.77, 9999.0, 9999.0, 9999.0, 23.7, 9999.0, 22.23, 9999.0, 22.8, 22.57, 22.32, 22.41, 22.48
2026-09-08, 20:30:18, 22.36, 22.5, 22.8, 22.77, 9999.0, 9999.0, 9999.0, 23.73, 9999.0, 22.25, 9999.0, 22.77, 22.57, 22.32, 22.41, 22.48
2026-09-08, 20:30:22, 22.39, 22.5, 22.8, 22.77, 9999.0, 9999.0, 9999.0, 23.75, 9999.0, 22.25, 9999.0, 22.77, 22.57, 22.32, 22.41, 22.48
2026-09-08, 20:30:26, 22.41, 22.5, 22.8, 22.77, 9999.0, 9999.0, 9999.0, 23.77, 9999.0, 22.23, 9999.0, 22.75, 22.57, 22.32, 22.41, 22.48
2026-09-08, 20:30:30, 22.43, 22.5, 22.8, 22.75, 9999.0, 9999.0, 9999.0, 23.82, 9999.0, 22.23, 9999.0, 22.73, 22.55, 22.34, 22.41, 22.48
2026-09-08, 20:30:34, 22.41, 22.5, 22.77, 22.75, 9999.0, 9999.0, 9999.0, 23.86, 9999.0, 22.23, 9999.0, 22.73, 22.52, 22.34, 22.43, 22.5
2026-09-08, 20:30:38, 22.41, 22.5, 22.77, 22.75, 9999.0, 9999.0, 9999.0, 23.89, 9999.0, 22.23, 9999.0, 22.73, 22.5, 22.34, 22.45, 22.5
2026-09-08, 20:30:42, 22.43, 22.5, 22.75, 22.75, 9999.0, 9999.0, 9999.0, 23.82, 9999.0, 22.2, 9999.0, 22.75, 22.5, 22.32, 22.45, 22.5
2026-09-08, 20:30:46, 22.43, 22.5, 22.75, 22.75, 9999.0, 9999.0, 9999.0, 23.77, 9999.0, 22.18, 9999.0, 22.77, 22.5, 22.32, 22.45, 22.5
2026-09-08, 20:30:50, 22.45, 22.5, 22.75, 22.75, 9999.0, 9999.0, 9999.0, 23.73, 9999.0, 22.16, 9999.0, 22.8, 22.5, 22.34, 22.45, 22.5
2026-09-08, 20:30:54, 22.45, 22.5, 22.75, 22.75, 9999.0, 9999.0, 9999.0, 23.68, 9999.0, 22.16, 9999.0, 22.82, 22.52, 22.34, 22.48, 22.5
2026-09-08, 20:30:58, 22.48, 22.5, 22.75, 22.75, 9999.0, 9999.0, 9999.0, 23.64, 9999.0, 22.16, 9999.0, 22.82, 22.52, 22.32, 22.48, 22.5
2026-09-08, 20:31:02, 22.45, 22.5, 22.75, 22.75, 9999.0, 9999.0, 9999.0, 23.61, 9999.0, 22.16, 9999.0, 22.84, 22.55, 22.34, 22.48, 22.5
2026-09-08, 20:31:06, 22.45, 22.5, 22.75, 22.75, 9999.0, 9999.0, 9999.0, 23.57, 9999.0, 22.18, 9999.0, 22.84, 22.55, 22.34, 22.48, 22.5
2026-09-08, 20:31:11, 22.45, 22.5, 22.75, 22.77, 9999.0, 9999.0, 9999.0, 23.55, 9999.0, 22.23, 9999.0, 22.86, 22.55, 22.34, 22.48, 22.5
2026-09-08, 20:31:15, 22.43, 22.5, 22.75, 22.77, 9999.0, 9999.0, 9999.0, 23.57, 9999.0, 22.25, 9999.0, 22.86, 22.57, 22.34, 22.5, 22.5
2026-09-08, 20:31:19, 22.43, 22.5, 22.75, 22.77, 9999.0, 9999.0, 9999.0, 23.61, 9999.0, 22.27, 9999.0, 22.86, 22.57, 22.34, 22.5, 22.5
2026-09-08, 20:31:23, 22.43, 22.5, 22.77, 22.77, 9999.0, 9999.0, 9999.0, 23.64, 9999.0, 22.3, 9999.0, 22.86, 22.57, 22.34, 22.48, 22.5
2026-09-08, 20:31:27, 22.43, 22.5, 22.77, 22.77, 9999.0, 9999.0, 9999.0, 23.68, 9999.0, 22.34, 9999.0, 22.84, 22.57, 22.36, 22.48, 22.5
2026-09-08, 20:31:31, 22.41, 22.5, 22.77, 22.8, 9999.0, 9999.0, 9999.0, 23.7, 9999.0, 22.39, 9999.0, 22.82, 22.57, 22.36, 22.45, 22.5
2026-09-08, 20:31:35, 22.39, 22.5, 22.77, 22.8, 9999.0, 9999.0, 9999.0, 23.73, 9999.0, 22.41, 9999.0, 22.8, 22.57, 22.34, 22.43, 22.5
2026-09-08, 20:31:39, 22.39, 22.5, 22.77, 22.8, 9999.0, 9999.0, 9999.0, 23.75, 9999.0, 22.41, 9999.0, 22.77, 22.55, 22.34, 22.43, 22.5
2026-09-08, 20:31:43, 22.39, 22.5, 22.77, 22.8, 9999.0, 9999.0, 9999.0, 23.77, 9999.0, 22.41, 9999.0, 22.75, 22.55, 22.36, 22.43, 22.5
2026-09-08, 20:31:47, 22.41, 22.5, 22.77, 22.8, 9999.0, 9999.0, 9999.0, 23.82, 9999.0, 22.41, 9999.0, 22.73, 22.52, 22.34, 22.43, 22.5
2026-09-08, 20:31:51, 22.39, 22.5, 22.77, 22.8, 9999.0, 9999.0, 9999.0, 23.86, 9999.0, 22.39, 9999.0, 22.73, 22.52, 22.34, 22.41, 22.5
2026-09-08, 20:31:55, 22.39, 22.5, 22.77, 22.77, 9999.0, 9999.0, 9999.0, 23.89, 9999.0, 22.36, 9999.0, 22.73, 22.52, 22.32, 22.41, 22.5
2026-09-08, 20:31:59, 22.39, 22.5, 22.77, 22.77, 9999.0, 9999.0, 9999.0, 23.86, 9999.0, 22.34, 9999.0, 22.73, 22.5, 22.3, 22.41, 22.48
2026-09-08, 20:32:03, 22.39, 22.5, 22.77, 22.77, 9999.0, 9999.0, 9999.0, 23.82, 9999.0, 22.32, 9999.0, 22.75, 22.5, 22.3, 22.41, 22.48
2026-09-08, 20:32:07, 22.36, 22.5, 22.75, 22.77, 9999.0, 9999.0, 9999.0, 23.8, 9999.0, 22.3, 9999.0, 22.77, 22.5, 22.32, 22.43, 22.48
2026-09-08, 20:32:11, 22.34, 22.5, 22.75, 22.77, 9999.0, 9999.0, 9999.0, 23.75, 9999.0, 22.25, 9999.0, 22.8, 22.5, 22.3, 22.43, 22.48
2026-09-08, 20:32:15, 22.36, 22.5, 22.75, 22.75, 9999.0, 9999.0, 9999.0, 23.73, 9999.0, 22.23, 9999.0, 22.8, 22.5, 22.32, 22.45, 22.48
2026-09-08, 20:32:19, 22.39, 22.5, 22.75, 22.75, 9999.0, 9999.0, 9999.0, 23.7, 9999.0, 22.23, 9999.0, 22.82, 22.5, 22.32, 22.48, 22.48
2026-09-08, 20:32:23, 22.36, 22.5, 22.75, 22.77, 9999.0, 9999.0, 9999.0, 23.68, 9999.0, 22.25, 9999.0, 22.82, 22.5, 22.32, 22.48, 22.48
2026-09-08, 20:32:27, 22.34, 22.5, 22.75, 22.77, 9999.0, 9999.0, 9999.0, 23.66, 9999.0, 22.27, 9999.0, 22.84, 22.5, 22.32, 22.45, 22.48
2026-09-08, 20:32:31, 22.34, 22.5, 22.75, 22.77, 9999.0, 9999.0, 9999.0, 23.59, 9999.0, 22.3, 9999.0, 22.84, 22.5, 22.32, 22.43, 22.48
2026-09-08, 20:32:35, 22.36, 22.5, 22.75, 22.77, 9999.0, 9999.0, 9999.0, 23.64, 9999.0, 22.3, 9999.0, 22.84, 22.5, 22.32, 22.45, 22.48
2026-09-08, 20:32:39, 22.36, 22.5, 22.75, 22.77, 9999.0, 9999.0, 9999.0, 23.68, 9999.0, 22.3, 9999.0, 22.84, 22.5, 22.32, 22.43, 22.48
2026-09-08, 20:32:43, 22.39, 22.5, 22.77, 22.77, 9999.0, 9999.0, 9999.0, 23.7, 9999.0, 22.32, 9999.0, 22.84, 22.5, 22.34, 22.43, 22.5
2026-09-08, 20:32:47, 22.39, 22.5, 22.77, 22.77, 9999.0, 9999.0, 9999.0, 23.73, 9999.0, 22.32, 9999.0, 22.82, 22.5, 22.34, 22.43, 22.5
2026-09-08, 20:32:51, 22.39, 22.5, 22.77, 22.77, 9999.0, 9999.0, 9999.0, 23.75, 9999.0, 22.34, 9999.0, 22.8, 22.5, 22.32, 22.43, 22.5
2026-09-08, 20:32:55, 22.41, 22.5, 22.77, 22.77, 9999.0, 9999.0, 9999.0, 23.77, 9999.0, 22.36, 9999.0, 22.77, 22.5, 22.32, 22.43, 22.5
2026-09-08, 20:32:59, 22.41, 22.5, 22.77, 22.77, 9999.0, 9999.0, 9999.0, 23.8, 9999.0, 22.36, 9999.0, 22.77, 22.5, 22.3, 22.43, 22.5
2026-09-08, 20:33:03, 22.39, 22.5, 22.77, 22.77, 9999.0, 9999.0, 9999.0, 23.82, 9999.0, 22.36, 9999.0, 22.75, 22.5, 22.3, 22.43, 22.5
2026-09-08, 20:33:07, 22.41, 22.5, 22.77, 22.75, 9999.0, 9999.0, 9999.0, 23.84, 9999.0, 22.34, 9999.0, 22.75, 22.5, 22.3, 22.41, 22.5
2026-09-08, 20:33:11, 22.41, 22.5, 22.77, 22.75, 9999.0, 9999.0, 9999.0, 23.86, 9999.0, 22.32, 9999.0, 22.75, 22.5, 22.27, 22.43, 22.5
2026-09-08, 20:33:15, 22.41, 22.5, 22.77, 22.75, 9999.0, 9999.0, 9999.0, 23.91, 9999.0, 22.3, 9999.0, 22.75, 22.5, 22.3, 22.45, 22.5
2026-09-08, 20:33:19, 22.41, 22.5, 22.77, 22.75, 9999.0, 9999.0, 9999.0, 23.84, 9999.0, 22.3, 9999.0, 22.75, 22.5, 22.3, 22.45, 22.5
2026-09-08, 20:33:23, 22.41, 22.5, 22.77, 22.77, 9999.0, 9999.0, 9999.0, 23.8, 9999.0, 22.3, 9999.0, 22.77, 22.5, 22.3, 22.48, 22.5
2026-09-08, 20:33:27, 22.41, 22.5, 22.75, 22.77, 9999.0, 9999.0, 9999.0, 23.75, 9999.0, 22.27, 9999.0, 22.8, 22.5, 22.27, 22.45, 22.5
2026-09-08, 20:33:31, 22.43, 22.5, 22.75, 22.77, 9999.0, 9999.0, 9999.0, 23.7, 9999.0, 22.3, 9999.0, 22.82, 22.5, 22.3, 22.45, 22.5
2026-09-08, 20:33:35, 22.45, 22.5, 22.75, 22.77, 9999.0, 9999.0, 9999.0, 23.66, 9999.0, 22.3, 9999.0, 22.82, 22.5, 22.3, 22.45, 22.5
2026-09-08, 20:33:39, 22.43, 22.5, 22.75, 22.8, 9999.0, 9999.0, 9999.0, 23.64, 9999.0, 22.32, 9999.0, 22.82, 22.52, 22.32, 22.45, 22.5
2026-09-08, 20:33:43, 22.43, 22.5, 22.75, 22.8, 9999.0, 9999.0, 9999.0, 23.61, 9999.0, 22.36, 9999.0, 22.82, 22.52, 22.32, 22.45, 22.5
2026-09-08, 20:33:47, 22.45, 22.5, 22.75, 22.8, 9999.0, 9999.0, 9999.0, 23.59, 9999.0, 22.41, 9999.0, 22.82, 22.52, 22.32, 22.45, 22.5
2026-09-08, 20:33:51, 22.45, 22.5, 22.75, 22.8, 9999.0, 9999.0, 9999.0, 23.64, 9999.0, 22.45, 9999.0, 22.82, 22.52, 22.34, 22.48, 22.5
2026-09-08, 20:33:55, 22.48, 22.5, 22.75, 22.8, 9999.0, 9999.0, 9999.0, 23.68, 9999.0, 22.48, 9999.0, 22.82, 22.52, 22.34, 22.45, 22.5
2026-09-08, 20:33:59, 22.48, 22.5, 22.75, 22.8, 9999.0, 9999.0, 9999.0, 23.73, 9999.0, 22.5, 9999.0, 22.82, 22.52, 22.32, 22.45, 22.5
2026-09-08, 20:34:03, 22.48, 22.5, 22.75, 22.8, 9999.0, 9999.0, 9999.0, 23.77, 9999.0, 22.52, 9999.0, 22.82, 22.52, 22.32, 22.45, 22.5
2026-09-08, 20:34:07, 22.45, 22.5, 22.75, 22.77, 9999.0, 9999.0, 9999.0, 23.8, 9999.0, 22.55, 9999.0, 22.8, 22.52, 22.32, 22.45, 22.5
2026-09-08, 20:34:11, 22.45, 22.5, 22.75, 22.8, 9999.0, 9999.0, 9999.0, 23.84, 9999.0, 22.57, 9999.0, 22.77, 22.52, 22.32, 22.48, 22.5
2026-09-08, 20:34:15, 22.45, 22.5, 22.75, 22.8, 9999.0, 9999.0, 9999.0, 23.89, 9999.0, 22.57, 9999.0, 22.75, 22.52, 22.3, 22.48, 22.5
2026-09-08, 20:34:19, 22.45, 22.5, 22.75, 22.8, 9999.0, 9999.0, 9999.0, 23.91, 9999.0, 22.57, 9999.0, 22.73, 22.52, 22.3, 22.48, 22.5
2026-09-08, 20:34:23, 22.48, 22.5, 22.75, 22.8, 9999.0, 9999.0, 9999.0, 23.95, 9999.0, 22.57, 9999.0, 22.73, 22.5, 22.27, 22.48, 22.5
2026-09-08, 20:34:27, 22.48, 22.5, 22.75, 22.8, 9999.0, 9999.0, 9999.0, 24.0, 9999.0, 22.55, 9999.0, 22.73, 22.5, 22.27, 22.48, 22.5
2026-09-08, 20:34:31, 22.45, 22.5, 22.75, 22.8, 9999.0, 9999.0, 9999.0, 24.02, 9999.0, 22.52, 9999.0, 22.73, 22.5, 22.27, 22.48, 22.5
2026-09-08, 20:34:35, 22.45, 22.5, 22.75, 22.8, 9999.0, 9999.0, 9999.0, 23.98, 9999.0, 22.5, 9999.0, 22.73, 22.5, 22.25, 22.48, 22.5
2026-09-08, 20:34:39, 22.43, 22.5, 22.75, 22.8, 9999.0, 9999.0, 9999.0, 23.93, 9999.0, 22.5, 9999.0, 22.75, 22.5, 22.25, 22.5, 22.5
2026-09-08, 20:34:43, 22.41, 22.5, 22.75, 22.8, 9999.0, 9999.0, 9999.0, 23.89, 9999.0, 22.5, 9999.0, 22.77, 22.5, 22.25, 22.48, 22.5
2026-09-08, 20:34:47, 22.41, 22.5, 22.75, 22.82, 9999.0, 9999.0, 9999.0, 23.86, 9999.0, 22.48, 9999.0, 22.8, 22.5, 22.25, 22.48, 22.5
2026-09-08, 20:34:51, 22.43, 22.5, 22.77, 22.82, 9999.0, 9999.0, 9999.0, 23.84, 9999.0, 22.48, 9999.0, 22.82, 22.5, 22.25, 22.48, 22.5
2026-09-08, 20:34:55, 22.43, 22.5, 22.77, 22.8, 9999.0, 9999.0, 9999.0, 23.82, 9999.0, 22.5, 9999.0, 22.82, 22.5, 22.25, 22.48, 22.5
2026-09-08, 20:35:00, 22.41, 22.5, 22.77, 22.8, 9999.0, 9999.0, 9999.0, 23.77, 9999.0, 22.52, 9999.0, 22.82, 22.5, 22.25, 22.45, 22.5
2026-09-08, 20:35:04, 22.41, 22.5, 22.77, 22.8, 9999.0, 9999.0, 9999.0, 23.75, 9999.0, 22.55, 9999.0, 22.84, 22.5, 22.25, 22.45, 22.5
2026-09-08, 20:35:08, 22.41, 22.5, 22.77, 22.77, 9999.0, 9999.0, 9999.0, 23.7, 9999.0, 22.57, 9999.0, 22.84, 22.5, 22.25, 22.45, 22.5
2026-09-08, 20:35:12, 22.41, 22.5, 22.77, 22.77, 9999.0, 9999.0, 9999.0, 23.73, 9999.0, 22.59, 9999.0, 22.84, 22.5, 22.25, 22.43, 22.5
2026-09-08, 20:35:16, 22.43, 22.5, 22.77, 22.77, 9999.0, 9999.0, 9999.0, 23.77, 9999.0, 22.59, 9999.0, 22.84, 22.52, 22.25, 22.43, 22.5
2026-09-08, 20:35:20, 22.43, 22.5, 22.77, 22.77, 9999.0, 9999.0, 9999.0, 23.82, 9999.0, 22.59, 9999.0, 22.84, 22.52, 22.25, 22.43, 22.48
2026-09-08, 20:35:24, 22.45, 22.5, 22.77, 22.77, 9999.0, 9999.0, 9999.0, 23.84, 9999.0, 22.59, 9999.0, 22.82, 22.52, 22.25, 22.41, 22.48
2026-09-08, 20:35:28, 22.48, 22.5, 22.8, 22.77, 9999.0, 9999.0, 9999.0, 23.86, 9999.0, 22.59, 9999.0, 22.8, 22.52, 22.25, 22.43, 22.48
2026-09-08, 20:35:32, 22.48, 22.5, 22.8, 22.75, 9999.0, 9999.0, 9999.0, 23.89, 9999.0, 22.61, 9999.0, 22.77, 22.52, 22.25, 22.43, 22.48
2026-09-08, 20:35:36, 22.48, 22.5, 22.77, 22.75, 9999.0, 9999.0, 9999.0, 23.89, 9999.0, 22.61, 9999.0, 22.75, 22.52, 22.25, 22.43, 22.45
2026-09-08, 20:35:40, 22.45, 22.5, 22.77, 22.75, 9999.0, 9999.0, 9999.0, 23.91, 9999.0, 22.59, 9999.0, 22.75, 22.52, 22.25, 22.43, 22.45
2026-09-08, 20:35:44, 22.45, 22.5, 22.77, 22.75, 9999.0, 9999.0, 9999.0, 23.95, 9999.0, 22.57, 9999.0, 22.75, 22.52, 22.25, 22.45, 22.45
2026-09-08, 20:35:48, 22.45, 22.5, 22.77, 22.75, 9999.0, 9999.0, 9999.0, 24.0, 9999.0, 22.55, 9999.0, 22.75, 22.52, 22.25, 22.45, 22.45
2026-09-08, 20:35:52, 22.43, 22.5, 22.77, 22.75, 9999.0, 9999.0, 9999.0, 24.02, 9999.0, 22.52, 9999.0, 22.75, 22.52, 22.25, 22.45, 22.45
2026-09-08, 20:35:56, 22.41, 22.5, 22.77, 22.75, 9999.0, 9999.0, 9999.0, 23.98, 9999.0, 22.5, 9999.0, 22.77, 22.52, 22.25, 22.48, 22.45
2026-09-08, 20:36:00, 22.41, 22.5, 22.77, 22.75, 9999.0, 9999.0, 9999.0, 23.93, 9999.0, 22.5, 9999.0, 22.8, 22.5, 22.25, 22.48, 22.45
2026-09-08, 20:36:04, 22.39, 22.5, 22.77, 22.75, 9999.0, 9999.0, 9999.0, 23.89, 9999.0, 22.5, 9999.0, 22.82, 22.5, 22.25, 22.48, 22.48
2026-09-08, 20:36:08, 22.36, 22.5, 22.8, 22.75, 9999.0, 9999.0, 9999.0, 23.86, 9999.0, 22.52, 9999.0, 22.84, 22.5, 22.25, 22.5, 22.48
2026-09-08, 20:36:12, 22.34, 22.5, 22.77, 22.75, 9999.0, 9999.0, 9999.0, 23.84, 9999.0, 22.55, 9999.0, 22.84, 22.5, 22.25, 22.5, 22.48
2026-09-08, 20:36:16, 22.34, 22.5, 22.8, 22.75, 9999.0, 9999.0, 9999.0, 23.8, 9999.0, 22.57, 9999.0, 22.84, 22.52, 22.25, 22.48, 22.45
2026-09-08, 20:36:20, 22.32, 22.5, 22.8, 22.75, 9999.0, 9999.0, 9999.0, 23.77, 9999.0, 22.59, 9999.0, 22.84, 22.52, 22.25, 22.48, 22.48
2026-09-08, 20:36:24, 22.34, 22.5, 22.8, 22.75, 9999.0, 9999.0, 9999.0, 23.73, 9999.0, 22.61, 9999.0, 22.84, 22.55, 22.27, 22.48, 22.48
2026-09-08, 20:36:28, 22.34, 22.5, 22.8, 22.75, 9999.0, 9999.0, 9999.0, 23.77, 9999.0, 22.64, 9999.0, 22.84, 22.55, 22.27, 22.48, 22.48
2026-09-08, 20:36:32, 22.32, 22.5, 22.8, 22.75, 9999.0, 9999.0, 9999.0, 23.8, 9999.0, 22.66, 9999.0, 22.84, 22.55, 22.27, 22.48, 22.48
2026-09-08, 20:36:36, 22.34, 22.5, 22.8, 22.75, 9999.0, 9999.0, 9999.0, 23.84, 9999.0, 22.68, 9999.0, 22.84, 22.55, 22.27, 22.48, 22.45
2026-09-08, 20:36:40, 22.34, 22.5, 22.8, 22.75, 9999.0, 9999.0, 9999.0, 23.89, 9999.0, 22.7, 9999.0, 22.82, 22.55, 22.27, 22.45, 22.45
2026-09-08, 20:36:44, 22.34, 22.5, 22.8, 22.75, 9999.0, 9999.0, 9999.0, 23.93, 9999.0, 22.73, 9999.0, 22.8, 22.55, 22.27, 22.45, 22.45
2026-09-08, 20:36:48, 22.36, 22.5, 22.8, 22.75, 9999.0, 9999.0, 9999.0, 23.95, 9999.0, 22.75, 9999.0, 22.77, 22.55, 22.27, 22.45, 22.45
2026-09-08, 20:36:52, 22.36, 22.5, 22.77, 22.75, 9999.0, 9999.0, 9999.0, 23.98, 9999.0, 22.73, 9999.0, 22.75, 22.55, 22.27, 22.45, 22.45
2026-09-08, 20:36:56, 22.39, 22.5, 22.77, 22.75, 9999.0, 9999.0, 9999.0, 24.0, 9999.0, 22.73, 9999.0, 22.75, 22.55, 22.27, 22.43, 22.45
2026-09-08, 20:37:00, 22.39, 22.5, 22.75, 22.75, 9999.0, 9999.0, 9999.0, 24.05, 9999.0, 22.7, 9999.0, 22.75, 22.52, 22.27, 22.45, 22.48
2026-09-08, 20:37:04, 22.41, 22.5, 22.75, 22.75, 9999.0, 9999.0, 9999.0, 24.09, 9999.0, 22.68, 9999.0, 22.75, 22.52, 22.3, 22.45, 22.48
2026-09-08, 20:37:08, 22.41, 22.5, 22.75, 22.75, 9999.0, 9999.0, 9999.0, 24.14, 9999.0, 22.66, 9999.0, 22.75, 22.5, 22.27, 22.43, 22.48
2026-09-08, 20:37:12, 22.43, 22.5, 22.75, 22.75, 9999.0, 9999.0, 9999.0, 24.09, 9999.0, 22.64, 9999.0, 22.75, 22.5, 22.27, 22.43, 22.48
2026-09-08, 20:37:16, 22.45, 22.5, 22.77, 22.75, 9999.0, 9999.0, 9999.0, 24.07, 9999.0, 22.61, 9999.0, 22.77, 22.5, 22.3, 22.43, 22.48
2026-09-08, 20:37:20, 22.45, 22.5, 22.77, 22.75, 9999.0, 9999.0, 9999.0, 24.02, 9999.0, 22.59, 9999.0, 22.8, 22.5, 22.3, 22.43, 22.5
2026-09-08, 20:37:24, 22.45, 22.5, 22.77, 22.75, 9999.0, 9999.0, 9999.0, 23.98, 9999.0, 22.59, 9999.0, 22.8, 22.5, 22.32, 22.43, 22.5
2026-09-08, 20:37:28, 22.45, 22.5, 22.77, 22.75, 9999.0, 9999.0, 9999.0, 23.93, 9999.0, 22.59, 9999.0, 22.82, 22.5, 22.32, 22.43, 22.5
2026-09-08, 20:37:32, 22.45, 22.5, 22.8, 22.75, 9999.0, 9999.0, 9999.0, 23.91, 9999.0, 22.59, 9999.0, 22.82, 22.5, 22.34, 22.43, 22.48
2026-09-08, 20:37:36, 22.48, 22.5, 22.8, 22.75, 9999.0, 9999.0, 9999.0, 23.89, 9999.0, 22.64, 9999.0, 22.82, 22.5, 22.34, 22.43, 22.48
2026-09-08, 20:37:40, 22.45, 22.5, 22.8, 22.75, 9999.0, 9999.0, 9999.0, 23.84, 9999.0, 22.66, 9999.0, 22.82, 22.52, 22.36, 22.45, 22.48
2026-09-08, 20:37:44, 22.43, 22.5, 22.8, 22.75, 9999.0, 9999.0, 9999.0, 23.8, 9999.0, 22.68, 9999.0, 22.82, 22.52, 22.36, 22.45, 22.48
2026-09-08, 20:37:48, 22.43, 22.5, 22.8, 22.75, 9999.0, 9999.0, 9999.0, 23.84, 9999.0, 22.7, 9999.0, 22.82, 22.52, 22.34, 22.43, 22.48
2026-09-08, 20:37:52, 22.43, 22.5, 22.8, 22.75, 9999.0, 9999.0, 9999.0, 23.86, 9999.0, 22.73, 9999.0, 22.82, 22.52, 22.34, 22.45, 22.48
2026-09-08, 20:37:56, 22.41, 22.5, 22.8, 22.75, 9999.0, 9999.0, 9999.0, 23.89, 9999.0, 22.75, 9999.0, 22.82, 22.52, 22.36, 22.43, 22.48
2026-09-08, 20:38:00, 22.41, 22.5, 22.77, 22.75, 9999.0, 9999.0, 9999.0, 23.91, 9999.0, 22.77, 9999.0, 22.8, 22.52, 22.34, 22.43, 22.48
2026-09-08, 20:38:04, 22.41, 22.5, 22.77, 22.75, 9999.0, 9999.0, 9999.0, 23.93, 9999.0, 22.8, 9999.0, 22.75, 22.52, 22.36, 22.41, 22.45
2026-09-08, 20:38:08, 22.43, 22.5, 22.77, 22.75, 9999.0, 9999.0, 9999.0, 23.95, 9999.0, 22.8, 9999.0, 22.75, 22.52, 22.34, 22.43, 22.45
2026-09-08, 20:38:12, 22.43, 22.5, 22.77, 22.75, 9999.0, 9999.0, 9999.0, 23.98, 9999.0, 22.8, 9999.0, 22.73, 22.52, 22.34, 22.43, 22.45
2026-09-08, 20:38:16, 22.41, 22.5, 22.75, 22.75, 9999.0, 9999.0, 9999.0, 24.0, 9999.0, 22.8, 9999.0, 22.73, 22.52, 22.32, 22.41, 22.48
2026-09-08, 20:38:20, 22.41, 22.5, 22.77, 22.75, 9999.0, 9999.0, 9999.0, 24.02, 9999.0, 22.77, 9999.0, 22.7, 22.52, 22.32, 22.39, 22.48
2026-09-08, 20:38:24, 22.41, 22.5, 22.77, 22.75, 9999.0, 9999.0, 9999.0, 24.07, 9999.0, 22.73, 9999.0, 22.7, 22.5, 22.3, 22.39, 22.48
2026-09-08, 20:38:28, 22.41, 22.5, 22.77, 22.75, 9999.0, 9999.0, 9999.0, 24.11, 9999.0, 22.73, 9999.0, 22.7, 22.5, 22.3, 22.39, 22.45
2026-09-08, 20:38:32, 22.41, 22.5, 22.77, 22.75, 9999.0, 9999.0, 9999.0, 24.07, 9999.0, 22.73, 9999.0, 22.73, 22.5, 22.3, 22.41, 22.43
2026-09-08, 20:38:37, 22.41, 22.5, 22.77, 22.75, 9999.0, 9999.0, 9999.0, 24.05, 9999.0, 22.7, 9999.0, 22.75, 22.5, 22.3, 22.41, 22.41
2026-09-08, 20:38:41, 22.41, 22.5, 22.77, 22.75, 9999.0, 9999.0, 9999.0, 24.0, 9999.0, 22.68, 9999.0, 22.77, 22.5, 22.27, 22.41, 22.41
2026-09-08, 20:38:45, 22.41, 22.5, 22.77, 22.75, 9999.0, 9999.0, 9999.0, 23.95, 9999.0, 22.68, 9999.0, 22.8, 22.5, 22.27, 22.39, 22.39
2026-09-08, 20:38:49, 22.41, 22.5, 22.77, 22.75, 9999.0, 9999.0, 9999.0, 23.93, 9999.0, 22.68, 9999.0, 22.82, 22.5, 22.25, 22.41, 22.41
2026-09-08, 20:38:53, 22.41, 22.5, 22.77, 22.75, 9999.0, 9999.0, 9999.0, 23.91, 9999.0, 22.68, 9999.0, 22.82, 22.5, 22.25, 22.39, 22.41
2026-09-08, 20:38:57, 22.39, 22.5, 22.77, 22.75, 9999.0, 9999.0, 9999.0, 23.89, 9999.0, 22.7, 9999.0, 22.82, 22.5, 22.25, 22.36, 22.39
2026-09-08, 20:39:01, 22.41, 22.5, 22.77, 22.75, 9999.0, 9999.0, 9999.0, 23.86, 9999.0, 22.7, 9999.0, 22.82, 22.5, 22.25, 22.36, 22.36
2026-09-08, 20:39:05, 22.39, 22.5, 22.75, 22.75, 9999.0, 9999.0, 9999.0, 23.91, 9999.0, 22.7, 9999.0, 22.84, 22.5, 22.25, 22.36, 22.34
2026-09-08, 20:39:09, 22.39, 22.5, 22.75, 22.75, 9999.0, 9999.0, 9999.0, 23.95, 9999.0, 22.73, 9999.0, 22.84, 22.52, 22.25, 22.34, 22.34
2026-09-08, 20:39:13, 22.41, 22.5, 22.75, 22.75, 9999.0, 9999.0, 9999.0, 24.0, 9999.0, 22.73, 9999.0, 22.84, 22.52, 22.25, 22.34, 22.34
2026-09-08, 20:39:17, 22.39, 22.5, 22.75, 22.75, 9999.0, 9999.0, 9999.0, 24.02, 9999.0, 22.73, 9999.0, 22.82, 22.52, 22.25, 22.34, 22.34
2026-09-08, 20:39:21, 22.39, 22.5, 22.75, 22.75, 9999.0, 9999.0, 9999.0, 24.05, 9999.0, 22.75, 9999.0, 22.8, 22.52, 22.25, 22.34, 22.34
2026-09-08, 20:39:25, 22.39, 22.5, 22.75, 22.75, 9999.0, 9999.0, 9999.0, 24.09, 9999.0, 22.77, 9999.0, 22.77, 22.52, 22.25, 22.34, 22.34
2026-09-08, 20:39:29, 22.39, 22.5, 22.75, 22.75, 9999.0, 9999.0, 9999.0, 24.11, 9999.0, 22.77, 9999.0, 22.75, 22.52, 22.27, 22.36, 22.36
2026-09-08, 20:39:33, 22.39, 22.5, 22.75, 22.75, 9999.0, 9999.0, 9999.0, 24.14, 9999.0, 22.77, 9999.0, 22.73, 22.52, 22.27, 22.36, 22.34
2026-09-08, 20:39:37, 22.39, 22.5, 22.75, 22.75, 9999.0, 9999.0, 9999.0, 24.18, 9999.0, 22.77, 9999.0, 22.7, 22.52, 22.27, 22.39, 22.32
2026-09-08, 20:39:41, 22.41, 22.5, 22.75, 22.75, 9999.0, 9999.0, 9999.0, 24.2, 9999.0, 22.75, 9999.0, 22.7, 22.52, 22.27, 22.39, 22.34
2026-09-08, 20:39:45, 22.39, 22.5, 22.75, 22.75, 9999.0, 9999.0, 9999.0, 24.23, 9999.0, 22.75, 9999.0, 22.7, 22.52, 22.27, 22.39, 22.34
2026-09-08, 20:39:49, 22.41, 22.5, 22.75, 22.75, 9999.0, 9999.0, 9999.0, 24.18, 9999.0, 22.75, 9999.0, 22.7, 22.52, 22.27, 22.39, 22.34
2026-09-08, 20:39:53, 22.41, 22.5, 22.75, 22.75, 9999.0, 9999.0, 9999.0, 24.14, 9999.0, 22.73, 9999.0, 22.73, 22.5, 22.3, 22.41, 22.32
2026-09-08, 20:39:57, 22.41, 22.5, 22.75, 22.75, 9999.0, 9999.0, 9999.0, 24.07, 9999.0, 22.7, 9999.0, 22.75, 22.5, 22.3, 22.41, 22.32
2026-09-08, 20:40:01, 22.43, 22.5, 22.75, 22.75, 9999.0, 9999.0, 9999.0, 24.02, 9999.0, 22.7, 9999.0, 22.75, 22.5, 22.3, 22.41, 22.34
2026-09-08, 20:40:05, 22.41, 22.5, 22.75, 22.75, 9999.0, 9999.0, 9999.0, 23.98, 9999.0, 22.7, 9999.0, 22.75, 22.5, 22.3, 22.41, 22.34
2026-09-08, 20:40:09, 22.43, 22.5, 22.75, 22.75, 9999.0, 9999.0, 9999.0, 23.93, 9999.0, 22.7, 9999.0, 22.75, 22.5, 22.3, 22.41, 22.32
2026-09-08, 20:40:13, 22.43, 22.5, 22.75, 22.75, 9999.0, 9999.0, 9999.0, 23.91, 9999.0, 22.7, 9999.0, 22.75, 22.5, 22.27, 22.41, 22.3
2026-09-08, 20:40:17, 22.43, 22.5, 22.75, 22.75, 9999.0, 9999.0, 9999.0, 23.89, 9999.0, 22.7, 9999.0, 22.77, 22.5, 22.27, 22.41, 22.32
2026-09-08, 20:40:21, 22.43, 22.5, 22.75, 22.75, 9999.0, 9999.0, 9999.0, 23.82, 9999.0, 22.73, 9999.0, 22.8, 22.5, 22.27, 22.41, 22.34
2026-09-08, 20:40:25, 22.43, 22.5, 22.75, 22.75, 9999.0, 9999.0, 9999.0, 23.86, 9999.0, 22.73, 9999.0, 22.8, 22.5, 22.27, 22.43, 22.32
2026-09-08, 20:40:29, 22.43, 22.5, 22.75, 22.75, 9999.0, 9999.0, 9999.0, 23.89, 9999.0, 22.73, 9999.0, 22.8, 22.5, 22.27, 22.45, 22.32
2026-09-08, 20:40:33, 22.41, 22.5, 22.75, 22.75, 9999.0, 9999.0, 9999.0, 23.93, 9999.0, 22.73, 9999.0, 22.8, 22.5, 22.27, 22.45, 22.32
2026-09-08, 20:40:37, 22.43, 22.5, 22.75, 22.75, 9999.0, 9999.0, 9999.0, 23.95, 9999.0, 22.75, 9999.0, 22.77, 22.5, 22.25, 22.45, 22.32
2026-09-08, 20:40:41, 22.43, 22.5, 22.75, 22.75, 9999.0, 9999.0, 9999.0, 23.98, 9999.0, 22.77, 9999.0, 22.73, 22.5, 22.25, 22.43, 22.34
2026-09-08, 20:40:45, 22.43, 22.5, 22.75, 22.75, 9999.0, 9999.0, 9999.0, 24.0, 9999.0, 22.77, 9999.0, 22.7, 22.5, 22.25, 22.41, 22.32
2026-09-08, 20:40:49, 22.43, 22.5, 22.75, 22.75, 9999.0, 9999.0, 9999.0, 24.02, 9999.0, 22.77, 9999.0, 22.7, 22.5, 22.25, 22.39, 22.32
2026-09-08, 20:40:53, 22.43, 22.5, 22.75, 22.75, 9999.0, 9999.0, 9999.0, 24.05, 9999.0, 22.77, 9999.0, 22.68, 22.5, 22.25, 22.39, 22.32
2026-09-08, 20:40:57, 22.43, 22.5, 22.75, 22.75, 9999.0, 9999.0, 9999.0, 24.07, 9999.0, 22.77, 9999.0, 22.66, 22.5, 22.25, 22.39, 22.32
2026-09-08, 20:41:01, 22.41, 22.5, 22.75, 22.75, 9999.0, 9999.0, 9999.0, 24.09, 9999.0, 22.77, 9999.0, 22.66, 22.5, 22.25, 22.36, 22.32
2026-09-08, 20:41:05, 22.39, 22.5, 22.75, 22.75, 9999.0, 9999.0, 9999.0, 24.14, 9999.0, 22.73, 9999.0, 22.66, 22.5, 22.25, 22.36, 22.3
2026-09-08, 20:41:09, 22.36, 22.5, 22.75, 22.75, 9999.0, 9999.0, 9999.0, 24.07, 9999.0, 22.7, 9999.0, 22.66, 22.5, 22.25, 22.34, 22.3
2026-09-08, 20:41:13, 22.39, 22.5, 22.75, 22.75, 9999.0, 9999.0, 9999.0, 24.02, 9999.0, 22.68, 9999.0, 22.68, 22.5, 22.25, 22.34, 22.3
2026-09-08, 20:41:17, 22.41, 22.5, 22.75, 22.75, 9999.0, 9999.0, 9999.0, 23.95, 9999.0, 22.66, 9999.0, 22.7, 22.5, 22.25, 22.36, 22.3
2026-09-08, 20:41:21, 22.41, 22.5, 22.75, 22.75, 9999.0, 9999.0, 9999.0, 23.91, 9999.0, 22.66, 9999.0, 22.7, 22.5, 22.25, 22.34, 22.3
2026-09-08, 20:41:25, 22.39, 22.5, 22.75, 22.75, 9999.0, 9999.0, 9999.0, 23.89, 9999.0, 22.66, 9999.0, 22.75, 22.5, 22.25, 22.34, 22.27
2026-09-08, 20:41:29, 22.39, 22.5, 22.75, 22.75, 9999.0, 9999.0, 9999.0, 23.86, 9999.0, 22.66, 9999.0, 22.77, 22.5, 22.25, 22.36, 22.27
2026-09-08, 20:41:33, 22.39, 22.5, 22.75, 22.75, 9999.0, 9999.0, 9999.0, 23.84, 9999.0, 22.66, 9999.0, 22.77, 22.5, 22.25, 22.36, 22.27
2026-09-08, 20:41:37, 22.39, 22.5, 22.75, 22.75, 9999.0, 9999.0, 9999.0, 23.82, 9999.0, 22.66, 9999.0, 22.8, 22.5, 22.27, 22.36, 22.27
2026-09-08, 20:41:41, 22.36, 22.5, 22.75, 22.75, 9999.0, 9999.0, 9999.0, 23.86, 9999.0, 22.66, 9999.0, 22.82, 22.5, 22.27, 22.34, 22.27
2026-09-08, 20:41:45, 22.36, 22.5, 22.75, 22.75, 9999.0, 9999.0, 9999.0, 23.91, 9999.0, 22.66, 9999.0, 22.82, 22.5, 22.27, 22.34, 22.27
2026-09-08, 20:41:49, 22.39, 22.5, 22.75, 22.75, 9999.0, 9999.0, 9999.0, 23.93, 9999.0, 22.68, 9999.0, 22.82, 22.5, 22.27, 22.34, 22.27
2026-09-08, 20:41:53, 22.39, 22.5, 22.75, 22.75, 9999.0, 9999.0, 9999.0, 23.98, 9999.0, 22.7, 9999.0, 22.82, 22.5, 22.27, 22.36, 22.3
2026-09-08, 20:41:57, 22.36, 22.5, 22.75, 22.75, 9999.0, 9999.0, 9999.0, 24.02, 9999.0, 22.73, 9999.0, 22.8, 22.5, 22.27, 22.34, 22.3
2026-09-08, 20:42:01, 22.34, 22.5, 22.75, 22.75, 9999.0, 9999.0, 9999.0, 24.07, 9999.0, 22.73, 9999.0, 22.77, 22.5, 22.27, 22.34, 22.3
2026-09-08, 20:42:05, 22.32, 22.5, 22.75, 22.75, 9999.0, 9999.0, 9999.0, 24.09, 9999.0, 22.73, 9999.0, 22.75, 22.5, 22.27, 22.34, 22.3
2026-09-08, 20:42:09, 22.34, 22.5, 22.77, 22.75, 9999.0, 9999.0, 9999.0, 24.11, 9999.0, 22.7, 9999.0, 22.7, 22.5, 22.27, 22.34, 22.3
2026-09-08, 20:42:13, 22.34, 22.5, 22.77, 22.75, 9999.0, 9999.0, 9999.0, 24.14, 9999.0, 22.68, 9999.0, 22.68, 22.5, 22.27, 22.32, 22.3
2026-09-08, 20:42:17, 22.36, 22.5, 22.77, 22.75, 9999.0, 9999.0, 9999.0, 24.16, 9999.0, 22.66, 9999.0, 22.68, 22.5, 22.3, 22.34, 22.3
2026-09-08, 20:42:21, 22.34, 22.5, 22.77, 22.75, 9999.0, 9999.0, 9999.0, 24.18, 9999.0, 22.64, 9999.0, 22.68, 22.5, 22.27, 22.34, 22.3
2026-09-08, 20:42:25, 22.36, 22.5, 22.77, 22.75, 9999.0, 9999.0, 9999.0, 24.14, 9999.0, 22.61, 9999.0, 22.68, 22.5, 22.27, 22.36, 22.3
2026-09-08, 20:42:30, 22.39, 22.5, 22.77, 22.75, 9999.0, 9999.0, 9999.0, 24.09, 9999.0, 22.59, 9999.0, 22.7, 22.5, 22.27, 22.36, 22.27
2026-09-08, 20:42:34, 22.39, 22.5, 22.77, 22.75, 9999.0, 9999.0, 9999.0, 24.07, 9999.0, 22.55, 9999.0, 22.7, 22.5, 22.27, 22.36, 22.3
2026-09-08, 20:42:38, 22.39, 22.5, 22.77, 22.75, 9999.0, 9999.0, 9999.0, 24.05, 9999.0, 22.55, 9999.0, 22.7, 22.5, 22.27, 22.36, 22.27
2026-09-08, 20:42:42, 22.39, 22.5, 22.77, 22.75, 9999.0, 9999.0, 9999.0, 24.0, 9999.0, 22.55, 9999.0, 22.7, 22.5, 22.3, 22.36, 22.3
2026-09-08, 20:42:46, 22.41, 22.5, 22.77, 22.75, 9999.0, 9999.0, 9999.0, 23.95, 9999.0, 22.55, 9999.0, 22.7, 22.5, 22.3, 22.36, 22.3
2026-09-08, 20:42:50, 22.43, 22.5, 22.77, 22.75, 9999.0, 9999.0, 9999.0, 23.93, 9999.0, 22.55, 9999.0, 22.73, 22.5, 22.32, 22.36, 22.3
2026-09-08, 20:42:54, 22.43, 22.5, 22.75, 22.75, 9999.0, 9999.0, 9999.0, 23.91, 9999.0, 22.57, 9999.0, 22.75, 22.5, 22.32, 22.39, 22.3
2026-09-08, 20:42:58, 22.43, 22.5, 22.75, 22.75, 9999.0, 9999.0, 9999.0, 23.95, 9999.0, 22.59, 9999.0, 22.77, 22.5, 22.32, 22.39, 22.3
2026-09-08, 20:43:02, 22.41, 22.5, 22.75, 22.75, 9999.0, 9999.0, 9999.0, 23.98, 9999.0, 22.61, 9999.0, 22.77, 22.5, 22.3, 22.36, 22.32
2026-09-08, 20:43:06, 22.43, 22.5, 22.75, 22.75, 9999.0, 9999.0, 9999.0, 24.0, 9999.0, 22.64, 9999.0, 22.77, 22.5, 22.3, 22.36, 22.32
2026-09-08, 20:43:10, 22.43, 22.5, 22.75, 22.75, 9999.0, 9999.0, 9999.0, 24.02, 9999.0, 22.66, 9999.0, 22.77, 22.5, 22.3, 22.36, 22.32
2026-09-08, 20:43:14, 22.43, 22.5, 22.75, 22.75, 9999.0, 9999.0, 9999.0, 24.05, 9999.0, 22.66, 9999.0, 22.75, 22.5, 22.3, 22.36, 22.32
2026-09-08, 20:43:18, 22.43, 22.5, 22.75, 22.75, 9999.0, 9999.0, 9999.0, 24.07, 9999.0, 22.68, 9999.0, 22.75, 22.5, 22.32, 22.34, 22.3
2026-09-08, 20:43:22, 22.45, 22.5, 22.75, 22.75, 9999.0, 9999.0, 9999.0, 24.07, 9999.0, 22.66, 9999.0, 22.75, 22.5, 22.32, 22.34, 22.3
2026-09-08, 20:43:26, 22.48, 22.5, 22.75, 22.75, 9999.0, 9999.0, 9999.0, 24.09, 9999.0, 22.64, 9999.0, 22.73, 22.5, 22.3, 22.34, 22.27
2026-09-08, 20:43:30, 22.48, 22.5, 22.75, 22.75, 9999.0, 9999.0, 9999.0, 24.11, 9999.0, 22.64, 9999.0, 22.7, 22.5, 22.3, 22.34, 22.27
2026-09-08, 20:43:34, 22.45, 22.5, 22.75, 22.75, 9999.0, 9999.0, 9999.0, 24.14, 9999.0, 22.61, 9999.0, 22.7, 22.5, 22.27, 22.34, 22.27
2026-09-08, 20:43:38, 22.45, 22.5, 22.75, 22.75, 9999.0, 9999.0, 9999.0, 24.16, 9999.0, 22.59, 9999.0, 22.7, 22.5, 22.27, 22.32, 22.27
2026-09-08, 20:43:42, 22.45, 22.5, 22.75, 22.75, 9999.0, 9999.0, 9999.0, 24.11, 9999.0, 22.57, 9999.0, 22.7, 22.5, 22.27, 22.32, 22.27
2026-09-08, 20:43:46, 22.48, 22.5, 22.75, 22.75, 9999.0, 9999.0, 9999.0, 24.07, 9999.0, 22.55, 9999.0, 22.73, 22.5, 22.27, 22.32, 22.25
2026-09-08, 20:43:50, 22.45, 22.5, 22.75, 22.75, 9999.0, 9999.0, 9999.0, 24.02, 9999.0, 22.52, 9999.0, 22.75, 22.5, 22.27, 22.34, 22.27
2026-09-08, 20:43:54, 22.45, 22.5, 22.75, 22.75, 9999.0, 9999.0, 9999.0, 23.98, 9999.0, 22.5, 9999.0, 22.77, 22.5, 22.27, 22.34, 22.27
2026-09-08, 20:43:58, 22.45, 22.5, 22.75, 22.75, 9999.0, 9999.0, 9999.0, 23.93, 9999.0, 22.52, 9999.0, 22.77, 22.5, 22.27, 22.36, 22.27
2026-09-08, 20:44:02, 22.43, 22.5, 22.75, 22.75, 9999.0, 9999.0, 9999.0, 23.89, 9999.0, 22.55, 9999.0, 22.77, 22.5, 22.25, 22.39, 22.27
2026-09-08, 20:44:06, 22.41, 22.5, 22.75, 22.75, 9999.0, 9999.0, 9999.0, 23.86, 9999.0, 22.57, 9999.0, 22.77, 22.5, 22.25, 22.39, 22.3
2026-09-08, 20:44:10, 22.39, 22.5, 22.75, 22.75, 9999.0, 9999.0, 9999.0, 23.82, 9999.0, 22.59, 9999.0, 22.8, 22.5, 22.25, 22.41, 22.3
2026-09-08, 20:44:14, 22.36, 22.5, 22.75, 22.75, 9999.0, 9999.0, 9999.0, 23.77, 9999.0, 22.61, 9999.0, 22.82, 22.5, 22.25, 22.41, 22.3
2026-09-08, 20:44:18, 22.36, 22.5, 22.75, 22.75, 9999.0, 9999.0, 9999.0, 23.8, 9999.0, 22.64, 9999.0, 22.82, 22.5, 22.25, 22.43, 22.3
2026-09-08, 20:44:22, 22.36, 22.5, 22.75, 22.75, 9999.0, 9999.0, 9999.0, 23.82, 9999.0, 22.66, 9999.0, 22.82, 22.5, 22.25, 22.43, 22.32
2026-09-08, 20:44:26, 22.34, 22.5, 22.75, 22.75, 9999.0, 9999.0, 9999.0, 23.84, 9999.0, 22.66, 9999.0, 22.82, 22.5, 22.25, 22.45, 22.32
2026-09-08, 20:44:30, 22.34, 22.5, 22.75, 22.75, 9999.0, 9999.0, 9999.0, 23.89, 9999.0, 22.66, 9999.0, 22.8, 22.5, 22.27, 22.45, 22.32
2026-09-08, 20:44:34, 22.36, 22.5, 22.75, 22.75, 9999.0, 9999.0, 9999.0, 23.91, 9999.0, 22.66, 9999.0, 22.77, 22.5, 22.27, 22.43, 22.32
2026-09-08, 20:44:38, 22.36, 22.5, 22.75, 22.75, 9999.0, 9999.0, 9999.0, 23.93, 9999.0, 22.66, 9999.0, 22.75, 22.5, 22.27, 22.43, 22.34
2026-09-08, 20:44:42, 22.34, 22.5, 22.75, 22.75, 9999.0, 9999.0, 9999.0, 23.95, 9999.0, 22.64, 9999.0, 22.75, 22.5, 22.27, 22.43, 22.34
2026-09-08, 20:44:46, 22.36, 22.5, 22.75, 22.75, 9999.0, 9999.0, 9999.0, 23.98, 9999.0, 22.61, 9999.0, 22.75, 22.5, 22.27, 22.41, 22.34
2026-09-08, 20:44:50, 22.36, 22.5, 22.75, 22.75, 9999.0, 9999.0, 9999.0, 24.0, 9999.0, 22.59, 9999.0, 22.73, 22.5, 22.27, 22.41, 22.32
2026-09-08, 20:44:54, 22.39, 22.5, 22.75, 22.75, 9999.0, 9999.0, 9999.0, 24.05, 9999.0, 22.57, 9999.0, 22.73, 22.5, 22.27, 22.39, 22.32
2026-09-08, 20:44:58, 22.41, 22.5, 22.75, 22.75, 9999.0, 9999.0, 9999.0, 24.09, 9999.0, 22.55, 9999.0, 22.73, 22.5, 22.27, 22.36, 22.32
2026-09-08, 20:45:02, 22.43, 22.5, 22.75, 22.75, 9999.0, 9999.0, 9999.0, 24.07, 9999.0, 22.52, 9999.0, 22.75, 22.5, 22.3, 22.36, 22.32
2026-09-08, 20:45:06, 22.41, 22.5, 22.75, 22.75, 9999.0, 9999.0, 9999.0, 24.02, 9999.0, 22.5, 9999.0, 22.77, 22.5, 22.3, 22.39, 22.3
2026-09-08, 20:45:10, 22.43, 22.5, 22.75, 22.75, 9999.0, 9999.0, 9999.0, 23.98, 9999.0, 22.48, 9999.0, 22.8, 22.5, 22.3, 22.36, 22.3
2026-09-08, 20:45:14, 22.43, 22.5, 22.75, 22.75, 9999.0, 9999.0, 9999.0, 23.93, 9999.0, 22.48, 9999.0, 22.8, 22.5, 22.27, 22.39, 22.32
2026-09-08, 20:45:18, 22.43, 22.5, 22.75, 22.75, 9999.0, 9999.0, 9999.0, 23.91, 9999.0, 22.48, 9999.0, 22.8, 22.5, 22.27, 22.41, 22.3
2026-09-08, 20:45:22, 22.43, 22.5, 22.75, 22.75, 9999.0, 9999.0, 9999.0, 23.86, 9999.0, 22.5, 9999.0, 22.8, 22.5, 22.27, 22.39, 22.27
2026-09-08, 20:45:26, 22.45, 22.5, 22.75, 22.75, 9999.0, 9999.0, 9999.0, 23.82, 9999.0, 22.52, 9999.0, 22.8, 22.5, 22.27, 22.36, 22.27
2026-09-08, 20:45:30, 22.45, 22.5, 22.75, 22.75, 9999.0, 9999.0, 9999.0, 23.77, 9999.0, 22.55, 9999.0, 22.8, 22.5, 22.27, 22.39, 22.3
2026-09-08, 20:45:34, 22.45, 22.5, 22.75, 22.75, 9999.0, 9999.0, 9999.0, 23.8, 9999.0, 22.57, 9999.0, 22.82, 22.5, 22.27, 22.39, 22.3
2026-09-08, 20:45:38, 22.43, 22.5, 22.75, 22.75, 9999.0, 9999.0, 9999.0, 23.82, 9999.0, 22.59, 9999.0, 22.82, 22.5, 22.27, 22.41, 22.3
2026-09-08, 20:45:42, 22.43, 22.5, 22.75, 22.75, 9999.0, 9999.0, 9999.0, 23.84, 9999.0, 22.59, 9999.0, 22.82, 22.5, 22.27, 22.41, 22.3
2026-09-08, 20:45:46, 22.41, 22.5, 22.75, 22.75, 9999.0, 9999.0, 9999.0, 23.86, 9999.0, 22.59, 9999.0, 22.8, 22.5, 22.25, 22.39, 22.3
2026-09-08, 20:45:50, 22.41, 22.5, 22.75, 22.75, 9999.0, 9999.0, 9999.0, 23.89, 9999.0, 22.59, 9999.0, 22.77, 22.5, 22.25, 22.39, 22.3
2026-09-08, 20:45:54, 22.39, 22.5, 22.75, 22.75, 9999.0, 9999.0, 9999.0, 23.91, 9999.0, 22.61, 9999.0, 22.75, 22.5, 22.25, 22.41, 22.3
2026-09-08, 20:45:58, 22.36, 22.5, 22.75, 22.75, 9999.0, 9999.0, 9999.0, 23.93, 9999.0, 22.61, 9999.0, 22.75, 22.5, 22.25, 22.39, 22.27
2026-09-08, 20:46:02, 22.36, 22.5, 22.75, 22.75, 9999.0, 9999.0, 9999.0, 23.95, 9999.0, 22.61, 9999.0, 22.73, 22.5, 22.25, 22.39, 22.3
2026-09-08, 20:46:06, 22.34, 22.5, 22.75, 22.75, 9999.0, 9999.0, 9999.0, 24.0, 9999.0, 22.59, 9999.0, 22.73, 22.5, 22.25, 22.39, 22.32
2026-09-08, 20:46:10, 22.32, 22.5, 22.75, 22.75, 9999.0, 9999.0, 9999.0, 24.05, 9999.0, 22.57, 9999.0, 22.73, 22.5, 22.27, 22.39, 22.34
2026-09-08, 20:46:15, 22.3, 22.5, 22.75, 22.75, 9999.0, 9999.0, 9999.0, 24.07, 9999.0, 22.52, 9999.0, 22.73, 22.5, 22.27, 22.39, 22.32
2026-09-08, 20:46:19, 22.3, 22.5, 22.75, 22.75, 9999.0, 9999.0, 9999.0, 24.02, 9999.0, 22.48, 9999.0, 22.73, 22.5, 22.27, 22.39, 22.34
2026-09-08, 20:46:23, 22.3, 22.5, 22.75, 22.75, 9999.0, 9999.0, 9999.0, 23.98, 9999.0, 22.43, 9999.0, 22.75, 22.5, 22.27, 22.36, 22.36
2026-09-08, 20:46:27, 22.3, 22.5, 22.75, 22.75, 9999.0, 9999.0, 9999.0, 23.93, 9999.0, 22.41, 9999.0, 22.75, 22.5, 22.27, 22.39, 22.39
2026-09-08, 20:46:31, 22.32, 22.5, 22.75, 22.75, 9999.0, 9999.0, 9999.0, 23.89, 9999.0, 22.41, 9999.0, 22.77, 22.5, 22.27, 22.41, 22.39
2026-09-08, 20:46:35, 22.32, 22.5, 22.75, 22.75, 9999.0, 9999.0, 9999.0, 23.86, 9999.0, 22.41, 9999.0, 22.77, 22.5, 22.27, 22.41, 22.39
2026-09-08, 20:46:39, 22.34, 22.5, 22.75, 22.75, 9999.0, 9999.0, 9999.0, 23.84, 9999.0, 22.41, 9999.0, 22.77, 22.5, 22.3, 22.39, 22.39
2026-09-08, 20:46:43, 22.34, 22.5, 22.77, 22.75, 9999.0, 9999.0, 9999.0, 23.8, 9999.0, 22.43, 9999.0, 22.77, 22.52, 22.3, 22.39, 22.41
2026-09-08, 20:46:47, 22.32, 22.5, 22.77, 22.75, 9999.0, 9999.0, 9999.0, 23.75, 9999.0, 22.45, 9999.0, 22.8, 22.55, 22.3, 22.39, 22.41
2026-09-08, 20:46:51, 22.32, 22.5, 22.77, 22.75, 9999.0, 9999.0, 9999.0, 23.77, 9999.0, 22.45, 9999.0, 22.8, 22.55, 22.3, 22.39, 22.39
2026-09-08, 20:46:55, 22.32, 22.5, 22.77, 22.75, 9999.0, 9999.0, 9999.0, 23.8, 9999.0, 22.45, 9999.0, 22.8, 22.55, 22.27, 22.41, 22.36
2026-09-08, 20:46:59, 22.34, 22.5, 22.77, 22.75, 9999.0, 9999.0, 9999.0, 23.84, 9999.0, 22.48, 9999.0, 22.8, 22.55, 22.27, 22.39, 22.36
2026-09-08, 20:47:03, 22.36, 22.5, 22.77, 22.75, 9999.0, 9999.0, 9999.0, 23.89, 9999.0, 22.5, 9999.0, 22.8, 22.55, 22.27, 22.36, 22.34
2026-09-08, 20:47:07, 22.39, 22.5, 22.77, 22.75, 9999.0, 9999.0, 9999.0, 23.93, 9999.0, 22.52, 9999.0, 22.77, 22.55, 22.27, 22.39, 22.34
2026-09-08, 20:47:11, 22.36, 22.5, 22.77, 22.75, 9999.0, 9999.0, 9999.0, 23.95, 9999.0, 22.55, 9999.0, 22.77, 22.55, 22.27, 22.36, 22.32
2026-09-08, 20:47:15, 22.36, 22.5, 22.77, 22.75, 9999.0, 9999.0, 9999.0, 23.98, 9999.0, 22.55, 9999.0, 22.75, 22.55, 22.27, 22.36, 22.34
2026-09-08, 20:47:19, 22.39, 22.5, 22.77, 22.75, 9999.0, 9999.0, 9999.0, 24.0, 9999.0, 22.55, 9999.0, 22.73, 22.55, 22.27, 22.34, 22.36
2026-09-08, 20:47:23, 22.39, 22.5, 22.77, 22.75, 9999.0, 9999.0, 9999.0, 24.02, 9999.0, 22.55, 9999.0, 22.73, 22.55, 22.25, 22.34, 22.36
2026-09-08, 20:47:27, 22.41, 22.5, 22.75, 22.75, 9999.0, 9999.0, 9999.0, 24.07, 9999.0, 22.52, 9999.0, 22.73, 22.52, 22.25, 22.34, 22.34
2026-09-08, 20:47:31, 22.41, 22.5, 22.75, 22.75, 9999.0, 9999.0, 9999.0, 24.11, 9999.0, 22.5, 9999.0, 22.73, 22.5, 22.25, 22.32, 22.32
2026-09-08, 20:47:35, 22.43, 22.5, 22.75, 22.75, 9999.0, 9999.0, 9999.0, 24.07, 9999.0, 22.48, 9999.0, 22.73, 22.5, 22.25, 22.32, 22.34
2026-09-08, 20:47:39, 22.43, 22.5, 22.75, 22.77, 9999.0, 9999.0, 9999.0, 24.02, 9999.0, 22.45, 9999.0, 22.75, 22.5, 22.25, 22.32, 22.36
2026-09-08, 20:47:43, 22.43, 22.5, 22.75, 22.77, 9999.0, 9999.0, 9999.0, 23.98, 9999.0, 22.43, 9999.0, 22.77, 22.5, 22.27, 22.34, 22.36
2026-09-08, 20:47:47, 22.41, 22.5, 22.75, 22.77, 9999.0, 9999.0, 9999.0, 23.93, 9999.0, 22.43, 9999.0, 22.8, 22.5, 22.3, 22.36, 22.39
2026-09-08, 20:47:51, 22.41, 22.5, 22.75, 22.77, 9999.0, 9999.0, 9999.0, 23.86, 9999.0, 22.43, 9999.0, 22.82, 22.5, 22.3, 22.36, 22.36
2026-09-08, 20:47:55, 22.41, 22.5, 22.75, 22.77, 9999.0, 9999.0, 9999.0, 23.84, 9999.0, 22.43, 9999.0, 22.82, 22.5, 22.3, 22.39, 22.39
2026-09-08, 20:47:59, 22.39, 22.5, 22.75, 22.77, 9999.0, 9999.0, 9999.0, 23.8, 9999.0, 22.45, 9999.0, 22.82, 22.5, 22.32, 22.36, 22.36
2026-09-08, 20:48:03, 22.36, 22.5, 22.75, 22.77, 9999.0, 9999.0, 9999.0, 23.75, 9999.0, 22.48, 9999.0, 22.84, 22.5, 22.34, 22.39, 22.34
2026-09-08, 20:48:07, 22.36, 22.5, 22.75, 22.77, 9999.0, 9999.0, 9999.0, 23.7, 9999.0, 22.48, 9999.0, 22.84, 22.5, 22.34, 22.41, 22.34
2026-09-08, 20:48:11, 22.34, 22.5, 22.75, 22.77, 9999.0, 9999.0, 9999.0, 23.73, 9999.0, 22.48, 9999.0, 22.84, 22.5, 22.34, 22.43, 22.34
2026-09-08, 20:48:15, 22.36, 22.5, 22.75, 22.77, 9999.0, 9999.0, 9999.0, 23.75, 9999.0, 22.48, 9999.0, 22.82, 22.5, 22.34, 22.45, 22.34
2026-09-08, 20:48:19, 22.34, 22.5, 22.75, 22.77, 9999.0, 9999.0, 9999.0, 23.8, 9999.0, 22.5, 9999.0, 22.82, 22.5, 22.34, 22.45, 22.34
2026-09-08, 20:48:23, 22.34, 22.5, 22.75, 22.75, 9999.0, 9999.0, 9999.0, 23.82, 9999.0, 22.52, 9999.0, 22.8, 22.5, 22.34, 22.45, 22.32
2026-09-08, 20:48:27, 22.32, 22.5, 22.75, 22.75, 9999.0, 9999.0, 9999.0, 23.84, 9999.0, 22.55, 9999.0, 22.77, 22.5, 22.32, 22.43, 22.34
2026-09-08, 20:48:31, 22.32, 22.5, 22.75, 22.75, 9999.0, 9999.0, 9999.0, 23.86, 9999.0, 22.55, 9999.0, 22.75, 22.5, 22.3, 22.43, 22.32
2026-09-08, 20:48:35, 22.3, 22.5, 22.75, 22.75, 9999.0, 9999.0, 9999.0, 23.89, 9999.0, 22.52, 9999.0, 22.7, 22.5, 22.3, 22.43, 22.32
2026-09-08, 20:48:39, 22.3, 22.5, 22.75, 22.77, 9999.0, 9999.0, 9999.0, 23.91, 9999.0, 22.5, 9999.0, 22.68, 22.5, 22.3, 22.43, 22.3
2026-09-08, 20:48:43, 22.3, 22.5, 22.75, 22.77, 9999.0, 9999.0, 9999.0, 23.95, 9999.0, 22.48, 9999.0, 22.66, 22.5, 22.3, 22.45, 22.3
2026-09-08, 20:48:47, 22.32, 22.5, 22.75, 22.77, 9999.0, 9999.0, 9999.0, 24.0, 9999.0, 22.43, 9999.0, 22.66, 22.5, 22.27, 22.45, 22.32
2026-09-08, 20:48:51, 22.32, 22.5, 22.75, 22.77, 9999.0, 9999.0, 9999.0, 24.02, 9999.0, 22.41, 9999.0, 22.66, 22.5, 22.27, 22.43, 22.34
2026-09-08, 20:48:55, 22.32, 22.5, 22.75, 22.77, 9999.0, 9999.0, 9999.0, 23.98, 9999.0, 22.39, 9999.0, 22.66, 22.5, 22.27, 22.43, 22.36
2026-09-08, 20:48:59, 22.32, 22.5, 22.75, 22.77, 9999.0, 9999.0, 9999.0, 23.93, 9999.0, 22.36, 9999.0, 22.7, 22.5, 22.27, 22.43, 22.36
2026-09-08, 20:49:03, 22.32, 22.5, 22.75, 22.77, 9999.0, 9999.0, 9999.0, 23.89, 9999.0, 22.34, 9999.0, 22.7, 22.5, 22.27, 22.45, 22.36
2026-09-08, 20:49:07, 22.32, 22.5, 22.75, 22.77, 9999.0, 9999.0, 9999.0, 23.84, 9999.0, 22.34, 9999.0, 22.73, 22.5, 22.27, 22.45, 22.36
2026-09-08, 20:49:11, 22.34, 22.5, 22.75, 22.77, 9999.0, 9999.0, 9999.0, 23.8, 9999.0, 22.32, 9999.0, 22.73, 22.5, 22.27, 22.45, 22.34
2026-09-08, 20:49:15, 22.36, 22.5, 22.75, 22.77, 9999.0, 9999.0, 9999.0, 23.75, 9999.0, 22.32, 9999.0, 22.73, 22.5, 22.27, 22.43, 22.36
2026-09-08, 20:49:19, 22.39, 22.5, 22.75, 22.77, 9999.0, 9999.0, 9999.0, 23.73, 9999.0, 22.36, 9999.0, 22.75, 22.5, 22.27, 22.43, 22.36
2026-09-08, 20:49:23, 22.41, 22.5, 22.75, 22.75, 9999.0, 9999.0, 9999.0, 23.68, 9999.0, 22.39, 9999.0, 22.77, 22.5, 22.27, 22.43, 22.39
2026-09-08, 20:49:27, 22.43, 22.5, 22.75, 22.75, 9999.0, 9999.0, 9999.0, 23.7, 9999.0, 22.39, 9999.0, 22.8, 22.5, 22.25, 22.41, 22.41
2026-09-08, 20:49:31, 22.41, 22.5, 22.75, 22.75, 9999.0, 9999.0, 9999.0, 23.7, 9999.0, 22.41, 9999.0, 22.8, 22.5, 22.25, 22.41, 22.39
2026-09-08, 20:49:35, 22.39, 22.5, 22.75, 22.75, 9999.0, 9999.0, 9999.0, 23.73, 9999.0, 22.43, 9999.0, 22.8, 22.5, 22.25, 22.41, 22.36
2026-09-08, 20:49:39, 22.41, 22.5, 22.75, 22.75, 9999.0, 9999.0, 9999.0, 23.75, 9999.0, 22.45, 9999.0, 22.8, 22.5, 22.25, 22.39, 22.36
2026-09-08, 20:49:43, 22.39, 22.5, 22.75, 22.75, 9999.0, 9999.0, 9999.0, 23.77, 9999.0, 22.48, 9999.0, 22.77, 22.5, 22.27, 22.36, 22.36
2026-09-08, 20:49:47, 22.41, 22.5, 22.75, 22.75, 9999.0, 9999.0, 9999.0, 23.8, 9999.0, 22.48, 9999.0, 22.77, 22.5, 22.27, 22.36, 22.34
2026-09-08, 20:49:52, 22.43, 22.5, 22.75, 22.75, 9999.0, 9999.0, 9999.0, 23.82, 9999.0, 22.45, 9999.0, 22.73, 22.5, 22.27, 22.34, 22.34
2026-09-08, 20:49:56, 22.43, 22.5, 22.75, 22.75, 9999.0, 9999.0, 9999.0, 23.84, 9999.0, 22.45, 9999.0, 22.73, 22.5, 22.27, 22.34, 22.36
2026-09-08, 20:50:00, 22.41, 22.5, 22.75, 22.75, 9999.0, 9999.0, 9999.0, 23.86, 9999.0, 22.43, 9999.0, 22.73, 22.5, 22.27, 22.34, 22.34
2026-09-08, 20:50:04, 22.39, 22.5, 22.75, 22.75, 9999.0, 9999.0, 9999.0, 23.89, 9999.0, 22.39, 9999.0, 22.73, 22.5, 22.3, 22.32, 22.34
2026-09-08, 20:50:08, 22.36, 22.5, 22.75, 22.75, 9999.0, 9999.0, 9999.0, 23.91, 9999.0, 22.36, 9999.0, 22.73, 22.5, 22.3, 22.3, 22.32
2026-09-08, 20:50:12, 22.36, 22.5, 22.75, 22.75, 9999.0, 9999.0, 9999.0, 23.86, 9999.0, 22.34, 9999.0, 22.73, 22.5, 22.32, 22.3, 22.3
2026-09-08, 20:50:16, 22.36, 22.5, 22.77, 22.75, 9999.0, 9999.0, 9999.0, 23.84, 9999.0, 22.32, 9999.0, 22.75, 22.5, 22.32, 22.3, 22.3
2026-09-08, 20:50:20, 22.39, 22.5, 22.77, 22.75, 9999.0, 9999.0, 9999.0, 23.82, 9999.0, 22.3, 9999.0, 22.77, 22.5, 22.34, 22.32, 22.3
2026-09-08, 20:50:24, 22.36, 22.5, 22.77, 22.75, 9999.0, 9999.0, 9999.0, 23.77, 9999.0, 22.3, 9999.0, 22.8, 22.5, 22.34, 22.34, 22.27
2026-09-08, 20:50:28, 22.36, 22.5, 22.77, 22.75, 9999.0, 9999.0, 9999.0, 23.73, 9999.0, 22.3, 9999.0, 22.8, 22.5, 22.32, 22.36, 22.3
2026-09-08, 20:50:32, 22.34, 22.5, 22.77, 22.75, 9999.0, 9999.0, 9999.0, 23.68, 9999.0, 22.32, 9999.0, 22.82, 22.5, 22.34, 22.36, 22.3
2026-09-08, 20:50:36, 22.34, 22.5, 22.77, 22.75, 9999.0, 9999.0, 9999.0, 23.66, 9999.0, 22.34, 9999.0, 22.84, 22.5, 22.34, 22.39, 22.3
2026-09-08, 20:50:40, 22.34, 22.5, 22.77, 22.75, 9999.0, 9999.0, 9999.0, 23.61, 9999.0, 22.36, 9999.0, 22.84, 22.5, 22.36, 22.41, 22.3
2026-09-08, 20:50:44, 22.34, 22.5, 22.77, 22.77, 9999.0, 9999.0, 9999.0, 23.64, 9999.0, 22.39, 9999.0, 22.84, 22.5, 22.39, 22.43, 22.32
2026-09-08, 20:50:48, 22.34, 22.5, 22.77, 22.8, 9999.0, 9999.0, 9999.0, 23.66, 9999.0, 22.41, 9999.0, 22.84, 22.5, 22.36, 22.43, 22.32
2026-09-08, 20:50:52, 22.34, 22.5, 22.77, 22.8, 9999.0, 9999.0, 9999.0, 23.68, 9999.0, 22.43, 9999.0, 22.84, 22.5, 22.36, 22.45, 22.34
2026-09-08, 20:50:56, 22.34, 22.5, 22.77, 22.8, 9999.0, 9999.0, 9999.0, 23.7, 9999.0, 22.45, 9999.0, 22.84, 22.5, 22.34, 22.48, 22.34
2026-09-08, 20:51:00, 22.34, 22.5, 22.75, 22.8, 9999.0, 9999.0, 9999.0, 23.73, 9999.0, 22.48, 9999.0, 22.82, 22.5, 22.34, 22.48, 22.34
2026-09-08, 20:51:04, 22.32, 22.5, 22.75, 22.8, 9999.0, 9999.0, 9999.0, 23.75, 9999.0, 22.5, 9999.0, 22.8, 22.5, 22.32, 22.45, 22.36
2026-09-08, 20:51:08, 22.32, 22.5, 22.75, 22.82, 9999.0, 9999.0, 9999.0, 23.77, 9999.0, 22.48, 9999.0, 22.77, 22.5, 22.32, 22.45, 22.36
2026-09-08, 20:51:12, 22.32, 22.5, 22.75, 22.82, 9999.0, 9999.0, 9999.0, 23.8, 9999.0, 22.45, 9999.0, 22.77, 22.5, 22.32, 22.45, 22.34
2026-09-08, 20:51:16, 22.32, 22.5, 22.75, 22.82, 9999.0, 9999.0, 9999.0, 23.84, 9999.0, 22.43, 9999.0, 22.75, 22.5, 22.3, 22.43, 22.36
2026-09-08, 20:51:20, 22.32, 22.5, 22.75, 22.82, 9999.0, 9999.0, 9999.0, 23.86, 9999.0, 22.41, 9999.0, 22.75, 22.5, 22.3, 22.41, 22.36
2026-09-08, 20:51:24, 22.32, 22.5, 22.77, 22.82, 9999.0, 9999.0, 9999.0, 23.91, 9999.0, 22.39, 9999.0, 22.75, 22.5, 22.27, 22.39, 22.34
2026-09-08, 20:51:28, 22.34, 22.5, 22.77, 22.8, 9999.0, 9999.0, 9999.0, 23.89, 9999.0, 22.36, 9999.0, 22.75, 22.5, 22.25, 22.39, 22.34
2026-09-08, 20:51:32, 22.36, 22.5, 22.77, 22.77, 9999.0, 9999.0, 9999.0, 23.86, 9999.0, 22.34, 9999.0, 22.77, 22.5, 22.27, 22.41, 22.36
2026-09-08, 20:51:36, 22.39, 22.5, 22.77, 22.8, 9999.0, 9999.0, 9999.0, 23.84, 9999.0, 22.32, 9999.0, 22.8, 22.5, 22.27, 22.39, 22.36
2026-09-08, 20:51:40, 22.36, 22.5, 22.77, 22.8, 9999.0, 9999.0, 9999.0, 23.8, 9999.0, 22.3, 9999.0, 22.82, 22.5, 22.27, 22.39, 22.39
2026-09-08, 20:51:44, 22.39, 22.5, 22.77, 22.8, 9999.0, 9999.0, 9999.0, 23.77, 9999.0, 22.3, 9999.0, 22.82, 22.5, 22.3, 22.36, 22.41
2026-09-08, 20:51:48, 22.41, 22.5, 22.77, 22.8, 9999.0, 9999.0, 9999.0, 23.73, 9999.0, 22.3, 9999.0, 22.82, 22.5, 22.3, 22.39, 22.41
2026-09-08, 20:51:52, 22.41, 22.5, 22.77, 22.77, 9999.0, 9999.0, 9999.0, 23.7, 9999.0, 22.32, 9999.0, 22.82, 22.52, 22.3, 22.39, 22.43
2026-09-08, 20:51:56, 22.43, 22.5, 22.77, 22.77, 9999.0, 9999.0, 9999.0, 23.66, 9999.0, 22.34, 9999.0, 22.82, 22.52, 22.3, 22.39, 22.45
2026-09-08, 20:52:00, 22.43, 22.5, 22.77, 22.77, 9999.0, 9999.0, 9999.0, 23.68, 9999.0, 22.36, 9999.0, 22.82, 22.55, 22.3, 22.39, 22.45
2026-09-08, 20:52:04, 22.43, 22.5, 22.77, 22.77, 9999.0, 9999.0, 9999.0, 23.73, 9999.0, 22.39, 9999.0, 22.82, 22.55, 22.3, 22.39, 22.48
2026-09-08, 20:52:08, 22.41, 22.5, 22.77, 22.77, 9999.0, 9999.0, 9999.0, 23.75, 9999.0, 22.39, 9999.0, 22.82, 22.55, 22.3, 22.41, 22.5
2026-09-08, 20:52:12, 22.41, 22.5, 22.77, 22.77, 9999.0, 9999.0, 9999.0, 23.77, 9999.0, 22.41, 9999.0, 22.82, 22.55, 22.3, 22.41, 22.5
2026-09-08, 20:52:16, 22.41, 22.5, 22.77, 22.8, 9999.0, 9999.0, 9999.0, 23.8, 9999.0, 22.41, 9999.0, 22.8, 22.55, 22.27, 22.41, 22.5
2026-09-08, 20:52:20, 22.39, 22.5, 22.77, 22.77, 9999.0, 9999.0, 9999.0, 23.8, 9999.0, 22.41, 9999.0, 22.77, 22.55, 22.27, 22.41, 22.5
2026-09-08, 20:52:24, 22.41, 22.5, 22.77, 22.77, 9999.0, 9999.0, 9999.0, 23.82, 9999.0, 22.41, 9999.0, 22.75, 22.55, 22.27, 22.41, 22.5
2026-09-08, 20:52:28, 22.41, 22.5, 22.77, 22.77, 9999.0, 9999.0, 9999.0, 23.82, 9999.0, 22.39, 9999.0, 22.75, 22.55, 22.25, 22.43, 22.48
2026-09-08, 20:52:32, 22.41, 22.5, 22.8, 22.8, 9999.0, 9999.0, 9999.0, 23.84, 9999.0, 22.36, 9999.0, 22.73, 22.55, 22.25, 22.41, 22.48
2026-09-08, 20:52:36, 22.41, 22.5, 22.8, 22.8, 9999.0, 9999.0, 9999.0, 23.86, 9999.0, 22.34, 9999.0, 22.73, 22.52, 22.25, 22.39, 22.48
2026-09-08, 20:52:40, 22.41, 22.5, 22.8, 22.8, 9999.0, 9999.0, 9999.0, 23.91, 9999.0, 22.32, 9999.0, 22.73, 22.52, 22.27, 22.39, 22.45
2026-09-08, 20:52:44, 22.41, 22.5, 22.82, 22.8, 9999.0, 9999.0, 9999.0, 23.86, 9999.0, 22.3, 9999.0, 22.73, 22.5, 22.27, 22.39, 22.43
2026-09-08, 20:52:48, 22.41, 22.5, 22.84, 22.8, 9999.0, 9999.0, 9999.0, 23.82, 9999.0, 22.25, 9999.0, 22.75, 22.5, 22.27, 22.41, 22.43
2026-09-08, 20:52:52, 22.43, 22.5, 22.82, 22.8, 9999.0, 9999.0, 9999.0, 23.8, 9999.0, 22.23, 9999.0, 22.77, 22.5, 22.27, 22.41, 22.43
2026-09-08, 20:52:56, 22.43, 22.5, 22.84, 22.8, 9999.0, 9999.0, 9999.0, 23.77, 9999.0, 22.18, 9999.0, 22.8, 22.5, 22.3, 22.41, 22.43
2026-09-08, 20:53:00, 22.43, 22.5, 22.84, 22.77, 9999.0, 9999.0, 9999.0, 23.73, 9999.0, 22.18, 9999.0, 22.82, 22.5, 22.3, 22.41, 22.41
2026-09-08, 20:53:04, 22.45, 22.5, 22.84, 22.8, 9999.0, 9999.0, 9999.0, 23.7, 9999.0, 22.18, 9999.0, 22.84, 22.5, 22.3, 22.43, 22.41
2026-09-08, 20:53:08, 22.45, 22.5, 22.84, 22.8, 9999.0, 9999.0, 9999.0, 23.68, 9999.0, 22.2, 9999.0, 22.84, 22.5, 22.3, 22.41, 22.41
2026-09-08, 20:53:12, 22.45, 22.5, 22.84, 22.8, 9999.0, 9999.0, 9999.0, 23.66, 9999.0, 22.23, 9999.0, 22.84, 22.52, 22.3, 22.41, 22.43
2026-09-08, 20:53:16, 22.43, 22.5, 22.82, 22.77, 9999.0, 9999.0, 9999.0, 23.61, 9999.0, 22.25, 9999.0, 22.86, 22.52, 22.3, 22.43, 22.41
2026-09-08, 20:53:20, 22.45, 22.5, 22.82, 22.8, 9999.0, 9999.0, 9999.0, 23.64, 9999.0, 22.25, 9999.0, 22.86, 22.52, 22.32, 22.45, 22.41
2026-09-08, 20:53:24, 22.45, 22.5, 22.84, 22.8, 9999.0, 9999.0, 9999.0, 23.66, 9999.0, 22.25, 9999.0, 22.86, 22.52, 22.3, 22.43, 22.43
2026-09-08, 20:53:28, 22.45, 22.5, 22.84, 22.82, 9999.0, 9999.0, 9999.0, 23.68, 9999.0, 22.25, 9999.0, 22.86, 22.52, 22.3, 22.45, 22.45
2026-09-08, 20:53:32, 22.43, 22.5, 22.82, 22.84, 9999.0, 9999.0, 9999.0, 23.7, 9999.0, 22.27, 9999.0, 22.84, 22.52, 22.3, 22.43, 22.45
2026-09-08, 20:53:37, 22.43, 22.5, 22.82, 22.86, 9999.0, 9999.0, 9999.0, 23.73, 9999.0, 22.3, 9999.0, 22.82, 22.52, 22.3, 22.41, 22.45
2026-09-08, 20:53:41, 22.43, 22.5, 22.8, 22.86, 9999.0, 9999.0, 9999.0, 23.75, 9999.0, 22.32, 9999.0, 22.8, 22.52, 22.27, 22.41, 22.43
2026-09-08, 20:53:45, 22.43, 22.5, 22.8, 22.86, 9999.0, 9999.0, 9999.0, 23.77, 9999.0, 22.32, 9999.0, 22.77, 22.52, 22.27, 22.39, 22.45
2026-09-08, 20:53:49, 22.43, 22.5, 22.8, 22.84, 9999.0, 9999.0, 9999.0, 23.8, 9999.0, 22.32, 9999.0, 22.75, 22.52, 22.27, 22.36, 22.45
2026-09-08, 20:53:53, 22.43, 22.5, 22.8, 22.84, 9999.0, 9999.0, 9999.0, 23.82, 9999.0, 22.3, 9999.0, 22.75, 22.52, 22.3, 22.39, 22.45
2026-09-08, 20:53:57, 22.43, 22.5, 22.8, 22.86, 9999.0, 9999.0, 9999.0, 23.84, 9999.0, 22.27, 9999.0, 22.75, 22.5, 22.32, 22.36, 22.45
2026-09-08, 20:54:01, 22.43, 22.5, 22.8, 22.89, 9999.0, 9999.0, 9999.0, 23.86, 9999.0, 22.25, 9999.0, 22.75, 22.5, 22.32, 22.36, 22.45
2026-09-08, 20:54:05, 22.41, 22.5, 22.82, 22.89, 9999.0, 9999.0, 9999.0, 23.82, 9999.0, 22.25, 9999.0, 22.75, 22.5, 22.3, 22.34, 22.45
2026-09-08, 20:54:09, 22.39, 22.5, 22.82, 22.91, 9999.0, 9999.0, 9999.0, 23.8, 9999.0, 22.23, 9999.0, 22.77, 22.5, 22.32, 22.36, 22.45
2026-09-08, 20:54:13, 22.41, 22.5, 22.82, 22.91, 9999.0, 9999.0, 9999.0, 23.77, 9999.0, 22.2, 9999.0, 22.8, 22.5, 22.34, 22.34, 22.45
2026-09-08, 20:54:17, 22.43, 22.5, 22.84, 22.91, 9999.0, 9999.0, 9999.0, 23.73, 9999.0, 22.2, 9999.0, 22.82, 22.5, 22.34, 22.36, 22.43
2026-09-08, 20:54:21, 22.43, 22.5, 22.86, 22.91, 9999.0, 9999.0, 9999.0, 23.68, 9999.0, 22.2, 9999.0, 22.82, 22.5, 22.34, 22.39, 22.43
2026-09-08, 20:54:25, 22.43, 22.5, 22.86, 22.93, 9999.0, 9999.0, 9999.0, 23.64, 9999.0, 22.2, 9999.0, 22.84, 22.5, 22.36, 22.36, 22.45
2026-09-08, 20:54:29, 22.43, 22.5, 22.89, 22.95, 9999.0, 9999.0, 9999.0, 23.61, 9999.0, 22.23, 9999.0, 22.86, 22.5, 22.36, 22.39, 22.45
2026-09-08, 20:54:33, 22.43, 22.5, 22.91, 22.95, 9999.0, 9999.0, 9999.0, 23.57, 9999.0, 22.25, 9999.0, 22.86, 22.52, 22.36, 22.41, 22.45
2026-09-08, 20:54:37, 22.43, 22.5, 22.93, 22.95, 9999.0, 9999.0, 9999.0, 23.61, 9999.0, 22.27, 9999.0, 22.86, 22.52, 22.36, 22.41, 22.45
2026-09-08, 20:54:41, 22.43, 22.5, 22.95, 22.93, 9999.0, 9999.0, 9999.0, 23.64, 9999.0, 22.3, 9999.0, 22.86, 22.55, 22.34, 22.43, 22.45
2026-09-08, 20:54:45, 22.45, 22.5, 22.98, 22.93, 9999.0, 9999.0, 9999.0, 23.68, 9999.0, 22.3, 9999.0, 22.86, 22.55, 22.34, 22.43, 22.48
2026-09-08, 20:54:49, 22.48, 22.5, 22.98, 22.93, 9999.0, 9999.0, 9999.0, 23.73, 9999.0, 22.3, 9999.0, 22.86, 22.55, 22.34, 22.45, 22.48
2026-09-08, 20:54:53, 22.5, 22.5, 22.98, 22.93, 9999.0, 9999.0, 9999.0, 23.73, 9999.0, 22.32, 9999.0, 22.84, 22.55, 22.32, 22.45, 22.48
2026-09-08, 20:54:57, 22.5, 22.5, 22.98, 22.93, 9999.0, 9999.0, 9999.0, 23.73, 9999.0, 22.34, 9999.0, 22.82, 22.55, 22.32, 22.48, 22.48
2026-09-08, 20:55:01, 22.5, 22.5, 22.95, 22.93, 9999.0, 9999.0, 9999.0, 23.75, 9999.0, 22.34, 9999.0, 22.8, 22.55, 22.34, 22.48, 22.5
2026-09-08, 20:55:05, 22.5, 22.5, 22.95, 22.93, 9999.0, 9999.0, 9999.0, 23.77, 9999.0, 22.34, 9999.0, 22.8, 22.55, 22.34, 22.48, 22.5
2026-09-08, 20:55:09, 22.48, 22.5, 22.95, 22.93, 9999.0, 9999.0, 9999.0, 23.8, 9999.0, 22.34, 9999.0, 22.77, 22.55, 22.32, 22.48, 22.5
2026-09-08, 20:55:13, 22.48, 22.5, 22.95, 22.93, 9999.0, 9999.0, 9999.0, 23.82, 9999.0, 22.32, 9999.0, 22.75, 22.55, 22.32, 22.48, 22.5
2026-09-08, 20:55:17, 22.45, 22.5, 22.93, 22.95, 9999.0, 9999.0, 9999.0, 23.86, 9999.0, 22.3, 9999.0, 22.75, 22.52, 22.32, 22.48, 22.5
2026-09-08, 20:55:21, 22.43, 22.5, 22.93, 22.98, 9999.0, 9999.0, 9999.0, 23.82, 9999.0, 22.27, 9999.0, 22.75, 22.52, 22.3, 22.48, 22.5
2026-09-08, 20:55:25, 22.43, 22.5, 22.93, 23.0, 9999.0, 9999.0, 9999.0, 23.8, 9999.0, 22.25, 9999.0, 22.77, 22.5, 22.3, 22.48, 22.5
2026-09-08, 20:55:29, 22.43, 22.5, 22.93, 23.0, 9999.0, 9999.0, 9999.0, 23.77, 9999.0, 22.25, 9999.0, 22.8, 22.5, 22.3, 22.48, 22.5
2026-09-08, 20:55:33, 22.43, 22.5, 22.93, 23.0, 9999.0, 9999.0, 9999.0, 23.73, 9999.0, 22.25, 9999.0, 22.82, 22.5, 22.32, 22.48, 22.5
2026-09-08, 20:55:37, 22.41, 22.5, 22.93, 23.0, 9999.0, 9999.0, 9999.0, 23.7, 9999.0, 22.27, 9999.0, 22.84, 22.5, 22.34, 22.48, 22.5
2026-09-08, 20:55:41, 22.41, 22.5, 22.93, 23.0, 9999.0, 9999.0, 9999.0, 23.68, 9999.0, 22.27, 9999.0, 22.86, 22.5, 22.34, 22.48, 22.5
2026-09-08, 20:55:45, 22.41, 22.5, 22.95, 23.0, 9999.0, 9999.0, 9999.0, 23.66, 9999.0, 22.3, 9999.0, 22.89, 22.5, 22.34, 22.48, 22.5
2026-09-08, 20:55:49, 22.41, 22.5, 22.95, 23.0, 9999.0, 9999.0, 9999.0, 23.64, 9999.0, 22.32, 9999.0, 22.89, 22.52, 22.34, 22.48, 22.5
2026-09-08, 20:55:53, 22.43, 22.5, 22.98, 23.0, 9999.0, 9999.0, 9999.0, 23.61, 9999.0, 22.34, 9999.0, 22.89, 22.55, 22.36, 22.5, 22.5
2026-09-08, 20:55:57, 22.41, 22.5, 22.98, 23.0, 9999.0, 9999.0, 9999.0, 23.66, 9999.0, 22.36, 9999.0, 22.89, 22.57, 22.36, 22.5, 22.5
2026-09-08, 20:56:01, 22.43, 22.5, 23.0, 23.0, 9999.0, 9999.0, 9999.0, 23.68, 9999.0, 22.39, 9999.0, 22.89, 22.57, 22.36, 22.5, 22.5
2026-09-08, 20:56:05, 22.45, 22.5, 23.0, 23.0, 9999.0, 9999.0, 9999.0, 23.7, 9999.0, 22.41, 9999.0, 22.89, 22.57, 22.36, 22.5, 22.5
2026-09-08, 20:56:09, 22.45, 22.5, 23.0, 23.0, 9999.0, 9999.0, 9999.0, 23.73, 9999.0, 22.43, 9999.0, 22.86, 22.57, 22.36, 22.5, 22.5
2026-09-08, 20:56:13, 22.45, 22.5, 23.0, 22.98, 9999.0, 9999.0, 9999.0, 23.75, 9999.0, 22.43, 9999.0, 22.84, 22.57, 22.39, 22.5, 22.5
2026-09-08, 20:56:17, 22.45, 22.5, 23.0, 22.98, 9999.0, 9999.0, 9999.0, 23.8, 9999.0, 22.43, 9999.0, 22.82, 22.57, 22.39, 22.5, 22.5
2026-09-08, 20:56:21, 22.48, 22.5, 23.0, 22.98, 9999.0, 9999.0, 9999.0, 23.84, 9999.0, 22.41, 9999.0, 22.77, 22.57, 22.36, 22.5, 22.5
2026-09-08, 20:56:25, 22.45, 22.5, 22.98, 22.98, 9999.0, 9999.0, 9999.0, 23.86, 9999.0, 22.41, 9999.0, 22.75, 22.57, 22.34, 22.5, 22.5
2026-09-08, 20:56:29, 22.45, 22.5, 22.95, 22.98, 9999.0, 9999.0, 9999.0, 23.89, 9999.0, 22.39, 9999.0, 22.73, 22.57, 22.32, 22.48, 22.5
2026-09-08, 20:56:33, 22.45, 22.5, 22.95, 22.98, 9999.0, 9999.0, 9999.0, 23.91, 9999.0, 22.36, 9999.0, 22.73, 22.55, 22.34, 22.48, 22.5
2026-09-08, 20:56:37, 22.45, 22.5, 22.93, 22.98, 9999.0, 9999.0, 9999.0, 23.93, 9999.0, 22.34, 9999.0, 22.75, 22.52, 22.32, 22.48, 22.5
2026-09-08, 20:56:41, 22.48, 22.5, 22.93, 22.98, 9999.0, 9999.0, 9999.0, 23.89, 9999.0, 22.32, 9999.0, 22.75, 22.5, 22.34, 22.48, 22.5
2026-09-08, 20:56:45, 22.48, 22.5, 22.93, 22.98, 9999.0, 9999.0, 9999.0, 23.86, 9999.0, 22.3, 9999.0, 22.77, 22.5, 22.36, 22.48, 22.5
2026-09-08, 20:56:49, 22.45, 22.5, 22.93, 22.98, 9999.0, 9999.0, 9999.0, 23.82, 9999.0, 22.27, 9999.0, 22.8, 22.5, 22.39, 22.45, 22.5
2026-09-08, 20:56:53, 22.45, 22.5, 22.91, 22.98, 9999.0, 9999.0, 9999.0, 23.77, 9999.0, 22.25, 9999.0, 22.82, 22.5, 22.39, 22.45, 22.5
2026-09-08, 20:56:57, 22.45, 22.5, 22.91, 22.98, 9999.0, 9999.0, 9999.0, 23.73, 9999.0, 22.27, 9999.0, 22.82, 22.5, 22.36, 22.45, 22.5
2026-09-08, 20:57:01, 22.45, 22.5, 22.89, 22.95, 9999.0, 9999.0, 9999.0, 23.66, 9999.0, 22.27, 9999.0, 22.84, 22.5, 22.34, 22.43, 22.5
2026-09-08, 20:57:05, 22.45, 22.5, 22.89, 22.95, 9999.0, 9999.0, 9999.0, 23.59, 9999.0, 22.3, 9999.0, 22.86, 22.52, 22.36, 22.41, 22.5
2026-09-08, 20:57:09, 22.48, 22.5, 22.91, 22.93, 9999.0, 9999.0, 9999.0, 23.57, 9999.0, 22.32, 9999.0, 22.86, 22.52, 22.39, 22.39, 22.5
2026-09-08, 20:57:13, 22.48, 22.52, 22.91, 22.91, 9999.0, 9999.0, 9999.0, 23.55, 9999.0, 22.34, 9999.0, 22.86, 22.52, 22.39, 22.41, 22.5
2026-09-08, 20:57:17, 22.45, 22.52, 22.91, 22.91, 9999.0, 9999.0, 9999.0, 23.59, 9999.0, 22.36, 9999.0, 22.86, 22.52, 22.39, 22.39, 22.5
2026-09-08, 20:57:21, 22.45, 22.52, 22.93, 22.89, 9999.0, 9999.0, 9999.0, 23.64, 9999.0, 22.39, 9999.0, 22.84, 22.52, 22.39, 22.36, 22.5
2026-09-08, 20:57:25, 22.45, 22.52, 22.91, 22.86, 9999.0, 9999.0, 9999.0, 23.66, 9999.0, 22.41, 9999.0, 22.84, 22.52, 22.39, 22.36, 22.5
2026-09-08, 20:57:30, 22.45, 22.52, 22.89, 22.86, 9999.0, 9999.0, 9999.0, 23.68, 9999.0, 22.43, 9999.0, 22.82, 22.52, 22.36, 22.36, 22.5
2026-09-08, 20:57:34, 22.48, 22.52, 22.86, 22.86, 9999.0, 9999.0, 9999.0, 23.73, 9999.0, 22.45, 9999.0, 22.8, 22.52, 22.34, 22.39, 22.5
2026-09-08, 20:57:38, 22.48, 22.52, 22.89, 22.86, 9999.0, 9999.0, 9999.0, 23.77, 9999.0, 22.48, 9999.0, 22.77, 22.52, 22.36, 22.39, 22.48
2026-09-08, 20:57:42, 22.45, 22.52, 22.89, 22.89, 9999.0, 9999.0, 9999.0, 23.8, 9999.0, 22.45, 9999.0, 22.77, 22.52, 22.36, 22.36, 22.48
2026-09-08, 20:57:46, 22.45, 22.52, 22.89, 22.89, 9999.0, 9999.0, 9999.0, 23.86, 9999.0, 22.45, 9999.0, 22.73, 22.52, 22.36, 22.39, 22.48
2026-09-08, 20:57:50, 22.45, 22.52, 22.86, 22.89, 9999.0, 9999.0, 9999.0, 23.91, 9999.0, 22.43, 9999.0, 22.73, 22.5, 22.34, 22.41, 22.45
2026-09-08, 20:57:54, 22.45, 22.52, 22.86, 22.91, 9999.0, 9999.0, 9999.0, 23.93, 9999.0, 22.41, 9999.0, 22.73, 22.5, 22.32, 22.41, 22.45
2026-09-08, 20:57:58, 22.45, 22.5, 22.89, 22.93, 9999.0, 9999.0, 9999.0, 23.95, 9999.0, 22.39, 9999.0, 22.73, 22.5, 22.34, 22.41, 22.43
2026-09-08, 20:58:02, 22.48, 22.5, 22.89, 22.91, 9999.0, 9999.0, 9999.0, 23.91, 9999.0, 22.36, 9999.0, 22.75, 22.52, 22.32, 22.43, 22.43
2026-09-08, 20:58:06, 22.48, 22.5, 22.86, 22.93, 9999.0, 9999.0, 9999.0, 23.84, 9999.0, 22.34, 9999.0, 22.77, 22.52, 22.32, 22.45, 22.43
2026-09-08, 20:58:10, 22.48, 22.5, 22.86, 22.95, 9999.0, 9999.0, 9999.0, 23.8, 9999.0, 22.32, 9999.0, 22.8, 22.52, 22.3, 22.45, 22.43
2026-09-08, 20:58:14, 22.48, 22.5, 22.89, 22.95, 9999.0, 9999.0, 9999.0, 23.75, 9999.0, 22.32, 9999.0, 22.82, 22.52, 22.3, 22.45, 22.43
2026-09-08, 20:58:18, 22.48, 22.5, 22.91, 22.93, 9999.0, 9999.0, 9999.0, 23.7, 9999.0, 22.32, 9999.0, 22.84, 22.55, 22.3, 22.45, 22.43
2026-09-08, 20:58:22, 22.45, 22.5, 22.89, 22.93, 9999.0, 9999.0, 9999.0, 23.66, 9999.0, 22.32, 9999.0, 22.86, 22.55, 22.27, 22.45, 22.45
2026-09-08, 20:58:26, 22.45, 22.5, 22.89, 22.93, 9999.0, 9999.0, 9999.0, 23.64, 9999.0, 22.36, 9999.0, 22.86, 22.55, 22.27, 22.48, 22.45
2026-09-08, 20:58:30, 22.45, 22.5, 22.89, 22.95, 9999.0, 9999.0, 9999.0, 23.59, 9999.0, 22.41, 9999.0, 22.89, 22.55, 22.27, 22.48, 22.45
2026-09-08, 20:58:34, 22.43, 22.5, 22.91, 22.93, 9999.0, 9999.0, 9999.0, 23.64, 9999.0, 22.43, 9999.0, 22.89, 22.57, 22.27, 22.48, 22.48
2026-09-08, 20:58:38, 22.43, 22.5, 22.89, 22.93, 9999.0, 9999.0, 9999.0, 23.68, 9999.0, 22.48, 9999.0, 22.89, 22.59, 22.27, 22.5, 22.48
2026-09-08, 20:58:42, 22.41, 22.5, 22.89, 22.93, 9999.0, 9999.0, 9999.0, 23.73, 9999.0, 22.5, 9999.0, 22.89, 22.59, 22.27, 22.5, 22.5
2026-09-08, 20:58:46, 22.41, 22.5, 22.89, 22.95, 9999.0, 9999.0, 9999.0, 23.75, 9999.0, 22.52, 9999.0, 22.86, 22.57, 22.27, 22.5, 22.5
2026-09-08, 20:58:50, 22.41, 22.5, 22.89, 22.95, 9999.0, 9999.0, 9999.0, 23.8, 9999.0, 22.55, 9999.0, 22.84, 22.57, 22.3, 22.5, 22.48
2026-09-08, 20:58:54, 22.41, 22.5, 22.91, 22.95, 9999.0, 9999.0, 9999.0, 23.84, 9999.0, 22.57, 9999.0, 22.82, 22.57, 22.32, 22.5, 22.48
2026-09-08, 20:58:58, 22.41, 22.5, 22.91, 22.95, 9999.0, 9999.0, 9999.0, 23.89, 9999.0, 22.57, 9999.0, 22.8, 22.57, 22.34, 22.5, 22.48
2026-09-08, 20:59:02, 22.41, 22.5, 22.89, 22.95, 9999.0, 9999.0, 9999.0, 23.93, 9999.0, 22.57, 9999.0, 22.77, 22.55, 22.34, 22.5, 22.48
2026-09-08, 20:59:06, 22.43, 22.5, 22.89, 22.93, 9999.0, 9999.0, 9999.0, 23.98, 9999.0, 22.57, 9999.0, 22.75, 22.55, 22.36, 22.5, 22.48
2026-09-08, 20:59:10, 22.45, 22.5, 22.89, 22.91, 9999.0, 9999.0, 9999.0, 24.02, 9999.0, 22.55, 9999.0, 22.75, 22.55, 22.39, 22.5, 22.48
2026-09-08, 20:59:14, 22.45, 22.5, 22.91, 22.89, 9999.0, 9999.0, 9999.0, 24.05, 9999.0, 22.52, 9999.0, 22.75, 22.55, 22.39, 22.5, 22.48
2026-09-08, 20:59:18, 22.48, 22.5, 22.91, 22.89, 9999.0, 9999.0, 9999.0, 24.0, 9999.0, 22.52, 9999.0, 22.75, 22.52, 22.39, 22.48, 22.48
2026-09-08, 20:59:22, 22.48, 22.5, 22.91, 22.86, 9999.0, 9999.0, 9999.0, 23.95, 9999.0, 22.48, 9999.0, 22.77, 22.5, 22.39, 22.48, 22.48
2026-09-08, 20:59:26, 22.5, 22.5, 22.91, 22.86, 9999.0, 9999.0, 9999.0, 23.91, 9999.0, 22.45, 9999.0, 22.77, 22.5, 22.36, 22.48, 22.48
2026-09-08, 20:59:30, 22.5, 22.5, 22.89, 22.86, 9999.0, 9999.0, 9999.0, 23.89, 9999.0, 22.43, 9999.0, 22.8, 22.5, 22.39, 22.45, 22.48
2026-09-08, 20:59:34, 22.5, 22.5, 22.89, 22.86, 9999.0, 9999.0, 9999.0, 23.86, 9999.0, 22.43, 9999.0, 22.8, 22.5, 22.39, 22.43, 22.48
2026-09-08, 20:59:38, 22.5, 22.5, 22.89, 22.84, 9999.0, 9999.0, 9999.0, 23.84, 9999.0, 22.43, 9999.0, 22.82, 22.5, 22.36, 22.43, 22.48
2026-09-08, 20:59:42, 22.5, 22.5, 22.86, 22.82, 9999.0, 9999.0, 9999.0, 23.82, 9999.0, 22.45, 9999.0, 22.82, 22.5, 22.34, 22.43, 22.48
2026-09-08, 20:59:46, 22.5, 22.5, 22.86, 22.82, 9999.0, 9999.0, 9999.0, 23.8, 9999.0, 22.48, 9999.0, 22.82, 22.5, 22.36, 22.43, 22.48
2026-09-08, 20:59:50, 22.5, 22.5, 22.89, 22.82, 9999.0, 9999.0, 9999.0, 23.75, 9999.0, 22.48, 9999.0, 22.82, 22.5, 22.34, 22.43, 22.45
2026-09-08, 20:59:54, 22.48, 22.5, 22.86, 22.82, 9999.0, 9999.0, 9999.0, 23.77, 9999.0, 22.5, 9999.0, 22.82, 22.5, 22.32, 22.43, 22.45
2026-09-08, 20:59:58, 22.48, 22.5, 22.86, 22.84, 9999.0, 9999.0, 9999.0, 23.82, 9999.0, 22.5, 9999.0, 22.82, 22.5, 22.32, 22.43, 22.45
2026-09-08, 21:00:02, 22.48, 22.5, 22.84, 22.84, 9999.0, 9999.0, 9999.0, 23.84, 9999.0, 22.5, 9999.0, 22.82, 22.5, 22.32, 22.45, 22.45
2026-09-08, 21:00:06, 22.48, 22.5, 22.84, 22.84, 9999.0, 9999.0, 9999.0, 23.86, 9999.0, 22.52, 9999.0, 22.8, 22.5, 22.32, 22.43, 22.45
2026-09-08, 21:00:10, 22.48, 22.5, 22.82, 22.82, 9999.0, 9999.0, 9999.0, 23.89, 9999.0, 22.55, 9999.0, 22.8, 22.5, 22.32, 22.41, 22.43
2026-09-08, 21:00:14, 22.48, 22.5, 22.82, 22.8, 9999.0, 9999.0, 9999.0, 23.91, 9999.0, 22.57, 9999.0, 22.77, 22.5, 22.3, 22.43, 22.43
2026-09-08, 21:00:18, 22.48, 22.5, 22.82, 22.77, 9999.0, 9999.0, 9999.0, 23.93, 9999.0, 22.57, 9999.0, 22.77, 22.5, 22.27, 22.43, 22.45
2026-09-08, 21:00:22, 22.48, 22.5, 22.8, 22.77, 9999.0, 9999.0, 9999.0, 23.95, 9999.0, 22.57, 9999.0, 22.73, 22.5, 22.27, 22.43, 22.45
2026-09-08, 21:00:26, 22.48, 22.5, 22.8, 22.77, 9999.0, 9999.0, 9999.0, 23.98, 9999.0, 22.55, 9999.0, 22.7, 22.52, 22.27, 22.43, 22.45
2026-09-08, 21:00:30, 22.48, 22.5, 22.82, 22.77, 9999.0, 9999.0, 9999.0, 24.0, 9999.0, 22.52, 9999.0, 22.7, 22.55, 22.25, 22.43, 22.45
2026-09-08, 21:00:34, 22.48, 22.5, 22.82, 22.77, 9999.0, 9999.0, 9999.0, 24.02, 9999.0, 22.52, 9999.0, 22.7, 22.55, 22.25, 22.41, 22.48
2026-09-08, 21:00:38, 22.5, 22.5, 22.82, 22.77, 9999.0, 9999.0, 9999.0, 23.98, 9999.0, 22.5, 9999.0, 22.7, 22.55, 22.25, 22.41, 22.48
2026-09-08, 21:00:42, 22.5, 22.5, 22.8, 22.75, 9999.0, 9999.0, 9999.0, 23.93, 9999.0, 22.5, 9999.0, 22.73, 22.57, 22.27, 22.41, 22.48
2026-09-08, 21:00:46, 22.5, 22.5, 22.8, 22.77, 9999.0, 9999.0, 9999.0, 23.91, 9999.0, 22.48, 9999.0, 22.75, 22.57, 22.27, 22.41, 22.48
2026-09-08, 21:00:50, 22.5, 22.5, 22.8, 22.77, 9999.0, 9999.0, 9999.0, 23.89, 9999.0, 22.5, 9999.0, 22.75, 22.59, 22.27, 22.43, 22.48
2026-09-08, 21:00:54, 22.48, 22.5, 22.8, 22.77, 9999.0, 9999.0, 9999.0, 23.86, 9999.0, 22.52, 9999.0, 22.75, 22.59, 22.27, 22.45, 22.5
2026-09-08, 21:00:58, 22.45, 22.5, 22.8, 22.77, 9999.0, 9999.0, 9999.0, 23.84, 9999.0, 22.55, 9999.0, 22.75, 22.59, 22.27, 22.45, 22.5
2026-09-08, 21:01:02, 22.43, 22.5, 22.82, 22.77, 9999.0, 9999.0, 9999.0, 23.8, 9999.0, 22.57, 9999.0, 22.77, 22.59, 22.27, 22.48, 22.5
2026-09-08, 21:01:06, 22.43, 22.5, 22.84, 22.8, 9999.0, 9999.0, 9999.0, 23.75, 9999.0, 22.59, 9999.0, 22.8, 22.59, 22.27, 22.48, 22.5
2026-09-08, 21:01:10, 22.43, 22.5, 22.86, 22.8, 9999.0, 9999.0, 9999.0, 23.77, 9999.0, 22.61, 9999.0, 22.82, 22.59, 22.27, 22.48, 22.48
2026-09-08, 21:01:14, 22.43, 22.5, 22.84, 22.82, 9999.0, 9999.0, 9999.0, 23.8, 9999.0, 22.61, 9999.0, 22.82, 22.57, 22.3, 22.48, 22.48
2026-09-08, 21:01:18, 22.43, 22.5, 22.84, 22.82, 9999.0, 9999.0, 9999.0, 23.84, 9999.0, 22.64, 9999.0, 22.82, 22.57, 22.3, 22.48, 22.45
2026-09-08, 21:01:23, 22.43, 22.5, 22.84, 22.82, 9999.0, 9999.0, 9999.0, 23.89, 9999.0, 22.64, 9999.0, 22.82, 22.57, 22.3, 22.48, 22.45
2026-09-08, 21:01:27, 22.43, 22.5, 22.84, 22.82, 9999.0, 9999.0, 9999.0, 23.93, 9999.0, 22.64, 9999.0, 22.8, 22.57, 22.27, 22.45, 22.45
2026-09-08, 21:01:31, 22.41, 22.5, 22.84, 22.8, 9999.0, 9999.0, 9999.0, 23.98, 9999.0, 22.66, 9999.0, 22.77, 22.57, 22.27, 22.43, 22.45
2026-09-08, 21:01:35, 22.39, 22.5, 22.84, 22.8, 9999.0, 9999.0, 9999.0, 24.0, 9999.0, 22.64, 9999.0, 22.77, 22.55, 22.27, 22.43, 22.45
2026-09-08, 21:01:39, 22.41, 22.5, 22.84, 22.8, 9999.0, 9999.0, 9999.0, 24.0, 9999.0, 22.61, 9999.0, 22.77, 22.55, 22.27, 22.43, 22.43
2026-09-08, 21:01:43, 22.43, 22.5, 22.84, 22.8, 9999.0, 9999.0, 9999.0, 24.02, 9999.0, 22.59, 9999.0, 22.75, 22.55, 22.27, 22.41, 22.41
2026-09-08, 21:01:47, 22.43, 22.5, 22.82, 22.82, 9999.0, 9999.0, 9999.0, 24.07, 9999.0, 22.57, 9999.0, 22.75, 22.55, 22.27, 22.39, 22.41
2026-09-08, 21:01:51, 22.43, 22.5, 22.8, 22.82, 9999.0, 9999.0, 9999.0, 24.11, 9999.0, 22.55, 9999.0, 22.75, 22.55, 22.27, 22.36, 22.39
2026-09-08, 21:01:55, 22.43, 22.5, 22.77, 22.82, 9999.0, 9999.0, 9999.0, 24.09, 9999.0, 22.52, 9999.0, 22.75, 22.52, 22.27, 22.34, 22.39
2026-09-08, 21:01:59, 22.43, 22.5, 22.77, 22.8, 9999.0, 9999.0, 9999.0, 24.05, 9999.0, 22.52, 9999.0, 22.77, 22.52, 22.27, 22.32, 22.39
2026-09-08, 21:02:03, 22.43, 22.5, 22.75, 22.82, 9999.0, 9999.0, 9999.0, 24.0, 9999.0, 22.5, 9999.0, 22.8, 22.52, 22.3, 22.34, 22.39
2026-09-08, 21:02:07, 22.41, 22.5, 22.77, 22.82, 9999.0, 9999.0, 9999.0, 23.95, 9999.0, 22.48, 9999.0, 22.82, 22.52, 22.3, 22.34, 22.39
2026-09-08, 21:02:11, 22.39, 22.5, 22.77, 22.84, 9999.0, 9999.0, 9999.0, 23.91, 9999.0, 22.48, 9999.0, 22.84, 22.5, 22.32, 22.36, 22.36
2026-09-08, 21:02:15, 22.41, 22.5, 22.77, 22.84, 9999.0, 9999.0, 9999.0, 23.86, 9999.0, 22.48, 9999.0, 22.84, 22.5, 22.32, 22.36, 22.36
2026-09-08, 21:02:19, 22.41, 22.5, 22.77, 22.84, 9999.0, 9999.0, 9999.0, 23.82, 9999.0, 22.5, 9999.0, 22.84, 22.52, 22.32, 22.36, 22.36
2026-09-08, 21:02:23, 22.41, 22.5, 22.77, 22.84, 9999.0, 9999.0, 9999.0, 23.8, 9999.0, 22.52, 9999.0, 22.84, 22.52, 22.32, 22.36, 22.39
2026-09-08, 21:02:27, 22.41, 22.5, 22.77, 22.84, 9999.0, 9999.0, 9999.0, 23.75, 9999.0, 22.55, 9999.0, 22.86, 22.55, 22.32, 22.36, 22.39
2026-09-08, 21:02:31, 22.43, 22.5, 22.77, 22.82, 9999.0, 9999.0, 9999.0, 23.77, 9999.0, 22.57, 9999.0, 22.84, 22.57, 22.32, 22.39, 22.39
2026-09-08, 21:02:35, 22.43, 22.5, 22.77, 22.8, 9999.0, 9999.0, 9999.0, 23.8, 9999.0, 22.59, 9999.0, 22.84, 22.57, 22.32, 22.41, 22.39
2026-09-08, 21:02:39, 22.43, 22.5, 22.77, 22.8, 9999.0, 9999.0, 9999.0, 23.82, 9999.0, 22.61, 9999.0, 22.84, 22.57, 22.32, 22.41, 22.39
2026-09-08, 21:02:43, 22.43, 22.5, 22.77, 22.8, 9999.0, 9999.0, 9999.0, 23.86, 9999.0, 22.61, 9999.0, 22.82, 22.57, 22.3, 22.43, 22.39
2026-09-08, 21:02:47, 22.43, 22.5, 22.77, 22.77, 9999.0, 9999.0, 9999.0, 23.91, 9999.0, 22.64, 9999.0, 22.77, 22.57, 22.27, 22.43, 22.41
2026-09-08, 21:02:51, 22.45, 22.5, 22.75, 22.77, 9999.0, 9999.0, 9999.0, 23.95, 9999.0, 22.66, 9999.0, 22.73, 22.57, 22.3, 22.43, 22.39
2026-09-08, 21:02:55, 22.48, 22.5, 22.75, 22.75, 9999.0, 9999.0, 9999.0, 23.98, 9999.0, 22.66, 9999.0, 22.68, 22.57, 22.27, 22.41, 22.41
2026-09-08, 21:02:59, 22.48, 22.5, 22.75, 22.75, 9999.0, 9999.0, 9999.0, 24.02, 9999.0, 22.66, 9999.0, 22.68, 22.57, 22.27, 22.41, 22.39
2026-09-08, 21:03:03, 22.5, 22.5, 22.75, 22.75, 9999.0, 9999.0, 9999.0, 24.09, 9999.0, 22.64, 9999.0, 22.68, 22.55, 22.27, 22.41, 22.39
2026-09-08, 21:03:07, 22.5, 22.5, 22.75, 22.75, 9999.0, 9999.0, 9999.0, 24.14, 9999.0, 22.61, 9999.0, 22.68, 22.55, 22.27, 22.39, 22.36
2026-09-08, 21:03:11, 22.5, 22.5, 22.75, 22.77, 9999.0, 9999.0, 9999.0, 24.18, 9999.0, 22.59, 9999.0, 22.68, 22.52, 22.27, 22.41, 22.39
2026-09-08, 21:03:15, 22.48, 22.5, 22.75, 22.77, 9999.0, 9999.0, 9999.0, 24.16, 9999.0, 22.57, 9999.0, 22.68, 22.5, 22.27, 22.41, 22.36
2026-09-08, 21:03:19, 22.48, 22.5, 22.75, 22.77, 9999.0, 9999.0, 9999.0, 24.11, 9999.0, 22.55, 9999.0, 22.7, 22.5, 22.27, 22.41, 22.39
2026-09-08, 21:03:23, 22.45, 22.5, 22.75, 22.77, 9999.0, 9999.0, 9999.0, 24.07, 9999.0, 22.52, 9999.0, 22.73, 22.5, 22.27, 22.43, 22.39
2026-09-08, 21:03:27, 22.45, 22.5, 22.75, 22.77, 9999.0, 9999.0, 9999.0, 24.02, 9999.0, 22.55, 9999.0, 22.75, 22.5, 22.27, 22.43, 22.39
2026-09-08, 21:03:31, 22.43, 22.5, 22.77, 22.77, 9999.0, 9999.0, 9999.0, 23.98, 9999.0, 22.52, 9999.0, 22.77, 22.5, 22.27, 22.41, 22.36
2026-09-08, 21:03:35, 22.43, 22.5, 22.77, 22.77, 9999.0, 9999.0, 9999.0, 23.91, 9999.0, 22.55, 9999.0, 22.82, 22.5, 22.25, 22.41, 22.39
2026-09-08, 21:03:39, 22.43, 22.5, 22.77, 22.77, 9999.0, 9999.0, 9999.0, 23.89, 9999.0, 22.59, 9999.0, 22.84, 22.5, 22.25, 22.43, 22.39
2026-09-08, 21:03:43, 22.41, 22.5, 22.8, 22.77, 9999.0, 9999.0, 9999.0, 23.82, 9999.0, 22.61, 9999.0, 22.84, 22.5, 22.25, 22.45, 22.39
2026-09-08, 21:03:47, 22.41, 22.5, 22.8, 22.8, 9999.0, 9999.0, 9999.0, 23.82, 9999.0, 22.64, 9999.0, 22.84, 22.5, 22.25, 22.45, 22.36
2026-09-08, 21:03:51, 22.39, 22.5, 22.8, 22.82, 9999.0, 9999.0, 9999.0, 23.84, 9999.0, 22.66, 9999.0, 22.84, 22.5, 22.25, 22.45, 22.39
2026-09-08, 21:03:55, 22.36, 22.5, 22.8, 22.8, 9999.0, 9999.0, 9999.0, 23.86, 9999.0, 22.68, 9999.0, 22.84, 22.52, 22.25, 22.45, 22.39
2026-09-08, 21:03:59, 22.39, 22.5, 22.8, 22.8, 9999.0, 9999.0, 9999.0, 23.89, 9999.0, 22.7, 9999.0, 22.84, 22.52, 22.25, 22.45, 22.41
2026-09-08, 21:04:03, 22.36, 22.5, 22.8, 22.8, 9999.0, 9999.0, 9999.0, 23.93, 9999.0, 22.73, 9999.0, 22.82, 22.55, 22.25, 22.45, 22.41
2026-09-08, 21:04:07, 22.36, 22.5, 22.8, 22.8, 9999.0, 9999.0, 9999.0, 23.95, 9999.0, 22.75, 9999.0, 22.8, 22.55, 22.25, 22.43, 22.43
2026-09-08, 21:04:11, 22.36, 22.5, 22.8, 22.8, 9999.0, 9999.0, 9999.0, 23.98, 9999.0, 22.75, 9999.0, 22.75, 22.57, 22.25, 22.41, 22.41
2026-09-08, 21:04:15, 22.36, 22.5, 22.77, 22.8, 9999.0, 9999.0, 9999.0, 24.0, 9999.0, 22.77, 9999.0, 22.75, 22.57, 22.25, 22.41, 22.41
2026-09-08, 21:04:19, 22.36, 22.5, 22.77, 22.8, 9999.0, 9999.0, 9999.0, 24.07, 9999.0, 22.77, 9999.0, 22.73, 22.57, 22.25, 22.39, 22.41
2026-09-08, 21:04:23, 22.36, 22.5, 22.77, 22.8, 9999.0, 9999.0, 9999.0, 24.09, 9999.0, 22.73, 9999.0, 22.73, 22.57, 22.25, 22.36, 22.41
2026-09-08, 21:04:27, 22.36, 22.5, 22.77, 22.8, 9999.0, 9999.0, 9999.0, 24.14, 9999.0, 22.73, 9999.0, 22.73, 22.57, 22.25, 22.36, 22.41
2026-09-08, 21:04:31, 22.36, 22.5, 22.77, 22.77, 9999.0, 9999.0, 9999.0, 24.11, 9999.0, 22.73, 9999.0, 22.73, 22.57, 22.25, 22.36, 22.41
2026-09-08, 21:04:35, 22.39, 22.5, 22.77, 22.75, 9999.0, 9999.0, 9999.0, 24.07, 9999.0, 22.73, 9999.0, 22.75, 22.57, 22.25, 22.39, 22.39
2026-09-08, 21:04:39, 22.39, 22.5, 22.77, 22.75, 9999.0, 9999.0, 9999.0, 24.02, 9999.0, 22.73, 9999.0, 22.77, 22.55, 22.25, 22.36, 22.36
2026-09-08, 21:04:43, 22.39, 22.5, 22.77, 22.75, 9999.0, 9999.0, 9999.0, 23.98, 9999.0, 22.73, 9999.0, 22.8, 22.55, 22.25, 22.34, 22.34
2026-09-08, 21:04:47, 22.41, 22.5, 22.77, 22.75, 9999.0, 9999.0, 9999.0, 23.93, 9999.0, 22.73, 9999.0, 22.8, 22.52, 22.25, 22.34, 22.32
2026-09-08, 21:04:51, 22.43, 22.5, 22.77, 22.75, 9999.0, 9999.0, 9999.0, 23.91, 9999.0, 22.73, 9999.0, 22.8, 22.52, 22.25, 22.34, 22.3
2026-09-08, 21:04:55, 22.43, 22.5, 22.8, 22.75, 9999.0, 9999.0, 9999.0, 23.89, 9999.0, 22.75, 9999.0, 22.82, 22.5, 22.25, 22.36, 22.3
2026-09-08, 21:04:59, 22.45, 22.5, 22.8, 22.75, 9999.0, 9999.0, 9999.0, 23.84, 9999.0, 22.75, 9999.0, 22.82, 22.5, 22.25, 22.39, 22.3
2026-09-08, 21:05:03, 22.45, 22.5, 22.8, 22.75, 9999.0, 9999.0, 9999.0, 23.77, 9999.0, 22.75, 9999.0, 22.82, 22.5, 22.25, 22.41, 22.27
2026-09-08, 21:05:07, 22.45, 22.5, 22.8, 22.75, 9999.0, 9999.0, 9999.0, 23.82, 9999.0, 22.77, 9999.0, 22.82, 22.5, 22.25, 22.41, 22.27
2026-09-08, 21:05:11, 22.48, 22.5, 22.77, 22.75, 9999.0, 9999.0, 9999.0, 23.86, 9999.0, 22.77, 9999.0, 22.82, 22.5, 22.25, 22.41, 22.3
2026-09-08, 21:05:16, 22.48, 22.5, 22.77, 22.75, 9999.0, 9999.0, 9999.0, 23.89, 9999.0, 22.77, 9999.0, 22.82, 22.5, 22.25, 22.41, 22.3
2026-09-08, 21:05:20, 22.45, 22.5, 22.77, 22.75, 9999.0, 9999.0, 9999.0, 23.93, 9999.0, 22.77, 9999.0, 22.8, 22.5, 22.25, 22.41, 22.32
2026-09-08, 21:05:24, 22.48, 22.5, 22.77, 22.75, 9999.0, 9999.0, 9999.0, 23.98, 9999.0, 22.77, 9999.0, 22.77, 22.5, 22.25, 22.43, 22.32
2026-09-08, 21:05:28, 22.48, 22.5, 22.77, 22.75, 9999.0, 9999.0, 9999.0, 24.0, 9999.0, 22.77, 9999.0, 22.75, 22.5, 22.25, 22.45, 22.32
2026-09-08, 21:05:32, 22.48, 22.5, 22.77, 22.75, 9999.0, 9999.0, 9999.0, 24.02, 9999.0, 22.77, 9999.0, 22.75, 22.5, 22.25, 22.45, 22.32
2026-09-08, 21:05:36, 22.48, 22.5, 22.77, 22.75, 9999.0, 9999.0, 9999.0, 24.05, 9999.0, 22.77, 9999.0, 22.73, 22.5, 22.25, 22.45, 22.32
2026-09-08, 21:05:40, 22.45, 22.5, 22.75, 22.75, 9999.0, 9999.0, 9999.0, 24.07, 9999.0, 22.75, 9999.0, 22.7, 22.5, 22.25, 22.43, 22.32
2026-09-08, 21:05:44, 22.43, 22.5, 22.77, 22.75, 9999.0, 9999.0, 9999.0, 24.11, 9999.0, 22.75, 9999.0, 22.7, 22.5, 22.25, 22.41, 22.34
2026-09-08, 21:05:48, 22.41, 22.5, 22.77, 22.75, 9999.0, 9999.0, 9999.0, 24.16, 9999.0, 22.75, 9999.0, 22.7, 22.5, 22.25, 22.41, 22.34
2026-09-08, 21:05:52, 22.41, 22.5, 22.77, 22.75, 9999.0, 9999.0, 9999.0, 24.11, 9999.0, 22.75, 9999.0, 22.7, 22.5, 22.25, 22.43, 22.32
2026-09-08, 21:05:56, 22.39, 22.5, 22.77, 22.75, 9999.0, 9999.0, 9999.0, 24.07, 9999.0, 22.73, 9999.0, 22.73, 22.5, 22.25, 22.43, 22.3
2026-09-08, 21:06:00, 22.36, 22.5, 22.77, 22.75, 9999.0, 9999.0, 9999.0, 24.05, 9999.0, 22.7, 9999.0, 22.73, 22.5, 22.25, 22.43, 22.3
2026-09-08, 21:06:04, 22.36, 22.5, 22.77, 22.75, 9999.0, 9999.0, 9999.0, 24.0, 9999.0, 22.7, 9999.0, 22.75, 22.5, 22.25, 22.43, 22.27
2026-09-08, 21:06:08, 22.36, 22.5, 22.77, 22.75, 9999.0, 9999.0, 9999.0, 23.95, 9999.0, 22.7, 9999.0, 22.75, 22.5, 22.25, 22.41, 22.3
2026-09-08, 21:06:12, 22.34, 22.5, 22.77, 22.75, 9999.0, 9999.0, 9999.0, 23.93, 9999.0, 22.7, 9999.0, 22.75, 22.5, 22.27, 22.41, 22.3
2026-09-08, 21:06:16, 22.32, 22.5, 22.77, 22.75, 9999.0, 9999.0, 9999.0, 23.91, 9999.0, 22.7, 9999.0, 22.75, 22.5, 22.27, 22.41, 22.3
2026-09-08, 21:06:20, 22.3, 22.5, 22.77, 22.75, 9999.0, 9999.0, 9999.0, 23.86, 9999.0, 22.73, 9999.0, 22.77, 22.5, 22.27, 22.41, 22.3
2026-09-08, 21:06:24, 22.32, 22.5, 22.77, 22.75, 9999.0, 9999.0, 9999.0, 23.91, 9999.0, 22.73, 9999.0, 22.8, 22.5, 22.27, 22.43, 22.32
2026-09-08, 21:06:28, 22.32, 22.5, 22.75, 22.75, 9999.0, 9999.0, 9999.0, 23.95, 9999.0, 22.73, 9999.0, 22.8, 22.5, 22.27, 22.45, 22.3
2026-09-08, 21:06:32, 22.34, 22.5, 22.75, 22.75, 9999.0, 9999.0, 9999.0, 24.0, 9999.0, 22.73, 9999.0, 22.8, 22.5, 22.27, 22.43, 22.32
2026-09-08, 21:06:36, 22.32, 22.5, 22.75, 22.75, 9999.0, 9999.0, 9999.0, 24.02, 9999.0, 22.73, 9999.0, 22.8, 22.5, 22.27, 22.41, 22.32
2026-09-08, 21:06:40, 22.34, 22.5, 22.75, 22.75, 9999.0, 9999.0, 9999.0, 24.05, 9999.0, 22.75, 9999.0, 22.77, 22.5, 22.27, 22.39, 22.34
2026-09-08, 21:06:44, 22.36, 22.5, 22.75, 22.75, 9999.0, 9999.0, 9999.0, 24.07, 9999.0, 22.77, 9999.0, 22.77, 22.5, 22.3, 22.36, 22.34
2026-09-08, 21:06:48, 22.39, 22.5, 22.75, 22.75, 9999.0, 9999.0, 9999.0, 24.11, 9999.0, 22.77, 9999.0, 22.75, 22.5, 22.3, 22.34, 22.34
2026-09-08, 21:06:52, 22.36, 22.5, 22.75, 22.75, 9999.0, 9999.0, 9999.0, 24.14, 9999.0, 22.77, 9999.0, 22.73, 22.5, 22.3, 22.36, 22.32
2026-09-08, 21:06:56, 22.39, 22.5, 22.75, 22.75, 9999.0, 9999.0, 9999.0, 24.18, 9999.0, 22.77, 9999.0, 22.73, 22.5, 22.27, 22.36, 22.32
2026-09-08, 21:07:00, 22.39, 22.5, 22.75, 22.75, 9999.0, 9999.0, 9999.0, 24.2, 9999.0, 22.77, 9999.0, 22.73, 22.5, 22.27, 22.36, 22.32
2026-09-08, 21:07:04, 22.41, 22.5, 22.75, 22.75, 9999.0, 9999.0, 9999.0, 24.25, 9999.0, 22.73, 9999.0, 22.73, 22.5, 22.27, 22.39, 22.32
2026-09-08, 21:07:08, 22.39, 22.5, 22.75, 22.75, 9999.0, 9999.0, 9999.0, 24.2, 9999.0, 22.73, 9999.0, 22.73, 22.5, 22.27, 22.39, 22.3
2026-09-08, 21:07:12, 22.41, 22.5, 22.75, 22.75, 9999.0, 9999.0, 9999.0, 24.16, 9999.0, 22.7, 9999.0, 22.75, 22.5, 22.27, 22.39, 22.3
2026-09-08, 21:07:16, 22.39, 22.5, 22.75, 22.75, 9999.0, 9999.0, 9999.0, 24.11, 9999.0, 22.68, 9999.0, 22.77, 22.5, 22.27, 22.41, 22.27
2026-09-08, 21:07:20, 22.39, 22.5, 22.75, 22.75, 9999.0, 9999.0, 9999.0, 24.07, 9999.0, 22.66, 9999.0, 22.77, 22.5, 22.27, 22.41, 22.27
2026-09-08, 21:07:24, 22.36, 22.5, 22.75, 22.75, 9999.0, 9999.0, 9999.0, 24.02, 9999.0, 22.66, 9999.0, 22.77, 22.5, 22.27, 22.43, 22.25
2026-09-08, 21:07:28, 22.36, 22.5, 22.75, 22.75, 9999.0, 9999.0, 9999.0, 23.98, 9999.0, 22.66, 9999.0, 22.77, 22.5, 22.25, 22.45, 22.25
2026-09-08, 21:07:32, 22.36, 22.5, 22.75, 22.75, 9999.0, 9999.0, 9999.0, 23.93, 9999.0, 22.66, 9999.0, 22.77, 22.52, 22.25, 22.48, 22.25
2026-09-08, 21:07:36, 22.36, 22.5, 22.75, 22.75, 9999.0, 9999.0, 9999.0, 23.91, 9999.0, 22.66, 9999.0, 22.8, 22.55, 22.25, 22.48, 22.25
2026-09-08, 21:07:40, 22.34, 22.5, 22.75, 22.75, 9999.0, 9999.0, 9999.0, 23.84, 9999.0, 22.66, 9999.0, 22.8, 22.57, 22.25, 22.45, 22.25
2026-09-08, 21:07:44, 22.36, 22.5, 22.75, 22.75, 9999.0, 9999.0, 9999.0, 23.89, 9999.0, 22.66, 9999.0, 22.8, 22.57, 22.25, 22.45, 22.25
2026-09-08, 21:07:48, 22.36, 22.5, 22.75, 22.75, 9999.0, 9999.0, 9999.0, 23.91, 9999.0, 22.66, 9999.0, 22.8, 22.57, 22.25, 22.43, 22.27
2026-09-08, 21:07:52, 22.39, 22.5, 22.75, 22.75, 9999.0, 9999.0, 9999.0, 23.93, 9999.0, 22.66, 9999.0, 22.8, 22.57, 22.25, 22.43, 22.27
2026-09-08, 21:07:56, 22.36, 22.5, 22.75, 22.75, 9999.0, 9999.0, 9999.0, 23.95, 9999.0, 22.66, 9999.0, 22.77, 22.57, 22.25, 22.41, 22.3
2026-09-08, 21:08:00, 22.39, 22.5, 22.75, 22.75, 9999.0, 9999.0, 9999.0, 23.95, 9999.0, 22.66, 9999.0, 22.73, 22.57, 22.25, 22.41, 22.3
2026-09-08, 21:08:04, 22.41, 22.5, 22.75, 22.75, 9999.0, 9999.0, 9999.0, 23.98, 9999.0, 22.66, 9999.0, 22.73, 22.57, 22.25, 22.43, 22.3
2026-09-08, 21:08:08, 22.41, 22.5, 22.75, 22.75, 9999.0, 9999.0, 9999.0, 24.0, 9999.0, 22.64, 9999.0, 22.7, 22.57, 22.25, 22.41, 22.3
2026-09-08, 21:08:12, 22.39, 22.5, 22.75, 22.75, 9999.0, 9999.0, 9999.0, 24.02, 9999.0, 22.61, 9999.0, 22.7, 22.57, 22.25, 22.41, 22.3
2026-09-08, 21:08:16, 22.39, 22.5, 22.75, 22.75, 9999.0, 9999.0, 9999.0, 24.05, 9999.0, 22.59, 9999.0, 22.68, 22.55, 22.25, 22.39, 22.3
2026-09-08, 21:08:20, 22.39, 22.5, 22.75, 22.75, 9999.0, 9999.0, 9999.0, 24.07, 9999.0, 22.57, 9999.0, 22.68, 22.52, 22.25, 22.36, 22.32
2026-09-08, 21:08:24, 22.39, 22.5, 22.75, 22.75, 9999.0, 9999.0, 9999.0, 24.11, 9999.0, 22.55, 9999.0, 22.68, 22.5, 22.25, 22.36, 22.32
2026-09-08, 21:08:28, 22.36, 22.5, 22.75, 22.75, 9999.0, 9999.0, 9999.0, 24.07, 9999.0, 22.52, 9999.0, 22.68, 22.5, 22.25, 22.36, 22.32
2026-09-08, 21:08:32, 22.34, 22.5, 22.75, 22.75, 9999.0, 9999.0, 9999.0, 24.05, 9999.0, 22.52, 9999.0, 22.7, 22.5, 22.27, 22.36, 22.3
2026-09-08, 21:08:36, 22.34, 22.5, 22.75, 22.75, 9999.0, 9999.0, 9999.0, 24.02, 9999.0, 22.5, 9999.0, 22.7, 22.5, 22.3, 22.34, 22.3
2026-09-08, 21:08:40, 22.36, 22.5, 22.75, 22.75, 9999.0, 9999.0, 9999.0, 23.98, 9999.0, 22.5, 9999.0, 22.7, 22.5, 22.3, 22.34, 22.27
2026-09-08, 21:08:44, 22.34, 22.5, 22.75, 22.75, 9999.0, 9999.0, 9999.0, 23.95, 9999.0, 22.5, 9999.0, 22.73, 22.5, 22.3, 22.34, 22.27
2026-09-08, 21:08:48, 22.34, 22.5, 22.75, 22.75, 9999.0, 9999.0, 9999.0, 23.93, 9999.0, 22.52, 9999.0, 22.73, 22.5, 22.32, 22.34, 22.27
2026-09-08, 21:08:52, 22.36, 22.5, 22.75, 22.75, 9999.0, 9999.0, 9999.0, 23.91, 9999.0, 22.55, 9999.0, 22.75, 22.5, 22.34, 22.36, 22.27
2026-09-08, 21:08:56, 22.36, 22.5, 22.75, 22.75, 9999.0, 9999.0, 9999.0, 23.86, 9999.0, 22.57, 9999.0, 22.75, 22.5, 22.34, 22.36, 22.3
2026-09-08, 21:09:00, 22.34, 22.5, 22.75, 22.75, 9999.0, 9999.0, 9999.0, 23.89, 9999.0, 22.59, 9999.0, 22.77, 22.5, 22.34, 22.36, 22.32
2026-09-08, 21:09:05, 22.36, 22.5, 22.75, 22.75, 9999.0, 9999.0, 9999.0, 23.91, 9999.0, 22.61, 9999.0, 22.77, 22.5, 22.34, 22.39, 22.32
2026-09-08, 21:09:09, 22.36, 22.5, 22.75, 22.75, 9999.0, 9999.0, 9999.0, 23.93, 9999.0, 22.64, 9999.0, 22.77, 22.5, 22.34, 22.41, 22.34
2026-09-08, 21:09:13, 22.39, 22.5, 22.75, 22.75, 9999.0, 9999.0, 9999.0, 23.95, 9999.0, 22.66, 9999.0, 22.77, 22.5, 22.34, 22.41, 22.34
2026-09-08, 21:09:17, 22.41, 22.5, 22.75, 22.75, 9999.0, 9999.0, 9999.0, 23.95, 9999.0, 22.66, 9999.0, 22.75, 22.5, 22.32, 22.43, 22.34
2026-09-08, 21:09:21, 22.41, 22.5, 22.75, 22.75, 9999.0, 9999.0, 9999.0, 23.95, 9999.0, 22.66, 9999.0, 22.75, 22.5, 22.3, 22.43, 22.34
2026-09-08, 21:09:25, 22.39, 22.5, 22.75, 22.75, 9999.0, 9999.0, 9999.0, 23.98, 9999.0, 22.66, 9999.0, 22.75, 22.5, 22.3, 22.43, 22.36
2026-09-08, 21:09:29, 22.39, 22.5, 22.75, 22.75, 9999.0, 9999.0, 9999.0, 24.0, 9999.0, 22.66, 9999.0, 22.73, 22.5, 22.3, 22.43, 22.36
2026-09-08, 21:09:33, 22.39, 22.5, 22.75, 22.75, 9999.0, 9999.0, 9999.0, 24.02, 9999.0, 22.64, 9999.0, 22.7, 22.5, 22.27, 22.41, 22.36
2026-09-08, 21:09:37, 22.39, 22.5, 22.75, 22.75, 9999.0, 9999.0, 9999.0, 24.05, 9999.0, 22.61, 9999.0, 22.7, 22.5, 22.25, 22.41, 22.36
2026-09-08, 21:09:41, 22.39, 22.5, 22.75, 22.75, 9999.0, 9999.0, 9999.0, 24.09, 9999.0, 22.59, 9999.0, 22.7, 22.5, 22.25, 22.39, 22.34
2026-09-08, 21:09:45, 22.41, 22.5, 22.75, 22.75, 9999.0, 9999.0, 9999.0, 24.07, 9999.0, 22.57, 9999.0, 22.7, 22.5, 22.25, 22.41, 22.32
2026-09-08, 21:09:49, 22.39, 22.5, 22.75, 22.75, 9999.0, 9999.0, 9999.0, 24.05, 9999.0, 22.52, 9999.0, 22.73, 22.5, 22.25, 22.41, 22.3
2026-09-08, 21:09:53, 22.39, 22.5, 22.75, 22.75, 9999.0, 9999.0, 9999.0, 24.0, 9999.0, 22.48, 9999.0, 22.75, 22.5, 22.25, 22.41, 22.27
2026-09-08, 21:09:57, 22.39, 22.5, 22.75, 22.75, 9999.0, 9999.0, 9999.0, 23.95, 9999.0, 22.43, 9999.0, 22.77, 22.5, 22.25, 22.41, 22.3
2026-09-08, 21:10:01, 22.36, 22.5, 22.75, 22.75, 9999.0, 9999.0, 9999.0, 23.93, 9999.0, 22.43, 9999.0, 22.77, 22.5, 22.25, 22.41, 22.3
2026-09-08, 21:10:05, 22.34, 22.5, 22.75, 22.75, 9999.0, 9999.0, 9999.0, 23.91, 9999.0, 22.45, 9999.0, 22.77, 22.5, 22.25, 22.43, 22.3
2026-09-08, 21:10:09, 22.36, 22.5, 22.75, 22.75, 9999.0, 9999.0, 9999.0, 23.89, 9999.0, 22.48, 9999.0, 22.77, 22.5, 22.25, 22.45, 22.27
2026-09-08, 21:10:13, 22.39, 22.5, 22.75, 22.75, 9999.0, 9999.0, 9999.0, 23.84, 9999.0, 22.5, 9999.0, 22.8, 22.5, 22.27, 22.45, 22.27
2026-09-08, 21:10:17, 22.39, 22.5, 22.75, 22.75, 9999.0, 9999.0, 9999.0, 23.8, 9999.0, 22.52, 9999.0, 22.82, 22.5, 22.27, 22.48, 22.27
2026-09-08, 21:10:21, 22.36, 22.5, 22.75, 22.75, 9999.0, 9999.0, 9999.0, 23.82, 9999.0, 22.55, 9999.0, 22.82, 22.5, 22.27, 22.48, 22.27
2026-09-08, 21:10:25, 22.36, 22.5, 22.75, 22.75, 9999.0, 9999.0, 9999.0, 23.84, 9999.0, 22.57, 9999.0, 22.82, 22.5, 22.27, 22.5, 22.3
2026-09-08, 21:10:29, 22.36, 22.5, 22.75, 22.75, 9999.0, 9999.0, 9999.0, 23.86, 9999.0, 22.59, 9999.0, 22.82, 22.5, 22.27, 22.48, 22.3
2026-09-08, 21:10:33, 22.39, 22.5, 22.75, 22.75, 9999.0, 9999.0, 9999.0, 23.89, 9999.0, 22.61, 9999.0, 22.8, 22.5, 22.27, 22.45, 22.3
2026-09-08, 21:10:37, 22.39, 22.5, 22.75, 22.75, 9999.0, 9999.0, 9999.0, 23.91, 9999.0, 22.66, 9999.0, 22.77, 22.5, 22.3, 22.45, 22.3
2026-09-08, 21:10:41, 22.36, 22.5, 22.75, 22.75, 9999.0, 9999.0, 9999.0, 23.93, 9999.0, 22.68, 9999.0, 22.75, 22.5, 22.3, 22.45, 22.27
2026-09-08, 21:10:45, 22.36, 22.5, 22.75, 22.75, 9999.0, 9999.0, 9999.0, 23.95, 9999.0, 22.68, 9999.0, 22.75, 22.5, 22.3, 22.43, 22.27
2026-09-08, 21:10:49, 22.36, 22.5, 22.75, 22.75, 9999.0, 9999.0, 9999.0, 23.98, 9999.0, 22.66, 9999.0, 22.75, 22.5, 22.3, 22.41, 22.27
2026-09-08, 21:10:53, 22.36, 22.5, 22.75, 22.75, 9999.0, 9999.0, 9999.0, 24.0, 9999.0, 22.64, 9999.0, 22.73, 22.5, 22.3, 22.39, 22.27
2026-09-08, 21:10:57, 22.36, 22.5, 22.75, 22.75, 9999.0, 9999.0, 9999.0, 24.05, 9999.0, 22.61, 9999.0, 22.73, 22.5, 22.27, 22.36, 22.3
2026-09-08, 21:11:01, 22.36, 22.5, 22.75, 22.75, 9999.0, 9999.0, 9999.0, 24.07, 9999.0, 22.59, 9999.0, 22.73, 22.5, 22.27, 22.34, 22.3
2026-09-08, 21:11:05, 22.36, 22.5, 22.75, 22.75, 9999.0, 9999.0, 9999.0, 24.02, 9999.0, 22.57, 9999.0, 22.73, 22.5, 22.27, 22.32, 22.3
2026-09-08, 21:11:09, 22.36, 22.5, 22.75, 22.75, 9999.0, 9999.0, 9999.0, 23.98, 9999.0, 22.55, 9999.0, 22.75, 22.5, 22.3, 22.3, 22.27
2026-09-08, 21:11:13, 22.36, 22.5, 22.75, 22.75, 9999.0, 9999.0, 9999.0, 23.93, 9999.0, 22.52, 9999.0, 22.77, 22.5, 22.3, 22.3, 22.27
2026-09-08, 21:11:17, 22.36, 22.5, 22.75, 22.75, 9999.0, 9999.0, 9999.0, 23.89, 9999.0, 22.52, 9999.0, 22.77, 22.5, 22.3, 22.32, 22.27
2026-09-08, 21:11:21, 22.39, 22.5, 22.75, 22.75, 9999.0, 9999.0, 9999.0, 23.86, 9999.0, 22.5, 9999.0, 22.77, 22.5, 22.27, 22.3, 22.3
2026-09-08, 21:11:25, 22.39, 22.5, 22.75, 22.75, 9999.0, 9999.0, 9999.0, 23.84, 9999.0, 22.5, 9999.0, 22.77, 22.5, 22.27, 22.3, 22.3
2026-09-08, 21:11:29, 22.41, 22.5, 22.75, 22.75, 9999.0, 9999.0, 9999.0, 23.8, 9999.0, 22.52, 9999.0, 22.77, 22.5, 22.27, 22.32, 22.32
2026-09-08, 21:11:33, 22.41, 22.5, 22.75, 22.75, 9999.0, 9999.0, 9999.0, 23.75, 9999.0, 22.55, 9999.0, 22.77, 22.5, 22.27, 22.34, 22.32
2026-09-08, 21:11:37, 22.41, 22.5, 22.75, 22.75, 9999.0, 9999.0, 9999.0, 23.77, 9999.0, 22.55, 9999.0, 22.8, 22.5, 22.27, 22.34, 22.32
2026-09-08, 21:11:41, 22.39, 22.5, 22.75, 22.75, 9999.0, 9999.0, 9999.0, 23.8, 9999.0, 22.55, 9999.0, 22.8, 22.5, 22.27, 22.36, 22.3
2026-09-08, 21:11:45, 22.36, 22.5, 22.75, 22.75, 9999.0, 9999.0, 9999.0, 23.84, 9999.0, 22.55, 9999.0, 22.8, 22.5, 22.27, 22.36, 22.3
2026-09-08, 21:11:49, 22.39, 22.5, 22.75, 22.75, 9999.0, 9999.0, 9999.0, 23.89, 9999.0, 22.55, 9999.0, 22.8, 22.5, 22.27, 22.39, 22.3
2026-09-08, 21:11:53, 22.39, 22.5, 22.75, 22.75, 9999.0, 9999.0, 9999.0, 23.91, 9999.0, 22.55, 9999.0, 22.77, 22.5, 22.25, 22.39, 22.3
2026-09-08, 21:11:57, 22.36, 22.5, 22.75, 22.75, 9999.0, 9999.0, 9999.0, 23.93, 9999.0, 22.55, 9999.0, 22.75, 22.5, 22.25, 22.41, 22.3
2026-09-08, 21:12:01, 22.34, 22.5, 22.75, 22.75, 9999.0, 9999.0, 9999.0, 23.95, 9999.0, 22.52, 9999.0, 22.75, 22.5, 22.25, 22.39, 22.3
2026-09-08, 21:12:05, 22.32, 22.5, 22.75, 22.75, 9999.0, 9999.0, 9999.0, 23.98, 9999.0, 22.52, 9999.0, 22.73, 22.5, 22.25, 22.39, 22.27
2026-09-08, 21:12:09, 22.34, 22.5, 22.75, 22.75, 9999.0, 9999.0, 9999.0, 24.0, 9999.0, 22.52, 9999.0, 22.73, 22.5, 22.25, 22.39, 22.27
2026-09-08, 21:12:13, 22.34, 22.5, 22.75, 22.75, 9999.0, 9999.0, 9999.0, 24.05, 9999.0, 22.48, 9999.0, 22.73, 22.5, 22.25, 22.36, 22.25
2026-09-08, 21:12:17, 22.34, 22.5, 22.75, 22.75, 9999.0, 9999.0, 9999.0, 24.07, 9999.0, 22.43, 9999.0, 22.73, 22.5, 22.25, 22.36, 22.25
2026-09-08, 21:12:21, 22.34, 22.5, 22.75, 22.75, 9999.0, 9999.0, 9999.0, 24.02, 9999.0, 22.41, 9999.0, 22.73, 22.5, 22.25, 22.36, 22.25
2026-09-08, 21:12:25, 22.34, 22.5, 22.75, 22.75, 9999.0, 9999.0, 9999.0, 23.98, 9999.0, 22.39, 9999.0, 22.75, 22.5, 22.25, 22.34, 22.25
2026-09-08, 21:12:29, 22.34, 22.5, 22.75, 22.75, 9999.0, 9999.0, 9999.0, 23.93, 9999.0, 22.36, 9999.0, 22.75, 22.5, 22.25, 22.34, 22.25
2026-09-08, 21:12:33, 22.32, 22.5, 22.75, 22.75, 9999.0, 9999.0, 9999.0, 23.86, 9999.0, 22.34, 9999.0, 22.75, 22.5, 22.25, 22.34, 22.25
2026-09-08, 21:12:37, 22.34, 22.5, 22.75, 22.75, 9999.0, 9999.0, 9999.0, 23.82, 9999.0, 22.34, 9999.0, 22.75, 22.5, 22.25, 22.34, 22.27
2026-09-08, 21:12:41, 22.34, 22.5, 22.75, 22.75, 9999.0, 9999.0, 9999.0, 23.77, 9999.0, 22.34, 9999.0, 22.75, 22.5, 22.25, 22.32, 22.27
2026-09-08, 21:12:45, 22.34, 22.5, 22.75, 22.75, 9999.0, 9999.0, 9999.0, 23.73, 9999.0, 22.36, 9999.0, 22.75, 22.5, 22.25, 22.32, 22.27
2026-09-08, 21:12:49, 22.34, 22.5, 22.75, 22.75, 9999.0, 9999.0, 9999.0, 23.68, 9999.0, 22.36, 9999.0, 22.77, 22.5, 22.25, 22.32, 22.27
2026-09-08, 21:12:53, 22.34, 22.5, 22.75, 22.75, 9999.0, 9999.0, 9999.0, 23.64, 9999.0, 22.39, 9999.0, 22.77, 22.5, 22.25, 22.32, 22.27
2026-09-08, 21:12:58, 22.32, 22.5, 22.75, 22.75, 9999.0, 9999.0, 9999.0, 23.66, 9999.0, 22.41, 9999.0, 22.77, 22.5, 22.25, 22.34, 22.3
2026-09-08, 21:13:02, 22.32, 22.5, 22.75, 22.75, 9999.0, 9999.0, 9999.0, 23.7, 9999.0, 22.43, 9999.0, 22.77, 22.5, 22.25, 22.32, 22.32
2026-09-08, 21:13:06, 22.3, 22.5, 22.75, 22.75, 9999.0, 9999.0, 9999.0, 23.75, 9999.0, 22.45, 9999.0, 22.77, 22.5, 22.25, 22.34, 22.32
2026-09-08, 21:13:10, 22.3, 22.5, 22.75, 22.75, 9999.0, 9999.0, 9999.0, 23.8, 9999.0, 22.48, 9999.0, 22.75, 22.5, 22.25, 22.34, 22.32
2026-09-08, 21:13:14, 22.3, 22.5, 22.75, 22.75, 9999.0, 9999.0, 9999.0, 23.84, 9999.0, 22.5, 9999.0, 22.75, 22.5, 22.25, 22.36, 22.32
2026-09-08, 21:13:18, 22.3, 22.5, 22.75, 22.75, 9999.0, 9999.0, 9999.0, 23.89, 9999.0, 22.52, 9999.0, 22.75, 22.5, 22.25, 22.34, 22.32
2026-09-08, 21:13:22, 22.27, 22.5, 22.75, 22.75, 9999.0, 9999.0, 9999.0, 23.93, 9999.0, 22.5, 9999.0, 22.75, 22.5, 22.25, 22.34, 22.3
2026-09-08, 21:13:26, 22.3, 22.5, 22.75, 22.75, 9999.0, 9999.0, 9999.0, 23.98, 9999.0, 22.5, 9999.0, 22.73, 22.5, 22.25, 22.34, 22.3
2026-09-08, 21:13:30, 22.32, 22.5, 22.75, 22.75, 9999.0, 9999.0, 9999.0, 24.02, 9999.0, 22.48, 9999.0, 22.7, 22.5, 22.25, 22.34, 22.3
2026-09-08, 21:13:34, 22.32, 22.5, 22.75, 22.75, 9999.0, 9999.0, 9999.0, 24.07, 9999.0, 22.45, 9999.0, 22.7, 22.5, 22.25, 22.34, 22.3
2026-09-08, 21:13:38, 22.3, 22.5, 22.75, 22.75, 9999.0, 9999.0, 9999.0, 24.11, 9999.0, 22.41, 9999.0, 22.7, 22.5, 22.25, 22.32, 22.3
2026-09-08, 21:13:42, 22.3, 22.5, 22.75, 22.75, 9999.0, 9999.0, 9999.0, 24.07, 9999.0, 22.39, 9999.0, 22.7, 22.5, 22.25, 22.32, 22.27
2026-09-08, 21:13:46, 22.3, 22.5, 22.75, 22.75, 9999.0, 9999.0, 9999.0, 24.05, 9999.0, 22.36, 9999.0, 22.7, 22.5, 22.25, 22.34, 22.25
2026-09-08, 21:13:50, 22.3, 22.5, 22.75, 22.75, 9999.0, 9999.0, 9999.0, 24.0, 9999.0, 22.34, 9999.0, 22.7, 22.5, 22.25, 22.34, 22.25
2026-09-08, 21:13:54, 22.3, 22.5, 22.75, 22.75, 9999.0, 9999.0, 9999.0, 23.95, 9999.0, 22.34, 9999.0, 22.7, 22.5, 22.25, 22.34, 22.25
2026-09-08, 21:13:58, 22.3, 22.5, 22.75, 22.75, 9999.0, 9999.0, 9999.0, 23.91, 9999.0, 22.34, 9999.0, 22.7, 22.5, 22.25, 22.34, 22.25
2026-09-08, 21:14:02, 22.32, 22.5, 22.75, 22.75, 9999.0, 9999.0, 9999.0, 23.89, 9999.0, 22.34, 9999.0, 22.7, 22.5, 22.25, 22.36, 22.25
2026-09-08, 21:14:06, 22.32, 22.5, 22.75, 22.75, 9999.0, 9999.0, 9999.0, 23.84, 9999.0, 22.39, 9999.0, 22.7, 22.5, 22.25, 22.36, 22.25
2026-09-08, 21:14:10, 22.32, 22.5, 22.75, 22.75, 9999.0, 9999.0, 9999.0, 23.8, 9999.0, 22.39, 9999.0, 22.73, 22.5, 22.25, 22.36, 22.27
2026-09-08, 21:14:14, 22.3, 22.5, 22.75, 22.75, 9999.0, 9999.0, 9999.0, 23.82, 9999.0, 22.41, 9999.0, 22.75, 22.5, 22.25, 22.36, 22.3
2026-09-08, 21:14:18, 22.3, 22.5, 22.75, 22.75, 9999.0, 9999.0, 9999.0, 23.84, 9999.0, 22.43, 9999.0, 22.75, 22.5, 22.25, 22.39, 22.3
2026-09-08, 21:14:22, 22.32, 22.5, 22.75, 22.75, 9999.0, 9999.0, 9999.0, 23.86, 9999.0, 22.45, 9999.0, 22.75, 22.5, 22.25, 22.39, 22.3
2026-09-08, 21:14:26, 22.32, 22.5, 22.75, 22.75, 9999.0, 9999.0, 9999.0, 23.91, 9999.0, 22.48, 9999.0, 22.75, 22.5, 22.25, 22.36, 22.3
2026-09-08, 21:14:30, 22.34, 22.5, 22.75, 22.75, 9999.0, 9999.0, 9999.0, 23.91, 9999.0, 22.5, 9999.0, 22.73, 22.5, 22.25, 22.34, 22.3
2026-09-08, 21:14:34, 22.34, 22.5, 22.75, 22.75, 9999.0, 9999.0, 9999.0, 23.93, 9999.0, 22.52, 9999.0, 22.7, 22.5, 22.25, 22.32, 22.3
2026-09-08, 21:14:38, 22.34, 22.5, 22.75, 22.75, 9999.0, 9999.0, 9999.0, 23.95, 9999.0, 22.5, 9999.0, 22.68, 22.5, 22.25, 22.32, 22.3
2026-09-08, 21:14:42, 22.34, 22.5, 22.75, 22.75, 9999.0, 9999.0, 9999.0, 23.95, 9999.0, 22.48, 9999.0, 22.66, 22.5, 22.25, 22.3, 22.32
2026-09-08, 21:14:46, 22.32, 22.5, 22.75, 22.75, 9999.0, 9999.0, 9999.0, 23.98, 9999.0, 22.45, 9999.0, 22.64, 22.5, 22.25, 22.27, 22.32
2026-09-08, 21:14:50, 22.34, 22.5, 22.75, 22.75, 9999.0, 9999.0, 9999.0, 24.02, 9999.0, 22.41, 9999.0, 22.64, 22.5, 22.25, 22.27, 22.32
2026-09-08, 21:14:54, 22.32, 22.5, 22.75, 22.75, 9999.0, 9999.0, 9999.0, 24.05, 9999.0, 22.39, 9999.0, 22.64, 22.5, 22.25, 22.3, 22.3
2026-09-08, 21:14:58, 22.34, 22.5, 22.75, 22.75, 9999.0, 9999.0, 9999.0, 24.0, 9999.0, 22.36, 9999.0, 22.64, 22.5, 22.25, 22.3, 22.27
2026-09-08, 21:15:02, 22.34, 22.5, 22.75, 22.75, 9999.0, 9999.0, 9999.0, 23.95, 9999.0, 22.34, 9999.0, 22.64, 22.5, 22.25, 22.27, 22.27
2026-09-08, 21:15:06, 22.34, 22.5, 22.75, 22.75, 9999.0, 9999.0, 9999.0, 23.91, 9999.0, 22.32, 9999.0, 22.66, 22.5, 22.25, 22.3, 22.27
2026-09-08, 21:15:10, 22.34, 22.5, 22.75, 22.75, 9999.0, 9999.0, 9999.0, 23.86, 9999.0, 22.3, 9999.0, 22.66, 22.5, 22.25, 22.32, 22.27
2026-09-08, 21:15:14, 22.32, 22.5, 22.75, 22.75, 9999.0, 9999.0, 9999.0, 23.82, 9999.0, 22.3, 9999.0, 22.68, 22.5, 22.25, 22.34, 22.27
2026-09-08, 21:15:18, 22.32, 22.5, 22.75, 22.75, 9999.0, 9999.0, 9999.0, 23.77, 9999.0, 22.27, 9999.0, 22.7, 22.5, 22.25, 22.34, 22.3
2026-09-08, 21:15:22, 22.32, 22.5, 22.75, 22.75, 9999.0, 9999.0, 9999.0, 23.73, 9999.0, 22.3, 9999.0, 22.73, 22.52, 22.25, 22.34, 22.3
2026-09-08, 21:15:26, 22.34, 22.5, 22.75, 22.75, 9999.0, 9999.0, 9999.0, 23.7, 9999.0, 22.32, 9999.0, 22.75, 22.55, 22.25, 22.36, 22.27
2026-09-08, 21:15:30, 22.36, 22.5, 22.75, 22.75, 9999.0, 9999.0, 9999.0, 23.66, 9999.0, 22.34, 9999.0, 22.77, 22.55, 22.25, 22.36, 22.3
2026-09-08, 21:15:34, 22.34, 22.5, 22.75, 22.75, 9999.0, 9999.0, 9999.0, 23.68, 9999.0, 22.36, 9999.0, 22.77, 22.55, 22.25, 22.36, 22.32
2026-09-08, 21:15:38, 22.36, 22.5, 22.75, 22.75, 9999.0, 9999.0, 9999.0, 23.73, 9999.0, 22.39, 9999.0, 22.77, 22.55, 22.25, 22.34, 22.32
2026-09-08, 21:15:42, 22.36, 22.5, 22.75, 22.75, 9999.0, 9999.0, 9999.0, 23.77, 9999.0, 22.41, 9999.0, 22.77, 22.55, 22.25, 22.34, 22.32
2026-09-08, 21:15:46, 22.39, 22.5, 22.75, 22.75, 9999.0, 9999.0, 9999.0, 23.82, 9999.0, 22.41, 9999.0, 22.75, 22.55, 22.25, 22.34, 22.32
2026-09-08, 21:15:50, 22.36, 22.5, 22.75, 22.75, 9999.0, 9999.0, 9999.0, 23.86, 9999.0, 22.41, 9999.0, 22.73, 22.55, 22.25, 22.32, 22.34
2026-09-08, 21:15:54, 22.36, 22.5, 22.75, 22.75, 9999.0, 9999.0, 9999.0, 23.89, 9999.0, 22.41, 9999.0, 22.73, 22.55, 22.25, 22.3, 22.34
2026-09-08, 21:15:58, 22.36, 22.5, 22.75, 22.75, 9999.0, 9999.0, 9999.0, 23.93, 9999.0, 22.39, 9999.0, 22.73, 22.55, 22.25, 22.27, 22.34
2026-09-08, 21:16:02, 22.39, 22.5, 22.75, 22.75, 9999.0, 9999.0, 9999.0, 23.98, 9999.0, 22.39, 9999.0, 22.7, 22.55, 22.25, 22.27, 22.32
2026-09-08, 21:16:06, 22.39, 22.5, 22.75, 22.75, 9999.0, 9999.0, 9999.0, 24.02, 9999.0, 22.36, 9999.0, 22.68, 22.52, 22.25, 22.27, 22.32
2026-09-08, 21:16:10, 22.36, 22.5, 22.75, 22.75, 9999.0, 9999.0, 9999.0, 24.07, 9999.0, 22.34, 9999.0, 22.68, 22.5, 22.25, 22.25, 22.32
2026-09-08, 21:16:14, 22.34, 22.5, 22.75, 22.75, 9999.0, 9999.0, 9999.0, 24.09, 9999.0, 22.32, 9999.0, 22.68, 22.5, 22.25, 22.27, 22.3
2026-09-08, 21:16:18, 22.34, 22.5, 22.75, 22.75, 9999.0, 9999.0, 9999.0, 24.05, 9999.0, 22.3, 9999.0, 22.68, 22.5, 22.25, 22.27, 22.3
2026-09-08, 21:16:22, 22.32, 22.5, 22.75, 22.75, 9999.0, 9999.0, 9999.0, 23.98, 9999.0, 22.27, 9999.0, 22.7, 22.5, 22.25, 22.27, 22.3
2026-09-08, 21:16:26, 22.32, 22.5, 22.75, 22.75, 9999.0, 9999.0, 9999.0, 23.91, 9999.0, 22.25, 9999.0, 22.7, 22.5, 22.27, 22.27, 22.3
2026-09-08, 21:16:30, 22.32, 22.5, 22.75, 22.75, 9999.0, 9999.0, 9999.0, 23.84, 9999.0, 22.27, 9999.0, 22.73, 22.5, 22.27, 22.3, 22.3
2026-09-08, 21:16:34, 22.34, 22.5, 22.75, 22.75, 9999.0, 9999.0, 9999.0, 23.77, 9999.0, 22.27, 9999.0, 22.73, 22.5, 22.27, 22.3, 22.3
2026-09-08, 21:16:38, 22.36, 22.5, 22.75, 22.75, 9999.0, 9999.0, 9999.0, 23.73, 9999.0, 22.27, 9999.0, 22.73, 22.5, 22.27, 22.32, 22.32
2026-09-08, 21:16:42, 22.36, 22.5, 22.75, 22.75, 9999.0, 9999.0, 9999.0, 23.68, 9999.0, 22.3, 9999.0, 22.73, 22.5, 22.27, 22.32, 22.32
2026-09-08, 21:16:46, 22.34, 22.5, 22.75, 22.75, 9999.0, 9999.0, 9999.0, 23.64, 9999.0, 22.32, 9999.0, 22.75, 22.5, 22.27, 22.34, 22.32
2026-09-08, 21:16:51, 22.34, 22.5, 22.75, 22.75, 9999.0, 9999.0, 9999.0, 23.59, 9999.0, 22.34, 9999.0, 22.77, 22.5, 22.27, 22.34, 22.34
2026-09-08, 21:16:55, 22.34, 22.5, 22.75, 22.75, 9999.0, 9999.0, 9999.0, 23.61, 9999.0, 22.34, 9999.0, 22.77, 22.5, 22.27, 22.36, 22.36
2026-09-08, 21:16:59, 22.34, 22.5, 22.75, 22.75, 9999.0, 9999.0, 9999.0, 23.64, 9999.0, 22.34, 9999.0, 22.77, 22.5, 22.27, 22.36, 22.36
2026-09-08, 21:17:03, 22.34, 22.5, 22.75, 22.75, 9999.0, 9999.0, 9999.0, 23.66, 9999.0, 22.34, 9999.0, 22.77, 22.5, 22.27, 22.39, 22.34
2026-09-08, 21:17:07, 22.34, 22.5, 22.75, 22.75, 9999.0, 9999.0, 9999.0, 23.7, 9999.0, 22.34, 9999.0, 22.75, 22.5, 22.27, 22.39, 22.34
2026-09-08, 21:17:11, 22.32, 22.5, 22.75, 22.75, 9999.0, 9999.0, 9999.0, 23.73, 9999.0, 22.34, 9999.0, 22.75, 22.5, 22.25, 22.39, 22.34
2026-09-08, 21:17:15, 22.3, 22.5, 22.75, 22.75, 9999.0, 9999.0, 9999.0, 23.75, 9999.0, 22.32, 9999.0, 22.75, 22.5, 22.27, 22.36, 22.36
2026-09-08, 21:17:19, 22.27, 22.5, 22.75, 22.75, 9999.0, 9999.0, 9999.0, 23.77, 9999.0, 22.32, 9999.0, 22.75, 22.5, 22.27, 22.39, 22.34
2026-09-08, 21:17:23, 22.25, 22.5, 22.75, 22.75, 9999.0, 9999.0, 9999.0, 23.8, 9999.0, 22.32, 9999.0, 22.73, 22.5, 22.27, 22.36, 22.34
2026-09-08, 21:17:27, 22.25, 22.5, 22.75, 22.75, 9999.0, 9999.0, 9999.0, 23.82, 9999.0, 22.3, 9999.0, 22.7, 22.5, 22.27, 22.39, 22.36
2026-09-08, 21:17:31, 22.25, 22.5, 22.75, 22.75, 9999.0, 9999.0, 9999.0, 23.84, 9999.0, 22.27, 9999.0, 22.7, 22.5, 22.27, 22.36, 22.36
2026-09-08, 21:17:35, 22.25, 22.5, 22.75, 22.75, 9999.0, 9999.0, 9999.0, 23.86, 9999.0, 22.25, 9999.0, 22.7, 22.5, 22.27, 22.36, 22.36
2026-09-08, 21:17:39, 22.27, 22.5, 22.75, 22.75, 9999.0, 9999.0, 9999.0, 23.82, 9999.0, 22.23, 9999.0, 22.7, 22.5, 22.27, 22.34, 22.36
2026-09-08, 21:17:43, 22.27, 22.5, 22.75, 22.75, 9999.0, 9999.0, 9999.0, 23.77, 9999.0, 22.2, 9999.0, 22.73, 22.5, 22.27, 22.32, 22.39
2026-09-08, 21:17:47, 22.27, 22.5, 22.75, 22.75, 9999.0, 9999.0, 9999.0, 23.73, 9999.0, 22.18, 9999.0, 22.75, 22.5, 22.3, 22.3, 22.39
2026-09-08, 21:17:51, 22.27, 22.5, 22.75, 22.75, 9999.0, 9999.0, 9999.0, 23.68, 9999.0, 22.18, 9999.0, 22.75, 22.5, 22.3, 22.3, 22.41
2026-09-08, 21:17:55, 22.27, 22.5, 22.75, 22.75, 9999.0, 9999.0, 9999.0, 23.66, 9999.0, 22.18, 9999.0, 22.75, 22.5, 22.3, 22.3, 22.43
2026-09-08, 21:17:59, 22.27, 22.5, 22.75, 22.75, 9999.0, 9999.0, 9999.0, 23.64, 9999.0, 22.18, 9999.0, 22.75, 22.5, 22.27, 22.32, 22.41
2026-09-08, 21:18:03, 22.27, 22.5, 22.75, 22.75, 9999.0, 9999.0, 9999.0, 23.61, 9999.0, 22.18, 9999.0, 22.75, 22.5, 22.27, 22.3, 22.43
2026-09-08, 21:18:07, 22.3, 22.5, 22.75, 22.75, 9999.0, 9999.0, 9999.0, 23.59, 9999.0, 22.2, 9999.0, 22.77, 22.5, 22.27, 22.3, 22.43
2026-09-08, 21:18:11, 22.32, 22.5, 22.75, 22.75, 9999.0, 9999.0, 9999.0, 23.64, 9999.0, 22.2, 9999.0, 22.8, 22.5, 22.27, 22.3, 22.43
2026-09-08, 21:18:15, 22.32, 22.5, 22.75, 22.75, 9999.0, 9999.0, 9999.0, 23.66, 9999.0, 22.2, 9999.0, 22.8, 22.5, 22.3, 22.3, 22.45
2026-09-08, 21:18:19, 22.32, 22.5, 22.75, 22.75, 9999.0, 9999.0, 9999.0, 23.68, 9999.0, 22.2, 9999.0, 22.8, 22.5, 22.3, 22.32, 22.43
2026-09-08, 21:18:23, 22.3, 22.5, 22.75, 22.75, 9999.0, 9999.0, 9999.0, 23.7, 9999.0, 22.23, 9999.0, 22.77, 22.5, 22.3, 22.34, 22.41
2026-09-08, 21:18:27, 22.32, 22.5, 22.75, 22.75, 9999.0, 9999.0, 9999.0, 23.73, 9999.0, 22.23, 9999.0, 22.75, 22.5, 22.3, 22.34, 22.41
2026-09-08, 21:18:31, 22.32, 22.5, 22.75, 22.75, 9999.0, 9999.0, 9999.0, 23.77, 9999.0, 22.23, 9999.0, 22.73, 22.5, 22.27, 22.34, 22.41
2026-09-08, 21:18:35, 22.32, 22.5, 22.75, 22.75, 9999.0, 9999.0, 9999.0, 23.8, 9999.0, 22.2, 9999.0, 22.7, 22.5, 22.27, 22.34, 22.41
2026-09-08, 21:18:39, 22.34, 22.5, 22.75, 22.75, 9999.0, 9999.0, 9999.0, 23.82, 9999.0, 22.18, 9999.0, 22.7, 22.5, 22.27, 22.34, 22.41
2026-09-08, 21:18:43, 22.34, 22.5, 22.75, 22.75, 9999.0, 9999.0, 9999.0, 23.84, 9999.0, 22.16, 9999.0, 22.68, 22.5, 22.27, 22.34, 22.41
2026-09-08, 21:18:47, 22.34, 22.5, 22.75, 22.75, 9999.0, 9999.0, 9999.0, 23.86, 9999.0, 22.14, 9999.0, 22.68, 22.5, 22.27, 22.34, 22.39
2026-09-08, 21:18:51, 22.34, 22.5, 22.75, 22.75, 9999.0, 9999.0, 9999.0, 23.89, 9999.0, 22.09, 9999.0, 22.68, 22.5, 22.3, 22.34, 22.36
2026-09-08, 21:18:55, 22.32, 22.5, 22.75, 22.77, 9999.0, 9999.0, 9999.0, 23.82, 9999.0, 22.07, 9999.0, 22.68, 22.5, 22.3, 22.32, 22.34
2026-09-08, 21:18:59, 22.32, 22.5, 22.75, 22.77, 9999.0, 9999.0, 9999.0, 23.8, 9999.0, 22.05, 9999.0, 22.7, 22.5, 22.27, 22.34, 22.32
2026-09-08, 21:19:03, 22.34, 22.5, 22.75, 22.77, 9999.0, 9999.0, 9999.0, 23.77, 9999.0, 22.02, 9999.0, 22.73, 22.5, 22.27, 22.34, 22.34
2026-09-08, 21:19:07, 22.36, 22.5, 22.75, 22.77, 9999.0, 9999.0, 9999.0, 23.73, 9999.0, 22.02, 9999.0, 22.77, 22.5, 22.27, 22.34, 22.36
2026-09-08, 21:19:11, 22.34, 22.5, 22.75, 22.77, 9999.0, 9999.0, 9999.0, 23.7, 9999.0, 22.02, 9999.0, 22.77, 22.5, 22.27, 22.36, 22.34
2026-09-08, 21:19:15, 22.36, 22.5, 22.75, 22.77, 9999.0, 9999.0, 9999.0, 23.66, 9999.0, 22.05, 9999.0, 22.77, 22.5, 22.27, 22.39, 22.36
2026-09-08, 21:19:19, 22.36, 22.5, 22.75, 22.77, 9999.0, 9999.0, 9999.0, 23.61, 9999.0, 22.07, 9999.0, 22.8, 22.5, 22.27, 22.41, 22.36
2026-09-08, 21:19:23, 22.34, 22.5, 22.75, 22.77, 9999.0, 9999.0, 9999.0, 23.57, 9999.0, 22.09, 9999.0, 22.8, 22.5, 22.27, 22.41, 22.36
2026-09-08, 21:19:27, 22.34, 22.5, 22.75, 22.8, 9999.0, 9999.0, 9999.0, 23.52, 9999.0, 22.11, 9999.0, 22.82, 22.5, 22.27, 22.41, 22.39
2026-09-08, 21:19:31, 22.34, 22.5, 22.75, 22.8, 9999.0, 9999.0, 9999.0, 23.55, 9999.0, 22.14, 9999.0, 22.82, 22.5, 22.27, 22.41, 22.41
2026-09-08, 21:19:35, 22.32, 22.5, 22.75, 22.8, 9999.0, 9999.0, 9999.0, 23.57, 9999.0, 22.16, 9999.0, 22.82, 22.5, 22.25, 22.43, 22.43
2026-09-08, 21:19:39, 22.32, 22.5, 22.75, 22.77, 9999.0, 9999.0, 9999.0, 23.61, 9999.0, 22.16, 9999.0, 22.82, 22.5, 22.25, 22.45, 22.45
2026-09-08, 21:19:43, 22.34, 22.5, 22.75, 22.77, 9999.0, 9999.0, 9999.0, 23.64, 9999.0, 22.16, 9999.0, 22.8, 22.5, 22.25, 22.45, 22.45
2026-09-08, 21:19:47, 22.32, 22.5, 22.75, 22.77, 9999.0, 9999.0, 9999.0, 23.64, 9999.0, 22.16, 9999.0, 22.77, 22.5, 22.25, 22.43, 22.45
2026-09-08, 21:19:51, 22.32, 22.5, 22.75, 22.77, 9999.0, 9999.0, 9999.0, 23.66, 9999.0, 22.14, 9999.0, 22.75, 22.5, 22.25, 22.41, 22.45
2026-09-08, 21:19:55, 22.34, 22.5, 22.75, 22.77, 9999.0, 9999.0, 9999.0, 23.68, 9999.0, 22.14, 9999.0, 22.75, 22.5, 22.25, 22.39, 22.48
2026-09-08, 21:19:59, 22.32, 22.5, 22.75, 22.77, 9999.0, 9999.0, 9999.0, 23.7, 9999.0, 22.11, 9999.0, 22.75, 22.5, 22.25, 22.36, 22.48
2026-09-08, 21:20:03, 22.32, 22.5, 22.75, 22.77, 9999.0, 9999.0, 9999.0, 23.75, 9999.0, 22.09, 9999.0, 22.73, 22.5, 22.25, 22.34, 22.48
2026-09-08, 21:20:07, 22.32, 22.5, 22.75, 22.77, 9999.0, 9999.0, 9999.0, 23.8, 9999.0, 22.07, 9999.0, 22.73, 22.5, 22.25, 22.36, 22.48
2026-09-08, 21:20:11, 22.32, 22.5, 22.75, 22.75, 9999.0, 9999.0, 9999.0, 23.82, 9999.0, 22.05, 9999.0, 22.73, 22.5, 22.25, 22.36, 22.45
2026-09-08, 21:20:15, 22.34, 22.5, 22.75, 22.75, 9999.0, 9999.0, 9999.0, 23.77, 9999.0, 22.02, 9999.0, 22.73, 22.5, 22.25, 22.39, 22.45
2026-09-08, 21:20:19, 22.34, 22.5, 22.75, 22.75, 9999.0, 9999.0, 9999.0, 23.73, 9999.0, 22.0, 9999.0, 22.75, 22.5, 22.27, 22.39, 22.45
2026-09-08, 21:20:23, 22.36, 22.5, 22.75, 22.75, 9999.0, 9999.0, 9999.0, 23.68, 9999.0, 21.98, 9999.0, 22.77, 22.5, 22.27, 22.39, 22.45
2026-09-08, 21:20:27, 22.36, 22.5, 22.75, 22.75, 9999.0, 9999.0, 9999.0, 23.64, 9999.0, 22.0, 9999.0, 22.8, 22.5, 22.27, 22.39, 22.48
2026-09-08, 21:20:31, 22.39, 22.5, 22.75, 22.75, 9999.0, 9999.0, 9999.0, 23.61, 9999.0, 22.0, 9999.0, 22.8, 22.5, 22.27, 22.41, 22.48
2026-09-08, 21:20:35, 22.36, 22.5, 22.75, 22.75, 9999.0, 9999.0, 9999.0, 23.59, 9999.0, 22.02, 9999.0, 22.8, 22.52, 22.27, 22.41, 22.48
2026-09-08, 21:20:40, 22.36, 22.5, 22.75, 22.75, 9999.0, 9999.0, 9999.0, 23.57, 9999.0, 22.05, 9999.0, 22.8, 22.52, 22.27, 22.43, 22.48
2026-09-08, 21:20:44, 22.39, 22.5, 22.75, 22.75, 9999.0, 9999.0, 9999.0, 23.52, 9999.0, 22.07, 9999.0, 22.8, 22.52, 22.27, 22.45, 22.48
2026-09-08, 21:20:48, 22.39, 22.5, 22.75, 22.75, 9999.0, 9999.0, 9999.0, 23.57, 9999.0, 22.09, 9999.0, 22.82, 22.52, 22.3, 22.45, 22.45
2026-09-08, 21:20:52, 22.39, 22.5, 22.75, 22.75, 9999.0, 9999.0, 9999.0, 23.61, 9999.0, 22.11, 9999.0, 22.82, 22.52, 22.3, 22.43, 22.45
2026-09-08, 21:20:56, 22.39, 22.5, 22.75, 22.75, 9999.0, 9999.0, 9999.0, 23.66, 9999.0, 22.14, 9999.0, 22.82, 22.52, 22.3, 22.43, 22.48
2026-09-08, 21:21:00, 22.36, 22.5, 22.75, 22.77, 9999.0, 9999.0, 9999.0, 23.7, 9999.0, 22.14, 9999.0, 22.82, 22.52, 22.3, 22.43, 22.45
2026-09-08, 21:21:04, 22.36, 22.5, 22.75, 22.77, 9999.0, 9999.0, 9999.0, 23.73, 9999.0, 22.14, 9999.0, 22.8, 22.52, 22.27, 22.43, 22.45
2026-09-08, 21:21:08, 22.36, 22.5, 22.75, 22.77, 9999.0, 9999.0, 9999.0, 23.75, 9999.0, 22.18, 9999.0, 22.77, 22.52, 22.27, 22.41, 22.43
2026-09-08, 21:21:12, 22.36, 22.5, 22.75, 22.77, 9999.0, 9999.0, 9999.0, 23.77, 9999.0, 22.16, 9999.0, 22.75, 22.52, 22.27, 22.39, 22.43
2026-09-08, 21:21:16, 22.34, 22.5, 22.75, 22.77, 9999.0, 9999.0, 9999.0, 23.8, 9999.0, 22.16, 9999.0, 22.73, 22.52, 22.27, 22.39, 22.43
2026-09-08, 21:21:20, 22.34, 22.5, 22.75, 22.77, 9999.0, 9999.0, 9999.0, 23.82, 9999.0, 22.14, 9999.0, 22.73, 22.5, 22.27, 22.41, 22.43
2026-09-08, 21:21:24, 22.32, 22.5, 22.75, 22.77, 9999.0, 9999.0, 9999.0, 23.84, 9999.0, 22.11, 9999.0, 22.73, 22.5, 22.27, 22.41, 22.43
2026-09-08, 21:21:28, 22.32, 22.5, 22.75, 22.77, 9999.0, 9999.0, 9999.0, 23.89, 9999.0, 22.09, 9999.0, 22.73, 22.5, 22.27, 22.41, 22.43
2026-09-08, 21:21:32, 22.34, 22.5, 22.77, 22.77, 9999.0, 9999.0, 9999.0, 23.84, 9999.0, 22.07, 9999.0, 22.73, 22.5, 22.25, 22.43, 22.45
2026-09-08, 21:21:36, 22.36, 22.5, 22.77, 22.77, 9999.0, 9999.0, 9999.0, 23.77, 9999.0, 22.05, 9999.0, 22.75, 22.5, 22.25, 22.45, 22.45
2026-09-08, 21:21:40, 22.39, 22.5, 22.77, 22.77, 9999.0, 9999.0, 9999.0, 23.73, 9999.0, 22.02, 9999.0, 22.77, 22.5, 22.27, 22.45, 22.45
2026-09-08, 21:21:44, 22.41, 22.5, 22.77, 22.75, 9999.0, 9999.0, 9999.0, 23.68, 9999.0, 22.02, 9999.0, 22.8, 22.5, 22.27, 22.45, 22.48
2026-09-08, 21:21:48, 22.43, 22.5, 22.77, 22.75, 9999.0, 9999.0, 9999.0, 23.66, 9999.0, 22.05, 9999.0, 22.82, 22.5, 22.3, 22.45, 22.48
2026-09-08, 21:21:52, 22.41, 22.5, 22.8, 22.75, 9999.0, 9999.0, 9999.0, 23.64, 9999.0, 22.05, 9999.0, 22.84, 22.5, 22.32, 22.45, 22.5
2026-09-08, 21:21:56, 22.39, 22.5, 22.8, 22.77, 9999.0, 9999.0, 9999.0, 23.59, 9999.0, 22.07, 9999.0, 22.84, 22.5, 22.32, 22.48, 22.5
2026-09-08, 21:22:00, 22.41, 22.5, 22.8, 22.8, 9999.0, 9999.0, 9999.0, 23.55, 9999.0, 22.09, 9999.0, 22.86, 22.52, 22.32, 22.48, 22.5
2026-09-08, 21:22:04, 22.41, 22.5, 22.8, 22.82, 9999.0, 9999.0, 9999.0, 23.5, 9999.0, 22.11, 9999.0, 22.86, 22.52, 22.32, 22.48, 22.5
2026-09-08, 21:22:08, 22.43, 22.5, 22.8, 22.82, 9999.0, 9999.0, 9999.0, 23.55, 9999.0, 22.14, 9999.0, 22.86, 22.55, 22.34, 22.48, 22.5
2026-09-08, 21:22:12, 22.41, 22.5, 22.8, 22.84, 9999.0, 9999.0, 9999.0, 23.57, 9999.0, 22.16, 9999.0, 22.86, 22.55, 22.36, 22.48, 22.5
2026-09-08, 21:22:16, 22.39, 22.5, 22.77, 22.86, 9999.0, 9999.0, 9999.0, 23.59, 9999.0, 22.18, 9999.0, 22.86, 22.55, 22.39, 22.45, 22.5
2026-09-08, 21:22:20, 22.36, 22.5, 22.77, 22.86, 9999.0, 9999.0, 9999.0, 23.64, 9999.0, 22.2, 9999.0, 22.84, 22.55, 22.39, 22.45, 22.5
2026-09-08, 21:22:24, 22.34, 22.5, 22.77, 22.86, 9999.0, 9999.0, 9999.0, 23.66, 9999.0, 22.23, 9999.0, 22.82, 22.55, 22.36, 22.43, 22.5
2026-09-08, 21:22:28, 22.34, 22.5, 22.77, 22.89, 9999.0, 9999.0, 9999.0, 23.68, 9999.0, 22.23, 9999.0, 22.77, 22.55, 22.36, 22.43, 22.5
2026-09-08, 21:22:32, 22.32, 22.5, 22.77, 22.91, 9999.0, 9999.0, 9999.0, 23.68, 9999.0, 22.2, 9999.0, 22.75, 22.55, 22.34, 22.43, 22.48
2026-09-08, 21:22:36, 22.34, 22.5, 22.75, 22.91, 9999.0, 9999.0, 9999.0, 23.7, 9999.0, 22.18, 9999.0, 22.73, 22.55, 22.32, 22.43, 22.48
2026-09-08, 21:22:40, 22.36, 22.5, 22.75, 22.89, 9999.0, 9999.0, 9999.0, 23.75, 9999.0, 22.16, 9999.0, 22.73, 22.55, 22.32, 22.43, 22.48
2026-09-08, 21:22:44, 22.34, 22.5, 22.75, 22.86, 9999.0, 9999.0, 9999.0, 23.77, 9999.0, 22.14, 9999.0, 22.73, 22.52, 22.32, 22.41, 22.48
2026-09-08, 21:22:48, 22.36, 22.5, 22.75, 22.84, 9999.0, 9999.0, 9999.0, 23.82, 9999.0, 22.11, 9999.0, 22.73, 22.52, 22.32, 22.41, 22.48
2026-09-08, 21:22:52, 22.36, 22.5, 22.77, 22.84, 9999.0, 9999.0, 9999.0, 23.75, 9999.0, 22.09, 9999.0, 22.73, 22.5, 22.3, 22.41, 22.48
2026-09-08, 21:22:56, 22.36, 22.5, 22.77, 22.82, 9999.0, 9999.0, 9999.0, 23.7, 9999.0, 22.07, 9999.0, 22.75, 22.5, 22.27, 22.41, 22.48
2026-09-08, 21:23:00, 22.36, 22.5, 22.77, 22.8, 9999.0, 9999.0, 9999.0, 23.66, 9999.0, 22.05, 9999.0, 22.75, 22.5, 22.27, 22.43, 22.48
2026-09-08, 21:23:04, 22.39, 22.5, 22.77, 22.82, 9999.0, 9999.0, 9999.0, 23.61, 9999.0, 22.02, 9999.0, 22.77, 22.5, 22.27, 22.43, 22.48
2026-09-08, 21:23:08, 22.41, 22.5, 22.8, 22.82, 9999.0, 9999.0, 9999.0, 23.59, 9999.0, 22.0, 9999.0, 22.8, 22.5, 22.27, 22.43, 22.45
2026-09-08, 21:23:12, 22.41, 22.5, 22.8, 22.82, 9999.0, 9999.0, 9999.0, 23.57, 9999.0, 22.02, 9999.0, 22.82, 22.5, 22.27, 22.41, 22.45
2026-09-08, 21:23:16, 22.41, 22.5, 22.8, 22.8, 9999.0, 9999.0, 9999.0, 23.57, 9999.0, 22.05, 9999.0, 22.82, 22.5, 22.27, 22.41, 22.48
2026-09-08, 21:23:20, 22.39, 22.5, 22.8, 22.8, 9999.0, 9999.0, 9999.0, 23.52, 9999.0, 22.07, 9999.0, 22.82, 22.52, 22.27, 22.43, 22.48
2026-09-08, 21:23:24, 22.36, 22.5, 22.8, 22.8, 9999.0, 9999.0, 9999.0, 23.48, 9999.0, 22.09, 9999.0, 22.82, 22.55, 22.27, 22.41, 22.48
2026-09-08, 21:23:28, 22.39, 22.5, 22.8, 22.8, 9999.0, 9999.0, 9999.0, 23.52, 9999.0, 22.14, 9999.0, 22.82, 22.57, 22.27, 22.41, 22.48
2026-09-08, 21:23:32, 22.39, 22.5, 22.8, 22.82, 9999.0, 9999.0, 9999.0, 23.55, 9999.0, 22.16, 9999.0, 22.82, 22.57, 22.27, 22.39, 22.48
2026-09-08, 21:23:36, 22.36, 22.5, 22.77, 22.84, 9999.0, 9999.0, 9999.0, 23.59, 9999.0, 22.18, 9999.0, 22.82, 22.57, 22.27, 22.39, 22.48
2026-09-08, 21:23:40, 22.39, 22.5, 22.77, 22.84, 9999.0, 9999.0, 9999.0, 23.64, 9999.0, 22.2, 9999.0, 22.8, 22.57, 22.27, 22.39, 22.48
2026-09-08, 21:23:44, 22.41, 22.5, 22.77, 22.84, 9999.0, 9999.0, 9999.0, 23.66, 9999.0, 22.23, 9999.0, 22.8, 22.57, 22.27, 22.39, 22.48
2026-09-08, 21:23:48, 22.39, 22.5, 22.77, 22.82, 9999.0, 9999.0, 9999.0, 23.68, 9999.0, 22.25, 9999.0, 22.77, 22.57, 22.3, 22.39, 22.48
2026-09-08, 21:23:52, 22.36, 22.5, 22.75, 22.82, 9999.0, 9999.0, 9999.0, 23.7, 9999.0, 22.27, 9999.0, 22.75, 22.57, 22.3, 22.39, 22.48
2026-09-08, 21:23:56, 22.34, 22.5, 22.75, 22.8, 9999.0, 9999.0, 9999.0, 23.73, 9999.0, 22.27, 9999.0, 22.75, 22.57, 22.3, 22.41, 22.48
2026-09-08, 21:24:00, 22.36, 22.5, 22.75, 22.8, 9999.0, 9999.0, 9999.0, 23.75, 9999.0, 22.27, 9999.0, 22.73, 22.57, 22.3, 22.41, 22.48
2026-09-08, 21:24:04, 22.39, 22.5, 22.75, 22.8, 9999.0, 9999.0, 9999.0, 23.8, 9999.0, 22.27, 9999.0, 22.73, 22.55, 22.3, 22.41, 22.45
2026-09-08, 21:24:08, 22.41, 22.5, 22.75, 22.8, 9999.0, 9999.0, 9999.0, 23.84, 9999.0, 22.25, 9999.0, 22.73, 22.52, 22.3, 22.43, 22.45
2026-09-08, 21:24:12, 22.39, 22.5, 22.75, 22.8, 9999.0, 9999.0, 9999.0, 23.82, 9999.0, 22.23, 9999.0, 22.75, 22.5, 22.3, 22.45, 22.43
2026-09-08, 21:24:16, 22.39, 22.5, 22.75, 22.77, 9999.0, 9999.0, 9999.0, 23.8, 9999.0, 22.2, 9999.0, 22.77, 22.5, 22.32, 22.48, 22.43
2026-09-08, 21:24:20, 22.39, 22.5, 22.75, 22.75, 9999.0, 9999.0, 9999.0, 23.75, 9999.0, 22.18, 9999.0, 22.8, 22.5, 22.34, 22.48, 22.41
2026-09-08, 21:24:24, 22.39, 22.5, 22.75, 22.75, 9999.0, 9999.0, 9999.0, 23.7, 9999.0, 22.18, 9999.0, 22.82, 22.5, 22.34, 22.48, 22.41
2026-09-08, 21:24:28, 22.39, 22.5, 22.75, 22.75, 9999.0, 9999.0, 9999.0, 23.68, 9999.0, 22.18, 9999.0, 22.82, 22.5, 22.32, 22.48, 22.41
2026-09-08, 21:24:33, 22.39, 22.5, 22.75, 22.75, 9999.0, 9999.0, 9999.0, 23.66, 9999.0, 22.18, 9999.0, 22.82, 22.52, 22.3, 22.45, 22.41
2026-09-08, 21:24:37, 22.41, 22.5, 22.75, 22.75, 9999.0, 9999.0, 9999.0, 23.61, 9999.0, 22.2, 9999.0, 22.82, 22.55, 22.3, 22.45, 22.43
2026-09-08, 21:24:41, 22.43, 22.5, 22.75, 22.75, 9999.0, 9999.0, 9999.0, 23.59, 9999.0, 22.23, 9999.0, 22.82, 22.55, 22.3, 22.45, 22.43
2026-09-08, 21:24:45, 22.41, 22.5, 22.77, 22.75, 9999.0, 9999.0, 9999.0, 23.64, 9999.0, 22.25, 9999.0, 22.84, 22.55, 22.3, 22.45, 22.43
2026-09-08, 21:24:49, 22.39, 22.5, 22.77, 22.75, 9999.0, 9999.0, 9999.0, 23.66, 9999.0, 22.27, 9999.0, 22.84, 22.57, 22.3, 22.43, 22.45
2026-09-08, 21:24:53, 22.36, 22.5, 22.77, 22.75, 9999.0, 9999.0, 9999.0, 23.68, 9999.0, 22.32, 9999.0, 22.84, 22.57, 22.3, 22.41, 22.45
2026-09-08, 21:24:57, 22.36, 22.5, 22.77, 22.75, 9999.0, 9999.0, 9999.0, 23.7, 9999.0, 22.34, 9999.0, 22.82, 22.57, 22.3, 22.41, 22.48
2026-09-08, 21:25:01, 22.36, 22.48, 22.8, 22.75, 9999.0, 9999.0, 9999.0, 23.73, 9999.0, 22.36, 9999.0, 22.8, 22.57, 22.27, 22.41, 22.48
2026-09-08, 21:25:05, 22.36, 22.48, 22.8, 22.75, 9999.0, 9999.0, 9999.0, 23.75, 9999.0, 22.39, 9999.0, 22.77, 22.57, 22.25, 22.41, 22.5
2026-09-08, 21:25:09, 22.34, 22.48, 22.82, 22.75, 9999.0, 9999.0, 9999.0, 23.77, 9999.0, 22.39, 9999.0, 22.73, 22.57, 22.25, 22.39, 22.5
2026-09-08, 21:25:13, 22.34, 22.48, 22.82, 22.75, 9999.0, 9999.0, 9999.0, 23.8, 9999.0, 22.39, 9999.0, 22.73, 22.57, 22.25, 22.39, 22.5
2026-09-08, 21:25:17, 22.36, 22.48, 22.82, 22.75, 9999.0, 9999.0, 9999.0, 23.82, 9999.0, 22.39, 9999.0, 22.73, 22.55, 22.25, 22.39, 22.5
2026-09-08, 21:25:21, 22.34, 22.48, 22.82, 22.75, 9999.0, 9999.0, 9999.0, 23.86, 9999.0, 22.36, 9999.0, 22.73, 22.52, 22.25, 22.41, 22.5
2026-09-08, 21:25:25, 22.32, 22.48, 22.82, 22.75, 9999.0, 9999.0, 9999.0, 23.89, 9999.0, 22.34, 9999.0, 22.73, 22.52, 22.25, 22.39, 22.5
2026-09-08, 21:25:29, 22.32, 22.48, 22.8, 22.77, 9999.0, 9999.0, 9999.0, 23.84, 9999.0, 22.32, 9999.0, 22.73, 22.52, 22.25, 22.39, 22.5
2026-09-08, 21:25:33, 22.32, 22.48, 22.8, 22.77, 9999.0, 9999.0, 9999.0, 23.82, 9999.0, 22.3, 9999.0, 22.75, 22.5, 22.25, 22.39, 22.5
2026-09-08, 21:25:37, 22.32, 22.48, 22.8, 22.77, 9999.0, 9999.0, 9999.0, 23.8, 9999.0, 22.27, 9999.0, 22.77, 22.5, 22.25, 22.41, 22.5
2026-09-08, 21:25:41, 22.34, 22.48, 22.8, 22.77, 9999.0, 9999.0, 9999.0, 23.77, 9999.0, 22.25, 9999.0, 22.8, 22.5, 22.25, 22.41, 22.5
2026-09-08, 21:25:45, 22.32, 22.5, 22.77, 22.77, 9999.0, 9999.0, 9999.0, 23.73, 9999.0, 22.27, 9999.0, 22.82, 22.5, 22.27, 22.41, 22.5
2026-09-08, 21:25:49, 22.34, 22.5, 22.77, 22.77, 9999.0, 9999.0, 9999.0, 23.7, 9999.0, 22.3, 9999.0, 22.84, 22.5, 22.27, 22.41, 22.48
2026-09-08, 21:25:53, 22.36, 22.5, 22.75, 22.8, 9999.0, 9999.0, 9999.0, 23.68, 9999.0, 22.32, 9999.0, 22.89, 22.5, 22.27, 22.43, 22.48
2026-09-08, 21:25:57, 22.36, 22.5, 22.75, 22.82, 9999.0, 9999.0, 9999.0, 23.66, 9999.0, 22.34, 9999.0, 22.89, 22.52, 22.27, 22.43, 22.48
2026-09-08, 21:26:01, 22.34, 22.5, 22.75, 22.82, 9999.0, 9999.0, 9999.0, 23.64, 9999.0, 22.36, 9999.0, 22.89, 22.55, 22.27, 22.45, 22.48
2026-09-08, 21:26:05, 22.34, 22.5, 22.75, 22.82, 9999.0, 9999.0, 9999.0, 23.68, 9999.0, 22.39, 9999.0, 22.89, 22.55, 22.27, 22.45, 22.48
2026-09-08, 21:26:09, 22.36, 22.5, 22.75, 22.82, 9999.0, 9999.0, 9999.0, 23.73, 9999.0, 22.41, 9999.0, 22.89, 22.55, 22.27, 22.48, 22.48
2026-09-08, 21:26:13, 22.39, 22.5, 22.75, 22.82, 9999.0, 9999.0, 9999.0, 23.75, 9999.0, 22.43, 9999.0, 22.89, 22.55, 22.27, 22.48, 22.48
2026-09-08, 21:26:17, 22.41, 22.5, 22.77, 22.82, 9999.0, 9999.0, 9999.0, 23.77, 9999.0, 22.45, 9999.0, 22.86, 22.55, 22.27, 22.5, 22.48
2026-09-08, 21:26:21, 22.43, 22.5, 22.77, 22.82, 9999.0, 9999.0, 9999.0, 23.8, 9999.0, 22.48, 9999.0, 22.84, 22.55, 22.27, 22.5, 22.48
2026-09-08, 21:26:25, 22.43, 22.5, 22.8, 22.82, 9999.0, 9999.0, 9999.0, 23.82, 9999.0, 22.5, 9999.0, 22.82, 22.55, 22.27, 22.5, 22.48
2026-09-08, 21:26:29, 22.45, 22.5, 22.82, 22.82, 9999.0, 9999.0, 9999.0, 23.86, 9999.0, 22.48, 9999.0, 22.8, 22.55, 22.25, 22.5, 22.48
2026-09-08, 21:26:33, 22.43, 22.5, 22.82, 22.82, 9999.0, 9999.0, 9999.0, 23.91, 9999.0, 22.45, 9999.0, 22.75, 22.55, 22.27, 22.48, 22.5
2026-09-08, 21:26:37, 22.41, 22.5, 22.82, 22.8, 9999.0, 9999.0, 9999.0, 23.95, 9999.0, 22.43, 9999.0, 22.7, 22.55, 22.3, 22.48, 22.48
2026-09-08, 21:26:41, 22.39, 22.5, 22.82, 22.77, 9999.0, 9999.0, 9999.0, 24.0, 9999.0, 22.41, 9999.0, 22.7, 22.52, 22.3, 22.45, 22.48
2026-09-08, 21:26:45, 22.39, 22.5, 22.82, 22.77, 9999.0, 9999.0, 9999.0, 24.02, 9999.0, 22.41, 9999.0, 22.7, 22.5, 22.3, 22.43, 22.48
2026-09-08, 21:26:49, 22.41, 22.5, 22.82, 22.77, 9999.0, 9999.0, 9999.0, 23.98, 9999.0, 22.39, 9999.0, 22.7, 22.5, 22.3, 22.43, 22.48
2026-09-08, 21:26:53, 22.39, 22.5, 22.82, 22.77, 9999.0, 9999.0, 9999.0, 23.93, 9999.0, 22.36, 9999.0, 22.73, 22.5, 22.3, 22.41, 22.48
2026-09-08, 21:26:57, 22.39, 22.5, 22.82, 22.77, 9999.0, 9999.0, 9999.0, 23.91, 9999.0, 22.34, 9999.0, 22.75, 22.5, 22.3, 22.39, 22.48
2026-09-08, 21:27:01, 22.36, 22.5, 22.8, 22.77, 9999.0, 9999.0, 9999.0, 23.86, 9999.0, 22.34, 9999.0, 22.77, 22.5, 22.3, 22.39, 22.48
2026-09-08, 21:27:05, 22.36, 22.5, 22.8, 22.77, 9999.0, 9999.0, 9999.0, 23.82, 9999.0, 22.34, 9999.0, 22.8, 22.5, 22.3, 22.39, 22.45
2026-09-08, 21:27:09, 22.34, 22.5, 22.77, 22.77, 9999.0, 9999.0, 9999.0, 23.77, 9999.0, 22.34, 9999.0, 22.8, 22.52, 22.3, 22.36, 22.45
2026-09-08, 21:27:13, 22.32, 22.5, 22.75, 22.8, 9999.0, 9999.0, 9999.0, 23.73, 9999.0, 22.39, 9999.0, 22.8, 22.55, 22.3, 22.36, 22.45
2026-09-08, 21:27:17, 22.34, 22.5, 22.75, 22.8, 9999.0, 9999.0, 9999.0, 23.68, 9999.0, 22.43, 9999.0, 22.82, 22.55, 22.27, 22.39, 22.45
2026-09-08, 21:27:21, 22.34, 22.5, 22.75, 22.8, 9999.0, 9999.0, 9999.0, 23.64, 9999.0, 22.48, 9999.0, 22.84, 22.55, 22.25, 22.39, 22.48
2026-09-08, 21:27:25, 22.36, 22.5, 22.75, 22.8, 9999.0, 9999.0, 9999.0, 23.66, 9999.0, 22.5, 9999.0, 22.84, 22.55, 22.25, 22.41, 22.48
2026-09-08, 21:27:29, 22.36, 22.5, 22.75, 22.8, 9999.0, 9999.0, 9999.0, 23.7, 9999.0, 22.5, 9999.0, 22.84, 22.55, 22.25, 22.43, 22.48
2026-09-08, 21:27:33, 22.36, 22.5, 22.75, 22.8, 9999.0, 9999.0, 9999.0, 23.75, 9999.0, 22.52, 9999.0, 22.84, 22.55, 22.25, 22.41, 22.48
2026-09-08, 21:27:37, 22.39, 22.5, 22.75, 22.8, 9999.0, 9999.0, 9999.0, 23.8, 9999.0, 22.55, 9999.0, 22.82, 22.55, 22.25, 22.43, 22.48
2026-09-08, 21:27:41, 22.39, 22.5, 22.75, 22.77, 9999.0, 9999.0, 9999.0, 23.82, 9999.0, 22.59, 9999.0, 22.8, 22.55, 22.25, 22.43, 22.48
2026-09-08, 21:27:45, 22.41, 22.5, 22.75, 22.8, 9999.0, 9999.0, 9999.0, 23.86, 9999.0, 22.59, 9999.0, 22.77, 22.55, 22.25, 22.43, 22.48
2026-09-08, 21:27:49, 22.39, 22.5, 22.75, 22.8, 9999.0, 9999.0, 9999.0, 23.89, 9999.0, 22.59, 9999.0, 22.75, 22.55, 22.25, 22.43, 22.48
2026-09-08, 21:27:53, 22.39, 22.5, 22.75, 22.8, 9999.0, 9999.0, 9999.0, 23.93, 9999.0, 22.59, 9999.0, 22.73, 22.52, 22.27, 22.43, 22.48
2026-09-08, 21:27:57, 22.41, 22.5, 22.75, 22.77, 9999.0, 9999.0, 9999.0, 23.98, 9999.0, 22.57, 9999.0, 22.73, 22.5, 22.27, 22.43, 22.48
2026-09-08, 21:28:01, 22.39, 22.5, 22.75, 22.8, 9999.0, 9999.0, 9999.0, 24.0, 9999.0, 22.55, 9999.0, 22.73, 22.5, 22.27, 22.43, 22.48
2026-09-08, 21:28:05, 22.39, 22.5, 22.75, 22.8, 9999.0, 9999.0, 9999.0, 24.02, 9999.0, 22.52, 9999.0, 22.73, 22.5, 22.27, 22.43, 22.45
2026-09-08, 21:28:09, 22.39, 22.5, 22.77, 22.8, 9999.0, 9999.0, 9999.0, 23.98, 9999.0, 22.5, 9999.0, 22.75, 22.5, 22.27, 22.43, 22.45
2026-09-08, 21:28:13, 22.41, 22.5, 22.77, 22.8, 9999.0, 9999.0, 9999.0, 23.93, 9999.0, 22.5, 9999.0, 22.77, 22.5, 22.3, 22.43, 22.43
2026-09-08, 21:28:17, 22.41, 22.5, 22.77, 22.8, 9999.0, 9999.0, 9999.0, 23.89, 9999.0, 22.48, 9999.0, 22.8, 22.5, 22.3, 22.43, 22.43
2026-09-08, 21:28:21, 22.41, 22.5, 22.77, 22.8, 9999.0, 9999.0, 9999.0, 23.82, 9999.0, 22.48, 9999.0, 22.8, 22.5, 22.3, 22.43, 22.43
2026-09-08, 21:28:26, 22.41, 22.5, 22.77, 22.8, 9999.0, 9999.0, 9999.0, 23.77, 9999.0, 22.45, 9999.0, 22.8, 22.5, 22.32, 22.45, 22.41
2026-09-08, 21:28:30, 22.41, 22.5, 22.77, 22.77, 9999.0, 9999.0, 9999.0, 23.73, 9999.0, 22.48, 9999.0, 22.8, 22.52, 22.32, 22.43, 22.41
2026-09-08, 21:28:34, 22.43, 22.5, 22.77, 22.77, 9999.0, 9999.0, 9999.0, 23.7, 9999.0, 22.5, 9999.0, 22.8, 22.52, 22.32, 22.43, 22.43
2026-09-08, 21:28:38, 22.43, 22.5, 22.77, 22.77, 9999.0, 9999.0, 9999.0, 23.66, 9999.0, 22.52, 9999.0, 22.82, 22.55, 22.3, 22.45, 22.43
2026-09-08, 21:28:42, 22.41, 22.5, 22.77, 22.77, 9999.0, 9999.0, 9999.0, 23.68, 9999.0, 22.55, 9999.0, 22.82, 22.55, 22.3, 22.43, 22.43
2026-09-08, 21:28:46, 22.43, 22.5, 22.77, 22.75, 9999.0, 9999.0, 9999.0, 23.73, 9999.0, 22.57, 9999.0, 22.82, 22.55, 22.3, 22.43, 22.43
2026-09-08, 21:28:50, 22.43, 22.5, 22.77, 22.75, 9999.0, 9999.0, 9999.0, 23.77, 9999.0, 22.57, 9999.0, 22.82, 22.55, 22.3, 22.43, 22.45
2026-09-08, 21:28:54, 22.43, 22.5, 22.75, 22.75, 9999.0, 9999.0, 9999.0, 23.8, 9999.0, 22.59, 9999.0, 22.8, 22.55, 22.3, 22.43, 22.43
2026-09-08, 21:28:58, 22.41, 22.5, 22.77, 22.75, 9999.0, 9999.0, 9999.0, 23.82, 9999.0, 22.59, 9999.0, 22.77, 22.55, 22.27, 22.43, 22.45
2026-09-08, 21:29:02, 22.41, 22.5, 22.77, 22.75, 9999.0, 9999.0, 9999.0, 23.84, 9999.0, 22.61, 9999.0, 22.75, 22.55, 22.27, 22.45, 22.45
2026-09-08, 21:29:06, 22.41, 22.5, 22.77, 22.75, 9999.0, 9999.0, 9999.0, 23.89, 9999.0, 22.61, 9999.0, 22.75, 22.55, 22.27, 22.45, 22.45
2026-09-08, 21:29:10, 22.41, 22.5, 22.77, 22.75, 9999.0, 9999.0, 9999.0, 23.93, 9999.0, 22.61, 9999.0, 22.75, 22.55, 22.25, 22.45, 22.48
2026-09-08, 21:29:14, 22.41, 22.5, 22.77, 22.75, 9999.0, 9999.0, 9999.0, 23.98, 9999.0, 22.59, 9999.0, 22.73, 22.52, 22.25, 22.45, 22.45
2026-09-08, 21:29:18, 22.41, 22.5, 22.8, 22.75, 9999.0, 9999.0, 9999.0, 24.0, 9999.0, 22.57, 9999.0, 22.73, 22.52, 22.25, 22.43, 22.43
2026-09-08, 21:29:22, 22.43, 22.5, 22.82, 22.75, 9999.0, 9999.0, 9999.0, 24.02, 9999.0, 22.55, 9999.0, 22.73, 22.5, 22.25, 22.41, 22.43
2026-09-08, 21:29:26, 22.43, 22.5, 22.82, 22.75, 9999.0, 9999.0, 9999.0, 23.98, 9999.0, 22.52, 9999.0, 22.73, 22.5, 22.27, 22.41, 22.41
2026-09-08, 21:29:30, 22.43, 22.5, 22.82, 22.75, 9999.0, 9999.0, 9999.0, 23.93, 9999.0, 22.5, 9999.0, 22.75, 22.5, 22.27, 22.41, 22.39
2026-09-08, 21:29:34, 22.45, 22.5, 22.82, 22.77, 9999.0, 9999.0, 9999.0, 23.89, 9999.0, 22.5, 9999.0, 22.77, 22.5, 22.27, 22.41, 22.36
2026-09-08, 21:29:38, 22.45, 22.5, 22.82, 22.77, 9999.0, 9999.0, 9999.0, 23.86, 9999.0, 22.52, 9999.0, 22.8, 22.5, 22.27, 22.41, 22.36
2026-09-08, 21:29:42, 22.45, 22.5, 22.8, 22.77, 9999.0, 9999.0, 9999.0, 23.84, 9999.0, 22.55, 9999.0, 22.8, 22.5, 22.27, 22.41, 22.34
2026-09-08, 21:29:46, 22.45, 22.5, 22.8, 22.77, 9999.0, 9999.0, 9999.0, 23.82, 9999.0, 22.57, 9999.0, 22.8, 22.5, 22.27, 22.39, 22.34
2026-09-08, 21:29:50, 22.45, 22.5, 22.8, 22.77, 9999.0, 9999.0, 9999.0, 23.8, 9999.0, 22.61, 9999.0, 22.8, 22.5, 22.27, 22.39, 22.32
2026-09-08, 21:29:54, 22.45, 22.5, 22.8, 22.77, 9999.0, 9999.0, 9999.0, 23.75, 9999.0, 22.64, 9999.0, 22.8, 22.5, 22.27, 22.39, 22.3
2026-09-08, 21:29:58, 22.43, 22.5, 22.8, 22.77, 9999.0, 9999.0, 9999.0, 23.7, 9999.0, 22.66, 9999.0, 22.82, 22.5, 22.27, 22.41, 22.32
2026-09-08, 21:30:02, 22.43, 22.5, 22.77, 22.77, 9999.0, 9999.0, 9999.0, 23.75, 9999.0, 22.68, 9999.0, 22.82, 22.5, 22.27, 22.43, 22.34
2026-09-08, 21:30:06, 22.43, 22.5, 22.75, 22.77, 9999.0, 9999.0, 9999.0, 23.8, 9999.0, 22.7, 9999.0, 22.82, 22.5, 22.27, 22.43, 22.32
2026-09-08, 21:30:10, 22.43, 22.5, 22.75, 22.77, 9999.0, 9999.0, 9999.0, 23.84, 9999.0, 22.73, 9999.0, 22.82, 22.5, 22.25, 22.45, 22.34
2026-09-08, 21:30:14, 22.43, 22.5, 22.77, 22.77, 9999.0, 9999.0, 9999.0, 23.86, 9999.0, 22.75, 9999.0, 22.77, 22.5, 22.25, 22.43, 22.34
2026-09-08, 21:30:18, 22.43, 22.5, 22.77, 22.75, 9999.0, 9999.0, 9999.0, 23.89, 9999.0, 22.75, 9999.0, 22.75, 22.5, 22.25, 22.43, 22.34
2026-09-08, 21:30:22, 22.41, 22.5, 22.77, 22.75, 9999.0, 9999.0, 9999.0, 23.91, 9999.0, 22.73, 9999.0, 22.7, 22.5, 22.25, 22.43, 22.36
2026-09-08, 21:30:26, 22.41, 22.5, 22.77, 22.75, 9999.0, 9999.0, 9999.0, 23.93, 9999.0, 22.73, 9999.0, 22.7, 22.5, 22.25, 22.43, 22.36
2026-09-08, 21:30:30, 22.41, 22.5, 22.77, 22.75, 9999.0, 9999.0, 9999.0, 23.95, 9999.0, 22.7, 9999.0, 22.7, 22.5, 22.25, 22.45, 22.36
2026-09-08, 21:30:34, 22.39, 22.5, 22.77, 22.75, 9999.0, 9999.0, 9999.0, 23.98, 9999.0, 22.68, 9999.0, 22.7, 22.5, 22.25, 22.45, 22.39
2026-09-08, 21:30:38, 22.39, 22.5, 22.77, 22.75, 9999.0, 9999.0, 9999.0, 24.02, 9999.0, 22.66, 9999.0, 22.7, 22.5, 22.25, 22.45, 22.39
2026-09-08, 21:30:42, 22.39, 22.5, 22.77, 22.75, 9999.0, 9999.0, 9999.0, 24.07, 9999.0, 22.66, 9999.0, 22.7, 22.5, 22.25, 22.43, 22.36
2026-09-08, 21:30:46, 22.36, 22.5, 22.77, 22.75, 9999.0, 9999.0, 9999.0, 24.05, 9999.0, 22.66, 9999.0, 22.7, 22.5, 22.25, 22.41, 22.34
2026-09-08, 21:30:50, 22.36, 22.5, 22.77, 22.75, 9999.0, 9999.0, 9999.0, 24.02, 9999.0, 22.64, 9999.0, 22.73, 22.5, 22.27, 22.43, 22.34
2026-09-08, 21:30:54, 22.39, 22.5, 22.77, 22.75, 9999.0, 9999.0, 9999.0, 23.98, 9999.0, 22.61, 9999.0, 22.73, 22.5, 22.27, 22.41, 22.32
2026-09-08, 21:30:58, 22.39, 22.5, 22.75, 22.75, 9999.0, 9999.0, 9999.0, 23.95, 9999.0, 22.61, 9999.0, 22.75, 22.5, 22.27, 22.41, 22.34
2026-09-08, 21:31:02, 22.36, 22.5, 22.75, 22.75, 9999.0, 9999.0, 9999.0, 23.93, 9999.0, 22.64, 9999.0, 22.75, 22.5, 22.27, 22.41, 22.36
2026-09-08, 21:31:06, 22.36, 22.5, 22.75, 22.77, 9999.0, 9999.0, 9999.0, 23.91, 9999.0, 22.66, 9999.0, 22.77, 22.5, 22.27, 22.39, 22.36
2026-09-08, 21:31:10, 22.39, 22.5, 22.75, 22.77, 9999.0, 9999.0, 9999.0, 23.86, 9999.0, 22.68, 9999.0, 22.77, 22.5, 22.27, 22.39, 22.36
2026-09-08, 21:31:14, 22.39, 22.5, 22.75, 22.77, 9999.0, 9999.0, 9999.0, 23.82, 9999.0, 22.7, 9999.0, 22.77, 22.5, 22.27, 22.36, 22.34
2026-09-08, 21:31:18, 22.41, 22.5, 22.75, 22.77, 9999.0, 9999.0, 9999.0, 23.86, 9999.0, 22.7, 9999.0, 22.77, 22.5, 22.27, 22.34, 22.32
2026-09-08, 21:31:22, 22.39, 22.5, 22.75, 22.77, 9999.0, 9999.0, 9999.0, 23.89, 9999.0, 22.73, 9999.0, 22.77, 22.5, 22.27, 22.32, 22.32
2026-09-08, 21:31:26, 22.41, 22.5, 22.75, 22.77, 9999.0, 9999.0, 9999.0, 23.91, 9999.0, 22.73, 9999.0, 22.77, 22.5, 22.27, 22.34, 22.32
2026-09-08, 21:31:30, 22.41, 22.5, 22.75, 22.77, 9999.0, 9999.0, 9999.0, 23.93, 9999.0, 22.73, 9999.0, 22.77, 22.5, 22.27, 22.34, 22.34
2026-09-08, 21:31:34, 22.39, 22.5, 22.75, 22.77, 9999.0, 9999.0, 9999.0, 23.95, 9999.0, 22.75, 9999.0, 22.73, 22.5, 22.25, 22.32, 22.36
2026-09-08, 21:31:38, 22.36, 22.5, 22.75, 22.77, 9999.0, 9999.0, 9999.0, 23.98, 9999.0, 22.77, 9999.0, 22.7, 22.5, 22.25, 22.32, 22.39
2026-09-08, 21:31:42, 22.36, 22.5, 22.75, 22.77, 9999.0, 9999.0, 9999.0, 24.0, 9999.0, 22.77, 9999.0, 22.7, 22.5, 22.25, 22.32, 22.36
2026-09-08, 21:31:46, 22.36, 22.5, 22.75, 22.77, 9999.0, 9999.0, 9999.0, 24.02, 9999.0, 22.75, 9999.0, 22.7, 22.5, 22.25, 22.3, 22.36
2026-09-08, 21:31:50, 22.36, 22.5, 22.75, 22.75, 9999.0, 9999.0, 9999.0, 24.07, 9999.0, 22.75, 9999.0, 22.68, 22.5, 22.25, 22.32, 22.34
2026-09-08, 21:31:54, 22.34, 22.5, 22.75, 22.75, 9999.0, 9999.0, 9999.0, 24.11, 9999.0, 22.7, 9999.0, 22.68, 22.5, 22.25, 22.3, 22.34
2026-09-08, 21:31:58, 22.34, 22.5, 22.75, 22.75, 9999.0, 9999.0, 9999.0, 24.16, 9999.0, 22.68, 9999.0, 22.68, 22.5, 22.25, 22.3, 22.36
2026-09-08, 21:32:03, 22.32, 22.5, 22.75, 22.75, 9999.0, 9999.0, 9999.0, 24.11, 9999.0, 22.66, 9999.0, 22.68, 22.5, 22.25, 22.32, 22.36
2026-09-08, 21:32:07, 22.32, 22.5, 22.75, 22.75, 9999.0, 9999.0, 9999.0, 24.09, 9999.0, 22.64, 9999.0, 22.7, 22.5, 22.27, 22.32, 22.36
2026-09-08, 21:32:11, 22.3, 22.5, 22.75, 22.75, 9999.0, 9999.0, 9999.0, 24.05, 9999.0, 22.61, 9999.0, 22.73, 22.5, 22.27, 22.32, 22.39
2026-09-08, 21:32:15, 22.3, 22.5, 22.75, 22.75, 9999.0, 9999.0, 9999.0, 24.0, 9999.0, 22.61, 9999.0, 22.73, 22.5, 22.27, 22.32, 22.36
2026-09-08, 21:32:19, 22.32, 22.5, 22.75, 22.75, 9999.0, 9999.0, 9999.0, 23.95, 9999.0, 22.61, 9999.0, 22.75, 22.5, 22.3, 22.32, 22.34
2026-09-08, 21:32:23, 22.34, 22.5, 22.75, 22.75, 9999.0, 9999.0, 9999.0, 23.93, 9999.0, 22.61, 9999.0, 22.77, 22.5, 22.3, 22.32, 22.32
2026-09-08, 21:32:27, 22.32, 22.5, 22.75, 22.75, 9999.0, 9999.0, 9999.0, 23.91, 9999.0, 22.64, 9999.0, 22.77, 22.5, 22.3, 22.34, 22.34
2026-09-08, 21:32:31, 22.32, 22.5, 22.75, 22.75, 9999.0, 9999.0, 9999.0, 23.86, 9999.0, 22.68, 9999.0, 22.77, 22.5, 22.3, 22.34, 22.34
2026-09-08, 21:32:35, 22.34, 22.5, 22.75, 22.75, 9999.0, 9999.0, 9999.0, 23.86, 9999.0, 22.68, 9999.0, 22.8, 22.5, 22.3, 22.34, 22.36
2026-09-08, 21:32:39, 22.36, 22.5, 22.75, 22.75, 9999.0, 9999.0, 9999.0, 23.89, 9999.0, 22.7, 9999.0, 22.8, 22.5, 22.3, 22.34, 22.39
2026-09-08, 21:32:43, 22.34, 22.5, 22.75, 22.75, 9999.0, 9999.0, 9999.0, 23.91, 9999.0, 22.73, 9999.0, 22.8, 22.5, 22.3, 22.36, 22.36
2026-09-08, 21:32:47, 22.34, 22.5, 22.75, 22.75, 9999.0, 9999.0, 9999.0, 23.93, 9999.0, 22.75, 9999.0, 22.8, 22.5, 22.32, 22.34, 22.36
2026-09-08, 21:32:51, 22.34, 22.5, 22.75, 22.75, 9999.0, 9999.0, 9999.0, 23.95, 9999.0, 22.77, 9999.0, 22.77, 22.5, 22.3, 22.34, 22.36
2026-09-08, 21:32:55, 22.36, 22.5, 22.75, 22.75, 9999.0, 9999.0, 9999.0, 24.0, 9999.0, 22.8, 9999.0, 22.73, 22.5, 22.3, 22.32, 22.36
2026-09-08, 21:32:59, 22.36, 22.5, 22.75, 22.75, 9999.0, 9999.0, 9999.0, 24.05, 9999.0, 22.8, 9999.0, 22.73, 22.5, 22.3, 22.32, 22.39
2026-09-08, 21:33:03, 22.36, 22.5, 22.75, 22.75, 9999.0, 9999.0, 9999.0, 24.07, 9999.0, 22.8, 9999.0, 22.7, 22.5, 22.27, 22.32, 22.39
2026-09-08, 21:33:07, 22.34, 22.5, 22.75, 22.75, 9999.0, 9999.0, 9999.0, 24.09, 9999.0, 22.8, 9999.0, 22.7, 22.5, 22.27, 22.32, 22.39
2026-09-08, 21:33:11, 22.34, 22.5, 22.75, 22.75, 9999.0, 9999.0, 9999.0, 24.11, 9999.0, 22.77, 9999.0, 22.68, 22.5, 22.27, 22.32, 22.36
2026-09-08, 21:33:15, 22.36, 22.5, 22.75, 22.75, 9999.0, 9999.0, 9999.0, 24.16, 9999.0, 22.73, 9999.0, 22.68, 22.5, 22.27, 22.32, 22.36
2026-09-08, 21:33:19, 22.36, 22.5, 22.75, 22.75, 9999.0, 9999.0, 9999.0, 24.14, 9999.0, 22.73, 9999.0, 22.68, 22.5, 22.27, 22.32, 22.34
2026-09-08, 21:33:23, 22.34, 22.5, 22.75, 22.75, 9999.0, 9999.0, 9999.0, 24.11, 9999.0, 22.7, 9999.0, 22.7, 22.5, 22.27, 22.34, 22.32
2026-09-08, 21:33:27, 22.34, 22.5, 22.75, 22.75, 9999.0, 9999.0, 9999.0, 24.07, 9999.0, 22.68, 9999.0, 22.73, 22.5, 22.27, 22.32, 22.32
2026-09-08, 21:33:31, 22.36, 22.5, 22.75, 22.75, 9999.0, 9999.0, 9999.0, 24.02, 9999.0, 22.66, 9999.0, 22.73, 22.5, 22.25, 22.34, 22.34
2026-09-08, 21:33:35, 22.36, 22.5, 22.75, 22.75, 9999.0, 9999.0, 9999.0, 23.98, 9999.0, 22.66, 9999.0, 22.73, 22.5, 22.25, 22.36, 22.34
2026-09-08, 21:33:39, 22.34, 22.5, 22.75, 22.75, 9999.0, 9999.0, 9999.0, 23.93, 9999.0, 22.66, 9999.0, 22.75, 22.5, 22.25, 22.36, 22.32
2026-09-08, 21:33:43, 22.34, 22.5, 22.75, 22.75, 9999.0, 9999.0, 9999.0, 23.89, 9999.0, 22.66, 9999.0, 22.75, 22.5, 22.25, 22.39, 22.3
2026-09-08, 21:33:47, 22.34, 22.5, 22.75, 22.75, 9999.0, 9999.0, 9999.0, 23.86, 9999.0, 22.68, 9999.0, 22.77, 22.5, 22.25, 22.41, 22.3
2026-09-08, 21:33:51, 22.36, 22.5, 22.75, 22.75, 9999.0, 9999.0, 9999.0, 23.82, 9999.0, 22.68, 9999.0, 22.77, 22.5, 22.25, 22.41, 22.3
2026-09-08, 21:33:55, 22.39, 22.5, 22.75, 22.75, 9999.0, 9999.0, 9999.0, 23.84, 9999.0, 22.68, 9999.0, 22.8, 22.52, 22.25, 22.39, 22.32
2026-09-08, 21:33:59, 22.39, 22.5, 22.75, 22.75, 9999.0, 9999.0, 9999.0, 23.86, 9999.0, 22.7, 9999.0, 22.8, 22.52, 22.25, 22.39, 22.3
2026-09-08, 21:34:03, 22.39, 22.48, 22.75, 22.75, 9999.0, 9999.0, 9999.0, 23.86, 9999.0, 22.7, 9999.0, 22.8, 22.52, 22.25, 22.36, 22.32
2026-09-08, 21:34:07, 22.39, 22.48, 22.75, 22.75, 9999.0, 9999.0, 9999.0, 23.89, 9999.0, 22.7, 9999.0, 22.75, 22.52, 22.25, 22.36, 22.32
2026-09-08, 21:34:11, 22.41, 22.48, 22.75, 22.75, 9999.0, 9999.0, 9999.0, 23.93, 9999.0, 22.73, 9999.0, 22.73, 22.52, 22.25, 22.39, 22.32
2026-09-08, 21:34:15, 22.41, 22.48, 22.75, 22.75, 9999.0, 9999.0, 9999.0, 23.98, 9999.0, 22.75, 9999.0, 22.73, 22.52, 22.25, 22.39, 22.3
2026-09-08, 21:34:19, 22.41, 22.48, 22.75, 22.75, 9999.0, 9999.0, 9999.0, 24.0, 9999.0, 22.73, 9999.0, 22.73, 22.52, 22.25, 22.36, 22.3
2026-09-08, 21:34:23, 22.41, 22.48, 22.75, 22.75, 9999.0, 9999.0, 9999.0, 24.02, 9999.0, 22.7, 9999.0, 22.7, 22.52, 22.25, 22.36, 22.3
2026-09-08, 21:34:27, 22.41, 22.48, 22.77, 22.75, 9999.0, 9999.0, 9999.0, 24.05, 9999.0, 22.68, 9999.0, 22.68, 22.52, 22.25, 22.34, 22.3
2026-09-08, 21:34:31, 22.39, 22.48, 22.77, 22.75, 9999.0, 9999.0, 9999.0, 24.07, 9999.0, 22.64, 9999.0, 22.68, 22.52, 22.25, 22.32, 22.3
2026-09-08, 21:34:35, 22.36, 22.48, 22.77, 22.75, 9999.0, 9999.0, 9999.0, 24.11, 9999.0, 22.61, 9999.0, 22.68, 22.52, 22.25, 22.32, 22.3
2026-09-08, 21:34:39, 22.34, 22.48, 22.77, 22.75, 9999.0, 9999.0, 9999.0, 24.07, 9999.0, 22.59, 9999.0, 22.68, 22.5, 22.25, 22.34, 22.27
2026-09-08, 21:34:43, 22.34, 22.48, 22.77, 22.75, 9999.0, 9999.0, 9999.0, 24.02, 9999.0, 22.57, 9999.0, 22.7, 22.5, 22.25, 22.34, 22.27
2026-09-08, 21:34:47, 22.32, 22.5, 22.8, 22.75, 9999.0, 9999.0, 9999.0, 24.0, 9999.0, 22.55, 9999.0, 22.73, 22.5, 22.25, 22.36, 22.25
2026-09-08, 21:34:51, 22.34, 22.5, 22.8, 22.75, 9999.0, 9999.0, 9999.0, 23.95, 9999.0, 22.57, 9999.0, 22.77, 22.5, 22.25, 22.36, 22.25
2026-09-08, 21:34:55, 22.34, 22.5, 22.8, 22.75, 9999.0, 9999.0, 9999.0, 23.91, 9999.0, 22.57, 9999.0, 22.77, 22.5, 22.25, 22.34, 22.25
2026-09-08, 21:34:59, 22.32, 22.5, 22.8, 22.75, 9999.0, 9999.0, 9999.0, 23.86, 9999.0, 22.57, 9999.0, 22.77, 22.5, 22.25, 22.32, 22.25
2026-09-08, 21:35:03, 22.34, 22.5, 22.8, 22.75, 9999.0, 9999.0, 9999.0, 23.84, 9999.0, 22.61, 9999.0, 22.77, 22.5, 22.25, 22.34, 22.25
2026-09-08, 21:35:07, 22.36, 22.5, 22.8, 22.75, 9999.0, 9999.0, 9999.0, 23.82, 9999.0, 22.64, 9999.0, 22.8, 22.5, 22.25, 22.34, 22.25
2026-09-08, 21:35:11, 22.39, 22.5, 22.77, 22.75, 9999.0, 9999.0, 9999.0, 23.86, 9999.0, 22.66, 9999.0, 22.82, 22.5, 22.25, 22.36, 22.25
2026-09-08, 21:35:15, 22.39, 22.5, 22.77, 22.75, 9999.0, 9999.0, 9999.0, 23.91, 9999.0, 22.68, 9999.0, 22.82, 22.5, 22.25, 22.39, 22.25
2026-09-08, 21:35:19, 22.41, 22.5, 22.77, 22.75, 9999.0, 9999.0, 9999.0, 23.93, 9999.0, 22.7, 9999.0, 22.82, 22.5, 22.25, 22.41, 22.25
2026-09-08, 21:35:23, 22.41, 22.5, 22.77, 22.75, 9999.0, 9999.0, 9999.0, 23.98, 9999.0, 22.73, 9999.0, 22.82, 22.5, 22.25, 22.41, 22.25
2026-09-08, 21:35:27, 22.39, 22.5, 22.77, 22.75, 9999.0, 9999.0, 9999.0, 24.0, 9999.0, 22.75, 9999.0, 22.8, 22.5, 22.25, 22.43, 22.25
2026-09-08, 21:35:31, 22.39, 22.5, 22.75, 22.75, 9999.0, 9999.0, 9999.0, 24.02, 9999.0, 22.77, 9999.0, 22.77, 22.5, 22.25, 22.41, 22.25
2026-09-08, 21:35:35, 22.36, 22.5, 22.75, 22.75, 9999.0, 9999.0, 9999.0, 24.05, 9999.0, 22.77, 9999.0, 22.73, 22.5, 22.25, 22.39, 22.27
2026-09-08, 21:35:39, 22.36, 22.5, 22.75, 22.75, 9999.0, 9999.0, 9999.0, 24.07, 9999.0, 22.75, 9999.0, 22.7, 22.5, 22.25, 22.39, 22.27
2026-09-08, 21:35:43, 22.39, 22.5, 22.75, 22.75, 9999.0, 9999.0, 9999.0, 24.09, 9999.0, 22.73, 9999.0, 22.7, 22.5, 22.25, 22.39, 22.27
2026-09-08, 21:35:47, 22.39, 22.5, 22.75, 22.75, 9999.0, 9999.0, 9999.0, 24.11, 9999.0, 22.68, 9999.0, 22.7, 22.5, 22.25, 22.39, 22.3
2026-09-08, 21:35:52, 22.36, 22.5, 22.75, 22.75, 9999.0, 9999.0, 9999.0, 24.14, 9999.0, 22.66, 9999.0, 22.7, 22.5, 22.25, 22.39, 22.3
2026-09-08, 21:35:56, 22.36, 22.5, 22.75, 22.75, 9999.0, 9999.0, 9999.0, 24.09, 9999.0, 22.64, 9999.0, 22.7, 22.5, 22.25, 22.39, 22.32
2026-09-08, 21:36:00, 22.36, 22.5, 22.75, 22.75, 9999.0, 9999.0, 9999.0, 24.05, 9999.0, 22.59, 9999.0, 22.73, 22.5, 22.25, 22.36, 22.32
2026-09-08, 21:36:04, 22.36, 22.5, 22.75, 22.75, 9999.0, 9999.0, 9999.0, 24.0, 9999.0, 22.57, 9999.0, 22.75, 22.5, 22.25, 22.36, 22.32
2026-09-08, 21:36:08, 22.39, 22.5, 22.75, 22.75, 9999.0, 9999.0, 9999.0, 23.95, 9999.0, 22.55, 9999.0, 22.75, 22.5, 22.25, 22.34, 22.32
2026-09-08, 21:36:12, 22.41, 22.5, 22.75, 22.75, 9999.0, 9999.0, 9999.0, 23.93, 9999.0, 22.55, 9999.0, 22.75, 22.5, 22.25, 22.32, 22.34
2026-09-08, 21:36:16, 22.41, 22.5, 22.75, 22.75, 9999.0, 9999.0, 9999.0, 23.91, 9999.0, 22.52, 9999.0, 22.75, 22.5, 22.25, 22.32, 22.34
2026-09-08, 21:36:20, 22.43, 22.5, 22.75, 22.75, 9999.0, 9999.0, 9999.0, 23.86, 9999.0, 22.52, 9999.0, 22.77, 22.5, 22.25, 22.32, 22.32
2026-09-08, 21:36:24, 22.41, 22.5, 22.75, 22.75, 9999.0, 9999.0, 9999.0, 23.82, 9999.0, 22.55, 9999.0, 22.8, 22.5, 22.25, 22.32, 22.32
2026-09-08, 21:36:28, 22.41, 22.5, 22.75, 22.75, 9999.0, 9999.0, 9999.0, 23.77, 9999.0, 22.57, 9999.0, 22.8, 22.5, 22.25, 22.32, 22.32
2026-09-08, 21:36:32, 22.39, 22.5, 22.75, 22.75, 9999.0, 9999.0, 9999.0, 23.8, 9999.0, 22.59, 9999.0, 22.8, 22.5, 22.25, 22.3, 22.32
2026-09-08, 21:36:36, 22.41, 22.5, 22.75, 22.75, 9999.0, 9999.0, 9999.0, 23.82, 9999.0, 22.61, 9999.0, 22.8, 22.5, 22.27, 22.3, 22.32
2026-09-08, 21:36:40, 22.39, 22.5, 22.75, 22.75, 9999.0, 9999.0, 9999.0, 23.84, 9999.0, 22.64, 9999.0, 22.8, 22.5, 22.27, 22.3, 22.3
2026-09-08, 21:36:44, 22.41, 22.5, 22.75, 22.75, 9999.0, 9999.0, 9999.0, 23.86, 9999.0, 22.68, 9999.0, 22.77, 22.5, 22.27, 22.3, 22.3
2026-09-08, 21:36:48, 22.41, 22.5, 22.75, 22.75, 9999.0, 9999.0, 9999.0, 23.89, 9999.0, 22.68, 9999.0, 22.73, 22.5, 22.27, 22.27, 22.3
2026-09-08, 21:36:52, 22.41, 22.5, 22.75, 22.75, 9999.0, 9999.0, 9999.0, 23.91, 9999.0, 22.68, 9999.0, 22.73, 22.5, 22.27, 22.27, 22.3
2026-09-08, 21:36:56, 22.39, 22.5, 22.75, 22.75, 9999.0, 9999.0, 9999.0, 23.93, 9999.0, 22.66, 9999.0, 22.73, 22.5, 22.27, 22.27, 22.27
2026-09-08, 21:37:00, 22.39, 22.5, 22.75, 22.75, 9999.0, 9999.0, 9999.0, 23.95, 9999.0, 22.66, 9999.0, 22.7, 22.5, 22.27, 22.27, 22.27
2026-09-08, 21:37:04, 22.39, 22.5, 22.75, 22.75, 9999.0, 9999.0, 9999.0, 24.0, 9999.0, 22.64, 9999.0, 22.7, 22.48, 22.27, 22.27, 22.27
2026-09-08, 21:37:08, 22.39, 22.5, 22.75, 22.75, 9999.0, 9999.0, 9999.0, 24.05, 9999.0, 22.61, 9999.0, 22.7, 22.48, 22.27, 22.27, 22.3
2026-09-08, 21:37:12, 22.36, 22.5, 22.75, 22.75, 9999.0, 9999.0, 9999.0, 24.09, 9999.0, 22.59, 9999.0, 22.7, 22.48, 22.27, 22.27, 22.32
2026-09-08, 21:37:16, 22.36, 22.5, 22.75, 22.75, 9999.0, 9999.0, 9999.0, 24.05, 9999.0, 22.57, 9999.0, 22.7, 22.48, 22.27, 22.27, 22.32
2026-09-08, 21:37:20, 22.36, 22.5, 22.75, 22.75, 9999.0, 9999.0, 9999.0, 24.0, 9999.0, 22.55, 9999.0, 22.73, 22.48, 22.25, 22.27, 22.32
2026-09-08, 21:37:24, 22.36, 22.5, 22.75, 22.75, 9999.0, 9999.0, 9999.0, 23.93, 9999.0, 22.52, 9999.0, 22.75, 22.48, 22.25, 22.25, 22.34
2026-09-08, 21:37:28, 22.36, 22.5, 22.75, 22.75, 9999.0, 9999.0, 9999.0, 23.89, 9999.0, 22.52, 9999.0, 22.75, 22.48, 22.25, 22.25, 22.34
2026-09-08, 21:37:32, 22.36, 22.5, 22.75, 22.75, 9999.0, 9999.0, 9999.0, 23.86, 9999.0, 22.52, 9999.0, 22.77, 22.48, 22.25, 22.27, 22.34
2026-09-08, 21:37:36, 22.36, 22.5, 22.75, 22.75, 9999.0, 9999.0, 9999.0, 23.82, 9999.0, 22.55, 9999.0, 22.77, 22.5, 22.25, 22.27, 22.36
2026-09-08, 21:37:40, 22.36, 22.5, 22.75, 22.75, 9999.0, 9999.0, 9999.0, 23.77, 9999.0, 22.57, 9999.0, 22.77, 22.5, 22.25, 22.27, 22.36
2026-09-08, 21:37:44, 22.39, 22.5, 22.75, 22.75, 9999.0, 9999.0, 9999.0, 23.73, 9999.0, 22.59, 9999.0, 22.8, 22.52, 22.25, 22.27, 22.36
2026-09-08, 21:37:48, 22.36, 22.5, 22.75, 22.75, 9999.0, 9999.0, 9999.0, 23.77, 9999.0, 22.61, 9999.0, 22.8, 22.55, 22.27, 22.27, 22.36
2026-09-08, 21:37:52, 22.36, 22.5, 22.75, 22.75, 9999.0, 9999.0, 9999.0, 23.8, 9999.0, 22.64, 9999.0, 22.8, 22.55, 22.27, 22.27, 22.34
2026-09-08, 21:37:56, 22.36, 22.5, 22.75, 22.75, 9999.0, 9999.0, 9999.0, 23.82, 9999.0, 22.66, 9999.0, 22.8, 22.55, 22.27, 22.3, 22.32
2026-09-08, 21:38:00, 22.39, 22.5, 22.75, 22.75, 9999.0, 9999.0, 9999.0, 23.86, 9999.0, 22.66, 9999.0, 22.8, 22.55, 22.27, 22.3, 22.3
2026-09-08, 21:38:04, 22.39, 22.5, 22.75, 22.75, 9999.0, 9999.0, 9999.0, 23.89, 9999.0, 22.66, 9999.0, 22.77, 22.55, 22.27, 22.32, 22.3
2026-09-08, 21:38:08, 22.41, 22.5, 22.75, 22.75, 9999.0, 9999.0, 9999.0, 23.93, 9999.0, 22.66, 9999.0, 22.75, 22.55, 22.27, 22.32, 22.3
2026-09-08, 21:38:12, 22.39, 22.5, 22.75, 22.75, 9999.0, 9999.0, 9999.0, 23.95, 9999.0, 22.64, 9999.0, 22.75, 22.55, 22.27, 22.34, 22.3
2026-09-08, 21:38:16, 22.39, 22.5, 22.75, 22.75, 9999.0, 9999.0, 9999.0, 23.98, 9999.0, 22.64, 9999.0, 22.73, 22.55, 22.27, 22.32, 22.3
2026-09-08, 21:38:20, 22.36, 22.5, 22.75, 22.75, 9999.0, 9999.0, 9999.0, 24.02, 9999.0, 22.61, 9999.0, 22.7, 22.52, 22.27, 22.34, 22.27
2026-09-08, 21:38:24, 22.39, 22.5, 22.75, 22.75, 9999.0, 9999.0, 9999.0, 24.07, 9999.0, 22.59, 9999.0, 22.7, 22.52, 22.27, 22.34, 22.27
2026-09-08, 21:38:28, 22.36, 22.5, 22.75, 22.75, 9999.0, 9999.0, 9999.0, 24.11, 9999.0, 22.57, 9999.0, 22.7, 22.5, 22.27, 22.36, 22.27
2026-09-08, 21:38:32, 22.36, 22.5, 22.75, 22.75, 9999.0, 9999.0, 9999.0, 24.05, 9999.0, 22.55, 9999.0, 22.7, 22.5, 22.25, 22.39, 22.27
2026-09-08, 21:38:36, 22.39, 22.5, 22.75, 22.75, 9999.0, 9999.0, 9999.0, 24.0, 9999.0, 22.5, 9999.0, 22.73, 22.5, 22.25, 22.39, 22.3
2026-09-08, 21:38:40, 22.39, 22.5, 22.75, 22.75, 9999.0, 9999.0, 9999.0, 23.95, 9999.0, 22.45, 9999.0, 22.75, 22.5, 22.25, 22.39, 22.3
2026-09-08, 21:38:44, 22.39, 22.5, 22.75, 22.75, 9999.0, 9999.0, 9999.0, 23.91, 9999.0, 22.45, 9999.0, 22.75, 22.5, 22.25, 22.41, 22.3
2026-09-08, 21:38:48, 22.36, 22.5, 22.75, 22.75, 9999.0, 9999.0, 9999.0, 23.89, 9999.0, 22.45, 9999.0, 22.75, 22.5, 22.25, 22.39, 22.32
2026-09-08, 21:38:52, 22.34, 22.5, 22.75, 22.75, 9999.0, 9999.0, 9999.0, 23.86, 9999.0, 22.45, 9999.0, 22.75, 22.5, 22.25, 22.41, 22.3
2026-09-08, 21:38:56, 22.36, 22.5, 22.75, 22.75, 9999.0, 9999.0, 9999.0, 23.84, 9999.0, 22.48, 9999.0, 22.75, 22.5, 22.25, 22.41, 22.3
2026-09-08, 21:39:00, 22.36, 22.5, 22.75, 22.75, 9999.0, 9999.0, 9999.0, 23.8, 9999.0, 22.5, 9999.0, 22.77, 22.5, 22.25, 22.43, 22.3
2026-09-08, 21:39:04, 22.36, 22.5, 22.75, 22.75, 9999.0, 9999.0, 9999.0, 23.75, 9999.0, 22.52, 9999.0, 22.8, 22.5, 22.27, 22.41, 22.3
2026-09-08, 21:39:08, 22.34, 22.5, 22.75, 22.75, 9999.0, 9999.0, 9999.0, 23.77, 9999.0, 22.55, 9999.0, 22.8, 22.5, 22.27, 22.41, 22.3
2026-09-08, 21:39:12, 22.36, 22.5, 22.75, 22.75, 9999.0, 9999.0, 9999.0, 23.8, 9999.0, 22.55, 9999.0, 22.8, 22.5, 22.27, 22.39, 22.3
2026-09-08, 21:39:16, 22.36, 22.5, 22.75, 22.75, 9999.0, 9999.0, 9999.0, 23.82, 9999.0, 22.55, 9999.0, 22.8, 22.5, 22.27, 22.36, 22.3
2026-09-08, 21:39:20, 22.34, 22.5, 22.75, 22.75, 9999.0, 9999.0, 9999.0, 23.84, 9999.0, 22.57, 9999.0, 22.77, 22.5, 22.27, 22.39, 22.27
2026-09-08, 21:39:24, 22.34, 22.5, 22.75, 22.75, 9999.0, 9999.0, 9999.0, 23.86, 9999.0, 22.57, 9999.0, 22.75, 22.5, 22.27, 22.36, 22.27
2026-09-08, 21:39:29, 22.32, 22.5, 22.75, 22.75, 9999.0, 9999.0, 9999.0, 23.89, 9999.0, 22.57, 9999.0, 22.75, 22.5, 22.27, 22.34, 22.27
2026-09-08, 21:39:33, 22.34, 22.5, 22.75, 22.75, 9999.0, 9999.0, 9999.0, 23.91, 9999.0, 22.55, 9999.0, 22.73, 22.5, 22.27, 22.34, 22.27
2026-09-08, 21:39:37, 22.36, 22.5, 22.75, 22.75, 9999.0, 9999.0, 9999.0, 23.93, 9999.0, 22.52, 9999.0, 22.7, 22.5, 22.27, 22.32, 22.27
2026-09-08, 21:39:41, 22.34, 22.5, 22.75, 22.75, 9999.0, 9999.0, 9999.0, 23.95, 9999.0, 22.48, 9999.0, 22.68, 22.5, 22.27, 22.32, 22.27
2026-09-08, 21:39:45, 22.32, 22.5, 22.75, 22.75, 9999.0, 9999.0, 9999.0, 24.0, 9999.0, 22.45, 9999.0, 22.68, 22.5, 22.27, 22.32, 22.27
2026-09-08, 21:39:49, 22.32, 22.5, 22.75, 22.75, 9999.0, 9999.0, 9999.0, 24.02, 9999.0, 22.43, 9999.0, 22.68, 22.5, 22.25, 22.32, 22.3
2026-09-08, 21:39:53, 22.32, 22.5, 22.75, 22.75, 9999.0, 9999.0, 9999.0, 23.98, 9999.0, 22.39, 9999.0, 22.7, 22.5, 22.25, 22.32, 22.3
2026-09-08, 21:39:57, 22.32, 22.5, 22.75, 22.75, 9999.0, 9999.0, 9999.0, 23.93, 9999.0, 22.36, 9999.0, 22.73, 22.5, 22.25, 22.32, 22.3
2026-09-08, 21:40:01, 22.34, 22.5, 22.75, 22.75, 9999.0, 9999.0, 9999.0, 23.91, 9999.0, 22.34, 9999.0, 22.75, 22.5, 22.25, 22.34, 22.3
2026-09-08, 21:40:05, 22.34, 22.5, 22.75, 22.75, 9999.0, 9999.0, 9999.0, 23.89, 9999.0, 22.34, 9999.0, 22.75, 22.5, 22.25, 22.34, 22.32
2026-09-08, 21:40:09, 22.34, 22.5, 22.75, 22.75, 9999.0, 9999.0, 9999.0, 23.84, 9999.0, 22.36, 9999.0, 22.75, 22.5, 22.25, 22.36, 22.34
2026-09-08, 21:40:13, 22.34, 22.5, 22.75, 22.75, 9999.0, 9999.0, 9999.0, 23.8, 9999.0, 22.36, 9999.0, 22.75, 22.52, 22.25, 22.36, 22.34
2026-09-08, 21:40:17, 22.34, 22.5, 22.75, 22.75, 9999.0, 9999.0, 9999.0, 23.75, 9999.0, 22.39, 9999.0, 22.77, 22.52, 22.25, 22.39, 22.32
2026-09-08, 21:40:21, 22.34, 22.5, 22.75, 22.75, 9999.0, 9999.0, 9999.0, 23.7, 9999.0, 22.41, 9999.0, 22.8, 22.52, 22.25, 22.41, 22.32
2026-09-08, 21:40:25, 22.36, 22.5, 22.75, 22.75, 9999.0, 9999.0, 9999.0, 23.73, 9999.0, 22.43, 9999.0, 22.82, 22.52, 22.25, 22.41, 22.32
2026-09-08, 21:40:29, 22.39, 22.5, 22.75, 22.75, 9999.0, 9999.0, 9999.0, 23.75, 9999.0, 22.43, 9999.0, 22.82, 22.52, 22.25, 22.39, 22.34
2026-09-08, 21:40:33, 22.41, 22.5, 22.75, 22.75, 9999.0, 9999.0, 9999.0, 23.8, 9999.0, 22.43, 9999.0, 22.82, 22.52, 22.25, 22.41, 22.34
2026-09-08, 21:40:37, 22.41, 22.5, 22.75, 22.75, 9999.0, 9999.0, 9999.0, 23.82, 9999.0, 22.43, 9999.0, 22.8, 22.52, 22.25, 22.43, 22.36
2026-09-08, 21:40:41, 22.41, 22.5, 22.75, 22.75, 9999.0, 9999.0, 9999.0, 23.84, 9999.0, 22.45, 9999.0, 22.77, 22.52, 22.25, 22.45, 22.39
2026-09-08, 21:40:45, 22.39, 22.5, 22.75, 22.75, 9999.0, 9999.0, 9999.0, 23.86, 9999.0, 22.45, 9999.0, 22.75, 22.52, 22.25, 22.43, 22.39
2026-09-08, 21:40:49, 22.39, 22.5, 22.75, 22.75, 9999.0, 9999.0, 9999.0, 23.89, 9999.0, 22.43, 9999.0, 22.73, 22.52, 22.25, 22.43, 22.36
2026-09-08, 21:40:53, 22.41, 22.5, 22.75, 22.75, 9999.0, 9999.0, 9999.0, 23.93, 9999.0, 22.41, 9999.0, 22.7, 22.52, 22.25, 22.41, 22.34
2026-09-08, 21:40:57, 22.41, 22.5, 22.75, 22.75, 9999.0, 9999.0, 9999.0, 23.95, 9999.0, 22.39, 9999.0, 22.68, 22.5, 22.25, 22.41, 22.34
2026-09-08, 21:41:01, 22.41, 22.5, 22.75, 22.75, 9999.0, 9999.0, 9999.0, 24.0, 9999.0, 22.36, 9999.0, 22.68, 22.5, 22.25, 22.41, 22.34
2026-09-08, 21:41:05, 22.41, 22.5, 22.75, 22.75, 9999.0, 9999.0, 9999.0, 24.02, 9999.0, 22.34, 9999.0, 22.68, 22.5, 22.25, 22.39, 22.34
2026-09-08, 21:41:09, 22.39, 22.5, 22.75, 22.75, 9999.0, 9999.0, 9999.0, 23.98, 9999.0, 22.3, 9999.0, 22.68, 22.5, 22.25, 22.39, 22.36
2026-09-08, 21:41:13, 22.36, 22.5, 22.75, 22.75, 9999.0, 9999.0, 9999.0, 23.93, 9999.0, 22.27, 9999.0, 22.7, 22.5, 22.25, 22.39, 22.34
2026-09-08, 21:41:17, 22.36, 22.5, 22.75, 22.75, 9999.0, 9999.0, 9999.0, 23.89, 9999.0, 22.25, 9999.0, 22.7, 22.5, 22.25, 22.39, 22.32
2026-09-08, 21:41:21, 22.36, 22.5, 22.75, 22.75, 9999.0, 9999.0, 9999.0, 23.86, 9999.0, 22.27, 9999.0, 22.7, 22.5, 22.25, 22.39, 22.3
2026-09-08, 21:41:25, 22.36, 22.5, 22.75, 22.75, 9999.0, 9999.0, 9999.0, 23.82, 9999.0, 22.27, 9999.0, 22.7, 22.5, 22.25, 22.36, 22.3
2026-09-08, 21:41:29, 22.36, 22.5, 22.75, 22.75, 9999.0, 9999.0, 9999.0, 23.77, 9999.0, 22.3, 9999.0, 22.7, 22.5, 22.25, 22.39, 22.3
2026-09-08, 21:41:33, 22.39, 22.5, 22.75, 22.75, 9999.0, 9999.0, 9999.0, 23.73, 9999.0, 22.32, 9999.0, 22.73, 22.5, 22.25, 22.39, 22.32
2026-09-08, 21:41:37, 22.39, 22.5, 22.75, 22.77, 9999.0, 9999.0, 9999.0, 23.68, 9999.0, 22.34, 9999.0, 22.75, 22.5, 22.25, 22.39, 22.34
2026-09-08, 21:41:41, 22.39, 22.5, 22.75, 22.77, 9999.0, 9999.0, 9999.0, 23.73, 9999.0, 22.36, 9999.0, 22.77, 22.5, 22.25, 22.41, 22.36
2026-09-08, 21:41:45, 22.36, 22.5, 22.75, 22.77, 9999.0, 9999.0, 9999.0, 23.75, 9999.0, 22.39, 9999.0, 22.77, 22.5, 22.25, 22.39, 22.36
2026-09-08, 21:41:49, 22.34, 22.5, 22.75, 22.77, 9999.0, 9999.0, 9999.0, 23.8, 9999.0, 22.41, 9999.0, 22.77, 22.5, 22.25, 22.39, 22.36
2026-09-08, 21:41:53, 22.34, 22.5, 22.75, 22.77, 9999.0, 9999.0, 9999.0, 23.82, 9999.0, 22.45, 9999.0, 22.77, 22.5, 22.25, 22.36, 22.36
2026-09-08, 21:41:57, 22.34, 22.5, 22.75, 22.77, 9999.0, 9999.0, 9999.0, 23.84, 9999.0, 22.45, 9999.0, 22.75, 22.5, 22.25, 22.36, 22.36
2026-09-08, 21:42:01, 22.32, 22.5, 22.75, 22.77, 9999.0, 9999.0, 9999.0, 23.86, 9999.0, 22.45, 9999.0, 22.75, 22.5, 22.25, 22.34, 22.36
2026-09-08, 21:42:05, 22.32, 22.5, 22.75, 22.77, 9999.0, 9999.0, 9999.0, 23.89, 9999.0, 22.43, 9999.0, 22.75, 22.5, 22.25, 22.34, 22.36
2026-09-08, 21:42:09, 22.3, 22.5, 22.75, 22.77, 9999.0, 9999.0, 9999.0, 23.93, 9999.0, 22.41, 9999.0, 22.75, 22.5, 22.25, 22.34, 22.36
2026-09-08, 21:42:13, 22.3, 22.5, 22.75, 22.77, 9999.0, 9999.0, 9999.0, 23.95, 9999.0, 22.39, 9999.0, 22.75, 22.5, 22.25, 22.34, 22.36
2026-09-08, 21:42:17, 22.3, 22.5, 22.75, 22.77, 9999.0, 9999.0, 9999.0, 23.98, 9999.0, 22.36, 9999.0, 22.75, 22.5, 22.25, 22.34, 22.34
2026-09-08, 21:42:21, 22.3, 22.5, 22.75, 22.75, 9999.0, 9999.0, 9999.0, 24.0, 9999.0, 22.34, 9999.0, 22.75, 22.5, 22.25, 22.36, 22.34
2026-09-08, 21:42:25, 22.32, 22.5, 22.75, 22.75, 9999.0, 9999.0, 9999.0, 23.95, 9999.0, 22.32, 9999.0, 22.75, 22.5, 22.25, 22.36, 22.32
2026-09-08, 21:42:29, 22.34, 22.5, 22.75, 22.75, 9999.0, 9999.0, 9999.0, 23.91, 9999.0, 22.3, 9999.0, 22.77, 22.5, 22.25, 22.39, 22.34
2026-09-08, 21:42:33, 22.34, 22.5, 22.75, 22.75, 9999.0, 9999.0, 9999.0, 23.84, 9999.0, 22.27, 9999.0, 22.8, 22.5, 22.25, 22.39, 22.36
2026-09-08, 21:42:37, 22.36, 22.5, 22.77, 22.75, 9999.0, 9999.0, 9999.0, 23.82, 9999.0, 22.27, 9999.0, 22.82, 22.5, 22.25, 22.41, 22.36
2026-09-08, 21:42:41, 22.36, 22.5, 22.77, 22.75, 9999.0, 9999.0, 9999.0, 23.77, 9999.0, 22.27, 9999.0, 22.84, 22.5, 22.25, 22.43, 22.36
2026-09-08, 21:42:45, 22.36, 22.5, 22.77, 22.75, 9999.0, 9999.0, 9999.0, 23.73, 9999.0, 22.3, 9999.0, 22.84, 22.5, 22.25, 22.43, 22.39
2026-09-08, 21:42:49, 22.36, 22.5, 22.77, 22.75, 9999.0, 9999.0, 9999.0, 23.68, 9999.0, 22.32, 9999.0, 22.84, 22.5, 22.25, 22.41, 22.39
2026-09-08, 21:42:53, 22.36, 22.5, 22.77, 22.75, 9999.0, 9999.0, 9999.0, 23.64, 9999.0, 22.34, 9999.0, 22.84, 22.5, 22.25, 22.41, 22.36
2026-09-08, 21:42:57, 22.39, 22.5, 22.77, 22.75, 9999.0, 9999.0, 9999.0, 23.61, 9999.0, 22.36, 9999.0, 22.84, 22.5, 22.25, 22.39, 22.36
2026-09-08, 21:43:01, 22.36, 22.5, 22.77, 22.75, 9999.0, 9999.0, 9999.0, 23.66, 9999.0, 22.39, 9999.0, 22.84, 22.5, 22.25, 22.39, 22.36
2026-09-08, 21:43:05, 22.36, 22.5, 22.77, 22.75, 9999.0, 9999.0, 9999.0, 23.68, 9999.0, 22.39, 9999.0, 22.84, 22.5, 22.25, 22.39, 22.34
2026-09-08, 21:43:09, 22.36, 22.5, 22.77, 22.75, 9999.0, 9999.0, 9999.0, 23.7, 9999.0, 22.39, 9999.0, 22.84, 22.5, 22.25, 22.36, 22.36
2026-09-08, 21:43:13, 22.34, 22.5, 22.77, 22.75, 9999.0, 9999.0, 9999.0, 23.73, 9999.0, 22.39, 9999.0, 22.82, 22.5, 22.25, 22.36, 22.34
2026-09-08, 21:43:18, 22.36, 22.5, 22.77, 22.75, 9999.0, 9999.0, 9999.0, 23.77, 9999.0, 22.39, 9999.0, 22.8, 22.5, 22.25, 22.39, 22.32
2026-09-08, 21:43:22, 22.34, 22.5, 22.77, 22.75, 9999.0, 9999.0, 9999.0, 23.77, 9999.0, 22.36, 9999.0, 22.77, 22.5, 22.25, 22.39, 22.3
2026-09-08, 21:43:26, 22.34, 22.5, 22.77, 22.75, 9999.0, 9999.0, 9999.0, 23.82, 9999.0, 22.36, 9999.0, 22.75, 22.5, 22.25, 22.36, 22.3
2026-09-08, 21:43:30, 22.34, 22.5, 22.77, 22.75, 9999.0, 9999.0, 9999.0, 23.86, 9999.0, 22.34, 9999.0, 22.73, 22.5, 22.25, 22.36, 22.27
2026-09-08, 21:43:34, 22.34, 22.5, 22.77, 22.75, 9999.0, 9999.0, 9999.0, 23.91, 9999.0, 22.32, 9999.0, 22.7, 22.5, 22.25, 22.39, 22.27
2026-09-08, 21:43:38, 22.34, 22.5, 22.77, 22.75, 9999.0, 9999.0, 9999.0, 23.93, 9999.0, 22.3, 9999.0, 22.7, 22.5, 22.25, 22.39, 22.27
2026-09-08, 21:43:42, 22.32, 22.5, 22.77, 22.75, 9999.0, 9999.0, 9999.0, 23.95, 9999.0, 22.25, 9999.0, 22.7, 22.5, 22.25, 22.41, 22.27
2026-09-08, 21:43:46, 22.34, 22.5, 22.77, 22.75, 9999.0, 9999.0, 9999.0, 23.91, 9999.0, 22.2, 9999.0, 22.7, 22.5, 22.27, 22.41, 22.27
2026-09-08, 21:43:50, 22.34, 22.5, 22.77, 22.75, 9999.0, 9999.0, 9999.0, 23.89, 9999.0, 22.18, 9999.0, 22.7, 22.52, 22.27, 22.41, 22.3
2026-09-08, 21:43:54, 22.32, 22.5, 22.77, 22.75, 9999.0, 9999.0, 9999.0, 23.86, 9999.0, 22.16, 9999.0, 22.7, 22.52, 22.3, 22.41, 22.27
2026-09-08, 21:43:58, 22.34, 22.5, 22.77, 22.75, 9999.0, 9999.0, 9999.0, 23.82, 9999.0, 22.16, 9999.0, 22.73, 22.52, 22.3, 22.41, 22.3
2026-09-08, 21:44:02, 22.32, 22.5, 22.77, 22.75, 9999.0, 9999.0, 9999.0, 23.77, 9999.0, 22.16, 9999.0, 22.73, 22.52, 22.3, 22.39, 22.3
2026-09-08, 21:44:06, 22.34, 22.5, 22.75, 22.75, 9999.0, 9999.0, 9999.0, 23.75, 9999.0, 22.16, 9999.0, 22.73, 22.52, 22.3, 22.36, 22.32
2026-09-08, 21:44:10, 22.36, 22.5, 22.75, 22.75, 9999.0, 9999.0, 9999.0, 23.7, 9999.0, 22.18, 9999.0, 22.73, 22.52, 22.3, 22.39, 22.34
2026-09-08, 21:44:14, 22.36, 22.5, 22.75, 22.75, 9999.0, 9999.0, 9999.0, 23.64, 9999.0, 22.2, 9999.0, 22.75, 22.55, 22.3, 22.41, 22.36
2026-09-08, 21:44:18, 22.36, 22.5, 22.75, 22.75, 9999.0, 9999.0, 9999.0, 23.66, 9999.0, 22.2, 9999.0, 22.77, 22.57, 22.3, 22.39, 22.36
2026-09-08, 21:44:22, 22.39, 22.5, 22.75, 22.75, 9999.0, 9999.0, 9999.0, 23.7, 9999.0, 22.23, 9999.0, 22.77, 22.57, 22.3, 22.39, 22.39
2026-09-08, 21:44:26, 22.41, 22.5, 22.75, 22.75, 9999.0, 9999.0, 9999.0, 23.73, 9999.0, 22.25, 9999.0, 22.77, 22.57, 22.3, 22.36, 22.39
2026-09-08, 21:44:30, 22.41, 22.5, 22.75, 22.77, 9999.0, 9999.0, 9999.0, 23.75, 9999.0, 22.27, 9999.0, 22.77, 22.57, 22.27, 22.34, 22.39
2026-09-08, 21:44:34, 22.41, 22.5, 22.75, 22.77, 9999.0, 9999.0, 9999.0, 23.77, 9999.0, 22.3, 9999.0, 22.77, 22.55, 22.27, 22.34, 22.36
2026-09-08, 21:44:38, 22.43, 22.5, 22.75, 22.77, 9999.0, 9999.0, 9999.0, 23.8, 9999.0, 22.32, 9999.0, 22.77, 22.55, 22.25, 22.36, 22.36
2026-09-08, 21:44:42, 22.41, 22.5, 22.75, 22.77, 9999.0, 9999.0, 9999.0, 23.82, 9999.0, 22.32, 9999.0, 22.75, 22.55, 22.25, 22.34, 22.34
2026-09-08, 21:44:46, 22.41, 22.5, 22.75, 22.77, 9999.0, 9999.0, 9999.0, 23.84, 9999.0, 22.32, 9999.0, 22.73, 22.55, 22.25, 22.34, 22.34
2026-09-08, 21:44:50, 22.41, 22.5, 22.75, 22.8, 9999.0, 9999.0, 9999.0, 23.86, 9999.0, 22.32, 9999.0, 22.7, 22.55, 22.25, 22.34, 22.34
2026-09-08, 21:44:54, 22.41, 22.5, 22.75, 22.8, 9999.0, 9999.0, 9999.0, 23.89, 9999.0, 22.27, 9999.0, 22.7, 22.55, 22.25, 22.34, 22.34
2026-09-08, 21:44:58, 22.41, 22.5, 22.75, 22.8, 9999.0, 9999.0, 9999.0, 23.93, 9999.0, 22.25, 9999.0, 22.7, 22.52, 22.25, 22.32, 22.34
2026-09-08, 21:45:02, 22.41, 22.5, 22.75, 22.8, 9999.0, 9999.0, 9999.0, 23.89, 9999.0, 22.25, 9999.0, 22.7, 22.5, 22.25, 22.32, 22.36
2026-09-08, 21:45:06, 22.39, 22.5, 22.75, 22.82, 9999.0, 9999.0, 9999.0, 23.82, 9999.0, 22.2, 9999.0, 22.73, 22.5, 22.25, 22.34, 22.36
2026-09-08, 21:45:10, 22.39, 22.5, 22.75, 22.82, 9999.0, 9999.0, 9999.0, 23.77, 9999.0, 22.18, 9999.0, 22.75, 22.5, 22.25, 22.34, 22.36
2026-09-08, 21:45:14, 22.36, 22.5, 22.75, 22.8, 9999.0, 9999.0, 9999.0, 23.73, 9999.0, 22.18, 9999.0, 22.75, 22.5, 22.25, 22.36, 22.39
2026-09-08, 21:45:18, 22.36, 22.5, 22.75, 22.8, 9999.0, 9999.0, 9999.0, 23.68, 9999.0, 22.18, 9999.0, 22.75, 22.5, 22.25, 22.34, 22.41
2026-09-08, 21:45:22, 22.34, 22.5, 22.75, 22.82, 9999.0, 9999.0, 9999.0, 23.61, 9999.0, 22.18, 9999.0, 22.75, 22.5, 22.25, 22.32, 22.43
2026-09-08, 21:45:26, 22.34, 22.5, 22.75, 22.82, 9999.0, 9999.0, 9999.0, 23.59, 9999.0, 22.2, 9999.0, 22.75, 22.5, 22.25, 22.34, 22.43
2026-09-08, 21:45:30, 22.36, 22.5, 22.75, 22.84, 9999.0, 9999.0, 9999.0, 23.55, 9999.0, 22.23, 9999.0, 22.77, 22.5, 22.25, 22.36, 22.43
2026-09-08, 21:45:34, 22.34, 22.5, 22.75, 22.82, 9999.0, 9999.0, 9999.0, 23.59, 9999.0, 22.25, 9999.0, 22.8, 22.5, 22.25, 22.39, 22.43
2026-09-08, 21:45:38, 22.32, 22.5, 22.75, 22.84, 9999.0, 9999.0, 9999.0, 23.64, 9999.0, 22.3, 9999.0, 22.8, 22.5, 22.27, 22.39, 22.43
2026-09-08, 21:45:42, 22.32, 22.5, 22.75, 22.84, 9999.0, 9999.0, 9999.0, 23.66, 9999.0, 22.3, 9999.0, 22.8, 22.5, 22.27, 22.41, 22.43
2026-09-08, 21:45:46, 22.32, 22.5, 22.75, 22.84, 9999.0, 9999.0, 9999.0, 23.68, 9999.0, 22.3, 9999.0, 22.8, 22.5, 22.27, 22.41, 22.41
2026-09-08, 21:45:50, 22.32, 22.5, 22.75, 22.82, 9999.0, 9999.0, 9999.0, 23.73, 9999.0, 22.32, 9999.0, 22.77, 22.5, 22.27, 22.39, 22.39
2026-09-08, 21:45:54, 22.32, 22.5, 22.75, 22.82, 9999.0, 9999.0, 9999.0, 23.77, 9999.0, 22.36, 9999.0, 22.75, 22.5, 22.27, 22.39, 22.39
2026-09-08, 21:45:58, 22.32, 22.5, 22.77, 22.84, 9999.0, 9999.0, 9999.0, 23.82, 9999.0, 22.36, 9999.0, 22.75, 22.5, 22.27, 22.39, 22.36
2026-09-08, 21:46:02, 22.3, 22.5, 22.77, 22.86, 9999.0, 9999.0, 9999.0, 23.84, 9999.0, 22.36, 9999.0, 22.75, 22.5, 22.27, 22.39, 22.36
2026-09-08, 21:46:06, 22.3, 22.5, 22.77, 22.84, 9999.0, 9999.0, 9999.0, 23.91, 9999.0, 22.36, 9999.0, 22.75, 22.5, 22.27, 22.41, 22.36
2026-09-08, 21:46:10, 22.32, 22.5, 22.77, 22.84, 9999.0, 9999.0, 9999.0, 23.93, 9999.0, 22.34, 9999.0, 22.75, 22.5, 22.3, 22.39, 22.36
2026-09-08, 21:46:14, 22.3, 22.5, 22.77, 22.82, 9999.0, 9999.0, 9999.0, 23.98, 9999.0, 22.32, 9999.0, 22.75, 22.5, 22.3, 22.36, 22.36
2026-09-08, 21:46:18, 22.3, 22.5, 22.77, 22.82, 9999.0, 9999.0, 9999.0, 23.91, 9999.0, 22.3, 9999.0, 22.75, 22.5, 22.3, 22.34, 22.34
2026-09-08, 21:46:22, 22.3, 22.5, 22.8, 22.8, 9999.0, 9999.0, 9999.0, 23.84, 9999.0, 22.27, 9999.0, 22.77, 22.5, 22.3, 22.32, 22.32
2026-09-08, 21:46:26, 22.32, 22.5, 22.8, 22.8, 9999.0, 9999.0, 9999.0, 23.8, 9999.0, 22.27, 9999.0, 22.8, 22.5, 22.3, 22.32, 22.3
2026-09-08, 21:46:30, 22.34, 22.5, 22.8, 22.82, 9999.0, 9999.0, 9999.0, 23.75, 9999.0, 22.27, 9999.0, 22.82, 22.5, 22.3, 22.34, 22.32
2026-09-08, 21:46:34, 22.34, 22.5, 22.8, 22.82, 9999.0, 9999.0, 9999.0, 23.7, 9999.0, 22.3, 9999.0, 22.84, 22.5, 22.3, 22.34, 22.32
2026-09-08, 21:46:38, 22.34, 22.5, 22.82, 22.82, 9999.0, 9999.0, 9999.0, 23.66, 9999.0, 22.3, 9999.0, 22.84, 22.5, 22.3, 22.34, 22.32
2026-09-08, 21:46:42, 22.34, 22.5, 22.82, 22.8, 9999.0, 9999.0, 9999.0, 23.61, 9999.0, 22.32, 9999.0, 22.84, 22.5, 22.32, 22.32, 22.32
2026-09-08, 21:46:46, 22.36, 22.5, 22.82, 22.77, 9999.0, 9999.0, 9999.0, 23.59, 9999.0, 22.36, 9999.0, 22.84, 22.5, 22.32, 22.32, 22.32
2026-09-08, 21:46:50, 22.36, 22.5, 22.82, 22.77, 9999.0, 9999.0, 9999.0, 23.52, 9999.0, 22.41, 9999.0, 22.84, 22.5, 22.32, 22.3, 22.32
2026-09-08, 21:46:55, 22.36, 22.5, 22.82, 22.77, 9999.0, 9999.0, 9999.0, 23.57, 9999.0, 22.43, 9999.0, 22.84, 22.5, 22.3, 22.3, 22.32
2026-09-08, 21:46:59, 22.39, 22.5, 22.82, 22.8, 9999.0, 9999.0, 9999.0, 23.61, 9999.0, 22.45, 9999.0, 22.84, 22.5, 22.3, 22.32, 22.34
2026-09-08, 21:47:03, 22.39, 22.5, 22.82, 22.82, 9999.0, 9999.0, 9999.0, 23.66, 9999.0, 22.48, 9999.0, 22.84, 22.5, 22.3, 22.34, 22.34
2026-09-08, 21:47:07, 22.39, 22.5, 22.8, 22.82, 9999.0, 9999.0, 9999.0, 23.7, 9999.0, 22.48, 9999.0, 22.8, 22.5, 22.27, 22.34, 22.36
2026-09-08, 21:47:11, 22.39, 22.5, 22.8, 22.82, 9999.0, 9999.0, 9999.0, 23.75, 9999.0, 22.5, 9999.0, 22.77, 22.5, 22.27, 22.32, 22.39
2026-09-08, 21:47:15, 22.36, 22.5, 22.8, 22.82, 9999.0, 9999.0, 9999.0, 23.77, 9999.0, 22.52, 9999.0, 22.75, 22.5, 22.27, 22.32, 22.36
2026-09-08, 21:47:19, 22.39, 22.5, 22.8, 22.82, 9999.0, 9999.0, 9999.0, 23.8, 9999.0, 22.5, 9999.0, 22.73, 22.5, 22.27, 22.32, 22.36
2026-09-08, 21:47:23, 22.36, 22.5, 22.77, 22.82, 9999.0, 9999.0, 9999.0, 23.82, 9999.0, 22.5, 9999.0, 22.7, 22.5, 22.27, 22.32, 22.36
2026-09-08, 21:47:27, 22.36, 22.5, 22.77, 22.84, 9999.0, 9999.0, 9999.0, 23.84, 9999.0, 22.48, 9999.0, 22.68, 22.5, 22.25, 22.32, 22.39
2026-09-08, 21:47:31, 22.34, 22.5, 22.77, 22.84, 9999.0, 9999.0, 9999.0, 23.86, 9999.0, 22.43, 9999.0, 22.68, 22.5, 22.25, 22.32, 22.39
2026-09-08, 21:47:35, 22.34, 22.5, 22.8, 22.86, 9999.0, 9999.0, 9999.0, 23.91, 9999.0, 22.39, 9999.0, 22.68, 22.5, 22.25, 22.34, 22.39
2026-09-08, 21:47:39, 22.32, 22.5, 22.8, 22.89, 9999.0, 9999.0, 9999.0, 23.86, 9999.0, 22.36, 9999.0, 22.68, 22.5, 22.25, 22.34, 22.41
2026-09-08, 21:47:43, 22.3, 22.5, 22.8, 22.86, 9999.0, 9999.0, 9999.0, 23.8, 9999.0, 22.34, 9999.0, 22.7, 22.5, 22.25, 22.34, 22.41
2026-09-08, 21:47:47, 22.32, 22.5, 22.82, 22.84, 9999.0, 9999.0, 9999.0, 23.75, 9999.0, 22.32, 9999.0, 22.73, 22.5, 22.25, 22.34, 22.43
2026-09-08, 21:47:51, 22.32, 22.5, 22.82, 22.86, 9999.0, 9999.0, 9999.0, 23.7, 9999.0, 22.34, 9999.0, 22.75, 22.5, 22.25, 22.36, 22.43
2026-09-08, 21:47:55, 22.32, 22.5, 22.82, 22.89, 9999.0, 9999.0, 9999.0, 23.66, 9999.0, 22.34, 9999.0, 22.75, 22.5, 22.25, 22.36, 22.41
2026-09-08, 21:47:59, 22.34, 22.5, 22.82, 22.89, 9999.0, 9999.0, 9999.0, 23.64, 9999.0, 22.34, 9999.0, 22.75, 22.52, 22.25, 22.34, 22.41
2026-09-08, 21:48:03, 22.34, 22.5, 22.82, 22.89, 9999.0, 9999.0, 9999.0, 23.61, 9999.0, 22.36, 9999.0, 22.75, 22.52, 22.25, 22.34, 22.41
2026-09-08, 21:48:07, 22.34, 22.5, 22.82, 22.91, 9999.0, 9999.0, 9999.0, 23.59, 9999.0, 22.36, 9999.0, 22.77, 22.52, 22.25, 22.36, 22.41
2026-09-08, 21:48:11, 22.36, 22.5, 22.8, 22.91, 9999.0, 9999.0, 9999.0, 23.64, 9999.0, 22.41, 9999.0, 22.8, 22.55, 22.25, 22.36, 22.39
2026-09-08, 21:48:15, 22.39, 22.5, 22.82, 22.93, 9999.0, 9999.0, 9999.0, 23.68, 9999.0, 22.43, 9999.0, 22.8, 22.57, 22.25, 22.36, 22.39
2026-09-08, 21:48:19, 22.39, 22.5, 22.8, 22.91, 9999.0, 9999.0, 9999.0, 23.73, 9999.0, 22.45, 9999.0, 22.8, 22.57, 22.25, 22.34, 22.39
2026-09-08, 21:48:23, 22.41, 22.5, 22.8, 22.91, 9999.0, 9999.0, 9999.0, 23.75, 9999.0, 22.48, 9999.0, 22.8, 22.57, 22.25, 22.36, 22.39
2026-09-08, 21:48:27, 22.43, 22.5, 22.8, 22.93, 9999.0, 9999.0, 9999.0, 23.8, 9999.0, 22.5, 9999.0, 22.77, 22.57, 22.25, 22.36, 22.36
2026-09-08, 21:48:31, 22.43, 22.5, 22.8, 22.95, 9999.0, 9999.0, 9999.0, 23.84, 9999.0, 22.5, 9999.0, 22.73, 22.57, 22.25, 22.36, 22.36
2026-09-08, 21:48:35, 22.43, 22.5, 22.8, 22.95, 9999.0, 9999.0, 9999.0, 23.86, 9999.0, 22.48, 9999.0, 22.7, 22.57, 22.25, 22.36, 22.36
2026-09-08, 21:48:39, 22.41, 22.5, 22.8, 22.95, 9999.0, 9999.0, 9999.0, 23.89, 9999.0, 22.45, 9999.0, 22.7, 22.57, 22.25, 22.39, 22.39
2026-09-08, 21:48:43, 22.41, 22.5, 22.8, 22.95, 9999.0, 9999.0, 9999.0, 23.91, 9999.0, 22.43, 9999.0, 22.7, 22.55, 22.25, 22.41, 22.41
2026-09-08, 21:48:47, 22.41, 22.5, 22.8, 22.95, 9999.0, 9999.0, 9999.0, 23.95, 9999.0, 22.41, 9999.0, 22.7, 22.55, 22.25, 22.41, 22.43
2026-09-08, 21:48:51, 22.41, 22.5, 22.82, 22.95, 9999.0, 9999.0, 9999.0, 23.98, 9999.0, 22.39, 9999.0, 22.7, 22.55, 22.25, 22.41, 22.45
2026-09-08, 21:48:55, 22.39, 22.5, 22.82, 22.93, 9999.0, 9999.0, 9999.0, 23.93, 9999.0, 22.34, 9999.0, 22.7, 22.52, 22.25, 22.41, 22.48
2026-09-08, 21:48:59, 22.36, 22.5, 22.82, 22.91, 9999.0, 9999.0, 9999.0, 23.86, 9999.0, 22.32, 9999.0, 22.73, 22.5, 22.25, 22.43, 22.45
2026-09-08, 21:49:03, 22.39, 22.5, 22.84, 22.91, 9999.0, 9999.0, 9999.0, 23.82, 9999.0, 22.3, 9999.0, 22.75, 22.5, 22.25, 22.43, 22.43
2026-09-08, 21:49:07, 22.39, 22.5, 22.84, 22.89, 9999.0, 9999.0, 9999.0, 23.77, 9999.0, 22.3, 9999.0, 22.77, 22.5, 22.25, 22.43, 22.43
2026-09-08, 21:49:11, 22.39, 22.5, 22.84, 22.89, 9999.0, 9999.0, 9999.0, 23.73, 9999.0, 22.3, 9999.0, 22.77, 22.5, 22.25, 22.43, 22.45
2026-09-08, 21:49:15, 22.36, 22.5, 22.82, 22.86, 9999.0, 9999.0, 9999.0, 23.68, 9999.0, 22.32, 9999.0, 22.8, 22.5, 22.25, 22.43, 22.45
2026-09-08, 21:49:19, 22.36, 22.5, 22.82, 22.86, 9999.0, 9999.0, 9999.0, 23.66, 9999.0, 22.36, 9999.0, 22.82, 22.5, 22.25, 22.41, 22.45
2026-09-08, 21:49:23, 22.39, 22.5, 22.84, 22.84, 9999.0, 9999.0, 9999.0, 23.64, 9999.0, 22.41, 9999.0, 22.82, 22.5, 22.25, 22.41, 22.45
2026-09-08, 21:49:27, 22.39, 22.5, 22.84, 22.84, 9999.0, 9999.0, 9999.0, 23.61, 9999.0, 22.45, 9999.0, 22.82, 22.5, 22.25, 22.41, 22.45
2026-09-08, 21:49:31, 22.36, 22.5, 22.84, 22.84, 9999.0, 9999.0, 9999.0, 23.64, 9999.0, 22.5, 9999.0, 22.82, 22.5, 22.25, 22.43, 22.43
2026-09-08, 21:49:35, 22.39, 22.5, 22.82, 22.84, 9999.0, 9999.0, 9999.0, 23.68, 9999.0, 22.52, 9999.0, 22.82, 22.5, 22.25, 22.43, 22.43
2026-09-08, 21:49:39, 22.39, 22.5, 22.84, 22.86, 9999.0, 9999.0, 9999.0, 23.73, 9999.0, 22.55, 9999.0, 22.82, 22.5, 22.27, 22.45, 22.43
2026-09-08, 21:49:43, 22.39, 22.5, 22.82, 22.86, 9999.0, 9999.0, 9999.0, 23.8, 9999.0, 22.57, 9999.0, 22.8, 22.5, 22.27, 22.43, 22.45
2026-09-08, 21:49:47, 22.39, 22.5, 22.8, 22.89, 9999.0, 9999.0, 9999.0, 23.82, 9999.0, 22.59, 9999.0, 22.77, 22.5, 22.27, 22.45, 22.48
2026-09-08, 21:49:51, 22.39, 22.5, 22.8, 22.89, 9999.0, 9999.0, 9999.0, 23.86, 9999.0, 22.59, 9999.0, 22.75, 22.5, 22.27, 22.45, 22.45
2026-09-08, 21:49:55, 22.39, 22.5, 22.8, 22.86, 9999.0, 9999.0, 9999.0, 23.91, 9999.0, 22.59, 9999.0, 22.73, 22.5, 22.27, 22.45, 22.43
2026-09-08, 21:49:59, 22.39, 22.5, 22.82, 22.89, 9999.0, 9999.0, 9999.0, 23.95, 9999.0, 22.59, 9999.0, 22.7, 22.5, 22.27, 22.43, 22.43
2026-09-08, 21:50:03, 22.39, 22.5, 22.82, 22.86, 9999.0, 9999.0, 9999.0, 24.0, 9999.0, 22.57, 9999.0, 22.7, 22.5, 22.27, 22.43, 22.43
2026-09-08, 21:50:07, 22.39, 22.5, 22.8, 22.86, 9999.0, 9999.0, 9999.0, 24.05, 9999.0, 22.52, 9999.0, 22.7, 22.5, 22.27, 22.41, 22.43
2026-09-08, 21:50:11, 22.36, 22.5, 22.8, 22.84, 9999.0, 9999.0, 9999.0, 24.07, 9999.0, 22.5, 9999.0, 22.7, 22.5, 22.27, 22.41, 22.43
2026-09-08, 21:50:15, 22.39, 22.5, 22.8, 22.86, 9999.0, 9999.0, 9999.0, 24.02, 9999.0, 22.48, 9999.0, 22.73, 22.5, 22.3, 22.41, 22.45
2026-09-08, 21:50:19, 22.36, 22.5, 22.82, 22.86, 9999.0, 9999.0, 9999.0, 23.98, 9999.0, 22.45, 9999.0, 22.75, 22.5, 22.3, 22.41, 22.45
2026-09-08, 21:50:23, 22.39, 22.5, 22.82, 22.84, 9999.0, 9999.0, 9999.0, 23.93, 9999.0, 22.43, 9999.0, 22.77, 22.5, 22.27, 22.41, 22.43
2026-09-08, 21:50:27, 22.41, 22.5, 22.82, 22.84, 9999.0, 9999.0, 9999.0, 23.86, 9999.0, 22.43, 9999.0, 22.8, 22.5, 22.27, 22.43, 22.41
2026-09-08, 21:50:31, 22.41, 22.5, 22.82, 22.82, 9999.0, 9999.0, 9999.0, 23.84, 9999.0, 22.43, 9999.0, 22.8, 22.5, 22.27, 22.41, 22.41
2026-09-08, 21:50:35, 22.41, 22.5, 22.82, 22.84, 9999.0, 9999.0, 9999.0, 23.8, 9999.0, 22.45, 9999.0, 22.8, 22.5, 22.27, 22.39, 22.43
2026-09-08, 21:50:39, 22.39, 22.5, 22.82, 22.86, 9999.0, 9999.0, 9999.0, 23.75, 9999.0, 22.48, 9999.0, 22.82, 22.5, 22.27, 22.39, 22.43
2026-09-08, 21:50:43, 22.41, 22.5, 22.8, 22.84, 9999.0, 9999.0, 9999.0, 23.7, 9999.0, 22.5, 9999.0, 22.84, 22.5, 22.27, 22.41, 22.43
2026-09-08, 21:50:48, 22.43, 22.5, 22.8, 22.84, 9999.0, 9999.0, 9999.0, 23.73, 9999.0, 22.52, 9999.0, 22.84, 22.5, 22.27, 22.43, 22.43
2026-09-08, 21:50:52, 22.41, 22.5, 22.8, 22.84, 9999.0, 9999.0, 9999.0, 23.75, 9999.0, 22.55, 9999.0, 22.84, 22.5, 22.27, 22.43, 22.43
2026-09-08, 21:50:56, 22.43, 22.5, 22.8, 22.84, 9999.0, 9999.0, 9999.0, 23.8, 9999.0, 22.55, 9999.0, 22.84, 22.5, 22.27, 22.43, 22.43
2026-09-08, 21:51:00, 22.41, 22.5, 22.8, 22.82, 9999.0, 9999.0, 9999.0, 23.84, 9999.0, 22.55, 9999.0, 22.82, 22.5, 22.25, 22.41, 22.41
2026-09-08, 21:51:04, 22.43, 22.5, 22.77, 22.8, 9999.0, 9999.0, 9999.0, 23.86, 9999.0, 22.57, 9999.0, 22.8, 22.5, 22.25, 22.41, 22.39
2026-09-08, 21:51:08, 22.43, 22.5, 22.75, 22.8, 9999.0, 9999.0, 9999.0, 23.89, 9999.0, 22.59, 9999.0, 22.77, 22.5, 22.25, 22.41, 22.41
2026-09-08, 21:51:12, 22.41, 22.5, 22.75, 22.8, 9999.0, 9999.0, 9999.0, 23.91, 9999.0, 22.59, 9999.0, 22.75, 22.5, 22.25, 22.41, 22.41
2026-09-08, 21:51:16, 22.41, 22.5, 22.75, 22.82, 9999.0, 9999.0, 9999.0, 23.93, 9999.0, 22.59, 9999.0, 22.73, 22.5, 22.25, 22.43, 22.39
2026-09-08, 21:51:20, 22.41, 22.5, 22.75, 22.8, 9999.0, 9999.0, 9999.0, 23.98, 9999.0, 22.57, 9999.0, 22.7, 22.5, 22.25, 22.43, 22.39
2026-09-08, 21:51:24, 22.41, 22.5, 22.75, 22.77, 9999.0, 9999.0, 9999.0, 24.02, 9999.0, 22.55, 9999.0, 22.7, 22.5, 22.25, 22.43, 22.39
2026-09-08, 21:51:28, 22.39, 22.5, 22.75, 22.77, 9999.0, 9999.0, 9999.0, 24.05, 9999.0, 22.52, 9999.0, 22.7, 22.5, 22.25, 22.41, 22.36
2026-09-08, 21:51:32, 22.36, 22.5, 22.75, 22.77, 9999.0, 9999.0, 9999.0, 24.0, 9999.0, 22.5, 9999.0, 22.73, 22.5, 22.25, 22.41, 22.36
2026-09-08, 21:51:36, 22.39, 22.5, 22.75, 22.77, 9999.0, 9999.0, 9999.0, 23.95, 9999.0, 22.48, 9999.0, 22.75, 22.5, 22.25, 22.41, 22.34
2026-09-08, 21:51:40, 22.39, 22.5, 22.75, 22.8, 9999.0, 9999.0, 9999.0, 23.91, 9999.0, 22.45, 9999.0, 22.77, 22.5, 22.25, 22.41, 22.32
2026-09-08, 21:51:44, 22.41, 22.5, 22.77, 22.8, 9999.0, 9999.0, 9999.0, 23.86, 9999.0, 22.48, 9999.0, 22.77, 22.5, 22.25, 22.43, 22.32
2026-09-08, 21:51:48, 22.41, 22.5, 22.77, 22.8, 9999.0, 9999.0, 9999.0, 23.84, 9999.0, 22.48, 9999.0, 22.77, 22.5, 22.25, 22.43, 22.34
2026-09-08, 21:51:52, 22.41, 22.5, 22.77, 22.8, 9999.0, 9999.0, 9999.0, 23.82, 9999.0, 22.5, 9999.0, 22.77, 22.5, 22.25, 22.41, 22.34
2026-09-08, 21:51:56, 22.41, 22.5, 22.77, 22.82, 9999.0, 9999.0, 9999.0, 23.8, 9999.0, 22.52, 9999.0, 22.77, 22.5, 22.25, 22.41, 22.34
2026-09-08, 21:52:00, 22.41, 22.5, 22.8, 22.8, 9999.0, 9999.0, 9999.0, 23.75, 9999.0, 22.55, 9999.0, 22.8, 22.5, 22.25, 22.39, 22.34
2026-09-08, 21:52:04, 22.41, 22.5, 22.8, 22.82, 9999.0, 9999.0, 9999.0, 23.77, 9999.0, 22.57, 9999.0, 22.82, 22.5, 22.25, 22.41, 22.32
2026-09-08, 21:52:08, 22.43, 22.5, 22.82, 22.82, 9999.0, 9999.0, 9999.0, 23.8, 9999.0, 22.59, 9999.0, 22.82, 22.5, 22.25, 22.41, 22.34
2026-09-08, 21:52:12, 22.43, 22.5, 22.82, 22.82, 9999.0, 9999.0, 9999.0, 23.84, 9999.0, 22.61, 9999.0, 22.82, 22.5, 22.25, 22.41, 22.34
2026-09-08, 21:52:16, 22.45, 22.5, 22.82, 22.84, 9999.0, 9999.0, 9999.0, 23.89, 9999.0, 22.64, 9999.0, 22.8, 22.5, 22.25, 22.41, 22.34
2026-09-08, 21:52:20, 22.45, 22.5, 22.82, 22.84, 9999.0, 9999.0, 9999.0, 23.91, 9999.0, 22.66, 9999.0, 22.75, 22.5, 22.25, 22.41, 22.34
2026-09-08, 21:52:24, 22.43, 22.5, 22.82, 22.82, 9999.0, 9999.0, 9999.0, 23.93, 9999.0, 22.68, 9999.0, 22.73, 22.5, 22.25, 22.39, 22.36
2026-09-08, 21:52:28, 22.43, 22.5, 22.8, 22.82, 9999.0, 9999.0, 9999.0, 23.95, 9999.0, 22.66, 9999.0, 22.7, 22.5, 22.25, 22.39, 22.36
2026-09-08, 21:52:32, 22.43, 22.5, 22.8, 22.82, 9999.0, 9999.0, 9999.0, 23.98, 9999.0, 22.66, 9999.0, 22.7, 22.5, 22.25, 22.39, 22.34
2026-09-08, 21:52:36, 22.43, 22.5, 22.8, 22.84, 9999.0, 9999.0, 9999.0, 24.0, 9999.0, 22.64, 9999.0, 22.68, 22.5, 22.25, 22.39, 22.32
2026-09-08, 21:52:40, 22.43, 22.5, 22.8, 22.84, 9999.0, 9999.0, 9999.0, 24.05, 9999.0, 22.61, 9999.0, 22.68, 22.5, 22.25, 22.36, 22.34
2026-09-08, 21:52:44, 22.43, 22.5, 22.77, 22.84, 9999.0, 9999.0, 9999.0, 24.09, 9999.0, 22.59, 9999.0, 22.68, 22.5, 22.25, 22.39, 22.34
2026-09-08, 21:52:48, 22.41, 22.5, 22.77, 22.82, 9999.0, 9999.0, 9999.0, 24.07, 9999.0, 22.57, 9999.0, 22.68, 22.5, 22.25, 22.39, 22.36
2026-09-08, 21:52:52, 22.41, 22.5, 22.75, 22.84, 9999.0, 9999.0, 9999.0, 24.02, 9999.0, 22.55, 9999.0, 22.7, 22.5, 22.25, 22.36, 22.34
2026-09-08, 21:52:56, 22.43, 22.5, 22.77, 22.84, 9999.0, 9999.0, 9999.0, 23.98, 9999.0, 22.52, 9999.0, 22.73, 22.5, 22.25, 22.39, 22.36
2026-09-08, 21:53:00, 22.41, 22.5, 22.77, 22.82, 9999.0, 9999.0, 9999.0, 23.93, 9999.0, 22.52, 9999.0, 22.73, 22.5, 22.25, 22.36, 22.34
2026-09-08, 21:53:04, 22.39, 22.5, 22.77, 22.84, 9999.0, 9999.0, 9999.0, 23.91, 9999.0, 22.52, 9999.0, 22.75, 22.5, 22.25, 22.36, 22.34
2026-09-08, 21:53:08, 22.41, 22.5, 22.77, 22.84, 9999.0, 9999.0, 9999.0, 23.89, 9999.0, 22.55, 9999.0, 22.75, 22.5, 22.25, 22.39, 22.32
2026-09-08, 21:53:12, 22.41, 22.5, 22.77, 22.84, 9999.0, 9999.0, 9999.0, 23.86, 9999.0, 22.57, 9999.0, 22.77, 22.5, 22.25, 22.39, 22.32
2026-09-08, 21:53:16, 22.41, 22.5, 22.77, 22.84, 9999.0, 9999.0, 9999.0, 23.82, 9999.0, 22.59, 9999.0, 22.77, 22.5, 22.25, 22.39, 22.32
2026-09-08, 21:53:20, 22.41, 22.5, 22.77, 22.84, 9999.0, 9999.0, 9999.0, 23.84, 9999.0, 22.61, 9999.0, 22.8, 22.5, 22.25, 22.39, 22.32
2026-09-08, 21:53:24, 22.41, 22.5, 22.77, 22.82, 9999.0, 9999.0, 9999.0, 23.86, 9999.0, 22.64, 9999.0, 22.8, 22.5, 22.25, 22.39, 22.32
2026-09-08, 21:53:28, 22.39, 22.5, 22.77, 22.82, 9999.0, 9999.0, 9999.0, 23.89, 9999.0, 22.66, 9999.0, 22.8, 22.5, 22.25, 22.36, 22.34
2026-09-08, 21:53:32, 22.41, 22.5, 22.77, 22.82, 9999.0, 9999.0, 9999.0, 23.91, 9999.0, 22.68, 9999.0, 22.8, 22.5, 22.25, 22.36, 22.32
2026-09-08, 21:53:36, 22.39, 22.5, 22.77, 22.8, 9999.0, 9999.0, 9999.0, 23.95, 9999.0, 22.68, 9999.0, 22.77, 22.5, 22.25, 22.36, 22.34
2026-09-08, 21:53:40, 22.36, 22.5, 22.75, 22.8, 9999.0, 9999.0, 9999.0, 23.98, 9999.0, 22.68, 9999.0, 22.75, 22.5, 22.25, 22.36, 22.32
2026-09-08, 21:53:44, 22.39, 22.5, 22.77, 22.8, 9999.0, 9999.0, 9999.0, 24.0, 9999.0, 22.66, 9999.0, 22.73, 22.5, 22.25, 22.36, 22.32
2026-09-08, 21:53:48, 22.39, 22.5, 22.77, 22.77, 9999.0, 9999.0, 9999.0, 24.02, 9999.0, 22.68, 9999.0, 22.7, 22.5, 22.25, 22.36, 22.32
2026-09-08, 21:53:52, 22.36, 22.5, 22.77, 22.77, 9999.0, 9999.0, 9999.0, 24.05, 9999.0, 22.68, 9999.0, 22.68, 22.5, 22.25, 22.36, 22.32
2026-09-08, 21:53:56, 22.36, 22.5, 22.77, 22.77, 9999.0, 9999.0, 9999.0, 24.07, 9999.0, 22.66, 9999.0, 22.68, 22.5, 22.25, 22.34, 22.32
2026-09-08, 21:54:00, 22.34, 22.5, 22.77, 22.77, 9999.0, 9999.0, 9999.0, 24.11, 9999.0, 22.64, 9999.0, 22.68, 22.5, 22.25, 22.32, 22.32
2026-09-08, 21:54:04, 22.32, 22.5, 22.77, 22.75, 9999.0, 9999.0, 9999.0, 24.09, 9999.0, 22.64, 9999.0, 22.68, 22.5, 22.25, 22.32, 22.32
2026-09-08, 21:54:08, 22.34, 22.5, 22.77, 22.75, 9999.0, 9999.0, 9999.0, 24.05, 9999.0, 22.61, 9999.0, 22.68, 22.5, 22.25, 22.34, 22.32
2026-09-08, 21:54:12, 22.34, 22.5, 22.77, 22.75, 9999.0, 9999.0, 9999.0, 24.0, 9999.0, 22.59, 9999.0, 22.7, 22.5, 22.25, 22.34, 22.3
2026-09-08, 21:54:16, 22.34, 22.5, 22.77, 22.75, 9999.0, 9999.0, 9999.0, 23.95, 9999.0, 22.59, 9999.0, 22.7, 22.5, 22.25, 22.34, 22.3
2026-09-08, 21:54:20, 22.36, 22.5, 22.77, 22.75, 9999.0, 9999.0, 9999.0, 23.91, 9999.0, 22.61, 9999.0, 22.7, 22.5, 22.25, 22.36, 22.27
2026-09-08, 21:54:24, 22.36, 22.5, 22.77, 22.75, 9999.0, 9999.0, 9999.0, 23.89, 9999.0, 22.64, 9999.0, 22.7, 22.5, 22.25, 22.34, 22.27
2026-09-08, 21:54:28, 22.34, 22.5, 22.75, 22.75, 9999.0, 9999.0, 9999.0, 23.86, 9999.0, 22.66, 9999.0, 22.73, 22.5, 22.25, 22.34, 22.27
2026-09-08, 21:54:32, 22.34, 22.5, 22.75, 22.75, 9999.0, 9999.0, 9999.0, 23.82, 9999.0, 22.66, 9999.0, 22.75, 22.5, 22.25, 22.34, 22.27
2026-09-08, 21:54:36, 22.36, 22.5, 22.75, 22.75, 9999.0, 9999.0, 9999.0, 23.77, 9999.0, 22.66, 9999.0, 22.77, 22.5, 22.25, 22.34, 22.27
2026-09-08, 21:54:41, 22.36, 22.5, 22.75, 22.75, 9999.0, 9999.0, 9999.0, 23.8, 9999.0, 22.68, 9999.0, 22.77, 22.5, 22.25, 22.34, 22.27
2026-09-08, 21:54:45, 22.36, 22.5, 22.75, 22.75, 9999.0, 9999.0, 9999.0, 23.82, 9999.0, 22.7, 9999.0, 22.77, 22.5, 22.25, 22.34, 22.27
2026-09-08, 21:54:49, 22.39, 22.5, 22.75, 22.75, 9999.0, 9999.0, 9999.0, 23.84, 9999.0, 22.7, 9999.0, 22.77, 22.5, 22.25, 22.36, 22.27
2026-09-08, 21:54:53, 22.39, 22.5, 22.75, 22.75, 9999.0, 9999.0, 9999.0, 23.89, 9999.0, 22.73, 9999.0, 22.77, 22.5, 22.25, 22.34, 22.25
2026-09-08, 21:54:57, 22.39, 22.5, 22.75, 22.75, 9999.0, 9999.0, 9999.0, 23.93, 9999.0, 22.75, 9999.0, 22.75, 22.5, 22.25, 22.34, 22.25
2026-09-08, 21:55:01, 22.39, 22.5, 22.75, 22.75, 9999.0, 9999.0, 9999.0, 23.95, 9999.0, 22.75, 9999.0, 22.73, 22.5, 22.25, 22.32, 22.25
2026-09-08, 21:55:05, 22.39, 22.5, 22.75, 22.75, 9999.0, 9999.0, 9999.0, 23.98, 9999.0, 22.73, 9999.0, 22.7, 22.5, 22.25, 22.3, 22.25
2026-09-08, 21:55:09, 22.39, 22.5, 22.75, 22.75, 9999.0, 9999.0, 9999.0, 24.0, 9999.0, 22.7, 9999.0, 22.68, 22.5, 22.25, 22.3, 22.25
2026-09-08, 21:55:13, 22.39, 22.5, 22.75, 22.75, 9999.0, 9999.0, 9999.0, 24.02, 9999.0, 22.7, 9999.0, 22.66, 22.5, 22.25, 22.3, 22.25
2026-09-08, 21:55:17, 22.41, 22.5, 22.75, 22.75, 9999.0, 9999.0, 9999.0, 24.07, 9999.0, 22.68, 9999.0, 22.66, 22.5, 22.25, 22.3, 22.25
2026-09-08, 21:55:21, 22.39, 22.5, 22.75, 22.75, 9999.0, 9999.0, 9999.0, 24.11, 9999.0, 22.66, 9999.0, 22.66, 22.5, 22.25, 22.27, 22.27
2026-09-08, 21:55:25, 22.36, 22.5, 22.75, 22.75, 9999.0, 9999.0, 9999.0, 24.09, 9999.0, 22.64, 9999.0, 22.66, 22.5, 22.25, 22.27, 22.27
2026-09-08, 21:55:29, 22.36, 22.5, 22.75, 22.75, 9999.0, 9999.0, 9999.0, 24.05, 9999.0, 22.61, 9999.0, 22.68, 22.5, 22.25, 22.3, 22.27
2026-09-08, 21:55:33, 22.36, 22.5, 22.75, 22.75, 9999.0, 9999.0, 9999.0, 24.0, 9999.0, 22.61, 9999.0, 22.68, 22.5, 22.25, 22.27, 22.27
2026-09-08, 21:55:37, 22.34, 22.5, 22.75, 22.75, 9999.0, 9999.0, 9999.0, 23.95, 9999.0, 22.61, 9999.0, 22.68, 22.5, 22.25, 22.3, 22.27
2026-09-08, 21:55:41, 22.36, 22.5, 22.75, 22.75, 9999.0, 9999.0, 9999.0, 23.91, 9999.0, 22.61, 9999.0, 22.68, 22.5, 22.25, 22.32, 22.27
2026-09-08, 21:55:45, 22.34, 22.5, 22.75, 22.75, 9999.0, 9999.0, 9999.0, 23.89, 9999.0, 22.64, 9999.0, 22.7, 22.5, 22.25, 22.32, 22.27
2026-09-08, 21:55:49, 22.34, 22.5, 22.75, 22.75, 9999.0, 9999.0, 9999.0, 23.86, 9999.0, 22.68, 9999.0, 22.73, 22.5, 22.25, 22.32, 22.3
2026-09-08, 21:55:53, 22.34, 22.5, 22.75, 22.75, 9999.0, 9999.0, 9999.0, 23.84, 9999.0, 22.73, 9999.0, 22.75, 22.5, 22.25, 22.32, 22.3
2026-09-08, 21:55:57, 22.36, 22.5, 22.75, 22.75, 9999.0, 9999.0, 9999.0, 23.89, 9999.0, 22.75, 9999.0, 22.77, 22.5, 22.25, 22.32, 22.3
2026-09-08, 21:56:01, 22.36, 22.5, 22.75, 22.75, 9999.0, 9999.0, 9999.0, 23.93, 9999.0, 22.77, 9999.0, 22.77, 22.5, 22.25, 22.32, 22.3
2026-09-08, 21:56:05, 22.36, 22.5, 22.75, 22.75, 9999.0, 9999.0, 9999.0, 23.95, 9999.0, 22.8, 9999.0, 22.77, 22.5, 22.25, 22.32, 22.27
2026-09-08, 21:56:09, 22.36, 22.5, 22.75, 22.75, 9999.0, 9999.0, 9999.0, 23.98, 9999.0, 22.82, 9999.0, 22.77, 22.5, 22.25, 22.32, 22.27
2026-09-08, 21:56:13, 22.39, 22.5, 22.75, 22.75, 9999.0, 9999.0, 9999.0, 24.02, 9999.0, 22.84, 9999.0, 22.73, 22.5, 22.25, 22.3, 22.27
2026-09-08, 21:56:17, 22.36, 22.5, 22.75, 22.75, 9999.0, 9999.0, 9999.0, 24.07, 9999.0, 22.82, 9999.0, 22.7, 22.5, 22.25, 22.32, 22.27
2026-09-08, 21:56:21, 22.36, 22.5, 22.75, 22.75, 9999.0, 9999.0, 9999.0, 24.11, 9999.0, 22.8, 9999.0, 22.7, 22.5, 22.25, 22.32, 22.27
2026-09-08, 21:56:25, 22.34, 22.5, 22.75, 22.75, 9999.0, 9999.0, 9999.0, 24.14, 9999.0, 22.8, 9999.0, 22.68, 22.5, 22.25, 22.3, 22.27
2026-09-08, 21:56:29, 22.36, 22.5, 22.75, 22.75, 9999.0, 9999.0, 9999.0, 24.16, 9999.0, 22.75, 9999.0, 22.68, 22.5, 22.25, 22.3, 22.27
2026-09-08, 21:56:33, 22.36, 22.5, 22.75, 22.75, 9999.0, 9999.0, 9999.0, 24.18, 9999.0, 22.7, 9999.0, 22.68, 22.5, 22.25, 22.3, 22.25
2026-09-08, 21:56:37, 22.39, 22.5, 22.75, 22.75, 9999.0, 9999.0, 9999.0, 24.2, 9999.0, 22.66, 9999.0, 22.68, 22.5, 22.25, 22.3, 22.25
2026-09-08, 21:56:41, 22.39, 22.5, 22.75, 22.75, 9999.0, 9999.0, 9999.0, 24.16, 9999.0, 22.61, 9999.0, 22.68, 22.5, 22.25, 22.3, 22.25
2026-09-08, 21:56:45, 22.39, 22.5, 22.75, 22.75, 9999.0, 9999.0, 9999.0, 24.11, 9999.0, 22.59, 9999.0, 22.68, 22.5, 22.25, 22.32, 22.25
2026-09-08, 21:56:49, 22.39, 22.5, 22.75, 22.75, 9999.0, 9999.0, 9999.0, 24.07, 9999.0, 22.57, 9999.0, 22.68, 22.5, 22.25, 22.32, 22.25
2026-09-08, 21:56:53, 22.39, 22.5, 22.75, 22.75, 9999.0, 9999.0, 9999.0, 24.02, 9999.0, 22.57, 9999.0, 22.68, 22.5, 22.25, 22.32, 22.25
2026-09-08, 21:56:57, 22.36, 22.5, 22.75, 22.75, 9999.0, 9999.0, 9999.0, 23.98, 9999.0, 22.57, 9999.0, 22.7, 22.5, 22.25, 22.32, 22.25
2026-09-08, 21:57:01, 22.36, 22.5, 22.75, 22.75, 9999.0, 9999.0, 9999.0, 23.93, 9999.0, 22.59, 9999.0, 22.73, 22.5, 22.25, 22.3, 22.25
2026-09-08, 21:57:05, 22.36, 22.5, 22.75, 22.75, 9999.0, 9999.0, 9999.0, 23.86, 9999.0, 22.64, 9999.0, 22.73, 22.5, 22.25, 22.27, 22.25
2026-09-08, 21:57:09, 22.39, 22.5, 22.75, 22.75, 9999.0, 9999.0, 9999.0, 23.82, 9999.0, 22.64, 9999.0, 22.75, 22.5, 22.25, 22.3, 22.25
2026-09-08, 21:57:13, 22.39, 22.5, 22.75, 22.75, 9999.0, 9999.0, 9999.0, 23.84, 9999.0, 22.66, 9999.0, 22.75, 22.5, 22.25, 22.32, 22.25
2026-09-08, 21:57:17, 22.36, 22.5, 22.75, 22.75, 9999.0, 9999.0, 9999.0, 23.86, 9999.0, 22.68, 9999.0, 22.75, 22.5, 22.25, 22.32, 22.25
2026-09-08, 21:57:21, 22.34, 22.5, 22.75, 22.75, 9999.0, 9999.0, 9999.0, 23.89, 9999.0, 22.68, 9999.0, 22.75, 22.5, 22.25, 22.32, 22.25
2026-09-08, 21:57:25, 22.34, 22.5, 22.75, 22.75, 9999.0, 9999.0, 9999.0, 23.91, 9999.0, 22.7, 9999.0, 22.75, 22.5, 22.25, 22.32, 22.25
2026-09-08, 21:57:29, 22.34, 22.5, 22.75, 22.75, 9999.0, 9999.0, 9999.0, 23.93, 9999.0, 22.7, 9999.0, 22.73, 22.5, 22.25, 22.3, 22.25
2026-09-08, 21:57:33, 22.34, 22.5, 22.75, 22.75, 9999.0, 9999.0, 9999.0, 23.98, 9999.0, 22.7, 9999.0, 22.73, 22.5, 22.25, 22.3, 22.25
2026-09-08, 21:57:37, 22.34, 22.5, 22.75, 22.75, 9999.0, 9999.0, 9999.0, 24.02, 9999.0, 22.68, 9999.0, 22.73, 22.5, 22.25, 22.3, 22.25
2026-09-08, 21:57:41, 22.34, 22.5, 22.75, 22.75, 9999.0, 9999.0, 9999.0, 24.05, 9999.0, 22.66, 9999.0, 22.7, 22.5, 22.25, 22.3, 22.25
2026-09-08, 21:57:45, 22.34, 22.5, 22.75, 22.75, 9999.0, 9999.0, 9999.0, 24.07, 9999.0, 22.64, 9999.0, 22.68, 22.5, 22.25, 22.3, 22.25
2026-09-08, 21:57:49, 22.34, 22.5, 22.75, 22.75, 9999.0, 9999.0, 9999.0, 24.11, 9999.0, 22.59, 9999.0, 22.66, 22.5, 22.25, 22.3, 22.25
2026-09-08, 21:57:53, 22.32, 22.5, 22.75, 22.75, 9999.0, 9999.0, 9999.0, 24.16, 9999.0, 22.57, 9999.0, 22.66, 22.5, 22.25, 22.3, 22.25
2026-09-08, 21:57:57, 22.3, 22.5, 22.75, 22.75, 9999.0, 9999.0, 9999.0, 24.11, 9999.0, 22.55, 9999.0, 22.66, 22.5, 22.25, 22.27, 22.25
2026-09-08, 21:58:01, 22.3, 22.5, 22.75, 22.75, 9999.0, 9999.0, 9999.0, 24.07, 9999.0, 22.5, 9999.0, 22.68, 22.5, 22.25, 22.27, 22.25
2026-09-08, 21:58:05, 22.3, 22.5, 22.75, 22.75, 9999.0, 9999.0, 9999.0, 24.02, 9999.0, 22.5, 9999.0, 22.68, 22.5, 22.25, 22.27, 22.25
2026-09-08, 21:58:09, 22.27, 22.5, 22.75, 22.75, 9999.0, 9999.0, 9999.0, 23.98, 9999.0, 22.48, 9999.0, 22.68, 22.5, 22.25, 22.27, 22.27
2026-09-08, 21:58:13, 22.25, 22.5, 22.75, 22.75, 9999.0, 9999.0, 9999.0, 23.93, 9999.0, 22.48, 9999.0, 22.7, 22.5, 22.25, 22.27, 22.27
2026-09-08, 21:58:17, 22.25, 22.5, 22.75, 22.75, 9999.0, 9999.0, 9999.0, 23.89, 9999.0, 22.48, 9999.0, 22.7, 22.5, 22.25, 22.27, 22.27
2026-09-08, 21:58:21, 22.27, 22.5, 22.75, 22.75, 9999.0, 9999.0, 9999.0, 23.82, 9999.0, 22.5, 9999.0, 22.7, 22.5, 22.25, 22.27, 22.27
2026-09-08, 21:58:25, 22.3, 22.5, 22.75, 22.75, 9999.0, 9999.0, 9999.0, 23.8, 9999.0, 22.52, 9999.0, 22.73, 22.5, 22.25, 22.3, 22.27
2026-09-08, 21:58:29, 22.3, 22.5, 22.75, 22.75, 9999.0, 9999.0, 9999.0, 23.77, 9999.0, 22.55, 9999.0, 22.75, 22.5, 22.25, 22.32, 22.27
2026-09-08, 21:58:34, 22.3, 22.5, 22.75, 22.75, 9999.0, 9999.0, 9999.0, 23.8, 9999.0, 22.57, 9999.0, 22.77, 22.5, 22.25, 22.32, 22.27
2026-09-08, 21:58:38, 22.3, 22.5, 22.75, 22.75, 9999.0, 9999.0, 9999.0, 23.82, 9999.0, 22.57, 9999.0, 22.77, 22.5, 22.25, 22.3, 22.27
2026-09-08, 21:58:42, 22.32, 22.5, 22.75, 22.75, 9999.0, 9999.0, 9999.0, 23.86, 9999.0, 22.57, 9999.0, 22.77, 22.5, 22.25, 22.3, 22.27
2026-09-08, 21:58:46, 22.32, 22.5, 22.75, 22.75, 9999.0, 9999.0, 9999.0, 23.91, 9999.0, 22.59, 9999.0, 22.75, 22.5, 22.25, 22.3, 22.27
2026-09-08, 21:58:50, 22.32, 22.5, 22.75, 22.75, 9999.0, 9999.0, 9999.0, 23.93, 9999.0, 22.59, 9999.0, 22.75, 22.5, 22.25, 22.3, 22.27
2026-09-08, 21:58:54, 22.32, 22.5, 22.75, 22.75, 9999.0, 9999.0, 9999.0, 23.95, 9999.0, 22.59, 9999.0, 22.75, 22.5, 22.25, 22.3, 22.25
2026-09-08, 21:58:58, 22.32, 22.5, 22.75, 22.75, 9999.0, 9999.0, 9999.0, 23.95, 9999.0, 22.59, 9999.0, 22.73, 22.5, 22.25, 22.32, 22.25
2026-09-08, 21:59:02, 22.32, 22.5, 22.75, 22.75, 9999.0, 9999.0, 9999.0, 23.98, 9999.0, 22.59, 9999.0, 22.73, 22.5, 22.25, 22.32, 22.25
2026-09-08, 21:59:06, 22.3, 22.5, 22.75, 22.75, 9999.0, 9999.0, 9999.0, 24.02, 9999.0, 22.57, 9999.0, 22.7, 22.5, 22.25, 22.32, 22.25
2026-09-08, 21:59:10, 22.27, 22.5, 22.75, 22.75, 9999.0, 9999.0, 9999.0, 24.05, 9999.0, 22.55, 9999.0, 22.7, 22.5, 22.25, 22.3, 22.25
2026-09-08, 21:59:14, 22.3, 22.5, 22.75, 22.75, 9999.0, 9999.0, 9999.0, 24.05, 9999.0, 22.52, 9999.0, 22.7, 22.5, 22.25, 22.27, 22.25
2026-09-08, 21:59:18, 22.3, 22.5, 22.75, 22.75, 9999.0, 9999.0, 9999.0, 24.0, 9999.0, 22.48, 9999.0, 22.7, 22.5, 22.25, 22.27, 22.25
2026-09-08, 21:59:22, 22.3, 22.5, 22.75, 22.75, 9999.0, 9999.0, 9999.0, 23.95, 9999.0, 22.45, 9999.0, 22.7, 22.5, 22.25, 22.27, 22.25
2026-09-08, 21:59:26, 22.27, 22.5, 22.75, 22.75, 9999.0, 9999.0, 9999.0, 23.91, 9999.0, 22.43, 9999.0, 22.7, 22.5, 22.25, 22.27, 22.25
2026-09-08, 21:59:30, 22.27, 22.5, 22.75, 22.75, 9999.0, 9999.0, 9999.0, 23.86, 9999.0, 22.45, 9999.0, 22.7, 22.5, 22.25, 22.27, 22.25
2026-09-08, 21:59:34, 22.3, 22.5, 22.75, 22.75, 9999.0, 9999.0, 9999.0, 23.84, 9999.0, 22.45, 9999.0, 22.7, 22.5, 22.25, 22.27, 22.25
2026-09-08, 21:59:38, 22.3, 22.5, 22.75, 22.75, 9999.0, 9999.0, 9999.0, 23.8, 9999.0, 22.45, 9999.0, 22.7, 22.5, 22.25, 22.27, 22.25
2026-09-08, 21:59:42, 22.3, 22.5, 22.75, 22.75, 9999.0, 9999.0, 9999.0, 23.77, 9999.0, 22.48, 9999.0, 22.73, 22.5, 22.25, 22.25, 22.25
2026-09-08, 21:59:46, 22.32, 22.5, 22.75, 22.75, 9999.0, 9999.0, 9999.0, 23.73, 9999.0, 22.5, 9999.0, 22.73, 22.5, 22.25, 22.27, 22.25
2026-09-08, 21:59:50, 22.32, 22.5, 22.75, 22.75, 9999.0, 9999.0, 9999.0, 23.75, 9999.0, 22.52, 9999.0, 22.75, 22.5, 22.25, 22.27, 22.25
2026-09-08, 21:59:54, 22.32, 22.5, 22.75, 22.75, 9999.0, 9999.0, 9999.0, 23.77, 9999.0, 22.55, 9999.0, 22.75, 22.5, 22.27, 22.27, 22.25
2026-09-08, 21:59:58, 22.3, 22.5, 22.75, 22.75, 9999.0, 9999.0, 9999.0, 23.82, 9999.0, 22.55, 9999.0, 22.75, 22.5, 22.27, 22.27, 22.25
2026-09-08, 22:00:02, 22.3, 22.5, 22.75, 22.75, 9999.0, 9999.0, 9999.0, 23.86, 9999.0, 22.57, 9999.0, 22.75, 22.5, 22.27, 22.27, 22.25
2026-09-08, 22:00:06, 22.3, 22.5, 22.75, 22.75, 9999.0, 9999.0, 9999.0, 23.91, 9999.0, 22.59, 9999.0, 22.75, 22.5, 22.27, 22.27, 22.25
2026-09-08, 22:00:10, 22.3, 22.5, 22.75, 22.75, 9999.0, 9999.0, 9999.0, 23.93, 9999.0, 22.61, 9999.0, 22.73, 22.5, 22.27, 22.27, 22.25
2026-09-08, 22:00:14, 22.3, 22.5, 22.75, 22.75, 9999.0, 9999.0, 9999.0, 23.95, 9999.0, 22.59, 9999.0, 22.7, 22.5, 22.27, 22.27, 22.25
2026-09-08, 22:00:18, 22.27, 22.5, 22.75, 22.75, 9999.0, 9999.0, 9999.0, 23.98, 9999.0, 22.59, 9999.0, 22.68, 22.5, 22.27, 22.3, 22.25
2026-09-08, 22:00:22, 22.27, 22.5, 22.75, 22.75, 9999.0, 9999.0, 9999.0, 24.02, 9999.0, 22.59, 9999.0, 22.66, 22.5, 22.27, 22.3, 22.25
2026-09-08, 22:00:26, 22.27, 22.5, 22.75, 22.75, 9999.0, 9999.0, 9999.0, 24.07, 9999.0, 22.55, 9999.0, 22.66, 22.5, 22.27, 22.32, 22.25
2026-09-08, 22:00:30, 22.25, 22.5, 22.75, 22.75, 9999.0, 9999.0, 9999.0, 24.11, 9999.0, 22.52, 9999.0, 22.66, 22.5, 22.27, 22.3, 22.25
2026-09-08, 22:00:34, 22.25, 22.5, 22.75, 22.75, 9999.0, 9999.0, 9999.0, 24.09, 9999.0, 22.5, 9999.0, 22.66, 22.5, 22.27, 22.3, 22.27
2026-09-08, 22:00:38, 22.25, 22.5, 22.75, 22.75, 9999.0, 9999.0, 9999.0, 24.07, 9999.0, 22.45, 9999.0, 22.68, 22.5, 22.27, 22.3, 22.27
2026-09-08, 22:00:42, 22.27, 22.5, 22.75, 22.75, 9999.0, 9999.0, 9999.0, 24.02, 9999.0, 22.43, 9999.0, 22.7, 22.5, 22.27, 22.32, 22.27
2026-09-08, 22:00:46, 22.3, 22.5, 22.75, 22.75, 9999.0, 9999.0, 9999.0, 23.98, 9999.0, 22.43, 9999.0, 22.7, 22.5, 22.27, 22.32, 22.3
2026-09-08, 22:00:50, 22.3, 22.5, 22.75, 22.75, 9999.0, 9999.0, 9999.0, 23.93, 9999.0, 22.43, 9999.0, 22.7, 22.5, 22.27, 22.32, 22.3
2026-09-08, 22:00:55, 22.3, 22.5, 22.75, 22.75, 9999.0, 9999.0, 9999.0, 23.89, 9999.0, 22.43, 9999.0, 22.73, 22.52, 22.27, 22.32, 22.3
2026-09-08, 22:00:59, 22.32, 22.5, 22.75, 22.75, 9999.0, 9999.0, 9999.0, 23.86, 9999.0, 22.43, 9999.0, 22.75, 22.52, 22.27, 22.32, 22.3
2026-09-08, 22:01:03, 22.34, 22.5, 22.75, 22.75, 9999.0, 9999.0, 9999.0, 23.82, 9999.0, 22.45, 9999.0, 22.77, 22.52, 22.27, 22.3, 22.3
2026-09-08, 22:01:07, 22.34, 22.5, 22.75, 22.75, 9999.0, 9999.0, 9999.0, 23.84, 9999.0, 22.48, 9999.0, 22.8, 22.52, 22.27, 22.3, 22.3
2026-09-08, 22:01:11, 22.34, 22.5, 22.75, 22.75, 9999.0, 9999.0, 9999.0, 23.86, 9999.0, 22.5, 9999.0, 22.8, 22.52, 22.27, 22.27, 22.3
2026-09-08, 22:01:15, 22.34, 22.5, 22.75, 22.75, 9999.0, 9999.0, 9999.0, 23.89, 9999.0, 22.52, 9999.0, 22.8, 22.52, 22.27, 22.3, 22.3
2026-09-08, 22:01:19, 22.34, 22.5, 22.75, 22.75, 9999.0, 9999.0, 9999.0, 23.91, 9999.0, 22.52, 9999.0, 22.8, 22.52, 22.27, 22.3, 22.27
2026-09-08, 22:01:23, 22.34, 22.5, 22.75, 22.75, 9999.0, 9999.0, 9999.0, 23.93, 9999.0, 22.55, 9999.0, 22.77, 22.52, 22.25, 22.32, 22.27
2026-09-08, 22:01:27, 22.32, 22.5, 22.75, 22.75, 9999.0, 9999.0, 9999.0, 23.95, 9999.0, 22.57, 9999.0, 22.73, 22.52, 22.25, 22.32, 22.27
2026-09-08, 22:01:31, 22.3, 22.5, 22.75, 22.75, 9999.0, 9999.0, 9999.0, 23.98, 9999.0, 22.57, 9999.0, 22.73, 22.52, 22.25, 22.34, 22.25
2026-09-08, 22:01:35, 22.3, 22.5, 22.75, 22.75, 9999.0, 9999.0, 9999.0, 23.98, 9999.0, 22.57, 9999.0, 22.73, 22.52, 22.25, 22.34, 22.25
2026-09-08, 22:01:39, 22.32, 22.5, 22.75, 22.75, 9999.0, 9999.0, 9999.0, 24.02, 9999.0, 22.57, 9999.0, 22.7, 22.5, 22.25, 22.34, 22.25
2026-09-08, 22:01:43, 22.3, 22.5, 22.75, 22.75, 9999.0, 9999.0, 9999.0, 24.05, 9999.0, 22.57, 9999.0, 22.7, 22.5, 22.25, 22.34, 22.25
2026-09-08, 22:01:47, 22.27, 22.5, 22.75, 22.75, 9999.0, 9999.0, 9999.0, 24.09, 9999.0, 22.55, 9999.0, 22.7, 22.5, 22.25, 22.34, 22.25
2026-09-08, 22:01:51, 22.27, 22.5, 22.75, 22.75, 9999.0, 9999.0, 9999.0, 24.07, 9999.0, 22.52, 9999.0, 22.7, 22.5, 22.25, 22.34, 22.25
2026-09-08, 22:01:55, 22.27, 22.5, 22.75, 22.75, 9999.0, 9999.0, 9999.0, 24.02, 9999.0, 22.52, 9999.0, 22.73, 22.5, 22.25, 22.34, 22.25
2026-09-08, 22:01:59, 22.27, 22.5, 22.75, 22.75, 9999.0, 9999.0, 9999.0, 23.98, 9999.0, 22.48, 9999.0, 22.73, 22.5, 22.25, 22.32, 22.25
2026-09-08, 22:02:03, 22.27, 22.5, 22.75, 22.75, 9999.0, 9999.0, 9999.0, 23.93, 9999.0, 22.45, 9999.0, 22.73, 22.5, 22.25, 22.32, 22.25
2026-09-08, 22:02:07, 22.27, 22.5, 22.75, 22.75, 9999.0, 9999.0, 9999.0, 23.89, 9999.0, 22.45, 9999.0, 22.73, 22.5, 22.25, 22.3, 22.25
2026-09-08, 22:02:11, 22.27, 22.5, 22.75, 22.75, 9999.0, 9999.0, 9999.0, 23.86, 9999.0, 22.45, 9999.0, 22.75, 22.5, 22.25, 22.3, 22.25
2026-09-08, 22:02:15, 22.27, 22.5, 22.75, 22.75, 9999.0, 9999.0, 9999.0, 23.82, 9999.0, 22.48, 9999.0, 22.75, 22.5, 22.25, 22.27, 22.25
2026-09-08, 22:02:19, 22.3, 22.5, 22.75, 22.75, 9999.0, 9999.0, 9999.0, 23.8, 9999.0, 22.5, 9999.0, 22.75, 22.5, 22.25, 22.3, 22.25
2026-09-08, 22:02:23, 22.27, 22.5, 22.75, 22.75, 9999.0, 9999.0, 9999.0, 23.75, 9999.0, 22.52, 9999.0, 22.77, 22.5, 22.25, 22.3, 22.25
2026-09-08, 22:02:27, 22.27, 22.5, 22.75, 22.75, 9999.0, 9999.0, 9999.0, 23.77, 9999.0, 22.52, 9999.0, 22.77, 22.5, 22.25, 22.3, 22.25
2026-09-08, 22:02:31, 22.3, 22.5, 22.75, 22.75, 9999.0, 9999.0, 9999.0, 23.8, 9999.0, 22.52, 9999.0, 22.77, 22.5, 22.25, 22.3, 22.25
2026-09-08, 22:02:35, 22.3, 22.5, 22.75, 22.75, 9999.0, 9999.0, 9999.0, 23.82, 9999.0, 22.52, 9999.0, 22.77, 22.5, 22.25, 22.3, 22.25
2026-09-08, 22:02:39, 22.3, 22.5, 22.75, 22.75, 9999.0, 9999.0, 9999.0, 23.86, 9999.0, 22.52, 9999.0, 22.75, 22.5, 22.25, 22.3, 22.25
2026-09-08, 22:02:43, 22.3, 22.5, 22.75, 22.75, 9999.0, 9999.0, 9999.0, 23.89, 9999.0, 22.55, 9999.0, 22.75, 22.5, 22.25, 22.32, 22.25
2026-09-08, 22:02:47, 22.3, 22.5, 22.75, 22.75, 9999.0, 9999.0, 9999.0, 23.89, 9999.0, 22.57, 9999.0, 22.73, 22.5, 22.25, 22.32, 22.25
2026-09-08, 22:02:51, 22.3, 22.5, 22.75, 22.75, 9999.0, 9999.0, 9999.0, 23.91, 9999.0, 22.57, 9999.0, 22.7, 22.5, 22.25, 22.32, 22.25
2026-09-08, 22:02:55, 22.32, 22.5, 22.75, 22.75, 9999.0, 9999.0, 9999.0, 23.93, 9999.0, 22.57, 9999.0, 22.68, 22.5, 22.25, 22.3, 22.25
2026-09-08, 22:02:59, 22.32, 22.5, 22.75, 22.75, 9999.0, 9999.0, 9999.0, 23.98, 9999.0, 22.55, 9999.0, 22.66, 22.5, 22.25, 22.3, 22.25
2026-09-08, 22:03:03, 22.3, 22.5, 22.75, 22.75, 9999.0, 9999.0, 9999.0, 24.02, 9999.0, 22.52, 9999.0, 22.66, 22.5, 22.25, 22.27, 22.27
2026-09-08, 22:03:07, 22.3, 22.5, 22.75, 22.75, 9999.0, 9999.0, 9999.0, 24.07, 9999.0, 22.48, 9999.0, 22.66, 22.5, 22.25, 22.27, 22.27
2026-09-08, 22:03:11, 22.3, 22.5, 22.75, 22.75, 9999.0, 9999.0, 9999.0, 24.02, 9999.0, 22.45, 9999.0, 22.66, 22.5, 22.25, 22.27, 22.27
2026-09-08, 22:03:15, 22.3, 22.5, 22.75, 22.75, 9999.0, 9999.0, 9999.0, 23.98, 9999.0, 22.43, 9999.0, 22.68, 22.5, 22.25, 22.27, 22.27
2026-09-08, 22:03:19, 22.3, 22.5, 22.75, 22.75, 9999.0, 9999.0, 9999.0, 23.93, 9999.0, 22.39, 9999.0, 22.68, 22.5, 22.25, 22.27, 22.27
2026-09-08, 22:03:23, 22.3, 22.5, 22.75, 22.75, 9999.0, 9999.0, 9999.0, 23.89, 9999.0, 22.39, 9999.0, 22.68, 22.5, 22.25, 22.27, 22.3
2026-09-08, 22:03:27, 22.32, 22.5, 22.75, 22.75, 9999.0, 9999.0, 9999.0, 23.84, 9999.0, 22.39, 9999.0, 22.68, 22.5, 22.25, 22.27, 22.3
2026-09-08, 22:03:31, 22.32, 22.5, 22.75, 22.75, 9999.0, 9999.0, 9999.0, 23.82, 9999.0, 22.39, 9999.0, 22.7, 22.5, 22.25, 22.27, 22.3
2026-09-08, 22:03:35, 22.32, 22.5, 22.75, 22.75, 9999.0, 9999.0, 9999.0, 23.77, 9999.0, 22.39, 9999.0, 22.73, 22.5, 22.25, 22.27, 22.3
2026-09-08, 22:03:39, 22.3, 22.5, 22.75, 22.75, 9999.0, 9999.0, 9999.0, 23.73, 9999.0, 22.39, 9999.0, 22.75, 22.5, 22.27, 22.27, 22.3
2026-09-08, 22:03:43, 22.3, 22.5, 22.75, 22.75, 9999.0, 9999.0, 9999.0, 23.75, 9999.0, 22.39, 9999.0, 22.77, 22.5, 22.27, 22.27, 22.3
2026-09-08, 22:03:47, 22.3, 22.5, 22.75, 22.75, 9999.0, 9999.0, 9999.0, 23.77, 9999.0, 22.39, 9999.0, 22.77, 22.5, 22.27, 22.27, 22.27
2026-09-08, 22:03:51, 22.32, 22.5, 22.75, 22.75, 9999.0, 9999.0, 9999.0, 23.8, 9999.0, 22.41, 9999.0, 22.77, 22.5, 22.27, 22.27, 22.27
2026-09-08, 22:03:55, 22.34, 22.5, 22.75, 22.75, 9999.0, 9999.0, 9999.0, 23.84, 9999.0, 22.43, 9999.0, 22.77, 22.5, 22.27, 22.27, 22.27
2026-09-08, 22:03:59, 22.32, 22.5, 22.75, 22.75, 9999.0, 9999.0, 9999.0, 23.86, 9999.0, 22.43, 9999.0, 22.75, 22.5, 22.27, 22.27, 22.27
2026-09-08, 22:04:03, 22.32, 22.5, 22.75, 22.75, 9999.0, 9999.0, 9999.0, 23.89, 9999.0, 22.45, 9999.0, 22.75, 22.5, 22.27, 22.27, 22.27
2026-09-08, 22:04:07, 22.32, 22.5, 22.75, 22.75, 9999.0, 9999.0, 9999.0, 23.91, 9999.0, 22.43, 9999.0, 22.75, 22.5, 22.27, 22.27, 22.25
2026-09-08, 22:04:11, 22.3, 22.5, 22.75, 22.75, 9999.0, 9999.0, 9999.0, 23.95, 9999.0, 22.41, 9999.0, 22.73, 22.5, 22.27, 22.25, 22.25
2026-09-08, 22:04:15, 22.3, 22.5, 22.75, 22.75, 9999.0, 9999.0, 9999.0, 24.0, 9999.0, 22.39, 9999.0, 22.7, 22.5, 22.27, 22.25, 22.27
2026-09-08, 22:04:19, 22.3, 22.5, 22.75, 22.75, 9999.0, 9999.0, 9999.0, 24.02, 9999.0, 22.36, 9999.0, 22.7, 22.5, 22.27, 22.25, 22.27
2026-09-08, 22:04:23, 22.3, 22.5, 22.75, 22.75, 9999.0, 9999.0, 9999.0, 24.05, 9999.0, 22.34, 9999.0, 22.7, 22.5, 22.25, 22.25, 22.27
2026-09-08, 22:04:28, 22.32, 22.5, 22.75, 22.75, 9999.0, 9999.0, 9999.0, 24.0, 9999.0, 22.32, 9999.0, 22.7, 22.5, 22.25, 22.25, 22.27
2026-09-08, 22:04:32, 22.32, 22.5, 22.75, 22.75, 9999.0, 9999.0, 9999.0, 23.95, 9999.0, 22.3, 9999.0, 22.73, 22.5, 22.25, 22.25, 22.27
2026-09-08, 22:04:36, 22.32, 22.5, 22.75, 22.75, 9999.0, 9999.0, 9999.0, 23.91, 9999.0, 22.27, 9999.0, 22.75, 22.5, 22.25, 22.25, 22.27
2026-09-08, 22:04:40, 22.3, 22.5, 22.75, 22.75, 9999.0, 9999.0, 9999.0, 23.86, 9999.0, 22.23, 9999.0, 22.75, 22.5, 22.25, 22.27, 22.27
2026-09-08, 22:04:44, 22.3, 22.5, 22.75, 22.75, 9999.0, 9999.0, 9999.0, 23.82, 9999.0, 22.25, 9999.0, 22.75, 22.5, 22.25, 22.27, 22.27
2026-09-08, 22:04:48, 22.3, 22.5, 22.75, 22.75, 9999.0, 9999.0, 9999.0, 23.77, 9999.0, 22.25, 9999.0, 22.75, 22.5, 22.25, 22.27, 22.27
2026-09-08, 22:04:52, 22.3, 22.5, 22.75, 22.75, 9999.0, 9999.0, 9999.0, 23.73, 9999.0, 22.27, 9999.0, 22.75, 22.5, 22.25, 22.27, 22.3
2026-09-08, 22:04:56, 22.3, 22.5, 22.75, 22.75, 9999.0, 9999.0, 9999.0, 23.68, 9999.0, 22.3, 9999.0, 22.77, 22.5, 22.25, 22.3, 22.3
2026-09-08, 22:05:00, 22.3, 22.5, 22.75, 22.75, 9999.0, 9999.0, 9999.0, 23.64, 9999.0, 22.32, 9999.0, 22.8, 22.5, 22.25, 22.3, 22.27
2026-09-08, 22:05:04, 22.32, 22.5, 22.75, 22.75, 9999.0, 9999.0, 9999.0, 23.68, 9999.0, 22.34, 9999.0, 22.8, 22.5, 22.25, 22.3, 22.3
2026-09-08, 22:05:08, 22.32, 22.5, 22.75, 22.75, 9999.0, 9999.0, 9999.0, 23.7, 9999.0, 22.36, 9999.0, 22.8, 22.5, 22.25, 22.3, 22.3
2026-09-08, 22:05:12, 22.3, 22.5, 22.75, 22.75, 9999.0, 9999.0, 9999.0, 23.73, 9999.0, 22.36, 9999.0, 22.8, 22.5, 22.25, 22.3, 22.32
2026-09-08, 22:05:16, 22.32, 22.5, 22.75, 22.75, 9999.0, 9999.0, 9999.0, 23.75, 9999.0, 22.36, 9999.0, 22.77, 22.5, 22.25, 22.32, 22.34
2026-09-08, 22:05:20, 22.3, 22.5, 22.75, 22.75, 9999.0, 9999.0, 9999.0, 23.75, 9999.0, 22.36, 9999.0, 22.73, 22.5, 22.25, 22.32, 22.34
2026-09-08, 22:05:24, 22.3, 22.5, 22.75, 22.75, 9999.0, 9999.0, 9999.0, 23.77, 9999.0, 22.39, 9999.0, 22.7, 22.5, 22.25, 22.3, 22.34
2026-09-08, 22:05:28, 22.3, 22.5, 22.75, 22.75, 9999.0, 9999.0, 9999.0, 23.8, 9999.0, 22.36, 9999.0, 22.7, 22.5, 22.25, 22.3, 22.34
2026-09-08, 22:05:32, 22.3, 22.5, 22.75, 22.75, 9999.0, 9999.0, 9999.0, 23.84, 9999.0, 22.36, 9999.0, 22.7, 22.5, 22.27, 22.3, 22.34
2026-09-08, 22:05:36, 22.32, 22.5, 22.75, 22.75, 9999.0, 9999.0, 9999.0, 23.89, 9999.0, 22.34, 9999.0, 22.68, 22.5, 22.3, 22.3, 22.32
2026-09-08, 22:05:40, 22.34, 22.5, 22.75, 22.75, 9999.0, 9999.0, 9999.0, 23.93, 9999.0, 22.32, 9999.0, 22.68, 22.5, 22.3, 22.27, 22.34
2026-09-08, 22:05:44, 22.36, 22.5, 22.75, 22.75, 9999.0, 9999.0, 9999.0, 23.95, 9999.0, 22.3, 9999.0, 22.68, 22.5, 22.3, 22.27, 22.34
2026-09-08, 22:05:48, 22.34, 22.5, 22.75, 22.75, 9999.0, 9999.0, 9999.0, 23.91, 9999.0, 22.27, 9999.0, 22.68, 22.5, 22.3, 22.27, 22.32
2026-09-08, 22:05:52, 22.34, 22.5, 22.75, 22.75, 9999.0, 9999.0, 9999.0, 23.89, 9999.0, 22.25, 9999.0, 22.7, 22.5, 22.3, 22.3, 22.32
2026-09-08, 22:05:56, 22.36, 22.5, 22.75, 22.75, 9999.0, 9999.0, 9999.0, 23.86, 9999.0, 22.23, 9999.0, 22.73, 22.5, 22.3, 22.3, 22.32
2026-09-08, 22:06:00, 22.34, 22.5, 22.75, 22.75, 9999.0, 9999.0, 9999.0, 23.84, 9999.0, 22.23, 9999.0, 22.73, 22.5, 22.3, 22.3, 22.3
2026-09-08, 22:06:04, 22.34, 22.5, 22.75, 22.75, 9999.0, 9999.0, 9999.0, 23.84, 9999.0, 22.23, 9999.0, 22.75, 22.5, 22.3, 22.32, 22.3
2026-09-08, 22:06:08, 22.34, 22.5, 22.75, 22.75, 9999.0, 9999.0, 9999.0, 23.8, 9999.0, 22.23, 9999.0, 22.77, 22.5, 22.3, 22.32, 22.3
2026-09-08, 22:06:12, 22.34, 22.5, 22.75, 22.75, 9999.0, 9999.0, 9999.0, 23.77, 9999.0, 22.25, 9999.0, 22.77, 22.5, 22.3, 22.34, 22.32
2026-09-08, 22:06:16, 22.34, 22.5, 22.75, 22.75, 9999.0, 9999.0, 9999.0, 23.73, 9999.0, 22.27, 9999.0, 22.77, 22.5, 22.27, 22.34, 22.32
2026-09-08, 22:06:20, 22.32, 22.5, 22.75, 22.75, 9999.0, 9999.0, 9999.0, 23.75, 9999.0, 22.3, 9999.0, 22.8, 22.5, 22.25, 22.36, 22.34
2026-09-08, 22:06:24, 22.3, 22.5, 22.75, 22.75, 9999.0, 9999.0, 9999.0, 23.77, 9999.0, 22.32, 9999.0, 22.8, 22.5, 22.25, 22.36, 22.34
2026-09-08, 22:06:28, 22.3, 22.5, 22.75, 22.75, 9999.0, 9999.0, 9999.0, 23.82, 9999.0, 22.34, 9999.0, 22.8, 22.5, 22.25, 22.39, 22.34
2026-09-08, 22:06:32, 22.3, 22.5, 22.75, 22.75, 9999.0, 9999.0, 9999.0, 23.84, 9999.0, 22.34, 9999.0, 22.8, 22.5, 22.25, 22.41, 22.34
2026-09-08, 22:06:36, 22.3, 22.5, 22.75, 22.75, 9999.0, 9999.0, 9999.0, 23.89, 9999.0, 22.34, 9999.0, 22.77, 22.5, 22.25, 22.41, 22.36
2026-09-08, 22:06:40, 22.27, 22.5, 22.75, 22.75, 9999.0, 9999.0, 9999.0, 23.91, 9999.0, 22.36, 9999.0, 22.75, 22.5, 22.25, 22.43, 22.34
2026-09-08, 22:06:44, 22.27, 22.5, 22.75, 22.75, 9999.0, 9999.0, 9999.0, 23.93, 9999.0, 22.36, 9999.0, 22.73, 22.5, 22.25, 22.41, 22.34
2026-09-08, 22:06:48, 22.27, 22.5, 22.75, 22.75, 9999.0, 9999.0, 9999.0, 23.93, 9999.0, 22.36, 9999.0, 22.7, 22.5, 22.25, 22.41, 22.36
2026-09-08, 22:06:52, 22.27, 22.5, 22.75, 22.75, 9999.0, 9999.0, 9999.0, 23.95, 9999.0, 22.36, 9999.0, 22.68, 22.5, 22.25, 22.41, 22.36
2026-09-08, 22:06:56, 22.27, 22.5, 22.75, 22.75, 9999.0, 9999.0, 9999.0, 23.98, 9999.0, 22.34, 9999.0, 22.66, 22.5, 22.25, 22.41, 22.34
2026-09-08, 22:07:00, 22.3, 22.5, 22.75, 22.75, 9999.0, 9999.0, 9999.0, 24.0, 9999.0, 22.32, 9999.0, 22.66, 22.5, 22.25, 22.43, 22.34
2026-09-08, 22:07:04, 22.3, 22.5, 22.75, 22.75, 9999.0, 9999.0, 9999.0, 23.95, 9999.0, 22.27, 9999.0, 22.66, 22.5, 22.25, 22.43, 22.32
2026-09-08, 22:07:08, 22.3, 22.5, 22.75, 22.75, 9999.0, 9999.0, 9999.0, 23.91, 9999.0, 22.23, 9999.0, 22.68, 22.5, 22.27, 22.43, 22.32
2026-09-08, 22:07:12, 22.27, 22.5, 22.75, 22.75, 9999.0, 9999.0, 9999.0, 23.84, 9999.0, 22.18, 9999.0, 22.7, 22.5, 22.27, 22.43, 22.32
2026-09-08, 22:07:16, 22.3, 22.5, 22.75, 22.75, 9999.0, 9999.0, 9999.0, 23.8, 9999.0, 22.16, 9999.0, 22.73, 22.5, 22.3, 22.41, 22.32
2026-09-08, 22:07:20, 22.3, 22.5, 22.75, 22.75, 9999.0, 9999.0, 9999.0, 23.73, 9999.0, 22.16, 9999.0, 22.73, 22.5, 22.3, 22.41, 22.3
2026-09-08, 22:07:24, 22.32, 22.5, 22.75, 22.75, 9999.0, 9999.0, 9999.0, 23.68, 9999.0, 22.16, 9999.0, 22.73, 22.5, 22.3, 22.39, 22.3
2026-09-08, 22:07:28, 22.32, 22.5, 22.75, 22.75, 9999.0, 9999.0, 9999.0, 23.64, 9999.0, 22.16, 9999.0, 22.75, 22.52, 22.3, 22.39, 22.32
2026-09-08, 22:07:32, 22.32, 22.5, 22.75, 22.75, 9999.0, 9999.0, 9999.0, 23.59, 9999.0, 22.16, 9999.0, 22.77, 22.52, 22.3, 22.36, 22.3
2026-09-08, 22:07:36, 22.32, 22.5, 22.75, 22.75, 9999.0, 9999.0, 9999.0, 23.57, 9999.0, 22.16, 9999.0, 22.8, 22.55, 22.3, 22.36, 22.3
2026-09-08, 22:07:40, 22.34, 22.5, 22.75, 22.75, 9999.0, 9999.0, 9999.0, 23.61, 9999.0, 22.16, 9999.0, 22.82, 22.55, 22.3, 22.34, 22.3
2026-09-08, 22:07:44, 22.32, 22.5, 22.75, 22.75, 9999.0, 9999.0, 9999.0, 23.64, 9999.0, 22.16, 9999.0, 22.82, 22.55, 22.3, 22.34, 22.3
2026-09-08, 22:07:48, 22.32, 22.5, 22.75, 22.75, 9999.0, 9999.0, 9999.0, 23.66, 9999.0, 22.18, 9999.0, 22.82, 22.55, 22.3, 22.34, 22.32
2026-09-08, 22:07:52, 22.32, 22.5, 22.75, 22.75, 9999.0, 9999.0, 9999.0, 23.68, 9999.0, 22.2, 9999.0, 22.8, 22.55, 22.27, 22.34, 22.3
2026-09-08, 22:07:56, 22.32, 22.5, 22.75, 22.75, 9999.0, 9999.0, 9999.0, 23.7, 9999.0, 22.23, 9999.0, 22.77, 22.55, 22.27, 22.32, 22.3
2026-09-08, 22:08:00, 22.3, 22.5, 22.75, 22.75, 9999.0, 9999.0, 9999.0, 23.75, 9999.0, 22.25, 9999.0, 22.75, 22.55, 22.25, 22.34, 22.3
2026-09-08, 22:08:04, 22.3, 22.5, 22.75, 22.75, 9999.0, 9999.0, 9999.0, 23.77, 9999.0, 22.25, 9999.0, 22.75, 22.55, 22.25, 22.32, 22.3
2026-09-08, 22:08:08, 22.27, 22.5, 22.75, 22.75, 9999.0, 9999.0, 9999.0, 23.8, 9999.0, 22.23, 9999.0, 22.75, 22.55, 22.25, 22.32, 22.32
2026-09-08, 22:08:13, 22.27, 22.5, 22.75, 22.75, 9999.0, 9999.0, 9999.0, 23.82, 9999.0, 22.2, 9999.0, 22.73, 22.52, 22.25, 22.32, 22.3
2026-09-08, 22:08:17, 22.3, 22.5, 22.75, 22.75, 9999.0, 9999.0, 9999.0, 23.86, 9999.0, 22.18, 9999.0, 22.73, 22.52, 22.25, 22.32, 22.32
2026-09-08, 22:08:21, 22.3, 22.5, 22.75, 22.75, 9999.0, 9999.0, 9999.0, 23.89, 9999.0, 22.18, 9999.0, 22.73, 22.5, 22.25, 22.32, 22.34
2026-09-08, 22:08:25, 22.27, 22.5, 22.75, 22.75, 9999.0, 9999.0, 9999.0, 23.84, 9999.0, 22.18, 9999.0, 22.73, 22.5, 22.25, 22.32, 22.36
2026-09-08, 22:08:29, 22.27, 22.5, 22.75, 22.75, 9999.0, 9999.0, 9999.0, 23.82, 9999.0, 22.18, 9999.0, 22.75, 22.5, 22.25, 22.32, 22.39
2026-09-08, 22:08:33, 22.27, 22.5, 22.75, 22.75, 9999.0, 9999.0, 9999.0, 23.77, 9999.0, 22.16, 9999.0, 22.75, 22.5, 22.25, 22.3, 22.39
2026-09-08, 22:08:37, 22.3, 22.5, 22.75, 22.75, 9999.0, 9999.0, 9999.0, 23.73, 9999.0, 22.16, 9999.0, 22.75, 22.5, 22.25, 22.3, 22.39
2026-09-08, 22:08:41, 22.3, 22.5, 22.75, 22.75, 9999.0, 9999.0, 9999.0, 23.7, 9999.0, 22.18, 9999.0, 22.75, 22.5, 22.25, 22.32, 22.41
2026-09-08, 22:08:45, 22.3, 22.5, 22.75, 22.75, 9999.0, 9999.0, 9999.0, 23.66, 9999.0, 22.2, 9999.0, 22.75, 22.5, 22.25, 22.3, 22.41
2026-09-08, 22:08:49, 22.3, 22.5, 22.75, 22.75, 9999.0, 9999.0, 9999.0, 23.64, 9999.0, 22.23, 9999.0, 22.75, 22.5, 22.25, 22.32, 22.41
2026-09-08, 22:08:53, 22.3, 22.5, 22.75, 22.75, 9999.0, 9999.0, 9999.0, 23.61, 9999.0, 22.27, 9999.0, 22.75, 22.5, 22.25, 22.34, 22.41
2026-09-08, 22:08:57, 22.32, 22.5, 22.75, 22.75, 9999.0, 9999.0, 9999.0, 23.59, 9999.0, 22.32, 9999.0, 22.77, 22.5, 22.25, 22.34, 22.43
2026-09-08, 22:09:01, 22.32, 22.5, 22.75, 22.75, 9999.0, 9999.0, 9999.0, 23.64, 9999.0, 22.36, 9999.0, 22.77, 22.5, 22.25, 22.36, 22.41
2026-09-08, 22:09:05, 22.34, 22.48, 22.75, 22.75, 9999.0, 9999.0, 9999.0, 23.66, 9999.0, 22.39, 9999.0, 22.77, 22.5, 22.25, 22.36, 22.39
2026-09-08, 22:09:09, 22.34, 22.48, 22.75, 22.75, 9999.0, 9999.0, 9999.0, 23.68, 9999.0, 22.39, 9999.0, 22.77, 22.5, 22.25, 22.36, 22.39
2026-09-08, 22:09:13, 22.34, 22.48, 22.75, 22.75, 9999.0, 9999.0, 9999.0, 23.7, 9999.0, 22.39, 9999.0, 22.75, 22.5, 22.25, 22.34, 22.36
2026-09-08, 22:09:17, 22.34, 22.48, 22.75, 22.75, 9999.0, 9999.0, 9999.0, 23.75, 9999.0, 22.41, 9999.0, 22.75, 22.5, 22.25, 22.36, 22.34
2026-09-08, 22:09:21, 22.32, 22.48, 22.75, 22.75, 9999.0, 9999.0, 9999.0, 23.8, 9999.0, 22.41, 9999.0, 22.73, 22.5, 22.25, 22.36, 22.34
2026-09-08, 22:09:25, 22.34, 22.48, 22.75, 22.75, 9999.0, 9999.0, 9999.0, 23.82, 9999.0, 22.39, 9999.0, 22.73, 22.5, 22.25, 22.36, 22.32
2026-09-08, 22:09:29, 22.36, 22.48, 22.75, 22.75, 9999.0, 9999.0, 9999.0, 23.86, 9999.0, 22.34, 9999.0, 22.73, 22.5, 22.25, 22.36, 22.34
2026-09-08, 22:09:33, 22.39, 22.48, 22.75, 22.75, 9999.0, 9999.0, 9999.0, 23.89, 9999.0, 22.32, 9999.0, 22.73, 22.5, 22.25, 22.34, 22.36
2026-09-08, 22:09:37, 22.41, 22.48, 22.75, 22.75, 9999.0, 9999.0, 9999.0, 23.91, 9999.0, 22.27, 9999.0, 22.73, 22.5, 22.25, 22.32, 22.34
2026-09-08, 22:09:41, 22.41, 22.48, 22.75, 22.75, 9999.0, 9999.0, 9999.0, 23.93, 9999.0, 22.23, 9999.0, 22.73, 22.5, 22.25, 22.34, 22.32
2026-09-08, 22:09:45, 22.39, 22.48, 22.75, 22.75, 9999.0, 9999.0, 9999.0, 23.89, 9999.0, 22.18, 9999.0, 22.75, 22.5, 22.25, 22.34, 22.32
2026-09-08, 22:09:49, 22.36, 22.5, 22.75, 22.75, 9999.0, 9999.0, 9999.0, 23.84, 9999.0, 22.14, 9999.0, 22.77, 22.5, 22.25, 22.36, 22.32
2026-09-08, 22:09:53, 22.36, 22.5, 22.75, 22.75, 9999.0, 9999.0, 9999.0, 23.8, 9999.0, 22.11, 9999.0, 22.8, 22.5, 22.25, 22.39, 22.3
2026-09-08, 22:09:57, 22.39, 22.5, 22.75, 22.75, 9999.0, 9999.0, 9999.0, 23.75, 9999.0, 22.11, 9999.0, 22.82, 22.5, 22.25, 22.39, 22.3
2026-09-08, 22:10:01, 22.41, 22.5, 22.75, 22.75, 9999.0, 9999.0, 9999.0, 23.7, 9999.0, 22.11, 9999.0, 22.82, 22.5, 22.25, 22.36, 22.32
2026-09-08, 22:10:05, 22.41, 22.5, 22.75, 22.75, 9999.0, 9999.0, 9999.0, 23.66, 9999.0, 22.11, 9999.0, 22.84, 22.52, 22.25, 22.36, 22.32
2026-09-08, 22:10:09, 22.39, 22.5, 22.75, 22.75, 9999.0, 9999.0, 9999.0, 23.64, 9999.0, 22.11, 9999.0, 22.84, 22.52, 22.25, 22.34, 22.32
2026-09-08, 22:10:13, 22.36, 22.5, 22.75, 22.75, 9999.0, 9999.0, 9999.0, 23.57, 9999.0, 22.14, 9999.0, 22.84, 22.52, 22.25, 22.34, 22.32
2026-09-08, 22:10:17, 22.36, 22.5, 22.75, 22.75, 9999.0, 9999.0, 9999.0, 23.61, 9999.0, 22.14, 9999.0, 22.84, 22.52, 22.25, 22.36, 22.3
2026-09-08, 22:10:21, 22.36, 22.5, 22.75, 22.75, 9999.0, 9999.0, 9999.0, 23.66, 9999.0, 22.16, 9999.0, 22.84, 22.52, 22.25, 22.36, 22.32
2026-09-08, 22:10:25, 22.34, 22.5, 22.75, 22.75, 9999.0, 9999.0, 9999.0, 23.68, 9999.0, 22.18, 9999.0, 22.84, 22.52, 22.25, 22.34, 22.34
2026-09-08, 22:10:29, 22.34, 22.5, 22.75, 22.75, 9999.0, 9999.0, 9999.0, 23.7, 9999.0, 22.2, 9999.0, 22.82, 22.52, 22.25, 22.32, 22.36
2026-09-08, 22:10:33, 22.36, 22.5, 22.75, 22.75, 9999.0, 9999.0, 9999.0, 23.75, 9999.0, 22.23, 9999.0, 22.8, 22.52, 22.25, 22.32, 22.39
2026-09-08, 22:10:37, 22.36, 22.5, 22.75, 22.75, 9999.0, 9999.0, 9999.0, 23.8, 9999.0, 22.25, 9999.0, 22.77, 22.52, 22.25, 22.32, 22.39
2026-09-08, 22:10:41, 22.34, 22.5, 22.75, 22.75, 9999.0, 9999.0, 9999.0, 23.82, 9999.0, 22.23, 9999.0, 22.75, 22.52, 22.25, 22.32, 22.39
2026-09-08, 22:10:45, 22.34, 22.5, 22.75, 22.75, 9999.0, 9999.0, 9999.0, 23.84, 9999.0, 22.2, 9999.0, 22.75, 22.52, 22.25, 22.34, 22.39
2026-09-08, 22:10:49, 22.34, 22.5, 22.75, 22.75, 9999.0, 9999.0, 9999.0, 23.86, 9999.0, 22.2, 9999.0, 22.75, 22.5, 22.25, 22.34, 22.39
2026-09-08, 22:10:53, 22.34, 22.5, 22.75, 22.75, 9999.0, 9999.0, 9999.0, 23.89, 9999.0, 22.18, 9999.0, 22.75, 22.5, 22.25, 22.36, 22.39
2026-09-08, 22:10:57, 22.34, 22.5, 22.75, 22.75, 9999.0, 9999.0, 9999.0, 23.93, 9999.0, 22.16, 9999.0, 22.75, 22.5, 22.25, 22.36, 22.36
2026-09-08, 22:11:01, 22.32, 22.5, 22.75, 22.75, 9999.0, 9999.0, 9999.0, 23.89, 9999.0, 22.14, 9999.0, 22.75, 22.5, 22.25, 22.34, 22.39
2026-09-08, 22:11:05, 22.3, 22.5, 22.75, 22.75, 9999.0, 9999.0, 9999.0, 23.82, 9999.0, 22.11, 9999.0, 22.77, 22.5, 22.25, 22.36, 22.36
2026-09-08, 22:11:09, 22.3, 22.5, 22.75, 22.75, 9999.0, 9999.0, 9999.0, 23.77, 9999.0, 22.09, 9999.0, 22.8, 22.5, 22.25, 22.36, 22.36
2026-09-08, 22:11:13, 22.32, 22.5, 22.75, 22.75, 9999.0, 9999.0, 9999.0, 23.73, 9999.0, 22.07, 9999.0, 22.8, 22.5, 22.25, 22.36, 22.34
2026-09-08, 22:11:17, 22.32, 22.5, 22.75, 22.75, 9999.0, 9999.0, 9999.0, 23.68, 9999.0, 22.07, 9999.0, 22.8, 22.5, 22.25, 22.34, 22.32
2026-09-08, 22:11:21, 22.32, 22.5, 22.75, 22.75, 9999.0, 9999.0, 9999.0, 23.64, 9999.0, 22.05, 9999.0, 22.8, 22.5, 22.25, 22.34, 22.32
2026-09-08, 22:11:25, 22.32, 22.5, 22.75, 22.75, 9999.0, 9999.0, 9999.0, 23.61, 9999.0, 22.07, 9999.0, 22.8, 22.5, 22.25, 22.34, 22.32
2026-09-08, 22:11:29, 22.3, 22.5, 22.75, 22.75, 9999.0, 9999.0, 9999.0, 23.59, 9999.0, 22.09, 9999.0, 22.8, 22.5, 22.25, 22.32, 22.3
2026-09-08, 22:11:33, 22.3, 22.5, 22.75, 22.75, 9999.0, 9999.0, 9999.0, 23.55, 9999.0, 22.09, 9999.0, 22.8, 22.5, 22.25, 22.34, 22.32
2026-09-08, 22:11:37, 22.32, 22.5, 22.75, 22.75, 9999.0, 9999.0, 9999.0, 23.57, 9999.0, 22.11, 9999.0, 22.8, 22.52, 22.25, 22.32, 22.34
2026-09-08, 22:11:41, 22.32, 22.5, 22.77, 22.75, 9999.0, 9999.0, 9999.0, 23.59, 9999.0, 22.14, 9999.0, 22.8, 22.52, 22.25, 22.32, 22.36
2026-09-08, 22:11:45, 22.32, 22.5, 22.77, 22.75, 9999.0, 9999.0, 9999.0, 23.61, 9999.0, 22.16, 9999.0, 22.8, 22.52, 22.25, 22.32, 22.36
2026-09-08, 22:11:49, 22.34, 22.5, 22.77, 22.75, 9999.0, 9999.0, 9999.0, 23.64, 9999.0, 22.16, 9999.0, 22.77, 22.52, 22.25, 22.3, 22.36
2026-09-08, 22:11:53, 22.34, 22.5, 22.77, 22.75, 9999.0, 9999.0, 9999.0, 23.66, 9999.0, 22.16, 9999.0, 22.73, 22.52, 22.25, 22.3, 22.34
2026-09-08, 22:11:57, 22.32, 22.5, 22.77, 22.75, 9999.0, 9999.0, 9999.0, 23.68, 9999.0, 22.18, 9999.0, 22.7, 22.52, 22.25, 22.3, 22.36
2026-09-08, 22:12:01, 22.32, 22.5, 22.77, 22.75, 9999.0, 9999.0, 9999.0, 23.7, 9999.0, 22.16, 9999.0, 22.7, 22.52, 22.25, 22.3, 22.39
2026-09-08, 22:12:06, 22.32, 22.5, 22.77, 22.75, 9999.0, 9999.0, 9999.0, 23.73, 9999.0, 22.16, 9999.0, 22.7, 22.52, 22.25, 22.27, 22.41
2026-09-08, 22:12:10, 22.34, 22.5, 22.77, 22.75, 9999.0, 9999.0, 9999.0, 23.75, 9999.0, 22.14, 9999.0, 22.7, 22.52, 22.25, 22.27, 22.43
2026-09-08, 22:12:14, 22.34, 22.5, 22.77, 22.75, 9999.0, 9999.0, 9999.0, 23.77, 9999.0, 22.11, 9999.0, 22.7, 22.52, 22.25, 22.27, 22.45
2026-09-08, 22:12:18, 22.34, 22.5, 22.77, 22.75, 9999.0, 9999.0, 9999.0, 23.8, 9999.0, 22.09, 9999.0, 22.7, 22.52, 22.25, 22.25, 22.45
2026-09-08, 22:12:22, 22.34, 22.5, 22.77, 22.75, 9999.0, 9999.0, 9999.0, 23.75, 9999.0, 22.07, 9999.0, 22.7, 22.5, 22.25, 22.27, 22.43
2026-09-08, 22:12:26, 22.34, 22.5, 22.75, 22.75, 9999.0, 9999.0, 9999.0, 23.7, 9999.0, 22.05, 9999.0, 22.73, 22.5, 22.25, 22.3, 22.43
2026-09-08, 22:12:30, 22.34, 22.5, 22.75, 22.77, 9999.0, 9999.0, 9999.0, 23.66, 9999.0, 22.02, 9999.0, 22.73, 22.5, 22.25, 22.3, 22.43
2026-09-08, 22:12:34, 22.32, 22.5, 22.75, 22.77, 9999.0, 9999.0, 9999.0, 23.64, 9999.0, 22.02, 9999.0, 22.75, 22.5, 22.25, 22.3, 22.43
2026-09-08, 22:12:38, 22.32, 22.5, 22.75, 22.77, 9999.0, 9999.0, 9999.0, 23.61, 9999.0, 22.02, 9999.0, 22.77, 22.5, 22.25, 22.3, 22.45
2026-09-08, 22:12:42, 22.32, 22.5, 22.75, 22.77, 9999.0, 9999.0, 9999.0, 23.59, 9999.0, 22.02, 9999.0, 22.8, 22.52, 22.25, 22.32, 22.45
2026-09-08, 22:12:46, 22.3, 22.5, 22.75, 22.77, 9999.0, 9999.0, 9999.0, 23.57, 9999.0, 22.05, 9999.0, 22.8, 22.52, 22.25, 22.34, 22.45
2026-09-08, 22:12:50, 22.3, 22.5, 22.77, 22.77, 9999.0, 9999.0, 9999.0, 23.52, 9999.0, 22.07, 9999.0, 22.8, 22.52, 22.25, 22.34, 22.45
2026-09-08, 22:12:54, 22.27, 22.5, 22.77, 22.77, 9999.0, 9999.0, 9999.0, 23.57, 9999.0, 22.09, 9999.0, 22.8, 22.52, 22.25, 22.34, 22.45
2026-09-08, 22:12:58, 22.27, 22.5, 22.77, 22.77, 9999.0, 9999.0, 9999.0, 23.59, 9999.0, 22.11, 9999.0, 22.8, 22.55, 22.25, 22.36, 22.45
2026-09-08, 22:13:02, 22.27, 22.5, 22.77, 22.77, 9999.0, 9999.0, 9999.0, 23.64, 9999.0, 22.14, 9999.0, 22.8, 22.55, 22.25, 22.39, 22.45
2026-09-08, 22:13:06, 22.27, 22.5, 22.77, 22.77, 9999.0, 9999.0, 9999.0, 23.68, 9999.0, 22.14, 9999.0, 22.8, 22.55, 22.25, 22.36, 22.48
2026-09-08, 22:13:10, 22.3, 22.5, 22.77, 22.77, 9999.0, 9999.0, 9999.0, 23.73, 9999.0, 22.16, 9999.0, 22.77, 22.55, 22.25, 22.34, 22.45
2026-09-08, 22:13:14, 22.32, 22.5, 22.77, 22.77, 9999.0, 9999.0, 9999.0, 23.75, 9999.0, 22.18, 9999.0, 22.77, 22.55, 22.25, 22.34, 22.45
2026-09-08, 22:13:18, 22.32, 22.5, 22.77, 22.77, 9999.0, 9999.0, 9999.0, 23.77, 9999.0, 22.2, 9999.0, 22.73, 22.55, 22.25, 22.34, 22.45
2026-09-08, 22:13:22, 22.32, 22.5, 22.77, 22.77, 9999.0, 9999.0, 9999.0, 23.8, 9999.0, 22.23, 9999.0, 22.73, 22.55, 22.25, 22.34, 22.43
2026-09-08, 22:13:26, 22.32, 22.5, 22.77, 22.77, 9999.0, 9999.0, 9999.0, 23.82, 9999.0, 22.23, 9999.0, 22.73, 22.52, 22.25, 22.32, 22.43
2026-09-08, 22:13:30, 22.32, 22.5, 22.77, 22.77, 9999.0, 9999.0, 9999.0, 23.84, 9999.0, 22.23, 9999.0, 22.73, 22.52, 22.25, 22.3, 22.41
2026-09-08, 22:13:34, 22.32, 22.5, 22.75, 22.8, 9999.0, 9999.0, 9999.0, 23.89, 9999.0, 22.2, 9999.0, 22.73, 22.52, 22.25, 22.3, 22.41
2026-09-08, 22:13:38, 22.32, 22.5, 22.75, 22.82, 9999.0, 9999.0, 9999.0, 23.84, 9999.0, 22.18, 9999.0, 22.73, 22.52, 22.25, 22.3, 22.41
2026-09-08, 22:13:42, 22.32, 22.5, 22.75, 22.82, 9999.0, 9999.0, 9999.0, 23.8, 9999.0, 22.16, 9999.0, 22.75, 22.5, 22.25, 22.3, 22.41
2026-09-08, 22:13:46, 22.32, 22.5, 22.75, 22.82, 9999.0, 9999.0, 9999.0, 23.75, 9999.0, 22.14, 9999.0, 22.77, 22.5, 22.25, 22.3, 22.41
2026-09-08, 22:13:50, 22.32, 22.5, 22.75, 22.82, 9999.0, 9999.0, 9999.0, 23.7, 9999.0, 22.18, 9999.0, 22.77, 22.5, 22.25, 22.32, 22.39
2026-09-08, 22:13:54, 22.32, 22.5, 22.75, 22.84, 9999.0, 9999.0, 9999.0, 23.66, 9999.0, 22.18, 9999.0, 22.77, 22.5, 22.25, 22.34, 22.41
2026-09-08, 22:13:58, 22.32, 22.5, 22.75, 22.84, 9999.0, 9999.0, 9999.0, 23.61, 9999.0, 22.18, 9999.0, 22.77, 22.5, 22.25, 22.34, 22.41
2026-09-08, 22:14:02, 22.32, 22.5, 22.75, 22.84, 9999.0, 9999.0, 9999.0, 23.57, 9999.0, 22.2, 9999.0, 22.8, 22.5, 22.25, 22.36, 22.43
2026-09-08, 22:14:06, 22.32, 22.5, 22.75, 22.84, 9999.0, 9999.0, 9999.0, 23.52, 9999.0, 22.23, 9999.0, 22.8, 22.5, 22.25, 22.39, 22.45
2026-09-08, 22:14:10, 22.34, 22.5, 22.75, 22.86, 9999.0, 9999.0, 9999.0, 23.48, 9999.0, 22.25, 9999.0, 22.8, 22.5, 22.25, 22.39, 22.45
2026-09-08, 22:14:14, 22.36, 22.5, 22.75, 22.89, 9999.0, 9999.0, 9999.0, 23.52, 9999.0, 22.25, 9999.0, 22.8, 22.5, 22.25, 22.39, 22.45
2026-09-08, 22:14:18, 22.36, 22.5, 22.75, 22.89, 9999.0, 9999.0, 9999.0, 23.55, 9999.0, 22.27, 9999.0, 22.8, 22.5, 22.25, 22.39, 22.43
2026-09-08, 22:14:22, 22.36, 22.5, 22.75, 22.89, 9999.0, 9999.0, 9999.0, 23.57, 9999.0, 22.3, 9999.0, 22.8, 22.5, 22.25, 22.41, 22.43
2026-09-08, 22:14:26, 22.36, 22.5, 22.75, 22.91, 9999.0, 9999.0, 9999.0, 23.61, 9999.0, 22.32, 9999.0, 22.77, 22.5, 22.25, 22.39, 22.43
2026-09-08, 22:14:30, 22.36, 22.5, 22.75, 22.91, 9999.0, 9999.0, 9999.0, 23.66, 9999.0, 22.34, 9999.0, 22.75, 22.5, 22.25, 22.36, 22.43
2026-09-08, 22:14:34, 22.34, 22.5, 22.75, 22.91, 9999.0, 9999.0, 9999.0, 23.68, 9999.0, 22.32, 9999.0, 22.75, 22.5, 22.25, 22.34, 22.45
2026-09-08, 22:14:38, 22.34, 22.5, 22.75, 22.89, 9999.0, 9999.0, 9999.0, 23.7, 9999.0, 22.32, 9999.0, 22.75, 22.5, 22.25, 22.34, 22.45
2026-09-08, 22:14:42, 22.32, 22.5, 22.75, 22.86, 9999.0, 9999.0, 9999.0, 23.75, 9999.0, 22.32, 9999.0, 22.73, 22.5, 22.25, 22.36, 22.43
2026-09-08, 22:14:46, 22.32, 22.5, 22.75, 22.89, 9999.0, 9999.0, 9999.0, 23.8, 9999.0, 22.3, 9999.0, 22.7, 22.5, 22.25, 22.34, 22.41
2026-09-08, 22:14:50, 22.34, 22.5, 22.75, 22.91, 9999.0, 9999.0, 9999.0, 23.84, 9999.0, 22.27, 9999.0, 22.7, 22.5, 22.25, 22.32, 22.41
2026-09-08, 22:14:54, 22.32, 22.5, 22.75, 22.91, 9999.0, 9999.0, 9999.0, 23.89, 9999.0, 22.25, 9999.0, 22.7, 22.5, 22.25, 22.34, 22.41
2026-09-08, 22:14:58, 22.3, 22.5, 22.75, 22.91, 9999.0, 9999.0, 9999.0, 23.84, 9999.0, 22.25, 9999.0, 22.73, 22.5, 22.25, 22.36, 22.43
2026-09-08, 22:15:02, 22.3, 22.5, 22.75, 22.89, 9999.0, 9999.0, 9999.0, 23.8, 9999.0, 22.25, 9999.0, 22.75, 22.5, 22.25, 22.36, 22.43
2026-09-08, 22:15:06, 22.3, 22.5, 22.75, 22.89, 9999.0, 9999.0, 9999.0, 23.75, 9999.0, 22.23, 9999.0, 22.77, 22.5, 22.25, 22.34, 22.43
2026-09-08, 22:15:10, 22.32, 22.5, 22.75, 22.86, 9999.0, 9999.0, 9999.0, 23.7, 9999.0, 22.25, 9999.0, 22.77, 22.5, 22.25, 22.36, 22.43
2026-09-08, 22:15:14, 22.34, 22.5, 22.75, 22.89, 9999.0, 9999.0, 9999.0, 23.66, 9999.0, 22.25, 9999.0, 22.77, 22.5, 22.25, 22.39, 22.41
2026-09-08, 22:15:18, 22.36, 22.5, 22.75, 22.89, 9999.0, 9999.0, 9999.0, 23.64, 9999.0, 22.27, 9999.0, 22.77, 22.5, 22.25, 22.39, 22.41
2026-09-08, 22:15:22, 22.34, 22.5, 22.77, 22.89, 9999.0, 9999.0, 9999.0, 23.61, 9999.0, 22.3, 9999.0, 22.77, 22.5, 22.25, 22.39, 22.39
2026-09-08, 22:15:26, 22.36, 22.5, 22.77, 22.91, 9999.0, 9999.0, 9999.0, 23.57, 9999.0, 22.32, 9999.0, 22.8, 22.5, 22.25, 22.39, 22.41
2026-09-08, 22:15:30, 22.39, 22.5, 22.77, 22.91, 9999.0, 9999.0, 9999.0, 23.61, 9999.0, 22.34, 9999.0, 22.82, 22.5, 22.25, 22.41, 22.43
2026-09-08, 22:15:34, 22.36, 22.5, 22.77, 22.91, 9999.0, 9999.0, 9999.0, 23.64, 9999.0, 22.36, 9999.0, 22.82, 22.5, 22.25, 22.43, 22.43
2026-09-08, 22:15:38, 22.36, 22.5, 22.77, 22.91, 9999.0, 9999.0, 9999.0, 23.66, 9999.0, 22.36, 9999.0, 22.82, 22.5, 22.25, 22.41, 22.43
2026-09-08, 22:15:42, 22.39, 22.5, 22.8, 22.91, 9999.0, 9999.0, 9999.0, 23.68, 9999.0, 22.39, 9999.0, 22.8, 22.5, 22.25, 22.41, 22.43
2026-09-08, 22:15:46, 22.39, 22.5, 22.8, 22.93, 9999.0, 9999.0, 9999.0, 23.73, 9999.0, 22.41, 9999.0, 22.77, 22.5, 22.25, 22.43, 22.43
2026-09-08, 22:15:50, 22.39, 22.5, 22.82, 22.93, 9999.0, 9999.0, 9999.0, 23.75, 9999.0, 22.43, 9999.0, 22.75, 22.5, 22.25, 22.43, 22.41
2026-09-08, 22:15:55, 22.36, 22.5, 22.82, 22.93, 9999.0, 9999.0, 9999.0, 23.8, 9999.0, 22.43, 9999.0, 22.73, 22.5, 22.25, 22.43, 22.41
2026-09-08, 22:15:59, 22.34, 22.5, 22.82, 22.93, 9999.0, 9999.0, 9999.0, 23.84, 9999.0, 22.43, 9999.0, 22.7, 22.5, 22.25, 22.43, 22.43
2026-09-08, 22:16:03, 22.34, 22.5, 22.84, 22.95, 9999.0, 9999.0, 9999.0, 23.89, 9999.0, 22.41, 9999.0, 22.68, 22.5, 22.25, 22.45, 22.43
2026-09-08, 22:16:07, 22.36, 22.5, 22.82, 22.98, 9999.0, 9999.0, 9999.0, 23.91, 9999.0, 22.39, 9999.0, 22.68, 22.5, 22.25, 22.43, 22.45
2026-09-08, 22:16:11, 22.34, 22.5, 22.82, 22.95, 9999.0, 9999.0, 9999.0, 23.95, 9999.0, 22.36, 9999.0, 22.68, 22.5, 22.25, 22.41, 22.45
2026-09-08, 22:16:15, 22.32, 22.5, 22.82, 22.95, 9999.0, 9999.0, 9999.0, 23.91, 9999.0, 22.34, 9999.0, 22.68, 22.5, 22.25, 22.41, 22.45
2026-09-08, 22:16:19, 22.34, 22.5, 22.82, 22.95, 9999.0, 9999.0, 9999.0, 23.89, 9999.0, 22.32, 9999.0, 22.7, 22.5, 22.25, 22.41, 22.45
2026-09-08, 22:16:23, 22.36, 22.5, 22.82, 22.95, 9999.0, 9999.0, 9999.0, 23.86, 9999.0, 22.32, 9999.0, 22.7, 22.5, 22.25, 22.41, 22.45
2026-09-08, 22:16:27, 22.34, 22.5, 22.8, 22.95, 9999.0, 9999.0, 9999.0, 23.82, 9999.0, 22.32, 9999.0, 22.7, 22.5, 22.25, 22.41, 22.43
2026-09-08, 22:16:31, 22.34, 22.5, 22.8, 22.95, 9999.0, 9999.0, 9999.0, 23.77, 9999.0, 22.32, 9999.0, 22.7, 22.5, 22.25, 22.41, 22.45
2026-09-08, 22:16:35, 22.34, 22.5, 22.77, 22.95, 9999.0, 9999.0, 9999.0, 23.75, 9999.0, 22.34, 9999.0, 22.7, 22.5, 22.25, 22.43, 22.48
2026-09-08, 22:16:39, 22.34, 22.5, 22.77, 22.95, 9999.0, 9999.0, 9999.0, 23.7, 9999.0, 22.36, 9999.0, 22.73, 22.5, 22.25, 22.43, 22.48
2026-09-08, 22:16:43, 22.34, 22.5, 22.77, 22.93, 9999.0, 9999.0, 9999.0, 23.66, 9999.0, 22.39, 9999.0, 22.75, 22.5, 22.25, 22.43, 22.48
2026-09-08, 22:16:47, 22.34, 22.5, 22.75, 22.91, 9999.0, 9999.0, 9999.0, 23.68, 9999.0, 22.41, 9999.0, 22.77, 22.5, 22.25, 22.43, 22.48
2026-09-08, 22:16:51, 22.32, 22.5, 22.75, 22.89, 9999.0, 9999.0, 9999.0, 23.73, 9999.0, 22.43, 9999.0, 22.77, 22.5, 22.25, 22.45, 22.48
2026-09-08, 22:16:55, 22.32, 22.5, 22.75, 22.89, 9999.0, 9999.0, 9999.0, 23.77, 9999.0, 22.45, 9999.0, 22.77, 22.5, 22.25, 22.48, 22.48
2026-09-08, 22:16:59, 22.32, 22.5, 22.75, 22.86, 9999.0, 9999.0, 9999.0, 23.8, 9999.0, 22.48, 9999.0, 22.77, 22.5, 22.25, 22.45, 22.48
2026-09-08, 22:17:03, 22.3, 22.5, 22.75, 22.84, 9999.0, 9999.0, 9999.0, 23.82, 9999.0, 22.5, 9999.0, 22.75, 22.5, 22.25, 22.43, 22.48
2026-09-08, 22:17:07, 22.27, 22.5, 22.75, 22.82, 9999.0, 9999.0, 9999.0, 23.84, 9999.0, 22.52, 9999.0, 22.75, 22.5, 22.25, 22.45, 22.48
2026-09-08, 22:17:11, 22.27, 22.5, 22.75, 22.8, 9999.0, 9999.0, 9999.0, 23.89, 9999.0, 22.52, 9999.0, 22.75, 22.5, 22.25, 22.43, 22.48
2026-09-08, 22:17:15, 22.3, 22.5, 22.75, 22.77, 9999.0, 9999.0, 9999.0, 23.93, 9999.0, 22.52, 9999.0, 22.75, 22.5, 22.25, 22.43, 22.48
2026-09-08, 22:17:19, 22.32, 22.5, 22.75, 22.75, 9999.0, 9999.0, 9999.0, 23.98, 9999.0, 22.52, 9999.0, 22.75, 22.5, 22.25, 22.41, 22.48
2026-09-08, 22:17:23, 22.34, 22.5, 22.75, 22.75, 9999.0, 9999.0, 9999.0, 24.0, 9999.0, 22.5, 9999.0, 22.75, 22.5, 22.25, 22.39, 22.48
2026-09-08, 22:17:27, 22.34, 22.5, 22.75, 22.75, 9999.0, 9999.0, 9999.0, 24.02, 9999.0, 22.48, 9999.0, 22.75, 22.5, 22.25, 22.39, 22.45
2026-09-08, 22:17:31, 22.32, 22.48, 22.77, 22.75, 9999.0, 9999.0, 9999.0, 23.98, 9999.0, 22.45, 9999.0, 22.75, 22.5, 22.25, 22.39, 22.43
2026-09-08, 22:17:35, 22.32, 22.48, 22.77, 22.77, 9999.0, 9999.0, 9999.0, 23.93, 9999.0, 22.43, 9999.0, 22.77, 22.5, 22.25, 22.36, 22.43
2026-09-08, 22:17:39, 22.32, 22.48, 22.77, 22.8, 9999.0, 9999.0, 9999.0, 23.89, 9999.0, 22.43, 9999.0, 22.8, 22.5, 22.25, 22.36, 22.41
2026-09-08, 22:17:43, 22.34, 22.48, 22.77, 22.8, 9999.0, 9999.0, 9999.0, 23.86, 9999.0, 22.41, 9999.0, 22.8, 22.5, 22.25, 22.36, 22.41
2026-09-08, 22:17:47, 22.36, 22.48, 22.77, 22.8, 9999.0, 9999.0, 9999.0, 23.84, 9999.0, 22.41, 9999.0, 22.8, 22.5, 22.25, 22.39, 22.41
2026-09-08, 22:17:51, 22.39, 22.48, 22.77, 22.82, 9999.0, 9999.0, 9999.0, 23.8, 9999.0, 22.41, 9999.0, 22.8, 22.5, 22.25, 22.39, 22.39
2026-09-08, 22:17:55, 22.41, 22.48, 22.77, 22.82, 9999.0, 9999.0, 9999.0, 23.75, 9999.0, 22.43, 9999.0, 22.8, 22.5, 22.25, 22.41, 22.41
2026-09-08, 22:17:59, 22.41, 22.48, 22.77, 22.82, 9999.0, 9999.0, 9999.0, 23.7, 9999.0, 22.45, 9999.0, 22.8, 22.5, 22.25, 22.39, 22.41
2026-09-08, 22:18:03, 22.39, 22.48, 22.77, 22.82, 9999.0, 9999.0, 9999.0, 23.66, 9999.0, 22.48, 9999.0, 22.8, 22.5, 22.25, 22.41, 22.41
2026-09-08, 22:18:07, 22.39, 22.48, 22.77, 22.84, 9999.0, 9999.0, 9999.0, 23.7, 9999.0, 22.5, 9999.0, 22.8, 22.5, 22.25, 22.43, 22.41
2026-09-08, 22:18:11, 22.39, 22.48, 22.77, 22.84, 9999.0, 9999.0, 9999.0, 23.75, 9999.0, 22.55, 9999.0, 22.8, 22.5, 22.25, 22.43, 22.43
2026-09-08, 22:18:15, 22.39, 22.5, 22.75, 22.84, 9999.0, 9999.0, 9999.0, 23.77, 9999.0, 22.59, 9999.0, 22.8, 22.5, 22.25, 22.41, 22.45
2026-09-08, 22:18:19, 22.41, 22.5, 22.75, 22.82, 9999.0, 9999.0, 9999.0, 23.8, 9999.0, 22.61, 9999.0, 22.77, 22.5, 22.25, 22.41, 22.45
2026-09-08, 22:18:23, 22.43, 22.5, 22.75, 22.8, 9999.0, 9999.0, 9999.0, 23.82, 9999.0, 22.61, 9999.0, 22.75, 22.5, 22.25, 22.39, 22.48
2026-09-08, 22:18:27, 22.41, 22.5, 22.77, 22.8, 9999.0, 9999.0, 9999.0, 23.84, 9999.0, 22.64, 9999.0, 22.75, 22.5, 22.25, 22.41, 22.45
2026-09-08, 22:18:31, 22.41, 22.5, 22.8, 22.8, 9999.0, 9999.0, 9999.0, 23.86, 9999.0, 22.64, 9999.0, 22.73, 22.5, 22.25, 22.41, 22.43
2026-09-08, 22:18:35, 22.41, 22.5, 22.8, 22.8, 9999.0, 9999.0, 9999.0, 23.91, 9999.0, 22.64, 9999.0, 22.7, 22.5, 22.25, 22.39, 22.43
2026-09-08, 22:18:39, 22.41, 22.5, 22.8, 22.82, 9999.0, 9999.0, 9999.0, 23.95, 9999.0, 22.61, 9999.0, 22.68, 22.5, 22.25, 22.36, 22.41
2026-09-08, 22:18:43, 22.41, 22.5, 22.8, 22.82, 9999.0, 9999.0, 9999.0, 24.0, 9999.0, 22.59, 9999.0, 22.68, 22.5, 22.25, 22.39, 22.41
2026-09-08, 22:18:47, 22.43, 22.5, 22.8, 22.84, 9999.0, 9999.0, 9999.0, 24.05, 9999.0, 22.57, 9999.0, 22.68, 22.5, 22.25, 22.36, 22.39
2026-09-08, 22:18:51, 22.43, 22.5, 22.8, 22.84, 9999.0, 9999.0, 9999.0, 24.0, 9999.0, 22.55, 9999.0, 22.68, 22.5, 22.25, 22.36, 22.36
2026-09-08, 22:18:55, 22.43, 22.5, 22.8, 22.86, 9999.0, 9999.0, 9999.0, 23.95, 9999.0, 22.52, 9999.0, 22.7, 22.5, 22.25, 22.34, 22.34
2026-09-08, 22:18:59, 22.45, 22.5, 22.8, 22.86, 9999.0, 9999.0, 9999.0, 23.93, 9999.0, 22.5, 9999.0, 22.73, 22.5, 22.25, 22.36, 22.32
2026-09-08, 22:19:03, 22.45, 22.5, 22.8, 22.86, 9999.0, 9999.0, 9999.0, 23.91, 9999.0, 22.52, 9999.0, 22.75, 22.5, 22.25, 22.39, 22.32
2026-09-08, 22:19:07, 22.45, 22.5, 22.8, 22.86, 9999.0, 9999.0, 9999.0, 23.89, 9999.0, 22.55, 9999.0, 22.75, 22.5, 22.25, 22.39, 22.3
2026-09-08, 22:19:11, 22.48, 22.5, 22.77, 22.89, 9999.0, 9999.0, 9999.0, 23.86, 9999.0, 22.57, 9999.0, 22.77, 22.5, 22.25, 22.39, 22.3
2026-09-08, 22:19:15, 22.45, 22.5, 22.75, 22.89, 9999.0, 9999.0, 9999.0, 23.82, 9999.0, 22.61, 9999.0, 22.8, 22.5, 22.25, 22.39, 22.3
2026-09-08, 22:19:19, 22.45, 22.5, 22.75, 22.86, 9999.0, 9999.0, 9999.0, 23.77, 9999.0, 22.64, 9999.0, 22.82, 22.5, 22.25, 22.41, 22.32
2026-09-08, 22:19:23, 22.45, 22.5, 22.77, 22.84, 9999.0, 9999.0, 9999.0, 23.8, 9999.0, 22.66, 9999.0, 22.84, 22.5, 22.25, 22.43, 22.32
2026-09-08, 22:19:27, 22.45, 22.5, 22.77, 22.84, 9999.0, 9999.0, 9999.0, 23.82, 9999.0, 22.68, 9999.0, 22.84, 22.5, 22.25, 22.43, 22.3
2026-09-08, 22:19:31, 22.43, 22.5, 22.77, 22.82, 9999.0, 9999.0, 9999.0, 23.84, 9999.0, 22.7, 9999.0, 22.84, 22.5, 22.25, 22.45, 22.3
2026-09-08, 22:19:35, 22.41, 22.5, 22.77, 22.8, 9999.0, 9999.0, 9999.0, 23.89, 9999.0, 22.73, 9999.0, 22.84, 22.5, 22.25, 22.43, 22.32
2026-09-08, 22:19:39, 22.43, 22.5, 22.77, 22.77, 9999.0, 9999.0, 9999.0, 23.93, 9999.0, 22.73, 9999.0, 22.82, 22.5, 22.25, 22.43, 22.34
2026-09-08, 22:19:44, 22.43, 22.5, 22.77, 22.77, 9999.0, 9999.0, 9999.0, 23.95, 9999.0, 22.73, 9999.0, 22.8, 22.5, 22.25, 22.41, 22.36
2026-09-08, 22:19:48, 22.43, 22.5, 22.77, 22.77, 9999.0, 9999.0, 9999.0, 23.98, 9999.0, 22.7, 9999.0, 22.77, 22.5, 22.25, 22.41, 22.34
2026-09-08, 22:19:52, 22.41, 22.5, 22.77, 22.77, 9999.0, 9999.0, 9999.0, 24.0, 9999.0, 22.68, 9999.0, 22.75, 22.5, 22.25, 22.43, 22.34
2026-09-08, 22:19:56, 22.39, 22.5, 22.77, 22.75, 9999.0, 9999.0, 9999.0, 24.02, 9999.0, 22.66, 9999.0, 22.7, 22.5, 22.25, 22.41, 22.34
2026-09-08, 22:20:00, 22.41, 22.5, 22.77, 22.75, 9999.0, 9999.0, 9999.0, 24.07, 9999.0, 22.61, 9999.0, 22.68, 22.5, 22.25, 22.41, 22.34
2026-09-08, 22:20:04, 22.41, 22.5, 22.77, 22.75, 9999.0, 9999.0, 9999.0, 24.11, 9999.0, 22.59, 9999.0, 22.68, 22.5, 22.25, 22.41, 22.34
2026-09-08, 22:20:08, 22.41, 22.5, 22.75, 22.75, 9999.0, 9999.0, 9999.0, 24.09, 9999.0, 22.57, 9999.0, 22.68, 22.5, 22.25, 22.39, 22.34
2026-09-08, 22:20:12, 22.39, 22.5, 22.75, 22.77, 9999.0, 9999.0, 9999.0, 24.05, 9999.0, 22.55, 9999.0, 22.7, 22.5, 22.25, 22.39, 22.36
2026-09-08, 22:20:16, 22.39, 22.5, 22.75, 22.77, 9999.0, 9999.0, 9999.0, 24.0, 9999.0, 22.52, 9999.0, 22.73, 22.5, 22.25, 22.39, 22.36
2026-09-08, 22:20:20, 22.39, 22.5, 22.75, 22.77, 9999.0, 9999.0, 9999.0, 23.95, 9999.0, 22.5, 9999.0, 22.73, 22.5, 22.25, 22.41, 22.34
2026-09-08, 22:20:24, 22.36, 22.5, 22.75, 22.77, 9999.0, 9999.0, 9999.0, 23.91, 9999.0, 22.52, 9999.0, 22.73, 22.5, 22.25, 22.43, 22.32
2026-09-08, 22:20:28, 22.34, 22.5, 22.75, 22.77, 9999.0, 9999.0, 9999.0, 23.89, 9999.0, 22.55, 9999.0, 22.73, 22.5, 22.25, 22.43, 22.3
2026-09-08, 22:20:32, 22.34, 22.5, 22.75, 22.77, 9999.0, 9999.0, 9999.0, 23.86, 9999.0, 22.57, 9999.0, 22.73, 22.5, 22.25, 22.41, 22.32
2026-09-08, 22:20:36, 22.36, 22.5, 22.75, 22.77, 9999.0, 9999.0, 9999.0, 23.82, 9999.0, 22.59, 9999.0, 22.75, 22.5, 22.25, 22.39, 22.32
2026-09-08, 22:20:40, 22.39, 22.5, 22.75, 22.77, 9999.0, 9999.0, 9999.0, 23.77, 9999.0, 22.61, 9999.0, 22.77, 22.5, 22.25, 22.39, 22.34
2026-09-08, 22:20:44, 22.39, 22.5, 22.75, 22.77, 9999.0, 9999.0, 9999.0, 23.8, 9999.0, 22.64, 9999.0, 22.8, 22.5, 22.25, 22.39, 22.36
2026-09-08, 22:20:48, 22.39, 22.5, 22.75, 22.77, 9999.0, 9999.0, 9999.0, 23.82, 9999.0, 22.66, 9999.0, 22.8, 22.5, 22.25, 22.39, 22.34
2026-09-08, 22:20:52, 22.39, 22.5, 22.75, 22.77, 9999.0, 9999.0, 9999.0, 23.84, 9999.0, 22.68, 9999.0, 22.8, 22.5, 22.25, 22.39, 22.34
2026-09-08, 22:20:56, 22.39, 22.5, 22.75, 22.75, 9999.0, 9999.0, 9999.0, 23.89, 9999.0, 22.7, 9999.0, 22.77, 22.5, 22.25, 22.36, 22.32
2026-09-08, 22:21:00, 22.39, 22.5, 22.75, 22.75, 9999.0, 9999.0, 9999.0, 23.91, 9999.0, 22.73, 9999.0, 22.75, 22.5, 22.25, 22.34, 22.32
2026-09-08, 22:21:04, 22.39, 22.5, 22.75, 22.75, 9999.0, 9999.0, 9999.0, 23.93, 9999.0, 22.75, 9999.0, 22.75, 22.5, 22.25, 22.32, 22.32
2026-09-08, 22:21:08, 22.39, 22.5, 22.75, 22.75, 9999.0, 9999.0, 9999.0, 23.95, 9999.0, 22.75, 9999.0, 22.73, 22.5, 22.25, 22.32, 22.32
2026-09-08, 22:21:12, 22.41, 22.5, 22.77, 22.75, 9999.0, 9999.0, 9999.0, 23.98, 9999.0, 22.75, 9999.0, 22.7, 22.5, 22.25, 22.32, 22.32
2026-09-08, 22:21:16, 22.41, 22.5, 22.77, 22.75, 9999.0, 9999.0, 9999.0, 24.0, 9999.0, 22.73, 9999.0, 22.68, 22.5, 22.25, 22.32, 22.3
2026-09-08, 22:21:20, 22.41, 22.5, 22.77, 22.75, 9999.0, 9999.0, 9999.0, 24.05, 9999.0, 22.7, 9999.0, 22.68, 22.5, 22.25, 22.34, 22.3
2026-09-08, 22:21:24, 22.41, 22.5, 22.77, 22.75, 9999.0, 9999.0, 9999.0, 24.09, 9999.0, 22.68, 9999.0, 22.68, 22.5, 22.25, 22.34, 22.27
2026-09-08, 22:21:28, 22.39, 22.5, 22.77, 22.75, 9999.0, 9999.0, 9999.0, 24.07, 9999.0, 22.66, 9999.0, 22.68, 22.5, 22.25, 22.32, 22.25
2026-09-08, 22:21:32, 22.36, 22.5, 22.77, 22.75, 9999.0, 9999.0, 9999.0, 24.05, 9999.0, 22.64, 9999.0, 22.7, 22.5, 22.27, 22.3, 22.25
2026-09-08, 22:21:36, 22.34, 22.5, 22.77, 22.75, 9999.0, 9999.0, 9999.0, 24.0, 9999.0, 22.61, 9999.0, 22.73, 22.5, 22.27, 22.3, 22.25
2026-09-08, 22:21:40, 22.36, 22.5, 22.77, 22.75, 9999.0, 9999.0, 9999.0, 23.95, 9999.0, 22.61, 9999.0, 22.73, 22.5, 22.27, 22.32, 22.25
2026-09-08, 22:21:44, 22.36, 22.5, 22.77, 22.75, 9999.0, 9999.0, 9999.0, 23.93, 9999.0, 22.61, 9999.0, 22.73, 22.5, 22.27, 22.32, 22.25
2026-09-08, 22:21:48, 22.39, 22.5, 22.77, 22.75, 9999.0, 9999.0, 9999.0, 23.91, 9999.0, 22.61, 9999.0, 22.73, 22.5, 22.27, 22.32, 22.25
2026-09-08, 22:21:52, 22.39, 22.5, 22.77, 22.75, 9999.0, 9999.0, 9999.0, 23.86, 9999.0, 22.64, 9999.0, 22.75, 22.5, 22.27, 22.3, 22.25
2026-09-08, 22:21:56, 22.36, 22.5, 22.75, 22.75, 9999.0, 9999.0, 9999.0, 23.82, 9999.0, 22.66, 9999.0, 22.77, 22.5, 22.27, 22.3, 22.25
2026-09-08, 22:22:00, 22.36, 22.5, 22.75, 22.75, 9999.0, 9999.0, 9999.0, 23.86, 9999.0, 22.7, 9999.0, 22.8, 22.5, 22.27, 22.3, 22.25
2026-09-08, 22:22:04, 22.36, 22.5, 22.75, 22.75, 9999.0, 9999.0, 9999.0, 23.89, 9999.0, 22.75, 9999.0, 22.8, 22.5, 22.27, 22.27, 22.25
2026-09-08, 22:22:08, 22.36, 22.5, 22.75, 22.75, 9999.0, 9999.0, 9999.0, 23.91, 9999.0, 22.77, 9999.0, 22.8, 22.5, 22.27, 22.27, 22.25
2026-09-08, 22:22:12, 22.36, 22.5, 22.75, 22.75, 9999.0, 9999.0, 9999.0, 23.93, 9999.0, 22.8, 9999.0, 22.8, 22.5, 22.27, 22.27, 22.25
2026-09-08, 22:22:16, 22.36, 22.5, 22.75, 22.75, 9999.0, 9999.0, 9999.0, 23.95, 9999.0, 22.82, 9999.0, 22.77, 22.5, 22.25, 22.27, 22.25
2026-09-08, 22:22:20, 22.36, 22.5, 22.75, 22.75, 9999.0, 9999.0, 9999.0, 24.0, 9999.0, 22.84, 9999.0, 22.73, 22.5, 22.25, 22.3, 22.25
2026-09-08, 22:22:24, 22.34, 22.5, 22.75, 22.75, 9999.0, 9999.0, 9999.0, 24.02, 9999.0, 22.84, 9999.0, 22.7, 22.5, 22.25, 22.27, 22.25
2026-09-08, 22:22:28, 22.34, 22.5, 22.75, 22.75, 9999.0, 9999.0, 9999.0, 24.05, 9999.0, 22.84, 9999.0, 22.68, 22.5, 22.25, 22.3, 22.25
2026-09-08, 22:22:32, 22.32, 22.5, 22.75, 22.75, 9999.0, 9999.0, 9999.0, 24.07, 9999.0, 22.84, 9999.0, 22.66, 22.5, 22.25, 22.3, 22.25
2026-09-08, 22:22:36, 22.34, 22.5, 22.75, 22.75, 9999.0, 9999.0, 9999.0, 24.11, 9999.0, 22.82, 9999.0, 22.64, 22.5, 22.25, 22.3, 22.25
2026-09-08, 22:22:40, 22.34, 22.5, 22.77, 22.75, 9999.0, 9999.0, 9999.0, 24.16, 9999.0, 22.8, 9999.0, 22.64, 22.5, 22.25, 22.3, 22.25
2026-09-08, 22:22:44, 22.32, 22.5, 22.77, 22.75, 9999.0, 9999.0, 9999.0, 24.11, 9999.0, 22.77, 9999.0, 22.64, 22.5, 22.25, 22.3, 22.25
2026-09-08, 22:22:48, 22.32, 22.5, 22.77, 22.75, 9999.0, 9999.0, 9999.0, 24.09, 9999.0, 22.75, 9999.0, 22.64, 22.5, 22.25, 22.3, 22.25
2026-09-08, 22:22:52, 22.3, 22.5, 22.77, 22.75, 9999.0, 9999.0, 9999.0, 24.05, 9999.0, 22.75, 9999.0, 22.64, 22.5, 22.25, 22.3, 22.25
2026-09-08, 22:22:56, 22.3, 22.5, 22.77, 22.75, 9999.0, 9999.0, 9999.0, 24.0, 9999.0, 22.73, 9999.0, 22.64, 22.5, 22.25, 22.3, 22.25
2026-09-08, 22:23:00, 22.3, 22.5, 22.77, 22.75, 9999.0, 9999.0, 9999.0, 23.95, 9999.0, 22.73, 9999.0, 22.64, 22.5, 22.25, 22.3, 22.27
2026-09-08, 22:23:04, 22.32, 22.5, 22.77, 22.75, 9999.0, 9999.0, 9999.0, 23.91, 9999.0, 22.73, 9999.0, 22.66, 22.5, 22.25, 22.27, 22.27
2026-09-08, 22:23:08, 22.34, 22.5, 22.77, 22.75, 9999.0, 9999.0, 9999.0, 23.89, 9999.0, 22.73, 9999.0, 22.68, 22.5, 22.25, 22.27, 22.27
2026-09-08, 22:23:12, 22.34, 22.5, 22.77, 22.75, 9999.0, 9999.0, 9999.0, 23.86, 9999.0, 22.75, 9999.0, 22.7, 22.5, 22.25, 22.25, 22.27
2026-09-08, 22:23:16, 22.34, 22.5, 22.77, 22.75, 9999.0, 9999.0, 9999.0, 23.84, 9999.0, 22.77, 9999.0, 22.73, 22.5, 22.25, 22.25, 22.27
2026-09-08, 22:23:20, 22.34, 22.5, 22.77, 22.75, 9999.0, 9999.0, 9999.0, 23.89, 9999.0, 22.8, 9999.0, 22.75, 22.5, 22.25, 22.27, 22.27
2026-09-08, 22:23:24, 22.34, 22.5, 22.75, 22.75, 9999.0, 9999.0, 9999.0, 23.93, 9999.0, 22.82, 9999.0, 22.75, 22.5, 22.25, 22.27, 22.3
2026-09-08, 22:23:28, 22.34, 22.5, 22.75, 22.75, 9999.0, 9999.0, 9999.0, 23.95, 9999.0, 22.84, 9999.0, 22.75, 22.5, 22.25, 22.3, 22.3
2026-09-08, 22:23:32, 22.34, 22.5, 22.75, 22.75, 9999.0, 9999.0, 9999.0, 23.98, 9999.0, 22.84, 9999.0, 22.75, 22.5, 22.25, 22.32, 22.3
2026-09-08, 22:23:37, 22.34, 22.5, 22.75, 22.75, 9999.0, 9999.0, 9999.0, 24.02, 9999.0, 22.84, 9999.0, 22.75, 22.5, 22.25, 22.32, 22.32
2026-09-08, 22:23:41, 22.34, 22.5, 22.75, 22.75, 9999.0, 9999.0, 9999.0, 24.05, 9999.0, 22.86, 9999.0, 22.73, 22.5, 22.25, 22.32, 22.32
2026-09-08, 22:23:45, 22.36, 22.5, 22.75, 22.75, 9999.0, 9999.0, 9999.0, 24.07, 9999.0, 22.86, 9999.0, 22.7, 22.5, 22.25, 22.32, 22.3
2026-09-08, 22:23:49, 22.34, 22.5, 22.75, 22.75, 9999.0, 9999.0, 9999.0, 24.09, 9999.0, 22.86, 9999.0, 22.7, 22.5, 22.25, 22.32, 22.32
2026-09-08, 22:23:53, 22.32, 22.5, 22.75, 22.75, 9999.0, 9999.0, 9999.0, 24.14, 9999.0, 22.86, 9999.0, 22.68, 22.5, 22.25, 22.32, 22.32
2026-09-08, 22:23:57, 22.32, 22.5, 22.75, 22.75, 9999.0, 9999.0, 9999.0, 24.16, 9999.0, 22.82, 9999.0, 22.66, 22.5, 22.25, 22.32, 22.32
2026-09-08, 22:24:01, 22.34, 22.5, 22.75, 22.75, 9999.0, 9999.0, 9999.0, 24.18, 9999.0, 22.8, 9999.0, 22.66, 22.5, 22.25, 22.32, 22.32
2026-09-08, 22:24:05, 22.32, 22.5, 22.75, 22.75, 9999.0, 9999.0, 9999.0, 24.14, 9999.0, 22.77, 9999.0, 22.66, 22.48, 22.25, 22.3, 22.32
2026-09-08, 22:24:09, 22.32, 22.5, 22.75, 22.75, 9999.0, 9999.0, 9999.0, 24.09, 9999.0, 22.75, 9999.0, 22.68, 22.48, 22.25, 22.3, 22.3
2026-09-08, 22:24:13, 22.32, 22.5, 22.75, 22.75, 9999.0, 9999.0, 9999.0, 24.07, 9999.0, 22.73, 9999.0, 22.68, 22.48, 22.25, 22.27, 22.3
2026-09-08, 22:24:17, 22.3, 22.5, 22.75, 22.75, 9999.0, 9999.0, 9999.0, 24.05, 9999.0, 22.7, 9999.0, 22.68, 22.48, 22.25, 22.25, 22.3
2026-09-08, 22:24:21, 22.3, 22.5, 22.75, 22.75, 9999.0, 9999.0, 9999.0, 24.0, 9999.0, 22.7, 9999.0, 22.68, 22.48, 22.25, 22.27, 22.27
2026-09-08, 22:24:25, 22.3, 22.5, 22.75, 22.75, 9999.0, 9999.0, 9999.0, 23.98, 9999.0, 22.7, 9999.0, 22.7, 22.48, 22.27, 22.27, 22.27
2026-09-08, 22:24:29, 22.27, 22.5, 22.75, 22.75, 9999.0, 9999.0, 9999.0, 23.95, 9999.0, 22.7, 9999.0, 22.73, 22.48, 22.27, 22.3, 22.27
2026-09-08, 22:24:33, 22.27, 22.5, 22.75, 22.75, 9999.0, 9999.0, 9999.0, 23.93, 9999.0, 22.7, 9999.0, 22.73, 22.48, 22.27, 22.3, 22.25
2026-09-08, 22:24:37, 22.3, 22.5, 22.75, 22.75, 9999.0, 9999.0, 9999.0, 23.89, 9999.0, 22.7, 9999.0, 22.75, 22.48, 22.27, 22.3, 22.25
2026-09-08, 22:24:41, 22.32, 22.5, 22.75, 22.75, 9999.0, 9999.0, 9999.0, 23.93, 9999.0, 22.73, 9999.0, 22.77, 22.48, 22.27, 22.3, 22.25
2026-09-08, 22:24:45, 22.3, 22.5, 22.75, 22.75, 9999.0, 9999.0, 9999.0, 23.95, 9999.0, 22.73, 9999.0, 22.77, 22.48, 22.27, 22.3, 22.25
2026-09-08, 22:24:49, 22.3, 22.5, 22.75, 22.75, 9999.0, 9999.0, 9999.0, 23.98, 9999.0, 22.73, 9999.0, 22.77, 22.5, 22.27, 22.3, 22.25
2026-09-08, 22:24:53, 22.3, 22.5, 22.75, 22.75, 9999.0, 9999.0, 9999.0, 24.0, 9999.0, 22.73, 9999.0, 22.75, 22.5, 22.27, 22.3, 22.25
2026-09-08, 22:24:57, 22.3, 22.5, 22.75, 22.75, 9999.0, 9999.0, 9999.0, 24.02, 9999.0, 22.73, 9999.0, 22.73, 22.5, 22.27, 22.3, 22.25
2026-09-08, 22:25:01, 22.3, 22.5, 22.75, 22.75, 9999.0, 9999.0, 9999.0, 24.05, 9999.0, 22.73, 9999.0, 22.7, 22.5, 22.27, 22.3, 22.25
2026-09-08, 22:25:05, 22.3, 22.5, 22.75, 22.75, 9999.0, 9999.0, 9999.0, 24.07, 9999.0, 22.7, 9999.0, 22.68, 22.5, 22.27, 22.27, 22.25
2026-09-08, 22:25:09, 22.3, 22.5, 22.75, 22.75, 9999.0, 9999.0, 9999.0, 24.11, 9999.0, 22.68, 9999.0, 22.68, 22.5, 22.25, 22.27, 22.25
2026-09-08, 22:25:13, 22.3, 22.5, 22.75, 22.75, 9999.0, 9999.0, 9999.0, 24.16, 9999.0, 22.68, 9999.0, 22.66, 22.5, 22.25, 22.25, 22.25
2026-09-08, 22:25:17, 22.3, 22.5, 22.75, 22.75, 9999.0, 9999.0, 9999.0, 24.18, 9999.0, 22.68, 9999.0, 22.66, 22.5, 22.25, 22.25, 22.25
2026-09-08, 22:25:21, 22.3, 22.5, 22.75, 22.75, 9999.0, 9999.0, 9999.0, 24.2, 9999.0, 22.68, 9999.0, 22.66, 22.5, 22.25, 22.25, 22.25
2026-09-08, 22:25:25, 22.27, 22.5, 22.75, 22.75, 9999.0, 9999.0, 9999.0, 24.16, 9999.0, 22.68, 9999.0, 22.66, 22.48, 22.25, 22.25, 22.25
2026-09-08, 22:25:29, 22.27, 22.5, 22.75, 22.75, 9999.0, 9999.0, 9999.0, 24.14, 9999.0, 22.66, 9999.0, 22.68, 22.48, 22.25, 22.25, 22.25
2026-09-08, 22:25:33, 22.3, 22.5, 22.75, 22.75, 9999.0, 9999.0, 9999.0, 24.11, 9999.0, 22.64, 9999.0, 22.68, 22.48, 22.25, 22.27, 22.25
2026-09-08, 22:25:37, 22.3, 22.5, 22.75, 22.75, 9999.0, 9999.0, 9999.0, 24.09, 9999.0, 22.61, 9999.0, 22.68, 22.48, 22.25, 22.3, 22.25
2026-09-08, 22:25:41, 22.32, 22.5, 22.75, 22.75, 9999.0, 9999.0, 9999.0, 24.05, 9999.0, 22.61, 9999.0, 22.7, 22.48, 22.25, 22.3, 22.25
2026-09-08, 22:25:45, 22.32, 22.5, 22.75, 22.75, 9999.0, 9999.0, 9999.0, 24.0, 9999.0, 22.64, 9999.0, 22.73, 22.48, 22.25, 22.3, 22.27
2026-09-08, 22:25:49, 22.32, 22.5, 22.75, 22.75, 9999.0, 9999.0, 9999.0, 23.98, 9999.0, 22.68, 9999.0, 22.75, 22.48, 22.25, 22.3, 22.27
2026-09-08, 22:25:53, 22.32, 22.5, 22.75, 22.75, 9999.0, 9999.0, 9999.0, 23.93, 9999.0, 22.7, 9999.0, 22.75, 22.48, 22.25, 22.3, 22.27
2026-09-08, 22:25:57, 22.34, 22.5, 22.75, 22.75, 9999.0, 9999.0, 9999.0, 23.86, 9999.0, 22.73, 9999.0, 22.77, 22.48, 22.25, 22.32, 22.27
2026-09-08, 22:26:01, 22.34, 22.5, 22.75, 22.75, 9999.0, 9999.0, 9999.0, 23.91, 9999.0, 22.73, 9999.0, 22.77, 22.48, 22.25, 22.32, 22.27
2026-09-08, 22:26:05, 22.32, 22.5, 22.75, 22.75, 9999.0, 9999.0, 9999.0, 23.93, 9999.0, 22.73, 9999.0, 22.77, 22.48, 22.25, 22.34, 22.27
2026-09-08, 22:26:09, 22.32, 22.5, 22.75, 22.75, 9999.0, 9999.0, 9999.0, 23.95, 9999.0, 22.73, 9999.0, 22.77, 22.5, 22.25, 22.34, 22.27
2026-09-08, 22:26:13, 22.32, 22.5, 22.75, 22.75, 9999.0, 9999.0, 9999.0, 23.98, 9999.0, 22.75, 9999.0, 22.75, 22.5, 22.25, 22.34, 22.27
2026-09-08, 22:26:17, 22.3, 22.5, 22.75, 22.75, 9999.0, 9999.0, 9999.0, 24.0, 9999.0, 22.77, 9999.0, 22.75, 22.5, 22.25, 22.32, 22.27
2026-09-08, 22:26:21, 22.3, 22.5, 22.75, 22.75, 9999.0, 9999.0, 9999.0, 24.0, 9999.0, 22.77, 9999.0, 22.73, 22.5, 22.25, 22.3, 22.27
2026-09-08, 22:26:25, 22.27, 22.5, 22.75, 22.75, 9999.0, 9999.0, 9999.0, 24.02, 9999.0, 22.75, 9999.0, 22.7, 22.5, 22.25, 22.3, 22.27
2026-09-08, 22:26:29, 22.3, 22.5, 22.75, 22.75, 9999.0, 9999.0, 9999.0, 24.05, 9999.0, 22.73, 9999.0, 22.68, 22.5, 22.25, 22.3, 22.25
2026-09-08, 22:26:33, 22.32, 22.5, 22.75, 22.75, 9999.0, 9999.0, 9999.0, 24.07, 9999.0, 22.68, 9999.0, 22.68, 22.5, 22.25, 22.3, 22.25
2026-09-08, 22:26:37, 22.34, 22.5, 22.75, 22.75, 9999.0, 9999.0, 9999.0, 24.09, 9999.0, 22.68, 9999.0, 22.68, 22.5, 22.25, 22.3, 22.25
2026-09-08, 22:26:41, 22.34, 22.5, 22.75, 22.75, 9999.0, 9999.0, 9999.0, 24.14, 9999.0, 22.64, 9999.0, 22.68, 22.5, 22.25, 22.27, 22.25
2026-09-08, 22:26:45, 22.34, 22.5, 22.75, 22.75, 9999.0, 9999.0, 9999.0, 24.09, 9999.0, 22.61, 9999.0, 22.68, 22.5, 22.25, 22.3, 22.25
2026-09-08, 22:26:49, 22.34, 22.5, 22.75, 22.75, 9999.0, 9999.0, 9999.0, 24.07, 9999.0, 22.59, 9999.0, 22.68, 22.5, 22.25, 22.27, 22.25
2026-09-08, 22:26:53, 22.34, 22.5, 22.75, 22.75, 9999.0, 9999.0, 9999.0, 24.02, 9999.0, 22.57, 9999.0, 22.68, 22.5, 22.25, 22.27, 22.25
2026-09-08, 22:26:57, 22.34, 22.5, 22.75, 22.75, 9999.0, 9999.0, 9999.0, 23.98, 9999.0, 22.57, 9999.0, 22.68, 22.5, 22.25, 22.27, 22.25
2026-09-08, 22:27:01, 22.34, 22.5, 22.75, 22.75, 9999.0, 9999.0, 9999.0, 23.93, 9999.0, 22.57, 9999.0, 22.68, 22.5, 22.25, 22.27, 22.25
2026-09-08, 22:27:05, 22.34, 22.5, 22.75, 22.75, 9999.0, 9999.0, 9999.0, 23.91, 9999.0, 22.57, 9999.0, 22.7, 22.5, 22.25, 22.27, 22.25
2026-09-08, 22:27:09, 22.34, 22.5, 22.75, 22.75, 9999.0, 9999.0, 9999.0, 23.89, 9999.0, 22.59, 9999.0, 22.73, 22.5, 22.25, 22.27, 22.25
2026-09-08, 22:27:13, 22.32, 22.5, 22.75, 22.75, 9999.0, 9999.0, 9999.0, 23.86, 9999.0, 22.61, 9999.0, 22.75, 22.5, 22.25, 22.27, 22.25
2026-09-08, 22:27:17, 22.32, 22.5, 22.75, 22.75, 9999.0, 9999.0, 9999.0, 23.82, 9999.0, 22.64, 9999.0, 22.75, 22.5, 22.25, 22.27, 22.25
2026-09-08, 22:27:21, 22.3, 22.5, 22.75, 22.75, 9999.0, 9999.0, 9999.0, 23.86, 9999.0, 22.64, 9999.0, 22.75, 22.5, 22.25, 22.27, 22.25
2026-09-08, 22:27:25, 22.27, 22.5, 22.75, 22.75, 9999.0, 9999.0, 9999.0, 23.89, 9999.0, 22.64, 9999.0, 22.75, 22.5, 22.25, 22.27, 22.25
2026-09-08, 22:27:30, 22.27, 22.5, 22.75, 22.75, 9999.0, 9999.0, 9999.0, 23.91, 9999.0, 22.64, 9999.0, 22.75, 22.5, 22.25, 22.25, 22.25
2026-09-08, 22:27:34, 22.27, 22.5, 22.75, 22.75, 9999.0, 9999.0, 9999.0, 23.93, 9999.0, 22.66, 9999.0, 22.75, 22.5, 22.25, 22.27, 22.25
2026-09-08, 22:27:38, 22.3, 22.5, 22.75, 22.75, 9999.0, 9999.0, 9999.0, 23.95, 9999.0, 22.66, 9999.0, 22.75, 22.5, 22.25, 22.27, 22.25
2026-09-08, 22:27:42, 22.3, 22.5, 22.75, 22.75, 9999.0, 9999.0, 9999.0, 23.98, 9999.0, 22.64, 9999.0, 22.75, 22.5, 22.25, 22.27, 22.25
2026-09-08, 22:27:46, 22.3, 22.5, 22.75, 22.75, 9999.0, 9999.0, 9999.0, 24.0, 9999.0, 22.61, 9999.0, 22.73, 22.5, 22.25, 22.27, 22.25
2026-09-08, 22:27:50, 22.32, 22.5, 22.75, 22.75, 9999.0, 9999.0, 9999.0, 24.02, 9999.0, 22.61, 9999.0, 22.73, 22.5, 22.25, 22.27, 22.25
2026-09-08, 22:27:54, 22.32, 22.5, 22.75, 22.75, 9999.0, 9999.0, 9999.0, 24.05, 9999.0, 22.59, 9999.0, 22.7, 22.5, 22.25, 22.27, 22.25
2026-09-08, 22:27:58, 22.32, 22.5, 22.75, 22.75, 9999.0, 9999.0, 9999.0, 24.07, 9999.0, 22.57, 9999.0, 22.7, 22.5, 22.25, 22.27, 22.25
2026-09-08, 22:28:02, 22.32, 22.5, 22.75, 22.75, 9999.0, 9999.0, 9999.0, 24.11, 9999.0, 22.55, 9999.0, 22.7, 22.5, 22.25, 22.27, 22.25
2026-09-08, 22:28:06, 22.32, 22.5, 22.75, 22.75, 9999.0, 9999.0, 9999.0, 24.05, 9999.0, 22.52, 9999.0, 22.7, 22.5, 22.25, 22.27, 22.25
2026-09-08, 22:28:10, 22.34, 22.5, 22.75, 22.75, 9999.0, 9999.0, 9999.0, 24.0, 9999.0, 22.5, 9999.0, 22.7, 22.5, 22.25, 22.27, 22.25
2026-09-08, 22:28:14, 22.34, 22.5, 22.75, 22.75, 9999.0, 9999.0, 9999.0, 23.95, 9999.0, 22.48, 9999.0, 22.7, 22.5, 22.25, 22.27, 22.25
2026-09-08, 22:28:18, 22.36, 22.5, 22.75, 22.75, 9999.0, 9999.0, 9999.0, 23.91, 9999.0, 22.45, 9999.0, 22.7, 22.5, 22.25, 22.25, 22.25
2026-09-08, 22:28:22, 22.34, 22.5, 22.75, 22.75, 9999.0, 9999.0, 9999.0, 23.89, 9999.0, 22.45, 9999.0, 22.7, 22.5, 22.25, 22.25, 22.25
2026-09-08, 22:28:26, 22.36, 22.5, 22.75, 22.75, 9999.0, 9999.0, 9999.0, 23.86, 9999.0, 22.45, 9999.0, 22.7, 22.5, 22.25, 22.25, 22.25
2026-09-08, 22:28:30, 22.39, 22.5, 22.75, 22.75, 9999.0, 9999.0, 9999.0, 23.82, 9999.0, 22.48, 9999.0, 22.73, 22.5, 22.25, 22.25, 22.25
2026-09-08, 22:28:34, 22.39, 22.5, 22.75, 22.75, 9999.0, 9999.0, 9999.0, 23.77, 9999.0, 22.5, 9999.0, 22.73, 22.5, 22.25, 22.25, 22.25
2026-09-08, 22:28:38, 22.41, 22.5, 22.75, 22.75, 9999.0, 9999.0, 9999.0, 23.73, 9999.0, 22.52, 9999.0, 22.75, 22.5, 22.25, 22.25, 22.25
2026-09-08, 22:28:42, 22.41, 22.5, 22.75, 22.75, 9999.0, 9999.0, 9999.0, 23.75, 9999.0, 22.55, 9999.0, 22.75, 22.5, 22.25, 22.27, 22.25
2026-09-08, 22:28:46, 22.41, 22.5, 22.75, 22.75, 9999.0, 9999.0, 9999.0, 23.77, 9999.0, 22.55, 9999.0, 22.75, 22.5, 22.25, 22.27, 22.27
2026-09-08, 22:28:50, 22.41, 22.5, 22.75, 22.75, 9999.0, 9999.0, 9999.0, 23.82, 9999.0, 22.55, 9999.0, 22.75, 22.5, 22.25, 22.27, 22.27
2026-09-08, 22:28:54, 22.41, 22.5, 22.75, 22.75, 9999.0, 9999.0, 9999.0, 23.84, 9999.0, 22.57, 9999.0, 22.73, 22.5, 22.25, 22.27, 22.27
2026-09-08, 22:28:58, 22.41, 22.5, 22.75, 22.75, 9999.0, 9999.0, 9999.0, 23.86, 9999.0, 22.59, 9999.0, 22.73, 22.5, 22.25, 22.27, 22.27
2026-09-08, 22:29:02, 22.39, 22.5, 22.75, 22.75, 9999.0, 9999.0, 9999.0, 23.89, 9999.0, 22.57, 9999.0, 22.7, 22.5, 22.25, 22.27, 22.27
2026-09-08, 22:29:06, 22.39, 22.5, 22.75, 22.75, 9999.0, 9999.0, 9999.0, 23.91, 9999.0, 22.57, 9999.0, 22.68, 22.5, 22.25, 22.27, 22.27
2026-09-08, 22:29:10, 22.36, 22.5, 22.75, 22.75, 9999.0, 9999.0, 9999.0, 23.93, 9999.0, 22.57, 9999.0, 22.68, 22.5, 22.25, 22.27, 22.27
2026-09-08, 22:29:14, 22.34, 22.5, 22.75, 22.75, 9999.0, 9999.0, 9999.0, 23.98, 9999.0, 22.55, 9999.0, 22.66, 22.5, 22.25, 22.27, 22.27
2026-09-08, 22:29:18, 22.32, 22.5, 22.75, 22.75, 9999.0, 9999.0, 9999.0, 24.0, 9999.0, 22.5, 9999.0, 22.66, 22.5, 22.25, 22.27, 22.27
2026-09-08, 22:29:22, 22.32, 22.5, 22.75, 22.75, 9999.0, 9999.0, 9999.0, 24.02, 9999.0, 22.45, 9999.0, 22.66, 22.5, 22.25, 22.27, 22.27
2026-09-08, 22:29:26, 22.34, 22.5, 22.75, 22.75, 9999.0, 9999.0, 9999.0, 23.98, 9999.0, 22.39, 9999.0, 22.66, 22.5, 22.25, 22.25, 22.27
2026-09-08, 22:29:30, 22.34, 22.5, 22.75, 22.75, 9999.0, 9999.0, 9999.0, 23.93, 9999.0, 22.36, 9999.0, 22.68, 22.5, 22.25, 22.25, 22.25
2026-09-08, 22:29:34, 22.34, 22.5, 22.75, 22.75, 9999.0, 9999.0, 9999.0, 23.89, 9999.0, 22.32, 9999.0, 22.68, 22.5, 22.27, 22.25, 22.25
2026-09-08, 22:29:38, 22.32, 22.5, 22.75, 22.75, 9999.0, 9999.0, 9999.0, 23.86, 9999.0, 22.32, 9999.0, 22.7, 22.5, 22.27, 22.25, 22.25
2026-09-08, 22:29:42, 22.32, 22.5, 22.75, 22.75, 9999.0, 9999.0, 9999.0, 23.82, 9999.0, 22.32, 9999.0, 22.7, 22.5, 22.27, 22.27, 22.25
2026-09-08, 22:29:46, 22.32, 22.5, 22.75, 22.75, 9999.0, 9999.0, 9999.0, 23.77, 9999.0, 22.34, 9999.0, 22.73, 22.5, 22.27, 22.27, 22.25
2026-09-08, 22:29:50, 22.32, 22.5, 22.75, 22.75, 9999.0, 9999.0, 9999.0, 23.73, 9999.0, 22.34, 9999.0, 22.75, 22.5, 22.27, 22.27, 22.25
2026-09-08, 22:29:54, 22.32, 22.5, 22.75, 22.75, 9999.0, 9999.0, 9999.0, 23.68, 9999.0, 22.34, 9999.0, 22.75, 22.5, 22.27, 22.27, 22.25
2026-09-08, 22:29:58, 22.32, 22.5, 22.75, 22.75, 9999.0, 9999.0, 9999.0, 23.7, 9999.0, 22.34, 9999.0, 22.77, 22.5, 22.27, 22.3, 22.25
2026-09-08, 22:30:02, 22.32, 22.5, 22.75, 22.75, 9999.0, 9999.0, 9999.0, 23.75, 9999.0, 22.36, 9999.0, 22.77, 22.5, 22.27, 22.3, 22.25
2026-09-08, 22:30:06, 22.3, 22.5, 22.75, 22.75, 9999.0, 9999.0, 9999.0, 23.8, 9999.0, 22.39, 9999.0, 22.77, 22.5, 22.27, 22.32, 22.25
2026-09-08, 22:30:10, 22.27, 22.5, 22.75, 22.75, 9999.0, 9999.0, 9999.0, 23.84, 9999.0, 22.43, 9999.0, 22.77, 22.5, 22.27, 22.32, 22.25
2026-09-08, 22:30:14, 22.25, 22.5, 22.75, 22.75, 9999.0, 9999.0, 9999.0, 23.89, 9999.0, 22.45, 9999.0, 22.75, 22.5, 22.27, 22.32, 22.25
2026-09-08, 22:30:18, 22.25, 22.5, 22.75, 22.75, 9999.0, 9999.0, 9999.0, 23.91, 9999.0, 22.48, 9999.0, 22.75, 22.5, 22.25, 22.32, 22.25
2026-09-08, 22:30:22, 22.27, 22.5, 22.75, 22.75, 9999.0, 9999.0, 9999.0, 23.93, 9999.0, 22.45, 9999.0, 22.75, 22.5, 22.25, 22.32, 22.25
2026-09-08, 22:30:26, 22.3, 22.5, 22.75, 22.75, 9999.0, 9999.0, 9999.0, 23.98, 9999.0, 22.43, 9999.0, 22.75, 22.5, 22.25, 22.3, 22.27
2026-09-08, 22:30:30, 22.32, 22.5, 22.75, 22.75, 9999.0, 9999.0, 9999.0, 24.02, 9999.0, 22.41, 9999.0, 22.73, 22.5, 22.25, 22.3, 22.3
2026-09-08, 22:30:34, 22.32, 22.5, 22.75, 22.75, 9999.0, 9999.0, 9999.0, 24.05, 9999.0, 22.39, 9999.0, 22.73, 22.5, 22.25, 22.3, 22.3
2026-09-08, 22:30:39, 22.34, 22.5, 22.75, 22.75, 9999.0, 9999.0, 9999.0, 24.07, 9999.0, 22.36, 9999.0, 22.73, 22.5, 22.25, 22.3, 22.3
2026-09-08, 22:30:43, 22.34, 22.5, 22.75, 22.75, 9999.0, 9999.0, 9999.0, 24.02, 9999.0, 22.34, 9999.0, 22.73, 22.5, 22.25, 22.27, 22.3
2026-09-08, 22:30:47, 22.34, 22.5, 22.75, 22.75, 9999.0, 9999.0, 9999.0, 23.98, 9999.0, 22.32, 9999.0, 22.73, 22.5, 22.25, 22.3, 22.3
2026-09-08, 22:30:51, 22.34, 22.5, 22.75, 22.75, 9999.0, 9999.0, 9999.0, 23.93, 9999.0, 22.3, 9999.0, 22.75, 22.5, 22.25, 22.27, 22.3
2026-09-08, 22:30:55, 22.34, 22.5, 22.75, 22.75, 9999.0, 9999.0, 9999.0, 23.89, 9999.0, 22.25, 9999.0, 22.75, 22.5, 22.25, 22.3, 22.3
2026-09-08, 22:30:59, 22.36, 22.5, 22.75, 22.75, 9999.0, 9999.0, 9999.0, 23.84, 9999.0, 22.23, 9999.0, 22.75, 22.5, 22.25, 22.32, 22.3
2026-09-08, 22:31:03, 22.36, 22.5, 22.75, 22.75, 9999.0, 9999.0, 9999.0, 23.8, 9999.0, 22.23, 9999.0, 22.75, 22.5, 22.25, 22.32, 22.3
2026-09-08, 22:31:07, 22.34, 22.5, 22.75, 22.75, 9999.0, 9999.0, 9999.0, 23.75, 9999.0, 22.25, 9999.0, 22.75, 22.5, 22.25, 22.32, 22.3
2026-09-08, 22:31:11, 22.32, 22.5, 22.75, 22.75, 9999.0, 9999.0, 9999.0, 23.7, 9999.0, 22.27, 9999.0, 22.75, 22.5, 22.25, 22.32, 22.3
2026-09-08, 22:31:15, 22.3, 22.5, 22.75, 22.75, 9999.0, 9999.0, 9999.0, 23.64, 9999.0, 22.3, 9999.0, 22.77, 22.52, 22.25, 22.32, 22.27
2026-09-08, 22:31:19, 22.3, 22.5, 22.75, 22.75, 9999.0, 9999.0, 9999.0, 23.68, 9999.0, 22.32, 9999.0, 22.77, 22.52, 22.25, 22.32, 22.27
2026-09-08, 22:31:23, 22.27, 22.5, 22.75, 22.75, 9999.0, 9999.0, 9999.0, 23.73, 9999.0, 22.34, 9999.0, 22.77, 22.52, 22.25, 22.32, 22.27
2026-09-08, 22:31:27, 22.3, 22.5, 22.75, 22.75, 9999.0, 9999.0, 9999.0, 23.75, 9999.0, 22.36, 9999.0, 22.77, 22.52, 22.25, 22.32, 22.3
2026-09-08, 22:31:31, 22.3, 22.5, 22.75, 22.75, 9999.0, 9999.0, 9999.0, 23.77, 9999.0, 22.39, 9999.0, 22.77, 22.52, 22.25, 22.32, 22.3
2026-09-08, 22:31:35, 22.3, 22.5, 22.75, 22.75, 9999.0, 9999.0, 9999.0, 23.77, 9999.0, 22.39, 9999.0, 22.73, 22.52, 22.25, 22.34, 22.3
2026-09-08, 22:31:39, 22.3, 22.5, 22.75, 22.75, 9999.0, 9999.0, 9999.0, 23.8, 9999.0, 22.41, 9999.0, 22.73, 22.52, 22.25, 22.32, 22.3
2026-09-08, 22:31:43, 22.3, 22.5, 22.75, 22.75, 9999.0, 9999.0, 9999.0, 23.82, 9999.0, 22.41, 9999.0, 22.7, 22.52, 22.25, 22.32, 22.3
2026-09-08, 22:31:47, 22.3, 22.5, 22.75, 22.75, 9999.0, 9999.0, 9999.0, 23.84, 9999.0, 22.41, 9999.0, 22.68, 22.52, 22.25, 22.34, 22.3
2026-09-08, 22:31:51, 22.3, 22.5, 22.75, 22.75, 9999.0, 9999.0, 9999.0, 23.89, 9999.0, 22.39, 9999.0, 22.68, 22.52, 22.25, 22.34, 22.32
2026-09-08, 22:31:55, 22.3, 22.5, 22.75, 22.75, 9999.0, 9999.0, 9999.0, 23.91, 9999.0, 22.36, 9999.0, 22.68, 22.52, 22.25, 22.34, 22.32
2026-09-08, 22:31:59, 22.32, 22.5, 22.75, 22.75, 9999.0, 9999.0, 9999.0, 23.95, 9999.0, 22.34, 9999.0, 22.68, 22.5, 22.25, 22.34, 22.32
2026-09-08, 22:32:03, 22.32, 22.5, 22.75, 22.75, 9999.0, 9999.0, 9999.0, 23.91, 9999.0, 22.32, 9999.0, 22.68, 22.5, 22.25, 22.34, 22.32
2026-09-08, 22:32:07, 22.32, 22.5, 22.75, 22.75, 9999.0, 9999.0, 9999.0, 23.86, 9999.0, 22.27, 9999.0, 22.7, 22.5, 22.25, 22.34, 22.32
2026-09-08, 22:32:11, 22.32, 22.5, 22.75, 22.75, 9999.0, 9999.0, 9999.0, 23.82, 9999.0, 22.23, 9999.0, 22.73, 22.5, 22.25, 22.34, 22.3
2026-09-08, 22:32:15, 22.34, 22.5, 22.75, 22.75, 9999.0, 9999.0, 9999.0, 23.77, 9999.0, 22.18, 9999.0, 22.73, 22.5, 22.25, 22.32, 22.3
2026-09-08, 22:32:19, 22.34, 22.5, 22.75, 22.75, 9999.0, 9999.0, 9999.0, 23.75, 9999.0, 22.18, 9999.0, 22.75, 22.5, 22.25, 22.3, 22.3
2026-09-08, 22:32:23, 22.34, 22.5, 22.75, 22.75, 9999.0, 9999.0, 9999.0, 23.7, 9999.0, 22.18, 9999.0, 22.75, 22.5, 22.25, 22.3, 22.3
2026-09-08, 22:32:27, 22.32, 22.5, 22.75, 22.75, 9999.0, 9999.0, 9999.0, 23.66, 9999.0, 22.2, 9999.0, 22.77, 22.5, 22.25, 22.27, 22.3
2026-09-08, 22:32:31, 22.32, 22.5, 22.75, 22.75, 9999.0, 9999.0, 9999.0, 23.64, 9999.0, 22.23, 9999.0, 22.8, 22.5, 22.25, 22.25, 22.3
2026-09-08, 22:32:35, 22.32, 22.5, 22.77, 22.75, 9999.0, 9999.0, 9999.0, 23.57, 9999.0, 22.25, 9999.0, 22.8, 22.5, 22.25, 22.27, 22.27
2026-09-08, 22:32:39, 22.32, 22.5, 22.77, 22.75, 9999.0, 9999.0, 9999.0, 23.61, 9999.0, 22.27, 9999.0, 22.8, 22.5, 22.25, 22.27, 22.25
2026-09-08, 22:32:43, 22.3, 22.5, 22.8, 22.75, 9999.0, 9999.0, 9999.0, 23.66, 9999.0, 22.3, 9999.0, 22.8, 22.5, 22.25, 22.27, 22.25
2026-09-08, 22:32:47, 22.3, 22.5, 22.8, 22.75, 9999.0, 9999.0, 9999.0, 23.7, 9999.0, 22.3, 9999.0, 22.8, 22.5, 22.25, 22.27, 22.27
2026-09-08, 22:32:51, 22.32, 22.5, 22.8, 22.75, 9999.0, 9999.0, 9999.0, 23.75, 9999.0, 22.32, 9999.0, 22.77, 22.5, 22.25, 22.27, 22.27
2026-09-08, 22:32:55, 22.3, 22.5, 22.8, 22.75, 9999.0, 9999.0, 9999.0, 23.8, 9999.0, 22.34, 9999.0, 22.75, 22.5, 22.25, 22.3, 22.27
2026-09-08, 22:32:59, 22.27, 22.5, 22.8, 22.75, 9999.0, 9999.0, 9999.0, 23.84, 9999.0, 22.36, 9999.0, 22.75, 22.5, 22.25, 22.3, 22.27
2026-09-08, 22:33:03, 22.3, 22.5, 22.8, 22.75, 9999.0, 9999.0, 9999.0, 23.89, 9999.0, 22.36, 9999.0, 22.73, 22.5, 22.25, 22.3, 22.27
2026-09-08, 22:33:07, 22.3, 22.5, 22.8, 22.75, 9999.0, 9999.0, 9999.0, 23.93, 9999.0, 22.36, 9999.0, 22.73, 22.5, 22.25, 22.3, 22.3
2026-09-08, 22:33:12, 22.3, 22.5, 22.8, 22.75, 9999.0, 9999.0, 9999.0, 23.98, 9999.0, 22.34, 9999.0, 22.7, 22.5, 22.25, 22.3, 22.3
2026-09-08, 22:33:16, 22.32, 22.5, 22.8, 22.75, 9999.0, 9999.0, 9999.0, 24.02, 9999.0, 22.32, 9999.0, 22.7, 22.5, 22.25, 22.3, 22.3
2026-09-08, 22:33:20, 22.32, 22.5, 22.77, 22.75, 9999.0, 9999.0, 9999.0, 24.07, 9999.0, 22.3, 9999.0, 22.7, 22.5, 22.25, 22.27, 22.32
2026-09-08, 22:33:24, 22.32, 22.5, 22.77, 22.75, 9999.0, 9999.0, 9999.0, 24.02, 9999.0, 22.27, 9999.0, 22.73, 22.5, 22.25, 22.3, 22.32
2026-09-08, 22:33:28, 22.34, 22.5, 22.77, 22.75, 9999.0, 9999.0, 9999.0, 23.95, 9999.0, 22.25, 9999.0, 22.75, 22.5, 22.25, 22.32, 22.34
2026-09-08, 22:33:32, 22.34, 22.5, 22.77, 22.75, 9999.0, 9999.0, 9999.0, 23.89, 9999.0, 22.23, 9999.0, 22.77, 22.5, 22.25, 22.34, 22.32
2026-09-08, 22:33:36, 22.32, 22.5, 22.77, 22.75, 9999.0, 9999.0, 9999.0, 23.82, 9999.0, 22.23, 9999.0, 22.8, 22.5, 22.25, 22.34, 22.32
2026-09-08, 22:33:40, 22.32, 22.5, 22.77, 22.75, 9999.0, 9999.0, 9999.0, 23.77, 9999.0, 22.23, 9999.0, 22.8, 22.5, 22.25, 22.32, 22.32
2026-09-08, 22:33:44, 22.34, 22.5, 22.77, 22.75, 9999.0, 9999.0, 9999.0, 23.73, 9999.0, 22.25, 9999.0, 22.8, 22.5, 22.27, 22.32, 22.32
2026-09-08, 22:33:48, 22.34, 22.5, 22.77, 22.75, 9999.0, 9999.0, 9999.0, 23.68, 9999.0, 22.27, 9999.0, 22.82, 22.5, 22.3, 22.34, 22.32
2026-09-08, 22:33:52, 22.36, 22.5, 22.77, 22.75, 9999.0, 9999.0, 9999.0, 23.64, 9999.0, 22.3, 9999.0, 22.82, 22.5, 22.3, 22.34, 22.32
2026-09-08, 22:33:56, 22.36, 22.5, 22.77, 22.75, 9999.0, 9999.0, 9999.0, 23.66, 9999.0, 22.32, 9999.0, 22.84, 22.5, 22.3, 22.34, 22.32
2026-09-08, 22:34:00, 22.36, 22.5, 22.77, 22.75, 9999.0, 9999.0, 9999.0, 23.66, 9999.0, 22.34, 9999.0, 22.84, 22.52, 22.3, 22.34, 22.34
2026-09-08, 22:34:04, 22.39, 22.5, 22.77, 22.75, 9999.0, 9999.0, 9999.0, 23.68, 9999.0, 22.36, 9999.0, 22.84, 22.52, 22.3, 22.34, 22.32
2026-09-08, 22:34:08, 22.39, 22.5, 22.8, 22.75, 9999.0, 9999.0, 9999.0, 23.7, 9999.0, 22.39, 9999.0, 22.82, 22.52, 22.3, 22.32, 22.32
2026-09-08, 22:34:12, 22.39, 22.5, 22.77, 22.75, 9999.0, 9999.0, 9999.0, 23.75, 9999.0, 22.39, 9999.0, 22.8, 22.52, 22.3, 22.32, 22.3
2026-09-08, 22:34:16, 22.39, 22.5, 22.77, 22.75, 9999.0, 9999.0, 9999.0, 23.8, 9999.0, 22.41, 9999.0, 22.75, 22.52, 22.3, 22.3, 22.3
2026-09-08, 22:34:20, 22.39, 22.5, 22.77, 22.75, 9999.0, 9999.0, 9999.0, 23.82, 9999.0, 22.41, 9999.0, 22.73, 22.52, 22.3, 22.3, 22.3
2026-09-08, 22:34:24, 22.39, 22.5, 22.77, 22.75, 9999.0, 9999.0, 9999.0, 23.84, 9999.0, 22.43, 9999.0, 22.7, 22.52, 22.3, 22.32, 22.3
2026-09-08, 22:34:28, 22.39, 22.5, 22.77, 22.77, 9999.0, 9999.0, 9999.0, 23.86, 9999.0, 22.41, 9999.0, 22.68, 22.52, 22.27, 22.32, 22.3
2026-09-08, 22:34:32, 22.39, 22.5, 22.77, 22.77, 9999.0, 9999.0, 9999.0, 23.89, 9999.0, 22.39, 9999.0, 22.68, 22.52, 22.25, 22.3, 22.3
2026-09-08, 22:34:36, 22.36, 22.5, 22.77, 22.77, 9999.0, 9999.0, 9999.0, 23.91, 9999.0, 22.36, 9999.0, 22.68, 22.52, 22.25, 22.3, 22.27
2026-09-08, 22:34:40, 22.36, 22.5, 22.77, 22.77, 9999.0, 9999.0, 9999.0, 23.84, 9999.0, 22.34, 9999.0, 22.68, 22.52, 22.25, 22.3, 22.3
2026-09-08, 22:34:44, 22.36, 22.5, 22.77, 22.77, 9999.0, 9999.0, 9999.0, 23.82, 9999.0, 22.32, 9999.0, 22.7, 22.52, 22.25, 22.32, 22.27
2026-09-08, 22:34:48, 22.36, 22.5, 22.77, 22.77, 9999.0, 9999.0, 9999.0, 23.77, 9999.0, 22.3, 9999.0, 22.73, 22.52, 22.25, 22.32, 22.3
2026-09-08, 22:34:52, 22.36, 22.5, 22.75, 22.77, 9999.0, 9999.0, 9999.0, 23.73, 9999.0, 22.27, 9999.0, 22.73, 22.52, 22.25, 22.32, 22.3
2026-09-08, 22:34:56, 22.34, 22.5, 22.75, 22.77, 9999.0, 9999.0, 9999.0, 23.68, 9999.0, 22.3, 9999.0, 22.73, 22.52, 22.25, 22.3, 22.3
2026-09-08, 22:35:00, 22.34, 22.5, 22.75, 22.77, 9999.0, 9999.0, 9999.0, 23.64, 9999.0, 22.32, 9999.0, 22.75, 22.52, 22.25, 22.32, 22.3
2026-09-08, 22:35:04, 22.34, 22.5, 22.75, 22.77, 9999.0, 9999.0, 9999.0, 23.61, 9999.0, 22.34, 9999.0, 22.75, 22.55, 22.25, 22.34, 22.3
2026-09-08, 22:35:08, 22.34, 22.5, 22.75, 22.77, 9999.0, 9999.0, 9999.0, 23.59, 9999.0, 22.34, 9999.0, 22.77, 22.55, 22.25, 22.32, 22.3
2026-09-08, 22:35:12, 22.32, 22.5, 22.75, 22.75, 9999.0, 9999.0, 9999.0, 23.57, 9999.0, 22.36, 9999.0, 22.8, 22.55, 22.25, 22.32, 22.32
2026-09-08, 22:35:16, 22.3, 22.5, 22.75, 22.75, 9999.0, 9999.0, 9999.0, 23.61, 9999.0, 22.39, 9999.0, 22.8, 22.55, 22.25, 22.32, 22.34
2026-09-08, 22:35:20, 22.3, 22.5, 22.75, 22.75, 9999.0, 9999.0, 9999.0, 23.66, 9999.0, 22.41, 9999.0, 22.8, 22.55, 22.25, 22.32, 22.34
2026-09-08, 22:35:24, 22.3, 22.5, 22.75, 22.75, 9999.0, 9999.0, 9999.0, 23.73, 9999.0, 22.43, 9999.0, 22.8, 22.55, 22.25, 22.32, 22.32
2026-09-08, 22:35:28, 22.27, 22.5, 22.75, 22.75, 9999.0, 9999.0, 9999.0, 23.75, 9999.0, 22.45, 9999.0, 22.77, 22.52, 22.25, 22.3, 22.32
2026-09-08, 22:35:32, 22.25, 22.5, 22.75, 22.75, 9999.0, 9999.0, 9999.0, 23.8, 9999.0, 22.48, 9999.0, 22.75, 22.52, 22.25, 22.3, 22.3
2026-09-08, 22:35:36, 22.27, 22.5, 22.75, 22.75, 9999.0, 9999.0, 9999.0, 23.84, 9999.0, 22.5, 9999.0, 22.73, 22.52, 22.25, 22.3, 22.3
2026-09-08, 22:35:40, 22.27, 22.5, 22.75, 22.75, 9999.0, 9999.0, 9999.0, 23.86, 9999.0, 22.5, 9999.0, 22.73, 22.52, 22.25, 22.3, 22.3
2026-09-08, 22:35:44, 22.27, 22.5, 22.75, 22.75, 9999.0, 9999.0, 9999.0, 23.89, 9999.0, 22.5, 9999.0, 22.7, 22.52, 22.25, 22.27, 22.3
2026-09-08, 22:35:48, 22.27, 22.5, 22.75, 22.75, 9999.0, 9999.0, 9999.0, 23.91, 9999.0, 22.5, 9999.0, 22.68, 22.5, 22.25, 22.25, 22.3
2026-09-08, 22:35:52, 22.3, 22.5, 22.75, 22.75, 9999.0, 9999.0, 9999.0, 23.93, 9999.0, 22.5, 9999.0, 22.68, 22.5, 22.25, 22.25, 22.3
2026-09-08, 22:35:56, 22.3, 22.5, 22.75, 22.75, 9999.0, 9999.0, 9999.0, 23.95, 9999.0, 22.48, 9999.0, 22.68, 22.5, 22.25, 22.25, 22.27
2026-09-08, 22:36:00, 22.3, 22.5, 22.75, 22.75, 9999.0, 9999.0, 9999.0, 23.91, 9999.0, 22.45, 9999.0, 22.68, 22.5, 22.25, 22.25, 22.25
2026-09-08, 22:36:04, 22.3, 22.5, 22.75, 22.75, 9999.0, 9999.0, 9999.0, 23.84, 9999.0, 22.43, 9999.0, 22.7, 22.5, 22.25, 22.27, 22.25
2026-09-08, 22:36:08, 22.32, 22.5, 22.75, 22.75, 9999.0, 9999.0, 9999.0, 23.8, 9999.0, 22.41, 9999.0, 22.7, 22.5, 22.25, 22.27, 22.25
2026-09-08, 22:36:12, 22.32, 22.5, 22.75, 22.75, 9999.0, 9999.0, 9999.0, 23.75, 9999.0, 22.41, 9999.0, 22.7, 22.5, 22.25, 22.3, 22.25
2026-09-08, 22:36:16, 22.34, 22.5, 22.75, 22.75, 9999.0, 9999.0, 9999.0, 23.73, 9999.0, 22.41, 9999.0, 22.7, 22.5, 22.25, 22.3, 22.25
2026-09-08, 22:36:20, 22.32, 22.5, 22.75, 22.75, 9999.0, 9999.0, 9999.0, 23.68, 9999.0, 22.41, 9999.0, 22.73, 22.5, 22.25, 22.32, 22.25
2026-09-08, 22:36:24, 22.34, 22.5, 22.75, 22.75, 9999.0, 9999.0, 9999.0, 23.66, 9999.0, 22.43, 9999.0, 22.73, 22.5, 22.25, 22.32, 22.25
2026-09-08, 22:36:28, 22.34, 22.5, 22.75, 22.75, 9999.0, 9999.0, 9999.0, 23.64, 9999.0, 22.43, 9999.0, 22.75, 22.5, 22.25, 22.34, 22.25
2026-09-08, 22:36:32, 22.34, 22.5, 22.75, 22.75, 9999.0, 9999.0, 9999.0, 23.68, 9999.0, 22.43, 9999.0, 22.77, 22.5, 22.25, 22.34, 22.27
2026-09-08, 22:36:36, 22.32, 22.5, 22.77, 22.75, 9999.0, 9999.0, 9999.0, 23.73, 9999.0, 22.43, 9999.0, 22.77, 22.5, 22.25, 22.34, 22.3
2026-09-08, 22:36:40, 22.32, 22.5, 22.77, 22.75, 9999.0, 9999.0, 9999.0, 23.75, 9999.0, 22.45, 9999.0, 22.77, 22.5, 22.25, 22.36, 22.3
2026-09-08, 22:36:44, 22.32, 22.5, 22.77, 22.75, 9999.0, 9999.0, 9999.0, 23.8, 9999.0, 22.48, 9999.0, 22.77, 22.5, 22.25, 22.36, 22.3
2026-09-08, 22:36:48, 22.32, 22.5, 22.77, 22.75, 9999.0, 9999.0, 9999.0, 23.84, 9999.0, 22.5, 9999.0, 22.75, 22.5, 22.25, 22.34, 22.3
2026-09-08, 22:36:52, 22.3, 22.5, 22.77, 22.75, 9999.0, 9999.0, 9999.0, 23.86, 9999.0, 22.5, 9999.0, 22.75, 22.5, 22.25, 22.36, 22.3
2026-09-08, 22:36:56, 22.32, 22.5, 22.77, 22.75, 9999.0, 9999.0, 9999.0, 23.89, 9999.0, 22.5, 9999.0, 22.75, 22.5, 22.25, 22.34, 22.3
2026-09-08, 22:37:01, 22.32, 22.5, 22.77, 22.75, 9999.0, 9999.0, 9999.0, 23.91, 9999.0, 22.48, 9999.0, 22.73, 22.5, 22.25, 22.34, 22.3
2026-09-08, 22:37:05, 22.34, 22.5, 22.77, 22.75, 9999.0, 9999.0, 9999.0, 23.95, 9999.0, 22.45, 9999.0, 22.7, 22.5, 22.25, 22.32, 22.3
2026-09-08, 22:37:09, 22.32, 22.5, 22.77, 22.75, 9999.0, 9999.0, 9999.0, 24.0, 9999.0, 22.41, 9999.0, 22.7, 22.5, 22.25, 22.32, 22.3
2026-09-08, 22:37:13, 22.32, 22.5, 22.77, 22.75, 9999.0, 9999.0, 9999.0, 24.02, 9999.0, 22.41, 9999.0, 22.7, 22.5, 22.25, 22.3, 22.3
2026-09-08, 22:37:17, 22.32, 22.5, 22.77, 22.75, 9999.0, 9999.0, 9999.0, 23.98, 9999.0, 22.41, 9999.0, 22.73, 22.5, 22.25, 22.3, 22.27
2026-09-08, 22:37:21, 22.32, 22.5, 22.75, 22.75, 9999.0, 9999.0, 9999.0, 23.93, 9999.0, 22.39, 9999.0, 22.75, 22.5, 22.25, 22.3, 22.25
2026-09-08, 22:37:25, 22.32, 22.5, 22.75, 22.75, 9999.0, 9999.0, 9999.0, 23.91, 9999.0, 22.36, 9999.0, 22.75, 22.5, 22.25, 22.27, 22.25
2026-09-08, 22:37:29, 22.32, 22.5, 22.75, 22.75, 9999.0, 9999.0, 9999.0, 23.86, 9999.0, 22.36, 9999.0, 22.75, 22.5, 22.25, 22.27, 22.27
2026-09-08, 22:37:33, 22.34, 22.5, 22.75, 22.75, 9999.0, 9999.0, 9999.0, 23.82, 9999.0, 22.39, 9999.0, 22.75, 22.5, 22.25, 22.3, 22.27
2026-09-08, 22:37:37, 22.34, 22.5, 22.75, 22.75, 9999.0, 9999.0, 9999.0, 23.77, 9999.0, 22.43, 9999.0, 22.75, 22.5, 22.25, 22.27, 22.27
2026-09-08, 22:37:41, 22.32, 22.5, 22.75, 22.77, 9999.0, 9999.0, 9999.0, 23.75, 9999.0, 22.45, 9999.0, 22.75, 22.5, 22.25, 22.27, 22.27
2026-09-08, 22:37:45, 22.32, 22.5, 22.75, 22.77, 9999.0, 9999.0, 9999.0, 23.7, 9999.0, 22.5, 9999.0, 22.77, 22.5, 22.25, 22.27, 22.27
2026-09-08, 22:37:49, 22.3, 22.5, 22.75, 22.77, 9999.0, 9999.0, 9999.0, 23.73, 9999.0, 22.55, 9999.0, 22.8, 22.5, 22.25, 22.27, 22.27
2026-09-08, 22:37:53, 22.3, 22.5, 22.75, 22.77, 9999.0, 9999.0, 9999.0, 23.75, 9999.0, 22.59, 9999.0, 22.8, 22.5, 22.25, 22.27, 22.27
2026-09-08, 22:37:57, 22.32, 22.5, 22.75, 22.77, 9999.0, 9999.0, 9999.0, 23.8, 9999.0, 22.61, 9999.0, 22.8, 22.5, 22.25, 22.27, 22.27
2026-09-08, 22:38:01, 22.32, 22.5, 22.75, 22.77, 9999.0, 9999.0, 9999.0, 23.82, 9999.0, 22.64, 9999.0, 22.77, 22.5, 22.25, 22.27, 22.27
2026-09-08, 22:38:05, 22.34, 22.5, 22.75, 22.77, 9999.0, 9999.0, 9999.0, 23.84, 9999.0, 22.68, 9999.0, 22.75, 22.5, 22.25, 22.27, 22.27
2026-09-08, 22:38:09, 22.34, 22.5, 22.75, 22.77, 9999.0, 9999.0, 9999.0, 23.86, 9999.0, 22.7, 9999.0, 22.73, 22.5, 22.25, 22.27, 22.27
2026-09-08, 22:38:13, 22.34, 22.5, 22.75, 22.8, 9999.0, 9999.0, 9999.0, 23.89, 9999.0, 22.7, 9999.0, 22.7, 22.5, 22.25, 22.27, 22.25
2026-09-08, 22:38:17, 22.32, 22.5, 22.75, 22.8, 9999.0, 9999.0, 9999.0, 23.91, 9999.0, 22.68, 9999.0, 22.7, 22.5, 22.25, 22.25, 22.25
2026-09-08, 22:38:21, 22.34, 22.5, 22.75, 22.8, 9999.0, 9999.0, 9999.0, 23.95, 9999.0, 22.66, 9999.0, 22.7, 22.5, 22.25, 22.25, 22.25
2026-09-08, 22:38:25, 22.34, 22.5, 22.75, 22.77, 9999.0, 9999.0, 9999.0, 24.0, 9999.0, 22.64, 9999.0, 22.7, 22.5, 22.25, 22.25, 22.25
2026-09-08, 22:38:29, 22.32, 22.5, 22.75, 22.77, 9999.0, 9999.0, 9999.0, 24.05, 9999.0, 22.61, 9999.0, 22.7, 22.5, 22.25, 22.25, 22.25
2026-09-08, 22:38:33, 22.32, 22.5, 22.75, 22.77, 9999.0, 9999.0, 9999.0, 24.02, 9999.0, 22.59, 9999.0, 22.7, 22.5, 22.25, 22.25, 22.25
2026-09-08, 22:38:37, 22.32, 22.5, 22.75, 22.77, 9999.0, 9999.0, 9999.0, 23.98, 9999.0, 22.57, 9999.0, 22.7, 22.5, 22.25, 22.25, 22.25
2026-09-08, 22:38:41, 22.3, 22.5, 22.75, 22.77, 9999.0, 9999.0, 9999.0, 23.93, 9999.0, 22.55, 9999.0, 22.7, 22.5, 22.25, 22.27, 22.27
2026-09-08, 22:38:45, 22.3, 22.5, 22.75, 22.77, 9999.0, 9999.0, 9999.0, 23.91, 9999.0, 22.55, 9999.0, 22.7, 22.5, 22.25, 22.27, 22.27
2026-09-08, 22:38:49, 22.27, 22.5, 22.75, 22.77, 9999.0, 9999.0, 9999.0, 23.86, 9999.0, 22.52, 9999.0, 22.7, 22.5, 22.25, 22.27, 22.27
2026-09-08, 22:38:53, 22.27, 22.5, 22.75, 22.77, 9999.0, 9999.0, 9999.0, 23.82, 9999.0, 22.52, 9999.0, 22.73, 22.5, 22.25, 22.27, 22.27
2026-09-08, 22:38:57, 22.27, 22.5, 22.75, 22.75, 9999.0, 9999.0, 9999.0, 23.77, 9999.0, 22.55, 9999.0, 22.75, 22.5, 22.25, 22.27, 22.27
2026-09-08, 22:39:01, 22.27, 22.5, 22.75, 22.75, 9999.0, 9999.0, 9999.0, 23.75, 9999.0, 22.57, 9999.0, 22.75, 22.5, 22.25, 22.27, 22.3
2026-09-08, 22:39:05, 22.25, 22.5, 22.75, 22.75, 9999.0, 9999.0, 9999.0, 23.77, 9999.0, 22.59, 9999.0, 22.75, 22.5, 22.25, 22.27, 22.3
2026-09-08, 22:39:09, 22.25, 22.5, 22.75, 22.75, 9999.0, 9999.0, 9999.0, 23.8, 9999.0, 22.61, 9999.0, 22.75, 22.5, 22.25, 22.27, 22.32
2026-09-08, 22:39:13, 22.25, 22.5, 22.75, 22.75, 9999.0, 9999.0, 9999.0, 23.82, 9999.0, 22.64, 9999.0, 22.75, 22.5, 22.25, 22.27, 22.32
2026-09-08, 22:39:17, 22.25, 22.5, 22.75, 22.75, 9999.0, 9999.0, 9999.0, 23.84, 9999.0, 22.66, 9999.0, 22.75, 22.5, 22.25, 22.27, 22.32
2026-09-08, 22:39:21, 22.25, 22.5, 22.75, 22.75, 9999.0, 9999.0, 9999.0, 23.89, 9999.0, 22.66, 9999.0, 22.75, 22.5, 22.25, 22.27, 22.32
2026-09-08, 22:39:25, 22.27, 22.5, 22.75, 22.75, 9999.0, 9999.0, 9999.0, 23.91, 9999.0, 22.66, 9999.0, 22.73, 22.5, 22.25, 22.25, 22.3
2026-09-08, 22:39:29, 22.27, 22.5, 22.75, 22.75, 9999.0, 9999.0, 9999.0, 23.93, 9999.0, 22.64, 9999.0, 22.7, 22.5, 22.25, 22.25, 22.3
2026-09-08, 22:39:33, 22.27, 22.5, 22.75, 22.75, 9999.0, 9999.0, 9999.0, 23.98, 9999.0, 22.64, 9999.0, 22.7, 22.5, 22.25, 22.25, 22.3
2026-09-08, 22:39:37, 22.27, 22.5, 22.75, 22.75, 9999.0, 9999.0, 9999.0, 24.02, 9999.0, 22.66, 9999.0, 22.68, 22.5, 22.25, 22.25, 22.3
2026-09-08, 22:39:41, 22.27, 22.5, 22.75, 22.75, 9999.0, 9999.0, 9999.0, 24.07, 9999.0, 22.64, 9999.0, 22.66, 22.5, 22.25, 22.25, 22.3
2026-09-08, 22:39:45, 22.27, 22.5, 22.75, 22.75, 9999.0, 9999.0, 9999.0, 24.11, 9999.0, 22.61, 9999.0, 22.66, 22.5, 22.25, 22.25, 22.27
2026-09-08, 22:39:49, 22.27, 22.5, 22.75, 22.75, 9999.0, 9999.0, 9999.0, 24.09, 9999.0, 22.59, 9999.0, 22.66, 22.5, 22.25, 22.25, 22.27
2026-09-08, 22:39:53, 22.27, 22.5, 22.75, 22.75, 9999.0, 9999.0, 9999.0, 24.07, 9999.0, 22.57, 9999.0, 22.68, 22.5, 22.25, 22.25, 22.25
2026-09-08, 22:39:57, 22.27, 22.5, 22.75, 22.75, 9999.0, 9999.0, 9999.0, 24.02, 9999.0, 22.55, 9999.0, 22.68, 22.5, 22.25, 22.25, 22.25
2026-09-08, 22:40:01, 22.27, 22.5, 22.75, 22.75, 9999.0, 9999.0, 9999.0, 23.98, 9999.0, 22.52, 9999.0, 22.68, 22.5, 22.25, 22.25, 22.25
2026-09-08, 22:40:05, 22.27, 22.5, 22.75, 22.75, 9999.0, 9999.0, 9999.0, 23.93, 9999.0, 22.55, 9999.0, 22.68, 22.5, 22.25, 22.25, 22.25
2026-09-08, 22:40:09, 22.25, 22.5, 22.75, 22.75, 9999.0, 9999.0, 9999.0, 23.91, 9999.0, 22.57, 9999.0, 22.7, 22.5, 22.25, 22.25, 22.25
2026-09-08, 22:40:13, 22.25, 22.5, 22.75, 22.75, 9999.0, 9999.0, 9999.0, 23.89, 9999.0, 22.61, 9999.0, 22.73, 22.5, 22.25, 22.25, 22.25
2026-09-08, 22:40:17, 22.25, 22.5, 22.75, 22.75, 9999.0, 9999.0, 9999.0, 23.84, 9999.0, 22.66, 9999.0, 22.73, 22.5, 22.25, 22.25, 22.25
2026-09-08, 22:40:21, 22.25, 22.5, 22.75, 22.75, 9999.0, 9999.0, 9999.0, 23.8, 9999.0, 22.66, 9999.0, 22.75, 22.5, 22.25, 22.25, 22.25
2026-09-08, 22:40:25, 22.27, 22.5, 22.75, 22.75, 9999.0, 9999.0, 9999.0, 23.82, 9999.0, 22.68, 9999.0, 22.77, 22.5, 22.25, 22.25, 22.25
2026-09-08, 22:40:29, 22.27, 22.5, 22.75, 22.75, 9999.0, 9999.0, 9999.0, 23.84, 9999.0, 22.7, 9999.0, 22.77, 22.5, 22.25, 22.25, 22.25
2026-09-08, 22:40:33, 22.27, 22.5, 22.75, 22.75, 9999.0, 9999.0, 9999.0, 23.86, 9999.0, 22.73, 9999.0, 22.77, 22.5, 22.25, 22.25, 22.25
2026-09-08, 22:40:37, 22.27, 22.5, 22.75, 22.75, 9999.0, 9999.0, 9999.0, 23.89, 9999.0, 22.75, 9999.0, 22.75, 22.5, 22.25, 22.25, 22.25
2026-09-08, 22:40:41, 22.27, 22.5, 22.75, 22.75, 9999.0, 9999.0, 9999.0, 23.93, 9999.0, 22.77, 9999.0, 22.73, 22.5, 22.25, 22.25, 22.25
2026-09-08, 22:40:46, 22.27, 22.5, 22.75, 22.75, 9999.0, 9999.0, 9999.0, 23.98, 9999.0, 22.8, 9999.0, 22.73, 22.5, 22.25, 22.25, 22.25
2026-09-08, 22:40:50, 22.27, 22.5, 22.75, 22.75, 9999.0, 9999.0, 9999.0, 24.0, 9999.0, 22.8, 9999.0, 22.7, 22.5, 22.25, 22.25, 22.25
2026-09-08, 22:40:54, 22.27, 22.5, 22.75, 22.75, 9999.0, 9999.0, 9999.0, 24.02, 9999.0, 22.8, 9999.0, 22.68, 22.5, 22.25, 22.25, 22.25
2026-09-08, 22:40:58, 22.27, 22.5, 22.75, 22.75, 9999.0, 9999.0, 9999.0, 24.05, 9999.0, 22.75, 9999.0, 22.66, 22.5, 22.25, 22.25, 22.25
2026-09-08, 22:41:02, 22.3, 22.5, 22.75, 22.75, 9999.0, 9999.0, 9999.0, 24.11, 9999.0, 22.73, 9999.0, 22.66, 22.5, 22.25, 22.25, 22.25
2026-09-08, 22:41:06, 22.3, 22.5, 22.75, 22.75, 9999.0, 9999.0, 9999.0, 24.16, 9999.0, 22.73, 9999.0, 22.66, 22.5, 22.25, 22.25, 22.25
2026-09-08, 22:41:10, 22.27, 22.5, 22.75, 22.75, 9999.0, 9999.0, 9999.0, 24.14, 9999.0, 22.73, 9999.0, 22.66, 22.5, 22.25, 22.25, 22.25
2026-09-08, 22:41:14, 22.27, 22.5, 22.75, 22.75, 9999.0, 9999.0, 9999.0, 24.09, 9999.0, 22.7, 9999.0, 22.68, 22.5, 22.25, 22.25, 22.25
2026-09-08, 22:41:18, 22.27, 22.5, 22.75, 22.75, 9999.0, 9999.0, 9999.0, 24.05, 9999.0, 22.68, 9999.0, 22.68, 22.5, 22.27, 22.25, 22.25
2026-09-08, 22:41:22, 22.27, 22.5, 22.75, 22.75, 9999.0, 9999.0, 9999.0, 24.0, 9999.0, 22.68, 9999.0, 22.68, 22.5, 22.27, 22.25, 22.25
2026-09-08, 22:41:26, 22.27, 22.5, 22.75, 22.75, 9999.0, 9999.0, 9999.0, 23.95, 9999.0, 22.68, 9999.0, 22.7, 22.5, 22.3, 22.25, 22.25
2026-09-08, 22:41:30, 22.27, 22.5, 22.75, 22.75, 9999.0, 9999.0, 9999.0, 23.91, 9999.0, 22.68, 9999.0, 22.7, 22.5, 22.3, 22.25, 22.25
2026-09-08, 22:41:34, 22.27, 22.5, 22.75, 22.75, 9999.0, 9999.0, 9999.0, 23.89, 9999.0, 22.7, 9999.0, 22.73, 22.5, 22.3, 22.27, 22.25
2026-09-08, 22:41:38, 22.3, 22.5, 22.75, 22.75, 9999.0, 9999.0, 9999.0, 23.86, 9999.0, 22.73, 9999.0, 22.75, 22.5, 22.3, 22.27, 22.27
2026-09-08, 22:41:42, 22.3, 22.5, 22.75, 22.75, 9999.0, 9999.0, 9999.0, 23.91, 9999.0, 22.77, 9999.0, 22.77, 22.5, 22.3, 22.27, 22.27
2026-09-08, 22:41:46, 22.3, 22.5, 22.75, 22.75, 9999.0, 9999.0, 9999.0, 23.93, 9999.0, 22.8, 9999.0, 22.77, 22.5, 22.3, 22.27, 22.27
2026-09-08, 22:41:50, 22.3, 22.5, 22.75, 22.75, 9999.0, 9999.0, 9999.0, 23.95, 9999.0, 22.8, 9999.0, 22.75, 22.5, 22.3, 22.27, 22.27
2026-09-08, 22:41:54, 22.3, 22.5, 22.75, 22.75, 9999.0, 9999.0, 9999.0, 23.98, 9999.0, 22.8, 9999.0, 22.75, 22.5, 22.3, 22.27, 22.27
2026-09-08, 22:41:58, 22.3, 22.5, 22.75, 22.75, 9999.0, 9999.0, 9999.0, 24.02, 9999.0, 22.82, 9999.0, 22.7, 22.5, 22.3, 22.27, 22.27
2026-09-08, 22:42:02, 22.3, 22.5, 22.75, 22.75, 9999.0, 9999.0, 9999.0, 24.05, 9999.0, 22.84, 9999.0, 22.68, 22.5, 22.27, 22.27, 22.27
2026-09-08, 22:42:06, 22.3, 22.5, 22.75, 22.75, 9999.0, 9999.0, 9999.0, 24.07, 9999.0, 22.84, 9999.0, 22.66, 22.5, 22.27, 22.27, 22.27
2026-09-08, 22:42:10, 22.3, 22.5, 22.75, 22.75, 9999.0, 9999.0, 9999.0, 24.09, 9999.0, 22.84, 9999.0, 22.64, 22.5, 22.25, 22.27, 22.27
2026-09-08, 22:42:14, 22.3, 22.5, 22.75, 22.75, 9999.0, 9999.0, 9999.0, 24.14, 9999.0, 22.84, 9999.0, 22.61, 22.5, 22.25, 22.3, 22.27
2026-09-08, 22:42:18, 22.3, 22.5, 22.75, 22.75, 9999.0, 9999.0, 9999.0, 24.16, 9999.0, 22.82, 9999.0, 22.59, 22.5, 22.25, 22.27, 22.27
2026-09-08, 22:42:22, 22.27, 22.5, 22.75, 22.75, 9999.0, 9999.0, 9999.0, 24.18, 9999.0, 22.8, 9999.0, 22.59, 22.5, 22.25, 22.27, 22.25
2026-09-08, 22:42:26, 22.27, 22.5, 22.75, 22.75, 9999.0, 9999.0, 9999.0, 24.14, 9999.0, 22.75, 9999.0, 22.59, 22.5, 22.25, 22.27, 22.25
2026-09-08, 22:42:30, 22.25, 22.5, 22.75, 22.75, 9999.0, 9999.0, 9999.0, 24.09, 9999.0, 22.73, 9999.0, 22.59, 22.5, 22.25, 22.27, 22.25
2026-09-08, 22:42:34, 22.25, 22.5, 22.75, 22.75, 9999.0, 9999.0, 9999.0, 24.07, 9999.0, 22.7, 9999.0, 22.61, 22.5, 22.25, 22.3, 22.25
2026-09-08, 22:42:38, 22.25, 22.5, 22.75, 22.75, 9999.0, 9999.0, 9999.0, 24.02, 9999.0, 22.68, 9999.0, 22.61, 22.5, 22.25, 22.32, 22.25
2026-09-08, 22:42:42, 22.25, 22.5, 22.75, 22.75, 9999.0, 9999.0, 9999.0, 23.98, 9999.0, 22.68, 9999.0, 22.64, 22.5, 22.25, 22.32, 22.27
2026-09-08, 22:42:46, 22.25, 22.5, 22.75, 22.75, 9999.0, 9999.0, 9999.0, 23.95, 9999.0, 22.68, 9999.0, 22.66, 22.5, 22.25, 22.32, 22.27
2026-09-08, 22:42:50, 22.27, 22.5, 22.75, 22.75, 9999.0, 9999.0, 9999.0, 23.93, 9999.0, 22.68, 9999.0, 22.68, 22.5, 22.25, 22.32, 22.27
2026-09-08, 22:42:54, 22.27, 22.5, 22.75, 22.75, 9999.0, 9999.0, 9999.0, 23.91, 9999.0, 22.7, 9999.0, 22.7, 22.5, 22.25, 22.32, 22.27
2026-09-08, 22:42:58, 22.27, 22.5, 22.75, 22.75, 9999.0, 9999.0, 9999.0, 23.86, 9999.0, 22.73, 9999.0, 22.73, 22.5, 22.25, 22.3, 22.27
2026-09-08, 22:43:02, 22.3, 22.5, 22.75, 22.75, 9999.0, 9999.0, 9999.0, 23.89, 9999.0, 22.73, 9999.0, 22.75, 22.5, 22.25, 22.3, 22.27
2026-09-08, 22:43:06, 22.3, 22.5, 22.75, 22.75, 9999.0, 9999.0, 9999.0, 23.91, 9999.0, 22.73, 9999.0, 22.75, 22.5, 22.25, 22.3, 22.27
2026-09-08, 22:43:10, 22.3, 22.5, 22.75, 22.75, 9999.0, 9999.0, 9999.0, 23.93, 9999.0, 22.75, 9999.0, 22.73, 22.5, 22.25, 22.3, 22.27
2026-09-08, 22:43:14, 22.3, 22.5, 22.75, 22.75, 9999.0, 9999.0, 9999.0, 23.95, 9999.0, 22.75, 9999.0, 22.73, 22.5, 22.25, 22.3, 22.27
2026-09-08, 22:43:18, 22.3, 22.5, 22.75, 22.75, 9999.0, 9999.0, 9999.0, 23.95, 9999.0, 22.77, 9999.0, 22.7, 22.5, 22.25, 22.27, 22.27
2026-09-08, 22:43:22, 22.3, 22.5, 22.75, 22.75, 9999.0, 9999.0, 9999.0, 24.0, 9999.0, 22.8, 9999.0, 22.68, 22.5, 22.25, 22.27, 22.27
2026-09-08, 22:43:26, 22.3, 22.5, 22.75, 22.75, 9999.0, 9999.0, 9999.0, 24.02, 9999.0, 22.8, 9999.0, 22.66, 22.5, 22.25, 22.27, 22.25
2026-09-08, 22:43:30, 22.3, 22.5, 22.75, 22.75, 9999.0, 9999.0, 9999.0, 24.05, 9999.0, 22.8, 9999.0, 22.64, 22.5, 22.25, 22.27, 22.25
2026-09-08, 22:43:34, 22.27, 22.5, 22.75, 22.75, 9999.0, 9999.0, 9999.0, 24.07, 9999.0, 22.8, 9999.0, 22.61, 22.5, 22.25, 22.27, 22.25
2026-09-08, 22:43:38, 22.27, 22.5, 22.75, 22.75, 9999.0, 9999.0, 9999.0, 24.09, 9999.0, 22.77, 9999.0, 22.61, 22.5, 22.25, 22.27, 22.25
2026-09-08, 22:43:42, 22.27, 22.5, 22.75, 22.75, 9999.0, 9999.0, 9999.0, 24.11, 9999.0, 22.75, 9999.0, 22.61, 22.5, 22.25, 22.3, 22.25
2026-09-08, 22:43:46, 22.25, 22.5, 22.75, 22.75, 9999.0, 9999.0, 9999.0, 24.07, 9999.0, 22.75, 9999.0, 22.61, 22.5, 22.25, 22.3, 22.25
2026-09-08, 22:43:50, 22.25, 22.5, 22.75, 22.75, 9999.0, 9999.0, 9999.0, 24.05, 9999.0, 22.73, 9999.0, 22.64, 22.5, 22.25, 22.3, 22.25
2026-09-08, 22:43:54, 22.25, 22.5, 22.75, 22.75, 9999.0, 9999.0, 9999.0, 24.0, 9999.0, 22.7, 9999.0, 22.66, 22.5, 22.25, 22.3, 22.25
2026-09-08, 22:43:58, 22.25, 22.5, 22.75, 22.75, 9999.0, 9999.0, 9999.0, 23.95, 9999.0, 22.7, 9999.0, 22.66, 22.5, 22.25, 22.3, 22.25
2026-09-08, 22:44:02, 22.25, 22.5, 22.75, 22.75, 9999.0, 9999.0, 9999.0, 23.93, 9999.0, 22.7, 9999.0, 22.68, 22.5, 22.25, 22.3, 22.25
2026-09-08, 22:44:06, 22.25, 22.5, 22.75, 22.75, 9999.0, 9999.0, 9999.0, 23.89, 9999.0, 22.7, 9999.0, 22.7, 22.5, 22.25, 22.27, 22.25
2026-09-08, 22:44:10, 22.25, 22.5, 22.75, 22.75, 9999.0, 9999.0, 9999.0, 23.86, 9999.0, 22.7, 9999.0, 22.73, 22.5, 22.25, 22.27, 22.25
2026-09-08, 22:44:14, 22.25, 22.5, 22.75, 22.75, 9999.0, 9999.0, 9999.0, 23.82, 9999.0, 22.7, 9999.0, 22.75, 22.5, 22.25, 22.27, 22.25
2026-09-08, 22:44:18, 22.25, 22.5, 22.75, 22.75, 9999.0, 9999.0, 9999.0, 23.8, 9999.0, 22.7, 9999.0, 22.77, 22.5, 22.25, 22.27, 22.25
2026-09-08, 22:44:22, 22.25, 22.5, 22.75, 22.75, 9999.0, 9999.0, 9999.0, 23.84, 9999.0, 22.7, 9999.0, 22.77, 22.5, 22.25, 22.27, 22.25
2026-09-08, 22:44:27, 22.25, 22.5, 22.75, 22.75, 9999.0, 9999.0, 9999.0, 23.89, 9999.0, 22.7, 9999.0, 22.75, 22.5, 22.25, 22.25, 22.25
2026-09-08, 22:44:31, 22.27, 22.5, 22.75, 22.75, 9999.0, 9999.0, 9999.0, 23.93, 9999.0, 22.7, 9999.0, 22.75, 22.5, 22.25, 22.25, 22.25
2026-09-08, 22:44:35, 22.27, 22.5, 22.75, 22.75, 9999.0, 9999.0, 9999.0, 23.95, 9999.0, 22.73, 9999.0, 22.7, 22.5, 22.25, 22.25, 22.25
2026-09-08, 22:44:39, 22.3, 22.5, 22.75, 22.75, 9999.0, 9999.0, 9999.0, 23.98, 9999.0, 22.75, 9999.0, 22.68, 22.5, 22.25, 22.25, 22.25
2026-09-08, 22:44:43, 22.3, 22.5, 22.75, 22.75, 9999.0, 9999.0, 9999.0, 24.0, 9999.0, 22.73, 9999.0, 22.66, 22.5, 22.25, 22.27, 22.25
2026-09-08, 22:44:47, 22.3, 22.5, 22.75, 22.75, 9999.0, 9999.0, 9999.0, 24.02, 9999.0, 22.7, 9999.0, 22.64, 22.5, 22.25, 22.27, 22.25
2026-09-08, 22:44:51, 22.3, 22.5, 22.75, 22.75, 9999.0, 9999.0, 9999.0, 24.05, 9999.0, 22.68, 9999.0, 22.64, 22.5, 22.25, 22.27, 22.25
2026-09-08, 22:44:55, 22.3, 22.5, 22.75, 22.75, 9999.0, 9999.0, 9999.0, 24.09, 9999.0, 22.66, 9999.0, 22.61, 22.5, 22.25, 22.27, 22.25
2026-09-08, 22:44:59, 22.3, 22.5, 22.75, 22.75, 9999.0, 9999.0, 9999.0, 24.14, 9999.0, 22.64, 9999.0, 22.61, 22.5, 22.25, 22.27, 22.25
2026-09-08, 22:45:03, 22.3, 22.5, 22.75, 22.75, 9999.0, 9999.0, 9999.0, 24.16, 9999.0, 22.64, 9999.0, 22.61, 22.5, 22.25, 22.27, 22.25
2026-09-08, 22:45:07, 22.3, 22.5, 22.75, 22.75, 9999.0, 9999.0, 9999.0, 24.11, 9999.0, 22.61, 9999.0, 22.61, 22.5, 22.25, 22.3, 22.25
2026-09-08, 22:45:11, 22.3, 22.5, 22.75, 22.75, 9999.0, 9999.0, 9999.0, 24.05, 9999.0, 22.59, 9999.0, 22.64, 22.5, 22.25, 22.32, 22.25
2026-09-08, 22:45:15, 22.27, 22.5, 22.75, 22.75, 9999.0, 9999.0, 9999.0, 24.0, 9999.0, 22.57, 9999.0, 22.64, 22.5, 22.25, 22.32, 22.25
2026-09-08, 22:45:19, 22.27, 22.5, 22.75, 22.75, 9999.0, 9999.0, 9999.0, 23.95, 9999.0, 22.57, 9999.0, 22.66, 22.5, 22.25, 22.32, 22.25
2026-09-08, 22:45:23, 22.25, 22.5, 22.75, 22.75, 9999.0, 9999.0, 9999.0, 23.93, 9999.0, 22.57, 9999.0, 22.68, 22.5, 22.25, 22.32, 22.25
2026-09-08, 22:45:27, 22.25, 22.5, 22.75, 22.75, 9999.0, 9999.0, 9999.0, 23.89, 9999.0, 22.59, 9999.0, 22.7, 22.52, 22.25, 22.32, 22.25
2026-09-08, 22:45:31, 22.25, 22.5, 22.75, 22.75, 9999.0, 9999.0, 9999.0, 23.86, 9999.0, 22.61, 9999.0, 22.73, 22.52, 22.25, 22.32, 22.25
2026-09-08, 22:45:35, 22.25, 22.5, 22.75, 22.75, 9999.0, 9999.0, 9999.0, 23.82, 9999.0, 22.64, 9999.0, 22.73, 22.52, 22.25, 22.32, 22.25
2026-09-08, 22:45:39, 22.25, 22.5, 22.75, 22.75, 9999.0, 9999.0, 9999.0, 23.84, 9999.0, 22.66, 9999.0, 22.75, 22.52, 22.25, 22.34, 22.25
2026-09-08, 22:45:43, 22.27, 22.5, 22.75, 22.75, 9999.0, 9999.0, 9999.0, 23.89, 9999.0, 22.68, 9999.0, 22.75, 22.52, 22.25, 22.34, 22.25
2026-09-08, 22:45:47, 22.27, 22.5, 22.75, 22.75, 9999.0, 9999.0, 9999.0, 23.91, 9999.0, 22.68, 9999.0, 22.75, 22.52, 22.25, 22.34, 22.25
2026-09-08, 22:45:51, 22.27, 22.5, 22.75, 22.75, 9999.0, 9999.0, 9999.0, 23.93, 9999.0, 22.7, 9999.0, 22.73, 22.52, 22.25, 22.32, 22.25
2026-09-08, 22:45:55, 22.27, 22.5, 22.75, 22.75, 9999.0, 9999.0, 9999.0, 23.98, 9999.0, 22.7, 9999.0, 22.73, 22.52, 22.25, 22.3, 22.25
2026-09-08, 22:45:59, 22.27, 22.5, 22.75, 22.75, 9999.0, 9999.0, 9999.0, 24.0, 9999.0, 22.7, 9999.0, 22.7, 22.52, 22.25, 22.3, 22.25
2026-09-08, 22:46:04, 22.3, 22.5, 22.75, 22.75, 9999.0, 9999.0, 9999.0, 24.02, 9999.0, 22.68, 9999.0, 22.68, 22.52, 22.25, 22.32, 22.25
2026-09-08, 22:46:08, 22.3, 22.5, 22.75, 22.75, 9999.0, 9999.0, 9999.0, 24.05, 9999.0, 22.66, 9999.0, 22.66, 22.52, 22.25, 22.32, 22.25
2026-09-08, 22:46:12, 22.3, 22.5, 22.75, 22.75, 9999.0, 9999.0, 9999.0, 24.11, 9999.0, 22.64, 9999.0, 22.64, 22.5, 22.25, 22.3, 22.25
2026-09-08, 22:46:16, 22.32, 22.5, 22.75, 22.75, 9999.0, 9999.0, 9999.0, 24.14, 9999.0, 22.61, 9999.0, 22.64, 22.48, 22.25, 22.3, 22.25
2026-09-08, 22:46:20, 22.32, 22.5, 22.75, 22.75, 9999.0, 9999.0, 9999.0, 24.18, 9999.0, 22.59, 9999.0, 22.64, 22.48, 22.25, 22.3, 22.27
2026-09-08, 22:46:24, 22.32, 22.5, 22.75, 22.75, 9999.0, 9999.0, 9999.0, 24.14, 9999.0, 22.57, 9999.0, 22.64, 22.48, 22.25, 22.27, 22.27
2026-09-08, 22:46:28, 22.3, 22.5, 22.75, 22.75, 9999.0, 9999.0, 9999.0, 24.07, 9999.0, 22.55, 9999.0, 22.66, 22.48, 22.25, 22.27, 22.27
2026-09-08, 22:46:32, 22.3, 22.5, 22.75, 22.75, 9999.0, 9999.0, 9999.0, 24.05, 9999.0, 22.52, 9999.0, 22.66, 22.48, 22.25, 22.27, 22.27
2026-09-08, 22:46:36, 22.32, 22.5, 22.75, 22.75, 9999.0, 9999.0, 9999.0, 24.0, 9999.0, 22.5, 9999.0, 22.68, 22.48, 22.25, 22.27, 22.27
2026-09-08, 22:46:40, 22.32, 22.5, 22.75, 22.75, 9999.0, 9999.0, 9999.0, 23.95, 9999.0, 22.52, 9999.0, 22.68, 22.48, 22.25, 22.27, 22.27
2026-09-08, 22:46:44, 22.32, 22.5, 22.75, 22.75, 9999.0, 9999.0, 9999.0, 23.93, 9999.0, 22.55, 9999.0, 22.7, 22.48, 22.25, 22.27, 22.27
2026-09-08, 22:46:48, 22.3, 22.5, 22.75, 22.75, 9999.0, 9999.0, 9999.0, 23.91, 9999.0, 22.57, 9999.0, 22.73, 22.48, 22.25, 22.25, 22.27
2026-09-08, 22:46:52, 22.3, 22.5, 22.75, 22.75, 9999.0, 9999.0, 9999.0, 23.89, 9999.0, 22.59, 9999.0, 22.75, 22.48, 22.25, 22.25, 22.27
2026-09-08, 22:46:56, 22.3, 22.5, 22.75, 22.75, 9999.0, 9999.0, 9999.0, 23.82, 9999.0, 22.61, 9999.0, 22.77, 22.48, 22.25, 22.25, 22.27
2026-09-08, 22:47:00, 22.27, 22.5, 22.75, 22.75, 9999.0, 9999.0, 9999.0, 23.84, 9999.0, 22.64, 9999.0, 22.75, 22.5, 22.25, 22.25, 22.27
2026-09-08, 22:47:04, 22.27, 22.5, 22.75, 22.75, 9999.0, 9999.0, 9999.0, 23.86, 9999.0, 22.66, 9999.0, 22.73, 22.5, 22.25, 22.25, 22.25
2026-09-08, 22:47:08, 22.27, 22.5, 22.75, 22.75, 9999.0, 9999.0, 9999.0, 23.89, 9999.0, 22.68, 9999.0, 22.7, 22.5, 22.25, 22.25, 22.25
2026-09-08, 22:47:12, 22.27, 22.5, 22.75, 22.75, 9999.0, 9999.0, 9999.0, 23.93, 9999.0, 22.7, 9999.0, 22.68, 22.5, 22.25, 22.25, 22.25
2026-09-08, 22:47:16, 22.27, 22.5, 22.75, 22.75, 9999.0, 9999.0, 9999.0, 23.95, 9999.0, 22.7, 9999.0, 22.66, 22.5, 22.25, 22.25, 22.25
2026-09-08, 22:47:20, 22.25, 22.5, 22.75, 22.75, 9999.0, 9999.0, 9999.0, 24.0, 9999.0, 22.73, 9999.0, 22.64, 22.5, 22.25, 22.25, 22.25
2026-09-08, 22:47:24, 22.25, 22.5, 22.75, 22.75, 9999.0, 9999.0, 9999.0, 24.02, 9999.0, 22.7, 9999.0, 22.61, 22.48, 22.25, 22.25, 22.25
2026-09-08, 22:47:28, 22.25, 22.5, 22.75, 22.75, 9999.0, 9999.0, 9999.0, 24.05, 9999.0, 22.68, 9999.0, 22.59, 22.48, 22.25, 22.25, 22.25
2026-09-08, 22:47:32, 22.25, 22.5, 22.75, 22.75, 9999.0, 9999.0, 9999.0, 24.07, 9999.0, 22.66, 9999.0, 22.57, 22.48, 22.25, 22.25, 22.25
2026-09-08, 22:47:36, 22.25, 22.5, 22.75, 22.75, 9999.0, 9999.0, 9999.0, 24.09, 9999.0, 22.64, 9999.0, 22.57, 22.48, 22.25, 22.25, 22.25
2026-09-08, 22:47:40, 22.25, 22.5, 22.75, 22.75, 9999.0, 9999.0, 9999.0, 24.14, 9999.0, 22.61, 9999.0, 22.57, 22.48, 22.25, 22.25, 22.25
2026-09-08, 22:47:44, 22.27, 22.5, 22.75, 22.75, 9999.0, 9999.0, 9999.0, 24.11, 9999.0, 22.59, 9999.0, 22.59, 22.48, 22.25, 22.25, 22.25
2026-09-08, 22:47:48, 22.27, 22.5, 22.75, 22.75, 9999.0, 9999.0, 9999.0, 24.07, 9999.0, 22.57, 9999.0, 22.61, 22.48, 22.25, 22.25, 22.25
2026-09-08, 22:47:52, 22.27, 22.5, 22.75, 22.75, 9999.0, 9999.0, 9999.0, 24.02, 9999.0, 22.55, 9999.0, 22.64, 22.48, 22.25, 22.25, 22.25
2026-09-08, 22:47:56, 22.27, 22.5, 22.75, 22.75, 9999.0, 9999.0, 9999.0, 23.98, 9999.0, 22.55, 9999.0, 22.64, 22.48, 22.25, 22.25, 22.25
2026-09-08, 22:48:00, 22.27, 22.5, 22.75, 22.75, 9999.0, 9999.0, 9999.0, 23.93, 9999.0, 22.55, 9999.0, 22.66, 22.48, 22.25, 22.25, 22.25
2026-09-08, 22:48:04, 22.27, 22.5, 22.75, 22.75, 9999.0, 9999.0, 9999.0, 23.89, 9999.0, 22.52, 9999.0, 22.68, 22.48, 22.25, 22.25, 22.25
2026-09-08, 22:48:08, 22.27, 22.5, 22.75, 22.75, 9999.0, 9999.0, 9999.0, 23.84, 9999.0, 22.55, 9999.0, 22.7, 22.5, 22.25, 22.25, 22.25
2026-09-08, 22:48:12, 22.27, 22.5, 22.75, 22.75, 9999.0, 9999.0, 9999.0, 23.8, 9999.0, 22.57, 9999.0, 22.73, 22.5, 22.25, 22.25, 22.25
2026-09-08, 22:48:16, 22.3, 22.5, 22.75, 22.75, 9999.0, 9999.0, 9999.0, 23.82, 9999.0, 22.59, 9999.0, 22.73, 22.5, 22.25, 22.25, 22.25
2026-09-08, 22:48:20, 22.3, 22.5, 22.75, 22.75, 9999.0, 9999.0, 9999.0, 23.84, 9999.0, 22.59, 9999.0, 22.73, 22.5, 22.25, 22.25, 22.25
2026-09-08, 22:48:24, 22.3, 22.5, 22.75, 22.75, 9999.0, 9999.0, 9999.0, 23.86, 9999.0, 22.59, 9999.0, 22.7, 22.5, 22.25, 22.25, 22.25
2026-09-08, 22:48:28, 22.27, 22.5, 22.75, 22.75, 9999.0, 9999.0, 9999.0, 23.89, 9999.0, 22.59, 9999.0, 22.7, 22.5, 22.25, 22.25, 22.25
2026-09-08, 22:48:32, 22.27, 22.5, 22.75, 22.75, 9999.0, 9999.0, 9999.0, 23.93, 9999.0, 22.59, 9999.0, 22.7, 22.5, 22.25, 22.25, 22.25
2026-09-08, 22:48:36, 22.27, 22.5, 22.75, 22.75, 9999.0, 9999.0, 9999.0, 23.98, 9999.0, 22.59, 9999.0, 22.68, 22.5, 22.25, 22.25, 22.25
2026-09-08, 22:48:40, 22.27, 22.5, 22.75, 22.75, 9999.0, 9999.0, 9999.0, 24.0, 9999.0, 22.57, 9999.0, 22.66, 22.5, 22.25, 22.25, 22.25
2026-09-08, 22:48:44, 22.27, 22.5, 22.75, 22.75, 9999.0, 9999.0, 9999.0, 24.02, 9999.0, 22.55, 9999.0, 22.64, 22.5, 22.25, 22.25, 22.25
2026-09-08, 22:48:48, 22.27, 22.5, 22.75, 22.75, 9999.0, 9999.0, 9999.0, 24.05, 9999.0, 22.55, 9999.0, 22.61, 22.5, 22.25, 22.25, 22.25
2026-09-08, 22:48:52, 22.27, 22.5, 22.75, 22.75, 9999.0, 9999.0, 9999.0, 24.09, 9999.0, 22.5, 9999.0, 22.59, 22.5, 22.25, 22.25, 22.25
2026-09-08, 22:48:56, 22.27, 22.5, 22.75, 22.75, 9999.0, 9999.0, 9999.0, 24.14, 9999.0, 22.45, 9999.0, 22.59, 22.5, 22.25, 22.25, 22.25
2026-09-08, 22:49:00, 22.27, 22.5, 22.75, 22.75, 9999.0, 9999.0, 9999.0, 24.09, 9999.0, 22.41, 9999.0, 22.61, 22.5, 22.25, 22.25, 22.27
2026-09-08, 22:49:04, 22.27, 22.5, 22.75, 22.75, 9999.0, 9999.0, 9999.0, 24.05, 9999.0, 22.39, 9999.0, 22.61, 22.5, 22.25, 22.25, 22.27
2026-09-08, 22:49:08, 22.27, 22.5, 22.75, 22.75, 9999.0, 9999.0, 9999.0, 24.0, 9999.0, 22.36, 9999.0, 22.66, 22.5, 22.25, 22.25, 22.27
2026-09-08, 22:49:12, 22.27, 22.5, 22.75, 22.75, 9999.0, 9999.0, 9999.0, 23.95, 9999.0, 22.34, 9999.0, 22.66, 22.5, 22.25, 22.25, 22.27
2026-09-08, 22:49:16, 22.27, 22.5, 22.75, 22.75, 9999.0, 9999.0, 9999.0, 23.91, 9999.0, 22.34, 9999.0, 22.66, 22.5, 22.25, 22.25, 22.27
2026-09-08, 22:49:20, 22.27, 22.5, 22.75, 22.75, 9999.0, 9999.0, 9999.0, 23.86, 9999.0, 22.34, 9999.0, 22.68, 22.5, 22.25, 22.25, 22.27
2026-09-08, 22:49:24, 22.27, 22.5, 22.75, 22.75, 9999.0, 9999.0, 9999.0, 23.84, 9999.0, 22.34, 9999.0, 22.7, 22.5, 22.25, 22.25, 22.27
2026-09-08, 22:49:28, 22.27, 22.5, 22.75, 22.75, 9999.0, 9999.0, 9999.0, 23.8, 9999.0, 22.39, 9999.0, 22.73, 22.5, 22.25, 22.25, 22.27
2026-09-08, 22:49:32, 22.3, 22.5, 22.75, 22.75, 9999.0, 9999.0, 9999.0, 23.75, 9999.0, 22.39, 9999.0, 22.75, 22.5, 22.25, 22.25, 22.27
2026-09-08, 22:49:36, 22.3, 22.5, 22.75, 22.75, 9999.0, 9999.0, 9999.0, 23.8, 9999.0, 22.41, 9999.0, 22.77, 22.5, 22.25, 22.27, 22.27
2026-09-08, 22:49:40, 22.3, 22.5, 22.75, 22.75, 9999.0, 9999.0, 9999.0, 23.82, 9999.0, 22.43, 9999.0, 22.77, 22.5, 22.25, 22.27, 22.27
2026-09-08, 22:49:44, 22.27, 22.5, 22.75, 22.75, 9999.0, 9999.0, 9999.0, 23.86, 9999.0, 22.45, 9999.0, 22.77, 22.5, 22.25, 22.27, 22.27
2026-09-08, 22:49:48, 22.27, 22.5, 22.75, 22.75, 9999.0, 9999.0, 9999.0, 23.91, 9999.0, 22.48, 9999.0, 22.77, 22.5, 22.25, 22.27, 22.27
2026-09-08, 22:49:52, 22.27, 22.5, 22.75, 22.75, 9999.0, 9999.0, 9999.0, 23.93, 9999.0, 22.5, 9999.0, 22.75, 22.5, 22.25, 22.27, 22.27
2026-09-08, 22:49:57, 22.27, 22.5, 22.75, 22.75, 9999.0, 9999.0, 9999.0, 23.95, 9999.0, 22.52, 9999.0, 22.73, 22.5, 22.25, 22.27, 22.27
2026-09-08, 22:50:01, 22.27, 22.5, 22.75, 22.75, 9999.0, 9999.0, 9999.0, 23.98, 9999.0, 22.5, 9999.0, 22.7, 22.5, 22.25, 22.27, 22.27
2026-09-08, 22:50:05, 22.27, 22.5, 22.75, 22.75, 9999.0, 9999.0, 9999.0, 24.0, 9999.0, 22.5, 9999.0, 22.68, 22.5, 22.25, 22.27, 22.27
2026-09-08, 22:50:09, 22.3, 22.48, 22.75, 22.75, 9999.0, 9999.0, 9999.0, 24.02, 9999.0, 22.48, 9999.0, 22.66, 22.5, 22.25, 22.27, 22.27
2026-09-08, 22:50:13, 22.3, 22.48, 22.75, 22.75, 9999.0, 9999.0, 9999.0, 24.07, 9999.0, 22.43, 9999.0, 22.66, 22.5, 22.25, 22.27, 22.27
2026-09-08, 22:50:17, 22.27, 22.48, 22.75, 22.75, 9999.0, 9999.0, 9999.0, 24.11, 9999.0, 22.41, 9999.0, 22.66, 22.5, 22.25, 22.27, 22.27
2026-09-08, 22:50:21, 22.3, 22.48, 22.75, 22.75, 9999.0, 9999.0, 9999.0, 24.07, 9999.0, 22.39, 9999.0, 22.66, 22.5, 22.25, 22.25, 22.27
2026-09-08, 22:50:25, 22.3, 22.48, 22.75, 22.75, 9999.0, 9999.0, 9999.0, 24.02, 9999.0, 22.36, 9999.0, 22.68, 22.5, 22.25, 22.25, 22.27
2026-09-08, 22:50:29, 22.32, 22.48, 22.75, 22.75, 9999.0, 9999.0, 9999.0, 23.98, 9999.0, 22.34, 9999.0, 22.68, 22.5, 22.25, 22.25, 22.25
2026-09-08, 22:50:33, 22.32, 22.48, 22.75, 22.75, 9999.0, 9999.0, 9999.0, 23.93, 9999.0, 22.32, 9999.0, 22.68, 22.5, 22.25, 22.25, 22.25
2026-09-08, 22:50:37, 22.32, 22.48, 22.75, 22.75, 9999.0, 9999.0, 9999.0, 23.89, 9999.0, 22.32, 9999.0, 22.68, 22.5, 22.25, 22.25, 22.25
2026-09-08, 22:50:41, 22.32, 22.48, 22.75, 22.75, 9999.0, 9999.0, 9999.0, 23.84, 9999.0, 22.32, 9999.0, 22.7, 22.5, 22.25, 22.25, 22.25
2026-09-08, 22:50:45, 22.32, 22.48, 22.75, 22.75, 9999.0, 9999.0, 9999.0, 23.8, 9999.0, 22.36, 9999.0, 22.73, 22.5, 22.25, 22.25, 22.25
2026-09-08, 22:50:49, 22.32, 22.48, 22.75, 22.75, 9999.0, 9999.0, 9999.0, 23.75, 9999.0, 22.39, 9999.0, 22.75, 22.5, 22.25, 22.25, 22.25
2026-09-08, 22:50:53, 22.3, 22.5, 22.75, 22.75, 9999.0, 9999.0, 9999.0, 23.7, 9999.0, 22.41, 9999.0, 22.77, 22.5, 22.25, 22.25, 22.25
2026-09-08, 22:50:57, 22.3, 22.5, 22.75, 22.75, 9999.0, 9999.0, 9999.0, 23.73, 9999.0, 22.43, 9999.0, 22.77, 22.5, 22.25, 22.25, 22.25
2026-09-08, 22:51:01, 22.3, 22.5, 22.75, 22.75, 9999.0, 9999.0, 9999.0, 23.75, 9999.0, 22.45, 9999.0, 22.77, 22.5, 22.25, 22.25, 22.25
2026-09-08, 22:51:05, 22.3, 22.5, 22.75, 22.75, 9999.0, 9999.0, 9999.0, 23.77, 9999.0, 22.48, 9999.0, 22.77, 22.5, 22.25, 22.25, 22.25
2026-09-08, 22:51:09, 22.3, 22.5, 22.75, 22.75, 9999.0, 9999.0, 9999.0, 23.8, 9999.0, 22.5, 9999.0, 22.75, 22.5, 22.25, 22.25, 22.25
2026-09-08, 22:51:13, 22.3, 22.5, 22.75, 22.75, 9999.0, 9999.0, 9999.0, 23.84, 9999.0, 22.5, 9999.0, 22.75, 22.5, 22.25, 22.25, 22.25
2026-09-08, 22:51:17, 22.3, 22.5, 22.75, 22.75, 9999.0, 9999.0, 9999.0, 23.86, 9999.0, 22.5, 9999.0, 22.75, 22.5, 22.25, 22.27, 22.25
2026-09-08, 22:51:21, 22.32, 22.5, 22.75, 22.75, 9999.0, 9999.0, 9999.0, 23.91, 9999.0, 22.48, 9999.0, 22.73, 22.5, 22.25, 22.27, 22.25
2026-09-08, 22:51:25, 22.32, 22.5, 22.75, 22.75, 9999.0, 9999.0, 9999.0, 23.95, 9999.0, 22.45, 9999.0, 22.7, 22.5, 22.25, 22.27, 22.25
2026-09-08, 22:51:29, 22.34, 22.5, 22.75, 22.75, 9999.0, 9999.0, 9999.0, 24.0, 9999.0, 22.41, 9999.0, 22.68, 22.5, 22.25, 22.27, 22.25
2026-09-08, 22:51:33, 22.34, 22.5, 22.75, 22.75, 9999.0, 9999.0, 9999.0, 24.05, 9999.0, 22.36, 9999.0, 22.68, 22.5, 22.25, 22.27, 22.25
2026-09-08, 22:51:37, 22.34, 22.5, 22.75, 22.75, 9999.0, 9999.0, 9999.0, 24.07, 9999.0, 22.34, 9999.0, 22.68, 22.5, 22.25, 22.27, 22.25
2026-09-08, 22:51:41, 22.36, 22.5, 22.75, 22.75, 9999.0, 9999.0, 9999.0, 24.02, 9999.0, 22.3, 9999.0, 22.68, 22.5, 22.25, 22.27, 22.27
2026-09-08, 22:51:45, 22.36, 22.5, 22.75, 22.75, 9999.0, 9999.0, 9999.0, 23.98, 9999.0, 22.25, 9999.0, 22.68, 22.5, 22.25, 22.27, 22.27
2026-09-08, 22:51:49, 22.34, 22.5, 22.75, 22.75, 9999.0, 9999.0, 9999.0, 23.93, 9999.0, 22.2, 9999.0, 22.68, 22.5, 22.25, 22.27, 22.27
2026-09-08, 22:51:53, 22.34, 22.5, 22.75, 22.75, 9999.0, 9999.0, 9999.0, 23.89, 9999.0, 22.18, 9999.0, 22.68, 22.5, 22.25, 22.27, 22.27
2026-09-08, 22:51:57, 22.32, 22.5, 22.75, 22.75, 9999.0, 9999.0, 9999.0, 23.82, 9999.0, 22.18, 9999.0, 22.68, 22.5, 22.25, 22.27, 22.3
2026-09-08, 22:52:01, 22.32, 22.5, 22.75, 22.75, 9999.0, 9999.0, 9999.0, 23.77, 9999.0, 22.2, 9999.0, 22.68, 22.5, 22.25, 22.25, 22.3
2026-09-08, 22:52:05, 22.3, 22.5, 22.75, 22.75, 9999.0, 9999.0, 9999.0, 23.73, 9999.0, 22.23, 9999.0, 22.7, 22.5, 22.25, 22.25, 22.3
2026-09-08, 22:52:09, 22.3, 22.5, 22.75, 22.75, 9999.0, 9999.0, 9999.0, 23.68, 9999.0, 22.23, 9999.0, 22.73, 22.5, 22.25, 22.25, 22.3
2026-09-08, 22:52:13, 22.27, 22.5, 22.75, 22.75, 9999.0, 9999.0, 9999.0, 23.7, 9999.0, 22.25, 9999.0, 22.75, 22.5, 22.25, 22.25, 22.32
2026-09-08, 22:52:17, 22.27, 22.5, 22.75, 22.75, 9999.0, 9999.0, 9999.0, 23.7, 9999.0, 22.27, 9999.0, 22.75, 22.5, 22.25, 22.25, 22.32
2026-09-08, 22:52:21, 22.3, 22.5, 22.75, 22.75, 9999.0, 9999.0, 9999.0, 23.73, 9999.0, 22.27, 9999.0, 22.75, 22.5, 22.25, 22.25, 22.32
2026-09-08, 22:52:25, 22.27, 22.5, 22.75, 22.75, 9999.0, 9999.0, 9999.0, 23.77, 9999.0, 22.3, 9999.0, 22.75, 22.5, 22.25, 22.25, 22.3
2026-09-08, 22:52:29, 22.27, 22.5, 22.75, 22.75, 9999.0, 9999.0, 9999.0, 23.8, 9999.0, 22.32, 9999.0, 22.75, 22.5, 22.25, 22.27, 22.3
2026-09-08, 22:52:33, 22.27, 22.5, 22.75, 22.75, 9999.0, 9999.0, 9999.0, 23.82, 9999.0, 22.34, 9999.0, 22.75, 22.5, 22.25, 22.27, 22.3
2026-09-08, 22:52:37, 22.27, 22.5, 22.75, 22.75, 9999.0, 9999.0, 9999.0, 23.84, 9999.0, 22.34, 9999.0, 22.73, 22.5, 22.25, 22.27, 22.3
2026-09-08, 22:52:41, 22.27, 22.5, 22.75, 22.75, 9999.0, 9999.0, 9999.0, 23.86, 9999.0, 22.34, 9999.0, 22.7, 22.5, 22.25, 22.27, 22.27
2026-09-08, 22:52:45, 22.27, 22.5, 22.75, 22.75, 9999.0, 9999.0, 9999.0, 23.91, 9999.0, 22.32, 9999.0, 22.68, 22.5, 22.25, 22.27, 22.27
2026-09-08, 22:52:49, 22.27, 22.5, 22.75, 22.75, 9999.0, 9999.0, 9999.0, 23.93, 9999.0, 22.3, 9999.0, 22.66, 22.5, 22.25, 22.27, 22.27
2026-09-08, 22:52:53, 22.27, 22.5, 22.75, 22.75, 9999.0, 9999.0, 9999.0, 23.95, 9999.0, 22.3, 9999.0, 22.66, 22.5, 22.25, 22.27, 22.27
2026-09-08, 22:52:57, 22.27, 22.5, 22.75, 22.75, 9999.0, 9999.0, 9999.0, 23.91, 9999.0, 22.25, 9999.0, 22.66, 22.5, 22.25, 22.27, 22.25
2026-09-08, 22:53:01, 22.27, 22.5, 22.75, 22.75, 9999.0, 9999.0, 9999.0, 23.89, 9999.0, 22.23, 9999.0, 22.66, 22.5, 22.25, 22.27, 22.25
2026-09-08, 22:53:05, 22.27, 22.5, 22.75, 22.75, 9999.0, 9999.0, 9999.0, 23.86, 9999.0, 22.2, 9999.0, 22.68, 22.5, 22.25, 22.27, 22.25
2026-09-08, 22:53:09, 22.3, 22.5, 22.75, 22.75, 9999.0, 9999.0, 9999.0, 23.82, 9999.0, 22.18, 9999.0, 22.68, 22.5, 22.25, 22.27, 22.27
2026-09-08, 22:53:13, 22.3, 22.5, 22.75, 22.75, 9999.0, 9999.0, 9999.0, 23.8, 9999.0, 22.2, 9999.0, 22.68, 22.5, 22.25, 22.25, 22.27
2026-09-08, 22:53:17, 22.3, 22.5, 22.75, 22.75, 9999.0, 9999.0, 9999.0, 23.75, 9999.0, 22.2, 9999.0, 22.68, 22.5, 22.25, 22.25, 22.3
2026-09-08, 22:53:21, 22.3, 22.5, 22.75, 22.75, 9999.0, 9999.0, 9999.0, 23.73, 9999.0, 22.2, 9999.0, 22.7, 22.5, 22.25, 22.25, 22.3
2026-09-08, 22:53:25, 22.3, 22.5, 22.75, 22.75, 9999.0, 9999.0, 9999.0, 23.7, 9999.0, 22.23, 9999.0, 22.73, 22.5, 22.25, 22.25, 22.3
2026-09-08, 22:53:29, 22.32, 22.5, 22.75, 22.75, 9999.0, 9999.0, 9999.0, 23.66, 9999.0, 22.25, 9999.0, 22.75, 22.5, 22.25, 22.25, 22.3
2026-09-08, 22:53:33, 22.32, 22.48, 22.75, 22.75, 9999.0, 9999.0, 9999.0, 23.7, 9999.0, 22.27, 9999.0, 22.77, 22.5, 22.25, 22.27, 22.3
2026-09-08, 22:53:37, 22.32, 22.48, 22.75, 22.75, 9999.0, 9999.0, 9999.0, 23.73, 9999.0, 22.27, 9999.0, 22.77, 22.5, 22.25, 22.27, 22.3
2026-09-08, 22:53:41, 22.32, 22.48, 22.75, 22.75, 9999.0, 9999.0, 9999.0, 23.77, 9999.0, 22.3, 9999.0, 22.77, 22.5, 22.25, 22.27, 22.3
2026-09-08, 22:53:45, 22.32, 22.48, 22.75, 22.75, 9999.0, 9999.0, 9999.0, 23.8, 9999.0, 22.3, 9999.0, 22.75, 22.5, 22.25, 22.27, 22.3
2026-09-08, 22:53:50, 22.32, 22.48, 22.75, 22.75, 9999.0, 9999.0, 9999.0, 23.82, 9999.0, 22.32, 9999.0, 22.7, 22.5, 22.25, 22.3, 22.3
2026-09-08, 22:53:54, 22.3, 22.48, 22.75, 22.75, 9999.0, 9999.0, 9999.0, 23.84, 9999.0, 22.34, 9999.0, 22.68, 22.5, 22.25, 22.3, 22.27
2026-09-08, 22:53:58, 22.3, 22.48, 22.75, 22.75, 9999.0, 9999.0, 9999.0, 23.84, 9999.0, 22.32, 9999.0, 22.68, 22.5, 22.25, 22.32, 22.27
2026-09-08, 22:54:02, 22.3, 22.48, 22.75, 22.75, 9999.0, 9999.0, 9999.0, 23.86, 9999.0, 22.32, 9999.0, 22.66, 22.5, 22.25, 22.32, 22.25
2026-09-08, 22:54:06, 22.32, 22.48, 22.75, 22.75, 9999.0, 9999.0, 9999.0, 23.89, 9999.0, 22.3, 9999.0, 22.64, 22.5, 22.25, 22.32, 22.27
2026-09-08, 22:54:10, 22.32, 22.48, 22.75, 22.75, 9999.0, 9999.0, 9999.0, 23.91, 9999.0, 22.27, 9999.0, 22.64, 22.5, 22.25, 22.32, 22.27
2026-09-08, 22:54:14, 22.3, 22.48, 22.75, 22.75, 9999.0, 9999.0, 9999.0, 23.93, 9999.0, 22.23, 9999.0, 22.64, 22.5, 22.25, 22.32, 22.27
2026-09-08, 22:54:18, 22.3, 22.5, 22.75, 22.75, 9999.0, 9999.0, 9999.0, 23.89, 9999.0, 22.2, 9999.0, 22.64, 22.5, 22.25, 22.3, 22.3
2026-09-08, 22:54:22, 22.3, 22.5, 22.75, 22.75, 9999.0, 9999.0, 9999.0, 23.86, 9999.0, 22.18, 9999.0, 22.66, 22.5, 22.25, 22.3, 22.3
2026-09-08, 22:54:26, 22.3, 22.5, 22.75, 22.75, 9999.0, 9999.0, 9999.0, 23.8, 9999.0, 22.16, 9999.0, 22.68, 22.5, 22.25, 22.3, 22.3
2026-09-08, 22:54:30, 22.3, 22.5, 22.75, 22.75, 9999.0, 9999.0, 9999.0, 23.75, 9999.0, 22.16, 9999.0, 22.7, 22.5, 22.25, 22.3, 22.32
2026-09-08, 22:54:34, 22.27, 22.5, 22.75, 22.75, 9999.0, 9999.0, 9999.0, 23.7, 9999.0, 22.16, 9999.0, 22.73, 22.5, 22.25, 22.3, 22.34
2026-09-08, 22:54:38, 22.27, 22.5, 22.75, 22.75, 9999.0, 9999.0, 9999.0, 23.66, 9999.0, 22.16, 9999.0, 22.75, 22.5, 22.25, 22.3, 22.34
2026-09-08, 22:54:42, 22.3, 22.5, 22.75, 22.75, 9999.0, 9999.0, 9999.0, 23.64, 9999.0, 22.18, 9999.0, 22.75, 22.5, 22.25, 22.27, 22.34
2026-09-08, 22:54:46, 22.3, 22.5, 22.75, 22.75, 9999.0, 9999.0, 9999.0, 23.61, 9999.0, 22.18, 9999.0, 22.77, 22.5, 22.25, 22.3, 22.34
2026-09-08, 22:54:50, 22.27, 22.5, 22.75, 22.75, 9999.0, 9999.0, 9999.0, 23.57, 9999.0, 22.2, 9999.0, 22.8, 22.5, 22.25, 22.3, 22.32
2026-09-08, 22:54:54, 22.27, 22.5, 22.75, 22.75, 9999.0, 9999.0, 9999.0, 23.59, 9999.0, 22.2, 9999.0, 22.8, 22.5, 22.25, 22.3, 22.32
2026-09-08, 22:54:58, 22.27, 22.5, 22.75, 22.75, 9999.0, 9999.0, 9999.0, 23.64, 9999.0, 22.23, 9999.0, 22.8, 22.5, 22.25, 22.3, 22.32
2026-09-08, 22:55:02, 22.27, 22.5, 22.75, 22.75, 9999.0, 9999.0, 9999.0, 23.66, 9999.0, 22.23, 9999.0, 22.8, 22.5, 22.25, 22.3, 22.3
2026-09-08, 22:55:06, 22.27, 22.5, 22.75, 22.75, 9999.0, 9999.0, 9999.0, 23.68, 9999.0, 22.25, 9999.0, 22.75, 22.5, 22.25, 22.3, 22.3
2026-09-08, 22:55:10, 22.27, 22.5, 22.75, 22.75, 9999.0, 9999.0, 9999.0, 23.7, 9999.0, 22.27, 9999.0, 22.73, 22.5, 22.25, 22.3, 22.3
2026-09-08, 22:55:14, 22.3, 22.5, 22.75, 22.75, 9999.0, 9999.0, 9999.0, 23.73, 9999.0, 22.25, 9999.0, 22.73, 22.5, 22.25, 22.3, 22.27
2026-09-08, 22:55:18, 22.3, 22.5, 22.75, 22.75, 9999.0, 9999.0, 9999.0, 23.75, 9999.0, 22.23, 9999.0, 22.73, 22.5, 22.25, 22.27, 22.25
2026-09-08, 22:55:22, 22.3, 22.5, 22.75, 22.75, 9999.0, 9999.0, 9999.0, 23.77, 9999.0, 22.2, 9999.0, 22.73, 22.5, 22.25, 22.27, 22.25
2026-09-08, 22:55:26, 22.27, 22.5, 22.75, 22.75, 9999.0, 9999.0, 9999.0, 23.8, 9999.0, 22.16, 9999.0, 22.7, 22.5, 22.25, 22.27, 22.25
2026-09-08, 22:55:30, 22.27, 22.5, 22.75, 22.75, 9999.0, 9999.0, 9999.0, 23.82, 9999.0, 22.14, 9999.0, 22.7, 22.5, 22.25, 22.27, 22.27
2026-09-08, 22:55:34, 22.27, 22.5, 22.75, 22.75, 9999.0, 9999.0, 9999.0, 23.86, 9999.0, 22.11, 9999.0, 22.7, 22.5, 22.25, 22.27, 22.3
2026-09-08, 22:55:38, 22.27, 22.5, 22.75, 22.75, 9999.0, 9999.0, 9999.0, 23.84, 9999.0, 22.09, 9999.0, 22.7, 22.5, 22.25, 22.3, 22.32
2026-09-08, 22:55:42, 22.27, 22.5, 22.75, 22.77, 9999.0, 9999.0, 9999.0, 23.77, 9999.0, 22.07, 9999.0, 22.73, 22.5, 22.27, 22.3, 22.34
2026-09-08, 22:55:46, 22.27, 22.5, 22.75, 22.77, 9999.0, 9999.0, 9999.0, 23.73, 9999.0, 22.05, 9999.0, 22.75, 22.5, 22.27, 22.3, 22.36
2026-09-08, 22:55:50, 22.27, 22.5, 22.75, 22.77, 9999.0, 9999.0, 9999.0, 23.68, 9999.0, 22.05, 9999.0, 22.77, 22.5, 22.27, 22.32, 22.36
2026-09-08, 22:55:54, 22.27, 22.5, 22.75, 22.77, 9999.0, 9999.0, 9999.0, 23.66, 9999.0, 22.05, 9999.0, 22.77, 22.5, 22.27, 22.32, 22.36
2026-09-08, 22:55:58, 22.25, 22.5, 22.75, 22.77, 9999.0, 9999.0, 9999.0, 23.64, 9999.0, 22.07, 9999.0, 22.77, 22.5, 22.27, 22.32, 22.39
2026-09-08, 22:56:02, 22.27, 22.5, 22.75, 22.77, 9999.0, 9999.0, 9999.0, 23.61, 9999.0, 22.09, 9999.0, 22.77, 22.5, 22.27, 22.32, 22.39
2026-09-08, 22:56:06, 22.27, 22.5, 22.75, 22.77, 9999.0, 9999.0, 9999.0, 23.59, 9999.0, 22.11, 9999.0, 22.77, 22.5, 22.27, 22.34, 22.39
2026-09-08, 22:56:10, 22.3, 22.5, 22.75, 22.77, 9999.0, 9999.0, 9999.0, 23.61, 9999.0, 22.14, 9999.0, 22.8, 22.5, 22.27, 22.34, 22.39
2026-09-08, 22:56:14, 22.3, 22.5, 22.75, 22.77, 9999.0, 9999.0, 9999.0, 23.64, 9999.0, 22.16, 9999.0, 22.8, 22.5, 22.27, 22.32, 22.39
2026-09-08, 22:56:18, 22.3, 22.5, 22.75, 22.77, 9999.0, 9999.0, 9999.0, 23.66, 9999.0, 22.18, 9999.0, 22.8, 22.5, 22.27, 22.32, 22.39
2026-09-08, 22:56:22, 22.3, 22.5, 22.75, 22.77, 9999.0, 9999.0, 9999.0, 23.68, 9999.0, 22.18, 9999.0, 22.8, 22.5, 22.27, 22.32, 22.36
2026-09-08, 22:56:26, 22.3, 22.5, 22.75, 22.75, 9999.0, 9999.0, 9999.0, 23.73, 9999.0, 22.18, 9999.0, 22.75, 22.5, 22.27, 22.34, 22.34
2026-09-08, 22:56:30, 22.3, 22.5, 22.75, 22.75, 9999.0, 9999.0, 9999.0, 23.75, 9999.0, 22.18, 9999.0, 22.7, 22.5, 22.27, 22.34, 22.32
2026-09-08, 22:56:34, 22.3, 22.5, 22.75, 22.77, 9999.0, 9999.0, 9999.0, 23.77, 9999.0, 22.16, 9999.0, 22.7, 22.5, 22.27, 22.32, 22.34
2026-09-08, 22:56:38, 22.32, 22.5, 22.75, 22.77, 9999.0, 9999.0, 9999.0, 23.8, 9999.0, 22.14, 9999.0, 22.68, 22.5, 22.27, 22.32, 22.34
2026-09-08, 22:56:42, 22.32, 22.5, 22.75, 22.77, 9999.0, 9999.0, 9999.0, 23.82, 9999.0, 22.11, 9999.0, 22.68, 22.5, 22.27, 22.32, 22.32
2026-09-08, 22:56:46, 22.3, 22.5, 22.75, 22.77, 9999.0, 9999.0, 9999.0, 23.84, 9999.0, 22.07, 9999.0, 22.68, 22.5, 22.27, 22.34, 22.32
2026-09-08, 22:56:50, 22.32, 22.5, 22.75, 22.77, 9999.0, 9999.0, 9999.0, 23.84, 9999.0, 22.05, 9999.0, 22.68, 22.5, 22.27, 22.34, 22.32
2026-09-08, 22:56:54, 22.32, 22.5, 22.75, 22.77, 9999.0, 9999.0, 9999.0, 23.8, 9999.0, 22.02, 9999.0, 22.68, 22.5, 22.27, 22.36, 22.34
2026-09-08, 22:56:58, 22.32, 22.5, 22.75, 22.8, 9999.0, 9999.0, 9999.0, 23.75, 9999.0, 22.0, 9999.0, 22.68, 22.52, 22.27, 22.39, 22.34
2026-09-08, 22:57:02, 22.32, 22.5, 22.75, 22.8, 9999.0, 9999.0, 9999.0, 23.7, 9999.0, 21.98, 9999.0, 22.68, 22.52, 22.27, 22.39, 22.34
2026-09-08, 22:57:06, 22.32, 22.5, 22.75, 22.8, 9999.0, 9999.0, 9999.0, 23.66, 9999.0, 21.95, 9999.0, 22.68, 22.52, 22.27, 22.36, 22.36
2026-09-08, 22:57:10, 22.32, 22.5, 22.75, 22.82, 9999.0, 9999.0, 9999.0, 23.61, 9999.0, 21.98, 9999.0, 22.7, 22.52, 22.25, 22.34, 22.36
2026-09-08, 22:57:14, 22.32, 22.5, 22.75, 22.82, 9999.0, 9999.0, 9999.0, 23.59, 9999.0, 21.98, 9999.0, 22.73, 22.52, 22.25, 22.34, 22.36
2026-09-08, 22:57:18, 22.34, 22.5, 22.75, 22.8, 9999.0, 9999.0, 9999.0, 23.57, 9999.0, 22.0, 9999.0, 22.73, 22.52, 22.25, 22.36, 22.34
2026-09-08, 22:57:22, 22.32, 22.5, 22.75, 22.8, 9999.0, 9999.0, 9999.0, 23.52, 9999.0, 22.02, 9999.0, 22.75, 22.52, 22.25, 22.36, 22.34
2026-09-08, 22:57:26, 22.32, 22.5, 22.75, 22.8, 9999.0, 9999.0, 9999.0, 23.48, 9999.0, 22.05, 9999.0, 22.75, 22.52, 22.25, 22.36, 22.34
2026-09-08, 22:57:30, 22.34, 22.5, 22.75, 22.8, 9999.0, 9999.0, 9999.0, 23.52, 9999.0, 22.09, 9999.0, 22.75, 22.52, 22.25, 22.34, 22.36
2026-09-08, 22:57:35, 22.32, 22.5, 22.75, 22.8, 9999.0, 9999.0, 9999.0, 23.57, 9999.0, 22.11, 9999.0, 22.75, 22.52, 22.25, 22.32, 22.39
2026-09-08, 22:57:39, 22.3, 22.5, 22.75, 22.8, 9999.0, 9999.0, 9999.0, 23.61, 9999.0, 22.14, 9999.0, 22.75, 22.52, 22.25, 22.3, 22.36
2026-09-08, 22:57:43, 22.3, 22.5, 22.75, 22.77, 9999.0, 9999.0, 9999.0, 23.66, 9999.0, 22.14, 9999.0, 22.75, 22.5, 22.25, 22.3, 22.34
2026-09-08, 22:57:47, 22.3, 22.5, 22.75, 22.77, 9999.0, 9999.0, 9999.0, 23.68, 9999.0, 22.14, 9999.0, 22.75, 22.5, 22.25, 22.32, 22.34
2026-09-08, 22:57:51, 22.3, 22.5, 22.75, 22.77, 9999.0, 9999.0, 9999.0, 23.7, 9999.0, 22.16, 9999.0, 22.73, 22.5, 22.25, 22.32, 22.34
2026-09-08, 22:57:55, 22.3, 22.5, 22.75, 22.75, 9999.0, 9999.0, 9999.0, 23.73, 9999.0, 22.14, 9999.0, 22.73, 22.5, 22.25, 22.32, 22.36
2026-09-08, 22:57:59, 22.3, 22.5, 22.75, 22.75, 9999.0, 9999.0, 9999.0, 23.75, 9999.0, 22.14, 9999.0, 22.7, 22.5, 22.25, 22.32, 22.36
2026-09-08, 22:58:03, 22.27, 22.5, 22.75, 22.75, 9999.0, 9999.0, 9999.0, 23.77, 9999.0, 22.11, 9999.0, 22.68, 22.5, 22.25, 22.3, 22.39
2026-09-08, 22:58:07, 22.27, 22.5, 22.75, 22.75, 9999.0, 9999.0, 9999.0, 23.82, 9999.0, 22.09, 9999.0, 22.68, 22.5, 22.25, 22.3, 22.41
2026-09-08, 22:58:11, 22.3, 22.5, 22.75, 22.75, 9999.0, 9999.0, 9999.0, 23.84, 9999.0, 22.07, 9999.0, 22.68, 22.5, 22.25, 22.3, 22.43
2026-09-08, 22:58:15, 22.27, 22.5, 22.75, 22.75, 9999.0, 9999.0, 9999.0, 23.8, 9999.0, 22.05, 9999.0, 22.68, 22.5, 22.25, 22.3, 22.41
2026-09-08, 22:58:19, 22.3, 22.5, 22.75, 22.75, 9999.0, 9999.0, 9999.0, 23.75, 9999.0, 22.02, 9999.0, 22.7, 22.52, 22.25, 22.32, 22.41
2026-09-08, 22:58:23, 22.3, 22.5, 22.75, 22.75, 9999.0, 9999.0, 9999.0, 23.7, 9999.0, 22.0, 9999.0, 22.7, 22.52, 22.25, 22.32, 22.43
2026-09-08, 22:58:27, 22.3, 22.5, 22.75, 22.75, 9999.0, 9999.0, 9999.0, 23.66, 9999.0, 22.02, 9999.0, 22.73, 22.52, 22.25, 22.3, 22.45
2026-09-08, 22:58:31, 22.3, 22.5, 22.75, 22.75, 9999.0, 9999.0, 9999.0, 23.64, 9999.0, 22.05, 9999.0, 22.73, 22.52, 22.25, 22.27, 22.43
2026-09-08, 22:58:35, 22.32, 22.5, 22.75, 22.75, 9999.0, 9999.0, 9999.0, 23.61, 9999.0, 22.07, 9999.0, 22.75, 22.52, 22.25, 22.27, 22.41
2026-09-08, 22:58:39, 22.32, 22.5, 22.75, 22.75, 9999.0, 9999.0, 9999.0, 23.59, 9999.0, 22.11, 9999.0, 22.75, 22.52, 22.25, 22.3, 22.41
2026-09-08, 22:58:43, 22.34, 22.5, 22.75, 22.77, 9999.0, 9999.0, 9999.0, 23.55, 9999.0, 22.14, 9999.0, 22.77, 22.52, 22.25, 22.3, 22.43
2026-09-08, 22:58:47, 22.34, 22.5, 22.75, 22.77, 9999.0, 9999.0, 9999.0, 23.59, 9999.0, 22.16, 9999.0, 22.8, 22.52, 22.25, 22.3, 22.43
2026-09-08, 22:58:51, 22.34, 22.5, 22.75, 22.77, 9999.0, 9999.0, 9999.0, 23.61, 9999.0, 22.2, 9999.0, 22.8, 22.52, 22.25, 22.3, 22.43
2026-09-08, 22:58:55, 22.32, 22.5, 22.75, 22.77, 9999.0, 9999.0, 9999.0, 23.66, 9999.0, 22.23, 9999.0, 22.8, 22.52, 22.25, 22.3, 22.41
2026-09-08, 22:58:59, 22.34, 22.5, 22.75, 22.77, 9999.0, 9999.0, 9999.0, 23.68, 9999.0, 22.25, 9999.0, 22.77, 22.52, 22.25, 22.32, 22.43
2026-09-08, 22:59:03, 22.32, 22.5, 22.75, 22.77, 9999.0, 9999.0, 9999.0, 23.7, 9999.0, 22.27, 9999.0, 22.75, 22.5, 22.25, 22.32, 22.41
2026-09-08, 22:59:07, 22.32, 22.5, 22.75, 22.77, 9999.0, 9999.0, 9999.0, 23.73, 9999.0, 22.3, 9999.0, 22.75, 22.5, 22.25, 22.32, 22.41
2026-09-08, 22:59:11, 22.32, 22.5, 22.75, 22.77, 9999.0, 9999.0, 9999.0, 23.75, 9999.0, 22.27, 9999.0, 22.73, 22.5, 22.25, 22.32, 22.41
2026-09-08, 22:59:15, 22.32, 22.5, 22.75, 22.77, 9999.0, 9999.0, 9999.0, 23.77, 9999.0, 22.25, 9999.0, 22.7, 22.5, 22.25, 22.32, 22.43
2026-09-08, 22:59:19, 22.3, 22.5, 22.75, 22.77, 9999.0, 9999.0, 9999.0, 23.8, 9999.0, 22.25, 9999.0, 22.68, 22.5, 22.25, 22.32, 22.45
2026-09-08, 22:59:23, 22.3, 22.5, 22.75, 22.77, 9999.0, 9999.0, 9999.0, 23.82, 9999.0, 22.23, 9999.0, 22.66, 22.5, 22.25, 22.3, 22.45
2026-09-08, 22:59:27, 22.27, 22.5, 22.75, 22.75, 9999.0, 9999.0, 9999.0, 23.86, 9999.0, 22.23, 9999.0, 22.66, 22.5, 22.25, 22.3, 22.45
2026-09-08, 22:59:31, 22.27, 22.5, 22.75, 22.75, 9999.0, 9999.0, 9999.0, 23.82, 9999.0, 22.23, 9999.0, 22.66, 22.5, 22.25, 22.3, 22.45
2026-09-08, 22:59:35, 22.3, 22.5, 22.75, 22.75, 9999.0, 9999.0, 9999.0, 23.8, 9999.0, 22.18, 9999.0, 22.68, 22.5, 22.25, 22.32, 22.45
2026-09-08, 22:59:39, 22.32, 22.5, 22.75, 22.75, 9999.0, 9999.0, 9999.0, 23.75, 9999.0, 22.16, 9999.0, 22.68, 22.5, 22.25, 22.32, 22.48
2026-09-08, 22:59:43, 22.3, 22.5, 22.75, 22.75, 9999.0, 9999.0, 9999.0, 23.7, 9999.0, 22.14, 9999.0, 22.7, 22.5, 22.25, 22.3, 22.48
2026-09-08, 22:59:47, 22.3, 22.5, 22.75, 22.75, 9999.0, 9999.0, 9999.0, 23.68, 9999.0, 22.16, 9999.0, 22.7, 22.5, 22.25, 22.3, 22.5
2026-09-08, 22:59:51, 22.3, 22.5, 22.75, 22.75, 9999.0, 9999.0, 9999.0, 23.66, 9999.0, 22.16, 9999.0, 22.7, 22.5, 22.27, 22.3, 22.5
2026-09-08, 22:59:55, 22.3, 22.5, 22.75, 22.75, 9999.0, 9999.0, 9999.0, 23.64, 9999.0, 22.2, 9999.0, 22.7, 22.5, 22.27, 22.3, 22.5
2026-09-08, 22:59:59, 22.3, 22.5, 22.75, 22.75, 9999.0, 9999.0, 9999.0, 23.61, 9999.0, 22.25, 9999.0, 22.73, 22.5, 22.27, 22.32, 22.5
2026-09-08, 23:00:03, 22.3, 22.5, 22.75, 22.77, 9999.0, 9999.0, 9999.0, 23.59, 9999.0, 22.27, 9999.0, 22.75, 22.5, 22.27, 22.32, 22.5
2026-09-08, 23:00:07, 22.3, 22.5, 22.75, 22.77, 9999.0, 9999.0, 9999.0, 23.64, 9999.0, 22.3, 9999.0, 22.77, 22.52, 22.27, 22.32, 22.5
2026-09-08, 23:00:11, 22.3, 22.5, 22.75, 22.77, 9999.0, 9999.0, 9999.0, 23.66, 9999.0, 22.3, 9999.0, 22.77, 22.52, 22.27, 22.32, 22.5
2026-09-08, 23:00:15, 22.3, 22.5, 22.75, 22.77, 9999.0, 9999.0, 9999.0, 23.68, 9999.0, 22.3, 9999.0, 22.77, 22.52, 22.27, 22.32, 22.5
2026-09-08, 23:00:19, 22.27, 22.5, 22.75, 22.77, 9999.0, 9999.0, 9999.0, 23.7, 9999.0, 22.32, 9999.0, 22.75, 22.52, 22.27, 22.32, 22.5
2026-09-08, 23:00:23, 22.25, 22.5, 22.75, 22.77, 9999.0, 9999.0, 9999.0, 23.75, 9999.0, 22.34, 9999.0, 22.75, 22.52, 22.27, 22.32, 22.48
2026-09-08, 23:00:27, 22.25, 22.5, 22.75, 22.77, 9999.0, 9999.0, 9999.0, 23.8, 9999.0, 22.36, 9999.0, 22.75, 22.52, 22.27, 22.34, 22.48
2026-09-08, 23:00:31, 22.25, 22.5, 22.75, 22.77, 9999.0, 9999.0, 9999.0, 23.82, 9999.0, 22.34, 9999.0, 22.75, 22.52, 22.27, 22.34, 22.45
2026-09-08, 23:00:35, 22.25, 22.5, 22.75, 22.8, 9999.0, 9999.0, 9999.0, 23.84, 9999.0, 22.34, 9999.0, 22.75, 22.52, 22.25, 22.36, 22.43
2026-09-08, 23:00:39, 22.25, 22.5, 22.75, 22.8, 9999.0, 9999.0, 9999.0, 23.86, 9999.0, 22.32, 9999.0, 22.73, 22.52, 22.25, 22.36, 22.43
2026-09-08, 23:00:43, 22.25, 22.5, 22.75, 22.8, 9999.0, 9999.0, 9999.0, 23.89, 9999.0, 22.3, 9999.0, 22.73, 22.52, 22.25, 22.36, 22.41
2026-09-08, 23:00:47, 22.25, 22.5, 22.75, 22.77, 9999.0, 9999.0, 9999.0, 23.91, 9999.0, 22.27, 9999.0, 22.73, 22.52, 22.25, 22.39, 22.41
2026-09-08, 23:00:51, 22.25, 22.5, 22.75, 22.77, 9999.0, 9999.0, 9999.0, 23.86, 9999.0, 22.25, 9999.0, 22.73, 22.5, 22.25, 22.39, 22.41
2026-09-08, 23:00:55, 22.27, 22.5, 22.75, 22.77, 9999.0, 9999.0, 9999.0, 23.84, 9999.0, 22.23, 9999.0, 22.75, 22.5, 22.25, 22.41, 22.41
2026-09-08, 23:00:59, 22.27, 22.5, 22.75, 22.77, 9999.0, 9999.0, 9999.0, 23.82, 9999.0, 22.23, 9999.0, 22.75, 22.5, 22.25, 22.43, 22.41
2026-09-08, 23:01:03, 22.3, 22.5, 22.75, 22.77, 9999.0, 9999.0, 9999.0, 23.8, 9999.0, 22.25, 9999.0, 22.75, 22.5, 22.25, 22.43, 22.41
2026-09-08, 23:01:07, 22.3, 22.5, 22.75, 22.77, 9999.0, 9999.0, 9999.0, 23.75, 9999.0, 22.25, 9999.0, 22.75, 22.5, 22.25, 22.43, 22.43
2026-09-08, 23:01:11, 22.3, 22.5, 22.75, 22.77, 9999.0, 9999.0, 9999.0, 23.7, 9999.0, 22.25, 9999.0, 22.75, 22.5, 22.25, 22.41, 22.43
2026-09-08, 23:01:15, 22.3, 22.5, 22.75, 22.77, 9999.0, 9999.0, 9999.0, 23.68, 9999.0, 22.27, 9999.0, 22.75, 22.5, 22.25, 22.39, 22.45
2026-09-08, 23:01:19, 22.3, 22.5, 22.75, 22.75, 9999.0, 9999.0, 9999.0, 23.66, 9999.0, 22.3, 9999.0, 22.75, 22.5, 22.25, 22.36, 22.48
2026-09-08, 23:01:24, 22.3, 22.5, 22.75, 22.75, 9999.0, 9999.0, 9999.0, 23.61, 9999.0, 22.32, 9999.0, 22.77, 22.5, 22.25, 22.39, 22.45
2026-09-08, 23:01:28, 22.32, 22.5, 22.75, 22.75, 9999.0, 9999.0, 9999.0, 23.66, 9999.0, 22.34, 9999.0, 22.77, 22.5, 22.25, 22.39, 22.48
2026-09-08, 23:01:32, 22.32, 22.5, 22.75, 22.75, 9999.0, 9999.0, 9999.0, 23.68, 9999.0, 22.34, 9999.0, 22.77, 22.5, 22.25, 22.39, 22.45
2026-09-08, 23:01:36, 22.32, 22.5, 22.75, 22.75, 9999.0, 9999.0, 9999.0, 23.7, 9999.0, 22.34, 9999.0, 22.77, 22.5, 22.25, 22.41, 22.45
2026-09-08, 23:01:40, 22.3, 22.5, 22.75, 22.75, 9999.0, 9999.0, 9999.0, 23.73, 9999.0, 22.36, 9999.0, 22.75, 22.5, 22.25, 22.39, 22.43
2026-09-08, 23:01:44, 22.3, 22.5, 22.75, 22.75, 9999.0, 9999.0, 9999.0, 23.73, 9999.0, 22.36, 9999.0, 22.75, 22.5, 22.25, 22.36, 22.43
2026-09-08, 23:01:48, 22.3, 22.5, 22.75, 22.75, 9999.0, 9999.0, 9999.0, 23.73, 9999.0, 22.34, 9999.0, 22.75, 22.5, 22.27, 22.34, 22.41
2026-09-08, 23:01:52, 22.3, 22.5, 22.75, 22.75, 9999.0, 9999.0, 9999.0, 23.75, 9999.0, 22.34, 9999.0, 22.73, 22.5, 22.27, 22.34, 22.39
2026-09-08, 23:01:56, 22.3, 22.5, 22.75, 22.75, 9999.0, 9999.0, 9999.0, 23.77, 9999.0, 22.34, 9999.0, 22.7, 22.5, 22.27, 22.36, 22.36
2026-09-08, 23:02:00, 22.3, 22.5, 22.75, 22.75, 9999.0, 9999.0, 9999.0, 23.8, 9999.0, 22.32, 9999.0, 22.68, 22.5, 22.27, 22.36, 22.36
2026-09-08, 23:02:04, 22.32, 22.5, 22.75, 22.75, 9999.0, 9999.0, 9999.0, 23.82, 9999.0, 22.3, 9999.0, 22.68, 22.5, 22.27, 22.39, 22.34
2026-09-08, 23:02:08, 22.32, 22.5, 22.75, 22.75, 9999.0, 9999.0, 9999.0, 23.86, 9999.0, 22.27, 9999.0, 22.68, 22.5, 22.27, 22.36, 22.36
2026-09-08, 23:02:12, 22.3, 22.5, 22.75, 22.75, 9999.0, 9999.0, 9999.0, 23.82, 9999.0, 22.25, 9999.0, 22.7, 22.5, 22.27, 22.34, 22.36
2026-09-08, 23:02:16, 22.3, 22.5, 22.75, 22.75, 9999.0, 9999.0, 9999.0, 23.77, 9999.0, 22.25, 9999.0, 22.7, 22.5, 22.27, 22.34, 22.39
2026-09-08, 23:02:20, 22.32, 22.5, 22.75, 22.75, 9999.0, 9999.0, 9999.0, 23.73, 9999.0, 22.25, 9999.0, 22.7, 22.5, 22.27, 22.34, 22.39
2026-09-08, 23:02:24, 22.32, 22.5, 22.75, 22.75, 9999.0, 9999.0, 9999.0, 23.68, 9999.0, 22.27, 9999.0, 22.7, 22.5, 22.27, 22.36, 22.41
2026-09-08, 23:02:28, 22.32, 22.5, 22.75, 22.75, 9999.0, 9999.0, 9999.0, 23.66, 9999.0, 22.3, 9999.0, 22.7, 22.5, 22.27, 22.39, 22.41
2026-09-08, 23:02:32, 22.3, 22.5, 22.75, 22.75, 9999.0, 9999.0, 9999.0, 23.64, 9999.0, 22.34, 9999.0, 22.7, 22.5, 22.25, 22.39, 22.43
2026-09-08, 23:02:36, 22.32, 22.5, 22.75, 22.75, 9999.0, 9999.0, 9999.0, 23.59, 9999.0, 22.39, 9999.0, 22.73, 22.5, 22.25, 22.39, 22.45
2026-09-08, 23:02:40, 22.32, 22.5, 22.75, 22.75, 9999.0, 9999.0, 9999.0, 23.57, 9999.0, 22.41, 9999.0, 22.75, 22.5, 22.25, 22.39, 22.45
2026-09-08, 23:02:44, 22.32, 22.5, 22.75, 22.75, 9999.0, 9999.0, 9999.0, 23.61, 9999.0, 22.43, 9999.0, 22.77, 22.5, 22.25, 22.39, 22.43
2026-09-08, 23:02:48, 22.3, 22.5, 22.75, 22.75, 9999.0, 9999.0, 9999.0, 23.64, 9999.0, 22.45, 9999.0, 22.77, 22.5, 22.25, 22.39, 22.45
2026-09-08, 23:02:52, 22.3, 22.5, 22.75, 22.75, 9999.0, 9999.0, 9999.0, 23.66, 9999.0, 22.48, 9999.0, 22.75, 22.5, 22.25, 22.39, 22.43
2026-09-08, 23:02:56, 22.3, 22.5, 22.75, 22.75, 9999.0, 9999.0, 9999.0, 23.68, 9999.0, 22.5, 9999.0, 22.73, 22.5, 22.25, 22.39, 22.43
2026-09-08, 23:03:00, 22.3, 22.5, 22.75, 22.75, 9999.0, 9999.0, 9999.0, 23.73, 9999.0, 22.52, 9999.0, 22.7, 22.5, 22.25, 22.36, 22.41
2026-09-08, 23:03:04, 22.27, 22.5, 22.75, 22.75, 9999.0, 9999.0, 9999.0, 23.75, 9999.0, 22.52, 9999.0, 22.7, 22.5, 22.25, 22.34, 22.41
2026-09-08, 23:03:08, 22.27, 22.5, 22.75, 22.75, 9999.0, 9999.0, 9999.0, 23.77, 9999.0, 22.5, 9999.0, 22.68, 22.5, 22.27, 22.32, 22.39
2026-09-08, 23:03:12, 22.27, 22.5, 22.75, 22.75, 9999.0, 9999.0, 9999.0, 23.8, 9999.0, 22.48, 9999.0, 22.66, 22.5, 22.27, 22.3, 22.36
2026-09-08, 23:03:16, 22.27, 22.5, 22.75, 22.75, 9999.0, 9999.0, 9999.0, 23.84, 9999.0, 22.43, 9999.0, 22.66, 22.5, 22.27, 22.32, 22.34
2026-09-08, 23:03:20, 22.25, 22.5, 22.75, 22.75, 9999.0, 9999.0, 9999.0, 23.89, 9999.0, 22.39, 9999.0, 22.66, 22.5, 22.27, 22.32, 22.32
2026-09-08, 23:03:24, 22.25, 22.5, 22.75, 22.75, 9999.0, 9999.0, 9999.0, 23.91, 9999.0, 22.36, 9999.0, 22.66, 22.5, 22.27, 22.3, 22.32
2026-09-08, 23:03:28, 22.25, 22.5, 22.75, 22.75, 9999.0, 9999.0, 9999.0, 23.86, 9999.0, 22.34, 9999.0, 22.66, 22.5, 22.27, 22.3, 22.32
2026-09-08, 23:03:32, 22.25, 22.5, 22.77, 22.75, 9999.0, 9999.0, 9999.0, 23.84, 9999.0, 22.32, 9999.0, 22.68, 22.5, 22.27, 22.27, 22.32
2026-09-08, 23:03:36, 22.27, 22.5, 22.77, 22.75, 9999.0, 9999.0, 9999.0, 23.8, 9999.0, 22.3, 9999.0, 22.7, 22.5, 22.27, 22.3, 22.34
2026-09-08, 23:03:40, 22.27, 22.48, 22.77, 22.75, 9999.0, 9999.0, 9999.0, 23.77, 9999.0, 22.3, 9999.0, 22.7, 22.5, 22.27, 22.3, 22.34
2026-09-08, 23:03:44, 22.27, 22.48, 22.8, 22.75, 9999.0, 9999.0, 9999.0, 23.75, 9999.0, 22.3, 9999.0, 22.73, 22.5, 22.27, 22.3, 22.34
2026-09-08, 23:03:48, 22.3, 22.48, 22.8, 22.75, 9999.0, 9999.0, 9999.0, 23.73, 9999.0, 22.3, 9999.0, 22.73, 22.5, 22.27, 22.3, 22.34
2026-09-08, 23:03:52, 22.3, 22.48, 22.8, 22.75, 9999.0, 9999.0, 9999.0, 23.7, 9999.0, 22.34, 9999.0, 22.75, 22.5, 22.25, 22.3, 22.34
2026-09-08, 23:03:56, 22.3, 22.48, 22.8, 22.75, 9999.0, 9999.0, 9999.0, 23.68, 9999.0, 22.39, 9999.0, 22.77, 22.5, 22.25, 22.32, 22.36
2026-09-08, 23:04:00, 22.32, 22.48, 22.8, 22.75, 9999.0, 9999.0, 9999.0, 23.7, 9999.0, 22.43, 9999.0, 22.77, 22.52, 22.25, 22.32, 22.39
2026-09-08, 23:04:04, 22.32, 22.48, 22.8, 22.75, 9999.0, 9999.0, 9999.0, 23.75, 9999.0, 22.45, 9999.0, 22.77, 22.52, 22.25, 22.32, 22.41
2026-09-08, 23:04:08, 22.32, 22.48, 22.8, 22.75, 9999.0, 9999.0, 9999.0, 23.77, 9999.0, 22.48, 9999.0, 22.77, 22.52, 22.25, 22.32, 22.41
2026-09-08, 23:04:12, 22.32, 22.48, 22.8, 22.75, 9999.0, 9999.0, 9999.0, 23.8, 9999.0, 22.5, 9999.0, 22.77, 22.52, 22.25, 22.32, 22.43
2026-09-08, 23:04:16, 22.32, 22.48, 22.77, 22.75, 9999.0, 9999.0, 9999.0, 23.82, 9999.0, 22.52, 9999.0, 22.75, 22.52, 22.25, 22.34, 22.41
2026-09-08, 23:04:20, 22.3, 22.48, 22.77, 22.75, 9999.0, 9999.0, 9999.0, 23.86, 9999.0, 22.55, 9999.0, 22.75, 22.52, 22.25, 22.32, 22.39
2026-09-08, 23:04:24, 22.3, 22.5, 22.77, 22.75, 9999.0, 9999.0, 9999.0, 23.86, 9999.0, 22.55, 9999.0, 22.73, 22.52, 22.25, 22.34, 22.36
2026-09-08, 23:04:28, 22.32, 22.5, 22.75, 22.75, 9999.0, 9999.0, 9999.0, 23.86, 9999.0, 22.55, 9999.0, 22.7, 22.52, 22.25, 22.34, 22.36
2026-09-08, 23:04:32, 22.3, 22.5, 22.75, 22.75, 9999.0, 9999.0, 9999.0, 23.91, 9999.0, 22.57, 9999.0, 22.68, 22.52, 22.25, 22.36, 22.34
2026-09-08, 23:04:36, 22.32, 22.5, 22.75, 22.75, 9999.0, 9999.0, 9999.0, 23.95, 9999.0, 22.55, 9999.0, 22.66, 22.52, 22.25, 22.36, 22.34
2026-09-08, 23:04:40, 22.32, 22.5, 22.75, 22.75, 9999.0, 9999.0, 9999.0, 24.0, 9999.0, 22.52, 9999.0, 22.66, 22.52, 22.25, 22.34, 22.32
2026-09-08, 23:04:44, 22.32, 22.5, 22.75, 22.75, 9999.0, 9999.0, 9999.0, 23.95, 9999.0, 22.5, 9999.0, 22.66, 22.5, 22.25, 22.32, 22.3
2026-09-08, 23:04:48, 22.32, 22.5, 22.75, 22.75, 9999.0, 9999.0, 9999.0, 23.91, 9999.0, 22.5, 9999.0, 22.66, 22.5, 22.25, 22.32, 22.27
2026-09-08, 23:04:52, 22.34, 22.5, 22.75, 22.75, 9999.0, 9999.0, 9999.0, 23.89, 9999.0, 22.5, 9999.0, 22.68, 22.5, 22.25, 22.34, 22.27
2026-09-08, 23:04:56, 22.36, 22.5, 22.75, 22.75, 9999.0, 9999.0, 9999.0, 23.86, 9999.0, 22.48, 9999.0, 22.68, 22.5, 22.25, 22.36, 22.27
2026-09-08, 23:05:00, 22.36, 22.5, 22.75, 22.75, 9999.0, 9999.0, 9999.0, 23.82, 9999.0, 22.5, 9999.0, 22.68, 22.5, 22.25, 22.36, 22.3
2026-09-08, 23:05:04, 22.39, 22.5, 22.75, 22.75, 9999.0, 9999.0, 9999.0, 23.77, 9999.0, 22.5, 9999.0, 22.68, 22.5, 22.25, 22.39, 22.3
2026-09-08, 23:05:09, 22.41, 22.5, 22.75, 22.75, 9999.0, 9999.0, 9999.0, 23.75, 9999.0, 22.52, 9999.0, 22.7, 22.5, 22.25, 22.39, 22.32
2026-09-08, 23:05:13, 22.39, 22.5, 22.75, 22.75, 9999.0, 9999.0, 9999.0, 23.73, 9999.0, 22.55, 9999.0, 22.73, 22.5, 22.25, 22.39, 22.34
2026-09-08, 23:05:17, 22.39, 22.5, 22.75, 22.75, 9999.0, 9999.0, 9999.0, 23.68, 9999.0, 22.57, 9999.0, 22.75, 22.5, 22.25, 22.36, 22.36
2026-09-08, 23:05:21, 22.36, 22.5, 22.75, 22.75, 9999.0, 9999.0, 9999.0, 23.73, 9999.0, 22.59, 9999.0, 22.77, 22.5, 22.25, 22.39, 22.39
2026-09-08, 23:05:25, 22.36, 22.5, 22.75, 22.75, 9999.0, 9999.0, 9999.0, 23.75, 9999.0, 22.61, 9999.0, 22.77, 22.5, 22.25, 22.39, 22.39
2026-09-08, 23:05:29, 22.34, 22.5, 22.75, 22.75, 9999.0, 9999.0, 9999.0, 23.8, 9999.0, 22.61, 9999.0, 22.77, 22.5, 22.25, 22.39, 22.41
2026-09-08, 23:05:33, 22.34, 22.5, 22.75, 22.75, 9999.0, 9999.0, 9999.0, 23.82, 9999.0, 22.64, 9999.0, 22.77, 22.5, 22.25, 22.41, 22.41
2026-09-08, 23:05:37, 22.32, 22.5, 22.75, 22.75, 9999.0, 9999.0, 9999.0, 23.84, 9999.0, 22.64, 9999.0, 22.75, 22.5, 22.25, 22.39, 22.41
2026-09-08, 23:05:41, 22.3, 22.5, 22.75, 22.75, 9999.0, 9999.0, 9999.0, 23.86, 9999.0, 22.66, 9999.0, 22.73, 22.5, 22.25, 22.36, 22.39
2026-09-08, 23:05:45, 22.3, 22.5, 22.75, 22.75, 9999.0, 9999.0, 9999.0, 23.89, 9999.0, 22.66, 9999.0, 22.7, 22.5, 22.25, 22.36, 22.36
2026-09-08, 23:05:49, 22.27, 22.5, 22.75, 22.75, 9999.0, 9999.0, 9999.0, 23.93, 9999.0, 22.66, 9999.0, 22.68, 22.5, 22.25, 22.36, 22.36
2026-09-08, 23:05:53, 22.25, 22.5, 22.75, 22.75, 9999.0, 9999.0, 9999.0, 23.98, 9999.0, 22.64, 9999.0, 22.68, 22.5, 22.25, 22.34, 22.34
2026-09-08, 23:05:57, 22.25, 22.5, 22.75, 22.75, 9999.0, 9999.0, 9999.0, 24.02, 9999.0, 22.61, 9999.0, 22.68, 22.5, 22.25, 22.36, 22.32
2026-09-08, 23:06:01, 22.25, 22.5, 22.75, 22.75, 9999.0, 9999.0, 9999.0, 24.07, 9999.0, 22.59, 9999.0, 22.68, 22.5, 22.25, 22.36, 22.3
2026-09-08, 23:06:05, 22.25, 22.5, 22.75, 22.75, 9999.0, 9999.0, 9999.0, 24.0, 9999.0, 22.57, 9999.0, 22.68, 22.5, 22.25, 22.34, 22.27
2026-09-08, 23:06:09, 22.25, 22.5, 22.75, 22.75, 9999.0, 9999.0, 9999.0, 23.95, 9999.0, 22.55, 9999.0, 22.7, 22.5, 22.25, 22.36, 22.27
2026-09-08, 23:06:13, 22.25, 22.5, 22.75, 22.75, 9999.0, 9999.0, 9999.0, 23.91, 9999.0, 22.55, 9999.0, 22.7, 22.5, 22.25, 22.36, 22.25
2026-09-08, 23:06:17, 22.25, 22.5, 22.75, 22.75, 9999.0, 9999.0, 9999.0, 23.89, 9999.0, 22.55, 9999.0, 22.7, 22.5, 22.25, 22.34, 22.25
2026-09-08, 23:06:21, 22.25, 22.5, 22.75, 22.75, 9999.0, 9999.0, 9999.0, 23.86, 9999.0, 22.55, 9999.0, 22.73, 22.5, 22.25, 22.34, 22.25
2026-09-08, 23:06:25, 22.25, 22.5, 22.75, 22.75, 9999.0, 9999.0, 9999.0, 23.84, 9999.0, 22.57, 9999.0, 22.75, 22.5, 22.25, 22.36, 22.25
2026-09-08, 23:06:29, 22.25, 22.5, 22.75, 22.75, 9999.0, 9999.0, 9999.0, 23.82, 9999.0, 22.57, 9999.0, 22.77, 22.5, 22.25, 22.34, 22.27
2026-09-08, 23:06:33, 22.25, 22.5, 22.75, 22.75, 9999.0, 9999.0, 9999.0, 23.77, 9999.0, 22.59, 9999.0, 22.8, 22.5, 22.25, 22.32, 22.27
2026-09-08, 23:06:37, 22.25, 22.5, 22.75, 22.75, 9999.0, 9999.0, 9999.0, 23.73, 9999.0, 22.61, 9999.0, 22.8, 22.52, 22.25, 22.32, 22.27
2026-09-08, 23:06:41, 22.25, 22.5, 22.75, 22.75, 9999.0, 9999.0, 9999.0, 23.75, 9999.0, 22.64, 9999.0, 22.8, 22.55, 22.25, 22.3, 22.27
2026-09-08, 23:06:45, 22.25, 22.5, 22.75, 22.75, 9999.0, 9999.0, 9999.0, 23.77, 9999.0, 22.66, 9999.0, 22.8, 22.55, 22.25, 22.32, 22.27
2026-09-08, 23:06:49, 22.25, 22.5, 22.75, 22.75, 9999.0, 9999.0, 9999.0, 23.82, 9999.0, 22.68, 9999.0, 22.8, 22.57, 22.25, 22.32, 22.3
2026-09-08, 23:06:53, 22.25, 22.5, 22.75, 22.75, 9999.0, 9999.0, 9999.0, 23.86, 9999.0, 22.7, 9999.0, 22.77, 22.57, 22.25, 22.3, 22.32
2026-09-08, 23:06:57, 22.25, 22.5, 22.75, 22.75, 9999.0, 9999.0, 9999.0, 23.91, 9999.0, 22.7, 9999.0, 22.77, 22.57, 22.25, 22.3, 22.32
2026-09-08, 23:07:01, 22.25, 22.5, 22.75, 22.75, 9999.0, 9999.0, 9999.0, 23.95, 9999.0, 22.68, 9999.0, 22.77, 22.57, 22.25, 22.3, 22.32
2026-09-08, 23:07:05, 22.25, 22.5, 22.75, 22.75, 9999.0, 9999.0, 9999.0, 23.98, 9999.0, 22.68, 9999.0, 22.73, 22.57, 22.25, 22.3, 22.32
2026-09-08, 23:07:09, 22.25, 22.5, 22.75, 22.75, 9999.0, 9999.0, 9999.0, 24.0, 9999.0, 22.68, 9999.0, 22.7, 22.57, 22.25, 22.27, 22.34
2026-09-08, 23:07:13, 22.25, 22.5, 22.75, 22.75, 9999.0, 9999.0, 9999.0, 24.05, 9999.0, 22.68, 9999.0, 22.68, 22.57, 22.25, 22.27, 22.34
2026-09-08, 23:07:17, 22.25, 22.5, 22.75, 22.75, 9999.0, 9999.0, 9999.0, 24.07, 9999.0, 22.68, 9999.0, 22.68, 22.57, 22.25, 22.27, 22.34
2026-09-08, 23:07:21, 22.25, 22.5, 22.75, 22.75, 9999.0, 9999.0, 9999.0, 24.11, 9999.0, 22.66, 9999.0, 22.68, 22.55, 22.25, 22.27, 22.34
2026-09-08, 23:07:25, 22.25, 22.5, 22.75, 22.75, 9999.0, 9999.0, 9999.0, 24.07, 9999.0, 22.64, 9999.0, 22.68, 22.52, 22.25, 22.27, 22.34
2026-09-08, 23:07:29, 22.25, 22.5, 22.75, 22.75, 9999.0, 9999.0, 9999.0, 24.02, 9999.0, 22.61, 9999.0, 22.68, 22.52, 22.25, 22.25, 22.34
2026-09-08, 23:07:33, 22.25, 22.5, 22.75, 22.75, 9999.0, 9999.0, 9999.0, 23.98, 9999.0, 22.59, 9999.0, 22.68, 22.5, 22.25, 22.27, 22.32
2026-09-08, 23:07:37, 22.25, 22.5, 22.75, 22.75, 9999.0, 9999.0, 9999.0, 23.93, 9999.0, 22.59, 9999.0, 22.7, 22.5, 22.25, 22.27, 22.3
2026-09-08, 23:07:41, 22.25, 22.5, 22.75, 22.75, 9999.0, 9999.0, 9999.0, 23.89, 9999.0, 22.61, 9999.0, 22.7, 22.5, 22.25, 22.3, 22.3
2026-09-08, 23:07:45, 22.25, 22.5, 22.75, 22.75, 9999.0, 9999.0, 9999.0, 23.82, 9999.0, 22.64, 9999.0, 22.7, 22.5, 22.25, 22.3, 22.3
2026-09-08, 23:07:49, 22.25, 22.5, 22.75, 22.75, 9999.0, 9999.0, 9999.0, 23.77, 9999.0, 22.66, 9999.0, 22.73, 22.5, 22.25, 22.3, 22.32
2026-09-08, 23:07:53, 22.25, 22.5, 22.75, 22.75, 9999.0, 9999.0, 9999.0, 23.73, 9999.0, 22.66, 9999.0, 22.75, 22.5, 22.25, 22.3, 22.3
2026-09-08, 23:07:57, 22.25, 22.5, 22.75, 22.75, 9999.0, 9999.0, 9999.0, 23.75, 9999.0, 22.66, 9999.0, 22.77, 22.5, 22.25, 22.3, 22.27
2026-09-08, 23:08:01, 22.25, 22.5, 22.75, 22.75, 9999.0, 9999.0, 9999.0, 23.8, 9999.0, 22.66, 9999.0, 22.77, 22.5, 22.25, 22.3, 22.27
2026-09-08, 23:08:05, 22.25, 22.5, 22.75, 22.75, 9999.0, 9999.0, 9999.0, 23.82, 9999.0, 22.68, 9999.0, 22.77, 22.5, 22.25, 22.3, 22.27
2026-09-08, 23:08:09, 22.25, 22.5, 22.75, 22.75, 9999.0, 9999.0, 9999.0, 23.84, 9999.0, 22.7, 9999.0, 22.77, 22.5, 22.25, 22.3, 22.27
2026-09-08, 23:08:13, 22.25, 22.5, 22.75, 22.75, 9999.0, 9999.0, 9999.0, 23.86, 9999.0, 22.73, 9999.0, 22.77, 22.5, 22.27, 22.3, 22.27
2026-09-08, 23:08:17, 22.25, 22.5, 22.75, 22.75, 9999.0, 9999.0, 9999.0, 23.89, 9999.0, 22.75, 9999.0, 22.75, 22.5, 22.27, 22.27, 22.27
2026-09-08, 23:08:21, 22.25, 22.5, 22.75, 22.75, 9999.0, 9999.0, 9999.0, 23.91, 9999.0, 22.73, 9999.0, 22.7, 22.5, 22.27, 22.27, 22.27
2026-09-08, 23:08:25, 22.25, 22.5, 22.75, 22.75, 9999.0, 9999.0, 9999.0, 23.93, 9999.0, 22.7, 9999.0, 22.68, 22.5, 22.27, 22.25, 22.27
2026-09-08, 23:08:29, 22.25, 22.5, 22.75, 22.75, 9999.0, 9999.0, 9999.0, 24.0, 9999.0, 22.68, 9999.0, 22.66, 22.5, 22.27, 22.25, 22.27
2026-09-08, 23:08:33, 22.25, 22.5, 22.75, 22.75, 9999.0, 9999.0, 9999.0, 24.05, 9999.0, 22.66, 9999.0, 22.64, 22.5, 22.27, 22.25, 22.25
2026-09-08, 23:08:37, 22.25, 22.5, 22.75, 22.75, 9999.0, 9999.0, 9999.0, 24.09, 9999.0, 22.64, 9999.0, 22.64, 22.5, 22.27, 22.25, 22.25
2026-09-08, 23:08:41, 22.25, 22.5, 22.75, 22.75, 9999.0, 9999.0, 9999.0, 24.07, 9999.0, 22.61, 9999.0, 22.64, 22.5, 22.27, 22.25, 22.25
2026-09-08, 23:08:46, 22.25, 22.5, 22.75, 22.75, 9999.0, 9999.0, 9999.0, 24.02, 9999.0, 22.59, 9999.0, 22.64, 22.5, 22.27, 22.27, 22.27
2026-09-08, 23:08:50, 22.25, 22.5, 22.75, 22.75, 9999.0, 9999.0, 9999.0, 23.98, 9999.0, 22.57, 9999.0, 22.64, 22.5, 22.27, 22.27, 22.27
2026-09-08, 23:08:54, 22.25, 22.5, 22.75, 22.75, 9999.0, 9999.0, 9999.0, 23.95, 9999.0, 22.55, 9999.0, 22.64, 22.5, 22.27, 22.27, 22.27
2026-09-08, 23:08:58, 22.25, 22.5, 22.75, 22.75, 9999.0, 9999.0, 9999.0, 23.93, 9999.0, 22.55, 9999.0, 22.64, 22.5, 22.25, 22.27, 22.27
2026-09-08, 23:09:02, 22.25, 22.5, 22.75, 22.75, 9999.0, 9999.0, 9999.0, 23.91, 9999.0, 22.55, 9999.0, 22.66, 22.5, 22.25, 22.3, 22.27
2026-09-08, 23:09:06, 22.27, 22.5, 22.75, 22.75, 9999.0, 9999.0, 9999.0, 23.89, 9999.0, 22.57, 9999.0, 22.68, 22.5, 22.25, 22.32, 22.27
2026-09-08, 23:09:10, 22.27, 22.5, 22.75, 22.75, 9999.0, 9999.0, 9999.0, 23.84, 9999.0, 22.59, 9999.0, 22.7, 22.5, 22.27, 22.32, 22.27
2026-09-08, 23:09:14, 22.27, 22.5, 22.75, 22.75, 9999.0, 9999.0, 9999.0, 23.77, 9999.0, 22.61, 9999.0, 22.73, 22.5, 22.27, 22.32, 22.27
2026-09-08, 23:09:18, 22.27, 22.5, 22.75, 22.75, 9999.0, 9999.0, 9999.0, 23.8, 9999.0, 22.64, 9999.0, 22.75, 22.5, 22.27, 22.34, 22.27
2026-09-08, 23:09:22, 22.27, 22.5, 22.75, 22.75, 9999.0, 9999.0, 9999.0, 23.84, 9999.0, 22.66, 9999.0, 22.75, 22.5, 22.27, 22.34, 22.27
2026-09-08, 23:09:26, 22.27, 22.5, 22.75, 22.75, 9999.0, 9999.0, 9999.0, 23.86, 9999.0, 22.68, 9999.0, 22.75, 22.5, 22.27, 22.34, 22.27
2026-09-08, 23:09:30, 22.27, 22.5, 22.75, 22.75, 9999.0, 9999.0, 9999.0, 23.91, 9999.0, 22.7, 9999.0, 22.75, 22.5, 22.27, 22.34, 22.25
2026-09-08, 23:09:34, 22.27, 22.5, 22.75, 22.75, 9999.0, 9999.0, 9999.0, 23.95, 9999.0, 22.73, 9999.0, 22.73, 22.5, 22.27, 22.36, 22.25
2026-09-08, 23:09:38, 22.27, 22.5, 22.75, 22.75, 9999.0, 9999.0, 9999.0, 23.98, 9999.0, 22.73, 9999.0, 22.73, 22.5, 22.27, 22.36, 22.25
2026-09-08, 23:09:42, 22.27, 22.5, 22.75, 22.75, 9999.0, 9999.0, 9999.0, 24.02, 9999.0, 22.7, 9999.0, 22.7, 22.5, 22.27, 22.36, 22.25
2026-09-08, 23:09:46, 22.27, 22.5, 22.75, 22.75, 9999.0, 9999.0, 9999.0, 24.05, 9999.0, 22.68, 9999.0, 22.68, 22.5, 22.27, 22.34, 22.27
2026-09-08, 23:09:50, 22.25, 22.5, 22.75, 22.75, 9999.0, 9999.0, 9999.0, 24.07, 9999.0, 22.68, 9999.0, 22.66, 22.5, 22.27, 22.32, 22.27
2026-09-08, 23:09:54, 22.25, 22.5, 22.75, 22.75, 9999.0, 9999.0, 9999.0, 24.11, 9999.0, 22.66, 9999.0, 22.66, 22.5, 22.25, 22.32, 22.3
2026-09-08, 23:09:58, 22.25, 22.5, 22.75, 22.75, 9999.0, 9999.0, 9999.0, 24.16, 9999.0, 22.64, 9999.0, 22.66, 22.5, 22.25, 22.32, 22.3
2026-09-08, 23:10:02, 22.25, 22.5, 22.75, 22.75, 9999.0, 9999.0, 9999.0, 24.11, 9999.0, 22.61, 9999.0, 22.66, 22.5, 22.25, 22.3, 22.3
2026-09-08, 23:10:06, 22.25, 22.5, 22.75, 22.75, 9999.0, 9999.0, 9999.0, 24.07, 9999.0, 22.59, 9999.0, 22.68, 22.5, 22.25, 22.32, 22.3
2026-09-08, 23:10:10, 22.25, 22.5, 22.75, 22.75, 9999.0, 9999.0, 9999.0, 24.02, 9999.0, 22.57, 9999.0, 22.68, 22.5, 22.25, 22.32, 22.3
2026-09-08, 23:10:14, 22.25, 22.5, 22.75, 22.75, 9999.0, 9999.0, 9999.0, 23.98, 9999.0, 22.57, 9999.0, 22.68, 22.5, 22.25, 22.32, 22.3
2026-09-08, 23:10:18, 22.25, 22.5, 22.75, 22.75, 9999.0, 9999.0, 9999.0, 23.93, 9999.0, 22.57, 9999.0, 22.7, 22.5, 22.25, 22.3, 22.3
2026-09-08, 23:10:22, 22.27, 22.5, 22.75, 22.75, 9999.0, 9999.0, 9999.0, 23.91, 9999.0, 22.59, 9999.0, 22.7, 22.5, 22.25, 22.3, 22.32
2026-09-08, 23:10:26, 22.27, 22.5, 22.75, 22.75, 9999.0, 9999.0, 9999.0, 23.86, 9999.0, 22.61, 9999.0, 22.73, 22.5, 22.25, 22.3, 22.32
2026-09-08, 23:10:30, 22.27, 22.5, 22.75, 22.75, 9999.0, 9999.0, 9999.0, 23.82, 9999.0, 22.64, 9999.0, 22.75, 22.5, 22.25, 22.3, 22.3
2026-09-08, 23:10:34, 22.27, 22.5, 22.75, 22.75, 9999.0, 9999.0, 9999.0, 23.86, 9999.0, 22.64, 9999.0, 22.77, 22.52, 22.25, 22.3, 22.3
2026-09-08, 23:10:38, 22.27, 22.5, 22.75, 22.75, 9999.0, 9999.0, 9999.0, 23.91, 9999.0, 22.66, 9999.0, 22.77, 22.52, 22.25, 22.3, 22.27
2026-09-08, 23:10:42, 22.27, 22.5, 22.75, 22.75, 9999.0, 9999.0, 9999.0, 23.93, 9999.0, 22.68, 9999.0, 22.77, 22.52, 22.25, 22.3, 22.27
2026-09-08, 23:10:46, 22.27, 22.5, 22.75, 22.75, 9999.0, 9999.0, 9999.0, 23.98, 9999.0, 22.7, 9999.0, 22.77, 22.52, 22.25, 22.3, 22.27
2026-09-08, 23:10:50, 22.27, 22.5, 22.75, 22.75, 9999.0, 9999.0, 9999.0, 24.0, 9999.0, 22.7, 9999.0, 22.73, 22.52, 22.25, 22.27, 22.3
2026-09-08, 23:10:54, 22.3, 22.5, 22.75, 22.75, 9999.0, 9999.0, 9999.0, 24.05, 9999.0, 22.7, 9999.0, 22.73, 22.52, 22.25, 22.27, 22.3
2026-09-08, 23:10:58, 22.3, 22.5, 22.75, 22.75, 9999.0, 9999.0, 9999.0, 24.07, 9999.0, 22.7, 9999.0, 22.7, 22.52, 22.25, 22.25, 22.3
2026-09-08, 23:11:02, 22.3, 22.5, 22.75, 22.75, 9999.0, 9999.0, 9999.0, 24.09, 9999.0, 22.68, 9999.0, 22.68, 22.52, 22.25, 22.25, 22.3
2026-09-08, 23:11:06, 22.27, 22.5, 22.75, 22.75, 9999.0, 9999.0, 9999.0, 24.11, 9999.0, 22.66, 9999.0, 22.66, 22.52, 22.25, 22.25, 22.27
2026-09-08, 23:11:10, 22.27, 22.5, 22.75, 22.75, 9999.0, 9999.0, 9999.0, 24.14, 9999.0, 22.66, 9999.0, 22.64, 22.52, 22.25, 22.25, 22.27
2026-09-08, 23:11:14, 22.27, 22.5, 22.75, 22.75, 9999.0, 9999.0, 9999.0, 24.18, 9999.0, 22.64, 9999.0, 22.64, 22.52, 22.25, 22.25, 22.27
2026-09-08, 23:11:18, 22.27, 22.5, 22.75, 22.75, 9999.0, 9999.0, 9999.0, 24.11, 9999.0, 22.61, 9999.0, 22.64, 22.5, 22.25, 22.25, 22.27
2026-09-08, 23:11:22, 22.27, 22.5, 22.75, 22.75, 9999.0, 9999.0, 9999.0, 24.07, 9999.0, 22.59, 9999.0, 22.66, 22.5, 22.25, 22.27, 22.27
2026-09-08, 23:11:26, 22.27, 22.5, 22.75, 22.75, 9999.0, 9999.0, 9999.0, 24.02, 9999.0, 22.57, 9999.0, 22.68, 22.5, 22.25, 22.3, 22.27
2026-09-08, 23:11:30, 22.27, 22.5, 22.75, 22.75, 9999.0, 9999.0, 9999.0, 23.98, 9999.0, 22.55, 9999.0, 22.68, 22.52, 22.25, 22.32, 22.3
2026-09-08, 23:11:34, 22.27, 22.5, 22.75, 22.75, 9999.0, 9999.0, 9999.0, 23.93, 9999.0, 22.57, 9999.0, 22.7, 22.52, 22.27, 22.32, 22.27
2026-09-08, 23:11:38, 22.25, 22.5, 22.75, 22.75, 9999.0, 9999.0, 9999.0, 23.89, 9999.0, 22.57, 9999.0, 22.7, 22.52, 22.27, 22.32, 22.27
2026-09-08, 23:11:42, 22.25, 22.5, 22.75, 22.75, 9999.0, 9999.0, 9999.0, 23.86, 9999.0, 22.57, 9999.0, 22.73, 22.52, 22.27, 22.34, 22.27
2026-09-08, 23:11:46, 22.25, 22.5, 22.75, 22.75, 9999.0, 9999.0, 9999.0, 23.82, 9999.0, 22.59, 9999.0, 22.75, 22.52, 22.27, 22.34, 22.3
2026-09-08, 23:11:50, 22.27, 22.5, 22.75, 22.75, 9999.0, 9999.0, 9999.0, 23.77, 9999.0, 22.61, 9999.0, 22.77, 22.55, 22.27, 22.36, 22.3
2026-09-08, 23:11:54, 22.27, 22.5, 22.75, 22.75, 9999.0, 9999.0, 9999.0, 23.82, 9999.0, 22.61, 9999.0, 22.8, 22.55, 22.27, 22.36, 22.3
2026-09-08, 23:11:58, 22.3, 22.5, 22.75, 22.75, 9999.0, 9999.0, 9999.0, 23.84, 9999.0, 22.61, 9999.0, 22.8, 22.55, 22.27, 22.39, 22.3
2026-09-08, 23:12:02, 22.3, 22.5, 22.75, 22.75, 9999.0, 9999.0, 9999.0, 23.89, 9999.0, 22.64, 9999.0, 22.8, 22.55, 22.27, 22.41, 22.3
2026-09-08, 23:12:06, 22.3, 22.5, 22.75, 22.75, 9999.0, 9999.0, 9999.0, 23.91, 9999.0, 22.64, 9999.0, 22.77, 22.55, 22.27, 22.39, 22.3
2026-09-08, 23:12:10, 22.3, 22.5, 22.75, 22.75, 9999.0, 9999.0, 9999.0, 23.93, 9999.0, 22.64, 9999.0, 22.73, 22.55, 22.27, 22.36, 22.3
2026-09-08, 23:12:14, 22.3, 22.5, 22.75, 22.75, 9999.0, 9999.0, 9999.0, 23.95, 9999.0, 22.64, 9999.0, 22.73, 22.52, 22.27, 22.34, 22.27
2026-09-08, 23:12:18, 22.3, 22.5, 22.75, 22.75, 9999.0, 9999.0, 9999.0, 23.98, 9999.0, 22.61, 9999.0, 22.7, 22.52, 22.25, 22.34, 22.27
2026-09-08, 23:12:22, 22.3, 22.5, 22.75, 22.75, 9999.0, 9999.0, 9999.0, 24.0, 9999.0, 22.59, 9999.0, 22.7, 22.52, 22.25, 22.34, 22.27
2026-09-08, 23:12:27, 22.3, 22.5, 22.75, 22.75, 9999.0, 9999.0, 9999.0, 24.02, 9999.0, 22.57, 9999.0, 22.7, 22.52, 22.25, 22.32, 22.27
2026-09-08, 23:12:31, 22.3, 22.5, 22.75, 22.75, 9999.0, 9999.0, 9999.0, 24.05, 9999.0, 22.55, 9999.0, 22.7, 22.52, 22.25, 22.32, 22.25
2026-09-08, 23:12:35, 22.27, 22.5, 22.75, 22.75, 9999.0, 9999.0, 9999.0, 24.07, 9999.0, 22.52, 9999.0, 22.7, 22.5, 22.25, 22.3, 22.25
2026-09-08, 23:12:39, 22.27, 22.5, 22.75, 22.75, 9999.0, 9999.0, 9999.0, 24.0, 9999.0, 22.5, 9999.0, 22.7, 22.5, 22.25, 22.3, 22.25
2026-09-08, 23:12:43, 22.25, 22.5, 22.75, 22.75, 9999.0, 9999.0, 9999.0, 23.95, 9999.0, 22.48, 9999.0, 22.73, 22.5, 22.25, 22.27, 22.27
2026-09-08, 23:12:47, 22.25, 22.5, 22.75, 22.75, 9999.0, 9999.0, 9999.0, 23.91, 9999.0, 22.45, 9999.0, 22.73, 22.5, 22.25, 22.27, 22.27
2026-09-08, 23:12:51, 22.27, 22.5, 22.75, 22.75, 9999.0, 9999.0, 9999.0, 23.86, 9999.0, 22.48, 9999.0, 22.73, 22.5, 22.25, 22.3, 22.3
2026-09-08, 23:12:55, 22.3, 22.5, 22.75, 22.75, 9999.0, 9999.0, 9999.0, 23.84, 9999.0, 22.5, 9999.0, 22.75, 22.5, 22.25, 22.3, 22.3
2026-09-08, 23:12:59, 22.3, 22.5, 22.75, 22.75, 9999.0, 9999.0, 9999.0, 23.82, 9999.0, 22.52, 9999.0, 22.75, 22.5, 22.25, 22.3, 22.3
2026-09-08, 23:13:03, 22.3, 22.5, 22.75, 22.75, 9999.0, 9999.0, 9999.0, 23.77, 9999.0, 22.57, 9999.0, 22.77, 22.5, 22.25, 22.3, 22.3
2026-09-08, 23:13:07, 22.3, 22.5, 22.75, 22.75, 9999.0, 9999.0, 9999.0, 23.75, 9999.0, 22.61, 9999.0, 22.77, 22.5, 22.25, 22.32, 22.3
2026-09-08, 23:13:11, 22.3, 22.5, 22.75, 22.75, 9999.0, 9999.0, 9999.0, 23.77, 9999.0, 22.64, 9999.0, 22.77, 22.5, 22.25, 22.34, 22.3
2026-09-08, 23:13:15, 22.3, 22.5, 22.75, 22.75, 9999.0, 9999.0, 9999.0, 23.82, 9999.0, 22.66, 9999.0, 22.77, 22.5, 22.25, 22.34, 22.3
2026-09-08, 23:13:19, 22.3, 22.5, 22.75, 22.75, 9999.0, 9999.0, 9999.0, 23.86, 9999.0, 22.68, 9999.0, 22.77, 22.5, 22.25, 22.36, 22.3
2026-09-08, 23:13:23, 22.3, 22.5, 22.75, 22.75, 9999.0, 9999.0, 9999.0, 23.91, 9999.0, 22.68, 9999.0, 22.77, 22.5, 22.25, 22.39, 22.3
2026-09-08, 23:13:27, 22.3, 22.5, 22.75, 22.75, 9999.0, 9999.0, 9999.0, 23.95, 9999.0, 22.7, 9999.0, 22.75, 22.5, 22.25, 22.39, 22.3
2026-09-08, 23:13:31, 22.3, 22.5, 22.75, 22.75, 9999.0, 9999.0, 9999.0, 23.98, 9999.0, 22.7, 9999.0, 22.75, 22.5, 22.25, 22.36, 22.3
2026-09-08, 23:13:35, 22.27, 22.5, 22.75, 22.75, 9999.0, 9999.0, 9999.0, 24.0, 9999.0, 22.68, 9999.0, 22.75, 22.5, 22.25, 22.34, 22.27
2026-09-08, 23:13:39, 22.25, 22.5, 22.75, 22.75, 9999.0, 9999.0, 9999.0, 24.02, 9999.0, 22.66, 9999.0, 22.73, 22.5, 22.25, 22.34, 22.27
2026-09-08, 23:13:43, 22.25, 22.5, 22.75, 22.75, 9999.0, 9999.0, 9999.0, 24.05, 9999.0, 22.64, 9999.0, 22.7, 22.5, 22.25, 22.34, 22.27
2026-09-08, 23:13:47, 22.25, 22.5, 22.75, 22.75, 9999.0, 9999.0, 9999.0, 24.09, 9999.0, 22.59, 9999.0, 22.7, 22.5, 22.25, 22.34, 22.27
2026-09-08, 23:13:51, 22.25, 22.5, 22.75, 22.75, 9999.0, 9999.0, 9999.0, 24.11, 9999.0, 22.57, 9999.0, 22.7, 22.5, 22.25, 22.32, 22.27
2026-09-08, 23:13:55, 22.25, 22.5, 22.75, 22.75, 9999.0, 9999.0, 9999.0, 24.07, 9999.0, 22.55, 9999.0, 22.7, 22.5, 22.25, 22.32, 22.27
2026-09-08, 23:13:59, 22.25, 22.5, 22.75, 22.75, 9999.0, 9999.0, 9999.0, 24.02, 9999.0, 22.52, 9999.0, 22.7, 22.5, 22.25, 22.32, 22.27
2026-09-08, 23:14:03, 22.25, 22.5, 22.75, 22.75, 9999.0, 9999.0, 9999.0, 23.98, 9999.0, 22.5, 9999.0, 22.7, 22.5, 22.25, 22.32, 22.27
2026-09-08, 23:14:07, 22.25, 22.5, 22.75, 22.75, 9999.0, 9999.0, 9999.0, 23.93, 9999.0, 22.5, 9999.0, 22.73, 22.5, 22.25, 22.3, 22.27
2026-09-08, 23:14:11, 22.25, 22.5, 22.75, 22.75, 9999.0, 9999.0, 9999.0, 23.89, 9999.0, 22.52, 9999.0, 22.73, 22.5, 22.25, 22.3, 22.25
2026-09-08, 23:14:15, 22.25, 22.5, 22.75, 22.75, 9999.0, 9999.0, 9999.0, 23.86, 9999.0, 22.55, 9999.0, 22.73, 22.5, 22.25, 22.3, 22.27
2026-09-08, 23:14:19, 22.25, 22.5, 22.75, 22.75, 9999.0, 9999.0, 9999.0, 23.82, 9999.0, 22.57, 9999.0, 22.73, 22.5, 22.25, 22.3, 22.27
2026-09-08, 23:14:23, 22.27, 22.5, 22.75, 22.75, 9999.0, 9999.0, 9999.0, 23.77, 9999.0, 22.59, 9999.0, 22.75, 22.5, 22.25, 22.32, 22.27
2026-09-08, 23:14:27, 22.27, 22.5, 22.75, 22.75, 9999.0, 9999.0, 9999.0, 23.73, 9999.0, 22.59, 9999.0, 22.77, 22.5, 22.25, 22.32, 22.27
2026-09-08, 23:14:31, 22.27, 22.5, 22.75, 22.75, 9999.0, 9999.0, 9999.0, 23.77, 9999.0, 22.59, 9999.0, 22.77, 22.5, 22.25, 22.32, 22.27
2026-09-08, 23:14:35, 22.3, 22.5, 22.75, 22.75, 9999.0, 9999.0, 9999.0, 23.8, 9999.0, 22.59, 9999.0, 22.75, 22.5, 22.27, 22.32, 22.3
2026-09-08, 23:14:39, 22.32, 22.5, 22.75, 22.75, 9999.0, 9999.0, 9999.0, 23.84, 9999.0, 22.61, 9999.0, 22.75, 22.5, 22.27, 22.3, 22.3
2026-09-08, 23:14:43, 22.32, 22.5, 22.75, 22.75, 9999.0, 9999.0, 9999.0, 23.89, 9999.0, 22.61, 9999.0, 22.75, 22.5, 22.27, 22.3, 22.3
2026-09-08, 23:14:47, 22.32, 22.5, 22.75, 22.75, 9999.0, 9999.0, 9999.0, 23.91, 9999.0, 22.61, 9999.0, 22.75, 22.5, 22.27, 22.27, 22.3
2026-09-08, 23:14:51, 22.32, 22.5, 22.75, 22.75, 9999.0, 9999.0, 9999.0, 23.93, 9999.0, 22.61, 9999.0, 22.73, 22.5, 22.27, 22.3, 22.3
2026-09-08, 23:14:55, 22.32, 22.5, 22.75, 22.75, 9999.0, 9999.0, 9999.0, 23.95, 9999.0, 22.59, 9999.0, 22.7, 22.5, 22.27, 22.3, 22.3
2026-09-08, 23:14:59, 22.34, 22.5, 22.75, 22.75, 9999.0, 9999.0, 9999.0, 23.98, 9999.0, 22.57, 9999.0, 22.68, 22.5, 22.27, 22.3, 22.27
2026-09-08, 23:15:03, 22.34, 22.5, 22.75, 22.75, 9999.0, 9999.0, 9999.0, 24.02, 9999.0, 22.55, 9999.0, 22.66, 22.5, 22.27, 22.3, 22.27
2026-09-08, 23:15:07, 22.32, 22.5, 22.75, 22.75, 9999.0, 9999.0, 9999.0, 24.07, 9999.0, 22.52, 9999.0, 22.66, 22.5, 22.27, 22.27, 22.27
2026-09-08, 23:15:11, 22.32, 22.5, 22.75, 22.75, 9999.0, 9999.0, 9999.0, 24.09, 9999.0, 22.52, 9999.0, 22.66, 22.5, 22.27, 22.27, 22.27
2026-09-08, 23:15:15, 22.32, 22.5, 22.75, 22.75, 9999.0, 9999.0, 9999.0, 24.02, 9999.0, 22.52, 9999.0, 22.66, 22.48, 22.27, 22.3, 22.27
2026-09-08, 23:15:19, 22.3, 22.5, 22.75, 22.75, 9999.0, 9999.0, 9999.0, 23.98, 9999.0, 22.52, 9999.0, 22.7, 22.48, 22.25, 22.32, 22.27
2026-09-08, 23:15:23, 22.27, 22.5, 22.75, 22.75, 9999.0, 9999.0, 9999.0, 23.93, 9999.0, 22.5, 9999.0, 22.7, 22.48, 22.25, 22.32, 22.27
2026-09-08, 23:15:27, 22.3, 22.5, 22.75, 22.75, 9999.0, 9999.0, 9999.0, 23.89, 9999.0, 22.52, 9999.0, 22.7, 22.48, 22.25, 22.32, 22.27
2026-09-08, 23:15:31, 22.3, 22.5, 22.75, 22.75, 9999.0, 9999.0, 9999.0, 23.86, 9999.0, 22.52, 9999.0, 22.7, 22.48, 22.25, 22.32, 22.27
2026-09-08, 23:15:36, 22.3, 22.5, 22.75, 22.75, 9999.0, 9999.0, 9999.0, 23.82, 9999.0, 22.52, 9999.0, 22.7, 22.48, 22.25, 22.32, 22.27
2026-09-08, 23:15:40, 22.3, 22.5, 22.75, 22.75, 9999.0, 9999.0, 9999.0, 23.8, 9999.0, 22.55, 9999.0, 22.73, 22.48, 22.25, 22.34, 22.27
2026-09-08, 23:15:44, 22.27, 22.5, 22.75, 22.75, 9999.0, 9999.0, 9999.0, 23.75, 9999.0, 22.57, 9999.0, 22.75, 22.48, 22.25, 22.34, 22.3
2026-09-08, 23:15:48, 22.27, 22.5, 22.75, 22.75, 9999.0, 9999.0, 9999.0, 23.77, 9999.0, 22.59, 9999.0, 22.77, 22.48, 22.25, 22.34, 22.32
2026-09-08, 23:15:52, 22.27, 22.5, 22.75, 22.75, 9999.0, 9999.0, 9999.0, 23.8, 9999.0, 22.61, 9999.0, 22.77, 22.48, 22.25, 22.34, 22.32
2026-09-08, 23:15:56, 22.3, 22.5, 22.75, 22.75, 9999.0, 9999.0, 9999.0, 23.84, 9999.0, 22.61, 9999.0, 22.75, 22.48, 22.25, 22.34, 22.32
2026-09-08, 23:16:00, 22.3, 22.5, 22.75, 22.75, 9999.0, 9999.0, 9999.0, 23.86, 9999.0, 22.64, 9999.0, 22.73, 22.5, 22.25, 22.32, 22.32
2026-09-08, 23:16:04, 22.3, 22.5, 22.75, 22.75, 9999.0, 9999.0, 9999.0, 23.89, 9999.0, 22.64, 9999.0, 22.7, 22.5, 22.25, 22.3, 22.3
2026-09-08, 23:16:08, 22.3, 22.5, 22.75, 22.75, 9999.0, 9999.0, 9999.0, 23.91, 9999.0, 22.66, 9999.0, 22.68, 22.5, 22.25, 22.3, 22.3
2026-09-08, 23:16:12, 22.27, 22.5, 22.75, 22.75, 9999.0, 9999.0, 9999.0, 23.93, 9999.0, 22.64, 9999.0, 22.66, 22.5, 22.25, 22.3, 22.3
2026-09-08, 23:16:16, 22.27, 22.5, 22.75, 22.75, 9999.0, 9999.0, 9999.0, 23.95, 9999.0, 22.64, 9999.0, 22.64, 22.5, 22.25, 22.3, 22.3
2026-09-08, 23:16:20, 22.27, 22.5, 22.75, 22.75, 9999.0, 9999.0, 9999.0, 24.0, 9999.0, 22.61, 9999.0, 22.61, 22.5, 22.25, 22.27, 22.3
2026-09-08, 23:16:24, 22.27, 22.5, 22.75, 22.75, 9999.0, 9999.0, 9999.0, 24.02, 9999.0, 22.57, 9999.0, 22.59, 22.5, 22.25, 22.25, 22.3
2026-09-08, 23:16:28, 22.3, 22.5, 22.75, 22.75, 9999.0, 9999.0, 9999.0, 24.07, 9999.0, 22.55, 9999.0, 22.59, 22.5, 22.25, 22.25, 22.27
2026-09-08, 23:16:32, 22.3, 22.5, 22.75, 22.75, 9999.0, 9999.0, 9999.0, 24.02, 9999.0, 22.52, 9999.0, 22.59, 22.5, 22.25, 22.25, 22.25
2026-09-08, 23:16:36, 22.3, 22.5, 22.75, 22.75, 9999.0, 9999.0, 9999.0, 23.98, 9999.0, 22.48, 9999.0, 22.61, 22.5, 22.25, 22.25, 22.25
2026-09-08, 23:16:40, 22.27, 22.5, 22.75, 22.75, 9999.0, 9999.0, 9999.0, 23.93, 9999.0, 22.48, 9999.0, 22.64, 22.5, 22.25, 22.27, 22.25
2026-09-08, 23:16:44, 22.3, 22.5, 22.75, 22.75, 9999.0, 9999.0, 9999.0, 23.91, 9999.0, 22.43, 9999.0, 22.66, 22.5, 22.25, 22.27, 22.25
2026-09-08, 23:16:48, 22.32, 22.5, 22.75, 22.75, 9999.0, 9999.0, 9999.0, 23.86, 9999.0, 22.43, 9999.0, 22.66, 22.5, 22.25, 22.27, 22.25
2026-09-08, 23:16:52, 22.32, 22.5, 22.75, 22.75, 9999.0, 9999.0, 9999.0, 23.82, 9999.0, 22.41, 9999.0, 22.68, 22.5, 22.25, 22.27, 22.25
2026-09-08, 23:16:56, 22.32, 22.5, 22.75, 22.75, 9999.0, 9999.0, 9999.0, 23.77, 9999.0, 22.41, 9999.0, 22.7, 22.5, 22.25, 22.27, 22.25
2026-09-08, 23:17:00, 22.32, 22.5, 22.75, 22.75, 9999.0, 9999.0, 9999.0, 23.73, 9999.0, 22.43, 9999.0, 22.73, 22.5, 22.25, 22.27, 22.25
2026-09-08, 23:17:04, 22.32, 22.5, 22.75, 22.75, 9999.0, 9999.0, 9999.0, 23.68, 9999.0, 22.45, 9999.0, 22.75, 22.5, 22.25, 22.3, 22.25
2026-09-08, 23:17:08, 22.32, 22.5, 22.75, 22.75, 9999.0, 9999.0, 9999.0, 23.7, 9999.0, 22.48, 9999.0, 22.77, 22.5, 22.25, 22.32, 22.25
2026-09-08, 23:17:12, 22.3, 22.5, 22.75, 22.75, 9999.0, 9999.0, 9999.0, 23.73, 9999.0, 22.48, 9999.0, 22.77, 22.5, 22.25, 22.32, 22.25
2026-09-08, 23:17:16, 22.3, 22.5, 22.75, 22.75, 9999.0, 9999.0, 9999.0, 23.75, 9999.0, 22.48, 9999.0, 22.77, 22.5, 22.25, 22.32, 22.25
2026-09-08, 23:17:20, 22.32, 22.5, 22.75, 22.75, 9999.0, 9999.0, 9999.0, 23.8, 9999.0, 22.5, 9999.0, 22.73, 22.5, 22.25, 22.32, 22.25
2026-09-08, 23:17:24, 22.32, 22.5, 22.75, 22.75, 9999.0, 9999.0, 9999.0, 23.82, 9999.0, 22.5, 9999.0, 22.73, 22.5, 22.25, 22.3, 22.25
2026-09-08, 23:17:28, 22.3, 22.5, 22.75, 22.75, 9999.0, 9999.0, 9999.0, 23.84, 9999.0, 22.52, 9999.0, 22.7, 22.5, 22.25, 22.3, 22.27
2026-09-08, 23:17:32, 22.27, 22.5, 22.75, 22.75, 9999.0, 9999.0, 9999.0, 23.89, 9999.0, 22.52, 9999.0, 22.68, 22.5, 22.25, 22.3, 22.27
2026-09-08, 23:17:36, 22.27, 22.5, 22.75, 22.75, 9999.0, 9999.0, 9999.0, 23.93, 9999.0, 22.52, 9999.0, 22.66, 22.5, 22.25, 22.3, 22.3
2026-09-08, 23:17:40, 22.27, 22.5, 22.75, 22.75, 9999.0, 9999.0, 9999.0, 23.98, 9999.0, 22.52, 9999.0, 22.64, 22.5, 22.25, 22.3, 22.3
2026-09-08, 23:17:44, 22.27, 22.5, 22.75, 22.75, 9999.0, 9999.0, 9999.0, 24.02, 9999.0, 22.48, 9999.0, 22.64, 22.5, 22.25, 22.3, 22.3
2026-09-08, 23:17:48, 22.27, 22.5, 22.75, 22.75, 9999.0, 9999.0, 9999.0, 24.05, 9999.0, 22.45, 9999.0, 22.64, 22.5, 22.25, 22.27, 22.3
2026-09-08, 23:17:52, 22.27, 22.5, 22.75, 22.75, 9999.0, 9999.0, 9999.0, 24.0, 9999.0, 22.43, 9999.0, 22.64, 22.5, 22.25, 22.25, 22.3
2026-09-08, 23:17:56, 22.27, 22.5, 22.75, 22.75, 9999.0, 9999.0, 9999.0, 23.95, 9999.0, 22.41, 9999.0, 22.64, 22.5, 22.25, 22.27, 22.32
2026-09-08, 23:18:00, 22.27, 22.5, 22.75, 22.75, 9999.0, 9999.0, 9999.0, 23.93, 9999.0, 22.39, 9999.0, 22.64, 22.5, 22.25, 22.3, 22.32
2026-09-08, 23:18:04, 22.25, 22.5, 22.75, 22.75, 9999.0, 9999.0, 9999.0, 23.89, 9999.0, 22.39, 9999.0, 22.66, 22.5, 22.25, 22.3, 22.34
2026-09-08, 23:18:08, 22.25, 22.5, 22.75, 22.75, 9999.0, 9999.0, 9999.0, 23.86, 9999.0, 22.39, 9999.0, 22.66, 22.5, 22.25, 22.3, 22.34
2026-09-08, 23:18:12, 22.25, 22.5, 22.75, 22.75, 9999.0, 9999.0, 9999.0, 23.82, 9999.0, 22.39, 9999.0, 22.68, 22.5, 22.25, 22.3, 22.32
2026-09-08, 23:18:16, 22.25, 22.5, 22.75, 22.75, 9999.0, 9999.0, 9999.0, 23.77, 9999.0, 22.39, 9999.0, 22.7, 22.5, 22.25, 22.32, 22.32
2026-09-08, 23:18:20, 22.25, 22.5, 22.75, 22.75, 9999.0, 9999.0, 9999.0, 23.73, 9999.0, 22.39, 9999.0, 22.73, 22.5, 22.25, 22.32, 22.32
2026-09-08, 23:18:24, 22.27, 22.5, 22.75, 22.75, 9999.0, 9999.0, 9999.0, 23.75, 9999.0, 22.39, 9999.0, 22.75, 22.5, 22.25, 22.32, 22.32
2026-09-08, 23:18:28, 22.3, 22.5, 22.75, 22.75, 9999.0, 9999.0, 9999.0, 23.77, 9999.0, 22.41, 9999.0, 22.75, 22.5, 22.25, 22.32, 22.32
2026-09-08, 23:18:32, 22.3, 22.5, 22.75, 22.75, 9999.0, 9999.0, 9999.0, 23.82, 9999.0, 22.43, 9999.0, 22.75, 22.5, 22.25, 22.32, 22.32
2026-09-08, 23:18:36, 22.3, 22.5, 22.75, 22.75, 9999.0, 9999.0, 9999.0, 23.84, 9999.0, 22.45, 9999.0, 22.75, 22.5, 22.25, 22.32, 22.32
2026-09-08, 23:18:40, 22.3, 22.5, 22.75, 22.75, 9999.0, 9999.0, 9999.0, 23.86, 9999.0, 22.48, 9999.0, 22.75, 22.5, 22.25, 22.3, 22.32
2026-09-08, 23:18:44, 22.32, 22.5, 22.75, 22.75, 9999.0, 9999.0, 9999.0, 23.89, 9999.0, 22.48, 9999.0, 22.73, 22.5, 22.25, 22.27, 22.32
2026-09-08, 23:18:48, 22.32, 22.5, 22.75, 22.75, 9999.0, 9999.0, 9999.0, 23.91, 9999.0, 22.45, 9999.0, 22.73, 22.5, 22.25, 22.3, 22.3
2026-09-08, 23:18:52, 22.32, 22.5, 22.75, 22.75, 9999.0, 9999.0, 9999.0, 23.91, 9999.0, 22.43, 9999.0, 22.7, 22.5, 22.25, 22.32, 22.3
2026-09-08, 23:18:56, 22.32, 22.5, 22.75, 22.75, 9999.0, 9999.0, 9999.0, 23.93, 9999.0, 22.41, 9999.0, 22.7, 22.5, 22.25, 22.32, 22.3
2026-09-08, 23:19:00, 22.34, 22.5, 22.75, 22.75, 9999.0, 9999.0, 9999.0, 23.98, 9999.0, 22.39, 9999.0, 22.7, 22.5, 22.25, 22.3, 22.3
2026-09-08, 23:19:04, 22.36, 22.5, 22.75, 22.75, 9999.0, 9999.0, 9999.0, 24.0, 9999.0, 22.36, 9999.0, 22.7, 22.5, 22.25, 22.3, 22.27
2026-09-08, 23:19:08, 22.34, 22.5, 22.75, 22.75, 9999.0, 9999.0, 9999.0, 23.95, 9999.0, 22.34, 9999.0, 22.7, 22.5, 22.25, 22.32, 22.27
2026-09-08, 23:19:12, 22.34, 22.5, 22.75, 22.75, 9999.0, 9999.0, 9999.0, 23.91, 9999.0, 22.32, 9999.0, 22.73, 22.5, 22.25, 22.32, 22.3
2026-09-08, 23:19:16, 22.34, 22.5, 22.75, 22.75, 9999.0, 9999.0, 9999.0, 23.86, 9999.0, 22.3, 9999.0, 22.73, 22.5, 22.25, 22.32, 22.3
2026-09-08, 23:19:21, 22.34, 22.5, 22.75, 22.75, 9999.0, 9999.0, 9999.0, 23.84, 9999.0, 22.27, 9999.0, 22.73, 22.5, 22.25, 22.34, 22.32
2026-09-08, 23:19:25, 22.34, 22.5, 22.75, 22.75, 9999.0, 9999.0, 9999.0, 23.8, 9999.0, 22.25, 9999.0, 22.73, 22.5, 22.25, 22.34, 22.3
2026-09-08, 23:19:29, 22.32, 22.5, 22.75, 22.75, 9999.0, 9999.0, 9999.0, 23.75, 9999.0, 22.25, 9999.0, 22.75, 22.5, 22.25, 22.34, 22.32
2026-09-08, 23:19:33, 22.34, 22.5, 22.75, 22.75, 9999.0, 9999.0, 9999.0, 23.7, 9999.0, 22.27, 9999.0, 22.75, 22.5, 22.25, 22.32, 22.34
2026-09-08, 23:19:37, 22.34, 22.5, 22.75, 22.75, 9999.0, 9999.0, 9999.0, 23.68, 9999.0, 22.3, 9999.0, 22.77, 22.5, 22.25, 22.3, 22.34
2026-09-08, 23:19:41, 22.34, 22.5, 22.75, 22.75, 9999.0, 9999.0, 9999.0, 23.66, 9999.0, 22.32, 9999.0, 22.77, 22.5, 22.25, 22.3, 22.34
2026-09-08, 23:19:45, 22.32, 22.5, 22.75, 22.75, 9999.0, 9999.0, 9999.0, 23.68, 9999.0, 22.34, 9999.0, 22.77, 22.5, 22.25, 22.32, 22.34
2026-09-08, 23:19:49, 22.32, 22.5, 22.75, 22.75, 9999.0, 9999.0, 9999.0, 23.73, 9999.0, 22.36, 9999.0, 22.77, 22.5, 22.25, 22.32, 22.34
2026-09-08, 23:19:53, 22.32, 22.5, 22.75, 22.75, 9999.0, 9999.0, 9999.0, 23.75, 9999.0, 22.39, 9999.0, 22.77, 22.5, 22.25, 22.32, 22.36
2026-09-08, 23:19:57, 22.3, 22.5, 22.75, 22.75, 9999.0, 9999.0, 9999.0, 23.75, 9999.0, 22.39, 9999.0, 22.75, 22.5, 22.25, 22.34, 22.34
2026-09-08, 23:20:01, 22.32, 22.5, 22.75, 22.75, 9999.0, 9999.0, 9999.0, 23.77, 9999.0, 22.39, 9999.0, 22.73, 22.5, 22.25, 22.34, 22.36
2026-09-08, 23:20:05, 22.32, 22.5, 22.75, 22.75, 9999.0, 9999.0, 9999.0, 23.77, 9999.0, 22.39, 9999.0, 22.73, 22.5, 22.25, 22.32, 22.34
2026-09-08, 23:20:09, 22.32, 22.5, 22.75, 22.75, 9999.0, 9999.0, 9999.0, 23.8, 9999.0, 22.39, 9999.0, 22.73, 22.5, 22.27, 22.34, 22.34
2026-09-08, 23:20:13, 22.32, 22.5, 22.75, 22.75, 9999.0, 9999.0, 9999.0, 23.82, 9999.0, 22.39, 9999.0, 22.7, 22.5, 22.27, 22.34, 22.32
2026-09-08, 23:20:17, 22.32, 22.5, 22.75, 22.75, 9999.0, 9999.0, 9999.0, 23.84, 9999.0, 22.36, 9999.0, 22.7, 22.5, 22.27, 22.34, 22.3
2026-09-08, 23:20:21, 22.34, 22.5, 22.75, 22.75, 9999.0, 9999.0, 9999.0, 23.86, 9999.0, 22.34, 9999.0, 22.7, 22.5, 22.27, 22.34, 22.3
2026-09-08, 23:20:25, 22.34, 22.5, 22.75, 22.75, 9999.0, 9999.0, 9999.0, 23.89, 9999.0, 22.32, 9999.0, 22.7, 22.5, 22.27, 22.34, 22.3
2026-09-08, 23:20:29, 22.34, 22.5, 22.75, 22.75, 9999.0, 9999.0, 9999.0, 23.84, 9999.0, 22.27, 9999.0, 22.73, 22.5, 22.3, 22.34, 22.3
2026-09-08, 23:20:33, 22.32, 22.5, 22.75, 22.75, 9999.0, 9999.0, 9999.0, 23.8, 9999.0, 22.23, 9999.0, 22.75, 22.5, 22.3, 22.36, 22.3
2026-09-08, 23:20:37, 22.32, 22.5, 22.75, 22.75, 9999.0, 9999.0, 9999.0, 23.77, 9999.0, 22.18, 9999.0, 22.75, 22.5, 22.3, 22.34, 22.27
2026-09-08, 23:20:41, 22.32, 22.5, 22.75, 22.75, 9999.0, 9999.0, 9999.0, 23.75, 9999.0, 22.2, 9999.0, 22.75, 22.5, 22.3, 22.32, 22.3
2026-09-08, 23:20:45, 22.3, 22.5, 22.75, 22.75, 9999.0, 9999.0, 9999.0, 23.7, 9999.0, 22.2, 9999.0, 22.77, 22.5, 22.3, 22.32, 22.27
2026-09-08, 23:20:49, 22.32, 22.5, 22.75, 22.75, 9999.0, 9999.0, 9999.0, 23.68, 9999.0, 22.23, 9999.0, 22.77, 22.5, 22.3, 22.32, 22.27
2026-09-08, 23:20:53, 22.34, 22.5, 22.75, 22.75, 9999.0, 9999.0, 9999.0, 23.66, 9999.0, 22.27, 9999.0, 22.77, 22.5, 22.27, 22.32, 22.27
2026-09-08, 23:20:57, 22.34, 22.5, 22.75, 22.75, 9999.0, 9999.0, 9999.0, 23.64, 9999.0, 22.3, 9999.0, 22.8, 22.5, 22.27, 22.32, 22.27
2026-09-08, 23:21:01, 22.32, 22.5, 22.75, 22.75, 9999.0, 9999.0, 9999.0, 23.68, 9999.0, 22.32, 9999.0, 22.8, 22.5, 22.27, 22.32, 22.27
2026-09-08, 23:21:05, 22.32, 22.5, 22.75, 22.75, 9999.0, 9999.0, 9999.0, 23.7, 9999.0, 22.34, 9999.0, 22.8, 22.5, 22.27, 22.34, 22.27
2026-09-08, 23:21:09, 22.32, 22.5, 22.75, 22.75, 9999.0, 9999.0, 9999.0, 23.73, 9999.0, 22.36, 9999.0, 22.8, 22.5, 22.27, 22.36, 22.27
2026-09-08, 23:21:13, 22.32, 22.5, 22.75, 22.75, 9999.0, 9999.0, 9999.0, 23.75, 9999.0, 22.41, 9999.0, 22.77, 22.5, 22.25, 22.34, 22.3
2026-09-08, 23:21:17, 22.32, 22.5, 22.75, 22.75, 9999.0, 9999.0, 9999.0, 23.77, 9999.0, 22.43, 9999.0, 22.73, 22.5, 22.25, 22.32, 22.32
2026-09-08, 23:21:21, 22.32, 22.5, 22.75, 22.75, 9999.0, 9999.0, 9999.0, 23.8, 9999.0, 22.45, 9999.0, 22.73, 22.5, 22.25, 22.32, 22.34
2026-09-08, 23:21:25, 22.32, 22.5, 22.75, 22.75, 9999.0, 9999.0, 9999.0, 23.82, 9999.0, 22.43, 9999.0, 22.73, 22.5, 22.25, 22.34, 22.34
2026-09-08, 23:21:29, 22.34, 22.5, 22.75, 22.75, 9999.0, 9999.0, 9999.0, 23.84, 9999.0, 22.43, 9999.0, 22.7, 22.5, 22.25, 22.34, 22.34
2026-09-08, 23:21:33, 22.32, 22.5, 22.75, 22.75, 9999.0, 9999.0, 9999.0, 23.86, 9999.0, 22.41, 9999.0, 22.68, 22.5, 22.25, 22.34, 22.34
2026-09-08, 23:21:37, 22.3, 22.5, 22.75, 22.77, 9999.0, 9999.0, 9999.0, 23.89, 9999.0, 22.36, 9999.0, 22.66, 22.5, 22.25, 22.32, 22.34
2026-09-08, 23:21:41, 22.3, 22.5, 22.75, 22.77, 9999.0, 9999.0, 9999.0, 23.91, 9999.0, 22.34, 9999.0, 22.66, 22.5, 22.25, 22.32, 22.34
2026-09-08, 23:21:45, 22.3, 22.5, 22.75, 22.77, 9999.0, 9999.0, 9999.0, 23.86, 9999.0, 22.32, 9999.0, 22.66, 22.5, 22.25, 22.34, 22.34
2026-09-08, 23:21:49, 22.3, 22.48, 22.75, 22.77, 9999.0, 9999.0, 9999.0, 23.82, 9999.0, 22.3, 9999.0, 22.66, 22.5, 22.25, 22.32, 22.34
2026-09-08, 23:21:53, 22.3, 22.48, 22.75, 22.77, 9999.0, 9999.0, 9999.0, 23.8, 9999.0, 22.25, 9999.0, 22.68, 22.5, 22.25, 22.32, 22.34
2026-09-08, 23:21:57, 22.3, 22.48, 22.75, 22.77, 9999.0, 9999.0, 9999.0, 23.75, 9999.0, 22.2, 9999.0, 22.7, 22.5, 22.25, 22.34, 22.32
2026-09-08, 23:22:01, 22.3, 22.48, 22.75, 22.77, 9999.0, 9999.0, 9999.0, 23.7, 9999.0, 22.2, 9999.0, 22.75, 22.5, 22.27, 22.34, 22.3
2026-09-08, 23:22:05, 22.3, 22.48, 22.75, 22.77, 9999.0, 9999.0, 9999.0, 23.66, 9999.0, 22.23, 9999.0, 22.75, 22.5, 22.27, 22.34, 22.27
2026-09-08, 23:22:09, 22.3, 22.48, 22.75, 22.77, 9999.0, 9999.0, 9999.0, 23.64, 9999.0, 22.25, 9999.0, 22.75, 22.5, 22.27, 22.32, 22.25
2026-09-08, 23:22:13, 22.3, 22.48, 22.75, 22.77, 9999.0, 9999.0, 9999.0, 23.59, 9999.0, 22.27, 9999.0, 22.77, 22.5, 22.27, 22.32, 22.25
2026-09-08, 23:22:17, 22.32, 22.48, 22.75, 22.77, 9999.0, 9999.0, 9999.0, 23.57, 9999.0, 22.3, 9999.0, 22.8, 22.5, 22.27, 22.34, 22.25
2026-09-08, 23:22:21, 22.32, 22.48, 22.75, 22.75, 9999.0, 9999.0, 9999.0, 23.59, 9999.0, 22.3, 9999.0, 22.82, 22.5, 22.27, 22.34, 22.27
2026-09-08, 23:22:25, 22.32, 22.48, 22.75, 22.75, 9999.0, 9999.0, 9999.0, 23.61, 9999.0, 22.32, 9999.0, 22.82, 22.5, 22.27, 22.34, 22.27
2026-09-08, 23:22:29, 22.32, 22.48, 22.75, 22.75, 9999.0, 9999.0, 9999.0, 23.64, 9999.0, 22.32, 9999.0, 22.82, 22.5, 22.27, 22.32, 22.27
2026-09-08, 23:22:33, 22.3, 22.5, 22.75, 22.75, 9999.0, 9999.0, 9999.0, 23.68, 9999.0, 22.32, 9999.0, 22.82, 22.5, 22.27, 22.32, 22.27
2026-09-08, 23:22:37, 22.3, 22.5, 22.75, 22.75, 9999.0, 9999.0, 9999.0, 23.68, 9999.0, 22.34, 9999.0, 22.8, 22.5, 22.27, 22.3, 22.27
2026-09-08, 23:22:41, 22.32, 22.5, 22.75, 22.75, 9999.0, 9999.0, 9999.0, 23.7, 9999.0, 22.36, 9999.0, 22.77, 22.5, 22.27, 22.27, 22.27
2026-09-08, 23:22:45, 22.34, 22.5, 22.75, 22.75, 9999.0, 9999.0, 9999.0, 23.73, 9999.0, 22.36, 9999.0, 22.73, 22.5, 22.25, 22.3, 22.27
2026-09-08, 23:22:49, 22.34, 22.5, 22.77, 22.75, 9999.0, 9999.0, 9999.0, 23.75, 9999.0, 22.34, 9999.0, 22.7, 22.5, 22.25, 22.3, 22.27
2026-09-08, 23:22:53, 22.34, 22.5, 22.77, 22.75, 9999.0, 9999.0, 9999.0, 23.77, 9999.0, 22.32, 9999.0, 22.68, 22.5, 22.25, 22.32, 22.3
2026-09-08, 23:22:57, 22.32, 22.5, 22.77, 22.75, 9999.0, 9999.0, 9999.0, 23.82, 9999.0, 22.3, 9999.0, 22.68, 22.5, 22.25, 22.32, 22.3
2026-09-08, 23:23:01, 22.3, 22.5, 22.77, 22.75, 9999.0, 9999.0, 9999.0, 23.84, 9999.0, 22.27, 9999.0, 22.68, 22.5, 22.25, 22.3, 22.3
2026-09-08, 23:23:06, 22.3, 22.5, 22.77, 22.75, 9999.0, 9999.0, 9999.0, 23.82, 9999.0, 22.27, 9999.0, 22.68, 22.5, 22.25, 22.3, 22.27
2026-09-08, 23:23:10, 22.32, 22.5, 22.77, 22.75, 9999.0, 9999.0, 9999.0, 23.77, 9999.0, 22.25, 9999.0, 22.7, 22.5, 22.25, 22.3, 22.27
2026-09-08, 23:23:14, 22.32, 22.5, 22.77, 22.75, 9999.0, 9999.0, 9999.0, 23.73, 9999.0, 22.23, 9999.0, 22.73, 22.5, 22.25, 22.3, 22.27
2026-09-08, 23:23:18, 22.32, 22.5, 22.77, 22.75, 9999.0, 9999.0, 9999.0, 23.68, 9999.0, 22.23, 9999.0, 22.73, 22.5, 22.25, 22.32, 22.27
2026-09-08, 23:23:22, 22.32, 22.5, 22.77, 22.75, 9999.0, 9999.0, 9999.0, 23.66, 9999.0, 22.23, 9999.0, 22.73, 22.5, 22.25, 22.32, 22.27
2026-09-08, 23:23:26, 22.3, 22.5, 22.77, 22.75, 9999.0, 9999.0, 9999.0, 23.64, 9999.0, 22.23, 9999.0, 22.73, 22.5, 22.25, 22.34, 22.27
2026-09-08, 23:23:30, 22.27, 22.5, 22.77, 22.75, 9999.0, 9999.0, 9999.0, 23.61, 9999.0, 22.25, 9999.0, 22.75, 22.5, 22.25, 22.34, 22.3
2026-09-08, 23:23:34, 22.27, 22.5, 22.77, 22.75, 9999.0, 9999.0, 9999.0, 23.57, 9999.0, 22.27, 9999.0, 22.77, 22.5, 22.25, 22.34, 22.32
2026-09-08, 23:23:38, 22.27, 22.5, 22.77, 22.75, 9999.0, 9999.0, 9999.0, 23.52, 9999.0, 22.3, 9999.0, 22.8, 22.5, 22.25, 22.34, 22.3
2026-09-08, 23:23:42, 22.3, 22.5, 22.77, 22.75, 9999.0, 9999.0, 9999.0, 23.55, 9999.0, 22.3, 9999.0, 22.8, 22.5, 22.25, 22.34, 22.32
2026-09-08, 23:23:46, 22.3, 22.5, 22.77, 22.75, 9999.0, 9999.0, 9999.0, 23.57, 9999.0, 22.32, 9999.0, 22.8, 22.5, 22.25, 22.34, 22.34
2026-09-08, 23:23:50, 22.3, 22.5, 22.77, 22.75, 9999.0, 9999.0, 9999.0, 23.59, 9999.0, 22.32, 9999.0, 22.8, 22.5, 22.25, 22.34, 22.34
2026-09-08, 23:23:54, 22.27, 22.5, 22.77, 22.75, 9999.0, 9999.0, 9999.0, 23.64, 9999.0, 22.32, 9999.0, 22.77, 22.5, 22.25, 22.34, 22.34
2026-09-08, 23:23:58, 22.27, 22.5, 22.77, 22.75, 9999.0, 9999.0, 9999.0, 23.66, 9999.0, 22.34, 9999.0, 22.73, 22.5, 22.25, 22.34, 22.36
2026-09-08, 23:24:02, 22.27, 22.5, 22.8, 22.75, 9999.0, 9999.0, 9999.0, 23.68, 9999.0, 22.34, 9999.0, 22.7, 22.5, 22.25, 22.32, 22.36
2026-09-08, 23:24:06, 22.3, 22.5, 22.82, 22.77, 9999.0, 9999.0, 9999.0, 23.68, 9999.0, 22.34, 9999.0, 22.68, 22.5, 22.25, 22.34, 22.36
2026-09-08, 23:24:10, 22.3, 22.5, 22.82, 22.8, 9999.0, 9999.0, 9999.0, 23.7, 9999.0, 22.34, 9999.0, 22.66, 22.5, 22.25, 22.32, 22.39
2026-09-08, 23:24:14, 22.3, 22.5, 22.82, 22.82, 9999.0, 9999.0, 9999.0, 23.73, 9999.0, 22.32, 9999.0, 22.64, 22.5, 22.25, 22.3, 22.36
2026-09-08, 23:24:18, 22.3, 22.5, 22.8, 22.82, 9999.0, 9999.0, 9999.0, 23.77, 9999.0, 22.3, 9999.0, 22.64, 22.5, 22.25, 22.3, 22.36
2026-09-08, 23:24:22, 22.3, 22.5, 22.8, 22.82, 9999.0, 9999.0, 9999.0, 23.82, 9999.0, 22.25, 9999.0, 22.64, 22.5, 22.25, 22.27, 22.36
2026-09-08, 23:24:26, 22.3, 22.5, 22.8, 22.82, 9999.0, 9999.0, 9999.0, 23.77, 9999.0, 22.23, 9999.0, 22.64, 22.5, 22.25, 22.27, 22.34
2026-09-08, 23:24:30, 22.3, 22.5, 22.8, 22.82, 9999.0, 9999.0, 9999.0, 23.73, 9999.0, 22.18, 9999.0, 22.66, 22.5, 22.25, 22.3, 22.32
2026-09-08, 23:24:34, 22.3, 22.5, 22.8, 22.82, 9999.0, 9999.0, 9999.0, 23.68, 9999.0, 22.18, 9999.0, 22.68, 22.5, 22.25, 22.32, 22.34
2026-09-08, 23:24:38, 22.3, 22.5, 22.8, 22.84, 9999.0, 9999.0, 9999.0, 23.64, 9999.0, 22.18, 9999.0, 22.68, 22.5, 22.25, 22.32, 22.36
2026-09-08, 23:24:42, 22.32, 22.5, 22.82, 22.84, 9999.0, 9999.0, 9999.0, 23.61, 9999.0, 22.18, 9999.0, 22.7, 22.5, 22.25, 22.34, 22.36
2026-09-08, 23:24:46, 22.32, 22.5, 22.8, 22.84, 9999.0, 9999.0, 9999.0, 23.59, 9999.0, 22.2, 9999.0, 22.73, 22.52, 22.25, 22.34, 22.39
2026-09-08, 23:24:50, 22.3, 22.5, 22.77, 22.82, 9999.0, 9999.0, 9999.0, 23.59, 9999.0, 22.23, 9999.0, 22.75, 22.52, 22.25, 22.32, 22.41
2026-09-08, 23:24:54, 22.3, 22.5, 22.77, 22.8, 9999.0, 9999.0, 9999.0, 23.57, 9999.0, 22.25, 9999.0, 22.77, 22.52, 22.25, 22.32, 22.41
2026-09-08, 23:24:58, 22.3, 22.5, 22.8, 22.77, 9999.0, 9999.0, 9999.0, 23.61, 9999.0, 22.27, 9999.0, 22.8, 22.52, 22.25, 22.32, 22.43
2026-09-08, 23:25:02, 22.3, 22.5, 22.8, 22.77, 9999.0, 9999.0, 9999.0, 23.66, 9999.0, 22.27, 9999.0, 22.8, 22.52, 22.25, 22.34, 22.41
2026-09-08, 23:25:06, 22.3, 22.5, 22.8, 22.77, 9999.0, 9999.0, 9999.0, 23.68, 9999.0, 22.32, 9999.0, 22.8, 22.52, 22.25, 22.36, 22.41
2026-09-08, 23:25:10, 22.27, 22.5, 22.8, 22.77, 9999.0, 9999.0, 9999.0, 23.73, 9999.0, 22.36, 9999.0, 22.8, 22.52, 22.25, 22.39, 22.41
2026-09-08, 23:25:14, 22.27, 22.5, 22.8, 22.77, 9999.0, 9999.0, 9999.0, 23.75, 9999.0, 22.41, 9999.0, 22.75, 22.52, 22.25, 22.36, 22.41
2026-09-08, 23:25:18, 22.27, 22.5, 22.8, 22.8, 9999.0, 9999.0, 9999.0, 23.77, 9999.0, 22.41, 9999.0, 22.7, 22.52, 22.25, 22.34, 22.41
2026-09-08, 23:25:22, 22.27, 22.5, 22.8, 22.77, 9999.0, 9999.0, 9999.0, 23.8, 9999.0, 22.41, 9999.0, 22.7, 22.52, 22.25, 22.34, 22.39
2026-09-08, 23:25:26, 22.25, 22.5, 22.77, 22.77, 9999.0, 9999.0, 9999.0, 23.82, 9999.0, 22.41, 9999.0, 22.7, 22.52, 22.25, 22.34, 22.39
2026-09-08, 23:25:30, 22.25, 22.5, 22.77, 22.77, 9999.0, 9999.0, 9999.0, 23.84, 9999.0, 22.41, 9999.0, 22.68, 22.5, 22.25, 22.34, 22.36
2026-09-08, 23:25:34, 22.27, 22.5, 22.77, 22.8, 9999.0, 9999.0, 9999.0, 23.86, 9999.0, 22.39, 9999.0, 22.68, 22.5, 22.25, 22.36, 22.34
2026-09-08, 23:25:38, 22.27, 22.5, 22.77, 22.8, 9999.0, 9999.0, 9999.0, 23.89, 9999.0, 22.36, 9999.0, 22.68, 22.5, 22.25, 22.36, 22.32
2026-09-08, 23:25:42, 22.27, 22.5, 22.75, 22.8, 9999.0, 9999.0, 9999.0, 23.84, 9999.0, 22.36, 9999.0, 22.68, 22.5, 22.25, 22.36, 22.3
2026-09-08, 23:25:46, 22.3, 22.5, 22.75, 22.8, 9999.0, 9999.0, 9999.0, 23.8, 9999.0, 22.36, 9999.0, 22.7, 22.5, 22.25, 22.36, 22.3
2026-09-08, 23:25:50, 22.3, 22.5, 22.75, 22.8, 9999.0, 9999.0, 9999.0, 23.75, 9999.0, 22.34, 9999.0, 22.73, 22.5, 22.25, 22.36, 22.32
2026-09-08, 23:25:54, 22.3, 22.5, 22.75, 22.8, 9999.0, 9999.0, 9999.0, 23.7, 9999.0, 22.34, 9999.0, 22.73, 22.5, 22.25, 22.34, 22.32
2026-09-08, 23:25:58, 22.3, 22.5, 22.75, 22.8, 9999.0, 9999.0, 9999.0, 23.68, 9999.0, 22.32, 9999.0, 22.75, 22.5, 22.25, 22.34, 22.34
2026-09-08, 23:26:02, 22.32, 22.5, 22.75, 22.77, 9999.0, 9999.0, 9999.0, 23.66, 9999.0, 22.34, 9999.0, 22.77, 22.5, 22.27, 22.34, 22.32
2026-09-08, 23:26:06, 22.32, 22.5, 22.75, 22.77, 9999.0, 9999.0, 9999.0, 23.64, 9999.0, 22.39, 9999.0, 22.77, 22.5, 22.27, 22.36, 22.32
2026-09-08, 23:26:10, 22.32, 22.5, 22.75, 22.77, 9999.0, 9999.0, 9999.0, 23.61, 9999.0, 22.41, 9999.0, 22.77, 22.5, 22.27, 22.36, 22.3
2026-09-08, 23:26:14, 22.32, 22.5, 22.77, 22.77, 9999.0, 9999.0, 9999.0, 23.66, 9999.0, 22.41, 9999.0, 22.8, 22.5, 22.27, 22.36, 22.32
2026-09-08, 23:26:18, 22.3, 22.5, 22.77, 22.75, 9999.0, 9999.0, 9999.0, 23.7, 9999.0, 22.43, 9999.0, 22.8, 22.5, 22.27, 22.34, 22.32
2026-09-08, 23:26:22, 22.3, 22.5, 22.77, 22.75, 9999.0, 9999.0, 9999.0, 23.75, 9999.0, 22.45, 9999.0, 22.8, 22.5, 22.27, 22.36, 22.32
2026-09-08, 23:26:26, 22.3, 22.5, 22.77, 22.75, 9999.0, 9999.0, 9999.0, 23.77, 9999.0, 22.45, 9999.0, 22.8, 22.5, 22.27, 22.39, 22.34
2026-09-08, 23:26:30, 22.27, 22.5, 22.77, 22.75, 9999.0, 9999.0, 9999.0, 23.8, 9999.0, 22.48, 9999.0, 22.77, 22.5, 22.27, 22.39, 22.34
2026-09-08, 23:26:35, 22.3, 22.5, 22.8, 22.75, 9999.0, 9999.0, 9999.0, 23.84, 9999.0, 22.5, 9999.0, 22.73, 22.5, 22.27, 22.39, 22.32
2026-09-08, 23:26:39, 22.3, 22.5, 22.82, 22.77, 9999.0, 9999.0, 9999.0, 23.86, 9999.0, 22.48, 9999.0, 22.7, 22.5, 22.27, 22.39, 22.32
2026-09-08, 23:26:43, 22.3, 22.5, 22.82, 22.77, 9999.0, 9999.0, 9999.0, 23.89, 9999.0, 22.48, 9999.0, 22.68, 22.5, 22.27, 22.39, 22.3
2026-09-08, 23:26:47, 22.27, 22.5, 22.84, 22.77, 9999.0, 9999.0, 9999.0, 23.91, 9999.0, 22.45, 9999.0, 22.68, 22.5, 22.25, 22.39, 22.3
2026-09-08, 23:26:51, 22.3, 22.5, 22.86, 22.77, 9999.0, 9999.0, 9999.0, 23.95, 9999.0, 22.41, 9999.0, 22.66, 22.5, 22.25, 22.39, 22.3
2026-09-08, 23:26:55, 22.3, 22.5, 22.86, 22.8, 9999.0, 9999.0, 9999.0, 23.98, 9999.0, 22.39, 9999.0, 22.66, 22.5, 22.25, 22.36, 22.3
2026-09-08, 23:26:59, 22.3, 22.5, 22.84, 22.8, 9999.0, 9999.0, 9999.0, 23.93, 9999.0, 22.36, 9999.0, 22.66, 22.5, 22.25, 22.39, 22.27
2026-09-08, 23:27:03, 22.3, 22.5, 22.84, 22.82, 9999.0, 9999.0, 9999.0, 23.89, 9999.0, 22.34, 9999.0, 22.68, 22.5, 22.25, 22.41, 22.3
2026-09-08, 23:27:07, 22.3, 22.5, 22.84, 22.82, 9999.0, 9999.0, 9999.0, 23.84, 9999.0, 22.32, 9999.0, 22.7, 22.5, 22.25, 22.41, 22.3
2026-09-08, 23:27:11, 22.32, 22.5, 22.86, 22.82, 9999.0, 9999.0, 9999.0, 23.8, 9999.0, 22.3, 9999.0, 22.73, 22.5, 22.25, 22.39, 22.27
2026-09-08, 23:27:15, 22.32, 22.5, 22.86, 22.82, 9999.0, 9999.0, 9999.0, 23.75, 9999.0, 22.3, 9999.0, 22.73, 22.5, 22.25, 22.39, 22.27
2026-09-08, 23:27:19, 22.32, 22.5, 22.84, 22.84, 9999.0, 9999.0, 9999.0, 23.7, 9999.0, 22.27, 9999.0, 22.75, 22.5, 22.25, 22.36, 22.3
2026-09-08, 23:27:23, 22.32, 22.5, 22.82, 22.84, 9999.0, 9999.0, 9999.0, 23.68, 9999.0, 22.3, 9999.0, 22.77, 22.5, 22.25, 22.36, 22.3
2026-09-08, 23:27:27, 22.32, 22.5, 22.82, 22.84, 9999.0, 9999.0, 9999.0, 23.66, 9999.0, 22.32, 9999.0, 22.8, 22.5, 22.25, 22.39, 22.3
2026-09-08, 23:27:31, 22.34, 22.5, 22.8, 22.84, 9999.0, 9999.0, 9999.0, 23.64, 9999.0, 22.34, 9999.0, 22.8, 22.5, 22.25, 22.41, 22.32
2026-09-08, 23:27:35, 22.34, 22.5, 22.77, 22.86, 9999.0, 9999.0, 9999.0, 23.66, 9999.0, 22.36, 9999.0, 22.82, 22.5, 22.25, 22.41, 22.34
2026-09-08, 23:27:39, 22.34, 22.5, 22.77, 22.84, 9999.0, 9999.0, 9999.0, 23.7, 9999.0, 22.39, 9999.0, 22.82, 22.5, 22.25, 22.41, 22.36
2026-09-08, 23:27:43, 22.36, 22.5, 22.77, 22.84, 9999.0, 9999.0, 9999.0, 23.75, 9999.0, 22.41, 9999.0, 22.82, 22.5, 22.25, 22.41, 22.36
2026-09-08, 23:27:47, 22.39, 22.5, 22.77, 22.82, 9999.0, 9999.0, 9999.0, 23.77, 9999.0, 22.43, 9999.0, 22.8, 22.5, 22.25, 22.39, 22.36
2026-09-08, 23:27:51, 22.39, 22.5, 22.77, 22.82, 9999.0, 9999.0, 9999.0, 23.8, 9999.0, 22.45, 9999.0, 22.75, 22.5, 22.25, 22.36, 22.39
2026-09-08, 23:27:55, 22.36, 22.5, 22.75, 22.82, 9999.0, 9999.0, 9999.0, 23.82, 9999.0, 22.48, 9999.0, 22.73, 22.5, 22.25, 22.36, 22.41
2026-09-08, 23:27:59, 22.36, 22.5, 22.75, 22.82, 9999.0, 9999.0, 9999.0, 23.86, 9999.0, 22.48, 9999.0, 22.7, 22.5, 22.25, 22.36, 22.41
2026-09-08, 23:28:03, 22.34, 22.5, 22.77, 22.8, 9999.0, 9999.0, 9999.0, 23.89, 9999.0, 22.5, 9999.0, 22.68, 22.5, 22.25, 22.36, 22.39
2026-09-08, 23:28:07, 22.34, 22.5, 22.77, 22.8, 9999.0, 9999.0, 9999.0, 23.91, 9999.0, 22.5, 9999.0, 22.66, 22.5, 22.25, 22.36, 22.39
2026-09-08, 23:28:11, 22.34, 22.5, 22.77, 22.8, 9999.0, 9999.0, 9999.0, 23.93, 9999.0, 22.5, 9999.0, 22.66, 22.5, 22.25, 22.34, 22.39
2026-09-08, 23:28:15, 22.32, 22.5, 22.8, 22.8, 9999.0, 9999.0, 9999.0, 23.95, 9999.0, 22.5, 9999.0, 22.66, 22.5, 22.25, 22.32, 22.36
2026-09-08, 23:28:19, 22.3, 22.5, 22.8, 22.77, 9999.0, 9999.0, 9999.0, 23.91, 9999.0, 22.5, 9999.0, 22.66, 22.5, 22.25, 22.3, 22.34
2026-09-08, 23:28:23, 22.3, 22.5, 22.8, 22.77, 9999.0, 9999.0, 9999.0, 23.86, 9999.0, 22.48, 9999.0, 22.68, 22.5, 22.25, 22.3, 22.32
2026-09-08, 23:28:27, 22.3, 22.5, 22.8, 22.77, 9999.0, 9999.0, 9999.0, 23.82, 9999.0, 22.45, 9999.0, 22.68, 22.5, 22.25, 22.3, 22.34
2026-09-08, 23:28:31, 22.27, 22.5, 22.8, 22.77, 9999.0, 9999.0, 9999.0, 23.8, 9999.0, 22.45, 9999.0, 22.68, 22.5, 22.25, 22.32, 22.34
2026-09-08, 23:28:35, 22.27, 22.5, 22.8, 22.77, 9999.0, 9999.0, 9999.0, 23.75, 9999.0, 22.45, 9999.0, 22.7, 22.5, 22.25, 22.32, 22.34
2026-09-08, 23:28:39, 22.27, 22.5, 22.8, 22.77, 9999.0, 9999.0, 9999.0, 23.73, 9999.0, 22.45, 9999.0, 22.7, 22.52, 22.25, 22.32, 22.34
2026-09-08, 23:28:43, 22.27, 22.5, 22.8, 22.77, 9999.0, 9999.0, 9999.0, 23.68, 9999.0, 22.48, 9999.0, 22.73, 22.52, 22.25, 22.3, 22.34
2026-09-08, 23:28:47, 22.3, 22.5, 22.8, 22.77, 9999.0, 9999.0, 9999.0, 23.66, 9999.0, 22.5, 9999.0, 22.75, 22.52, 22.25, 22.3, 22.34
2026-09-08, 23:28:51, 22.32, 22.5, 22.8, 22.75, 9999.0, 9999.0, 9999.0, 23.7, 9999.0, 22.52, 9999.0, 22.77, 22.52, 22.25, 22.3, 22.34
2026-09-08, 23:28:55, 22.34, 22.5, 22.8, 22.75, 9999.0, 9999.0, 9999.0, 23.75, 9999.0, 22.52, 9999.0, 22.77, 22.52, 22.25, 22.3, 22.34
2026-09-08, 23:28:59, 22.34, 22.5, 22.77, 22.75, 9999.0, 9999.0, 9999.0, 23.8, 9999.0, 22.52, 9999.0, 22.77, 22.52, 22.25, 22.3, 22.36
2026-09-08, 23:29:03, 22.36, 22.5, 22.77, 22.75, 9999.0, 9999.0, 9999.0, 23.82, 9999.0, 22.52, 9999.0, 22.77, 22.52, 22.25, 22.3, 22.39
2026-09-08, 23:29:07, 22.36, 22.5, 22.77, 22.75, 9999.0, 9999.0, 9999.0, 23.86, 9999.0, 22.55, 9999.0, 22.75, 22.52, 22.25, 22.3, 22.41
2026-09-08, 23:29:11, 22.36, 22.5, 22.77, 22.75, 9999.0, 9999.0, 9999.0, 23.89, 9999.0, 22.57, 9999.0, 22.75, 22.52, 22.25, 22.27, 22.39
2026-09-08, 23:29:15, 22.39, 22.5, 22.77, 22.75, 9999.0, 9999.0, 9999.0, 23.91, 9999.0, 22.57, 9999.0, 22.73, 22.52, 22.25, 22.25, 22.39
2026-09-08, 23:29:19, 22.39, 22.5, 22.77, 22.75, 9999.0, 9999.0, 9999.0, 23.95, 9999.0, 22.57, 9999.0, 22.7, 22.52, 22.25, 22.27, 22.39
2026-09-08, 23:29:23, 22.39, 22.5, 22.77, 22.75, 9999.0, 9999.0, 9999.0, 24.0, 9999.0, 22.57, 9999.0, 22.7, 22.5, 22.25, 22.27, 22.39
2026-09-08, 23:29:27, 22.39, 22.5, 22.77, 22.75, 9999.0, 9999.0, 9999.0, 24.05, 9999.0, 22.55, 9999.0, 22.7, 22.5, 22.25, 22.27, 22.41
2026-09-08, 23:29:31, 22.36, 22.5, 22.75, 22.75, 9999.0, 9999.0, 9999.0, 24.09, 9999.0, 22.5, 9999.0, 22.7, 22.5, 22.25, 22.3, 22.43
2026-09-08, 23:29:35, 22.34, 22.5, 22.75, 22.75, 9999.0, 9999.0, 9999.0, 24.05, 9999.0, 22.45, 9999.0, 22.7, 22.5, 22.25, 22.32, 22.45
2026-09-08, 23:29:39, 22.32, 22.5, 22.75, 22.75, 9999.0, 9999.0, 9999.0, 24.0, 9999.0, 22.43, 9999.0, 22.73, 22.5, 22.25, 22.34, 22.48
2026-09-08, 23:29:43, 22.32, 22.5, 22.75, 22.75, 9999.0, 9999.0, 9999.0, 23.95, 9999.0, 22.43, 9999.0, 22.75, 22.5, 22.25, 22.36, 22.45
2026-09-08, 23:29:47, 22.3, 22.5, 22.75, 22.75, 9999.0, 9999.0, 9999.0, 23.91, 9999.0, 22.41, 9999.0, 22.75, 22.5, 22.25, 22.36, 22.45
2026-09-08, 23:29:51, 22.32, 22.5, 22.75, 22.75, 9999.0, 9999.0, 9999.0, 23.84, 9999.0, 22.41, 9999.0, 22.75, 22.5, 22.25, 22.36, 22.43
2026-09-08, 23:29:55, 22.32, 22.5, 22.75, 22.75, 9999.0, 9999.0, 9999.0, 23.8, 9999.0, 22.41, 9999.0, 22.75, 22.5, 22.25, 22.36, 22.43
2026-09-08, 23:29:59, 22.32, 22.5, 22.77, 22.75, 9999.0, 9999.0, 9999.0, 23.75, 9999.0, 22.43, 9999.0, 22.77, 22.5, 22.25, 22.36, 22.41
2026-09-08, 23:30:03, 22.32, 22.5, 22.77, 22.75, 9999.0, 9999.0, 9999.0, 23.7, 9999.0, 22.45, 9999.0, 22.8, 22.5, 22.25, 22.36, 22.39
2026-09-08, 23:30:07, 22.34, 22.5, 22.77, 22.75, 9999.0, 9999.0, 9999.0, 23.66, 9999.0, 22.48, 9999.0, 22.8, 22.5, 22.25, 22.36, 22.36
2026-09-08, 23:30:11, 22.34, 22.5, 22.77, 22.75, 9999.0, 9999.0, 9999.0, 23.68, 9999.0, 22.5, 9999.0, 22.8, 22.5, 22.25, 22.39, 22.34
2026-09-08, 23:30:15, 22.34, 22.5, 22.77, 22.75, 9999.0, 9999.0, 9999.0, 23.7, 9999.0, 22.52, 9999.0, 22.8, 22.5, 22.25, 22.39, 22.32
2026-09-08, 23:30:19, 22.34, 22.5, 22.77, 22.75, 9999.0, 9999.0, 9999.0, 23.73, 9999.0, 22.57, 9999.0, 22.8, 22.5, 22.25, 22.36, 22.3
2026-09-08, 23:30:23, 22.34, 22.5, 22.77, 22.75, 9999.0, 9999.0, 9999.0, 23.75, 9999.0, 22.59, 9999.0, 22.77, 22.5, 22.25, 22.36, 22.27
2026-09-08, 23:30:28, 22.34, 22.5, 22.77, 22.75, 9999.0, 9999.0, 9999.0, 23.77, 9999.0, 22.59, 9999.0, 22.75, 22.5, 22.25, 22.34, 22.3
2026-09-08, 23:30:32, 22.36, 22.5, 22.77, 22.75, 9999.0, 9999.0, 9999.0, 23.82, 9999.0, 22.61, 9999.0, 22.75, 22.5, 22.25, 22.34, 22.3
2026-09-08, 23:30:36, 22.34, 22.5, 22.77, 22.75, 9999.0, 9999.0, 9999.0, 23.86, 9999.0, 22.61, 9999.0, 22.73, 22.5, 22.25, 22.34, 22.3
2026-09-08, 23:30:40, 22.32, 22.5, 22.8, 22.75, 9999.0, 9999.0, 9999.0, 23.91, 9999.0, 22.61, 9999.0, 22.73, 22.5, 22.25, 22.34, 22.3
2026-09-08, 23:30:44, 22.32, 22.5, 22.77, 22.75, 9999.0, 9999.0, 9999.0, 23.95, 9999.0, 22.59, 9999.0, 22.7, 22.5, 22.25, 22.36, 22.3
2026-09-08, 23:30:48, 22.32, 22.5, 22.77, 22.75, 9999.0, 9999.0, 9999.0, 24.0, 9999.0, 22.57, 9999.0, 22.7, 22.5, 22.25, 22.34, 22.3
2026-09-08, 23:30:52, 22.3, 22.5, 22.77, 22.75, 9999.0, 9999.0, 9999.0, 24.05, 9999.0, 22.55, 9999.0, 22.7, 22.5, 22.25, 22.34, 22.3
2026-09-08, 23:30:56, 22.32, 22.5, 22.77, 22.75, 9999.0, 9999.0, 9999.0, 24.02, 9999.0, 22.52, 9999.0, 22.7, 22.5, 22.25, 22.32, 22.3
2026-09-08, 23:31:00, 22.34, 22.5, 22.77, 22.75, 9999.0, 9999.0, 9999.0, 23.98, 9999.0, 22.52, 9999.0, 22.7, 22.5, 22.25, 22.32, 22.32
2026-09-08, 23:31:04, 22.34, 22.5, 22.77, 22.75, 9999.0, 9999.0, 9999.0, 23.95, 9999.0, 22.5, 9999.0, 22.7, 22.5, 22.25, 22.32, 22.34
2026-09-08, 23:31:08, 22.34, 22.5, 22.77, 22.75, 9999.0, 9999.0, 9999.0, 23.93, 9999.0, 22.5, 9999.0, 22.7, 22.5, 22.25, 22.3, 22.36
2026-09-08, 23:31:12, 22.34, 22.5, 22.77, 22.75, 9999.0, 9999.0, 9999.0, 23.91, 9999.0, 22.5, 9999.0, 22.7, 22.5, 22.25, 22.3, 22.34
2026-09-08, 23:31:16, 22.32, 22.5, 22.8, 22.75, 9999.0, 9999.0, 9999.0, 23.89, 9999.0, 22.52, 9999.0, 22.7, 22.5, 22.25, 22.32, 22.32
2026-09-08, 23:31:20, 22.34, 22.5, 22.8, 22.75, 9999.0, 9999.0, 9999.0, 23.86, 9999.0, 22.55, 9999.0, 22.73, 22.5, 22.25, 22.32, 22.32
2026-09-08, 23:31:24, 22.34, 22.5, 22.77, 22.75, 9999.0, 9999.0, 9999.0, 23.82, 9999.0, 22.57, 9999.0, 22.73, 22.5, 22.25, 22.32, 22.34
2026-09-08, 23:31:28, 22.32, 22.5, 22.77, 22.75, 9999.0, 9999.0, 9999.0, 23.84, 9999.0, 22.59, 9999.0, 22.75, 22.5, 22.25, 22.32, 22.34
2026-09-08, 23:31:32, 22.34, 22.5, 22.77, 22.75, 9999.0, 9999.0, 9999.0, 23.86, 9999.0, 22.61, 9999.0, 22.75, 22.5, 22.25, 22.34, 22.34
2026-09-08, 23:31:36, 22.36, 22.5, 22.77, 22.75, 9999.0, 9999.0, 9999.0, 23.89, 9999.0, 22.64, 9999.0, 22.75, 22.5, 22.25, 22.36, 22.34
2026-09-08, 23:31:40, 22.34, 22.5, 22.77, 22.75, 9999.0, 9999.0, 9999.0, 23.89, 9999.0, 22.66, 9999.0, 22.73, 22.5, 22.25, 22.36, 22.34
2026-09-08, 23:31:44, 22.32, 22.5, 22.77, 22.75, 9999.0, 9999.0, 9999.0, 23.91, 9999.0, 22.68, 9999.0, 22.7, 22.5, 22.25, 22.34, 22.34
2026-09-08, 23:31:48, 22.32, 22.5, 22.77, 22.75, 9999.0, 9999.0, 9999.0, 23.93, 9999.0, 22.7, 9999.0, 22.7, 22.5, 22.25, 22.34, 22.32
2026-09-08, 23:31:52, 22.32, 22.5, 22.77, 22.75, 9999.0, 9999.0, 9999.0, 23.95, 9999.0, 22.73, 9999.0, 22.7, 22.5, 22.25, 22.34, 22.3
2026-09-08, 23:31:56, 22.32, 22.5, 22.77, 22.75, 9999.0, 9999.0, 9999.0, 23.98, 9999.0, 22.73, 9999.0, 22.7, 22.5, 22.25, 22.34, 22.3
2026-09-08, 23:32:00, 22.34, 22.5, 22.75, 22.75, 9999.0, 9999.0, 9999.0, 24.0, 9999.0, 22.7, 9999.0, 22.68, 22.5, 22.25, 22.32, 22.3
2026-09-08, 23:32:04, 22.32, 22.5, 22.75, 22.75, 9999.0, 9999.0, 9999.0, 24.02, 9999.0, 22.68, 9999.0, 22.68, 22.5, 22.25, 22.32, 22.3
2026-09-08, 23:32:08, 22.32, 22.5, 22.75, 22.75, 9999.0, 9999.0, 9999.0, 24.07, 9999.0, 22.66, 9999.0, 22.68, 22.5, 22.25, 22.32, 22.27
2026-09-08, 23:32:12, 22.32, 22.5, 22.75, 22.75, 9999.0, 9999.0, 9999.0, 24.05, 9999.0, 22.64, 9999.0, 22.68, 22.5, 22.25, 22.3, 22.3
2026-09-08, 23:32:16, 22.32, 22.5, 22.75, 22.75, 9999.0, 9999.0, 9999.0, 24.0, 9999.0, 22.61, 9999.0, 22.7, 22.5, 22.25, 22.27, 22.3
2026-09-08, 23:32:20, 22.3, 22.5, 22.75, 22.75, 9999.0, 9999.0, 9999.0, 23.95, 9999.0, 22.59, 9999.0, 22.73, 22.5, 22.25, 22.27, 22.3
2026-09-08, 23:32:24, 22.3, 22.5, 22.75, 22.75, 9999.0, 9999.0, 9999.0, 23.93, 9999.0, 22.57, 9999.0, 22.75, 22.5, 22.25, 22.27, 22.3
2026-09-08, 23:32:28, 22.3, 22.5, 22.75, 22.75, 9999.0, 9999.0, 9999.0, 23.91, 9999.0, 22.57, 9999.0, 22.77, 22.5, 22.25, 22.3, 22.27
2026-09-08, 23:32:32, 22.3, 22.5, 22.75, 22.75, 9999.0, 9999.0, 9999.0, 23.89, 9999.0, 22.57, 9999.0, 22.77, 22.5, 22.25, 22.3, 22.27
2026-09-08, 23:32:36, 22.3, 22.5, 22.75, 22.75, 9999.0, 9999.0, 9999.0, 23.86, 9999.0, 22.57, 9999.0, 22.77, 22.5, 22.25, 22.32, 22.27
2026-09-08, 23:32:40, 22.3, 22.5, 22.75, 22.75, 9999.0, 9999.0, 9999.0, 23.82, 9999.0, 22.59, 9999.0, 22.77, 22.5, 22.25, 22.34, 22.27
2026-09-08, 23:32:44, 22.27, 22.5, 22.75, 22.75, 9999.0, 9999.0, 9999.0, 23.77, 9999.0, 22.61, 9999.0, 22.8, 22.5, 22.25, 22.34, 22.27
2026-09-08, 23:32:48, 22.27, 22.5, 22.75, 22.75, 9999.0, 9999.0, 9999.0, 23.8, 9999.0, 22.64, 9999.0, 22.8, 22.5, 22.25, 22.34, 22.27
2026-09-08, 23:32:52, 22.27, 22.5, 22.75, 22.75, 9999.0, 9999.0, 9999.0, 23.82, 9999.0, 22.66, 9999.0, 22.8, 22.5, 22.25, 22.34, 22.27
2026-09-08, 23:32:56, 22.27, 22.5, 22.75, 22.75, 9999.0, 9999.0, 9999.0, 23.84, 9999.0, 22.68, 9999.0, 22.8, 22.5, 22.25, 22.34, 22.25
2026-09-08, 23:33:00, 22.25, 22.5, 22.75, 22.75, 9999.0, 9999.0, 9999.0, 23.89, 9999.0, 22.7, 9999.0, 22.77, 22.5, 22.25, 22.36, 22.25
2026-09-08, 23:33:04, 22.25, 22.5, 22.75, 22.75, 9999.0, 9999.0, 9999.0, 23.91, 9999.0, 22.73, 9999.0, 22.75, 22.5, 22.25, 22.34, 22.25
2026-09-08, 23:33:08, 22.25, 22.5, 22.75, 22.75, 9999.0, 9999.0, 9999.0, 23.93, 9999.0, 22.75, 9999.0, 22.73, 22.5, 22.25, 22.34, 22.25
2026-09-08, 23:33:12, 22.25, 22.5, 22.75, 22.75, 9999.0, 9999.0, 9999.0, 23.95, 9999.0, 22.75, 9999.0, 22.7, 22.5, 22.25, 22.32, 22.25
2026-09-08, 23:33:16, 22.25, 22.5, 22.75, 22.75, 9999.0, 9999.0, 9999.0, 23.98, 9999.0, 22.75, 9999.0, 22.68, 22.5, 22.25, 22.32, 22.25
2026-09-08, 23:33:20, 22.25, 22.5, 22.75, 22.75, 9999.0, 9999.0, 9999.0, 24.0, 9999.0, 22.75, 9999.0, 22.66, 22.5, 22.25, 22.3, 22.25
2026-09-08, 23:33:24, 22.25, 22.5, 22.75, 22.75, 9999.0, 9999.0, 9999.0, 24.05, 9999.0, 22.73, 9999.0, 22.66, 22.5, 22.25, 22.3, 22.25
2026-09-08, 23:33:28, 22.25, 22.5, 22.75, 22.75, 9999.0, 9999.0, 9999.0, 24.09, 9999.0, 22.7, 9999.0, 22.66, 22.5, 22.25, 22.32, 22.25
2026-09-08, 23:33:32, 22.25, 22.5, 22.75, 22.75, 9999.0, 9999.0, 9999.0, 24.07, 9999.0, 22.68, 9999.0, 22.66, 22.5, 22.25, 22.32, 22.25
2026-09-08, 23:33:36, 22.25, 22.5, 22.75, 22.75, 9999.0, 9999.0, 9999.0, 24.02, 9999.0, 22.66, 9999.0, 22.68, 22.5, 22.25, 22.32, 22.25
2026-09-08, 23:33:40, 22.25, 22.5, 22.75, 22.75, 9999.0, 9999.0, 9999.0, 24.0, 9999.0, 22.64, 9999.0, 22.68, 22.5, 22.25, 22.32, 22.25
2026-09-08, 23:33:44, 22.25, 22.5, 22.75, 22.75, 9999.0, 9999.0, 9999.0, 23.95, 9999.0, 22.64, 9999.0, 22.68, 22.5, 22.25, 22.3, 22.25
2026-09-08, 23:33:48, 22.25, 22.5, 22.75, 22.75, 9999.0, 9999.0, 9999.0, 23.93, 9999.0, 22.64, 9999.0, 22.68, 22.5, 22.25, 22.3, 22.25
2026-09-08, 23:33:52, 22.25, 22.5, 22.75, 22.75, 9999.0, 9999.0, 9999.0, 23.91, 9999.0, 22.64, 9999.0, 22.7, 22.5, 22.25, 22.3, 22.25
2026-09-08, 23:33:56, 22.25, 22.5, 22.75, 22.75, 9999.0, 9999.0, 9999.0, 23.89, 9999.0, 22.66, 9999.0, 22.73, 22.5, 22.25, 22.3, 22.25
2026-09-08, 23:34:00, 22.25, 22.5, 22.75, 22.75, 9999.0, 9999.0, 9999.0, 23.86, 9999.0, 22.68, 9999.0, 22.75, 22.5, 22.25, 22.3, 22.25
2026-09-08, 23:34:04, 22.25, 22.5, 22.75, 22.75, 9999.0, 9999.0, 9999.0, 23.91, 9999.0, 22.68, 9999.0, 22.77, 22.5, 22.25, 22.3, 22.25
2026-09-08, 23:34:08, 22.25, 22.5, 22.75, 22.75, 9999.0, 9999.0, 9999.0, 23.95, 9999.0, 22.7, 9999.0, 22.77, 22.5, 22.25, 22.27, 22.25
2026-09-08, 23:34:12, 22.25, 22.5, 22.75, 22.75, 9999.0, 9999.0, 9999.0, 23.98, 9999.0, 22.73, 9999.0, 22.77, 22.5, 22.25, 22.25, 22.25
2026-09-08, 23:34:16, 22.25, 22.5, 22.75, 22.75, 9999.0, 9999.0, 9999.0, 24.0, 9999.0, 22.75, 9999.0, 22.77, 22.5, 22.25, 22.25, 22.25
2026-09-08, 23:34:20, 22.25, 22.5, 22.75, 22.75, 9999.0, 9999.0, 9999.0, 24.05, 9999.0, 22.77, 9999.0, 22.73, 22.5, 22.25, 22.25, 22.25
2026-09-08, 23:34:25, 22.25, 22.5, 22.75, 22.75, 9999.0, 9999.0, 9999.0, 24.05, 9999.0, 22.8, 9999.0, 22.7, 22.5, 22.25, 22.25, 22.25
2026-09-08, 23:34:29, 22.25, 22.5, 22.75, 22.75, 9999.0, 9999.0, 9999.0, 24.07, 9999.0, 22.8, 9999.0, 22.68, 22.5, 22.25, 22.25, 22.25
2026-09-08, 23:34:33, 22.25, 22.5, 22.75, 22.75, 9999.0, 9999.0, 9999.0, 24.09, 9999.0, 22.8, 9999.0, 22.66, 22.5, 22.25, 22.25, 22.25
2026-09-08, 23:34:37, 22.25, 22.5, 22.75, 22.75, 9999.0, 9999.0, 9999.0, 24.14, 9999.0, 22.8, 9999.0, 22.64, 22.5, 22.25, 22.25, 22.25
2026-09-08, 23:34:41, 22.25, 22.5, 22.75, 22.75, 9999.0, 9999.0, 9999.0, 24.16, 9999.0, 22.77, 9999.0, 22.64, 22.5, 22.25, 22.25, 22.25
2026-09-08, 23:34:45, 22.25, 22.5, 22.75, 22.75, 9999.0, 9999.0, 9999.0, 24.18, 9999.0, 22.75, 9999.0, 22.64, 22.5, 22.25, 22.25, 22.25
2026-09-08, 23:34:49, 22.25, 22.5, 22.75, 22.75, 9999.0, 9999.0, 9999.0, 24.14, 9999.0, 22.73, 9999.0, 22.64, 22.5, 22.25, 22.25, 22.25
2026-09-08, 23:34:53, 22.25, 22.5, 22.75, 22.75, 9999.0, 9999.0, 9999.0, 24.07, 9999.0, 22.7, 9999.0, 22.64, 22.5, 22.25, 22.25, 22.25
2026-09-08, 23:34:57, 22.25, 22.5, 22.75, 22.75, 9999.0, 9999.0, 9999.0, 24.02, 9999.0, 22.68, 9999.0, 22.64, 22.5, 22.25, 22.25, 22.25
2026-09-08, 23:35:01, 22.25, 22.5, 22.75, 22.75, 9999.0, 9999.0, 9999.0, 23.98, 9999.0, 22.68, 9999.0, 22.64, 22.5, 22.25, 22.25, 22.25
2026-09-08, 23:35:05, 22.25, 22.5, 22.75, 22.75, 9999.0, 9999.0, 9999.0, 23.93, 9999.0, 22.68, 9999.0, 22.66, 22.5, 22.25, 22.25, 22.25
2026-09-08, 23:35:09, 22.25, 22.5, 22.75, 22.75, 9999.0, 9999.0, 9999.0, 23.91, 9999.0, 22.68, 9999.0, 22.68, 22.5, 22.25, 22.25, 22.25
2026-09-08, 23:35:13, 22.25, 22.5, 22.75, 22.75, 9999.0, 9999.0, 9999.0, 23.89, 9999.0, 22.68, 9999.0, 22.7, 22.5, 22.25, 22.25, 22.25
2026-09-08, 23:35:17, 22.25, 22.5, 22.75, 22.75, 9999.0, 9999.0, 9999.0, 23.86, 9999.0, 22.68, 9999.0, 22.73, 22.5, 22.25, 22.25, 22.25
2026-09-08, 23:35:21, 22.25, 22.5, 22.75, 22.75, 9999.0, 9999.0, 9999.0, 23.82, 9999.0, 22.68, 9999.0, 22.75, 22.5, 22.25, 22.25, 22.25
2026-09-08, 23:35:25, 22.25, 22.5, 22.75, 22.75, 9999.0, 9999.0, 9999.0, 23.84, 9999.0, 22.68, 9999.0, 22.75, 22.5, 22.25, 22.25, 22.25
2026-09-08, 23:35:29, 22.25, 22.5, 22.75, 22.75, 9999.0, 9999.0, 9999.0, 23.86, 9999.0, 22.68, 9999.0, 22.75, 22.5, 22.25, 22.25, 22.25
2026-09-08, 23:35:33, 22.25, 22.5, 22.75, 22.75, 9999.0, 9999.0, 9999.0, 23.89, 9999.0, 22.7, 9999.0, 22.75, 22.5, 22.25, 22.25, 22.25
2026-09-08, 23:35:37, 22.27, 22.5, 22.75, 22.75, 9999.0, 9999.0, 9999.0, 23.91, 9999.0, 22.7, 9999.0, 22.75, 22.5, 22.25, 22.27, 22.25
2026-09-08, 23:35:41, 22.27, 22.5, 22.75, 22.75, 9999.0, 9999.0, 9999.0, 23.93, 9999.0, 22.7, 9999.0, 22.73, 22.5, 22.25, 22.27, 22.25
2026-09-08, 23:35:45, 22.27, 22.5, 22.75, 22.75, 9999.0, 9999.0, 9999.0, 23.95, 9999.0, 22.68, 9999.0, 22.7, 22.5, 22.25, 22.27, 22.25
2026-09-08, 23:35:49, 22.27, 22.5, 22.75, 22.75, 9999.0, 9999.0, 9999.0, 23.98, 9999.0, 22.66, 9999.0, 22.68, 22.5, 22.25, 22.27, 22.25
2026-09-08, 23:35:53, 22.27, 22.5, 22.75, 22.75, 9999.0, 9999.0, 9999.0, 24.0, 9999.0, 22.64, 9999.0, 22.66, 22.5, 22.25, 22.27, 22.25
2026-09-08, 23:35:57, 22.27, 22.5, 22.75, 22.75, 9999.0, 9999.0, 9999.0, 24.02, 9999.0, 22.61, 9999.0, 22.64, 22.5, 22.25, 22.27, 22.25
2026-09-08, 23:36:01, 22.27, 22.5, 22.75, 22.75, 9999.0, 9999.0, 9999.0, 24.05, 9999.0, 22.59, 9999.0, 22.64, 22.5, 22.25, 22.27, 22.25
2026-09-08, 23:36:05, 22.27, 22.5, 22.75, 22.75, 9999.0, 9999.0, 9999.0, 24.05, 9999.0, 22.57, 9999.0, 22.64, 22.5, 22.25, 22.27, 22.25
2026-09-08, 23:36:09, 22.27, 22.5, 22.75, 22.75, 9999.0, 9999.0, 9999.0, 24.0, 9999.0, 22.55, 9999.0, 22.66, 22.5, 22.25, 22.27, 22.25
2026-09-08, 23:36:13, 22.27, 22.5, 22.75, 22.75, 9999.0, 9999.0, 9999.0, 23.95, 9999.0, 22.52, 9999.0, 22.66, 22.5, 22.25, 22.27, 22.25
2026-09-08, 23:36:17, 22.27, 22.5, 22.75, 22.75, 9999.0, 9999.0, 9999.0, 23.91, 9999.0, 22.5, 9999.0, 22.66, 22.5, 22.25, 22.27, 22.25
2026-09-08, 23:36:21, 22.25, 22.5, 22.75, 22.75, 9999.0, 9999.0, 9999.0, 23.89, 9999.0, 22.52, 9999.0, 22.66, 22.5, 22.25, 22.25, 22.25
2026-09-08, 23:36:25, 22.25, 22.5, 22.75, 22.75, 9999.0, 9999.0, 9999.0, 23.86, 9999.0, 22.52, 9999.0, 22.68, 22.5, 22.25, 22.25, 22.25
2026-09-08, 23:36:29, 22.25, 22.5, 22.75, 22.75, 9999.0, 9999.0, 9999.0, 23.82, 9999.0, 22.55, 9999.0, 22.7, 22.5, 22.25, 22.25, 22.25
2026-09-08, 23:36:33, 22.25, 22.5, 22.75, 22.75, 9999.0, 9999.0, 9999.0, 23.8, 9999.0, 22.57, 9999.0, 22.73, 22.5, 22.25, 22.25, 22.25
2026-09-08, 23:36:37, 22.27, 22.5, 22.75, 22.75, 9999.0, 9999.0, 9999.0, 23.75, 9999.0, 22.59, 9999.0, 22.75, 22.5, 22.25, 22.25, 22.25
2026-09-08, 23:36:41, 22.3, 22.5, 22.75, 22.75, 9999.0, 9999.0, 9999.0, 23.77, 9999.0, 22.61, 9999.0, 22.77, 22.5, 22.25, 22.25, 22.25
2026-09-08, 23:36:45, 22.3, 22.5, 22.75, 22.75, 9999.0, 9999.0, 9999.0, 23.8, 9999.0, 22.64, 9999.0, 22.75, 22.5, 22.25, 22.25, 22.25
2026-09-08, 23:36:49, 22.3, 22.5, 22.75, 22.75, 9999.0, 9999.0, 9999.0, 23.84, 9999.0, 22.66, 9999.0, 22.75, 22.5, 22.25, 22.25, 22.25
2026-09-08, 23:36:53, 22.3, 22.5, 22.75, 22.75, 9999.0, 9999.0, 9999.0, 23.89, 9999.0, 22.68, 9999.0, 22.7, 22.5, 22.25, 22.25, 22.25
2026-09-08, 23:36:57, 22.3, 22.5, 22.75, 22.75, 9999.0, 9999.0, 9999.0, 23.93, 9999.0, 22.7, 9999.0, 22.68, 22.5, 22.25, 22.25, 22.25
2026-09-08, 23:37:01, 22.3, 22.5, 22.75, 22.75, 9999.0, 9999.0, 9999.0, 23.95, 9999.0, 22.73, 9999.0, 22.66, 22.5, 22.25, 22.25, 22.25
2026-09-08, 23:37:05, 22.3, 22.5, 22.75, 22.75, 9999.0, 9999.0, 9999.0, 23.98, 9999.0, 22.73, 9999.0, 22.64, 22.5, 22.25, 22.25, 22.25
2026-09-08, 23:37:09, 22.3, 22.5, 22.75, 22.75, 9999.0, 9999.0, 9999.0, 24.0, 9999.0, 22.73, 9999.0, 22.61, 22.5, 22.25, 22.25, 22.25
2026-09-08, 23:37:13, 22.3, 22.5, 22.75, 22.75, 9999.0, 9999.0, 9999.0, 24.05, 9999.0, 22.7, 9999.0, 22.59, 22.5, 22.25, 22.25, 22.25
2026-09-08, 23:37:17, 22.3, 22.5, 22.75, 22.75, 9999.0, 9999.0, 9999.0, 24.07, 9999.0, 22.68, 9999.0, 22.59, 22.5, 22.25, 22.25, 22.25
2026-09-08, 23:37:21, 22.27, 22.5, 22.75, 22.75, 9999.0, 9999.0, 9999.0, 24.11, 9999.0, 22.66, 9999.0, 22.59, 22.5, 22.25, 22.25, 22.25
2026-09-08, 23:37:25, 22.27, 22.5, 22.75, 22.75, 9999.0, 9999.0, 9999.0, 24.09, 9999.0, 22.64, 9999.0, 22.59, 22.5, 22.25, 22.25, 22.25
2026-09-08, 23:37:29, 22.27, 22.5, 22.75, 22.75, 9999.0, 9999.0, 9999.0, 24.07, 9999.0, 22.61, 9999.0, 22.61, 22.5, 22.25, 22.25, 22.25
2026-09-08, 23:37:33, 22.27, 22.5, 22.75, 22.75, 9999.0, 9999.0, 9999.0, 24.05, 9999.0, 22.59, 9999.0, 22.61, 22.5, 22.25, 22.25, 22.25
2026-09-08, 23:37:37, 22.27, 22.5, 22.75, 22.75, 9999.0, 9999.0, 9999.0, 24.0, 9999.0, 22.59, 9999.0, 22.64, 22.5, 22.25, 22.25, 22.25
2026-09-08, 23:37:41, 22.3, 22.5, 22.75, 22.75, 9999.0, 9999.0, 9999.0, 23.95, 9999.0, 22.59, 9999.0, 22.66, 22.5, 22.25, 22.25, 22.25
2026-09-08, 23:37:45, 22.3, 22.5, 22.75, 22.75, 9999.0, 9999.0, 9999.0, 23.93, 9999.0, 22.57, 9999.0, 22.68, 22.5, 22.25, 22.25, 22.25
2026-09-08, 23:37:49, 22.3, 22.5, 22.75, 22.75, 9999.0, 9999.0, 9999.0, 23.91, 9999.0, 22.57, 9999.0, 22.7, 22.5, 22.25, 22.25, 22.25
2026-09-08, 23:37:53, 22.3, 22.5, 22.75, 22.75, 9999.0, 9999.0, 9999.0, 23.86, 9999.0, 22.59, 9999.0, 22.73, 22.5, 22.25, 22.27, 22.25
2026-09-08, 23:37:57, 22.3, 22.5, 22.75, 22.75, 9999.0, 9999.0, 9999.0, 23.91, 9999.0, 22.61, 9999.0, 22.75, 22.5, 22.25, 22.3, 22.25
2026-09-08, 23:38:01, 22.3, 22.5, 22.75, 22.75, 9999.0, 9999.0, 9999.0, 23.93, 9999.0, 22.64, 9999.0, 22.75, 22.5, 22.25, 22.3, 22.25
2026-09-08, 23:38:05, 22.3, 22.5, 22.75, 22.75, 9999.0, 9999.0, 9999.0, 23.95, 9999.0, 22.64, 9999.0, 22.73, 22.5, 22.25, 22.3, 22.25
2026-09-08, 23:38:09, 22.27, 22.5, 22.75, 22.75, 9999.0, 9999.0, 9999.0, 23.98, 9999.0, 22.64, 9999.0, 22.73, 22.5, 22.25, 22.3, 22.25
2026-09-08, 23:38:14, 22.27, 22.5, 22.75, 22.75, 9999.0, 9999.0, 9999.0, 23.98, 9999.0, 22.64, 9999.0, 22.7, 22.5, 22.25, 22.3, 22.25
2026-09-08, 23:38:18, 22.27, 22.5, 22.75, 22.75, 9999.0, 9999.0, 9999.0, 23.98, 9999.0, 22.64, 9999.0, 22.68, 22.5, 22.25, 22.3, 22.25
2026-09-08, 23:38:22, 22.27, 22.5, 22.75, 22.75, 9999.0, 9999.0, 9999.0, 24.02, 9999.0, 22.61, 9999.0, 22.66, 22.5, 22.25, 22.3, 22.25
2026-09-08, 23:38:26, 22.25, 22.5, 22.75, 22.75, 9999.0, 9999.0, 9999.0, 24.05, 9999.0, 22.59, 9999.0, 22.66, 22.48, 22.25, 22.3, 22.25
2026-09-08, 23:38:30, 22.25, 22.5, 22.75, 22.75, 9999.0, 9999.0, 9999.0, 24.07, 9999.0, 22.59, 9999.0, 22.64, 22.48, 22.25, 22.3, 22.25
2026-09-08, 23:38:34, 22.25, 22.5, 22.75, 22.75, 9999.0, 9999.0, 9999.0, 24.09, 9999.0, 22.57, 9999.0, 22.61, 22.48, 22.25, 22.3, 22.25
2026-09-08, 23:38:38, 22.25, 22.5, 22.75, 22.75, 9999.0, 9999.0, 9999.0, 24.14, 9999.0, 22.55, 9999.0, 22.61, 22.48, 22.25, 22.27, 22.25
2026-09-08, 23:38:42, 22.25, 22.5, 22.75, 22.75, 9999.0, 9999.0, 9999.0, 24.07, 9999.0, 22.52, 9999.0, 22.61, 22.48, 22.25, 22.25, 22.25
2026-09-08, 23:38:46, 22.25, 22.5, 22.75, 22.75, 9999.0, 9999.0, 9999.0, 24.02, 9999.0, 22.5, 9999.0, 22.64, 22.48, 22.25, 22.25, 22.25
2026-09-08, 23:38:50, 22.25, 22.5, 22.75, 22.75, 9999.0, 9999.0, 9999.0, 23.98, 9999.0, 22.5, 9999.0, 22.66, 22.48, 22.25, 22.25, 22.25
2026-09-08, 23:38:54, 22.25, 22.5, 22.75, 22.75, 9999.0, 9999.0, 9999.0, 23.93, 9999.0, 22.48, 9999.0, 22.66, 22.48, 22.25, 22.27, 22.25
2026-09-08, 23:38:58, 22.25, 22.5, 22.75, 22.75, 9999.0, 9999.0, 9999.0, 23.91, 9999.0, 22.48, 9999.0, 22.68, 22.48, 22.25, 22.3, 22.25
2026-09-08, 23:39:02, 22.25, 22.5, 22.75, 22.75, 9999.0, 9999.0, 9999.0, 23.89, 9999.0, 22.5, 9999.0, 22.7, 22.48, 22.25, 22.3, 22.25
2026-09-08, 23:39:06, 22.25, 22.5, 22.75, 22.75, 9999.0, 9999.0, 9999.0, 23.82, 9999.0, 22.52, 9999.0, 22.73, 22.48, 22.25, 22.3, 22.25
2026-09-08, 23:39:10, 22.25, 22.5, 22.75, 22.75, 9999.0, 9999.0, 9999.0, 23.77, 9999.0, 22.55, 9999.0, 22.73, 22.5, 22.25, 22.3, 22.25
2026-09-08, 23:39:14, 22.25, 22.5, 22.75, 22.75, 9999.0, 9999.0, 9999.0, 23.73, 9999.0, 22.55, 9999.0, 22.75, 22.5, 22.25, 22.3, 22.25
2026-09-08, 23:39:18, 22.25, 22.5, 22.75, 22.75, 9999.0, 9999.0, 9999.0, 23.75, 9999.0, 22.55, 9999.0, 22.77, 22.5, 22.25, 22.3, 22.25
2026-09-08, 23:39:22, 22.25, 22.5, 22.75, 22.75, 9999.0, 9999.0, 9999.0, 23.77, 9999.0, 22.55, 9999.0, 22.77, 22.5, 22.25, 22.3, 22.25
2026-09-08, 23:39:26, 22.25, 22.5, 22.75, 22.75, 9999.0, 9999.0, 9999.0, 23.8, 9999.0, 22.55, 9999.0, 22.75, 22.5, 22.25, 22.3, 22.25
2026-09-08, 23:39:30, 22.25, 22.5, 22.75, 22.75, 9999.0, 9999.0, 9999.0, 23.82, 9999.0, 22.55, 9999.0, 22.73, 22.5, 22.25, 22.3, 22.25
2026-09-08, 23:39:34, 22.25, 22.5, 22.75, 22.75, 9999.0, 9999.0, 9999.0, 23.84, 9999.0, 22.52, 9999.0, 22.73, 22.5, 22.25, 22.3, 22.25
2026-09-08, 23:39:38, 22.25, 22.5, 22.75, 22.75, 9999.0, 9999.0, 9999.0, 23.86, 9999.0, 22.52, 9999.0, 22.7, 22.5, 22.25, 22.27, 22.25
2026-09-08, 23:39:42, 22.25, 22.5, 22.75, 22.75, 9999.0, 9999.0, 9999.0, 23.86, 9999.0, 22.5, 9999.0, 22.7, 22.5, 22.25, 22.25, 22.25
2026-09-08, 23:39:46, 22.25, 22.5, 22.75, 22.75, 9999.0, 9999.0, 9999.0, 23.86, 9999.0, 22.45, 9999.0, 22.68, 22.5, 22.25, 22.25, 22.25
2026-09-08, 23:39:50, 22.25, 22.5, 22.75, 22.75, 9999.0, 9999.0, 9999.0, 23.91, 9999.0, 22.41, 9999.0, 22.66, 22.5, 22.25, 22.25, 22.25
2026-09-08, 23:39:54, 22.25, 22.5, 22.75, 22.75, 9999.0, 9999.0, 9999.0, 23.93, 9999.0, 22.36, 9999.0, 22.66, 22.5, 22.25, 22.25, 22.25
2026-09-08, 23:39:58, 22.25, 22.5, 22.75, 22.75, 9999.0, 9999.0, 9999.0, 23.95, 9999.0, 22.34, 9999.0, 22.66, 22.5, 22.25, 22.25, 22.25
2026-09-08, 23:40:02, 22.25, 22.5, 22.75, 22.75, 9999.0, 9999.0, 9999.0, 23.91, 9999.0, 22.32, 9999.0, 22.66, 22.5, 22.25, 22.25, 22.25
2026-09-08, 23:40:06, 22.25, 22.5, 22.75, 22.75, 9999.0, 9999.0, 9999.0, 23.86, 9999.0, 22.3, 9999.0, 22.68, 22.5, 22.25, 22.25, 22.25
2026-09-08, 23:40:10, 22.27, 22.5, 22.75, 22.75, 9999.0, 9999.0, 9999.0, 23.84, 9999.0, 22.25, 9999.0, 22.7, 22.5, 22.25, 22.25, 22.25
2026-09-08, 23:40:14, 22.27, 22.5, 22.75, 22.75, 9999.0, 9999.0, 9999.0, 23.82, 9999.0, 22.23, 9999.0, 22.7, 22.5, 22.25, 22.25, 22.25
2026-09-08, 23:40:18, 22.27, 22.5, 22.75, 22.75, 9999.0, 9999.0, 9999.0, 23.77, 9999.0, 22.23, 9999.0, 22.7, 22.5, 22.25, 22.25, 22.25
2026-09-08, 23:40:22, 22.3, 22.5, 22.75, 22.75, 9999.0, 9999.0, 9999.0, 23.75, 9999.0, 22.23, 9999.0, 22.73, 22.5, 22.25, 22.25, 22.25
2026-09-08, 23:40:26, 22.3, 22.5, 22.75, 22.75, 9999.0, 9999.0, 9999.0, 23.73, 9999.0, 22.25, 9999.0, 22.73, 22.5, 22.25, 22.25, 22.25
2026-09-08, 23:40:30, 22.3, 22.5, 22.75, 22.75, 9999.0, 9999.0, 9999.0, 23.7, 9999.0, 22.27, 9999.0, 22.75, 22.5, 22.25, 22.25, 22.25
2026-09-08, 23:40:34, 22.3, 22.5, 22.75, 22.75, 9999.0, 9999.0, 9999.0, 23.66, 9999.0, 22.3, 9999.0, 22.77, 22.5, 22.25, 22.25, 22.25
2026-09-08, 23:40:38, 22.3, 22.5, 22.75, 22.75, 9999.0, 9999.0, 9999.0, 23.7, 9999.0, 22.32, 9999.0, 22.77, 22.5, 22.25, 22.25, 22.27
2026-09-08, 23:40:42, 22.3, 22.5, 22.75, 22.75, 9999.0, 9999.0, 9999.0, 23.75, 9999.0, 22.34, 9999.0, 22.77, 22.5, 22.25, 22.25, 22.27
2026-09-08, 23:40:46, 22.32, 22.5, 22.75, 22.75, 9999.0, 9999.0, 9999.0, 23.77, 9999.0, 22.34, 9999.0, 22.77, 22.5, 22.25, 22.25, 22.27
2026-09-08, 23:40:50, 22.32, 22.5, 22.75, 22.75, 9999.0, 9999.0, 9999.0, 23.8, 9999.0, 22.34, 9999.0, 22.75, 22.5, 22.25, 22.25, 22.27
2026-09-08, 23:40:54, 22.32, 22.5, 22.75, 22.75, 9999.0, 9999.0, 9999.0, 23.82, 9999.0, 22.36, 9999.0, 22.73, 22.5, 22.25, 22.25, 22.27
2026-09-08, 23:40:58, 22.32, 22.5, 22.75, 22.75, 9999.0, 9999.0, 9999.0, 23.82, 9999.0, 22.34, 9999.0, 22.73, 22.5, 22.25, 22.25, 22.27
2026-09-08, 23:41:02, 22.32, 22.5, 22.75, 22.75, 9999.0, 9999.0, 9999.0, 23.84, 9999.0, 22.34, 9999.0, 22.7, 22.5, 22.25, 22.25, 22.27
2026-09-08, 23:41:06, 22.3, 22.5, 22.75, 22.75, 9999.0, 9999.0, 9999.0, 23.84, 9999.0, 22.34, 9999.0, 22.68, 22.5, 22.25, 22.25, 22.27
2026-09-08, 23:41:10, 22.3, 22.5, 22.75, 22.75, 9999.0, 9999.0, 9999.0, 23.86, 9999.0, 22.32, 9999.0, 22.66, 22.5, 22.25, 22.25, 22.27
2026-09-08, 23:41:14, 22.3, 22.5, 22.75, 22.75, 9999.0, 9999.0, 9999.0, 23.89, 9999.0, 22.3, 9999.0, 22.66, 22.5, 22.25, 22.25, 22.27
2026-09-08, 23:41:18, 22.3, 22.5, 22.75, 22.75, 9999.0, 9999.0, 9999.0, 23.91, 9999.0, 22.27, 9999.0, 22.66, 22.5, 22.25, 22.25, 22.27
2026-09-08, 23:41:22, 22.3, 22.5, 22.75, 22.75, 9999.0, 9999.0, 9999.0, 23.84, 9999.0, 22.25, 9999.0, 22.66, 22.5, 22.25, 22.25, 22.25
2026-09-08, 23:41:26, 22.3, 22.5, 22.75, 22.75, 9999.0, 9999.0, 9999.0, 23.77, 9999.0, 22.2, 9999.0, 22.66, 22.5, 22.25, 22.25, 22.25
2026-09-08, 23:41:30, 22.27, 22.5, 22.75, 22.75, 9999.0, 9999.0, 9999.0, 23.73, 9999.0, 22.2, 9999.0, 22.66, 22.5, 22.25, 22.25, 22.25
2026-09-08, 23:41:34, 22.27, 22.5, 22.75, 22.75, 9999.0, 9999.0, 9999.0, 23.7, 9999.0, 22.2, 9999.0, 22.66, 22.5, 22.25, 22.25, 22.25
2026-09-08, 23:41:38, 22.25, 22.5, 22.75, 22.75, 9999.0, 9999.0, 9999.0, 23.66, 9999.0, 22.2, 9999.0, 22.68, 22.5, 22.25, 22.25, 22.25
2026-09-08, 23:41:42, 22.25, 22.5, 22.75, 22.75, 9999.0, 9999.0, 9999.0, 23.64, 9999.0, 22.23, 9999.0, 22.68, 22.5, 22.25, 22.25, 22.25
2026-09-08, 23:41:46, 22.25, 22.5, 22.75, 22.75, 9999.0, 9999.0, 9999.0, 23.61, 9999.0, 22.25, 9999.0, 22.7, 22.5, 22.25, 22.25, 22.25
2026-09-08, 23:41:50, 22.25, 22.5, 22.75, 22.75, 9999.0, 9999.0, 9999.0, 23.57, 9999.0, 22.27, 9999.0, 22.73, 22.5, 22.25, 22.25, 22.25
2026-09-08, 23:41:54, 22.25, 22.5, 22.75, 22.75, 9999.0, 9999.0, 9999.0, 23.59, 9999.0, 22.3, 9999.0, 22.75, 22.5, 22.25, 22.25, 22.25
2026-09-08, 23:41:58, 22.25, 22.5, 22.75, 22.75, 9999.0, 9999.0, 9999.0, 23.61, 9999.0, 22.3, 9999.0, 22.75, 22.5, 22.25, 22.25, 22.25
2026-09-08, 23:42:02, 22.27, 22.5, 22.75, 22.75, 9999.0, 9999.0, 9999.0, 23.64, 9999.0, 22.3, 9999.0, 22.75, 22.5, 22.25, 22.25, 22.25
2026-09-08, 23:42:06, 22.27, 22.5, 22.75, 22.75, 9999.0, 9999.0, 9999.0, 23.68, 9999.0, 22.3, 9999.0, 22.73, 22.5, 22.25, 22.25, 22.25
2026-09-08, 23:42:11, 22.27, 22.5, 22.75, 22.75, 9999.0, 9999.0, 9999.0, 23.73, 9999.0, 22.32, 9999.0, 22.73, 22.5, 22.25, 22.25, 22.25
2026-09-08, 23:42:15, 22.27, 22.5, 22.75, 22.75, 9999.0, 9999.0, 9999.0, 23.75, 9999.0, 22.32, 9999.0, 22.7, 22.5, 22.25, 22.25, 22.25
2026-09-08, 23:42:19, 22.27, 22.5, 22.75, 22.75, 9999.0, 9999.0, 9999.0, 23.75, 9999.0, 22.32, 9999.0, 22.68, 22.5, 22.25, 22.25, 22.27
2026-09-08, 23:42:23, 22.27, 22.5, 22.75, 22.75, 9999.0, 9999.0, 9999.0, 23.77, 9999.0, 22.32, 9999.0, 22.66, 22.5, 22.25, 22.25, 22.27
2026-09-08, 23:42:27, 22.27, 22.5, 22.75, 22.75, 9999.0, 9999.0, 9999.0, 23.8, 9999.0, 22.32, 9999.0, 22.66, 22.5, 22.25, 22.25, 22.27
2026-09-08, 23:42:31, 22.27, 22.5, 22.75, 22.75, 9999.0, 9999.0, 9999.0, 23.82, 9999.0, 22.27, 9999.0, 22.66, 22.5, 22.25, 22.25, 22.27
2026-09-08, 23:42:35, 22.27, 22.5, 22.75, 22.75, 9999.0, 9999.0, 9999.0, 23.86, 9999.0, 22.23, 9999.0, 22.66, 22.5, 22.25, 22.25, 22.27
2026-09-08, 23:42:39, 22.27, 22.5, 22.75, 22.75, 9999.0, 9999.0, 9999.0, 23.84, 9999.0, 22.18, 9999.0, 22.66, 22.48, 22.25, 22.25, 22.27
2026-09-08, 23:42:43, 22.27, 22.5, 22.75, 22.75, 9999.0, 9999.0, 9999.0, 23.8, 9999.0, 22.16, 9999.0, 22.68, 22.48, 22.25, 22.25, 22.27
2026-09-08, 23:42:47, 22.25, 22.5, 22.75, 22.75, 9999.0, 9999.0, 9999.0, 23.75, 9999.0, 22.14, 9999.0, 22.7, 22.48, 22.25, 22.25, 22.27
2026-09-08, 23:42:51, 22.25, 22.5, 22.75, 22.75, 9999.0, 9999.0, 9999.0, 23.7, 9999.0, 22.09, 9999.0, 22.73, 22.48, 22.25, 22.27, 22.27
2026-09-08, 23:42:55, 22.25, 22.5, 22.75, 22.75, 9999.0, 9999.0, 9999.0, 23.66, 9999.0, 22.09, 9999.0, 22.73, 22.48, 22.25, 22.27, 22.27
2026-09-08, 23:42:59, 22.25, 22.5, 22.75, 22.75, 9999.0, 9999.0, 9999.0, 23.64, 9999.0, 22.09, 9999.0, 22.75, 22.48, 22.25, 22.3, 22.27
2026-09-08, 23:43:03, 22.25, 22.5, 22.75, 22.75, 9999.0, 9999.0, 9999.0, 23.61, 9999.0, 22.11, 9999.0, 22.77, 22.48, 22.25, 22.32, 22.25
2026-09-08, 23:43:07, 22.25, 22.5, 22.75, 22.75, 9999.0, 9999.0, 9999.0, 23.57, 9999.0, 22.14, 9999.0, 22.8, 22.48, 22.25, 22.32, 22.25
2026-09-08, 23:43:11, 22.25, 22.5, 22.75, 22.75, 9999.0, 9999.0, 9999.0, 23.55, 9999.0, 22.14, 9999.0, 22.8, 22.48, 22.25, 22.32, 22.25
2026-09-08, 23:43:15, 22.25, 22.5, 22.75, 22.75, 9999.0, 9999.0, 9999.0, 23.59, 9999.0, 22.16, 9999.0, 22.8, 22.48, 22.25, 22.32, 22.25
2026-09-08, 23:43:19, 22.25, 22.5, 22.75, 22.75, 9999.0, 9999.0, 9999.0, 23.61, 9999.0, 22.18, 9999.0, 22.77, 22.48, 22.25, 22.32, 22.25
2026-09-08, 23:43:23, 22.25, 22.5, 22.75, 22.75, 9999.0, 9999.0, 9999.0, 23.64, 9999.0, 22.2, 9999.0, 22.77, 22.5, 22.25, 22.32, 22.25
2026-09-08, 23:43:27, 22.25, 22.5, 22.75, 22.75, 9999.0, 9999.0, 9999.0, 23.68, 9999.0, 22.23, 9999.0, 22.73, 22.5, 22.25, 22.32, 22.27
2026-09-08, 23:43:31, 22.25, 22.5, 22.75, 22.75, 9999.0, 9999.0, 9999.0, 23.7, 9999.0, 22.25, 9999.0, 22.7, 22.5, 22.25, 22.32, 22.27
2026-09-08, 23:43:35, 22.25, 22.5, 22.75, 22.75, 9999.0, 9999.0, 9999.0, 23.73, 9999.0, 22.3, 9999.0, 22.7, 22.5, 22.25, 22.3, 22.27
2026-09-08, 23:43:39, 22.25, 22.5, 22.75, 22.75, 9999.0, 9999.0, 9999.0, 23.75, 9999.0, 22.3, 9999.0, 22.68, 22.5, 22.25, 22.3, 22.27
2026-09-08, 23:43:43, 22.25, 22.5, 22.75, 22.75, 9999.0, 9999.0, 9999.0, 23.77, 9999.0, 22.3, 9999.0, 22.66, 22.5, 22.25, 22.27, 22.27
2026-09-08, 23:43:47, 22.25, 22.48, 22.75, 22.75, 9999.0, 9999.0, 9999.0, 23.8, 9999.0, 22.25, 9999.0, 22.64, 22.5, 22.25, 22.25, 22.27
2026-09-08, 23:43:51, 22.27, 22.48, 22.75, 22.75, 9999.0, 9999.0, 9999.0, 23.84, 9999.0, 22.2, 9999.0, 22.64, 22.5, 22.25, 22.25, 22.27
2026-09-08, 23:43:55, 22.27, 22.48, 22.75, 22.75, 9999.0, 9999.0, 9999.0, 23.86, 9999.0, 22.18, 9999.0, 22.64, 22.5, 22.25, 22.25, 22.27
2026-09-08, 23:43:59, 22.3, 22.48, 22.75, 22.75, 9999.0, 9999.0, 9999.0, 23.82, 9999.0, 22.16, 9999.0, 22.64, 22.5, 22.25, 22.25, 22.27
2026-09-08, 23:44:03, 22.3, 22.48, 22.75, 22.75, 9999.0, 9999.0, 9999.0, 23.77, 9999.0, 22.14, 9999.0, 22.68, 22.5, 22.25, 22.25, 22.27
2026-09-08, 23:44:07, 22.3, 22.48, 22.75, 22.75, 9999.0, 9999.0, 9999.0, 23.73, 9999.0, 22.11, 9999.0, 22.68, 22.5, 22.25, 22.25, 22.27
2026-09-08, 23:44:11, 22.3, 22.48, 22.75, 22.75, 9999.0, 9999.0, 9999.0, 23.68, 9999.0, 22.11, 9999.0, 22.7, 22.5, 22.25, 22.25, 22.25
2026-09-08, 23:44:15, 22.3, 22.48, 22.75, 22.75, 9999.0, 9999.0, 9999.0, 23.66, 9999.0, 22.11, 9999.0, 22.7, 22.5, 22.25, 22.25, 22.27
2026-09-08, 23:44:19, 22.3, 22.48, 22.75, 22.75, 9999.0, 9999.0, 9999.0, 23.61, 9999.0, 22.11, 9999.0, 22.7, 22.5, 22.25, 22.25, 22.27
2026-09-08, 23:44:23, 22.3, 22.48, 22.75, 22.75, 9999.0, 9999.0, 9999.0, 23.57, 9999.0, 22.14, 9999.0, 22.73, 22.5, 22.25, 22.25, 22.27
2026-09-08, 23:44:27, 22.3, 22.48, 22.75, 22.75, 9999.0, 9999.0, 9999.0, 23.52, 9999.0, 22.16, 9999.0, 22.75, 22.5, 22.25, 22.25, 22.27
2026-09-08, 23:44:31, 22.3, 22.5, 22.75, 22.75, 9999.0, 9999.0, 9999.0, 23.55, 9999.0, 22.18, 9999.0, 22.77, 22.5, 22.25, 22.25, 22.27
2026-09-08, 23:44:35, 22.27, 22.5, 22.75, 22.75, 9999.0, 9999.0, 9999.0, 23.57, 9999.0, 22.2, 9999.0, 22.77, 22.5, 22.25, 22.25, 22.27
2026-09-08, 23:44:39, 22.27, 22.5, 22.75, 22.75, 9999.0, 9999.0, 9999.0, 23.59, 9999.0, 22.23, 9999.0, 22.77, 22.5, 22.25, 22.25, 22.3
2026-09-08, 23:44:43, 22.27, 22.5, 22.75, 22.75, 9999.0, 9999.0, 9999.0, 23.61, 9999.0, 22.23, 9999.0, 22.77, 22.5, 22.25, 22.25, 22.3
2026-09-08, 23:44:47, 22.27, 22.5, 22.75, 22.75, 9999.0, 9999.0, 9999.0, 23.66, 9999.0, 22.23, 9999.0, 22.75, 22.5, 22.25, 22.27, 22.3
2026-09-08, 23:44:51, 22.27, 22.5, 22.75, 22.75, 9999.0, 9999.0, 9999.0, 23.68, 9999.0, 22.23, 9999.0, 22.73, 22.5, 22.25, 22.27, 22.3
2026-09-08, 23:44:55, 22.27, 22.5, 22.75, 22.75, 9999.0, 9999.0, 9999.0, 23.7, 9999.0, 22.2, 9999.0, 22.7, 22.5, 22.25, 22.27, 22.3
2026-09-08, 23:44:59, 22.3, 22.5, 22.75, 22.75, 9999.0, 9999.0, 9999.0, 23.73, 9999.0, 22.18, 9999.0, 22.7, 22.5, 22.25, 22.27, 22.27
2026-09-08, 23:45:03, 22.3, 22.5, 22.75, 22.75, 9999.0, 9999.0, 9999.0, 23.77, 9999.0, 22.16, 9999.0, 22.68, 22.5, 22.25, 22.27, 22.27
2026-09-08, 23:45:07, 22.3, 22.5, 22.75, 22.75, 9999.0, 9999.0, 9999.0, 23.82, 9999.0, 22.11, 9999.0, 22.66, 22.5, 22.25, 22.27, 22.27
2026-09-08, 23:45:11, 22.3, 22.5, 22.75, 22.75, 9999.0, 9999.0, 9999.0, 23.86, 9999.0, 22.07, 9999.0, 22.66, 22.5, 22.25, 22.27, 22.3
2026-09-08, 23:45:15, 22.3, 22.5, 22.75, 22.75, 9999.0, 9999.0, 9999.0, 23.84, 9999.0, 22.05, 9999.0, 22.66, 22.5, 22.25, 22.27, 22.32
2026-09-08, 23:45:19, 22.3, 22.5, 22.75, 22.75, 9999.0, 9999.0, 9999.0, 23.8, 9999.0, 22.02, 9999.0, 22.66, 22.5, 22.25, 22.27, 22.32
2026-09-08, 23:45:23, 22.3, 22.5, 22.75, 22.75, 9999.0, 9999.0, 9999.0, 23.75, 9999.0, 22.0, 9999.0, 22.68, 22.5, 22.25, 22.27, 22.3
2026-09-08, 23:45:27, 22.27, 22.5, 22.75, 22.75, 9999.0, 9999.0, 9999.0, 23.7, 9999.0, 22.0, 9999.0, 22.7, 22.5, 22.25, 22.3, 22.32
2026-09-08, 23:45:31, 22.27, 22.5, 22.75, 22.75, 9999.0, 9999.0, 9999.0, 23.66, 9999.0, 22.02, 9999.0, 22.7, 22.5, 22.25, 22.27, 22.34
2026-09-08, 23:45:35, 22.27, 22.5, 22.75, 22.75, 9999.0, 9999.0, 9999.0, 23.64, 9999.0, 22.05, 9999.0, 22.73, 22.5, 22.25, 22.27, 22.34
2026-09-08, 23:45:39, 22.3, 22.5, 22.75, 22.75, 9999.0, 9999.0, 9999.0, 23.61, 9999.0, 22.07, 9999.0, 22.75, 22.5, 22.25, 22.27, 22.34
2026-09-08, 23:45:43, 22.27, 22.5, 22.75, 22.75, 9999.0, 9999.0, 9999.0, 23.57, 9999.0, 22.11, 9999.0, 22.75, 22.5, 22.25, 22.3, 22.36
2026-09-08, 23:45:47, 22.27, 22.5, 22.75, 22.75, 9999.0, 9999.0, 9999.0, 23.52, 9999.0, 22.14, 9999.0, 22.77, 22.5, 22.25, 22.3, 22.39
2026-09-08, 23:45:51, 22.27, 22.5, 22.75, 22.75, 9999.0, 9999.0, 9999.0, 23.57, 9999.0, 22.16, 9999.0, 22.8, 22.5, 22.25, 22.3, 22.41
2026-09-08, 23:45:55, 22.27, 22.5, 22.75, 22.75, 9999.0, 9999.0, 9999.0, 23.59, 9999.0, 22.18, 9999.0, 22.8, 22.5, 22.25, 22.3, 22.39
2026-09-08, 23:46:00, 22.27, 22.5, 22.75, 22.75, 9999.0, 9999.0, 9999.0, 23.61, 9999.0, 22.23, 9999.0, 22.8, 22.5, 22.25, 22.32, 22.36
2026-09-08, 23:46:04, 22.27, 22.5, 22.75, 22.75, 9999.0, 9999.0, 9999.0, 23.66, 9999.0, 22.25, 9999.0, 22.8, 22.5, 22.25, 22.32, 22.39
2026-09-08, 23:46:08, 22.27, 22.5, 22.75, 22.75, 9999.0, 9999.0, 9999.0, 23.7, 9999.0, 22.27, 9999.0, 22.77, 22.5, 22.25, 22.32, 22.39
2026-09-08, 23:46:12, 22.27, 22.5, 22.75, 22.75, 9999.0, 9999.0, 9999.0, 23.75, 9999.0, 22.3, 9999.0, 22.73, 22.5, 22.25, 22.3, 22.36
2026-09-08, 23:46:16, 22.27, 22.5, 22.75, 22.75, 9999.0, 9999.0, 9999.0, 23.8, 9999.0, 22.3, 9999.0, 22.7, 22.5, 22.25, 22.3, 22.34
2026-09-08, 23:46:20, 22.27, 22.5, 22.75, 22.75, 9999.0, 9999.0, 9999.0, 23.82, 9999.0, 22.3, 9999.0, 22.68, 22.5, 22.25, 22.3, 22.36
2026-09-08, 23:46:24, 22.25, 22.5, 22.75, 22.75, 9999.0, 9999.0, 9999.0, 23.84, 9999.0, 22.3, 9999.0, 22.68, 22.5, 22.25, 22.32, 22.36
2026-09-08, 23:46:28, 22.25, 22.5, 22.75, 22.75, 9999.0, 9999.0, 9999.0, 23.89, 9999.0, 22.27, 9999.0, 22.66, 22.5, 22.25, 22.32, 22.34
2026-09-08, 23:46:32, 22.25, 22.5, 22.75, 22.75, 9999.0, 9999.0, 9999.0, 23.93, 9999.0, 22.25, 9999.0, 22.66, 22.5, 22.25, 22.32, 22.32
2026-09-08, 23:46:36, 22.25, 22.5, 22.75, 22.75, 9999.0, 9999.0, 9999.0, 23.89, 9999.0, 22.23, 9999.0, 22.66, 22.5, 22.25, 22.32, 22.3
2026-09-08, 23:46:40, 22.25, 22.5, 22.75, 22.75, 9999.0, 9999.0, 9999.0, 23.86, 9999.0, 22.2, 9999.0, 22.68, 22.5, 22.25, 22.32, 22.3
2026-09-08, 23:46:44, 22.25, 22.5, 22.75, 22.75, 9999.0, 9999.0, 9999.0, 23.82, 9999.0, 22.16, 9999.0, 22.7, 22.5, 22.25, 22.3, 22.32
2026-09-08, 23:46:48, 22.25, 22.5, 22.75, 22.75, 9999.0, 9999.0, 9999.0, 23.77, 9999.0, 22.14, 9999.0, 22.7, 22.5, 22.25, 22.32, 22.3
2026-09-08, 23:46:52, 22.25, 22.5, 22.75, 22.75, 9999.0, 9999.0, 9999.0, 23.73, 9999.0, 22.14, 9999.0, 22.7, 22.5, 22.25, 22.32, 22.3
2026-09-08, 23:46:56, 22.25, 22.5, 22.75, 22.75, 9999.0, 9999.0, 9999.0, 23.66, 9999.0, 22.14, 9999.0, 22.73, 22.5, 22.25, 22.32, 22.32
2026-09-08, 23:47:00, 22.25, 22.5, 22.75, 22.75, 9999.0, 9999.0, 9999.0, 23.59, 9999.0, 22.14, 9999.0, 22.75, 22.5, 22.25, 22.34, 22.34
2026-09-08, 23:47:04, 22.25, 22.5, 22.75, 22.75, 9999.0, 9999.0, 9999.0, 23.55, 9999.0, 22.14, 9999.0, 22.77, 22.5, 22.25, 22.34, 22.32
2026-09-08, 23:47:08, 22.25, 22.5, 22.75, 22.75, 9999.0, 9999.0, 9999.0, 23.5, 9999.0, 22.14, 9999.0, 22.77, 22.5, 22.25, 22.34, 22.34
2026-09-08, 23:47:12, 22.25, 22.5, 22.75, 22.75, 9999.0, 9999.0, 9999.0, 23.52, 9999.0, 22.14, 9999.0, 22.8, 22.5, 22.25, 22.32, 22.36
2026-09-08, 23:47:16, 22.25, 22.5, 22.75, 22.75, 9999.0, 9999.0, 9999.0, 23.55, 9999.0, 22.16, 9999.0, 22.8, 22.5, 22.25, 22.34, 22.39
2026-09-08, 23:47:20, 22.25, 22.5, 22.75, 22.75, 9999.0, 9999.0, 9999.0, 23.57, 9999.0, 22.18, 9999.0, 22.8, 22.5, 22.25, 22.36, 22.39
2026-09-08, 23:47:24, 22.25, 22.5, 22.75, 22.75, 9999.0, 9999.0, 9999.0, 23.57, 9999.0, 22.2, 9999.0, 22.77, 22.5, 22.25, 22.39, 22.39
2026-09-08, 23:47:28, 22.25, 22.5, 22.75, 22.75, 9999.0, 9999.0, 9999.0, 23.61, 9999.0, 22.23, 9999.0, 22.75, 22.5, 22.25, 22.39, 22.36
2026-09-08, 23:47:32, 22.25, 22.5, 22.75, 22.75, 9999.0, 9999.0, 9999.0, 23.64, 9999.0, 22.25, 9999.0, 22.75, 22.5, 22.25, 22.36, 22.39
2026-09-08, 23:47:36, 22.25, 22.5, 22.75, 22.75, 9999.0, 9999.0, 9999.0, 23.66, 9999.0, 22.25, 9999.0, 22.73, 22.5, 22.25, 22.36, 22.39
2026-09-08, 23:47:40, 22.25, 22.5, 22.75, 22.75, 9999.0, 9999.0, 9999.0, 23.7, 9999.0, 22.25, 9999.0, 22.73, 22.5, 22.25, 22.36, 22.36
2026-09-08, 23:47:44, 22.25, 22.5, 22.75, 22.75, 9999.0, 9999.0, 9999.0, 23.75, 9999.0, 22.25, 9999.0, 22.7, 22.5, 22.25, 22.36, 22.36
2026-09-08, 23:47:48, 22.25, 22.5, 22.75, 22.75, 9999.0, 9999.0, 9999.0, 23.8, 9999.0, 22.25, 9999.0, 22.7, 22.5, 22.25, 22.36, 22.39
2026-09-08, 23:47:52, 22.25, 22.5, 22.75, 22.75, 9999.0, 9999.0, 9999.0, 23.84, 9999.0, 22.25, 9999.0, 22.7, 22.5, 22.25, 22.34, 22.39
2026-09-08, 23:47:56, 22.25, 22.5, 22.75, 22.75, 9999.0, 9999.0, 9999.0, 23.82, 9999.0, 22.25, 9999.0, 22.7, 22.5, 22.25, 22.34, 22.39
2026-09-08, 23:48:00, 22.25, 22.5, 22.75, 22.75, 9999.0, 9999.0, 9999.0, 23.77, 9999.0, 22.25, 9999.0, 22.73, 22.5, 22.25, 22.32, 22.36
2026-09-08, 23:48:04, 22.25, 22.5, 22.75, 22.75, 9999.0, 9999.0, 9999.0, 23.75, 9999.0, 22.25, 9999.0, 22.73, 22.5, 22.25, 22.3, 22.39
2026-09-08, 23:48:08, 22.25, 22.5, 22.75, 22.75, 9999.0, 9999.0, 9999.0, 23.73, 9999.0, 22.27, 9999.0, 22.73, 22.5, 22.25, 22.27, 22.41
2026-09-08, 23:48:12, 22.25, 22.5, 22.75, 22.75, 9999.0, 9999.0, 9999.0, 23.68, 9999.0, 22.3, 9999.0, 22.73, 22.5, 22.25, 22.27, 22.41
2026-09-08, 23:48:16, 22.25, 22.5, 22.75, 22.75, 9999.0, 9999.0, 9999.0, 23.66, 9999.0, 22.32, 9999.0, 22.73, 22.5, 22.25, 22.3, 22.41
2026-09-08, 23:48:20, 22.25, 22.5, 22.75, 22.75, 9999.0, 9999.0, 9999.0, 23.64, 9999.0, 22.34, 9999.0, 22.77, 22.5, 22.25, 22.3, 22.43
2026-09-08, 23:48:24, 22.25, 22.5, 22.75, 22.75, 9999.0, 9999.0, 9999.0, 23.61, 9999.0, 22.36, 9999.0, 22.77, 22.5, 22.25, 22.3, 22.45
2026-09-08, 23:48:28, 22.25, 22.5, 22.75, 22.75, 9999.0, 9999.0, 9999.0, 23.66, 9999.0, 22.39, 9999.0, 22.8, 22.5, 22.25, 22.27, 22.43
2026-09-08, 23:48:32, 22.25, 22.5, 22.75, 22.75, 9999.0, 9999.0, 9999.0, 23.7, 9999.0, 22.41, 9999.0, 22.8, 22.5, 22.25, 22.27, 22.43
2026-09-08, 23:48:36, 22.25, 22.5, 22.75, 22.75, 9999.0, 9999.0, 9999.0, 23.75, 9999.0, 22.43, 9999.0, 22.8, 22.5, 22.25, 22.27, 22.41
2026-09-08, 23:48:40, 22.25, 22.5, 22.75, 22.75, 9999.0, 9999.0, 9999.0, 23.77, 9999.0, 22.43, 9999.0, 22.77, 22.5, 22.25, 22.27, 22.41
2026-09-08, 23:48:44, 22.25, 22.5, 22.75, 22.75, 9999.0, 9999.0, 9999.0, 23.82, 9999.0, 22.45, 9999.0, 22.75, 22.5, 22.25, 22.3, 22.43
2026-09-08, 23:48:48, 22.25, 22.5, 22.75, 22.75, 9999.0, 9999.0, 9999.0, 23.84, 9999.0, 22.45, 9999.0, 22.73, 22.5, 22.25, 22.3, 22.41
2026-09-08, 23:48:52, 22.25, 22.5, 22.75, 22.75, 9999.0, 9999.0, 9999.0, 23.86, 9999.0, 22.43, 9999.0, 22.73, 22.5, 22.25, 22.3, 22.41
2026-09-08, 23:48:56, 22.25, 22.5, 22.75, 22.75, 9999.0, 9999.0, 9999.0, 23.89, 9999.0, 22.43, 9999.0, 22.7, 22.5, 22.25, 22.32, 22.43
2026-09-08, 23:49:00, 22.25, 22.5, 22.75, 22.75, 9999.0, 9999.0, 9999.0, 23.91, 9999.0, 22.41, 9999.0, 22.68, 22.5, 22.25, 22.3, 22.43
2026-09-08, 23:49:04, 22.25, 22.5, 22.75, 22.75, 9999.0, 9999.0, 9999.0, 23.95, 9999.0, 22.39, 9999.0, 22.64, 22.5, 22.25, 22.3, 22.41
2026-09-08, 23:49:08, 22.25, 22.5, 22.75, 22.75, 9999.0, 9999.0, 9999.0, 23.98, 9999.0, 22.36, 9999.0, 22.64, 22.5, 22.25, 22.32, 22.41
2026-09-08, 23:49:12, 22.25, 22.5, 22.75, 22.75, 9999.0, 9999.0, 9999.0, 23.93, 9999.0, 22.34, 9999.0, 22.64, 22.5, 22.25, 22.32, 22.41
2026-09-08, 23:49:16, 22.25, 22.5, 22.75, 22.75, 9999.0, 9999.0, 9999.0, 23.89, 9999.0, 22.32, 9999.0, 22.66, 22.5, 22.25, 22.32, 22.39
2026-09-08, 23:49:20, 22.25, 22.5, 22.75, 22.75, 9999.0, 9999.0, 9999.0, 23.84, 9999.0, 22.3, 9999.0, 22.66, 22.5, 22.25, 22.34, 22.39
2026-09-08, 23:49:24, 22.25, 22.5, 22.75, 22.75, 9999.0, 9999.0, 9999.0, 23.82, 9999.0, 22.27, 9999.0, 22.68, 22.5, 22.25, 22.36, 22.39
2026-09-08, 23:49:28, 22.25, 22.5, 22.75, 22.75, 9999.0, 9999.0, 9999.0, 23.8, 9999.0, 22.27, 9999.0, 22.68, 22.5, 22.25, 22.34, 22.36
2026-09-08, 23:49:32, 22.25, 22.5, 22.75, 22.75, 9999.0, 9999.0, 9999.0, 23.75, 9999.0, 22.3, 9999.0, 22.7, 22.5, 22.25, 22.36, 22.39
2026-09-08, 23:49:36, 22.25, 22.5, 22.75, 22.75, 9999.0, 9999.0, 9999.0, 23.73, 9999.0, 22.34, 9999.0, 22.7, 22.5, 22.25, 22.36, 22.36
2026-09-08, 23:49:40, 22.25, 22.5, 22.75, 22.75, 9999.0, 9999.0, 9999.0, 23.7, 9999.0, 22.34, 9999.0, 22.73, 22.5, 22.25, 22.34, 22.36
2026-09-08, 23:49:44, 22.27, 22.5, 22.75, 22.75, 9999.0, 9999.0, 9999.0, 23.68, 9999.0, 22.36, 9999.0, 22.75, 22.5, 22.25, 22.34, 22.36
2026-09-08, 23:49:48, 22.3, 22.5, 22.75, 22.75, 9999.0, 9999.0, 9999.0, 23.7, 9999.0, 22.39, 9999.0, 22.77, 22.5, 22.25, 22.34, 22.36
2026-09-08, 23:49:53, 22.3, 22.5, 22.75, 22.75, 9999.0, 9999.0, 9999.0, 23.75, 9999.0, 22.41, 9999.0, 22.77, 22.5, 22.25, 22.32, 22.36
2026-09-08, 23:49:57, 22.3, 22.5, 22.75, 22.75, 9999.0, 9999.0, 9999.0, 23.8, 9999.0, 22.43, 9999.0, 22.77, 22.5, 22.25, 22.32, 22.36
2026-09-08, 23:50:01, 22.32, 22.5, 22.75, 22.75, 9999.0, 9999.0, 9999.0, 23.82, 9999.0, 22.45, 9999.0, 22.75, 22.5, 22.25, 22.32, 22.36
2026-09-08, 23:50:05, 22.32, 22.5, 22.75, 22.75, 9999.0, 9999.0, 9999.0, 23.84, 9999.0, 22.48, 9999.0, 22.75, 22.5, 22.25, 22.3, 22.36
2026-09-08, 23:50:09, 22.34, 22.5, 22.75, 22.75, 9999.0, 9999.0, 9999.0, 23.84, 9999.0, 22.52, 9999.0, 22.73, 22.5, 22.25, 22.3, 22.34
2026-09-08, 23:50:13, 22.34, 22.5, 22.75, 22.75, 9999.0, 9999.0, 9999.0, 23.84, 9999.0, 22.52, 9999.0, 22.7, 22.5, 22.25, 22.3, 22.36
2026-09-08, 23:50:17, 22.34, 22.5, 22.75, 22.75, 9999.0, 9999.0, 9999.0, 23.89, 9999.0, 22.52, 9999.0, 22.68, 22.5, 22.25, 22.27, 22.36
2026-09-08, 23:50:21, 22.34, 22.5, 22.75, 22.75, 9999.0, 9999.0, 9999.0, 23.93, 9999.0, 22.5, 9999.0, 22.66, 22.5, 22.25, 22.3, 22.36
2026-09-08, 23:50:25, 22.34, 22.5, 22.75, 22.75, 9999.0, 9999.0, 9999.0, 23.95, 9999.0, 22.5, 9999.0, 22.66, 22.5, 22.25, 22.3, 22.36
2026-09-08, 23:50:29, 22.32, 22.5, 22.75, 22.75, 9999.0, 9999.0, 9999.0, 23.98, 9999.0, 22.5, 9999.0, 22.66, 22.5, 22.25, 22.3, 22.34
2026-09-08, 23:50:33, 22.3, 22.5, 22.75, 22.75, 9999.0, 9999.0, 9999.0, 23.93, 9999.0, 22.5, 9999.0, 22.66, 22.5, 22.25, 22.32, 22.34
2026-09-08, 23:50:37, 22.3, 22.5, 22.75, 22.75, 9999.0, 9999.0, 9999.0, 23.89, 9999.0, 22.5, 9999.0, 22.66, 22.5, 22.25, 22.34, 22.34
2026-09-08, 23:50:41, 22.3, 22.48, 22.75, 22.75, 9999.0, 9999.0, 9999.0, 23.82, 9999.0, 22.48, 9999.0, 22.66, 22.5, 22.25, 22.36, 22.34
2026-09-08, 23:50:45, 22.27, 22.48, 22.75, 22.75, 9999.0, 9999.0, 9999.0, 23.77, 9999.0, 22.48, 9999.0, 22.66, 22.5, 22.25, 22.39, 22.36
2026-09-08, 23:50:49, 22.27, 22.48, 22.75, 22.75, 9999.0, 9999.0, 9999.0, 23.73, 9999.0, 22.48, 9999.0, 22.66, 22.5, 22.25, 22.39, 22.36
2026-09-08, 23:50:53, 22.25, 22.48, 22.75, 22.75, 9999.0, 9999.0, 9999.0, 23.7, 9999.0, 22.48, 9999.0, 22.68, 22.5, 22.25, 22.39, 22.36
2026-09-08, 23:50:57, 22.25, 22.48, 22.75, 22.75, 9999.0, 9999.0, 9999.0, 23.68, 9999.0, 22.5, 9999.0, 22.7, 22.5, 22.25, 22.39, 22.34
2026-09-08, 23:51:01, 22.25, 22.48, 22.75, 22.75, 9999.0, 9999.0, 9999.0, 23.64, 9999.0, 22.52, 9999.0, 22.73, 22.5, 22.25, 22.41, 22.32
2026-09-08, 23:51:05, 22.25, 22.48, 22.75, 22.75, 9999.0, 9999.0, 9999.0, 23.66, 9999.0, 22.52, 9999.0, 22.75, 22.5, 22.25, 22.39, 22.32
2026-09-08, 23:51:09, 22.25, 22.48, 22.75, 22.75, 9999.0, 9999.0, 9999.0, 23.7, 9999.0, 22.52, 9999.0, 22.75, 22.5, 22.25, 22.39, 22.32
2026-09-08, 23:51:13, 22.25, 22.48, 22.75, 22.75, 9999.0, 9999.0, 9999.0, 23.73, 9999.0, 22.55, 9999.0, 22.75, 22.5, 22.25, 22.41, 22.32
2026-09-08, 23:51:17, 22.25, 22.48, 22.75, 22.75, 9999.0, 9999.0, 9999.0, 23.75, 9999.0, 22.55, 9999.0, 22.75, 22.5, 22.25, 22.41, 22.34
2026-09-08, 23:51:21, 22.25, 22.48, 22.75, 22.75, 9999.0, 9999.0, 9999.0, 23.77, 9999.0, 22.55, 9999.0, 22.75, 22.5, 22.25, 22.41, 22.34
2026-09-08, 23:51:25, 22.25, 22.5, 22.75, 22.75, 9999.0, 9999.0, 9999.0, 23.82, 9999.0, 22.57, 9999.0, 22.73, 22.5, 22.25, 22.39, 22.34
2026-09-08, 23:51:29, 22.25, 22.5, 22.75, 22.75, 9999.0, 9999.0, 9999.0, 23.84, 9999.0, 22.57, 9999.0, 22.7, 22.5, 22.25, 22.36, 22.32
2026-09-08, 23:51:33, 22.25, 22.5, 22.75, 22.75, 9999.0, 9999.0, 9999.0, 23.89, 9999.0, 22.57, 9999.0, 22.7, 22.5, 22.25, 22.36, 22.32
2026-09-08, 23:51:37, 22.25, 22.5, 22.75, 22.75, 9999.0, 9999.0, 9999.0, 23.93, 9999.0, 22.57, 9999.0, 22.68, 22.5, 22.25, 22.34, 22.32
2026-09-08, 23:51:41, 22.27, 22.5, 22.75, 22.75, 9999.0, 9999.0, 9999.0, 23.98, 9999.0, 22.55, 9999.0, 22.68, 22.5, 22.25, 22.34, 22.32
2026-09-08, 23:51:45, 22.27, 22.5, 22.75, 22.75, 9999.0, 9999.0, 9999.0, 24.02, 9999.0, 22.52, 9999.0, 22.68, 22.5, 22.25, 22.34, 22.32
2026-09-08, 23:51:49, 22.27, 22.5, 22.75, 22.75, 9999.0, 9999.0, 9999.0, 23.98, 9999.0, 22.52, 9999.0, 22.68, 22.5, 22.25, 22.34, 22.32
2026-09-08, 23:51:53, 22.27, 22.5, 22.75, 22.75, 9999.0, 9999.0, 9999.0, 23.93, 9999.0, 22.5, 9999.0, 22.68, 22.5, 22.25, 22.34, 22.32
2026-09-08, 23:51:57, 22.3, 22.5, 22.75, 22.75, 9999.0, 9999.0, 9999.0, 23.91, 9999.0, 22.48, 9999.0, 22.68, 22.5, 22.25, 22.32, 22.34
2026-09-08, 23:52:01, 22.3, 22.5, 22.75, 22.75, 9999.0, 9999.0, 9999.0, 23.89, 9999.0, 22.48, 9999.0, 22.68, 22.5, 22.25, 22.3, 22.32
2026-09-08, 23:52:05, 22.3, 22.5, 22.75, 22.75, 9999.0, 9999.0, 9999.0, 23.86, 9999.0, 22.48, 9999.0, 22.68, 22.5, 22.25, 22.3, 22.32
2026-09-08, 23:52:09, 22.3, 22.5, 22.75, 22.75, 9999.0, 9999.0, 9999.0, 23.82, 9999.0, 22.48, 9999.0, 22.7, 22.5, 22.25, 22.3, 22.34
2026-09-08, 23:52:13, 22.3, 22.5, 22.75, 22.75, 9999.0, 9999.0, 9999.0, 23.8, 9999.0, 22.5, 9999.0, 22.73, 22.5, 22.25, 22.3, 22.36
2026-09-08, 23:52:17, 22.32, 22.5, 22.75, 22.75, 9999.0, 9999.0, 9999.0, 23.75, 9999.0, 22.52, 9999.0, 22.73, 22.5, 22.25, 22.3, 22.36
2026-09-08, 23:52:21, 22.34, 22.5, 22.75, 22.75, 9999.0, 9999.0, 9999.0, 23.7, 9999.0, 22.55, 9999.0, 22.75, 22.5, 22.25, 22.32, 22.36
2026-09-08, 23:52:25, 22.32, 22.5, 22.75, 22.75, 9999.0, 9999.0, 9999.0, 23.73, 9999.0, 22.57, 9999.0, 22.75, 22.5, 22.25, 22.32, 22.36
2026-09-08, 23:52:29, 22.32, 22.5, 22.75, 22.75, 9999.0, 9999.0, 9999.0, 23.75, 9999.0, 22.57, 9999.0, 22.73, 22.5, 22.25, 22.3, 22.36
2026-09-08, 23:52:33, 22.32, 22.5, 22.75, 22.75, 9999.0, 9999.0, 9999.0, 23.8, 9999.0, 22.57, 9999.0, 22.7, 22.5, 22.25, 22.3, 22.36
2026-09-08, 23:52:37, 22.32, 22.5, 22.75, 22.75, 9999.0, 9999.0, 9999.0, 23.82, 9999.0, 22.59, 9999.0, 22.7, 22.5, 22.25, 22.32, 22.34
2026-09-08, 23:52:41, 22.3, 22.5, 22.75, 22.75, 9999.0, 9999.0, 9999.0, 23.84, 9999.0, 22.59, 9999.0, 22.68, 22.5, 22.25, 22.32, 22.32
2026-09-08, 23:52:45, 22.3, 22.5, 22.75, 22.75, 9999.0, 9999.0, 9999.0, 23.86, 9999.0, 22.59, 9999.0, 22.66, 22.5, 22.25, 22.32, 22.32
2026-09-08, 23:52:49, 22.3, 22.5, 22.75, 22.75, 9999.0, 9999.0, 9999.0, 23.89, 9999.0, 22.59, 9999.0, 22.64, 22.5, 22.25, 22.3, 22.3
2026-09-08, 23:52:53, 22.3, 22.5, 22.75, 22.75, 9999.0, 9999.0, 9999.0, 23.93, 9999.0, 22.59, 9999.0, 22.61, 22.5, 22.25, 22.3, 22.27
2026-09-08, 23:52:57, 22.3, 22.5, 22.75, 22.75, 9999.0, 9999.0, 9999.0, 23.98, 9999.0, 22.57, 9999.0, 22.59, 22.5, 22.25, 22.3, 22.25
2026-09-08, 23:53:01, 22.27, 22.5, 22.75, 22.75, 9999.0, 9999.0, 9999.0, 24.02, 9999.0, 22.55, 9999.0, 22.59, 22.5, 22.25, 22.3, 22.25
2026-09-08, 23:53:05, 22.25, 22.5, 22.75, 22.75, 9999.0, 9999.0, 9999.0, 24.05, 9999.0, 22.52, 9999.0, 22.59, 22.5, 22.25, 22.27, 22.25
2026-09-08, 23:53:09, 22.27, 22.5, 22.75, 22.75, 9999.0, 9999.0, 9999.0, 24.0, 9999.0, 22.5, 9999.0, 22.61, 22.5, 22.25, 22.3, 22.25
2026-09-08, 23:53:13, 22.27, 22.5, 22.75, 22.75, 9999.0, 9999.0, 9999.0, 23.95, 9999.0, 22.48, 9999.0, 22.64, 22.5, 22.25, 22.32, 22.25
2026-09-08, 23:53:17, 22.27, 22.5, 22.75, 22.75, 9999.0, 9999.0, 9999.0, 23.91, 9999.0, 22.48, 9999.0, 22.66, 22.5, 22.25, 22.32, 22.25
2026-09-08, 23:53:21, 22.27, 22.5, 22.75, 22.75, 9999.0, 9999.0, 9999.0, 23.89, 9999.0, 22.48, 9999.0, 22.66, 22.5, 22.25, 22.3, 22.25
2026-09-08, 23:53:25, 22.27, 22.5, 22.75, 22.75, 9999.0, 9999.0, 9999.0, 23.86, 9999.0, 22.48, 9999.0, 22.68, 22.5, 22.25, 22.32, 22.25
2026-09-08, 23:53:29, 22.27, 22.5, 22.75, 22.75, 9999.0, 9999.0, 9999.0, 23.82, 9999.0, 22.5, 9999.0, 22.7, 22.5, 22.25, 22.32, 22.25
2026-09-08, 23:53:33, 22.27, 22.5, 22.75, 22.75, 9999.0, 9999.0, 9999.0, 23.8, 9999.0, 22.52, 9999.0, 22.73, 22.5, 22.25, 22.32, 22.25
2026-09-08, 23:53:37, 22.27, 22.5, 22.75, 22.75, 9999.0, 9999.0, 9999.0, 23.75, 9999.0, 22.55, 9999.0, 22.75, 22.5, 22.25, 22.32, 22.25
2026-09-08, 23:53:41, 22.27, 22.5, 22.75, 22.75, 9999.0, 9999.0, 9999.0, 23.77, 9999.0, 22.57, 9999.0, 22.77, 22.5, 22.25, 22.32, 22.25
2026-09-08, 23:53:46, 22.27, 22.5, 22.75, 22.77, 9999.0, 9999.0, 9999.0, 23.8, 9999.0, 22.59, 9999.0, 22.77, 22.5, 22.25, 22.32, 22.27
2026-09-08, 23:53:50, 22.27, 22.5, 22.75, 22.77, 9999.0, 9999.0, 9999.0, 23.84, 9999.0, 22.61, 9999.0, 22.77, 22.5, 22.25, 22.32, 22.27
2026-09-08, 23:53:54, 22.25, 22.5, 22.75, 22.77, 9999.0, 9999.0, 9999.0, 23.86, 9999.0, 22.64, 9999.0, 22.75, 22.5, 22.25, 22.32, 22.27
2026-09-08, 23:53:58, 22.25, 22.5, 22.75, 22.77, 9999.0, 9999.0, 9999.0, 23.89, 9999.0, 22.66, 9999.0, 22.75, 22.5, 22.25, 22.32, 22.27
2026-09-08, 23:54:02, 22.25, 22.5, 22.75, 22.77, 9999.0, 9999.0, 9999.0, 23.91, 9999.0, 22.66, 9999.0, 22.73, 22.5, 22.25, 22.32, 22.3
2026-09-08, 23:54:06, 22.25, 22.5, 22.75, 22.77, 9999.0, 9999.0, 9999.0, 23.93, 9999.0, 22.66, 9999.0, 22.7, 22.5, 22.25, 22.34, 22.3
2026-09-08, 23:54:10, 22.25, 22.5, 22.75, 22.77, 9999.0, 9999.0, 9999.0, 23.95, 9999.0, 22.66, 9999.0, 22.68, 22.5, 22.25, 22.34, 22.3
2026-09-08, 23:54:14, 22.25, 22.5, 22.75, 22.77, 9999.0, 9999.0, 9999.0, 24.0, 9999.0, 22.64, 9999.0, 22.66, 22.5, 22.25, 22.34, 22.3
2026-09-08, 23:54:18, 22.25, 22.5, 22.75, 22.77, 9999.0, 9999.0, 9999.0, 24.02, 9999.0, 22.61, 9999.0, 22.66, 22.5, 22.25, 22.34, 22.3
2026-09-08, 23:54:22, 22.25, 22.5, 22.75, 22.77, 9999.0, 9999.0, 9999.0, 24.07, 9999.0, 22.59, 9999.0, 22.66, 22.5, 22.25, 22.34, 22.3
2026-09-08, 23:54:26, 22.25, 22.5, 22.75, 22.77, 9999.0, 9999.0, 9999.0, 24.05, 9999.0, 22.57, 9999.0, 22.66, 22.5, 22.25, 22.34, 22.3
2026-09-08, 23:54:30, 22.25, 22.5, 22.75, 22.75, 9999.0, 9999.0, 9999.0, 24.0, 9999.0, 22.55, 9999.0, 22.68, 22.5, 22.25, 22.34, 22.27
2026-09-08, 23:54:34, 22.27, 22.5, 22.75, 22.75, 9999.0, 9999.0, 9999.0, 23.95, 9999.0, 22.52, 9999.0, 22.68, 22.5, 22.25, 22.34, 22.27
2026-09-08, 23:54:38, 22.27, 22.5, 22.75, 22.75, 9999.0, 9999.0, 9999.0, 23.93, 9999.0, 22.52, 9999.0, 22.68, 22.5, 22.25, 22.34, 22.27
2026-09-08, 23:54:42, 22.3, 22.5, 22.75, 22.75, 9999.0, 9999.0, 9999.0, 23.91, 9999.0, 22.52, 9999.0, 22.68, 22.5, 22.25, 22.32, 22.27
2026-09-08, 23:54:46, 22.3, 22.5, 22.75, 22.75, 9999.0, 9999.0, 9999.0, 23.86, 9999.0, 22.55, 9999.0, 22.7, 22.5, 22.25, 22.32, 22.25
2026-09-08, 23:54:50, 22.3, 22.5, 22.75, 22.75, 9999.0, 9999.0, 9999.0, 23.84, 9999.0, 22.57, 9999.0, 22.73, 22.5, 22.25, 22.3, 22.25
2026-09-08, 23:54:54, 22.3, 22.5, 22.75, 22.75, 9999.0, 9999.0, 9999.0, 23.8, 9999.0, 22.59, 9999.0, 22.75, 22.5, 22.25, 22.3, 22.25
2026-09-08, 23:54:58, 22.3, 22.5, 22.75, 22.75, 9999.0, 9999.0, 9999.0, 23.82, 9999.0, 22.61, 9999.0, 22.77, 22.5, 22.25, 22.3, 22.25
2026-09-08, 23:55:02, 22.3, 22.5, 22.75, 22.75, 9999.0, 9999.0, 9999.0, 23.84, 9999.0, 22.64, 9999.0, 22.77, 22.5, 22.25, 22.3, 22.25
2026-09-08, 23:55:06, 22.3, 22.5, 22.75, 22.75, 9999.0, 9999.0, 9999.0, 23.86, 9999.0, 22.66, 9999.0, 22.77, 22.5, 22.25, 22.3, 22.25
2026-09-08, 23:55:10, 22.32, 22.5, 22.75, 22.75, 9999.0, 9999.0, 9999.0, 23.86, 9999.0, 22.66, 9999.0, 22.77, 22.5, 22.25, 22.3, 22.25
2026-09-08, 23:55:14, 22.32, 22.5, 22.75, 22.75, 9999.0, 9999.0, 9999.0, 23.89, 9999.0, 22.66, 9999.0, 22.75, 22.5, 22.25, 22.3, 22.25
2026-09-08, 23:55:18, 22.3, 22.5, 22.75, 22.75, 9999.0, 9999.0, 9999.0, 23.91, 9999.0, 22.66, 9999.0, 22.75, 22.5, 22.25, 22.3, 22.25
2026-09-08, 23:55:22, 22.3, 22.5, 22.75, 22.75, 9999.0, 9999.0, 9999.0, 23.93, 9999.0, 22.64, 9999.0, 22.75, 22.5, 22.25, 22.27, 22.25
2026-09-08, 23:55:26, 22.27, 22.5, 22.75, 22.75, 9999.0, 9999.0, 9999.0, 23.95, 9999.0, 22.64, 9999.0, 22.73, 22.5, 22.25, 22.27, 22.25
2026-09-08, 23:55:30, 22.27, 22.5, 22.75, 22.75, 9999.0, 9999.0, 9999.0, 24.0, 9999.0, 22.61, 9999.0, 22.7, 22.5, 22.25, 22.27, 22.27
2026-09-08, 23:55:34, 22.3, 22.5, 22.75, 22.75, 9999.0, 9999.0, 9999.0, 24.02, 9999.0, 22.59, 9999.0, 22.68, 22.5, 22.25, 22.27, 22.3
2026-09-08, 23:55:38, 22.3, 22.5, 22.75, 22.75, 9999.0, 9999.0, 9999.0, 24.07, 9999.0, 22.57, 9999.0, 22.68, 22.5, 22.25, 22.25, 22.3
2026-09-08, 23:55:42, 22.3, 22.5, 22.75, 22.75, 9999.0, 9999.0, 9999.0, 24.05, 9999.0, 22.55, 9999.0, 22.68, 22.5, 22.25, 22.25, 22.3
2026-09-08, 23:55:46, 22.3, 22.5, 22.75, 22.75, 9999.0, 9999.0, 9999.0, 24.0, 9999.0, 22.52, 9999.0, 22.7, 22.5, 22.25, 22.27, 22.3
2026-09-08, 23:55:50, 22.3, 22.5, 22.75, 22.75, 9999.0, 9999.0, 9999.0, 23.95, 9999.0, 22.5, 9999.0, 22.73, 22.5, 22.25, 22.27, 22.3
2026-09-08, 23:55:54, 22.27, 22.5, 22.75, 22.75, 9999.0, 9999.0, 9999.0, 23.93, 9999.0, 22.5, 9999.0, 22.73, 22.5, 22.25, 22.27, 22.3
2026-09-08, 23:55:58, 22.27, 22.5, 22.75, 22.75, 9999.0, 9999.0, 9999.0, 23.91, 9999.0, 22.52, 9999.0, 22.73, 22.5, 22.25, 22.27, 22.3
2026-09-08, 23:56:02, 22.3, 22.5, 22.75, 22.75, 9999.0, 9999.0, 9999.0, 23.89, 9999.0, 22.55, 9999.0, 22.73, 22.5, 22.25, 22.27, 22.3
2026-09-08, 23:56:06, 22.3, 22.5, 22.75, 22.75, 9999.0, 9999.0, 9999.0, 23.84, 9999.0, 22.57, 9999.0, 22.73, 22.5, 22.25, 22.27, 22.3
2026-09-08, 23:56:10, 22.3, 22.5, 22.75, 22.75, 9999.0, 9999.0, 9999.0, 23.8, 9999.0, 22.59, 9999.0, 22.75, 22.5, 22.25, 22.27, 22.3
2026-09-08, 23:56:14, 22.3, 22.5, 22.75, 22.75, 9999.0, 9999.0, 9999.0, 23.75, 9999.0, 22.61, 9999.0, 22.77, 22.5, 22.25, 22.27, 22.27
2026-09-08, 23:56:18, 22.27, 22.5, 22.75, 22.75, 9999.0, 9999.0, 9999.0, 23.77, 9999.0, 22.64, 9999.0, 22.8, 22.5, 22.25, 22.27, 22.25
2026-09-08, 23:56:22, 22.27, 22.5, 22.75, 22.75, 9999.0, 9999.0, 9999.0, 23.8, 9999.0, 22.66, 9999.0, 22.8, 22.5, 22.25, 22.27, 22.25
2026-09-08, 23:56:26, 22.27, 22.5, 22.75, 22.75, 9999.0, 9999.0, 9999.0, 23.82, 9999.0, 22.68, 9999.0, 22.77, 22.5, 22.25, 22.27, 22.25
2026-09-08, 23:56:30, 22.27, 22.5, 22.75, 22.75, 9999.0, 9999.0, 9999.0, 23.86, 9999.0, 22.7, 9999.0, 22.75, 22.5, 22.25, 22.25, 22.25
2026-09-08, 23:56:34, 22.3, 22.5, 22.75, 22.75, 9999.0, 9999.0, 9999.0, 23.89, 9999.0, 22.7, 9999.0, 22.73, 22.5, 22.25, 22.25, 22.25
2026-09-08, 23:56:38, 22.3, 22.5, 22.75, 22.75, 9999.0, 9999.0, 9999.0, 23.91, 9999.0, 22.7, 9999.0, 22.73, 22.5, 22.25, 22.25, 22.25
2026-09-08, 23:56:42, 22.3, 22.5, 22.75, 22.75, 9999.0, 9999.0, 9999.0, 23.93, 9999.0, 22.68, 9999.0, 22.7, 22.5, 22.25, 22.25, 22.25
2026-09-08, 23:56:46, 22.27, 22.5, 22.75, 22.75, 9999.0, 9999.0, 9999.0, 23.95, 9999.0, 22.66, 9999.0, 22.68, 22.5, 22.25, 22.25, 22.25
2026-09-08, 23:56:50, 22.27, 22.5, 22.75, 22.75, 9999.0, 9999.0, 9999.0, 24.0, 9999.0, 22.64, 9999.0, 22.66, 22.5, 22.25, 22.25, 22.25
2026-09-08, 23:56:54, 22.27, 22.5, 22.75, 22.75, 9999.0, 9999.0, 9999.0, 24.05, 9999.0, 22.61, 9999.0, 22.66, 22.5, 22.25, 22.25, 22.25
2026-09-08, 23:56:58, 22.27, 22.5, 22.75, 22.75, 9999.0, 9999.0, 9999.0, 24.09, 9999.0, 22.57, 9999.0, 22.66, 22.5, 22.25, 22.25, 22.25
2026-09-08, 23:57:02, 22.27, 22.5, 22.75, 22.75, 9999.0, 9999.0, 9999.0, 24.07, 9999.0, 22.55, 9999.0, 22.66, 22.5, 22.25, 22.25, 22.25
2026-09-08, 23:57:06, 22.27, 22.5, 22.75, 22.75, 9999.0, 9999.0, 9999.0, 24.05, 9999.0, 22.5, 9999.0, 22.68, 22.5, 22.25, 22.25, 22.25
2026-09-08, 23:57:10, 22.27, 22.5, 22.75, 22.75, 9999.0, 9999.0, 9999.0, 24.0, 9999.0, 22.45, 9999.0, 22.7, 22.5, 22.25, 22.25, 22.25
2026-09-08, 23:57:14, 22.3, 22.5, 22.75, 22.75, 9999.0, 9999.0, 9999.0, 23.95, 9999.0, 22.43, 9999.0, 22.7, 22.5, 22.25, 22.25, 22.25
2026-09-08, 23:57:18, 22.27, 22.5, 22.75, 22.75, 9999.0, 9999.0, 9999.0, 23.93, 9999.0, 22.43, 9999.0, 22.7, 22.5, 22.25, 22.25, 22.25
2026-09-08, 23:57:22, 22.27, 22.5, 22.75, 22.75, 9999.0, 9999.0, 9999.0, 23.89, 9999.0, 22.45, 9999.0, 22.7, 22.5, 22.25, 22.27, 22.25
2026-09-08, 23:57:26, 22.3, 22.5, 22.75, 22.75, 9999.0, 9999.0, 9999.0, 23.84, 9999.0, 22.48, 9999.0, 22.73, 22.5, 22.25, 22.27, 22.25
2026-09-08, 23:57:31, 22.3, 22.5, 22.75, 22.75, 9999.0, 9999.0, 9999.0, 23.8, 9999.0, 22.48, 9999.0, 22.75, 22.5, 22.25, 22.27, 22.25
2026-09-08, 23:57:35, 22.3, 22.5, 22.75, 22.75, 9999.0, 9999.0, 9999.0, 23.84, 9999.0, 22.48, 9999.0, 22.77, 22.5, 22.25, 22.27, 22.27
2026-09-08, 23:57:39, 22.3, 22.5, 22.75, 22.75, 9999.0, 9999.0, 9999.0, 23.86, 9999.0, 22.48, 9999.0, 22.77, 22.5, 22.25, 22.27, 22.27
2026-09-08, 23:57:43, 22.3, 22.5, 22.75, 22.75, 9999.0, 9999.0, 9999.0, 23.89, 9999.0, 22.5, 9999.0, 22.77, 22.5, 22.25, 22.27, 22.27
2026-09-08, 23:57:47, 22.3, 22.5, 22.75, 22.75, 9999.0, 9999.0, 9999.0, 23.91, 9999.0, 22.5, 9999.0, 22.77, 22.5, 22.25, 22.27, 22.27
2026-09-08, 23:57:51, 22.3, 22.5, 22.75, 22.75, 9999.0, 9999.0, 9999.0, 23.91, 9999.0, 22.52, 9999.0, 22.73, 22.5, 22.25, 22.27, 22.27
2026-09-08, 23:57:55, 22.32, 22.5, 22.75, 22.75, 9999.0, 9999.0, 9999.0, 23.93, 9999.0, 22.55, 9999.0, 22.7, 22.5, 22.25, 22.27, 22.27
2026-09-08, 23:57:59, 22.3, 22.5, 22.75, 22.75, 9999.0, 9999.0, 9999.0, 23.95, 9999.0, 22.55, 9999.0, 22.68, 22.5, 22.25, 22.27, 22.27
2026-09-08, 23:58:03, 22.3, 22.5, 22.75, 22.75, 9999.0, 9999.0, 9999.0, 23.98, 9999.0, 22.55, 9999.0, 22.66, 22.5, 22.25, 22.27, 22.27
2026-09-08, 23:58:07, 22.3, 22.48, 22.75, 22.75, 9999.0, 9999.0, 9999.0, 24.02, 9999.0, 22.52, 9999.0, 22.64, 22.5, 22.25, 22.27, 22.27
2026-09-08, 23:58:11, 22.27, 22.48, 22.75, 22.75, 9999.0, 9999.0, 9999.0, 24.07, 9999.0, 22.5, 9999.0, 22.64, 22.5, 22.25, 22.27, 22.27
2026-09-08, 23:58:15, 22.27, 22.48, 22.75, 22.75, 9999.0, 9999.0, 9999.0, 24.11, 9999.0, 22.48, 9999.0, 22.64, 22.5, 22.25, 22.27, 22.27
2026-09-08, 23:58:19, 22.27, 22.48, 22.75, 22.75, 9999.0, 9999.0, 9999.0, 24.07, 9999.0, 22.48, 9999.0, 22.64, 22.5, 22.25, 22.27, 22.25
2026-09-08, 23:58:23, 22.27, 22.48, 22.75, 22.75, 9999.0, 9999.0, 9999.0, 24.02, 9999.0, 22.45, 9999.0, 22.64, 22.5, 22.25, 22.27, 22.25
2026-09-08, 23:58:27, 22.27, 22.48, 22.75, 22.75, 9999.0, 9999.0, 9999.0, 23.98, 9999.0, 22.43, 9999.0, 22.64, 22.5, 22.25, 22.27, 22.25
2026-09-08, 23:58:31, 22.27, 22.48, 22.75, 22.75, 9999.0, 9999.0, 9999.0, 23.93, 9999.0, 22.43, 9999.0, 22.64, 22.5, 22.25, 22.27, 22.25
2026-09-08, 23:58:35, 22.27, 22.48, 22.75, 22.75, 9999.0, 9999.0, 9999.0, 23.91, 9999.0, 22.43, 9999.0, 22.66, 22.5, 22.25, 22.27, 22.25
2026-09-08, 23:58:39, 22.25, 22.48, 22.75, 22.75, 9999.0, 9999.0, 9999.0, 23.86, 9999.0, 22.43, 9999.0, 22.68, 22.5, 22.25, 22.27, 22.25
2026-09-08, 23:58:43, 22.25, 22.48, 22.75, 22.75, 9999.0, 9999.0, 9999.0, 23.82, 9999.0, 22.45, 9999.0, 22.7, 22.5, 22.25, 22.27, 22.25
2026-09-08, 23:58:47, 22.27, 22.48, 22.75, 22.75, 9999.0, 9999.0, 9999.0, 23.77, 9999.0, 22.48, 9999.0, 22.73, 22.5, 22.25, 22.27, 22.25
2026-09-08, 23:58:51, 22.27, 22.5, 22.75, 22.75, 9999.0, 9999.0, 9999.0, 23.8, 9999.0, 22.48, 9999.0, 22.75, 22.5, 22.25, 22.25, 22.25
2026-09-08, 23:58:55, 22.27, 22.5, 22.75, 22.75, 9999.0, 9999.0, 9999.0, 23.82, 9999.0, 22.48, 9999.0, 22.75, 22.5, 22.25, 22.25, 22.25
2026-09-08, 23:58:59, 22.27, 22.5, 22.75, 22.75, 9999.0, 9999.0, 9999.0, 23.82, 9999.0, 22.5, 9999.0, 22.75, 22.5, 22.25, 22.25, 22.25
2026-09-08, 23:59:03, 22.27, 22.5, 22.75, 22.75, 9999.0, 9999.0, 9999.0, 23.82, 9999.0, 22.5, 9999.0, 22.75, 22.5, 22.25, 22.25, 22.25
2026-09-08, 23:59:07, 22.27, 22.5, 22.75, 22.75, 9999.0, 9999.0, 9999.0, 23.84, 9999.0, 22.52, 9999.0, 22.75, 22.5, 22.25, 22.25, 22.25
2026-09-08, 23:59:11, 22.27, 22.5, 22.75, 22.75, 9999.0, 9999.0, 9999.0, 23.86, 9999.0, 22.55, 9999.0, 22.73, 22.5, 22.25, 22.25, 22.25
2026-09-08, 23:59:15, 22.27, 22.5, 22.75, 22.75, 9999.0, 9999.0, 9999.0, 23.89, 9999.0, 22.55, 9999.0, 22.7, 22.5, 22.25, 22.25, 22.25
2026-09-08, 23:59:19, 22.3, 22.5, 22.75, 22.75, 9999.0, 9999.0, 9999.0, 23.91, 9999.0, 22.52, 9999.0, 22.68, 22.5, 22.25, 22.25, 22.25
2026-09-08, 23:59:23, 22.3, 22.5, 22.75, 22.75, 9999.0, 9999.0, 9999.0, 23.95, 9999.0, 22.52, 9999.0, 22.66, 22.5, 22.25, 22.25, 22.25
2026-09-08, 23:59:27, 22.3, 22.5, 22.75, 22.75, 9999.0, 9999.0, 9999.0, 24.0, 9999.0, 22.48, 9999.0, 22.66, 22.5, 22.25, 22.25, 22.25
2026-09-08, 23:59:31, 22.27, 22.5, 22.75, 22.75, 9999.0, 9999.0, 9999.0, 24.02, 9999.0, 22.43, 9999.0, 22.66, 22.5, 22.25, 22.25, 22.25
2026-09-08, 23:59:35, 22.27, 22.5, 22.75, 22.75, 9999.0, 9999.0, 9999.0, 23.98, 9999.0, 22.41, 9999.0, 22.66, 22.5, 22.25, 22.27, 22.25
2026-09-08, 23:59:39, 22.27, 22.5, 22.75, 22.75, 9999.0, 9999.0, 9999.0, 23.93, 9999.0, 22.39, 9999.0, 22.68, 22.5, 22.25, 22.27, 22.25
2026-09-08, 23:59:43, 22.27, 22.5, 22.75, 22.75, 9999.0, 9999.0, 9999.0, 23.91, 9999.0, 22.36, 9999.0, 22.7, 22.5, 22.25, 22.27, 22.25
2026-09-08, 23:59:47, 22.3, 22.5, 22.75, 22.75, 9999.0, 9999.0, 9999.0, 23.86, 9999.0, 22.34, 9999.0, 22.73, 22.5, 22.25, 22.3, 22.25
2026-09-08, 23:59:51, 22.32, 22.5, 22.75, 22.75, 9999.0, 9999.0, 9999.0, 23.84, 9999.0, 22.34, 9999.0, 22.73, 22.5, 22.25, 22.3, 22.25
2026-09-08, 23:59:55, 22.32, 22.5, 22.75, 22.75, 9999.0, 9999.0, 9999.0, 23.8, 9999.0, 22.34, 9999.0, 22.75, 22.5, 22.25, 22.3, 22.25
2026-09-08, 23:59:59, 22.32, 22.5, 22.75, 22.75, 9999.0, 9999.0, 9999.0, 23.75, 9999.0, 22.36, 9999.0, 22.77, 22.5, 22.25, 22.3, 22.25
